Date,Open,High,Low,Close,Volume,Dividends,Stock Splits
2022-01-04 00:00:00-05:00,14.42968741142343,14.469113690883416,14.279872061351822,14.319296836853027,1833300,0.0,0.0
2022-01-05 00:00:00-05:00,14.311411491745453,14.374492034529414,14.201020917863213,14.208906173706055,4179300,0.0,0.0
2022-01-06 00:00:00-05:00,14.193136651261785,14.335068258407825,14.098515078511468,14.137941360473633,1824500,0.0,0.0
2022-01-07 00:00:00-05:00,14.122171124678493,14.224677955831796,14.051205319713564,14.130056381225586,1280900,0.0,0.0
2022-01-10 00:00:00-05:00,14.145822835452837,14.145822835452837,13.917154973075629,13.99600601196289,2492700,0.0,0.0
2022-01-11 00:00:00-05:00,14.035432062053792,14.035432062053792,13.82253619274874,13.830421447753906,3914000,0.0,0.0
2022-01-12 00:00:00-05:00,13.822534446984871,13.838303451044991,13.704257140804215,13.727912902832031,3181400,0.0,0.0
2022-01-13 00:00:00-05:00,13.735799217534066,13.877730792744218,13.696374448401706,13.83830451965332,2854600,0.0,0.0
2022-01-14 00:00:00-05:00,13.814651949015541,13.86196197855116,13.649064589702796,13.688490867614746,2112100,0.0,0.0
2022-01-17 00:00:00-05:00,13.806765005139141,13.885616047362397,13.727913962915885,13.83830451965332,1365900,0.0,0.0
2022-01-18 00:00:00-05:00,13.798882847206759,13.901388172329817,13.704261274512579,13.885619163513184,2221700,0.0,0.0
2022-01-19 00:00:00-05:00,13.909271764493646,13.996008070422201,13.798881196190901,13.96446704864502,1611700,0.0,0.0
2022-01-20 00:00:00-05:00,13.996006011962889,14.177362348632656,13.964464994824596,13.99600601196289,1574900,0.0,0.0
2022-01-21 00:00:00-05:00,13.956583730641821,13.972352738061492,13.846191654951674,13.893503189086914,2873200,0.0,0.0
2022-01-24 00:00:00-05:00,13.79887949557681,13.822535258994291,13.515016350401078,13.759454727172852,4106800,0.0,0.0
2022-01-25 00:00:00-05:00,13.617522239685057,13.78310806060693,13.530785950273557,13.617522239685059,2512900,0.0,0.0
2022-01-26 00:00:00-05:00,13.696373665040884,13.854074236509211,13.64906214003778,13.720027923583984,2067000,0.0,0.0
2022-01-27 00:00:00-05:00,13.81465228772484,13.980238147138715,13.81465228772484,13.86196231842041,2178700,0.0,0.0
2022-01-28 00:00:00-05:00,13.869845331398015,14.09062794554069,13.822535308352624,14.082742691040039,2015600,0.0,0.0
2022-01-31 00:00:00-05:00,14.082742632842198,14.342950014454289,14.06697212390607,14.311408996582031,2226800,0.0,0.0
2022-02-01 00:00:00-05:00,14.350836960189637,14.358720711628303,14.122169065542446,14.177364349365234,1456800,0.0,0.0
2022-02-02 00:00:00-05:00,14.208905468039282,14.374491320639036,14.185249701685589,14.27198600769043,1512900,0.0,0.0
2022-02-03 00:00:00-05:00,14.224673562181298,14.279868837003583,14.114281508578284,14.145822525024414,1283000,0.0,0.0
2022-02-04 00:00:00-05:00,14.122169771172208,14.177365057752889,14.011779198010846,14.11428451538086,1133100,0.0,0.0
2022-02-07 00:00:00-05:00,14.10639925958951,14.201020825126935,14.090630251965575,14.11428451538086,1112600,0.0,0.0
2022-02-08 00:00:00-05:00,14.153706826549385,14.256212115183514,14.153706826549385,14.161590576171875,1396200,0.0,0.0
2022-02-09 00:00:00-05:00,14.232560130152038,14.303525927247474,14.22467637843809,14.28775691986084,2683600,0.0,0.0
2022-02-10 00:00:00-05:00,14.216791336709635,14.264101367498967,14.082744996174226,14.11428451538086,1568100,0.0,0.0
2022-02-11 00:00:00-05:00,14.074860449963131,14.16948051631204,13.980238879655385,14.051204681396484,1363400,0.0,0.0
2022-02-14 00:00:00-05:00,14.035432289111588,14.106398081347525,13.901385959772448,13.980237007141113,1677300,0.0,0.0
2022-02-15 00:00:00-05:00,14.019664516527152,14.066974547528153,13.948698718046268,13.972352981567383,1108200,0.0,0.0
2022-02-16 00:00:00-05:00,13.956582470438923,14.051202522248243,13.917156195552868,13.98812198638916,1604200,0.0,0.0
2022-02-17 00:00:00-05:00,13.95658489027796,14.09851499260025,13.940814377589193,14.043319702148438,1072200,0.0,0.0
2022-02-18 00:00:00-05:00,14.066971796565577,14.169477094348084,13.980235503393743,13.99600601196289,1444300,0.0,0.0
2022-02-22 00:00:00-05:00,13.98023824027159,13.996008751928091,13.846191899108856,13.956583976745605,2468800,0.0,0.0
2022-02-23 00:00:00-05:00,13.948696411749431,14.05908696715256,13.909270139135085,13.940811157226562,2128900,0.0,0.0
2022-02-24 00:00:00-05:00,13.798878595936445,14.185247016147656,13.743683322186046,14.153707504272461,2292800,0.0,0.0
2022-02-25 00:00:00-05:00,14.18524807955701,14.342950162630492,14.130052801668848,14.26409912109375,2516400,0.0,0.0
2022-02-28 00:00:00-05:00,14.224674834645013,14.547962762345255,14.224674834645013,14.461226463317871,4266000,0.0,0.0
2022-03-01 00:00:00-05:00,14.484879769766609,14.603155564032306,14.33506296158562,14.49276351928711,2040500,0.0,0.0
2022-03-02 00:00:00-05:00,14.476998451251074,14.587389022042982,14.45334268438478,14.516423225402832,2882500,0.0,0.0
2022-03-03 00:00:00-05:00,14.54796163916455,14.60315691466294,14.44545483841743,14.579501152038574,1557300,0.0,0.0
2022-03-04 00:00:00-05:00,14.54796361452508,14.752974235939279,14.445456799859318,14.74509048461914,2400700,0.0,0.0
2022-03-07 00:00:00-05:00,14.737208005203204,15.210312883333508,14.705666978147008,15.139347076416016,4498000,0.0,0.0
2022-03-08 00:00:00-05:00,15.210308773589546,15.438975142126747,15.147226736521583,15.162997245788574,3619300,0.0,0.0
2022-03-09 00:00:00-05:00,15.178765165382117,15.375891985711755,15.139340402899503,15.155109405517578,4002500,0.0,0.0
2022-03-10 00:00:00-05:00,15.139341342462377,15.28127139858308,15.013180289938388,15.226076126098633,4443700,0.0,0.0
2022-03-11 00:00:00-05:00,15.24973354279848,15.273389306698968,15.139342985846628,15.162997245788574,2734100,0.0,0.0
2022-03-14 00:00:00-04:00,15.178769222419678,15.273390783210349,14.784515476382802,14.894906044006348,2368600,0.0,0.0
2022-03-15 00:00:00-04:00,14.894905367416383,15.021066440100716,14.823939576036619,14.871251106262207,1644600,0.0,0.0
2022-03-16 00:00:00-04:00,14.871252211765116,14.957987015709172,14.760860136991006,14.83971118927002,1451500,0.0,0.0
2022-03-17 00:00:00-04:00,14.855482158433269,15.076264810828315,14.800286871324202,15.03683853149414,1150700,0.0,0.0
2022-03-18 00:00:00-04:00,15.028950924936234,15.210308773589546,14.9895261557273,15.162997245788574,5820600,0.0,0.0
2022-03-21 00:00:00-04:00,15.13145923614502,15.281274577206014,15.099918214474057,15.13145923614502,2859700,0.0,0.0
2022-03-22 00:00:00-04:00,15.186651940381285,15.194537194459572,14.997410354377715,15.052605628967285,1599500,0.0,0.0
2022-03-23 00:00:00-04:00,15.05260454440494,15.068375051425225,14.902787735628888,15.028948783874512,2547300,0.0,0.0
2022-03-24 00:00:00-04:00,15.060493191406133,15.099917963881866,14.997412653069759,15.084147453308105,3338500,0.0,0.0
2022-03-25 00:00:00-04:00,15.099917387795147,15.265504734584862,15.084146877823057,15.170883178710938,3442500,0.0,0.0
2022-03-28 00:00:00-04:00,15.186656632623398,15.37589827709722,15.155115606564978,15.28127670288086,1555100,0.0,0.0
2022-03-29 00:00:00-04:00,15.336471834027964,15.391667119681,15.26550603705728,15.32858657836914,1813300,0.0,0.0
2022-03-30 00:00:00-04:00,15.370840331125464,15.458535997114733,15.227336396899611,15.41867446899414,1496700,0.213,0.0
2022-03-31 00:00:00-04:00,15.410700108288875,15.610010767485894,15.394754890604396,15.458534240722656,2971100,0.0,0.0
2022-04-01 00:00:00-04:00,15.474482265877695,15.586095768679307,15.330978321921375,15.554206848144531,3202000,0.0,0.0
2022-04-04 00:00:00-04:00,15.514342109414988,15.586094073589653,15.370839701685425,15.570150375366211,3037400,0.0,0.0
2022-04-05 00:00:00-04:00,15.602036744399692,15.785402169291107,15.586091528160566,15.649870872497559,3487100,0.0,0.0
2022-04-06 00:00:00-04:00,15.602038401393086,15.992687117022925,15.594065792426802,15.98471450805664,2602600,0.0,0.0
2022-04-07 00:00:00-04:00,15.984718535374284,16.05647051352893,15.873105022964868,16.00066375732422,2522600,0.0,0.0
2022-04-08 00:00:00-04:00,16.00862903286038,16.088353585458783,15.881070356950687,15.897015571594238,2178500,0.0,0.0
2022-04-11 00:00:00-04:00,15.857156708809395,15.881074537070228,15.610011899259833,15.825267791748047,4663900,0.0,0.0
2022-04-12 00:00:00-04:00,15.785403577011769,15.928907494722363,15.649872268131723,15.809321403503418,1982800,0.0,0.0
2022-04-13 00:00:00-04:00,15.809321878184866,15.865128621054685,15.625956431435549,15.745542526245117,2180700,0.0,0.0
2022-04-14 00:00:00-04:00,15.745538491031015,15.809317826625609,15.68973176246316,15.729593276977539,2062100,0.0,0.0
2022-04-18 00:00:00-04:00,15.721620854683716,15.77742910452664,15.554200667012918,15.617980003356934,2333800,0.0,0.0
2022-04-19 00:00:00-04:00,15.61798407982807,15.785404311197448,15.61798407982807,15.665818214416504,1711800,0.0,0.0
2022-04-20 00:00:00-04:00,15.681765393887101,15.857158256391422,15.602040812523352,15.769462585449219,1879500,0.0,0.0
2022-04-21 00:00:00-04:00,15.769462641148692,15.881076143080225,15.610013477857999,15.673792839050293,2418400,0.0,0.0
2022-04-22 00:00:00-04:00,15.713653470732929,15.737571300044396,15.426647122094497,15.450563430786133,18966700,0.0,0.0
2022-04-25 00:00:00-04:00,15.386779291948896,15.5223105746925,15.123689333754765,15.322999954223633,3365300,0.0,0.0
2022-04-26 00:00:00-04:00,15.275171400762755,15.41867534312427,15.115722238001092,15.155585289001465,3463300,0.0,0.0
2022-04-27 00:00:00-04:00,15.155581395978494,15.211388132423993,15.004104882326764,15.051939010620117,1506500,0.0,0.0
2022-04-28 00:00:00-04:00,15.08383278352486,15.195446281132531,15.035998644638694,15.115721702575684,1840500,0.0,0.0
2022-04-29 00:00:00-04:00,15.099773123144779,15.099773123144779,14.796820126666512,14.828710556030273,2847100,0.0,0.0
2022-05-02 00:00:00-04:00,14.77290714562329,14.860602804845385,14.493871908451853,14.637375831604004,1674600,0.0,0.0
2022-05-03 00:00:00-04:00,14.629401296070908,14.804794112039074,14.49386999989839,14.509815216064453,2850500,0.0,0.0
2022-05-04 00:00:00-04:00,14.350368546070099,14.390230072672386,14.087278516883604,14.254698753356934,3447800,0.0,0.0
2022-05-05 00:00:00-04:00,14.262669768176224,14.302532810941427,14.071331724762041,14.151056289672852,3216200,0.0,0.0
2022-05-06 00:00:00-04:00,14.079307605181212,14.25470047224856,14.039446073772254,14.182950019836426,1989300,0.0,0.0
2022-05-09 00:00:00-04:00,14.071333039505756,14.222809574927423,13.959719550573867,14.079305648803711,2969300,0.0,0.0
2022-05-10 00:00:00-04:00,14.135112393269656,14.310506756585188,13.919856504084091,14.079305648803711,4073700,0.0,0.0
2022-05-11 00:00:00-04:00,13.983636313106077,14.119166098986577,13.911884355510738,13.94377326965332,1866100,0.0,0.0
2022-05-12 00:00:00-04:00,13.872022995445187,13.943774961747716,13.808243638800695,13.92782974243164,1871300,0.0,0.0
2022-05-13 00:00:00-04:00,14.16700067159164,14.549676735860102,14.079303503297803,14.509815216064453,2503700,0.0,0.0
2022-05-16 00:00:00-04:00,14.46995433733509,14.581569346552337,14.366313458011648,14.430092811584473,1822100,0.0,0.0
2022-05-17 00:00:00-04:00,14.485898724211186,14.741016123855555,14.4699535065785,14.693181991577148,1644900,0.0,0.0
2022-05-18 00:00:00-04:00,14.67723735664862,14.908438459642575,14.56562387002793,14.637375831604004,1798500,0.0,0.0
2022-05-19 00:00:00-04:00,14.54967906302192,14.812769089364101,14.517788625589048,14.725071907043457,2182000,0.0,0.0
2022-05-20 00:00:00-04:00,14.709127688672146,14.772907040662206,14.597512682224767,14.756961822509766,1523300,0.0,0.0
2022-05-24 00:00:00-04:00,14.844660064398282,14.964246167862871,14.788851796869652,14.892494201660156,1644500,0.0,0.0
2022-05-25 00:00:00-04:00,14.93235359868738,15.01207816316173,14.836685337813831,14.876546859741211,2861200,0.0,0.0
2022-05-26 00:00:00-04:00,14.87654610467362,14.940325448892027,14.74898741623681,14.764932632446289,1103500,0.0,0.0
2022-05-27 00:00:00-04:00,14.764934953834546,14.844659526796974,14.68521038087212,14.725071907043457,2294100,0.0,0.0
2022-05-30 00:00:00-04:00,14.709127947547293,14.733044254577171,14.65331968303155,14.677237510681152,555900,0.0,0.0
2022-05-31 00:00:00-04:00,14.637373974182182,14.828712007231813,14.581567237953479,14.669262886047363,6736200,0.0,0.0
2022-06-01 00:00:00-04:00,14.637375981227896,14.645348590442257,14.414147485084955,14.422120094299316,2034900,0.0,0.0
2022-06-02 00:00:00-04:00,14.438062178225579,14.67723432025326,14.350365016526379,14.653316497802734,1224900,0.0,0.0
2022-06-03 00:00:00-04:00,14.557650575411989,14.772906450004358,14.557650575411989,14.685209274291992,1243800,0.0,0.0
2022-06-06 00:00:00-04:00,14.748990488976679,14.868576594222793,14.709128960767917,14.78088092803955,2636000,0.0,0.0
2022-06-07 00:00:00-04:00,14.741014838518414,14.764932662881936,14.549676805468783,14.669262886047363,1350700,0.0,0.0
2022-06-08 00:00:00-04:00,14.605484962463379,14.733043663571557,14.54170561190929,14.605484962463379,2063800,0.0,0.0
2022-06-09 00:00:00-04:00,14.629402891462815,14.693182242462939,14.461981144700193,14.485898971557617,3307000,0.0,0.0
2022-06-10 00:00:00-04:00,14.430093027368203,14.50981760068135,14.358341063448348,14.446038246154785,3852300,0.0,0.0
2022-06-13 00:00:00-04:00,14.270643079283799,14.34239503917397,14.087277635395438,14.230781555175781,4862300,0.0,0.0
2022-06-14 00:00:00-04:00,14.190918638962907,14.262670599502874,13.600959257227384,13.63284969329834,2522800,0.0,0.0
2022-06-15 00:00:00-04:00,13.67271174138127,13.84810610524911,13.569070861420974,13.72851848602295,1714800,0.0,0.0
2022-06-16 00:00:00-04:00,13.569071713115674,13.616905851436714,13.353815809741233,13.465429306030273,2088300,0.0,0.0
2022-06-17 00:00:00-04:00,13.585015861568369,13.712574567446218,13.409621500521537,13.4574556350708,4304000,0.0,0.0
2022-06-20 00:00:00-04:00,13.473400332763672,13.624876860372009,13.465427723876953,13.48934555053711,650100,0.0,0.0
2022-06-21 00:00:00-04:00,13.553125812917765,13.63285038652947,13.465428629882913,13.585016250610352,1639700,0.0,0.0
2022-06-22 00:00:00-04:00,13.553123818656088,13.792295983678674,13.505289689775479,13.70460033416748,1138800,0.0,0.0
2022-06-23 00:00:00-04:00,13.736490265567515,14.007552883698546,13.736490265567515,13.991607666015625,1599100,0.0,0.0
2022-06-24 00:00:00-04:00,14.071331582109256,14.310505274416979,14.055386365164823,14.238753318786621,1556600,0.0,0.0
2022-06-27 00:00:00-04:00,14.254700135302558,14.422121908626638,14.174977074369098,14.286590576171875,3351500,0.0,0.0
2022-06-28 00:00:00-04:00,14.350367271872583,14.438064447354531,14.167001832791813,14.17497444152832,2477800,0.0,0.0
2022-06-29 00:00:00-04:00,14.145083692613442,14.217788414147588,13.991595775951211,14.031988143920898,2900000,0.233,0.0
2022-06-30 00:00:00-04:00,13.910810924063334,14.015829527465648,13.86234162908363,13.97543716430664,3235300,0.0,0.0
2022-07-04 00:00:00-04:00,14.120848858110548,14.274336781145394,14.112770384181204,14.137005805969238,667300,0.0,0.0
2022-07-05 00:00:00-04:00,14.137005976102406,14.250101530851586,13.741169993668903,14.01583194732666,2895400,0.0,0.0
2022-07-06 00:00:00-04:00,14.040066906159137,14.258181099182396,14.040066906159137,14.161242485046387,3289100,0.0,0.0
2022-07-07 00:00:00-04:00,14.193556983290414,14.225870886749865,14.04814749934633,14.072382926940918,2883600,0.0,0.0
2022-07-08 00:00:00-04:00,14.023911945815605,14.145085987763515,13.902736363056155,14.120850563049316,2037700,0.0,0.0
2022-07-11 00:00:00-04:00,14.096616040827653,14.193554653671818,13.959285055288861,14.040066719055176,4042300,0.0,0.0
2022-07-12 00:00:00-04:00,14.023910117329562,14.169319565032682,13.935048445775136,13.991596221923828,1013600,0.0,0.0
2022-07-13 00:00:00-04:00,13.886580325250002,14.12084992363296,13.813875595211144,14.040066719055176,2049000,0.0,0.0
2022-07-14 00:00:00-04:00,13.975440016219197,14.096615589612933,13.910813762787868,14.080458641052246,1986300,0.0,0.0
2022-07-15 00:00:00-04:00,14.12892750207584,14.161241398182105,13.87850097049778,14.01583194732666,1582900,0.0,0.0
2022-07-18 00:00:00-04:00,14.05622034981355,14.128925062688658,13.94312481459054,13.97543716430664,2288600,0.0,0.0
2022-07-19 00:00:00-04:00,14.031986472729251,14.080455767708955,13.951203287222341,13.97543716430664,1044200,0.0,0.0
2022-07-20 00:00:00-04:00,13.991595428887676,13.991595428887676,13.838107516032734,13.870421409606934,1147300,0.0,0.0
2022-07-21 00:00:00-04:00,13.886579963194237,13.91081384536771,13.79771828639436,13.846187591552734,1196200,0.0,0.0
2022-07-22 00:00:00-04:00,13.894659477432226,13.999676569937005,13.894659477432226,13.959285736083984,881700,0.0,0.0
2022-07-25 00:00:00-04:00,13.92696956724811,14.064300537109375,13.878500266359222,14.064300537109375,1222500,0.0,0.0
2022-07-26 00:00:00-04:00,14.056222607487143,14.185475108733954,14.048144133557798,14.137005805969238,1183000,0.0,0.0
2022-07-27 00:00:00-04:00,14.169321377899488,14.225869161283079,14.08853816986084,14.08853816986084,897400,0.0,0.0
2022-07-28 00:00:00-04:00,14.185475075509826,14.460137025218845,14.15316272067948,14.403589248657227,1350300,0.0,0.0
2022-07-29 00:00:00-04:00,14.435904538106977,14.540921627459346,14.3874336899645,14.468216896057129,1416300,0.0,0.0
2022-08-02 00:00:00-04:00,14.484372341542338,14.621703315397442,14.443979972284167,14.500529289245605,1742800,0.0,0.0
2022-08-03 00:00:00-04:00,14.508607112279746,14.557077958362873,14.371277670811853,14.524764060974121,1178800,0.0,0.0
2022-08-04 00:00:00-04:00,14.548999599657352,14.815583091987737,14.540921125245953,14.775192260742188,1371100,0.0,0.0
2022-08-05 00:00:00-04:00,14.742879467081947,14.823662676433749,14.573236114173566,14.710565567016602,832300,0.0,0.0
2022-08-08 00:00:00-04:00,14.76711517242661,14.880210743178871,14.750958222087261,14.83981990814209,999400,0.0,0.0
2022-08-09 00:00:00-04:00,14.847896675982936,14.928679885962117,14.783270416161907,14.855975151062012,1132500,0.0,0.0
2022-08-10 00:00:00-04:00,14.944834506538552,15.025617703925352,14.896365204431007,14.928677558898926,1163900,0.0,0.0
2022-08-11 00:00:00-04:00,14.928680320101602,15.025620483058042,14.864054058401182,14.920601844787598,982600,0.0,0.0
2022-08-12 00:00:00-04:00,14.969072696671626,15.082168269444455,14.823663222642775,14.920601844787598,1201100,0.0,0.0
2022-08-15 00:00:00-04:00,14.952913852934984,15.179106510655219,14.952913852934984,15.162949562072754,1382600,0.0,0.0
2022-08-16 00:00:00-04:00,15.114480084817977,15.171029409976683,15.057932300470835,15.090246200561523,995000,0.0,0.0
2022-08-17 00:00:00-04:00,15.057933906622962,15.162952552307935,15.049855430738601,15.066012382507324,845500,0.0,0.0
2022-08-18 00:00:00-04:00,15.033696926471638,15.106401653659555,14.993304555360902,15.017539978027344,835900,0.0,0.0
2022-08-19 00:00:00-04:00,15.00946109950386,15.025618047512944,14.920599426265266,14.985225677490234,1014300,0.0,0.0
2022-08-22 00:00:00-04:00,14.928678475837351,14.99330472955395,14.823661391352163,14.896366119384766,809100,0.0,0.0
2022-08-23 00:00:00-04:00,14.872131448066241,14.904445346963382,14.775192832997831,14.880209922790527,848900,0.0,0.0
2022-08-24 00:00:00-04:00,14.928676101836329,15.00945929133856,14.799423614957233,14.993302345275879,1039700,0.0,0.0
2022-08-25 00:00:00-04:00,15.009462557257654,15.03369798162508,14.912522400599466,15.025619506835938,791100,0.0,0.0
2022-08-26 00:00:00-04:00,15.033698958372046,15.090246744758462,14.831741697956781,14.920601844787598,1462700,0.0,0.0
2022-08-29 00:00:00-04:00,14.847895109302716,14.960992207664724,14.79942580475409,14.912521362304688,969400,0.0,0.0
2022-08-30 00:00:00-04:00,14.920602035782977,14.99330677372808,14.767115625286996,14.79942798614502,1191300,0.0,0.0
2022-08-31 00:00:00-04:00,14.759035807040666,14.799426639641206,14.484373831084799,14.573235511779785,3168500,0.0,0.0
2022-09-01 00:00:00-04:00,14.540922398473024,14.613627133730315,14.435905303552257,14.589391708374023,2944900,0.0,0.0
2022-09-02 00:00:00-04:00,14.621703456050454,14.75903443122661,14.484372480874299,14.54092025756836,2102100,0.0,0.0
2022-09-06 00:00:00-04:00,14.597471032564002,14.597471032564002,14.371279879328391,14.44398307800293,1362500,0.0,0.0
2022-09-07 00:00:00-04:00,14.492451256902891,14.637860709039492,14.443980412316433,14.565155982971191,2199100,0.0,0.0
2022-09-08 00:00:00-04:00,14.532842837346799,14.68633077151033,14.500530480097957,14.548999786376953,1832400,0.0,0.0
2022-09-09 00:00:00-04:00,14.597469409480738,14.629783308242388,14.460138421366716,14.468216896057129,2240200,0.0,0.0
2022-09-12 00:00:00-04:00,14.484373965606595,14.62978342961741,14.42782618311606,14.613626480102539,2777000,0.0,0.0
2022-09-13 00:00:00-04:00,14.540924044428033,14.581314883782298,14.338966766033199,14.371280670166016,2032000,0.0,0.0
2022-09-14 00:00:00-04:00,14.363200087397114,14.492452603346635,14.347043137700542,14.355121612548828,871500,0.0,0.0
2022-09-15 00:00:00-04:00,14.322806459330588,14.379354237506844,14.233946325401355,14.33088493347168,1497100,0.0,0.0
2022-09-16 00:00:00-04:00,14.314728880896984,14.36319972877648,14.145085535753221,14.161242485046387,3522700,0.0,0.0
2022-09-19 00:00:00-04:00,14.145086388452853,14.177398748175559,14.048146227661567,14.153164863586426,2039700,0.0,0.0
2022-09-20 00:00:00-04:00,14.128927120486201,14.169319489528128,13.75732657016847,13.821952819824219,2851300,0.0,0.0
2022-09-21 00:00:00-04:00,13.894658437522537,14.05622330165426,13.773482863409457,13.846187591552734,2898700,0.0,0.0
2022-09-22 00:00:00-04:00,13.80579587220745,13.83810822662966,13.708855727318157,13.821952819824219,2222000,0.0,0.0
2022-09-23 00:00:00-04:00,13.716935056954018,13.741170479891272,13.58768254957819,13.708856582641602,2367100,0.0,0.0
2022-09-26 00:00:00-04:00,13.668466198099651,13.67654467267579,13.135299202566204,13.232237815856934,3003800,0.0,0.0
2022-09-27 00:00:00-04:00,13.321098845018515,13.329177319200246,12.941419803345521,12.957576751708984,2594900,0.0,0.0
2022-09-28 00:00:00-04:00,13.095422218467258,13.103627558014622,12.767216461615146,12.980549812316895,1806600,0.248,0.0
2022-09-29 00:00:00-04:00,12.906702066433345,12.906702066433345,12.332341656537185,12.439008712768555,3166900,0.0,0.0
2022-09-30 00:00:00-04:00,12.47183102203835,12.676959824316954,12.365163950952962,12.381574630737305,3941900,0.0,0.0
2022-10-03 00:00:00-04:00,12.521062952905977,12.947730477711106,12.480037033740942,12.79183292388916,4888400,0.0,0.0
2022-10-04 00:00:00-04:00,12.931318517499937,13.144652637136078,12.898497943902392,13.0133695602417,2741200,0.0,0.0
2022-10-05 00:00:00-04:00,12.972345971433496,12.980550528929559,12.586703598964057,12.676959991455078,2128200,0.0,0.0
2022-10-06 00:00:00-04:00,12.67696115730748,12.693371838817416,12.192857007825426,12.217473030090332,4008800,0.0,0.0
2022-10-07 00:00:00-04:00,12.283112631036744,12.356959123443453,12.036957917182473,12.094393730163574,2637400,0.0,0.0
2022-10-11 00:00:00-04:00,12.143625520289369,12.143625520289369,11.848239537664735,11.971317291259766,4000900,0.0,0.0
2022-10-12 00:00:00-04:00,11.938498078973556,11.954907978493917,11.593881581497705,11.610291481018066,3498700,0.0,0.0
2022-10-13 00:00:00-04:00,11.503624307526518,11.930291835331879,11.372341208774387,11.840035438537598,4764400,0.0,0.0
2022-10-14 00:00:00-04:00,11.946702764826483,12.02875382293737,11.667727445739912,11.684137344360352,2493300,0.0,0.0
2022-10-17 00:00:00-04:00,11.848239537664735,12.135420180215508,11.815418959873588,11.971317291259766,4049000,0.0,0.0
2022-10-18 00:00:00-04:00,12.10259839196336,12.209265454742189,12.02875190369308,12.143624305725098,2100700,0.0,0.0
2022-10-19 00:00:00-04:00,12.077983274635637,12.077983274635637,11.864649146995019,11.938495635986328,1837500,0.0,0.0
2022-10-20 00:00:00-04:00,11.987726796047566,11.995932135852527,11.651315689086914,11.651315689086914,2390000,0.0,0.0
2022-10-21 00:00:00-04:00,11.651317223246114,11.831830810202574,11.577470720286454,11.774394989013672,1669100,0.0,0.0
2022-10-24 00:00:00-04:00,11.864648615878043,11.913879867169838,11.73336632243885,11.823622703552246,1699800,0.0,0.0
2022-10-25 00:00:00-04:00,11.84823869635252,12.04516293162064,11.78259754543123,12.020546913146973,2700000,0.0,0.0
2022-10-26 00:00:00-04:00,12.053367585781297,12.168239992071774,11.963111198162938,12.01234245300293,2257300,0.0,0.0
2022-10-27 00:00:00-04:00,12.102599268694934,12.250292255934614,12.028752775075095,12.135419845581055,2144400,0.0,0.0
2022-10-28 00:00:00-04:00,12.127214926064434,12.266702578291177,12.119010368436742,12.25849723815918,1348300,0.0,0.0
2022-10-31 00:00:00-04:00,12.26670309192383,12.381575511068833,12.192856592652353,12.373370170593262,2632800,0.0,0.0
2022-11-01 00:00:00-04:00,12.463624205050323,12.49644477822508,12.217470297491749,12.250290870666504,3211700,0.0,0.0
2022-11-02 00:00:00-04:00,12.225676435878874,12.389780105491441,12.151830723558366,12.176445960998535,2581300,0.0,0.0
2022-11-03 00:00:00-04:00,12.135420750348343,12.16824132968143,12.020548331430366,12.11080551147461,4056800,0.0,0.0
2022-11-04 00:00:00-04:00,12.176447108819852,12.266703509611416,12.04516478675781,12.217473030090332,1629900,0.0,0.0
2022-11-07 00:00:00-05:00,12.242086255569586,12.250291594974469,11.881059146797075,11.987726211547852,1618300,0.0,0.0
2022-11-08 00:00:00-05:00,12.053369439378585,12.291318845605119,12.02054885860611,12.266703605651855,1542300,0.0,0.0
2022-11-09 00:00:00-05:00,12.25029316926632,12.324139668391851,12.102600171015254,12.11080551147461,1382400,0.0,0.0
2022-11-10 00:00:00-05:00,12.299520602392715,12.611316420127341,12.274905369612233,12.545675277709961,2903100,0.0,0.0
2022-11-11 00:00:00-05:00,11.42977660604861,11.437981163072337,10.067721544574885,10.125157356262207,16832200,0.0,0.0
2022-11-14 00:00:00-05:00,10.092338861720322,10.092338861720322,8.582590507446138,8.705667495727539,21687200,0.0,0.0
2022-11-15 00:00:00-05:00,8.861564056921758,8.951820444576366,8.36104929878045,8.484127044677734,11523400,0.0,0.0
2022-11-16 00:00:00-05:00,8.451305991198032,8.746691156146127,8.262587104491926,8.393869400024414,9687800,0.0,0.0
2022-11-17 00:00:00-05:00,8.352845432303067,8.475922405871602,8.114896042900735,8.19694709777832,9316800,0.0,0.0
2022-11-18 00:00:00-05:00,8.246178339048047,8.508742966100906,8.19694708022348,8.434896469116211,7984700,0.0,0.0
2022-11-21 00:00:00-05:00,8.434896146257717,8.541563217541174,8.303613837756318,8.36104965209961,7529800,0.0,0.0
2022-11-22 00:00:00-05:00,8.361049169019374,8.402075083681758,8.131305142415954,8.213356971740723,8151000,0.0,0.0
2022-11-23 00:00:00-05:00,8.20515051120665,8.459510521355874,8.188739834582254,8.410279273986816,6987500,0.0,0.0
2022-11-24 00:00:00-05:00,8.33643456197966,8.434896295093086,8.295408644222992,8.377460479736328,1899400,0.0,0.0
2022-11-25 00:00:00-05:00,8.377460529717949,8.590794677321979,8.377460529717949,8.40207576751709,3454900,0.0,0.0
2022-11-28 00:00:00-05:00,8.410280551999968,8.426691231118106,8.20515175804875,8.246177673339844,4643700,0.0,0.0
2022-11-29 00:00:00-05:00,8.2379737331286,8.278999655388583,8.090280725994411,8.131306648254395,7239900,0.0,0.0
2022-11-30 00:00:00-05:00,8.114894737361846,8.336433410644531,8.114894737361846,8.336433410644531,8324500,0.0,0.0
2022-12-01 00:00:00-05:00,8.377461506171464,8.500538492016984,8.328230242330621,8.385666847229004,4573400,0.0,0.0
2022-12-02 00:00:00-05:00,8.328231001874089,8.385667612010751,8.229769247716979,8.34464168548584,3362000,0.0,0.0
2022-12-05 00:00:00-05:00,8.328228721417782,8.369254636708876,8.180536521875794,8.246177673339844,4748300,0.0,0.0
2022-12-06 00:00:00-05:00,8.229767225570942,8.254383244940135,7.9179713560996,8.090279579162598,9211200,0.0,0.0
2022-12-07 00:00:00-05:00,8.098484220123161,8.311818341221654,8.008227837737278,8.155920028686523,4523800,0.0,0.0
2022-12-08 00:00:00-05:00,8.147716147043296,8.172331383823193,8.049254417419434,8.049254417419434,3623500,0.0,0.0
2022-12-09 00:00:00-05:00,8.049255151166765,8.123100868238026,7.991818550105553,8.024639129638672,5668300,0.0,0.0
2022-12-12 00:00:00-05:00,8.01643238795915,8.180535240923158,7.885149323083815,8.172329902648926,7063700,0.0,0.0
2022-12-13 00:00:00-05:00,8.205151119129505,8.369253985011259,8.016433018991538,8.082074165344238,4607600,0.0,0.0
2022-12-14 00:00:00-05:00,8.098485279416963,8.196947013763467,7.909767150878906,7.909767150878906,3745600,0.0,0.0
2022-12-15 00:00:00-05:00,7.90156079825051,8.328228259080618,7.63079086786689,8.139510154724121,13916800,0.0,0.0
2022-12-16 00:00:00-05:00,8.082076001400566,8.114896582032976,7.647202329890685,7.721048831939697,15501500,0.0,0.0
2022-12-19 00:00:00-05:00,7.770279163063086,7.8113050795637395,7.425662716464434,7.466688632965088,6188000,0.0,0.0
2022-12-20 00:00:00-05:00,7.4256626935067125,7.647201389918479,7.417457353731096,7.48309850692749,5804200,0.0,0.0
2022-12-21 00:00:00-05:00,7.466689134791782,7.540534850450907,7.4092525348289175,7.50771427154541,3976700,0.0,0.0
2022-12-22 00:00:00-05:00,7.491302830075089,7.499508168737178,7.245148147741576,7.36822509765625,4517300,0.0,0.0
2022-12-23 00:00:00-05:00,7.3600222014500245,7.540534997703169,7.302585600365533,7.524125099182129,3375900,0.0,0.0
2022-12-28 00:00:00-05:00,7.3846371588816115,7.499509574165766,7.302585321892313,7.343611240386963,6370300,0.0,0.0
2022-12-29 00:00:00-05:00,7.424606328745856,7.542724548277115,7.340235482263507,7.51741361618042,3958800,0.246,0.0
2022-12-30 00:00:00-05:00,7.475228817083418,7.5342887364002795,7.373984275623202,7.44148063659668,4336100,0.0,0.0
2023-01-03 00:00:00-05:00,7.5342873693264485,7.821147253723909,7.500539194963215,7.762087345123291,6062300,0.0,0.0
2023-01-04 00:00:00-05:00,7.812711805707147,7.89708185870827,7.703030012647572,7.804274559020996,4833800,0.0,0.0
2023-01-05 00:00:00-05:00,7.888645257085485,8.048948917779384,7.804274401170728,7.973015308380127,4550500,0.0,0.0
2023-01-06 00:00:00-05:00,8.032074985269654,8.167067706934676,7.9645778198170545,8.150193214416504,7063900,0.0,0.0
2023-01-09 00:00:00-05:00,8.234563738270415,8.420178320822616,8.158630134217216,8.243000984191895,6318300,0.0,0.0
2023-01-10 00:00:00-05:00,8.234563557247135,8.276748981307097,8.15019270912721,8.183940887451172,5488300,0.0,0.0
2023-01-11 00:00:00-05:00,8.226127925971102,8.428617035655389,8.226127925971102,8.394868850708008,3484400,0.0,0.0
2023-01-12 00:00:00-05:00,8.175505787359668,8.302062092753996,7.711468414774557,8.040513038635254,14770400,0.0,0.0
2023-01-13 00:00:00-05:00,7.821148330253926,7.930829308566349,7.47522848964224,7.53428840637207,10692600,0.0,0.0
2023-01-16 00:00:00-05:00,7.466793520660122,7.618659953833197,7.466793520660122,7.559600830078125,2806300,0.0,0.0
2023-01-17 00:00:00-05:00,7.559599628200812,8.091134071350098,7.551162381971437,8.091134071350098,6936500,0.0,0.0
2023-01-18 00:00:00-05:00,8.150193619986538,8.150193619986538,7.846459981125844,7.8970818519592285,6275400,0.0,0.0
2023-01-19 00:00:00-05:00,7.812712147989199,7.9561421294570485,7.770526717330391,7.939267635345459,3249000,0.0,0.0
2023-01-20 00:00:00-05:00,7.930828357650449,8.108006477355957,7.795835657802435,8.108006477355957,4881500,0.0,0.0
2023-01-23 00:00:00-05:00,8.108008166249258,8.259875387522104,8.057386295571726,8.25143814086914,4824300,0.0,0.0
2023-01-24 00:00:00-05:00,8.1839425427134,8.302061593047728,8.108008924971346,8.26831340789795,3818000,0.0,0.0
2023-01-25 00:00:00-05:00,8.209252712224446,8.327371751505565,8.15019359489395,8.25143814086914,3921800,0.0,0.0
2023-01-26 00:00:00-05:00,8.268312517511081,8.268312517511081,8.158630726430513,8.20081615447998,6828100,0.0,0.0
2023-01-27 00:00:00-05:00,8.158630726430513,8.259875270977165,8.124882544914962,8.20081615447998,5761400,0.0,0.0
2023-01-30 00:00:00-05:00,8.167066387004432,8.209251002241967,8.074258302393954,8.108006477355957,4790200,0.0,0.0
2023-01-31 00:00:00-05:00,8.12488177653925,8.209251820039134,8.099570843951287,8.183940887451172,5271700,0.0,0.0
2023-02-01 00:00:00-05:00,8.158631605006116,8.335809778197508,8.124883419856337,8.26831340789795,3482100,0.0,0.0
2023-02-02 00:00:00-05:00,8.344245849601565,8.546734931961419,8.285185930448208,8.411742210388184,4484900,0.0,0.0
2023-02-03 00:00:00-05:00,8.411742271924924,8.420178713619903,8.285185991059118,8.344245910644531,3162400,0.0,0.0
2023-02-06 00:00:00-05:00,8.335808870454438,8.45392790792598,8.293623442456022,8.386430740356445,2813400,0.0,0.0
2023-02-07 00:00:00-05:00,8.335808603348216,8.453927637034841,8.302060422954908,8.411742210388184,3160100,0.0,0.0
2023-02-08 00:00:00-05:00,8.411742031545138,8.453927457294888,8.23456388709225,8.352682113647461,3246300,0.0,0.0
2023-02-09 00:00:00-05:00,8.352682143925334,8.42861574962612,8.183941244934735,8.226126670837402,3072900,0.0,0.0
2023-02-10 00:00:00-05:00,8.183941040440281,8.394867360063072,8.175503794546557,8.369556427001953,3186600,0.0,0.0
2023-02-13 00:00:00-05:00,8.352682643702037,8.521424357409249,8.33580895510339,8.453927993774414,2987000,0.0,0.0
2023-02-14 00:00:00-05:00,8.41174254383847,8.437053478981781,8.234564388595048,8.318934440612793,3615100,0.0,0.0
2023-02-15 00:00:00-05:00,8.30205949819667,8.64797850985153,8.30205949819667,8.597355842590332,4710300,0.0,0.0
2023-02-16 00:00:00-05:00,8.749223562409473,8.985460812960593,8.698601696744255,8.825157165527344,5571400,0.0,0.0
2023-02-17 00:00:00-05:00,8.892653376269742,8.977024223814668,8.774534350630853,8.901090621948242,2587300,0.0,0.0
2023-02-21 00:00:00-05:00,8.951711899151071,9.052956426786844,8.723911913125578,8.740785598754883,3131900,0.0,0.0
2023-02-22 00:00:00-05:00,8.766097553725992,8.960149368734035,8.732349377001983,8.858904838562012,3285100,0.0,0.0
2023-02-23 00:00:00-05:00,8.917964109620366,9.044520378112793,8.850467754939077,9.044520378112793,5867300,0.0,0.0
2023-02-24 00:00:00-05:00,9.002335727474158,9.02764666149573,8.884216694340015,8.985461235046387,3875400,0.0,0.0
2023-02-27 00:00:00-05:00,8.993898576039278,9.086706676129875,8.774534999887079,8.791409492492676,3357700,0.0,0.0
2023-02-28 00:00:00-05:00,8.782972246189876,8.884216787963178,8.698602197022172,8.791409492492676,3930800,0.0,0.0
2023-03-01 00:00:00-05:00,8.766095873509075,8.774532312608045,8.521421438002307,8.647976875305176,2562600,0.0,0.0
2023-03-02 00:00:00-05:00,8.622668150295858,8.774534552909644,8.572045479677895,8.757660865783691,1655400,0.0,0.0
2023-03-03 00:00:00-05:00,8.78297145400786,9.086705856552468,8.774534208466061,8.97702407836914,2237700,0.0,0.0
2023-03-06 00:00:00-05:00,8.993898090751703,9.069831694139522,8.875779867366253,8.88421630859375,1532900,0.0,0.0
2023-03-07 00:00:00-05:00,8.909528404226753,9.019209386172937,8.808283059227058,8.92640209197998,2500700,0.0,0.0
2023-03-08 00:00:00-05:00,8.909527399556879,8.993897438049316,8.791408380123476,8.993897438049316,1984400,0.0,0.0
2023-03-09 00:00:00-05:00,8.968587216621275,9.010772641515498,8.791409075761587,8.816720008850098,2401300,0.0,0.0
2023-03-10 00:00:00-05:00,8.774534428628634,8.79984616588913,8.588919849771903,8.631104469299316,5495300,0.0,0.0
2023-03-13 00:00:00-04:00,8.51298610436654,8.875779619478227,8.462363435315131,8.707037925720215,3458300,0.0,0.0
2023-03-14 00:00:00-04:00,8.782971596309352,8.985460664873134,8.757660663893889,8.901090621948242,5333500,0.0,0.0
2023-03-15 00:00:00-04:00,8.825156485531815,8.934838258848652,8.715474712214979,8.875779151916504,4557100,0.0,0.0
2023-03-16 00:00:00-04:00,8.842030347890006,8.909527505958023,8.690163954941973,8.858904838562012,2522200,0.0,0.0
2023-03-17 00:00:00-04:00,8.951712616816442,9.26388346987537,8.87577981846701,9.213261604309082,9526700,0.0,0.0
2023-03-20 00:00:00-04:00,9.154202940843758,9.204824808886903,8.934839367003244,8.985461235046387,4487500,0.0,0.0
2023-03-21 00:00:00-04:00,8.960149653318403,9.154202279109777,8.917964229918537,9.095142364501953,3517500,0.0,0.0
2023-03-22 00:00:00-04:00,9.061395200002417,9.187951484354253,8.968587901840499,9.027647018432617,3647400,0.0,0.0
2023-03-23 00:00:00-04:00,9.019208786204231,9.137327811099732,8.926401498184928,8.968586921691895,3058000,0.0,0.0
2023-03-24 00:00:00-04:00,8.951710721703256,9.280755996704102,8.951710721703256,9.280755996704102,3322900,0.0,0.0
2023-03-27 00:00:00-04:00,9.238572568675908,9.390439775134048,9.213261635806234,9.272320747375488,2735100,0.0,0.0
2023-03-28 00:00:00-04:00,9.280757598183053,9.348253952709328,9.137327643659715,9.171075820922852,1763300,0.0,0.0
2023-03-29 00:00:00-04:00,9.24701037417684,9.466373951311022,9.204824947094098,9.432625770568848,2974400,0.0,0.0
2023-03-30 00:00:00-04:00,9.489907028977239,9.968676640277598,9.421511370220044,9.908830642700195,10550800,0.147,0.0
2023-03-31 00:00:00-04:00,9.848985718907747,9.908831723009857,9.601050409706081,9.69509506225586,5470700,0.0,0.0
2023-04-03 00:00:00-04:00,9.626697480611611,9.772038446232996,9.541202507184739,9.609598159790039,4197400,0.0,0.0
2023-04-04 00:00:00-04:00,9.609599120037931,9.754940100182646,9.549753121863253,9.65234661102295,3298100,0.0,0.0
2023-04-05 00:00:00-04:00,9.67799474822326,9.883182541220586,9.669445902326324,9.80623722076416,3815800,0.0,0.0
2023-04-06 00:00:00-04:00,9.789136919553474,9.960126050504966,9.780587259170776,9.917379379272461,6633100,0.0,0.0
2023-04-10 00:00:00-04:00,9.900279991408103,9.99432380895892,9.78058719288303,9.977225303649902,4516200,0.0,0.0
2023-04-11 00:00:00-04:00,9.994323723753544,10.15676400717703,9.98577487884216,10.071269035339355,2524000,0.0,0.0
2023-04-12 00:00:00-04:00,10.131115939533887,10.24225826251879,9.994323820205377,10.019972801208496,2283200,0.0,0.0
2023-04-13 00:00:00-04:00,9.960125916300822,10.088368374291852,9.92592809057131,10.037071228027344,2149000,0.0,0.0
2023-04-14 00:00:00-04:00,10.04562292411587,10.18241425475571,9.840435928156108,9.866084098815918,4266500,0.0,0.0
2023-04-17 00:00:00-04:00,10.13111600179936,10.165313828006543,9.63524711412494,9.720741271972656,8933800,0.0,0.0
2023-04-18 00:00:00-04:00,9.575400488526794,9.583950149076012,9.190674732557602,9.216322898864746,8089100,0.0,0.0
2023-04-19 00:00:00-04:00,9.130828778656278,9.430059561100995,9.079531630480908,9.267620086669922,4135400,0.0,0.0
2023-04-20 00:00:00-04:00,9.24197287681691,9.361664876046977,9.199225384803059,9.310368537902832,4140900,0.0,0.0
2023-04-21 00:00:00-04:00,9.344565277927114,10.054170790387436,9.344565277927114,9.669445037841797,5835400,0.0,0.0
2023-04-24 00:00:00-04:00,9.77204029078915,9.917381283844891,9.695094963248977,9.8746337890625,3176700,0.0,0.0
2023-04-25 00:00:00-04:00,9.883183391454267,9.934479732611107,9.746391245907859,9.814786911010742,2013300,0.0,0.0
2023-04-26 00:00:00-04:00,9.789136924387025,9.814785090207291,9.575400306757,9.720741271972656,2216800,0.0,0.0
2023-04-27 00:00:00-04:00,9.763489694165186,9.831885353133652,9.669445866918686,9.754940032958984,1634300,0.0,0.0
2023-04-28 00:00:00-04:00,9.754941019895226,10.1311179976213,9.712193524879902,9.84898567199707,4739900,0.0,0.0
2023-05-01 00:00:00-04:00,9.806237162644669,9.823335669677773,9.746390349677386,9.789137840270996,1986600,0.0,0.0
2023-05-02 00:00:00-04:00,9.763490628764544,9.8746337890625,9.67799563919976,9.8746337890625,2689900,0.0,0.0
2023-05-03 00:00:00-04:00,9.891730269424672,10.165313690728002,9.891730269424672,10.156764030456543,2596600,0.0,0.0
2023-05-04 00:00:00-04:00,10.1482163511918,10.1482163511918,9.91738118618504,10.05417251586914,1839000,0.0,0.0
2023-05-05 00:00:00-04:00,10.045621879292797,10.148215366602154,9.994324727967838,10.088369369506836,2805300,0.0,0.0
2023-05-08 00:00:00-04:00,10.071270076346647,10.139665734750245,10.045621908280436,10.096919059753418,1169400,0.0,0.0
2023-05-09 00:00:00-04:00,10.028523483659766,10.250809801038539,10.028523483659766,10.165315628051758,1841000,0.0,0.0
2023-05-10 00:00:00-04:00,10.19096282060891,10.242259156411057,10.096918994744598,10.199512481689453,1860300,0.0,0.0
2023-05-11 00:00:00-04:00,10.30210600498472,10.524392301819843,9.90028090152747,9.925929069519043,3542400,0.0,0.0
2023-05-12 00:00:00-04:00,9.960126905960626,10.12256720582159,9.908830569939683,9.968676567077637,1505100,0.0,0.0
2023-05-15 00:00:00-04:00,9.977226353077327,10.019973843856882,9.840435034855211,9.883182525634766,1659200,0.0,0.0
2023-05-16 00:00:00-04:00,9.823335721145837,9.831885382377468,9.695094064033665,9.763489723205566,1723900,0.0,0.0
2023-05-17 00:00:00-04:00,9.746391273959956,9.84898558725021,9.660897100005604,9.823336601257324,2189000,0.0,0.0
2023-05-18 00:00:00-04:00,9.772039435906207,9.823335772885024,9.677994792544084,9.737841606140137,2794600,0.0,0.0
2023-05-19 00:00:00-04:00,9.763490595049207,9.83188626032859,9.729292762409516,9.78058910369873,1370900,0.0,0.0
2023-05-23 00:00:00-04:00,9.82333566158342,10.019973792015778,9.806237154564403,9.908830642700195,1851800,0.0,0.0
2023-05-24 00:00:00-04:00,9.874631892699465,9.943027545080062,9.814785085361075,9.917379379272461,1519700,0.0,0.0
2023-05-25 00:00:00-04:00,9.866083227784248,9.917380379915718,9.635248081544065,9.686544418334961,1931400,0.0,0.0
2023-05-26 00:00:00-04:00,9.677994750393495,9.70364373411177,9.549753093164409,9.643796920776367,1518000,0.0,0.0
2023-05-29 00:00:00-04:00,9.575401363983723,9.660896346611489,9.575401363983723,9.592500686645508,463800,0.0,0.0
2023-05-30 00:00:00-04:00,9.677995789896928,9.71219362318721,9.558303781051272,9.626699447631836,1415000,0.0,0.0
2023-05-31 00:00:00-04:00,9.601050278505191,9.797688427688898,9.43861077730182,9.78058910369873,5942000,0.0,0.0
2023-06-01 00:00:00-04:00,9.746389363064399,9.908829647808414,9.703642692138539,9.857532501220703,2092000,0.0,0.0
2023-06-02 00:00:00-04:00,9.83188626032859,9.857534430973196,9.70364459176491,9.78058910369873,1978400,0.0,0.0
2023-06-05 00:00:00-04:00,9.772039274888517,9.94302842090141,9.772039274888517,9.934478759765625,2127500,0.0,0.0
2023-06-06 00:00:00-04:00,9.960126920562265,9.977226242821356,9.823335603851797,9.891731262207031,2656900,0.0,0.0
2023-06-07 00:00:00-04:00,9.900279991408103,9.99432380895892,9.823334679166305,9.977225303649902,1378700,0.0,0.0
2023-06-08 00:00:00-04:00,9.968675710887664,9.968675710887664,9.840434066509166,9.917379379272461,1121000,0.0,0.0
2023-06-09 00:00:00-04:00,9.934479764135839,9.95157908813614,9.754940938835887,9.866084098815918,2349500,0.0,0.0
2023-06-12 00:00:00-04:00,9.848984660215374,9.86608316726059,9.72074218834369,9.83188533782959,1224900,0.0,0.0
2023-06-13 00:00:00-04:00,9.823334778016724,9.83188443842751,9.549752167595525,9.609598159790039,1986500,0.0,0.0
2023-06-14 00:00:00-04:00,9.601048586966904,9.618147907944467,9.455708435360114,9.515554428100586,4585400,0.0,0.0
2023-06-15 00:00:00-04:00,9.49845604035166,9.549753192983825,9.216323739226207,9.387312889099121,4826500,0.0,0.0
2023-06-16 00:00:00-04:00,9.412961942861141,9.575401432609384,9.38731295868464,9.489907264709473,7426300,0.0,0.0
2023-06-19 00:00:00-04:00,9.44715966420115,9.541203492409279,9.44715966420115,9.498456001281738,382900,0.0,0.0
2023-06-20 00:00:00-04:00,9.481357541510617,9.643797030199954,9.404412220163874,9.635248184204102,4594800,0.0,0.0
2023-06-21 00:00:00-04:00,9.592500622167144,9.592500622167144,9.464258149087508,9.53265380859375,3406200,0.0,0.0
2023-06-22 00:00:00-04:00,9.507004765985032,9.575400419202582,9.37021345954993,9.395861625671387,3758300,0.0,0.0
2023-06-23 00:00:00-04:00,9.412962054730112,9.42151171622389,9.070982933044434,9.070982933044434,3239100,0.0,0.0
2023-06-26 00:00:00-04:00,9.062434012148575,9.412961977096446,9.019686520372852,9.336016654968262,3413400,0.0,0.0
2023-06-27 00:00:00-04:00,9.336016626118523,9.404412286612091,9.276170627021797,9.32746696472168,3145300,0.0,0.0
2023-06-28 00:00:00-04:00,9.310368405720741,9.412961895893073,9.26762091431379,9.35311508178711,3380900,0.0,0.0
2023-06-29 00:00:00-04:00,9.365243783268955,9.564503884977615,9.26994475530765,9.5471773147583,3731400,0.144,0.0
2023-06-30 00:00:00-04:00,9.677130412998698,9.711784382982838,9.33059071315731,9.486533164978027,3711800,0.0,0.0
2023-07-04 00:00:00-04:00,9.503860508853629,9.60782241821289,9.469206539067208,9.60782241821289,881200,0.0,0.0
2023-07-05 00:00:00-04:00,9.599158933796817,9.737774816041188,9.581832361624185,9.63381290435791,4609800,0.0,0.0
2023-07-06 00:00:00-04:00,9.564505020383187,9.564505020383187,9.44321570958675,9.512523651123047,4628700,0.0,0.0
2023-07-07 00:00:00-04:00,9.434553470973377,9.451880044414642,9.062022640503454,9.070686340332031,3620900,0.0,0.0
2023-07-10 00:00:00-04:00,9.062021833708398,9.088012104664315,8.810780344559006,8.888751983642578,2329700,0.0,0.0
2023-07-11 00:00:00-04:00,8.77612633848971,8.880088248102082,8.77612633848971,8.828106880187988,2289900,0.0,0.0
2023-07-12 00:00:00-04:00,8.836769756195887,9.11400231555793,8.836769756195887,9.096674919128418,2517800,0.0,0.0
2023-07-13 00:00:00-04:00,9.088011940974033,9.347917124499341,9.079348242072834,9.339253425598145,2185300,0.0,0.0
2023-07-14 00:00:00-04:00,9.3046001935397,9.356581564850279,9.22662854968177,9.313263893127441,3523000,0.0,0.0
2023-07-17 00:00:00-04:00,9.304600380354113,9.330591479639175,9.217965861384892,9.235292434692383,2637100,0.0,0.0
2023-07-18 00:00:00-04:00,9.261282707761561,9.278610107284935,9.088012843607235,9.235292434692383,3687000,0.0,0.0
2023-07-19 00:00:00-04:00,9.31326361691348,9.581832512657119,9.31326361691348,9.451879501342773,5289300,0.0,0.0
2023-07-20 00:00:00-04:00,9.43455244498009,9.616485990515766,9.365244506320385,9.564504623413086,4103400,0.0,0.0
2023-07-21 00:00:00-04:00,9.56450619990041,9.720449500696288,9.477870849188047,9.495198249816895,3801700,0.0,0.0
2023-07-24 00:00:00-04:00,9.48653474287814,9.521188718626293,9.365246240867585,9.417226791381836,3389200,0.0,0.0
2023-07-25 00:00:00-04:00,9.477868904609771,9.477868904609771,9.278608795555927,9.391234397888184,2104800,0.0,0.0
2023-07-26 00:00:00-04:00,9.408562899104531,9.599160174942167,9.33059207492253,9.495198249816895,1588400,0.0,0.0
2023-07-27 00:00:00-04:00,9.46054211479605,9.521186350719182,9.339252816734037,9.365243911743164,1607400,0.0,0.0
2023-07-28 00:00:00-04:00,9.347917556762695,9.43455289734923,9.31326358577125,9.347917556762695,1246000,0.0,0.0
2023-07-31 00:00:00-04:00,9.382572295036397,9.45188024268711,9.321928047396,9.42588996887207,4188500,0.0,0.0
2023-08-01 00:00:00-04:00,9.42588925765052,9.434552957007124,9.226628303527832,9.226628303527832,2276900,0.0,0.0
2023-08-02 00:00:00-04:00,9.183310813868225,9.200637385148056,9.053357811298442,9.148656845092773,3369500,0.0,0.0
2023-08-03 00:00:00-04:00,9.114002798518586,9.148656766998226,8.854097621813406,8.984049797058105,2041600,0.0,0.0
2023-08-04 00:00:00-04:00,8.984049708535911,9.114002708715931,8.958059438986217,9.00137710571289,3838300,0.0,0.0
2023-08-08 00:00:00-04:00,9.062021038022,9.235290872873945,8.966722835407367,9.036030769348145,3229900,0.0,0.0
2023-08-09 00:00:00-04:00,8.949395009685073,9.0533569056112,8.914741044376363,9.027366638183594,2658500,0.0,0.0
2023-08-10 00:00:00-04:00,9.1659839650016,9.226628207434546,8.672164673839971,8.914742469787598,4645700,0.0,0.0
2023-08-11 00:00:00-04:00,8.819444720601421,8.87142526650331,8.672165130186261,8.698155403137207,2774800,0.0,0.0
2023-08-14 00:00:00-04:00,8.663501123320218,8.672164822735343,8.368941952932795,8.403595924377441,2488200,0.0,0.0
2023-08-15 00:00:00-04:00,8.325623208925466,8.38626827079852,8.187007341014041,8.36027717590332,5114100,0.0,0.0
2023-08-16 00:00:00-04:00,8.299633619398541,8.542211408093483,8.299633619398541,8.45557689666748,1765200,0.0,0.0
2023-08-17 00:00:00-04:00,8.420922149379644,8.559538015835978,8.351614216151477,8.377604484558105,1508000,0.0,0.0
2023-08-18 00:00:00-04:00,8.32562389020476,8.45557689666748,8.308297318405886,8.45557689666748,2124200,0.0,0.0
2023-08-21 00:00:00-04:00,8.446914461401162,8.455578161704679,8.299634861105098,8.420924186706543,2957500,0.0,0.0
2023-08-22 00:00:00-04:00,8.420923715192027,8.646174126959453,8.368942342497458,8.637511253356934,3837600,0.0,0.0
2023-08-23 00:00:00-04:00,8.715483326375844,8.819445250643541,8.66350195113403,8.689492225646973,2550400,0.0,0.0
2023-08-24 00:00:00-04:00,8.672165226414684,8.741473172530181,8.637511253356934,8.637511253356934,1909200,0.0,0.0
2023-08-25 00:00:00-04:00,8.663500695131052,8.732808634594836,8.620183026412235,8.72414493560791,1910100,0.0,0.0
2023-08-28 00:00:00-04:00,8.750135510037257,8.793452349953514,8.706817843905238,8.732808113098145,1435900,0.0,0.0
2023-08-29 00:00:00-04:00,8.750136103589924,8.888751983642578,8.74147240453268,8.888751983642578,2167000,0.0,0.0
2023-08-30 00:00:00-04:00,8.880088284585334,8.940732525554417,8.819444043616251,8.888751983642578,1426500,0.0,0.0
2023-08-31 00:00:00-04:00,8.888750683519044,8.923404648463505,8.750134823741199,8.862759590148926,4334300,0.0,0.0
2023-09-01 00:00:00-04:00,8.871425560414433,9.027368855718283,8.871425560414433,8.992714881896973,2544900,0.0,0.0
2023-09-05 00:00:00-04:00,8.93207080265092,9.027369025902106,8.767463804234598,8.810781478881836,1210400,0.0,0.0
2023-09-06 00:00:00-04:00,8.758797405702763,8.810778764508521,8.498893090320983,8.507555961608887,1990700,0.0,0.0
2023-09-07 00:00:00-04:00,8.524886111700953,8.602857762000744,8.403596786099508,8.420924186706543,2287800,0.0,0.0
2023-09-08 00:00:00-04:00,8.394932224962318,8.446913595237213,8.325624282073024,8.403595924377441,1720500,0.0,0.0
2023-09-11 00:00:00-04:00,8.403596567589945,8.57686643807528,8.377606293571123,8.438250541687012,1940400,0.0,0.0
2023-09-12 00:00:00-04:00,8.403596786099508,8.438250761097644,8.342952536406752,8.420924186706543,1486100,0.0,0.0
2023-09-13 00:00:00-04:00,8.394931142881177,8.455576204754232,8.351614303820666,8.36027717590332,1740000,0.0,0.0
2023-09-14 00:00:00-04:00,8.342952536406752,8.481568436399298,8.342952536406752,8.420924186706543,3552000,0.0,0.0
2023-09-15 00:00:00-04:00,8.54221202713227,8.54221202713227,8.41225983746796,8.429586410522461,6824600,0.0,0.0
2023-09-18 00:00:00-04:00,8.40359514736306,8.438249115603528,8.282306671629314,8.325623512268066,2130200,0.0,0.0
2023-09-19 00:00:00-04:00,8.2736439609202,8.290970534001405,8.048392727353413,8.057056427001953,2414000,0.0,0.0
2023-09-20 00:00:00-04:00,8.065720153775233,8.221662616894005,8.065720153775233,8.161018371582031,2191000,0.0,0.0
2023-09-21 00:00:00-04:00,8.109035178935589,8.117698876667923,7.979083017813319,7.987746715545654,3067200,0.0,0.0
2023-09-22 00:00:00-04:00,7.970420871144596,8.065719912314334,7.87512265619071,8.031065940856934,1379900,0.0,0.0
2023-09-25 00:00:00-04:00,7.961755796778767,8.057054821490933,7.927101831305899,8.022400856018066,2931200,0.0,0.0
2023-09-26 00:00:00-04:00,8.013739210558466,8.013739210558466,7.736507415771484,7.736507415771484,2322800,0.0,0.0
2023-09-27 00:00:00-04:00,7.751480812014205,7.751480812014205,7.469608217365845,7.478416919708252,2972400,0.147,0.0
2023-09-28 00:00:00-04:00,7.504843481191592,7.504843481191592,7.126077657972857,7.196545600891113,4578800,0.0,0.0
2023-09-29 00:00:00-04:00,7.267013626985947,7.3374815707107635,7.00275841799581,7.082035064697266,4261000,0.0,0.0
2023-10-02 00:00:00-04:00,7.082034882970121,7.082034882970121,6.676843796927676,6.738503456115723,7030200,0.0,0.0
2023-10-03 00:00:00-04:00,6.668036311650346,6.756121249580433,6.500674719572125,6.747312545776367,5570300,0.0,0.0
2023-10-04 00:00:00-04:00,6.782546103121623,6.985141657891338,6.782546103121623,6.8530144691467285,4668900,0.0,0.0
2023-10-05 00:00:00-04:00,6.791354426367956,7.020375238062735,6.782545723599432,6.879439353942871,6291500,0.0,0.0
2023-10-06 00:00:00-04:00,6.782545642611619,6.958715915679932,6.65041846283796,6.958715915679932,3504300,0.0,0.0
2023-10-10 00:00:00-04:00,7.020376355789693,7.09084472909109,6.923483130041773,6.976334095001221,2407200,0.0,0.0
2023-10-11 00:00:00-04:00,7.002758711581662,7.1436946049399355,6.976333441588032,7.134886741638184,1993900,0.0,0.0
2023-10-12 00:00:00-04:00,7.073225716284798,7.108459684932087,6.949906826019287,6.949906826019287,1756800,0.0,0.0
2023-10-13 00:00:00-04:00,7.029183699591506,7.0468006845018785,6.870630835398152,6.8970561027526855,1792700,0.0,0.0
2023-10-16 00:00:00-04:00,6.879439117842312,6.905864805218897,6.782545490824237,6.8970561027526855,2822900,0.0,0.0
2023-10-17 00:00:00-04:00,6.800162201860382,6.861821856574391,6.6592263282535455,6.66803503036499,3155200,0.0,0.0
2023-10-18 00:00:00-04:00,6.650418774248121,6.650418774248121,6.262844659375896,6.359737873077393,6789400,0.0,0.0
2023-10-19 00:00:00-04:00,6.342120300478621,6.483056596504442,6.218801408975315,6.227610111236572,8050200,0.0,0.0
2023-10-20 00:00:00-04:00,6.218801720215673,6.27165267636219,6.051440149074006,6.060248851776123,4567600,0.0,0.0
2023-10-23 00:00:00-04:00,6.016205805289802,6.1923760682105895,5.945737868130303,6.121907711029053,3681900,0.0,0.0
2023-10-24 00:00:00-04:00,6.218801968391193,6.280461629700497,6.104291348826234,6.113100051879883,2840700,0.0,0.0
2023-10-25 00:00:00-04:00,6.051440390570579,6.13952532099667,5.972164163198136,6.113100051879883,2437200,0.0,0.0
2023-10-26 00:00:00-04:00,6.113099584997351,6.245227180556402,6.113099584997351,6.183567523956299,2627200,0.0,0.0
2023-10-27 00:00:00-04:00,6.165951012428439,6.218801970703748,6.095483068061362,6.14833402633667,2597800,0.0,0.0
2023-10-30 00:00:00-04:00,6.148333944448122,6.2892698313051785,6.104291269794255,6.262844562530518,2452900,0.0,0.0
2023-10-31 00:00:00-04:00,6.280461632035981,6.33331259031129,6.104291351096206,6.14833402633667,4254500,0.0,0.0
2023-11-01 00:00:00-04:00,6.165950401249991,6.447822570800781,6.165950401249991,6.447822570800781,3611500,0.0,0.0
2023-11-02 00:00:00-04:00,6.518290934313632,6.8442053760237975,6.518290934313632,6.808971405029297,2969700,0.0,0.0
2023-11-03 00:00:00-04:00,6.9410994045684635,7.002758647335978,6.826588782254379,6.923482418060303,4130800,0.0,0.0
2023-11-06 00:00:00-05:00,6.897056577378452,6.958716238818935,6.782545957569876,6.861822605133057,2585700,0.0,0.0
2023-11-07 00:00:00-05:00,6.86182275238606,6.9058654286489904,6.756120833381536,6.8530144691467285,2140800,0.0,0.0
2023-11-08 00:00:00-05:00,6.808971168952667,6.861822123612001,6.747311511839085,6.826588153839111,1883100,0.0,0.0
2023-11-09 00:00:00-05:00,6.817779687766889,6.941099006269707,6.720886477543044,6.808971405029297,2976800,0.0,0.0
2023-11-10 00:00:00-05:00,6.694460789286136,6.861822361521048,6.4302060068273805,6.808971405029297,2491800,0.0,0.0
2023-11-13 00:00:00-05:00,6.703269330809759,6.870630899019066,6.597567000346685,6.676843643188477,2662100,0.0,0.0
2023-11-14 00:00:00-05:00,6.844205161614792,7.03799199601377,6.844205161614792,7.002758026123047,4688400,0.0,0.0
2023-11-15 00:00:00-05:00,6.993949743661392,7.03799199601377,6.905864818934584,7.002758026123047,3138500,0.0,0.0
2023-11-16 00:00:00-05:00,7.020375024596858,7.15250262195271,7.01156674211823,7.108459949493408,3072600,0.0,0.0
2023-11-17 00:00:00-05:00,7.143693661642038,7.249395567703203,7.108459692954982,7.205353736877441,2576900,0.0,0.0
2023-11-20 00:00:00-05:00,7.1877360627614575,7.3462893359248564,7.099651564371603,7.328671932220459,2392100,0.0,0.0
2023-11-21 00:00:00-05:00,7.293438166783055,7.355098241411533,7.178927559666245,7.319864273071289,2492200,0.0,0.0
2023-11-22 00:00:00-05:00,7.355098511493489,7.381523778708001,7.249395762547245,7.29343843460083,1734100,0.0,0.0
2023-11-23 00:00:00-05:00,7.2846306484594106,7.3110559159504644,7.1613113334276495,7.178927898406982,636000,0.0,0.0
2023-11-24 00:00:00-05:00,7.20535391603408,7.249395747954916,7.161311244069149,7.187736511230469,1953700,0.0,0.0
2023-11-27 00:00:00-05:00,7.178928101975185,7.2405881812615736,7.117268862732926,7.1701202392578125,1416200,0.0,0.0
2023-11-28 00:00:00-05:00,7.15250236382482,7.258204269885986,7.117268395137765,7.205353736877441,1532000,0.0,0.0
2023-11-29 00:00:00-05:00,7.258204281397509,7.302246952337199,7.187736343911636,7.275821685791016,2116200,0.0,0.0
2023-11-30 00:00:00-05:00,7.31105528730868,7.434373751692784,7.1613107176616655,7.372714519500732,5368600,0.0,0.0
2023-12-01 00:00:00-05:00,7.328671698832262,7.566501601003452,7.275821169490231,7.496033668518066,2832200,0.0,0.0
2023-12-04 00:00:00-05:00,7.4431831651138145,7.619353016823871,7.4431831651138145,7.575311183929443,2045100,0.0,0.0
2023-12-05 00:00:00-05:00,7.557693641656493,7.592927611359437,7.372715090705007,7.399140357971191,2466800,0.0,0.0
2023-12-06 00:00:00-05:00,7.4431837135254035,7.513651659401483,7.355099201202393,7.355099201202393,2690800,0.0,0.0
2023-12-07 00:00:00-05:00,7.390332203546481,7.478416704301097,7.267012894437138,7.284630298614502,2914000,0.0,0.0
2023-12-08 00:00:00-05:00,7.249395847320557,7.311055924934259,7.1789279072284184,7.249395847320557,2234900,0.0,0.0
2023-12-11 00:00:00-05:00,7.170120427189832,7.267013639973584,7.161311724197448,7.258204936981201,2414300,0.0,0.0
2023-12-12 00:00:00-05:00,7.222970480793595,7.231779183195401,7.1172685721042175,7.187736511230469,2879700,0.0,0.0
2023-12-13 00:00:00-05:00,7.187736670123205,7.5841190464818595,7.099652164290235,7.575311183929443,4895500,0.0,0.0
2023-12-14 00:00:00-05:00,7.575312136343548,7.751482010202747,7.575312136343548,7.716248035430908,5826100,0.0,0.0
2023-12-15 00:00:00-05:00,7.769098670660417,7.769098670660417,7.5400782519213125,7.636971473693848,10908200,0.0,0.0
2023-12-18 00:00:00-05:00,7.62816075044225,7.689819980697387,7.504842289931974,7.54007625579834,3760100,0.0,0.0
2023-12-19 00:00:00-05:00,7.540077016372465,7.689820756376294,7.53126831400633,7.6193528175354,2691700,0.0,0.0
2023-12-20 00:00:00-05:00,7.584119216648185,7.636970593369096,7.443183332117935,7.451992034912109,4351400,0.0,0.0
2023-12-21 00:00:00-05:00,7.504843026735471,7.636970201695198,7.4431829503827185,7.478416919708252,3112000,0.0,0.0
2023-12-22 00:00:00-05:00,7.469609170551197,7.548885821661043,7.469609170551197,7.5136518478393555,2045300,0.0,0.0
2023-12-27 00:00:00-05:00,7.478417874017668,7.592928498949201,7.460801307128924,7.5136518478393555,3156900,0.0,0.0
2023-12-28 00:00:00-05:00,7.5252970911466335,7.5252970911466335,7.4446696220339215,7.489462375640869,1189800,0.143,0.0
2023-12-29 00:00:00-05:00,7.480504337539686,7.51633905304545,7.408834906528156,7.489462375640869,1237500,0.0,0.0
2024-01-02 00:00:00-05:00,7.516339656529014,7.76718268520944,7.498421870154015,7.6955132484436035,2126500,0.0,0.0
2024-01-03 00:00:00-05:00,7.650719571439474,7.650719571439474,7.516339592244602,7.614884853363037,1315400,0.0,0.0
2024-01-04 00:00:00-05:00,7.6238431172110985,7.677594762705623,7.561131724978153,7.6328020095825195,1164000,0.0,0.0
2024-01-05 00:00:00-05:00,7.596966484579057,7.811975630917091,7.55217373119368,7.794057846069336,2710300,0.0,0.0
2024-01-08 00:00:00-05:00,7.883644184968881,8.062817741688578,7.874685293541169,7.964272499084473,2358400,0.0,0.0
2024-01-09 00:00:00-05:00,7.901561434794488,7.982189752189035,7.856768684568135,7.892603397369385,1592200,0.0,0.0
2024-01-10 00:00:00-05:00,7.865727895984262,7.991149836691828,7.749264848405894,7.910521507263184,1902100,0.0,0.0
2024-01-11 00:00:00-05:00,7.88364442207544,7.8926033137725975,7.480503693739632,7.677594184875488,3502200,0.0,0.0
2024-01-12 00:00:00-05:00,7.67759579173803,7.86572828491837,7.659678858960773,7.668637752532959,1777000,0.0,0.0
2024-01-15 00:00:00-05:00,7.632801758750523,7.758222830360778,7.623842866673511,7.7403059005737305,769300,0.0,0.0
2024-01-16 00:00:00-05:00,7.668636321351119,7.740305747818862,7.570090219182756,7.623842716217041,2171200,0.0,0.0
2024-01-17 00:00:00-05:00,7.596966138935202,7.596966138935202,7.301329537334047,7.355082035064697,2840900,0.0,0.0
2024-01-18 00:00:00-05:00,7.364041260283763,7.408834868024932,7.157991006421189,7.193825721740723,2534000,0.0,0.0
2024-01-19 00:00:00-05:00,7.229660285899172,7.2565369626021266,7.122156142188317,7.16694974899292,3206000,0.0,0.0
2024-01-22 00:00:00-05:00,7.16694974899292,7.283412784938093,7.113197677137492,7.16694974899292,3165300,0.0,0.0
2024-01-23 00:00:00-05:00,7.166950302227635,7.22966084397467,7.095280867554723,7.157991409301758,1280000,0.0,0.0
2024-01-24 00:00:00-05:00,7.229660825762881,7.274454435912378,7.07736349105835,7.07736349105835,1609500,0.0,0.0
2024-01-25 00:00:00-05:00,7.166949574557874,7.3819578567465385,7.104238611994439,7.355082035064697,2419900,0.0,0.0
2024-01-26 00:00:00-05:00,7.337164504226772,7.408834788463195,7.2207023214642,7.247578144073486,1418000,0.0,0.0
2024-01-29 00:00:00-05:00,7.256537110466003,7.337164579116822,7.149032537381072,7.283412933349609,1143700,0.0,0.0
2024-01-30 00:00:00-05:00,7.256537661830352,7.346124029704969,7.229660982537604,7.274454593658447,1728400,0.0,0.0
2024-01-31 00:00:00-05:00,7.265495767316057,7.399876601913275,7.131115787085918,7.140074253082275,2652200,0.0,0.0
2024-02-01 00:00:00-05:00,7.175909332686248,7.274454593658447,7.068404751432932,7.274454593658447,1694800,0.0,0.0
2024-02-02 00:00:00-05:00,7.202784538269043,7.238619253210999,7.06840414364496,7.202784538269043,2290100,0.0,0.0
2024-02-05 00:00:00-05:00,7.1042382783489435,7.122155634356523,6.942982074280728,6.996734142303467,2950700,0.0,0.0
2024-02-06 00:00:00-05:00,6.9877766979428815,7.175909177077126,6.934024194890076,7.07736349105835,2171200,0.0,0.0
2024-02-07 00:00:00-05:00,7.131114730100089,7.149032086620602,6.978816986083984,6.978816986083984,1371000,0.0,0.0
2024-02-08 00:00:00-05:00,6.969859329893835,6.987776688492698,6.87131364400833,6.907148361206055,1681000,0.0,0.0
2024-02-09 00:00:00-05:00,6.907148628948487,6.969859600067139,6.817561832481514,6.969859600067139,1500100,0.0,0.0
2024-02-12 00:00:00-05:00,6.969858944440725,7.095280447696594,6.934023802041262,7.068404197692871,1599600,0.0,0.0
2024-02-13 00:00:00-05:00,6.862354751117136,6.960900437002642,6.817561568211743,6.907148361206055,4130500,0.0,0.0
2024-02-14 00:00:00-05:00,6.9788176774502615,7.149032794849477,6.951941853598737,7.131115436553955,1714700,0.0,0.0
2024-02-15 00:00:00-05:00,7.131115501052397,7.337164909722784,7.131115501052397,7.256537437438965,1975400,0.0,0.0
2024-02-16 00:00:00-05:00,7.211744050709509,7.372999854630646,7.211744050709509,7.274454593658447,2710100,0.0,0.0
2024-02-20 00:00:00-05:00,7.211743355797523,7.301329715039742,7.140073499473459,7.16694974899292,1789900,0.0,0.0
2024-02-21 00:00:00-05:00,7.1400739021099575,7.247578479066606,7.095280719962911,7.131115436553955,2562400,0.0,0.0
2024-02-22 00:00:00-05:00,7.13111556692763,7.13111556692763,7.041528773812162,7.07736349105835,2319200,0.0,0.0
2024-02-23 00:00:00-05:00,7.077363354755144,7.229660686526577,6.96985920508701,7.220702648162842,2245500,0.0,0.0
2024-02-26 00:00:00-05:00,7.193826168580823,7.211743954537044,6.90714842821774,6.987776756286621,5412700,0.0,0.0
2024-02-27 00:00:00-05:00,7.032569355762604,7.211743355797523,7.032569355762604,7.16694974899292,4015000,0.0,0.0
2024-02-28 00:00:00-05:00,7.131115087814609,7.140073552932507,7.02361094329885,7.032569408416748,2261700,0.0,0.0
2024-02-29 00:00:00-05:00,7.023611090484302,7.113197879458131,6.942982766816102,7.104238986968994,45576200,0.0,0.0
2024-03-01 00:00:00-05:00,7.122156893906022,7.166950505438427,7.014652738848494,7.140074253082275,2852800,0.0,0.0
2024-03-04 00:00:00-05:00,7.13111556692763,7.140074032647414,7.005694056565975,7.07736349105835,2214700,0.0,0.0
2024-03-05 00:00:00-05:00,7.077363163868599,7.211743560921096,7.077363163868599,7.104238986968994,2152400,0.0,0.0
2024-03-06 00:00:00-05:00,7.17590871420406,7.2923717513336275,7.149032464411276,7.247578144073486,2382900,0.0,0.0
2024-03-07 00:00:00-05:00,7.256537947572251,7.390917931859213,7.22070322813792,7.373000144958496,2944900,0.0,0.0
2024-03-08 00:00:00-05:00,7.614883974596501,7.767181722437789,7.462586226755214,7.7403059005737305,3242200,0.0,0.0
2024-03-11 00:00:00-04:00,7.785099357930677,7.928439081055426,7.758223533630371,7.758223533630371,2234300,0.0,0.0
2024-03-12 00:00:00-04:00,7.758224299037336,7.758224299037336,7.525298187142643,7.561132907867432,2198200,0.0,0.0
2024-03-13 00:00:00-04:00,7.507380262908873,7.632802196072155,7.38195832974559,7.444669723510742,3786500,0.0,0.0
2024-03-14 00:00:00-04:00,7.444669246493457,7.444669246493457,7.247577893970365,7.355082035064697,2504700,0.0,0.0
2024-03-15 00:00:00-04:00,7.319247396949502,7.399875717194609,7.238619076704396,7.301329612731934,7874100,0.0,0.0
2024-03-18 00:00:00-04:00,7.292371884589294,7.292371884589294,7.077363163868599,7.104238986968994,3550300,0.0,0.0
2024-03-19 00:00:00-04:00,7.104238933441888,7.28341293722306,7.086321575782121,7.193825721740723,2543800,0.0,0.0
2024-03-20 00:00:00-04:00,7.175909262050673,7.292372308071641,7.104239399526095,7.238619804382324,2771800,0.0,0.0
2024-03-21 00:00:00-04:00,7.292372369324295,7.435711241210373,7.274454583155,7.364041805267334,1844700,0.0,0.0
2024-03-22 00:00:00-04:00,7.4805047420598845,7.534256391041732,7.364041696776472,7.453628063201904,2228300,0.0,0.0
2024-03-25 00:00:00-04:00,7.444669806227845,7.498421453632895,7.301330086291306,7.346123695373535,2450900,0.0,0.0
2024-03-26 00:00:00-04:00,7.319247646739521,7.43571068502742,7.283412931448399,7.328206539154053,2483500,0.0,0.0
2024-03-27 00:00:00-04:00,7.371082526362088,7.7359872573695165,7.371082526362088,7.726865291595459,2267400,0.147,0.0
2024-03-28 00:00:00-04:00,7.717743346240112,7.81809194134431,7.699497672583927,7.808969974517822,1799200,0.0,0.0
2024-04-01 00:00:00-04:00,7.781601564353305,7.781601564353305,7.617394849338732,7.690375804901123,1854900,0.0,0.0
2024-04-02 00:00:00-04:00,7.562657734799478,7.699496791556407,7.562657734799478,7.672129154205322,1756100,0.0,0.0
2024-04-03 00:00:00-04:00,7.663006318421125,7.6903748257737155,7.590025372150563,7.672129154205322,1142600,0.0,0.0
2024-04-04 00:00:00-04:00,7.699497736984878,7.790724366025636,7.6630072593688965,7.6630072593688965,1978000,0.0,0.0
2024-04-05 00:00:00-04:00,7.61739481485013,7.672130096273295,7.5352910227137695,7.6630072593688965,1688800,0.0,0.0
2024-04-08 00:00:00-04:00,7.663006691189359,7.7816009521484375,7.6356390525069715,7.7816009521484375,1272100,0.0,0.0
2024-04-09 00:00:00-04:00,7.781601828520137,7.909318940090822,7.717743707735618,7.854582786560059,1983000,0.0,0.0
2024-04-10 00:00:00-04:00,7.717743486541851,7.717743486541851,7.5352910966712106,7.590026378631592,2035100,0.0,0.0
2024-04-11 00:00:00-04:00,7.626516819000244,7.717743448486546,7.4349415930803024,7.626516819000244,1749000,0.0,0.0
2024-04-12 00:00:00-04:00,7.617394093179777,7.708619843576214,7.4075732142650645,7.46230936050415,1799700,0.0,0.0
2024-04-15 00:00:00-04:00,7.471431951513256,7.480554788316466,7.261611925049042,7.316348075866699,2104500,0.0,0.0
2024-04-16 00:00:00-04:00,7.288979205823638,7.298102042176732,7.133894902828037,7.152140140533447,1868900,0.0,0.0
2024-04-17 00:00:00-04:00,7.188630529000852,7.298101953909305,7.161262455273351,7.243366241455078,1161900,0.0,0.0
2024-04-18 00:00:00-04:00,7.225120930935051,7.343715190887451,7.188630456334431,7.343715190887451,1168000,0.0,0.0
2024-04-19 00:00:00-04:00,7.343715089699933,7.4805541500663955,7.325469417650257,7.453186511993408,1417500,0.0,0.0
2024-04-22 00:00:00-04:00,7.45318643706172,7.608271167918692,7.380205489599794,7.58090353012085,1185500,0.0,0.0
2024-04-23 00:00:00-04:00,7.562657734799478,7.745110100475885,7.526167261664197,7.672129154205322,1767300,0.0,0.0
2024-04-24 00:00:00-04:00,7.635639133007564,7.78160103418787,7.626516296683406,7.717742919921875,1327400,0.0,0.0
2024-04-25 00:00:00-04:00,7.635639167726585,7.7086201186485805,7.56265821680459,7.681252479553223,1593300,0.0,0.0
2024-04-26 00:00:00-04:00,7.699497305422095,7.745110617385812,7.608271551496222,7.635639190673828,1361500,0.0,0.0
2024-04-29 00:00:00-04:00,7.663007657915717,7.7816019338360505,7.653885690538504,7.735988616943359,1290900,0.0,0.0
2024-04-30 00:00:00-04:00,7.672129154205322,7.726865298908997,7.626515845285844,7.672129154205322,1678000,0.0,0.0
2024-05-01 00:00:00-04:00,7.6630057619465335,7.973175196073195,7.626515291461129,7.845458984375,2206500,0.0,0.0
2024-05-02 00:00:00-04:00,7.900194922566781,8.192118711113809,7.808969173646593,8.11913776397705,3659900,0.0,0.0
2024-05-03 00:00:00-04:00,8.182996711911713,8.338081441446384,8.128260566781206,8.155628204345703,2074700,0.0,0.0
2024-05-06 00:00:00-04:00,8.155628987034213,8.411063195488357,8.128261346843267,8.347204208374023,2386500,0.0,0.0
2024-05-07 00:00:00-04:00,8.401940444859017,8.465798562626162,8.237732862027384,8.283346176147461,1452800,0.0,0.0
2024-05-08 00:00:00-04:00,8.23773192625726,8.35632618149703,8.210364288894699,8.292468070983887,2593500,0.0,0.0
2024-05-09 00:00:00-04:00,8.292467929468673,8.447552655212426,8.265100292573155,8.429306983947754,1679200,0.0,0.0
2024-05-10 00:00:00-04:00,8.00966534591692,8.429306174700798,7.991420546405311,8.192117691040039,5602300,0.0,0.0
2024-05-13 00:00:00-04:00,8.192119696609204,8.246855848547177,8.064403458756633,8.137384414672852,2114200,0.0,0.0
2024-05-14 00:00:00-04:00,8.137384429319207,8.228611059379487,8.073526310277984,8.082648277282715,1211100,0.0,0.0
2024-05-15 00:00:00-04:00,8.173872917598436,8.365448098089079,8.173872917598436,8.26509952545166,2914000,0.0,0.0
2024-05-16 00:00:00-04:00,8.274223325872656,8.365449953964513,8.246855685445741,8.338082313537598,1310200,0.0,0.0
2024-05-17 00:00:00-04:00,8.328957628948071,8.347202428517871,8.219486221525049,8.26509952545166,2161100,0.0,0.0
2024-05-21 00:00:00-04:00,8.255977597833304,8.38369381885959,8.228609960470743,8.292468070983887,1576900,0.0,0.0
2024-05-22 00:00:00-04:00,8.27422338804405,8.36545001682137,8.228610943656998,8.25597858428955,1267600,0.0,0.0
2024-05-23 00:00:00-04:00,8.25597765875138,8.30159096802655,8.073525291652212,8.155628204345703,2018200,0.0,0.0
2024-05-24 00:00:00-04:00,8.110015835771337,8.192118749180564,8.073525362033397,8.146506309509277,983500,0.0,0.0
2024-05-27 00:00:00-04:00,8.13738542084138,8.201243547663571,8.110017776489258,8.110017776489258,583200,0.0,0.0
2024-05-28 00:00:00-04:00,8.082647472101629,8.155628420878953,7.90019510015832,7.945808410644531,1857600,0.0,0.0
2024-05-29 00:00:00-04:00,7.854580909140701,7.891071379438628,7.790722803619687,7.818090438842773,1564700,0.0,0.0
2024-05-30 00:00:00-04:00,7.75423233332176,7.9366846848113966,7.75423233332176,7.818090438842773,2123100,0.0,0.0
2024-05-31 00:00:00-04:00,7.836336108992456,7.8819494143652244,7.745109498246919,7.818090438842773,4056600,0.0,0.0
2024-06-03 00:00:00-04:00,7.854581891969756,7.918440875482762,7.772478976027115,7.836337089538574,2601000,0.0,0.0
2024-06-04 00:00:00-04:00,7.8089695308151175,7.8363371697427695,7.699497235101397,7.708620071411133,1390000,0.0,0.0
2024-06-05 00:00:00-04:00,7.73598721200923,7.818090993504859,7.681251937679811,7.754232883453369,2183600,0.0,0.0
2024-06-06 00:00:00-04:00,7.754232870649633,7.808969014890172,7.717742397823106,7.745110034942627,2947000,0.0,0.0
2024-06-07 00:00:00-04:00,7.644761718507373,7.644761718507373,7.398450365845907,7.453186511993408,3374000,0.0,0.0
2024-06-10 00:00:00-04:00,7.398450340996659,7.51704459891665,7.361959867021395,7.434940814971924,1541200,0.0,0.0
2024-06-11 00:00:00-04:00,7.380205653051001,7.444063765994088,7.307224703972748,7.334592342376709,2485600,0.0,0.0
2024-06-12 00:00:00-04:00,7.526168003187727,7.59002611996578,7.3437156195350095,7.3710832595825195,3893000,0.0,0.0
2024-06-13 00:00:00-04:00,7.352838154451118,7.380205793375437,7.161262506977004,7.1886305809021,2652300,0.0,0.0
2024-06-14 00:00:00-04:00,7.143017694784681,7.252489127003412,6.978810546456583,7.215998649597168,3259000,0.0,0.0
2024-06-17 00:00:00-04:00,7.188629567784649,7.279855743010197,7.097403392559101,7.261610507965088,2548900,0.0,0.0
2024-06-18 00:00:00-04:00,7.206875669314542,7.334592329985721,7.179507595956047,7.325469493865967,1834900,0.0,0.0
2024-06-19 00:00:00-04:00,7.298101867837582,7.371082816915835,7.298101867837582,7.334592342376709,809100,0.0,0.0
2024-06-20 00:00:00-04:00,7.352837683356394,7.352837683356394,7.161262048156489,7.170384883880615,3447900,0.0,0.0
2024-06-21 00:00:00-04:00,7.206875806269939,7.215998207562281,7.124772019634971,7.179507732391357,6164600,0.0,0.0
2024-06-24 00:00:00-04:00,7.179507521258955,7.453186511993408,7.179507521258955,7.453186511993408,1947100,0.0,0.0
2024-06-25 00:00:00-04:00,7.42581897623923,7.42581897623923,7.325469518586371,7.343715190887451,3230300,0.0,0.0
2024-06-26 00:00:00-04:00,7.298101343554658,7.444063231225514,7.28897850807486,7.416695594787598,3198000,0.0,0.0
2024-06-27 00:00:00-04:00,7.416696452968519,7.471431732177734,7.380205976828516,7.471431732177734,3341800,0.0,0.0
2024-06-28 00:00:00-04:00,7.479794736322758,7.544836144581731,7.424044324870263,7.470502853393555,3786400,0.149,0.0
2024-07-02 00:00:00-04:00,7.451919932640167,7.554127985930642,7.405460961311235,7.5262532234191895,2305800,0.0,0.0
2024-07-03 00:00:00-04:00,7.535544671358398,7.702795028686523,7.498378023743568,7.702795028686523,1978200,0.0,0.0
2024-07-04 00:00:00-04:00,7.628461020431563,7.758544717986053,7.628461020431563,7.693502426147461,806800,0.0,0.0
2024-07-05 00:00:00-04:00,7.702794949534137,7.75854536344489,7.600586891174316,7.600586891174316,2048900,0.0,0.0
2024-07-08 00:00:00-04:00,7.609877636910446,7.6377532860060136,7.535544344901076,7.572710990905762,2733600,0.0,0.0
2024-07-09 00:00:00-04:00,7.572709991590356,7.628460396301778,7.479793831901482,7.60987663269043,1445400,0.0,0.0
2024-07-10 00:00:00-04:00,7.609876748497674,7.767835197107458,7.609876748497674,7.7492523193359375,3706000,0.0,0.0
2024-07-11 00:00:00-04:00,7.786420836822458,7.9908378582909485,7.786420836822458,7.925795555114746,2755500,0.0,0.0
2024-07-12 00:00:00-04:00,7.925792896034339,8.009418053402854,7.88862625788417,7.9722514152526855,3843700,0.0,0.0
2024-07-15 00:00:00-04:00,7.9536700658332204,7.9536700658332204,7.786419718994853,7.897919654846191,4331700,0.0,0.0
2024-07-16 00:00:00-04:00,7.907212679032946,7.981545980329848,7.851462259998844,7.9443793296813965,2095400,0.0,0.0
2024-07-17 00:00:00-04:00,7.91650269831888,7.9908359821049375,7.860752292418017,7.888627052307129,2064700,0.0,0.0
2024-07-18 00:00:00-04:00,7.842168962251485,7.870044609805362,7.498377284191204,7.5541276931762695,2860500,0.0,0.0
2024-07-19 00:00:00-04:00,7.5262526891600965,7.582002210225562,7.489086046408899,7.544835567474365,1711700,0.0,0.0
2024-07-22 00:00:00-04:00,7.591293825677386,7.805001792456166,7.582001943785449,7.786418914794922,1793200,0.0,0.0
2024-07-23 00:00:00-04:00,7.777128168192842,7.842169578685762,7.730669638073861,7.814294815063477,878200,0.0,0.0
2024-07-24 00:00:00-04:00,7.814294396713059,7.93508621410653,7.786419634583092,7.795711517333984,1596400,0.0,0.0
2024-07-25 00:00:00-04:00,7.805002589795599,7.962961053604655,7.777127827394802,7.879335880279541,1771200,0.0,0.0
2024-07-26 00:00:00-04:00,7.962959534184506,8.037292810484843,7.925792896034339,7.9722514152526855,1399100,0.0,0.0
2024-07-29 00:00:00-04:00,7.9908381071602985,8.028004758937296,7.935087686433365,7.953671455383301,1049600,0.0,0.0
2024-07-30 00:00:00-04:00,7.953670631421159,8.02800392727458,7.935086864396411,8.018712043762207,1489900,0.0,0.0
2024-07-31 00:00:00-04:00,8.028004162466647,8.139504109513332,7.953670864435523,8.009420394897461,2562400,0.0,0.0
2024-08-01 00:00:00-04:00,8.018709934471033,8.07445944863501,7.925792896034339,7.9722514152526855,1489300,0.0,0.0
2024-08-02 00:00:00-04:00,7.90721196321015,8.018711905061656,7.832878668642479,7.935086727142334,2380300,0.0,0.0
2024-08-06 00:00:00-04:00,7.637754112890816,7.907212547127796,7.5912955788245435,7.860754013061523,3795600,0.0,0.0
2024-08-07 00:00:00-04:00,7.944378635721449,7.990837166504465,7.712086867929142,7.758545398712158,2248300,0.0,0.0
2024-08-08 00:00:00-04:00,7.767835244624125,7.9908359821049375,7.739960484735014,7.888627052307129,2082400,0.0,0.0
2024-08-09 00:00:00-04:00,7.433336495110684,7.5169616724603205,6.727169315405706,6.8944196701049805,10452600,0.0,0.0
2024-08-12 00:00:00-04:00,6.690002382318554,6.773627556092479,6.374085896066301,6.569211006164551,7478900,0.0,0.0
2024-08-13 00:00:00-04:00,6.559918953997729,6.662127447854931,6.429835698309424,6.50416898727417,4764400,0.0,0.0
2024-08-14 00:00:00-04:00,6.4948766054165805,6.569210331729271,6.355501920850912,6.522751808166504,3261600,0.0,0.0
2024-08-15 00:00:00-04:00,6.504168819056657,6.671418714901747,6.504168819056657,6.634252071380615,5736600,0.0,0.0
2024-08-16 00:00:00-04:00,6.63425282358785,6.838669829192693,6.63425282358785,6.8015031814575195,3059900,0.0,0.0
2024-08-19 00:00:00-04:00,6.782919857589933,6.866544593463377,6.7364613263902715,6.8015031814575195,3317400,0.0,0.0
2024-08-20 00:00:00-04:00,6.792210990168344,6.866544282269886,6.643544405965257,6.652835845947266,1870200,0.0,0.0
2024-08-21 00:00:00-04:00,6.652835345212912,6.690001988466288,6.597085380332849,6.6714186668396,1308300,0.0,0.0
2024-08-22 00:00:00-04:00,6.634252599237096,6.708585892193711,6.522752659802175,6.597085952758789,1487600,0.0,0.0
2024-08-23 00:00:00-04:00,6.634251962794969,6.782918977507535,6.6063772021410285,6.745752334594727,1644300,0.0,0.0
2024-08-26 00:00:00-04:00,6.745753235849632,6.847961295984524,6.745753235849632,6.782919883728027,1732200,0.0,0.0
2024-08-27 00:00:00-04:00,6.736460970149066,6.755044293033919,6.6249610328399475,6.69000244140625,1718200,0.0,0.0
2024-08-28 00:00:00-04:00,6.671418023736353,6.745751746138908,6.606376625843396,6.624959945678711,2178400,0.0,0.0
2024-08-29 00:00:00-04:00,6.634252216715321,6.773627354503484,6.55991892804466,6.717877388000488,2760800,0.0,0.0
2024-08-30 00:00:00-04:00,6.690002086936597,6.810793900818673,6.690002086936597,6.792210578918457,4408100,0.0,0.0
2024-09-03 00:00:00-04:00,6.773627615918772,6.801502821776735,6.69000244140625,6.69000244140625,1579000,0.0,0.0
2024-09-04 00:00:00-04:00,6.690002709662975,6.820086418134429,6.671419386032965,6.680711269378662,3835700,0.0,0.0
2024-09-05 00:00:00-04:00,6.708584663406984,6.782918385809539,6.606376625843396,6.624959945678711,2181100,0.0,0.0
2024-09-06 00:00:00-04:00,6.615669781182877,6.6807116390173205,6.51346171709342,6.578503131866455,2298900,0.0,0.0
2024-09-09 00:00:00-04:00,6.559919469756064,6.7178779427559405,6.559919469756064,6.66212797164917,3343800,0.0,0.0
2024-09-10 00:00:00-04:00,6.680710743665158,6.745752592782661,6.643544099329828,6.717877388000488,3140200,0.0,0.0
2024-09-11 00:00:00-04:00,6.6992949631634175,6.77362826179058,6.662128313849836,6.755044937133789,1702200,0.0,0.0
2024-09-12 00:00:00-04:00,6.7643365337223464,6.838669829192693,6.755044650257858,6.8015031814575195,4672600,0.0,0.0
2024-09-13 00:00:00-04:00,6.792210627640714,6.950169086456299,6.792210627640714,6.950169086456299,2199300,0.0,0.0
2024-09-16 00:00:00-04:00,6.922293384075116,7.024501869440064,6.903710063377972,6.968751907348633,2705100,0.0,0.0
2024-09-17 00:00:00-04:00,6.968751907348633,7.089543713410724,6.903710063377972,6.968751907348633,2881000,0.0,0.0
2024-09-18 00:00:00-04:00,6.959460735321045,7.015211146160225,6.913002650370206,6.959460735321045,2907700,0.0,0.0
2024-09-19 00:00:00-04:00,7.005919849733213,7.0802531463253855,6.847961372944148,6.885128021240234,3019500,0.0,0.0
2024-09-20 00:00:00-04:00,6.885128103384976,7.005919933319092,6.829378130275708,7.005919933319092,19448200,0.0,0.0
2024-09-23 00:00:00-04:00,6.968753284579579,7.070961790143939,6.931586635840067,7.005919933319092,4004000,0.0,0.0
2024-09-24 00:00:00-04:00,6.996627562882177,7.052377528582825,6.773627257018241,6.792210578918457,3650500,0.0,0.0
2024-09-25 00:00:00-04:00,6.782919237117991,6.820085881453321,6.708585505385981,6.717877388000488,1872000,0.0,0.0
2024-09-26 00:00:00-04:00,6.745752712361521,6.885127409558966,6.717877507085218,6.8200860023498535,2590500,0.0,0.0
2024-09-27 00:00:00-04:00,6.8464180777087895,7.025101666225823,6.8464180777087895,7.015697479248047,4530800,0.088,0.0
2024-09-30 00:00:00-04:00,6.987484418622767,7.025102065547535,6.912249124773229,6.949866771697998,2108400,0.0,0.0
2024-10-01 00:00:00-04:00,6.912248731866318,7.034506301641297,6.837013442293315,7.015697479248047,3864600,0.0,0.0
2024-10-02 00:00:00-04:00,6.968675631548046,7.034506738228997,6.940462620426015,6.987484455108643,2008200,0.0,0.0
2024-10-03 00:00:00-04:00,6.968675440592538,6.987484263637735,6.79939603318576,6.808800220489502,1886200,0.0,0.0
2024-10-04 00:00:00-04:00,6.808800125882148,6.808800125882148,6.677138366395187,6.714756011962891,4362300,0.0,0.0
2024-10-07 00:00:00-04:00,6.677138751882629,6.705352211906092,6.564285808664246,6.6207122802734375,3281500,0.0,0.0
2024-10-08 00:00:00-04:00,6.6207122802734375,6.658329928012899,6.545476984794515,6.6207122802734375,1704800,0.0,0.0
2024-10-09 00:00:00-04:00,6.601903329383277,6.658329799906825,6.460836928855545,6.489050388336182,3221300,0.0,0.0
2024-10-10 00:00:00-04:00,6.489049872111473,6.536071702921497,6.385601126829118,6.451432228088379,7449100,0.0,0.0
2024-10-11 00:00:00-04:00,6.432623894683254,6.498454552505161,6.376197424362595,6.479645729064941,3323600,0.0,0.0
2024-10-15 00:00:00-04:00,6.4984551747907435,6.630117399917848,6.4984551747907435,6.611308574676514,4005000,0.0,0.0
2024-10-16 00:00:00-04:00,6.630116992404835,6.705352288745914,6.601903532058061,6.6865434646606445,4069500,0.0,0.0
2024-10-17 00:00:00-04:00,6.677139265838733,6.724161553351349,6.620712789886254,6.65833044052124,1394100,0.0,0.0
2024-10-18 00:00:00-04:00,6.630116533654413,6.752373657530594,6.630116533654413,6.714756011962891,1978000,0.0,0.0
2024-10-21 00:00:00-04:00,6.677138793009503,6.771182912937407,6.6019034970671795,6.64892578125,2129400,0.0,0.0
2024-10-22 00:00:00-04:00,6.583094143841292,6.648925246717276,6.5360718634387736,6.592498779296875,1671200,0.0,0.0
2024-10-23 00:00:00-04:00,6.564285737116872,6.592499196832823,6.470241618793253,6.545476913452148,2076700,0.0,0.0
2024-10-24 00:00:00-04:00,6.536072611463184,6.601903721873247,6.3573890017345525,6.4044108390808105,3612800,0.0,0.0
2024-10-25 00:00:00-04:00,6.3667927884236235,6.489050365003913,6.357388600922375,6.479645729064941,2333200,0.0,0.0
2024-10-28 00:00:00-04:00,6.489050442457977,6.583094560781596,6.47964580640675,6.545476913452148,1703800,0.0,0.0
2024-10-29 00:00:00-04:00,6.498454892066801,6.517263716489832,6.31036664783649,6.3291754722595215,3245800,0.0,0.0
2024-10-30 00:00:00-04:00,6.300961578568272,6.376197319529904,6.272748568090662,6.357388496398926,2193400,0.0,0.0
2024-10-31 00:00:00-04:00,6.319770835829132,6.395006581959003,6.28215318698307,6.3291754722595215,2844100,0.0,0.0
2024-11-01 00:00:00-04:00,6.319770260168866,6.3667925411621145,6.197513136774292,6.244534969329834,2100900,0.0,0.0
2024-11-04 00:00:00-05:00,6.188108926399152,6.272748858627712,6.178704738616943,6.178704738616943,1751100,0.0,0.0
2024-11-05 00:00:00-05:00,6.159895949699738,6.253940070246155,6.141087125590455,6.216322422027588,2204500,0.0,0.0
2024-11-06 00:00:00-05:00,6.141087125590455,6.3009619063004925,6.122278301481172,6.216322422027588,3970400,0.0,0.0
2024-11-07 00:00:00-05:00,6.159895978998095,6.554881287171714,6.159895978998095,6.2633442878723145,3912000,0.0,0.0
2024-11-08 00:00:00-05:00,6.235131298608418,6.338579607861172,6.197513650073282,6.272748947143555,1909000,0.0,0.0
2024-11-11 00:00:00-05:00,6.300961651344935,6.536072167416578,6.300961651344935,6.432623863220215,2634500,0.0,0.0
2024-11-12 00:00:00-05:00,6.38560186938302,6.423219517780508,6.23513127579307,6.2633442878723145,2120100,0.0,0.0
2024-11-13 00:00:00-05:00,6.253940087895273,6.357388845007142,6.206917803270495,6.23513126373291,1911100,0.0,0.0
2024-11-14 00:00:00-05:00,6.225726263009804,6.395006119000013,6.225726263009804,6.3479838371276855,2247600,0.0,0.0
2024-11-15 00:00:00-05:00,6.329175032600076,6.479645617531806,6.329175032600076,6.366792678833008,1783700,0.0,0.0
2024-11-18 00:00:00-05:00,6.347984291115745,6.3761977519444235,6.291557817896135,6.3385796546936035,2966800,0.0,0.0
2024-11-19 00:00:00-05:00,6.310366572588045,6.310366572588045,6.206917815276084,6.2633442878723145,1990300,0.0,0.0
2024-11-20 00:00:00-05:00,6.2539400524899085,6.282153064354861,6.178704756266384,6.197513580322266,2307300,0.0,0.0
2024-11-21 00:00:00-05:00,6.178704803196839,6.310366572588045,6.150491342679852,6.2633442878723145,2719900,0.0,0.0
2024-11-22 00:00:00-05:00,6.253939628601074,6.33857910689685,6.2445349929917064,6.253939628601074,2207500,0.0,0.0
2024-11-25 00:00:00-05:00,6.235131406279767,6.432624288718511,6.235131406279767,6.376197814941406,3034000,0.0,0.0
2024-11-26 00:00:00-05:00,6.329175454925718,6.395006564444907,6.272748981811161,6.310366630554199,2139900,0.0,0.0
2024-11-27 00:00:00-05:00,6.27274909995938,6.5266684579763705,6.27274909995938,6.442028522491455,3434500,0.0,0.0
2024-11-28 00:00:00-05:00,6.4420280872295725,6.507859193540759,6.4326238997209595,6.470241546630859,636900,0.0,0.0
2024-11-29 00:00:00-05:00,6.4514332428715155,6.554881555988163,6.4514332428715155,6.536072731018066,2210500,0.0,0.0
2024-12-02 00:00:00-05:00,6.489050762495617,6.545477236272722,6.357388990349038,6.376197814941406,4517300,0.0,0.0
2024-12-03 00:00:00-05:00,6.347984387708593,6.460837335865018,6.347984387708593,6.413815498352051,1998500,0.0,0.0
2024-12-04 00:00:00-05:00,6.4138153299000065,6.43262415409875,6.23513127579307,6.2633442878723145,3525800,0.0,0.0
2024-12-05 00:00:00-05:00,6.23513126373291,6.3385795724070375,6.216322439570547,6.23513126373291,2338900,0.0,0.0
2024-12-06 00:00:00-05:00,6.244534969329834,6.291557250323082,6.178704314064534,6.244534969329834,3363200,0.0,0.0
2024-12-09 00:00:00-05:00,6.272748581511011,6.601903211226217,6.272748581511011,6.38560152053833,4215700,0.0,0.0
2024-12-10 00:00:00-05:00,6.366792996825195,6.376197633072004,6.197513580322266,6.197513580322266,3447000,0.0,0.0
2024-12-11 00:00:00-05:00,6.197513918281455,6.20691810660335,6.0376386808693745,6.056447505950928,4161100,0.0,0.0
2024-12-12 00:00:00-05:00,6.028233546314159,6.075255829353948,5.896571781615569,6.047042369842529,4848100,0.0,0.0
2024-12-13 00:00:00-05:00,6.037638108787893,6.0846599428174555,5.962402815590416,5.97180700302124,2566900,0.0,0.0
2024-12-16 00:00:00-05:00,5.934188965028932,6.141086456113646,5.924784778218368,6.037637710571289,2785400,0.0,0.0
2024-12-17 00:00:00-05:00,5.971807062765413,6.065851180203112,5.971807062765413,6.018829345703125,4112000,0.0,0.0
2024-12-18 00:00:00-05:00,5.981211526149628,6.03763799498415,5.858953952789307,5.858953952789307,5952500,0.0,0.0
2024-12-19 00:00:00-05:00,5.830740432854525,5.89657153668824,5.793122787360319,5.811931610107422,2959000,0.0,0.0
2024-12-20 00:00:00-05:00,5.821336870521689,5.9624032804849065,5.755505759622119,5.943594455718994,5699900,0.0,0.0
2024-12-23 00:00:00-05:00,5.8777629580871995,6.047042369842529,5.8777629580871995,6.047042369842529,2259900,0.0,0.0
2024-12-24 00:00:00-05:00,6.037637710571289,6.07525535468893,5.981211244394828,6.037637710571289,871300,0.0,0.0
2024-12-27 00:00:00-05:00,6.018829358768837,6.131682299939057,6.018829358768837,6.047042369842529,4303600,0.0,0.0
2024-12-30 00:00:00-05:00,6.000020991754076,6.0752562915918595,5.94359451687574,6.028234004974365,2163500,0.0,0.0
2024-12-31 00:00:00-05:00,6.069268855040706,6.174240156349071,6.0597257612637145,6.088354587554932,1776300,0.093,0.0
2025-01-02 00:00:00-05:00,6.116982745265797,6.260125961645317,6.116982745265797,6.241040229797363,2948700,0.0,0.0
2025-01-03 00:00:00-05:00,6.269668730003476,6.346011653436868,6.250582999145128,6.260125637054443,3099400,0.0,0.0
2025-01-06 00:00:00-05:00,6.260125825958868,6.279211557393143,6.1169826126819355,6.136068344116211,2782600,0.0,0.0
2025-01-07 00:00:00-05:00,6.136068036885051,6.20286832108021,6.078810845449076,6.097896575927734,1612800,0.0,0.0
2025-01-08 00:00:00-05:00,6.078810998106057,6.145611283978769,5.945210881400352,6.116982460021973,2362700,0.0,0.0
2025-01-09 00:00:00-05:00,6.088353954324985,6.116982322598902,5.983382208894635,6.040639400482178,1145200,0.0,0.0
2025-01-10 00:00:00-05:00,5.964296990393582,6.05972565123193,5.887954061722905,5.897496700286865,2686800,0.0,0.0
2025-01-13 00:00:00-05:00,5.868868350982666,5.90703981545737,5.754353957558553,5.868868350982666,2680600,0.0,0.0
2025-01-14 00:00:00-05:00,5.868868158517972,5.98338254818668,5.868868158517972,5.935667991638184,1365900,0.0,0.0
2025-01-15 00:00:00-05:00,5.96429637116817,6.050182384525696,5.802067437066044,5.8497819900512695,1955600,0.0,0.0
2025-01-16 00:00:00-05:00,5.830696219392249,6.069268072582966,5.821153126845565,6.050182342529297,2641000,0.0,0.0
2025-01-17 00:00:00-05:00,6.07881149377794,6.155154423834844,6.0597257612637145,6.088354587554932,1880000,0.0,0.0
2025-01-20 00:00:00-05:00,6.050182800318616,6.136068364538843,6.040639707049851,6.107439994812012,921800,0.0,0.0
2025-01-21 00:00:00-05:00,6.155153770280793,6.241039784995314,6.107439671581388,6.126525402069092,1798000,0.0,0.0
2025-01-22 00:00:00-05:00,6.1074395326903055,6.116982170197291,6.021553519928943,6.050182342529297,1684800,0.0,0.0
2025-01-23 00:00:00-05:00,6.059725437177173,6.1265257249242255,6.031097067456816,6.078811168670654,2692900,0.0,0.0
2025-01-24 00:00:00-05:00,6.0501824932666235,6.097896592069721,5.9929253016790796,6.040639400482178,1745300,0.0,0.0
2025-01-27 00:00:00-05:00,5.992925405037572,6.288754460861824,5.98338231208854,6.260125637054443,4565600,0.0,0.0
2025-01-28 00:00:00-05:00,6.241039782037527,6.298296973473502,6.059725114970417,6.097896575927734,1891500,0.0,0.0
2025-01-29 00:00:00-05:00,6.069267922397585,6.126525111141751,5.878410171544009,5.916581630706787,1990100,0.0,0.0
2025-01-30 00:00:00-05:00,5.95475324837782,6.012010893685802,5.926124880763528,5.964296340942383,1401600,0.0,0.0
2025-01-31 00:00:00-05:00,5.9642970561458455,6.307840693990977,5.9642970561458455,6.1742401123046875,3490400,0.0,0.0
2025-02-03 00:00:00-05:00,6.002468521006734,6.250583496965812,5.954753962540833,6.231497764587402,3088000,0.0,0.0
2025-02-04 00:00:00-05:00,6.174239500768497,6.307840069222131,6.116982309305386,6.126525402069092,1551500,0.0,0.0
2025-02-05 00:00:00-05:00,6.155154380034011,6.288754961722631,6.145611741364682,6.231497764587402,2008400,0.0,0.0
2025-02-06 00:00:00-05:00,6.269668588987453,6.317382687540289,6.107439652820455,6.155153751373291,2066900,0.0,0.0
2025-02-07 00:00:00-05:00,6.145611456417708,6.145611456417708,6.031097067456816,6.078811168670654,1889700,0.0,0.0
2025-02-10 00:00:00-05:00,6.107440127455592,6.260125982754066,6.031097199806355,6.212411880493164,1783200,0.0,0.0
2025-02-11 00:00:00-05:00,6.183782864528132,6.307840345654711,6.126525670555801,6.279211521148682,2466200,0.0,0.0
2025-02-12 00:00:00-05:00,6.231497385992598,6.450983522529298,6.212411654773742,6.422354698181152,2882500,0.0,0.0
2025-02-13 00:00:00-05:00,6.460526617662702,6.603669839450513,6.431897791289237,6.508241176605225,2469700,0.0,0.0
2025-02-14 00:00:00-05:00,6.508240529774992,6.613211820952216,6.422354514230251,6.546411991119385,2272800,0.0,0.0
2025-02-18 00:00:00-05:00,6.546412296184664,6.6132121291303925,6.527326564623065,6.584583759307861,1549300,0.0,0.0
2025-02-19 00:00:00-05:00,6.594126509516838,6.804070015298356,6.584583871093901,6.718183994293213,2693100,0.0,0.0
2025-02-20 00:00:00-05:00,6.699097789730163,6.804069535214286,6.641840598113289,6.746812343597412,2114300,0.0,0.0
2025-02-21 00:00:00-05:00,6.756355458064445,6.8517841174925245,6.68955562398466,6.718183994293213,2039400,0.0,0.0
2025-02-24 00:00:00-05:00,6.718183860778672,6.7563553237913,6.641840934753418,6.641840934753418,1454400,0.0,0.0
2025-02-25 00:00:00-05:00,6.651383235862913,6.775440711885994,6.651383235862913,6.746812343597412,1862700,0.0,0.0
2025-02-26 00:00:00-05:00,6.756355285644531,6.813612479840194,6.7277269160665645,6.756355285644531,1782500,0.0,0.0
2025-02-27 00:00:00-05:00,6.6990984795811865,6.765898770866268,6.555955258278732,6.565498352050781,3169700,0.0,0.0
2025-02-28 00:00:00-05:00,6.575040968914117,6.670469631118434,6.527326865331836,6.5941267013549805,4238800,0.0,0.0
2025-03-03 00:00:00-05:00,6.594126071040093,6.689555179162352,6.546411972018675,6.575040340423584,2580700,0.0,0.0
2025-03-04 00:00:00-05:00,6.546411972018675,6.651383262889621,6.489154780169147,6.575040340423584,2464000,0.0,0.0
2025-03-05 00:00:00-05:00,6.555954914104912,6.660926664887883,6.536869182602529,6.6132121086120605,1365600,0.0,0.0
2025-03-06 00:00:00-05:00,6.5750408379977205,6.613212302119411,6.441440713571805,6.5177836418151855,3075200,0.0,0.0
2025-03-07 00:00:00-05:00,6.202868671825947,6.575040664724379,5.887953873601141,6.555954933166504,7665400,0.0,0.0
2025-03-10 00:00:00-04:00,6.489155525547647,6.994927672500648,6.489155525547647,6.72772741317749,6206900,0.0,0.0
2025-03-11 00:00:00-04:00,6.699098188518002,6.708641281875423,6.450983676741643,6.470069408416748,4106200,0.0,0.0
2025-03-12 00:00:00-04:00,6.4796123066708455,6.727727283440332,6.374640550726851,6.622755527496338,2489300,0.0,0.0
2025-03-13 00:00:00-04:00,6.641840276637249,6.8040692058860985,6.641840276637249,6.737268924713135,2004600,0.0,0.0
2025-03-14 00:00:00-04:00,6.7372695012459465,6.966298731266628,6.680012307500707,6.956755638122559,2289600,0.0,0.0
2025-03-17 00:00:00-04:00,6.956755487232595,7.052184141404841,6.909040932626614,6.966298580169678,2128400,0.0,0.0
2025-03-18 00:00:00-04:00,6.956755164981372,7.014012354832449,6.9376694350310135,6.985383987426758,1417200,0.0,0.0
2025-03-19 00:00:00-04:00,7.014012966048822,7.042641790988987,6.956755771208229,7.0330986976623535,1730800,0.0,0.0
2025-03-20 00:00:00-04:00,7.014013464159896,7.052184930097765,6.956756265253094,7.0044708251953125,2042800,0.0,0.0
2025-03-21 00:00:00-04:00,7.014013464159896,7.03309919712883,6.93767053228416,7.0044708251953125,4203700,0.0,0.0
2025-03-24 00:00:00-04:00,7.014012966048822,7.071270160889416,6.994927234435291,7.0330986976623535,3260000,0.0,0.0
2025-03-25 00:00:00-04:00,7.033098084782807,7.0808126371785525,6.966298257476399,6.985383987426758,1838400,0.0,0.0
2025-03-26 00:00:00-04:00,6.97584150282176,7.109441624116478,6.97584150282176,7.0330986976623535,1711000,0.0,0.0
2025-03-27 00:00:00-04:00,7.052184430475455,7.147613088559343,7.0140129672419,7.061727523803711,1600600,0.0,0.0
2025-03-28 00:00:00-04:00,7.080812931060791,7.166698946921869,7.061727200318297,7.080812931060791,2379700,0.0,0.0
2025-03-31 00:00:00-04:00,7.064384048848031,7.209344143148174,7.054720288329587,7.141695976257324,2395200,0.093,0.0
2025-04-01 00:00:00-04:00,7.112704277038574,7.141696019585231,7.045056109737311,7.112704277038574,1747100,0.0,0.0
2025-04-02 00:00:00-04:00,7.074048174852994,7.238335787976107,7.025727990465623,7.228672027587891,7566200,0.0,0.0
2025-04-03 00:00:00-04:00,7.141695730411242,7.257664078348519,6.900095735166332,6.938751697540283,2805400,0.0,0.0
2025-04-04 00:00:00-04:00,6.909759630584702,6.929087610860957,6.619839465625467,6.6584954261779785,3124800,0.0,0.0
2025-04-07 00:00:00-04:00,6.397567992833339,6.726144145606344,6.291264322901844,6.465216159820557,2729100,0.0,0.0
2025-04-08 00:00:00-04:00,6.590848164292555,6.6005119246661845,6.223616053786057,6.281599998474121,2502900,0.0,0.0
2025-04-09 00:00:00-04:00,6.165632076277697,6.745471980887213,6.097983910760673,6.716479778289795,4880000,0.0,0.0
2025-04-10 00:00:00-04:00,6.6005120277404785,6.706816158403033,6.494207897077924,6.6005120277404785,4326800,0.0,0.0
2025-04-11 00:00:00-04:00,6.590848077564539,6.813120093018319,6.513535691515701,6.774464130401611,1798500,0.0,0.0
2025-04-14 00:00:00-04:00,6.813120316186843,7.035392338921299,6.75513590954704,6.977407932281494,2178100,0.0,0.0
2025-04-15 00:00:00-04:00,6.938751968398583,7.045056099484307,6.9290882078355756,6.977407932281494,1444500,0.0,0.0
2025-04-16 00:00:00-04:00,6.987071761520601,7.1223676275175025,6.987071761520601,7.054719924926758,1529500,0.0,0.0
2025-04-17 00:00:00-04:00,7.074048334107925,7.334976321879935,7.074048334107925,7.219007968902588,1847900,0.0,0.0
2025-04-21 00:00:00-04:00,7.190015886940466,7.228671849170086,7.025727817056874,7.103039741516113,1178300,0.0,0.0
2025-04-22 00:00:00-04:00,7.190015928989441,7.257664093694607,7.1320319853059075,7.209343910217285,2168800,0.0,0.0
2025-04-23 00:00:00-04:00,7.170687836232767,7.2383355390703565,7.016063988814943,7.02572774887085,1561700,0.0,0.0
2025-04-24 00:00:00-04:00,7.025728154850397,7.1223680650708445,6.9484162266740395,7.083712100982666,1771400,0.0,0.0
2025-04-25 00:00:00-04:00,7.054720223182857,7.103039946959739,6.909760130221345,7.0643839836120605,825800,0.0,0.0
2025-04-28 00:00:00-04:00,7.045056066995707,7.161023958109648,7.025728085143384,7.141695976257324,1544600,0.0,0.0
2025-04-29 00:00:00-04:00,7.1513598311229405,7.209343773708549,7.122367629422429,7.19001579284668,1554500,0.0,0.0
2025-04-30 00:00:00-04:00,7.170687973919913,7.219007696758081,7.093376048726505,7.180351734161377,2732000,0.0,0.0
2025-05-01 00:00:00-04:00,7.170688113225893,7.238335818676615,7.054720223182857,7.0643839836120605,2095400,0.0,0.0
2025-05-02 00:00:00-04:00,7.112704164453291,7.238335814859275,7.01606425613506,7.199679851531982,1565700,0.0,0.0
2025-05-05 00:00:00-04:00,7.19001579284668,7.228671754570419,7.132031850261071,7.19001579284668,1724900,0.0,0.0
2025-05-06 00:00:00-04:00,7.161024101886864,7.363968145818637,7.161024101886864,7.29632043838501,2025200,0.0,0.0
2025-05-07 00:00:00-04:00,7.286656216857094,7.373632367346553,7.276992456144624,7.29632043838501,1661200,0.0,0.0
2025-05-08 00:00:00-04:00,7.296320367501821,7.383296056330871,7.238335960528532,7.354304313659668,1748100,0.0,0.0
2025-05-09 00:00:00-04:00,7.44128025187415,8.088768363559717,7.44128025187415,8.069440841674805,5249600,0.0,0.0
2025-05-12 00:00:00-04:00,7.97279989012531,7.97279989012531,7.721535672396624,7.750528335571289,2731600,0.0,0.0
2025-05-13 00:00:00-04:00,7.76019185725467,7.76019185725467,7.518592314480091,7.547584056854248,1314500,0.0,0.0
2025-05-14 00:00:00-04:00,7.528255969374449,7.537920190573865,7.276992208790216,7.3639678955078125,1931300,0.0,0.0
2025-05-15 00:00:00-04:00,7.392960369510511,7.470272298680404,7.354304404925563,7.402624130249023,1212300,0.0,0.0
2025-05-16 00:00:00-04:00,7.392960202017577,7.547584056854248,7.363967998827984,7.547584056854248,1042700,0.0,0.0
2025-05-20 00:00:00-04:00,7.499264332625507,7.692544151171345,7.499264332625507,7.547584056854248,1808500,0.0,0.0
2025-05-21 00:00:00-04:00,7.518592391514623,7.518592391514623,7.305984128120408,7.354304313659668,1605300,0.0,0.0
2025-05-22 00:00:00-04:00,7.315648483808327,7.392960413437589,7.257664536586382,7.373632431030273,1347300,0.0,0.0
2025-05-23 00:00:00-04:00,7.373632431030273,7.392960413437589,7.248000314974999,7.373632431030273,1057800,0.0,0.0
2025-05-26 00:00:00-04:00,7.392960071563721,7.4992642002958405,7.383295850399242,7.392960071563721,462600,0.0,0.0
2025-05-27 00:00:00-04:00,7.373632289363741,7.557248349113222,7.373632289363741,7.48960018157959,1530800,0.0,0.0
2025-05-28 00:00:00-04:00,7.460607946451819,7.460607946451819,7.190016199096681,7.248000144958496,1756300,0.0,0.0
2025-05-29 00:00:00-04:00,7.238336030848407,7.3543043851061665,7.219008048608021,7.29632043838501,1156300,0.0,0.0
2025-05-30 00:00:00-04:00,7.296320466207959,7.363968173899546,7.257664501579781,7.267328262329102,2312900,0.0,0.0
2025-06-02 00:00:00-04:00,7.248000150825664,7.315648318126928,7.054720331129822,7.112704277038574,3662300,0.0,0.0
2025-06-03 00:00:00-04:00,7.3156478196369585,8.272384013977744,7.286655618250398,8.253055572509766,8133800,0.0,0.0
2025-06-04 00:00:00-04:00,7.97279959614476,8.204735363204849,7.789184010963226,7.847167491912842,5089100,0.0,0.0
2025-06-05 00:00:00-04:00,7.837503086640099,7.837503086640099,7.663551265441547,7.7215352058410645,2579400,0.0,0.0
2025-06-06 00:00:00-04:00,7.731199893454845,7.769855856056886,7.644223747192543,7.750528335571289,2329100,0.0,0.0
2025-06-09 00:00:00-04:00,7.740864194219138,7.779520157219211,7.65388804706126,7.6635518074035645,2300900,0.0,0.0
2025-06-10 00:00:00-04:00,7.663551603336884,7.760191508263718,7.634559862266542,7.702207565307617,2398100,0.0,0.0
2025-06-11 00:00:00-04:00,7.6925445217986645,7.808512418513509,7.6925445217986645,7.7698564529418945,2413600,0.0,0.0
2025-06-12 00:00:00-04:00,7.760191917419434,7.818176324248174,7.74086439623044,7.760191917419434,1528800,0.0,0.0
2025-06-13 00:00:00-04:00,7.740864030314328,7.769855771542799,7.663551645135765,7.673215866088867,2123900,0.0,0.0
2025-06-16 00:00:00-04:00,7.634559903907294,7.750528251267431,7.605567701863406,7.673215866088867,1317900,0.0,0.0
2025-06-17 00:00:00-04:00,7.644224374741548,7.644224374741548,7.5379206992666985,7.6055684089660645,1393400,0.0,0.0
2025-06-18 00:00:00-04:00,7.634560613705408,7.644224374741548,7.586240426078323,7.6055684089660645,1281600,0.0,0.0
2025-06-19 00:00:00-04:00,7.615231854360644,7.653887816194726,7.547583690743295,7.5959038734436035,449300,0.0,0.0
2025-06-20 00:00:00-04:00,7.663551920536583,7.673216141836983,7.5185922875540605,7.576576232910156,2441400,0.0,0.0
2025-06-23 00:00:00-04:00,7.537920670946344,7.682880311652057,7.537920670946344,7.634560585021973,2317200,0.0,0.0
2025-06-24 00:00:00-04:00,7.6055684089660645,7.673216579480892,7.5669124431905805,7.6055684089660645,2059700,0.0,0.0
2025-06-25 00:00:00-04:00,7.5862402284875,7.5862402284875,7.4702723341815425,7.508928298950195,1455600,0.0,0.0
2025-06-26 00:00:00-04:00,7.489599976470321,7.566911902496965,7.479935755309276,7.528255939483643,1073100,0.0,0.0
2025-06-27 00:00:00-04:00,7.537919956321271,7.615231880252292,7.537919956321271,7.566911697387695,1602400,0.0,0.0
2025-06-30 00:00:00-04:00,7.575709590621526,7.663685722120555,7.5268338584301695,7.614809989929199,1213800,0.089,0.0
2025-07-02 00:00:00-04:00,7.614810096086527,7.693010895792065,7.5463841632874145,7.556159496307373,1940600,0.0,0.0
2025-07-03 00:00:00-04:00,7.5561596510687945,7.741886787230182,7.5561596510687945,7.73211145401001,1538500,0.0,0.0
2025-07-04 00:00:00-04:00,7.72233658690338,7.761436987556984,7.693011053356407,7.73211145401001,561600,0.0,0.0
2025-07-07 00:00:00-04:00,7.712561113299325,7.741886646312516,7.62458544648682,7.634360313415527,1290300,0.0,0.0
2025-07-08 00:00:00-04:00,7.605035321476745,7.712561189320055,7.59525998833815,7.683236122131348,1833100,0.0,0.0
2025-07-09 00:00:00-04:00,7.72233658690338,7.771211854663614,7.673460853029605,7.73211145401001,1345300,0.0,0.0
2025-07-10 00:00:00-04:00,7.712561147402255,7.839638146945629,7.6832360803729305,7.790761947631836,2791400,0.0,0.0
2025-07-11 00:00:00-04:00,7.751661547517045,7.820087480774697,7.712561147402255,7.790761947631836,813200,0.0,0.0
2025-07-14 00:00:00-04:00,7.780986862772878,7.917838725455988,7.780986862772878,7.829862594604492,1254100,0.0,0.0
2025-07-15 00:00:00-04:00,7.820087432861328,7.868963165762125,7.790761899898143,7.820087432861328,1129200,0.0,0.0
2025-07-16 00:00:00-04:00,7.849412441253662,7.898288173790465,7.810312041669633,7.849412441253662,1682500,0.0,0.0
2025-07-17 00:00:00-04:00,7.849412212942421,7.927613009835899,7.849412212942421,7.88851261138916,1117800,0.0,0.0
2025-07-18 00:00:00-04:00,7.927613087340968,8.015589217762997,7.927613087340968,7.9373884201049805,1131500,0.0,0.0
2025-07-21 00:00:00-04:00,7.966713524459498,8.103565387132283,7.937388458253561,8.093790054321289,2657300,0.0,0.0
2025-07-22 00:00:00-04:00,8.09378971301007,8.201316504942564,8.09378971301007,8.113340377807617,1192900,0.0,0.0
2025-07-23 00:00:00-04:00,8.123116052754273,8.171990852355153,8.005813923476431,8.093790054321289,2081500,0.0,0.0
2025-07-24 00:00:00-04:00,8.064464911040606,8.12311597511898,8.0155891796798,8.044914245605469,1601100,0.0,0.0
2025-07-25 00:00:00-04:00,8.025364704584957,8.074240437116215,7.986264305005363,8.035140037536621,575700,0.0,0.0
2025-07-28 00:00:00-04:00,7.996039484462013,8.035139883291022,7.917838686803997,7.9373884201049805,2163300,0.0,0.0
2025-07-29 00:00:00-04:00,7.956938992194115,8.015589123635374,7.937388326895675,7.996039390563965,976100,0.0,0.0
2025-07-30 00:00:00-04:00,7.976489386088691,8.142666325984464,7.976489386088691,8.064465522766113,1904800,0.0,0.0
2025-07-31 00:00:00-04:00,8.025364628027399,8.13289049278878,7.966713563103976,7.986264228820801,2413600,0.0,0.0
2025-08-01 00:00:00-04:00,7.956939220428467,7.986264286990248,7.849412422656843,7.956939220428467,2056600,0.0,0.0
2025-08-05 00:00:00-04:00,8.01558898794844,8.181765911264035,7.927612860048772,7.9764885902404785,2979400,0.0,0.0
2025-08-06 00:00:00-04:00,8.025364723656631,8.044914457379356,7.849412459016789,7.927613258361816,1641600,0.0,0.0
2025-08-07 00:00:00-04:00,7.888512858689303,8.05468979035425,7.888512858689303,7.927613258361816,1409400,0.0,0.0
2025-08-08 00:00:00-04:00,7.820087446196314,7.966713712921667,7.62458544648682,7.634360313415527,2330500,0.0,0.0
2025-08-11 00:00:00-04:00,7.624585398946915,7.771211664758042,7.624585398946915,7.6636857986450195,1692500,0.0,0.0
2025-08-12 00:00:00-04:00,7.653910483174401,7.810312082324636,7.653910483174401,7.741886615753174,2977600,0.0,0.0
2025-08-13 00:00:00-04:00,7.74188663311088,7.859187832736552,7.7321113000853074,7.820087432861328,3442100,0.0,0.0
2025-08-14 00:00:00-04:00,7.810312059344276,8.025364723656631,7.810312059344276,7.927613258361816,3116200,0.0,0.0
2025-08-15 00:00:00-04:00,7.898288136907505,7.937388536308946,7.84941240459894,7.8787384033203125,1436600,0.0,0.0
2025-08-18 00:00:00-04:00,7.868962821915905,7.888512554885728,7.820087091150807,7.839637756347656,1393500,0.0,0.0
2025-08-19 00:00:00-04:00,7.859187774206434,7.908063506743237,7.829862707575177,7.849412441253662,1698800,0.0,0.0
2025-08-20 00:00:00-04:00,7.868963070413188,7.927613203401822,7.829862671011748,7.8787384033203125,1936700,0.0,0.0
2025-08-21 00:00:00-04:00,7.868963413166899,7.966713949814759,7.849412746501069,7.859188079833984,2268400,0.0,0.0
2025-08-22 00:00:00-04:00,7.878738746499814,7.947164215376025,7.839638345395251,7.859188079833984,2673300,0.0,0.0
2025-08-25 00:00:00-04:00,7.839637756347656,7.888512554885728,7.751661161302373,7.839637756347656,1647800,0.0,0.0
2025-08-26 00:00:00-04:00,7.810312147689231,7.810312147689231,7.702786280430326,7.790761947631836,2912500,0.0,0.0
2025-08-27 00:00:00-04:00,7.761436663262937,7.8885127270207915,7.761436663262937,7.829862594604492,2235800,0.0,0.0
2025-08-28 00:00:00-04:00,7.820087604358113,7.868963338330769,7.771211870385457,7.810312271118164,1364600,0.0,0.0
2025-08-29 00:00:00-04:00,7.8005369852054365,7.85918758315573,7.780986785888672,7.780986785888672,1206700,0.0,0.0
2025-09-02 00:00:00-04:00,7.761437031573238,7.780987232010912,7.605035428071847,7.6245856285095215,1578400,0.0,0.0
2025-09-03 00:00:00-04:00,7.634360065113055,7.653910264448148,7.546383935048381,7.595259666442871,1284100,0.0,0.0
2025-09-04 00:00:00-04:00,7.624585505144547,7.673460772391163,7.5561595716630405,7.605035305023193,1708600,0.0,0.0
2025-09-05 00:00:00-04:00,7.644135598795968,7.702786198343125,7.644135598795968,7.6636857986450195,1750900,0.0,0.0
2025-09-08 00:00:00-04:00,7.683235980553881,7.7027861803572835,7.585484981536865,7.585484981536865,1809800,0.0,0.0
2025-09-09 00:00:00-04:00,7.585484799832084,7.644135397837362,7.565934134383474,7.595259666442871,1019200,0.0,0.0
2025-09-10 00:00:00-04:00,7.614809912910389,7.634360112366489,7.565934181213379,7.565934181213379,2890600,0.0,0.0
2025-09-11 00:00:00-04:00,7.575709868176141,7.6148102689163535,7.536609467435928,7.546384334564209,1773000,0.0,0.0
2025-09-12 00:00:00-04:00,7.536609115085991,7.585484846783001,7.52683378230118,7.565934181213379,2034100,0.0,0.0
2025-09-15 00:00:00-04:00,7.575709744260459,7.595259944310784,7.487733610977232,7.526834011077881,2505900,0.0,0.0
2025-09-16 00:00:00-04:00,7.4975089862184205,7.4975089862184205,7.419308185577393,7.419308185577393,3275400,0.0,0.0
2025-09-17 00:00:00-04:00,7.419308185577393,7.468183452921266,7.409532852440495,7.419308185577393,1539700,0.0,0.0
2025-09-18 00:00:00-04:00,7.39975773811161,7.42908280431516,7.350882006287662,7.380207538604736,1431800,0.0,0.0
2025-09-19 00:00:00-04:00,7.448633360897148,7.487733761785305,7.350882358676754,7.360657691955566,13813000,0.0,0.0
2025-09-22 00:00:00-04:00,7.3606575685856415,7.389982635703477,7.341107368469238,7.341107368469238,2535300,0.0,0.0
2025-09-23 00:00:00-04:00,7.341107186615954,7.389982452639459,7.32155652087032,7.350882053375244,2153300,0.0,0.0
2025-09-24 00:00:00-04:00,7.360657691955566,7.399758092843724,7.350882358676754,7.360657691955566,2341100,0.0,0.0
2025-09-25 00:00:00-04:00,7.380207633534312,7.3899825003567186,7.321556568145752,7.321556568145752,3235700,0.0,0.0
2025-09-26 00:00:00-04:00,7.331331729888916,7.419307859803909,7.302006197879412,7.331331729888916,4234200,0.0,0.0
2025-09-29 00:00:00-04:00,7.371901988983154,7.411482634069462,7.183894160742447,7.371901988983154,2628200,0.091,0.0
2025-09-30 00:00:00-04:00,7.371902242349987,7.4312736838585085,7.34221699343425,7.401587963104248,1680200,0.0,0.0
2025-10-01 00:00:00-04:00,7.540120276787646,7.955717539133797,7.500539630072634,7.896346569061279,5336700,0.0,0.0
2025-10-02 00:00:00-04:00,7.906241344228647,7.916136741638184,7.827080052306428,7.916136741638184,2262000,0.0,0.0
2025-10-03 00:00:00-04:00,7.9062412208410535,8.044773951381464,7.9062412208410535,7.995297908782959,1876800,0.0,0.0
2025-10-06 00:00:00-04:00,8.01508870329317,8.064563802214654,7.9260320153512644,7.995297908782959,1662500,0.0,0.0
2025-10-07 00:00:00-04:00,7.9952983125722925,8.05466975542436,7.955717665229937,8.005193710327148,1422300,0.0,0.0
2025-10-08 00:00:00-04:00,8.00519375674727,8.12393569946289,7.985402961122795,8.12393569946289,2180200,0.0,0.0
2025-10-09 00:00:00-04:00,8.143725124801717,8.252572607680206,8.044773982894121,8.054669380187988,1314000,0.0,0.0
2025-10-10 00:00:00-04:00,8.04477420119166,8.104144699211849,8.005193554619181,8.024983406066895,1599600,0.0,0.0
2025-10-14 00:00:00-04:00,8.06456410157731,8.193201439637729,8.054669647631938,8.143725395202637,2336800,0.0,0.0
2025-10-15 00:00:00-04:00,8.143725299694282,8.282258033752441,8.123935448358571,8.282258033752441,3648600,0.0,0.0
2025-10-16 00:00:00-04:00,8.272362792028357,8.341629632200368,8.222887690918858,8.262468338012695,1439600,0.0,0.0
2025-10-17 00:00:00-04:00,8.222887536068264,8.29215343125882,8.173411492213418,8.282258033752441,1873400,0.0,0.0
2025-10-20 00:00:00-04:00,8.321838585714866,8.43068606969639,8.302048734603611,8.420790672302246,2068800,0.0,0.0
2025-10-21 00:00:00-04:00,8.37131488160148,8.410895528695317,8.242677542627245,8.262468338012695,2122700,0.0,0.0
2025-10-22 00:00:00-04:00,8.232781866115255,8.252572660830452,8.163515971966133,8.17341136932373,1335100,0.0,0.0
2025-10-23 00:00:00-04:00,8.21299218504395,8.222887582606331,8.015088952181564,8.024983406066895,3208400,0.0,0.0
2025-10-24 00:00:00-04:00,8.034878710374333,8.064563959039893,7.965612815595679,7.975508213043213,1897800,0.0,0.0
2025-10-27 00:00:00-04:00,7.955717387599293,7.96561278500883,7.856765772696519,7.916136741638184,1560700,0.0,0.0
2025-10-28 00:00:00-04:00,7.876555951359888,8.05466932675994,7.85676562874194,7.935927391052246,2014500,0.0,0.0
2025-10-29 00:00:00-04:00,7.9458220120759355,7.985402658146067,7.757814179162072,7.78749942779541,1363400,0.0,0.0
2025-10-30 00:00:00-04:00,7.797394799541309,7.807289725106981,7.698443184692007,7.728128433227539,1129400,0.0,0.0
2025-10-31 00:00:00-04:00,7.728128283218728,7.787499250975874,7.65886191824947,7.747918605804443,1963800,0.0,0.0
2025-11-03 00:00:00-05:00,7.74791868340728,7.77760440350244,7.599491026608516,7.73802375793457,1007100,0.0,0.0
2025-11-04 00:00:00-05:00,7.69844333489191,7.728128584006613,7.668757613938679,7.708338260650635,1051100,0.0,0.0
2025-11-05 00:00:00-05:00,7.708338063756057,7.8171850753529135,7.708338063756057,7.797394752502441,1365200,0.0,0.0
2025-11-06 00:00:00-05:00,7.836975723202872,8.015089108082005,7.787499678105661,8.005193710327148,2274900,0.0,0.0
2025-11-07 00:00:00-05:00,8.31194350710921,9.004606252432536,8.31194350710921,8.628589630126953,7996600,0.0,0.0
2025-11-10 00:00:00-05:00,8.62858960432793,8.777016795780812,8.559322763796457,8.757226943969727,2755700,0.0,0.0
2025-11-11 00:00:00-05:00,8.757227118806183,8.866073665132927,8.56921833262343,8.60879898071289,1666500,0.0,0.0
2025-11-12 00:00:00-05:00,8.608798556260151,8.62858935116765,8.509847412753782,8.539532661437988,1147800,0.0,0.0
2025-11-13 00:00:00-05:00,8.49995186088786,8.579113151725709,8.430685967323999,8.559322357177734,1983200,0.0,0.0
2025-11-14 00:00:00-05:00,8.46037124525874,8.549427933684152,8.430685997009277,8.430685997009277,1901800,0.0,0.0
2025-11-17 00:00:00-05:00,8.410894919800857,8.480160811281403,8.292152987115497,8.341629028320312,1836300,0.0,0.0
2025-11-18 00:00:00-05:00,8.331733549272238,8.381209589989691,8.272362111675898,8.351523399353027,1143100,0.0,0.0
2025-11-19 00:00:00-05:00,8.361419179809461,8.371314577142298,8.222887391857874,8.302048683166504,1052300,0.0,0.0
2025-11-20 00:00:00-05:00,8.302048901825794,8.381210195219372,8.262468255129004,8.27236270904541,1180600,0.0,0.0
2025-11-21 00:00:00-05:00,8.282257888500832,8.351523782476626,8.222887391857874,8.302048683166504,833300,0.0,0.0
2025-11-24 00:00:00-05:00,8.292153203407294,8.371314493929036,8.24267716091195,8.311943054199219,4418900,0.0,0.0
2025-11-25 00:00:00-05:00,8.331733534975129,8.499951506919617,8.282257494342577,8.4801607131958,1145800,0.0,0.0
2025-11-26 00:00:00-05:00,8.499952087793574,8.589008778282771,8.499952087793574,8.529637336730957,1539600,0.0,0.0
2025-11-27 00:00:00-05:00,8.509847787355834,8.549428435236123,8.490056991577148,8.490056991577148,203100,0.0,0.0
2025-11-28 00:00:00-05:00,8.470266414498443,8.519741512356378,8.450475620413668,8.460371017456055,667600,0.0,0.0
2025-12-01 00:00:00-05:00,8.460371464603407,8.480161316057112,8.35152397873834,8.401000022888184,1230700,0.0,0.0
2025-12-02 00:00:00-05:00,8.400999972797845,8.440580619146312,8.272362636246063,8.282258033752441,2114000,0.0,0.0
2025-12-03 00:00:00-05:00,8.282257909226214,8.331733952337173,8.143725177250936,8.17341136932373,1961300,0.0,0.0
2025-12-04 00:00:00-05:00,8.173411159610744,8.193201010141141,8.054669225397337,8.074459075927734,1433400,0.0,0.0
2025-12-05 00:00:00-05:00,8.094250171932824,8.094250171932824,8.015088879505655,8.034878730773926,1503600,0.0,0.0
2025-12-08 00:00:00-05:00,7.916136741638184,7.955717387599293,7.846870375286983,7.916136741638184,3239300,0.0,0.0
2025-12-09 00:00:00-05:00,7.92603213904772,7.955717387599293,7.906241344228647,7.916136741638184,2370300,0.0,0.0
2025-12-10 00:00:00-05:00,7.916136669026445,7.945821917305726,7.906241271707675,7.926032066345215,2906100,0.0,0.0
2025-12-11 00:00:00-05:00,7.93592741260637,8.064563802214654,7.93592741260637,7.995297908782959,2276500,0.0,0.0
2025-12-12 00:00:00-05:00,8.01508903503418,8.064564136003415,7.965612990387882,8.01508903503418,1399000,0.0,0.0
2025-12-15 00:00:00-05:00,8.044774404319144,8.133831097275127,8.024983608694669,8.12393569946289,1434000,0.0,0.0
2025-12-16 00:00:00-05:00,8.203096861191774,8.440580742760586,8.173411611914938,8.391104698181152,2844900,0.0,0.0
2025-12-17 00:00:00-05:00,8.391104344720961,8.42079053642438,8.272362408938347,8.311943054199219,2702100,0.0,0.0
2025-12-18 00:00:00-05:00,8.311943167660994,8.569217837207086,8.292153316598927,8.54942798614502,2354600,0.0,0.0
2025-12-19 00:00:00-05:00,8.589008495190845,8.628589140361802,8.361419077700079,8.440580368041992,25788100,0.0,0.0
2025-12-22 00:00:00-05:00,8.331733983109011,8.43068606969639,8.22288744280452,8.420790672302246,2658500,0.0,0.0
2025-12-23 00:00:00-05:00,8.410895047917668,8.509847131834562,8.400999650790576,8.450475692749023,2166900,0.0,0.0
2025-12-24 00:00:00-05:00,8.430686142554539,8.480161242598758,8.400999950115553,8.410895347595215,1573700,0.0,0.0
2025-12-29 00:00:00-05:00,8.371315047936282,8.53953303734678,8.361419650046939,8.490056991577148,1943400,0.0,0.0
2025-12-30 00:00:00-05:00,8.480161316057112,8.55932260922604,8.401000022888184,8.401000022888184,1671500,0.0,0.0
2025-12-31 00:00:00-05:00,8.449999809265137,8.479999542236328,8.40999984741211,8.4399995803833,856300,0.089,0.0
2026-01-02 00:00:00-05:00,8.449999809265137,8.520000457763672,8.399999618530273,8.420000076293945,1734000,0.0,0.0
2026-01-05 00:00:00-05:00,8.399999618530273,8.4399995803833,8.3100004196167,8.420000076293945,1996500,0.0,0.0
2026-01-06 00:00:00-05:00,8.4399995803833,8.59000015258789,8.40999984741211,8.579999923706055,1748500,0.0,0.0
2026-01-07 00:00:00-05:00,8.75,9.130000114440918,8.710000038146973,8.890000343322754,3953400,0.0,0.0
2026-01-08 00:00:00-05:00,8.890000343322754,8.989999771118164,8.59000015258789,8.640000343322754,2190300,0.0,0.0
2026-01-09 00:00:00-05:00,8.680000305175781,8.90999984741211,8.65999984741211,8.890000343322754,2005400,0.0,0.0
2026-01-12 00:00:00-05:00,8.869999885559082,8.970000267028809,8.800000190734863,8.829999923706055,3017300,0.0,0.0
2026-01-13 00:00:00-05:00,8.829999923706055,8.880000114440918,8.75,8.8100004196167,2398600,0.0,0.0
2026-01-14 00:00:00-05:00,8.829999923706055,8.930000305175781,8.789999961853027,8.880000114440918,2229700,0.0,0.0
2026-01-15 00:00:00-05:00,8.949999809265137,9.020000457763672,8.869999885559082,8.949999809265137,1740100,0.0,0.0
2026-01-16 00:00:00-05:00,8.9399995803833,9.020000457763672,8.859999656677246,9.0,2403300,0.0,0.0
2026-01-19 00:00:00-05:00,8.949999809265137,9.079999923706055,8.949999809265137,9.0600004196167,933900,0.0,0.0
2026-01-20 00:00:00-05:00,8.989999771118164,9.069999694824219,8.920000076293945,9.050000190734863,2557100,0.0,0.0
2026-01-21 00:00:00-05:00,9.0600004196167,9.119999885559082,8.84000015258789,8.869999885559082,2633600,0.0,0.0
2026-01-22 00:00:00-05:00,8.90999984741211,9.0,8.8100004196167,8.819999694824219,1337700,0.0,0.0
2026-01-23 00:00:00-05:00,8.8100004196167,8.850000381469727,8.710000038146973,8.739999771118164,1839500,0.0,0.0
2026-01-26 00:00:00-05:00,8.75,8.850000381469727,8.739999771118164,8.829999923706055,1713400,0.0,0.0
2026-01-27 00:00:00-05:00,8.890000343322754,9.039999961853027,8.800000190734863,9.020000457763672,2708200,0.0,0.0
2026-01-28 00:00:00-05:00,8.970000267028809,9.0600004196167,8.899999618530273,8.930000305175781,1517900,0.0,0.0
2026-01-29 00:00:00-05:00,8.880000114440918,8.970000267028809,8.710000038146973,8.720000267028809,3229800,0.0,0.0
2026-01-30 00:00:00-05:00,8.720000267028809,8.9399995803833,8.720000267028809,8.9399995803833,2699800,0.0,0.0
2026-02-02 00:00:00-05:00,8.859999656677246,8.970000267028809,8.800000190734863,8.90999984741211,3982800,0.0,0.0
2026-02-03 00:00:00-05:00,8.890000343322754,9.0,8.850000381469727,8.9399995803833,2089500,0.0,0.0
2026-02-04 00:00:00-05:00,8.989999771118164,9.020000457763672,8.859999656677246,8.960000038146973,2060400,0.0,0.0
2026-02-05 00:00:00-05:00,8.989999771118164,9.0600004196167,8.869999885559082,8.949999809265137,1873300,0.0,0.0
2026-02-06 00:00:00-05:00,8.989999771118164,9.039999961853027,8.819999694824219,8.899999618530273,1753400,0.0,0.0
2026-02-09 00:00:00-05:00,8.84000015258789,8.859999656677246,8.75,8.8100004196167,1524000,0.0,0.0
2026-02-10 00:00:00-05:00,8.84000015258789,9.0,8.789999961853027,8.979999542236328,2491100,0.0,0.0
2026-02-11 00:00:00-05:00,9.0,9.029999732971191,8.90999984741211,8.989999771118164,1644700,0.0,0.0
2026-02-12 00:00:00-05:00,8.960000038146973,9.09000015258789,8.960000038146973,9.069999694824219,2298000,0.0,0.0
2026-02-13 00:00:00-05:00,9.050000190734863,9.3100004196167,9.050000190734863,9.279999732971191,2290800,0.0,0.0
2026-02-17 00:00:00-05:00,9.260000228881836,9.380000114440918,9.220000267028809,9.229999542236328,2313100,0.0,0.0
2026-02-18 00:00:00-05:00,9.25,9.260000228881836,9.109999656677246,9.220000267028809,2172800,0.0,0.0
2026-02-19 00:00:00-05:00,9.229999542236328,9.25,9.170000076293945,9.199999809265137,1003700,0.0,0.0
2026-02-20 00:00:00-05:00,9.199999809265137,9.25,9.130000114440918,9.149999618530273,2125900,0.0,0.0
2026-02-23 00:00:00-05:00,9.170000076293945,9.25,9.15999984741211,9.239999771118164,1565400,0.0,0.0
2026-02-24 00:00:00-05:00,9.300000190734863,9.329999923706055,9.220000267028809,9.3100004196167,2445800,0.0,0.0
2026-02-25 00:00:00-05:00,9.359999656677246,9.380000114440918,9.25,9.329999923706055,1807300,0.0,0.0
2026-02-26 00:00:00-05:00,9.34000015258789,9.520000457763672,9.270000457763672,9.4399995803833,4408300,0.0,0.0
2026-02-27 00:00:00-05:00,9.460000038146973,9.6899995803833,9.430000305175781,9.539999961853027,3194600,0.0,0.0
2026-03-02 00:00:00-05:00,9.460000038146973,9.579999923706055,9.359999656677246,9.510000228881836,1581300,0.0,0.0
2026-03-03 00:00:00-05:00,9.5,9.529999732971191,9.260000228881836,9.5,1585300,0.0,0.0
2026-03-04 00:00:00-05:00,9.5,9.539999961853027,9.390000343322754,9.520000457763672,1339500,0.0,0.0
2026-03-05 00:00:00-05:00,9.479999542236328,9.479999542236328,9.319999694824219,9.4399995803833,1489500,0.0,0.0
2026-03-06 00:00:00-05:00,8.880000114440918,8.899999618530273,8.130000114440918,8.350000381469727,7082100,0.0,0.0
2026-03-09 00:00:00-04:00,8.25,8.5,8.180000305175781,8.399999618530273,3730500,0.0,0.0
2026-03-10 00:00:00-04:00,8.380000114440918,8.5,8.289999961853027,8.390000343322754,3533300,0.0,0.0
2026-03-11 00:00:00-04:00,8.34000015258789,8.550000190734863,8.319999694824219,8.529999732971191,2563100,0.0,0.0
2026-03-12 00:00:00-04:00,8.539999961853027,8.6899995803833,8.520000457763672,8.579999923706055,2777400,0.0,0.0
2026-03-13 00:00:00-04:00,8.630000114440918,8.819999694824219,8.630000114440918,8.699999809265137,1357900,0.0,0.0
2026-03-16 00:00:00-04:00,8.729999542236328,8.819999694824219,8.649999618530273,8.800000190734863,967406,0.0,0.0
