Date,Open,High,Low,Close,Volume,Dividends,Stock Splits
2022-01-03 00:00:00-05:00,38.45601343099301,38.58058118334356,37.31710099332363,38.22467041015625,2216800,0.0,0.0
2022-01-04 00:00:00-05:00,38.26916466668813,38.52719984973648,37.77089357579999,37.92215347290039,2186000,0.0,0.0
2022-01-05 00:00:00-05:00,37.34380175338078,37.55734553191713,36.64977598759473,36.85442352294922,3454700,0.0,0.0
2022-01-06 00:00:00-05:00,36.8455265045981,36.94340214862527,36.08032062680432,36.160400390625,1855100,0.0,0.0
2022-01-07 00:00:00-05:00,36.18709038369733,36.35614953859892,35.78669498238005,36.08921813964844,1934600,0.0,0.0
2022-01-10 00:00:00-05:00,36.00024201854211,36.22268543693777,35.66213046641708,35.92906188964844,2241000,0.0,0.0
2022-01-11 00:00:00-05:00,35.9290603261235,36.58749091516011,35.9290603261235,36.37394714355469,2331100,0.0,0.0
2022-01-12 00:00:00-05:00,36.320570253194305,36.916720529985106,36.320570253194305,36.774356842041016,1908700,0.0,0.0
2022-01-13 00:00:00-05:00,36.89891727007206,37.103564818452064,36.302767112428235,36.391746520996094,1644900,0.0,0.0
2022-01-14 00:00:00-05:00,36.24047937321219,36.39174265459807,35.52866115138251,36.382843017578125,1848100,0.0,0.0
2022-01-18 00:00:00-05:00,36.06252398487395,36.26717151160036,35.724412450743536,35.82228469848633,2181800,0.0,0.0
2022-01-19 00:00:00-05:00,35.91126755935665,36.089222980599935,35.42189269660064,35.475276947021484,2263400,0.0,0.0
2022-01-20 00:00:00-05:00,35.519762903060005,35.66212994720901,34.22069417315471,34.28297805786133,3520600,0.0,0.0
2022-01-21 00:00:00-05:00,34.3274649878339,34.96809963202676,33.740211189814,34.87022399902344,3309000,0.0,0.0
2022-01-24 00:00:00-05:00,34.389748898873826,35.48416995277507,34.16730551244959,35.430782318115234,2478600,0.0,0.0
2022-01-25 00:00:00-05:00,34.95921289852827,35.67103124913582,34.49653012207896,35.332916259765625,2454900,0.0,0.0
2022-01-26 00:00:00-05:00,35.777791246650565,35.866770632251,34.994793018665725,35.35070037841797,2667700,0.0,0.0
2022-01-27 00:00:00-05:00,35.85787758178775,35.92906110334076,34.549912618313755,34.66558074951172,3101600,0.0,0.0
2022-01-28 00:00:00-05:00,34.6477868618093,35.564256086318764,34.44313931690024,35.50197219848633,3264400,0.0,0.0
2022-01-31 00:00:00-05:00,35.38527253019841,36.00465166692543,35.37629755940362,35.843074798583984,2368000,0.35,0.0
2022-02-01 00:00:00-05:00,35.58274979864157,35.8969285086248,34.586360429251386,34.783843994140625,3660900,0.0,0.0
2022-02-02 00:00:00-05:00,34.5594362914486,35.861026135328025,33.72462366033821,35.79819107055664,4249300,0.0,0.0
2022-02-03 00:00:00-05:00,35.27755139457544,35.789210272932145,34.90054103126165,35.37629318237305,2876500,0.0,0.0
2022-02-04 00:00:00-05:00,35.14291187221451,35.76228760619383,34.69408798329353,35.331417083740234,2025100,0.0,0.0
2022-02-07 00:00:00-05:00,35.28653077904256,36.0315765569,35.17881059428282,35.81614303588867,3205800,0.0,0.0
2022-02-08 00:00:00-05:00,35.96874328624327,36.26496867270688,35.564801133908446,35.74433135986328,2368300,0.0,0.0
2022-02-09 00:00:00-05:00,36.094416940894476,36.93820805798201,35.932840064186415,36.69584274291992,2068000,0.0,0.0
2022-02-10 00:00:00-05:00,36.300874512610115,36.96513536773789,35.88795736106677,36.022605895996094,1814800,0.0,0.0
2022-02-11 00:00:00-05:00,36.07645980550244,36.80355567473482,35.48401246087931,35.62763595581055,2624400,0.0,0.0
2022-02-14 00:00:00-05:00,35.82511833758488,35.87000003619003,34.26320988664533,34.721012115478516,2661700,0.0,0.0
2022-02-15 00:00:00-05:00,34.93644333476225,35.2057403571438,34.65817476720701,34.963375091552734,2233600,0.0,0.0
2022-02-16 00:00:00-05:00,35.10700747532803,35.33141943472107,34.810782045286935,35.089054107666016,1033400,0.0,0.0
2022-02-17 00:00:00-05:00,34.84669308432517,34.99929501617189,34.290152315086615,34.39786911010742,2153700,0.0,0.0
2022-02-18 00:00:00-05:00,34.29014633819053,34.74794520542436,34.218332871190555,34.496604919433594,2180300,0.0,0.0
2022-02-22 00:00:00-05:00,34.20037283492175,34.29013965116602,33.19500846276329,33.46430206298828,4057700,0.0,0.0
2022-02-23 00:00:00-05:00,33.57202754448926,33.8233678211594,32.943673428559464,33.06934356689453,2767600,0.0,0.0
2022-02-24 00:00:00-05:00,33.40147071312402,34.30809682447945,32.89879018334686,34.27219009399414,3555000,0.0,0.0
2022-02-25 00:00:00-05:00,34.49659870381943,34.837705762099326,33.49123431674885,34.10163497924805,2549200,0.0,0.0
2022-02-28 00:00:00-05:00,33.8503038599837,34.26322110110676,33.21297462813003,33.96699905395508,2724200,0.0,0.0
2022-03-01 00:00:00-05:00,33.83234559631954,33.85029896389185,32.2794152559895,32.800052642822266,3868400,0.0,0.0
2022-03-02 00:00:00-05:00,32.93469353739225,34.05675318477995,32.76414170372086,33.868247985839844,2893300,0.0,0.0
2022-03-03 00:00:00-05:00,33.86825252208435,34.36195814820999,33.53612378076414,33.5540771484375,2516700,0.0,0.0
2022-03-04 00:00:00-05:00,33.168083009386706,33.78745868609849,32.92571772086796,33.71564865112305,3015000,0.0,0.0
2022-03-07 00:00:00-05:00,33.643838529573046,34.85566509238759,33.5720284874736,34.119590759277344,3822500,0.0,0.0
2022-03-08 00:00:00-05:00,34.02983247687901,34.48763140895811,33.51817343692086,33.60793685913086,4305100,0.0,0.0
2022-03-09 00:00:00-05:00,33.958019874271045,34.370937064241836,33.598959363880475,34.02085494995117,3462800,0.0,0.0
2022-03-10 00:00:00-05:00,33.77848294541651,33.81438624995826,33.051387096443555,33.79643630981445,2309700,0.0,0.0
2022-03-11 00:00:00-05:00,33.95801585279479,34.76589676911811,33.87722741873702,34.54148483276367,2701700,0.0,0.0
2022-03-14 00:00:00-04:00,35.08905625423532,35.40323164690332,34.35298525633746,34.72999572753906,2922500,0.0,0.0
2022-03-15 00:00:00-04:00,34.8466875473734,35.25960471622216,34.209358427073624,34.93645095825195,2669000,0.0,0.0
2022-03-16 00:00:00-04:00,35.044162625316325,35.690466559593126,34.69408061419685,35.18778610229492,2618900,0.0,0.0
2022-03-17 00:00:00-04:00,35.07109415855442,35.34038777443942,34.631248718268225,34.721012115478516,2516300,0.0,0.0
2022-03-18 00:00:00-04:00,34.56841053980208,34.81975421789273,34.00289496866993,34.029823303222656,10766500,0.0,0.0
2022-03-21 00:00:00-04:00,33.75154979868411,34.18242367800701,33.29375101025276,33.383514404296875,3151600,0.0,0.0
2022-03-22 00:00:00-04:00,33.50919109814137,34.16447352413909,33.50919109814137,33.72462463378906,2383500,0.0,0.0
2022-03-23 00:00:00-04:00,33.53612560774159,33.55407897639301,32.575642642547855,32.584617614746094,3503900,0.0,0.0
2022-03-24 00:00:00-04:00,32.710282774351924,32.84493130654168,32.44098913422682,32.719261169433594,2385000,0.0,0.0
2022-03-25 00:00:00-04:00,32.7282434387229,33.518174593599895,32.530763218195034,33.23990249633789,2807600,0.0,0.0
2022-03-28 00:00:00-04:00,33.36556517816842,34.02982601893075,33.28478016806328,33.76053237915039,1849300,0.0,0.0
2022-03-29 00:00:00-04:00,33.97597644265951,34.37991873954661,33.76054283382337,34.24527359008789,1802000,0.0,0.0
2022-03-30 00:00:00-04:00,34.245261904391434,34.56841220737531,33.97596484885675,34.12856674194336,1944500,0.0,0.0
2022-03-31 00:00:00-04:00,34.13754759831126,34.981338792527744,34.13754759831126,34.433773040771484,2509200,0.0,0.0
2022-04-01 00:00:00-04:00,34.613296652214096,34.703060052791145,34.12856607088788,34.46967315673828,2153600,0.0,0.0
2022-04-04 00:00:00-04:00,34.38888957703351,34.469678018649674,33.74258204410423,33.81439208984375,1910600,0.0,0.0
2022-04-05 00:00:00-04:00,33.82337228186953,34.03880585478315,33.33864160643154,33.76951217651367,2241900,0.0,0.0
2022-04-06 00:00:00-04:00,33.60792904148887,35.32243603122172,33.36556374879312,35.1967658996582,3148300,0.0,0.0
2022-04-07 00:00:00-04:00,35.187797718728504,35.32244284670314,34.69409206764498,35.04417419433594,2190600,0.0,0.0
2022-04-08 00:00:00-04:00,35.22370355325002,35.61866737914453,35.00826656005447,35.50197219848633,2081900,0.0,0.0
2022-04-11 00:00:00-04:00,35.519924531786224,35.69945478350968,34.5684165946302,34.5953483581543,1948200,0.0,0.0
2022-04-12 00:00:00-04:00,34.62227737420005,35.205749847643006,34.51456059076229,34.891571044921875,1980900,0.0,0.0
2022-04-13 00:00:00-04:00,34.76590066789997,35.017240969041794,34.32605514090177,34.80180740356445,1618200,0.0,0.0
2022-04-14 00:00:00-04:00,34.87360978210241,35.25062357516645,34.810774720634086,35.178810119628906,2020400,0.0,0.0
2022-04-18 00:00:00-04:00,35.23268134225236,35.861035579704065,35.22370636960174,35.753318786621094,1883600,0.0,0.0
2022-04-19 00:00:00-04:00,35.91488922256621,35.97772772281933,35.05314810237115,35.64559555053711,2075300,0.0,0.0
2022-04-20 00:00:00-04:00,35.89694074779793,37.27034092832847,35.79819893168698,37.045928955078125,3098100,0.0,0.0
2022-04-21 00:00:00-04:00,36.80355423411701,37.12670794112649,35.65456631964247,35.67251968383789,2928500,0.0,0.0
2022-04-22 00:00:00-04:00,35.41220154783175,35.49298997574408,33.89517478195073,34.029823303222656,2654400,0.0,0.0
2022-04-25 00:00:00-04:00,33.922109247869486,33.97596592127291,32.85390623530942,33.76053237915039,2442000,0.0,0.0
2022-04-26 00:00:00-04:00,33.60793219112952,34.11061618874798,33.4553337097168,33.4553337097168,2558500,0.0,0.0
2022-04-27 00:00:00-04:00,33.365570764912086,33.8323480833408,32.79107665738597,32.81800842285156,2774500,0.0,0.0
2022-04-28 00:00:00-04:00,33.096274383273546,33.57203005951002,32.51280535097142,33.347618103027344,2869400,0.0,0.0
2022-04-29 00:00:00-04:00,33.302307147934805,33.61041026390288,32.45955460886985,32.53205108642578,2875300,0.35,0.0
2022-05-02 00:00:00-04:00,32.822031459120346,33.42917392840624,32.54111278204663,33.38386535644531,4117600,0.0,0.0
2022-05-03 00:00:00-04:00,33.43823441899561,34.42597640034521,33.34761382718889,33.619468688964844,2978800,0.0,0.0
2022-05-04 00:00:00-04:00,33.67384096766819,34.81563276726619,33.637592731027716,34.661582946777344,2411500,0.0,0.0
2022-05-05 00:00:00-04:00,34.56190110237181,34.59814933804524,33.87320190868676,34.1722412109375,2411200,0.0,0.0
2022-05-06 00:00:00-04:00,35.01499449425217,37.56137607212003,34.66158283025095,37.51606750488281,7897800,0.0,0.0
2022-05-09 00:00:00-04:00,37.18077937276898,37.851357972845264,36.410523299804304,37.54325485229492,6928700,0.0,0.0
2022-05-10 00:00:00-04:00,37.78791434103597,38.19569827322404,36.59175044449855,37.77885055541992,3865200,0.0,0.0
2022-05-11 00:00:00-04:00,37.89666458272668,38.68504473455743,37.7244906401128,37.86948013305664,3439000,0.0,0.0
2022-05-12 00:00:00-04:00,37.93290806396231,38.11414577162322,36.618939004447874,37.50699996948242,3998900,0.0,0.0
2022-05-13 00:00:00-04:00,37.860418207423926,38.68504663725496,37.289523995340986,38.322574615478516,4249400,0.0,0.0
2022-05-16 00:00:00-04:00,38.422253593167206,40.144003386994484,38.39506568671885,39.93558120727539,4438100,0.0,0.0
2022-05-17 00:00:00-04:00,40.17118793895646,41.023000705393905,39.94464165946356,40.95956802368164,6800400,0.0,0.0
2022-05-18 00:00:00-04:00,40.98675256410075,41.612019052464994,40.615216803161665,41.4670295715332,5384500,0.0,0.0
2022-05-19 00:00:00-04:00,41.3220396099544,42.32790563457832,41.249546598742675,41.874813079833984,5579300,0.0,0.0
2022-05-20 00:00:00-04:00,42.42759232080576,42.46384055975311,40.73302690347364,41.430789947509766,6683900,0.0,0.0
2022-05-23 00:00:00-04:00,41.63921497359759,42.39134697048409,41.37642040855544,41.84763717651367,4061100,0.0,0.0
2022-05-24 00:00:00-04:00,41.69358246233303,42.20104745446717,41.23142949884239,41.51234817504883,5191300,0.0,0.0
2022-05-25 00:00:00-04:00,41.66639283561783,42.79912427457054,41.557651585388534,42.45477294921875,4184300,0.0,0.0
2022-05-26 00:00:00-04:00,42.636006809322076,43.33376972734001,42.300719301668835,42.327903747558594,2888200,0.0,0.0
2022-05-27 00:00:00-04:00,42.06512013468568,42.463843880644184,41.612027482876535,42.092308044433594,3274400,0.0,0.0
2022-05-31 00:00:00-04:00,42.0923037733647,42.400406883604866,41.53953024115537,41.720767974853516,15530000,0.0,0.0
2022-06-01 00:00:00-04:00,41.684523122188295,41.76607993613504,40.751153384548594,41.22237014770508,3182500,0.0,0.0
2022-06-02 00:00:00-04:00,41.29486275072895,41.65733824385755,40.81458566063268,41.61202621459961,2193700,0.0,0.0
2022-06-03 00:00:00-04:00,41.35829976272804,41.802332115341656,41.186125786763455,41.21331024169922,2248300,0.0,0.0
2022-06-06 00:00:00-04:00,41.376422779715554,42.21917542844117,41.07738341294153,41.892948150634766,2463100,0.0,0.0
2022-06-07 00:00:00-04:00,41.4036058395707,41.82045371207551,40.42492749593334,41.8113899230957,3247100,0.0,0.0
2022-06-08 00:00:00-04:00,41.49422461479338,41.8838845599921,41.05925609716231,41.35829544067383,2027400,0.0,0.0
2022-06-09 00:00:00-04:00,41.457979710537224,41.85670001958127,41.14081622116386,41.24955749511719,3210000,0.0,0.0
2022-06-10 00:00:00-04:00,40.660526286373624,41.158927422284826,39.7452808154692,39.88120651245117,2631600,0.0,0.0
2022-06-13 00:00:00-04:00,39.28312541131957,39.28312541131957,36.56456992384217,36.74580764770508,3744900,0.0,0.0
2022-06-14 00:00:00-04:00,36.74581505391043,36.90892869258077,35.29591988442153,35.721824645996094,3848000,0.0,0.0
2022-06-15 00:00:00-04:00,36.029924877092924,36.24741086327446,34.81563647490033,35.4409065246582,3597400,0.0,0.0
2022-06-16 00:00:00-04:00,34.879075897041346,34.89719656216955,33.23887915711538,33.40199279785156,3926500,0.0,0.0
2022-06-17 00:00:00-04:00,33.728211359097536,34.271921049763414,32.31456132381557,32.92170715332031,9985100,0.0,0.0
2022-06-21 00:00:00-04:00,33.012336564173204,33.9728943956426,32.921719400957855,33.52886199951172,3901700,0.0,0.0
2022-06-22 00:00:00-04:00,33.15732484022617,33.55604518278433,32.93077848396794,33.05764389038086,3454400,0.0,0.0
2022-06-23 00:00:00-04:00,33.14825681202068,34.40785370732489,33.066700004427204,34.217552185058594,3472900,0.0,0.0
2022-06-24 00:00:00-04:00,34.26286836775829,34.797517847547944,34.02725824754038,34.72502136230469,5475500,0.0,0.0
2022-06-27 00:00:00-04:00,34.8518790760673,35.31403542561376,34.74313782898304,34.98780822753906,2122200,0.0,0.0
2022-06-28 00:00:00-04:00,35.06031100495839,35.259672894157255,34.08163259497547,34.27193069458008,3164900,0.0,0.0
2022-06-29 00:00:00-04:00,34.29911514971706,34.4169202166821,33.57416753920695,34.27193069458008,2340100,0.0,0.0
2022-06-30 00:00:00-04:00,33.94569775869473,35.00593627136108,33.882265069378704,34.589088439941406,3783900,0.0,0.0
2022-07-01 00:00:00-04:00,34.76127091406278,35.51340296426273,34.580033150951756,35.19623947143555,2284700,0.0,0.0
2022-07-05 00:00:00-04:00,34.79750675948301,34.88812388033968,33.12106236906205,34.06349563598633,2898000,0.0,0.0
2022-07-06 00:00:00-04:00,34.07256365146885,34.425978798905405,33.26605934071904,33.80070877075195,2338300,0.0,0.0
2022-07-07 00:00:00-04:00,34.21754977711828,34.6253337863893,33.97288282837768,34.1722412109375,2393900,0.0,0.0
2022-07-08 00:00:00-04:00,34.56190197741495,34.64345878133402,34.108809390491686,34.28098678588867,1646300,0.0,0.0
2022-07-11 00:00:00-04:00,34.15411514755261,34.3262925287825,33.58322102391549,33.98194122314453,1703400,0.0,0.0
2022-07-12 00:00:00-04:00,34.00007156312561,34.688770843635275,33.89133029921828,34.15412139892578,2344800,0.0,0.0
2022-07-13 00:00:00-04:00,33.74634085128202,34.37160744081877,33.61041167855459,33.637596130371094,2337700,0.0,0.0
2022-07-14 00:00:00-04:00,33.08482652567191,33.28418841438791,32.64985796041934,32.858280181884766,3196600,0.0,0.0
2022-07-15 00:00:00-04:00,33.01232965604467,33.26606042541075,32.34175103537687,32.60454559326172,4743900,0.0,0.0
2022-07-18 00:00:00-04:00,32.64078903568071,32.803902636817114,32.196756797737834,32.251129150390625,3768800,0.0,0.0
2022-07-19 00:00:00-04:00,32.35986654186256,32.59547658512003,32.14238407081732,32.387054443359375,4138000,0.0,0.0
2022-07-20 00:00:00-04:00,32.377999273534165,32.522988778422096,31.634927628880707,32.47768020629883,4039700,0.0,0.0
2022-07-21 00:00:00-04:00,32.86733098309627,33.31135970562902,32.341742013934955,32.65890884399414,2562100,0.0,0.0
2022-07-22 00:00:00-04:00,32.69515266849864,32.89451099474585,32.069882878628604,32.28736877441406,2512700,0.0,0.0
2022-07-25 00:00:00-04:00,32.35080816036105,33.093879652010756,32.26925136460331,32.577354431152344,3983700,0.0,0.0
2022-07-26 00:00:00-04:00,32.59547905123204,33.15731284356465,32.52298258418431,32.948890686035156,2333300,0.0,0.0
2022-07-27 00:00:00-04:00,32.976087063854976,33.35668673991678,32.53205814140978,33.05764389038086,2692000,0.0,0.0
2022-07-28 00:00:00-04:00,33.58323191181678,34.0272608186027,33.2479408274665,33.99101257324219,2978600,0.0,0.0
2022-07-29 00:00:00-04:00,34.137363026351885,34.759373140650865,34.00015357872841,34.53069305419922,8042900,0.35,0.0
2022-08-01 00:00:00-04:00,34.30201583738235,34.47581146144775,33.789771144700104,34.411781311035156,3023700,0.0,0.0
2022-08-02 00:00:00-04:00,34.466658530561936,34.823398861805885,34.036738906047056,34.10076904296875,3379400,0.0,0.0
2022-08-03 00:00:00-04:00,34.4026245760316,34.4026245760316,33.689143992717604,34.18309020996094,3357200,0.0,0.0
2022-08-04 00:00:00-04:00,35.20759214852151,36.250372917813095,34.47581298677575,35.80215835571289,4187100,0.0,0.0
2022-08-05 00:00:00-04:00,35.67409897860139,35.92107392871752,34.96976378516987,35.18014907836914,3853700,0.0,0.0
2022-08-08 00:00:00-04:00,35.390529043831854,35.90277369540855,35.23502825941714,35.4362678527832,2650400,0.0,0.0
2022-08-09 00:00:00-04:00,35.546034200883895,35.637504842297055,34.73193362841036,35.06123352050781,2798700,0.0,0.0
2022-08-10 00:00:00-04:00,35.43626700324881,35.91191850263262,35.180142938910066,35.89362716674805,1715100,0.0,0.0
2022-08-11 00:00:00-04:00,36.03083341679092,37.15593900947323,35.79300766515433,36.98214340209961,2362500,0.0,0.0
2022-08-12 00:00:00-04:00,37.2931553135676,38.14384566022373,37.22912515752955,38.11640167236328,1777800,0.0,0.0
2022-08-15 00:00:00-04:00,38.02492439660475,38.74755430535397,37.951748583609785,38.646934509277344,2591100,0.0,0.0
2022-08-16 00:00:00-04:00,38.61949555994902,39.45189096616832,38.61949555994902,38.96708679199219,2977400,0.0,0.0
2022-08-17 00:00:00-04:00,38.628635947433665,39.451885572632925,38.52801616108921,38.97623062133789,2330900,0.0,0.0
2022-08-18 00:00:00-04:00,39.14088642922967,40.09219647480107,39.095151107484796,39.808631896972656,2407500,0.0,0.0
2022-08-19 00:00:00-04:00,39.7537487700876,40.156227989654326,39.26894806220749,39.2872428894043,2358100,0.0,0.0
2022-08-22 00:00:00-04:00,38.829877865525916,38.96708381842607,38.39081253535949,38.50972366333008,2229500,0.0,0.0
2022-08-23 00:00:00-04:00,38.66522928963726,38.93964469446444,38.308488914423805,38.31763458251953,1520400,0.0,0.0
2022-08-24 00:00:00-04:00,38.25361342669728,38.427409076404764,37.924313467771924,38.372528076171875,1232100,0.0,0.0
2022-08-25 00:00:00-04:00,38.50057527059753,39.223205101955024,38.41825030893173,39.20491027832031,1455600,0.0,0.0
2022-08-26 00:00:00-04:00,39.232349424070286,39.250644247077794,38.16212844848633,38.16212844848633,1484800,0.0,0.0
2022-08-29 00:00:00-04:00,37.86942673172223,38.381667933014285,37.71392244605751,37.951751708984375,1597200,0.0,0.0
2022-08-30 00:00:00-04:00,37.94259728331624,38.1895721808161,37.44864748831652,37.567562103271484,1696300,0.0,0.0
2022-08-31 00:00:00-04:00,37.48523580419161,37.94259593380261,37.40291084128639,37.75965118408203,2780800,0.0,0.0
2022-09-01 00:00:00-04:00,37.71392104744517,37.85113050092086,37.04617558525158,37.6498908996582,1993900,0.0,0.0
2022-09-02 00:00:00-04:00,37.93345642089844,38.83902767039567,37.832836617758424,37.93345642089844,1931500,0.0,0.0
2022-09-06 00:00:00-04:00,37.970039597750514,38.08895421841251,37.22911835907314,37.31144332885742,2439000,0.0,0.0
2022-09-07 00:00:00-04:00,37.35716723494163,38.189562346511956,37.21081216552421,38.13467788696289,1999400,0.0,0.0
2022-09-08 00:00:00-04:00,37.98833804604302,38.921353296117175,37.87857257232297,38.710968017578125,1458000,0.0,0.0
2022-09-09 00:00:00-04:00,39.0768571716606,39.753748323429626,38.95794254090819,39.59824752807617,1484600,0.0,0.0
2022-09-12 00:00:00-04:00,39.744600459087906,40.613585501570626,39.63483499258542,40.576995849609375,2393800,0.0,0.0
2022-09-13 00:00:00-04:00,39.93668496244857,40.46722436889447,39.534209318834286,39.662269592285156,2277500,0.0,0.0
2022-09-14 00:00:00-04:00,39.94583746764326,40.54955627048531,39.94583746764326,40.5312614440918,2685500,0.0,0.0
2022-09-15 00:00:00-04:00,40.41234880777946,41.070948632860784,40.156228204417395,41.034358978271484,3061700,0.0,0.0
2022-09-16 00:00:00-04:00,40.878850765129776,41.08009035666323,40.00072007560756,40.128780364990234,6025600,0.0,0.0
2022-09-19 00:00:00-04:00,39.808627253378866,40.394047677940456,39.717153131178016,40.265987396240234,1613300,0.0,0.0
2022-09-20 00:00:00-04:00,39.918401201165686,40.05561066896053,39.01282987974116,39.1500358581543,2002200,0.0,0.0
2022-09-21 00:00:00-04:00,39.51591763824462,39.854363172049794,38.55546202159798,38.573753356933594,2380000,0.0,0.0
2022-09-22 00:00:00-04:00,38.500578210929625,38.53716786099344,37.84197846730522,37.85112762451172,2191500,0.0,0.0
2022-09-23 00:00:00-04:00,37.23827211121912,37.50354190359867,36.652851527610395,37.165096282958984,2046900,0.0,0.0
2022-09-26 00:00:00-04:00,37.046174349583936,37.393769061248754,35.94850922653483,36.03083419799805,2077400,0.0,0.0
2022-09-27 00:00:00-04:00,36.46989954934144,36.799199435194296,35.829594603447696,36.03083419799805,2774600,0.0,0.0
2022-09-28 00:00:00-04:00,36.44245824140464,37.000438203373186,36.16804283911649,36.8174934387207,1887900,0.0,0.0
2022-09-29 00:00:00-04:00,36.60711427994132,36.61625994947622,35.463713672082264,35.838748931884766,1996400,0.0,0.0
2022-09-30 00:00:00-04:00,36.02168386155572,36.18633378314436,34.92401888075842,35.006343841552734,2667700,0.0,0.0
2022-10-03 00:00:00-04:00,35.73812487181561,36.31439968670029,34.88743464154152,35.98509979248047,3401200,0.0,0.0
2022-10-04 00:00:00-04:00,36.21377883038337,37.530974879454014,36.20463316220244,37.51268005371094,2317600,0.0,0.0
2022-10-05 00:00:00-04:00,36.79920394205227,38.23531479505242,36.59796432285578,37.960899353027344,2163300,0.0,0.0
2022-10-06 00:00:00-04:00,37.86027093306383,38.18042511710012,37.45779527558546,37.595001220703125,2221200,0.0,0.0
2022-10-07 00:00:00-04:00,37.45780333571358,37.83283858274425,37.183387897048966,37.613304138183594,1915000,0.0,0.0
2022-10-10 00:00:00-04:00,37.73221447324666,38.399959910653514,37.46694473404385,37.51268005371094,2320600,0.0,0.0
2022-10-11 00:00:00-04:00,37.54012344846953,38.189574049951354,37.36632435132568,37.55841827392578,1924400,0.0,0.0
2022-10-12 00:00:00-04:00,37.48523974309803,37.48523974309803,36.3509884565302,36.36013412475586,1684000,0.0,0.0
2022-10-13 00:00:00-04:00,35.73812197457783,38.070658050364464,35.710681482077845,37.668182373046875,2204400,0.0,0.0
2022-10-14 00:00:00-04:00,37.92429999380682,38.33592479621906,37.23825981958001,37.54011917114258,1517600,0.0,0.0
2022-10-17 00:00:00-04:00,38.2261567976769,38.77498750472763,38.14383184268124,38.33592224121094,1777500,0.0,0.0
2022-10-18 00:00:00-04:00,38.8298770904938,39.47018199272412,38.80243310895669,39.296382904052734,2511500,0.0,0.0
2022-10-19 00:00:00-04:00,38.81158009114662,38.9670808571592,37.98833047878349,38.38166046142578,1861200,0.0,0.0
2022-10-20 00:00:00-04:00,38.45484815213711,38.45484815213711,37.15594331228159,37.24741744995117,2249400,0.0,0.0
2022-10-21 00:00:00-04:00,37.6224417537623,38.93049188243213,37.25655228821445,38.7475471496582,2753300,0.0,0.0
2022-10-24 00:00:00-04:00,39.131743316260405,39.62569324192492,38.39082191714555,39.32383728027344,2030800,0.0,0.0
2022-10-25 00:00:00-04:00,39.29638211620123,40.01901196979291,39.18661666039645,39.918392181396484,2046100,0.0,0.0
2022-10-26 00:00:00-04:00,39.973275955282034,40.2202508435615,39.43359086371894,39.47018051147461,2060200,0.0,0.0
2022-10-27 00:00:00-04:00,39.8726544486598,40.576989435359685,39.680564040300034,39.97327423095703,2393700,0.0,0.0
2022-10-28 00:00:00-04:00,40.183662679880385,40.915438215115586,40.00986708069358,40.86055374145508,1653900,0.0,0.0
2022-10-31 00:00:00-04:00,40.6761642273849,41.247771982415344,40.611628435193865,40.93431091308594,2284000,0.35,0.0
2022-11-01 00:00:00-04:00,41.04495101723966,41.17402262621269,40.30739645386694,40.593196868896484,2459700,0.0,0.0
2022-11-02 00:00:00-04:00,40.33505040158991,41.31231231741729,39.89251769921637,39.984710693359375,2312500,0.0,0.0
2022-11-03 00:00:00-04:00,39.47764271667349,40.70382995331761,39.22871740885241,40.22441864013672,1572700,0.0,0.0
2022-11-04 00:00:00-04:00,40.399588696397274,41.08182885278489,40.04924896652592,40.88821792602539,2151800,0.0,0.0
2022-11-07 00:00:00-05:00,40.4456749870521,41.92078723067364,39.64358483672572,41.68107986450195,4695900,0.0,0.0
2022-11-08 00:00:00-05:00,41.76406096901724,42.132839962303386,40.72226330238042,40.7960205078125,4580400,0.0,0.0
2022-11-09 00:00:00-05:00,40.565542220960495,41.008074986792984,39.25638322832327,39.320919036865234,3864100,0.0,0.0
2022-11-10 00:00:00-05:00,40.63929178388473,41.9945470248711,40.169098390878275,41.57045364379883,3296100,0.0,0.0
2022-11-11 00:00:00-05:00,41.3860612179067,41.95766545267834,40.90664996660449,41.85625457763672,2916300,0.0,0.0
2022-11-14 00:00:00-05:00,41.68109452563172,42.22504171935328,40.418032014322904,40.427249908447266,3137500,0.0,0.0
2022-11-15 00:00:00-05:00,40.888213745842,40.97118884398815,39.87407678355534,40.067684173583984,2901000,0.0,0.0
2022-11-16 00:00:00-05:00,39.947834144420206,40.21519522442875,39.48686215669473,39.606712341308594,2006400,0.0,0.0
2022-11-17 00:00:00-05:00,39.06276413648592,39.06276413648592,37.9379949101627,38.113162994384766,2502400,0.0,0.0
2022-11-18 00:00:00-05:00,38.47271968278503,38.970570247832455,37.993308418324965,38.94291305541992,2716100,0.0,0.0
2022-11-21 00:00:00-05:00,38.73087094406652,38.85994607512858,37.63375870707179,37.94721984863281,2479900,0.0,0.0
2022-11-22 00:00:00-05:00,38.196134079383384,39.12729582268694,38.1223768830751,39.03510284423828,1684300,0.0,0.0
2022-11-23 00:00:00-05:00,38.95213217674777,39.26559326275292,38.721646187536244,39.12730026245117,1527900,0.0,0.0
2022-11-25 00:00:00-05:00,39.1180811665095,39.24715275378595,38.73086288774316,38.86915588378906,916200,0.0,0.0
2022-11-28 00:00:00-05:00,38.463501052587915,38.63866912939959,37.88267540451586,38.196136474609375,2007200,0.0,0.0
2022-11-29 00:00:00-05:00,38.067067594895825,38.65711117654364,37.62453490865997,38.638671875,2429000,0.0,0.0
2022-11-30 00:00:00-05:00,38.70320561484045,39.17339898686935,37.799700988846794,39.13652038574219,6252200,0.0,0.0
2022-12-01 00:00:00-05:00,39.59750474784491,39.83720869635395,38.54648890518407,38.84151077270508,2811400,0.0,0.0
2022-12-02 00:00:00-05:00,38.29754643177783,38.46349659772082,37.661402956684206,38.030181884765625,1748400,0.0,0.0
2022-12-05 00:00:00-05:00,37.63375186102627,37.86423784915942,37.292633583331586,37.652191162109375,1771800,0.0,0.0
2022-12-06 00:00:00-05:00,32.811991472031046,34.158029047290974,31.20780715086237,31.9730224609375,16832700,0.0,0.0
2022-12-07 00:00:00-05:00,31.438284099723656,31.77018445077193,30.378050774915796,30.553218841552734,7768200,0.0,0.0
2022-12-08 00:00:00-05:00,30.42415136026318,31.355313233230998,29.649718275869905,29.66815757751465,7225500,0.0,0.0
2022-12-09 00:00:00-05:00,29.271723862704928,30.331960936947972,28.77387322695928,29.760353088378906,4281900,0.0,0.0
2022-12-12 00:00:00-05:00,29.870983714144785,30.12912688027016,29.20718298189454,30.119905471801758,4547200,0.0,0.0
2022-12-13 00:00:00-05:00,30.802146911621094,31.023415004794774,30.064592462603862,30.802146911621094,5181300,0.0,0.0
2022-12-14 00:00:00-05:00,30.802150114920135,30.875907325960824,29.612841463919484,29.935523986816406,4239500,0.0,0.0
2022-12-15 00:00:00-05:00,29.769570310869014,30.009274184951863,29.059673063521025,29.363914489746094,5235600,0.0,0.0
2022-12-16 00:00:00-05:00,28.939819105918815,29.114988943210008,28.248361165445047,28.626358032226562,19349100,0.0,0.0
2022-12-19 00:00:00-05:00,29.151867090724306,30.05536993839099,28.85684356359691,29.07811164855957,4932000,0.0,0.0
2022-12-20 00:00:00-05:00,29.10577040196142,29.483767283145188,28.866064762447817,29.188745498657227,4547800,0.0,0.0
2022-12-21 00:00:00-05:00,29.502204805718705,30.018494655916058,29.18874373898047,29.889419555664062,5618200,0.0,0.0
2022-12-22 00:00:00-05:00,29.585178737055458,29.649714526181867,28.949036978511028,29.400789260864258,2928800,0.0,0.0
2022-12-23 00:00:00-05:00,29.41001176424392,29.575963715693405,29.10577032993503,29.419231414794922,3090300,0.0,0.0
2022-12-27 00:00:00-05:00,29.46532402341768,29.741906469599964,29.244057714778187,29.72347068786621,3349500,0.0,0.0
2022-12-28 00:00:00-05:00,29.778790615913476,29.87098712644519,29.234843513056806,29.373136520385742,2512500,0.0,0.0
2022-12-29 00:00:00-05:00,29.62205974555921,30.02771381263211,29.502206048743822,29.87098503112793,2211500,0.0,0.0
2022-12-30 00:00:00-05:00,29.788012044115842,29.8617657356502,29.124211235620297,29.336257934570312,2329200,0.0,0.0
2023-01-03 00:00:00-05:00,29.39157531150316,29.677377472407365,28.967481895869096,29.437673568725586,4230400,0.0,0.0
2023-01-04 00:00:00-05:00,29.520644490095,29.7787876600861,29.17030481872356,29.585180282592773,3929900,0.0,0.0
2023-01-05 00:00:00-05:00,29.446892650699308,29.677376898479288,29.22562629571684,29.2717227935791,2494800,0.0,0.0
2023-01-06 00:00:00-05:00,29.60362082050527,29.953960506523334,29.35469553177694,29.686595916748047,3177400,0.0,0.0
2023-01-09 00:00:00-05:00,29.85254882974234,30.267424348764465,29.70503792486085,30.092252731323242,3557300,0.0,0.0
2023-01-10 00:00:00-05:00,29.963174125254874,30.313513761307785,29.612834489201962,30.295074462890625,2812300,0.0,0.0
2023-01-11 00:00:00-05:00,30.331955739096426,30.43336661394408,29.548301313357598,29.769569396972656,6663100,0.0,0.0
2023-01-12 00:00:00-05:00,29.926299686496133,30.313517973184965,29.59439930274486,30.073810577392578,2810800,0.0,0.0
2023-01-13 00:00:00-05:00,29.714255621340197,30.018498838924458,28.8384098492044,29.39157485961914,3723800,0.0,0.0
2023-01-17 00:00:00-05:00,29.456109623371315,29.86176369138331,29.419231021660124,29.640499114990234,3147900,0.0,0.0
2023-01-18 00:00:00-05:00,29.80644832828647,29.935519913105857,29.10576898649994,29.16108512878418,2212500,0.0,0.0
2023-01-19 00:00:00-05:00,29.087331121237074,29.21640447089259,28.414312455092794,28.607921600341797,2648600,0.0,0.0
2023-01-20 00:00:00-05:00,28.561825317475208,29.760351840083867,28.27602316364736,29.695816040039062,3682300,0.0,0.0
2023-01-23 00:00:00-05:00,29.981616055844057,30.304295014131856,29.8433230640425,29.889419555664062,5232600,0.0,0.0
2023-01-24 00:00:00-05:00,30.036935085605663,30.396492657487993,29.4837666145323,30.33195686340332,2931300,0.0,0.0
2023-01-25 00:00:00-05:00,30.110696221631944,30.608546913696028,29.751138560787176,30.562450408935547,4950700,0.0,0.0
2023-01-26 00:00:00-05:00,30.709955789873653,30.88512388311331,30.27664098609364,30.875905990600586,5119800,0.0,0.0
2023-01-27 00:00:00-05:00,30.885122228551793,31.16170470930067,30.580879037872094,31.11560821533203,2937000,0.0,0.0
2023-01-30 00:00:00-05:00,30.977321326058167,31.36453968902621,30.829810406103135,30.931224822998047,3267900,0.0,0.0
2023-01-31 00:00:00-05:00,31.1158401347207,31.98301849094897,30.95732542038418,31.908424377441406,8191500,0.378,0.0
2023-02-01 00:00:00-05:00,31.703280485441198,32.402617554972984,31.32097636304431,32.26274871826172,3155800,0.0,0.0
2023-02-02 00:00:00-05:00,32.47722218365658,33.07398937522429,32.281405058850325,32.589115142822266,3840900,0.0,0.0
2023-02-03 00:00:00-05:00,32.39330877573914,32.654393590833315,31.88978501204567,32.104248046875,2910300,0.0,0.0
2023-02-06 00:00:00-05:00,31.899107823828913,32.402631585605086,31.610050653079263,32.33736038208008,3641400,0.0,0.0
2023-02-07 00:00:00-05:00,32.21613549694064,32.803579787007266,31.89910246577916,32.64506149291992,3162800,0.0,0.0
2023-02-08 00:00:00-05:00,32.45857556843521,32.58911795824176,32.20681372080258,32.43992614746094,2957300,0.0,0.0
2023-02-09 00:00:00-05:00,32.44924449099713,32.75695455804122,31.973696772944162,32.06694030761719,5367300,0.0,0.0
2023-02-10 00:00:00-05:00,32.13221810293249,32.58912005364649,31.92708157305241,32.50519943237305,3164900,0.0,0.0
2023-02-13 00:00:00-05:00,32.36533253807911,33.213861735657495,32.35600960492497,33.15791702270508,2831400,0.0,0.0
2023-02-14 00:00:00-05:00,33.148587932058284,33.204536197635406,32.45857710834138,32.72898483276367,3506800,0.0,0.0
2023-02-15 00:00:00-05:00,32.43059683122548,33.446967065131126,32.42127390005777,33.409671783447266,4299800,0.0,0.0
2023-02-16 00:00:00-05:00,32.831548998519786,32.924796091126275,31.311658737669294,31.777883529663086,9220700,0.0,0.0
2023-02-17 00:00:00-05:00,31.731256688462114,32.15085969260688,31.40490077246769,31.908424377441406,5295900,0.0,0.0
2023-02-21 00:00:00-05:00,31.712615769049986,32.3560084001566,31.712615769049986,31.759241104125977,3539300,0.0,0.0
2023-02-22 00:00:00-05:00,31.61005251673185,31.721945506941115,30.82679447123896,30.910715103149414,4113600,0.0,0.0
2023-02-23 00:00:00-05:00,30.86408136785486,31.498147401589584,30.854758436629226,31.24638557434082,5426500,0.0,0.0
2023-02-24 00:00:00-05:00,30.920026674134224,31.470172046260473,30.75218547199315,31.330303192138672,3798700,0.0,0.0
2023-02-27 00:00:00-05:00,31.591391192006874,31.82450357538972,30.770834606535704,30.78948402404785,4286600,0.0,0.0
2023-02-28 00:00:00-05:00,30.761516204029785,31.087872165996565,30.435156685049797,30.57502555847168,4249000,0.0,0.0
2023-03-01 00:00:00-05:00,30.33258218753189,30.798806954297586,30.23933865698383,30.78948402404785,3057200,0.0,0.0
2023-03-02 00:00:00-05:00,30.770837856613042,30.82678611505886,30.369884230284008,30.5377254486084,3355400,0.0,0.0
2023-03-03 00:00:00-05:00,30.78016281389639,31.638018381467074,30.41650800259431,31.36760711669922,3127600,0.0,0.0
2023-03-06 00:00:00-05:00,31.56341649701766,32.2627536739709,31.535444148183633,32.0576171875,4683100,0.0,0.0
2023-03-07 00:00:00-05:00,32.05761590760234,32.51451418637632,31.88044822002605,31.96436882019043,3823100,0.0,0.0
2023-03-08 00:00:00-05:00,32.05762071820697,32.14154133096458,31.348956975584258,31.638017654418945,2870000,0.0,0.0
2023-03-09 00:00:00-05:00,31.647341310624356,31.731261925303336,30.714891617308233,30.780162811279297,3221700,0.0,0.0
2023-03-10 00:00:00-05:00,30.658943352726574,30.826784562598352,29.42810840650236,29.493379592895508,3963200,0.0,0.0
2023-03-13 00:00:00-04:00,28.98053321688119,30.024877541334714,28.74742081913327,28.794042587280273,4084600,0.0,0.0
2023-03-14 00:00:00-04:00,29.344190145939127,29.912986785896475,29.08310537950789,29.446760177612305,8759000,0.0,0.0
2023-03-15 00:00:00-04:00,29.15770313678673,29.15770313678673,28.504987622155348,28.738100051879883,7202200,0.0,0.0
2023-03-16 00:00:00-04:00,28.421064275539646,29.81973871955447,28.20660128763227,29.474733352661133,7914500,0.0,0.0
2023-03-17 00:00:00-04:00,29.726491279723998,29.782439534016987,28.98053234088147,29.353511810302734,11156100,0.0,0.0
2023-03-20 00:00:00-04:00,30.36988974145212,31.628695550305153,29.894341907911603,31.358287811279297,8578500,0.0,0.0
2023-03-21 00:00:00-04:00,31.48882629366233,31.712612226165966,30.826787870903622,30.9480037689209,5179200,0.0,0.0
2023-03-22 00:00:00-04:00,30.826786999329023,30.92935347390223,29.754468468942846,29.801090240478516,3367000,0.0,0.0
2023-03-23 00:00:00-04:00,29.866361429845394,30.052852072987584,28.682151714964228,28.915264129638672,3830600,0.0,0.0
2023-03-24 00:00:00-04:00,28.579584623646404,29.381491981748635,28.439717516153557,29.362842559814453,3571000,0.0,0.0
2023-03-27 00:00:00-04:00,29.58662672609457,30.164744508410774,29.437434925593188,30.08082389831543,3991900,0.0,0.0
2023-03-28 00:00:00-04:00,30.09947531324573,30.72421846470488,30.09947531324573,30.435157775878906,2163100,0.0,0.0
2023-03-29 00:00:00-04:00,30.686915024854503,31.03192036774962,30.584345003639324,30.938676834106445,2311200,0.0,0.0
2023-03-30 00:00:00-04:00,31.209090551210757,31.37693177076834,30.97597814149335,31.190441131591797,3919200,0.0,0.0
2023-03-31 00:00:00-04:00,31.311659299525804,32.0109965000654,31.143818086835264,31.973697662353516,3529200,0.0,0.0
2023-04-03 00:00:00-04:00,32.02963514082744,32.0669339701303,31.38624634190767,31.582059860229492,2539100,0.0,0.0
2023-04-04 00:00:00-04:00,31.47018208556724,31.563425646718937,30.80814355315419,31.28369140625,2338500,0.0,0.0
2023-04-05 00:00:00-04:00,31.237065088757394,32.122893019094974,31.115845631255198,32.085594177246094,1992300,0.0,0.0
2023-04-06 00:00:00-04:00,32.28140866505842,32.53317051906572,32.15086627194651,32.467899322509766,2270500,0.0,0.0
2023-04-10 00:00:00-04:00,32.318706959453905,32.915474207559406,32.19748750061579,32.80358123779297,1875700,0.0,0.0
2023-04-11 00:00:00-04:00,33.027366991888115,33.52156775652408,32.93412344377518,33.269805908203125,2385400,0.0,0.0
2023-04-12 00:00:00-04:00,33.41899617919818,33.866571592136744,33.232505534553816,33.344398498535156,2973100,0.0,0.0
2023-04-13 00:00:00-04:00,33.260474908836926,33.6987273509671,33.101960187137934,33.4842643737793,2896900,0.0,0.0
2023-04-14 00:00:00-04:00,33.1672330338573,33.54953723963839,32.57978877135995,32.83155059814453,3442200,0.0,0.0
2023-04-17 00:00:00-04:00,33.09263596172458,33.1112818224785,32.44924349831953,32.738304138183594,6666000,0.0,0.0
2023-04-18 00:00:00-04:00,32.77560843128252,32.84087962582795,32.02964582445474,32.31870651245117,5163500,0.0,0.0
2023-04-19 00:00:00-04:00,32.160185835547175,32.64505646068597,31.880448131104377,32.486541748046875,3597700,0.0,0.0
2023-04-20 00:00:00-04:00,32.49587177431703,32.55182003882544,32.19748814429908,32.23478698730469,2127400,0.0,0.0
2023-04-21 00:00:00-04:00,32.28140373297444,32.35600140736302,31.861800707070934,32.07626724243164,1826500,0.0,0.0
2023-04-24 00:00:00-04:00,32.057620574733924,32.66371072459234,31.777886385798258,32.635738372802734,2497400,0.0,0.0
2023-04-25 00:00:00-04:00,32.52384964679192,32.60777027010958,31.703292836242984,31.759241104125977,2199800,0.0,0.0
2023-04-26 00:00:00-04:00,31.49815004482578,31.67531776609773,31.05057461116195,31.143821716308594,3409800,0.0,0.0
2023-04-27 00:00:00-04:00,31.19977115349237,31.84316382702105,31.19977115349237,31.768566131591797,2494000,0.0,0.0
2023-04-28 00:00:00-04:00,31.587516382992497,32.25698228486383,31.587516382992497,32.21926498413086,1901000,0.378,0.0
2023-05-01 00:00:00-04:00,32.115554998199514,32.483289770440024,31.9363995780368,32.05897903442383,2398800,0.0,0.0
2023-05-02 00:00:00-04:00,32.04012287819432,32.04012287819432,31.11607031266095,31.42723274230957,3600100,0.0,0.0
2023-05-03 00:00:00-04:00,31.681808534772077,32.18155381656987,31.41779460267366,31.530942916870117,3842000,0.0,0.0
2023-05-04 00:00:00-04:00,31.12549091052795,31.38950843968377,28.777644505899815,29.588546752929688,11045700,0.0,0.0
2023-05-05 00:00:00-04:00,29.720557321320502,29.814848787896064,29.088806833262414,29.494258880615234,5937400,0.0,0.0
2023-05-08 00:00:00-04:00,29.673412404045962,29.82427803990345,29.29624831440224,29.522546768188477,5725700,0.0,0.0
2023-05-09 00:00:00-04:00,29.362251203780925,29.833706755792615,29.286818387397464,29.51311683654785,5847900,0.0,0.0
2023-05-10 00:00:00-04:00,29.795990193494635,30.446599335839544,29.550833099300032,30.314592361450195,5739300,0.0,0.0
2023-05-11 00:00:00-04:00,30.22972928879561,30.2391568165668,29.098235319483777,29.267959594726562,5276700,0.0,0.0
2023-05-12 00:00:00-04:00,29.286817076891726,31.172640999013186,28.87193750457752,30.918054580688477,7645900,0.0,0.0
2023-05-15 00:00:00-04:00,33.105603338915515,33.162175692705866,30.99348127236212,31.851530075073242,12745400,0.0,0.0
2023-05-16 00:00:00-04:00,32.143838775116464,32.322990584946055,31.47437277336765,31.596948623657227,8308300,0.0,0.0
2023-05-17 00:00:00-04:00,31.926969546752698,31.926969546752698,30.861479025807945,31.50265884399414,6236700,0.0,0.0
2023-05-18 00:00:00-04:00,31.200932358551494,31.606384470188814,30.77662159091699,31.549808502197266,3605100,0.0,0.0
2023-05-19 00:00:00-04:00,31.700670336263272,32.2475605035695,31.380080416754204,31.578094482421875,2766700,0.0,0.0
2023-05-22 00:00:00-04:00,31.66295034973293,32.27584028821862,31.398932846814457,32.087257385253906,4913900,0.0,0.0
2023-05-23 00:00:00-04:00,32.12498089544333,32.12498089544333,31.615808038084218,31.879825592041016,5510900,0.0,0.0
2023-05-24 00:00:00-04:00,31.785539121756216,32.22870858463566,31.3235145981306,32.049556732177734,3633200,0.0,0.0
2023-05-25 00:00:00-04:00,32.01183658182614,32.01183658182614,31.059494237033043,31.549808502197266,5126300,0.0,0.0
2023-05-26 00:00:00-04:00,31.568657465877905,32.00239562988281,31.040626050837318,32.00239562988281,6586600,0.0,0.0
2023-05-30 00:00:00-04:00,32.20984185595223,32.42671096940261,31.87039329684023,32.10612106323242,4478800,0.0,0.0
2023-05-31 00:00:00-04:00,31.955251570443437,32.1532620069953,31.021771742744768,31.8609619140625,16179500,0.0,0.0
2023-06-01 00:00:00-04:00,32.46442796545316,32.46442796545316,30.258015949202928,30.55031967163086,7721000,0.0,0.0
2023-06-02 00:00:00-04:00,30.324022888647193,31.45551700476729,29.87142596158328,31.398941040039062,6747200,0.0,0.0
2023-06-05 00:00:00-04:00,31.502658788890184,32.238128274438345,31.172641352277623,31.22921371459961,3632400,0.0,0.0
2023-06-06 00:00:00-04:00,31.361219540912067,31.64409572984528,31.05948829650879,31.05948829650879,3761800,0.0,0.0
2023-06-07 00:00:00-04:00,31.26693568120289,32.16270205299435,31.002921692560673,32.12498474121094,5652000,0.0,0.0
2023-06-08 00:00:00-04:00,32.20984750082575,32.256992342982414,31.63467107452015,32.011837005615234,3307300,0.0,0.0
2023-06-09 00:00:00-04:00,32.143834570353654,32.23812422699926,31.700665270895655,32.13440704345703,2145400,0.0,0.0
2023-06-12 00:00:00-04:00,32.05897268463002,32.72843860390123,31.936393252521814,32.3229866027832,3115100,0.0,0.0
2023-06-13 00:00:00-04:00,32.31355749206339,32.40784714480539,31.86096068444637,32.38898849487305,3256300,0.0,0.0
2023-06-14 00:00:00-04:00,32.57757281545958,32.77558325298947,32.03068633129323,32.37956237792969,2583800,0.0,0.0
2023-06-15 00:00:00-04:00,32.33242115833886,32.58700757654471,32.11555204584948,32.40785217285156,4066400,0.0,0.0
2023-06-16 00:00:00-04:00,32.66243324390942,32.71900919322212,32.13440543800286,32.172119140625,11338600,0.0,0.0
2023-06-20 00:00:00-04:00,32.143835621630636,32.42670819773876,31.568659345289483,31.60637664794922,4591200,0.0,0.0
2023-06-21 00:00:00-04:00,31.44608781264688,32.18156101165963,31.059494355531804,31.945833206176758,3333400,0.0,0.0
2023-06-22 00:00:00-04:00,33.2187602100864,33.55820880804668,32.6341562896663,32.926456451416016,9328100,0.0,0.0
2023-06-23 00:00:00-04:00,33.1810388111153,33.8787945761542,32.445569337444205,32.7095832824707,10853000,0.0,0.0
2023-06-26 00:00:00-04:00,33.12446629036486,34.02966003774728,32.91702470774464,33.85993576049805,10177800,0.0,0.0
2023-06-27 00:00:00-04:00,34.18995531304842,34.79342144569281,33.60535143118091,34.50111770629883,9541700,0.0,0.0
2023-06-28 00:00:00-04:00,34.34081734821607,34.821703978859134,33.8787929663732,34.47282791137695,8213300,0.0,0.0
2023-06-29 00:00:00-04:00,34.48225892447901,35.1705836015423,34.331393291107894,35.048004150390625,4659100,0.0,0.0
2023-06-30 00:00:00-04:00,35.15172278202316,35.378023016597474,34.74627074289599,35.25544357299805,5011600,0.0,0.0
2023-07-03 00:00:00-04:00,35.09515443705393,35.56661001585618,35.00086116314111,35.47231674194336,1704900,0.0,0.0
2023-07-05 00:00:00-04:00,35.208298335242716,36.37750960608506,35.180012155091106,36.16063690185547,5700000,0.0,0.0
2023-07-06 00:00:00-04:00,35.811760712205576,35.98148498642286,35.41573980364533,35.64203643798828,3784500,0.0,0.0
2023-07-07 00:00:00-04:00,35.43460208443493,36.38694074557628,35.43460208443493,35.94377136230469,3979800,0.0,0.0
2023-07-10 00:00:00-04:00,35.92491288936713,36.01920616124159,35.51003328388111,35.67033004760742,2909600,0.0,0.0
2023-07-11 00:00:00-04:00,35.698610445260236,35.99091054839849,35.50060000179498,35.821189880371094,2921400,0.0,0.0
2023-07-12 00:00:00-04:00,35.95320105991942,36.27379097610009,35.69861463263592,35.736331939697266,3086600,0.0,0.0
2023-07-13 00:00:00-04:00,35.670331200907405,36.03806598080614,34.944289170141936,35.14229965209961,3779200,0.0,0.0
2023-07-14 00:00:00-04:00,35.06686230294476,35.06686230294476,34.18995469747165,34.369110107421875,3320800,0.0,0.0
2023-07-17 00:00:00-04:00,34.33138674158175,34.62369042412713,34.07680035941379,34.274810791015625,5771200,0.0,0.0
2023-07-18 00:00:00-04:00,34.22767720125896,35.14230225263244,34.22767720125896,34.849998474121094,4179300,0.0,0.0
2023-07-19 00:00:00-04:00,34.887719907258685,35.87777610416149,34.81228527282886,35.830631256103516,4415900,0.0,0.0
2023-07-20 00:00:00-04:00,36.1700702925259,36.6886706770094,36.009773535477315,36.50008773803711,4545400,0.0,0.0
2023-07-21 00:00:00-04:00,36.745249024945046,36.745249024945046,35.96263103628914,36.01920700073242,2665900,0.0,0.0
2023-07-24 00:00:00-04:00,36.02863085683221,36.09463434349384,35.67032724264632,35.717472076416016,5099000,0.0,0.0
2023-07-25 00:00:00-04:00,35.7268986872366,36.320933648861676,35.594891717302175,36.16063690185547,4699300,0.0,0.0
2023-07-26 00:00:00-04:00,36.19835364420191,36.7452437647697,36.15120881237505,36.30207443237305,3720200,0.0,0.0
2023-07-27 00:00:00-04:00,36.170077922277066,36.48123677983516,35.13287333760074,35.189449310302734,5118000,0.0,0.0
2023-07-28 00:00:00-04:00,35.623178168085836,35.78347491630982,35.15172264506968,35.55717468261719,5868800,0.0,0.0
2023-07-31 00:00:00-04:00,35.688616322188814,36.183895111083984,35.59336830508955,36.183895111083984,6862600,0.378,0.0
2023-08-01 00:00:00-04:00,36.126747476495844,36.37438506233212,35.79338848915078,36.021976470947266,3205500,0.0,0.0
2023-08-02 00:00:00-04:00,35.72670446373911,35.80290286156757,35.34572337461561,35.593360900878906,3017200,0.0,0.0
2023-08-03 00:00:00-04:00,35.34573549654159,36.174373373742135,35.0885712656847,35.86958694458008,3156500,0.0,0.0
2023-08-04 00:00:00-04:00,35.93625578334341,36.507733015868446,35.63146937933294,35.73624038696289,4367800,0.0,0.0
2023-08-07 00:00:00-04:00,36.02197718655514,36.279141396190326,35.72671376808351,35.73624038696289,3245900,0.0,0.0
2023-08-08 00:00:00-04:00,35.60289505130623,35.964826617561975,34.4504176569792,35.03141784667969,5218100,0.0,0.0
2023-08-09 00:00:00-04:00,35.240966075638,36.36486744655536,35.04095065369703,35.45050811767578,4057700,0.0,0.0
2023-08-10 00:00:00-04:00,35.46002650239317,35.79338912903831,35.08856830032788,35.17428970336914,2102300,0.0,0.0
2023-08-11 00:00:00-04:00,35.21238912154475,35.545748116831916,34.7647324992958,34.9171257019043,2383000,0.0,0.0
2023-08-14 00:00:00-04:00,34.69806195122766,35.28858517845849,34.26945491801952,35.240962982177734,2694800,0.0,0.0
2023-08-15 00:00:00-04:00,34.85997388689205,35.26953126488982,34.63138591933158,35.193336486816406,2973400,0.0,0.0
2023-08-16 00:00:00-04:00,35.336205197482975,35.59336940156257,35.08856761207696,35.38383102416992,2267600,0.0,0.0
2023-08-17 00:00:00-04:00,35.43144991219334,35.888629465683174,34.802827571977296,35.02189254760742,2494200,0.0,0.0
2023-08-18 00:00:00-04:00,34.91712891042468,35.27906416238064,34.62186546365259,34.71711349487305,2340600,0.0,0.0
2023-08-21 00:00:00-04:00,34.717107150930886,35.183809701936326,34.57423694687767,35.11713790893555,2579000,0.0,0.0
2023-08-22 00:00:00-04:00,35.20286178588867,35.44097638720016,35.069518190488715,35.20286178588867,1692600,0.0,0.0
2023-08-23 00:00:00-04:00,35.545750501885784,35.602899319201256,35.28858627397735,35.48860168457031,1660700,0.0,0.0
2023-08-24 00:00:00-04:00,35.574321989483686,35.94578384049119,35.240962982177734,35.240962982177734,2246700,0.0,0.0
2023-08-25 00:00:00-04:00,35.29810812589106,35.69813889304565,35.29810812589106,35.39335250854492,1842000,0.0,0.0
2023-08-28 00:00:00-04:00,35.64099614025965,35.974358802880246,35.450507342580366,35.81243896484375,2098600,0.0,0.0
2023-08-29 00:00:00-04:00,35.7457629293339,36.18389655884004,35.26001073938337,35.355255126953125,2207600,0.0,0.0
2023-08-30 00:00:00-04:00,35.212387521108056,35.92673130711913,35.11713950296902,35.6695671081543,1688900,0.0,0.0
2023-08-31 00:00:00-04:00,35.85053387147792,36.050549265020585,35.574320061343485,35.76481246948242,3908500,0.0,0.0
2023-09-01 00:00:00-04:00,35.97435631024266,36.64107795594626,35.97435631024266,36.62202835083008,3226400,0.0,0.0
2023-09-05 00:00:00-04:00,36.61250132621805,36.72679895564959,35.67909248590425,36.16484832763672,4100100,0.0,0.0
2023-09-06 00:00:00-04:00,36.04102439856048,36.469631386168075,35.86958160351744,36.212467193603516,1625500,0.0,0.0
2023-09-07 00:00:00-04:00,36.42200799622063,36.793466162141556,36.18389341464668,36.52677536010742,3315700,0.0,0.0
2023-09-08 00:00:00-04:00,36.59345013814087,37.707828360172044,36.498205751075844,37.631629943847656,3782000,0.0,0.0
2023-09-11 00:00:00-04:00,37.63162835623926,37.63162835623926,36.81251721535164,37.00300598144531,2427300,0.0,0.0
2023-09-12 00:00:00-04:00,37.01253245091774,37.23159743771681,36.83156303718003,36.85061264038086,1543200,0.0,0.0
2023-09-13 00:00:00-04:00,36.85061031416813,36.993480512485434,36.66012156086516,36.91728210449219,2513500,0.0,0.0
2023-09-14 00:00:00-04:00,37.02206016966896,37.30779698753648,36.79347216871126,37.27922439575195,2130300,0.0,0.0
2023-09-15 00:00:00-04:00,37.31731779544534,37.48876058613451,37.12682540208625,37.241119384765625,3521700,0.0,0.0
2023-09-18 00:00:00-04:00,37.27922916267091,37.879279100259986,37.14588553950472,37.8602294921875,1781700,0.0,0.0
2023-09-19 00:00:00-04:00,37.89831660668907,38.21262595616719,37.29826686070713,37.326839447021484,1591300,0.0,0.0
2023-09-20 00:00:00-04:00,37.50780953698941,37.869741081407795,37.003004158359346,37.04110336303711,2080300,0.0,0.0
2023-09-21 00:00:00-04:00,36.936325468046526,36.936325468046526,36.012443543879975,36.08863830566406,2221700,0.0,0.0
2023-09-22 00:00:00-04:00,36.10770101822306,36.917289277074126,35.9743574116679,36.79347229003906,1743200,0.0,0.0
2023-09-25 00:00:00-04:00,36.5839231361277,37.34588904901108,36.450579555540614,37.326839447021484,1451900,0.0,0.0
2023-09-26 00:00:00-04:00,37.12682850569951,37.24112249793328,36.298190703658776,36.479156494140625,2541900,0.0,0.0
2023-09-27 00:00:00-04:00,36.6696473807922,37.136353582490216,36.21246779750005,36.745845794677734,2752100,0.0,0.0
2023-09-28 00:00:00-04:00,36.82204495299946,36.917289348339644,36.35533869581469,36.46010971069336,2606100,0.0,0.0
2023-09-29 00:00:00-04:00,36.641075621854895,36.97443460680089,36.298190018287336,36.688697814941406,1731800,0.0,0.0
2023-10-02 00:00:00-04:00,36.641073205313866,36.717267982559015,35.260007896846105,35.78385925292969,3298700,0.0,0.0
2023-10-03 00:00:00-04:00,35.41239942996665,36.2315141387835,35.06951386503494,36.05054473876953,3245600,0.0,0.0
2023-10-04 00:00:00-04:00,36.088649828434875,36.32676443921456,34.86950418391187,35.67909240722656,3235100,0.0,0.0
2023-10-05 00:00:00-04:00,35.688615911852786,37.23159743771681,35.66956630865196,36.85061264038086,4142300,0.0,0.0
2023-10-06 00:00:00-04:00,36.298190933841084,37.45066474896959,36.21246953078703,37.117305755615234,3731800,0.0,0.0
2023-10-09 00:00:00-04:00,37.136358337044285,37.82212598311091,37.136358337044285,37.81260299682617,2904700,0.0,0.0
2023-10-10 00:00:00-04:00,37.75544671823129,38.0602330858855,37.60305353440418,37.964988708496094,2902700,0.0,0.0
2023-10-11 00:00:00-04:00,38.09834154489969,39.317487311667364,38.07929193812632,39.30796432495117,3097200,0.0,0.0
2023-10-12 00:00:00-04:00,39.18414085956621,39.45082806839578,38.86030483455572,39.40320587158203,2969300,0.0,0.0
2023-10-13 00:00:00-04:00,39.612749486412326,39.679421291293885,38.86983301296596,39.06032180786133,2302200,0.0,0.0
2023-10-16 00:00:00-04:00,39.26986487323107,39.78419335296963,38.965078433387696,39.565128326416016,2290100,0.0,0.0
2023-10-17 00:00:00-04:00,39.31748368271547,40.02230453491211,39.26986148684801,40.02230453491211,3206100,0.0,0.0
2023-10-18 00:00:00-04:00,39.860386660593505,39.993733902228236,39.44130622976397,39.49845504760742,2447100,0.0,0.0
2023-10-19 00:00:00-04:00,39.40320095039721,39.71751395012575,38.81267779030937,38.822200775146484,2159200,0.0,0.0
2023-10-20 00:00:00-04:00,38.84126024753964,39.04127931334544,38.45075236986726,38.603145599365234,2044000,0.0,0.0
2023-10-23 00:00:00-04:00,38.2793053979799,38.93650408129581,38.1935839885622,38.70791244506836,3559900,0.0,0.0
2023-10-24 00:00:00-04:00,39.2222360315246,40.08897300431095,39.06984283740855,40.069923400878906,3373200,0.0,0.0
2023-10-25 00:00:00-04:00,40.04135451585369,40.61282813830978,39.60322449641463,39.841339111328125,3055500,0.0,0.0
2023-10-26 00:00:00-04:00,39.86990866249929,40.412809652440366,39.822286469815765,40.19374465942383,2979500,0.0,0.0
2023-10-27 00:00:00-04:00,40.12707326555912,40.29851606761207,39.52702345837378,39.67941665649414,3215800,0.0,0.0
2023-10-30 00:00:00-04:00,39.51749680975739,40.40327969379723,39.51749680975739,40.241363525390625,2435400,0.0,0.0
2023-10-31 00:00:00-04:00,40.306716448316195,40.76802322174847,39.95112649786346,40.729583740234375,2533600,0.378,0.0
2023-11-01 00:00:00-04:00,41.32543020147794,42.43064666169426,41.18127025757506,42.151939392089844,6356500,0.0,0.0
2023-11-02 00:00:00-04:00,41.09477929454611,44.458477451159,40.104892153050564,43.37248611450195,9339700,0.0,0.0
2023-11-03 00:00:00-04:00,43.63197895465613,43.96834735870361,42.57481430481712,43.247554779052734,8358000,0.0,0.0
2023-11-06 00:00:00-05:00,43.86263235340221,44.996679685895536,43.63198077134911,43.958740234375,9752400,0.0,0.0
2023-11-07 00:00:00-05:00,44.31432702540875,44.64108646481518,43.295605557579165,43.65119552612305,6836000,0.0,0.0
2023-11-08 00:00:00-05:00,43.43015402638567,43.997177666154904,43.27638509015032,43.90107345581055,6638200,0.0,0.0
2023-11-09 00:00:00-05:00,43.7761299051307,44.035615641935955,43.266771051109394,43.314823150634766,3557200,0.0,0.0
2023-11-10 00:00:00-05:00,43.72808238640765,43.86262974562949,43.334049263197734,43.7761344909668,4161400,0.0,0.0
2023-11-13 00:00:00-05:00,43.88185029189559,44.45848286536766,43.660807683193276,44.29510498046875,4433800,0.0,0.0
2023-11-14 00:00:00-05:00,44.958239406539874,45.49643257595806,44.41043728148075,45.477210998535156,3864600,0.0,0.0
2023-11-15 00:00:00-05:00,45.2657721707971,45.996177365328684,45.25616321624775,45.65980529785156,3541600,0.0,0.0
2023-11-16 00:00:00-05:00,46.1211178422853,46.688141505813995,45.59253366482067,45.717472076416016,3818200,0.0,0.0
2023-11-17 00:00:00-05:00,45.96734309754449,46.3805941000927,45.75590945324609,46.20760726928711,3297100,0.0,0.0
2023-11-20 00:00:00-05:00,45.99617390886992,46.159551786915884,44.746800941325446,45.44837188720703,4736200,0.0,0.0
2023-11-21 00:00:00-05:00,45.26577155956668,45.400322584425034,43.151449637760436,43.43976593017578,5221200,0.0,0.0
2023-11-22 00:00:00-05:00,43.603145768152835,44.06445258987437,43.28599893215585,44.04523468017578,2967600,0.0,0.0
2023-11-24 00:00:00-05:00,43.94912109404199,44.10289001464844,43.52625747890932,44.10289001464844,1164200,0.0,0.0
2023-11-27 00:00:00-05:00,44.11250636619931,44.86212945930448,43.68963904915286,44.65069580078125,3304200,0.0,0.0
2023-11-28 00:00:00-05:00,44.429652408740175,45.400321763902234,44.429652408740175,44.95823287963867,4800100,0.0,0.0
2023-11-29 00:00:00-05:00,44.84290941139827,45.448376212061845,44.70836204817096,45.025508880615234,2005400,0.0,0.0
2023-11-30 00:00:00-05:00,45.073567121550475,46.11150659911247,44.91979817427681,45.976959228515625,4998700,0.0,0.0
2023-12-01 00:00:00-05:00,45.8616281932412,46.505534440690994,45.852015572930945,46.48631286621094,3010200,0.0,0.0
2023-12-04 00:00:00-05:00,46.082668873461664,46.64969246541985,45.73668787956984,46.20760726928711,2762800,0.0,0.0
2023-12-05 00:00:00-05:00,46.169166173336265,46.78424189374413,45.957732519643386,46.38059616088867,3773000,0.0,0.0
2023-12-06 00:00:00-05:00,46.505536974341894,46.83229642602398,45.66941860267975,45.67902755737305,3025500,0.0,0.0
2023-12-07 00:00:00-05:00,45.65980025890449,46.00578124274902,45.38109661404325,45.621360778808594,2156800,0.0,0.0
2023-12-08 00:00:00-05:00,45.49642609217149,45.967345506568364,45.49642609217149,45.948123931884766,3289600,0.0,0.0
2023-12-11 00:00:00-05:00,45.86162338987197,46.10188754649764,45.755906574374265,46.0153923034668,2127600,0.0,0.0
2023-12-12 00:00:00-05:00,45.85201521658189,46.909179807926215,45.74629839083342,46.803462982177734,3459700,0.0,0.0
2023-12-13 00:00:00-05:00,46.803464619195665,47.25515880027356,46.572809385300545,46.85151672363281,3431600,0.0,0.0
2023-12-14 00:00:00-05:00,47.062947561198044,47.255155967424145,46.01539561624824,46.332542419433594,3478500,0.0,0.0
2023-12-15 00:00:00-05:00,46.2748806357596,47.197494169230296,46.13072066721843,46.861122131347656,6301700,0.0,0.0
2023-12-18 00:00:00-05:00,46.74579134192389,47.53385744216426,46.74579134192389,47.370479583740234,4394800,0.0,0.0
2023-12-19 00:00:00-05:00,47.48581509622572,48.24505082819153,47.45698456614672,48.09128189086914,3534600,0.0,0.0
2023-12-20 00:00:00-05:00,47.92789739670055,48.37959522635062,47.42814746448229,47.45698165893555,2517700,0.0,0.0
2023-12-21 00:00:00-05:00,47.697246601101156,48.1777749667528,47.60113872828654,48.13933181762695,3504000,0.0,0.0
2023-12-22 00:00:00-05:00,48.245049454541586,48.27387998379971,47.81257318496704,48.05283737182617,2251700,0.0,0.0
2023-12-26 00:00:00-05:00,48.05283772251243,49.023503431405324,48.05283772251243,48.831295013427734,1786500,0.0,0.0
2023-12-27 00:00:00-05:00,48.72557660205851,49.26376602074924,48.72557660205851,49.22532653808594,1735400,0.0,0.0
2023-12-28 00:00:00-05:00,49.244550341629306,49.89806557017335,49.129220889997455,49.84040451049805,1753700,0.0,0.0
2023-12-29 00:00:00-05:00,49.69624683342921,50.128723131750895,49.50403473793726,49.68663787841797,2387700,0.0,0.0
2024-01-02 00:00:00-05:00,49.49441837217749,49.86922988588922,48.95622531861129,49.254154205322266,4995800,0.0,0.0
2024-01-03 00:00:00-05:00,49.350264702264525,49.74429783953663,49.01389629220567,49.65780258178711,3400800,0.0,0.0
2024-01-04 00:00:00-05:00,49.85001355843131,50.0806687959864,49.2829899183382,49.2926025390625,2048900,0.0,0.0
2024-01-05 00:00:00-05:00,49.38869852273408,49.830783682757065,49.3022032813261,49.715457916259766,2502500,0.0,0.0
2024-01-08 00:00:00-05:00,49.86923250229333,50.3785913895852,49.504029922993645,50.205604553222656,2855200,0.0,0.0
2024-01-09 00:00:00-05:00,49.917282484513535,50.06144245252237,49.51364043991323,49.70585250854492,3163300,0.0,0.0
2024-01-10 00:00:00-05:00,49.81156988043976,49.994169331281995,48.927395821412475,48.95622634887695,3257200,0.0,0.0
2024-01-11 00:00:00-05:00,48.898566185228766,48.898566185228766,48.27387786041646,48.542972564697266,2933800,0.0,0.0
2024-01-12 00:00:00-05:00,48.898565677513616,49.01389145441647,48.48531100529299,48.74479675292969,2655800,0.0,0.0
2024-01-16 00:00:00-05:00,48.48531062496899,49.273376815547486,48.28348960043701,48.95622634887695,3341700,0.0,0.0
2024-01-17 00:00:00-05:00,48.677524764368115,50.003780410060266,48.54297374282181,49.23493576049805,3126700,0.0,0.0
2024-01-18 00:00:00-05:00,49.06194385814344,49.19649120971557,48.46608972997811,48.97544860839844,2982700,0.0,0.0
2024-01-19 00:00:00-05:00,49.100385771715935,50.49391868651283,48.95622580371822,50.47469711303711,3050900,0.0,0.0
2024-01-22 00:00:00-05:00,50.657302172528475,51.01289582200347,50.167164826102294,50.63808059692383,2904100,0.0,0.0
2024-01-23 00:00:00-05:00,50.647693762603346,50.74379797551968,50.2536606238212,50.54197692871094,2159800,0.0,0.0
2024-01-24 00:00:00-05:00,50.83990623612571,50.84951519103317,49.81157575241231,50.0037841796875,4963600,0.0,0.0
2024-01-25 00:00:00-05:00,50.695744313958755,51.61835792776085,50.54197537832508,51.59913635253906,3403400,0.0,0.0
2024-01-26 00:00:00-05:00,51.64719176827179,52.15655067665202,51.44536706290212,52.1373291015625,2463000,0.0,0.0
2024-01-29 00:00:00-05:00,52.19498528582183,52.56018415434106,51.36847602292255,52.329532623291016,2840900,0.0,0.0
2024-01-30 00:00:00-05:00,52.271872871794066,52.51213704470442,51.60874507437201,51.9258918762207,2397300,0.0,0.0
2024-01-31 00:00:00-05:00,52.07889584683203,52.40814153177891,50.95558769125483,51.3623046875,7182200,0.408,0.0
2024-02-01 00:00:00-05:00,51.40104441674134,52.88264826940338,51.19768405548449,52.534034729003906,2907600,0.0,0.0
2024-02-02 00:00:00-05:00,52.22414955076468,53.60891775719045,52.00142508530228,52.998844146728516,2890900,0.0,0.0
2024-02-05 00:00:00-05:00,52.563079527038724,52.75675410781017,51.74964924302695,51.982059478759766,3277000,0.0,0.0
2024-02-06 00:00:00-05:00,51.98206066396186,52.233835038880486,51.44945832522347,51.82712173461914,2250900,0.0,0.0
2024-02-07 00:00:00-05:00,51.94332635038428,52.13700094057629,50.63602933115043,51.31388854980469,3920300,0.0,0.0
2024-02-08 00:00:00-05:00,51.24610398994871,51.50756415651407,50.29710247465735,50.69413375854492,2834700,0.0,0.0
2024-02-09 00:00:00-05:00,50.62634758875943,50.90717558212885,50.33583752742783,50.7135009765625,1875300,0.0,0.0
2024-02-12 00:00:00-05:00,50.76191485435205,50.9362216167377,49.638606660108756,50.1227912902832,2521600,0.0,0.0
2024-02-13 00:00:00-05:00,49.91942587587831,50.68443834393265,49.68701936282061,50.2777214050293,2265300,0.0,0.0
2024-02-14 00:00:00-05:00,50.8296985928964,51.0524230553567,50.24867488322872,50.413299560546875,2055500,0.0,0.0
2024-02-15 00:00:00-05:00,50.55855776726134,50.82970366980256,50.15184445450281,50.374568939208984,2125200,0.0,0.0
2024-02-16 00:00:00-05:00,50.200258335872874,51.01368859316387,50.16152268218396,50.25836181640625,1862200,0.0,0.0
2024-02-20 00:00:00-05:00,49.919436578597434,50.64571355217752,49.793547535513554,50.064693450927734,2388200,0.0,0.0
2024-02-21 00:00:00-05:00,50.1615273434915,50.510140871016496,49.86133523459489,50.229312896728516,1994100,0.0,0.0
2024-02-22 00:00:00-05:00,50.40361176031156,50.519815019927854,50.07436611303623,50.238990783691406,2815400,0.0,0.0
2024-02-23 00:00:00-05:00,50.674764113053875,50.674764113053875,49.86133380352043,49.91943359375,3043800,0.0,0.0
2024-02-26 00:00:00-05:00,49.967851403024376,51.39135537066881,49.94848726893816,51.10084533691406,3759900,0.0,0.0
2024-02-27 00:00:00-05:00,51.14926159445209,52.3597231121058,50.90716929092135,52.33067321777344,3572200,0.0,0.0
2024-02-28 00:00:00-05:00,51.79807312856231,54.315831716535776,51.284834910940646,52.96979904174805,4724900,0.0,0.0
2024-02-29 00:00:00-05:00,52.969798714314436,53.647657928128034,52.408142776172,53.570186614990234,4440800,0.0,0.0
2024-03-01 00:00:00-05:00,54.01563788229268,54.96463934440632,53.744495662841835,54.916221618652344,4567800,0.0,0.0
2024-03-04 00:00:00-05:00,54.654757588085104,56.17509697188832,54.189940804569034,55.86521911621094,5358800,0.0,0.0
2024-03-05 00:00:00-05:00,55.90396584142736,58.45077843523768,55.82649820918608,58.111846923828125,7916000,0.0,0.0
2024-03-06 00:00:00-05:00,58.59602062785302,59.554707793316155,57.763226190968794,59.51597213745117,4651200,0.0,0.0
2024-03-07 00:00:00-05:00,59.91300288187033,59.93237070964341,58.35392783947372,58.70254135131836,3659300,0.0,0.0
2024-03-08 00:00:00-05:00,58.731599149851185,59.0511590959244,58.13120752795609,58.80906677246094,3058700,0.0,0.0
2024-03-11 00:00:00-04:00,58.74128238941294,58.87685350221166,57.61797413389177,58.537925720214844,2574800,0.0,0.0
2024-03-12 00:00:00-04:00,58.489503583688375,60.35845651273312,58.32487889196157,60.329402923583984,2915400,0.0,0.0
2024-03-13 00:00:00-04:00,60.51339486648213,61.6560671604724,60.174463419233724,60.46497344970703,5874800,0.0,0.0
2024-03-14 00:00:00-04:00,60.610231185183366,62.45013053404568,60.426242358507785,61.384925842285156,4970000,0.0,0.0
2024-03-15 00:00:00-04:00,61.045996528517065,62.76000679753508,60.5811797461012,61.90784454345703,17146500,0.0,0.0
2024-03-18 00:00:00-04:00,62.50822567896864,64.05761469489438,61.82068083999397,62.94398880004883,6886700,0.0,0.0
2024-03-19 00:00:00-04:00,62.66318132959523,64.83232665954745,61.82070100821426,64.55150604248047,5480100,0.0,0.0
2024-03-20 00:00:00-04:00,64.48370559629508,65.81037414465244,64.231934907641,65.01631164550781,3537900,0.0,0.0
2024-03-21 00:00:00-04:00,65.50049178029964,65.80068386666578,64.44497290367636,64.91947174072266,3171300,0.0,0.0
2024-03-22 00:00:00-04:00,65.1421845511681,65.56826930917893,64.86136402037341,65.04534912109375,2197700,0.0,0.0
2024-03-25 00:00:00-04:00,65.60701320894273,66.40107565631781,65.33587101541036,65.97499084472656,3696800,0.0,0.0
2024-03-26 00:00:00-04:00,65.8975363578612,66.33329960441333,63.7768051450116,63.79616928100586,3471900,0.0,0.0
2024-03-27 00:00:00-04:00,64.32877144999954,64.78390619287077,63.91237236482705,64.51276397705078,2595400,0.0,0.0
2024-03-28 00:00:00-04:00,64.29971492166851,65.70384727508306,64.29002916122504,65.54891204833984,2571800,0.0,0.0
2024-04-01 00:00:00-04:00,65.46176194460034,67.96984222520712,64.78390640285326,67.93110656738281,3718100,0.0,0.0
2024-04-02 00:00:00-04:00,67.30166381973098,67.35976361136379,65.76196023689187,66.43013000488281,3194800,0.0,0.0
2024-04-03 00:00:00-04:00,66.98209687288656,70.7103168754978,66.98209687288656,69.73226928710938,5367400,0.0,0.0
2024-04-04 00:00:00-04:00,70.13897348796591,70.81682889577415,68.25065671759307,68.46369171142578,4514700,0.0,0.0
2024-04-05 00:00:00-04:00,68.754213335159,70.76842304825554,68.50243527400424,70.46822357177734,3256300,0.0,0.0
2024-04-08 00:00:00-04:00,70.01309440129259,71.50437643128348,69.848466026389,71.47532653808594,3315500,0.0,0.0
2024-04-09 00:00:00-04:00,71.84331345341424,72.37591208161884,69.13187673285576,70.46822357177734,3186900,0.0,0.0
2024-04-10 00:00:00-04:00,69.66448154228475,72.35654669484906,69.3642820710071,70.8652572631836,5151200,0.0,0.0
2024-04-11 00:00:00-04:00,71.34944730094188,72.47275179962108,70.41981369884046,72.23065948486328,3657200,0.0,0.0
2024-04-12 00:00:00-04:00,71.96920088427278,73.70258269269051,71.21387406689911,71.59153747558594,4281600,0.0,0.0
2024-04-15 00:00:00-04:00,72.2403430551897,74.11898172491716,70.3423402516202,70.64253234863281,3903000,0.0,0.0
2024-04-16 00:00:00-04:00,70.76843311856544,72.54055078335747,70.22614126444348,72.16287994384766,3125800,0.0,0.0
2024-04-17 00:00:00-04:00,71.97887566117481,72.20159641278683,68.12476346283374,71.09765625,4217000,0.0,0.0
2024-04-18 00:00:00-04:00,71.32039876006966,71.72711208345164,68.22161263946238,68.28939819335938,4119400,0.0,0.0
2024-04-19 00:00:00-04:00,68.05698989466839,69.18998014714045,66.92399964219632,67.75679779052734,3987100,0.0,0.0
2024-04-22 00:00:00-04:00,68.27971251476308,69.3158672352285,67.83426358137397,68.16350555419922,2871600,0.0,0.0
2024-04-23 00:00:00-04:00,68.60895827484724,69.89689112026052,68.37655172896099,69.22871398925781,2800300,0.0,0.0
2024-04-24 00:00:00-04:00,69.54827329891282,71.05892683569546,69.10282436853,70.31328582763672,3193300,0.0,0.0
2024-04-25 00:00:00-04:00,69.30618459781537,70.68126711346615,68.9575710884855,70.55538177490234,1809400,0.0,0.0
2024-04-26 00:00:00-04:00,70.69095051717677,70.8846213989819,69.50953892918199,70.5069580078125,1681800,0.0,0.0
2024-04-29 00:00:00-04:00,70.69096060632384,71.76585114631504,70.37139695647313,71.61090850830078,2151600,0.0,0.0
2024-04-30 00:00:00-04:00,71.3655251601434,72.05688082795153,70.63521893553579,70.76180267333984,2963400,0.408,0.0
2024-05-01 00:00:00-04:00,71.02471207501895,72.74823137498784,69.62252184517405,71.7258071899414,2253300,0.0,0.0
2024-05-02 00:00:00-04:00,72.34901133816463,73.7609338326442,71.29736851836846,73.15721130371094,2097900,0.0,0.0
2024-05-03 00:00:00-04:00,73.51749420628867,75.64025128980481,72.98193332985097,74.63729858398438,4253100,0.0,0.0
2024-05-06 00:00:00-04:00,75.72788252302648,76.3316050019229,74.35491070185716,75.84473419189453,4249100,0.0,0.0
2024-05-07 00:00:00-04:00,75.8057885073123,80.84977072052328,71.06367126747857,71.47264099121094,8170300,0.0,0.0
2024-05-08 00:00:00-04:00,72.13477803452635,76.09790596824708,71.93029319419878,73.82908630371094,5877400,0.0,0.0
2024-05-09 00:00:00-04:00,73.97514878187688,80.28499003958632,73.95566979006705,79.61311340332031,5891300,0.0,0.0
2024-05-10 00:00:00-04:00,80.64528385149161,82.24221957694219,80.43105949799421,81.4534912109375,5319900,0.0,0.0
2024-05-13 00:00:00-04:00,81.88193504786463,82.22275058220316,79.30152551570964,80.29473876953125,3775500,0.0,0.0
2024-05-14 00:00:00-04:00,79.74943934779671,81.05424953929727,79.30151909866701,79.92471313476562,4112800,0.0,0.0
2024-05-15 00:00:00-04:00,80.8302899735268,83.74177519373055,80.8302899735268,82.27142333984375,3448100,0.0,0.0
2024-05-16 00:00:00-04:00,82.76802491600353,83.32305725651324,80.60631766484218,80.75238037109375,3194100,0.0,0.0
2024-05-17 00:00:00-04:00,80.77186501834896,82.0864221585397,79.8565529403855,80.1389389038086,2913500,0.0,0.0
2024-05-20 00:00:00-04:00,80.56737843552554,81.11267878688398,78.54200154024485,79.34046936035156,3271200,0.0,0.0
2024-05-21 00:00:00-04:00,79.1554536987698,80.86924095470667,79.1554536987698,80.84976196289062,2508600,0.0,0.0
2024-05-22 00:00:00-04:00,80.10970997345116,80.33367378734081,78.04538274708878,78.94122314453125,3748000,0.0,0.0
2024-05-23 00:00:00-04:00,80.21683626655717,80.64528497954502,78.11355811810456,78.96070861816406,3333800,0.0,0.0
2024-05-24 00:00:00-04:00,79.32098786739854,84.18969574604361,77.35403315321173,83.74177551269531,3639500,0.0,0.0
2024-05-28 00:00:00-04:00,84.18970553832284,85.28029890444962,81.2197978443484,81.64823913574219,3167100,0.0,0.0
2024-05-29 00:00:00-04:00,81.27821728218753,82.07668514360549,80.07077970788555,81.33663940429688,2596700,0.0,0.0
2024-05-30 00:00:00-04:00,81.32689483607035,82.52460026803837,80.39210379531768,82.41748809814453,2085100,0.0,0.0
2024-05-31 00:00:00-04:00,82.45644713177369,82.6025098720163,75.63051576124228,78.87307739257812,7793300,0.0,0.0
2024-06-03 00:00:00-04:00,78.51277450611052,78.67831620726966,74.59833694312258,76.28290557861328,4984900,0.0,0.0
2024-06-04 00:00:00-04:00,75.94210307689501,77.68510138126942,73.916726254373,75.78630828857422,4322700,0.0,0.0
2024-06-05 00:00:00-04:00,76.2244911820499,79.83707162289924,76.2244911820499,79.40863037109375,4141400,0.0,0.0
2024-06-06 00:00:00-04:00,79.23335434297819,80.47974236577899,75.16311427717382,75.78630828857422,4747600,0.0,0.0
2024-06-07 00:00:00-04:00,75.4747150507342,77.16902338949642,75.29944126196163,75.84473419189453,2966400,0.0,0.0
2024-06-10 00:00:00-04:00,75.65971958822003,78.10381309210435,75.46497423922621,77.8701171875,3877800,0.0,0.0
2024-06-11 00:00:00-04:00,77.0911141230093,78.94122449124318,76.74056658254149,78.9217529296875,2851700,0.0,0.0
2024-06-12 00:00:00-04:00,79.55469206068096,80.24605518910927,76.8574308834514,78.19145965576172,2910200,0.0,0.0
2024-06-13 00:00:00-04:00,78.87307264792766,78.90228370840705,75.72788388960082,77.29560852050781,2802500,0.0,0.0
2024-06-14 00:00:00-04:00,76.76005601531877,76.89637925192805,75.97132022744029,76.57504272460938,2393100,0.0,0.0
2024-06-17 00:00:00-04:00,76.14658837432212,76.799000877207,75.04626306641855,76.4874038696289,3680300,0.0,0.0
2024-06-18 00:00:00-04:00,76.07842058873966,78.15249473474367,75.7278730550223,77.82141876220703,3623400,0.0,0.0
2024-06-20 00:00:00-04:00,78.02591429424952,79.55468835925957,77.28587600288478,78.60042572021484,2806300,0.0,0.0
2024-06-21 00:00:00-04:00,78.00644096200395,78.49331176694515,76.80873551306267,77.9188003540039,8998600,0.0,0.0
2024-06-24 00:00:00-04:00,77.67535959611752,80.48947948938917,77.3540305330955,79.4183578491211,4374900,0.0,0.0
2024-06-25 00:00:00-04:00,79.77865734190743,81.54112743197061,79.06782263600827,80.10972595214844,2952300,0.0,0.0
2024-06-26 00:00:00-04:00,79.82733360517652,80.14866266281277,77.26638863607926,77.43192291259766,3751300,0.0,0.0
2024-06-27 00:00:00-04:00,77.43193154014548,77.9382813505776,76.27318404634948,76.59452056884766,2733200,0.0,0.0
2024-06-28 00:00:00-04:00,76.5555669331488,77.28587312996913,75.58182533738832,75.81552124023438,6940800,0.0,0.0
2024-07-01 00:00:00-04:00,76.76006394612584,77.1885052644245,75.24102176415427,75.80579376220703,2607600,0.0,0.0
2024-07-02 00:00:00-04:00,75.44550399078194,76.61399096322643,75.28970176562454,75.84473419189453,2016300,0.0,0.0
2024-07-03 00:00:00-04:00,75.8642195875238,77.55852806928598,75.40655979882112,77.33456420898438,1289800,0.0,0.0
2024-07-05 00:00:00-04:00,77.77274228054866,77.8895865149674,74.88072861374627,75.13390350341797,2091600,0.0,0.0
2024-07-08 00:00:00-04:00,75.62078066887013,76.71136657040498,75.15338140459856,76.50688171386719,1884900,0.0,0.0
2024-07-09 00:00:00-04:00,76.56530992519536,78.75622882827597,76.16607967707847,77.17877197265625,2541600,0.0,0.0
2024-07-10 00:00:00-04:00,77.65588668576264,77.87985050549155,75.72787519581324,77.08138275146484,1726300,0.0,0.0
2024-07-11 00:00:00-04:00,77.08138730802692,77.77274294075508,76.68214969288404,77.5390396118164,2276700,0.0,0.0
2024-07-12 00:00:00-04:00,77.57799422335803,78.39594105929817,76.56530203217739,77.83116912841797,1870700,0.0,0.0
2024-07-15 00:00:00-04:00,77.54877923889525,77.54877923889525,72.68981080964235,73.4103775024414,3501800,0.0,0.0
2024-07-16 00:00:00-04:00,73.85830088856397,75.3676033813515,73.61486548192462,74.4230728149414,2484100,0.0,0.0
2024-07-17 00:00:00-04:00,73.30325771549245,73.36167982722483,70.4307233097615,70.63520812988281,4824800,0.0,0.0
2024-07-18 00:00:00-04:00,71.40446860557198,72.44637175175043,69.94385630182322,71.69658660888672,2779300,0.0,0.0
2024-07-19 00:00:00-04:00,72.06661662432215,73.39090577127612,71.67711850538414,72.94298553466797,3455900,0.0,0.0
2024-07-22 00:00:00-04:00,73.38117348792433,75.09496092226394,73.25458974417755,74.83204650878906,1704100,0.0,0.0
2024-07-23 00:00:00-04:00,74.53018128220047,75.42602175111372,74.06278205590823,74.59834289550781,3089300,0.0,0.0
2024-07-24 00:00:00-04:00,74.12121149383113,74.74440550860255,72.09582723129465,72.24188995361328,2495900,0.0,0.0
2024-07-25 00:00:00-04:00,72.52428414742859,73.03062655609803,70.63522289654514,71.1707763671875,2921300,0.0,0.0
2024-07-26 00:00:00-04:00,72.49505703934607,73.15720160524528,71.17076790754766,71.77449035644531,2006100,0.0,0.0
2024-07-29 00:00:00-04:00,72.38794404178053,72.99166648375292,71.75501797070098,72.37821197509766,1418200,0.0,0.0
2024-07-30 00:00:00-04:00,72.77745190159982,73.2740622441219,71.04419288035515,71.40447998046875,1632400,0.0,0.0
2024-07-31 00:00:00-04:00,75.0852205750366,76.40950983715759,72.67033797085735,73.19615936279297,4500200,0.0,0.0
2024-08-01 00:00:00-04:00,73.42916994678731,74.99565741173181,71.55917016673376,71.96058654785156,2337700,0.408,0.0
2024-08-02 00:00:00-04:00,71.10881114172766,71.7941545974879,67.73107204343043,68.53389739990234,4472200,0.0,0.0
2024-08-05 00:00:00-04:00,65.04846018495783,68.475154981487,63.746314369572296,67.4471435546875,3751700,0.0,0.0
2024-08-06 00:00:00-04:00,67.9954198310674,70.98154289950848,67.92688622636231,69.69898223876953,3804900,0.0,0.0
2024-08-07 00:00:00-04:00,71.0500670626194,71.89205550545152,70.40389422835389,70.56053924560547,4235200,0.0,0.0
2024-08-08 00:00:00-04:00,72.26409974830611,77.0027332809307,71.42211123800011,76.33697509765625,4501700,0.0,0.0
2024-08-09 00:00:00-04:00,76.06283246610747,78.77481320973203,74.72152359602512,78.6083755493164,3767100,0.0,0.0
2024-08-12 00:00:00-04:00,78.6867018760919,78.94125095596848,76.34675957137043,78.19717407226562,3414200,0.0,0.0
2024-08-13 00:00:00-04:00,78.92168055835685,81.14413371027537,78.32445598391135,80.14550018310547,3057400,0.0,0.0
2024-08-14 00:00:00-04:00,80.46858655593512,80.99727750520688,79.07832185099001,80.65460205078125,2534500,0.0,0.0
2024-08-15 00:00:00-04:00,80.48816997590096,81.59450025224547,79.89094538816035,81.01686096191406,2973200,0.0,0.0
2024-08-16 00:00:00-04:00,80.9581074561978,82.09380803296143,80.05737065509419,81.04621887207031,2529000,0.0,0.0
2024-08-19 00:00:00-04:00,81.04623492434986,81.1441390067998,78.96084883671553,80.61544799804688,1564200,0.0,0.0
2024-08-20 00:00:00-04:00,80.54689922103603,81.02664183299791,79.82240018385454,80.20423126220703,1344700,0.0,0.0
2024-08-21 00:00:00-04:00,80.20424292028638,81.80989370613256,79.82241178643285,81.01686096191406,3486000,0.0,0.0
2024-08-22 00:00:00-04:00,81.11475969763727,81.46722033176499,79.9692663715231,80.13570404052734,2093200,0.0,0.0
2024-08-23 00:00:00-04:00,80.63502159804764,81.91758207215867,80.29235362438457,81.75114440917969,3005500,0.0,0.0
2024-08-26 00:00:00-04:00,81.79030224422702,83.59176088625551,81.53574570755738,81.99590301513672,3480500,0.0,0.0
2024-08-27 00:00:00-04:00,81.45742107481398,82.32877994137765,81.02664169996535,81.84904479980469,1812100,0.0,0.0
2024-08-28 00:00:00-04:00,81.839255235087,82.24067162246253,78.26570821764933,78.58879089355469,2885300,0.0,0.0
2024-08-29 00:00:00-04:00,78.83355695054578,81.24204040138399,78.36361442570059,80.88957977294922,1883800,0.0,0.0
2024-08-30 00:00:00-04:00,81.26162621065367,83.3861753682758,81.22246308480226,83.22953033447266,2503800,0.0,0.0
2024-09-03 00:00:00-04:00,83.02391499313045,83.02391499313045,77.83491750495935,78.07968139648438,2872900,0.0,0.0
2024-09-04 00:00:00-04:00,77.99157728186273,79.64617626413283,77.31602648774187,77.47267150878906,1993900,0.0,0.0
2024-09-05 00:00:00-04:00,77.5901599073708,77.90345741515277,76.42508129893078,76.88523864746094,1526700,0.0,0.0
2024-09-06 00:00:00-04:00,76.89503652694998,77.9328331915338,74.76069477572506,74.90755462646484,3207500,0.0,0.0
2024-09-09 00:00:00-04:00,75.75932630607011,76.43487711979377,74.53550669836903,76.28801727294922,2483600,0.0,0.0
2024-09-10 00:00:00-04:00,76.66006257033655,76.80691494634553,75.75932566973663,76.30760192871094,1239200,0.0,0.0
2024-09-11 00:00:00-04:00,76.5523531728164,78.4419306171473,75.69077953834379,78.39297485351562,2340800,0.0,0.0
2024-09-12 00:00:00-04:00,78.39298094437889,79.38182918368287,77.89366050102322,78.1286392211914,1793500,0.0,0.0
2024-09-13 00:00:00-04:00,77.10062840829123,79.68533459164868,75.86701626227017,79.34266662597656,2250700,0.0,0.0
2024-09-16 00:00:00-04:00,79.19582387289813,80.30215424913497,78.58880658164435,79.08812713623047,2381700,0.0,0.0
2024-09-17 00:00:00-04:00,79.63637622559223,81.09517439837427,79.0783148512478,79.6167984008789,2140300,0.0,0.0
2024-09-18 00:00:00-04:00,79.59723182779119,82.30921284481518,79.53848340614435,80.23361206054688,2735300,0.0,0.0
2024-09-19 00:00:00-04:00,81.26161261323585,81.7119772807643,79.54826535934234,80.11611938476562,1968400,0.0,0.0
2024-09-20 00:00:00-04:00,81.75114686212775,85.33449413035565,80.7427207366893,85.26595306396484,6334000,0.0,0.0
2024-09-23 00:00:00-04:00,85.990453213575,88.6730634059667,84.70788532698961,86.15689086914062,4285300,0.0,0.0
2024-09-24 00:00:00-04:00,86.70517018312943,87.05763083180898,85.45198008542526,86.07857513427734,2103700,0.0,0.0
2024-09-25 00:00:00-04:00,86.26459568522627,87.83108326337775,85.50093345772754,87.37092590332031,2437500,0.0,0.0
2024-09-26 00:00:00-04:00,89.21154459319757,91.2186039931697,88.06604392038498,88.68285369873047,4386100,0.0,0.0
2024-09-27 00:00:00-04:00,88.57515658152879,90.06331772717266,88.33039269464254,89.3094482421875,2077200,0.0,0.0
2024-09-30 00:00:00-04:00,89.28987489913342,90.1906118003294,87.70380948037064,89.19197082519531,2715600,0.0,0.0
2024-10-01 00:00:00-04:00,88.90803697888491,90.9640597222704,88.01710026373912,90.70950317382812,3493900,0.0,0.0
2024-10-02 00:00:00-04:00,90.073113671547,91.50253392693897,89.94583913476325,90.55284881591797,2229200,0.0,0.0
2024-10-03 00:00:00-04:00,91.21861876008056,92.61866872496407,90.86615810671113,92.08019256591797,3029500,0.0,0.0
2024-10-04 00:00:00-04:00,92.51096262646202,94.18514682554527,91.94311604876704,93.35295104980469,2488400,0.0,0.0
2024-10-07 00:00:00-04:00,93.57815313920905,94.38097857911643,90.88574974725584,92.31517028808594,2307700,0.0,0.0
2024-10-08 00:00:00-04:00,92.50118552641172,92.8340608779367,91.21861748418934,91.60044860839844,2039500,0.0,0.0
2024-10-09 00:00:00-04:00,91.30672787677506,91.39483929587713,85.54987613485882,86.70516204833984,3062700,0.0,0.0
2024-10-10 00:00:00-04:00,85.98066748749916,86.93035266979892,85.66736997608498,85.76527404785156,1831800,0.0,0.0
2024-10-11 00:00:00-04:00,85.2170143016448,87.95836594964904,83.83654209374629,87.87025451660156,2596200,0.0,0.0
2024-10-14 00:00:00-04:00,88.36957445072142,89.16260722121723,87.59611950868116,88.19334411621094,1989000,0.0,0.0
2024-10-15 00:00:00-04:00,87.95835383349701,88.34997757772413,87.14574334100767,87.27301788330078,1925200,0.0,0.0
2024-10-16 00:00:00-04:00,88.11500804433523,89.96542261569813,87.72338429244004,89.37799072265625,2048100,0.0,0.0
2024-10-17 00:00:00-04:00,90.14165939615367,90.87595118252496,84.16942102758776,84.19879150390625,2428600,0.0,0.0
2024-10-18 00:00:00-04:00,84.23795405171177,85.3247064856636,83.70926307279447,84.52188110351562,2102800,0.0,0.0
2024-10-21 00:00:00-04:00,84.63935852050781,85.24637571662262,83.44491689398801,84.63935852050781,1713900,0.0,0.0
2024-10-22 00:00:00-04:00,83.67989593632822,84.17921645905605,82.32879422419435,83.51345825195312,1819700,0.0,0.0
2024-10-23 00:00:00-04:00,83.12182596184772,86.15689697500127,83.12182596184772,85.8925552368164,4910300,0.0,0.0
2024-10-24 00:00:00-04:00,86.23522378860467,87.68422197340615,85.58904347161887,87.41008758544922,2869700,0.0,0.0
2024-10-25 00:00:00-04:00,88.13459350165517,88.26187552706271,85.45198289374497,85.69674682617188,3079000,0.0,0.0
2024-10-28 00:00:00-04:00,86.26458777064151,87.02824992807592,85.86317139734321,86.8716049194336,2017900,0.0,0.0
2024-10-29 00:00:00-04:00,86.09814625813985,87.21426897202696,84.35542859854773,86.25479125976562,2715600,0.0,0.0
2024-10-30 00:00:00-04:00,86.99888956447136,88.08564198235533,85.78486259542699,86.59747314453125,2137500,0.0,0.0
2024-10-31 00:00:00-04:00,86.4995629258925,89.10385447232791,86.25479901978098,88.50662994384766,2187500,0.0,0.0
2024-11-01 00:00:00-04:00,88.41614773450685,88.77020631747799,84.57068104302955,85.28863525390625,2685000,0.408,0.0
2024-11-04 00:00:00-05:00,84.28546941018631,87.5605076536151,83.84289991933032,86.59668731689453,3032900,0.0,0.0
2024-11-05 00:00:00-05:00,86.67535330176877,90.00939850712209,86.67535330176877,89.74385833740234,2211800,0.0,0.0
2024-11-06 00:00:00-05:00,90.00940840022665,91.46498348189417,89.34063187677948,90.86505126953125,2474000,0.0,0.0
2024-11-07 00:00:00-05:00,92.20260656202315,95.74318515331136,91.42564503031109,94.80886840820312,4031900,0.0,0.0
2024-11-08 00:00:00-05:00,98.10356157184891,101.14255551662126,93.17625276937493,94.55314636230469,4780800,0.0,0.0
2024-11-11 00:00:00-05:00,96.9233715263951,97.71999955151878,92.2714399334108,92.72384643554688,3411200,0.0,0.0
2024-11-12 00:00:00-05:00,91.95672401913787,94.12040864173095,88.87838932808744,91.1305923461914,2968700,0.0,0.0
2024-11-13 00:00:00-05:00,91.44530704554647,93.21559235567616,90.54048655000499,90.95355987548828,2726400,0.0,0.0
2024-11-14 00:00:00-05:00,91.07157987032983,92.64516940844464,89.783204608415,90.12742614746094,2878500,0.0,0.0
2024-11-15 00:00:00-05:00,90.1077662997602,91.38630461232796,89.72420405564314,90.6683578491211,1995100,0.0,0.0
2024-11-18 00:00:00-05:00,90.71752770035312,92.94022730079266,89.6750259645437,91.69119262695312,2707900,0.0,0.0
2024-11-19 00:00:00-05:00,90.48148637269182,93.64833959629074,90.14710187254381,93.29428100585938,2787400,0.0,0.0
2024-11-20 00:00:00-05:00,93.85487582565845,94.62200029742797,92.30095279114383,92.95989227294922,1856900,0.0,0.0
2024-11-21 00:00:00-05:00,93.3827899539001,95.86120003522352,92.84187253786108,95.290771484375,2477800,0.0,0.0
2024-11-22 00:00:00-05:00,95.62516800990377,96.14641886422345,92.97956555669579,93.904052734375,1800900,0.0,0.0
2024-11-25 00:00:00-05:00,94.95639201495942,95.92021237265841,90.00940863552427,90.3536376953125,4385200,0.0,0.0
2024-11-26 00:00:00-05:00,91.96656893012037,99.77550982951055,90.88472652628954,99.49030303955078,4662500,0.0,0.0
2024-11-27 00:00:00-05:00,99.58864348702237,99.86402071415972,96.60865670219547,97.25775909423828,2037200,0.0,0.0
2024-11-29 00:00:00-05:00,98.24125734879183,101.43761422470008,97.87736171090187,99.93286895751953,1647400,0.0,0.0
2024-12-02 00:00:00-05:00,100.19840012724649,100.80816931606469,97.4839611657194,97.75933837890625,2114700,0.0,0.0
2024-12-03 00:00:00-05:00,99.01822235177532,100.58197493865,97.42495862824214,97.47413635253906,1731700,0.0,0.0
2024-12-04 00:00:00-05:00,98.93953653429116,101.19173964246181,98.42812274060594,99.26409149169922,2401500,0.0,0.0
2024-12-05 00:00:00-05:00,98.85101953437837,100.61147532690259,98.09372468052467,99.60830688476562,1858700,0.0,0.0
2024-12-06 00:00:00-05:00,99.66732101815167,100.27709026039332,97.04139271502767,97.62165832519531,1433500,0.0,0.0
2024-12-09 00:00:00-05:00,97.58232306348346,97.72001168978146,92.9894056635509,94.48431396484375,2370500,0.0,0.0
2024-12-10 00:00:00-05:00,93.95321534490154,94.3662811767409,91.81903437693167,92.18292999267578,2235600,0.0,0.0
2024-12-11 00:00:00-05:00,93.26477984562804,94.56299221045963,92.08458201175661,93.904052734375,1835200,0.0,0.0
2024-12-12 00:00:00-05:00,93.67784135606594,96.17591802597705,93.56965637207031,93.56965637207031,1793500,0.0,0.0
2024-12-13 00:00:00-05:00,93.9237138892006,95.5366440824132,93.39262602019645,93.41230010986328,1432000,0.0,0.0
2024-12-16 00:00:00-05:00,93.54015363857556,95.30060952730568,92.60583695342689,92.62550354003906,1636200,0.0,0.0
2024-12-17 00:00:00-05:00,91.8190380614231,92.09441529369961,89.17343571632826,89.91105651855469,2122000,0.0,0.0
2024-12-18 00:00:00-05:00,90.24545220862937,90.50115536136398,87.31463546637995,87.3441390991211,2281200,0.0,0.0
2024-12-19 00:00:00-05:00,88.01290727054169,89.45864516543224,86.54750279017857,87.77687072753906,3260700,0.0,0.0
2024-12-20 00:00:00-05:00,86.47865928449541,90.11758541130305,86.27212636952738,88.95706176757812,6489600,0.0,0.0
2024-12-23 00:00:00-05:00,89.0554287177242,90.98307701006372,87.47200199482612,90.717529296875,2496000,0.0,0.0
2024-12-24 00:00:00-05:00,91.23878090773506,92.09442381877163,90.5798413975809,91.49449157714844,727900,0.0,0.0
2024-12-26 00:00:00-05:00,91.3469654968964,92.18294181586788,90.78637393793795,91.30762481689453,1672900,0.0,0.0
2024-12-27 00:00:00-05:00,90.58966708329642,91.02240700750342,89.2127734636559,90.43230438232422,6117900,0.0,0.0
2024-12-30 00:00:00-05:00,89.41931161328259,91.05191596579839,88.81937941178866,90.62901306152344,1751000,0.0,0.0
2024-12-31 00:00:00-05:00,90.59950632888894,90.85520946898065,88.21944419139867,88.73086547851562,3460000,0.0,0.0
2025-01-02 00:00:00-05:00,89.50783037057967,91.52398945439879,88.88822407610877,91.21910858154297,2182400,0.0,0.0
2025-01-03 00:00:00-05:00,92.37962978188514,98.99855043050044,91.90754916585703,96.87419891357422,2701200,0.0,0.0
2025-01-06 00:00:00-05:00,97.66099709633436,98.664158084606,96.37261432766894,97.09056854248047,4259200,0.0,0.0
2025-01-07 00:00:00-05:00,97.36594417599112,97.82818773778534,93.27460393016425,95.13341522216797,3110700,0.0,0.0
2025-01-08 00:00:00-05:00,94.94655480730631,97.96588245925126,91.80920512048127,96.91354370117188,3407500,0.0,0.0
2025-01-10 00:00:00-05:00,97.3266088097253,98.87069477924022,95.08424268874484,97.74951171875,3233100,0.0,0.0
2025-01-13 00:00:00-05:00,96.92338859162676,97.32661744570376,93.7368609231495,95.59566497802734,2513600,0.0,0.0
2025-01-14 00:00:00-05:00,97.07089340085572,98.93953424465201,96.1464137755727,98.14290618896484,2894500,0.0,0.0
2025-01-15 00:00:00-05:00,101.29993322172096,103.18824085570141,100.53280871438312,102.3522720336914,2737800,0.0,0.0
2025-01-16 00:00:00-05:00,102.55880032808801,104.8896848822599,101.97854220265312,104.25041198730469,3465100,0.0,0.0
2025-01-17 00:00:00-05:00,104.66348963517066,104.66348963517066,102.0375609517507,102.78501892089844,2664500,0.0,0.0
2025-01-21 00:00:00-05:00,105.36175772728919,110.9283399159554,105.36175772728919,109.70880889892578,5339600,0.0,0.0
2025-01-22 00:00:00-05:00,113.11169793321953,113.4755860747266,107.72214508677857,108.52861022949219,3596900,0.0,0.0
2025-01-23 00:00:00-05:00,108.80398788824506,111.30206468215576,107.75164913088797,108.7154769897461,3558700,0.0,0.0
2025-01-24 00:00:00-05:00,109.42359460807316,110.83982151371681,108.51877401143726,110.51527404785156,4289800,0.0,0.0
2025-01-27 00:00:00-05:00,103.34559340604056,104.25040645367437,93.24510171089881,95.88086700439453,5899300,0.0,0.0
2025-01-28 00:00:00-05:00,97.2774375739722,100.02138042782892,93.97289569225762,99.20508575439453,4713000,0.0,0.0
2025-01-29 00:00:00-05:00,99.17557437333507,101.15240027170515,97.64132546900025,98.9100341796875,2965800,0.0,0.0
2025-01-30 00:00:00-05:00,101.10322216991335,104.27006767364219,100.5524602316187,103.26690673828125,3363000,0.0,0.0
2025-01-31 00:00:00-05:00,103.17840075632596,103.4144373105561,100.7294943061213,100.7491683959961,2897900,0.0,0.0
2025-02-03 00:00:00-05:00,97.78595751538826,102.72464223838766,97.78595751538826,101.42082977294922,2325600,0.44,0.0
2025-02-04 00:00:00-05:00,100.70965425848678,101.62824988457093,99.0206250497194,100.41333770751953,1752700,0.0,0.0
2025-02-05 00:00:00-05:00,101.98383542384039,102.93206194817837,99.83056866987458,101.61837005615234,1926500,0.0,0.0
2025-02-06 00:00:00-05:00,101.93443916473552,102.67524179685086,100.79854782415927,102.0430908203125,1430400,0.0,0.0
2025-02-07 00:00:00-05:00,103.13948550883696,104.47292881950706,101.41094593015936,101.74678039550781,1230500,0.0,0.0
2025-02-10 00:00:00-05:00,102.28016631659825,103.96919563196846,101.49985320554973,103.89017486572266,1710800,0.0,0.0
2025-02-11 00:00:00-05:00,103.1987558215997,103.58397261418924,101.51959855067403,103.37654876708984,2597400,0.0,0.0
2025-02-12 00:00:00-05:00,100.94670405408533,103.03082943106521,100.1071292304483,101.40106964111328,2216600,0.0,0.0
2025-02-13 00:00:00-05:00,101.69738910603995,105.17422717261456,101.57885796655408,104.9470443725586,3200000,0.0,0.0
2025-02-14 00:00:00-05:00,104.93716429734471,107.43613740458812,102.83328745030799,106.28048706054688,1661800,0.0,0.0
2025-02-18 00:00:00-05:00,107.50528382368873,111.32782845496706,106.99166393595306,110.53764343261719,3661400,0.0,0.0
2025-02-19 00:00:00-05:00,110.3400890426002,111.26856414720204,109.00664572452035,111.03150939941406,2173500,0.0,0.0
2025-02-20 00:00:00-05:00,110.4783727380248,110.4783727380248,106.04343608756756,109.70793914794922,2020800,0.0,0.0
2025-02-21 00:00:00-05:00,109.8758482682932,110.14254144558937,104.0778376136941,104.66059875488281,3350400,0.0,0.0
2025-02-24 00:00:00-05:00,105.24336273028969,105.82612384544427,100.9071986297022,102.16162109375,2894100,0.0,0.0
2025-02-25 00:00:00-05:00,100.19603233799722,102.72463636000732,97.064900675559,101.18376922607422,3814000,0.0,0.0
2025-02-26 00:00:00-05:00,104.22599344882568,113.93544889840345,104.01856960596352,111.94022369384766,5031700,0.0,0.0
2025-02-27 00:00:00-05:00,114.77502863629368,115.82203490996997,103.56421595039158,103.82102966308594,5401900,0.0,0.0
2025-02-28 00:00:00-05:00,103.19876115707959,104.88779045864314,100.92696312901074,104.4136734008789,3814200,0.0,0.0
2025-03-03 00:00:00-05:00,105.29275804902066,105.6681029154011,97.97363112045642,99.0206298828125,4174100,0.0,0.0
2025-03-04 00:00:00-05:00,96.90687339890404,101.37144112623206,94.15108638614453,99.0206298828125,3182800,0.0,0.0
2025-03-05 00:00:00-05:00,97.46000133714337,98.80332416843024,95.51415837406597,97.49951171875,2643000,0.0,0.0
2025-03-06 00:00:00-05:00,94.04242767748467,94.9313923788917,89.49883952520179,90.0223388671875,3415200,0.0,0.0
2025-03-07 00:00:00-05:00,90.41743967427092,92.16573072842769,83.82923614536084,87.0097427368164,4669300,0.0,0.0
2025-03-10 00:00:00-04:00,84.04653950070642,85.35035960284421,79.9079265070344,83.77985382080078,6156600,0.0,0.0
2025-03-11 00:00:00-04:00,83.67120120482868,89.15314462414057,83.67120120482868,87.53325653076172,5214300,0.0,0.0
2025-03-12 00:00:00-04:00,89.88406216450713,93.39053134020372,89.56798664294446,91.3360366821289,4921300,0.0,0.0
2025-03-13 00:00:00-04:00,91.12861757796868,91.36567234753923,88.33332006403269,89.80504608154297,3433500,0.0,0.0
2025-03-14 00:00:00-04:00,91.44468419016151,94.45727721957635,90.25939538633337,94.22022247314453,2989800,0.0,0.0
2025-03-17 00:00:00-04:00,94.42764961623821,96.71919900733934,93.28187868860503,94.9511489868164,2483900,0.0,0.0
2025-03-18 00:00:00-04:00,93.03493956445062,94.1807104318605,92.07683358073227,93.51892852783203,1796800,0.0,0.0
2025-03-19 00:00:00-04:00,93.81525496581979,97.80570544805893,93.7362342044715,97.0550308227539,2337400,0.0,0.0
2025-03-20 00:00:00-04:00,95.85987107419965,99.25768095370573,95.39563351619266,98.41810607910156,2564100,0.0,0.0
2025-03-21 00:00:00-04:00,96.84761171160089,99.50461900330298,95.39563717812653,99.42560577392578,7623100,0.0,0.0
2025-03-24 00:00:00-04:00,101.02572834639892,102.92218137491338,100.41333629484801,101.59861755371094,2612200,0.0,0.0
2025-03-25 00:00:00-04:00,100.81830189302288,101.70726658207481,99.01074161458965,101.0158462524414,2096100,0.0,0.0
2025-03-26 00:00:00-04:00,100.24542844143957,100.90721797466018,95.31662280241592,96.17595672607422,2410200,0.0,0.0
2025-03-27 00:00:00-04:00,94.6647065889068,96.7389602326919,93.8745215427441,94.585693359375,1958500,0.0,0.0
2025-03-28 00:00:00-04:00,94.42765091363518,95.7413428657467,93.31151087302625,94.03255462646484,2403200,0.0,0.0
2025-03-31 00:00:00-04:00,92.076831583096,94.85236975691534,91.79038698849944,94.28936004638672,2976500,0.0,0.0
2025-04-01 00:00:00-04:00,94.42764686763962,97.38097811158786,93.84488570930532,97.32171630859375,2547800,0.0,0.0
2025-04-02 00:00:00-04:00,95.37587311905138,102.22089017096624,95.27710093573515,101.61837005615234,3301800,0.0,0.0
2025-04-03 00:00:00-04:00,95.81047742806909,98.28969910866408,91.24713032632667,91.6323471069336,3435700,0.0,0.0
2025-04-04 00:00:00-04:00,89.88406167390428,90.13099590927216,81.00430868010947,82.58468627929688,6877100,0.0,0.0
2025-04-07 00:00:00-04:00,79.4436800624,89.73589686761635,78.59422571597447,86.170166015625,4796800,0.0,0.0
2025-04-08 00:00:00-04:00,90.22977473575142,90.96069801619107,83.34524654136816,84.84661102294922,3618400,0.0,0.0
2025-04-09 00:00:00-04:00,84.9453782664643,97.39086241229091,82.1006985443949,96.1957015991211,4840800,0.0,0.0
2025-04-10 00:00:00-04:00,93.5584376636115,94.74371889494347,89.79516259508992,91.7508773803711,2577000,0.0,0.0
2025-04-11 00:00:00-04:00,92.20524011374383,94.30912457944758,90.31866651233565,93.31150817871094,1634900,0.0,0.0
2025-04-14 00:00:00-04:00,96.25496500059008,96.41300653346445,93.8350124311728,94.74372863769531,1981700,0.0,0.0
2025-04-15 00:00:00-04:00,94.82273988517962,97.2920820696895,94.82273988517962,95.91912841796875,1513700,0.0,0.0
2025-04-16 00:00:00-04:00,94.31900087141142,97.8847319252471,94.21034920217161,96.88711547851562,2217500,0.0,0.0
2025-04-17 00:00:00-04:00,97.82545713600915,99.43546546569458,95.90924526281452,96.65992736816406,1945900,0.0,0.0
2025-04-21 00:00:00-04:00,94.9215155007531,95.61293585894005,89.72601724647738,91.94842529296875,1916000,0.0,0.0
2025-04-22 00:00:00-04:00,93.92389886740278,98.12178072206221,93.92389886740278,97.58840942382812,3561500,0.0,0.0
2025-04-23 00:00:00-04:00,101.92457233426165,104.31489380517648,99.73179522748536,100.7886734008789,1816600,0.0,0.0
2025-04-24 00:00:00-04:00,100.56149729194199,105.4903101386253,100.29481162902437,104.80876922607422,1699800,0.0,0.0
2025-04-25 00:00:00-04:00,104.80877146749629,107.85100317208257,104.80877146749629,107.00154876708984,1810200,0.0,0.0
2025-04-28 00:00:00-04:00,106.80399350686562,108.31523736786716,106.30025308903332,108.01891326904297,2620800,0.0,0.0
2025-04-29 00:00:00-04:00,107.16945318701539,108.74983071302107,105.86564078608139,108.18682098388672,1745300,0.0,0.0
2025-04-30 00:00:00-04:00,105.20386163601981,108.49301985791261,104.0087008651116,108.23621368408203,2328100,0.0,0.0
2025-05-01 00:00:00-04:00,110.36841125066171,114.2856983747166,110.32874158169768,113.19480895996094,3092400,0.44,0.0
2025-05-02 00:00:00-04:00,114.04768423934792,116.92367083340935,113.42290399735253,115.67410278320312,2207600,0.0,0.0
2025-05-05 00:00:00-04:00,114.57329399655346,115.74352271038907,113.05596514857496,115.26750183105469,1764400,0.0,0.0
2025-05-06 00:00:00-04:00,114.41462001167615,117.48894729788096,113.25430306930286,116.0410385131836,2891400,0.0,0.0
2025-05-07 00:00:00-04:00,114.78155698204098,118.82777238986614,114.52371548513226,117.68729400634766,2698100,0.0,0.0
2025-05-08 00:00:00-04:00,118.54016254117094,119.91865124914199,116.8939130511241,119.34345245361328,2549200,0.0,0.0
2025-05-09 00:00:00-04:00,119.25420703592177,119.73023547422278,116.4674791305332,118.34182739257812,3028100,0.0,0.0
2025-05-12 00:00:00-04:00,135.86549733612,149.5611337339955,135.81590836170102,149.36279296875,10257900,0.0,0.0
2025-05-13 00:00:00-04:00,148.39090551497742,157.3461260719001,146.67522090337062,155.4122772216797,8023100,0.0,0.0
2025-05-14 00:00:00-04:00,153.46850361087974,157.05852127623328,151.64374442105375,152.53628540039062,6349700,0.0,0.0
2025-05-15 00:00:00-04:00,152.22886524398953,156.10649013377946,151.57432707760654,153.7362823486328,4280200,0.0,0.0
2025-05-16 00:00:00-04:00,153.67678904732668,157.92134532656928,152.7643942142798,157.8816680908203,6992300,0.0,0.0
2025-05-19 00:00:00-04:00,155.48169669586457,160.44029147537915,154.86683578558248,159.90476989746094,2878800,0.0,0.0
2025-05-20 00:00:00-04:00,158.79404005179484,160.0436156656454,157.51472921122928,158.35768127441406,3482000,0.0,0.0
2025-05-21 00:00:00-04:00,157.10812421402989,157.34614222481068,153.54785658935955,154.18255615234375,3066200,0.0,0.0
2025-05-22 00:00:00-04:00,153.40902123256777,154.66850865466674,151.11815266368453,154.00404357910156,2461300,0.0,0.0
2025-05-23 00:00:00-04:00,152.44705315312666,157.2469697100098,152.0106943511497,156.5131072998047,2290700,0.0,0.0
2025-05-27 00:00:00-04:00,157.96101081147552,158.46678208486514,154.61892241858015,155.6106414794922,3851600,0.0,0.0
2025-05-28 00:00:00-04:00,156.50317798334194,156.70151876321077,154.29164877956285,154.76766967773438,1625600,0.0,0.0
2025-05-29 00:00:00-04:00,156.79077102336822,157.1973642895642,151.82224943158138,153.19082641601562,3948600,0.0,0.0
2025-05-30 00:00:00-04:00,152.39744924978655,154.82715765110626,152.37761063370357,154.60897827148438,3799300,0.0,0.0
2025-06-02 00:00:00-04:00,155.243687094985,158.41720003145514,153.31976492772128,157.17755126953125,3746000,0.0,0.0
2025-06-03 00:00:00-04:00,159.29982760960266,160.98574688097042,156.86019221443846,159.7064208984375,3914000,0.0,0.0
2025-06-04 00:00:00-04:00,159.3394928389147,159.3394928389147,155.45195610344754,155.67013549804688,3204200,0.0,0.0
2025-06-05 00:00:00-04:00,156.04699138837927,156.88994346262314,153.74619603470657,154.7379150390625,2491200,0.0,0.0
2025-06-06 00:00:00-04:00,155.30320456674264,156.63210442160312,152.9924974345221,154.64866638183594,2327700,0.0,0.0
2025-06-09 00:00:00-04:00,155.4222059338416,157.76266342496623,153.19083814015028,153.7660369873047,2166500,0.0,0.0
2025-06-10 00:00:00-04:00,153.34951650465834,154.4602369617808,146.46698410263622,147.4487762451172,3636900,0.0,0.0
2025-06-11 00:00:00-04:00,149.26361865427046,150.74128538632465,147.02233920080675,147.83555603027344,4052800,0.0,0.0
2025-06-12 00:00:00-04:00,147.00249183908664,150.8602778474054,147.00249183908664,149.7495574951172,2881000,0.0,0.0
2025-06-13 00:00:00-04:00,148.84709586839196,150.89003451569772,147.76612582801064,150.78094482421875,2258600,0.0,0.0
2025-06-16 00:00:00-04:00,152.1991130368794,154.5891594099239,152.07018472713062,152.66522216796875,2536300,0.0,0.0
2025-06-17 00:00:00-04:00,152.3280346963114,153.30982675867142,148.8966805178211,150.82061767578125,2533200,0.0,0.0
2025-06-18 00:00:00-04:00,150.80077776837646,152.9230556689695,149.87848642891578,151.3759765625,2528400,0.0,0.0
2025-06-20 00:00:00-04:00,152.48671621370858,152.82391219253623,149.93800611515795,150.66195678710938,7964200,0.0,0.0
2025-06-23 00:00:00-04:00,150.74127406520725,153.71643079017846,148.6685851785938,150.79086303710938,2423400,0.0,0.0
2025-06-24 00:00:00-04:00,152.90323868453285,153.41893683712175,150.037171182488,152.40737915039062,2654600,0.0,0.0
2025-06-25 00:00:00-04:00,153.07182329385026,155.27344053473135,151.36606551924996,152.05035400390625,2195500,0.0,0.0
2025-06-26 00:00:00-04:00,156.4139269333302,160.8766625772074,154.9759373634561,160.20228576660156,2708600,0.0,0.0
2025-06-27 00:00:00-04:00,162.16588892370785,167.17407270892355,160.777473297275,161.3229217529297,9663400,0.0,0.0
2025-06-30 00:00:00-04:00,162.47331543037447,163.33610606406717,158.8634591013085,159.25022888183594,2799500,0.0,0.0
2025-07-01 00:00:00-04:00,158.93288242674407,158.93288242674407,152.427208169684,154.6685028076172,3566400,0.0,0.0
2025-07-02 00:00:00-04:00,154.25196838378906,156.2254946642642,152.72472776441464,154.25196838378906,2754700,0.0,0.0
2025-07-03 00:00:00-04:00,154.84701647050062,157.46515423512844,154.36106867386164,157.07838439941406,2106100,0.0,0.0
2025-07-07 00:00:00-04:00,157.1180436278444,159.29983766878402,156.32468048470122,157.3759002685547,1929200,0.0,0.0
2025-07-08 00:00:00-04:00,157.18745795561688,157.18745795561688,148.35123823307927,150.017333984375,3066800,0.0,0.0
2025-07-09 00:00:00-04:00,151.62391846432993,151.62391846432993,148.7876014973404,149.02561950683594,1916100,0.0,0.0
2025-07-10 00:00:00-04:00,149.13471745625336,151.42558606936436,147.90498037111803,150.10659790039062,2101900,0.0,0.0
2025-07-11 00:00:00-04:00,149.372704483955,150.87020979401095,148.87684500537867,149.4322052001953,1973800,0.0,0.0
2025-07-14 00:00:00-04:00,149.33304589890372,150.10658549309574,147.15126716829977,149.80906677246094,1703900,0.0,0.0
2025-07-15 00:00:00-04:00,150.60245283224097,151.39583108447175,143.7992596661849,145.6636962890625,2887800,0.0,0.0
2025-07-16 00:00:00-04:00,145.7231972278958,146.55623758439066,142.21250337456073,143.7595977783203,2546800,0.0,0.0
2025-07-17 00:00:00-04:00,144.86039647552653,146.80415717269042,143.85875063615964,146.1595458984375,2263000,0.0,0.0
2025-07-18 00:00:00-04:00,148.5297629893412,153.24042837007994,148.41074641598496,150.4933624267578,3408400,0.0,0.0
2025-07-21 00:00:00-04:00,150.64211288403555,153.92471554709812,146.8240037415886,151.04872131347656,2730700,0.0,0.0
2025-07-22 00:00:00-04:00,151.2272456169018,153.14125614811837,146.32815101631743,152.68507385253906,2843100,0.0,0.0
2025-07-23 00:00:00-04:00,158.67504102195394,164.30799771466636,156.88994378397072,159.22048950195312,5434500,0.0,0.0
2025-07-24 00:00:00-04:00,159.67666904527468,160.0733657205172,156.29491879186364,156.66184997558594,2849700,0.0,0.0
2025-07-25 00:00:00-04:00,157.1180486844175,157.56433438233842,154.53958812135497,155.2932891845703,2026200,0.0,0.0
2025-07-28 00:00:00-04:00,156.70150199639903,158.32792042918982,155.86846173062497,157.22711181640625,2071500,0.0,0.0
2025-07-29 00:00:00-04:00,158.23866636181137,159.02213277241322,155.58086695491858,158.5460968017578,1979500,0.0,0.0
2025-07-30 00:00:00-04:00,160.26179635531057,165.6170728990747,159.66675890270076,165.21046447753906,3887600,0.0,0.0
2025-07-31 00:00:00-04:00,165.90465024027796,167.8385142259047,164.1294800448893,165.81539916992188,3265800,0.0,0.0
2025-08-01 00:00:00-04:00,161.25141668411408,167.4262479817363,159.4715624786323,166.6804962158203,2560600,0.44,0.0
2025-08-04 00:00:00-04:00,168.52994987464368,173.46184605855578,167.99300014275383,172.92491149902344,3195500,0.0,0.0
2025-08-05 00:00:00-04:00,173.9988131921749,174.96332005484769,166.5114664306059,170.98597717285156,4432500,0.0,0.0
2025-08-06 00:00:00-04:00,165.12933328713544,165.12933328713544,144.17867327415246,147.718505859375,9533000,0.0,0.0
2025-08-07 00:00:00-04:00,150.2341719946443,154.1220280864491,149.16028765568154,152.35211181640625,4884200,0.0,0.0
2025-08-08 00:00:00-04:00,152.56092254113938,154.18169462312676,150.64186188044425,151.67596435546875,2574100,0.0,0.0
2025-08-11 00:00:00-04:00,151.1390249028498,154.02259233534232,150.51258856290036,151.16885375976562,2779300,0.0,0.0
2025-08-12 00:00:00-04:00,151.13902296229097,156.11070134920843,150.73134169319772,155.80245971679688,2409900,0.0,0.0
2025-08-13 00:00:00-04:00,156.21013545363002,158.07947614370366,151.04953104319773,154.1220245361328,2514300,0.0,0.0
2025-08-14 00:00:00-04:00,151.7356267587421,155.57376298727874,151.03957966356302,152.908935546875,2210900,0.0,0.0
2025-08-15 00:00:00-04:00,154.21152095421743,154.50982470039645,147.45003512104836,147.77816772460938,2789200,0.0,0.0
2025-08-18 00:00:00-04:00,148.0466367897559,150.02537022829307,146.97275244916975,149.58786010742188,2093700,0.0,0.0
2025-08-19 00:00:00-04:00,148.67307760973515,149.2696699243034,146.21706722524792,147.53953552246094,2190800,0.0,0.0
2025-08-20 00:00:00-04:00,146.43582939051055,147.93727090316614,142.7368992059255,147.35061645507812,2459300,0.0,0.0
2025-08-21 00:00:00-04:00,147.708565653189,149.3094466762135,143.88036728480407,145.06362915039062,1889200,0.0,0.0
2025-08-22 00:00:00-04:00,146.03807422847248,147.59918850488108,143.5621881335238,144.26815795898438,1900400,0.0,0.0
2025-08-25 00:00:00-04:00,144.91448851986098,146.05796849123928,143.4627517406583,143.94998168945312,2051300,0.0,0.0
2025-08-26 00:00:00-04:00,144.17867423731357,145.7397885445462,143.0053654124592,145.40170288085938,2123400,0.0,0.0
2025-08-27 00:00:00-04:00,145.90883284694092,148.38471914445685,145.54091830367403,147.281005859375,1951300,0.0,0.0
2025-08-28 00:00:00-04:00,147.09207140954885,150.35350643288368,146.62474759359446,147.8179473876953,1752100,0.0,0.0
2025-08-29 00:00:00-04:00,147.33072097168795,147.71851129338253,143.14457611087695,144.73550415039062,1560800,0.0,0.0
2025-09-02 00:00:00-04:00,141.46414564616157,144.4173239173184,139.9726420818342,144.28805541992188,2499300,0.0,0.0
2025-09-03 00:00:00-04:00,144.0693031795827,147.37050508286245,143.37327120369818,146.07786560058594,1457700,0.0,0.0
2025-09-04 00:00:00-04:00,147.18156451233054,147.77815678817848,145.34203752399463,147.11195373535156,1305000,0.0,0.0
2025-09-05 00:00:00-04:00,148.1062947344963,149.3989341375457,142.0607320515419,146.8236083984375,1672700,0.0,0.0
2025-09-08 00:00:00-04:00,147.88754149170677,148.79239060220056,143.9698564835104,146.92303466796875,2334000,0.0,0.0
2025-09-09 00:00:00-04:00,147.6588556148307,151.55664984808791,146.9827146024918,151.39755249023438,1755800,0.0,0.0
2025-09-10 00:00:00-04:00,154.0723087481696,161.34090005490083,154.0325419972805,160.29685974121094,3506700,0.0,0.0
2025-09-11 00:00:00-04:00,160.5454388337937,160.87355624275386,156.85644693990838,157.02548217773438,2303200,0.0,0.0
2025-09-12 00:00:00-04:00,156.80672477349657,164.88074035259382,156.13058383232573,163.90628051757812,2278800,0.0,0.0
2025-09-15 00:00:00-04:00,164.17476017117724,168.0626162133447,164.17476017117724,165.13926696777344,2357700,0.0,0.0
2025-09-16 00:00:00-04:00,165.6762097962931,166.29270824867828,161.3309676341221,163.28981018066406,2536200,0.0,0.0
2025-09-17 00:00:00-04:00,164.44323768241128,166.13360528408873,161.39061989792776,163.64776611328125,2373100,0.0,0.0
2025-09-18 00:00:00-04:00,166.13360878312923,166.6307766277619,160.95311316621928,163.25997924804688,2421700,0.0,0.0
2025-09-19 00:00:00-04:00,164.10515710594666,164.8409709853402,160.97300572268082,163.42901611328125,4195800,0.0,0.0
2025-09-22 00:00:00-04:00,164.0156666404591,171.06550293843992,162.57388294544515,170.00157165527344,2580000,0.0,0.0
2025-09-23 00:00:00-04:00,170.19051171358777,170.59819301509435,164.2443729659794,166.48162841796875,2527300,0.0,0.0
2025-09-24 00:00:00-04:00,166.76004497394183,168.19187562042697,164.56255642678568,164.64210510253906,2133700,0.0,0.0
2025-09-25 00:00:00-04:00,160.04828533262642,164.02562824159233,157.00560526248583,162.03695678710938,2226400,0.0,0.0
2025-09-26 00:00:00-04:00,162.85229692249746,168.49017842354326,161.97727666643954,167.61517333984375,2443300,0.0,0.0
2025-09-29 00:00:00-04:00,168.3509715038321,169.13650518732237,163.72731666213195,164.40345764160156,2686400,0.0,0.0
2025-09-30 00:00:00-04:00,164.46310873095194,164.8906809456321,160.13775780184216,161.03265380859375,2449000,0.0,0.0
2025-10-01 00:00:00-04:00,160.76418127974532,164.51283094413952,159.6604832691059,160.99288940429688,3232900,0.0,0.0
2025-10-02 00:00:00-04:00,162.0468956699415,167.62511974065754,161.55966569857443,166.3523712158203,2642400,0.0,0.0
2025-10-03 00:00:00-04:00,167.27708629670457,171.23455320587632,164.89068674650792,165.338134765625,2270000,0.0,0.0
2025-10-06 00:00:00-04:00,168.01290115159014,169.00723683211214,162.1761555620807,163.02133178710938,2408300,0.0,0.0
2025-10-07 00:00:00-04:00,163.3892396880418,164.8608521873465,161.15198449748712,161.6889190673828,2648500,0.0,0.0
2025-10-08 00:00:00-04:00,163.65770971638628,168.37086641068373,162.57388744147588,166.5711212158203,2587400,0.0,0.0
2025-10-09 00:00:00-04:00,167.25721505929317,169.02713139453573,165.97451350757544,167.29698181152344,1973600,0.0,0.0
2025-10-10 00:00:00-04:00,166.76998657798137,167.873699823525,159.47156610431546,159.52127075195312,1846200,0.0,0.0
2025-10-13 00:00:00-04:00,163.25998178929044,167.8239790326936,163.23015293193686,167.8140411376953,1965000,0.0,0.0
2025-10-14 00:00:00-04:00,164.63216928295753,168.0228424920795,162.16620582059414,164.67193603515625,1680700,0.0,0.0
2025-10-15 00:00:00-04:00,167.23731427481158,172.3780277300083,166.90918169183846,170.35952758789062,2111100,0.0,0.0
2025-10-16 00:00:00-04:00,172.1095573593118,173.01440645974887,164.80119929330633,168.9674530029297,2181600,0.0,0.0
2025-10-17 00:00:00-04:00,167.70466152899957,171.42346730843127,164.94040951779346,167.78421020507812,2091700,0.0,0.0
2025-10-20 00:00:00-04:00,170.83680962837394,171.92063187107166,165.3679634243827,166.06399536132812,1768500,0.0,0.0
2025-10-21 00:00:00-04:00,165.5767873869018,166.9589134228294,159.2826404949504,162.6633758544922,2071000,0.0,0.0
2025-10-22 00:00:00-04:00,163.09095200626393,164.4332961492409,157.41328826605442,159.51133728027344,2916100,0.0,0.0
2025-10-23 00:00:00-04:00,160.74431020433144,163.0511610999709,159.40195096292732,162.8821258544922,2225900,0.0,0.0
2025-10-24 00:00:00-04:00,166.50151418769053,169.603851968216,166.13361482443875,169.39503479003906,1595800,0.0,0.0
2025-10-27 00:00:00-04:00,171.30415459826375,172.36810108879084,168.8481441851729,171.61239624023438,1602400,0.0,0.0
2025-10-28 00:00:00-04:00,172.5172316743713,172.91495985712706,164.9006171129727,171.7814178466797,2472200,0.0,0.0
2025-10-29 00:00:00-04:00,172.6962167713426,179.51736026752155,169.53423653396905,177.48892211914062,2483100,0.0,0.0
2025-10-30 00:00:00-04:00,175.43064435234376,179.05997884525095,171.89081160551282,172.15928649902344,1769200,0.0,0.0
2025-10-31 00:00:00-04:00,174.29708428211828,175.97751390873105,169.3950169546455,170.8865203857422,1567500,0.0,0.0
2025-11-03 00:00:00-05:00,173.0398034348577,176.20989965410448,170.63729994615176,173.93699645996094,1593300,0.44,0.0
2025-11-04 00:00:00-05:00,171.12578574060623,171.48466600391308,166.380589457849,167.4672088623047,1835500,0.0,0.0
2025-11-05 00:00:00-05:00,167.17809623898447,174.72454487349844,166.93885288043424,172.65101623535156,3047200,0.0,0.0
2025-11-06 00:00:00-05:00,168.7432293606524,176.5388853031623,164.4366660691612,169.57064819335938,3293200,0.0,0.0
2025-11-07 00:00:00-05:00,164.46656390560548,171.96316528320312,161.49584217900815,171.96316528320312,2530600,0.0,0.0
2025-11-10 00:00:00-05:00,175.10335851413674,176.17999930201256,163.58931511178972,166.20115661621094,2225200,0.0,0.0
2025-11-11 00:00:00-05:00,163.95815357466077,166.62980583618818,160.25969278521262,162.33322143554688,2015600,0.0,0.0
2025-11-12 00:00:00-05:00,163.53947328915768,168.93264081695494,162.3930430055094,168.31455993652344,2048500,0.0,0.0
2025-11-13 00:00:00-05:00,167.21798264087457,168.7033358839144,164.4266934649462,165.63291931152344,2725300,0.0,0.0
2025-11-14 00:00:00-05:00,160.74817772521655,170.6672095255353,159.56187866199414,164.67591857910156,2085800,0.0,0.0
2025-11-17 00:00:00-05:00,164.6759212646455,168.72328386778358,161.72512626887382,162.70208740234375,1492300,0.0,0.0
2025-11-18 00:00:00-05:00,160.85783570480433,168.17498940168235,160.6385191450568,165.93199157714844,2451600,0.0,0.0
2025-11-19 00:00:00-05:00,165.7724902351559,172.9800010537344,165.7425848136102,168.27468872070312,2295900,0.0,0.0
2025-11-20 00:00:00-05:00,173.40865632967945,174.1862277158802,159.85098929975882,159.9606475830078,2071200,0.0,0.0
2025-11-21 00:00:00-05:00,160.03042213111377,160.89770978397755,154.90641865304738,158.70455932617188,2119300,0.0,0.0
2025-11-24 00:00:00-05:00,159.8409996523557,167.44725907405996,158.45532610219942,166.33074951171875,2531800,0.0,0.0
2025-11-25 00:00:00-05:00,166.66968732271658,167.8061388990444,160.49894890312956,163.30020141601562,1628800,0.0,0.0
2025-11-26 00:00:00-05:00,165.36377729599616,169.38123450015757,165.09461329149943,168.01548767089844,1340400,0.0,0.0
2025-11-28 00:00:00-05:00,169.47094703789634,171.23544292210266,167.88589888984274,168.96253967285156,944900,0.0,0.0
2025-12-01 00:00:00-05:00,167.02857249903985,167.04851451642077,163.2503587987279,165.1444549560547,1276000,0.0,0.0
2025-12-02 00:00:00-05:00,166.42046642262946,167.55691800626587,162.2534671417612,163.56936645507812,1444700,0.0,0.0
2025-12-03 00:00:00-05:00,163.25036462618414,166.480287048585,159.72138798890597,166.25100708007812,1291300,0.0,0.0
2025-12-04 00:00:00-05:00,165.62295133654348,169.66035028212173,165.48338764216481,168.8329315185547,1366000,0.0,0.0
2025-12-05 00:00:00-05:00,168.34446425009176,169.72017449689056,162.28338365268786,162.49273681640625,1864800,0.0,0.0
2025-12-08 00:00:00-05:00,163.6790265389014,166.65971162110046,161.70519275842852,163.59927368164062,1639400,0.0,0.0
2025-12-09 00:00:00-05:00,164.89523765510938,171.0360710105986,163.79865483759247,166.23106384277344,1822400,0.0,0.0
2025-12-10 00:00:00-05:00,166.90893385423945,169.53075389977766,162.7419497321999,167.6366729736328,1635900,0.0,0.0
2025-12-11 00:00:00-05:00,164.50644271882447,170.30832228825435,163.75877680654267,170.10894775390625,1558900,0.0,0.0
2025-12-12 00:00:00-05:00,171.4647257709072,171.86347486259749,160.08026731542773,160.93759155273438,2018000,0.0,0.0
2025-12-15 00:00:00-05:00,161.386192257523,162.55254935274965,158.774350653407,159.4921112060547,1674700,0.0,0.0
2025-12-16 00:00:00-05:00,159.12324668279624,161.76500882679744,156.96000169782556,159.65159606933594,1535100,0.0,0.0
2025-12-17 00:00:00-05:00,160.04037891301107,160.57870690453856,147.51946915539577,149.01480102539062,4748200,0.0,0.0
2025-12-18 00:00:00-05:00,153.8098355733397,157.7176497349941,151.61668511902965,154.15875244140625,2218200,0.0,0.0
2025-12-19 00:00:00-05:00,154.37807147742063,157.08960796982274,154.21856575167857,155.71389770507812,3893900,0.0,0.0
2025-12-22 00:00:00-05:00,157.60799403497805,157.60799403497805,153.87962755362926,156.47154235839844,1267500,0.0,0.0
2025-12-23 00:00:00-05:00,156.44161477800677,159.21297720406778,156.16248737589459,157.61795043945312,1297900,0.0,0.0
2025-12-24 00:00:00-05:00,157.37868712170902,160.63851479764116,156.4515886807506,160.06031799316406,553400,0.0,0.0
2025-12-26 00:00:00-05:00,159.6017621351125,161.01734115667585,157.8970770983136,160.37933349609375,1099500,0.0,0.0
2025-12-29 00:00:00-05:00,160.1101743193684,163.54943470592707,159.85098892833807,160.45909118652344,1377600,0.0,0.0
2025-12-30 00:00:00-05:00,160.9475550567965,161.4958464666909,159.06343745647055,159.93072509765625,719800,0.0,0.0
2025-12-31 00:00:00-05:00,160.33945742581756,160.6983377034288,158.69459836002628,158.74444580078125,776600,0.0,0.0
2026-01-02 00:00:00-05:00,161.07715011238827,166.1413425139181,160.45908447661375,165.6428985595703,1328700,0.0,0.0
2026-01-05 00:00:00-05:00,167.96564807705263,169.71020190547998,158.50517641139788,161.0871124267578,1700600,0.0,0.0
2026-01-06 00:00:00-05:00,160.70830923566487,160.70830923566487,155.34504732642728,159.1332244873047,2038600,0.0,0.0
2026-01-07 00:00:00-05:00,157.01980568527767,157.3886645473409,147.7387818863888,148.4465789794922,2619900,0.0,0.0
2026-01-08 00:00:00-05:00,147.59922950680374,148.5263432231434,141.52818545713606,143.0833282470703,2549700,0.0,0.0
2026-01-09 00:00:00-05:00,150.1711972958999,151.3176123318648,147.16059148554595,148.8054656982422,2505600,0.0,0.0
2026-01-12 00:00:00-05:00,146.10388515803626,149.27399652412274,145.54563037943032,148.4266357421875,2024300,0.0,0.0
2026-01-13 00:00:00-05:00,148.80546896170102,151.87588568143542,147.92820269569035,150.12135314941406,1715100,0.0,0.0
2026-01-14 00:00:00-05:00,148.79549032050784,150.1512585444185,147.05093640355747,149.3637237548828,1775500,0.0,0.0
2026-01-15 00:00:00-05:00,151.5568633195136,158.75439503666732,150.9288190869168,158.00672912597656,2336900,0.0,0.0
2026-01-16 00:00:00-05:00,153.2715191822694,156.29208839217677,148.40670121800557,151.57681274414062,3462600,0.0,0.0
2026-01-20 00:00:00-05:00,146.13379177904923,152.11511910409575,145.06712964929298,148.4465789794922,1908400,0.0,0.0
2026-01-21 00:00:00-05:00,150.78925637035422,151.44720602674326,146.78177801518885,150.2110595703125,1702900,0.0,0.0
2026-01-22 00:00:00-05:00,152.34442385900454,153.08211120695748,149.09455940594768,150.6197967529297,1713400,0.0,0.0
2026-01-23 00:00:00-05:00,150.51013736753654,151.7662259108883,146.45281134960456,148.8353729248047,2296400,0.0,0.0
2026-01-26 00:00:00-05:00,149.74253676885874,150.85904633892926,148.52633232518818,149.46339416503906,1834100,0.0,0.0
2026-01-27 00:00:00-05:00,148.85530958319308,155.9332045965172,148.85530958319308,155.55438232421875,1539100,0.0,0.0
2026-01-28 00:00:00-05:00,156.5114064145151,157.0098503839881,152.5238546587313,154.62728881835938,1608000,0.0,0.0
2026-01-29 00:00:00-05:00,154.90640861694104,156.71077326401283,150.70950390711437,153.24160766601562,1625000,0.0,0.0
2026-01-30 00:00:00-05:00,152.63351599920426,156.4914675326206,150.4004814951469,152.15501403808594,1720200,0.0,0.0
2026-02-02 00:00:00-05:00,152.11000061035156,153.32000732421875,148.5800018310547,149.11000061035156,1886500,0.475,0.0
2026-02-03 00:00:00-05:00,151.61000061035156,154.55999755859375,147.72000122070312,152.17999267578125,2038900,0.0,0.0
2026-02-04 00:00:00-05:00,151.91000366210938,153.47000122070312,140.49000549316406,143.99000549316406,3453300,0.0,0.0
2026-02-05 00:00:00-05:00,142.3800048828125,147.4600067138672,141.80999755859375,144.44000244140625,2441000,0.0,0.0
2026-02-06 00:00:00-05:00,148.9600067138672,153.57000732421875,148.00999450683594,153.32000732421875,2064000,0.0,0.0
2026-02-09 00:00:00-05:00,154.1699981689453,158.35000610351562,152.7899932861328,155.72000122070312,1744300,0.0,0.0
2026-02-10 00:00:00-05:00,157.02000427246094,158.69000244140625,154.00999450683594,156.42999267578125,1749800,0.0,0.0
2026-02-11 00:00:00-05:00,158.4499969482422,160.9600067138672,156.6199951171875,160.6300048828125,1665600,0.0,0.0
2026-02-12 00:00:00-05:00,162.2100067138672,166.25,158.4600067138672,161.8000030517578,2535100,0.0,0.0
2026-02-13 00:00:00-05:00,161.69000244140625,172.67999267578125,161.5399932861328,172.35000610351562,3348900,0.0,0.0
2026-02-17 00:00:00-05:00,173.1199951171875,177.7100067138672,170.86000061035156,173.4499969482422,2414500,0.0,0.0
2026-02-18 00:00:00-05:00,174.5,176.44000244140625,170.5500030517578,171.05999755859375,1518100,0.0,0.0
2026-02-19 00:00:00-05:00,170.47999572753906,175.27999877929688,169.66000366210938,175.00999450683594,1623300,0.0,0.0
2026-02-20 00:00:00-05:00,175.13999938964844,180.11000061035156,174.0,179.17999267578125,2185100,0.0,0.0
2026-02-23 00:00:00-05:00,177.5399932861328,182.0399932861328,175.11000061035156,176.52000427246094,2195500,0.0,0.0
2026-02-24 00:00:00-05:00,173.27000427246094,184.83999633789062,163.75999450683594,184.02999877929688,3754100,0.0,0.0
2026-02-25 00:00:00-05:00,186.55999755859375,189.9600067138672,180.88999938964844,183.58999633789062,2648900,0.0,0.0
2026-02-26 00:00:00-05:00,183.0,183.67999267578125,173.5800018310547,181.33999633789062,2365400,0.0,0.0
2026-02-27 00:00:00-05:00,179.97999572753906,181.08999633789062,174.2100067138672,178.9600067138672,2614100,0.0,0.0
2026-03-02 00:00:00-05:00,175.69000244140625,181.5800018310547,174.0399932861328,175.5800018310547,1770900,0.0,0.0
2026-03-03 00:00:00-05:00,162.85000610351562,164.05999755859375,158.0,162.05999755859375,11470300,0.0,0.0
2026-03-04 00:00:00-05:00,162.07000732421875,166.42999267578125,161.89999389648438,163.5399932861328,9059900,0.0,0.0
2026-03-05 00:00:00-05:00,162.0,165.16000366210938,158.02999877929688,160.4600067138672,4079100,0.0,0.0
2026-03-06 00:00:00-05:00,158.7899932861328,159.42999267578125,154.22000122070312,154.32000732421875,4553600,0.0,0.0
2026-03-09 00:00:00-04:00,150.67999267578125,155.60000610351562,149.0,155.4199981689453,3177600,0.0,0.0
2026-03-10 00:00:00-04:00,156.0,159.3699951171875,155.0,155.14999389648438,2847100,0.0,0.0
2026-03-11 00:00:00-04:00,154.2100067138672,154.5,147.52999877929688,148.6300048828125,3372200,0.0,0.0
2026-03-12 00:00:00-04:00,146.60000610351562,152.5,146.25,152.10000610351562,2596700,0.0,0.0
2026-03-13 00:00:00-04:00,154.52999877929688,154.75999450683594,151.25999450683594,152.8699951171875,1774900,0.0,0.0
2026-03-16 00:00:00-04:00,156.0,157.55999755859375,151.67999267578125,152.47999572753906,1528755,0.0,0.0
