Date,Open,High,Low,Close,Volume,Dividends,Stock Splits
2022-01-03 00:00:00-05:00,6.050000190734863,6.695000171661377,5.800000190734863,6.650000095367432,62320,0.0,0.0
2022-01-04 00:00:00-05:00,6.650000095367432,6.849999904632568,5.949999809265137,6.349999904632568,54700,0.0,0.0
2022-01-05 00:00:00-05:00,6.369999885559082,6.5,5.25,5.400000095367432,44400,0.0,0.0
2022-01-06 00:00:00-05:00,5.449999809265137,5.565000057220459,4.75,5.0,41980,0.0,0.0
2022-01-07 00:00:00-05:00,5.099999904632568,5.25,4.949999809265137,5.099999904632568,22660,0.0,0.0
2022-01-10 00:00:00-05:00,5.099999904632568,5.099999904632568,4.679999828338623,4.699999809265137,26240,0.0,0.0
2022-01-11 00:00:00-05:00,4.900000095367432,4.925000190734863,4.75,4.75,9400,0.0,0.0
2022-01-12 00:00:00-05:00,4.974999904632568,5.449999809265137,4.809999942779541,5.050000190734863,80720,0.0,0.0
2022-01-13 00:00:00-05:00,5.010000228881836,5.400000095367432,4.605000019073486,4.605000019073486,40980,0.0,0.0
2022-01-14 00:00:00-05:00,4.699999809265137,4.699999809265137,4.099999904632568,4.204999923706055,47240,0.0,0.0
2022-01-18 00:00:00-05:00,4.099999904632568,4.349999904632568,3.8499999046325684,3.924999952316284,34440,0.0,0.0
2022-01-19 00:00:00-05:00,3.9000000953674316,4.025000095367432,3.8499999046325684,3.990000009536743,14800,0.0,0.0
2022-01-20 00:00:00-05:00,3.950000047683716,4.315000057220459,3.9000000953674316,4.224999904632568,16220,0.0,0.0
2022-01-21 00:00:00-05:00,4.0,4.099999904632568,3.75,3.875,15320,0.0,0.0
2022-01-24 00:00:00-05:00,3.75,4.0,3.299999952316284,3.6500000953674316,31860,0.0,0.0
2022-01-25 00:00:00-05:00,3.5399999618530273,3.950000047683716,3.5,3.799999952316284,11680,0.0,0.0
2022-01-26 00:00:00-05:00,3.9549999237060547,4.150000095367432,3.609999895095825,4.050000190734863,25200,0.0,0.0
2022-01-27 00:00:00-05:00,3.930000066757202,3.950000047683716,3.3350000381469727,3.690000057220459,19900,0.0,0.0
2022-01-28 00:00:00-05:00,3.549999952316284,3.9000000953674316,3.505000114440918,3.505000114440918,4560,0.0,0.0
2022-01-31 00:00:00-05:00,3.75,4.050000190734863,3.5999999046325684,3.890000104904175,24440,0.0,0.0
2022-02-01 00:00:00-05:00,3.890000104904175,4.204999923706055,3.6549999713897705,4.0,9560,0.0,0.0
2022-02-02 00:00:00-05:00,4.03000020980835,4.199999809265137,3.8499999046325684,4.034999847412109,4500,0.0,0.0
2022-02-03 00:00:00-05:00,3.950000047683716,4.360000133514404,3.799999952316284,3.9000000953674316,13080,0.0,0.0
2022-02-04 00:00:00-05:00,3.8499999046325684,3.950000047683716,3.700000047683716,3.934999942779541,7220,0.0,0.0
2022-02-07 00:00:00-05:00,3.9200000762939453,4.050000190734863,3.740000009536743,3.994999885559082,3520,0.0,0.0
2022-02-08 00:00:00-05:00,3.8499999046325684,3.984999895095825,3.75,3.7850000858306885,3380,0.0,0.0
2022-02-09 00:00:00-05:00,3.75,4.0,3.75,3.9049999713897705,8640,0.0,0.0
2022-02-10 00:00:00-05:00,3.799999952316284,4.0,3.799999952316284,3.9000000953674316,6160,0.0,0.0
2022-02-11 00:00:00-05:00,3.799999952316284,3.950000047683716,3.5999999046325684,3.5999999046325684,6760,0.0,0.0
2022-02-14 00:00:00-05:00,3.5999999046325684,3.75,3.5250000953674316,3.5250000953674316,6620,0.0,0.0
2022-02-15 00:00:00-05:00,3.5250000953674316,3.6700000762939453,3.4000000953674316,3.5999999046325684,9220,0.0,0.0
2022-02-16 00:00:00-05:00,3.5899999141693115,3.6500000953674316,3.5450000762939453,3.5450000762939453,6060,0.0,0.0
2022-02-17 00:00:00-05:00,3.575000047683716,3.6500000953674316,3.4000000953674316,3.4049999713897705,12460,0.0,0.0
2022-02-18 00:00:00-05:00,3.575000047683716,3.6500000953674316,3.299999952316284,3.4000000953674316,7800,0.0,0.0
2022-02-22 00:00:00-05:00,3.299999952316284,3.8499999046325684,3.2850000858306885,3.75,15400,0.0,0.0
2022-02-23 00:00:00-05:00,3.549999952316284,4.630000114440918,3.549999952316284,4.114999771118164,44940,0.0,0.0
2022-02-24 00:00:00-05:00,4.150000095367432,4.190000057220459,3.5999999046325684,4.164999961853027,11700,0.0,0.0
2022-02-25 00:00:00-05:00,4.0,4.375,3.8499999046325684,4.349999904632568,2780,0.0,0.0
2022-02-28 00:00:00-05:00,4.550000190734863,4.75,4.25,4.664999961853027,14780,0.0,0.0
2022-03-01 00:00:00-05:00,4.75,4.75,4.099999904632568,4.400000095367432,12300,0.0,0.0
2022-03-02 00:00:00-05:00,4.5,4.5,4.025000095367432,4.25,920,0.0,0.0
2022-03-03 00:00:00-05:00,4.5,4.5,3.9749999046325684,4.25,3060,0.0,0.0
2022-03-04 00:00:00-05:00,3.9049999713897705,4.099999904632568,3.9049999713897705,4.0,4700,0.0,0.0
2022-03-07 00:00:00-05:00,3.759999990463257,4.650000095367432,3.759999990463257,4.449999809265137,118880,0.0,0.0
2022-03-08 00:00:00-05:00,5.400000095367432,6.849999904632568,4.949999809265137,5.5,123700,0.0,0.0
2022-03-09 00:00:00-05:00,5.099999904632568,8.5,5.050000190734863,8.100000381469727,1480720,0.0,0.0
2022-03-10 00:00:00-05:00,6.550000190734863,6.900000095367432,5.800000190734863,6.300000190734863,589200,0.0,0.0
2022-03-11 00:00:00-05:00,7.699999809265137,9.0,5.199999809265137,6.25,1174860,0.0,0.0
2022-03-14 00:00:00-04:00,5.849999904632568,5.849999904632568,4.199999809265137,4.775000095367432,249980,0.0,0.0
2022-03-15 00:00:00-04:00,4.630000114440918,4.949999809265137,4.300000190734863,4.5,49440,0.0,0.0
2022-03-16 00:00:00-04:00,4.730000019073486,5.199999809265137,4.510000228881836,4.699999809265137,90300,0.0,0.0
2022-03-17 00:00:00-04:00,4.849999904632568,4.974999904632568,4.510000228881836,4.755000114440918,25880,0.0,0.0
2022-03-18 00:00:00-04:00,4.894999980926514,5.400000095367432,4.755000114440918,5.050000190734863,63660,0.0,0.0
2022-03-21 00:00:00-04:00,5.699999809265137,5.699999809265137,4.784999847412109,5.0,31840,0.0,0.0
2022-03-22 00:00:00-04:00,5.099999904632568,6.199999809265137,4.900000095367432,5.5,299780,0.0,0.0
2022-03-23 00:00:00-04:00,5.550000190734863,6.050000190734863,5.300000190734863,5.800000190734863,71920,0.0,0.0
2022-03-24 00:00:00-04:00,5.5,5.75,5.400000095367432,5.5,31380,0.0,0.0
2022-03-25 00:00:00-04:00,5.349999904632568,5.75,5.099999904632568,5.300000190734863,51000,0.0,0.0
2022-03-28 00:00:00-04:00,5.0,5.599999904632568,5.0,5.050000190734863,36380,0.0,0.0
2022-03-29 00:00:00-04:00,5.400000095367432,5.449999809265137,5.050000190734863,5.179999828338623,13400,0.0,0.0
2022-03-30 00:00:00-04:00,5.099999904632568,5.239999771118164,4.625,4.849999904632568,23520,0.0,0.0
2022-03-31 00:00:00-04:00,5.349999904632568,5.699999809265137,4.949999809265137,5.349999904632568,626680,0.0,0.0
2022-04-01 00:00:00-04:00,4.949999809265137,5.199999809265137,4.855000019073486,4.980000019073486,83560,0.0,0.0
2022-04-04 00:00:00-04:00,5.150000095367432,5.199999809265137,4.800000190734863,4.889999866485596,25540,0.0,0.0
2022-04-05 00:00:00-04:00,4.900000095367432,4.900000095367432,4.53000020980835,4.599999904632568,48060,0.0,0.0
2022-04-06 00:00:00-04:00,4.800000190734863,4.849999904632568,4.550000190734863,4.764999866485596,38340,0.0,0.0
2022-04-07 00:00:00-04:00,4.824999809265137,4.824999809265137,4.5,4.650000095367432,24120,0.0,0.0
2022-04-08 00:00:00-04:00,4.559999942779541,4.75,4.505000114440918,4.605000019073486,15560,0.0,0.0
2022-04-11 00:00:00-04:00,4.534999847412109,4.59499979019165,4.25,4.349999904632568,22500,0.0,0.0
2022-04-12 00:00:00-04:00,4.300000190734863,4.699999809265137,4.0,4.099999904632568,37020,0.0,0.0
2022-04-13 00:00:00-04:00,4.309999942779541,4.570000171661377,4.079999923706055,4.125,30600,0.0,0.0
2022-04-14 00:00:00-04:00,4.190000057220459,4.25,3.940000057220459,4.0,28400,0.0,0.0
2022-04-18 00:00:00-04:00,4.050000190734863,4.074999809265137,3.5799999237060547,3.8499999046325684,27440,0.0,0.0
2022-04-19 00:00:00-04:00,3.765000104904175,4.099999904632568,3.700000047683716,4.0,45400,0.0,0.0
2022-04-20 00:00:00-04:00,3.700000047683716,3.944999933242798,3.555000066757202,3.700000047683716,32420,0.0,0.0
2022-04-21 00:00:00-04:00,3.75,4.0,3.700000047683716,3.740000009536743,13240,0.0,0.0
2022-04-22 00:00:00-04:00,3.5,3.950000047683716,3.5,3.7950000762939453,2660,0.0,0.0
2022-04-25 00:00:00-04:00,3.799999952316284,3.950000047683716,3.505000114440918,3.7799999713897705,10140,0.0,0.0
2022-04-26 00:00:00-04:00,3.865000009536743,3.865000009536743,3.3499999046325684,3.450000047683716,14780,0.0,0.0
2022-04-27 00:00:00-04:00,3.6500000953674316,3.6500000953674316,3.3499999046325684,3.450000047683716,8840,0.0,0.0
2022-04-28 00:00:00-04:00,3.549999952316284,3.625,3.3499999046325684,3.5,5780,0.0,0.0
2022-04-29 00:00:00-04:00,3.5350000858306885,3.6549999713897705,3.3499999046325684,3.5,5180,0.0,0.0
2022-05-02 00:00:00-04:00,3.5950000286102295,3.9000000953674316,3.549999952316284,3.75,14260,0.0,0.0
2022-05-03 00:00:00-04:00,3.7300000190734863,3.930000066757202,3.6649999618530273,3.930000066757202,3320,0.0,0.0
2022-05-04 00:00:00-04:00,3.799999952316284,3.9000000953674316,3.6549999713897705,3.75,3480,0.0,0.0
2022-05-05 00:00:00-04:00,3.8499999046325684,3.940000057220459,3.5299999713897705,3.7950000762939453,6520,0.0,0.0
2022-05-06 00:00:00-04:00,3.700000047683716,3.700000047683716,3.365000009536743,3.6500000953674316,3680,0.0,0.0
2022-05-09 00:00:00-04:00,3.5,3.674999952316284,2.6050000190734863,3.049999952316284,54060,0.0,0.0
2022-05-10 00:00:00-04:00,2.950000047683716,2.984999895095825,2.700000047683716,2.9000000953674316,9460,0.0,0.0
2022-05-11 00:00:00-04:00,2.950000047683716,3.0,2.5,2.505000114440918,17240,0.0,0.0
2022-05-12 00:00:00-04:00,2.5,3.0999999046325684,2.5,2.700000047683716,7120,0.0,0.0
2022-05-13 00:00:00-04:00,2.609999895095825,3.0999999046325684,2.5,3.0,6320,0.0,0.0
2022-05-16 00:00:00-04:00,3.25,3.75,3.015000104904175,3.450000047683716,20400,0.0,0.0
2022-05-17 00:00:00-04:00,3.3450000286102295,3.450000047683716,2.75,3.299999952316284,15220,0.0,0.0
2022-05-18 00:00:00-04:00,3.200000047683716,3.2899999618530273,3.055000066757202,3.2100000381469727,2920,0.0,0.0
2022-05-19 00:00:00-04:00,3.2899999618530273,3.4800000190734863,3.0,3.4649999141693115,4580,0.0,0.0
2022-05-20 00:00:00-04:00,3.299999952316284,3.6500000953674316,3.0,3.4600000381469727,2000,0.0,0.0
2022-05-23 00:00:00-04:00,3.390000104904175,3.5999999046325684,3.25,3.3499999046325684,7200,0.0,0.0
2022-05-24 00:00:00-04:00,3.5899999141693115,3.5899999141693115,3.0399999618530273,3.2750000953674316,4900,0.0,0.0
2022-05-25 00:00:00-04:00,3.3499999046325684,3.549999952316284,3.140000104904175,3.484999895095825,19200,0.0,0.0
2022-05-26 00:00:00-04:00,3.240000009536743,3.4749999046325684,3.240000009536743,3.4749999046325684,5060,0.0,0.0
2022-05-27 00:00:00-04:00,3.5,3.5,3.3450000286102295,3.3450000286102295,8560,0.0,0.0
2022-05-31 00:00:00-04:00,3.549999952316284,3.549999952316284,3.2200000286102295,3.5,2640,0.0,0.0
2022-06-01 00:00:00-04:00,3.255000114440918,3.5,3.255000114440918,3.3949999809265137,13340,0.0,0.0
2022-06-02 00:00:00-04:00,3.5,3.5,3.119999885559082,3.200000047683716,5820,0.0,0.0
2022-06-03 00:00:00-04:00,3.450000047683716,3.450000047683716,3.1500000953674316,3.325000047683716,3780,0.0,0.0
2022-06-06 00:00:00-04:00,3.325000047683716,3.4000000953674316,3.265000104904175,3.3949999809265137,9260,0.0,0.0
2022-06-07 00:00:00-04:00,3.5999999046325684,3.5999999046325684,3.190000057220459,3.3949999809265137,5620,0.0,0.0
2022-06-08 00:00:00-04:00,3.3949999809265137,3.549999952316284,3.25,3.2950000762939453,8000,0.0,0.0
2022-06-09 00:00:00-04:00,3.4000000953674316,3.5,3.1549999713897705,3.5,25580,0.0,0.0
2022-06-10 00:00:00-04:00,3.674999952316284,3.674999952316284,3.200000047683716,3.4749999046325684,36540,0.0,0.0
2022-06-13 00:00:00-04:00,3.4749999046325684,3.5,3.200000047683716,3.430000066757202,15920,0.0,0.0
2022-06-14 00:00:00-04:00,3.630000114440918,3.630000114440918,3.200000047683716,3.4000000953674316,15640,0.0,0.0
2022-06-15 00:00:00-04:00,3.4000000953674316,3.5,3.200000047683716,3.5,22200,0.0,0.0
2022-06-16 00:00:00-04:00,3.5,3.5,3.0,3.200000047683716,26180,0.0,0.0
2022-06-17 00:00:00-04:00,3.200000047683716,3.3450000286102295,3.0,3.1649999618530273,7300,0.0,0.0
2022-06-21 00:00:00-04:00,3.25,3.25,3.0,3.0899999141693115,4900,0.0,0.0
2022-06-22 00:00:00-04:00,3.049999952316284,3.049999952316284,2.9049999713897705,2.9049999713897705,4220,0.0,0.0
2022-06-23 00:00:00-04:00,2.944999933242798,4.650000095367432,2.805000066757202,3.119999885559082,332600,0.0,0.0
2022-06-24 00:00:00-04:00,3.25,3.450000047683716,3.049999952316284,3.299999952316284,67060,0.0,0.0
2022-06-27 00:00:00-04:00,3.200000047683716,3.200000047683716,2.805000066757202,3.049999952316284,27440,0.0,0.0
2022-06-28 00:00:00-04:00,3.0,3.0,2.609999895095825,2.75,52660,0.0,0.0
2022-06-29 00:00:00-04:00,2.825000047683716,2.825000047683716,2.6500000953674316,2.700000047683716,6040,0.0,0.0
2022-06-30 00:00:00-04:00,2.5999999046325684,3.25,2.4049999713897705,2.994999885559082,139060,0.0,0.0
2022-07-01 00:00:00-04:00,2.9749999046325684,3.0,2.6700000762939453,2.734999895095825,5080,0.0,0.0
2022-07-05 00:00:00-04:00,2.7049999237060547,2.7049999237060547,2.25,2.630000114440918,46840,0.0,0.0
2022-07-06 00:00:00-04:00,2.549999952316284,2.7149999141693115,2.305000066757202,2.7149999141693115,23440,0.0,0.0
2022-07-07 00:00:00-04:00,2.640000104904175,2.694999933242798,2.450000047683716,2.4749999046325684,24320,0.0,0.0
2022-07-08 00:00:00-04:00,2.4749999046325684,2.75,2.4700000286102295,2.5950000286102295,13760,0.0,0.0
2022-07-11 00:00:00-04:00,2.5199999809265137,2.6050000190734863,2.3499999046325684,2.4749999046325684,3680,0.0,0.0
2022-07-12 00:00:00-04:00,2.375,2.5999999046325684,2.375,2.450000047683716,3120,0.0,0.0
2022-07-13 00:00:00-04:00,2.4800000190734863,2.8499999046325684,2.375,2.8499999046325684,30960,0.0,0.0
2022-07-14 00:00:00-04:00,3.3499999046325684,4.349999904632568,3.049999952316284,3.434999942779541,1637920,0.0,0.0
2022-07-15 00:00:00-04:00,3.299999952316284,3.3499999046325684,2.755000114440918,3.1500000953674316,144740,0.0,0.0
2022-07-18 00:00:00-04:00,2.990000009536743,3.075000047683716,2.805000066757202,2.994999885559082,33520,0.0,0.0
2022-07-19 00:00:00-04:00,2.950000047683716,3.069999933242798,2.75,2.8949999809265137,37980,0.0,0.0
2022-07-20 00:00:00-04:00,2.809999942779541,3.0950000286102295,2.5999999046325684,3.049999952316284,69180,0.0,0.0
2022-07-21 00:00:00-04:00,2.825000047683716,3.0450000762939453,2.799999952316284,2.880000114440918,12100,0.0,0.0
2022-07-22 00:00:00-04:00,2.7799999713897705,3.0950000286102295,2.700000047683716,3.049999952316284,32920,0.0,0.0
2022-07-25 00:00:00-04:00,2.9649999141693115,3.2950000762939453,2.8499999046325684,3.234999895095825,29480,0.0,0.0
2022-07-26 00:00:00-04:00,3.140000104904175,3.4749999046325684,3.075000047683716,3.174999952316284,17540,0.0,0.0
2022-07-27 00:00:00-04:00,3.2049999237060547,3.299999952316284,2.9649999141693115,3.174999952316284,5780,0.0,0.0
2022-07-28 00:00:00-04:00,3.0999999046325684,3.0999999046325684,2.950000047683716,3.059999942779541,5380,0.0,0.0
2022-07-29 00:00:00-04:00,3.1500000953674316,3.1500000953674316,2.809999942779541,2.815000057220459,17440,0.0,0.0
2022-08-01 00:00:00-04:00,2.7100000381469727,2.990000009536743,2.7100000381469727,2.8499999046325684,12080,0.0,0.0
2022-08-02 00:00:00-04:00,3.059999942779541,4.184999942779541,2.950000047683716,3.5899999141693115,514680,0.0,0.0
2022-08-03 00:00:00-04:00,3.2750000953674316,3.450000047683716,3.1500000953674316,3.25,45760,0.0,0.0
2022-08-04 00:00:00-04:00,3.4000000953674316,3.4000000953674316,2.9549999237060547,3.194999933242798,40880,0.0,0.0
2022-08-05 00:00:00-04:00,3.0999999046325684,4.84499979019165,3.0250000953674316,3.549999952316284,644580,0.0,0.0
2022-08-08 00:00:00-04:00,3.5999999046325684,4.25,3.359999895095825,3.7699999809265137,438140,0.0,0.0
2022-08-09 00:00:00-04:00,4.025000095367432,4.074999809265137,3.4000000953674316,3.615000009536743,210760,0.0,0.0
2022-08-10 00:00:00-04:00,3.4000000953674316,3.619999885559082,3.299999952316284,3.4200000762939453,49840,0.0,0.0
2022-08-11 00:00:00-04:00,3.200000047683716,4.119999885559082,2.890000104904175,3.244999885559082,294600,0.0,0.2
2022-08-12 00:00:00-04:00,3.130000114440918,3.7200000286102295,3.130000114440918,3.200000047683716,92700,0.0,0.0
2022-08-15 00:00:00-04:00,3.109999895095825,4.440000057220459,2.9200000762939453,3.5999999046325684,1704000,0.0,0.0
2022-08-16 00:00:00-04:00,3.7799999713897705,3.9600000381469727,3.181999921798706,3.4000000953674316,177400,0.0,0.0
2022-08-17 00:00:00-04:00,3.2300000190734863,3.371000051498413,3.1050000190734863,3.299999952316284,82500,0.0,0.0
2022-08-18 00:00:00-04:00,3.2009999752044678,3.250999927520752,2.950000047683716,3.0299999713897705,178400,0.0,0.0
2022-08-19 00:00:00-04:00,2.990000009536743,3.0,2.7899999618530273,2.9000000953674316,22400,0.0,0.0
2022-08-22 00:00:00-04:00,3.0,3.0299999713897705,2.640000104904175,2.700000047683716,85200,0.0,0.0
2022-08-23 00:00:00-04:00,2.690000057220459,3.200000047683716,2.6700000762939453,2.8499999046325684,469100,0.0,0.0
2022-08-24 00:00:00-04:00,3.2899999618530273,3.2899999618530273,2.809999942779541,3.0299999713897705,59800,0.0,0.0
2022-08-25 00:00:00-04:00,3.0350000858306885,3.059999942779541,2.859999895095825,2.950000047683716,39500,0.0,0.0
2022-08-26 00:00:00-04:00,2.880000114440918,2.931999921798706,2.7100000381469727,2.7750000953674316,21600,0.0,0.0
2022-08-29 00:00:00-04:00,2.6500000953674316,5.710000038146973,2.6500000953674316,5.0,7471100,0.0,0.0
2022-08-30 00:00:00-04:00,3.990000009536743,4.130000114440918,3.359999895095825,3.7699999809265137,975100,0.0,0.0
2022-08-31 00:00:00-04:00,3.819999933242798,4.880000114440918,3.3399999141693115,3.490000009536743,3319800,0.0,0.0
2022-09-01 00:00:00-04:00,3.2300000190734863,3.5899999141693115,2.930000066757202,3.0199999809265137,409300,0.0,0.0
2022-09-02 00:00:00-04:00,3.200000047683716,3.200000047683716,2.75,2.799999952316284,90000,0.0,0.0
2022-09-06 00:00:00-04:00,2.799999952316284,2.950000047683716,2.6500000953674316,2.6600000858306885,124300,0.0,0.0
2022-09-07 00:00:00-04:00,2.700000047683716,2.9200000762939453,2.5390000343322754,2.740000009536743,91400,0.0,0.0
2022-09-08 00:00:00-04:00,2.700000047683716,2.930000066757202,2.5399999618530273,2.569999933242798,53400,0.0,0.0
2022-09-09 00:00:00-04:00,2.559999942779541,2.690000057220459,2.5199999809265137,2.5799999237060547,48400,0.0,0.0
2022-09-12 00:00:00-04:00,2.630000114440918,2.950000047683716,2.619999885559082,2.7300000190734863,74700,0.0,0.0
2022-09-13 00:00:00-04:00,2.619999885559082,2.740000009536743,2.5,2.5,133800,0.0,0.0
2022-09-14 00:00:00-04:00,2.5199999809265137,2.930000066757202,2.509999990463257,2.609999895095825,271600,0.0,0.0
2022-09-15 00:00:00-04:00,2.5799999237060547,2.8399999141693115,2.5799999237060547,2.7709999084472656,109100,0.0,0.0
2022-09-16 00:00:00-04:00,2.700000047683716,2.8499999046325684,2.5899999141693115,2.8499999046325684,29900,0.0,0.0
2022-09-19 00:00:00-04:00,2.799999952316284,2.859999895095825,2.7070000171661377,2.799999952316284,9300,0.0,0.0
2022-09-20 00:00:00-04:00,2.680000066757202,2.799999952316284,2.5999999046325684,2.630000114440918,56800,0.0,0.0
2022-09-21 00:00:00-04:00,2.6500000953674316,2.759999990463257,2.549999952316284,2.559999942779541,125600,0.0,0.0
2022-09-22 00:00:00-04:00,2.6600000858306885,2.7200000286102295,2.369999885559082,2.4000000953674316,127100,0.0,0.0
2022-09-23 00:00:00-04:00,2.4000000953674316,2.450000047683716,2.259999990463257,2.390000104904175,11300,0.0,0.0
2022-09-26 00:00:00-04:00,2.5,2.5,2.2699999809265137,2.380000114440918,10800,0.0,0.0
2022-09-27 00:00:00-04:00,2.302999973297119,2.4100000858306885,2.2699999809265137,2.4100000858306885,17300,0.0,0.0
2022-09-28 00:00:00-04:00,2.440000057220459,2.440000057220459,2.2799999713897705,2.390000104904175,3600,0.0,0.0
2022-09-29 00:00:00-04:00,2.3499999046325684,2.369999885559082,2.130000114440918,2.2200000286102295,5800,0.0,0.0
2022-09-30 00:00:00-04:00,2.190000057220459,2.299999952316284,2.1500000953674316,2.299999952316284,9000,0.0,0.0
2022-10-03 00:00:00-04:00,2.1389999389648438,2.3499999046325684,2.1389999389648438,2.319999933242798,14500,0.0,0.0
2022-10-04 00:00:00-04:00,2.2260000705718994,2.299999952316284,2.1500000953674316,2.259999990463257,2000,0.0,0.0
2022-10-05 00:00:00-04:00,2.309999942779541,2.309999942779541,2.200000047683716,2.255000114440918,2200,0.0,0.0
2022-10-06 00:00:00-04:00,2.190000057220459,2.359999895095825,2.190000057220459,2.2699999809265137,3400,0.0,0.0
2022-10-07 00:00:00-04:00,2.265000104904175,2.305000066757202,2.1700000762939453,2.2699999809265137,6200,0.0,0.0
2022-10-10 00:00:00-04:00,2.2699999809265137,2.3499999046325684,2.180000066757202,2.3499999046325684,2300,0.0,0.0
2022-10-11 00:00:00-04:00,2.200000047683716,2.359999895095825,2.200000047683716,2.2799999713897705,3800,0.0,0.0
2022-10-12 00:00:00-04:00,2.1730000972747803,2.2699999809265137,2.1730000972747803,2.2699999809265137,1500,0.0,0.0
2022-10-13 00:00:00-04:00,2.2300000190734863,2.2300000190734863,2.2300000190734863,2.2300000190734863,500,0.0,0.0
2022-10-14 00:00:00-04:00,2.259000062942505,2.2899999618530273,2.200000047683716,2.2899999618530273,2300,0.0,0.0
2022-10-17 00:00:00-04:00,2.2200000286102295,2.4100000858306885,2.2200000286102295,2.3399999141693115,5600,0.0,0.0
2022-10-18 00:00:00-04:00,2.4100000858306885,2.4100000858306885,2.184000015258789,2.2699999809265137,16700,0.0,0.0
2022-10-19 00:00:00-04:00,2.2149999141693115,2.259999990463257,2.200000047683716,2.2100000381469727,3600,0.0,0.0
2022-10-20 00:00:00-04:00,2.2790000438690186,2.319999933242798,2.240000009536743,2.319999933242798,5200,0.0,0.0
2022-10-21 00:00:00-04:00,2.2799999713897705,2.380000114440918,2.1600000858306885,2.190000057220459,44900,0.0,0.0
2022-10-24 00:00:00-04:00,2.190000057220459,2.2899999618530273,2.059999942779541,2.069999933242798,17600,0.0,0.0
2022-10-25 00:00:00-04:00,2.2119998931884766,2.2119998931884766,2.0999999046325684,2.1500000953674316,14700,0.0,0.0
2022-10-26 00:00:00-04:00,2.190000057220459,2.2300000190734863,2.1389999389648438,2.2100000381469727,5700,0.0,0.0
2022-10-27 00:00:00-04:00,2.059999942779541,2.2279999256134033,2.059999942779541,2.180000066757202,10400,0.0,0.0
2022-10-28 00:00:00-04:00,2.1600000858306885,2.190000057220459,2.1500000953674316,2.1600000858306885,8500,0.0,0.0
2022-10-31 00:00:00-04:00,2.2200000286102295,2.2200000286102295,2.069999933242798,2.130000114440918,1700,0.0,0.0
2022-11-01 00:00:00-04:00,2.062999963760376,2.134000062942505,2.062999963760376,2.0999999046325684,2200,0.0,0.0
2022-11-02 00:00:00-04:00,2.200000047683716,2.450000047683716,2.200000047683716,2.380000114440918,53600,0.0,0.0
2022-11-03 00:00:00-04:00,2.4000000953674316,3.2699999809265137,2.2200000286102295,3.0399999618530273,615200,0.0,0.0
2022-11-04 00:00:00-04:00,4.689000129699707,5.960000038146973,3.9000000953674316,4.090000152587891,35343300,0.0,0.0
2022-11-07 00:00:00-05:00,3.4000000953674316,3.809999942779541,3.069999933242798,3.0799999237060547,1017100,0.0,0.0
2022-11-08 00:00:00-05:00,2.8299999237060547,3.0999999046325684,2.490000009536743,2.559999942779541,387000,0.0,0.0
2022-11-09 00:00:00-05:00,2.380000114440918,2.4800000190734863,2.180000066757202,2.200000047683716,241500,0.0,0.0
2022-11-10 00:00:00-05:00,2.1600000858306885,2.440000057220459,2.1600000858306885,2.2899999618530273,124700,0.0,0.0
2022-11-11 00:00:00-05:00,2.190000057220459,2.5899999141693115,2.190000057220459,2.369999885559082,208100,0.0,0.0
2022-11-14 00:00:00-05:00,2.369999885559082,2.4630000591278076,2.2769999504089355,2.359999895095825,31200,0.0,0.0
2022-11-15 00:00:00-05:00,2.4200000762939453,2.799999952316284,2.259999990463257,2.700000047683716,140000,0.0,0.0
2022-11-16 00:00:00-05:00,2.6500000953674316,3.2300000190734863,2.63100004196167,3.0299999713897705,178200,0.0,0.0
2022-11-17 00:00:00-05:00,2.990000009536743,3.4000000953674316,2.8299999237060547,2.9600000381469727,95700,0.0,0.0
2022-11-18 00:00:00-05:00,2.990000009536743,3.059999942779541,2.809999942779541,2.9100000858306885,28600,0.0,0.0
2022-11-21 00:00:00-05:00,2.880000114440918,3.0299999713897705,2.4130001068115234,2.509999990463257,48600,0.0,0.0
2022-11-22 00:00:00-05:00,2.5199999809265137,2.5199999809265137,2.440000057220459,2.440000057220459,12700,0.0,0.0
2022-11-23 00:00:00-05:00,2.3559999465942383,2.507999897003174,2.309999942779541,2.3399999141693115,19400,0.0,0.0
2022-11-25 00:00:00-05:00,2.3399999141693115,2.5799999237060547,2.3399999141693115,2.502000093460083,7400,0.0,0.0
2022-11-28 00:00:00-05:00,2.640000104904175,2.640000104904175,2.3499999046325684,2.4100000858306885,7100,0.0,0.0
2022-11-29 00:00:00-05:00,2.309999942779541,2.615999937057495,2.309999942779541,2.559999942779541,29500,0.0,0.0
2022-11-30 00:00:00-05:00,2.4100000858306885,2.559999942779541,2.4000000953674316,2.503000020980835,21500,0.0,0.0
2022-12-01 00:00:00-05:00,2.4749999046325684,2.609999895095825,2.4600000381469727,2.5199999809265137,17700,0.0,0.0
2022-12-02 00:00:00-05:00,2.510999917984009,2.990000009536743,2.5,2.619999885559082,64000,0.0,0.0
2022-12-05 00:00:00-05:00,2.5510001182556152,2.680000066757202,2.4700000286102295,2.5299999713897705,25300,0.0,0.0
2022-12-06 00:00:00-05:00,2.5399999618530273,2.5899999141693115,2.507999897003174,2.569999933242798,14000,0.0,0.0
2022-12-07 00:00:00-05:00,2.609999895095825,2.609999895095825,2.4590001106262207,2.5,9400,0.0,0.0
2022-12-08 00:00:00-05:00,2.450000047683716,2.5299999713897705,2.450000047683716,2.5299999713897705,20900,0.0,0.0
2022-12-09 00:00:00-05:00,2.5399999618530273,2.859999895095825,2.509999990463257,2.759999990463257,79200,0.0,0.0
2022-12-12 00:00:00-05:00,2.5,3.0,2.490000009536743,2.559999942779541,66000,0.0,0.0
2022-12-13 00:00:00-05:00,2.5,2.569999933242798,2.430000066757202,2.430000066757202,25700,0.0,0.0
2022-12-14 00:00:00-05:00,2.4800000190734863,2.5299999713897705,2.309999942779541,2.3299999237060547,33800,0.0,0.0
2022-12-15 00:00:00-05:00,2.3299999237060547,2.4040000438690186,2.2799999713897705,2.319999933242798,19800,0.0,0.0
2022-12-16 00:00:00-05:00,2.2899999618530273,2.3499999046325684,2.180000066757202,2.190000057220459,21600,0.0,0.0
2022-12-19 00:00:00-05:00,2.2300000190734863,2.4200000762939453,2.187000036239624,2.200000047683716,10600,0.0,0.0
2022-12-20 00:00:00-05:00,2.244999885559082,2.244999885559082,2.0999999046325684,2.1600000858306885,6500,0.0,0.0
2022-12-21 00:00:00-05:00,2.180000066757202,2.180000066757202,2.0,2.0,17300,0.0,0.0
2022-12-22 00:00:00-05:00,2.0399999618530273,2.0399999618530273,1.7000000476837158,1.8899999856948853,19100,0.0,0.0
2022-12-23 00:00:00-05:00,1.8799999952316284,1.8799999952316284,1.7400000095367432,1.8700000047683716,4600,0.0,0.0
2022-12-27 00:00:00-05:00,1.809999942779541,1.8700000047683716,1.7000000476837158,1.8200000524520874,12500,0.0,0.0
2022-12-28 00:00:00-05:00,1.7230000495910645,1.840000033378601,1.7230000495910645,1.7599999904632568,9000,0.0,0.0
2022-12-29 00:00:00-05:00,1.694000005722046,2.0799999237060547,1.694000005722046,1.9199999570846558,124200,0.0,0.0
2022-12-30 00:00:00-05:00,1.899999976158142,2.0,1.75,1.9199999570846558,73000,0.0,0.0
2023-01-03 00:00:00-05:00,1.8600000143051147,1.940000057220459,1.8600000143051147,1.9140000343322754,7700,0.0,0.0
2023-01-04 00:00:00-05:00,1.909999966621399,2.065999984741211,1.899999976158142,2.009999990463257,17600,0.0,0.0
2023-01-05 00:00:00-05:00,2.009999990463257,2.4000000953674316,1.9299999475479126,2.3399999141693115,68100,0.0,0.0
2023-01-06 00:00:00-05:00,2.450000047683716,2.5399999618530273,2.009999990463257,2.3499999046325684,123100,0.0,0.0
2023-01-09 00:00:00-05:00,2.2799999713897705,2.6700000762939453,2.2009999752044678,2.6700000762939453,37000,0.0,0.0
2023-01-10 00:00:00-05:00,2.5899999141693115,2.5999999046325684,2.319999933242798,2.559999942779541,13800,0.0,0.0
2023-01-11 00:00:00-05:00,2.559999942779541,2.559999942779541,2.5,2.5,6000,0.0,0.0
2023-01-12 00:00:00-05:00,2.5,2.5,2.390000104904175,2.4200000762939453,1900,0.0,0.0
2023-01-13 00:00:00-05:00,2.450000047683716,2.450000047683716,2.371999979019165,2.372999906539917,2800,0.0,0.0
2023-01-17 00:00:00-05:00,2.3399999141693115,2.3499999046325684,2.315999984741211,2.325000047683716,4500,0.0,0.0
2023-01-18 00:00:00-05:00,2.3299999237060547,2.3399999141693115,2.259000062942505,2.3399999141693115,6500,0.0,0.0
2023-01-19 00:00:00-05:00,2.3299999237060547,2.3299999237060547,2.2300000190734863,2.2300000190734863,300,0.0,0.0
2023-01-20 00:00:00-05:00,2.2230000495910645,2.3299999237060547,2.2200000286102295,2.3299999237060547,4300,0.0,0.0
2023-01-23 00:00:00-05:00,2.25,2.3499999046325684,2.25,2.259999990463257,5900,0.0,0.0
2023-01-24 00:00:00-05:00,2.25,2.299999952316284,2.25,2.299999952316284,1100,0.0,0.0
2023-01-25 00:00:00-05:00,2.2300000190734863,2.2699999809265137,2.2300000190734863,2.2300000190734863,2200,0.0,0.0
2023-01-26 00:00:00-05:00,2.2200000286102295,2.2300000190734863,2.1600000858306885,2.1600000858306885,5100,0.0,0.0
2023-01-27 00:00:00-05:00,2.1730000972747803,2.309999942779541,2.1730000972747803,2.177000045776367,4200,0.0,0.0
2023-01-30 00:00:00-05:00,2.234999895095825,2.234999895095825,2.1600000858306885,2.2200000286102295,1800,0.0,0.0
2023-01-31 00:00:00-05:00,2.200000047683716,2.299999952316284,2.1600000858306885,2.2899999618530273,10900,0.0,0.0
2023-02-01 00:00:00-05:00,2.309999942779541,2.309999942779541,2.2200000286102295,2.2200000286102295,11900,0.0,0.0
2023-02-02 00:00:00-05:00,2.3010001182556152,2.5999999046325684,2.3010001182556152,2.4700000286102295,39400,0.0,0.0
2023-02-03 00:00:00-05:00,2.359999895095825,2.5999999046325684,2.3499999046325684,2.359999895095825,4000,0.0,0.0
2023-02-06 00:00:00-05:00,2.4600000381469727,2.5309998989105225,2.4000000953674316,2.4600000381469727,2000,0.0,0.0
2023-02-07 00:00:00-05:00,2.5,2.559999942779541,2.4200000762939453,2.4700000286102295,17100,0.0,0.0
2023-02-08 00:00:00-05:00,2.4600000381469727,2.4700000286102295,2.3269999027252197,2.4100000858306885,7100,0.0,0.0
2023-02-09 00:00:00-05:00,2.4200000762939453,2.4200000762939453,2.2699999809265137,2.299999952316284,5400,0.0,0.0
2023-02-10 00:00:00-05:00,2.299999952316284,2.3399999141693115,2.0999999046325684,2.0999999046325684,9800,0.0,0.0
2023-02-13 00:00:00-05:00,2.109999895095825,2.2300000190734863,2.109999895095825,2.109999895095825,3200,0.0,0.0
2023-02-14 00:00:00-05:00,2.119999885559082,2.1730000972747803,2.069999933242798,2.125,6700,0.0,0.0
2023-02-15 00:00:00-05:00,2.0899999141693115,2.200000047683716,2.0799999237060547,2.0899999141693115,1800,0.0,0.0
2023-02-16 00:00:00-05:00,2.0999999046325684,2.259999990463257,2.049999952316284,2.119999885559082,17000,0.0,0.0
2023-02-17 00:00:00-05:00,2.2750000953674316,2.299999952316284,2.1500000953674316,2.1500000953674316,14400,0.0,0.0
2023-02-21 00:00:00-05:00,2.140000104904175,2.200000047683716,2.049999952316284,2.049999952316284,3800,0.0,0.0
2023-02-22 00:00:00-05:00,2.0799999237060547,2.1700000762939453,2.059999942779541,2.0950000286102295,3000,0.0,0.0
2023-02-23 00:00:00-05:00,2.1610000133514404,2.1610000133514404,2.049999952316284,2.049999952316284,3300,0.0,0.0
2023-02-24 00:00:00-05:00,2.049999952316284,2.1600000858306885,2.049999952316284,2.1410000324249268,3400,0.0,0.0
2023-02-27 00:00:00-05:00,2.1610000133514404,2.1610000133514404,2.049999952316284,2.049999952316284,6600,0.0,0.0
2023-02-28 00:00:00-05:00,2.049999952316284,2.059999942779541,2.049999952316284,2.049999952316284,3300,0.0,0.0
2023-03-01 00:00:00-05:00,2.049999952316284,2.0999999046325684,2.0299999713897705,2.0999999046325684,7700,0.0,0.0
2023-03-02 00:00:00-05:00,2.049999952316284,2.069999933242798,2.049999952316284,2.049999952316284,800,0.0,0.0
2023-03-03 00:00:00-05:00,2.049999952316284,2.1600000858306885,2.049999952316284,2.059999942779541,1400,0.0,0.0
2023-03-06 00:00:00-05:00,2.0999999046325684,2.0999999046325684,2.059999942779541,2.059999942779541,3000,0.0,0.0
2023-03-07 00:00:00-05:00,2.069999933242798,2.115000009536743,2.059999942779541,2.115000009536743,3500,0.0,0.0
2023-03-08 00:00:00-05:00,2.130000114440918,2.130000114440918,2.0299999713897705,2.0299999713897705,5000,0.0,0.0
2023-03-09 00:00:00-05:00,2.0299999713897705,2.069999933242798,1.7999999523162842,1.9299999475479126,10200,0.0,0.0
2023-03-10 00:00:00-05:00,1.9800000190734863,1.9800000190734863,1.899999976158142,1.899999976158142,1600,0.0,0.0
2023-03-13 00:00:00-04:00,1.9800000190734863,1.9800000190734863,1.8370000123977661,1.8700000047683716,4600,0.0,0.0
2023-03-14 00:00:00-04:00,1.8600000143051147,1.8600000143051147,1.8300000429153442,1.8300000429153442,1000,0.0,0.0
2023-03-15 00:00:00-04:00,1.8600000143051147,1.9129999876022339,1.8600000143051147,1.9129999876022339,1400,0.0,0.0
2023-03-16 00:00:00-04:00,1.8700000047683716,1.899999976158142,1.8700000047683716,1.8700000047683716,4400,0.0,0.0
2023-03-17 00:00:00-04:00,1.8799999952316284,1.899999976158142,1.809999942779541,1.809999942779541,10900,0.0,0.0
2023-03-20 00:00:00-04:00,1.7799999713897705,1.8799999952316284,1.7200000286102295,1.7200000286102295,8300,0.0,0.0
2023-03-21 00:00:00-04:00,1.7200000286102295,1.8899999856948853,1.7200000286102295,1.8849999904632568,7600,0.0,0.0
2023-03-22 00:00:00-04:00,1.8700000047683716,1.899999976158142,1.8700000047683716,1.899999976158142,4300,0.0,0.0
2023-03-23 00:00:00-04:00,1.9570000171661377,3.134999990463257,1.9299999475479126,2.6630001068115234,806000,0.0,0.0
2023-03-24 00:00:00-04:00,2.4100000858306885,2.549999952316284,1.850000023841858,2.049999952316284,105200,0.0,0.0
2023-03-27 00:00:00-04:00,2.049999952316284,2.049999952316284,1.8600000143051147,1.8700000047683716,19400,0.0,0.0
2023-03-28 00:00:00-04:00,1.8700000047683716,1.9049999713897705,1.7799999713897705,1.850000023841858,14100,0.0,0.0
2023-03-29 00:00:00-04:00,1.8200000524520874,1.8270000219345093,1.75,1.75,19700,0.0,0.0
2023-03-30 00:00:00-04:00,1.7599999904632568,1.8049999475479126,1.7200000286102295,1.7200000286102295,21100,0.0,0.0
2023-03-31 00:00:00-04:00,1.7020000219345093,1.7699999809265137,1.5499999523162842,1.659999966621399,42500,0.0,0.0
2023-04-03 00:00:00-04:00,1.6100000143051147,1.6150000095367432,1.5980000495910645,1.5980000495910645,7900,0.0,0.0
2023-04-04 00:00:00-04:00,1.590999960899353,1.840999960899353,1.5499999523162842,1.690000057220459,8400,0.0,0.0
2023-04-05 00:00:00-04:00,1.5700000524520874,1.6410000324249268,1.5,1.6410000324249268,11500,0.0,0.0
2023-04-06 00:00:00-04:00,1.6119999885559082,1.6119999885559082,1.5099999904632568,1.5499999523162842,20900,0.0,0.0
2023-04-10 00:00:00-04:00,1.5099999904632568,1.5399999618530273,1.5099999904632568,1.5399999618530273,2700,0.0,0.0
2023-04-11 00:00:00-04:00,1.4800000190734863,1.6640000343322754,1.4800000190734863,1.6169999837875366,9200,0.0,0.0
2023-04-12 00:00:00-04:00,1.559999942779541,1.590000033378601,1.440000057220459,1.5099999904632568,17000,0.0,0.0
2023-04-13 00:00:00-04:00,1.5700000524520874,1.6510000228881836,1.5099999904632568,1.5099999904632568,4100,0.0,0.0
2023-04-14 00:00:00-04:00,1.4800000190734863,1.7699999809265137,1.440000057220459,1.5,27800,0.0,0.0
2023-04-17 00:00:00-04:00,1.5099999904632568,2.0299999713897705,1.5099999904632568,1.7000000476837158,116200,0.0,0.0
2023-04-18 00:00:00-04:00,1.6799999475479126,1.6799999475479126,1.5299999713897705,1.590000033378601,6800,0.0,0.0
2023-04-19 00:00:00-04:00,1.5700000524520874,1.809999942779541,1.5700000524520874,1.7200000286102295,12500,0.0,0.0
2023-04-20 00:00:00-04:00,1.7170000076293945,1.7170000076293945,1.6100000143051147,1.6169999837875366,2000,0.0,0.0
2023-04-21 00:00:00-04:00,1.559999942779541,1.6720000505447388,1.559999942779541,1.628000020980835,3700,0.0,0.0
2023-04-24 00:00:00-04:00,1.6200000047683716,1.6299999952316284,1.559000015258789,1.5800000429153442,1800,0.0,0.0
2023-04-25 00:00:00-04:00,1.559999942779541,1.5800000429153442,1.559999942779541,1.5800000429153442,800,0.0,0.0
2023-04-26 00:00:00-04:00,1.5700000524520874,1.7139999866485596,1.5700000524520874,1.6449999809265137,4600,0.0,0.0
2023-04-27 00:00:00-04:00,1.5499999523162842,1.5499999523162842,1.5499999523162842,1.5499999523162842,7200,0.0,0.0
2023-04-28 00:00:00-04:00,1.7999999523162842,2.4000000953674316,1.6799999475479126,1.9700000286102295,661000,0.0,0.0
2023-05-01 00:00:00-04:00,3.450000047683716,9.630000114440918,2.992000102996826,4.349999904632568,48845600,0.0,0.0
2023-05-02 00:00:00-04:00,3.869999885559082,4.300000190734863,2.299999952316284,2.630000114440918,1340900,0.0,0.0
2023-05-03 00:00:00-04:00,4.019999980926514,6.409999847412109,3.3499999046325684,4.090000152587891,23863900,0.0,0.0
2023-05-04 00:00:00-04:00,3.759999990463257,4.0,3.069999933242798,3.5,535900,0.0,0.0
2023-05-05 00:00:00-04:00,3.2699999809265137,3.680000066757202,2.990000009536743,3.190000057220459,172600,0.0,0.0
2023-05-08 00:00:00-04:00,3.109999895095825,3.180000066757202,2.990000009536743,3.0299999713897705,82000,0.0,0.0
2023-05-09 00:00:00-04:00,2.950000047683716,3.049999952316284,2.6519999504089355,2.700000047683716,76700,0.0,0.0
2023-05-10 00:00:00-04:00,2.5999999046325684,3.430000066757202,2.5999999046325684,3.0,348100,0.0,0.0
2023-05-11 00:00:00-04:00,2.819999933242798,3.5,2.6600000858306885,2.75,406000,0.0,0.0
2023-05-12 00:00:00-04:00,2.5399999618530273,2.6500000953674316,2.4000000953674316,2.450000047683716,84300,0.0,0.0
2023-05-15 00:00:00-04:00,2.5,2.740000009536743,2.4800000190734863,2.5399999618530273,62800,0.0,0.0
2023-05-16 00:00:00-04:00,2.4600000381469727,2.799999952316284,2.359999895095825,2.5899999141693115,159900,0.0,0.0
2023-05-17 00:00:00-04:00,2.5399999618530273,2.549999952316284,2.309999942779541,2.369999885559082,44200,0.0,0.0
2023-05-18 00:00:00-04:00,2.369999885559082,2.4600000381469727,2.369999885559082,2.440000057220459,32200,0.0,0.0
2023-05-19 00:00:00-04:00,2.25,2.430000066757202,2.2300000190734863,2.263000011444092,27300,0.0,0.0
2023-05-22 00:00:00-04:00,2.359999895095825,2.359999895095825,2.2100000381469727,2.2799999713897705,10700,0.0,0.0
2023-05-23 00:00:00-04:00,2.200000047683716,2.309999942779541,2.190000057220459,2.240000009536743,5700,0.0,0.0
2023-05-24 00:00:00-04:00,2.1500000953674316,2.305999994277954,2.1500000953674316,2.2200000286102295,20400,0.0,0.0
2023-05-25 00:00:00-04:00,2.2899999618530273,2.5899999141693115,2.25,2.305000066757202,27000,0.0,0.0
2023-05-26 00:00:00-04:00,2.2899999618530273,2.430000066757202,2.25,2.25,18900,0.0,0.0
2023-05-30 00:00:00-04:00,2.5799999237060547,2.5799999237060547,2.2699999809265137,2.359999895095825,30100,0.0,0.0
2023-05-31 00:00:00-04:00,2.3399999141693115,2.3489999771118164,2.2109999656677246,2.25,23700,0.0,0.0
2023-06-01 00:00:00-04:00,2.2200000286102295,2.440000057220459,2.2200000286102295,2.3399999141693115,25000,0.0,0.0
2023-06-02 00:00:00-04:00,2.369999885559082,2.509999990463257,2.2850000858306885,2.390000104904175,27400,0.0,0.0
2023-06-05 00:00:00-04:00,2.559999942779541,2.8499999046325684,2.4100000858306885,2.630000114440918,506600,0.0,0.0
2023-06-06 00:00:00-04:00,2.5199999809265137,2.6600000858306885,2.369999885559082,2.549999952316284,78000,0.0,0.0
2023-06-07 00:00:00-04:00,2.5399999618530273,2.6500000953674316,2.390000104904175,2.490000009536743,50500,0.0,0.0
2023-06-08 00:00:00-04:00,2.640000104904175,3.2799999713897705,2.5450000762939453,3.190000057220459,616900,0.0,0.0
2023-06-09 00:00:00-04:00,3.259999990463257,3.450000047683716,2.75,2.880000114440918,166400,0.0,0.0
2023-06-12 00:00:00-04:00,2.816999912261963,2.930000066757202,2.700000047683716,2.880000114440918,54700,0.0,0.0
2023-06-13 00:00:00-04:00,2.799999952316284,2.9000000953674316,2.7300000190734863,2.799999952316284,24300,0.0,0.0
2023-06-14 00:00:00-04:00,2.809999942779541,2.930000066757202,2.7200000286102295,2.880000114440918,42000,0.0,0.0
2023-06-15 00:00:00-04:00,2.759999990463257,3.200000047683716,2.759999990463257,2.940000057220459,77700,0.0,0.0
2023-06-16 00:00:00-04:00,2.859999895095825,3.0,2.7200000286102295,2.755000114440918,37600,0.0,0.0
2023-06-20 00:00:00-04:00,2.7200000286102295,2.8499999046325684,2.5999999046325684,2.609999895095825,35800,0.0,0.0
2023-06-21 00:00:00-04:00,2.6700000762939453,2.8399999141693115,2.569999933242798,2.819999933242798,11000,0.0,0.0
2023-06-22 00:00:00-04:00,2.700000047683716,2.799999952316284,2.6110000610351562,2.7100000381469727,5500,0.0,0.0
2023-06-23 00:00:00-04:00,2.6540000438690186,2.7799999713897705,2.640000104904175,2.740000009536743,12000,0.0,0.0
2023-06-26 00:00:00-04:00,2.6500000953674316,2.7799999713897705,2.630000114440918,2.640000104904175,5800,0.0,0.0
2023-06-27 00:00:00-04:00,2.690000057220459,2.740000009536743,2.640000104904175,2.6500000953674316,14000,0.0,0.0
2023-06-28 00:00:00-04:00,2.5999999046325684,2.690000057220459,2.5799999237060547,2.6500000953674316,16900,0.0,0.0
2023-06-29 00:00:00-04:00,2.609999895095825,2.690000057220459,2.569999933242798,2.609999895095825,12800,0.0,0.0
2023-06-30 00:00:00-04:00,2.609999895095825,2.700000047683716,2.549999952316284,2.549999952316284,20200,0.0,0.0
2023-07-03 00:00:00-04:00,2.549999952316284,2.8399999141693115,2.549999952316284,2.7699999809265137,14000,0.0,0.0
2023-07-05 00:00:00-04:00,2.740000009536743,2.740000009536743,2.565000057220459,2.565000057220459,13700,0.0,0.0
2023-07-06 00:00:00-04:00,2.5999999046325684,2.630000114440918,2.5,2.5,16500,0.0,0.0
2023-07-07 00:00:00-04:00,2.569999933242798,2.569999933242798,2.390000104904175,2.569999933242798,10100,0.0,0.0
2023-07-10 00:00:00-04:00,2.5,2.5,2.365000009536743,2.4200000762939453,23500,0.0,0.0
2023-07-11 00:00:00-04:00,2.309999942779541,2.5,2.309999942779541,2.4189999103546143,17600,0.0,0.0
2023-07-12 00:00:00-04:00,2.5,2.6600000858306885,2.4049999713897705,2.4800000190734863,27900,0.0,0.0
2023-07-13 00:00:00-04:00,2.4100000858306885,2.5199999809265137,2.3399999141693115,2.430000066757202,17600,0.0,0.0
2023-07-14 00:00:00-04:00,2.4800000190734863,2.4800000190734863,2.3499999046325684,2.390000104904175,3900,0.0,0.0
2023-07-17 00:00:00-04:00,2.2899999618530273,2.3489999771118164,2.2899999618530273,2.3299999237060547,14200,0.0,0.0
2023-07-18 00:00:00-04:00,2.430000066757202,2.430000066757202,2.259999990463257,2.4030001163482666,13700,0.0,0.0
2023-07-19 00:00:00-04:00,2.299999952316284,2.390000104904175,2.299999952316284,2.3499999046325684,6300,0.0,0.0
2023-07-20 00:00:00-04:00,2.299999952316284,2.490000009536743,2.2699999809265137,2.4100000858306885,35700,0.0,0.0
2023-07-21 00:00:00-04:00,2.430000066757202,2.7119998931884766,2.322000026702881,2.371999979019165,36800,0.0,0.0
2023-07-24 00:00:00-04:00,2.3510000705718994,2.390000104904175,2.2899999618530273,2.3399999141693115,10700,0.0,0.0
2023-07-25 00:00:00-04:00,2.4030001163482666,2.5299999713897705,2.4000000953674316,2.430000066757202,4900,0.0,0.0
2023-07-26 00:00:00-04:00,2.3299999237060547,2.430000066757202,2.299999952316284,2.430000066757202,2900,0.0,0.0
2023-07-27 00:00:00-04:00,2.3299999237060547,2.4149999618530273,2.299999952316284,2.319999933242798,5300,0.0,0.0
2023-07-28 00:00:00-04:00,2.299999952316284,2.5799999237060547,2.2899999618530273,2.3299999237060547,9100,0.0,0.0
2023-07-31 00:00:00-04:00,2.444999933242798,2.444999933242798,2.3399999141693115,2.430000066757202,1100,0.0,0.0
2023-08-01 00:00:00-04:00,2.3299999237060547,2.3529999256134033,2.299999952316284,2.3499999046325684,2200,0.0,0.0
2023-08-02 00:00:00-04:00,2.309999942779541,2.369999885559082,2.259999990463257,2.369999885559082,5600,0.0,0.0
2023-08-03 00:00:00-04:00,2.325000047683716,2.3499999046325684,2.311000108718872,2.3499999046325684,2100,0.0,0.0
2023-08-04 00:00:00-04:00,2.2690000534057617,2.369999885559082,2.25,2.25,5800,0.0,0.0
2023-08-07 00:00:00-04:00,2.25,2.259999990463257,2.0999999046325684,2.0999999046325684,30400,0.0,0.0
2023-08-08 00:00:00-04:00,2.0999999046325684,2.174999952316284,2.0,2.1500000953674316,8200,0.0,0.0
2023-08-09 00:00:00-04:00,2.0299999713897705,2.0299999713897705,2.009999990463257,2.009999990463257,1400,0.0,0.0
2023-08-10 00:00:00-04:00,2.0,2.180000066757202,2.0,2.0,6700,0.0,0.0
2023-08-11 00:00:00-04:00,2.115999937057495,2.25,2.0,2.130000114440918,24100,0.0,0.0
2023-08-14 00:00:00-04:00,2.130000114440918,2.319999933242798,2.0299999713897705,2.1600000858306885,2700,0.0,0.0
2023-08-15 00:00:00-04:00,2.1689999103546143,2.194999933242798,2.049999952316284,2.049999952316284,600,0.0,0.0
2023-08-16 00:00:00-04:00,2.0199999809265137,2.055000066757202,1.8899999856948853,2.0399999618530273,16600,0.0,0.0
2023-08-17 00:00:00-04:00,1.9700000286102295,1.9700000286102295,1.809999942779541,1.809999942779541,5600,0.0,0.0
2023-08-18 00:00:00-04:00,1.75,1.8899999856948853,1.7400000095367432,1.8899999856948853,12600,0.0,0.0
2023-08-21 00:00:00-04:00,1.8320000171661377,1.9609999656677246,1.7599999904632568,1.7699999809265137,5800,0.0,0.0
2023-08-22 00:00:00-04:00,1.75,1.8600000143051147,1.7200000286102295,1.7599999904632568,7700,0.0,0.0
2023-08-23 00:00:00-04:00,2.0,2.0,1.7300000190734863,1.7400000095367432,5500,0.0,0.0
2023-08-24 00:00:00-04:00,1.75,1.7799999713897705,1.7200000286102295,1.7200000286102295,1800,0.0,0.0
2023-08-25 00:00:00-04:00,1.7319999933242798,1.8550000190734863,1.7319999933242798,1.7929999828338623,1800,0.0,0.0
2023-08-28 00:00:00-04:00,1.899999976158142,1.899999976158142,1.7899999618530273,1.8600000143051147,1500,0.0,0.0
2023-08-29 00:00:00-04:00,1.9980000257492065,1.9980000257492065,1.7000000476837158,1.7400000095367432,5500,0.0,0.0
2023-08-30 00:00:00-04:00,1.9880000352859497,1.9880000352859497,1.7599999904632568,1.8799999952316284,2400,0.0,0.0
2023-08-31 00:00:00-04:00,1.8799999952316284,1.8899999856948853,1.690000057220459,1.7400000095367432,6700,0.0,0.0
2023-09-01 00:00:00-04:00,1.7999999523162842,1.899999976158142,1.7400000095367432,1.899999976158142,1900,0.0,0.0
2023-09-05 00:00:00-04:00,1.7999999523162842,1.8799999952316284,1.7999999523162842,1.8799999952316284,300,0.0,0.0
2023-09-06 00:00:00-04:00,1.7000000476837158,1.8899999856948853,1.7000000476837158,1.8899999856948853,2000,0.0,0.0
2023-09-07 00:00:00-04:00,1.7999999523162842,1.840999960899353,1.7000000476837158,1.8170000314712524,1100,0.0,0.0
2023-09-08 00:00:00-04:00,1.8730000257492065,1.8730000257492065,1.75,1.86899995803833,600,0.0,0.0
2023-09-11 00:00:00-04:00,1.722000002861023,1.7599999904632568,1.722000002861023,1.7599999904632568,2000,0.0,0.0
2023-09-12 00:00:00-04:00,1.8899999856948853,1.8899999856948853,1.7200000286102295,1.8200000524520874,1300,0.0,0.0
2023-09-13 00:00:00-04:00,1.8200000524520874,1.8200000524520874,1.8200000524520874,1.8200000524520874,400,0.0,0.0
2023-09-14 00:00:00-04:00,1.7599999904632568,1.8200000524520874,1.600000023841858,1.722000002861023,10700,0.0,0.0
2023-09-15 00:00:00-04:00,1.8259999752044678,1.8700000047683716,1.649999976158142,1.649999976158142,4500,0.0,0.0
2023-09-18 00:00:00-04:00,1.7200000286102295,1.850000023841858,1.6799999475479126,1.7799999713897705,7700,0.0,0.0
2023-09-19 00:00:00-04:00,1.840000033378601,1.840000033378601,1.7799999713897705,1.7799999713897705,500,0.0,0.0
2023-09-20 00:00:00-04:00,1.7699999809265137,1.930999994277954,1.7699999809265137,1.9179999828338623,8500,0.0,0.0
2023-09-21 00:00:00-04:00,1.899999976158142,1.9700000286102295,1.7300000190734863,1.7300000190734863,8700,0.0,0.0
2023-09-22 00:00:00-04:00,1.7799999713897705,1.840000033378601,1.6799999475479126,1.6799999475479126,4100,0.0,0.0
2023-09-25 00:00:00-04:00,1.7400000095367432,1.850000023841858,1.7000000476837158,1.7999999523162842,4100,0.0,0.0
2023-09-26 00:00:00-04:00,1.840000033378601,1.840000033378601,1.7610000371932983,1.8339999914169312,1200,0.0,0.0
2023-09-27 00:00:00-04:00,1.7599999904632568,1.840000033378601,1.690000057220459,1.8040000200271606,6800,0.0,0.0
2023-09-28 00:00:00-04:00,1.7300000190734863,1.840000033378601,1.6799999475479126,1.7000000476837158,17400,0.0,0.0
2023-09-29 00:00:00-04:00,1.7000000476837158,1.7000000476837158,1.7000000476837158,1.7000000476837158,0,0.0,0.0
2023-10-02 00:00:00-04:00,1.7480000257492065,1.7480000257492065,1.6799999475479126,1.6799999475479126,6200,0.0,0.0
2023-10-03 00:00:00-04:00,1.7000000476837158,1.7400000095367432,1.6799999475479126,1.6799999475479126,1500,0.0,0.0
2023-10-04 00:00:00-04:00,1.6799999475479126,1.6799999475479126,1.6799999475479126,1.6799999475479126,2700,0.0,0.0
2023-10-05 00:00:00-04:00,1.7200000286102295,1.7799999713897705,1.6799999475479126,1.7200000286102295,2400,0.0,0.0
2023-10-06 00:00:00-04:00,1.6799999475479126,1.7350000143051147,1.6799999475479126,1.7350000143051147,1200,0.0,0.0
2023-10-09 00:00:00-04:00,1.7070000171661377,1.75,1.6799999475479126,1.6799999475479126,1200,0.0,0.0
2023-10-10 00:00:00-04:00,1.7100000381469727,1.7200000286102295,1.6799999475479126,1.6799999475479126,1500,0.0,0.0
2023-10-11 00:00:00-04:00,1.6699999570846558,1.7899999618530273,1.6699999570846558,1.7899999618530273,12200,0.0,0.0
2023-10-12 00:00:00-04:00,1.7999999523162842,1.850000023841858,1.6799999475479126,1.850000023841858,31500,0.0,0.0
2023-10-13 00:00:00-04:00,1.7999999523162842,2.0,1.7300000190734863,1.8799999952316284,19500,0.0,0.0
2023-10-16 00:00:00-04:00,1.899999976158142,1.899999976158142,1.7200000286102295,1.7899999618530273,4500,0.0,0.0
2023-10-17 00:00:00-04:00,1.7899999618530273,1.7949999570846558,1.7300000190734863,1.75,2800,0.0,0.0
2023-10-18 00:00:00-04:00,1.7300000190734863,1.7599999904632568,1.7300000190734863,1.7599999904632568,4100,0.0,0.0
2023-10-19 00:00:00-04:00,1.7200000286102295,1.7200000286102295,1.7100000381469727,1.7100000381469727,700,0.0,0.0
2023-10-20 00:00:00-04:00,1.6799999475479126,1.7599999904632568,1.6799999475479126,1.7599999904632568,2200,0.0,0.0
2023-10-23 00:00:00-04:00,1.6799999475479126,1.7400000095367432,1.6799999475479126,1.7400000095367432,1000,0.0,0.0
2023-10-24 00:00:00-04:00,1.6970000267028809,1.7899999618530273,1.6799999475479126,1.7899999618530273,2000,0.0,0.0
2023-10-25 00:00:00-04:00,1.840000033378601,1.840000033378601,1.600000023841858,1.600000023841858,5700,0.0,0.0
2023-10-26 00:00:00-04:00,1.6699999570846558,1.6699999570846558,1.6399999856948853,1.659999966621399,4900,0.0,0.0
2023-10-27 00:00:00-04:00,1.559999942779541,1.6180000305175781,1.5399999618530273,1.5800000429153442,4500,0.0,0.0
2023-10-30 00:00:00-04:00,1.5800000429153442,1.6150000095367432,1.5,1.5010000467300415,4100,0.0,0.0
2023-10-31 00:00:00-04:00,1.5,1.6380000114440918,1.5,1.590000033378601,7300,0.0,0.0
2023-11-01 00:00:00-04:00,1.5099999904632568,1.5299999713897705,1.5099999904632568,1.5099999904632568,1600,0.0,0.0
2023-11-02 00:00:00-04:00,1.5,1.590000033378601,1.5,1.5099999904632568,1600,0.0,0.0
2023-11-03 00:00:00-04:00,1.5800000429153442,1.6100000143051147,1.5099999904632568,1.5299999713897705,6800,0.0,0.0
2023-11-06 00:00:00-05:00,1.5499999523162842,1.6200000047683716,1.5099999904632568,1.5099999904632568,1900,0.0,0.0
2023-11-07 00:00:00-05:00,1.5800000429153442,1.5800000429153442,1.5099999904632568,1.5099999904632568,3000,0.0,0.0
2023-11-08 00:00:00-05:00,1.5,1.6640000343322754,1.5,1.5399999618530273,2500,0.0,0.0
2023-11-09 00:00:00-05:00,1.5399999618530273,1.5399999618530273,1.5399999618530273,1.5399999618530273,300,0.0,0.0
2023-11-10 00:00:00-05:00,1.5800000429153442,1.5800000429153442,1.5399999618530273,1.5399999618530273,500,0.0,0.0
2023-11-13 00:00:00-05:00,1.5,1.5399999618530273,1.5,1.5,1600,0.0,0.0
2023-11-14 00:00:00-05:00,1.5,1.5299999713897705,1.5,1.5299999713897705,800,0.0,0.0
2023-11-15 00:00:00-05:00,1.5299999713897705,1.5299999713897705,1.5299999713897705,1.5299999713897705,0,0.0,0.0
2023-11-16 00:00:00-05:00,1.5099999904632568,1.5299999713897705,1.5099999904632568,1.5099999904632568,2800,0.0,0.0
2023-11-17 00:00:00-05:00,1.5099999904632568,1.649999976158142,1.4700000286102295,1.649999976158142,5500,0.0,0.0
2023-11-20 00:00:00-05:00,1.690000057220459,1.7350000143051147,1.4900000095367432,1.7350000143051147,3100,0.0,0.0
2023-11-21 00:00:00-05:00,1.7350000143051147,1.7350000143051147,1.7350000143051147,1.7350000143051147,0,0.0,0.0
2023-11-22 00:00:00-05:00,1.7350000143051147,1.7350000143051147,1.7350000143051147,1.7350000143051147,0,0.0,0.0
2023-11-24 00:00:00-05:00,1.7000000476837158,1.7000000476837158,1.690000057220459,1.6990000009536743,1600,0.0,0.0
2023-11-27 00:00:00-05:00,1.5499999523162842,1.6890000104904175,1.5499999523162842,1.6890000104904175,2500,0.0,0.0
2023-11-28 00:00:00-05:00,1.6890000104904175,1.6890000104904175,1.6890000104904175,1.6890000104904175,300,0.0,0.0
2023-11-29 00:00:00-05:00,1.5299999713897705,1.600000023841858,1.5299999713897705,1.600000023841858,5500,0.0,0.0
2023-11-30 00:00:00-05:00,1.5099999904632568,1.6100000143051147,1.5099999904632568,1.6100000143051147,700,0.0,0.0
2023-12-01 00:00:00-05:00,1.6699999570846558,2.2799999713897705,1.593000054359436,1.8420000076293945,73900,0.0,0.0
2023-12-04 00:00:00-05:00,1.850000023841858,2.1470000743865967,1.850000023841858,2.059999942779541,14000,0.0,0.0
2023-12-05 00:00:00-05:00,1.7699999809265137,1.965000033378601,1.7699999809265137,1.8600000143051147,13000,0.0,0.0
2023-12-06 00:00:00-05:00,1.809999942779541,1.840000033378601,1.809999942779541,1.840000033378601,2800,0.0,0.0
2023-12-07 00:00:00-05:00,1.8300000429153442,1.8300000429153442,1.8200000524520874,1.8200000524520874,2700,0.0,0.0
2023-12-08 00:00:00-05:00,1.909999966621399,1.9479999542236328,1.8200000524520874,1.8200000524520874,2600,0.0,0.0
2023-12-11 00:00:00-05:00,1.7200000286102295,1.840000033378601,1.7200000286102295,1.7269999980926514,4100,0.0,0.0
2023-12-12 00:00:00-05:00,1.8200000524520874,1.8200000524520874,1.649999976158142,1.7400000095367432,5700,0.0,0.0
2023-12-13 00:00:00-05:00,1.649999976158142,1.649999976158142,1.649999976158142,1.649999976158142,500,0.0,0.0
2023-12-14 00:00:00-05:00,1.8220000267028809,1.8220000267028809,1.649999976158142,1.725000023841858,2400,0.0,0.0
2023-12-15 00:00:00-05:00,1.659999966621399,1.690000057220459,1.659999966621399,1.690000057220459,3000,0.0,0.0
2023-12-18 00:00:00-05:00,1.7100000381469727,1.7100000381469727,1.5800000429153442,1.6399999856948853,6400,0.0,0.0
2023-12-19 00:00:00-05:00,1.6480000019073486,1.690000057220459,1.6299999952316284,1.690000057220459,1400,0.0,0.0
2023-12-20 00:00:00-05:00,1.7400000095367432,2.0,1.6299999952316284,1.6399999856948853,16500,0.0,0.0
2023-12-21 00:00:00-05:00,1.649999976158142,1.7719999551773071,1.6399999856948853,1.7599999904632568,6200,0.0,0.0
2023-12-22 00:00:00-05:00,1.7699999809265137,1.8899999856948853,1.7000000476837158,1.7799999713897705,5100,0.0,0.0
2023-12-26 00:00:00-05:00,1.8619999885559082,1.8619999885559082,1.7999999523162842,1.7999999523162842,3500,0.0,0.0
2023-12-27 00:00:00-05:00,1.7949999570846558,2.0,1.7000000476837158,1.9600000381469727,18700,0.0,0.0
2023-12-28 00:00:00-05:00,1.8539999723434448,1.8700000047683716,1.5199999809265137,1.7699999809265137,8900,0.0,0.0
2023-12-29 00:00:00-05:00,2.240000009536743,8.449999809265137,2.109999895095825,5.0,48332300,0.0,0.0
2024-01-02 00:00:00-05:00,3.549999952316284,3.8299999237060547,3.1600000858306885,3.740000009536743,1456200,0.0,0.0
2024-01-03 00:00:00-05:00,3.740000009536743,4.539999961853027,2.5999999046325684,2.8399999141693115,1631600,0.0,0.0
2024-01-04 00:00:00-05:00,2.809999942779541,3.0999999046325684,2.5,2.700000047683716,212500,0.0,0.0
2024-01-05 00:00:00-05:00,2.5899999141693115,2.734999895095825,2.4200000762939453,2.4200000762939453,146400,0.0,0.0
2024-01-08 00:00:00-05:00,2.299999952316284,2.4649999141693115,2.130000114440918,2.130000114440918,81500,0.0,0.0
2024-01-09 00:00:00-05:00,4.550000190734863,4.659999847412109,3.25,3.4700000286102295,28156800,0.0,0.0
2024-01-10 00:00:00-05:00,3.5799999237060547,3.700000047683716,3.2200000286102295,3.5399999618530273,673900,0.0,0.0
2024-01-11 00:00:00-05:00,3.359999895095825,3.4000000953674316,3.140000104904175,3.2799999713897705,196200,0.0,0.0
2024-01-12 00:00:00-05:00,3.0799999237060547,3.0999999046325684,2.5999999046325684,2.990000009536743,125700,0.0,0.0
2024-01-16 00:00:00-05:00,2.8499999046325684,3.4000000953674316,2.8399999141693115,3.069999933242798,133200,0.0,0.0
2024-01-17 00:00:00-05:00,2.940000057220459,3.2300000190734863,2.809999942779541,3.119999885559082,80800,0.0,0.0
2024-01-18 00:00:00-05:00,3.0299999713897705,3.0999999046325684,2.940000057220459,3.069999933242798,44100,0.0,0.0
2024-01-19 00:00:00-05:00,3.009999990463257,3.180000066757202,2.859999895095825,3.0899999141693115,43300,0.0,0.0
2024-01-22 00:00:00-05:00,3.0299999713897705,3.0910000801086426,2.799999952316284,2.880000114440918,47600,0.0,0.0
2024-01-23 00:00:00-05:00,2.819999933242798,2.990000009536743,2.809999942779541,2.890000104904175,44400,0.0,0.0
2024-01-24 00:00:00-05:00,2.859999895095825,2.859999895095825,2.5999999046325684,2.7899999618530273,82600,0.0,0.0
2024-01-25 00:00:00-05:00,2.859999895095825,2.859999895095825,2.509999990463257,2.5399999618530273,131500,0.0,0.0
2024-01-26 00:00:00-05:00,2.4600000381469727,2.559999942779541,2.4200000762939453,2.4200000762939453,21800,0.0,0.0
2024-01-29 00:00:00-05:00,2.4200000762939453,2.490000009536743,2.3299999237060547,2.390000104904175,38400,0.0,0.0
2024-01-30 00:00:00-05:00,2.3499999046325684,2.369999885559082,2.2899999618530273,2.2899999618530273,31700,0.0,0.0
2024-01-31 00:00:00-05:00,2.2100000381469727,2.990000009536743,2.2100000381469727,2.7300000190734863,331500,0.0,0.0
2024-02-01 00:00:00-05:00,2.4100000858306885,2.799999952316284,2.4100000858306885,2.4700000286102295,43800,0.0,0.0
2024-02-02 00:00:00-05:00,2.4700000286102295,2.5399999618530273,2.4100000858306885,2.4100000858306885,24300,0.0,0.0
2024-02-05 00:00:00-05:00,2.4000000953674316,2.4000000953674316,2.2300000190734863,2.2699999809265137,16900,0.0,0.0
2024-02-06 00:00:00-05:00,2.2100000381469727,2.48799991607666,2.2100000381469727,2.240000009536743,84700,0.0,0.0
2024-02-07 00:00:00-05:00,2.3399999141693115,2.388000011444092,2.1500000953674316,2.2799999713897705,43800,0.0,0.0
2024-02-08 00:00:00-05:00,2.4000000953674316,2.5899999141693115,2.3299999237060547,2.4800000190734863,75600,0.0,0.0
2024-02-09 00:00:00-05:00,2.4100000858306885,2.569999933242798,2.319999933242798,2.490000009536743,42100,0.0,0.0
2024-02-12 00:00:00-05:00,2.4800000190734863,2.490000009536743,2.3399999141693115,2.3399999141693115,18500,0.0,0.0
2024-02-13 00:00:00-05:00,2.2899999618530273,2.380000114440918,2.1600000858306885,2.2699999809265137,1843000,0.0,0.0
2024-02-14 00:00:00-05:00,2.8399999141693115,3.740000009536743,2.299999952316284,2.6700000762939453,3610400,0.0,0.0
2024-02-15 00:00:00-05:00,2.3499999046325684,2.9000000953674316,2.3399999141693115,2.859999895095825,250900,0.0,0.0
2024-02-16 00:00:00-05:00,2.5299999713897705,3.4000000953674316,2.5299999713897705,3.2100000381469727,231800,0.0,0.0
2024-02-20 00:00:00-05:00,2.9200000762939453,2.9800000190734863,2.6600000858306885,2.7899999618530273,68600,0.0,0.0
2024-02-21 00:00:00-05:00,2.7100000381469727,2.8299999237060547,2.5299999713897705,2.6600000858306885,92200,0.0,0.0
2024-02-22 00:00:00-05:00,2.5999999046325684,2.6500000953674316,2.3499999046325684,2.5399999618530273,123400,0.0,0.0
2024-02-23 00:00:00-05:00,2.509999990463257,2.509999990463257,2.259999990463257,2.359999895095825,93400,0.0,0.0
2024-02-26 00:00:00-05:00,2.380000114440918,2.5299999713897705,2.369999885559082,2.430000066757202,23300,0.0,0.0
2024-02-27 00:00:00-05:00,2.5399999618530273,2.619999885559082,2.430000066757202,2.569999933242798,34400,0.0,0.0
2024-02-28 00:00:00-05:00,2.569999933242798,2.690000057220459,2.434000015258789,2.569999933242798,33800,0.0,0.0
2024-02-29 00:00:00-05:00,2.619999885559082,2.619999885559082,2.4000000953674316,2.549999952316284,13100,0.0,0.0
2024-03-01 00:00:00-05:00,2.5399999618530273,2.5799999237060547,2.440000057220459,2.450000047683716,26100,0.0,0.0
2024-03-04 00:00:00-05:00,2.5,2.5999999046325684,2.440000057220459,2.4800000190734863,36900,0.0,0.0
2024-03-05 00:00:00-05:00,2.5399999618530273,2.5999999046325684,2.3499999046325684,2.555000066757202,50500,0.0,0.0
2024-03-06 00:00:00-05:00,2.559999942779541,2.559999942779541,2.4100000858306885,2.440000057220459,46400,0.0,0.0
2024-03-07 00:00:00-05:00,2.490000009536743,2.6500000953674316,2.4100000858306885,2.5299999713897705,52700,0.0,0.0
2024-03-08 00:00:00-05:00,2.7100000381469727,2.890000104904175,2.450000047683716,2.4600000381469727,138200,0.0,0.0
2024-03-11 00:00:00-04:00,2.440000057220459,2.5239999294281006,2.3320000171661377,2.509999990463257,37900,0.0,0.0
2024-03-12 00:00:00-04:00,2.559999942779541,2.559999942779541,2.3499999046325684,2.4200000762939453,6500,0.0,0.0
2024-03-13 00:00:00-04:00,2.5199999809265137,2.5399999618530273,2.4100000858306885,2.450000047683716,16800,0.0,0.0
2024-03-14 00:00:00-04:00,2.569999933242798,2.569999933242798,2.309999942779541,2.3499999046325684,48800,0.0,0.0
2024-03-15 00:00:00-04:00,2.4000000953674316,2.5399999618530273,2.359999895095825,2.5399999618530273,9100,0.0,0.0
2024-03-18 00:00:00-04:00,2.5899999141693115,2.5899999141693115,2.359999895095825,2.5199999809265137,31900,0.0,0.0
2024-03-19 00:00:00-04:00,2.4700000286102295,2.4700000286102295,2.325000047683716,2.4100000858306885,37300,0.0,0.0
2024-03-20 00:00:00-04:00,2.369999885559082,2.369999885559082,2.190000057220459,2.259999990463257,36200,0.0,0.0
2024-03-21 00:00:00-04:00,2.2799999713897705,2.569999933242798,2.259999990463257,2.5,197600,0.0,0.0
2024-03-22 00:00:00-04:00,2.490000009536743,2.490000009536743,2.299999952316284,2.440000057220459,25300,0.0,0.0
2024-03-25 00:00:00-04:00,2.4000000953674316,2.4000000953674316,2.200000047683716,2.259999990463257,26000,0.0,0.0
2024-03-26 00:00:00-04:00,2.259999990463257,2.319999933242798,2.2200000286102295,2.2200000286102295,24400,0.0,0.0
2024-03-27 00:00:00-04:00,2.2699999809265137,2.2699999809265137,2.2200000286102295,2.2699999809265137,5600,0.0,0.0
2024-03-28 00:00:00-04:00,2.3399999141693115,2.4600000381469727,2.2699999809265137,2.450000047683716,54700,0.0,0.0
2024-04-01 00:00:00-04:00,2.369999885559082,2.4800000190734863,2.309999942779541,2.380000114440918,15400,0.0,0.0
2024-04-02 00:00:00-04:00,2.380000114440918,2.4000000953674316,2.3299999237060547,2.4000000953674316,4100,0.0,0.0
2024-04-03 00:00:00-04:00,2.4000000953674316,2.4000000953674316,2.309999942779541,2.3299999237060547,6200,0.0,0.0
2024-04-04 00:00:00-04:00,2.4000000953674316,2.4000000953674316,2.25,2.2699999809265137,14300,0.0,0.0
2024-04-05 00:00:00-04:00,2.359999895095825,2.359999895095825,2.2300000190734863,2.25,4900,0.0,0.0
2024-04-08 00:00:00-04:00,2.4100000858306885,2.4100000858306885,2.200000047683716,2.200000047683716,10000,0.0,0.0
2024-04-09 00:00:00-04:00,2.2799999713897705,2.2799999713897705,2.0199999809265137,2.0999999046325684,21700,0.0,0.0
2024-04-10 00:00:00-04:00,2.1500000953674316,2.1500000953674316,2.0299999713897705,2.059999942779541,21900,0.0,0.0
2024-04-11 00:00:00-04:00,2.1500000953674316,2.259999990463257,2.0899999141693115,2.180000066757202,11300,0.0,0.0
2024-04-12 00:00:00-04:00,2.1600000858306885,2.194999933242798,2.0999999046325684,2.130000114440918,5300,0.0,0.0
2024-04-15 00:00:00-04:00,2.140000104904175,2.140000104904175,1.9500000476837158,2.015000104904175,15300,0.0,0.0
2024-04-16 00:00:00-04:00,1.9900000095367432,1.9900000095367432,1.8700000047683716,1.8839999437332153,8600,0.0,0.0
2024-04-17 00:00:00-04:00,1.8899999856948853,1.9199999570846558,1.7999999523162842,1.909999966621399,19700,0.0,0.0
2024-04-18 00:00:00-04:00,1.9700000286102295,2.1500000953674316,1.9600000381469727,2.0399999618530273,65200,0.0,0.0
2024-04-19 00:00:00-04:00,2.0250000953674316,2.0250000953674316,1.909999966621399,1.9600000381469727,18400,0.0,0.0
2024-04-22 00:00:00-04:00,1.9199999570846558,2.0,1.8700000047683716,1.9900000095367432,8300,0.0,0.0
2024-04-23 00:00:00-04:00,1.9199999570846558,1.9950000047683716,1.8899999856948853,1.909999966621399,16500,0.0,0.0
2024-04-24 00:00:00-04:00,1.9700000286102295,1.9900000095367432,1.850000023841858,1.8899999856948853,9500,0.0,0.0
2024-04-25 00:00:00-04:00,1.8200000524520874,1.899999976158142,1.809999942779541,1.8819999694824219,5700,0.0,0.0
2024-04-26 00:00:00-04:00,1.809999942779541,1.965999960899353,1.809999942779541,1.9600000381469727,12000,0.0,0.0
2024-04-29 00:00:00-04:00,1.8899999856948853,1.9149999618530273,1.7899999618530273,1.8200000524520874,10600,0.0,0.0
2024-04-30 00:00:00-04:00,1.8200000524520874,1.840000033378601,1.7999999523162842,1.8250000476837158,2300,0.0,0.0
2024-05-01 00:00:00-04:00,1.8339999914169312,1.8339999914169312,1.7999999523162842,1.8200000524520874,5400,0.0,0.0
2024-05-02 00:00:00-04:00,1.7999999523162842,1.840000033378601,1.7799999713897705,1.840000033378601,9700,0.0,0.0
2024-05-03 00:00:00-04:00,1.8600000143051147,1.940000057220459,1.850000023841858,1.8600000143051147,6800,0.0,0.0
2024-05-06 00:00:00-04:00,1.8700000047683716,1.899999976158142,1.809999942779541,1.8200000524520874,4800,0.0,0.0
2024-05-07 00:00:00-04:00,1.8509999513626099,2.0899999141693115,1.8509999513626099,2.009999990463257,43400,0.0,0.0
2024-05-08 00:00:00-04:00,1.9950000047683716,2.069999933242798,1.8700000047683716,1.8799999952316284,9900,0.0,0.0
2024-05-09 00:00:00-04:00,2.0390000343322754,2.0390000343322754,1.850000023841858,1.909999966621399,10700,0.0,0.0
2024-05-10 00:00:00-04:00,1.909999966621399,1.9199999570846558,1.899999976158142,1.899999976158142,800,0.0,0.0
2024-05-13 00:00:00-04:00,1.8519999980926514,1.9320000410079956,1.850000023841858,1.8899999856948853,2100,0.0,0.0
2024-05-14 00:00:00-04:00,1.840000033378601,1.9229999780654907,1.840000033378601,1.8700000047683716,9900,0.0,0.0
2024-05-15 00:00:00-04:00,1.9199999570846558,2.450000047683716,1.8899999856948853,2.0769999027252197,138000,0.0,0.0
2024-05-16 00:00:00-04:00,2.119999885559082,2.3889999389648438,2.069000005722046,2.109999895095825,40300,0.0,0.0
2024-05-17 00:00:00-04:00,2.2100000381469727,2.2100000381469727,2.0399999618530273,2.0399999618530273,45500,0.0,0.0
2024-05-20 00:00:00-04:00,2.0309998989105225,2.0999999046325684,1.8899999856948853,1.9500000476837158,51600,0.0,0.0
2024-05-21 00:00:00-04:00,1.9010000228881836,1.940000057220459,1.8300000429153442,1.909999966621399,13100,0.0,0.0
2024-05-22 00:00:00-04:00,1.899999976158142,1.9199999570846558,1.8600000143051147,1.9199999570846558,11600,0.0,0.0
2024-05-23 00:00:00-04:00,1.8949999809265137,2.369999885559082,1.8600000143051147,2.2899999618530273,66300,0.0,0.0
2024-05-24 00:00:00-04:00,2.2200000286102295,2.2200000286102295,2.0,2.200000047683716,29200,0.0,0.0
2024-05-28 00:00:00-04:00,2.049999952316284,2.2060000896453857,2.0399999618530273,2.190000057220459,5800,0.0,0.0
2024-05-29 00:00:00-04:00,2.117000102996826,2.299999952316284,2.117000102996826,2.2200000286102295,17500,0.0,0.0
2024-05-30 00:00:00-04:00,2.299999952316284,2.690000057220459,2.2200000286102295,2.4700000286102295,238500,0.0,0.0
2024-05-31 00:00:00-04:00,2.4600000381469727,2.549999952316284,2.130000114440918,2.2100000381469727,131600,0.0,0.0
2024-06-03 00:00:00-04:00,2.1700000762939453,2.2899999618530273,2.059999942779541,2.180000066757202,19000,0.0,0.0
2024-06-04 00:00:00-04:00,2.0899999141693115,2.256999969482422,2.0799999237060547,2.178999900817871,6000,0.0,0.0
2024-06-05 00:00:00-04:00,2.180000066757202,2.4000000953674316,2.131999969482422,2.309999942779541,41400,0.0,0.0
2024-06-06 00:00:00-04:00,2.259999990463257,2.450000047683716,2.240000009536743,2.247999906539917,14900,0.0,0.0
2024-06-07 00:00:00-04:00,2.450000047683716,2.450000047683716,2.200000047683716,2.259999990463257,18400,0.0,0.0
2024-06-10 00:00:00-04:00,2.2100000381469727,2.303999900817871,2.2100000381469727,2.240000009536743,10400,0.0,0.0
2024-06-11 00:00:00-04:00,2.240000009536743,2.319999933242798,2.180000066757202,2.200000047683716,3700,0.0,0.0
2024-06-12 00:00:00-04:00,2.2100000381469727,2.2200000286102295,2.1500000953674316,2.1500000953674316,12100,0.0,0.0
2024-06-13 00:00:00-04:00,2.1500000953674316,2.4100000858306885,2.130000114440918,2.1600000858306885,8700,0.0,0.0
2024-06-14 00:00:00-04:00,2.3399999141693115,2.3399999141693115,2.1500000953674316,2.1700000762939453,14900,0.0,0.0
2024-06-17 00:00:00-04:00,2.140000104904175,2.2149999141693115,2.109999895095825,2.140000104904175,16100,0.0,0.0
2024-06-18 00:00:00-04:00,2.180000066757202,2.244999885559082,2.0899999141693115,2.132999897003174,24700,0.0,0.0
2024-06-20 00:00:00-04:00,2.200000047683716,2.200000047683716,2.059999942779541,2.0899999141693115,5900,0.0,0.0
2024-06-21 00:00:00-04:00,2.0899999141693115,2.0899999141693115,2.0269999504089355,2.0399999618530273,5500,0.0,0.0
2024-06-24 00:00:00-04:00,2.0199999809265137,2.0799999237060547,2.0199999809265137,2.0799999237060547,4000,0.0,0.0
2024-06-25 00:00:00-04:00,2.0329999923706055,2.0850000381469727,2.0309998989105225,2.069999933242798,6500,0.0,0.0
2024-06-26 00:00:00-04:00,2.0999999046325684,2.130000114440918,2.069999933242798,2.069999933242798,16500,0.0,0.0
2024-06-27 00:00:00-04:00,2.200000047683716,2.200000047683716,2.0969998836517334,2.1500000953674316,2300,0.0,0.0
2024-06-28 00:00:00-04:00,2.062000036239624,2.140000104904175,1.940000057220459,1.940000057220459,8500,0.0,0.0
2024-07-01 00:00:00-04:00,2.0,2.0399999618530273,1.940000057220459,1.9900000095367432,5400,0.0,0.0
2024-07-02 00:00:00-04:00,1.9500000476837158,1.9700000286102295,1.9500000476837158,1.9500000476837158,6600,0.0,0.0
2024-07-03 00:00:00-04:00,1.9600000381469727,1.9600000381469727,1.9600000381469727,1.9600000381469727,600,0.0,0.0
2024-07-05 00:00:00-04:00,1.9500000476837158,1.9900000095367432,1.9290000200271606,1.9600000381469727,10500,0.0,0.0
2024-07-08 00:00:00-04:00,1.9600000381469727,1.968000054359436,1.9299999475479126,1.940000057220459,7600,0.0,0.0
2024-07-09 00:00:00-04:00,1.934000015258789,2.0399999618530273,1.899999976158142,1.9600000381469727,10600,0.0,0.0
2024-07-10 00:00:00-04:00,1.937999963760376,2.259999990463257,1.937999963760376,2.200000047683716,36100,0.0,0.0
2024-07-11 00:00:00-04:00,2.200000047683716,2.430000066757202,2.0999999046325684,2.299999952316284,2774900,0.0,0.0
2024-07-12 00:00:00-04:00,2.8399999141693115,3.9700000286102295,2.549999952316284,2.569999933242798,18384900,0.0,0.0
2024-07-15 00:00:00-04:00,2.5899999141693115,2.890000104904175,2.25,2.509999990463257,607200,0.0,0.0
2024-07-16 00:00:00-04:00,2.3399999141693115,3.0999999046325684,2.3399999141693115,3.0199999809265137,253700,0.0,0.0
2024-07-17 00:00:00-04:00,2.6600000858306885,3.0799999237060547,2.6600000858306885,2.759999990463257,86400,0.0,0.0
2024-07-18 00:00:00-04:00,2.7200000286102295,2.8499999046325684,2.5899999141693115,2.619999885559082,29400,0.0,0.0
2024-07-19 00:00:00-04:00,2.5899999141693115,2.619999885559082,2.3499999046325684,2.4800000190734863,37700,0.0,0.0
2024-07-22 00:00:00-04:00,2.0299999713897705,2.559999942779541,2.0299999713897705,2.4649999141693115,71700,0.0,0.0
2024-07-23 00:00:00-04:00,2.430000066757202,2.549999952316284,2.3499999046325684,2.549999952316284,14100,0.0,0.0
2024-07-24 00:00:00-04:00,2.4600000381469727,2.5299999713897705,2.299999952316284,2.380000114440918,26700,0.0,0.0
2024-07-25 00:00:00-04:00,2.3499999046325684,2.7699999809265137,2.3299999237060547,2.740000009536743,72400,0.0,0.0
2024-07-26 00:00:00-04:00,2.700000047683716,2.8499999046325684,2.5399999618530273,2.819999933242798,28100,0.0,0.0
2024-07-29 00:00:00-04:00,2.819999933242798,2.819999933242798,2.500999927520752,2.609999895095825,16400,0.0,0.0
2024-07-30 00:00:00-04:00,2.7200000286102295,2.7200000286102295,2.5199999809265137,2.700000047683716,11400,0.0,0.0
2024-07-31 00:00:00-04:00,2.7699999809265137,2.7799999713897705,2.5399999618530273,2.6600000858306885,33500,0.0,0.0
2024-08-01 00:00:00-04:00,2.6700000762939453,2.7750000953674316,2.5199999809265137,2.569999933242798,5800,0.0,0.0
2024-08-02 00:00:00-04:00,2.549999952316284,2.6029999256134033,2.380000114440918,2.380000114440918,10100,0.0,0.0
2024-08-05 00:00:00-04:00,2.3399999141693115,2.3399999141693115,2.0999999046325684,2.1500000953674316,29400,0.0,0.0
2024-08-06 00:00:00-04:00,2.200000047683716,2.549999952316284,2.049999952316284,2.0899999141693115,5100,0.0,0.0
2024-08-07 00:00:00-04:00,2.119999885559082,2.200000047683716,2.0320000648498535,2.140000104904175,19300,0.0,0.0
2024-08-08 00:00:00-04:00,2.130000114440918,2.130000114440918,2.058000087738037,2.059999942779541,6500,0.0,0.0
2024-08-09 00:00:00-04:00,2.069999933242798,2.3399999141693115,2.069999933242798,2.190000057220459,21400,0.0,0.0
2024-08-12 00:00:00-04:00,2.2100000381469727,2.2730000019073486,2.0999999046325684,2.190000057220459,3800,0.0,0.0
2024-08-13 00:00:00-04:00,2.2899999618530273,2.3399999141693115,2.119999885559082,2.194999933242798,149000,0.0,0.0
2024-08-14 00:00:00-04:00,2.0889999866485596,2.1659998893737793,1.899999976158142,1.975000023841858,35500,0.0,0.0
2024-08-15 00:00:00-04:00,1.9730000495910645,2.0999999046325684,1.9730000495910645,2.0329999923706055,7400,0.0,0.0
2024-08-16 00:00:00-04:00,2.009999990463257,2.1500000953674316,2.009999990463257,2.0799999237060547,5200,0.0,0.0
2024-08-19 00:00:00-04:00,2.0299999713897705,2.059999942779541,2.0299999713897705,2.0399999618530273,2600,0.0,0.0
2024-08-20 00:00:00-04:00,2.119999885559082,2.13700008392334,2.059999942779541,2.075000047683716,6400,0.0,0.0
2024-08-21 00:00:00-04:00,2.0999999046325684,2.119999885559082,2.049999952316284,2.0999999046325684,9900,0.0,0.0
2024-08-22 00:00:00-04:00,2.190000057220459,2.190000057220459,2.059999942779541,2.059999942779541,5500,0.0,0.0
2024-08-23 00:00:00-04:00,2.069999933242798,2.180000066757202,2.049999952316284,2.069999933242798,16800,0.0,0.0
2024-08-26 00:00:00-04:00,2.0999999046325684,2.2100000381469727,1.9240000247955322,2.0480000972747803,11300,0.0,0.0
2024-08-27 00:00:00-04:00,2.0299999713897705,2.130000114440918,2.0,2.049999952316284,3900,0.0,0.0
2024-08-28 00:00:00-04:00,2.0399999618530273,2.1700000762939453,2.0,2.0999999046325684,8200,0.0,0.0
2024-08-29 00:00:00-04:00,2.140000104904175,2.140000104904175,2.0399999618530273,2.069999933242798,14100,0.0,0.0
2024-08-30 00:00:00-04:00,2.059999942779541,2.1500000953674316,2.0399999618530273,2.071000099182129,5200,0.0,0.0
2024-09-03 00:00:00-04:00,2.0399999618530273,2.0999999046325684,2.0399999618530273,2.0899999141693115,10700,0.0,0.0
2024-09-04 00:00:00-04:00,2.0399999618530273,2.0999999046325684,2.0399999618530273,2.069999933242798,5600,0.0,0.0
2024-09-05 00:00:00-04:00,2.0999999046325684,2.109999895095825,2.059999942779541,2.075000047683716,3500,0.0,0.0
2024-09-06 00:00:00-04:00,2.0799999237060547,2.109999895095825,2.0399999618530273,2.0399999618530273,4100,0.0,0.0
2024-09-09 00:00:00-04:00,2.049999952316284,2.0999999046325684,2.049999952316284,2.049999952316284,3300,0.0,0.0
2024-09-10 00:00:00-04:00,2.0799999237060547,2.450000047683716,2.0799999237060547,2.319999933242798,33800,0.0,0.0
2024-09-11 00:00:00-04:00,2.2799999713897705,2.3299999237060547,2.0999999046325684,2.200000047683716,12500,0.0,0.0
2024-09-12 00:00:00-04:00,2.200000047683716,2.2899999618530273,2.0899999141693115,2.0899999141693115,9200,0.0,0.0
2024-09-13 00:00:00-04:00,2.0899999141693115,2.190000057220459,2.0899999141693115,2.190000057220459,900,0.0,0.0
2024-09-16 00:00:00-04:00,2.25,2.25,2.1489999294281006,2.190000057220459,6700,0.0,0.0
2024-09-17 00:00:00-04:00,2.130000114440918,2.200000047683716,2.0899999141693115,2.114000082015991,8100,0.0,0.0
2024-09-18 00:00:00-04:00,2.140000104904175,2.1500000953674316,2.0999999046325684,2.1500000953674316,11700,0.0,0.0
2024-09-19 00:00:00-04:00,2.0910000801086426,2.180000066757202,2.0899999141693115,2.180000066757202,6200,0.0,0.0
2024-09-20 00:00:00-04:00,2.119999885559082,2.25,2.0899999141693115,2.0899999141693115,13800,0.0,0.0
2024-09-23 00:00:00-04:00,2.0899999141693115,2.119999885559082,2.059999942779541,2.0799999237060547,6500,0.0,0.0
2024-09-24 00:00:00-04:00,2.0799999237060547,2.180000066757202,2.0799999237060547,2.0799999237060547,19400,0.0,0.0
2024-09-25 00:00:00-04:00,2.134999990463257,2.134999990463257,2.0899999141693115,2.130000114440918,1700,0.0,0.0
2024-09-26 00:00:00-04:00,2.0999999046325684,2.4200000762939453,2.0999999046325684,2.2200000286102295,43300,0.0,0.0
2024-09-27 00:00:00-04:00,2.2100000381469727,2.319999933242798,2.200000047683716,2.200000047683716,1600,0.0,0.0
2024-09-30 00:00:00-04:00,2.259999990463257,2.4700000286102295,2.25,2.3299999237060547,60000,0.0,0.0
2024-10-01 00:00:00-04:00,2.309999942779541,2.4779999256134033,2.109999895095825,2.2899999618530273,28200,0.0,0.0
2024-10-02 00:00:00-04:00,2.240000009536743,2.686000108718872,2.190000057220459,2.450000047683716,84200,0.0,0.0
2024-10-03 00:00:00-04:00,2.309999942779541,2.440000057220459,2.180000066757202,2.25,17400,0.0,0.0
2024-10-04 00:00:00-04:00,2.365000009536743,2.365000009536743,2.2200000286102295,2.25,9600,0.0,0.0
2024-10-07 00:00:00-04:00,2.240000009536743,2.365000009536743,2.240000009536743,2.3299999237060547,16200,0.0,0.0
2024-10-08 00:00:00-04:00,2.299999952316284,2.299999952316284,2.2300000190734863,2.299999952316284,8900,0.0,0.0
2024-10-09 00:00:00-04:00,2.2699999809265137,2.309999942779541,2.0999999046325684,2.190000057220459,18500,0.0,0.0
2024-10-10 00:00:00-04:00,2.200000047683716,2.259999990463257,2.109999895095825,2.130000114440918,11100,0.0,0.0
2024-10-11 00:00:00-04:00,2.1500000953674316,2.1589999198913574,2.0999999046325684,2.119999885559082,5300,0.0,0.0
2024-10-14 00:00:00-04:00,2.2669999599456787,2.2669999599456787,2.119999885559082,2.119999885559082,4300,0.0,0.0
2024-10-15 00:00:00-04:00,2.130000114440918,2.1540000438690186,2.069999933242798,2.0799999237060547,31900,0.0,0.0
2024-10-16 00:00:00-04:00,2.0899999141693115,2.1600000858306885,2.0799999237060547,2.1500000953674316,5400,0.0,0.0
2024-10-17 00:00:00-04:00,2.190000057220459,2.25,2.1600000858306885,2.25,11100,0.0,0.0
2024-10-18 00:00:00-04:00,2.200000047683716,2.25,2.109999895095825,2.25,4800,0.0,0.0
2024-10-21 00:00:00-04:00,2.1500000953674316,2.240000009536743,2.1500000953674316,2.2300000190734863,3800,0.0,0.0
2024-10-22 00:00:00-04:00,2.1700000762939453,2.3299999237060547,2.1700000762939453,2.2300000190734863,18000,0.0,0.0
2024-10-23 00:00:00-04:00,2.2799999713897705,2.380000114440918,2.2100000381469727,2.380000114440918,7400,0.0,0.0
2024-10-24 00:00:00-04:00,2.2880001068115234,2.390000104904175,2.240000009536743,2.3299999237060547,10600,0.0,0.0
2024-10-25 00:00:00-04:00,2.240000009536743,2.3299999237060547,2.240000009536743,2.319999933242798,3700,0.0,0.0
2024-10-28 00:00:00-04:00,2.2100000381469727,2.309999942779541,2.130000114440918,2.255000114440918,5300,0.0,0.0
2024-10-29 00:00:00-04:00,2.1500000953674316,2.244999885559082,2.1500000953674316,2.1700000762939453,3900,0.0,0.0
2024-10-30 00:00:00-04:00,2.1600000858306885,2.200000047683716,2.140000104904175,2.1600000858306885,11700,0.0,0.0
2024-10-31 00:00:00-04:00,2.190000057220459,2.240000009536743,2.125999927520752,2.184999942779541,17200,0.0,0.0
2024-11-01 00:00:00-04:00,2.140000104904175,2.1700000762939453,2.130000114440918,2.130000114440918,2200,0.0,0.0
2024-11-04 00:00:00-05:00,2.2060000896453857,2.2060000896453857,2.130000114440918,2.180000066757202,7800,0.0,0.0
2024-11-05 00:00:00-05:00,2.131999969482422,2.131999969482422,2.119999885559082,2.119999885559082,3100,0.0,0.0
2024-11-06 00:00:00-05:00,2.1549999713897705,2.1549999713897705,2.069999933242798,2.0999999046325684,4300,0.0,0.0
2024-11-07 00:00:00-05:00,2.069999933242798,2.190000057220459,2.069999933242798,2.119999885559082,11400,0.0,0.0
2024-11-08 00:00:00-05:00,2.180000066757202,2.180000066757202,2.069999933242798,2.0899999141693115,13900,0.0,0.0
2024-11-11 00:00:00-05:00,2.0399999618530273,2.119999885559082,1.9199999570846558,2.0,12200,0.0,0.0
2024-11-12 00:00:00-05:00,2.0,2.059999942779541,1.940000057220459,1.9800000190734863,11900,0.0,0.0
2024-11-13 00:00:00-05:00,2.0,2.058000087738037,1.9600000381469727,2.005000114440918,6600,0.0,0.0
2024-11-14 00:00:00-05:00,1.9500000476837158,2.0399999618530273,1.9500000476837158,2.0,6400,0.0,0.0
2024-11-15 00:00:00-05:00,1.9500000476837158,1.965000033378601,1.871000051498413,1.9320000410079956,12600,0.0,0.0
2024-11-18 00:00:00-05:00,1.8700000047683716,1.9160000085830688,1.8700000047683716,1.8799999952316284,3200,0.0,0.0
2024-11-19 00:00:00-05:00,1.8700000047683716,1.8899999856948853,1.840000033378601,1.8600000143051147,6600,0.0,0.0
2024-11-20 00:00:00-05:00,1.899999976158142,1.9459999799728394,1.8600000143051147,1.940000057220459,5200,0.0,0.0
2024-11-21 00:00:00-05:00,1.9500000476837158,1.9850000143051147,1.9320000410079956,1.9850000143051147,3300,0.0,0.0
2024-11-22 00:00:00-05:00,1.9019999504089355,2.0,1.9019999504089355,1.909999966621399,3600,0.0,0.0
2024-11-25 00:00:00-05:00,1.9500000476837158,1.9500000476837158,1.8600000143051147,1.909999966621399,5600,0.0,0.0
2024-11-26 00:00:00-05:00,1.9500000476837158,1.9500000476837158,1.9500000476837158,1.9500000476837158,800,0.0,0.0
2024-11-27 00:00:00-05:00,1.9780000448226929,1.9900000095367432,1.909999966621399,1.9900000095367432,7900,0.0,0.0
2024-11-29 00:00:00-05:00,1.9950000047683716,2.049999952316284,1.940999984741211,2.0439999103546143,2900,0.0,0.0
2024-12-02 00:00:00-05:00,1.965999960899353,2.075000047683716,1.9600000381469727,2.009999990463257,8300,0.0,0.0
2024-12-03 00:00:00-05:00,1.9500000476837158,2.1019999980926514,1.9500000476837158,2.0,10200,0.0,0.0
2024-12-04 00:00:00-05:00,2.0,2.0380001068115234,1.909999966621399,1.9559999704360962,6200,0.0,0.0
2024-12-05 00:00:00-05:00,1.9520000219345093,2.005000114440918,1.909999966621399,1.9420000314712524,9600,0.0,0.0
2024-12-06 00:00:00-05:00,1.9199999570846558,2.0,1.9199999570846558,1.9600000381469727,4700,0.0,0.0
2024-12-09 00:00:00-05:00,2.0,2.200000047683716,1.9700000286102295,2.0160000324249268,53800,0.0,0.0
2024-12-10 00:00:00-05:00,2.0199999809265137,2.0999999046325684,1.9800000190734863,1.9800000190734863,8500,0.0,0.0
2024-12-11 00:00:00-05:00,1.9850000143051147,1.9900000095367432,1.9199999570846558,1.9199999570846558,16000,0.0,0.0
2024-12-12 00:00:00-05:00,1.9600000381469727,1.9700000286102295,1.8799999952316284,1.9600000381469727,12200,0.0,0.0
2024-12-13 00:00:00-05:00,1.9600000381469727,1.9700000286102295,1.9299999475479126,1.9700000286102295,4500,0.0,0.0
2024-12-16 00:00:00-05:00,1.9800000190734863,1.9800000190734863,1.8899999856948853,1.8910000324249268,2400,0.0,0.0
2024-12-17 00:00:00-05:00,1.909999966621399,1.909999966621399,1.871000051498413,1.871000051498413,2400,0.0,0.0
2024-12-18 00:00:00-05:00,1.8849999904632568,1.9359999895095825,1.850000023841858,1.850000023841858,6100,0.0,0.0
2024-12-19 00:00:00-05:00,1.8899999856948853,1.9600000381469727,1.8700000047683716,1.9500000476837158,11900,0.0,0.0
2024-12-20 00:00:00-05:00,1.9500000476837158,1.9730000495910645,1.9249999523162842,1.9730000495910645,8400,0.0,0.0
2024-12-23 00:00:00-05:00,1.9500000476837158,1.9780000448226929,1.899999976158142,1.9199999570846558,10200,0.0,0.0
2024-12-24 00:00:00-05:00,1.899999976158142,3.515000104904175,1.649999976158142,2.0,2350000,0.0,0.0
2024-12-26 00:00:00-05:00,2.059999942779541,2.2899999618530273,2.0199999809265137,2.059999942779541,489400,0.0,0.0
2024-12-27 00:00:00-05:00,2.0199999809265137,2.130000114440918,1.7999999523162842,1.840000033378601,95100,0.0,0.0
2024-12-30 00:00:00-05:00,1.8200000524520874,1.9830000400543213,1.8200000524520874,1.9119999408721924,58400,0.0,0.0
2024-12-31 00:00:00-05:00,1.9550000429153442,1.9550000429153442,1.809999942779541,1.809999942779541,72200,0.0,0.0
2025-01-02 00:00:00-05:00,1.7999999523162842,1.9299999475479126,1.7999999523162842,1.8700000047683716,34900,0.0,0.0
2025-01-03 00:00:00-05:00,1.9199999570846558,1.9600000381469727,1.850000023841858,1.9299999475479126,10300,0.0,0.0
2025-01-06 00:00:00-05:00,1.9429999589920044,2.009999990463257,1.9270000457763672,1.9500000476837158,16700,0.0,0.0
2025-01-07 00:00:00-05:00,1.8960000276565552,1.940000057220459,1.8819999694824219,1.9199999570846558,15900,0.0,0.0
2025-01-08 00:00:00-05:00,1.8960000276565552,1.8990000486373901,1.8200000524520874,1.8700000047683716,25900,0.0,0.0
2025-01-10 00:00:00-05:00,1.8200000524520874,1.8250000476837158,1.649999976158142,1.809999942779541,40600,0.0,0.0
2025-01-13 00:00:00-05:00,1.7999999523162842,1.809999942779541,1.690000057220459,1.774999976158142,5500,0.0,0.0
2025-01-14 00:00:00-05:00,1.7899999618530273,1.8200000524520874,1.7200000286102295,1.7300000190734863,7300,0.0,0.0
2025-01-15 00:00:00-05:00,1.850000023841858,1.909999966621399,1.7519999742507935,1.8899999856948853,54400,0.0,0.0
2025-01-16 00:00:00-05:00,1.850000023841858,1.8600000143051147,1.7699999809265137,1.840000033378601,9400,0.0,0.0
2025-01-17 00:00:00-05:00,1.8519999980926514,1.8899999856948853,1.7999999523162842,1.850000023841858,11600,0.0,0.0
2025-01-21 00:00:00-05:00,1.850000023841858,1.9800000190734863,1.840000033378601,1.8559999465942383,32500,0.0,0.0
2025-01-22 00:00:00-05:00,1.899999976158142,2.190999984741211,1.899999976158142,2.1600000858306885,155300,0.0,0.0
2025-01-23 00:00:00-05:00,2.119999885559082,2.180000066757202,1.850000023841858,1.850000023841858,99900,0.0,0.0
2025-01-24 00:00:00-05:00,1.850000023841858,2.130000114440918,1.8020000457763672,2.119999885559082,44100,0.0,0.0
2025-01-27 00:00:00-05:00,2.069999933242798,2.0999999046325684,1.899999976158142,1.899999976158142,47800,0.0,0.0
2025-01-28 00:00:00-05:00,2.065000057220459,3.3499999046325684,1.7999999523162842,1.840000033378601,7565900,0.0,0.0
2025-01-29 00:00:00-05:00,1.8300000429153442,1.8899999856948853,1.7300000190734863,1.8200000524520874,259100,0.0,0.0
2025-01-30 00:00:00-05:00,1.7899999618530273,1.840000033378601,1.649999976158142,1.7400000095367432,166500,0.0,0.0
2025-01-31 00:00:00-05:00,1.7209999561309814,2.069999933242798,1.7209999561309814,1.9199999570846558,171600,0.0,0.0
2025-02-03 00:00:00-05:00,1.8600000143051147,1.8600000143051147,1.6699999570846558,1.850000023841858,97700,0.0,0.0
2025-02-04 00:00:00-05:00,1.809999942779541,1.9600000381469727,1.7999999523162842,1.899999976158142,46000,0.0,0.0
2025-02-05 00:00:00-05:00,1.8799999952316284,1.8799999952316284,1.7300000190734863,1.8200000524520874,34700,0.0,0.0
2025-02-06 00:00:00-05:00,1.8450000286102295,1.8650000095367432,1.809999942779541,1.8300000429153442,20000,0.0,0.0
2025-02-07 00:00:00-05:00,1.8300000429153442,1.9199999570846558,1.8240000009536743,1.9199999570846558,17800,0.0,0.0
2025-02-10 00:00:00-05:00,1.8899999856948853,1.9500000476837158,1.8600000143051147,1.9170000553131104,17000,0.0,0.0
2025-02-11 00:00:00-05:00,1.8700000047683716,1.9600000381469727,1.8700000047683716,1.9600000381469727,11900,0.0,0.0
2025-02-12 00:00:00-05:00,1.909999966621399,1.9259999990463257,1.899999976158142,1.9199999570846558,5000,0.0,0.0
2025-02-13 00:00:00-05:00,1.9010000228881836,1.909999966621399,1.850000023841858,1.8550000190734863,6900,0.0,0.0
2025-02-14 00:00:00-05:00,1.8600000143051147,1.8600000143051147,1.809999942779541,1.8300000429153442,5800,0.0,0.0
2025-02-18 00:00:00-05:00,1.7699999809265137,1.8339999914169312,1.753000020980835,1.753000020980835,8700,0.0,0.0
2025-02-19 00:00:00-05:00,1.7510000467300415,1.7799999713897705,1.7100000381469727,1.7799999713897705,9700,0.0,0.0
2025-02-20 00:00:00-05:00,1.7549999952316284,1.9359999895095825,1.7549999952316284,1.9199999570846558,32700,0.0,0.0
2025-02-21 00:00:00-05:00,1.899999976158142,1.9900000095367432,1.850000023841858,1.8700000047683716,39500,0.0,0.0
2025-02-24 00:00:00-05:00,1.8700000047683716,1.8960000276565552,1.8250000476837158,1.843000054359436,30200,0.0,0.0
2025-02-25 00:00:00-05:00,1.8899999856948853,1.9500000476837158,1.8329999446868896,1.8329999446868896,31100,0.0,0.0
2025-02-26 00:00:00-05:00,1.8350000381469727,1.8799999952316284,1.8350000381469727,1.8700000047683716,5400,0.0,0.0
2025-02-27 00:00:00-05:00,1.850000023841858,1.9589999914169312,1.8300000429153442,1.840000033378601,37600,0.0,0.0
2025-02-28 00:00:00-05:00,1.8450000286102295,1.9600000381469727,1.8300000429153442,1.8980000019073486,44500,0.0,0.0
2025-03-03 00:00:00-05:00,1.940000057220459,1.940000057220459,1.850000023841858,1.899999976158142,8500,0.0,0.0
2025-03-04 00:00:00-05:00,1.8600000143051147,1.8700000047683716,1.7519999742507935,1.7929999828338623,14700,0.0,0.0
2025-03-05 00:00:00-05:00,1.8300000429153442,1.9290000200271606,1.8029999732971191,1.9170000553131104,15300,0.0,0.0
2025-03-06 00:00:00-05:00,1.8300000429153442,1.9199999570846558,1.8300000429153442,1.840000033378601,5500,0.0,0.0
2025-03-07 00:00:00-05:00,1.9199999570846558,1.9199999570846558,1.902999997138977,1.909999966621399,1800,0.0,0.0
2025-03-10 00:00:00-04:00,1.9199999570846558,1.9199999570846558,1.7999999523162842,1.7999999523162842,15000,0.0,0.0
2025-03-11 00:00:00-04:00,1.7999999523162842,1.8229999542236328,1.7699999809265137,1.7899999618530273,27900,0.0,0.0
2025-03-12 00:00:00-04:00,1.7899999618530273,1.8799999952316284,1.7699999809265137,1.8799999952316284,3600,0.0,0.0
2025-03-13 00:00:00-04:00,1.8300000429153442,1.8799999952316284,1.809999942779541,1.8700000047683716,10000,0.0,0.0
2025-03-14 00:00:00-04:00,1.899999976158142,1.9290000200271606,1.850000023841858,1.8969999551773071,15100,0.0,0.0
2025-03-17 00:00:00-04:00,1.8869999647140503,1.9600000381469727,1.850000023841858,1.8799999952316284,53300,0.0,0.0
2025-03-18 00:00:00-04:00,1.8899999856948853,1.9199999570846558,1.8799999952316284,1.899999976158142,14700,0.0,0.0
2025-03-19 00:00:00-04:00,1.8619999885559082,1.8899999856948853,1.7999999523162842,1.8799999952316284,13800,0.0,0.0
2025-03-20 00:00:00-04:00,1.850000023841858,1.8700000047683716,1.8389999866485596,1.840000033378601,2800,0.0,0.0
2025-03-21 00:00:00-04:00,1.7799999713897705,1.840000033378601,1.7799999713897705,1.809999942779541,4400,0.0,0.0
2025-03-24 00:00:00-04:00,1.8700000047683716,1.8700000047683716,1.7999999523162842,1.8669999837875366,11400,0.0,0.0
2025-03-25 00:00:00-04:00,1.8630000352859497,1.8669999837875366,1.809999942779541,1.8669999837875366,4800,0.0,0.0
2025-03-26 00:00:00-04:00,1.8799999952316284,1.8799999952316284,1.8300000429153442,1.8300000429153442,12900,0.0,0.0
2025-03-27 00:00:00-04:00,1.840000033378601,1.909000039100647,1.8300000429153442,1.8969999551773071,9500,0.0,0.0
2025-03-28 00:00:00-04:00,1.840000033378601,1.850000023841858,1.7699999809265137,1.7899999618530273,18100,0.0,0.0
2025-03-31 00:00:00-04:00,1.7899999618530273,1.8170000314712524,1.7899999618530273,1.7999999523162842,900,0.0,0.0
2025-04-01 00:00:00-04:00,1.809999942779541,1.8300000429153442,1.809999942779541,1.8300000429153442,2800,0.0,0.0
2025-04-02 00:00:00-04:00,1.8300000429153442,1.850000023841858,1.7990000247955322,1.7999999523162842,11900,0.0,0.0
2025-04-03 00:00:00-04:00,1.7699999809265137,1.7999999523162842,1.7100000381469727,1.7100000381469727,22300,0.0,0.0
2025-04-04 00:00:00-04:00,1.7000000476837158,1.7000000476837158,1.5700000524520874,1.600000023841858,21800,0.0,0.0
2025-04-07 00:00:00-04:00,1.600000023841858,1.6510000228881836,1.5399999618530273,1.5399999618530273,28800,0.0,0.0
2025-04-08 00:00:00-04:00,1.559999942779541,1.5950000286102295,1.4249999523162842,1.4500000476837158,13600,0.0,0.0
2025-04-09 00:00:00-04:00,1.496999979019165,1.690000057220459,1.496999979019165,1.6399999856948853,57000,0.0,0.0
2025-04-10 00:00:00-04:00,1.6200000047683716,1.6200000047683716,1.5499999523162842,1.5499999523162842,4700,0.0,0.0
2025-04-11 00:00:00-04:00,1.5499999523162842,1.6299999952316284,1.5499999523162842,1.6299999952316284,6000,0.0,0.0
2025-04-14 00:00:00-04:00,1.600000023841858,1.7000000476837158,1.600000023841858,1.690000057220459,4600,0.0,0.0
2025-04-15 00:00:00-04:00,1.690000057220459,1.7200000286102295,1.649999976158142,1.649999976158142,6300,0.0,0.0
2025-04-16 00:00:00-04:00,1.7200000286102295,1.7200000286102295,1.625,1.625,2100,0.0,0.0
2025-04-17 00:00:00-04:00,1.625,1.6799999475479126,1.6100000143051147,1.6660000085830688,3400,0.0,0.0
2025-04-21 00:00:00-04:00,1.6349999904632568,1.6610000133514404,1.600000023841858,1.6490000486373901,2600,0.0,0.0
2025-04-22 00:00:00-04:00,1.6399999856948853,1.6490000486373901,1.6039999723434448,1.6100000143051147,1500,0.0,0.0
2025-04-23 00:00:00-04:00,1.5499999523162842,1.7699999809265137,1.5499999523162842,1.659999966621399,189400,0.0,0.0
2025-04-24 00:00:00-04:00,1.659999966621399,1.7000000476837158,1.659999966621399,1.6799999475479126,10300,0.0,0.0
2025-04-25 00:00:00-04:00,1.649999976158142,1.7000000476837158,1.649999976158142,1.690000057220459,3300,0.0,0.0
2025-04-28 00:00:00-04:00,1.7000000476837158,1.7400000095367432,1.6799999475479126,1.7400000095367432,19300,0.0,0.0
2025-04-29 00:00:00-04:00,1.7300000190734863,1.7300000190734863,1.6200000047683716,1.690000057220459,22200,0.0,0.0
2025-04-30 00:00:00-04:00,1.6799999475479126,1.7100000381469727,1.6200000047683716,1.6799999475479126,7400,0.0,0.0
2025-05-01 00:00:00-04:00,1.6699999570846558,1.6699999570846558,1.628999948501587,1.628999948501587,300,0.0,0.0
2025-05-02 00:00:00-04:00,1.63100004196167,1.7200000286102295,1.63100004196167,1.649999976158142,4800,0.0,0.0
2025-05-05 00:00:00-04:00,1.7000000476837158,1.7000000476837158,1.6349999904632568,1.6799999475479126,2400,0.0,0.0
2025-05-06 00:00:00-04:00,1.6299999952316284,1.6699999570846558,1.6200000047683716,1.6200000047683716,3400,0.0,0.0
2025-05-07 00:00:00-04:00,1.6399999856948853,1.7000000476837158,1.6230000257492065,1.7000000476837158,27900,0.0,0.0
2025-05-08 00:00:00-04:00,1.7000000476837158,1.7589999437332153,1.6699999570846558,1.7300000190734863,35400,0.0,0.0
2025-05-09 00:00:00-04:00,1.7000000476837158,1.75,1.690000057220459,1.7489999532699585,8700,0.0,0.0
2025-05-12 00:00:00-04:00,1.75,2.130000114440918,1.7400000095367432,1.9199999570846558,239700,0.0,0.0
2025-05-13 00:00:00-04:00,1.8799999952316284,1.9299999475479126,1.7899999618530273,1.899999976158142,76000,0.0,0.0
2025-05-14 00:00:00-04:00,1.8200000524520874,1.8200000524520874,1.649999976158142,1.7200000286102295,65400,0.0,0.0
2025-05-15 00:00:00-04:00,1.6799999475479126,1.7070000171661377,1.6799999475479126,1.690000057220459,4100,0.0,0.0
2025-05-16 00:00:00-04:00,1.7860000133514404,1.7860000133514404,1.725000023841858,1.75,5000,0.0,0.0
2025-05-19 00:00:00-04:00,1.7300000190734863,1.8200000524520874,1.7300000190734863,1.7899999618530273,2600,0.0,0.0
2025-05-20 00:00:00-04:00,1.7339999675750732,1.7899999618530273,1.7339999675750732,1.7899999618530273,1300,0.0,0.0
2025-05-21 00:00:00-04:00,1.753999948501587,1.7699999809265137,1.7100000381469727,1.7699999809265137,1700,0.0,0.0
2025-05-22 00:00:00-04:00,1.7549999952316284,1.7599999904632568,1.7120000123977661,1.7450000047683716,4000,0.0,0.0
2025-05-23 00:00:00-04:00,1.75,1.75,1.6799999475479126,1.7000000476837158,3300,0.0,0.0
2025-05-27 00:00:00-04:00,1.659999966621399,1.7000000476837158,1.659999966621399,1.690000057220459,3800,0.0,0.0
2025-05-28 00:00:00-04:00,1.6799999475479126,1.7300000190734863,1.659999966621399,1.7300000190734863,1700,0.0,0.0
2025-05-29 00:00:00-04:00,1.7000000476837158,1.7599999904632568,1.690000057220459,1.7000000476837158,5500,0.0,0.0
2025-05-30 00:00:00-04:00,1.7319999933242798,1.7419999837875366,1.659999966621399,1.659999966621399,1800,0.0,0.0
2025-06-02 00:00:00-04:00,1.6799999475479126,1.75,1.6799999475479126,1.7000000476837158,800,0.0,0.0
2025-06-03 00:00:00-04:00,1.684000015258789,1.7200000286102295,1.6799999475479126,1.6799999475479126,3500,0.0,0.0
2025-06-04 00:00:00-04:00,1.6799999475479126,1.75,1.659999966621399,1.6799999475479126,4100,0.0,0.0
2025-06-05 00:00:00-04:00,1.6699999570846558,1.7699999809265137,1.6699999570846558,1.7699999809265137,11200,0.0,0.0
2025-06-06 00:00:00-04:00,1.75,1.850000023841858,1.75,1.840000033378601,8800,0.0,0.0
2025-06-09 00:00:00-04:00,1.7699999809265137,1.840000033378601,1.7699999809265137,1.7699999809265137,6100,0.0,0.0
2025-06-10 00:00:00-04:00,1.8339999914169312,1.8339999914169312,1.7699999809265137,1.7999999523162842,4100,0.0,0.0
2025-06-11 00:00:00-04:00,1.809999942779541,1.940000057220459,1.809999942779541,1.8849999904632568,20500,0.0,0.0
2025-06-12 00:00:00-04:00,1.809999942779541,1.8919999599456787,1.7699999809265137,1.850000023841858,11300,0.0,0.0
2025-06-13 00:00:00-04:00,1.899999976158142,1.899999976158142,1.7999999523162842,1.840000033378601,13100,0.0,0.0
2025-06-16 00:00:00-04:00,1.8600000143051147,1.8600000143051147,1.809999942779541,1.812000036239624,9200,0.0,0.0
2025-06-17 00:00:00-04:00,1.809999942779541,1.809999942779541,1.684000015258789,1.75,8900,0.0,0.0
2025-06-18 00:00:00-04:00,1.7139999866485596,1.7200000286102295,1.690000057220459,1.7200000286102295,2800,0.0,0.0
2025-06-20 00:00:00-04:00,1.6699999570846558,1.7899999618530273,1.6699999570846558,1.7899999618530273,1700,0.0,0.0
2025-06-23 00:00:00-04:00,1.8639999628067017,1.8639999628067017,1.75,1.7799999713897705,5900,0.0,0.0
2025-06-24 00:00:00-04:00,1.7699999809265137,1.9199999570846558,1.7699999809265137,1.899999976158142,4700,0.0,0.0
2025-06-25 00:00:00-04:00,1.809999942779541,1.8899999856948853,1.809999942779541,1.8899999856948853,7100,0.0,0.0
2025-06-26 00:00:00-04:00,1.8799999952316284,1.8799999952316284,1.8200000524520874,1.840000033378601,2300,0.0,0.0
2025-06-27 00:00:00-04:00,1.809999942779541,1.850000023841858,1.809999942779541,1.850000023841858,1500,0.0,0.0
2025-06-30 00:00:00-04:00,1.7799999713897705,1.8600000143051147,1.7699999809265137,1.840000033378601,2600,0.0,0.0
2025-07-01 00:00:00-04:00,1.7599999904632568,1.850000023841858,1.7599999904632568,1.809999942779541,5800,0.0,0.0
2025-07-02 00:00:00-04:00,1.8650000095367432,1.8650000095367432,1.8200000524520874,1.840000033378601,1900,0.0,0.0
2025-07-03 00:00:00-04:00,1.8700000047683716,2.0,1.850000023841858,1.9249999523162842,21700,0.0,0.0
2025-07-07 00:00:00-04:00,1.850000023841858,1.9900000095367432,1.850000023841858,1.9299999475479126,9900,0.0,0.0
2025-07-08 00:00:00-04:00,1.8669999837875366,2.009999990463257,1.8669999837875366,1.9700000286102295,21900,0.0,0.0
2025-07-09 00:00:00-04:00,2.0399999618530273,2.130000114440918,1.9800000190734863,2.049999952316284,13700,0.0,0.0
2025-07-10 00:00:00-04:00,2.069999933242798,2.069999933242798,1.9019999504089355,1.9450000524520874,19900,0.0,0.0
2025-07-11 00:00:00-04:00,1.9500000476837158,2.0,1.9149999618530273,1.940000057220459,5000,0.0,0.0
2025-07-14 00:00:00-04:00,1.9500000476837158,2.0,1.9500000476837158,1.9700000286102295,6200,0.0,0.0
2025-07-15 00:00:00-04:00,1.9700000286102295,2.0799999237060547,1.9700000286102295,2.009999990463257,11200,0.0,0.0
2025-07-16 00:00:00-04:00,2.0199999809265137,2.0199999809265137,1.9299999475479126,1.940000057220459,6000,0.0,0.0
2025-07-17 00:00:00-04:00,1.9600000381469727,1.9800000190734863,1.9500000476837158,1.9500000476837158,3800,0.0,0.0
2025-07-18 00:00:00-04:00,1.9299999475479126,1.9299999475479126,1.9299999475479126,1.9299999475479126,1700,0.0,0.0
2025-07-21 00:00:00-04:00,1.9299999475479126,1.940000057220459,1.899999976158142,1.9199999570846558,5600,0.0,0.0
2025-07-22 00:00:00-04:00,1.899999976158142,1.9600000381469727,1.850000023841858,1.899999976158142,4600,0.0,0.0
2025-07-23 00:00:00-04:00,1.8600000143051147,1.9490000009536743,1.850000023841858,1.9490000009536743,900,0.0,0.0
2025-07-24 00:00:00-04:00,1.9049999713897705,1.934999942779541,1.9049999713897705,1.934999942779541,1200,0.0,0.0
2025-07-25 00:00:00-04:00,1.934999942779541,1.934999942779541,1.934999942779541,1.934999942779541,0,0.0,0.0
2025-07-28 00:00:00-04:00,1.934999942779541,1.934999942779541,1.934999942779541,1.934999942779541,0,0.0,0.0
2025-07-29 00:00:00-04:00,1.850000023841858,1.850000023841858,1.7699999809265137,1.7799999713897705,3000,0.0,0.0
2025-07-30 00:00:00-04:00,1.7899999618530273,1.7899999618530273,1.7300000190734863,1.7300000190734863,2000,0.0,0.0
2025-07-31 00:00:00-04:00,1.75,1.75,1.7000000476837158,1.7000000476837158,2600,0.0,0.0
2025-08-01 00:00:00-04:00,1.7100000381469727,1.7100000381469727,1.7100000381469727,1.7100000381469727,500,0.0,0.0
2025-08-04 00:00:00-04:00,1.7899999618530273,1.9800000190734863,1.7100000381469727,1.8450000286102295,7300,0.0,0.0
2025-08-05 00:00:00-04:00,1.8600000143051147,1.8600000143051147,1.7100000381469727,1.7100000381469727,28200,0.0,0.0
2025-08-06 00:00:00-04:00,1.7300000190734863,1.7400000095367432,1.7100000381469727,1.7400000095367432,1000,0.0,0.0
2025-08-07 00:00:00-04:00,1.7259999513626099,1.7259999513626099,1.7259999513626099,1.7259999513626099,300,0.0,0.0
2025-08-08 00:00:00-04:00,1.7899999618530273,1.7899999618530273,1.7410000562667847,1.7599999904632568,900,0.0,0.0
2025-08-11 00:00:00-04:00,1.7599999904632568,1.7599999904632568,1.7100000381469727,1.7100000381469727,4200,0.0,0.0
2025-08-12 00:00:00-04:00,1.7100000381469727,1.7100000381469727,1.7100000381469727,1.7100000381469727,0,0.0,0.0
2025-08-13 00:00:00-04:00,1.6799999475479126,1.7419999837875366,1.6799999475479126,1.6799999475479126,2000,0.0,0.0
2025-08-14 00:00:00-04:00,1.6799999475479126,1.6799999475479126,1.6799999475479126,1.6799999475479126,800,0.0,0.0
2025-08-15 00:00:00-04:00,1.7000000476837158,1.7000000476837158,1.7000000476837158,1.7000000476837158,500,0.0,0.0
2025-08-18 00:00:00-04:00,1.7000000476837158,1.7000000476837158,1.7000000476837158,1.7000000476837158,0,0.0,0.0
2025-08-19 00:00:00-04:00,1.7000000476837158,1.7000000476837158,1.7000000476837158,1.7000000476837158,500,0.0,0.0
2025-08-20 00:00:00-04:00,1.690000057220459,1.690000057220459,1.690000057220459,1.690000057220459,100,0.0,0.0
2025-08-21 00:00:00-04:00,1.6799999475479126,1.684999942779541,1.659999966621399,1.659999966621399,5800,0.0,0.0
2025-08-22 00:00:00-04:00,1.649999976158142,1.690000057220459,1.649999976158142,1.690000057220459,8300,0.0,0.0
2025-08-25 00:00:00-04:00,1.649999976158142,1.6699999570846558,1.6399999856948853,1.659999966621399,4700,0.0,0.0
2025-08-26 00:00:00-04:00,1.659999966621399,1.659999966621399,1.659999966621399,1.659999966621399,0,0.0,0.0
2025-08-27 00:00:00-04:00,1.649999976158142,1.6549999713897705,1.649999976158142,1.649999976158142,1200,0.0,0.0
2025-08-28 00:00:00-04:00,2.0,2.0,1.996000051498413,1.996000051498413,568300,0.0,0.0
2025-08-29 00:00:00-04:00,1.600000023841858,1.840000033378601,1.600000023841858,1.7100000381469727,127700,0.0,0.0
2025-09-02 00:00:00-04:00,1.649999976158142,1.899999976158142,1.6399999856948853,1.899999976158142,998000,0.0,0.0
2025-09-03 00:00:00-04:00,1.7400000095367432,2.130000114440918,1.6699999570846558,1.9900000095367432,398800,0.0,0.0
2025-09-04 00:00:00-04:00,2.5799999237060547,3.319999933242798,1.8799999952316284,2.2799999713897705,5887800,0.0,0.0
2025-09-05 00:00:00-04:00,2.2300000190734863,2.25,1.9199999570846558,2.0199999809265137,467700,0.0,0.0
2025-09-08 00:00:00-04:00,1.940000057220459,12.699999809265137,1.940000057220459,6.809999942779541,79967600,0.0,0.0
2025-09-09 00:00:00-04:00,4.739999771118164,6.688000202178955,3.799999952316284,5.760000228881836,2176300,0.0,0.0
2025-09-10 00:00:00-04:00,5.480000019073486,6.900000095367432,3.869999885559082,4.03000020980835,640200,0.0,0.0
2025-09-11 00:00:00-04:00,3.759999990463257,3.8399999141693115,2.4100000858306885,2.8499999046325684,627600,0.0,0.0
2025-09-12 00:00:00-04:00,2.8399999141693115,2.950000047683716,2.5199999809265137,2.559999942779541,156700,0.0,0.0
2025-09-15 00:00:00-04:00,2.5299999713897705,3.0999999046325684,2.5199999809265137,2.8499999046325684,147400,0.0,0.0
2025-09-16 00:00:00-04:00,3.5999999046325684,3.640000104904175,2.765000104904175,2.890000104904175,16534100,0.0,0.0
2025-09-17 00:00:00-04:00,2.8399999141693115,3.2300000190734863,2.7899999618530273,2.8499999046325684,417800,0.0,0.0
2025-09-18 00:00:00-04:00,2.8399999141693115,3.440000057220459,2.7200000286102295,3.240000009536743,774400,0.0,0.0
2025-09-19 00:00:00-04:00,3.25,3.9200000762939453,3.1600000858306885,3.609999895095825,2745200,0.0,0.0
2025-09-22 00:00:00-04:00,3.3399999141693115,3.5999999046325684,3.200000047683716,3.319999933242798,239400,0.0,0.0
2025-09-23 00:00:00-04:00,3.049999952316284,3.5299999713897705,3.009999990463257,3.009999990463257,210800,0.0,0.0
2025-09-24 00:00:00-04:00,3.009999990463257,3.4000000953674316,3.009999990463257,3.2300000190734863,143900,0.0,0.0
2025-09-25 00:00:00-04:00,3.0999999046325684,4.079999923706055,3.069999933242798,3.380000114440918,894400,0.0,0.0
2025-09-26 00:00:00-04:00,3.259999990463257,3.4800000190734863,3.2139999866485596,3.3399999141693115,103700,0.0,0.0
2025-09-29 00:00:00-04:00,3.2100000381469727,3.4800000190734863,3.0,3.1600000858306885,110600,0.0,0.0
2025-09-30 00:00:00-04:00,3.3299999237060547,3.3320000171661377,3.119999885559082,3.119999885559082,40600,0.0,0.0
2025-10-01 00:00:00-04:00,3.140000104904175,3.25,3.119999885559082,3.1700000762939453,47100,0.0,0.0
2025-10-02 00:00:00-04:00,3.0999999046325684,3.309999942779541,3.0999999046325684,3.2699999809265137,56000,0.0,0.0
2025-10-03 00:00:00-04:00,3.319999933242798,3.319999933242798,3.200000047683716,3.2200000286102295,25700,0.0,0.0
2025-10-06 00:00:00-04:00,3.200000047683716,3.3889999389648438,3.200000047683716,3.319999933242798,31100,0.0,0.0
2025-10-07 00:00:00-04:00,3.2300000190734863,3.305000066757202,3.049999952316284,3.059999942779541,67600,0.0,0.0
2025-10-08 00:00:00-04:00,3.0999999046325684,3.1610000133514404,3.069999933242798,3.069999933242798,85800,0.0,0.0
2025-10-09 00:00:00-04:00,3.25,3.296999931335449,3.0799999237060547,3.1500000953674316,71700,0.0,0.0
2025-10-10 00:00:00-04:00,3.0999999046325684,3.1530001163482666,2.950000047683716,2.9800000190734863,44700,0.0,0.0
2025-10-13 00:00:00-04:00,2.9800000190734863,2.9800000190734863,2.819999933242798,2.880000114440918,17700,0.0,0.0
2025-10-14 00:00:00-04:00,2.859999895095825,3.0999999046325684,2.799999952316284,2.9100000858306885,15300,0.0,0.0
2025-10-15 00:00:00-04:00,3.009999990463257,3.200000047683716,2.9200000762939453,2.940000057220459,28900,0.0,0.0
2025-10-16 00:00:00-04:00,2.9600000381469727,2.9600000381469727,2.8499999046325684,2.890000104904175,5400,0.0,0.0
2025-10-17 00:00:00-04:00,2.8299999237060547,2.8299999237060547,2.5999999046325684,2.75,20800,0.0,0.0
2025-10-20 00:00:00-04:00,2.6700000762939453,2.809999942779541,2.6700000762939453,2.7300000190734863,9800,0.0,0.0
2025-10-21 00:00:00-04:00,2.680000066757202,2.7699999809265137,2.630000114440918,2.7300000190734863,18000,0.0,0.0
2025-10-22 00:00:00-04:00,2.5999999046325684,2.634999990463257,2.440000057220459,2.4700000286102295,36800,0.0,0.0
2025-10-23 00:00:00-04:00,2.559999942779541,2.740000009536743,2.490000009536743,2.569999933242798,8500,0.0,0.0
2025-10-24 00:00:00-04:00,2.5899999141693115,2.7850000858306885,2.5399999618530273,2.7699999809265137,29800,0.0,0.0
2025-10-27 00:00:00-04:00,2.7699999809265137,2.7699999809265137,2.5999999046325684,2.6700000762939453,7600,0.0,0.0
2025-10-28 00:00:00-04:00,2.5999999046325684,2.619999885559082,2.5160000324249268,2.5199999809265137,11200,0.0,0.0
2025-10-29 00:00:00-04:00,2.5,2.7200000286102295,2.5,2.609999895095825,13200,0.0,0.0
2025-10-30 00:00:00-04:00,2.549999952316284,2.5899999141693115,2.5199999809265137,2.5399999618530273,10900,0.0,0.0
2025-10-31 00:00:00-04:00,2.5399999618530273,2.5799999237060547,2.4000000953674316,2.424999952316284,27100,0.0,0.0
2025-11-03 00:00:00-05:00,2.4200000762939453,2.5399999618530273,2.2799999713897705,2.2899999618530273,24100,0.0,0.0
2025-11-04 00:00:00-05:00,2.3399999141693115,2.3399999141693115,2.240000009536743,2.2699999809265137,2800,0.0,0.0
2025-11-05 00:00:00-05:00,2.2100000381469727,2.3289999961853027,2.1600000858306885,2.1600000858306885,13400,0.0,0.0
2025-11-06 00:00:00-05:00,2.200000047683716,2.200000047683716,2.009999990463257,2.069999933242798,7000,0.0,0.0
2025-11-07 00:00:00-05:00,2.0999999046325684,2.1029999256134033,2.009999990463257,2.0799999237060547,6100,0.0,0.0
2025-11-10 00:00:00-05:00,2.069999933242798,2.119999885559082,2.0460000038146973,2.049999952316284,4900,0.0,0.0
2025-11-11 00:00:00-05:00,2.0,2.119999885559082,1.899999976158142,1.9199999570846558,11900,0.0,0.0
2025-11-12 00:00:00-05:00,2.009999990463257,2.069999933242798,1.940000057220459,1.9989999532699585,3200,0.0,0.0
2025-11-13 00:00:00-05:00,2.009999990463257,2.0199999809265137,1.850000023841858,1.899999976158142,30300,0.0,0.0
2025-11-14 00:00:00-05:00,1.9299999475479126,2.0199999809265137,1.9299999475479126,2.009999990463257,10000,0.0,0.0
2025-11-17 00:00:00-05:00,2.009999990463257,2.200000047683716,1.9579999446868896,2.0899999141693115,20800,0.0,0.0
2025-11-18 00:00:00-05:00,2.0999999046325684,2.0999999046325684,2.002000093460083,2.0899999141693115,3400,0.0,0.0
2025-11-19 00:00:00-05:00,2.0899999141693115,2.0999999046325684,2.0399999618530273,2.0799999237060547,4400,0.0,0.0
2025-11-20 00:00:00-05:00,2.0999999046325684,2.0999999046325684,1.9500000476837158,1.9600000381469727,7800,0.0,0.0
2025-11-21 00:00:00-05:00,1.9500000476837158,2.059999942779541,1.8519999980926514,2.0,19600,0.0,0.0
2025-11-24 00:00:00-05:00,1.9600000381469727,2.0230000019073486,1.9600000381469727,1.975000023841858,8100,0.0,0.0
2025-11-25 00:00:00-05:00,2.009999990463257,2.0759999752044678,1.850000023841858,2.0399999618530273,23900,0.0,0.0
2025-11-26 00:00:00-05:00,2.069999933242798,2.490000009536743,2.0480000972747803,2.490000009536743,76300,0.0,0.0
2025-11-28 00:00:00-05:00,2.4700000286102295,2.4700000286102295,2.319999933242798,2.3299999237060547,6400,0.0,0.0
2025-12-01 00:00:00-05:00,2.240000009536743,2.299999952316284,2.180000066757202,2.240000009536743,7900,0.0,0.0
2025-12-02 00:00:00-05:00,2.1600000858306885,2.2899999618530273,2.1600000858306885,2.1700000762939453,5600,0.0,0.0
2025-12-03 00:00:00-05:00,2.1589999198913574,2.1710000038146973,2.069999933242798,2.1700000762939453,14400,0.0,0.0
2025-12-04 00:00:00-05:00,2.1419999599456787,2.25,2.0999999046325684,2.0999999046325684,4500,0.0,0.0
2025-12-05 00:00:00-05:00,2.119999885559082,2.200000047683716,2.119999885559082,2.1600000858306885,7000,0.0,0.0
2025-12-08 00:00:00-05:00,2.140000104904175,2.4830000400543213,2.140000104904175,2.369999885559082,28800,0.0,0.0
2025-12-09 00:00:00-05:00,2.359999895095825,2.4600000381469727,2.1500000953674316,2.4600000381469727,29700,0.0,0.0
2025-12-10 00:00:00-05:00,2.430000066757202,2.515000104904175,2.3499999046325684,2.4700000286102295,14600,0.0,0.0
2025-12-11 00:00:00-05:00,2.364000082015991,2.5,2.359999895095825,2.4709999561309814,5600,0.0,0.0
2025-12-12 00:00:00-05:00,2.4800000190734863,2.6489999294281006,2.359999895095825,2.430000066757202,21200,0.0,0.0
2025-12-15 00:00:00-05:00,2.4200000762939453,2.430000066757202,2.2200000286102295,2.369999885559082,10500,0.0,0.0
2025-12-16 00:00:00-05:00,2.2320001125335693,2.319999933242798,2.200000047683716,2.259999990463257,7200,0.0,0.0
2025-12-17 00:00:00-05:00,2.299999952316284,2.309999942779541,2.200000047683716,2.2300000190734863,13000,0.0,0.0
2025-12-18 00:00:00-05:00,2.194999933242798,2.319999933242798,2.1700000762939453,2.25,7800,0.0,0.0
2025-12-19 00:00:00-05:00,2.200000047683716,2.319999933242798,2.1500000953674316,2.1500000953674316,4800,0.0,0.0
2025-12-22 00:00:00-05:00,2.140000104904175,2.2899999618530273,2.140000104904175,2.2100000381469727,11800,0.0,0.0
2025-12-23 00:00:00-05:00,2.1700000762939453,2.309999942779541,2.1449999809265137,2.25,7700,0.0,0.0
2025-12-24 00:00:00-05:00,2.240000009536743,2.240000009536743,2.1500000953674316,2.1500000953674316,3500,0.0,0.0
2025-12-26 00:00:00-05:00,2.1500000953674316,2.200000047683716,2.0,2.0,13400,0.0,0.0
2025-12-29 00:00:00-05:00,2.0,2.0899999141693115,1.8600000143051147,1.8600000143051147,18400,0.0,0.0
2025-12-30 00:00:00-05:00,1.899999976158142,2.25,1.899999976158142,2.0799999237060547,72000,0.0,0.0
2025-12-31 00:00:00-05:00,1.9900000095367432,2.069999933242798,1.850000023841858,1.8899999856948853,30200,0.0,0.0
2026-01-02 00:00:00-05:00,1.9199999570846558,2.0299999713897705,1.909999966621399,1.9900000095367432,9400,0.0,0.0
2026-01-05 00:00:00-05:00,2.059999942779541,2.109999895095825,1.9500000476837158,2.0399999618530273,9900,0.0,0.0
2026-01-06 00:00:00-05:00,2.009999990463257,2.059999942779541,1.9500000476837158,2.0199999809265137,7800,0.0,0.0
2026-01-07 00:00:00-05:00,1.8730000257492065,2.140000104904175,1.8730000257492065,2.009999990463257,20500,0.0,0.0
2026-01-08 00:00:00-05:00,2.0799999237060547,2.1449999809265137,1.9600000381469727,2.049999952316284,19900,0.0,0.0
2026-01-09 00:00:00-05:00,1.9900000095367432,2.200000047683716,1.9900000095367432,2.069999933242798,7100,0.0,0.0
2026-01-12 00:00:00-05:00,2.059999942779541,2.0999999046325684,1.909999966621399,1.909999966621399,22700,0.0,0.0
2026-01-13 00:00:00-05:00,1.9199999570846558,1.9900000095367432,1.9199999570846558,1.9500000476837158,8400,0.0,0.0
2026-01-14 00:00:00-05:00,1.9600000381469727,2.049999952316284,1.9500000476837158,2.0,4900,0.0,0.0
2026-01-15 00:00:00-05:00,1.909999966621399,2.3299999237060547,1.8799999952316284,2.1500000953674316,67900,0.0,0.0
2026-01-16 00:00:00-05:00,2.1500000953674316,2.242000102996826,2.1500000953674316,2.1600000858306885,5400,0.0,0.0
2026-01-20 00:00:00-05:00,2.1600000858306885,2.25,2.1600000858306885,2.1700000762939453,21900,0.0,0.0
2026-01-21 00:00:00-05:00,2.1700000762939453,2.4800000190734863,2.1700000762939453,2.359999895095825,69400,0.0,0.0
2026-01-22 00:00:00-05:00,2.359999895095825,2.450000047683716,2.3499999046325684,2.3499999046325684,14600,0.0,0.0
2026-01-23 00:00:00-05:00,2.3510000705718994,2.365000009536743,2.259000062942505,2.2699999809265137,14300,0.0,0.0
2026-01-26 00:00:00-05:00,2.2799999713897705,2.299999952316284,2.240000009536743,2.25,14300,0.0,0.0
2026-01-27 00:00:00-05:00,2.2920000553131104,2.3369998931884766,2.256999969482422,2.299999952316284,4000,0.0,0.0
2026-01-28 00:00:00-05:00,2.25,2.2699999809265137,2.2200000286102295,2.259999990463257,5700,0.0,0.0
2026-01-29 00:00:00-05:00,2.259999990463257,2.3550000190734863,2.240000009536743,2.308000087738037,15300,0.0,0.0
2026-01-30 00:00:00-05:00,2.2920000553131104,2.450000047683716,2.240000009536743,2.2699999809265137,57800,0.0,0.0
2026-02-02 00:00:00-05:00,2.2100000381469727,2.299999952316284,2.1500000953674316,2.2100000381469727,34700,0.0,0.0
2026-02-03 00:00:00-05:00,2.2100000381469727,2.2219998836517334,2.0980000495910645,2.119999885559082,16200,0.0,0.0
2026-02-04 00:00:00-05:00,2.1600000858306885,2.200000047683716,2.119999885559082,2.119999885559082,6000,0.0,0.0
2026-02-05 00:00:00-05:00,2.1089999675750732,2.125,1.9700000286102295,1.9700000286102295,29400,0.0,0.0
2026-02-06 00:00:00-05:00,2.0299999713897705,2.069999933242798,2.0199999809265137,2.059999942779541,5300,0.0,0.0
2026-02-09 00:00:00-05:00,1.9900000095367432,2.049999952316284,1.9800000190734863,2.0199999809265137,5600,0.0,0.0
2026-02-10 00:00:00-05:00,2.0299999713897705,2.0799999237060547,2.0199999809265137,2.0799999237060547,2800,0.0,0.0
2026-02-11 00:00:00-05:00,2.069999933242798,2.069999933242798,2.0309998989105225,2.0309998989105225,1100,0.0,0.0
2026-02-12 00:00:00-05:00,2.0199999809265137,2.059999942779541,2.009999990463257,2.009999990463257,2700,0.0,0.0
2026-02-13 00:00:00-05:00,1.9780000448226929,2.049999952316284,1.9780000448226929,2.0199999809265137,5300,0.0,0.0
2026-02-17 00:00:00-05:00,1.9900000095367432,2.369999885559082,1.9249999523162842,1.9249999523162842,319800,0.0,0.0
2026-02-18 00:00:00-05:00,1.9500000476837158,2.049999952316284,1.8600000143051147,1.8799999952316284,61300,0.0,0.0
2026-02-19 00:00:00-05:00,1.899999976158142,1.9800000190734863,1.8700000047683716,1.9800000190734863,9800,0.0,0.0
2026-02-20 00:00:00-05:00,1.9600000381469727,2.0,1.9600000381469727,1.9600000381469727,6300,0.0,0.0
2026-02-23 00:00:00-05:00,1.9270000457763672,1.9270000457763672,1.906999945640564,1.9199999570846558,1100,0.0,0.0
2026-02-24 00:00:00-05:00,1.909999966621399,2.0,1.909999966621399,1.9800000190734863,1900,0.0,0.0
2026-02-25 00:00:00-05:00,1.9299999475479126,1.9600000381469727,1.9299999475479126,1.9500000476837158,2100,0.0,0.0
2026-02-26 00:00:00-05:00,1.9199999570846558,2.0799999237060547,1.909999966621399,1.9800000190734863,35000,0.0,0.0
2026-02-27 00:00:00-05:00,1.9800000190734863,2.0999999046325684,1.909999966621399,1.909999966621399,25700,0.0,0.0
2026-03-02 00:00:00-05:00,1.9500000476837158,2.0,1.8799999952316284,1.9199999570846558,9500,0.0,0.0
2026-03-03 00:00:00-05:00,1.8739999532699585,1.9079999923706055,1.850000023841858,1.8600000143051147,7000,0.0,0.0
2026-03-04 00:00:00-05:00,1.899999976158142,1.899999976158142,1.8600000143051147,1.899999976158142,3600,0.0,0.0
2026-03-05 00:00:00-05:00,1.899999976158142,1.968000054359436,1.899999976158142,1.930999994277954,10800,0.0,0.0
2026-03-06 00:00:00-05:00,1.899999976158142,1.9299999475479126,1.899999976158142,1.9299999475479126,5200,0.0,0.0
2026-03-09 00:00:00-04:00,1.899999976158142,1.9279999732971191,1.899999976158142,1.9149999618530273,7700,0.0,0.0
2026-03-10 00:00:00-04:00,1.8899999856948853,1.9199999570846558,1.8600000143051147,1.899999976158142,2100,0.0,0.0
2026-03-11 00:00:00-04:00,1.909999966621399,1.9199999570846558,1.8700000047683716,1.9199999570846558,8700,0.0,0.0
2026-03-12 00:00:00-04:00,1.8799999952316284,1.9570000171661377,1.850000023841858,1.9199999570846558,10300,0.0,0.0
2026-03-13 00:00:00-04:00,1.9299999475479126,1.9299999475479126,1.909999966621399,1.9199999570846558,5000,0.0,0.0
2026-03-16 00:00:00-04:00,1.9198999404907227,2.009999990463257,1.909999966621399,1.9299999475479126,11416,0.0,0.0
