Date,Open,High,Low,Close,Volume,Dividends,Stock Splits
2022-01-03 00:00:00-05:00,8.710000038146973,8.920000076293945,8.359999656677246,8.359999656677246,550600,0.0,0.0
2022-01-04 00:00:00-05:00,8.470000267028809,8.489999771118164,8.119999885559082,8.220000267028809,517700,0.0,0.0
2022-01-05 00:00:00-05:00,8.109999656677246,8.260000228881836,7.769999980926514,7.840000152587891,210700,0.0,0.0
2022-01-06 00:00:00-05:00,7.840000152587891,7.880000114440918,7.550000190734863,7.710000038146973,353300,0.0,0.0
2022-01-07 00:00:00-05:00,7.670000076293945,7.940000057220459,7.650000095367432,7.75,255000,0.0,0.0
2022-01-10 00:00:00-05:00,7.650000095367432,7.699999809265137,7.440000057220459,7.550000190734863,314300,0.0,0.0
2022-01-11 00:00:00-05:00,7.489999771118164,7.579999923706055,7.119999885559082,7.539999961853027,662500,0.0,0.0
2022-01-12 00:00:00-05:00,7.639999866485596,7.940000057220459,7.269999980926514,7.300000190734863,349300,0.0,0.0
2022-01-13 00:00:00-05:00,7.25,7.599999904632568,7.25,7.400000095367432,249000,0.0,0.0
2022-01-14 00:00:00-05:00,7.309999942779541,7.360000133514404,7.110000133514404,7.159999847412109,230900,0.0,0.0
2022-01-18 00:00:00-05:00,7.0,7.010000228881836,6.739999771118164,6.860000133514404,420300,0.0,0.0
2022-01-19 00:00:00-05:00,6.929999828338623,6.989999771118164,6.699999809265137,6.75,283500,0.0,0.0
2022-01-20 00:00:00-05:00,6.71999979019165,7.159999847412109,6.710000038146973,6.980000019073486,359200,0.0,0.0
2022-01-21 00:00:00-05:00,6.880000114440918,7.210000038146973,6.570000171661377,6.960000038146973,377700,0.0,0.0
2022-01-24 00:00:00-05:00,6.809999942779541,7.309999942779541,6.809999942779541,7.289999961853027,325400,0.0,0.0
2022-01-25 00:00:00-05:00,7.170000076293945,7.340000152587891,7.070000171661377,7.300000190734863,304300,0.0,0.0
2022-01-26 00:00:00-05:00,7.5,7.639999866485596,7.039999961853027,7.159999847412109,230200,0.0,0.0
2022-01-27 00:00:00-05:00,7.139999866485596,7.309999942779541,6.889999866485596,6.960000038146973,365800,0.0,0.0
2022-01-28 00:00:00-05:00,6.949999809265137,7.099999904632568,6.75,7.070000171661377,486200,0.0,0.0
2022-01-31 00:00:00-05:00,7.0,7.480000019073486,7.0,7.46999979019165,310700,0.0,0.0
2022-02-01 00:00:00-05:00,7.46999979019165,7.670000076293945,7.300000190734863,7.449999809265137,301300,0.0,0.0
2022-02-02 00:00:00-05:00,7.5,7.539999961853027,7.329999923706055,7.46999979019165,169100,0.0,0.0
2022-02-03 00:00:00-05:00,7.329999923706055,7.489999771118164,6.96999979019165,7.260000228881836,270200,0.0,0.0
2022-02-04 00:00:00-05:00,7.190000057220459,7.909999847412109,7.099999904632568,7.28000020980835,248200,0.0,0.0
2022-02-07 00:00:00-05:00,7.25,7.449999809265137,7.230000019073486,7.380000114440918,153600,0.0,0.0
2022-02-08 00:00:00-05:00,7.360000133514404,7.639999866485596,7.329999923706055,7.53000020980835,162100,0.0,0.0
2022-02-09 00:00:00-05:00,7.639999866485596,8.0,7.639999866485596,7.980000019073486,232200,0.0,0.0
2022-02-10 00:00:00-05:00,7.920000076293945,8.140000343322754,7.570000171661377,7.880000114440918,159300,0.0,0.0
2022-02-11 00:00:00-05:00,7.880000114440918,8.050000190734863,7.760000228881836,7.840000152587891,123500,0.0,0.0
2022-02-14 00:00:00-05:00,7.869999885559082,7.909999847412109,7.710000038146973,7.78000020980835,97200,0.0,0.0
2022-02-15 00:00:00-05:00,7.920000076293945,8.109999656677246,7.630000114440918,7.989999771118164,115700,0.0,0.0
2022-02-16 00:00:00-05:00,7.980000019073486,8.15999984741211,7.820000171661377,8.149999618530273,153500,0.0,0.0
2022-02-17 00:00:00-05:00,8.100000381469727,8.100000381469727,7.53000020980835,7.539999961853027,224700,0.0,0.0
2022-02-18 00:00:00-05:00,7.46999979019165,7.619999885559082,7.159999847412109,7.320000171661377,250000,0.0,0.0
2022-02-22 00:00:00-05:00,7.320000171661377,7.46999979019165,7.179999828338623,7.349999904632568,241000,0.0,0.0
2022-02-23 00:00:00-05:00,7.420000076293945,7.420000076293945,7.179999828338623,7.199999809265137,205700,0.0,0.0
2022-02-24 00:00:00-05:00,6.920000076293945,7.349999904632568,6.510000228881836,7.320000171661377,229600,0.0,0.0
2022-02-25 00:00:00-05:00,7.369999885559082,7.510000228881836,7.260000228881836,7.480000019073486,356000,0.0,0.0
2022-02-28 00:00:00-05:00,7.400000095367432,7.670000076293945,7.380000114440918,7.579999923706055,525100,0.0,0.0
2022-03-01 00:00:00-05:00,7.519999980926514,7.659999847412109,7.389999866485596,7.420000076293945,250300,0.0,0.0
2022-03-02 00:00:00-05:00,7.480000019073486,7.630000114440918,7.449999809265137,7.610000133514404,135300,0.0,0.0
2022-03-03 00:00:00-05:00,7.619999885559082,7.869999885559082,7.550000190734863,7.829999923706055,231500,0.0,0.0
2022-03-04 00:00:00-05:00,7.75,7.829999923706055,7.5,7.630000114440918,437000,0.0,0.0
2022-03-07 00:00:00-05:00,7.679999828338623,7.760000228881836,7.309999942779541,7.400000095367432,363000,0.0,0.0
2022-03-08 00:00:00-05:00,7.489999771118164,7.670000076293945,7.25,7.349999904632568,427000,0.0,0.0
2022-03-09 00:00:00-05:00,7.5,7.849999904632568,7.480000019073486,7.809999942779541,619900,0.0,0.0
2022-03-10 00:00:00-05:00,7.71999979019165,8.020000457763672,7.550000190734863,7.800000190734863,399300,0.0,0.0
2022-03-11 00:00:00-05:00,7.900000095367432,8.0,7.260000228881836,7.820000171661377,371400,0.0,0.0
2022-03-14 00:00:00-04:00,7.820000171661377,7.849999904632568,7.619999885559082,7.679999828338623,478800,0.0,0.0
2022-03-15 00:00:00-04:00,7.75,7.869999885559082,7.619999885559082,7.699999809265137,360300,0.0,0.0
2022-03-16 00:00:00-04:00,7.760000228881836,7.949999809265137,7.670000076293945,7.829999923706055,268100,0.0,0.0
2022-03-17 00:00:00-04:00,7.820000171661377,7.929999828338623,7.340000152587891,7.789999961853027,1228600,0.0,0.0
2022-03-18 00:00:00-04:00,7.75,7.869999885559082,7.570000171661377,7.75,1334400,0.0,0.0
2022-03-21 00:00:00-04:00,7.760000228881836,7.760000228881836,7.28000020980835,7.380000114440918,302400,0.0,0.0
2022-03-22 00:00:00-04:00,7.360000133514404,7.409999847412109,7.289999961853027,7.309999942779541,678400,0.0,0.0
2022-03-23 00:00:00-04:00,7.25,7.25,7.010000228881836,7.03000020980835,364400,0.0,0.0
2022-03-24 00:00:00-04:00,7.21999979019165,7.679999828338623,7.190000057220459,7.550000190734863,563300,0.0,0.0
2022-03-25 00:00:00-04:00,7.519999980926514,7.650000095367432,7.480000019073486,7.579999923706055,676000,0.0,0.0
2022-03-28 00:00:00-04:00,7.539999961853027,7.78000020980835,7.329999923706055,7.53000020980835,251900,0.0,0.0
2022-03-29 00:00:00-04:00,7.610000133514404,7.829999923706055,7.420000076293945,7.5,464200,0.0,0.0
2022-03-30 00:00:00-04:00,7.46999979019165,7.579999923706055,7.380000114440918,7.400000095367432,245700,0.0,0.0
2022-03-31 00:00:00-04:00,7.380000114440918,7.5,7.21999979019165,7.239999771118164,246300,0.0,0.0
2022-04-01 00:00:00-04:00,7.329999923706055,7.449999809265137,7.179999828338623,7.429999828338623,302600,0.0,0.0
2022-04-04 00:00:00-04:00,7.429999828338623,7.510000228881836,7.269999980926514,7.46999979019165,587000,0.0,0.0
2022-04-05 00:00:00-04:00,7.5,7.559999942779541,7.070000171661377,7.190000057220459,378300,0.0,0.0
2022-04-06 00:00:00-04:00,7.079999923706055,7.150000095367432,6.829999923706055,6.849999904632568,566200,0.0,0.0
2022-04-07 00:00:00-04:00,6.849999904632568,6.849999904632568,6.590000152587891,6.829999923706055,469000,0.0,0.0
2022-04-08 00:00:00-04:00,6.800000190734863,6.989999771118164,6.639999866485596,6.789999961853027,284800,0.0,0.0
2022-04-11 00:00:00-04:00,6.71999979019165,6.889999866485596,6.699999809265137,6.860000133514404,324200,0.0,0.0
2022-04-12 00:00:00-04:00,6.940000057220459,7.179999828338623,6.840000152587891,6.929999828338623,392700,0.0,0.0
2022-04-13 00:00:00-04:00,6.960000038146973,7.190000057220459,6.960000038146973,7.099999904632568,155700,0.0,0.0
2022-04-14 00:00:00-04:00,7.139999866485596,7.25,7.099999904632568,7.190000057220459,164000,0.0,0.0
2022-04-18 00:00:00-04:00,7.179999828338623,7.289999961853027,7.130000114440918,7.139999866485596,149600,0.0,0.0
2022-04-19 00:00:00-04:00,7.110000133514404,7.389999866485596,7.110000133514404,7.369999885559082,393400,0.0,0.0
2022-04-20 00:00:00-04:00,7.440000057220459,7.519999980926514,7.309999942779541,7.400000095367432,464100,0.0,0.0
2022-04-21 00:00:00-04:00,7.53000020980835,7.539999961853027,7.019999980926514,7.050000190734863,155400,0.0,0.0
2022-04-22 00:00:00-04:00,6.96999979019165,7.199999809265137,6.639999866485596,6.840000152587891,192400,0.0,0.0
2022-04-25 00:00:00-04:00,6.769999980926514,6.909999847412109,6.619999885559082,6.880000114440918,162200,0.0,0.0
2022-04-26 00:00:00-04:00,6.820000171661377,7.090000152587891,6.590000152587891,6.690000057220459,205600,0.0,0.0
2022-04-27 00:00:00-04:00,6.679999828338623,6.980000019073486,6.679999828338623,6.880000114440918,211800,0.0,0.0
2022-04-28 00:00:00-04:00,6.960000038146973,7.179999828338623,6.800000190734863,7.050000190734863,238500,0.0,0.0
2022-04-29 00:00:00-04:00,7.0,7.150000095367432,6.75,6.78000020980835,189600,0.0,0.0
2022-05-02 00:00:00-04:00,6.829999923706055,6.940000057220459,6.739999771118164,6.920000076293945,161000,0.0,0.0
2022-05-03 00:00:00-04:00,6.909999847412109,6.949999809265137,6.739999771118164,6.809999942779541,297600,0.0,0.0
2022-05-04 00:00:00-04:00,6.820000171661377,6.860000133514404,6.440000057220459,6.769999980926514,117300,0.0,0.0
2022-05-05 00:00:00-04:00,6.679999828338623,6.699999809265137,6.199999809265137,6.449999809265137,207100,0.0,0.0
2022-05-06 00:00:00-04:00,6.409999847412109,7.269999980926514,6.409999847412109,6.840000152587891,446300,0.0,0.0
2022-05-09 00:00:00-04:00,6.699999809265137,6.800000190734863,6.420000076293945,6.460000038146973,300100,0.0,0.0
2022-05-10 00:00:00-04:00,6.630000114440918,7.0,6.460000038146973,6.800000190734863,326700,0.0,0.0
2022-05-11 00:00:00-04:00,6.760000228881836,7.210000038146973,6.630000114440918,6.800000190734863,1137600,0.0,0.0
2022-05-12 00:00:00-04:00,6.75,7.210000038146973,6.670000076293945,6.929999828338623,468600,0.0,0.0
2022-05-13 00:00:00-04:00,7.199999809265137,7.590000152587891,7.139999866485596,7.25,812900,0.0,0.0
2022-05-16 00:00:00-04:00,7.199999809265137,7.559999942779541,7.190000057220459,7.309999942779541,523000,0.0,0.0
2022-05-17 00:00:00-04:00,7.480000019073486,7.690000057220459,7.420000076293945,7.53000020980835,644700,0.0,0.0
2022-05-18 00:00:00-04:00,7.440000057220459,7.630000114440918,7.300000190734863,7.360000133514404,402900,0.0,0.0
2022-05-19 00:00:00-04:00,7.340000152587891,7.579999923706055,7.300000190734863,7.420000076293945,406900,0.0,0.0
2022-05-20 00:00:00-04:00,7.519999980926514,7.53000020980835,7.190000057220459,7.340000152587891,294900,0.0,0.0
2022-05-23 00:00:00-04:00,7.480000019073486,8.069999694824219,7.440000057220459,7.900000095367432,1030400,0.0,0.0
2022-05-24 00:00:00-04:00,7.78000020980835,7.869999885559082,7.210000038146973,7.760000228881836,772200,0.0,0.0
2022-05-25 00:00:00-04:00,7.699999809265137,8.199999809265137,7.670000076293945,8.100000381469727,663600,0.0,0.0
2022-05-26 00:00:00-04:00,8.1899995803833,8.289999961853027,8.069999694824219,8.100000381469727,767700,0.0,0.0
2022-05-27 00:00:00-04:00,8.119999885559082,8.25,8.020000457763672,8.039999961853027,805800,0.0,0.0
2022-05-31 00:00:00-04:00,8.010000228881836,8.109999656677246,7.840000152587891,7.909999847412109,648900,0.0,0.0
2022-06-01 00:00:00-04:00,7.96999979019165,8.050000190734863,7.789999961853027,7.980000019073486,974400,0.0,0.0
2022-06-02 00:00:00-04:00,7.980000019073486,8.0600004196167,7.909999847412109,7.989999771118164,567200,0.0,0.0
2022-06-03 00:00:00-04:00,7.869999885559082,7.949999809265137,7.579999923706055,7.71999979019165,549000,0.0,0.0
2022-06-06 00:00:00-04:00,7.800000190734863,7.900000095367432,7.480000019073486,7.510000228881836,703500,0.0,0.0
2022-06-07 00:00:00-04:00,7.409999847412109,7.630000114440918,7.340000152587891,7.590000152587891,411600,0.0,0.0
2022-06-08 00:00:00-04:00,7.489999771118164,7.730000019073486,7.349999904632568,7.559999942779541,374000,0.0,0.0
2022-06-09 00:00:00-04:00,7.53000020980835,7.679999828338623,7.409999847412109,7.559999942779541,399400,0.0,0.0
2022-06-10 00:00:00-04:00,7.440000057220459,7.679999828338623,7.360000133514404,7.570000171661377,477500,0.0,0.0
2022-06-13 00:00:00-04:00,7.380000114440918,7.480000019073486,7.090000152587891,7.139999866485596,494500,0.0,0.0
2022-06-14 00:00:00-04:00,7.150000095367432,7.269999980926514,7.039999961853027,7.21999979019165,443800,0.0,0.0
2022-06-15 00:00:00-04:00,7.309999942779541,7.71999979019165,7.309999942779541,7.5,1219300,0.0,0.0
2022-06-16 00:00:00-04:00,7.329999923706055,7.369999885559082,6.849999904632568,6.940000057220459,705500,0.0,0.0
2022-06-17 00:00:00-04:00,6.75,7.010000228881836,6.650000095367432,6.710000038146973,787000,0.0,0.0
2022-06-21 00:00:00-04:00,6.769999980926514,6.960000038146973,6.619999885559082,6.650000095367432,570900,0.0,0.0
2022-06-22 00:00:00-04:00,6.5,6.840000152587891,6.460000038146973,6.510000228881836,561200,0.0,0.0
2022-06-23 00:00:00-04:00,6.510000228881836,6.78000020980835,6.099999904632568,6.210000038146973,470000,0.0,0.0
2022-06-24 00:00:00-04:00,6.300000190734863,6.46999979019165,6.03000020980835,6.059999942779541,2868900,0.0,0.0
2022-06-27 00:00:00-04:00,6.119999885559082,6.340000152587891,6.099999904632568,6.230000019073486,472900,0.0,0.0
2022-06-28 00:00:00-04:00,6.239999771118164,6.619999885559082,5.840000152587891,5.880000114440918,517800,0.0,0.0
2022-06-29 00:00:00-04:00,5.860000133514404,5.929999828338623,5.510000228881836,5.659999847412109,468300,0.0,0.0
2022-06-30 00:00:00-04:00,5.550000190734863,5.760000228881836,5.389999866485596,5.429999828338623,1468600,0.0,0.0
2022-07-01 00:00:00-04:00,5.400000095367432,5.480000019073486,5.28000020980835,5.400000095367432,351100,0.0,0.0
2022-07-05 00:00:00-04:00,5.269999980926514,5.28000020980835,5.03000020980835,5.28000020980835,404200,0.0,0.0
2022-07-06 00:00:00-04:00,5.289999961853027,5.289999961853027,5.079999923706055,5.190000057220459,476500,0.0,0.0
2022-07-07 00:00:00-04:00,5.28000020980835,5.349999904632568,5.230000019073486,5.28000020980835,478700,0.0,0.0
2022-07-08 00:00:00-04:00,5.300000190734863,5.340000152587891,5.170000076293945,5.300000190734863,372100,0.0,0.0
2022-07-11 00:00:00-04:00,5.230000019073486,5.260000228881836,5.079999923706055,5.179999828338623,399700,0.0,0.0
2022-07-12 00:00:00-04:00,5.139999866485596,5.329999923706055,4.880000114440918,5.210000038146973,463700,0.0,0.0
2022-07-13 00:00:00-04:00,5.190000057220459,5.289999961853027,5.090000152587891,5.210000038146973,458800,0.0,0.0
2022-07-14 00:00:00-04:00,5.119999885559082,5.159999847412109,4.800000190734863,4.889999866485596,329700,0.0,0.0
2022-07-15 00:00:00-04:00,5.010000228881836,5.090000152587891,4.889999866485596,5.019999980926514,296900,0.0,0.0
2022-07-18 00:00:00-04:00,5.039999961853027,5.230000019073486,5.039999961853027,5.170000076293945,319800,0.0,0.0
2022-07-19 00:00:00-04:00,5.21999979019165,5.670000076293945,5.21999979019165,5.650000095367432,409300,0.0,0.0
2022-07-20 00:00:00-04:00,5.630000114440918,5.789999961853027,5.619999885559082,5.760000228881836,268200,0.0,0.0
2022-07-21 00:00:00-04:00,5.71999979019165,5.78000020980835,5.659999847412109,5.769999980926514,254700,0.0,0.0
2022-07-22 00:00:00-04:00,5.769999980926514,5.829999923706055,5.690000057220459,5.809999942779541,248700,0.0,0.0
2022-07-25 00:00:00-04:00,5.860000133514404,6.070000171661377,5.78000020980835,6.039999961853027,307200,0.0,0.0
2022-07-26 00:00:00-04:00,6.0,6.079999923706055,5.909999847412109,6.03000020980835,221700,0.0,0.0
2022-07-27 00:00:00-04:00,6.090000152587891,6.289999961853027,6.050000190734863,6.260000228881836,330700,0.0,0.0
2022-07-28 00:00:00-04:00,6.269999980926514,6.420000076293945,6.260000228881836,6.400000095367432,244400,0.0,0.0
2022-07-29 00:00:00-04:00,6.429999828338623,6.670000076293945,6.320000171661377,6.610000133514404,538700,0.0,0.0
2022-08-01 00:00:00-04:00,6.519999980926514,6.690000057220459,6.429999828338623,6.650000095367432,258500,0.0,0.0
2022-08-02 00:00:00-04:00,6.760000228881836,6.980000019073486,6.630000114440918,6.860000133514404,372400,0.0,0.0
2022-08-03 00:00:00-04:00,6.860000133514404,7.050000190734863,6.78000020980835,6.989999771118164,631600,0.0,0.0
2022-08-04 00:00:00-04:00,7.0,7.010000228881836,6.070000171661377,6.309999942779541,532600,0.0,0.0
2022-08-05 00:00:00-04:00,6.230000019073486,6.760000228881836,6.179999828338623,6.449999809265137,339000,0.0,0.0
2022-08-08 00:00:00-04:00,6.489999771118164,6.550000190734863,6.019999980926514,6.090000152587891,419400,0.0,0.0
2022-08-09 00:00:00-04:00,6.059999942779541,6.130000114440918,5.960000038146973,6.050000190734863,420500,0.0,0.0
2022-08-10 00:00:00-04:00,6.110000133514404,6.309999942779541,6.110000133514404,6.210000038146973,428100,0.0,0.0
2022-08-11 00:00:00-04:00,6.25,6.5,6.25,6.480000019073486,343800,0.0,0.0
2022-08-12 00:00:00-04:00,6.539999961853027,6.730000019073486,6.46999979019165,6.599999904632568,342800,0.0,0.0
2022-08-15 00:00:00-04:00,6.519999980926514,7.070000171661377,6.519999980926514,7.010000228881836,336400,0.0,0.0
2022-08-16 00:00:00-04:00,7.0,7.21999979019165,6.960000038146973,7.139999866485596,353700,0.0,0.0
2022-08-17 00:00:00-04:00,7.079999923706055,7.139999866485596,6.960000038146973,7.039999961853027,283100,0.0,0.0
2022-08-18 00:00:00-04:00,7.019999980926514,7.329999923706055,7.010000228881836,7.139999866485596,414500,0.0,0.0
2022-08-19 00:00:00-04:00,7.099999904632568,7.099999904632568,6.940000057220459,7.019999980926514,331100,0.0,0.0
2022-08-22 00:00:00-04:00,6.920000076293945,7.0,6.78000020980835,6.829999923706055,293300,0.0,0.0
2022-08-23 00:00:00-04:00,6.860000133514404,6.96999979019165,6.760000228881836,6.840000152587891,340300,0.0,0.0
2022-08-24 00:00:00-04:00,6.900000095367432,7.050000190734863,6.829999923706055,7.019999980926514,224300,0.0,0.0
2022-08-25 00:00:00-04:00,7.079999923706055,7.199999809265137,7.079999923706055,7.170000076293945,286200,0.0,0.0
2022-08-26 00:00:00-04:00,7.190000057220459,7.239999771118164,6.860000133514404,6.880000114440918,299300,0.0,0.0
2022-08-29 00:00:00-04:00,6.789999961853027,6.909999847412109,6.769999980926514,6.860000133514404,178400,0.0,0.0
2022-08-30 00:00:00-04:00,6.920000076293945,6.920000076293945,6.710000038146973,6.78000020980835,387000,0.0,0.0
2022-08-31 00:00:00-04:00,6.800000190734863,6.829999923706055,6.730000019073486,6.78000020980835,421700,0.0,0.0
2022-09-01 00:00:00-04:00,6.730000019073486,6.739999771118164,6.360000133514404,6.440000057220459,439800,0.0,0.0
2022-09-02 00:00:00-04:00,6.559999942779541,6.559999942779541,6.289999961853027,6.329999923706055,215400,0.0,0.0
2022-09-06 00:00:00-04:00,6.489999771118164,6.670000076293945,6.380000114440918,6.400000095367432,413100,0.0,0.0
2022-09-07 00:00:00-04:00,6.309999942779541,6.920000076293945,6.309999942779541,6.809999942779541,467000,0.0,0.0
2022-09-08 00:00:00-04:00,6.730000019073486,6.980000019073486,6.599999904632568,6.800000190734863,438400,0.0,0.0
2022-09-09 00:00:00-04:00,6.869999885559082,7.210000038146973,6.860000133514404,7.150000095367432,506800,0.0,0.0
2022-09-12 00:00:00-04:00,7.210000038146973,7.510000228881836,7.210000038146973,7.409999847412109,413600,0.0,0.0
2022-09-13 00:00:00-04:00,7.210000038146973,7.369999885559082,7.119999885559082,7.170000076293945,360800,0.0,0.0
2022-09-14 00:00:00-04:00,7.179999828338623,7.340000152587891,7.099999904632568,7.340000152587891,349800,0.0,0.0
2022-09-15 00:00:00-04:00,7.260000228881836,7.519999980926514,7.25,7.360000133514404,401600,0.0,0.0
2022-09-16 00:00:00-04:00,7.210000038146973,7.320000171661377,7.090000152587891,7.28000020980835,1631800,0.0,0.0
2022-09-19 00:00:00-04:00,7.150000095367432,7.510000228881836,6.980000019073486,7.420000076293945,533500,0.0,0.0
2022-09-20 00:00:00-04:00,7.28000020980835,7.449999809265137,7.210000038146973,7.329999923706055,320100,0.0,0.0
2022-09-21 00:00:00-04:00,7.409999847412109,7.519999980926514,7.099999904632568,7.110000133514404,413400,0.0,0.0
2022-09-22 00:00:00-04:00,7.059999942779541,7.110000133514404,6.769999980926514,6.849999904632568,345300,0.0,0.0
2022-09-23 00:00:00-04:00,6.71999979019165,6.760000228881836,6.510000228881836,6.619999885559082,256700,0.0,0.0
2022-09-26 00:00:00-04:00,6.570000171661377,6.769999980926514,6.570000171661377,6.679999828338623,397900,0.0,0.0
2022-09-27 00:00:00-04:00,6.760000228881836,6.940000057220459,6.619999885559082,6.840000152587891,339000,0.0,0.0
2022-09-28 00:00:00-04:00,6.889999866485596,7.25,6.860000133514404,7.150000095367432,326000,0.0,0.0
2022-09-29 00:00:00-04:00,7.050000190734863,7.079999923706055,6.909999847412109,7.039999961853027,295600,0.0,0.0
2022-09-30 00:00:00-04:00,7.010000228881836,7.340000152587891,6.929999828338623,6.949999809265137,1165900,0.0,0.0
2022-10-03 00:00:00-04:00,7.099999904632568,7.130000114440918,6.679999828338623,6.730000019073486,673800,0.0,0.0
2022-10-04 00:00:00-04:00,6.809999942779541,7.210000038146973,6.809999942779541,7.199999809265137,485100,0.0,0.0
2022-10-05 00:00:00-04:00,7.130000114440918,7.380000114440918,7.110000133514404,7.28000020980835,400500,0.0,0.0
2022-10-06 00:00:00-04:00,7.239999771118164,7.449999809265137,7.190000057220459,7.300000190734863,338800,0.0,0.0
2022-10-07 00:00:00-04:00,7.230000019073486,7.309999942779541,7.099999904632568,7.159999847412109,246000,0.0,0.0
2022-10-10 00:00:00-04:00,7.170000076293945,7.340000152587891,7.110000133514404,7.25,250000,0.0,0.0
2022-10-11 00:00:00-04:00,7.210000038146973,7.349999904632568,7.159999847412109,7.25,336000,0.0,0.0
2022-10-12 00:00:00-04:00,7.309999942779541,7.380000114440918,7.190000057220459,7.269999980926514,322000,0.0,0.0
2022-10-13 00:00:00-04:00,7.079999923706055,7.429999828338623,6.980000019073486,7.409999847412109,410400,0.0,0.0
2022-10-14 00:00:00-04:00,7.420000076293945,7.53000020980835,7.079999923706055,7.090000152587891,277900,0.0,0.0
2022-10-17 00:00:00-04:00,7.170000076293945,7.440000057220459,7.150000095367432,7.320000171661377,556500,0.0,0.0
2022-10-18 00:00:00-04:00,7.53000020980835,7.869999885559082,7.510000228881836,7.699999809265137,680700,0.0,0.0
2022-10-19 00:00:00-04:00,7.71999979019165,8.0,7.329999923706055,7.5,476900,0.0,0.0
2022-10-20 00:00:00-04:00,7.5,7.659999847412109,7.380000114440918,7.380000114440918,236900,0.0,0.0
2022-10-21 00:00:00-04:00,7.460000038146973,7.619999885559082,7.329999923706055,7.539999961853027,356400,0.0,0.0
2022-10-24 00:00:00-04:00,7.619999885559082,7.619999885559082,7.440000057220459,7.510000228881836,287500,0.0,0.0
2022-10-25 00:00:00-04:00,7.5,7.800000190734863,7.5,7.550000190734863,386900,0.0,0.0
2022-10-26 00:00:00-04:00,7.619999885559082,7.920000076293945,7.460000038146973,7.46999979019165,258100,0.0,0.0
2022-10-27 00:00:00-04:00,7.53000020980835,7.699999809265137,7.349999904632568,7.380000114440918,293100,0.0,0.0
2022-10-28 00:00:00-04:00,7.369999885559082,7.820000171661377,7.300000190734863,7.619999885559082,461200,0.0,0.0
2022-10-31 00:00:00-04:00,7.570000171661377,7.690000057220459,7.449999809265137,7.590000152587891,310800,0.0,0.0
2022-11-01 00:00:00-04:00,7.710000038146973,7.760000228881836,7.590000152587891,7.670000076293945,270900,0.0,0.0
2022-11-02 00:00:00-04:00,7.639999866485596,7.690000057220459,7.349999904632568,7.389999866485596,408800,0.0,0.0
2022-11-03 00:00:00-04:00,7.659999847412109,7.800000190734863,6.929999828338623,7.019999980926514,469800,0.0,0.0
2022-11-04 00:00:00-04:00,7.110000133514404,7.110000133514404,6.159999847412109,6.630000114440918,550400,0.0,0.0
2022-11-07 00:00:00-05:00,6.699999809265137,7.369999885559082,6.699999809265137,7.309999942779541,486900,0.0,0.0
2022-11-08 00:00:00-05:00,7.320000171661377,7.449999809265137,7.139999866485596,7.230000019073486,362300,0.0,0.0
2022-11-09 00:00:00-05:00,7.179999828338623,7.380000114440918,6.840000152587891,6.889999866485596,650900,0.0,0.0
2022-11-10 00:00:00-05:00,7.21999979019165,7.590000152587891,7.21999979019165,7.420000076293945,645300,0.0,0.0
2022-11-11 00:00:00-05:00,7.489999771118164,7.699999809265137,7.400000095367432,7.639999866485596,465000,0.0,0.0
2022-11-14 00:00:00-05:00,7.769999980926514,8.039999961853027,7.760000228881836,7.789999961853027,540700,0.0,0.0
2022-11-15 00:00:00-05:00,8.050000190734863,8.050000190734863,7.869999885559082,8.0,380200,0.0,0.0
2022-11-16 00:00:00-05:00,7.960000038146973,8.029999732971191,7.849999904632568,7.900000095367432,275700,0.0,0.0
2022-11-17 00:00:00-05:00,7.75,7.980000019073486,7.679999828338623,7.960000038146973,368600,0.0,0.0
2022-11-18 00:00:00-05:00,8.100000381469727,8.100000381469727,7.920000076293945,7.960000038146973,319300,0.0,0.0
2022-11-21 00:00:00-05:00,7.869999885559082,7.920000076293945,7.389999866485596,7.440000057220459,481300,0.0,0.0
2022-11-22 00:00:00-05:00,7.46999979019165,7.71999979019165,7.309999942779541,7.639999866485596,532000,0.0,0.0
2022-11-23 00:00:00-05:00,7.630000114440918,7.739999771118164,7.510000228881836,7.630000114440918,508100,0.0,0.0
2022-11-25 00:00:00-05:00,7.619999885559082,7.809999942779541,7.579999923706055,7.75,208000,0.0,0.0
2022-11-28 00:00:00-05:00,7.659999847412109,7.800000190734863,7.579999923706055,7.690000057220459,260300,0.0,0.0
2022-11-29 00:00:00-05:00,7.630000114440918,7.630000114440918,7.099999904632568,7.179999828338623,487500,0.0,0.0
2022-11-30 00:00:00-05:00,7.130000114440918,7.46999979019165,7.090000152587891,7.460000038146973,558600,0.0,0.0
2022-12-01 00:00:00-05:00,7.480000019073486,7.699999809265137,7.420000076293945,7.46999979019165,406200,0.0,0.0
2022-12-02 00:00:00-05:00,7.349999904632568,7.570000171661377,7.289999961853027,7.489999771118164,237900,0.0,0.0
2022-12-05 00:00:00-05:00,7.429999828338623,7.599999904632568,7.400000095367432,7.489999771118164,224400,0.0,0.0
2022-12-06 00:00:00-05:00,7.460000038146973,7.539999961853027,7.059999942779541,7.320000171661377,458500,0.0,0.0
2022-12-07 00:00:00-05:00,7.340000152587891,7.409999847412109,6.940000057220459,7.0,430700,0.0,0.0
2022-12-08 00:00:00-05:00,6.949999809265137,7.159999847412109,6.550000190734863,6.570000171661377,1022200,0.0,0.0
2022-12-09 00:00:00-05:00,6.630000114440918,6.960000038146973,6.53000020980835,6.900000095367432,493500,0.0,0.0
2022-12-12 00:00:00-05:00,6.809999942779541,7.239999771118164,6.809999942779541,7.199999809265137,492000,0.0,0.0
2022-12-13 00:00:00-05:00,7.690000057220459,7.760000228881836,7.0,7.090000152587891,488000,0.0,0.0
2022-12-14 00:00:00-05:00,7.079999923706055,7.28000020980835,6.670000076293945,7.03000020980835,333100,0.0,0.0
2022-12-15 00:00:00-05:00,6.960000038146973,7.0,6.539999961853027,6.599999904632568,350700,0.0,0.0
2022-12-16 00:00:00-05:00,6.889999866485596,6.889999866485596,6.619999885559082,6.760000228881836,842800,0.0,0.0
2022-12-19 00:00:00-05:00,6.75,6.860000133514404,6.559999942779541,6.639999866485596,293900,0.0,0.0
2022-12-20 00:00:00-05:00,6.599999904632568,6.789999961853027,6.570000171661377,6.619999885559082,227300,0.0,0.0
2022-12-21 00:00:00-05:00,6.679999828338623,6.760000228881836,6.619999885559082,6.630000114440918,305100,0.0,0.0
2022-12-22 00:00:00-05:00,6.539999961853027,6.599999904632568,6.199999809265137,6.369999885559082,552700,0.0,0.0
2022-12-23 00:00:00-05:00,6.349999904632568,6.349999904632568,6.090000152587891,6.269999980926514,375700,0.0,0.0
2022-12-27 00:00:00-05:00,6.179999828338623,6.329999923706055,6.070000171661377,6.119999885559082,242900,0.0,0.0
2022-12-28 00:00:00-05:00,6.090000152587891,6.199999809265137,5.940000057220459,6.03000020980835,349600,0.0,0.0
2022-12-29 00:00:00-05:00,6.070000171661377,6.309999942779541,5.949999809265137,6.199999809265137,282200,0.0,0.0
2022-12-30 00:00:00-05:00,6.139999866485596,6.329999923706055,6.079999923706055,6.210000038146973,309900,0.0,0.0
2023-01-03 00:00:00-05:00,6.300000190734863,6.480000019073486,6.179999828338623,6.28000020980835,364600,0.0,0.0
2023-01-04 00:00:00-05:00,6.300000190734863,6.409999847412109,6.179999828338623,6.320000171661377,421200,0.0,0.0
2023-01-05 00:00:00-05:00,6.300000190734863,6.539999961853027,6.090000152587891,6.429999828338623,346000,0.0,0.0
2023-01-06 00:00:00-05:00,6.489999771118164,6.610000133514404,6.440000057220459,6.510000228881836,282500,0.0,0.0
2023-01-09 00:00:00-05:00,6.619999885559082,6.809999942779541,6.559999942779541,6.650000095367432,210900,0.0,0.0
2023-01-10 00:00:00-05:00,6.610000133514404,6.829999923706055,6.570000171661377,6.760000228881836,297100,0.0,0.0
2023-01-11 00:00:00-05:00,6.760000228881836,7.119999885559082,6.679999828338623,7.019999980926514,458500,0.0,0.0
2023-01-12 00:00:00-05:00,7.090000152587891,7.21999979019165,6.949999809265137,7.059999942779541,305100,0.0,0.0
2023-01-13 00:00:00-05:00,7.019999980926514,7.179999828338623,6.989999771118164,7.110000133514404,320300,0.0,0.0
2023-01-17 00:00:00-05:00,7.059999942779541,7.059999942779541,6.619999885559082,6.690000057220459,310300,0.0,0.0
2023-01-18 00:00:00-05:00,6.730000019073486,6.989999771118164,6.53000020980835,6.670000076293945,239100,0.0,0.0
2023-01-19 00:00:00-05:00,6.590000152587891,6.71999979019165,6.53000020980835,6.679999828338623,259400,0.0,0.0
2023-01-20 00:00:00-05:00,6.800000190734863,6.989999771118164,6.71999979019165,6.909999847412109,296800,0.0,0.0
2023-01-23 00:00:00-05:00,6.909999847412109,7.039999961853027,6.800000190734863,6.889999866485596,263100,0.0,0.0
2023-01-24 00:00:00-05:00,6.840000152587891,7.019999980926514,6.840000152587891,6.860000133514404,245500,0.0,0.0
2023-01-25 00:00:00-05:00,6.809999942779541,6.96999979019165,6.730000019073486,6.880000114440918,301500,0.0,0.0
2023-01-26 00:00:00-05:00,6.940000057220459,7.03000020980835,6.769999980926514,6.889999866485596,332900,0.0,0.0
2023-01-27 00:00:00-05:00,6.880000114440918,6.929999828338623,6.71999979019165,6.78000020980835,381100,0.0,0.0
2023-01-30 00:00:00-05:00,6.739999771118164,6.980000019073486,6.739999771118164,6.889999866485596,234500,0.0,0.0
2023-01-31 00:00:00-05:00,6.900000095367432,7.019999980926514,6.789999961853027,7.019999980926514,398600,0.0,0.0
2023-02-01 00:00:00-05:00,7.010000228881836,7.039999961853027,6.800000190734863,6.960000038146973,403700,0.0,0.0
2023-02-02 00:00:00-05:00,7.019999980926514,7.409999847412109,7.0,7.329999923706055,633300,0.0,0.0
2023-02-03 00:00:00-05:00,7.289999961853027,7.570000171661377,7.289999961853027,7.349999904632568,552300,0.0,0.0
2023-02-06 00:00:00-05:00,7.269999980926514,7.449999809265137,6.929999828338623,7.099999904632568,381700,0.0,0.0
2023-02-07 00:00:00-05:00,7.090000152587891,7.150000095367432,6.829999923706055,7.039999961853027,423700,0.0,0.0
2023-02-08 00:00:00-05:00,6.960000038146973,7.059999942779541,6.900000095367432,6.909999847412109,396200,0.0,0.0
2023-02-09 00:00:00-05:00,7.03000020980835,7.03000020980835,6.75,6.809999942779541,297000,0.0,0.0
2023-02-10 00:00:00-05:00,6.739999771118164,7.03000020980835,6.690000057220459,6.760000228881836,259200,0.0,0.0
2023-02-13 00:00:00-05:00,6.769999980926514,6.989999771118164,6.710000038146973,6.960000038146973,283300,0.0,0.0
2023-02-14 00:00:00-05:00,6.929999828338623,7.0,6.800000190734863,6.940000057220459,274300,0.0,0.0
2023-02-15 00:00:00-05:00,6.889999866485596,7.210000038146973,6.889999866485596,7.150000095367432,307400,0.0,0.0
2023-02-16 00:00:00-05:00,7.039999961853027,7.28000020980835,6.96999979019165,7.119999885559082,402300,0.0,0.0
2023-02-17 00:00:00-05:00,7.170000076293945,7.21999979019165,6.980000019073486,7.119999885559082,320300,0.0,0.0
2023-02-21 00:00:00-05:00,7.039999961853027,7.150000095367432,6.739999771118164,6.769999980926514,309700,0.0,0.0
2023-02-22 00:00:00-05:00,6.760000228881836,7.019999980926514,6.699999809265137,6.880000114440918,290500,0.0,0.0
2023-02-23 00:00:00-05:00,6.889999866485596,6.949999809265137,6.820000171661377,6.920000076293945,328500,0.0,0.0
2023-02-24 00:00:00-05:00,6.789999961853027,6.889999866485596,6.730000019073486,6.860000133514404,241000,0.0,0.0
2023-02-27 00:00:00-05:00,6.869999885559082,7.010000228881836,6.78000020980835,6.869999885559082,264600,0.0,0.0
2023-02-28 00:00:00-05:00,6.929999828338623,6.96999979019165,6.829999923706055,6.860000133514404,480500,0.0,0.0
2023-03-01 00:00:00-05:00,6.829999923706055,6.920000076293945,6.739999771118164,6.789999961853027,365100,0.0,0.0
2023-03-02 00:00:00-05:00,7.449999809265137,8.050000190734863,7.239999771118164,7.579999923706055,3156200,0.0,0.0
2023-03-03 00:00:00-05:00,7.78000020980835,8.329999923706055,7.699999809265137,7.989999771118164,2769800,0.0,0.0
2023-03-06 00:00:00-05:00,8.050000190734863,9.229999542236328,8.050000190734863,9.210000038146973,2964200,0.0,0.0
2023-03-07 00:00:00-05:00,9.210000038146973,9.210000038146973,8.649999618530273,9.0,1126600,0.0,0.0
2023-03-08 00:00:00-05:00,9.029999732971191,9.050000190734863,8.649999618530273,8.789999961853027,640700,0.0,0.0
2023-03-09 00:00:00-05:00,8.25,8.260000228881836,6.599999904632568,6.809999942779541,3996800,0.0,0.0
2023-03-10 00:00:00-05:00,6.599999904632568,6.730000019073486,6.130000114440918,6.599999904632568,8153600,0.0,0.0
2023-03-13 00:00:00-04:00,6.429999828338623,6.460000038146973,6.079999923706055,6.300000190734863,2711100,0.0,0.0
2023-03-14 00:00:00-04:00,6.429999828338623,6.610000133514404,6.28000020980835,6.570000171661377,1524900,0.0,0.0
2023-03-15 00:00:00-04:00,6.489999771118164,6.550000190734863,6.320000171661377,6.53000020980835,1021000,0.0,0.0
2023-03-16 00:00:00-04:00,6.380000114440918,6.619999885559082,6.239999771118164,6.5,975700,0.0,0.0
2023-03-17 00:00:00-04:00,6.300000190734863,6.559999942779541,6.25,6.5,1228900,0.0,0.0
2023-03-20 00:00:00-04:00,6.659999847412109,6.96999979019165,6.579999923706055,6.880000114440918,962200,0.0,0.0
2023-03-21 00:00:00-04:00,6.949999809265137,7.139999866485596,6.650000095367432,7.070000171661377,1842500,0.0,0.0
2023-03-22 00:00:00-04:00,7.150000095367432,7.199999809265137,6.869999885559082,6.880000114440918,846200,0.0,0.0
2023-03-23 00:00:00-04:00,6.960000038146973,7.159999847412109,6.78000020980835,6.880000114440918,891700,0.0,0.0
2023-03-24 00:00:00-04:00,6.800000190734863,6.960000038146973,6.699999809265137,6.889999866485596,462500,0.0,0.0
2023-03-27 00:00:00-04:00,6.889999866485596,7.019999980926514,6.809999942779541,6.929999828338623,448400,0.0,0.0
2023-03-28 00:00:00-04:00,6.880000114440918,7.170000076293945,6.880000114440918,7.03000020980835,454300,0.0,0.0
2023-03-29 00:00:00-04:00,7.130000114440918,7.199999809265137,7.059999942779541,7.090000152587891,338900,0.0,0.0
2023-03-30 00:00:00-04:00,7.179999828338623,7.25,7.090000152587891,7.150000095367432,611400,0.0,0.0
2023-03-31 00:00:00-04:00,7.199999809265137,7.5,7.199999809265137,7.420000076293945,991500,0.0,0.0
2023-04-03 00:00:00-04:00,7.440000057220459,7.489999771118164,7.170000076293945,7.239999771118164,693200,0.0,0.0
2023-04-04 00:00:00-04:00,7.28000020980835,7.320000171661377,7.079999923706055,7.150000095367432,899200,0.0,0.0
2023-04-05 00:00:00-04:00,7.059999942779541,7.099999904632568,6.869999885559082,6.989999771118164,698800,0.0,0.0
2023-04-06 00:00:00-04:00,6.949999809265137,7.050000190734863,6.869999885559082,6.940000057220459,653000,0.0,0.0
2023-04-10 00:00:00-04:00,6.869999885559082,7.019999980926514,6.78000020980835,6.809999942779541,675000,0.0,0.0
2023-04-11 00:00:00-04:00,6.75,6.75,6.46999979019165,6.480000019073486,743600,0.0,0.0
2023-04-12 00:00:00-04:00,6.5,6.539999961853027,6.059999942779541,6.099999904632568,946200,0.0,0.0
2023-04-13 00:00:00-04:00,6.070000171661377,6.349999904632568,5.739999771118164,6.119999885559082,1046300,0.0,0.0
2023-04-14 00:00:00-04:00,6.159999847412109,6.380000114440918,6.159999847412109,6.329999923706055,836700,0.0,0.0
2023-04-17 00:00:00-04:00,6.349999904632568,6.789999961853027,6.309999942779541,6.699999809265137,866400,0.0,0.0
2023-04-18 00:00:00-04:00,6.769999980926514,6.929999828338623,6.639999866485596,6.690000057220459,520500,0.0,0.0
2023-04-19 00:00:00-04:00,6.650000095367432,6.699999809265137,6.489999771118164,6.5,550500,0.0,0.0
2023-04-20 00:00:00-04:00,6.409999847412109,6.610000133514404,6.309999942779541,6.46999979019165,736700,0.0,0.0
2023-04-21 00:00:00-04:00,6.449999809265137,6.579999923706055,6.360000133514404,6.449999809265137,429700,0.0,0.0
2023-04-24 00:00:00-04:00,6.449999809265137,6.590000152587891,6.369999885559082,6.480000019073486,332700,0.0,0.0
2023-04-25 00:00:00-04:00,6.389999866485596,6.460000038146973,6.110000133514404,6.150000095367432,433800,0.0,0.0
2023-04-26 00:00:00-04:00,6.119999885559082,6.260000228881836,6.019999980926514,6.059999942779541,443500,0.0,0.0
2023-04-27 00:00:00-04:00,6.139999866485596,6.190000057220459,6.0,6.059999942779541,590400,0.0,0.0
2023-04-28 00:00:00-04:00,6.039999961853027,6.269999980926514,6.039999961853027,6.21999979019165,430700,0.0,0.0
2023-05-01 00:00:00-04:00,6.199999809265137,6.369999885559082,6.119999885559082,6.300000190734863,401800,0.0,0.0
2023-05-02 00:00:00-04:00,6.480000019073486,6.480000019073486,6.099999904632568,6.159999847412109,579900,0.0,0.0
2023-05-03 00:00:00-04:00,6.179999828338623,6.320000171661377,6.019999980926514,6.039999961853027,616900,0.0,0.0
2023-05-04 00:00:00-04:00,5.820000171661377,5.860000133514404,5.570000171661377,5.710000038146973,816800,0.0,0.0
2023-05-05 00:00:00-04:00,5.710000038146973,5.869999885559082,5.659999847412109,5.710000038146973,920900,0.0,0.0
2023-05-08 00:00:00-04:00,5.949999809265137,6.119999885559082,5.829999923706055,5.840000152587891,657300,0.0,0.0
2023-05-09 00:00:00-04:00,5.519999980926514,5.659999847412109,5.159999847412109,5.53000020980835,1206400,0.0,0.0
2023-05-10 00:00:00-04:00,5.610000133514404,5.96999979019165,5.519999980926514,5.760000228881836,1024200,0.0,0.0
2023-05-11 00:00:00-04:00,5.699999809265137,5.760000228881836,5.349999904632568,5.550000190734863,820300,0.0,0.0
2023-05-12 00:00:00-04:00,5.570000171661377,5.690000057220459,5.480000019073486,5.579999923706055,577300,0.0,0.0
2023-05-15 00:00:00-04:00,5.570000171661377,5.599999904632568,5.5,5.579999923706055,701100,0.0,0.0
2023-05-16 00:00:00-04:00,5.570000171661377,5.75,5.519999980926514,5.619999885559082,794600,0.0,0.0
2023-05-17 00:00:00-04:00,5.659999847412109,5.769999980926514,5.610000133514404,5.71999979019165,581600,0.0,0.0
2023-05-18 00:00:00-04:00,5.75,5.849999904632568,5.71999979019165,5.809999942779541,637500,0.0,0.0
2023-05-19 00:00:00-04:00,5.880000114440918,5.929999828338623,5.75,5.820000171661377,584100,0.0,0.0
2023-05-22 00:00:00-04:00,5.860000133514404,6.309999942779541,5.860000133514404,6.230000019073486,942700,0.0,0.0
2023-05-23 00:00:00-04:00,6.199999809265137,6.489999771118164,6.139999866485596,6.230000019073486,963000,0.0,0.0
2023-05-24 00:00:00-04:00,6.170000076293945,6.289999961853027,5.920000076293945,5.929999828338623,546100,0.0,0.0
2023-05-25 00:00:00-04:00,5.929999828338623,6.070000171661377,5.809999942779541,5.929999828338623,738500,0.0,0.0
2023-05-26 00:00:00-04:00,5.960000038146973,6.260000228881836,5.960000038146973,6.199999809265137,968100,0.0,0.0
2023-05-30 00:00:00-04:00,6.25,6.360000133514404,6.210000038146973,6.21999979019165,667400,0.0,0.0
2023-05-31 00:00:00-04:00,6.199999809265137,6.300000190734863,6.059999942779541,6.199999809265137,1109400,0.0,0.0
2023-06-01 00:00:00-04:00,6.190000057220459,6.400000095367432,6.159999847412109,6.340000152587891,725700,0.0,0.0
2023-06-02 00:00:00-04:00,6.400000095367432,6.820000171661377,6.400000095367432,6.769999980926514,752300,0.0,0.0
2023-06-05 00:00:00-04:00,6.739999771118164,6.840000152587891,6.639999866485596,6.699999809265137,433200,0.0,0.0
2023-06-06 00:00:00-04:00,6.659999847412109,7.190000057220459,6.639999866485596,7.159999847412109,711700,0.0,0.0
2023-06-07 00:00:00-04:00,7.150000095367432,7.78000020980835,7.150000095367432,7.75,1858000,0.0,0.0
2023-06-08 00:00:00-04:00,7.760000228881836,7.840000152587891,7.53000020980835,7.760000228881836,1146800,0.0,0.0
2023-06-09 00:00:00-04:00,7.739999771118164,7.96999979019165,7.739999771118164,7.860000133514404,1056800,0.0,0.0
2023-06-12 00:00:00-04:00,7.860000133514404,7.960000038146973,7.75,7.840000152587891,805600,0.0,0.0
2023-06-13 00:00:00-04:00,7.849999904632568,8.109999656677246,7.639999866485596,7.920000076293945,1312500,0.0,0.0
2023-06-14 00:00:00-04:00,7.929999828338623,7.980000019073486,7.639999866485596,7.809999942779541,697300,0.0,0.0
2023-06-15 00:00:00-04:00,7.71999979019165,7.860000133514404,7.599999904632568,7.760000228881836,493500,0.0,0.0
2023-06-16 00:00:00-04:00,7.610000133514404,7.699999809265137,7.409999847412109,7.590000152587891,836100,0.0,0.0
2023-06-20 00:00:00-04:00,7.559999942779541,7.579999923706055,7.429999828338623,7.550000190734863,609900,0.0,0.0
2023-06-21 00:00:00-04:00,7.53000020980835,7.559999942779541,7.340000152587891,7.53000020980835,474200,0.0,0.0
2023-06-22 00:00:00-04:00,7.519999980926514,7.570000171661377,7.289999961853027,7.349999904632568,745100,0.0,0.0
2023-06-23 00:00:00-04:00,7.199999809265137,7.340000152587891,7.070000171661377,7.210000038146973,4773700,0.0,0.0
2023-06-26 00:00:00-04:00,7.170000076293945,7.440000057220459,7.130000114440918,7.369999885559082,494000,0.0,0.0
2023-06-27 00:00:00-04:00,7.349999904632568,7.579999923706055,7.320000171661377,7.53000020980835,441300,0.0,0.0
2023-06-28 00:00:00-04:00,7.449999809265137,7.480000019073486,7.340000152587891,7.460000038146973,481600,0.0,0.0
2023-06-29 00:00:00-04:00,7.440000057220459,7.579999923706055,7.380000114440918,7.440000057220459,548300,0.0,0.0
2023-06-30 00:00:00-04:00,7.519999980926514,7.519999980926514,7.159999847412109,7.210000038146973,359800,0.0,0.0
2023-07-03 00:00:00-04:00,7.190000057220459,7.300000190734863,7.090000152587891,7.269999980926514,282900,0.0,0.0
2023-07-05 00:00:00-04:00,7.199999809265137,7.199999809265137,6.900000095367432,7.130000114440918,547100,0.0,0.0
2023-07-06 00:00:00-04:00,7.039999961853027,7.050000190734863,6.860000133514404,6.96999979019165,409200,0.0,0.0
2023-07-07 00:00:00-04:00,6.960000038146973,7.159999847412109,6.960000038146973,7.090000152587891,660400,0.0,0.0
2023-07-10 00:00:00-04:00,7.039999961853027,7.420000076293945,6.980000019073486,7.409999847412109,492600,0.0,0.0
2023-07-11 00:00:00-04:00,7.449999809265137,7.650000095367432,7.369999885559082,7.510000228881836,887300,0.0,0.0
2023-07-12 00:00:00-04:00,7.690000057220459,7.699999809265137,7.46999979019165,7.480000019073486,359200,0.0,0.0
2023-07-13 00:00:00-04:00,7.510000228881836,7.590000152587891,7.420000076293945,7.449999809265137,308300,0.0,0.0
2023-07-14 00:00:00-04:00,7.5,7.53000020980835,7.340000152587891,7.389999866485596,347800,0.0,0.0
2023-07-17 00:00:00-04:00,8.079999923706055,8.59000015258789,8.0,8.1899995803833,2996900,0.0,0.0
2023-07-18 00:00:00-04:00,8.130000114440918,8.279999732971191,7.860000133514404,8.039999961853027,2482000,0.0,0.0
2023-07-19 00:00:00-04:00,8.029999732971191,8.029999732971191,7.230000019073486,7.46999979019165,863300,0.0,0.0
2023-07-20 00:00:00-04:00,7.420000076293945,7.659999847412109,7.409999847412109,7.53000020980835,460900,0.0,0.0
2023-07-21 00:00:00-04:00,7.539999961853027,7.550000190734863,6.920000076293945,6.960000038146973,958800,0.0,0.0
2023-07-24 00:00:00-04:00,6.670000076293945,7.150000095367432,6.25,6.820000171661377,1902600,0.0,0.0
2023-07-25 00:00:00-04:00,6.739999771118164,6.869999885559082,6.349999904632568,6.369999885559082,848800,0.0,0.0
2023-07-26 00:00:00-04:00,6.340000152587891,6.53000020980835,6.300000190734863,6.440000057220459,556100,0.0,0.0
2023-07-27 00:00:00-04:00,6.449999809265137,6.559999942779541,6.380000114440918,6.489999771118164,599600,0.0,0.0
2023-07-28 00:00:00-04:00,6.5,6.659999847412109,6.389999866485596,6.650000095367432,625100,0.0,0.0
2023-07-31 00:00:00-04:00,6.650000095367432,6.789999961853027,6.599999904632568,6.710000038146973,603400,0.0,0.0
2023-08-01 00:00:00-04:00,6.75,6.840000152587891,6.619999885559082,6.809999942779541,676800,0.0,0.0
2023-08-02 00:00:00-04:00,6.71999979019165,6.800000190734863,6.389999866485596,6.389999866485596,769600,0.0,0.0
2023-08-03 00:00:00-04:00,6.460000038146973,6.559999942779541,6.269999980926514,6.349999904632568,802800,0.0,0.0
2023-08-04 00:00:00-04:00,6.349999904632568,6.539999961853027,6.309999942779541,6.400000095367432,637400,0.0,0.0
2023-08-07 00:00:00-04:00,6.46999979019165,6.46999979019165,6.289999961853027,6.369999885559082,474300,0.0,0.0
2023-08-08 00:00:00-04:00,6.079999923706055,6.46999979019165,5.929999828338623,6.449999809265137,1275200,0.0,0.0
2023-08-09 00:00:00-04:00,6.159999847412109,6.289999961853027,5.670000076293945,5.71999979019165,956800,0.0,0.0
2023-08-10 00:00:00-04:00,5.739999771118164,5.75,5.389999866485596,5.510000228881836,747500,0.0,0.0
2023-08-11 00:00:00-04:00,5.429999828338623,5.699999809265137,5.320000171661377,5.679999828338623,817400,0.0,0.0
2023-08-14 00:00:00-04:00,5.630000114440918,5.710000038146973,5.539999961853027,5.659999847412109,425900,0.0,0.0
2023-08-15 00:00:00-04:00,5.610000133514404,5.610000133514404,5.380000114440918,5.420000076293945,618800,0.0,0.0
2023-08-16 00:00:00-04:00,5.46999979019165,5.5,5.170000076293945,5.199999809265137,622700,0.0,0.0
2023-08-17 00:00:00-04:00,5.210000038146973,5.230000019073486,5.039999961853027,5.070000171661377,463300,0.0,0.0
2023-08-18 00:00:00-04:00,5.019999980926514,5.21999979019165,5.019999980926514,5.139999866485596,538600,0.0,0.0
2023-08-21 00:00:00-04:00,5.150000095367432,5.159999847412109,4.670000076293945,4.96999979019165,1811300,0.0,0.0
2023-08-22 00:00:00-04:00,5.019999980926514,5.139999866485596,4.840000152587891,4.869999885559082,1135200,0.0,0.0
2023-08-23 00:00:00-04:00,4.880000114440918,5.050000190734863,4.849999904632568,4.989999771118164,605300,0.0,0.0
2023-08-24 00:00:00-04:00,4.989999771118164,5.010000228881836,4.840000152587891,4.949999809265137,569300,0.0,0.0
2023-08-25 00:00:00-04:00,4.96999979019165,5.090000152587891,4.929999828338623,4.980000019073486,486100,0.0,0.0
2023-08-28 00:00:00-04:00,5.0,5.090000152587891,4.960000038146973,5.079999923706055,459700,0.0,0.0
2023-08-29 00:00:00-04:00,5.070000171661377,5.329999923706055,5.059999942779541,5.309999942779541,565900,0.0,0.0
2023-08-30 00:00:00-04:00,5.309999942779541,5.510000228881836,5.28000020980835,5.480000019073486,749600,0.0,0.0
2023-08-31 00:00:00-04:00,5.480000019073486,5.510000228881836,5.360000133514404,5.449999809265137,552300,0.0,0.0
2023-09-01 00:00:00-04:00,5.510000228881836,5.659999847412109,5.449999809265137,5.510000228881836,589300,0.0,0.0
2023-09-05 00:00:00-04:00,5.46999979019165,5.710000038146973,5.28000020980835,5.579999923706055,907500,0.0,0.0
2023-09-06 00:00:00-04:00,5.590000152587891,5.800000190734863,5.5,5.670000076293945,1024700,0.0,0.0
2023-09-07 00:00:00-04:00,5.639999866485596,5.699999809265137,5.360000133514404,5.460000038146973,1080800,0.0,0.0
2023-09-08 00:00:00-04:00,5.46999979019165,5.510000228881836,5.25,5.309999942779541,667600,0.0,0.0
2023-09-11 00:00:00-04:00,5.389999866485596,5.550000190734863,5.349999904632568,5.420000076293945,518200,0.0,0.0
2023-09-12 00:00:00-04:00,5.420000076293945,5.5,5.329999923706055,5.460000038146973,632100,0.0,0.0
2023-09-13 00:00:00-04:00,5.480000019073486,5.480000019073486,5.289999961853027,5.380000114440918,620100,0.0,0.0
2023-09-14 00:00:00-04:00,5.449999809265137,5.550000190734863,5.340000152587891,5.510000228881836,712300,0.0,0.0
2023-09-15 00:00:00-04:00,5.539999961853027,5.579999923706055,5.409999847412109,5.440000057220459,4144100,0.0,0.0
2023-09-18 00:00:00-04:00,5.449999809265137,5.449999809265137,4.679999828338623,4.679999828338623,1284200,0.0,0.0
2023-09-19 00:00:00-04:00,4.760000228881836,4.849999904632568,4.46999979019165,4.789999961853027,1544200,0.0,0.0
2023-09-20 00:00:00-04:00,4.730000019073486,4.940000057220459,4.630000114440918,4.639999866485596,929000,0.0,0.0
2023-09-21 00:00:00-04:00,4.610000133514404,4.760000228881836,4.599999904632568,4.670000076293945,756000,0.0,0.0
2023-09-22 00:00:00-04:00,4.679999828338623,4.760000228881836,4.619999885559082,4.690000057220459,638700,0.0,0.0
2023-09-25 00:00:00-04:00,4.659999847412109,4.679999828338623,4.539999961853027,4.590000152587891,368000,0.0,0.0
2023-09-26 00:00:00-04:00,4.53000020980835,4.599999904632568,4.420000076293945,4.460000038146973,1388000,0.0,0.0
2023-09-27 00:00:00-04:00,4.510000228881836,4.650000095367432,4.46999979019165,4.550000190734863,521700,0.0,0.0
2023-09-28 00:00:00-04:00,4.53000020980835,4.630000114440918,4.46999979019165,4.619999885559082,588100,0.0,0.0
2023-09-29 00:00:00-04:00,4.659999847412109,4.760000228881836,4.639999866485596,4.690000057220459,473300,0.0,0.0
2023-10-02 00:00:00-04:00,4.659999847412109,4.71999979019165,4.570000171661377,4.599999904632568,500300,0.0,0.0
2023-10-03 00:00:00-04:00,4.570000171661377,4.570000171661377,4.329999923706055,4.340000152587891,860500,0.0,0.0
2023-10-04 00:00:00-04:00,4.329999923706055,4.369999885559082,4.110000133514404,4.130000114440918,997400,0.0,0.0
2023-10-05 00:00:00-04:00,4.150000095367432,4.260000228881836,4.090000152587891,4.110000133514404,759600,0.0,0.0
2023-10-06 00:00:00-04:00,4.159999847412109,4.639999866485596,4.150000095367432,4.539999961853027,1109300,0.0,0.0
2023-10-09 00:00:00-04:00,4.489999771118164,4.559999942779541,4.420000076293945,4.489999771118164,622300,0.0,0.0
2023-10-10 00:00:00-04:00,4.510000228881836,4.619999885559082,4.46999979019165,4.590000152587891,358100,0.0,0.0
2023-10-11 00:00:00-04:00,4.590000152587891,4.679999828338623,4.480000019073486,4.5,377200,0.0,0.0
2023-10-12 00:00:00-04:00,4.539999961853027,4.570000171661377,4.300000190734863,4.340000152587891,640000,0.0,0.0
2023-10-13 00:00:00-04:00,4.340000152587891,4.380000114440918,4.0,4.019999980926514,414800,0.0,0.0
2023-10-16 00:00:00-04:00,4.019999980926514,4.239999771118164,3.9700000286102295,4.21999979019165,395500,0.0,0.0
2023-10-17 00:00:00-04:00,4.159999847412109,4.429999828338623,4.159999847412109,4.349999904632568,417800,0.0,0.0
2023-10-18 00:00:00-04:00,4.230000019073486,4.320000171661377,4.119999885559082,4.260000228881836,376700,0.0,0.0
2023-10-19 00:00:00-04:00,4.179999828338623,4.25,4.070000171661377,4.150000095367432,705200,0.0,0.0
2023-10-20 00:00:00-04:00,4.170000076293945,4.349999904632568,4.079999923706055,4.190000057220459,578500,0.0,0.0
2023-10-23 00:00:00-04:00,4.150000095367432,4.239999771118164,4.059999942779541,4.079999923706055,559800,0.0,0.0
2023-10-24 00:00:00-04:00,4.119999885559082,4.239999771118164,3.990000009536743,4.03000020980835,330900,0.0,0.0
2023-10-25 00:00:00-04:00,3.990000009536743,4.980000019073486,3.9200000762939453,4.820000171661377,4054600,0.0,0.0
2023-10-26 00:00:00-04:00,4.619999885559082,4.860000133514404,4.440000057220459,4.460000038146973,1148600,0.0,0.0
2023-10-27 00:00:00-04:00,4.460000038146973,4.480000019073486,4.21999979019165,4.239999771118164,680300,0.0,0.0
2023-10-30 00:00:00-04:00,4.28000020980835,4.380000114440918,4.150000095367432,4.329999923706055,857700,0.0,0.0
2023-10-31 00:00:00-04:00,4.329999923706055,4.360000133514404,4.090000152587891,4.119999885559082,865300,0.0,0.0
2023-11-01 00:00:00-04:00,4.130000114440918,4.170000076293945,4.019999980926514,4.119999885559082,864800,0.0,0.0
2023-11-02 00:00:00-04:00,4.260000228881836,4.429999828338623,3.8299999237060547,4.349999904632568,1085000,0.0,0.0
2023-11-03 00:00:00-04:00,4.650000095367432,4.809999942779541,4.46999979019165,4.739999771118164,944900,0.0,0.0
2023-11-06 00:00:00-05:00,4.690000057220459,4.699999809265137,4.480000019073486,4.659999847412109,985000,0.0,0.0
2023-11-07 00:00:00-05:00,4.619999885559082,4.800000190734863,4.570000171661377,4.599999904632568,555300,0.0,0.0
2023-11-08 00:00:00-05:00,4.590000152587891,4.71999979019165,4.539999961853027,4.610000133514404,706300,0.0,0.0
2023-11-09 00:00:00-05:00,4.630000114440918,4.909999847412109,4.570000171661377,4.639999866485596,1291000,0.0,0.0
2023-11-10 00:00:00-05:00,4.730000019073486,4.730000019073486,4.25,4.349999904632568,2882700,0.0,0.0
2023-11-13 00:00:00-05:00,4.300000190734863,4.619999885559082,4.289999961853027,4.610000133514404,1077300,0.0,0.0
2023-11-14 00:00:00-05:00,4.889999866485596,4.960000038146973,4.769999980926514,4.900000095367432,1075400,0.0,0.0
2023-11-15 00:00:00-05:00,4.889999866485596,5.039999961853027,4.690000057220459,4.71999979019165,1040500,0.0,0.0
2023-11-16 00:00:00-05:00,4.659999847412109,4.710000038146973,4.489999771118164,4.539999961853027,669200,0.0,0.0
2023-11-17 00:00:00-05:00,4.639999866485596,5.079999923706055,4.570000171661377,5.050000190734863,3120400,0.0,0.0
2023-11-20 00:00:00-05:00,5.050000190734863,5.159999847412109,4.949999809265137,4.989999771118164,911600,0.0,0.0
2023-11-21 00:00:00-05:00,4.960000038146973,4.96999979019165,4.840000152587891,4.920000076293945,506800,0.0,0.0
2023-11-22 00:00:00-05:00,4.980000019073486,5.199999809265137,4.949999809265137,5.130000114440918,503100,0.0,0.0
2023-11-24 00:00:00-05:00,5.130000114440918,5.300000190734863,5.059999942779541,5.230000019073486,374600,0.0,0.0
2023-11-27 00:00:00-05:00,5.190000057220459,5.289999961853027,5.110000133514404,5.139999866485596,599500,0.0,0.0
2023-11-28 00:00:00-05:00,5.150000095367432,5.199999809265137,5.079999923706055,5.130000114440918,414300,0.0,0.0
2023-11-29 00:00:00-05:00,5.159999847412109,5.28000020980835,5.079999923706055,5.110000133514404,696700,0.0,0.0
2023-11-30 00:00:00-05:00,5.150000095367432,5.230000019073486,4.989999771118164,5.019999980926514,547200,0.0,0.0
2023-12-01 00:00:00-05:00,5.039999961853027,5.28000020980835,4.929999828338623,5.210000038146973,1215900,0.0,0.0
2023-12-04 00:00:00-05:00,5.179999828338623,5.360000133514404,5.170000076293945,5.260000228881836,606200,0.0,0.0
2023-12-05 00:00:00-05:00,5.170000076293945,5.190000057220459,5.03000020980835,5.130000114440918,592000,0.0,0.0
2023-12-06 00:00:00-05:00,5.190000057220459,5.369999885559082,5.150000095367432,5.199999809265137,531700,0.0,0.0
2023-12-07 00:00:00-05:00,5.190000057220459,5.309999942779541,5.150000095367432,5.239999771118164,483200,0.0,0.0
2023-12-08 00:00:00-05:00,5.230000019073486,5.46999979019165,5.150000095367432,5.409999847412109,617300,0.0,0.0
2023-12-11 00:00:00-05:00,5.440000057220459,5.510000228881836,5.340000152587891,5.510000228881836,527200,0.0,0.0
2023-12-12 00:00:00-05:00,5.489999771118164,5.539999961853027,5.369999885559082,5.489999771118164,492700,0.0,0.0
2023-12-13 00:00:00-05:00,5.480000019073486,5.929999828338623,5.409999847412109,5.820000171661377,1023900,0.0,0.0
2023-12-14 00:00:00-05:00,5.920000076293945,6.099999904632568,5.889999866485596,6.079999923706055,930600,0.0,0.0
2023-12-15 00:00:00-05:00,6.010000228881836,6.130000114440918,5.980000019073486,6.079999923706055,1755700,0.0,0.0
2023-12-18 00:00:00-05:00,6.099999904632568,6.210000038146973,6.039999961853027,6.079999923706055,677800,0.0,0.0
2023-12-19 00:00:00-05:00,6.139999866485596,6.360000133514404,6.099999904632568,6.199999809265137,656800,0.0,0.0
2023-12-20 00:00:00-05:00,6.260000228881836,6.46999979019165,6.170000076293945,6.170000076293945,523300,0.0,0.0
2023-12-21 00:00:00-05:00,6.25,6.429999828338623,6.090000152587891,6.309999942779541,552000,0.0,0.0
2023-12-22 00:00:00-05:00,6.349999904632568,6.440000057220459,6.300000190734863,6.420000076293945,474100,0.0,0.0
2023-12-26 00:00:00-05:00,6.480000019073486,6.769999980926514,6.340000152587891,6.71999979019165,509500,0.0,0.0
2023-12-27 00:00:00-05:00,6.71999979019165,6.96999979019165,6.650000095367432,6.820000171661377,366300,0.0,0.0
2023-12-28 00:00:00-05:00,6.769999980926514,6.900000095367432,6.559999942779541,6.78000020980835,369500,0.0,0.0
2023-12-29 00:00:00-05:00,6.78000020980835,6.840000152587891,6.360000133514404,6.630000114440918,436400,0.0,0.0
2024-01-02 00:00:00-05:00,6.630000114440918,6.75,6.409999847412109,6.650000095367432,337200,0.0,0.0
2024-01-03 00:00:00-05:00,6.610000133514404,6.610000133514404,6.179999828338623,6.239999771118164,478800,0.0,0.0
2024-01-04 00:00:00-05:00,6.309999942779541,6.400000095367432,6.21999979019165,6.340000152587891,371300,0.0,0.0
2024-01-05 00:00:00-05:00,6.420000076293945,6.429999828338623,6.210000038146973,6.269999980926514,684000,0.0,0.0
2024-01-08 00:00:00-05:00,6.300000190734863,6.570000171661377,6.28000020980835,6.539999961853027,342100,0.0,0.0
2024-01-09 00:00:00-05:00,6.369999885559082,6.429999828338623,6.309999942779541,6.400000095367432,340600,0.0,0.0
2024-01-10 00:00:00-05:00,6.400000095367432,6.510000228881836,6.340000152587891,6.440000057220459,306200,0.0,0.0
2024-01-11 00:00:00-05:00,6.369999885559082,6.610000133514404,6.320000171661377,6.510000228881836,532000,0.0,0.0
2024-01-12 00:00:00-05:00,6.579999923706055,6.679999828338623,6.429999828338623,6.5,571200,0.0,0.0
2024-01-16 00:00:00-05:00,6.46999979019165,6.519999980926514,6.28000020980835,6.360000133514404,768000,0.0,0.0
2024-01-17 00:00:00-05:00,6.260000228881836,6.400000095367432,6.190000057220459,6.360000133514404,339100,0.0,0.0
2024-01-18 00:00:00-05:00,6.409999847412109,6.53000020980835,6.380000114440918,6.519999980926514,300100,0.0,0.0
2024-01-19 00:00:00-05:00,6.539999961853027,6.670000076293945,6.400000095367432,6.630000114440918,372400,0.0,0.0
2024-01-22 00:00:00-05:00,6.690000057220459,6.900000095367432,6.670000076293945,6.880000114440918,530700,0.0,0.0
2024-01-23 00:00:00-05:00,6.960000038146973,7.099999904632568,6.889999866485596,7.0,585800,0.0,0.0
2024-01-24 00:00:00-05:00,7.119999885559082,7.119999885559082,6.650000095367432,6.659999847412109,494300,0.0,0.0
2024-01-25 00:00:00-05:00,6.829999923706055,6.860000133514404,6.730000019073486,6.809999942779541,525200,0.0,0.0
2024-01-26 00:00:00-05:00,6.849999904632568,6.900000095367432,6.650000095367432,6.650000095367432,404900,0.0,0.0
2024-01-29 00:00:00-05:00,6.659999847412109,6.820000171661377,6.590000152587891,6.800000190734863,467900,0.0,0.0
2024-01-30 00:00:00-05:00,6.730000019073486,6.75,6.639999866485596,6.699999809265137,466700,0.0,0.0
2024-01-31 00:00:00-05:00,6.659999847412109,6.800000190734863,6.519999980926514,6.519999980926514,407100,0.0,0.0
2024-02-01 00:00:00-05:00,6.550000190734863,6.849999904632568,6.53000020980835,6.550000190734863,298400,0.0,0.0
2024-02-02 00:00:00-05:00,6.409999847412109,6.5,6.329999923706055,6.449999809265137,396000,0.0,0.0
2024-02-05 00:00:00-05:00,6.349999904632568,6.489999771118164,6.25,6.409999847412109,329600,0.0,0.0
2024-02-06 00:00:00-05:00,6.380000114440918,6.449999809265137,6.320000171661377,6.369999885559082,379700,0.0,0.0
2024-02-07 00:00:00-05:00,6.409999847412109,6.409999847412109,6.199999809265137,6.349999904632568,396600,0.0,0.0
2024-02-08 00:00:00-05:00,6.349999904632568,6.519999980926514,6.309999942779541,6.460000038146973,467800,0.0,0.0
2024-02-09 00:00:00-05:00,6.510000228881836,6.619999885559082,6.489999771118164,6.590000152587891,295100,0.0,0.0
2024-02-12 00:00:00-05:00,6.610000133514404,6.880000114440918,6.610000133514404,6.840000152587891,385900,0.0,0.0
2024-02-13 00:00:00-05:00,6.539999961853027,6.570000171661377,6.329999923706055,6.409999847412109,567800,0.0,0.0
2024-02-14 00:00:00-05:00,6.559999942779541,6.690000057220459,6.489999771118164,6.679999828338623,352200,0.0,0.0
2024-02-15 00:00:00-05:00,6.739999771118164,6.960000038146973,6.739999771118164,6.900000095367432,409400,0.0,0.0
2024-02-16 00:00:00-05:00,6.820000171661377,6.869999885559082,6.650000095367432,6.760000228881836,431100,0.0,0.0
2024-02-20 00:00:00-05:00,6.610000133514404,6.900000095367432,6.610000133514404,6.900000095367432,258800,0.0,0.0
2024-02-21 00:00:00-05:00,6.869999885559082,6.880000114440918,6.78000020980835,6.809999942779541,241100,0.0,0.0
2024-02-22 00:00:00-05:00,6.840000152587891,6.980000019073486,6.840000152587891,6.900000095367432,306500,0.0,0.0
2024-02-23 00:00:00-05:00,6.900000095367432,6.980000019073486,6.659999847412109,6.920000076293945,338600,0.0,0.0
2024-02-26 00:00:00-05:00,6.900000095367432,7.059999942779541,6.860000133514404,7.019999980926514,560100,0.0,0.0
2024-02-27 00:00:00-05:00,5.21999979019165,6.150000095367432,5.130000114440918,5.269999980926514,2075600,0.0,0.0
2024-02-28 00:00:00-05:00,5.260000228881836,5.289999961853027,4.880000114440918,5.199999809265137,1304000,0.0,0.0
2024-02-29 00:00:00-05:00,5.199999809265137,5.480000019073486,5.139999866485596,5.340000152587891,1106500,0.0,0.0
2024-03-01 00:00:00-05:00,5.300000190734863,5.650000095367432,5.28000020980835,5.449999809265137,775100,0.0,0.0
2024-03-04 00:00:00-05:00,5.46999979019165,5.650000095367432,5.389999866485596,5.619999885559082,654100,0.0,0.0
2024-03-05 00:00:00-05:00,5.610000133514404,5.690000057220459,5.239999771118164,5.239999771118164,889700,0.0,0.0
2024-03-06 00:00:00-05:00,5.300000190734863,5.449999809265137,5.28000020980835,5.349999904632568,429000,0.0,0.0
2024-03-07 00:00:00-05:00,5.360000133514404,5.670000076293945,5.360000133514404,5.559999942779541,446300,0.0,0.0
2024-03-08 00:00:00-05:00,5.630000114440918,5.769999980926514,5.539999961853027,5.550000190734863,363500,0.0,0.0
2024-03-11 00:00:00-04:00,5.510000228881836,5.769999980926514,5.449999809265137,5.659999847412109,381100,0.0,0.0
2024-03-12 00:00:00-04:00,5.690000057220459,5.869999885559082,5.679999828338623,5.829999923706055,503900,0.0,0.0
2024-03-13 00:00:00-04:00,5.789999961853027,5.989999771118164,5.789999961853027,5.880000114440918,539400,0.0,0.0
2024-03-14 00:00:00-04:00,5.880000114440918,5.880000114440918,5.730000019073486,5.809999942779541,515000,0.0,0.0
2024-03-15 00:00:00-04:00,5.78000020980835,5.960000038146973,5.71999979019165,5.75,846500,0.0,0.0
2024-03-18 00:00:00-04:00,5.75,5.920000076293945,5.710000038146973,5.78000020980835,591300,0.0,0.0
2024-03-19 00:00:00-04:00,5.710000038146973,5.920000076293945,5.710000038146973,5.869999885559082,397400,0.0,0.0
2024-03-20 00:00:00-04:00,5.820000171661377,6.150000095367432,5.820000171661377,6.119999885559082,456800,0.0,0.0
2024-03-21 00:00:00-04:00,6.179999828338623,6.21999979019165,5.949999809265137,5.949999809265137,481200,0.0,0.0
2024-03-22 00:00:00-04:00,5.989999771118164,6.039999961853027,5.829999923706055,5.849999904632568,391500,0.0,0.0
2024-03-25 00:00:00-04:00,5.860000133514404,5.989999771118164,5.659999847412109,5.670000076293945,425900,0.0,0.0
2024-03-26 00:00:00-04:00,5.829999923706055,5.860000133514404,5.710000038146973,5.710000038146973,493900,0.0,0.0
2024-03-27 00:00:00-04:00,5.789999961853027,6.03000020980835,5.789999961853027,6.010000228881836,475600,0.0,0.0
2024-03-28 00:00:00-04:00,6.019999980926514,6.239999771118164,5.96999979019165,6.21999979019165,967400,0.0,0.0
2024-04-01 00:00:00-04:00,6.21999979019165,6.21999979019165,5.929999828338623,5.949999809265137,450500,0.0,0.0
2024-04-02 00:00:00-04:00,5.800000190734863,5.96999979019165,5.78000020980835,5.929999828338623,472900,0.0,0.0
2024-04-03 00:00:00-04:00,5.880000114440918,6.019999980926514,5.610000133514404,5.710000038146973,1004600,0.0,0.0
2024-04-04 00:00:00-04:00,5.820000171661377,5.989999771118164,5.760000228881836,5.800000190734863,489300,0.0,0.0
2024-04-05 00:00:00-04:00,5.75,5.829999923706055,5.659999847412109,5.769999980926514,531700,0.0,0.0
2024-04-08 00:00:00-04:00,5.849999904632568,5.949999809265137,5.659999847412109,5.659999847412109,441000,0.0,0.0
2024-04-09 00:00:00-04:00,5.699999809265137,5.849999904632568,5.659999847412109,5.820000171661377,621000,0.0,0.0
2024-04-10 00:00:00-04:00,5.599999904632568,5.71999979019165,5.550000190734863,5.570000171661377,393900,0.0,0.0
2024-04-11 00:00:00-04:00,5.579999923706055,5.690000057220459,5.550000190734863,5.579999923706055,433500,0.0,0.0
2024-04-12 00:00:00-04:00,5.510000228881836,5.659999847412109,5.510000228881836,5.590000152587891,655000,0.0,0.0
2024-04-15 00:00:00-04:00,5.659999847412109,5.769999980926514,5.539999961853027,5.570000171661377,562600,0.0,0.0
2024-04-16 00:00:00-04:00,5.489999771118164,5.53000020980835,5.380000114440918,5.409999847412109,681400,0.0,0.0
2024-04-17 00:00:00-04:00,5.449999809265137,5.579999923706055,5.289999961853027,5.309999942779541,600500,0.0,0.0
2024-04-18 00:00:00-04:00,5.340000152587891,5.599999904632568,5.340000152587891,5.539999961853027,431800,0.0,0.0
2024-04-19 00:00:00-04:00,5.539999961853027,5.639999866485596,5.53000020980835,5.590000152587891,478900,0.0,0.0
2024-04-22 00:00:00-04:00,5.630000114440918,5.769999980926514,5.610000133514404,5.639999866485596,398200,0.0,0.0
2024-04-23 00:00:00-04:00,5.690000057220459,6.099999904632568,5.690000057220459,6.010000228881836,642900,0.0,0.0
2024-04-24 00:00:00-04:00,5.960000038146973,6.099999904632568,5.940000057220459,6.079999923706055,406200,0.0,0.0
2024-04-25 00:00:00-04:00,5.920000076293945,6.070000171661377,5.920000076293945,6.050000190734863,389200,0.0,0.0
2024-04-26 00:00:00-04:00,6.050000190734863,6.199999809265137,5.96999979019165,6.119999885559082,326900,0.0,0.0
2024-04-29 00:00:00-04:00,6.139999866485596,6.21999979019165,6.059999942779541,6.119999885559082,392500,0.0,0.0
2024-04-30 00:00:00-04:00,6.050000190734863,6.150000095367432,5.949999809265137,5.949999809265137,507700,0.0,0.0
2024-05-01 00:00:00-04:00,6.449999809265137,7.119999885559082,6.400000095367432,6.739999771118164,2341500,0.0,0.0
2024-05-02 00:00:00-04:00,7.119999885559082,7.25,6.900000095367432,7.130000114440918,1561400,0.0,0.0
2024-05-03 00:00:00-04:00,7.210000038146973,7.210000038146973,6.820000171661377,6.900000095367432,692400,0.0,0.0
2024-05-06 00:00:00-04:00,6.940000057220459,7.039999961853027,6.829999923706055,6.900000095367432,559200,0.0,0.0
2024-05-07 00:00:00-04:00,6.900000095367432,7.079999923706055,6.869999885559082,6.949999809265137,428000,0.0,0.0
2024-05-08 00:00:00-04:00,6.869999885559082,7.010000228881836,6.820000171661377,6.96999979019165,395200,0.0,0.0
2024-05-09 00:00:00-04:00,6.940000057220459,6.96999979019165,6.869999885559082,6.909999847412109,309800,0.0,0.0
2024-05-10 00:00:00-04:00,6.900000095367432,6.980000019073486,6.869999885559082,6.900000095367432,271500,0.0,0.0
2024-05-13 00:00:00-04:00,6.960000038146973,7.039999961853027,6.920000076293945,6.980000019073486,407200,0.0,0.0
2024-05-14 00:00:00-04:00,7.0,7.099999904632568,6.900000095367432,6.909999847412109,843200,0.0,0.0
2024-05-15 00:00:00-04:00,7.019999980926514,7.019999980926514,6.71999979019165,6.840000152587891,1076300,0.0,0.0
2024-05-16 00:00:00-04:00,6.840000152587891,6.96999979019165,6.829999923706055,6.889999866485596,433900,0.0,0.0
2024-05-17 00:00:00-04:00,6.920000076293945,7.010000228881836,6.880000114440918,6.929999828338623,334300,0.0,0.0
2024-05-20 00:00:00-04:00,6.909999847412109,7.050000190734863,6.909999847412109,7.03000020980835,448900,0.0,0.0
2024-05-21 00:00:00-04:00,6.989999771118164,7.03000020980835,6.889999866485596,7.019999980926514,452900,0.0,0.0
2024-05-22 00:00:00-04:00,7.010000228881836,7.059999942779541,6.96999979019165,7.050000190734863,397300,0.0,0.0
2024-05-23 00:00:00-04:00,7.070000171661377,7.150000095367432,6.900000095367432,7.019999980926514,340100,0.0,0.0
2024-05-24 00:00:00-04:00,7.070000171661377,7.139999866485596,6.960000038146973,7.070000171661377,309100,0.0,0.0
2024-05-28 00:00:00-04:00,7.110000133514404,7.199999809265137,7.019999980926514,7.059999942779541,476600,0.0,0.0
2024-05-29 00:00:00-04:00,7.050000190734863,7.050000190734863,6.869999885559082,6.920000076293945,415700,0.0,0.0
2024-05-30 00:00:00-04:00,6.980000019073486,7.0,6.889999866485596,6.980000019073486,353600,0.0,0.0
2024-05-31 00:00:00-04:00,7.0,7.070000171661377,6.869999885559082,6.929999828338623,598700,0.0,0.0
2024-06-03 00:00:00-04:00,7.050000190734863,7.059999942779541,6.739999771118164,6.820000171661377,538900,0.0,0.0
2024-06-04 00:00:00-04:00,6.789999961853027,6.920000076293945,6.730000019073486,6.800000190734863,486900,0.0,0.0
2024-06-05 00:00:00-04:00,6.849999904632568,6.920000076293945,6.71999979019165,6.78000020980835,697200,0.0,0.0
2024-06-06 00:00:00-04:00,6.760000228881836,6.96999979019165,6.690000057220459,6.829999923706055,1357500,0.0,0.0
2024-06-07 00:00:00-04:00,6.730000019073486,6.980000019073486,6.690000057220459,6.71999979019165,455300,0.0,0.0
2024-06-10 00:00:00-04:00,6.650000095367432,6.78000020980835,6.25,6.679999828338623,518700,0.0,0.0
2024-06-11 00:00:00-04:00,6.619999885559082,6.679999828338623,6.510000228881836,6.590000152587891,421700,0.0,0.0
2024-06-12 00:00:00-04:00,6.820000171661377,6.949999809265137,6.639999866485596,6.670000076293945,641900,0.0,0.0
2024-06-13 00:00:00-04:00,6.639999866485596,6.639999866485596,6.369999885559082,6.539999961853027,566300,0.0,0.0
2024-06-14 00:00:00-04:00,6.429999828338623,6.5,6.300000190734863,6.400000095367432,491000,0.0,0.0
2024-06-17 00:00:00-04:00,6.409999847412109,6.650000095367432,6.369999885559082,6.610000133514404,304500,0.0,0.0
2024-06-18 00:00:00-04:00,6.590000152587891,6.679999828338623,6.46999979019165,6.480000019073486,391400,0.0,0.0
2024-06-20 00:00:00-04:00,6.449999809265137,6.590000152587891,6.360000133514404,6.440000057220459,329100,0.0,0.0
2024-06-21 00:00:00-04:00,6.630000114440918,6.639999866485596,6.480000019073486,6.489999771118164,706200,0.0,0.0
2024-06-24 00:00:00-04:00,6.510000228881836,6.679999828338623,6.409999847412109,6.670000076293945,411800,0.0,0.0
2024-06-25 00:00:00-04:00,6.579999923706055,6.659999847412109,6.519999980926514,6.599999904632568,324800,0.0,0.0
2024-06-26 00:00:00-04:00,6.559999942779541,6.679999828338623,6.46999979019165,6.599999904632568,381300,0.0,0.0
2024-06-27 00:00:00-04:00,6.650000095367432,6.760000228881836,6.539999961853027,6.75,332700,0.0,0.0
2024-06-28 00:00:00-04:00,6.820000171661377,7.0,6.739999771118164,6.820000171661377,1919100,0.0,0.0
2024-07-01 00:00:00-04:00,6.809999942779541,6.900000095367432,6.659999847412109,6.679999828338623,380000,0.0,0.0
2024-07-02 00:00:00-04:00,6.690000057220459,6.829999923706055,6.670000076293945,6.820000171661377,270600,0.0,0.0
2024-07-03 00:00:00-04:00,6.840000152587891,7.010000228881836,6.840000152587891,6.900000095367432,240900,0.0,0.0
2024-07-05 00:00:00-04:00,6.849999904632568,6.880000114440918,6.760000228881836,6.840000152587891,425400,0.0,0.0
2024-07-08 00:00:00-04:00,6.949999809265137,7.010000228881836,6.849999904632568,6.96999979019165,354700,0.0,0.0
2024-07-09 00:00:00-04:00,6.989999771118164,7.059999942779541,6.940000057220459,7.050000190734863,284000,0.0,0.0
2024-07-10 00:00:00-04:00,7.079999923706055,7.159999847412109,6.960000038146973,6.989999771118164,346200,0.0,0.0
2024-07-11 00:00:00-04:00,7.150000095367432,7.25,7.059999942779541,7.119999885559082,610700,0.0,0.0
2024-07-12 00:00:00-04:00,7.21999979019165,7.239999771118164,7.090000152587891,7.110000133514404,379700,0.0,0.0
2024-07-15 00:00:00-04:00,7.139999866485596,7.199999809265137,7.070000171661377,7.139999866485596,501000,0.0,0.0
2024-07-16 00:00:00-04:00,7.199999809265137,7.210000038146973,7.090000152587891,7.179999828338623,558300,0.0,0.0
2024-07-17 00:00:00-04:00,7.150000095367432,7.179999828338623,6.980000019073486,6.989999771118164,413400,0.0,0.0
2024-07-18 00:00:00-04:00,6.940000057220459,7.130000114440918,6.75,6.75,676300,0.0,0.0
2024-07-19 00:00:00-04:00,6.769999980926514,6.800000190734863,6.659999847412109,6.710000038146973,373200,0.0,0.0
2024-07-22 00:00:00-04:00,6.739999771118164,7.070000171661377,6.679999828338623,7.050000190734863,437200,0.0,0.0
2024-07-23 00:00:00-04:00,7.03000020980835,7.230000019073486,6.989999771118164,7.170000076293945,443500,0.0,0.0
2024-07-24 00:00:00-04:00,7.159999847412109,7.179999828338623,6.769999980926514,6.789999961853027,481800,0.0,0.0
2024-07-25 00:00:00-04:00,6.869999885559082,6.869999885559082,6.690000057220459,6.71999979019165,490000,0.0,0.0
2024-07-26 00:00:00-04:00,6.860000133514404,6.949999809265137,6.710000038146973,6.929999828338623,593200,0.0,0.0
2024-07-29 00:00:00-04:00,6.960000038146973,6.96999979019165,6.630000114440918,6.699999809265137,547900,0.0,0.0
2024-07-30 00:00:00-04:00,6.710000038146973,6.840000152587891,6.650000095367432,6.710000038146973,819000,0.0,0.0
2024-07-31 00:00:00-04:00,6.769999980926514,6.849999904632568,6.579999923706055,6.679999828338623,1096700,0.0,0.0
2024-08-01 00:00:00-04:00,6.699999809265137,6.940000057220459,6.170000076293945,6.309999942779541,1060800,0.0,0.0
2024-08-02 00:00:00-04:00,6.03000020980835,6.179999828338623,5.710000038146973,6.150000095367432,1012500,0.0,0.0
2024-08-05 00:00:00-04:00,5.760000228881836,6.170000076293945,5.710000038146973,6.019999980926514,819700,0.0,0.0
2024-08-06 00:00:00-04:00,6.010000228881836,6.199999809265137,6.0,6.059999942779541,701300,0.0,0.0
2024-08-07 00:00:00-04:00,6.170000076293945,6.260000228881836,5.980000019073486,6.079999923706055,632700,0.0,0.0
2024-08-08 00:00:00-04:00,6.079999923706055,6.260000228881836,6.050000190734863,6.260000228881836,359000,0.0,0.0
2024-08-09 00:00:00-04:00,6.230000019073486,6.320000171661377,6.170000076293945,6.269999980926514,334400,0.0,0.0
2024-08-12 00:00:00-04:00,6.309999942779541,6.329999923706055,6.170000076293945,6.239999771118164,326400,0.0,0.0
2024-08-13 00:00:00-04:00,6.320000171661377,6.489999771118164,6.320000171661377,6.460000038146973,311300,0.0,0.0
2024-08-14 00:00:00-04:00,6.489999771118164,6.679999828338623,6.360000133514404,6.449999809265137,561800,0.0,0.0
2024-08-15 00:00:00-04:00,6.619999885559082,6.670000076293945,6.329999923706055,6.440000057220459,754500,0.0,0.0
2024-08-16 00:00:00-04:00,6.429999828338623,6.480000019073486,6.210000038146973,6.380000114440918,870200,0.0,0.0
2024-08-19 00:00:00-04:00,6.400000095367432,6.699999809265137,6.389999866485596,6.639999866485596,871100,0.0,0.0
2024-08-20 00:00:00-04:00,6.610000133514404,6.699999809265137,6.53000020980835,6.690000057220459,398400,0.0,0.0
2024-08-21 00:00:00-04:00,6.739999771118164,6.940000057220459,6.650000095367432,6.920000076293945,408700,0.0,0.0
2024-08-22 00:00:00-04:00,6.949999809265137,6.989999771118164,6.900000095367432,6.920000076293945,302400,0.0,0.0
2024-08-23 00:00:00-04:00,6.989999771118164,7.230000019073486,6.980000019073486,7.179999828338623,496400,0.0,0.0
2024-08-26 00:00:00-04:00,7.230000019073486,7.320000171661377,7.139999866485596,7.210000038146973,539500,0.0,0.0
2024-08-27 00:00:00-04:00,7.199999809265137,7.239999771118164,7.119999885559082,7.210000038146973,378400,0.0,0.0
2024-08-28 00:00:00-04:00,7.190000057220459,7.289999961853027,7.059999942779541,7.139999866485596,369700,0.0,0.0
2024-08-29 00:00:00-04:00,7.230000019073486,7.239999771118164,7.010000228881836,7.010000228881836,323500,0.0,0.0
2024-08-30 00:00:00-04:00,7.070000171661377,7.210000038146973,7.070000171661377,7.190000057220459,417500,0.0,0.0
2024-09-03 00:00:00-04:00,7.070000171661377,7.159999847412109,6.929999828338623,6.940000057220459,407100,0.0,0.0
2024-09-04 00:00:00-04:00,6.949999809265137,7.050000190734863,6.869999885559082,6.949999809265137,324100,0.0,0.0
2024-09-05 00:00:00-04:00,6.949999809265137,7.079999923706055,6.920000076293945,7.039999961853027,583500,0.0,0.0
2024-09-06 00:00:00-04:00,7.050000190734863,7.079999923706055,6.690000057220459,6.710000038146973,283900,0.0,0.0
2024-09-09 00:00:00-04:00,6.710000038146973,6.769999980926514,6.610000133514404,6.659999847412109,299400,0.0,0.0
2024-09-10 00:00:00-04:00,6.659999847412109,6.829999923706055,6.630000114440918,6.820000171661377,322500,0.0,0.0
2024-09-11 00:00:00-04:00,6.829999923706055,6.940000057220459,6.75,6.900000095367432,312100,0.0,0.0
2024-09-12 00:00:00-04:00,6.980000019073486,7.090000152587891,6.920000076293945,7.050000190734863,515700,0.0,0.0
2024-09-13 00:00:00-04:00,7.070000171661377,7.300000190734863,7.050000190734863,7.25,547700,0.0,0.0
2024-09-16 00:00:00-04:00,7.300000190734863,7.329999923706055,7.170000076293945,7.25,527300,0.0,0.0
2024-09-17 00:00:00-04:00,7.320000171661377,7.389999866485596,7.25,7.369999885559082,672600,0.0,0.0
2024-09-18 00:00:00-04:00,7.389999866485596,7.480000019073486,6.650000095367432,7.329999923706055,651400,0.0,0.0
2024-09-19 00:00:00-04:00,7.389999866485596,7.5,7.21999979019165,7.320000171661377,672700,0.0,0.0
2024-09-20 00:00:00-04:00,7.25,7.369999885559082,7.210000038146973,7.21999979019165,1871600,0.0,0.0
2024-09-23 00:00:00-04:00,7.269999980926514,7.28000020980835,7.010000228881836,7.019999980926514,350700,0.0,0.0
2024-09-24 00:00:00-04:00,7.03000020980835,7.159999847412109,6.940000057220459,7.159999847412109,401400,0.0,0.0
2024-09-25 00:00:00-04:00,7.170000076293945,7.199999809265137,7.039999961853027,7.050000190734863,521300,0.0,0.0
2024-09-26 00:00:00-04:00,7.150000095367432,7.150000095367432,7.019999980926514,7.099999904632568,238500,0.0,0.0
2024-09-27 00:00:00-04:00,7.150000095367432,7.210000038146973,7.090000152587891,7.130000114440918,228300,0.0,0.0
2024-09-30 00:00:00-04:00,7.079999923706055,7.119999885559082,6.949999809265137,7.019999980926514,339700,0.0,0.0
2024-10-01 00:00:00-04:00,7.019999980926514,7.119999885559082,6.940000057220459,7.110000133514404,362700,0.0,0.0
2024-10-02 00:00:00-04:00,7.079999923706055,7.269999980926514,7.079999923706055,7.139999866485596,368100,0.0,0.0
2024-10-03 00:00:00-04:00,7.139999866485596,7.210000038146973,7.059999942779541,7.119999885559082,378900,0.0,0.0
2024-10-04 00:00:00-04:00,7.199999809265137,7.300000190734863,7.159999847412109,7.210000038146973,472300,0.0,0.0
2024-10-07 00:00:00-04:00,7.190000057220459,7.190000057220459,6.78000020980835,6.840000152587891,474400,0.0,0.0
2024-10-08 00:00:00-04:00,6.840000152587891,7.019999980926514,6.809999942779541,6.989999771118164,437900,0.0,0.0
2024-10-09 00:00:00-04:00,6.989999771118164,7.159999847412109,6.989999771118164,7.150000095367432,340300,0.0,0.0
2024-10-10 00:00:00-04:00,7.059999942779541,7.139999866485596,6.900000095367432,6.989999771118164,304200,0.0,0.0
2024-10-11 00:00:00-04:00,6.989999771118164,7.059999942779541,6.880000114440918,6.889999866485596,321100,0.0,0.0
2024-10-14 00:00:00-04:00,6.880000114440918,6.889999866485596,6.690000057220459,6.789999961853027,345400,0.0,0.0
2024-10-15 00:00:00-04:00,6.789999961853027,6.829999923706055,6.670000076293945,6.679999828338623,427700,0.0,0.0
2024-10-16 00:00:00-04:00,6.710000038146973,6.849999904632568,6.690000057220459,6.849999904632568,421100,0.0,0.0
2024-10-17 00:00:00-04:00,6.860000133514404,7.03000020980835,6.690000057220459,7.019999980926514,386200,0.0,0.0
2024-10-18 00:00:00-04:00,7.039999961853027,7.099999904632568,6.849999904632568,6.860000133514404,384300,0.0,0.0
2024-10-21 00:00:00-04:00,6.78000020980835,6.889999866485596,6.599999904632568,6.599999904632568,352600,0.0,0.0
2024-10-22 00:00:00-04:00,6.579999923706055,6.659999847412109,6.409999847412109,6.429999828338623,448400,0.0,0.0
2024-10-23 00:00:00-04:00,6.369999885559082,6.380000114440918,6.150000095367432,6.25,361800,0.0,0.0
2024-10-24 00:00:00-04:00,6.260000228881836,6.260000228881836,6.099999904632568,6.179999828338623,452800,0.0,0.0
2024-10-25 00:00:00-04:00,6.25,6.360000133514404,6.130000114440918,6.150000095367432,313900,0.0,0.0
2024-10-28 00:00:00-04:00,6.199999809265137,6.460000038146973,6.199999809265137,6.269999980926514,397500,0.0,0.0
2024-10-29 00:00:00-04:00,6.260000228881836,6.369999885559082,6.230000019073486,6.349999904632568,453800,0.0,0.0
2024-10-30 00:00:00-04:00,6.340000152587891,6.46999979019165,6.320000171661377,6.449999809265137,537500,0.0,0.0
2024-10-31 00:00:00-04:00,6.480000019073486,6.610000133514404,6.199999809265137,6.210000038146973,379900,0.0,0.0
2024-11-01 00:00:00-04:00,6.289999961853027,6.510000228881836,6.269999980926514,6.5,391100,0.0,0.0
2024-11-04 00:00:00-05:00,6.5,6.710000038146973,6.480000019073486,6.590000152587891,465300,0.0,0.0
2024-11-05 00:00:00-05:00,6.579999923706055,6.800000190734863,6.579999923706055,6.760000228881836,463700,0.0,0.0
2024-11-06 00:00:00-05:00,6.820000171661377,7.159999847412109,6.820000171661377,7.119999885559082,1161600,0.0,0.0
2024-11-07 00:00:00-05:00,7.199999809265137,7.329999923706055,6.710000038146973,7.329999923706055,1160100,0.0,0.0
2024-11-08 00:00:00-05:00,7.349999904632568,7.920000076293945,7.21999979019165,7.849999904632568,1609400,0.0,0.0
2024-11-11 00:00:00-05:00,7.900000095367432,7.989999771118164,7.670000076293945,7.820000171661377,1067800,0.0,0.0
2024-11-12 00:00:00-05:00,7.849999904632568,7.900000095367432,7.579999923706055,7.670000076293945,535900,0.0,0.0
2024-11-13 00:00:00-05:00,7.739999771118164,7.800000190734863,7.630000114440918,7.670000076293945,565800,0.0,0.0
2024-11-14 00:00:00-05:00,7.699999809265137,7.829999923706055,7.389999866485596,7.460000038146973,537900,0.0,0.0
2024-11-15 00:00:00-05:00,7.389999866485596,7.510000228881836,7.269999980926514,7.300000190734863,463600,0.0,0.0
2024-11-18 00:00:00-05:00,7.329999923706055,7.639999866485596,7.300000190734863,7.429999828338623,514500,0.0,0.0
2024-11-19 00:00:00-05:00,7.380000114440918,7.510000228881836,7.260000228881836,7.460000038146973,371800,0.0,0.0
2024-11-20 00:00:00-05:00,7.460000038146973,7.599999904632568,7.429999828338623,7.599999904632568,477900,0.0,0.0
2024-11-21 00:00:00-05:00,7.630000114440918,7.900000095367432,7.610000133514404,7.860000133514404,583400,0.0,0.0
2024-11-22 00:00:00-05:00,7.900000095367432,7.900000095367432,7.789999961853027,7.820000171661377,377400,0.0,0.0
2024-11-25 00:00:00-05:00,7.920000076293945,8.039999961853027,7.869999885559082,7.920000076293945,560600,0.0,0.0
2024-11-26 00:00:00-05:00,7.900000095367432,8.15999984741211,7.690000057220459,8.09000015258789,546500,0.0,0.0
2024-11-27 00:00:00-05:00,8.0,8.050000190734863,7.869999885559082,7.909999847412109,302000,0.0,0.0
2024-11-29 00:00:00-05:00,7.989999771118164,8.0,7.849999904632568,7.860000133514404,275300,0.0,0.0
2024-12-02 00:00:00-05:00,7.849999904632568,8.180000305175781,7.71999979019165,8.100000381469727,535800,0.0,0.0
2024-12-03 00:00:00-05:00,8.09000015258789,8.109999656677246,7.989999771118164,8.039999961853027,511500,0.0,0.0
2024-12-04 00:00:00-05:00,8.039999961853027,8.039999961853027,7.880000114440918,7.940000057220459,270000,0.0,0.0
2024-12-05 00:00:00-05:00,7.920000076293945,7.960000038146973,7.849999904632568,7.880000114440918,565900,0.0,0.0
2024-12-06 00:00:00-05:00,7.920000076293945,7.929999828338623,7.550000190734863,7.619999885559082,396900,0.0,0.0
2024-12-09 00:00:00-05:00,7.699999809265137,7.699999809265137,7.420000076293945,7.460000038146973,311900,0.0,0.0
2024-12-10 00:00:00-05:00,7.429999828338623,7.570000171661377,7.349999904632568,7.5,554000,0.0,0.0
2024-12-11 00:00:00-05:00,7.590000152587891,7.659999847412109,7.320000171661377,7.53000020980835,491700,0.0,0.0
2024-12-12 00:00:00-05:00,7.53000020980835,7.599999904632568,7.329999923706055,7.340000152587891,305300,0.0,0.0
2024-12-13 00:00:00-05:00,7.340000152587891,7.400000095367432,7.190000057220459,7.289999961853027,591600,0.0,0.0
2024-12-16 00:00:00-05:00,7.309999942779541,7.380000114440918,7.110000133514404,7.199999809265137,332400,0.0,0.0
2024-12-17 00:00:00-05:00,7.170000076293945,7.28000020980835,7.010000228881836,7.150000095367432,323800,0.0,0.0
2024-12-18 00:00:00-05:00,7.210000038146973,7.400000095367432,6.880000114440918,6.940000057220459,507400,0.0,0.0
2024-12-19 00:00:00-05:00,7.039999961853027,7.239999771118164,6.840000152587891,6.880000114440918,308700,0.0,0.0
2024-12-20 00:00:00-05:00,6.789999961853027,6.949999809265137,6.730000019073486,6.820000171661377,621500,0.0,0.0
2024-12-23 00:00:00-05:00,6.800000190734863,6.829999923706055,6.650000095367432,6.670000076293945,257700,0.0,0.0
2024-12-24 00:00:00-05:00,6.679999828338623,6.699999809265137,6.619999885559082,6.679999828338623,84100,0.0,0.0
2024-12-26 00:00:00-05:00,6.639999866485596,6.829999923706055,6.610000133514404,6.78000020980835,195400,0.0,0.0
2024-12-27 00:00:00-05:00,6.730000019073486,6.760000228881836,6.539999961853027,6.639999866485596,309100,0.0,0.0
2024-12-30 00:00:00-05:00,6.650000095367432,6.699999809265137,6.53000020980835,6.599999904632568,264200,0.0,0.0
2024-12-31 00:00:00-05:00,6.610000133514404,6.690000057220459,6.539999961853027,6.579999923706055,285700,0.0,0.0
2025-01-02 00:00:00-05:00,6.639999866485596,6.679999828338623,6.389999866485596,6.46999979019165,273600,0.0,0.0
2025-01-03 00:00:00-05:00,6.480000019073486,6.550000190734863,6.420000076293945,6.5,214500,0.0,0.0
2025-01-06 00:00:00-05:00,6.5,6.570000171661377,6.389999866485596,6.409999847412109,350600,0.0,0.0
2025-01-07 00:00:00-05:00,6.400000095367432,6.449999809265137,6.090000152587891,6.179999828338623,610000,0.0,0.0
2025-01-08 00:00:00-05:00,6.190000057220459,6.300000190734863,6.099999904632568,6.210000038146973,300700,0.0,0.0
2025-01-10 00:00:00-05:00,6.079999923706055,6.150000095367432,5.809999942779541,5.940000057220459,377400,0.0,0.0
2025-01-13 00:00:00-05:00,5.840000152587891,6.050000190734863,5.840000152587891,6.010000228881836,352000,0.0,0.0
2025-01-14 00:00:00-05:00,6.090000152587891,6.21999979019165,5.96999979019165,6.110000133514404,364200,0.0,0.0
2025-01-15 00:00:00-05:00,6.309999942779541,6.5,6.179999828338623,6.400000095367432,553800,0.0,0.0
2025-01-16 00:00:00-05:00,6.449999809265137,6.550000190734863,6.269999980926514,6.320000171661377,328100,0.0,0.0
2025-01-17 00:00:00-05:00,6.409999847412109,6.610000133514404,6.400000095367432,6.53000020980835,350600,0.0,0.0
2025-01-21 00:00:00-05:00,6.590000152587891,6.690000057220459,6.519999980926514,6.630000114440918,281800,0.0,0.0
2025-01-22 00:00:00-05:00,6.670000076293945,6.690000057220459,6.579999923706055,6.610000133514404,352800,0.0,0.0
2025-01-23 00:00:00-05:00,6.570000171661377,6.619999885559082,6.489999771118164,6.519999980926514,217700,0.0,0.0
2025-01-24 00:00:00-05:00,6.480000019073486,6.599999904632568,6.480000019073486,6.510000228881836,167800,0.0,0.0
2025-01-27 00:00:00-05:00,6.460000038146973,6.690000057220459,6.380000114440918,6.630000114440918,263400,0.0,0.0
2025-01-28 00:00:00-05:00,6.630000114440918,6.630000114440918,6.349999904632568,6.400000095367432,274200,0.0,0.0
2025-01-29 00:00:00-05:00,6.349999904632568,6.579999923706055,6.329999923706055,6.53000020980835,299200,0.0,0.0
2025-01-30 00:00:00-05:00,6.579999923706055,6.630000114440918,6.380000114440918,6.400000095367432,207000,0.0,0.0
2025-01-31 00:00:00-05:00,6.400000095367432,6.5,6.230000019073486,6.239999771118164,302000,0.0,0.0
2025-02-03 00:00:00-05:00,6.099999904632568,6.289999961853027,6.039999961853027,6.239999771118164,276200,0.0,0.0
2025-02-04 00:00:00-05:00,6.239999771118164,6.380000114440918,6.21999979019165,6.360000133514404,249300,0.0,0.0
2025-02-05 00:00:00-05:00,6.389999866485596,6.449999809265137,6.239999771118164,6.300000190734863,241100,0.0,0.0
2025-02-06 00:00:00-05:00,6.349999904632568,6.460000038146973,6.260000228881836,6.369999885559082,186300,0.0,0.0
2025-02-07 00:00:00-05:00,6.349999904632568,6.409999847412109,6.239999771118164,6.329999923706055,223600,0.0,0.0
2025-02-10 00:00:00-05:00,6.380000114440918,6.449999809265137,6.28000020980835,6.289999961853027,200900,0.0,0.0
2025-02-11 00:00:00-05:00,6.230000019073486,6.389999866485596,6.230000019073486,6.389999866485596,243400,0.0,0.0
2025-02-12 00:00:00-05:00,6.269999980926514,6.289999961853027,6.119999885559082,6.239999771118164,197600,0.0,0.0
2025-02-13 00:00:00-05:00,6.340000152587891,6.820000171661377,6.300000190734863,6.75,680300,0.0,0.0
2025-02-14 00:00:00-05:00,6.71999979019165,6.760000228881836,6.489999771118164,6.5,315100,0.0,0.0
2025-02-18 00:00:00-05:00,6.570000171661377,6.579999923706055,6.409999847412109,6.440000057220459,417000,0.0,0.0
2025-02-19 00:00:00-05:00,6.340000152587891,6.340000152587891,6.130000114440918,6.210000038146973,317800,0.0,0.0
2025-02-20 00:00:00-05:00,6.170000076293945,6.199999809265137,6.039999961853027,6.150000095367432,431300,0.0,0.0
2025-02-21 00:00:00-05:00,6.599999904632568,6.710000038146973,6.289999961853027,6.300000190734863,656000,0.0,0.0
2025-02-24 00:00:00-05:00,6.349999904632568,6.75,6.309999942779541,6.659999847412109,495700,0.0,0.0
2025-02-25 00:00:00-05:00,6.670000076293945,6.78000020980835,6.570000171661377,6.730000019073486,388800,0.0,0.0
2025-02-26 00:00:00-05:00,6.75,6.800000190734863,6.670000076293945,6.710000038146973,367800,0.0,0.0
2025-02-27 00:00:00-05:00,6.980000019073486,7.480000019073486,6.309999942779541,6.360000133514404,678300,0.0,0.0
2025-02-28 00:00:00-05:00,6.449999809265137,6.570000171661377,6.340000152587891,6.489999771118164,599800,0.0,0.0
2025-03-03 00:00:00-05:00,6.53000020980835,6.550000190734863,6.170000076293945,6.190000057220459,683300,0.0,0.0
2025-03-04 00:00:00-05:00,6.150000095367432,6.309999942779541,5.869999885559082,6.03000020980835,1110100,0.0,0.0
2025-03-05 00:00:00-05:00,6.03000020980835,6.28000020980835,6.019999980926514,6.230000019073486,730300,0.0,0.0
2025-03-06 00:00:00-05:00,6.170000076293945,6.21999979019165,6.059999942779541,6.179999828338623,605000,0.0,0.0
2025-03-07 00:00:00-05:00,6.170000076293945,6.260000228881836,6.039999961853027,6.230000019073486,441300,0.0,0.0
2025-03-10 00:00:00-04:00,6.21999979019165,6.400000095367432,6.070000171661377,6.110000133514404,525200,0.0,0.0
2025-03-11 00:00:00-04:00,6.110000133514404,6.170000076293945,5.960000038146973,5.96999979019165,589600,0.0,0.0
2025-03-12 00:00:00-04:00,5.96999979019165,6.03000020980835,5.909999847412109,5.960000038146973,885300,0.0,0.0
2025-03-13 00:00:00-04:00,5.96999979019165,6.179999828338623,5.940000057220459,5.940000057220459,436700,0.0,0.0
2025-03-14 00:00:00-04:00,5.989999771118164,6.110000133514404,5.940000057220459,5.989999771118164,655300,0.0,0.0
2025-03-17 00:00:00-04:00,6.0,6.090000152587891,5.949999809265137,6.019999980926514,716100,0.0,0.0
2025-03-18 00:00:00-04:00,6.0,6.090000152587891,5.960000038146973,6.090000152587891,548400,0.0,0.0
2025-03-19 00:00:00-04:00,6.070000171661377,6.21999979019165,6.010000228881836,6.119999885559082,463500,0.0,0.0
2025-03-20 00:00:00-04:00,6.070000171661377,6.170000076293945,6.050000190734863,6.099999904632568,534100,0.0,0.0
2025-03-21 00:00:00-04:00,6.050000190734863,6.25,6.039999961853027,6.099999904632568,889300,0.0,0.0
2025-03-24 00:00:00-04:00,6.150000095367432,6.380000114440918,6.150000095367432,6.300000190734863,1040600,0.0,0.0
2025-03-25 00:00:00-04:00,6.28000020980835,6.309999942779541,6.170000076293945,6.210000038146973,503500,0.0,0.0
2025-03-26 00:00:00-04:00,6.199999809265137,6.389999866485596,6.110000133514404,6.179999828338623,423400,0.0,0.0
2025-03-27 00:00:00-04:00,6.190000057220459,6.309999942779541,5.980000019073486,6.050000190734863,476600,0.0,0.0
2025-03-28 00:00:00-04:00,6.070000171661377,6.099999904632568,5.880000114440918,5.929999828338623,490800,0.0,0.0
2025-03-31 00:00:00-04:00,5.880000114440918,6.110000133514404,5.860000133514404,6.050000190734863,564900,0.0,0.0
2025-04-01 00:00:00-04:00,5.989999771118164,6.059999942779541,5.940000057220459,5.989999771118164,516600,0.0,0.0
2025-04-02 00:00:00-04:00,5.889999866485596,6.130000114440918,5.860000133514404,6.019999980926514,940200,0.0,0.0
2025-04-03 00:00:00-04:00,5.800000190734863,5.840000152587891,5.409999847412109,5.630000114440918,577400,0.0,0.0
2025-04-04 00:00:00-04:00,5.369999885559082,5.480000019073486,5.260000228881836,5.329999923706055,1030000,0.0,0.0
2025-04-07 00:00:00-04:00,5.119999885559082,5.440000057220459,4.960000038146973,5.070000171661377,1083300,0.0,0.0
2025-04-08 00:00:00-04:00,5.239999771118164,5.329999923706055,4.789999961853027,4.840000152587891,921000,0.0,0.0
2025-04-09 00:00:00-04:00,4.75,5.510000228881836,4.75,5.349999904632568,1253900,0.0,0.0
2025-04-10 00:00:00-04:00,5.210000038146973,5.340000152587891,5.03000020980835,5.119999885559082,848700,0.0,0.0
2025-04-11 00:00:00-04:00,5.079999923706055,5.190000057220459,4.989999771118164,5.179999828338623,862400,0.0,0.0
2025-04-14 00:00:00-04:00,5.28000020980835,5.429999828338623,5.21999979019165,5.28000020980835,740400,0.0,0.0
2025-04-15 00:00:00-04:00,5.28000020980835,5.460000038146973,5.21999979019165,5.420000076293945,687700,0.0,0.0
2025-04-16 00:00:00-04:00,5.400000095367432,5.5,5.179999828338623,5.260000228881836,642800,0.0,0.0
2025-04-17 00:00:00-04:00,5.28000020980835,5.510000228881836,5.260000228881836,5.429999828338623,734300,0.0,0.0
2025-04-21 00:00:00-04:00,5.349999904632568,5.360000133514404,5.159999847412109,5.21999979019165,615900,0.0,0.0
2025-04-22 00:00:00-04:00,5.309999942779541,5.510000228881836,5.309999942779541,5.489999771118164,643700,0.0,0.0
2025-04-23 00:00:00-04:00,5.630000114440918,5.730000019073486,5.389999866485596,5.460000038146973,782100,0.0,0.0
2025-04-24 00:00:00-04:00,5.460000038146973,5.599999904632568,5.429999828338623,5.590000152587891,591600,0.0,0.0
2025-04-25 00:00:00-04:00,5.53000020980835,5.619999885559082,5.460000038146973,5.579999923706055,503200,0.0,0.0
2025-04-28 00:00:00-04:00,5.570000171661377,5.699999809265137,5.539999961853027,5.599999904632568,616300,0.0,0.0
2025-04-29 00:00:00-04:00,5.559999942779541,5.690000057220459,5.53000020980835,5.659999847412109,582100,0.0,0.0
2025-04-30 00:00:00-04:00,5.550000190734863,5.630000114440918,5.460000038146973,5.579999923706055,592400,0.0,0.0
2025-05-01 00:00:00-04:00,5.579999923706055,5.670000076293945,5.489999771118164,5.5,593600,0.0,0.0
2025-05-02 00:00:00-04:00,5.559999942779541,5.71999979019165,5.559999942779541,5.619999885559082,655400,0.0,0.0
2025-05-05 00:00:00-04:00,5.519999980926514,5.78000020980835,5.440000057220459,5.730000019073486,1029900,0.0,0.0
2025-05-06 00:00:00-04:00,5.630000114440918,5.900000095367432,5.590000152587891,5.869999885559082,1150900,0.0,0.0
2025-05-07 00:00:00-04:00,5.880000114440918,5.960000038146973,5.710000038146973,5.809999942779541,1056200,0.0,0.0
2025-05-08 00:00:00-04:00,5.449999809265137,5.630000114440918,4.769999980926514,5.0,1698200,0.0,0.0
2025-05-09 00:00:00-04:00,4.960000038146973,4.960000038146973,4.690000057220459,4.869999885559082,2638100,0.0,0.0
2025-05-12 00:00:00-04:00,5.079999923706055,5.369999885559082,5.079999923706055,5.21999979019165,1705600,0.0,0.0
2025-05-13 00:00:00-04:00,5.239999771118164,5.440000057220459,5.199999809265137,5.409999847412109,1323700,0.0,0.0
2025-05-14 00:00:00-04:00,5.539999961853027,5.659999847412109,5.340000152587891,5.349999904632568,1292200,0.0,0.0
2025-05-15 00:00:00-04:00,5.340000152587891,5.409999847412109,5.25,5.269999980926514,999900,0.0,0.0
2025-05-16 00:00:00-04:00,5.269999980926514,5.409999847412109,5.230000019073486,5.300000190734863,1297600,0.0,0.0
2025-05-19 00:00:00-04:00,5.489999771118164,5.489999771118164,5.170000076293945,5.190000057220459,973700,0.0,0.0
2025-05-20 00:00:00-04:00,5.190000057220459,5.199999809265137,5.010000228881836,5.019999980926514,1058300,0.0,0.0
2025-05-21 00:00:00-04:00,4.96999979019165,4.989999771118164,4.679999828338623,4.730000019073486,1497200,0.0,0.0
2025-05-22 00:00:00-04:00,4.75,4.860000133514404,4.71999979019165,4.760000228881836,944600,0.0,0.0
2025-05-23 00:00:00-04:00,4.75,4.789999961853027,4.659999847412109,4.710000038146973,1148000,0.0,0.0
2025-05-27 00:00:00-04:00,4.78000020980835,5.079999923706055,4.78000020980835,4.960000038146973,1836300,0.0,0.0
2025-05-28 00:00:00-04:00,4.929999828338623,4.980000019073486,4.829999923706055,4.860000133514404,1436400,0.0,0.0
2025-05-29 00:00:00-04:00,4.869999885559082,4.889999866485596,4.71999979019165,4.840000152587891,1523400,0.0,0.0
2025-05-30 00:00:00-04:00,4.789999961853027,4.869999885559082,4.449999809265137,4.460000038146973,2102800,0.0,0.0
2025-06-02 00:00:00-04:00,4.409999847412109,4.460000038146973,4.070000171661377,4.159999847412109,2655300,0.0,0.0
2025-06-03 00:00:00-04:00,4.150000095367432,4.260000228881836,4.03000020980835,4.190000057220459,1783700,0.0,0.0
2025-06-04 00:00:00-04:00,4.239999771118164,4.360000133514404,4.150000095367432,4.269999980926514,6849300,0.0,0.0
2025-06-05 00:00:00-04:00,4.429999828338623,4.510000228881836,4.239999771118164,4.289999961853027,2707400,0.0,0.0
2025-06-06 00:00:00-04:00,4.349999904632568,4.539999961853027,4.349999904632568,4.489999771118164,1853700,0.0,0.0
2025-06-09 00:00:00-04:00,4.619999885559082,4.679999828338623,4.53000020980835,4.550000190734863,1562800,0.0,0.0
2025-06-10 00:00:00-04:00,4.53000020980835,4.829999923706055,4.53000020980835,4.789999961853027,2654500,0.0,0.0
2025-06-11 00:00:00-04:00,4.829999923706055,5.050000190734863,4.820000171661377,5.0,2125100,0.0,0.0
2025-06-12 00:00:00-04:00,4.909999847412109,5.03000020980835,4.800000190734863,4.829999923706055,1660000,0.0,0.0
2025-06-13 00:00:00-04:00,4.739999771118164,4.809999942779541,4.349999904632568,4.380000114440918,1561800,0.0,0.0
2025-06-16 00:00:00-04:00,4.5,4.630000114440918,4.449999809265137,4.5,1149400,0.0,0.0
2025-06-17 00:00:00-04:00,4.400000095367432,4.510000228881836,4.329999923706055,4.369999885559082,1064400,0.0,0.0
2025-06-18 00:00:00-04:00,4.349999904632568,4.389999866485596,4.28000020980835,4.300000190734863,1168600,0.0,0.0
2025-06-20 00:00:00-04:00,4.409999847412109,4.510000228881836,4.360000133514404,4.449999809265137,2045200,0.0,0.0
2025-06-23 00:00:00-04:00,4.449999809265137,4.570000171661377,4.300000190734863,4.429999828338623,1173300,0.0,0.0
2025-06-24 00:00:00-04:00,4.489999771118164,4.510000228881836,4.329999923706055,4.489999771118164,998400,0.0,0.0
2025-06-25 00:00:00-04:00,4.46999979019165,4.46999979019165,4.289999961853027,4.289999961853027,1023700,0.0,0.0
2025-06-26 00:00:00-04:00,4.309999942779541,4.480000019073486,4.289999961853027,4.480000019073486,1045100,0.0,0.0
2025-06-27 00:00:00-04:00,4.480000019073486,4.550000190734863,4.409999847412109,4.46999979019165,5636700,0.0,0.0
2025-06-30 00:00:00-04:00,4.480000019073486,4.590000152587891,4.460000038146973,4.5,1077700,0.0,0.0
2025-07-01 00:00:00-04:00,4.460000038146973,4.670000076293945,4.460000038146973,4.570000171661377,1181900,0.0,0.0
2025-07-02 00:00:00-04:00,4.559999942779541,4.639999866485596,4.5,4.559999942779541,1351700,0.0,0.0
2025-07-03 00:00:00-04:00,4.590000152587891,4.670000076293945,4.480000019073486,4.559999942779541,1488200,0.0,0.0
2025-07-07 00:00:00-04:00,4.539999961853027,4.599999904632568,4.510000228881836,4.53000020980835,1092100,0.0,0.0
2025-07-08 00:00:00-04:00,4.519999980926514,4.639999866485596,4.519999980926514,4.570000171661377,1042200,0.0,0.0
2025-07-09 00:00:00-04:00,4.559999942779541,4.71999979019165,4.539999961853027,4.610000133514404,2129600,0.0,0.0
2025-07-10 00:00:00-04:00,4.590000152587891,4.71999979019165,4.559999942779541,4.670000076293945,880200,0.0,0.0
2025-07-11 00:00:00-04:00,4.619999885559082,4.679999828338623,4.610000133514404,4.650000095367432,1253600,0.0,0.0
2025-07-14 00:00:00-04:00,4.650000095367432,4.75,4.510000228881836,4.679999828338623,1607100,0.0,0.0
2025-07-15 00:00:00-04:00,4.710000038146973,4.789999961853027,4.659999847412109,4.679999828338623,1677100,0.0,0.0
2025-07-16 00:00:00-04:00,4.710000038146973,4.909999847412109,4.710000038146973,4.900000095367432,2809400,0.0,0.0
2025-07-17 00:00:00-04:00,4.929999828338623,5.139999866485596,4.929999828338623,5.079999923706055,1155200,0.0,0.0
2025-07-18 00:00:00-04:00,5.099999904632568,5.110000133514404,4.920000076293945,4.929999828338623,1805800,0.0,0.0
2025-07-21 00:00:00-04:00,4.940000057220459,5.059999942779541,4.840000152587891,4.849999904632568,1259700,0.0,0.0
2025-07-22 00:00:00-04:00,4.900000095367432,5.059999942779541,4.900000095367432,5.050000190734863,1527100,0.0,0.0
2025-07-23 00:00:00-04:00,5.099999904632568,5.25,5.039999961853027,5.239999771118164,1364000,0.0,0.0
2025-07-24 00:00:00-04:00,5.230000019073486,5.320000171661377,5.190000057220459,5.210000038146973,1025500,0.0,0.0
2025-07-25 00:00:00-04:00,5.210000038146973,5.400000095367432,5.150000095367432,5.400000095367432,773900,0.0,0.0
2025-07-28 00:00:00-04:00,5.340000152587891,5.489999771118164,5.340000152587891,5.46999979019165,965000,0.0,0.0
2025-07-29 00:00:00-04:00,5.510000228881836,5.559999942779541,5.190000057220459,5.289999961853027,1579500,0.0,0.0
2025-07-30 00:00:00-04:00,5.269999980926514,5.369999885559082,5.119999885559082,5.159999847412109,2323400,0.0,0.0
2025-07-31 00:00:00-04:00,5.579999923706055,6.050000190734863,5.260000228881836,5.730000019073486,2615400,0.0,0.0
2025-08-01 00:00:00-04:00,5.670000076293945,5.670000076293945,5.320000171661377,5.579999923706055,2910600,0.0,0.0
2025-08-04 00:00:00-04:00,5.599999904632568,5.820000171661377,5.53000020980835,5.619999885559082,1857700,0.0,0.0
2025-08-05 00:00:00-04:00,5.659999847412109,5.710000038146973,5.570000171661377,5.650000095367432,1666000,0.0,0.0
2025-08-06 00:00:00-04:00,5.670000076293945,5.769999980926514,5.610000133514404,5.659999847412109,707800,0.0,0.0
2025-08-07 00:00:00-04:00,5.690000057220459,5.78000020980835,5.599999904632568,5.630000114440918,1140400,0.0,0.0
2025-08-08 00:00:00-04:00,5.610000133514404,5.650000095367432,5.329999923706055,5.389999866485596,1258000,0.0,0.0
2025-08-11 00:00:00-04:00,5.429999828338623,5.559999942779541,5.389999866485596,5.449999809265137,1180400,0.0,0.0
2025-08-12 00:00:00-04:00,5.5,5.690000057220459,5.5,5.539999961853027,928500,0.0,0.0
2025-08-13 00:00:00-04:00,5.579999923706055,5.730000019073486,5.579999923706055,5.679999828338623,1329400,0.0,0.0
2025-08-14 00:00:00-04:00,5.610000133514404,5.679999828338623,5.5,5.53000020980835,816700,0.0,0.0
2025-08-15 00:00:00-04:00,5.579999923706055,5.710000038146973,5.53000020980835,5.559999942779541,887300,0.0,0.0
2025-08-18 00:00:00-04:00,5.579999923706055,5.800000190734863,5.570000171661377,5.760000228881836,761600,0.0,0.0
2025-08-19 00:00:00-04:00,5.760000228881836,5.869999885559082,5.650000095367432,5.730000019073486,1320400,0.0,0.0
2025-08-20 00:00:00-04:00,5.739999771118164,5.75,5.46999979019165,5.46999979019165,789800,0.0,0.0
2025-08-21 00:00:00-04:00,5.409999847412109,5.659999847412109,5.400000095367432,5.53000020980835,1581600,0.0,0.0
2025-08-22 00:00:00-04:00,5.539999961853027,5.789999961853027,5.539999961853027,5.75,1644500,0.0,0.0
2025-08-25 00:00:00-04:00,5.710000038146973,5.78000020980835,5.590000152587891,5.610000133514404,1446300,0.0,0.0
2025-08-26 00:00:00-04:00,5.579999923706055,5.690000057220459,5.570000171661377,5.599999904632568,993200,0.0,0.0
2025-08-27 00:00:00-04:00,5.559999942779541,5.619999885559082,5.449999809265137,5.579999923706055,787700,0.0,0.0
2025-08-28 00:00:00-04:00,5.610000133514404,5.699999809265137,5.5,5.539999961853027,516500,0.0,0.0
2025-08-29 00:00:00-04:00,5.579999923706055,5.639999866485596,5.510000228881836,5.639999866485596,653900,0.0,0.0
2025-09-02 00:00:00-04:00,5.639999866485596,5.650000095367432,5.429999828338623,5.590000152587891,828500,0.0,0.0
2025-09-03 00:00:00-04:00,5.579999923706055,5.690000057220459,5.550000190734863,5.670000076293945,603400,0.0,0.0
2025-09-04 00:00:00-04:00,5.71999979019165,5.739999771118164,5.519999980926514,5.519999980926514,767100,0.0,0.0
2025-09-05 00:00:00-04:00,5.550000190734863,5.659999847412109,5.480000019073486,5.570000171661377,864100,0.0,0.0
2025-09-08 00:00:00-04:00,5.579999923706055,5.590000152587891,5.440000057220459,5.53000020980835,739900,0.0,0.0
2025-09-09 00:00:00-04:00,5.53000020980835,5.539999961853027,5.429999828338623,5.46999979019165,667900,0.0,0.0
2025-09-10 00:00:00-04:00,5.429999828338623,5.489999771118164,5.329999923706055,5.389999866485596,762500,0.0,0.0
2025-09-11 00:00:00-04:00,5.389999866485596,5.619999885559082,5.369999885559082,5.570000171661377,857700,0.0,0.0
2025-09-12 00:00:00-04:00,5.53000020980835,5.550000190734863,5.199999809265137,5.230000019073486,2438900,0.0,0.0
2025-09-15 00:00:00-04:00,5.230000019073486,5.329999923706055,5.119999885559082,5.309999942779541,1479400,0.0,0.0
2025-09-16 00:00:00-04:00,5.300000190734863,5.309999942779541,5.130000114440918,5.25,1533200,0.0,0.0
2025-09-17 00:00:00-04:00,5.25,5.449999809265137,5.210000038146973,5.210000038146973,1029600,0.0,0.0
2025-09-18 00:00:00-04:00,5.349999904632568,5.369999885559082,5.210000038146973,5.300000190734863,985800,0.0,0.0
2025-09-19 00:00:00-04:00,5.300000190734863,5.360000133514404,5.070000171661377,5.090000152587891,2888000,0.0,0.0
2025-09-22 00:00:00-04:00,5.110000133514404,5.389999866485596,5.090000152587891,5.380000114440918,1874500,0.0,0.0
2025-09-23 00:00:00-04:00,5.389999866485596,5.519999980926514,5.369999885559082,5.389999866485596,1022700,0.0,0.0
2025-09-24 00:00:00-04:00,5.400000095367432,5.480000019073486,5.400000095367432,5.420000076293945,952700,0.0,0.0
2025-09-25 00:00:00-04:00,5.320000171661377,5.409999847412109,5.300000190734863,5.320000171661377,706400,0.0,0.0
2025-09-26 00:00:00-04:00,5.300000190734863,5.510000228881836,5.300000190734863,5.409999847412109,1058800,0.0,0.0
2025-09-29 00:00:00-04:00,5.409999847412109,5.550000190734863,5.320000171661377,5.46999979019165,846500,0.0,0.0
2025-09-30 00:00:00-04:00,5.460000038146973,5.639999866485596,5.449999809265137,5.630000114440918,921500,0.0,0.0
2025-10-01 00:00:00-04:00,5.579999923706055,5.619999885559082,5.440000057220459,5.46999979019165,976900,0.0,0.0
2025-10-02 00:00:00-04:00,5.440000057220459,5.5,5.260000228881836,5.28000020980835,953100,0.0,0.0
2025-10-03 00:00:00-04:00,5.309999942779541,5.550000190734863,5.269999980926514,5.460000038146973,910800,0.0,0.0
2025-10-06 00:00:00-04:00,5.449999809265137,5.590000152587891,5.389999866485596,5.480000019073486,758500,0.0,0.0
2025-10-07 00:00:00-04:00,5.53000020980835,5.590000152587891,5.420000076293945,5.429999828338623,972200,0.0,0.0
2025-10-08 00:00:00-04:00,5.429999828338623,5.510000228881836,5.380000114440918,5.5,566100,0.0,0.0
2025-10-09 00:00:00-04:00,5.519999980926514,5.550000190734863,5.170000076293945,5.199999809265137,1982700,0.0,0.0
2025-10-10 00:00:00-04:00,5.190000057220459,5.28000020980835,4.96999979019165,5.019999980926514,1485800,0.0,0.0
2025-10-13 00:00:00-04:00,5.099999904632568,5.150000095367432,4.96999979019165,5.050000190734863,1057600,0.0,0.0
2025-10-14 00:00:00-04:00,4.929999828338623,5.210000038146973,4.929999828338623,5.190000057220459,1148100,0.0,0.0
2025-10-15 00:00:00-04:00,5.230000019073486,5.300000190734863,5.150000095367432,5.190000057220459,1109100,0.0,0.0
2025-10-16 00:00:00-04:00,5.190000057220459,5.309999942779541,5.090000152587891,5.130000114440918,1504800,0.0,0.0
2025-10-17 00:00:00-04:00,5.079999923706055,5.199999809265137,5.039999961853027,5.130000114440918,868500,0.0,0.0
2025-10-20 00:00:00-04:00,5.199999809265137,5.289999961853027,5.199999809265137,5.239999771118164,612500,0.0,0.0
2025-10-21 00:00:00-04:00,5.239999771118164,5.46999979019165,5.21999979019165,5.420000076293945,1273900,0.0,0.0
2025-10-22 00:00:00-04:00,5.389999866485596,5.489999771118164,5.300000190734863,5.349999904632568,834200,0.0,0.0
2025-10-23 00:00:00-04:00,5.329999923706055,5.389999866485596,4.900000095367432,4.909999847412109,2123500,0.0,0.0
2025-10-24 00:00:00-04:00,4.949999809265137,5.150000095367432,4.949999809265137,5.110000133514404,1369200,0.0,0.0
2025-10-27 00:00:00-04:00,5.150000095367432,5.199999809265137,4.909999847412109,4.929999828338623,1356300,0.0,0.0
2025-10-28 00:00:00-04:00,4.909999847412109,4.920000076293945,4.800000190734863,4.809999942779541,854700,0.0,0.0
2025-10-29 00:00:00-04:00,4.78000020980835,4.860000133514404,4.679999828338623,4.75,1037000,0.0,0.0
2025-10-30 00:00:00-04:00,4.75,4.820000171661377,4.630000114440918,4.670000076293945,1035600,0.0,0.0
2025-10-31 00:00:00-04:00,4.650000095367432,4.760000228881836,4.639999866485596,4.75,878200,0.0,0.0
2025-11-03 00:00:00-05:00,4.739999771118164,4.800000190734863,4.630000114440918,4.75,1029700,0.0,0.0
2025-11-04 00:00:00-05:00,4.650000095367432,4.800000190734863,4.650000095367432,4.71999979019165,1093800,0.0,0.0
2025-11-05 00:00:00-05:00,4.71999979019165,4.889999866485596,4.71999979019165,4.809999942779541,1402700,0.0,0.0
2025-11-06 00:00:00-05:00,6.690000057220459,6.889999866485596,5.570000171661377,5.619999885559082,72476200,0.0,0.0
2025-11-07 00:00:00-05:00,5.300000190734863,5.360000133514404,4.75,4.820000171661377,4803200,0.0,0.0
2025-11-10 00:00:00-05:00,4.889999866485596,5.059999942779541,4.659999847412109,4.769999980926514,2339900,0.0,0.0
2025-11-11 00:00:00-05:00,4.739999771118164,5.039999961853027,4.71999979019165,5.019999980926514,1982000,0.0,0.0
2025-11-12 00:00:00-05:00,5.019999980926514,5.199999809265137,4.989999771118164,5.159999847412109,2025700,0.0,0.0
2025-11-13 00:00:00-05:00,5.139999866485596,5.199999809265137,4.820000171661377,4.840000152587891,1479400,0.0,0.0
2025-11-14 00:00:00-05:00,4.710000038146973,4.869999885559082,4.699999809265137,4.789999961853027,1632300,0.0,0.0
2025-11-17 00:00:00-05:00,4.889999866485596,5.079999923706055,4.840000152587891,5.03000020980835,1566000,0.0,0.0
2025-11-18 00:00:00-05:00,4.96999979019165,5.150000095367432,4.900000095367432,5.079999923706055,1607700,0.0,0.0
2025-11-19 00:00:00-05:00,5.079999923706055,5.28000020980835,5.010000228881836,5.170000076293945,1301400,0.0,0.0
2025-11-20 00:00:00-05:00,5.190000057220459,5.340000152587891,5.110000133514404,5.159999847412109,1275400,0.0,0.0
2025-11-21 00:00:00-05:00,5.199999809265137,5.46999979019165,5.190000057220459,5.340000152587891,2759600,0.0,0.0
2025-11-24 00:00:00-05:00,5.309999942779541,5.579999923706055,5.25,5.489999771118164,2383000,0.0,0.0
2025-11-25 00:00:00-05:00,5.550000190734863,5.559999942779541,5.409999847412109,5.429999828338623,1319300,0.0,0.0
2025-11-26 00:00:00-05:00,5.389999866485596,5.460000038146973,5.349999904632568,5.369999885559082,939700,0.0,0.0
2025-11-28 00:00:00-05:00,5.380000114440918,5.400000095367432,5.300000190734863,5.360000133514404,452700,0.0,0.0
2025-12-01 00:00:00-05:00,5.289999961853027,5.440000057220459,5.260000228881836,5.300000190734863,1008300,0.0,0.0
2025-12-02 00:00:00-05:00,5.309999942779541,5.380000114440918,5.190000057220459,5.349999904632568,1289100,0.0,0.0
2025-12-03 00:00:00-05:00,5.309999942779541,5.349999904632568,5.260000228881836,5.329999923706055,789300,0.0,0.0
2025-12-04 00:00:00-05:00,5.320000171661377,5.619999885559082,5.309999942779541,5.619999885559082,1896800,0.0,0.0
2025-12-05 00:00:00-05:00,5.610000133514404,5.769999980926514,5.559999942779541,5.739999771118164,1871900,0.0,0.0
2025-12-08 00:00:00-05:00,5.730000019073486,5.789999961853027,5.579999923706055,5.610000133514404,1675400,0.0,0.0
2025-12-09 00:00:00-05:00,5.559999942779541,5.739999771118164,5.510000228881836,5.71999979019165,1075600,0.0,0.0
2025-12-10 00:00:00-05:00,5.71999979019165,5.849999904632568,5.699999809265137,5.829999923706055,1545800,0.0,0.0
2025-12-11 00:00:00-05:00,5.829999923706055,6.0,5.789999961853027,5.949999809265137,2189600,0.0,0.0
2025-12-12 00:00:00-05:00,5.889999866485596,5.920000076293945,5.590000152587891,5.619999885559082,1436100,0.0,0.0
2025-12-15 00:00:00-05:00,5.659999847412109,5.670000076293945,5.519999980926514,5.559999942779541,1538500,0.0,0.0
2025-12-16 00:00:00-05:00,5.559999942779541,5.610000133514404,5.480000019073486,5.519999980926514,1561500,0.0,0.0
2025-12-17 00:00:00-05:00,5.519999980926514,5.519999980926514,5.309999942779541,5.309999942779541,1468300,0.0,0.0
2025-12-18 00:00:00-05:00,5.340000152587891,5.420000076293945,5.300000190734863,5.300000190734863,980900,0.0,0.0
2025-12-19 00:00:00-05:00,5.269999980926514,5.300000190734863,5.110000133514404,5.179999828338623,2370800,0.0,0.0
2025-12-22 00:00:00-05:00,5.190000057220459,5.210000038146973,5.070000171661377,5.099999904632568,1304500,0.0,0.0
2025-12-23 00:00:00-05:00,5.079999923706055,5.099999904632568,4.949999809265137,5.0,947900,0.0,0.0
2025-12-24 00:00:00-05:00,5.0,5.019999980926514,4.920000076293945,5.0,397000,0.0,0.0
2025-12-26 00:00:00-05:00,5.0,5.010000228881836,4.960000038146973,4.980000019073486,599100,0.0,0.0
2025-12-29 00:00:00-05:00,4.940000057220459,5.050000190734863,4.929999828338623,4.989999771118164,813600,0.0,0.0
2025-12-30 00:00:00-05:00,4.949999809265137,5.039999961853027,4.940000057220459,4.96999979019165,1202400,0.0,0.0
2025-12-31 00:00:00-05:00,4.96999979019165,4.980000019073486,4.880000114440918,4.889999866485596,828800,0.0,0.0
2026-01-02 00:00:00-05:00,4.900000095367432,4.920000076293945,4.670000076293945,4.730000019073486,1133900,0.0,0.0
2026-01-05 00:00:00-05:00,4.739999771118164,4.989999771118164,4.730000019073486,4.909999847412109,1909400,0.0,0.0
2026-01-06 00:00:00-05:00,4.860000133514404,5.010000228881836,4.809999942779541,4.980000019073486,1356800,0.0,0.0
2026-01-07 00:00:00-05:00,4.980000019073486,5.050000190734863,4.829999923706055,4.840000152587891,804200,0.0,0.0
2026-01-08 00:00:00-05:00,4.800000190734863,4.989999771118164,4.800000190734863,4.900000095367432,1837300,0.0,0.0
2026-01-09 00:00:00-05:00,4.900000095367432,5.590000152587891,4.900000095367432,5.25,4554700,0.0,0.0
2026-01-12 00:00:00-05:00,5.150000095367432,5.710000038146973,5.070000171661377,5.559999942779541,2895900,0.0,0.0
2026-01-13 00:00:00-05:00,5.510000228881836,5.550000190734863,5.360000133514404,5.460000038146973,1098000,0.0,0.0
2026-01-14 00:00:00-05:00,5.460000038146973,5.659999847412109,5.389999866485596,5.590000152587891,1352700,0.0,0.0
2026-01-15 00:00:00-05:00,5.5,6.260000228881836,5.5,6.21999979019165,4701400,0.0,0.0
2026-01-16 00:00:00-05:00,6.170000076293945,6.639999866485596,6.099999904632568,6.559999942779541,3310700,0.0,0.0
2026-01-20 00:00:00-05:00,6.360000133514404,7.0,6.340000152587891,6.650000095367432,4403300,0.0,0.0
2026-01-21 00:00:00-05:00,6.710000038146973,7.0,6.639999866485596,6.789999961853027,2243500,0.0,0.0
2026-01-22 00:00:00-05:00,6.840000152587891,7.170000076293945,6.710000038146973,6.960000038146973,3249000,0.0,0.0
2026-01-23 00:00:00-05:00,6.949999809265137,6.96999979019165,6.610000133514404,6.639999866485596,1276800,0.0,0.0
2026-01-26 00:00:00-05:00,6.659999847412109,6.659999847412109,6.409999847412109,6.429999828338623,2157500,0.0,0.0
2026-01-27 00:00:00-05:00,6.420000076293945,6.420000076293945,6.070000171661377,6.179999828338623,1464200,0.0,0.0
2026-01-28 00:00:00-05:00,6.210000038146973,6.369999885559082,6.110000133514404,6.289999961853027,1473700,0.0,0.0
2026-01-29 00:00:00-05:00,6.309999942779541,6.309999942779541,5.940000057220459,6.070000171661377,1389300,0.0,0.0
2026-01-30 00:00:00-05:00,6.010000228881836,6.059999942779541,5.860000133514404,6.010000228881836,2111500,0.0,0.0
2026-02-02 00:00:00-05:00,6.0,6.230000019073486,6.0,6.070000171661377,1673500,0.0,0.0
2026-02-03 00:00:00-05:00,6.0,6.079999923706055,5.159999847412109,5.429999828338623,3430300,0.0,0.0
2026-02-04 00:00:00-05:00,5.360000133514404,5.400000095367432,5.090000152587891,5.159999847412109,1474500,0.0,0.0
2026-02-05 00:00:00-05:00,5.139999866485596,5.139999866485596,4.820000171661377,4.840000152587891,2051100,0.0,0.0
2026-02-06 00:00:00-05:00,4.860000133514404,5.429999828338623,4.699999809265137,5.179999828338623,3167700,0.0,0.0
2026-02-09 00:00:00-05:00,5.090000152587891,5.360000133514404,5.010000228881836,5.329999923706055,1805000,0.0,0.0
2026-02-10 00:00:00-05:00,5.360000133514404,5.590000152587891,5.340000152587891,5.440000057220459,1712900,0.0,0.0
2026-02-11 00:00:00-05:00,5.5,5.539999961853027,5.230000019073486,5.320000171661377,1702200,0.0,0.0
2026-02-12 00:00:00-05:00,5.380000114440918,5.409999847412109,4.880000114440918,4.949999809265137,1240000,0.0,0.0
2026-02-13 00:00:00-05:00,4.960000038146973,4.980000019073486,4.789999961853027,4.929999828338623,1638800,0.0,0.0
2026-02-17 00:00:00-05:00,4.929999828338623,4.960000038146973,4.699999809265137,4.739999771118164,932400,0.0,0.0
2026-02-18 00:00:00-05:00,4.739999771118164,4.929999828338623,4.639999866485596,4.789999961853027,1954500,0.0,0.0
2026-02-19 00:00:00-05:00,4.710000038146973,4.769999980926514,4.619999885559082,4.739999771118164,1320700,0.0,0.0
2026-02-20 00:00:00-05:00,4.699999809265137,4.820000171661377,4.599999904632568,4.630000114440918,927200,0.0,0.0
2026-02-23 00:00:00-05:00,4.599999904632568,4.639999866485596,4.309999942779541,4.400000095367432,1371900,0.0,0.0
2026-02-24 00:00:00-05:00,4.380000114440918,4.550000190734863,4.289999961853027,4.510000228881836,1008800,0.0,0.0
2026-02-25 00:00:00-05:00,4.5,4.550000190734863,4.349999904632568,4.539999961853027,783700,0.0,0.0
2026-02-26 00:00:00-05:00,4.539999961853027,4.860000133514404,4.53000020980835,4.849999904632568,1214000,0.0,0.0
2026-02-27 00:00:00-05:00,4.789999961853027,4.889999866485596,4.730000019073486,4.820000171661377,1291700,0.0,0.0
2026-03-02 00:00:00-05:00,4.809999942779541,4.849999904632568,4.570000171661377,4.820000171661377,2316100,0.0,0.0
2026-03-03 00:00:00-05:00,4.630000114440918,5.010000228881836,4.579999923706055,4.949999809265137,1814100,0.0,0.0
2026-03-04 00:00:00-05:00,4.96999979019165,5.289999961853027,4.900000095367432,5.179999828338623,2241800,0.0,0.0
2026-03-05 00:00:00-05:00,5.130000114440918,5.320000171661377,5.070000171661377,5.230000019073486,2380700,0.0,0.0
2026-03-06 00:00:00-05:00,5.039999961853027,5.320000171661377,4.96999979019165,5.239999771118164,2222500,0.0,0.0
2026-03-09 00:00:00-04:00,5.190000057220459,5.360000133514404,5.110000133514404,5.239999771118164,1907700,0.0,0.0
2026-03-10 00:00:00-04:00,6.460000038146973,6.559999942779541,5.75,6.159999847412109,6504900,0.0,0.0
2026-03-11 00:00:00-04:00,6.0,6.460000038146973,5.699999809265137,6.230000019073486,4176600,0.0,0.0
2026-03-12 00:00:00-04:00,6.079999923706055,6.380000114440918,6.079999923706055,6.269999980926514,2825700,0.0,0.0
2026-03-13 00:00:00-04:00,6.269999980926514,6.369999885559082,6.070000171661377,6.179999828338623,1976300,0.0,0.0
2026-03-16 00:00:00-04:00,6.179999828338623,6.179999828338623,5.864999771118164,5.980000019073486,2484205,0.0,0.0
