Date,Open,High,Low,Close,Volume,Dividends,Stock Splits
2022-01-03 00:00:00-05:00,59.7599983215332,60.47999954223633,54.540000915527344,60.47999954223633,856,0.0,0.0
2022-01-04 00:00:00-05:00,67.5,71.81999969482422,61.39799880981445,65.16000366210938,2361,0.0,0.0
2022-01-05 00:00:00-05:00,63.18000030517578,65.16000366210938,61.380001068115234,65.16000366210938,1367,0.0,0.0
2022-01-06 00:00:00-05:00,61.380001068115234,70.19999694824219,61.380001068115234,70.19999694824219,5333,0.0,0.0
2022-01-07 00:00:00-05:00,69.83999633789062,72.18000030517578,66.33000183105469,71.1719970703125,2444,0.0,0.0
2022-01-10 00:00:00-05:00,71.81999969482422,74.87999725341797,71.81999969482422,73.9800033569336,1250,0.0,0.0
2022-01-11 00:00:00-05:00,73.08000183105469,82.9800033569336,72.0,82.62000274658203,3417,0.0,0.0
2022-01-12 00:00:00-05:00,82.62000274658203,82.62000274658203,76.86000061035156,80.15399932861328,5539,0.0,0.0
2022-01-13 00:00:00-05:00,78.78600311279297,78.78600311279297,72.80999755859375,73.26000213623047,1317,0.0,0.0
2022-01-14 00:00:00-05:00,76.13999938964844,76.13999938964844,70.19999694824219,73.49400329589844,283,0.0,0.0
2022-01-18 00:00:00-05:00,73.44000244140625,79.99199676513672,71.27999877929688,78.83999633789062,894,0.0,0.0
2022-01-19 00:00:00-05:00,79.19999694824219,79.19999694824219,73.08000183105469,78.12000274658203,322,0.0,0.0
2022-01-20 00:00:00-05:00,68.58000183105469,76.13999938964844,68.58000183105469,74.79000091552734,867,0.0,0.0
2022-01-21 00:00:00-05:00,73.08000183105469,77.4000015258789,71.7300033569336,76.68000030517578,961,0.0,0.0
2022-01-24 00:00:00-05:00,75.5999984741211,75.5999984741211,71.0999984741211,72.18000030517578,2256,0.0,0.0
2022-01-25 00:00:00-05:00,70.55999755859375,72.9000015258789,70.37999725341797,70.37999725341797,806,0.0,0.0
2022-01-26 00:00:00-05:00,70.91999816894531,73.26000213623047,70.91999816894531,72.18000030517578,1578,0.0,0.0
2022-01-27 00:00:00-05:00,71.7300033569336,72.0,70.37999725341797,70.37999725341797,522,0.0,0.0
2022-01-28 00:00:00-05:00,69.83999633789062,72.54000091552734,69.83999633789062,71.27999877929688,1506,0.0,0.0
2022-01-31 00:00:00-05:00,72.0,74.5199966430664,71.01000213623047,71.45999908447266,389,0.0,0.0
2022-02-01 00:00:00-05:00,78.4800033569336,78.4800033569336,71.0999984741211,71.0999984741211,1578,0.0,0.0
2022-02-02 00:00:00-05:00,72.9000015258789,73.08000183105469,71.0999984741211,71.0999984741211,844,0.0,0.0
2022-02-03 00:00:00-05:00,72.9000015258789,73.80000305175781,71.0999984741211,73.26000213623047,1122,0.0,0.0
2022-02-04 00:00:00-05:00,72.36000061035156,75.5999984741211,68.76000213623047,71.0999984741211,2450,0.0,0.0
2022-02-07 00:00:00-05:00,68.4000015258789,73.60199737548828,66.41999816894531,72.0,1856,0.0,0.0
2022-02-08 00:00:00-05:00,70.19999694824219,71.81999969482422,70.19999694824219,71.81999969482422,128,0.0,0.0
2022-02-09 00:00:00-05:00,71.45999908447266,71.45999908447266,70.19999694824219,70.19999694824219,178,0.0,0.0
2022-02-10 00:00:00-05:00,70.19999694824219,71.81999969482422,69.93000030517578,71.81999969482422,250,0.0,0.0
2022-02-11 00:00:00-05:00,71.01000213623047,71.45999908447266,69.12000274658203,69.12000274658203,372,0.0,0.0
2022-02-14 00:00:00-05:00,68.4000015258789,68.4000015258789,66.05999755859375,67.86000061035156,267,0.0,0.0
2022-02-15 00:00:00-05:00,67.31999969482422,68.22000122070312,67.31999969482422,68.22000122070312,200,0.0,0.0
2022-02-16 00:00:00-05:00,64.80000305175781,75.23999786376953,64.80000305175781,74.5199966430664,2039,0.0,0.0
2022-02-17 00:00:00-05:00,70.73999786376953,72.0,67.68000030517578,68.4000015258789,211,0.0,0.0
2022-02-18 00:00:00-05:00,70.0199966430664,71.81999969482422,70.0199966430664,71.0999984741211,222,0.0,0.0
2022-02-22 00:00:00-05:00,69.12000274658203,70.73999786376953,65.69999694824219,66.23999786376953,378,0.0,0.0
2022-02-23 00:00:00-05:00,67.5,75.5999984741211,60.84000015258789,60.84000015258789,6344,0.0,0.0
2022-02-24 00:00:00-05:00,64.80000305175781,71.0999984741211,57.41999816894531,69.12000274658203,3756,0.0,0.0
2022-02-25 00:00:00-05:00,69.85800170898438,72.36000061035156,64.80000305175781,71.0999984741211,2150,0.0,0.0
2022-02-28 00:00:00-05:00,70.91999816894531,70.91999816894531,68.76000213623047,70.91999816894531,578,0.0,0.0
2022-03-01 00:00:00-05:00,68.04000091552734,71.0999984741211,66.77999877929688,69.83999633789062,1006,0.0,0.0
2022-03-02 00:00:00-05:00,68.76000213623047,71.63999938964844,65.87999725341797,69.83999633789062,200,0.0,0.0
2022-03-03 00:00:00-05:00,69.66000366210938,70.19999694824219,68.04000091552734,70.19999694824219,228,0.0,0.0
2022-03-04 00:00:00-05:00,70.18199920654297,70.19999694824219,70.18199920654297,70.19999694824219,83,0.0,0.0
2022-03-07 00:00:00-05:00,68.58000183105469,70.16400146484375,68.4000015258789,69.30000305175781,250,0.0,0.0
2022-03-08 00:00:00-05:00,68.94000244140625,69.30000305175781,66.77999877929688,66.77999877929688,489,0.0,0.0
2022-03-09 00:00:00-05:00,67.31999969482422,67.64399719238281,60.678001403808594,64.80000305175781,278,0.0,0.0
2022-03-10 00:00:00-05:00,63.720001220703125,69.26399993896484,60.84000015258789,63.720001220703125,278,0.0,0.0
2022-03-11 00:00:00-05:00,66.05999755859375,69.30000305175781,66.05999755859375,68.58000183105469,89,0.0,0.0
2022-03-14 00:00:00-04:00,68.04000091552734,68.04000091552734,64.9800033569336,65.33999633789062,78,0.0,0.0
2022-03-15 00:00:00-04:00,63.540000915527344,66.95999908447266,62.262001037597656,66.95999908447266,339,0.0,0.0
2022-03-16 00:00:00-04:00,68.4000015258789,72.0,65.5199966430664,70.73999786376953,372,0.0,0.0
2022-03-17 00:00:00-04:00,62.369998931884766,72.0,62.369998931884766,71.63999938964844,339,0.0,0.0
2022-03-18 00:00:00-04:00,70.37999725341797,71.0999984741211,65.33999633789062,68.04000091552734,250,0.0,0.0
2022-03-21 00:00:00-04:00,65.69999694824219,65.69999694824219,65.69999694824219,65.69999694824219,61,0.0,0.0
2022-03-22 00:00:00-04:00,65.69999694824219,72.0,65.69999694824219,66.2040023803711,411,0.0,0.0
2022-03-23 00:00:00-04:00,68.22000122070312,70.19999694824219,66.41999816894531,66.5999984741211,94,0.0,0.0
2022-03-24 00:00:00-04:00,66.95999908447266,72.0,66.95999908447266,69.30000305175781,661,0.0,0.0
2022-03-25 00:00:00-04:00,72.0,72.54000091552734,67.86000061035156,67.86000061035156,456,0.0,0.0
2022-03-28 00:00:00-04:00,69.83999633789062,70.91999816894531,67.86000061035156,67.86000061035156,261,0.0,0.0
2022-03-29 00:00:00-04:00,67.5,67.5,65.89800262451172,66.5999984741211,256,0.0,0.0
2022-03-30 00:00:00-04:00,66.41999816894531,71.63999938964844,66.41999816894531,67.46399688720703,256,0.0,0.0
2022-03-31 00:00:00-04:00,66.5999984741211,66.5999984741211,65.80799865722656,66.1500015258789,111,0.0,0.0
2022-04-01 00:00:00-04:00,66.5999984741211,67.5,65.69999694824219,65.69999694824219,744,0.0,0.0
2022-04-04 00:00:00-04:00,67.5,67.5,65.5199966430664,65.5199966430664,89,0.0,0.0
2022-04-05 00:00:00-04:00,67.31999969482422,67.31999969482422,61.20000076293945,62.099998474121094,294,0.0,0.0
2022-04-06 00:00:00-04:00,62.279998779296875,62.279998779296875,62.279998779296875,62.279998779296875,28,0.0,0.0
2022-04-07 00:00:00-04:00,62.279998779296875,63.486000061035156,62.279998779296875,63.486000061035156,44,0.0,0.0
2022-04-08 00:00:00-04:00,63.36000061035156,63.36000061035156,60.84000015258789,61.560001373291016,133,0.0,0.0
2022-04-11 00:00:00-04:00,61.02000045776367,66.88800048828125,61.02000045776367,63.720001220703125,267,0.0,0.0
2022-04-12 00:00:00-04:00,61.847999572753906,67.5,61.20000076293945,66.95999908447266,78,0.0,0.0
2022-04-13 00:00:00-04:00,64.44000244140625,64.44000244140625,61.560001373291016,61.560001373291016,94,0.0,0.0
2022-04-14 00:00:00-04:00,61.91999816894531,65.33999633789062,61.380001068115234,61.560001373291016,78,0.0,0.0
2022-04-18 00:00:00-04:00,61.757999420166016,61.757999420166016,61.560001373291016,61.560001373291016,28,0.0,0.0
2022-04-19 00:00:00-04:00,61.560001373291016,63.27000045776367,61.433998107910156,61.560001373291016,94,0.0,0.0
2022-04-20 00:00:00-04:00,64.87200164794922,64.87200164794922,60.29999923706055,62.189998626708984,167,0.0,0.0
2022-04-21 00:00:00-04:00,62.63999938964844,64.08000183105469,62.63999938964844,64.08000183105469,28,0.0,0.0
2022-04-22 00:00:00-04:00,58.5,64.26000213623047,58.5,64.26000213623047,33,0.0,0.0
2022-04-25 00:00:00-04:00,62.35200119018555,63.0,62.099998474121094,62.62200164794922,83,0.0,0.0
2022-04-26 00:00:00-04:00,60.84000015258789,60.84000015258789,50.7599983215332,50.7599983215332,1094,0.0,0.0
2022-04-27 00:00:00-04:00,50.7599983215332,50.7599983215332,50.7599983215332,50.7599983215332,11,0.0,0.0
2022-04-28 00:00:00-04:00,52.20000076293945,52.20000076293945,47.70000076293945,47.70000076293945,56,0.0,0.0
2022-04-29 00:00:00-04:00,47.61000061035156,47.70000076293945,47.051998138427734,47.15999984741211,100,0.0,0.0
2022-05-02 00:00:00-04:00,46.439998626708984,50.400001525878906,46.439998626708984,47.15999984741211,78,0.0,0.0
2022-05-03 00:00:00-04:00,46.79999923706055,47.15999984741211,41.400001525878906,46.79999923706055,200,0.0,0.0
2022-05-04 00:00:00-04:00,52.7400016784668,57.41999816894531,43.7400016784668,50.130001068115234,661,0.0,0.0
2022-05-05 00:00:00-04:00,47.34000015258789,50.400001525878906,45.0,50.400001525878906,83,0.0,0.0
2022-05-06 00:00:00-04:00,46.08000183105469,50.310001373291016,46.08000183105469,50.310001373291016,50,0.0,0.0
2022-05-09 00:00:00-04:00,44.099998474121094,50.400001525878906,44.099998474121094,50.400001525878906,133,0.0,0.0
2022-05-10 00:00:00-04:00,46.79999923706055,50.220001220703125,41.7599983215332,43.380001068115234,167,0.0,0.0
2022-05-11 00:00:00-04:00,44.279998779296875,46.49399948120117,40.86000061035156,41.400001525878906,167,0.0,0.0
2022-05-12 00:00:00-04:00,41.58000183105469,45.0,41.58000183105469,45.0,39,0.0,0.0
2022-05-13 00:00:00-04:00,43.470001220703125,47.231998443603516,41.400001525878906,45.810001373291016,172,0.0,0.0
2022-05-16 00:00:00-04:00,44.279998779296875,46.11600112915039,41.220001220703125,46.11600112915039,78,0.0,0.0
2022-05-17 00:00:00-04:00,41.7599983215332,44.67599868774414,41.040000915527344,43.20000076293945,117,0.0,0.0
2022-05-18 00:00:00-04:00,43.91999816894531,43.91999816894531,41.327999114990234,41.327999114990234,28,0.0,0.0
2022-05-19 00:00:00-04:00,40.86000061035156,40.86000061035156,40.86000061035156,40.86000061035156,33,0.0,0.0
2022-05-20 00:00:00-04:00,41.400001525878906,41.400001525878906,41.400001525878906,41.400001525878906,50,0.0,0.0
2022-05-23 00:00:00-04:00,41.400001525878906,41.400001525878906,41.400001525878906,41.400001525878906,22,0.0,0.0
2022-05-24 00:00:00-04:00,41.400001525878906,41.400001525878906,41.400001525878906,41.400001525878906,0,0.0,0.0
2022-05-25 00:00:00-04:00,41.400001525878906,42.354000091552734,41.400001525878906,42.354000091552734,233,0.0,0.0
2022-05-26 00:00:00-04:00,42.119998931884766,42.29999923706055,40.5,40.5,194,0.0,0.0
2022-05-27 00:00:00-04:00,40.5,41.38199996948242,40.13999938964844,40.13999938964844,67,0.0,0.0
2022-05-31 00:00:00-04:00,42.119998931884766,42.119998931884766,41.220001220703125,42.119998931884766,133,0.0,0.0
2022-06-01 00:00:00-04:00,41.939998626708984,41.939998626708984,39.672000885009766,39.959999084472656,72,0.0,0.0
2022-06-02 00:00:00-04:00,41.040000915527344,46.79999923706055,41.040000915527344,46.79999923706055,139,0.0,0.0
2022-06-03 00:00:00-04:00,39.959999084472656,39.959999084472656,39.959999084472656,39.959999084472656,17,0.0,0.0
2022-06-06 00:00:00-04:00,41.040000915527344,53.81999969482422,41.040000915527344,46.2599983215332,1022,0.0,0.0
2022-06-07 00:00:00-04:00,48.2400016784668,48.2400016784668,41.7599983215332,45.36000061035156,283,0.0,0.0
2022-06-08 00:00:00-04:00,42.47999954223633,43.86600112915039,41.939998626708984,43.86600112915039,94,0.0,0.0
2022-06-09 00:00:00-04:00,41.400001525878906,44.15399932861328,40.13999938964844,44.15399932861328,106,0.0,0.0
2022-06-10 00:00:00-04:00,40.31999969482422,41.040000915527344,40.31999969482422,41.040000915527344,33,0.0,0.0
2022-06-13 00:00:00-04:00,41.040000915527344,44.63999938964844,41.040000915527344,44.38800048828125,94,0.0,0.0
2022-06-14 00:00:00-04:00,42.29999923706055,45.0,33.65999984741211,36.0,989,0.0,0.0
2022-06-15 00:00:00-04:00,36.36000061035156,38.15999984741211,35.099998474121094,35.099998474121094,511,0.0,0.0
2022-06-16 00:00:00-04:00,36.900001525878906,37.439998626708984,35.099998474121094,37.439998626708984,211,0.0,0.0
2022-06-17 00:00:00-04:00,38.70000076293945,38.70000076293945,37.79999923706055,37.79999923706055,122,0.0,0.0
2022-06-21 00:00:00-04:00,35.63999938964844,39.41999816894531,35.099998474121094,39.41999816894531,317,0.0,0.0
2022-06-22 00:00:00-04:00,37.08000183105469,38.34000015258789,35.63999938964844,36.0,3167,0.0,0.0
2022-06-23 00:00:00-04:00,40.68000030517578,45.0,34.7400016784668,37.79999923706055,8083,0.0,0.0
2022-06-24 00:00:00-04:00,38.880001068115234,38.880001068115234,35.63999938964844,36.36000061035156,583,0.0,0.0
2022-06-27 00:00:00-04:00,35.13600158691406,38.34000015258789,35.13600158691406,37.27799987792969,78,0.0,0.0
2022-06-28 00:00:00-04:00,34.7400016784668,36.18000030517578,34.560001373291016,34.560001373291016,178,0.0,0.0
2022-06-29 00:00:00-04:00,34.79399871826172,34.79399871826172,34.20000076293945,34.20000076293945,178,0.0,0.0
2022-06-30 00:00:00-04:00,34.20000076293945,34.20000076293945,34.20000076293945,34.20000076293945,11,0.0,0.0
2022-07-01 00:00:00-04:00,34.380001068115234,36.32400131225586,34.20000076293945,35.459999084472656,83,0.0,0.0
2022-07-05 00:00:00-04:00,34.91999816894531,36.36000061035156,34.91999816894531,36.36000061035156,17,0.0,0.0
2022-07-06 00:00:00-04:00,35.63999938964844,36.36000061035156,35.63999938964844,36.36000061035156,178,0.0,0.0
2022-07-07 00:00:00-04:00,35.81999969482422,36.18000030517578,35.81999969482422,36.18000030517578,33,0.0,0.0
2022-07-08 00:00:00-04:00,35.63999938964844,36.18000030517578,35.63999938964844,36.18000030517578,67,0.0,0.0
2022-07-11 00:00:00-04:00,36.18000030517578,36.36000061035156,36.18000030517578,36.18000030517578,94,0.0,0.0
2022-07-12 00:00:00-04:00,36.0,36.0,34.02000045776367,34.02000045776367,222,0.0,0.0
2022-07-13 00:00:00-04:00,34.02000045776367,34.02000045776367,34.02000045776367,34.02000045776367,28,0.0,0.0
2022-07-14 00:00:00-04:00,33.65999984741211,33.65999984741211,33.29999923706055,33.56999969482422,106,0.0,0.0
2022-07-15 00:00:00-04:00,34.7400016784668,34.7400016784668,34.7400016784668,34.7400016784668,22,0.0,0.0
2022-07-18 00:00:00-04:00,34.20000076293945,34.20000076293945,34.20000076293945,34.20000076293945,22,0.0,0.0
2022-07-19 00:00:00-04:00,35.63999938964844,35.94599914550781,32.400001525878906,33.858001708984375,400,0.0,0.0
2022-07-20 00:00:00-04:00,33.47999954223633,33.47999954223633,33.47999954223633,33.47999954223633,44,0.0,0.0
2022-07-21 00:00:00-04:00,34.02000045776367,34.02000045776367,32.7599983215332,32.79600143432617,128,0.0,0.0
2022-07-22 00:00:00-04:00,32.040000915527344,32.849998474121094,31.68000030517578,32.040000915527344,117,0.0,0.0
2022-07-25 00:00:00-04:00,32.220001220703125,33.731998443603516,32.220001220703125,32.220001220703125,72,0.0,0.0
2022-07-26 00:00:00-04:00,31.68000030517578,31.68000030517578,31.5,31.5,33,0.0,0.0
2022-07-27 00:00:00-04:00,31.5,31.5,31.5,31.5,17,0.0,0.0
2022-07-28 00:00:00-04:00,31.860000610351562,32.90399932861328,31.860000610351562,32.90399932861328,172,0.0,0.0
2022-07-29 00:00:00-04:00,31.860000610351562,34.11000061035156,31.860000610351562,34.11000061035156,61,0.0,0.0
2022-08-01 00:00:00-04:00,33.119998931884766,35.20800018310547,31.68000030517578,31.68000030517578,133,0.0,0.0
2022-08-02 00:00:00-04:00,31.860000610351562,42.119998931884766,29.700000762939453,38.34000015258789,2967,0.0,0.0
2022-08-03 00:00:00-04:00,37.79999923706055,37.79999923706055,32.939998626708984,34.7400016784668,450,0.0,0.0
2022-08-04 00:00:00-04:00,35.0099983215332,36.900001525878906,33.24599838256836,33.47999954223633,344,0.0,0.0
2022-08-05 00:00:00-04:00,36.18000030517578,49.5,34.20000076293945,42.89400100708008,16500,0.0,0.0
2022-08-08 00:00:00-04:00,38.880001068115234,39.060001373291016,34.380001068115234,35.099998474121094,2811,0.0,0.0
2022-08-09 00:00:00-04:00,38.52000045776367,38.52000045776367,34.20000076293945,34.20000076293945,544,0.0,0.0
2022-08-10 00:00:00-04:00,34.380001068115234,36.0,34.20000076293945,34.380001068115234,767,0.0,0.0
2022-08-11 00:00:00-04:00,36.900001525878906,36.900001525878906,35.099998474121094,35.279998779296875,1128,0.0,0.0
2022-08-12 00:00:00-04:00,36.36000061035156,36.36000061035156,34.380001068115234,35.459999084472656,600,0.0,0.0
2022-08-15 00:00:00-04:00,34.91999816894531,36.0,33.84000015258789,34.380001068115234,528,0.0,0.0
2022-08-16 00:00:00-04:00,34.560001373291016,37.2599983215332,34.560001373291016,35.63999938964844,367,0.0,0.0
2022-08-17 00:00:00-04:00,35.63999938964844,37.79999923706055,34.577999114990234,36.540000915527344,639,0.0,0.0
2022-08-18 00:00:00-04:00,38.15999984741211,39.060001373291016,34.20000076293945,37.2599983215332,3372,0.0,0.0
2022-08-19 00:00:00-04:00,33.65999984741211,36.720001220703125,33.47999954223633,36.18000030517578,1094,0.0,0.0
2022-08-22 00:00:00-04:00,34.560001373291016,34.560001373291016,32.7599983215332,33.209999084472656,300,0.0,0.0
2022-08-23 00:00:00-04:00,32.939998626708984,35.099998474121094,32.220001220703125,33.56999969482422,700,0.0,0.0
2022-08-24 00:00:00-04:00,33.84000015258789,33.84000015258789,33.47999954223633,33.65999984741211,78,0.0,0.0
2022-08-25 00:00:00-04:00,31.68000030517578,33.119998931884766,31.5,33.119998931884766,344,0.0,0.0
2022-08-26 00:00:00-04:00,32.939998626708984,32.939998626708984,31.68000030517578,31.68000030517578,72,0.0,0.0
2022-08-29 00:00:00-04:00,32.7599983215332,32.7599983215332,30.780000686645508,30.780000686645508,172,0.0,0.0
2022-08-30 00:00:00-04:00,30.780000686645508,35.459999084472656,30.743999481201172,32.310001373291016,1089,0.0,0.0
2022-08-31 00:00:00-04:00,32.220001220703125,32.220001220703125,30.780000686645508,30.780000686645508,494,0.0,0.0
2022-09-01 00:00:00-04:00,31.139999389648438,34.02000045776367,30.959999084472656,33.24599838256836,489,0.0,0.0
2022-09-02 00:00:00-04:00,34.91999816894531,37.619998931884766,31.860000610351562,31.913999557495117,2022,0.0,0.0
2022-09-06 00:00:00-04:00,31.139999389648438,32.040000915527344,31.139999389648438,31.68000030517578,133,0.0,0.0
2022-09-07 00:00:00-04:00,31.5,31.5,29.34000015258789,30.959999084472656,322,0.0,0.0
2022-09-08 00:00:00-04:00,32.220001220703125,32.220001220703125,30.959999084472656,30.959999084472656,39,0.0,0.0
2022-09-09 00:00:00-04:00,29.8799991607666,31.31999969482422,29.8799991607666,31.31999969482422,144,0.0,0.0
2022-09-12 00:00:00-04:00,30.239999771118164,30.239999771118164,29.8799991607666,29.8799991607666,289,0.0,0.0
2022-09-13 00:00:00-04:00,30.239999771118164,30.239999771118164,26.459999084472656,29.15999984741211,1050,0.0,0.0
2022-09-14 00:00:00-04:00,27.899999618530273,30.959999084472656,27.77400016784668,30.959999084472656,39,0.0,0.0
2022-09-15 00:00:00-04:00,37.439998626708984,37.45800018310547,33.47999954223633,35.81999969482422,3144,0.0,0.0
2022-09-16 00:00:00-04:00,34.86600112915039,36.18000030517578,33.029998779296875,35.65800094604492,94,0.0,0.0
2022-09-19 00:00:00-04:00,34.380001068115234,34.380001068115234,32.939998626708984,32.939998626708984,339,0.0,0.0
2022-09-20 00:00:00-04:00,33.119998931884766,33.263999938964844,29.700000762939453,30.420000076293945,267,0.0,0.0
2022-09-21 00:00:00-04:00,30.600000381469727,30.600000381469727,30.600000381469727,30.600000381469727,61,0.0,0.0
2022-09-22 00:00:00-04:00,30.149999618530273,30.420000076293945,30.059999465942383,30.059999465942383,67,0.0,0.0
2022-09-23 00:00:00-04:00,29.700000762939453,29.700000762939453,28.440000534057617,28.440000534057617,56,0.0,0.0
2022-09-26 00:00:00-04:00,28.260000228881836,28.260000228881836,27.360000610351562,28.260000228881836,61,0.0,0.0
2022-09-27 00:00:00-04:00,28.979999542236328,29.15999984741211,28.260000228881836,29.15999984741211,100,0.0,0.0
2022-09-28 00:00:00-04:00,29.15999984741211,29.15999984741211,29.15999984741211,29.15999984741211,0,0.0,0.0
2022-09-29 00:00:00-04:00,27.360000610351562,27.360000610351562,27.360000610351562,27.360000610351562,22,0.0,0.0
2022-09-30 00:00:00-04:00,28.440000534057617,28.440000534057617,28.440000534057617,28.440000534057617,17,0.0,0.0
2022-10-03 00:00:00-04:00,28.979999542236328,32.400001525878906,28.6200008392334,32.400001525878906,72,0.0,0.0
2022-10-04 00:00:00-04:00,29.17799949645996,29.17799949645996,29.17799949645996,29.17799949645996,22,0.0,0.0
2022-10-05 00:00:00-04:00,31.049999237060547,31.31999969482422,29.15999984741211,29.34000015258789,94,0.0,0.0
2022-10-06 00:00:00-04:00,30.239999771118164,30.239999771118164,30.059999465942383,30.239999771118164,39,0.0,0.0
2022-10-07 00:00:00-04:00,28.979999542236328,31.5,26.100000381469727,30.780000686645508,561,0.0,0.0
2022-10-10 00:00:00-04:00,28.799999237060547,29.663999557495117,28.799999237060547,29.663999557495117,61,0.0,0.0
2022-10-11 00:00:00-04:00,28.979999542236328,28.979999542236328,27.899999618530273,27.899999618530273,106,0.0,0.0
2022-10-12 00:00:00-04:00,26.38800048828125,26.38800048828125,26.280000686645508,26.280000686645508,83,0.0,0.0
2022-10-13 00:00:00-04:00,23.399999618530273,26.100000381469727,22.5,24.479999542236328,417,0.0,0.0
2022-10-14 00:00:00-04:00,23.399999618530273,23.399999618530273,23.399999618530273,23.399999618530273,17,0.0,0.0
2022-10-17 00:00:00-04:00,25.884000778198242,25.884000778198242,22.5,22.5,106,0.0,0.0
2022-10-18 00:00:00-04:00,22.823999404907227,22.823999404907227,22.5,22.5,56,0.0,0.0
2022-10-19 00:00:00-04:00,22.5,24.56999969482422,22.5,24.56999969482422,33,0.0,0.0
2022-10-20 00:00:00-04:00,23.399999618530273,26.459999084472656,23.399999618530273,26.459999084472656,39,0.0,0.0
2022-10-21 00:00:00-04:00,23.760000228881836,23.760000228881836,23.760000228881836,23.760000228881836,17,0.0,0.0
2022-10-24 00:00:00-04:00,24.371999740600586,25.3799991607666,24.299999237060547,24.65999984741211,133,0.0,0.0
2022-10-25 00:00:00-04:00,24.299999237060547,24.299999237060547,22.68000030517578,24.1200008392334,172,0.0,0.0
2022-10-26 00:00:00-04:00,22.5,26.280000686645508,22.5,25.020000457763672,1206,0.0,0.0
2022-10-27 00:00:00-04:00,25.020000457763672,25.020000457763672,22.139999389648438,23.399999618530273,183,0.0,0.0
2022-10-28 00:00:00-04:00,23.579999923706055,25.020000457763672,23.399999618530273,23.399999618530273,117,0.0,0.0
2022-10-31 00:00:00-04:00,25.236000061035156,25.236000061035156,23.70599937438965,24.84000015258789,128,0.0,0.0
2022-11-01 00:00:00-04:00,23.832000732421875,24.030000686645508,23.832000732421875,24.030000686645508,72,0.0,0.0
2022-11-02 00:00:00-04:00,24.299999237060547,26.459999084472656,23.742000579833984,25.290000915527344,278,0.0,0.0
2022-11-03 00:00:00-04:00,24.1200008392334,26.639999389648438,23.597999572753906,23.597999572753906,72,0.0,0.0
2022-11-04 00:00:00-04:00,24.534000396728516,26.639999389648438,24.534000396728516,26.459999084472656,211,0.0,0.0
2022-11-07 00:00:00-05:00,25.3799991607666,26.639999389648438,22.5,26.639999389648438,594,0.0,0.0
2022-11-08 00:00:00-05:00,24.030000686645508,24.030000686645508,23.760000228881836,23.760000228881836,28,0.0,0.0
2022-11-09 00:00:00-05:00,23.760000228881836,25.020000457763672,23.399999618530273,23.579999923706055,733,0.0,0.0
2022-11-10 00:00:00-05:00,24.479999542236328,25.937999725341797,24.479999542236328,25.937999725341797,22,0.0,0.0
2022-11-11 00:00:00-05:00,24.65999984741211,26.280000686645508,23.489999771118164,23.760000228881836,178,0.0,0.0
2022-11-14 00:00:00-05:00,24.84000015258789,26.280000686645508,24.65999984741211,26.280000686645508,72,0.0,0.0
2022-11-15 00:00:00-05:00,25.253999710083008,25.920000076293945,25.200000762939453,25.920000076293945,61,0.0,0.0
2022-11-16 00:00:00-05:00,25.920000076293945,25.920000076293945,25.739999771118164,25.739999771118164,161,0.0,0.0
2022-11-17 00:00:00-05:00,23.993999481201172,26.639999389648438,23.993999481201172,26.639999389648438,1089,0.0,0.0
2022-11-18 00:00:00-05:00,27.360000610351562,27.360000610351562,25.559999465942383,26.100000381469727,378,0.0,0.0
2022-11-21 00:00:00-05:00,26.100000381469727,26.100000381469727,26.100000381469727,26.100000381469727,6,0.0,0.0
2022-11-22 00:00:00-05:00,25.3799991607666,25.3799991607666,23.940000534057617,24.84000015258789,83,0.0,0.0
2022-11-23 00:00:00-05:00,23.399999618530273,25.020000457763672,23.399999618530273,25.020000457763672,28,0.0,0.0
2022-11-25 00:00:00-05:00,25.200000762939453,26.639999389648438,25.200000762939453,26.639999389648438,167,0.0,0.0
2022-11-28 00:00:00-05:00,25.200000762939453,25.3799991607666,25.200000762939453,25.200000762939453,39,0.0,0.0
2022-11-29 00:00:00-05:00,23.940000534057617,26.81999969482422,23.940000534057617,26.81999969482422,89,0.0,0.0
2022-11-30 00:00:00-05:00,26.639999389648438,26.81999969482422,25.200000762939453,26.81999969482422,200,0.0,0.0
2022-12-01 00:00:00-05:00,26.04599952697754,26.04599952697754,26.04599952697754,26.04599952697754,17,0.0,0.0
2022-12-02 00:00:00-05:00,24.299999237060547,26.100000381469727,24.299999237060547,26.100000381469727,33,0.0,0.0
2022-12-05 00:00:00-05:00,24.65999984741211,25.79400062561035,24.65999984741211,25.79400062561035,33,0.0,0.0
2022-12-06 00:00:00-05:00,24.299999237060547,25.200000762939453,24.1200008392334,25.200000762939453,800,0.0,0.0
2022-12-07 00:00:00-05:00,25.200000762939453,25.200000762939453,23.868000030517578,23.868000030517578,67,0.0,0.0
2022-12-08 00:00:00-05:00,25.974000930786133,25.974000930786133,25.559999465942383,25.559999465942383,106,0.0,0.0
2022-12-09 00:00:00-05:00,24.84000015258789,25.559999465942383,24.84000015258789,25.559999465942383,133,0.0,0.0
2022-12-12 00:00:00-05:00,25.559999465942383,27.0,25.559999465942383,26.639999389648438,928,0.0,0.0
2022-12-13 00:00:00-05:00,26.81999969482422,28.079999923706055,26.81999969482422,27.899999618530273,761,0.0,0.0
2022-12-14 00:00:00-05:00,26.100000381469727,29.15999984741211,26.100000381469727,29.15999984741211,656,0.0,0.0
2022-12-15 00:00:00-05:00,28.799999237060547,30.600000381469727,28.440000534057617,30.239999771118164,1050,0.0,0.0
2022-12-16 00:00:00-05:00,28.6200008392334,30.959999084472656,28.6200008392334,30.959999084472656,1183,0.0,0.0
2022-12-19 00:00:00-05:00,26.586000442504883,33.119998931884766,25.667999267578125,33.119998931884766,1206,0.0,0.0
2022-12-20 00:00:00-05:00,33.119998931884766,36.45000076293945,31.139999389648438,36.0,1222,0.0,0.0
2022-12-21 00:00:00-05:00,36.0,38.70000076293945,28.260000228881836,37.79999923706055,3406,0.0,0.0
2022-12-22 00:00:00-05:00,36.917999267578125,39.41999816894531,35.63999938964844,38.66400146484375,817,0.0,0.0
2022-12-23 00:00:00-05:00,35.81999969482422,41.7599983215332,35.81999969482422,40.86000061035156,1128,0.0,0.0
2022-12-27 00:00:00-05:00,41.040000915527344,41.20199966430664,31.68000030517578,39.779998779296875,717,0.0,0.0
2022-12-28 00:00:00-05:00,40.31999969482422,41.400001525878906,37.08000183105469,40.428001403808594,1067,0.0,0.0
2022-12-29 00:00:00-05:00,39.959999084472656,42.119998931884766,37.79999923706055,42.119998931884766,1228,0.0,0.0
2022-12-30 00:00:00-05:00,38.52000045776367,41.400001525878906,38.52000045776367,40.31999969482422,539,0.0,0.0
2023-01-03 00:00:00-05:00,40.13999938964844,42.47999954223633,36.18000030517578,42.47999954223633,1611,0.0,0.0
2023-01-04 00:00:00-05:00,42.65999984741211,45.0,39.779998779296875,45.0,1022,0.0,0.0
2023-01-05 00:00:00-05:00,48.060001373291016,48.2400016784668,42.858001708984375,46.79999923706055,1056,0.0,0.0
2023-01-06 00:00:00-05:00,50.220001220703125,51.65999984741211,47.84400177001953,49.15800094604492,428,0.0,0.0
2023-01-09 00:00:00-05:00,48.2400016784668,48.599998474121094,45.36000061035156,46.08000183105469,300,0.0,0.0
2023-01-10 00:00:00-05:00,46.08000183105469,48.599998474121094,46.08000183105469,48.2400016784668,333,0.0,0.0
2023-01-11 00:00:00-05:00,41.939998626708984,48.599998474121094,41.939998626708984,48.41999816894531,289,0.0,0.0
2023-01-12 00:00:00-05:00,48.33000183105469,48.599998474121094,44.29800033569336,48.599998474121094,1583,0.0,0.0
2023-01-13 00:00:00-05:00,47.880001068115234,48.11399841308594,44.279998779296875,48.11399841308594,456,0.0,0.0
2023-01-17 00:00:00-05:00,45.36000061035156,48.599998474121094,45.36000061035156,48.2400016784668,594,0.0,0.0
2023-01-18 00:00:00-05:00,47.880001068115234,47.880001068115234,44.63999938964844,47.52000045776367,172,0.0,0.0
2023-01-19 00:00:00-05:00,45.18000030517578,45.18000030517578,41.7599983215332,45.18000030517578,517,0.0,0.0
2023-01-20 00:00:00-05:00,43.20000076293945,48.2400016784668,43.20000076293945,47.465999603271484,656,0.0,0.0
2023-01-23 00:00:00-05:00,48.599998474121094,48.599998474121094,41.7599983215332,46.709999084472656,544,0.0,0.0
2023-01-24 00:00:00-05:00,46.2239990234375,46.619998931884766,46.20600128173828,46.36800003051758,417,0.0,0.0
2023-01-25 00:00:00-05:00,41.939998626708984,45.900001525878906,37.97999954223633,45.900001525878906,178,0.0,0.0
2023-01-26 00:00:00-05:00,45.720001220703125,45.720001220703125,40.68000030517578,44.81999969482422,317,0.0,0.0
2023-01-27 00:00:00-05:00,41.939998626708984,46.08000183105469,41.939998626708984,46.08000183105469,222,0.0,0.0
2023-01-30 00:00:00-05:00,45.05400085449219,45.18000030517578,45.0,45.1619987487793,83,0.0,0.0
2023-01-31 00:00:00-05:00,45.0,46.08000183105469,44.9640007019043,46.08000183105469,306,0.0,0.0
2023-02-01 00:00:00-05:00,46.08000183105469,46.08000183105469,45.540000915527344,45.900001525878906,194,0.0,0.0
2023-02-02 00:00:00-05:00,46.08000183105469,47.15999984741211,45.36000061035156,47.15999984741211,483,0.0,0.0
2023-02-03 00:00:00-05:00,47.178001403808594,48.2400016784668,47.178001403808594,48.2400016784668,167,0.0,0.0
2023-02-06 00:00:00-05:00,48.2400016784668,48.2400016784668,47.15999984741211,47.15999984741211,128,0.0,0.0
2023-02-07 00:00:00-05:00,46.709999084472656,47.70000076293945,46.709999084472656,47.70000076293945,150,0.0,0.0
2023-02-08 00:00:00-05:00,39.060001373291016,46.97999954223633,39.00600051879883,45.0,422,0.0,0.0
2023-02-09 00:00:00-05:00,39.2400016784668,46.2599983215332,39.2400016784668,46.2599983215332,33,0.0,0.0
2023-02-10 00:00:00-05:00,43.91999816894531,46.97999954223633,43.91999816894531,46.566001892089844,50,0.0,0.0
2023-02-13 00:00:00-05:00,43.290000915527344,46.79999923706055,40.04999923706055,45.18000030517578,328,0.0,0.0
2023-02-14 00:00:00-05:00,45.18000030517578,45.18000030517578,45.18000030517578,45.18000030517578,0,0.0,0.0
2023-02-15 00:00:00-05:00,39.959999084472656,46.007999420166016,39.959999084472656,46.007999420166016,61,0.0,0.0
2023-02-16 00:00:00-05:00,44.63999938964844,46.79999923706055,41.939998626708984,46.79999923706055,161,0.0,0.0
2023-02-17 00:00:00-05:00,42.65999984741211,45.64799880981445,41.58000183105469,45.64799880981445,111,0.0,0.0
2023-02-21 00:00:00-05:00,42.29999923706055,45.0,40.86000061035156,45.0,78,0.0,0.0
2023-02-22 00:00:00-05:00,40.08599853515625,44.63999938964844,40.08599853515625,44.459999084472656,67,0.0,0.0
2023-02-23 00:00:00-05:00,42.29999923706055,45.0,41.400001525878906,45.0,78,0.0,0.0
2023-02-24 00:00:00-05:00,43.02000045776367,44.81999969482422,41.4900016784668,44.81999969482422,61,0.0,0.0
2023-02-27 00:00:00-05:00,43.20000076293945,43.20000076293945,40.13999938964844,42.65999984741211,106,0.0,0.0
2023-02-28 00:00:00-05:00,41.400001525878906,42.84000015258789,40.31999969482422,42.84000015258789,67,0.0,0.0
2023-03-01 00:00:00-05:00,40.5,43.20000076293945,38.34000015258789,43.20000076293945,78,0.0,0.0
2023-03-02 00:00:00-05:00,38.52000045776367,45.0,38.52000045776367,39.959999084472656,122,0.0,0.0
2023-03-03 00:00:00-05:00,40.5,40.5,40.5,40.5,17,0.0,0.0
2023-03-06 00:00:00-05:00,40.5,40.5,40.5,40.5,0,0.0,0.0
2023-03-07 00:00:00-05:00,40.5,40.5,40.5,40.5,6,0.0,0.0
2023-03-08 00:00:00-05:00,42.47999954223633,45.0,42.47999954223633,45.0,22,0.0,0.0
2023-03-09 00:00:00-05:00,39.779998779296875,44.63999938964844,39.779998779296875,44.63999938964844,33,0.0,0.0
2023-03-10 00:00:00-05:00,40.625999450683594,43.290000915527344,36.720001220703125,37.97999954223633,283,0.0,0.0
2023-03-13 00:00:00-04:00,39.599998474121094,39.599998474121094,36.0,39.599998474121094,144,0.0,0.0
2023-03-14 00:00:00-04:00,36.0,39.599998474121094,36.0,36.36000061035156,28,0.0,0.0
2023-03-15 00:00:00-04:00,37.08000183105469,43.20000076293945,37.08000183105469,43.20000076293945,250,0.0,0.0
2023-03-16 00:00:00-04:00,39.959999084472656,40.13999938964844,34.7400016784668,39.599998474121094,211,0.0,0.0
2023-03-17 00:00:00-04:00,39.599998474121094,39.599998474121094,39.599998474121094,39.599998474121094,0,0.0,0.0
2023-03-20 00:00:00-04:00,33.29999923706055,39.060001373291016,32.58000183105469,39.060001373291016,189,0.0,0.0
2023-03-21 00:00:00-04:00,32.939998626708984,36.540000915527344,32.220001220703125,36.540000915527344,300,0.0,0.0
2023-03-22 00:00:00-04:00,34.02000045776367,40.428001403808594,33.119998931884766,40.428001403808594,106,0.0,0.0
2023-03-23 00:00:00-04:00,33.65999984741211,36.36000061035156,31.5,36.36000061035156,550,0.0,0.0
2023-03-24 00:00:00-04:00,34.20000076293945,37.439998626708984,34.20000076293945,37.439998626708984,100,0.0,0.0
2023-03-27 00:00:00-04:00,37.439998626708984,37.439998626708984,37.439998626708984,37.439998626708984,0,0.0,0.0
2023-03-28 00:00:00-04:00,37.08000183105469,37.08000183105469,37.08000183105469,37.08000183105469,22,0.0,0.0
2023-03-29 00:00:00-04:00,34.380001068115234,36.18000030517578,34.380001068115234,36.18000030517578,106,0.0,0.0
2023-03-30 00:00:00-04:00,34.12799835205078,36.0,32.220001220703125,32.220001220703125,228,0.0,0.0
2023-03-31 00:00:00-04:00,30.959999084472656,38.70000076293945,30.959999084472656,38.70000076293945,94,0.0,0.0
2023-04-03 00:00:00-04:00,35.099998474121094,36.630001068115234,32.220001220703125,36.630001068115234,128,0.0,0.0
2023-04-04 00:00:00-04:00,33.29999923706055,35.459999084472656,33.29999923706055,35.459999084472656,39,0.0,0.0
2023-04-05 00:00:00-04:00,37.79999923706055,37.79999923706055,37.79999923706055,37.79999923706055,17,0.0,0.0
2023-04-06 00:00:00-04:00,36.18000030517578,37.2599983215332,35.72999954223633,36.720001220703125,133,0.0,0.0
2023-04-10 00:00:00-04:00,32.58000183105469,32.58000183105469,32.400001525878906,32.400001525878906,39,0.0,0.0
2023-04-11 00:00:00-04:00,32.400001525878906,37.2599983215332,32.400001525878906,37.2599983215332,294,0.0,0.0
2023-04-12 00:00:00-04:00,37.2599983215332,37.2599983215332,32.939998626708984,36.720001220703125,928,0.0,0.0
2023-04-13 00:00:00-04:00,35.099998474121094,36.720001220703125,32.58000183105469,36.0,150,0.0,0.0
2023-04-14 00:00:00-04:00,34.02000045776367,34.02000045776367,34.02000045776367,34.02000045776367,61,0.0,0.0
2023-04-17 00:00:00-04:00,33.119998931884766,35.369998931884766,33.119998931884766,35.369998931884766,72,0.0,0.0
2023-04-18 00:00:00-04:00,33.65999984741211,35.099998474121094,32.58000183105469,34.20000076293945,72,0.0,0.0
2023-04-19 00:00:00-04:00,32.400001525878906,33.65999984741211,31.5,32.58000183105469,122,0.0,0.0
2023-04-20 00:00:00-04:00,34.12799835205078,34.12799835205078,28.799999237060547,34.02000045776367,150,0.0,0.0
2023-04-21 00:00:00-04:00,29.538000106811523,33.84000015258789,29.538000106811523,32.220001220703125,172,0.0,0.0
2023-04-24 00:00:00-04:00,29.8799991607666,32.7599983215332,29.520000457763672,32.7599983215332,61,0.0,0.0
2023-04-25 00:00:00-04:00,29.8799991607666,33.46200180053711,23.579999923706055,29.628000259399414,1506,0.0,0.0
2023-04-26 00:00:00-04:00,27.899999618530273,28.56599998474121,24.299999237060547,28.56599998474121,239,0.0,0.0
2023-04-27 00:00:00-04:00,27.360000610351562,28.260000228881836,27.18000030517578,28.260000228881836,61,0.0,0.0
2023-04-28 00:00:00-04:00,29.34000015258789,31.31999969482422,29.23200035095215,29.520000457763672,150,0.0,0.0
2023-05-01 00:00:00-04:00,30.420000076293945,30.420000076293945,30.420000076293945,30.420000076293945,50,0.0,0.0
2023-05-02 00:00:00-04:00,30.402000427246094,31.086000442504883,30.239999771118164,30.239999771118164,122,0.0,0.0
2023-05-03 00:00:00-04:00,29.700000762939453,32.58000183105469,29.700000762939453,31.5,239,0.0,0.0
2023-05-04 00:00:00-04:00,29.736000061035156,29.736000061035156,29.736000061035156,29.736000061035156,11,0.0,0.0
2023-05-05 00:00:00-04:00,30.257999420166016,30.257999420166016,30.257999420166016,30.257999420166016,11,0.0,0.0
2023-05-08 00:00:00-04:00,31.68000030517578,32.220001220703125,31.68000030517578,32.220001220703125,39,0.0,0.0
2023-05-09 00:00:00-04:00,32.58000183105469,32.58000183105469,30.600000381469727,31.860000610351562,133,0.0,0.0
2023-05-10 00:00:00-04:00,30.780000686645508,32.849998474121094,30.780000686645508,32.849998474121094,39,0.0,0.0
2023-05-11 00:00:00-04:00,32.400001525878906,32.7599983215332,32.400001525878906,32.7599983215332,111,0.0,0.0
2023-05-12 00:00:00-04:00,30.600000381469727,31.139999389648438,29.700000762939453,31.139999389648438,194,0.0,0.0
2023-05-15 00:00:00-04:00,29.700000762939453,29.969999313354492,29.700000762939453,29.969999313354492,56,0.0,0.0
2023-05-16 00:00:00-04:00,30.059999465942383,35.262001037597656,30.059999465942383,35.262001037597656,33,0.0,0.0
2023-05-17 00:00:00-04:00,34.20000076293945,34.20000076293945,30.672000885009766,30.780000686645508,67,0.0,0.0
2023-05-18 00:00:00-04:00,30.780000686645508,30.780000686645508,30.780000686645508,30.780000686645508,22,0.0,0.0
2023-05-19 00:00:00-04:00,32.220001220703125,32.220001220703125,27.540000915527344,27.540000915527344,111,0.0,0.0
2023-05-22 00:00:00-04:00,27.719999313354492,31.788000106811523,27.719999313354492,31.464000701904297,122,0.0,0.0
2023-05-23 00:00:00-04:00,29.700000762939453,29.700000762939453,29.520000457763672,29.520000457763672,28,0.0,0.0
2023-05-24 00:00:00-04:00,26.639999389648438,31.68000030517578,26.639999389648438,31.68000030517578,72,0.0,0.0
2023-05-25 00:00:00-04:00,27.43199920654297,30.780000686645508,27.18000030517578,30.600000381469727,361,0.0,0.0
2023-05-26 00:00:00-04:00,27.18000030517578,30.600000381469727,27.18000030517578,30.600000381469727,111,0.0,0.0
2023-05-30 00:00:00-04:00,29.34000015258789,29.34000015258789,28.908000946044922,28.908000946044922,28,0.0,0.0
2023-05-31 00:00:00-04:00,29.700000762939453,29.700000762939453,29.700000762939453,29.700000762939453,11,0.0,0.0
2023-06-01 00:00:00-04:00,28.799999237060547,29.34000015258789,28.799999237060547,29.15999984741211,39,0.0,0.0
2023-06-02 00:00:00-04:00,30.600000381469727,30.600000381469727,29.15999984741211,29.15999984741211,139,0.0,0.0
2023-06-05 00:00:00-04:00,28.979999542236328,29.610000610351562,28.979999542236328,29.610000610351562,94,0.0,0.0
2023-06-06 00:00:00-04:00,29.700000762939453,29.700000762939453,29.700000762939453,29.700000762939453,39,0.0,0.0
2023-06-07 00:00:00-04:00,28.979999542236328,33.119998931884766,28.979999542236328,29.34000015258789,3044,0.0,0.0
2023-06-08 00:00:00-04:00,31.139999389648438,32.400001525878906,30.077999114990234,30.29400062561035,189,0.0,0.0
2023-06-09 00:00:00-04:00,30.510000228881836,30.510000228881836,29.520000457763672,30.420000076293945,39,0.0,0.0
2023-06-12 00:00:00-04:00,30.059999465942383,30.059999465942383,29.700000762939453,29.700000762939453,61,0.0,0.0
2023-06-13 00:00:00-04:00,29.34000015258789,31.57200050354004,29.25,29.25,444,0.0,0.0
2023-06-14 00:00:00-04:00,28.979999542236328,28.979999542236328,27.0,27.360000610351562,206,0.0,0.0
2023-06-15 00:00:00-04:00,28.799999237060547,29.700000762939453,28.799999237060547,29.700000762939453,83,0.0,0.0
2023-06-16 00:00:00-04:00,29.8799991607666,32.400001525878906,29.8799991607666,29.8799991607666,89,0.0,0.0
2023-06-20 00:00:00-04:00,29.15999984741211,29.898000717163086,27.18000030517578,27.360000610351562,128,0.0,0.0
2023-06-21 00:00:00-04:00,27.360000610351562,27.360000610351562,27.360000610351562,27.360000610351562,6,0.0,0.0
2023-06-22 00:00:00-04:00,28.799999237060547,28.836000442504883,28.799999237060547,28.799999237060547,156,0.0,0.0
2023-06-23 00:00:00-04:00,27.360000610351562,28.440000534057617,27.0,27.0,100,0.0,0.0
2023-06-26 00:00:00-04:00,27.899999618530273,27.899999618530273,27.899999618530273,27.899999618530273,39,0.0,0.0
2023-06-27 00:00:00-04:00,27.899999618530273,27.917999267578125,27.899999618530273,27.899999618530273,106,0.0,0.0
2023-06-28 00:00:00-04:00,28.530000686645508,28.799999237060547,28.440000534057617,28.6200008392334,172,0.0,0.0
2023-06-29 00:00:00-04:00,28.6200008392334,28.6200008392334,28.6200008392334,28.6200008392334,0,0.0,0.0
2023-06-30 00:00:00-04:00,27.360000610351562,27.360000610351562,26.459999084472656,26.459999084472656,156,0.0,0.0
2023-07-03 00:00:00-04:00,26.459999084472656,26.459999084472656,26.459999084472656,26.459999084472656,0,0.0,0.0
2023-07-05 00:00:00-04:00,28.799999237060547,29.483999252319336,28.799999237060547,29.483999252319336,228,0.0,0.0
2023-07-06 00:00:00-04:00,27.809999465942383,29.304000854492188,27.09000015258789,29.15999984741211,183,0.0,0.0
2023-07-07 00:00:00-04:00,27.899999618530273,28.440000534057617,27.899999618530273,27.899999618530273,78,0.0,0.0
2023-07-10 00:00:00-04:00,27.899999618530273,27.899999618530273,27.899999618530273,27.899999618530273,11,0.0,0.0
2023-07-11 00:00:00-04:00,27.0,27.01799964904785,27.0,27.01799964904785,39,0.0,0.0
2023-07-12 00:00:00-04:00,27.0,27.899999618530273,27.0,27.899999618530273,122,0.0,0.0
2023-07-13 00:00:00-04:00,27.360000610351562,27.360000610351562,27.360000610351562,27.360000610351562,17,0.0,0.0
2023-07-14 00:00:00-04:00,29.34000015258789,29.34000015258789,27.0,28.260000228881836,94,0.0,0.0
2023-07-17 00:00:00-04:00,25.920000076293945,28.6200008392334,25.920000076293945,27.143999099731445,161,0.0,0.0
2023-07-18 00:00:00-04:00,27.0,27.899999618530273,27.0,27.0,78,0.0,0.0
2023-07-19 00:00:00-04:00,27.899999618530273,28.350000381469727,27.899999618530273,27.899999618530273,133,0.0,0.0
2023-07-20 00:00:00-04:00,27.899999618530273,27.899999618530273,27.899999618530273,27.899999618530273,22,0.0,0.0
2023-07-21 00:00:00-04:00,28.799999237060547,28.799999237060547,27.0,28.799999237060547,100,0.0,0.0
2023-07-24 00:00:00-04:00,27.270000457763672,27.899999618530273,27.0,27.0,28,0.0,0.0
2023-07-25 00:00:00-04:00,27.233999252319336,27.233999252319336,27.16200065612793,27.16200065612793,56,0.0,0.0
2023-07-26 00:00:00-04:00,27.899999618530273,27.899999618530273,27.899999618530273,27.899999618530273,22,0.0,0.0
2023-07-27 00:00:00-04:00,27.899999618530273,27.899999618530273,27.899999618530273,27.899999618530273,0,0.0,0.0
2023-07-28 00:00:00-04:00,27.899999618530273,27.899999618530273,27.899999618530273,27.899999618530273,11,0.0,0.0
2023-07-31 00:00:00-04:00,27.899999618530273,27.899999618530273,27.899999618530273,27.899999618530273,17,0.0,0.0
2023-08-01 00:00:00-04:00,25.920000076293945,25.920000076293945,25.920000076293945,25.920000076293945,33,0.0,0.0
2023-08-02 00:00:00-04:00,27.0,27.360000610351562,27.0,27.360000610351562,17,0.0,0.0
2023-08-03 00:00:00-04:00,27.341999053955078,27.360000610351562,27.18000030517578,27.18000030517578,117,0.0,0.0
2023-08-04 00:00:00-04:00,27.18000030517578,27.18000030517578,27.18000030517578,27.18000030517578,6,0.0,0.0
2023-08-07 00:00:00-04:00,27.18000030517578,27.18000030517578,27.18000030517578,27.18000030517578,0,0.0,0.0
2023-08-08 00:00:00-04:00,28.6200008392334,29.15999984741211,28.350000381469727,28.799999237060547,150,0.0,0.0
2023-08-09 00:00:00-04:00,28.799999237060547,28.799999237060547,28.799999237060547,28.799999237060547,0,0.0,0.0
2023-08-10 00:00:00-04:00,27.25200080871582,27.25200080871582,27.25200080871582,27.25200080871582,33,0.0,0.0
2023-08-11 00:00:00-04:00,27.25200080871582,27.25200080871582,27.25200080871582,27.25200080871582,6,0.0,0.0
2023-08-14 00:00:00-04:00,27.360000610351562,27.360000610351562,27.360000610351562,27.360000610351562,6,0.0,0.0
2023-08-15 00:00:00-04:00,27.18000030517578,27.756000518798828,27.18000030517578,27.756000518798828,72,0.0,0.0
2023-08-16 00:00:00-04:00,27.0,27.0,27.0,27.0,39,0.0,0.0
2023-08-17 00:00:00-04:00,27.0,27.0,27.0,27.0,22,0.0,0.0
2023-08-18 00:00:00-04:00,27.899999618530273,27.899999618530273,27.0,27.0,122,0.0,0.0
2023-08-21 00:00:00-04:00,25.920000076293945,27.0,25.920000076293945,27.0,28,0.0,0.0
2023-08-22 00:00:00-04:00,24.552000045776367,24.552000045776367,24.552000045776367,24.552000045776367,17,0.0,0.0
2023-08-23 00:00:00-04:00,24.552000045776367,24.552000045776367,24.552000045776367,24.552000045776367,28,0.0,0.0
2023-08-24 00:00:00-04:00,30.059999465942383,30.059999465942383,25.3799991607666,25.3799991607666,156,0.0,0.0
2023-08-25 00:00:00-04:00,26.100000381469727,26.100000381469727,26.100000381469727,26.100000381469727,22,0.0,0.0
2023-08-28 00:00:00-04:00,23.760000228881836,27.18000030517578,23.040000915527344,27.18000030517578,189,0.0,0.0
2023-08-29 00:00:00-04:00,24.479999542236328,24.479999542236328,23.579999923706055,23.579999923706055,22,0.0,0.0
2023-08-30 00:00:00-04:00,24.65999984741211,24.65999984741211,24.65999984741211,24.65999984741211,11,0.0,0.0
2023-08-31 00:00:00-04:00,26.280000686645508,26.280000686645508,24.84000015258789,25.020000457763672,117,0.0,0.0
2023-09-01 00:00:00-04:00,23.399999618530273,23.399999618530273,23.219999313354492,23.399999618530273,33,0.0,0.0
2023-09-05 00:00:00-04:00,23.399999618530273,23.399999618530273,23.219999313354492,23.238000869750977,78,0.0,0.0
2023-09-06 00:00:00-04:00,23.040000915527344,23.040000915527344,23.040000915527344,23.040000915527344,33,0.0,0.0
2023-09-07 00:00:00-04:00,28.079999923706055,36.0,23.760000228881836,27.899999618530273,58161,0.0,0.0
2023-09-08 00:00:00-04:00,27.270000457763672,27.450000762939453,24.389999389648438,27.0,2522,0.0,0.0
2023-09-11 00:00:00-04:00,24.84000015258789,25.920000076293945,23.940000534057617,24.479999542236328,1383,0.0,0.0
2023-09-12 00:00:00-04:00,24.444000244140625,26.81999969482422,23.940000534057617,26.81999969482422,378,0.0,0.0
2023-09-13 00:00:00-04:00,25.020000457763672,25.020000457763672,25.020000457763672,25.020000457763672,22,0.0,0.0
2023-09-14 00:00:00-04:00,23.940000534057617,25.829999923706055,23.940000534057617,25.200000762939453,339,0.0,0.0
2023-09-15 00:00:00-04:00,23.940000534057617,24.84000015258789,23.399999618530273,23.399999618530273,183,0.0,0.0
2023-09-18 00:00:00-04:00,23.399999618530273,25.200000762939453,23.399999618530273,24.299999237060547,278,0.0,0.0
2023-09-19 00:00:00-04:00,24.1200008392334,24.336000442504883,23.166000366210938,24.299999237060547,150,0.0,0.0
2023-09-20 00:00:00-04:00,24.479999542236328,24.479999542236328,23.040000915527344,23.219999313354492,250,0.0,0.0
2023-09-21 00:00:00-04:00,24.479999542236328,26.15399932861328,22.5,23.579999923706055,322,0.0,0.0
2023-09-22 00:00:00-04:00,23.760000228881836,24.1560001373291,23.760000228881836,24.083999633789062,33,0.0,0.0
2023-09-25 00:00:00-04:00,23.579999923706055,24.030000686645508,23.579999923706055,24.030000686645508,33,0.0,0.0
2023-09-26 00:00:00-04:00,22.643999099731445,24.1200008392334,22.643999099731445,23.399999618530273,222,0.0,0.0
2023-09-27 00:00:00-04:00,22.5,23.760000228881836,22.5,23.760000228881836,122,0.0,0.0
2023-09-28 00:00:00-04:00,23.652000427246094,23.652000427246094,23.652000427246094,23.652000427246094,33,0.0,0.0
2023-09-29 00:00:00-04:00,22.5,22.5,22.049999237060547,22.049999237060547,122,0.0,0.0
2023-10-02 00:00:00-04:00,21.780000686645508,21.780000686645508,21.059999465942383,21.600000381469727,111,0.0,0.0
2023-10-03 00:00:00-04:00,20.8799991607666,22.5,20.8799991607666,22.31999969482422,122,0.0,0.0
2023-10-04 00:00:00-04:00,22.31999969482422,22.31999969482422,20.15999984741211,22.139999389648438,94,0.0,0.0
2023-10-05 00:00:00-04:00,22.139999389648438,22.139999389648438,22.139999389648438,22.139999389648438,0,0.0,0.0
2023-10-06 00:00:00-04:00,21.329999923706055,21.329999923706055,21.329999923706055,21.329999923706055,11,0.0,0.0
2023-10-09 00:00:00-04:00,21.239999771118164,21.239999771118164,18.899999618530273,18.899999618530273,106,0.0,0.0
2023-10-10 00:00:00-04:00,18.70199966430664,22.31999969482422,18.6299991607666,19.6200008392334,350,0.0,0.0
2023-10-11 00:00:00-04:00,18.360000610351562,20.34000015258789,18.360000610351562,20.34000015258789,422,0.0,0.0
2023-10-12 00:00:00-04:00,22.5,23.760000228881836,19.979999542236328,21.059999465942383,450,0.0,0.0
2023-10-13 00:00:00-04:00,21.780000686645508,24.1200008392334,20.15999984741211,24.1200008392334,278,0.0,0.0
2023-10-16 00:00:00-04:00,22.31999969482422,24.299999237060547,22.31999969482422,22.5,156,0.0,0.0
2023-10-17 00:00:00-04:00,23.579999923706055,23.760000228881836,23.579999923706055,23.579999923706055,117,0.0,0.0
2023-10-18 00:00:00-04:00,22.68000030517578,23.940000534057617,21.239999771118164,22.68000030517578,172,0.0,0.0
2023-10-19 00:00:00-04:00,21.420000076293945,21.780000686645508,21.059999465942383,21.780000686645508,100,0.0,0.0
2023-10-20 00:00:00-04:00,21.780000686645508,21.780000686645508,21.059999465942383,21.059999465942383,78,0.0,0.0
2023-10-23 00:00:00-04:00,24.479999542236328,26.100000381469727,22.68000030517578,24.209999084472656,183,0.0,0.0
2023-10-24 00:00:00-04:00,21.600000381469727,21.959999084472656,20.520000457763672,20.520000457763672,278,0.0,0.0
2023-10-25 00:00:00-04:00,21.420000076293945,21.420000076293945,21.420000076293945,21.420000076293945,28,0.0,0.0
2023-10-26 00:00:00-04:00,21.959999084472656,23.1299991607666,21.959999084472656,23.1299991607666,100,0.0,0.0
2023-10-27 00:00:00-04:00,19.979999542236328,19.979999542236328,19.979999542236328,19.979999542236328,11,0.0,0.0
2023-10-30 00:00:00-04:00,19.979999542236328,19.979999542236328,19.979999542236328,19.979999542236328,0,0.0,0.0
2023-10-31 00:00:00-04:00,19.979999542236328,19.979999542236328,19.979999542236328,19.979999542236328,0,0.0,0.0
2023-11-01 00:00:00-04:00,20.15999984741211,20.15999984741211,19.979999542236328,19.979999542236328,56,0.0,0.0
2023-11-02 00:00:00-04:00,19.979999542236328,20.8799991607666,19.979999542236328,20.8799991607666,39,0.0,0.0
2023-11-03 00:00:00-04:00,19.781999588012695,19.836000442504883,19.781999588012695,19.836000442504883,67,0.0,0.0
2023-11-06 00:00:00-05:00,17.531999588012695,20.591999053955078,17.531999588012695,20.591999053955078,161,0.0,0.0
2023-11-07 00:00:00-05:00,18.719999313354492,18.719999313354492,18.719999313354492,18.719999313354492,22,0.0,0.0
2023-11-08 00:00:00-05:00,18.0,18.0,18.0,18.0,28,0.0,0.0
2023-11-09 00:00:00-05:00,18.0,18.0,18.0,18.0,22,0.0,0.0
2023-11-10 00:00:00-05:00,13.859999656677246,18.18000030517578,13.859999656677246,18.18000030517578,144,0.0,0.0
2023-11-13 00:00:00-05:00,18.18000030517578,18.18000030517578,18.18000030517578,18.18000030517578,0,0.0,0.0
2023-11-14 00:00:00-05:00,18.0,18.0,18.0,18.0,50,0.0,0.0
2023-11-15 00:00:00-05:00,18.0,18.0,18.0,18.0,67,0.0,0.0
2023-11-16 00:00:00-05:00,18.0,18.18000030517578,18.0,18.0,206,0.0,0.0
2023-11-17 00:00:00-05:00,17.459999084472656,21.239999771118164,17.459999084472656,18.540000915527344,272,0.0,0.0
2023-11-20 00:00:00-05:00,21.420000076293945,21.420000076293945,18.360000610351562,18.719999313354492,144,0.0,0.0
2023-11-21 00:00:00-05:00,16.739999771118164,17.100000381469727,16.739999771118164,16.739999771118164,100,0.0,0.0
2023-11-22 00:00:00-05:00,16.739999771118164,16.739999771118164,16.739999771118164,16.739999771118164,44,0.0,0.0
2023-11-24 00:00:00-05:00,21.420000076293945,21.600000381469727,18.360000610351562,20.15999984741211,867,0.0,0.0
2023-11-27 00:00:00-05:00,20.520000457763672,20.520000457763672,18.899999618530273,18.899999618530273,128,0.0,0.0
2023-11-28 00:00:00-05:00,21.420000076293945,21.420000076293945,17.280000686645508,18.18000030517578,61,0.0,0.0
2023-11-29 00:00:00-05:00,18.18000030517578,18.18000030517578,18.18000030517578,18.18000030517578,44,0.0,0.0
2023-11-30 00:00:00-05:00,21.059999465942383,21.059999465942383,19.260000228881836,21.059999465942383,144,0.0,0.0
2023-12-01 00:00:00-05:00,15.65999984741211,20.700000762939453,15.65999984741211,19.854000091552734,533,0.0,0.0
2023-12-04 00:00:00-05:00,18.360000610351562,19.799999237060547,18.360000610351562,19.799999237060547,72,0.0,0.0
2023-12-05 00:00:00-05:00,19.799999237060547,19.799999237060547,19.799999237060547,19.799999237060547,89,0.0,0.0
2023-12-06 00:00:00-05:00,16.739999771118164,19.799999237060547,16.739999771118164,19.799999237060547,72,0.0,0.0
2023-12-07 00:00:00-05:00,15.911999702453613,18.719999313354492,15.911999702453613,18.719999313354492,161,0.0,0.0
2023-12-08 00:00:00-05:00,18.360000610351562,19.799999237060547,17.100000381469727,19.799999237060547,78,0.0,0.0
2023-12-11 00:00:00-05:00,18.360000610351562,18.360000610351562,16.920000076293945,16.920000076293945,128,0.0,0.0
2023-12-12 00:00:00-05:00,16.559999465942383,16.992000579833984,16.559999465942383,16.992000579833984,17,0.0,0.0
2023-12-13 00:00:00-05:00,17.83799934387207,18.0,17.83799934387207,17.83799934387207,72,0.0,0.0
2023-12-14 00:00:00-05:00,15.300000190734863,16.3439998626709,15.300000190734863,16.3439998626709,56,0.0,0.0
2023-12-15 00:00:00-05:00,16.091999053955078,16.091999053955078,16.091999053955078,16.091999053955078,17,0.0,0.0
2023-12-18 00:00:00-05:00,15.300000190734863,16.200000762939453,15.300000190734863,15.300000190734863,172,0.0,0.0
2023-12-19 00:00:00-05:00,15.300000190734863,15.300000190734863,15.300000190734863,15.300000190734863,11,0.0,0.0
2023-12-20 00:00:00-05:00,15.947999954223633,16.236000061035156,15.947999954223633,16.236000061035156,33,0.0,0.0
2023-12-21 00:00:00-05:00,15.479999542236328,18.899999618530273,15.300000190734863,18.899999618530273,178,0.0,0.0
2023-12-22 00:00:00-05:00,11.699999809265137,16.649999618530273,11.699999809265137,15.857999801635742,317,0.0,0.0
2023-12-26 00:00:00-05:00,15.354000091552734,16.200000762939453,15.354000091552734,15.84000015258789,228,0.0,0.0
2023-12-27 00:00:00-05:00,16.631999969482422,16.631999969482422,13.229999542236328,16.200000762939453,4022,0.0,0.0
2023-12-28 00:00:00-05:00,14.418000221252441,18.719999313354492,14.418000221252441,18.719999313354492,3872,0.0,0.0
2023-12-29 00:00:00-05:00,18.719999313354492,18.899999618530273,17.459999084472656,18.809999465942383,667,0.0,0.0
2024-01-02 00:00:00-05:00,19.799999237060547,19.799999237060547,17.280000686645508,18.719999313354492,394,0.0,0.0
2024-01-03 00:00:00-05:00,18.719999313354492,19.224000930786133,18.25200080871582,19.224000930786133,539,0.0,0.0
2024-01-04 00:00:00-05:00,23.040000915527344,24.84000015258789,21.79800033569336,22.139999389648438,14817,0.0,0.0
2024-01-05 00:00:00-05:00,20.700000762939453,20.8799991607666,18.899999618530273,18.899999618530273,1406,0.0,0.0
2024-01-08 00:00:00-05:00,20.34000015258789,21.600000381469727,18.899999618530273,21.600000381469727,1061,0.0,0.0
2024-01-09 00:00:00-05:00,21.600000381469727,21.600000381469727,21.600000381469727,21.600000381469727,17,0.0,0.0
2024-01-10 00:00:00-05:00,19.979999542236328,21.420000076293945,19.979999542236328,21.420000076293945,833,0.0,0.0
2024-01-11 00:00:00-05:00,13.859999656677246,21.600000381469727,13.859999656677246,21.600000381469727,1444,0.0,0.0
2024-01-12 00:00:00-05:00,21.239999771118164,21.239999771118164,18.899999618530273,19.097999572753906,239,0.0,0.0
2024-01-16 00:00:00-05:00,18.0,21.077999114990234,17.280000686645508,18.07200050354004,1433,0.0,0.0
2024-01-17 00:00:00-05:00,17.15399932861328,18.0,16.920000076293945,18.0,539,0.0,0.0
2024-01-18 00:00:00-05:00,18.18000030517578,19.799999237060547,17.81999969482422,19.799999237060547,361,0.0,0.0
2024-01-19 00:00:00-05:00,21.239999771118164,21.239999771118164,19.889999389648438,19.979999542236328,56,0.0,0.0
2024-01-22 00:00:00-05:00,19.979999542236328,19.979999542236328,18.0,18.0,156,0.0,0.0
2024-01-23 00:00:00-05:00,18.0,18.0,16.3799991607666,17.81999969482422,272,0.0,0.0
2024-01-24 00:00:00-05:00,15.336000442504883,17.010000228881836,15.336000442504883,16.3799991607666,428,0.0,0.0
2024-01-25 00:00:00-05:00,16.038000106811523,16.3799991607666,15.390000343322754,16.3799991607666,322,0.0,0.0
2024-01-26 00:00:00-05:00,16.3799991607666,16.3799991607666,16.3799991607666,16.3799991607666,11,0.0,0.0
2024-01-29 00:00:00-05:00,15.336000442504883,17.621999740600586,15.336000442504883,16.3799991607666,61,0.0,0.0
2024-01-30 00:00:00-05:00,16.091999053955078,17.459999084472656,15.479999542236328,15.515999794006348,183,0.0,0.0
2024-01-31 00:00:00-05:00,15.515999794006348,15.515999794006348,15.515999794006348,15.515999794006348,0,0.0,0.0
2024-02-01 00:00:00-05:00,15.947999954223633,15.947999954223633,15.767999649047852,15.767999649047852,50,0.0,0.0
2024-02-02 00:00:00-05:00,15.84000015258789,15.984000205993652,15.84000015258789,15.984000205993652,56,0.0,0.0
2024-02-05 00:00:00-05:00,16.00200080871582,16.00200080871582,15.479999542236328,15.84000015258789,67,0.0,0.0
2024-02-06 00:00:00-05:00,15.479999542236328,15.84000015258789,14.579999923706055,14.597999572753906,183,0.0,0.0
2024-02-07 00:00:00-05:00,14.597999572753906,15.479999542236328,14.597999572753906,15.479999542236328,89,0.0,0.0
2024-02-08 00:00:00-05:00,15.227999687194824,15.479999542236328,14.616000175476074,14.616000175476074,228,0.0,0.0
2024-02-09 00:00:00-05:00,14.616000175476074,14.760000228881836,12.293999671936035,14.003999710083008,23111,0.0,0.0
2024-02-12 00:00:00-05:00,12.600000381469727,13.878000259399414,12.600000381469727,13.680000305175781,583,0.0,0.0
2024-02-13 00:00:00-05:00,13.140000343322754,14.508000373840332,12.63599967956543,14.435999870300293,844,0.0,0.0
2024-02-14 00:00:00-05:00,14.435999870300293,14.9399995803833,13.104000091552734,14.9399995803833,222,0.0,0.0
2024-02-15 00:00:00-05:00,15.65999984741211,23.219999313354492,14.9399995803833,20.520000457763672,5506,0.0,0.0
2024-02-16 00:00:00-05:00,21.059999465942383,21.239999771118164,19.260000228881836,20.8799991607666,511,0.0,0.0
2024-02-20 00:00:00-05:00,19.799999237060547,20.520000457763672,17.100000381469727,20.34000015258789,1400,0.0,0.0
2024-02-21 00:00:00-05:00,16.020000457763672,19.979999542236328,15.84000015258789,19.440000534057617,300,0.0,0.0
2024-02-22 00:00:00-05:00,18.540000915527344,18.540000915527344,17.3700008392334,17.3700008392334,72,0.0,0.0
2024-02-23 00:00:00-05:00,16.884000778198242,16.884000778198242,16.884000778198242,16.884000778198242,44,0.0,0.0
2024-02-26 00:00:00-05:00,17.100000381469727,17.100000381469727,16.3799991607666,16.739999771118164,139,0.0,0.0
2024-02-27 00:00:00-05:00,15.390000343322754,16.920000076293945,14.399999618530273,15.479999542236328,483,0.0,0.0
2024-02-28 00:00:00-05:00,15.965999603271484,15.965999603271484,15.300000190734863,15.300000190734863,33,0.0,0.0
2024-02-29 00:00:00-05:00,15.300000190734863,17.802000045776367,15.300000190734863,15.84000015258789,489,0.0,0.0
2024-03-01 00:00:00-05:00,15.444000244140625,17.639999389648438,15.317999839782715,16.559999465942383,150,0.0,0.0
2024-03-04 00:00:00-05:00,14.399999618530273,15.984000205993652,14.399999618530273,14.760000228881836,117,0.0,0.0
2024-03-05 00:00:00-05:00,14.706000328063965,14.760000228881836,14.706000328063965,14.760000228881836,94,0.0,0.0
2024-03-06 00:00:00-05:00,14.9399995803833,17.280000686645508,14.9399995803833,16.559999465942383,72,0.0,0.0
2024-03-07 00:00:00-05:00,14.670000076293945,17.280000686645508,14.670000076293945,15.300000190734863,78,0.0,0.0
2024-03-08 00:00:00-05:00,14.670000076293945,14.670000076293945,14.670000076293945,14.670000076293945,28,0.0,0.0
2024-03-11 00:00:00-04:00,15.300000190734863,18.43199920654297,15.300000190734863,18.43199920654297,417,0.0,0.0
2024-03-12 00:00:00-04:00,15.84000015258789,17.190000534057617,15.84000015258789,16.398000717163086,367,0.0,0.0
2024-03-13 00:00:00-04:00,16.3799991607666,18.25200080871582,16.3799991607666,17.81999969482422,378,0.0,0.0
2024-03-14 00:00:00-04:00,17.81999969482422,18.360000610351562,17.459999084472656,17.459999084472656,756,0.0,0.0
2024-03-15 00:00:00-04:00,20.15999984741211,20.15999984741211,18.809999465942383,18.899999618530273,94,0.0,0.0
2024-03-18 00:00:00-04:00,19.079999923706055,19.6200008392334,18.09000015258789,18.719999313354492,61,0.0,0.0
2024-03-19 00:00:00-04:00,18.035999298095703,18.719999313354492,18.035999298095703,18.540000915527344,28,0.0,0.0
2024-03-20 00:00:00-04:00,18.360000610351562,18.360000610351562,18.360000610351562,18.360000610351562,22,0.0,0.0
2024-03-21 00:00:00-04:00,18.0,18.719999313354492,18.0,18.719999313354492,83,0.0,0.0
2024-03-22 00:00:00-04:00,19.6200008392334,19.6200008392334,19.6200008392334,19.6200008392334,22,0.0,0.0
2024-03-25 00:00:00-04:00,17.81999969482422,18.719999313354492,17.81999969482422,17.81999969482422,50,0.0,0.0
2024-03-26 00:00:00-04:00,18.0,19.6200008392334,17.639999389648438,19.6200008392334,294,0.0,0.0
2024-03-27 00:00:00-04:00,17.639999389648438,18.0,17.639999389648438,18.0,144,0.0,0.0
2024-03-28 00:00:00-04:00,18.18000030517578,18.18000030517578,17.639999389648438,17.639999389648438,33,0.0,0.0
2024-04-01 00:00:00-04:00,17.459999084472656,17.639999389648438,17.459999084472656,17.639999389648438,28,0.0,0.0
2024-04-02 00:00:00-04:00,17.81999969482422,19.871999740600586,17.280000686645508,17.280000686645508,1272,0.0,0.0
2024-04-03 00:00:00-04:00,17.459999084472656,18.540000915527344,17.459999084472656,18.540000915527344,67,0.0,0.0
2024-04-04 00:00:00-04:00,17.639999389648438,17.639999389648438,17.639999389648438,17.639999389648438,17,0.0,0.0
2024-04-05 00:00:00-04:00,17.459999084472656,17.459999084472656,17.280000686645508,17.280000686645508,33,0.0,0.0
2024-04-08 00:00:00-04:00,17.280000686645508,17.280000686645508,17.100000381469727,17.280000686645508,200,0.0,0.0
2024-04-09 00:00:00-04:00,17.280000686645508,17.280000686645508,17.280000686645508,17.280000686645508,0,0.0,0.0
2024-04-10 00:00:00-04:00,17.280000686645508,17.280000686645508,17.280000686645508,17.280000686645508,33,0.0,0.0
2024-04-11 00:00:00-04:00,17.639999389648438,17.639999389648438,17.639999389648438,17.639999389648438,28,0.0,0.0
2024-04-12 00:00:00-04:00,18.719999313354492,18.719999313354492,18.719999313354492,18.719999313354492,11,0.0,0.0
2024-04-15 00:00:00-04:00,17.639999389648438,17.639999389648438,17.639999389648438,17.639999389648438,150,0.0,0.0
2024-04-16 00:00:00-04:00,17.459999084472656,17.81999969482422,17.459999084472656,17.459999084472656,156,0.0,0.0
2024-04-17 00:00:00-04:00,17.459999084472656,17.81999969482422,17.459999084472656,17.639999389648438,56,0.0,0.0
2024-04-18 00:00:00-04:00,17.459999084472656,17.639999389648438,17.459999084472656,17.639999389648438,17,0.0,0.0
2024-04-19 00:00:00-04:00,18.0,18.0,16.920000076293945,17.81999969482422,406,0.0,0.0
2024-04-22 00:00:00-04:00,17.98200035095215,17.98200035095215,17.100000381469727,17.531999588012695,78,0.0,0.0
2024-04-23 00:00:00-04:00,18.0,18.0,16.920000076293945,16.920000076293945,50,0.0,0.0
2024-04-24 00:00:00-04:00,16.920000076293945,16.920000076293945,16.739999771118164,16.739999771118164,133,0.0,0.0
2024-04-25 00:00:00-04:00,17.13599967956543,17.13599967956543,16.739999771118164,16.739999771118164,117,0.0,0.0
2024-04-26 00:00:00-04:00,16.559999465942383,16.920000076293945,16.559999465942383,16.920000076293945,233,0.0,0.0
2024-04-29 00:00:00-04:00,16.488000869750977,16.488000869750977,16.3799991607666,16.3799991607666,33,0.0,0.0
2024-04-30 00:00:00-04:00,16.3799991607666,16.3799991607666,16.200000762939453,16.253999710083008,172,0.0,0.0
2024-05-01 00:00:00-04:00,17.81999969482422,17.81999969482422,17.100000381469727,17.100000381469727,72,0.0,0.0
2024-05-02 00:00:00-04:00,16.200000762939453,17.81999969482422,16.200000762939453,16.667999267578125,111,0.0,0.0
2024-05-03 00:00:00-04:00,17.694000244140625,17.694000244140625,17.694000244140625,17.694000244140625,22,0.0,0.0
2024-05-06 00:00:00-04:00,16.200000762939453,16.200000762939453,16.200000762939453,16.200000762939453,33,0.0,0.0
2024-05-07 00:00:00-04:00,16.920000076293945,16.920000076293945,16.200000762939453,16.200000762939453,200,0.0,0.0
2024-05-08 00:00:00-04:00,16.200000762939453,16.200000762939453,16.200000762939453,16.200000762939453,0,0.0,0.0
2024-05-09 00:00:00-04:00,16.559999465942383,16.559999465942383,16.559999465942383,16.559999465942383,106,0.0,0.0
2024-05-10 00:00:00-04:00,17.100000381469727,18.0,16.020000457763672,16.020000457763672,244,0.0,0.0
2024-05-13 00:00:00-04:00,16.200000762939453,17.766000747680664,16.020000457763672,17.766000747680664,178,0.0,0.0
2024-05-14 00:00:00-04:00,17.766000747680664,17.766000747680664,17.766000747680664,17.766000747680664,17,0.0,0.0
2024-05-15 00:00:00-04:00,16.020000457763672,16.020000457763672,16.020000457763672,16.020000457763672,11,0.0,0.0
2024-05-16 00:00:00-04:00,16.020000457763672,16.020000457763672,16.020000457763672,16.020000457763672,0,0.0,0.0
2024-05-17 00:00:00-04:00,17.694000244140625,17.694000244140625,16.038000106811523,17.027999877929688,67,0.0,0.0
2024-05-20 00:00:00-04:00,16.020000457763672,17.027999877929688,16.020000457763672,17.027999877929688,267,0.0,0.0
2024-05-21 00:00:00-04:00,18.0,18.0,18.0,18.0,17,0.0,0.0
2024-05-22 00:00:00-04:00,17.639999389648438,18.0,17.621999740600586,18.0,22,0.0,0.0
2024-05-23 00:00:00-04:00,16.020000457763672,16.200000762939453,16.020000457763672,16.020000457763672,594,0.0,0.0
2024-05-24 00:00:00-04:00,16.020000457763672,17.81999969482422,16.020000457763672,17.81999969482422,67,0.0,0.0
2024-05-28 00:00:00-04:00,16.020000457763672,17.459999084472656,15.84000015258789,17.459999084472656,122,0.0,0.0
2024-05-29 00:00:00-04:00,16.200000762939453,16.200000762939453,15.84000015258789,15.984000205993652,244,0.0,0.0
2024-05-30 00:00:00-04:00,15.84000015258789,17.100000381469727,15.84000015258789,15.84000015258789,172,0.0,0.0
2024-05-31 00:00:00-04:00,16.631999969482422,17.100000381469727,16.469999313354492,17.100000381469727,33,0.0,0.0
2024-06-03 00:00:00-04:00,15.84000015258789,16.469999313354492,15.84000015258789,16.469999313354492,28,0.0,0.0
2024-06-04 00:00:00-04:00,16.469999313354492,16.469999313354492,16.469999313354492,16.469999313354492,0,0.0,0.0
2024-06-05 00:00:00-04:00,17.100000381469727,17.100000381469727,17.100000381469727,17.100000381469727,17,0.0,0.0
2024-06-06 00:00:00-04:00,17.100000381469727,17.100000381469727,17.100000381469727,17.100000381469727,17,0.0,0.0
2024-06-07 00:00:00-04:00,15.84000015258789,15.84000015258789,15.84000015258789,15.84000015258789,17,0.0,0.0
2024-06-10 00:00:00-04:00,15.84000015258789,16.469999313354492,15.119999885559082,15.300000190734863,956,0.0,0.0
2024-06-11 00:00:00-04:00,15.300000190734863,16.3799991607666,14.399999618530273,16.3799991607666,433,0.0,0.0
2024-06-12 00:00:00-04:00,16.200000762939453,16.200000762939453,14.399999618530273,15.390000343322754,344,0.0,0.0
2024-06-13 00:00:00-04:00,14.399999618530273,14.418000221252441,12.0600004196167,12.779999732971191,2522,0.0,0.0
2024-06-14 00:00:00-04:00,12.779999732971191,13.680000305175781,12.420000076293945,13.680000305175781,167,0.0,0.0
2024-06-17 00:00:00-04:00,13.680000305175781,13.859999656677246,13.140000343322754,13.140000343322754,78,0.0,0.0
2024-06-18 00:00:00-04:00,12.654000282287598,13.140000343322754,12.149999618530273,13.140000343322754,111,0.0,0.0
2024-06-20 00:00:00-04:00,12.131999969482422,16.3799991607666,12.131999969482422,14.760000228881836,1133,0.0,0.0
2024-06-21 00:00:00-04:00,14.760000228881836,14.760000228881836,14.760000228881836,14.760000228881836,22,0.0,0.0
2024-06-24 00:00:00-04:00,12.960000038146973,18.0,12.0600004196167,18.0,856,0.0,0.0
2024-06-25 00:00:00-04:00,16.398000717163086,18.360000610351562,15.156000137329102,16.3799991607666,2644,0.0,0.0
2024-06-26 00:00:00-04:00,15.479999542236328,15.479999542236328,15.300000190734863,15.300000190734863,44,0.0,0.0
2024-06-27 00:00:00-04:00,14.039999961853027,16.253999710083008,13.986000061035156,16.253999710083008,56,0.0,0.0
2024-06-28 00:00:00-04:00,14.291999816894531,15.821999549865723,14.220000267028809,15.642000198364258,44,0.0,0.0
2024-07-01 00:00:00-04:00,15.354000091552734,15.354000091552734,13.859999656677246,14.9399995803833,406,0.0,0.0
2024-07-02 00:00:00-04:00,14.039999961853027,15.336000442504883,13.859999656677246,15.336000442504883,222,0.0,0.0
2024-07-03 00:00:00-04:00,15.01200008392334,15.01200008392334,14.435999870300293,15.01200008392334,50,0.0,0.0
2024-07-05 00:00:00-04:00,13.859999656677246,14.723999977111816,13.859999656677246,14.723999977111816,28,0.0,0.0
2024-07-08 00:00:00-04:00,14.723999977111816,14.723999977111816,14.723999977111816,14.723999977111816,17,0.0,0.0
2024-07-09 00:00:00-04:00,16.920000076293945,17.100000381469727,14.9399995803833,14.9399995803833,78,0.0,0.0
2024-07-10 00:00:00-04:00,16.3799991607666,16.722000122070312,13.805999755859375,15.083999633789062,167,0.0,0.0
2024-07-11 00:00:00-04:00,17.280000686645508,17.280000686645508,15.84000015258789,15.84000015258789,39,0.0,0.0
2024-07-12 00:00:00-04:00,16.920000076293945,16.920000076293945,16.920000076293945,16.920000076293945,28,0.0,0.0
2024-07-15 00:00:00-04:00,15.300000190734863,17.280000686645508,15.300000190734863,16.055999755859375,106,0.0,0.0
2024-07-16 00:00:00-04:00,16.055999755859375,16.055999755859375,16.055999755859375,16.055999755859375,22,0.0,0.0
2024-07-17 00:00:00-04:00,15.75,17.280000686645508,15.300000190734863,15.300000190734863,33,0.0,0.0
2024-07-18 00:00:00-04:00,15.210000038146973,15.210000038146973,15.210000038146973,15.210000038146973,106,0.0,0.0
2024-07-19 00:00:00-04:00,16.200000762939453,18.899999618530273,16.200000762939453,17.4060001373291,244,0.0,0.0
2024-07-22 00:00:00-04:00,15.029999732971191,15.479999542236328,15.029999732971191,15.479999542236328,39,0.0,0.0
2024-07-23 00:00:00-04:00,15.210000038146973,15.87600040435791,15.119999885559082,15.119999885559082,322,0.0,0.0
2024-07-24 00:00:00-04:00,15.119999885559082,15.263999938964844,15.119999885559082,15.263999938964844,33,0.0,0.0
2024-07-25 00:00:00-04:00,16.829999923706055,17.639999389648438,14.760000228881836,15.10200023651123,167,0.0,0.0
2024-07-26 00:00:00-04:00,14.9399995803833,14.9399995803833,13.5,14.184000015258789,139,0.0,0.0
2024-07-29 00:00:00-04:00,14.220000267028809,15.300000190734863,14.220000267028809,15.300000190734863,39,0.0,0.0
2024-07-30 00:00:00-04:00,14.706000328063965,14.706000328063965,13.5,13.5,94,0.0,0.0
2024-07-31 00:00:00-04:00,12.996000289916992,14.003999710083008,12.996000289916992,14.003999710083008,44,0.0,0.0
2024-08-01 00:00:00-04:00,14.003999710083008,14.003999710083008,14.003999710083008,14.003999710083008,0,0.0,0.0
2024-08-02 00:00:00-04:00,14.003999710083008,14.003999710083008,14.003999710083008,14.003999710083008,11,0.0,0.0
2024-08-05 00:00:00-04:00,12.977999687194824,13.302000045776367,12.258000373840332,12.258000373840332,256,0.0,0.0
2024-08-06 00:00:00-04:00,12.095999717712402,12.095999717712402,12.095999717712402,12.095999717712402,50,0.0,0.0
2024-08-07 00:00:00-04:00,12.095999717712402,12.095999717712402,12.095999717712402,12.095999717712402,0,0.0,0.0
2024-08-08 00:00:00-04:00,12.420000076293945,13.680000305175781,12.420000076293945,12.942000389099121,67,0.0,0.0
2024-08-09 00:00:00-04:00,12.942000389099121,12.942000389099121,12.942000389099121,12.942000389099121,0,0.0,0.0
2024-08-12 00:00:00-04:00,12.923999786376953,12.923999786376953,12.923999786376953,12.923999786376953,56,0.0,0.0
2024-08-13 00:00:00-04:00,12.906000137329102,12.906000137329102,12.906000137329102,12.906000137329102,106,0.0,0.0
2024-08-14 00:00:00-04:00,12.906000137329102,12.906000137329102,12.906000137329102,12.906000137329102,0,0.0,0.0
2024-08-15 00:00:00-04:00,12.923999786376953,12.923999786376953,12.906000137329102,12.906000137329102,11,0.0,0.0
2024-08-16 00:00:00-04:00,13.338000297546387,13.338000297546387,13.338000297546387,13.338000297546387,11,0.0,0.0
2024-08-19 00:00:00-04:00,12.906000137329102,12.906000137329102,12.906000137329102,12.906000137329102,17,0.0,0.0
2024-08-20 00:00:00-04:00,12.923999786376953,14.760000228881836,12.923999786376953,14.760000228881836,17,0.0,0.0
2024-08-21 00:00:00-04:00,12.923999786376953,14.9399995803833,12.923999786376953,14.9399995803833,17,0.0,0.0
2024-08-22 00:00:00-04:00,15.119999885559082,15.119999885559082,15.119999885559082,15.119999885559082,11,0.0,0.0
2024-08-23 00:00:00-04:00,15.119999885559082,15.119999885559082,15.119999885559082,15.119999885559082,0,0.0,0.0
2024-08-26 00:00:00-04:00,12.923999786376953,15.119999885559082,10.998000144958496,13.338000297546387,911,0.0,0.0
2024-08-27 00:00:00-04:00,13.338000297546387,13.338000297546387,13.338000297546387,13.338000297546387,28,0.0,0.0
2024-08-28 00:00:00-04:00,14.92199993133545,14.9399995803833,12.63599967956543,14.760000228881836,56,0.0,0.0
2024-08-29 00:00:00-04:00,12.63599967956543,13.680000305175781,12.618000030517578,12.618000030517578,311,0.0,0.0
2024-08-30 00:00:00-04:00,10.494000434875488,13.392000198364258,10.494000434875488,12.239999771118164,461,0.0,0.0
2024-09-03 00:00:00-04:00,11.142000198364258,11.501999855041504,11.142000198364258,11.501999855041504,33,0.0,0.0
2024-09-04 00:00:00-04:00,12.420000076293945,15.65999984741211,11.574000358581543,15.029999732971191,2289,0.0,0.0
2024-09-05 00:00:00-04:00,12.79800033569336,14.9399995803833,12.79800033569336,14.92199993133545,300,0.0,0.0
2024-09-06 00:00:00-04:00,14.760000228881836,14.760000228881836,14.399999618530273,14.399999618530273,111,0.0,0.0
2024-09-09 00:00:00-04:00,14.399999618530273,16.920000076293945,13.5,16.559999465942383,1994,0.0,0.0
2024-09-10 00:00:00-04:00,15.84000015258789,19.170000076293945,14.741999626159668,19.170000076293945,989,0.0,0.0
2024-09-11 00:00:00-04:00,18.899999618530273,19.079999923706055,18.719999313354492,19.079999923706055,261,0.0,0.0
2024-09-12 00:00:00-04:00,19.079999923706055,19.079999923706055,18.917999267578125,18.917999267578125,56,0.0,0.0
2024-09-13 00:00:00-04:00,19.47599983215332,20.15999984741211,19.079999923706055,19.440000534057617,294,0.0,0.0
2024-09-16 00:00:00-04:00,19.530000686645508,19.530000686645508,18.899999618530273,18.899999618530273,89,0.0,0.0
2024-09-17 00:00:00-04:00,18.0,19.799999237060547,18.0,18.341999053955078,239,0.0,0.0
2024-09-18 00:00:00-04:00,16.218000411987305,19.979999542236328,16.218000411987305,18.899999618530273,344,0.0,0.0
2024-09-19 00:00:00-04:00,19.079999923706055,19.079999923706055,18.899999618530273,18.917999267578125,161,0.0,0.0
2024-09-20 00:00:00-04:00,19.799999237060547,19.799999237060547,17.639999389648438,18.899999618530273,406,0.0,0.0
2024-09-23 00:00:00-04:00,18.360000610351562,19.836000442504883,17.280000686645508,19.6200008392334,439,0.0,0.0
2024-09-24 00:00:00-04:00,18.18000030517578,20.15999984741211,18.18000030517578,19.979999542236328,78,0.0,0.0
2024-09-25 00:00:00-04:00,19.99799919128418,23.399999618530273,18.899999618530273,18.899999618530273,1261,0.0,0.0
2024-09-26 00:00:00-04:00,21.959999084472656,22.31999969482422,17.81999969482422,19.079999923706055,144,0.0,0.0
2024-09-27 00:00:00-04:00,21.600000381469727,21.600000381469727,17.92799949645996,17.92799949645996,250,0.0,0.0
2024-09-30 00:00:00-04:00,14.579999923706055,18.540000915527344,14.579999923706055,18.360000610351562,400,0.0,0.0
2024-10-01 00:00:00-04:00,16.937999725341797,18.107999801635742,15.479999542236328,16.3439998626709,883,0.0,0.0
2024-10-02 00:00:00-04:00,16.52400016784668,16.52400016784668,13.211999893188477,13.859999656677246,506,0.0,0.0
2024-10-03 00:00:00-04:00,14.597999572753906,20.15999984741211,14.579999923706055,16.829999923706055,606,0.0,0.0
2024-10-04 00:00:00-04:00,18.360000610351562,18.360000610351562,16.236000061035156,16.902000427246094,378,0.0,0.0
2024-10-07 00:00:00-04:00,16.902000427246094,16.902000427246094,14.399999618530273,15.515999794006348,106,0.0,0.0
2024-10-08 00:00:00-04:00,14.760000228881836,14.760000228881836,14.760000228881836,14.760000228881836,11,0.0,0.0
2024-10-09 00:00:00-04:00,14.579999923706055,14.579999923706055,14.579999923706055,14.579999923706055,17,0.0,0.0
2024-10-10 00:00:00-04:00,14.039999961853027,14.039999961853027,14.039999961853027,14.039999961853027,11,0.0,0.0
2024-10-11 00:00:00-04:00,14.36400032043457,27.0,13.751999855041504,21.959999084472656,214244,0.0,0.0
2024-10-14 00:00:00-04:00,22.139999389648438,23.040000915527344,17.3700008392334,18.0,11722,0.0,0.0
2024-10-15 00:00:00-04:00,18.18000030517578,20.700000762939453,14.399999618530273,15.569999694824219,5494,0.0,0.0
2024-10-16 00:00:00-04:00,16.739999771118164,18.0,15.300000190734863,16.200000762939453,1239,0.0,0.0
2024-10-17 00:00:00-04:00,15.317999839782715,16.110000610351562,15.317999839782715,16.091999053955078,461,0.0,0.0
2024-10-18 00:00:00-04:00,15.84000015258789,16.577999114990234,15.300000190734863,15.300000190734863,567,0.0,0.0
2024-10-21 00:00:00-04:00,15.930000305175781,16.884000778198242,15.300000190734863,15.390000343322754,239,0.0,0.0
2024-10-22 00:00:00-04:00,16.974000930786133,17.118000030517578,16.200000762939453,16.236000061035156,972,0.0,0.0
2024-10-23 00:00:00-04:00,17.010000228881836,17.513999938964844,14.706000328063965,15.65999984741211,1122,0.0,0.0
2024-10-24 00:00:00-04:00,16.45199966430664,16.992000579833984,14.579999923706055,15.498000144958496,789,0.0,0.0
2024-10-25 00:00:00-04:00,16.884000778198242,16.884000778198242,14.597999572753906,15.552000045776367,333,0.0,0.0
2024-10-28 00:00:00-04:00,17.100000381469727,17.100000381469727,14.399999618530273,15.300000190734863,911,0.0,0.0
2024-10-29 00:00:00-04:00,15.696000099182129,16.200000762939453,14.958000183105469,14.958000183105469,183,0.0,0.0
2024-10-30 00:00:00-04:00,15.210000038146973,15.696000099182129,14.399999618530273,15.696000099182129,139,0.0,0.0
2024-10-31 00:00:00-04:00,15.65999984741211,15.65999984741211,15.65999984741211,15.65999984741211,94,0.0,0.0
2024-11-01 00:00:00-04:00,17.100000381469727,17.100000381469727,15.696000099182129,15.696000099182129,156,0.0,0.0
2024-11-04 00:00:00-05:00,14.399999618530273,15.119999885559082,14.399999618530273,14.579999923706055,183,0.0,0.0
2024-11-05 00:00:00-05:00,14.97599983215332,16.739999771118164,14.579999923706055,16.739999771118164,272,0.0,0.0
2024-11-06 00:00:00-05:00,14.904000282287598,14.904000282287598,14.399999618530273,14.399999618530273,356,0.0,0.0
2024-11-07 00:00:00-05:00,14.20199966430664,16.200000762939453,14.20199966430664,15.87600040435791,244,0.0,0.0
2024-11-08 00:00:00-05:00,14.9399995803833,15.479999542236328,14.9399995803833,15.479999542236328,106,0.0,0.0
2024-11-11 00:00:00-05:00,14.760000228881836,22.139999389648438,12.0600004196167,12.600000381469727,14628,0.0,0.0
2024-11-12 00:00:00-05:00,13.59000015258789,15.479999542236328,11.699999809265137,12.07800006866455,2744,0.0,0.0
2024-11-13 00:00:00-05:00,12.0600004196167,13.319999694824219,12.0600004196167,12.600000381469727,561,0.0,0.0
2024-11-14 00:00:00-05:00,12.258000373840332,14.36400032043457,11.178000450134277,12.239999771118164,294,0.0,0.0
2024-11-15 00:00:00-05:00,11.699999809265137,12.510000228881836,11.699999809265137,11.699999809265137,333,0.0,0.0
2024-11-18 00:00:00-05:00,11.178000450134277,11.772000312805176,11.178000450134277,11.34000015258789,122,0.0,0.0
2024-11-19 00:00:00-05:00,11.699999809265137,11.699999809265137,11.21399974822998,11.21399974822998,450,0.0,0.0
2024-11-20 00:00:00-05:00,11.699999809265137,11.753999710083008,11.178000450134277,11.753999710083008,339,0.0,0.0
2024-11-21 00:00:00-05:00,11.880000114440918,11.880000114440918,11.753999710083008,11.753999710083008,94,0.0,0.0
2024-11-22 00:00:00-05:00,11.718000411987305,12.329999923706055,11.484000205993652,11.484000205993652,167,0.0,0.0
2024-11-25 00:00:00-05:00,12.581999778747559,12.600000381469727,11.15999984741211,12.168000221252441,694,0.0,0.0
2024-11-26 00:00:00-05:00,11.15999984741211,11.970000267028809,11.15999984741211,11.15999984741211,306,0.0,0.0
2024-11-27 00:00:00-05:00,11.15999984741211,11.15999984741211,11.15999984741211,11.15999984741211,22,0.0,0.0
2024-11-29 00:00:00-05:00,11.34000015258789,11.970000267028809,11.15999984741211,11.699999809265137,261,0.0,0.0
2024-12-02 00:00:00-05:00,12.420000076293945,13.5,12.0600004196167,12.960000038146973,583,0.0,0.0
2024-12-03 00:00:00-05:00,11.28600025177002,12.960000038146973,10.979999542236328,11.699999809265137,678,0.0,0.0
2024-12-04 00:00:00-05:00,10.979999542236328,12.779999732971191,10.979999542236328,12.779999732971191,106,0.0,0.0
2024-12-05 00:00:00-05:00,11.520000457763672,12.960000038146973,11.37600040435791,12.600000381469727,194,0.0,0.0
2024-12-06 00:00:00-05:00,12.779999732971191,12.779999732971191,12.239999771118164,12.239999771118164,83,0.0,0.0
2024-12-09 00:00:00-05:00,12.779999732971191,12.779999732971191,12.239999771118164,12.239999771118164,50,0.0,0.0
2024-12-10 00:00:00-05:00,12.779999732971191,12.960000038146973,12.239999771118164,12.239999771118164,111,0.0,0.0
2024-12-11 00:00:00-05:00,12.779999732971191,13.859999656677246,12.779999732971191,13.319999694824219,933,0.0,0.0
2024-12-12 00:00:00-05:00,13.140000343322754,13.319999694824219,12.600000381469727,12.600000381469727,228,0.0,0.0
2024-12-13 00:00:00-05:00,13.949999809265137,22.5,12.779999732971191,14.399999618530273,378250,0.0,0.0
2024-12-16 00:00:00-05:00,13.715999603271484,14.112000465393066,12.437999725341797,12.437999725341797,17122,0.0,0.0
2024-12-17 00:00:00-05:00,11.555999755859375,12.131999969482422,10.781999588012695,11.520000457763672,6133,0.0,0.0
2024-12-18 00:00:00-05:00,12.600000381469727,14.220000267028809,11.880000114440918,12.960000038146973,9417,0.0,0.0
2024-12-19 00:00:00-05:00,13.319999694824219,14.039999961853027,12.654000282287598,13.842000007629395,8928,0.0,0.0
2024-12-20 00:00:00-05:00,13.319999694824219,16.488000869750977,12.923999786376953,14.9399995803833,7983,0.0,0.0
2024-12-23 00:00:00-05:00,14.9399995803833,17.639999389648438,14.184000015258789,16.757999420166016,11128,0.0,0.0
2024-12-24 00:00:00-05:00,16.757999420166016,17.81999969482422,14.418000221252441,14.418000221252441,5789,0.0,0.0
2024-12-26 00:00:00-05:00,14.039999961853027,17.459999084472656,14.039999961853027,15.894000053405762,4994,0.0,0.0
2024-12-27 00:00:00-05:00,16.54199981689453,19.440000534057617,16.54199981689453,17.13599967956543,9294,0.0,0.0
2024-12-30 00:00:00-05:00,16.79400062561035,20.700000762939453,16.59600067138672,20.34000015258789,7783,0.0,0.0
2024-12-31 00:00:00-05:00,19.799999237060547,23.219999313354492,18.01799964904785,19.277999877929688,9678,0.0,0.0
2025-01-02 00:00:00-05:00,18.899999618530273,26.280000686645508,18.899999618530273,25.253999710083008,8261,0.0,0.0
2025-01-03 00:00:00-05:00,24.479999542236328,27.0,24.479999542236328,26.100000381469727,3239,0.0,0.0
2025-01-06 00:00:00-05:00,25.920000076293945,28.260000228881836,21.923999786376953,25.290000915527344,2267,0.0,0.0
2025-01-07 00:00:00-05:00,24.479999542236328,27.917999267578125,23.579999923706055,25.290000915527344,906,0.0,0.0
2025-01-08 00:00:00-05:00,26.20800018310547,27.899999618530273,25.200000762939453,27.0,2739,0.0,0.0
2025-01-10 00:00:00-05:00,26.100000381469727,38.70000076293945,25.920000076293945,33.84000015258789,17094,0.0,0.0
2025-01-13 00:00:00-05:00,31.5,45.0,31.5,38.790000915527344,8661,0.0,0.0
2025-01-14 00:00:00-05:00,42.29999923706055,42.29999923706055,31.860000610351562,34.380001068115234,5411,0.0,0.0
2025-01-15 00:00:00-05:00,33.84000015258789,39.92399978637695,31.139999389648438,32.25600051879883,4767,0.0,0.0
2025-01-16 00:00:00-05:00,33.65999984741211,35.279998779296875,27.0,27.0,4533,0.0,0.0
2025-01-17 00:00:00-05:00,32.220001220703125,38.70000076293945,29.700000762939453,32.400001525878906,9439,0.0,0.0
2025-01-21 00:00:00-05:00,30.059999465942383,34.02000045776367,27.233999252319336,30.239999771118164,2606,0.0,0.0
2025-01-22 00:00:00-05:00,28.440000534057617,30.959999084472656,27.0,27.360000610351562,2906,0.0,0.0
2025-01-23 00:00:00-05:00,26.459999084472656,26.459999084472656,22.860000610351562,23.040000915527344,2344,0.0,0.0
2025-01-24 00:00:00-05:00,20.8799991607666,21.780000686645508,19.6200008392334,20.718000411987305,2011,0.0,0.0
2025-01-27 00:00:00-05:00,19.979999542236328,21.239999771118164,19.47599983215332,19.6200008392334,944,0.0,0.0
2025-01-28 00:00:00-05:00,19.6200008392334,20.15999984741211,19.260000228881836,19.6200008392334,206,0.0,0.0
2025-01-29 00:00:00-05:00,20.8799991607666,20.8799991607666,18.540000915527344,19.260000228881836,489,0.0,0.0
2025-01-30 00:00:00-05:00,20.25,21.600000381469727,20.25,21.420000076293945,656,0.0,0.0
2025-01-31 00:00:00-05:00,20.34000015258789,21.257999420166016,20.15999984741211,20.43000030517578,89,0.0,0.0
2025-02-03 00:00:00-05:00,21.239999771118164,44.63999938964844,21.059999465942383,27.0,1658861,0.0,0.0
2025-02-04 00:00:00-05:00,25.559999465942383,28.6200008392334,20.34000015258789,21.600000381469727,34400,0.0,0.0
2025-02-05 00:00:00-05:00,21.780000686645508,21.780000686645508,18.899999618530273,19.979999542236328,11650,0.0,0.0
2025-02-06 00:00:00-05:00,18.899999618530273,20.15999984741211,17.100000381469727,17.118000030517578,14933,0.0,0.0
2025-02-07 00:00:00-05:00,16.61400032043457,18.719999313354492,16.506000518798828,18.0,4256,0.0,0.0
2025-02-10 00:00:00-05:00,18.0,19.260000228881836,16.812000274658203,18.0,6183,0.0,0.0
2025-02-11 00:00:00-05:00,17.459999084472656,18.719999313354492,15.84000015258789,18.540000915527344,4256,0.0,0.0
2025-02-12 00:00:00-05:00,17.98200035095215,19.6200008392334,16.577999114990234,19.6200008392334,4050,0.0,0.0
2025-02-13 00:00:00-05:00,21.420000076293945,22.31999969482422,18.0,20.15999984741211,3983,0.0,0.0
2025-02-14 00:00:00-05:00,19.6200008392334,20.538000106811523,18.360000610351562,19.350000381469727,2661,0.0,0.0
2025-02-18 00:00:00-05:00,18.540000915527344,19.799999237060547,18.0,19.260000228881836,2072,0.0,0.0
2025-02-19 00:00:00-05:00,18.360000610351562,20.34000015258789,18.360000610351562,18.899999618530273,2239,0.0,0.0
2025-02-20 00:00:00-05:00,18.18000030517578,19.979999542236328,18.18000030517578,19.979999542236328,1289,0.0,0.0
2025-02-21 00:00:00-05:00,18.18000030517578,19.799999237060547,18.18000030517578,19.440000534057617,2767,0.0,0.0
2025-02-24 00:00:00-05:00,18.899999618530273,20.34000015258789,18.666000366210938,19.799999237060547,1583,0.0,0.0
2025-02-25 00:00:00-05:00,18.719999313354492,19.799999237060547,18.719999313354492,19.6200008392334,422,0.0,0.0
2025-02-26 00:00:00-05:00,18.18000030517578,19.799999237060547,17.81999969482422,19.799999237060547,1494,0.0,0.0
2025-02-27 00:00:00-05:00,18.0,19.079999923706055,18.0,18.360000610351562,761,0.0,0.0
2025-02-28 00:00:00-05:00,18.0,19.799999237060547,17.639999389648438,18.666000366210938,350,0.0,0.0
2025-03-03 00:00:00-05:00,18.0,19.079999923706055,17.639999389648438,18.899999618530273,589,0.0,0.0
2025-03-04 00:00:00-05:00,17.81999969482422,19.440000534057617,17.81999969482422,19.260000228881836,2300,0.0,0.0
2025-03-05 00:00:00-05:00,18.0,20.700000762939453,18.0,19.746000289916992,944,0.0,0.0
2025-03-06 00:00:00-05:00,18.540000915527344,20.700000762939453,18.540000915527344,20.520000457763672,1878,0.0,0.0
2025-03-07 00:00:00-05:00,20.520000457763672,20.700000762939453,18.719999313354492,19.277999877929688,1322,0.0,0.0
2025-03-10 00:00:00-04:00,19.961999893188477,19.979999542236328,18.540000915527344,19.6200008392334,2411,0.0,0.0
2025-03-11 00:00:00-04:00,18.899999618530273,19.440000534057617,18.486000061035156,19.440000534057617,622,0.0,0.0
2025-03-12 00:00:00-04:00,19.260000228881836,21.420000076293945,18.719999313354492,21.239999771118164,856,0.0,0.0
2025-03-13 00:00:00-04:00,19.979999542236328,22.5,19.260000228881836,19.260000228881836,833,0.0,0.0
2025-03-14 00:00:00-04:00,18.899999618530273,20.15999984741211,18.809999465942383,20.15999984741211,1739,0.0,0.0
2025-03-17 00:00:00-04:00,19.799999237060547,19.799999237060547,18.360000610351562,19.38599967956543,2072,0.0,0.0
2025-03-18 00:00:00-04:00,19.260000228881836,19.260000228881836,16.739999771118164,17.856000900268555,3689,0.0,0.0
2025-03-19 00:00:00-04:00,19.440000534057617,19.440000534057617,17.856000900268555,19.079999923706055,972,0.0,0.0
2025-03-20 00:00:00-04:00,18.809999465942383,19.079999923706055,18.18000030517578,19.079999923706055,1406,0.0,0.0
2025-03-21 00:00:00-04:00,18.18000030517578,19.799999237060547,18.18000030517578,19.079999923706055,500,0.0,0.0
2025-03-24 00:00:00-04:00,19.062000274658203,19.079999923706055,18.540000915527344,18.719999313354492,606,0.0,0.0
2025-03-25 00:00:00-04:00,17.81999969482422,20.15999984741211,17.81999969482422,19.079999923706055,2056,0.0,0.0
2025-03-26 00:00:00-04:00,19.079999923706055,19.260000228881836,18.540000915527344,19.079999923706055,339,0.0,0.0
2025-03-27 00:00:00-04:00,18.360000610351562,18.84600067138672,18.18000030517578,18.719999313354492,350,0.0,0.0
2025-03-28 00:00:00-04:00,18.899999618530273,19.440000534057617,18.540000915527344,18.899999618530273,761,0.0,0.0
2025-03-31 00:00:00-04:00,19.097999572753906,19.979999542236328,18.6299991607666,19.079999923706055,733,0.0,0.0
2025-04-01 00:00:00-04:00,19.440000534057617,20.15999984741211,19.079999923706055,19.440000534057617,661,0.0,0.0
2025-04-02 00:00:00-04:00,18.899999618530273,20.15999984741211,18.899999618530273,19.6200008392334,728,0.0,0.0
2025-04-03 00:00:00-04:00,19.079999923706055,19.6200008392334,18.899999618530273,19.260000228881836,672,0.0,0.0
2025-04-04 00:00:00-04:00,18.899999618530273,20.15999984741211,17.22599983215332,18.899999618530273,2867,0.0,0.0
2025-04-07 00:00:00-04:00,18.899999618530273,19.440000534057617,18.18000030517578,18.899999618530273,1050,0.0,0.0
2025-04-08 00:00:00-04:00,18.899999618530273,19.6200008392334,18.360000610351562,18.360000610351562,1556,0.0,0.0
2025-04-09 00:00:00-04:00,18.360000610351562,18.719999313354492,18.360000610351562,18.719999313354492,861,0.0,0.0
2025-04-10 00:00:00-04:00,19.440000534057617,19.440000534057617,16.055999755859375,17.639999389648438,2694,0.0,0.0
2025-04-11 00:00:00-04:00,17.639999389648438,18.719999313354492,17.639999389648438,18.719999313354492,672,0.0,0.0
2025-04-14 00:00:00-04:00,17.784000396728516,18.540000915527344,15.767999649047852,18.0,428,0.0,0.0
2025-04-15 00:00:00-04:00,16.559999465942383,17.639999389648438,16.559999465942383,17.639999389648438,211,0.0,0.0
2025-04-16 00:00:00-04:00,18.378000259399414,18.378000259399414,17.29800033569336,18.18000030517578,361,0.0,0.0
2025-04-17 00:00:00-04:00,16.992000579833984,18.0,16.52400016784668,17.190000534057617,294,0.0,0.0
2025-04-21 00:00:00-04:00,16.739999771118164,16.739999771118164,13.895999908447266,14.130000114440918,1928,0.0,0.0
2025-04-22 00:00:00-04:00,14.130000114440918,15.425999641418457,14.130000114440918,14.741999626159668,1339,0.0,0.0
2025-04-23 00:00:00-04:00,15.354000091552734,16.757999420166016,14.093999862670898,15.227999687194824,1700,0.0,0.0
2025-04-24 00:00:00-04:00,16.577999114990234,16.577999114990234,15.065999984741211,15.767999649047852,517,0.0,0.0
2025-04-25 00:00:00-04:00,15.390000343322754,16.739999771118164,15.119999885559082,16.3799991607666,672,0.0,0.0
2025-04-28 00:00:00-04:00,17.639999389648438,19.799999237060547,16.757999420166016,18.0,5250,0.0,0.0
2025-04-29 00:00:00-04:00,18.0,19.6200008392334,18.0,18.719999313354492,113089,0.0,0.0
2025-04-30 00:00:00-04:00,15.390000343322754,17.118000030517578,14.579999923706055,15.65999984741211,10317,0.0,0.0
2025-05-01 00:00:00-04:00,15.281999588012695,17.639999389648438,14.652000427246094,16.00200080871582,3000,0.0,0.0
2025-05-02 00:00:00-04:00,17.549999237060547,17.639999389648438,15.821999549865723,16.469999313354492,1983,0.0,0.0
2025-05-05 00:00:00-04:00,17.92799949645996,17.92799949645996,16.110000610351562,16.559999465942383,1033,0.0,0.0
2025-05-06 00:00:00-04:00,16.559999465942383,17.81999969482422,15.300000190734863,16.488000869750977,1933,0.0,0.0
2025-05-07 00:00:00-04:00,16.577999114990234,17.280000686645508,15.930000305175781,16.739999771118164,2528,0.0,0.0
2025-05-08 00:00:00-04:00,16.739999771118164,17.639999389648438,16.00200080871582,16.739999771118164,1183,0.0,0.0
2025-05-09 00:00:00-04:00,16.739999771118164,18.719999313354492,16.00200080871582,18.719999313354492,1794,0.0,0.0
2025-05-12 00:00:00-04:00,19.260000228881836,19.260000228881836,18.0,18.540000915527344,1100,0.0,0.0
2025-05-13 00:00:00-04:00,19.440000534057617,19.440000534057617,18.18000030517578,18.360000610351562,467,0.0,0.0
2025-05-14 00:00:00-04:00,18.540000915527344,18.899999618530273,17.83799934387207,18.360000610351562,1456,0.0,0.0
2025-05-15 00:00:00-04:00,19.799999237060547,19.799999237060547,16.3439998626709,18.0,2228,0.0,0.0
2025-05-16 00:00:00-04:00,18.0,18.0,17.81999969482422,18.0,706,0.0,0.0
2025-05-19 00:00:00-04:00,17.100000381469727,18.0,16.559999465942383,17.549999237060547,2672,0.0,0.0
2025-05-20 00:00:00-04:00,17.100000381469727,18.0,16.739999771118164,18.0,1117,0.0,0.0
2025-05-21 00:00:00-04:00,17.639999389648438,17.639999389648438,16.52400016784668,16.52400016784668,1717,0.0,0.0
2025-05-22 00:00:00-04:00,16.3799991607666,16.739999771118164,15.300000190734863,15.678000450134277,5844,0.0,0.0
2025-05-23 00:00:00-04:00,16.200000762939453,16.739999771118164,15.498000144958496,16.200000762939453,933,0.0,0.0
2025-05-27 00:00:00-04:00,14.9399995803833,16.200000762939453,14.9399995803833,15.75,2344,0.0,0.0
2025-05-28 00:00:00-04:00,15.930000305175781,16.920000076293945,15.119999885559082,16.3799991607666,4444,0.0,0.0
2025-05-29 00:00:00-04:00,15.894000053405762,16.52400016784668,15.137999534606934,15.65999984741211,3256,0.0,0.0
2025-05-30 00:00:00-04:00,15.65999984741211,16.200000762939453,15.65999984741211,16.18199920654297,600,0.0,0.0
2025-06-02 00:00:00-04:00,16.200000762939453,16.739999771118164,15.605999946594238,15.605999946594238,650,0.0,0.0
2025-06-03 00:00:00-04:00,15.569999694824219,16.073999404907227,15.569999694824219,15.930000305175781,1900,0.0,0.0
2025-06-04 00:00:00-04:00,16.253999710083008,16.253999710083008,15.569999694824219,15.894000053405762,817,0.0,0.0
2025-06-05 00:00:00-04:00,17.027999877929688,17.92799949645996,11.105999946594238,12.887999534606934,915467,0.0,0.0
2025-06-06 00:00:00-04:00,10.800000190734863,10.836000442504883,8.460000038146973,8.892000198364258,158017,0.0,0.0
2025-06-09 00:00:00-04:00,9.0,9.0,7.361999988555908,7.559999942779541,105728,0.0,0.0
2025-06-10 00:00:00-04:00,6.929999828338623,7.199999809265137,6.300000190734863,6.840000152587891,99150,0.0,0.0
2025-06-11 00:00:00-04:00,6.480000019073486,11.15999984741211,6.480000019073486,8.1899995803833,973217,0.0,0.0
2025-06-12 00:00:00-04:00,7.920000076293945,9.449999809265137,7.739999771118164,8.279999732971191,137067,0.0,0.0
2025-06-13 00:00:00-04:00,7.811999797821045,8.621999740600586,7.289999961853027,7.559999942779541,88806,0.0,0.0
2025-06-16 00:00:00-04:00,7.199999809265137,7.199999809265137,6.156000137329102,6.659999847412109,55833,0.0,0.0
2025-06-17 00:00:00-04:00,5.7779998779296875,6.533999919891357,5.7779998779296875,6.2820000648498535,31211,0.0,0.0
2025-06-18 00:00:00-04:00,5.9039998054504395,6.2820000648498535,5.561999797821045,6.210000038146973,25533,0.0,0.0
2025-06-20 00:00:00-04:00,5.940000057220459,6.426000118255615,5.688000202178955,5.886000156402588,19994,0.0,0.0
2025-06-23 00:00:00-04:00,5.831999778747559,6.461999893188477,4.932000160217285,5.309999942779541,35989,0.0,0.0
2025-06-24 00:00:00-04:00,5.670000076293945,6.03000020980835,5.1479997634887695,5.940000057220459,15667,0.0,0.0
2025-06-25 00:00:00-04:00,5.796000003814697,6.480000019073486,5.579999923706055,6.1020002365112305,16389,0.0,0.0
2025-06-26 00:00:00-04:00,5.921999931335449,6.03000020980835,5.544000148773193,5.616000175476074,12150,0.0,0.0
2025-06-27 00:00:00-04:00,5.921999931335449,5.921999931335449,5.418000221252441,5.688000202178955,10989,0.0,0.0
2025-06-30 00:00:00-04:00,5.760000228881836,5.940000057220459,5.453999996185303,5.616000175476074,12306,0.0,0.0
2025-07-01 00:00:00-04:00,5.760000228881836,5.760000228881836,5.616000175476074,5.742000102996826,5122,0.0,0.0
2025-07-02 00:00:00-04:00,5.7779998779296875,6.119999885559082,5.742000102996826,5.849999904632568,16217,0.0,0.0
2025-07-03 00:00:00-04:00,5.849999904632568,6.228000164031982,5.760000228881836,6.119999885559082,7833,0.0,0.0
2025-07-07 00:00:00-04:00,5.579999923706055,6.714000225067139,5.579999923706055,6.624000072479248,21372,0.0,0.0
2025-07-08 00:00:00-04:00,6.480000019073486,7.182000160217285,6.389999866485596,7.182000160217285,24839,0.0,0.0
2025-07-09 00:00:00-04:00,7.199999809265137,7.199999809265137,6.300000190734863,6.461999893188477,21811,0.0,0.0
2025-07-10 00:00:00-04:00,6.443999767303467,7.920000076293945,6.300000190734863,7.038000106811523,334117,0.0,0.0
2025-07-11 00:00:00-04:00,10.781999588012695,11.772000312805176,7.955999851226807,9.720000267028809,6712383,0.0,0.0
2025-07-14 00:00:00-04:00,8.387999534606934,9.899999618530273,8.387999534606934,9.0,230767,0.0,0.0
2025-07-15 00:00:00-04:00,9.342000007629395,9.720000267028809,8.604000091552734,9.09000015258789,104167,0.0,0.0
2025-07-16 00:00:00-04:00,10.4399995803833,12.977999687194824,9.77400016784668,11.916000366210938,586122,0.0,0.0
2025-07-17 00:00:00-04:00,12.600000381469727,14.760000228881836,9.64799976348877,10.260000228881836,617606,0.0,0.0
2025-07-18 00:00:00-04:00,10.026000022888184,10.979999542236328,9.0,9.557999610900879,145194,0.0,0.0
2025-07-21 00:00:00-04:00,9.0,9.630000114440918,7.559999942779541,8.946000099182129,80817,0.0,0.0
2025-07-22 00:00:00-04:00,8.279999732971191,9.234000205993652,8.279999732971191,8.87399959564209,20200,0.0,0.0
2025-07-23 00:00:00-04:00,8.477999687194824,9.899999618530273,8.477999687194824,9.720000267028809,26550,0.0,0.0
2025-07-24 00:00:00-04:00,9.342000007629395,9.684000015258789,7.739999771118164,8.244000434875488,39839,0.0,0.0
2025-07-25 00:00:00-04:00,8.100000381469727,8.13599967956543,7.361999988555908,7.578000068664551,16961,0.0,0.0
2025-07-28 00:00:00-04:00,7.541999816894531,7.739999771118164,6.173999786376953,6.894000053405762,37100,0.0,0.0
2025-07-29 00:00:00-04:00,6.659999847412109,6.840000152587891,5.99399995803833,6.822000026702881,28522,0.0,0.0
2025-07-30 00:00:00-04:00,6.659999847412109,6.822000026702881,5.831999778747559,6.498000144958496,12450,0.0,0.0
2025-07-31 00:00:00-04:00,6.803999900817871,6.894000053405762,6.263999938964844,6.317999839782715,13683,0.0,0.0
2025-08-01 00:00:00-04:00,6.245999813079834,6.840000152587891,6.119999885559082,6.480000019073486,8122,0.0,0.0
2025-08-04 00:00:00-04:00,7.415999889373779,7.415999889373779,6.480000019073486,6.73199987411499,10178,0.0,0.0
2025-08-05 00:00:00-04:00,6.714000225067139,7.019999980926514,6.480000019073486,6.480000019073486,7778,0.0,0.0
2025-08-06 00:00:00-04:00,5.579999923706055,7.199999809265137,5.291999816894531,6.822000026702881,44528,0.0,0.0
2025-08-07 00:00:00-04:00,6.498000144958496,7.019999980926514,6.138000011444092,6.317999839782715,32689,0.0,0.0
2025-08-08 00:00:00-04:00,5.690000057220459,6.429999828338623,5.28000020980835,6.079999923706055,139000,0.0,0.05555555555555555
2025-08-11 00:00:00-04:00,6.03000020980835,6.23799991607666,5.579999923706055,5.8460001945495605,35500,0.0,0.0
2025-08-12 00:00:00-04:00,5.75,5.900000095367432,5.510000228881836,5.900000095367432,26600,0.0,0.0
2025-08-13 00:00:00-04:00,5.8429999351501465,6.320000171661377,5.769999980926514,6.099999904632568,74700,0.0,0.0
2025-08-14 00:00:00-04:00,5.659999847412109,6.150000095367432,5.659999847412109,6.019999980926514,17300,0.0,0.0
2025-08-15 00:00:00-04:00,6.080999851226807,6.309999942779541,5.75,5.75,26800,0.0,0.0
2025-08-18 00:00:00-04:00,5.659999847412109,6.068999767303467,5.449999809265137,5.534999847412109,41700,0.0,0.0
2025-08-19 00:00:00-04:00,5.5,5.78000020980835,4.960000038146973,5.320000171661377,27700,0.0,0.0
2025-08-20 00:00:00-04:00,5.110000133514404,5.409999847412109,4.831999778747559,5.230000019073486,26600,0.0,0.0
2025-08-21 00:00:00-04:00,5.28000020980835,5.900000095367432,5.215000152587891,5.369999885559082,41400,0.0,0.0
2025-08-22 00:00:00-04:00,5.599999904632568,6.130000114440918,5.199999809265137,5.744999885559082,32800,0.0,0.0
2025-08-25 00:00:00-04:00,6.0,6.4629998207092285,5.699999809265137,5.960000038146973,37300,0.0,0.0
2025-08-26 00:00:00-04:00,6.255000114440918,6.255000114440918,5.800000190734863,5.800000190734863,7800,0.0,0.0
2025-08-27 00:00:00-04:00,5.849999904632568,6.113999843597412,5.849999904632568,6.03000020980835,6800,0.0,0.0
2025-08-28 00:00:00-04:00,5.949999809265137,6.159999847412109,5.840000152587891,6.050000190734863,11500,0.0,0.0
2025-08-29 00:00:00-04:00,5.920000076293945,5.920000076293945,5.800000190734863,5.800000190734863,11700,0.0,0.0
2025-09-02 00:00:00-04:00,6.079999923706055,6.429999828338623,5.739999771118164,5.739999771118164,18800,0.0,0.0
2025-09-03 00:00:00-04:00,5.650000095367432,5.96999979019165,5.650000095367432,5.880000114440918,17100,0.0,0.0
2025-09-04 00:00:00-04:00,5.9039998054504395,6.289999961853027,5.820000171661377,5.949999809265137,14200,0.0,0.0
2025-09-05 00:00:00-04:00,6.0,6.90500020980835,6.0,6.539999961853027,52900,0.0,0.0
2025-09-08 00:00:00-04:00,6.210000038146973,7.335000038146973,6.210000038146973,6.679999828338623,43100,0.0,0.0
2025-09-09 00:00:00-04:00,6.519999980926514,6.949999809265137,6.28000020980835,6.839000225067139,24900,0.0,0.0
2025-09-10 00:00:00-04:00,6.989999771118164,7.840000152587891,6.585999965667725,7.340000152587891,139100,0.0,0.0
2025-09-11 00:00:00-04:00,7.510000228881836,7.710000038146973,6.920000076293945,7.699999809265137,28300,0.0,0.0
2025-09-12 00:00:00-04:00,8.010000228881836,9.579999923706055,7.889999866485596,8.880000114440918,38200,0.0,0.0
2025-09-15 00:00:00-04:00,10.0,11.9399995803833,9.0,9.680000305175781,176900,0.0,0.0
2025-09-16 00:00:00-04:00,9.6899995803833,9.890000343322754,8.449999809265137,9.069999694824219,37500,0.0,0.0
2025-09-17 00:00:00-04:00,8.899999618530273,11.0,8.899999618530273,10.970000267028809,252700,0.0,0.0
2025-09-18 00:00:00-04:00,10.09000015258789,10.3100004196167,8.710000038146973,8.989999771118164,92100,0.0,0.0
2025-09-19 00:00:00-04:00,9.050000190734863,9.3100004196167,8.600000381469727,8.899999618530273,28100,0.0,0.0
2025-09-22 00:00:00-04:00,8.65999984741211,9.465999603271484,7.78000020980835,8.449999809265137,40900,0.0,0.0
2025-09-23 00:00:00-04:00,9.017999649047852,9.61400032043457,9.017999649047852,9.100000381469727,33000,0.0,0.0
2025-09-24 00:00:00-04:00,9.470000267028809,9.824999809265137,9.086000442504883,9.760000228881836,24400,0.0,0.0
2025-09-25 00:00:00-04:00,9.454999923706055,9.760000228881836,9.25,9.569999694824219,22600,0.0,0.0
2025-09-26 00:00:00-04:00,9.560999870300293,9.711000442504883,9.5,9.5,8100,0.0,0.0
2025-09-29 00:00:00-04:00,9.029999732971191,9.720000267028809,9.029999732971191,9.630000114440918,18200,0.0,0.0
2025-09-30 00:00:00-04:00,9.300000190734863,9.300000190734863,9.010000228881836,9.227999687194824,5100,0.0,0.0
2025-10-01 00:00:00-04:00,9.210000038146973,9.619999885559082,9.210000038146973,9.59000015258789,9500,0.0,0.0
2025-10-02 00:00:00-04:00,9.739999771118164,9.739999771118164,9.579999923706055,9.600000381469727,3300,0.0,0.0
2025-10-03 00:00:00-04:00,9.694999694824219,9.845000267028809,9.520000457763672,9.520000457763672,5800,0.0,0.0
2025-10-06 00:00:00-04:00,9.59000015258789,9.59000015258789,8.449999809265137,8.609999656677246,18800,0.0,0.0
2025-10-07 00:00:00-04:00,8.795000076293945,9.008999824523926,8.579999923706055,8.9399995803833,6600,0.0,0.0
2025-10-08 00:00:00-04:00,9.104999542236328,9.289999961853027,8.920000076293945,8.920000076293945,5700,0.0,0.0
2025-10-09 00:00:00-04:00,9.050000190734863,9.100000381469727,8.850000381469727,9.055000305175781,7900,0.0,0.0
2025-10-10 00:00:00-04:00,8.725000381469727,8.979999542236328,8.710000038146973,8.75,5600,0.0,0.0
2025-10-13 00:00:00-04:00,8.649999618530273,9.0,8.649999618530273,8.670000076293945,3200,0.0,0.0
2025-10-14 00:00:00-04:00,8.140000343322754,9.300000190734863,8.029999732971191,8.199999809265137,6400,0.0,0.0
2025-10-15 00:00:00-04:00,8.390000343322754,10.880000114440918,8.390000343322754,10.539999961853027,1452600,0.0,0.0
2025-10-16 00:00:00-04:00,8.279999732971191,8.972000122070312,7.539999961853027,8.5,143900,0.0,0.0
2025-10-17 00:00:00-04:00,8.190999984741211,8.449999809265137,8.0,8.390999794006348,27500,0.0,0.0
2025-10-20 00:00:00-04:00,8.260000228881836,8.954999923706055,8.0600004196167,8.619999885559082,15500,0.0,0.0
2025-10-21 00:00:00-04:00,8.109999656677246,8.729999542236328,8.109999656677246,8.65999984741211,23900,0.0,0.0
2025-10-22 00:00:00-04:00,8.550000190734863,8.5600004196167,8.0,8.529999732971191,30700,0.0,0.0
2025-10-23 00:00:00-04:00,8.1899995803833,8.5,7.980000019073486,8.289999961853027,9500,0.0,0.0
2025-10-24 00:00:00-04:00,8.345000267028809,8.369999885559082,8.029999732971191,8.369999885559082,10500,0.0,0.0
2025-10-27 00:00:00-04:00,8.26099967956543,8.390000343322754,8.050000190734863,8.350000381469727,4000,0.0,0.0
2025-10-28 00:00:00-04:00,8.300000190734863,8.869999885559082,8.300000190734863,8.470000267028809,23800,0.0,0.0
2025-10-29 00:00:00-04:00,8.789999961853027,8.949999809265137,8.510000228881836,8.619999885559082,9100,0.0,0.0
2025-10-30 00:00:00-04:00,8.609999656677246,9.442000389099121,8.609999656677246,9.359999656677246,16500,0.0,0.0
2025-10-31 00:00:00-04:00,8.859999656677246,9.140999794006348,8.789999961853027,8.930000305175781,9000,0.0,0.0
2025-11-03 00:00:00-05:00,8.720000267028809,9.204999923706055,8.5600004196167,8.5600004196167,10100,0.0,0.0
2025-11-04 00:00:00-05:00,8.460000038146973,8.800000190734863,8.369999885559082,8.5,5300,0.0,0.0
2025-11-05 00:00:00-05:00,8.5,8.5,8.020000457763672,8.039999961853027,6600,0.0,0.0
2025-11-06 00:00:00-05:00,8.1850004196167,8.649999618530273,7.699999809265137,7.699999809265137,13700,0.0,0.0
2025-11-07 00:00:00-05:00,7.730000019073486,8.300000190734863,7.730000019073486,8.100000381469727,8300,0.0,0.0
2025-11-10 00:00:00-05:00,8.069999694824219,8.470000267028809,8.069999694824219,8.470000267028809,3400,0.0,0.0
2025-11-11 00:00:00-05:00,8.460000038146973,8.600000381469727,7.875,8.0,8900,0.0,0.0
2025-11-12 00:00:00-05:00,8.039999961853027,8.395999908447266,8.0,8.0,3200,0.0,0.0
2025-11-13 00:00:00-05:00,7.699999809265137,7.699999809265137,7.699999809265137,7.699999809265137,500,0.0,0.0
2025-11-14 00:00:00-05:00,7.190000057220459,7.800000190734863,7.090000152587891,7.800000190734863,12200,0.0,0.0
2025-11-17 00:00:00-05:00,7.599999904632568,7.800000190734863,6.769999980926514,6.929999828338623,8200,0.0,0.0
2025-11-18 00:00:00-05:00,7.0,7.0,6.853000164031982,6.956999778747559,2100,0.0,0.0
2025-11-19 00:00:00-05:00,6.960000038146973,6.960000038146973,6.873000144958496,6.873000144958496,2600,0.0,0.0
2025-11-20 00:00:00-05:00,6.880000114440918,6.880000114440918,6.880000114440918,6.880000114440918,700,0.0,0.0
2025-11-21 00:00:00-05:00,6.880000114440918,7.289999961853027,6.880000114440918,7.25,29400,0.0,0.0
2025-11-24 00:00:00-05:00,7.150000095367432,7.25,7.125,7.25,14500,0.0,0.0
2025-11-25 00:00:00-05:00,7.510000228881836,7.559999942779541,7.0,7.5,5700,0.0,0.0
2025-11-26 00:00:00-05:00,7.329999923706055,7.329999923706055,7.329999923706055,7.329999923706055,700,0.0,0.0
2025-11-28 00:00:00-05:00,6.400000095367432,7.400000095367432,6.400000095367432,7.190000057220459,2000,0.0,0.0
2025-12-01 00:00:00-05:00,7.199999809265137,7.199999809265137,6.5,6.800000190734863,2400,0.0,0.0
2025-12-02 00:00:00-05:00,6.679999828338623,6.789999961853027,6.599999904632568,6.599999904632568,2500,0.0,0.0
2025-12-03 00:00:00-05:00,6.679999828338623,6.690000057220459,6.619999885559082,6.690000057220459,7400,0.0,0.0
2025-12-04 00:00:00-05:00,6.579999923706055,6.690000057220459,6.579999923706055,6.635000228881836,5000,0.0,0.0
2025-12-05 00:00:00-05:00,6.679999828338623,6.730000019073486,6.679999828338623,6.679999828338623,6300,0.0,0.0
2025-12-08 00:00:00-05:00,6.710000038146973,6.909999847412109,6.679999828338623,6.710000038146973,5400,0.0,0.0
2025-12-09 00:00:00-05:00,6.679999828338623,6.699999809265137,6.659999847412109,6.699999809265137,1800,0.0,0.0
2025-12-10 00:00:00-05:00,6.679999828338623,6.729000091552734,6.65500020980835,6.65500020980835,2700,0.0,0.0
2025-12-11 00:00:00-05:00,6.699999809265137,7.570000171661377,6.699999809265137,7.570000171661377,3600,0.0,0.0
2025-12-12 00:00:00-05:00,7.309999942779541,7.929999828338623,7.119999885559082,7.400000095367432,5500,0.0,0.0
2025-12-15 00:00:00-05:00,7.400000095367432,8.0,7.400000095367432,7.949999809265137,3600,0.0,0.0
2025-12-16 00:00:00-05:00,7.7820000648498535,7.889999866485596,7.210000038146973,7.210000038146973,5200,0.0,0.0
2025-12-17 00:00:00-05:00,7.739999771118164,7.739999771118164,7.380000114440918,7.380000114440918,1600,0.0,0.0
2025-12-18 00:00:00-05:00,7.659999847412109,8.449999809265137,7.659999847412109,8.425000190734863,5000,0.0,0.0
2025-12-19 00:00:00-05:00,7.702000141143799,8.170000076293945,7.170000076293945,8.170000076293945,6200,0.0,0.0
2025-12-22 00:00:00-05:00,8.710000038146973,9.390000343322754,7.679999828338623,7.96999979019165,3000,0.0,0.0
2025-12-23 00:00:00-05:00,8.199999809265137,8.640000343322754,8.199999809265137,8.640000343322754,3800,0.0,0.0
2025-12-24 00:00:00-05:00,8.640000343322754,8.640000343322754,7.980000019073486,7.980000019073486,3400,0.0,0.0
2025-12-26 00:00:00-05:00,7.849999904632568,8.600000381469727,7.75,7.789999961853027,19600,0.0,0.0
2025-12-29 00:00:00-05:00,7.650000095367432,7.688000202178955,6.730000019073486,6.781000137329102,40300,0.0,0.0
2025-12-30 00:00:00-05:00,5.875,6.28000020980835,5.110000133514404,5.929999828338623,77200,0.0,0.0
2025-12-31 00:00:00-05:00,5.809999942779541,6.074999809265137,5.320000171661377,5.670000076293945,17500,0.0,0.0
2026-01-02 00:00:00-05:00,5.586999893188477,6.900000095367432,5.586999893188477,6.900000095367432,5100,0.0,0.0
2026-01-05 00:00:00-05:00,6.690000057220459,6.703000068664551,6.320000171661377,6.320000171661377,3900,0.0,0.0
2026-01-06 00:00:00-05:00,6.440000057220459,7.0,5.570000171661377,6.605000019073486,9300,0.0,0.0
2026-01-07 00:00:00-05:00,6.989999771118164,7.0,6.699999809265137,6.840000152587891,2600,0.0,0.0
2026-01-08 00:00:00-05:00,6.806000232696533,6.806000232696533,6.806000232696533,6.806000232696533,2700,0.0,0.0
2026-01-09 00:00:00-05:00,6.940000057220459,6.940000057220459,6.940000057220459,6.940000057220459,900,0.0,0.0
2026-01-12 00:00:00-05:00,7.010000228881836,7.300000190734863,6.679999828338623,6.679999828338623,4100,0.0,0.0
2026-01-13 00:00:00-05:00,7.059999942779541,7.059999942779541,7.059999942779541,7.059999942779541,800,0.0,0.0
2026-01-14 00:00:00-05:00,6.710000038146973,7.099999904632568,6.710000038146973,7.099999904632568,2600,0.0,0.0
2026-01-15 00:00:00-05:00,7.0,7.0,7.0,7.0,1600,0.0,0.0
2026-01-16 00:00:00-05:00,6.760000228881836,7.005000114440918,6.760000228881836,7.005000114440918,2400,0.0,0.0
2026-01-20 00:00:00-05:00,6.900000095367432,6.900000095367432,6.900000095367432,6.900000095367432,600,0.0,0.0
2026-01-21 00:00:00-05:00,7.013999938964844,7.210000038146973,6.880000114440918,7.210000038146973,2700,0.0,0.0
2026-01-22 00:00:00-05:00,7.0,7.060999870300293,6.949999809265137,7.060999870300293,4000,0.0,0.0
2026-01-23 00:00:00-05:00,7.060999870300293,7.060999870300293,7.060999870300293,7.060999870300293,0,0.0,0.0
2026-01-26 00:00:00-05:00,6.650000095367432,6.699999809265137,6.650000095367432,6.699999809265137,4500,0.0,0.0
2026-01-27 00:00:00-05:00,6.800000190734863,7.284999847412109,6.800000190734863,7.199999809265137,2000,0.0,0.0
2026-01-28 00:00:00-05:00,7.199999809265137,7.199999809265137,7.199999809265137,7.199999809265137,0,0.0,0.0
2026-01-29 00:00:00-05:00,6.980000019073486,7.480000019073486,6.010000228881836,6.611999988555908,56300,0.0,0.0
2026-01-30 00:00:00-05:00,6.744999885559082,6.744999885559082,6.449999809265137,6.449999809265137,2400,0.0,0.0
2026-02-02 00:00:00-05:00,6.449999809265137,6.449999809265137,6.449999809265137,6.449999809265137,0,0.0,0.0
2026-02-03 00:00:00-05:00,5.742000102996826,7.0,5.742000102996826,6.989999771118164,3400,0.0,0.0
2026-02-04 00:00:00-05:00,6.300000190734863,6.300000190734863,6.300000190734863,6.300000190734863,500,0.0,0.0
2026-02-05 00:00:00-05:00,6.284999847412109,6.900000095367432,6.284999847412109,6.670000076293945,48300,0.0,0.0
2026-02-06 00:00:00-05:00,6.960000038146973,6.980000019073486,6.960000038146973,6.980000019073486,700,0.0,0.0
2026-02-09 00:00:00-05:00,5.980000019073486,5.980000019073486,5.980000019073486,5.980000019073486,900,0.0,0.0
2026-02-10 00:00:00-05:00,6.170000076293945,7.400000095367432,6.034999847412109,6.800000190734863,9900,0.0,0.0
2026-02-11 00:00:00-05:00,6.690000057220459,7.440000057220459,6.329999923706055,6.599999904632568,11100,0.0,0.0
2026-02-12 00:00:00-05:00,6.570000171661377,6.570000171661377,5.659999847412109,5.659999847412109,9600,0.0,0.0
2026-02-13 00:00:00-05:00,5.900000095367432,6.099999904632568,5.699999809265137,6.099999904632568,1800,0.0,0.0
2026-02-17 00:00:00-05:00,6.0,6.099999904632568,5.880000114440918,5.880000114440918,1500,0.0,0.0
2026-02-18 00:00:00-05:00,6.170000076293945,7.0,6.170000076293945,6.599999904632568,3500,0.0,0.0
2026-02-19 00:00:00-05:00,6.599999904632568,6.599999904632568,6.599999904632568,6.599999904632568,0,0.0,0.0
2026-02-20 00:00:00-05:00,6.599999904632568,6.599999904632568,6.599999904632568,6.599999904632568,0,0.0,0.0
2026-02-23 00:00:00-05:00,6.269999980926514,6.599999904632568,5.800000190734863,6.599999904632568,4600,0.0,0.0
2026-02-24 00:00:00-05:00,6.599999904632568,6.599999904632568,6.599999904632568,6.599999904632568,0,0.0,0.0
2026-02-25 00:00:00-05:00,6.539999961853027,6.539999961853027,6.539999961853027,6.539999961853027,400,0.0,0.0
2026-02-26 00:00:00-05:00,6.489999771118164,6.800000190734863,6.480000019073486,6.545000076293945,2500,0.0,0.0
2026-02-27 00:00:00-05:00,6.550000190734863,6.900000095367432,6.550000190734863,6.699999809265137,600,0.0,0.0
2026-03-02 00:00:00-05:00,6.989999771118164,6.989999771118164,6.320000171661377,6.650000095367432,1500,0.0,0.0
2026-03-03 00:00:00-05:00,6.659999847412109,6.659999847412109,6.650000095367432,6.650000095367432,700,0.0,0.0
2026-03-04 00:00:00-05:00,6.269999980926514,6.28000020980835,6.190000057220459,6.190000057220459,1700,0.0,0.0
2026-03-05 00:00:00-05:00,6.630000114440918,6.630000114440918,6.630000114440918,6.630000114440918,100,0.0,0.0
2026-03-06 00:00:00-05:00,6.630000114440918,6.630000114440918,6.630000114440918,6.630000114440918,0,0.0,0.0
2026-03-09 00:00:00-04:00,5.980000019073486,6.5,5.900000095367432,6.5,5500,0.0,0.0
2026-03-10 00:00:00-04:00,6.5,6.5,6.5,6.5,0,0.0,0.0
2026-03-11 00:00:00-04:00,5.989999771118164,6.311999797821045,5.960000038146973,6.170000076293945,2900,0.0,0.0
2026-03-12 00:00:00-04:00,6.199999809265137,6.199999809265137,6.079999923706055,6.090000152587891,3800,0.0,0.0
2026-03-13 00:00:00-04:00,5.784999847412109,5.784999847412109,5.784999847412109,5.784999847412109,1400,0.0,0.0
2026-03-16 00:00:00-04:00,5.498000144958496,5.498000144958496,5.498000144958496,5.498000144958496,1107,0.0,0.0
