Date,Open,High,Low,Close,Volume,Dividends,Stock Splits
2022-01-03 00:00:00-05:00,666.2999877929688,703.2999877929688,637.2999877929688,686.0999755859375,71580,0.0,0.0
2022-01-04 00:00:00-05:00,686.4000244140625,705.0,628.2000122070312,641.0999755859375,58860,0.0,0.0
2022-01-05 00:00:00-05:00,636.4000244140625,645.7999877929688,594.7999877929688,595.5,34310,0.0,0.0
2022-01-06 00:00:00-05:00,635.5,659.0900268554688,604.4000244140625,626.4000244140625,39170,0.0,0.0
2022-01-07 00:00:00-05:00,625.4000244140625,654.0,610.0,610.7999877929688,18740,0.0,0.0
2022-01-10 00:00:00-05:00,610.2000122070312,610.2000122070312,560.5999755859375,591.2999877929688,34450,0.0,0.0
2022-01-11 00:00:00-05:00,593.0999755859375,642.2999877929688,591.5,642.2000122070312,46380,0.0,0.0
2022-01-12 00:00:00-05:00,648.0,704.0999755859375,648.0,681.9000244140625,81220,0.0,0.0
2022-01-13 00:00:00-05:00,679.7000122070312,717.0999755859375,658.0999755859375,676.4000244140625,61490,0.0,0.0
2022-01-14 00:00:00-05:00,661.7000122070312,676.5999755859375,610.9000244140625,653.7000122070312,39670,0.0,0.0
2022-01-18 00:00:00-05:00,636.2000122070312,643.52001953125,609.5,630.5999755859375,40870,0.0,0.0
2022-01-19 00:00:00-05:00,633.9000244140625,633.9000244140625,599.4000244140625,609.7999877929688,26450,0.0,0.0
2022-01-20 00:00:00-05:00,623.5999755859375,669.7999877929688,617.2000122070312,618.0,29610,0.0,0.0
2022-01-21 00:00:00-05:00,602.5,629.2000122070312,594.5999755859375,614.7999877929688,52040,0.0,0.0
2022-01-24 00:00:00-05:00,593.7000122070312,643.5999755859375,566.5999755859375,637.2999877929688,53390,0.0,0.0
2022-01-25 00:00:00-05:00,617.4000244140625,624.5999755859375,584.2999877929688,602.2999877929688,41850,0.0,0.0
2022-01-26 00:00:00-05:00,616.7000122070312,655.7999877929688,598.9000244140625,617.9000244140625,50840,0.0,0.0
2022-01-27 00:00:00-05:00,630.7999877929688,649.9000244140625,591.7000122070312,596.5999755859375,33420,0.0,0.0
2022-01-28 00:00:00-05:00,592.2000122070312,608.75,561.0499877929688,605.5999755859375,29640,0.0,0.0
2022-01-31 00:00:00-05:00,611.5,671.7000122070312,611.4000244140625,671.0,28600,0.0,0.0
2022-02-01 00:00:00-05:00,673.9000244140625,700.7000122070312,654.0,700.5999755859375,29490,0.0,0.0
2022-02-02 00:00:00-05:00,700.7000122070312,712.2999877929688,668.2000122070312,677.0999755859375,28670,0.0,0.0
2022-02-03 00:00:00-05:00,649.2999877929688,658.2999877929688,623.0999755859375,630.7999877929688,44720,0.0,0.0
2022-02-04 00:00:00-05:00,632.9000244140625,691.5999755859375,620.7000122070312,674.8499755859375,27420,0.0,0.0
2022-02-07 00:00:00-05:00,673.0999755859375,728.2000122070312,671.2999877929688,684.2000122070312,39750,0.0,0.0
2022-02-08 00:00:00-05:00,678.5,701.9000244140625,667.7999877929688,698.7999877929688,26000,0.0,0.0
2022-02-09 00:00:00-05:00,710.0,721.7999877929688,700.4000244140625,721.5,24390,0.0,0.0
2022-02-10 00:00:00-05:00,700.0,734.0999755859375,688.4000244140625,695.5999755859375,30080,0.0,0.0
2022-02-11 00:00:00-05:00,695.0999755859375,728.5999755859375,669.0999755859375,678.0,29460,0.0,0.0
2022-02-14 00:00:00-05:00,676.9000244140625,702.75,661.9000244140625,673.7999877929688,18670,0.0,0.0
2022-02-15 00:00:00-05:00,684.5999755859375,710.3499755859375,680.9000244140625,707.0,21560,0.0,0.0
2022-02-16 00:00:00-05:00,695.7000122070312,709.0999755859375,671.9000244140625,695.5,22940,0.0,0.0
2022-02-17 00:00:00-05:00,689.0,689.0,608.5999755859375,615.2999877929688,33970,0.0,0.0
2022-02-18 00:00:00-05:00,610.7999877929688,611.0,572.7999877929688,583.5999755859375,33710,0.0,0.0
2022-02-22 00:00:00-05:00,571.5,595.5999755859375,561.9000244140625,570.7999877929688,27730,0.0,0.0
2022-02-23 00:00:00-05:00,573.9000244140625,580.5999755859375,544.0999755859375,546.2999877929688,48100,0.0,0.0
2022-02-24 00:00:00-05:00,510.0,609.5999755859375,505.6000061035156,605.5999755859375,42060,0.0,0.0
2022-02-25 00:00:00-05:00,611.5,619.5999755859375,577.25,613.4000244140625,51150,0.0,0.0
2022-02-28 00:00:00-05:00,598.5999755859375,617.4000244140625,575.7999877929688,580.0,83430,0.0,0.0
2022-03-01 00:00:00-05:00,570.5999755859375,591.7999877929688,531.4000244140625,537.5,86850,0.0,0.0
2022-03-02 00:00:00-05:00,590.0,650.0499877929688,590.0,612.9000244140625,82570,0.0,0.0
2022-03-03 00:00:00-05:00,608.2000122070312,610.9000244140625,561.5,568.0999755859375,45220,0.0,0.0
2022-03-04 00:00:00-05:00,562.0999755859375,580.4000244140625,531.7999877929688,538.9000244140625,39930,0.0,0.0
2022-03-07 00:00:00-05:00,549.5,550.0,512.2000122070312,517.5,39400,0.0,0.0
2022-03-08 00:00:00-05:00,526.7000122070312,541.2999877929688,502.0,518.2000122070312,63170,0.0,0.0
2022-03-09 00:00:00-05:00,536.5999755859375,552.7000122070312,528.2000122070312,541.5,26340,0.0,0.0
2022-03-10 00:00:00-05:00,529.7000122070312,534.0999755859375,511.20001220703125,530.0999755859375,31630,0.0,0.0
2022-03-11 00:00:00-05:00,538.5,538.5,465.0,468.20001220703125,43070,0.0,0.0
2022-03-14 00:00:00-04:00,463.1000061035156,470.20001220703125,421.1000061035156,426.70001220703125,50720,0.0,0.0
2022-03-15 00:00:00-04:00,428.20001220703125,451.79998779296875,422.3999938964844,442.1000061035156,33120,0.0,0.0
2022-03-16 00:00:00-04:00,455.79998779296875,495.3999938964844,455.5,479.29998779296875,36480,0.0,0.0
2022-03-17 00:00:00-04:00,472.0,539.6500244140625,461.1000061035156,536.2999877929688,58590,0.0,0.0
2022-03-18 00:00:00-04:00,526.5999755859375,559.2999877929688,522.0,542.5,43790,0.0,0.0
2022-03-21 00:00:00-04:00,543.7000122070312,565.9000244140625,527.2999877929688,565.7999877929688,52840,0.0,0.0
2022-03-22 00:00:00-04:00,560.4000244140625,608.2000122070312,560.4000244140625,599.0,23130,0.0,0.0
2022-03-23 00:00:00-04:00,586.5,629.0,579.9000244140625,594.7000122070312,33100,0.0,0.0
2022-03-24 00:00:00-04:00,596.2000122070312,623.4000244140625,573.5999755859375,621.5999755859375,24010,0.0,0.0
2022-03-25 00:00:00-04:00,624.0999755859375,624.9000244140625,564.5999755859375,577.7999877929688,26140,0.0,0.0
2022-03-28 00:00:00-04:00,580.2000122070312,592.5,543.7000122070312,569.0,43990,0.0,0.0
2022-03-29 00:00:00-04:00,587.2000122070312,618.2999877929688,587.2000122070312,602.5,38990,0.0,0.0
2022-03-30 00:00:00-04:00,590.2999877929688,601.0,564.0,567.2999877929688,24910,0.0,0.0
2022-03-31 00:00:00-04:00,564.9000244140625,584.0,548.9000244140625,549.7999877929688,27990,0.0,0.0
2022-04-01 00:00:00-04:00,565.5,574.2999877929688,553.7999877929688,555.0,36420,0.0,0.0
2022-04-04 00:00:00-04:00,557.2000122070312,582.5999755859375,555.7000122070312,578.5999755859375,33350,0.0,0.0
2022-04-05 00:00:00-04:00,588.5,588.5,534.7000122070312,541.0,25210,0.0,0.0
2022-04-06 00:00:00-04:00,530.9000244140625,540.4000244140625,503.5,513.2999877929688,27090,0.0,0.0
2022-04-07 00:00:00-04:00,513.7000122070312,517.2999877929688,480.1000061035156,496.20001220703125,21460,0.0,0.0
2022-04-08 00:00:00-04:00,491.70001220703125,500.6000061035156,472.8999938964844,476.5,19850,0.0,0.0
2022-04-11 00:00:00-04:00,467.5,489.3999938964844,456.8999938964844,473.29998779296875,17740,0.0,0.0
2022-04-12 00:00:00-04:00,485.0,498.79998779296875,462.04998779296875,471.79998779296875,15930,0.0,0.0
2022-04-13 00:00:00-04:00,480.0,485.8999938964844,462.8999938964844,484.29998779296875,16470,0.0,0.0
2022-04-14 00:00:00-04:00,488.70001220703125,499.79998779296875,465.70001220703125,471.8999938964844,25100,0.0,0.0
2022-04-18 00:00:00-04:00,467.70001220703125,475.8999938964844,444.5,463.8999938964844,32390,0.0,0.0
2022-04-19 00:00:00-04:00,463.20001220703125,503.70001220703125,454.04998779296875,489.3999938964844,24340,0.0,0.0
2022-04-20 00:00:00-04:00,489.6000061035156,489.79998779296875,457.79998779296875,464.70001220703125,30750,0.0,0.0
2022-04-21 00:00:00-04:00,476.0,497.04998779296875,390.70001220703125,409.5,68560,0.0,0.0
2022-04-22 00:00:00-04:00,405.8999938964844,413.79998779296875,371.6000061035156,387.5,115310,0.0,0.0
2022-04-25 00:00:00-04:00,382.1000061035156,393.1000061035156,370.8999938964844,388.1000061035156,41100,0.0,0.0
2022-04-26 00:00:00-04:00,378.6000061035156,381.29998779296875,359.0,361.70001220703125,48190,0.0,0.0
2022-04-27 00:00:00-04:00,361.29998779296875,363.6000061035156,329.70001220703125,334.79998779296875,45040,0.0,0.0
2022-04-28 00:00:00-04:00,341.6000061035156,363.20001220703125,332.79998779296875,354.79998779296875,35780,0.0,0.0
2022-04-29 00:00:00-04:00,350.79998779296875,366.6000061035156,338.5,341.29998779296875,39530,0.0,0.0
2022-05-02 00:00:00-04:00,339.0,358.70001220703125,331.3999938964844,358.6000061035156,109710,0.0,0.0
2022-05-03 00:00:00-04:00,381.20001220703125,405.82000732421875,361.3999938964844,376.0,56370,0.0,0.0
2022-05-04 00:00:00-04:00,374.1000061035156,383.75,346.5,382.20001220703125,75590,0.0,0.0
2022-05-05 00:00:00-04:00,371.6000061035156,373.8500061035156,332.8999938964844,342.6000061035156,61740,0.0,0.0
2022-05-06 00:00:00-04:00,341.5,344.79998779296875,304.6000061035156,312.3999938964844,76620,0.0,0.0
2022-05-09 00:00:00-04:00,301.20001220703125,307.5,281.1000061035156,283.5,88840,0.0,0.0
2022-05-10 00:00:00-04:00,292.0,307.3999938964844,279.3999938964844,294.20001220703125,51370,0.0,0.0
2022-05-11 00:00:00-04:00,297.8999938964844,304.75,286.5,289.70001220703125,70810,0.0,0.0
2022-05-12 00:00:00-04:00,282.3999938964844,299.6000061035156,275.70001220703125,296.1000061035156,94220,0.0,0.0
2022-05-13 00:00:00-04:00,308.0,321.3999938964844,300.0,320.5,81630,0.0,0.0
2022-05-16 00:00:00-04:00,318.79998779296875,324.6000061035156,295.1000061035156,296.20001220703125,38910,0.0,0.0
2022-05-17 00:00:00-04:00,307.0,315.6499938964844,294.0,302.8999938964844,43930,0.0,0.0
2022-05-18 00:00:00-04:00,292.79998779296875,297.29998779296875,281.29998779296875,282.6000061035156,46390,0.0,0.0
2022-05-19 00:00:00-04:00,279.6000061035156,310.20001220703125,279.6000061035156,295.0,68510,0.0,0.0
2022-05-20 00:00:00-04:00,299.3999938964844,305.29998779296875,280.70001220703125,294.8999938964844,49950,0.0,0.0
2022-05-23 00:00:00-04:00,298.20001220703125,298.20001220703125,278.29998779296875,290.5,48280,0.0,0.0
2022-05-24 00:00:00-04:00,280.0,280.8500061035156,252.0,255.1999969482422,61560,0.0,0.0
2022-05-25 00:00:00-04:00,252.5,261.6000061035156,251.3000030517578,254.10000610351562,65360,0.0,0.0
2022-05-26 00:00:00-04:00,254.60000610351562,269.6000061035156,254.60000610351562,266.20001220703125,79620,0.0,0.0
2022-05-27 00:00:00-04:00,267.8999938964844,277.8999938964844,266.8999938964844,276.70001220703125,45740,0.0,0.0
2022-05-31 00:00:00-04:00,274.6000061035156,281.8999938964844,255.35000610351562,259.1000061035156,67110,0.0,0.0
2022-06-01 00:00:00-04:00,269.0,289.20001220703125,257.5,258.79998779296875,47700,0.0,0.0
2022-06-02 00:00:00-04:00,257.1000061035156,292.25,256.1000061035156,290.0,61750,0.0,0.0
2022-06-03 00:00:00-04:00,280.70001220703125,298.8999938964844,273.8999938964844,284.3999938964844,60470,0.0,0.0
2022-06-06 00:00:00-04:00,292.70001220703125,296.29998779296875,273.75,282.79998779296875,40770,0.0,0.0
2022-06-07 00:00:00-04:00,275.8999938964844,287.3999938964844,271.79998779296875,286.3999938964844,33270,0.0,0.0
2022-06-08 00:00:00-04:00,284.20001220703125,298.5,283.79998779296875,289.79998779296875,44070,0.0,0.0
2022-06-09 00:00:00-04:00,284.79998779296875,289.1000061035156,277.0,277.5,34840,0.0,0.0
2022-06-10 00:00:00-04:00,265.0,278.79998779296875,253.0,253.8000030517578,34240,0.0,0.0
2022-06-13 00:00:00-04:00,238.0,246.6999969482422,223.0,228.6999969482422,49260,0.0,0.0
2022-06-14 00:00:00-04:00,228.6999969482422,233.5,221.10000610351562,229.10000610351562,30540,0.0,0.0
2022-06-15 00:00:00-04:00,232.5,241.6999969482422,225.60000610351562,236.60000610351562,31730,0.0,0.0
2022-06-16 00:00:00-04:00,224.8000030517578,227.5,212.1999969482422,218.8000030517578,32440,0.0,0.0
2022-06-17 00:00:00-04:00,225.8000030517578,239.10000610351562,222.4499969482422,231.8000030517578,39820,0.0,0.0
2022-06-21 00:00:00-04:00,236.10000610351562,260.29998779296875,233.60000610351562,257.79998779296875,69070,0.0,0.0
2022-06-22 00:00:00-04:00,250.5,267.1000061035156,250.5,256.79998779296875,34500,0.0,0.0
2022-06-23 00:00:00-04:00,260.70001220703125,268.70001220703125,257.29998779296875,265.70001220703125,31930,0.0,0.0
2022-06-24 00:00:00-04:00,268.5,275.7900085449219,265.6000061035156,269.20001220703125,116520,0.0,0.0
2022-06-27 00:00:00-04:00,271.70001220703125,271.70001220703125,253.10000610351562,262.8999938964844,32040,0.0,0.0
2022-06-28 00:00:00-04:00,265.29998779296875,270.0,241.3000030517578,241.8000030517578,35820,0.0,0.0
2022-06-29 00:00:00-04:00,236.60000610351562,236.60000610351562,223.8000030517578,228.8000030517578,37620,0.0,0.0
2022-06-30 00:00:00-04:00,222.5,225.0,213.60000610351562,223.10000610351562,43570,0.0,0.0
2022-07-01 00:00:00-04:00,226.3000030517578,235.9499969482422,221.1999969482422,225.60000610351562,28820,0.0,0.0
2022-07-05 00:00:00-04:00,214.89999389648438,235.89999389648438,210.5,235.39999389648438,52150,0.0,0.0
2022-07-06 00:00:00-04:00,235.0,240.5,227.3000030517578,233.1999969482422,27590,0.0,0.0
2022-07-07 00:00:00-04:00,233.6999969482422,238.0,223.6999969482422,226.10000610351562,90490,0.0,0.0
2022-07-08 00:00:00-04:00,221.60000610351562,221.60000610351562,189.60000610351562,190.1999969482422,150380,0.0,0.0
2022-07-11 00:00:00-04:00,184.6999969482422,185.0,163.89999389648438,165.4499969482422,205560,0.0,0.0
2022-07-12 00:00:00-04:00,156.60000610351562,159.5,144.6999969482422,156.3000030517578,203490,0.0,0.0
2022-07-13 00:00:00-04:00,146.60000610351562,151.0,143.39999389648438,144.39999389648438,112960,0.0,0.0
2022-07-14 00:00:00-04:00,136.39999389648438,141.89999389648438,134.1999969482422,137.10000610351562,121820,0.0,0.0
2022-07-15 00:00:00-04:00,139.0,139.8000030517578,132.1999969482422,136.10000610351562,81070,0.0,0.0
2022-07-18 00:00:00-04:00,139.0,141.32000732421875,133.8000030517578,134.89999389648438,63160,0.0,0.0
2022-07-19 00:00:00-04:00,137.6999969482422,142.1999969482422,133.10000610351562,141.1999969482422,82110,0.0,0.0
2022-07-20 00:00:00-04:00,139.39999389648438,148.6999969482422,139.10000610351562,142.5,122460,0.0,0.0
2022-07-21 00:00:00-04:00,142.5,142.89999389648438,131.3000030517578,138.3000030517578,67670,0.0,0.0
2022-07-22 00:00:00-04:00,138.10000610351562,138.10000610351562,127.0999984741211,134.60000610351562,116530,0.0,0.0
2022-07-25 00:00:00-04:00,135.3000030517578,135.3000030517578,124.80000305175781,125.19999694824219,116290,0.0,0.0
2022-07-26 00:00:00-04:00,123.69999694824219,126.0999984741211,119.55000305175781,123.5999984741211,86810,0.0,0.0
2022-07-27 00:00:00-04:00,127.0,131.60000610351562,123.80000305175781,130.60000610351562,56850,0.0,0.0
2022-07-28 00:00:00-04:00,130.0,131.6999969482422,123.0,130.89999389648438,60970,0.0,0.0
2022-07-29 00:00:00-04:00,129.3000030517578,138.1999969482422,126.30000305175781,138.0,73090,0.0,0.0
2022-08-01 00:00:00-04:00,137.10000610351562,140.89999389648438,132.39999389648438,136.0,82030,0.0,0.0
2022-08-02 00:00:00-04:00,133.39999389648438,151.6999969482422,133.1999969482422,150.6999969482422,109310,0.0,0.0
2022-08-03 00:00:00-04:00,139.89999389648438,167.5,136.10000610351562,160.89999389648438,181440,0.0,0.0
2022-08-04 00:00:00-04:00,161.0,166.3000030517578,145.3000030517578,147.39999389648438,88030,0.0,0.0
2022-08-05 00:00:00-04:00,143.39999389648438,154.60000610351562,141.10000610351562,150.39999389648438,85000,0.0,0.0
2022-08-08 00:00:00-04:00,151.5,171.10000610351562,149.8000030517578,164.89999389648438,96120,0.0,0.0
2022-08-09 00:00:00-04:00,162.1999969482422,165.3000030517578,149.89999389648438,151.0,48720,0.0,0.0
2022-08-10 00:00:00-04:00,158.8000030517578,164.6999969482422,153.0,162.6999969482422,60130,0.0,0.0
2022-08-11 00:00:00-04:00,165.5,182.10000610351562,164.60000610351562,166.1999969482422,64160,0.0,0.0
2022-08-12 00:00:00-04:00,167.89999389648438,170.8000030517578,164.0500030517578,167.60000610351562,28270,0.0,0.0
2022-08-15 00:00:00-04:00,165.1999969482422,172.6999969482422,164.44000244140625,167.60000610351562,30010,0.0,0.0
2022-08-16 00:00:00-04:00,170.0,174.6999969482422,164.1999969482422,173.8000030517578,53850,0.0,0.0
2022-08-17 00:00:00-04:00,169.3000030517578,173.39999389648438,165.89999389648438,169.5,58640,0.0,0.0
2022-08-18 00:00:00-04:00,168.1999969482422,168.6999969482422,162.8000030517578,166.0,64690,0.0,0.0
2022-08-19 00:00:00-04:00,161.3000030517578,164.3000030517578,156.5,157.3000030517578,57270,0.0,0.0
2022-08-22 00:00:00-04:00,153.6999969482422,156.3000030517578,150.6300048828125,151.8000030517578,43930,0.0,0.0
2022-08-23 00:00:00-04:00,151.60000610351562,163.10000610351562,150.10000610351562,151.1999969482422,46260,0.0,0.0
2022-08-24 00:00:00-04:00,151.39999389648438,155.6999969482422,147.3000030517578,147.3000030517578,23790,0.0,0.0
2022-08-25 00:00:00-04:00,148.6999969482422,152.10000610351562,146.89999389648438,150.89999389648438,37870,0.0,0.0
2022-08-26 00:00:00-04:00,151.89999389648438,153.3000030517578,139.1999969482422,140.10000610351562,37930,0.0,0.0
2022-08-29 00:00:00-04:00,137.5,141.60000610351562,136.0,137.3000030517578,26910,0.0,0.0
2022-08-30 00:00:00-04:00,139.1999969482422,142.3000030517578,135.39999389648438,135.89999389648438,37930,0.0,0.0
2022-08-31 00:00:00-04:00,136.8000030517578,138.5,129.60000610351562,132.39999389648438,49280,0.0,0.0
2022-09-01 00:00:00-04:00,129.8000030517578,129.8000030517578,121.80000305175781,125.69999694824219,47000,0.0,0.0
2022-09-02 00:00:00-04:00,127.5999984741211,129.0,117.30000305175781,118.69999694824219,38560,0.0,0.0
2022-09-06 00:00:00-04:00,118.9000015258789,119.19999694824219,112.69999694824219,117.69999694824219,46070,0.0,0.0
2022-09-07 00:00:00-04:00,117.4000015258789,125.5999984741211,115.5,125.5999984741211,36860,0.0,0.0
2022-09-08 00:00:00-04:00,117.69999694824219,122.0,112.5,120.30000305175781,52970,0.0,0.0
2022-09-09 00:00:00-04:00,121.4000015258789,127.69999694824219,121.4000015258789,127.5999984741211,35680,0.0,0.0
2022-09-12 00:00:00-04:00,128.6999969482422,143.5,128.1999969482422,143.10000610351562,66020,0.0,0.0
2022-09-13 00:00:00-04:00,133.8000030517578,135.6999969482422,125.3499984741211,126.19999694824219,46880,0.0,0.0
2022-09-14 00:00:00-04:00,126.30000305175781,126.4000015258789,117.5,123.0,40650,0.0,0.0
2022-09-15 00:00:00-04:00,120.80000305175781,128.5,120.80000305175781,122.80000305175781,38150,0.0,0.0
2022-09-16 00:00:00-04:00,119.5,119.62000274658203,114.0,116.9000015258789,58030,0.0,0.0
2022-09-19 00:00:00-04:00,115.30000305175781,121.0,113.5,120.5999984741211,27770,0.0,0.0
2022-09-20 00:00:00-04:00,117.5999984741211,119.5999984741211,113.80000305175781,115.19999694824219,30490,0.0,0.0
2022-09-21 00:00:00-04:00,116.0999984741211,116.0999984741211,108.4000015258789,108.5999984741211,35560,0.0,0.0
2022-09-22 00:00:00-04:00,107.19999694824219,109.0,96.81999969482422,97.5999984741211,48830,0.0,0.0
2022-09-23 00:00:00-04:00,95.30000305175781,97.68000030517578,92.69999694824219,95.5,102930,0.0,0.0
2022-09-26 00:00:00-04:00,95.5,101.0,93.0999984741211,93.19999694824219,64350,0.0,0.0
2022-09-27 00:00:00-04:00,95.5,98.9000015258789,94.4000015258789,96.19999694824219,48760,0.0,0.0
2022-09-28 00:00:00-04:00,95.5999984741211,101.0,95.5999984741211,98.0999984741211,42950,0.0,0.0
2022-09-29 00:00:00-04:00,96.30000305175781,96.30000305175781,86.80000305175781,93.69999694824219,50070,0.0,0.0
2022-09-30 00:00:00-04:00,94.0,100.19999694824219,92.4000015258789,94.0,46080,0.0,0.0
2022-10-03 00:00:00-04:00,96.19999694824219,97.9000015258789,92.19999694824219,95.5999984741211,33920,0.0,0.0
2022-10-04 00:00:00-04:00,99.19999694824219,103.5999984741211,97.5999984741211,100.5999984741211,39570,0.0,0.0
2022-10-05 00:00:00-04:00,97.19999694824219,99.19999694824219,92.0999984741211,95.0999984741211,29460,0.0,0.0
2022-10-06 00:00:00-04:00,94.5,97.80000305175781,90.19999694824219,91.80000305175781,49610,0.0,0.0
2022-10-07 00:00:00-04:00,89.30000305175781,91.69999694824219,86.80000305175781,88.30000305175781,40670,0.0,0.0
2022-10-10 00:00:00-04:00,88.5999984741211,88.8499984741211,85.0999984741211,87.0,43850,0.0,0.0
2022-10-11 00:00:00-04:00,86.0999984741211,87.19999694824219,79.80000305175781,83.0,48040,0.0,0.0
2022-10-12 00:00:00-04:00,81.5999984741211,83.19999694824219,79.19999694824219,81.4000015258789,28560,0.0,0.0
2022-10-13 00:00:00-04:00,78.30000305175781,83.9000015258789,72.19999694824219,83.0,39730,0.0,0.0
2022-10-14 00:00:00-04:00,85.0999984741211,86.0999984741211,70.80000305175781,72.4000015258789,47960,0.0,0.0
2022-10-17 00:00:00-04:00,75.30000305175781,84.5999984741211,74.75,81.80000305175781,52820,0.0,0.0
2022-10-18 00:00:00-04:00,85.5999984741211,89.19000244140625,82.4000015258789,83.9000015258789,33370,0.0,0.0
2022-10-19 00:00:00-04:00,82.30000305175781,83.30000305175781,78.19999694824219,80.4000015258789,40660,0.0,0.0
2022-10-20 00:00:00-04:00,80.0,83.5,78.0999984741211,79.5,28740,0.0,0.0
2022-10-21 00:00:00-04:00,79.9000015258789,84.4000015258789,76.69999694824219,83.80000305175781,34460,0.0,0.0
2022-10-24 00:00:00-04:00,82.5999984741211,84.0,78.5,82.19999694824219,32790,0.0,0.0
2022-10-25 00:00:00-04:00,82.80000305175781,93.19999694824219,82.80000305175781,90.19999694824219,70370,0.0,0.0
2022-10-26 00:00:00-04:00,90.9000015258789,95.9000015258789,89.44999694824219,91.0,49290,0.0,0.0
2022-10-27 00:00:00-04:00,92.80000305175781,95.4000015258789,89.5,92.4000015258789,45360,0.0,0.0
2022-10-28 00:00:00-04:00,92.5999984741211,101.5,91.0,97.30000305175781,60690,0.0,0.0
2022-10-31 00:00:00-04:00,95.80000305175781,97.91999816894531,89.80000305175781,94.30000305175781,74270,0.0,0.0
2022-11-01 00:00:00-04:00,97.69999694824219,103.0999984741211,95.5999984741211,96.80000305175781,51990,0.0,0.0
2022-11-02 00:00:00-04:00,66.0999984741211,71.30000305175781,44.29999923706055,45.099998474121094,471800,0.0,0.0
2022-11-03 00:00:00-04:00,44.400001525878906,56.650001525878906,44.0099983215332,56.20000076293945,306460,0.0,0.0
2022-11-04 00:00:00-04:00,56.20000076293945,58.20000076293945,45.0,46.0,197400,0.0,0.0
2022-11-07 00:00:00-05:00,48.099998474121094,48.099998474121094,41.400001525878906,41.79999923706055,214960,0.0,0.0
2022-11-08 00:00:00-05:00,41.70000076293945,41.900001525878906,38.70000076293945,40.900001525878906,273930,0.0,0.0
2022-11-09 00:00:00-05:00,39.599998474121094,39.70000076293945,35.0,36.70000076293945,182900,0.0,0.0
2022-11-10 00:00:00-05:00,41.099998474121094,50.79999923706055,40.54999923706055,48.900001525878906,203170,0.0,0.0
2022-11-11 00:00:00-05:00,48.900001525878906,60.29999923706055,47.900001525878906,60.20000076293945,170310,0.0,0.0
2022-11-14 00:00:00-05:00,59.29999923706055,61.45000076293945,50.099998474121094,50.400001525878906,116320,0.0,0.0
2022-11-15 00:00:00-05:00,51.5,54.689998626708984,50.5,51.599998474121094,115540,0.0,0.0
2022-11-16 00:00:00-05:00,51.70000076293945,51.70000076293945,44.29999923706055,46.0,110640,0.0,0.0
2022-11-17 00:00:00-05:00,42.900001525878906,45.599998474121094,42.5,45.0,85520,0.0,0.0
2022-11-18 00:00:00-05:00,46.400001525878906,46.400001525878906,40.5,40.70000076293945,65650,0.0,0.0
2022-11-21 00:00:00-05:00,40.70000076293945,42.099998474121094,38.5,41.70000076293945,69220,0.0,0.0
2022-11-22 00:00:00-05:00,42.0,42.0,38.099998474121094,39.29999923706055,65340,0.0,0.0
2022-11-23 00:00:00-05:00,39.099998474121094,41.599998474121094,38.5,40.70000076293945,40700,0.0,0.0
2022-11-25 00:00:00-05:00,40.099998474121094,40.5,39.0,40.29999923706055,38910,0.0,0.0
2022-11-28 00:00:00-05:00,39.29999923706055,40.58000183105469,37.70000076293945,37.900001525878906,44470,0.0,0.0
2022-11-29 00:00:00-05:00,37.900001525878906,41.0,37.0,40.0,42090,0.0,0.0
2022-11-30 00:00:00-05:00,41.0,45.20000076293945,38.400001525878906,44.900001525878906,89700,0.0,0.0
2022-12-01 00:00:00-05:00,45.400001525878906,48.5,43.70000076293945,44.400001525878906,61760,0.0,0.0
2022-12-02 00:00:00-05:00,42.79999923706055,47.099998474121094,41.0,46.900001525878906,39390,0.0,0.0
2022-12-05 00:00:00-05:00,46.400001525878906,48.599998474121094,43.5,45.599998474121094,54500,0.0,0.0
2022-12-06 00:00:00-05:00,45.70000076293945,45.70000076293945,40.0,41.900001525878906,64310,0.0,0.0
2022-12-07 00:00:00-05:00,41.5,42.599998474121094,39.20000076293945,41.599998474121094,66070,0.0,0.0
2022-12-08 00:00:00-05:00,42.29999923706055,51.79999923706055,40.70000076293945,50.900001525878906,107890,0.0,0.0
2022-12-09 00:00:00-05:00,51.29999923706055,54.70000076293945,49.20000076293945,50.79999923706055,70880,0.0,0.0
2022-12-12 00:00:00-05:00,51.0,53.45000076293945,48.79999923706055,53.20000076293945,42130,0.0,0.0
2022-12-13 00:00:00-05:00,56.400001525878906,61.099998474121094,53.540000915527344,56.599998474121094,190900,0.0,0.0
2022-12-14 00:00:00-05:00,56.70000076293945,63.5,56.5,59.599998474121094,118670,0.0,0.0
2022-12-15 00:00:00-05:00,57.20000076293945,60.5,55.5,58.79999923706055,105940,0.0,0.0
2022-12-16 00:00:00-05:00,57.0,59.70000076293945,53.20000076293945,56.0,96170,0.0,0.0
2022-12-19 00:00:00-05:00,55.0,56.29999923706055,49.5,50.79999923706055,115070,0.0,0.0
2022-12-20 00:00:00-05:00,51.29999923706055,53.029998779296875,50.099998474121094,50.849998474121094,49830,0.0,0.0
2022-12-21 00:00:00-05:00,52.099998474121094,52.29999923706055,49.099998474121094,51.29999923706055,36780,0.0,0.0
2022-12-22 00:00:00-05:00,50.20000076293945,51.79999923706055,45.04999923706055,47.45000076293945,81290,0.0,0.0
2022-12-23 00:00:00-05:00,46.900001525878906,49.900001525878906,46.400001525878906,48.20000076293945,42250,0.0,0.0
2022-12-27 00:00:00-05:00,48.29999923706055,48.29999923706055,45.5,45.900001525878906,48240,0.0,0.0
2022-12-28 00:00:00-05:00,45.79999923706055,49.5,44.5,48.599998474121094,47930,0.0,0.0
2022-12-29 00:00:00-05:00,49.900001525878906,58.849998474121094,49.349998474121094,58.29999923706055,90990,0.0,0.0
2022-12-30 00:00:00-05:00,56.400001525878906,60.599998474121094,54.599998474121094,57.79999923706055,77720,0.0,0.0
2023-01-03 00:00:00-05:00,57.29999923706055,62.29999923706055,52.70000076293945,53.900001525878906,60530,0.0,0.0
2023-01-04 00:00:00-05:00,55.29999923706055,57.0,50.29999923706055,51.900001525878906,54090,0.0,0.0
2023-01-05 00:00:00-05:00,51.20000076293945,52.099998474121094,47.5,47.70000076293945,53330,0.0,0.0
2023-01-06 00:00:00-05:00,48.70000076293945,49.400001525878906,44.400001525878906,46.70000076293945,48420,0.0,0.0
2023-01-09 00:00:00-05:00,47.599998474121094,53.41999816894531,47.0,48.29999923706055,65320,0.0,0.0
2023-01-10 00:00:00-05:00,48.900001525878906,49.29999923706055,46.900001525878906,48.29999923706055,63120,0.0,0.0
2023-01-11 00:00:00-05:00,48.70000076293945,51.29999923706055,47.70000076293945,51.099998474121094,67640,0.0,0.0
2023-01-12 00:00:00-05:00,51.70000076293945,54.599998474121094,50.20000076293945,52.79999923706055,52810,0.0,0.0
2023-01-13 00:00:00-05:00,51.599998474121094,52.70000076293945,50.099998474121094,50.20000076293945,45430,0.0,0.0
2023-01-17 00:00:00-05:00,50.0,51.400001525878906,45.7400016784668,51.0,67290,0.0,0.0
2023-01-18 00:00:00-05:00,51.900001525878906,57.20000076293945,50.20000076293945,50.29999923706055,63060,0.0,0.0
2023-01-19 00:00:00-05:00,49.29999923706055,50.099998474121094,47.95000076293945,48.79999923706055,37970,0.0,0.0
2023-01-20 00:00:00-05:00,49.79999923706055,52.599998474121094,48.5,52.5,39680,0.0,0.0
2023-01-23 00:00:00-05:00,53.5,57.400001525878906,52.900001525878906,55.0,48000,0.0,0.0
2023-01-24 00:00:00-05:00,54.29999923706055,58.0,53.150001525878906,57.70000076293945,49690,0.0,0.0
2023-01-25 00:00:00-05:00,56.0,56.0,52.29999923706055,55.0,40160,0.0,0.0
2023-01-26 00:00:00-05:00,56.599998474121094,64.4000015258789,56.599998474121094,63.79999923706055,89150,0.0,0.0
2023-01-27 00:00:00-05:00,63.599998474121094,84.0,63.59000015258789,71.5,267830,0.0,0.0
2023-01-30 00:00:00-05:00,70.0,71.19999694824219,65.19999694824219,68.5999984741211,66920,0.0,0.0
2023-01-31 00:00:00-05:00,68.9000015258789,77.69999694824219,68.9000015258789,75.0,75630,0.0,0.0
2023-02-01 00:00:00-05:00,75.19999694824219,80.4000015258789,70.69999694824219,79.0,71390,0.0,0.0
2023-02-02 00:00:00-05:00,82.5,91.19999694824219,80.30000305175781,89.80000305175781,113550,0.0,0.0
2023-02-03 00:00:00-05:00,85.9000015258789,87.19999694824219,81.19999694824219,83.19999694824219,64560,0.0,0.0
2023-02-06 00:00:00-05:00,81.69999694824219,83.9000015258789,75.80000305175781,77.5,80680,0.0,0.0
2023-02-07 00:00:00-05:00,74.69999694824219,75.91999816894531,68.8499984741211,73.9000015258789,111950,0.0,0.0
2023-02-08 00:00:00-05:00,72.9000015258789,77.5999984741211,71.25,76.0999984741211,60530,0.0,0.0
2023-02-09 00:00:00-05:00,76.19999694824219,78.5,65.8499984741211,67.9000015258789,61200,0.0,0.0
2023-02-10 00:00:00-05:00,66.19999694824219,68.19999694824219,62.29999923706055,63.599998474121094,58240,0.0,0.0
2023-02-13 00:00:00-05:00,63.900001525878906,65.4000015258789,61.70000076293945,63.70000076293945,32730,0.0,0.0
2023-02-14 00:00:00-05:00,62.70000076293945,66.9000015258789,61.75,65.5999984741211,21330,0.0,0.0
2023-02-15 00:00:00-05:00,66.0,73.69999694824219,66.0,72.9000015258789,58810,0.0,0.0
2023-02-16 00:00:00-05:00,70.30000305175781,72.69999694824219,67.6500015258789,70.0,41900,0.0,0.0
2023-02-17 00:00:00-05:00,69.69999694824219,70.88999938964844,63.29999923706055,65.69999694824219,37490,0.0,0.0
2023-02-21 00:00:00-05:00,64.0,66.69999694824219,59.5,61.599998474121094,41230,0.0,0.0
2023-02-22 00:00:00-05:00,62.099998474121094,65.27999877929688,60.900001525878906,61.70000076293945,35830,0.0,0.0
2023-02-23 00:00:00-05:00,62.599998474121094,64.19999694824219,57.45000076293945,59.650001525878906,30140,0.0,0.0
2023-02-24 00:00:00-05:00,57.70000076293945,58.099998474121094,55.5,56.900001525878906,36940,0.0,0.0
2023-02-27 00:00:00-05:00,58.29999923706055,58.900001525878906,54.79999923706055,55.599998474121094,26040,0.0,0.0
2023-02-28 00:00:00-05:00,55.20000076293945,57.400001525878906,54.29999923706055,54.5,152220,0.0,0.0
2023-03-01 00:00:00-05:00,55.599998474121094,58.0,51.95000076293945,53.20000076293945,56580,0.0,0.0
2023-03-02 00:00:00-05:00,45.33000183105469,52.0,38.5,48.599998474121094,221030,0.0,0.0
2023-03-03 00:00:00-05:00,48.900001525878906,51.79999923706055,47.619998931884766,50.29999923706055,55740,0.0,0.0
2023-03-06 00:00:00-05:00,50.099998474121094,52.0,48.650001525878906,49.400001525878906,36540,0.0,0.0
2023-03-07 00:00:00-05:00,49.70000076293945,49.900001525878906,47.11000061035156,47.400001525878906,32960,0.0,0.0
2023-03-08 00:00:00-05:00,47.400001525878906,47.70000076293945,43.70000076293945,45.5,65070,0.0,0.0
2023-03-09 00:00:00-05:00,46.20000076293945,46.20000076293945,41.099998474121094,41.5,87510,0.0,0.0
2023-03-10 00:00:00-05:00,41.099998474121094,41.5,35.45000076293945,37.400001525878906,98310,0.0,0.0
2023-03-13 00:00:00-04:00,38.099998474121094,39.599998474121094,35.29999923706055,37.400001525878906,65850,0.0,0.0
2023-03-14 00:00:00-04:00,39.29999923706055,40.599998474121094,35.04999923706055,36.29999923706055,69200,0.0,0.0
2023-03-15 00:00:00-04:00,35.0,35.5,33.099998474121094,33.900001525878906,72460,0.0,0.0
2023-03-16 00:00:00-04:00,33.29999923706055,34.900001525878906,32.20000076293945,33.70000076293945,75370,0.0,0.0
2023-03-17 00:00:00-04:00,33.099998474121094,33.20000076293945,30.739999771118164,31.200000762939453,102590,0.0,0.0
2023-03-20 00:00:00-04:00,31.899999618530273,32.099998474121094,29.75,29.799999237060547,91870,0.0,0.0
2023-03-21 00:00:00-04:00,30.700000762939453,37.70000076293945,30.600000381469727,34.900001525878906,174020,0.0,0.0
2023-03-22 00:00:00-04:00,35.20000076293945,36.70000076293945,29.399999618530273,29.600000381469727,94280,0.0,0.0
2023-03-23 00:00:00-04:00,29.700000762939453,31.0,26.100000381469727,28.100000381469727,124390,0.0,0.0
2023-03-24 00:00:00-04:00,29.5,29.899999618530273,25.700000762939453,26.700000762939453,112960,0.0,0.0
2023-03-27 00:00:00-04:00,27.0,27.799999237060547,26.100000381469727,26.399999618530273,98580,0.0,0.0
2023-03-28 00:00:00-04:00,26.399999618530273,27.079999923706055,25.899999618530273,26.0,80600,0.0,0.0
2023-03-29 00:00:00-04:00,26.799999237060547,29.649999618530273,25.950000762939453,28.5,116760,0.0,0.0
2023-03-30 00:00:00-04:00,29.299999237060547,30.479999542236328,28.100000381469727,29.700000762939453,71690,0.0,0.0
2023-03-31 00:00:00-04:00,30.0,34.099998474121094,29.700000762939453,33.95000076293945,82430,0.0,0.0
2023-04-03 00:00:00-04:00,33.5,34.900001525878906,32.599998474121094,34.5,97630,0.0,0.0
2023-04-04 00:00:00-04:00,48.0,67.69999694824219,43.29999923706055,62.400001525878906,7143970,0.0,0.0
2023-04-05 00:00:00-04:00,58.79999923706055,59.79999923706055,46.099998474121094,48.400001525878906,668750,0.0,0.0
2023-04-06 00:00:00-04:00,48.400001525878906,62.0,47.0,59.650001525878906,840900,0.0,0.0
2023-04-10 00:00:00-04:00,57.900001525878906,62.70000076293945,55.599998474121094,60.20000076293945,360510,0.0,0.0
2023-04-11 00:00:00-04:00,59.900001525878906,67.0,59.900001525878906,62.79999923706055,286340,0.0,0.0
2023-04-12 00:00:00-04:00,64.30000305175781,66.4000015258789,59.45000076293945,60.0,162370,0.0,0.0
2023-04-13 00:00:00-04:00,61.29999923706055,70.55000305175781,61.0,68.4000015258789,237970,0.0,0.0
2023-04-14 00:00:00-04:00,67.9000015258789,70.0999984741211,63.349998474121094,63.900001525878906,118950,0.0,0.0
2023-04-17 00:00:00-04:00,63.79999923706055,67.4000015258789,61.70000076293945,66.80000305175781,83140,0.0,0.0
2023-04-18 00:00:00-04:00,68.4000015258789,70.4000015258789,66.0,70.0999984741211,97810,0.0,0.0
2023-04-19 00:00:00-04:00,68.30000305175781,75.6500015258789,67.0,74.69999694824219,164140,0.0,0.0
2023-04-20 00:00:00-04:00,73.0,74.63999938964844,67.25,67.4000015258789,162540,0.0,0.0
2023-04-21 00:00:00-04:00,67.30000305175781,69.69999694824219,64.30000305175781,65.0,113960,0.0,0.0
2023-04-24 00:00:00-04:00,64.9000015258789,66.75,60.349998474121094,60.599998474121094,62210,0.0,0.0
2023-04-25 00:00:00-04:00,60.0,62.70000076293945,57.70000076293945,57.900001525878906,100870,0.0,0.0
2023-04-26 00:00:00-04:00,58.5,61.95000076293945,58.400001525878906,60.900001525878906,73270,0.0,0.0
2023-04-27 00:00:00-04:00,62.5,65.30000305175781,61.900001525878906,64.80000305175781,53650,0.0,0.0
2023-04-28 00:00:00-04:00,64.69999694824219,67.30000305175781,62.5,64.9000015258789,59510,0.0,0.0
2023-05-01 00:00:00-04:00,73.5,88.55000305175781,71.69999694824219,82.5999984741211,429710,0.0,0.0
2023-05-02 00:00:00-04:00,81.5,85.9000015258789,80.0,82.5,172590,0.0,0.0
2023-05-03 00:00:00-04:00,85.0999984741211,86.4000015258789,81.5,81.5,138220,0.0,0.0
2023-05-04 00:00:00-04:00,81.19999694824219,83.30000305175781,77.4000015258789,82.9000015258789,114610,0.0,0.0
2023-05-05 00:00:00-04:00,67.9000015258789,70.4000015258789,56.0,60.29999923706055,372070,0.0,0.0
2023-05-08 00:00:00-04:00,60.29999923706055,61.70000076293945,54.150001525878906,58.099998474121094,141230,0.0,0.0
2023-05-09 00:00:00-04:00,57.79999923706055,58.79999923706055,54.650001525878906,57.5,90880,0.0,0.0
2023-05-10 00:00:00-04:00,59.400001525878906,63.900001525878906,58.720001220703125,62.099998474121094,98300,0.0,0.0
2023-05-11 00:00:00-04:00,62.20000076293945,65.0,59.5,59.599998474121094,62710,0.0,0.0
2023-05-12 00:00:00-04:00,59.900001525878906,60.900001525878906,55.119998931884766,56.20000076293945,67330,0.0,0.0
2023-05-15 00:00:00-04:00,56.79999923706055,58.400001525878906,54.900001525878906,57.20000076293945,70870,0.0,0.0
2023-05-16 00:00:00-04:00,56.0,56.0,51.599998474121094,52.900001525878906,67180,0.0,0.0
2023-05-17 00:00:00-04:00,53.099998474121094,56.20000076293945,52.29999923706055,54.70000076293945,66030,0.0,0.0
2023-05-18 00:00:00-04:00,54.599998474121094,57.79999923706055,52.599998474121094,54.20000076293945,78370,0.0,0.0
2023-05-19 00:00:00-04:00,55.0,55.54999923706055,49.400001525878906,50.599998474121094,71620,0.0,0.0
2023-05-22 00:00:00-04:00,51.0,57.79999923706055,50.400001525878906,57.0,71590,0.0,0.0
2023-05-23 00:00:00-04:00,57.0,63.29999923706055,57.0,57.79999923706055,66250,0.0,0.0
2023-05-24 00:00:00-04:00,56.79999923706055,58.0,54.29999923706055,56.5,40250,0.0,0.0
2023-05-25 00:00:00-04:00,56.599998474121094,57.0,52.75,53.20000076293945,36400,0.0,0.0
2023-05-26 00:00:00-04:00,53.20000076293945,57.79999923706055,52.29999923706055,57.5,40350,0.0,0.0
2023-05-30 00:00:00-04:00,58.79999923706055,60.150001525878906,54.5,55.5,37570,0.0,0.0
2023-05-31 00:00:00-04:00,55.0,56.70000076293945,51.58000183105469,51.70000076293945,48250,0.0,0.0
2023-06-01 00:00:00-04:00,51.79999923706055,54.79999923706055,51.41999816894531,52.70000076293945,44230,0.0,0.0
2023-06-02 00:00:00-04:00,54.400001525878906,57.25,53.79999923706055,57.099998474121094,56120,0.0,0.0
2023-06-05 00:00:00-04:00,57.0,57.0,53.79999923706055,55.099998474121094,37220,0.0,0.0
2023-06-06 00:00:00-04:00,55.099998474121094,58.400001525878906,53.79999923706055,55.5,61370,0.0,0.0
2023-06-07 00:00:00-04:00,57.099998474121094,58.79999923706055,52.599998474121094,52.900001525878906,59680,0.0,0.0
2023-06-08 00:00:00-04:00,53.0,54.97999954223633,49.599998474121094,53.599998474121094,69610,0.0,0.0
2023-06-09 00:00:00-04:00,54.400001525878906,57.04999923706055,53.0,54.900001525878906,49520,0.0,0.0
2023-06-12 00:00:00-04:00,55.400001525878906,58.70000076293945,53.70000076293945,58.0,45630,0.0,0.0
2023-06-13 00:00:00-04:00,58.900001525878906,64.9000015258789,57.45000076293945,62.099998474121094,120000,0.0,0.0
2023-06-14 00:00:00-04:00,61.79999923706055,62.279998779296875,56.599998474121094,57.099998474121094,49220,0.0,0.0
2023-06-15 00:00:00-04:00,57.099998474121094,64.0999984741211,55.5,63.0,85010,0.0,0.0
2023-06-16 00:00:00-04:00,64.0,67.19999694824219,62.29999923706055,66.0999984741211,65600,0.0,0.0
2023-06-20 00:00:00-04:00,66.0999984741211,69.4000015258789,63.5,67.30000305175781,65680,0.0,0.0
2023-06-21 00:00:00-04:00,67.0,67.30000305175781,63.5,64.80000305175781,36740,0.0,0.0
2023-06-22 00:00:00-04:00,64.19999694824219,64.19999694824219,58.5,60.20000076293945,37030,0.0,0.0
2023-06-23 00:00:00-04:00,58.599998474121094,58.900001525878906,55.29999923706055,57.79999923706055,114670,0.0,0.0
2023-06-26 00:00:00-04:00,58.0,63.29999923706055,58.0,58.599998474121094,66390,0.0,0.0
2023-06-27 00:00:00-04:00,58.599998474121094,61.29999923706055,57.599998474121094,60.0,64350,0.0,0.0
2023-06-28 00:00:00-04:00,60.0,60.5,57.79999923706055,58.20000076293945,30500,0.0,0.0
2023-06-29 00:00:00-04:00,58.20000076293945,62.88999938964844,58.099998474121094,62.0,53730,0.0,0.0
2023-06-30 00:00:00-04:00,63.599998474121094,65.0,62.400001525878906,63.20000076293945,47640,0.0,0.0
2023-07-03 00:00:00-04:00,63.29999923706055,65.0,59.5,62.900001525878906,37190,0.0,0.0
2023-07-05 00:00:00-04:00,62.900001525878906,63.20000076293945,56.900001525878906,57.79999923706055,62920,0.0,0.0
2023-07-06 00:00:00-04:00,59.599998474121094,60.900001525878906,57.599998474121094,58.900001525878906,78560,0.0,0.0
2023-07-07 00:00:00-04:00,59.29999923706055,62.0,58.95000076293945,60.599998474121094,51590,0.0,0.0
2023-07-10 00:00:00-04:00,60.70000076293945,66.69999694824219,59.79999923706055,66.5999984741211,67020,0.0,0.0
2023-07-11 00:00:00-04:00,67.5,81.5999984741211,66.30000305175781,79.69999694824219,114710,0.0,0.0
2023-07-12 00:00:00-04:00,82.5999984741211,91.30000305175781,82.5999984741211,86.19999694824219,144030,0.0,0.0
2023-07-13 00:00:00-04:00,88.0,100.0999984741211,87.5,97.5999984741211,184640,0.0,0.0
2023-07-14 00:00:00-04:00,97.5999984741211,99.4000015258789,90.25,91.19999694824219,73120,0.0,0.0
2023-07-17 00:00:00-04:00,90.80000305175781,92.9000015258789,86.19999694824219,90.5,69290,0.0,0.0
2023-07-18 00:00:00-04:00,92.0,99.38999938964844,91.0999984741211,99.0999984741211,73930,0.0,0.0
2023-07-19 00:00:00-04:00,100.4000015258789,106.98999786376953,99.19999694824219,101.5999984741211,91060,0.0,0.0
2023-07-20 00:00:00-04:00,101.80000305175781,103.0,87.0999984741211,88.80000305175781,68020,0.0,0.0
2023-07-21 00:00:00-04:00,91.0,93.80000305175781,84.4000015258789,87.5,57690,0.0,0.0
2023-07-24 00:00:00-04:00,87.9000015258789,92.0,84.4000015258789,84.80000305175781,34510,0.0,0.0
2023-07-25 00:00:00-04:00,85.0,88.30000305175781,84.5,85.69999694824219,37140,0.0,0.0
2023-07-26 00:00:00-04:00,85.4000015258789,91.19999694824219,84.91999816894531,90.9000015258789,43650,0.0,0.0
2023-07-27 00:00:00-04:00,93.4000015258789,98.5,92.5,96.30000305175781,95920,0.0,0.0
2023-07-28 00:00:00-04:00,99.4000015258789,110.4000015258789,98.25,110.0999984741211,79920,0.0,0.0
2023-07-31 00:00:00-04:00,111.41999816894531,116.9000015258789,108.87999725341797,116.69999694824219,98220,0.0,0.0
2023-08-01 00:00:00-04:00,115.5,116.9000015258789,109.0,112.69999694824219,106130,0.0,0.0
2023-08-02 00:00:00-04:00,137.60000610351562,152.0,126.9000015258789,135.0,291810,0.0,0.0
2023-08-03 00:00:00-04:00,133.5,144.8000030517578,129.60000610351562,137.60000610351562,148180,0.0,0.0
2023-08-04 00:00:00-04:00,137.60000610351562,147.3000030517578,136.85000610351562,141.39999389648438,74820,0.0,0.0
2023-08-07 00:00:00-04:00,141.6999969482422,147.5500030517578,130.0,147.3000030517578,81340,0.0,0.0
2023-08-08 00:00:00-04:00,144.6999969482422,146.60000610351562,135.6999969482422,141.10000610351562,81520,0.0,0.0
2023-08-09 00:00:00-04:00,140.10000610351562,145.60000610351562,129.60000610351562,131.0,71350,0.0,0.0
2023-08-10 00:00:00-04:00,131.39999389648438,135.39999389648438,129.5,130.0,64980,0.0,0.0
2023-08-11 00:00:00-04:00,128.0,130.39999389648438,122.9000015258789,124.19999694824219,38410,0.0,0.0
2023-08-14 00:00:00-04:00,121.5999984741211,137.10000610351562,121.30000305175781,136.6999969482422,64890,0.0,0.0
2023-08-15 00:00:00-04:00,135.1999969482422,136.60000610351562,130.89999389648438,135.10000610351562,52820,0.0,0.0
2023-08-16 00:00:00-04:00,134.0,134.1999969482422,124.0,128.0,48890,0.0,0.0
2023-08-17 00:00:00-04:00,129.6999969482422,132.39999389648438,121.9000015258789,122.0,66730,0.0,0.0
2023-08-18 00:00:00-04:00,118.69999694824219,131.0,118.5,127.5,50020,0.0,0.0
2023-08-21 00:00:00-04:00,127.30000305175781,132.7899932861328,123.4000015258789,131.60000610351562,41280,0.0,0.0
2023-08-22 00:00:00-04:00,133.1999969482422,142.10000610351562,130.1999969482422,136.10000610351562,68960,0.0,0.0
2023-08-23 00:00:00-04:00,134.89999389648438,144.10000610351562,133.50999450683594,141.8000030517578,37870,0.0,0.0
2023-08-24 00:00:00-04:00,142.1999969482422,143.1999969482422,131.10000610351562,135.6999969482422,33680,0.0,0.0
2023-08-25 00:00:00-04:00,137.10000610351562,139.5,129.10000610351562,134.10000610351562,24550,0.0,0.0
2023-08-28 00:00:00-04:00,136.1999969482422,143.10000610351562,134.89999389648438,138.60000610351562,31260,0.0,0.0
2023-08-29 00:00:00-04:00,138.60000610351562,154.6999969482422,136.8000030517578,147.5,74400,0.0,0.0
2023-08-30 00:00:00-04:00,147.10000610351562,161.6999969482422,143.10000610351562,160.8000030517578,63510,0.0,0.0
2023-08-31 00:00:00-04:00,162.5,171.6999969482422,162.5,166.60000610351562,82510,0.0,0.0
2023-09-01 00:00:00-04:00,168.3000030517578,179.8000030517578,162.60000610351562,172.1999969482422,75450,0.0,0.0
2023-09-05 00:00:00-04:00,169.10000610351562,177.3000030517578,164.6999969482422,173.1999969482422,66600,0.0,0.0
2023-09-06 00:00:00-04:00,173.39999389648438,175.10000610351562,165.10000610351562,172.60000610351562,45000,0.0,0.0
2023-09-07 00:00:00-04:00,167.0,178.5,164.2899932861328,176.5,64210,0.0,0.0
2023-09-08 00:00:00-04:00,176.60000610351562,182.9499969482422,172.50999450683594,173.5,69140,0.0,0.0
2023-09-11 00:00:00-04:00,176.89999389648438,186.3000030517578,176.60000610351562,184.6999969482422,44430,0.0,0.0
2023-09-12 00:00:00-04:00,179.8000030517578,189.8000030517578,173.0,179.6999969482422,75130,0.0,0.0
2023-09-13 00:00:00-04:00,179.3000030517578,180.89999389648438,173.89999389648438,178.6999969482422,39220,0.0,0.0
2023-09-14 00:00:00-04:00,181.39999389648438,194.8000030517578,181.39999389648438,191.6999969482422,58300,0.0,0.0
2023-09-15 00:00:00-04:00,192.8000030517578,195.6999969482422,187.1999969482422,191.5,85670,0.0,0.0
2023-09-18 00:00:00-04:00,189.60000610351562,193.0,162.6999969482422,163.39999389648438,98930,0.0,0.0
2023-09-19 00:00:00-04:00,161.10000610351562,162.0,139.10000610351562,157.6999969482422,138220,0.0,0.0
2023-09-20 00:00:00-04:00,157.3000030517578,167.50999450683594,151.5,155.14999389648438,67890,0.0,0.0
2023-09-21 00:00:00-04:00,150.3000030517578,155.39999389648438,146.88999938964844,148.89999389648438,50860,0.0,0.0
2023-09-22 00:00:00-04:00,151.60000610351562,152.08999633789062,142.39999389648438,144.0,47620,0.0,0.0
2023-09-25 00:00:00-04:00,140.10000610351562,145.1999969482422,138.60000610351562,144.0,59860,0.0,0.0
2023-09-26 00:00:00-04:00,141.39999389648438,144.0,135.0,139.5,48770,0.0,0.0
2023-09-27 00:00:00-04:00,140.10000610351562,154.60000610351562,139.8000030517578,152.89999389648438,72690,0.0,0.0
2023-09-28 00:00:00-04:00,152.89999389648438,164.89999389648438,150.0,164.10000610351562,59890,0.0,0.0
2023-09-29 00:00:00-04:00,168.6999969482422,175.3000030517578,162.8000030517578,165.0,139780,0.0,0.0
2023-10-02 00:00:00-04:00,163.89999389648438,164.10000610351562,132.0,132.8000030517578,122900,0.0,0.0
2023-10-03 00:00:00-04:00,130.0500030517578,136.0,121.5999984741211,131.60000610351562,107640,0.0,0.0
2023-10-04 00:00:00-04:00,130.1999969482422,136.02999877929688,129.7100067138672,130.39999389648438,72480,0.0,0.0
2023-10-05 00:00:00-04:00,130.10000610351562,130.75,121.4000015258789,125.30000305175781,79830,0.0,0.0
2023-10-06 00:00:00-04:00,122.9000015258789,137.39999389648438,122.9000015258789,132.6999969482422,63580,0.0,0.0
2023-10-09 00:00:00-04:00,129.39999389648438,136.27999877929688,127.61000061035156,135.1999969482422,38330,0.0,0.0
2023-10-10 00:00:00-04:00,135.1999969482422,145.0,135.10000610351562,136.8000030517578,50630,0.0,0.0
2023-10-11 00:00:00-04:00,138.8000030517578,140.60000610351562,129.5,130.39999389648438,33130,0.0,0.0
2023-10-12 00:00:00-04:00,129.89999389648438,131.8000030517578,126.19999694824219,126.69999694824219,66220,0.0,0.0
2023-10-13 00:00:00-04:00,125.5,127.86000061035156,108.19999694824219,110.4000015258789,120780,0.0,0.0
2023-10-16 00:00:00-04:00,112.80000305175781,125.80000305175781,112.80000305175781,124.0999984741211,64930,0.0,0.0
2023-10-17 00:00:00-04:00,121.0999984741211,128.3000030517578,118.0,124.30000305175781,56050,0.0,0.0
2023-10-18 00:00:00-04:00,122.80000305175781,123.94999694824219,114.30000305175781,116.80000305175781,60230,0.0,0.0
2023-10-19 00:00:00-04:00,117.0,123.0999984741211,114.69999694824219,119.80000305175781,42860,0.0,0.0
2023-10-20 00:00:00-04:00,120.0,120.0,115.19999694824219,116.80000305175781,41960,0.0,0.0
2023-10-23 00:00:00-04:00,115.30000305175781,120.0,113.5999984741211,117.0,46870,0.0,0.0
2023-10-24 00:00:00-04:00,120.5,125.80000305175781,117.80000305175781,124.30000305175781,59310,0.0,0.0
2023-10-25 00:00:00-04:00,122.5999984741211,122.5999984741211,116.0999984741211,119.0,55650,0.0,0.0
2023-10-26 00:00:00-04:00,118.69999694824219,122.0,115.4000015258789,117.4000015258789,39190,0.0,0.0
2023-10-27 00:00:00-04:00,118.69999694824219,121.4000015258789,115.5999984741211,116.69999694824219,52390,0.0,0.0
2023-10-30 00:00:00-04:00,119.0999984741211,122.4000015258789,110.0,117.5,65010,0.0,0.0
2023-10-31 00:00:00-04:00,118.19999694824219,125.30000305175781,114.4000015258789,123.9000015258789,42020,0.0,0.0
2023-11-01 00:00:00-04:00,123.80000305175781,126.30000305175781,115.80000305175781,121.19999694824219,41200,0.0,0.0
2023-11-02 00:00:00-04:00,127.9000015258789,132.39999389648438,126.0,132.1999969482422,46330,0.0,0.0
2023-11-03 00:00:00-04:00,134.5,140.8000030517578,134.5,138.6999969482422,58290,0.0,0.0
2023-11-06 00:00:00-05:00,138.89999389648438,140.0,131.5,133.6999969482422,33340,0.0,0.0
2023-11-07 00:00:00-05:00,132.6999969482422,141.5,131.0,141.0,48710,0.0,0.0
2023-11-08 00:00:00-05:00,141.6999969482422,141.6999969482422,135.8000030517578,137.1999969482422,75090,0.0,0.0
2023-11-09 00:00:00-05:00,85.19999694824219,86.5,61.0,62.5,672890,0.0,0.0
2023-11-10 00:00:00-05:00,61.29999923706055,65.0,57.099998474121094,61.099998474121094,218140,0.0,0.0
2023-11-13 00:00:00-05:00,60.79999923706055,74.0,60.20000076293945,73.9000015258789,210010,0.0,0.0
2023-11-14 00:00:00-05:00,72.9000015258789,86.9000015258789,72.0,86.19999694824219,175750,0.0,0.0
2023-11-15 00:00:00-05:00,86.69999694824219,93.5999984741211,78.4000015258789,79.0,158030,0.0,0.0
2023-11-16 00:00:00-05:00,79.69999694824219,79.69999694824219,69.0,71.30000305175781,122260,0.0,0.0
2023-11-17 00:00:00-05:00,72.4000015258789,77.5999984741211,69.5999984741211,77.5,88210,0.0,0.0
2023-11-20 00:00:00-05:00,77.69999694824219,83.5999984741211,75.69999694824219,78.9000015258789,87480,0.0,0.0
2023-11-21 00:00:00-05:00,77.5,79.80000305175781,74.0,76.30000305175781,51960,0.0,0.0
2023-11-22 00:00:00-05:00,77.69999694824219,81.9000015258789,76.98999786376953,78.4000015258789,53360,0.0,0.0
2023-11-24 00:00:00-05:00,78.0,79.80000305175781,77.0,78.30000305175781,18600,0.0,0.0
2023-11-27 00:00:00-05:00,77.0,78.0999984741211,74.4000015258789,74.5,38440,0.0,0.0
2023-11-28 00:00:00-05:00,74.80000305175781,77.19999694824219,72.4000015258789,75.5999984741211,28940,0.0,0.0
2023-11-29 00:00:00-05:00,79.5999984741211,85.37999725341797,78.5,78.9000015258789,70960,0.0,0.0
2023-11-30 00:00:00-05:00,80.69999694824219,81.0999984741211,76.5,79.5999984741211,50270,0.0,0.0
2023-12-01 00:00:00-05:00,78.80000305175781,85.5,77.88999938964844,85.0,46630,0.0,0.0
2023-12-04 00:00:00-05:00,85.0,88.9000015258789,83.7300033569336,88.5999984741211,48850,0.0,0.0
2023-12-05 00:00:00-05:00,88.0999984741211,88.0999984741211,80.0999984741211,81.80000305175781,47860,0.0,0.0
2023-12-06 00:00:00-05:00,82.5,88.0999984741211,81.19999694824219,81.69999694824219,47440,0.0,0.0
2023-12-07 00:00:00-05:00,81.5999984741211,83.30000305175781,79.5,81.0,30180,0.0,0.0
2023-12-08 00:00:00-05:00,80.4000015258789,85.4000015258789,79.0999984741211,84.4000015258789,37060,0.0,0.0
2023-12-11 00:00:00-05:00,83.5999984741211,85.80000305175781,81.44999694824219,81.9000015258789,35880,0.0,0.0
2023-12-12 00:00:00-05:00,81.69999694824219,81.69999694824219,77.80000305175781,81.0,39970,0.0,0.0
2023-12-13 00:00:00-05:00,82.0999984741211,84.80000305175781,75.4000015258789,84.69999694824219,70490,0.0,0.0
2023-12-14 00:00:00-05:00,87.69999694824219,96.30000305175781,87.5,89.19999694824219,82100,0.0,0.0
2023-12-15 00:00:00-05:00,90.4000015258789,90.4000015258789,85.4000015258789,86.19999694824219,90510,0.0,0.0
2023-12-18 00:00:00-05:00,86.80000305175781,87.0999984741211,82.19999694824219,84.9000015258789,49690,0.0,0.0
2023-12-19 00:00:00-05:00,87.4000015258789,91.5999984741211,86.0,91.0999984741211,63870,0.0,0.0
2023-12-20 00:00:00-05:00,89.80000305175781,92.19999694824219,84.9000015258789,85.30000305175781,121970,0.0,0.0
2023-12-21 00:00:00-05:00,88.19999694824219,91.19999694824219,86.69999694824219,90.5999984741211,42920,0.0,0.0
2023-12-22 00:00:00-05:00,87.30000305175781,91.9000015258789,86.30000305175781,87.4000015258789,51550,0.0,0.0
2023-12-26 00:00:00-05:00,88.19999694824219,93.80000305175781,86.5,93.19999694824219,55760,0.0,0.0
2023-12-27 00:00:00-05:00,93.5999984741211,96.23999786376953,93.0,95.69999694824219,35120,0.0,0.0
2023-12-28 00:00:00-05:00,94.80000305175781,96.80000305175781,91.5,93.30000305175781,36450,0.0,0.0
2023-12-29 00:00:00-05:00,93.19999694824219,94.0,90.5,92.0999984741211,138010,0.0,0.0
2024-01-02 00:00:00-05:00,90.69999694824219,90.69999694824219,86.30000305175781,89.0,48240,0.0,0.0
2024-01-03 00:00:00-05:00,83.80000305175781,84.0,74.5999984741211,78.0,90920,0.0,0.0
2024-01-04 00:00:00-05:00,76.80000305175781,78.05000305175781,73.5,73.8499984741211,56010,0.0,0.0
2024-01-05 00:00:00-05:00,72.5,72.5,68.19999694824219,70.30000305175781,91740,0.0,0.0
2024-01-08 00:00:00-05:00,70.80000305175781,73.69999694824219,70.5999984741211,72.5999984741211,32730,0.0,0.0
2024-01-09 00:00:00-05:00,72.4000015258789,72.4000015258789,70.0999984741211,70.30000305175781,35500,0.0,0.0
2024-01-10 00:00:00-05:00,70.5,73.69999694824219,69.9000015258789,71.80000305175781,39620,0.0,0.0
2024-01-11 00:00:00-05:00,71.19999694824219,72.0999984741211,69.80000305175781,71.4000015258789,27120,0.0,0.0
2024-01-12 00:00:00-05:00,72.69999694824219,73.30000305175781,68.5999984741211,69.0999984741211,42380,0.0,0.0
2024-01-16 00:00:00-05:00,67.69999694824219,68.3499984741211,64.0,65.69999694824219,50980,0.0,0.0
2024-01-17 00:00:00-05:00,62.79999923706055,64.77999877929688,61.099998474121094,64.4000015258789,41160,0.0,0.0
2024-01-18 00:00:00-05:00,65.5999984741211,65.5999984741211,59.0,61.400001525878906,65460,0.0,0.0
2024-01-19 00:00:00-05:00,62.099998474121094,62.20000076293945,59.29999923706055,61.70000076293945,61050,0.0,0.0
2024-01-22 00:00:00-05:00,64.0999984741211,67.69999694824219,63.04999923706055,66.0,67000,0.0,0.0
2024-01-23 00:00:00-05:00,67.69999694824219,68.5,62.70000076293945,63.0,44710,0.0,0.0
2024-01-24 00:00:00-05:00,65.5999984741211,65.94999694824219,59.5,60.599998474121094,54230,0.0,0.0
2024-01-25 00:00:00-05:00,59.900001525878906,61.29999923706055,58.599998474121094,59.900001525878906,48320,0.0,0.0
2024-01-26 00:00:00-05:00,59.900001525878906,61.0,57.599998474121094,57.70000076293945,36590,0.0,0.0
2024-01-29 00:00:00-05:00,70.80000305175781,78.69999694824219,67.0,71.9000015258789,626140,0.0,0.0
2024-01-30 00:00:00-05:00,71.5,87.19999694824219,70.70999908447266,80.4000015258789,246900,0.0,0.0
2024-01-31 00:00:00-05:00,80.4000015258789,89.30000305175781,75.9000015258789,76.4000015258789,160500,0.0,0.0
2024-02-01 00:00:00-05:00,78.5,84.1500015258789,74.5,76.4000015258789,91210,0.0,0.0
2024-02-02 00:00:00-05:00,74.80000305175781,75.9000015258789,72.0,75.0999984741211,68810,0.0,0.0
2024-02-05 00:00:00-05:00,73.0999984741211,73.5999984741211,67.19999694824219,69.30000305175781,63030,0.0,0.0
2024-02-06 00:00:00-05:00,69.5,71.30000305175781,63.0,66.0,117350,0.0,0.0
2024-02-07 00:00:00-05:00,66.5,66.5,60.5,61.599998474121094,84790,0.0,0.0
2024-02-08 00:00:00-05:00,61.70000076293945,65.0,61.400001525878906,63.099998474121094,72670,0.0,0.0
2024-02-09 00:00:00-05:00,63.5,64.4000015258789,60.0,63.20000076293945,64640,0.0,0.0
2024-02-12 00:00:00-05:00,63.5,67.98999786376953,63.20000076293945,67.0,54270,0.0,0.0
2024-02-13 00:00:00-05:00,60.70000076293945,64.9000015258789,60.0,62.5,61650,0.0,0.0
2024-02-14 00:00:00-05:00,64.5,65.9000015258789,61.0,65.30000305175781,45310,0.0,0.0
2024-02-15 00:00:00-05:00,66.5,69.8499984741211,66.4000015258789,67.69999694824219,47540,0.0,0.0
2024-02-16 00:00:00-05:00,66.30000305175781,67.5,64.3499984741211,66.0,46680,0.0,0.0
2024-02-20 00:00:00-05:00,64.30000305175781,64.80000305175781,62.79999923706055,64.0999984741211,33410,0.0,0.0
2024-02-21 00:00:00-05:00,63.599998474121094,71.80000305175781,62.099998474121094,68.69999694824219,157350,0.0,0.0
2024-02-22 00:00:00-05:00,69.5999984741211,70.9000015258789,67.30000305175781,70.5999984741211,70090,0.0,0.0
2024-02-23 00:00:00-05:00,70.30000305175781,71.30000305175781,67.5999984741211,69.5,64770,0.0,0.0
2024-02-26 00:00:00-05:00,69.5999984741211,72.77999877929688,69.0999984741211,71.0,84400,0.0,0.0
2024-02-27 00:00:00-05:00,72.80000305175781,82.80000305175781,72.19999694824219,81.80000305175781,88110,0.0,0.0
2024-02-28 00:00:00-05:00,80.5999984741211,82.30000305175781,78.0,79.5,90820,0.0,0.0
2024-02-29 00:00:00-05:00,82.0999984741211,85.6500015258789,81.0,82.9000015258789,67130,0.0,0.0
2024-03-01 00:00:00-05:00,82.80000305175781,85.5,80.0999984741211,83.9000015258789,47490,0.0,0.0
2024-03-04 00:00:00-05:00,83.9000015258789,84.80000305175781,76.5,76.69999694824219,49850,0.0,0.0
2024-03-05 00:00:00-05:00,75.4000015258789,75.5,70.6500015258789,71.0,41360,0.0,0.0
2024-03-06 00:00:00-05:00,72.30000305175781,73.0,68.5999984741211,69.4000015258789,44310,0.0,0.0
2024-03-07 00:00:00-05:00,70.19999694824219,74.30000305175781,69.4800033569336,74.19999694824219,41320,0.0,0.0
2024-03-08 00:00:00-05:00,76.0999984741211,83.48999786376953,76.0999984741211,79.30000305175781,72100,0.0,0.0
2024-03-11 00:00:00-04:00,80.0,86.0,79.5,84.9000015258789,90190,0.0,0.0
2024-03-12 00:00:00-04:00,85.9000015258789,86.69999694824219,81.80000305175781,86.5,42390,0.0,0.0
2024-03-13 00:00:00-04:00,85.4000015258789,88.80000305175781,84.9000015258789,86.0,54480,0.0,0.0
2024-03-14 00:00:00-04:00,84.5,85.98999786376953,79.4000015258789,81.8499984741211,116610,0.0,0.0
2024-03-15 00:00:00-04:00,125.0,147.5,118.0,145.0,1892300,0.0,0.0
2024-03-18 00:00:00-04:00,145.0,146.35000610351562,127.0999984741211,130.60000610351562,451010,0.0,0.0
2024-03-19 00:00:00-04:00,133.39999389648438,146.5,129.0,141.0,307370,0.0,0.0
2024-03-20 00:00:00-04:00,143.60000610351562,155.6999969482422,140.3000030517578,152.10000610351562,240700,0.0,0.0
2024-03-21 00:00:00-04:00,154.0,162.4499969482422,150.5,152.39999389648438,216800,0.0,0.0
2024-03-22 00:00:00-04:00,158.6999969482422,168.89999389648438,157.6999969482422,159.0,170950,0.0,0.0
2024-03-25 00:00:00-04:00,160.0,205.1999969482422,160.0,202.5,306890,0.0,0.0
2024-03-26 00:00:00-04:00,157.39999389648438,163.10000610351562,120.19999694824219,136.0,1628290,0.0,0.0
2024-03-27 00:00:00-04:00,135.5,149.0,132.39999389648438,146.39999389648438,637490,0.0,0.0
2024-03-28 00:00:00-04:00,146.60000610351562,157.89999389648438,138.0,144.89999389648438,343610,0.0,0.0
2024-04-01 00:00:00-04:00,146.6999969482422,149.10000610351562,142.0,144.60000610351562,91100,0.0,0.0
2024-04-02 00:00:00-04:00,140.0,144.10000610351562,134.0,136.5,161460,0.0,0.0
2024-04-03 00:00:00-04:00,134.0,136.75,129.39999389648438,133.10000610351562,170890,0.0,0.0
2024-04-04 00:00:00-04:00,135.5,140.6999969482422,128.89999389648438,130.6999969482422,163930,0.0,0.0
2024-04-05 00:00:00-04:00,134.6999969482422,138.5,130.0,136.6999969482422,80500,0.0,0.0
2024-04-08 00:00:00-04:00,137.8000030517578,143.69000244140625,136.6999969482422,140.10000610351562,76720,0.0,0.0
2024-04-09 00:00:00-04:00,141.6999969482422,152.3000030517578,140.14999389648438,143.1999969482422,155490,0.0,0.0
2024-04-10 00:00:00-04:00,139.6999969482422,142.8000030517578,131.5,133.1999969482422,162960,0.0,0.0
2024-04-11 00:00:00-04:00,134.1999969482422,145.60000610351562,131.0,143.8000030517578,99590,0.0,0.0
2024-04-12 00:00:00-04:00,141.8000030517578,142.3000030517578,135.5,135.6999969482422,65050,0.0,0.0
2024-04-15 00:00:00-04:00,136.10000610351562,137.6999969482422,130.27000427246094,131.39999389648438,107080,0.0,0.0
2024-04-16 00:00:00-04:00,128.6999969482422,133.10000610351562,123.30000305175781,124.0999984741211,94300,0.0,0.0
2024-04-17 00:00:00-04:00,125.9000015258789,125.9000015258789,118.41999816894531,121.80000305175781,86590,0.0,0.0
2024-04-18 00:00:00-04:00,120.5,123.5,118.4000015258789,119.4000015258789,64980,0.0,0.0
2024-04-19 00:00:00-04:00,118.0999984741211,122.19999694824219,116.9000015258789,122.19999694824219,82590,0.0,0.0
2024-04-22 00:00:00-04:00,125.4000015258789,127.4000015258789,117.0999984741211,125.80000305175781,78280,0.0,0.0
2024-04-23 00:00:00-04:00,125.0,131.39999389648438,123.5,123.69999694824219,54850,0.0,0.0
2024-04-24 00:00:00-04:00,122.5999984741211,125.58000183105469,115.05000305175781,115.19999694824219,81310,0.0,0.0
2024-04-25 00:00:00-04:00,111.5,117.5,111.30000305175781,115.8499984741211,65400,0.0,0.0
2024-04-26 00:00:00-04:00,115.30000305175781,123.19999694824219,113.02999877929688,123.0999984741211,72150,0.0,0.0
2024-04-29 00:00:00-04:00,124.30000305175781,129.6999969482422,123.5999984741211,129.5,72700,0.0,0.0
2024-04-30 00:00:00-04:00,126.0,127.69999694824219,121.04000091552734,122.5,70380,0.0,0.0
2024-05-01 00:00:00-04:00,123.5,136.0,123.5,129.89999389648438,74340,0.0,0.0
2024-05-02 00:00:00-04:00,133.0,143.89999389648438,131.3000030517578,139.6999969482422,98270,0.0,0.0
2024-05-03 00:00:00-04:00,144.6999969482422,152.10000610351562,141.0,148.8000030517578,106540,0.0,0.0
2024-05-06 00:00:00-04:00,150.0,154.5,149.61000061035156,152.0,82880,0.0,0.0
2024-05-07 00:00:00-04:00,153.8000030517578,158.88999938964844,150.6999969482422,154.10000610351562,89730,0.0,0.0
2024-05-08 00:00:00-04:00,147.89999389648438,154.5,144.8000030517578,146.0,200580,0.0,0.0
2024-05-09 00:00:00-04:00,98.69999694824219,101.30000305175781,77.19999694824219,92.69999694824219,916230,0.0,0.0
2024-05-10 00:00:00-04:00,94.5,95.69999694824219,85.75,88.0999984741211,255370,0.0,0.0
2024-05-13 00:00:00-04:00,89.30000305175781,95.0,89.08999633789062,91.19999694824219,167100,0.0,0.0
2024-05-14 00:00:00-04:00,97.4000015258789,100.0999984741211,93.9000015258789,94.9000015258789,136410,0.0,0.0
2024-05-15 00:00:00-04:00,98.19999694824219,98.19999694824219,91.5999984741211,93.80000305175781,124130,0.0,0.0
2024-05-16 00:00:00-04:00,93.80000305175781,97.4000015258789,92.5999984741211,92.69999694824219,62600,0.0,0.0
2024-05-17 00:00:00-04:00,92.5,92.5,87.5999984741211,87.9000015258789,83100,0.0,0.0
2024-05-20 00:00:00-04:00,87.0,90.9000015258789,87.0,90.0999984741211,88390,0.0,0.0
2024-05-21 00:00:00-04:00,89.0999984741211,92.5,87.80999755859375,88.69999694824219,80080,0.0,0.0
2024-05-22 00:00:00-04:00,88.4000015258789,90.80000305175781,87.5,87.80000305175781,56920,0.0,0.0
2024-05-23 00:00:00-04:00,89.0,89.5,86.69999694824219,87.69999694824219,71640,0.0,0.0
2024-05-24 00:00:00-04:00,89.5,94.30000305175781,88.05000305175781,94.0,52400,0.0,0.0
2024-05-28 00:00:00-04:00,94.0999984741211,98.5,94.0999984741211,98.0,72800,0.0,0.0
2024-05-29 00:00:00-04:00,94.30000305175781,97.0999984741211,93.5999984741211,94.9000015258789,69930,0.0,0.0
2024-05-30 00:00:00-04:00,95.5,96.5,89.19999694824219,90.5999984741211,101810,0.0,0.0
2024-05-31 00:00:00-04:00,91.5,92.5999984741211,86.80000305175781,87.5999984741211,105860,0.0,0.0
2024-06-03 00:00:00-04:00,88.5,89.0,83.0999984741211,85.4000015258789,127200,0.0,0.0
2024-06-04 00:00:00-04:00,85.5,88.55000305175781,84.44999694824219,87.9000015258789,85750,0.0,0.0
2024-06-05 00:00:00-04:00,87.4000015258789,97.69999694824219,86.19999694824219,97.4000015258789,76990,0.0,0.0
2024-06-06 00:00:00-04:00,96.5,97.69999694824219,92.0,92.4000015258789,41330,0.0,0.0
2024-06-07 00:00:00-04:00,90.30000305175781,91.30000305175781,86.5,87.19999694824219,55940,0.0,0.0
2024-06-10 00:00:00-04:00,86.30000305175781,88.80000305175781,85.5999984741211,87.80000305175781,91490,0.0,0.0
2024-06-11 00:00:00-04:00,86.9000015258789,92.5,85.5,92.19999694824219,47210,0.0,0.0
2024-06-12 00:00:00-04:00,96.0999984741211,97.80000305175781,91.5,92.0,95870,0.0,0.0
2024-06-13 00:00:00-04:00,91.5,92.69999694824219,87.5999984741211,89.19999694824219,37800,0.0,0.0
2024-06-14 00:00:00-04:00,87.30000305175781,89.5999984741211,83.19999694824219,84.1500015258789,72470,0.0,0.0
2024-06-17 00:00:00-04:00,83.4000015258789,83.80000305175781,81.0,82.4000015258789,70110,0.0,0.0
2024-06-18 00:00:00-04:00,85.80000305175781,86.69999694824219,81.30000305175781,82.05000305175781,54310,0.0,0.0
2024-06-20 00:00:00-04:00,80.0,81.9000015258789,77.80000305175781,81.0999984741211,74950,0.0,0.0
2024-06-21 00:00:00-04:00,80.9000015258789,81.9000015258789,79.0999984741211,80.4000015258789,127640,0.0,0.0
2024-06-24 00:00:00-04:00,80.19999694824219,82.30000305175781,78.5999984741211,80.30000305175781,71040,0.0,0.0
2024-06-25 00:00:00-04:00,79.9000015258789,84.80000305175781,78.0999984741211,81.5999984741211,73130,0.0,0.0
2024-06-26 00:00:00-04:00,80.30000305175781,81.41000366210938,78.5999984741211,80.80000305175781,71130,0.0,0.0
2024-06-27 00:00:00-04:00,81.30000305175781,82.69999694824219,79.0999984741211,81.9000015258789,46200,0.0,0.0
2024-06-28 00:00:00-04:00,82.5,84.19999694824219,79.5,82.0999984741211,280430,0.0,0.0
2024-07-01 00:00:00-04:00,81.9000015258789,83.5999984741211,77.4000015258789,80.80000305175781,79600,0.0,0.0
2024-07-02 00:00:00-04:00,80.9000015258789,81.5999984741211,78.0999984741211,78.30000305175781,75030,0.0,0.0
2024-07-03 00:00:00-04:00,78.0,83.4000015258789,77.30000305175781,83.0999984741211,61590,0.0,0.0
2024-07-05 00:00:00-04:00,82.69999694824219,84.25,81.69999694824219,83.0999984741211,35940,0.0,0.0
2024-07-08 00:00:00-04:00,83.9000015258789,85.44999694824219,82.0999984741211,82.0999984741211,30720,0.0,0.0
2024-07-09 00:00:00-04:00,82.0999984741211,82.5,79.80000305175781,80.5999984741211,25940,0.0,0.0
2024-07-10 00:00:00-04:00,81.5999984741211,81.98999786376953,79.56999969482422,80.80000305175781,27590,0.0,0.0
2024-07-11 00:00:00-04:00,83.5,85.30000305175781,81.19999694824219,81.5,50730,0.0,0.0
2024-07-12 00:00:00-04:00,82.69999694824219,83.9000015258789,79.30000305175781,79.80000305175781,40430,0.0,0.0
2024-07-15 00:00:00-04:00,80.30000305175781,84.6500015258789,79.0999984741211,84.30000305175781,57110,0.0,0.0
2024-07-16 00:00:00-04:00,86.0,91.5,84.5,89.30000305175781,59730,0.0,0.0
2024-07-17 00:00:00-04:00,86.4000015258789,89.30000305175781,83.5999984741211,89.0,59650,0.0,0.0
2024-07-18 00:00:00-04:00,88.80000305175781,92.19999694824219,84.19999694824219,84.19999694824219,70460,0.0,0.0
2024-07-19 00:00:00-04:00,85.9000015258789,86.69999694824219,82.69999694824219,84.5,30910,0.0,0.0
2024-07-22 00:00:00-04:00,85.0,89.4000015258789,82.5,88.69999694824219,59340,0.0,0.0
2024-07-23 00:00:00-04:00,88.4000015258789,94.80000305175781,87.0,91.5,74100,0.0,0.0
2024-07-24 00:00:00-04:00,89.5999984741211,91.0,83.30000305175781,83.80000305175781,50820,0.0,0.0
2024-07-25 00:00:00-04:00,82.69999694824219,87.31999969482422,82.5,83.69999694824219,54080,0.0,0.0
2024-07-26 00:00:00-04:00,87.19999694824219,89.0,84.55000305175781,88.30000305175781,35880,0.0,0.0
2024-07-29 00:00:00-04:00,85.5999984741211,89.4000015258789,83.30000305175781,83.30000305175781,47040,0.0,0.0
2024-07-30 00:00:00-04:00,83.5999984741211,84.69999694824219,81.0999984741211,82.5999984741211,54160,0.0,0.0
2024-07-31 00:00:00-04:00,84.0,86.44000244140625,81.5,82.9000015258789,52060,0.0,0.0
2024-08-01 00:00:00-04:00,82.9000015258789,83.5999984741211,78.0,79.4000015258789,76810,0.0,0.0
2024-08-02 00:00:00-04:00,75.0,75.05999755859375,67.0,71.80000305175781,98210,0.0,0.0
2024-08-05 00:00:00-04:00,64.80000305175781,72.0,63.0,70.94999694824219,77620,0.0,0.0
2024-08-06 00:00:00-04:00,71.4000015258789,77.80000305175781,69.19999694824219,73.19999694824219,130450,0.0,0.0
2024-08-07 00:00:00-04:00,76.4000015258789,77.19999694824219,68.19999694824219,69.0,207990,0.0,0.0
2024-08-08 00:00:00-04:00,31.200000762939453,33.20000076293945,28.899999618530273,29.600000381469727,1450520,0.0,0.0
2024-08-09 00:00:00-04:00,29.799999237060547,40.70000076293945,29.700000762939453,37.79999923706055,892710,0.0,0.0
2024-08-12 00:00:00-04:00,39.400001525878906,39.400001525878906,34.20000076293945,35.20000076293945,214930,0.0,0.0
2024-08-13 00:00:00-04:00,36.900001525878906,39.099998474121094,36.400001525878906,38.29999923706055,217560,0.0,0.0
2024-08-14 00:00:00-04:00,38.29999923706055,38.70000076293945,36.79999923706055,36.900001525878906,96130,0.0,0.0
2024-08-15 00:00:00-04:00,36.0,38.900001525878906,35.349998474121094,37.5,185160,0.0,0.0
2024-08-16 00:00:00-04:00,36.599998474121094,38.29999923706055,35.099998474121094,36.79999923706055,152010,0.0,0.0
2024-08-19 00:00:00-04:00,36.79999923706055,38.099998474121094,36.20000076293945,37.29999923706055,109080,0.0,0.0
2024-08-20 00:00:00-04:00,37.400001525878906,41.29999923706055,36.900001525878906,40.0,175330,0.0,0.0
2024-08-21 00:00:00-04:00,40.599998474121094,41.099998474121094,39.599998474121094,40.400001525878906,86720,0.0,0.0
2024-08-22 00:00:00-04:00,40.599998474121094,41.099998474121094,37.349998474121094,37.900001525878906,97290,0.0,0.0
2024-08-23 00:00:00-04:00,38.5,42.29999923706055,38.5,40.099998474121094,84590,0.0,0.0
2024-08-26 00:00:00-04:00,40.400001525878906,40.599998474121094,38.04999923706055,38.5,77960,0.0,0.0
2024-08-27 00:00:00-04:00,38.20000076293945,40.0,37.849998474121094,39.0,79940,0.0,0.0
2024-08-28 00:00:00-04:00,38.20000076293945,39.400001525878906,37.0,39.099998474121094,104300,0.0,0.0
2024-08-29 00:00:00-04:00,39.5,42.20000076293945,38.400001525878906,40.5,80230,0.0,0.0
2024-08-30 00:00:00-04:00,41.0,41.599998474121094,38.599998474121094,39.099998474121094,72800,0.0,0.0
2024-09-03 00:00:00-04:00,38.900001525878906,39.5,35.79999923706055,36.0,126170,0.0,0.0
2024-09-04 00:00:00-04:00,35.70000076293945,36.31999969482422,33.650001525878906,34.900001525878906,192260,0.0,0.0
2024-09-05 00:00:00-04:00,35.099998474121094,35.900001525878906,33.599998474121094,35.099998474121094,82900,0.0,0.0
2024-09-06 00:00:00-04:00,35.0,35.349998474121094,33.599998474121094,34.29999923706055,69910,0.0,0.0
2024-09-09 00:00:00-04:00,34.5,34.599998474121094,33.0,33.099998474121094,70780,0.0,0.0
2024-09-10 00:00:00-04:00,33.0,33.5,30.799999237060547,32.099998474121094,121010,0.0,0.0
2024-09-11 00:00:00-04:00,32.29999923706055,33.25,31.799999237060547,32.900001525878906,48840,0.0,0.0
2024-09-12 00:00:00-04:00,33.0,36.099998474121094,32.75,36.0,86640,0.0,0.0
2024-09-13 00:00:00-04:00,36.599998474121094,38.18000030517578,36.0,37.29999923706055,71380,0.0,0.0
2024-09-16 00:00:00-04:00,37.29999923706055,38.0,36.5,37.20000076293945,54270,0.0,0.0
2024-09-17 00:00:00-04:00,37.70000076293945,38.400001525878906,36.5,37.0,53380,0.0,0.0
2024-09-18 00:00:00-04:00,37.0,39.5,36.150001525878906,38.0,71670,0.0,0.0
2024-09-19 00:00:00-04:00,39.70000076293945,40.0,38.099998474121094,38.79999923706055,59540,0.0,0.0
2024-09-20 00:00:00-04:00,38.79999923706055,38.79999923706055,36.5,36.70000076293945,63080,0.0,0.0
2024-09-23 00:00:00-04:00,36.70000076293945,36.70000076293945,33.70000076293945,33.900001525878906,77420,0.0,0.0
2024-09-24 00:00:00-04:00,33.599998474121094,34.0,32.650001525878906,33.5,59210,0.0,0.0
2024-09-25 00:00:00-04:00,33.599998474121094,34.0,32.79999923706055,33.20000076293945,49740,0.0,0.0
2024-09-26 00:00:00-04:00,33.79999923706055,34.70000076293945,32.099998474121094,32.900001525878906,71410,0.0,0.0
2024-09-27 00:00:00-04:00,33.400001525878906,34.099998474121094,31.899999618530273,32.599998474121094,60460,0.0,0.0
2024-09-30 00:00:00-04:00,32.400001525878906,34.099998474121094,31.600000381469727,32.0,53300,0.0,0.0
2024-10-01 00:00:00-04:00,32.29999923706055,32.5,30.799999237060547,31.100000381469727,125200,0.0,0.0
2024-10-02 00:00:00-04:00,31.100000381469727,31.450000762939453,30.5,30.700000762939453,51330,0.0,0.0
2024-10-03 00:00:00-04:00,30.399999618530273,31.549999237060547,30.100000381469727,30.600000381469727,59650,0.0,0.0
2024-10-04 00:00:00-04:00,31.200000762939453,33.5,30.899999618530273,32.900001525878906,89610,0.0,0.0
2024-10-07 00:00:00-04:00,33.099998474121094,33.099998474121094,31.139999389648438,31.5,40100,0.0,0.0
2024-10-08 00:00:00-04:00,31.5,32.150001525878906,31.100000381469727,31.600000381469727,56770,0.0,0.0
2024-10-09 00:00:00-04:00,31.799999237060547,33.70000076293945,31.100000381469727,32.599998474121094,46660,0.0,0.0
2024-10-10 00:00:00-04:00,32.099998474121094,32.29999923706055,31.0,32.20000076293945,44980,0.0,0.0
2024-10-11 00:00:00-04:00,32.5,36.099998474121094,32.400001525878906,35.900001525878906,64130,0.0,0.0
2024-10-14 00:00:00-04:00,36.29999923706055,38.650001525878906,36.099998474121094,37.70000076293945,95260,0.0,0.0
2024-10-15 00:00:00-04:00,37.599998474121094,38.20000076293945,37.0,37.75,50580,0.0,0.0
2024-10-16 00:00:00-04:00,37.70000076293945,38.400001525878906,36.5,38.400001525878906,29510,0.0,0.0
2024-10-17 00:00:00-04:00,38.599998474121094,39.70000076293945,37.29999923706055,39.5,75630,0.0,0.0
2024-10-18 00:00:00-04:00,39.79999923706055,40.599998474121094,38.20000076293945,39.75,73610,0.0,0.0
2024-10-21 00:00:00-04:00,39.599998474121094,40.79999923706055,38.099998474121094,40.79999923706055,77520,0.0,0.0
2024-10-22 00:00:00-04:00,40.79999923706055,40.79999923706055,38.79999923706055,39.20000076293945,92680,0.0,0.0
2024-10-23 00:00:00-04:00,38.599998474121094,40.0,36.849998474121094,38.29999923706055,101500,0.0,0.0
2024-10-24 00:00:00-04:00,38.599998474121094,39.79999923706055,37.400001525878906,37.79999923706055,39430,0.0,0.0
2024-10-25 00:00:00-04:00,38.5,39.56999969482422,38.060001373291016,38.79999923706055,27190,0.0,0.0
2024-10-28 00:00:00-04:00,39.099998474121094,41.0,38.70000076293945,40.400001525878906,53350,0.0,0.0
2024-10-29 00:00:00-04:00,40.29999923706055,40.650001525878906,39.29999923706055,39.900001525878906,33650,0.0,0.0
2024-10-30 00:00:00-04:00,40.29999923706055,43.20000076293945,39.97999954223633,41.400001525878906,61840,0.0,0.0
2024-10-31 00:00:00-04:00,41.5,43.29999923706055,40.75,43.099998474121094,48700,0.0,0.0
2024-11-01 00:00:00-04:00,43.5,44.54999923706055,40.849998474121094,41.79999923706055,77740,0.0,0.0
2024-11-04 00:00:00-05:00,42.29999923706055,43.06999969482422,39.79999923706055,41.900001525878906,60580,0.0,0.0
2024-11-05 00:00:00-05:00,42.5,47.349998474121094,41.900001525878906,46.900001525878906,107430,0.0,0.0
2024-11-06 00:00:00-05:00,48.400001525878906,52.45000076293945,47.150001525878906,52.099998474121094,236950,0.0,0.0
2024-11-07 00:00:00-05:00,36.400001525878906,41.599998474121094,35.29999923706055,40.70000076293945,323430,0.0,0.0
2024-11-08 00:00:00-05:00,41.70000076293945,46.900001525878906,40.560001373291016,43.70000076293945,175210,0.0,0.0
2024-11-11 00:00:00-05:00,44.400001525878906,48.099998474121094,43.5,45.5,99860,0.0,0.0
2024-11-12 00:00:00-05:00,44.900001525878906,45.75,41.599998474121094,42.29999923706055,88090,0.0,0.0
2024-11-13 00:00:00-05:00,42.5,43.380001068115234,38.0,38.599998474121094,96060,0.0,0.0
2024-11-14 00:00:00-05:00,38.5,39.0,35.95000076293945,35.95000076293945,73810,0.0,0.0
2024-11-15 00:00:00-05:00,36.20000076293945,36.20000076293945,33.150001525878906,33.79999923706055,103850,0.0,0.0
2024-11-18 00:00:00-05:00,33.79999923706055,35.599998474121094,33.5,34.400001525878906,72980,0.0,0.0
2024-11-19 00:00:00-05:00,34.0,35.900001525878906,33.79999923706055,35.099998474121094,47940,0.0,0.0
2024-11-20 00:00:00-05:00,35.29999923706055,37.900001525878906,34.900001525878906,36.70000076293945,52660,0.0,0.0
2024-11-21 00:00:00-05:00,36.900001525878906,38.54999923706055,35.400001525878906,38.0,53090,0.0,0.0
2024-11-22 00:00:00-05:00,38.400001525878906,40.45000076293945,38.099998474121094,39.29999923706055,53290,0.0,0.0
2024-11-25 00:00:00-05:00,39.70000076293945,41.79999923706055,39.599998474121094,40.20000076293945,55290,0.0,0.0
2024-11-26 00:00:00-05:00,40.0,41.70000076293945,39.099998474121094,39.400001525878906,108670,0.0,0.0
2024-11-27 00:00:00-05:00,39.0,40.400001525878906,38.29999923706055,39.70000076293945,47040,0.0,0.0
2024-11-29 00:00:00-05:00,40.20000076293945,42.20000076293945,40.0,40.70000076293945,37710,0.0,0.0
2024-12-02 00:00:00-05:00,40.79999923706055,42.0,39.95000076293945,40.900001525878906,100690,0.0,0.0
2024-12-03 00:00:00-05:00,40.79999923706055,40.95000076293945,38.75,39.20000076293945,78290,0.0,0.0
2024-12-04 00:00:00-05:00,38.70000076293945,40.79999923706055,37.25,38.20000076293945,87330,0.0,0.0
2024-12-05 00:00:00-05:00,38.400001525878906,39.79999923706055,37.79999923706055,38.29999923706055,46070,0.0,0.0
2024-12-06 00:00:00-05:00,38.29999923706055,39.650001525878906,37.810001373291016,39.5,43850,0.0,0.0
2024-12-09 00:00:00-05:00,39.5,42.400001525878906,38.400001525878906,38.599998474121094,67760,0.0,0.0
2024-12-10 00:00:00-05:00,38.599998474121094,40.599998474121094,37.650001525878906,40.5,58710,0.0,0.0
2024-12-11 00:00:00-05:00,41.29999923706055,41.29999923706055,39.099998474121094,39.29999923706055,51130,0.0,0.0
2024-12-12 00:00:00-05:00,39.29999923706055,39.40999984741211,35.29999923706055,35.79999923706055,99980,0.0,0.0
2024-12-13 00:00:00-05:00,35.70000076293945,37.599998474121094,34.75,37.29999923706055,59590,0.0,0.0
2024-12-16 00:00:00-05:00,37.0,37.95000076293945,35.0,37.70000076293945,78590,0.0,0.0
2024-12-17 00:00:00-05:00,37.5,39.599998474121094,36.75,38.400001525878906,68790,0.0,0.0
2024-12-18 00:00:00-05:00,39.0,39.5,34.70000076293945,35.29999923706055,83370,0.0,0.0
2024-12-19 00:00:00-05:00,35.70000076293945,36.5,33.849998474121094,35.5,91850,0.0,0.0
2024-12-20 00:00:00-05:00,34.70000076293945,37.25,34.400001525878906,37.099998474121094,98200,0.0,0.0
2024-12-23 00:00:00-05:00,36.599998474121094,38.70000076293945,36.099998474121094,38.599998474121094,64420,0.0,0.0
2024-12-24 00:00:00-05:00,38.599998474121094,39.20000076293945,37.70000076293945,38.70000076293945,39250,0.0,0.0
2024-12-26 00:00:00-05:00,38.20000076293945,39.150001525878906,37.79999923706055,38.5,88660,0.0,0.0
2024-12-27 00:00:00-05:00,38.20000076293945,38.20000076293945,35.70000076293945,37.29999923706055,141110,0.0,0.0
2024-12-30 00:00:00-05:00,37.099998474121094,38.70000076293945,36.599998474121094,38.29999923706055,56250,0.0,0.0
2024-12-31 00:00:00-05:00,38.400001525878906,39.349998474121094,36.900001525878906,37.099998474121094,97210,0.0,0.0
2025-01-02 00:00:00-05:00,37.79999923706055,39.150001525878906,36.95000076293945,37.29999923706055,52390,0.0,0.0
2025-01-03 00:00:00-05:00,37.20000076293945,38.29999923706055,35.5,38.099998474121094,107780,0.0,0.0
2025-01-06 00:00:00-05:00,39.099998474121094,39.20000076293945,34.25,34.900001525878906,203430,0.0,0.0
2025-01-07 00:00:00-05:00,35.0,36.900001525878906,34.29999923706055,34.400001525878906,91070,0.0,0.0
2025-01-08 00:00:00-05:00,34.400001525878906,34.400001525878906,32.20000076293945,33.5,77980,0.0,0.0
2025-01-10 00:00:00-05:00,32.900001525878906,32.900001525878906,30.700000762939453,31.299999237060547,95250,0.0,0.0
2025-01-13 00:00:00-05:00,30.600000381469727,30.75,28.049999237060547,29.700000762939453,137040,0.0,0.0
2025-01-14 00:00:00-05:00,29.899999618530273,30.700000762939453,28.100000381469727,28.5,79210,0.0,0.0
2025-01-15 00:00:00-05:00,29.799999237060547,29.799999237060547,28.200000762939453,28.399999618530273,75520,0.0,0.0
2025-01-16 00:00:00-05:00,28.5,30.950000762939453,27.6299991607666,30.600000381469727,92360,0.0,0.0
2025-01-17 00:00:00-05:00,30.799999237060547,31.799999237060547,30.0,31.600000381469727,92250,0.0,0.0
2025-01-21 00:00:00-05:00,32.29999923706055,35.0,31.450000762939453,34.0,156500,0.0,0.0
2025-01-22 00:00:00-05:00,34.099998474121094,35.29999923706055,33.54999923706055,34.70000076293945,167200,0.0,0.0
2025-01-23 00:00:00-05:00,34.400001525878906,38.400001525878906,34.20000076293945,38.29999923706055,118230,0.0,0.0
2025-01-24 00:00:00-05:00,38.5,40.45000076293945,38.0,38.79999923706055,78300,0.0,0.0
2025-01-27 00:00:00-05:00,38.099998474121094,40.290000915527344,37.63999938964844,39.0,63120,0.0,0.0
2025-01-28 00:00:00-05:00,39.0,39.0,34.400001525878906,34.400001525878906,97620,0.0,0.0
2025-01-29 00:00:00-05:00,34.0,34.599998474121094,30.799999237060547,31.600000381469727,97490,0.0,0.0
2025-01-30 00:00:00-05:00,31.600000381469727,32.5,30.299999237060547,30.549999237060547,68760,0.0,0.0
2025-01-31 00:00:00-05:00,30.299999237060547,31.799999237060547,30.0,30.600000381469727,53130,0.0,0.0
2025-02-03 00:00:00-05:00,30.0,30.649999618530273,29.100000381469727,29.200000762939453,76500,0.0,0.0
2025-02-04 00:00:00-05:00,29.0,30.25,28.600000381469727,30.100000381469727,89110,0.0,0.0
2025-02-05 00:00:00-05:00,30.5,31.299999237060547,29.100000381469727,31.200000762939453,55000,0.0,0.0
2025-02-06 00:00:00-05:00,31.700000762939453,34.400001525878906,31.5,32.900001525878906,73850,0.0,0.0
2025-02-07 00:00:00-05:00,32.70000076293945,34.0,30.700000762939453,34.0,99660,0.0,0.0
2025-02-10 00:00:00-05:00,34.599998474121094,35.400001525878906,32.54999923706055,32.70000076293945,60580,0.0,0.0
2025-02-11 00:00:00-05:00,32.099998474121094,35.04999923706055,31.799999237060547,33.70000076293945,74920,0.0,0.0
2025-02-12 00:00:00-05:00,32.900001525878906,35.599998474121094,32.5,34.29999923706055,55600,0.0,0.0
2025-02-13 00:00:00-05:00,34.5,35.900001525878906,33.75,34.79999923706055,57130,0.0,0.0
2025-02-14 00:00:00-05:00,35.0,36.150001525878906,34.650001525878906,35.599998474121094,49390,0.0,0.0
2025-02-18 00:00:00-05:00,35.79999923706055,35.79999923706055,32.79999923706055,33.70000076293945,81070,0.0,0.0
2025-02-19 00:00:00-05:00,33.0,33.29999923706055,31.200000762939453,31.200000762939453,79560,0.0,0.0
2025-02-20 00:00:00-05:00,30.899999618530273,31.200000762939453,29.600000381469727,29.600000381469727,74370,0.0,0.0
2025-02-21 00:00:00-05:00,31.100000381469727,31.100000381469727,26.700000762939453,26.899999618530273,227680,0.0,0.0
2025-02-24 00:00:00-05:00,27.899999618530273,28.799999237060547,26.0,28.0,126850,0.0,0.0
2025-02-25 00:00:00-05:00,28.0,28.200000762939453,26.200000762939453,27.5,76720,0.0,0.0
2025-02-26 00:00:00-05:00,27.5,28.5,26.600000381469727,26.700000762939453,39650,0.0,0.0
2025-02-27 00:00:00-05:00,26.899999618530273,27.780000686645508,24.809999465942383,25.0,83070,0.0,0.0
2025-02-28 00:00:00-05:00,24.799999237060547,26.399999618530273,24.399999618530273,26.299999237060547,153580,0.0,0.0
2025-03-03 00:00:00-05:00,26.600000381469727,27.0,23.010000228881836,24.5,113310,0.0,0.0
2025-03-04 00:00:00-05:00,24.0,25.399999618530273,22.549999237060547,24.350000381469727,97090,0.0,0.0
2025-03-05 00:00:00-05:00,24.100000381469727,24.399999618530273,22.899999618530273,24.299999237060547,75990,0.0,0.0
2025-03-06 00:00:00-05:00,24.0,24.610000610351562,22.299999237060547,22.399999618530273,86810,0.0,0.0
2025-03-07 00:00:00-05:00,22.299999237060547,23.399999618530273,19.899999618530273,20.0,228530,0.0,0.0
2025-03-10 00:00:00-04:00,19.899999618530273,20.639999389648438,17.700000762939453,18.100000381469727,138620,0.0,0.0
2025-03-11 00:00:00-04:00,18.399999618530273,20.200000762939453,17.799999237060547,20.200000762939453,129740,0.0,0.0
2025-03-12 00:00:00-04:00,20.600000381469727,21.200000762939453,19.549999237060547,19.799999237060547,187610,0.0,0.0
2025-03-13 00:00:00-04:00,22.200000762939453,27.0,20.5,20.700000762939453,661790,0.0,0.0
2025-03-14 00:00:00-04:00,21.899999618530273,25.0,21.600000381469727,24.700000762939453,257700,0.0,0.0
2025-03-17 00:00:00-04:00,24.299999237060547,24.5,23.100000381469727,23.799999237060547,90890,0.0,0.0
2025-03-18 00:00:00-04:00,23.5,24.030000686645508,21.5,23.5,134240,0.0,0.0
2025-03-19 00:00:00-04:00,23.799999237060547,24.100000381469727,22.549999237060547,22.799999237060547,35100,0.0,0.0
2025-03-20 00:00:00-04:00,22.200000762939453,23.899999618530273,22.100000381469727,23.299999237060547,42900,0.0,0.0
2025-03-21 00:00:00-04:00,22.899999618530273,25.5,22.799999237060547,24.799999237060547,118460,0.0,0.0
2025-03-24 00:00:00-04:00,25.5,25.75,23.600000381469727,24.200000762939453,106150,0.0,0.0
2025-03-25 00:00:00-04:00,24.200000762939453,24.200000762939453,21.399999618530273,21.549999237060547,76950,0.0,0.0
2025-03-26 00:00:00-04:00,21.399999618530273,22.100000381469727,19.709999084472656,20.299999237060547,80980,0.0,0.0
2025-03-27 00:00:00-04:00,20.299999237060547,21.399999618530273,19.950000762939453,20.100000381469727,56240,0.0,0.0
2025-03-28 00:00:00-04:00,19.899999618530273,20.600000381469727,18.149999618530273,18.5,87660,0.0,0.0
2025-03-31 00:00:00-04:00,18.799999237060547,19.200000762939453,17.799999237060547,18.200000762939453,65340,0.0,0.0
2025-04-01 00:00:00-04:00,17.799999237060547,19.100000381469727,17.799999237060547,18.899999618530273,81890,0.0,0.0
2025-04-02 00:00:00-04:00,18.299999237060547,18.8700008392334,17.799999237060547,18.200000762939453,62050,0.0,0.0
2025-04-03 00:00:00-04:00,17.549999237060547,17.549999237060547,15.800000190734863,15.850000381469727,77080,0.0,0.0
2025-04-04 00:00:00-04:00,14.800000190734863,15.600000381469727,13.899999618530273,14.0,118500,0.0,0.0
2025-04-07 00:00:00-04:00,13.300000190734863,15.800000190734863,12.369999885559082,14.5,128560,0.0,0.0
2025-04-08 00:00:00-04:00,15.300000190734863,15.5,12.199999809265137,12.25,86470,0.0,0.0
2025-04-09 00:00:00-04:00,12.600000381469727,15.649999618530273,12.399999618530273,14.300000190734863,163720,0.0,0.0
2025-04-10 00:00:00-04:00,13.399999618530273,14.399999618530273,12.850000381469727,14.0,61000,0.0,0.0
2025-04-11 00:00:00-04:00,13.800000190734863,14.800000190734863,13.300000190734863,14.800000190734863,77260,0.0,0.0
2025-04-14 00:00:00-04:00,14.800000190734863,15.350000381469727,13.800000190734863,14.100000381469727,56240,0.0,0.0
2025-04-15 00:00:00-04:00,14.100000381469727,15.899999618530273,13.800000190734863,15.5,73400,0.0,0.0
2025-04-16 00:00:00-04:00,15.399999618530273,15.75,14.399999618530273,15.0,46600,0.0,0.0
2025-04-17 00:00:00-04:00,15.0,15.600000381469727,14.600000381469727,15.0,118750,0.0,0.0
2025-04-21 00:00:00-04:00,15.0,15.050000190734863,13.899999618530273,14.699999809265137,34620,0.0,0.0
2025-04-22 00:00:00-04:00,15.0,15.600000381469727,14.699999809265137,15.399999618530273,48080,0.0,0.0
2025-04-23 00:00:00-04:00,16.0,16.989999771118164,15.199999809265137,15.5,48060,0.0,0.0
2025-04-24 00:00:00-04:00,15.399999618530273,16.700000762939453,15.399999618530273,16.100000381469727,58760,0.0,0.0
2025-04-25 00:00:00-04:00,16.0,16.899999618530273,14.899999618530273,15.100000381469727,139740,0.0,0.0
2025-04-28 00:00:00-04:00,15.0,15.100000381469727,13.199999809265137,14.5,131010,0.0,0.0
2025-04-29 00:00:00-04:00,14.199999809265137,15.0,14.149999618530273,14.399999618530273,47260,0.0,0.0
2025-04-30 00:00:00-04:00,14.0,14.399999618530273,12.899999618530273,14.399999618530273,89490,0.0,0.0
2025-05-01 00:00:00-04:00,14.300000190734863,15.199999809265137,14.100000381469727,15.050000190734863,61390,0.0,0.0
2025-05-02 00:00:00-04:00,15.399999618530273,18.600000381469727,15.100000381469727,18.399999618530273,163790,0.0,0.0
2025-05-05 00:00:00-04:00,18.200000762939453,21.899999618530273,17.5,21.399999618530273,271320,0.0,0.0
2025-05-06 00:00:00-04:00,21.299999237060547,22.18000030517578,19.799999237060547,21.5,127290,0.0,0.0
2025-05-07 00:00:00-04:00,21.600000381469727,23.06999969482422,19.899999618530273,21.600000381469727,204780,0.0,0.0
2025-05-08 00:00:00-04:00,20.100000381469727,21.200000762939453,18.399999618530273,19.0,199100,0.0,0.0
2025-05-09 00:00:00-04:00,19.100000381469727,20.049999237060547,18.5,19.350000381469727,67810,0.0,0.0
2025-05-12 00:00:00-04:00,20.600000381469727,22.0,19.600000381469727,21.700000762939453,112090,0.0,0.0
2025-05-13 00:00:00-04:00,22.100000381469727,22.399999618530273,20.600000381469727,21.0,76180,0.0,0.0
2025-05-14 00:00:00-04:00,20.899999618530273,21.450000762939453,20.299999237060547,20.600000381469727,102620,0.0,0.0
2025-05-15 00:00:00-04:00,20.5,20.610000610351562,18.799999237060547,19.899999618530273,91590,0.0,0.0
2025-05-16 00:00:00-04:00,19.899999618530273,21.049999237060547,19.09000015258789,20.600000381469727,94450,0.0,0.0
2025-05-19 00:00:00-04:00,19.899999618530273,20.5,19.579999923706055,19.799999237060547,64890,0.0,0.0
2025-05-20 00:00:00-04:00,19.600000381469727,19.899999618530273,18.700000762939453,19.899999618530273,66150,0.0,0.0
2025-05-21 00:00:00-04:00,19.799999237060547,19.799999237060547,18.100000381469727,18.299999237060547,163530,0.0,0.0
2025-05-22 00:00:00-04:00,18.100000381469727,19.399999618530273,17.920000076293945,18.899999618530273,61320,0.0,0.0
2025-05-23 00:00:00-04:00,18.399999618530273,19.0,18.0,18.399999618530273,36430,0.0,0.0
2025-05-27 00:00:00-04:00,19.100000381469727,19.200000762939453,18.200000762939453,18.700000762939453,46420,0.0,0.0
2025-05-28 00:00:00-04:00,18.5,19.0,18.049999237060547,18.799999237060547,45450,0.0,0.0
2025-05-29 00:00:00-04:00,18.600000381469727,18.950000762939453,18.25,18.600000381469727,28020,0.0,0.0
2025-05-30 00:00:00-04:00,18.5,18.600000381469727,17.799999237060547,18.100000381469727,35530,0.0,0.0
2025-06-02 00:00:00-04:00,18.0,18.450000762939453,17.299999237060547,17.600000381469727,75350,0.0,0.0
2025-06-03 00:00:00-04:00,17.600000381469727,18.0,16.719999313354492,17.0,56320,0.0,0.0
2025-06-04 00:00:00-04:00,17.0,17.700000762939453,16.549999237060547,17.600000381469727,64730,0.0,0.0
2025-06-05 00:00:00-04:00,17.600000381469727,17.799999237060547,16.700000762939453,16.799999237060547,25590,0.0,0.0
2025-06-06 00:00:00-04:00,17.299999237060547,18.100000381469727,17.0,17.899999618530273,23900,0.0,0.0
2025-06-09 00:00:00-04:00,18.0,18.049999237060547,17.5,17.899999618530273,34880,0.0,0.0
2025-06-10 00:00:00-04:00,17.799999237060547,18.200000762939453,17.399999618530273,17.899999618530273,69510,0.0,0.0
2025-06-11 00:00:00-04:00,17.899999618530273,18.350000381469727,17.0,17.100000381469727,46060,0.0,0.0
2025-06-12 00:00:00-04:00,17.200000762939453,17.200000762939453,16.0,16.0,45400,0.0,0.0
2025-06-13 00:00:00-04:00,15.699999809265137,15.989999771118164,15.0,15.100000381469727,73000,0.0,0.0
2025-06-16 00:00:00-04:00,15.600000381469727,21.299999237060547,15.300000190734863,18.799999237060547,368630,0.0,0.0
2025-06-17 00:00:00-04:00,18.899999618530273,20.049999237060547,17.600000381469727,19.5,98220,0.0,0.0
2025-06-18 00:00:00-04:00,19.5,21.799999237060547,17.899999618530273,17.899999618530273,107200,0.0,0.0
2025-06-20 00:00:00-04:00,18.200000762939453,18.5,17.200000762939453,17.399999618530273,51820,0.0,0.0
2025-06-23 00:00:00-04:00,17.299999237060547,17.850000381469727,16.399999618530273,16.600000381469727,43710,0.0,0.0
2025-06-24 00:00:00-04:00,17.0,17.75,16.299999237060547,16.399999618530273,74950,0.0,0.0
2025-06-25 00:00:00-04:00,16.5,16.600000381469727,15.449999809265137,16.5,48670,0.0,0.0
2025-06-26 00:00:00-04:00,16.600000381469727,18.299999237060547,16.450000762939453,17.850000381469727,98810,0.0,0.0
2025-06-27 00:00:00-04:00,18.0,18.200000762939453,15.899999618530273,15.899999618530273,594530,0.0,0.0
2025-06-30 00:00:00-04:00,16.100000381469727,17.0,16.100000381469727,16.450000762939453,65560,0.0,0.0
2025-07-01 00:00:00-04:00,16.399999618530273,17.700000762939453,16.200000762939453,16.700000762939453,134310,0.0,0.0
2025-07-02 00:00:00-04:00,16.700000762939453,18.5,16.5,18.0,92580,0.0,0.0
2025-07-03 00:00:00-04:00,18.100000381469727,19.799999237060547,17.799999237060547,18.600000381469727,72030,0.0,0.0
2025-07-07 00:00:00-04:00,18.299999237060547,18.600000381469727,17.5,18.100000381469727,75040,0.0,0.0
2025-07-08 00:00:00-04:00,17.899999618530273,20.100000381469727,17.899999618530273,17.899999618530273,168410,0.0,0.0
2025-07-09 00:00:00-04:00,18.0,18.850000381469727,17.100000381469727,17.799999237060547,97180,0.0,0.0
2025-07-10 00:00:00-04:00,18.0,19.100000381469727,17.299999237060547,17.899999618530273,107500,0.0,0.0
2025-07-11 00:00:00-04:00,17.600000381469727,18.100000381469727,17.399999618530273,17.799999237060547,89020,0.0,0.0
2025-07-14 00:00:00-04:00,18.0,18.200000762939453,17.399999618530273,17.899999618530273,58930,0.0,0.0
2025-07-15 00:00:00-04:00,18.0,18.200000762939453,17.100000381469727,17.100000381469727,53300,0.0,0.0
2025-07-16 00:00:00-04:00,17.299999237060547,18.100000381469727,17.149999618530273,17.299999237060547,47510,0.0,0.0
2025-07-17 00:00:00-04:00,17.200000762939453,17.850000381469727,16.799999237060547,16.799999237060547,43390,0.0,0.0
2025-07-18 00:00:00-04:00,17.0,17.450000762939453,16.399999618530273,16.799999237060547,182570,0.0,0.0
2025-07-21 00:00:00-04:00,17.0,21.0,17.0,20.299999237060547,237890,0.0,0.0
2025-07-22 00:00:00-04:00,22.049999237060547,30.600000381469727,21.75,28.5,1539600,0.0,0.0
2025-07-23 00:00:00-04:00,30.299999237060547,32.0,27.200000762939453,31.200000762939453,408900,0.0,0.0
2025-07-24 00:00:00-04:00,30.700000762939453,31.100000381469727,26.700000762939453,27.049999237060547,208190,0.0,0.0
2025-07-25 00:00:00-04:00,27.100000381469727,27.200000762939453,24.299999237060547,24.5,142190,0.0,0.0
2025-07-28 00:00:00-04:00,25.600000381469727,25.790000915527344,23.049999237060547,23.5,68180,0.0,0.0
2025-07-29 00:00:00-04:00,23.5,23.75,20.399999618530273,20.799999237060547,113070,0.0,0.0
2025-07-30 00:00:00-04:00,20.700000762939453,22.299999237060547,20.350000381469727,20.5,70850,0.0,0.0
2025-07-31 00:00:00-04:00,20.299999237060547,21.049999237060547,19.75,20.399999618530273,94870,0.0,0.0
2025-08-01 00:00:00-04:00,20.5,20.700000762939453,18.700000762939453,18.799999237060547,90080,0.0,0.0
2025-08-04 00:00:00-04:00,19.0,20.100000381469727,19.0,19.600000381469727,49760,0.0,0.0
2025-08-05 00:00:00-04:00,19.5,19.700000762939453,18.200000762939453,18.399999618530273,107890,0.0,0.0
2025-08-06 00:00:00-04:00,18.600000381469727,19.200000762939453,17.100000381469727,17.600000381469727,164960,0.0,0.0
2025-08-07 00:00:00-04:00,15.0,15.0,12.0,13.0,487350,0.0,0.0
2025-08-08 00:00:00-04:00,12.899999618530273,13.09000015258789,11.699999809265137,11.800000190734863,201980,0.0,0.0
2025-08-11 00:00:00-04:00,12.100000381469727,12.199999809265137,10.699999809265137,11.0,172310,0.0,0.0
2025-08-12 00:00:00-04:00,11.0,12.699999809265137,10.34000015258789,12.5,202840,0.0,0.0
2025-08-13 00:00:00-04:00,12.699999809265137,13.199999809265137,11.850000381469727,13.100000381469727,170470,0.0,0.0
2025-08-14 00:00:00-04:00,12.800000190734863,12.800000190734863,11.800000190734863,12.100000381469727,111630,0.0,0.0
2025-08-15 00:00:00-04:00,12.100000381469727,12.6899995803833,11.899999618530273,12.100000381469727,81880,0.0,0.0
2025-08-18 00:00:00-04:00,12.0,12.020000457763672,10.699999809265137,11.25,162000,0.0,0.0
2025-08-19 00:00:00-04:00,11.100000381469727,11.600000381469727,10.800000190734863,11.0,161360,0.0,0.0
2025-08-20 00:00:00-04:00,10.699999809265137,11.100000381469727,10.199999809265137,10.5,141320,0.0,0.0
2025-08-21 00:00:00-04:00,10.199999809265137,10.5,9.5,10.100000381469727,161520,0.0,0.0
2025-08-22 00:00:00-04:00,10.0,11.199999809265137,10.0,11.100000381469727,80980,0.0,0.0
2025-08-25 00:00:00-04:00,11.0,11.399999618530273,10.800000190734863,10.899999618530273,146350,0.0,0.0
2025-08-26 00:00:00-04:00,10.899999618530273,10.899999618530273,10.300000190734863,10.300000190734863,133750,0.0,0.0
2025-08-27 00:00:00-04:00,10.399999618530273,11.199999809265137,10.300000190734863,10.300000190734863,113140,0.0,0.0
2025-08-28 00:00:00-04:00,10.5,11.100000381469727,10.489999771118164,10.600000381469727,48820,0.0,0.0
2025-08-29 00:00:00-04:00,10.800000190734863,10.800000190734863,10.100000381469727,10.199999809265137,89100,0.0,0.0
2025-09-02 00:00:00-04:00,10.100000381469727,10.600000381469727,9.5,10.100000381469727,102210,0.0,0.0
2025-09-03 00:00:00-04:00,10.100000381469727,10.100000381469727,8.520000457763672,8.899999618530273,341970,0.0,0.0
2025-09-04 00:00:00-04:00,8.699999809265137,9.300000190734863,8.670000076293945,9.210000038146973,65530,0.0,0.0
2025-09-05 00:00:00-04:00,9.199999809265137,9.4399995803833,9.0,9.319999694824219,50800,0.0,0.0
2025-09-08 00:00:00-04:00,9.199999809265137,9.760000228881836,8.899999618530273,9.100000381469727,71720,0.0,0.0
2025-09-09 00:00:00-04:00,9.0,9.800000190734863,9.0,9.800000190734863,54230,0.0,0.0
2025-09-10 00:00:00-04:00,9.90999984741211,10.5,9.199999809265137,9.359999656677246,84290,0.0,0.0
2025-09-11 00:00:00-04:00,9.399999618530273,11.699999809265137,9.300000190734863,11.5,300960,0.0,0.0
2025-09-12 00:00:00-04:00,11.399999618530273,11.420000076293945,10.5,11.199999809265137,76690,0.0,0.0
2025-09-15 00:00:00-04:00,11.399999618530273,13.699999809265137,11.0,12.699999809265137,398620,0.0,0.0
2025-09-16 00:00:00-04:00,13.0,15.699999809265137,12.550000190734863,15.300000190734863,501480,0.0,0.0
2025-09-17 00:00:00-04:00,15.199999809265137,15.199999809265137,13.699999809265137,14.300000190734863,138990,0.0,0.0
2025-09-18 00:00:00-04:00,14.399999618530273,31.600000381469727,14.199999809265137,27.549999237060547,12548150,0.0,0.0
2025-09-19 00:00:00-04:00,31.100000381469727,32.79999923706055,23.899999618530273,24.299999237060547,4308050,0.0,0.0
2025-09-22 00:00:00-04:00,24.049999237060547,24.049999237060547,21.0,21.5,711470,0.0,0.0
2025-09-23 00:00:00-04:00,20.5,24.399999618530273,20.149999618530273,20.899999618530273,592350,0.0,0.0
2025-09-24 00:00:00-04:00,21.100000381469727,28.299999237060547,20.100000381469727,26.399999618530273,3503180,0.0,0.0
2025-09-25 00:00:00-04:00,24.600000381469727,25.899999618530273,23.0,23.799999237060547,570320,0.0,0.0
2025-09-26 00:00:00-04:00,25.0,29.700000762939453,24.700000762939453,28.200000762939453,1081770,0.0,0.0
2025-09-29 00:00:00-04:00,26.899999618530273,27.100000381469727,24.299999237060547,26.399999618530273,497550,0.0,0.0
2025-09-30 00:00:00-04:00,26.5,26.700000762939453,23.5,24.299999237060547,319030,0.0,0.0
2025-10-01 00:00:00-04:00,24.049999237060547,25.200000762939453,23.5,23.600000381469727,200200,0.0,0.0
2025-10-02 00:00:00-04:00,24.0,24.0,22.100000381469727,23.700000762939453,369890,0.0,0.0
2025-10-03 00:00:00-04:00,24.899999618530273,26.100000381469727,23.299999237060547,23.700000762939453,342910,0.0,0.0
2025-10-06 00:00:00-04:00,24.0,26.399999618530273,22.899999618530273,25.799999237060547,381890,0.0,0.0
2025-10-07 00:00:00-04:00,26.200000762939453,26.700000762939453,22.700000762939453,22.75,263270,0.0,0.0
2025-10-08 00:00:00-04:00,23.0,23.399999618530273,22.299999237060547,23.200000762939453,127050,0.0,0.0
2025-10-09 00:00:00-04:00,23.5,23.5,21.200000762939453,21.399999618530273,240510,0.0,0.0
2025-10-10 00:00:00-04:00,21.399999618530273,22.059999465942383,19.100000381469727,19.100000381469727,235420,0.0,0.0
2025-10-13 00:00:00-04:00,19.700000762939453,19.979999542236328,18.799999237060547,19.299999237060547,134870,0.0,0.0
2025-10-14 00:00:00-04:00,18.700000762939453,21.399999618530273,18.200000762939453,21.200000762939453,191870,0.0,0.0
2025-10-15 00:00:00-04:00,21.600000381469727,21.700000762939453,20.100000381469727,21.5,107290,0.0,0.0
2025-10-16 00:00:00-04:00,21.5,22.0,19.700000762939453,20.0,114130,0.0,0.0
2025-10-17 00:00:00-04:00,20.0,20.0,18.799999237060547,18.799999237060547,81250,0.0,0.0
2025-10-20 00:00:00-04:00,19.5,19.899999618530273,19.100000381469727,19.5,78950,0.0,0.0
2025-10-21 00:00:00-04:00,19.600000381469727,19.600000381469727,18.799999237060547,18.899999618530273,85520,0.0,0.0
2025-10-22 00:00:00-04:00,18.5,19.200000762939453,18.0,19.200000762939453,163740,0.0,0.0
2025-10-23 00:00:00-04:00,19.200000762939453,21.299999237060547,18.600000381469727,20.700000762939453,116190,0.0,0.0
2025-10-24 00:00:00-04:00,21.200000762939453,21.700000762939453,20.299999237060547,20.299999237060547,131460,0.0,0.0
2025-10-27 00:00:00-04:00,20.799999237060547,20.899999618530273,20.100000381469727,20.700000762939453,62920,0.0,0.0
2025-10-28 00:00:00-04:00,20.700000762939453,20.700000762939453,19.299999237060547,19.899999618530273,70930,0.0,0.0
2025-10-29 00:00:00-04:00,20.0,20.399999618530273,19.110000610351562,19.399999618530273,92120,0.0,0.0
2025-10-30 00:00:00-04:00,19.0,19.899999618530273,18.700000762939453,19.0,61830,0.0,0.0
2025-10-31 00:00:00-04:00,19.5,19.899999618530273,19.0,19.399999618530273,66580,0.0,0.0
2025-11-03 00:00:00-05:00,19.399999618530273,19.5,18.5,19.0,121390,0.0,0.0
2025-11-04 00:00:00-05:00,18.600000381469727,18.899999618530273,17.0,17.350000381469727,129880,0.0,0.0
2025-11-05 00:00:00-05:00,17.5,18.0,16.5,17.600000381469727,173580,0.0,0.0
2025-11-06 00:00:00-05:00,15.600000381469727,16.0,12.399999618530273,12.600000381469727,260770,0.0,0.0
2025-11-07 00:00:00-05:00,12.199999809265137,14.899999618530273,12.199999809265137,14.100000381469727,130850,0.0,0.0
2025-11-10 00:00:00-05:00,14.300000190734863,14.5,13.670000076293945,14.300000190734863,97640,0.0,0.0
2025-11-11 00:00:00-05:00,14.100000381469727,14.760000228881836,13.800000190734863,14.699999809265137,45190,0.0,0.0
2025-11-12 00:00:00-05:00,14.899999618530273,15.100000381469727,14.300000190734863,15.0,53210,0.0,0.0
2025-11-13 00:00:00-05:00,14.899999618530273,15.399999618530273,14.300000190734863,14.399999618530273,66440,0.0,0.0
2025-11-14 00:00:00-05:00,14.100000381469727,14.300000190734863,12.300000190734863,13.899999618530273,170810,0.0,0.0
2025-11-17 00:00:00-05:00,13.800000190734863,14.100000381469727,12.149999618530273,12.699999809265137,112980,0.0,0.0
2025-11-18 00:00:00-05:00,12.5,12.899999618530273,12.0,12.300000190734863,61890,0.0,0.0
2025-11-19 00:00:00-05:00,12.199999809265137,12.5,11.699999809265137,12.100000381469727,46430,0.0,0.0
2025-11-20 00:00:00-05:00,12.5,12.5,10.800000190734863,10.899999618530273,100440,0.0,0.0
2025-11-21 00:00:00-05:00,11.300000190734863,11.59000015258789,10.550000190734863,11.399999618530273,71330,0.0,0.0
2025-11-24 00:00:00-05:00,11.600000381469727,12.300000190734863,11.399999618530273,12.199999809265137,75170,0.0,0.0
2025-11-25 00:00:00-05:00,12.199999809265137,12.399999618530273,11.5,12.0,74520,0.0,0.0
2025-11-26 00:00:00-05:00,12.0,12.399999618530273,11.399999618530273,12.300000190734863,64670,0.0,0.0
2025-11-28 00:00:00-05:00,12.199999809265137,12.5,12.079999923706055,12.399999618530273,21510,0.0,0.0
2025-12-01 00:00:00-05:00,12.199999809265137,12.600000381469727,11.699999809265137,11.899999618530273,52330,0.0,0.0
2025-12-02 00:00:00-05:00,11.899999618530273,12.199999809265137,10.5,10.800000190734863,143810,0.0,0.0
2025-12-03 00:00:00-05:00,10.800000190734863,12.5,10.300000190734863,12.300000190734863,134170,0.0,0.0
2025-12-04 00:00:00-05:00,12.100000381469727,12.5,11.5,12.100000381469727,70110,0.0,0.0
2025-12-05 00:00:00-05:00,11.699999809265137,12.25,10.899999618530273,11.0,91630,0.0,0.0
2025-12-08 00:00:00-05:00,11.0,11.050000190734863,10.300000190734863,11.0,79850,0.0,0.0
2025-12-09 00:00:00-05:00,11.199999809265137,12.300000190734863,10.899999618530273,11.899999618530273,58480,0.0,0.0
2025-12-10 00:00:00-05:00,11.800000190734863,12.199999809265137,11.5,11.800000190734863,56630,0.0,0.0
2025-12-11 00:00:00-05:00,11.800000190734863,12.0,11.25,11.699999809265137,44380,0.0,0.0
2025-12-12 00:00:00-05:00,11.600000381469727,11.800000190734863,10.75,10.800000190734863,56400,0.0,0.0
2025-12-15 00:00:00-05:00,10.899999618530273,10.899999618530273,10.300000190734863,10.399999618530273,82560,0.0,0.0
2025-12-16 00:00:00-05:00,10.300000190734863,10.899999618530273,10.300000190734863,10.600000381469727,42050,0.0,0.0
2025-12-17 00:00:00-05:00,10.399999618530273,10.850000381469727,9.619999885559082,9.619999885559082,148280,0.0,0.0
2025-12-18 00:00:00-05:00,9.800000190734863,11.0,9.800000190734863,10.100000381469727,113620,0.0,0.0
2025-12-19 00:00:00-05:00,10.5,10.670000076293945,10.100000381469727,10.300000190734863,58000,0.0,0.0
2025-12-22 00:00:00-05:00,10.300000190734863,10.699999809265137,10.100000381469727,10.300000190734863,57500,0.0,0.0
2025-12-23 00:00:00-05:00,10.399999618530273,11.199999809265137,10.25,10.800000190734863,104180,0.0,0.0
2025-12-24 00:00:00-05:00,10.600000381469727,12.350000381469727,10.5,12.199999809265137,133870,0.0,0.0
2025-12-26 00:00:00-05:00,11.899999618530273,11.949999809265137,11.199999809265137,11.850000381469727,77720,0.0,0.0
2025-12-29 00:00:00-05:00,11.5,11.800000190734863,11.149999618530273,11.600000381469727,83690,0.0,0.0
2025-12-30 00:00:00-05:00,11.5,12.850000381469727,11.5,11.5,140610,0.0,0.0
2025-12-31 00:00:00-05:00,11.300000190734863,12.199999809265137,11.100000381469727,11.5,150030,0.0,0.0
2026-01-02 00:00:00-05:00,11.399999618530273,11.399999618530273,10.949999809265137,11.199999809265137,49460,0.0,0.0
2026-01-05 00:00:00-05:00,11.399999618530273,12.5,11.100000381469727,12.399999618530273,125360,0.0,0.0
2026-01-06 00:00:00-05:00,12.300000190734863,13.199999809265137,11.600000381469727,13.100000381469727,107130,0.0,0.0
2026-01-07 00:00:00-05:00,13.0,14.949999809265137,13.0,14.300000190734863,166100,0.0,0.0
2026-01-08 00:00:00-05:00,14.300000190734863,15.399999618530273,14.0,15.199999809265137,89030,0.0,0.0
2026-01-09 00:00:00-05:00,15.300000190734863,15.550000190734863,13.260000228881836,13.5,130860,0.0,0.0
2026-01-12 00:00:00-05:00,13.199999809265137,13.600000381469727,12.399999618530273,12.899999618530273,113810,0.0,0.0
2026-01-13 00:00:00-05:00,12.899999618530273,13.100000381469727,12.100000381469727,12.199999809265137,43170,0.0,0.0
2026-01-14 00:00:00-05:00,12.199999809265137,13.149999618530273,12.050000190734863,12.899999618530273,61250,0.0,0.0
2026-01-15 00:00:00-05:00,12.800000190734863,13.100000381469727,12.350000381469727,12.399999618530273,46210,0.0,0.0
2026-01-16 00:00:00-05:00,12.300000190734863,12.479999542236328,11.899999618530273,12.0,35470,0.0,0.0
2026-01-20 00:00:00-05:00,11.600000381469727,12.0,11.199999809265137,11.5,55570,0.0,0.0
2026-01-21 00:00:00-05:00,11.699999809265137,12.0,11.199999809265137,11.699999809265137,24710,0.0,0.0
2026-01-22 00:00:00-05:00,11.899999618530273,12.600000381469727,11.800000190734863,12.0,36850,0.0,0.0
2026-01-23 00:00:00-05:00,12.0,12.399999618530273,11.899999618530273,12.100000381469727,32690,0.0,0.0
2026-01-26 00:00:00-05:00,12.199999809265137,12.25,10.699999809265137,11.5,96390,0.0,0.0
2026-01-27 00:00:00-05:00,11.300000190734863,11.489999771118164,11.0,11.100000381469727,39370,0.0,0.0
2026-01-28 00:00:00-05:00,11.199999809265137,11.699999809265137,9.869999885559082,10.300000190734863,237090,0.0,0.0
2026-01-29 00:00:00-05:00,10.199999809265137,10.300000190734863,9.899999618530273,10.199999809265137,72450,0.0,0.0
2026-01-30 00:00:00-05:00,10.0,10.199999809265137,9.199999809265137,9.6899995803833,183930,0.0,0.0
2026-02-02 00:00:00-05:00,9.800000190734863,10.100000381469727,9.380000114440918,9.420000076293945,32390,0.0,0.0
2026-02-03 00:00:00-05:00,9.569999694824219,9.569999694824219,8.600000381469727,8.819999694824219,102040,0.0,0.0
2026-02-04 00:00:00-05:00,8.90999984741211,9.4399995803833,7.96999979019165,8.369999885559082,104010,0.0,0.0
2026-02-05 00:00:00-05:00,8.300000190734863,9.130000114440918,8.0,8.649999618530273,54370,0.0,0.0
2026-02-06 00:00:00-05:00,9.0,9.399999618530273,8.729999542236328,9.0600004196167,42240,0.0,0.0
2026-02-09 00:00:00-05:00,9.039999961853027,9.579999923706055,8.800000190734863,9.34000015258789,49820,0.0,0.0
2026-02-10 00:00:00-05:00,9.5,10.300000190734863,9.3100004196167,9.3100004196167,45750,0.0,0.0
2026-02-11 00:00:00-05:00,9.300000190734863,9.640000343322754,8.800000190734863,8.869999885559082,31700,0.0,0.0
2026-02-12 00:00:00-05:00,9.0,10.399999618530273,8.729999542236328,10.100000381469727,183730,0.0,0.0
2026-02-13 00:00:00-05:00,10.0,10.199999809265137,9.079999923706055,9.329999923706055,30390,0.0,0.0
2026-02-17 00:00:00-05:00,9.399999618530273,9.859999656677246,8.300000190734863,9.109999656677246,66080,0.0,0.0
2026-02-18 00:00:00-05:00,9.180000305175781,9.6899995803833,9.0,9.3100004196167,29890,0.0,0.0
2026-02-19 00:00:00-05:00,9.140000343322754,9.25,8.699999809265137,8.859999656677246,40480,0.0,0.0
2026-02-20 00:00:00-05:00,9.029999732971191,10.5,8.729999542236328,9.079999923706055,125640,0.0,0.0
2026-02-23 00:00:00-05:00,9.100000381469727,9.100000381469727,8.359999656677246,8.550000190734863,61900,0.0,0.0
2026-02-24 00:00:00-05:00,8.550000190734863,9.34000015258789,8.529999732971191,8.680000305175781,93530,0.0,0.0
2026-02-25 00:00:00-05:00,8.800000190734863,9.4399995803833,8.699999809265137,8.819999694824219,66330,0.0,0.0
2026-02-26 00:00:00-05:00,9.050000190734863,9.210000038146973,8.5,8.8100004196167,44280,0.0,0.0
2026-02-27 00:00:00-05:00,8.600000381469727,9.100000381469727,8.399999618530273,8.640000343322754,66890,0.0,0.0
2026-03-02 00:00:00-05:00,8.600000381469727,8.680000305175781,8.199999809265137,8.279999732971191,65870,0.0,0.0
2026-03-03 00:00:00-05:00,8.199999809265137,8.460000038146973,7.510000228881836,8.289999961853027,118120,0.0,0.0
2026-03-04 00:00:00-05:00,8.5,9.119999885559082,8.09000015258789,9.0,72380,0.0,0.0
2026-03-05 00:00:00-05:00,8.380000114440918,8.699999809265137,7.940000057220459,8.15999984741211,108410,0.0,0.0
2026-03-06 00:00:00-05:00,7.860000133514404,8.109999656677246,7.699999809265137,7.800000190734863,76420,0.0,0.0
2026-03-09 00:00:00-04:00,7.800000190734863,7.800000190734863,7.039999961853027,7.380000114440918,110230,0.0,0.0
2026-03-10 00:00:00-04:00,7.5,7.5,6.639999866485596,7.039999961853027,92120,0.0,0.0
2026-03-11 00:00:00-04:00,7.199999809265137,7.400000095367432,6.659999847412109,7.03000020980835,74120,0.0,0.0
2026-03-12 00:00:00-04:00,7.039999961853027,7.449999809265137,6.679999828338623,6.690000057220459,78770,0.0,0.0
2026-03-13 00:00:00-04:00,7.050000190734863,7.090000152587891,6.659999847412109,6.75,72290,0.0,0.0
2026-03-16 00:00:00-04:00,6.760000228881836,7.340000152587891,6.760000228881836,6.96999979019165,49940,0.0,0.0
2026-03-17 00:00:00-04:00,7.300000190734863,8.029999732971191,7.199999809265137,7.300000190734863,62670,0.0,0.0
2026-03-18 00:00:00-04:00,7.320000171661377,7.5,7.099999904632568,7.25,173530,0.0,0.0
2026-03-19 00:00:00-04:00,7.159999847412109,7.889999866485596,7.050000190734863,7.590000152587891,73630,0.0,0.0
2026-03-20 00:00:00-04:00,7.800000190734863,8.800000190734863,7.360000133514404,8.25,150700,0.0,0.0
2026-03-23 00:00:00-04:00,9.680000305175781,10.699999809265137,8.75,9.119999885559082,474670,0.0,0.0
2026-03-24 00:00:00-04:00,9.720000267028809,10.100000381469727,9.119999885559082,9.390000343322754,143490,0.0,0.0
2026-03-25 00:00:00-04:00,10.100000381469727,11.800000190734863,9.800000190734863,10.600000381469727,495250,0.0,0.0
2026-03-26 00:00:00-04:00,11.199999809265137,11.300000190734863,9.899999618530273,10.100000381469727,220860,0.0,0.0
2026-03-27 00:00:00-04:00,10.5,10.600000381469727,9.199999809265137,9.319999694824219,170210,0.0,0.0
2026-03-30 00:00:00-04:00,9.770000457763672,9.770000457763672,8.75,8.989999771118164,116180,0.0,0.0
2026-03-31 00:00:00-04:00,9.399999618530273,10.800000190734863,9.350000381469727,10.5,190310,0.0,0.0
2026-04-01 00:00:00-04:00,10.600000381469727,10.600000381469727,9.630000114440918,10.0,151040,0.0,0.0
2026-04-02 00:00:00-04:00,9.899999618530273,11.399999618530273,9.699999809265137,11.300000190734863,214220,0.0,0.0
2026-04-06 00:00:00-04:00,11.600000381469727,12.350000381469727,11.300000190734863,11.800000190734863,255060,0.0,0.0
2026-04-07 00:00:00-04:00,11.899999618530273,12.399999618530273,11.300000190734863,11.5,354220,0.0,0.0
2026-04-08 00:00:00-04:00,11.75,11.75,10.399999618530273,10.5,301310,0.0,0.0
2026-04-09 00:00:00-04:00,10.600000381469727,10.600000381469727,9.609999656677246,9.6899995803833,248990,0.0,0.0
2026-04-10 00:00:00-04:00,9.699999809265137,9.739999771118164,8.779999732971191,8.960000038146973,192500,0.0,0.0
2026-04-13 00:00:00-04:00,9.039999961853027,10.050000190734863,8.800000190734863,9.800000190734863,105750,0.0,0.0
2026-04-14 00:00:00-04:00,10.100000381469727,10.460000038146973,9.510000228881836,9.65999984741211,128750,0.0,0.0
2026-04-15 00:00:00-04:00,9.5,10.199999809265137,9.449999809265137,10.100000381469727,110670,0.0,0.0
2026-04-16 00:00:00-04:00,9.899999618530273,10.100000381469727,9.3100004196167,9.520000457763672,82990,0.0,0.0
2026-04-17 00:00:00-04:00,9.779999732971191,10.399999618530273,9.710000038146973,10.100000381469727,138520,0.0,0.0
2026-04-20 00:00:00-04:00,9.989999771118164,10.479999542236328,9.819999694824219,10.199999809265137,105820,0.0,0.0
2026-04-21 00:00:00-04:00,10.0,10.350000381469727,9.510000228881836,9.720000267028809,84020,0.0,0.0
2026-04-22 00:00:00-04:00,9.800000190734863,9.949999809265137,9.510000228881836,9.899999618530273,56350,0.0,0.0
2026-04-23 00:00:00-04:00,9.949999809265137,10.399999618530273,9.609999656677246,9.699999809265137,146710,0.0,0.0
2026-04-24 00:00:00-04:00,9.75,9.850000381469727,9.180000305175781,9.300000190734863,63630,0.0,0.0
2026-04-27 00:00:00-04:00,9.479999542236328,9.479999542236328,8.930000305175781,9.010000228881836,69100,0.0,0.0
2026-04-28 00:00:00-04:00,9.119999885559082,9.239999771118164,8.84000015258789,9.050000190734863,39360,0.0,0.0
2026-04-29 00:00:00-04:00,9.1899995803833,9.1899995803833,8.720000267028809,9.0,50920,0.0,0.0
2026-04-30 00:00:00-04:00,9.0,9.180000305175781,8.710000038146973,8.970000267028809,54210,0.0,0.0
2026-05-01 00:00:00-04:00,9.010000228881836,9.210000038146973,8.899999618530273,9.149999618530273,50170,0.0,0.0
2026-05-04 00:00:00-04:00,8.800000190734863,9.1899995803833,8.770000457763672,8.800000190734863,52540,0.0,0.0
2026-05-05 00:00:00-04:00,8.75,8.979999542236328,8.390000343322754,8.390000343322754,59900,0.0,0.0
2026-05-06 00:00:00-04:00,8.0,8.199999809265137,7.5,7.949999809265137,110190,0.0,0.0
2026-05-07 00:00:00-04:00,7.809999942779541,8.170000076293945,7.699999809265137,7.820000171661377,77780,0.0,0.0
2026-05-08 00:00:00-04:00,8.84000015258789,8.84000015258789,5.699999809265137,6.400000095367432,392300,0.0,0.0
2026-05-11 00:00:00-04:00,6.0,6.75,5.900000095367432,6.510000228881836,125920,0.0,0.0
2026-05-12 00:00:00-04:00,6.510000228881836,6.900000095367432,6.010000228881836,6.75,136030,0.0,0.0
2026-05-13 00:00:00-04:00,6.599999904632568,7.090000152587891,6.400000095367432,6.650000095367432,75490,0.0,0.0
2026-05-14 00:00:00-04:00,6.699999809265137,6.900000095367432,6.420000076293945,6.46999979019165,47810,0.0,0.0
2026-05-15 00:00:00-04:00,6.699999809265137,6.699999809265137,6.210000038146973,6.320000171661377,64450,0.0,0.0
2026-05-18 00:00:00-04:00,6.400000095367432,6.5,6.039999961853027,6.059999942779541,56920,0.0,0.0
2026-05-19 00:00:00-04:00,6.010000228881836,6.440000057220459,5.820000171661377,5.960000038146973,90770,0.0,0.0
2026-05-20 00:00:00-04:00,6.329999923706055,7.5,6.329999923706055,7.25,176780,0.0,0.0
2026-05-21 00:00:00-04:00,7.340000152587891,7.619999885559082,6.789999961853027,7.289999961853027,49190,0.0,0.0
2026-05-22 00:00:00-04:00,7.480000019073486,7.5,6.900000095367432,6.929999828338623,23450,0.0,0.0
2026-05-26 00:00:00-04:00,7.269999980926514,7.400000095367432,6.949999809265137,7.210000038146973,31200,0.0,0.0
2026-05-27 00:00:00-04:00,7.199999809265137,7.5,7.059999942779541,7.139999866485596,32180,0.0,0.0
2026-05-28 00:00:00-04:00,7.010000228881836,7.5,6.900000095367432,7.130000114440918,58270,0.0,0.0
2026-05-29 00:00:00-04:00,7.010000228881836,7.159999847412109,6.75,6.75,53780,0.0,0.0
2026-06-01 00:00:00-04:00,6.739999771118164,6.929999828338623,6.630000114440918,6.769999980926514,34330,0.0,0.0
2026-06-02 00:00:00-04:00,6.599999904632568,6.829999923706055,6.329999923706055,6.519999980926514,55580,0.0,0.0
2026-06-03 00:00:00-04:00,6.5,6.579999923706055,6.269999980926514,6.5,44470,0.0,0.0
2026-06-04 00:00:00-04:00,6.300000190734863,6.650000095367432,5.949999809265137,6.099999904632568,54870,0.0,0.0
2026-06-05 00:00:00-04:00,6.119999885559082,6.199999809265137,5.5,5.980000019073486,142010,0.0,0.0
2026-06-08 00:00:00-04:00,5.389999866485596,6.400000095367432,4.699999809265137,5.199999809265137,429200,0.0,0.1
2026-06-09 00:00:00-04:00,5.199999809265137,5.199999809265137,4.5,4.760000228881836,200000,0.0,0.0
2026-06-10 00:00:00-04:00,4.630000114440918,4.989999771118164,4.591000080108643,4.829999923706055,108500,0.0,0.0
2026-06-11 00:00:00-04:00,4.769999980926514,5.119999885559082,4.630000114440918,5.119999885559082,82800,0.0,0.0
2026-06-12 00:00:00-04:00,5.119999885559082,5.688000202178955,5.03000020980835,5.409999847412109,122300,0.0,0.0
2026-06-15 00:00:00-04:00,5.449999809265137,5.699999809265137,5.309999942779541,5.360000133514404,71000,0.0,0.0
2026-06-16 00:00:00-04:00,5.340000152587891,5.409999847412109,5.079999923706055,5.239999771118164,43200,0.0,0.0
2026-06-17 00:00:00-04:00,5.269999980926514,5.480000019073486,4.939000129699707,4.989999771118164,41300,0.0,0.0
2026-06-18 00:00:00-04:00,5.0,5.230000019073486,4.901000022888184,5.199999809265137,42700,0.0,0.0
2026-06-22 00:00:00-04:00,5.119999885559082,5.239999771118164,4.75,5.21999979019165,112900,0.0,0.0
2026-06-23 00:00:00-04:00,5.099999904632568,5.440000057220459,5.059999942779541,5.340000152587891,59400,0.0,0.0
2026-06-24 00:00:00-04:00,5.300000190734863,5.460000038146973,5.210000038146973,5.360000133514404,41100,0.0,0.0
2026-06-25 00:00:00-04:00,5.360000133514404,5.360000133514404,4.960000038146973,4.96999979019165,51600,0.0,0.0
2026-06-26 00:00:00-04:00,4.953999996185303,5.090000152587891,4.710000038146973,4.710000038146973,98200,0.0,0.0
2026-06-29 00:00:00-04:00,4.769999980926514,4.980000019073486,4.71999979019165,4.869999885559082,58800,0.0,0.0
2026-06-30 00:00:00-04:00,4.820000171661377,4.909999847412109,4.480000019073486,4.489999771118164,63300,0.0,0.0
2026-07-01 00:00:00-04:00,4.460000038146973,4.829999923706055,4.318999767303467,4.440000057220459,75100,0.0,0.0
2026-07-02 00:00:00-04:00,4.46999979019165,4.570000171661377,4.260000228881836,4.46999979019165,62100,0.0,0.0
2026-07-06 00:00:00-04:00,4.360000133514404,4.547999858856201,4.25,4.369999885559082,58900,0.0,0.0
2026-07-07 00:00:00-04:00,4.309999942779541,4.438000202178955,4.059999942779541,4.260000228881836,81600,0.0,0.0
2026-07-08 00:00:00-04:00,4.210000038146973,4.264999866485596,3.950000047683716,4.010000228881836,127700,0.0,0.0
2026-07-09 00:00:00-04:00,4.010000228881836,4.309999942779541,4.010000228881836,4.159999847412109,55000,0.0,0.0
2026-07-10 00:00:00-04:00,4.159999847412109,4.340000152587891,4.159999847412109,4.320000171661377,50900,0.0,0.0
2026-07-13 00:00:00-04:00,4.340000152587891,4.340000152587891,4.043000221252441,4.170000076293945,38400,0.0,0.0
2026-07-14 00:00:00-04:00,4.170000076293945,4.28000020980835,3.9600000381469727,4.21999979019165,61000,0.0,0.0
2026-07-15 00:00:00-04:00,4.260000228881836,4.519999980926514,4.210000038146973,4.300000190734863,27400,0.0,0.0
2026-07-16 00:00:00-04:00,4.300000190734863,4.3379998207092285,4.065000057220459,4.130000114440918,22600,0.0,0.0
2026-07-17 00:00:00-04:00,4.099999904632568,4.224999904632568,3.930000066757202,4.179999828338623,36400,0.0,0.0
2026-07-20 00:00:00-04:00,4.139999866485596,4.139999866485596,3.8949999809265137,3.9100000858306885,102600,0.0,0.0
2026-07-21 00:00:00-04:00,3.9100000858306885,4.170000076293945,3.7799999713897705,3.9600000381469727,50500,0.0,0.0
2026-07-22 00:00:00-04:00,4.005000114440918,4.150000095367432,3.9000000953674316,4.099999904632568,27200,0.0,0.0
2026-07-23 00:00:00-04:00,4.010000228881836,4.21999979019165,3.8499999046325684,3.8499999046325684,41800,0.0,0.0
2026-07-24 00:00:00-04:00,3.859999895095825,3.949899911880493,3.619999885559082,3.619999885559082,75869,0.0,0.0
