Date,Open,High,Low,Close,Volume,Dividends,Stock Splits
2022-01-03 00:00:00-05:00,37.099998474121094,39.400001525878906,37.099998474121094,39.099998474121094,23080,0.0,0.0
2022-01-04 00:00:00-05:00,39.20000076293945,39.400001525878906,38.0,38.099998474121094,12360,0.0,0.0
2022-01-05 00:00:00-05:00,38.099998474121094,38.29999923706055,37.29999923706055,37.29999923706055,53680,0.0,0.0
2022-01-06 00:00:00-05:00,37.400001525878906,38.20000076293945,36.79999923706055,37.70000076293945,12120,0.0,0.0
2022-01-07 00:00:00-05:00,37.79999923706055,38.400001525878906,37.70000076293945,38.099998474121094,12970,0.0,0.0
2022-01-10 00:00:00-05:00,37.70000076293945,37.900001525878906,37.20000076293945,37.900001525878906,15910,0.0,0.0
2022-01-11 00:00:00-05:00,37.70000076293945,38.70000076293945,37.29999923706055,38.099998474121094,19670,0.0,0.0
2022-01-12 00:00:00-05:00,40.29999923706055,42.400001525878906,39.79999923706055,40.599998474121094,63880,0.0,0.0
2022-01-13 00:00:00-05:00,40.400001525878906,42.0,40.29999923706055,40.5,22850,0.0,0.0
2022-01-14 00:00:00-05:00,40.400001525878906,40.900001525878906,40.099998474121094,40.599998474121094,13640,0.0,0.0
2022-01-18 00:00:00-05:00,40.20000076293945,40.5,38.099998474121094,38.099998474121094,22240,0.0,0.0
2022-01-19 00:00:00-05:00,38.400001525878906,38.400001525878906,37.79999923706055,38.099998474121094,26540,0.0,0.0
2022-01-20 00:00:00-05:00,37.900001525878906,38.79999923706055,37.900001525878906,38.0,16520,0.0,0.0
2022-01-21 00:00:00-05:00,37.70000076293945,38.599998474121094,37.20000076293945,37.79999923706055,40820,0.0,0.0
2022-01-24 00:00:00-05:00,37.20000076293945,38.29999923706055,36.5,37.900001525878906,22940,0.0,0.0
2022-01-25 00:00:00-05:00,37.0,37.79999923706055,36.70000076293945,37.400001525878906,23070,0.0,0.0
2022-01-26 00:00:00-05:00,37.599998474121094,38.900001525878906,37.5,37.70000076293945,27230,0.0,0.0
2022-01-27 00:00:00-05:00,38.099998474121094,38.400001525878906,37.099998474121094,37.099998474121094,24790,0.0,0.0
2022-01-28 00:00:00-05:00,37.29999923706055,37.400001525878906,36.099998474121094,37.400001525878906,23860,0.0,0.0
2022-01-31 00:00:00-05:00,36.900001525878906,39.29999923706055,36.900001525878906,39.29999923706055,14400,0.0,0.0
2022-02-01 00:00:00-05:00,39.599998474121094,40.099998474121094,38.599998474121094,39.599998474121094,11880,0.0,0.0
2022-02-02 00:00:00-05:00,39.70000076293945,39.900001525878906,37.599998474121094,38.20000076293945,8430,0.0,0.0
2022-02-03 00:00:00-05:00,37.79999923706055,38.20000076293945,37.5,38.0,8300,0.0,0.0
2022-02-04 00:00:00-05:00,37.599998474121094,38.20000076293945,37.099998474121094,37.900001525878906,9780,0.0,0.0
2022-02-07 00:00:00-05:00,38.79999923706055,38.79999923706055,37.70000076293945,37.70000076293945,27690,0.0,0.0
2022-02-08 00:00:00-05:00,37.599998474121094,38.5,37.29999923706055,37.599998474121094,19060,0.0,0.0
2022-02-09 00:00:00-05:00,37.79999923706055,38.29999923706055,37.79999923706055,38.099998474121094,19020,0.0,0.0
2022-02-10 00:00:00-05:00,37.29999923706055,38.400001525878906,37.29999923706055,38.0,27360,0.0,0.0
2022-02-11 00:00:00-05:00,37.79999923706055,38.20000076293945,37.0,37.0,16050,0.0,0.0
2022-02-14 00:00:00-05:00,36.900001525878906,37.29999923706055,36.70000076293945,37.099998474121094,19560,0.0,0.0
2022-02-15 00:00:00-05:00,37.400001525878906,37.79999923706055,37.099998474121094,37.79999923706055,11760,0.0,0.0
2022-02-16 00:00:00-05:00,37.5,38.900001525878906,37.5,38.5,9700,0.0,0.0
2022-02-17 00:00:00-05:00,38.0,38.70000076293945,37.79999923706055,38.0,7530,0.0,0.0
2022-02-18 00:00:00-05:00,37.400001525878906,38.599998474121094,37.400001525878906,38.099998474121094,10210,0.0,0.0
2022-02-22 00:00:00-05:00,37.900001525878906,37.900001525878906,36.70000076293945,37.099998474121094,23540,0.0,0.0
2022-02-23 00:00:00-05:00,37.29999923706055,37.29999923706055,34.400001525878906,34.5,20760,0.0,0.0
2022-02-24 00:00:00-05:00,33.900001525878906,34.79999923706055,32.79999923706055,34.599998474121094,30830,0.0,0.0
2022-02-25 00:00:00-05:00,34.900001525878906,34.900001525878906,33.599998474121094,33.79999923706055,19690,0.0,0.0
2022-02-28 00:00:00-05:00,33.5,33.900001525878906,33.0,33.29999923706055,27110,0.0,0.0
2022-03-01 00:00:00-05:00,33.29999923706055,33.599998474121094,32.20000076293945,32.5,20200,0.0,0.0
2022-03-02 00:00:00-05:00,32.5,34.29999923706055,32.5,33.900001525878906,18080,0.0,0.0
2022-03-03 00:00:00-05:00,34.29999923706055,35.20000076293945,34.0,34.599998474121094,20190,0.0,0.0
2022-03-04 00:00:00-05:00,34.20000076293945,34.20000076293945,32.400001525878906,32.599998474121094,31650,0.0,0.0
2022-03-07 00:00:00-05:00,32.70000076293945,32.79999923706055,31.0,31.899999618530273,21670,0.0,0.0
2022-03-08 00:00:00-05:00,31.700000762939453,33.70000076293945,31.600000381469727,33.099998474121094,33570,0.0,0.0
2022-03-09 00:00:00-05:00,33.5,35.5,33.5,35.20000076293945,23850,0.0,0.0
2022-03-10 00:00:00-05:00,35.099998474121094,36.0,33.5,35.400001525878906,29700,0.0,0.0
2022-03-11 00:00:00-05:00,35.29999923706055,37.0,35.29999923706055,35.79999923706055,15220,0.0,0.0
2022-03-14 00:00:00-04:00,36.400001525878906,36.400001525878906,35.0,35.599998474121094,13090,0.0,0.0
2022-03-15 00:00:00-04:00,36.099998474121094,36.20000076293945,35.0,35.79999923706055,11810,0.0,0.0
2022-03-16 00:00:00-04:00,36.099998474121094,36.599998474121094,34.79999923706055,36.5,16280,0.0,0.0
2022-03-17 00:00:00-04:00,36.0,37.20000076293945,36.0,37.0,6350,0.0,0.0
2022-03-18 00:00:00-04:00,37.099998474121094,37.79999923706055,36.900001525878906,37.20000076293945,36490,0.0,0.0
2022-03-21 00:00:00-04:00,37.5,38.099998474121094,37.0,38.0,20080,0.0,0.0
2022-03-22 00:00:00-04:00,38.400001525878906,39.79999923706055,38.20000076293945,39.79999923706055,23760,0.0,0.0
2022-03-23 00:00:00-04:00,39.29999923706055,39.29999923706055,38.0,38.29999923706055,20680,0.0,0.0
2022-03-24 00:00:00-04:00,38.70000076293945,39.20000076293945,38.0,38.20000076293945,64230,0.0,0.0
2022-03-25 00:00:00-04:00,38.5,38.5,37.5,37.900001525878906,18790,0.0,0.0
2022-03-28 00:00:00-04:00,37.5,37.79999923706055,36.599998474121094,37.79999923706055,19270,0.0,0.0
2022-03-29 00:00:00-04:00,38.599998474121094,38.900001525878906,37.599998474121094,37.900001525878906,16360,0.0,0.0
2022-03-30 00:00:00-04:00,37.79999923706055,38.20000076293945,36.900001525878906,37.29999923706055,22210,0.0,0.0
2022-03-31 00:00:00-04:00,37.099998474121094,38.20000076293945,35.900001525878906,36.900001525878906,20600,0.0,0.0
2022-04-01 00:00:00-04:00,37.79999923706055,37.79999923706055,36.400001525878906,37.0,16150,0.0,0.0
2022-04-04 00:00:00-04:00,37.0,37.0,36.400001525878906,36.599998474121094,12730,0.0,0.0
2022-04-05 00:00:00-04:00,36.599998474121094,37.0,36.29999923706055,36.70000076293945,33850,0.0,0.0
2022-04-06 00:00:00-04:00,36.400001525878906,37.20000076293945,35.900001525878906,36.70000076293945,19790,0.0,0.0
2022-04-07 00:00:00-04:00,36.599998474121094,37.099998474121094,36.400001525878906,36.79999923706055,14630,0.0,0.0
2022-04-08 00:00:00-04:00,36.599998474121094,37.400001525878906,36.400001525878906,36.900001525878906,10570,0.0,0.0
2022-04-11 00:00:00-04:00,36.599998474121094,37.099998474121094,36.099998474121094,36.70000076293945,16480,0.0,0.0
2022-04-12 00:00:00-04:00,37.20000076293945,37.599998474121094,35.70000076293945,35.79999923706055,10070,0.0,0.0
2022-04-13 00:00:00-04:00,35.70000076293945,36.400001525878906,35.400001525878906,36.29999923706055,13090,0.0,0.0
2022-04-14 00:00:00-04:00,36.5,36.79999923706055,36.5,36.5,11490,0.0,0.0
2022-04-18 00:00:00-04:00,36.099998474121094,36.79999923706055,36.099998474121094,36.70000076293945,8280,0.0,0.0
2022-04-19 00:00:00-04:00,36.70000076293945,37.5,36.70000076293945,37.29999923706055,61630,0.0,0.0
2022-04-20 00:00:00-04:00,37.5,38.099998474121094,37.0,37.099998474121094,5690,0.0,0.0
2022-04-21 00:00:00-04:00,37.0,37.099998474121094,34.20000076293945,34.599998474121094,14540,0.0,0.0
2022-04-22 00:00:00-04:00,34.20000076293945,34.5,32.29999923706055,33.400001525878906,27370,0.0,0.0
2022-04-25 00:00:00-04:00,32.5,33.0,31.799999237060547,32.5,29210,0.0,0.0
2022-04-26 00:00:00-04:00,32.0,32.599998474121094,31.200000762939453,31.399999618530273,21170,0.0,0.0
2022-04-27 00:00:00-04:00,31.200000762939453,31.700000762939453,30.100000381469727,30.600000381469727,22160,0.0,0.0
2022-04-28 00:00:00-04:00,30.899999618530273,31.399999618530273,30.100000381469727,31.0,15310,0.0,0.0
2022-04-29 00:00:00-04:00,30.600000381469727,31.299999237060547,30.100000381469727,30.299999237060547,14030,0.0,0.0
2022-05-02 00:00:00-04:00,30.100000381469727,30.700000762939453,29.700000762939453,30.399999618530273,17520,0.0,0.0
2022-05-03 00:00:00-04:00,30.5,31.600000381469727,29.899999618530273,31.200000762939453,10710,0.0,0.0
2022-05-04 00:00:00-04:00,31.0,31.399999618530273,29.299999237060547,31.399999618530273,27970,0.0,0.0
2022-05-05 00:00:00-04:00,30.700000762939453,31.700000762939453,29.399999618530273,29.899999618530273,24500,0.0,0.0
2022-05-06 00:00:00-04:00,29.5,30.0,28.0,29.100000381469727,29870,0.0,0.0
2022-05-09 00:00:00-04:00,28.700000762939453,28.700000762939453,26.100000381469727,26.899999618530273,67530,0.0,0.0
2022-05-10 00:00:00-04:00,26.899999618530273,27.200000762939453,22.200000762939453,23.100000381469727,59460,0.0,0.0
2022-05-11 00:00:00-04:00,25.100000381469727,26.600000381469727,24.200000762939453,24.799999237060547,64910,0.0,0.0
2022-05-12 00:00:00-04:00,24.299999237060547,25.299999237060547,23.200000762939453,23.700000762939453,26670,0.0,0.0
2022-05-13 00:00:00-04:00,23.5,24.700000762939453,23.299999237060547,24.100000381469727,42840,0.0,0.0
2022-05-16 00:00:00-04:00,23.799999237060547,24.399999618530273,23.399999618530273,24.0,48540,0.0,0.0
2022-05-17 00:00:00-04:00,24.5,25.100000381469727,23.899999618530273,24.200000762939453,19110,0.0,0.0
2022-05-18 00:00:00-04:00,23.200000762939453,24.700000762939453,23.200000762939453,24.0,48640,0.0,0.0
2022-05-19 00:00:00-04:00,24.399999618530273,24.700000762939453,23.600000381469727,23.899999618530273,49790,0.0,0.0
2022-05-20 00:00:00-04:00,24.100000381469727,24.700000762939453,23.700000762939453,24.0,42710,0.0,0.0
2022-05-23 00:00:00-04:00,24.100000381469727,24.299999237060547,23.5,23.5,29510,0.0,0.0
2022-05-24 00:00:00-04:00,23.299999237060547,24.200000762939453,22.899999618530273,24.0,59590,0.0,0.0
2022-05-25 00:00:00-04:00,23.899999618530273,24.399999618530273,22.899999618530273,24.0,35250,0.0,0.0
2022-05-26 00:00:00-04:00,24.200000762939453,25.100000381469727,24.0,24.899999618530273,17050,0.0,0.0
2022-05-27 00:00:00-04:00,25.100000381469727,25.5,24.399999618530273,25.0,33610,0.0,0.0
2022-05-31 00:00:00-04:00,25.0,25.100000381469727,24.299999237060547,24.299999237060547,21090,0.0,0.0
2022-06-01 00:00:00-04:00,24.600000381469727,24.899999618530273,23.899999618530273,24.0,37330,0.0,0.0
2022-06-02 00:00:00-04:00,24.299999237060547,25.399999618530273,23.899999618530273,25.200000762939453,27150,0.0,0.0
2022-06-03 00:00:00-04:00,24.700000762939453,25.899999618530273,24.200000762939453,25.700000762939453,23750,0.0,0.0
2022-06-06 00:00:00-04:00,25.399999618530273,26.399999618530273,25.0,25.200000762939453,20770,0.0,0.0
2022-06-07 00:00:00-04:00,24.799999237060547,27.899999618530273,24.799999237060547,27.5,49400,0.0,0.0
2022-06-08 00:00:00-04:00,27.299999237060547,27.700000762939453,25.700000762939453,25.799999237060547,26030,0.0,0.0
2022-06-09 00:00:00-04:00,25.399999618530273,25.700000762939453,24.899999618530273,25.399999618530273,36550,0.0,0.0
2022-06-10 00:00:00-04:00,24.700000762939453,24.799999237060547,23.5,23.700000762939453,31220,0.0,0.0
2022-06-13 00:00:00-04:00,22.799999237060547,23.5,21.299999237060547,22.100000381469727,37370,0.0,0.0
2022-06-14 00:00:00-04:00,22.0,22.0,19.799999237060547,19.899999618530273,25940,0.0,0.0
2022-06-15 00:00:00-04:00,20.100000381469727,20.600000381469727,18.899999618530273,20.299999237060547,62510,0.0,0.0
2022-06-16 00:00:00-04:00,19.399999618530273,20.200000762939453,18.200000762939453,19.700000762939453,51870,0.0,0.0
2022-06-17 00:00:00-04:00,19.5,19.5,18.700000762939453,18.700000762939453,33790,0.0,0.0
2022-06-21 00:00:00-04:00,19.100000381469727,19.5,18.200000762939453,19.200000762939453,122470,0.0,0.0
2022-06-22 00:00:00-04:00,19.0,20.299999237060547,18.899999618530273,19.5,60240,0.0,0.0
2022-06-23 00:00:00-04:00,19.700000762939453,20.100000381469727,18.899999618530273,19.700000762939453,38510,0.0,0.0
2022-06-24 00:00:00-04:00,19.600000381469727,21.700000762939453,19.5,20.700000762939453,548320,0.0,0.0
2022-06-27 00:00:00-04:00,21.0,21.399999618530273,20.0,20.100000381469727,40690,0.0,0.0
2022-06-28 00:00:00-04:00,20.299999237060547,20.700000762939453,19.0,19.100000381469727,39470,0.0,0.0
2022-06-29 00:00:00-04:00,18.899999618530273,19.0,17.100000381469727,17.299999237060547,77790,0.0,0.0
2022-06-30 00:00:00-04:00,17.200000762939453,17.799999237060547,16.5,17.299999237060547,27390,0.0,0.0
2022-07-01 00:00:00-04:00,17.299999237060547,17.399999618530273,16.200000762939453,16.5,64410,0.0,0.0
2022-07-05 00:00:00-04:00,16.399999618530273,16.399999618530273,15.399999618530273,16.0,39090,0.0,0.0
2022-07-06 00:00:00-04:00,16.0,16.600000381469727,15.399999618530273,15.399999618530273,22430,0.0,0.0
2022-07-07 00:00:00-04:00,15.600000381469727,16.600000381469727,15.600000381469727,15.800000190734863,23660,0.0,0.0
2022-07-08 00:00:00-04:00,15.899999618530273,17.799999237060547,15.600000381469727,17.399999618530273,73060,0.0,0.0
2022-07-11 00:00:00-04:00,17.299999237060547,17.5,17.0,17.299999237060547,35640,0.0,0.0
2022-07-12 00:00:00-04:00,17.399999618530273,17.600000381469727,16.700000762939453,16.799999237060547,21690,0.0,0.0
2022-07-13 00:00:00-04:00,16.799999237060547,17.200000762939453,16.299999237060547,17.200000762939453,19380,0.0,0.0
2022-07-14 00:00:00-04:00,17.200000762939453,18.0,16.799999237060547,17.5,16840,0.0,0.0
2022-07-15 00:00:00-04:00,17.600000381469727,18.700000762939453,17.399999618530273,18.0,21600,0.0,0.0
2022-07-18 00:00:00-04:00,18.200000762939453,18.5,18.100000381469727,18.299999237060547,31150,0.0,0.0
2022-07-19 00:00:00-04:00,18.399999618530273,19.299999237060547,18.399999618530273,18.899999618530273,9530,0.0,0.0
2022-07-20 00:00:00-04:00,19.0,19.399999618530273,18.399999618530273,18.700000762939453,12280,0.0,0.0
2022-07-21 00:00:00-04:00,18.899999618530273,19.0,18.200000762939453,18.600000381469727,15070,0.0,0.0
2022-07-22 00:00:00-04:00,18.700000762939453,18.700000762939453,17.700000762939453,17.899999618530273,15560,0.0,0.0
2022-07-25 00:00:00-04:00,17.899999618530273,18.100000381469727,17.5,17.700000762939453,8290,0.0,0.0
2022-07-26 00:00:00-04:00,17.700000762939453,17.700000762939453,17.0,17.200000762939453,7670,0.0,0.0
2022-07-27 00:00:00-04:00,17.100000381469727,18.0,17.100000381469727,17.899999618530273,12930,0.0,0.0
2022-07-28 00:00:00-04:00,17.700000762939453,18.799999237060547,17.5,17.600000381469727,7880,0.0,0.0
2022-07-29 00:00:00-04:00,17.600000381469727,18.600000381469727,17.399999618530273,18.0,15370,0.0,0.0
2022-08-01 00:00:00-04:00,17.600000381469727,17.799999237060547,16.700000762939453,16.799999237060547,36140,0.0,0.0
2022-08-02 00:00:00-04:00,16.799999237060547,17.399999618530273,16.5,17.0,12960,0.0,0.0
2022-08-03 00:00:00-04:00,17.399999618530273,18.399999618530273,17.200000762939453,18.0,22880,0.0,0.0
2022-08-04 00:00:00-04:00,19.299999237060547,19.299999237060547,16.299999237060547,17.100000381469727,22860,0.0,0.0
2022-08-05 00:00:00-04:00,16.5,16.799999237060547,15.699999809265137,16.299999237060547,28350,0.0,0.0
2022-08-08 00:00:00-04:00,16.299999237060547,17.0,16.200000762939453,16.399999618530273,10030,0.0,0.0
2022-08-09 00:00:00-04:00,16.600000381469727,16.600000381469727,15.399999618530273,15.899999618530273,14090,0.0,0.0
2022-08-10 00:00:00-04:00,16.0,16.700000762939453,15.899999618530273,16.299999237060547,15750,0.0,0.0
2022-08-11 00:00:00-04:00,16.200000762939453,17.0,16.0,16.200000762939453,13570,0.0,0.0
2022-08-12 00:00:00-04:00,16.200000762939453,16.700000762939453,16.200000762939453,16.399999618530273,7560,0.0,0.0
2022-08-15 00:00:00-04:00,16.5,17.0,16.299999237060547,16.700000762939453,2860,0.0,0.0
2022-08-16 00:00:00-04:00,16.799999237060547,17.0,16.299999237060547,16.700000762939453,10540,0.0,0.0
2022-08-17 00:00:00-04:00,16.299999237060547,16.700000762939453,16.100000381469727,16.600000381469727,5150,0.0,0.0
2022-08-18 00:00:00-04:00,16.399999618530273,16.799999237060547,16.200000762939453,16.5,3910,0.0,0.0
2022-08-19 00:00:00-04:00,16.100000381469727,16.600000381469727,15.600000381469727,15.899999618530273,18020,0.0,0.0
2022-08-22 00:00:00-04:00,15.300000190734863,15.899999618530273,15.300000190734863,15.600000381469727,7040,0.0,0.0
2022-08-23 00:00:00-04:00,15.800000190734863,15.800000190734863,15.5,15.5,5230,0.0,0.0
2022-08-24 00:00:00-04:00,15.600000381469727,16.0,15.600000381469727,15.600000381469727,7380,0.0,0.0
2022-08-25 00:00:00-04:00,16.0,16.100000381469727,15.699999809265137,16.0,7210,0.0,0.0
2022-08-26 00:00:00-04:00,16.299999237060547,16.299999237060547,15.300000190734863,15.300000190734863,8140,0.0,0.0
2022-08-29 00:00:00-04:00,15.199999809265137,15.699999809265137,15.199999809265137,15.399999618530273,10650,0.0,0.0
2022-08-30 00:00:00-04:00,15.199999809265137,15.699999809265137,15.0,15.300000190734863,7120,0.0,0.0
2022-08-31 00:00:00-04:00,15.300000190734863,15.600000381469727,15.199999809265137,15.300000190734863,19820,0.0,0.0
2022-09-01 00:00:00-04:00,15.199999809265137,15.699999809265137,15.100000381469727,15.5,47230,0.0,0.0
2022-09-02 00:00:00-04:00,15.600000381469727,15.899999618530273,15.399999618530273,15.5,3610,0.0,0.0
2022-09-06 00:00:00-04:00,15.300000190734863,15.600000381469727,15.100000381469727,15.5,21580,0.0,0.0
2022-09-07 00:00:00-04:00,15.300000190734863,15.399999618530273,15.100000381469727,15.199999809265137,6190,0.0,0.0
2022-09-08 00:00:00-04:00,15.199999809265137,15.300000190734863,14.5,14.600000381469727,8810,0.0,0.0
2022-09-09 00:00:00-04:00,14.600000381469727,14.800000190734863,14.300000190734863,14.5,14230,0.0,0.0
2022-09-12 00:00:00-04:00,14.600000381469727,15.0,14.199999809265137,14.600000381469727,26350,0.0,0.0
2022-09-13 00:00:00-04:00,14.5,14.899999618530273,14.300000190734863,14.5,7230,0.0,0.0
2022-09-14 00:00:00-04:00,14.800000190734863,14.800000190734863,14.199999809265137,14.199999809265137,8290,0.0,0.0
2022-09-15 00:00:00-04:00,14.199999809265137,14.800000190734863,14.0,14.300000190734863,14540,0.0,0.0
2022-09-16 00:00:00-04:00,14.199999809265137,14.699999809265137,13.899999618530273,14.0,7630,0.0,0.0
2022-09-19 00:00:00-04:00,14.199999809265137,14.399999618530273,12.899999618530273,13.100000381469727,18550,0.0,0.0
2022-09-20 00:00:00-04:00,13.0,13.199999809265137,12.199999809265137,12.5,11480,0.0,0.0
2022-09-21 00:00:00-04:00,12.399999618530273,12.399999618530273,10.399999618530273,10.899999618530273,27730,0.0,0.0
2022-09-22 00:00:00-04:00,10.699999809265137,11.0,9.399999618530273,9.899999618530273,68900,0.0,0.0
2022-09-23 00:00:00-04:00,9.800000190734863,9.800000190734863,8.100000381469727,8.699999809265137,42610,0.0,0.0
2022-09-26 00:00:00-04:00,8.699999809265137,8.699999809265137,8.0,8.199999809265137,13490,0.0,0.0
2022-09-27 00:00:00-04:00,8.100000381469727,8.5,8.100000381469727,8.199999809265137,4760,0.0,0.0
2022-09-28 00:00:00-04:00,8.399999618530273,8.399999618530273,8.0,8.0,7350,0.0,0.0
2022-09-29 00:00:00-04:00,7.699999809265137,8.0,7.099999904632568,7.199999809265137,18180,0.0,0.0
2022-09-30 00:00:00-04:00,7.099999904632568,7.800000190734863,7.0,7.0,18800,0.0,0.0
2022-10-03 00:00:00-04:00,7.199999809265137,7.599999904632568,6.900000095367432,7.5,9360,0.0,0.0
2022-10-04 00:00:00-04:00,7.800000190734863,9.199999809265137,7.800000190734863,7.900000095367432,22980,0.0,0.0
2022-10-05 00:00:00-04:00,7.900000095367432,8.199999809265137,7.699999809265137,8.100000381469727,11590,0.0,0.0
2022-10-06 00:00:00-04:00,8.199999809265137,11.600000381469727,8.100000381469727,9.100000381469727,258860,0.0,0.0
2022-10-07 00:00:00-04:00,8.5,8.899999618530273,7.0,7.300000190734863,63660,0.0,0.0
2022-10-10 00:00:00-04:00,7.099999904632568,7.400000095367432,6.900000095367432,6.900000095367432,15800,0.0,0.0
2022-10-11 00:00:00-04:00,6.699999809265137,7.0,6.400000095367432,6.699999809265137,13810,0.0,0.0
2022-10-12 00:00:00-04:00,6.800000190734863,7.0,6.599999904632568,6.699999809265137,13150,0.0,0.0
2022-10-13 00:00:00-04:00,6.800000190734863,7.699999809265137,6.699999809265137,7.400000095367432,16700,0.0,0.0
2022-10-14 00:00:00-04:00,7.599999904632568,7.599999904632568,7.300000190734863,7.5,1590,0.0,0.0
2022-10-17 00:00:00-04:00,7.5,7.599999904632568,7.199999809265137,7.400000095367432,15150,0.0,0.0
2022-10-18 00:00:00-04:00,7.199999809265137,8.300000190734863,6.599999904632568,7.900000095367432,24820,0.0,0.0
2022-10-19 00:00:00-04:00,7.599999904632568,8.300000190734863,7.300000190734863,7.400000095367432,6900,0.0,0.0
2022-10-20 00:00:00-04:00,7.800000190734863,8.0,7.599999904632568,7.800000190734863,7410,0.0,0.0
2022-10-21 00:00:00-04:00,7.900000095367432,8.199999809265137,7.699999809265137,7.699999809265137,10760,0.0,0.0
2022-10-24 00:00:00-04:00,8.0,8.199999809265137,7.699999809265137,8.100000381469727,16140,0.0,0.0
2022-10-25 00:00:00-04:00,8.199999809265137,8.300000190734863,7.900000095367432,8.199999809265137,11170,0.0,0.0
2022-10-26 00:00:00-04:00,7.900000095367432,8.300000190734863,7.900000095367432,8.0,3240,0.0,0.0
2022-10-27 00:00:00-04:00,7.900000095367432,8.199999809265137,7.400000095367432,7.699999809265137,8030,0.0,0.0
2022-10-28 00:00:00-04:00,7.5,7.900000095367432,7.5,7.699999809265137,4950,0.0,0.0
2022-10-31 00:00:00-04:00,8.0,8.0,7.300000190734863,7.400000095367432,9680,0.0,0.0
2022-11-01 00:00:00-04:00,7.5,7.800000190734863,7.099999904632568,7.599999904632568,15160,0.0,0.0
2022-11-02 00:00:00-04:00,7.599999904632568,8.100000381469727,7.300000190734863,8.0,43550,0.0,0.0
2022-11-03 00:00:00-04:00,8.199999809265137,8.300000190734863,7.599999904632568,7.900000095367432,89150,0.0,0.0
2022-11-04 00:00:00-04:00,8.300000190734863,8.300000190734863,7.5,8.0,59020,0.0,0.0
2022-11-07 00:00:00-05:00,8.399999618530273,8.5,8.100000381469727,8.199999809265137,29910,0.0,0.0
2022-11-08 00:00:00-05:00,8.199999809265137,8.399999618530273,8.0,8.199999809265137,26730,0.0,0.0
2022-11-09 00:00:00-05:00,8.0,8.5,7.599999904632568,8.100000381469727,14330,0.0,0.0
2022-11-10 00:00:00-05:00,8.100000381469727,8.199999809265137,8.0,8.0,48490,0.0,0.0
2022-11-11 00:00:00-05:00,8.0,9.0,8.0,9.0,33070,0.0,0.0
2022-11-14 00:00:00-05:00,9.0,9.699999809265137,8.800000190734863,9.5,25520,0.0,0.0
2022-11-15 00:00:00-05:00,9.600000381469727,10.399999618530273,9.5,10.0,66730,0.0,0.0
2022-11-16 00:00:00-05:00,10.0,10.600000381469727,10.0,10.399999618530273,27290,0.0,0.0
2022-11-17 00:00:00-05:00,10.399999618530273,10.5,9.899999618530273,10.399999618530273,10160,0.0,0.0
2022-11-18 00:00:00-05:00,10.399999618530273,10.600000381469727,10.300000190734863,10.399999618530273,9350,0.0,0.0
2022-11-21 00:00:00-05:00,10.399999618530273,10.899999618530273,10.300000190734863,10.600000381469727,24380,0.0,0.0
2022-11-22 00:00:00-05:00,10.600000381469727,11.0,10.199999809265137,10.199999809265137,21190,0.0,0.0
2022-11-23 00:00:00-05:00,10.199999809265137,11.300000190734863,10.199999809265137,11.0,23710,0.0,0.0
2022-11-25 00:00:00-05:00,11.0,12.199999809265137,11.0,11.899999618530273,13180,0.0,0.0
2022-11-28 00:00:00-05:00,11.800000190734863,12.199999809265137,11.600000381469727,12.0,7500,0.0,0.0
2022-11-29 00:00:00-05:00,12.0,12.0,11.0,11.300000190734863,6410,0.0,0.0
2022-11-30 00:00:00-05:00,11.100000381469727,12.100000381469727,10.300000190734863,12.0,19480,0.0,0.0
2022-12-01 00:00:00-05:00,12.399999618530273,12.399999618530273,11.899999618530273,12.100000381469727,53770,0.0,0.0
2022-12-02 00:00:00-05:00,12.0,14.199999809265137,12.0,14.199999809265137,55000,0.0,0.0
2022-12-05 00:00:00-05:00,14.0,14.800000190734863,13.899999618530273,14.600000381469727,86000,0.0,0.0
2022-12-06 00:00:00-05:00,14.300000190734863,14.899999618530273,14.300000190734863,14.5,15190,0.0,0.0
2022-12-07 00:00:00-05:00,14.5,14.899999618530273,14.199999809265137,14.800000190734863,13950,0.0,0.0
2022-12-08 00:00:00-05:00,15.0,15.5,13.300000190734863,13.699999809265137,219070,0.0,0.0
2022-12-09 00:00:00-05:00,13.699999809265137,14.0,13.100000381469727,13.5,22500,0.0,0.0
2022-12-12 00:00:00-05:00,13.5,15.199999809265137,13.5,15.0,55350,0.0,0.0
2022-12-13 00:00:00-05:00,15.5,15.600000381469727,14.699999809265137,15.600000381469727,70320,0.0,0.0
2022-12-14 00:00:00-05:00,15.600000381469727,15.800000190734863,15.199999809265137,15.300000190734863,35220,0.0,0.0
2022-12-15 00:00:00-05:00,15.300000190734863,15.300000190734863,14.399999618530273,14.399999618530273,15930,0.0,0.0
2022-12-16 00:00:00-05:00,14.300000190734863,14.699999809265137,12.899999618530273,14.699999809265137,16480,0.0,0.0
2022-12-19 00:00:00-05:00,14.399999618530273,14.399999618530273,13.300000190734863,13.699999809265137,10730,0.0,0.0
2022-12-20 00:00:00-05:00,13.699999809265137,14.0,13.399999618530273,13.399999618530273,8350,0.0,0.0
2022-12-21 00:00:00-05:00,13.800000190734863,14.399999618530273,13.300000190734863,14.100000381469727,13740,0.0,0.0
2022-12-22 00:00:00-05:00,14.199999809265137,14.199999809265137,13.399999618530273,14.0,32560,0.0,0.0
2022-12-23 00:00:00-05:00,14.0,14.399999618530273,13.899999618530273,14.199999809265137,24320,0.0,0.0
2022-12-27 00:00:00-05:00,13.800000190734863,14.399999618530273,13.399999618530273,14.300000190734863,313260,0.0,0.0
2022-12-28 00:00:00-05:00,13.899999618530273,14.5,12.699999809265137,13.199999809265137,51630,0.0,0.0
2022-12-29 00:00:00-05:00,13.199999809265137,13.699999809265137,12.600000381469727,12.600000381469727,33150,0.0,0.0
2022-12-30 00:00:00-05:00,12.800000190734863,19.0,12.699999809265137,18.700000762939453,549870,0.0,0.0
2023-01-03 00:00:00-05:00,19.600000381469727,21.5,18.399999618530273,21.5,257500,0.0,0.0
2023-01-04 00:00:00-05:00,21.5,25.299999237060547,21.100000381469727,24.600000381469727,141060,0.0,0.0
2023-01-05 00:00:00-05:00,24.899999618530273,24.899999618530273,21.100000381469727,22.299999237060547,57330,0.0,0.0
2023-01-06 00:00:00-05:00,22.700000762939453,23.600000381469727,22.399999618530273,23.5,42070,0.0,0.0
2023-01-09 00:00:00-05:00,24.100000381469727,24.100000381469727,22.600000381469727,23.399999618530273,29120,0.0,0.0
2023-01-10 00:00:00-05:00,23.200000762939453,24.5,23.100000381469727,24.0,22250,0.0,0.0
2023-01-11 00:00:00-05:00,24.5,25.799999237060547,24.299999237060547,25.299999237060547,33090,0.0,0.0
2023-01-12 00:00:00-05:00,25.100000381469727,25.899999618530273,24.0,25.299999237060547,29190,0.0,0.0
2023-01-13 00:00:00-05:00,25.399999618530273,26.200000762939453,25.399999618530273,26.0,41680,0.0,0.0
2023-01-17 00:00:00-05:00,25.899999618530273,26.399999618530273,25.600000381469727,26.100000381469727,10990,0.0,0.0
2023-01-18 00:00:00-05:00,26.200000762939453,26.5,25.100000381469727,25.399999618530273,18350,0.0,0.0
2023-01-19 00:00:00-05:00,25.100000381469727,25.700000762939453,23.899999618530273,24.5,23420,0.0,0.0
2023-01-20 00:00:00-05:00,24.700000762939453,26.299999237060547,24.100000381469727,25.899999618530273,31760,0.0,0.0
2023-01-23 00:00:00-05:00,25.899999618530273,27.100000381469727,25.600000381469727,26.700000762939453,24480,0.0,0.0
2023-01-24 00:00:00-05:00,26.5,29.0,26.200000762939453,27.399999618530273,80780,0.0,0.0
2023-01-25 00:00:00-05:00,28.100000381469727,30.100000381469727,27.600000381469727,29.399999618530273,109900,0.0,0.0
2023-01-26 00:00:00-05:00,29.799999237060547,31.200000762939453,29.100000381469727,29.799999237060547,52790,0.0,0.0
2023-01-27 00:00:00-05:00,30.299999237060547,32.900001525878906,29.399999618530273,32.70000076293945,75700,0.0,0.0
2023-01-30 00:00:00-05:00,33.70000076293945,33.70000076293945,28.5,30.299999237060547,77630,0.0,0.0
2023-01-31 00:00:00-05:00,30.299999237060547,31.899999618530273,30.299999237060547,31.5,34820,0.0,0.0
2023-02-01 00:00:00-05:00,31.299999237060547,32.70000076293945,30.799999237060547,32.29999923706055,18560,0.0,0.0
2023-02-02 00:00:00-05:00,32.79999923706055,33.0,31.200000762939453,32.0,16570,0.0,0.0
2023-02-03 00:00:00-05:00,31.5,32.70000076293945,31.5,32.099998474121094,9950,0.0,0.0
2023-02-06 00:00:00-05:00,31.799999237060547,32.29999923706055,30.200000762939453,30.5,24920,0.0,0.0
2023-02-07 00:00:00-05:00,30.299999237060547,31.899999618530273,30.299999237060547,31.5,14960,0.0,0.0
2023-02-08 00:00:00-05:00,31.100000381469727,31.899999618530273,30.399999618530273,31.399999618530273,17120,0.0,0.0
2023-02-09 00:00:00-05:00,31.700000762939453,32.5,30.299999237060547,30.5,19400,0.0,0.0
2023-02-10 00:00:00-05:00,30.100000381469727,30.200000762939453,29.0,29.299999237060547,28890,0.0,0.0
2023-02-13 00:00:00-05:00,29.0,29.100000381469727,26.799999237060547,28.700000762939453,53210,0.0,0.0
2023-02-14 00:00:00-05:00,28.399999618530273,30.600000381469727,28.399999618530273,29.899999618530273,24290,0.0,0.0
2023-02-15 00:00:00-05:00,29.899999618530273,31.5,29.0,31.5,27720,0.0,0.0
2023-02-16 00:00:00-05:00,31.0,31.0,29.0,29.5,58080,0.0,0.0
2023-02-17 00:00:00-05:00,29.200000762939453,30.5,29.200000762939453,30.0,13850,0.0,0.0
2023-02-21 00:00:00-05:00,29.399999618530273,30.0,29.100000381469727,29.700000762939453,28360,0.0,0.0
2023-02-22 00:00:00-05:00,29.700000762939453,30.200000762939453,29.100000381469727,29.100000381469727,15370,0.0,0.0
2023-02-23 00:00:00-05:00,29.399999618530273,29.5,29.100000381469727,29.299999237060547,8370,0.0,0.0
2023-02-24 00:00:00-05:00,29.0,29.399999618530273,28.5,28.700000762939453,20670,0.0,0.0
2023-02-27 00:00:00-05:00,29.200000762939453,30.299999237060547,28.799999237060547,30.0,26540,0.0,0.0
2023-02-28 00:00:00-05:00,29.5,30.200000762939453,29.299999237060547,29.600000381469727,17260,0.0,0.0
2023-03-01 00:00:00-05:00,29.700000762939453,30.200000762939453,28.799999237060547,29.600000381469727,36750,0.0,0.0
2023-03-02 00:00:00-05:00,29.5,33.599998474121094,29.5,33.29999923706055,71130,0.0,0.0
2023-03-03 00:00:00-05:00,33.70000076293945,34.900001525878906,32.900001525878906,34.20000076293945,32210,0.0,0.0
2023-03-06 00:00:00-05:00,34.29999923706055,35.29999923706055,32.79999923706055,33.29999923706055,25350,0.0,0.0
2023-03-07 00:00:00-05:00,33.29999923706055,34.0,31.700000762939453,32.29999923706055,14400,0.0,0.0
2023-03-08 00:00:00-05:00,32.79999923706055,34.400001525878906,32.400001525878906,34.20000076293945,27360,0.0,0.0
2023-03-09 00:00:00-05:00,34.5,35.20000076293945,33.79999923706055,34.400001525878906,31920,0.0,0.0
2023-03-10 00:00:00-05:00,34.099998474121094,34.099998474121094,30.799999237060547,31.299999237060547,49050,0.0,0.0
2023-03-13 00:00:00-04:00,30.299999237060547,30.399999618530273,29.100000381469727,29.600000381469727,30120,0.0,0.0
2023-03-14 00:00:00-04:00,30.5,31.700000762939453,29.600000381469727,29.700000762939453,32120,0.0,0.0
2023-03-15 00:00:00-04:00,29.0,32.0,29.0,29.299999237060547,39030,0.0,0.0
2023-03-16 00:00:00-04:00,29.299999237060547,31.5,28.799999237060547,31.399999618530273,34230,0.0,0.0
2023-03-17 00:00:00-04:00,31.0,31.299999237060547,29.799999237060547,30.100000381469727,47010,0.0,0.0
2023-03-20 00:00:00-04:00,30.600000381469727,31.0,29.700000762939453,30.700000762939453,21220,0.0,0.0
2023-03-21 00:00:00-04:00,31.0,31.700000762939453,30.200000762939453,30.5,23770,0.0,0.0
2023-03-22 00:00:00-04:00,30.5,30.899999618530273,29.700000762939453,29.899999618530273,29810,0.0,0.0
2023-03-23 00:00:00-04:00,30.200000762939453,30.200000762939453,28.399999618530273,29.600000381469727,36800,0.0,0.0
2023-03-24 00:00:00-04:00,29.200000762939453,30.5,28.700000762939453,30.0,49190,0.0,0.0
2023-03-27 00:00:00-04:00,30.299999237060547,30.299999237060547,29.200000762939453,29.700000762939453,14910,0.0,0.0
2023-03-28 00:00:00-04:00,29.700000762939453,30.5,29.299999237060547,29.600000381469727,12950,0.0,0.0
2023-03-29 00:00:00-04:00,29.799999237060547,30.200000762939453,28.700000762939453,28.799999237060547,28880,0.0,0.0
2023-03-30 00:00:00-04:00,29.799999237060547,29.899999618530273,28.700000762939453,29.100000381469727,31850,0.0,0.0
2023-03-31 00:00:00-04:00,29.200000762939453,30.0,29.0,29.700000762939453,23170,0.0,0.0
2023-04-03 00:00:00-04:00,30.0,30.100000381469727,29.200000762939453,30.0,34120,0.0,0.0
2023-04-04 00:00:00-04:00,29.700000762939453,29.700000762939453,28.700000762939453,29.200000762939453,24830,0.0,0.0
2023-04-05 00:00:00-04:00,29.0,29.700000762939453,28.600000381469727,29.0,28860,0.0,0.0
2023-04-06 00:00:00-04:00,29.0,29.799999237060547,28.899999618530273,29.299999237060547,35370,0.0,0.0
2023-04-10 00:00:00-04:00,29.399999618530273,31.0,29.100000381469727,30.299999237060547,54280,0.0,0.0
2023-04-11 00:00:00-04:00,30.100000381469727,30.600000381469727,29.600000381469727,29.799999237060547,25430,0.0,0.0
2023-04-12 00:00:00-04:00,29.799999237060547,30.600000381469727,29.600000381469727,29.799999237060547,17500,0.0,0.0
2023-04-13 00:00:00-04:00,29.899999618530273,30.700000762939453,29.100000381469727,29.5,21100,0.0,0.0
2023-04-14 00:00:00-04:00,29.700000762939453,29.899999618530273,29.100000381469727,29.299999237060547,15840,0.0,0.0
2023-04-17 00:00:00-04:00,29.600000381469727,29.899999618530273,29.299999237060547,29.700000762939453,20350,0.0,0.0
2023-04-18 00:00:00-04:00,29.799999237060547,30.0,29.5,29.5,14600,0.0,0.0
2023-04-19 00:00:00-04:00,29.100000381469727,29.700000762939453,29.100000381469727,29.600000381469727,11220,0.0,0.0
2023-04-20 00:00:00-04:00,29.100000381469727,30.100000381469727,29.100000381469727,29.399999618530273,7170,0.0,0.0
2023-04-21 00:00:00-04:00,29.399999618530273,29.5,28.899999618530273,29.200000762939453,17210,0.0,0.0
2023-04-24 00:00:00-04:00,29.5,29.5,28.799999237060547,29.5,16770,0.0,0.0
2023-04-25 00:00:00-04:00,28.799999237060547,29.100000381469727,28.200000762939453,28.299999237060547,53060,0.0,0.0
2023-04-26 00:00:00-04:00,28.0,29.200000762939453,28.0,28.399999618530273,19400,0.0,0.0
2023-04-27 00:00:00-04:00,28.5,29.600000381469727,28.5,28.600000381469727,17190,0.0,0.0
2023-04-28 00:00:00-04:00,28.399999618530273,29.5,28.399999618530273,28.600000381469727,19960,0.0,0.0
2023-05-01 00:00:00-04:00,28.600000381469727,28.700000762939453,27.799999237060547,28.0,17450,0.0,0.0
2023-05-02 00:00:00-04:00,27.899999618530273,28.100000381469727,27.299999237060547,27.899999618530273,25520,0.0,0.0
2023-05-03 00:00:00-04:00,27.899999618530273,28.100000381469727,26.799999237060547,26.899999618530273,36450,0.0,0.0
2023-05-04 00:00:00-04:00,26.399999618530273,27.399999618530273,25.600000381469727,26.799999237060547,25620,0.0,0.0
2023-05-05 00:00:00-04:00,27.0,27.5,26.600000381469727,26.899999618530273,6510,0.0,0.0
2023-05-08 00:00:00-04:00,27.200000762939453,27.5,26.5,27.200000762939453,11900,0.0,0.0
2023-05-09 00:00:00-04:00,27.200000762939453,27.299999237060547,26.200000762939453,26.399999618530273,19560,0.0,0.0
2023-05-10 00:00:00-04:00,26.899999618530273,28.399999618530273,26.399999618530273,27.299999237060547,36760,0.0,0.0
2023-05-11 00:00:00-04:00,26.0,27.100000381469727,17.799999237060547,20.100000381469727,243420,0.0,0.0
2023-05-12 00:00:00-04:00,20.700000762939453,21.399999618530273,16.299999237060547,17.200000762939453,195700,0.0,0.0
2023-05-15 00:00:00-04:00,17.200000762939453,19.600000381469727,15.600000381469727,16.100000381469727,340430,0.0,0.0
2023-05-16 00:00:00-04:00,16.0,16.399999618530273,14.199999809265137,14.300000190734863,81460,0.0,0.0
2023-05-17 00:00:00-04:00,14.100000381469727,16.200000762939453,14.0,15.5,47700,0.0,0.0
2023-05-18 00:00:00-04:00,15.399999618530273,16.399999618530273,15.100000381469727,16.399999618530273,39460,0.0,0.0
2023-05-19 00:00:00-04:00,16.200000762939453,17.0,15.800000190734863,15.800000190734863,87390,0.0,0.0
2023-05-22 00:00:00-04:00,15.399999618530273,15.699999809265137,14.300000190734863,14.5,110700,0.0,0.0
2023-05-23 00:00:00-04:00,14.600000381469727,15.600000381469727,14.199999809265137,14.300000190734863,43280,0.0,0.0
2023-05-24 00:00:00-04:00,15.5,15.600000381469727,13.199999809265137,13.5,44580,0.0,0.0
2023-05-25 00:00:00-04:00,13.600000381469727,14.100000381469727,12.5,12.800000190734863,35730,0.0,0.0
2023-05-26 00:00:00-04:00,13.199999809265137,13.699999809265137,12.600000381469727,13.199999809265137,37770,0.0,0.0
2023-05-30 00:00:00-04:00,13.699999809265137,13.699999809265137,12.600000381469727,12.899999618530273,13960,0.0,0.0
2023-05-31 00:00:00-04:00,12.600000381469727,13.0,12.399999618530273,13.0,22960,0.0,0.0
2023-06-01 00:00:00-04:00,13.5,13.699999809265137,12.699999809265137,13.300000190734863,16280,0.0,0.0
2023-06-02 00:00:00-04:00,13.399999618530273,14.399999618530273,13.399999618530273,14.199999809265137,19010,0.0,0.0
2023-06-05 00:00:00-04:00,14.100000381469727,14.300000190734863,13.100000381469727,13.300000190734863,12170,0.0,0.0
2023-06-06 00:00:00-04:00,13.100000381469727,14.0,12.899999618530273,13.800000190734863,16970,0.0,0.0
2023-06-07 00:00:00-04:00,13.699999809265137,14.699999809265137,13.699999809265137,14.5,13660,0.0,0.0
2023-06-08 00:00:00-04:00,14.199999809265137,15.899999618530273,14.0,15.399999618530273,51960,0.0,0.0
2023-06-09 00:00:00-04:00,15.199999809265137,16.0,15.199999809265137,15.5,32470,0.0,0.0
2023-06-12 00:00:00-04:00,17.700000762939453,20.200000762939453,16.600000381469727,19.700000762939453,111210,0.0,0.0
2023-06-13 00:00:00-04:00,18.700000762939453,20.5,18.5,19.700000762939453,29000,0.0,0.0
2023-06-14 00:00:00-04:00,19.299999237060547,20.100000381469727,18.799999237060547,18.799999237060547,22770,0.0,0.0
2023-06-15 00:00:00-04:00,19.200000762939453,19.899999618530273,18.799999237060547,19.399999618530273,21990,0.0,0.0
2023-06-16 00:00:00-04:00,19.200000762939453,20.0,14.600000381469727,14.600000381469727,106360,0.0,0.0
2023-06-20 00:00:00-04:00,15.100000381469727,15.899999618530273,14.699999809265137,15.199999809265137,41030,0.0,0.0
2023-06-21 00:00:00-04:00,15.5,16.100000381469727,14.800000190734863,15.800000190734863,44510,0.0,0.0
2023-06-22 00:00:00-04:00,15.600000381469727,17.100000381469727,15.300000190734863,16.899999618530273,56560,0.0,0.0
2023-06-23 00:00:00-04:00,16.899999618530273,18.799999237060547,16.899999618530273,17.5,523150,0.0,0.0
2023-06-26 00:00:00-04:00,17.899999618530273,18.100000381469727,16.799999237060547,17.5,37340,0.0,0.0
2023-06-27 00:00:00-04:00,17.399999618530273,18.0,17.0,17.5,17750,0.0,0.0
2023-06-28 00:00:00-04:00,17.200000762939453,18.799999237060547,17.200000762939453,18.799999237060547,41170,0.0,0.0
2023-06-29 00:00:00-04:00,18.399999618530273,19.399999618530273,17.200000762939453,17.399999618530273,34180,0.0,0.0
2023-06-30 00:00:00-04:00,17.399999618530273,17.700000762939453,17.200000762939453,17.5,20010,0.0,0.0
2023-07-03 00:00:00-04:00,17.600000381469727,18.299999237060547,17.5,18.200000762939453,18790,0.0,0.0
2023-07-05 00:00:00-04:00,18.299999237060547,18.399999618530273,17.0,17.600000381469727,39660,0.0,0.0
2023-07-06 00:00:00-04:00,17.399999618530273,17.799999237060547,16.799999237060547,17.200000762939453,21080,0.0,0.0
2023-07-07 00:00:00-04:00,17.5,17.899999618530273,17.299999237060547,17.799999237060547,39690,0.0,0.0
2023-07-10 00:00:00-04:00,17.600000381469727,18.899999618530273,17.600000381469727,18.600000381469727,19830,0.0,0.0
2023-07-11 00:00:00-04:00,18.5,18.799999237060547,18.200000762939453,18.700000762939453,14730,0.0,0.0
2023-07-12 00:00:00-04:00,19.100000381469727,19.600000381469727,18.399999618530273,19.200000762939453,20390,0.0,0.0
2023-07-13 00:00:00-04:00,19.5,19.5,18.5,18.899999618530273,14830,0.0,0.0
2023-07-14 00:00:00-04:00,19.0,19.0,18.0,18.399999618530273,10300,0.0,0.0
2023-07-17 00:00:00-04:00,18.100000381469727,18.700000762939453,18.100000381469727,18.399999618530273,8340,0.0,0.0
2023-07-18 00:00:00-04:00,18.5,18.5,17.899999618530273,18.100000381469727,13420,0.0,0.0
2023-07-19 00:00:00-04:00,18.100000381469727,18.399999618530273,17.799999237060547,17.899999618530273,8510,0.0,0.0
2023-07-20 00:00:00-04:00,18.0,18.0,17.5,17.600000381469727,17120,0.0,0.0
2023-07-21 00:00:00-04:00,18.0,18.0,17.399999618530273,17.5,7860,0.0,0.0
2023-07-24 00:00:00-04:00,17.799999237060547,18.0,17.200000762939453,17.399999618530273,10640,0.0,0.0
2023-07-25 00:00:00-04:00,17.200000762939453,17.799999237060547,17.200000762939453,17.5,4590,0.0,0.0
2023-07-26 00:00:00-04:00,17.399999618530273,17.700000762939453,17.299999237060547,17.399999618530273,6440,0.0,0.0
2023-07-27 00:00:00-04:00,17.399999618530273,17.799999237060547,17.200000762939453,17.600000381469727,16530,0.0,0.0
2023-07-28 00:00:00-04:00,15.5,16.600000381469727,14.699999809265137,16.0,57110,0.0,0.0
2023-07-31 00:00:00-04:00,15.800000190734863,16.5,15.800000190734863,16.5,7630,0.0,0.0
2023-08-01 00:00:00-04:00,16.899999618530273,16.899999618530273,16.299999237060547,16.5,9840,0.0,0.0
2023-08-02 00:00:00-04:00,16.0,16.5,15.699999809265137,15.800000190734863,6780,0.0,0.0
2023-08-03 00:00:00-04:00,15.699999809265137,15.699999809265137,15.199999809265137,15.699999809265137,19030,0.0,0.0
2023-08-04 00:00:00-04:00,15.600000381469727,15.899999618530273,15.399999618530273,15.5,7190,0.0,0.0
2023-08-07 00:00:00-04:00,15.5,15.5,15.0,15.0,12070,0.0,0.0
2023-08-08 00:00:00-04:00,15.0,16.100000381469727,14.600000381469727,16.0,17890,0.0,0.0
2023-08-09 00:00:00-04:00,15.800000190734863,17.0,15.5,16.799999237060547,10590,0.0,0.0
2023-08-10 00:00:00-04:00,16.799999237060547,18.399999618530273,15.899999618530273,18.100000381469727,16460,0.0,0.0
2023-08-11 00:00:00-04:00,18.299999237060547,18.700000762939453,17.5,17.600000381469727,20230,0.0,0.0
2023-08-14 00:00:00-04:00,17.200000762939453,17.600000381469727,16.799999237060547,17.399999618530273,13040,0.0,0.0
2023-08-15 00:00:00-04:00,17.0,17.299999237060547,16.5,16.899999618530273,9240,0.0,0.0
2023-08-16 00:00:00-04:00,17.200000762939453,17.200000762939453,16.5,16.600000381469727,5980,0.0,0.0
2023-08-17 00:00:00-04:00,16.5,16.899999618530273,16.100000381469727,16.200000762939453,5080,0.0,0.0
2023-08-18 00:00:00-04:00,16.100000381469727,16.299999237060547,15.699999809265137,15.899999618530273,9970,0.0,0.0
2023-08-21 00:00:00-04:00,15.899999618530273,17.0,15.699999809265137,16.799999237060547,7920,0.0,0.0
2023-08-22 00:00:00-04:00,16.399999618530273,19.0,16.399999618530273,17.799999237060547,41100,0.0,0.0
2023-08-23 00:00:00-04:00,17.899999618530273,17.899999618530273,16.799999237060547,16.899999618530273,13340,0.0,0.0
2023-08-24 00:00:00-04:00,16.899999618530273,17.100000381469727,15.300000190734863,15.899999618530273,25780,0.0,0.0
2023-08-25 00:00:00-04:00,15.899999618530273,15.899999618530273,15.100000381469727,15.399999618530273,13280,0.0,0.0
2023-08-28 00:00:00-04:00,15.399999618530273,16.100000381469727,15.300000190734863,15.800000190734863,10950,0.0,0.0
2023-08-29 00:00:00-04:00,15.5,16.700000762939453,15.5,16.299999237060547,7610,0.0,0.0
2023-08-30 00:00:00-04:00,16.0,16.799999237060547,16.0,16.5,5550,0.0,0.0
2023-08-31 00:00:00-04:00,16.700000762939453,16.700000762939453,15.899999618530273,16.0,7710,0.0,0.0
2023-09-01 00:00:00-04:00,16.399999618530273,17.100000381469727,16.0,16.600000381469727,13620,0.0,0.0
2023-09-05 00:00:00-04:00,16.600000381469727,16.700000762939453,15.5,15.5,12120,0.0,0.0
2023-09-06 00:00:00-04:00,16.200000762939453,16.200000762939453,15.5,15.800000190734863,10210,0.0,0.0
2023-09-07 00:00:00-04:00,15.699999809265137,16.700000762939453,15.5,15.699999809265137,48850,0.0,0.0
2023-09-08 00:00:00-04:00,15.699999809265137,15.899999618530273,14.699999809265137,14.699999809265137,12140,0.0,0.0
2023-09-11 00:00:00-04:00,14.5,15.399999618530273,14.5,15.100000381469727,19560,0.0,0.0
2023-09-12 00:00:00-04:00,14.800000190734863,16.0,14.800000190734863,15.600000381469727,13400,0.0,0.0
2023-09-13 00:00:00-04:00,15.699999809265137,15.699999809265137,14.5,14.699999809265137,17440,0.0,0.0
2023-09-14 00:00:00-04:00,14.699999809265137,16.100000381469727,14.699999809265137,16.100000381469727,12090,0.0,0.0
2023-09-15 00:00:00-04:00,16.100000381469727,17.399999618530273,16.100000381469727,17.299999237060547,107110,0.0,0.0
2023-09-18 00:00:00-04:00,17.299999237060547,17.299999237060547,15.600000381469727,16.100000381469727,16150,0.0,0.0
2023-09-19 00:00:00-04:00,15.800000190734863,16.200000762939453,15.300000190734863,15.899999618530273,8570,0.0,0.0
2023-09-20 00:00:00-04:00,16.0,16.399999618530273,15.699999809265137,16.299999237060547,15650,0.0,0.0
2023-09-21 00:00:00-04:00,15.800000190734863,16.200000762939453,15.199999809265137,15.399999618530273,15980,0.0,0.0
2023-09-22 00:00:00-04:00,15.399999618530273,15.800000190734863,15.100000381469727,15.600000381469727,14730,0.0,0.0
2023-09-25 00:00:00-04:00,15.600000381469727,16.200000762939453,15.300000190734863,15.699999809265137,12180,0.0,0.0
2023-09-26 00:00:00-04:00,15.699999809265137,16.200000762939453,15.5,15.800000190734863,32320,0.0,0.0
2023-09-27 00:00:00-04:00,16.0,16.700000762939453,15.699999809265137,16.5,11980,0.0,0.0
2023-09-28 00:00:00-04:00,16.5,16.899999618530273,16.299999237060547,16.399999618530273,8530,0.0,0.0
2023-09-29 00:00:00-04:00,16.5,16.5,16.100000381469727,16.200000762939453,11550,0.0,0.0
2023-10-02 00:00:00-04:00,16.399999618530273,16.600000381469727,15.199999809265137,15.300000190734863,10600,0.0,0.0
2023-10-03 00:00:00-04:00,15.300000190734863,16.100000381469727,15.199999809265137,16.0,18200,0.0,0.0
2023-10-04 00:00:00-04:00,16.100000381469727,16.399999618530273,15.300000190734863,15.300000190734863,11150,0.0,0.0
2023-10-05 00:00:00-04:00,15.300000190734863,15.600000381469727,15.100000381469727,15.100000381469727,14520,0.0,0.0
2023-10-06 00:00:00-04:00,15.0,15.399999618530273,14.899999618530273,14.899999618530273,9400,0.0,0.0
2023-10-09 00:00:00-04:00,14.699999809265137,14.899999618530273,14.0,14.199999809265137,13870,0.0,0.0
2023-10-10 00:00:00-04:00,14.199999809265137,15.399999618530273,14.199999809265137,15.100000381469727,12360,0.0,0.0
2023-10-11 00:00:00-04:00,15.0,15.600000381469727,15.0,15.300000190734863,10110,0.0,0.0
2023-10-12 00:00:00-04:00,15.5,15.5,15.0,15.399999618530273,13050,0.0,0.0
2023-10-13 00:00:00-04:00,15.5,15.5,14.199999809265137,14.399999618530273,15690,0.0,0.0
2023-10-16 00:00:00-04:00,14.199999809265137,15.100000381469727,13.5,14.100000381469727,14960,0.0,0.0
2023-10-17 00:00:00-04:00,14.0,15.300000190734863,14.0,14.600000381469727,11930,0.0,0.0
2023-10-18 00:00:00-04:00,14.199999809265137,14.5,13.399999618530273,13.600000381469727,20590,0.0,0.0
2023-10-19 00:00:00-04:00,13.5,13.899999618530273,13.199999809265137,13.699999809265137,24300,0.0,0.0
2023-10-20 00:00:00-04:00,13.899999618530273,13.899999618530273,12.800000190734863,13.600000381469727,25710,0.0,0.0
2023-10-23 00:00:00-04:00,13.199999809265137,13.899999618530273,12.699999809265137,12.800000190734863,11410,0.0,0.0
2023-10-24 00:00:00-04:00,13.300000190734863,13.600000381469727,13.0,13.5,13680,0.0,0.0
2023-10-25 00:00:00-04:00,13.199999809265137,13.5,12.199999809265137,12.399999618530273,9630,0.0,0.0
2023-10-26 00:00:00-04:00,12.699999809265137,12.699999809265137,12.100000381469727,12.600000381469727,18120,0.0,0.0
2023-10-27 00:00:00-04:00,12.699999809265137,13.199999809265137,12.699999809265137,12.899999618530273,5790,0.0,0.0
2023-10-30 00:00:00-04:00,13.0,13.699999809265137,12.199999809265137,12.600000381469727,14720,0.0,0.0
2023-10-31 00:00:00-04:00,12.300000190734863,12.5,11.300000190734863,12.199999809265137,14750,0.0,0.0
2023-11-01 00:00:00-04:00,12.399999618530273,12.5,11.600000381469727,11.699999809265137,7750,0.0,0.0
2023-11-02 00:00:00-04:00,11.600000381469727,12.300000190734863,11.5,11.699999809265137,10780,0.0,0.0
2023-11-03 00:00:00-04:00,12.300000190734863,12.300000190734863,11.199999809265137,11.899999618530273,19010,0.0,0.0
2023-11-06 00:00:00-05:00,11.699999809265137,11.899999618530273,10.800000190734863,10.800000190734863,12440,0.0,0.0
2023-11-07 00:00:00-05:00,10.5,12.0,10.5,11.800000190734863,9330,0.0,0.0
2023-11-08 00:00:00-05:00,11.5,11.899999618530273,10.100000381469727,11.0,17050,0.0,0.0
2023-11-09 00:00:00-05:00,11.100000381469727,11.100000381469727,10.300000190734863,10.699999809265137,12090,0.0,0.0
2023-11-10 00:00:00-05:00,10.300000190734863,12.199999809265137,10.199999809265137,11.399999618530273,25480,0.0,0.0
2023-11-13 00:00:00-05:00,11.300000190734863,11.300000190734863,10.300000190734863,10.399999618530273,9410,0.0,0.0
2023-11-14 00:00:00-05:00,10.899999618530273,11.0,10.300000190734863,10.800000190734863,17110,0.0,0.0
2023-11-15 00:00:00-05:00,10.399999618530273,11.199999809265137,10.300000190734863,11.100000381469727,18730,0.0,0.0
2023-11-16 00:00:00-05:00,11.199999809265137,11.5,10.5,10.699999809265137,10680,0.0,0.0
2023-11-17 00:00:00-05:00,10.699999809265137,10.899999618530273,10.100000381469727,10.399999618530273,11320,0.0,0.0
2023-11-20 00:00:00-05:00,10.399999618530273,10.399999618530273,9.699999809265137,10.100000381469727,18360,0.0,0.0
2023-11-21 00:00:00-05:00,10.199999809265137,10.699999809265137,9.800000190734863,10.5,9850,0.0,0.0
2023-11-22 00:00:00-05:00,10.800000190734863,10.800000190734863,10.399999618530273,10.800000190734863,5590,0.0,0.0
2023-11-24 00:00:00-05:00,11.0,11.0,10.699999809265137,10.899999618530273,3860,0.0,0.0
2023-11-27 00:00:00-05:00,11.0,11.0,10.699999809265137,10.800000190734863,16220,0.0,0.0
2023-11-28 00:00:00-05:00,10.800000190734863,11.0,10.0,10.300000190734863,13910,0.0,0.0
2023-11-29 00:00:00-05:00,10.199999809265137,10.699999809265137,10.0,10.5,6330,0.0,0.0
2023-11-30 00:00:00-05:00,10.800000190734863,11.0,10.100000381469727,10.600000381469727,7600,0.0,0.0
2023-12-01 00:00:00-05:00,10.300000190734863,10.699999809265137,10.300000190734863,10.5,7920,0.0,0.0
2023-12-04 00:00:00-05:00,10.399999618530273,11.0,10.399999618530273,10.600000381469727,16450,0.0,0.0
2023-12-05 00:00:00-05:00,10.300000190734863,11.5,10.300000190734863,11.199999809265137,16030,0.0,0.0
2023-12-06 00:00:00-05:00,11.100000381469727,14.300000190734863,11.100000381469727,13.5,28700,0.0,0.0
2023-12-07 00:00:00-05:00,13.600000381469727,14.600000381469727,12.300000190734863,12.600000381469727,12910,0.0,0.0
2023-12-08 00:00:00-05:00,12.600000381469727,12.600000381469727,11.600000381469727,11.699999809265137,7320,0.0,0.0
2023-12-11 00:00:00-05:00,11.600000381469727,11.699999809265137,11.5,11.600000381469727,8280,0.0,0.0
2023-12-12 00:00:00-05:00,11.399999618530273,12.300000190734863,11.199999809265137,11.800000190734863,5620,0.0,0.0
2023-12-13 00:00:00-05:00,11.600000381469727,12.899999618530273,11.5,12.800000190734863,11520,0.0,0.0
2023-12-14 00:00:00-05:00,12.899999618530273,13.100000381469727,10.399999618530273,12.199999809265137,19980,0.0,0.0
2023-12-15 00:00:00-05:00,12.600000381469727,12.600000381469727,11.600000381469727,11.699999809265137,18670,0.0,0.0
2023-12-18 00:00:00-05:00,11.800000190734863,12.399999618530273,10.899999618530273,11.0,24520,0.0,0.0
2023-12-19 00:00:00-05:00,11.100000381469727,11.399999618530273,10.5,10.899999618530273,19470,0.0,0.0
2023-12-20 00:00:00-05:00,11.0,11.399999618530273,10.899999618530273,11.0,12950,0.0,0.0
2023-12-21 00:00:00-05:00,11.399999618530273,11.399999618530273,10.300000190734863,10.899999618530273,11780,0.0,0.0
2023-12-22 00:00:00-05:00,11.100000381469727,11.399999618530273,10.399999618530273,11.199999809265137,22490,0.0,0.0
2023-12-26 00:00:00-05:00,11.100000381469727,11.5,10.399999618530273,10.899999618530273,20910,0.0,0.0
2023-12-27 00:00:00-05:00,10.899999618530273,11.800000190734863,10.899999618530273,11.699999809265137,19290,0.0,0.0
2023-12-28 00:00:00-05:00,11.5,13.0,11.5,12.800000190734863,24110,0.0,0.0
2023-12-29 00:00:00-05:00,13.0,13.0,11.399999618530273,12.300000190734863,22700,0.0,0.0
2024-01-02 00:00:00-05:00,11.899999618530273,12.399999618530273,11.199999809265137,11.5,14940,0.0,0.0
2024-01-03 00:00:00-05:00,11.5,11.5,10.800000190734863,11.0,14570,0.0,0.0
2024-01-04 00:00:00-05:00,11.0,11.199999809265137,10.699999809265137,11.100000381469727,14950,0.0,0.0
2024-01-05 00:00:00-05:00,11.100000381469727,11.399999618530273,10.5,10.800000190734863,32000,0.0,0.0
2024-01-08 00:00:00-05:00,10.699999809265137,11.0,10.600000381469727,11.0,14140,0.0,0.0
2024-01-09 00:00:00-05:00,10.600000381469727,11.0,10.600000381469727,10.699999809265137,7570,0.0,0.0
2024-01-10 00:00:00-05:00,10.5,10.600000381469727,10.300000190734863,10.399999618530273,11840,0.0,0.0
2024-01-11 00:00:00-05:00,10.199999809265137,10.399999618530273,10.100000381469727,10.199999809265137,10720,0.0,0.0
2024-01-12 00:00:00-05:00,10.5,10.600000381469727,10.100000381469727,10.100000381469727,6750,0.0,0.0
2024-01-16 00:00:00-05:00,10.100000381469727,10.199999809265137,10.100000381469727,10.100000381469727,9520,0.0,0.0
2024-01-17 00:00:00-05:00,10.100000381469727,10.300000190734863,10.0,10.100000381469727,5780,0.0,0.0
2024-01-18 00:00:00-05:00,10.0,10.100000381469727,8.300000190734863,9.199999809265137,41290,0.0,0.0
2024-01-19 00:00:00-05:00,9.199999809265137,10.699999809265137,8.699999809265137,10.600000381469727,37820,0.0,0.0
2024-01-22 00:00:00-05:00,10.800000190734863,10.800000190734863,9.899999618530273,10.300000190734863,11240,0.0,0.0
2024-01-23 00:00:00-05:00,10.5,10.5,9.600000381469727,10.300000190734863,11610,0.0,0.0
2024-01-24 00:00:00-05:00,10.0,10.300000190734863,9.800000190734863,9.899999618530273,13850,0.0,0.0
2024-01-25 00:00:00-05:00,10.300000190734863,10.399999618530273,9.899999618530273,10.300000190734863,8790,0.0,0.0
2024-01-26 00:00:00-05:00,10.0,10.5,9.699999809265137,10.100000381469727,9450,0.0,0.0
2024-01-29 00:00:00-05:00,9.899999618530273,10.0,9.300000190734863,10.0,16490,0.0,0.0
2024-01-30 00:00:00-05:00,10.0,10.0,9.5,9.699999809265137,11790,0.0,0.0
2024-01-31 00:00:00-05:00,9.699999809265137,10.0,9.0,9.0,8910,0.0,0.0
2024-02-01 00:00:00-05:00,9.0,9.899999618530273,9.0,9.800000190734863,14420,0.0,0.0
2024-02-02 00:00:00-05:00,10.0,10.600000381469727,9.800000190734863,10.100000381469727,13850,0.0,0.0
2024-02-05 00:00:00-05:00,10.0,10.399999618530273,9.199999809265137,9.199999809265137,23580,0.0,0.0
2024-02-06 00:00:00-05:00,9.300000190734863,10.100000381469727,9.300000190734863,10.0,7470,0.0,0.0
2024-02-07 00:00:00-05:00,10.0,10.5,9.0,9.0,20930,0.0,0.0
2024-02-08 00:00:00-05:00,9.0,9.5,8.899999618530273,9.399999618530273,12910,0.0,0.0
2024-02-09 00:00:00-05:00,9.600000381469727,10.300000190734863,9.5,10.100000381469727,19340,0.0,0.0
2024-02-12 00:00:00-05:00,9.899999618530273,10.399999618530273,9.800000190734863,9.800000190734863,12800,0.0,0.0
2024-02-13 00:00:00-05:00,9.600000381469727,10.100000381469727,9.399999618530273,9.699999809265137,19340,0.0,0.0
2024-02-14 00:00:00-05:00,10.100000381469727,10.100000381469727,9.0,9.699999809265137,17920,0.0,0.0
2024-02-15 00:00:00-05:00,9.600000381469727,9.699999809265137,9.399999618530273,9.600000381469727,11000,0.0,0.0
2024-02-16 00:00:00-05:00,10.0,10.0,8.600000381469727,8.800000190734863,14570,0.0,0.0
2024-02-20 00:00:00-05:00,8.600000381469727,8.699999809265137,8.100000381469727,8.100000381469727,49790,0.0,0.0
2024-02-21 00:00:00-05:00,8.199999809265137,8.5,7.800000190734863,8.100000381469727,31090,0.0,0.0
2024-02-22 00:00:00-05:00,8.5,8.5,7.900000095367432,8.199999809265137,11400,0.0,0.0
2024-02-23 00:00:00-05:00,8.199999809265137,8.199999809265137,7.800000190734863,7.900000095367432,18210,0.0,0.0
2024-02-26 00:00:00-05:00,7.400000095367432,8.199999809265137,7.099999904632568,7.5,25110,0.0,0.0
2024-02-27 00:00:00-05:00,7.400000095367432,7.900000095367432,7.199999809265137,7.400000095367432,12100,0.0,0.0
2024-02-28 00:00:00-05:00,7.400000095367432,7.5,6.900000095367432,7.300000190734863,23550,0.0,0.0
2024-02-29 00:00:00-05:00,7.800000190734863,8.100000381469727,7.199999809265137,7.800000190734863,79660,0.0,0.0
2024-03-01 00:00:00-05:00,7.900000095367432,8.100000381469727,7.5,7.900000095367432,66740,0.0,0.0
2024-03-04 00:00:00-05:00,8.100000381469727,8.5,7.199999809265137,7.199999809265137,37360,0.0,0.0
2024-03-05 00:00:00-05:00,7.800000190734863,9.600000381469727,7.800000190734863,8.699999809265137,51790,0.0,0.0
2024-03-06 00:00:00-05:00,8.5,8.699999809265137,7.900000095367432,8.699999809265137,19930,0.0,0.0
2024-03-07 00:00:00-05:00,8.699999809265137,9.0,8.300000190734863,8.899999618530273,10720,0.0,0.0
2024-03-08 00:00:00-05:00,8.899999618530273,8.899999618530273,8.0,8.100000381469727,14510,0.0,0.0
2024-03-11 00:00:00-04:00,8.100000381469727,8.100000381469727,6.800000190734863,6.800000190734863,40310,0.0,0.0
2024-03-12 00:00:00-04:00,6.900000095367432,7.300000190734863,6.900000095367432,7.0,30500,0.0,0.0
2024-03-13 00:00:00-04:00,7.099999904632568,7.199999809265137,7.0,7.0,15790,0.0,0.0
2024-03-14 00:00:00-04:00,7.300000190734863,7.300000190734863,6.099999904632568,6.099999904632568,35140,0.0,0.0
2024-03-15 00:00:00-04:00,6.199999809265137,6.599999904632568,5.699999809265137,6.599999904632568,67120,0.0,0.0
2024-03-18 00:00:00-04:00,6.5,6.900000095367432,6.199999809265137,6.300000190734863,40100,0.0,0.0
2024-03-19 00:00:00-04:00,6.199999809265137,6.800000190734863,6.199999809265137,6.5,41960,0.0,0.0
2024-03-20 00:00:00-04:00,6.599999904632568,6.599999904632568,6.400000095367432,6.5,28790,0.0,0.0
2024-03-21 00:00:00-04:00,6.599999904632568,7.199999809265137,6.400000095367432,6.900000095367432,46630,0.0,0.0
2024-03-22 00:00:00-04:00,7.0,7.5,6.699999809265137,7.300000190734863,18710,0.0,0.0
2024-03-25 00:00:00-04:00,7.099999904632568,7.599999904632568,6.800000190734863,7.0,46040,0.0,0.0
2024-03-26 00:00:00-04:00,6.900000095367432,7.400000095367432,6.199999809265137,6.5,30670,0.0,0.0
2024-03-27 00:00:00-04:00,6.5,7.300000190734863,6.5,7.199999809265137,12670,0.0,0.0
2024-03-28 00:00:00-04:00,7.0,7.300000190734863,6.699999809265137,7.0,17420,0.0,0.0
2024-04-01 00:00:00-04:00,7.0,7.5,6.699999809265137,7.0,18000,0.0,0.0
2024-04-02 00:00:00-04:00,7.0,7.199999809265137,6.599999904632568,7.0,22710,0.0,0.0
2024-04-03 00:00:00-04:00,6.800000190734863,7.099999904632568,6.400000095367432,6.699999809265137,24330,0.0,0.0
2024-04-04 00:00:00-04:00,6.599999904632568,7.0,6.599999904632568,6.699999809265137,15680,0.0,0.0
2024-04-05 00:00:00-04:00,6.699999809265137,6.900000095367432,6.5,6.599999904632568,37380,0.0,0.0
2024-04-08 00:00:00-04:00,6.5,7.0,6.5,7.0,10110,0.0,0.0
2024-04-09 00:00:00-04:00,7.0,7.0,6.5,6.599999904632568,39960,0.0,0.0
2024-04-10 00:00:00-04:00,6.699999809265137,7.0,6.599999904632568,7.0,38800,0.0,0.0
2024-04-11 00:00:00-04:00,7.0,7.0,6.599999904632568,6.800000190734863,16340,0.0,0.0
2024-04-12 00:00:00-04:00,6.599999904632568,7.0,6.599999904632568,6.699999809265137,12840,0.0,0.0
2024-04-15 00:00:00-04:00,6.599999904632568,6.900000095367432,6.0,6.0,25130,0.0,0.0
2024-04-16 00:00:00-04:00,6.0,6.400000095367432,5.800000190734863,6.099999904632568,18610,0.0,0.0
2024-04-17 00:00:00-04:00,5.900000095367432,6.400000095367432,5.900000095367432,6.0,12130,0.0,0.0
2024-04-18 00:00:00-04:00,6.199999809265137,6.199999809265137,5.699999809265137,6.0,14650,0.0,0.0
2024-04-19 00:00:00-04:00,6.0,6.099999904632568,5.800000190734863,6.099999904632568,13080,0.0,0.0
2024-04-22 00:00:00-04:00,6.0,6.099999904632568,5.699999809265137,6.099999904632568,14510,0.0,0.0
2024-04-23 00:00:00-04:00,5.900000095367432,6.099999904632568,5.800000190734863,6.0,11610,0.0,0.0
2024-04-24 00:00:00-04:00,5.800000190734863,6.099999904632568,5.699999809265137,5.699999809265137,8750,0.0,0.0
2024-04-25 00:00:00-04:00,5.800000190734863,6.099999904632568,5.5,5.599999904632568,16490,0.0,0.0
2024-04-26 00:00:00-04:00,5.599999904632568,5.699999809265137,5.300000190734863,5.400000095367432,19380,0.0,0.0
2024-04-29 00:00:00-04:00,5.5,6.400000095367432,5.5,6.400000095367432,23380,0.0,0.0
2024-04-30 00:00:00-04:00,6.0,7.0,6.0,7.0,22450,0.0,0.0
2024-05-01 00:00:00-04:00,7.199999809265137,8.100000381469727,7.099999904632568,7.800000190734863,40900,0.0,0.0
2024-05-02 00:00:00-04:00,7.900000095367432,7.900000095367432,7.5,7.800000190734863,14120,0.0,0.0
2024-05-03 00:00:00-04:00,7.800000190734863,8.5,7.5,8.5,14130,0.0,0.0
2024-05-06 00:00:00-04:00,8.5,8.699999809265137,7.5,7.5,46930,0.0,0.0
2024-05-07 00:00:00-04:00,7.400000095367432,7.5,6.699999809265137,7.400000095367432,26140,0.0,0.0
2024-05-08 00:00:00-04:00,7.199999809265137,7.599999904632568,6.900000095367432,7.099999904632568,16800,0.0,0.0
2024-05-09 00:00:00-04:00,7.400000095367432,7.400000095367432,6.5,6.5,14970,0.0,0.0
2024-05-10 00:00:00-04:00,6.5,6.800000190734863,5.900000095367432,6.599999904632568,160520,0.0,0.0
2024-05-13 00:00:00-04:00,6.599999904632568,7.0,6.300000190734863,7.0,15810,0.0,0.0
2024-05-14 00:00:00-04:00,7.0,7.900000095367432,6.900000095367432,7.900000095367432,11280,0.0,0.0
2024-05-15 00:00:00-04:00,7.300000190734863,7.900000095367432,7.300000190734863,7.699999809265137,11280,0.0,0.0
2024-05-16 00:00:00-04:00,7.400000095367432,8.0,7.400000095367432,7.599999904632568,10600,0.0,0.0
2024-05-17 00:00:00-04:00,7.699999809265137,7.900000095367432,7.400000095367432,7.699999809265137,12030,0.0,0.0
2024-05-20 00:00:00-04:00,7.900000095367432,7.900000095367432,7.300000190734863,7.300000190734863,11020,0.0,0.0
2024-05-21 00:00:00-04:00,7.199999809265137,7.5,7.0,7.400000095367432,8310,0.0,0.0
2024-05-22 00:00:00-04:00,7.300000190734863,7.900000095367432,7.300000190734863,7.900000095367432,20090,0.0,0.0
2024-05-23 00:00:00-04:00,8.0,8.0,6.800000190734863,6.900000095367432,16610,0.0,0.0
2024-05-24 00:00:00-04:00,7.199999809265137,7.199999809265137,6.400000095367432,6.5,10840,0.0,0.0
2024-05-28 00:00:00-04:00,6.5,6.900000095367432,5.699999809265137,6.099999904632568,26830,0.0,0.0
2024-05-29 00:00:00-04:00,5.900000095367432,6.400000095367432,5.800000190734863,6.300000190734863,14300,0.0,0.0
2024-05-30 00:00:00-04:00,6.400000095367432,6.400000095367432,5.599999904632568,5.599999904632568,12430,0.0,0.0
2024-05-31 00:00:00-04:00,5.800000190734863,6.099999904632568,5.5,6.099999904632568,18240,0.0,0.0
2024-06-03 00:00:00-04:00,6.400000095367432,6.400000095367432,5.800000190734863,6.300000190734863,17900,0.0,0.0
2024-06-04 00:00:00-04:00,6.400000095367432,6.400000095367432,5.699999809265137,6.0,10940,0.0,0.0
2024-06-05 00:00:00-04:00,6.300000190734863,7.0,5.800000190734863,7.0,17460,0.0,0.0
2024-06-06 00:00:00-04:00,6.800000190734863,7.0,6.099999904632568,6.5,15190,0.0,0.0
2024-06-07 00:00:00-04:00,6.400000095367432,6.400000095367432,6.0,6.300000190734863,9500,0.0,0.0
2024-06-10 00:00:00-04:00,6.199999809265137,6.300000190734863,6.0,6.0,6020,0.0,0.0
2024-06-11 00:00:00-04:00,6.0,6.300000190734863,6.0,6.300000190734863,14920,0.0,0.0
2024-06-12 00:00:00-04:00,6.800000190734863,6.800000190734863,6.0,6.199999809265137,10460,0.0,0.0
2024-06-13 00:00:00-04:00,6.0,6.5,6.0,6.300000190734863,10980,0.0,0.0
2024-06-14 00:00:00-04:00,6.099999904632568,6.5,6.0,6.199999809265137,9670,0.0,0.0
2024-06-17 00:00:00-04:00,6.199999809265137,6.300000190734863,5.699999809265137,6.0,8820,0.0,0.0
2024-06-18 00:00:00-04:00,6.0,6.199999809265137,5.599999904632568,5.599999904632568,14230,0.0,0.0
2024-06-20 00:00:00-04:00,6.400000095367432,6.400000095367432,5.900000095367432,6.0,11890,0.0,0.0
2024-06-21 00:00:00-04:00,5.900000095367432,6.5,5.900000095367432,6.5,36870,0.0,0.0
2024-06-24 00:00:00-04:00,6.300000190734863,7.099999904632568,6.199999809265137,6.400000095367432,14240,0.0,0.0
2024-06-25 00:00:00-04:00,6.199999809265137,6.5,6.099999904632568,6.099999904632568,9830,0.0,0.0
2024-06-26 00:00:00-04:00,6.099999904632568,6.900000095367432,6.0,6.300000190734863,18800,0.0,0.0
2024-06-27 00:00:00-04:00,6.300000190734863,6.800000190734863,6.300000190734863,6.800000190734863,16620,0.0,0.0
2024-06-28 00:00:00-04:00,6.900000095367432,6.900000095367432,6.0,6.0,610770,0.0,0.0
2024-07-01 00:00:00-04:00,6.0,6.300000190734863,6.0,6.199999809265137,37790,0.0,0.0
2024-07-02 00:00:00-04:00,6.199999809265137,6.300000190734863,6.0,6.300000190734863,17300,0.0,0.0
2024-07-03 00:00:00-04:00,6.300000190734863,6.400000095367432,6.199999809265137,6.199999809265137,1880,0.0,0.0
2024-07-05 00:00:00-04:00,6.199999809265137,6.5,6.199999809265137,6.199999809265137,10200,0.0,0.0
2024-07-08 00:00:00-04:00,6.199999809265137,6.300000190734863,6.099999904632568,6.199999809265137,34090,0.0,0.0
2024-07-09 00:00:00-04:00,6.099999904632568,6.5,6.099999904632568,6.300000190734863,8550,0.0,0.0
2024-07-10 00:00:00-04:00,6.199999809265137,6.5,6.099999904632568,6.300000190734863,4500,0.0,0.0
2024-07-11 00:00:00-04:00,6.300000190734863,6.599999904632568,6.300000190734863,6.599999904632568,3880,0.0,0.0
2024-07-12 00:00:00-04:00,6.400000095367432,6.800000190734863,6.300000190734863,6.800000190734863,10310,0.0,0.0
2024-07-15 00:00:00-04:00,6.800000190734863,6.800000190734863,6.199999809265137,6.300000190734863,29570,0.0,0.0
2024-07-16 00:00:00-04:00,6.400000095367432,6.5,6.300000190734863,6.300000190734863,6150,0.0,0.0
2024-07-17 00:00:00-04:00,6.199999809265137,6.400000095367432,6.199999809265137,6.300000190734863,7190,0.0,0.0
2024-07-18 00:00:00-04:00,6.099999904632568,6.400000095367432,5.900000095367432,5.900000095367432,130380,0.0,0.0
2024-07-19 00:00:00-04:00,5.300000190734863,5.599999904632568,4.900000095367432,5.400000095367432,75300,0.0,0.0
2024-07-22 00:00:00-04:00,5.300000190734863,5.300000190734863,4.300000190734863,5.0,98000,0.0,0.0
2024-07-23 00:00:00-04:00,5.099999904632568,5.5,5.0,5.400000095367432,16250,0.0,0.0
2024-07-24 00:00:00-04:00,5.400000095367432,7.400000095367432,5.300000190734863,7.0,147660,0.0,0.0
2024-07-25 00:00:00-04:00,6.400000095367432,6.599999904632568,6.199999809265137,6.400000095367432,6990,0.0,0.0
2024-07-26 00:00:00-04:00,6.400000095367432,6.800000190734863,6.400000095367432,6.5,9470,0.0,0.0
2024-07-29 00:00:00-04:00,6.699999809265137,7.0,5.900000095367432,5.900000095367432,15730,0.0,0.0
2024-07-30 00:00:00-04:00,6.199999809265137,6.199999809265137,5.400000095367432,5.5,8450,0.0,0.0
2024-07-31 00:00:00-04:00,5.5,5.699999809265137,5.199999809265137,5.300000190734863,20300,0.0,0.0
2024-08-01 00:00:00-04:00,5.699999809265137,5.900000095367432,5.199999809265137,5.400000095367432,10540,0.0,0.0
2024-08-02 00:00:00-04:00,5.5,5.5,5.0,5.199999809265137,28190,0.0,0.0
2024-08-05 00:00:00-04:00,5.199999809265137,5.400000095367432,5.199999809265137,5.300000190734863,16380,0.0,0.0
2024-08-06 00:00:00-04:00,5.199999809265137,6.099999904632568,5.199999809265137,6.099999904632568,31350,0.0,0.0
2024-08-07 00:00:00-04:00,6.0,6.099999904632568,5.599999904632568,5.599999904632568,29010,0.0,0.0
2024-08-08 00:00:00-04:00,6.099999904632568,6.199999809265137,5.199999809265137,5.300000190734863,37200,0.0,0.0
2024-08-09 00:00:00-04:00,4.5,4.789999961853027,4.349999904632568,4.789999961853027,116100,0.0,0.1
2024-08-12 00:00:00-04:00,4.699999809265137,5.309999942779541,4.699999809265137,4.829999923706055,100300,0.0,0.0
2024-08-13 00:00:00-04:00,4.800000190734863,5.0,4.800000190734863,4.900000095367432,75000,0.0,0.0
2024-08-14 00:00:00-04:00,4.949999809265137,5.039999961853027,4.829999923706055,5.039999961853027,29300,0.0,0.0
2024-08-15 00:00:00-04:00,5.079999923706055,5.130000114440918,4.78000020980835,4.820000171661377,16300,0.0,0.0
2024-08-16 00:00:00-04:00,4.809999942779541,4.849999904632568,4.809999942779541,4.809999942779541,36700,0.0,0.0
2024-08-19 00:00:00-04:00,4.760000228881836,4.789999961853027,4.449999809265137,4.559999942779541,38400,0.0,0.0
2024-08-20 00:00:00-04:00,4.539999961853027,4.539999961853027,4.5,4.5,9200,0.0,0.0
2024-08-21 00:00:00-04:00,4.559999942779541,4.559999942779541,4.25,4.25,33400,0.0,0.0
2024-08-22 00:00:00-04:00,4.150000095367432,4.269999980926514,3.9000000953674316,4.099999904632568,101600,0.0,0.0
2024-08-23 00:00:00-04:00,4.039999961853027,4.53000020980835,4.039999961853027,4.340000152587891,38900,0.0,0.0
2024-08-26 00:00:00-04:00,4.289999961853027,4.349999904632568,4.03000020980835,4.210000038146973,40400,0.0,0.0
2024-08-27 00:00:00-04:00,4.139999866485596,4.260000228881836,4.0,4.0,29400,0.0,0.0
2024-08-28 00:00:00-04:00,4.0,4.21999979019165,4.0,4.170000076293945,32900,0.0,0.0
2024-08-29 00:00:00-04:00,4.119999885559082,4.210000038146973,4.079999923706055,4.130000114440918,19500,0.0,0.0
2024-08-30 00:00:00-04:00,4.170000076293945,4.239999771118164,4.139999866485596,4.139999866485596,13600,0.0,0.0
2024-09-03 00:00:00-04:00,4.170000076293945,4.260000228881836,4.050000190734863,4.079999923706055,33000,0.0,0.0
2024-09-04 00:00:00-04:00,4.019999980926514,4.090000152587891,3.690000057220459,3.7699999809265137,44500,0.0,0.0
2024-09-05 00:00:00-04:00,3.740000009536743,3.869999885559082,3.690000057220459,3.819999933242798,21200,0.0,0.0
2024-09-06 00:00:00-04:00,3.7300000190734863,3.7899999618530273,3.569999933242798,3.5799999237060547,14900,0.0,0.0
2024-09-09 00:00:00-04:00,3.5299999713897705,3.8499999046325684,3.5299999713897705,3.799999952316284,19200,0.0,0.0
2024-09-10 00:00:00-04:00,3.7799999713897705,3.809999942779541,3.690000057220459,3.7899999618530273,44100,0.0,0.0
2024-09-11 00:00:00-04:00,3.799999952316284,3.819999933242798,3.759999990463257,3.7899999618530273,14200,0.0,0.0
2024-09-12 00:00:00-04:00,3.819999933242798,3.9000000953674316,3.799999952316284,3.859999895095825,98000,0.0,0.0
2024-09-13 00:00:00-04:00,3.859999895095825,3.930000066757202,3.7699999809265137,3.7699999809265137,74900,0.0,0.0
2024-09-16 00:00:00-04:00,3.799999952316284,3.9600000381469727,3.799999952316284,3.930000066757202,148500,0.0,0.0
2024-09-17 00:00:00-04:00,4.090000152587891,4.190000057220459,3.9800000190734863,4.190000057220459,291700,0.0,0.0
2024-09-18 00:00:00-04:00,4.150000095367432,4.179999828338623,3.9000000953674316,3.9000000953674316,132600,0.0,0.0
2024-09-19 00:00:00-04:00,3.9800000190734863,4.139999866485596,3.9200000762939453,4.010000228881836,119900,0.0,0.0
2024-09-20 00:00:00-04:00,3.990000009536743,4.110000133514404,3.8499999046325684,3.869999885559082,287200,0.0,0.0
2024-09-23 00:00:00-04:00,3.8299999237060547,3.9700000286102295,3.8299999237060547,3.890000104904175,84400,0.0,0.0
2024-09-24 00:00:00-04:00,3.9100000858306885,4.039999961853027,3.9000000953674316,3.9700000286102295,63800,0.0,0.0
2024-09-25 00:00:00-04:00,4.0,4.079999923706055,3.940000057220459,3.990000009536743,73000,0.0,0.0
2024-09-26 00:00:00-04:00,4.159999847412109,4.159999847412109,3.9100000858306885,3.9100000858306885,76600,0.0,0.0
2024-09-27 00:00:00-04:00,4.059999942779541,4.090000152587891,3.859999895095825,3.950000047683716,82700,0.0,0.0
2024-09-30 00:00:00-04:00,4.0,4.090000152587891,3.6500000953674316,3.700000047683716,71400,0.0,0.0
2024-10-01 00:00:00-04:00,3.6600000858306885,3.759999990463257,3.309999942779541,3.450000047683716,44200,0.0,0.0
2024-10-02 00:00:00-04:00,3.390000104904175,3.4200000762939453,3.25,3.369999885559082,25500,0.0,0.0
2024-10-03 00:00:00-04:00,3.359999895095825,3.359999895095825,3.259999990463257,3.2799999713897705,23200,0.0,0.0
2024-10-04 00:00:00-04:00,3.2699999809265137,3.4700000286102295,3.25,3.4700000286102295,50300,0.0,0.0
2024-10-07 00:00:00-04:00,3.4000000953674316,3.6600000858306885,3.3499999046325684,3.6500000953674316,36600,0.0,0.0
2024-10-08 00:00:00-04:00,3.690000057220459,3.9000000953674316,3.690000057220459,3.859999895095825,25500,0.0,0.0
2024-10-09 00:00:00-04:00,3.8399999141693115,4.019999980926514,3.7799999713897705,3.9100000858306885,35000,0.0,0.0
2024-10-10 00:00:00-04:00,3.9100000858306885,4.909999847412109,3.890000104904175,4.860000133514404,101400,0.0,0.0
2024-10-11 00:00:00-04:00,4.900000095367432,5.440000057220459,4.730000019073486,5.300000190734863,113700,0.0,0.0
2024-10-14 00:00:00-04:00,5.300000190734863,6.150000095367432,5.159999847412109,5.380000114440918,155500,0.0,0.0
2024-10-15 00:00:00-04:00,5.400000095367432,5.480000019073486,5.199999809265137,5.460000038146973,33600,0.0,0.0
2024-10-16 00:00:00-04:00,5.599999904632568,6.320000171661377,5.590000152587891,6.230000019073486,104500,0.0,0.0
2024-10-17 00:00:00-04:00,6.269999980926514,6.349999904632568,6.039999961853027,6.079999923706055,16800,0.0,0.0
2024-10-18 00:00:00-04:00,6.079999923706055,6.289999961853027,5.809999942779541,5.869999885559082,26600,0.0,0.0
2024-10-21 00:00:00-04:00,5.75,6.199999809265137,5.329999923706055,6.170000076293945,43200,0.0,0.0
2024-10-22 00:00:00-04:00,6.070000171661377,6.5,6.059999942779541,6.340000152587891,46300,0.0,0.0
2024-10-23 00:00:00-04:00,6.300000190734863,6.329999923706055,6.269999980926514,6.300000190734863,14200,0.0,0.0
2024-10-24 00:00:00-04:00,6.340000152587891,6.489999771118164,6.179999828338623,6.349999904632568,53100,0.0,0.0
2024-10-25 00:00:00-04:00,6.46999979019165,6.46999979019165,6.25,6.28000020980835,7600,0.0,0.0
2024-10-28 00:00:00-04:00,6.289999961853027,6.440000057220459,6.269999980926514,6.300000190734863,50700,0.0,0.0
2024-10-29 00:00:00-04:00,6.289999961853027,6.489999771118164,6.159999847412109,6.269999980926514,44700,0.0,0.0
2024-10-30 00:00:00-04:00,6.269999980926514,6.269999980926514,5.829999923706055,6.099999904632568,30400,0.0,0.0
2024-10-31 00:00:00-04:00,5.980000019073486,6.110000133514404,5.75,5.869999885559082,22100,0.0,0.0
2024-11-01 00:00:00-04:00,5.849999904632568,5.960000038146973,5.730000019073486,5.920000076293945,11000,0.0,0.0
2024-11-04 00:00:00-05:00,5.849999904632568,5.900000095367432,4.889999866485596,4.940000057220459,129500,0.0,0.0
2024-11-05 00:00:00-05:00,4.880000114440918,5.400000095367432,4.739999771118164,5.090000152587891,90800,0.0,0.0
2024-11-06 00:00:00-05:00,5.46999979019165,5.46999979019165,4.840000152587891,5.139999866485596,49100,0.0,0.0
2024-11-07 00:00:00-05:00,5.519999980926514,5.559999942779541,5.150000095367432,5.159999847412109,19600,0.0,0.0
2024-11-08 00:00:00-05:00,4.980000019073486,5.059999942779541,4.429999828338623,4.46999979019165,53800,0.0,0.0
2024-11-11 00:00:00-05:00,4.5,4.5,3.7100000381469727,4.010000228881836,143100,0.0,0.0
2024-11-12 00:00:00-05:00,3.9000000953674316,4.119999885559082,3.859999895095825,4.079999923706055,42900,0.0,0.0
2024-11-13 00:00:00-05:00,4.059999942779541,4.130000114440918,3.7799999713897705,3.819999933242798,23000,0.0,0.0
2024-11-14 00:00:00-05:00,3.859999895095825,4.449999809265137,3.859999895095825,4.210000038146973,36400,0.0,0.0
2024-11-15 00:00:00-05:00,4.170000076293945,4.21999979019165,3.990000009536743,4.0,16100,0.0,0.0
2024-11-18 00:00:00-05:00,3.9700000286102295,4.039999961853027,3.8299999237060547,3.890000104904175,34900,0.0,0.0
2024-11-19 00:00:00-05:00,3.8399999141693115,4.110000133514404,3.819999933242798,3.8499999046325684,36900,0.0,0.0
2024-11-20 00:00:00-05:00,3.809999942779541,3.9700000286102295,3.809999942779541,3.890000104904175,18900,0.0,0.0
2024-11-21 00:00:00-05:00,3.8299999237060547,5.070000171661377,3.8299999237060547,4.820000171661377,134400,0.0,0.0
2024-11-22 00:00:00-05:00,5.570000171661377,6.480000019073486,5.389999866485596,5.989999771118164,418200,0.0,0.0
2024-11-25 00:00:00-05:00,6.099999904632568,6.539999961853027,5.869999885559082,5.920000076293945,79200,0.0,0.0
2024-11-26 00:00:00-05:00,5.960000038146973,6.420000076293945,5.960000038146973,6.130000114440918,25300,0.0,0.0
2024-11-27 00:00:00-05:00,6.079999923706055,6.170000076293945,5.789999961853027,5.860000133514404,21100,0.0,0.0
2024-11-29 00:00:00-05:00,5.860000133514404,6.199999809265137,5.75,6.059999942779541,12600,0.0,0.0
2024-12-02 00:00:00-05:00,6.190000057220459,6.199999809265137,5.849999904632568,6.03000020980835,17900,0.0,0.0
2024-12-03 00:00:00-05:00,6.159999847412109,6.159999847412109,5.800000190734863,5.900000095367432,18600,0.0,0.0
2024-12-04 00:00:00-05:00,5.949999809265137,6.090000152587891,5.75,5.940000057220459,5200,0.0,0.0
2024-12-05 00:00:00-05:00,5.599999904632568,6.110000133514404,5.599999904632568,5.860000133514404,8100,0.0,0.0
2024-12-06 00:00:00-05:00,6.010000228881836,6.5,5.809999942779541,6.239999771118164,28100,0.0,0.0
2024-12-09 00:00:00-05:00,6.340000152587891,6.440000057220459,6.25,6.360000133514404,17900,0.0,0.0
2024-12-10 00:00:00-05:00,6.480000019073486,6.480000019073486,6.0,6.099999904632568,10600,0.0,0.0
2024-12-11 00:00:00-05:00,6.059999942779541,6.110000133514404,5.409999847412109,5.860000133514404,34700,0.0,0.0
2024-12-12 00:00:00-05:00,5.849999904632568,6.010000228881836,5.559999942779541,5.929999828338623,25000,0.0,0.0
2024-12-13 00:00:00-05:00,5.940000057220459,5.989999771118164,5.480000019073486,5.5,36900,0.0,0.0
2024-12-16 00:00:00-05:00,5.429999828338623,5.920000076293945,5.429999828338623,5.710000038146973,18700,0.0,0.0
2024-12-17 00:00:00-05:00,5.46999979019165,5.889999866485596,5.449999809265137,5.710000038146973,23900,0.0,0.0
2024-12-18 00:00:00-05:00,5.659999847412109,5.730000019073486,5.159999847412109,5.170000076293945,37200,0.0,0.0
2024-12-19 00:00:00-05:00,5.159999847412109,5.539999961853027,5.090000152587891,5.110000133514404,81600,0.0,0.0
2024-12-20 00:00:00-05:00,5.099999904632568,5.480000019073486,5.099999904632568,5.25,47800,0.0,0.0
2024-12-23 00:00:00-05:00,5.119999885559082,5.570000171661377,5.110000133514404,5.21999979019165,34700,0.0,0.0
2024-12-24 00:00:00-05:00,5.199999809265137,5.269999980926514,5.070000171661377,5.269999980926514,7000,0.0,0.0
2024-12-26 00:00:00-05:00,5.300000190734863,5.610000133514404,5.28000020980835,5.389999866485596,25900,0.0,0.0
2024-12-27 00:00:00-05:00,5.139999866485596,5.480000019073486,5.090000152587891,5.329999923706055,19600,0.0,0.0
2024-12-30 00:00:00-05:00,5.300000190734863,5.320000171661377,4.800000190734863,4.989999771118164,75600,0.0,0.0
2024-12-31 00:00:00-05:00,4.960000038146973,5.099999904632568,4.840000152587891,4.940000057220459,110500,0.0,0.0
2025-01-02 00:00:00-05:00,5.110000133514404,5.110000133514404,4.880000114440918,5.0,14500,0.0,0.0
2025-01-03 00:00:00-05:00,4.980000019073486,5.550000190734863,4.980000019073486,5.46999979019165,21600,0.0,0.0
2025-01-06 00:00:00-05:00,5.460000038146973,5.809999942779541,5.460000038146973,5.670000076293945,19100,0.0,0.0
2025-01-07 00:00:00-05:00,5.699999809265137,5.699999809265137,5.340000152587891,5.599999904632568,11000,0.0,0.0
2025-01-08 00:00:00-05:00,5.599999904632568,5.769999980926514,5.340000152587891,5.400000095367432,27200,0.0,0.0
2025-01-10 00:00:00-05:00,5.150000095367432,5.650000095367432,4.900000095367432,4.989999771118164,51400,0.0,0.0
2025-01-13 00:00:00-05:00,4.739999771118164,5.28000020980835,4.739999771118164,4.739999771118164,32600,0.0,0.0
2025-01-14 00:00:00-05:00,4.929999828338623,4.929999828338623,4.71999979019165,4.78000020980835,5200,0.0,0.0
2025-01-15 00:00:00-05:00,4.820000171661377,4.929999828338623,4.809999942779541,4.849999904632568,3800,0.0,0.0
2025-01-16 00:00:00-05:00,4.940000057220459,4.940000057220459,4.829999923706055,4.880000114440918,2600,0.0,0.0
2025-01-17 00:00:00-05:00,4.860000133514404,5.210000038146973,4.829999923706055,5.110000133514404,566200,0.0,0.0
2025-01-21 00:00:00-05:00,7.429999828338623,10.949999809265137,6.550000190734863,9.520000457763672,31089900,0.0,0.0
2025-01-22 00:00:00-05:00,9.329999923706055,10.850000381469727,8.640000343322754,10.380000114440918,1721200,0.0,0.0
2025-01-23 00:00:00-05:00,10.6899995803833,11.210000038146973,9.960000038146973,10.09000015258789,693900,0.0,0.0
2025-01-24 00:00:00-05:00,10.3100004196167,10.859999656677246,9.949999809265137,10.59000015258789,238400,0.0,0.0
2025-01-27 00:00:00-05:00,10.319999694824219,12.479999542236328,10.220000267028809,11.130000114440918,519800,0.0,0.0
2025-01-28 00:00:00-05:00,11.140000343322754,11.6899995803833,10.510000228881836,10.59000015258789,244000,0.0,0.0
2025-01-29 00:00:00-05:00,10.739999771118164,11.239999771118164,10.529999732971191,11.069999694824219,122700,0.0,0.0
2025-01-30 00:00:00-05:00,10.960000038146973,11.460000038146973,10.829999923706055,11.069999694824219,80500,0.0,0.0
2025-01-31 00:00:00-05:00,11.109999656677246,11.850000381469727,11.109999656677246,11.619999885559082,158000,0.0,0.0
2025-02-03 00:00:00-05:00,11.289999961853027,11.720000267028809,10.920000076293945,11.329999923706055,130300,0.0,0.0
2025-02-04 00:00:00-05:00,11.399999618530273,12.380000114440918,11.220000267028809,11.84000015258789,169900,0.0,0.0
2025-02-05 00:00:00-05:00,11.850000381469727,12.380000114440918,11.399999618530273,12.260000228881836,180200,0.0,0.0
2025-02-06 00:00:00-05:00,12.220000267028809,13.119999885559082,12.1899995803833,13.119999885559082,194400,0.0,0.0
2025-02-07 00:00:00-05:00,12.9399995803833,13.279999732971191,11.649999618530273,11.880000114440918,159600,0.0,0.0
2025-02-10 00:00:00-05:00,12.210000038146973,12.6899995803833,11.600000381469727,12.6899995803833,137100,0.0,0.0
2025-02-11 00:00:00-05:00,12.6899995803833,12.84000015258789,12.010000228881836,12.609999656677246,56500,0.0,0.0
2025-02-12 00:00:00-05:00,12.369999885559082,12.989999771118164,12.229999542236328,12.5,51900,0.0,0.0
2025-02-13 00:00:00-05:00,12.699999809265137,13.5,12.319999694824219,13.390000343322754,170100,0.0,0.0
2025-02-14 00:00:00-05:00,13.449999809265137,13.789999961853027,12.510000228881836,12.779999732971191,123400,0.0,0.0
2025-02-18 00:00:00-05:00,12.890000343322754,13.1899995803833,12.5,12.850000381469727,69500,0.0,0.0
2025-02-19 00:00:00-05:00,12.850000381469727,13.130000114440918,12.170000076293945,12.279999732971191,69600,0.0,0.0
2025-02-20 00:00:00-05:00,12.399999618530273,12.65999984741211,12.149999618530273,12.319999694824219,112000,0.0,0.0
2025-02-21 00:00:00-05:00,12.289999961853027,12.40999984741211,10.699999809265137,10.8100004196167,161300,0.0,0.0
2025-02-24 00:00:00-05:00,10.710000038146973,11.079999923706055,9.949999809265137,10.109999656677246,164600,0.0,0.0
2025-02-25 00:00:00-05:00,9.890000343322754,10.300000190734863,9.40999984741211,10.029999732971191,133600,0.0,0.0
2025-02-26 00:00:00-05:00,10.09000015258789,10.779999732971191,9.699999809265137,9.90999984741211,163300,0.0,0.0
2025-02-27 00:00:00-05:00,9.850000381469727,10.050000190734863,8.779999732971191,8.920000076293945,138800,0.0,0.0
2025-02-28 00:00:00-05:00,8.9399995803833,9.359999656677246,8.630000114440918,9.119999885559082,93100,0.0,0.0
2025-03-03 00:00:00-05:00,9.399999618530273,9.630000114440918,8.199999809265137,8.25,88400,0.0,0.0
2025-03-04 00:00:00-05:00,8.210000038146973,8.300000190734863,7.269999980926514,7.829999923706055,289500,0.0,0.0
2025-03-05 00:00:00-05:00,7.880000114440918,8.119999885559082,7.429999828338623,7.880000114440918,85300,0.0,0.0
2025-03-06 00:00:00-05:00,7.739999771118164,8.069999694824219,7.650000095367432,7.829999923706055,60000,0.0,0.0
2025-03-07 00:00:00-05:00,7.800000190734863,8.449999809265137,7.639999866485596,8.039999961853027,65900,0.0,0.0
2025-03-10 00:00:00-04:00,7.769999980926514,7.989999771118164,7.090000152587891,7.230000019073486,180500,0.0,0.0
2025-03-11 00:00:00-04:00,7.159999847412109,7.949999809265137,7.079999923706055,7.71999979019165,111600,0.0,0.0
2025-03-12 00:00:00-04:00,7.949999809265137,8.420000076293945,7.550000190734863,8.15999984741211,79300,0.0,0.0
2025-03-13 00:00:00-04:00,8.0,8.0,7.650000095367432,7.659999847412109,49500,0.0,0.0
2025-03-14 00:00:00-04:00,7.71999979019165,8.010000228881836,7.539999961853027,7.809999942779541,13200,0.0,0.0
2025-03-17 00:00:00-04:00,7.829999923706055,8.260000228881836,7.559999942779541,8.100000381469727,23800,0.0,0.0
2025-03-18 00:00:00-04:00,8.0,8.84000015258789,7.900000095367432,8.630000114440918,76000,0.0,0.0
2025-03-19 00:00:00-04:00,8.680000305175781,8.729999542236328,8.119999885559082,8.380000114440918,61100,0.0,0.0
2025-03-20 00:00:00-04:00,8.350000381469727,8.8100004196167,8.300000190734863,8.739999771118164,22800,0.0,0.0
2025-03-21 00:00:00-04:00,8.579999923706055,8.829999923706055,8.40999984741211,8.619999885559082,23700,0.0,0.0
2025-03-24 00:00:00-04:00,8.880000114440918,8.880000114440918,8.3100004196167,8.819999694824219,54800,0.0,0.0
2025-03-25 00:00:00-04:00,8.90999984741211,9.010000228881836,8.529999732971191,8.579999923706055,50600,0.0,0.0
2025-03-26 00:00:00-04:00,8.619999885559082,8.720000267028809,7.960000038146973,8.199999809265137,35500,0.0,0.0
2025-03-27 00:00:00-04:00,8.140000343322754,8.449999809265137,7.829999923706055,8.289999961853027,20700,0.0,0.0
2025-03-28 00:00:00-04:00,8.220000267028809,8.520000457763672,8.029999732971191,8.15999984741211,34500,0.0,0.0
2025-03-31 00:00:00-04:00,7.940000057220459,7.940000057220459,7.5,7.829999923706055,49500,0.0,0.0
2025-04-01 00:00:00-04:00,7.409999847412109,7.849999904632568,7.230000019073486,7.309999942779541,51600,0.0,0.0
2025-04-02 00:00:00-04:00,7.159999847412109,7.239999771118164,6.949999809265137,7.019999980926514,47800,0.0,0.0
2025-04-03 00:00:00-04:00,6.639999866485596,6.639999866485596,5.940000057220459,6.070000171661377,172100,0.0,0.0
2025-04-04 00:00:00-04:00,5.659999847412109,5.980000019073486,5.579999923706055,5.78000020980835,146300,0.0,0.0
2025-04-07 00:00:00-04:00,5.400000095367432,5.78000020980835,5.239999771118164,5.670000076293945,96100,0.0,0.0
2025-04-08 00:00:00-04:00,5.989999771118164,6.019999980926514,5.369999885559082,5.519999980926514,76300,0.0,0.0
2025-04-09 00:00:00-04:00,5.489999771118164,6.400000095367432,5.429999828338623,6.190000057220459,77000,0.0,0.0
2025-04-10 00:00:00-04:00,6.0,6.0,5.489999771118164,5.880000114440918,14200,0.0,0.0
2025-04-11 00:00:00-04:00,5.900000095367432,6.309999942779541,5.800000190734863,6.25,10200,0.0,0.0
2025-04-14 00:00:00-04:00,6.409999847412109,6.409999847412109,5.78000020980835,5.940000057220459,23400,0.0,0.0
2025-04-15 00:00:00-04:00,6.0,6.309999942779541,5.829999923706055,5.860000133514404,10000,0.0,0.0
2025-04-16 00:00:00-04:00,5.880000114440918,5.96999979019165,5.739999771118164,5.900000095367432,12000,0.0,0.0
2025-04-17 00:00:00-04:00,6.03000020980835,6.03000020980835,5.650000095367432,5.800000190734863,7500,0.0,0.0
2025-04-21 00:00:00-04:00,5.710000038146973,5.889999866485596,5.5,5.5,22000,0.0,0.0
2025-04-22 00:00:00-04:00,5.690000057220459,6.079999923706055,5.5,5.929999828338623,25600,0.0,0.0
2025-04-23 00:00:00-04:00,6.099999904632568,6.099999904632568,5.71999979019165,5.829999923706055,13700,0.0,0.0
2025-04-24 00:00:00-04:00,5.929999828338623,6.389999866485596,5.900000095367432,6.389999866485596,27600,0.0,0.0
2025-04-25 00:00:00-04:00,6.389999866485596,6.710000038146973,6.389999866485596,6.630000114440918,20200,0.0,0.0
2025-04-28 00:00:00-04:00,6.619999885559082,6.880000114440918,6.429999828338623,6.829999923706055,30600,0.0,0.0
2025-04-29 00:00:00-04:00,6.880000114440918,6.880000114440918,6.590000152587891,6.659999847412109,13700,0.0,0.0
2025-04-30 00:00:00-04:00,6.570000171661377,6.800000190734863,6.320000171661377,6.619999885559082,22900,0.0,0.0
2025-05-01 00:00:00-04:00,6.630000114440918,6.949999809265137,6.300000190734863,6.360000133514404,7400,0.0,0.0
2025-05-02 00:00:00-04:00,6.53000020980835,6.760000228881836,6.329999923706055,6.760000228881836,15800,0.0,0.0
2025-05-05 00:00:00-04:00,6.559999942779541,6.760000228881836,6.480000019073486,6.559999942779541,14500,0.0,0.0
2025-05-06 00:00:00-04:00,6.630000114440918,6.630000114440918,5.739999771118164,6.239999771118164,43900,0.0,0.0
2025-05-07 00:00:00-04:00,6.449999809265137,6.449999809265137,5.929999828338623,6.150000095367432,17500,0.0,0.0
2025-05-08 00:00:00-04:00,6.21999979019165,6.650000095367432,6.190000057220459,6.480000019073486,26100,0.0,0.0
2025-05-09 00:00:00-04:00,6.489999771118164,7.610000133514404,6.409999847412109,7.090000152587891,63800,0.0,0.0
2025-05-12 00:00:00-04:00,7.519999980926514,7.519999980926514,6.769999980926514,6.789999961853027,66300,0.0,0.0
2025-05-13 00:00:00-04:00,6.849999904632568,6.849999904632568,6.300000190734863,6.420000076293945,11300,0.0,0.0
2025-05-14 00:00:00-04:00,6.119999885559082,6.25,5.690000057220459,5.920000076293945,29400,0.0,0.0
2025-05-15 00:00:00-04:00,5.880000114440918,6.070000171661377,5.840000152587891,5.960000038146973,12000,0.0,0.0
2025-05-16 00:00:00-04:00,5.940000057220459,6.179999828338623,5.820000171661377,6.010000228881836,24600,0.0,0.0
2025-05-19 00:00:00-04:00,5.940000057220459,5.96999979019165,5.800000190734863,5.940000057220459,8200,0.0,0.0
2025-05-20 00:00:00-04:00,5.869999885559082,6.309999942779541,5.789999961853027,5.840000152587891,10500,0.0,0.0
2025-05-21 00:00:00-04:00,5.690000057220459,5.960000038146973,5.619999885559082,5.730000019073486,16700,0.0,0.0
2025-05-22 00:00:00-04:00,5.610000133514404,6.980000019073486,5.539999961853027,6.840000152587891,93300,0.0,0.0
2025-05-23 00:00:00-04:00,6.710000038146973,6.800000190734863,6.21999979019165,6.320000171661377,60000,0.0,0.0
2025-05-27 00:00:00-04:00,6.449999809265137,8.279999732971191,6.429999828338623,7.389999866485596,181100,0.0,0.0
2025-05-28 00:00:00-04:00,7.420000076293945,7.550000190734863,6.130000114440918,6.449999809265137,160200,0.0,0.0
2025-05-29 00:00:00-04:00,6.5,6.5,5.630000114440918,6.059999942779541,33200,0.0,0.0
2025-05-30 00:00:00-04:00,6.050000190734863,6.050000190734863,5.71999979019165,5.78000020980835,14000,0.0,0.0
2025-06-02 00:00:00-04:00,5.71999979019165,5.71999979019165,5.21999979019165,5.449999809265137,101400,0.0,0.0
2025-06-03 00:00:00-04:00,5.369999885559082,5.829999923706055,5.269999980926514,5.800000190734863,34900,0.0,0.0
2025-06-04 00:00:00-04:00,5.800000190734863,5.800000190734863,5.460000038146973,5.610000133514404,25300,0.0,0.0
2025-06-05 00:00:00-04:00,5.619999885559082,5.820000171661377,5.5,5.659999847412109,21400,0.0,0.0
2025-06-06 00:00:00-04:00,5.659999847412109,5.840000152587891,5.659999847412109,5.75,5700,0.0,0.0
2025-06-09 00:00:00-04:00,5.769999980926514,5.820000171661377,5.650000095367432,5.710000038146973,7400,0.0,0.0
2025-06-10 00:00:00-04:00,5.760000228881836,5.760000228881836,5.5,5.5,12700,0.0,0.0
2025-06-11 00:00:00-04:00,5.460000038146973,5.579999923706055,5.400000095367432,5.460000038146973,13300,0.0,0.0
2025-06-12 00:00:00-04:00,5.400000095367432,5.659999847412109,5.369999885559082,5.5,27400,0.0,0.0
2025-06-13 00:00:00-04:00,5.369999885559082,5.53000020980835,5.309999942779541,5.400000095367432,23400,0.0,0.0
2025-06-16 00:00:00-04:00,5.550000190734863,5.550000190734863,5.349999904632568,5.360000133514404,7500,0.0,0.0
2025-06-17 00:00:00-04:00,5.349999904632568,5.400000095367432,5.25,5.300000190734863,16100,0.0,0.0
2025-06-18 00:00:00-04:00,5.349999904632568,5.369999885559082,5.170000076293945,5.28000020980835,28900,0.0,0.0
2025-06-20 00:00:00-04:00,5.289999961853027,5.5,5.179999828338623,5.329999923706055,17400,0.0,0.0
2025-06-23 00:00:00-04:00,5.269999980926514,5.46999979019165,5.239999771118164,5.239999771118164,29900,0.0,0.0
2025-06-24 00:00:00-04:00,5.369999885559082,5.480000019073486,5.210000038146973,5.309999942779541,9100,0.0,0.0
2025-06-25 00:00:00-04:00,5.210000038146973,5.349999904632568,5.199999809265137,5.269999980926514,21600,0.0,0.0
2025-06-26 00:00:00-04:00,5.309999942779541,5.309999942779541,5.039999961853027,5.130000114440918,27500,0.0,0.0
2025-06-27 00:00:00-04:00,5.090000152587891,5.369999885559082,5.090000152587891,5.360000133514404,34000,0.0,0.0
2025-06-30 00:00:00-04:00,5.340000152587891,5.340000152587891,5.099999904632568,5.150000095367432,22000,0.0,0.0
2025-07-01 00:00:00-04:00,5.110000133514404,5.25,5.110000133514404,5.230000019073486,16300,0.0,0.0
2025-07-02 00:00:00-04:00,5.309999942779541,5.619999885559082,5.28000020980835,5.599999904632568,13100,0.0,0.0
2025-07-03 00:00:00-04:00,5.559999942779541,5.599999904632568,5.409999847412109,5.449999809265137,15200,0.0,0.0
2025-07-07 00:00:00-04:00,5.340000152587891,5.449999809265137,5.199999809265137,5.289999961853027,17700,0.0,0.0
2025-07-08 00:00:00-04:00,5.320000171661377,5.650000095367432,5.320000171661377,5.5,15200,0.0,0.0
2025-07-09 00:00:00-04:00,5.599999904632568,5.760000228881836,5.400000095367432,5.679999828338623,27600,0.0,0.0
2025-07-10 00:00:00-04:00,5.699999809265137,5.699999809265137,5.409999847412109,5.590000152587891,11400,0.0,0.0
2025-07-11 00:00:00-04:00,5.460000038146973,5.650000095367432,5.460000038146973,5.550000190734863,7100,0.0,0.0
2025-07-14 00:00:00-04:00,5.449999809265137,5.449999809265137,5.230000019073486,5.349999904632568,12600,0.0,0.0
2025-07-15 00:00:00-04:00,5.340000152587891,5.460000038146973,5.28000020980835,5.349999904632568,5300,0.0,0.0
2025-07-16 00:00:00-04:00,5.360000133514404,5.420000076293945,5.119999885559082,5.260000228881836,8200,0.0,0.0
2025-07-17 00:00:00-04:00,5.420000076293945,5.900000095367432,5.420000076293945,5.559999942779541,47900,0.0,0.0
2025-07-18 00:00:00-04:00,5.710000038146973,5.800000190734863,5.429999828338623,5.449999809265137,7000,0.0,0.0
2025-07-21 00:00:00-04:00,5.46999979019165,5.760000228881836,5.300000190734863,5.300000190734863,14600,0.0,0.0
2025-07-22 00:00:00-04:00,5.119999885559082,5.670000076293945,5.090000152587891,5.590000152587891,34100,0.0,0.0
2025-07-23 00:00:00-04:00,5.519999980926514,5.78000020980835,5.389999866485596,5.78000020980835,5600,0.0,0.0
2025-07-24 00:00:00-04:00,5.739999771118164,6.0,5.590000152587891,5.699999809265137,5500,0.0,0.0
2025-07-25 00:00:00-04:00,5.760000228881836,5.949999809265137,5.650000095367432,5.809999942779541,6200,0.0,0.0
2025-07-28 00:00:00-04:00,5.840000152587891,5.96999979019165,5.840000152587891,5.889999866485596,4400,0.0,0.0
2025-07-29 00:00:00-04:00,5.900000095367432,6.059999942779541,5.699999809265137,5.869999885559082,4400,0.0,0.0
2025-07-30 00:00:00-04:00,5.929999828338623,6.050000190734863,5.840000152587891,5.860000133514404,5800,0.0,0.0
2025-07-31 00:00:00-04:00,5.769999980926514,6.199999809265137,5.579999923706055,5.659999847412109,48800,0.0,0.0
2025-08-01 00:00:00-04:00,5.409999847412109,5.820000171661377,5.090000152587891,5.269999980926514,50100,0.0,0.0
2025-08-04 00:00:00-04:00,5.389999866485596,5.5,5.110000133514404,5.360000133514404,21700,0.0,0.0
2025-08-05 00:00:00-04:00,5.699999809265137,6.840000152587891,5.480000019073486,5.760000228881836,99100,0.0,0.0
2025-08-06 00:00:00-04:00,5.53000020980835,5.980000019073486,5.53000020980835,5.679999828338623,25000,0.0,0.0
2025-08-07 00:00:00-04:00,5.0,5.590000152587891,4.480000019073486,4.550000190734863,83700,0.0,0.0
2025-08-08 00:00:00-04:00,4.650000095367432,5.190000057220459,4.650000095367432,5.150000095367432,63000,0.0,0.0
2025-08-11 00:00:00-04:00,5.150000095367432,5.210000038146973,4.690000057220459,4.739999771118164,25800,0.0,0.0
2025-08-12 00:00:00-04:00,4.769999980926514,4.989999771118164,4.610000133514404,4.679999828338623,39000,0.0,0.0
2025-08-13 00:00:00-04:00,4.710000038146973,4.960000038146973,4.510000228881836,4.539999961853027,14000,0.0,0.0
2025-08-14 00:00:00-04:00,4.5,4.900000095367432,4.400000095367432,4.869999885559082,16100,0.0,0.0
2025-08-15 00:00:00-04:00,4.909999847412109,4.909999847412109,4.599999904632568,4.690000057220459,14300,0.0,0.0
2025-08-18 00:00:00-04:00,4.630000114440918,4.769999980926514,4.440000057220459,4.440000057220459,27300,0.0,0.0
2025-08-19 00:00:00-04:00,4.440000057220459,4.739999771118164,4.440000057220459,4.599999904632568,16600,0.0,0.0
2025-08-20 00:00:00-04:00,4.659999847412109,4.96999979019165,4.510000228881836,4.730000019073486,67500,0.0,0.0
2025-08-21 00:00:00-04:00,4.599999904632568,4.940000057220459,4.599999904632568,4.769999980926514,27400,0.0,0.0
2025-08-22 00:00:00-04:00,4.880000114440918,5.0,4.789999961853027,4.880000114440918,10900,0.0,0.0
2025-08-25 00:00:00-04:00,4.849999904632568,5.260000228881836,4.849999904632568,5.119999885559082,12500,0.0,0.0
2025-08-26 00:00:00-04:00,5.170000076293945,5.380000114440918,5.0,5.0,13400,0.0,0.0
2025-08-27 00:00:00-04:00,5.010000228881836,5.420000076293945,4.849999904632568,5.309999942779541,16100,0.0,0.0
2025-08-28 00:00:00-04:00,5.329999923706055,5.579999923706055,5.039999961853027,5.550000190734863,30300,0.0,0.0
2025-08-29 00:00:00-04:00,5.579999923706055,5.590000152587891,5.329999923706055,5.409999847412109,4800,0.0,0.0
2025-09-02 00:00:00-04:00,5.389999866485596,5.599999904632568,4.980000019073486,5.559999942779541,21200,0.0,0.0
2025-09-03 00:00:00-04:00,5.539999961853027,5.71999979019165,5.389999866485596,5.659999847412109,21300,0.0,0.0
2025-09-04 00:00:00-04:00,5.610000133514404,5.639999866485596,5.539999961853027,5.539999961853027,4900,0.0,0.0
2025-09-05 00:00:00-04:00,5.519999980926514,5.690000057220459,5.099999904632568,5.639999866485596,5600,0.0,0.0
2025-09-08 00:00:00-04:00,5.639999866485596,5.71999979019165,5.199999809265137,5.300000190734863,81400,0.0,0.0
2025-09-09 00:00:00-04:00,5.170000076293945,5.46999979019165,4.760000228881836,4.809999942779541,37000,0.0,0.0
2025-09-10 00:00:00-04:00,4.619999885559082,4.900000095367432,4.599999904632568,4.900000095367432,56900,0.0,0.0
2025-09-11 00:00:00-04:00,4.800000190734863,5.099999904632568,4.800000190734863,5.010000228881836,36100,0.0,0.0
2025-09-12 00:00:00-04:00,5.079999923706055,5.25,4.960000038146973,5.050000190734863,41500,0.0,0.0
2025-09-15 00:00:00-04:00,5.079999923706055,5.170000076293945,4.670000076293945,4.75,28900,0.0,0.0
2025-09-16 00:00:00-04:00,4.75,4.880000114440918,4.539999961853027,4.679999828338623,30100,0.0,0.0
2025-09-17 00:00:00-04:00,4.699999809265137,4.960000038146973,4.650000095367432,4.75,55200,0.0,0.0
2025-09-18 00:00:00-04:00,4.829999923706055,5.0,4.650000095367432,4.690000057220459,41700,0.0,0.0
2025-09-19 00:00:00-04:00,4.739999771118164,5.050000190734863,4.53000020980835,5.039999961853027,230200,0.0,0.0
2025-09-22 00:00:00-04:00,4.96999979019165,5.239999771118164,4.630000114440918,5.139999866485596,42300,0.0,0.0
2025-09-23 00:00:00-04:00,5.139999866485596,5.25,4.880000114440918,4.900000095367432,14800,0.0,0.0
2025-09-24 00:00:00-04:00,4.929999828338623,5.070000171661377,4.809999942779541,4.809999942779541,12000,0.0,0.0
2025-09-25 00:00:00-04:00,4.789999961853027,4.880000114440918,4.730000019073486,4.75,25500,0.0,0.0
2025-09-26 00:00:00-04:00,4.730000019073486,4.889999866485596,4.730000019073486,4.789999961853027,5700,0.0,0.0
2025-09-29 00:00:00-04:00,4.769999980926514,4.829999923706055,4.590000152587891,4.590000152587891,15100,0.0,0.0
2025-09-30 00:00:00-04:00,4.590000152587891,4.980000019073486,4.590000152587891,4.889999866485596,30400,0.0,0.0
2025-10-01 00:00:00-04:00,4.820000171661377,4.949999809265137,4.570000171661377,4.570000171661377,22600,0.0,0.0
2025-10-02 00:00:00-04:00,4.599999904632568,4.929999828338623,4.53000020980835,4.590000152587891,22700,0.0,0.0
2025-10-03 00:00:00-04:00,4.570000171661377,4.739999771118164,4.570000171661377,4.650000095367432,43600,0.0,0.0
2025-10-06 00:00:00-04:00,4.699999809265137,4.800000190734863,4.429999828338623,4.46999979019165,75000,0.0,0.0
2025-10-07 00:00:00-04:00,4.519999980926514,4.550000190734863,4.309999942779541,4.320000171661377,24700,0.0,0.0
2025-10-08 00:00:00-04:00,4.329999923706055,4.5,4.130000114440918,4.190000057220459,46000,0.0,0.0
2025-10-09 00:00:00-04:00,4.199999809265137,4.320000171661377,4.050000190734863,4.099999904632568,50900,0.0,0.0
2025-10-10 00:00:00-04:00,4.150000095367432,4.480000019073486,4.110000133514404,4.409999847412109,48200,0.0,0.0
2025-10-13 00:00:00-04:00,4.489999771118164,4.739999771118164,4.480000019073486,4.659999847412109,15500,0.0,0.0
2025-10-14 00:00:00-04:00,4.630000114440918,4.869999885559082,4.539999961853027,4.659999847412109,32900,0.0,0.0
2025-10-15 00:00:00-04:00,4.610000133514404,4.679999828338623,4.53000020980835,4.559999942779541,17600,0.0,0.0
2025-10-16 00:00:00-04:00,4.559999942779541,4.610000133514404,4.380000114440918,4.5,42500,0.0,0.0
2025-10-17 00:00:00-04:00,4.510000228881836,4.679999828338623,4.440000057220459,4.53000020980835,33200,0.0,0.0
2025-10-20 00:00:00-04:00,4.550000190734863,4.829999923706055,4.550000190734863,4.690000057220459,32100,0.0,0.0
2025-10-21 00:00:00-04:00,4.71999979019165,5.5,4.71999979019165,5.230000019073486,185100,0.0,0.0
2025-10-22 00:00:00-04:00,5.239999771118164,5.480000019073486,5.079999923706055,5.340000152587891,40700,0.0,0.0
2025-10-23 00:00:00-04:00,5.320000171661377,5.650000095367432,5.159999847412109,5.260000228881836,118400,0.0,0.0
2025-10-24 00:00:00-04:00,5.170000076293945,5.699999809265137,5.170000076293945,5.610000133514404,63300,0.0,0.0
2025-10-27 00:00:00-04:00,5.5,5.5,4.730000019073486,5.179999828338623,57100,0.0,0.0
2025-10-28 00:00:00-04:00,5.079999923706055,5.269999980926514,4.900000095367432,5.230000019073486,32300,0.0,0.0
2025-10-29 00:00:00-04:00,5.199999809265137,5.349999904632568,5.190000057220459,5.260000228881836,47800,0.0,0.0
2025-10-30 00:00:00-04:00,5.159999847412109,5.309999942779541,5.159999847412109,5.28000020980835,6000,0.0,0.0
2025-10-31 00:00:00-04:00,5.300000190734863,5.5,5.300000190734863,5.420000076293945,17500,0.0,0.0
2025-11-03 00:00:00-05:00,5.369999885559082,5.400000095367432,5.210000038146973,5.25,34700,0.0,0.0
2025-11-04 00:00:00-05:00,5.190000057220459,5.71999979019165,5.159999847412109,5.599999904632568,13000,0.0,0.0
2025-11-05 00:00:00-05:00,5.659999847412109,5.920000076293945,5.539999961853027,5.840000152587891,7000,0.0,0.0
2025-11-06 00:00:00-05:00,5.820000171661377,5.900000095367432,5.71999979019165,5.869999885559082,8200,0.0,0.0
2025-11-07 00:00:00-05:00,5.800000190734863,5.800000190734863,5.260000228881836,5.679999828338623,22200,0.0,0.0
2025-11-10 00:00:00-05:00,5.730000019073486,5.829999923706055,5.489999771118164,5.5,8900,0.0,0.0
2025-11-11 00:00:00-05:00,5.630000114440918,5.690000057220459,5.190000057220459,5.5,42300,0.0,0.0
2025-11-12 00:00:00-05:00,5.480000019073486,5.889999866485596,5.25,5.46999979019165,41800,0.0,0.0
2025-11-13 00:00:00-05:00,5.510000228881836,5.860000133514404,5.510000228881836,5.599999904632568,25200,0.0,0.0
2025-11-14 00:00:00-05:00,5.489999771118164,5.690000057220459,5.090000152587891,5.150000095367432,19900,0.0,0.0
2025-11-17 00:00:00-05:00,5.199999809265137,5.260000228881836,4.699999809265137,4.769999980926514,35500,0.0,0.0
2025-11-18 00:00:00-05:00,4.800000190734863,5.199999809265137,4.800000190734863,5.119999885559082,12700,0.0,0.0
2025-11-19 00:00:00-05:00,5.179999828338623,5.260000228881836,4.920000076293945,5.010000228881836,6700,0.0,0.0
2025-11-20 00:00:00-05:00,4.989999771118164,5.059999942779541,4.829999923706055,4.989999771118164,7400,0.0,0.0
2025-11-21 00:00:00-05:00,4.760000228881836,5.21999979019165,4.760000228881836,5.21999979019165,16600,0.0,0.0
2025-11-24 00:00:00-05:00,5.119999885559082,5.230000019073486,4.980000019073486,5.130000114440918,10500,0.0,0.0
2025-11-25 00:00:00-05:00,5.21999979019165,5.21999979019165,5.110000133514404,5.139999866485596,2900,0.0,0.0
2025-11-26 00:00:00-05:00,5.139999866485596,5.139999866485596,5.050000190734863,5.050000190734863,6600,0.0,0.0
2025-11-28 00:00:00-05:00,5.119999885559082,5.239999771118164,5.119999885559082,5.170000076293945,1500,0.0,0.0
2025-12-01 00:00:00-05:00,5.070000171661377,5.179999828338623,4.929999828338623,5.0,12600,0.0,0.0
2025-12-02 00:00:00-05:00,5.059999942779541,5.059999942779541,4.940000057220459,5.0,4100,0.0,0.0
2025-12-03 00:00:00-05:00,5.0,5.019999980926514,4.889999866485596,4.980000019073486,4100,0.0,0.0
2025-12-04 00:00:00-05:00,4.920000076293945,5.019999980926514,4.760000228881836,4.860000133514404,8800,0.0,0.0
2025-12-05 00:00:00-05:00,4.920000076293945,5.019999980926514,4.809999942779541,4.920000076293945,6800,0.0,0.0
2025-12-08 00:00:00-05:00,4.989999771118164,5.28000020980835,4.840000152587891,4.949999809265137,16200,0.0,0.0
2025-12-09 00:00:00-05:00,4.96999979019165,5.070000171661377,4.829999923706055,4.829999923706055,10100,0.0,0.0
2025-12-10 00:00:00-05:00,4.800000190734863,4.900000095367432,4.659999847412109,4.659999847412109,22100,0.0,0.0
2025-12-11 00:00:00-05:00,4.730000019073486,4.730000019073486,4.380000114440918,4.510000228881836,65500,0.0,0.0
2025-12-12 00:00:00-05:00,4.550000190734863,4.730000019073486,4.159999847412109,4.440000057220459,55300,0.0,0.0
2025-12-15 00:00:00-05:00,4.360000133514404,4.449999809265137,4.320000171661377,4.320000171661377,15600,0.0,0.0
2025-12-16 00:00:00-05:00,4.5,4.739999771118164,4.420000076293945,4.489999771118164,209900,0.0,0.0
2025-12-17 00:00:00-05:00,4.489999771118164,4.829999923706055,4.489999771118164,4.510000228881836,24600,0.0,0.0
2025-12-18 00:00:00-05:00,4.730000019073486,5.489999771118164,4.590000152587891,5.380000114440918,80200,0.0,0.0
2025-12-19 00:00:00-05:00,5.369999885559082,5.46999979019165,5.179999828338623,5.179999828338623,32600,0.0,0.0
2025-12-22 00:00:00-05:00,5.199999809265137,5.300000190734863,4.789999961853027,4.849999904632568,20100,0.0,0.0
2025-12-23 00:00:00-05:00,4.769999980926514,5.050000190734863,4.75,5.019999980926514,28500,0.0,0.0
2025-12-24 00:00:00-05:00,4.989999771118164,5.349999904632568,4.989999771118164,5.090000152587891,12000,0.0,0.0
2025-12-26 00:00:00-05:00,5.079999923706055,5.079999923706055,4.849999904632568,4.920000076293945,16600,0.0,0.0
2025-12-29 00:00:00-05:00,4.610000133514404,4.809999942779541,4.610000133514404,4.679999828338623,23300,0.0,0.0
2025-12-30 00:00:00-05:00,4.519999980926514,4.699999809265137,4.409999847412109,4.679999828338623,67700,0.0,0.0
2025-12-31 00:00:00-05:00,4.599999904632568,4.699999809265137,4.449999809265137,4.519999980926514,33600,0.0,0.0
2026-01-02 00:00:00-05:00,4.550000190734863,5.349999904632568,4.550000190734863,5.199999809265137,18500,0.0,0.0
2026-01-05 00:00:00-05:00,5.179999828338623,5.429999828338623,5.170000076293945,5.239999771118164,10800,0.0,0.0
2026-01-06 00:00:00-05:00,5.21999979019165,5.349999904632568,5.119999885559082,5.179999828338623,14600,0.0,0.0
2026-01-07 00:00:00-05:00,5.21999979019165,5.289999961853027,5.130000114440918,5.25,4900,0.0,0.0
2026-01-08 00:00:00-05:00,5.199999809265137,5.369999885559082,5.190000057220459,5.289999961853027,21400,0.0,0.0
2026-01-09 00:00:00-05:00,5.139999866485596,5.190000057220459,4.989999771118164,5.059999942779541,17600,0.0,0.0
2026-01-12 00:00:00-05:00,5.0,5.260000228881836,4.900000095367432,5.110000133514404,13300,0.0,0.0
2026-01-13 00:00:00-05:00,5.090000152587891,5.28000020980835,5.090000152587891,5.170000076293945,8400,0.0,0.0
2026-01-14 00:00:00-05:00,5.139999866485596,5.360000133514404,5.0,5.300000190734863,14200,0.0,0.0
2026-01-15 00:00:00-05:00,5.269999980926514,5.489999771118164,5.230000019073486,5.480000019073486,30600,0.0,0.0
2026-01-16 00:00:00-05:00,5.489999771118164,5.760000228881836,5.489999771118164,5.599999904632568,31200,0.0,0.0
2026-01-20 00:00:00-05:00,5.579999923706055,5.769999980926514,5.559999942779541,5.559999942779541,14400,0.0,0.0
2026-01-21 00:00:00-05:00,5.690000057220459,5.800000190734863,5.579999923706055,5.690000057220459,9800,0.0,0.0
2026-01-22 00:00:00-05:00,5.769999980926514,5.789999961853027,5.599999904632568,5.650000095367432,34600,0.0,0.0
2026-01-23 00:00:00-05:00,5.570000171661377,5.619999885559082,5.5,5.570000171661377,10700,0.0,0.0
2026-01-26 00:00:00-05:00,5.5,5.789999961853027,5.349999904632568,5.409999847412109,13300,0.0,0.0
2026-01-27 00:00:00-05:00,5.53000020980835,5.71999979019165,5.420000076293945,5.510000228881836,23400,0.0,0.0
2026-01-28 00:00:00-05:00,5.510000228881836,5.559999942779541,5.400000095367432,5.539999961853027,5700,0.0,0.0
2026-01-29 00:00:00-05:00,5.590000152587891,5.760000228881836,5.420000076293945,5.71999979019165,12900,0.0,0.0
2026-01-30 00:00:00-05:00,5.630000114440918,5.800000190734863,5.590000152587891,5.590000152587891,12900,0.0,0.0
2026-02-02 00:00:00-05:00,5.519999980926514,5.78000020980835,5.519999980926514,5.769999980926514,14000,0.0,0.0
2026-02-03 00:00:00-05:00,5.699999809265137,5.949999809265137,5.699999809265137,5.800000190734863,18600,0.0,0.0
2026-02-04 00:00:00-05:00,5.800000190734863,5.989999771118164,5.690000057220459,5.949999809265137,44100,0.0,0.0
2026-02-05 00:00:00-05:00,5.889999866485596,5.889999866485596,5.150000095367432,5.409999847412109,34900,0.0,0.0
2026-02-06 00:00:00-05:00,5.480000019073486,5.579999923706055,5.199999809265137,5.309999942779541,13800,0.0,0.0
2026-02-09 00:00:00-05:00,5.360000133514404,5.659999847412109,5.210000038146973,5.329999923706055,24700,0.0,0.0
2026-02-10 00:00:00-05:00,5.260000228881836,5.510000228881836,5.260000228881836,5.420000076293945,8600,0.0,0.0
2026-02-11 00:00:00-05:00,5.440000057220459,5.539999961853027,5.309999942779541,5.340000152587891,5100,0.0,0.0
2026-02-12 00:00:00-05:00,5.309999942779541,5.309999942779541,5.0,5.050000190734863,13900,0.0,0.0
2026-02-13 00:00:00-05:00,5.0,5.170000076293945,5.0,5.03000020980835,6400,0.0,0.0
2026-02-17 00:00:00-05:00,5.090000152587891,5.340000152587891,5.070000171661377,5.139999866485596,25300,0.0,0.0
2026-02-18 00:00:00-05:00,5.199999809265137,5.230000019073486,5.070000171661377,5.070000171661377,5500,0.0,0.0
2026-02-19 00:00:00-05:00,5.039999961853027,5.170000076293945,5.0,5.070000171661377,23000,0.0,0.0
2026-02-20 00:00:00-05:00,5.03000020980835,5.239999771118164,5.03000020980835,5.070000171661377,28100,0.0,0.0
2026-02-23 00:00:00-05:00,5.090000152587891,5.289999961853027,4.989999771118164,5.190000057220459,7300,0.0,0.0
2026-02-24 00:00:00-05:00,5.21999979019165,5.239999771118164,4.989999771118164,4.989999771118164,16500,0.0,0.0
2026-02-25 00:00:00-05:00,4.980000019073486,5.179999828338623,4.949999809265137,5.150000095367432,5200,0.0,0.0
2026-02-26 00:00:00-05:00,5.150000095367432,5.320000171661377,4.900000095367432,5.269999980926514,18800,0.0,0.0
2026-02-27 00:00:00-05:00,5.190000057220459,5.559999942779541,5.190000057220459,5.300000190734863,25400,0.0,0.0
2026-03-02 00:00:00-05:00,5.139999866485596,5.179999828338623,5.050000190734863,5.059999942779541,8300,0.0,0.0
2026-03-03 00:00:00-05:00,5.050000190734863,5.289999961853027,4.920000076293945,4.980000019073486,16500,0.0,0.0
2026-03-04 00:00:00-05:00,5.070000171661377,5.070000171661377,4.900000095367432,4.909999847412109,7800,0.0,0.0
2026-03-05 00:00:00-05:00,4.940000057220459,4.940000057220459,4.840000152587891,4.880000114440918,5800,0.0,0.0
2026-03-06 00:00:00-05:00,4.869999885559082,4.869999885559082,4.75,4.78000020980835,7100,0.0,0.0
2026-03-09 00:00:00-04:00,4.800000190734863,4.949999809265137,4.800000190734863,4.889999866485596,4200,0.0,0.0
2026-03-10 00:00:00-04:00,5.0,5.050000190734863,4.889999866485596,4.909999847412109,13300,0.0,0.0
2026-03-11 00:00:00-04:00,4.849999904632568,5.0,4.849999904632568,4.909999847412109,17500,0.0,0.0
2026-03-12 00:00:00-04:00,4.900000095367432,4.940000057220459,4.150000095367432,4.349999904632568,36100,0.0,0.0
2026-03-13 00:00:00-04:00,4.460000038146973,4.53000020980835,4.039999961853027,4.21999979019165,17600,0.0,0.0
2026-03-16 00:00:00-04:00,4.21999979019165,4.289999961853027,4.099999904632568,4.21999979019165,4500,0.0,0.0
2026-03-17 00:00:00-04:00,4.309999942779541,4.579999923706055,4.21999979019165,4.300000190734863,22000,0.0,0.0
2026-03-18 00:00:00-04:00,4.320000171661377,4.349999904632568,3.9800000190734863,3.9800000190734863,9000,0.0,0.0
2026-03-19 00:00:00-04:00,3.9100000858306885,4.150000095367432,3.9100000858306885,4.150000095367432,20200,0.0,0.0
2026-03-20 00:00:00-04:00,4.159999847412109,4.159999847412109,3.8399999141693115,4.0,19700,0.0,0.0
2026-03-23 00:00:00-04:00,4.070000171661377,4.070000171661377,3.75,4.03000020980835,9600,0.0,0.0
2026-03-24 00:00:00-04:00,4.079999923706055,4.440000057220459,3.950000047683716,4.210000038146973,16300,0.0,0.0
2026-03-25 00:00:00-04:00,4.320000171661377,4.320000171661377,4.050000190734863,4.079999923706055,6300,0.0,0.0
2026-03-26 00:00:00-04:00,3.9200000762939453,4.070000171661377,3.9200000762939453,4.03000020980835,16700,0.0,0.0
2026-03-27 00:00:00-04:00,4.150000095367432,4.860000133514404,4.059999942779541,4.590000152587891,65200,0.0,0.0
2026-03-30 00:00:00-04:00,4.820000171661377,5.579999923706055,4.820000171661377,5.5,140000,0.0,0.0
2026-03-31 00:00:00-04:00,5.630000114440918,5.809999942779541,5.489999771118164,5.679999828338623,43700,0.0,0.0
2026-04-01 00:00:00-04:00,5.800000190734863,7.079999923706055,5.699999809265137,6.829999923706055,95100,0.0,0.0
2026-04-02 00:00:00-04:00,6.800000190734863,8.100000381469727,6.559999942779541,7.769999980926514,103400,0.0,0.0
2026-04-06 00:00:00-04:00,7.650000095367432,7.699999809265137,7.039999961853027,7.489999771118164,47800,0.0,0.0
2026-04-07 00:00:00-04:00,7.639999866485596,8.449999809265137,7.269999980926514,8.050000190734863,89000,0.0,0.0
2026-04-08 00:00:00-04:00,8.239999771118164,8.640000343322754,7.599999904632568,8.109999656677246,50600,0.0,0.0
2026-04-09 00:00:00-04:00,8.079999923706055,8.4399995803833,7.809999942779541,8.4399995803833,44900,0.0,0.0
2026-04-10 00:00:00-04:00,8.489999771118164,9.079999923706055,8.489999771118164,8.5600004196167,33700,0.0,0.0
2026-04-13 00:00:00-04:00,8.430000305175781,9.350000381469727,8.329999923706055,9.329999923706055,38200,0.0,0.0
2026-04-14 00:00:00-04:00,9.319999694824219,9.65999984741211,9.130000114440918,9.630000114440918,39600,0.0,0.0
2026-04-15 00:00:00-04:00,9.739999771118164,10.539999961853027,9.270000457763672,9.829999923706055,59000,0.0,0.0
2026-04-16 00:00:00-04:00,10.0,10.989999771118164,9.84000015258789,10.760000228881836,61000,0.0,0.0
2026-04-17 00:00:00-04:00,11.020000457763672,11.039999961853027,10.010000228881836,10.6899995803833,44900,0.0,0.0
2026-04-20 00:00:00-04:00,10.600000381469727,11.140000343322754,10.600000381469727,11.140000343322754,65800,0.0,0.0
2026-04-21 00:00:00-04:00,11.020000457763672,11.489999771118164,10.75,10.970000267028809,49900,0.0,0.0
2026-04-22 00:00:00-04:00,11.029999732971191,12.239999771118164,10.65999984741211,12.170000076293945,95900,0.0,0.0
2026-04-23 00:00:00-04:00,12.149999618530273,12.25,11.140000343322754,12.079999923706055,71300,0.0,0.0
2026-04-24 00:00:00-04:00,12.0600004196167,13.34000015258789,11.920000076293945,13.0,76800,0.0,0.0
2026-04-27 00:00:00-04:00,13.0,13.0,11.5,12.020000457763672,80600,0.0,0.0
2026-04-28 00:00:00-04:00,12.109999656677246,12.510000228881836,11.630000114440918,12.329999923706055,37300,0.0,0.0
2026-04-29 00:00:00-04:00,12.1899995803833,12.609999656677246,11.510000228881836,11.520000457763672,43400,0.0,0.0
2026-04-30 00:00:00-04:00,11.609999656677246,12.0,11.199999809265137,12.0,58700,0.0,0.0
2026-05-01 00:00:00-04:00,12.020000457763672,12.520000457763672,11.5600004196167,11.800000190734863,48200,0.0,0.0
2026-05-04 00:00:00-04:00,11.920000076293945,13.0,11.920000076293945,12.779999732971191,74000,0.0,0.0
2026-05-05 00:00:00-04:00,12.779999732971191,13.460000038146973,12.5,12.539999961853027,74100,0.0,0.0
2026-05-06 00:00:00-04:00,12.65999984741211,13.0,12.289999961853027,12.40999984741211,44400,0.0,0.0
2026-05-07 00:00:00-04:00,12.399999618530273,13.0,12.34000015258789,12.680000305175781,36000,0.0,0.0
2026-05-08 00:00:00-04:00,12.8100004196167,13.010000228881836,11.729999542236328,11.729999542236328,74700,0.0,0.0
2026-05-11 00:00:00-04:00,11.90999984741211,12.760000228881836,11.869999885559082,12.449999809265137,62500,0.0,0.0
2026-05-12 00:00:00-04:00,12.260000228881836,12.75,12.0,12.399999618530273,54900,0.0,0.0
2026-05-13 00:00:00-04:00,12.529999732971191,12.529999732971191,11.529999732971191,11.760000228881836,44900,0.0,0.0
2026-05-14 00:00:00-04:00,11.760000228881836,12.489999771118164,11.449999809265137,11.680000305175781,33800,0.0,0.0
2026-05-15 00:00:00-04:00,11.600000381469727,11.75,10.210000038146973,10.65999984741211,81300,0.0,0.0
2026-05-18 00:00:00-04:00,10.630000114440918,11.260000228881836,10.40999984741211,10.890000343322754,52600,0.0,0.0
2026-05-19 00:00:00-04:00,10.930000305175781,12.140000343322754,10.350000381469727,12.079999923706055,44300,0.0,0.0
2026-05-20 00:00:00-04:00,12.100000381469727,13.300000190734863,12.100000381469727,13.15999984741211,70400,0.0,0.0
2026-05-21 00:00:00-04:00,13.210000038146973,13.359999656677246,12.9399995803833,13.119999885559082,19800,0.0,0.0
2026-05-22 00:00:00-04:00,13.119999885559082,13.199999809265137,12.649999618530273,13.100000381469727,28100,0.0,0.0
2026-05-26 00:00:00-04:00,13.300000190734863,15.520000457763672,13.199999809265137,15.520000457763672,192300,0.0,0.0
2026-05-27 00:00:00-04:00,16.200000762939453,16.709999084472656,15.529999732971191,15.739999771118164,67000,0.0,0.0
2026-05-28 00:00:00-04:00,15.84000015258789,15.84000015258789,14.399999618530273,14.399999618530273,57700,0.0,0.0
2026-05-29 00:00:00-04:00,14.350000381469727,15.5600004196167,13.520000457763672,15.229999542236328,88900,0.0,0.0
2026-06-01 00:00:00-04:00,15.199999809265137,16.979999542236328,15.170000076293945,15.890000343322754,89300,0.0,0.0
2026-06-02 00:00:00-04:00,15.699999809265137,16.219999313354492,15.369999885559082,16.059999465942383,27100,0.0,0.0
2026-06-03 00:00:00-04:00,15.739999771118164,16.959999084472656,15.449999809265137,16.540000915527344,45000,0.0,0.0
2026-06-04 00:00:00-04:00,16.540000915527344,17.799999237060547,16.5,17.149999618530273,56200,0.0,0.0
2026-06-05 00:00:00-04:00,17.149999618530273,19.59000015258789,17.030000686645508,18.979999542236328,127000,0.0,0.0
2026-06-08 00:00:00-04:00,18.790000915527344,19.290000915527344,16.709999084472656,19.100000381469727,103700,0.0,0.0
2026-06-09 00:00:00-04:00,19.100000381469727,19.110000610351562,16.610000610351562,16.6299991607666,106100,0.0,0.0
2026-06-10 00:00:00-04:00,16.6299991607666,16.690000534057617,15.420000076293945,16.049999237060547,68900,0.0,0.0
2026-06-11 00:00:00-04:00,16.209999084472656,17.399999618530273,15.960000038146973,17.299999237060547,54700,0.0,0.0
2026-06-12 00:00:00-04:00,17.18000030517578,17.309999465942383,16.719999313354492,16.719999313354492,24800,0.0,0.0
2026-06-15 00:00:00-04:00,16.68000030517578,17.549999237060547,16.270000457763672,16.59000015258789,60500,0.0,0.0
2026-06-16 00:00:00-04:00,16.799999237060547,17.8799991607666,16.299999237060547,17.270000457763672,89400,0.0,0.0
2026-06-17 00:00:00-04:00,17.469999313354492,19.0,16.6200008392334,18.90999984741211,80800,0.0,0.0
2026-06-18 00:00:00-04:00,18.90999984741211,21.299999237060547,18.90999984741211,20.059999465942383,162400,0.0,0.0
2026-06-22 00:00:00-04:00,20.0,21.290000915527344,18.040000915527344,18.200000762939453,150900,0.0,0.0
2026-06-23 00:00:00-04:00,17.56999969482422,18.75,15.8100004196167,18.149999618530273,70500,0.0,0.0
2026-06-24 00:00:00-04:00,18.149999618530273,19.100000381469727,17.75,18.829999923706055,83600,0.0,0.0
2026-06-25 00:00:00-04:00,19.0,19.31999969482422,17.809999465942383,18.559999465942383,108600,0.0,0.0
2026-06-26 00:00:00-04:00,18.540000915527344,19.84000015258789,18.100000381469727,19.309999465942383,747900,0.0,0.0
2026-06-29 00:00:00-04:00,19.309999465942383,19.559999465942383,17.09000015258789,18.31999969482422,90400,0.0,0.0
2026-06-30 00:00:00-04:00,18.309999465942383,19.239999771118164,17.549999237060547,18.670000076293945,117500,0.0,0.0
2026-07-01 00:00:00-04:00,18.670000076293945,19.639999389648438,16.270000457763672,16.59000015258789,74100,0.0,0.0
2026-07-02 00:00:00-04:00,16.600000381469727,16.850000381469727,13.649999618530273,14.8100004196167,117000,0.0,0.0
2026-07-06 00:00:00-04:00,14.859999656677246,16.0,14.65999984741211,14.819999694824219,81700,0.0,0.0
2026-07-07 00:00:00-04:00,15.3100004196167,15.489999771118164,13.609999656677246,13.630000114440918,75000,0.0,0.0
2026-07-08 00:00:00-04:00,13.699999809265137,13.890000343322754,11.399999618530273,11.430000305175781,126700,0.0,0.0
2026-07-09 00:00:00-04:00,11.5,12.25,10.109999656677246,10.15999984741211,187200,0.0,0.0
2026-07-10 00:00:00-04:00,10.229999542236328,10.4399995803833,9.579999923706055,9.930000305175781,77900,0.0,0.0
2026-07-13 00:00:00-04:00,9.789999961853027,10.350000381469727,9.34000015258789,9.5600004196167,122300,0.0,0.0
2026-07-14 00:00:00-04:00,9.619999885559082,10.600000381469727,9.5,9.510000228881836,143200,0.0,0.0
2026-07-15 00:00:00-04:00,9.479999542236328,9.8100004196167,9.279999732971191,9.34000015258789,72800,0.0,0.0
2026-07-16 00:00:00-04:00,9.239999771118164,9.59000015258789,8.899999618530273,9.350000381469727,136200,0.0,0.0
2026-07-17 00:00:00-04:00,9.140000343322754,9.420000076293945,8.8100004196167,9.029999732971191,85100,0.0,0.0
2026-07-20 00:00:00-04:00,8.949999809265137,9.329999923706055,8.670000076293945,8.869999885559082,39100,0.0,0.0
2026-07-21 00:00:00-04:00,8.8100004196167,9.09000015258789,8.520000457763672,8.539999961853027,90800,0.0,0.0
2026-07-22 00:00:00-04:00,8.529999732971191,8.779999732971191,8.050000190734863,8.050000190734863,69500,0.0,0.0
2026-07-23 00:00:00-04:00,7.96999979019165,8.489999771118164,7.840000152587891,8.4399995803833,64900,0.0,0.0
2026-07-24 00:00:00-04:00,8.510000228881836,9.020000457763672,8.109999656677246,8.34000015258789,78996,0.0,0.0
