Date,Open,High,Low,Close,Volume,Dividends,Stock Splits
2022-11-15 00:00:00-05:00,65040.0,73200.0,61800.0,70800.0,28,0.0,0.0
2022-11-16 00:00:00-05:00,69960.0,69960.0,60720.0,66600.0,9,0.0,0.0
2022-11-17 00:00:00-05:00,63600.0,67200.0,58560.0,63960.0,4,0.0,0.0
2022-11-18 00:00:00-05:00,64200.0,72000.0,63600.0,69720.0,17,0.0,0.0
2022-11-21 00:00:00-05:00,70200.0,73200.0,61800.0,61800.0,11,0.0,0.0
2022-11-22 00:00:00-05:00,56760.0,60000.0,50640.0,54000.0,7,0.0,0.0
2022-11-23 00:00:00-05:00,50160.0,60336.0,50160.0,55320.0,6,0.0,0.0
2022-11-25 00:00:00-05:00,62880.0,67200.0,54000.0,54720.0,6,0.0,0.0
2022-11-28 00:00:00-05:00,52560.0,55080.0,45600.0,46920.0,4,0.0,0.0
2022-11-29 00:00:00-05:00,47280.0,47280.0,37920.0,39600.0,4,0.0,0.0
2022-11-30 00:00:00-05:00,38280.0,58800.0,36000.0,46440.0,11,0.0,0.0
2022-12-01 00:00:00-05:00,47160.0,50040.0,43200.0,43200.0,2,0.0,0.0
2022-12-02 00:00:00-05:00,45600.0,46200.0,43320.0,44400.0,5,0.0,0.0
2022-12-05 00:00:00-05:00,47880.0,47880.0,40212.0,44400.0,13,0.0,0.0
2022-12-06 00:00:00-05:00,42000.0,46200.0,41040.0,42240.0,2,0.0,0.0
2022-12-07 00:00:00-05:00,40920.0,43680.0,37200.0,38244.0,5,0.0,0.0
2022-12-08 00:00:00-05:00,38280.0,40800.0,36480.0,36960.0,1,0.0,0.0
2022-12-09 00:00:00-05:00,38160.0,39600.0,36000.0,36000.0,2,0.0,0.0
2022-12-12 00:00:00-05:00,36960.0,40080.0,36360.0,36360.0,1,0.0,0.0
2022-12-13 00:00:00-05:00,39720.0,47880.0,38880.0,40680.0,9,0.0,0.0
2022-12-14 00:00:00-05:00,48480.0,48480.0,38160.0,38160.0,2,0.0,0.0
2022-12-15 00:00:00-05:00,46800.0,61200.0,43800.0,48372.0,108,0.0,0.0
2022-12-16 00:00:00-05:00,50280.0,53400.0,46560.0,49680.0,10,0.0,0.0
2022-12-19 00:00:00-05:00,48840.0,48840.0,43200.0,46908.0,5,0.0,0.0
2022-12-20 00:00:00-05:00,47040.0,47640.0,44520.0,46560.0,3,0.0,0.0
2022-12-21 00:00:00-05:00,48480.0,48480.0,45360.0,46800.0,2,0.0,0.0
2022-12-22 00:00:00-05:00,48000.0,48000.0,45600.0,46320.0,2,0.0,0.0
2022-12-23 00:00:00-05:00,48000.0,48000.0,43560.0,47016.0,4,0.0,0.0
2022-12-27 00:00:00-05:00,45120.0,47400.0,42840.0,45360.0,3,0.0,0.0
2022-12-28 00:00:00-05:00,42600.0,43680.0,39960.0,40200.0,4,0.0,0.0
2022-12-29 00:00:00-05:00,42120.0,42720.0,37320.0,39600.0,2,0.0,0.0
2022-12-30 00:00:00-05:00,39120.0,42000.0,37320.0,37920.0,1,0.0,0.0
2023-01-03 00:00:00-05:00,37920.0,39408.0,36720.0,37560.0,1,0.0,0.0
2023-01-04 00:00:00-05:00,37440.0,40800.0,37440.0,39120.0,1,0.0,0.0
2023-01-05 00:00:00-05:00,42840.0,42960.0,40764.0,42000.0,5,0.0,0.0
2023-01-06 00:00:00-05:00,39120.0,42000.0,39120.0,42000.0,1,0.0,0.0
2023-01-09 00:00:00-05:00,45000.0,57000.0,42840.0,42960.0,37,0.0,0.0
2023-01-10 00:00:00-05:00,49560.0,55200.0,44040.0,52080.0,17,0.0,0.0
2023-01-11 00:00:00-05:00,53880.0,61200.0,51480.0,58800.0,24,0.0,0.0
2023-01-12 00:00:00-05:00,60000.0,60000.0,52200.0,55320.0,5,0.0,0.0
2023-01-13 00:00:00-05:00,56280.0,59520.0,52800.0,57120.0,4,0.0,0.0
2023-01-17 00:00:00-05:00,57600.0,57720.0,48360.0,50760.0,9,0.0,0.0
2023-01-18 00:00:00-05:00,54360.0,57000.0,48600.0,54600.0,3,0.0,0.0
2023-01-19 00:00:00-05:00,54000.0,54648.0,49680.0,53760.0,1,0.0,0.0
2023-01-20 00:00:00-05:00,54000.0,56520.0,50400.0,56040.0,4,0.0,0.0
2023-01-23 00:00:00-05:00,55200.0,55200.0,45120.0,47820.0,5,0.0,0.0
2023-01-24 00:00:00-05:00,47400.0,48960.0,47400.0,47520.0,1,0.0,0.0
2023-01-25 00:00:00-05:00,50520.0,56760.0,42000.0,46800.0,17,0.0,0.0
2023-01-26 00:00:00-05:00,44040.0,46800.0,44040.0,45480.0,2,0.0,0.0
2023-01-27 00:00:00-05:00,44880.0,49320.0,44400.0,47040.0,7,0.0,0.0
2023-01-30 00:00:00-05:00,45600.0,47040.0,41880.0,43560.0,8,0.0,0.0
2023-01-31 00:00:00-05:00,44520.0,46320.0,40200.0,42840.0,11,0.0,0.0
2023-02-01 00:00:00-05:00,41640.0,42840.0,40080.0,40320.0,2,0.0,0.0
2023-02-02 00:00:00-05:00,42840.0,44640.0,41880.0,44160.0,2,0.0,0.0
2023-02-03 00:00:00-05:00,43380.0,46800.0,42720.0,44400.0,3,0.0,0.0
2023-02-06 00:00:00-05:00,42840.0,48720.0,42840.0,48720.0,5,0.0,0.0
2023-02-07 00:00:00-05:00,47400.0,48720.0,45732.0,47760.0,3,0.0,0.0
2023-02-08 00:00:00-05:00,49080.0,49080.0,45600.0,46320.0,0,0.0,0.0
2023-02-09 00:00:00-05:00,46560.0,48720.0,45000.0,47160.0,2,0.0,0.0
2023-02-10 00:00:00-05:00,44520.0,48000.0,44520.0,48000.0,1,0.0,0.0
2023-02-13 00:00:00-05:00,46560.0,48000.0,45120.0,46440.0,3,0.0,0.0
2023-02-14 00:00:00-05:00,46320.0,46320.0,43440.0,43440.0,1,0.0,0.0
2023-02-15 00:00:00-05:00,43560.0,46320.0,42360.0,43800.0,1,0.0,0.0
2023-02-16 00:00:00-05:00,42720.0,44340.0,42240.0,43800.0,1,0.0,0.0
2023-02-17 00:00:00-05:00,42240.0,44400.0,42240.0,44400.0,0,0.0,0.0
2023-02-21 00:00:00-05:00,43200.0,45000.0,42480.0,45000.0,1,0.0,0.0
2023-02-22 00:00:00-05:00,44160.0,44520.0,39000.0,42840.0,10,0.0,0.0
2023-02-23 00:00:00-05:00,41160.0,44400.0,39000.0,39600.0,3,0.0,0.0
2023-02-24 00:00:00-05:00,39600.0,42000.0,39000.0,41040.0,1,0.0,0.0
2023-02-27 00:00:00-05:00,39120.0,40500.0,34800.0,34800.0,3,0.0,0.0
2023-02-28 00:00:00-05:00,35760.0,41460.0,35280.0,38880.0,3,0.0,0.0
2023-03-01 00:00:00-05:00,37680.0,39132.0,36240.0,37200.0,2,0.0,0.0
2023-03-02 00:00:00-05:00,36120.0,37080.0,36120.0,37080.0,0,0.0,0.0
2023-03-03 00:00:00-05:00,36240.0,37800.0,36240.0,37800.0,0,0.0,0.0
2023-03-06 00:00:00-05:00,39960.0,39960.0,36360.0,36480.0,0,0.0,0.0
2023-03-07 00:00:00-05:00,37740.0,39000.0,36840.0,36960.0,1,0.0,0.0
2023-03-08 00:00:00-05:00,36720.0,39468.0,36720.0,38400.0,2,0.0,0.0
2023-03-09 00:00:00-05:00,38580.0,40200.0,38472.0,40200.0,2,0.0,0.0
2023-03-10 00:00:00-05:00,39000.0,42000.0,38400.0,42000.0,2,0.0,0.0
2023-03-13 00:00:00-04:00,49200.0,60504.0,48720.0,51000.0,825,0.0,0.0
2023-03-14 00:00:00-04:00,51960.0,52080.0,44472.0,45840.0,31,0.0,0.0
2023-03-15 00:00:00-04:00,45360.0,45480.0,42240.0,42840.0,10,0.0,0.0
2023-03-16 00:00:00-04:00,46800.0,49800.0,37620.0,40320.0,24,0.0,0.0
2023-03-17 00:00:00-04:00,41400.0,43272.0,36000.0,42600.0,28,0.0,0.0
2023-03-20 00:00:00-04:00,41400.0,43200.0,36840.0,38400.0,11,0.0,0.0
2023-03-21 00:00:00-04:00,36840.0,37800.0,34800.0,35244.0,7,0.0,0.0
2023-03-22 00:00:00-04:00,34320.0,35280.0,33240.0,34200.0,6,0.0,0.0
2023-03-23 00:00:00-04:00,33720.0,34560.0,30000.0,30540.0,5,0.0,0.0
2023-03-24 00:00:00-04:00,30000.0,32040.0,29760.0,29868.0,3,0.0,0.0
2023-03-27 00:00:00-04:00,27960.0,28920.0,25800.0,27000.0,8,0.0,0.0
2023-03-28 00:00:00-04:00,26400.0,27480.0,18000.0,19080.0,13,0.0,0.0
2023-03-29 00:00:00-04:00,19320.0,20040.0,15120.0,16920.0,18,0.0,0.0
2023-03-30 00:00:00-04:00,16920.0,18480.0,15000.0,15480.0,16,0.0,0.0
2023-03-31 00:00:00-04:00,15240.0,15840.0,13320.0,13800.0,11,0.0,0.0
2023-04-03 00:00:00-04:00,13800.0,14400.0,11028.0,12360.0,20,0.0,0.0
2023-04-04 00:00:00-04:00,4800.0,5388.0,4440.0,4668.0,381,0.0,0.0
2023-04-05 00:00:00-04:00,4860.0,5160.0,4572.0,4596.0,76,0.0,0.0
2023-04-06 00:00:00-04:00,4680.0,4896.0,4392.0,4608.0,65,0.0,0.0
2023-04-10 00:00:00-04:00,4800.0,5304.0,4620.0,5148.0,105,0.0,0.0
2023-04-11 00:00:00-04:00,7452.0,8028.0,6024.0,6420.0,1761,0.0,0.0
2023-04-12 00:00:00-04:00,5856.0,6840.0,5760.0,6480.0,169,0.0,0.0
2023-04-13 00:00:00-04:00,6480.0,6840.0,5880.0,6360.0,71,0.0,0.0
2023-04-14 00:00:00-04:00,5868.0,7560.0,5652.0,7200.0,131,0.0,0.0
2023-04-17 00:00:00-04:00,6960.0,7680.0,6420.0,6960.0,92,0.0,0.0
2023-04-18 00:00:00-04:00,6900.0,6960.0,5772.0,6012.0,46,0.0,0.0
2023-04-19 00:00:00-04:00,8364.0,9792.0,6636.0,6732.0,1940,0.0,0.0
2023-04-20 00:00:00-04:00,6936.0,8388.0,6720.0,7620.0,294,0.0,0.0
2023-04-21 00:00:00-04:00,7308.0,8160.0,7200.0,7284.0,131,0.0,0.0
2023-04-24 00:00:00-04:00,7320.0,7440.0,6360.0,6840.0,58,0.0,0.0
2023-04-25 00:00:00-04:00,6600.0,7008.0,6396.0,6624.0,27,0.0,0.0
2023-04-26 00:00:00-04:00,8472.0,9864.0,7116.0,8340.0,1436,0.0,0.0
2023-04-27 00:00:00-04:00,7068.0,7800.0,6960.0,7080.0,74,0.0,0.0
2023-04-28 00:00:00-04:00,6900.0,6960.0,6552.0,6660.0,52,0.0,0.0
2023-05-01 00:00:00-04:00,6576.0,7080.0,6552.0,6840.0,28,0.0,0.0
2023-05-02 00:00:00-04:00,7080.0,7200.0,6600.0,6732.0,24,0.0,0.0
2023-05-03 00:00:00-04:00,6960.0,7320.0,6540.0,7320.0,23,0.0,0.0
2023-05-04 00:00:00-04:00,7608.0,7656.0,6720.0,7320.0,31,0.0,0.0
2023-05-05 00:00:00-04:00,7104.0,7368.0,6840.0,7056.0,16,0.0,0.0
2023-05-08 00:00:00-04:00,7272.0,7272.0,6732.0,7080.0,15,0.0,0.0
2023-05-09 00:00:00-04:00,7320.0,7320.0,6960.0,7080.0,14,0.0,0.0
2023-05-10 00:00:00-04:00,7080.0,7200.0,6756.0,6960.0,15,0.0,0.0
2023-05-11 00:00:00-04:00,6960.0,7080.0,6780.0,7080.0,15,0.0,0.0
2023-05-12 00:00:00-04:00,8520.0,9480.0,7380.0,7752.0,955,0.0,0.0
2023-05-15 00:00:00-04:00,7440.0,8256.0,7200.0,7284.0,76,0.0,0.0
2023-05-16 00:00:00-04:00,7284.0,7440.0,6960.0,7020.0,37,0.0,0.0
2023-05-17 00:00:00-04:00,7212.0,7404.0,6960.0,7212.0,19,0.0,0.0
2023-05-18 00:00:00-04:00,7164.0,7320.0,6960.0,7188.0,16,0.0,0.0
2023-05-19 00:00:00-04:00,7884.0,7884.0,7224.0,7404.0,223,0.0,0.0
2023-05-22 00:00:00-04:00,7212.0,7440.0,6996.0,7200.0,40,0.0,0.0
2023-05-23 00:00:00-04:00,7200.0,7440.0,7080.0,7392.0,14,0.0,0.0
2023-05-24 00:00:00-04:00,7320.0,7392.0,7080.0,7320.0,14,0.0,0.0
2023-05-25 00:00:00-04:00,7212.0,7320.0,7176.0,7308.0,16,0.0,0.0
2023-05-26 00:00:00-04:00,7164.0,7320.0,6576.0,7272.0,23,0.0,0.0
2023-05-30 00:00:00-04:00,7260.0,7320.0,6888.0,7320.0,18,0.0,0.0
2023-05-31 00:00:00-04:00,7200.0,7224.0,6912.0,6960.0,8,0.0,0.0
2023-06-01 00:00:00-04:00,7068.0,7068.0,6732.0,6732.0,11,0.0,0.0
2023-06-02 00:00:00-04:00,6960.0,6960.0,6600.0,6720.0,14,0.0,0.0
2023-06-05 00:00:00-04:00,6600.0,6840.0,6360.0,6840.0,15,0.0,0.0
2023-06-06 00:00:00-04:00,6276.0,6720.0,6120.0,6480.0,12,0.0,0.0
2023-06-07 00:00:00-04:00,6480.0,6600.0,6360.0,6528.0,7,0.0,0.0
2023-06-08 00:00:00-04:00,6408.0,6708.0,6408.0,6600.0,6,0.0,0.0
2023-06-09 00:00:00-04:00,6372.0,6816.0,6120.0,6504.0,19,0.0,0.0
2023-06-12 00:00:00-04:00,6600.0,6840.0,6264.0,6576.0,9,0.0,0.0
2023-06-13 00:00:00-04:00,6456.0,6576.0,6120.0,6240.0,22,0.0,0.0
2023-06-14 00:00:00-04:00,6240.0,6720.0,6204.0,6456.0,6,0.0,0.0
2023-06-15 00:00:00-04:00,6360.0,6600.0,6360.0,6540.0,8,0.0,0.0
2023-06-16 00:00:00-04:00,6600.0,6600.0,6360.0,6468.0,26,0.0,0.0
2023-06-20 00:00:00-04:00,6348.0,6396.0,6240.0,6252.0,9,0.0,0.0
2023-06-21 00:00:00-04:00,6252.0,6336.0,6000.0,6000.0,21,0.0,0.0
2023-06-22 00:00:00-04:00,6012.0,6060.0,5160.0,5436.0,25,0.0,0.0
2023-06-23 00:00:00-04:00,5880.0,8160.0,5760.0,6228.0,439,0.0,0.0
2023-06-26 00:00:00-04:00,6120.0,6840.0,5484.0,6600.0,58,0.0,0.0
2023-06-27 00:00:00-04:00,6480.0,6480.0,5760.0,5832.0,18,0.0,0.0
2023-06-28 00:00:00-04:00,5940.0,5940.0,5760.0,5760.0,7,0.0,0.0
2023-06-29 00:00:00-04:00,5724.0,6000.0,5604.0,6000.0,7,0.0,0.0
2023-06-30 00:00:00-04:00,5760.0,6000.0,5640.0,5700.0,6,0.0,0.0
2023-07-03 00:00:00-04:00,5700.0,5880.0,5640.0,5820.0,3,0.0,0.0
2023-07-05 00:00:00-04:00,5820.0,6000.0,5640.0,5724.0,4,0.0,0.0
2023-07-06 00:00:00-04:00,5640.0,5808.0,5400.0,5436.0,12,0.0,0.0
2023-07-07 00:00:00-04:00,5940.0,5940.0,5436.0,5592.0,5,0.0,0.0
2023-07-10 00:00:00-04:00,5880.0,5880.0,5460.0,5652.0,5,0.0,0.0
2023-07-11 00:00:00-04:00,5592.0,5940.0,5412.0,5532.0,2,0.0,0.0
2023-07-12 00:00:00-04:00,5652.0,5712.0,5220.0,5556.0,5,0.0,0.0
2023-07-13 00:00:00-04:00,5556.0,5556.0,5400.0,5556.0,4,0.0,0.0
2023-07-14 00:00:00-04:00,5400.0,5760.0,5040.0,5376.0,18,0.0,0.0
2023-07-17 00:00:00-04:00,5532.0,5532.0,5040.0,5160.0,9,0.0,0.0
2023-07-18 00:00:00-04:00,5160.0,5400.0,5160.0,5256.0,9,0.0,0.0
2023-07-19 00:00:00-04:00,5136.0,5244.0,5040.0,5064.0,9,0.0,0.0
2023-07-20 00:00:00-04:00,5040.0,5304.0,4932.0,5040.0,5,0.0,0.0
2023-07-21 00:00:00-04:00,5760.0,5760.0,4932.0,5388.0,56,0.0,0.0
2023-07-24 00:00:00-04:00,5172.0,5400.0,5040.0,5100.0,10,0.0,0.0
2023-07-25 00:00:00-04:00,5040.0,5484.0,4920.0,5172.0,8,0.0,0.0
2023-07-26 00:00:00-04:00,4968.0,5340.0,4968.0,5280.0,4,0.0,0.0
2023-07-27 00:00:00-04:00,5280.0,5412.0,4920.0,5040.0,9,0.0,0.0
2023-07-28 00:00:00-04:00,5040.0,5232.0,4956.0,5136.0,5,0.0,0.0
2023-07-31 00:00:00-04:00,5136.0,5400.0,4968.0,5280.0,1,0.0,0.0
2023-08-01 00:00:00-04:00,5412.0,6000.0,5040.0,5280.0,21,0.0,0.0
2023-08-02 00:00:00-04:00,5160.0,5868.0,5040.0,5640.0,15,0.0,0.0
2023-08-03 00:00:00-04:00,5400.0,5580.0,5280.0,5580.0,3,0.0,0.0
2023-08-04 00:00:00-04:00,5556.0,5640.0,4920.0,5124.0,13,0.0,0.0
2023-08-07 00:00:00-04:00,5040.0,5400.0,4992.0,4992.0,2,0.0,0.0
2023-08-08 00:00:00-04:00,5136.0,5400.0,4920.0,5280.0,7,0.0,0.0
2023-08-09 00:00:00-04:00,5220.0,5400.0,4812.0,5280.0,9,0.0,0.0
2023-08-10 00:00:00-04:00,4908.0,5040.0,4680.0,5028.0,4,0.0,0.0
2023-08-11 00:00:00-04:00,5352.0,5352.0,4680.0,4920.0,6,0.0,0.0
2023-08-14 00:00:00-04:00,4860.0,4920.0,4440.0,4500.0,6,0.0,0.0
2023-08-15 00:00:00-04:00,4524.0,5328.0,4524.0,5208.0,19,0.0,0.0
2023-08-16 00:00:00-04:00,5268.0,5640.0,4920.0,5640.0,17,0.0,0.0
2023-08-17 00:00:00-04:00,5100.0,5220.0,4560.0,4800.0,7,0.0,0.0
2023-08-18 00:00:00-04:00,4740.0,4980.0,4620.0,4920.0,1,0.0,0.0
2023-08-21 00:00:00-04:00,5172.0,5280.0,5040.0,5100.0,4,0.0,0.0
2023-08-22 00:00:00-04:00,4956.0,5244.0,4632.0,5148.0,1,0.0,0.0
2023-08-23 00:00:00-04:00,5052.0,5244.0,4812.0,5040.0,2,0.0,0.0
2023-08-24 00:00:00-04:00,5244.0,5244.0,4692.0,4920.0,3,0.0,0.0
2023-08-25 00:00:00-04:00,4980.0,5148.0,4560.0,4800.0,2,0.0,0.0
2023-08-28 00:00:00-04:00,4920.0,5148.0,4560.0,4800.0,2,0.0,0.0
2023-08-29 00:00:00-04:00,4680.0,5136.0,4620.0,4800.0,3,0.0,0.0
2023-08-30 00:00:00-04:00,4860.0,4860.0,4644.0,4716.0,1,0.0,0.0
2023-08-31 00:00:00-04:00,4740.0,5040.0,4680.0,4692.0,1,0.0,0.0
2023-09-01 00:00:00-04:00,4908.0,4920.0,4680.0,4848.0,2,0.0,0.0
2023-09-05 00:00:00-04:00,4560.0,5496.0,4560.0,5388.0,14,0.0,0.0
2023-09-06 00:00:00-04:00,6480.0,6480.0,4944.0,5988.0,196,0.0,0.0
2023-09-07 00:00:00-04:00,5760.0,5760.0,5076.0,5340.0,17,0.0,0.0
2023-09-08 00:00:00-04:00,5508.0,5508.0,4812.0,5028.0,10,0.0,0.0
2023-09-11 00:00:00-04:00,4872.0,5100.0,4740.0,4872.0,6,0.0,0.0
2023-09-12 00:00:00-04:00,4788.0,5040.0,4740.0,4920.0,5,0.0,0.0
2023-09-13 00:00:00-04:00,4836.0,4932.0,4716.0,4800.0,29,0.0,0.0
2023-09-14 00:00:00-04:00,2700.0,2760.0,2064.0,2208.0,534,0.0,0.0
2023-09-15 00:00:00-04:00,2280.0,2280.0,2052.0,2160.0,185,0.0,0.0
2023-09-18 00:00:00-04:00,2052.0,2280.0,2040.0,2124.0,115,0.0,0.0
2023-09-19 00:00:00-04:00,2160.0,2208.0,1992.0,2124.0,91,0.0,0.0
2023-09-20 00:00:00-04:00,2076.0,2112.0,1992.0,2004.0,58,0.0,0.0
2023-09-21 00:00:00-04:00,2004.0,2028.0,1836.0,1944.0,40,0.0,0.0
2023-09-22 00:00:00-04:00,1932.0,1932.0,1812.0,1872.0,62,0.0,0.0
2023-09-25 00:00:00-04:00,1896.0,1896.0,1800.0,1836.0,23,0.0,0.0
2023-09-26 00:00:00-04:00,1872.0,2076.0,1872.0,1992.0,150,0.0,0.0
2023-09-27 00:00:00-04:00,2040.0,2148.0,1812.0,1932.0,212,0.0,0.0
2023-09-28 00:00:00-04:00,1920.0,1968.0,1872.0,1920.0,39,0.0,0.0
2023-09-29 00:00:00-04:00,1920.0,2004.0,1872.0,1920.0,49,0.0,0.0
2023-10-02 00:00:00-04:00,1932.0,2040.0,1836.0,1932.0,23,0.0,0.0
2023-10-03 00:00:00-04:00,1812.0,2160.0,1812.0,2160.0,101,0.0,0.0
2023-10-04 00:00:00-04:00,2100.0,2184.0,1968.0,2040.0,55,0.0,0.0
2023-10-05 00:00:00-04:00,2016.0,2100.0,1848.0,1932.0,26,0.0,0.0
2023-10-06 00:00:00-04:00,1920.0,1992.0,1776.0,1800.0,53,0.0,0.0
2023-10-09 00:00:00-04:00,1896.0,1896.0,1692.0,1752.0,46,0.0,0.0
2023-10-10 00:00:00-04:00,1860.0,1908.0,1740.0,1836.0,73,0.0,0.0
2023-10-11 00:00:00-04:00,1884.0,4140.0,1860.0,2712.0,5314,0.0,0.0
2023-10-12 00:00:00-04:00,2220.0,2376.0,1776.0,2280.0,806,0.0,0.0
2023-10-13 00:00:00-04:00,2040.0,2232.0,1860.0,2148.0,377,0.0,0.0
2023-10-16 00:00:00-04:00,1956.0,2136.0,1956.0,1992.0,185,0.0,0.0
2023-10-17 00:00:00-04:00,2052.0,2088.0,1968.0,2028.0,224,0.0,0.0
2023-10-18 00:00:00-04:00,2040.0,2124.0,1920.0,1956.0,148,0.0,0.0
2023-10-19 00:00:00-04:00,2040.0,2040.0,1740.0,1788.0,163,0.0,0.0
2023-10-20 00:00:00-04:00,1764.0,1848.0,1692.0,1740.0,57,0.0,0.0
2023-10-23 00:00:00-04:00,1716.0,1788.0,1716.0,1752.0,86,0.0,0.0
2023-10-24 00:00:00-04:00,1740.0,1752.0,1500.0,1680.0,96,0.0,0.0
2023-10-25 00:00:00-04:00,1596.0,1668.0,1452.0,1560.0,79,0.0,0.0
2023-10-26 00:00:00-04:00,1632.0,1644.0,1476.0,1584.0,175,0.0,0.0
2023-10-27 00:00:00-04:00,1596.0,1704.0,1524.0,1584.0,83,0.0,0.0
2023-10-30 00:00:00-04:00,1608.0,1608.0,1464.0,1512.0,35,0.0,0.0
2023-10-31 00:00:00-04:00,1536.0,1560.0,1440.0,1464.0,40,0.0,0.0
2023-11-01 00:00:00-04:00,1512.0,1764.0,1392.0,1692.0,158,0.0,0.0
2023-11-02 00:00:00-04:00,1644.0,1728.0,1620.0,1668.0,78,0.0,0.0
2023-11-03 00:00:00-04:00,1668.0,1704.0,1620.0,1668.0,50,0.0,0.0
2023-11-06 00:00:00-05:00,1680.0,1788.0,1620.0,1704.0,85,0.0,0.0
2023-11-07 00:00:00-05:00,1740.0,1752.0,1656.0,1680.0,21,0.0,0.0
2023-11-08 00:00:00-05:00,1704.0,1920.0,1620.0,1836.0,143,0.0,0.0
2023-11-09 00:00:00-05:00,1836.0,1860.0,1596.0,1716.0,152,0.0,0.0
2023-11-10 00:00:00-05:00,1680.0,1740.0,1500.0,1596.0,33,0.0,0.0
2023-11-13 00:00:00-05:00,1584.0,1644.0,1488.0,1644.0,34,0.0,0.0
2023-11-14 00:00:00-05:00,1548.0,1680.0,1452.0,1584.0,62,0.0,0.0
2023-11-15 00:00:00-05:00,1548.0,1656.0,1452.0,1524.0,34,0.0,0.0
2023-11-16 00:00:00-05:00,1548.0,1548.0,1404.0,1452.0,50,0.0,0.0
2023-11-17 00:00:00-05:00,1464.0,1620.0,1416.0,1560.0,60,0.0,0.0
2023-11-20 00:00:00-05:00,1560.0,1560.0,1308.0,1428.0,96,0.0,0.0
2023-11-21 00:00:00-05:00,1380.0,1452.0,1332.0,1452.0,114,0.0,0.0
2023-11-22 00:00:00-05:00,1464.0,1476.0,1380.0,1428.0,51,0.0,0.0
2023-11-24 00:00:00-05:00,1380.0,1464.0,1380.0,1440.0,82,0.0,0.0
2023-11-27 00:00:00-05:00,1428.0,1428.0,1200.0,1200.0,160,0.0,0.0
2023-11-28 00:00:00-05:00,1308.0,1900.0,1008.4000244140625,1328.0,9295,0.0,0.03333333333333333
2023-11-29 00:00:00-05:00,1328.0,1920.0,1204.0,1620.0,5251,0.0,0.0
2023-11-30 00:00:00-05:00,2400.0,2592.0,1260.0,1400.0,15989,0.0,0.0
2023-12-01 00:00:00-05:00,1692.0,2060.0,1520.0,1656.0,27109,0.0,0.0
2023-12-04 00:00:00-05:00,1656.0,1888.0,1400.0,1532.0,2954,0.0,0.0
2023-12-05 00:00:00-05:00,2344.0,2720.0,1732.0,1748.0,100888,0.0,0.0
2023-12-06 00:00:00-05:00,1692.0,1756.0,1551.5999755859375,1608.0,2825,0.0,0.0
2023-12-07 00:00:00-05:00,1556.0,1556.0,1440.0,1504.0,1105,0.0,0.0
2023-12-08 00:00:00-05:00,1464.0,1488.0,1284.0,1320.0,825,0.0,0.0
2023-12-11 00:00:00-05:00,1256.0,1256.0,1140.0,1216.0,719,0.0,0.0
2023-12-12 00:00:00-05:00,1060.0,1152.0,1024.0,1064.0,438,0.0,0.0
2023-12-13 00:00:00-05:00,1016.0,1140.0,1016.0,1116.0,326,0.0,0.0
2023-12-14 00:00:00-05:00,1160.0,1240.0,1072.0,1124.0,584,0.0,0.0
2023-12-15 00:00:00-05:00,1172.0,1192.0,1044.0,1116.0,763,0.0,0.0
2023-12-18 00:00:00-05:00,1092.0,1138.4000244140625,1076.0,1108.0,276,0.0,0.0
2023-12-19 00:00:00-05:00,1084.0,1140.0,1080.0,1100.0,259,0.0,0.0
2023-12-20 00:00:00-05:00,1084.0,1248.0,1084.0,1200.0,617,0.0,0.0
2023-12-21 00:00:00-05:00,1168.0,1324.0,1160.0,1248.0,680,0.0,0.0
2023-12-22 00:00:00-05:00,1268.0,1320.0,1160.0,1212.0,298,0.0,0.0
2023-12-26 00:00:00-05:00,1200.0,1200.0,1100.0,1104.0,300,0.0,0.0
2023-12-27 00:00:00-05:00,1076.0,1120.0,1028.0,1028.0,270,0.0,0.0
2023-12-28 00:00:00-05:00,1020.0,1079.5999755859375,1012.0,1040.0,152,0.0,0.0
2023-12-29 00:00:00-05:00,1072.0,1232.0,1048.0,1124.0,1798,0.0,0.0
2024-01-02 00:00:00-05:00,1156.0,1176.0,1080.0,1112.0,342,0.0,0.0
2024-01-03 00:00:00-05:00,1100.0,1118.0,1020.0,1044.0,327,0.0,0.0
2024-01-04 00:00:00-05:00,1044.0,1068.4000244140625,920.0,976.0,408,0.0,0.0
2024-01-05 00:00:00-05:00,960.0,960.0,896.0,912.0,120,0.0,0.0
2024-01-08 00:00:00-05:00,864.0,867.5999755859375,767.5999755859375,804.0,424,0.0,0.0
2024-01-09 00:00:00-05:00,832.0,840.0,784.0,828.0,227,0.0,0.0
2024-01-10 00:00:00-05:00,1404.0,1432.0,1064.0,1172.0,119578,0.0,0.0
2024-01-11 00:00:00-05:00,680.0,792.0,560.0,668.0,14166,0.0,0.0
2024-01-12 00:00:00-05:00,660.0,668.0,518.0,544.0,3055,0.0,0.0
2024-01-16 00:00:00-05:00,552.0,588.0,488.0,512.0,1364,0.0,0.0
2024-01-17 00:00:00-05:00,496.0,504.0,440.0,448.0,709,0.0,0.0
2024-01-18 00:00:00-05:00,440.0,480.0,440.0,456.0,409,0.0,0.0
2024-01-19 00:00:00-05:00,464.0,468.0,404.0,413.6000061035156,519,0.0,0.0
2024-01-22 00:00:00-05:00,416.0,432.0,400.0,404.0,714,0.0,0.0
2024-01-23 00:00:00-05:00,400.0,412.0,368.3999938964844,396.0,377,0.0,0.0
2024-01-24 00:00:00-05:00,400.0,480.0,388.0,460.0,1598,0.0,0.0
2024-01-25 00:00:00-05:00,472.0,675.2000122070312,458.79998779296875,592.0,6142,0.0,0.0
2024-01-26 00:00:00-05:00,536.0,620.0,524.0,584.0,790,0.0,0.0
2024-01-29 00:00:00-05:00,588.0,596.0,576.0,592.0,340,0.0,0.0
2024-01-30 00:00:00-05:00,596.0,604.0,564.0,576.4000244140625,281,0.0,0.0
2024-01-31 00:00:00-05:00,552.0,592.0,544.0,572.0,156,0.0,0.0
2024-02-01 00:00:00-05:00,616.0,900.0,616.0,688.0,31815,0.0,0.0
2024-02-02 00:00:00-05:00,700.0,748.0,660.0,732.0,2047,0.0,0.0
2024-02-05 00:00:00-05:00,768.0,840.0,684.0,702.0,5392,0.0,0.0
2024-02-06 00:00:00-05:00,696.0,700.0,580.0,624.0,1126,0.0,0.0
2024-02-07 00:00:00-05:00,596.0,620.0,552.0,596.0,448,0.0,0.0
2024-02-08 00:00:00-05:00,560.0,600.0,552.0,592.0,187,0.0,0.0
2024-02-09 00:00:00-05:00,596.0,604.0,556.0,580.0,243,0.0,0.0
2024-02-12 00:00:00-05:00,568.0,620.0,566.0,608.0,244,0.0,0.0
2024-02-13 00:00:00-05:00,612.0,612.0,568.0,568.0,170,0.0,0.0
2024-02-14 00:00:00-05:00,580.0,596.0,552.0,556.0,247,0.0,0.0
2024-02-15 00:00:00-05:00,556.0,560.0,504.0,540.0,288,0.0,0.0
2024-02-16 00:00:00-05:00,536.0,556.0,508.0,540.0,187,0.0,0.0
2024-02-20 00:00:00-05:00,664.0,700.0,580.0,616.0,28854,0.0,0.0
2024-02-21 00:00:00-05:00,564.0,716.0,548.7999877929688,716.0,1919,0.0,0.0
2024-02-22 00:00:00-05:00,664.0,760.0,651.2000122070312,744.0,956,0.0,0.0
2024-02-23 00:00:00-05:00,760.0,760.0,664.0,752.0,8844,0.0,0.0
2024-02-26 00:00:00-05:00,688.0,832.0,684.0,692.0,940,0.0,0.0
2024-02-27 00:00:00-05:00,688.0,736.0,680.0,688.0,883,0.0,0.0
2024-02-28 00:00:00-05:00,696.0,696.0,648.0,660.0,542,0.0,0.0
2024-02-29 00:00:00-05:00,648.0,648.0,584.0,616.0,341,0.0,0.0
2024-03-01 00:00:00-05:00,626.0,637.5999755859375,580.0,636.0,194,0.0,0.0
2024-03-04 00:00:00-05:00,608.0,640.0,568.7999877929688,596.0,391,0.0,0.0
2024-03-05 00:00:00-05:00,604.0,604.0,544.0,544.0,263,0.0,0.0
2024-03-06 00:00:00-05:00,560.0,583.5999755859375,536.0,544.0,313,0.0,0.0
2024-03-07 00:00:00-05:00,608.0,620.0,536.0,552.0,498,0.0,0.0
2024-03-08 00:00:00-05:00,556.0,568.0,540.0,544.0,262,0.0,0.0
2024-03-11 00:00:00-04:00,552.0,576.0,536.0,568.0,262,0.0,0.0
2024-03-12 00:00:00-04:00,568.0,600.0,552.0,588.0,267,0.0,0.0
2024-03-13 00:00:00-04:00,572.0,580.0,536.0,544.0,765,0.0,0.0
2024-03-14 00:00:00-04:00,548.0,560.0,460.0,480.0,525,0.0,0.0
2024-03-15 00:00:00-04:00,492.0,508.0,484.0,508.0,62,0.0,0.0
2024-03-18 00:00:00-04:00,508.0,524.0,492.0,520.0,168,0.0,0.0
2024-03-19 00:00:00-04:00,528.0,536.0,420.0,516.0,11599,0.0,0.0
2024-03-20 00:00:00-04:00,488.0,512.0,484.0,488.0,379,0.0,0.0
2024-03-21 00:00:00-04:00,496.0,512.0,480.0,496.0,289,0.0,0.0
2024-03-22 00:00:00-04:00,484.0,484.0,464.0,472.0,202,0.0,0.0
2024-03-25 00:00:00-04:00,460.0,488.0,448.0,464.0,183,0.0,0.0
2024-03-26 00:00:00-04:00,460.0,476.0,448.0,456.0,143,0.0,0.0
2024-03-27 00:00:00-04:00,456.0,476.0,444.0,468.0,240,0.0,0.0
2024-03-28 00:00:00-04:00,464.0,470.79998779296875,452.0,460.0,94,0.0,0.0
2024-04-01 00:00:00-04:00,460.0,468.0,444.0,460.0,98,0.0,0.0
2024-04-02 00:00:00-04:00,452.0,456.0,428.0,432.0,203,0.0,0.0
2024-04-03 00:00:00-04:00,432.0,446.0,424.0,446.0,192,0.0,0.0
2024-04-04 00:00:00-04:00,440.0,504.0,440.0,460.0,536,0.0,0.0
2024-04-05 00:00:00-04:00,464.0,468.0,440.0,460.0,167,0.0,0.0
2024-04-08 00:00:00-04:00,452.0,468.0,440.0,448.0,88,0.0,0.0
2024-04-09 00:00:00-04:00,456.0,536.0,448.0,528.0,687,0.0,0.0
2024-04-10 00:00:00-04:00,512.0,548.0,469.20001220703125,508.0,2321,0.0,0.0
2024-04-11 00:00:00-04:00,496.0,532.0,480.0,512.0,231,0.0,0.0
2024-04-12 00:00:00-04:00,504.0,516.0,480.0,496.0,199,0.0,0.0
2024-04-15 00:00:00-04:00,516.0,516.0,480.0,502.0,63,0.0,0.0
2024-04-16 00:00:00-04:00,496.0,504.0,484.0,488.0,117,0.0,0.0
2024-04-17 00:00:00-04:00,476.0,508.0,452.0,476.0,2512,0.0,0.0
2024-04-18 00:00:00-04:00,464.0,480.0,460.0,471.20001220703125,89,0.0,0.0
2024-04-19 00:00:00-04:00,472.0,496.0,452.0,474.0,283,0.0,0.0
2024-04-22 00:00:00-04:00,488.0,488.0,456.0,476.0,119,0.0,0.0
2024-04-23 00:00:00-04:00,468.0,488.0,460.0,484.0,81,0.0,0.0
2024-04-24 00:00:00-04:00,476.0,484.0,464.0,484.0,77,0.0,0.0
2024-04-25 00:00:00-04:00,460.3999938964844,480.0,460.0,480.0,49,0.0,0.0
2024-04-26 00:00:00-04:00,464.79998779296875,480.0,460.0,464.0,58,0.0,0.0
2024-04-29 00:00:00-04:00,476.0,508.0,460.0,480.0,210,0.0,0.0
2024-04-30 00:00:00-04:00,468.0,484.0,464.0,475.20001220703125,131,0.0,0.0
2024-05-01 00:00:00-04:00,470.3999938964844,475.6000061035156,464.0,472.0,39,0.0,0.0
2024-05-02 00:00:00-04:00,468.0,484.0,460.0,468.0,120,0.0,0.0
2024-05-03 00:00:00-04:00,476.0,492.0,460.0,476.0,182,0.0,0.0
2024-05-06 00:00:00-04:00,468.0,476.0,456.0,468.0,113,0.0,0.0
2024-05-07 00:00:00-04:00,700.0,720.0,544.0,592.0,123824,0.0,0.0
2024-05-08 00:00:00-04:00,556.0,620.0,552.0,588.0,3784,0.0,0.0
2024-05-09 00:00:00-04:00,544.0,612.0,540.4000244140625,600.0,1019,0.0,0.0
2024-05-10 00:00:00-04:00,580.0,584.0,540.0,560.0,1097,0.0,0.0
2024-05-13 00:00:00-04:00,536.0,548.0,508.0,516.0,830,0.0,0.0
2024-05-14 00:00:00-04:00,508.0,536.0,492.0,516.0,361,0.0,0.0
2024-05-15 00:00:00-04:00,508.0,532.0,508.0,512.0,184,0.0,0.0
2024-05-16 00:00:00-04:00,520.0,548.0,512.0,516.0,269,0.0,0.0
2024-05-17 00:00:00-04:00,512.0,524.0,476.0,488.0,495,0.0,0.0
2024-05-20 00:00:00-04:00,492.0,492.0,468.0,480.0,130,0.0,0.0
2024-05-21 00:00:00-04:00,472.0,488.0,472.0,480.0,75,0.0,0.0
2024-05-22 00:00:00-04:00,492.0,492.0,460.0,464.0,244,0.0,0.0
2024-05-23 00:00:00-04:00,460.0,487.20001220703125,444.0,450.0,238,0.0,0.0
2024-05-24 00:00:00-04:00,456.0,472.0,444.0,460.0,198,0.0,0.0
2024-05-28 00:00:00-04:00,456.0,472.0,452.3999938964844,456.0,120,0.0,0.0
2024-05-29 00:00:00-04:00,456.0,475.20001220703125,444.0,452.0,91,0.0,0.0
2024-05-30 00:00:00-04:00,448.0,468.0,444.0,456.0,132,0.0,0.0
2024-05-31 00:00:00-04:00,448.0,459.6000061035156,446.0,452.0,47,0.0,0.0
2024-06-03 00:00:00-04:00,448.0,448.0,432.0,436.0,118,0.0,0.0
2024-06-04 00:00:00-04:00,432.0,440.0,424.0,428.0,119,0.0,0.0
2024-06-05 00:00:00-04:00,424.0,436.0,420.0,428.0,202,0.0,0.0
2024-06-06 00:00:00-04:00,420.0,428.0,408.0,416.79998779296875,159,0.0,0.0
2024-06-07 00:00:00-04:00,416.0,416.0,408.0,413.20001220703125,89,0.0,0.0
2024-06-10 00:00:00-04:00,408.0,412.0,404.0,408.0,120,0.0,0.0
2024-06-11 00:00:00-04:00,416.0,448.0,380.3999938964844,408.0,13473,0.0,0.0
2024-06-12 00:00:00-04:00,408.0,448.0,404.3999938964844,436.0,532,0.0,0.0
2024-06-13 00:00:00-04:00,436.0,444.0,416.0,432.0,261,0.0,0.0
2024-06-14 00:00:00-04:00,440.0,456.0,420.0,444.0,227,0.0,0.0
2024-06-17 00:00:00-04:00,456.0,460.0,436.0,444.0,456,0.0,0.0
2024-06-18 00:00:00-04:00,452.0,508.0,444.0,492.0,913,0.0,0.0
2024-06-20 00:00:00-04:00,572.0,584.0,460.0,512.0,37277,0.0,0.0
2024-06-21 00:00:00-04:00,512.0,680.0,512.0,580.0,3636,0.0,0.0
2024-06-24 00:00:00-04:00,560.0,568.0,516.0,536.0,679,0.0,0.0
2024-06-25 00:00:00-04:00,544.0,544.4000244140625,484.0,496.0,563,0.0,0.0
2024-06-26 00:00:00-04:00,504.0,540.0,496.0,512.0,311,0.0,0.0
2024-06-27 00:00:00-04:00,496.0,544.0,492.0,536.0,230,0.0,0.0
2024-06-28 00:00:00-04:00,636.0,892.0,580.0,672.0,192070,0.0,0.0
2024-07-01 00:00:00-04:00,680.0,720.0,624.0,664.0,5287,0.0,0.0
2024-07-02 00:00:00-04:00,644.0,708.0,620.0,632.0,1755,0.0,0.0
2024-07-03 00:00:00-04:00,628.0,640.0,600.0,608.0,625,0.0,0.0
2024-07-05 00:00:00-04:00,628.0,656.0,604.0,640.0,670,0.0,0.0
2024-07-08 00:00:00-04:00,640.0,676.0,636.0,664.0,606,0.0,0.0
2024-07-09 00:00:00-04:00,664.0,664.0,624.0,632.0,433,0.0,0.0
2024-07-10 00:00:00-04:00,640.0,658.7999877929688,612.0,624.0,375,0.0,0.0
2024-07-11 00:00:00-04:00,624.0,652.0,612.0,644.0,402,0.0,0.0
2024-07-12 00:00:00-04:00,656.0,715.2000122070312,632.0,680.0,8803,0.0,0.0
2024-07-15 00:00:00-04:00,692.0,920.0,692.0,888.0,7535,0.0,0.0
2024-07-16 00:00:00-04:00,848.0,850.0,708.0,732.0,5871,0.0,0.0
2024-07-17 00:00:00-04:00,740.0,750.4000244140625,668.0,704.0,1363,0.0,0.0
2024-07-18 00:00:00-04:00,692.0,712.0,672.0,684.0,531,0.0,0.0
2024-07-19 00:00:00-04:00,676.0,690.0,629.2000122070312,656.0,1692,0.0,0.0
2024-07-22 00:00:00-04:00,676.0,676.0,640.0,668.0,308,0.0,0.0
2024-07-23 00:00:00-04:00,668.0,672.0,644.0,664.0,239,0.0,0.0
2024-07-24 00:00:00-04:00,652.0,668.0,648.0,664.0,143,0.0,0.0
2024-07-25 00:00:00-04:00,660.0,668.0,644.0,660.0,102,0.0,0.0
2024-07-26 00:00:00-04:00,668.0,732.0,652.0,716.0,853,0.0,0.0
2024-07-29 00:00:00-04:00,700.0,756.0,688.0,736.0,898,0.0,0.0
2024-07-30 00:00:00-04:00,736.0,736.0,652.0,676.0,356,0.0,0.0
2024-07-31 00:00:00-04:00,676.0,698.0,656.0,664.0,162,0.0,0.0
2024-08-01 00:00:00-04:00,656.0,664.0,580.0,600.0,423,0.0,0.0
2024-08-02 00:00:00-04:00,580.0,612.0,560.0,592.0,328,0.0,0.0
2024-08-05 00:00:00-04:00,532.0,580.0,452.0,504.0,1151,0.0,0.0
2024-08-06 00:00:00-04:00,528.0,528.0,492.0,512.0,863,0.0,0.0
2024-08-07 00:00:00-04:00,512.0,520.0,504.0,516.0,212,0.0,0.0
2024-08-08 00:00:00-04:00,508.0,508.0,464.0,476.0,297,0.0,0.0
2024-08-09 00:00:00-04:00,496.0,504.0,472.0,472.0,407,0.0,0.0
2024-08-12 00:00:00-04:00,468.0,472.0,448.0,452.0,111,0.0,0.0
2024-08-13 00:00:00-04:00,460.0,488.0,460.0,476.0,150,0.0,0.0
2024-08-14 00:00:00-04:00,480.0,492.0,444.0,452.0,356,0.0,0.0
2024-08-15 00:00:00-04:00,468.0,480.0,444.0,456.0,386,0.0,0.0
2024-08-16 00:00:00-04:00,448.0,476.0,441.6000061035156,456.0,8669,0.0,0.0
2024-08-19 00:00:00-04:00,504.0,540.0,460.0,476.0,4539,0.0,0.0
2024-08-20 00:00:00-04:00,468.0,500.0,424.0,488.0,721,0.0,0.0
2024-08-21 00:00:00-04:00,496.0,556.0,468.0,520.0,3765,0.0,0.0
2024-08-22 00:00:00-04:00,540.0,564.0,512.0,552.0,2396,0.0,0.0
2024-08-23 00:00:00-04:00,524.0,552.0,512.0,524.0,418,0.0,0.0
2024-08-26 00:00:00-04:00,524.0,560.0,508.0,552.0,365,0.0,0.0
2024-08-27 00:00:00-04:00,552.0,580.0,540.0,576.0,253,0.0,0.0
2024-08-28 00:00:00-04:00,572.0,572.0,547.2000122070312,564.0,140,0.0,0.0
2024-08-29 00:00:00-04:00,556.0,556.0,524.0,528.0,515,0.0,0.0
2024-08-30 00:00:00-04:00,544.0,544.0,524.0,524.0,130,0.0,0.0
2024-09-03 00:00:00-04:00,520.0,528.0,484.0,492.0,210,0.0,0.0
2024-09-04 00:00:00-04:00,512.0,512.0,500.0,504.0,122,0.0,0.0
2024-09-05 00:00:00-04:00,496.0,524.7999877929688,484.0,516.0,156,0.0,0.0
2024-09-06 00:00:00-04:00,516.0,516.0,472.79998779296875,512.0,232,0.0,0.0
2024-09-09 00:00:00-04:00,508.0,548.0,507.6000061035156,548.0,236,0.0,0.0
2024-09-10 00:00:00-04:00,548.0,552.0,528.7999877929688,532.0,131,0.0,0.0
2024-09-11 00:00:00-04:00,528.0,532.0,516.0,520.0,218,0.0,0.0
2024-09-12 00:00:00-04:00,528.0,560.0,512.0,528.0,415,0.0,0.0
2024-09-13 00:00:00-04:00,532.0,544.0,524.0,536.0,40,0.0,0.0
2024-09-16 00:00:00-04:00,548.0,548.0,520.0,532.0,314,0.0,0.0
2024-09-17 00:00:00-04:00,544.0,544.0,504.0,536.0,143,0.0,0.0
2024-09-18 00:00:00-04:00,532.0,536.0,522.0,528.0,152,0.0,0.0
2024-09-19 00:00:00-04:00,520.0,537.2000122070312,508.0,516.0,150,0.0,0.0
2024-09-20 00:00:00-04:00,504.0,516.0,484.0,484.0,77,0.0,0.0
2024-09-23 00:00:00-04:00,492.0,510.0,480.0,484.0,89,0.0,0.0
2024-09-24 00:00:00-04:00,484.0,504.0,482.0,492.0,97,0.0,0.0
2024-09-25 00:00:00-04:00,484.0,504.0,484.0,504.0,56,0.0,0.0
2024-09-26 00:00:00-04:00,496.0,504.0,488.0,496.0,83,0.0,0.0
2024-09-27 00:00:00-04:00,488.0,500.0,488.0,500.0,64,0.0,0.0
2024-09-30 00:00:00-04:00,492.0,500.0,488.0,488.0,58,0.0,0.0
2024-10-01 00:00:00-04:00,494.0,494.0,480.0,484.0,54,0.0,0.0
2024-10-02 00:00:00-04:00,480.0,500.0,476.0,480.0,136,0.0,0.0
2024-10-03 00:00:00-04:00,480.0,504.0,480.0,496.0,72,0.0,0.0
2024-10-04 00:00:00-04:00,488.0,500.0,484.79998779296875,492.0,20,0.0,0.0
2024-10-07 00:00:00-04:00,484.0,536.0,484.0,532.0,273,0.0,0.0
2024-10-08 00:00:00-04:00,516.0,580.0,512.0,528.0,250,0.0,0.0
2024-10-09 00:00:00-04:00,528.0,564.0,528.0,560.0,71,0.0,0.0
2024-10-10 00:00:00-04:00,520.0,552.0,500.0,544.0,11673,0.0,0.0
2024-10-11 00:00:00-04:00,516.0,552.0,496.0,544.0,898,0.0,0.0
2024-10-14 00:00:00-04:00,532.0,588.0,524.0,564.0,821,0.0,0.0
2024-10-15 00:00:00-04:00,568.0,672.0,540.0,636.0,6643,0.0,0.0
2024-10-16 00:00:00-04:00,640.0,640.7999877929688,528.0,572.0,2017,0.0,0.0
2024-10-17 00:00:00-04:00,556.0,580.0,528.0,528.0,326,0.0,0.0
2024-10-18 00:00:00-04:00,556.0,724.0,540.0,702.0,5785,0.0,0.0
2024-10-21 00:00:00-04:00,712.0,712.0,612.0,616.0,1419,0.0,0.0
2024-10-22 00:00:00-04:00,608.0,616.0,564.0,592.0,428,0.0,0.0
2024-10-23 00:00:00-04:00,592.0,608.0,556.0,572.0,503,0.0,0.0
2024-10-24 00:00:00-04:00,572.0,629.5999755859375,568.0,616.0,407,0.0,0.0
2024-10-25 00:00:00-04:00,616.0,636.0,580.0,584.0,275,0.0,0.0
2024-10-28 00:00:00-04:00,588.0,600.0,568.0,568.0,100,0.0,0.0
2024-10-29 00:00:00-04:00,584.0,608.0,548.0,588.0,208,0.0,0.0
2024-10-30 00:00:00-04:00,580.0,592.0,580.0,584.0,58,0.0,0.0
2024-10-31 00:00:00-04:00,588.0,600.0,544.0,556.0,129,0.0,0.0
2024-11-01 00:00:00-04:00,560.0,568.0,536.0,544.0,159,0.0,0.0
2024-11-04 00:00:00-05:00,548.0,580.0,532.0,560.0,220,0.0,0.0
2024-11-05 00:00:00-05:00,572.0,580.0,552.0,564.0,184,0.0,0.0
2024-11-06 00:00:00-05:00,564.0,564.0,540.0,540.0,408,0.0,0.0
2024-11-07 00:00:00-05:00,560.0,560.0,540.0,560.0,110,0.0,0.0
2024-11-08 00:00:00-05:00,560.0,628.0,540.0,616.0,1251,0.0,0.0
2024-11-11 00:00:00-05:00,596.0,632.0,582.0,624.0,471,0.0,0.0
2024-11-12 00:00:00-05:00,616.0,624.0,580.0,612.0,259,0.0,0.0
2024-11-13 00:00:00-05:00,600.0,612.0,580.0,588.0,223,0.0,0.0
2024-11-14 00:00:00-05:00,600.0,608.0,556.0,588.0,519,0.0,0.0
2024-11-15 00:00:00-05:00,588.0,612.0,536.0,536.0,711,0.0,0.0
2024-11-18 00:00:00-05:00,552.0,556.0,524.0,532.0,237,0.0,0.0
2024-11-19 00:00:00-05:00,532.0,538.4000244140625,524.0,536.0,101,0.0,0.0
2024-11-20 00:00:00-05:00,528.0,555.5999755859375,516.0,544.0,182,0.0,0.0
2024-11-21 00:00:00-05:00,544.0,548.0,520.0,536.0,88,0.0,0.0
2024-11-22 00:00:00-05:00,532.0,544.0,532.0,532.0,46,0.0,0.0
2024-11-25 00:00:00-05:00,540.0,544.0,524.0,532.0,78,0.0,0.0
2024-11-26 00:00:00-05:00,532.0,540.0,528.0,532.0,34,0.0,0.0
2024-11-27 00:00:00-05:00,540.0,540.0,508.0,512.0,153,0.0,0.0
2024-11-29 00:00:00-05:00,520.0,530.0,512.0,520.0,48,0.0,0.0
2024-12-02 00:00:00-05:00,516.0,520.0,500.0,500.0,138,0.0,0.0
2024-12-03 00:00:00-05:00,504.0,532.0,504.0,524.0,119,0.0,0.0
2024-12-04 00:00:00-05:00,524.0,540.0,520.0,540.0,221,0.0,0.0
2024-12-05 00:00:00-05:00,544.0,552.0,528.0,532.0,109,0.0,0.0
2024-12-06 00:00:00-05:00,532.0,566.7999877929688,528.7999877929688,548.0,208,0.0,0.0
2024-12-09 00:00:00-05:00,548.0,576.0,540.0,572.0,89,0.0,0.0
2024-12-10 00:00:00-05:00,548.0,576.0,524.0,532.0,149,0.0,0.0
2024-12-11 00:00:00-05:00,532.0,540.0,528.0,532.0,49,0.0,0.0
2024-12-12 00:00:00-05:00,524.0,612.0,524.0,584.0,392,0.0,0.0
2024-12-13 00:00:00-05:00,592.0,608.0,558.4000244140625,589.2000122070312,438,0.0,0.0
2024-12-16 00:00:00-05:00,576.0,588.0,504.0,524.0,419,0.0,0.0
2024-12-17 00:00:00-05:00,528.0,532.0,508.0,508.0,114,0.0,0.0
2024-12-18 00:00:00-05:00,506.79998779296875,520.0,456.0,460.0,219,0.0,0.0
2024-12-19 00:00:00-05:00,484.0,544.0,456.0,476.0,781,0.0,0.0
2024-12-20 00:00:00-05:00,476.0,508.0,468.0,480.0,99,0.0,0.0
2024-12-23 00:00:00-05:00,484.0,492.0,468.0,488.0,85,0.0,0.0
2024-12-24 00:00:00-05:00,800.0,872.0,618.0,688.0,129466,0.0,0.0
2024-12-26 00:00:00-05:00,600.0,672.0,600.0,624.0,4831,0.0,0.0
2024-12-27 00:00:00-05:00,628.0,668.0,600.0,600.0,1290,0.0,0.0
2024-12-30 00:00:00-05:00,588.0,605.2000122070312,560.0,560.0,830,0.0,0.0
2024-12-31 00:00:00-05:00,580.0,584.0,544.0,552.0,818,0.0,0.0
2025-01-02 00:00:00-05:00,560.0,616.0,548.0,580.0,2347,0.0,0.0
2025-01-03 00:00:00-05:00,596.0,620.0,575.2000122070312,596.0,594,0.0,0.0
2025-01-06 00:00:00-05:00,652.0,700.0,620.0,632.0,2172,0.0,0.0
2025-01-07 00:00:00-05:00,644.0,648.7999877929688,580.0,596.0,713,0.0,0.0
2025-01-08 00:00:00-05:00,600.0,600.0,564.0,576.0,400,0.0,0.0
2025-01-10 00:00:00-05:00,576.0,640.0,572.0,612.0,531,0.0,0.0
2025-01-13 00:00:00-05:00,620.0,648.0,580.0,612.0,509,0.0,0.0
2025-01-14 00:00:00-05:00,620.0,640.0,588.0,604.0,218,0.0,0.0
2025-01-15 00:00:00-05:00,632.0,632.0,596.0,612.0,134,0.0,0.0
2025-01-16 00:00:00-05:00,616.0,628.0,588.0,608.0,142,0.0,0.0
2025-01-17 00:00:00-05:00,612.0,620.0,588.0,596.0,313,0.0,0.0
2025-01-21 00:00:00-05:00,596.0,616.0,568.0,576.0,219,0.0,0.0
2025-01-22 00:00:00-05:00,568.0,608.0,568.0,580.0,322,0.0,0.0
2025-01-23 00:00:00-05:00,604.0,608.0,580.0,596.0,105,0.0,0.0
2025-01-24 00:00:00-05:00,596.0,604.0,580.0,588.0,179,0.0,0.0
2025-01-27 00:00:00-05:00,588.0,600.0,544.0,552.0,237,0.0,0.0
2025-01-28 00:00:00-05:00,552.0,592.0,540.0,546.0,484,0.0,0.0
2025-01-29 00:00:00-05:00,540.0,560.0,540.0,548.0,181,0.0,0.0
2025-01-30 00:00:00-05:00,544.0,568.0,540.0,540.0,204,0.0,0.0
2025-01-31 00:00:00-05:00,544.0,564.0,536.0,552.0,112,0.0,0.0
2025-02-03 00:00:00-05:00,540.0,576.0,536.0,564.0,294,0.0,0.0
2025-02-04 00:00:00-05:00,556.0,592.4000244140625,540.0,548.0,312,0.0,0.0
2025-02-05 00:00:00-05:00,568.0,600.0,540.4000244140625,596.0,930,0.0,0.0
2025-02-06 00:00:00-05:00,584.0,596.0,546.7999877929688,572.0,129,0.0,0.0
2025-02-07 00:00:00-05:00,564.0,564.0,540.0,544.0,138,0.0,0.0
2025-02-10 00:00:00-05:00,544.0,580.0,544.0,558.0,187,0.0,0.0
2025-02-11 00:00:00-05:00,548.0,570.7999877929688,544.0,548.0,121,0.0,0.0
2025-02-12 00:00:00-05:00,556.0,572.0,548.0,564.0,61,0.0,0.0
2025-02-13 00:00:00-05:00,568.0,568.4000244140625,552.0,560.0,202,0.0,0.0
2025-02-14 00:00:00-05:00,580.0,580.0,548.0,564.0,144,0.0,0.0
2025-02-18 00:00:00-05:00,548.0,568.0,548.0,548.0,72,0.0,0.0
2025-02-19 00:00:00-05:00,548.0,548.0,504.0,532.0,295,0.0,0.0
2025-02-20 00:00:00-05:00,524.0,552.0,504.0,512.0,129,0.0,0.0
2025-02-21 00:00:00-05:00,508.0,528.0,492.0,516.0,141,0.0,0.0
2025-02-24 00:00:00-05:00,512.0,537.2000122070312,498.0,498.0,117,0.0,0.0
2025-02-25 00:00:00-05:00,516.0,516.0,484.0,488.79998779296875,143,0.0,0.0
2025-02-26 00:00:00-05:00,492.0,512.0,492.0,508.0,119,0.0,0.0
2025-02-27 00:00:00-05:00,504.0,504.0,484.0,488.0,53,0.0,0.0
2025-02-28 00:00:00-05:00,492.0,498.0,484.0,484.0,34,0.0,0.0
2025-03-03 00:00:00-05:00,480.0,512.0,456.0,464.0,184,0.0,0.0
2025-03-04 00:00:00-05:00,452.0,460.0,448.0,456.0,117,0.0,0.0
2025-03-05 00:00:00-05:00,472.0,476.0,460.3999938964844,464.0,60,0.0,0.0
2025-03-06 00:00:00-05:00,468.0,468.0,440.0,444.0,85,0.0,0.0
2025-03-07 00:00:00-05:00,444.0,444.0,424.0,424.0,128,0.0,0.0
2025-03-10 00:00:00-04:00,440.0,464.0,420.0,460.0,524,0.0,0.0
2025-03-11 00:00:00-04:00,448.0,460.0,432.0,436.0,130,0.0,0.0
2025-03-12 00:00:00-04:00,452.0,456.0,440.3999938964844,452.0,68,0.0,0.0
2025-03-13 00:00:00-04:00,448.0,452.0,436.0,452.0,46,0.0,0.0
2025-03-14 00:00:00-04:00,452.0,456.0,440.0,456.0,36,0.0,0.0
2025-03-17 00:00:00-04:00,448.0,456.0,448.0,456.0,33,0.0,0.0
2025-03-18 00:00:00-04:00,472.0,480.0,440.0,480.0,100,0.0,0.0
2025-03-19 00:00:00-04:00,476.0,480.0,460.0,464.0,37,0.0,0.0
2025-03-20 00:00:00-04:00,456.0,480.0,456.0,468.0,39,0.0,0.0
2025-03-21 00:00:00-04:00,500.0,519.2000122070312,440.0,448.0,958,0.0,0.0
2025-03-24 00:00:00-04:00,464.0,464.0,436.0,438.0,91,0.0,0.0
2025-03-25 00:00:00-04:00,440.0,452.0,424.0,432.0,143,0.0,0.0
2025-03-26 00:00:00-04:00,440.0,441.20001220703125,416.0,432.0,101,0.0,0.0
2025-03-27 00:00:00-04:00,444.0,444.0,420.0,420.0,57,0.0,0.0
2025-03-28 00:00:00-04:00,424.0,428.0,420.0,428.0,33,0.0,0.0
2025-03-31 00:00:00-04:00,416.0,416.0,412.0,414.0,46,0.0,0.0
2025-04-01 00:00:00-04:00,412.0,420.0,408.0,412.0,38,0.0,0.0
2025-04-02 00:00:00-04:00,400.0,432.0,400.0,412.0,70,0.0,0.0
2025-04-03 00:00:00-04:00,412.0,424.0,408.0,412.0,61,0.0,0.0
2025-04-04 00:00:00-04:00,408.0,416.0,399.6000061035156,412.0,104,0.0,0.0
2025-04-07 00:00:00-04:00,400.0,400.0,349.6000061035156,388.0,73,0.0,0.0
2025-04-08 00:00:00-04:00,386.0,400.0,372.0,383.20001220703125,131,0.0,0.0
2025-04-09 00:00:00-04:00,370.0,403.6000061035156,364.0,392.0,66,0.0,0.0
2025-04-10 00:00:00-04:00,392.0,392.0,367.6000061035156,373.6000061035156,94,0.0,0.0
2025-04-11 00:00:00-04:00,383.6000061035156,383.6000061035156,368.0,380.0,26,0.0,0.0
2025-04-14 00:00:00-04:00,392.0,392.0,340.0,369.6000061035156,190,0.0,0.0
2025-04-15 00:00:00-04:00,372.0,376.0,360.0,368.0,62,0.0,0.0
2025-04-16 00:00:00-04:00,376.0,400.0,360.3999938964844,388.0,541,0.0,0.0
2025-04-17 00:00:00-04:00,432.0,472.0,394.3999938964844,448.0,24917,0.0,0.0
2025-04-21 00:00:00-04:00,412.0,436.0,380.0,420.0,1413,0.0,0.0
2025-04-22 00:00:00-04:00,390.0,408.0,384.0,400.0,206,0.0,0.0
2025-04-23 00:00:00-04:00,404.0,404.0,384.79998779296875,390.3999938964844,276,0.0,0.0
2025-04-24 00:00:00-04:00,380.0,400.0,380.0,392.0,177,0.0,0.0
2025-04-25 00:00:00-04:00,400.0,408.0,380.79998779296875,408.0,193,0.0,0.0
2025-04-28 00:00:00-04:00,420.0,420.0,408.0,412.0,91,0.0,0.0
2025-04-29 00:00:00-04:00,412.0,412.0,404.0,412.0,38,0.0,0.0
2025-04-30 00:00:00-04:00,416.0,460.0,356.3999938964844,404.0,768,0.0,0.0
2025-05-01 00:00:00-04:00,392.0,424.0,392.0,408.0,73,0.0,0.0
2025-05-02 00:00:00-04:00,397.6000061035156,404.0,392.3999938964844,403.6000061035156,62,0.0,0.0
2025-05-05 00:00:00-04:00,412.0,420.3999938964844,388.0,400.0,85,0.0,0.0
2025-05-06 00:00:00-04:00,392.0,400.0,380.0,384.0,100,0.0,0.0
2025-05-07 00:00:00-04:00,384.0,396.79998779296875,382.0,384.0,27,0.0,0.0
2025-05-08 00:00:00-04:00,384.0,392.0,380.0,390.79998779296875,119,0.0,0.0
2025-05-09 00:00:00-04:00,393.6000061035156,396.0,376.0,386.79998779296875,235,0.0,0.0
2025-05-12 00:00:00-04:00,400.0,400.0,388.0,395.20001220703125,158,0.0,0.0
2025-05-13 00:00:00-04:00,395.20001220703125,400.0,388.0,392.0,49,0.0,0.0
2025-05-14 00:00:00-04:00,400.0,400.0,380.0,388.0,181,0.0,0.0
2025-05-15 00:00:00-04:00,384.0,390.0,380.0,388.0,109,0.0,0.0
2025-05-16 00:00:00-04:00,384.0,396.0,380.0,396.0,86,0.0,0.0
2025-05-19 00:00:00-04:00,392.0,428.0,384.0,416.0,381,0.0,0.0
2025-05-20 00:00:00-04:00,424.0,424.3999938964844,405.6000061035156,420.0,266,0.0,0.0
2025-05-21 00:00:00-04:00,420.0,420.0,382.0,400.0,194,0.0,0.0
2025-05-22 00:00:00-04:00,388.0,400.0,380.3999938964844,400.0,134,0.0,0.0
2025-05-23 00:00:00-04:00,388.0,392.0,376.3999938964844,386.0,62,0.0,0.0
2025-05-27 00:00:00-04:00,384.0,396.0,374.0,388.0,150,0.0,0.0
2025-05-28 00:00:00-04:00,382.0,388.0,376.0,384.3999938964844,157,0.0,0.0
2025-05-29 00:00:00-04:00,381.6000061035156,391.20001220703125,376.3999938964844,386.79998779296875,135,0.0,0.0
2025-05-30 00:00:00-04:00,376.3999938964844,388.0,368.0,384.79998779296875,53,0.0,0.0
2025-06-02 00:00:00-04:00,372.0,384.79998779296875,364.0,376.79998779296875,292,0.0,0.0
2025-06-03 00:00:00-04:00,380.0,384.0,368.3999938964844,377.6000061035156,242,0.0,0.0
2025-06-04 00:00:00-04:00,376.0,377.6000061035156,356.3999938964844,361.6000061035156,162,0.0,0.0
2025-06-05 00:00:00-04:00,365.20001220703125,420.0,364.0,376.0,2387,0.0,0.0
2025-06-06 00:00:00-04:00,376.0,420.0,365.6000061035156,379.6000061035156,402,0.0,0.0
2025-06-09 00:00:00-04:00,384.0,388.0,360.0,379.6000061035156,336,0.0,0.0
2025-06-10 00:00:00-04:00,368.0,368.0,356.3999938964844,358.3999938964844,216,0.0,0.0
2025-06-11 00:00:00-04:00,360.0,368.0,352.79998779296875,356.0,150,0.0,0.0
2025-06-12 00:00:00-04:00,355.6000061035156,360.79998779296875,342.3999938964844,342.3999938964844,437,0.0,0.0
2025-06-13 00:00:00-04:00,340.3999938964844,359.6000061035156,320.0,343.6000061035156,336,0.0,0.0
2025-06-16 00:00:00-04:00,340.0,348.0,332.0,348.0,112,0.0,0.0
2025-06-17 00:00:00-04:00,348.0,348.79998779296875,321.6000061035156,336.79998779296875,97,0.0,0.0
2025-06-18 00:00:00-04:00,332.0,352.0,332.0,344.0,32,0.0,0.0
2025-06-20 00:00:00-04:00,356.0,356.0,340.0,354.79998779296875,99,0.0,0.0
2025-06-23 00:00:00-04:00,350.0,356.0,332.0,356.0,143,0.0,0.0
2025-06-24 00:00:00-04:00,345.20001220703125,359.6000061035156,338.0,359.6000061035156,213,0.0,0.0
2025-06-25 00:00:00-04:00,340.3999938964844,373.20001220703125,340.3999938964844,360.0,211,0.0,0.0
2025-06-26 00:00:00-04:00,349.20001220703125,360.0,349.20001220703125,352.79998779296875,52,0.0,0.0
2025-06-27 00:00:00-04:00,360.0,360.0,340.3999938964844,355.6000061035156,142,0.0,0.0
2025-06-30 00:00:00-04:00,360.0,364.0,348.79998779296875,360.0,251,0.0,0.0
2025-07-01 00:00:00-04:00,358.0,358.3999938964844,343.6000061035156,348.79998779296875,117,0.0,0.0
2025-07-02 00:00:00-04:00,344.0,362.0,340.0,361.20001220703125,81,0.0,0.0
2025-07-03 00:00:00-04:00,476.0,524.0,374.79998779296875,440.0,104526,0.0,0.0
2025-07-07 00:00:00-04:00,420.0,432.0,383.20001220703125,396.79998779296875,2967,0.0,0.0
2025-07-08 00:00:00-04:00,392.0,416.0,377.20001220703125,414.79998779296875,1082,0.0,0.0
2025-07-09 00:00:00-04:00,420.0,420.0,388.0,388.0,466,0.0,0.0
2025-07-10 00:00:00-04:00,394.0,404.0,388.0,392.0,297,0.0,0.0
2025-07-11 00:00:00-04:00,384.3999938964844,398.0,372.79998779296875,380.3999938964844,350,0.0,0.0
2025-07-14 00:00:00-04:00,383.20001220703125,400.0,376.0,395.6000061035156,203,0.0,0.0
2025-07-15 00:00:00-04:00,390.0,399.6000061035156,386.0,388.79998779296875,156,0.0,0.0
2025-07-16 00:00:00-04:00,388.79998779296875,400.0,383.20001220703125,392.0,108,0.0,0.0
2025-07-17 00:00:00-04:00,392.0,412.0,384.0,404.0,180,0.0,0.0
2025-07-18 00:00:00-04:00,408.0,420.0,392.0,400.0,191,0.0,0.0
2025-07-21 00:00:00-04:00,408.0,500.0,408.0,464.0,9195,0.0,0.0
2025-07-22 00:00:00-04:00,484.0,484.0,452.0,452.0,638,0.0,0.0
2025-07-23 00:00:00-04:00,460.0,476.0,428.0,452.0,1731,0.0,0.0
2025-07-24 00:00:00-04:00,428.0,448.0,400.0,412.0,827,0.0,0.0
2025-07-25 00:00:00-04:00,412.0,432.0,406.79998779296875,412.0,127,0.0,0.0
2025-07-28 00:00:00-04:00,412.0,416.0,404.0,408.0,267,0.0,0.0
2025-07-29 00:00:00-04:00,396.0,406.3999938964844,392.0,395.6000061035156,128,0.0,0.0
2025-07-30 00:00:00-04:00,400.0,412.0,385.20001220703125,396.0,329,0.0,0.0
2025-07-31 00:00:00-04:00,416.0,416.0,392.0,400.0,91,0.0,0.0
2025-08-01 00:00:00-04:00,392.0,392.0,380.3999938964844,388.0,103,0.0,0.0
2025-08-04 00:00:00-04:00,400.0,400.0,384.0,392.0,87,0.0,0.0
2025-08-05 00:00:00-04:00,404.0,408.0,388.0,392.0,819,0.0,0.0
2025-08-06 00:00:00-04:00,396.0,396.0,380.0,384.0,142,0.0,0.0
2025-08-07 00:00:00-04:00,412.0,412.0,380.79998779296875,408.0,167,0.0,0.0
2025-08-08 00:00:00-04:00,408.0,408.0,388.0,394.79998779296875,67,0.0,0.0
2025-08-11 00:00:00-04:00,392.3999938964844,412.0,392.3999938964844,400.0,183,0.0,0.0
2025-08-12 00:00:00-04:00,397.6000061035156,414.0,392.0,408.0,174,0.0,0.0
2025-08-13 00:00:00-04:00,400.0,416.0,392.0,408.0,163,0.0,0.0
2025-08-14 00:00:00-04:00,404.0,420.0,396.0,408.0,124,0.0,0.0
2025-08-15 00:00:00-04:00,400.0,412.0,396.0,412.0,106,0.0,0.0
2025-08-18 00:00:00-04:00,420.0,420.0,398.3999938964844,408.0,131,0.0,0.0
2025-08-19 00:00:00-04:00,412.0,412.0,388.3999938964844,400.0,75,0.0,0.0
2025-08-20 00:00:00-04:00,400.0,408.0,382.3999938964844,396.0,150,0.0,0.0
2025-08-21 00:00:00-04:00,396.0,408.0,394.0,400.0,60,0.0,0.0
2025-08-22 00:00:00-04:00,392.0,412.0,389.20001220703125,412.0,138,0.0,0.0
2025-08-25 00:00:00-04:00,408.0,412.0,400.0,407.6000061035156,78,0.0,0.0
2025-08-26 00:00:00-04:00,408.0,408.0,396.0,404.0,51,0.0,0.0
2025-08-27 00:00:00-04:00,404.0,408.0,400.79998779296875,408.0,34,0.0,0.0
2025-08-28 00:00:00-04:00,406.0,420.0,400.0,408.0,179,0.0,0.0
2025-08-29 00:00:00-04:00,408.0,432.0,408.0,422.0,107,0.0,0.0
2025-09-02 00:00:00-04:00,420.0,420.0,404.0,416.0,110,0.0,0.0
2025-09-03 00:00:00-04:00,412.0,416.0,404.0,404.0,56,0.0,0.0
2025-09-04 00:00:00-04:00,404.0,412.0,404.0,408.3999938964844,64,0.0,0.0
2025-09-05 00:00:00-04:00,408.0,420.0,404.0,412.0,56,0.0,0.0
2025-09-08 00:00:00-04:00,404.0,416.0,404.0,404.0,86,0.0,0.0
2025-09-09 00:00:00-04:00,416.0,416.0,396.79998779296875,412.79998779296875,107,0.0,0.0
2025-09-10 00:00:00-04:00,416.0,421.20001220703125,404.0,409.6000061035156,99,0.0,0.0
2025-09-11 00:00:00-04:00,408.0,428.0,404.0,420.0,90,0.0,0.0
2025-09-12 00:00:00-04:00,416.0,420.0,404.0,408.0,54,0.0,0.0
2025-09-15 00:00:00-04:00,420.0,420.0,404.0,410.79998779296875,94,0.0,0.0
2025-09-16 00:00:00-04:00,405.6000061035156,412.0,396.0,404.0,96,0.0,0.0
2025-09-17 00:00:00-04:00,400.0,414.0,400.0,408.0,26,0.0,0.0
2025-09-18 00:00:00-04:00,412.0,412.0,399.20001220703125,400.0,93,0.0,0.0
2025-09-19 00:00:00-04:00,484.0,524.0,420.0,476.0,93983,0.0,0.0
2025-09-22 00:00:00-04:00,428.0,458.0,412.0,440.0,2327,0.0,0.0
2025-09-23 00:00:00-04:00,432.0,436.0,408.0,408.0,613,0.0,0.0
2025-09-24 00:00:00-04:00,420.0,444.0,404.0,412.0,877,0.0,0.0
2025-09-25 00:00:00-04:00,444.0,448.0,420.0,424.0,507,0.0,0.0
2025-09-26 00:00:00-04:00,432.0,436.0,420.0,420.0,368,0.0,0.0
2025-09-29 00:00:00-04:00,400.0,416.0,392.0,400.0,684,0.0,0.0
2025-09-30 00:00:00-04:00,404.0,416.0,404.0,410.0,173,0.0,0.0
2025-10-01 00:00:00-04:00,400.0,412.0,400.0,404.0,178,0.0,0.0
2025-10-02 00:00:00-04:00,420.0,420.0,400.0,408.0,204,0.0,0.0
2025-10-03 00:00:00-04:00,400.0,415.6000061035156,396.79998779296875,400.0,167,0.0,0.0
2025-10-06 00:00:00-04:00,408.0,408.0,396.0,404.0,238,0.0,0.0
2025-10-07 00:00:00-04:00,400.0,404.0,368.0,380.79998779296875,527,0.0,0.0
2025-10-08 00:00:00-04:00,380.0,391.20001220703125,374.0,387.6000061035156,260,0.0,0.0
2025-10-09 00:00:00-04:00,392.0,396.0,380.3999938964844,384.3999938964844,88,0.0,0.0
2025-10-10 00:00:00-04:00,392.0,394.3999938964844,372.0,372.3999938964844,208,0.0,0.0
2025-10-13 00:00:00-04:00,376.0,384.79998779296875,372.0,381.20001220703125,126,0.0,0.0
2025-10-14 00:00:00-04:00,368.0,380.3999938964844,368.0,380.3999938964844,166,0.0,0.0
2025-10-15 00:00:00-04:00,380.0,384.0,372.0,378.3999938964844,159,0.0,0.0
2025-10-16 00:00:00-04:00,378.3999938964844,384.0,375.6000061035156,378.79998779296875,65,0.0,0.0
2025-10-17 00:00:00-04:00,373.6000061035156,386.79998779296875,372.3999938964844,383.20001220703125,324,0.0,0.0
2025-10-20 00:00:00-04:00,386.3999938964844,432.0,386.0,428.0,888,0.0,0.0
2025-10-21 00:00:00-04:00,424.0,424.0,384.3999938964844,412.0,434,0.0,0.0
2025-10-22 00:00:00-04:00,400.0,412.0,382.0,400.0,373,0.0,0.0
2025-10-23 00:00:00-04:00,392.0,400.0,390.0,392.79998779296875,51,0.0,0.0
2025-10-24 00:00:00-04:00,404.0,408.0,392.79998779296875,404.0,132,0.0,0.0
2025-10-27 00:00:00-04:00,408.0,408.0,395.6000061035156,400.0,97,0.0,0.0
2025-10-28 00:00:00-04:00,400.0,404.0,396.0,396.0,114,0.0,0.0
2025-10-29 00:00:00-04:00,392.79998779296875,480.0,392.79998779296875,400.0,3658,0.0,0.0
2025-10-30 00:00:00-04:00,372.0,388.79998779296875,352.3999938964844,362.79998779296875,12716,0.0,0.0
2025-10-31 00:00:00-04:00,316.3999938964844,324.79998779296875,300.0,318.3999938964844,21248,0.0,0.0
2025-11-03 00:00:00-05:00,316.0,336.0,302.3999938964844,324.0,1132,0.0,0.0
2025-11-04 00:00:00-05:00,316.0,320.0,309.20001220703125,309.6000061035156,577,0.0,0.0
2025-11-05 00:00:00-05:00,315.6000061035156,328.0,308.79998779296875,314.79998779296875,412,0.0,0.0
2025-11-06 00:00:00-05:00,311.6000061035156,316.3999938964844,289.20001220703125,296.3999938964844,893,0.0,0.0
2025-11-07 00:00:00-05:00,240.39999389648438,280.0,240.0,273.6000061035156,1057,0.0,0.0
2025-11-10 00:00:00-05:00,268.0,284.0,264.0,271.6000061035156,881,0.0,0.0
2025-11-11 00:00:00-05:00,270.0,271.6000061035156,172.0,183.60000610351562,27655,0.0,0.0
2025-11-12 00:00:00-05:00,160.0,163.1999969482422,96.0,124.0,112441,0.0,0.0
2025-11-13 00:00:00-05:00,164.8000030517578,259.6000061035156,125.5999984741211,138.39999389648438,746529,0.0,0.0
2025-11-14 00:00:00-05:00,118.80000305175781,129.60000610351562,112.0,114.0,22713,0.0,0.0
2025-11-17 00:00:00-05:00,104.0,118.0,100.0,110.80000305175781,32878,0.0,0.0
2025-11-18 00:00:00-05:00,140.8000030517578,159.1999969482422,80.0,86.4000015258789,217507,0.0,0.0
2025-11-19 00:00:00-05:00,84.0,84.0,72.0,81.19999694824219,29397,0.0,0.0
2025-11-20 00:00:00-05:00,80.4000015258789,89.5999984741211,78.0,79.5999984741211,18803,0.0,0.0
2025-11-21 00:00:00-05:00,84.4000015258789,86.80000305175781,69.5999984741211,73.19999694824219,10990,0.0,0.0
2025-11-24 00:00:00-05:00,77.5999984741211,81.19999694824219,74.80000305175781,79.5999984741211,14117,0.0,0.0
2025-11-25 00:00:00-05:00,77.19999694824219,77.5999984741211,60.79999923706055,64.0,142596,0.0,0.0
2025-11-26 00:00:00-05:00,62.400001525878906,64.0,56.0,62.0,45129,0.0,0.0
2025-11-28 00:00:00-05:00,63.599998474121094,63.599998474121094,59.20000076293945,62.0,10345,0.0,0.0
2025-12-01 00:00:00-05:00,62.0,62.79999923706055,52.400001525878906,57.599998474121094,67530,0.0,0.0
2025-12-02 00:00:00-05:00,52.400001525878906,54.400001525878906,48.400001525878906,52.0,298529,0.0,0.0
2025-12-03 00:00:00-05:00,43.20000076293945,46.0,40.0,44.400001525878906,57787,0.0,0.0
2025-12-04 00:00:00-05:00,46.79999923706055,52.79999923706055,44.79999923706055,52.79999923706055,31765,0.0,0.0
2025-12-05 00:00:00-05:00,50.400001525878906,52.79999923706055,48.79999923706055,51.599998474121094,18929,0.0,0.0
2025-12-08 00:00:00-05:00,49.599998474121094,50.400001525878906,44.0,50.400001525878906,18432,0.0,0.0
2025-12-09 00:00:00-05:00,46.79999923706055,48.79999923706055,45.599998474121094,48.79999923706055,13148,0.0,0.0
2025-12-10 00:00:00-05:00,48.0,48.0,45.599998474121094,45.599998474121094,31129,0.0,0.0
2025-12-11 00:00:00-05:00,32.0,32.79999923706055,26.399999618530273,28.799999237060547,40144,0.0,0.0
2025-12-12 00:00:00-05:00,31.600000381469727,32.0,28.799999237060547,29.600000381469727,28680,0.0,0.0
2025-12-15 00:00:00-05:00,31.299999237060547,32.5,24.200000762939453,27.200000762939453,37210,0.0,0.025
2025-12-16 00:00:00-05:00,24.899999618530273,27.200000762939453,23.600000381469727,26.200000762939453,149900,0.0,0.0
2025-12-17 00:00:00-05:00,25.700000762939453,28.100000381469727,25.600000381469727,28.0,13970,0.0,0.0
2025-12-18 00:00:00-05:00,27.0,28.399999618530273,24.0,26.100000381469727,9240,0.0,0.0
2025-12-19 00:00:00-05:00,25.799999237060547,28.799999237060547,25.799999237060547,27.399999618530273,7950,0.0,0.0
2025-12-22 00:00:00-05:00,27.100000381469727,27.100000381469727,25.700000762939453,25.899999618530273,5750,0.0,0.0
2025-12-23 00:00:00-05:00,25.100000381469727,25.799999237060547,24.200000762939453,24.299999237060547,8630,0.0,0.0
2025-12-24 00:00:00-05:00,24.299999237060547,24.299999237060547,22.299999237060547,22.899999618530273,7560,0.0,0.0
2025-12-26 00:00:00-05:00,22.899999618530273,23.299999237060547,21.200000762939453,22.100000381469727,7230,0.0,0.0
2025-12-29 00:00:00-05:00,21.299999237060547,21.700000762939453,19.399999618530273,19.5,11610,0.0,0.0
2025-12-30 00:00:00-05:00,19.989999771118164,19.989999771118164,18.5,18.600000381469727,7240,0.0,0.0
2025-12-31 00:00:00-05:00,18.899999618530273,19.06999969482422,17.43000030517578,18.100000381469727,11440,0.0,0.0
2026-01-02 00:00:00-05:00,18.399999618530273,20.5,18.399999618530273,19.899999618530273,6500,0.0,0.0
2026-01-05 00:00:00-05:00,20.700000762939453,25.600000381469727,20.549999237060547,24.899999618530273,18240,0.0,0.0
2026-01-06 00:00:00-05:00,24.299999237060547,27.399999618530273,24.299999237060547,26.899999618530273,14300,0.0,0.0
2026-01-07 00:00:00-05:00,26.799999237060547,26.899999618530273,25.299999237060547,25.5,4880,0.0,0.0
2026-01-08 00:00:00-05:00,26.399999618530273,26.399999618530273,23.549999237060547,24.299999237060547,3620,0.0,0.0
2026-01-09 00:00:00-05:00,24.600000381469727,24.979999542236328,23.100000381469727,23.5,4180,0.0,0.0
2026-01-12 00:00:00-05:00,23.0,23.0,20.700000762939453,21.600000381469727,5350,0.0,0.0
2026-01-13 00:00:00-05:00,21.399999618530273,26.399999618530273,21.399999618530273,24.399999618530273,6890,0.0,0.0
2026-01-14 00:00:00-05:00,25.200000762939453,26.299999237060547,21.209999084472656,24.5,126630,0.0,0.0
2026-01-15 00:00:00-05:00,24.200000762939453,26.899999618530273,22.649999618530273,26.299999237060547,10930,0.0,0.0
2026-01-16 00:00:00-05:00,25.299999237060547,26.15999984741211,24.0,25.0,4980,0.0,0.0
2026-01-20 00:00:00-05:00,24.700000762939453,26.899999618530273,24.600000381469727,26.399999618530273,7560,0.0,0.0
2026-01-21 00:00:00-05:00,25.799999237060547,26.5,25.0,25.600000381469727,3580,0.0,0.0
2026-01-22 00:00:00-05:00,25.600000381469727,27.799999237060547,25.600000381469727,27.0,8090,0.0,0.0
2026-01-23 00:00:00-05:00,26.799999237060547,27.5,26.510000228881836,27.399999618530273,2890,0.0,0.0
2026-01-26 00:00:00-05:00,26.299999237060547,26.799999237060547,26.100000381469727,26.799999237060547,3000,0.0,0.0
2026-01-27 00:00:00-05:00,27.0,27.0,25.600000381469727,26.799999237060547,2440,0.0,0.0
2026-01-28 00:00:00-05:00,26.200000762939453,26.200000762939453,24.100000381469727,25.200000762939453,5660,0.0,0.0
2026-01-29 00:00:00-05:00,25.100000381469727,25.100000381469727,21.200000762939453,21.899999618530273,7330,0.0,0.0
2026-01-30 00:00:00-05:00,22.100000381469727,24.110000610351562,21.200000762939453,21.700000762939453,3360,0.0,0.0
2026-02-02 00:00:00-05:00,22.299999237060547,22.6200008392334,21.700000762939453,22.299999237060547,4690,0.0,0.0
2026-02-03 00:00:00-05:00,23.100000381469727,23.100000381469727,20.0,21.0,9610,0.0,0.0
2026-02-04 00:00:00-05:00,20.399999618530273,20.899999618530273,17.200000762939453,17.600000381469727,11050,0.0,0.0
2026-02-05 00:00:00-05:00,18.100000381469727,18.600000381469727,13.300000190734863,14.5,10610,0.0,0.0
2026-02-06 00:00:00-05:00,14.800000190734863,15.899999618530273,13.100000381469727,13.5,728940,0.0,0.0
2026-02-09 00:00:00-05:00,13.699999809265137,13.699999809265137,12.039999961853027,12.399999618530273,50440,0.0,0.0
2026-02-10 00:00:00-05:00,13.100000381469727,13.300000190734863,11.899999618530273,11.899999618530273,13060,0.0,0.0
2026-02-11 00:00:00-05:00,12.050000190734863,12.279999732971191,10.5,11.600000381469727,16130,0.0,0.0
2026-02-12 00:00:00-05:00,11.600000381469727,11.600000381469727,10.600000381469727,10.899999618530273,4050,0.0,0.0
2026-02-13 00:00:00-05:00,10.899999618530273,11.800000190734863,10.899999618530273,11.199999809265137,3170,0.0,0.0
2026-02-17 00:00:00-05:00,11.199999809265137,12.300000190734863,10.819999694824219,12.100000381469727,9370,0.0,0.0
2026-02-18 00:00:00-05:00,12.300000190734863,12.800000190734863,11.5,11.899999618530273,7220,0.0,0.0
2026-02-19 00:00:00-05:00,11.800000190734863,12.5,11.5,12.399999618530273,4940,0.0,0.0
2026-02-20 00:00:00-05:00,12.25,12.289999961853027,11.5,11.699999809265137,1660,0.0,0.0
2026-02-23 00:00:00-05:00,11.899999618530273,11.899999618530273,11.0,11.5,2320,0.0,0.0
2026-02-24 00:00:00-05:00,11.899999618530273,11.899999618530273,11.199999809265137,11.600000381469727,2440,0.0,0.0
2026-02-25 00:00:00-05:00,11.800000190734863,11.800000190734863,11.100000381469727,11.699999809265137,2520,0.0,0.0
2026-02-26 00:00:00-05:00,11.600000381469727,11.800000190734863,11.100000381469727,11.5,4250,0.0,0.0
2026-02-27 00:00:00-05:00,11.5,11.800000190734863,11.199999809265137,11.300000190734863,3480,0.0,0.0
2026-03-02 00:00:00-05:00,11.399999618530273,12.449999809265137,11.199999809265137,12.199999809265137,6370,0.0,0.0
2026-03-03 00:00:00-05:00,12.0,12.5,11.5,12.5,3370,0.0,0.0
2026-03-04 00:00:00-05:00,12.399999618530273,12.699999809265137,11.699999809265137,11.899999618530273,17170,0.0,0.0
2026-03-05 00:00:00-05:00,11.199999809265137,11.5,10.699999809265137,10.800000190734863,9190,0.0,0.0
2026-03-06 00:00:00-05:00,11.100000381469727,11.5,10.920000076293945,11.399999618530273,1590,0.0,0.0
2026-03-09 00:00:00-04:00,11.100000381469727,11.100000381469727,9.899999618530273,10.199999809265137,10740,0.0,0.0
2026-03-10 00:00:00-04:00,10.199999809265137,11.800000190734863,9.699999809265137,10.0,34250,0.0,0.0
2026-03-11 00:00:00-04:00,11.0,11.149999618530273,8.949999809265137,9.369999885559082,28640,0.0,0.0
2026-03-12 00:00:00-04:00,9.5,9.600000381469727,7.769999980926514,8.289999961853027,15190,0.0,0.0
2026-03-13 00:00:00-04:00,8.300000190734863,8.399999618530273,7.460000038146973,7.800000190734863,24290,0.0,0.0
2026-03-16 00:00:00-04:00,7.670000076293945,7.800000190734863,6.989999771118164,7.400000095367432,12290,0.0,0.0
2026-03-17 00:00:00-04:00,7.25,8.8100004196167,7.199999809265137,7.5,69800,0.0,0.0
2026-03-18 00:00:00-04:00,7.599999904632568,8.75,5.949999809265137,6.769999980926514,54390,0.0,0.0
2026-03-19 00:00:00-04:00,6.199999809265137,7.099999904632568,6.019999980926514,6.550000190734863,43080,0.0,0.0
2026-03-20 00:00:00-04:00,6.28000020980835,6.690000057220459,6.230000019073486,6.599999904632568,4150,0.0,0.0
2026-03-23 00:00:00-04:00,6.309999942779541,6.800000190734863,6.25,6.71999979019165,10240,0.0,0.0
2026-03-24 00:00:00-04:00,6.579999923706055,6.679999828338623,6.349999904632568,6.679999828338623,1480,0.0,0.0
2026-03-25 00:00:00-04:00,7.099999904632568,7.199999809265137,6.699999809265137,7.199999809265137,4310,0.0,0.0
2026-03-26 00:00:00-04:00,7.199999809265137,7.369999885559082,6.900000095367432,7.369999885559082,2020,0.0,0.0
2026-03-27 00:00:00-04:00,7.199999809265137,8.399999618530273,7.199999809265137,8.140000343322754,10580,0.0,0.0
2026-03-30 00:00:00-04:00,8.180000305175781,10.0,7.800000190734863,9.979999542236328,20430,0.0,0.0
2026-03-31 00:00:00-04:00,10.0,10.399999618530273,8.899999618530273,10.399999618530273,18030,0.0,0.0
2026-04-01 00:00:00-04:00,10.600000381469727,10.800000190734863,10.0,10.800000190734863,10690,0.0,0.0
2026-04-02 00:00:00-04:00,10.800000190734863,10.800000190734863,10.5,10.800000190734863,4650,0.0,0.0
2026-04-06 00:00:00-04:00,10.699999809265137,11.800000190734863,10.699999809265137,11.699999809265137,7370,0.0,0.0
2026-04-07 00:00:00-04:00,11.800000190734863,12.800000190734863,11.5,12.399999618530273,9470,0.0,0.0
2026-04-08 00:00:00-04:00,12.699999809265137,13.949999809265137,12.399999618530273,13.100000381469727,8850,0.0,0.0
2026-04-09 00:00:00-04:00,13.25,13.699999809265137,11.899999618530273,12.0,4040,0.0,0.0
2026-04-10 00:00:00-04:00,11.899999618530273,13.300000190734863,11.75,12.800000190734863,6970,0.0,0.0
2026-04-13 00:00:00-04:00,12.699999809265137,14.899999618530273,12.600000381469727,14.300000190734863,9970,0.0,0.0
2026-04-14 00:00:00-04:00,9.34000015258789,9.770000457763672,7.409999847412109,9.100000381469727,2250430,0.0,0.0
2026-04-15 00:00:00-04:00,8.0,8.0,6.449999809265137,6.5,231920,0.0,0.0
2026-04-16 00:00:00-04:00,6.670000076293945,8.600000381469727,5.860000133514404,8.350000381469727,1065580,0.0,0.0
2026-04-17 00:00:00-04:00,7.599999904632568,7.599999904632568,6.71999979019165,7.199999809265137,171100,0.0,0.0
2026-04-20 00:00:00-04:00,13.300000190734863,15.199999809265137,10.5,11.399999618530273,22526370,0.0,0.0
2026-04-21 00:00:00-04:00,9.890000343322754,10.100000381469727,7.699999809265137,8.199999809265137,1213540,0.0,0.0
2026-04-22 00:00:00-04:00,7.5,9.0,7.150000095367432,8.539999961853027,443590,0.0,0.0
2026-04-23 00:00:00-04:00,8.130000114440918,8.350000381469727,7.510000228881836,8.180000305175781,175370,0.0,0.0
2026-04-24 00:00:00-04:00,8.260000228881836,8.40999984741211,8.020000457763672,8.119999885559082,193410,0.0,0.0
2026-04-27 00:00:00-04:00,8.020000457763672,8.0600004196167,7.179999828338623,7.300000190734863,203280,0.0,0.0
2026-04-28 00:00:00-04:00,7.300000190734863,7.400000095367432,7.0,7.369999885559082,80580,0.0,0.0
2026-04-29 00:00:00-04:00,7.300000190734863,7.320000171661377,6.900000095367432,6.960000038146973,51600,0.0,0.0
2026-04-30 00:00:00-04:00,7.099999904632568,7.340000152587891,7.0,7.119999885559082,66870,0.0,0.0
2026-05-01 00:00:00-04:00,6.900000095367432,7.329999923706055,6.5,6.579999923706055,81810,0.0,0.0
2026-05-04 00:00:00-04:00,6.800000190734863,6.829999923706055,6.579999923706055,6.75,30110,0.0,0.0
2026-05-05 00:00:00-04:00,6.5,6.579999923706055,6.0,6.110000133514404,104690,0.0,0.0
2026-05-06 00:00:00-04:00,6.010000228881836,6.010000228881836,5.199999809265137,5.590000152587891,86250,0.0,0.0
2026-05-07 00:00:00-04:00,5.599999904632568,5.96999979019165,5.400000095367432,5.630000114440918,47000,0.0,0.0
2026-05-08 00:00:00-04:00,5.5,5.699999809265137,5.409999847412109,5.510000228881836,37380,0.0,0.0
2026-05-11 00:00:00-04:00,5.599999904632568,5.599999904632568,5.199999809265137,5.199999809265137,37210,0.0,0.0
2026-05-12 00:00:00-04:00,5.590000152587891,5.800000190734863,5.400000095367432,5.400000095367432,51550,0.0,0.0
2026-05-13 00:00:00-04:00,5.5,5.579999923706055,5.199999809265137,5.199999809265137,19130,0.0,0.0
2026-05-14 00:00:00-04:00,5.369999885559082,5.480000019073486,5.289999961853027,5.289999961853027,24700,0.0,0.0
2026-05-15 00:00:00-04:00,5.25,5.380000114440918,5.199999809265137,5.199999809265137,26500,0.0,0.0
2026-05-18 00:00:00-04:00,5.800000190734863,6.03000020980835,3.4100000858306885,3.799999952316284,6817510,0.0,0.0
2026-05-19 00:00:00-04:00,2.4000000953674316,2.680000066757202,2.299999952316284,2.359999895095825,544740,0.0,0.0
2026-05-20 00:00:00-04:00,2.2200000286102295,2.5199999809265137,2.200000047683716,2.5199999809265137,199320,0.0,0.0
2026-05-21 00:00:00-04:00,2.5,2.549999952316284,2.259999990463257,2.4600000381469727,183000,0.0,0.1
2026-05-22 00:00:00-04:00,2.4200000762939453,2.4200000762939453,2.0999999046325684,2.259999990463257,106500,0.0,0.0
2026-05-26 00:00:00-04:00,2.299999952316284,2.697999954223633,2.2799999713897705,2.5899999141693115,330900,0.0,0.0
2026-05-27 00:00:00-04:00,2.5399999618530273,2.680000066757202,2.369999885559082,2.4800000190734863,70400,0.0,0.0
2026-05-28 00:00:00-04:00,2.359999895095825,2.565000057220459,2.359999895095825,2.450000047683716,67300,0.0,0.0
2026-05-29 00:00:00-04:00,3.490000009536743,4.659999847412109,3.1500000953674316,3.5799999237060547,44924800,0.0,0.0
2026-06-01 00:00:00-04:00,2.880000114440918,3.5399999618530273,2.5899999141693115,3.1700000762939453,1072800,0.0,0.0
2026-06-02 00:00:00-04:00,3.1500000953674316,3.1649999618530273,2.9000000953674316,2.9200000762939453,261200,0.0,0.0
2026-06-03 00:00:00-04:00,2.8399999141693115,3.1500000953674316,2.75,2.9100000858306885,173900,0.0,0.0
2026-06-04 00:00:00-04:00,2.869999885559082,3.0,2.8399999141693115,2.9100000858306885,126200,0.0,0.0
2026-06-05 00:00:00-04:00,3.7100000381469727,4.550000190734863,3.259999990463257,3.9800000190734863,41850600,0.0,0.0
2026-06-08 00:00:00-04:00,3.2300000190734863,4.130000114440918,3.180000066757202,3.7899999618530273,1027200,0.0,0.0
2026-06-09 00:00:00-04:00,3.2899999618530273,3.5999999046325684,3.25,3.390000104904175,254700,0.0,0.0
2026-06-10 00:00:00-04:00,3.369999885559082,3.5199999809265137,3.1519999504089355,3.200000047683716,120500,0.0,0.0
2026-06-11 00:00:00-04:00,3.1700000762939453,3.559999942779541,3.1600000858306885,3.3399999141693115,148600,0.0,0.0
2026-06-12 00:00:00-04:00,3.2799999713897705,3.549999952316284,3.259999990463257,3.3399999141693115,162200,0.0,0.0
2026-06-15 00:00:00-04:00,3.4800000190734863,3.4800000190734863,3.1989998817443848,3.369999885559082,103000,0.0,0.0
2026-06-16 00:00:00-04:00,3.240000009536743,3.4800000190734863,2.9200000762939453,3.140000104904175,1687700,0.0,0.0
2026-06-17 00:00:00-04:00,3.1500000953674316,3.2200000286102295,3.009999990463257,3.140000104904175,122600,0.0,0.0
2026-06-18 00:00:00-04:00,3.1500000953674316,3.440000057220459,2.940000057220459,3.069999933242798,1281700,0.0,0.0
2026-06-22 00:00:00-04:00,3.0799999237060547,3.1050000190734863,2.9200000762939453,2.9800000190734863,301400,0.0,0.0
2026-06-23 00:00:00-04:00,2.9200000762939453,2.990000009536743,2.9200000762939453,2.9700000286102295,52800,0.0,0.0
2026-06-24 00:00:00-04:00,2.940000057220459,2.9509999752044678,2.619999885559082,2.680000066757202,138600,0.0,0.0
2026-06-25 00:00:00-04:00,2.640000104904175,2.680000066757202,2.4600000381469727,2.490000009536743,88900,0.0,0.0
2026-06-26 00:00:00-04:00,2.440000057220459,2.494999885559082,2.359999895095825,2.380000114440918,39400,0.0,0.0
2026-06-29 00:00:00-04:00,2.3450000286102295,2.4200000762939453,2.0399999618530273,2.299999952316284,4919900,0.0,0.0
2026-06-30 00:00:00-04:00,2.259999990463257,2.299999952316284,2.200000047683716,2.200000047683716,94300,0.0,0.0
2026-07-01 00:00:00-04:00,2.190000057220459,2.3299999237060547,2.190000057220459,2.299999952316284,178500,0.0,0.0
2026-07-02 00:00:00-04:00,2.2799999713897705,2.4179999828338623,2.2799999713897705,2.359999895095825,66000,0.0,0.0
2026-07-06 00:00:00-04:00,2.2799999713897705,2.3499999046325684,2.2219998836517334,2.3399999141693115,33400,0.0,0.0
2026-07-07 00:00:00-04:00,2.0899999141693115,2.2190001010894775,2.009999990463257,2.119999885559082,9066600,0.0,0.0
2026-07-08 00:00:00-04:00,2.049999952316284,2.1600000858306885,2.0,2.0999999046325684,186500,0.0,0.0
2026-07-09 00:00:00-04:00,2.059999942779541,2.130000114440918,2.049999952316284,2.069999933242798,55600,0.0,0.0
2026-07-10 00:00:00-04:00,2.069999933242798,2.1500000953674316,2.0299999713897705,2.0299999713897705,97600,0.0,0.0
2026-07-13 00:00:00-04:00,1.9800000190734863,2.130000114440918,1.8600000143051147,1.9900000095367432,4030400,0.0,0.0
2026-07-14 00:00:00-04:00,1.9700000286102295,2.0,1.909999966621399,1.9299999475479126,112000,0.0,0.0
2026-07-15 00:00:00-04:00,1.9199999570846558,1.9199999570846558,1.8200000524520874,1.8200000524520874,194600,0.0,0.0
2026-07-16 00:00:00-04:00,1.8300000429153442,2.25,1.7400000095367432,1.9900000095367432,1472500,0.0,0.0
2026-07-17 00:00:00-04:00,1.899999976158142,1.9900000095367432,1.809999942779541,1.940000057220459,192700,0.0,0.0
2026-07-20 00:00:00-04:00,1.9199999570846558,1.9299999475479126,1.8200000524520874,1.8700000047683716,291800,0.0,0.0
2026-07-21 00:00:00-04:00,1.7899999618530273,1.7929999828338623,1.6299999952316284,1.6399999856948853,198100,0.0,0.0
2026-07-22 00:00:00-04:00,1.6699999570846558,1.690000057220459,1.6100000143051147,1.6699999570846558,45800,0.0,0.0
2026-07-23 00:00:00-04:00,1.6699999570846558,1.690000057220459,1.63100004196167,1.659999966621399,51900,0.0,0.0
2026-07-24 00:00:00-04:00,1.659999966621399,1.6799999475479126,1.6100000143051147,1.6100000143051147,33500,0.0,0.0
2026-07-27 00:00:00-04:00,1.6100000143051147,1.6299999952316284,1.5800000429153442,1.6200000047683716,40000,0.0,0.0
2026-07-28 00:00:00-04:00,1.559999942779541,1.559999942779541,1.4299999475479126,1.4600000381469727,329000,0.0,0.0
2026-07-29 00:00:00-04:00,1.4500000476837158,1.4700000286102295,1.4299999475479126,1.4600000381469727,40700,0.0,0.0
2026-07-30 00:00:00-04:00,1.4700000286102295,1.6299999952316284,1.4500000476837158,1.6200000047683716,169600,0.0,0.0
2026-07-31 00:00:00-04:00,1.6299999952316284,1.7050000429153442,1.600000023841858,1.690000057220459,85000,0.0,0.0
2026-08-03 00:00:00-04:00,1.5499999523162842,1.6799999475479126,1.5199999809265137,1.6299999952316284,374600,0.0,0.0
2026-08-04 00:00:00-04:00,1.5800000429153442,1.7699999809265137,1.5800000429153442,1.7100000381469727,107400,0.0,0.0
2026-08-05 00:00:00-04:00,1.6799999475479126,1.7999999523162842,1.6799999475479126,1.7599999904632568,132400,0.0,0.0
2026-08-06 00:00:00-04:00,1.75,1.7599999904632568,1.7120000123977661,1.75,68149,0.0,0.0
