Date,Open,High,Low,Close,Volume,Dividends,Stock Splits
2022-01-03 00:00:00-05:00,20.856269530997437,21.034252635404783,20.62974755236156,21.02616310119629,8977,0.0,0.0
2022-01-04 00:00:00-05:00,20.85627104365846,21.1313352544278,20.678289595320052,20.872451782226562,1839,0.0,0.0
2022-01-05 00:00:00-05:00,20.993799632834953,21.074699974170276,20.71873713711294,20.94525909423828,1082,0.0,0.0
2022-01-06 00:00:00-05:00,21.03425302424196,21.03425302424196,20.815820575776655,20.937171936035156,4110,0.0,0.0
2022-01-07 00:00:00-05:00,20.322326953038072,20.9614453247454,19.80456162861024,20.95335578918457,4218,0.0,0.0
2022-01-10 00:00:00-05:00,20.95335578918457,20.95335578918457,20.95335578918457,20.95335578918457,0,0.0,0.0
2022-01-11 00:00:00-05:00,20.969533388941635,20.969533388941635,20.387046813964844,20.387046813964844,5408,0.0,0.0
2022-01-12 00:00:00-05:00,20.38704864915211,20.58930206298828,20.38704864915211,20.58930206298828,973,0.0,0.0
2022-01-13 00:00:00-05:00,20.265697801018813,20.96953582763672,20.265697801018813,20.96953582763672,1514,0.0,0.0
2022-01-14 00:00:00-05:00,20.961446291702714,20.96953582763672,20.79155435424322,20.96953582763672,1298,0.0,0.0
2022-01-18 00:00:00-05:00,20.718743523903438,20.96953582763672,20.71065231899152,20.96953582763672,649,0.0,0.0
2022-01-19 00:00:00-05:00,20.76727767570961,20.94525909423828,20.75109693985159,20.94525909423828,1298,0.0,0.0
2022-01-20 00:00:00-05:00,20.7510986328125,20.7510986328125,20.7510986328125,20.7510986328125,757,0.0,0.0
2022-01-21 00:00:00-05:00,20.42749611733227,20.864362716674805,20.42749611733227,20.864362716674805,2380,0.0,0.0
2022-01-24 00:00:00-05:00,20.75110057771801,20.86436241062526,20.75110057771801,20.79155158996582,6057,0.0,0.0
2022-01-25 00:00:00-05:00,20.791549456125196,21.034252166748047,20.791549456125196,21.034252166748047,7571,0.0,0.0
2022-01-26 00:00:00-05:00,21.042341232299805,21.042341232299805,21.042341232299805,21.042341232299805,324,0.0,0.0
2022-01-27 00:00:00-05:00,20.65402087689528,20.945264179181308,20.65402087689528,20.759191513061523,3461,0.0,0.0
2022-01-28 00:00:00-05:00,20.751100452990244,21.24459712492313,20.6135683473565,20.91290283203125,25201,0.0,0.0
2022-01-31 00:00:00-05:00,20.629749298095703,21.115154771232614,20.597389489545808,20.629749298095703,9518,0.0,0.0
2022-02-01 00:00:00-05:00,20.637840270996094,21.0827964316938,20.629750735539382,20.637840270996094,7463,0.0,0.0
2022-02-02 00:00:00-05:00,20.840089396597072,20.840089396597072,20.621656963342645,20.686376571655273,4002,0.0,0.0
2022-02-03 00:00:00-05:00,20.840093678214256,21.39831001121721,20.637840270996094,20.637840270996094,1406,0.0,0.0
2022-02-04 00:00:00-05:00,20.589299866682154,20.79155158996582,19.925911276910995,20.79155158996582,10816,0.0,0.0
2022-02-07 00:00:00-05:00,20.41940816414444,20.815823781354144,20.41940816414444,20.516490936279297,3137,0.0,0.0
2022-02-08 00:00:00-05:00,20.516491793040544,20.694473266601562,20.516491793040544,20.694473266601562,865,0.0,0.0
2022-02-09 00:00:00-05:00,20.53266983731249,20.59739112854004,20.53266983731249,20.59739112854004,649,0.0,0.0
2022-02-10 00:00:00-05:00,20.621657472066858,20.767279097828876,20.47603584630484,20.718738555908203,5300,0.0,0.0
2022-02-11 00:00:00-05:00,20.74300809761683,20.95335099487066,20.74300809761683,20.929079055786133,1622,0.0,0.0
2022-02-14 00:00:00-05:00,20.613568559331906,20.75110066637993,20.613568559331906,20.629749298095703,3786,0.0,0.0
2022-02-15 00:00:00-05:00,20.6297491042054,21.187965393066406,20.6297491042054,21.187965393066406,31583,0.0,0.0
2022-02-16 00:00:00-05:00,21.074705195993356,21.074705195993356,20.880544662475586,20.880544662475586,3028,0.0,0.0
2022-02-17 00:00:00-05:00,20.686380791002197,21.13942648648449,20.686380791002197,20.880544662475586,2055,0.0,0.0
2022-02-18 00:00:00-05:00,20.67828941345215,20.67828941345215,20.67828941345215,20.67828941345215,1514,0.0,0.0
2022-02-22 00:00:00-05:00,20.467947310565393,20.937173722929707,20.467947310565393,20.54075813293457,4435,0.0,0.0
2022-02-23 00:00:00-05:00,20.59738812731135,21.018072286548296,20.419405019613826,20.937171936035156,8977,0.0,0.0
2022-02-24 00:00:00-05:00,20.726833732569716,21.592474188809263,20.726833732569716,21.23651123046875,15251,0.0,0.0
2022-02-25 00:00:00-05:00,21.090883442316024,22.215407178137326,21.090883442316024,21.52775001525879,18928,0.0,0.0
2022-02-28 00:00:00-05:00,21.22841445255277,22.183046232262875,20.953351935319407,21.147512435913086,58623,0.0,0.0
2022-03-01 00:00:00-05:00,20.96953068606937,21.23650533416636,20.791549256315545,20.840089797973633,6598,0.0,0.0
2022-03-02 00:00:00-05:00,21.333583403011662,21.406394210906672,20.508394246868225,20.94525909423828,11140,0.0,0.0
2022-03-03 00:00:00-05:00,20.710649403478577,20.872451782226562,20.629749048593425,20.872451782226562,4110,0.0,0.0
2022-03-04 00:00:00-05:00,20.565031051635742,20.565031051635742,20.565031051635742,20.565031051635742,433,0.0,0.0
2022-03-07 00:00:00-05:00,20.743010512281987,20.977623706953896,20.476037510026167,20.484127044677734,16440,0.0,0.0
2022-03-08 00:00:00-05:00,20.3142351341513,20.945262230392334,20.3142351341513,20.484127044677734,14710,0.0,0.0
2022-03-09 00:00:00-05:00,20.67829128623529,20.69447202612653,20.605480460191426,20.637840270996094,6273,0.0,0.0
2022-03-10 00:00:00-05:00,20.556935686052547,20.694467774427455,20.556935686052547,20.686376571655273,6057,0.0,0.0
2022-03-11 00:00:00-05:00,20.71874230180543,21.204147808772273,20.69447202645709,21.19605827331543,5624,0.0,0.0
2022-03-14 00:00:00-04:00,20.87058498546361,21.318103161433257,20.87058498546361,20.984498977661133,9302,0.138683,0.0
2022-03-15 00:00:00-04:00,20.894998104619713,21.19605451891963,20.829904145343562,20.84617805480957,7139,0.0,0.0
2022-03-16 00:00:00-04:00,21.00077468153202,21.44015510227444,20.97636297956967,21.179780960083008,3786,0.0,0.0
2022-03-17 00:00:00-04:00,21.130960875679857,21.570341295639327,21.03332078235553,21.5296573638916,3677,0.0,0.0
2022-03-18 00:00:00-04:00,21.285558886118437,21.627297535401237,21.244874954223633,21.244874954223633,5516,0.0,0.0
2022-03-21 00:00:00-04:00,21.261150608899843,21.497114766158834,21.187920526845815,21.35065460205078,2380,0.0,0.0
2022-03-22 00:00:00-04:00,21.619159980609272,21.724937860773338,21.17977958832437,21.383195877075195,8436,0.0,0.0
2022-03-23 00:00:00-04:00,21.423882422872932,21.667982670622248,21.19605440591499,21.521522521972656,3245,0.0,0.0
2022-03-24 00:00:00-04:00,21.277421541010654,21.480837847596135,21.23673760825843,21.2936954498291,4975,0.0,0.0
2022-03-25 00:00:00-04:00,21.309970663602527,21.85512906017454,21.15537438324004,21.35065460205078,7247,0.0,0.0
2022-03-28 00:00:00-04:00,21.65984372493327,21.65984372493327,21.423879623413086,21.423879623413086,2380,0.0,0.0
2022-03-29 00:00:00-04:00,21.39946978446682,21.505247664630886,21.383195877075195,21.383195877075195,1190,0.0,0.0
2022-03-30 00:00:00-04:00,21.936499011698988,21.936499011698988,21.790037155151367,21.790037155151367,757,0.0,0.0
2022-03-31 00:00:00-04:00,21.399473270595117,21.40760938632253,20.471890612740545,20.56953239440918,28554,0.0,0.0
2022-04-01 00:00:00-04:00,20.951950932555963,21.48897307351631,20.951950932555963,21.309965133666992,23254,0.0,0.0
2022-04-04 00:00:00-04:00,21.30183018797422,21.895808517692526,21.293694073384824,21.49711036682129,3677,0.0,0.0
2022-04-05 00:00:00-04:00,21.578480939318247,21.879537360018766,21.285560634229768,21.855127334594727,39587,0.0,0.0
2022-04-06 00:00:00-04:00,21.586615538524235,21.773757934570312,21.505249352355847,21.773757934570312,1406,0.0,0.0
2022-04-07 00:00:00-04:00,21.659847259521484,21.887673605299593,21.505250990449333,21.659847259521484,3028,0.0,0.0
2022-04-08 00:00:00-04:00,21.667984008789062,21.667984008789062,21.667984008789062,21.667984008789062,541,0.0,0.0
2022-04-11 00:00:00-04:00,21.667984008789062,21.667984008789062,21.667984008789062,21.667984008789062,433,0.0,0.0
2022-04-12 00:00:00-04:00,21.700529960712174,21.708667755126953,21.521523662406352,21.708667755126953,1622,0.0,0.0
2022-04-13 00:00:00-04:00,21.85512813451706,21.85512813451706,21.586617845024843,21.733078002929688,58515,0.0,0.0
2022-04-14 00:00:00-04:00,21.52152644324591,21.903950793927756,21.52152644324591,21.87140464782715,5624,0.0,0.0
2022-04-18 00:00:00-04:00,21.562206268310547,21.70052862177173,21.545932359073056,21.562206268310547,4110,0.0,0.0
2022-04-19 00:00:00-04:00,21.586612747884363,21.798166818878578,21.586612747884363,21.65170669555664,2380,0.0,0.0
2022-04-20 00:00:00-04:00,21.74121190879634,21.969039916992188,21.74121190879634,21.969039916992188,2812,0.0,0.0
2022-04-21 00:00:00-04:00,21.814443211162516,21.96904115657297,21.814443211162516,21.895811080932617,2163,0.0,0.0
2022-04-22 00:00:00-04:00,21.895806992893178,21.895806992893178,21.806303024291992,21.806303024291992,1947,0.0,0.0
2022-04-25 00:00:00-04:00,21.765620241979253,21.765620241979253,21.52152002257843,21.57847785949707,649,0.0,0.0
2022-04-26 00:00:00-04:00,21.65984850629117,21.773760846443206,21.01705001025772,21.041460037231445,10816,0.0,0.0
2022-04-27 00:00:00-04:00,21.45642852783203,21.45642852783203,21.45642852783203,21.45642852783203,649,0.0,0.0
2022-04-28 00:00:00-04:00,21.000775944267918,21.3831985477388,21.000775944267918,21.171646118164062,8545,0.0,0.0
2022-04-29 00:00:00-04:00,21.47270127552211,21.47270127552211,21.04959308394901,21.269283294677734,5841,0.0,0.0
2022-05-02 00:00:00-04:00,21.358788917221766,21.358788917221766,21.171644845154074,21.179780960083008,1406,0.0,0.0
2022-05-03 00:00:00-04:00,21.391334308410705,21.423880445577513,21.366924285888672,21.366924285888672,1082,0.0,0.0
2022-05-04 00:00:00-04:00,21.358790933235248,21.399473190307617,21.155372933521697,21.399473190307617,2380,0.0,0.0
2022-05-05 00:00:00-04:00,21.212327838417227,21.48897589870567,21.049593784046838,21.407608032226562,7030,0.0,0.0
2022-05-06 00:00:00-04:00,21.619166695542347,21.619166695542347,21.61103057861328,21.61103057861328,865,0.0,0.0
2022-05-09 00:00:00-04:00,21.391336247597614,21.64357261032868,21.30996837942279,21.45642852783203,2812,0.0,0.0
2022-05-10 00:00:00-04:00,21.15536911830517,21.334375381469727,21.041455126152655,21.334375381469727,3569,0.0,0.0
2022-05-11 00:00:00-04:00,21.15537337170286,21.45642980177849,21.1146894351999,21.448293685913086,4110,0.0,0.0
2022-05-12 00:00:00-04:00,21.415744851709505,21.456427104510375,21.155370712280273,21.155370712280273,3461,0.0,0.0
2022-05-13 00:00:00-04:00,21.17164491901157,21.488975223988103,20.91940689086914,20.91940689086914,3569,0.0,0.0
2022-05-16 00:00:00-04:00,21.008911663375976,21.163507924931668,20.7973575592041,20.7973575592041,1298,0.0,0.0
2022-05-17 00:00:00-04:00,21.26114623980067,21.350650214558822,21.08213996887207,21.08213996887207,6057,0.0,0.0
2022-05-18 00:00:00-04:00,20.82176822418036,20.82176822418036,20.66717195786842,20.781085968017578,1298,0.0,0.0
2022-05-19 00:00:00-04:00,20.789221646458806,21.236738204956055,20.659033729428877,21.236738204956055,7030,0.0,0.0
2022-05-20 00:00:00-04:00,21.4157474558763,21.432021366128215,21.082143206533736,21.22860336303711,9734,0.0,0.0
2022-05-23 00:00:00-04:00,21.220463390434993,21.301829569730547,20.805491343841013,21.16350555419922,1406,0.0,0.0
2022-05-24 00:00:00-04:00,21.415743982091584,21.920216653604438,21.391333959967167,21.887670516967773,4435,0.0,0.0
2022-05-25 00:00:00-04:00,21.570341925154125,21.952766194697766,21.47270182898024,21.928356170654297,6814,0.0,0.0
2022-05-26 00:00:00-04:00,21.96904515838279,21.96904515838279,21.70867094914776,21.790037155151367,4002,0.0,0.0
2022-05-27 00:00:00-04:00,21.578479054144587,21.578479054144587,21.440155029296875,21.440155029296875,3353,0.0,0.0
2022-05-31 00:00:00-04:00,21.545935951886605,21.846992412160706,21.334381810873705,21.537799835205078,11140,0.0,0.0
2022-06-01 00:00:00-04:00,21.505246980390144,21.505246980390144,21.309965133666992,21.309965133666992,1406,0.0,0.0
2022-06-02 00:00:00-04:00,21.472703871776996,21.643574056336956,21.34251594543457,21.34251594543457,2163,0.0,0.0
2022-06-03 00:00:00-04:00,21.952764614324757,21.960900728890927,21.554066464591692,21.757484436035156,15034,0.0,0.0
2022-06-06 00:00:00-04:00,21.887670516967773,21.928354446704365,21.87953440245553,21.887670516967773,9302,0.0,0.0
2022-06-07 00:00:00-04:00,21.920218756802598,21.960902690442726,21.822580337524414,21.822580337524414,6057,0.0,0.0
2022-06-08 00:00:00-04:00,21.887672051813183,21.969039916992188,21.822579773975345,21.969039916992188,2380,0.0,0.0
2022-06-09 00:00:00-04:00,21.969040103589354,21.969040103589354,21.88767223771924,21.928356170654297,757,0.0,0.0
2022-06-10 00:00:00-04:00,21.65984455615307,21.724938509074395,21.366924285888672,21.366924285888672,4218,0.0,0.0
2022-06-13 00:00:00-04:00,21.19605207749033,21.19605207749033,20.699715521119476,20.732261657714844,3353,0.0,0.0
2022-06-14 00:00:00-04:00,21.431012170763466,21.59291748276635,20.561842779649677,20.82600212097168,2392,0.163462,1.04
2022-06-15 00:00:00-04:00,21.06459686593461,21.06459686593461,20.621490478515625,20.621490478515625,5824,0.0,0.0
2022-06-16 00:00:00-04:00,20.365846825178416,21.073114097301374,20.161337130475005,20.664093017578125,23192,0.0,0.0
2022-06-17 00:00:00-04:00,20.47662657224851,20.493670035463083,20.076128005981445,20.076128005981445,16952,0.0,0.0
2022-06-21 00:00:00-04:00,20.11021175111648,21.28614808401996,20.11021175111648,20.459583282470703,18304,0.0,0.0
2022-06-22 00:00:00-04:00,21.294666917303854,22.12975083386234,20.553316116333008,20.553316116333008,13000,0.0,0.0
2022-06-23 00:00:00-04:00,20.996421475974447,21.575866984391,20.62148564984717,21.183889389038086,6448,0.0,0.0
2022-06-24 00:00:00-04:00,20.91973250459315,22.146797597800468,20.91973250459315,20.928255081176758,10920,0.0,0.0
2022-06-27 00:00:00-04:00,21.243538250073524,21.805942015167485,21.235017365068252,21.516220092773438,12896,0.0,0.0
2022-06-28 00:00:00-04:00,21.465094527903595,21.64404159065498,21.362838822000427,21.43100929260254,2288,0.0,0.0
2022-06-29 00:00:00-04:00,22.146798710977727,22.146798710977727,21.967851638793945,21.967851638793945,1664,0.0,0.0
2022-06-30 00:00:00-04:00,21.63551949689103,22.112711074156234,21.21797750065268,21.720731735229492,2496,0.0,0.0
2022-07-01 00:00:00-04:00,22.036023271029748,22.036023271029748,21.3798845353133,21.77186393737793,9256,0.0,0.0
2022-07-05 00:00:00-04:00,21.60143532728786,22.129753935510685,21.19241419667718,21.822988510131836,8424,0.0,0.0
2022-07-06 00:00:00-04:00,21.729254204210754,21.729254204210754,21.235019167524058,21.44805145263672,20592,0.0,0.0
2022-07-07 00:00:00-04:00,21.524744646506196,21.74629783630371,21.507702873591015,21.74629783630371,7592,0.0,0.0
2022-07-08 00:00:00-04:00,21.9252416224752,21.942283392840146,21.814465044153692,21.899677276611328,3224,0.0,0.0
2022-07-11 00:00:00-04:00,21.822989886899915,21.891160361355205,21.822989886899915,21.874116897583008,2392,0.0,0.0
2022-07-12 00:00:00-04:00,22.070106041862932,22.666595120240313,21.822988510131836,21.822988510131836,4056,0.0,0.0
2022-07-13 00:00:00-04:00,21.79742431640625,21.79742431640625,21.79742431640625,21.79742431640625,416,0.0,0.0
2022-07-14 00:00:00-04:00,21.678130295656636,22.155321975931855,21.678130295656636,22.05306625366211,1560,0.0,0.0
2022-07-15 00:00:00-04:00,21.976367758430275,22.30017659546032,21.68664415110425,22.13827133178711,3952,0.0,0.0
2022-07-18 00:00:00-04:00,21.916718656700116,22.070103038835526,21.720729849410997,21.88263511657715,3432,0.0,0.0
2022-07-19 00:00:00-04:00,22.53877585292281,22.615468902261426,22.053063349011783,22.180883407592773,9048,0.0,0.0
2022-07-20 00:00:00-04:00,21.899681085375033,22.427999723003165,21.899681085375033,22.266096115112305,936,0.0,0.0
2022-07-21 00:00:00-04:00,21.95933281772743,22.666598595980297,21.891162337119482,21.942289352416992,6344,0.0,0.0
2022-07-22 00:00:00-04:00,22.17236328125,22.17236328125,22.17236328125,22.17236328125,520,0.0,0.0
2022-07-25 00:00:00-04:00,22.666596226079236,22.666596226079236,21.92524528503418,21.92524528503418,1352,0.0,0.0
2022-07-26 00:00:00-04:00,22.11271095275879,22.11271095275879,22.11271095275879,22.11271095275879,1248,0.0,0.0
2022-07-27 00:00:00-04:00,21.95932801481921,22.070104598999023,21.950807129186114,22.070104598999023,1040,0.0,0.0
2022-07-28 00:00:00-04:00,21.95081193023066,22.10419466644009,21.942289352416992,21.942289352416992,1144,0.0,0.0
2022-07-29 00:00:00-04:00,21.984893798828125,21.984893798828125,21.703692700722538,21.984893798828125,1664,0.0,0.0
2022-08-01 00:00:00-04:00,21.882636663488302,22.070104598999023,21.882636663488302,22.070104598999023,1560,0.0,0.0
2022-08-02 00:00:00-04:00,21.814467330454654,21.91672134399414,21.814467330454654,21.91672134399414,1144,0.0,0.0
2022-08-03 00:00:00-04:00,21.737776949846122,21.90820144026471,21.69516913692478,21.74629783630371,2808,0.0,0.0
2022-08-04 00:00:00-04:00,21.882637016452446,22.061584069216465,21.25206104373482,21.720731735229492,4888,0.0,0.0
2022-08-05 00:00:00-04:00,21.703690123931874,22.01897642230196,21.703690123931874,21.857072830200195,2912,0.0,0.0
2022-08-08 00:00:00-04:00,22.001938102364974,22.001938102364974,21.45657596871779,21.84003448486328,1144,0.0,0.0
2022-08-09 00:00:00-04:00,21.51622279527848,22.07010574493661,21.499179332810822,21.91672134399414,3848,0.0,0.0
2022-08-10 00:00:00-04:00,21.91672134399414,21.91672134399414,21.91672134399414,21.91672134399414,416,0.0,0.0
2022-08-11 00:00:00-04:00,21.703693459600007,21.805947485950057,21.68664999499711,21.77186393737793,1976,0.0,0.0
2022-08-12 00:00:00-04:00,21.64404166591606,22.027498451490494,21.303191002036936,21.66108512878418,3120,0.0,0.0
2022-08-15 00:00:00-04:00,21.92524123204727,21.92524123204727,21.88263511657715,21.88263511657715,832,0.0,0.0
2022-08-16 00:00:00-04:00,21.44805229071566,21.729255053277644,21.42248794221458,21.507701873779297,2600,0.0,0.0
2022-08-17 00:00:00-04:00,21.507701873779297,21.507701873779297,21.507701873779297,21.507701873779297,624,0.0,0.0
2022-08-18 00:00:00-04:00,21.490659260806844,21.840032506303725,21.09867989300181,21.609956741333008,2600,0.0,0.0
2022-08-19 00:00:00-04:00,21.226504287376986,21.635525511552423,21.226504287376986,21.627004623413086,2392,0.0,0.0
2022-08-22 00:00:00-04:00,21.678131103515625,21.703695457614973,21.51622747162604,21.678131103515625,2704,0.0,0.0
2022-08-23 00:00:00-04:00,21.4224916755814,21.558832637592232,21.226502810428517,21.43953514099121,4368,0.0,0.0
2022-08-24 00:00:00-04:00,21.473613946543303,21.473613946543303,21.311710357666016,21.311710357666016,2288,0.0,0.0
2022-08-25 00:00:00-04:00,21.303194071474255,21.592917769126725,21.14128875732422,21.14128875732422,2184,0.0,0.0
2022-08-26 00:00:00-04:00,20.99642562866211,20.99642562866211,20.99642562866211,20.99642562866211,2392,0.0,0.0
2022-08-29 00:00:00-04:00,20.78339098984617,20.78339098984617,20.451061248779297,20.451061248779297,2808,0.0,0.0
2022-08-30 00:00:00-04:00,20.34880657533217,20.877125157300135,20.280636108565353,20.8515625,9256,0.0,0.0
2022-08-31 00:00:00-04:00,20.877126755129336,20.877126755129336,20.289160237477855,20.374372482299805,6448,0.0,0.0
2022-09-01 00:00:00-04:00,20.238028709689257,20.783390719021934,20.238028709689257,20.70669937133789,6968,0.0,0.0
2022-09-02 00:00:00-04:00,20.70669937133789,20.70669937133789,20.70669937133789,20.70669937133789,416,0.0,0.0
2022-09-06 00:00:00-04:00,21.303192368004414,21.422489854464,20.084649771991955,21.34579849243164,13312,0.0,0.0
2022-09-07 00:00:00-04:00,21.09016132421555,21.09016132421555,20.374374672083604,20.689661026000977,6656,0.0,0.0
2022-09-08 00:00:00-04:00,20.715223386632548,20.851564332145927,20.391414486196634,20.41697883605957,4784,0.0,0.0
2022-09-09 00:00:00-04:00,20.5362786824487,20.740790124262986,19.86309814453125,19.86309814453125,13936,0.0,0.0
2022-09-12 00:00:00-04:00,20.11020972436665,20.451060335552025,19.880133998273855,20.024995803833008,6552,0.0,0.0
2022-09-13 00:00:00-04:00,19.888660049158663,20.042042766480407,19.624500737069365,19.709712982177734,4576,0.0,0.0
2022-09-14 00:00:00-04:00,20.602488852149065,20.602488852149065,19.580947875976562,19.580947875976562,6344,0.163462,0.0
2022-09-15 00:00:00-04:00,19.8298966876457,20.121765560803247,19.452184629265,19.718299865722656,4056,0.0,0.0
2022-09-16 00:00:00-04:00,19.958659046986398,20.568150356146173,19.366339097322296,20.370710372924805,27144,0.0,0.0
2022-09-19 00:00:00-04:00,19.82989340486904,20.319202204169244,19.237571778655084,20.113178253173828,7592,0.0,0.0
2022-09-20 00:00:00-04:00,19.786974183156648,20.010167816716912,19.452183732816252,19.726882934570312,6968,0.0,0.0
2022-09-21 00:00:00-04:00,19.649623486058584,19.77838995918727,19.615285873413086,19.615285873413086,3432,0.0,0.0
2022-09-22 00:00:00-04:00,19.59811487770037,19.59811487770037,19.40067320991536,19.417842864990234,1976,0.0,0.0
2022-09-23 00:00:00-04:00,19.35775618828054,19.35775618828054,19.29766663843793,19.314834594726562,3536,0.0,0.0
2022-09-26 00:00:00-04:00,19.151724485807474,19.151724485807474,19.022958054170388,19.031543731689453,2808,0.0,0.0
2022-09-27 00:00:00-04:00,19.134557723999023,19.134557723999023,19.134557723999023,19.134557723999023,520,0.0,0.0
2022-09-28 00:00:00-04:00,18.93711940707426,19.228988238538044,18.722509771841228,18.756847381591797,4368,0.0,0.0
2022-09-29 00:00:00-04:00,19.289078576151233,19.289078576151233,18.81693940251243,19.26332664489746,2392,0.0,0.0
2022-09-30 00:00:00-04:00,19.02296380054081,19.02296380054081,18.76543426513672,18.76543426513672,2808,0.0,0.0
2022-10-03 00:00:00-04:00,19.074470918592553,20.387879031197546,19.074470918592553,20.362125396728516,8944,0.0,0.0
2022-10-04 00:00:00-04:00,20.439383508379205,20.465135436498635,19.70112751231585,20.27627944946289,7800,0.0,0.0
2022-10-05 00:00:00-04:00,20.602485142433142,20.602485142433142,19.744048403401088,19.958656311035156,5096,0.0,0.0
2022-10-06 00:00:00-04:00,20.216195447648996,20.216195447648996,19.838481667362945,19.89857292175293,1976,0.0,0.0
2022-10-07 00:00:00-04:00,19.80413727409294,19.80413727409294,19.452178955078125,19.452178955078125,1976,0.0,0.0
2022-10-10 00:00:00-04:00,18.885611900092222,19.80413818359375,18.885611900092222,19.80413818359375,832,0.0,0.0
2022-10-11 00:00:00-04:00,19.503688674750503,19.829895137056223,19.503688674750503,19.580947875976562,1664,0.0,0.0
2022-10-12 00:00:00-04:00,19.48651885986328,19.48651885986328,19.48651885986328,19.48651885986328,728,0.0,0.0
2022-10-13 00:00:00-04:00,19.42642839131143,19.555194854736328,19.35775317119577,19.555194854736328,2184,0.0,0.0
2022-10-14 00:00:00-04:00,19.53802490234375,19.53802490234375,19.53802490234375,19.53802490234375,208,0.0,0.0
2022-10-17 00:00:00-04:00,19.52944518513762,19.52944518513762,19.306251525878906,19.306251525878906,832,0.0,0.0
2022-10-18 00:00:00-04:00,19.314828170755767,19.366335428155526,19.314828170755767,19.323413848876953,3224,0.0,0.0
2022-10-19 00:00:00-04:00,19.17748060571877,19.366338307150986,19.16031265258789,19.16031265258789,2600,0.0,0.0
2022-10-20 00:00:00-04:00,19.117388027137313,20.121759102058544,19.117388027137313,19.744047164916992,6552,0.0,0.0
2022-10-21 00:00:00-04:00,19.701128010788892,20.482305609648446,19.701128010788892,19.967243194580078,1664,0.0,0.0
2022-10-24 00:00:00-04:00,19.958662353550015,20.602491379868198,19.958662353550015,20.430803298950195,2600,0.0,0.0
2022-10-25 00:00:00-04:00,20.173267364501953,20.173267364501953,20.173267364501953,20.173267364501953,416,0.0,0.0
2022-10-26 00:00:00-04:00,20.46513622331914,20.61107063293457,20.46513622331914,20.61107063293457,1144,0.0,0.0
2022-10-27 00:00:00-04:00,19.9414927085653,20.087427139282227,19.9414927085653,20.087427139282227,1040,0.0,0.0
2022-10-28 00:00:00-04:00,20.00158243384117,20.24194400563408,19.495103953719592,19.6839599609375,14560,0.0,0.0
2022-10-31 00:00:00-04:00,20.4994762743579,20.4994762743579,19.57236414513912,19.69254493713379,1976,0.0,0.0
2022-11-01 00:00:00-04:00,19.572362899780273,19.572362899780273,19.572362899780273,19.572362899780273,936,0.0,0.0
2022-11-02 00:00:00-04:00,19.78697322666346,19.87281640378093,19.151729969763327,19.186067581176758,5928,0.0,0.0
2022-11-03 00:00:00-04:00,19.314829529760114,19.615282308682037,19.314829529760114,19.460763931274414,2600,0.0,0.0
2022-11-04 00:00:00-04:00,19.924322761272403,19.924322761272403,19.3663387298584,19.3663387298584,1248,0.0,0.0
2022-11-07 00:00:00-05:00,19.847061293616854,19.94149014368978,19.237571716308594,19.237571716308594,3328,0.0,0.0
2022-11-08 00:00:00-05:00,18.97145872960971,19.443599629181875,18.97145872960971,18.988628387451172,3640,0.0,0.0
2022-11-09 00:00:00-05:00,18.97145649187816,19.374922118159237,18.799768447875977,18.799768447875977,3536,0.0,0.0
2022-11-10 00:00:00-05:00,18.885614957371757,19.392091751098633,18.58516213146348,19.392091751098633,13000,0.0,0.0
2022-11-11 00:00:00-05:00,19.7440502025749,19.7440502025749,19.417843769280907,19.67537498474121,2392,0.0,0.0
2022-11-14 00:00:00-05:00,19.452182366101727,19.6839599609375,19.254742381926683,19.6839599609375,936,0.0,0.0
2022-11-15 00:00:00-05:00,19.022965297484514,19.872818280257274,19.022965297484514,19.718299865722656,7592,0.0,0.0
2022-11-16 00:00:00-05:00,19.76121906764888,19.778388724315768,19.666791915893555,19.666791915893555,3120,0.0,0.0
2022-11-17 00:00:00-05:00,19.580946743531303,19.838477967001513,19.40067471681894,19.649621963500977,4368,0.0,0.0
2022-11-18 00:00:00-05:00,19.726881294346263,19.80414049162926,19.572362899780273,19.572362899780273,2184,0.0,0.0
2022-11-21 00:00:00-05:00,19.48651885986328,19.48651885986328,19.48651885986328,19.48651885986328,832,0.0,0.0
2022-11-22 00:00:00-05:00,19.97582765519294,19.97582765519294,19.48651885986328,19.48651885986328,2184,0.0,0.0
2022-11-23 00:00:00-05:00,19.632453271098875,19.898568461342578,19.48651885986328,19.48651885986328,728,0.0,0.0
2022-11-25 00:00:00-05:00,19.323413848876953,19.323413848876953,19.323413848876953,19.323413848876953,936,0.0,0.0
2022-11-28 00:00:00-05:00,18.8856155675182,19.228989993530902,18.5422411415055,18.550825119018555,11440,0.0,0.0
2022-11-29 00:00:00-05:00,18.69675940799374,19.108809056688365,18.628084182739258,18.628084182739258,4680,0.0,0.0
2022-11-30 00:00:00-05:00,18.628080514567987,18.713923677816048,18.121602105174198,18.130186080932617,5928,0.0,0.0
2022-12-01 00:00:00-05:00,18.88561243386976,19.083052398070635,18.44780921936035,18.44780921936035,5824,0.0,0.0
2022-12-02 00:00:00-05:00,18.713926495165467,18.8169393282707,18.181696078370045,18.542240142822266,23920,0.0,0.0
2022-12-05 00:00:00-05:00,18.636669113189242,18.90278434753418,18.593747520918427,18.90278434753418,4368,0.0,0.0
2022-12-06 00:00:00-05:00,18.756847265317056,19.786972145784116,18.65383613953604,19.53802490234375,7904,0.0,0.0
2022-12-07 00:00:00-05:00,19.52085911107527,19.821311950683594,19.50368945298869,19.821311950683594,6344,0.0,0.0
2022-12-08 00:00:00-05:00,19.63245375428048,19.872815318212332,19.323416971273204,19.53802490234375,2600,0.0,0.0
2022-12-09 00:00:00-05:00,19.53802490234375,19.53802490234375,19.53802490234375,19.53802490234375,312,0.0,0.0
2022-12-12 00:00:00-05:00,19.40067646179017,19.735466912130565,19.228990099255988,19.726882934570312,2912,0.0,0.0
2022-12-13 00:00:00-05:00,19.57236014098032,20.842846431478662,19.57236014098032,20.799924850463867,6552,0.0,0.0
2022-12-14 00:00:00-05:00,20.566510656623706,20.877730971192122,20.021875106128977,20.748056411743164,3016,0.163462,0.0
2022-12-15 00:00:00-05:00,20.74805901699182,20.74805901699182,19.74523578151762,19.97865104675293,5096,0.0,0.0
2022-12-16 00:00:00-05:00,19.88355635710982,19.88355635710982,19.65013938104595,19.676074981689453,4472,0.0,0.0
2022-12-19 00:00:00-05:00,19.416724290116754,19.416724290116754,19.088212966918945,19.088212966918945,936,0.0,0.0
2022-12-20 00:00:00-05:00,18.33609838125618,19.261114840432075,18.33609838125618,18.595447540283203,24232,0.0,0.0
2022-12-21 00:00:00-05:00,18.751057916233542,19.494530314778668,18.53493361480153,18.560869216918945,6240,0.0,0.0
2022-12-22 00:00:00-05:00,18.794281660774455,18.794281660774455,18.336095809936523,18.336095809936523,2704,0.0,0.0
2022-12-23 00:00:00-05:00,18.327449794482213,18.37067464903019,18.206419858775142,18.292869567871094,6032,0.0,0.0
2022-12-27 00:00:00-05:00,18.802926288556982,18.802926288556982,18.29286924129655,18.336095809936523,1976,0.0,0.0
2022-12-28 00:00:00-05:00,18.802930542109113,18.802930542109113,18.32745361328125,18.32745361328125,1664,0.0,0.0
2022-12-29 00:00:00-05:00,19.33892102626463,19.33892102626463,18.5435791015625,18.5435791015625,3328,0.0,0.0
2022-12-30 00:00:00-05:00,19.209244279116717,19.217888907628858,18.768347646631693,18.82021713256836,2496,0.0,0.0
2023-01-03 00:00:00-05:00,19.148724569817677,20.912309027549856,19.070919499245925,19.580976486206055,11544,0.0,0.0
2023-01-04 00:00:00-05:00,19.857617427197845,20.030518544393402,19.37349601391383,19.63284683227539,4264,0.0,0.0
2023-01-05 00:00:00-05:00,19.511818822541684,19.88355497484631,19.494527851693437,19.805749893188477,2080,0.0,0.0
2023-01-06 00:00:00-05:00,19.494529724121094,19.494529724121094,19.494529724121094,19.494529724121094,208,0.0,0.0
2023-01-09 00:00:00-05:00,19.451304865144344,19.978651231415654,19.451304865144344,19.494529724121094,832,0.0,0.0
2023-01-10 00:00:00-05:00,19.86626298209233,19.995939254760742,19.86626298209233,19.995939254760742,624,0.0,0.0
2023-01-11 00:00:00-05:00,19.563690517664458,20.531933548745997,19.563690517664458,19.970006942749023,3328,0.0,0.0
2023-01-12 00:00:00-05:00,19.92678138511471,20.920959983149228,19.88355652691562,20.497352600097656,18304,0.0,0.0
2023-01-13 00:00:00-05:00,20.324448600869616,20.964181900024414,20.324448600869616,20.964181900024414,1560,0.0,0.0
2023-01-17 00:00:00-05:00,20.618382196031202,20.80857431266086,20.10832682010348,20.19477653503418,15704,0.0,0.0
2023-01-18 00:00:00-05:00,20.488711249992914,20.57516098022461,20.108330379136504,20.57516098022461,1768,0.0,0.0
2023-01-19 00:00:00-05:00,20.454123805717927,20.791279692625366,20.384963359963038,20.773988723754883,34736,0.0,0.0
2023-01-20 00:00:00-05:00,20.748056416954917,20.877730976436446,20.54057506394809,20.782636642456055,15288,0.0,0.0
2023-01-23 00:00:00-05:00,21.09385941957287,21.18030913598592,20.601093292236328,20.601093292236328,3744,0.0,0.0
2023-01-24 00:00:00-05:00,20.696190020864265,20.998764038085938,20.6616080753451,20.998764038085938,9360,0.0,0.0
2023-01-25 00:00:00-05:00,20.946893689060303,21.154375064468752,20.488707795279772,20.87773323059082,20384,0.0,0.0
2023-01-26 00:00:00-05:00,20.843154050714432,21.007410576564986,20.635674379724158,20.722124099731445,3744,0.0,0.0
2023-01-27 00:00:00-05:00,20.748057274847913,20.964183264450515,20.678896820985983,20.7999267578125,12480,0.0,0.0
2023-01-30 00:00:00-05:00,21.085216198528812,21.085216198528812,20.713479992326633,20.81722068786621,4992,0.0,0.0
2023-01-31 00:00:00-05:00,21.13708568886662,21.240826384406198,20.7567048534188,20.81722068786621,23192,0.0,0.0
2023-02-01 00:00:00-05:00,20.79127970825726,20.981470076794437,20.696185381420435,20.843149185180664,32448,0.0,0.0
2023-02-02 00:00:00-05:00,21.18030844398416,21.353209586025095,21.16301918721196,21.266759872436523,2808,0.0,0.0
2023-02-03 00:00:00-05:00,21.093856456428043,21.180306160697132,20.964181900024414,20.964181900024414,3952,0.0,0.0
2023-02-06 00:00:00-05:00,21.612562043913428,21.612562043913428,21.03334617614746,21.03334617614746,416,0.0,0.0
2023-02-07 00:00:00-05:00,21.033344959006968,21.53475570678711,21.033344959006968,21.53475570678711,728,0.0,0.0
2023-02-08 00:00:00-05:00,21.00740750726629,21.603914260864258,20.990116536872787,21.603914260864258,6344,0.0,0.0
2023-02-09 00:00:00-05:00,21.09385821048802,21.27540397644043,21.09385821048802,21.27540397644043,6656,0.0,0.0
2023-02-10 00:00:00-05:00,21.64714380279243,21.77681839194152,21.30998781316794,21.517467498779297,10296,0.0,0.0
2023-02-13 00:00:00-05:00,21.569338703628326,21.66443305935294,21.318632440134635,21.552047729492188,4888,0.0,0.0
2023-02-14 00:00:00-05:00,21.439660693314398,21.482887267782452,21.197600793585604,21.309986114501953,8424,0.0,0.0
2023-02-15 00:00:00-05:00,21.41372294792872,21.742232507671627,21.119791897747298,21.171661376953125,30472,0.0,0.0
2023-02-16 00:00:00-05:00,21.17166466508692,21.629850566299837,21.02469911717125,21.111148834228516,12688,0.0,0.0
2023-02-17 00:00:00-05:00,21.249468383343483,21.526110203872324,21.119793816118403,21.34456443786621,18928,0.0,0.0
2023-02-21 00:00:00-05:00,21.180307404314185,21.86326559570391,21.180307404314185,21.318628311157227,11752,0.0,0.0
2023-02-22 00:00:00-05:00,21.30998473612534,21.759525990713417,21.0938587372202,21.370500564575195,2392,0.0,0.0
2023-02-23 00:00:00-05:00,21.353209069184764,21.992940706956247,21.353209069184764,21.3791446685791,4680,0.0,0.0
2023-02-24 00:00:00-05:00,21.854624574968202,21.923785045231842,21.26676400745551,21.361858367919922,8320,0.0,0.0
2023-02-27 00:00:00-05:00,21.482888980230772,22.010233681328312,21.4742426357296,21.517467498779297,9152,0.0,0.0
2023-02-28 00:00:00-05:00,21.586627420182683,22.018879469486176,21.482888437430162,21.87191390991211,7800,0.0,0.0
2023-03-01 00:00:00-05:00,21.880554693348135,21.941070518370132,21.62984848022461,21.62984848022461,5928,0.0,0.0
2023-03-02 00:00:00-05:00,21.612563023302812,22.00158849578476,21.508822325686292,21.87191390991211,6240,0.0,0.0
2023-03-03 00:00:00-05:00,21.655789277038735,22.03617014454836,21.508823708019456,21.673078536987305,8944,0.0,0.0
2023-03-06 00:00:00-05:00,21.759526867875486,21.78546075408761,21.526111602783203,21.526111602783203,9672,0.0,0.0
2023-03-07 00:00:00-05:00,21.98429538563396,21.98429538563396,21.61255923711194,21.73358917236328,3952,0.0,0.0
2023-03-08 00:00:00-05:00,21.742235367503895,21.828686797369663,21.5693359375,21.5693359375,3120,0.0,0.0
2023-03-09 00:00:00-05:00,21.612560974780028,21.612560974780028,21.258115768432617,21.258115768432617,6656,0.0,0.0
2023-03-10 00:00:00-05:00,21.180306903486738,21.180306903486738,19.59826799961712,19.71065330505371,22464,0.0,0.0
2023-03-13 00:00:00-04:00,19.451305054544147,19.59827060541444,18.81157336275859,19.07956886291504,3744,0.0,0.0
2023-03-14 00:00:00-04:00,19.81138697211334,20.020477192726755,18.800779342651367,18.800779342651367,7280,0.163462,0.0
2023-03-15 00:00:00-04:00,19.1492641957907,19.86365909522283,18.800779342651367,18.800779342651367,7696,0.0,0.0
2023-03-16 00:00:00-04:00,18.88790293068307,20.037905363564263,18.826919066022217,19.471616744995117,20800,0.0,0.0
2023-03-17 00:00:00-04:00,19.785249750045192,20.473507713523265,19.123126983642578,19.123126983642578,36400,0.0,0.0
2023-03-20 00:00:00-04:00,19.51517677307129,20.072753647313483,19.175403608354657,19.51517677307129,5408,0.0,0.0
2023-03-21 00:00:00-04:00,19.52388455085784,20.037900924682617,19.384491656672147,20.037900924682617,9048,0.0,0.0
2023-03-22 00:00:00-04:00,19.915933055058556,20.037904233855127,19.90722132176612,20.003055572509766,6656,0.0,0.0
2023-03-23 00:00:00-04:00,19.93335695062233,19.93335695062233,19.663281138930234,19.776538848876953,5824,0.0,0.0
2023-03-24 00:00:00-04:00,19.81138905089864,19.820100784301758,19.62843400855499,19.820100784301758,5200,0.0,0.0
2023-03-27 00:00:00-04:00,20.03790223624013,20.26441764831543,19.924644530202478,20.26441764831543,12480,0.0,0.0
2023-03-28 00:00:00-04:00,20.11631322549925,20.473509842927232,20.11631322549925,20.14244842529297,3848,0.0,0.0
2023-03-29 00:00:00-04:00,20.14244516327805,20.14244516327805,19.94206668976558,20.037900924682617,3640,0.0,0.0
2023-03-30 00:00:00-04:00,20.421237715164185,20.421237715164185,19.950783380769924,20.14244842529297,7072,0.0,0.0
2023-03-31 00:00:00-04:00,20.255703631301998,20.412523451502516,20.255703631301998,20.368961334228516,3432,0.0,0.0
2023-04-03 00:00:00-04:00,20.517075400849947,20.517075400849947,20.3079833984375,20.3079833984375,10816,0.0,0.0
2023-04-04 00:00:00-04:00,20.429949424141796,20.429949424141796,20.203433990478516,20.203433990478516,1560,0.0,0.0
2023-04-05 00:00:00-04:00,20.238284429662517,20.238284429662517,19.872374319083082,20.12502670288086,5928,0.0,0.0
2023-04-06 00:00:00-04:00,20.125025955345734,20.125025955345734,19.872373580932617,19.872373580932617,2288,0.0,0.0
2023-04-10 00:00:00-04:00,19.881086919417505,20.15987449318832,19.854949990316097,20.133737564086914,3432,0.0,0.0
2023-04-11 00:00:00-04:00,20.177298680583647,20.464797973632812,20.16858521920138,20.464797973632812,1768,0.0,0.0
2023-04-12 00:00:00-04:00,20.098886542234133,20.46479659400233,20.090174809614766,20.43865966796875,3224,0.0,0.0
2023-04-13 00:00:00-04:00,20.133737564086914,20.133737564086914,20.133737564086914,20.133737564086914,1456,0.0,0.0
2023-04-14 00:00:00-04:00,20.29926508826909,20.29926508826909,20.142445273169706,20.25570297241211,5616,0.0,0.0
2023-04-17 00:00:00-04:00,19.793963409558756,20.464797973632812,19.793963409558756,20.464797973632812,1976,0.0,0.0
2023-04-18 00:00:00-04:00,20.325404562472663,20.412527084350586,20.246995502505527,20.412527084350586,1664,0.0,0.0
2023-04-19 00:00:00-04:00,20.177300796967618,20.3776793226165,19.73298161871612,20.342830657958984,4784,0.0,0.0
2023-04-20 00:00:00-04:00,19.96820586409115,20.473508834838867,19.59358407040429,20.473508834838867,4472,0.0,0.0
2023-04-21 00:00:00-04:00,20.125024288735787,20.438660501223318,20.09017562866211,20.09017562866211,1664,0.0,0.0
2023-04-24 00:00:00-04:00,20.473510406689467,20.473510406689467,19.698131561279297,19.698131561279297,9776,0.0,0.0
2023-04-25 00:00:00-04:00,19.698132834215446,20.003057351981724,19.166692861641323,19.584875106811523,17784,0.0,0.0
2023-04-26 00:00:00-04:00,19.61972003626906,20.395098784177765,19.24509826092819,19.32350730895996,20280,0.0,0.0
2023-04-27 00:00:00-04:00,19.262521430447993,19.262521430447993,19.08827987223764,19.166688919067383,21736,0.0,0.0
2023-04-28 00:00:00-04:00,19.16669423355531,19.38449796988569,19.079571702117622,19.271240234375,31408,0.0,0.0
2023-05-01 00:00:00-04:00,19.29737083861942,19.497751057804052,19.001158104325164,19.018583297729492,12896,0.0,0.0
2023-05-02 00:00:00-04:00,19.018584031626208,19.497751810191087,18.46971893310547,18.46971893310547,18720,0.0,0.0
2023-05-03 00:00:00-04:00,18.78335477455639,18.78335477455639,18.495855495623825,18.51327896118164,5824,0.0,0.0
2023-05-04 00:00:00-04:00,18.121237660271888,18.121237660271888,16.55305456253538,16.675024032592773,57304,0.0,0.0
2023-05-05 00:00:00-04:00,16.57918760813881,16.83183997821746,15.690551038353782,16.11744499206543,20800,0.0,0.0
2023-05-08 00:00:00-04:00,16.24812253964617,16.40494062105344,15.995471954345703,15.995471954345703,15392,0.0,0.0
2023-05-09 00:00:00-04:00,16.100018238996523,16.500775182099403,15.85607765225209,16.091304779052734,28704,0.0,0.0
2023-05-10 00:00:00-04:00,16.24812668729184,16.24812668729184,15.925778710597024,16.152294158935547,10816,0.0,0.0
2023-05-11 00:00:00-04:00,16.11744280783896,16.11744280783896,15.76895795962376,15.899639129638672,25064,0.0,0.0
2023-05-12 00:00:00-04:00,16.00418575873199,16.195852519517512,15.87350458335911,16.012897491455078,32656,0.0,0.0
2023-05-15 00:00:00-04:00,15.90835189819336,15.969337485077869,15.90835189819336,15.90835189819336,16328,0.0,0.0
2023-05-16 00:00:00-04:00,15.943198204040527,16.178425327562124,15.856077431219632,15.943198204040527,11648,0.0,0.0
2023-05-17 00:00:00-04:00,16.082598052330106,16.439796447753906,15.917068184513521,16.439796447753906,10816,0.0,0.0
2023-05-18 00:00:00-04:00,16.448505626882884,16.7447166504039,16.126155947632,16.326536178588867,10712,0.0,0.0
2023-05-19 00:00:00-04:00,16.117442723017245,16.256837352839902,16.117442723017245,16.16100311279297,8632,0.0,0.0
2023-05-22 00:00:00-04:00,16.34395886794512,16.34395886794512,16.012897471304722,16.073883056640625,20592,0.0,0.0
2023-05-23 00:00:00-04:00,16.03032420024893,16.439794686867547,16.03032420024893,16.11744499206543,16328,0.0,0.0
2023-05-24 00:00:00-04:00,16.248123892344417,16.439792372438284,16.030321943465793,16.16100311279297,19240,0.0,0.0
2023-05-25 00:00:00-04:00,16.195851873609445,16.23070053128751,15.777669709648086,15.838653564453125,10192,0.0,0.0
2023-05-26 00:00:00-04:00,15.899639409974647,16.03903404298865,15.80380689590912,15.847367286682129,18096,0.0,0.0
2023-05-30 00:00:00-04:00,15.917066600551438,15.995475659417155,15.821232346284628,15.856081008911133,12896,0.0,0.0
2023-05-31 00:00:00-04:00,15.856079423950172,15.856079423950172,15.681836128234863,15.681836128234863,16120,0.0,0.0
2023-06-01 00:00:00-04:00,15.856080446144048,16.01289855830966,15.751534461975098,15.751534461975098,11440,0.0,0.0
2023-06-02 00:00:00-04:00,15.986762917129148,16.230701811947824,15.986762917129148,16.18714141845703,8112,0.0,0.0
2023-06-05 00:00:00-04:00,16.3788069898299,16.439792573165796,16.100019454956055,16.100019454956055,11128,0.0,0.0
2023-06-06 00:00:00-04:00,16.248125442148442,16.37009661896503,16.178428120589135,16.204565048217773,6448,0.0,0.0
2023-06-07 00:00:00-04:00,16.35267331870496,17.101917019993035,16.195855191119232,16.265552520751953,14144,0.0,0.0
2023-06-08 00:00:00-04:00,16.40493984008796,17.18903193797247,16.230698303785978,16.343955993652344,8632,0.0,0.0
2023-06-09 00:00:00-04:00,16.317822598929414,16.317822598929414,16.16971622415537,16.18714141845703,9360,0.0,0.0
2023-06-12 00:00:00-04:00,16.21327850954438,16.36138315763842,16.161004654287105,16.204565048217773,11232,0.0,0.0
2023-06-13 00:00:00-04:00,16.204566925279373,16.37881024936118,16.16100652630287,16.265552520751953,9568,0.0,0.0
2023-06-14 00:00:00-04:00,16.968128935423724,16.968128935423724,16.446736551988664,16.50162124633789,11600,0.17,1.04
2023-06-15 00:00:00-04:00,16.44673515728981,16.82177181338516,16.4192945571397,16.629680633544922,10200,0.0,0.0
2023-06-16 00:00:00-04:00,16.69371452952799,16.739450035839386,16.501623309382854,16.71200942993164,14800,0.0,0.0
2023-06-20 00:00:00-04:00,16.702857994696174,16.702857994696174,16.510765075683594,16.510765075683594,7900,0.0,0.0
2023-06-21 00:00:00-04:00,15.27588887605462,16.465029174081604,15.27588887605462,16.291231155395508,1200,0.0,0.0
2023-06-22 00:00:00-04:00,16.510765075683594,16.519912523702985,16.28208410929076,16.510765075683594,5300,0.0,0.0
2023-06-23 00:00:00-04:00,16.55650387233726,17.205957040496415,16.55650387233726,16.785184860229492,4500,0.0,0.0
2023-06-26 00:00:00-04:00,16.63882890201533,16.7028592984517,16.474178314208984,16.474178314208984,4900,0.0,0.0
2023-06-27 00:00:00-04:00,16.47417561963734,16.529058558363467,16.437585830688477,16.437585830688477,4100,0.0,0.0
2023-06-28 00:00:00-04:00,16.43758722628081,16.54735485774978,16.309526443481445,16.309526443481445,4900,0.0,0.0
2023-06-29 00:00:00-04:00,16.39185302030581,16.50162066040919,16.39185302030581,16.474178314208984,3900,0.0,0.0
2023-06-30 00:00:00-04:00,16.602240015231242,16.620534913698787,16.37355901847958,16.419296264648438,10700,0.0,0.0
2023-07-03 00:00:00-04:00,16.492471105513083,16.602236986901417,16.300378196037652,16.465028762817383,10800,0.0,0.0
2023-07-05 00:00:00-04:00,16.501619868462914,16.501619868462914,16.007668128749618,16.035110473632812,7600,0.0,0.0
2023-07-06 00:00:00-04:00,16.00766821403475,16.016815662377887,15.67836705247145,15.696661949157715,3700,0.0,0.0
2023-07-07 00:00:00-04:00,15.943637706215661,16.172318679065118,15.660073788397597,15.788134574890137,7000,0.0,0.0
2023-07-10 00:00:00-04:00,16.465029928672195,16.465029928672195,15.879607200622557,15.879607200622559,1100,0.0,0.0
2023-07-11 00:00:00-04:00,16.13572797400309,16.13572797400309,15.843016624450682,15.843016624450684,1400,0.0,0.0
2023-07-12 00:00:00-04:00,15.843018336505525,16.17231951268611,15.833870887756348,15.833870887756348,2900,0.0,0.0
2023-07-13 00:00:00-04:00,16.172320345466325,16.172320345466325,15.83387170310843,16.126583099365234,3300,0.0,0.0
2023-07-14 00:00:00-04:00,16.099141667390143,16.099141667390143,15.833870887756348,15.833870887756348,4200,0.0,0.0
2023-07-17 00:00:00-04:00,16.181466961435287,16.181466961435287,15.833870887756348,15.833870887756348,3400,0.0,0.0
2023-07-18 00:00:00-04:00,15.971078450651408,16.14487648010254,15.971078450651408,16.14487648010254,1600,0.0,0.0
2023-07-19 00:00:00-04:00,16.02596484083536,16.135730743408203,16.016817391504695,16.135730743408203,3400,0.0,0.0
2023-07-20 00:00:00-04:00,15.678367554927627,16.126582069921174,15.303330884326956,15.824723243713379,17000,0.0,0.0
2023-07-21 00:00:00-04:00,15.632634356963361,16.126584443131286,15.550309051819092,15.6417818069458,16600,0.0,0.0
2023-07-24 00:00:00-04:00,16.117438737846538,16.117438737846538,15.275892531136654,15.6417818069458,35000,0.0,0.0
2023-07-25 00:00:00-04:00,16.20890646561459,16.20890646561459,15.56860079879902,15.724103927612305,7500,0.0,0.0
2023-07-26 00:00:00-04:00,15.660072371448317,16.062549591064453,15.650924923998332,16.062549591064453,2300,0.0,0.0
2023-07-27 00:00:00-04:00,16.016814280747205,16.263790130615234,15.916194102349738,16.263790130615234,7500,0.0,0.0
2023-07-28 00:00:00-04:00,17.032159899454758,17.032159899454758,16.053403854370117,16.053403854370117,2800,0.0,0.0
2023-07-31 00:00:00-04:00,16.053403854370117,16.108288544918903,16.053403854370117,16.053403854370117,2900,0.0,0.0
2023-08-01 00:00:00-04:00,16.044257333339193,16.05340303660071,16.007667541503906,16.007667541503906,3800,0.0,0.0
2023-08-02 00:00:00-04:00,15.778987380415757,16.29123227932268,15.778987380415757,16.053403854370117,4800,0.0,0.0
2023-08-03 00:00:00-04:00,16.419293679810288,16.43758683070045,16.254643108917907,16.291231155395508,11700,0.0,0.0
2023-08-04 00:00:00-04:00,16.391852233627503,16.693711048553173,16.035110473632812,16.035110473632812,29400,0.0,0.0
2023-08-07 00:00:00-04:00,16.15402532573444,16.64797711173215,16.15402532573444,16.218055725097656,14500,0.0,0.0
2023-08-08 00:00:00-04:00,16.465030554986804,16.712006432038987,16.465030554986804,16.556503295898438,4700,0.0,0.0
2023-08-09 00:00:00-04:00,16.501619040585805,16.510764743724003,16.19061279296875,16.19061279296875,18100,0.0,0.0
2023-08-10 00:00:00-04:00,16.32782133950916,16.32782133950916,16.062550581199254,16.309526443481445,1900,0.0,0.0
2023-08-11 00:00:00-04:00,16.373557455018148,16.373557455018148,16.099140982998367,16.14487648010254,5500,0.0,0.0
2023-08-14 00:00:00-04:00,16.09914207458496,16.227202870917576,16.09914207458496,16.09914207458496,1100,0.0,0.0
2023-08-15 00:00:00-04:00,16.080848937916777,16.080848937916777,15.550309051819092,15.6417818069458,27100,0.0,0.0
2023-08-16 00:00:00-04:00,15.641777599206032,15.888753448200731,15.385654302689614,15.623482704162598,7400,0.0,0.0
2023-08-17 00:00:00-04:00,15.559453964233398,15.559453964233398,15.559453964233398,15.559453964233398,400,0.0,0.0
2023-08-18 00:00:00-04:00,16.336969961492215,16.336969961492215,15.623484667416397,15.678367614746094,5800,0.0,0.0
2023-08-21 00:00:00-04:00,15.605191356354238,15.605191356354238,15.513718605041504,15.513718605041504,800,0.0,0.0
2023-08-22 00:00:00-04:00,15.513717739543155,15.541160086815273,15.41309928894043,15.41309928894043,8300,0.0,0.0
2023-08-23 00:00:00-04:00,15.48627491550272,15.495422363281248,15.358214135997864,15.49542236328125,1200,0.0,0.0
2023-08-24 00:00:00-04:00,15.623485491402532,15.623485491402532,15.275891147052327,15.522865295410156,3800,0.0,0.0
2023-08-25 00:00:00-04:00,15.797281533832631,16.071697994872732,15.27588921103805,15.46798038482666,5500,0.0,0.0
2023-08-28 00:00:00-04:00,15.33077215430661,16.11743523484429,15.33077215430661,15.46798038482666,4400,0.0,0.0
2023-08-29 00:00:00-04:00,15.934491652362818,15.934491652362818,15.275891021013399,15.367362022399902,8100,0.0,0.0
2023-08-30 00:00:00-04:00,15.092944145202637,15.257594724120061,15.092944145202637,15.092944145202637,1100,0.0,0.0
2023-08-31 00:00:00-04:00,15.1020915934422,15.138679641703096,14.87341062154519,15.092944145202637,3500,0.0,0.0
2023-09-01 00:00:00-04:00,15.193565864326196,15.852166501758054,15.193565864326196,15.321626663208008,1300,0.0,0.0
2023-09-05 00:00:00-04:00,15.321627125068783,15.321627125068783,15.175271423449903,15.19356632232666,6600,0.0,0.0
2023-09-06 00:00:00-04:00,15.193565487580535,15.97107945545203,15.092945293984112,15.102092742919922,7500,0.0,0.0
2023-09-07 00:00:00-04:00,15.129535728196096,15.504572426903477,15.129535728196096,15.431394577026367,1600,0.0,0.0
2023-09-08 00:00:00-04:00,15.980227578755908,15.980227578755908,15.431394577026367,15.431394577026367,700,0.0,0.0
2023-09-11 00:00:00-04:00,15.541159383171836,15.541159383171836,15.11123976355887,15.275890350341797,2600,0.0,0.0
2023-09-12 00:00:00-04:00,15.477125146646875,15.477125146646875,15.092941121050439,15.129530906677246,1600,0.0,0.0
2023-09-13 00:00:00-04:00,15.092944257851212,15.092944257851212,15.001471519470215,15.001471519470215,1700,0.0,0.0
2023-09-14 00:00:00-04:00,16.10139274597168,16.10139274597168,16.10139274597168,16.10139274597168,300,0.17,0.0
2023-09-15 00:00:00-04:00,15.278763569961567,15.888804780242165,15.251033782958984,15.251033782958984,21100,0.0,0.0
2023-09-18 00:00:00-04:00,15.24179248130456,15.24179248130456,14.946015100450127,15.214062690734863,700,0.0,0.0
2023-09-19 00:00:00-04:00,15.06617259979248,15.177089988788406,15.06617259979248,15.06617259979248,3600,0.0,0.0
2023-09-20 00:00:00-04:00,15.34346590577175,15.34346590577175,15.075416564941406,15.075416564941406,1400,0.0,0.0
2023-09-21 00:00:00-04:00,15.07541468640419,15.26027639931874,14.909039497375488,14.909039497375488,20400,0.0,0.0
2023-09-22 00:00:00-04:00,15.260278200719473,15.389680357251773,15.260278200719473,15.343465805053711,16200,0.0,0.0
2023-09-25 00:00:00-04:00,15.251033573639884,15.44513679107783,15.158602714538574,15.158602714538574,6700,0.0,0.0
2023-09-26 00:00:00-04:00,15.121632175776488,15.130875438440489,14.973743499096647,15.06617259979248,5600,0.0,0.0
2023-09-27 00:00:00-04:00,15.075416363259459,15.075416363259459,14.973743996522083,14.982985496520996,1900,0.0,0.0
2023-09-28 00:00:00-04:00,15.130875882855504,15.14936064575434,14.788882206130983,14.890556335449219,4000,0.0,0.0
2023-09-29 00:00:00-04:00,15.04768732947537,15.056930591827347,14.70569367434028,15.019957542419434,3500,0.0,0.0
2023-10-02 00:00:00-04:00,15.019956570963577,15.94426159071518,14.788880316025676,15.546810150146484,25500,0.0,0.0
2023-10-03 00:00:00-04:00,15.288007373049238,15.288007373049238,14.84433958017504,15.001471519470215,12400,0.0,0.0
2023-10-04 00:00:00-04:00,14.964500176093972,15.001471463628816,14.94601365084051,14.973743438720703,4100,0.0,0.0
2023-10-05 00:00:00-04:00,14.964501434430213,15.140118150189133,14.964501434430213,14.992229461669922,3900,0.0,0.0
2023-10-06 00:00:00-04:00,15.047687536458053,15.251034022082546,14.955256674638898,15.112388610839844,5100,0.0,0.0
2023-10-09 00:00:00-04:00,15.112388610839844,15.112388610839844,15.103145348360723,15.112388610839844,1000,0.0,0.0
2023-10-10 00:00:00-04:00,15.112389109654163,15.426652992428954,15.019958244784146,15.02920150756836,8900,0.0,0.0
2023-10-11 00:00:00-04:00,15.04768732947537,15.093901878263233,15.019957542419434,15.019957542419434,1800,0.0,0.0
2023-10-12 00:00:00-04:00,14.973744444692212,14.973744444692212,14.548563150158301,14.807369232177734,21800,0.0,0.0
2023-10-13 00:00:00-04:00,14.511589715187384,14.68720817565918,14.511589715187384,14.68720817565918,800,0.0,0.0
2023-10-16 00:00:00-04:00,14.81661170836176,14.81661170836176,14.604021072387695,14.604021072387695,7300,0.0,0.0
2023-10-17 00:00:00-04:00,14.807367725734707,15.066172018452214,14.530076026916504,14.530076026916504,18600,0.0,0.0
2023-10-18 00:00:00-04:00,14.650237260365616,14.714938340027855,14.345216625549206,14.38218879699707,10500,0.0,0.0
2023-10-19 00:00:00-04:00,14.585532565126012,14.696449058678057,14.234296561468232,14.30824089050293,3000,0.0,0.0
2023-10-20 00:00:00-04:00,14.326728820800781,14.335972083209555,14.188083410613245,14.326728820800781,10300,0.0,0.0
2023-10-23 00:00:00-04:00,14.271270833837695,14.751909925039065,13.883063489810674,14.465374946594238,9200,0.0,0.0
2023-10-24 00:00:00-04:00,14.696451055496635,14.742666487794132,14.243541758250482,14.604021072387695,2200,0.0,0.0
2023-10-25 00:00:00-04:00,14.465374775495203,14.604021072387695,14.465374775495203,14.604021072387695,2300,0.0,0.0
2023-10-26 00:00:00-04:00,14.60402160484264,15.01071548461914,14.60402160484264,15.01071548461914,16900,0.0,0.0
2023-10-27 00:00:00-04:00,15.001472124682712,15.454381435517924,14.788882363816173,15.343465805053711,7000,0.0,0.0
2023-10-30 00:00:00-04:00,15.361953668834456,15.602271476757744,14.788883651626126,15.593029975891113,20500,0.0,0.0
2023-10-31 00:00:00-04:00,15.42665029764465,16.156850300322315,15.42665029764465,16.11063575744629,5600,0.0,0.0
2023-11-01 00:00:00-04:00,15.685456004309392,16.110637242441406,15.685456004309392,15.925775527954102,40100,0.0,0.0
2023-11-02 00:00:00-04:00,16.53581548495235,16.7946215133477,16.212310153172965,16.757648468017578,5200,0.0,0.0
2023-11-03 00:00:00-04:00,16.859324356337833,18.47685823757771,16.859324356337833,17.42315101623535,4300,0.0,0.0
2023-11-06 00:00:00-05:00,17.885304173433827,18.83733730536242,17.118131005126006,18.25502586364746,11300,0.0,0.0
2023-11-07 00:00:00-05:00,18.48610239375431,19.410407513442028,18.384428266437588,19.364192962646484,30900,0.0,0.0
2023-11-08 00:00:00-05:00,19.364191452823903,20.177579119021672,19.364191452823903,20.140607833862305,16100,0.0,0.0
2023-11-09 00:00:00-05:00,20.427141504622504,20.55654364460198,19.964988989870736,20.14984893798828,8800,0.0,0.0
2023-11-10 00:00:00-05:00,19.863316329855735,20.0943926041858,19.68769786773271,19.770885467529297,6100,0.0,0.0
2023-11-13 00:00:00-05:00,19.807857772155575,20.06666206136271,19.78012798560967,19.86331558227539,5500,0.0,0.0
2023-11-14 00:00:00-05:00,20.131363470402555,20.131363470402555,19.84482765197754,19.84482765197754,5200,0.0,0.0
2023-11-15 00:00:00-05:00,19.983477383967138,20.011205409145465,19.826345443725586,19.826345443725586,2200,0.0,0.0
2023-11-16 00:00:00-05:00,19.964991359656548,19.964991359656548,19.391921397634984,19.678457260131836,8200,0.0,0.0
2023-11-17 00:00:00-05:00,19.76164310864057,20.06666373418506,19.76164310864057,19.872560501098633,2900,0.0,0.0
2023-11-20 00:00:00-05:00,19.549055359969184,19.881805808589498,19.170090354805975,19.410409927368164,24200,0.0,0.0
2023-11-21 00:00:00-05:00,19.549052455729083,19.770885467529297,19.521324431111594,19.770885467529297,3800,0.0,0.0
2023-11-22 00:00:00-05:00,19.86331992695697,19.872563191160705,19.225548800678148,19.586029052734375,13200,0.0,0.0
2023-11-24 00:00:00-05:00,19.687696620653345,19.826343786846696,19.502836670682132,19.817100524902344,4200,0.0,0.0
2023-11-27 00:00:00-05:00,19.872559159976447,19.872559159976447,19.456621170043945,19.456621170043945,9300,0.0,0.0
2023-11-28 00:00:00-05:00,19.67845585441104,19.86331581126554,19.539808683055142,19.659969329833984,2600,0.0,0.0
2023-11-29 00:00:00-05:00,19.77089045086567,19.87256460134936,19.549057383151496,19.669218063354492,7400,0.0,0.0
2023-11-30 00:00:00-05:00,19.807856835268396,19.8725579045099,18.92976636220594,19.632238388061523,6500,0.0,0.0
2023-12-01 00:00:00-05:00,19.715428054095977,19.872559994337532,19.447380487196916,19.826345443725586,8300,0.0,0.0
2023-12-04 00:00:00-05:00,19.530566821154057,19.807859420776367,19.41965119168285,19.807859420776367,11900,0.0,0.0
2023-12-05 00:00:00-05:00,19.521324420009176,19.80785850638332,19.521324420009176,19.641483306884766,2600,0.0,0.0
2023-12-06 00:00:00-05:00,19.613753018391346,19.82634452508345,19.35494872620064,19.659969329833984,4700,0.0,0.0
2023-12-07 00:00:00-05:00,19.83558361145433,19.881799917274876,19.743154525756836,19.743154525756836,7400,0.0,0.0
2023-12-08 00:00:00-05:00,19.91877580996567,19.955748863181018,19.66921475265092,19.78013038635254,3500,0.0,0.0
2023-12-11 00:00:00-05:00,19.928019073269507,19.928019073269507,19.78013038635254,19.78013038635254,2800,0.0,0.0
2023-12-12 00:00:00-05:00,19.78936671713046,19.881797554816643,19.539803984269245,19.62299156188965,5700,0.0,0.0
2023-12-13 00:00:00-05:00,19.826347988143553,19.872562544686453,19.410409927368164,19.410409927368164,25700,0.0,0.0
2023-12-14 00:00:00-05:00,20.044066172932126,20.202480526366863,20.025428771972656,20.025428771972656,6800,0.17,0.0
2023-12-15 00:00:00-05:00,19.894967332613643,20.09065467925596,19.88564863362685,20.034744262695312,9800,0.0,0.0
2023-12-18 00:00:00-05:00,20.034744868846506,20.221115299500767,20.006788771040323,20.044063568115234,5800,0.0,0.0
2023-12-19 00:00:00-05:00,19.95088061357845,21.89844454743256,19.95088061357845,21.767986297607422,91800,0.0,0.0
2023-12-20 00:00:00-05:00,21.89844175764643,23.613043297029684,21.89844175764643,23.109844207763672,10600,0.0,0.0
2023-12-21 00:00:00-05:00,23.305536994574965,24.023060944595866,22.84893132929632,23.165760040283203,8400,0.0,0.0
2023-12-22 00:00:00-05:00,23.156438623266062,23.762139872384207,23.06325340554938,23.45462989807129,7800,0.0,0.0
2023-12-26 00:00:00-05:00,23.45463441187946,23.529182244927384,23.39872398143365,23.435997009277344,3900,0.0,0.0
2023-12-27 00:00:00-05:00,23.435995009322358,23.967148496631886,23.435995009322358,23.463951110839844,13000,0.0,0.0
2023-12-28 00:00:00-05:00,23.72486578578822,23.920554926597386,23.30553495952902,23.70623016357422,4400,0.0,0.0
2023-12-29 00:00:00-05:00,23.491905225625256,23.99510438429292,23.491905225625256,23.641002655029297,16400,0.0,0.0
2024-01-02 00:00:00-05:00,23.846006793674484,23.846006793674484,23.519859414833157,23.76214027404785,11700,0.0,0.0
2024-01-03 00:00:00-05:00,23.529180915572283,23.762143102855177,23.529180915572283,23.715551376342773,6500,0.0,0.0
2024-01-04 00:00:00-05:00,23.529178636633013,23.790096900968145,23.408039093017578,23.408039093017578,19300,0.0,0.0
2024-01-05 00:00:00-05:00,23.342812549967626,23.696916101742513,23.175081253051758,23.175081253051758,10600,0.0,0.0
2024-01-08 00:00:00-05:00,23.109845520099256,23.491903319633334,22.9514311804856,23.370763778686523,9700,0.0,0.0
2024-01-09 00:00:00-05:00,22.83961269367103,23.361447487279683,22.83961269367103,23.258943557739258,7700,0.0,0.0
2024-01-10 00:00:00-05:00,23.035297291773258,23.286896846233645,23.035297291773258,23.18439292907715,5300,0.0,0.0
2024-01-11 00:00:00-05:00,23.04461990958208,23.268263403564315,23.035301208496094,23.035301208496094,6700,0.0,0.0
2024-01-12 00:00:00-05:00,23.03530139903062,23.26826359602577,23.03530139903062,23.12848663330078,10900,0.0,0.0
2024-01-16 00:00:00-05:00,23.109844207763672,23.19371072264134,22.70915080901052,23.109844207763672,13100,0.0,0.0
2024-01-17 00:00:00-05:00,22.92347956260029,23.24962697996241,22.92347956260029,23.081893920898438,7100,0.0,0.0
2024-01-18 00:00:00-05:00,23.04461431165824,23.268257751313726,23.007341293729024,23.156436920166016,8500,0.0,0.0
2024-01-19 00:00:00-05:00,23.175073710480433,23.286894538697748,23.147117614746094,23.147117614746094,4800,0.0,0.0
2024-01-22 00:00:00-05:00,23.29621606371769,23.34280778490103,23.091210002206658,23.221668243408203,15200,0.0,0.0
2024-01-23 00:00:00-05:00,23.29621727805449,23.398721202833233,23.240306854248047,23.240306854248047,16700,0.0,0.0
2024-01-24 00:00:00-05:00,23.296216048622238,23.40803866769413,23.18439342955035,23.34280776977539,12000,0.0,0.0
2024-01-25 00:00:00-05:00,23.314854163822574,23.482587208899904,23.305535463833802,23.473268508911133,11900,0.0,0.0
2024-01-26 00:00:00-05:00,23.435996468867472,23.687596066112786,23.435996468867472,23.66895866394043,10800,0.0,0.0
2024-01-29 00:00:00-05:00,24.22806828758763,24.22806828758763,23.44531516995365,23.66895866394043,19500,0.0,0.0
2024-01-30 00:00:00-05:00,23.622366935870037,23.743506495269354,23.473271273212184,23.66895866394043,7800,0.0,0.0
2024-01-31 00:00:00-05:00,23.32417346515824,23.529179538115866,23.31485476492921,23.482587814331055,10000,0.0,0.0
2024-02-01 00:00:00-05:00,23.2962180564557,23.463951110839844,23.044618474879485,23.463951110839844,12400,0.0,0.0
2024-02-02 00:00:00-05:00,23.268259551643887,23.519859107233295,23.072572193314482,23.426673889160156,4900,0.0,0.0
2024-02-05 00:00:00-05:00,23.473271403378973,23.473271403378973,22.886205673217773,22.886205673217773,3600,0.0,0.0
2024-02-06 00:00:00-05:00,23.240306908069602,23.240306908069602,22.429597762877265,22.45755386352539,7200,0.0,0.0
2024-02-07 00:00:00-05:00,22.457552265660993,22.597329204235773,22.364367047491076,22.401641845703125,13100,0.0,0.0
2024-02-08 00:00:00-05:00,22.457552251416736,22.643920910278162,22.084813156333677,22.131404876708984,7600,0.0,0.0
2024-02-09 00:00:00-05:00,21.907763829966882,22.261865564914263,21.777305576674756,21.89844512939453,207200,0.0,0.0
2024-02-12 00:00:00-05:00,22.075495063661673,22.075495063661673,21.43251899611728,21.479110717773438,143300,0.0,0.0
2024-02-13 00:00:00-05:00,21.4325195089146,21.497748631737995,21.227513440418164,21.24614906311035,6900,0.0,0.0
2024-02-14 00:00:00-05:00,21.041143731640343,21.041143731640343,20.79886285455236,20.985233306884766,6200,0.0,0.0
2024-02-15 00:00:00-05:00,20.985234023109946,20.985234023109946,20.230435265026777,20.696359634399414,9100,0.0,0.0
2024-02-16 00:00:00-05:00,20.025424978504546,22.047536388183378,20.025424978504546,21.227510452270508,28400,0.0,0.0
2024-02-20 00:00:00-05:00,21.022505704592213,21.795940037215445,21.022505704592213,21.09705352783203,20000,0.0,0.0
2024-02-21 00:00:00-05:00,21.059778983537456,21.581613708518933,20.221115588334317,20.230432510375977,10400,0.0,0.0
2024-02-22 00:00:00-05:00,20.267707632150177,20.696357147329422,19.9881537550646,20.444759368896484,8600,0.0,0.0
2024-02-23 00:00:00-05:00,20.20247830245185,20.50066957553657,19.773827014372426,19.96019744873047,10400,0.0,0.0
2024-02-26 00:00:00-05:00,20.034747208089424,21.68411984667071,19.624733279193205,20.714996337890625,46700,0.0,0.0
2024-02-27 00:00:00-05:00,20.463395370197517,20.920002769858858,20.463395370197517,20.873409271240234,10700,0.0,0.0
2024-02-28 00:00:00-05:00,20.640449283038674,20.733634512725256,19.96951882854406,20.1838436126709,18100,0.0,0.0
2024-02-29 00:00:00-05:00,20.23043351797858,21.758666526151632,19.606096623201378,20.155885696411133,39700,0.0,0.0
2024-03-01 00:00:00-05:00,19.98815426942995,20.472714217023693,19.34517820275485,19.429044723510742,26500,0.0,0.0
2024-03-04 00:00:00-05:00,19.475636224443445,19.87633142410164,18.99107450497957,19.456998825073242,18100,0.0,0.0
2024-03-05 00:00:00-05:00,19.168127408678775,19.867013931274414,18.860617409831104,19.867013931274414,17100,0.0,0.0
2024-03-06 00:00:00-05:00,19.708599880524478,19.708599880524478,18.786069869995117,18.786069869995117,9400,0.0,0.0
2024-03-07 00:00:00-05:00,19.102895712388545,19.102895712388545,18.26423235365814,18.711519241333008,25600,0.0,0.0
2024-03-08 00:00:00-05:00,18.59038249383451,18.92584682116132,18.34810161571159,18.786069869995117,14000,0.0,0.0
2024-03-11 00:00:00-04:00,19.019030219940394,19.24267367578559,18.487876790138035,18.636972427368164,17200,0.0,0.0
2024-03-12 00:00:00-04:00,18.59969803884865,18.86993499812759,18.515833296250612,18.82334327697754,6900,0.0,0.0
2024-03-13 00:00:00-04:00,18.636972925841576,18.860616387668443,18.133773803710938,18.133773803710938,23500,0.0,0.0
2024-03-14 00:00:00-04:00,18.020968673367033,18.321787893657255,17.447530914048805,17.635543823242188,25800,0.17,0.0
2024-03-15 00:00:00-04:00,17.550938568005176,18.199581146240234,17.550938568005176,18.199581146240234,7100,0.0,0.0
2024-03-18 00:00:00-04:00,18.312388842991215,18.650811395115934,17.926963955526578,18.11497688293457,16900,0.0,0.0
2024-03-19 00:00:00-04:00,17.94576690259941,18.19018300866756,17.767154787968014,17.992769241333008,15000,0.0,0.0
2024-03-20 00:00:00-04:00,17.992764910387788,18.64140742832095,17.992764910387788,18.613204956054688,21100,0.0,0.0
2024-03-21 00:00:00-04:00,18.585007058571808,19.261850357055664,18.255985338313664,19.261850357055664,14300,0.0,0.0
2024-03-22 00:00:00-04:00,19.0738392262111,19.261850357055664,19.0738392262111,19.261850357055664,5400,0.0,0.0
2024-03-25 00:00:00-04:00,19.3652530625357,19.506261825561523,18.97042745024917,19.506261825561523,10900,0.0,0.0
2024-03-26 00:00:00-04:00,19.139643704186465,19.271251678466797,19.139643704186465,19.271251678466797,2300,0.0,0.0
2024-03-27 00:00:00-04:00,19.20544769132663,19.58147175571627,18.98923407843061,19.271251678466797,4500,0.0,0.0
2024-03-28 00:00:00-04:00,19.90108918177805,19.90108918177805,19.139640360293967,19.2054443359375,3000,0.0,0.0
2024-04-01 00:00:00-04:00,19.440460311002326,20.201909161931255,18.51920103032052,19.703676223754883,13000,0.0,0.0
2024-04-02 00:00:00-04:00,19.431060260975805,20.060901180631006,19.431060260975805,20.013898849487305,11300,0.0,0.0
2024-04-03 00:00:00-04:00,20.098499829582387,20.098499829582387,18.989229552287107,19.553264617919922,13300,0.0,0.0
2024-04-04 00:00:00-04:00,19.694276229982886,19.929291450899036,19.39345524107019,19.64727210998535,9800,0.0,0.0
2024-04-05 00:00:00-04:00,19.271251553155697,20.042101328398058,19.271251553155697,19.901092529296875,8200,0.0,0.0
2024-04-08 00:00:00-04:00,19.57206731101314,19.64727210998535,19.57206731101314,19.64727210998535,1500,0.0,0.0
2024-04-09 00:00:00-04:00,19.609672673424935,20.305317585479038,19.496864566567282,19.83528709411621,23700,0.0,0.0
2024-04-10 00:00:00-04:00,19.60027290419543,20.013900260921314,19.60027290419543,20.004499435424805,7800,0.0,0.0
2024-04-11 00:00:00-04:00,20.09850386980488,20.211311981422497,19.66607666015625,19.66607666015625,8700,0.0,0.0
2024-04-12 00:00:00-04:00,19.581471215575572,20.032700080396317,19.581471215575572,19.92929458618164,7200,0.0,0.0
2024-04-15 00:00:00-04:00,19.778884888625782,19.891691207885742,19.261850247441263,19.891691207885742,5900,0.0,0.0
2024-04-16 00:00:00-04:00,19.656673309889083,19.656673309889083,18.69781075988867,18.801218032836914,11600,0.0,0.0
2024-04-17 00:00:00-04:00,18.735417162583538,19.41226047848489,18.556805059614394,19.271251678466797,17400,0.0,0.0
2024-04-18 00:00:00-04:00,18.98923197382494,19.731879194557724,18.96102949973737,19.713077545166016,5600,0.0,0.0
2024-04-19 00:00:00-04:00,19.3934589241964,19.637875015530557,18.566205978393555,18.566205978393555,13800,0.0,0.0
2024-04-22 00:00:00-04:00,18.10557610857746,18.989234001060865,17.062107765251568,17.447532653808594,16600,0.0,0.0
2024-04-23 00:00:00-04:00,17.729549457156143,17.79535343442063,16.92109649528064,17.212514877319336,10100,0.0,0.0
2024-04-24 00:00:00-04:00,17.250115815036693,18.133773457630788,17.165510200691322,17.83295249938965,21900,0.0,0.0
2024-04-25 00:00:00-04:00,17.560335746000487,17.983362023323476,17.28771725777184,17.757747650146484,13500,0.0,0.0
2024-04-26 00:00:00-04:00,17.82355161819515,17.861154910236476,17.428727809903155,17.757747650146484,11900,0.0,0.0
2024-04-29 00:00:00-04:00,17.560339807312484,18.28418720930475,17.391128540039062,17.391128540039062,21800,0.0,0.0
2024-04-30 00:00:00-04:00,17.38172801537624,17.861159349932045,16.789490362703834,17.137311935424805,27900,0.0,0.0
2024-05-01 00:00:00-04:00,16.939900862711703,17.889362755827424,16.930500036876,17.861160278320312,8900,0.0,0.0
2024-05-02 00:00:00-04:00,18.23718256704933,18.613206598664203,18.049171447753906,18.049171447753906,6700,0.0,0.0
2024-05-03 00:00:00-04:00,17.96456586590124,18.78241791278404,17.513335233698843,18.2371826171875,30100,0.0,0.0
2024-05-06 00:00:00-04:00,18.2559813840796,19.008029330612995,18.21837809024106,18.84821891784668,7900,0.0,0.0
2024-05-07 00:00:00-04:00,18.820020550458047,19.64727339318167,18.707212448120117,18.707212448120117,14500,0.0,0.0
2024-05-08 00:00:00-04:00,18.603808629767713,18.61320766219912,18.255985260009766,18.255985260009766,4500,0.0,0.0
2024-05-09 00:00:00-04:00,18.255984267075938,18.70721310625431,18.077372179183822,18.2371826171875,9000,0.0,0.0
2024-05-10 00:00:00-04:00,18.049169322191506,18.744814147012328,18.049169322191506,18.52859878540039,10500,0.0,0.0
2024-05-13 00:00:00-04:00,18.5850037282681,18.5850037282681,18.349988512057397,18.52859878540039,1400,0.0,0.0
2024-05-14 00:00:00-04:00,18.528599716826875,18.538000541110737,18.359390258789062,18.359390258789062,3600,0.0,0.0
2024-05-15 00:00:00-04:00,18.20898081096332,18.744815248527544,18.20898081096332,18.697811126708984,3300,0.0,0.0
2024-05-16 00:00:00-04:00,18.190178564324967,18.425193786621094,18.17137691621555,18.425193786621094,3400,0.0,0.0
2024-05-17 00:00:00-04:00,18.321787377407116,18.44399630284655,18.218380100962047,18.331188201904297,7700,0.0,0.0
2024-05-20 00:00:00-04:00,18.180778595997253,18.58500508425641,18.180778595997253,18.331188201904297,5400,0.0,0.0
2024-05-21 00:00:00-04:00,18.17137691621555,18.566202561394,18.17137691621555,18.425193786621094,8100,0.0,0.0
2024-05-22 00:00:00-04:00,18.246582348135725,18.791817611042024,18.246582348135725,18.66020965576172,9100,0.0,0.0
2024-05-23 00:00:00-04:00,18.45339489885704,18.45339489885704,17.268919728546276,17.65434455871582,16600,0.0,0.0
2024-05-24 00:00:00-04:00,17.494533786566436,18.030368208510954,17.391126514603858,17.87055778503418,4100,0.0,0.0
2024-05-28 00:00:00-04:00,17.767151007255364,17.945763083879488,17.729549502874654,17.879959106445312,18700,0.0,0.0
2024-05-29 00:00:00-04:00,17.626144032360212,17.85175846081153,17.626144032360212,17.842357635498047,2900,0.0,0.0
2024-05-30 00:00:00-04:00,17.69194899932604,18.19958283630886,17.616744185664604,17.861160278320312,5700,0.0,0.0
2024-05-31 00:00:00-04:00,18.058570479648264,18.773017036228524,18.002167323162038,18.049171447753906,11000,0.0,0.0
2024-06-03 00:00:00-04:00,18.171380115072374,18.519203494231334,18.171380115072374,18.378192901611328,2100,0.0,0.0
2024-06-04 00:00:00-04:00,18.049171497375188,18.37819140530274,18.049171497375188,18.2371826171875,700,0.0,0.0
2024-06-05 00:00:00-04:00,18.331187239131573,18.509799309149273,18.274784088134766,18.274784088134766,3400,0.0,0.0
2024-06-06 00:00:00-04:00,18.21838002098502,18.2935848236084,18.21838002098502,18.2935848236084,900,0.0,0.0
2024-06-07 00:00:00-04:00,18.143175298008526,18.349989850898663,18.143175298008526,18.331188201904297,6300,0.0,0.0
2024-06-10 00:00:00-04:00,18.60380635953449,18.60380635953449,18.359390306589432,18.434595108032227,1000,0.0,0.0
2024-06-11 00:00:00-04:00,18.340591391797048,18.622608990988727,18.340591391797048,18.378192901611328,2600,0.0,0.0
2024-06-12 00:00:00-04:00,18.70721135390903,18.70721135390903,18.34998900461062,18.538000106811523,1500,0.0,0.0
2024-06-13 00:00:00-04:00,18.425197561367277,18.782419983510586,18.425197561367277,18.462799072265625,6900,0.0,0.0
2024-06-14 00:00:00-04:00,18.605186393496737,18.70960202271005,18.605186393496737,18.69061851501465,8500,0.19,0.0
2024-06-17 00:00:00-04:00,18.51025966458244,18.77604866027832,18.51025966458244,18.77604866027832,6000,0.0,0.0
2024-06-18 00:00:00-04:00,18.776049921458366,18.8709728879391,18.700110461950064,18.74757194519043,6500,0.0,0.0
2024-06-20 00:00:00-04:00,18.70960081649066,18.81401824951172,18.700109968524636,18.81401824951172,2400,0.0,0.0
2024-06-21 00:00:00-04:00,18.84249631316234,18.994375228881836,18.70011005599275,18.994375228881836,7300,0.0,0.0
2024-06-24 00:00:00-04:00,18.728586348054222,18.93742121648873,18.719093689439973,18.823511123657227,1500,0.0,0.0
2024-06-25 00:00:00-04:00,18.86148203972265,18.8709728879391,18.74757194519043,18.74757194519043,6100,0.0,0.0
2024-06-26 00:00:00-04:00,18.75706177511392,18.79503059387207,18.75706177511392,18.79503059387207,1800,0.0,0.0
2024-06-27 00:00:00-04:00,18.7950319510759,18.98488149019359,18.7950319510759,18.946910858154297,3600,0.0,0.0
2024-06-28 00:00:00-04:00,18.975387461956227,20.560625024337725,18.75706177511392,18.79503059387207,7900,0.0,0.0
2024-07-01 00:00:00-04:00,19.0323425749107,20.940323342362163,18.85198750808337,19.01335906982422,18400,0.0,0.0
2024-07-02 00:00:00-04:00,19.013358581700324,19.079805374145508,18.994373266561897,19.079805374145508,1300,0.0,0.0
2024-07-03 00:00:00-04:00,18.994373266561897,19.079805374145508,18.994373266561897,19.079805374145508,400,0.0,0.0
2024-07-05 00:00:00-04:00,18.994374553969024,19.31711769104004,18.994374553969024,19.31711769104004,1400,0.0,0.0
2024-07-08 00:00:00-04:00,19.0418349043536,19.17473030090332,19.0418349043536,19.17473030090332,6600,0.0,0.0
2024-07-09 00:00:00-04:00,19.060820282954133,19.2696533203125,19.060820282954133,19.2696533203125,8900,0.0,0.0
2024-07-10 00:00:00-04:00,19.127269118677194,19.64935448363276,19.127269118677194,19.364580154418945,2100,0.0,0.0
2024-07-11 00:00:00-04:00,18.98488259418955,19.924634065337194,18.98488259418955,19.260164260864258,3100,0.0,0.0
2024-07-12 00:00:00-04:00,19.14625180179747,19.5069637298584,19.14625180179747,19.5069637298584,1000,0.0,0.0
2024-07-15 00:00:00-04:00,19.8771715074446,19.934125645194122,19.47848892211914,19.47848892211914,5900,0.0,0.0
2024-07-16 00:00:00-04:00,19.88666273341728,20.1714352121973,19.630366416191702,19.94361686706543,9700,0.0,0.0
2024-07-17 00:00:00-04:00,20.09549528768875,20.408745731140502,20.09549528768875,20.361284255981445,2600,0.0,0.0
2024-07-18 00:00:00-04:00,20.123975598920598,20.218898560275395,19.991080194052902,20.029050827026367,2700,0.0,0.0
2024-07-19 00:00:00-04:00,20.12397575378418,20.12397575378418,20.12397575378418,20.12397575378418,700,0.0,0.0
2024-07-22 00:00:00-04:00,20.40874989827474,20.40874989827474,19.364580936720206,19.934127807617188,7500,0.0,0.0
2024-07-23 00:00:00-04:00,19.92463187770148,20.17143554159274,19.5164566570559,19.782245635986328,5900,0.0,0.0
2024-07-24 00:00:00-04:00,19.744275005907998,19.79173829350591,19.744275005907998,19.782245635986328,2700,0.0,0.0
2024-07-25 00:00:00-04:00,19.582902653066963,20.38026774690436,19.582902653066963,20.01006317138672,2600,0.0,0.0
2024-07-26 00:00:00-04:00,19.696813694266385,20.40874671936035,19.696813694266385,20.40874671936035,2400,0.0,0.0
2024-07-29 00:00:00-04:00,19.991080194052902,20.029050827026367,19.991080194052902,20.029050827026367,700,0.0,0.0
2024-07-30 00:00:00-04:00,19.972095812475697,20.408747209289988,19.972095812475697,20.342300415039062,1200,0.0,0.0
2024-07-31 00:00:00-04:00,20.66504374521504,20.88336944580078,19.03234279343451,20.88336944580078,4600,0.0,0.0
2024-08-01 00:00:00-04:00,20.45620989234066,20.570119982434484,19.592397895138973,20.399255752563477,2900,0.0,0.0
2024-08-02 00:00:00-04:00,20.17143588405049,20.17143588405049,19.098790913677107,19.2696533203125,1900,0.0,0.0
2024-08-05 00:00:00-04:00,19.089297707773166,19.269652766909708,18.98488028682307,19.24117660522461,2400,0.0,0.0
2024-08-06 00:00:00-04:00,20.11448363063683,20.11448363063683,19.696815706299184,19.706308364868164,1900,0.0,0.0
2024-08-07 00:00:00-04:00,19.934125804172943,19.934125804172943,19.74427626277458,19.753768920898438,2500,0.0,0.0
2024-08-08 00:00:00-04:00,20.38976107999868,20.570117950439453,20.38976107999868,20.570117950439453,700,0.0,0.0
2024-08-09 00:00:00-04:00,20.190423817272197,20.560628462124722,20.09549903869629,20.09549903869629,1300,0.0,0.0
2024-08-12 00:00:00-04:00,20.342300415039062,20.342300415039062,20.342300415039062,20.342300415039062,600,0.0,0.0
2024-08-13 00:00:00-04:00,20.142956762847806,20.408745731140502,20.142956762847806,20.361284255981445,1100,0.0,0.0
2024-08-14 00:00:00-04:00,20.361284255981445,20.361284255981445,20.361284255981445,20.361284255981445,500,0.0,0.0
2024-08-15 00:00:00-04:00,20.560626376095463,20.797937393188477,20.266361221851156,20.797937393188477,7300,0.0,0.0
2024-08-16 00:00:00-04:00,20.313822066691497,20.769458770751953,20.313822066691497,20.769458770751953,2900,0.0,0.0
2024-08-19 00:00:00-04:00,20.64605712890625,20.64605712890625,20.64605712890625,20.64605712890625,600,0.0,0.0
2024-08-20 00:00:00-04:00,20.513165656976554,20.65555191040039,20.513165656976554,20.65555191040039,2100,0.0,0.0
2024-08-21 00:00:00-04:00,20.646058272375836,20.78844451904297,20.646058272375836,20.78844451904297,600,0.0,0.0
2024-08-22 00:00:00-04:00,20.740984728296542,20.778953552246094,20.59859847004159,20.778953552246094,2900,0.0,0.0
2024-08-23 00:00:00-04:00,20.712503609724834,21.158649444580078,20.712503609724834,21.158649444580078,5000,0.0,0.0
2024-08-26 00:00:00-04:00,20.978296346307463,21.60479734850374,20.883371567981452,21.339008331298828,6100,0.0,0.0
2024-08-27 00:00:00-04:00,21.357991956229867,21.81362868343331,21.130173592628147,21.348499298095703,3700,0.0,0.0
2024-08-28 00:00:00-04:00,21.82312049321355,21.92753791809082,21.82312049321355,21.92753791809082,4500,0.0,0.0
2024-08-29 00:00:00-04:00,22.003478816845575,22.440130239524912,21.92753936026919,22.259775161743164,6400,0.0,0.0
2024-08-30 00:00:00-04:00,22.259773637295247,22.544546127319336,22.060431445846916,22.544546127319336,3000,0.0,0.0
2024-09-03 00:00:00-04:00,22.781858195443867,23.180540786285714,22.326221466064453,22.326221466064453,1500,0.0,0.0
2024-09-04 00:00:00-04:00,22.098405536847892,22.6204891204834,22.06992755917083,22.6204891204834,9000,0.0,0.0
2024-09-05 00:00:00-04:00,22.307236181839418,22.77236557006836,22.307236181839418,22.77236557006836,2500,0.0,0.0
2024-09-06 00:00:00-04:00,22.772366030408204,23.057140350341797,22.7343972074074,23.057140350341797,13700,0.0,0.0
2024-09-09 00:00:00-04:00,22.753380158226346,22.89576821998717,22.421146175556203,22.592008590698242,4900,0.0,0.0
2024-09-10 00:00:00-04:00,22.516069136010863,22.62048656515829,22.516069136010863,22.592008590698242,2200,0.0,0.0
2024-09-11 00:00:00-04:00,22.620484283157374,22.99068886109392,22.17434025819438,22.838809967041016,9200,0.0,0.0
2024-09-12 00:00:00-04:00,22.772363771741134,23.000182118768265,22.772363771741134,22.952720642089844,3000,0.0,0.0
2024-09-13 00:00:00-04:00,22.828342212890163,23.325857072715074,22.694394290159977,23.297155380249023,3200,0.19,0.0
2024-09-16 00:00:00-04:00,22.72309914310979,23.239751536410754,22.636990410892963,23.057966232299805,6400,0.0,0.0
2024-09-17 00:00:00-04:00,22.952721740956967,23.67029329035075,22.952721740956967,23.555482864379883,6800,0.0,0.0
2024-09-18 00:00:00-04:00,23.354560485570985,24.961920952112123,23.354560485570985,23.919050216674805,7000,0.0,0.0
2024-09-19 00:00:00-04:00,23.66072562605332,24.11040496826172,23.66072562605332,24.11040496826172,2600,0.0,0.0
2024-09-20 00:00:00-04:00,23.74683435860902,24.11040496826172,23.37369773412021,24.11040496826172,19500,0.0,0.0
2024-09-23 00:00:00-04:00,23.899914538530577,23.919050216674805,23.83294148990448,23.919050216674805,3400,0.0,0.0
2024-09-24 00:00:00-04:00,23.641590347858823,24.378297594503426,23.641590347858823,24.072134017944336,5200,0.0,0.0
2024-09-25 00:00:00-04:00,23.919050216674805,24.129537201625208,23.450237051413424,23.919050216674805,8700,0.0,0.0
2024-09-26 00:00:00-04:00,23.84250970521945,24.12953758239746,23.84250970521945,24.12953758239746,3200,0.0,0.0
2024-09-27 00:00:00-04:00,23.67029350734428,23.90948402600161,23.67029350734428,23.86164665222168,4500,0.0,0.0
2024-09-30 00:00:00-04:00,24.014728868040905,24.397433339767364,23.947755813598633,23.947755813598633,5200,0.0,0.0
2024-10-01 00:00:00-04:00,24.158242647814834,24.397433169080326,23.04839877513325,23.392833709716797,15500,0.0,0.0
2024-10-02 00:00:00-04:00,23.2780208125546,23.2780208125546,22.024663026764802,22.10120391845703,7000,0.0,0.0
2024-10-03 00:00:00-04:00,22.1107725247426,22.1107725247426,20.426871024243713,21.096603393554688,11600,0.0,0.0
2024-10-04 00:00:00-04:00,21.182711697175723,21.182711697175723,21.010494232177734,21.010494232177734,1600,0.0,0.0
2024-10-07 00:00:00-04:00,20.847843170166016,20.847843170166016,20.847843170166016,20.847843170166016,1400,0.0,0.0
2024-10-08 00:00:00-04:00,20.790438476321743,21.957689320978474,20.790438476321743,21.335792541503906,4400,0.0,0.0
2024-10-09 00:00:00-04:00,21.584550827471155,21.833309173583984,21.584550827471155,21.833309173583984,1400,0.0,0.0
2024-10-10 00:00:00-04:00,21.508010776049225,21.508010776049225,21.47930908203125,21.47930908203125,1000,0.0,0.0
2024-10-11 00:00:00-04:00,21.900284923227378,23.18234634399414,21.842879705472157,23.18234634399414,11300,0.0,0.0
2024-10-14 00:00:00-04:00,22.67526484679744,23.057969361430835,22.00553057752969,22.388235092163086,6000,0.0,0.0
2024-10-15 00:00:00-04:00,22.340394298723705,23.33542588473739,22.20644637040892,22.723098754882812,12100,0.0,0.0
2024-10-16 00:00:00-04:00,23.3162903573758,23.756399994156133,22.8761788957168,23.153640747070312,3500,0.0,0.0
2024-10-17 00:00:00-04:00,22.636988399672184,24.378294918896405,22.636988399672184,23.153640747070312,11100,0.0,0.0
2024-10-18 00:00:00-04:00,23.23018191865473,23.23018191865473,22.96228790283203,22.96228790283203,1700,0.0,0.0
2024-10-21 00:00:00-04:00,22.91445301439313,22.952722549438477,22.31169186973869,22.952722549438477,6300,0.0,0.0
2024-10-22 00:00:00-04:00,22.952720507406458,23.823373794555664,22.58915174486627,23.823373794555664,4200,0.0,0.0
2024-10-23 00:00:00-04:00,23.536349116209905,24.09127108694303,23.25888721840386,23.832944869995117,5100,0.0,0.0
2024-10-24 00:00:00-04:00,23.871213194370235,24.397431576860836,23.68942789910601,24.3782958984375,5200,0.0,0.0
2024-10-25 00:00:00-04:00,24.387863709102025,25.105435225228568,24.024294943877887,24.62705421447754,10300,0.0,0.0
2024-10-28 00:00:00-04:00,24.588785967410566,25.124572216482512,24.20607967890892,24.8853816986084,10000,0.0,0.0
2024-10-29 00:00:00-04:00,24.636622822612797,26.94241922040878,24.636622822612797,26.071765899658203,128200,0.0,0.0
2024-10-30 00:00:00-04:00,26.368361204868464,28.377561845724205,25.794303618212716,26.885013580322266,62000,0.0,0.0
2024-10-31 00:00:00-04:00,26.473604709005766,27.315554469112605,26.473604709005766,27.210311889648438,12700,0.0,0.0
2024-11-01 00:00:00-04:00,26.846743379320078,26.904150417873513,26.330092806491056,26.86587905883789,3900,0.0,0.0
2024-11-04 00:00:00-05:00,26.77976917973509,26.77976917973509,26.004792441220484,26.51187515258789,8100,0.0,0.0
2024-11-05 00:00:00-05:00,26.693659286160354,26.78933585060253,25.717761613631808,26.531009674072266,5900,0.0,0.0
2024-11-06 00:00:00-05:00,26.789339065551758,27.60258722358893,26.693662489627577,26.789339065551758,11800,0.0,0.0
2024-11-07 00:00:00-05:00,26.674527343763454,26.674527343763454,26.377931594848633,26.377931594848633,1800,0.0,0.0
2024-11-08 00:00:00-05:00,26.50231078785976,26.78933868669422,25.928253165311965,26.454471588134766,3200,0.0,0.0
2024-11-11 00:00:00-05:00,26.741500622038433,27.353827763692077,26.502310104220125,26.837175369262695,5800,0.0,0.0
2024-11-12 00:00:00-05:00,26.789336608336853,27.172041052051632,26.492740892567742,26.550146102905273,91300,0.0,0.0
2024-11-13 00:00:00-05:00,26.779769919057877,27.98529033718355,26.454470671712276,26.904150009155273,31100,0.0,0.0
2024-11-14 00:00:00-05:00,27.267719206028634,27.707828885692866,26.789338167326378,27.39209747314453,13300,0.0,0.0
2024-11-15 00:00:00-05:00,27.267719849382196,29.496975469336533,26.645824849372065,29.085567474365234,13300,0.0,0.0
2024-11-18 00:00:00-05:00,29.29605422555433,30.568547655239396,28.29145299693217,30.329357147216797,8800,0.0,0.0
2024-11-19 00:00:00-05:00,30.683354738412387,32.262013379486056,30.138000731443032,32.21417236328125,12400,0.0,0.0
2024-11-20 00:00:00-05:00,32.52991105958638,32.52991105958638,28.234049494526467,29.276920318603516,21800,0.0,0.0
2024-11-21 00:00:00-05:00,29.13340641060272,30.032761462529415,28.50194357632276,29.554380416870117,6400,0.0,0.0
2024-11-22 00:00:00-05:00,30.061464057744892,30.616385980649003,28.712429696462852,29.10470199584961,7000,0.0,0.0
2024-11-25 00:00:00-05:00,30.26238293792811,30.40589870580241,30.26238293792811,30.348491668701172,5700,0.0,0.0
2024-11-26 00:00:00-05:00,29.391730714827574,30.568549471113577,29.20037939196984,30.17627716064453,4300,0.0,0.0
2024-11-27 00:00:00-05:00,30.82687494488973,31.5540125094028,30.807739265592332,31.33395767211914,3500,0.0,0.0
2024-11-29 00:00:00-05:00,31.63055491358571,31.707093980260268,30.35805962608303,30.99909210205078,3800,0.0,0.0
2024-12-02 00:00:00-05:00,30.769469470417977,31.793204641421084,29.66919340321498,30.099735260009766,11300,0.0,0.0
2024-12-03 00:00:00-05:00,29.276918075440353,30.999090800394917,29.276918075440353,30.740764617919922,4500,0.0,0.0
2024-12-04 00:00:00-05:00,30.49200814671576,30.855576932430267,30.147573215601824,30.61638641357422,17200,0.0,0.0
2024-12-05 00:00:00-05:00,30.759898224059583,31.08519743380767,29.94664837481076,30.463300704956055,20000,0.0,0.0
2024-12-06 00:00:00-05:00,30.520711082656025,31.02779566021572,30.34849361009315,30.625953674316406,5600,0.0,0.0
2024-12-09 00:00:00-05:00,30.702494737073582,30.97995661118974,30.444168542181743,30.6546573638916,9300,0.0,0.0
2024-12-10 00:00:00-05:00,30.71205908835545,30.71205908835545,29.315187428457442,29.563945770263672,26100,0.0,0.0
2024-12-11 00:00:00-05:00,29.659623556989967,30.281518524660772,29.420433044433594,29.420433044433594,10100,0.0,0.0
2024-12-12 00:00:00-05:00,29.18124486249551,30.59725237195058,28.903782969828256,30.434602737426758,14300,0.0,0.0
2024-12-13 00:00:00-05:00,30.540477505950687,30.58860416362894,30.07847260730511,30.41535186767578,2300,0.19,0.0
2024-12-16 00:00:00-05:00,30.521228444107837,30.636730592750933,29.789721567464255,30.290225982666016,8600,0.0,0.0
2024-12-17 00:00:00-05:00,29.972596538598577,30.54047826235696,29.972596538598577,30.492353439331055,3100,0.0,0.0
2024-12-18 00:00:00-05:00,30.405724680006866,30.627101784279926,28.596202850341797,28.596202850341797,6700,0.0,0.0
2024-12-19 00:00:00-05:00,28.403703258104493,29.10633593229673,27.970572521495985,28.94270896911621,11900,0.0,0.0
2024-12-20 00:00:00-05:00,28.490330205373482,28.904210290677085,28.172701601556998,28.82720947265625,7400,0.0,0.0
2024-12-23 00:00:00-05:00,27.739571941276527,27.87432291913948,27.38344383239746,27.38344383239746,5600,0.0,0.0
2024-12-24 00:00:00-05:00,27.489318301496066,27.489318301496066,27.3353166622822,27.431568145751953,1800,0.0,0.0
2024-12-26 00:00:00-05:00,26.084050983224436,28.028323831370674,26.084050983224436,27.518192291259766,8100,0.0,0.0
2024-12-27 00:00:00-05:00,27.94169971430636,27.94169971430636,27.239065170288086,27.239065170288086,2200,0.0,0.0
2024-12-30 00:00:00-05:00,27.008063218549648,27.69144711153998,26.757810091246455,27.190940856933594,4000,0.0,0.0
2024-12-31 00:00:00-05:00,27.63369222404915,28.24007523248798,27.20056333957989,27.287189483642578,3700,0.0,0.0
2025-01-02 00:00:00-05:00,27.95132285066402,29.087084391335928,27.248688361837544,28.759830474853516,12400,0.0,0.0
2025-01-03 00:00:00-05:00,28.63470465618389,28.63470465618389,28.047572309376868,28.355575561523438,3700,0.0,0.0
2025-01-06 00:00:00-05:00,28.22082584534286,30.41535186767578,28.22082584534286,30.41535186767578,9800,0.0,0.0
2025-01-07 00:00:00-05:00,30.136221778660083,31.137232359773385,29.37583897056416,30.704103469848633,20200,0.0,0.0
2025-01-08 00:00:00-05:00,30.319098940328523,30.65597818461212,29.962969033892904,29.982219696044922,8600,0.0,0.0
2025-01-10 00:00:00-05:00,30.280597148885136,30.290222479812655,29.83784294128418,29.83784294128418,7000,0.0,0.0
2025-01-13 00:00:00-05:00,29.616467113377745,29.654966602902245,28.711706161499023,28.711706161499023,7100,0.0,0.0
2025-01-14 00:00:00-05:00,28.63470462839837,28.89458306058644,27.287189483642578,27.287189483642578,6700,0.0,0.0
2025-01-15 00:00:00-05:00,27.84544823958085,28.10532669419588,27.431568145751953,27.431568145751953,3100,0.0,0.0
2025-01-16 00:00:00-05:00,27.797319684009768,28.114948272705078,27.797319684009768,28.114948272705078,2400,0.0,0.0
2025-01-17 00:00:00-05:00,27.585567342616226,28.836831009406566,27.537442523064364,28.442201614379883,9600,0.0,0.0
2025-01-21 00:00:00-05:00,28.105325485882545,30.578978774732057,28.105325485882545,30.116973876953125,13000,0.0,0.0
2025-01-22 00:00:00-05:00,30.47310116936591,31.060233525721166,30.424976348876953,30.424976348876953,7300,0.0,0.0
2025-01-23 00:00:00-05:00,30.684852667673876,32.00349366557582,30.607851854092726,30.983230590820312,17000,0.0,0.0
2025-01-24 00:00:00-05:00,30.80035681002016,31.618489819110856,30.655980504642056,31.089109420776367,17400,0.0,0.0
2025-01-27 00:00:00-05:00,31.040983541120394,31.8494930267334,30.800355761731865,31.8494930267334,11500,0.0,0.0
2025-01-28 00:00:00-05:00,32.234502227454804,32.292250550512534,31.300865173339844,31.300865173339844,6200,0.0,0.0
2025-01-29 00:00:00-05:00,31.502987530013403,31.724364640075066,31.445235542814892,31.560739517211914,3200,0.0,0.0
2025-01-30 00:00:00-05:00,32.340369284893065,32.340369284893065,31.474111557006836,31.474111557006836,5400,0.0,0.0
2025-01-31 00:00:00-05:00,30.848477916015497,32.14787001537715,30.848477916015497,31.474111557006836,10500,0.0,0.0
2025-02-03 00:00:00-05:00,31.194987128308107,31.88799635132399,31.11798814335565,31.37786293029785,5000,0.0,0.0
2025-02-04 00:00:00-05:00,31.637739993236384,31.926492599525155,31.445237031814337,31.522239685058594,25000,0.0,0.0
2025-02-05 00:00:00-05:00,31.252740506271024,32.48475369363741,30.617481411729656,31.618492126464844,29600,0.0,0.0
2025-02-06 00:00:00-05:00,31.243109095152732,31.907244097026144,31.13723228779967,31.560739517211914,21400,0.0,0.0
2025-02-07 00:00:00-05:00,31.18536225633646,31.74361680560294,31.117986770592033,31.522239685058594,10800,0.0,0.0
2025-02-10 00:00:00-05:00,31.95536840482496,31.964991900026202,31.522237687001766,31.608863830566406,9900,0.0,0.0
2025-02-11 00:00:00-05:00,31.81099187237637,31.907245187663975,30.511603325346375,30.99285888671875,28400,0.0,0.0
2025-02-12 00:00:00-05:00,30.992860693957958,31.435614955032946,30.338352798591128,31.079486846923828,20500,0.0,0.0
2025-02-13 00:00:00-05:00,31.050610157889764,34.6022788885508,30.89660851046875,34.03439712524414,30000,0.0,0.0
2025-02-14 00:00:00-05:00,33.687888182540846,34.42902216315935,33.20663263707598,33.39913558959961,17600,0.0,0.0
2025-02-18 00:00:00-05:00,33.28363300462287,33.63976105577571,32.696500691943115,32.78312683105469,7000,0.0,0.0
2025-02-19 00:00:00-05:00,32.34036926062319,32.71575164794922,31.705112125308073,32.71575164794922,8900,0.0,0.0
2025-02-20 00:00:00-05:00,32.17674926442453,32.71575685077291,32.17674926442453,32.378875732421875,7900,0.0,0.0
2025-02-21 00:00:00-05:00,32.69650547527096,33.19701172206059,31.714743645609225,31.724367141723633,7600,0.0,0.0
2025-02-24 00:00:00-05:00,31.38748820711783,31.38748820711783,30.261350123411514,30.30947494506836,9600,0.0,0.0
2025-02-25 00:00:00-05:00,30.77147994960301,31.185361862182617,30.097723264830098,31.185361862182617,7800,0.0,0.0
2025-02-26 00:00:00-05:00,31.281613200665845,31.41636417775236,30.32872735731612,30.78110694885254,14700,0.0,0.0
2025-02-27 00:00:00-05:00,30.569354464272266,30.704105438330917,30.222849861442207,30.51160430908203,5800,0.0,0.0
2025-02-28 00:00:00-05:00,30.5116067212781,30.92548684385815,29.558718988161743,29.587594985961914,39600,0.0,0.0
2025-03-03 00:00:00-05:00,29.89559426460913,30.33835032543541,29.3662138937229,29.953346252441406,6800,0.0,0.0
2025-03-04 00:00:00-05:00,29.36621299875253,29.53946528528082,28.817581981975724,29.000457763671875,8000,0.0,0.0
2025-03-05 00:00:00-05:00,29.327713144419512,29.327713144419512,28.625080467927088,28.856082916259766,7200,0.0,0.0
2025-03-06 00:00:00-05:00,28.394077357007674,28.422953350817025,27.624069213867188,27.624069213867188,10800,0.0,0.0
2025-03-07 00:00:00-05:00,27.49894067419853,27.49894067419853,26.22842636948514,27.036935806274414,12400,0.0,0.0
2025-03-10 00:00:00-04:00,26.700059712830395,26.728935708918,25.12154197692871,25.12154197692871,9800,0.0,0.0
2025-03-11 00:00:00-04:00,25.073413391781063,25.32366649779411,24.26490392184482,24.92903709411621,23700,0.0,0.0
2025-03-12 00:00:00-04:00,24.938662390472004,26.68080696298848,24.938662390472004,25.89154815673828,17000,0.0,0.0
2025-03-13 00:00:00-04:00,25.987800962613257,26.440180540688125,25.93967613961281,26.411306381225586,17900,0.0,0.0
2025-03-14 00:00:00-04:00,26.168998781129975,28.10744313528775,26.168998781129975,27.632524490356445,25500,0.19,0.0
2025-03-17 00:00:00-04:00,27.36114283947154,28.50482535537912,26.79899402555956,27.729448318481445,10500,0.0,0.0
2025-03-18 00:00:00-04:00,27.438681126508598,27.584064092937172,27.09945297241211,27.09945297241211,9200,0.0,0.0
2025-03-19 00:00:00-04:00,27.525909393183408,28.349748611450195,27.02191341863848,28.349748611450195,9700,0.0,0.0
2025-03-20 00:00:00-04:00,27.903908981558274,28.630825656468193,27.622833646576982,28.107444763183594,26700,0.0,0.0
2025-03-21 00:00:00-04:00,28.10744342784507,28.301288604736328,27.554987076942975,28.301288604736328,13200,0.0,0.0
2025-03-24 00:00:00-04:00,28.0589826138195,28.0589826138195,27.564679084350907,27.923290252685547,9100,0.0,0.0
2025-03-25 00:00:00-04:00,28.388519517087612,28.388519517087612,26.94437679235235,27.48714256286621,14400,0.0,0.0
2025-03-26 00:00:00-04:00,26.71176201533303,27.138220280214007,26.71176201533303,26.798992156982422,4700,0.0,0.0
2025-03-27 00:00:00-04:00,26.798994568652237,27.157607610887773,26.33376833708563,26.77960968017578,28900,0.0,0.0
2025-03-28 00:00:00-04:00,26.702071670060135,27.04129981994629,26.508228333442826,27.04129981994629,21800,0.0,0.0
2025-03-31 00:00:00-04:00,26.94437725745442,27.4289883725068,26.459766142402042,27.361143112182617,12400,0.0,0.0
2025-04-01 00:00:00-04:00,27.39991023254053,27.632523323378386,26.760223770575305,26.924991607666016,16400,0.0,0.0
2025-04-02 00:00:00-04:00,26.702069626847194,27.15760522276241,26.653609258562177,27.11883544921875,17900,0.0,0.0
2025-04-03 00:00:00-04:00,26.55669142713047,26.55669142713047,25.63593132438249,25.907312393188477,24900,0.0,0.0
2025-04-04 00:00:00-04:00,25.19977759930809,25.810386781579975,24.957472045468585,24.986549377441406,31100,0.0,0.0
2025-04-07 00:00:00-04:00,24.598857641580494,26.217458724975586,24.598857641580494,26.217458724975586,17300,0.0,0.0
2025-04-08 00:00:00-04:00,26.769918826202623,26.769918826202623,25.61654385401184,25.684389114379883,55300,0.0,0.0
2025-04-09 00:00:00-04:00,26.828072439337845,27.273913791368248,25.878235068681533,26.65361213684082,23100,0.0,0.0
2025-04-10 00:00:00-04:00,26.198077455200643,27.08006953367298,25.63592863761778,26.401613235473633,12800,0.0,0.0
2025-04-11 00:00:00-04:00,26.35315191279415,26.59545746074536,25.829771041870117,25.829771041870117,14100,0.0,0.0
2025-04-14 00:00:00-04:00,26.5760707203363,26.5760707203363,26.256227493286133,26.256227493286133,2100,0.0,0.0
2025-04-15 00:00:00-04:00,26.459767133120483,27.11883857005212,26.459767133120483,26.895917892456055,8400,0.0,0.0
2025-04-16 00:00:00-04:00,27.506524780648256,27.894215133334935,27.506524780648256,27.87483024597168,5300,0.0,0.0
2025-04-17 00:00:00-04:00,28.572669634010555,28.698669553583258,27.913598250953807,28.301288604736328,9100,0.0,0.0
2025-04-21 00:00:00-04:00,28.301289342081432,28.301289342081432,27.5937557220459,27.5937557220459,6700,0.0,0.0
2025-04-22 00:00:00-04:00,27.719757959400614,28.931285826082068,27.680988180317296,28.50482749938965,8700,0.0,0.0
2025-04-23 00:00:00-04:00,28.59205404085893,29.144510382475445,28.5726691537667,28.747129440307617,15800,0.0,0.0
2025-04-24 00:00:00-04:00,29.50312487111322,29.56127768664677,28.873130798339844,28.873130798339844,6000,0.0,0.0
2025-04-25 00:00:00-04:00,29.32866319897787,29.435278229654696,28.892512481340486,29.173587799072266,7000,0.0,0.0
2025-04-28 00:00:00-04:00,29.638817166942385,29.832662361867193,29.590356792533576,29.696969985961914,5800,0.0,0.0
2025-04-29 00:00:00-04:00,29.522508372381132,29.99742889404297,29.3965102953132,29.99742889404297,3900,0.0,0.0
2025-04-30 00:00:00-04:00,28.96036133472051,29.318974396946384,28.61144256591797,28.61144256591797,8600,0.0,0.0
2025-05-01 00:00:00-04:00,29.047588338748092,29.67758424051227,28.834360122680664,28.834360122680664,12700,0.0,0.0
2025-05-02 00:00:00-04:00,28.902206357332123,28.902206357332123,28.31098021048748,28.47574806213379,8100,0.0,0.0
2025-05-05 00:00:00-04:00,28.136521265818274,29.59035457275797,28.136521265818274,28.495132446289062,13700,0.0,0.0
2025-05-06 00:00:00-04:00,28.165595803355853,28.902204875982672,28.165595803355853,28.853744506835938,9800,0.0,0.0
2025-05-07 00:00:00-04:00,29.144513330310364,29.231743482403754,28.175291061401367,28.175291061401367,4200,0.0,0.0
2025-05-08 00:00:00-04:00,28.22375120787802,28.49513224007694,27.758523148054127,28.252826690673828,12400,0.0,0.0
2025-05-09 00:00:00-04:00,28.029906282618075,28.69867012264466,26.9928388175686,27.458065032958984,10900,0.0,0.0
2025-05-12 00:00:00-04:00,27.865137439996474,28.69866909933307,27.690677153284664,27.923290252685547,17400,0.0,0.0
2025-05-13 00:00:00-04:00,27.98144457282425,28.407900992203526,27.700369259072644,27.865137100219727,12400,0.0,0.0
2025-05-14 00:00:00-04:00,28.126830039725448,28.805284503151828,27.67129440069538,28.592056274414062,19800,0.0,0.0
2025-05-15 00:00:00-04:00,28.485441037481145,30.33665536769371,28.485441037481145,29.919891357421875,10700,0.0,0.0
2025-05-16 00:00:00-04:00,30.317270792541485,30.356038718876754,29.367431640625,29.367431640625,7500,0.0,0.0
2025-05-19 00:00:00-04:00,29.939270291612484,30.811571666768288,29.609734627363505,30.288190841674805,10600,0.0,0.0
2025-05-20 00:00:00-04:00,30.191270126000436,30.191270126000436,28.970049973998755,30.181577682495117,22800,0.0,0.0
2025-05-21 00:00:00-04:00,29.81327542761909,30.433577050997542,29.154204028457155,30.094348907470703,32200,0.0,0.0
2025-05-22 00:00:00-04:00,29.735738499705942,29.822968648847617,29.202665160657396,29.280202865600586,8400,0.0,0.0
2025-05-23 00:00:00-04:00,29.299586463060653,29.503124084971617,28.562977374232926,28.65020751953125,7300,0.0,0.0
2025-05-27 00:00:00-04:00,30.43357717800733,30.43357717800733,28.233442306518555,28.233442306518555,16500,0.0,0.0
2025-05-28 00:00:00-04:00,28.436978304561567,28.83435924202224,28.436978304561567,28.688976287841797,10800,0.0,0.0
2025-05-29 00:00:00-04:00,28.107443608843052,29.066973358479995,28.107443608843052,28.65020751953125,18300,0.0,0.0
2025-05-30 00:00:00-04:00,28.3982096089344,29.05728099812733,27.9329833984375,27.9329833984375,7400,0.0,0.0
2025-06-02 00:00:00-04:00,28.010521092044375,28.146213456549997,27.67129295374726,27.719755172729492,11600,0.0,0.0
2025-06-03 00:00:00-04:00,27.83606120887676,28.582362754336973,27.83606120887676,28.20436668395996,10400,0.0,0.0
2025-06-04 00:00:00-04:00,28.5920562493261,28.640516622155204,28.117137570750934,28.272212982177734,7900,0.0,0.0
2025-06-05 00:00:00-04:00,28.330365799301603,28.582363805031335,28.194675276464334,28.272212982177734,10600,0.0,0.0
2025-06-06 00:00:00-04:00,28.59205627140673,29.54189362929059,28.475748788424447,28.80528450012207,32700,0.0,0.0
2025-06-09 00:00:00-04:00,30.937573790249733,30.937573790249733,28.214059829711914,28.214059829711914,14300,0.0,0.0
2025-06-10 00:00:00-04:00,28.601747223115215,29.05728098968043,27.54529488168271,27.719755172729492,38500,0.0,0.0
2025-06-11 00:00:00-04:00,27.962062134227473,28.495133629448066,27.806986722939858,27.952369689941406,39300,0.0,0.0
2025-06-12 00:00:00-04:00,27.836060591662783,27.836060591662783,27.428987198496472,27.477449417114258,13200,0.0,0.0
2025-06-13 00:00:00-04:00,28.16072542864627,28.16072542864627,27.457926246101582,27.877653121948242,17200,0.2,0.0
2025-06-16 00:00:00-04:00,28.121679272181936,28.121679272181936,27.448165893554688,27.448165893554688,19100,0.0,0.0
2025-06-17 00:00:00-04:00,28.102159107687783,28.102159107687783,27.62386439794773,27.72147560119629,11300,0.0,0.0
2025-06-18 00:00:00-04:00,28.277857384551137,28.346186530904323,27.877653121948242,27.877653121948242,10300,0.0,0.0
2025-06-20 00:00:00-04:00,28.268098046260427,28.277859353561997,27.877655063092547,28.102161407470703,10100,0.0,0.0
2025-06-23 00:00:00-04:00,28.053352001305175,28.053352001305175,27.42864329213981,27.672670364379883,28900,0.0,0.0
2025-06-24 00:00:00-04:00,27.87765294164238,28.07287534925967,27.340794113363128,27.350555419921875,18500,0.0,0.0
2025-06-25 00:00:00-04:00,27.516497343239024,27.516497343239024,26.481821060180664,26.481821060180664,22400,0.0,0.0
2025-06-26 00:00:00-04:00,26.618474959100556,26.969872696553253,26.56966842488566,26.842979431152344,23600,0.0,0.0
2025-06-27 00:00:00-04:00,27.135811296821814,27.40912230417119,26.4232526504718,26.88202476501465,731900,0.0,0.0
2025-06-30 00:00:00-04:00,26.84297909142654,28.707345853925126,26.84297909142654,28.443796157836914,51100,0.0,0.0
2025-07-01 00:00:00-04:00,28.297379891127363,29.29301082146004,28.277857277957185,28.69758415222168,36700,0.0,0.0
2025-07-02 00:00:00-04:00,28.434034075265565,28.951372146606445,28.28761820202685,28.951372146606445,18700,0.0,0.0
2025-07-03 00:00:00-04:00,29.185641820422237,29.742023330225994,28.922092096269168,29.439430236816406,24900,0.0,0.0
2025-07-07 00:00:00-04:00,29.488232670722937,29.488232670722937,28.961135124291104,29.28325080871582,20800,0.0,0.0
2025-07-08 00:00:00-04:00,29.439426701467546,29.507753985795418,28.922088623046875,28.922088623046875,20400,0.0,0.0
2025-07-09 00:00:00-04:00,28.82448011757501,29.175877856002884,28.717107603783177,28.863523483276367,13100,0.0,0.0
2025-07-10 00:00:00-04:00,28.844001848444517,29.146596786349356,28.307142984823255,28.434036254882812,9900,0.0,0.0
2025-07-11 00:00:00-04:00,28.082638513955466,28.40475420459214,28.07287720675084,28.209531784057617,8700,0.0,0.0
2025-07-14 00:00:00-04:00,28.385230179299164,28.531646056532985,28.258336915504223,28.443796157836914,7500,0.0,0.0
2025-07-15 00:00:00-04:00,28.190007149311075,28.258336294846394,27.877652788265014,27.945980072021484,9000,0.0,0.0
2025-07-16 00:00:00-04:00,28.209530547880902,28.82447984237152,27.819087585700533,28.0728759765625,11600,0.0,0.0
2025-07-17 00:00:00-04:00,28.072875030147443,28.502363204956055,28.02406849790849,28.502363204956055,8100,0.0,0.0
2025-07-18 00:00:00-04:00,28.687823753048036,28.687823753048036,28.004549026489258,28.004549026489258,8100,0.0,0.0
2025-07-21 00:00:00-04:00,28.307142261421983,28.307142261421983,27.936221906144702,28.082637786865234,6900,0.0,0.0
2025-07-22 00:00:00-04:00,28.424277344072888,28.94161360302167,28.03383249579129,28.668304443359375,17300,0.0,0.0
2025-07-23 00:00:00-04:00,28.980656073654508,29.17587661743164,28.551167898498676,29.17587661743164,10900,0.0,0.0
2025-07-24 00:00:00-04:00,28.678061247080798,28.678061247080798,28.0728751391976,28.131441116333008,7700,0.0,0.0
2025-07-25 00:00:00-04:00,28.414513647854008,28.414513647854008,27.897175570619286,28.02406883239746,6600,0.0,0.0
2025-07-28 00:00:00-04:00,27.887414646984812,28.404752731323242,27.877653340286475,28.404752731323242,7100,0.0,0.0
2025-07-29 00:00:00-04:00,28.678061587937716,28.678061587937716,27.916698290791576,28.063114166259766,6700,0.0,0.0
2025-07-30 00:00:00-04:00,28.326664367424463,28.82447984237152,27.819087585700533,28.0728759765625,12900,0.0,0.0
2025-07-31 00:00:00-04:00,28.08263869917132,28.199770662841377,27.74100039187216,27.838611602783203,15500,0.0,0.0
2025-08-01 00:00:00-04:00,27.780040219105043,27.848369361280756,27.42864251109516,27.545774459838867,18600,0.0,0.0
2025-08-04 00:00:00-04:00,27.614106016714732,27.965503755452396,27.575060789200037,27.78004264831543,18600,0.0,0.0
2025-08-05 00:00:00-04:00,28.092399265040342,28.453558315566998,27.75076096675752,27.936222076416016,14700,0.0,0.0
2025-08-06 00:00:00-04:00,28.268096696460177,28.268096696460177,27.92646026611328,27.92646026611328,3700,0.0,0.0
2025-08-07 00:00:00-04:00,28.28762037991563,28.5023654148594,27.87765478621632,28.209531784057617,9600,0.0,0.0
2025-08-08 00:00:00-04:00,28.40475302168297,28.40475302168297,28.111919403076172,28.111919403076172,3800,0.0,0.0
2025-08-11 00:00:00-04:00,28.443796432091403,28.629257537991197,27.906937589798048,28.560930252075195,9700,0.0,0.0
2025-08-12 00:00:00-04:00,28.42427669302945,29.673694221220433,28.033831853690796,29.478473663330078,13600,0.0,0.0
2025-08-13 00:00:00-04:00,29.712738601291765,30.132465488348444,29.380861614399453,29.76154327392578,7200,0.0,0.0
2025-08-14 00:00:00-04:00,29.302772917612852,29.644411210180998,29.16611648351825,29.49799346923828,8300,0.0,0.0
2025-08-15 00:00:00-04:00,29.585843477912032,29.585843477912032,29.302773025391378,29.31253433227539,8500,0.0,0.0
2025-08-18 00:00:00-04:00,28.97089543727071,29.488231658935547,28.97089543727071,29.488231658935547,6000,0.0,0.0
2025-08-19 00:00:00-04:00,29.634650588353928,29.634650588353928,29.1368350982666,29.1368350982666,5100,0.0,0.0
2025-08-20 00:00:00-04:00,29.15635514007147,29.273487091064453,28.9806553518032,29.273487091064453,4800,0.0,0.0
2025-08-21 00:00:00-04:00,29.2832500170299,30.08365855294409,29.263727403524943,29.79082679748535,9900,0.0,0.0
2025-08-22 00:00:00-04:00,30.23983328651093,32.05539523618614,30.23983328651093,31.908977508544922,15400,0.0,0.0
2025-08-25 00:00:00-04:00,31.7235203271561,31.850415451060886,31.08905029296875,31.08905029296875,10800,0.0,0.0
2025-08-26 00:00:00-04:00,31.381884746971767,32.00659349132168,31.137855799208804,31.928503036499023,7700,0.0,0.0
2025-08-27 00:00:00-04:00,32.0065964913546,32.50441015505754,32.0065964913546,32.211578369140625,6400,0.0,0.0
2025-08-28 00:00:00-04:00,32.45560186889291,32.96317864569952,32.00659293218013,32.5532112121582,9800,0.0,0.0
2025-08-29 00:00:00-04:00,32.63130569458008,32.865569636764285,32.4165606446127,32.63130569458008,4100,0.0,0.0
2025-09-02 00:00:00-04:00,32.514171873630815,32.59225860873015,31.889459375046048,31.9968318939209,12200,0.0,0.0
2025-09-03 00:00:00-04:00,31.2452263503052,31.703998462014745,30.766935348510742,30.766935348510742,7900,0.0,0.0
2025-09-04 00:00:00-04:00,31.1476180163168,31.27451314733307,30.25935954631879,31.010963439941406,12500,0.0,0.0
2025-09-05 00:00:00-04:00,30.991439033504683,31.362361236186885,30.640039443969727,30.640039443969727,4600,0.0,0.0
2025-09-08 00:00:00-04:00,30.94263671253579,31.59662754662991,30.815741579219765,31.059768676757812,4300,0.0,0.0
2025-09-09 00:00:00-04:00,31.333075737009928,31.333075737009928,30.269119375802507,30.757173538208008,7500,0.0,0.0
2025-09-10 00:00:00-04:00,31.001199947525873,31.37212028373244,30.71812764581181,30.893827438354492,4500,0.0,0.0
2025-09-11 00:00:00-04:00,31.235466676948576,31.987070540689587,31.235466676948576,31.77232551574707,4200,0.0,0.0
2025-09-12 00:00:00-04:00,31.391643524169922,31.391643524169922,31.391643524169922,31.391643524169922,1700,0.0,0.0
2025-09-15 00:00:00-04:00,31.548797636485386,31.588087201591616,30.72373737697992,30.841602325439453,5000,0.2,0.0
2025-09-16 00:00:00-04:00,32.80603665652225,32.80603665652225,30.321027929716966,30.782669067382812,5300,0.0,0.0
2025-09-17 00:00:00-04:00,30.468361466648826,31.185379184093055,30.468361466648826,30.605871200561523,11100,0.0,0.0
2025-09-18 00:00:00-04:00,31.59790411883013,32.1577709906487,31.38181902908726,32.01043701171875,6900,0.0,0.0
2025-09-19 00:00:00-04:00,31.912218582458607,32.354213049429084,30.49782429820448,32.2559928894043,55400,0.0,0.0
2025-09-22 00:00:00-04:00,32.46226062094705,32.46226062094705,30.92018072852028,30.949647903442383,8500,0.0,0.0
2025-09-23 00:00:00-04:00,31.430933911562864,31.450578694880708,30.330850400349117,30.576404571533203,8200,0.0,0.0
2025-09-24 00:00:00-04:00,30.58622779016992,30.802316665649414,30.58622779016992,30.802316665649414,4000,0.0,0.0
2025-09-25 00:00:00-04:00,31.047869357531113,31.047869357531113,30.645160675048828,30.645160675048828,3700,0.0,0.0
2025-09-26 00:00:00-04:00,30.871070861816406,30.871070861816406,30.871070861816406,30.871070861816406,3600,0.0,0.0
2025-09-29 00:00:00-04:00,31.077335640955095,31.077335640955095,30.10494133738334,30.291563034057617,4200,0.0,0.0
2025-09-30 00:00:00-04:00,30.507649501555136,30.70409358657487,30.389784549287008,30.488006591796875,7700,0.0,0.0
2025-10-01 00:00:00-04:00,30.419249549239808,31.19520161660688,30.271917423649622,30.9398250579834,10000,0.0,0.0
2025-10-02 00:00:00-04:00,29.996897318501777,29.996897318501777,29.112900836872388,29.260234832763672,8300,0.0,0.0
2025-10-03 00:00:00-04:00,29.829919815063477,29.859385114906985,29.623653349011217,29.829919815063477,4100,0.0,0.0
2025-10-06 00:00:00-04:00,29.554898618788393,29.554898618788393,29.250411987304688,29.250411987304688,3300,0.0,0.0
2025-10-07 00:00:00-04:00,29.142366863859237,29.152189254760742,28.975389965392676,29.152189254760742,6000,0.0,0.0
2025-10-08 00:00:00-04:00,29.250412317100455,29.535254169524634,29.01468054747816,29.299522399902344,5700,0.0,0.0
2025-10-09 00:00:00-04:00,29.181654913500925,29.427209068774797,29.13254483181796,29.368276596069336,4100,0.0,0.0
2025-10-10 00:00:00-04:00,29.22094533498826,29.446854714845742,29.05396842956543,29.05396842956543,7900,0.0,0.0
2025-10-13 00:00:00-04:00,29.103079749624705,29.171836491721937,29.103079749624705,29.122724533081055,4900,0.0,0.0
2025-10-14 00:00:00-04:00,29.14236931653741,29.171836491721937,29.044147272685315,29.122724533081055,7300,0.0,0.0
2025-10-15 00:00:00-04:00,29.31916837921095,29.908498764038086,29.21112394452091,29.908498764038086,6700,0.0,0.0
2025-10-16 00:00:00-04:00,29.564722554447346,29.810276725375598,28.975392169533613,29.034324645996094,7100,0.0,0.0
2025-10-17 00:00:00-04:00,28.985214687166042,29.672765244695782,28.96556990378328,28.995037078857422,4900,0.0,0.0
2025-10-20 00:00:00-04:00,29.2111248488785,29.2111248488785,28.877171016251786,28.886993408203125,14000,0.0,0.0
2025-10-21 00:00:00-04:00,30.419250957447666,30.419250957447666,28.867348624300444,28.886993408203125,4800,0.0,0.0
2025-10-22 00:00:00-04:00,29.220945660298007,29.81027603149414,29.191478486037838,29.81027603149414,10200,0.0,0.0
2025-10-23 00:00:00-04:00,29.761162564270897,29.908496554666204,29.28969904060855,29.486143112182617,26600,0.0,0.0
2025-10-24 00:00:00-04:00,29.51561033978485,29.653121948242188,29.32899052037,29.653121948242188,5000,0.0,0.0
2025-10-27 00:00:00-04:00,29.623653142365708,29.623653142365708,29.220944477590916,29.368276596069336,10300,0.0,0.0
2025-10-28 00:00:00-04:00,29.456676483154297,29.456676483154297,29.456676483154297,29.456676483154297,3000,0.0,0.0
2025-10-29 00:00:00-04:00,29.898677687958436,30.311208788146192,29.466501803611806,29.77098846435547,9800,0.0,0.0
2025-10-30 00:00:00-04:00,30.478184476853315,30.478184476853315,30.03618621826172,30.03618621826172,2200,0.0,0.0
2025-10-31 00:00:00-04:00,29.662943306671206,30.222806492275478,29.653120915449957,29.67276382446289,7400,0.0,0.0
2025-11-03 00:00:00-05:00,29.712054143328153,30.27191734313965,29.53525484371829,30.27191734313965,73800,0.0,0.0
2025-11-04 00:00:00-05:00,30.193342320672034,30.419251720933772,29.81027839210389,29.820100784301758,10600,0.0,0.0
2025-11-05 00:00:00-05:00,29.95760833004825,30.438894271850586,29.95760833004825,30.438894271850586,5700,0.0,0.0
2025-11-06 00:00:00-05:00,31.00857988424552,31.00857988424552,30.31120694976871,30.605871200561523,5400,0.0,0.0
2025-11-07 00:00:00-05:00,30.262095188181522,30.910358042864424,30.262095188181522,30.36031723022461,5100,0.0,0.0
2025-11-10 00:00:00-05:00,30.723738462481233,30.723738462481233,30.35049507450329,30.44871711730957,2900,0.0,0.0
2025-11-11 00:00:00-05:00,30.62551701370934,30.920181274414062,30.281740793934045,30.920181274414062,9600,0.0,0.0
2025-11-12 00:00:00-05:00,30.497825701118188,31.371999778301042,30.458538009986913,30.998756408691406,6200,0.0,0.0
2025-11-13 00:00:00-05:00,30.85142512310027,31.391643536419803,30.85142512310027,31.224668502807617,5300,0.0,0.0
2025-11-14 00:00:00-05:00,31.254134643685063,31.31306712027517,30.88089312737485,30.910358428955078,4100,0.0,0.0
2025-11-17 00:00:00-05:00,30.576403357468948,31.15591132832786,30.576403357468948,30.674625396728516,3100,0.0,0.0
2025-11-18 00:00:00-05:00,30.733560605494244,31.401466369628906,30.45853926254729,31.401466369628906,5400,0.0,0.0
2025-11-19 00:00:00-05:00,31.29342357303373,31.4309333067533,31.08715709902476,31.313066482543945,7200,0.0,0.0
2025-11-20 00:00:00-05:00,31.440753186824054,31.470222234065453,31.254133372971264,31.38182258605957,7100,0.0,0.0
2025-11-21 00:00:00-05:00,31.21484914650578,32.32475325528164,31.19520436178378,32.167598724365234,12900,0.0,0.0
2025-11-24 00:00:00-05:00,32.06937456496065,32.24617385864258,31.98097491811968,32.24617385864258,2400,0.0,0.0
2025-11-25 00:00:00-05:00,32.36404140492164,33.17927932739258,32.36404140492164,33.17927932739258,10800,0.0,0.0
2025-11-26 00:00:00-05:00,33.071234094091565,33.29714722961984,32.658704883528934,32.953369140625,11200,0.0,0.0
2025-11-28 00:00:00-05:00,33.041768069182154,33.39536666870117,32.9533684193024,33.39536666870117,6000,0.0,0.0
2025-12-01 00:00:00-05:00,33.395368459563024,33.591812552814694,32.84532574783024,33.100704193115234,7700,0.0,0.0
2025-12-02 00:00:00-05:00,33.1007018443458,33.42483139038086,33.1007018443458,33.42483139038086,3900,0.0,0.0
2025-12-03 00:00:00-05:00,33.59181186633883,34.210609436035156,33.395367777101654,34.210609436035156,7600,0.0,0.0
2025-12-04 00:00:00-05:00,33.974875991752185,34.46598434448242,33.76861138285174,34.46598434448242,6700,0.0,0.0
2025-12-05 00:00:00-05:00,33.78825305390008,34.475801686895686,33.58198471714236,33.69002914428711,5500,0.0,0.0
2025-12-08 00:00:00-05:00,33.994519205416765,34.4659827526397,33.10070219460386,33.139991760253906,12000,0.0,0.0
2025-12-09 00:00:00-05:00,33.768612855366946,34.13203200311396,33.2480354309082,33.2480354309082,7800,0.0,0.0
2025-12-10 00:00:00-05:00,33.49358507192021,34.34811622468738,33.44447499054324,33.69002914428711,14000,0.0,0.0
2025-12-11 00:00:00-05:00,33.51323305177833,34.47580497668278,33.51323305177833,34.25971984863281,8900,0.0,0.0
2025-12-12 00:00:00-05:00,34.3677651405478,34.574029755257094,33.248034917427056,33.277503967285156,33800,0.0,0.0
2025-12-15 00:00:00-05:00,33.74188683353572,34.818860776546714,33.49487449586448,34.62125015258789,11300,0.2,0.0
2025-12-16 00:00:00-05:00,34.1766282974278,34.71017586865751,34.1766282974278,34.69041442871094,15500,0.0,0.0
2025-12-17 00:00:00-05:00,34.799096978074665,35.14491271972656,34.65088807787591,35.14491271972656,8900,0.0,0.0
2025-12-18 00:00:00-05:00,35.174553505356,35.55989589767353,34.947302619081945,35.51049041748047,10600,0.0,0.0
2025-12-19 00:00:00-05:00,35.43144865840926,36.05392077552418,34.72005195313506,36.02427673339844,30500,0.0,0.0
2025-12-22 00:00:00-05:00,35.76738588842676,35.76738588842676,34.0086555480957,34.0086555480957,12500,0.0,0.0
2025-12-23 00:00:00-05:00,34.07782144583322,34.09757911468711,32.64514923095703,32.64514923095703,6100,0.0,0.0
2025-12-24 00:00:00-05:00,32.60562733431989,32.60562733431989,32.161004389575545,32.1708869934082,3400,0.0,0.0
2025-12-26 00:00:00-05:00,32.20052538520658,32.655027138117966,31.68673932009027,31.82506561279297,5800,0.0,0.0
2025-12-29 00:00:00-05:00,31.716378388809115,32.44753646850586,31.716378388809115,32.44753646850586,6800,0.0,0.0
2025-12-30 00:00:00-05:00,32.60562781159833,32.655029524157726,31.933753967285156,31.933753967285156,4700,0.0,0.0
2025-12-31 00:00:00-05:00,32.111603022578784,35.25360017370137,31.64721863429121,34.46316146850586,21000,0.0,0.0
2026-01-02 00:00:00-05:00,34.473041128492866,34.82873949662222,33.44546890258789,33.44546890258789,10700,0.0,0.0
2026-01-05 00:00:00-05:00,33.29726514180502,34.374239125889915,33.29726514180502,33.39606857299805,7300,0.0,0.0
2026-01-06 00:00:00-05:00,33.20833867342905,33.396066689753305,32.556226264644316,33.079891204833984,11100,0.0,0.0
2026-01-07 00:00:00-05:00,33.37630460616556,33.37630460616556,31.53853416442871,31.53853416442871,4500,0.0,0.0
2026-01-08 00:00:00-05:00,31.815190144962234,32.388256813809974,31.657102398130874,32.03255844116211,9100,0.0,0.0
2026-01-09 00:00:00-05:00,31.686740580731847,32.30921269176754,31.51877212524414,31.51877212524414,8000,0.0,0.0
2026-01-12 00:00:00-05:00,31.212477152773392,31.79542638334735,31.024747260413694,31.321163177490234,9600,0.0,0.0
2026-01-13 00:00:00-05:00,31.390325548185086,31.390325548185086,30.945702625866268,31.07415008544922,4500,0.0,0.0
2026-01-14 00:00:00-05:00,31.617577304317123,31.617577304317123,30.995107080342343,31.578054428100586,4800,0.0,0.0
2026-01-15 00:00:00-05:00,30.471437287327813,32.68466913983098,30.471437287327813,32.200523376464844,4900,0.0,0.0
2026-01-16 00:00:00-05:00,31.864590784384067,31.864590784384067,31.172955501908955,31.331043243408203,6000,0.0,0.0
2026-01-20 00:00:00-05:00,31.370565362009422,31.647217960661877,31.153195193846138,31.40020751953125,5700,0.0,0.0
2026-01-21 00:00:00-05:00,31.706504742052996,33.54427719116211,31.706504742052996,33.54427719116211,7900,0.0,0.0
2026-01-22 00:00:00-05:00,33.366425355385715,33.366425355385715,32.52658118786085,32.98108673095703,6700,0.0,0.0
2026-01-23 00:00:00-05:00,32.28945112356258,32.28945112356258,31.22235796492405,31.578054428100586,7100,0.0,0.0
2026-01-26 00:00:00-05:00,31.755903665902267,31.86458969116211,31.469370350973318,31.86458969116211,4000,0.0,0.0
2026-01-27 00:00:00-05:00,31.894229328041106,32.19064712524414,31.568175027870172,32.19064712524414,4000,0.0,0.0
2026-01-28 00:00:00-05:00,32.01279925406677,32.19064843196451,31.9238746651179,32.1708869934082,5100,0.0,0.0
2026-01-29 00:00:00-05:00,32.111603512483484,33.59367752075195,32.111603512483484,33.59367752075195,6600,0.0,0.0
2026-01-30 00:00:00-05:00,32.8032396591233,35.21407875191072,32.8032396591233,34.9868278503418,11500,0.0,0.0
2026-02-02 00:00:00-05:00,34.95718605352623,34.96706488833424,34.492801666259766,34.492801666259766,9800,0.0,0.0
2026-02-03 00:00:00-05:00,34.62124634763731,35.253597259521484,34.2457865802903,35.253597259521484,12700,0.0,0.0
2026-02-04 00:00:00-05:00,35.47097207143987,35.7673861134158,35.075750836065936,35.757503509521484,7900,0.0,0.0
2026-02-05 00:00:00-05:00,35.34252514693676,35.81678837519801,35.27336199505131,35.49073028564453,8000,0.0,0.0
2026-02-06 00:00:00-05:00,35.50061134346047,35.50061134346047,34.058060282524195,34.39399719238281,13800,0.0,0.0
2026-02-09 00:00:00-05:00,34.01853844418529,34.591605090776056,33.61343837309403,34.492801666259766,4100,0.0,0.0
2026-02-10 00:00:00-05:00,34.73981501931952,34.73981501931952,34.314953496996246,34.62125015258789,3800,0.0,0.0
2026-02-11 00:00:00-05:00,34.660770022231134,34.660770022231134,34.20626449584961,34.20626449584961,2800,0.0,0.0
2026-02-12 00:00:00-05:00,34.00865728154749,34.5422048424088,34.00865728154749,34.413761138916016,3200,0.0,0.0
2026-02-13 00:00:00-05:00,33.8406888692819,34.8089767408398,33.8406888692819,34.06793975830078,3300,0.0,0.0
2026-02-17 00:00:00-05:00,34.37423376753956,34.37423376753956,34.107460021972656,34.107460021972656,3600,0.0,0.0
2026-02-18 00:00:00-05:00,34.08769989982195,34.08769989982195,33.16881377490674,33.45534896850586,6300,0.0,0.0
2026-02-19 00:00:00-05:00,33.22809960310108,34.03829974192785,33.099652136474674,33.94937515258789,6600,0.0,0.0
2026-02-20 00:00:00-05:00,33.86045052553527,34.91766299256124,33.86045052553527,34.58172607421875,5600,0.0,0.0
2026-02-23 00:00:00-05:00,33.89997344053436,34.166747208554256,33.820927685961486,33.94937515258789,5200,0.0,0.0
2026-02-24 00:00:00-05:00,33.959252503484166,34.05805969238281,33.959252503484166,34.05805969238281,1800,0.0,0.0
2026-02-25 00:00:00-05:00,34.5619652867356,34.888023376464844,34.5619652867356,34.888023376464844,1800,0.0,0.0
2026-02-26 00:00:00-05:00,34.54220289841628,34.74969234848202,34.06793968293358,34.09757995605469,4900,0.0,0.0
2026-02-27 00:00:00-05:00,33.939488845821366,34.54219946680053,32.526578174410446,32.59574508666992,6700,0.0,0.0
2026-03-02 00:00:00-05:00,33.534390875951296,33.613436626744836,32.77359248555336,33.484989166259766,5900,0.0,0.0
2026-03-03 00:00:00-05:00,32.743954486287244,33.59367752075195,32.743954486287244,33.59367752075195,4500,0.0,0.0
2026-03-04 00:00:00-05:00,33.573915569467744,34.47304030333559,31.94363644670995,34.46316146850586,4900,0.0,0.0
2026-03-05 00:00:00-05:00,33.51463033225896,33.6628392343959,32.131363578453,32.437660217285156,6200,0.0,0.0
2026-03-06 00:00:00-05:00,32.012801147192526,32.457420349121094,32.012801147192526,32.457420349121094,6100,0.0,0.0
2026-03-09 00:00:00-04:00,32.17088625635069,33.158935546875,32.11160194204002,33.158935546875,5500,0.0,0.0
2026-03-10 00:00:00-04:00,32.81311660140344,32.81311660140344,32.25981140136719,32.25981140136719,3400,0.0,0.0
2026-03-11 00:00:00-04:00,32.11159985422698,32.2993278503418,32.11159985422698,32.2993278503418,3000,0.0,0.0
2026-03-12 00:00:00-04:00,32.111601050492816,32.6155045162619,32.111601050492816,32.33885192871094,4700,0.0,0.0
2026-03-13 00:00:00-04:00,32.46813317009909,33.90011065836013,32.368687918064545,32.985233306884766,6000,0.21,0.0
2026-03-16 00:00:00-04:00,33.06478674658736,33.43272466475984,33.06478674658736,33.30345153808594,4000,0.0,0.0
2026-03-17 00:00:00-04:00,33.631614225169024,33.631614225169024,33.0250114637976,33.03495788574219,5000,0.0,0.0
2026-03-18 00:00:00-04:00,32.43829415975636,32.82612111677002,32.31896366377864,32.358741760253906,12800,0.0,0.0
2026-03-19 00:00:00-04:00,32.31896530189687,32.965346125314106,32.31896530189687,32.497962951660156,9700,0.0,0.0
2026-03-20 00:00:00-04:00,32.62723887038911,33.313393977721745,32.22946548461914,32.22946548461914,22600,0.0,0.0
2026-03-23 00:00:00-04:00,32.875849050975525,34.28793748157744,32.26924629374991,33.7111701965332,7500,0.0,0.0
2026-03-24 00:00:00-04:00,34.277991290532604,34.277991290532604,32.269242939908594,32.358741760253906,11000,0.0,0.0
2026-03-25 00:00:00-04:00,32.507904796543095,32.87584650855408,32.4184059738172,32.47807312011719,5800,0.0,0.0
2026-03-26 00:00:00-04:00,32.72668007315691,32.816178894607404,32.42835193280465,32.806236267089844,3400,0.0,0.0
2026-03-27 00:00:00-04:00,32.54768328277009,32.925567626953125,32.31896490939432,32.925567626953125,16800,0.0,0.0
2026-03-30 00:00:00-04:00,32.9852305731302,34.228267669677734,32.9852305731302,34.228267669677734,5500,0.0,0.0
2026-03-31 00:00:00-04:00,34.62604119667287,34.62604119667287,33.50233459472656,33.50233459472656,4900,0.0,0.0
2026-04-01 00:00:00-04:00,33.82055080026545,34.74537068023427,33.82055080026545,34.10893630981445,14700,0.0,0.0
2026-04-02 00:00:00-04:00,33.303454058252115,34.466935047050114,33.124456399444966,33.611724853515625,13100,0.0,0.0
2026-04-06 00:00:00-04:00,33.70122290412598,34.38738184484659,32.667015075683594,32.667015075683594,7300,0.0,0.0
2026-04-07 00:00:00-04:00,32.61729440541071,33.06478854287615,32.61729440541071,32.716739654541016,12000,0.0,0.0
2026-04-08 00:00:00-04:00,33.36311428673068,34.437100138854134,33.36311428673068,34.3575439453125,8300,0.0,0.0
2026-04-09 00:00:00-04:00,33.601780122685994,34.72548294067383,33.601780122685994,34.72548294067383,7900,0.0,0.0
2026-04-10 00:00:00-04:00,33.99954972246505,34.72548294067383,33.969718045679876,34.72548294067383,5300,0.0,0.0
2026-04-13 00:00:00-04:00,34.73543064893467,34.73543064893467,34.417213439941406,34.417213439941406,4400,0.0,0.0
2026-04-14 00:00:00-04:00,33.890167343948534,34.10893930709964,33.80066851565313,34.039329528808594,6300,0.0,0.0
2026-04-15 00:00:00-04:00,33.502336488214205,33.97966230696451,33.502336488214205,33.93988800048828,6300,0.0,0.0
2026-04-16 00:00:00-04:00,33.7807785204803,33.88021997427135,32.796291436776315,33.820552825927734,8900,0.0,0.0
2026-04-17 00:00:00-04:00,33.9995514838759,35.06359100341797,33.9995514838759,35.06359100341797,14000,0.0,0.0
2026-04-20 00:00:00-04:00,35.11331281882064,35.11331281882064,33.41283520952035,33.73105239868164,11700,0.0,0.0
2026-04-21 00:00:00-04:00,33.56200148452163,33.75094175686723,33.025008550341724,33.20400619506836,5300,0.0,0.0
2026-04-22 00:00:00-04:00,33.44267137842126,33.6515007019043,33.0150663102713,33.6515007019043,6800,0.0,0.0
2026-04-23 00:00:00-04:00,34.248156333622156,34.6558723449707,33.40289263484653,34.6558723449707,5100,0.0,0.0
2026-04-24 00:00:00-04:00,34.09899382372784,34.25810241699219,33.6614423471648,34.25810241699219,4400,0.0,0.0
2026-04-27 00:00:00-04:00,33.929939937410836,34.41721215429453,33.80066680908203,33.80066680908203,5300,0.0,0.0
2026-04-28 00:00:00-04:00,33.860329887398926,34.715540020213666,33.860329887398926,34.37743377685547,5400,0.0,0.0
2026-04-29 00:00:00-04:00,33.96971775880431,33.96971775880431,32.71673802958183,33.50233459472656,8500,0.0,0.0
2026-04-30 00:00:00-04:00,32.975287267328824,34.15865719326439,32.80623604653007,33.43272399902344,15000,0.0,0.0
2026-05-01 00:00:00-04:00,33.233840253410875,33.810611326303054,33.01506828907973,33.31339645385742,15900,0.0,0.0
2026-05-04 00:00:00-04:00,33.08467692709051,33.77083206176758,33.08467692709051,33.77083206176758,9200,0.0,0.0
2026-05-05 00:00:00-04:00,33.26367618610921,34.735431773722915,33.12445662684755,33.91005325317383,6700,0.0,0.0
2026-05-06 00:00:00-04:00,34.45699062681324,36.57512315680305,34.30782465441474,36.04807662963867,32000,0.0,0.0
2026-05-07 00:00:00-04:00,36.17735417363882,36.79389953613281,36.12763344646885,36.79389953613281,11200,0.0,0.0
2026-05-08 00:00:00-04:00,36.52540366855479,37.092228313365005,36.058020479748734,36.61490249633789,8500,0.0,0.0
2026-05-11 00:00:00-04:00,36.465734591032195,36.61490056060081,36.05801857345259,36.12763214111328,8100,0.0,0.0
2026-05-12 00:00:00-04:00,36.93311769367,36.93311769367,36.05801851344993,36.07790756225586,6000,0.0,0.0
2026-05-13 00:00:00-04:00,36.05801795019253,36.47568038169648,36.05801795019253,36.30662536621094,7100,0.0,0.0
2026-05-14 00:00:00-04:00,36.59501245602729,36.8436198827577,36.08785497461449,36.346405029296875,6300,0.0,0.0
2026-05-15 00:00:00-04:00,36.29668555154672,36.53535035853721,35.06359100341797,35.06359100341797,10500,0.0,0.0
2026-05-18 00:00:00-04:00,35.06359136345706,35.511085510253906,35.03375968482008,35.511085510253906,3900,0.0,0.0
2026-05-19 00:00:00-04:00,35.103366249274906,35.401694388669966,35.103366249274906,35.28236389160156,3900,0.0,0.0
2026-05-20 00:00:00-04:00,35.35197484552164,35.471305346577104,34.755318546796104,34.87464904785156,11800,0.0,0.0
2026-05-21 00:00:00-04:00,34.466932290296604,35.1232557222789,34.466932290296604,34.90447998046875,8700,0.0,0.0
2026-05-22 00:00:00-04:00,35.13320236063211,35.38180978024559,35.13320236063211,35.1530876159668,4700,0.0,0.0
2026-05-26 00:00:00-04:00,35.41164226563257,36.09779739379883,35.41164226563257,36.09779739379883,4600,0.0,0.0
2026-05-27 00:00:00-04:00,35.94863723122916,36.73423385620117,35.94863723122916,36.73423385620117,4100,0.0,0.0
2026-05-28 00:00:00-04:00,36.44584906281121,36.70439910888672,36.44584906281121,36.70439910888672,5300,0.0,0.0
2026-05-29 00:00:00-04:00,36.45579454205852,36.485626220703125,35.630419820820535,36.485626220703125,5500,0.0,0.0
2026-06-01 00:00:00-04:00,36.48562375690109,36.5751225802397,36.00829796357794,36.27679443359375,6100,0.0,0.0
2026-06-02 00:00:00-04:00,35.78952661424287,36.12763286437876,35.332086068683765,36.09779739379883,6900,0.0,0.0
2026-06-03 00:00:00-04:00,36.01824367760157,36.01824367760157,34.60615158081055,34.60615158081055,11000,0.0,0.0
2026-06-04 00:00:00-04:00,34.616098531795544,35.20281219482422,34.616098531795544,35.20281219482422,4100,0.0,0.0
2026-06-05 00:00:00-04:00,35.003924857424174,36.266850983245696,35.003924857424174,36.207183837890625,4900,0.0,0.0
2026-06-08 00:00:00-04:00,35.8094122338463,35.8094122338463,35.28236570077473,35.6204719543457,5600,0.0,0.0
2026-06-09 00:00:00-04:00,35.0437042278451,36.73423167974477,34.6558734591152,35.94863510131836,15800,0.0,0.0
2026-06-10 00:00:00-04:00,35.94863579389828,36.79389953613281,35.94863579389828,36.79389953613281,9400,0.0,0.0
2026-06-11 00:00:00-04:00,36.793897891960654,37.08228340748736,35.79946821920496,36.65467834472656,8900,0.0,0.0
2026-06-12 00:00:00-04:00,36.55523530199695,37.4900016784668,36.55523530199695,37.4900016784668,4400,0.0,0.0
2026-06-15 00:00:00-04:00,37.4900016784668,37.68000030517578,36.220001220703125,36.97999954223633,4600,0.21,0.0
2026-06-16 00:00:00-04:00,37.029998779296875,37.08000183105469,35.75,36.16999816894531,6500,0.0,0.0
2026-06-17 00:00:00-04:00,36.099998474121094,39.369998931884766,35.7400016784668,38.09000015258789,34600,0.0,0.0
2026-06-18 00:00:00-04:00,38.75,39.13999938964844,36.869998931884766,39.13999938964844,26300,0.0,0.0
2026-06-22 00:00:00-04:00,39.20000076293945,39.20000076293945,38.18000030517578,38.18000030517578,8600,0.0,0.0
2026-06-23 00:00:00-04:00,38.36000061035156,40.040000915527344,38.36000061035156,39.869998931884766,9900,0.0,0.0
2026-06-24 00:00:00-04:00,40.20000076293945,40.20000076293945,39.20000076293945,39.369998931884766,14700,0.0,0.0
2026-06-25 00:00:00-04:00,39.619998931884766,39.619998931884766,38.56999969482422,39.20000076293945,8600,0.0,0.0
2026-06-26 00:00:00-04:00,39.52000045776367,40.22999954223633,38.88999938964844,40.22999954223633,112000,0.0,0.0
2026-06-29 00:00:00-04:00,40.0,40.0,38.34000015258789,38.66999816894531,16000,0.0,0.0
2026-06-30 00:00:00-04:00,38.400001525878906,39.36000061035156,37.47999954223633,39.29999923706055,18600,0.0,0.0
2026-07-01 00:00:00-04:00,39.5,40.36000061035156,38.75,39.9900016784668,20900,0.0,0.0
2026-07-02 00:00:00-04:00,39.90999984741211,39.90999984741211,38.4900016784668,38.63999938964844,7900,0.0,0.0
2026-07-06 00:00:00-04:00,38.59000015258789,38.59000015258789,37.81999969482422,38.02000045776367,6300,0.0,0.0
2026-07-07 00:00:00-04:00,37.650001525878906,38.02000045776367,37.25,37.68000030517578,31200,0.0,0.0
2026-07-08 00:00:00-04:00,37.09000015258789,37.88999938964844,37.09000015258789,37.689998626708984,8600,0.0,0.0
2026-07-09 00:00:00-04:00,37.349998474121094,38.27000045776367,37.22999954223633,38.27000045776367,8100,0.0,0.0
2026-07-10 00:00:00-04:00,37.7400016784668,38.970001220703125,37.72999954223633,38.970001220703125,6500,0.0,0.0
2026-07-13 00:00:00-04:00,38.81999969482422,39.189998626708984,38.720001220703125,38.869998931884766,12200,0.0,0.0
2026-07-14 00:00:00-04:00,38.7599983215332,38.91999816894531,38.34000015258789,38.5,9200,0.0,0.0
2026-07-15 00:00:00-04:00,38.5,38.9900016784668,38.4900016784668,38.9900016784668,7900,0.0,0.0
2026-07-16 00:00:00-04:00,38.59000015258789,40.290000915527344,38.59000015258789,40.09000015258789,11600,0.0,0.0
2026-07-17 00:00:00-04:00,39.93000030517578,39.93000030517578,38.65999984741211,39.13999938964844,11600,0.0,0.0
2026-07-20 00:00:00-04:00,39.33000183105469,39.33000183105469,38.0,38.400001525878906,14300,0.0,0.0
2026-07-21 00:00:00-04:00,38.25,38.2599983215332,37.41999816894531,37.79999923706055,20300,0.0,0.0
2026-07-22 00:00:00-04:00,37.43000030517578,37.5,36.47999954223633,36.869998931884766,16200,0.0,0.0
2026-07-23 00:00:00-04:00,36.54999923706055,37.689998626708984,35.650001525878906,37.619998931884766,26000,0.0,0.0
2026-07-24 00:00:00-04:00,37.40999984741211,38.43000030517578,37.40999984741211,38.34000015258789,14000,0.0,0.0
2026-07-27 00:00:00-04:00,38.63999938964844,38.650001525878906,37.54999923706055,38.38999938964844,10100,0.0,0.0
2026-07-28 00:00:00-04:00,38.5,39.310001373291016,38.25,38.900001525878906,16900,0.0,0.0
2026-07-29 00:00:00-04:00,38.900001525878906,39.11000061035156,38.20000076293945,38.70000076293945,17800,0.0,0.0
2026-07-30 00:00:00-04:00,37.41999816894531,39.47999954223633,37.41999816894531,38.650001525878906,22100,0.0,0.0
2026-07-31 00:00:00-04:00,38.70000076293945,38.9900016784668,38.20000076293945,38.9900016784668,13500,0.0,0.0
2026-08-03 00:00:00-04:00,39.400001525878906,40.0099983215332,38.400001525878906,39.34000015258789,18600,0.0,0.0
2026-08-04 00:00:00-04:00,39.5,40.34000015258789,38.41999816894531,39.63999938964844,20800,0.0,0.0
2026-08-05 00:00:00-04:00,39.369998931884766,39.79999923706055,38.52000045776367,39.72999954223633,20600,0.0,0.0
2026-08-06 00:00:00-04:00,39.220001220703125,40.400001525878906,39.220001220703125,40.220001220703125,18794,0.0,0.0
