Date,Open,High,Low,Close,Volume,Dividends,Stock Splits
2022-01-03 00:00:00-05:00,45.189998626708984,45.4900016784668,44.790000915527344,45.13999938964844,721900,0.0,0.0
2022-01-04 00:00:00-05:00,44.959999084472656,45.659000396728516,44.56999969482422,44.84000015258789,1934000,0.0,0.0
2022-01-05 00:00:00-05:00,45.13999938964844,45.65999984741211,44.20000076293945,44.22999954223633,1650800,0.0,0.0
2022-01-06 00:00:00-05:00,44.5099983215332,44.59000015258789,43.4900016784668,44.290000915527344,1291400,0.0,0.0
2022-01-07 00:00:00-05:00,44.310001373291016,44.880001068115234,44.125,44.41999816894531,1211100,0.0,0.0
2022-01-10 00:00:00-05:00,43.91999816894531,44.59000015258789,43.165000915527344,44.5,1581100,0.0,0.0
2022-01-11 00:00:00-05:00,44.779998779296875,46.25,44.31999969482422,45.869998931884766,1200300,0.0,0.0
2022-01-12 00:00:00-05:00,45.5,46.09000015258789,45.2599983215332,45.34000015258789,696600,0.0,0.0
2022-01-13 00:00:00-05:00,45.560001373291016,46.07600021362305,45.25,45.7599983215332,1290100,0.0,0.0
2022-01-14 00:00:00-05:00,45.130001068115234,46.439998626708984,45.130001068115234,46.310001373291016,2131400,0.0,0.0
2022-01-18 00:00:00-05:00,46.0,46.209999084472656,44.880001068115234,44.9900016784668,1232800,0.0,0.0
2022-01-19 00:00:00-05:00,45.11000061035156,45.310001373291016,43.59000015258789,43.810001373291016,1260500,0.0,0.0
2022-01-20 00:00:00-05:00,44.11000061035156,44.939998626708984,43.029998779296875,43.13999938964844,918100,0.0,0.0
2022-01-21 00:00:00-05:00,43.02000045776367,43.56999969482422,42.0099983215332,42.880001068115234,1533900,0.0,0.0
2022-01-24 00:00:00-05:00,41.970001220703125,43.349998474121094,41.040000915527344,43.220001220703125,1912500,0.0,0.0
2022-01-25 00:00:00-05:00,42.63999938964844,42.81999969482422,41.2400016784668,42.27000045776367,1394800,0.0,0.0
2022-01-26 00:00:00-05:00,42.88999938964844,43.77000045776367,42.275001525878906,42.7599983215332,2401000,0.0,0.0
2022-01-27 00:00:00-05:00,42.970001220703125,43.13999938964844,41.040000915527344,41.400001525878906,2828400,0.0,0.0
2022-01-28 00:00:00-05:00,41.56999969482422,42.52000045776367,40.869998931884766,42.45000076293945,1312500,0.0,0.0
2022-01-31 00:00:00-05:00,42.939998626708984,43.470001220703125,42.755001068115234,43.2400016784668,1450600,0.0,0.0
2022-02-01 00:00:00-05:00,43.29999923706055,43.540000915527344,42.810001373291016,43.400001525878906,1589900,0.0,0.0
2022-02-02 00:00:00-05:00,43.43000030517578,44.150001525878906,43.22999954223633,43.81999969482422,1382100,0.0,0.0
2022-02-03 00:00:00-05:00,43.16999816894531,43.59000015258789,42.7400016784668,43.18000030517578,785000,0.0,0.0
2022-02-04 00:00:00-05:00,42.790000915527344,43.27000045776367,42.119998931884766,42.880001068115234,1176700,0.0,0.0
2022-02-07 00:00:00-05:00,42.95000076293945,43.380001068115234,42.439998626708984,42.459999084472656,1337600,0.0,0.0
2022-02-08 00:00:00-05:00,42.70000076293945,43.75,42.540000915527344,43.369998931884766,1490700,0.0,0.0
2022-02-09 00:00:00-05:00,43.869998931884766,44.6349983215332,43.650001525878906,44.040000915527344,1723300,0.0,0.0
2022-02-10 00:00:00-05:00,44.970001220703125,48.380001068115234,44.689998626708984,47.13999938964844,4425000,0.0,0.0
2022-02-11 00:00:00-05:00,47.220001220703125,48.0099983215332,46.279998779296875,46.7599983215332,2157400,0.0,0.0
2022-02-14 00:00:00-05:00,47.08000183105469,47.97999954223633,45.91999816894531,46.86000061035156,1694100,0.0,0.0
2022-02-15 00:00:00-05:00,47.61000061035156,48.310001373291016,47.470001220703125,48.22999954223633,1561200,0.0,0.0
2022-02-16 00:00:00-05:00,48.0,49.91999816894531,47.849998474121094,49.75,2457000,0.0,0.0
2022-02-17 00:00:00-05:00,49.380001068115234,49.79999923706055,48.59000015258789,49.0099983215332,1706900,0.0,0.0
2022-02-18 00:00:00-05:00,48.81999969482422,49.529998779296875,47.7400016784668,47.91999816894531,1375200,0.0,0.0
2022-02-22 00:00:00-05:00,47.70000076293945,48.4900016784668,47.02000045776367,47.15999984741211,1488600,0.0,0.0
2022-02-23 00:00:00-05:00,47.36000061035156,48.4900016784668,47.029998779296875,47.22999954223633,2183700,0.0,0.0
2022-02-24 00:00:00-05:00,45.2599983215332,47.900001525878906,44.30799865722656,47.36000061035156,2469500,0.0,0.0
2022-02-25 00:00:00-05:00,47.59000015258789,49.029998779296875,47.349998474121094,48.52000045776367,1687700,0.0,0.0
2022-02-28 00:00:00-05:00,47.709999084472656,48.560001373291016,47.54999923706055,48.0,2366100,0.0,0.0
2022-03-01 00:00:00-05:00,47.83000183105469,48.54999923706055,47.099998474121094,47.630001068115234,2306000,0.0,0.0
2022-03-02 00:00:00-05:00,47.81999969482422,48.22999954223633,47.0099983215332,47.68000030517578,1966900,0.0,0.0
2022-03-03 00:00:00-05:00,48.0,48.2599983215332,46.459999084472656,47.02000045776367,1863900,0.0,0.0
2022-03-04 00:00:00-05:00,46.79999923706055,46.79999923706055,45.59000015258789,46.41999816894531,1439600,0.0,0.0
2022-03-07 00:00:00-05:00,46.43000030517578,46.43000030517578,43.959999084472656,44.0099983215332,2256000,0.0,0.0
2022-03-08 00:00:00-05:00,44.20000076293945,46.18000030517578,44.0,45.25,3520400,0.0,0.0
2022-03-09 00:00:00-05:00,46.16999816894531,47.540000915527344,45.970001220703125,47.209999084472656,2963800,0.0,0.0
2022-03-10 00:00:00-05:00,46.599998474121094,47.310001373291016,46.02000045776367,47.0099983215332,1966500,0.0,0.0
2022-03-11 00:00:00-05:00,47.209999084472656,47.970001220703125,44.869998931884766,45.060001373291016,2712500,0.0,0.0
2022-03-14 00:00:00-04:00,45.220001220703125,45.707000732421875,43.91999816894531,44.2599983215332,2273900,0.0,0.0
2022-03-15 00:00:00-04:00,44.439998626708984,45.45000076293945,44.279998779296875,45.380001068115234,1297100,0.0,0.0
2022-03-16 00:00:00-04:00,45.75,47.900001525878906,45.650001525878906,47.869998931884766,2051700,0.0,0.0
2022-03-17 00:00:00-04:00,47.61000061035156,49.39500045776367,47.310001373291016,49.380001068115234,2090100,0.0,0.0
2022-03-18 00:00:00-04:00,48.79999923706055,50.189998626708984,48.41999816894531,49.95000076293945,2659100,0.0,0.0
2022-03-21 00:00:00-04:00,50.0,51.349998474121094,49.78499984741211,50.900001525878906,2842400,0.0,0.0
2022-03-22 00:00:00-04:00,51.2400016784668,51.29999923706055,50.20000076293945,50.66999816894531,1673600,0.0,0.0
2022-03-23 00:00:00-04:00,50.459999084472656,50.53499984741211,49.689998626708984,49.7400016784668,1500100,0.0,0.0
2022-03-24 00:00:00-04:00,50.130001068115234,50.650001525878906,49.275001525878906,50.04999923706055,1719500,0.0,0.0
2022-03-25 00:00:00-04:00,50.0099983215332,50.244998931884766,49.11000061035156,49.459999084472656,994400,0.0,0.0
2022-03-28 00:00:00-04:00,49.310001373291016,50.59000015258789,49.099998474121094,50.560001373291016,1957600,0.0,0.0
2022-03-29 00:00:00-04:00,50.900001525878906,52.029998779296875,48.255001068115234,49.099998474121094,3946000,0.0,0.0
2022-03-30 00:00:00-04:00,49.0099983215332,49.619998931884766,48.25,48.869998931884766,2389100,0.0,0.0
2022-03-31 00:00:00-04:00,48.720001220703125,50.189998626708984,48.650001525878906,48.709999084472656,3083000,0.0,0.0
2022-04-01 00:00:00-04:00,48.560001373291016,48.939998626708984,46.58000183105469,48.099998474121094,3493000,0.0,0.0
2022-04-04 00:00:00-04:00,47.97999954223633,48.09000015258789,46.95000076293945,47.619998931884766,2285700,0.0,0.0
2022-04-05 00:00:00-04:00,47.81999969482422,48.220001220703125,46.560001373291016,46.959999084472656,2103200,0.0,0.0
2022-04-06 00:00:00-04:00,46.40999984741211,46.70000076293945,45.88999938964844,46.209999084472656,1480000,0.0,0.0
2022-04-07 00:00:00-04:00,46.04999923706055,46.9900016784668,45.84000015258789,46.4900016784668,1537500,0.0,0.0
2022-04-08 00:00:00-04:00,46.25,46.77000045776367,46.0,46.130001068115234,1190700,0.0,0.0
2022-04-11 00:00:00-04:00,45.65999984741211,46.59000015258789,45.650001525878906,46.220001220703125,1630300,0.0,0.0
2022-04-12 00:00:00-04:00,46.29999923706055,46.709999084472656,45.27000045776367,45.40999984741211,1141900,0.0,0.0
2022-04-13 00:00:00-04:00,45.47999954223633,46.400001525878906,45.47999954223633,46.25,1079600,0.0,0.0
2022-04-14 00:00:00-04:00,46.040000915527344,46.59000015258789,45.83000183105469,45.84000015258789,797000,0.0,0.0
2022-04-18 00:00:00-04:00,45.72999954223633,45.900001525878906,45.13999938964844,45.720001220703125,819900,0.0,0.0
2022-04-19 00:00:00-04:00,45.400001525878906,45.400001525878906,43.66999816894531,44.560001373291016,2918800,0.0,0.0
2022-04-20 00:00:00-04:00,44.939998626708984,45.9900016784668,44.47999954223633,45.34000015258789,1714700,0.0,0.0
2022-04-21 00:00:00-04:00,45.650001525878906,45.755001068115234,44.08000183105469,44.08000183105469,1300600,0.0,0.0
2022-04-22 00:00:00-04:00,43.79999923706055,43.79999923706055,42.65999984741211,43.15999984741211,1908000,0.0,0.0
2022-04-25 00:00:00-04:00,42.58000183105469,42.970001220703125,42.0,42.83000183105469,1402600,0.0,0.0
2022-04-26 00:00:00-04:00,42.5,42.91999816894531,41.939998626708984,42.52000045776367,1509700,0.0,0.0
2022-04-27 00:00:00-04:00,42.540000915527344,43.0,41.880001068115234,41.9900016784668,1418800,0.0,0.0
2022-04-28 00:00:00-04:00,42.099998474121094,42.099998474121094,39.630001068115234,40.650001525878906,3337000,0.0,0.0
2022-04-29 00:00:00-04:00,40.56999969482422,41.0099983215332,39.310001373291016,39.619998931884766,1899600,0.0,0.0
2022-05-02 00:00:00-04:00,39.540000915527344,40.20000076293945,38.650001525878906,39.52000045776367,2007600,0.0,0.0
2022-05-03 00:00:00-04:00,39.61000061035156,41.06999969482422,39.40999984741211,40.66999816894531,2239200,0.0,0.0
2022-05-04 00:00:00-04:00,40.66999816894531,41.970001220703125,39.77000045776367,41.59000015258789,2618200,0.0,0.0
2022-05-05 00:00:00-04:00,44.810001373291016,45.5,42.66999816894531,43.72999954223633,4839100,0.0,0.0
2022-05-06 00:00:00-04:00,43.56999969482422,45.63999938964844,43.150001525878906,44.86000061035156,3016900,0.0,0.0
2022-05-09 00:00:00-04:00,44.13999938964844,44.5099983215332,42.63999938964844,42.869998931884766,2041400,0.0,0.0
2022-05-10 00:00:00-04:00,42.91999816894531,43.689998626708984,41.400001525878906,42.310001373291016,1887200,0.0,0.0
2022-05-11 00:00:00-04:00,42.060001373291016,43.25,41.119998931884766,41.290000915527344,1673200,0.0,0.0
2022-05-12 00:00:00-04:00,40.709999084472656,41.775001525878906,40.47999954223633,41.58000183105469,1133600,0.0,0.0
2022-05-13 00:00:00-04:00,42.150001525878906,42.904998779296875,41.470001220703125,41.75,1702800,0.0,0.0
2022-05-16 00:00:00-04:00,41.529998779296875,42.095001220703125,41.02000045776367,41.779998779296875,837000,0.0,0.0
2022-05-17 00:00:00-04:00,42.630001068115234,42.93000030517578,41.88999938964844,42.91999816894531,1709500,0.0,0.0
2022-05-18 00:00:00-04:00,42.90999984741211,43.279998779296875,40.90999984741211,41.33000183105469,1688500,0.0,0.0
2022-05-19 00:00:00-04:00,40.83000183105469,42.599998474121094,40.83000183105469,42.09000015258789,1260900,0.0,0.0
2022-05-20 00:00:00-04:00,42.529998779296875,42.90999984741211,41.04999923706055,42.029998779296875,1281000,0.0,0.0
2022-05-23 00:00:00-04:00,42.380001068115234,42.880001068115234,41.86000061035156,42.380001068115234,1549500,0.0,0.0
2022-05-24 00:00:00-04:00,42.189998626708984,42.540000915527344,41.4900016784668,41.75,1521200,0.0,0.0
2022-05-25 00:00:00-04:00,41.4900016784668,42.560001373291016,41.4900016784668,41.95000076293945,1844900,0.0,0.0
2022-05-26 00:00:00-04:00,42.060001373291016,43.0099983215332,41.779998779296875,42.0,1171600,0.0,0.0
2022-05-27 00:00:00-04:00,42.2599983215332,43.0,42.15999984741211,42.9900016784668,863600,0.0,0.0
2022-05-31 00:00:00-04:00,42.5099983215332,43.5,42.3650016784668,43.040000915527344,1373200,0.0,0.0
2022-06-01 00:00:00-04:00,43.36000061035156,43.630001068115234,40.619998931884766,42.0099983215332,3068500,0.0,0.0
2022-06-02 00:00:00-04:00,42.16999816894531,43.93000030517578,42.064998626708984,43.90999984741211,1593600,0.0,0.0
2022-06-03 00:00:00-04:00,43.619998931884766,43.619998931884766,42.779998779296875,43.18000030517578,2232500,0.0,0.0
2022-06-06 00:00:00-04:00,43.880001068115234,43.939998626708984,42.900001525878906,43.22999954223633,1166600,0.0,0.0
2022-06-07 00:00:00-04:00,43.0,43.86000061035156,43.0,43.75,1847000,0.0,0.0
2022-06-08 00:00:00-04:00,43.36000061035156,43.7599983215332,42.13999938964844,42.209999084472656,755200,0.0,0.0
2022-06-09 00:00:00-04:00,41.959999084472656,42.41999816894531,41.2400016784668,41.25,1234000,0.0,0.0
2022-06-10 00:00:00-04:00,40.4900016784668,41.029998779296875,39.79999923706055,40.20000076293945,1124800,0.0,0.0
2022-06-13 00:00:00-04:00,39.400001525878906,39.779998779296875,38.16999816894531,38.470001220703125,1344900,0.0,0.0
2022-06-14 00:00:00-04:00,37.43000030517578,37.880001068115234,36.20500183105469,37.09000015258789,3292100,0.0,0.0
2022-06-15 00:00:00-04:00,37.7400016784668,37.744998931884766,35.9900016784668,36.59000015258789,1399000,0.0,0.0
2022-06-16 00:00:00-04:00,35.900001525878906,35.93000030517578,35.2400016784668,35.720001220703125,1624500,0.0,0.0
2022-06-17 00:00:00-04:00,35.9900016784668,36.4900016784668,35.529998779296875,35.59000015258789,2504900,0.0,0.0
2022-06-21 00:00:00-04:00,35.959999084472656,36.30500030517578,35.5099983215332,36.029998779296875,1407700,0.0,0.0
2022-06-22 00:00:00-04:00,35.72999954223633,36.654998779296875,35.56999969482422,36.29999923706055,1875600,0.0,0.0
2022-06-23 00:00:00-04:00,36.47999954223633,37.38999938964844,36.400001525878906,37.290000915527344,1708900,0.0,0.0
2022-06-24 00:00:00-04:00,37.310001373291016,38.5,37.2599983215332,38.38999938964844,1854400,0.0,0.0
2022-06-27 00:00:00-04:00,38.369998931884766,39.380001068115234,38.22999954223633,38.9900016784668,1105500,0.0,0.0
2022-06-28 00:00:00-04:00,38.959999084472656,39.78499984741211,38.4900016784668,38.560001373291016,1950000,0.0,0.0
2022-06-29 00:00:00-04:00,38.7400016784668,39.38999938964844,38.59000015258789,38.91999816894531,1765400,0.0,0.0
2022-06-30 00:00:00-04:00,38.38999938964844,38.810001373291016,37.80099868774414,38.540000915527344,1812900,0.0,0.0
2022-07-01 00:00:00-04:00,38.38999938964844,39.29999923706055,38.09000015258789,39.13999938964844,1069600,0.0,0.0
2022-07-05 00:00:00-04:00,38.540000915527344,39.130001068115234,38.01499938964844,39.09000015258789,1662800,0.0,0.0
2022-07-06 00:00:00-04:00,39.209999084472656,39.29999923706055,37.939998626708984,38.25,1451000,0.0,0.0
2022-07-07 00:00:00-04:00,38.40999984741211,38.939998626708984,38.22999954223633,38.75,1224500,0.0,0.0
2022-07-08 00:00:00-04:00,38.7400016784668,39.45000076293945,38.369998931884766,39.06999969482422,1695600,0.0,0.0
2022-07-11 00:00:00-04:00,39.060001373291016,39.439998626708984,38.35499954223633,38.459999084472656,1145600,0.0,0.0
2022-07-12 00:00:00-04:00,37.970001220703125,38.59000015258789,37.63999938964844,37.900001525878906,995500,0.0,0.0
2022-07-13 00:00:00-04:00,37.4900016784668,37.595001220703125,36.900001525878906,37.220001220703125,1253100,0.0,0.0
2022-07-14 00:00:00-04:00,36.79999923706055,37.34000015258789,36.525001525878906,37.25,5236500,0.0,0.0
2022-07-15 00:00:00-04:00,37.83000183105469,38.85499954223633,37.689998626708984,38.790000915527344,1492300,0.0,0.0
2022-07-18 00:00:00-04:00,39.0099983215332,39.33000183105469,38.86000061035156,39.029998779296875,1552800,0.0,0.0
2022-07-19 00:00:00-04:00,39.5099983215332,40.15999984741211,39.369998931884766,40.0099983215332,1233900,0.0,0.0
2022-07-20 00:00:00-04:00,39.72999954223633,40.58000183105469,39.689998626708984,40.380001068115234,1367700,0.0,0.0
2022-07-21 00:00:00-04:00,40.2599983215332,41.290000915527344,40.06999969482422,41.20000076293945,1076000,0.0,0.0
2022-07-22 00:00:00-04:00,41.470001220703125,41.470001220703125,39.11000061035156,39.279998779296875,2038700,0.0,0.0
2022-07-25 00:00:00-04:00,39.220001220703125,39.66999816894531,38.845001220703125,39.119998931884766,1215500,0.0,0.0
2022-07-26 00:00:00-04:00,38.849998474121094,39.2400016784668,38.78499984741211,38.939998626708984,1067000,0.0,0.0
2022-07-27 00:00:00-04:00,39.20000076293945,39.869998931884766,38.685001373291016,39.70000076293945,2168600,0.0,0.0
2022-07-28 00:00:00-04:00,39.86000061035156,40.7599983215332,39.15999984741211,40.599998474121094,2283400,0.0,0.0
2022-07-29 00:00:00-04:00,40.58000183105469,40.849998474121094,40.2400016784668,40.650001525878906,1557600,0.0,0.0
2022-08-01 00:00:00-04:00,40.40999984741211,41.5099983215332,40.21500015258789,41.06999969482422,1480400,0.0,0.0
2022-08-02 00:00:00-04:00,40.75,41.040000915527344,39.7400016784668,40.34000015258789,1857200,0.0,0.0
2022-08-03 00:00:00-04:00,40.689998626708984,40.79999923706055,39.369998931884766,39.58000183105469,4206300,0.0,0.0
2022-08-04 00:00:00-04:00,40.43000030517578,41.689998626708984,39.349998474121094,40.849998474121094,4821100,0.0,0.0
2022-08-05 00:00:00-04:00,40.04999923706055,41.5099983215332,39.849998474121094,41.06999969482422,2063600,0.0,0.0
2022-08-08 00:00:00-04:00,41.099998474121094,41.31999969482422,40.72999954223633,40.90999984741211,1108800,0.0,0.0
2022-08-09 00:00:00-04:00,40.88999938964844,40.9900016784668,39.92499923706055,40.060001373291016,1170000,0.0,0.0
2022-08-10 00:00:00-04:00,40.54999923706055,41.459999084472656,40.54999923706055,40.810001373291016,1711100,0.0,0.0
2022-08-11 00:00:00-04:00,41.11000061035156,41.47999954223633,40.52000045776367,40.56999969482422,931400,0.0,0.0
2022-08-12 00:00:00-04:00,40.790000915527344,41.52000045776367,40.439998626708984,41.5099983215332,946300,0.0,0.0
2022-08-15 00:00:00-04:00,41.119998931884766,41.779998779296875,41.040000915527344,41.40999984741211,742500,0.0,0.0
2022-08-16 00:00:00-04:00,41.130001068115234,41.310001373291016,40.279998779296875,41.02000045776367,1342400,0.0,0.0
2022-08-17 00:00:00-04:00,40.68000030517578,40.875,39.54999923706055,39.54999923706055,1182000,0.0,0.0
2022-08-18 00:00:00-04:00,39.4900016784668,39.70000076293945,39.06999969482422,39.560001373291016,1040700,0.0,0.0
2022-08-19 00:00:00-04:00,39.310001373291016,39.345001220703125,38.38999938964844,38.540000915527344,1308800,0.0,0.0
2022-08-22 00:00:00-04:00,37.9900016784668,38.130001068115234,36.86000061035156,36.91999816894531,1417600,0.0,0.0
2022-08-23 00:00:00-04:00,36.7599983215332,37.02000045776367,36.279998779296875,36.7400016784668,1221400,0.0,0.0
2022-08-24 00:00:00-04:00,36.72999954223633,37.06999969482422,36.220001220703125,36.9900016784668,2316700,0.0,0.0
2022-08-25 00:00:00-04:00,37.040000915527344,38.290000915527344,37.040000915527344,38.25,1193000,0.0,0.0
2022-08-26 00:00:00-04:00,38.27000045776367,38.27000045776367,36.560001373291016,36.599998474121094,1319300,0.0,0.0
2022-08-29 00:00:00-04:00,36.91999816894531,38.45000076293945,36.880001068115234,37.20000076293945,2610700,0.0,0.0
2022-08-30 00:00:00-04:00,37.349998474121094,37.900001525878906,36.869998931884766,37.150001525878906,2704900,0.0,0.0
2022-08-31 00:00:00-04:00,37.29999923706055,37.7400016784668,36.75,37.09000015258789,1568700,0.0,0.0
2022-09-01 00:00:00-04:00,36.9900016784668,37.099998474121094,36.060001373291016,36.380001068115234,1532600,0.0,0.0
2022-09-02 00:00:00-04:00,36.630001068115234,36.6349983215332,35.5099983215332,35.77000045776367,2171100,0.0,0.0
2022-09-06 00:00:00-04:00,35.880001068115234,35.915000915527344,34.75,35.43000030517578,2596200,0.0,0.0
2022-09-07 00:00:00-04:00,35.2400016784668,36.65999984741211,35.2400016784668,36.599998474121094,1911500,0.0,0.0
2022-09-08 00:00:00-04:00,36.41999816894531,37.20500183105469,36.16999816894531,36.970001220703125,1597100,0.0,0.0
2022-09-09 00:00:00-04:00,37.15999984741211,37.970001220703125,37.15999984741211,37.88999938964844,1493500,0.0,0.0
2022-09-12 00:00:00-04:00,38.25,38.54999923706055,37.790000915527344,38.18000030517578,1793200,0.0,0.0
2022-09-13 00:00:00-04:00,37.220001220703125,37.63999938964844,36.470001220703125,36.540000915527344,1027900,0.0,0.0
2022-09-14 00:00:00-04:00,36.630001068115234,36.779998779296875,35.900001525878906,36.150001525878906,1067900,0.0,0.0
2022-09-15 00:00:00-04:00,35.95000076293945,36.81999969482422,35.59000015258789,35.72999954223633,1684200,0.0,0.0
2022-09-16 00:00:00-04:00,35.43000030517578,35.505001068115234,34.099998474121094,34.29999923706055,2888100,0.0,0.0
2022-09-19 00:00:00-04:00,33.939998626708984,34.88999938964844,33.84000015258789,34.83000183105469,1689800,0.0,0.0
2022-09-20 00:00:00-04:00,34.59000015258789,34.59000015258789,33.2599983215332,33.79999923706055,1448900,0.0,0.0
2022-09-21 00:00:00-04:00,33.90999984741211,34.65999984741211,33.5,33.5099983215332,1182200,0.0,0.0
2022-09-22 00:00:00-04:00,33.310001373291016,34.1150016784668,32.86000061035156,33.77000045776367,2359300,0.0,0.0
2022-09-23 00:00:00-04:00,33.61000061035156,34.77000045776367,33.09000015258789,34.66999816894531,4400600,0.0,0.0
2022-09-26 00:00:00-04:00,34.61000061035156,34.970001220703125,33.72999954223633,34.060001373291016,1583300,0.0,0.0
2022-09-27 00:00:00-04:00,34.470001220703125,34.7400016784668,33.689998626708984,34.20000076293945,1344600,0.0,0.0
2022-09-28 00:00:00-04:00,34.43000030517578,34.4900016784668,33.7400016784668,33.779998779296875,4200000,0.0,0.0
2022-09-29 00:00:00-04:00,33.439998626708984,33.7400016784668,32.619998931884766,33.189998626708984,2538300,0.0,0.0
2022-09-30 00:00:00-04:00,33.189998626708984,33.90999984741211,32.71500015258789,32.810001373291016,2378000,0.0,0.0
2022-10-03 00:00:00-04:00,33.20000076293945,33.650001525878906,32.599998474121094,33.43000030517578,2237200,0.0,0.0
2022-10-04 00:00:00-04:00,33.72999954223633,34.58000183105469,33.5,34.27000045776367,1904100,0.0,0.0
2022-10-05 00:00:00-04:00,33.86000061035156,34.59000015258789,33.77000045776367,34.369998931884766,1340700,0.0,0.0
2022-10-06 00:00:00-04:00,34.150001525878906,34.880001068115234,33.849998474121094,34.119998931884766,1451000,0.0,0.0
2022-10-07 00:00:00-04:00,33.900001525878906,34.130001068115234,33.09000015258789,33.209999084472656,1424200,0.0,0.0
2022-10-10 00:00:00-04:00,33.34000015258789,33.38999938964844,32.540000915527344,32.83000183105469,655100,0.0,0.0
2022-10-11 00:00:00-04:00,32.709999084472656,33.540000915527344,32.29999923706055,32.959999084472656,1425400,0.0,0.0
2022-10-12 00:00:00-04:00,32.939998626708984,33.0099983215332,32.16999816894531,32.40999984741211,1090500,0.0,0.0
2022-10-13 00:00:00-04:00,31.760000228881836,33.81999969482422,31.670000076293945,33.66999816894531,2257900,0.0,0.0
2022-10-14 00:00:00-04:00,33.83000183105469,34.150001525878906,32.650001525878906,32.83000183105469,1031100,0.0,0.0
2022-10-17 00:00:00-04:00,33.209999084472656,33.97999954223633,32.970001220703125,33.41999816894531,1398100,0.0,0.0
2022-10-18 00:00:00-04:00,34.16999816894531,34.349998474121094,33.474998474121094,33.779998779296875,1243900,0.0,0.0
2022-10-19 00:00:00-04:00,33.58000183105469,33.84000015258789,33.0369987487793,33.20000076293945,1476000,0.0,0.0
2022-10-20 00:00:00-04:00,33.209999084472656,33.959999084472656,32.90999984741211,33.47999954223633,1457000,0.0,0.0
2022-10-21 00:00:00-04:00,33.52000045776367,34.209999084472656,32.63999938964844,33.7400016784668,3502000,0.0,0.0
2022-10-24 00:00:00-04:00,34.150001525878906,34.29999923706055,33.720001220703125,33.75,1465600,0.0,0.0
2022-10-25 00:00:00-04:00,33.7599983215332,34.31999969482422,33.345001220703125,33.66999816894531,2662800,0.0,0.0
2022-10-26 00:00:00-04:00,33.939998626708984,35.025001525878906,33.84000015258789,34.20000076293945,1247400,0.0,0.0
2022-10-27 00:00:00-04:00,33.68000030517578,34.33000183105469,33.095001220703125,33.380001068115234,2028100,0.0,0.0
2022-10-28 00:00:00-04:00,33.540000915527344,33.86000061035156,33.16999816894531,33.2400016784668,1101800,0.0,0.0
2022-10-31 00:00:00-04:00,32.88999938964844,33.380001068115234,32.650001525878906,33.0099983215332,1560200,0.0,0.0
2022-11-01 00:00:00-04:00,33.279998779296875,34.400001525878906,33.040000915527344,34.16999816894531,1580300,0.0,0.0
2022-11-02 00:00:00-04:00,34.09000015258789,34.720001220703125,33.349998474121094,33.470001220703125,2470100,0.0,0.0
2022-11-03 00:00:00-04:00,33.220001220703125,33.810001373291016,32.03499984741211,33.380001068115234,2356000,0.0,0.0
2022-11-04 00:00:00-04:00,34.0,35.08000183105469,33.61000061035156,34.400001525878906,3522100,0.0,0.0
2022-11-07 00:00:00-05:00,34.439998626708984,35.720001220703125,34.439998626708984,35.2599983215332,2423800,0.0,0.0
2022-11-08 00:00:00-05:00,35.349998474121094,35.349998474121094,34.16999816894531,34.619998931884766,1971900,0.0,0.0
2022-11-09 00:00:00-05:00,34.400001525878906,35.275001525878906,34.150001525878906,34.68000030517578,1533900,0.0,0.0
2022-11-10 00:00:00-05:00,35.5,36.33000183105469,35.33000183105469,36.040000915527344,1910400,0.0,0.0
2022-11-11 00:00:00-05:00,36.25,38.03499984741211,36.04999923706055,37.9900016784668,1455300,0.0,0.0
2022-11-14 00:00:00-05:00,37.81999969482422,38.52000045776367,37.345001220703125,37.40999984741211,1322700,0.0,0.0
2022-11-15 00:00:00-05:00,37.70000076293945,38.79999923706055,37.60300064086914,37.7599983215332,1121200,0.0,0.0
2022-11-16 00:00:00-05:00,37.689998626708984,38.15999984741211,37.08000183105469,37.130001068115234,849700,0.0,0.0
2022-11-17 00:00:00-05:00,36.54999923706055,36.81999969482422,35.119998931884766,36.27000045776367,1785700,0.0,0.0
2022-11-18 00:00:00-05:00,36.650001525878906,37.099998474121094,36.435001373291016,36.810001373291016,1154100,0.0,0.0
2022-11-21 00:00:00-05:00,36.79999923706055,36.98500061035156,36.13999938964844,36.18000030517578,691300,0.0,0.0
2022-11-22 00:00:00-05:00,36.16999816894531,36.709999084472656,35.91999816894531,36.63999938964844,712700,0.0,0.0
2022-11-23 00:00:00-05:00,36.84000015258789,37.20000076293945,36.56999969482422,36.9900016784668,502700,0.0,0.0
2022-11-25 00:00:00-05:00,36.95000076293945,37.27000045776367,36.599998474121094,37.09000015258789,207800,0.0,0.0
2022-11-28 00:00:00-05:00,36.849998474121094,36.91999816894531,36.119998931884766,36.209999084472656,1702400,0.0,0.0
2022-11-29 00:00:00-05:00,36.279998779296875,36.4900016784668,35.52000045776367,35.86000061035156,1752800,0.0,0.0
2022-11-30 00:00:00-05:00,35.83000183105469,36.0099983215332,32.400001525878906,34.119998931884766,6031200,0.0,0.0
2022-12-01 00:00:00-05:00,34.369998931884766,35.30099868774414,34.27000045776367,35.20000076293945,2365500,0.0,0.0
2022-12-02 00:00:00-05:00,35.04999923706055,35.23500061035156,34.2599983215332,34.81999969482422,1150100,0.0,0.0
2022-12-05 00:00:00-05:00,34.369998931884766,34.369998931884766,32.9900016784668,33.5099983215332,2327300,0.0,0.0
2022-12-06 00:00:00-05:00,33.220001220703125,33.540000915527344,32.59000015258789,32.86000061035156,1651100,0.0,0.0
2022-12-07 00:00:00-05:00,32.88999938964844,33.189998626708984,32.560001373291016,32.68000030517578,1833800,0.0,0.0
2022-12-08 00:00:00-05:00,32.709999084472656,33.099998474121094,32.459999084472656,32.869998931884766,1368600,0.0,0.0
2022-12-09 00:00:00-05:00,32.709999084472656,33.060001373291016,32.56999969482422,32.84000015258789,958300,0.0,0.0
2022-12-12 00:00:00-05:00,32.95000076293945,33.06399917602539,32.55500030517578,32.68000030517578,2284800,0.0,0.0
2022-12-13 00:00:00-05:00,33.75,34.2599983215332,33.310001373291016,33.849998474121094,2187900,0.0,0.0
2022-12-14 00:00:00-05:00,33.540000915527344,34.970001220703125,33.09000015258789,34.11000061035156,4282800,0.0,0.0
2022-12-15 00:00:00-05:00,33.709999084472656,33.88999938964844,33.375,33.540000915527344,2029500,0.0,0.0
2022-12-16 00:00:00-05:00,33.38999938964844,33.39500045776367,32.439998626708984,32.95000076293945,3103600,0.0,0.0
2022-12-19 00:00:00-05:00,32.959999084472656,33.040000915527344,32.290000915527344,32.63999938964844,1321000,0.0,0.0
2022-12-20 00:00:00-05:00,32.5099983215332,33.0099983215332,32.36000061035156,32.529998779296875,1756500,0.0,0.0
2022-12-21 00:00:00-05:00,32.720001220703125,33.25,32.599998474121094,32.95000076293945,1549600,0.0,0.0
2022-12-22 00:00:00-05:00,32.779998779296875,32.95000076293945,32.005001068115234,32.90999984741211,1214100,0.0,0.0
2022-12-23 00:00:00-05:00,32.93000030517578,33.09000015258789,32.65999984741211,33.04999923706055,790500,0.0,0.0
2022-12-27 00:00:00-05:00,33.09000015258789,33.255001068115234,32.630001068115234,32.959999084472656,732500,0.0,0.0
2022-12-28 00:00:00-05:00,32.97999954223633,33.13800048828125,32.52000045776367,32.63999938964844,869800,0.0,0.0
2022-12-29 00:00:00-05:00,32.970001220703125,34.0,32.8650016784668,33.7599983215332,950600,0.0,0.0
2022-12-30 00:00:00-05:00,33.59000015258789,33.720001220703125,33.220001220703125,33.66999816894531,801200,0.0,0.0
2023-01-03 00:00:00-05:00,34.04999923706055,34.529998779296875,33.279998779296875,33.959999084472656,1453300,0.0,0.0
2023-01-04 00:00:00-05:00,34.36000061035156,34.36000061035156,33.119998931884766,33.40999984741211,2772100,0.0,0.0
2023-01-05 00:00:00-05:00,33.15999984741211,33.38999938964844,32.40800094604492,32.93000030517578,1559000,0.0,0.0
2023-01-06 00:00:00-05:00,33.25,33.38999938964844,32.52000045776367,32.83000183105469,1159900,0.0,0.0
2023-01-09 00:00:00-05:00,33.0099983215332,33.42499923706055,32.34000015258789,32.95000076293945,1743600,0.0,0.0
2023-01-10 00:00:00-05:00,33.0099983215332,33.97999954223633,32.81999969482422,33.849998474121094,1713500,0.0,0.0
2023-01-11 00:00:00-05:00,33.959999084472656,35.599998474121094,33.959999084472656,35.36000061035156,2552400,0.0,0.0
2023-01-12 00:00:00-05:00,35.5,35.5,34.560001373291016,34.97999954223633,2533200,0.0,0.0
2023-01-13 00:00:00-05:00,34.900001525878906,35.64500045776367,34.724998474121094,35.630001068115234,1360200,0.0,0.0
2023-01-17 00:00:00-05:00,35.58000183105469,35.849998474121094,35.380001068115234,35.70000076293945,1007900,0.0,0.0
2023-01-18 00:00:00-05:00,35.90999984741211,36.34000015258789,35.310001373291016,35.40999984741211,1417300,0.0,0.0
2023-01-19 00:00:00-05:00,35.040000915527344,36.2400016784668,34.90999984741211,36.150001525878906,1342900,0.0,0.0
2023-01-20 00:00:00-05:00,36.349998474121094,36.83000183105469,36.33000183105469,36.81999969482422,1304100,0.0,0.0
2023-01-23 00:00:00-05:00,36.970001220703125,37.79999923706055,36.970001220703125,37.279998779296875,2007300,0.0,0.0
2023-01-24 00:00:00-05:00,36.84000015258789,37.349998474121094,36.72999954223633,36.939998626708984,1723700,0.0,0.0
2023-01-25 00:00:00-05:00,36.650001525878906,37.709999084472656,36.650001525878906,37.65999984741211,1407600,0.0,0.0
2023-01-26 00:00:00-05:00,37.66999816894531,38.66999816894531,37.66999816894531,37.84000015258789,2936300,0.0,0.0
2023-01-27 00:00:00-05:00,37.72999954223633,38.55500030517578,37.41999816894531,38.34000015258789,1021100,0.0,0.0
2023-01-30 00:00:00-05:00,38.150001525878906,38.470001220703125,37.814998626708984,37.95000076293945,1164400,0.0,0.0
2023-01-31 00:00:00-05:00,38.150001525878906,39.02000045776367,37.970001220703125,38.9900016784668,1476300,0.0,0.0
2023-02-01 00:00:00-05:00,38.97999954223633,39.7400016784668,38.47999954223633,39.720001220703125,1532400,0.0,0.0
2023-02-02 00:00:00-05:00,40.40999984741211,43.290000915527344,40.14500045776367,42.5,4379800,0.0,0.0
2023-02-03 00:00:00-05:00,42.11000061035156,42.619998931884766,41.06999969482422,41.209999084472656,2272200,0.0,0.0
2023-02-06 00:00:00-05:00,41.2599983215332,42.04499816894531,40.33000183105469,40.81999969482422,2085600,0.0,0.0
2023-02-07 00:00:00-05:00,40.529998779296875,41.67499923706055,40.459999084472656,41.5,1931100,0.0,0.0
2023-02-08 00:00:00-05:00,41.040000915527344,41.630001068115234,40.5,40.68000030517578,3064800,0.0,0.0
2023-02-09 00:00:00-05:00,41.43000030517578,41.810001373291016,39.5,40.25,5074900,0.0,0.0
2023-02-10 00:00:00-05:00,40.02000045776367,41.33000183105469,39.62300109863281,39.93000030517578,2941100,0.0,0.0
2023-02-13 00:00:00-05:00,39.810001373291016,40.709999084472656,39.54999923706055,40.060001373291016,1571800,0.0,0.0
2023-02-14 00:00:00-05:00,39.97999954223633,40.85100173950195,39.67499923706055,40.290000915527344,3849700,0.0,0.0
2023-02-15 00:00:00-05:00,39.650001525878906,40.290000915527344,39.61000061035156,40.290000915527344,1394500,0.0,0.0
2023-02-16 00:00:00-05:00,39.54999923706055,39.814998626708984,38.970001220703125,39.0,1936200,0.0,0.0
2023-02-17 00:00:00-05:00,38.56999969482422,38.959999084472656,38.189998626708984,38.47999954223633,2113800,0.0,0.0
2023-02-21 00:00:00-05:00,38.209999084472656,38.83000183105469,37.83000183105469,37.97999954223633,1711300,0.0,0.0
2023-02-22 00:00:00-05:00,37.90999984741211,38.60499954223633,37.70000076293945,38.06999969482422,1524500,0.0,0.0
2023-02-23 00:00:00-05:00,38.31999969482422,38.97999954223633,37.974998474121094,38.66999816894531,2329300,0.0,0.0
2023-02-24 00:00:00-05:00,37.97999954223633,38.439998626708984,37.4900016784668,38.25,1489900,0.0,0.0
2023-02-27 00:00:00-05:00,38.619998931884766,38.619998931884766,37.78499984741211,38.0,1383600,0.0,0.0
2023-02-28 00:00:00-05:00,38.099998474121094,39.04999923706055,37.525001525878906,38.65999984741211,2847600,0.0,0.0
2023-03-01 00:00:00-05:00,38.65999984741211,38.9900016784668,38.03499984741211,38.61000061035156,2004400,0.0,0.0
2023-03-02 00:00:00-05:00,38.06999969482422,39.060001373291016,38.029998779296875,39.02000045776367,1257000,0.0,0.0
2023-03-03 00:00:00-05:00,39.29999923706055,39.79499816894531,39.099998474121094,39.689998626708984,1331200,0.0,0.0
2023-03-06 00:00:00-05:00,39.63999938964844,39.90999984741211,38.91999816894531,38.95000076293945,2330700,0.0,0.0
2023-03-07 00:00:00-05:00,38.959999084472656,39.22999954223633,38.66999816894531,38.810001373291016,965600,0.0,0.0
2023-03-08 00:00:00-05:00,38.810001373291016,38.88999938964844,38.279998779296875,38.72999954223633,1174000,0.0,0.0
2023-03-09 00:00:00-05:00,38.84000015258789,39.06999969482422,37.85499954223633,37.93000030517578,846100,0.0,0.0
2023-03-10 00:00:00-05:00,37.88999938964844,37.94499969482422,36.9900016784668,37.439998626708984,1710900,0.0,0.0
2023-03-13 00:00:00-04:00,37.25,37.93000030517578,36.9900016784668,37.61000061035156,1096800,0.0,0.0
2023-03-14 00:00:00-04:00,38.33000183105469,39.040000915527344,38.040000915527344,38.66999816894531,2236400,0.0,0.0
2023-03-15 00:00:00-04:00,37.880001068115234,38.33000183105469,37.52000045776367,37.790000915527344,2204900,0.0,0.0
2023-03-16 00:00:00-04:00,37.459999084472656,38.47999954223633,36.93000030517578,38.380001068115234,1328000,0.0,0.0
2023-03-17 00:00:00-04:00,38.06999969482422,38.5099983215332,37.47999954223633,37.599998474121094,3293800,0.0,0.0
2023-03-20 00:00:00-04:00,37.619998931884766,38.525001525878906,37.619998931884766,38.310001373291016,4231800,0.0,0.0
2023-03-21 00:00:00-04:00,38.61000061035156,39.54999923706055,38.435001373291016,39.119998931884766,3875900,0.0,0.0
2023-03-22 00:00:00-04:00,39.04999923706055,39.40999984741211,38.09000015258789,38.09000015258789,1263800,0.0,0.0
2023-03-23 00:00:00-04:00,38.27000045776367,38.845001220703125,37.67499923706055,37.77000045776367,1364700,0.0,0.0
2023-03-24 00:00:00-04:00,37.61000061035156,38.3849983215332,37.5099983215332,38.2400016784668,1044800,0.0,0.0
2023-03-27 00:00:00-04:00,38.56999969482422,38.779998779296875,38.209999084472656,38.33000183105469,1307600,0.0,0.0
2023-03-28 00:00:00-04:00,38.27000045776367,39.06999969482422,38.24399948120117,38.72999954223633,1599300,0.0,0.0
2023-03-29 00:00:00-04:00,39.02000045776367,39.39500045776367,38.70000076293945,39.2599983215332,1085600,0.0,0.0
2023-03-30 00:00:00-04:00,39.7599983215332,40.22999954223633,39.59000015258789,39.86000061035156,1666700,0.0,0.0
2023-03-31 00:00:00-04:00,40.130001068115234,40.91999816894531,40.040000915527344,40.880001068115234,1410700,0.0,0.0
2023-04-03 00:00:00-04:00,40.790000915527344,40.849998474121094,39.39899826049805,39.7400016784668,1540200,0.0,0.0
2023-04-04 00:00:00-04:00,39.959999084472656,39.959999084472656,38.599998474121094,38.72999954223633,2178500,0.0,0.0
2023-04-05 00:00:00-04:00,38.72999954223633,38.869998931884766,37.98500061035156,38.540000915527344,2751200,0.0,0.0
2023-04-06 00:00:00-04:00,38.439998626708984,38.63999938964844,37.75,38.4900016784668,2072700,0.0,0.0
2023-04-10 00:00:00-04:00,38.310001373291016,38.77000045776367,37.959999084472656,38.66999816894531,1052600,0.0,0.0
2023-04-11 00:00:00-04:00,38.685001373291016,39.45000076293945,38.685001373291016,39.220001220703125,1113000,0.0,0.0
2023-04-12 00:00:00-04:00,39.619998931884766,39.70000076293945,38.27000045776367,38.59000015258789,1179700,0.0,0.0
2023-04-13 00:00:00-04:00,38.849998474121094,39.029998779296875,38.349998474121094,38.5099983215332,2348100,0.0,0.0
2023-04-14 00:00:00-04:00,38.5,38.709999084472656,37.38999938964844,37.65999984741211,2068100,0.0,0.0
2023-04-17 00:00:00-04:00,37.599998474121094,37.720001220703125,37.349998474121094,37.650001525878906,1880100,0.0,0.0
2023-04-18 00:00:00-04:00,37.81999969482422,37.875,37.0,37.2400016784668,1550900,0.0,0.0
2023-04-19 00:00:00-04:00,37.13999938964844,38.380001068115234,37.13999938964844,38.2599983215332,2801700,0.0,0.0
2023-04-20 00:00:00-04:00,38.099998474121094,38.400001525878906,37.58000183105469,38.20000076293945,1070800,0.0,0.0
2023-04-21 00:00:00-04:00,38.380001068115234,38.970001220703125,38.099998474121094,38.939998626708984,2024400,0.0,0.0
2023-04-24 00:00:00-04:00,39.08000183105469,39.279998779296875,38.75,39.13999938964844,1034500,0.0,0.0
2023-04-25 00:00:00-04:00,38.83000183105469,39.09000015258789,38.20000076293945,38.209999084472656,1139000,0.0,0.0
2023-04-26 00:00:00-04:00,38.0,38.08000183105469,37.66999816894531,37.9900016784668,785600,0.0,0.0
2023-04-27 00:00:00-04:00,37.720001220703125,38.06999969482422,37.09000015258789,37.93000030517578,894400,0.0,0.0
2023-04-28 00:00:00-04:00,37.97999954223633,38.68000030517578,37.79999923706055,38.4900016784668,1060700,0.0,0.0
2023-05-01 00:00:00-04:00,38.27000045776367,38.630001068115234,37.81999969482422,38.40999984741211,1058500,0.0,0.0
2023-05-02 00:00:00-04:00,38.43000030517578,38.43000030517578,37.22999954223633,37.470001220703125,1298100,0.0,0.0
2023-05-03 00:00:00-04:00,37.720001220703125,38.41999816894531,37.45000076293945,37.63999938964844,3201400,0.0,0.0
2023-05-04 00:00:00-04:00,32.560001373291016,36.7400016784668,32.40999984741211,35.060001373291016,8235500,0.0,0.0
2023-05-05 00:00:00-04:00,35.380001068115234,35.709999084472656,34.96500015258789,35.34000015258789,1784100,0.0,0.0
2023-05-08 00:00:00-04:00,35.20000076293945,35.242000579833984,34.619998931884766,34.81999969482422,1622100,0.0,0.0
2023-05-09 00:00:00-04:00,34.560001373291016,34.77000045776367,34.220001220703125,34.5099983215332,2158100,0.0,0.0
2023-05-10 00:00:00-04:00,34.880001068115234,35.04499816894531,33.345001220703125,34.0,1742600,0.0,0.0
2023-05-11 00:00:00-04:00,33.79999923706055,34.095001220703125,33.040000915527344,33.13999938964844,2013300,0.0,0.0
2023-05-12 00:00:00-04:00,33.15999984741211,33.35499954223633,32.709999084472656,33.04999923706055,1579500,0.0,0.0
2023-05-15 00:00:00-04:00,33.16999816894531,34.31999969482422,32.904998779296875,34.2400016784668,2469200,0.0,0.0
2023-05-16 00:00:00-04:00,33.790000915527344,34.369998931884766,33.763999938964844,34.189998626708984,1452000,0.0,0.0
2023-05-17 00:00:00-04:00,34.36000061035156,34.93000030517578,33.7400016784668,34.75,1418600,0.0,0.0
2023-05-18 00:00:00-04:00,34.68000030517578,35.83000183105469,34.5099983215332,35.650001525878906,1661700,0.0,0.0
2023-05-19 00:00:00-04:00,35.939998626708984,35.939998626708984,35.119998931884766,35.400001525878906,1395500,0.0,0.0
2023-05-22 00:00:00-04:00,35.36000061035156,35.880001068115234,35.209999084472656,35.7400016784668,1674300,0.0,0.0
2023-05-23 00:00:00-04:00,35.61000061035156,36.119998931884766,33.75,34.11000061035156,3888600,0.0,0.0
2023-05-24 00:00:00-04:00,33.97999954223633,33.97999954223633,32.959999084472656,33.45000076293945,2646400,0.0,0.0
2023-05-25 00:00:00-04:00,33.2599983215332,33.2599983215332,32.56999969482422,32.95000076293945,1245100,0.0,0.0
2023-05-26 00:00:00-04:00,32.959999084472656,33.37300109863281,32.560001373291016,33.27000045776367,4652900,0.0,0.0
2023-05-30 00:00:00-04:00,33.34000015258789,33.43000030517578,32.599998474121094,32.97999954223633,1074400,0.0,0.0
2023-05-31 00:00:00-04:00,32.650001525878906,32.935001373291016,31.200000762939453,31.889999389648438,4423200,0.0,0.0
2023-06-01 00:00:00-04:00,31.899999618530273,32.6349983215332,31.670000076293945,32.2400016784668,2643400,0.0,0.0
2023-06-02 00:00:00-04:00,32.529998779296875,32.959999084472656,32.28499984741211,32.959999084472656,1639800,0.0,0.0
2023-06-05 00:00:00-04:00,32.7599983215332,33.04999923706055,32.540000915527344,32.68000030517578,2607500,0.0,0.0
2023-06-06 00:00:00-04:00,32.61000061035156,32.93000030517578,32.470001220703125,32.849998474121094,2732800,0.0,0.0
2023-06-07 00:00:00-04:00,33.02000045776367,33.85499954223633,32.77000045776367,33.59000015258789,1509300,0.0,0.0
2023-06-08 00:00:00-04:00,33.630001068115234,33.689998626708984,33.13999938964844,33.45000076293945,1206000,0.0,0.0
2023-06-09 00:00:00-04:00,33.369998931884766,33.369998931884766,31.780000686645508,31.790000915527344,1994800,0.0,0.0
2023-06-12 00:00:00-04:00,31.790000915527344,32.22999954223633,31.520000457763672,31.920000076293945,2355100,0.0,0.0
2023-06-13 00:00:00-04:00,32.15999984741211,32.5099983215332,32.060001373291016,32.150001525878906,1748500,0.0,0.0
2023-06-14 00:00:00-04:00,32.470001220703125,32.58000183105469,31.290000915527344,31.530000686645508,3290100,0.0,0.0
2023-06-15 00:00:00-04:00,31.59000015258789,32.689998626708984,31.34000015258789,32.630001068115234,2656200,0.0,0.0
2023-06-16 00:00:00-04:00,33.0,34.130001068115234,33.0,33.470001220703125,5005300,0.0,0.0
2023-06-20 00:00:00-04:00,33.060001373291016,33.790000915527344,33.060001373291016,33.459999084472656,2914800,0.0,0.0
2023-06-21 00:00:00-04:00,33.54999923706055,34.029998779296875,33.439998626708984,33.7400016784668,3035200,0.0,0.0
2023-06-22 00:00:00-04:00,33.65999984741211,34.33000183105469,33.470001220703125,34.29999923706055,1745200,0.0,0.0
2023-06-23 00:00:00-04:00,34.130001068115234,34.22999954223633,33.2599983215332,33.5,3854700,0.0,0.0
2023-06-26 00:00:00-04:00,33.400001525878906,34.15999984741211,33.27000045776367,33.7599983215332,1158700,0.0,0.0
2023-06-27 00:00:00-04:00,33.56999969482422,33.95500183105469,33.279998779296875,33.81999969482422,1564000,0.0,0.0
2023-06-28 00:00:00-04:00,33.849998474121094,33.88999938964844,33.40999984741211,33.650001525878906,1338200,0.0,0.0
2023-06-29 00:00:00-04:00,33.65999984741211,34.400001525878906,33.52000045776367,33.720001220703125,2601200,0.0,0.0
2023-06-30 00:00:00-04:00,33.869998931884766,34.220001220703125,33.78499984741211,33.84000015258789,1166900,0.0,0.0
2023-07-03 00:00:00-04:00,33.58000183105469,34.125,33.439998626708984,33.880001068115234,709000,0.0,0.0
2023-07-05 00:00:00-04:00,33.7599983215332,33.939998626708984,33.33000183105469,33.5,2270000,0.0,0.0
2023-07-06 00:00:00-04:00,33.04999923706055,33.619998931884766,32.869998931884766,33.58000183105469,1611700,0.0,0.0
2023-07-07 00:00:00-04:00,33.619998931884766,33.8849983215332,33.54999923706055,33.7400016784668,1326900,0.0,0.0
2023-07-10 00:00:00-04:00,33.619998931884766,34.2400016784668,33.599998474121094,33.84000015258789,1191300,0.0,0.0
2023-07-11 00:00:00-04:00,33.849998474121094,34.84000015258789,33.849998474121094,34.77000045776367,1356600,0.0,0.0
2023-07-12 00:00:00-04:00,35.15999984741211,35.15999984741211,34.18000030517578,34.25,3335600,0.0,0.0
2023-07-13 00:00:00-04:00,34.45000076293945,35.58000183105469,34.369998931884766,35.400001525878906,2277700,0.0,0.0
2023-07-14 00:00:00-04:00,35.41999816894531,35.650001525878906,34.8849983215332,35.06999969482422,824600,0.0,0.0
2023-07-17 00:00:00-04:00,34.95000076293945,35.290000915527344,34.67499923706055,35.220001220703125,836000,0.0,0.0
2023-07-18 00:00:00-04:00,35.220001220703125,35.31999969482422,34.45000076293945,34.720001220703125,1067100,0.0,0.0
2023-07-19 00:00:00-04:00,34.790000915527344,35.36000061035156,34.68000030517578,35.15999984741211,1418500,0.0,0.0
2023-07-20 00:00:00-04:00,35.310001373291016,35.31999969482422,34.404998779296875,34.470001220703125,2292000,0.0,0.0
2023-07-21 00:00:00-04:00,34.66999816894531,35.46500015258789,34.560001373291016,35.349998474121094,1300600,0.0,0.0
2023-07-24 00:00:00-04:00,35.290000915527344,35.779998779296875,35.125,35.70000076293945,965000,0.0,0.0
2023-07-25 00:00:00-04:00,35.4900016784668,35.4900016784668,34.880001068115234,34.900001525878906,1122000,0.0,0.0
2023-07-26 00:00:00-04:00,34.90999984741211,35.34000015258789,34.779998779296875,35.20000076293945,2003300,0.0,0.0
2023-07-27 00:00:00-04:00,35.40999984741211,35.69499969482422,34.59000015258789,34.619998931884766,1904200,0.0,0.0
2023-07-28 00:00:00-04:00,34.970001220703125,35.06999969482422,34.52000045776367,34.689998626708984,1619500,0.0,0.0
2023-07-31 00:00:00-04:00,34.779998779296875,34.78099822998047,34.0099983215332,34.40999984741211,1477400,0.0,0.0
2023-08-01 00:00:00-04:00,34.2599983215332,34.415000915527344,33.650001525878906,34.0099983215332,2977200,0.0,0.0
2023-08-02 00:00:00-04:00,33.70000076293945,33.959999084472656,33.19499969482422,33.91999816894531,4087600,0.0,0.0
2023-08-03 00:00:00-04:00,34.5,36.13999938964844,34.18000030517578,34.27000045776367,3772900,0.0,0.0
2023-08-04 00:00:00-04:00,34.369998931884766,34.849998474121094,33.529998779296875,33.650001525878906,1601600,0.0,0.0
2023-08-07 00:00:00-04:00,33.06999969482422,35.599998474121094,32.584999084472656,34.95000076293945,7045200,0.0,0.0
2023-08-08 00:00:00-04:00,34.959999084472656,34.959999084472656,34.2599983215332,34.41999816894531,10609900,0.0,0.0
2023-08-09 00:00:00-04:00,34.220001220703125,34.7400016784668,33.16999816894531,33.33000183105469,2668700,0.0,0.0
2023-08-10 00:00:00-04:00,33.7599983215332,33.84000015258789,32.439998626708984,32.66999816894531,2971000,0.0,0.0
2023-08-11 00:00:00-04:00,32.470001220703125,33.63999938964844,32.470001220703125,33.380001068115234,2994000,0.0,0.0
2023-08-14 00:00:00-04:00,33.16999816894531,33.56999969482422,32.81999969482422,33.279998779296875,2697700,0.0,0.0
2023-08-15 00:00:00-04:00,33.09000015258789,33.2400016784668,32.79999923706055,33.099998474121094,1128000,0.0,0.0
2023-08-16 00:00:00-04:00,33.029998779296875,33.20000076293945,32.689998626708984,32.7599983215332,1272700,0.0,0.0
2023-08-17 00:00:00-04:00,32.91999816894531,33.279998779296875,32.095001220703125,32.29999923706055,2039100,0.0,0.0
2023-08-18 00:00:00-04:00,32.18000030517578,32.75,32.16999816894531,32.68000030517578,1579100,0.0,0.0
2023-08-21 00:00:00-04:00,32.79999923706055,33.2400016784668,32.709999084472656,33.09000015258789,1545900,0.0,0.0
2023-08-22 00:00:00-04:00,33.099998474121094,33.34000015258789,32.369998931884766,32.459999084472656,1727300,0.0,0.0
2023-08-23 00:00:00-04:00,32.599998474121094,33.099998474121094,32.47999954223633,32.77000045776367,1593700,0.0,0.0
2023-08-24 00:00:00-04:00,32.77000045776367,32.880001068115234,31.790000915527344,32.0,1544900,0.0,0.0
2023-08-25 00:00:00-04:00,32.029998779296875,32.77299880981445,31.950000762939453,32.4900016784668,1185900,0.0,0.0
2023-08-28 00:00:00-04:00,32.72999954223633,33.20000076293945,32.689998626708984,32.70000076293945,1160700,0.0,0.0
2023-08-29 00:00:00-04:00,32.77000045776367,33.25,32.52000045776367,33.099998474121094,965900,0.0,0.0
2023-08-30 00:00:00-04:00,32.880001068115234,33.0099983215332,32.4900016784668,32.599998474121094,2106500,0.0,0.0
2023-08-31 00:00:00-04:00,32.7599983215332,32.79999923706055,31.940000534057617,32.02000045776367,2293300,0.0,0.0
2023-09-01 00:00:00-04:00,32.36000061035156,32.619998931884766,32.279998779296875,32.380001068115234,948900,0.0,0.0
2023-09-05 00:00:00-04:00,32.189998626708984,32.23500061035156,31.59000015258789,31.6200008392334,1159600,0.0,0.0
2023-09-06 00:00:00-04:00,31.520000457763672,31.719999313354492,31.280000686645508,31.3799991607666,1230600,0.0,0.0
2023-09-07 00:00:00-04:00,31.15999984741211,31.31999969482422,30.070999145507812,30.520000457763672,2854900,0.0,0.0
2023-09-08 00:00:00-04:00,30.420000076293945,30.510000228881836,29.790000915527344,29.8700008392334,1570400,0.0,0.0
2023-09-11 00:00:00-04:00,29.989999771118164,30.700000762939453,29.920000076293945,30.520000457763672,1325900,0.0,0.0
2023-09-12 00:00:00-04:00,30.68000030517578,30.799999237060547,30.350000381469727,30.469999313354492,1139900,0.0,0.0
2023-09-13 00:00:00-04:00,30.3799991607666,30.3799991607666,28.8700008392334,29.43000030517578,3859700,0.0,0.0
2023-09-14 00:00:00-04:00,29.709999084472656,29.799999237060547,28.809999465942383,29.010000228881836,2470900,0.0,0.0
2023-09-15 00:00:00-04:00,28.940000534057617,29.290000915527344,28.739999771118164,28.8700008392334,2363100,0.0,0.0
2023-09-18 00:00:00-04:00,28.81999969482422,29.040000915527344,28.56999969482422,28.8799991607666,1196800,0.0,0.0
2023-09-19 00:00:00-04:00,28.790000915527344,28.809999465942383,28.3700008392334,28.6200008392334,1284400,0.0,0.0
2023-09-20 00:00:00-04:00,28.75,29.040000915527344,28.104999542236328,28.200000762939453,1372100,0.0,0.0
2023-09-21 00:00:00-04:00,28.030000686645508,28.030000686645508,27.329999923706055,27.559999465942383,1428100,0.0,0.0
2023-09-22 00:00:00-04:00,27.6200008392334,28.0,27.25,27.829999923706055,1781500,0.0,0.0
2023-09-25 00:00:00-04:00,27.709999084472656,28.209999084472656,27.610000610351562,28.1200008392334,1380600,0.0,0.0
2023-09-26 00:00:00-04:00,27.93000030517578,28.3799991607666,27.780000686645508,28.110000610351562,1862900,0.0,0.0
2023-09-27 00:00:00-04:00,28.309999465942383,28.670000076293945,27.93000030517578,27.989999771118164,2089600,0.0,0.0
2023-09-28 00:00:00-04:00,28.059999465942383,28.549999237060547,27.950000762939453,28.1200008392334,1169100,0.0,0.0
2023-09-29 00:00:00-04:00,28.3700008392334,28.40999984741211,27.81999969482422,27.8799991607666,1199100,0.0,0.0
2023-10-02 00:00:00-04:00,27.790000915527344,27.860000610351562,27.239999771118164,27.56999969482422,1303600,0.0,0.0
2023-10-03 00:00:00-04:00,27.209999084472656,27.524999618530273,27.06999969482422,27.100000381469727,1257800,0.0,0.0
2023-10-04 00:00:00-04:00,27.170000076293945,27.309999465942383,26.649999618530273,26.989999771118164,1491300,0.0,0.0
2023-10-05 00:00:00-04:00,26.739999771118164,26.940000534057617,25.3799991607666,25.639999389648438,3269700,0.0,0.0
2023-10-06 00:00:00-04:00,25.479999542236328,26.545000076293945,25.479999542236328,26.3700008392334,1589900,0.0,0.0
2023-10-09 00:00:00-04:00,26.190000534057617,26.530000686645508,25.6200008392334,25.989999771118164,1605600,0.0,0.0
2023-10-10 00:00:00-04:00,26.170000076293945,26.31999969482422,25.639999389648438,26.049999237060547,1707500,0.0,0.0
2023-10-11 00:00:00-04:00,25.93000030517578,26.100000381469727,25.1299991607666,25.549999237060547,2072500,0.0,0.0
2023-10-12 00:00:00-04:00,25.469999313354492,25.469999313354492,24.43000030517578,24.489999771118164,2506200,0.0,0.0
2023-10-13 00:00:00-04:00,24.389999389648438,24.69499969482422,24.18000030517578,24.260000228881836,1508900,0.0,0.0
2023-10-16 00:00:00-04:00,24.5,25.3700008392334,23.940000534057617,24.790000915527344,3035100,0.0,0.0
2023-10-17 00:00:00-04:00,24.549999237060547,25.389999389648438,24.399999618530273,25.049999237060547,1827300,0.0,0.0
2023-10-18 00:00:00-04:00,24.8700008392334,25.069000244140625,24.520000457763672,24.8799991607666,1749600,0.0,0.0
2023-10-19 00:00:00-04:00,24.780000686645508,25.1299991607666,24.520000457763672,24.709999084472656,1858200,0.0,0.0
2023-10-20 00:00:00-04:00,24.760000228881836,25.235000610351562,24.69499969482422,24.790000915527344,2437900,0.0,0.0
2023-10-23 00:00:00-04:00,24.670000076293945,25.030000686645508,24.514999389648438,24.760000228881836,1656600,0.0,0.0
2023-10-24 00:00:00-04:00,24.739999771118164,25.100000381469727,24.59000015258789,25.06999969482422,1478900,0.0,0.0
2023-10-25 00:00:00-04:00,24.729999542236328,24.8700008392334,24.5,24.639999389648438,4456100,0.0,0.0
2023-10-26 00:00:00-04:00,24.34000015258789,24.344999313354492,23.170000076293945,23.770000457763672,3671200,0.0,0.0
2023-10-27 00:00:00-04:00,23.899999618530273,24.100000381469727,23.420000076293945,23.520000457763672,2841600,0.0,0.0
2023-10-30 00:00:00-04:00,23.700000762939453,23.739999771118164,22.780000686645508,23.290000915527344,2632700,0.0,0.0
2023-10-31 00:00:00-04:00,23.56999969482422,23.56999969482422,23.040000915527344,23.270000457763672,4869600,0.0,0.0
2023-11-01 00:00:00-04:00,23.270000457763672,23.3799991607666,22.59000015258789,22.989999771118164,3678000,0.0,0.0
2023-11-02 00:00:00-04:00,20.25,21.950000762939453,20.0,21.25,9869200,0.0,0.0
2023-11-03 00:00:00-04:00,22.350000381469727,22.670000076293945,21.81999969482422,22.100000381469727,3496200,0.0,0.0
2023-11-06 00:00:00-05:00,22.18000030517578,22.18000030517578,21.31999969482422,21.329999923706055,2488300,0.0,0.0
2023-11-07 00:00:00-05:00,21.219999313354492,21.78499984741211,21.100000381469727,21.459999084472656,2894000,0.0,0.0
2023-11-08 00:00:00-05:00,22.0,22.200000762939453,21.6200008392334,21.690000534057617,3284500,0.0,0.0
2023-11-09 00:00:00-05:00,21.739999771118164,21.75,21.040000915527344,21.059999465942383,2313300,0.0,0.0
2023-11-10 00:00:00-05:00,21.3700008392334,21.719999313354492,21.31999969482422,21.56999969482422,2986700,0.0,0.0
2023-11-13 00:00:00-05:00,21.520000457763672,21.829999923706055,21.229999542236328,21.260000228881836,3523800,0.0,0.0
2023-11-14 00:00:00-05:00,21.690000534057617,22.825000762939453,21.610000610351562,22.350000381469727,2860400,0.0,0.0
2023-11-15 00:00:00-05:00,22.18000030517578,23.350000381469727,22.18000030517578,23.239999771118164,2377900,0.0,0.0
2023-11-16 00:00:00-05:00,23.309999465942383,23.34000015258789,22.825000762939453,23.09000015258789,1409100,0.0,0.0
2023-11-17 00:00:00-05:00,23.190000534057617,23.5,22.989999771118164,23.450000762939453,2088600,0.0,0.0
2023-11-20 00:00:00-05:00,23.3799991607666,24.024999618530273,23.239999771118164,23.790000915527344,1724400,0.0,0.0
2023-11-21 00:00:00-05:00,23.899999618530273,24.049999237060547,23.579999923706055,23.950000762939453,1713900,0.0,0.0
2023-11-22 00:00:00-05:00,24.110000610351562,24.549999237060547,23.895000457763672,23.979999542236328,1001200,0.0,0.0
2023-11-24 00:00:00-05:00,23.8799991607666,24.149999618530273,23.65999984741211,24.100000381469727,390600,0.0,0.0
2023-11-27 00:00:00-05:00,23.899999618530273,24.09000015258789,23.75,23.8799991607666,1216000,0.0,0.0
2023-11-28 00:00:00-05:00,23.780000686645508,23.850000381469727,23.329999923706055,23.489999771118164,2095900,0.0,0.0
2023-11-29 00:00:00-05:00,23.549999237060547,23.790000915527344,22.670000076293945,22.790000915527344,2907400,0.0,0.0
2023-11-30 00:00:00-05:00,22.860000610351562,22.929000854492188,22.3799991607666,22.690000534057617,2978700,0.0,0.0
2023-12-01 00:00:00-05:00,22.56999969482422,23.950000762939453,22.56999969482422,23.899999618530273,2737000,0.0,0.0
2023-12-04 00:00:00-05:00,23.770000457763672,24.559999465942383,23.635000228881836,24.1299991607666,2266900,0.0,0.0
2023-12-05 00:00:00-05:00,23.920000076293945,24.09000015258789,23.530000686645508,23.700000762939453,1889900,0.0,0.0
2023-12-06 00:00:00-05:00,23.8700008392334,24.610000610351562,23.600000381469727,23.610000610351562,3013200,0.0,0.0
2023-12-07 00:00:00-05:00,23.600000381469727,24.15999984741211,23.479999542236328,24.010000228881836,1667100,0.0,0.0
2023-12-08 00:00:00-05:00,23.90999984741211,23.90999984741211,23.190000534057617,23.450000762939453,3795500,0.0,0.0
2023-12-11 00:00:00-05:00,22.790000915527344,23.125,22.450000762939453,22.790000915527344,2426200,0.0,0.0
2023-12-12 00:00:00-05:00,22.829999923706055,22.829999923706055,22.190000534057617,22.5,5274600,0.0,0.0
2023-12-13 00:00:00-05:00,22.520000457763672,23.790000915527344,22.280000686645508,23.780000686645508,5132400,0.0,0.0
2023-12-14 00:00:00-05:00,24.31999969482422,25.139999389648438,23.75,24.149999618530273,6091000,0.0,0.0
2023-12-15 00:00:00-05:00,24.25,24.329999923706055,23.610000610351562,23.850000381469727,5412200,0.0,0.0
2023-12-18 00:00:00-05:00,23.8700008392334,23.916000366210938,23.049999237060547,23.34000015258789,2532600,0.0,0.0
2023-12-19 00:00:00-05:00,23.559999465942383,24.559999465942383,23.43000030517578,24.530000686645508,2948500,0.0,0.0
2023-12-20 00:00:00-05:00,24.530000686645508,24.579999923706055,23.684999465942383,23.700000762939453,2243300,0.0,0.0
2023-12-21 00:00:00-05:00,24.040000915527344,24.420000076293945,23.924999237060547,24.40999984741211,2242100,0.0,0.0
2023-12-22 00:00:00-05:00,24.3799991607666,24.709999084472656,24.049999237060547,24.190000534057617,1236600,0.0,0.0
2023-12-26 00:00:00-05:00,24.139999389648438,24.670000076293945,24.049999237060547,24.530000686645508,1175400,0.0,0.0
2023-12-27 00:00:00-05:00,24.6299991607666,24.81999969482422,24.31999969482422,24.420000076293945,1301600,0.0,0.0
2023-12-28 00:00:00-05:00,24.3799991607666,24.670000076293945,24.229999542236328,24.360000610351562,926100,0.0,0.0
2023-12-29 00:00:00-05:00,24.170000076293945,24.34000015258789,23.809999465942383,24.059999465942383,2063200,0.0,0.0
2024-01-02 00:00:00-05:00,24.010000228881836,24.549999237060547,23.90999984741211,24.100000381469727,2040500,0.0,0.0
2024-01-03 00:00:00-05:00,23.780000686645508,23.780000686645508,23.219999313354492,23.459999084472656,1651400,0.0,0.0
2024-01-04 00:00:00-05:00,23.389999389648438,23.59000015258789,23.260000228881836,23.3799991607666,1704300,0.0,0.0
2024-01-05 00:00:00-05:00,23.190000534057617,24.010000228881836,23.0,23.3799991607666,2855100,0.0,0.0
2024-01-08 00:00:00-05:00,23.40999984741211,24.219999313354492,23.190000534057617,24.030000686645508,1895600,0.0,0.0
2024-01-09 00:00:00-05:00,23.760000228881836,25.450000762939453,23.59000015258789,25.190000534057617,3038300,0.0,0.0
2024-01-10 00:00:00-05:00,25.049999237060547,25.639999389648438,24.709999084472656,25.450000762939453,3109600,0.0,0.0
2024-01-11 00:00:00-05:00,25.299999237060547,25.450000762939453,24.665000915527344,24.700000762939453,1460600,0.0,0.0
2024-01-12 00:00:00-05:00,24.8799991607666,25.149999618530273,24.165000915527344,24.190000534057617,1944000,0.0,0.0
2024-01-16 00:00:00-05:00,23.979999542236328,23.979999542236328,23.395000457763672,23.549999237060547,1498200,0.0,0.0
2024-01-17 00:00:00-05:00,23.15999984741211,23.31999969482422,22.850000381469727,23.059999465942383,1182300,0.0,0.0
2024-01-18 00:00:00-05:00,23.190000534057617,24.059999465942383,22.899999618530273,24.059999465942383,2321000,0.0,0.0
2024-01-19 00:00:00-05:00,24.040000915527344,24.040000915527344,23.1299991607666,23.700000762939453,2010900,0.0,0.0
2024-01-22 00:00:00-05:00,23.799999237060547,24.510000228881836,23.770000457763672,24.09000015258789,2021600,0.0,0.0
2024-01-23 00:00:00-05:00,24.43000030517578,24.469999313354492,23.729999542236328,24.190000534057617,1676000,0.0,0.0
2024-01-24 00:00:00-05:00,24.329999923706055,24.3799991607666,23.665000915527344,23.8700008392334,1189500,0.0,0.0
2024-01-25 00:00:00-05:00,24.25,24.489999771118164,23.895000457763672,24.219999313354492,2277000,0.0,0.0
2024-01-26 00:00:00-05:00,24.40999984741211,24.679000854492188,24.229999542236328,24.3700008392334,1469900,0.0,0.0
2024-01-29 00:00:00-05:00,24.239999771118164,24.540000915527344,24.030000686645508,24.520000457763672,1804600,0.0,0.0
2024-01-30 00:00:00-05:00,24.489999771118164,24.549999237060547,23.90999984741211,24.0,1737600,0.0,0.0
2024-01-31 00:00:00-05:00,24.059999465942383,24.149999618530273,23.469999313354492,23.5,2680300,0.0,0.0
2024-02-01 00:00:00-05:00,23.860000610351562,24.125,23.5,23.739999771118164,3229900,0.0,0.0
2024-02-02 00:00:00-05:00,23.399999618530273,23.985000610351562,23.260000228881836,23.760000228881836,2076000,0.0,0.0
2024-02-05 00:00:00-05:00,23.5,23.90999984741211,23.329999923706055,23.75,3722400,0.0,0.0
2024-02-06 00:00:00-05:00,23.8799991607666,24.760000228881836,23.78499984741211,24.520000457763672,2820300,0.0,0.0
2024-02-07 00:00:00-05:00,24.549999237060547,24.790000915527344,24.190000534057617,24.239999771118164,3628200,0.0,0.0
2024-02-08 00:00:00-05:00,22.0,22.829999923706055,21.209999084472656,22.440000534057617,9866500,0.0,0.0
2024-02-09 00:00:00-05:00,22.450000762939453,22.59000015258789,21.7450008392334,21.940000534057617,4216600,0.0,0.0
2024-02-12 00:00:00-05:00,21.920000076293945,22.8700008392334,21.920000076293945,22.799999237060547,2446100,0.0,0.0
2024-02-13 00:00:00-05:00,22.079999923706055,22.3799991607666,21.540000915527344,21.899999618530273,2458500,0.0,0.0
2024-02-14 00:00:00-05:00,22.06999969482422,22.31999969482422,21.799999237060547,22.139999389648438,1925700,0.0,0.0
2024-02-15 00:00:00-05:00,22.280000686645508,23.010000228881836,22.219999313354492,22.5,2439000,0.0,0.0
2024-02-16 00:00:00-05:00,22.290000915527344,23.010000228881836,22.18000030517578,22.530000686645508,3084000,0.0,0.0
2024-02-20 00:00:00-05:00,22.34000015258789,22.8799991607666,22.239999771118164,22.8700008392334,2059800,0.0,0.0
2024-02-21 00:00:00-05:00,22.649999618530273,22.760000228881836,22.209999084472656,22.3799991607666,2362200,0.0,0.0
2024-02-22 00:00:00-05:00,22.40999984741211,22.905000686645508,22.1200008392334,22.8700008392334,2354800,0.0,0.0
2024-02-23 00:00:00-05:00,22.739999771118164,23.059999465942383,22.58099937438965,22.649999618530273,1648900,0.0,0.0
2024-02-26 00:00:00-05:00,21.979999542236328,22.56999969482422,21.69499969482422,21.920000076293945,1861700,0.0,0.0
2024-02-27 00:00:00-05:00,21.75,21.75,21.219999313354492,21.440000534057617,3045700,0.0,0.0
2024-02-28 00:00:00-05:00,21.290000915527344,21.360000610351562,20.829999923706055,20.8700008392334,3106100,0.0,0.0
2024-02-29 00:00:00-05:00,21.020000457763672,21.329999923706055,20.479999542236328,20.649999618530273,3311900,0.0,0.0
2024-03-01 00:00:00-05:00,20.75,20.989999771118164,20.489999771118164,20.920000076293945,3492900,0.0,0.0
2024-03-04 00:00:00-05:00,20.8700008392334,20.989999771118164,20.520000457763672,20.75,1453200,0.0,0.0
2024-03-05 00:00:00-05:00,20.649999618530273,20.829999923706055,20.40999984741211,20.639999389648438,1881800,0.0,0.0
2024-03-06 00:00:00-05:00,20.790000915527344,21.309999465942383,20.6200008392334,20.84000015258789,1849500,0.0,0.0
2024-03-07 00:00:00-05:00,21.0,21.344999313354492,20.8799991607666,21.1299991607666,1154300,0.0,0.0
2024-03-08 00:00:00-05:00,21.280000686645508,21.510000228881836,21.079999923706055,21.229999542236328,1496300,0.0,0.0
2024-03-11 00:00:00-04:00,21.280000686645508,21.780000686645508,21.170000076293945,21.729999542236328,1579000,0.0,0.0
2024-03-12 00:00:00-04:00,21.700000762939453,21.790000915527344,21.360000610351562,21.5,4111600,0.0,0.0
2024-03-13 00:00:00-04:00,21.520000457763672,21.93000030517578,21.489999771118164,21.75,2780700,0.0,0.0
2024-03-14 00:00:00-04:00,21.719999313354492,21.905000686645508,21.434999465942383,21.649999618530273,2874800,0.0,0.0
2024-03-15 00:00:00-04:00,21.489999771118164,21.75,21.049999237060547,21.360000610351562,4600400,0.0,0.0
2024-03-18 00:00:00-04:00,21.450000762939453,21.6200008392334,21.079999923706055,21.43000030517578,1627500,0.0,0.0
2024-03-19 00:00:00-04:00,21.479999542236328,21.780000686645508,21.405000686645508,21.75,1596400,0.0,0.0
2024-03-20 00:00:00-04:00,21.780000686645508,21.899999618530273,21.110000610351562,21.540000915527344,2314200,0.0,0.0
2024-03-21 00:00:00-04:00,21.520000457763672,21.780000686645508,21.389999389648438,21.5,1784200,0.0,0.0
2024-03-22 00:00:00-04:00,21.469999313354492,21.649999618530273,21.239999771118164,21.31999969482422,1595800,0.0,0.0
2024-03-25 00:00:00-04:00,21.459999084472656,21.5,20.93000030517578,20.959999084472656,1595100,0.0,0.0
2024-03-26 00:00:00-04:00,21.010000228881836,21.048999786376953,20.559999465942383,20.760000228881836,1986600,0.0,0.0
2024-03-27 00:00:00-04:00,20.979999542236328,21.549999237060547,20.860000610351562,21.549999237060547,1710700,0.0,0.0
2024-03-28 00:00:00-04:00,21.530000686645508,21.6200008392334,21.239999771118164,21.3799991607666,1380500,0.0,0.0
2024-04-01 00:00:00-04:00,21.3799991607666,21.3799991607666,20.59000015258789,20.809999465942383,1853600,0.0,0.0
2024-04-02 00:00:00-04:00,20.290000915527344,20.454999923706055,20.049999237060547,20.329999923706055,4646200,0.0,0.0
2024-04-03 00:00:00-04:00,20.31999969482422,20.549999237060547,20.079999923706055,20.239999771118164,3751000,0.0,0.0
2024-04-04 00:00:00-04:00,20.459999084472656,20.75,20.25,20.479999542236328,2035400,0.0,0.0
2024-04-05 00:00:00-04:00,20.360000610351562,20.579999923706055,20.209999084472656,20.459999084472656,2029200,0.0,0.0
2024-04-08 00:00:00-04:00,20.510000228881836,20.549999237060547,20.229999542236328,20.31999969482422,1828100,0.0,0.0
2024-04-09 00:00:00-04:00,20.3799991607666,21.280000686645508,20.360000610351562,21.100000381469727,2468200,0.0,0.0
2024-04-10 00:00:00-04:00,20.56999969482422,20.735000610351562,20.020000457763672,20.110000610351562,1346600,0.0,0.0
2024-04-11 00:00:00-04:00,20.524999618530273,20.524999618530273,20.06999969482422,20.09000015258789,1131200,0.0,0.0
2024-04-12 00:00:00-04:00,19.90999984741211,19.90999984741211,19.079999923706055,19.18000030517578,1596500,0.0,0.0
2024-04-15 00:00:00-04:00,19.229999542236328,19.299999237060547,18.954999923706055,19.139999389648438,2084700,0.0,0.0
2024-04-16 00:00:00-04:00,19.1200008392334,19.940000534057617,19.049999237060547,19.780000686645508,3560300,0.0,0.0
2024-04-17 00:00:00-04:00,19.84000015258789,19.989999771118164,19.485000610351562,19.59000015258789,1891900,0.0,0.0
2024-04-18 00:00:00-04:00,19.649999618530273,19.854999542236328,19.5,19.75,1956800,0.0,0.0
2024-04-19 00:00:00-04:00,19.709999084472656,20.0,19.709999084472656,19.959999084472656,1174900,0.0,0.0
2024-04-22 00:00:00-04:00,20.020000457763672,20.235000610351562,19.8799991607666,20.110000610351562,1590800,0.0,0.0
2024-04-23 00:00:00-04:00,20.149999618530273,20.56999969482422,20.148000717163086,20.219999313354492,1329100,0.0,0.0
2024-04-24 00:00:00-04:00,20.110000610351562,20.290000915527344,19.969999313354492,20.280000686645508,1173600,0.0,0.0
2024-04-25 00:00:00-04:00,20.170000076293945,20.209999084472656,19.84000015258789,20.020000457763672,1193900,0.0,0.0
2024-04-26 00:00:00-04:00,19.479999542236328,20.610000610351562,19.420000076293945,20.389999389648438,1816900,0.0,0.0
2024-04-29 00:00:00-04:00,20.510000228881836,20.8799991607666,20.399999618530273,20.6200008392334,1411700,0.0,0.0
2024-04-30 00:00:00-04:00,20.299999237060547,20.530000686645508,19.65999984741211,19.68000030517578,2775300,0.0,0.0
2024-05-01 00:00:00-04:00,19.68000030517578,20.25,19.59000015258789,19.75,2509100,0.0,0.0
2024-05-02 00:00:00-04:00,18.309999465942383,20.209999084472656,18.09000015258789,19.809999465942383,4715500,0.0,0.0
2024-05-03 00:00:00-04:00,20.280000686645508,20.329999923706055,18.961000442504883,19.0,2239700,0.0,0.0
2024-05-06 00:00:00-04:00,19.190000534057617,19.329999923706055,18.889999389648438,19.059999465942383,3033400,0.0,0.0
2024-05-07 00:00:00-04:00,19.139999389648438,19.65999984741211,18.93000030517578,19.0,2051900,0.0,0.0
2024-05-08 00:00:00-04:00,18.84000015258789,18.94499969482422,18.514999389648438,18.829999923706055,2098700,0.0,0.0
2024-05-09 00:00:00-04:00,18.93000030517578,19.290000915527344,18.770000457763672,19.280000686645508,1735400,0.0,0.0
2024-05-10 00:00:00-04:00,19.34000015258789,19.40999984741211,18.360000610351562,18.540000915527344,2693400,0.0,0.0
2024-05-13 00:00:00-04:00,18.670000076293945,19.1200008392334,18.59000015258789,18.860000610351562,1839200,0.0,0.0
2024-05-14 00:00:00-04:00,19.139999389648438,19.469999313354492,18.959999084472656,19.170000076293945,1249000,0.0,0.0
2024-05-15 00:00:00-04:00,19.389999389648438,19.389999389648438,18.700000762939453,18.860000610351562,1736000,0.0,0.0
2024-05-16 00:00:00-04:00,18.8700008392334,19.155000686645508,18.799999237060547,19.1299991607666,1056600,0.0,0.0
2024-05-17 00:00:00-04:00,19.100000381469727,19.190000534057617,18.489999771118164,18.530000686645508,1134400,0.0,0.0
2024-05-20 00:00:00-04:00,18.440000534057617,18.610000610351562,18.1200008392334,18.270000457763672,1696900,0.0,0.0
2024-05-21 00:00:00-04:00,18.190000534057617,18.360000610351562,17.899999618530273,18.350000381469727,1739200,0.0,0.0
2024-05-22 00:00:00-04:00,18.239999771118164,18.704999923706055,18.229999542236328,18.6299991607666,2483600,0.0,0.0
2024-05-23 00:00:00-04:00,18.520000457763672,18.520000457763672,17.829999923706055,17.969999313354492,1611300,0.0,0.0
2024-05-24 00:00:00-04:00,18.010000228881836,18.389999389648438,17.885000228881836,18.25,1870900,0.0,0.0
2024-05-28 00:00:00-04:00,18.280000686645508,18.34000015258789,17.899999618530273,18.030000686645508,2840400,0.0,0.0
2024-05-29 00:00:00-04:00,17.729999542236328,18.229999542236328,17.639999389648438,18.200000762939453,3754600,0.0,0.0
2024-05-30 00:00:00-04:00,18.450000762939453,18.950000762939453,18.40999984741211,18.8799991607666,2644700,0.0,0.0
2024-05-31 00:00:00-04:00,18.940000534057617,19.40999984741211,18.920000076293945,19.360000610351562,2873000,0.0,0.0
2024-06-03 00:00:00-04:00,19.530000686645508,19.530000686645508,18.709999084472656,18.799999237060547,3084100,0.0,0.0
2024-06-04 00:00:00-04:00,18.780000686645508,18.844999313354492,18.459999084472656,18.579999923706055,1802900,0.0,0.0
2024-06-05 00:00:00-04:00,18.690000534057617,18.760000228881836,18.3799991607666,18.540000915527344,1198300,0.0,0.0
2024-06-06 00:00:00-04:00,18.420000076293945,18.690000534057617,18.235000610351562,18.440000534057617,1301900,0.0,0.0
2024-06-07 00:00:00-04:00,18.290000915527344,18.530000686645508,18.200000762939453,18.25,1054300,0.0,0.0
2024-06-10 00:00:00-04:00,18.079999923706055,18.459999084472656,18.007999420166016,18.170000076293945,2066000,0.0,0.0
2024-06-11 00:00:00-04:00,18.0,18.3700008392334,17.8799991607666,18.1299991607666,2709700,0.0,0.0
2024-06-12 00:00:00-04:00,18.559999465942383,18.6299991607666,18.1200008392334,18.170000076293945,2251500,0.0,0.0
2024-06-13 00:00:00-04:00,18.15999984741211,18.34000015258789,17.6299991607666,17.829999923706055,2001000,0.0,0.0
2024-06-14 00:00:00-04:00,17.65999984741211,17.809999465942383,17.270000457763672,17.670000076293945,1650700,0.0,0.0
2024-06-17 00:00:00-04:00,17.43000030517578,17.690000534057617,17.09000015258789,17.219999313354492,3081200,0.0,0.0
2024-06-18 00:00:00-04:00,17.3700008392334,17.399999618530273,16.899999618530273,17.0,2856100,0.0,0.0
2024-06-20 00:00:00-04:00,16.940000534057617,17.43000030517578,16.739999771118164,17.200000762939453,2631400,0.0,0.0
2024-06-21 00:00:00-04:00,17.34000015258789,17.559999465942383,16.959999084472656,17.40999984741211,9287500,0.0,0.0
2024-06-24 00:00:00-04:00,17.389999389648438,17.600000381469727,16.920000076293945,16.93000030517578,2062400,0.0,0.0
2024-06-25 00:00:00-04:00,16.770000457763672,16.829999923706055,15.979999542236328,16.0,5612400,0.0,0.0
2024-06-26 00:00:00-04:00,15.960000038146973,16.530000686645508,15.920000076293945,16.510000228881836,4077000,0.0,0.0
2024-06-27 00:00:00-04:00,16.549999237060547,16.579999923706055,16.229999542236328,16.479999542236328,2152700,0.0,0.0
2024-06-28 00:00:00-04:00,16.56999969482422,16.709999084472656,16.450000762939453,16.6299991607666,3035400,0.0,0.0
2024-07-01 00:00:00-04:00,16.739999771118164,17.110000610351562,16.030000686645508,16.110000610351562,2247200,0.0,0.0
2024-07-02 00:00:00-04:00,16.1200008392334,16.3700008392334,16.030000686645508,16.34000015258789,1715100,0.0,0.0
2024-07-03 00:00:00-04:00,16.3700008392334,16.424999237060547,16.139999389648438,16.290000915527344,1349000,0.0,0.0
2024-07-05 00:00:00-04:00,16.260000228881836,16.469999313354492,16.079999923706055,16.40999984741211,1785800,0.0,0.0
2024-07-08 00:00:00-04:00,16.469999313354492,16.729999542236328,16.18000030517578,16.40999984741211,2597800,0.0,0.0
2024-07-09 00:00:00-04:00,16.290000915527344,16.43000030517578,15.694999694824219,15.979999542236328,3282000,0.0,0.0
2024-07-10 00:00:00-04:00,16.079999923706055,16.09000015258789,15.75,15.850000381469727,2618700,0.0,0.0
2024-07-11 00:00:00-04:00,16.190000534057617,17.0,15.930000305175781,16.739999771118164,5105500,0.0,0.0
2024-07-12 00:00:00-04:00,16.809999465942383,16.809999465942383,15.739999771118164,16.040000915527344,3181100,0.0,0.0
2024-07-15 00:00:00-04:00,16.1299991607666,16.170000076293945,15.829999923706055,15.9399995803833,1798900,0.0,0.0
2024-07-16 00:00:00-04:00,16.020000457763672,16.860000610351562,15.90999984741211,16.850000381469727,2760700,0.0,0.0
2024-07-17 00:00:00-04:00,16.8700008392334,17.545000076293945,16.8700008392334,17.18000030517578,1985800,0.0,0.0
2024-07-18 00:00:00-04:00,17.09000015258789,17.510000228881836,16.459999084472656,16.5,1762700,0.0,0.0
2024-07-19 00:00:00-04:00,16.59000015258789,16.80500030517578,16.34000015258789,16.56999969482422,2361500,0.0,0.0
2024-07-22 00:00:00-04:00,16.389999389648438,16.56999969482422,16.139999389648438,16.31999969482422,1974500,0.0,0.0
2024-07-23 00:00:00-04:00,16.290000915527344,16.709999084472656,16.139999389648438,16.25,2017500,0.0,0.0
2024-07-24 00:00:00-04:00,16.260000228881836,16.469999313354492,16.079999923706055,16.290000915527344,3247300,0.0,0.0
2024-07-25 00:00:00-04:00,16.15999984741211,16.600000381469727,15.965999603271484,16.110000610351562,3171500,0.0,0.0
2024-07-26 00:00:00-04:00,16.260000228881836,16.3700008392334,15.989999771118164,16.309999465942383,1351400,0.0,0.0
2024-07-29 00:00:00-04:00,16.190000534057617,16.559999465942383,16.049999237060547,16.420000076293945,1302500,0.0,0.0
2024-07-30 00:00:00-04:00,16.1200008392334,16.950000762939453,16.1200008392334,16.899999618530273,2185200,0.0,0.0
2024-07-31 00:00:00-04:00,16.760000228881836,17.44499969482422,16.639999389648438,17.06999969482422,2208800,0.0,0.0
2024-08-01 00:00:00-04:00,17.1200008392334,17.5,16.829999923706055,16.93000030517578,1638300,0.0,0.0
2024-08-02 00:00:00-04:00,16.719999313354492,16.84000015258789,16.149999618530273,16.65999984741211,2711900,0.0,0.0
2024-08-05 00:00:00-04:00,16.1299991607666,16.219999313354492,15.770000457763672,15.770000457763672,2961400,0.0,0.0
2024-08-06 00:00:00-04:00,15.699999809265137,16.270000457763672,15.65999984741211,15.760000228881836,2999600,0.0,0.0
2024-08-07 00:00:00-04:00,15.9399995803833,16.139999389648438,15.239999771118164,15.300000190734863,4262300,0.0,0.0
2024-08-08 00:00:00-04:00,15.229999542236328,16.559999465942383,15.145000457763672,16.5,8484200,0.0,0.0
2024-08-09 00:00:00-04:00,16.450000762939453,16.829999923706055,16.104999542236328,16.18000030517578,4447900,0.0,0.0
2024-08-12 00:00:00-04:00,16.309999465942383,16.530000686645508,16.030000686645508,16.219999313354492,4055500,0.0,0.0
2024-08-13 00:00:00-04:00,16.1299991607666,17.295000076293945,16.1299991607666,16.989999771118164,4149400,0.0,0.0
2024-08-14 00:00:00-04:00,17.81999969482422,17.81999969482422,17.1200008392334,17.309999465942383,3845200,0.0,0.0
2024-08-15 00:00:00-04:00,17.68000030517578,18.450000762939453,17.68000030517578,18.030000686645508,4837600,0.0,0.0
2024-08-16 00:00:00-04:00,18.010000228881836,18.170000076293945,17.860000610351562,17.90999984741211,2476800,0.0,0.0
2024-08-19 00:00:00-04:00,18.149999618530273,18.514999389648438,18.040000915527344,18.309999465942383,2858100,0.0,0.0
2024-08-20 00:00:00-04:00,18.149999618530273,18.34000015258789,17.739999771118164,17.799999237060547,2814700,0.0,0.0
2024-08-21 00:00:00-04:00,17.93000030517578,18.174999237060547,17.65999984741211,18.010000228881836,2238200,0.0,0.0
2024-08-22 00:00:00-04:00,18.06999969482422,18.104999542236328,17.700000762939453,17.969999313354492,2125500,0.0,0.0
2024-08-23 00:00:00-04:00,18.100000381469727,18.839000701904297,17.93000030517578,18.700000762939453,2835700,0.0,0.0
2024-08-26 00:00:00-04:00,18.739999771118164,18.75,18.315000534057617,18.420000076293945,1805200,0.0,0.0
2024-08-27 00:00:00-04:00,18.510000228881836,18.950000762939453,18.3799991607666,18.690000534057617,1939700,0.0,0.0
2024-08-28 00:00:00-04:00,18.549999237060547,18.635000228881836,17.8700008392334,18.350000381469727,2655400,0.0,0.0
2024-08-29 00:00:00-04:00,18.600000381469727,18.670000076293945,18.25,18.399999618530273,1496800,0.0,0.0
2024-08-30 00:00:00-04:00,18.459999084472656,18.559999465942383,18.09000015258789,18.260000228881836,1488800,0.0,0.0
2024-09-03 00:00:00-04:00,18.049999237060547,18.469999313354492,17.770000457763672,17.81999969482422,2175000,0.0,0.0
2024-09-04 00:00:00-04:00,17.68000030517578,17.989999771118164,17.010000228881836,17.219999313354492,3371600,0.0,0.0
2024-09-05 00:00:00-04:00,17.3700008392334,17.959999084472656,17.0,17.829999923706055,5461600,0.0,0.0
2024-09-06 00:00:00-04:00,17.979999542236328,18.209999084472656,17.385000228881836,17.440000534057617,1676700,0.0,0.0
2024-09-09 00:00:00-04:00,17.31999969482422,17.450000762939453,16.969999313354492,16.979999542236328,1790000,0.0,0.0
2024-09-10 00:00:00-04:00,16.959999084472656,17.350000381469727,16.739999771118164,17.239999771118164,1725200,0.0,0.0
2024-09-11 00:00:00-04:00,17.18000030517578,17.649999618530273,16.75,17.639999389648438,2429400,0.0,0.0
2024-09-12 00:00:00-04:00,17.65999984741211,18.75,17.3799991607666,18.670000076293945,4072700,0.0,0.0
2024-09-13 00:00:00-04:00,18.790000915527344,19.584999084472656,18.584999084472656,19.40999984741211,3595300,0.0,0.0
2024-09-16 00:00:00-04:00,19.479999542236328,19.719999313354492,18.670000076293945,18.889999389648438,2364300,0.0,0.0
2024-09-17 00:00:00-04:00,18.969999313354492,19.3700008392334,18.65999984741211,19.0,1807900,0.0,0.0
2024-09-18 00:00:00-04:00,18.899999618530273,19.7450008392334,18.860000610351562,19.18000030517578,1867300,0.0,0.0
2024-09-19 00:00:00-04:00,19.6200008392334,19.920000076293945,19.299999237060547,19.329999923706055,2263600,0.0,0.0
2024-09-20 00:00:00-04:00,19.200000762939453,19.260000228881836,18.809999465942383,19.0,3451900,0.0,0.0
2024-09-23 00:00:00-04:00,19.600000381469727,19.90999984741211,19.040000915527344,19.059999465942383,2395000,0.0,0.0
2024-09-24 00:00:00-04:00,19.15999984741211,19.399999618530273,18.799999237060547,18.84000015258789,1130700,0.0,0.0
2024-09-25 00:00:00-04:00,18.889999389648438,18.90999984741211,18.329999923706055,18.639999389648438,1273300,0.0,0.0
2024-09-26 00:00:00-04:00,18.90999984741211,19.309999465942383,18.84000015258789,19.25,1329800,0.0,0.0
2024-09-27 00:00:00-04:00,19.420000076293945,20.040000915527344,19.344999313354492,19.760000228881836,1981000,0.0,0.0
2024-09-30 00:00:00-04:00,19.81999969482422,19.989999771118164,19.549999237060547,19.760000228881836,1837200,0.0,0.0
2024-10-01 00:00:00-04:00,19.68000030517578,19.700000762939453,19.079999923706055,19.34000015258789,1869600,0.0,0.0
2024-10-02 00:00:00-04:00,19.309999465942383,19.44499969482422,18.75,19.100000381469727,1989900,0.0,0.0
2024-10-03 00:00:00-04:00,18.850000381469727,18.899999618530273,18.469999313354492,18.639999389648438,2456100,0.0,0.0
2024-10-04 00:00:00-04:00,19.020000457763672,19.260000228881836,18.639999389648438,18.829999923706055,1469300,0.0,0.0
2024-10-07 00:00:00-04:00,18.75,18.764999389648438,18.079999923706055,18.25,2294400,0.0,0.0
2024-10-08 00:00:00-04:00,18.110000610351562,18.6200008392334,18.110000610351562,18.200000762939453,1250700,0.0,0.0
2024-10-09 00:00:00-04:00,18.149999618530273,18.389999389648438,17.920000076293945,18.1200008392334,1617600,0.0,0.0
2024-10-10 00:00:00-04:00,17.969999313354492,18.15999984741211,17.790000915527344,17.920000076293945,1528900,0.0,0.0
2024-10-11 00:00:00-04:00,17.93000030517578,18.170000076293945,17.844999313354492,18.1299991607666,1934300,0.0,0.0
2024-10-14 00:00:00-04:00,18.100000381469727,18.190000534057617,17.84000015258789,17.84000015258789,1633000,0.0,0.0
2024-10-15 00:00:00-04:00,17.90999984741211,18.1200008392334,17.639999389648438,17.700000762939453,2444200,0.0,0.0
2024-10-16 00:00:00-04:00,17.799999237060547,18.3799991607666,17.719999313354492,18.18000030517578,1375800,0.0,0.0
2024-10-17 00:00:00-04:00,18.100000381469727,18.299999237060547,17.889999389648438,18.270000457763672,983300,0.0,0.0
2024-10-18 00:00:00-04:00,18.389999389648438,18.94499969482422,18.274999618530273,18.8799991607666,1465200,0.0,0.0
2024-10-21 00:00:00-04:00,18.829999923706055,18.9950008392334,18.540000915527344,18.56999969482422,1697200,0.0,0.0
2024-10-22 00:00:00-04:00,18.59000015258789,18.690000534057617,18.354999542236328,18.65999984741211,1909200,0.0,0.0
2024-10-23 00:00:00-04:00,18.59000015258789,19.09000015258789,18.360000610351562,19.09000015258789,2719500,0.0,0.0
2024-10-24 00:00:00-04:00,19.239999771118164,19.75,18.979999542236328,19.020000457763672,2773200,0.0,0.0
2024-10-25 00:00:00-04:00,19.079999923706055,19.31999969482422,18.799999237060547,18.889999389648438,1891900,0.0,0.0
2024-10-28 00:00:00-04:00,18.989999771118164,19.469999313354492,18.989999771118164,19.229999542236328,2288000,0.0,0.0
2024-10-29 00:00:00-04:00,19.079999923706055,19.299999237060547,18.719999313354492,18.790000915527344,2107000,0.0,0.0
2024-10-30 00:00:00-04:00,18.690000534057617,19.56999969482422,18.649999618530273,19.229999542236328,4087900,0.0,0.0
2024-10-31 00:00:00-04:00,22.0,23.0,20.93000030517578,20.969999313354492,6330600,0.0,0.0
2024-11-01 00:00:00-04:00,21.059999465942383,21.280000686645508,20.690000534057617,20.940000534057617,2955600,0.0,0.0
2024-11-04 00:00:00-05:00,21.030000686645508,21.579999923706055,20.959999084472656,21.280000686645508,2285100,0.0,0.0
2024-11-05 00:00:00-05:00,20.93000030517578,21.2450008392334,20.729999542236328,21.100000381469727,1742400,0.0,0.0
2024-11-06 00:00:00-05:00,21.729999542236328,21.90999984741211,21.450000762939453,21.889999389648438,1490600,0.0,0.0
2024-11-07 00:00:00-05:00,21.65999984741211,21.704999923706055,20.8799991607666,21.399999618530273,4106500,0.0,0.0
2024-11-08 00:00:00-05:00,21.299999237060547,21.3799991607666,20.360000610351562,20.389999389648438,1648200,0.0,0.0
2024-11-11 00:00:00-05:00,20.530000686645508,21.06999969482422,20.350000381469727,20.75,1769600,0.0,0.0
2024-11-12 00:00:00-05:00,20.75,20.959999084472656,20.46500015258789,20.520000457763672,1391800,0.0,0.0
2024-11-13 00:00:00-05:00,20.510000228881836,20.6200008392334,20.28499984741211,20.34000015258789,1457800,0.0,0.0
2024-11-14 00:00:00-05:00,20.329999923706055,20.510000228881836,20.0,20.079999923706055,1036100,0.0,0.0
2024-11-15 00:00:00-05:00,20.139999389648438,20.670000076293945,19.950000762939453,20.56999969482422,1874100,0.0,0.0
2024-11-18 00:00:00-05:00,20.440000534057617,21.489999771118164,20.440000534057617,20.610000610351562,3045200,0.0,0.0
2024-11-19 00:00:00-05:00,20.3799991607666,20.7549991607666,20.1200008392334,20.260000228881836,1379700,0.0,0.0
2024-11-20 00:00:00-05:00,20.25,20.40999984741211,19.940000534057617,20.3700008392334,878800,0.0,0.0
2024-11-21 00:00:00-05:00,20.360000610351562,21.450000762939453,20.360000610351562,21.389999389648438,1955300,0.0,0.0
2024-11-22 00:00:00-05:00,21.5,21.700000762939453,21.219999313354492,21.479999542236328,1721200,0.0,0.0
2024-11-25 00:00:00-05:00,21.799999237060547,22.469999313354492,21.766000747680664,22.18000030517578,2305100,0.0,0.0
2024-11-26 00:00:00-05:00,22.15999984741211,22.15999984741211,21.71500015258789,22.0,2382600,0.0,0.0
2024-11-27 00:00:00-05:00,22.190000534057617,22.670000076293945,22.010000228881836,22.329999923706055,1418200,0.0,0.0
2024-11-29 00:00:00-05:00,22.260000228881836,22.3799991607666,22.18000030517578,22.290000915527344,664100,0.0,0.0
2024-12-02 00:00:00-05:00,22.440000534057617,22.46500015258789,22.09000015258789,22.309999465942383,1721800,0.0,0.0
2024-12-03 00:00:00-05:00,22.219999313354492,22.360000610351562,21.809999465942383,22.0,1709100,0.0,0.0
2024-12-04 00:00:00-05:00,21.8700008392334,22.049999237060547,20.559999465942383,20.56999969482422,2954200,0.0,0.0
2024-12-05 00:00:00-05:00,20.549999237060547,20.809999465942383,19.8799991607666,20.079999923706055,2628900,0.0,0.0
2024-12-06 00:00:00-05:00,20.149999618530273,20.350000381469727,19.719999313354492,19.889999389648438,1515900,0.0,0.0
2024-12-09 00:00:00-05:00,19.899999618530273,20.43000030517578,19.780000686645508,20.010000228881836,1631700,0.0,0.0
2024-12-10 00:00:00-05:00,20.100000381469727,20.253000259399414,19.350000381469727,19.989999771118164,2206700,0.0,0.0
2024-12-11 00:00:00-05:00,20.229999542236328,20.709999084472656,20.170000076293945,20.520000457763672,1855300,0.0,0.0
2024-12-12 00:00:00-05:00,20.59000015258789,20.860000610351562,20.260000228881836,20.299999237060547,1523600,0.0,0.0
2024-12-13 00:00:00-05:00,20.299999237060547,20.344999313354492,19.459999084472656,19.469999313354492,1680300,0.0,0.0
2024-12-16 00:00:00-05:00,19.440000534057617,19.809999465942383,19.354999542236328,19.56999969482422,2282500,0.0,0.0
2024-12-17 00:00:00-05:00,19.399999618530273,19.639999389648438,18.93000030517578,19.239999771118164,1969600,0.0,0.0
2024-12-18 00:00:00-05:00,19.100000381469727,19.260000228881836,18.059999465942383,18.200000762939453,3210800,0.0,0.0
2024-12-19 00:00:00-05:00,18.440000534057617,18.790000915527344,17.700000762939453,18.030000686645508,2106700,0.0,0.0
2024-12-20 00:00:00-05:00,17.920000076293945,18.770000457763672,17.920000076293945,18.700000762939453,6290900,0.0,0.0
2024-12-23 00:00:00-05:00,18.610000610351562,18.8799991607666,18.450000762939453,18.799999237060547,2212100,0.0,0.0
2024-12-24 00:00:00-05:00,18.81999969482422,18.9950008392334,18.65999984741211,18.950000762939453,481200,0.0,0.0
2024-12-26 00:00:00-05:00,18.860000610351562,19.385000228881836,18.799999237060547,19.34000015258789,901300,0.0,0.0
2024-12-27 00:00:00-05:00,19.15999984741211,19.459999084472656,19.065000534057617,19.239999771118164,1339500,0.0,0.0
2024-12-30 00:00:00-05:00,18.950000762939453,19.239999771118164,18.760000228881836,19.110000610351562,1752200,0.0,0.0
2024-12-31 00:00:00-05:00,19.270000457763672,19.450000762939453,19.09000015258789,19.290000915527344,931500,0.0,0.0
2025-01-02 00:00:00-05:00,19.40999984741211,19.799999237060547,19.030000686645508,19.110000610351562,1233400,0.0,0.0
2025-01-03 00:00:00-05:00,19.030000686645508,19.290000915527344,18.780000686645508,19.030000686645508,2232500,0.0,0.0
2025-01-06 00:00:00-05:00,19.139999389648438,19.90999984741211,19.040000915527344,19.6200008392334,1582100,0.0,0.0
2025-01-07 00:00:00-05:00,19.610000610351562,19.950000762939453,19.139999389648438,19.489999771118164,2006600,0.0,0.0
2025-01-08 00:00:00-05:00,19.420000076293945,19.420000076293945,18.639999389648438,19.170000076293945,2204100,0.0,0.0
2025-01-10 00:00:00-05:00,18.899999618530273,18.975000381469727,18.43000030517578,18.579999923706055,2716900,0.0,0.0
2025-01-13 00:00:00-05:00,18.459999084472656,19.170000076293945,18.309999465942383,18.989999771118164,1521900,0.0,0.0
2025-01-14 00:00:00-05:00,19.100000381469727,19.100000381469727,18.485000610351562,18.850000381469727,1251100,0.0,0.0
2025-01-15 00:00:00-05:00,19.18000030517578,19.395000457763672,18.850000381469727,19.18000030517578,1505700,0.0,0.0
2025-01-16 00:00:00-05:00,19.1200008392334,19.239999771118164,18.8799991607666,19.190000534057617,920100,0.0,0.0
2025-01-17 00:00:00-05:00,19.299999237060547,19.889999389648438,19.125,19.829999923706055,1385800,0.0,0.0
2025-01-21 00:00:00-05:00,20.149999618530273,21.0,20.07900047302246,20.549999237060547,2507400,0.0,0.0
2025-01-22 00:00:00-05:00,20.43000030517578,21.084999084472656,20.43000030517578,21.049999237060547,2599000,0.0,0.0
2025-01-23 00:00:00-05:00,21.34000015258789,21.489999771118164,20.979999542236328,21.299999237060547,2444100,0.0,0.0
2025-01-24 00:00:00-05:00,21.290000915527344,21.479999542236328,21.1200008392334,21.450000762939453,2649300,0.0,0.0
2025-01-27 00:00:00-05:00,21.3799991607666,21.780000686645508,21.34000015258789,21.600000381469727,1445900,0.0,0.0
2025-01-28 00:00:00-05:00,21.6299991607666,21.959999084472656,21.3799991607666,21.770000457763672,2189800,0.0,0.0
2025-01-29 00:00:00-05:00,21.68000030517578,21.864999771118164,21.110000610351562,21.3700008392334,1906500,0.0,0.0
2025-01-30 00:00:00-05:00,21.559999465942383,21.764999389648438,21.299999237060547,21.40999984741211,1107900,0.0,0.0
2025-01-31 00:00:00-05:00,21.329999923706055,21.44499969482422,20.5,20.520000457763672,2143100,0.0,0.0
2025-02-03 00:00:00-05:00,20.030000686645508,20.3700008392334,19.100000381469727,20.020000457763672,3253900,0.0,0.0
2025-02-04 00:00:00-05:00,19.860000610351562,20.40999984741211,19.799999237060547,20.1299991607666,2041900,0.0,0.0
2025-02-05 00:00:00-05:00,20.450000762939453,21.0,20.344999313354492,20.56999969482422,4922000,0.0,0.0
2025-02-06 00:00:00-05:00,22.469999313354492,22.68000030517578,21.059999465942383,21.790000915527344,6847700,0.0,0.0
2025-02-07 00:00:00-05:00,21.559999465942383,21.69499969482422,20.90999984741211,21.25,2438400,0.0,0.0
2025-02-10 00:00:00-05:00,21.549999237060547,21.642000198364258,21.075000762939453,21.229999542236328,2279500,0.0,0.0
2025-02-11 00:00:00-05:00,21.09000015258789,21.280000686645508,20.690000534057617,21.020000457763672,1862600,0.0,0.0
2025-02-12 00:00:00-05:00,20.770000457763672,20.920000076293945,20.420000076293945,20.860000610351562,1346400,0.0,0.0
2025-02-13 00:00:00-05:00,21.040000915527344,21.520000457763672,20.860000610351562,21.510000228881836,1992300,0.0,0.0
2025-02-14 00:00:00-05:00,21.579999923706055,21.709999084472656,21.440000534057617,21.6200008392334,957200,0.0,0.0
2025-02-18 00:00:00-05:00,21.6299991607666,22.239999771118164,21.540000915527344,22.149999618530273,2669000,0.0,0.0
2025-02-19 00:00:00-05:00,21.829999923706055,22.009000778198242,21.3799991607666,21.760000228881836,1835600,0.0,0.0
2025-02-20 00:00:00-05:00,21.770000457763672,21.959999084472656,21.270000457763672,21.450000762939453,1632300,0.0,0.0
2025-02-21 00:00:00-05:00,21.420000076293945,21.75,20.635000228881836,20.8700008392334,1424000,0.0,0.0
2025-02-24 00:00:00-05:00,20.920000076293945,21.479999542236328,20.280000686645508,21.389999389648438,2779100,0.0,0.0
2025-02-25 00:00:00-05:00,21.3799991607666,21.40999984741211,20.040000915527344,20.65999984741211,2828000,0.0,0.0
2025-02-26 00:00:00-05:00,20.65999984741211,21.209999084472656,20.56999969482422,20.729999542236328,1673600,0.0,0.0
2025-02-27 00:00:00-05:00,20.65999984741211,20.719999313354492,19.770000457763672,19.860000610351562,1965900,0.0,0.0
2025-02-28 00:00:00-05:00,19.799999237060547,19.979999542236328,19.520000457763672,19.979999542236328,2779000,0.0,0.0
2025-03-03 00:00:00-05:00,20.0,20.100000381469727,18.850000381469727,19.020000457763672,2523000,0.0,0.0
2025-03-04 00:00:00-05:00,18.709999084472656,18.850000381469727,18.25,18.6200008392334,3690400,0.0,0.0
2025-03-05 00:00:00-05:00,18.600000381469727,18.670000076293945,17.454999923706055,18.239999771118164,4791500,0.0,0.0
2025-03-06 00:00:00-05:00,17.8799991607666,18.100000381469727,17.645000457763672,17.829999923706055,2786600,0.0,0.0
2025-03-07 00:00:00-05:00,17.709999084472656,18.600000381469727,17.385000228881836,18.43000030517578,3087600,0.0,0.0
2025-03-10 00:00:00-04:00,18.18000030517578,18.30500030517578,17.5,17.510000228881836,3168300,0.0,0.0
2025-03-11 00:00:00-04:00,17.549999237060547,17.725000381469727,16.889999389648438,17.1299991607666,3221900,0.0,0.0
2025-03-12 00:00:00-04:00,17.3799991607666,17.65999984741211,16.709999084472656,16.739999771118164,2503500,0.0,0.0
2025-03-13 00:00:00-04:00,16.700000762939453,16.854999542236328,16.05500030517578,16.25,2778800,0.0,0.0
2025-03-14 00:00:00-04:00,16.40999984741211,16.655000686645508,16.219999313354492,16.649999618530273,3077800,0.0,0.0
2025-03-17 00:00:00-04:00,16.59000015258789,17.31999969482422,16.520000457763672,17.170000076293945,3641500,0.0,0.0
2025-03-18 00:00:00-04:00,17.09000015258789,17.309999465942383,16.790000915527344,16.899999618530273,2093800,0.0,0.0
2025-03-19 00:00:00-04:00,16.899999618530273,17.100000381469727,16.684999465942383,17.0,1852000,0.0,0.0
2025-03-20 00:00:00-04:00,16.700000762939453,17.34000015258789,16.639999389648438,16.8799991607666,1746200,0.0,0.0
2025-03-21 00:00:00-04:00,16.670000076293945,16.94499969482422,16.489999771118164,16.65999984741211,12252500,0.0,0.0
2025-03-24 00:00:00-04:00,16.979999542236328,17.549999237060547,16.920000076293945,17.479999542236328,2621000,0.0,0.0
2025-03-25 00:00:00-04:00,17.489999771118164,17.735000610351562,17.299999237060547,17.450000762939453,1982300,0.0,0.0
2025-03-26 00:00:00-04:00,17.3700008392334,17.709999084472656,17.280000686645508,17.56999969482422,3998600,0.0,0.0
2025-03-27 00:00:00-04:00,17.510000228881836,18.040000915527344,17.389999389648438,18.030000686645508,3967300,0.0,0.0
2025-03-28 00:00:00-04:00,17.850000381469727,18.0,16.719999313354492,16.969999313354492,6605400,0.0,0.0
2025-03-31 00:00:00-04:00,16.760000228881836,17.510000228881836,16.614999771118164,17.260000228881836,3694900,0.0,0.0
2025-04-01 00:00:00-04:00,17.190000534057617,17.549999237060547,16.90999984741211,17.100000381469727,3257000,0.0,0.0
2025-04-02 00:00:00-04:00,16.899999618530273,17.670000076293945,16.790000915527344,17.510000228881836,4197000,0.0,0.0
2025-04-03 00:00:00-04:00,16.670000076293945,16.850000381469727,15.960000038146973,16.100000381469727,5085200,0.0,0.0
2025-04-04 00:00:00-04:00,15.420000076293945,15.649999618530273,14.770000457763672,15.479999542236328,5800000,0.0,0.0
2025-04-07 00:00:00-04:00,14.729999542236328,16.09000015258789,14.609999656677246,15.289999961853027,4063200,0.0,0.0
2025-04-08 00:00:00-04:00,15.869999885559082,16.010000228881836,14.470000267028809,14.760000228881836,3855600,0.0,0.0
2025-04-09 00:00:00-04:00,14.649999618530273,16.65999984741211,14.220000267028809,16.440000534057617,4266300,0.0,0.0
2025-04-10 00:00:00-04:00,16.059999465942383,16.125,15.020000457763672,15.539999961853027,3148500,0.0,0.0
2025-04-11 00:00:00-04:00,15.600000381469727,15.710000038146973,15.125,15.460000038146973,2446200,0.0,0.0
2025-04-14 00:00:00-04:00,15.819999694824219,15.84000015258789,15.350000381469727,15.619999885559082,1383800,0.0,0.0
2025-04-15 00:00:00-04:00,15.260000228881836,15.640000343322754,15.050000190734863,15.140000343322754,1800300,0.0,0.0
2025-04-16 00:00:00-04:00,15.020000457763672,15.350000381469727,14.829999923706055,15.020000457763672,3238700,0.0,0.0
2025-04-17 00:00:00-04:00,14.829999923706055,15.25,14.789999961853027,15.180000305175781,2104700,0.0,0.0
2025-04-21 00:00:00-04:00,14.989999771118164,15.149999618530273,14.720000267028809,14.869999885559082,2281100,0.0,0.0
2025-04-22 00:00:00-04:00,15.020000457763672,15.239999771118164,14.850000381469727,15.170000076293945,1770800,0.0,0.0
2025-04-23 00:00:00-04:00,15.960000038146973,16.81999969482422,15.619999885559082,15.720000267028809,2890600,0.0,0.0
2025-04-24 00:00:00-04:00,15.5,16.020000457763672,15.5,15.979999542236328,1607400,0.0,0.0
2025-04-25 00:00:00-04:00,15.920000076293945,16.260000228881836,15.619999885559082,15.9399995803833,2273500,0.0,0.0
2025-04-28 00:00:00-04:00,15.880000114440918,16.21500015258789,15.760000228881836,15.960000038146973,3097100,0.0,0.0
2025-04-29 00:00:00-04:00,15.949999809265137,16.450000762939453,15.819999694824219,16.200000762939453,1818400,0.0,0.0
2025-04-30 00:00:00-04:00,15.710000038146973,16.094999313354492,15.489999771118164,16.079999923706055,4760200,0.0,0.0
2025-05-01 00:00:00-04:00,16.3799991607666,16.604999542236328,15.989999771118164,16.34000015258789,5975200,0.0,0.0
2025-05-02 00:00:00-04:00,17.094999313354492,17.59000015258789,16.559999465942383,16.989999771118164,3541500,0.0,0.0
2025-05-05 00:00:00-04:00,16.780000686645508,17.065000534057617,16.290000915527344,16.969999313354492,2761000,0.0,0.0
2025-05-06 00:00:00-04:00,16.700000762939453,16.799999237060547,16.31999969482422,16.389999389648438,2507700,0.0,0.0
2025-05-07 00:00:00-04:00,16.520000457763672,16.8700008392334,16.329999923706055,16.84000015258789,2322700,0.0,0.0
2025-05-08 00:00:00-04:00,17.100000381469727,18.06999969482422,16.81999969482422,17.770000457763672,2280500,0.0,0.0
2025-05-09 00:00:00-04:00,17.780000686645508,17.829999923706055,17.469999313354492,17.59000015258789,1751500,0.0,0.0
2025-05-12 00:00:00-04:00,18.690000534057617,19.299999237060547,18.315000534057617,18.549999237060547,2391200,0.0,0.0
2025-05-13 00:00:00-04:00,18.700000762939453,18.84000015258789,18.489999771118164,18.610000610351562,1212800,0.0,0.0
2025-05-14 00:00:00-04:00,18.450000762939453,18.549999237060547,17.885000228881836,17.93000030517578,3036000,0.0,0.0
2025-05-15 00:00:00-04:00,17.850000381469727,18.15999984741211,17.59000015258789,18.09000015258789,2346800,0.0,0.0
2025-05-16 00:00:00-04:00,18.049999237060547,18.291000366210938,17.93000030517578,18.270000457763672,1826900,0.0,0.0
2025-05-19 00:00:00-04:00,17.8700008392334,18.059999465942383,17.665000915527344,17.700000762939453,2576900,0.0,0.0
2025-05-20 00:00:00-04:00,17.65999984741211,18.040000915527344,17.579999923706055,17.770000457763672,4925700,0.0,0.0
2025-05-21 00:00:00-04:00,17.540000915527344,17.670000076293945,16.6299991607666,16.639999389648438,2120400,0.0,0.0
2025-05-22 00:00:00-04:00,16.540000915527344,17.06999969482422,16.40999984741211,16.8700008392334,2455400,0.0,0.0
2025-05-23 00:00:00-04:00,16.510000228881836,16.790000915527344,16.510000228881836,16.719999313354492,2062600,0.0,0.0
2025-05-27 00:00:00-04:00,17.030000686645508,18.06999969482422,17.030000686645508,18.0,3579100,0.0,0.0
2025-05-28 00:00:00-04:00,18.0,18.545000076293945,17.8700008392334,18.530000686645508,4238100,0.0,0.0
2025-05-29 00:00:00-04:00,18.690000534057617,18.719999313354492,18.190000534057617,18.459999084472656,3753200,0.0,0.0
2025-05-30 00:00:00-04:00,18.270000457763672,18.530000686645508,18.045000076293945,18.270000457763672,2560800,0.0,0.0
2025-06-02 00:00:00-04:00,18.190000534057617,18.270000457763672,17.780000686645508,18.100000381469727,1678200,0.0,0.0
2025-06-03 00:00:00-04:00,18.170000076293945,18.790000915527344,17.905000686645508,18.729999542236328,3337500,0.0,0.0
2025-06-04 00:00:00-04:00,18.719999313354492,18.950000762939453,18.489999771118164,18.75,1611400,0.0,0.0
2025-06-05 00:00:00-04:00,18.760000228881836,18.899999618530273,18.56100082397461,18.68000030517578,1189500,0.0,0.0
2025-06-06 00:00:00-04:00,18.950000762939453,19.114999771118164,18.649999618530273,18.729999542236328,1271400,0.0,0.0
2025-06-09 00:00:00-04:00,18.93000030517578,19.329999923706055,18.809999465942383,19.020000457763672,1820400,0.0,0.0
2025-06-10 00:00:00-04:00,19.18000030517578,19.459999084472656,18.975000381469727,19.139999389648438,1899800,0.0,0.0
2025-06-11 00:00:00-04:00,19.229999542236328,19.405000686645508,19.0,19.229999542236328,1948200,0.0,0.0
2025-06-12 00:00:00-04:00,19.010000228881836,19.174999237060547,18.795000076293945,18.8700008392334,1366700,0.0,0.0
2025-06-13 00:00:00-04:00,18.520000457763672,18.760000228881836,18.25,18.450000762939453,1656700,0.0,0.0
2025-06-16 00:00:00-04:00,18.610000610351562,19.065000534057617,18.389999389648438,18.979999542236328,1788000,0.0,0.0
2025-06-17 00:00:00-04:00,18.700000762939453,18.959999084472656,18.280000686645508,18.43000030517578,1811200,0.0,0.0
2025-06-18 00:00:00-04:00,18.40999984741211,18.815000534057617,18.25,18.610000610351562,1604900,0.0,0.0
2025-06-20 00:00:00-04:00,18.75,19.1200008392334,18.469999313354492,18.889999389648438,3200200,0.0,0.0
2025-06-23 00:00:00-04:00,18.6299991607666,19.0,18.31999969482422,18.899999618530273,2281700,0.0,0.0
2025-06-24 00:00:00-04:00,19.110000610351562,19.170000076293945,18.719999313354492,18.940000534057617,1938700,0.0,0.0
2025-06-25 00:00:00-04:00,19.030000686645508,19.44499969482422,18.860000610351562,19.350000381469727,1600200,0.0,0.0
2025-06-26 00:00:00-04:00,19.450000762939453,19.704999923706055,19.309999465942383,19.649999618530273,1334300,0.0,0.0
2025-06-27 00:00:00-04:00,19.559999465942383,19.90999984741211,19.469999313354492,19.670000076293945,2564800,0.0,0.0
2025-06-30 00:00:00-04:00,19.670000076293945,19.809999465942383,19.43000030517578,19.540000915527344,2020600,0.0,0.0
2025-07-01 00:00:00-04:00,19.31999969482422,20.43000030517578,19.31999969482422,20.020000457763672,2676300,0.0,0.0
2025-07-02 00:00:00-04:00,19.959999084472656,20.280000686645508,19.7549991607666,20.170000076293945,2168000,0.0,0.0
2025-07-03 00:00:00-04:00,20.18000030517578,20.5,20.014999389648438,20.389999389648438,1002900,0.0,0.0
2025-07-07 00:00:00-04:00,20.229999542236328,20.429000854492188,19.6200008392334,19.670000076293945,2289300,0.0,0.0
2025-07-08 00:00:00-04:00,19.729999542236328,20.489999771118164,19.729999542236328,20.149999618530273,1657700,0.0,0.0
2025-07-09 00:00:00-04:00,20.290000915527344,20.579999923706055,20.010000228881836,20.3799991607666,1739300,0.0,0.0
2025-07-10 00:00:00-04:00,20.520000457763672,21.079999923706055,20.280000686645508,20.719999313354492,2383800,0.0,0.0
2025-07-11 00:00:00-04:00,20.510000228881836,20.600000381469727,20.170000076293945,20.200000762939453,1855500,0.0,0.0
2025-07-14 00:00:00-04:00,20.040000915527344,20.190000534057617,19.78499984741211,20.030000686645508,1449700,0.0,0.0
2025-07-15 00:00:00-04:00,20.25,20.264999389648438,19.68000030517578,19.809999465942383,2097800,0.0,0.0
2025-07-16 00:00:00-04:00,19.889999389648438,19.979999542236328,19.399999618530273,19.719999313354492,1689900,0.0,0.0
2025-07-17 00:00:00-04:00,19.6299991607666,19.844999313354492,19.6200008392334,19.75,1190100,0.0,0.0
2025-07-18 00:00:00-04:00,19.93000030517578,19.96500015258789,19.329999923706055,19.510000228881836,1980900,0.0,0.0
2025-07-21 00:00:00-04:00,19.760000228881836,19.979999542236328,19.434999465942383,19.469999313354492,1552800,0.0,0.0
2025-07-22 00:00:00-04:00,19.559999465942383,20.200000762939453,19.559999465942383,20.040000915527344,2462000,0.0,0.0
2025-07-23 00:00:00-04:00,20.399999618530273,20.954999923706055,20.219999313354492,20.75,2143700,0.0,0.0
2025-07-24 00:00:00-04:00,20.729999542236328,20.940000534057617,20.56999969482422,20.670000076293945,2303800,0.0,0.0
2025-07-25 00:00:00-04:00,20.770000457763672,20.920000076293945,20.3700008392334,20.799999237060547,2277900,0.0,0.0
2025-07-28 00:00:00-04:00,20.799999237060547,21.014999389648438,20.549999237060547,20.739999771118164,2105300,0.0,0.0
2025-07-29 00:00:00-04:00,20.790000915527344,20.790000915527344,20.219999313354492,20.299999237060547,2963000,0.0,0.0
2025-07-30 00:00:00-04:00,20.350000381469727,20.420000076293945,19.864999771118164,19.959999084472656,2376000,0.0,0.0
2025-07-31 00:00:00-04:00,19.40999984741211,19.6299991607666,18.770000457763672,18.889999389648438,8145200,0.0,0.0
2025-08-01 00:00:00-04:00,20.235000610351562,20.920000076293945,19.729999542236328,20.829999923706055,6349500,0.0,0.0
2025-08-04 00:00:00-04:00,21.049999237060547,21.149999618530273,20.360000610351562,20.479999542236328,3198900,0.0,0.0
2025-08-05 00:00:00-04:00,20.5,20.59000015258789,19.799999237060547,20.06999969482422,2770700,0.0,0.0
2025-08-06 00:00:00-04:00,20.1200008392334,20.399999618530273,19.350000381469727,19.709999084472656,2827300,0.0,0.0
2025-08-07 00:00:00-04:00,19.940000534057617,20.270000457763672,19.559999465942383,20.09000015258789,2077400,0.0,0.0
2025-08-08 00:00:00-04:00,20.149999618530273,20.34000015258789,19.940000534057617,20.239999771118164,1698300,0.0,0.0
2025-08-11 00:00:00-04:00,20.280000686645508,20.690000534057617,20.15999984741211,20.15999984741211,2029600,0.0,0.0
2025-08-12 00:00:00-04:00,20.299999237060547,21.0,20.260000228881836,20.889999389648438,1717900,0.0,0.0
2025-08-13 00:00:00-04:00,20.979999542236328,21.584999084472656,20.940000534057617,21.559999465942383,2380300,0.0,0.0
2025-08-14 00:00:00-04:00,21.149999618530273,21.149999618530273,20.59000015258789,20.81999969482422,2226900,0.0,0.0
2025-08-15 00:00:00-04:00,20.959999084472656,21.010000228881836,20.600000381469727,20.639999389648438,1690500,0.0,0.0
2025-08-18 00:00:00-04:00,20.649999618530273,20.860000610351562,20.5,20.770000457763672,2387500,0.0,0.0
2025-08-19 00:00:00-04:00,20.690000534057617,21.09000015258789,20.610000610351562,20.709999084472656,1380200,0.0,0.0
2025-08-20 00:00:00-04:00,20.649999618530273,20.860000610351562,20.510000228881836,20.719999313354492,1426100,0.0,0.0
2025-08-21 00:00:00-04:00,20.459999084472656,20.690000534057617,20.3700008392334,20.459999084472656,858500,0.0,0.0
2025-08-22 00:00:00-04:00,20.739999771118164,21.729999542236328,20.55500030517578,21.719999313354492,1558800,0.0,0.0
2025-08-25 00:00:00-04:00,21.600000381469727,21.625,21.110000610351562,21.1200008392334,1140800,0.0,0.0
2025-08-26 00:00:00-04:00,21.15999984741211,21.475000381469727,21.040000915527344,21.139999389648438,1299200,0.0,0.0
2025-08-27 00:00:00-04:00,21.010000228881836,21.440000534057617,20.90999984741211,21.239999771118164,2782400,0.0,0.0
2025-08-28 00:00:00-04:00,21.219999313354492,21.280000686645508,20.969999313354492,21.25,896600,0.0,0.0
2025-08-29 00:00:00-04:00,21.25,21.40999984741211,20.969999313354492,21.18000030517578,1038700,0.0,0.0
2025-09-02 00:00:00-04:00,20.799999237060547,20.90999984741211,20.545000076293945,20.719999313354492,1010700,0.0,0.0
2025-09-03 00:00:00-04:00,20.610000610351562,20.829999923706055,20.170000076293945,20.299999237060547,1829500,0.0,0.0
2025-09-04 00:00:00-04:00,20.309999465942383,20.799999237060547,20.059999465942383,20.780000686645508,2587700,0.0,0.0
2025-09-05 00:00:00-04:00,20.850000381469727,21.450000762939453,20.738000869750977,21.309999465942383,1910100,0.0,0.0
2025-09-08 00:00:00-04:00,21.31999969482422,21.385000228881836,20.90999984741211,21.149999618530273,1430500,0.0,0.0
2025-09-09 00:00:00-04:00,21.049999237060547,21.139999389648438,20.780000686645508,20.809999465942383,1242300,0.0,0.0
2025-09-10 00:00:00-04:00,20.899999618530273,21.450000762939453,20.600000381469727,20.770000457763672,1757200,0.0,0.0
2025-09-11 00:00:00-04:00,20.81999969482422,21.6299991607666,20.690000534057617,21.610000610351562,1536900,0.0,0.0
2025-09-12 00:00:00-04:00,21.510000228881836,21.510000228881836,20.979999542236328,21.010000228881836,1223500,0.0,0.0
2025-09-15 00:00:00-04:00,21.100000381469727,21.2549991607666,20.864999771118164,21.1299991607666,1349700,0.0,0.0
2025-09-16 00:00:00-04:00,21.260000228881836,21.31999969482422,20.709999084472656,21.100000381469727,1980300,0.0,0.0
2025-09-17 00:00:00-04:00,21.1200008392334,21.6299991607666,20.799999237060547,20.979999542236328,1940200,0.0,0.0
2025-09-18 00:00:00-04:00,21.110000610351562,21.2450008392334,20.709999084472656,21.030000686645508,2713000,0.0,0.0
2025-09-19 00:00:00-04:00,21.040000915527344,21.1200008392334,20.729999542236328,20.93000030517578,4326100,0.0,0.0
2025-09-22 00:00:00-04:00,20.93000030517578,21.094999313354492,20.78499984741211,20.889999389648438,1828100,0.0,0.0
2025-09-23 00:00:00-04:00,20.899999618530273,21.309999465942383,20.799999237060547,20.84000015258789,1931600,0.0,0.0
2025-09-24 00:00:00-04:00,20.780000686645508,21.075000762939453,20.520000457763672,20.549999237060547,960900,0.0,0.0
2025-09-25 00:00:00-04:00,20.25,20.295000076293945,19.809999465942383,19.989999771118164,1569500,0.0,0.0
2025-09-26 00:00:00-04:00,20.0,20.43000030517578,19.8799991607666,20.350000381469727,1945200,0.0,0.0
2025-09-29 00:00:00-04:00,20.450000762939453,20.450000762939453,20.100000381469727,20.229999542236328,2378500,0.0,0.0
2025-09-30 00:00:00-04:00,20.209999084472656,20.40999984741211,19.844999313354492,20.3700008392334,2385000,0.0,0.0
2025-10-01 00:00:00-04:00,20.299999237060547,20.610000610351562,19.799999237060547,20.360000610351562,2264700,0.0,0.0
2025-10-02 00:00:00-04:00,20.34000015258789,20.6299991607666,20.225000381469727,20.56999969482422,1181000,0.0,0.0
2025-10-03 00:00:00-04:00,20.739999771118164,21.239999771118164,20.625,20.850000381469727,2013800,0.0,0.0
2025-10-06 00:00:00-04:00,20.84000015258789,21.045000076293945,20.280000686645508,20.6299991607666,2983500,0.0,0.0
2025-10-07 00:00:00-04:00,20.700000762939453,20.829999923706055,20.334999084472656,20.420000076293945,1322200,0.0,0.0
2025-10-08 00:00:00-04:00,20.610000610351562,20.649999618530273,20.280000686645508,20.579999923706055,1795000,0.0,0.0
2025-10-09 00:00:00-04:00,20.600000381469727,20.600000381469727,20.149999618530273,20.190000534057617,1327300,0.0,0.0
2025-10-10 00:00:00-04:00,20.049999237060547,20.1299991607666,19.020000457763672,19.059999465942383,3642200,0.0,0.0
2025-10-13 00:00:00-04:00,19.399999618530273,19.45800018310547,19.15999984741211,19.219999313354492,1722700,0.0,0.0
2025-10-14 00:00:00-04:00,18.899999618530273,19.56999969482422,18.770000457763672,19.450000762939453,1945800,0.0,0.0
2025-10-15 00:00:00-04:00,19.600000381469727,20.079999923706055,19.399999618530273,19.610000610351562,2088000,0.0,0.0
2025-10-16 00:00:00-04:00,19.709999084472656,19.90999984741211,19.375,19.729999542236328,1473500,0.0,0.0
2025-10-17 00:00:00-04:00,19.739999771118164,20.010000228881836,19.649999618530273,19.959999084472656,1535500,0.0,0.0
2025-10-20 00:00:00-04:00,20.18000030517578,20.350000381469727,20.040000915527344,20.139999389648438,1676100,0.0,0.0
2025-10-21 00:00:00-04:00,20.059999465942383,20.260000228881836,19.899999618530273,20.079999923706055,1444500,0.0,0.0
2025-10-22 00:00:00-04:00,20.049999237060547,20.329999923706055,19.829999923706055,19.84000015258789,2158700,0.0,0.0
2025-10-23 00:00:00-04:00,19.829999923706055,20.25,19.711999893188477,20.219999313354492,1917300,0.0,0.0
2025-10-24 00:00:00-04:00,20.43000030517578,20.59000015258789,20.325000762939453,20.360000610351562,1273600,0.0,0.0
2025-10-27 00:00:00-04:00,20.450000762939453,20.639999389648438,20.260000228881836,20.350000381469727,1411200,0.0,0.0
2025-10-28 00:00:00-04:00,20.18000030517578,20.420000076293945,20.0049991607666,20.059999465942383,1366100,0.0,0.0
2025-10-29 00:00:00-04:00,20.0,20.454999923706055,19.899999618530273,19.979999542236328,2005200,0.0,0.0
2025-10-30 00:00:00-04:00,20.600000381469727,21.229999542236328,19.600000381469727,20.139999389648438,6205300,0.0,0.0
2025-10-31 00:00:00-04:00,20.1200008392334,20.3700008392334,18.93000030517578,20.350000381469727,4988100,0.0,0.0
2025-11-03 00:00:00-05:00,20.18000030517578,20.665000915527344,19.850000381469727,20.09000015258789,3705500,0.0,0.0
2025-11-04 00:00:00-05:00,19.950000762939453,20.280000686645508,19.75,20.149999618530273,2491500,0.0,0.0
2025-11-05 00:00:00-05:00,20.079999923706055,20.190000534057617,19.510000228881836,20.149999618530273,2035600,0.0,0.0
2025-11-06 00:00:00-05:00,19.940000534057617,20.100000381469727,19.399999618530273,19.479999542236328,1773600,0.0,0.0
2025-11-07 00:00:00-05:00,19.360000610351562,19.75,19.360000610351562,19.450000762939453,2856500,0.0,0.0
2025-11-10 00:00:00-05:00,19.549999237060547,20.125,19.469999313354492,20.049999237060547,1567800,0.0,0.0
2025-11-11 00:00:00-05:00,20.09000015258789,20.479999542236328,19.860000610351562,20.209999084472656,1438000,0.0,0.0
2025-11-12 00:00:00-05:00,20.309999465942383,20.450000762939453,20.059999465942383,20.1200008392334,1667000,0.0,0.0
2025-11-13 00:00:00-05:00,19.860000610351562,20.270000457763672,19.829999923706055,19.889999389648438,1514000,0.0,0.0
2025-11-14 00:00:00-05:00,19.68000030517578,19.834999084472656,19.344999313354492,19.399999618530273,1647600,0.0,0.0
2025-11-17 00:00:00-05:00,19.25,19.489999771118164,18.989999771118164,19.110000610351562,1563600,0.0,0.0
2025-11-18 00:00:00-05:00,19.079999923706055,19.260000228881836,18.770000457763672,19.1299991607666,1511100,0.0,0.0
2025-11-19 00:00:00-05:00,19.110000610351562,19.25,18.790000915527344,18.950000762939453,1704300,0.0,0.0
2025-11-20 00:00:00-05:00,19.079999923706055,19.31999969482422,18.895000457763672,19.110000610351562,1674900,0.0,0.0
2025-11-21 00:00:00-05:00,19.170000076293945,20.15999984741211,19.170000076293945,19.889999389648438,1918400,0.0,0.0
2025-11-24 00:00:00-05:00,19.920000076293945,20.469999313354492,19.670000076293945,20.200000762939453,2094200,0.0,0.0
2025-11-25 00:00:00-05:00,20.299999237060547,21.065000534057617,20.219999313354492,21.049999237060547,2435800,0.0,0.0
2025-11-26 00:00:00-05:00,21.030000686645508,21.1299991607666,20.81100082397461,20.989999771118164,1419500,0.0,0.0
2025-11-28 00:00:00-05:00,20.950000762939453,21.100000381469727,20.829999923706055,20.899999618530273,570100,0.0,0.0
2025-12-01 00:00:00-05:00,20.600000381469727,20.889999389648438,20.600000381469727,20.770000457763672,1214900,0.0,0.0
2025-12-02 00:00:00-05:00,20.81999969482422,20.81999969482422,20.170000076293945,20.18000030517578,2443200,0.0,0.0
2025-12-03 00:00:00-05:00,20.31999969482422,20.570999145507812,20.239999771118164,20.450000762939453,2125000,0.0,0.0
2025-12-04 00:00:00-05:00,20.360000610351562,20.524999618530273,20.049999237060547,20.1299991607666,1838500,0.0,0.0
2025-12-05 00:00:00-05:00,20.15999984741211,20.459999084472656,20.030000686645508,20.229999542236328,2412000,0.0,0.0
2025-12-08 00:00:00-05:00,20.229999542236328,20.416000366210938,19.989999771118164,20.010000228881836,1966200,0.0,0.0
2025-12-09 00:00:00-05:00,20.239999771118164,21.065000534057617,19.889999389648438,20.6200008392334,2620500,0.0,0.0
2025-12-10 00:00:00-05:00,20.729999542236328,22.479999542236328,20.729999542236328,22.100000381469727,4484700,0.0,0.0
2025-12-11 00:00:00-05:00,22.170000076293945,22.424999237060547,21.989999771118164,22.139999389648438,2143000,0.0,0.0
2025-12-12 00:00:00-05:00,22.18000030517578,22.299999237060547,21.760000228881836,21.969999313354492,2048300,0.0,0.0
2025-12-15 00:00:00-05:00,22.149999618530273,22.399999618530273,21.90999984741211,22.059999465942383,2266900,0.0,0.0
2025-12-16 00:00:00-05:00,22.010000228881836,22.229999542236328,21.530000686645508,21.899999618530273,3046600,0.0,0.0
2025-12-17 00:00:00-05:00,21.8799991607666,22.030000686645508,21.584999084472656,21.850000381469727,2551000,0.0,0.0
2025-12-18 00:00:00-05:00,22.100000381469727,22.440000534057617,22.0,22.25,3559800,0.0,0.0
2025-12-19 00:00:00-05:00,22.190000534057617,22.399999618530273,21.989999771118164,22.280000686645508,4234300,0.0,0.0
2025-12-22 00:00:00-05:00,22.280000686645508,22.670000076293945,22.280000686645508,22.440000534057617,2278200,0.0,0.0
2025-12-23 00:00:00-05:00,22.25,22.299999237060547,21.690000534057617,21.8700008392334,2266300,0.0,0.0
2025-12-24 00:00:00-05:00,21.979999542236328,22.110000610351562,21.81999969482422,22.0,589700,0.0,0.0
2025-12-26 00:00:00-05:00,21.940000534057617,22.045000076293945,21.760000228881836,21.989999771118164,1300100,0.0,0.0
2025-12-29 00:00:00-05:00,21.950000762939453,22.135000228881836,21.719999313354492,21.809999465942383,1463500,0.0,0.0
2025-12-30 00:00:00-05:00,21.799999237060547,22.040000915527344,21.799999237060547,21.90999984741211,1400900,0.0,0.0
2025-12-31 00:00:00-05:00,21.899999618530273,22.010000228881836,21.700000762939453,21.709999084472656,1216800,0.0,0.0
2026-01-02 00:00:00-05:00,21.84000015258789,21.9950008392334,21.575000762939453,21.690000534057617,1395600,0.0,0.0
2026-01-05 00:00:00-05:00,21.68000030517578,22.610000610351562,21.6299991607666,22.549999237060547,1734300,0.0,0.0
2026-01-06 00:00:00-05:00,22.530000686645508,23.329999923706055,22.454999923706055,23.209999084472656,2218500,0.0,0.0
2026-01-07 00:00:00-05:00,23.270000457763672,23.520000457763672,22.635000228881836,22.93000030517578,2667400,0.0,0.0
2026-01-08 00:00:00-05:00,22.90999984741211,23.709999084472656,22.90999984741211,23.6200008392334,1875500,0.0,0.0
2026-01-09 00:00:00-05:00,23.600000381469727,23.969999313354492,23.09000015258789,23.6299991607666,2500400,0.0,0.0
2026-01-12 00:00:00-05:00,23.450000762939453,23.68000030517578,22.719999313354492,23.3799991607666,3130500,0.0,0.0
2026-01-13 00:00:00-05:00,23.440000534057617,23.510000228881836,23.03499984741211,23.229999542236328,1746300,0.0,0.0
2026-01-14 00:00:00-05:00,23.18000030517578,24.25,23.045000076293945,24.200000762939453,3126500,0.0,0.0
2026-01-15 00:00:00-05:00,24.170000076293945,24.850000381469727,23.954999923706055,24.690000534057617,3660800,0.0,0.0
2026-01-16 00:00:00-05:00,24.700000762939453,25.405000686645508,24.6299991607666,25.239999771118164,4039500,0.0,0.0
2026-01-20 00:00:00-05:00,25.229999542236328,25.290000915527344,24.270000457763672,24.34000015258789,2659100,0.0,0.0
2026-01-21 00:00:00-05:00,24.6299991607666,24.834999084472656,24.350000381469727,24.670000076293945,2559000,0.0,0.0
2026-01-22 00:00:00-05:00,24.790000915527344,25.079999923706055,24.31999969482422,24.40999984741211,1843500,0.0,0.0
2026-01-23 00:00:00-05:00,24.299999237060547,24.65999984741211,23.809999465942383,23.84000015258789,1753500,0.0,0.0
2026-01-26 00:00:00-05:00,23.860000610351562,24.350000381469727,23.700000762939453,24.049999237060547,1946900,0.0,0.0
2026-01-27 00:00:00-05:00,23.940000534057617,24.479999542236328,23.719999313354492,24.110000610351562,1717800,0.0,0.0
2026-01-28 00:00:00-05:00,24.110000610351562,24.270000457763672,23.690000534057617,24.079999923706055,2676200,0.0,0.0
2026-01-29 00:00:00-05:00,24.170000076293945,24.219999313354492,22.954999923706055,23.389999389648438,3327000,0.0,0.0
2026-01-30 00:00:00-05:00,23.329999923706055,23.59000015258789,22.979999542236328,23.469999313354492,3283900,0.0,0.0
2026-02-02 00:00:00-05:00,23.31999969482422,23.600000381469727,23.05500030517578,23.260000228881836,4978600,0.0,0.0
2026-02-03 00:00:00-05:00,23.360000610351562,23.690000534057617,22.75,22.90999984741211,3309200,0.0,0.0
2026-02-04 00:00:00-05:00,23.260000228881836,24.09000015258789,23.1200008392334,23.65999984741211,3336300,0.0,0.0
2026-02-05 00:00:00-05:00,23.780000686645508,25.079999923706055,23.700000762939453,24.709999084472656,9458600,0.0,0.0
2026-02-06 00:00:00-05:00,27.905000686645508,29.274999618530273,26.739999771118164,29.100000381469727,9980900,0.0,0.0
2026-02-09 00:00:00-05:00,29.1299991607666,29.81999969482422,28.774999618530273,29.360000610351562,4899300,0.0,0.0
2026-02-10 00:00:00-05:00,29.530000686645508,30.360000610351562,29.139999389648438,30.170000076293945,3986800,0.0,0.0
2026-02-11 00:00:00-05:00,30.219999313354492,30.420000076293945,29.531999588012695,30.260000228881836,3500000,0.0,0.0
2026-02-12 00:00:00-05:00,30.09000015258789,30.260000228881836,28.46500015258789,28.770000457763672,4347500,0.0,0.0
2026-02-13 00:00:00-05:00,29.0,29.270000457763672,28.719999313354492,28.969999313354492,2193400,0.0,0.0
2026-02-17 00:00:00-05:00,28.75,29.139999389648438,27.959999084472656,28.06999969482422,3199900,0.0,0.0
2026-02-18 00:00:00-05:00,28.010000228881836,28.780000686645508,28.010000228881836,28.5,3598900,0.0,0.0
2026-02-19 00:00:00-05:00,28.5,29.100000381469727,28.3700008392334,28.719999313354492,2459600,0.0,0.0
2026-02-20 00:00:00-05:00,28.549999237060547,29.19499969482422,28.18000030517578,29.1200008392334,2625100,0.0,0.0
2026-02-23 00:00:00-05:00,29.0,29.25,28.459999084472656,28.979999542236328,2429400,0.0,0.0
2026-02-24 00:00:00-05:00,28.959999084472656,29.645000457763672,28.959999084472656,29.43000030517578,2303000,0.0,0.0
2026-02-25 00:00:00-05:00,29.549999237060547,29.860000610351562,29.25,29.59000015258789,2612700,0.0,0.0
2026-02-26 00:00:00-05:00,29.809999465942383,29.940000534057617,29.200000762939453,29.299999237060547,2882700,0.0,0.0
2026-02-27 00:00:00-05:00,28.829999923706055,29.6200008392334,27.882999420166016,29.209999084472656,2479500,0.0,0.0
2026-03-02 00:00:00-05:00,28.84000015258789,29.65999984741211,28.6200008392334,29.440000534057617,2502700,0.0,0.0
2026-03-03 00:00:00-05:00,28.3700008392334,28.94499969482422,27.774999618530273,28.670000076293945,2755500,0.0,0.0
2026-03-04 00:00:00-05:00,28.959999084472656,29.0,28.274999618530273,28.43000030517578,1320900,0.0,0.0
2026-03-05 00:00:00-05:00,28.030000686645508,28.649999618530273,27.690000534057617,27.93000030517578,1947900,0.0,0.0
2026-03-06 00:00:00-05:00,27.389999389648438,27.600000381469727,26.729999542236328,26.860000610351562,2878800,0.0,0.0
2026-03-09 00:00:00-04:00,26.399999618530273,26.780000686645508,25.510000228881836,26.700000762939453,2656400,0.0,0.0
2026-03-10 00:00:00-04:00,26.81999969482422,26.899999618530273,25.959999084472656,26.0,2874100,0.0,0.0
2026-03-11 00:00:00-04:00,25.84000015258789,26.809999465942383,25.729999542236328,26.610000610351562,2850800,0.0,0.0
2026-03-12 00:00:00-04:00,26.079999923706055,26.350000381469727,25.29800033569336,25.440000534057617,1967900,0.0,0.0
2026-03-13 00:00:00-04:00,25.690000534057617,25.81999969482422,24.239999771118164,24.610000610351562,3280000,0.0,0.0
2026-03-16 00:00:00-04:00,24.950000762939453,25.540000915527344,24.56999969482422,25.020000457763672,2469700,0.0,0.0
2026-03-17 00:00:00-04:00,25.309999465942383,26.09000015258789,25.25,26.049999237060547,2600900,0.0,0.0
2026-03-18 00:00:00-04:00,25.559999465942383,25.844999313354492,25.100000381469727,25.219999313354492,2156900,0.0,0.0
2026-03-19 00:00:00-04:00,24.940000534057617,25.5,24.700000762939453,25.260000228881836,2061600,0.0,0.0
2026-03-20 00:00:00-04:00,25.239999771118164,25.454999923706055,24.614999771118164,24.889999389648438,2318100,0.0,0.0
2026-03-23 00:00:00-04:00,25.790000915527344,26.549999237060547,25.44499969482422,25.81999969482422,2232300,0.0,0.0
2026-03-24 00:00:00-04:00,25.43000030517578,26.309999465942383,25.43000030517578,26.030000686645508,1614300,0.0,0.0
2026-03-25 00:00:00-04:00,26.389999389648438,26.6299991607666,25.530000686645508,26.139999389648438,2167400,0.0,0.0
2026-03-26 00:00:00-04:00,25.790000915527344,26.399999618530273,25.760000228881836,25.84000015258789,1733200,0.0,0.0
2026-03-27 00:00:00-04:00,25.68000030517578,25.709999084472656,24.43000030517578,24.600000381469727,3264900,0.0,0.0
2026-03-30 00:00:00-04:00,24.90999984741211,25.030000686645508,24.170000076293945,24.260000228881836,2071100,0.0,0.0
2026-03-31 00:00:00-04:00,24.770000457763672,25.600000381469727,24.4950008392334,25.3700008392334,3864500,0.0,0.0
2026-04-01 00:00:00-04:00,25.6299991607666,26.25,25.530000686645508,25.899999618530273,2735100,0.0,0.0
2026-04-02 00:00:00-04:00,25.079999923706055,26.200000762939453,24.8700008392334,25.809999465942383,1695900,0.0,0.0
2026-04-06 00:00:00-04:00,25.559999465942383,25.875,25.450000762939453,25.809999465942383,1257300,0.0,0.0
2026-04-07 00:00:00-04:00,25.610000610351562,25.719999313354492,24.860000610351562,25.290000915527344,3060800,0.0,0.0
2026-04-08 00:00:00-04:00,26.68000030517578,27.600000381469727,26.3799991607666,26.65999984741211,3096600,0.0,0.0
2026-04-09 00:00:00-04:00,26.260000228881836,26.969999313354492,26.110000610351562,26.670000076293945,2042000,0.0,0.0
2026-04-10 00:00:00-04:00,26.850000381469727,26.927000045776367,26.34000015258789,26.389999389648438,1378000,0.0,0.0
2026-04-13 00:00:00-04:00,26.25,26.920000076293945,26.204999923706055,26.90999984741211,1698000,0.0,0.0
2026-04-14 00:00:00-04:00,27.09000015258789,27.6299991607666,26.84000015258789,27.3799991607666,1100800,0.0,0.0
2026-04-15 00:00:00-04:00,27.399999618530273,27.559999465942383,26.899999618530273,27.030000686645508,2097900,0.0,0.0
2026-04-16 00:00:00-04:00,27.200000762939453,27.405000686645508,26.860000610351562,26.940000534057617,1576800,0.0,0.0
2026-04-17 00:00:00-04:00,27.450000762939453,28.280000686645508,27.343000411987305,27.84000015258789,1805400,0.0,0.0
2026-04-20 00:00:00-04:00,27.719999313354492,28.360000610351562,27.674999237060547,27.850000381469727,2257700,0.0,0.0
2026-04-21 00:00:00-04:00,27.93000030517578,28.530000686645508,27.15999984741211,27.200000762939453,2416000,0.0,0.0
2026-04-22 00:00:00-04:00,27.5,27.625,27.020000457763672,27.139999389648438,1948200,0.0,0.0
2026-04-23 00:00:00-04:00,27.040000915527344,27.454999923706055,26.5,27.040000915527344,2127900,0.0,0.0
2026-04-24 00:00:00-04:00,27.229999542236328,27.530000686645508,26.475000381469727,26.799999237060547,3096100,0.0,0.0
2026-04-27 00:00:00-04:00,26.75,27.25,26.670000076293945,26.770000457763672,1983700,0.0,0.0
2026-04-28 00:00:00-04:00,26.75,26.950000762939453,26.25,26.489999771118164,3813000,0.0,0.0
2026-04-29 00:00:00-04:00,26.229999542236328,27.010000228881836,25.65999984741211,25.899999618530273,2608600,0.0,0.0
2026-04-30 00:00:00-04:00,26.049999237060547,26.299999237060547,25.56999969482422,25.940000534057617,2537800,0.0,0.0
2026-05-01 00:00:00-04:00,26.239999771118164,26.3700008392334,25.59000015258789,26.329999923706055,1978200,0.0,0.0
2026-05-04 00:00:00-04:00,26.15999984741211,26.3700008392334,25.625,25.809999465942383,2909600,0.0,0.0
2026-05-05 00:00:00-04:00,25.969999313354492,26.34000015258789,25.43000030517578,26.190000534057617,2089700,0.0,0.0
2026-05-06 00:00:00-04:00,26.649999618530273,27.309999465942383,26.530000686645508,27.06999969482422,4939200,0.0,0.0
2026-05-07 00:00:00-04:00,29.34000015258789,29.524999618530273,24.280000686645508,24.290000915527344,11904400,0.0,0.0
2026-05-08 00:00:00-04:00,24.889999389648438,25.040000915527344,24.05500030517578,24.239999771118164,4873600,0.0,0.0
2026-05-11 00:00:00-04:00,24.34000015258789,24.690000534057617,23.799999237060547,24.200000762939453,5032800,0.0,0.0
2026-05-12 00:00:00-04:00,24.190000534057617,24.889999389648438,24.149999618530273,24.280000686645508,2939200,0.0,0.0
2026-05-13 00:00:00-04:00,24.25,24.625,23.815000534057617,23.920000076293945,2538900,0.0,0.0
2026-05-14 00:00:00-04:00,24.100000381469727,24.350000381469727,23.649999618530273,23.860000610351562,2945300,0.0,0.0
2026-05-15 00:00:00-04:00,23.920000076293945,24.05500030517578,23.219999313354492,23.219999313354492,3850400,0.0,0.0
2026-05-18 00:00:00-04:00,23.459999084472656,23.760000228881836,23.059999465942383,23.149999618530273,5799400,0.0,0.0
2026-05-19 00:00:00-04:00,23.06999969482422,23.06999969482422,22.549999237060547,23.049999237060547,6587900,0.0,0.0
2026-05-20 00:00:00-04:00,23.100000381469727,23.780000686645508,22.673999786376953,23.770000457763672,5732500,0.0,0.0
2026-05-21 00:00:00-04:00,23.440000534057617,23.7810001373291,23.100000381469727,23.6299991607666,3594100,0.0,0.0
2026-05-22 00:00:00-04:00,23.670000076293945,23.90999984741211,23.34000015258789,23.43000030517578,2759400,0.0,0.0
2026-05-26 00:00:00-04:00,23.43000030517578,23.780000686645508,23.420000076293945,23.5,4642900,0.0,0.0
2026-05-27 00:00:00-04:00,23.719999313354492,23.770999908447266,23.260000228881836,23.309999465942383,2579300,0.0,0.0
2026-05-28 00:00:00-04:00,23.100000381469727,23.8700008392334,22.954999923706055,23.670000076293945,2816900,0.0,0.0
2026-05-29 00:00:00-04:00,23.639999389648438,23.934999465942383,23.440000534057617,23.549999237060547,4524800,0.0,0.0
2026-06-01 00:00:00-04:00,23.209999084472656,23.530000686645508,22.540000915527344,23.3700008392334,3332700,0.0,0.0
2026-06-02 00:00:00-04:00,23.260000228881836,23.510000228881836,22.899999618530273,22.940000534057617,1625600,0.0,0.0
2026-06-03 00:00:00-04:00,22.84000015258789,23.114999771118164,22.354999542236328,22.399999618530273,2503100,0.0,0.0
2026-06-04 00:00:00-04:00,22.65999984741211,23.06999969482422,22.440000534057617,22.8700008392334,2777800,0.0,0.0
2026-06-05 00:00:00-04:00,22.709999084472656,23.1200008392334,22.709999084472656,23.100000381469727,2750300,0.0,0.0
2026-06-08 00:00:00-04:00,23.059999465942383,23.594999313354492,22.920000076293945,23.440000534057617,3325200,0.0,0.0
2026-06-09 00:00:00-04:00,23.729999542236328,25.030000686645508,23.690000534057617,24.59000015258789,2877800,0.0,0.0
2026-06-10 00:00:00-04:00,24.25,24.719999313354492,23.969999313354492,24.059999465942383,2640100,0.0,0.0
2026-06-11 00:00:00-04:00,24.15999984741211,24.520000457763672,23.809999465942383,24.5,2348700,0.0,0.0
2026-06-12 00:00:00-04:00,24.559999465942383,24.760000228881836,24.18000030517578,24.600000381469727,2491900,0.0,0.0
2026-06-15 00:00:00-04:00,25.030000686645508,25.670000076293945,24.649999618530273,24.68000030517578,2065700,0.0,0.0
2026-06-16 00:00:00-04:00,24.799999237060547,24.924999237060547,24.520000457763672,24.75,1634900,0.0,0.0
2026-06-17 00:00:00-04:00,24.860000610351562,26.200000762939453,24.700000762939453,24.860000610351562,3907700,0.0,0.0
2026-06-18 00:00:00-04:00,25.299999237060547,26.040000915527344,25.145000457763672,25.90999984741211,3901400,0.0,0.0
2026-06-22 00:00:00-04:00,25.75,26.020000457763672,25.450000762939453,25.510000228881836,2419600,0.0,0.0
2026-06-23 00:00:00-04:00,25.290000915527344,25.665000915527344,25.18000030517578,25.260000228881836,1932900,0.0,0.0
2026-06-24 00:00:00-04:00,25.559999465942383,26.209999084472656,25.559999465942383,26.040000915527344,2345000,0.0,0.0
2026-06-25 00:00:00-04:00,26.309999465942383,26.989999771118164,26.15999984741211,26.639999389648438,2047500,0.0,0.0
2026-06-26 00:00:00-04:00,26.510000228881836,26.9950008392334,26.350000381469727,26.959999084472656,3296800,0.0,0.0
2026-06-29 00:00:00-04:00,26.940000534057617,27.020000457763672,26.655000686645508,27.020000457763672,2516300,0.0,0.0
2026-06-30 00:00:00-04:00,26.75,26.75,25.959999084472656,26.350000381469727,3175000,0.0,0.0
2026-07-01 00:00:00-04:00,26.34000015258789,27.415000915527344,26.34000015258789,27.170000076293945,3159000,0.0,0.0
2026-07-02 00:00:00-04:00,27.479999542236328,27.649999618530273,26.93000030517578,27.6299991607666,1831000,0.0,0.0
2026-07-06 00:00:00-04:00,27.6299991607666,27.899999618530273,27.190000534057617,27.510000228881836,2146200,0.0,0.0
2026-07-07 00:00:00-04:00,27.739999771118164,27.75,26.959999084472656,27.1299991607666,1680000,0.0,0.0
2026-07-08 00:00:00-04:00,26.760000228881836,27.030000686645508,25.270000457763672,25.739999771118164,3301500,0.0,0.0
2026-07-09 00:00:00-04:00,25.790000915527344,26.145000457763672,25.5,25.760000228881836,5029600,0.0,0.0
2026-07-10 00:00:00-04:00,25.809999465942383,26.190000534057617,25.219999313354492,25.90999984741211,3758000,0.0,0.0
2026-07-13 00:00:00-04:00,25.920000076293945,26.450000762939453,25.780000686645508,26.219999313354492,2774100,0.0,0.0
2026-07-14 00:00:00-04:00,26.040000915527344,26.239999771118164,25.520000457763672,26.110000610351562,2382000,0.0,0.0
2026-07-15 00:00:00-04:00,26.09000015258789,26.875,26.09000015258789,26.709999084472656,1781100,0.0,0.0
2026-07-16 00:00:00-04:00,26.670000076293945,27.3700008392334,26.649999618530273,26.989999771118164,2768000,0.0,0.0
2026-07-17 00:00:00-04:00,26.709999084472656,27.309999465942383,26.610000610351562,26.739999771118164,1786300,0.0,0.0
2026-07-20 00:00:00-04:00,26.780000686645508,27.0,26.5049991607666,26.579999923706055,1722700,0.0,0.0
2026-07-21 00:00:00-04:00,26.5,27.024999618530273,26.459999084472656,26.93000030517578,1715800,0.0,0.0
2026-07-22 00:00:00-04:00,26.920000076293945,27.09000015258789,26.334999084472656,26.43000030517578,1934000,0.0,0.0
2026-07-23 00:00:00-04:00,26.239999771118164,26.549999237060547,25.760000228881836,26.170000076293945,2739600,0.0,0.0
2026-07-24 00:00:00-04:00,26.229999542236328,26.764999389648438,26.149999618530273,26.329999923706055,1864700,0.0,0.0
2026-07-27 00:00:00-04:00,26.56999969482422,26.799999237060547,26.350000381469727,26.639999389648438,2041500,0.0,0.0
2026-07-28 00:00:00-04:00,26.809999465942383,27.40999984741211,26.739999771118164,26.959999084472656,2388100,0.0,0.0
2026-07-29 00:00:00-04:00,27.989999771118164,28.844999313354492,27.65999984741211,28.3700008392334,6050700,0.0,0.0
2026-07-30 00:00:00-04:00,28.0,28.739999771118164,27.665000915527344,27.780000686645508,2574700,0.0,0.0
2026-07-31 00:00:00-04:00,27.68000030517578,27.68000030517578,26.850000381469727,27.309999465942383,3160600,0.0,0.0
2026-08-03 00:00:00-04:00,27.56999969482422,27.969999313354492,27.094999313354492,27.3700008392334,3015500,0.0,0.0
2026-08-04 00:00:00-04:00,27.440000534057617,28.0,27.31999969482422,27.959999084472656,3180200,0.0,0.0
2026-08-05 00:00:00-04:00,27.969999313354492,28.68000030517578,27.660999298095703,28.6299991607666,6998000,0.0,0.0
2026-08-06 00:00:00-04:00,28.700000762939453,28.469999313354492,27.1200008392334,27.3799991607666,5465238,0.0,0.0
