Date,Open,High,Low,Close,Volume,Dividends,Stock Splits
2022-01-03 00:00:00-05:00,35.77979731563339,35.77979731563339,34.382377719998914,34.78025436401367,29700,0.0,0.0
2022-01-04 00:00:00-05:00,34.91612211545923,35.411044213689514,34.751150550650536,34.85789489746094,24300,0.0,0.0
2022-01-05 00:00:00-05:00,35.29458354018163,35.29458354018163,34.67350813223573,34.75114440917969,23500,0.0,0.0
2022-01-06 00:00:00-05:00,35.01316801187208,35.89626047116331,35.01316801187208,35.750694274902344,28900,0.0,0.0
2022-01-07 00:00:00-05:00,35.92535625859701,36.31352643955687,35.70215757161749,35.9932861328125,26700,0.0,0.0
2022-01-10 00:00:00-05:00,36.08062857743411,36.57554680936841,34.54734566323215,36.31352996826172,45500,0.0,0.0
2022-01-11 00:00:00-05:00,34.945231989863586,36.29413470318219,34.848190333666,35.24606704711914,43000,0.0,0.0
2022-01-12 00:00:00-05:00,35.38191751832024,35.9544720234999,35.12960705758556,35.67304611206055,41500,0.0,0.0
2022-01-13 00:00:00-05:00,35.692459082808334,36.42028249772303,35.692459082808334,36.070926666259766,33400,0.0,0.0
2022-01-14 00:00:00-05:00,35.63424176103724,36.197090041231455,35.62453537408967,36.17768096923828,26500,0.0,0.0
2022-01-18 00:00:00-05:00,36.04181097181209,36.04181097181209,35.44984740012962,35.67304611206055,29600,0.0,0.0
2022-01-19 00:00:00-05:00,35.789506451104025,35.789506451104025,34.70262075796051,34.945228576660156,25100,0.0,0.0
2022-01-20 00:00:00-05:00,34.789953179181616,35.37221405571863,33.86804660299113,34.0233154296875,39100,0.0,0.0
2022-01-21 00:00:00-05:00,33.59632349271128,34.789953296055955,33.59632349271128,34.062129974365234,44600,0.0,0.0
2022-01-24 00:00:00-05:00,33.69337678142367,35.09079655644106,33.69337678142367,34.91611862182617,44600,0.0,0.0
2022-01-25 00:00:00-05:00,34.4891261838592,35.41103657619873,33.99420419237423,34.877296447753906,31400,0.0,0.0
2022-01-26 00:00:00-05:00,35.31398964648281,35.808911615721705,33.98449998152741,34.56675720214844,31900,0.0,0.0
2022-01-27 00:00:00-05:00,34.78995442381431,35.478963337461224,33.07229458661695,33.51869201660156,40400,0.0,0.0
2022-01-28 00:00:00-05:00,33.9844989850526,35.071380825896775,33.004361460068196,34.35326385498047,44800,0.0,0.0
2022-01-31 00:00:00-05:00,37.15782059845047,37.15782059845047,34.39208878280715,35.750694274902344,96600,0.0,0.0
2022-02-01 00:00:00-05:00,35.79920711102223,36.536736911236005,35.40133045892577,36.05152130126953,54200,0.0,0.0
2022-02-02 00:00:00-05:00,35.95447980725417,36.67260061571979,35.478970531645956,36.44940185546875,61400,0.0,0.0
2022-02-03 00:00:00-05:00,36.33294195014196,36.87638474218489,36.24560299609758,36.49791717529297,43400,0.0,0.0
2022-02-04 00:00:00-05:00,36.49791526800874,36.87638281512295,36.167968536850026,36.50761795043945,28200,0.0,0.0
2022-02-07 00:00:00-05:00,36.400871836409685,36.61436788005175,36.148561359115455,36.49791717529297,35400,0.0,0.0
2022-02-08 00:00:00-05:00,36.517325569433844,37.2742606892545,35.440146390057635,37.11899185180664,30800,0.0,0.0
2022-02-09 00:00:00-05:00,37.10928107533966,37.12871555126206,35.914088606716085,36.011260986328125,34800,0.05,0.0
2022-02-10 00:00:00-05:00,36.011255347571876,36.27361517132235,35.71974196112911,35.93351745605469,37100,0.0,0.0
2022-02-11 00:00:00-05:00,36.195875664639026,36.58455769138745,36.05011897792174,36.17644119262695,34100,0.0,0.0
2022-02-14 00:00:00-05:00,36.27360689189671,36.43879431354679,36.05983144576524,36.13756561279297,36000,0.0,0.0
2022-02-15 00:00:00-05:00,36.42908071647846,36.90521224304531,36.108417531579704,36.58455276489258,23900,0.0,0.0
2022-02-16 00:00:00-05:00,36.37078349147583,36.691443024141996,36.31248007337895,36.56512451171875,25100,0.0,0.0
2022-02-17 00:00:00-05:00,36.18616381488132,36.61371112064904,36.02097264002425,36.33191680908203,39400,0.0,0.0
2022-02-18 00:00:00-05:00,36.195877046756976,36.905218621924085,36.195877046756976,36.88578414916992,48300,0.0,0.0
2022-02-22 00:00:00-05:00,37.002389528842095,37.002389528842095,36.594273030566214,36.6525764465332,122800,0.0,0.0
2022-02-23 00:00:00-05:00,36.876074776153246,36.91494372799636,36.137579518123104,36.225032806396484,39800,0.0,0.0
2022-02-24 00:00:00-05:00,35.47681955384466,35.622576259159786,34.63144030055914,35.60314178466797,48500,0.0,0.0
2022-02-25 00:00:00-05:00,35.3213435433779,36.84691440752429,34.79662761733938,36.66229248046875,53400,0.0,0.0
2022-02-28 00:00:00-05:00,36.30276336422431,36.81776389831989,36.25417903762508,36.6525764465332,61100,0.0,0.0
2022-03-01 00:00:00-05:00,36.65256967735876,36.65256967735876,35.55454630662114,35.92379379272461,97900,0.0,0.0
2022-03-02 00:00:00-05:00,36.29304825758385,37.45909075765717,36.29304825758385,37.187015533447266,83000,0.0,0.0
2022-03-03 00:00:00-05:00,37.439656062211036,37.50767486786142,37.031543228308735,37.44937515258789,45000,0.0,0.0
2022-03-04 00:00:00-05:00,36.95380456953576,36.95380456953576,35.33106494430381,35.846065521240234,114900,0.0,0.0
2022-03-07 00:00:00-05:00,35.74889185190233,36.12785476725702,35.43794773126534,35.45738220214844,57900,0.0,0.0
2022-03-08 00:00:00-05:00,35.64201079458664,36.29304901081404,34.3690805137989,35.71002960205078,62700,0.0,0.0
2022-03-09 00:00:00-05:00,36.39022023081044,36.60399203032087,34.44681732082588,36.33191680908203,37600,0.0,0.0
2022-03-10 00:00:00-05:00,36.312487513904394,36.61371634234085,35.739183425426894,36.030696868896484,101100,0.0,0.0
2022-03-11 00:00:00-05:00,36.05011832871886,36.370781551023676,35.865496408048685,36.166725158691406,149000,0.0,0.0
2022-03-14 00:00:00-04:00,36.61370842396707,37.16757791597919,36.01125460413306,36.50682067871094,127400,0.0,0.0
2022-03-15 00:00:00-04:00,36.74974212964084,36.92464865665945,35.52540014725678,35.81690979003906,80500,0.0,0.0
2022-03-16 00:00:00-04:00,36.030690834218895,36.75946690733743,35.87521504681003,36.691444396972656,61800,0.0,0.0
2022-03-17 00:00:00-04:00,36.390220642089844,36.56512720250499,36.263898413624034,36.390220642089844,63700,0.0,0.0
2022-03-18 00:00:00-04:00,36.39022102871842,36.39022102871842,35.447669410550105,35.75861358642578,220100,0.0,0.0
2022-03-21 00:00:00-04:00,35.95295206509583,36.18616203378392,35.301913901533865,35.56427001953125,85800,0.0,0.0
2022-03-22 00:00:00-04:00,35.84606979279427,36.2639017582396,35.671163216247514,36.225032806396484,41400,0.0,0.0
2022-03-23 00:00:00-04:00,35.884939034800496,35.884939034800496,34.78691523021116,34.845218658447266,33700,0.0,0.0
2022-03-24 00:00:00-04:00,35.049262256175034,35.214453388949394,34.74803354743706,34.93265914916992,44800,0.0,0.0
2022-03-25 00:00:00-04:00,35.11729611789737,35.31163718415544,34.73833307740528,35.19503402709961,114900,0.0,0.0
2022-03-28 00:00:00-04:00,35.36993732032387,36.15701319054623,34.51483893251406,34.777198791503906,36600,0.0,0.0
2022-03-29 00:00:00-04:00,34.92294547678921,35.496249426356194,34.92294547678921,35.37964630126953,67300,0.0,0.0
2022-03-30 00:00:00-04:00,35.41850817990025,35.48652696486124,34.03869059909361,34.22331619262695,85400,0.0,0.0
2022-03-31 00:00:00-04:00,34.14558355508057,34.874359540029914,33.65973289844767,33.76662063598633,52700,0.0,0.0
2022-04-01 00:00:00-04:00,33.88323322722462,33.94153665674708,33.50427020219711,33.84436798095703,73800,0.0,0.0
2022-04-04 00:00:00-04:00,33.84436047327649,33.84436047327649,31.871804172932947,33.47511291503906,45100,0.0,0.0
2022-04-05 00:00:00-04:00,33.436246589387835,33.786059702826435,33.15445228059042,33.193321228027344,39400,0.0,0.0
2022-04-06 00:00:00-04:00,33.30992176351774,33.36822518012213,32.67831809732968,32.78520584106445,57000,0.0,0.0
2022-04-07 00:00:00-04:00,32.73662487741088,32.73662487741088,31.920395402398764,32.192474365234375,61300,0.0,0.0
2022-04-08 00:00:00-04:00,32.29935525400535,32.503411652618354,31.80378547823483,31.832935333251953,40800,0.0,0.0
2022-04-11 00:00:00-04:00,31.706609063928028,32.143875315902896,31.55113703064204,31.80377769470215,41400,0.0,0.0
2022-04-12 00:00:00-04:00,31.920382613592004,32.192461467420024,31.667741935122272,31.69689178466797,38600,0.0,0.0
2022-04-13 00:00:00-04:00,31.56086175098217,32.02727798886899,31.56086175098217,31.9884090423584,65600,0.0,0.0
2022-04-14 00:00:00-04:00,32.07586604966755,32.95039891414688,30.78350493521165,32.0661506652832,55100,0.0,0.0
2022-04-18 00:00:00-04:00,31.823223598818156,32.42567748096769,31.483129562140274,32.202186584472656,49900,0.0,0.0
2022-04-19 00:00:00-04:00,32.01755898328041,33.19331668160474,32.01755898328041,33.07671356201172,41900,0.0,0.0
2022-04-20 00:00:00-04:00,33.309917202133825,33.902655549497275,33.309917202133825,33.465389251708984,32000,0.0,0.0
2022-04-21 00:00:00-04:00,33.582003704847345,34.3399296555207,33.02813417062498,33.251625061035156,36700,0.0,0.0
2022-04-22 00:00:00-04:00,33.06699518514609,33.24190172167508,32.445106924930336,32.50341033935547,30700,0.0,0.0
2022-04-25 00:00:00-04:00,32.192467802627135,32.39652420309534,31.726051584379857,32.2604866027832,34900,0.0,0.0
2022-04-26 00:00:00-04:00,31.86209332022587,32.19247198104245,30.80293852879157,31.123598098754883,53200,0.0,0.0
2022-04-27 00:00:00-04:00,30.929254865673922,31.298500574761686,30.530857447958184,30.58915901184082,46900,0.0,0.0
2022-04-28 00:00:00-04:00,30.812650047407065,30.909820556640625,30.13246018951877,30.909820556640625,60200,0.0,0.0
2022-04-29 00:00:00-04:00,32.513131535092285,32.513131535092285,29.996426337027888,30.11302947998047,62500,0.0,0.0
2022-05-02 00:00:00-04:00,30.035293433554234,30.676616279914047,29.65633043889804,30.11302947998047,76000,0.0,0.0
2022-05-03 00:00:00-04:00,29.957551179540193,31.288782783786463,29.947833944078756,30.423967361450195,52600,0.0,0.0
2022-05-04 00:00:00-04:00,30.287928649791898,31.356800417105035,30.18104091704866,31.308216094970703,53000,0.0,0.0
2022-05-05 00:00:00-04:00,31.0167099971237,31.658034651762723,30.34623548548296,30.773784637451172,71500,0.0,0.0
2022-05-06 00:00:00-04:00,30.569724082941296,30.705763534467113,30.064440781214728,30.31708335876465,42500,0.0,0.0
2022-05-09 00:00:00-04:00,30.19076521068942,30.666898721742673,29.724348937009527,30.560012817382812,52200,0.0,0.0
2022-05-10 00:00:00-04:00,30.657179004769404,30.764066753857538,29.879818611510352,30.181045532226562,43300,0.0,0.0
2022-05-11 00:00:00-04:00,30.297839887444173,31.047256887492942,29.859870287579653,29.966930389404297,43200,0.05,0.0
2022-05-12 00:00:00-04:00,29.801469957288294,30.25890529474698,29.490022606796416,30.190776824951172,71700,0.0,0.0
2022-05-13 00:00:00-04:00,30.25890529474698,30.580083692614053,29.85986552334733,30.190776824951172,61200,0.0,0.0
2022-05-16 00:00:00-04:00,30.025324674356636,30.45356320688857,29.567887427210547,30.181047439575195,66600,0.0,0.0
2022-05-17 00:00:00-04:00,30.443832705557313,30.774744071862646,30.2978409773223,30.648218154907227,41200,0.0,0.0
2022-05-18 00:00:00-04:00,30.288107943815657,30.473027569771563,29.6554821132069,29.93773078918457,42300,0.0,0.0
2022-05-19 00:00:00-04:00,29.606817822440366,29.957194957874762,29.22724382996091,29.305105209350586,57600,0.0,0.0
2022-05-20 00:00:00-04:00,29.460829371409368,29.73334328407277,28.91579783335896,29.480295181274414,47200,0.0,0.0
2022-05-23 00:00:00-04:00,29.77227678119759,30.8623362133123,29.480297040257344,30.638484954833984,94200,0.0,0.0
2022-05-24 00:00:00-04:00,30.56062322001955,31.971861093698376,30.151850473524863,31.07645606994629,68000,0.0,0.0
2022-05-25 00:00:00-04:00,31.24190399200477,31.864798684067253,31.24190399200477,31.582550048828125,47000,0.0,0.0
2022-05-26 00:00:00-04:00,31.913464037524847,32.44876078600057,31.913464037524847,32.185977935791016,41800,0.0,0.0
2022-05-27 00:00:00-04:00,32.370899790402454,32.78940542753821,32.088654824551085,32.39036560058594,49500,0.0,0.0
2022-05-31 00:00:00-04:00,32.07891332614178,33.081381920080695,31.816130512937765,32.79913330078125,114000,0.0,0.0
2022-06-01 00:00:00-04:00,32.71154546551054,32.71154546551054,32.01079115909736,32.11785125732422,63500,0.0,0.0
2022-06-02 00:00:00-04:00,31.932930284151748,32.56555237276032,31.679878478529552,32.458492279052734,37900,0.0,0.0
2022-06-03 00:00:00-04:00,32.45849761434491,32.70181469904831,32.370903315342716,32.507164001464844,70600,0.0,0.0
2022-06-06 00:00:00-04:00,32.59474755991676,32.945120927747176,32.5558159481391,32.789398193359375,47300,0.0,0.0
2022-06-07 00:00:00-04:00,32.760210562245035,32.8770017177296,32.52662453855202,32.58502197265625,42900,0.0,0.0
2022-06-08 00:00:00-04:00,32.2151743641626,32.361166072133756,31.670146574880143,31.786937713623047,62400,0.0,0.0
2022-06-09 00:00:00-04:00,31.611753085298442,31.71881318944481,31.1640505704353,31.21271324157715,43900,0.0,0.0
2022-06-10 00:00:00-04:00,30.842870446581436,30.998593213449205,30.550888866433013,30.70661163330078,59400,0.0,0.0
2022-06-13 00:00:00-04:00,30.181045531004056,30.521689754513872,29.616550078693557,29.733341217041016,106400,0.0,0.0
2022-06-14 00:00:00-04:00,29.889065373313038,29.89879827802512,29.382967322817116,29.587352752685547,54300,0.0,0.0
2022-06-15 00:00:00-04:00,29.957201001836257,30.346507977328567,29.62628960857727,30.151853561401367,62200,0.0,0.0
2022-06-16 00:00:00-04:00,29.684678552123188,30.025322775633,29.363500137125172,29.733341217041016,52800,0.0,0.0
2022-06-17 00:00:00-04:00,29.684681158447184,30.200513991130133,29.431631194660934,29.499759674072266,169900,0.0,0.0
2022-06-21 00:00:00-04:00,29.976658842816295,30.23944169379919,29.57761904229932,30.200511932373047,86800,0.0,0.0
2022-06-22 00:00:00-04:00,29.947462302564897,30.297837584552656,29.947462302564897,30.08371925354004,45600,0.0,0.0
2022-06-23 00:00:00-04:00,29.986395758687483,29.986395758687483,28.993663504996828,29.1785831451416,36800,0.0,0.0
2022-06-24 00:00:00-04:00,29.188315731874653,29.96693147602561,29.149385965666173,29.490028381347656,159100,0.0,0.0
2022-06-27 00:00:00-04:00,29.772273796969248,29.889064939094002,29.30510551574677,29.636016845703125,109900,0.0,0.0
2022-06-28 00:00:00-04:00,29.908530337741553,30.59955170188207,27.71867696115991,29.558155059814453,85700,0.0,0.0
2022-06-29 00:00:00-04:00,29.67494907239087,29.67494907239087,29.217513657745023,29.334304809570312,28300,0.0,0.0
2022-06-30 00:00:00-04:00,28.906063079833984,29.15911115019861,28.711408718856433,28.906063079833984,28500,0.0,0.0
2022-07-01 00:00:00-04:00,28.614086416579966,29.412166091196042,28.575156651564534,29.266176223754883,39200,0.0,0.0
2022-07-05 00:00:00-04:00,28.828203847201223,29.39269930831587,28.52648937964765,29.363500595092773,59000,0.0,0.0
2022-07-06 00:00:00-04:00,29.21751020117482,29.334301339183167,28.73087612796283,28.896331787109375,35200,0.0,0.0
2022-07-07 00:00:00-04:00,29.042318162736155,29.5678819336106,28.584882856941597,28.653011322021484,30700,0.0,0.0
2022-07-08 00:00:00-04:00,28.789273920604394,28.93526378257168,28.468095481731638,28.779541015625,21700,0.0,0.0
2022-07-11 00:00:00-04:00,28.536223853558944,28.77954090804886,28.536223853558944,28.71141242980957,19300,0.0,0.0
2022-07-12 00:00:00-04:00,28.536223374631557,29.09098595254001,28.536223374631557,28.760074615478516,30900,0.0,0.0
2022-07-13 00:00:00-04:00,28.536221083109805,28.691943834356003,27.70894280688835,27.913330078125,49500,0.0,0.0
2022-07-14 00:00:00-04:00,27.689484007059164,27.864670742534532,26.969263828091893,27.25151252746582,26400,0.0,0.0
2022-07-15 00:00:00-04:00,27.67001207870473,28.26370620727539,27.22230779227199,28.26370620727539,45000,0.0,0.0
2022-07-18 00:00:00-04:00,28.409701608759413,28.779542738305206,28.15665163323359,28.322107315063477,24000,0.0,0.0
2022-07-19 00:00:00-04:00,28.633548271609286,29.18831080506363,27.61161748433672,29.129915237426758,44200,0.0,0.0
2022-07-20 00:00:00-04:00,29.236973284572255,29.538685862061037,29.032586027565245,29.50948715209961,37700,0.0,0.0
2022-07-21 00:00:00-04:00,29.324569894544627,29.71387865758085,29.198045846011087,29.587352752685547,71000,0.0,0.0
2022-07-22 00:00:00-04:00,29.73334431579295,29.73334431579295,29.236979141543532,29.45109748840332,39500,0.0,0.0
2022-07-25 00:00:00-04:00,29.460827814760982,30.10318465547222,29.460827814760982,30.005857467651367,26900,0.0,0.0
2022-07-26 00:00:00-04:00,29.694410536946094,30.18104459650333,29.51922197848763,29.95719337463379,22200,0.0,0.0
2022-07-27 00:00:00-04:00,29.986392292419566,30.784471907962697,29.918263816413944,30.541154861450195,55100,0.0,0.0
2022-07-28 00:00:00-04:00,30.570355661507072,30.87206829999079,30.210247447656606,30.803939819335938,115400,0.0,0.0
2022-07-29 00:00:00-04:00,31.241906211617227,31.932929421594196,30.88179803473798,31.786937713623047,55200,0.0,0.0
2022-08-01 00:00:00-04:00,31.893996095670623,32.69207564098167,31.728538587986392,32.37089538574219,67800,0.0,0.0
2022-08-02 00:00:00-04:00,32.34170150756836,32.477958460130054,31.893999031230372,32.34170150756836,30400,0.0,0.0
2022-08-03 00:00:00-04:00,32.59475192029239,33.01325380835754,32.43902916507271,32.935394287109375,37500,0.0,0.0
2022-08-04 00:00:00-04:00,33.13004024285053,33.81132851613114,31.88425480485322,31.89398956298828,31300,0.0,0.0
2022-08-05 00:00:00-04:00,31.689614528357847,32.117851207882445,31.67987976704842,31.79667091369629,34400,0.0,0.0
2022-08-08 00:00:00-04:00,32.03026125532541,32.11785555534895,31.6214903303649,31.74801254272461,148300,0.0,0.0
2022-08-09 00:00:00-04:00,31.748013419127588,32.59475958030437,31.232182367373895,31.971864700317383,102300,0.0,0.0
2022-08-10 00:00:00-04:00,32.42999654774397,33.45348531132952,32.17655896841287,32.84914016723633,50200,0.05,0.0
2022-08-11 00:00:00-04:00,33.20979940313337,33.453487396240234,32.76141438822881,33.453487396240234,36000,0.0,0.0
2022-08-12 00:00:00-04:00,33.667928325731324,34.135808747156894,33.34625844441077,34.1065673828125,40700,0.0,0.0
2022-08-15 00:00:00-04:00,33.82388381513399,34.564693450927734,33.35600345804596,34.564693450927734,43200,0.0,0.0
2022-08-16 00:00:00-04:00,34.223537236032136,35.451722901788465,34.223537236032136,35.422481536865234,46900,0.0,0.0
2022-08-17 00:00:00-04:00,35.071566098091985,35.15929390077356,34.79863680903049,35.05207061767578,31200,0.0,0.0
2022-08-18 00:00:00-04:00,33.6191916784666,35.422481045807466,33.6191916784666,35.36399459838867,32700,0.0,0.0
2022-08-19 00:00:00-04:00,35.305510415210506,35.38348862350744,34.515960140300116,34.925357818603516,104500,0.0,0.0
2022-08-22 00:00:00-04:00,34.69141190655901,34.84737202422584,34.213781954614184,34.76939010620117,54100,0.0,0.0
2022-08-23 00:00:00-04:00,34.66217573789,35.03257874883539,34.01883969136325,34.21378707885742,55400,0.0,0.0
2022-08-24 00:00:00-04:00,34.07732186377648,34.40873762284087,33.7459061047121,33.892120361328125,42200,0.0,0.0
2022-08-25 00:00:00-04:00,33.92136834895768,34.564704510599874,33.92136834895768,34.506221771240234,32300,0.0,0.0
2022-08-26 00:00:00-04:00,34.45747627311728,34.69141835227556,33.60944320813701,33.7069206237793,50900,0.0,0.0
2022-08-29 00:00:00-04:00,33.3657570606413,33.52171721576502,33.15131045295241,33.20979690551758,57500,0.0,0.0
2022-08-30 00:00:00-04:00,33.200046708289,33.52171285963861,32.956358765176326,33.46323013305664,41500,0.0,0.0
2022-08-31 00:00:00-04:00,33.42423782036019,33.70691671537063,32.771152225625144,32.819889068603516,70100,0.0,0.0
2022-09-01 00:00:00-04:00,32.74191837076822,32.81989659373635,32.39100707145257,32.712677001953125,60200,0.0,0.0
2022-09-02 00:00:00-04:00,33.03434078304336,33.453484391004835,32.303276869396605,32.57620620727539,62000,0.0,0.0
2022-09-06 00:00:00-04:00,32.66392694877518,33.20978922465113,32.07907743192294,32.3227653503418,38600,0.0,0.0
2022-09-07 00:00:00-04:00,32.60545097835599,33.55095776906726,32.28378107462485,33.51197052001953,60100,0.0,0.0
2022-09-08 00:00:00-04:00,33.19029465494325,33.55095174294411,32.38125267717023,33.48271942138672,34500,0.0,0.0
2022-09-09 00:00:00-04:00,33.892118429111825,34.03832895900926,33.755653780521094,33.81413650512695,34300,0.0,0.0
2022-09-12 00:00:00-04:00,34.02858624304728,34.11631405649932,33.7361614376682,33.80439376831055,37300,0.0,0.0
2022-09-13 00:00:00-04:00,33.23903506073967,33.59969590579934,32.76140875861876,32.95635986328125,62500,0.0,0.0
2022-09-14 00:00:00-04:00,32.94660833195544,33.219541349839695,32.644437669902516,32.87837600708008,38600,0.0,0.0
2022-09-15 00:00:00-04:00,32.712672031709744,33.29752162945352,32.088827750831186,33.06357955932617,38200,0.0,0.0
2022-09-16 00:00:00-04:00,32.936863283521355,33.531462459657554,32.38125507069509,33.46323013305664,146800,0.0,0.0
2022-09-19 00:00:00-04:00,33.014841075692395,34.10656572431455,33.014841075692395,33.9798469543457,40100,0.0,0.0
2022-09-20 00:00:00-04:00,33.862881375753936,34.00909192425621,33.453483659504386,33.87262725830078,29900,0.0,0.0
2022-09-21 00:00:00-04:00,33.892125565609604,34.0675812131376,33.42424507832948,33.49247741699219,30500,0.0,0.0
2022-09-22 00:00:00-04:00,33.42424323753279,33.42424323753279,32.49822819733046,32.68342971801758,33200,0.0,0.0
2022-09-23 00:00:00-04:00,32.27404318749702,32.27404318749702,31.6891896862903,32.157073974609375,28900,0.0,0.0
2022-09-26 00:00:00-04:00,32.15705988499006,32.449484648275366,31.962108803338996,32.22529220581055,35700,0.0,0.0
2022-09-27 00:00:00-04:00,32.3812579307515,32.449490263379005,31.728172251966985,31.962114334106445,30500,0.0,0.0
2022-09-28 00:00:00-04:00,32.08882055816837,33.46322386972352,31.776900346837085,33.32675552368164,181100,0.0,0.0
2022-09-29 00:00:00-04:00,32.907621884140816,33.063582036449226,32.4494910283255,33.044090270996094,78500,0.0,0.0
2022-09-30 00:00:00-04:00,32.985605121150485,33.61919535649649,32.70292617194175,32.8004035949707,77600,0.0,0.0
2022-10-03 00:00:00-04:00,32.966107727730275,33.901868624324585,32.89787539475256,33.87262725830078,73900,0.0,0.0
2022-10-04 00:00:00-04:00,34.087072752368115,35.11056143221478,34.087072752368115,34.9546012878418,627500,0.0,0.0
2022-10-05 00:00:00-04:00,34.5939454960134,34.944853045706765,34.36974929377742,34.554954528808594,48200,0.0,0.0
2022-10-06 00:00:00-04:00,34.61344279769304,34.81814354906874,34.24303970515086,34.369754791259766,26200,0.0,0.0
2022-10-07 00:00:00-04:00,34.243028698196966,34.243028698196966,33.6386799592657,33.853126525878906,37300,0.0,0.0
2022-10-10 00:00:00-04:00,33.90186712838365,34.350255791801686,33.804393433683224,34.009090423583984,33400,0.0,0.0
2022-10-11 00:00:00-04:00,33.97985639632212,34.476978296053744,33.804400733267684,34.05783462524414,36700,0.0,0.0
2022-10-12 00:00:00-04:00,34.04808296861752,34.50621753540939,33.706921302953326,34.291770935058594,36700,0.0,0.0
2022-10-13 00:00:00-04:00,33.843386561155384,36.18278884887695,33.843386561155384,36.18278884887695,65400,0.0,0.0
2022-10-14 00:00:00-04:00,36.38748949801117,36.45572183220198,35.159300045809836,35.188541412353516,68000,0.0,0.0
2022-10-17 00:00:00-04:00,35.59793219365626,36.11454939988962,35.0228285473581,35.19828414916992,179700,0.0,0.0
2022-10-18 00:00:00-04:00,35.79289617334421,35.94885635133418,34.93511333520744,35.11056900024414,101200,0.0,0.0
2022-10-19 00:00:00-04:00,34.85712303882939,35.84162444779245,34.85712303882939,35.83187484741211,54900,0.0,0.0
2022-10-20 00:00:00-04:00,35.597944340253456,35.8903692035924,34.54521037017259,34.94485855102539,40700,0.0,0.0
2022-10-21 00:00:00-04:00,35.09107088223438,35.74415291660736,34.847382889996645,35.59794235229492,57200,0.0,0.0
2022-10-24 00:00:00-04:00,35.80262843073418,36.32899522550231,35.38348491472058,36.075557708740234,45100,0.0,0.0
2022-10-25 00:00:00-04:00,36.04632027508975,36.70915178106447,35.79288644910315,36.49470520019531,43900,0.0,0.0
2022-10-26 00:00:00-04:00,36.56293707796634,37.08930392360643,36.35824009967838,36.59218215942383,36200,0.0,0.0
2022-10-27 00:00:00-04:00,36.85537452989733,37.53769795650993,36.78714218723607,36.923606872558594,62200,0.0,0.0
2022-10-28 00:00:00-04:00,37.91785329241653,38.453966134672555,37.22577656460444,38.37598419189453,111400,0.0,0.0
2022-10-31 00:00:00-04:00,38.18102825285643,38.853609410410805,38.01532222286277,38.57093048095703,82800,0.0,0.0
2022-11-01 00:00:00-04:00,38.79511899727488,38.86335132246422,36.3387441353102,38.15178298950195,55900,0.0,0.0
2022-11-02 00:00:00-04:00,38.05430827081134,38.434460848963745,37.469455004253014,37.61566925048828,60500,0.0,0.0
2022-11-03 00:00:00-04:00,37.332996998592186,37.51820223922,37.00158120410303,37.07956314086914,70400,0.0,0.0
2022-11-04 00:00:00-04:00,37.55718497026703,38.32723977045258,37.02107223384805,38.22001647949219,81000,0.0,0.0
2022-11-07 00:00:00-05:00,38.39547668921277,38.9510849739195,38.39547668921277,38.804874420166016,62500,0.0,0.0
2022-11-08 00:00:00-05:00,38.960820192043016,38.960820192043016,38.40521211244999,38.765869140625,54100,0.0,0.0
2022-11-09 00:00:00-05:00,38.59996626354129,38.931799251472015,38.287653301143465,38.74636459350586,65800,0.05,0.0
2022-11-10 00:00:00-05:00,39.51738740254023,40.60072085700083,39.51738740254023,40.483604431152344,96000,0.0,0.0
2022-11-11 00:00:00-05:00,40.53240268423134,41.17654861182946,39.37098912898954,39.507625579833984,51300,0.0,0.0
2022-11-14 00:00:00-05:00,39.67354165016675,40.542162228971925,39.13675030545448,39.70281982421875,48700,0.0,0.0
2022-11-15 00:00:00-05:00,39.86873495868339,40.551920905585916,37.916777237855534,39.98585510253906,65300,0.0,0.0
2022-11-16 00:00:00-05:00,40.00537372988238,40.102970123291016,39.51738431671167,40.102970123291016,35400,0.0,0.0
2022-11-17 00:00:00-05:00,39.70282040226873,40.12249161075548,39.253871019303695,39.97609329223633,36100,0.0,0.0
2022-11-18 00:00:00-05:00,40.571438978110386,40.610479024184485,39.62473833766392,39.8199348449707,44900,0.0,0.0
2022-11-21 00:00:00-05:00,39.556422237027185,40.181048115410015,39.556422237027185,39.96633529663086,49300,0.0,0.0
2022-11-22 00:00:00-05:00,40.08345609270732,40.44456726998402,39.82970319806907,40.2396125793457,38800,0.0,0.0
2022-11-23 00:00:00-05:00,40.19081426808528,40.415288984337366,39.86873942102949,39.92729949951172,28400,0.0,0.0
2022-11-25 00:00:00-05:00,40.17128586942291,40.40552241146792,40.01512941574742,40.317684173583984,14500,0.0,0.0
2022-11-28 00:00:00-05:00,40.20056709118173,40.307925359303674,39.33194651901514,39.400264739990234,31400,0.0,0.0
2022-11-29 00:00:00-05:00,39.41002939718067,39.71258047628108,39.23435289567408,39.48810577392578,34200,0.0,0.0
2022-11-30 00:00:00-05:00,39.42955212123277,40.27865278792936,39.107477272068756,40.229854583740234,63500,0.0,0.0
2022-12-01 00:00:00-05:00,40.4933676599888,40.4933676599888,39.497868699307446,40.04441452026367,60300,0.0,0.0
2022-12-02 00:00:00-05:00,39.829703416235354,40.33721293135605,39.829703416235354,40.2200927734375,38400,0.0,0.0
2022-12-05 00:00:00-05:00,40.024891423958664,40.14201156780419,38.48284676063151,39.331947326660156,100900,0.0,0.0
2022-12-06 00:00:00-05:00,39.04890897409137,39.283145517186526,38.75611608752008,38.990352630615234,59100,0.0,0.0
2022-12-07 00:00:00-05:00,38.814677494296234,38.99035397691767,37.88749688558613,37.89725875854492,54500,0.0,0.0
2022-12-08 00:00:00-05:00,37.92653485689171,38.10221132990448,36.940794233535264,37.08719253540039,54900,0.0,0.0
2022-12-09 00:00:00-05:00,37.08719933001638,37.233597658702635,36.48209343603724,36.51137161254883,86400,0.0,0.0
2022-12-12 00:00:00-05:00,36.59921145334493,37.08720093938953,36.238100276129934,36.696807861328125,94500,0.0,0.0
2022-12-13 00:00:00-05:00,37.42878905077657,37.741101998636815,35.95506256075255,36.30641555786133,92600,0.0,0.0
2022-12-14 00:00:00-05:00,36.17954207329938,36.53089511715836,35.720830741254105,35.896507263183594,75100,0.0,0.0
2022-12-15 00:00:00-05:00,35.369477877906725,35.9453055925428,35.369477877906725,35.876983642578125,76600,0.0,0.0
2022-12-16 00:00:00-05:00,35.5256358665636,36.05266167889634,35.22308104667324,35.428035736083984,200600,0.0,0.0
2022-12-19 00:00:00-05:00,35.67202334062883,36.101456382692,35.61346699712098,35.711063385009766,92500,0.0,0.0
2022-12-20 00:00:00-05:00,35.798904264267456,36.12097534651089,35.62322777465692,35.80866241455078,109700,0.0,0.0
2022-12-21 00:00:00-05:00,36.0526505948296,36.804154614690084,35.79889777972524,36.374725341796875,136800,0.0,0.0
2022-12-22 00:00:00-05:00,36.2478557251046,36.277133900703745,35.379235100398844,35.63298797607422,139800,0.0,0.0
2022-12-23 00:00:00-05:00,35.73058575893712,36.335691594414605,35.56466742092941,36.16001510620117,118900,0.0,0.0
2022-12-27 00:00:00-05:00,36.238101040896154,36.4040156825819,35.867227981217376,35.99410629272461,90600,0.0,0.0
2022-12-28 00:00:00-05:00,35.99409647821458,36.843196927869315,35.44754705103476,35.52562713623047,60900,0.0,0.0
2022-12-29 00:00:00-05:00,35.81842224622122,36.69680092114184,35.291392807430675,35.984336853027344,54900,0.0,0.0
2022-12-30 00:00:00-05:00,35.818422134384164,36.35520972122579,35.6817857002496,36.325931549072266,78300,0.0,0.0
2023-01-03 00:00:00-05:00,36.364978110050046,36.64801293077229,35.281644481640654,35.467079162597656,73700,0.0,0.0
2023-01-04 00:00:00-05:00,35.47682834834043,36.19905430780343,35.0376408611269,35.25235366821289,64700,0.0,0.0
2023-01-05 00:00:00-05:00,34.793642162177896,35.11571319735117,34.42276921352882,34.61796569824219,56600,0.0,0.0
2023-01-06 00:00:00-05:00,34.959559971580696,35.88674056700175,34.59844886161842,35.32067108154297,45400,0.0,0.0
2023-01-09 00:00:00-05:00,35.49635023451278,35.691546751888666,34.676527839985184,34.77412796020508,45100,0.0,0.0
2023-01-10 00:00:00-05:00,34.62772760548806,35.43779180189832,34.62772760548806,34.94980239868164,36400,0.0,0.0
2023-01-11 00:00:00-05:00,35.19379635375856,35.23283267565945,34.75460515556694,35.008358001708984,45500,0.0,0.0
2023-01-12 00:00:00-05:00,35.213321432311275,36.16978033289213,34.83268652384971,35.55491256713867,40000,0.0,0.0
2023-01-13 00:00:00-05:00,35.164519074106515,35.74034678219192,34.99860444582527,35.59395217895508,32900,0.0,0.0
2023-01-17 00:00:00-05:00,35.68178482317919,35.89649761879997,35.29139182976477,35.418270111083984,69000,0.0,0.0
2023-01-18 00:00:00-05:00,35.330439220954496,35.330439220954496,34.40325846107853,34.47157669067383,43800,0.0,0.0
2023-01-19 00:00:00-05:00,34.27637512652667,34.67652629392769,34.188536883777,34.57892990112305,54900,0.0,0.0
2023-01-20 00:00:00-05:00,34.832689333384074,35.066925932633154,34.55941640348051,34.98884582519531,64300,0.0,0.0
2023-01-23 00:00:00-05:00,34.91076934396051,34.920527495830946,34.63749641481516,34.67653274536133,44300,0.0,0.0
2023-01-24 00:00:00-05:00,34.52037893705922,34.744853678170706,34.39350433756016,34.45206069946289,32300,0.0,0.0
2023-01-25 00:00:00-05:00,34.18853448349211,34.6374875388394,33.92501977374375,34.46181106567383,49800,0.0,0.0
2023-01-26 00:00:00-05:00,34.52036608501692,34.891239038937485,34.20805319426171,34.56916427612305,47500,0.0,0.0
2023-01-27 00:00:00-05:00,34.53013644068864,35.28164068216064,34.295899853541634,34.82292938232422,47200,0.0,0.0
2023-01-30 00:00:00-05:00,34.98883492143313,36.111211916160734,34.96931862372008,35.603702545166016,75900,0.0,0.0
2023-01-31 00:00:00-05:00,35.74034724588049,36.199058532714844,35.47683248895847,36.199058532714844,91600,0.0,0.0
2023-02-01 00:00:00-05:00,36.11121529256844,36.38448816286157,35.769624204702026,35.974578857421875,62900,0.0,0.0
2023-02-02 00:00:00-05:00,36.11122094911575,36.843205157543764,35.84770618731395,36.784645080566406,59300,0.0,0.0
2023-02-03 00:00:00-05:00,36.62849510626642,37.955827302404444,36.39426220286846,37.828948974609375,100900,0.0,0.0
2023-02-06 00:00:00-05:00,37.67278631752458,37.8387046765011,37.03840222819248,37.38975524902344,44000,0.0,0.0
2023-02-07 00:00:00-05:00,37.32143810380913,38.05342234411367,36.92128686803189,37.936302185058594,46200,0.0,0.0
2023-02-08 00:00:00-05:00,37.66267401340352,37.85812194692927,37.11542054510325,37.69198989868164,49900,0.05,0.0
2023-02-09 00:00:00-05:00,37.70176755871547,38.00470834003143,36.988381981371134,37.06656265258789,42600,0.0,0.0
2023-02-10 00:00:00-05:00,37.0372435061046,37.46722597638616,36.66589280621733,37.242462158203125,63300,0.0,0.0
2023-02-13 00:00:00-05:00,37.24246093374796,37.809255820126815,37.24246093374796,37.67244338989258,46200,0.0,0.0
2023-02-14 00:00:00-05:00,37.6822121951543,37.6822121951543,36.70497643651516,37.115413665771484,42300,0.0,0.0
2023-02-15 00:00:00-05:00,37.00792399527112,37.750625397097146,36.76361501032874,37.69198989868164,36300,0.0,0.0
2023-02-16 00:00:00-05:00,37.32064043949922,37.67244598597899,37.16428283304815,37.26200866699219,37100,0.0,0.0
2023-02-17 00:00:00-05:00,37.45745754890101,37.809259376367564,37.15451304784593,37.584495544433594,56300,0.0,0.0
2023-02-21 00:00:00-05:00,37.389047844231364,37.39882229186522,36.83202362060547,36.83202362060547,34400,0.0,0.0
2023-02-22 00:00:00-05:00,36.86133553269614,37.066554155808404,36.548620375232105,36.80270004272461,54400,0.0,0.0
2023-02-23 00:00:00-05:00,36.929752349853516,37.252238317696275,36.70498849884558,36.929752349853516,27800,0.0,0.0
2023-02-24 00:00:00-05:00,36.64634958066295,37.037245467333804,36.34340508210007,36.65612030029297,43000,0.0,0.0
2023-02-27 00:00:00-05:00,36.812477447966025,37.04701572260062,36.294543573299684,36.480220794677734,31600,0.0,0.0
2023-02-28 00:00:00-05:00,36.489990965089895,37.662674864897724,36.27499786056498,36.304317474365234,101200,0.0,0.0
2023-03-01 00:00:00-05:00,36.24568338894894,36.88088828008984,36.16750271957674,36.77339172363281,56100,0.0,0.0
2023-03-02 00:00:00-05:00,36.529079211920696,36.90042617216082,36.31408611967494,36.8613395690918,47600,0.0,0.0
2023-03-03 00:00:00-05:00,36.988381981371134,37.35973271393155,36.72453153566356,37.06656265258789,41900,0.0,0.0
2023-03-06 00:00:00-05:00,37.1154220914055,37.389046973025756,36.68543960202232,36.95906448364258,78300,0.0,0.0
2023-03-07 00:00:00-05:00,36.910206741780556,37.04701919486552,35.46389780824559,35.94274139404297,75100,0.0,0.0
2023-03-08 00:00:00-05:00,36.030686423357736,36.274995397233226,35.70820051632881,35.93296432495117,55800,0.0,0.0
2023-03-09 00:00:00-05:00,35.7375240262602,36.147965128441236,33.67555525029287,33.77328109741211,62200,0.0,0.0
2023-03-10 00:00:00-05:00,33.11852587465397,33.685324517176184,31.769939214738464,32.52241134643555,74400,0.0,0.0
2023-03-13 00:00:00-04:00,30.997921203910348,32.082655482745174,29.46366118235243,30.665660858154297,124800,0.0,0.0
2023-03-14 00:00:00-04:00,33.74396225896261,34.281445110886644,31.5842713138387,31.87744140625,102400,0.0,0.0
2023-03-15 00:00:00-04:00,30.440896610181003,32.287873649653285,29.727514881037212,31.916522979736328,105900,0.0,0.0
2023-03-16 00:00:00-04:00,31.496315014322356,33.968720837169485,30.675436646535964,32.72763442993164,123400,0.0,0.0
2023-03-17 00:00:00-04:00,32.51263748001271,32.51263748001271,30.079320414494358,30.32362937927246,155500,0.0,0.0
2023-03-20 00:00:00-04:00,30.76338543172164,31.14450869706016,30.05000367793013,30.25522232055664,91400,0.0,0.0
2023-03-21 00:00:00-04:00,31.124969419730864,32.12174880150784,31.105424250851147,31.54517936706543,103300,0.0,0.0
2023-03-22 00:00:00-04:00,31.55495314548359,31.55495314548359,29.41480566076979,29.600481033325195,89000,0.0,0.0
2023-03-23 00:00:00-04:00,29.844785350899407,30.665661794015417,28.37893149745082,28.525516510009766,85800,0.0,0.0
2023-03-24 00:00:00-04:00,28.007583194435778,29.864331194041505,27.694867977314356,29.73729133605957,130100,0.0,0.0
2023-03-27 00:00:00-04:00,30.245451697185477,30.245451697185477,29.600476155570764,29.668882369995117,111700,0.0,0.0
2023-03-28 00:00:00-04:00,29.307304774959317,29.952280327715453,29.170492343747284,29.2291259765625,122300,0.0,0.0
2023-03-29 00:00:00-04:00,29.522297849981303,29.79592459343912,29.111860530689118,29.62002182006836,118200,0.0,0.0
2023-03-30 00:00:00-04:00,29.795927291735666,29.795927291735666,28.388706841262447,28.59392738342285,49400,0.0,0.0
2023-03-31 00:00:00-04:00,28.76005485342083,29.209582504279545,28.545061747419105,28.945730209350586,107000,0.0,0.0
2023-04-03 00:00:00-04:00,29.17049251456665,29.55161392599174,28.92618353515475,29.28775978088379,103100,0.0,0.0
2023-04-04 00:00:00-04:00,29.483208950420668,29.483208950420668,28.027127595536157,28.24211883544922,55700,0.0,0.0
2023-04-05 00:00:00-04:00,28.066214607593867,28.105304938601243,27.82190563058648,27.96849250793457,39600,0.0,0.0
2023-04-06 00:00:00-04:00,27.841451303555292,28.29098079868582,27.675321121605037,27.724184036254883,45100,0.0,0.0
2023-04-10 00:00:00-04:00,27.694864878963056,28.21280056433265,27.41146558019587,27.479873657226562,89100,0.0,0.0
2023-04-11 00:00:00-04:00,27.6753202194833,27.812132648184026,27.040117261177656,27.235565185546875,78300,0.0,0.0
2023-04-12 00:00:00-04:00,27.39192295656448,27.509190220800527,26.942393473180797,27.098751068115234,46900,0.0,0.0
2023-04-13 00:00:00-04:00,27.284428586764015,27.54828274822949,26.952168205051134,27.382152557373047,34600,0.0,0.0
2023-04-14 00:00:00-04:00,27.704640331870927,27.724185498761912,26.727404354478157,26.96194076538086,81600,0.0,0.0
2023-04-17 00:00:00-04:00,26.961940953109377,27.440786361694336,26.795810761238698,27.440786361694336,42300,0.0,0.0
2023-04-18 00:00:00-04:00,27.421237047568795,28.545057886646394,26.502636703379142,26.737173080444336,51100,0.0,0.0
2023-04-19 00:00:00-04:00,26.903305822709072,27.753500037970387,26.717630474117097,27.558053970336914,55200,0.0,0.0
2023-04-20 00:00:00-04:00,27.284428586764015,27.58737121811528,27.098753228999826,27.382152557373047,41000,0.0,0.0
2023-04-21 00:00:00-04:00,27.29419670322792,27.29419670322792,26.668766375976073,26.786033630371094,42800,0.0,0.0
2023-04-24 00:00:00-04:00,26.707860574168482,27.12807236449209,26.41469051130214,26.590591430664062,53700,0.0,0.0
2023-04-25 00:00:00-04:00,26.444000365905126,26.668766017679747,25.35926988964229,25.496082305908203,51500,0.0,0.0
2023-04-26 00:00:00-04:00,25.701306967312835,26.072657704303502,24.84134007689676,26.00425148010254,85400,0.0,0.0
2023-04-27 00:00:00-04:00,26.092197895575495,26.385367904498136,25.388586891874024,25.456993103027344,103900,0.0,0.0
2023-04-28 00:00:00-04:00,25.251776025017207,26.111742804377144,25.251776025017207,25.955385208129883,81200,0.0,0.0
2023-05-01 00:00:00-04:00,25.92606942484323,26.238784618556643,25.69153302955817,26.180150985717773,72500,0.0,0.0
2023-05-02 00:00:00-04:00,25.984706107679173,25.984706107679173,23.658883319561667,24.040006637573242,102900,0.0,0.0
2023-05-03 00:00:00-04:00,24.10840910103262,25.222457401623494,23.971596675045532,24.069318771362305,134200,0.0,0.0
2023-05-04 00:00:00-04:00,23.512297580506996,24.040005913900668,22.359158805102815,23.385257720947266,94900,0.0,0.0
2023-05-05 00:00:00-04:00,23.963028055838127,24.766040804104794,23.8748925330751,24.68769645690918,96600,0.05,0.0
2023-05-08 00:00:00-04:00,25.00107106265895,25.069620506356387,24.08054542541504,24.08054542541504,70500,0.0,0.0
2023-05-09 00:00:00-04:00,23.865102247821483,24.149093045672004,23.718208459181717,23.923858642578125,62400,0.0,0.0
2023-05-10 00:00:00-04:00,24.344950633214378,24.46246342488972,23.81613746717891,24.38412094116211,77800,0.0,0.0
2023-05-11 00:00:00-04:00,24.002206555417903,24.433091239396827,23.92386405540651,24.031585693359375,80400,0.0,0.0
2023-05-12 00:00:00-04:00,24.178477647401667,24.178477647401667,23.71821382548127,24.031585693359375,58600,0.0,0.0
2023-05-15 00:00:00-04:00,24.060964535802825,24.85418263373241,24.060964535802825,24.42329978942871,80500,0.0,0.0
2023-05-16 00:00:00-04:00,24.579977560269878,24.854175313553625,24.41349955241956,24.4428768157959,61800,0.0,0.0
2023-05-17 00:00:00-04:00,24.82480302525242,26.54833984375,24.82480302525242,26.54833984375,95700,0.0,0.0
2023-05-18 00:00:00-04:00,26.430821447488743,27.32196793463801,25.950973482703155,27.19466209411621,103400,0.0,0.0
2023-05-19 00:00:00-04:00,27.52762047699547,27.91933294411614,26.656058136340555,26.93025779724121,100500,0.0,0.0
2023-05-22 00:00:00-04:00,27.194662899730833,27.547203166606053,26.73439914212221,27.390518188476562,76000,0.0,0.0
2023-05-23 00:00:00-04:00,27.312176222368635,28.66358651940182,27.03797843930799,28.05643081665039,129300,0.0,0.0
2023-05-24 00:00:00-04:00,27.782232435853583,28.06622325760379,26.734399078824147,26.744192123413086,81200,0.0,0.0
2023-05-25 00:00:00-04:00,26.57771343793604,27.008598049937266,26.41123541974231,26.675642013549805,44100,0.0,0.0
2023-05-26 00:00:00-04:00,26.518956703640704,26.881291868470292,26.25455011318389,26.861705780029297,31300,0.0,0.0
2023-05-30 00:00:00-04:00,26.83232882506134,26.83232882506134,26.195795841726056,26.469995498657227,33700,0.0,0.0
2023-05-31 00:00:00-04:00,26.332893197158658,26.332893197158658,25.275268679144013,25.843252182006836,82500,0.0,0.0
2023-06-01 00:00:00-04:00,25.872632295129133,26.450408864315193,25.490712886553787,26.16641616821289,46400,0.0,0.0
2023-06-02 00:00:00-04:00,26.489578753566807,28.389386457016684,26.489578753566807,27.596168518066406,73500,0.0,0.0
2023-06-05 00:00:00-04:00,27.60596166062579,27.645131971563192,26.489578847509367,26.714815139770508,65600,0.0,0.0
2023-06-06 00:00:00-04:00,26.61688771848413,28.790893303297025,26.362274148902593,28.457937240600586,64000,0.0,0.0
2023-06-07 00:00:00-04:00,28.781099369326043,29.750588392119205,28.497108540992194,29.427425384521484,81800,0.0,0.0
2023-06-08 00:00:00-04:00,29.349081468414138,29.349081468414138,28.5754496438491,29.08467674255371,67100,0.0,0.0
2023-06-09 00:00:00-04:00,28.996541419720216,29.329497458356006,28.457935184123624,28.692962646484375,36500,0.0,0.0
2023-06-12 00:00:00-04:00,28.722341735834593,29.211982748629474,28.06622270397616,28.408971786499023,49000,0.0,0.0
2023-06-13 00:00:00-04:00,28.39918105510428,29.515562057495117,28.26208215806186,29.515562057495117,52400,0.0,0.0
2023-06-14 00:00:00-04:00,29.39804905602113,30.063961182098296,28.908408006591728,29.104263305664062,76700,0.0,0.0
2023-06-15 00:00:00-04:00,28.898612632118382,29.613488058383695,27.56678848731445,29.447010040283203,60700,0.0,0.0
2023-06-16 00:00:00-04:00,29.78976298239205,29.78976298239205,28.77130865309131,28.800687789916992,73200,0.0,0.0
2023-06-20 00:00:00-04:00,28.790892741275435,29.42742571888745,28.154359763663425,28.232702255249023,64200,0.0,0.0
2023-06-21 00:00:00-04:00,28.07601596581827,28.20332180828473,27.62554525928536,27.654924392700195,53800,0.0,0.0
2023-06-22 00:00:00-04:00,27.5178303427913,27.5178303427913,26.75398955022939,26.969432830810547,47200,0.0,0.0
2023-06-23 00:00:00-04:00,26.54833777467838,26.989013589782644,26.195795628329098,26.78336524963379,176000,0.0,0.0
2023-06-26 00:00:00-04:00,26.744192136490227,27.25341924837053,26.362272736496134,26.381858825683594,46100,0.0,0.0
2023-06-27 00:00:00-04:00,26.489580076764906,26.891085588624755,26.225175329128884,26.283931732177734,59400,0.0,0.0
2023-06-28 00:00:00-04:00,26.313309623788854,26.55813013739085,26.048903020818948,26.352479934692383,53900,0.0,0.0
2023-06-29 00:00:00-04:00,26.57771616714847,27.21425104008631,26.49937367217907,26.509166717529297,47100,0.0,0.0
2023-06-30 00:00:00-04:00,26.832330946696985,26.832330946696985,26.274140411515507,26.51896095275879,68000,0.0,0.0
2023-07-03 00:00:00-04:00,26.509164936894212,27.06735540953628,26.509164936894212,26.714815139770508,22300,0.0,0.0
2023-07-05 00:00:00-04:00,26.67564269216639,26.753985181083955,26.205587758661004,26.381858825683594,43500,0.0,0.0
2023-07-06 00:00:00-04:00,26.078279645139844,26.401442640426755,25.42216061012311,25.843252182006836,69700,0.0,0.0
2023-07-07 00:00:00-04:00,25.88242611146847,26.9498437461675,25.88242611146847,26.440616607666016,70600,0.0,0.0
2023-07-10 00:00:00-04:00,26.27413953344823,27.096736673961505,26.27413953344823,26.401445388793945,32900,0.0,0.0
2023-07-11 00:00:00-04:00,26.607092802326584,26.91066970831994,26.274136763043966,26.724607467651367,41400,0.0,0.0
2023-07-12 00:00:00-04:00,27.106527519738172,27.63533885696531,27.106527519738172,27.15549087524414,47500,0.0,0.0
2023-07-13 00:00:00-04:00,27.33176191580555,27.762646541582615,27.302382781832474,27.596168518066406,54500,0.0,0.0
2023-07-14 00:00:00-04:00,27.87036534184551,27.87036534184551,26.969427678206443,27.19466209411621,36300,0.0,0.0
2023-07-17 00:00:00-04:00,27.15549033164147,28.095602054761493,27.15549033164147,27.654924392700195,31300,0.0,0.0
2023-07-18 00:00:00-04:00,27.684307548399726,28.457939495736465,27.684307548399726,28.3502197265625,45800,0.0,0.0
2023-07-19 00:00:00-04:00,28.565658551918276,29.290327072143555,28.203323357889463,29.290327072143555,78900,0.0,0.0
2023-07-20 00:00:00-04:00,29.241360667778004,29.241360667778004,28.692961411376892,29.20218849182129,64100,0.0,0.0
2023-07-21 00:00:00-04:00,29.378463615805416,29.378463615805416,28.800687015267982,28.888822555541992,57500,0.0,0.0
2023-07-24 00:00:00-04:00,28.85944297219838,29.779968674218964,28.85944297219838,29.515562057495117,44600,0.0,0.0
2023-07-25 00:00:00-04:00,29.46659787612624,30.024788361726998,29.104262685423954,29.682039260864258,58900,0.0,0.0
2023-07-26 00:00:00-04:00,29.68203818753796,30.54380743099243,29.623281787976328,30.2402286529541,128700,0.0,0.0
2023-07-27 00:00:00-04:00,30.514429160771478,30.514429160771478,28.22290896686917,28.262081146240234,149500,0.0,0.0
2023-07-28 00:00:00-04:00,28.604829898764457,29.378463672020562,28.40897459498377,29.172815322875977,75800,0.0,0.0
2023-07-31 00:00:00-04:00,29.114053538757613,29.525352055265575,28.497106697911764,28.624412536621094,113500,0.0,0.0
2023-08-01 00:00:00-04:00,28.50690566275268,30.83759649514235,28.09560706082126,28.673383712768555,48400,0.0,0.0
2023-08-02 00:00:00-04:00,28.232701282824497,29.153226928123654,28.213115193644622,28.634206771850586,47300,0.0,0.0
2023-08-03 00:00:00-04:00,28.477523803710938,28.790893781374113,28.222910229901508,28.477523803710938,47600,0.0,0.0
2023-08-04 00:00:00-04:00,28.467729305120535,29.094469228451114,28.467729305120535,28.85944175720215,39400,0.0,0.0
2023-08-07 00:00:00-04:00,29.045507488060323,29.27074192705708,28.722344463637725,28.967164993286133,53600,0.0,0.0
2023-08-08 00:00:00-04:00,28.4285572564658,28.692961978067057,27.64513053234806,28.624412536621094,37200,0.0,0.0
2023-08-09 00:00:00-04:00,28.467466041535836,28.565562437770332,27.839650228254936,27.976985931396484,71800,0.05,0.0
2023-08-10 00:00:00-04:00,27.996600925935304,28.34974527416635,27.506120897416743,27.55516815185547,57900,0.0,0.0
2023-08-11 00:00:00-04:00,27.486501268175143,27.75136093282489,27.24126125372897,27.72193145751953,49800,0.0,0.0
2023-08-14 00:00:00-04:00,27.535550278163274,27.643456490129587,27.192213861842863,27.447263717651367,41400,0.0,0.0
2023-08-15 00:00:00-04:00,27.05487999103076,27.152976377078797,26.613447189331055,26.613447189331055,63500,0.0,0.0
2023-08-16 00:00:00-04:00,26.54477802006004,27.103924940578423,26.54477802006004,27.015640258789062,95600,0.0,0.0
2023-08-17 00:00:00-04:00,27.025447197239,27.859263569768746,27.025447197239,27.770977020263672,82000,0.0,0.0
2023-08-18 00:00:00-04:00,27.417834342600777,28.075077655656962,27.300118312501876,27.55516815185547,159900,0.0,0.0
2023-08-21 00:00:00-04:00,27.545360103890477,27.663076141584,27.2608826419333,27.447263717651367,61100,0.0,0.0
2023-08-22 00:00:00-04:00,27.52573984958028,27.60421658264622,26.721352867896186,26.7409725189209,63800,0.0,0.0
2023-08-23 00:00:00-04:00,26.691923044443055,26.829258728798166,26.172015396275814,26.58401870727539,85100,0.0,0.0
2023-08-24 00:00:00-04:00,26.456491655958214,26.956781501841448,26.456491655958214,26.897924423217773,54400,0.0,0.0
2023-08-25 00:00:00-04:00,26.966591326784194,27.221641162197184,26.279920420087187,26.897924423217773,100000,0.0,0.0
2023-08-28 00:00:00-04:00,26.96659369161282,27.192214071983297,26.77040278865139,26.829259872436523,38700,0.0,0.0
2023-08-29 00:00:00-04:00,26.85868905624437,26.897928361760986,26.58402140176033,26.67230796813965,50400,0.0,0.0
2023-08-30 00:00:00-04:00,26.613448310889076,26.790021439010193,26.279923577922872,26.691925048828125,51900,0.0,0.0
2023-08-31 00:00:00-04:00,26.711542711376282,26.94697290765666,26.672305280845993,26.750782012939453,69500,0.0,0.0
2023-09-01 00:00:00-04:00,26.917547648845016,27.515932081579827,26.74097451848512,27.34916877746582,104400,0.0,0.0
2023-09-05 00:00:00-04:00,27.319741200596233,27.319741200596233,26.623258504616444,26.682117462158203,48200,0.0,0.0
2023-09-06 00:00:00-04:00,26.682114701593182,26.682114701593182,26.044489158091643,26.093538284301758,56400,0.0,0.0
2023-09-07 00:00:00-04:00,25.98563184705874,26.221062037679378,25.838488211799948,26.211252212524414,114200,0.0,0.0
2023-09-08 00:00:00-04:00,26.22106564228734,26.505544997790153,25.799252457801423,26.32897186279297,45500,0.0,0.0
2023-09-11 00:00:00-04:00,26.36820884181302,26.436877626150235,25.9365877093203,26.064111709594727,56000,0.0,0.0
2023-09-12 00:00:00-04:00,26.250491844900566,26.476112213217654,26.083728557224273,26.20144271850586,29000,0.0,0.0
2023-09-13 00:00:00-04:00,26.005252359805848,26.04448979069414,25.612868695758458,25.740392684936523,28100,0.0,0.0
2023-09-14 00:00:00-04:00,25.95620162796376,26.49573076983259,25.907154374626952,26.456491470336914,41500,0.0,0.0
2023-09-15 00:00:00-04:00,26.456492106240873,26.584017961634224,25.789440838076317,25.93658447265625,177900,0.0,0.0
2023-09-18 00:00:00-04:00,25.946396076807112,25.966013857338808,25.61286948433983,25.82868003845215,45600,0.0,0.0
2023-09-19 00:00:00-04:00,25.78943832113455,26.00524883938739,25.29895833971502,25.730579376220703,92100,0.0,0.0
2023-09-20 00:00:00-04:00,25.789443179179905,26.03468321608637,25.573630749241097,25.701156616210938,43800,0.0,0.0
2023-09-21 00:00:00-04:00,25.495154208101688,25.652107683244754,25.191057083891124,25.249914169311523,59900,0.0,0.0
2023-09-22 00:00:00-04:00,25.25972029193129,25.29895959048049,24.661334086285162,25.19105339050293,56800,0.0,0.0
2023-09-25 00:00:00-04:00,25.092957043756297,25.504960323828687,24.95562324074308,25.357816696166992,31500,0.0,0.0
2023-09-26 00:00:00-04:00,25.122387710104498,25.524581184618018,24.926194949888366,25.04391098022461,37000,0.0,0.0
2023-09-27 00:00:00-04:00,25.102770630018497,25.200867020170143,24.63191020253023,24.690767288208008,39200,0.0,0.0
2023-09-28 00:00:00-04:00,24.759432303884182,25.220482869945936,24.759432303884182,24.857528686523438,27600,0.0,0.0
2023-09-29 00:00:00-04:00,24.847717991810597,25.240101637606433,24.779051087675427,25.161624908447266,64800,0.0,0.0
2023-10-02 00:00:00-04:00,24.994862382170904,25.12238824031267,24.84771874441975,24.916385650634766,59600,0.0,0.0
2023-10-03 00:00:00-04:00,24.808481180086744,25.034101548154634,24.425905478762004,24.47495460510254,47900,0.0,0.0
2023-10-04 00:00:00-04:00,24.484765015540848,25.24991462391389,24.484765015540848,25.18124771118164,52900,0.0,0.0
2023-10-05 00:00:00-04:00,25.48534204549138,25.681534806949465,25.191054774337086,25.6521053314209,47000,0.0,0.0
2023-10-06 00:00:00-04:00,25.377437591552734,25.838488146473384,25.142005530494497,25.377437591552734,52600,0.0,0.0
2023-10-09 00:00:00-04:00,25.08315120250168,25.710965111443958,24.886960291473734,25.573631286621094,40600,0.0,0.0
2023-10-10 00:00:00-04:00,25.740392353601052,26.11315823292243,25.671725447155765,25.750202178955078,28300,0.0,0.0
2023-10-11 00:00:00-04:00,25.710964444012617,26.103349997948637,25.25972367643238,25.593250274658203,36300,0.0,0.0
2023-10-12 00:00:00-04:00,25.53438943368308,25.53438943368308,25.014479960923484,25.200862884521484,47600,0.0,0.0
2023-10-13 00:00:00-04:00,25.44610370413392,25.44610370413392,24.278760744450942,24.56324005126953,63000,0.0,0.0
2023-10-16 00:00:00-04:00,24.808484121016683,25.004675036537765,24.543624420478483,24.779054641723633,36400,0.0,0.0
2023-10-17 00:00:00-04:00,24.641718511742816,25.46572327360633,24.50438282557148,25.34800910949707,76400,0.0,0.0
2023-10-18 00:00:00-04:00,25.19105352414961,25.19105352414961,24.720193165257577,24.739810943603516,27900,0.0,0.0
2023-10-19 00:00:00-04:00,24.700577322217075,24.93600753794269,24.533814018865634,24.57305145263672,37300,0.0,0.0
2023-10-20 00:00:00-04:00,24.612288443169614,24.612288443169614,23.837329085454282,23.91580581665039,48400,0.0,0.0
2023-10-23 00:00:00-04:00,23.886375130363493,24.200282014652085,23.63132531912086,23.670562744140625,47400,0.0,0.0
2023-10-24 00:00:00-04:00,23.925618125809148,23.925618125809148,23.013324861547513,23.287994384765625,42600,0.0,0.0
2023-10-25 00:00:00-04:00,21.983311947142333,22.522839161837453,21.169115277656786,22.002931594848633,103400,0.0,0.0
2023-10-26 00:00:00-04:00,22.042174296419155,22.110843079831426,21.581123691134984,22.071603775024414,66800,0.0,0.0
2023-10-27 00:00:00-04:00,22.042172574664484,22.179508259728447,21.40454888962079,21.78712272644043,61800,0.0,0.0
2023-10-30 00:00:00-04:00,22.09121909261172,22.542459783150115,21.875406700586687,22.365886688232422,59500,0.0,0.0
2023-10-31 00:00:00-04:00,22.53265186391591,22.964274813425238,22.297221674465227,22.925037384033203,148500,0.0,0.0
2023-11-01 00:00:00-04:00,22.86617864797782,23.131038315232654,22.562081550962734,22.974084854125977,96000,0.0,0.0
2023-11-02 00:00:00-04:00,23.28799154716801,23.91580538541656,23.013322057417852,23.817710876464844,95300,0.0,0.0
2023-11-03 00:00:00-04:00,24.455333813528032,25.2695305624635,23.572470161952534,25.122386932373047,90900,0.0,0.0
2023-11-06 00:00:00-05:00,25.151814638805245,25.49515102444462,24.994861183261435,25.23029136657715,52500,0.0,0.0
2023-11-07 00:00:00-05:00,25.132197492928395,25.151815272090737,24.602478163855906,24.710384368896484,49700,0.0,0.0
2023-11-08 00:00:00-05:00,24.680898624227307,24.730043429929594,24.120639590302893,24.31722068786621,54100,0.05,0.0
2023-11-09 00:00:00-05:00,24.386021562089024,24.730040789537078,23.806103917899037,24.228755950927734,37800,0.0,0.0
2023-11-10 00:00:00-05:00,24.297560306612915,24.5531174027483,23.95354294138647,24.120637893676758,56000,0.0,0.0
2023-11-13 00:00:00-05:00,23.953543504074208,24.425340365828244,23.678327730673978,24.307390213012695,53200,0.0,0.0
2023-11-14 00:00:00-05:00,24.89713545355958,25.997996593965556,24.621919699769602,25.909534454345703,92200,0.0,0.0
2023-11-15 00:00:00-05:00,26.096286378544857,26.568085084776104,25.899705302806296,26.125774383544922,63100,0.0,0.0
2023-11-16 00:00:00-05:00,26.18474917373337,26.40099079963464,25.359103760619792,25.388591766357422,43400,0.0,0.0
2023-11-17 00:00:00-05:00,25.860389366018218,25.92919283999776,24.906966316329875,25.42790985107422,72000,0.0,0.0
2023-11-20 00:00:00-05:00,25.37876325705427,25.5163702054669,25.172352834435326,25.329618453979492,35300,0.0,0.0
2023-11-21 00:00:00-05:00,25.329617372869183,25.37876217384638,24.759529057665382,24.808673858642578,27600,0.0,0.0
2023-11-22 00:00:00-05:00,25.10355195860671,25.24115892126254,24.847994831707133,25.005260467529297,28200,0.0,0.0
2023-11-24 00:00:00-05:00,24.916796439337023,25.192010343953093,24.710384136120854,24.956111907958984,22100,0.0,0.0
2023-11-27 00:00:00-05:00,24.98559998473553,24.98559998473553,24.474485767954743,24.494144439697266,26300,0.0,0.0
2023-11-28 00:00:00-05:00,24.425337870980954,24.73986908002354,24.425337870980954,24.533456802368164,44200,0.0,0.0
2023-11-29 00:00:00-05:00,24.75952950988354,25.378762637374464,24.651408696054165,24.73004150390625,49200,0.0,0.0
2023-11-30 00:00:00-05:00,24.887307022891285,25.152693451393464,24.40568084232474,24.415510177612305,65200,0.0,0.0
2023-12-01 00:00:00-05:00,24.50397382178706,26.047143936157227,24.50397382178706,26.047143936157227,116900,0.0,0.0
2023-12-04 00:00:00-05:00,25.889876258046257,26.40099043525351,25.889876258046257,26.243724822998047,52300,0.0,0.0
2023-12-05 00:00:00-05:00,26.09628697320679,26.36167339999292,25.43773651123047,25.43773651123047,49800,0.0,0.0
2023-12-06 00:00:00-05:00,25.791585525922965,26.47962400545969,25.78175619052912,25.821073532104492,53400,0.0,0.0
2023-12-07 00:00:00-05:00,25.880047851131444,26.47962419108062,25.66380809521317,26.450136184692383,55400,0.0,0.0
2023-12-08 00:00:00-05:00,26.548428661277168,27.03988420434097,25.418081287181245,26.607402801513672,44900,0.0,0.0
2023-12-11 00:00:00-05:00,26.764667881467354,26.931762837703914,26.31252969091788,26.371503829956055,81800,0.0,0.0
2023-12-12 00:00:00-05:00,26.44030587787929,26.44030587787929,25.604831141779588,25.830902099609375,45900,0.0,0.0
2023-12-13 00:00:00-05:00,26.0373118520671,28.02279249814303,25.673635836300612,27.953989028930664,268000,0.0,0.0
2023-12-14 00:00:00-05:00,28.494590302674194,29.48733065985996,28.406128160714296,29.035192489624023,130300,0.0,0.0
2023-12-15 00:00:00-05:00,29.251433817129836,29.251433817129836,28.524079846596365,28.553565979003906,271500,0.0,0.0
2023-12-18 00:00:00-05:00,28.848440809517413,29.192460065289303,28.14074362627144,28.160402297973633,50800,0.0,0.0
2023-12-19 00:00:00-05:00,28.25869221244896,29.202285904704457,28.25869221244896,29.05484962463379,116400,0.0,0.0
2023-12-20 00:00:00-05:00,29.13348349091877,29.634768361176995,28.337326049804688,28.337326049804688,74400,0.0,0.0
2023-12-21 00:00:00-05:00,28.750151850030285,29.408702411841663,28.35698775523714,28.710834503173828,77100,0.0,0.0
2023-12-22 00:00:00-05:00,28.986046976671048,29.379211026293195,28.72066054014332,28.99587631225586,33100,0.0,0.0
2023-12-26 00:00:00-05:00,29.11382752281642,30.04759194026739,28.995877366265216,29.880496978759766,49700,0.0,0.0
2023-12-27 00:00:00-05:00,29.75272141738356,30.00827854527892,29.497164289488204,29.733062744140625,39100,0.0,0.0
2023-12-28 00:00:00-05:00,29.595452147742684,29.978786855149533,28.38647013827932,29.536476135253906,37000,0.0,0.0
2023-12-29 00:00:00-05:00,29.51681993693256,30.155711753800386,29.113826550534977,29.310407638549805,72900,0.0,0.0
2024-01-02 00:00:00-05:00,29.005707404558922,30.018106534061282,28.956560723658313,29.143314361572266,93400,0.0,0.0
2024-01-03 00:00:00-05:00,29.0351925759147,29.045020036380343,28.356983443791208,28.474931716918945,97200,0.0,0.0
2024-01-04 00:00:00-05:00,28.602711449116534,29.08433763054953,28.602711449116534,29.05484962463379,65500,0.0,0.0
2024-01-05 00:00:00-05:00,28.77963868948483,29.585625519713712,28.032626002387424,28.750150680541992,86100,0.0,0.0
2024-01-08 00:00:00-05:00,28.514250198611165,28.809122767981933,28.18006028678879,28.48476219177246,37900,0.0,0.0
2024-01-09 00:00:00-05:00,28.278352750348063,28.347156227274038,27.059543213326737,27.865530014038086,38500,0.0,0.0
2024-01-10 00:00:00-05:00,27.865526890013644,28.150570101715434,27.364242061068495,27.953989028930664,46900,0.0,0.0
2024-01-11 00:00:00-05:00,27.6787765716443,27.895016339870494,26.921934570721376,27.25612449645996,51500,0.0,0.0
2024-01-12 00:00:00-05:00,27.570654886799968,27.570654886799968,25.1625238793915,27.36424446105957,69700,0.0,0.0
2024-01-16 00:00:00-05:00,26.902276095213228,27.71809218662302,26.548427519504003,27.47236442565918,116800,0.0,0.0
2024-01-17 00:00:00-05:00,26.990739533150524,27.71809544078001,26.686037598713906,27.649290084838867,101900,0.0,0.0
2024-01-18 00:00:00-05:00,27.708262698817926,27.747578165483805,27.000565551291828,27.20697784423828,38400,0.0,0.0
2024-01-19 00:00:00-05:00,27.45270660492221,27.777067184448242,26.882618256823307,27.777067184448242,51000,0.0,0.0
2024-01-22 00:00:00-05:00,28.14074255256173,28.5830532752141,27.855699322772235,28.514249801635742,42200,0.0,0.0
2024-01-23 00:00:00-05:00,28.759975683170982,28.789463687670434,27.8556975008143,28.00313377380371,53000,0.0,0.0
2024-01-24 00:00:00-05:00,28.121090436043442,28.386475039043933,27.777071136148752,27.993310928344727,45900,0.0,0.0
2024-01-25 00:00:00-05:00,28.33733022823942,28.62237538021782,27.413393162030506,27.993310928344727,51100,0.0,0.0
2024-01-26 00:00:00-05:00,28.58305650105307,29.97879042535484,28.35698738385207,29.104000091552734,45900,0.0,0.0
2024-01-29 00:00:00-05:00,29.153143527338685,29.851011394014513,27.64928884614606,29.70357322692871,52900,0.0,0.0
2024-01-30 00:00:00-05:00,29.45784704809021,29.79203699539523,29.064682955600265,29.271095275878906,50000,0.0,0.0
2024-01-31 00:00:00-05:00,28.730489290521998,28.90741357793674,27.108686447143555,27.108686447143555,100900,0.0,0.0
2024-02-01 00:00:00-05:00,27.393733494950993,27.393733494950993,25.771928661613483,26.695865631103516,81100,0.0,0.0
2024-02-02 00:00:00-05:00,26.115948954624702,26.53860104907058,25.91936784948413,26.02748680114746,38700,0.0,0.0
2024-02-05 00:00:00-05:00,25.752268361612302,25.95867876701513,25.349275010798667,25.57534408569336,78400,0.0,0.0
2024-02-06 00:00:00-05:00,25.59500491591881,26.047143103877755,25.03474403662689,25.280471801757812,90600,0.0,0.0
2024-02-07 00:00:00-05:00,25.162293371506262,25.162293371506262,23.429001965550356,23.616117477416992,168500,0.05,0.0
2024-02-08 00:00:00-05:00,23.842627656568016,24.236559412216305,22.9661334449028,23.251733779907227,135100,0.0,0.0
2024-02-09 00:00:00-05:00,23.27142440833785,23.448693288750288,22.454019365195858,23.281272888183594,116000,0.0,0.0
2024-02-12 00:00:00-05:00,23.438846264923686,24.354734285012526,23.438846264923686,24.088830947875977,102500,0.0,0.0
2024-02-13 00:00:00-05:00,23.27142560736548,24.039590169262826,22.099484621421457,22.28660011291504,85300,0.0,0.0
2024-02-14 00:00:00-05:00,22.6115978049249,23.123707634113906,22.18812431990177,23.025224685668945,91100,0.0,0.0
2024-02-15 00:00:00-05:00,23.310820715800425,24.20701181111329,23.094159772214628,23.832778930664062,268400,0.0,0.0
2024-02-16 00:00:00-05:00,23.527484893798828,23.86232577526687,22.394935737494997,23.527484893798828,103600,0.0,0.0
2024-02-20 00:00:00-05:00,23.291122710930583,23.64566049219712,22.79870996068509,22.97597885131836,129700,0.0,0.0
2024-02-21 00:00:00-05:00,23.01537332746555,23.212337305265716,22.66083553765739,22.769166946411133,62500,0.0,0.0
2024-02-22 00:00:00-05:00,22.650987688426433,22.975980045341544,22.168423393516463,22.316146850585938,91300,0.0,0.0
2024-02-23 00:00:00-05:00,22.316147468462468,22.7987117767334,21.951763056162616,22.7987117767334,86800,0.0,0.0
2024-02-26 00:00:00-05:00,22.710078544427866,23.212339842078308,22.44417705141772,22.650989532470703,69200,0.0,0.0
2024-02-27 00:00:00-05:00,22.779013832441077,23.635812875683072,22.779013832441077,22.96613121032715,46900,0.0,0.0
2024-02-28 00:00:00-05:00,22.7494728329886,23.990353374250436,22.670686856324636,23.714601516723633,156000,0.0,0.0
2024-02-29 00:00:00-05:00,24.118378641577394,24.49261342028963,23.734297259893673,23.862323760986328,91300,0.0,0.0
2024-03-01 00:00:00-05:00,23.81308327486127,24.128227165870577,23.08431255730081,23.4388484954834,87800,0.0,0.0
2024-03-04 00:00:00-05:00,23.448697940050092,24.02974521736759,22.985830565918288,23.094161987304688,61800,0.0,0.0
2024-03-05 00:00:00-05:00,22.94643399876166,24.019893972108573,22.94643399876166,23.793384552001953,63300,0.0,0.0
2024-03-06 00:00:00-05:00,24.01989443168585,24.315343222109018,23.3699097225228,23.832778930664062,74200,0.0,0.0
2024-03-07 00:00:00-05:00,24.167622095082212,24.55170349339921,23.61611838450733,23.783538818359375,45800,0.0,0.0
2024-03-08 00:00:00-05:00,24.167617417433295,24.26609845959807,23.753990653762624,23.882017135620117,47700,0.0,0.0
2024-03-11 00:00:00-04:00,23.88202272142683,24.295649581841385,23.80323674222434,24.12822914123535,47000,0.0,0.0
2024-03-12 00:00:00-04:00,24.02974291254052,24.098680400117562,23.64566155123662,23.832778930664062,43400,0.0,0.0
2024-03-13 00:00:00-04:00,23.694904135462732,24.325193816074883,23.694904135462732,23.76384162902832,56300,0.0,0.0
2024-03-14 00:00:00-04:00,23.655511288727183,23.68505485445496,22.641140247678166,22.74947166442871,86000,0.0,0.0
2024-03-15 00:00:00-04:00,22.798712078243312,23.37975932777346,22.769168512664123,22.995677947998047,190800,0.0,0.0
2024-03-18 00:00:00-04:00,22.916892171491373,23.310822035959323,22.365388482830483,22.414630889892578,41900,0.0,0.0
2024-03-19 00:00:00-04:00,22.38508290697393,22.956281615274527,22.38508290697393,22.867647171020508,70800,0.0,0.0
2024-03-20 00:00:00-04:00,22.818404940820837,24.029739750460685,22.73961898275659,23.557024002075195,92000,0.0,0.0
2024-03-21 00:00:00-04:00,23.744145430513992,23.990351826505535,23.27142772262188,23.576725006103516,59400,0.0,0.0
2024-03-22 00:00:00-04:00,23.625964204780892,23.625964204780892,22.946434064119906,23.03506851196289,45800,0.0,0.0
2024-03-25 00:00:00-04:00,22.74947031037501,23.41915197696285,22.73962182958335,23.054765701293945,64100,0.0,0.0
2024-03-26 00:00:00-04:00,23.232035981508606,23.27142802861423,22.690382654567394,22.74947166442871,40800,0.0,0.0
2024-03-27 00:00:00-04:00,22.99567636001408,24.098679894935753,22.99567636001408,23.704750061035156,159800,0.0,0.0
2024-03-28 00:00:00-04:00,23.675207456203445,24.17746684076176,23.517633637856772,23.960805892944336,147800,0.0,0.0
2024-04-01 00:00:00-04:00,24.029744870395856,24.069138797024216,23.28127717010935,23.921415328979492,93800,0.0,0.0
2024-04-02 00:00:00-04:00,23.675206164184264,23.7244466883265,23.005524516778564,23.419151306152344,78100,0.0,0.0
2024-04-03 00:00:00-04:00,23.291120582923106,23.468389457360097,23.074459668836454,23.3797550201416,64200,0.0,0.0
2024-04-04 00:00:00-04:00,23.62596245239639,23.97065173750774,23.300970127212654,23.389604568481445,84600,0.0,0.0
2024-04-05 00:00:00-04:00,23.153247222995713,23.448694115158645,23.044915819280057,23.18279266357422,64300,0.0,0.0
2024-04-08 00:00:00-04:00,23.34036645623026,23.783536829912194,23.310821013289193,23.60626792907715,68600,0.0,0.0
2024-04-09 00:00:00-04:00,23.82293364781598,24.2267120250327,23.734299186631247,23.950960159301758,85100,0.0,0.0
2024-04-10 00:00:00-04:00,23.064616142780874,23.251733536917783,22.257059433271635,22.63129234313965,114200,0.0,0.0
2024-04-11 00:00:00-04:00,22.719926220295175,23.02522162938536,22.286602431698753,22.74947166442871,65600,0.0,0.0
2024-04-12 00:00:00-04:00,22.48356938877221,22.936590162012717,22.45402394321114,22.84795570373535,66400,0.0,0.0
2024-04-15 00:00:00-04:00,22.818410903595485,23.14340330033631,22.601749931903566,22.907045364379883,61100,0.0,0.0
2024-04-16 00:00:00-04:00,22.70023048244701,22.85780243618363,22.493417997569892,22.601749420166016,47700,0.0,0.0
2024-04-17 00:00:00-04:00,22.690380892201052,22.907041830468287,22.513111997979852,22.59189796447754,66000,0.0,0.0
2024-04-18 00:00:00-04:00,22.60174820057254,23.113856083380213,22.60174820057254,22.74947166442871,87700,0.0,0.0
2024-04-19 00:00:00-04:00,22.62144404832643,23.803235555869126,22.62144404832643,23.76384162902832,72400,0.0,0.0
2024-04-22 00:00:00-04:00,23.685056834217644,24.315346546243486,23.557030322415812,24.12822914123535,104100,0.0,0.0
2024-04-23 00:00:00-04:00,24.167621374614562,24.886543619203664,24.167621374614562,24.6600341796875,82600,0.0,0.0
2024-04-24 00:00:00-04:00,24.28579850156213,24.28579850156213,22.207815939589455,22.532808303833008,432800,0.0,0.0
2024-04-25 00:00:00-04:00,22.414626949709646,22.719922306204865,22.050240715127277,22.57219886779785,108800,0.0,0.0
2024-04-26 00:00:00-04:00,22.641140098164538,22.641140098164538,22.247210237680864,22.394933700561523,89000,0.0,0.0
2024-04-29 00:00:00-04:00,22.56235481540026,22.966133169533112,22.21766547254383,22.54265785217285,87900,0.0,0.0
2024-04-30 00:00:00-04:00,22.444175954144367,22.444175954144367,21.932066199803298,22.040395736694336,67000,0.0,0.0
2024-05-01 00:00:00-04:00,22.24721008604219,22.40478202916164,21.79418934076948,22.040395736694336,151400,0.0,0.0
2024-05-02 00:00:00-04:00,22.148728836830898,22.749473089675607,21.981308399730203,22.621444702148438,116300,0.0,0.0
2024-05-03 00:00:00-04:00,22.877499499473696,23.192643408317185,22.798713522262826,22.95628547668457,76600,0.0,0.0
2024-05-06 00:00:00-04:00,22.97597964850759,23.182793987557357,22.82825619398955,22.87749671936035,52100,0.0,0.0
2024-05-07 00:00:00-04:00,22.84795544419164,23.281277370396555,22.729775541695684,22.7396240234375,225200,0.0,0.0
2024-05-08 00:00:00-04:00,22.650795532119876,23.144276899856848,22.453402232032275,22.966623306274414,76600,0.05,0.0
2024-05-09 00:00:00-04:00,22.90740787626918,23.13441077267604,22.700146572029126,22.9370174407959,84300,0.0,0.0
2024-05-10 00:00:00-04:00,22.96662374869053,23.04558069375015,22.601446701238515,22.74949073791504,136600,0.0,0.0
2024-05-13 00:00:00-04:00,22.877797854942767,23.312062011185656,22.779101199094548,22.986364364624023,190600,0.0,0.0
2024-05-14 00:00:00-04:00,23.302191669913444,23.391018470070534,22.729753336946693,23.371278762817383,121000,0.0,0.0
2024-05-15 00:00:00-04:00,23.588408870651005,23.687105520148027,23.36140789454527,23.440364837646484,74500,0.0,0.0
2024-05-16 00:00:00-04:00,23.36140789454527,23.55880119353931,23.32192848175366,23.440364837646484,57200,0.0,0.0
2024-05-17 00:00:00-04:00,23.59827927114594,24.022673556088368,23.420625674427523,23.756193161010742,94500,0.0,0.0
2024-05-20 00:00:00-04:00,23.746325679699993,23.874631904583456,23.558804093304538,23.70684814453125,87200,0.0,0.0
2024-05-21 00:00:00-04:00,23.60814998293156,24.200328032696355,23.60814998293156,24.16084861755371,116000,0.0,0.0
2024-05-22 00:00:00-04:00,24.072020382456188,24.506284510753865,23.055449975338323,23.440364837646484,274300,0.0,0.0
2024-05-23 00:00:00-04:00,23.31206030027016,23.31206030027016,21.890833454815827,22.206661224365234,239500,0.0,0.0
2024-05-24 00:00:00-04:00,22.246142012302716,22.532360240223298,21.723051060091986,21.89083480834961,115700,0.0,0.0
2024-05-28 00:00:00-04:00,22.078357724430074,22.19679220119839,21.367743333891916,21.407222747802734,80700,0.0,0.0
2024-05-29 00:00:00-04:00,21.170354150751013,21.239441249919494,20.361043022325504,20.459739685058594,210900,0.0,0.0
2024-05-30 00:00:00-04:00,20.795305782344553,21.43683122237884,20.647261739641586,21.111133575439453,171400,0.0,0.0
2024-05-31 00:00:00-04:00,21.27891910145542,21.58487894871886,21.002570700678493,21.417095184326172,152200,0.0,0.0
2024-06-03 00:00:00-04:00,21.742787916346465,21.742787916346465,20.805172643302864,20.81504249572754,103000,0.0,0.0
2024-06-04 00:00:00-04:00,20.657132823035838,20.77556731125479,20.143911687467707,20.232738494873047,178900,0.0,0.0
2024-06-05 00:00:00-04:00,20.479478218790753,21.190090761219075,20.035344203221705,21.170352935791016,168200,0.0,0.0
2024-06-06 00:00:00-04:00,21.051917026637582,21.20983092837421,20.65713227229601,20.95322036743164,92700,0.0,0.0
2024-06-07 00:00:00-04:00,20.696606149113304,20.99269607440796,20.13403773827989,20.81504249572754,139600,0.0,0.0
2024-06-10 00:00:00-04:00,20.68673921810382,20.68673921810382,20.28208462395549,20.578174591064453,109100,0.0,0.0
2024-06-11 00:00:00-04:00,20.479477687659998,20.795305476103884,20.341303500836325,20.686738967895508,138900,0.0,0.0
2024-06-12 00:00:00-04:00,21.328265802463168,21.95005151170199,20.923611222287636,21.407222747802734,120800,0.0,0.0
2024-06-13 00:00:00-04:00,21.328265677023314,21.634223603104417,20.83478430093287,21.54539680480957,173400,0.0,0.0
2024-06-14 00:00:00-04:00,21.19008819084648,21.713179092122935,21.130870956781084,21.66383171081543,186200,0.0,0.0
2024-06-17 00:00:00-04:00,21.63422577403945,21.63422577403945,20.78543711959602,21.2690486907959,68700,0.0,0.0
2024-06-18 00:00:00-04:00,21.199958124890458,21.37761171024974,21.09139350910129,21.190088272094727,45000,0.0,0.0
2024-06-20 00:00:00-04:00,20.992697319061705,21.328264791468936,20.923610230474683,21.30852508544922,67700,0.0,0.0
2024-06-21 00:00:00-04:00,21.259178044382974,21.338134987248193,20.884131153911675,20.894001007080078,250800,0.0,0.0
2024-06-24 00:00:00-04:00,20.913742186212506,21.18022071059742,20.59791439251028,20.6077823638916,92000,0.0,0.0
2024-06-25 00:00:00-04:00,20.627524417219234,20.913744564359927,20.617654562233447,20.726221084594727,78500,0.0,0.0
2024-06-26 00:00:00-04:00,20.548563462639784,21.02230511490951,20.52882375650805,21.002567291259766,116800,0.0,0.0
2024-06-27 00:00:00-04:00,21.12100386014007,21.436831659677676,20.96308996037127,21.397354125976562,82000,0.0,0.0
2024-06-28 00:00:00-04:00,21.56513636708783,22.443532608246272,21.456569862681448,22.354705810546875,388300,0.0,0.0
2024-07-01 00:00:00-04:00,22.226400712976634,22.621185421048285,21.910572946519316,22.147443771362305,84000,0.0,0.0
2024-07-02 00:00:00-04:00,22.1869236182732,22.502751417717604,22.15731593862665,22.433664321899414,46800,0.0,0.0
2024-07-03 00:00:00-04:00,22.473143928209865,22.473143928209865,21.732921811068426,21.792139053344727,38800,0.0,0.0
2024-07-05 00:00:00-04:00,21.653964484698335,21.69344201803661,21.130873519970585,21.170352935791016,84200,0.0,0.0
2024-07-08 00:00:00-04:00,21.426963630911512,21.58487942661472,21.13087551424296,21.199962615966797,94000,0.0,0.0
2024-07-09 00:00:00-04:00,21.03217785515032,21.249310887442192,20.706480189194753,21.10126495361328,92900,0.0,0.0
2024-07-10 00:00:00-04:00,21.16048257548764,22.009269288012568,21.012438534667883,21.89083480834961,98300,0.0,0.0
2024-07-11 00:00:00-04:00,22.58170858810556,23.608150828806,22.05861949609824,23.529193878173828,158500,0.0,0.0
2024-07-12 00:00:00-04:00,23.726587505409334,24.2990258755782,23.48971476794161,23.785804748535156,150800,0.0,0.0
2024-07-15 00:00:00-04:00,24.289157049313722,24.950422253399523,24.170720675567214,24.417461395263672,168200,0.0,0.0
2024-07-16 00:00:00-04:00,24.644458111771115,26.38151270168408,24.190456170222145,26.31242561340332,194000,0.0,0.0
2024-07-17 00:00:00-04:00,25.986728210618065,26.835516747911235,25.927510974813096,26.707210540771484,126100,0.0,0.0
2024-07-18 00:00:00-04:00,26.5591717842642,26.944086717157713,25.52286148071289,25.52286148071289,105000,0.0,0.0
2024-07-19 00:00:00-04:00,25.51298988542536,26.06568855078682,25.285988883176465,25.917644500732422,80900,0.0,0.0
2024-07-22 00:00:00-04:00,25.78933710259809,26.569038617188497,25.394552359601366,26.460472106933594,67900,0.0,0.0
2024-07-23 00:00:00-04:00,26.332168151741705,27.407957768498207,26.203861931863127,27.250043869018555,111900,0.0,0.0
2024-07-24 00:00:00-04:00,28.464007362313144,29.01670600437765,26.815779407556043,26.82564926147461,111600,0.0,0.0
2024-07-25 00:00:00-04:00,26.845386396748342,28.315960605012116,26.845386396748342,28.15804672241211,108600,0.0,0.0
2024-07-26 00:00:00-04:00,28.40478918487316,29.016705047794076,27.950785331996975,28.464006423950195,102900,0.0,0.0
2024-07-29 00:00:00-04:00,28.641661809449182,28.641661809449182,27.477045367589348,27.73365592956543,84900,0.0,0.0
2024-07-30 00:00:00-04:00,27.95078623143928,28.454137485996906,27.792872333830868,28.197526931762695,57400,0.0,0.0
2024-07-31 00:00:00-04:00,28.17778544564587,28.868660115943307,27.486912657830462,27.89156723022461,118100,0.0,0.0
2024-08-01 00:00:00-04:00,27.8619592861242,28.019873182924396,25.82881645296008,26.09529685974121,112200,0.0,0.0
2024-08-02 00:00:00-04:00,24.861595345395834,25.69064431089607,24.674071872073036,25.62155532836914,108200,0.0,0.0
2024-08-05 00:00:00-04:00,24.299024617342667,25.285987403250484,23.66736715427382,25.167551040649414,142300,0.0,0.0
2024-08-06 00:00:00-04:00,25.197156687803812,25.86828969668261,24.87145909434725,25.4735050201416,133800,0.0,0.0
2024-08-07 00:00:00-04:00,25.947250923966816,26.16438204560698,25.591943740844727,25.591943740844727,69700,0.0,0.0
2024-08-08 00:00:00-04:00,26.21493232369194,26.21493232369194,25.315061172861526,25.671052932739258,89400,0.05,0.0
2024-08-09 00:00:00-04:00,25.76005255386501,25.928160462799724,24.998624388566935,25.354616165161133,78300,0.0,0.0
2024-08-12 00:00:00-04:00,25.532611861330913,26.027046643730408,25.028288156949145,25.087621688842773,83200,0.0,0.0
2024-08-13 00:00:00-04:00,25.423835805179408,25.46339149341894,24.929401018899426,25.2853946685791,67500,0.0,0.0
2024-08-14 00:00:00-04:00,25.542502127170266,25.542502127170266,24.5931882003545,24.80084991455078,34300,0.0,0.0
2024-08-15 00:00:00-04:00,25.483172683691496,26.12593761303205,25.077736256594253,25.77983283996582,75200,0.0,0.0
2024-08-16 00:00:00-04:00,25.74027505501582,26.521481018415674,25.404059257263285,26.333595275878906,50200,0.0,0.0
2024-08-19 00:00:00-04:00,26.353375161265912,26.51159415056994,25.99738337839141,26.363264083862305,41000,0.0,0.0
2024-08-20 00:00:00-04:00,26.165488375232297,26.165488375232297,25.56227920952616,25.819385528564453,44200,0.0,0.0
2024-08-21 00:00:00-04:00,26.00727094522888,26.046826636421102,25.621612386700555,26.036937713623047,31500,0.0,0.0
2024-08-22 00:00:00-04:00,25.947938071734335,26.80825545343007,25.858939656865154,26.046825408935547,37000,0.0,0.0
2024-08-23 00:00:00-04:00,26.13582311118772,28.281670159633492,26.13582311118772,27.8169002532959,67600,0.0,0.0
2024-08-26 00:00:00-04:00,28.113563907789356,28.113563907789356,27.134583199549255,27.144472122192383,67100,0.0,0.0
2024-08-27 00:00:00-04:00,26.976361707796908,26.976361707796908,26.570925347623174,26.857696533203125,45600,0.0,0.0
2024-08-28 00:00:00-04:00,26.640145237918453,27.095024309066538,26.402816780869156,26.847806930541992,51000,0.0,0.0
2024-08-29 00:00:00-04:00,27.12469027225161,28.153113555753123,26.59069984507514,27.391685485839844,249700,0.0,0.0
2024-08-30 00:00:00-04:00,27.629015063966747,28.331111521566523,27.282910352900846,28.24211311340332,246800,0.0,0.0
2024-09-03 00:00:00-04:00,27.886121500765775,28.261891092277725,27.02580417976362,27.24335479736328,91500,0.0,0.0
2024-09-04 00:00:00-04:00,27.134582441076976,27.421353645235268,26.689590365170393,26.966474533081055,83500,0.0,0.0
2024-09-05 00:00:00-04:00,27.223581701125863,27.223581701125863,26.422595939635894,26.561038970947266,57200,0.0,0.0
2024-09-06 00:00:00-04:00,26.729147084622426,26.729147084622426,25.888607512253326,26.00727081298828,29700,0.0,0.0
2024-09-09 00:00:00-04:00,26.06660363228049,26.491817868139616,25.977605216118388,26.13582420349121,47200,0.0,0.0
2024-09-10 00:00:00-04:00,26.353374670316164,26.353374670316164,25.710609802478032,26.244600296020508,67500,0.0,0.0
2024-09-11 00:00:00-04:00,25.93805097906719,25.93805097906719,25.265619302008652,25.57217025756836,41600,0.0,0.0
2024-09-12 00:00:00-04:00,25.700720433190394,25.799607769473553,25.28539512969637,25.54250144958496,38000,0.0,0.0
2024-09-13 00:00:00-04:00,25.938048259350854,26.373151396434384,25.562278654223494,26.28415298461914,60900,0.0,0.0
2024-09-16 00:00:00-04:00,26.284153068892547,26.69947836332232,26.09626732266695,26.452260971069336,61900,0.0,0.0
2024-09-17 00:00:00-04:00,26.8082531307599,27.421351173274182,26.491815188027505,26.847806930541992,64100,0.0,0.0
2024-09-18 00:00:00-04:00,26.82802928147931,29.438646100126476,26.363261285497067,28.212448120117188,191700,0.0,0.0
2024-09-19 00:00:00-04:00,28.914548082820776,29.092544920018717,28.182784774655254,28.8749942779541,74200,0.0,0.0
2024-09-20 00:00:00-04:00,28.726659115700127,28.726659115700127,27.44112948008946,27.68834686279297,260900,0.0,0.0
2024-09-23 00:00:00-04:00,27.955345595958697,27.955345595958697,27.114806012091897,27.154359817504883,52700,0.0,0.0
2024-09-24 00:00:00-04:00,27.154358410418222,27.37191093033364,26.422595130064273,26.521482467651367,53200,0.0,0.0
2024-09-25 00:00:00-04:00,26.610481108279313,26.679701679340905,26.20504471824505,26.27426528930664,54000,0.0,0.0
2024-09-26 00:00:00-04:00,26.659922077753333,26.936806229874318,26.3434841245402,26.6104793548584,48000,0.0,0.0
2024-09-27 00:00:00-04:00,26.926918989663886,27.154358546974606,26.363263614537708,26.551149368286133,43300,0.0,0.0
2024-09-30 00:00:00-04:00,26.689592189056587,27.19391594750832,26.551151038700148,27.104917526245117,43000,0.0,0.0
2024-10-01 00:00:00-04:00,27.164246603493186,27.164246603493186,25.967715320558746,26.20504379272461,53700,0.0,0.0
2024-10-02 00:00:00-04:00,26.224822472891024,26.857698418840545,26.224822472891024,26.551149368286133,46300,0.0,0.0
2024-10-03 00:00:00-04:00,26.38304132670089,26.640147649979696,26.125935003422082,26.521482467651367,42700,0.0,0.0
2024-10-04 00:00:00-04:00,26.92691753232706,27.104914354021602,26.659922299785244,26.80825424194336,39100,0.0,0.0
2024-10-07 00:00:00-04:00,26.729146373388755,27.47079858466472,26.679701760965557,27.19391441345215,51600,0.0,0.0
2024-10-08 00:00:00-04:00,27.30269046265325,27.609239512820217,26.907141110815633,26.996139526367188,48400,0.0,0.0
2024-10-09 00:00:00-04:00,26.946695660726263,27.599349423087357,26.729145035312232,27.174135208129883,37300,0.0,0.0
2024-10-10 00:00:00-04:00,26.867588598373377,27.282913928865256,26.689591758716976,27.154359817504883,45200,0.0,0.0
2024-10-11 00:00:00-04:00,27.381798583656938,28.43988870872628,27.07524766273257,28.31133460998535,53300,0.0,0.0
2024-10-14 00:00:00-04:00,28.331113990267458,29.072766198840526,27.935566522918975,28.973878860473633,51300,0.0,0.0
2024-10-15 00:00:00-04:00,29.15187726524725,30.427520038159486,29.15187726524725,29.497982025146484,76100,0.0,0.0
2024-10-16 00:00:00-04:00,29.73530709998304,30.358295973406552,29.646308689493967,29.893526077270508,69900,0.0,0.0
2024-10-17 00:00:00-04:00,29.923195145600765,30.437407804416697,29.755087233530904,30.28907585144043,33100,0.0,0.0
2024-10-18 00:00:00-04:00,30.407739577895015,30.407739577895015,29.260651016252563,29.34964942932129,63900,0.0,0.0
2024-10-21 00:00:00-04:00,29.349651979032362,29.349651979032362,27.994899707164272,28.133342742919922,88800,0.0,0.0
2024-10-22 00:00:00-04:00,28.232227170361593,28.855216093230332,28.044343298745172,28.647552490234375,56700,0.0,0.0
2024-10-23 00:00:00-04:00,29.250762152401965,31.357053531614167,28.074006822018937,30.852731704711914,120600,0.0,0.0
2024-10-24 00:00:00-04:00,31.23839317031794,31.87126915847977,30.645070988356615,31.3966121673584,81200,0.0,0.0
2024-10-25 00:00:00-04:00,31.811931438564773,31.92070769202699,30.98128275634441,31.030725479125977,84800,0.0,0.0
2024-10-28 00:00:00-04:00,31.42627145799856,33.038127814064865,31.42627145799856,32.87002182006836,107900,0.0,0.0
2024-10-29 00:00:00-04:00,32.563473493719385,33.048017444553494,31.980040327851288,32.296478271484375,92500,0.0,0.0
2024-10-30 00:00:00-04:00,32.24704010693195,33.72045378288775,32.24704010693195,32.47447967529297,75500,0.0,0.0
2024-10-31 00:00:00-04:00,32.6722507174508,33.344682310762444,31.74271092962932,31.78226661682129,81600,0.0,0.0
2024-11-01 00:00:00-04:00,32.16792937462444,32.56347875418371,31.7130502286982,31.87126922607422,55000,0.0,0.0
2024-11-04 00:00:00-05:00,31.554827120810387,31.99981917178775,30.763732236982833,31.64382553100586,78300,0.0,0.0
2024-11-05 00:00:00-05:00,31.7723852735798,32.64258791428354,31.317504219969177,32.39537048339844,48500,0.0,0.0
2024-11-06 00:00:00-05:00,35.104869095062824,37.45837968498663,34.98620580505263,37.15182876586914,334800,0.0,0.0
2024-11-07 00:00:00-05:00,36.64683617782463,37.013208257108076,34.77538248558449,35.92399978637695,186400,0.05,0.0
2024-11-08 00:00:00-05:00,36.03292037615681,36.419092873811465,35.62694367640893,35.89429473876953,134500,0.0,0.0
2024-11-11 00:00:00-05:00,36.438897766405724,36.973599901259306,36.21115510391595,36.74585723876953,150100,0.0,0.0
2024-11-12 00:00:00-05:00,36.528009133138056,37.042906985799924,36.02301526880969,36.36957931518555,61500,0.0,0.0
2024-11-13 00:00:00-05:00,36.904287081252214,37.21124655361603,36.33988053132857,36.74585723876953,107800,0.0,0.0
2024-11-14 00:00:00-05:00,36.81516337917767,36.81516337917767,35.785367701249626,36.09232711791992,163100,0.0,0.0
2024-11-15 00:00:00-05:00,36.38938351458771,36.38938351458771,34.9734153640838,36.36957931518555,83700,0.0,0.0
2024-11-18 00:00:00-05:00,36.18144591588932,36.4487969480479,35.66654805142816,36.290367126464844,76100,0.0,0.0
2024-11-19 00:00:00-05:00,35.7160608700496,36.70624831591128,35.66655225320959,36.42899703979492,83600,0.0,0.0
2024-11-20 00:00:00-05:00,36.339875540811384,36.65673518226275,35.765565079890244,36.39928436279297,74300,0.0,0.0
2024-11-21 00:00:00-05:00,36.57751706642145,37.15182750666655,35.15164873122374,35.409095764160156,325900,0.0,0.0
2024-11-22 00:00:00-05:00,35.716059462599745,37.31026179197735,34.40901238774988,36.01311492919922,476200,0.0,0.0
2024-11-25 00:00:00-05:00,36.42899378688579,36.98349628960448,36.09232993426444,36.28046417236328,142800,0.0,0.0
2024-11-26 00:00:00-05:00,35.94379687138964,36.8349669184982,35.7754668498606,36.52800750732422,129500,0.0,0.0
2024-11-27 00:00:00-05:00,36.95379115084462,36.98349556225894,36.023016412968566,36.07252502441406,74300,0.0,0.0
2024-11-29 00:00:00-05:00,36.20125437916852,36.36958443187136,35.607139645314454,35.78537368774414,77000,0.0,0.0
2024-12-02 00:00:00-05:00,35.775471436363134,36.29036933211873,35.17145652447166,35.9834098815918,72700,0.0,0.0
2024-12-03 00:00:00-05:00,35.884394407673234,36.08242887341991,35.30018366828381,35.53782653808594,70800,0.0,0.0
2024-12-04 00:00:00-05:00,35.59723937731894,36.250762939453125,35.30018389948801,36.250762939453125,88600,0.0,0.0
2024-12-05 00:00:00-05:00,36.419093340000266,37.270655154583054,35.96360801782146,36.032920837402344,66800,0.0,0.0
2024-12-06 00:00:00-05:00,36.28046173988175,36.28046173988175,35.329882847012776,36.05271911621094,44600,0.0,0.0
2024-12-09 00:00:00-05:00,36.013113035898,36.49830650173927,35.19125949560421,35.45861053466797,73300,0.0,0.0
2024-12-10 00:00:00-05:00,35.64674361558501,36.300267097446806,35.220962764662104,35.75566482543945,68600,0.0,0.0
2024-12-11 00:00:00-05:00,36.22105567510704,36.60722814363112,35.99330925684741,36.0626220703125,60000,0.0,0.0
2024-12-12 00:00:00-05:00,35.91410002983938,35.91410002983938,35.14175501111126,35.24077224731445,55400,0.0,0.0
2024-12-13 00:00:00-05:00,35.30018136358774,35.33978598779216,34.41891142858448,35.022926330566406,94300,0.0,0.0
2024-12-16 00:00:00-05:00,34.96351978834303,35.71606057907019,34.89420696987863,35.53782653808594,73000,0.0,0.0
2024-12-17 00:00:00-05:00,35.35959082973531,35.47841603629854,34.191169406052865,34.40901184082031,66000,0.0,0.0
2024-12-18 00:00:00-05:00,34.8545999582846,34.88430437388025,31.893937739001828,32.200897216796875,93100,0.0,0.0
2024-12-19 00:00:00-05:00,32.606871626665075,33.369316383606886,31.99295649173389,32.329620361328125,133200,0.0,0.0
2024-12-20 00:00:00-05:00,31.854325933653925,33.24058976490305,31.854325933653925,32.62667465209961,286300,0.0,0.0
2024-12-23 00:00:00-05:00,32.468243361815574,32.913828414458926,31.93354129864355,32.210792541503906,64100,0.0,0.0
2024-12-24 00:00:00-05:00,32.21079494867776,32.9336312982004,31.85432687992354,32.43853759765625,37300,0.0,0.0
2024-12-26 00:00:00-05:00,32.19098881655588,32.52765266382328,32.04246298166038,32.34941864013672,53000,0.0,0.0
2024-12-27 00:00:00-05:00,32.08207010709255,33.30000003571305,31.28001703237256,31.82461929321289,72100,0.0,0.0
2024-12-30 00:00:00-05:00,31.636488394403386,31.92364364884361,31.478058560447607,31.685997009277344,58900,0.0,0.0
2024-12-31 00:00:00-05:00,31.785012762965458,32.032559603104644,31.280018871078127,31.735504150390625,92100,0.0,0.0
2025-01-02 00:00:00-05:00,31.923645545994983,31.99295836639067,30.705713528211117,30.86414337158203,66800,0.0,0.0
2025-01-03 00:00:00-05:00,30.923551498052603,31.379038676030394,30.54728112375143,31.299823760986328,56400,0.0,0.0
2025-01-06 00:00:00-05:00,31.289922228570152,31.834526431938436,30.953258361362874,31.151294708251953,69000,0.0,0.0
2025-01-07 00:00:00-05:00,31.1611987726523,31.1611987726523,30.012581466959638,30.596792221069336,151900,0.0,0.0
2025-01-08 00:00:00-05:00,30.408652823206374,31.180999641479588,30.052186659000082,30.35914421081543,42000,0.0,0.0
2025-01-10 00:00:00-05:00,29.765032058012082,29.93336398784085,28.477789221885658,29.27984046936035,80000,0.0,0.0
2025-01-13 00:00:00-05:00,29.022391956886615,29.95316863502347,28.93327494043561,29.88385581970215,83900,0.0,0.0
2025-01-14 00:00:00-05:00,30.13140454461421,31.319628356913388,29.428370469783594,31.171100616455078,117600,0.0,0.0
2025-01-15 00:00:00-05:00,32.309813782078024,32.35932239334959,31.141392425197363,31.725603103637695,50600,0.0,0.0
2025-01-16 00:00:00-05:00,31.33942868457983,31.398839395691283,30.695807296413772,31.081979751586914,55400,0.0,0.0
2025-01-17 00:00:00-05:00,31.38894252831356,31.62658728670876,30.804731789021442,31.497861862182617,43000,0.0,0.0
2025-01-21 00:00:00-05:00,31.745410278867787,32.17119117478552,31.41864661477337,31.804819107055664,89200,0.0,0.0
2025-01-22 00:00:00-05:00,31.547369875184668,31.973150741912434,31.141393208916917,31.646387100219727,121000,0.0,0.0
2025-01-23 00:00:00-05:00,31.379040761116183,32.02266222469588,30.874044935916917,31.83452796936035,121900,0.0,0.0
2025-01-24 00:00:00-05:00,32.06226590777374,32.290008534042805,31.62658296592204,31.82461929321289,109500,0.0,0.0
2025-01-27 00:00:00-05:00,31.725605789724902,33.18117872612451,31.45825473350492,32.755401611328125,79700,0.0,0.0
2025-01-28 00:00:00-05:00,32.497950641186854,32.765301696369384,32.082073740190836,32.39893341064453,70800,0.0,0.0
2025-01-29 00:00:00-05:00,32.398931555349144,33.03265085996717,31.478057010430756,32.02265930175781,69300,0.0,0.0
2025-01-30 00:00:00-05:00,32.14148197087554,32.53755844022176,30.953258228734597,31.349332809448242,65900,0.0,0.0
2025-01-31 00:00:00-05:00,31.25031284103407,31.834525428545923,31.062178600714134,31.33942985534668,85100,0.0,0.0
2025-02-03 00:00:00-05:00,30.388850852652396,31.438448933912365,29.71552314023307,31.25031280517578,68800,0.0,0.0
2025-02-04 00:00:00-05:00,31.042373157977295,32.3890266418457,31.042373157977295,32.3890266418457,71500,0.0,0.0
2025-02-05 00:00:00-05:00,32.59696802339108,32.933631896972656,31.943444477881574,32.933631896972656,66300,0.0,0.0
2025-02-06 00:00:00-05:00,33.102219566729076,34.08397887195555,32.18987365031588,34.054229736328125,89400,0.05,0.0
2025-02-07 00:00:00-05:00,33.99472453502096,33.99472453502096,33.17163366759289,33.77655792236328,111600,0.0,0.0
2025-02-10 00:00:00-05:00,33.836058043298245,34.1533947545193,33.22121863817647,33.9649772644043,75900,0.0,0.0
2025-02-11 00:00:00-05:00,33.72696912405144,34.93681756664626,32.29895408087102,34.877315521240234,100700,0.0,0.0
2025-02-12 00:00:00-05:00,34.282309540578154,34.53022905058115,33.498882981060326,33.865806579589844,129200,0.0,0.0
2025-02-13 00:00:00-05:00,33.895561466827466,35.05582315487538,33.72697420425898,34.85749053955078,137000,0.0,0.0
2025-02-14 00:00:00-05:00,35.05581960456426,35.11532165290681,33.53855330987121,34.26247787475586,72800,0.0,0.0
2025-02-18 00:00:00-05:00,34.153397496135455,34.7186537948076,32.269211094879054,34.56990432739258,107400,0.0,0.0
2025-02-19 00:00:00-05:00,33.032801847523594,34.21289753093063,32.824546552726524,33.95506286621094,72900,0.0,0.0
2025-02-20 00:00:00-05:00,33.786477086333626,33.786477086333626,33.003050374571664,33.2906379699707,65600,0.0,0.0
2025-02-21 00:00:00-05:00,33.697225984361786,33.964979561869484,32.24937666861108,32.3782958984375,55400,0.0,0.0
2025-02-24 00:00:00-05:00,32.6460422482686,32.6460422482686,31.783283333748024,31.862619400024414,57400,0.0,0.0
2025-02-25 00:00:00-05:00,32.13037687446435,32.57662906145366,31.971708505479814,32.20970916748047,60800,0.0,0.0
2025-02-26 00:00:00-05:00,32.24937396116587,33.687308038342266,31.545281489587293,31.85270118713379,68400,0.0,0.0
2025-02-27 00:00:00-05:00,31.753536912082147,32.24937601979807,31.46594932169839,31.74361801147461,41200,0.0,0.0
2025-02-28 00:00:00-05:00,32.03120762772729,32.27912719726535,31.565119517927165,32.0907096862793,76000,0.0,0.0
2025-03-03 00:00:00-05:00,32.12045440595046,33.02288136362321,31.337029657536913,31.535364151000977,76000,0.0,0.0
2025-03-04 00:00:00-05:00,31.128776715100184,31.128776715100184,30.01809823948069,30.37510108947754,85100,0.0,0.0
2025-03-05 00:00:00-05:00,31.039524181388227,31.34694575829155,29.978428903077496,30.474267959594727,74000,0.0,0.0
2025-03-06 00:00:00-05:00,30.147017525404607,30.63293962648053,29.700763461057864,30.18668556213379,59500,0.0,0.0
2025-03-07 00:00:00-05:00,30.58335423556728,31.138693468832724,29.770178456845315,30.13709831237793,61700,0.0,0.0
2025-03-10 00:00:00-04:00,29.70076149450923,30.236266714563634,28.738832473754883,28.738832473754883,98400,0.0,0.0
2025-03-11 00:00:00-04:00,28.75866877545862,29.25450789227687,27.97524206297724,28.143827438354492,117600,0.0,0.0
2025-03-12 00:00:00-04:00,28.332243052284298,28.659496750063266,27.945489198038935,28.411577224731445,111100,0.0,0.0
2025-03-13 00:00:00-04:00,28.530580049530855,29.23467060887509,27.826487598710706,28.32232666015625,100500,0.0,0.0
2025-03-14 00:00:00-04:00,29.155338675728093,29.175172693664678,28.381830890961947,28.82808494567871,150400,0.0,0.0
2025-03-17 00:00:00-04:00,28.60991394649685,29.80984355566031,28.480994732543618,28.728914260864258,125100,0.0,0.0
2025-03-18 00:00:00-04:00,28.63966296541424,29.62142595815703,28.47107761116785,28.83799934387207,131000,0.0,0.0
2025-03-19 00:00:00-04:00,28.748749327535172,29.03633689880371,28.094241900171703,29.03633689880371,172200,0.0,0.0
2025-03-20 00:00:00-04:00,28.669415181441654,29.84951271022421,28.669415181441654,29.304088592529297,99200,0.0,0.0
2025-03-21 00:00:00-04:00,28.966917659884345,29.01650270193834,28.2330760607688,28.42149543762207,193700,0.0,0.0
2025-03-24 00:00:00-04:00,28.83800221973639,29.492509685851623,28.62975070391612,29.33384132385254,75900,0.0,0.0
2025-03-25 00:00:00-04:00,29.29417285322885,30.14701475839203,28.87766796318137,28.93716812133789,91000,0.0,0.0
2025-03-26 00:00:00-04:00,29.532176937545863,29.66109426894181,28.65949907825815,28.808250427246094,56300,0.0,0.0
2025-03-27 00:00:00-04:00,28.768582763664483,29.69084372673218,28.570246381174854,28.93716812133789,70800,0.0,0.0
2025-03-28 00:00:00-04:00,28.828084078577298,29.631342866087614,28.064491434271,28.223159790039062,69300,0.0,0.0
2025-03-31 00:00:00-04:00,27.856238455459458,28.659497200547328,27.618235934376973,28.163658142089844,101400,0.0,0.0
2025-04-01 00:00:00-04:00,27.905822752056466,29.006586112362,27.86615660931647,28.818166732788086,135600,0.0,0.0
2025-04-02 00:00:00-04:00,28.550413153438758,29.333837861916084,28.252908591194473,29.00658416748047,67200,0.0,0.0
2025-04-03 00:00:00-04:00,27.38023329671886,27.628152824892044,26.031550458184448,26.071218490600586,125400,0.0,0.0
2025-04-04 00:00:00-04:00,24.79195325726175,25.4563776802154,24.395282383440744,25.178707122802734,188600,0.0,0.0
2025-04-07 00:00:00-04:00,24.57378697567505,26.527392388393572,24.57378697567505,25.307628631591797,206200,0.0,0.0
2025-04-08 00:00:00-04:00,26.001802503403436,26.001802503403436,24.524202168036602,24.821706771850586,105700,0.0,0.0
2025-04-09 00:00:00-04:00,25.327460830213493,26.68605883494772,23.760607539171748,26.299304962158203,226000,0.0,0.0
2025-04-10 00:00:00-04:00,25.59521142915334,26.94389426084649,24.07794513497443,24.434947967529297,130900,0.0,0.0
2025-04-11 00:00:00-04:00,24.672951546111044,25.099373453357128,24.1374463285405,24.74237060546875,173900,0.0,0.0
2025-04-14 00:00:00-04:00,25.000205454745252,25.48612941665388,24.21678069350925,25.168790817260742,180300,0.0,0.0
2025-04-15 00:00:00-04:00,25.029957509177535,25.74396513133773,25.029957509177535,25.476213455200195,163000,0.0,0.0
2025-04-16 00:00:00-04:00,25.45637979568213,25.93238488382413,25.30762844207226,25.605131149291992,104700,0.0,0.0
2025-04-17 00:00:00-04:00,25.60512740345585,26.38855398478843,25.60512740345585,25.872880935668945,78800,0.0,0.0
2025-04-21 00:00:00-04:00,25.466296602785697,25.734050172045265,25.337377376930615,25.6348819732666,80200,0.0,0.0
2025-04-22 00:00:00-04:00,25.86296695419598,27.082730666143636,25.75388174872104,26.983562469482422,111000,0.0,0.0
2025-04-23 00:00:00-04:00,26.38855831526858,28.47108108585289,26.38855831526858,26.805063247680664,124400,0.0,0.0
2025-04-24 00:00:00-04:00,26.74555689375975,27.469483323106523,26.676139731426346,27.4298152923584,72900,0.0,0.0
2025-04-25 00:00:00-04:00,27.062899074218215,27.350484769589094,26.7257283337999,27.271150588989258,58600,0.0,0.0
2025-04-28 00:00:00-04:00,27.449654254705393,27.727322954080428,26.904230082477284,27.360403060913086,63900,0.0,0.0
2025-04-29 00:00:00-04:00,27.310817704075035,27.83640592352198,27.241398643349513,27.76698875427246,57500,0.0,0.0
2025-04-30 00:00:00-04:00,27.112480993076222,27.727320391855894,26.7753102680128,27.44965171813965,81500,0.0,0.0
2025-05-01 00:00:00-04:00,27.07281182552069,27.91573860289259,27.07281182552069,27.707487106323242,67300,0.0,0.0
2025-05-02 00:00:00-04:00,28.143824958727865,28.590080881137126,27.677736910915048,28.500829696655273,58200,0.0,0.0
2025-05-05 00:00:00-04:00,27.925658629598647,28.86775369875553,27.80665830197477,28.0942440032959,95200,0.0,0.0
2025-05-06 00:00:00-04:00,27.727319600866444,28.2231586657587,27.667819442692632,27.83640480041504,62300,0.0,0.0
2025-05-07 00:00:00-04:00,28.193411038073343,28.35207939599444,27.73723809044316,27.895906448364258,65300,0.0,0.0
2025-05-08 00:00:00-04:00,28.21380895866627,28.670794179735594,28.134333515199085,28.333023071289062,88700,0.05,0.0
2025-05-09 00:00:00-04:00,28.362823143618673,28.422431143075926,28.03498672597938,28.064790725708008,39000,0.0,0.0
2025-05-12 00:00:00-04:00,28.760203336259778,29.664237186270643,28.65092389455166,28.79994010925293,168800,0.0,0.0
2025-05-13 00:00:00-04:00,29.048301617939618,29.545023605718704,28.80987529118694,29.207252502441406,105300,0.0,0.0
2025-05-14 00:00:00-04:00,29.008564478676657,29.396007017911796,28.80987492813126,28.98869514465332,95600,0.0,0.0
2025-05-15 00:00:00-04:00,29.018495789894203,29.21718533043648,28.809873477684313,29.04829978942871,78600,0.0,0.0
2025-05-16 00:00:00-04:00,29.008563876342457,29.097973982746975,28.531709343903717,28.740333557128906,108600,0.0,0.0
2025-05-19 00:00:00-04:00,28.352891313667122,28.690660514258198,28.31315264604231,28.61118507385254,62400,0.0,0.0
2025-05-20 00:00:00-04:00,28.631055120034247,28.90922011579706,28.3826941257316,28.62112045288086,78700,0.0,0.0
2025-05-21 00:00:00-04:00,28.203873704460484,28.710530356586865,27.47866006105849,27.578004837036133,91100,0.0,0.0
2025-05-22 00:00:00-04:00,27.399183979053362,27.766759073128917,26.82298656565889,26.902462005615234,116700,0.0,0.0
2025-05-23 00:00:00-04:00,26.405742255823807,26.803119489068944,26.0878404692277,26.6938419342041,81200,0.0,0.0
2025-05-27 00:00:00-04:00,26.942199181669686,27.846232971698107,26.46534467348326,27.627674102783203,104800,0.0,0.0
2025-05-28 00:00:00-04:00,27.62767544422172,27.62767544422172,27.240232913924405,27.29983901977539,68300,0.0,0.0
2025-05-29 00:00:00-04:00,27.33957784227947,27.578004161882358,26.83292120255686,27.48859405517578,48400,0.0,0.0
2025-05-30 00:00:00-04:00,27.36937934402003,27.607807553205713,27.08128159142352,27.240232467651367,81100,0.0,0.0
2025-06-02 00:00:00-04:00,27.190563243658268,27.95551368723201,26.832922795599227,27.111087799072266,70300,0.0,0.0
2025-06-03 00:00:00-04:00,27.04154367322712,27.846234638097084,27.04154367322712,27.677349090576172,56000,0.0,0.0
2025-06-04 00:00:00-04:00,27.617740324981533,27.697215763095457,27.06141225818406,27.240232467651367,58400,0.0,0.0
2025-06-05 00:00:00-04:00,27.279972879271728,27.568072565153486,26.902464971570428,27.130956649780273,64000,0.0,0.0
2025-06-06 00:00:00-04:00,27.498531477784923,27.687286376953125,27.190564354290377,27.687286376953125,76000,0.0,0.0
2025-06-09 00:00:00-04:00,27.885972533484072,28.124398864022208,27.578005426727813,27.826366424560547,49200,0.0,0.0
2025-06-10 00:00:00-04:00,27.8363007051442,28.323088026752462,27.8363007051442,28.114463806152344,55800,0.0,0.0
2025-06-11 00:00:00-04:00,28.333022774131088,28.333022774131088,27.856170118329242,27.95551300048828,62000,0.0,0.0
2025-06-12 00:00:00-04:00,27.697215903698876,28.12439709629625,27.001806290382806,28.015119552612305,85500,0.0,0.0
2025-06-13 00:00:00-04:00,27.488596078584425,27.895907974743345,26.753447731984327,26.822988510131836,52600,0.0,0.0
2025-06-16 00:00:00-04:00,26.902463242019074,27.160758907459122,26.624298241965782,26.813053131103516,58000,0.0,0.0
2025-06-17 00:00:00-04:00,26.52495632146206,26.75344799327665,26.276595314312956,26.34613609313965,39000,0.0,0.0
2025-06-18 00:00:00-04:00,26.306395922620034,26.78324857439613,26.306395922620034,26.48521614074707,46200,0.0,0.0
2025-06-20 00:00:00-04:00,26.7633811746991,26.932266725975573,26.236855186638568,26.40574073791504,101900,0.0,0.0
2025-06-23 00:00:00-04:00,26.127576049928106,27.210430145263672,26.127576049928106,27.210430145263672,66100,0.0,0.0
2025-06-24 00:00:00-04:00,27.31970921615965,28.034988193493447,27.200495105848685,27.4985294342041,91800,0.0,0.0
2025-06-25 00:00:00-04:00,27.30977402843453,27.44885557544256,27.051478373388207,27.091217041015625,72100,0.0,0.0
2025-06-26 00:00:00-04:00,27.071347154380366,27.78662610347156,26.991871715592456,27.776691436767578,72600,0.0,0.0
2025-06-27 00:00:00-04:00,27.915774516752673,28.11446216374515,26.76337972172704,28.064790725708008,270900,0.0,0.0
2025-06-30 00:00:00-04:00,28.243610934391967,28.37275781019488,27.965445954789818,28.064790725708008,85000,0.0,0.0
2025-07-01 00:00:00-04:00,27.79656148449323,29.366202862024135,27.79656148449323,28.79994010925293,92400,0.0,0.0
2025-07-02 00:00:00-04:00,28.98869444285927,29.495351079124674,28.839678230979782,29.485416412353516,70700,0.0,0.0
2025-07-03 00:00:00-04:00,29.654302109476493,30.21063018759973,29.654302109476493,30.18082618713379,37400,0.0,0.0
2025-07-07 00:00:00-04:00,29.87285785056238,30.439120571917798,29.52515210565386,29.763578414916992,110300,0.0,0.0
2025-07-08 00:00:00-04:00,29.862925209792134,30.43912263663983,29.862925209792134,30.031810760498047,85500,0.0,0.0
2025-07-09 00:00:00-04:00,30.210631207908932,30.389451427056,29.872860103929803,30.061614990234375,59200,0.0,0.0
2025-07-10 00:00:00-04:00,29.982139469274948,30.568271566124196,29.982139469274948,30.220565795898438,71100,0.0,0.0
2025-07-11 00:00:00-04:00,29.85299172727546,30.011942617206536,29.535089947413297,29.594697952270508,82100,0.0,0.0
2025-07-14 00:00:00-04:00,29.4854168605501,30.10135105097294,29.4854168605501,30.051679611206055,57300,0.0,0.0
2025-07-15 00:00:00-04:00,29.982139331068428,29.982139331068428,28.978760693542274,29.018497467041016,79300,0.0,0.0
2025-07-16 00:00:00-04:00,29.207253358000727,29.90266491919953,28.750270025382818,29.405942916870117,101400,0.0,0.0
2025-07-17 00:00:00-04:00,29.346333794839413,29.942398620575307,28.809873177864468,29.763578414916992,78000,0.0,0.0
2025-07-18 00:00:00-04:00,30.00200984457441,30.08148528953995,29.336402282421485,29.594697952270508,76500,0.0,0.0
2025-07-21 00:00:00-04:00,29.644369352716254,30.041746576979726,29.644369352716254,29.67417335510254,94000,0.0,0.0
2025-07-22 00:00:00-04:00,29.088039613038216,29.604629028286894,26.991872266791045,27.091217041015625,311400,0.0,0.0
2025-07-23 00:00:00-04:00,27.031609729077495,27.210429948274165,25.332821436397165,26.167314529418945,276600,0.0,0.0
2025-07-24 00:00:00-04:00,26.23685698733194,26.803119787874568,25.690463522384107,25.710330963134766,199000,0.0,0.0
2025-07-25 00:00:00-04:00,25.829543862625236,26.40574130376696,25.730199084184793,26.22692108154297,124000,0.0,0.0
2025-07-28 00:00:00-04:00,26.415676200225132,26.485216977283425,26.13751119714789,26.256725311279297,119400,0.0,0.0
2025-07-29 00:00:00-04:00,26.5150203814072,26.5150203814072,25.978559722183327,26.008363723754883,113300,0.0,0.0
2025-07-30 00:00:00-04:00,26.147446467607356,26.266660584488225,25.39242878027946,25.57124900817871,105200,0.0,0.0
2025-07-31 00:00:00-04:00,25.29308080150144,25.49177033957274,25.173868594533754,25.312950134277344,96700,0.0,0.0
2025-08-01 00:00:00-04:00,25.014921184041835,25.630855426588273,24.379117605969608,24.587739944458008,108500,0.0,0.0
2025-08-04 00:00:00-04:00,24.58773889445337,24.91557533725232,24.438722674061857,24.786428451538086,82900,0.0,0.0
2025-08-05 00:00:00-04:00,24.816231001114865,24.885771778881022,24.25990288414153,24.84603500366211,107700,0.0,0.0
2025-08-06 00:00:00-04:00,24.806297347945776,24.935446136087403,24.597675006116592,24.726821899414062,93800,0.0,0.0
2025-08-07 00:00:00-04:00,25.18472357544177,25.602809984220507,24.577504240272663,24.79650115966797,132500,0.05,0.0
2025-08-08 00:00:00-04:00,24.886092302216362,25.08518180009736,24.547641295013566,24.836320877075195,70100,0.0,0.0
2025-08-11 00:00:00-04:00,24.92591048736804,25.294223583189954,24.79650174660824,25.214588165283203,84400,0.0,0.0
2025-08-12 00:00:00-04:00,25.294223636241895,26.598254319196773,25.294223636241895,26.54848289489746,105900,0.0,0.0
2025-08-13 00:00:00-04:00,26.757525515147897,27.10593118590241,26.349393754699456,27.06611442565918,89000,0.0,0.0
2025-08-14 00:00:00-04:00,26.767479171259566,27.056158741442548,26.070669754664863,26.667936325073242,60500,0.0,0.0
2025-08-15 00:00:00-04:00,26.847114180837128,26.96656825257305,26.25980228367311,26.41907501220703,242000,0.0,0.0
2025-08-18 00:00:00-04:00,26.349394218120842,26.737618554604666,26.200078041930848,26.68784523010254,66100,0.0,0.0
2025-08-19 00:00:00-04:00,26.717710298623793,27.036251993607248,26.568394116432582,26.63807487487793,72500,0.0,0.0
2025-08-20 00:00:00-04:00,26.73761640363437,27.225383552566488,26.657980989495616,27.145748138427734,90900,0.0,0.0
2025-08-21 00:00:00-04:00,26.92675018310547,27.24529374846337,26.80729800742209,26.92675018310547,92700,0.0,0.0
2025-08-22 00:00:00-04:00,27.13579480946747,28.609050992850786,27.13579480946747,28.330326080322266,120300,0.0,0.0
2025-08-25 00:00:00-04:00,28.290509595523353,28.46968976255721,27.87242317199707,27.87242317199707,89200,0.0,0.0
2025-08-26 00:00:00-04:00,28.19096579548051,28.838003832575236,27.87242410944361,28.62896156311035,122000,0.0,0.0
2025-08-27 00:00:00-04:00,28.41991487133452,28.957455342782527,28.41991487133452,28.658823013305664,87300,0.0,0.0
2025-08-28 00:00:00-04:00,28.927592827977666,28.927592827977666,28.53937040009594,28.768321990966797,65000,0.0,0.0
2025-08-29 00:00:00-04:00,28.88777754112963,28.997275060496875,28.738461361150122,28.877822875976562,79100,0.0,0.0
2025-09-02 00:00:00-04:00,28.509507025117227,28.947502785735328,28.439826269744433,28.828048706054688,91600,0.0,0.0
2025-09-03 00:00:00-04:00,28.698642319598648,28.95745791416818,28.161103699075934,28.62896156311035,136000,0.0,0.0
2025-09-04 00:00:00-04:00,28.65882508703003,28.947502773258357,28.419916927771727,28.917638778686523,262800,0.0,0.0
2025-09-05 00:00:00-04:00,29.057001569710337,29.36558857908663,28.44978031694506,28.768321990966797,110800,0.0,0.0
2025-09-08 00:00:00-04:00,28.768322603143723,28.98732143268747,28.400009496715352,28.917638778686523,117800,0.0,0.0
2025-09-09 00:00:00-04:00,28.957456182001987,29.03709159874761,28.47964368152825,28.798185348510742,148000,0.0,0.0
2025-09-10 00:00:00-04:00,28.887775225111888,28.97736530564854,28.668776406618697,28.718549728393555,100100,0.0,0.0
2025-09-11 00:00:00-04:00,28.758368710297766,29.385499322534162,28.63891652612013,29.32577133178711,102800,0.0,0.0
2025-09-12 00:00:00-04:00,29.246133821446122,29.266043150273727,28.838002073770667,29.156545639038086,72200,0.0,0.0
2025-09-15 00:00:00-04:00,29.18640965727734,29.385499161359064,29.007229483335433,29.066957473754883,105900,0.0,0.0
2025-09-16 00:00:00-04:00,28.957458085391522,29.136638259511308,28.609052402231736,28.88777732849121,98600,0.0,0.0
2025-09-17 00:00:00-04:00,29.047046440319797,29.863309941605035,28.96741102308851,29.146591186523438,104000,0.0,0.0
2025-09-18 00:00:00-04:00,29.425313498287988,29.91308065457138,28.947501006254225,29.8035831451416,101500,0.0,0.0
2025-09-19 00:00:00-04:00,29.743856756924362,29.743856756924362,28.90768580029093,28.927593231201172,230900,0.0,0.0
2025-09-22 00:00:00-04:00,28.89773092352924,29.56467826991333,28.728505420755422,28.93754768371582,135200,0.0,0.0
2025-09-23 00:00:00-04:00,29.08686393424419,29.445224270165042,28.390054490535842,28.400009155273438,67500,0.0,0.0
2025-09-24 00:00:00-04:00,28.56923509858409,28.71855127463183,28.021739921531463,28.290510177612305,59000,0.0,0.0
2025-09-25 00:00:00-04:00,28.190964602147275,28.400008761421464,27.932149018533494,28.151147842407227,57600,0.0,0.0
2025-09-26 00:00:00-04:00,28.190965679525455,28.609052115393762,27.95205941598045,28.01178550720215,61500,0.0,0.0
2025-09-29 00:00:00-04:00,28.091419895668064,28.091419895668064,27.603652721529695,27.792787551879883,100400,0.0,0.0
2025-09-30 00:00:00-04:00,27.673334583036056,27.77287933450331,27.185567389370554,27.474246978759766,79400,0.0,0.0
2025-10-01 00:00:00-04:00,27.195521483076135,27.31497556205906,26.916798463212928,27.05615997314453,74200,0.0,0.0
2025-10-02 00:00:00-04:00,27.026294510652395,27.026294510652395,26.667936090486172,26.85706901550293,76900,0.0,0.0
2025-10-03 00:00:00-04:00,26.95661453329614,27.693242621957882,26.95661453329614,27.533971786499023,83900,0.0,0.0
2025-10-06 00:00:00-04:00,27.85251150752351,28.091417743986494,27.454334446751872,28.071510314941406,110300,0.0,0.0
2025-10-07 00:00:00-04:00,27.991878554708315,28.340282341676264,27.553882781388012,27.723108291625977,118300,0.0,0.0
2025-10-08 00:00:00-04:00,27.862468121965183,27.94210353969461,27.424472375124264,27.533971786499023,100200,0.0,0.0
2025-10-09 00:00:00-04:00,27.494155695160067,27.494155695160067,27.14575002212964,27.32493019104004,53700,0.0,0.0
2025-10-10 00:00:00-04:00,27.32492959433279,27.72310668396174,26.91679784013085,26.99643325805664,124500,0.0,0.0
2025-10-13 00:00:00-04:00,27.36474592414675,27.404564581813275,26.687843933080615,26.92675018310547,566500,0.0,0.0
2025-10-14 00:00:00-04:00,26.767481000830138,28.559280834525676,26.767481000830138,28.44978141784668,141300,0.0,0.0
2025-10-15 00:00:00-04:00,28.52941702340031,28.638916440785398,27.822652889590245,28.619007110595703,146900,0.0,0.0
2025-10-16 00:00:00-04:00,28.53937030025475,28.53937030025475,26.030851778122063,26.10053253173828,238000,0.0,0.0
2025-10-17 00:00:00-04:00,26.319532834960402,26.58830119991889,26.04080790617361,26.210033416748047,113000,0.0,0.0
2025-10-20 00:00:00-04:00,26.38921075478056,27.165657466626932,26.259802020143812,27.145748138427734,126900,0.0,0.0
2025-10-21 00:00:00-04:00,27.135794264040527,27.79278692446971,26.986478095517185,27.733060836791992,103800,0.0,0.0
2025-10-22 00:00:00-04:00,27.633516915504647,28.091420099117258,27.583743592074047,27.87242317199707,148000,0.0,0.0
2025-10-23 00:00:00-04:00,27.66338002614267,27.66338002614267,25.503267223349013,26.130395889282227,194900,0.0,0.0
2025-10-24 00:00:00-04:00,26.339439273467274,27.29506620851821,26.210032428452568,27.235340118408203,119200,0.0,0.0
2025-10-27 00:00:00-04:00,27.20547574258647,27.344837250441934,26.827207978982425,26.896888732910156,88300,0.0,0.0
2025-10-28 00:00:00-04:00,26.867023509236123,27.11588441824942,26.339437698611043,26.41907501220703,99400,0.0,0.0
2025-10-29 00:00:00-04:00,26.239895574263244,26.5882993375197,25.4435395043645,25.582902908325195,126100,0.0,0.0
2025-10-30 00:00:00-04:00,25.453494611896424,25.9313071229579,25.334042433460127,25.383813858032227,78600,0.0,0.0
2025-10-31 00:00:00-04:00,25.134955285866337,25.37386156371478,24.965729768391398,25.18472671508789,76400,0.0,0.0
2025-11-03 00:00:00-05:00,25.124999177539387,25.124999177539387,24.617322654266847,24.985637664794922,80700,0.0,0.0
2025-11-04 00:00:00-05:00,24.766638460239527,25.124998800383846,24.597412955022282,24.647186279296875,92600,0.0,0.0
2025-11-05 00:00:00-05:00,24.68700106835063,25.75212733885889,24.68700106835063,25.54308319091797,127200,0.0,0.0
2025-11-06 00:00:00-05:00,25.253842320259196,25.513163207405785,24.96460103614205,25.40345001220703,86900,0.05,0.0
2025-11-07 00:00:00-05:00,25.383502537141148,25.702666105783678,25.124181662027855,25.622875213623047,105500,0.0,0.0
2025-11-10 00:00:00-05:00,25.782457515417985,26.021830196704276,25.433371641821946,25.91211700439453,94400,0.0,0.0
2025-11-11 00:00:00-05:00,25.922089930190673,26.390861172022003,25.642820863485802,26.131542205810547,66900,0.0,0.0
2025-11-12 00:00:00-05:00,26.131542810865078,26.540471370144086,25.79243104428762,25.922090530395508,81500,0.0,0.0
2025-11-13 00:00:00-05:00,25.792432504582532,25.93206609789129,24.87483624348562,25.333633422851562,439800,0.0,0.0
2025-11-14 00:00:00-05:00,25.243868295891215,26.18141275185805,24.814991515958564,25.932065963745117,474500,0.0,0.0
2025-11-17 00:00:00-05:00,26.011856922919822,26.720002792107465,24.68533208303708,24.80501937866211,356000,0.0,0.0
2025-11-18 00:00:00-05:00,24.785071070028756,25.403450038005133,24.7152542738732,25.303712844848633,85500,0.0,0.0
2025-11-19 00:00:00-05:00,25.243868448012954,25.47326894025666,24.984547558529012,25.23389434814453,88200,0.0,0.0
2025-11-20 00:00:00-05:00,25.59295224093614,25.92208990021689,24.904754625216434,25.004493713378906,122200,0.0,0.0
2025-11-21 00:00:00-05:00,25.12418200673645,26.081672725801006,25.12418200673645,25.78245735168457,695300,0.0,0.0
2025-11-24 00:00:00-05:00,25.782458250540472,26.111595934489284,25.19399967887971,26.03180503845215,207300,0.0,0.0
2025-11-25 00:00:00-05:00,26.041777997774204,27.29848598209637,26.041777997774204,27.079059600830078,260900,0.0,0.0
2025-11-26 00:00:00-05:00,26.899529655154915,27.01921694532121,26.670131076564864,26.87958335876465,115600,0.0,0.0
2025-11-28 00:00:00-05:00,26.929452896118164,27.138903283286105,26.690080209769803,26.929452896118164,65200,0.0,0.0
2025-12-01 00:00:00-05:00,26.580366046846596,27.308458179094895,26.301098874129405,27.079059600830078,128600,0.0,0.0
2025-12-02 00:00:00-05:00,27.108982985958963,27.58772836041265,26.999269790926444,27.35832977294922,101400,0.0,0.0
2025-12-03 00:00:00-05:00,27.497963958344606,28.156239338016018,27.118957670980635,28.076448440551758,70200,0.0,0.0
2025-12-04 00:00:00-05:00,27.95676096443937,28.26595043130171,27.83707367596996,28.046525955200195,81800,0.0,0.0
2025-12-05 00:00:00-05:00,28.046527511407614,28.22605560052577,27.727362025234747,27.886943817138672,67300,0.0,0.0
2025-12-08 00:00:00-05:00,27.886943449367696,28.11634393677366,27.727361659568324,27.82710075378418,79500,0.0,0.0
2025-12-09 00:00:00-05:00,27.896918102778095,28.405585781247492,27.80715310643849,27.916866302490234,75500,0.0,0.0
2025-12-10 00:00:00-05:00,28.02657870653011,29.363077611634488,28.02657870653011,29.02396583557129,184900,0.0,0.0
2025-12-11 00:00:00-05:00,29.01399320148318,29.54260909142659,28.884331802834293,29.26333999633789,146900,0.0,0.0
2025-12-12 00:00:00-05:00,29.442868774529178,29.632370961073423,29.193521989993595,29.582502365112305,164300,0.0,0.0
2025-12-15 00:00:00-05:00,29.871746525356713,29.871746525356713,29.402973337583543,29.532634735107422,88100,0.0,0.0
2025-12-16 00:00:00-05:00,29.5326334012988,29.881717373408502,29.333155215208997,29.522659301757812,86200,0.0,0.0
2025-12-17 00:00:00-05:00,29.512684022646063,29.951534873084544,29.373050439383096,29.742082595825195,114500,0.0,0.0
2025-12-18 00:00:00-05:00,29.921614453051586,30.230803936404246,29.55258037109001,29.94156265258789,116900,0.0,0.0
2025-12-19 00:00:00-05:00,29.93158805518923,30.31059432825274,29.353103594809152,29.552579879760742,209300,0.0,0.0
2025-12-22 00:00:00-05:00,29.51268494306134,29.881717111012488,28.85440959805636,28.864383697509766,95400,0.0,0.0
2025-12-23 00:00:00-05:00,28.704803165881113,28.954149956022093,28.34574317932129,28.34574317932129,109600,0.0,0.0
2025-12-24 00:00:00-05:00,28.804538591364114,28.804538591364114,28.19613375438615,28.475400924682617,67800,0.0,0.0
2025-12-26 00:00:00-05:00,28.435505528886655,28.565165010649284,28.096393773673793,28.12631607055664,60800,0.0,0.0
2025-12-29 00:00:00-05:00,28.116343654653637,28.505324025590948,28.036552760554574,28.295873641967773,77100,0.0,0.0
2025-12-30 00:00:00-05:00,28.246002400613317,28.29587289709052,27.926838832618916,28.176185607910156,101900,0.0,0.0
2025-12-31 00:00:00-05:00,28.236028370963023,28.236028370963023,27.727360719830457,27.777231216430664,50600,0.0,0.0
2026-01-02 00:00:00-05:00,27.817125340216062,27.946786727281765,27.298485499047956,27.717388153076172,128500,0.0,0.0
2026-01-05 00:00:00-05:00,27.67749388676343,28.76464605108136,26.999270308763432,28.37566566467285,128800,0.0,0.0
2026-01-06 00:00:00-05:00,28.32579403827681,28.405584932375874,27.97670816320655,28.295873641967773,127600,0.0,0.0
2026-01-07 00:00:00-05:00,28.275924698499637,28.54521967238176,27.687466156623117,28.176185607910156,67100,0.0,0.0
2026-01-08 00:00:00-05:00,27.96673774795488,28.90428033776451,27.96673774795488,28.6948299407959,62500,0.0,0.0
2026-01-09 00:00:00-05:00,28.864384538849066,29.253364917045023,28.23602957152405,28.485376358032227,93000,0.0,0.0
2026-01-12 00:00:00-05:00,28.285900504202854,28.69482908816079,28.04652781376638,28.246004104614258,82800,0.0,0.0
2026-01-13 00:00:00-05:00,28.605061406493085,28.605061406493085,27.837072907783668,28.12631607055664,52300,0.0,0.0
2026-01-14 00:00:00-05:00,28.11634361321252,28.51529808311981,28.086421314582612,28.495349884033203,73000,0.0,0.0
2026-01-15 00:00:00-05:00,28.475402315916355,29.263339076012024,28.305846424653044,29.113731384277344,71600,0.0,0.0
2026-01-16 00:00:00-05:00,29.073833802120138,29.552579157135565,28.80453882653711,29.333154678344727,156000,0.0,0.0
2026-01-20 00:00:00-05:00,28.834461767003415,29.213469941608093,28.61503728332411,28.924226760864258,172300,0.0,0.0
2026-01-21 00:00:00-05:00,29.213470343743815,30.73947145565429,29.213470343743815,30.639732360839844,135200,0.0,0.0
2026-01-22 00:00:00-05:00,30.64970524394266,31.537381059954136,30.64970524394266,31.05863380432129,104300,0.0,0.0
2026-01-23 00:00:00-05:00,31.008764894445388,31.008764894445388,29.392996965656515,29.472787857055664,94100,0.0,0.0
2026-01-26 00:00:00-05:00,29.333155438461514,29.921613999303684,28.87435827027405,29.353103637695312,92600,0.0,0.0
2026-01-27 00:00:00-05:00,29.263339215564326,29.622399199331873,29.193522419246197,29.343130111694336,74200,0.0,0.0
2026-01-28 00:00:00-05:00,29.682241354479547,29.712163653369448,28.794567413427398,29.15362548828125,109600,0.0,0.0
2026-01-29 00:00:00-05:00,29.333154738571743,30.071220971327158,29.153624754481115,30.061246871948242,68300,0.0,0.0
2026-01-30 00:00:00-05:00,30.3704390753236,32.04604976946076,29.961510501440717,31.63711929321289,178100,0.0,0.0
2026-02-02 00:00:00-05:00,31.82662367761682,33.77152937332063,31.557328691621212,32.92374801635742,248400,0.0,0.0
2026-02-03 00:00:00-05:00,32.814039116074504,33.85131887183374,32.454979129387425,33.3127326965332,225400,0.0,0.0
2026-02-04 00:00:00-05:00,33.65184365369411,34.65920298730139,33.203018681401765,34.519569396972656,265900,0.0,0.0
2026-02-05 00:00:00-05:00,34.51957132430498,34.93847211867968,33.75158272988783,34.419830322265625,250100,0.0,0.0
2026-02-06 00:00:00-05:00,34.6193053338621,35.23768807537471,34.6193053338621,35.13794708251953,164600,0.0,0.0
2026-02-09 00:00:00-05:00,34.96839286982652,35.58677180250778,34.52954011363417,35.40724182128906,156600,0.0,0.0
2026-02-10 00:00:00-05:00,35.24766134019679,35.24766134019679,34.45972459405294,34.589385986328125,208100,0.0,0.0
2026-02-11 00:00:00-05:00,34.69909692991091,35.28755545088129,33.861291642507815,34.230323791503906,132000,0.0,0.0
2026-02-12 00:00:00-05:00,34.33020998887818,34.649839231272516,33.25146224836759,33.631019592285156,125000,0.05,0.0
2026-02-13 00:00:00-05:00,33.63101949303124,34.07051255773723,32.97178370625336,33.91069793701172,74300,0.0,0.0
2026-02-17 00:00:00-05:00,34.02057099855171,34.6398521738529,33.68096445526762,34.47004699707031,123700,0.0,0.0
2026-02-18 00:00:00-05:00,34.50999879975412,34.959478572021986,33.960636327107075,34.26028823852539,123700,0.0,0.0
2026-02-19 00:00:00-05:00,33.890718813712056,34.250302643610475,33.71092689876285,34.06052017211914,124500,0.0,0.0
2026-02-20 00:00:00-05:00,34.060522715430196,34.65983041343838,33.47120557471015,34.53997039794922,239000,0.0,0.0
2026-02-23 00:00:00-05:00,34.55994154121486,35.01941188818591,32.59222483050952,32.93183135986328,147500,0.0,0.0
2026-02-24 00:00:00-05:00,32.83194475570086,33.301401847720065,32.322536868199045,33.21150588989258,142200,0.0,0.0
2026-02-25 00:00:00-05:00,33.50117093474908,34.120452080529176,33.151573851111884,34.06052017211914,84800,0.0,0.0
2026-02-26 00:00:00-05:00,33.990600775019985,34.71975516515173,33.67097155770965,34.29025650024414,94000,0.0,0.0
2026-02-27 00:00:00-05:00,34.0505329297032,34.0505329297032,33.0117360607511,33.451229095458984,201100,0.0,0.0
2026-03-02 00:00:00-05:00,33.25146279846119,33.990604004870605,32.59222699883171,33.96063995361328,176400,0.0,0.0
2026-03-03 00:00:00-05:00,32.86191132698745,34.26028818136687,32.84193402488879,33.97062301635742,113300,0.0,0.0
2026-03-04 00:00:00-05:00,34.06052140362352,34.80965313957079,33.94066139275065,34.44008255004883,108100,0.0,0.0
2026-03-05 00:00:00-05:00,34.110467830462284,34.34020111409122,33.6709747571885,33.96063995361328,138300,0.0,0.0
2026-03-06 00:00:00-05:00,33.02172887108349,33.91069793701172,32.55227175570431,33.91069793701172,196200,0.0,0.0
2026-03-09 00:00:00-04:00,33.35134394499309,34.12045297686207,32.71208547961653,33.84077835083008,193300,0.0,0.0
2026-03-10 00:00:00-04:00,33.561100604537614,34.98944543447824,33.32138058023323,34.18038558959961,176500,0.0,0.0
2026-03-11 00:00:00-04:00,34.000594136131056,34.38015148157212,33.22149452067168,33.64101028442383,146500,0.0,0.0
2026-03-12 00:00:00-04:00,32.91185598924122,34.070512955601885,32.732064062540324,33.9406623840332,105900,0.0,0.0
2026-03-13 00:00:00-04:00,34.32022307612062,34.41011903825197,33.191530176089486,33.33136749267578,105900,0.0,0.0
2026-03-16 00:00:00-04:00,33.66098449420028,34.28026562061333,33.4312512345677,33.980613708496094,109200,0.0,0.0
2026-03-17 00:00:00-04:00,34.06052115982697,34.52997826361694,33.36133459283895,33.561100006103516,85300,0.0,0.0
2026-03-18 00:00:00-04:00,33.11162407441375,33.66098658242288,32.96179620391989,32.99176025390625,117300,0.0,0.0
2026-03-19 00:00:00-04:00,32.78200258309334,33.9406594492678,32.32253605915607,33.72091293334961,92700,0.0,0.0
2026-03-20 00:00:00-04:00,33.72091282988014,33.92068204280363,32.981771695428314,33.14158630371094,200600,0.0,0.0
2026-03-23 00:00:00-04:00,34.090490052741366,34.749725843215245,33.74089294837603,34.50001525878906,162000,0.0,0.0
2026-03-24 00:00:00-04:00,34.07051099389882,35.38898250693666,33.67097255528333,34.93950271606445,135700,0.0,0.0
2026-03-25 00:00:00-04:00,35.31906621405054,35.82847413759035,34.41011982517193,34.53997039794922,84000,0.0,0.0
2026-03-26 00:00:00-04:00,34.30024605853925,34.94949510271528,34.120454132776075,34.78968048095703,57700,0.0,0.0
2026-03-27 00:00:00-04:00,34.60988696449727,34.72974697273682,34.36017639133432,34.66981506347656,118600,0.0,0.0
2026-03-30 00:00:00-04:00,35.01941126108254,35.24914452531368,34.36017551711637,34.88956069946289,128900,0.0,0.0
2026-03-31 00:00:00-04:00,35.34902714198046,35.59873770818295,34.709768702147,35.16923522949219,121300,0.0,0.0
2026-04-01 00:00:00-04:00,35.16923480373286,35.98828514613914,35.16923480373286,35.70861053466797,174200,0.0,0.0
2026-04-02 00:00:00-04:00,35.588752813833096,36.23799803357298,35.18921436300774,36.1680793762207,104100,0.0,0.0
2026-04-06 00:00:00-04:00,35.98828674185563,36.79735037413208,35.95832269223535,36.687477111816406,100100,0.0,0.0
2026-04-07 00:00:00-04:00,36.587594710794,37.03707451024474,36.45774414422357,36.99711990356445,97900,0.0,0.0
2026-04-08 00:00:00-04:00,37.57644498599494,38.24567128566702,37.436607678377726,37.74625015258789,122700,0.0,0.0
2026-04-09 00:00:00-04:00,37.576446809842565,38.85496756357167,37.576446809842565,38.745094299316406,119700,0.0,0.0
2026-04-10 00:00:00-04:00,38.74509265356081,38.79503400511522,37.726273078671134,38.335567474365234,74600,0.0,0.0
2026-04-13 00:00:00-04:00,38.20571611285531,38.375517466644325,37.75623633770674,38.275634765625,63000,0.0,0.0
2026-04-14 00:00:00-04:00,38.205718342907076,39.414316623077994,37.956007765502456,39.304443359375,209300,0.0,0.0
2026-04-15 00:00:00-04:00,39.264493991620235,39.524191325047646,38.265651645654344,39.12465286254883,153800,0.0,0.0
2026-04-16 00:00:00-04:00,38.954849964326435,38.98481401423984,38.30560094080859,38.43545150756836,202200,0.0,0.0
2026-04-17 00:00:00-04:00,39.08470182833836,40.363218804158755,38.65519931734598,39.39434051513672,134400,0.0,0.0
2026-04-20 00:00:00-04:00,39.3443963312745,39.88377207052223,39.3443963312745,39.75392150878906,66100,0.0,0.0
2026-04-21 00:00:00-04:00,39.62407201840236,39.83383179619071,38.805021641227945,38.97482681274414,126500,0.0,0.0
2026-04-22 00:00:00-04:00,39.03475889422577,39.79387736533829,38.90490832840933,39.274478912353516,102600,0.0,0.0
2026-04-23 00:00:00-04:00,40.06356349885955,40.32326080890282,38.77505607411823,40.003631591796875,86900,0.0,0.0
2026-04-24 00:00:00-04:00,39.80386572209676,39.86379763419377,38.88493259829614,39.39434051513672,176600,0.0,0.0
2026-04-27 00:00:00-04:00,39.64404976221879,41.84150359796166,39.45427109573792,41.302127838134766,129700,0.0,0.0
2026-04-28 00:00:00-04:00,41.491910757544595,42.84034636121633,41.491910757544595,42.77042770385742,128600,0.0,0.0
2026-04-29 00:00:00-04:00,42.930241354234035,42.930241354234035,41.14231273286741,41.55183792114258,199900,0.0,0.0
2026-04-30 00:00:00-04:00,41.172282563583806,42.26102086896158,40.1135083091812,41.70166778564453,179900,0.0,0.0
2026-05-01 00:00:00-04:00,41.70166539000627,42.5606703645711,40.712809851539994,42.38087844848633,151000,0.0,0.0
2026-05-04 00:00:00-04:00,42.68053078064476,42.68053078064476,41.212231388649926,41.55183792114258,131100,0.0,0.0
2026-05-05 00:00:00-04:00,41.59179169966991,43.16996432228191,41.471931693611054,42.92025375366211,72500,0.0,0.0
2026-05-06 00:00:00-04:00,43.17995399780552,43.77926168931827,42.59063686347262,43.13999938964844,101000,0.0,0.0
2026-05-07 00:00:00-04:00,43.15999984741211,43.650001525878906,42.560001373291016,42.619998931884766,83200,0.05,0.0
2026-05-08 00:00:00-04:00,42.79999923706055,43.22999954223633,42.130001068115234,42.97999954223633,130100,0.0,0.0
2026-05-11 00:00:00-04:00,43.16999816894531,43.20000076293945,39.95000076293945,42.029998779296875,91300,0.0,0.0
2026-05-12 00:00:00-04:00,42.06999969482422,42.119998931884766,40.77000045776367,41.970001220703125,84700,0.0,0.0
2026-05-13 00:00:00-04:00,41.66999816894531,41.970001220703125,41.43000030517578,41.59000015258789,118200,0.0,0.0
2026-05-14 00:00:00-04:00,41.86000061035156,42.619998931884766,41.630001068115234,41.810001373291016,101900,0.0,0.0
2026-05-15 00:00:00-04:00,41.7400016784668,42.04999923706055,41.130001068115234,41.72999954223633,164300,0.0,0.0
2026-05-18 00:00:00-04:00,41.72999954223633,42.720001220703125,41.709999084472656,42.34000015258789,87700,0.0,0.0
2026-05-19 00:00:00-04:00,42.290000915527344,42.5099983215332,41.18000030517578,42.06999969482422,75400,0.0,0.0
2026-05-20 00:00:00-04:00,42.11000061035156,43.0,42.040000915527344,42.779998779296875,96000,0.0,0.0
2026-05-21 00:00:00-04:00,42.380001068115234,43.18000030517578,41.90999984741211,42.959999084472656,136100,0.0,0.0
2026-05-22 00:00:00-04:00,43.18000030517578,43.349998474121094,42.11000061035156,42.83000183105469,98000,0.0,0.0
2026-05-26 00:00:00-04:00,43.0,43.900001525878906,43.0,43.810001373291016,94800,0.0,0.0
2026-05-27 00:00:00-04:00,43.869998931884766,44.29999923706055,42.619998931884766,43.209999084472656,88400,0.0,0.0
2026-05-28 00:00:00-04:00,42.9900016784668,43.36000061035156,42.619998931884766,43.25,48200,0.0,0.0
2026-05-29 00:00:00-04:00,43.15999984741211,43.630001068115234,42.529998779296875,43.25,101500,0.0,0.0
2026-06-01 00:00:00-04:00,42.939998626708984,43.36000061035156,41.95000076293945,42.810001373291016,146200,0.0,0.0
2026-06-02 00:00:00-04:00,42.630001068115234,44.13999938964844,42.61000061035156,43.5099983215332,210100,0.0,0.0
2026-06-03 00:00:00-04:00,43.36000061035156,43.7400016784668,42.11000061035156,42.13999938964844,109400,0.0,0.0
2026-06-04 00:00:00-04:00,42.59000015258789,44.2400016784668,42.59000015258789,43.90999984741211,137100,0.0,0.0
2026-06-05 00:00:00-04:00,43.880001068115234,44.599998474121094,43.849998474121094,44.220001220703125,96800,0.0,0.0
2026-06-08 00:00:00-04:00,44.4900016784668,45.0,44.25,44.72999954223633,76100,0.0,0.0
2026-06-09 00:00:00-04:00,44.9900016784668,45.9900016784668,44.790000915527344,45.16999816894531,181300,0.0,0.0
2026-06-10 00:00:00-04:00,45.380001068115234,46.0,45.06999969482422,45.56999969482422,113400,0.0,0.0
2026-06-11 00:00:00-04:00,45.7599983215332,46.36000061035156,45.22999954223633,46.11000061035156,134100,0.0,0.0
2026-06-12 00:00:00-04:00,46.09000015258789,46.56999969482422,45.869998931884766,46.25,115400,0.0,0.0
2026-06-15 00:00:00-04:00,46.349998474121094,46.5099983215332,44.86000061035156,44.9900016784668,134000,0.0,0.0
2026-06-16 00:00:00-04:00,45.459999084472656,45.83000183105469,44.7400016784668,45.25,100700,0.0,0.0
2026-06-17 00:00:00-04:00,45.25,45.720001220703125,43.54999923706055,43.959999084472656,197700,0.0,0.0
2026-06-18 00:00:00-04:00,44.7599983215332,45.0099983215332,43.439998626708984,44.75,254800,0.0,0.0
2026-06-22 00:00:00-04:00,44.599998474121094,45.36000061035156,44.529998779296875,44.68000030517578,119200,0.0,0.0
2026-06-23 00:00:00-04:00,44.77000045776367,45.880001068115234,44.22999954223633,45.79999923706055,186700,0.0,0.0
2026-06-24 00:00:00-04:00,45.810001373291016,46.529998779296875,45.09000015258789,46.279998779296875,203300,0.0,0.0
2026-06-25 00:00:00-04:00,46.16999816894531,46.599998474121094,45.369998931884766,46.400001525878906,174000,0.0,0.0
2026-06-26 00:00:00-04:00,46.88999938964844,48.310001373291016,46.47999954223633,47.9900016784668,620600,0.0,0.0
2026-06-29 00:00:00-04:00,47.70000076293945,47.86000061035156,46.9900016784668,47.63999938964844,194600,0.0,0.0
2026-06-30 00:00:00-04:00,47.41999816894531,47.709999084472656,46.81999969482422,47.33000183105469,188700,0.0,0.0
2026-07-01 00:00:00-04:00,47.52000045776367,48.630001068115234,47.099998474121094,48.33000183105469,194500,0.0,0.0
2026-07-02 00:00:00-04:00,48.38999938964844,49.13999938964844,47.189998626708984,47.380001068115234,183100,0.0,0.0
2026-07-06 00:00:00-04:00,47.34000015258789,48.560001373291016,47.06999969482422,47.84000015258789,154800,0.0,0.0
2026-07-07 00:00:00-04:00,47.959999084472656,48.79999923706055,46.90999984741211,47.029998779296875,183600,0.0,0.0
2026-07-08 00:00:00-04:00,47.029998779296875,47.029998779296875,44.790000915527344,45.060001373291016,805900,0.0,0.0
2026-07-09 00:00:00-04:00,45.29999923706055,46.81999969482422,45.11000061035156,46.310001373291016,361600,0.0,0.0
2026-07-10 00:00:00-04:00,46.16999816894531,46.59000015258789,45.7400016784668,46.220001220703125,213200,0.0,0.0
2026-07-13 00:00:00-04:00,46.220001220703125,46.63999938964844,45.88999938964844,46.310001373291016,192700,0.0,0.0
2026-07-14 00:00:00-04:00,46.34000015258789,46.599998474121094,45.84000015258789,45.91999816894531,155400,0.0,0.0
2026-07-15 00:00:00-04:00,46.13999938964844,46.79999923706055,45.810001373291016,46.439998626708984,199000,0.0,0.0
2026-07-16 00:00:00-04:00,46.560001373291016,47.79999923706055,45.52000045776367,47.220001220703125,238600,0.0,0.0
2026-07-17 00:00:00-04:00,46.75,46.95000076293945,45.43000030517578,46.099998474121094,237300,0.0,0.0
2026-07-20 00:00:00-04:00,46.189998626708984,46.56999969482422,45.630001068115234,46.150001525878906,306500,0.0,0.0
2026-07-21 00:00:00-04:00,46.040000915527344,46.310001373291016,45.209999084472656,46.16999816894531,196900,0.0,0.0
2026-07-22 00:00:00-04:00,46.040000915527344,46.040000915527344,45.040000915527344,45.86000061035156,210900,0.0,0.0
2026-07-23 00:00:00-04:00,45.16999816894531,45.720001220703125,42.40999984741211,45.68000030517578,193100,0.0,0.0
2026-07-24 00:00:00-04:00,46.0,46.790000915527344,45.45000076293945,46.380001068115234,174100,0.0,0.0
2026-07-27 00:00:00-04:00,46.470001220703125,47.34000015258789,46.349998474121094,47.040000915527344,232400,0.0,0.0
2026-07-28 00:00:00-04:00,45.380001068115234,47.970001220703125,44.61000061035156,47.720001220703125,442300,0.0,0.0
2026-07-29 00:00:00-04:00,47.41999816894531,48.04999923706055,45.810001373291016,46.0099983215332,267200,0.0,0.0
2026-07-30 00:00:00-04:00,46.4900016784668,47.209999084472656,45.91999816894531,46.02000045776367,197900,0.0,0.0
2026-07-31 00:00:00-04:00,46.02000045776367,46.349998474121094,45.20000076293945,45.97999954223633,205700,0.0,0.0
2026-08-03 00:00:00-04:00,46.47999954223633,46.79999923706055,45.5,46.31999969482422,274500,0.0,0.0
2026-08-04 00:00:00-04:00,46.380001068115234,47.0099983215332,45.880001068115234,46.689998626708984,279500,0.0,0.0
2026-08-05 00:00:00-04:00,46.869998931884766,47.2599983215332,46.13999938964844,46.400001525878906,148500,0.0,0.0
2026-08-06 00:00:00-04:00,46.56999969482422,46.56999969482422,45.900001525878906,45.9900016784668,161624,0.0,0.0
