Date,Open,High,Low,Close,Volume,Dividends,Stock Splits
2022-01-03 00:00:00-05:00,3.730664015936343,3.79489372144092,3.719959107556438,3.7467215061187744,248200,0.0,0.0
2022-01-04 00:00:00-05:00,3.7948937019825615,3.7948937019825615,3.703901853607358,3.714606761932373,263500,0.0,0.0
2022-01-05 00:00:00-05:00,3.730663494269826,3.7520735632609683,3.671786634025798,3.6824915409088135,208900,0.0,0.0
2022-01-06 00:00:00-05:00,3.677139195594204,3.698549010732806,3.6557293804556013,3.6664342880249023,182800,0.0,0.0
2022-01-07 00:00:00-05:00,3.666434136680563,3.703901439239093,3.6557292295531427,3.6771390438079834,132200,0.0,0.0
2022-01-10 00:00:00-05:00,3.6557288478192027,3.7092533778672334,3.6557288478192027,3.7039010524749756,242900,0.0,0.0
2022-01-11 00:00:00-05:00,3.703901806962297,3.7734838378111895,3.671787082391688,3.7681312561035156,344100,0.0,0.0
2022-01-12 00:00:00-05:00,3.7788368390058276,3.859123792380175,3.7734845115676383,3.853771209716797,347500,0.0,0.0
2022-01-13 00:00:00-05:00,3.8751796330597457,3.8751796330597457,3.8055978700938287,3.81630277633667,248900,0.0,0.0
2022-01-14 00:00:00-05:00,3.8163040229567633,3.8270089326964314,3.757426891775999,3.762779474258423,356900,0.0,0.0
2022-01-18 00:00:00-05:00,3.7520740879213004,3.7841888130610153,3.7360165977388693,3.7467215061187744,224600,0.0,0.0
2022-01-19 00:00:00-05:00,3.741368924316248,3.757426414498679,3.719959107556438,3.7467215061187744,151400,0.0,0.0
2022-01-20 00:00:00-05:00,3.7681316315802014,3.7788365408370983,3.714607085295715,3.7253119945526123,203800,0.0,0.0
2022-01-21 00:00:00-05:00,3.703901481623797,3.703901481623797,3.5807949206371634,3.623614549636841,503900,0.0,0.0
2022-01-24 00:00:00-05:00,3.586146893921713,3.586146893921713,3.4309256264526447,3.56473708152771,623600,0.0,0.0
2022-01-25 00:00:00-05:00,3.5219187435322,3.6717877402724843,3.5219187435322,3.6557302474975586,240500,0.0,0.0
2022-01-26 00:00:00-05:00,3.6824922731436396,3.7841890363664477,3.645024963990448,3.698549509048462,494900,0.0,0.0
2022-01-27 00:00:00-05:00,3.7092537651902444,3.7413684865725054,3.661081810729412,3.6771390438079834,247200,0.0,0.0
2022-01-28 00:00:00-05:00,3.645023915842667,3.671786308288574,3.559384668375907,3.671786308288574,284300,0.0,0.0
2022-01-31 00:00:00-05:00,3.6450250634379397,3.762779321003432,3.6450250634379397,3.7574267387390137,235200,0.0,0.0
2022-02-01 00:00:00-05:00,3.746721982036331,3.773484383998091,3.736017072296663,3.762779474258423,131700,0.0,0.0
2022-02-02 00:00:00-05:00,3.7788356465435395,3.8270078544117996,3.7574258330965593,3.8216552734375,215500,0.0,0.0
2022-02-03 00:00:00-05:00,3.77883562259545,3.8216552492180442,3.7627783902245304,3.7895405292510986,164000,0.0,0.0
2022-02-04 00:00:00-05:00,3.7895402341302957,3.837712437941726,3.762778097187902,3.827007532119751,175900,0.0,0.0
2022-02-07 00:00:00-05:00,3.827006996619189,3.8751789384649897,3.8109495125205544,3.848416805267334,194600,0.0,0.0
2022-02-08 00:00:00-05:00,3.864474034140917,3.864474034140917,3.8323593211686995,3.848416805267334,134100,0.0,0.0
2022-02-09 00:00:00-05:00,3.869828702481742,3.875181029919931,3.8270090620754735,3.853771209716797,250100,0.0,0.0
2022-02-10 00:00:00-05:00,4.014345277917116,4.1320992937702625,3.9822305463208023,4.089279651641846,1339900,0.0,0.0
2022-02-11 00:00:00-05:00,4.067869186834212,4.169565948408212,4.057164277996168,4.083926677703857,884800,0.0,0.0
2022-02-14 00:00:00-05:00,4.132099067355205,4.1909761996682535,4.08392710021288,4.121394157409668,756700,0.0,0.0
2022-02-15 00:00:00-05:00,4.137450913389553,4.158860729469241,4.067868883517994,4.1053361892700195,313900,0.0,0.0
2022-02-16 00:00:00-05:00,4.105336056316675,4.148155687089318,4.083926240930354,4.132098197937012,586800,0.0,0.0
2022-02-17 00:00:00-05:00,4.132099067355205,4.148156559886104,4.0892794275730555,4.121394157409668,452100,0.0,0.0
2022-02-18 00:00:00-05:00,4.116041404217991,4.148156130732123,4.083926677703857,4.083926677703857,313500,0.0,0.0
2022-02-22 00:00:00-05:00,4.067868447637604,4.09463084248214,4.008991332114692,4.0357537269592285,301400,0.0,0.0
2022-02-23 00:00:00-05:00,4.051811605213264,4.062516513137236,3.992934484018846,4.008991718292236,191900,0.0,0.0
2022-02-24 00:00:00-05:00,3.907294674284458,4.025048644983054,3.885884861430168,4.014343738555908,499200,0.0,0.0
2022-02-25 00:00:00-05:00,3.998287784506359,4.110689472706055,3.9394109041923846,4.089279651641846,245700,0.0,0.0
2022-02-28 00:00:00-05:00,4.078572459445462,4.132096982162912,4.067867554901973,4.116039752960205,384500,0.0,0.0
2022-03-01 00:00:00-05:00,4.099984337518593,4.142803977300742,4.078574517627518,4.121394157409668,395500,0.0,0.0
2022-03-02 00:00:00-05:00,4.121393248904683,4.239147487573462,4.121393248904683,4.2016801834106445,694700,0.0,0.0
2022-03-03 00:00:00-05:00,4.223088776529534,4.239146260874157,4.180269158577278,4.185621738433838,411100,0.0,0.0
2022-03-04 00:00:00-05:00,4.190975189208984,4.233794818667167,4.1749179557747285,4.190975189208984,504600,0.0,0.0
2022-03-07 00:00:00-05:00,4.094632008942722,4.185623871065367,4.094632008942722,4.137451648712158,435200,0.0,0.0
2022-03-08 00:00:00-05:00,4.148155476523312,4.2337947337214334,4.105335847924252,4.1963276863098145,507400,0.0,0.0
2022-03-09 00:00:00-05:00,4.239147314908875,4.255204548020964,4.1642129648605195,4.1963276863098145,303100,0.0,0.0
2022-03-10 00:00:00-05:00,4.196328696242152,4.223090842944863,4.089279343755766,4.110689163208008,464000,0.0,0.0
2022-03-11 00:00:00-05:00,4.126745655253483,4.126745655253483,4.057163631284978,4.062516212463379,495100,0.0,0.0
2022-03-14 00:00:00-04:00,4.116041097309863,4.174918219141579,4.073221465150486,4.1053361892700195,529700,0.0,0.0
2022-03-15 00:00:00-04:00,4.126746052229033,4.132098378697187,4.035754205244129,4.051811695098877,499700,0.0,0.0
2022-03-16 00:00:00-04:00,4.079078505204447,4.11725179328686,4.0409052171220345,4.106345176696777,618700,0.14,0.0
2022-03-17 00:00:00-04:00,4.122704894092445,4.177237976018089,4.1172517159170035,4.1608781814575195,344800,0.0,0.0
2022-03-18 00:00:00-04:00,4.16087778969129,4.188144198069729,4.100891275203971,4.12270450592041,911700,0.0,0.0
2022-03-21 00:00:00-04:00,4.144517812787254,4.220864121697562,4.133611197228639,4.1826910972595215,252100,0.0,0.0
2022-03-22 00:00:00-04:00,4.19359731637043,4.2481303890081445,4.188143879089557,4.242677211761475,198000,0.0,0.0
2022-03-23 00:00:00-04:00,4.253584643611582,4.253584643611582,4.182691505543397,4.188144683837891,133100,0.0,0.0
2022-03-24 00:00:00-04:00,4.193598110965316,4.204504727559423,4.166331439462921,4.1717848777771,133000,0.0,0.0
2022-03-25 00:00:00-04:00,4.188144921073509,4.231771650071938,4.171785125229082,4.220864772796631,140100,0.0,0.0
2022-03-28 00:00:00-04:00,4.231770692453609,4.269943714141846,4.204504025504119,4.269943714141846,218000,0.0,0.0
2022-03-29 00:00:00-04:00,4.269944029496759,4.28630408288156,4.226317567182928,4.248130798339844,175000,0.0,0.0
2022-03-30 00:00:00-04:00,4.26994482986629,4.297211503940484,4.2154117417521775,4.226318359375,268500,0.0,0.0
2022-03-31 00:00:00-04:00,4.226317159953059,4.280850232590774,4.226317159953059,4.242677211761475,193400,0.0,0.0
2022-04-01 00:00:00-04:00,4.2753973904434055,4.362650313502504,4.264490775061018,4.351743698120117,438400,0.0,0.0
2022-04-04 00:00:00-04:00,4.351744657434198,4.351744657434198,4.26994489401695,4.286304950714111,324200,0.0,0.0
2022-04-05 00:00:00-04:00,4.220864368205735,4.324477352080931,4.220864368205735,4.280850887298584,205400,0.0,0.0
2022-04-06 00:00:00-04:00,4.264491007792645,4.291757417719548,4.1881444359151505,4.204504489898682,293900,0.0,0.0
2022-04-07 00:00:00-04:00,4.21541166305542,4.231771719201368,4.155425137232635,4.21541166305542,178300,0.0,0.0
2022-04-08 00:00:00-04:00,4.237224182761386,4.264490851724644,4.21541095160447,4.248130798339844,140500,0.0,0.0
2022-04-11 00:00:00-04:00,4.231771719201368,4.248131515313046,4.182691810797793,4.21541166305542,170400,0.0,0.0
2022-04-12 00:00:00-04:00,4.220864522433459,4.248131193935854,4.160878261182992,4.1717848777771,266100,0.0,0.0
2022-04-13 00:00:00-04:00,4.226317806320649,4.286304325413498,4.2099577520101485,4.280850887298584,351800,0.0,0.0
2022-04-14 00:00:00-04:00,4.308116913377944,4.319023527942073,4.259037017822266,4.259037017822266,233900,0.0,0.0
2022-04-18 00:00:00-04:00,4.280850327451977,4.340836838699832,4.259037097913522,4.319023609161377,235000,0.0,0.0
2022-04-19 00:00:00-04:00,4.319024098070677,4.340837330078368,4.286304250059139,4.335383892059326,239100,0.0,0.0
2022-04-20 00:00:00-04:00,4.335384447814095,4.373557998772394,4.313571213010156,4.3462910652160645,175500,0.0,0.0
2022-04-21 00:00:00-04:00,4.3571963971852705,4.3571963971852705,4.2753969208196025,4.302663326263428,272500,0.0,0.0
2022-04-22 00:00:00-04:00,4.308118628088908,4.308118628088908,4.166332322287462,4.177238941192627,256200,0.0,0.0
2022-04-25 00:00:00-04:00,4.17723845005516,4.2372249769978225,4.084532070244031,4.226318359375,454100,0.0,0.0
2022-04-26 00:00:00-04:00,4.204504338693847,4.237224185449982,4.062718076049703,4.084531307220459,447500,0.0,0.0
2022-04-27 00:00:00-04:00,4.095437854334039,4.144517490514318,4.057264572830082,4.08998441696167,300000,0.0,0.0
2022-04-28 00:00:00-04:00,4.0899840227847,4.128157300609662,4.040904131300346,4.100890636444092,259000,0.0,0.0
2022-04-29 00:00:00-04:00,4.111797716476102,4.111797716476102,4.029997974735595,4.035451412200928,314300,0.0,0.0
2022-05-02 00:00:00-04:00,4.029998446899277,4.029998446899277,3.90457223087774,3.9700121879577637,387700,0.0,0.0
2022-05-03 00:00:00-04:00,3.975464141883642,4.084530270042443,3.9645575290677617,4.0736236572265625,178500,0.0,0.0
2022-05-04 00:00:00-04:00,4.073624911878335,4.1499714851379395,4.051811679528232,4.1499714851379395,205700,0.0,0.0
2022-05-05 00:00:00-04:00,4.155424106453667,4.155424106453667,3.986371448373365,4.040904521942139,251300,0.0,0.0
2022-05-06 00:00:00-04:00,4.013639450073242,4.062719102591462,3.9809195950496643,4.013639450073242,213100,0.0,0.0
2022-05-09 00:00:00-04:00,3.953651335117117,4.0027312280053735,3.844585195403424,3.860944986343384,447300,0.0,0.0
2022-05-10 00:00:00-04:00,3.8663993678613444,3.942745684311423,3.8391326962549046,3.8773059844970703,354100,0.0,0.0
2022-05-11 00:00:00-04:00,3.8663992198267527,3.931838917135586,3.8500391654824235,3.871852397918701,209300,0.0,0.0
2022-05-12 00:00:00-04:00,3.8173180379382115,3.8391312630665544,3.697345299732324,3.779144763946533,405800,0.0,0.0
2022-05-13 00:00:00-04:00,3.773692927413062,3.866399297138092,3.757332872741602,3.817319393157959,287100,0.0,0.0
2022-05-16 00:00:00-04:00,3.8227729013184426,3.8936657794335323,3.8227729013184426,3.8773059844970703,208100,0.0,0.0
2022-05-17 00:00:00-04:00,3.9263837997679047,3.931837235561762,3.8991174009010114,3.9209306240081787,139300,0.0,0.0
2022-05-18 00:00:00-04:00,3.9154789410839776,3.9154789410839776,3.790052722050275,3.817319393157959,257200,0.0,0.0
2022-05-19 00:00:00-04:00,3.779144763946533,3.8282246505023827,3.773691587681525,3.779144763946533,298200,0.0,0.0
2022-05-20 00:00:00-04:00,3.8118661366471027,3.8227730136375415,3.642813443809197,3.6755332946777344,364600,0.0,0.0
2022-05-23 00:00:00-04:00,3.7027997993654713,3.784599552848791,3.7027997993654713,3.7682394981384277,174400,0.0,0.0
2022-05-24 00:00:00-04:00,3.670079698987214,3.7627860625926304,3.6373598518384016,3.6864397525787354,314900,0.0,0.0
2022-05-25 00:00:00-04:00,3.6755327330101277,3.7355192471195493,3.6537195024311058,3.7137060165405273,216100,0.0,0.0
2022-05-26 00:00:00-04:00,3.7409717499890105,3.8064114253740398,3.7409717499890105,3.779144763946533,164400,0.0,0.0
2022-05-27 00:00:00-04:00,3.7900532541967307,3.915479490841038,3.7900532541967307,3.9100263118743896,222800,0.0,0.0
2022-05-31 00:00:00-04:00,3.855491809374793,3.882758214286122,3.806411916486537,3.860944986343384,285100,0.0,0.0
2022-06-01 00:00:00-04:00,3.888213075939231,3.953652783744708,3.806413311165242,3.9100263118743896,335100,0.0,0.0
2022-06-02 00:00:00-04:00,3.926385801922532,3.9645590918425806,3.8445863035762713,3.850039482116699,264300,0.0,0.0
2022-06-03 00:00:00-04:00,3.8336793692892703,3.882759012229667,3.8282259311657585,3.83913254737854,193800,0.0,0.0
2022-06-06 00:00:00-04:00,3.8336785814320544,3.882758214286122,3.8227719674606853,3.860944986343384,183600,0.0,0.0
2022-06-07 00:00:00-04:00,3.8445848812243457,3.904571123147713,3.8227716550641815,3.899117946624756,191000,0.0,0.0
2022-06-08 00:00:00-04:00,3.844585985502052,3.882759012229667,3.8336793692892703,3.83913254737854,418500,0.0,0.0
2022-06-09 00:00:00-04:00,3.8609444881948973,3.877304537058232,3.773691587681525,3.779144763946533,427600,0.0,0.0
2022-06-10 00:00:00-04:00,3.746426894438898,3.795506806778873,3.713707039557012,3.790053367614746,439700,0.0,0.0
2022-06-13 00:00:00-04:00,3.7082524878718015,3.713705664983223,3.539199576836413,3.5719196796417236,553300,0.0,0.0
2022-06-14 00:00:00-04:00,3.6155464685798564,3.620999646191884,3.539199901737718,3.5664665699005127,569000,0.0,0.0
2022-06-15 00:00:00-04:00,3.5773739044206634,3.615547195516802,3.511934199713801,3.533747434616089,477000,0.0,0.0
2022-06-16 00:00:00-04:00,3.486332048972448,3.53653531559318,3.3413005080619014,3.34687876701355,672500,0.145,0.0
2022-06-17 00:00:00-04:00,3.352457981665794,3.4974892979350574,3.3468797211239245,3.430551767349243,1114700,0.0,0.0
2022-06-21 00:00:00-04:00,3.4695988335534103,3.5198021189186264,3.391505040974506,3.4417083263397217,440800,0.0,0.0
2022-06-22 00:00:00-04:00,3.3468791402531246,3.4361291655443367,3.3468791402531246,3.3691916465759277,217800,0.0,0.0
2022-06-23 00:00:00-04:00,3.363613652988255,3.424972912382935,3.363613652988255,3.3691916465759277,288900,0.0,0.0
2022-06-24 00:00:00-04:00,3.413817426889233,3.5030677382362865,3.3691924042087646,3.458442449569702,371200,0.0,0.0
2022-06-27 00:00:00-04:00,3.452864701187164,3.5588492706113284,3.4361301834944498,3.5476930141448975,228600,0.0,0.0
2022-06-28 00:00:00-04:00,3.5588479304640677,3.631363703181839,3.4751759054809495,3.4807538986206055,255700,0.0,0.0
2022-06-29 00:00:00-04:00,3.5253800686721974,3.5253800686721974,3.430551767349243,3.430551767349243,131100,0.0,0.0
2022-06-30 00:00:00-04:00,3.408238660726411,3.469597920032741,3.397082407581073,3.4472854137420654,137900,0.0,0.0
2022-07-01 00:00:00-04:00,3.469597350673305,3.5365351245469276,3.436128596729499,3.5142226219177246,264800,0.0,0.0
2022-07-05 00:00:00-04:00,3.469598634414523,3.5030676667277834,3.4082393624744705,3.4919114112854004,154200,0.0,0.0
2022-07-06 00:00:00-04:00,3.480754173178079,3.4919106923094727,3.408238660726411,3.4472854137420654,231300,0.0,0.0
2022-07-07 00:00:00-04:00,3.4919100293299916,3.53653503343877,3.480753512316791,3.497488021850586,200900,0.0,0.0
2022-07-08 00:00:00-04:00,3.452864387489102,3.553270686564916,3.452864387489102,3.5309581756591797,147900,0.0,0.0
2022-07-11 00:00:00-04:00,3.5198015032239227,3.5309577573551363,3.4863327408302816,3.5030672550201416,88700,0.0,0.0
2022-07-12 00:00:00-04:00,3.491910640376028,3.542113645790376,3.486332380893294,3.519801139831543,155400,0.0,0.0
2022-07-13 00:00:00-04:00,3.497488994961495,3.5142235091513556,3.4584419725092075,3.5030672550201416,267500,0.0,0.0
2022-07-14 00:00:00-04:00,3.486333221738053,3.4919114825661692,3.430551943387467,3.458442449569702,162700,0.0,0.0
2022-07-15 00:00:00-04:00,3.475175629149888,3.475175629149888,3.408238120880391,3.436128616333008,328800,0.0,0.0
2022-07-18 00:00:00-04:00,3.469598188283898,3.5588484863330225,3.469598188283898,3.5365359783172607,239900,0.0,0.0
2022-07-19 00:00:00-04:00,3.5644272658514766,3.5700055270777598,3.5198022399857516,3.5476930141448975,225000,0.0,0.0
2022-07-20 00:00:00-04:00,3.553269386291504,3.586738140402647,3.5365351422289395,3.553269386291504,179400,0.0,0.0
2022-07-21 00:00:00-04:00,3.5365351422289395,3.564425637661885,3.5142226394881773,3.553269386291504,131900,0.0,0.0
2022-07-22 00:00:00-04:00,3.586739540100098,3.5978957958241216,3.570005289507121,3.5867395401000977,155400,0.0,0.0
2022-07-25 00:00:00-04:00,3.603472430121145,3.603472430121145,3.536534925991674,3.558847427368164,141600,0.0,0.0
2022-07-26 00:00:00-04:00,3.570003896340082,3.581160147710463,3.530956883550742,3.553269386291504,135300,0.0,0.0
2022-07-27 00:00:00-04:00,3.558847803197756,3.5811603069305424,3.5309570405387602,3.581160306930542,123100,0.0,0.0
2022-07-28 00:00:00-04:00,3.5644264696061327,3.6257859994576713,3.5644264696061327,3.6146297454833984,108600,0.0,0.0
2022-07-29 00:00:00-04:00,3.586739579166383,3.6704116310009645,3.570005328391139,3.6369428634643555,140500,0.0,0.0
2022-08-01 00:00:00-04:00,3.6369419415882653,3.7038794596944538,3.5923169295174726,3.6815669536590576,164000,0.0,0.0
2022-08-02 00:00:00-04:00,3.6927238774112108,3.6983021379263037,3.648098857234874,3.6759896278381348,155100,0.0,0.0
2022-08-03 00:00:00-04:00,3.6927241375576116,3.7485054167077334,3.681567881727587,3.7206149101257324,170200,0.0,0.0
2022-08-04 00:00:00-04:00,3.76523930712912,3.804286329032113,3.5755827235804056,3.6146297454833984,301300,0.0,0.0
2022-08-05 00:00:00-04:00,3.592317865702507,3.6480991453280183,3.5588490979272005,3.597895860671997,238300,0.0,0.0
2022-08-08 00:00:00-04:00,3.5644278295679017,3.6536781614004807,3.5309590548755008,3.648099899291992,162400,0.0,0.0
2022-08-09 00:00:00-04:00,3.636942667481746,3.6815676884591984,3.564426875400333,3.6034739017486572,179600,0.0,0.0
2022-08-10 00:00:00-04:00,3.625785979852118,3.653676747630026,3.5867389581602627,3.609051465988159,274200,0.0,0.0
2022-08-11 00:00:00-04:00,3.625786412237383,3.653677183341344,3.5923176465042936,3.6034739017486572,265900,0.0,0.0
2022-08-12 00:00:00-04:00,3.6257861771330977,3.7373487223427575,3.6257861771330977,3.687145709991455,204000,0.0,0.0
2022-08-15 00:00:00-04:00,3.681566885899525,3.6927231387118913,3.6480981274624256,3.670410633087158,255800,0.0,0.0
2022-08-16 00:00:00-04:00,3.6815670210091676,3.69830153383488,3.6704107677873785,3.692723274230957,108700,0.0,0.0
2022-08-17 00:00:00-04:00,3.687146472433772,3.687146472433772,3.6313651882942737,3.6536777019500732,256200,0.0,0.0
2022-08-18 00:00:00-04:00,3.6480981946059634,3.698301466178631,3.6480981946059634,3.6815669536590576,186500,0.0,0.0
2022-08-19 00:00:00-04:00,3.6815682110267502,3.6983027292616715,3.6202086654802303,3.6536777019500732,224400,0.0,0.0
2022-08-22 00:00:00-04:00,3.603473472024222,3.625785979852118,3.592317218110274,3.609051465988159,171200,0.0,0.0
2022-08-23 00:00:00-04:00,3.609051077157119,3.6648326067031576,3.609051077157119,3.6257855892181396,125700,0.0,0.0
2022-08-24 00:00:00-04:00,3.6202073298691175,3.6592543473541355,3.614629336506141,3.6257855892181396,225200,0.0,0.0
2022-08-25 00:00:00-04:00,3.6257855892181396,3.6425201012791604,3.609051077157119,3.6257855892181396,170500,0.0,0.0
2022-08-26 00:00:00-04:00,3.6257859994576713,3.636942253431944,3.6034734915091255,3.6146297454833984,111000,0.0,0.0
2022-08-29 00:00:00-04:00,3.614629336506141,3.6369418419301383,3.592316831082144,3.6257855892181396,110300,0.0,0.0
2022-08-30 00:00:00-04:00,3.636941566262508,3.636941566262508,3.5811603069305424,3.581160306930542,105200,0.0,0.0
2022-08-31 00:00:00-04:00,3.5755831306446964,3.636942667481746,3.564426875400333,3.6034739017486572,155900,0.0,0.0
2022-09-01 00:00:00-04:00,3.6034739690958784,3.6146302245487467,3.508645664753443,3.5309581756591797,239000,0.0,0.0
2022-09-02 00:00:00-04:00,3.5700050280731572,3.5867392774406732,3.536536263352027,3.5421142578125,153300,0.0,0.0
2022-09-06 00:00:00-04:00,3.5421131172112226,3.5532693685258243,3.4807536019879066,3.5142226219177246,251800,0.0,0.0
2022-09-07 00:00:00-04:00,3.530958369181936,3.581161654464412,3.514224118078528,3.564427137374878,156700,0.0,0.0
2022-09-08 00:00:00-04:00,3.558848257330483,3.575582504272461,3.5309574911124395,3.575582504272461,159000,0.0,0.0
2022-09-09 00:00:00-04:00,3.6034740566791923,3.6202083072721694,3.581161545231145,3.5867395401000977,154800,0.0,0.0
2022-09-12 00:00:00-04:00,3.592317840082211,3.642521124380184,3.586739579166383,3.6369428634643555,199400,0.0,0.0
2022-09-13 00:00:00-04:00,3.6202083072721694,3.6369428238512636,3.586739540100098,3.5867395401000977,264500,0.0,0.0
2022-09-14 00:00:00-04:00,3.6034742964770534,3.6090522917172017,3.536536757678466,3.5476930141448975,220500,0.0,0.0
2022-09-15 00:00:00-04:00,3.597895641133422,3.6313646728526177,3.570005136015568,3.6034739017486572,230800,0.0,0.0
2022-09-16 00:00:00-04:00,3.5920510925538602,3.603472547843818,3.5235223608141144,3.5520758628845215,303600,0.15,0.0
2022-09-19 00:00:00-04:00,3.5235242843627925,3.5463672074130277,3.4892598997874402,3.523524284362793,157600,0.0,0.0
2022-09-20 00:00:00-04:00,3.489258101884145,3.5235224688041633,3.4492828709896326,3.4607043266296387,159900,0.0,0.0
2022-09-21 00:00:00-04:00,3.466415638013769,3.512101466470455,3.4607047733021745,3.4835476875305176,133400,0.0,0.0
2022-09-22 00:00:00-04:00,3.483547820871961,3.489258685802153,3.363622380428207,3.3978867530822754,338800,0.0,0.0
2022-09-23 00:00:00-04:00,3.335069179534912,3.3807550139434914,3.3122262623306225,3.335069179534912,387800,0.0,0.0
2022-09-26 00:00:00-04:00,3.306515160778966,3.329358076352196,3.175168260078375,3.1865897178649902,426800,0.0,0.0
2022-09-27 00:00:00-04:00,3.2037220157880144,3.300804542373868,3.1808791003924055,3.19230055809021,181000,0.0,0.0
2022-09-28 00:00:00-04:00,3.1922997761359926,3.283671415336934,3.163746002731216,3.2665390968322754,201000,0.0,0.0
2022-09-29 00:00:00-04:00,3.2265649954395816,3.232275588247693,3.112350143877955,3.1466147899627686,220800,0.0,0.0
2022-09-30 00:00:00-04:00,3.1466138847529006,3.1980102944764597,3.1123492485252506,3.1180601119995117,222700,0.0,0.0
2022-10-03 00:00:00-04:00,3.152325351155904,3.1980111823987523,3.0438213657996225,3.1694576740264893,314400,0.0,0.0
2022-10-04 00:00:00-04:00,3.198011878756402,3.340780268632215,3.1865904184587004,3.32364821434021,248800,0.0,0.0
2022-10-05 00:00:00-04:00,3.3122254444371055,3.3122254444371055,3.180878566791624,3.255117893218994,125700,0.0,0.0
2022-10-06 00:00:00-04:00,3.2722502833920277,3.277960875251212,3.192300091200508,3.1980106830596924,191100,0.0,0.0
2022-10-07 00:00:00-04:00,3.175168407734081,3.249408022953981,3.1123502508319314,3.2379865646362305,462600,0.0,0.0
2022-10-10 00:00:00-04:00,3.23227616817214,3.25511908812106,3.106640108453079,3.1123507022857666,255000,0.0,0.0
2022-10-11 00:00:00-04:00,3.1123504215533613,3.158036529639424,3.06666458577636,3.1294827461242676,214600,0.0,0.0
2022-10-12 00:00:00-04:00,3.1409032079090933,3.1865890291819716,3.112349433459057,3.1637461185455322,188900,0.0,0.0
2022-10-13 00:00:00-04:00,3.140903846936806,3.2037220001220703,3.04953218580117,3.2037220001220703,153700,0.0,0.0
2022-10-14 00:00:00-04:00,3.215144157409668,3.260829997919155,3.180879777027553,3.215144157409668,232100,0.0,0.0
2022-10-17 00:00:00-04:00,3.266540591828296,3.3122267046468723,3.169458316900181,3.215144157409668,371500,0.0,0.0
2022-10-18 00:00:00-04:00,3.2551184392736188,3.2893830846760634,3.1751682353889876,3.19230055809021,241400,0.0,0.0
2022-10-19 00:00:00-04:00,3.1808791728185835,3.186589765642996,3.1123501527623723,3.152325391769409,186200,0.0,0.0
2022-10-20 00:00:00-04:00,3.1409039248456208,3.1865897565466565,3.112350143877955,3.1466147899627686,109700,0.0,0.0
2022-10-21 00:00:00-04:00,3.152325351155904,3.192300589647913,3.118060977723768,3.1694576740264893,184800,0.0,0.0
2022-10-24 00:00:00-04:00,3.1523252440039142,3.2665398182287197,3.146614651447186,3.2494077682495117,122300,0.0,0.0
2022-10-25 00:00:00-04:00,3.2551186808929935,3.3864655903218153,3.2436972223474023,3.3464906215667725,121200,0.0,0.0
2022-10-26 00:00:00-04:00,3.369333990390393,3.4150198306979362,3.3464910702366213,3.375044584274292,154500,0.0,0.0
2022-10-27 00:00:00-04:00,3.392176182462786,3.4207296903718607,3.3636224022446815,3.369333267211914,113300,0.0,0.0
2022-10-28 00:00:00-04:00,3.357911982686874,3.437862190186359,3.357911982686874,3.4150192737579346,86100,0.0,0.0
2022-10-31 00:00:00-04:00,3.42644053311518,3.432151398045372,3.3750438379795633,3.3978867530822754,142800,0.0,0.0
2022-11-01 00:00:00-04:00,3.4093079617790614,3.4264402830100753,3.3579115427040356,3.3921759128570557,94500,0.0,0.0
2022-11-02 00:00:00-04:00,3.3636219222222965,3.4264400663519323,3.3350684183880914,3.386464834213257,177300,0.0,0.0
2022-11-03 00:00:00-04:00,3.352201198199397,3.386465573667662,3.323647688130367,3.357912063598633,102700,0.0,0.0
2022-11-04 00:00:00-04:00,3.403599030634334,3.489260133976605,3.3693346437592537,3.4093096256256104,289400,0.0,0.0
2022-11-07 00:00:00-05:00,3.4035974785279968,3.5006799998904525,3.3864651567485566,3.477837085723877,147000,0.0,0.0
2022-11-08 00:00:00-05:00,3.477837853700158,3.494969906953682,3.4150196897160567,3.443573474884033,130000,0.0,0.0
2022-11-09 00:00:00-05:00,3.4378627244452966,3.4549950505835754,3.3807554244995117,3.3807554244995117,136100,0.0,0.0
2022-11-10 00:00:00-05:00,3.4264405082444025,3.437861965712856,3.3636223560133947,3.403597593307495,465500,0.0,0.0
2022-11-11 00:00:00-05:00,3.432150930504168,3.443572386499648,3.340779010231336,3.386464834213257,258600,0.0,0.0
2022-11-14 00:00:00-05:00,3.437862141800055,3.4892588391951467,3.4207298185653445,3.4492835998535156,490200,0.0,0.0
2022-11-15 00:00:00-05:00,3.4949691351943004,3.540654963527452,3.4607047639444364,3.477837085723877,145400,0.0,0.0
2022-11-16 00:00:00-05:00,3.454994386100983,3.557787506233686,3.454994386100983,3.5063908100128174,188600,0.0,0.0
2022-11-17 00:00:00-05:00,3.4093094539423014,3.506392014687459,3.346491550655892,3.489259958267212,522600,0.0,0.0
2022-11-18 00:00:00-05:00,3.5463672074130277,3.5520778020210253,3.4835490328703203,3.523524284362793,307800,0.0,0.0
2022-11-21 00:00:00-05:00,3.5235240647255193,3.574920774539319,3.4835488157248857,3.5121026039123535,311700,0.0,0.0
2022-11-22 00:00:00-05:00,3.5063899570094743,3.620604779458567,3.5063899570094743,3.597761869430542,543100,0.0,0.0
2022-11-23 00:00:00-05:00,3.603473954902256,3.6263168744017094,3.529234330374493,3.569209575653076,212300,0.0,0.0
2022-11-25 00:00:00-05:00,3.569208181973945,3.5806296372639026,3.5463652713940297,3.5520758628845215,69400,0.0,0.0
2022-11-28 00:00:00-05:00,3.5235243434168333,3.574921057295829,3.4721276295378374,3.489259958267212,165200,0.0,0.0
2022-11-29 00:00:00-05:00,3.5006801614703633,3.546365991912223,3.4949692965106163,3.534944534301758,131000,0.0,0.0
2022-11-30 00:00:00-05:00,3.529234391416861,3.55207731131141,3.466416497861393,3.5406558513641357,179800,0.0,0.0
2022-12-01 00:00:00-05:00,3.5349443352315046,3.580630163100569,3.5178120136260986,3.5178120136260986,134200,0.0,0.0
2022-12-02 00:00:00-05:00,3.5121016750635956,3.5292337255978627,3.4892587594785507,3.5063908100128174,82800,0.0,0.0
2022-12-05 00:00:00-05:00,3.506391366559057,3.517812826164432,3.4435734748840328,3.443573474884033,137800,0.0,0.0
2022-12-06 00:00:00-05:00,3.449284210928594,3.46070567100548,3.357912530313507,3.375044584274292,168800,0.0,0.0
2022-12-07 00:00:00-05:00,3.3350684183880914,3.4664152984906083,3.3350684183880914,3.386464834213257,232600,0.0,0.0
2022-12-08 00:00:00-05:00,3.3921759128570557,3.432151147523416,3.3579115427040356,3.3921759128570557,153900,0.0,0.0
2022-12-09 00:00:00-05:00,3.3978867284187553,3.4321513731331423,3.3807546783705877,3.403597593307495,150400,0.0,0.0
2022-12-12 00:00:00-05:00,3.426441357019522,3.426441357019522,3.317937348036813,3.32364821434021,681000,0.0,0.0
2022-12-13 00:00:00-05:00,3.3636221349083684,3.4035973695747286,3.346490085986362,3.3921759128570557,339600,0.0,0.0
2022-12-14 00:00:00-05:00,3.397887032157084,3.426440814535164,3.3122262296409453,3.357912063598633,641600,0.0,0.0
2022-12-15 00:00:00-05:00,3.3750441484878926,3.392176472545636,3.3122262623306225,3.335069179534912,411000,0.0,0.0
2022-12-16 00:00:00-05:00,3.355637283195903,3.4790495341189747,3.2381019395674366,3.4085283279418945,3151800,0.165,0.0
2022-12-19 00:00:00-05:00,3.3615141539506075,3.373267689165504,3.2733627799520764,3.343883991241455,558800,0.0,0.0
2022-12-20 00:00:00-05:00,3.296870470046997,3.349761248341955,3.267486486373681,3.296870470046997,448400,0.0,0.0
2022-12-21 00:00:00-05:00,3.296869850381869,3.3673910616712477,3.296869850381869,3.343883991241455,346900,0.0,0.0
2022-12-22 00:00:00-05:00,3.320377281996142,3.326253910129647,3.196965008701979,3.285116672515869,501700,0.0,0.0
2022-12-23 00:00:00-05:00,3.273362732833519,3.332130408062067,3.273362732833519,3.3203768730163574,180100,0.0,0.0
2022-12-27 00:00:00-05:00,3.320376786896808,3.373267553117501,3.302746344672329,3.3262534141540527,299400,0.0,0.0
2022-12-28 00:00:00-05:00,3.338006874735355,3.3556373165681435,3.2909927368164067,3.2909927368164062,142500,0.0,0.0
2022-12-29 00:00:00-05:00,3.29686978912409,3.3850214417110958,3.29686978912409,3.361514091491699,192800,0.0,0.0
2022-12-30 00:00:00-05:00,3.355637834410592,3.4085288878447457,3.302746780976438,3.3791449069976807,248700,0.0,0.0
2023-01-03 00:00:00-05:00,3.4320353636610834,3.4379119906728084,3.367390785173944,3.373267412185669,412300,0.0,0.0
2023-01-04 00:00:00-05:00,3.379144952320402,3.414405561673967,3.3497609710792244,3.4026520252227783,483500,0.0,0.0
2023-01-05 00:00:00-05:00,3.414405577503889,3.414405577503889,3.3262539135980793,3.3380074501037598,256800,0.0,0.0
2023-01-06 00:00:00-05:00,3.3380074501037598,3.3556378949754877,3.320377285458447,3.3380074501037598,332700,0.0,0.0
2023-01-09 00:00:00-05:00,3.3732683233426672,3.4320362906919586,3.3497612484935253,3.426159381866455,224300,0.0,0.0
2023-01-10 00:00:00-05:00,3.4085281654533364,3.4790493682685875,3.3791441908338067,3.443788766860962,557200,0.0,0.0
2023-01-11 00:00:00-05:00,3.467297521651931,3.549572298304604,3.467297521651931,3.531942129135132,313000,0.0,0.0
2023-01-12 00:00:00-05:00,3.5495709572575085,3.5848315625012925,3.531940794748807,3.5789549350738525,195400,0.0,0.0
2023-01-13 00:00:00-05:00,3.549571944286982,3.6142165453228343,3.5378184059374145,3.6024630069732666,154300,0.0,0.0
2023-01-17 00:00:00-05:00,3.6083385873080984,3.684736704489187,3.6083385873080984,3.672983169555664,272300,0.0,0.0
2023-01-18 00:00:00-05:00,3.678860108951428,3.690613643986599,3.6142155261447986,3.6200921535491943,122300,0.0,0.0
2023-01-19 00:00:00-05:00,3.620092956940747,3.620092956940747,3.5319415647270986,3.537818193435669,172900,0.0,0.0
2023-01-20 00:00:00-05:00,3.5554481838921337,3.5789552561636184,3.5143106673038327,3.5495712757110596,138100,0.0,0.0
2023-01-23 00:00:00-05:00,3.590709846594833,3.590709846594833,3.520188328847617,3.5436956882476807,148300,0.0,0.0
2023-01-24 00:00:00-05:00,3.5672014656685507,3.5672014656685507,3.467296275525278,3.473172903060913,362400,0.0,0.0
2023-01-25 00:00:00-05:00,3.467296729316699,3.484926894457385,3.4437896556448373,3.4614198207855225,134500,0.0,0.0
2023-01-26 00:00:00-05:00,3.47905026615263,3.490803802988561,3.449666283949592,3.4614198207855225,174700,0.0,0.0
2023-01-27 00:00:00-05:00,3.4437894866515624,3.5025571679473755,3.4437894866515624,3.49668025970459,134400,0.0,0.0
2023-01-30 00:00:00-05:00,3.520187397005263,3.555448286658069,3.4731732511034066,3.4790501594543457,256000,0.0,0.0
2023-01-31 00:00:00-05:00,3.49080228805542,3.5084324455449956,3.4614183186043923,3.49080228805542,209000,0.0,0.0
2023-02-01 00:00:00-05:00,3.490803313503875,3.561324524630891,3.4849264057967657,3.526063919067383,204700,0.0,0.0
2023-02-02 00:00:00-05:00,3.537818778341043,3.578956307008045,3.5260652387542546,3.5436956882476807,251000,0.0,0.0
2023-02-03 00:00:00-05:00,3.5495723179278307,3.561325857514619,3.520188328847617,3.5436956882476807,207000,0.0,0.0
2023-02-06 00:00:00-05:00,3.5789562872223737,3.5789562872223737,3.5201883093868345,3.531942129135132,292300,0.0,0.0
2023-02-07 00:00:00-05:00,3.543695016499502,3.5907091659345807,3.531941479140732,3.567202091217041,217800,0.0,0.0
2023-02-08 00:00:00-05:00,3.584831239916977,3.584831239916977,3.496679594626732,3.52018666267395,215300,0.0,0.0
2023-02-09 00:00:00-05:00,3.373268480120356,3.4202829122301424,3.220472486499512,3.226349115371704,2149000,0.0,0.0
2023-02-10 00:00:00-05:00,3.2263494412552483,3.3850226402282715,3.2263494412552483,3.3850226402282715,2595300,0.0,0.0
2023-02-13 00:00:00-05:00,3.3908979401470645,3.3908979401470645,3.326253360011381,3.3673908710479736,542300,0.0,0.0
2023-02-14 00:00:00-05:00,3.3850217692200144,3.426159005574732,3.3497608805925343,3.355637788772583,747300,0.0,0.0
2023-02-15 00:00:00-05:00,3.3438839291101257,3.373267626488208,3.3203768591171077,3.361514091491699,380200,0.0,0.0
2023-02-16 00:00:00-05:00,3.343883991241455,3.3673910616712477,3.3321304560265586,3.343883991241455,283900,0.0,0.0
2023-02-17 00:00:00-05:00,3.3380068094362363,3.3908978536735654,3.3380068094362363,3.373267412185669,402100,0.0,0.0
2023-02-21 00:00:00-05:00,3.4026520409982086,3.4026520409982086,3.3262539135980793,3.3380074501037598,458000,0.0,0.0
2023-02-22 00:00:00-05:00,3.3497610092163086,3.3732680823863137,3.3380074726313063,3.3497610092163086,258300,0.0,0.0
2023-02-23 00:00:00-05:00,3.355637917622018,3.390898527377026,3.3497610092163086,3.3497610092163086,198400,0.0,0.0
2023-02-24 00:00:00-05:00,3.3497606187357114,3.379144596886144,3.320376920811662,3.343883991241455,251400,0.0,0.0
2023-02-27 00:00:00-05:00,3.3615145458013114,3.3850218991977328,3.343884381037016,3.3497610092163086,187700,0.0,0.0
2023-02-28 00:00:00-05:00,3.355637391119394,3.361514018376639,3.3262534141540527,3.3262534141540527,294800,0.0,0.0
2023-03-01 00:00:00-05:00,3.3262545860161126,3.3497616637795398,3.2968708789250645,3.3145010471343994,307400,0.0,0.0
2023-03-02 00:00:00-05:00,3.320377327395095,3.3262539556089505,3.2968702540868384,3.308623790740967,242300,0.0,0.0
2023-03-03 00:00:00-05:00,3.31450027219146,3.3732679528599174,3.31450027219146,3.355637788772583,333000,0.0,0.0
2023-03-06 00:00:00-05:00,3.355637464106634,3.373267626488208,3.3438839291101257,3.361514091491699,212300,0.0,0.0
2023-03-07 00:00:00-05:00,3.3850212381267966,3.3850212381267966,3.332130193710327,3.332130193710327,202100,0.0,0.0
2023-03-08 00:00:00-05:00,3.3321304560265586,3.3497606187357114,3.3262535483059184,3.343883991241455,193300,0.0,0.0
2023-03-09 00:00:00-05:00,3.3438837820884064,3.361513943694829,3.279239202336669,3.2909927368164062,468100,0.0,0.0
2023-03-10 00:00:00-05:00,3.2792400445427683,3.2968704909035784,3.144074223198017,3.155827760696411,759000,0.0,0.0
2023-03-13 00:00:00-04:00,3.1029365062713623,3.155827276790796,3.020661476171986,3.1029365062713623,734100,0.0,0.0
2023-03-14 00:00:00-04:00,3.2028419542379147,3.2263490295543202,3.149951174889223,3.179334878921509,510600,0.0,0.0
2023-03-15 00:00:00-04:00,3.1519530400916147,3.17020772264807,3.0302561235430336,3.1093592643737793,610900,0.185,0.0
2023-03-16 00:00:00-04:00,3.072849464012418,3.158037285486435,3.0545947857652807,3.115443229675293,285000,0.0,0.0
2023-03-17 00:00:00-04:00,3.109358906761927,3.1215285970171314,3.0363404750823975,3.0363404750823975,660100,0.0,0.0
2023-03-20 00:00:00-04:00,3.0545950128031802,3.1154434612358557,3.042425323116645,3.0485103130340576,298300,0.0,0.0
2023-03-21 00:00:00-04:00,3.085019478534482,3.1336982388023693,3.085019478534482,3.103273868560791,253000,0.0,0.0
2023-03-22 00:00:00-04:00,3.109359117502138,3.170207572902231,3.091104435807949,3.097189426422119,342800,0.0,0.0
2023-03-23 00:00:00-04:00,3.1641225822880608,3.1641225822880608,3.091104435807949,3.097189426422119,200400,0.0,0.0
2023-03-24 00:00:00-04:00,3.060680154523989,3.1458679865548738,3.060680154523989,3.1276133060455322,256700,0.0,0.0
2023-03-27 00:00:00-04:00,3.1519521779002595,3.1762915545521335,3.1397824895743223,3.1641218662261963,184000,0.0,0.0
2023-03-28 00:00:00-04:00,3.1641227479435967,3.2006321132433984,3.158038047159188,3.1702077388763428,306300,0.0,0.0
2023-03-29 00:00:00-04:00,3.1945462226867676,3.1945462226867676,3.1580371578167092,3.1945462226867676,155700,0.0,0.0
2023-03-30 00:00:00-04:00,3.1945470297740584,3.212801711895175,3.176292347652942,3.182377338409424,255000,0.0,0.0
2023-03-31 00:00:00-04:00,3.1945467757816948,3.224971146848462,3.188461785509019,3.212801456451416,180400,0.0,0.0
2023-04-03 00:00:00-04:00,3.249311470578775,3.255396172468899,3.1945477028257065,3.2188870906829834,393200,0.0,0.0
2023-04-04 00:00:00-04:00,3.2249714583269844,3.2614805330442898,3.15195301874404,3.206716775894165,385000,0.0,0.0
2023-04-05 00:00:00-04:00,3.1702086454605602,3.2067177310525232,3.139784262393047,3.145869255065918,181400,0.0,0.0
2023-04-06 00:00:00-04:00,3.182377283231945,3.182377283231945,3.1397832191200736,3.1580379009246826,98500,0.0,0.0
2023-04-10 00:00:00-04:00,3.1519535741970452,3.176292961631124,3.0789354118948093,3.1336991786956787,310500,0.0,0.0
2023-04-11 00:00:00-04:00,3.1458681907421937,3.1458681907421937,3.097189426422119,3.097189426422119,236000,0.0,0.0
2023-04-12 00:00:00-04:00,3.1154435201530317,3.145867890018879,3.060680060602119,3.072849750518799,353400,0.0,0.0
2023-04-13 00:00:00-04:00,3.0728510838819916,3.145869255065918,3.0606813886846704,3.145869255065918,341900,0.0,0.0
2023-04-14 00:00:00-04:00,3.158038030993212,3.17020772264807,3.091104581817324,3.1093592643737793,255300,0.0,0.0
2023-04-17 00:00:00-04:00,3.1336991786956787,3.145868872412718,3.1093597912616002,3.1336991786956787,337600,0.0,0.0
2023-04-18 00:00:00-04:00,3.1336982388023693,3.1336982388023693,3.0789344884268472,3.103273868560791,392400,0.0,0.0
2023-04-19 00:00:00-04:00,3.072850710110482,3.1641232679140847,3.072850710110482,3.1336991786956787,294500,0.0,0.0
2023-04-20 00:00:00-04:00,3.127613340297922,3.1397830307213264,3.09110426902771,3.09110426902771,185200,0.0,0.0
2023-04-21 00:00:00-04:00,3.109358858668426,3.1215285487353976,3.085019478534482,3.103273868560791,139000,0.0,0.0
2023-04-24 00:00:00-04:00,3.1032735408932903,3.139782607239298,3.097188841576423,3.115443229675293,142200,0.0,0.0
2023-04-25 00:00:00-04:00,3.1093589497369694,3.127613340297922,3.085019568890161,3.09110426902771,113500,0.0,0.0
2023-04-26 00:00:00-04:00,3.0971881731582473,3.115442557317556,3.036339452232005,3.042424440383911,593900,0.0,0.0
2023-04-27 00:00:00-04:00,3.0485102938604554,3.0728496730804427,2.9754918660522054,3.0545949935913086,725200,0.0,0.0
2023-04-28 00:00:00-04:00,3.0667648545949002,3.1397829963356587,3.0667648545949002,3.1276133060455322,491800,0.0,0.0
2023-05-01 00:00:00-04:00,3.121528431520418,3.133698121130412,3.042425303981315,3.0545949935913086,386800,0.0,0.0
2023-05-02 00:00:00-04:00,3.0728495657901904,3.085019254975273,2.8598795698288346,2.975491762161255,662100,0.0,0.0
2023-05-03 00:00:00-04:00,2.9815769525509186,3.030255712568355,2.9389828924615142,2.945067882537842,284000,0.0,0.0
2023-05-04 00:00:00-04:00,2.963322886646443,2.963322886646443,2.8598803550958176,2.8963897228240967,356200,0.0,0.0
2023-05-05 00:00:00-04:00,2.957237666766335,3.0241708188487997,2.9511526764961262,2.999831438064575,280400,0.0,0.0
2023-05-08 00:00:00-04:00,2.987661439840366,3.0120008181167957,2.9754917507021514,3.005916118621826,231900,0.0,0.0
2023-05-09 00:00:00-04:00,2.9815770102624994,2.9998314005482225,2.9633223298284737,2.969407320022583,272000,0.0,0.0
2023-05-10 00:00:00-04:00,3.0180869832852832,3.036341379028436,2.981577901650589,3.0120019912719727,262600,0.0,0.0
2023-05-11 00:00:00-04:00,3.0850188653573767,3.194546054190543,3.048509802412988,3.1884610652923584,1233400,0.0,0.0
2023-05-12 00:00:00-04:00,3.1945470297740584,3.2249714032598096,3.164122656288307,3.182377338409424,524000,0.0,0.0
2023-05-15 00:00:00-04:00,3.2067157265736883,3.2797338521148762,3.2006310278527086,3.249309778213501,579000,0.0,0.0
2023-05-16 00:00:00-04:00,3.2858194210436906,3.3223284902593853,3.273649731305126,3.3040738105773926,365300,0.0,0.0
2023-05-17 00:00:00-04:00,3.340582275300166,3.3953460142881156,3.328412587763759,3.383176326751709,534800,0.0,0.0
2023-05-18 00:00:00-04:00,3.371006908618958,3.450110029001473,3.371006908618958,3.4440250396728516,583600,0.0,0.0
2023-05-19 00:00:00-04:00,3.4744499442660324,3.4866196346602902,3.43794087308326,3.468364953994751,287500,0.0,0.0
2023-05-22 00:00:00-04:00,3.4622800350189205,3.4805344243822827,3.431855665882267,3.462280035018921,370300,0.0,0.0
2023-05-23 00:00:00-04:00,3.4440258116076787,3.468365194081008,3.4014320373535156,3.4014320373535156,285400,0.0,0.0
2023-05-24 00:00:00-04:00,3.377091628057624,3.4379400657396584,3.364921940521217,3.383176326751709,290400,0.0,0.0
2023-05-25 00:00:00-04:00,3.389262123202903,3.3953468233468778,3.3466680616018527,3.3710074424743652,378300,0.0,0.0
2023-05-26 00:00:00-04:00,3.3831775008317257,3.4196865761108626,3.358838117312301,3.413601875305176,411300,0.0,0.0
2023-05-30 00:00:00-04:00,3.4318564009541133,3.4561957854173917,3.3405835641426442,3.3649232387542725,354300,0.0,0.0
2023-05-31 00:00:00-04:00,3.364921877996222,3.364921877996222,3.27364907809503,3.3588368892669678,341800,0.0,0.0
2023-06-01 00:00:00-04:00,3.371007939795917,3.371007939795917,3.297989786406082,3.3649232387542725,420900,0.0,0.0
2023-06-02 00:00:00-04:00,3.3953460764771437,3.4136007531902246,3.346667325439918,3.40751576423645,434300,0.0,0.0
2023-06-05 00:00:00-04:00,3.419686741492783,3.419686741492783,3.358838279751486,3.3953473567962646,295800,0.0,0.0
2023-06-06 00:00:00-04:00,3.4075165020234635,3.4744499442660324,3.395346811629206,3.468364953994751,301500,0.0,0.0
2023-06-07 00:00:00-04:00,3.474449504929076,3.5596373269170543,3.450110127218225,3.5535526275634766,631800,0.0,0.0
2023-06-08 00:00:00-04:00,3.5596378412152103,3.590062212823636,3.5292137597550957,3.583977222442627,281100,0.0,0.0
2023-06-09 00:00:00-04:00,3.5900616041977003,3.5900616041977003,3.553552538545986,3.5657222270965576,286900,0.0,0.0
2023-06-12 00:00:00-04:00,3.608316318644863,3.6691650570552006,3.5778922395879817,3.6509103775024414,875400,0.0,0.0
2023-06-13 00:00:00-04:00,3.6630794378369327,3.6630794378369327,3.6265703751519687,3.638740062713623,461900,0.0,0.0
2023-06-14 00:00:00-04:00,3.6702194745397727,3.7457642297173193,3.645037889480591,3.645037889480591,333700,0.2,0.0
2023-06-15 00:00:00-04:00,3.632445057951714,3.6828081997997506,3.626149815314711,3.6576266288757324,265500,0.0,0.0
2023-06-16 00:00:00-04:00,3.6702180882636664,3.6828088760375977,3.6387412689228675,3.6828088760375977,450900,0.0,0.0
2023-06-20 00:00:00-04:00,3.682808481082823,3.682808481082823,3.607263762540864,3.6324453353881836,279300,0.0,0.0
2023-06-21 00:00:00-04:00,3.6387426433098815,3.657628682010182,3.5883791730033447,3.645037889480591,197800,0.0,0.0
2023-06-22 00:00:00-04:00,3.645036982694839,3.645036982694839,3.588378280312732,3.6198554039001465,184300,0.0,0.0
2023-06-23 00:00:00-04:00,3.5757879682859666,3.6198558871538298,3.5506063861295125,3.5569019317626953,348200,0.0,0.0
2023-06-26 00:00:00-04:00,3.5883773751150825,3.607263704540919,3.5757865888938656,3.594672918319702,161300,0.0,0.0
2023-06-27 00:00:00-04:00,3.5946723026090805,3.607263086673695,3.582081518544466,3.588376760482788,266600,0.0,0.0
2023-06-28 00:00:00-04:00,3.588377471360793,3.651331704343428,3.575786684801872,3.626150131225586,402700,0.0,0.0
2023-06-29 00:00:00-04:00,3.6576279091079553,3.7079910685839583,3.65133266426751,3.6891050338745117,311600,0.0,0.0
2023-06-30 00:00:00-04:00,3.726877218742254,3.7394680079871363,3.6828093062911194,3.707990884780884,404200,0.0,0.0
2023-07-03 00:00:00-04:00,3.7394673431844025,3.7772397042038763,3.7079902255741537,3.745762586593628,365000,0.0,0.0
2023-07-05 00:00:00-04:00,3.7457626810951297,3.7772397994995117,3.7142858628787963,3.7772397994995117,358300,0.0,0.0
2023-07-06 00:00:00-04:00,3.7772396025098276,3.7772396025098276,3.7079901257444985,3.7520580291748047,260600,0.0,0.0
2023-07-07 00:00:00-04:00,3.758353937208242,3.8213081818694477,3.752058692854973,3.7961266040802,226300,0.0,0.0
2023-07-10 00:00:00-04:00,3.8464904334423315,3.8464904334423315,3.802422514497797,3.8213088512420654,240500,0.0,0.0
2023-07-11 00:00:00-04:00,3.821308186326877,3.8716713419641198,3.821308186326877,3.8590805530548096,257900,0.0,0.0
2023-07-12 00:00:00-04:00,3.890557521119449,3.909443855285645,3.871671487141351,3.9094438552856445,304100,0.0,0.0
2023-07-13 00:00:00-04:00,3.9094438149165804,3.9283298486996605,3.865375902442569,3.915739059448242,346400,0.0,0.0
2023-07-14 00:00:00-04:00,3.915737528101894,3.9346238546871017,3.8842607173771833,3.903146743774414,555500,0.0,0.0
2023-07-17 00:00:00-04:00,3.884262834577994,3.9723983729105177,3.8716720433876333,3.9409215450286865,369900,0.0,0.0
2023-07-18 00:00:00-04:00,3.9346254360963013,3.9912841384362796,3.9283298913082603,3.972397804260254,417100,0.0,0.0
2023-07-19 00:00:00-04:00,3.997578804962587,4.016465136407536,3.959806442260742,3.959806442260742,451500,0.0,0.0
2023-07-20 00:00:00-04:00,3.997578561693295,4.010169348494375,3.9472154144889755,3.9786925315856934,452400,0.0,0.0
2023-07-21 00:00:00-04:00,4.010168690389726,4.022759475124546,3.9661010939118526,3.9975779056549072,275000,0.0,0.0
2023-07-24 00:00:00-04:00,4.016464770026432,4.060532372398052,3.9975784403042893,4.035350799560547,274200,0.0,0.0
2023-07-25 00:00:00-04:00,4.0353511788374945,4.06682829793688,4.003874359926165,4.022760391235352,413100,0.0,0.0
2023-07-26 00:00:00-04:00,4.047942449730978,4.110896695445971,4.041647205272333,4.085714817047119,377600,0.0,0.0
2023-07-27 00:00:00-04:00,4.098305231166641,4.117191261619294,4.054237326463717,4.060532569885254,310100,0.0,0.0
2023-07-28 00:00:00-04:00,4.110896305040072,4.136077880859375,4.085714429032706,4.136077880859375,571400,0.0,0.0
2023-07-31 00:00:00-04:00,4.154963493347168,4.180145066625367,4.136077463482535,4.154963493347168,447800,0.0,0.0
2023-08-01 00:00:00-04:00,4.142372706708069,4.186440610038932,4.123486676843436,4.154963493347168,359500,0.0,0.0
2023-08-02 00:00:00-04:00,4.1360773050165704,4.173849663486692,4.1171909756875,4.123486518859863,258000,0.0,0.0
2023-08-03 00:00:00-04:00,4.117191314697266,4.1423728890841325,4.073123409426226,4.117191314697266,285100,0.0,0.0
2023-08-04 00:00:00-04:00,4.1234869101039004,4.173850059509277,4.092009791631515,4.173850059509277,395100,0.0,0.0
2023-08-07 00:00:00-04:00,4.249395177193682,4.255690721546468,4.199032023123701,4.224213600158691,553100,0.0,0.0
2023-08-08 00:00:00-04:00,4.217916865285973,4.217916865285973,4.161258483043285,4.205326080322266,315800,0.0,0.0
2023-08-09 00:00:00-04:00,4.217917723887619,4.24309929894101,4.186440905164908,4.1927361488342285,254900,0.0,0.0
2023-08-10 00:00:00-04:00,4.299758008106047,4.45084775914859,4.261985645392425,4.356416702270508,1523600,0.0,0.0
2023-08-11 00:00:00-04:00,4.3753028213965015,4.41937072887471,4.293462850634201,4.306053638458252,564500,0.0,0.0
2023-08-14 00:00:00-04:00,4.387892535091879,4.387892535091879,4.268280230137771,4.293461799621582,588900,0.0,0.0
2023-08-15 00:00:00-04:00,4.2116217613220215,4.249394117454614,4.192735433161725,4.2116217613220215,629600,0.0,0.0
2023-08-16 00:00:00-04:00,4.2179181065156355,4.255690772710318,4.167554951840166,4.180145740509033,407900,0.0,0.0
2023-08-17 00:00:00-04:00,4.2179167382773475,4.236803065248205,4.123486003987005,4.129781246185303,549900,0.0,0.0
2023-08-18 00:00:00-04:00,4.161259075942222,4.16755431922703,4.104600385438774,4.14866828918457,673000,0.0,0.0
2023-08-21 00:00:00-04:00,4.15496419798809,4.161259742469317,4.104601042890598,4.110896587371826,240800,0.0,0.0
2023-08-22 00:00:00-04:00,4.1171916873965735,4.1360780199903875,4.041646957397461,4.041646957397461,364100,0.0,0.0
2023-08-23 00:00:00-04:00,4.035351459630145,4.123487279165973,4.035351459630145,4.098305702209473,296200,0.0,0.0
2023-08-24 00:00:00-04:00,4.110895395314436,4.148667750684511,4.0920090675354,4.0920090675354,180500,0.0,0.0
2023-08-25 00:00:00-04:00,4.110895017938349,4.123485801905885,4.0731223658477695,4.104599475860596,239600,0.0,0.0
2023-08-28 00:00:00-04:00,4.110895219402427,4.154962815354458,4.110895219402427,4.129781246185303,198400,0.0,0.0
2023-08-29 00:00:00-04:00,4.1423733183427895,4.167554895339129,4.136078074187743,4.161259651184082,338900,0.0,0.0
2023-08-30 00:00:00-04:00,4.154963728388236,4.205326877793613,4.154963728388236,4.173850059509277,209500,0.0,0.0
2023-08-31 00:00:00-04:00,4.1675543785095215,4.186440709008669,4.161259135135165,4.1675543785095215,302100,0.0,0.0
2023-09-01 00:00:00-04:00,4.199032118906941,4.243099729629353,4.192736574410549,4.236804485321045,339200,0.0,0.0
2023-09-05 00:00:00-04:00,4.217917466257635,4.217917466257635,4.142372745711727,4.14866828918457,405300,0.0,0.0
2023-09-06 00:00:00-04:00,4.154964695651865,4.167555485934308,4.066829163674761,4.073124408721924,254100,0.0,0.0
2023-09-07 00:00:00-04:00,4.079418811923471,4.154963532469378,4.054237238408168,4.14866828918457,256500,0.0,0.0
2023-09-08 00:00:00-04:00,4.154964106840959,4.173850439682252,4.123487285689573,4.161259651184082,372600,0.0,0.0
2023-09-11 00:00:00-04:00,4.192735952383026,4.236803856755678,4.161259135135165,4.1675543785095215,418400,0.0,0.0
2023-09-12 00:00:00-04:00,4.173850157026118,4.217917763691384,4.173850157026118,4.186440944671631,314900,0.0,0.0
2023-09-13 00:00:00-04:00,4.205328028812989,4.211623574305808,4.173851201913288,4.199032783508301,276900,0.0,0.0
2023-09-14 00:00:00-04:00,4.217916865285973,4.224212407861823,4.173849268006992,4.205326080322266,509700,0.0,0.0
2023-09-15 00:00:00-04:00,4.179327932605504,4.198827266693115,4.114330668865799,4.198827266693115,836200,0.21,0.0
2023-09-18 00:00:00-04:00,4.205326919834049,4.244325588767231,4.192327466833458,4.211826801300049,415300,0.0,0.0
2023-09-19 00:00:00-04:00,4.224825972799268,4.257324758101047,4.218326091766357,4.218326091766357,275000,0.0,0.0
2023-09-20 00:00:00-04:00,4.244325670750221,4.263824695662047,4.218326454315432,4.224826335906982,243100,0.0,0.0
2023-09-21 00:00:00-04:00,4.218327008904247,4.218327008904247,4.153329734100533,4.159829616546631,388800,0.0,0.0
2023-09-22 00:00:00-04:00,4.172828949322372,4.218326885387016,4.159829494742268,4.192327976226807,237600,0.0,0.0
2023-09-25 00:00:00-04:00,4.19232693931042,4.198826819958535,4.166328036580694,4.179327487945557,337600,0.0,0.0
2023-09-26 00:00:00-04:00,4.172829107282438,4.2053275899971885,4.133830742065863,4.1403303146362305,396200,0.0,0.0
2023-09-27 00:00:00-04:00,4.159828827098741,4.205326755861066,4.159828827098741,4.185827732086182,230700,0.0,0.0
2023-09-28 00:00:00-04:00,4.179327234282532,4.276823268567195,4.179327234282532,4.2378249168396,357800,0.0,0.0
2023-09-29 00:00:00-04:00,4.25082461797619,4.289822972002506,4.231325595928716,4.2768235206604,364600,0.0,0.0
2023-10-02 00:00:00-04:00,4.289823352035947,4.289823352035947,4.153328945886183,4.185827732086182,540900,0.0,0.0
2023-10-03 00:00:00-04:00,4.17932609641976,4.1923255434563975,4.068830951573974,4.114328861236572,616200,0.0,0.0
2023-10-04 00:00:00-04:00,4.127330208941687,4.146829543441874,4.003835250257585,4.036334037780762,429500,0.0,0.0
2023-10-05 00:00:00-04:00,4.042833245493245,4.062332578238597,4.010334770826164,4.029833793640137,215300,0.0,0.0
2023-10-06 00:00:00-04:00,4.010335325918853,4.075332594181026,3.9973358722664183,4.0428338050842285,211500,0.0,0.0
2023-10-09 00:00:00-04:00,4.03633369538129,4.101330954982562,4.029833814455472,4.081831932067871,200800,0.0,0.0
2023-10-10 00:00:00-04:00,4.114330178486552,4.1598284126471965,4.08833127608943,4.120830059051514,250700,0.0,0.0
2023-10-11 00:00:00-04:00,4.133829922111299,4.192327303367344,4.127330040898741,4.185827732086182,332600,0.0,0.0
2023-10-12 00:00:00-04:00,4.198827133711359,4.198827133711359,4.1403294432326145,4.153328895568848,261800,0.0,0.0
2023-10-13 00:00:00-04:00,4.166327840300191,4.198826622146978,4.140328938795303,4.17282772064209,376700,0.0,0.0
2023-10-16 00:00:00-04:00,4.192543734508941,4.31740008798344,4.185972199055941,4.284543037414551,516800,0.07,0.0
2023-10-17 00:00:00-04:00,4.2779708255884445,4.291113580105773,4.21882827358647,4.225399494171143,275700,0.0,0.0
2023-10-18 00:00:00-04:00,4.218828230341432,4.225399450858746,4.166257212810994,4.1793999671936035,288400,0.0,0.0
2023-10-19 00:00:00-04:00,4.185971320670506,4.185971320670506,4.107114791870117,4.107114791870117,215200,0.0,0.0
2023-10-20 00:00:00-04:00,4.1071145842037735,4.1136861179455275,4.034829279784354,4.06111478805542,252200,0.0,0.0
2023-10-23 00:00:00-04:00,4.05454359619916,4.074257570867227,3.9954010454990043,4.021686553955078,404000,0.0,0.0
2023-10-24 00:00:00-04:00,4.034829207653369,4.093971756879959,4.034829207653369,4.054543495178223,222700,0.0,0.0
2023-10-25 00:00:00-04:00,4.0414006268457054,4.067686133902591,3.975686859203491,3.9888296127319336,206400,0.0,0.0
2023-10-26 00:00:00-04:00,4.01511597988376,4.0479727140692665,4.001973223539951,4.008544445037842,185800,0.0,0.0
2023-10-27 00:00:00-04:00,4.001972056798948,4.015114809311099,3.949401046750347,3.9691150188446045,329400,0.0,0.0
2023-10-30 00:00:00-04:00,4.001972412185296,4.047971893388736,3.9822581249924185,4.034829139709473,273600,0.0,0.0
2023-10-31 00:00:00-04:00,4.041400813526108,4.120257338339306,4.034829279784354,4.06111478805542,376800,0.0,0.0
2023-11-01 00:00:00-04:00,4.08082890727998,4.13997145511962,4.061114620217446,4.0742573738098145,393900,0.0,0.0
2023-11-02 00:00:00-04:00,4.113686100970729,4.212256599906495,4.113686100970729,4.199113845825195,294100,0.0,0.0
2023-11-03 00:00:00-04:00,4.238543096674469,4.284542903362085,4.218829117628381,4.2582573890686035,452600,0.0,0.0
2023-11-06 00:00:00-05:00,4.277969599523623,4.284540818224986,4.212255532422625,4.271398067474365,472400,0.0,0.0
2023-11-07 00:00:00-05:00,4.251683802910563,4.258255334988007,4.199112799682595,4.231969833374023,299300,0.0,0.0
2023-11-08 00:00:00-05:00,4.245114227938622,4.284542495626681,4.2122571815245635,4.264828205108643,240400,0.0,0.0
2023-11-09 00:00:00-05:00,4.284541274113763,4.337112282709968,4.284541274113763,4.310826778411865,308000,0.0,0.0
2023-11-10 00:00:00-05:00,4.3305418887924345,4.389684128062828,4.323970354791286,4.383112907409668,384600,0.0,0.0
2023-11-13 00:00:00-05:00,4.337111857319871,4.396254392863781,4.337111857319871,4.369968891143799,314600,0.0,0.0
2023-11-14 00:00:00-05:00,4.40939784234924,4.461968854118564,4.383112336464579,4.402826309204102,581900,0.0,0.0
2023-11-15 00:00:00-05:00,4.402826028401439,4.422748140451326,4.343059058939255,4.349699974060059,412000,0.07,0.0
2023-11-16 00:00:00-05:00,4.369622736104154,4.402826683334832,4.289933642738097,4.336419105529785,510300,0.0,0.0
2023-11-17 00:00:00-05:00,4.396185733328987,4.449311795163392,4.356341186953183,4.376263618469238,568300,0.0,0.0
2023-11-20 00:00:00-05:00,4.389544514816094,4.389544514816094,4.343059058939255,4.349699974060059,392400,0.0,0.0
2023-11-21 00:00:00-05:00,4.356340916121589,4.36298183176618,4.309855456578309,4.3164963722229,266300,0.0,0.0
2023-11-22 00:00:00-05:00,4.3164970258847415,4.343060059173063,4.289933992596419,4.296574592590332,328100,0.0,0.0
2023-11-24 00:00:00-05:00,4.316495891582909,4.343058917890919,4.303214378428904,4.323136806488037,116700,0.0,0.0
2023-11-27 00:00:00-05:00,4.3164970258847415,4.362982492467473,4.289933992596419,4.296574592590332,303000,0.0,0.0
2023-11-28 00:00:00-05:00,4.316496237422033,4.316496237422033,4.263370180549535,4.283292293548584,288200,0.0,0.0
2023-11-29 00:00:00-05:00,4.283292293548584,4.309855321984833,4.263370180549535,4.283292293548584,285600,0.0,0.0
2023-11-30 00:00:00-05:00,4.303215675482448,4.309856275732901,4.283293241418395,4.289934158325195,299200,0.0,0.0
2023-12-01 00:00:00-05:00,4.303215675482448,4.309856275732901,4.263371124010689,4.289934158325195,329400,0.0,0.0
2023-12-04 00:00:00-05:00,4.283292319126878,4.3098553477217525,4.250088691711426,4.250088691711426,406500,0.0,0.0
2023-12-05 00:00:00-05:00,4.263370689479809,4.276652205283384,4.223526142069083,4.243448257446289,272400,0.0,0.0
2023-12-06 00:00:00-05:00,4.243447918694511,4.283292462924473,4.230166403951191,4.270010948181152,262700,0.0,0.0
2023-12-07 00:00:00-05:00,4.2766513521208935,4.349699832796047,4.263369838966889,4.323136806488037,367600,0.0,0.0
2023-12-08 00:00:00-05:00,4.336419105529785,4.343059704982135,4.303215158299107,4.336419105529785,294100,0.0,0.0
2023-12-11 00:00:00-05:00,4.329778671264648,4.336419588112348,4.190322584026391,4.329778671264648,482400,0.0,0.0
2023-12-12 00:00:00-05:00,4.32977754936013,4.349699978084712,4.316496035762496,4.343059062957764,205700,0.0,0.0
2023-12-13 00:00:00-05:00,4.343058704130559,4.40946626663208,4.289932654129342,4.40946626663208,381000,0.0,0.0
2023-12-14 00:00:00-05:00,4.436031071586059,4.4825165423174935,4.382905000268054,4.389545917510986,686100,0.0,0.0
2023-12-15 00:00:00-05:00,4.396256425418103,4.402968100669836,4.3559850937255,4.369409084320068,685600,0.07,0.0
2023-12-18 00:00:00-05:00,4.409679221922097,4.449950225587011,4.402967227955201,4.416390895843506,490900,0.0,0.0
2023-12-19 00:00:00-05:00,4.416393292203474,4.449952640156471,4.416393292203474,4.443240642547607,353500,0.0,0.0
2023-12-20 00:00:00-05:00,4.429815962234146,4.470086978612706,4.41639229010796,4.423104286193848,354800,0.0,0.0
2023-12-21 00:00:00-05:00,4.45666214354399,4.463374137878418,4.429814806297288,4.463374137878418,286400,0.0,0.0
2023-12-22 00:00:00-05:00,4.470087535901533,4.678154639820082,4.470087535901533,4.557341575622559,1080000,0.0,0.0
2023-12-26 00:00:00-05:00,4.55062895179196,4.6311709778300845,4.55062895179196,4.6177473068237305,293100,0.0,0.0
2023-12-27 00:00:00-05:00,4.617746603864279,4.644593941790018,4.604322934901409,4.631170272827148,314000,0.0,0.0
2023-12-28 00:00:00-05:00,4.6378829213238655,4.684865932583935,4.631171245455616,4.658018589019775,416900,0.0,0.0
2023-12-29 00:00:00-05:00,4.664731490633451,4.664731490633451,4.604325111763977,4.637884140014648,270200,0.0,0.0
2024-01-02 00:00:00-05:00,4.637883432755722,4.6647307792804105,4.584188739706345,4.651307106018066,478400,0.0,0.0
2024-01-03 00:00:00-05:00,4.651306593105945,4.684865932583935,4.611035577759706,4.658018589019775,460700,0.0,0.0
2024-01-04 00:00:00-05:00,4.6513057128076305,4.805678069108083,4.6513057128076305,4.738559722900391,683700,0.0,0.0
2024-01-05 00:00:00-05:00,4.718426495963854,4.798968547547952,4.718426495963854,4.7855448722839355,685700,0.0,0.0
2024-01-08 00:00:00-05:00,4.798966692599838,4.812390362675194,4.718424672147707,4.805678367614746,877700,0.0,0.0
2024-01-09 00:00:00-05:00,4.8123905695621945,4.832525915518086,4.751983891603414,4.765407562255859,583900,0.0,0.0
2024-01-10 00:00:00-05:00,4.765407548059124,4.812390555225491,4.751983877446669,4.798966884613037,466800,0.0,0.0
2024-01-11 00:00:00-05:00,4.798967323777112,4.798967323777112,4.678153957163571,4.745272636413574,439000,0.0,0.0
2024-01-12 00:00:00-05:00,4.758829116821289,4.792724040491115,4.731713307183807,4.758829116821289,408700,0.07,0.0
2024-01-16 00:00:00-05:00,4.745272073684585,4.779167003509306,4.691040444561836,4.711377143859863,381900,0.0,0.0
2024-01-17 00:00:00-05:00,4.6842622783704595,4.731715125090224,4.6842622783704595,4.724936008453369,274400,0.0,0.0
2024-01-18 00:00:00-05:00,4.745272558491344,4.758830467157193,4.677483015162104,4.7384934425354,363600,0.0,0.0
2024-01-19 00:00:00-05:00,4.738494548888572,4.758831578258695,4.704599930933189,4.7520527839660645,320100,0.0,0.0
2024-01-22 00:00:00-05:00,4.779167106860665,4.840177529320128,4.758830083876835,4.813061714172363,356700,0.0,0.0
2024-01-23 00:00:00-05:00,4.799504834385961,4.8537364762948965,4.799504834385961,4.8198418617248535,221200,0.0,0.0
2024-01-24 00:00:00-05:00,4.840178006824617,4.860515031814783,4.799504280090332,4.799504280090332,307900,0.0,0.0
2024-01-25 00:00:00-05:00,4.792724631517613,4.860514163970947,4.785945516649285,4.860514163970947,359100,0.0,0.0
2024-01-26 00:00:00-05:00,4.874073030322988,4.894409732440944,4.860515121162334,4.887630939483643,348500,0.0,0.0
2024-01-29 00:00:00-05:00,4.8808522990196455,4.907968119983948,4.8537364780553425,4.874073505401611,278200,0.0,0.0
2024-01-30 00:00:00-05:00,4.874073505401611,4.928305147330216,4.874073505401611,4.874073505401611,300200,0.0,0.0
2024-01-31 00:00:00-05:00,4.874072936625132,4.921525779398228,4.772388458251953,4.772388458251953,310500,0.0,0.0
2024-02-01 00:00:00-05:00,4.785946354791861,4.799504263656868,4.630030241221266,4.691040992736816,688600,0.0,0.0
2024-02-02 00:00:00-05:00,4.677483958455996,4.731715604056118,4.663926047055966,4.684262752532959,474500,0.0,0.0
2024-02-05 00:00:00-05:00,4.650368135655936,4.691041869856027,4.582578578655783,4.684262752532959,462400,0.0,0.0
2024-02-06 00:00:00-05:00,4.684262752532959,4.704599781256057,4.643589018332867,4.684262752532959,361200,0.0,0.0
2024-02-07 00:00:00-05:00,4.704598409456508,4.704598409456508,4.6164718494298125,4.6368088722229,419000,0.0,0.0
2024-02-08 00:00:00-05:00,4.670702979052637,4.677482093673059,4.541902710478404,4.582576751708984,478300,0.0,0.0
2024-02-09 00:00:00-05:00,4.643587566719259,4.670703381042752,4.508008495101794,4.562240123748779,686200,0.0,0.0
2024-02-12 00:00:00-05:00,4.5825781086093125,4.650367658656122,4.569019875353878,4.630030632019043,480500,0.0,0.0
2024-02-13 00:00:00-05:00,4.589355367460232,4.623250292773316,4.480892123651908,4.528344631195068,1036100,0.0,0.0
2024-02-14 00:00:00-05:00,4.5900032671583295,4.596854175299622,4.50779432947849,4.521495819091797,508500,0.07,0.0
2024-02-15 00:00:00-05:00,4.555749791259408,4.603704842463965,4.5351973931222505,4.583152770996094,704200,0.0,0.0
2024-02-16 00:00:00-05:00,4.583150706923592,4.590001285437887,4.5214938669492435,4.535195350646973,485500,0.0,0.0
2024-02-20 00:00:00-05:00,4.487240656830357,4.624255504060789,4.487240656830357,4.576300144195557,833600,0.0,0.0
2024-02-21 00:00:00-05:00,4.555748277035079,4.651658674235104,4.535195885729056,4.610554218292236,512700,0.0,0.0
2024-02-22 00:00:00-05:00,4.624255843943786,4.631106750143431,4.576300480553832,4.617404937744141,506200,0.0,0.0
2024-02-23 00:00:00-05:00,4.644808384824996,4.713315815672433,4.624255992236167,4.665360450744629,432100,0.0,0.0
2024-02-26 00:00:00-05:00,4.658509440790337,4.706464474620391,4.63795705009948,4.651658535003662,713600,0.0,0.0
2024-02-27 00:00:00-05:00,4.658509870994484,4.699614329502946,4.624255992236167,4.665360450744629,364600,0.0,0.0
2024-02-28 00:00:00-05:00,4.658510494211171,4.679062562880264,4.617405703534502,4.624256610870361,443900,0.0,0.0
2024-02-29 00:00:00-05:00,4.651659253169766,4.672211647033691,4.610554792111133,4.672211647033691,436700,0.0,0.0
2024-03-01 00:00:00-05:00,4.644808292388916,4.6585097782857305,4.617404993926095,4.644808292388916,549400,0.0,0.0
2024-03-04 00:00:00-05:00,4.658509580226838,4.699614036169705,4.596852732977947,4.610554218292236,680800,0.0,0.0
2024-03-05 00:00:00-05:00,4.596853733062744,4.631107617135282,4.590002825580537,4.596853733062744,408900,0.0,0.0
2024-03-06 00:00:00-05:00,4.596852732977947,4.651658674235104,4.596852732977947,4.610554218292236,630400,0.0,0.0
2024-03-07 00:00:00-05:00,4.610555122867885,4.651659586875312,4.610555122867885,4.624256610870361,340600,0.0,0.0
2024-03-08 00:00:00-05:00,4.651658872002727,4.6859127500793605,4.6311068064921015,4.644808292388916,316300,0.0,0.0
2024-03-11 00:00:00-04:00,4.644808720968822,4.685913182452006,4.62425632689262,4.658510208129883,445400,0.0,0.0
2024-03-12 00:00:00-04:00,4.651659253169766,4.692763714228398,4.6448086729946025,4.672211647033691,401200,0.0,0.0
2024-03-13 00:00:00-04:00,4.672211357163971,4.699614329502946,4.658509870994484,4.665360450744629,266300,0.0,0.0
2024-03-14 00:00:00-04:00,4.679062662833735,4.679062662833735,4.590002825580537,4.596853733062744,547500,0.0,0.0
2024-03-15 00:00:00-04:00,4.58993003992773,4.638390627637169,4.569160980828689,4.617621898651123,532800,0.07,0.0
2024-03-18 00:00:00-04:00,4.6037768873003575,4.6037768873003575,4.569161891937256,4.569161891937256,357400,0.0,0.0
2024-03-19 00:00:00-04:00,4.555315959814627,4.583007824059885,4.541470027691998,4.569161891937256,213700,0.0,0.0
2024-03-20 00:00:00-04:00,4.569160972148108,4.638390618825065,4.548392243201518,4.631467819213867,250500,0.0,0.0
2024-03-21 00:00:00-04:00,4.638390618825065,4.673005607220041,4.6176218898784755,4.631467819213867,352300,0.0,0.0
2024-03-22 00:00:00-04:00,4.652236556998866,4.652236556998866,4.596852839552081,4.617621898651123,347400,0.0,0.0
2024-03-25 00:00:00-04:00,4.6176218898784755,4.673005607220041,4.6176218898784755,4.631467819213867,218700,0.0,0.0
2024-03-26 00:00:00-04:00,4.6453141963987346,4.673006057739258,4.631468265728472,4.673006057739258,208800,0.0,0.0
2024-03-27 00:00:00-04:00,4.673006095335127,4.721467018127441,4.652237034106127,4.721467018127441,286100,0.0,0.0
2024-03-28 00:00:00-04:00,4.74915837367213,4.790696161591287,4.721466515059359,4.763004302978516,369700,0.0,0.0
2024-04-01 00:00:00-04:00,4.776850762053626,4.776850762053626,4.67300611568252,4.693775177001953,338700,0.0,0.0
2024-04-02 00:00:00-04:00,4.673006105478901,4.714543897914038,4.673006105478901,4.707621097564697,267200,0.0,0.0
2024-04-03 00:00:00-04:00,4.728388848609608,4.7699266324346565,4.728388848609608,4.749157905578613,335600,0.0,0.0
2024-04-04 00:00:00-04:00,4.790695689403661,4.804541617345344,4.7422347765512916,4.749157905578613,249200,0.0,0.0
2024-04-05 00:00:00-04:00,4.756081619330029,4.804542541503906,4.7491588190840615,4.804542541503906,266000,0.0,0.0
2024-04-08 00:00:00-04:00,4.797618857522335,4.811464786529541,4.742235141493509,4.811464786529541,414100,0.0,0.0
2024-04-09 00:00:00-04:00,4.818388472108867,4.832234402713829,4.790696610898945,4.804542541503906,349300,0.0,0.0
2024-04-10 00:00:00-04:00,4.797620825491416,4.839158629551712,4.769928956117885,4.818389892578125,545800,0.0,0.0
2024-04-11 00:00:00-04:00,4.804542521534569,4.846080313176808,4.797619391204351,4.8322343826293945,578000,0.0,0.0
2024-04-12 00:00:00-04:00,4.83223431932636,4.86020670611452,4.741324228993413,4.762303352355957,504500,0.07,0.0
2024-04-15 00:00:00-04:00,4.790275372675436,4.846220141971835,4.74132386626965,4.75531005859375,334500,0.0,0.0
2024-04-16 00:00:00-04:00,4.75531005859375,4.78328244324195,4.720344411054937,4.75531005859375,196700,0.0,0.0
2024-04-17 00:00:00-04:00,4.762303579075118,4.811255425013428,4.755310648773742,4.804262161254883,188100,0.0,0.0
2024-04-18 00:00:00-04:00,4.811255371799117,4.860206883738836,4.797269177893888,4.825241565704346,316400,0.0,0.0
2024-04-19 00:00:00-04:00,4.832234115426088,4.909158342576223,4.832234115426088,4.902165412902832,340200,0.0,0.0
2024-04-22 00:00:00-04:00,4.902165057354886,4.958109824512966,4.895171794731569,4.951116561889648,404200,0.0,0.0
2024-04-23 00:00:00-04:00,4.972096895399929,5.056014060974121,4.9511174372777935,5.056014060974121,545500,0.0,0.0
2024-04-24 00:00:00-04:00,5.0560132388621435,5.083985622838541,5.014054662897546,5.021047592163086,671300,0.0,0.0
2024-04-25 00:00:00-04:00,5.0000690795682,5.014055273258939,4.909158653849812,4.930138111114502,440500,0.0,0.0
2024-04-26 00:00:00-04:00,4.958110642506733,5.0280416129916095,4.95111737872966,4.986083030700684,350400,0.0,0.0
2024-04-29 00:00:00-04:00,4.9930752081866885,5.0560132388621435,4.9930752081866885,5.021047592163086,367500,0.0,0.0
2024-04-30 00:00:00-04:00,5.01405538869893,5.021048318976719,4.965103542925729,4.979089736938477,171000,0.0,0.0
2024-05-01 00:00:00-04:00,4.97908962230351,5.021048203375728,4.916151917423763,4.930138111114502,559600,0.0,0.0
2024-05-02 00:00:00-04:00,4.972096016302486,4.9860822080920055,4.937130370100129,4.951116561889648,207200,0.0,0.0
2024-05-03 00:00:00-04:00,4.965103879068335,5.000069533195998,4.923145294189453,4.923145294189453,313300,0.0,0.0
2024-05-06 00:00:00-04:00,4.965102935454009,5.021047704660254,4.951116743152448,5.014054775238037,480900,0.0,0.0
2024-05-07 00:00:00-04:00,5.069999513173227,5.069999513173227,4.9651029048299415,5.00706148147583,308800,0.0,0.0
2024-05-08 00:00:00-04:00,5.02804167244939,5.0700002552364865,5.00006928392466,5.056014060974121,325000,0.0,0.0
2024-05-09 00:00:00-04:00,5.069999599301921,5.188882401880073,5.049020143894016,5.167902946472168,689800,0.0,0.0
2024-05-10 00:00:00-04:00,5.153916316401956,5.153916316401956,4.993074950122113,5.090978622436523,760100,0.0,0.0
2024-05-13 00:00:00-04:00,5.09797135931033,5.153916122264322,5.069998977833334,5.111957550048828,734100,0.0,0.0
2024-05-14 00:00:00-04:00,5.133141138945778,5.196687698364258,5.097837420006352,5.196687698364258,302200,0.07,0.0
2024-05-15 00:00:00-04:00,5.2037465621458106,5.2178679778317525,5.168443191271508,5.175503730773926,278300,0.0,0.0
2024-05-16 00:00:00-04:00,5.1825654602284015,5.189626000893284,5.154322624206543,5.154322624206543,232400,0.0,0.0
2024-05-17 00:00:00-04:00,5.168444844002389,5.217869646367368,5.1543234238007924,5.2037482261657715,410400,0.0,0.0
2024-05-20 00:00:00-04:00,5.224928844208345,5.246110799356948,5.189625136719199,5.23198938369751,527600,0.0,0.0
2024-05-21 00:00:00-04:00,5.239051805077564,5.267294644726402,5.231990926824751,5.24611234664917,256200,0.0,0.0
2024-05-22 00:00:00-04:00,5.246111789085817,5.260233207409394,5.154322738323152,5.1684441566467285,288500,0.0,0.0
2024-05-23 00:00:00-04:00,5.175504833251968,5.203747670640099,5.119019158475708,5.12608003616333,298600,0.0,0.0
2024-05-24 00:00:00-04:00,5.140200830854515,5.239050749712928,5.140200830854515,5.224929332733154,253000,0.0,0.0
2024-05-28 00:00:00-04:00,5.22492969508924,5.253172531007467,5.196686859171014,5.210808277130127,208100,0.0,0.0
2024-05-29 00:00:00-04:00,5.189626819903887,5.217869660382941,5.17550539966436,5.196687698364258,182600,0.0,0.0
2024-05-30 00:00:00-04:00,5.217868570896287,5.253172282464327,5.2037471536053,5.23905086517334,204900,0.0,0.0
2024-05-31 00:00:00-04:00,5.2531721395319195,5.302597267046149,5.2531721395319195,5.288475513458252,339000,0.0,0.0
2024-06-03 00:00:00-04:00,5.330841050883548,5.366144431101394,5.295537333984506,5.337901592254639,707900,0.0,0.0
2024-06-04 00:00:00-04:00,5.337901378376067,5.352022797233628,5.274354825176448,5.302597999572754,320400,0.0,0.0
2024-06-05 00:00:00-04:00,5.344960915455916,5.443810822664086,5.281414378195829,5.429689407348633,822000,0.0,0.0
2024-06-06 00:00:00-04:00,5.42969059673501,5.450872556007598,5.37320492309988,5.40850830078125,415300,0.0,0.0
2024-06-07 00:00:00-04:00,5.408508640216699,5.457933776089921,5.4014480989097775,5.450872898101807,379400,0.0,0.0
2024-06-10 00:00:00-04:00,5.373205410437766,5.457933928575151,5.330841151369074,5.4014482498168945,515300,0.0,0.0
2024-06-11 00:00:00-04:00,5.3732042191249585,5.42262900873968,5.359082802566306,5.380264759063721,356500,0.0,0.0
2024-06-12 00:00:00-04:00,5.464994569901098,5.486176868162954,5.408508890111093,5.422630310058594,511600,0.0,0.0
2024-06-13 00:00:00-04:00,5.436751402532069,5.464994240725909,5.3520228879505485,5.373205184936523,566900,0.0,0.0
2024-06-14 00:00:00-04:00,5.351798057556152,5.387476847376456,5.308983713926682,5.351798057556152,342700,0.08,0.0
2024-06-17 00:00:00-04:00,5.337526609679662,5.373205399499966,5.273304924106378,5.351798057556152,359900,0.0,0.0
2024-06-18 00:00:00-04:00,5.3660689242585615,5.380340370589377,5.3089831389352975,5.323254585266113,259600,0.0,0.0
2024-06-20 00:00:00-04:00,5.3375261594392285,5.380340499457148,5.316118819301205,5.344661712646484,267100,0.0,0.0
2024-06-21 00:00:00-04:00,5.351797606111869,5.358933499577253,5.323254712766589,5.344661712646484,275600,0.0,0.0
2024-06-24 00:00:00-04:00,5.3803402609903594,5.387476154139468,5.344661475761047,5.373204708099365,669100,0.0,0.0
2024-06-25 00:00:00-04:00,5.366068468399986,5.387475806206672,5.308982687926277,5.316118240356445,260400,0.0,0.0
2024-06-26 00:00:00-04:00,5.308982687926277,5.316118240356445,5.280439797689422,5.316118240356445,279600,0.0,0.0
2024-06-27 00:00:00-04:00,5.316118819301205,5.366069052784509,5.316118819301205,5.344661712646484,207000,0.0,0.0
2024-06-28 00:00:00-04:00,5.373205948583823,5.408884401791924,5.358934499248944,5.387477397918701,355600,0.0,0.0
2024-07-01 00:00:00-04:00,5.416019046219673,5.4302904922597754,5.351797368910154,5.373204708099365,423200,0.0,0.0
2024-07-02 00:00:00-04:00,5.380339833775688,5.444561505985818,5.358932836544368,5.43742561340332,387200,0.0,0.0
2024-07-03 00:00:00-04:00,5.430290614680354,5.487376400127707,5.416019168318516,5.473104953765869,269100,0.0,0.0
2024-07-05 00:00:00-04:00,5.487376155576478,5.551597831471698,5.480240262584518,5.523054599761963,366800,0.0,0.0
2024-07-08 00:00:00-04:00,5.57300492957702,5.6586336054629545,5.565869376715581,5.630090713500977,1055900,0.0,0.0
2024-07-09 00:00:00-04:00,5.658634070196048,5.6729055173491245,5.544462492971435,5.558733940124512,666300,0.0,0.0
2024-07-10 00:00:00-04:00,5.6086838758744175,5.630090875332168,5.5801409830920035,5.622955322265625,505800,0.0,0.0
2024-07-11 00:00:00-04:00,5.672905977230163,5.737127664754287,5.55159883672417,5.56587028503418,932300,0.0,0.0
2024-07-12 00:00:00-04:00,5.6158203096733645,5.651499101375969,5.5730059637851435,5.587277412414551,847400,0.0,0.0
2024-07-15 00:00:00-04:00,5.544019929060129,5.5512291389702515,5.190759705432691,5.298900604248047,2420700,0.08,0.0
2024-07-16 00:00:00-04:00,5.298900929218469,5.327738458168383,5.212388342368726,5.270063400268555,943900,0.0,0.0
2024-07-17 00:00:00-04:00,5.241225459669215,5.291691303253174,5.197969169641722,5.291691303253174,774400,0.0,0.0
2024-07-18 00:00:00-04:00,5.277273779212185,5.284482990691209,5.190760835070284,5.197970390319824,528100,0.0,0.0
2024-07-19 00:00:00-04:00,5.205179137842817,5.205179137842817,5.147504076069343,5.1547136306762695,325700,0.0,0.0
2024-07-22 00:00:00-04:00,5.169132693491004,5.234017313604106,5.169132693491004,5.21238899230957,398000,0.0,0.0
2024-07-23 00:00:00-04:00,5.190760507864916,5.248435914914055,5.190760507864916,5.226807594299316,310200,0.0,0.0
2024-07-24 00:00:00-04:00,5.226806739351663,5.262853819889849,5.17634089535229,5.190759658813477,502100,0.0,0.0
2024-07-25 00:00:00-04:00,5.21238794015572,5.255644230242728,5.197969176793384,5.248435020446777,355400,0.0,0.0
2024-07-26 00:00:00-04:00,5.262854680733716,5.2700638917583,5.190760507864916,5.226807594299316,402700,0.0,0.0
2024-07-29 00:00:00-04:00,5.219597786403225,5.248435660414677,5.205179021282738,5.2340168952941895,359600,0.0,0.0
2024-07-30 00:00:00-04:00,5.248435810577817,5.270063786992108,5.2123887248600145,5.26285457611084,390600,0.0,0.0
2024-07-31 00:00:00-04:00,5.298901093041006,5.313319857961738,5.2412260333580765,5.255644798278809,443300,0.0,0.0
2024-08-01 00:00:00-04:00,5.255644988779849,5.270063754223218,5.133085310625975,5.1547136306762695,557300,0.0,0.0
2024-08-02 00:00:00-04:00,5.140294859349981,5.161922835605039,4.960060119628906,4.960060119628906,649100,0.0,0.0
2024-08-05 00:00:00-04:00,4.758197143894965,4.895175589753989,4.635637463717393,4.772615909576416,1044800,0.0,0.0
2024-08-06 00:00:00-04:00,4.823081821167031,4.9961070114904516,4.823081821167031,4.988897800445557,570800,0.0,0.0
2024-08-07 00:00:00-04:00,5.0465732154422245,5.068201537624576,4.90238554679494,4.916804313659668,537100,0.0,0.0
2024-08-08 00:00:00-04:00,4.996105513184653,5.024943036257001,4.859127106705802,4.967267990112305,463400,0.0,0.0
2024-08-09 00:00:00-04:00,4.981687384398537,5.039362437868843,4.931221884497237,4.996106147766113,542500,0.0,0.0
2024-08-12 00:00:00-04:00,5.0465713486313675,5.060990110162356,4.9961055113877135,5.010524272918701,405000,0.0,0.0
2024-08-13 00:00:00-04:00,5.010525187800902,5.068200588226318,5.0033159776042595,5.068200588226318,338700,0.0,0.0
2024-08-14 00:00:00-04:00,5.089829131834689,5.118666663387367,5.032154068729332,5.07541036605835,591000,0.0,0.0
2024-08-15 00:00:00-04:00,5.11866696107675,5.176342027536351,5.097038983039656,5.13308572769165,434800,0.0,0.0
2024-08-16 00:00:00-04:00,5.147667223618418,5.184123929724168,5.140376091003418,5.140376091003418,356400,0.08,0.0
2024-08-19 00:00:00-04:00,5.140376712726807,5.154959327397476,5.067463291696503,5.118502616882324,497300,0.0,0.0
2024-08-20 00:00:00-04:00,5.103919485294594,5.118502098488359,5.074754258907065,5.08933687210083,464600,0.0,0.0
2024-08-21 00:00:00-04:00,5.103920624824512,5.125794723337354,5.0674639098621075,5.0966291427612305,376200,0.0,0.0
2024-08-22 00:00:00-04:00,5.089338252139884,5.103920869287911,5.045590400695801,5.045590400695801,321100,0.0,0.0
2024-08-23 00:00:00-04:00,5.089337368294634,5.140376693287441,5.067463272532873,5.103919982910156,370000,0.0,0.0
2024-08-26 00:00:00-04:00,5.103919485294594,5.140376192117468,5.08933687210083,5.08933687210083,442800,0.0,0.0
2024-08-27 00:00:00-04:00,5.082046526311669,5.125794723337354,5.082046526311669,5.0966291427612305,392500,0.0,0.0
2024-08-28 00:00:00-04:00,5.082045828827437,5.09662844327561,5.052880599931089,5.060172080993652,272000,0.0,0.0
2024-08-29 00:00:00-04:00,5.082045828827437,5.082045828827437,5.052880599931089,5.060172080993652,241200,0.0,0.0
2024-08-30 00:00:00-04:00,5.082045291698835,5.154958703910335,5.067462678791919,5.140376091003418,244000,0.0,0.0
2024-09-03 00:00:00-04:00,5.125794078671919,5.162250441372245,5.074754753679112,5.103919982910156,483900,0.0,0.0
2024-09-04 00:00:00-04:00,5.082045391665486,5.133084711682124,5.0601716457133,5.08933687210083,468900,0.0,0.0
2024-09-05 00:00:00-04:00,5.1039199439743745,5.125794039569268,5.060172100461543,5.07475471496582,439000,0.0,0.0
2024-09-06 00:00:00-04:00,5.089337475150297,5.103920090071996,5.009132919242473,5.052880764007568,382300,0.0,0.0
2024-09-09 00:00:00-04:00,5.0674639098621075,5.147668474173196,5.0674639098621075,5.0966291427612305,468400,0.0,0.0
2024-09-10 00:00:00-04:00,5.125794078671919,5.125794078671919,5.074754753679112,5.103919982910156,316500,0.0,0.0
2024-09-11 00:00:00-04:00,5.1112114833854685,5.133085231552993,5.067463291696503,5.118502616882324,237000,0.0,0.0
2024-09-12 00:00:00-04:00,5.125794186293026,5.133085319915393,5.0455896303852015,5.052880764007568,681500,0.0,0.0
2024-09-13 00:00:00-04:00,5.096629289025489,5.125794870438614,5.074755537561909,5.111212253570557,441800,0.0,0.0
2024-09-16 00:00:00-04:00,5.133337503114028,5.184966023867518,5.118586547425962,5.177590370178223,333900,0.08,0.0
2024-09-17 00:00:00-04:00,5.170216023263245,5.199717940089206,5.125962796333713,5.133338451385498,385400,0.0,0.0
2024-09-18 00:00:00-04:00,5.133338037783,5.184966563913922,5.133338037783,5.170215606689453,289500,0.0,0.0
2024-09-19 00:00:00-04:00,5.1997173940202215,5.1997173940202215,5.140713214874268,5.140713214874268,390600,0.0,0.0
2024-09-20 00:00:00-04:00,5.125961780548096,5.148088389628144,5.118586478648426,5.125961780548096,438100,0.0,0.0
2024-09-23 00:00:00-04:00,5.1407137547466935,5.155464713159674,5.125962796333713,5.133338451385498,274600,0.0,0.0
2024-09-24 00:00:00-04:00,5.155464714090297,5.162840369143414,5.103836535480841,5.118587493896484,700900,0.0,0.0
2024-09-25 00:00:00-04:00,5.103835571577868,5.125961829177305,5.000578882169273,5.015329837799072,659000,0.0,0.0
2024-09-26 00:00:00-04:00,5.044831211651315,5.074333119768184,5.022704604718421,5.0374555587768555,363700,0.0,0.0
2024-09-27 00:00:00-04:00,5.066958491124582,5.118587016610493,5.05958318844977,5.1038360595703125,309000,0.0,0.0
2024-09-30 00:00:00-04:00,5.111211774510504,5.184966917350982,5.103836471240807,5.1554646492004395,965500,0.0,0.0
2024-10-01 00:00:00-04:00,5.155464168557701,5.1775907796851035,5.052207470574449,5.066958427429199,530700,0.0,0.0
2024-10-02 00:00:00-04:00,5.066958491124582,5.133337973650674,5.066958491124582,5.1038360595703125,301900,0.0,0.0
2024-10-03 00:00:00-04:00,5.162839412689209,5.170215066375931,5.125961847636647,5.162839412689209,465400,0.0,0.0
2024-10-04 00:00:00-04:00,5.192341327667236,5.192341327667236,5.13333750489451,5.192341327667236,605600,0.0,0.0
2024-10-07 00:00:00-04:00,5.1628398890813925,5.170215543448691,5.125962320626017,5.1480889320373535,391200,0.0,0.0
2024-10-08 00:00:00-04:00,5.155464171738117,5.162839826015319,5.133337912287619,5.140713214874268,357400,0.0,0.0
2024-10-09 00:00:00-04:00,5.125962796333713,5.1407137547466935,5.118587492972518,5.133338451385498,258600,0.0,0.0
2024-10-10 00:00:00-04:00,5.1333379749933155,5.155464234714095,5.111211363581978,5.1480889320373535,335500,0.0,0.0
2024-10-11 00:00:00-04:00,5.148088995007469,5.170215606689453,5.125962383325485,5.170215606689453,373800,0.0,0.0
2024-10-14 00:00:00-04:00,5.1628390028907996,5.192340911914936,5.148088048378732,5.18496561050415,379800,0.0,0.0
2024-10-15 00:00:00-04:00,5.184966022058851,5.199716977741771,5.155463759002487,5.162839412689209,582500,0.0,0.0
2024-10-16 00:00:00-04:00,5.170300982978774,5.22998729752612,5.170300982978774,5.207604885101318,373600,0.08,0.0
2024-10-17 00:00:00-04:00,5.222525268094346,5.229986189240362,5.192682295022882,5.200142860412598,369100,0.0,0.0
2024-10-18 00:00:00-04:00,5.200143038557341,5.222525447005858,5.185221551510434,5.215064525604248,321700,0.0,0.0
2024-10-21 00:00:00-04:00,5.215064525604248,5.222525447005858,5.16283949881823,5.215064525604248,642500,0.0,0.0
2024-10-22 00:00:00-04:00,5.215065151159251,5.22998699575237,5.192683095782286,5.2225260734558105,369900,0.0,0.0
2024-10-23 00:00:00-04:00,5.215065452072001,5.2225263747990605,5.185222472676516,5.207604885101318,205900,0.0,0.0
2024-10-24 00:00:00-04:00,5.207604433934033,5.244908332824707,5.200143511853359,5.244908332824707,297200,0.0,0.0
2024-10-25 00:00:00-04:00,5.252368421099672,5.259829342501282,5.200143038557341,5.215064525604248,372300,0.0,0.0
2024-10-28 00:00:00-04:00,5.222525922339033,5.267290387554035,5.222525922339033,5.244908332824707,295000,0.0,0.0
2024-10-29 00:00:00-04:00,5.222525268094346,5.237446754630078,5.200142860412598,5.200142860412598,282700,0.0,0.0
2024-10-30 00:00:00-04:00,5.20014277160255,5.229986099920639,5.132996261216662,5.147917747497559,334000,0.0,0.0
2024-10-31 00:00:00-04:00,5.140457507189945,5.207604382223869,5.140457507189945,5.170300483703613,340700,0.0,0.0
2024-11-01 00:00:00-04:00,5.177761322860876,5.200143377009821,5.118075370788574,5.118075370788574,507300,0.0,0.0
2024-11-04 00:00:00-05:00,5.11807471012233,5.147917682306203,4.953938007354736,4.953938007354736,767000,0.0,0.0
2024-11-05 00:00:00-05:00,5.006164101887472,5.043468000325827,4.976321125439323,5.013624668121338,547100,0.0,0.0
2024-11-06 00:00:00-05:00,5.140457090369712,5.215064525604248,5.036006681041363,5.215064525604248,485300,0.0,0.0
2024-11-07 00:00:00-05:00,5.222526097871873,5.2896729758294025,5.1926831200588275,5.259829998016357,482700,0.0,0.0
2024-11-08 00:00:00-05:00,5.274751816475468,5.289673306314246,5.237447914000334,5.252369403839111,469200,0.0,0.0
2024-11-11 00:00:00-05:00,5.1926829455290315,5.2896727980397085,5.1926829455290315,5.244908332824707,578700,0.0,0.0
2024-11-12 00:00:00-05:00,5.259829342501282,5.267289908146579,5.192682472912044,5.215064525604248,441200,0.0,0.0
2024-11-13 00:00:00-05:00,5.215065151159251,5.237447562292573,5.1777616069455235,5.2225260734558105,449600,0.0,0.0
2024-11-14 00:00:00-05:00,5.244907646699033,5.267289698500397,5.192682266235352,5.192682266235352,407200,0.0,0.0
2024-11-15 00:00:00-05:00,5.207778691648069,5.230421005845629,5.1700410214613415,5.222873687744141,467200,0.08,0.0
2024-11-18 00:00:00-05:00,5.237967679171723,5.320990321722505,5.2228726859709464,5.3058953285217285,1113900,0.0,0.0
2024-11-19 00:00:00-05:00,5.283252658774051,5.320990321722505,5.260609989026374,5.3058953285217285,601500,0.0,0.0
2024-11-20 00:00:00-05:00,5.313442279281085,5.320989955308237,5.215324650286107,5.2606096267700195,450400,0.0,0.0
2024-11-21 00:00:00-05:00,5.2606107579885775,5.275705753395843,5.222873449416953,5.237968444824219,268700,0.0,0.0
2024-11-22 00:00:00-05:00,5.2455157627633096,5.2757057535788885,5.237968445005954,5.268158435821533,344800,0.0,0.0
2024-11-25 00:00:00-05:00,5.283253431046015,5.2983484264532805,5.237968444824219,5.237968444824219,442400,0.0,0.0
2024-11-26 00:00:00-05:00,5.207778038375046,5.305895680638007,5.16249305576746,5.215325355529785,1082800,0.0,0.0
2024-11-27 00:00:00-05:00,5.207778027775594,5.207778027775594,5.0870177145081,5.094565391540527,1098800,0.0,0.0
2024-11-29 00:00:00-05:00,5.094565155149218,5.170040122506156,5.087017478467008,5.1096601486206055,672400,0.0,0.0
2024-12-02 00:00:00-05:00,5.124754894676551,5.124754894676551,4.988899959992935,5.064374923706055,1291200,0.0,0.0
2024-12-03 00:00:00-05:00,5.087017232873483,5.094564909191303,4.996447276417739,5.064374923706055,592600,0.0,0.0
2024-12-04 00:00:00-05:00,5.094564383599025,5.132302041508801,5.064374401228394,5.117207050323486,537900,0.0,0.0
2024-12-05 00:00:00-05:00,5.132303056916566,5.1624930452601765,5.0870177145081,5.094565391540527,378900,0.0,0.0
2024-12-06 00:00:00-05:00,5.102112076140034,5.192682023553732,5.094564400575736,5.177587032318115,474000,0.0,0.0
2024-12-09 00:00:00-05:00,5.185136017557413,5.2455160019417,5.177588699455925,5.222873687744141,548500,0.0,0.0
2024-12-10 00:00:00-05:00,5.215326009749557,5.253063679936284,5.200231013653485,5.222873687744141,236400,0.0,0.0
2024-12-11 00:00:00-05:00,5.245515102132635,5.245515102132635,5.200230121612549,5.200230121612549,307400,0.0,0.0
2024-12-12 00:00:00-05:00,5.207778454009688,5.2606107579885775,5.207778454009688,5.237968444824219,345700,0.0,0.0
2024-12-13 00:00:00-05:00,5.260610340737087,5.268158017788607,5.222873035158642,5.2455153465271,423300,0.0,0.0
2024-12-16 00:00:00-05:00,5.268421483814361,5.268421483814361,5.184432055028871,5.192067623138428,515100,0.08,0.0
2024-12-17 00:00:00-05:00,5.26842232047653,5.26842232047653,5.1997036529132235,5.222609996795654,800100,0.0,0.0
2024-12-18 00:00:00-05:00,5.222609242179914,5.276056763376301,5.138619812191963,5.146255016326904,467700,0.0,0.0
2024-12-19 00:00:00-05:00,5.1997036529132235,5.276057525714684,5.161526898554486,5.222609996795654,271400,0.0,0.0
2024-12-20 00:00:00-05:00,5.222609122513357,5.352410866588584,5.222609122513357,5.30659818649292,575600,0.0,0.0
2024-12-23 00:00:00-05:00,5.314234863982579,5.3218700695365655,5.230245418384728,5.283693313598633,335700,0.0,0.0
2024-12-24 00:00:00-05:00,5.298962884724006,5.352410767793117,5.276056545098982,5.344775199890137,149600,0.0,0.0
2024-12-26 00:00:00-05:00,5.352410256196315,5.3753162295480115,5.321868351587582,5.36768102645874,542400,0.0,0.0
2024-12-27 00:00:00-05:00,5.344774696822968,5.3982225748613955,5.329503926538258,5.337139129638672,428100,0.0,0.0
2024-12-30 00:00:00-05:00,5.306599059347606,5.398224070525929,5.27605751031616,5.35241174697876,513100,0.0,0.0
2024-12-31 00:00:00-05:00,5.3753174460932405,5.436400540967306,5.360046672374724,5.405858993530273,457300,0.0,0.0
2025-01-02 00:00:00-05:00,5.382952565222285,5.4440356549925575,5.382952565222285,5.413494110107422,567300,0.0,0.0
2025-01-03 00:00:00-05:00,5.436399874820162,5.482212190362117,5.436399874820162,5.4516706466674805,345200,0.0,0.0
2025-01-06 00:00:00-05:00,5.482212030909456,5.5203891414593125,5.466941259506296,5.505118370056152,504500,0.0,0.0
2025-01-07 00:00:00-05:00,5.528024345118939,5.5662014556687955,5.466941259506296,5.505118370056152,330400,0.0,0.0
2025-01-08 00:00:00-05:00,5.49748334131007,5.49748334131007,5.451671022608947,5.4898481369018555,369500,0.0,0.0
2025-01-10 00:00:00-05:00,5.482211859459315,5.497482630384899,5.421128775756978,5.428764343261719,362900,0.0,0.0
2025-01-13 00:00:00-05:00,5.4211297035217285,5.436400477060732,5.3829529517162,5.4211297035217285,351700,0.0,0.0
2025-01-14 00:00:00-05:00,5.4593062146330995,5.489847758327736,5.444035442785781,5.4516706466674805,421200,0.0,0.0
2025-01-15 00:00:00-05:00,5.513446807861328,5.521168899043045,5.467115365399755,5.513446807861328,318700,0.08,0.0
2025-01-16 00:00:00-05:00,5.513445825619214,5.575221071229143,5.505724104022727,5.55977725982666,248100,0.0,0.0
2025-01-17 00:00:00-05:00,5.3281202923033835,5.351285826187188,5.173681804170091,5.235457420349121,2259200,0.0,0.0
2025-01-21 00:00:00-05:00,5.281788776592003,5.359007835388184,5.25862287484839,5.359007835388184,1035900,0.0,0.0
2025-01-22 00:00:00-05:00,5.366730045989579,5.374452136677319,5.320398606491789,5.343564510345459,459100,0.0,0.0
2025-01-23 00:00:00-05:00,5.328119898526005,5.397616863250732,5.328119898526005,5.397616863250732,391100,0.0,0.0
2025-01-24 00:00:00-05:00,5.3898951419299825,5.397616863250732,5.343563709376999,5.397616863250732,600000,0.0,0.0
2025-01-27 00:00:00-05:00,5.374451349047028,5.420782781754908,5.359007538144401,5.366729259490967,338600,0.0,0.0
2025-01-28 00:00:00-05:00,5.366729527736684,5.436226864376944,5.366729527736684,5.405339241027832,366700,0.0,0.0
2025-01-29 00:00:00-05:00,5.428504880463913,5.428504880463913,5.274066402967752,5.351285457611084,544600,0.0,0.0
2025-01-30 00:00:00-05:00,5.351285235669177,5.428504655319368,5.351285235669177,5.420782566070557,363200,0.0,0.0
2025-01-31 00:00:00-05:00,5.443948245538529,5.490279674530029,5.405338537274212,5.490279674530029,466400,0.0,0.0
2025-02-03 00:00:00-05:00,5.420783278235415,5.5057244300842285,5.374451841284117,5.5057244300842285,453500,0.0,0.0
2025-02-04 00:00:00-05:00,5.490280649255932,5.5134461837596795,5.451670934136977,5.45939302444458,289800,0.0,0.0
2025-02-05 00:00:00-05:00,5.48255778192709,5.48255778192709,5.428504630272731,5.467113971710205,373700,0.0,0.0
2025-02-06 00:00:00-05:00,5.490280617767129,5.521168242401329,5.467114715186715,5.5057244300842285,283800,0.0,0.0
2025-02-07 00:00:00-05:00,5.536611547983106,5.552055358886719,5.490280115272265,5.552055358886719,369200,0.0,0.0
2025-02-10 00:00:00-05:00,5.559777080233777,5.567499169790333,5.4980018366193235,5.552055358886719,463900,0.0,0.0
2025-02-11 00:00:00-05:00,5.567500341504618,5.567500341504618,5.459393642427613,5.513446807861328,760900,0.0,0.0
2025-02-12 00:00:00-05:00,5.490281732054373,5.528891086578369,5.467115824772292,5.528891086578369,575300,0.0,0.0
2025-02-13 00:00:00-05:00,5.521167737079492,5.582942980693946,5.513445647522937,5.552055358886719,516400,0.0,0.0
2025-02-14 00:00:00-05:00,5.55977772584672,5.5983874416939425,5.544333913149739,5.575221538543701,527200,0.0,0.0
2025-02-18 00:00:00-05:00,5.59083846400752,5.6220721693221325,5.543987906035602,5.5830302238464355,448500,0.08,0.0
2025-02-19 00:00:00-05:00,5.590838040065252,5.622071743011475,5.55179609755003,5.622071743011475,426300,0.0,0.0
2025-02-20 00:00:00-05:00,5.606455398772476,5.622072251658494,5.58303030561102,5.614264011383057,285200,0.0,0.0
2025-02-21 00:00:00-05:00,5.622071252940597,5.637688103052402,5.583029313828625,5.59864616394043,275200,0.0,0.0
2025-02-24 00:00:00-05:00,5.6064552434504344,5.6064552434504344,5.543987833636969,5.575221538543701,356000,0.0,0.0
2025-02-25 00:00:00-05:00,5.606455316664826,5.606455316664826,5.559604758692908,5.5830302238464355,276900,0.0,0.0
2025-02-26 00:00:00-05:00,5.575221611350214,5.6220721693221325,5.559604758692908,5.5830302238464355,328700,0.0,0.0
2025-02-27 00:00:00-05:00,5.583030141161856,5.590838381207301,5.543987823929238,5.5517964363098145,350600,0.0,0.0
2025-02-28 00:00:00-05:00,5.559605000269536,5.676731586456299,5.559605000269536,5.676731586456299,574800,0.0,0.0
2025-03-03 00:00:00-05:00,5.684539521239027,5.73139007565836,5.590838040065252,5.622071743011475,600500,0.0,0.0
2025-03-04 00:00:00-05:00,5.59083930848205,5.598647922157732,5.5283718884173645,5.559605598449707,417000,0.0,0.0
2025-03-05 00:00:00-05:00,5.57522152878128,5.590838381207301,5.4893290266057315,5.5517964363098145,454000,0.0,0.0
2025-03-06 00:00:00-05:00,5.536178514436607,5.5674122132551025,5.504944815618112,5.528369903564453,371900,0.0,0.0
2025-03-07 00:00:00-05:00,5.54398755792473,5.6376886679850085,5.54398755792473,5.629880428314209,457300,0.0,0.0
2025-03-10 00:00:00-04:00,5.59864616394043,5.661113564387646,5.575220702605185,5.59864616394043,555800,0.0,0.0
2025-03-11 00:00:00-04:00,5.614263973851273,5.629880826632891,5.442478220918333,5.458095073699951,1155500,0.0,0.0
2025-03-12 00:00:00-04:00,5.53617886162439,5.53617886162439,5.419052297542201,5.48151969909668,647600,0.0,0.0
2025-03-13 00:00:00-04:00,5.473712689466942,5.51275463803978,5.395628047650934,5.403436660766602,558400,0.0,0.0
2025-03-14 00:00:00-04:00,5.506133375576369,5.529832824855048,5.435035781120268,5.514033317565918,551000,0.08,0.0
2025-03-17 00:00:00-04:00,5.521931963359134,5.577230418007832,5.5140323993749805,5.545631408691406,448700,0.0,0.0
2025-03-18 00:00:00-04:00,5.569331676780834,5.600930690765381,5.545632227947444,5.600930690765381,411600,0.0,0.0
2025-03-19 00:00:00-04:00,5.569329957389859,5.616728463733579,5.569329957389859,5.593029022216797,353600,0.0,0.0
2025-03-20 00:00:00-04:00,5.593030944420809,5.624629959509855,5.585131378993534,5.608830451965332,203100,0.0,0.0
2025-03-21 00:00:00-04:00,5.608829991281254,5.632529438996459,5.58513092025599,5.624629497528076,247200,0.0,0.0
2025-03-24 00:00:00-04:00,5.632527807487014,5.640427369977279,5.5851293024759245,5.61672830581665,365600,0.0,0.0
2025-03-25 00:00:00-04:00,5.616728524333871,5.656227091701542,5.608828584846427,5.640427589416504,250500,0.0,0.0
2025-03-26 00:00:00-04:00,5.648327115303674,5.687825679779053,5.640427176394707,5.687825679779053,252100,0.0,0.0
2025-03-27 00:00:00-04:00,5.679927825927734,5.711526837688089,5.664128320047557,5.679927825927734,286300,0.0,0.0
2025-03-28 00:00:00-04:00,5.664127918009193,5.672027482043605,5.569330889456799,5.577230453491211,404000,0.0,0.0
2025-03-31 00:00:00-04:00,5.569331152232711,5.585130657736906,5.506132753526006,5.553531646728516,427100,0.0,0.0
2025-04-01 00:00:00-04:00,5.569329957389859,5.616728463733579,5.529831013758503,5.593029022216797,469100,0.0,0.0
2025-04-02 00:00:00-04:00,5.561431194167637,5.585130640696585,5.529832183255656,5.537732124328613,354100,0.0,0.0
2025-04-03 00:00:00-04:00,5.466633885400341,5.585130358681891,5.427134935409857,5.545631408691406,531800,0.0,0.0
2025-04-04 00:00:00-04:00,5.466633224931206,5.482432727680551,5.071645279507735,5.08744478225708,1581700,0.0,0.0
2025-04-07 00:00:00-04:00,4.9294508545037985,5.008448768601209,4.621360270269804,4.78725528717041,1717400,0.0,0.0
2025-04-08 00:00:00-04:00,4.992648832963456,5.095345434441153,4.637159380080856,4.668758392333984,1237500,0.0,0.0
2025-04-09 00:00:00-04:00,4.621359901464367,5.119044912448668,4.518662922685396,5.063746452331543,1493500,0.0,0.0
2025-04-10 00:00:00-04:00,5.000547831710105,5.087445293915955,4.850452352150874,4.953149318695068,1066900,0.0,0.0
2025-04-11 00:00:00-04:00,4.937350222869371,5.008448186619468,4.779355166413523,4.889951705932617,592900,0.0,0.0
2025-04-14 00:00:00-04:00,5.016347135835065,5.024247076033882,4.897850669681977,4.945249557495117,593200,0.0,0.0
2025-04-15 00:00:00-04:00,4.937247783214464,5.129296133825973,4.937247783214464,5.081284046173096,585200,0.08,0.0
2025-04-16 00:00:00-04:00,5.049275509338981,5.073281741674001,4.937247315429829,4.9612531661987305,673200,0.0,0.0
2025-04-17 00:00:00-04:00,4.977258098501531,5.10529072494765,4.977258098501531,5.057278633117676,455700,0.0,0.0
2025-04-21 00:00:00-04:00,5.041273899742724,5.049275723149154,4.833221149249673,4.873231410980225,551600,0.0,0.0
2025-04-22 00:00:00-04:00,4.921243891111518,4.993261833814306,4.905239861447992,4.985260009765625,270900,0.0,0.0
2025-04-23 00:00:00-04:00,5.073282278405251,5.169306454772036,5.041274219616322,5.097288131713867,215300,0.0,0.0
2025-04-24 00:00:00-04:00,5.09728788259064,5.193312054264371,5.057278001842989,5.161303997039795,337700,0.0,0.0
2025-04-25 00:00:00-04:00,5.177308082580566,5.193312111368832,5.105290143816446,5.177308082580566,378300,0.0,0.0
2025-04-28 00:00:00-04:00,5.169306162803399,5.265330333746624,5.169306162803399,5.257328510284424,227300,0.0,0.0
2025-04-29 00:00:00-04:00,5.257328395485025,5.28133424691357,5.169306049926063,5.225320339202881,429200,0.0,0.0
2025-04-30 00:00:00-04:00,5.217318058013916,5.24132429065735,5.089285834758595,5.217318058013916,359800,0.0,0.0
2025-05-01 00:00:00-04:00,5.24132440532367,5.2493262286691245,5.09728776944417,5.129295825958252,640400,0.0,0.0
2025-05-02 00:00:00-04:00,5.161303845072463,5.241324367343953,5.161303845072463,5.225320339202881,245500,0.0,0.0
2025-05-05 00:00:00-04:00,5.281334285183206,5.281334285183206,5.129295825958252,5.129295825958252,635900,0.0,0.0
2025-05-06 00:00:00-04:00,5.121294059629266,5.169306144934917,5.073281974323614,5.145299911499023,572900,0.0,0.0
2025-05-07 00:00:00-04:00,5.16930608738392,5.16930608738392,5.081283741187129,5.129295825958252,382000,0.0,0.0
2025-05-08 00:00:00-04:00,5.145300100429283,5.2173184218152695,5.105290218655186,5.185310363769531,300000,0.0,0.0
2025-05-09 00:00:00-04:00,5.20931623484352,5.24132429065735,5.185310002200086,5.217318058013916,419500,0.0,0.0
2025-05-12 00:00:00-04:00,5.321344776515864,5.433372979155292,5.289336718618884,5.313342571258545,725700,0.0,0.0
2025-05-13 00:00:00-04:00,5.257329804843613,5.5854126604694665,5.169307435688054,5.489388465881348,1317400,0.0,0.0
2025-05-14 00:00:00-04:00,5.49738953777138,5.561405658721924,5.409367562247471,5.561405658721924,1057700,0.0,0.0
2025-05-15 00:00:00-04:00,5.5775959269915365,5.5775959269915365,5.42378699145936,5.431882381439209,475400,0.08,0.0
2025-05-16 00:00:00-04:00,5.464263365357045,5.520929939220447,5.431882576294945,5.512834548950195,319800,0.0,0.0
2025-05-19 00:00:00-04:00,5.480453227947188,5.601881368148796,5.439977052543513,5.585690975189209,390600,0.0,0.0
2025-05-20 00:00:00-04:00,5.577595845909127,5.60997663333892,5.561405452194231,5.593786239624023,298900,0.0,0.0
2025-05-21 00:00:00-04:00,5.415691511349914,5.504738863252155,5.310453766920849,5.318549156188965,742900,0.0,0.0
2025-05-22 00:00:00-04:00,5.375215337028149,5.399501118823089,5.286168371135315,5.318549156188965,620900,0.0,0.0
2025-05-23 00:00:00-04:00,5.261882253496179,5.3509295997148945,5.197120687522342,5.3347392082214355,365800,0.0,0.0
2025-05-27 00:00:00-04:00,5.3509307994456154,5.456168174743652,5.34283540887913,5.456168174743652,393800,0.0,0.0
2025-05-28 00:00:00-04:00,5.391406194212574,5.472358549832973,5.391406194212574,5.407596588134766,230100,0.0,0.0
2025-05-29 00:00:00-04:00,5.407596534194871,5.439977321716262,5.350930349037156,5.367120742797852,328700,0.0,0.0
2025-05-30 00:00:00-04:00,5.3671216113729585,5.42378780570111,5.342835823796967,5.391407012939453,327400,0.0,0.0
2025-06-02 00:00:00-04:00,5.391406203558843,5.456167779359877,5.350930411687917,5.431882381439209,476700,0.0,0.0
2025-06-03 00:00:00-04:00,5.43188156511741,5.456166959388386,5.399500782083188,5.4480719566345215,327000,0.0,0.0
2025-06-04 00:00:00-04:00,5.448072984249938,5.464263378820881,5.391406410246911,5.399501800537109,305000,0.0,0.0
2025-06-05 00:00:00-04:00,5.407596597509102,5.464263169339726,5.375215809608584,5.431882381439209,404800,0.0,0.0
2025-06-06 00:00:00-04:00,5.472358362278455,5.50473914901305,5.431882185855499,5.488548755645752,242600,0.0,0.0
2025-06-09 00:00:00-04:00,5.496643886851782,5.707119391519294,5.496643886851782,5.618072032928467,632500,0.0,0.0
2025-06-10 00:00:00-04:00,5.593786447354206,5.666643414781563,5.561405658721924,5.561405658721924,431100,0.0,0.0
2025-06-11 00:00:00-04:00,5.585691317107392,5.6180721050086975,5.561405533176692,5.569500923156738,188800,0.0,0.0
2025-06-12 00:00:00-04:00,5.553310654568578,5.58569144320086,5.520929865936297,5.561405658721924,285900,0.0,0.0
2025-06-13 00:00:00-04:00,5.520929405675333,5.545214802120229,5.464262837288213,5.472358226776123,395400,0.0,0.0
2025-06-16 00:00:00-04:00,5.529703178583496,5.562471758761556,5.423205097688657,5.431397438049316,415800,0.08,0.0
2025-06-17 00:00:00-04:00,5.439589222693144,5.505126381060294,5.365860114846237,5.447781562805176,392400,0.0,0.0
2025-06-18 00:00:00-04:00,5.52151048787435,5.5378951675560355,5.447781382468087,5.5133185386657715,293200,0.0,0.0
2025-06-20 00:00:00-04:00,5.464166287371516,5.55428008261599,5.464166287371516,5.546087741851807,331900,0.0,0.0
2025-06-23 00:00:00-04:00,5.505127457241538,5.529704091749772,5.39862974939213,5.455974578857422,368900,0.0,0.0
2025-06-24 00:00:00-04:00,5.488742404873028,5.529703326507485,5.447781873870871,5.464166164398193,334400,0.0,0.0
2025-06-25 00:00:00-04:00,5.455974244786162,5.513319461372539,5.447782294206583,5.488742828369141,268600,0.0,0.0
2025-06-26 00:00:00-04:00,5.496934704980901,5.562471866607666,5.488742364461407,5.562471866607666,272100,0.0,0.0
2025-06-27 00:00:00-04:00,5.5624720327478645,5.587048664408106,5.496934869163633,5.546087741851807,186400,0.0,0.0
2025-06-30 00:00:00-04:00,5.537896437778896,5.636202194623736,5.529704096058983,5.603433609008789,321700,0.0,0.0
2025-07-01 00:00:00-04:00,5.619817901816262,5.677162731326241,5.578856974481402,5.603433609008789,486000,0.0,0.0
2025-07-02 00:00:00-04:00,5.628009658946158,5.677162535674626,5.611625366703335,5.668970584869385,307600,0.0,0.0
2025-07-03 00:00:00-04:00,5.652586738668493,5.718123912811279,5.652586738668493,5.718123912811279,219400,0.0,0.0
2025-07-07 00:00:00-04:00,5.677162983655853,5.718123912811279,5.677162983655853,5.718123912811279,368600,0.0,0.0
2025-07-08 00:00:00-04:00,5.726314743412331,5.759083714702001,5.701738503235447,5.734507083892822,282800,0.0,0.0
2025-07-09 00:00:00-04:00,5.742699424373313,5.742699424373313,5.677161872426268,5.734507083892822,514200,0.0,0.0
2025-07-10 00:00:00-04:00,5.767275625234316,5.890157997177924,5.759083675441964,5.832812786102295,681900,0.0,0.0
2025-07-11 00:00:00-04:00,5.832812931202016,5.931118674949484,5.832812931202016,5.865581512451172,425500,0.0,0.0
2025-07-14 00:00:00-04:00,5.881966090870226,5.94750364720748,5.8655817994439925,5.931118965148926,840300,0.0,0.0
2025-07-15 00:00:00-04:00,5.931118477379016,5.980820541184233,5.9062676429748535,5.9062676429748535,419800,0.08,0.0
2025-07-16 00:00:00-04:00,5.906267633384206,5.997387886047363,5.897983758598342,5.997387886047363,434000,0.0,0.0
2025-07-17 00:00:00-04:00,5.9808213194374655,6.063658498222224,5.947686605922339,6.055374622344971,569500,0.0,0.0
2025-07-18 00:00:00-04:00,6.0553736570099455,6.088508365242806,6.022238948777086,6.03052282333374,381000,0.0,0.0
2025-07-21 00:00:00-04:00,6.047090563430049,6.05537404351855,5.989104622822918,6.005671977996826,380000,0.0,0.0
2025-07-22 00:00:00-04:00,6.030523400575115,6.088508948034554,6.0056721695232715,6.080225467681885,284600,0.0,0.0
2025-07-23 00:00:00-04:00,6.096792573108942,6.171345473210218,6.08850869809941,6.1133599281311035,547000,0.0,0.0
2025-07-24 00:00:00-04:00,6.129927895918177,6.154778733437129,6.1050766634022855,6.121644020080566,275200,0.0,0.0
2025-07-25 00:00:00-04:00,6.138210865197311,6.171345575792411,6.105076154602211,6.16306209564209,381300,0.0,0.0
2025-07-28 00:00:00-04:00,6.154778762890349,6.1630626387676015,6.038807265587407,6.055374622344971,433900,0.0,0.0
2025-07-29 00:00:00-04:00,6.071940654777999,6.071940654777999,5.922834476480831,6.013955116271973,523600,0.0,0.0
2025-07-30 00:00:00-04:00,6.030523358854739,6.063658070030019,5.914551474744344,5.922835350036621,347500,0.0,0.0
2025-07-31 00:00:00-04:00,5.997387750536867,6.063657562335743,5.955969562534061,5.989104270935059,320800,0.0,0.0
2025-08-01 00:00:00-04:00,5.9559698430375025,5.98082067801019,5.848281838164127,5.914551258087158,779900,0.0,0.0
2025-08-04 00:00:00-04:00,5.9394025802612305,5.972537290737137,5.906267869785325,5.9394025802612305,325700,0.0,0.0
2025-08-05 00:00:00-04:00,5.947685687935371,6.013955499734247,5.889700145732067,5.989104270935059,399000,0.0,0.0
2025-08-06 00:00:00-04:00,6.013955604212016,6.055373792934361,5.989104374981097,6.038806438446045,373200,0.0,0.0
2025-08-07 00:00:00-04:00,6.047090208135245,6.08850839613805,5.947685687935371,5.989104270935059,301500,0.0,0.0
2025-08-08 00:00:00-04:00,6.0222392082214355,6.055373917881774,5.997387978477733,6.0222392082214355,405500,0.0,0.0
2025-08-11 00:00:00-04:00,6.03052282333374,6.0553736570099455,5.989104240544226,6.03052282333374,599900,0.0,0.0
2025-08-12 00:00:00-04:00,6.038806880927785,6.088508948034554,5.881416804257889,6.080225467681885,799300,0.0,0.0
2025-08-13 00:00:00-04:00,6.1216436594390675,6.23761554435178,5.897984159960146,6.080225467681885,1297500,0.0,0.0
2025-08-14 00:00:00-04:00,6.05537458560259,6.138211368887775,6.05537458560259,6.096793174743652,608300,0.0,0.0
2025-08-15 00:00:00-04:00,6.080043731662182,6.088418239626458,5.954422917497559,5.971172332763672,473700,0.08,0.0
2025-08-18 00:00:00-04:00,5.971171594345997,5.97954610127465,5.920923354761547,5.962796688079834,454100,0.0,0.0
2025-08-19 00:00:00-04:00,5.937672996427643,6.029794572875056,5.937672996427643,5.987921237945557,382900,0.0,0.0
2025-08-20 00:00:00-04:00,5.996295609321536,6.029794436241069,5.912548542022705,5.912548542022705,456000,0.0,0.0
2025-08-21 00:00:00-04:00,5.904174263671253,5.946047599273956,5.887424849562666,5.937673091888428,383100,0.0,0.0
2025-08-22 00:00:00-04:00,5.946047503678532,6.029794572875056,5.946047503678532,5.987921237945557,372500,0.0,0.0
2025-08-25 00:00:00-04:00,5.979546331357142,6.021420065624166,5.971171824106252,5.987921237945557,292600,0.0,0.0
2025-08-26 00:00:00-04:00,5.987920730706985,6.013044649668924,5.962796412407553,6.004670143127441,253600,0.0,0.0
2025-08-27 00:00:00-04:00,5.996295237248467,6.013044649668924,5.954421905866071,6.004670143127441,350200,0.0,0.0
2025-08-28 00:00:00-04:00,6.029794692993164,6.029794692993164,5.97117194305655,6.029794692993164,330100,0.0,0.0
2025-08-29 00:00:00-04:00,6.038168967968355,6.054918380388813,5.97954582482801,6.004670143127441,660000,0.0,0.0
2025-09-02 00:00:00-04:00,5.9627970681865285,6.021420217774155,5.954422560724031,6.013045310974121,685200,0.0,0.0
2025-09-03 00:00:00-04:00,6.054919308798138,6.054919308798138,6.01304557165769,6.021420478820801,271000,0.0,0.0
2025-09-04 00:00:00-04:00,6.046543567516,6.063292980194092,6.029794154837909,6.063292980194092,296100,0.0,0.0
2025-09-05 00:00:00-04:00,6.071668395806817,6.105167223974611,6.02979466092831,6.046544075012207,502000,0.0,0.0
2025-09-08 00:00:00-04:00,6.054918473523795,6.096792204887773,6.013044742159818,6.063292980194092,496600,0.0,0.0
2025-09-09 00:00:00-04:00,6.046544139499184,6.0884178748242785,6.013045310974121,6.013045310974121,431500,0.0,0.0
2025-09-10 00:00:00-04:00,6.004671063832133,6.063293816623696,6.004671063832133,6.021420478820801,396600,0.0,0.0
2025-09-11 00:00:00-04:00,6.029794637321153,6.029794637321153,5.929298153211223,5.954422473907471,864500,0.0,0.0
2025-09-12 00:00:00-04:00,5.954422689879641,6.004670933757153,5.904174446002128,5.946047782897949,540700,0.0,0.0
2025-09-15 00:00:00-04:00,5.971459076857108,5.979929021324909,5.88675720884846,5.929108142852783,631200,0.08,0.0
2025-09-16 00:00:00-04:00,5.946048232117857,5.946048232117857,5.810525894165039,5.810525894165039,739400,0.0,0.0
2025-09-17 00:00:00-04:00,5.818994924606509,5.869815793358593,5.7512337662703965,5.759704113006592,575900,0.0,0.0
2025-09-18 00:00:00-04:00,5.827465491026408,5.878286361694336,5.759704330135836,5.878286361694336,479200,0.0,0.0
2025-09-19 00:00:00-04:00,5.886755637882137,5.895225983977943,5.793584254158265,5.869815349578857,618900,0.0,0.0
2025-09-22 00:00:00-04:00,5.844405560926732,5.844405560926732,5.734293476686369,5.759704113006592,806600,0.0,0.0
2025-09-23 00:00:00-04:00,5.77664440259062,5.86134585051076,5.759704113006592,5.759704113006592,299200,0.0,0.0
2025-09-24 00:00:00-04:00,5.759704799071101,5.818995617733416,5.641122353969651,5.66653299331665,469100,0.0,0.0
2025-09-25 00:00:00-04:00,5.7088839383193415,5.725824635049828,5.641122766951156,5.691943645477295,446900,0.0,0.0
2025-09-26 00:00:00-04:00,5.683473096543109,5.725824026088274,5.624181875957557,5.65806245803833,346200,0.0,0.0
2025-09-29 00:00:00-04:00,5.683472633361816,5.700412923021634,5.598771185062727,5.683472633361816,661900,0.0,0.0
2025-09-30 00:00:00-04:00,5.683472633361816,5.759704138775179,5.6411217072680895,5.683472633361816,636300,0.0,0.0
2025-10-01 00:00:00-04:00,5.615711848867738,5.717353593598497,5.573360919952393,5.573360919952393,646900,0.0,0.0
2025-10-02 00:00:00-04:00,5.564890688481869,5.615711558216927,5.531010108658497,5.581830978393555,466900,0.0,0.0
2025-10-03 00:00:00-04:00,5.598771617533965,5.63265219947067,5.547950744628906,5.547950744628906,453000,0.0,0.0
2025-10-06 00:00:00-04:00,5.632652139656198,5.632652139656198,5.556420629163933,5.573360919952393,377400,0.0,0.0
2025-10-07 00:00:00-04:00,5.590301302448666,5.63265223205877,5.437838682851407,5.471719264984131,978700,0.0,0.0
2025-10-08 00:00:00-04:00,5.471719692138955,5.573361446471885,5.471719692138955,5.52254056930542,589100,0.0,0.0
2025-10-09 00:00:00-04:00,5.522540171037112,5.522540171037112,5.3870178416999845,5.3954877853393555,713000,0.0,0.0
2025-10-10 00:00:00-04:00,5.420898612373376,5.497129723329818,5.361607389284218,5.403958320617676,749000,0.0,0.0
2025-10-13 00:00:00-04:00,5.429367950302046,5.590300905962692,5.420898007313785,5.55642032623291,473200,0.0,0.0
2025-10-14 00:00:00-04:00,5.522539890367122,5.632651979301552,5.505599600060931,5.615711688995361,584800,0.0,0.0
2025-10-15 00:00:00-04:00,5.572843551635742,5.658579524512018,5.555696357060486,5.572843551635742,342800,0.08,0.0
2025-10-16 00:00:00-04:00,5.581416915065803,5.615711301523423,5.469959954667868,5.504254341125488,464400,0.0,0.0
2025-10-17 00:00:00-04:00,5.4528133714628995,5.529975545214261,5.435666176315777,5.512828350067139,314400,0.0,0.0
2025-10-20 00:00:00-04:00,5.529974937438965,5.564269323964065,5.478533357651316,5.529974937438965,381000,0.0,0.0
2025-10-21 00:00:00-04:00,5.512827960884287,5.598564339388646,5.512827960884287,5.564269542694092,289200,0.0,0.0
2025-10-22 00:00:00-04:00,5.564270624611997,5.589991624928771,5.487108441304535,5.521402835845947,550400,0.0,0.0
2025-10-23 00:00:00-04:00,5.521402097471518,5.589990877381998,5.521402097471518,5.555696487426758,301000,0.0,0.0
2025-10-24 00:00:00-04:00,5.555696150136467,5.615711533325248,5.54712234875749,5.564269542694092,346600,0.0,0.0
2025-10-27 00:00:00-04:00,5.572843841495849,5.650006425508636,5.572843841495849,5.632859230041504,396400,0.0,0.0
2025-10-28 00:00:00-04:00,5.658580032828126,5.718595423643448,5.624285640596915,5.667153835296631,261900,0.0,0.0
2025-10-29 00:00:00-04:00,5.658578909858248,5.718594288763254,5.581416747061894,5.589990139007568,378600,0.0,0.0
2025-10-30 00:00:00-04:00,5.572843334193018,5.58999052809922,5.512827951110638,5.538548946380615,326600,0.0,0.0
2025-10-31 00:00:00-04:00,5.555695960162891,5.64143192691421,5.529974965726826,5.598564147949219,445000,0.0,0.0
2025-11-03 00:00:00-05:00,5.615711533325248,5.615711533325248,5.461386379074482,5.564269542694092,777200,0.0,0.0
2025-11-04 00:00:00-05:00,5.581417145452044,5.607137731946271,5.521401762263263,5.564269542694092,436700,0.0,0.0
2025-11-05 00:00:00-05:00,5.564269542694092,5.598564339388646,5.4785335730110845,5.564269542694092,565600,0.0,0.0
2025-11-06 00:00:00-05:00,5.572843682404378,5.615711874259116,5.538549292449138,5.555696487426758,287800,0.0,0.0
2025-11-07 00:00:00-05:00,5.572843862739662,5.589991058272159,5.444239691835238,5.469960689544678,1091000,0.0,0.0
2025-11-10 00:00:00-05:00,5.521401368156889,5.607137331720238,5.478533181964552,5.589990139007568,638000,0.0,0.0
2025-11-11 00:00:00-05:00,5.607137863077437,5.607137863077437,5.547122478485107,5.547122478485107,485300,0.0,0.0
2025-11-12 00:00:00-05:00,5.572843498554856,5.641432276202575,5.572843498554856,5.615711688995361,261300,0.0,0.0
2025-11-13 00:00:00-05:00,5.555696487426758,5.632859069236736,5.51282829557202,5.555696487426758,739300,0.0,0.0
2025-11-14 00:00:00-05:00,5.5556959317434575,5.589990318268557,5.469959965430709,5.529974937438965,415800,0.0,0.0
2025-11-17 00:00:00-05:00,5.538656476673903,5.5733815619105815,5.365030636534842,5.3910746574401855,678800,0.08,0.0
2025-11-18 00:00:00-05:00,5.38239362520846,5.451844215393066,5.338987472043247,5.451844215393066,499900,0.0,0.0
2025-11-19 00:00:00-05:00,5.451843763582207,5.4865688488188855,5.382393179153182,5.3910746574401855,406100,0.0,0.0
2025-11-20 00:00:00-05:00,5.4344820830602565,5.4518446284328945,5.3216253311602415,5.356350421905518,565600,0.0,0.0
2025-11-21 00:00:00-05:00,5.38239343455266,5.52129419604601,5.365030891110452,5.4778876304626465,329700,0.0,0.0
2025-11-24 00:00:00-05:00,5.417118255638449,5.573381552906726,5.417118255638449,5.547337532043457,620800,0.0,0.0
2025-11-25 00:00:00-05:00,5.113274036111088,5.278218413270246,4.991736226503811,5.234812259674072,2840400,0.0,0.0
2025-11-26 00:00:00-05:00,5.20876804397855,5.27821821833202,5.2000865652065205,5.260855674743652,850500,0.0,0.0
2025-11-28 00:00:00-05:00,5.260855969624414,5.304262538006197,5.226130880501273,5.269537448883057,659400,0.0,0.0
2025-12-01 00:00:00-05:00,5.217450028213252,5.269537664024566,5.104593276977539,5.104593276977539,1118300,0.0,0.0
2025-12-02 00:00:00-05:00,5.113273790182923,5.130636333577465,4.913604334167851,5.009098529815674,1587000,0.0,0.0
2025-12-03 00:00:00-05:00,4.974374524975653,5.017781099880978,4.922286883462729,4.983055591583252,1052300,0.0,0.0
2025-12-04 00:00:00-05:00,4.991735986421132,5.052505095279871,4.948329420956934,5.009098529815674,733900,0.0,0.0
2025-12-05 00:00:00-05:00,5.000417437733271,5.1306363055019135,5.000417437733271,5.0698676109313965,644400,0.0,0.0
2025-12-08 00:00:00-05:00,5.061186513616576,5.1740432605440665,5.061186513616576,5.130636692047119,879600,0.0,0.0
2025-12-09 00:00:00-05:00,5.147998962578139,5.226130616130672,5.1393178977143545,5.20008659362793,541800,0.0,0.0
2025-12-10 00:00:00-05:00,5.1827240499446665,5.2348120949501515,5.1653615062614024,5.20008659362793,640500,0.0,0.0
2025-12-11 00:00:00-05:00,5.182723661489141,5.217449160208616,5.139317512512207,5.139317512512207,472300,0.0,0.0
2025-12-12 00:00:00-05:00,5.13063731905605,5.2000875059740155,5.087231159210205,5.087231159210205,677700,0.0,0.0
2025-12-15 00:00:00-05:00,5.157642449851895,5.4040824627898,5.131237952908785,5.316068172454834,1365300,0.08,0.0
2025-12-16 00:00:00-05:00,5.298465073712405,5.386479360049445,5.289663854921312,5.307266712188721,660200,0.0,0.0
2025-12-17 00:00:00-05:00,5.298465314387841,5.368876746655814,5.298465314387841,5.316068172454834,552700,0.0,0.0
2025-12-18 00:00:00-05:00,5.33367024365191,5.351273099121975,5.2632588217716485,5.289663314819336,409100,0.0,0.0
2025-12-19 00:00:00-05:00,5.2632592061528145,5.298464919664054,5.148840427398682,5.148840427398682,1326300,0.0,0.0
2025-12-22 00:00:00-05:00,5.175244198884956,5.2104499074745005,5.131236853305449,5.14003849029541,694500,0.0,0.0
2025-12-23 00:00:00-05:00,5.148840471705273,5.184046185519463,5.087230682373047,5.087230682373047,595700,0.0,0.0
2025-12-24 00:00:00-05:00,5.087230701395392,5.166443347930908,5.087230701395392,5.166443347930908,324000,0.0,0.0
2025-12-26 00:00:00-05:00,5.140038990497955,5.2456561265447155,5.140038990497955,5.21925163269043,443700,0.0,0.0
2025-12-29 00:00:00-05:00,5.210450456109598,5.25445738663767,5.157641887664795,5.157641887664795,836200,0.0,0.0
2025-12-30 00:00:00-05:00,5.157642141732137,5.254457645474179,5.140039284716746,5.228053569793701,656000,0.0,0.0
2025-12-31 00:00:00-05:00,5.228053633097393,5.272060566326119,5.219251994640516,5.245656490325928,683700,0.0,0.0
2026-01-02 00:00:00-05:00,5.272060640606077,5.3688765665697025,5.236854925652983,5.324869632720947,721000,0.0,0.0
2026-01-05 00:00:00-05:00,5.316067582403644,5.377677788642382,5.316067582403644,5.342472076416016,483200,0.0,0.0
2026-01-06 00:00:00-05:00,5.35127388858882,5.360075527464938,5.254457959377738,5.316068172454834,559600,0.0,0.0
2026-01-07 00:00:00-05:00,5.298464933265511,5.324869428309327,5.184046154217659,5.210450649261475,569200,0.0,0.0
2026-01-08 00:00:00-05:00,5.192847637433694,5.3688762001866195,5.192847637433694,5.298464775085449,439900,0.0,0.0
2026-01-09 00:00:00-05:00,5.342472140623502,5.386479071592752,5.316067646293793,5.360074996948242,416700,0.0,0.0
2026-01-12 00:00:00-05:00,5.386479006856376,5.439287575195926,5.333670438516827,5.342472076416016,615900,0.0,0.0
2026-01-13 00:00:00-05:00,5.386479360049445,5.42168507458426,5.298465073712405,5.307266712188721,512400,0.0,0.0
2026-01-14 00:00:00-05:00,5.316067604848847,5.439287598161382,5.289663530410188,5.421684741973877,561700,0.0,0.0
2026-01-15 00:00:00-05:00,5.448089300546574,5.474493375297584,5.386479093318883,5.4392876625061035,763800,0.0,0.0
2026-01-16 00:00:00-05:00,5.42145348005662,5.448204260304782,5.367952344749522,5.385786056518555,675800,0.08,0.0
2026-01-20 00:00:00-05:00,5.269867420196533,5.278784489864813,5.189615919128437,5.269867420196533,1272600,0.0,0.0
2026-01-21 00:00:00-05:00,5.278783794058208,5.341201572751622,5.278783794058208,5.314451217651367,395300,0.0,0.0
2026-01-22 00:00:00-05:00,5.314452380928647,5.350119812329028,5.305535310483891,5.323369026184082,502100,0.0,0.0
2026-01-23 00:00:00-05:00,5.332285415319632,5.350119128741198,5.260950561633365,5.278784275054932,406400,0.0,0.0
2026-01-26 00:00:00-05:00,5.2877009191710815,5.305534632592648,5.198532352063248,5.278784275054932,603800,0.0,0.0
2026-01-27 00:00:00-05:00,5.260951052915556,5.278784768002485,5.216366552603582,5.225283622741699,674000,0.0,0.0
2026-01-28 00:00:00-05:00,5.234199797589369,5.2787842938970595,5.180698657133702,5.189615726470947,624200,0.0,0.0
2026-01-29 00:00:00-05:00,5.1806988626607104,5.234200005238858,5.15394850396628,5.216366291046143,543200,0.0,0.0
2026-01-30 00:00:00-05:00,5.216366295537416,5.243117079444165,5.145031438705134,5.198532581329346,490700,0.0,0.0
2026-02-02 00:00:00-05:00,5.1896159458490425,5.207449660088141,5.100446949464264,5.162865161895752,770100,0.0,0.0
2026-02-03 00:00:00-05:00,5.11828090911331,5.153948764490986,5.02019568868995,5.046946048736572,936900,0.0,0.0
2026-02-04 00:00:00-05:00,5.127197524175767,5.16286495119837,5.020195243107958,5.1539483070373535,651100,0.0,0.0
2026-02-05 00:00:00-05:00,5.136114840145541,5.136114840145541,4.966694341058522,5.020195484161377,813300,0.0,0.0
2026-02-06 00:00:00-05:00,5.038028924116473,5.073696350908968,4.975610714634973,5.064779281616211,508600,0.0,0.0
2026-02-09 00:00:00-05:00,5.0469458292392595,5.10936404194892,5.0023617560374625,5.073696613311768,765400,0.0,0.0
2026-02-10 00:00:00-05:00,4.966694627228428,5.118280995492608,4.734855901902068,4.779440402984619,1763200,0.0,0.0
2026-02-11 00:00:00-05:00,4.815107357322222,4.815107357322222,4.636769795827757,4.761606216430664,1204200,0.0,0.0
2026-02-12 00:00:00-05:00,4.7437719921876775,4.770522347159453,4.574351518339272,4.618935585021973,1222700,0.0,0.0
2026-02-13 00:00:00-05:00,4.610019899281681,4.654603975224682,4.529767967319239,4.601102828979492,935800,0.0,0.0
2026-02-17 00:00:00-05:00,4.646388992541327,4.66450355183079,4.564873259796165,4.610159873962402,889000,0.08,0.0
2026-02-18 00:00:00-05:00,4.6282744556173405,4.727904316248252,4.61921695998626,4.664503574371338,826500,0.0,0.0
2026-02-19 00:00:00-05:00,4.646388977276244,4.655446040948639,4.537701621896546,4.573930740356445,748500,0.0,0.0
2026-02-20 00:00:00-05:00,4.528644077160678,4.61015980875282,4.465242904601773,4.510529518127441,943100,0.0,0.0
2026-02-23 00:00:00-05:00,4.456185331038481,4.510529001918815,4.3837271031980345,4.438070774078369,1043500,0.0,0.0
2026-02-24 00:00:00-05:00,4.429013786535299,4.510529518127441,4.419956722961259,4.510529518127441,565900,0.0,0.0
2026-02-25 00:00:00-05:00,4.510529116356509,4.655445575714111,4.483357064284402,4.655445575714111,863900,0.0,0.0
2026-02-26 00:00:00-05:00,4.628274892268073,4.673561079040476,4.582988273610467,4.619217395782471,503900,0.0,0.0
2026-02-27 00:00:00-05:00,4.573930690686346,4.582987754260388,4.501472022668246,4.510529518127441,825400,0.0,0.0
2026-03-02 00:00:00-05:00,4.438071319466677,4.646388966050373,4.4018422010943095,4.601102352142334,929300,0.0,0.0
2026-03-03 00:00:00-05:00,4.537701603391739,4.610159840016052,4.483357494038347,4.5829877853393555,818100,0.0,0.0
2026-03-04 00:00:00-05:00,4.59204531467294,4.66450355183079,4.555816196094015,4.610159873962402,626200,0.0,0.0
2026-03-05 00:00:00-05:00,4.5920452995863945,4.673560600178588,4.555816181126495,4.573930740356445,439500,0.0,0.0
2026-03-06 00:00:00-05:00,4.528644499776268,4.528644499776268,4.410899639129639,4.410899639129639,682400,0.0,0.0
2026-03-09 00:00:00-04:00,4.347498424928293,4.401842101254253,4.2025815228405845,4.365612983703613,1327800,0.0,0.0
2026-03-10 00:00:00-04:00,4.383728039293168,4.492415404262784,4.311269795980091,4.419957160949707,992300,0.0,0.0
2026-03-11 00:00:00-04:00,4.4199566165032955,4.474300292294098,4.293154274439615,4.320326328277588,786900,0.0,0.0
2026-03-12 00:00:00-04:00,4.293154224250391,4.32938377290586,4.202581432324565,4.211638927459717,812600,0.0,0.0
2026-03-13 00:00:00-04:00,4.265982602615212,4.311269214520695,4.193524369074552,4.211638927459717,587400,0.0,0.0
2026-03-16 00:00:00-04:00,4.220854544913445,4.313012854736678,4.202422882948799,4.285365581512451,861500,0.08,0.0
2026-03-17 00:00:00-04:00,4.303797504508505,4.460466860432962,4.276149790161919,4.405171871185303,859700,0.0,0.0
2026-03-18 00:00:00-04:00,4.3775246230690295,4.543409608479665,4.3775246230690295,4.497330665588379,1192000,0.0,0.0
2026-03-19 00:00:00-04:00,4.432819146517904,4.515761850120223,4.386740208529791,4.423603534698486,858900,0.0,0.0
2026-03-20 00:00:00-04:00,4.432819100338336,4.442035151507255,4.165559768676758,4.165559768676758,1888400,0.0,0.0
2026-03-23 00:00:00-04:00,4.303797939437543,4.35909293427315,4.183991897570949,4.331445217132568,865300,0.0,0.0
2026-03-24 00:00:00-04:00,4.285365576806114,4.3037972387505175,4.202422878333552,4.2300705909729,696800,0.0,0.0
2026-03-25 00:00:00-04:00,4.257718343610433,4.313013335670182,4.230071067303326,4.248502731323242,512400,0.0,0.0
2026-03-26 00:00:00-04:00,4.174775598836742,4.285365570336204,4.156343936920166,4.156343936920166,681900,0.0,0.0
2026-03-27 00:00:00-04:00,4.1471285928065615,4.174776310114651,4.008890885157231,4.018106937408447,815500,0.0,0.0
2026-03-30 00:00:00-04:00,4.036538124084473,4.091833112701937,3.9535954214355225,4.036538124084473,711700,0.0,0.0
2026-03-31 00:00:00-04:00,4.091833333462487,4.165559988930104,4.054970005728679,4.137912273406982,946500,0.0,0.0
2026-04-01 00:00:00-04:00,4.147128327248659,4.165559991125276,4.027322292327881,4.027322292327881,978300,0.0,0.0
2026-04-02 00:00:00-04:00,3.953595635419946,4.1286966619085055,3.953595635419946,4.101048946380615,1104500,0.0,0.0
2026-04-06 00:00:00-04:00,4.082616851369736,4.193207262356975,4.082616851369736,4.17477560043335,764400,0.0,0.0
2026-04-07 00:00:00-04:00,4.156344376719416,4.211639368320129,4.137912273406982,4.137912273406982,450600,0.0,0.0
2026-04-08 00:00:00-04:00,4.257718829327101,4.322229880478936,4.165560498714182,4.19320821762085,767300,0.0,0.0
2026-04-09 00:00:00-04:00,4.16555976742397,4.193207481476907,4.1194803904842425,4.128696441650391,839000,0.0,0.0
2026-04-10 00:00:00-04:00,4.147128585018889,4.1932079672973215,4.110265254974365,4.110265254974365,565100,0.0,0.0
2026-04-13 00:00:00-04:00,4.082617065938507,4.193207482738011,4.054969791322762,4.165559768676758,470000,0.0,0.0
2026-04-14 00:00:00-04:00,4.211639621824929,4.29458189449565,4.211639621824929,4.23928689956665,584400,0.0,0.0
2026-04-15 00:00:00-04:00,4.248665730801828,4.37997094217164,4.248665730801828,4.333076000213623,693900,0.08,0.0
2026-04-16 00:00:00-04:00,4.314318399082951,4.370592064831728,4.295560510500025,4.323697566986084,637600,0.0,0.0
2026-04-17 00:00:00-04:00,4.389349697611386,4.501897469773201,4.389349697611386,4.464381694793701,794800,0.0,0.0
2026-04-20 00:00:00-04:00,4.426865523021202,4.483139633354836,4.379971027374268,4.379971027374268,354100,0.0,0.0
2026-04-21 00:00:00-04:00,4.398728704036921,4.436244477643878,4.286181383216054,4.304939270019531,459800,0.0,0.0
2026-04-22 00:00:00-04:00,4.342455100430245,4.398728761576796,4.333075933294167,4.351833820343018,382800,0.0,0.0
2026-04-23 00:00:00-04:00,4.351833607514224,4.379970660323093,4.2392862907253095,4.276802062988281,514800,0.0,0.0
2026-04-24 00:00:00-04:00,4.2674241065979,4.314318606700241,4.258044938243415,4.2674241065979,346000,0.0,0.0
2026-04-27 00:00:00-04:00,4.2392868311731995,4.314318385264582,4.2392868311731995,4.258044719696045,484800,0.0,0.0
2026-04-28 00:00:00-04:00,4.276802272147616,4.351833820343018,4.267423552234844,4.351833820343018,366400,0.0,0.0
2026-04-29 00:00:00-04:00,4.314318656921387,4.35183443632931,4.286182045977129,4.314318656921387,295000,0.0,0.0
2026-04-30 00:00:00-04:00,4.3143183164500964,4.455002701739157,4.3143183164500964,4.408107757568359,479000,0.0,0.0
2026-05-01 00:00:00-04:00,4.436244355447655,4.520655067349865,4.436244355447655,4.47376012802124,510900,0.0,0.0
2026-05-04 00:00:00-04:00,4.4362449095732,4.539413520648859,4.4362449095732,4.520655632019043,473000,0.0,0.0
2026-05-05 00:00:00-04:00,4.548792104633154,4.567549992699181,4.464381831947698,4.558171272277832,298400,0.0,0.0
2026-05-06 00:00:00-04:00,4.586307949403661,4.6144450055354636,4.455002730976366,4.5394134521484375,608800,0.0,0.0
2026-05-07 00:00:00-04:00,4.511276791817448,4.576929630402872,4.464382290447894,4.492518901824951,513200,0.0,0.0
2026-05-08 00:00:00-04:00,4.417486659557013,4.548791869223889,4.27680228273085,4.286181449890137,1267300,0.0,0.0
2026-05-11 00:00:00-04:00,4.248665637220887,4.26742352414627,3.8547495645645165,3.8828861713409424,1688700,0.0,0.0
2026-05-12 00:00:00-04:00,3.892265144936577,4.0329495134953985,3.892265144936577,4.014191627502441,968800,0.0,0.0
2026-05-13 00:00:00-04:00,4.192392016348596,4.192392016348596,3.9954344043585905,4.023571014404297,1039900,0.0,0.0
2026-05-14 00:00:00-04:00,4.061086516322708,4.070465683848744,3.967297077178955,3.967297077178955,615800,0.0,0.0
2026-05-15 00:00:00-04:00,3.9290582985031826,3.9672972709978285,3.9003788412099434,3.9099388122558594,940500,0.08,0.0
2026-05-18 00:00:00-04:00,3.8716998249676995,3.9672972558390422,3.843020367784043,3.8908193111419678,1018300,0.0,0.0
2026-05-19 00:00:00-04:00,3.852580526479917,3.871700013585631,3.6900644302368164,3.6900644302368164,1176500,0.0,0.0
2026-05-20 00:00:00-04:00,3.575347370675996,3.7378632327728956,3.5179889115555336,3.6613850593566895,2019000,0.0,0.0
2026-05-21 00:00:00-04:00,3.632705608963144,3.642265351568748,3.5179886976958965,3.5371081829071045,1704600,0.0,0.0
2026-05-22 00:00:00-04:00,3.5466682359147446,3.661385157221941,3.4510705735698193,3.6327059268951416,1881700,0.0,0.0
2026-05-26 00:00:00-04:00,3.6422654620178565,3.747422861790566,3.6327057191223604,3.6709446907043457,861600,0.0,0.0
2026-05-27 00:00:00-04:00,3.680504379362292,3.7952215203399744,3.680504379362292,3.737863063812256,811700,0.0,0.0
2026-05-28 00:00:00-04:00,3.6900641221169113,3.8239007486038337,3.6900641221169113,3.737863063812256,817000,0.0,0.0
2026-05-29 00:00:00-04:00,3.766542292076115,3.8239007486038337,3.7187435783030165,3.737863063812256,587300,0.0,0.0
2026-06-01 00:00:00-04:00,3.7187437191094346,3.804781407158741,3.709183975992845,3.766542434692383,594700,0.0,0.0
2026-06-02 00:00:00-04:00,3.747422852791236,3.8047813100264696,3.7187436241736194,3.7952215671539307,388400,0.0,0.0
2026-06-03 00:00:00-04:00,3.7761020189853944,3.7761020189853944,3.6709446212035943,3.7187435626983643,698100,0.0,0.0
2026-06-04 00:00:00-04:00,3.747422907849017,3.8716997949401692,3.728303421823033,3.8525803089141846,733200,0.0,0.0
2026-06-05 00:00:00-04:00,3.843020555004795,3.852580526479917,3.642265712472531,3.6900644302368164,766500,0.0,0.0
2026-06-08 00:00:00-04:00,3.690064273983073,3.7187437313494933,3.5944668425025226,3.642265558242798,681800,0.0,0.0
2026-06-09 00:00:00-04:00,3.6518252864557805,3.709183973031783,3.584907084693074,3.6231460571289062,615800,0.0,0.0
2026-06-10 00:00:00-04:00,3.6040264289812662,3.6709446281086753,3.5944666862487793,3.5944666862487793,598300,0.0,0.0
2026-06-11 00:00:00-04:00,3.6135863140199485,3.6422655433468223,3.5753473415841164,3.6231460571289062,648800,0.0,0.0
2026-06-12 00:00:00-04:00,3.6709448172455508,3.699624046920642,3.6231461011203985,3.680504560470581,675200,0.0,0.0
2026-06-15 00:00:00-04:00,3.72931738819496,3.8269436391949294,3.612166166305542,3.612166166305542,1072600,0.08,0.0
2026-06-16 00:00:00-04:00,3.6219289302825928,3.6902671461109064,3.5926411234990296,3.6219289302825928,757900,0.0,0.0
2026-06-17 00:00:00-04:00,3.59264100532582,3.651216616966211,3.514539957046509,3.514539957046509,1084100,0.0,0.0
2026-06-18 00:00:00-04:00,3.5047774664636266,3.573115914974188,3.3485758304595947,3.3485758304595947,2835700,0.0,0.0
2026-06-22 00:00:00-04:00,3.3485757989431346,3.3973888097349714,3.260712146759033,3.260712146759033,1254500,0.0,0.0
2026-06-23 00:00:00-04:00,3.24118682534414,3.387626085187863,3.24118682534414,3.368100881576538,555600,0.0,0.0
2026-06-24 00:00:00-04:00,3.3681009396479746,3.3681009396479746,3.289999891097302,3.299762725830078,495900,0.0,0.0
2026-06-25 00:00:00-04:00,3.2899999444590096,3.3095253814824614,3.221661729532711,3.231424331665039,1152800,0.0,0.0
2026-06-26 00:00:00-04:00,3.2509494684580824,3.3192879147248506,3.241186866528371,3.270474672317505,1923500,0.0,0.0
2026-06-29 00:00:00-04:00,3.2997627438542003,3.3876261620999992,3.2997627438542003,3.3583383560180664,385000,0.0,0.0
2026-06-30 00:00:00-04:00,3.368100967005496,3.42667657932519,3.368100967005496,3.3876261711120605,434100,0.0,0.0
2026-07-01 00:00:00-04:00,3.377863577890821,3.5047774049153304,3.377863577890821,3.4169139862060547,614600,0.0,0.0
2026-07-02 00:00:00-04:00,3.436439094216175,3.465726899633162,3.3290504743538887,3.368100881576538,743200,0.0,0.0
2026-07-06 00:00:00-04:00,3.387626239460603,3.4559644552123667,3.338813228209343,3.3485758304595947,658600,0.0,0.0
2026-07-07 00:00:00-04:00,3.3681010120833648,3.4071514208191354,3.280237359669085,3.2899999618530273,860400,0.0,0.0
2026-07-08 00:00:00-04:00,3.2704746871493313,3.329050531752034,3.250949483201361,3.299762725830078,543500,0.0,0.0
2026-07-09 00:00:00-04:00,3.3290506175913137,3.3290506175913137,3.2802373737039514,3.3192880153656006,515000,0.0,0.0
2026-07-10 00:00:00-04:00,3.3192879479088226,3.416913968181932,3.3192879479088226,3.3583383560180664,498600,0.0,0.0
2026-07-13 00:00:00-04:00,3.3778634735920123,3.4169138807014807,3.309525261150443,3.338813066482544,614500,0.0,0.0
2026-07-14 00:00:00-04:00,3.3485758077154792,3.3778636142673073,3.2899999618530273,3.2899999618530273,703300,0.0,0.0
2026-07-15 00:00:00-04:00,3.430000066757202,3.430000066757202,3.359999895095825,3.369999885559082,628000,0.08,0.0
2026-07-16 00:00:00-04:00,3.3499999046325684,3.4600000381469727,3.3399999141693115,3.440000057220459,549200,0.0,0.0
2026-07-17 00:00:00-04:00,3.440000057220459,3.4800000190734863,3.3299999237060547,3.3499999046325684,582800,0.0,0.0
2026-07-20 00:00:00-04:00,3.3399999141693115,3.369999885559082,3.190000057220459,3.2300000190734863,1237700,0.0,0.0
2026-07-21 00:00:00-04:00,3.2300000190734863,3.369999885559082,3.2300000190734863,3.3399999141693115,518700,0.0,0.0
2026-07-22 00:00:00-04:00,3.3399999141693115,3.3499999046325684,3.259999990463257,3.259999990463257,540600,0.0,0.0
2026-07-23 00:00:00-04:00,3.259999990463257,3.2799999713897705,3.2200000286102295,3.240000009536743,600000,0.0,0.0
2026-07-24 00:00:00-04:00,3.240000009536743,3.299999952316284,3.240000009536743,3.2899999618530273,452300,0.0,0.0
2026-07-27 00:00:00-04:00,3.3399999141693115,3.4100000858306885,3.3399999141693115,3.359999895095825,395400,0.0,0.0
2026-07-28 00:00:00-04:00,3.359999895095825,3.4100000858306885,3.3399999141693115,3.380000114440918,344100,0.0,0.0
2026-07-29 00:00:00-04:00,3.3499999046325684,3.440000057220459,3.3499999046325684,3.369999885559082,794500,0.0,0.0
2026-07-30 00:00:00-04:00,3.380000114440918,3.390000104904175,3.25,3.3299999237060547,537200,0.0,0.0
2026-07-31 00:00:00-04:00,3.319999933242798,3.380000114440918,3.2799999713897705,3.2899999618530273,584600,0.0,0.0
2026-08-03 00:00:00-04:00,3.3299999237060547,3.4200000762939453,3.3299999237060547,3.4100000858306885,525200,0.0,0.0
2026-08-04 00:00:00-04:00,3.390000104904175,3.5399999618530273,3.390000104904175,3.5199999809265137,643800,0.0,0.0
2026-08-05 00:00:00-04:00,3.549999952316284,3.549999952316284,3.440000057220459,3.4800000190734863,307000,0.0,0.0
2026-08-06 00:00:00-04:00,3.4800000190734863,3.684999942779541,3.494999885559082,3.619999885559082,771867,0.0,0.0
