Date,Open,High,Low,Close,Volume,Dividends,Stock Splits
2022-01-03 00:00:00-05:00,14.556615543675335,14.758424758911135,14.54784101167758,14.758424758911133,340200,0.0,0.0
2022-01-04 00:00:00-05:00,14.372354560873816,14.58293999401545,14.363581701932956,14.495196342468262,341400,0.0,0.0
2022-01-05 00:00:00-05:00,14.644359715848577,14.714554300779911,14.214417673947796,14.231965065002441,284400,0.0,0.0
2022-01-06 00:00:00-05:00,14.661906702742938,14.740875817810243,14.381128370757352,14.5039701461792,328700,0.0,0.0
2022-01-07 00:00:00-05:00,14.69700520990032,14.784748859300475,14.574165104882653,14.740876197814941,230000,0.0,0.0
2022-01-10 00:00:00-05:00,15.012881507864615,15.074301559676119,14.697005043038708,14.85494327545166,453000,0.0,0.0
2022-01-11 00:00:00-05:00,15.083074865414432,15.390176773071289,14.890038519908016,15.390176773071289,325600,0.0,0.0
2022-01-12 00:00:00-05:00,16.135993525736655,16.47819355902844,15.986829837781453,16.45186996459961,646600,0.0,0.0
2022-01-13 00:00:00-05:00,16.451870979149927,16.469420043184694,16.223738167410545,16.241287231445312,325300,0.0,0.0
2022-01-14 00:00:00-05:00,16.232513686111538,16.557164696204993,16.21496462101006,16.539615631103516,294000,0.0,0.0
2022-01-18 00:00:00-05:00,17.60130833675382,17.61885740122774,16.987106142304757,17.27665901184082,764500,0.0,0.0
2022-01-19 00:00:00-05:00,18.197961909866343,18.206736441510024,17.794343495681787,17.952280044555664,816600,0.0,0.0
2022-01-20 00:00:00-05:00,18.259383503609534,18.285707100769088,17.84699052286881,17.89086151123047,553800,0.0,0.0
2022-01-21 00:00:00-05:00,17.978604658496035,18.18041387702666,17.662728195703142,17.741697311401367,892600,0.0,0.0
2022-01-24 00:00:00-05:00,17.180139424084896,17.206463018640385,16.486968169831382,17.092395782470703,776700,0.0,0.0
2022-01-25 00:00:00-05:00,17.41704781648546,18.58403380247743,17.28543318282353,18.364675521850586,1002100,0.0,0.0
2022-01-26 00:00:00-05:00,18.627905232109853,18.952556231528334,18.417321478529317,18.557710647583008,715500,0.0,0.0
2022-01-27 00:00:00-05:00,19.30352942888127,19.364949482019995,18.706874615126317,18.86481285095215,476000,0.0,0.0
2022-01-28 00:00:00-05:00,19.285978875603245,19.34739892400154,18.50506396270361,18.882360458374023,410400,0.0,0.0
2022-01-31 00:00:00-05:00,19.47901757817681,19.672052278390556,19.224561148577276,19.584308624267578,578400,0.0,0.0
2022-02-01 00:00:00-05:00,20.119539965812503,20.80393666901735,20.119539965812503,20.66354751586914,852600,0.0,0.0
2022-02-02 00:00:00-05:00,20.242381545117762,20.277479672771406,19.908957700262324,20.093217849731445,499400,0.0,0.0
2022-02-03 00:00:00-05:00,19.49656358077739,19.751019992243812,19.435143529339534,19.557985305786133,333100,0.0,0.0
2022-02-04 00:00:00-05:00,19.79489001696,20.040571884337187,19.707146373355947,19.900182723999023,313700,0.0,0.0
2022-02-07 00:00:00-05:00,19.479015793545944,19.751019590192794,19.461466729614962,19.67205047607422,231200,0.0,0.0
2022-02-08 00:00:00-05:00,19.540435280581406,19.636951782278526,19.417593510175646,19.566757202148438,262500,0.0,0.0
2022-02-09 00:00:00-05:00,18.84726121806773,19.198234097873602,18.78584117329804,19.005199432373047,409600,0.0,0.0
2022-02-10 00:00:00-05:00,19.031526669564222,19.52288879536452,19.031526669564222,19.11927032470703,377800,0.0,0.0
2022-02-11 00:00:00-05:00,18.926230388840246,19.23333228729171,18.873584875085076,19.13681411743164,524500,0.0,0.0
2022-02-14 00:00:00-05:00,19.724695601538816,19.803664714084963,19.329851712378897,19.61063003540039,573700,0.0,0.0
2022-02-15 00:00:00-05:00,18.715648858192015,19.066621780395508,18.68055240275712,19.066621780395508,422600,0.0,0.0
2022-02-16 00:00:00-05:00,19.35617401959991,19.873859690567983,19.35617401959991,19.67205047607422,318500,0.0,0.0
2022-02-17 00:00:00-05:00,19.52288689198307,19.557985020046715,19.32107767632969,19.426368713378906,240500,0.0,0.0
2022-02-18 00:00:00-05:00,19.066620324654355,19.294753125061355,18.952554761236243,19.084169387817383,228300,0.0,0.0
2022-02-22 00:00:00-05:00,19.38249881379967,19.92650644072609,19.06662233779662,19.17191505432129,488600,0.0,0.0
2022-02-23 00:00:00-05:00,19.347398875866734,19.58430621073142,19.17191326281833,19.25965690612793,427300,0.0,0.0
2022-02-24 00:00:00-05:00,19.645726770101003,19.672050365849987,18.79461725706733,19.075395584106445,523900,0.0,0.0
2022-02-25 00:00:00-05:00,19.382498107908244,19.83876374028014,19.24210894003549,19.82121467590332,279200,0.0,0.0
2022-02-28 00:00:00-05:00,19.856310893847297,20.154638290405273,19.645727144554176,20.154638290405273,344400,0.0,0.0
2022-03-01 00:00:00-05:00,21.111040349480845,21.16368754152937,20.25993082754664,20.444190979003906,456600,0.0,0.0
2022-03-02 00:00:00-05:00,22.558805258211414,22.567579790452417,21.80421389476503,22.20783233642578,740600,0.0,0.0
2022-03-03 00:00:00-05:00,22.111315454505117,22.111315454505117,21.47078800032514,21.637500762939453,538300,0.0,0.0
2022-03-04 00:00:00-05:00,20.768841250111954,21.32162335892021,20.733743123294516,21.29530143737793,392300,0.0,0.0
2022-03-07 00:00:00-05:00,21.146137961883245,21.225107074459583,20.35644850969068,20.62845230102539,516600,0.0,0.0
2022-03-08 00:00:00-05:00,20.882906862726585,21.2689778907444,20.417868396331137,20.918004989624023,803300,0.0,0.0
2022-03-09 00:00:00-05:00,19.83876289932281,20.56703230438075,19.80366477205697,20.251155853271484,522000,0.0,0.0
2022-03-10 00:00:00-05:00,20.48806274927914,20.707421019242364,20.303800932253225,20.567031860351562,269900,0.0,0.0
2022-03-11 00:00:00-05:00,20.7688414065678,20.87413411424251,20.452964957114496,20.496837615966797,273800,0.0,0.0
2022-03-14 00:00:00-04:00,19.46146581792086,19.70714600716207,18.636678261082064,18.95255470275879,553600,0.0,0.0
2022-03-15 00:00:00-04:00,19.128041155269152,19.285979383060926,18.724422727419817,19.20701026916504,562600,0.0,0.0
2022-03-16 00:00:00-04:00,19.803664492139372,20.13709000216871,19.382497012327285,19.76856803894043,384600,0.0,0.0
2022-03-17 00:00:00-04:00,20.251156790016335,20.646002372167032,20.22483319334932,20.593355178833008,220700,0.0,0.0
2022-03-18 00:00:00-04:00,20.821487149642127,20.996974439814657,20.62845246930901,20.847810745239258,241600,0.0,0.0
2022-03-21 00:00:00-04:00,21.0145231726664,21.497110702686136,21.0145231726664,21.426916122436523,247200,0.0,0.0
2022-03-22 00:00:00-04:00,21.268976200414187,21.391816287651025,20.874132345622627,21.093490600585938,202000,0.0,0.0
2022-03-23 00:00:00-04:00,21.251427511925616,21.760338605443497,21.251427511925616,21.532207489013672,143800,0.0,0.0
2022-03-24 00:00:00-04:00,22.339446016215817,22.725517050432032,22.25170404470512,22.374544143676758,429200,0.0,0.0
2022-03-25 00:00:00-04:00,22.093766092231604,22.36576988914339,21.9095042679185,22.348220825195312,414500,0.0,0.0
2022-03-28 00:00:00-04:00,22.11131550195989,22.207832008041947,21.92705367476527,22.102540969848633,190400,0.0,0.0
2022-03-29 00:00:00-04:00,21.08471814371611,21.35672193802853,20.80393814394267,21.312850952148438,377200,0.0,0.0
2022-03-30 00:00:00-04:00,21.558529154170657,22.24292751608283,21.558529154170657,21.909502029418945,236400,0.0,0.0
2022-03-31 00:00:00-04:00,21.163687869987506,21.46201359503818,21.075944222115716,21.216333389282227,239300,0.0,0.0
2022-04-01 00:00:00-04:00,21.453240659787824,21.777889980110952,21.453240659787824,21.769115447998047,142400,0.0,0.0
2022-04-04 00:00:00-04:00,21.74279319566922,21.82176230991754,21.44446580263575,21.6638240814209,168700,0.0,0.0
2022-04-05 00:00:00-04:00,21.883183394171454,22.049894488954134,21.435692283477604,21.4532413482666,212800,0.0,0.0
2022-04-06 00:00:00-04:00,21.663825042038855,21.725245095050848,21.365497635776943,21.497112274169922,220100,0.0,0.0
2022-04-07 00:00:00-04:00,21.47956186881913,21.681371079997486,21.24265453035541,21.60240364074707,115400,0.0,0.0
2022-04-08 00:00:00-04:00,21.865631741160765,22.43596289072598,21.821760757952184,22.278024673461914,268400,0.0,0.0
2022-04-11 00:00:00-04:00,22.02357032559783,22.02357032559783,21.602402854919188,21.655048370361328,137200,0.0,0.0
2022-04-12 00:00:00-04:00,21.944602576387584,22.251704503722536,21.82176247488195,21.883182525634766,421500,0.0,0.0
2022-04-13 00:00:00-04:00,22.27802657693286,22.62900116687228,22.207831993659152,22.611452102661133,246300,0.0,0.0
2022-04-14 00:00:00-04:00,21.92705328731492,22.234155211498887,21.72524407303463,22.041120529174805,165500,0.0,0.0
2022-04-18 00:00:00-04:00,22.17273442742389,22.313123586934456,22.05866718933981,22.225379943847656,101900,0.0,0.0
2022-04-19 00:00:00-04:00,21.979699541328653,22.006023138078557,21.523435579326623,21.69892120361328,246100,0.0,0.0
2022-04-20 00:00:00-04:00,21.60240436915334,21.698920875300853,21.39181894548214,21.593629837036133,222900,0.0,0.0
2022-04-21 00:00:00-04:00,22.128861684498045,22.146410747762474,21.233881214432333,21.251428604125977,220500,0.0,0.0
2022-04-22 00:00:00-04:00,21.25142877885613,21.5409816308168,21.190008730496416,21.29530143737793,455500,0.0,0.0
2022-04-25 00:00:00-04:00,20.084441476836858,20.268703282987005,19.601853980830064,20.224830627441406,693000,0.0,0.0
2022-04-26 00:00:00-04:00,20.514384715656796,20.628451953487904,20.172186349305058,20.189735412597656,372000,0.0,0.0
2022-04-27 00:00:00-04:00,20.382771779412952,20.55825907975884,20.110767970090652,20.347675323486328,185800,0.0,0.0
2022-04-28 00:00:00-04:00,21.014525421463333,21.50588753579204,20.549485231563228,21.488338470458984,364500,0.0,0.0
2022-04-29 00:00:00-04:00,21.804213306933317,21.85685882538914,21.233882115211173,21.286527633666992,237200,0.0,0.0
2022-05-02 00:00:00-04:00,20.839036551339735,20.95310212030221,20.365221864332103,20.777616500854492,225000,0.0,0.0
2022-05-03 00:00:00-04:00,21.119813099422416,21.49710957608003,21.084716647922324,21.374269485473633,230100,0.0,0.0
2022-05-04 00:00:00-04:00,21.86563289857088,22.330673043623104,21.576080042783484,22.286800384521484,231200,0.0,0.0
2022-05-05 00:00:00-04:00,22.084989532315213,22.146409576922768,20.935552726396224,21.198781967163086,319700,0.0,0.0
2022-05-06 00:00:00-04:00,20.628451029534546,21.005747505572284,20.382769175154674,20.865358352661133,336300,0.0,0.0
2022-05-09 00:00:00-04:00,20.321351772201727,20.321351772201727,19.426369550846555,19.505338668823242,351300,0.0,0.0
2022-05-10 00:00:00-04:00,19.882633709697004,19.92650469482204,19.101718794189857,19.522886276245117,278400,0.0,0.0
2022-05-11 00:00:00-04:00,20.242380261368513,20.77761495914675,20.180960215440663,20.330123901367188,280300,0.0,0.0
2022-05-12 00:00:00-04:00,19.97915299790517,20.57580780083017,19.636952935303537,20.417869567871094,417100,0.0,0.0
2022-05-13 00:00:00-04:00,20.558257509919724,21.532208772683237,20.558257509919724,21.29530143737793,309200,0.0,0.0
2022-05-16 00:00:00-04:00,21.277752211870755,22.137636229497613,21.277752211870755,21.760339736938477,418800,0.0,0.0
2022-05-17 00:00:00-04:00,21.786663331851017,21.953376085822196,21.619950577879838,21.760339736938477,249800,0.0,0.0
2022-05-18 00:00:00-04:00,21.716469435418425,21.865633130806554,20.88290731291342,20.93555450439453,253800,0.0,0.0
2022-05-19 00:00:00-04:00,21.277752269398082,22.023570724895265,21.225106753001455,21.716468811035156,470500,0.0,0.0
2022-05-20 00:00:00-04:00,21.944601095885595,22.014795673948946,21.26897723604413,21.567304611206055,202700,0.0,0.0
2022-05-23 00:00:00-04:00,21.91827891951616,22.16396079541754,21.63750058909793,21.927053451538086,246900,0.0,0.0
2022-05-24 00:00:00-04:00,22.014794785073917,22.199054917461442,21.54975467819908,21.865631103515625,284500,0.0,0.0
2022-05-25 00:00:00-04:00,21.32162280845427,21.6199501844173,21.268977293158073,21.523433685302734,230000,0.0,0.0
2022-05-26 00:00:00-04:00,21.944601352655162,22.716741720386683,21.944601352655162,22.427188873291016,368000,0.0,0.0
2022-05-27 00:00:00-04:00,22.69042104306256,22.971199373992164,22.602677396254343,22.901004791259766,234000,0.0,0.0
2022-05-31 00:00:00-04:00,23.09404055476889,23.567855265536274,22.68164757113764,22.822036743164062,326200,0.0,0.0
2022-06-01 00:00:00-04:00,23.023844611064703,23.05894273878708,22.41841529642042,22.593902587890625,230400,0.0,0.0
2022-06-02 00:00:00-04:00,23.585399770582054,24.225927172334945,23.5590778500301,24.006568908691406,417900,0.0,0.0
2022-06-03 00:00:00-04:00,23.348493584249166,23.602948294004612,23.3309445219017,23.52397918701172,182900,0.0,0.0
2022-06-06 00:00:00-04:00,24.726063871159752,24.892776620974743,24.173280106772957,24.269798278808594,371400,0.0,0.0
2022-06-07 00:00:00-04:00,24.06798946693663,24.383865908848197,24.04166587225374,24.331218719482422,163600,0.0,0.0
2022-06-08 00:00:00-04:00,24.357541585790507,24.56812531624411,24.278572477674064,24.33999252319336,285100,0.0,0.0
2022-06-09 00:00:00-04:00,24.12940925526842,24.208378364898593,23.46255992593069,23.47133445739746,183300,0.0,0.0
2022-06-10 00:00:00-04:00,22.988745823395455,23.041391336064294,22.532480250743724,22.707965850830078,247100,0.0,0.0
2022-06-13 00:00:00-04:00,22.07621714876913,22.2868008965828,21.558531474471444,21.927053451538086,379600,0.0,0.0
2022-06-14 00:00:00-04:00,21.86563357662986,22.111315454505117,21.3654969623578,21.637500762939453,380300,0.0,0.0
2022-06-15 00:00:00-04:00,22.0235716819973,22.295575481033225,21.59362965333701,22.05866813659668,523500,0.0,0.0
2022-06-16 00:00:00-04:00,21.4181427395599,21.56730643978769,20.707422367213788,20.795166015625,314700,0.0,0.0
2022-06-17 00:00:00-04:00,21.225106076889315,21.32162257494686,20.075667569443837,20.286252975463867,576000,0.0,0.0
2022-06-21 00:00:00-04:00,21.90072804317775,21.9709242935444,21.540980627902286,21.68136978149414,337800,0.0,0.0
2022-06-22 00:00:00-04:00,20.347675859474457,20.435419511958703,19.970379325291887,19.98792839050293,313800,0.0,0.0
2022-06-23 00:00:00-04:00,20.180959716065118,20.30379980488115,19.34739766706024,19.628177642822266,332300,0.0,0.0
2022-06-24 00:00:00-04:00,19.917733278566917,20.40909537653611,19.891409681443754,20.347675323486328,354000,0.0,0.0
2022-06-27 00:00:00-04:00,20.084442104790625,20.55825675807312,20.075667573407163,20.46173858642578,283200,0.0,0.0
2022-06-28 00:00:00-04:00,20.330125646543394,20.567032992805157,19.952829133660778,20.110767364501953,281600,0.0,0.0
2022-06-29 00:00:00-04:00,21.067166988329475,21.067166988329475,20.286252136913493,20.382768630981445,364100,0.0,0.0
2022-06-30 00:00:00-04:00,20.014248068692858,20.27747899660507,19.6983732981973,20.233606338500977,320000,0.0,0.0
2022-07-01 00:00:00-04:00,19.26843299602929,19.277207529189035,18.575261612120435,19.02275276184082,294000,0.0,0.0
2022-07-05 00:00:00-04:00,18.89113463736981,18.926231089983208,18.136541660117896,18.44364356994629,418200,0.0,0.0
2022-07-06 00:00:00-04:00,18.29448037909125,18.32080230087554,17.504790927717195,18.08389663696289,347200,0.0,0.0
2022-07-07 00:00:00-04:00,19.25965762533048,19.803665221737145,19.25965762533048,19.759794235229492,361000,0.0,0.0
2022-07-08 00:00:00-04:00,19.37372264272246,19.557984462663597,19.171913432820443,19.479015350341797,161800,0.0,0.0
2022-07-11 00:00:00-04:00,18.970104434794308,19.075395470018822,18.794617144659007,18.987651824951172,117500,0.0,0.0
2022-07-12 00:00:00-04:00,18.68932505465994,18.908683337806515,18.56648495164054,18.715648651123047,229500,0.0,0.0
2022-07-13 00:00:00-04:00,17.969828948538336,18.2681563274956,17.715374227410535,18.066347122192383,400100,0.0,0.0
2022-07-14 00:00:00-04:00,17.074847277155875,17.074847277155875,16.416772453910635,16.8642635345459,471400,0.0,0.0
2022-07-15 00:00:00-04:00,17.22401019178586,17.355626489339528,16.9783300066366,17.250333786010742,388700,0.0,0.0
2022-07-18 00:00:00-04:00,17.75924655658282,17.890861192896885,17.390724570760895,17.452144622802734,248400,0.0,0.0
2022-07-19 00:00:00-04:00,17.785568964038106,18.004927234417746,17.732921774176024,17.952280044555664,130800,0.0,0.0
2022-07-20 00:00:00-04:00,17.79434382923098,17.94350752282799,17.680276589295772,17.8820858001709,161900,0.0,0.0
2022-07-21 00:00:00-04:00,17.71537643435204,18.013703850474258,17.636407313991985,17.99615478515625,195200,0.0,0.0
2022-07-22 00:00:00-04:00,18.101444195851656,18.241835032151247,17.724149366999878,17.794343948364258,118900,0.0,0.0
2022-07-25 00:00:00-04:00,18.23305926787618,18.426093935187925,18.162864691256384,18.338350296020508,194300,0.0,0.0
2022-07-26 00:00:00-04:00,17.925960540771484,18.145318840734777,17.82066782041786,17.925960540771484,214900,0.0,0.0
2022-07-27 00:00:00-04:00,18.285707664599244,18.75952071308443,18.11899489125678,18.636680603027344,249200,0.0,0.0
2022-07-28 00:00:00-04:00,18.803390996241,18.8911346381342,18.399770912960587,18.619129180908203,155900,0.0,0.0
2022-07-29 00:00:00-04:00,18.434871394063595,18.584035102265357,18.30325675119639,18.46119499206543,213800,0.0,0.0
2022-08-01 00:00:00-04:00,18.32080071442842,18.329575245453643,18.013700496398947,18.189186096191406,199500,0.0,0.0
2022-08-02 00:00:00-04:00,17.706599618927065,17.759245134522956,17.390723178210184,17.42582130432129,187700,0.0,0.0
2022-08-03 00:00:00-04:00,17.74169760381479,17.820666720814557,17.390724680244098,17.539888381958008,211600,0.0,0.0
2022-08-04 00:00:00-04:00,17.741696920791487,17.838215098646742,17.5749858344953,17.68027687072754,228400,0.0,0.0
2022-08-05 00:00:00-04:00,17.18891262269188,17.882083823193543,17.15381449933958,17.750469207763672,128900,0.0,0.0
2022-08-08 00:00:00-04:00,18.197962421608633,18.276931535051645,18.01370227262216,18.101444244384766,200400,0.0,0.0
2022-08-09 00:00:00-04:00,18.19796198211036,18.452418380074885,18.136541933931557,18.24183464050293,113500,0.0,0.0
2022-08-10 00:00:00-04:00,18.785842558754553,18.96132984838503,18.73319704129374,18.856037139892578,170600,0.0,0.0
2022-08-11 00:00:00-04:00,18.943781846511296,19.268431174882284,18.943781846511296,19.11049461364746,168400,0.0,0.0
2022-08-12 00:00:00-04:00,19.373723031262752,19.575532245212056,19.277204853473584,19.540435791015625,122600,0.0,0.0
2022-08-15 00:00:00-04:00,19.09294313489745,19.39127050212793,18.917455857619267,19.13681411743164,289900,0.0,0.0
2022-08-16 00:00:00-04:00,19.215786043290176,19.38249881379967,19.15436598930535,19.17191505432129,270100,0.0,0.0
2022-08-17 00:00:00-04:00,17.978605958884955,18.075124145846345,17.689053071571795,17.83821678161621,281300,0.0,0.0
2022-08-18 00:00:00-04:00,17.72414807182655,17.908408206854375,17.60130630823729,17.697824478149414,447800,0.0,0.0
2022-08-19 00:00:00-04:00,17.311754049720804,17.329303112757795,17.022201203893502,17.092395782470703,254200,0.0,0.0
2022-08-22 00:00:00-04:00,17.180138877705893,17.33807709287439,17.01342613129796,17.320528030395508,133800,0.0,0.0
2022-08-23 00:00:00-04:00,17.1889153501746,17.610082855807974,17.18014081794421,17.452144622802734,299300,0.0,0.0
2022-08-24 00:00:00-04:00,18.07512366936795,18.215512842935894,17.855765376471666,18.15409278869629,259300,0.0,0.0
2022-08-25 00:00:00-04:00,18.382222868058935,18.768292200911294,18.382222868058935,18.759517669677734,159500,0.0,0.0
2022-08-26 00:00:00-04:00,18.43486886008824,18.601581610708966,18.127766953230307,18.224285125732422,256600,0.0,0.0
2022-08-29 00:00:00-04:00,18.733198701347796,19.119269768604283,18.66300411398943,19.01397705078125,242300,0.0,0.0
2022-08-30 00:00:00-04:00,18.57525770892378,18.5928067715557,17.88208479709944,17.91718292236328,184600,0.0,0.0
2022-08-31 00:00:00-04:00,17.19768870714089,17.38194885067434,16.925684920870697,16.934457778930664,434300,0.0,0.0
2022-09-01 00:00:00-04:00,16.85548735791661,16.881810950763153,16.478192568540052,16.662452697753906,264400,0.0,0.0
2022-09-02 00:00:00-04:00,17.355628992760945,17.355628992760945,16.952008857613908,17.02220344543457,222700,0.0,0.0
2022-09-06 00:00:00-04:00,17.20646249954283,17.224009888479674,16.846715085991463,16.9432315826416,199500,0.0,0.0
2022-09-07 00:00:00-04:00,16.32903059379008,16.539614337828823,16.162317835503682,16.443096160888672,400400,0.0,0.0
2022-09-08 00:00:00-04:00,16.582976078406592,16.794634058987068,16.490950335253544,16.711811065673828,277800,0.872,0.0
2022-09-09 00:00:00-04:00,16.969481704848203,17.245557161319308,16.914265209358025,17.21794891357422,341100,0.0,0.0
2022-09-12 00:00:00-04:00,17.54003968374767,17.687280174389688,17.49402768863895,17.56764793395996,158400,0.0,0.0
2022-09-13 00:00:00-04:00,16.849849197149805,17.107520932960114,16.50015347127769,16.546165466308594,337900,0.0,0.0
2022-09-14 00:00:00-04:00,16.619784719935318,16.877456440372413,16.527758980118854,16.776227951049805,221100,0.0,0.0
2022-09-15 00:00:00-04:00,17.00629185834498,17.098317600517387,16.730216387072804,16.886659622192383,213700,0.0,0.0
2022-09-16 00:00:00-04:00,16.38051683383246,16.47254256429676,16.021618415790975,16.2332763671875,265700,0.0,0.0
2022-09-19 00:00:00-04:00,15.984810294772664,16.490949214859818,15.984810294772664,16.472543716430664,212900,0.0,0.0
2022-09-20 00:00:00-04:00,16.260885634063904,16.29769487541431,16.040024920226685,16.187265396118164,175400,0.0,0.0
2022-09-21 00:00:00-04:00,16.79463330521465,16.84064529710355,16.288494373456857,16.30689811706543,262700,0.0,0.0
2022-09-22 00:00:00-04:00,16.573773440554405,16.748622178202133,16.306898959131814,16.43573570251465,226100,0.0,0.0
2022-09-23 00:00:00-04:00,15.49707513377189,15.49707513377189,14.926516968597227,15.036948204040527,323000,0.0,0.0
2022-09-26 00:00:00-04:00,15.009341346769505,15.221001088039337,14.622835497403587,14.641240119934082,463300,0.0,0.0
2022-09-27 00:00:00-04:00,15.193391430358988,15.35903740590147,14.908113225394127,15.036948204040527,439400,0.0,0.0
2022-09-28 00:00:00-04:00,14.92651751946119,15.165783742381025,14.816088035187423,15.11056900024414,470500,0.0,0.0
2022-09-29 00:00:00-04:00,14.852898058255676,14.89891180849051,14.401973837424883,14.87130355834961,340500,0.0,0.0
2022-09-30 00:00:00-04:00,14.530809603508846,14.843695204312793,14.429581986568381,14.493999481201172,347500,0.0,0.0
2022-10-03 00:00:00-04:00,15.285416474993635,15.515479929438477,15.119770506954172,15.377440452575684,355500,0.0,0.0
2022-10-04 00:00:00-04:00,15.883581490968085,16.35291116005476,15.819164002999408,16.178062438964844,384400,0.0,0.0
2022-10-05 00:00:00-04:00,15.865177499505378,16.012417987486096,15.73634251133352,15.929594993591309,335600,0.0,0.0
2022-10-06 00:00:00-04:00,15.957202980151582,16.095240715951466,15.78235424534104,15.9111909866333,227600,0.0,0.0
2022-10-07 00:00:00-04:00,16.012416878420975,16.33450608178689,15.957202138063803,16.196468353271484,277900,0.0,0.0
2022-10-10 00:00:00-04:00,16.141253242476953,16.168859734399504,15.69953006402215,15.717935562133789,204700,0.0,0.0
2022-10-11 00:00:00-04:00,15.67192415747159,15.88358212792649,15.460264431771717,15.561492919921875,196900,0.0,0.0
2022-10-12 00:00:00-04:00,15.533885086003567,15.635113576853433,15.42345560075373,15.579898834228516,209400,0.0,0.0
2022-10-13 00:00:00-04:00,15.607506922999672,16.31610292087694,15.524685678220507,16.214876174926758,227800,0.0,0.0
2022-10-14 00:00:00-04:00,16.049228702989915,16.05843145273143,15.267012527411485,15.313024520874023,191200,0.0,0.0
2022-10-17 00:00:00-04:00,15.966404455384009,16.214873413136758,15.920390710293738,16.086036682128906,206300,0.0,0.0
2022-10-18 00:00:00-04:00,16.086037687633084,16.15965792913446,15.736341979312806,15.947999954223633,167700,0.0,0.0
2022-10-19 00:00:00-04:00,15.681127426189537,15.95720289633927,15.607505428554909,15.865177154541016,115200,0.0,0.0
2022-10-20 00:00:00-04:00,14.521606290097447,14.972531367899016,14.346758435325619,14.37436580657959,393400,0.0,0.0
2022-10-21 00:00:00-04:00,14.484796137095266,15.07375806986056,14.374365774701774,15.064557075500488,204500,0.0,0.0
2022-10-24 00:00:00-04:00,14.93571949005127,15.018542476559459,14.834492760620638,14.93571949005127,159600,0.0,0.0
2022-10-25 00:00:00-04:00,15.248607852104348,15.552291589008084,15.193393105915979,15.349836349487305,214700,0.0,0.0
2022-10-26 00:00:00-04:00,15.644316305501166,16.058431262744794,15.644316305501166,15.90198802947998,235900,0.0,0.0
2022-10-27 00:00:00-04:00,16.040025918491317,16.389721631685955,16.012417669326595,16.04922866821289,128700,0.0,0.0
2022-10-28 00:00:00-04:00,16.178063653824857,16.224075647187693,15.938797426799036,16.04922866821289,211500,0.0,0.0
2022-10-31 00:00:00-04:00,15.349833452997952,15.616706138587565,15.34063070449558,15.487871170043945,142200,0.0,0.0
2022-11-01 00:00:00-04:00,14.47559344327131,14.595226555730887,14.236328095974663,14.512404441833496,438900,0.0,0.0
2022-11-02 00:00:00-04:00,14.567618605657165,14.926517051154278,14.346757888793945,14.346757888793945,440800,0.0,0.0
2022-11-03 00:00:00-04:00,14.098289910660942,14.309948770682952,14.024669666554818,14.162708282470703,370400,0.0,0.0
2022-11-04 00:00:00-04:00,15.294619958110388,15.782353381593298,15.184188722367214,15.690327644348145,345000,0.0,0.0
2022-11-07 00:00:00-05:00,15.984811493017881,16.012417987486096,15.763949005801734,15.929594993591309,344700,0.0,0.0
2022-11-08 00:00:00-05:00,15.809962549512539,16.030823278608487,15.745545056265184,15.920392036437988,205300,0.0,0.0
2022-11-09 00:00:00-05:00,15.662722355348972,15.846772088736472,15.441861622136923,15.469468116760254,244100,0.0,0.0
2022-11-10 00:00:00-05:00,15.782353904956048,15.994011878967285,15.708733663767573,15.994011878967285,273300,0.0,0.0
2022-11-11 00:00:00-05:00,16.23327772577885,16.7302156587288,16.2148739823416,16.573772430419922,383000,0.0,0.0
2022-11-14 00:00:00-05:00,16.141253176237228,16.325302890863604,16.049227441301593,16.086036682128906,221900,0.0,0.0
2022-11-15 00:00:00-05:00,16.270089410779445,16.306898654454606,16.08603792666853,16.141254425048828,211000,0.0,0.0
2022-11-16 00:00:00-05:00,15.984811145452257,16.030823138728866,15.800759661855746,15.865177154541016,175800,0.0,0.0
2022-11-17 00:00:00-05:00,15.717935334982862,15.96640429016447,15.671923345613623,15.938796043395996,202400,0.0,0.0
2022-11-18 00:00:00-05:00,15.865178179721507,15.901989180917486,15.70873493512889,15.81916618347168,145900,0.0,0.0
2022-11-21 00:00:00-05:00,15.579898296206458,15.662721284906212,15.220999848670834,15.59830379486084,204900,0.0,0.0
2022-11-22 00:00:00-05:00,15.901989261910577,16.10444450378418,15.865178260527111,16.10444450378418,222200,0.0,0.0
2022-11-23 00:00:00-05:00,16.454138650428185,16.601380886486105,16.426532157303875,16.582975387573242,163200,0.0,0.0
2022-11-25 00:00:00-05:00,15.892785403654,15.948000146634941,15.837568905428029,15.865177154541016,97200,0.0,0.0
2022-11-28 00:00:00-05:00,15.625910153155251,15.727138639638435,15.128973980477229,15.220999717712402,574800,0.0,0.0
2022-11-29 00:00:00-05:00,15.653518867531313,15.929594332221708,15.423455395207652,15.570695877075195,698500,0.0,0.0
2022-11-30 00:00:00-05:00,16.141253801712853,16.251683283718855,15.855973836833252,16.113645553588867,427500,0.0,0.0
2022-12-01 00:00:00-05:00,14.751670961761725,14.852897699342067,14.51240473205764,14.714859962463379,435100,0.0,0.0
2022-12-02 00:00:00-05:00,14.806885388202753,14.954125871751163,14.751670645683353,14.834493637084961,150500,0.0,0.0
2022-12-05 00:00:00-05:00,15.082959841668357,15.156580078491372,14.613631051327262,14.65044116973877,185100,0.0,0.0
2022-12-06 00:00:00-05:00,14.760872612177863,14.806884602628708,14.512403651155472,14.65964412689209,129300,0.0,0.0
2022-12-07 00:00:00-05:00,14.401973579889134,14.493999323468103,14.236328470118535,14.300745964050293,149600,0.0,0.0
2022-12-08 00:00:00-05:00,14.493998366702758,14.576821354932084,14.273137649839539,14.346757888793945,130300,0.0,0.0
2022-12-09 00:00:00-05:00,14.447986495738592,14.45718924564906,14.052277903436366,14.070682525634766,193100,0.0,0.0
2022-12-12 00:00:00-05:00,14.17190933227539,14.227124950961718,13.997061482076582,14.17190933227539,130100,0.0,0.0
2022-12-13 00:00:00-05:00,14.355961787659087,14.392771910083955,14.14430292549919,14.263936042785645,201200,0.0,0.0
2022-12-14 00:00:00-05:00,14.383568149582738,14.567618748776962,14.245529541970207,14.401972770690918,279300,0.0,0.0
2022-12-15 00:00:00-05:00,14.043074019121814,14.07068138900055,13.813010555679934,13.831415176391602,193200,0.0,0.0
2022-12-16 00:00:00-05:00,13.803808463823902,13.813011213429187,13.527732119022923,13.628960609436035,245000,0.0,0.0
2022-12-19 00:00:00-05:00,14.227124589029659,14.273137457160635,14.006263875147928,14.061478614807129,219400,0.0,0.0
2022-12-20 00:00:00-05:00,14.098289150336466,14.300745249521066,13.99706153955541,14.07988452911377,179400,0.0,0.0
2022-12-21 00:00:00-05:00,14.530808665653769,14.650441774837917,14.30994794606264,14.586024284362793,188600,0.0,0.0
2022-12-22 00:00:00-05:00,14.549213784234563,14.576821154056404,14.107491478972797,14.383567810058594,142300,0.0,0.0
2022-12-23 00:00:00-05:00,14.411176777979101,14.797683508835615,14.411176777979101,14.788480758666992,136000,0.0,0.0
2022-12-27 00:00:00-05:00,14.816088455288776,14.862100449166654,14.641239719111741,14.714859962463379,81200,0.0,0.0
2022-12-28 00:00:00-05:00,14.668846012670027,14.678048761818129,14.291542073822507,14.383567810058594,171900,0.0,0.0
2022-12-29 00:00:00-05:00,14.51240457321116,14.586024815756984,14.411176081493766,14.5216064453125,90300,0.0,0.0
2022-12-30 00:00:00-05:00,14.337555495584652,14.484795977150105,14.263935254801925,14.457188606262207,107300,0.0,0.0
2023-01-03 00:00:00-05:00,14.51240483660007,14.632037074691375,14.227125733340525,14.39277172088623,237800,0.0,0.0
2023-01-04 00:00:00-05:00,14.135098883488677,14.236327369121325,13.960251037357912,14.199517250061035,244300,0.0,0.0
2023-01-05 00:00:00-05:00,14.38356890179531,14.50320201693359,14.217922915046536,14.438783645629883,163300,0.0,0.0
2023-01-06 00:00:00-05:00,14.411176096130543,14.613632202148438,14.309948481932853,14.613632202148438,186500,0.0,0.0
2023-01-09 00:00:00-05:00,15.055352811131902,15.101364799282909,14.926516084868377,14.990935325622559,151900,0.0,0.0
2023-01-10 00:00:00-05:00,15.156580819589134,15.313024049893114,14.926517348862399,15.285417556762695,193100,0.0,0.0
2023-01-11 00:00:00-05:00,15.101367144257187,15.248607635498047,15.07375889393261,15.248607635498047,165900,0.0,0.0
2023-01-12 00:00:00-05:00,15.727139419466148,15.90198815335833,15.441861199612088,15.865177154541016,172200,0.0,0.0
2023-01-13 00:00:00-05:00,15.800759882034198,15.97560861836284,15.736342388451293,15.966405868530273,136800,0.0,0.0
2023-01-17 00:00:00-05:00,15.469467593733658,15.644316326498423,15.469467593733658,15.579898834228516,309300,0.0,0.0
2023-01-18 00:00:00-05:00,16.040025375760905,16.08603736756688,15.644315927347623,15.653518676757812,286600,0.0,0.0
2023-01-19 00:00:00-05:00,15.644316427372223,15.938797396930612,15.598304434095612,15.865177154541016,182600,0.0,0.0
2023-01-20 00:00:00-05:00,15.819164206389468,16.187265396118164,15.708732971848397,16.187265396118164,393600,0.0,0.0
2023-01-23 00:00:00-05:00,16.25168417555856,16.279292425197593,16.086038188214474,16.159658432006836,139300,0.0,0.0
2023-01-24 00:00:00-05:00,16.932670613372466,17.043101848491684,16.71180989837897,17.024696350097656,303200,0.0,0.0
2023-01-25 00:00:00-05:00,16.85905059955437,17.13512781340648,16.776227610923232,17.125925064086914,248600,0.0,0.0
2023-01-26 00:00:00-05:00,17.181141094825584,17.20874934485728,16.877457365457282,17.098318099975586,169200,0.0,0.0
2023-01-27 00:00:00-05:00,17.09831974061778,17.135130744192185,16.785433231216384,16.895864486694336,154800,0.0,0.0
2023-01-30 00:00:00-05:00,16.81303745538494,16.886657689648604,16.748619969809837,16.794631958007812,131600,0.0,0.0
2023-01-31 00:00:00-05:00,16.619784532013036,16.859050750732422,16.48174680147165,16.859050750732422,144400,0.0,0.0
2023-02-01 00:00:00-05:00,16.84984903669363,17.024697775587203,16.56457080867944,16.905065536499023,148100,0.0,0.0
2023-02-02 00:00:00-05:00,16.95107708537622,16.978685334552978,16.573773122852376,16.702608108520508,110100,0.0,0.0
2023-02-03 00:00:00-05:00,16.09523961845286,16.371316826472583,15.984810139440912,16.00321388244629,211000,0.0,0.0
2023-02-06 00:00:00-05:00,15.911191124779934,16.012417862448046,15.699531389121029,15.966405868530273,155900,0.0,0.0
2023-02-07 00:00:00-05:00,14.760873276888212,15.046151492068917,14.714859529120353,15.018543243408203,476100,0.0,0.0
2023-02-08 00:00:00-05:00,15.25780914925216,15.285417397339616,15.119771419304815,15.138176918029785,180600,0.0,0.0
2023-02-09 00:00:00-05:00,15.368241144036718,15.414253137872645,15.0829611654698,15.128974914550781,125700,0.0,0.0
2023-02-10 00:00:00-05:00,15.377442235366873,15.460265228988728,15.257809997493673,15.414253234863281,157100,0.0,0.0
2023-02-13 00:00:00-05:00,15.28541676856825,15.432657241821289,15.202593782957806,15.432657241821289,103000,0.0,0.0
2023-02-14 00:00:00-05:00,15.331428736014768,15.487871958024913,15.239403001553818,15.340631484985352,126600,0.0,0.0
2023-02-15 00:00:00-05:00,15.202594219216378,15.23940346096348,15.073757484989157,15.220999717712402,128100,0.0,0.0
2023-02-16 00:00:00-05:00,15.368240479178622,15.469467212287418,15.285417489660984,15.331429481506348,248100,0.0,0.0
2023-02-17 00:00:00-05:00,15.110567693649955,15.110567693649955,14.92651622878173,15.046150207519531,149500,0.0,0.0
2023-02-21 00:00:00-05:00,14.135100476784901,14.217923473411908,13.757796494481926,13.766999244689941,552800,0.0,0.0
2023-02-22 00:00:00-05:00,13.50932828653059,13.619758655376847,13.334479544307095,13.389695167541504,268500,0.0,0.0
2023-02-23 00:00:00-05:00,13.702580650961849,13.813011011745346,13.472517179923942,13.665770530700684,337000,0.0,0.0
2023-02-24 00:00:00-05:00,13.4265042755906,13.555339257361414,13.251655546583795,13.481719017028809,260600,0.0,0.0
2023-02-27 00:00:00-05:00,13.306871422102251,13.481719276856335,13.178035560225947,13.352884292602539,229700,0.0,0.0
2023-02-28 00:00:00-05:00,13.500124557378854,13.592150296888445,13.29766845703125,13.29766845703125,324300,0.0,0.0
2023-03-01 00:00:00-05:00,13.665770079496724,13.84061792555867,13.610554462116788,13.831415176391602,360200,0.0,0.0
2023-03-02 00:00:00-05:00,13.628960703302832,13.93264442138872,13.527732212192527,13.868226051330566,329100,0.0,0.0
2023-03-03 00:00:00-05:00,13.8682262042315,14.015466690063477,13.78540321154538,14.015466690063477,381100,0.0,0.0
2023-03-06 00:00:00-05:00,13.684174934481378,13.748592424508741,13.435706846074055,13.610554695129395,486300,0.0,0.0
2023-03-07 00:00:00-05:00,13.343682140486733,13.343682140486733,13.113618655305928,13.196441650390625,441100,0.0,0.0
2023-03-08 00:00:00-05:00,13.242453517782256,13.49092160655382,13.242453517782256,13.334478378295898,439900,0.0,0.0
2023-03-09 00:00:00-05:00,13.133086341878949,13.293822527977582,13.000715099884395,13.019625663757324,517100,0.387,0.0
2023-03-10 00:00:00-05:00,13.076355480668878,13.161451214222456,12.858889407547787,12.925074577331543,445000,0.0,0.0
2023-03-13 00:00:00-04:00,12.679242597850072,12.71706282350333,12.48068618774414,12.48068618774414,521500,0.0,0.0
2023-03-14 00:00:00-04:00,12.61305762135367,12.698153355801729,12.433410870473253,12.509051322937012,364200,0.0,0.0
2023-03-15 00:00:00-04:00,11.686460632005593,11.686460632005593,11.346078598659714,11.572999954223633,558800,0.0,0.0
2023-03-16 00:00:00-04:00,11.572999533346591,11.856651668338527,11.563544251782295,11.818831443786621,431300,0.0,0.0
2023-03-17 00:00:00-04:00,11.970112765172784,11.998477709163177,11.809376579718368,11.922837257385254,417600,0.0,0.0
2023-03-20 00:00:00-04:00,11.66755095806109,11.951203103080958,11.629730732172128,11.922837257385254,406400,0.0,0.0
2023-03-21 00:00:00-04:00,12.140304339468155,12.234854454170785,11.998477814856233,12.064663887023926,152000,0.0,0.0
2023-03-22 00:00:00-04:00,12.102483749389648,12.386135888380283,12.09302846769206,12.102483749389648,247600,0.0,0.0
2023-03-23 00:00:00-04:00,12.272674432700637,12.386136010782373,11.951202967153387,12.036297798156738,221800,0.0,0.0
2023-03-24 00:00:00-04:00,11.84719667086268,12.036297798156738,11.79992116361284,12.036297798156738,283800,0.0,0.0
2023-03-27 00:00:00-04:00,12.140304102561984,12.376680737263875,12.093028595280545,12.338860511779785,280500,0.0,0.0
2023-03-28 00:00:00-04:00,12.72651790559359,12.87779880583219,12.717062623902356,12.80215835571289,273500,0.0,0.0
2023-03-29 00:00:00-04:00,12.94398416778102,12.962894731446216,12.792703265280675,12.830523490905762,240900,0.0,0.0
2023-03-30 00:00:00-04:00,13.029079399682134,13.029079399682134,12.896709065938794,12.981803894042969,205500,0.0,0.0
2023-03-31 00:00:00-04:00,12.773792884253501,12.906163215637207,12.745427040352487,12.906163215637207,279900,0.0,0.0
2023-04-03 00:00:00-04:00,13.40728302076556,13.53019897912454,13.36000751344206,13.435647964477539,339200,0.0,0.0
2023-04-04 00:00:00-04:00,13.520743624573448,13.558563849887705,13.274911709178134,13.341096878051758,287200,0.0,0.0
2023-04-05 00:00:00-04:00,13.066900651930256,13.095266498568687,12.868344233987951,13.076355934143066,252400,0.0,0.0
2023-04-06 00:00:00-04:00,12.745427964364623,12.896709771021818,12.707607738126654,12.811614036560059,267800,0.0,0.0
2023-04-10 00:00:00-04:00,12.754883298536367,13.104720618095248,12.754883298536367,12.953439712524414,207600,0.0,0.0
2023-04-11 00:00:00-04:00,12.953440332892004,13.114176528185341,12.89671044143869,13.038536071777344,727000,0.0,0.0
2023-04-12 00:00:00-04:00,12.84943441944124,12.887254646140262,12.717063175141995,12.792703628540039,324700,0.0,0.0
2023-04-13 00:00:00-04:00,13.218181228161464,13.246547074086676,13.123631113526717,13.16145133972168,290700,0.0,0.0
2023-04-14 00:00:00-04:00,12.925074872839284,13.00071532623733,12.698153512645149,12.792703628540039,303500,0.0,0.0
2023-04-17 00:00:00-04:00,12.584692920936348,12.622513147901001,12.4428663935399,12.5374174118042,240900,0.0,0.0
2023-04-18 00:00:00-04:00,12.57523739512179,12.59414705738507,12.433410870473253,12.509051322937012,337800,0.0,0.0
2023-04-19 00:00:00-04:00,12.395590678790082,12.584692712181862,12.386136298484752,12.556326866149902,394000,0.0,0.0
2023-04-20 00:00:00-04:00,12.811613947254493,12.811613947254493,12.603602253542986,12.622512817382812,279700,0.0,0.0
2023-04-21 00:00:00-04:00,12.329405524170763,12.329405524170763,12.121393828192307,12.206489562988281,368600,0.0,0.0
2023-04-24 00:00:00-04:00,12.05520843321641,12.1497594482767,12.017388207533354,12.13084888458252,253200,0.0,0.0
2023-04-25 00:00:00-04:00,11.951203452420884,11.970113115065448,11.762101415743212,11.790467262268066,306300,0.0,0.0
2023-04-26 00:00:00-04:00,12.064663414063515,12.11193892041419,11.932292176622687,11.960657119750977,229300,0.0,0.0
2023-04-27 00:00:00-04:00,12.007932890226886,12.121393566941002,11.94174772090331,12.083573341369629,175500,0.0,0.0
2023-04-28 00:00:00-04:00,11.979567732470166,12.357769981427632,11.960657169169648,12.310495376586914,222500,0.0,0.0
2023-05-01 00:00:00-04:00,12.301039812835507,12.35776969802549,12.178123859316853,12.234853744506836,112000,0.0,0.0
2023-05-02 00:00:00-04:00,11.970113115065448,11.970113115065448,11.620275789940298,11.790467262268066,291000,0.0,0.0
2023-05-03 00:00:00-04:00,11.743191054042782,11.818831503528944,11.610819816589355,11.610819816589355,298500,0.0,0.0
2023-05-04 00:00:00-04:00,11.572999863195601,11.67700615995665,11.3744434532126,11.383898735046387,270600,0.0,0.0
2023-05-05 00:00:00-04:00,11.733735974876788,11.989023172576106,11.733735974876788,11.941747665405273,270700,0.0,0.0
2023-05-08 00:00:00-04:00,12.215945210446252,12.348316457611523,12.149760037716291,12.168669700622559,229100,0.0,0.0
2023-05-09 00:00:00-04:00,11.951203346252441,12.007933235387512,11.856652328753547,11.951203346252441,239800,0.0,0.0
2023-05-10 00:00:00-04:00,11.970112868437312,11.970112868437312,11.648640494755183,11.762101173400879,214600,0.0,0.0
2023-05-11 00:00:00-04:00,11.24207265968624,11.45953872283631,11.15697693003438,11.232617378234863,624000,0.0,0.0
2023-05-12 00:00:00-04:00,11.54463499131033,11.610820161148492,11.450083975794119,11.478449821472168,241900,0.0,0.0
2023-05-15 00:00:00-04:00,11.601366059759204,11.733736402616584,11.535179986625181,11.695916175842285,195400,0.0,0.0
2023-05-16 00:00:00-04:00,11.554089638747302,11.648639747366287,11.374442899472285,11.393353462219238,192000,0.0,0.0
2023-05-17 00:00:00-04:00,11.393353713427707,11.591910118122325,11.364988770387129,11.563544273376465,154000,0.0,0.0
2023-05-18 00:00:00-04:00,11.251526946732868,11.402808743592717,11.166432119487359,11.393353462219238,251900,0.0,0.0
2023-05-19 00:00:00-04:00,11.402809507021429,11.431174451335659,11.298803208360386,11.364989280700684,182100,0.0,0.0
2023-05-22 00:00:00-04:00,11.705371074718274,11.809376469516037,11.620275341835876,11.639185905456543,278500,0.0,0.0
2023-05-23 00:00:00-04:00,11.667550849182241,11.828287033136705,11.62973062364621,11.639185905456543,219500,0.0,0.0
2023-05-24 00:00:00-04:00,11.932292818607987,11.960657763262379,11.667551231187895,11.695916175842285,275700,0.0,0.0
2023-05-25 00:00:00-04:00,11.39335415448273,11.39335415448273,11.052971217997882,11.270438194274902,348300,0.0,0.0
2023-05-26 00:00:00-04:00,11.35553379125033,11.459539186306072,11.317713565620489,11.383898735046387,237900,0.0,0.0
2023-05-30 00:00:00-04:00,11.251527576221424,11.279893421928838,11.02460622079399,11.128612518310547,229300,0.0,0.0
2023-05-31 00:00:00-04:00,11.100246176396137,11.109701457875934,10.930055618286133,10.930055618286133,262500,0.0,0.0
2023-06-01 00:00:00-04:00,10.98678618316371,11.289347995585121,10.98678618316371,11.156977653503418,352100,0.0,0.0
2023-06-02 00:00:00-04:00,11.591910264131347,11.837742178126893,11.572999700729246,11.752646446228027,240800,0.0,0.0
2023-06-05 00:00:00-04:00,11.970112765172784,12.026843554858882,11.866107369404467,11.922837257385254,234100,0.0,0.0
2023-06-06 00:00:00-04:00,11.998478444824743,12.25376566150662,11.998478444824743,12.24431037902832,301600,0.0,0.0
2023-06-07 00:00:00-04:00,12.556326710383209,12.67924266988091,12.471230976753622,12.575237274169922,264500,0.0,0.0
2023-06-08 00:00:00-04:00,12.773792989731037,12.85888871872623,12.546871646880698,12.698152542114258,352300,0.0,0.0
2023-06-09 00:00:00-04:00,12.981804656892615,13.019625784990646,12.906164204107199,12.953439712524414,317900,0.0,0.0
2023-06-12 00:00:00-04:00,12.91561965971524,12.91561965971524,12.726518525210214,12.88725471496582,261800,0.0,0.0
2023-06-13 00:00:00-04:00,13.000715546684718,13.22763691072666,13.000715546684718,13.170907020568848,282700,0.0,0.0
2023-06-14 00:00:00-04:00,13.246546345908428,13.32218679414031,13.08581016798936,13.237091064453125,209200,0.0,0.0
2023-06-15 00:00:00-04:00,13.435648414154889,13.596384603411282,13.341097396343361,13.586929321289062,251100,0.0,0.0
2023-06-16 00:00:00-04:00,13.615293882490692,13.70038961578337,13.407283091892262,13.53019905090332,159100,0.0,0.0
2023-06-20 00:00:00-04:00,13.208726483801843,13.256001990668759,13.104720188353571,13.199271202087402,200700,0.0,0.0
2023-06-21 00:00:00-04:00,12.679241979357432,12.849433437347818,12.650877036927454,12.698152542114258,318400,0.0,0.0
2023-06-22 00:00:00-04:00,12.282129516427657,12.423956035890054,12.225399630006928,12.357769966125488,273900,0.0,0.0
2023-06-23 00:00:00-04:00,11.629730678562414,11.828287088990502,11.572999889137828,11.781011581420898,441500,0.0,0.0
2023-06-26 00:00:00-04:00,11.72428065757521,11.989023136247544,11.695915714040781,11.894472122192383,361100,0.0,0.0
2023-06-27 00:00:00-04:00,11.667551595892023,11.733736769389528,11.582455857563597,11.658096313476562,304000,0.0,0.0
2023-06-28 00:00:00-04:00,11.601366059759204,11.695916175842285,11.50681504197079,11.695916175842285,178200,0.0,0.0
2023-06-29 00:00:00-04:00,11.402809593448321,11.629730953092734,11.402809593448321,11.55409049987793,420100,0.0,0.0
2023-06-30 00:00:00-04:00,11.639186683006256,11.762101747930659,11.620276118122279,11.705371856689453,217200,0.0,0.0
2023-07-03 00:00:00-04:00,11.809375839714964,11.903926849365234,11.809375839714964,11.903926849365234,169700,0.0,0.0
2023-07-05 00:00:00-04:00,12.017388253776732,12.017388253776732,11.799921278983366,11.828287124633789,297800,0.0,0.0
2023-07-06 00:00:00-04:00,11.56354448082863,11.572999762580213,11.317713467224554,11.544634819030762,563100,0.0,0.0
2023-07-07 00:00:00-04:00,11.639185897230782,12.102483885146075,11.639185897230782,11.989023208618164,909300,0.0,0.0
2023-07-10 00:00:00-04:00,11.885016478968389,12.007932432819546,11.866106817755663,11.932291984558105,269000,0.0,0.0
2023-07-11 00:00:00-04:00,11.979567828356792,12.149759292602539,11.922837039706446,12.149759292602539,260000,0.0,0.0
2023-07-12 00:00:00-04:00,12.414500863677711,12.54687210266833,12.395590300233925,12.49959659576416,345000,0.0,0.0
2023-07-13 00:00:00-04:00,12.669787477158765,12.783249057266975,12.650877814944275,12.764338493347168,237400,0.0,0.0
2023-07-14 00:00:00-04:00,12.622513290262873,12.622513290262873,12.367226079093236,12.423956871032715,241500,0.0,0.0
2023-07-17 00:00:00-04:00,12.234853951642846,12.272674176311552,12.140303840823718,12.215944290161133,411500,0.0,0.0
2023-07-18 00:00:00-04:00,12.291584438624437,12.546871625168238,12.282129157262386,12.395589828491211,481400,0.0,0.0
2023-07-19 00:00:00-04:00,12.471230771045375,12.594146728515625,12.442865827538487,12.594146728515625,435300,0.0,0.0
2023-07-20 00:00:00-04:00,12.546872222870366,12.60360211033462,12.357770193442041,12.43341064453125,281400,0.0,0.0
2023-07-21 00:00:00-04:00,12.490141660673732,12.546872450874211,12.376680981978092,12.509051322937012,206900,0.0,0.0
2023-07-24 00:00:00-04:00,12.613057810950615,12.868344116426885,12.613057810950615,12.83997917175293,268100,0.0,0.0
2023-07-25 00:00:00-04:00,13.066899567787893,13.293821813541207,13.066899567787893,13.189815521240234,517600,0.0,0.0
2023-07-26 00:00:00-04:00,12.887254680679744,12.887254680679744,12.792703662826113,12.83997917175293,360400,0.0,0.0
2023-07-27 00:00:00-04:00,13.16145133972168,13.369463034646637,13.04799066113679,13.16145133972168,389600,0.0,0.0
2023-07-28 00:00:00-04:00,13.218181610107422,13.246547456852278,13.133086774988886,13.218181610107422,225900,0.0,0.0
2023-07-31 00:00:00-04:00,13.274912071352798,13.360007806057835,13.237091845006706,13.303277015686035,209100,0.0,0.0
2023-08-01 00:00:00-04:00,13.01017021023244,13.095265943127679,12.95343942106718,13.085810661315918,253900,0.0,0.0
2023-08-02 00:00:00-04:00,12.622512343917036,12.641422005342251,12.405045376442722,12.518506050109863,455700,0.0,0.0
2023-08-03 00:00:00-04:00,12.064664194309197,12.405046238977716,11.960657893270364,12.329405784606934,678800,0.0,0.0
2023-08-04 00:00:00-04:00,12.537417083514226,12.764338439360245,12.480686293700066,12.622512817382812,515700,0.0,0.0
2023-08-07 00:00:00-04:00,12.537417067037824,12.669787406921387,12.490141559205703,12.669787406921387,346600,0.0,0.0
2023-08-08 00:00:00-04:00,12.47123103008756,12.72651823206807,12.395590578027848,12.717062950134277,235300,0.0,0.0
2023-08-09 00:00:00-04:00,12.849434332087885,12.849434332087885,12.584692746994499,12.603602409362793,326200,0.0,0.0
2023-08-10 00:00:00-04:00,13.25600162736373,13.378916679461586,13.180360277426578,13.237091064453125,773500,0.0,0.0
2023-08-11 00:00:00-04:00,13.407282467692799,13.482922915607983,13.360006962319492,13.44510269165039,472500,0.0,0.0
2023-08-14 00:00:00-04:00,12.518506484515093,12.660333007799508,12.338860637067876,12.575237274169922,680800,0.0,0.0
2023-08-15 00:00:00-04:00,12.225399706342433,12.225399706342433,12.074118806002172,12.102483749389648,434000,0.0,0.0
2023-08-16 00:00:00-04:00,12.178125172614626,12.272675292029374,12.140304944507655,12.19703483581543,224900,0.0,0.0
2023-08-17 00:00:00-04:00,12.310496155490952,12.442866500148696,12.291585590993934,12.376681327819824,272200,0.0,0.0
2023-08-18 00:00:00-04:00,11.9228364580896,12.121392856121945,11.9228364580896,12.1119384765625,405600,0.0,0.0
2023-08-21 00:00:00-04:00,12.22539989964281,12.244309561631685,12.04575315136932,12.13084888458252,247400,0.0,0.0
2023-08-22 00:00:00-04:00,12.102483248266598,12.102483248266598,11.866106625846177,11.903926849365234,283800,0.0,0.0
2023-08-23 00:00:00-04:00,12.12139350353335,12.35777013754425,12.01738810918246,12.291584968566895,336400,0.0,0.0
2023-08-24 00:00:00-04:00,11.941747766134366,11.98902327370397,11.733736073851295,11.781011581420898,319700,0.0,0.0
2023-08-25 00:00:00-04:00,12.187579481257368,12.225399706342433,12.026843299219518,12.102483749389648,281900,0.0,0.0
2023-08-28 00:00:00-04:00,12.329406039901611,12.537417744581058,12.253765583964606,12.452322006225586,300700,0.0,0.0
2023-08-29 00:00:00-04:00,12.386136298484752,12.556326866149902,12.3199502261155,12.556326866149902,177200,0.0,0.0
2023-08-30 00:00:00-04:00,12.631966723777003,12.707607172888432,12.509050768544615,12.518506050109863,225100,0.0,0.0
2023-08-31 00:00:00-04:00,12.263219603113326,12.291584545741408,12.159213310634911,12.187579154968262,246200,0.0,0.0
2023-09-01 00:00:00-04:00,12.537416957367896,12.565781901136923,12.357770209518344,12.386136054992676,281400,0.0,0.0
2023-09-05 00:00:00-04:00,12.698152891471013,12.764338059530292,12.357769966125488,12.357769966125488,376000,0.0,0.0
2023-09-06 00:00:00-04:00,12.3766807731679,12.546872239192673,12.338860547574095,12.386136054992676,392200,0.0,0.0
2023-09-07 00:00:00-04:00,12.329405470578733,12.357770414818988,12.03629804107835,12.064663887023926,288000,0.0,0.0
2023-09-08 00:00:00-04:00,11.979567565098389,12.102483519718575,11.9512026222492,12.026843070983887,269400,0.0,0.0
2023-09-11 00:00:00-04:00,12.33886064871979,12.367225592721335,12.215944689106015,12.2253999710083,252400,0.0,0.0
2023-09-12 00:00:00-04:00,12.225400024637477,12.405045873042392,12.225400024637477,12.367225646972656,216600,0.0,0.0
2023-09-13 00:00:00-04:00,12.215944487933577,12.272674375002437,11.87556246040453,11.894472122192383,400800,0.0,0.0
2023-09-14 00:00:00-04:00,12.451948069887818,12.71835311817679,12.451948069887818,12.669018745422363,417200,0.525,0.0
2023-09-15 00:00:00-04:00,12.678886413574219,12.78742128603649,12.66901935035721,12.678886413574219,257200,0.0,0.0
2023-09-18 00:00:00-04:00,12.669019304398214,12.747953927898052,12.590084680898377,12.59995174407959,180100,0.0,0.0
2023-09-19 00:00:00-04:00,12.7084864050565,12.78742102724521,12.60981765683315,12.659152030944824,253500,0.0,0.0
2023-09-20 00:00:00-04:00,13.024224991237602,13.18209423679595,12.984757679848016,13.004491806030273,351700,0.0,0.0
2023-09-21 00:00:00-04:00,12.836755542623147,12.994624788737893,12.787421167968557,12.895956039428711,193100,0.0,0.0
2023-09-22 00:00:00-04:00,13.093293028780717,13.093293028780717,12.84662210607701,12.856488227844238,262900,0.0,0.0
2023-09-25 00:00:00-04:00,12.80715401434288,12.80715401434288,12.649284772405665,12.718353271484375,284500,0.0,0.0
2023-09-26 00:00:00-04:00,12.62955163858286,12.718353322774385,12.422348022460938,12.422348022460938,341200,0.0,0.0
2023-09-27 00:00:00-04:00,12.747953470161162,12.83675515365364,12.609817413508987,12.639418601989746,425000,0.0,0.0
2023-09-28 00:00:00-04:00,13.389298195777664,13.55703450867329,13.310363571000305,13.3695650100708,609900,0.0,0.0
2023-09-29 00:00:00-04:00,13.665569908316572,13.724770404613619,13.458366289327063,13.487966537475586,546800,0.0,0.0
2023-10-02 00:00:00-04:00,13.310363185949619,13.330097312060552,12.876222762233233,12.925557136535645,533400,0.0,0.0
2023-10-03 00:00:00-04:00,12.659151786668684,12.728219344507322,12.530882792843428,12.639418601989746,436500,0.0,0.0
2023-10-04 00:00:00-04:00,12.373014149033557,12.442081710207624,12.165810524536406,12.274345397949219,384600,0.0,0.0
2023-10-05 00:00:00-04:00,12.057275865424181,12.185544867723637,11.988207362047573,12.027674674987793,327300,0.0,0.0
2023-10-06 00:00:00-04:00,11.958606616839534,12.244744859037944,11.91913930553544,12.175677299499512,276900,0.0,0.0
2023-10-09 00:00:00-04:00,12.747953765436934,12.925557136535645,12.688752328079056,12.925557136535645,370800,0.0,0.0
2023-10-10 00:00:00-04:00,13.191961681781754,13.330097746131678,13.142627305872855,13.261029243469238,366800,0.0,0.0
2023-10-11 00:00:00-04:00,13.468232259227669,13.517566632901104,13.29062983136818,13.438632011413574,275700,0.0,0.0
2023-10-12 00:00:00-04:00,13.645836089232088,13.695170464572811,13.310363466085105,13.399165153503418,256900,0.0,0.0
2023-10-13 00:00:00-04:00,13.754370549891322,13.833306112655219,13.665569806109904,13.705037117004395,285400,0.0,0.0
2023-10-16 00:00:00-04:00,13.9023736143229,13.912240677249688,13.72477024554038,13.81357192993164,257700,0.0,0.0
2023-10-17 00:00:00-04:00,13.714903127109467,13.941840868632598,13.714903127109467,13.922106742858887,232300,0.0,0.0
2023-10-18 00:00:00-04:00,13.626103056392509,13.645836242164988,13.389298240298086,13.44849967956543,278800,0.0,0.0
2023-10-19 00:00:00-04:00,13.300496053969606,13.389297739058783,13.182094120842345,13.221561431884766,270900,0.0,0.0
2023-10-20 00:00:00-04:00,13.034092193000694,13.122893879815772,12.984757817995101,13.053825378417969,197100,0.0,0.0
2023-10-23 00:00:00-04:00,13.221561088531672,13.251162276775958,13.024224538444239,13.04395866394043,270600,0.0,0.0
2023-10-24 00:00:00-04:00,12.925557379983045,13.053825438220295,12.895956190259119,12.945290565490723,222600,0.0,0.0
2023-10-25 00:00:00-04:00,12.826888737253848,12.89595629857323,12.698619736964314,12.728219985961914,239800,0.0,0.0
2023-10-26 00:00:00-04:00,12.747954262677874,12.846623015131325,12.688752823010812,12.777554512023926,291100,0.0,0.0
2023-10-27 00:00:00-04:00,13.03409164318794,13.093293078892364,12.856488277049568,12.935422897338867,295500,0.0,0.0
2023-10-30 00:00:00-04:00,12.708486251917188,12.757820625434375,12.560483131365626,12.609817504882812,190200,0.0,0.0
2023-10-31 00:00:00-04:00,12.481548469191493,12.49141553205755,12.303946042476985,12.343413352966309,270400,0.0,0.0
2023-11-01 00:00:00-04:00,12.303946781840894,12.481549219227817,12.294079718381909,12.40261459350586,280600,0.0,0.0
2023-11-02 00:00:00-04:00,12.274345585882823,12.59008502960205,12.244745336494288,12.59008502960205,284600,0.0,0.0
2023-11-03 00:00:00-04:00,12.57035029846998,12.698619294288031,12.49141567657809,12.580217361450195,331100,0.0,0.0
2023-11-06 00:00:00-05:00,12.767687253012813,12.817021628483852,12.639419194153035,12.649285316467285,223900,0.0,0.0
2023-11-07 00:00:00-05:00,12.461815852762737,12.471682916078787,12.086875915527344,12.086875915527344,305900,0.0,0.0
2023-11-08 00:00:00-05:00,12.096743040067114,12.146077415922111,11.929006726745103,11.978341102600098,313900,0.0,0.0
2023-11-09 00:00:00-05:00,12.155943583194054,12.284212584500642,12.057275772094727,12.057275772094727,174500,0.0,0.0
2023-11-10 00:00:00-05:00,11.850071697681388,11.92900631996774,11.642868078935983,11.909272193908691,389100,0.0,0.0
2023-11-13 00:00:00-05:00,12.096743084729448,12.136210397364172,12.017808459460005,12.057275772094727,210000,0.0,0.0
2023-11-14 00:00:00-05:00,12.323679117984133,12.609817351738831,12.323679117984133,12.5604829788208,369700,0.0,0.0
2023-11-15 00:00:00-05:00,12.580217815911745,12.678886567328483,12.530883440203375,12.540750503540039,232600,0.0,0.0
2023-11-16 00:00:00-05:00,12.323679270521371,12.412480954677996,12.17567709091027,12.234877586364746,186500,0.0,0.0
2023-11-17 00:00:00-05:00,12.116475862055909,12.215144610803605,11.998073928143627,12.175677299499512,304200,0.0,0.0
2023-11-20 00:00:00-05:00,11.958606523528589,12.067141393524237,11.909272149539689,12.017807960510254,310500,0.0,0.0
2023-11-21 00:00:00-05:00,11.909271943241592,11.919139006063434,11.692202207010482,11.702068328857422,295400,0.0,0.0
2023-11-22 00:00:00-05:00,11.317263016899023,11.317263016899023,11.040990885956834,11.119926452636719,1069500,0.0,0.0
2023-11-24 00:00:00-05:00,11.20872683657977,11.31726264912823,11.119926091278662,11.129792213439941,260500,0.0,0.0
2023-11-27 00:00:00-05:00,11.435664324759387,11.475131635435154,11.238327771380538,11.297528266906738,543300,0.0,0.0
2023-11-28 00:00:00-05:00,11.287661506036939,11.494865127872949,11.258061257481774,11.396197319030762,455300,0.0,0.0
2023-11-29 00:00:00-05:00,11.336996078491211,11.475132142447201,11.3172628927689,11.336996078491211,351500,0.0,0.0
2023-11-30 00:00:00-05:00,10.932455866134754,11.04099073979852,10.86338830480099,10.883121490478516,680000,0.0,0.0
2023-12-01 00:00:00-05:00,10.883120892213553,11.179126188904085,10.843653582053141,11.060724258422852,664000,0.0,0.0
2023-12-04 00:00:00-05:00,10.646317330262455,10.685784641531342,10.567382707724684,10.596982955932617,810000,0.0,0.0
2023-12-05 00:00:00-05:00,10.202310016876423,10.271377577528702,10.083908081054688,10.083908081054688,744000,0.0,0.0
2023-12-06 00:00:00-05:00,9.837236949649188,9.985239131225763,9.738568201281526,9.768168449401855,1180000,0.0,0.0
2023-12-07 00:00:00-05:00,9.699100994392891,9.797769743821224,9.669500745954364,9.738568305969238,736700,0.0,0.0
2023-12-08 00:00:00-05:00,9.32416088050342,9.541231560390539,9.304427695590908,9.422829627990723,1681200,0.0,0.0
2023-12-11 00:00:00-05:00,9.028155532740083,9.412962516798233,8.959087974437944,9.343894958496094,1226400,0.0,0.0
2023-12-12 00:00:00-05:00,8.929488031178657,9.028155840549314,8.761751720176107,8.88015365600586,1403500,0.0,0.0
2023-12-13 00:00:00-05:00,8.791351710346941,9.2452262548339,8.73215121466055,9.235359191894531,940300,0.0,0.0
2023-12-14 00:00:00-05:00,9.215626054412478,9.41296260934076,9.176158743426821,9.31429386138916,1014900,0.0,0.0
2023-12-15 00:00:00-05:00,9.334027797447884,9.393229233209244,9.136691246534854,9.186025619506836,499200,0.0,0.0
2023-12-18 00:00:00-05:00,9.46229724349256,9.482030429040515,9.304427995209151,9.334028244018555,455300,0.0,0.0
2023-12-19 00:00:00-05:00,9.590565628388735,9.7583019291848,9.590565628388735,9.699100494384766,714500,0.0,0.0
2023-12-20 00:00:00-05:00,9.807635760553936,9.926038634985101,9.758302327345026,9.768168449401855,665800,0.0,0.0
2023-12-21 00:00:00-05:00,9.847103027042428,9.886571278990415,9.79776959405728,9.876704216003418,389100,0.0,0.0
2023-12-22 00:00:00-05:00,10.034573248712242,10.074040558854698,9.896437192726195,9.935904502868652,239600,0.0,0.0
2023-12-26 00:00:00-05:00,10.024706043529866,10.024706043529866,9.866836805202606,9.886570930480957,235100,0.0,0.0
2023-12-27 00:00:00-05:00,10.074040412902832,10.143107969407762,10.034573103332175,10.074040412902832,279200,0.0,0.0
2023-12-28 00:00:00-05:00,9.89643744588985,9.926038634985101,9.768168449401855,9.768168449401855,323000,0.0,0.0
2023-12-29 00:00:00-05:00,9.84710357415222,9.84710357415222,9.73856869818976,9.807636260986328,386700,0.0,0.0
2024-01-02 00:00:00-05:00,9.797769685451152,9.965505993895075,9.778035559293079,9.847103118896484,348200,0.0,0.0
2024-01-03 00:00:00-05:00,9.669501092492998,9.778035967973928,9.600432589027893,9.7287015914917,441800,0.0,0.0
2024-01-04 00:00:00-05:00,9.728700993747292,9.74843511951768,9.501764193237298,9.531364440917969,486700,0.0,0.0
2024-01-05 00:00:00-05:00,9.699101341992348,10.014839845918662,9.679368155984436,9.7287015914917,525300,0.0,0.0
2024-01-08 00:00:00-05:00,9.501764150670386,9.659633392226606,9.46229684028133,9.639900207519531,441000,0.0,0.0
2024-01-09 00:00:00-05:00,9.738568105640887,9.738568105640887,9.541231551818486,9.610299110412598,467300,0.0,0.0
2024-01-10 00:00:00-05:00,8.909753994641262,9.097224433994954,8.880153745628819,9.038022994995117,1072700,0.0,0.0
2024-01-11 00:00:00-05:00,9.15642488389901,9.195892196033167,9.028155884219263,9.14655876159668,414500,0.0,0.0
2024-01-12 00:00:00-05:00,9.39322978899481,9.452430287284088,9.284693973839541,9.304428100585938,355300,0.0,0.0
2024-01-16 00:00:00-05:00,8.919620568731249,8.9788220044839,8.79135157541292,8.81108570098877,999200,0.0,0.0
2024-01-17 00:00:00-05:00,8.47561348872039,8.52494786398269,8.396678864690683,8.505213737487793,871700,0.0,0.0
2024-01-18 00:00:00-05:00,8.258542757591345,8.436146131187375,8.228942508983652,8.426279067993164,1241300,0.0,0.0
2024-01-19 00:00:00-05:00,8.455879316600857,8.455879316600857,8.298010069393246,8.426279067993164,579400,0.0,0.0
2024-01-22 00:00:00-05:00,8.071073023301487,8.258542513577662,8.071073023301487,8.219075202941895,936400,0.0,0.0
2024-01-23 00:00:00-05:00,8.278276826477462,8.544680944046082,8.278276826477462,8.53481388092041,1022000,0.0,0.0
2024-01-24 00:00:00-05:00,8.52494786398269,8.62361567353235,8.47561348872039,8.505213737487793,657000,0.0,0.0
2024-01-25 00:00:00-05:00,8.66308263071526,8.66308263071526,8.436145831168716,8.515080451965332,432700,0.0,0.0
2024-01-26 00:00:00-05:00,8.584147801434227,8.623615110873986,8.515080245158368,8.574280738830566,269600,0.0,0.0
2024-01-29 00:00:00-05:00,8.702550495396801,8.702550495396801,8.544681243748554,8.633482933044434,492700,0.0,0.0
2024-01-30 00:00:00-05:00,8.62361541715896,8.67294979095459,8.534813732521812,8.67294979095459,390100,0.0,0.0
2024-01-31 00:00:00-05:00,8.722284016450416,8.742017201048206,8.436145782470703,8.436145782470703,620000,0.0,0.0
2024-02-01 00:00:00-05:00,8.554547915007976,8.633482537213073,8.495346477866693,8.564414978027344,378000,0.0,0.0
2024-02-02 00:00:00-05:00,8.426278712477218,8.426278712477218,8.228942161793599,8.248675346374512,480700,0.0,0.0
2024-02-05 00:00:00-05:00,8.150008158352094,8.150008158352094,7.95267159273309,8.071073532104492,478000,0.0,0.0
2024-02-06 00:00:00-05:00,8.159874754896027,8.426278867991922,8.150007691936016,8.298009872436523,589800,0.0,0.0
2024-02-07 00:00:00-05:00,8.120406150817871,8.140140275881889,8.002004223358393,8.120406150817871,416700,0.0,0.0
2024-02-08 00:00:00-05:00,7.992138756994708,8.051339255090252,7.932937317924213,8.02173900604248,499800,0.0,0.0
2024-02-09 00:00:00-05:00,7.627065158061217,7.715866843226746,7.479062506281157,7.587597846984863,1635800,0.0,0.0
2024-02-12 00:00:00-05:00,7.5382633273185435,7.972404211261883,7.5382633273185435,7.913203716278076,1076500,0.0,0.0
2024-02-13 00:00:00-05:00,7.7257334357521055,7.7454670912902825,7.567864191446685,7.587597846984863,652500,0.0,0.0
2024-02-14 00:00:00-05:00,7.834268820090437,7.893469787034702,7.775067853146172,7.854002475738525,473400,0.0,0.0
2024-02-15 00:00:00-05:00,7.854002398620957,8.130273574981516,7.814535087712305,8.110540390014648,668000,0.0,0.0
2024-02-16 00:00:00-05:00,7.992138948266204,8.209208701111478,7.962537757535052,8.150008201599121,456500,0.0,0.0
2024-02-20 00:00:00-05:00,7.557997226715088,7.636931849894233,7.49879625933073,7.557997226715088,1327100,0.0,0.0
2024-02-21 00:00:00-05:00,7.400127734940449,7.617197941484224,7.370527016986209,7.538263320922852,774700,0.0,0.0
2024-02-22 00:00:00-05:00,7.607331549499386,7.725733483459599,7.5481305825192795,7.666532516479492,554000,0.0,0.0
2024-02-23 00:00:00-05:00,7.4987962821877225,7.627065280488541,7.469196033649052,7.597464561462402,585700,0.0,0.0
2024-02-26 00:00:00-05:00,7.321193316733818,7.390260876390292,7.212657975218333,7.291592597961426,809100,0.0,0.0
2024-02-27 00:00:00-05:00,7.725733667061836,7.745467323190843,7.47906273020552,7.567864418029785,1150700,0.0,0.0
2024-02-28 00:00:00-05:00,7.419861470972245,7.439595126327726,7.271858820562419,7.281725883483887,630700,0.0,0.0
2024-02-29 00:00:00-05:00,7.419861590202713,7.5481305873182265,7.409994997610154,7.479062557220459,623200,0.0,0.0
2024-03-01 00:00:00-05:00,7.567864141356373,7.735600447564395,7.548130485948809,7.696133136749268,608700,0.0,0.0
2024-03-04 00:00:00-05:00,7.627065464406575,7.6467991207373665,7.498796463012695,7.498796463012695,509000,0.0,0.0
2024-03-05 00:00:00-05:00,7.429728653282736,7.567864242990809,7.409994997610154,7.479062557220459,530600,0.0,0.0
2024-03-06 00:00:00-05:00,7.696133304693317,7.824401832397815,7.676399648855128,7.7849345207214355,700800,0.0,0.0
2024-03-07 00:00:00-05:00,7.834269046783447,7.903337078794046,7.7750680781261385,7.834269046783447,574500,0.0,0.0
2024-03-08 00:00:00-05:00,7.814535093371044,7.8342687488396585,7.696133160559351,7.735600471496582,560800,0.0,0.0
2024-03-11 00:00:00-04:00,7.4297285079956055,7.498796066255306,7.350793416361378,7.4297285079956055,652300,0.0,0.0
2024-03-12 00:00:00-04:00,7.479062762158008,7.498796418371321,7.409995200655148,7.419861793518066,464600,0.0,0.0
2024-03-13 00:00:00-04:00,7.528396949746551,7.75533422577061,7.508663294026522,7.705999851226807,681800,0.0,0.0
2024-03-14 00:00:00-04:00,7.670000076293945,7.670000076293945,7.340000152587891,7.349999904632568,634800,0.104,0.0
2024-03-15 00:00:00-04:00,7.389999866485596,7.429999828338623,7.320000171661377,7.409999847412109,504600,0.0,0.0
2024-03-18 00:00:00-04:00,7.199999809265137,7.210000038146973,7.099999904632568,7.150000095367432,594700,0.0,0.0
2024-03-19 00:00:00-04:00,7.269999980926514,7.449999809265137,7.269999980926514,7.380000114440918,546300,0.0,0.0
2024-03-20 00:00:00-04:00,7.400000095367432,7.829999923706055,7.389999866485596,7.789999961853027,771700,0.0,0.0
2024-03-21 00:00:00-04:00,7.829999923706055,7.829999923706055,7.679999828338623,7.769999980926514,438400,0.0,0.0
2024-03-22 00:00:00-04:00,7.650000095367432,7.809999942779541,7.599999904632568,7.659999847412109,560600,0.0,0.0
2024-03-25 00:00:00-04:00,7.630000114440918,7.760000228881836,7.599999904632568,7.699999809265137,621200,0.0,0.0
2024-03-26 00:00:00-04:00,7.710000038146973,7.710000038146973,7.480000019073486,7.5,450100,0.0,0.0
2024-03-27 00:00:00-04:00,7.510000228881836,7.650000095367432,7.449999809265137,7.650000095367432,471100,0.0,0.0
2024-03-28 00:00:00-04:00,7.71999979019165,7.829999923706055,7.710000038146973,7.809999942779541,495700,0.0,0.0
2024-04-01 00:00:00-04:00,7.849999904632568,7.860000133514404,7.71999979019165,7.75,226000,0.0,0.0
2024-04-02 00:00:00-04:00,8.109999656677246,8.130000114440918,7.980000019073486,8.010000228881836,505700,0.0,0.0
2024-04-03 00:00:00-04:00,8.029999732971191,8.149999618530273,8.029999732971191,8.130000114440918,495300,0.0,0.0
2024-04-04 00:00:00-04:00,8.449999809265137,8.5,8.180000305175781,8.199999809265137,732900,0.0,0.0
2024-04-05 00:00:00-04:00,8.229999542236328,8.270000457763672,8.100000381469727,8.15999984741211,620700,0.0,0.0
2024-04-08 00:00:00-04:00,8.800000190734863,8.949999809265137,8.6899995803833,8.739999771118164,1243400,0.0,0.0
2024-04-09 00:00:00-04:00,9.239999771118164,9.329999923706055,9.079999923706055,9.130000114440918,1260400,0.0,0.0
2024-04-10 00:00:00-04:00,8.970000267028809,9.100000381469727,8.710000038146973,8.789999961853027,1201700,0.0,0.0
2024-04-11 00:00:00-04:00,8.899999618530273,8.9399995803833,8.619999885559082,8.829999923706055,1231500,0.0,0.0
2024-04-12 00:00:00-04:00,9.010000228881836,9.109999656677246,8.619999885559082,8.6899995803833,1126100,0.0,0.0
2024-04-15 00:00:00-04:00,8.869999885559082,8.880000114440918,8.5600004196167,8.609999656677246,918500,0.0,0.0
2024-04-16 00:00:00-04:00,8.239999771118164,8.350000381469727,8.119999885559082,8.210000038146973,773300,0.0,0.0
2024-04-17 00:00:00-04:00,8.260000228881836,8.34000015258789,8.130000114440918,8.15999984741211,396800,0.0,0.0
2024-04-18 00:00:00-04:00,8.220000267028809,8.319999694824219,8.180000305175781,8.279999732971191,640600,0.0,0.0
2024-04-19 00:00:00-04:00,8.199999809265137,8.3100004196167,8.140000343322754,8.199999809265137,442800,0.0,0.0
2024-04-22 00:00:00-04:00,7.949999809265137,7.989999771118164,7.860000133514404,7.929999828338623,367000,0.0,0.0
2024-04-23 00:00:00-04:00,7.190000057220459,7.269999980926514,7.090000152587891,7.170000076293945,1748100,0.0,0.0
2024-04-24 00:00:00-04:00,6.929999828338623,7.110000133514404,6.900000095367432,7.070000171661377,1199100,0.0,0.0
2024-04-25 00:00:00-04:00,6.880000114440918,6.900000095367432,6.78000020980835,6.860000133514404,1481500,0.0,0.0
2024-04-26 00:00:00-04:00,7.0,7.03000020980835,6.900000095367432,6.929999828338623,640800,0.0,0.0
2024-04-29 00:00:00-04:00,7.099999904632568,7.179999828338623,7.099999904632568,7.139999866485596,492200,0.0,0.0
2024-04-30 00:00:00-04:00,7.110000133514404,7.179999828338623,7.019999980926514,7.03000020980835,514500,0.0,0.0
2024-05-01 00:00:00-04:00,7.090000152587891,7.159999847412109,6.889999866485596,6.940000057220459,427700,0.0,0.0
2024-05-02 00:00:00-04:00,6.869999885559082,6.900000095367432,6.739999771118164,6.739999771118164,770900,0.0,0.0
2024-05-03 00:00:00-04:00,7.0,7.150000095367432,6.989999771118164,7.050000190734863,590400,0.0,0.0
2024-05-06 00:00:00-04:00,7.28000020980835,7.329999923706055,7.170000076293945,7.199999809265137,353600,0.0,0.0
2024-05-07 00:00:00-04:00,7.260000228881836,7.309999942779541,7.179999828338623,7.21999979019165,392700,0.0,0.0
2024-05-08 00:00:00-04:00,7.199999809265137,7.360000133514404,7.170000076293945,7.230000019073486,405000,0.0,0.0
2024-05-09 00:00:00-04:00,7.170000076293945,7.230000019073486,7.119999885559082,7.170000076293945,386500,0.0,0.0
2024-05-10 00:00:00-04:00,7.449999809265137,7.5,7.349999904632568,7.369999885559082,532000,0.0,0.0
2024-05-13 00:00:00-04:00,7.429999828338623,7.550000190734863,7.429999828338623,7.46999979019165,460300,0.0,0.0
2024-05-14 00:00:00-04:00,7.28000020980835,7.320000171661377,7.25,7.309999942779541,347300,0.0,0.0
2024-05-15 00:00:00-04:00,7.329999923706055,7.360000133514404,7.199999809265137,7.340000152587891,310300,0.0,0.0
2024-05-16 00:00:00-04:00,7.340000152587891,7.400000095367432,7.28000020980835,7.389999866485596,367500,0.0,0.0
2024-05-17 00:00:00-04:00,7.320000171661377,7.510000228881836,7.300000190734863,7.510000228881836,491500,0.0,0.0
2024-05-20 00:00:00-04:00,7.360000133514404,7.559999942779541,7.340000152587891,7.539999961853027,972800,0.0,0.0
2024-05-21 00:00:00-04:00,7.380000114440918,7.610000133514404,7.349999904632568,7.579999923706055,740400,0.0,0.0
2024-05-22 00:00:00-04:00,7.400000095367432,7.400000095367432,7.28000020980835,7.349999904632568,589600,0.0,0.0
2024-05-23 00:00:00-04:00,7.289999961853027,7.289999961853027,7.050000190734863,7.139999866485596,641000,0.0,0.0
2024-05-24 00:00:00-04:00,7.21999979019165,7.260000228881836,7.190000057220459,7.21999979019165,272300,0.0,0.0
2024-05-28 00:00:00-04:00,6.909999847412109,7.070000171661377,6.869999885559082,6.989999771118164,790900,0.0,0.0
2024-05-29 00:00:00-04:00,7.010000228881836,7.059999942779541,6.920000076293945,6.949999809265137,510200,0.0,0.0
2024-05-30 00:00:00-04:00,6.889999866485596,6.920000076293945,6.670000076293945,6.889999866485596,1283000,0.0,0.0
2024-05-31 00:00:00-04:00,6.710000038146973,6.849999904632568,6.650000095367432,6.820000171661377,1125500,0.0,0.0
2024-06-03 00:00:00-04:00,6.480000019073486,6.539999961853027,6.269999980926514,6.349999904632568,1737900,0.0,0.0
2024-06-04 00:00:00-04:00,6.239999771118164,6.360000133514404,6.21999979019165,6.269999980926514,963500,0.0,0.0
2024-06-05 00:00:00-04:00,6.309999942779541,6.360000133514404,6.239999771118164,6.340000152587891,549800,0.0,0.0
2024-06-06 00:00:00-04:00,6.380000114440918,6.460000038146973,6.380000114440918,6.420000076293945,460100,0.0,0.0
2024-06-07 00:00:00-04:00,6.409999847412109,6.489999771118164,6.389999866485596,6.409999847412109,423400,0.0,0.0
2024-06-10 00:00:00-04:00,6.409999847412109,6.449999809265137,6.380000114440918,6.400000095367432,257500,0.0,0.0
2024-06-11 00:00:00-04:00,6.420000076293945,6.539999961853027,6.309999942779541,6.480000019073486,657900,0.0,0.0
2024-06-12 00:00:00-04:00,6.639999866485596,6.650000095367432,6.480000019073486,6.510000228881836,419400,0.0,0.0
2024-06-13 00:00:00-04:00,6.460000038146973,6.460000038146973,6.360000133514404,6.440000057220459,467100,0.0,0.0
2024-06-14 00:00:00-04:00,6.320000171661377,6.590000152587891,6.289999961853027,6.579999923706055,703400,0.0,0.0
2024-06-17 00:00:00-04:00,6.699999809265137,6.800000190734863,6.659999847412109,6.739999771118164,523300,0.0,0.0
2024-06-18 00:00:00-04:00,6.980000019073486,7.28000020980835,6.980000019073486,7.25,1026000,0.0,0.0
2024-06-20 00:00:00-04:00,7.5,7.900000095367432,7.5,7.690000057220459,1553700,0.0,0.0
2024-06-21 00:00:00-04:00,7.690000057220459,7.71999979019165,7.519999980926514,7.639999866485596,735500,0.0,0.0
2024-06-24 00:00:00-04:00,7.739999771118164,7.829999923706055,7.690000057220459,7.809999942779541,557000,0.0,0.0
2024-06-25 00:00:00-04:00,7.690000057220459,7.690000057220459,7.53000020980835,7.610000133514404,428800,0.0,0.0
2024-06-26 00:00:00-04:00,7.5,7.590000152587891,7.420000076293945,7.53000020980835,507900,0.0,0.0
2024-06-27 00:00:00-04:00,7.369999885559082,7.429999828338623,7.300000190734863,7.369999885559082,581600,0.0,0.0
2024-06-28 00:00:00-04:00,7.650000095367432,7.679999828338623,7.539999961853027,7.610000133514404,551400,0.0,0.0
2024-07-01 00:00:00-04:00,7.760000228881836,7.849999904632568,7.599999904632568,7.659999847412109,480400,0.0,0.0
2024-07-02 00:00:00-04:00,7.579999923706055,7.630000114440918,7.389999866485596,7.460000038146973,397400,0.0,0.0
2024-07-03 00:00:00-04:00,7.769999980926514,8.029999732971191,7.769999980926514,7.949999809265137,544500,0.0,0.0
2024-07-05 00:00:00-04:00,8.039999961853027,8.0600004196167,7.78000020980835,7.869999885559082,809300,0.0,0.0
2024-07-08 00:00:00-04:00,7.920000076293945,7.989999771118164,7.869999885559082,7.960000038146973,466100,0.0,0.0
2024-07-09 00:00:00-04:00,7.900000095367432,7.960000038146973,7.840000152587891,7.840000152587891,530000,0.0,0.0
2024-07-10 00:00:00-04:00,7.730000019073486,7.739999771118164,7.519999980926514,7.619999885559082,646800,0.0,0.0
2024-07-11 00:00:00-04:00,7.639999866485596,7.690000057220459,7.53000020980835,7.650000095367432,456700,0.0,0.0
2024-07-12 00:00:00-04:00,7.690000057220459,7.71999979019165,7.570000171661377,7.630000114440918,327800,0.0,0.0
2024-07-15 00:00:00-04:00,7.269999980926514,7.309999942779541,7.179999828338623,7.289999961853027,726200,0.0,0.0
2024-07-16 00:00:00-04:00,7.329999923706055,7.510000228881836,7.309999942779541,7.480000019073486,460800,0.0,0.0
2024-07-17 00:00:00-04:00,7.440000057220459,7.510000228881836,7.349999904632568,7.369999885559082,478300,0.0,0.0
2024-07-18 00:00:00-04:00,7.489999771118164,7.510000228881836,7.300000190734863,7.309999942779541,437900,0.0,0.0
2024-07-19 00:00:00-04:00,7.349999904632568,7.449999809265137,7.25,7.309999942779541,365200,0.0,0.0
2024-07-22 00:00:00-04:00,7.920000076293945,8.130000114440918,7.769999980926514,8.050000190734863,1265100,0.0,0.0
2024-07-23 00:00:00-04:00,8.069999694824219,8.149999618530273,7.980000019073486,8.119999885559082,616600,0.0,0.0
2024-07-24 00:00:00-04:00,7.809999942779541,7.980000019073486,7.630000114440918,7.639999866485596,816200,0.0,0.0
2024-07-25 00:00:00-04:00,7.710000038146973,7.78000020980835,7.650000095367432,7.670000076293945,606500,0.0,0.0
2024-07-26 00:00:00-04:00,7.860000133514404,7.869999885559082,7.699999809265137,7.78000020980835,493900,0.0,0.0
2024-07-29 00:00:00-04:00,7.800000190734863,7.860000133514404,7.639999866485596,7.690000057220459,417100,0.0,0.0
2024-07-30 00:00:00-04:00,7.789999961853027,7.909999847412109,7.730000019073486,7.860000133514404,326300,0.0,0.0
2024-07-31 00:00:00-04:00,8.029999732971191,8.149999618530273,7.980000019073486,8.0600004196167,407200,0.0,0.0
2024-08-01 00:00:00-04:00,8.0600004196167,8.130000114440918,7.869999885559082,7.940000057220459,531700,0.0,0.0
2024-08-02 00:00:00-04:00,7.559999942779541,7.559999942779541,7.159999847412109,7.199999809265137,1032200,0.0,0.0
2024-08-05 00:00:00-04:00,7.039999961853027,7.210000038146973,6.989999771118164,7.130000114440918,759200,0.0,0.0
2024-08-06 00:00:00-04:00,7.070000171661377,7.210000038146973,7.050000190734863,7.190000057220459,432500,0.0,0.0
2024-08-07 00:00:00-04:00,7.230000019073486,7.349999904632568,7.139999866485596,7.170000076293945,427300,0.0,0.0
2024-08-08 00:00:00-04:00,7.070000171661377,7.179999828338623,7.050000190734863,7.159999847412109,283200,0.0,0.0
2024-08-09 00:00:00-04:00,7.199999809265137,7.21999979019165,7.070000171661377,7.139999866485596,228500,0.0,0.0
2024-08-12 00:00:00-04:00,7.0,7.059999942779541,6.869999885559082,6.869999885559082,572700,0.0,0.0
2024-08-13 00:00:00-04:00,7.010000228881836,7.079999923706055,6.960000038146973,7.03000020980835,347400,0.0,0.0
2024-08-14 00:00:00-04:00,7.179999828338623,7.289999961853027,7.130000114440918,7.199999809265137,341300,0.0,0.0
2024-08-15 00:00:00-04:00,7.510000228881836,7.559999942779541,7.440000057220459,7.449999809265137,720800,0.0,0.0
2024-08-16 00:00:00-04:00,7.539999961853027,7.639999866485596,7.519999980926514,7.610000133514404,394100,0.0,0.0
2024-08-19 00:00:00-04:00,7.670000076293945,7.75,7.559999942779541,7.559999942779541,264200,0.0,0.0
2024-08-20 00:00:00-04:00,7.320000171661377,7.369999885559082,7.119999885559082,7.230000019073486,779800,0.0,0.0
2024-08-21 00:00:00-04:00,7.519999980926514,7.690000057220459,7.409999847412109,7.650000095367432,877400,0.0,0.0
2024-08-22 00:00:00-04:00,7.96999979019165,8.079999923706055,7.929999828338623,7.960000038146973,1236900,0.0,0.0
2024-08-23 00:00:00-04:00,8.010000228881836,8.380000114440918,8.010000228881836,8.380000114440918,1018900,0.0,0.0
2024-08-26 00:00:00-04:00,8.3100004196167,8.399999618530273,8.279999732971191,8.3100004196167,360800,0.0,0.0
2024-08-27 00:00:00-04:00,8.260000228881836,8.3100004196167,8.109999656677246,8.119999885559082,389300,0.0,0.0
2024-08-28 00:00:00-04:00,7.96999979019165,8.079999923706055,7.909999847412109,7.949999809265137,301700,0.0,0.0
2024-08-29 00:00:00-04:00,8.069999694824219,8.119999885559082,8.039999961853027,8.069999694824219,231100,0.0,0.0
2024-08-30 00:00:00-04:00,7.840000152587891,7.840000152587891,7.449999809265137,7.610000133514404,1026400,0.0,0.0
2024-09-03 00:00:00-04:00,7.400000095367432,7.400000095367432,6.989999771118164,7.039999961853027,976900,0.0,0.0
2024-09-04 00:00:00-04:00,7.150000095367432,7.289999961853027,7.0,7.039999961853027,897300,0.0,0.0
2024-09-05 00:00:00-04:00,7.349999904632568,7.400000095367432,7.190000057220459,7.28000020980835,679900,0.0,0.0
2024-09-06 00:00:00-04:00,7.329999923706055,7.340000152587891,7.099999904632568,7.170000076293945,446400,0.0,0.0
2024-09-09 00:00:00-04:00,7.139999866485596,7.150000095367432,6.920000076293945,7.0,984400,0.0,0.0
2024-09-10 00:00:00-04:00,7.0,7.0,6.71999979019165,6.800000190734863,1190500,0.0,0.0
2024-09-11 00:00:00-04:00,6.71999979019165,6.71999979019165,6.550000190734863,6.630000114440918,984200,0.0,0.0
2024-09-12 00:00:00-04:00,6.630000114440918,6.760000228881836,6.599999904632568,6.670000076293945,844200,0.0,0.0
2024-09-13 00:00:00-04:00,7.0,7.050000190734863,6.869999885559082,6.909999847412109,801400,0.0,0.0
2024-09-16 00:00:00-04:00,7.0,7.130000114440918,6.989999771118164,7.119999885559082,495500,0.0,0.0
2024-09-17 00:00:00-04:00,7.119999885559082,7.199999809265137,7.099999904632568,7.159999847412109,412600,0.0,0.0
2024-09-18 00:00:00-04:00,7.130000114440918,7.230000019073486,6.980000019073486,7.059999942779541,475500,0.0,0.0
2024-09-19 00:00:00-04:00,7.230000019073486,7.289999961853027,7.159999847412109,7.190000057220459,435500,0.0,0.0
2024-09-20 00:00:00-04:00,6.909999847412109,6.929999828338623,6.789999961853027,6.849999904632568,729700,0.0,0.0
2024-09-23 00:00:00-04:00,7.079999923706055,7.179999828338623,7.03000020980835,7.070000171661377,538500,0.0,0.0
2024-09-24 00:00:00-04:00,7.25,7.329999923706055,7.170000076293945,7.239999771118164,835400,0.0,0.0
2024-09-25 00:00:00-04:00,7.25,7.25,7.050000190734863,7.059999942779541,471400,0.0,0.0
2024-09-26 00:00:00-04:00,6.679999828338623,6.800000190734863,6.639999866485596,6.71999979019165,1973100,0.0,0.0
2024-09-27 00:00:00-04:00,6.730000019073486,6.869999885559082,6.690000057220459,6.769999980926514,1171900,0.0,0.0
2024-09-30 00:00:00-04:00,6.820000171661377,6.829999923706055,6.690000057220459,6.760000228881836,481500,0.0,0.0
2024-10-01 00:00:00-04:00,6.710000038146973,6.889999866485596,6.679999828338623,6.789999961853027,834700,0.0,0.0
2024-10-02 00:00:00-04:00,6.960000038146973,7.039999961853027,6.909999847412109,6.960000038146973,823400,0.0,0.0
2024-10-03 00:00:00-04:00,7.130000114440918,7.269999980926514,7.050000190734863,7.230000019073486,784000,0.0,0.0
2024-10-04 00:00:00-04:00,7.25,7.340000152587891,7.230000019073486,7.28000020980835,553400,0.0,0.0
2024-10-07 00:00:00-04:00,7.199999809265137,7.269999980926514,7.170000076293945,7.199999809265137,333700,0.0,0.0
2024-10-08 00:00:00-04:00,7.079999923706055,7.090000152587891,6.900000095367432,6.96999979019165,586400,0.0,0.0
2024-10-09 00:00:00-04:00,6.730000019073486,6.75,6.650000095367432,6.690000057220459,1043900,0.0,0.0
2024-10-10 00:00:00-04:00,6.880000114440918,7.019999980926514,6.800000190734863,7.0,979500,0.0,0.0
2024-10-11 00:00:00-04:00,6.980000019073486,7.010000228881836,6.880000114440918,6.909999847412109,413300,0.0,0.0
2024-10-14 00:00:00-04:00,6.760000228881836,6.820000171661377,6.710000038146973,6.820000171661377,414000,0.0,0.0
2024-10-15 00:00:00-04:00,6.46999979019165,6.480000019073486,6.369999885559082,6.369999885559082,1527600,0.0,0.0
2024-10-16 00:00:00-04:00,6.46999979019165,6.559999942779541,6.449999809265137,6.519999980926514,823300,0.0,0.0
2024-10-17 00:00:00-04:00,6.480000019073486,6.519999980926514,6.409999847412109,6.460000038146973,584500,0.0,0.0
2024-10-18 00:00:00-04:00,6.659999847412109,6.679999828338623,6.559999942779541,6.590000152587891,586900,0.0,0.0
2024-10-21 00:00:00-04:00,6.539999961853027,6.579999923706055,6.449999809265137,6.449999809265137,503500,0.0,0.0
2024-10-22 00:00:00-04:00,6.300000190734863,6.309999942779541,6.170000076293945,6.239999771118164,1129200,0.0,0.0
2024-10-23 00:00:00-04:00,5.949999809265137,6.03000020980835,5.840000152587891,5.880000114440918,1972100,0.0,0.0
2024-10-24 00:00:00-04:00,6.190000057220459,6.199999809265137,5.96999979019165,6.050000190734863,1004300,0.0,0.0
2024-10-25 00:00:00-04:00,5.989999771118164,6.03000020980835,5.929999828338623,5.929999828338623,696000,0.0,0.0
2024-10-28 00:00:00-04:00,5.71999979019165,5.789999961853027,5.690000057220459,5.760000228881836,1536800,0.0,0.0
2024-10-29 00:00:00-04:00,5.820000171661377,5.880000114440918,5.789999961853027,5.860000133514404,1094200,0.0,0.0
2024-10-30 00:00:00-04:00,5.650000095367432,5.71999979019165,5.630000114440918,5.679999828338623,1106200,0.0,0.0
2024-10-31 00:00:00-04:00,5.679999828338623,5.760000228881836,5.570000171661377,5.710000038146973,859700,0.0,0.0
2024-11-01 00:00:00-04:00,5.909999847412109,5.929999828338623,5.670000076293945,5.71999979019165,1285300,0.0,0.0
2024-11-04 00:00:00-05:00,5.96999979019165,6.059999942779541,5.96999979019165,5.980000019073486,747200,0.0,0.0
2024-11-05 00:00:00-05:00,6.059999942779541,6.090000152587891,5.949999809265137,5.980000019073486,965400,0.0,0.0
2024-11-06 00:00:00-05:00,5.860000133514404,5.989999771118164,5.860000133514404,5.96999979019165,1198500,0.0,0.0
2024-11-07 00:00:00-05:00,6.190000057220459,6.21999979019165,6.110000133514404,6.139999866485596,946100,0.0,0.0
2024-11-08 00:00:00-05:00,5.800000190734863,5.800000190734863,5.650000095367432,5.730000019073486,1195700,0.0,0.0
2024-11-11 00:00:00-05:00,5.519999980926514,5.590000152587891,5.5,5.559999942779541,1677100,0.0,0.0
2024-11-12 00:00:00-05:00,5.329999923706055,5.400000095367432,5.300000190734863,5.360000133514404,1319000,0.0,0.0
2024-11-13 00:00:00-05:00,5.389999866485596,5.449999809265137,5.329999923706055,5.400000095367432,747000,0.0,0.0
2024-11-14 00:00:00-05:00,5.139999866485596,5.289999961853027,5.139999866485596,5.179999828338623,1461500,0.0,0.0
2024-11-15 00:00:00-05:00,5.230000019073486,5.309999942779541,5.210000038146973,5.239999771118164,833000,0.0,0.0
2024-11-18 00:00:00-05:00,5.300000190734863,5.480000019073486,5.289999961853027,5.429999828338623,812500,0.0,0.0
2024-11-19 00:00:00-05:00,5.210000038146973,5.260000228881836,5.170000076293945,5.210000038146973,1067500,0.0,0.0
2024-11-20 00:00:00-05:00,5.309999942779541,5.480000019073486,5.300000190734863,5.420000076293945,960500,0.0,0.0
2024-11-21 00:00:00-05:00,5.440000057220459,5.5,5.409999847412109,5.46999979019165,482300,0.0,0.0
2024-11-22 00:00:00-05:00,5.429999828338623,5.53000020980835,5.409999847412109,5.510000228881836,594800,0.0,0.0
2024-11-25 00:00:00-05:00,5.360000133514404,5.389999866485596,5.239999771118164,5.25,1204100,0.0,0.0
2024-11-26 00:00:00-05:00,5.170000076293945,5.210000038146973,5.110000133514404,5.159999847412109,797000,0.0,0.0
2024-11-27 00:00:00-05:00,5.059999942779541,5.179999828338623,5.050000190734863,5.139999866485596,858500,0.0,0.0
2024-11-29 00:00:00-05:00,4.96999979019165,5.019999980926514,4.900000095367432,5.010000228881836,1056300,0.0,0.0
2024-12-02 00:00:00-05:00,5.010000228881836,5.260000228881836,4.96999979019165,5.25,1631300,0.0,0.0
2024-12-03 00:00:00-05:00,5.059999942779541,5.099999904632568,4.989999771118164,5.039999961853027,1156200,0.0,0.0
2024-12-04 00:00:00-05:00,5.110000133514404,5.139999866485596,5.039999961853027,5.039999961853027,763600,0.0,0.0
2024-12-05 00:00:00-05:00,5.059999942779541,5.110000133514404,5.010000228881836,5.039999961853027,1273000,0.0,0.0
2024-12-06 00:00:00-05:00,5.079999923706055,5.090000152587891,4.909999847412109,4.96999979019165,981100,0.0,0.0
2024-12-09 00:00:00-05:00,5.199999809265137,5.539999961853027,5.199999809265137,5.360000133514404,1593200,0.0,0.0
2024-12-10 00:00:00-05:00,5.260000228881836,5.409999847412109,5.210000038146973,5.269999980926514,1198400,0.0,0.0
2024-12-11 00:00:00-05:00,5.070000171661377,5.090000152587891,4.96999979019165,5.019999980926514,1077400,0.0,0.0
2024-12-12 00:00:00-05:00,5.179999828338623,5.25,5.139999866485596,5.170000076293945,868800,0.0,0.0
2024-12-13 00:00:00-05:00,5.039999961853027,5.059999942779541,4.96999979019165,5.039999961853027,648200,0.0,0.0
2024-12-16 00:00:00-05:00,5.070000171661377,5.079999923706055,4.880000114440918,4.889999866485596,759000,0.0,0.0
2024-12-17 00:00:00-05:00,4.889999866485596,4.920000076293945,4.840000152587891,4.909999847412109,871500,0.0,0.0
2024-12-18 00:00:00-05:00,4.849999904632568,4.920000076293945,4.730000019073486,4.78000020980835,1147000,0.0,0.0
2024-12-19 00:00:00-05:00,4.630000114440918,4.679999828338623,4.599999904632568,4.619999885559082,1116200,0.0,0.0
2024-12-20 00:00:00-05:00,4.599999904632568,4.699999809265137,4.579999923706055,4.670000076293945,884700,0.0,0.0
2024-12-23 00:00:00-05:00,4.610000133514404,4.699999809265137,4.53000020980835,4.699999809265137,857000,0.0,0.0
2024-12-24 00:00:00-05:00,4.690000057220459,4.690000057220459,4.559999942779541,4.619999885559082,515900,0.0,0.0
2024-12-26 00:00:00-05:00,4.619999885559082,4.71999979019165,4.590000152587891,4.639999866485596,949300,0.0,0.0
2024-12-27 00:00:00-05:00,4.5,4.539999961853027,4.380000114440918,4.5,1205800,0.0,0.0
2024-12-30 00:00:00-05:00,4.400000095367432,4.53000020980835,4.380000114440918,4.460000038146973,1471900,0.0,0.0
2024-12-31 00:00:00-05:00,4.480000019073486,4.610000133514404,4.46999979019165,4.559999942779541,676800,0.0,0.0
2025-01-02 00:00:00-05:00,4.679999828338623,4.820000171661377,4.650000095367432,4.769999980926514,905800,0.0,0.0
2025-01-03 00:00:00-05:00,4.690000057220459,4.739999771118164,4.639999866485596,4.690000057220459,665900,0.0,0.0
2025-01-06 00:00:00-05:00,4.610000133514404,4.71999979019165,4.599999904632568,4.659999847412109,874700,0.0,0.0
2025-01-07 00:00:00-05:00,4.429999828338623,4.510000228881836,4.380000114440918,4.46999979019165,2274600,0.0,0.0
2025-01-08 00:00:00-05:00,4.369999885559082,4.5,4.289999961853027,4.420000076293945,1541700,0.0,0.0
2025-01-10 00:00:00-05:00,5.010000228881836,5.150000095367432,4.929999828338623,5.070000171661377,2453800,0.0,0.0
2025-01-13 00:00:00-05:00,5.150000095367432,5.300000190734863,5.119999885559082,5.260000228881836,1897400,0.0,0.0
2025-01-14 00:00:00-05:00,5.150000095367432,5.170000076293945,5.010000228881836,5.059999942779541,1235800,0.0,0.0
2025-01-15 00:00:00-05:00,5.159999847412109,5.190000057220459,5.070000171661377,5.119999885559082,830900,0.0,0.0
2025-01-16 00:00:00-05:00,5.010000228881836,5.039999961853027,4.929999828338623,4.980000019073486,790900,0.0,0.0
2025-01-17 00:00:00-05:00,5.5,5.550000190734863,5.389999866485596,5.400000095367432,2374600,0.0,0.0
2025-01-21 00:00:00-05:00,5.25,5.309999942779541,5.190000057220459,5.199999809265137,1441400,0.0,0.0
2025-01-22 00:00:00-05:00,5.059999942779541,5.079999923706055,4.949999809265137,4.960000038146973,995800,0.0,0.0
2025-01-23 00:00:00-05:00,4.78000020980835,4.820000171661377,4.710000038146973,4.739999771118164,1443700,0.0,0.0
2025-01-24 00:00:00-05:00,4.820000171661377,4.860000133514404,4.739999771118164,4.769999980926514,820900,0.0,0.0
2025-01-27 00:00:00-05:00,4.610000133514404,4.699999809265137,4.599999904632568,4.619999885559082,1075500,0.0,0.0
2025-01-28 00:00:00-05:00,4.619999885559082,4.659999847412109,4.53000020980835,4.590000152587891,1168800,0.0,0.0
2025-01-29 00:00:00-05:00,4.480000019073486,4.579999923706055,4.449999809265137,4.550000190734863,1466400,0.0,0.0
2025-01-30 00:00:00-05:00,4.619999885559082,4.880000114440918,4.599999904632568,4.820000171661377,2257700,0.0,0.0
2025-01-31 00:00:00-05:00,4.690000057220459,4.769999980926514,4.679999828338623,4.699999809265137,1190800,0.0,0.0
2025-02-03 00:00:00-05:00,4.710000038146973,4.820000171661377,4.639999866485596,4.78000020980835,1282300,0.0,0.0
2025-02-04 00:00:00-05:00,4.690000057220459,4.889999866485596,4.670000076293945,4.820000171661377,1227200,0.0,0.0
2025-02-05 00:00:00-05:00,4.739999771118164,4.760000228881836,4.650000095367432,4.659999847412109,967400,0.0,0.0
2025-02-06 00:00:00-05:00,4.449999809265137,4.5,4.320000171661377,4.400000095367432,2523300,0.0,0.0
2025-02-07 00:00:00-05:00,4.329999923706055,4.360000133514404,4.199999809265137,4.199999809265137,1269700,0.0,0.0
2025-02-10 00:00:00-05:00,4.389999866485596,4.429999828338623,4.369999885559082,4.380000114440918,1436200,0.0,0.0
2025-02-11 00:00:00-05:00,4.579999923706055,4.670000076293945,4.570000171661377,4.619999885559082,958900,0.0,0.0
2025-02-12 00:00:00-05:00,4.650000095367432,4.679999828338623,4.559999942779541,4.570000171661377,1028000,0.0,0.0
2025-02-13 00:00:00-05:00,4.449999809265137,4.53000020980835,4.420000076293945,4.510000228881836,658100,0.0,0.0
2025-02-14 00:00:00-05:00,4.480000019073486,4.53000020980835,4.460000038146973,4.46999979019165,786700,0.0,0.0
2025-02-18 00:00:00-05:00,4.400000095367432,4.480000019073486,4.389999866485596,4.460000038146973,967400,0.0,0.0
2025-02-19 00:00:00-05:00,4.440000057220459,4.46999979019165,4.360000133514404,4.360000133514404,883100,0.0,0.0
2025-02-20 00:00:00-05:00,4.559999942779541,4.639999866485596,4.53000020980835,4.619999885559082,923600,0.0,0.0
2025-02-21 00:00:00-05:00,4.78000020980835,4.809999942779541,4.599999904632568,4.639999866485596,1166600,0.0,0.0
2025-02-24 00:00:00-05:00,4.849999904632568,4.849999904632568,4.71999979019165,4.800000190734863,743300,0.0,0.0
2025-02-25 00:00:00-05:00,4.730000019073486,4.840000152587891,4.679999828338623,4.78000020980835,734300,0.0,0.0
2025-02-26 00:00:00-05:00,4.699999809265137,4.699999809265137,4.619999885559082,4.630000114440918,600600,0.0,0.0
2025-02-27 00:00:00-05:00,4.639999866485596,4.659999847412109,4.599999904632568,4.630000114440918,483700,0.0,0.0
2025-02-28 00:00:00-05:00,4.489999771118164,4.489999771118164,4.360000133514404,4.369999885559082,741900,0.0,0.0
2025-03-03 00:00:00-05:00,4.510000228881836,4.519999980926514,4.210000038146973,4.21999979019165,1072000,0.0,0.0
2025-03-04 00:00:00-05:00,4.070000171661377,4.239999771118164,4.039999961853027,4.170000076293945,1971200,0.0,0.0
2025-03-05 00:00:00-05:00,4.21999979019165,4.28000020980835,4.170000076293945,4.21999979019165,900100,0.0,0.0
2025-03-06 00:00:00-05:00,4.130000114440918,4.179999828338623,4.099999904632568,4.150000095367432,906200,0.0,0.0
2025-03-07 00:00:00-05:00,4.269999980926514,4.400000095367432,4.269999980926514,4.360000133514404,732800,0.0,0.0
2025-03-10 00:00:00-04:00,4.400000095367432,4.400000095367432,4.260000228881836,4.269999980926514,702100,0.0,0.0
2025-03-11 00:00:00-04:00,4.420000076293945,4.449999809265137,4.329999923706055,4.389999866485596,1148800,0.0,0.0
2025-03-12 00:00:00-04:00,4.429999828338623,4.460000038146973,4.360000133514404,4.400000095367432,739300,0.0,0.0
2025-03-13 00:00:00-04:00,4.139999866485596,4.21999979019165,4.099999904632568,4.119999885559082,1019300,0.0,0.0
2025-03-14 00:00:00-04:00,4.309999942779541,4.340000152587891,4.289999961853027,4.329999923706055,831000,0.0,0.0
2025-03-17 00:00:00-04:00,4.340000152587891,4.400000095367432,4.340000152587891,4.349999904632568,523700,0.0,0.0
2025-03-18 00:00:00-04:00,4.409999847412109,4.409999847412109,4.309999942779541,4.329999923706055,605600,0.0,0.0
2025-03-19 00:00:00-04:00,4.320000171661377,4.360000133514404,4.260000228881836,4.300000190734863,810700,0.0,0.0
2025-03-20 00:00:00-04:00,4.179999828338623,4.230000019073486,4.179999828338623,4.21999979019165,461000,0.0,0.0
2025-03-21 00:00:00-04:00,4.199999809265137,4.199999809265137,4.110000133514404,4.139999866485596,599800,0.0,0.0
2025-03-24 00:00:00-04:00,4.150000095367432,4.170000076293945,4.070000171661377,4.070000171661377,623600,0.0,0.0
2025-03-25 00:00:00-04:00,4.130000114440918,4.179999828338623,4.059999942779541,4.070000171661377,839700,0.0,0.0
2025-03-26 00:00:00-04:00,4.099999904632568,4.179999828338623,4.099999904632568,4.119999885559082,536600,0.0,0.0
2025-03-27 00:00:00-04:00,4.099999904632568,4.159999847412109,4.099999904632568,4.099999904632568,378100,0.0,0.0
2025-03-28 00:00:00-04:00,4.25,4.260000228881836,4.099999904632568,4.130000114440918,818300,0.0,0.0
2025-03-31 00:00:00-04:00,4.199999809265137,4.269999980926514,4.150000095367432,4.230000019073486,827400,0.0,0.0
2025-04-01 00:00:00-04:00,4.340000152587891,4.380000114440918,4.289999961853027,4.320000171661377,700700,0.0,0.0
2025-04-02 00:00:00-04:00,4.199999809265137,4.199999809265137,4.110000133514404,4.139999866485596,595700,0.0,0.0
2025-04-03 00:00:00-04:00,3.680000066757202,3.809999942779541,3.559999942779541,3.5799999237060547,3659600,0.0,0.0
2025-04-04 00:00:00-04:00,3.2799999713897705,3.309999942779541,3.119999885559082,3.2300000190734863,5297400,0.0,0.0
2025-04-07 00:00:00-04:00,3.119999885559082,3.309999942779541,3.0199999809265137,3.119999885559082,2889400,0.0,0.0
2025-04-08 00:00:00-04:00,3.0999999046325684,3.119999885559082,2.869999885559082,2.930000066757202,2286100,0.0,0.0
2025-04-09 00:00:00-04:00,2.859999895095825,3.2899999618530273,2.7799999713897705,3.25,3153800,0.0,0.0
2025-04-10 00:00:00-04:00,3.190000057220459,3.2200000286102295,3.0899999141693115,3.180000066757202,1685000,0.0,0.0
2025-04-11 00:00:00-04:00,3.319999933242798,3.450000047683716,3.2899999618530273,3.440000057220459,1833900,0.0,0.0
2025-04-14 00:00:00-04:00,3.549999952316284,3.569999933242798,3.4700000286102295,3.5199999809265137,2271100,0.0,0.0
2025-04-15 00:00:00-04:00,3.4700000286102295,3.4800000190734863,3.390000104904175,3.4200000762939453,1191400,0.0,0.0
2025-04-16 00:00:00-04:00,3.490000009536743,3.5299999713897705,3.430000066757202,3.450000047683716,793300,0.0,0.0
2025-04-17 00:00:00-04:00,3.5899999141693115,3.609999895095825,3.5399999618530273,3.5899999141693115,923700,0.0,0.0
2025-04-21 00:00:00-04:00,3.559999942779541,3.5999999046325684,3.440000057220459,3.490000009536743,574600,0.0,0.0
2025-04-22 00:00:00-04:00,3.5899999141693115,3.6700000762939453,3.5899999141693115,3.6500000953674316,699700,0.0,0.0
2025-04-23 00:00:00-04:00,3.630000114440918,3.680000066757202,3.549999952316284,3.6500000953674316,1194400,0.0,0.0
2025-04-24 00:00:00-04:00,3.5899999141693115,3.5999999046325684,3.5,3.5,852600,0.0,0.0
2025-04-25 00:00:00-04:00,3.509999990463257,3.569999933242798,3.5,3.559999942779541,362000,0.0,0.0
2025-04-28 00:00:00-04:00,3.5899999141693115,3.5899999141693115,3.5299999713897705,3.5299999713897705,493500,0.0,0.0
2025-04-29 00:00:00-04:00,3.569999933242798,3.609999895095825,3.549999952316284,3.569999933242798,483600,0.0,0.0
2025-04-30 00:00:00-04:00,3.509999990463257,3.5199999809265137,3.430000066757202,3.4800000190734863,656100,0.0,0.0
2025-05-01 00:00:00-04:00,3.4600000381469727,3.509999990463257,3.430000066757202,3.450000047683716,471600,0.0,0.0
2025-05-02 00:00:00-04:00,3.5299999713897705,3.569999933242798,3.509999990463257,3.549999952316284,640200,0.0,0.0
2025-05-05 00:00:00-04:00,3.549999952316284,3.569999933242798,3.4700000286102295,3.4800000190734863,686200,0.0,0.0
2025-05-06 00:00:00-04:00,3.440000057220459,3.4700000286102295,3.4100000858306885,3.4100000858306885,385200,0.0,0.0
2025-05-07 00:00:00-04:00,3.4700000286102295,3.5,3.430000066757202,3.430000066757202,976600,0.0,0.0
2025-05-08 00:00:00-04:00,3.4600000381469727,3.559999942779541,3.440000057220459,3.5199999809265137,567500,0.0,0.0
2025-05-09 00:00:00-04:00,3.549999952316284,3.5899999141693115,3.5299999713897705,3.569999933242798,652400,0.0,0.0
2025-05-12 00:00:00-04:00,3.75,3.7699999809265137,3.700000047683716,3.7200000286102295,610000,0.0,0.0
2025-05-13 00:00:00-04:00,3.75,3.8299999237060547,3.740000009536743,3.809999942779541,429100,0.0,0.0
2025-05-14 00:00:00-04:00,3.8499999046325684,3.859999895095825,3.7899999618530273,3.809999942779541,1687200,0.0,0.0
2025-05-15 00:00:00-04:00,3.75,3.759999990463257,3.700000047683716,3.7100000381469727,649100,0.0,0.0
2025-05-16 00:00:00-04:00,3.8399999141693115,3.869999885559082,3.819999933242798,3.859999895095825,929000,0.0,0.0
2025-05-19 00:00:00-04:00,3.9000000953674316,4.130000114440918,3.9000000953674316,4.099999904632568,1814800,0.0,0.0
2025-05-20 00:00:00-04:00,4.460000038146973,4.5,4.409999847412109,4.420000076293945,1258500,0.0,0.0
2025-05-21 00:00:00-04:00,4.670000076293945,4.769999980926514,4.510000228881836,4.53000020980835,1689600,0.0,0.0
2025-05-22 00:00:00-04:00,4.489999771118164,4.579999923706055,4.46999979019165,4.480000019073486,1794600,0.0,0.0
2025-05-23 00:00:00-04:00,4.440000057220459,4.559999942779541,4.420000076293945,4.559999942779541,1667400,0.0,0.0
2025-05-27 00:00:00-04:00,4.610000133514404,4.630000114440918,4.510000228881836,4.559999942779541,1870000,0.0,0.0
2025-05-28 00:00:00-04:00,4.579999923706055,4.590000152587891,4.489999771118164,4.510000228881836,823500,0.0,0.0
2025-05-29 00:00:00-04:00,4.610000133514404,4.650000095367432,4.570000171661377,4.610000133514404,1069900,0.0,0.0
2025-05-30 00:00:00-04:00,4.53000020980835,4.53000020980835,4.420000076293945,4.440000057220459,836400,0.0,0.0
2025-06-02 00:00:00-04:00,4.579999923706055,4.619999885559082,4.489999771118164,4.579999923706055,2089600,0.0,0.0
2025-06-03 00:00:00-04:00,4.579999923706055,4.760000228881836,4.559999942779541,4.71999979019165,939000,0.0,0.0
2025-06-04 00:00:00-04:00,4.71999979019165,4.739999771118164,4.659999847412109,4.670000076293945,518400,0.0,0.0
2025-06-05 00:00:00-04:00,4.71999979019165,4.78000020980835,4.699999809265137,4.699999809265137,878100,0.0,0.0
2025-06-06 00:00:00-04:00,4.639999866485596,4.659999847412109,4.599999904632568,4.599999904632568,870800,0.0,0.0
2025-06-09 00:00:00-04:00,4.699999809265137,4.789999961853027,4.699999809265137,4.760000228881836,824700,0.0,0.0
2025-06-10 00:00:00-04:00,4.860000133514404,4.980000019073486,4.860000133514404,4.960000038146973,1172400,0.0,0.0
2025-06-11 00:00:00-04:00,4.829999923706055,4.889999866485596,4.809999942779541,4.869999885559082,690400,0.0,0.0
2025-06-12 00:00:00-04:00,4.880000114440918,4.889999866485596,4.829999923706055,4.849999904632568,683900,0.0,0.0
2025-06-13 00:00:00-04:00,5.460000038146973,5.519999980926514,5.300000190734863,5.449999809265137,3377400,0.0,0.0
2025-06-16 00:00:00-04:00,5.449999809265137,5.46999979019165,5.190000057220459,5.199999809265137,1438800,0.0,0.0
2025-06-17 00:00:00-04:00,5.369999885559082,5.449999809265137,5.329999923706055,5.360000133514404,1870900,0.0,0.0
2025-06-18 00:00:00-04:00,5.46999979019165,5.519999980926514,5.369999885559082,5.400000095367432,1645300,0.0,0.0
2025-06-20 00:00:00-04:00,5.28000020980835,5.329999923706055,5.210000038146973,5.230000019073486,840000,0.0,0.0
2025-06-23 00:00:00-04:00,5.320000171661377,5.329999923706055,5.079999923706055,5.110000133514404,2551200,0.0,0.0
2025-06-24 00:00:00-04:00,4.570000171661377,4.610000133514404,4.510000228881836,4.550000190734863,2773200,0.0,0.0
2025-06-25 00:00:00-04:00,4.449999809265137,4.449999809265137,4.380000114440918,4.389999866485596,1444900,0.0,0.0
2025-06-26 00:00:00-04:00,4.409999847412109,4.489999771118164,4.380000114440918,4.440000057220459,908700,0.0,0.0
2025-06-27 00:00:00-04:00,4.340000152587891,4.449999809265137,4.300000190734863,4.420000076293945,1136500,0.0,0.0
2025-06-30 00:00:00-04:00,4.460000038146973,4.460000038146973,4.400000095367432,4.420000076293945,715100,0.0,0.0
2025-07-01 00:00:00-04:00,4.440000057220459,4.639999866485596,4.409999847412109,4.599999904632568,2087000,0.0,0.0
2025-07-02 00:00:00-04:00,4.809999942779541,5.010000228881836,4.789999961853027,5.0,2012600,0.0,0.0
2025-07-03 00:00:00-04:00,4.980000019073486,5.039999961853027,4.96999979019165,4.989999771118164,751300,0.0,0.0
2025-07-07 00:00:00-04:00,4.960000038146973,4.989999771118164,4.889999866485596,4.980000019073486,1219300,0.0,0.0
2025-07-08 00:00:00-04:00,4.989999771118164,5.239999771118164,4.960000038146973,5.150000095367432,1915100,0.0,0.0
2025-07-09 00:00:00-04:00,5.159999847412109,5.210000038146973,5.090000152587891,5.170000076293945,1741300,0.0,0.0
2025-07-10 00:00:00-04:00,5.110000133514404,5.289999961853027,5.110000133514404,5.25,958000,0.0,0.0
2025-07-11 00:00:00-04:00,5.139999866485596,5.190000057220459,5.070000171661377,5.170000076293945,769900,0.0,0.0
2025-07-14 00:00:00-04:00,5.260000228881836,5.300000190734863,5.159999847412109,5.190000057220459,840300,0.0,0.0
2025-07-15 00:00:00-04:00,5.090000152587891,5.110000133514404,5.010000228881836,5.03000020980835,734300,0.0,0.0
2025-07-16 00:00:00-04:00,5.0,5.0,4.860000133514404,4.960000038146973,694800,0.0,0.0
2025-07-17 00:00:00-04:00,4.920000076293945,4.960000038146973,4.889999866485596,4.949999809265137,1035400,0.0,0.0
2025-07-18 00:00:00-04:00,5.0,5.059999942779541,4.96999979019165,4.989999771118164,783200,0.0,0.0
2025-07-21 00:00:00-04:00,5.25,5.400000095367432,5.25,5.360000133514404,1228700,0.0,0.0
2025-07-22 00:00:00-04:00,5.110000133514404,5.199999809265137,5.090000152587891,5.139999866485596,1222400,0.0,0.0
2025-07-23 00:00:00-04:00,5.130000114440918,5.409999847412109,5.119999885559082,5.380000114440918,2037100,0.0,0.0
2025-07-24 00:00:00-04:00,5.320000171661377,5.5,5.300000190734863,5.369999885559082,1714400,0.0,0.0
2025-07-25 00:00:00-04:00,5.159999847412109,5.159999847412109,4.960000038146973,5.119999885559082,1055300,0.0,0.0
2025-07-28 00:00:00-04:00,5.21999979019165,5.269999980926514,5.179999828338623,5.25,619400,0.0,0.0
2025-07-29 00:00:00-04:00,5.199999809265137,5.230000019073486,5.110000133514404,5.230000019073486,879800,0.0,0.0
2025-07-30 00:00:00-04:00,5.139999866485596,5.139999866485596,5.039999961853027,5.050000190734863,1153100,0.0,0.0
2025-07-31 00:00:00-04:00,5.079999923706055,5.170000076293945,5.079999923706055,5.119999885559082,848900,0.0,0.0
2025-08-01 00:00:00-04:00,4.980000019073486,5.010000228881836,4.900000095367432,4.909999847412109,936000,0.0,0.0
2025-08-04 00:00:00-04:00,4.940000057220459,4.989999771118164,4.940000057220459,4.96999979019165,624800,0.0,0.0
2025-08-05 00:00:00-04:00,4.960000038146973,5.0,4.909999847412109,4.96999979019165,656700,0.0,0.0
2025-08-06 00:00:00-04:00,5.010000228881836,5.039999961853027,4.949999809265137,4.980000019073486,840400,0.0,0.0
2025-08-07 00:00:00-04:00,5.039999961853027,5.079999923706055,5.0,5.03000020980835,805100,0.0,0.0
2025-08-08 00:00:00-04:00,5.03000020980835,5.03000020980835,4.909999847412109,4.909999847412109,899100,0.0,0.0
2025-08-11 00:00:00-04:00,4.840000152587891,4.840000152587891,4.769999980926514,4.800000190734863,680400,0.0,0.0
2025-08-12 00:00:00-04:00,5.230000019073486,5.429999828338623,5.230000019073486,5.389999866485596,2049100,0.0,0.0
2025-08-13 00:00:00-04:00,5.46999979019165,5.769999980926514,5.460000038146973,5.760000228881836,2331100,0.0,0.0
2025-08-14 00:00:00-04:00,5.599999904632568,5.699999809265137,5.559999942779541,5.690000057220459,1508300,0.0,0.0
2025-08-15 00:00:00-04:00,5.670000076293945,5.78000020980835,5.650000095367432,5.739999771118164,1656200,0.0,0.0
2025-08-18 00:00:00-04:00,5.739999771118164,5.800000190734863,5.71999979019165,5.78000020980835,1022600,0.0,0.0
2025-08-19 00:00:00-04:00,5.869999885559082,6.03000020980835,5.869999885559082,5.929999828338623,1974700,0.0,0.0
2025-08-20 00:00:00-04:00,5.920000076293945,5.980000019073486,5.909999847412109,5.960000038146973,502800,0.0,0.0
2025-08-21 00:00:00-04:00,6.099999904632568,6.139999866485596,6.03000020980835,6.039999961853027,1031700,0.0,0.0
2025-08-22 00:00:00-04:00,6.159999847412109,6.289999961853027,6.099999904632568,6.289999961853027,1811100,0.0,0.0
2025-08-25 00:00:00-04:00,6.739999771118164,7.050000190734863,6.739999771118164,6.980000019073486,4303100,0.0,0.0
2025-08-26 00:00:00-04:00,6.699999809265137,6.78000020980835,6.670000076293945,6.690000057220459,1626200,0.0,0.0
2025-08-27 00:00:00-04:00,6.590000152587891,6.630000114440918,6.480000019073486,6.570000171661377,1462400,0.0,0.0
2025-08-28 00:00:00-04:00,6.789999961853027,6.809999942779541,6.730000019073486,6.78000020980835,978800,0.0,0.0
2025-08-29 00:00:00-04:00,6.769999980926514,6.809999942779541,6.710000038146973,6.739999771118164,734100,0.0,0.0
2025-09-02 00:00:00-04:00,6.889999866485596,6.96999979019165,6.880000114440918,6.949999809265137,1187400,0.0,0.0
2025-09-03 00:00:00-04:00,7.110000133514404,7.239999771118164,7.099999904632568,7.130000114440918,2209600,0.0,0.0
2025-09-04 00:00:00-04:00,6.909999847412109,6.940000057220459,6.840000152587891,6.909999847412109,1556900,0.0,0.0
2025-09-05 00:00:00-04:00,7.130000114440918,7.25,7.050000190734863,7.090000152587891,1674800,0.0,0.0
2025-09-08 00:00:00-04:00,7.179999828338623,7.190000057220459,7.079999923706055,7.150000095367432,1069900,0.0,0.0
2025-09-09 00:00:00-04:00,6.980000019073486,7.0,6.880000114440918,6.889999866485596,816100,0.0,0.0
2025-09-10 00:00:00-04:00,7.099999904632568,7.139999866485596,7.019999980926514,7.130000114440918,1071900,0.0,0.0
2025-09-11 00:00:00-04:00,7.03000020980835,7.150000095367432,7.03000020980835,7.119999885559082,956400,0.0,0.0
2025-09-12 00:00:00-04:00,7.099999904632568,7.139999866485596,6.96999979019165,7.010000228881836,686500,0.0,0.0
2025-09-15 00:00:00-04:00,6.960000038146973,6.96999979019165,6.900000095367432,6.949999809265137,888000,0.0,0.0
2025-09-16 00:00:00-04:00,6.789999961853027,6.900000095367432,6.739999771118164,6.889999866485596,1130600,0.0,0.0
2025-09-17 00:00:00-04:00,6.789999961853027,6.909999847412109,6.75,6.769999980926514,1126200,0.0,0.0
2025-09-18 00:00:00-04:00,6.679999828338623,6.71999979019165,6.610000133514404,6.699999809265137,1317000,0.0,0.0
2025-09-19 00:00:00-04:00,6.639999866485596,6.71999979019165,6.539999961853027,6.639999866485596,1468600,0.0,0.0
2025-09-22 00:00:00-04:00,6.150000095367432,6.260000228881836,6.110000133514404,6.230000019073486,1651200,0.0,0.0
2025-09-23 00:00:00-04:00,6.139999866485596,6.25,6.119999885559082,6.130000114440918,2440000,0.0,0.0
2025-09-24 00:00:00-04:00,6.199999809265137,6.289999961853027,6.159999847412109,6.190000057220459,1186700,0.0,0.0
2025-09-25 00:00:00-04:00,6.210000038146973,6.300000190734863,6.179999828338623,6.25,1134600,0.0,0.0
2025-09-26 00:00:00-04:00,6.150000095367432,6.300000190734863,6.130000114440918,6.28000020980835,1139500,0.0,0.0
2025-09-29 00:00:00-04:00,6.289999961853027,6.289999961853027,6.190000057220459,6.210000038146973,674800,0.0,0.0
2025-09-30 00:00:00-04:00,6.159999847412109,6.21999979019165,6.130000114440918,6.21999979019165,1244800,0.0,0.0
2025-10-01 00:00:00-04:00,6.190000057220459,6.239999771118164,6.139999866485596,6.210000038146973,1043200,0.0,0.0
2025-10-02 00:00:00-04:00,6.170000076293945,6.199999809265137,6.110000133514404,6.150000095367432,835400,0.0,0.0
2025-10-03 00:00:00-04:00,6.170000076293945,6.25,6.159999847412109,6.179999828338623,1176100,0.0,0.0
2025-10-06 00:00:00-04:00,6.150000095367432,6.239999771118164,6.110000133514404,6.199999809265137,1273900,0.0,0.0
2025-10-07 00:00:00-04:00,6.050000190734863,6.059999942779541,5.929999828338623,5.960000038146973,1180100,0.0,0.0
2025-10-08 00:00:00-04:00,5.940000057220459,6.03000020980835,5.909999847412109,5.980000019073486,1009100,0.0,0.0
2025-10-09 00:00:00-04:00,6.059999942779541,6.119999885559082,5.889999866485596,5.900000095367432,832300,0.0,0.0
2025-10-10 00:00:00-04:00,5.840000152587891,5.849999904632568,5.630000114440918,5.630000114440918,1006300,0.0,0.0
2025-10-13 00:00:00-04:00,5.809999942779541,5.829999923706055,5.769999980926514,5.800000190734863,990300,0.0,0.0
2025-10-14 00:00:00-04:00,5.849999904632568,5.949999809265137,5.849999904632568,5.900000095367432,1151600,0.0,0.0
2025-10-15 00:00:00-04:00,5.920000076293945,5.96999979019165,5.880000114440918,5.920000076293945,916700,0.0,0.0
2025-10-16 00:00:00-04:00,5.920000076293945,5.980000019073486,5.840000152587891,5.869999885559082,711500,0.0,0.0
2025-10-17 00:00:00-04:00,5.510000228881836,5.579999923706055,5.429999828338623,5.480000019073486,1464200,0.0,0.0
2025-10-20 00:00:00-04:00,5.550000190734863,5.639999866485596,5.510000228881836,5.519999980926514,1007900,0.0,0.0
2025-10-21 00:00:00-04:00,5.349999904632568,5.389999866485596,5.239999771118164,5.329999923706055,1781200,0.0,0.0
2025-10-22 00:00:00-04:00,5.489999771118164,5.579999923706055,5.460000038146973,5.519999980926514,1014700,0.0,0.0
2025-10-23 00:00:00-04:00,6.380000114440918,6.590000152587891,6.309999942779541,6.489999771118164,2977800,0.0,0.0
2025-10-24 00:00:00-04:00,6.570000171661377,6.650000095367432,6.550000190734863,6.559999942779541,1173900,0.0,0.0
2025-10-27 00:00:00-04:00,6.489999771118164,6.510000228881836,6.400000095367432,6.409999847412109,1103400,0.0,0.0
2025-10-28 00:00:00-04:00,6.409999847412109,6.409999847412109,6.309999942779541,6.309999942779541,914900,0.0,0.0
2025-10-29 00:00:00-04:00,6.300000190734863,6.309999942779541,6.210000038146973,6.21999979019165,994600,0.0,0.0
2025-10-30 00:00:00-04:00,6.090000152587891,6.190000057220459,6.059999942779541,6.130000114440918,1435900,0.0,0.0
2025-10-31 00:00:00-04:00,6.150000095367432,6.329999923706055,6.139999866485596,6.329999923706055,974100,0.0,0.0
2025-11-03 00:00:00-05:00,6.380000114440918,6.400000095367432,6.289999961853027,6.380000114440918,723700,0.0,0.0
2025-11-04 00:00:00-05:00,6.150000095367432,6.28000020980835,6.130000114440918,6.199999809265137,2020600,0.0,0.0
2025-11-05 00:00:00-05:00,6.199999809265137,6.360000133514404,6.179999828338623,6.340000152587891,1119100,0.0,0.0
2025-11-06 00:00:00-05:00,6.21999979019165,6.53000020980835,6.21999979019165,6.440000057220459,1689500,0.0,0.0
2025-11-07 00:00:00-05:00,6.420000076293945,6.78000020980835,6.420000076293945,6.730000019073486,2244500,0.0,0.0
2025-11-10 00:00:00-05:00,6.739999771118164,6.849999904632568,6.690000057220459,6.829999923706055,1066700,0.0,0.0
2025-11-11 00:00:00-05:00,6.800000190734863,6.940000057220459,6.800000190734863,6.869999885559082,841300,0.0,0.0
2025-11-12 00:00:00-05:00,6.949999809265137,7.039999961853027,6.929999828338623,6.960000038146973,781600,0.0,0.0
2025-11-13 00:00:00-05:00,6.929999828338623,7.010000228881836,6.820000171661377,6.829999923706055,1155800,0.0,0.0
2025-11-14 00:00:00-05:00,6.96999979019165,7.139999866485596,6.960000038146973,7.050000190734863,1188800,0.0,0.0
2025-11-17 00:00:00-05:00,7.25,7.349999904632568,7.119999885559082,7.139999866485596,1241600,0.0,0.0
2025-11-18 00:00:00-05:00,7.25,7.389999866485596,7.150000095367432,7.369999885559082,1201000,0.0,0.0
2025-11-19 00:00:00-05:00,7.300000190734863,7.360000133514404,7.25,7.300000190734863,697100,0.0,0.0
2025-11-20 00:00:00-05:00,7.03000020980835,7.110000133514404,6.800000190734863,6.820000171661377,1277200,0.0,0.0
2025-11-21 00:00:00-05:00,6.75,6.849999904632568,6.679999828338623,6.800000190734863,698400,0.0,0.0
2025-11-24 00:00:00-05:00,6.590000152587891,6.610000133514404,6.489999771118164,6.559999942779541,826400,0.0,0.0
2025-11-25 00:00:00-05:00,6.369999885559082,6.400000095367432,6.320000171661377,6.360000133514404,984000,0.0,0.0
2025-11-26 00:00:00-05:00,6.429999828338623,6.539999961853027,6.409999847412109,6.519999980926514,618400,0.0,0.0
2025-11-28 00:00:00-05:00,6.440000057220459,6.519999980926514,6.429999828338623,6.5,315400,0.0,0.0
2025-12-01 00:00:00-05:00,6.480000019073486,6.579999923706055,6.46999979019165,6.480000019073486,782400,0.0,0.0
2025-12-02 00:00:00-05:00,6.389999866485596,6.400000095367432,6.269999980926514,6.28000020980835,505800,0.0,0.0
2025-12-03 00:00:00-05:00,6.400000095367432,6.460000038146973,6.349999904632568,6.400000095367432,703400,0.0,0.0
2025-12-04 00:00:00-05:00,6.210000038146973,6.210000038146973,6.119999885559082,6.139999866485596,693900,0.0,0.0
2025-12-05 00:00:00-05:00,6.050000190734863,6.110000133514404,5.96999979019165,6.0,1086700,0.0,0.0
2025-12-08 00:00:00-05:00,6.130000114440918,6.190000057220459,6.070000171661377,6.070000171661377,948100,0.0,0.0
2025-12-09 00:00:00-05:00,6.130000114440918,6.25,6.110000133514404,6.199999809265137,885300,0.0,0.0
2025-12-10 00:00:00-05:00,6.199999809265137,6.320000171661377,6.179999828338623,6.289999961853027,591000,0.0,0.0
2025-12-11 00:00:00-05:00,6.239999771118164,6.429999828338623,6.239999771118164,6.360000133514404,763800,0.0,0.0
2025-12-12 00:00:00-05:00,6.28000020980835,6.329999923706055,6.230000019073486,6.260000228881836,851100,0.0,0.0
2025-12-15 00:00:00-05:00,6.190000057220459,6.269999980926514,6.130000114440918,6.269999980926514,642900,0.0,0.0
2025-12-16 00:00:00-05:00,6.269999980926514,6.320000171661377,6.079999923706055,6.130000114440918,1015100,0.0,0.0
2025-12-17 00:00:00-05:00,6.230000019073486,6.320000171661377,6.230000019073486,6.260000228881836,540100,0.0,0.0
2025-12-18 00:00:00-05:00,6.260000228881836,6.28000020980835,6.150000095367432,6.159999847412109,762000,0.0,0.0
2025-12-19 00:00:00-05:00,6.139999866485596,6.25,6.139999866485596,6.179999828338623,554300,0.0,0.0
2025-12-22 00:00:00-05:00,6.130000114440918,6.139999866485596,6.090000152587891,6.099999904632568,849900,0.0,0.0
2025-12-23 00:00:00-05:00,6.28000020980835,6.389999866485596,6.269999980926514,6.380000114440918,846000,0.0,0.0
2025-12-24 00:00:00-05:00,6.409999847412109,6.46999979019165,6.369999885559082,6.429999828338623,357500,0.0,0.0
2025-12-26 00:00:00-05:00,6.440000057220459,6.460000038146973,6.360000133514404,6.420000076293945,710100,0.0,0.0
2025-12-29 00:00:00-05:00,6.400000095367432,6.460000038146973,6.369999885559082,6.440000057220459,737400,0.0,0.0
2025-12-30 00:00:00-05:00,6.409999847412109,6.590000152587891,6.389999866485596,6.550000190734863,1232700,0.0,0.0
2025-12-31 00:00:00-05:00,6.539999961853027,6.599999904632568,6.5,6.510000228881836,673800,0.0,0.0
2026-01-02 00:00:00-05:00,6.5,6.699999809265137,6.389999866485596,6.659999847412109,1558400,0.0,0.0
2026-01-05 00:00:00-05:00,6.559999942779541,6.699999809265137,6.550000190734863,6.659999847412109,824000,0.0,0.0
2026-01-06 00:00:00-05:00,6.670000076293945,6.840000152587891,6.630000114440918,6.739999771118164,1054100,0.0,0.0
2026-01-07 00:00:00-05:00,6.400000095367432,6.409999847412109,6.300000190734863,6.369999885559082,1106900,0.0,0.0
2026-01-08 00:00:00-05:00,6.260000228881836,6.440000057220459,6.239999771118164,6.409999847412109,1102100,0.0,0.0
2026-01-09 00:00:00-05:00,6.730000019073486,6.920000076293945,6.71999979019165,6.869999885559082,1383800,0.0,0.0
2026-01-12 00:00:00-05:00,6.809999942779541,6.889999866485596,6.78000020980835,6.809999942779541,1199400,0.0,0.0
2026-01-13 00:00:00-05:00,6.880000114440918,7.179999828338623,6.880000114440918,7.070000171661377,1259800,0.0,0.0
2026-01-14 00:00:00-05:00,7.309999942779541,7.539999961853027,7.309999942779541,7.440000057220459,1243400,0.0,0.0
2026-01-15 00:00:00-05:00,7.170000076293945,7.190000057220459,7.090000152587891,7.150000095367432,668600,0.0,0.0
2026-01-16 00:00:00-05:00,6.349999904632568,6.380000114440918,6.090000152587891,6.309999942779541,4441100,0.0,0.0
2026-01-20 00:00:00-05:00,6.130000114440918,6.400000095367432,6.130000114440918,6.300000190734863,2044900,0.0,0.0
2026-01-21 00:00:00-05:00,6.230000019073486,6.320000171661377,6.170000076293945,6.309999942779541,1513500,0.0,0.0
2026-01-22 00:00:00-05:00,6.940000057220459,7.340000152587891,6.900000095367432,7.050000190734863,2898000,0.0,0.0
2026-01-23 00:00:00-05:00,7.300000190734863,7.539999961853027,7.260000228881836,7.46999979019165,2354300,0.0,0.0
2026-01-26 00:00:00-05:00,7.21999979019165,7.420000076293945,7.21999979019165,7.21999979019165,1730200,0.0,0.0
2026-01-27 00:00:00-05:00,7.199999809265137,7.320000171661377,7.159999847412109,7.309999942779541,1112500,0.0,0.0
2026-01-28 00:00:00-05:00,7.329999923706055,7.449999809265137,7.230000019073486,7.409999847412109,1646500,0.0,0.0
2026-01-29 00:00:00-05:00,7.599999904632568,7.659999847412109,7.300000190734863,7.480000019073486,1279600,0.0,0.0
2026-01-30 00:00:00-05:00,7.179999828338623,7.269999980926514,6.960000038146973,7.119999885559082,1404000,0.0,0.0
2026-02-02 00:00:00-05:00,6.869999885559082,7.130000114440918,6.840000152587891,7.059999942779541,1435100,0.0,0.0
2026-02-03 00:00:00-05:00,6.789999961853027,7.199999809265137,6.769999980926514,7.190000057220459,3457300,0.0,0.0
2026-02-04 00:00:00-05:00,7.170000076293945,7.360000133514404,7.170000076293945,7.289999961853027,2323800,0.0,0.0
2026-02-05 00:00:00-05:00,6.889999866485596,6.989999771118164,6.71999979019165,6.880000114440918,2495200,0.0,0.0
2026-02-06 00:00:00-05:00,6.860000133514404,7.380000114440918,6.860000133514404,7.360000133514404,3873300,0.0,0.0
2026-02-09 00:00:00-05:00,6.980000019073486,7.130000114440918,6.909999847412109,7.019999980926514,2509700,0.0,0.0
2026-02-10 00:00:00-05:00,7.070000171661377,7.179999828338623,7.050000190734863,7.119999885559082,1745400,0.0,0.0
2026-02-11 00:00:00-05:00,7.25,7.610000133514404,7.239999771118164,7.590000152587891,3443500,0.0,0.0
2026-02-12 00:00:00-05:00,8.0,8.130000114440918,7.639999866485596,7.679999828338623,3548200,0.0,0.0
2026-02-13 00:00:00-05:00,7.849999904632568,8.039999961853027,7.760000228881836,7.960000038146973,1860500,0.0,0.0
2026-02-17 00:00:00-05:00,7.849999904632568,7.900000095367432,7.639999866485596,7.739999771118164,2355000,0.0,0.0
2026-02-18 00:00:00-05:00,7.960000038146973,8.130000114440918,7.940000057220459,8.09000015258789,2349600,0.0,0.0
2026-02-19 00:00:00-05:00,8.630000114440918,8.970000267028809,8.619999885559082,8.850000381469727,3730100,0.0,0.0
2026-02-20 00:00:00-05:00,8.880000114440918,8.880000114440918,8.609999656677246,8.739999771118164,2406200,0.0,0.0
2026-02-23 00:00:00-05:00,8.6899995803833,8.869999885559082,8.600000381469727,8.770000457763672,2396600,0.0,0.0
2026-02-24 00:00:00-05:00,8.890000343322754,8.949999809265137,8.819999694824219,8.90999984741211,2007700,0.0,0.0
2026-02-25 00:00:00-05:00,8.779999732971191,8.789999961853027,8.489999771118164,8.510000228881836,2500900,0.0,0.0
2026-02-26 00:00:00-05:00,7.960000038146973,8.119999885559082,7.78000020980835,8.109999656677246,3093200,0.0,0.0
2026-02-27 00:00:00-05:00,8.920000076293945,9.170000076293945,8.84000015258789,8.920000076293945,2800000,0.0,0.0
2026-03-02 00:00:00-05:00,9.34000015258789,9.350000381469727,8.710000038146973,8.90999984741211,2205200,0.0,0.0
2026-03-03 00:00:00-05:00,9.029999732971191,9.039999961853027,8.539999961853027,8.680000305175781,3457000,0.0,0.0
2026-03-04 00:00:00-05:00,8.40999984741211,8.630000114440918,8.300000190734863,8.600000381469727,2311700,0.0,0.0
2026-03-05 00:00:00-05:00,8.579999923706055,8.800000190734863,8.40999984741211,8.600000381469727,2888000,0.0,0.0
2026-03-06 00:00:00-05:00,9.100000381469727,9.260000228881836,8.930000305175781,8.960000038146973,3313300,0.0,0.0
2026-03-09 00:00:00-04:00,9.319999694824219,9.579999923706055,9.199999809265137,9.350000381469727,3346700,0.0,0.0
2026-03-10 00:00:00-04:00,9.479999542236328,9.65999984741211,9.270000457763672,9.550000190734863,2580500,0.0,0.0
2026-03-11 00:00:00-04:00,9.600000381469727,10.0600004196167,9.569999694824219,10.050000190734863,4296800,0.0,0.0
2026-03-12 00:00:00-04:00,10.199999809265137,10.670000076293945,10.109999656677246,10.600000381469727,5091900,0.0,0.0
2026-03-13 00:00:00-04:00,11.260000228881836,11.510000228881836,11.020000457763672,11.3100004196167,5293200,0.0,0.0
2026-03-16 00:00:00-04:00,11.609999656677246,11.859999656677246,11.329999923706055,11.850000381469727,4117900,0.0,0.0
2026-03-17 00:00:00-04:00,12.119999885559082,12.34000015258789,12.029999732971191,12.15999984741211,3056600,0.0,0.0
2026-03-18 00:00:00-04:00,12.239999771118164,12.300000190734863,12.020000457763672,12.029999732971191,3219000,0.0,0.0
2026-03-19 00:00:00-04:00,12.25,12.670000076293945,12.180000305175781,12.399999618530273,2905800,0.0,0.0
2026-03-20 00:00:00-04:00,12.510000228881836,12.59000015258789,12.069999694824219,12.25,4225300,0.0,0.0
2026-03-23 00:00:00-04:00,12.079999923706055,12.520000457763672,11.899999618530273,12.229999542236328,3656100,0.0,0.0
2026-03-24 00:00:00-04:00,12.380000114440918,12.930000305175781,12.359999656677246,12.770000457763672,2749200,0.0,0.0
2026-03-25 00:00:00-04:00,12.550000190734863,12.920000076293945,12.510000228881836,12.890000343322754,2062100,0.0,0.0
2026-03-26 00:00:00-04:00,12.739999771118164,13.020000457763672,12.680000305175781,12.760000228881836,2101400,0.0,0.0
2026-03-27 00:00:00-04:00,12.75,12.850000381469727,12.59000015258789,12.710000038146973,2497200,0.0,0.0
2026-03-30 00:00:00-04:00,13.220000267028809,13.390000343322754,12.9399995803833,13.109999656677246,2570400,0.0,0.0
2026-03-31 00:00:00-04:00,13.130000114440918,13.390000343322754,12.550000190734863,12.960000038146973,3280600,0.0,0.0
2026-04-01 00:00:00-04:00,12.130000114440918,12.369999885559082,11.789999961853027,12.079999923706055,5548200,0.0,0.0
2026-04-02 00:00:00-04:00,12.65999984741211,12.800000190734863,12.3100004196167,12.430000305175781,2473400,0.0,0.0
2026-04-06 00:00:00-04:00,12.300000190734863,12.569999694824219,12.300000190734863,12.479999542236328,928200,0.0,0.0
2026-04-07 00:00:00-04:00,13.15999984741211,13.680000305175781,13.15999984741211,13.600000381469727,5787300,0.0,0.0
2026-04-08 00:00:00-04:00,11.800000190734863,12.529999732971191,11.760000228881836,12.460000038146973,4960800,0.0,0.0
2026-04-09 00:00:00-04:00,12.460000038146973,12.479999542236328,12.029999732971191,12.079999923706055,2626500,0.0,0.0
2026-04-10 00:00:00-04:00,12.15999984741211,12.8100004196167,12.149999618530273,12.75,2690500,0.0,0.0
2026-04-13 00:00:00-04:00,13.140000343322754,13.270000457763672,12.949999809265137,12.979999542236328,2930800,0.0,0.0
2026-04-14 00:00:00-04:00,13.100000381469727,13.119999885559082,12.729999542236328,12.800000190734863,3069600,0.0,0.0
2026-04-15 00:00:00-04:00,13.09000015258789,13.140000343322754,12.75,12.779999732971191,1952900,0.0,0.0
2026-04-16 00:00:00-04:00,12.890000343322754,13.170000076293945,12.869999885559082,13.119999885559082,2145200,0.0,0.0
2026-04-17 00:00:00-04:00,12.319999694824219,12.319999694824219,11.869999885559082,12.15999984741211,3697100,0.0,0.0
2026-04-20 00:00:00-04:00,12.5,12.710000038146973,12.4399995803833,12.609999656677246,1760600,0.0,0.0
2026-04-21 00:00:00-04:00,12.449999809265137,12.760000228881836,12.4399995803833,12.729999542236328,1254600,0.0,0.0
2026-04-22 00:00:00-04:00,13.140000343322754,13.289999961853027,13.109999656677246,13.170000076293945,1476100,0.0,0.0
2026-04-23 00:00:00-04:00,13.0,13.020000457763672,12.619999885559082,12.880000114440918,1674800,0.0,0.0
2026-04-24 00:00:00-04:00,13.039999961853027,13.100000381469727,12.75,12.869999885559082,916800,0.0,0.0
2026-04-27 00:00:00-04:00,12.930000305175781,12.979999542236328,12.550000190734863,12.720000267028809,1292900,0.0,0.0
2026-04-28 00:00:00-04:00,12.979999542236328,13.1899995803833,12.880000114440918,13.100000381469727,1871900,0.0,0.0
2026-04-29 00:00:00-04:00,13.529999732971191,13.729999542236328,13.460000038146973,13.710000038146973,1733400,0.0,0.0
2026-04-30 00:00:00-04:00,13.640000343322754,13.899999618530273,13.479999542236328,13.819999694824219,1713900,0.0,0.0
2026-05-01 00:00:00-04:00,13.789999961853027,13.989999771118164,13.520000457763672,13.699999809265137,970800,0.0,0.0
2026-05-04 00:00:00-04:00,13.899999618530273,13.979999542236328,13.75,13.869999885559082,1305400,0.0,0.0
2026-05-05 00:00:00-04:00,14.239999771118164,14.369999885559082,14.079999923706055,14.289999961853027,2484700,0.0,0.0
2026-05-06 00:00:00-04:00,13.319999694824219,13.539999961853027,13.210000038146973,13.239999771118164,1870900,0.0,0.0
2026-05-07 00:00:00-04:00,12.470000267028809,12.949999809265137,12.3100004196167,12.84000015258789,2107400,0.0,0.0
2026-05-08 00:00:00-04:00,12.829999923706055,12.979999542236328,12.770000457763672,12.960000038146973,1038000,0.0,0.0
2026-05-11 00:00:00-04:00,13.109999656677246,13.430000305175781,13.069999694824219,13.319999694824219,1554200,0.0,0.0
2026-05-12 00:00:00-04:00,13.4399995803833,13.5,13.270000457763672,13.40999984741211,968500,0.0,0.0
2026-05-13 00:00:00-04:00,13.449999809265137,13.449999809265137,13.09000015258789,13.1899995803833,2022900,0.0,0.0
2026-05-14 00:00:00-04:00,13.020000457763672,13.220000267028809,12.970000267028809,13.130000114440918,767800,0.0,0.0
2026-05-15 00:00:00-04:00,13.319999694824219,13.550000190734863,13.279999732971191,13.520000457763672,1147600,0.0,0.0
2026-05-18 00:00:00-04:00,13.25,13.470000267028809,13.0,13.350000381469727,1054200,0.0,0.0
2026-05-19 00:00:00-04:00,13.5,13.569999694824219,13.1899995803833,13.460000038146973,1481600,0.0,0.0
2026-05-20 00:00:00-04:00,13.300000190734863,13.489999771118164,12.960000038146973,13.029999732971191,1699500,0.0,0.0
2026-05-21 00:00:00-04:00,13.510000228881836,13.550000190734863,13.180000305175781,13.270000457763672,1562800,0.0,0.0
2026-05-22 00:00:00-04:00,13.25,13.390000343322754,13.140000343322754,13.359999656677246,1145300,0.0,0.0
2026-05-26 00:00:00-04:00,13.539999961853027,13.569999694824219,13.40999984741211,13.449999809265137,1076900,0.0,0.0
2026-05-27 00:00:00-04:00,12.779999732971191,12.829999923706055,12.489999771118164,12.510000228881836,2020100,0.0,0.0
2026-05-28 00:00:00-04:00,12.859999656677246,12.90999984741211,12.569999694824219,12.630000114440918,1439900,0.0,0.0
2026-05-29 00:00:00-04:00,12.430000305175781,12.4399995803833,12.220000267028809,12.369999885559082,1206900,0.0,0.0
2026-06-01 00:00:00-04:00,12.779999732971191,12.90999984741211,12.65999984741211,12.789999961853027,851300,0.0,0.0
2026-06-02 00:00:00-04:00,12.880000114440918,13.180000305175781,12.880000114440918,13.109999656677246,826900,0.0,0.0
2026-06-03 00:00:00-04:00,13.289999961853027,13.529999732971191,13.1899995803833,13.1899995803833,1050100,0.0,0.0
2026-06-04 00:00:00-04:00,13.010000228881836,13.449999809265137,12.949999809265137,13.289999961853027,1901000,0.0,0.0
2026-06-05 00:00:00-04:00,13.75,13.8100004196167,13.430000305175781,13.470000267028809,1218900,0.0,0.0
2026-06-08 00:00:00-04:00,13.75,13.760000228881836,13.369999885559082,13.449999809265137,1500000,0.0,0.0
2026-06-09 00:00:00-04:00,13.680000305175781,13.739999771118164,13.319999694824219,13.579999923706055,2794800,0.0,0.0
2026-06-10 00:00:00-04:00,13.600000381469727,13.75,13.520000457763672,13.539999961853027,1477900,0.0,0.0
2026-06-11 00:00:00-04:00,13.720000267028809,13.819999694824219,13.399999618530273,13.420000076293945,1635600,0.0,0.0
2026-06-12 00:00:00-04:00,13.0600004196167,13.289999961853027,12.859999656677246,13.0,2097200,0.0,0.0
2026-06-15 00:00:00-04:00,11.489999771118164,11.550000190734863,11.300000190734863,11.390000343322754,2601900,0.0,0.0
2026-06-16 00:00:00-04:00,11.260000228881836,11.319999694824219,10.960000038146973,10.989999771118164,2022800,0.0,0.0
2026-06-17 00:00:00-04:00,10.970000267028809,11.149999618530273,10.699999809265137,10.739999771118164,1968700,0.0,0.0
2026-06-18 00:00:00-04:00,10.880000114440918,10.90999984741211,10.600000381469727,10.770000457763672,3340200,0.0,0.0
2026-06-22 00:00:00-04:00,11.3100004196167,11.390000343322754,11.100000381469727,11.289999961853027,2425900,0.0,0.0
2026-06-23 00:00:00-04:00,11.319999694824219,11.399999618530273,11.029999732971191,11.109999656677246,2176400,0.0,0.0
2026-06-24 00:00:00-04:00,10.460000038146973,10.579999923706055,10.350000381469727,10.5,1990700,0.0,0.0
2026-06-25 00:00:00-04:00,10.15999984741211,10.239999771118164,10.020000457763672,10.149999618530273,1136200,0.0,0.0
2026-06-26 00:00:00-04:00,9.770000457763672,9.819999694824219,9.59000015258789,9.670000076293945,1775000,0.0,0.0
2026-06-29 00:00:00-04:00,9.8100004196167,9.819999694824219,9.579999923706055,9.699999809265137,1075200,0.0,0.0
2026-06-30 00:00:00-04:00,9.779999732971191,9.869999885559082,9.720000267028809,9.819999694824219,2120200,0.0,0.0
2026-07-01 00:00:00-04:00,9.470000267028809,9.630000114440918,9.40999984741211,9.59000015258789,1503500,0.0,0.0
2026-07-02 00:00:00-04:00,9.579999923706055,9.8100004196167,9.5600004196167,9.6899995803833,1487300,0.0,0.0
2026-07-06 00:00:00-04:00,9.699999809265137,9.890000343322754,9.630000114440918,9.880000114440918,1284700,0.0,0.0
2026-07-07 00:00:00-04:00,9.920000076293945,10.119999885559082,9.899999618530273,10.050000190734863,878100,0.0,0.0
2026-07-08 00:00:00-04:00,10.25,10.449999809265137,10.09000015258789,10.329999923706055,1757000,0.0,0.0
2026-07-09 00:00:00-04:00,10.40999984741211,10.479999542236328,10.300000190734863,10.350000381469727,925800,0.0,0.0
2026-07-10 00:00:00-04:00,10.279999732971191,10.479999542236328,10.25,10.470000267028809,1620000,0.0,0.0
2026-07-13 00:00:00-04:00,10.59000015258789,10.90999984741211,10.59000015258789,10.890000343322754,2307600,0.0,0.0
2026-07-14 00:00:00-04:00,11.029999732971191,11.0600004196167,10.6899995803833,10.770000457763672,1350100,0.0,0.0
2026-07-15 00:00:00-04:00,10.84000015258789,10.890000343322754,10.6899995803833,10.869999885559082,909400,0.0,0.0
2026-07-16 00:00:00-04:00,10.979999542236328,11.15999984741211,10.899999618530273,10.899999618530273,856500,0.0,0.0
2026-07-17 00:00:00-04:00,11.3100004196167,11.449999809265137,11.260000228881836,11.369999885559082,1055500,0.0,0.0
2026-07-20 00:00:00-04:00,11.430000305175781,11.569999694824219,11.350000381469727,11.449999809265137,1665900,0.0,0.0
2026-07-21 00:00:00-04:00,11.359999656677246,11.539999961853027,11.279999732971191,11.539999961853027,787000,0.0,0.0
2026-07-22 00:00:00-04:00,11.380000114440918,11.5,11.229999542236328,11.319999694824219,878000,0.0,0.0
2026-07-23 00:00:00-04:00,12.039999961853027,12.380000114440918,12.010000228881836,12.050000190734863,1598500,0.0,0.0
2026-07-24 00:00:00-04:00,11.779999732971191,11.899999618530273,11.720000267028809,11.829999923706055,808600,0.0,0.0
2026-07-27 00:00:00-04:00,11.609999656677246,11.760000228881836,11.399999618530273,11.449999809265137,916900,0.0,0.0
2026-07-28 00:00:00-04:00,11.15999984741211,11.239999771118164,10.949999809265137,10.970000267028809,1461200,0.0,0.0
2026-07-29 00:00:00-04:00,11.489999771118164,11.649999618530273,11.489999771118164,11.539999961853027,1026700,0.0,0.0
2026-07-30 00:00:00-04:00,11.619999885559082,11.729999542236328,11.5600004196167,11.710000038146973,1464100,0.0,0.0
2026-07-31 00:00:00-04:00,11.640000343322754,11.710000038146973,11.470000267028809,11.699999809265137,866800,0.0,0.0
2026-08-03 00:00:00-04:00,11.289999961853027,11.319999694824219,11.130000114440918,11.239999771118164,829500,0.0,0.0
2026-08-04 00:00:00-04:00,11.039999961853027,11.170000076293945,10.989999771118164,11.140000343322754,1152700,0.0,0.0
2026-08-05 00:00:00-04:00,11.100000381469727,11.220000267028809,10.90999984741211,10.9399995803833,1384400,0.0,0.0
2026-08-06 00:00:00-04:00,11.109999656677246,11.329999923706055,11.010000228881836,11.300000190734863,927618,0.0,0.0
