Date,Open,High,Low,Close,Volume,Dividends,Stock Splits
2022-01-03 00:00:00-05:00,2.2416362163244816,2.36185002836837,2.2345648156160176,2.32649302482605,549000,0.0,0.0
2022-01-04 00:00:00-05:00,2.333564519882202,2.368921524854031,2.3123503168991046,2.333564519882202,342800,0.0,0.0
2022-01-05 00:00:00-05:00,2.3264930808397484,2.375992886990776,2.2769932746887207,2.2769932746887207,358000,0.0,0.0
2022-01-06 00:00:00-05:00,2.298207328507441,2.3264929301907165,2.2487075255617084,2.3194215297698975,257000,0.0,0.0
2022-01-07 00:00:00-05:00,2.3194217178934706,2.3477073218709337,2.298207514910373,2.333564519882202,241100,0.0,0.0
2022-01-10 00:00:00-05:00,2.3194217178934706,2.3477073218709337,2.298207514910373,2.333564519882202,340500,0.0,0.0
2022-01-11 00:00:00-05:00,2.340635727393848,2.3830641298528064,2.3194215261643687,2.354778528213501,228300,0.0,0.0
2022-01-12 00:00:00-05:00,2.368921231364396,2.418421200787821,2.3406356308912835,2.383064031600952,320600,0.0,0.0
2022-01-13 00:00:00-05:00,2.397206969953761,2.4962065703509273,2.3759926012731785,2.4820637702941895,931900,0.0,0.0
2022-01-14 00:00:00-05:00,2.439635368478207,2.538634968808589,2.418421168407411,2.517420768737793,791500,0.0,0.0
2022-01-18 00:00:00-05:00,2.531563615334047,2.5669207846976447,2.510349414873175,2.538635015487671,419900,0.0,0.0
2022-01-19 00:00:00-05:00,2.5457063688321875,2.5810635375456563,2.489135168643398,2.517420768737793,692400,0.0,0.0
2022-01-20 00:00:00-05:00,2.510349515846899,2.5669208879468375,2.474992513656616,2.474992513656616,1652400,0.0,0.0
2022-01-21 00:00:00-05:00,2.453778417266399,2.453778417266399,2.2557790279388428,2.2557790279388428,745500,0.0,0.0
2022-01-24 00:00:00-05:00,2.213350574949921,2.2840645808032303,2.142636400501124,2.2699217796325684,718400,0.0,0.0
2022-01-25 00:00:00-05:00,2.255779072052566,2.284064675567439,2.199207696427324,2.2769932746887207,313200,0.0,0.0
2022-01-26 00:00:00-05:00,2.305278770553083,2.319421571650088,2.16385059098755,2.1850647926330566,357700,0.0,0.0
2022-01-27 00:00:00-05:00,2.199207401035449,2.2416359692043586,2.156779001462013,2.2062788009643555,733900,0.0,0.0
2022-01-28 00:00:00-05:00,2.1921360011065434,2.2345645692754523,2.156779001462013,2.2062788009643555,377900,0.0,0.0
2022-01-31 00:00:00-05:00,2.1497076487649864,2.2204218182032025,2.121422048427891,2.19213604927063,485300,0.0,0.0
2022-02-01 00:00:00-05:00,2.185064760292638,2.2911359355457352,2.185064760292638,2.2487075328826904,318300,0.0,0.0
2022-02-02 00:00:00-05:00,2.248707437971918,2.262850238262677,2.21335043724502,2.241636037826538,341900,0.0,0.0
2022-02-03 00:00:00-05:00,2.262850316429111,2.3052787187670076,2.1921361439371325,2.1992075443267822,338600,0.0,0.0
2022-02-04 00:00:00-05:00,2.206278965387698,2.2274933353508937,2.1709219631081806,2.213350534439087,260800,0.0,0.0
2022-02-07 00:00:00-05:00,2.192136068213403,2.262850238262677,2.192136068213403,2.241636037826538,308800,0.0,0.0
2022-02-08 00:00:00-05:00,2.227493380589447,2.2628503835870357,2.220421979989929,2.234564781188965,233100,0.0,0.0
2022-02-09 00:00:00-05:00,2.2345646376811588,2.255778838117297,2.2204218373903997,2.241636037826538,305500,0.0,0.0
2022-02-10 00:00:00-05:00,2.2274933353508937,2.284064538998121,2.1992075649317946,2.213350534439087,515400,0.0,0.0
2022-02-11 00:00:00-05:00,2.2416361817884827,2.2840645853855888,2.2133505793904114,2.234564781188965,475800,0.0,0.0
2022-02-14 00:00:00-05:00,2.2345647148705132,2.241636115260163,2.1850647435474833,2.1992075443267822,295700,0.0,0.0
2022-02-15 00:00:00-05:00,2.185064649186356,2.2133504181189285,2.185064649186356,2.19213604927063,198900,0.0,0.0
2022-02-16 00:00:00-05:00,2.2204218182032025,2.227493218287476,2.177993249102082,2.19213604927063,242600,0.0,0.0
2022-02-17 00:00:00-05:00,2.177993249102082,2.227493218287476,2.1638504489335344,2.19213604927063,268000,0.0,0.0
2022-02-18 00:00:00-05:00,2.163850497093585,2.2345646681056612,2.163850497093585,2.1779932975769043,646600,0.0,0.0
2022-02-22 00:00:00-05:00,2.1850647435474833,2.241636115260163,2.163850542378535,2.1992075443267822,832100,0.0,0.0
2022-02-23 00:00:00-05:00,2.2133505306634866,2.262850333770372,2.185064760292638,2.2487075328826904,310200,0.0,0.0
2022-02-24 00:00:00-05:00,2.1355648608194486,2.3477070331573486,2.1355648608194486,2.3477070331573486,679000,0.0,0.0
2022-02-25 00:00:00-05:00,2.3689212523935708,2.4184212222564123,2.354778452031467,2.397207021713257,521200,0.0,0.0
2022-02-28 00:00:00-05:00,2.4042784005512643,2.517420802443715,2.3547784311278397,2.383064031600952,792400,0.0,0.0
2022-03-01 00:00:00-05:00,2.4042784996777704,2.4537783025465556,2.2982073249348893,2.354778528213501,686300,0.0,0.0
2022-03-02 00:00:00-05:00,2.3830639104787643,2.4113496781096955,2.3830639104787643,2.40427827835083,471700,0.0,0.0
2022-03-03 00:00:00-05:00,2.397207021713257,2.453778223161671,2.3689212523935708,2.397207021713257,316200,0.0,0.0
2022-03-04 00:00:00-05:00,2.375992783791964,2.383064184363543,2.241636172931959,2.305278778076172,453700,0.0,0.0
2022-03-07 00:00:00-05:00,2.3689211109610335,2.467920876180619,2.333564112166706,2.40427827835083,1007300,0.0,0.0
2022-03-08 00:00:00-05:00,2.3972069533434035,2.474992353116484,2.305278585016106,2.361849784851074,927900,0.0,0.0
2022-03-09 00:00:00-05:00,2.340635738652621,2.340635738652621,2.2133505306634866,2.2487075328826904,695600,0.0,0.0
2022-03-10 00:00:00-05:00,2.2487076711738476,2.2911360764461572,2.2204220676589745,2.2769932746887207,390100,0.0,0.0
2022-03-11 00:00:00-05:00,2.2628500454280935,2.31942124177027,2.2274930477142334,2.2274930477142334,362400,0.0,0.0
2022-03-14 00:00:00-04:00,2.2204221623392404,2.2204221623392404,2.1355651795807677,2.163850784301758,442000,0.0,0.0
2022-03-15 00:00:00-04:00,2.1355651795807677,2.2062791913832425,2.1143509760400256,2.163850784301758,470200,0.0,0.0
2022-03-16 00:00:00-04:00,2.16385059098755,2.2133505634225537,2.135564988793541,2.1850647926330566,325700,0.0,0.0
2022-03-17 00:00:00-04:00,2.192136113079836,2.291135885736855,2.192136113079836,2.262850284576416,295600,0.0,0.0
2022-03-18 00:00:00-04:00,2.276993127244984,2.3194215297698975,2.234564724720071,2.3194215297698975,707700,0.0,0.0
2022-03-21 00:00:00-04:00,2.2982071390735213,2.354778337777088,2.2982071390735213,2.3406355381011963,328800,0.0,0.0
2022-03-22 00:00:00-04:00,2.347707181505647,2.3618499826488057,2.2840645763614345,2.305278778076172,405400,0.0,0.0
2022-03-23 00:00:00-04:00,2.298207234450916,2.3335642351079886,2.298207234450916,2.312350034713745,309400,0.0,0.0
2022-03-24 00:00:00-04:00,2.319421537321099,2.319421537321099,2.220421931107327,2.2487075328826904,500700,0.0,0.0
2022-03-25 00:00:00-04:00,2.255778833662429,2.3335642351079886,2.2487074335310147,2.312350034713745,954800,0.0,0.0
2022-03-28 00:00:00-04:00,2.2769931847860714,2.2911359859851066,2.220421979989929,2.234564781188965,422400,0.0,0.0
2022-03-29 00:00:00-04:00,2.2204219348949903,2.234564735806797,2.1497077617404705,2.213350534439087,458500,0.0,0.0
2022-03-30 00:00:00-04:00,2.206278680490453,2.28406424405641,2.206278680490453,2.2274930477142334,270900,0.0,0.0
2022-03-31 00:00:00-04:00,2.21335043724502,2.2699216384080563,2.21335043724502,2.241636037826538,258900,0.0,0.0
2022-04-01 00:00:00-04:00,2.234564448676075,2.333564042337754,2.2274930491288125,2.2982070446014404,311200,0.0,0.0
2022-04-04 00:00:00-04:00,2.2911360316409968,2.2982074323814277,2.241636226457981,2.2557790279388428,222400,0.0,0.0
2022-04-05 00:00:00-04:00,2.2840644854467453,2.3264928871874044,2.2345646834159765,2.262850284576416,346200,0.0,0.0
2022-04-06 00:00:00-04:00,2.262850284576416,2.3264928871874044,2.2133504825456467,2.262850284576416,629000,0.0,0.0
2022-04-07 00:00:00-04:00,2.3052789159047387,2.432564302398822,2.255779108944178,2.333564519882202,1565200,0.0,0.0
2022-04-08 00:00:00-04:00,2.354778584676624,2.474992563121661,2.3406357835178535,2.4608497619628906,791500,0.0,0.0
2022-04-11 00:00:00-04:00,2.4608494281081925,2.4608494281081925,2.3618496648322576,2.453778028488159,386200,0.0,0.0
2022-04-12 00:00:00-04:00,2.467921001615768,2.5244922025619934,2.383064031600952,2.383064031600952,327100,0.0,0.0
2022-04-13 00:00:00-04:00,2.397207108837993,2.5244923167230127,2.397207108837993,2.474992513656616,326500,0.0,0.0
2022-04-14 00:00:00-04:00,2.4679211581394163,2.5244923626735725,2.453778357005877,2.496206760406494,311800,0.0,0.0
2022-04-18 00:00:00-04:00,2.5244922668420124,2.5386350674386806,2.4396354632620034,2.489135265350342,399800,0.0,0.0
2022-04-19 00:00:00-04:00,2.531563968451387,2.538635369591371,2.4113501490716547,2.439635753631592,315100,0.0,0.0
2022-04-20 00:00:00-04:00,2.467921167073499,2.4820639682582364,2.397207161149813,2.425492763519287,265500,0.0,0.0
2022-04-21 00:00:00-04:00,2.4113497533021455,2.482063753095855,2.33356418493359,2.361849784851074,532600,0.0,0.0
2022-04-22 00:00:00-04:00,2.333564287477514,2.3830640895082835,2.2345646834159765,2.262850284576416,461000,0.0,0.0
2022-04-25 00:00:00-04:00,2.2133503694887344,2.2204217694176402,2.156779001462013,2.2062788009643555,595100,0.0,0.0
2022-04-26 00:00:00-04:00,2.1921361439371325,2.2769931172084097,2.163850542378535,2.1992075443267822,494000,0.0,0.0
2022-04-27 00:00:00-04:00,2.1992076051837706,2.291135981388561,2.177993403427778,2.2699217796325684,426700,0.0,0.0
2022-04-28 00:00:00-04:00,2.298207250583053,2.4184212222564123,2.2416360491346388,2.397207021713257,470300,0.0,0.0
2022-04-29 00:00:00-04:00,2.4113497563611497,2.4113497563611497,2.2840643879755254,2.291135787963867,288300,0.0,0.0
2022-05-02 00:00:00-04:00,2.276993175789855,2.305278778076172,2.213350570645642,2.305278778076172,298000,0.0,0.0
2022-05-03 00:00:00-04:00,2.305278585016106,2.3972069533434035,2.291135785057364,2.361849784851074,213500,0.0,0.0
2022-05-04 00:00:00-04:00,2.404278419461277,2.446706820504652,2.354778449648528,2.4325640201568604,343000,0.0,0.0
2022-05-05 00:00:00-04:00,2.4254928947203327,2.432564295695211,2.3194217115016555,2.3689215183258057,322700,0.0,0.0
2022-05-06 00:00:00-04:00,2.383063984789187,2.4113497533021455,2.347706984892332,2.361849784851074,283300,0.0,0.0
2022-05-09 00:00:00-04:00,2.312350119156657,2.312350119156657,2.1567791419888853,2.1992075443267822,580100,0.0,0.0
2022-05-10 00:00:00-04:00,2.2345647283012324,2.319421533487052,2.2062789579771405,2.284064531326294,391800,0.0,0.0
2022-05-11 00:00:00-04:00,2.291135924525063,2.4042784996777704,2.262850322885757,2.354778528213501,350100,0.0,0.0
2022-05-12 00:00:00-04:00,2.269921734214213,2.2911359355457352,2.1567791585172746,2.2487075328826904,478200,0.0,0.0
2022-05-13 00:00:00-04:00,2.2487075328826904,2.319421537321099,2.2487075328826904,2.2487075328826904,406000,0.0,0.0
2022-05-16 00:00:00-04:00,2.2487074493156904,2.4396354227995674,2.2487074493156904,2.397207021713257,777700,0.0,0.0
2022-05-17 00:00:00-04:00,2.3689213946629857,2.4254927681043643,2.319421590422832,2.3901357650756836,580400,0.0,0.0
2022-05-18 00:00:00-04:00,2.390135604754782,2.4608496060689267,2.2911358343195016,2.312350034713745,497300,0.0,0.0
2022-05-19 00:00:00-04:00,2.284064706627263,2.404278691795697,2.262850503702627,2.3689215183258057,479600,0.0,0.0
2022-05-20 00:00:00-04:00,2.397207297426993,2.4184215004100906,2.291136113916007,2.333564519882202,402700,0.0,0.0
2022-05-23 00:00:00-04:00,2.361849711202168,2.418421077868561,2.305278513131244,2.40427827835083,500700,0.0,0.0
2022-05-24 00:00:00-04:00,2.368921231364396,2.4113498006695426,2.3547784311278397,2.383064031600952,430500,0.0,0.0
2022-05-25 00:00:00-04:00,2.397207156748424,2.4608497619628906,2.3759927864147796,2.4608497619628906,854600,0.0,0.0
2022-05-26 00:00:00-04:00,2.467920876180619,2.467920876180619,2.40427827835083,2.40427827835083,384500,0.0,0.0
2022-05-27 00:00:00-04:00,2.383064235172544,2.4537784109915126,2.3759928344501966,2.446707010269165,407900,0.0,0.0
2022-05-31 00:00:00-04:00,2.453778370527309,2.4679211717387814,2.3689213946629857,2.3901357650756836,509900,0.0,0.0
2022-06-01 00:00:00-04:00,2.4042784170979603,2.4962066192682437,2.3901356167640704,2.467921018600464,468900,0.0,0.0
2022-06-02 00:00:00-04:00,2.467921070676248,2.510349472573202,2.404278467830817,2.4184212684631348,601300,0.0,0.0
2022-06-03 00:00:00-04:00,2.4113500066574267,2.446707010269165,2.368921433727849,2.446707010269165,381900,0.0,0.0
2022-06-06 00:00:00-04:00,2.4679211132185594,2.510349515846899,2.439635511466333,2.474992513656616,369200,0.0,0.0
2022-06-07 00:00:00-04:00,2.4749924647536736,2.5103494662453443,2.4396354632620034,2.489135265350342,517000,0.0,0.0
2022-06-08 00:00:00-04:00,2.467921070676248,2.467921070676248,2.3901356671984986,2.4184212684631348,368700,0.0,0.0
2022-06-09 00:00:00-04:00,2.375992925848397,2.397207297426993,2.333564519882202,2.333564519882202,454700,0.0,0.0
2022-06-10 00:00:00-04:00,2.298207232284117,2.3618498334068434,2.284064432034622,2.3477070331573486,395300,0.0,0.0
2022-06-13 00:00:00-04:00,2.298207043141954,2.305278442684726,2.206278680490453,2.2274930477142334,839000,0.0,0.0
2022-06-14 00:00:00-04:00,2.2274930477142334,2.269921444970866,2.192135881404909,2.2274930477142334,518200,0.0,0.0
2022-06-15 00:00:00-04:00,2.2274931693465465,2.2345645692754523,2.185064601177637,2.2062788009643555,683800,0.0,0.0
2022-06-16 00:00:00-04:00,2.1921360023192054,2.199207402252023,2.1284934029238447,2.170921802520752,567000,0.0,0.0
2022-06-17 00:00:00-04:00,2.121422052383423,2.220421822343326,2.07192225170121,2.121422052383423,869700,0.0,0.0
2022-06-21 00:00:00-04:00,2.142636389342043,2.248707566165065,2.142636389342043,2.1850647926330566,426700,0.0,0.0
2022-06-22 00:00:00-04:00,2.1072793498463107,2.1497077523973274,2.0931365489959717,2.0931365489959717,513000,0.0,0.0
2022-06-23 00:00:00-04:00,2.100208003722664,2.100208003722664,2.0153510278311426,2.0436367988586426,511500,0.0,0.0
2022-06-24 00:00:00-04:00,2.0365652074085134,2.121422006752798,2.0294936388676827,2.0648508071899414,1001300,0.0,0.0
2022-06-27 00:00:00-04:00,2.078993651798669,2.1426362526758,2.064850851603751,2.121422052383423,511800,0.0,0.0
2022-06-28 00:00:00-04:00,2.1497077052157305,2.163850505755664,2.050708101436193,2.0719223022460938,525100,0.0,0.0
2022-06-29 00:00:00-04:00,2.0860651057628963,2.0931365060429545,2.0224223346468926,2.0365653038024902,346200,0.0,0.0
2022-06-30 00:00:00-04:00,2.0153509343668348,2.0365653038024902,1.9729225326864865,2.0365653038024902,557700,0.0,0.0
2022-07-01 00:00:00-04:00,2.043636732483601,2.043636732483601,1.9517083589698083,2.00827956199646,266500,0.0,0.0
2022-07-05 00:00:00-04:00,1.9658511631621665,1.9729225635528564,1.916351360427336,1.9729225635528564,363700,0.0,0.0
2022-07-06 00:00:00-04:00,1.944636896997462,1.979993897769229,1.8668514952995738,1.8880656957626343,340300,0.0,0.0
2022-07-07 00:00:00-04:00,1.9234228090196224,1.9799940135628358,1.9234228090196224,1.9587798118591309,293200,0.0,0.0
2022-07-08 00:00:00-04:00,1.9799938685970384,1.9870652686472055,1.9304940682458682,1.965851068496704,159400,0.0,0.0
2022-07-11 00:00:00-04:00,1.923422767916006,1.9446369691663627,1.8809943654152927,1.9022085666656494,172700,0.0,0.0
2022-07-12 00:00:00-04:00,1.866851572195238,1.880994373086487,1.81735160048038,1.8456372022628784,398600,0.0,0.0
2022-07-13 00:00:00-04:00,1.8032087995891308,1.8880657735321116,1.8032087995891308,1.8456372022628784,413700,0.0,0.0
2022-07-14 00:00:00-04:00,1.810280106879773,1.838565707206726,1.7961373067162965,1.838565707206726,246800,0.0,0.0
2022-07-15 00:00:00-04:00,1.8880657658320783,1.909279967082435,1.8385657943190945,1.9022085666656494,266500,0.0,0.0
2022-07-18 00:00:00-04:00,1.9517082683963698,2.008279468797707,1.9517082683963698,1.965851068496704,283900,0.0,0.0
2022-07-19 00:00:00-04:00,1.9729224393048264,2.0860650070260127,1.9729224393048264,2.0648508071899414,260600,0.0,0.0
2022-07-20 00:00:00-04:00,2.0931365984869834,2.0931365984869834,2.0153510233754397,2.078993797302246,270400,0.0,0.0
2022-07-21 00:00:00-04:00,2.0365653038024902,2.057779504642664,2.0153509343668348,2.0365653038024902,291500,0.0,0.0
2022-07-22 00:00:00-04:00,2.0577796000746478,2.1143508049386694,1.9941368260071346,2.0436367988586426,332000,0.0,0.0
2022-07-25 00:00:00-04:00,2.078993788563019,2.149707794189453,2.043636785749802,2.149707794189453,350700,0.0,0.0
2022-07-26 00:00:00-04:00,2.1638504038245854,2.220421771914932,2.114350604266571,2.1355648040771484,300200,0.0,0.0
2022-07-27 00:00:00-04:00,2.1638505589611152,2.262850333770372,2.1567791585172746,2.2487075328826904,323800,0.0,0.0
2022-07-28 00:00:00-04:00,2.269921834795484,2.2840646363098394,2.192136257871035,2.2204220294952393,200400,0.0,0.0
2022-07-29 00:00:00-04:00,2.2274934302524168,2.262850434038306,2.1992076586282128,2.2204220294952393,378700,0.0,0.0
2022-08-01 00:00:00-04:00,2.227493237535779,2.2699216384080563,2.177993267922644,2.241636037826538,231900,0.0,0.0
2022-08-02 00:00:00-04:00,2.2487075291655354,2.305278732622749,2.2487075291655354,2.284064531326294,164500,0.0,0.0
2022-08-03 00:00:00-04:00,2.2982073819738917,2.2982073819738917,2.213350574949921,2.2699217796325684,223400,0.0,0.0
2022-08-04 00:00:00-04:00,2.2769932746887207,2.368921486112058,2.2699218738100027,2.2769932746887207,196000,0.0,0.0
2022-08-05 00:00:00-04:00,2.2487073851811386,2.383063984789187,2.2274931852430253,2.361849784851074,338300,0.0,0.0
2022-08-08 00:00:00-04:00,2.390135600314708,2.4042784005512643,2.333564230773005,2.383064031600952,261500,0.0,0.0
2022-08-09 00:00:00-04:00,2.3406356044282126,2.4254925734836412,2.3406356044282126,2.4113497734069824,302100,0.0,0.0
2022-08-10 00:00:00-04:00,2.4325641013170762,2.4325641013170762,2.3335643269840216,2.354778528213501,218800,0.0,0.0
2022-08-11 00:00:00-04:00,2.3759926314826743,2.4113498006695426,2.368921231364396,2.383064031600952,269300,0.0,0.0
2022-08-12 00:00:00-04:00,2.4467067873699975,2.616420557840618,2.4396353872918666,2.566920757293701,2242100,0.0,0.0
2022-08-15 00:00:00-04:00,2.510349572824937,2.595206548603122,2.474992569832147,2.581063747406006,895800,0.0,0.0
2022-08-16 00:00:00-04:00,2.581063791993736,2.6164207955973158,2.538635219073947,2.602277994155884,622700,0.0,0.0
2022-08-17 00:00:00-04:00,2.6093493452633467,2.6305635470221356,2.5810637429182948,2.6164207458496094,713200,0.0,0.0
2022-08-18 00:00:00-04:00,2.6164207458496094,2.6234921464358725,2.5810637429182948,2.6164207458496094,615200,0.0,0.0
2022-08-19 00:00:00-04:00,2.595206673952166,2.6022780748922743,2.5244924959555872,2.559849500656128,459900,0.0,0.0
2022-08-22 00:00:00-04:00,2.531563615334047,2.5881349851585163,2.4891352144123036,2.538635015487671,312900,0.0,0.0
2022-08-23 00:00:00-04:00,2.5527778181653997,2.566920787081259,2.4820638165634965,2.5032780170440674,371900,0.0,0.0
2022-08-24 00:00:00-04:00,2.5244923092920977,2.552777910961065,2.5174209088748563,2.5457065105438232,475500,0.0,0.0
2022-08-25 00:00:00-04:00,2.538635015487671,2.5457064156412947,2.460849613797808,2.538635015487671,672800,0.0,0.0
2022-08-26 00:00:00-04:00,2.545706514237733,2.545706514237733,2.4820639103902096,2.5103495121002197,659600,0.0,0.0
2022-08-29 00:00:00-04:00,2.4962067076231307,2.5457065105438232,2.4679211059541637,2.5457065105438232,729500,0.0,0.0
2022-08-30 00:00:00-04:00,2.545706568915513,2.5527779694948984,2.4254927590659645,2.4608497619628906,785400,0.0,0.0
2022-08-31 00:00:00-04:00,2.4042784170979603,2.474992418767409,2.4042784170979603,2.467921018600464,460800,0.0,0.0
2022-09-01 00:00:00-04:00,2.446706822980619,2.446706822980619,2.397207021713257,2.397207021713257,404200,0.0,0.0
2022-09-02 00:00:00-04:00,2.4254926199829647,2.439635420330756,2.404278419461277,2.4325640201568604,391700,0.0,0.0
2022-09-06 00:00:00-04:00,2.439635511466333,2.496206714970786,2.439635511466333,2.474992513656616,531500,0.0,0.0
2022-09-07 00:00:00-04:00,2.4537782206785477,2.474992421200235,2.4184212198090687,2.4325640201568604,334900,0.0,0.0
2022-09-08 00:00:00-04:00,2.4325639684546085,2.5244921687613915,2.418421168407411,2.517420768737793,415000,0.0,0.0
2022-09-09 00:00:00-04:00,2.5457065105438232,2.5598493113783065,2.5244923092920977,2.5457065105438232,883300,0.0,0.0
2022-09-12 00:00:00-04:00,2.5739923912730194,2.6376349977594638,2.5739923912730194,2.602277994155884,618000,0.0,0.0
2022-09-13 00:00:00-04:00,2.559849328185888,2.6305635014180893,2.559849328185888,2.5952064990997314,608200,0.0,0.0
2022-09-14 00:00:00-04:00,2.62349214199603,2.6588491448675087,2.6022779402731433,2.651777744293213,869400,0.0,0.0
2022-09-15 00:00:00-04:00,2.637634754180908,2.687134554654745,2.6093491539101437,2.637634754180908,775300,0.0,0.0
2022-09-16 00:00:00-04:00,2.545706698775912,2.5810638720719496,2.496206892195154,2.559849500656128,539400,0.0,0.0
2022-09-19 00:00:00-04:00,2.5174208238686946,2.7578487671273146,2.5174208238686946,2.729562997817993,1416200,0.0,0.0
2022-09-20 00:00:00-04:00,2.72249160011394,2.7366344004837155,2.658848998449951,2.6942059993743896,962200,0.0,0.0
2022-09-21 00:00:00-04:00,2.7154201549255097,2.7154201549255097,2.637634754180908,2.637634754180908,643700,0.0,0.0
2022-09-22 00:00:00-04:00,2.6659205454418045,2.6871347471646914,2.5881351391245517,2.651777744293213,634600,0.0,0.0
2022-09-23 00:00:00-04:00,2.595206438420835,2.595206438420835,2.4749924647536736,2.489135265350342,848800,0.0,0.0
2022-09-26 00:00:00-04:00,2.482064013880903,2.496206815325598,2.425492808102122,2.446707010269165,498200,0.0,0.0
2022-09-27 00:00:00-04:00,2.467921013951432,2.5598492159485424,2.4184212128760647,2.538635015487671,623500,0.0,0.0
2022-09-28 00:00:00-04:00,2.5598491886200936,2.595206357606225,2.4749923876825215,2.566920757293701,599700,0.0,0.0
2022-09-29 00:00:00-04:00,2.5457063705495107,2.5457063705495107,2.446706770152344,2.4820637702941895,475400,0.0,0.0
2022-09-30 00:00:00-04:00,2.5032780147195512,2.5739921848512686,2.4537782136441844,2.538635015487671,594400,0.0,0.0
2022-10-03 00:00:00-04:00,2.595206673952166,2.6022780748922743,2.5103496940753707,2.559849500656128,390200,0.0,0.0
2022-10-04 00:00:00-04:00,2.595206747306747,2.6022781484467314,2.425492951351623,2.439635753631592,511600,0.0,0.0
2022-10-05 00:00:00-04:00,2.3972068785919642,2.4113496781096955,2.333564112166706,2.40427827835083,472200,0.0,0.0
2022-10-06 00:00:00-04:00,2.4042782311479245,2.4679208277282263,2.3759924640723242,2.453778028488159,296100,0.0,0.0
2022-10-07 00:00:00-04:00,2.439635469411612,2.489135271624725,2.3901356671984986,2.4184212684631348,417300,0.0,0.0
2022-10-10 00:00:00-04:00,2.425492603125048,2.460849603748785,2.3406356330326012,2.3477070331573486,367700,0.0,0.0
2022-10-11 00:00:00-04:00,2.333564519882202,2.368921524854031,2.2769933119272756,2.333564519882202,384200,0.0,0.0
2022-10-12 00:00:00-04:00,2.3194215860382688,2.4396355647040244,2.2699217818916884,2.425492763519287,909100,0.0,0.0
2022-10-13 00:00:00-04:00,2.397206969953761,2.5174207704360345,2.397206969953761,2.4820637702941895,858300,0.0,0.0
2022-10-14 00:00:00-04:00,2.5032782931352626,2.5810638720719496,2.4608498874946134,2.559849500656128,526800,0.0,0.0
2022-10-17 00:00:00-04:00,2.602277931808426,2.72249174118042,2.588135130705838,2.72249174118042,781000,0.0,0.0
2022-10-18 00:00:00-04:00,2.7083486767892584,2.8002770436148694,2.6942058770615445,2.750777244567871,611400,0.0,0.0
2022-10-19 00:00:00-04:00,2.771991537759728,2.80027713817026,2.708348768240555,2.793205738067627,564000,0.0,0.0
2022-10-20 00:00:00-04:00,2.7932058648586096,2.8073486657058546,2.7012774907560333,2.7366344928741455,867000,0.0,0.0
2022-10-21 00:00:00-04:00,2.7507775119810827,2.76492031308367,2.7083489400778324,2.72249174118042,386800,0.0,0.0
2022-10-24 00:00:00-04:00,2.7154201511259113,2.7366343512993003,2.651777550605745,2.7083487510681152,456000,0.0,0.0
2022-10-25 00:00:00-04:00,2.6942058770615445,2.7861342438871555,2.672991677469974,2.750777244567871,609000,0.0,0.0
2022-10-26 00:00:00-04:00,2.793205738067627,2.8497771074841673,2.75077733745183,2.793205738067627,1100300,0.0,0.0
2022-10-27 00:00:00-04:00,2.8002772364340434,2.835634406783394,2.757848834329402,2.764920234680176,310700,0.0,0.0
2022-10-28 00:00:00-04:00,2.779062967662697,2.779062967662697,2.7224915976395323,2.729562997817993,395000,0.0,0.0
2022-10-31 00:00:00-04:00,2.729563064330825,2.786134435732496,2.6942060625769573,2.764920234680176,355800,0.0,0.0
2022-11-01 00:00:00-04:00,2.8214913749071804,2.9699907789797866,2.807348574519313,2.955847978591919,1703100,0.0,0.0
2022-11-02 00:00:00-04:00,2.9417054014658057,2.948776970791918,2.8639201620244776,2.8780629634857178,1222600,0.0,0.0
2022-11-03 00:00:00-04:00,2.920491073540315,2.9699907050705554,2.8851339048550426,2.9629194736480713,1226000,0.0,0.0
2022-11-04 00:00:00-04:00,3.0053479372948173,3.0972763080673125,2.998276368531876,3.068990707397461,2093400,0.0,0.0
2022-11-07 00:00:00-05:00,3.076062071361651,3.203347617045246,3.040705237598075,3.1679904460906982,2509800,0.0,0.0
2022-11-08 00:00:00-05:00,3.182133287908319,3.2316332604423113,3.146776116499614,3.2245616912841797,1690500,0.0,0.0
2022-11-09 00:00:00-05:00,3.2174902795096583,3.231633079844584,3.0619191386345195,3.068990707397461,1221800,0.0,0.0
2022-11-10 00:00:00-05:00,3.0689907562638514,3.118490389628776,2.9982764162723083,3.0548479557037354,895600,0.0,0.0
2022-11-11 00:00:00-05:00,3.0972764826436934,3.125562084907848,3.0194909078217806,3.0336337089538574,594900,0.0,0.0
2022-11-14 00:00:00-05:00,2.9982765375281764,3.1043477146142435,2.9982765375281764,3.0336337089538574,580000,0.0,0.0
2022-11-15 00:00:00-05:00,3.047776453194392,3.153847628300474,2.9982764815606284,3.11849045753479,740600,0.0,0.0
2022-11-16 00:00:00-05:00,3.167990330156816,3.203347499817454,3.0972763280264997,3.146775960922241,730000,0.0,0.0
2022-11-17 00:00:00-05:00,3.2104187499859345,3.22456155049372,3.1326331785976342,3.1962759494781494,2115900,0.0,0.0
2022-11-18 00:00:00-05:00,3.210418731435006,3.2174903002435173,3.132633160496178,3.146775960922241,1185600,0.0,0.0
2022-11-21 00:00:00-05:00,3.1467759358458696,3.1821331052247497,3.0972763033445863,3.139704704284668,1141500,0.0,0.0
2022-11-22 00:00:00-05:00,3.175061727548198,3.1892048659036516,3.1043477217258175,3.1538476943969727,935700,0.0,0.0
2022-11-23 00:00:00-05:00,3.1397048024079304,3.1679904039186444,3.083133599386503,3.111419200897217,533800,0.0,0.0
2022-11-25 00:00:00-05:00,3.1184905228902933,3.196276097890401,3.097276489739068,3.1538476943969727,421000,0.0,0.0
2022-11-28 00:00:00-05:00,3.139704886039925,3.139704886039925,3.0265624769833073,3.0336337089538574,631400,0.0,0.0
2022-11-29 00:00:00-05:00,3.1043475649353733,3.132633165835712,3.05484793195526,3.076061964035034,449200,0.0,0.0
2022-11-30 00:00:00-05:00,3.111419128452563,3.1821331305828795,3.0972763280264997,3.146775960922241,959400,0.0,0.0
2022-12-01 00:00:00-05:00,3.1679902102384827,3.1892045786700276,3.097276210784912,3.097276210784912,607000,0.0,0.0
2022-12-02 00:00:00-05:00,3.090204824478153,3.182133197784424,3.040705190537058,3.182133197784424,769700,0.0,0.0
2022-12-05 00:00:00-05:00,3.189204799066158,3.2245616326408717,3.090204855798631,3.11849045753479,862100,0.0,0.0
2022-12-06 00:00:00-05:00,3.1397046131193567,3.1467758444752363,2.9982762769013447,3.026562213897705,1072200,0.0,0.0
2022-12-07 00:00:00-05:00,3.0194907791993515,3.026562348059648,2.7932058021297776,2.863919973373413,1369800,0.0,0.0
2022-12-08 00:00:00-05:00,2.885133885212895,2.9558478849110648,2.885133885212895,2.913419485092163,741700,0.0,0.0
2022-12-09 00:00:00-05:00,2.920491367869438,2.920491367869438,2.849777360563238,2.8780629634857178,610400,0.0,0.0
2022-12-12 00:00:00-05:00,2.878062911435061,3.0972764987152286,2.878062911435061,3.0831336975097656,877100,0.0,0.0
2022-12-13 00:00:00-05:00,3.125562076074715,3.1538476782589315,3.0477765014726312,3.1043477058410645,1483200,0.0,0.0
2022-12-14 00:00:00-05:00,3.111419290903544,3.175061727548198,3.076062119396865,3.1538476943969727,839800,0.0,0.0
2022-12-15 00:00:00-05:00,3.111419074755904,3.2174902447162896,3.111419074755904,3.2033474445343018,773300,0.0,0.0
2022-12-16 00:00:00-05:00,3.1538476614753144,3.217490434646606,3.1326332913545594,3.2174904346466064,837700,0.0,0.0
2022-12-19 00:00:00-05:00,3.217490417988871,3.238704450808822,3.13263327513615,3.1679904460906982,633100,0.0,0.0
2022-12-20 00:00:00-05:00,3.182133214941384,3.252847218946332,3.1679904141403945,3.231633186340332,652900,0.0,0.0
2022-12-21 00:00:00-05:00,3.252847194671631,3.2669899953670787,3.2104187925852883,3.252847194671631,917200,0.0,0.0
2022-12-22 00:00:00-05:00,3.252847169732083,3.2599187386210726,3.1397047650359644,3.2457759380340576,813700,0.0,0.0
2022-12-23 00:00:00-05:00,3.2457760120281054,3.2669900447967626,3.210418841159048,3.2387044429779053,422900,0.0,0.0
2022-12-27 00:00:00-05:00,3.2599187879423113,3.2599187879423113,3.2104188165433634,3.231633186340332,664400,0.0,0.0
2022-12-28 00:00:00-05:00,3.2174904086705354,3.2174904086705354,3.0265624278890706,3.047776460647583,1103600,0.0,0.0
2022-12-29 00:00:00-05:00,3.047776405352074,3.1467760098745896,3.005348003413853,3.1326332092285156,764600,0.0,0.0
2022-12-30 00:00:00-05:00,3.125561899415401,3.217490269913726,3.111419099122655,3.210418701171875,338500,0.0,0.0
2023-01-03 00:00:00-05:00,3.2316331006695806,3.245775901095644,3.111419128452563,3.146775960922241,821200,0.0,0.0
2023-01-04 00:00:00-05:00,3.111419063107256,3.1397046633653347,2.991205093414944,3.0124194622039795,1045400,0.0,0.0
2023-01-05 00:00:00-05:00,3.005348033446022,3.0619192365956276,2.9699908628820344,3.0407052040100098,501100,0.0,0.0
2023-01-06 00:00:00-05:00,3.040705179923733,3.118490415042798,3.0124195785729886,3.0619192123413086,513600,0.0,0.0
2023-01-09 00:00:00-05:00,3.0972762844377515,3.132633116409844,3.076061915501732,3.0902047157287598,634000,0.0,0.0
2023-01-10 00:00:00-05:00,3.111419282281885,3.245776061567598,3.1043477131237536,3.2245616912841797,1219800,0.0,0.0
2023-01-11 00:00:00-05:00,3.217490324653255,3.238704356857812,3.1184903837287816,3.1255619525909424,496300,0.0,0.0
2023-01-12 00:00:00-05:00,3.1609187067973843,3.245775845080265,3.0902047058874453,3.2033474445343018,454500,0.0,0.0
2023-01-13 00:00:00-05:00,3.1679904141403945,3.2387044181453426,3.1609188451444155,3.231633186340332,453200,0.0,0.0
2023-01-17 00:00:00-05:00,3.231633155816189,3.394275532086828,3.217490355148784,3.323561191558838,2131800,0.0,0.0
2023-01-18 00:00:00-05:00,3.358918277737236,3.387203878363957,3.132633135532509,3.139704704284668,814700,0.0,0.0
2023-01-19 00:00:00-05:00,3.1397048442034485,3.2104188489215724,2.9417052938017294,3.1679904460906982,961700,0.0,0.0
2023-01-20 00:00:00-05:00,3.1892048246626867,3.2882044315338135,3.1538476536132265,3.2882044315338135,568100,0.0,0.0
2023-01-23 00:00:00-05:00,3.2952757377783457,3.3377041416804,3.2316333005207554,3.281132936477661,912400,0.0,0.0
2023-01-24 00:00:00-05:00,3.29527564661562,3.29527564661562,3.160918869380562,3.2387044429779053,501300,0.0,0.0
2023-01-25 00:00:00-05:00,3.2245615685580535,3.266989970319098,3.160918797321005,3.2457759380340576,485900,0.0,0.0
2023-01-26 00:00:00-05:00,3.2811328205483115,3.30234719034528,3.1679904141403945,3.231633186340332,354900,0.0,0.0
2023-01-27 00:00:00-05:00,3.2387044517690806,3.4084184003338693,3.2387044517690806,3.3589184284210205,1307300,0.0,0.0
2023-01-30 00:00:00-05:00,3.3164900334969927,3.3730612374233506,3.2599188295706343,3.2882044315338135,337100,0.0,0.0
2023-01-31 00:00:00-05:00,3.2882043453541865,3.457917952685285,3.2740615447432617,3.43670392036438,1608700,0.0,0.0
2023-02-01 00:00:00-05:00,3.4579178985961754,3.5993462396841513,3.4437750982064737,3.5215606689453125,1682300,0.0,0.0
2023-02-02 00:00:00-05:00,3.521560674110329,3.5993462449632547,3.387203901615625,3.4508466720581055,799000,0.0,0.0
2023-02-03 00:00:00-05:00,3.4508469349657833,3.5498465453813224,3.4437753656263235,3.457918167114258,543200,0.0,0.0
2023-02-06 00:00:00-05:00,3.4367038845039053,3.6276318593546244,3.4367038845039053,3.5710606575012207,1409700,0.0,0.0
2023-02-07 00:00:00-05:00,3.592274636345101,3.6559174060821533,3.5286318666080483,3.6559174060821533,1249000,0.0,0.0
2023-02-08 00:00:00-05:00,3.6347034740146182,3.648846275968333,3.556918231864686,3.59934663772583,468900,0.0,0.0
2023-02-09 00:00:00-05:00,3.6276317824367608,3.719560152094836,3.6134889822732843,3.677131414413452,1795400,0.0,0.0
2023-02-10 00:00:00-05:00,3.67713172763192,3.6912745290000823,3.585203687334359,3.641774892807007,644800,0.0,0.0
2023-02-13 00:00:00-05:00,3.6417743685573245,3.7902739301413404,3.6205600009634935,3.7266311645507812,1068500,0.0,0.0
2023-02-14 00:00:00-05:00,3.7266311645507812,3.7832023618797526,3.648845599627979,3.7266311645507812,911700,0.0,0.0
2023-02-15 00:00:00-05:00,3.7054171489200156,3.7619886888134295,3.648845946217567,3.7478458881378174,515300,0.0,0.0
2023-02-16 00:00:00-05:00,3.7266318053850505,3.7549174089135486,3.6629890288504336,3.733703374862671,808000,0.0,0.0
2023-02-17 00:00:00-05:00,3.733703144390476,3.733703144390476,3.627631969110621,3.691274404525757,779400,0.0,0.0
2023-02-21 00:00:00-05:00,3.6842029830906675,3.740774183744574,3.655917382763714,3.677131414413452,676800,0.0,0.0
2023-02-22 00:00:00-05:00,3.6771312666510627,3.7973452318053944,3.6771312666510627,3.761988401412964,1541000,0.0,0.0
2023-02-23 00:00:00-05:00,3.7973453899965475,3.9812021295837394,3.7902741584998614,3.9104881286621094,2014600,0.0,0.0
2023-02-24 00:00:00-05:00,3.8963456736766653,4.165058900985655,3.8751313029252006,4.15091609954834,2123200,0.0,0.0
2023-02-27 00:00:00-05:00,4.179201975222816,4.327701568603516,4.044845184202611,4.327701568603516,3448400,0.0,0.0
2023-02-28 00:00:00-05:00,4.313558002924026,4.426700738977469,4.221629635252775,4.412557601928711,2399800,0.0,0.0
2023-03-01 00:00:00-05:00,4.426700836237857,4.46205766806375,4.320629666378272,4.38427209854126,1647700,0.0,0.0
2023-03-02 00:00:00-05:00,4.313558396612098,4.440843944140397,4.242844390869141,4.4196295738220215,2067100,0.0,0.0
2023-03-03 00:00:00-05:00,4.419629652993466,4.546914865610924,4.348915645983768,4.532772064208984,1594300,0.0,0.0
2023-03-06 00:00:00-05:00,4.433772071792422,4.433772071792422,4.179201331334166,4.313558101654053,2529100,0.0,0.0
2023-03-07 00:00:00-05:00,4.313558396612098,4.447915176119205,4.271129993166324,4.4196295738220215,1617700,0.0,0.0
2023-03-08 00:00:00-05:00,4.454986548407049,4.49741494997776,4.3842722085982375,4.476200580596924,1308300,0.0,0.0
2023-03-09 00:00:00-05:00,4.469129347938079,4.483272148458508,4.165058630962411,4.2145586013793945,2445500,0.0,0.0
2023-03-10 00:00:00-05:00,4.242844477486381,4.2711300803610115,4.136773298111025,4.15091609954834,2586800,0.0,0.0
2023-03-13 00:00:00-04:00,4.0307018687336695,4.1509158420901375,3.903416663692625,4.0731306076049805,1726800,0.0,0.0
2023-03-14 00:00:00-04:00,4.115558814489169,4.221629645074051,4.066058846276196,4.129701614379883,1834900,0.0,0.0
2023-03-15 00:00:00-04:00,4.002416062716535,4.030701662388734,3.839773696005919,3.9387736320495605,2068100,0.0,0.0
2023-03-16 00:00:00-04:00,3.896345277254264,4.044844508641956,3.8822021400649174,3.995344877243042,1542800,0.0,0.0
2023-03-17 00:00:00-04:00,3.988273333793053,4.136772903307934,3.9812021023447475,4.002416133880615,1947800,0.0,0.0
2023-03-20 00:00:00-04:00,4.002416356908595,4.143844702856029,3.9882735560329485,4.115559101104736,1011400,0.0,0.0
2023-03-21 00:00:00-04:00,4.214558408659424,4.320629576307785,4.172130009038269,4.271129608154297,1319600,0.0,0.0
2023-03-22 00:00:00-04:00,4.377200994465043,4.773199747902158,4.320629792144164,4.525700569152832,3342100,0.0,0.0
2023-03-23 00:00:00-04:00,4.525700452905272,4.709556855725576,4.426700851386647,4.504486083984375,1663800,0.0,0.0
2023-03-24 00:00:00-04:00,4.419629673368853,4.440844044165056,4.299415692302662,4.39134407043457,918600,0.0,0.0
2023-03-27 00:00:00-04:00,4.4196291704530895,4.447914770168714,4.334772371306218,4.412557601928711,824500,0.0,0.0
2023-03-28 00:00:00-04:00,4.412558192711812,4.511558142162224,4.398415390960466,4.433772563934326,673200,0.0,0.0
2023-03-29 00:00:00-04:00,4.447915084610393,4.454986653634692,4.334772677749388,4.377201080322266,775200,0.0,0.0
2023-03-30 00:00:00-04:00,4.384272319690193,4.398415120572124,4.249915879907336,4.306487083435059,650900,0.0,0.0
2023-03-31 00:00:00-04:00,4.320629950022085,4.384272386363118,4.2994155797810905,4.370129585266113,1356600,0.0,0.0
2023-04-03 00:00:00-04:00,4.327700689307401,4.341843488794382,4.037773131228824,4.179201126098633,1538900,0.0,0.0
2023-04-04 00:00:00-04:00,4.193344337325306,4.200415906358614,4.058987560411181,4.115559101104736,1208500,0.0,0.0
2023-04-05 00:00:00-04:00,4.115558602451249,4.150915431760939,4.002415871963822,4.136772632598877,818000,0.0,0.0
2023-04-06 00:00:00-04:00,4.143844567466291,4.150915799077594,4.037773395769068,4.044844627380371,770600,0.0,0.0
2023-04-10 00:00:00-04:00,4.037773038464442,4.2216294275712505,4.030701470287946,4.136772632598877,834200,0.0,0.0
2023-04-11 00:00:00-04:00,4.143844702856029,4.186273105482968,4.115559101104736,4.115559101104736,616900,0.0,0.0
2023-04-12 00:00:00-04:00,4.129702065987859,4.1721304702998045,4.101416463113228,4.15091609954834,663700,0.0,0.0
2023-04-13 00:00:00-04:00,4.16505853509932,4.348915274824208,4.122630134514566,4.242844104766846,782800,0.0,0.0
2023-04-14 00:00:00-04:00,4.278201481671197,4.313558315280539,4.249915879907336,4.306487083435059,721200,0.0,0.0
2023-04-17 00:00:00-04:00,4.320629703713868,4.518628907784496,4.31355813497301,4.483272075653076,738300,0.0,0.0
2023-04-18 00:00:00-04:00,4.469129063039263,4.525700261514669,4.440843463801561,4.49034309387207,568400,0.0,0.0
2023-04-19 00:00:00-04:00,4.426700764859444,4.4479147961747225,4.264058396948197,4.320629596710205,690000,0.0,0.0
2023-04-20 00:00:00-04:00,4.299415090333439,4.306486658672398,4.1509155271246705,4.179201126098633,567600,0.0,0.0
2023-04-21 00:00:00-04:00,4.150916110026208,4.172130480831223,4.066059301188118,4.080202102661133,663600,0.0,0.0
2023-04-24 00:00:00-04:00,4.080201932133195,4.355986717926331,4.080201932133195,4.306487083435059,684500,0.0,0.0
2023-04-25 00:00:00-04:00,4.214558783121327,4.2287015842516285,4.087273572948622,4.108487606048584,641300,0.0,0.0
2023-04-26 00:00:00-04:00,4.087273245828097,4.087273245828097,3.974130508649972,3.995344877243042,709900,0.0,0.0
2023-04-27 00:00:00-04:00,3.9953451649848466,4.023630767018749,3.917559590796129,3.9812023639678955,903100,0.0,0.0
2023-04-28 00:00:00-04:00,3.959987708651575,4.0307017086435595,3.945844908653178,3.995344877243042,706900,0.0,0.0
2023-05-01 00:00:00-04:00,3.9953450552207577,3.9953450552207577,3.8468454800270138,3.8892738819122314,758900,0.0,0.0
2023-05-02 00:00:00-04:00,3.882202344637199,3.882202344637199,3.761988706911654,3.8256311416625977,804900,0.0,0.0
2023-05-03 00:00:00-04:00,3.8185600523119634,3.8185600523119634,3.6629889011383057,3.6629889011383057,911500,0.0,0.0
2023-05-04 00:00:00-04:00,3.5922749194229486,3.641774892807007,3.542775283229873,3.641774892807007,797700,0.0,0.0
2023-05-05 00:00:00-04:00,3.712488479746916,3.8963452139288925,3.712488479746916,3.8185596466064453,1113400,0.0,0.0
2023-05-08 00:00:00-04:00,3.8044168001984446,3.839773630590875,3.7124884342344333,3.761988401412964,894700,0.0,0.0
2023-05-09 00:00:00-04:00,3.719560002627483,3.7902740006032842,3.6771312666510627,3.761988401412964,968300,0.0,0.0
2023-05-10 00:00:00-04:00,3.8044172967675434,3.8680597346571823,3.7478460910029825,3.8397741317749023,933300,0.0,0.0
2023-05-11 00:00:00-04:00,4.009488346896877,4.419629952542235,3.9953455445363817,4.327701568603516,1456700,0.0,0.0
2023-05-12 00:00:00-04:00,4.334772301733738,4.539843064976129,4.235772367127042,4.278201103210449,1416500,0.0,0.0
2023-05-15 00:00:00-04:00,4.320629678667237,4.320629678667237,4.165058539179775,4.172130107879639,943100,0.0,0.0
2023-05-16 00:00:00-04:00,4.165058735574013,4.207487138200952,4.115559101104736,4.115559101104736,501800,0.0,0.0
2023-05-17 00:00:00-04:00,4.129702191564332,4.150916225769892,4.080202216433036,4.10141658782959,568200,0.0,0.0
2023-05-18 00:00:00-04:00,4.080202003787982,4.115559175209222,3.974130826715239,4.108487606048584,866100,0.0,0.0
2023-05-19 00:00:00-04:00,4.157987416985387,4.327701023952482,4.1297018158242045,4.264058589935303,1475000,0.0,0.0
2023-05-22 00:00:00-04:00,4.256986735168746,4.34891510136456,4.256986735168746,4.278201103210449,645800,0.0,0.0
2023-05-23 00:00:00-04:00,4.27112963115233,4.341843630901683,4.214558431352847,4.249915599822998,578800,0.0,0.0
2023-05-24 00:00:00-04:00,4.249915482589626,4.256986713774028,4.1792011475999695,4.228701114654541,434500,0.0,0.0
2023-05-25 00:00:00-04:00,4.2004158066519235,4.2004158066519235,4.108487434546872,4.1438446044921875,484800,0.0,0.0
2023-05-26 00:00:00-04:00,4.1438446044921875,4.179201437246541,4.101416202872386,4.1438446044921875,424200,0.0,0.0
2023-05-30 00:00:00-04:00,4.108487303132809,4.115558871772066,3.9741305337054906,4.002416133880615,592600,0.0,0.0
2023-05-31 00:00:00-04:00,3.9458450047458897,3.988273405774334,3.853916633922114,3.967059373855591,778000,0.0,0.0
2023-06-01 00:00:00-04:00,3.959987824898976,4.073130565398462,3.9529165932876733,4.044844627380371,531400,0.0,0.0
2023-06-02 00:00:00-04:00,4.0802020194929485,4.179201627786109,4.051916417123474,4.157987594604492,536400,0.0,0.0
2023-06-05 00:00:00-04:00,4.094344714182586,4.136773116633223,4.044844742728025,4.066059112548828,549300,0.0,0.0
2023-06-06 00:00:00-04:00,4.023630896769073,4.101416473466148,3.9882737244910436,4.080202102661133,581800,0.0,0.0
2023-06-07 00:00:00-04:00,4.108487606048584,4.157987578600125,4.030702031236442,4.108487606048584,664100,0.0,0.0
2023-06-08 00:00:00-04:00,4.094344829729798,4.15091603459382,4.058987658094296,4.087273597717285,431200,0.0,0.0
2023-06-09 00:00:00-04:00,4.285272696530894,4.370129501486128,4.249915863061699,4.25698709487915,1208400,0.0,0.0
2023-06-12 00:00:00-04:00,4.271129779408132,4.299415380289699,4.22162980926991,4.235772609710693,577000,0.0,0.0
2023-06-13 00:00:00-04:00,4.264058547783221,4.320629749546354,4.214558577644999,4.235772609710693,567200,0.0,0.0
2023-06-14 00:00:00-04:00,4.264058469614221,4.348915270703322,4.2499156694327045,4.313558101654053,597800,0.0,0.0
2023-06-15 00:00:00-04:00,4.313558120759927,4.370129321736562,4.285272520271609,4.363058090209961,454700,0.0,0.0
2023-06-16 00:00:00-04:00,4.384272226274847,4.419629396321807,4.249915789354712,4.264058589935303,605700,0.0,0.0
2023-06-20 00:00:00-04:00,4.242844178526566,4.2569869789673485,4.172130176322648,4.235772609710693,469400,0.0,0.0
2023-06-21 00:00:00-04:00,4.235772345838943,4.242843914214284,4.193343947159713,4.228701114654541,501300,0.0,0.0
2023-06-22 00:00:00-04:00,4.165058630962411,4.221629833044128,4.1297017982568205,4.2145586013793945,441100,0.0,0.0
2023-06-23 00:00:00-04:00,4.193344208388343,4.271129779408132,4.115558974559514,4.235772609710693,1790400,0.0,0.0
2023-06-26 00:00:00-04:00,4.193344428970847,4.271130004082391,4.157987594604492,4.157987594604492,555100,0.0,0.0
2023-06-27 00:00:00-04:00,4.150915645620481,4.1792012454019085,4.129701614379883,4.129701614379883,382300,0.0,0.0
2023-06-28 00:00:00-04:00,4.129701901980383,4.143844702856029,4.066059129444489,4.115559101104736,506500,0.0,0.0
2023-06-29 00:00:00-04:00,4.13677272763769,4.214558293411553,4.122629928150709,4.179201126098633,550200,0.0,0.0
2023-06-30 00:00:00-04:00,4.228701208533142,4.306486776434066,4.214558408659424,4.271129608154297,483600,0.0,0.0
2023-07-03 00:00:00-04:00,4.355986815594667,4.483272363576965,4.3206299811925675,4.46912956237793,848900,0.0,0.0
2023-07-05 00:00:00-04:00,4.469129472993197,4.645914653040841,4.440843871160852,4.617629051208496,1010500,0.0,0.0
2023-07-06 00:00:00-04:00,4.62470037556732,4.695414381562498,4.433772390784852,4.46912956237793,739700,0.0,0.0
2023-07-07 00:00:00-04:00,4.483272178910796,4.674200155828933,4.4762006100070675,4.645914554595947,732600,0.0,0.0
2023-07-10 00:00:00-04:00,4.652985595944988,4.709556796096509,4.624699995869227,4.631771564483643,521600,0.0,0.0
2023-07-11 00:00:00-04:00,4.652986151882489,4.744914531707764,4.652986151882489,4.744914531707764,638700,0.0,0.0
2023-07-12 00:00:00-04:00,4.808557132574312,4.829771165796031,4.730771557315724,4.780271530151367,561200,0.0,0.0
2023-07-13 00:00:00-04:00,4.787342261911877,4.843913460846401,4.744913862710983,4.801485061645508,684100,0.0,0.0
2023-07-14 00:00:00-04:00,4.801485225731205,4.801485225731205,4.490343283767428,4.504486083984375,608100,0.0,0.0
2023-07-17 00:00:00-04:00,4.525700959438614,4.617629339733211,4.462058182743741,4.60348653793335,492300,0.0,0.0
2023-07-18 00:00:00-04:00,4.596414954649751,4.645914929396274,4.546914979903227,4.553986549377441,328400,0.0,0.0
2023-07-19 00:00:00-04:00,4.5398431378399655,4.56105716903121,4.398414802070898,4.412557601928711,482400,0.0,0.0
2023-07-20 00:00:00-04:00,4.426700836237857,4.454986436574952,4.348915266715367,4.38427209854126,410300,0.0,0.0
2023-07-21 00:00:00-04:00,4.4054865654409054,4.412557797087085,4.313558193703852,4.355986595153809,366300,0.0,0.0
2023-07-24 00:00:00-04:00,4.370129585266113,4.483272331233126,4.3277011819751,4.370129585266113,737200,0.0,0.0
2023-07-25 00:00:00-04:00,4.3842723289517815,4.511557874349015,4.3842723289517815,4.426701068878174,607200,0.0,0.0
2023-07-26 00:00:00-04:00,4.391343881179891,4.4620578854680195,4.334772677749388,4.377201080322266,551100,0.0,0.0
2023-07-27 00:00:00-04:00,4.377200773301066,4.419629172897973,4.327700805175868,4.341843605041504,534600,0.0,0.0
2023-07-28 00:00:00-04:00,4.370129402566834,4.56812894683823,4.355986602061089,4.546914577484131,526800,0.0,0.0
2023-07-31 00:00:00-04:00,4.5893430808644675,4.716628625432312,4.575200280044815,4.709557056427002,449400,0.0,0.0
2023-08-01 00:00:00-04:00,4.7095574327520975,4.751985838601369,4.638843423003311,4.737843036651611,460000,0.0,0.0
2023-08-02 00:00:00-04:00,4.695414643741867,4.716629015320463,4.617629401399342,4.667129039764404,458000,0.0,0.0
2023-08-03 00:00:00-04:00,4.596414681238752,4.7095570885681335,4.327701126640499,4.617629051208496,1119100,0.0,0.0
2023-08-04 00:00:00-04:00,4.617629125319412,4.695414363011294,4.5752003846989595,4.610557556152344,561900,0.0,0.0
2023-08-07 00:00:00-04:00,4.617629401399342,4.730771817309195,4.610557831809477,4.667129039764404,480600,0.0,0.0
2023-08-08 00:00:00-04:00,4.631771561231105,4.70248556137085,4.596414392565757,4.70248556137085,480700,0.0,0.0
2023-08-09 00:00:00-04:00,4.709556904062934,4.893413645961238,4.709556904062934,4.794414043426514,827200,0.0,0.0
2023-08-10 00:00:00-04:00,4.808556923965093,4.808556923965093,4.716628551483154,4.716628551483154,475200,0.0,0.0
2023-08-11 00:00:00-04:00,4.7166287494746255,4.737842782666527,4.603486339941878,4.660057544708252,494000,0.0,0.0
2023-08-14 00:00:00-04:00,4.652986237775672,4.667129039764404,4.546915054264687,4.667129039764404,327900,0.0,0.0
2023-08-15 00:00:00-04:00,4.603486339941878,4.688343147091439,4.603486339941878,4.660057544708252,361000,0.0,0.0
2023-08-16 00:00:00-04:00,4.674199771804003,4.766127799663062,4.674199771804003,4.688342571258545,549500,0.0,0.0
2023-08-17 00:00:00-04:00,4.737842789325971,4.794414331362839,4.709557186903027,4.780271530151367,536500,0.0,0.0
2023-08-18 00:00:00-04:00,4.773200035095215,4.822700008699771,4.71662882937057,4.773200035095215,540000,0.0,0.0
2023-08-21 00:00:00-04:00,4.808556820206918,4.893413621963392,4.75905685058683,4.8156280517578125,972000,0.0,0.0
2023-08-22 00:00:00-04:00,4.836842732448024,5.133841894923391,4.815628362046507,4.9711995124816895,1937500,0.0,0.0
2023-08-23 00:00:00-04:00,4.971199496576967,4.9782707285608625,4.829771147798285,4.921699523925781,687100,0.0,0.0
2023-08-24 00:00:00-04:00,4.9075561533257765,4.921698952843507,4.787342188829594,4.80855655670166,490800,0.0,0.0
2023-08-25 00:00:00-04:00,4.822699431656982,4.822699431656982,4.681271097076485,4.730771064758301,544100,0.0,0.0
2023-08-28 00:00:00-04:00,4.751985192873195,4.808556730175941,4.681271192733451,4.70248556137085,285900,0.0,0.0
2023-08-29 00:00:00-04:00,4.702486213331732,4.751985851696794,4.638843435786941,4.667129039764404,487800,0.0,0.0
2023-08-30 00:00:00-04:00,4.66712877670856,4.674200345899846,4.624700373133779,4.660057544708252,429700,0.0,0.0
2023-08-31 00:00:00-04:00,4.6600576140174255,4.6600576140174255,4.525700832103506,4.532772064208984,529800,0.0,0.0
2023-09-01 00:00:00-04:00,4.553986549377441,4.617629325881402,4.546914979903227,4.553986549377441,505200,0.0,0.0
2023-09-05 00:00:00-04:00,4.525700562991005,4.525700562991005,4.313558217385583,4.33477258682251,731000,0.0,0.0
2023-09-06 00:00:00-04:00,4.33477247462929,4.363058075019126,4.23577253607391,4.242844104766846,685700,0.0,0.0
2023-09-07 00:00:00-04:00,4.22870150054296,4.278201472114631,4.16505872812095,4.186273097991943,758000,0.0,0.0
2023-09-08 00:00:00-04:00,4.214558709107023,4.32062988431699,4.16505873742478,4.306487083435059,422300,0.0,0.0
2023-09-11 00:00:00-04:00,4.313558576417586,4.334772947620257,4.179201791309978,4.193344593048096,503000,0.0,0.0
2023-09-12 00:00:00-04:00,4.207486845183337,4.242844013505596,4.129701614379883,4.129701614379883,379100,0.0,0.0
2023-09-13 00:00:00-04:00,4.129702191564332,4.179201829504635,4.087273785962219,4.10141658782959,544100,0.0,0.0
2023-09-14 00:00:00-04:00,4.13677303562674,4.256987008811659,4.129701803952254,4.1438446044921875,505500,0.0,0.0
2023-09-15 00:00:00-04:00,4.143844802581307,4.165058835809825,4.080202028513793,4.087273597717285,802500,0.0,0.0
2023-09-18 00:00:00-04:00,4.101416106835771,4.207486939806095,4.101416106835771,4.172130107879639,470800,0.0,0.0
2023-09-19 00:00:00-04:00,4.200415397423622,4.2216294275712505,4.115558602451249,4.136772632598877,438100,0.0,0.0
2023-09-20 00:00:00-04:00,4.1155590034123195,4.221629838866343,4.1155590034123195,4.1438446044921875,425500,0.0,0.0
2023-09-21 00:00:00-04:00,4.12263042304716,4.207487230155584,4.108487621862423,4.157987594604492,549600,0.0,0.0
2023-09-22 00:00:00-04:00,4.18627309074979,4.299415497356767,4.18627309074979,4.25698709487915,443400,0.0,0.0
2023-09-25 00:00:00-04:00,4.2428445951609435,4.320630173819039,4.221630223821102,4.292344570159912,335900,0.0,0.0
2023-09-26 00:00:00-04:00,4.26405846570408,4.454986436574952,4.26405846570408,4.38427209854126,1065000,0.0,0.0
2023-09-27 00:00:00-04:00,4.433772300738592,4.518629106209433,4.405486698914978,4.426701068878174,613700,0.0,0.0
2023-09-28 00:00:00-04:00,4.419629384251684,4.419629384251684,4.3489153815418495,4.405486583709717,400100,0.0,0.0
2023-09-29 00:00:00-04:00,4.412557722469039,4.440843660148312,4.306486889233325,4.363058090209961,532400,0.0,0.0
2023-10-02 00:00:00-04:00,4.377200875214044,4.40548647560388,4.23577253607391,4.242844104766846,593700,0.0,0.0
2023-10-03 00:00:00-04:00,4.221629524559575,4.221629524559575,4.115558697002688,4.179201126098633,586500,0.0,0.0
2023-10-04 00:00:00-04:00,4.136773308553193,4.136773308553193,4.030702128910089,4.080202102661133,526800,0.0,0.0
2023-10-05 00:00:00-04:00,4.066059004421292,4.235772609710693,4.066059004421292,4.235772609710693,648300,0.0,0.0
2023-10-06 00:00:00-04:00,4.264058391567444,4.49034319032993,4.264058391567444,4.462057590484619,854500,0.0,0.0
2023-10-09 00:00:00-04:00,4.553986170313271,4.667128574955028,4.525700569152832,4.525700569152832,679800,0.0,0.0
2023-10-10 00:00:00-04:00,4.553986360435799,4.617629134299265,4.532771990084317,4.539843559265137,383700,0.0,0.0
2023-10-11 00:00:00-04:00,4.539843550436552,4.638843158438661,4.5044863789831675,4.610557556152344,410900,0.0,0.0
2023-10-12 00:00:00-04:00,4.652985595944988,4.688342764635164,4.589342827179051,4.631771564483643,647100,0.0,0.0
2023-10-13 00:00:00-04:00,4.667128395982868,4.744913964786686,4.624699995869227,4.631771564483643,532800,0.0,0.0
2023-10-16 00:00:00-04:00,4.674199652818236,4.709556481959085,4.546914123776577,4.596414089202881,750500,0.0,0.0
2023-10-17 00:00:00-04:00,4.596414737930076,4.8085570914801625,4.596414737930076,4.751985549926758,604900,0.0,0.0
2023-10-18 00:00:00-04:00,4.751985838601369,4.794414581641637,4.723700234701854,4.737843036651611,488400,0.0,0.0
2023-10-19 00:00:00-04:00,4.709556792789349,4.751985192873195,4.638842792649604,4.70248556137085,434400,0.0,0.0
2023-10-20 00:00:00-04:00,4.716628361398798,4.751985192873195,4.6529855926775525,4.70248556137085,387500,0.0,0.0
2023-10-23 00:00:00-04:00,4.667129039764404,4.730771817309195,4.617629401399342,4.667129039764404,472200,0.0,0.0
2023-10-24 00:00:00-04:00,4.66712829558054,4.843913460846401,4.66712829558054,4.801485061645508,546100,0.0,0.0
2023-10-25 00:00:00-04:00,4.801485926127855,4.893414309543152,4.7873431238478865,4.879271507263184,528700,0.0,0.0
2023-10-26 00:00:00-04:00,4.8721997238225425,4.914628128801447,4.759057310545464,4.886342525482178,578900,0.0,0.0
2023-10-27 00:00:00-04:00,4.914627970474637,4.999485114889726,4.893413937264098,4.9711995124816895,550000,0.0,0.0
2023-10-30 00:00:00-04:00,4.971199397222887,5.063127434322138,4.865128222056552,4.949985027313232,605600,0.0,0.0
2023-10-31 00:00:00-04:00,4.949985142080172,5.020699148100265,4.921699539672135,4.9711995124816895,442900,0.0,0.0
2023-11-01 00:00:00-04:00,5.020698955149027,5.218698501586914,4.992413353828038,5.218698501586914,1547800,0.0,0.0
2023-11-02 00:00:00-04:00,5.3035548209119545,5.4237687841365085,5.084341262110506,5.147984027862549,1323500,0.0,0.0
2023-11-03 00:00:00-04:00,5.14091273848021,5.296483539969413,4.879270767380165,5.275269508361816,750300,0.0,0.0
2023-11-06 00:00:00-05:00,5.30355567417736,5.30355567417736,5.13384205445536,5.197484493255615,753700,0.0,0.0
2023-11-07 00:00:00-05:00,5.1621269997744355,5.1621269997744355,5.03484146401584,5.041913032531738,544700,0.0,0.0
2023-11-08 00:00:00-05:00,5.041913518501781,5.041913518501781,4.87927113606008,4.9711995124816895,664200,0.0,0.0
2023-11-09 00:00:00-05:00,5.020699338348319,5.084342114773491,4.971199700854066,4.985342502593994,408600,0.0,0.0
2023-11-10 00:00:00-05:00,5.020699041002688,5.07727024461203,5.006556240100353,5.070199012756348,319100,0.0,0.0
2023-11-13 00:00:00-05:00,5.02069866417499,5.070198632213438,4.971199033327488,5.041913032531738,390200,0.0,0.0
2023-11-14 00:00:00-05:00,5.091413045514366,5.098484614561019,4.935842235588675,5.070199012756348,561900,0.0,0.0
2023-11-15 00:00:00-05:00,5.056056202479567,5.1055558369504785,4.9429134582796905,4.949985027313232,487700,0.0,0.0
2023-11-16 00:00:00-05:00,4.921699698226759,4.9853424742906105,4.843914120503273,4.886342525482178,656200,0.0,0.0
2023-11-17 00:00:00-05:00,4.914627970474637,5.020699148100265,4.9075567384681165,4.9711995124816895,465300,0.0,0.0
2023-11-20 00:00:00-05:00,5.006556149690698,5.048984551631522,4.978270548396815,5.027770519256592,472800,0.0,0.0
2023-11-21 00:00:00-05:00,5.034841727008299,5.0701988970527605,4.964127724110338,5.048984527587891,574800,0.0,0.0
2023-11-22 00:00:00-05:00,4.999484537110722,5.1409125328063965,4.949984570021766,5.1409125328063965,333500,0.0,0.0
2023-11-24 00:00:00-05:00,5.140912992603823,5.204555764954484,5.0914130210876465,5.0914130210876465,394000,0.0,0.0
2023-11-27 00:00:00-05:00,5.084341715514465,5.105555747862983,5.0206989440869805,5.098484516143799,382900,0.0,0.0
2023-11-28 00:00:00-05:00,5.070198729594222,5.112627129931673,5.013627529144287,5.013627529144287,399800,0.0,0.0
2023-11-29 00:00:00-05:00,4.999485199969036,5.006556432095891,4.865128417648939,4.89341402053833,438700,0.0,0.0
2023-11-30 00:00:00-05:00,4.872199937527697,4.914628344367602,4.759057519287949,4.879271507263184,470700,0.0,0.0
2023-12-01 00:00:00-05:00,4.843914148003723,5.020699338348319,4.843914148003723,4.985342502593994,559100,0.0,0.0
2023-12-04 00:00:00-05:00,4.985342087510005,5.020698920320488,4.858056545257568,4.858056545257568,392800,0.0,0.0
2023-12-05 00:00:00-05:00,4.8721993518496935,4.900484953009471,4.773199747790472,4.787342548370361,442900,0.0,0.0
2023-12-06 00:00:00-05:00,4.773199463975167,4.836842231395938,4.716628265019345,4.730771064758301,463900,0.0,0.0
2023-12-07 00:00:00-05:00,4.723699475230068,4.723699475230068,4.589342709713626,4.681271076202393,461400,0.0,0.0
2023-12-08 00:00:00-05:00,4.702485538359509,4.73784236966089,4.688342738400768,4.723699569702148,391000,0.0,0.0
2023-12-11 00:00:00-05:00,4.695413896815441,4.744913864497256,4.624699898120664,4.730771064758301,479300,0.0,0.0
2023-12-12 00:00:00-05:00,4.737842858153668,4.737842858153668,4.638843248235172,4.6529860496521,456000,0.0,0.0
2023-12-13 00:00:00-05:00,4.638843350154831,4.751985763976098,4.532772168601897,4.744914531707764,587300,0.0,0.0
2023-12-14 00:00:00-05:00,4.794414290389556,4.801485522339371,4.723699947745543,4.751985549926758,649600,0.0,0.0
2023-12-15 00:00:00-05:00,4.7873431238478865,4.914628344367602,4.759057519287949,4.879271507263184,1497000,0.0,0.0
2023-12-18 00:00:00-05:00,4.999484991513417,5.1126273983534585,4.985342190658412,5.0206990242004395,636400,0.0,0.0
2023-12-19 00:00:00-05:00,5.027770226039134,5.254055023193359,4.992413057888315,5.254055023193359,759500,0.0,0.0
2023-12-20 00:00:00-05:00,5.28234112720757,5.360126702251952,5.211627121344941,5.232841491699219,770000,0.0,0.0
2023-12-21 00:00:00-05:00,5.303555495514001,5.423769474029541,5.289412694346936,5.423769474029541,950000,0.0,0.0
2023-12-22 00:00:00-05:00,5.459126413140073,5.572269161839353,5.367198372385073,5.515697956085205,1041200,0.0,0.0
2023-12-26 00:00:00-05:00,5.501554863563408,5.501554863563408,5.282340947078056,5.338912487030029,722900,0.0,0.0
2023-12-27 00:00:00-05:00,5.317698106210375,5.331840906870869,5.204555700926419,5.218698501586914,530000,0.0,0.0
2023-12-28 00:00:00-05:00,5.2186984900886175,5.2186984900886175,5.098484516143799,5.098484516143799,416200,0.0,0.0
2023-12-29 00:00:00-05:00,5.091412854981257,5.091412854981257,4.999484821151734,5.056056022644043,535900,0.0,0.0
2024-01-02 00:00:00-05:00,5.112626933667261,5.225769330223802,5.098484134097694,5.1409125328063965,588300,0.0,0.0
2024-01-03 00:00:00-05:00,5.14091275729396,5.388411929164374,5.133841525795868,5.324769496917725,623700,0.0,0.0
2024-01-04 00:00:00-05:00,5.4237693833214,5.543983359826459,5.360126610538493,5.381340980529785,810200,0.0,0.0
2024-01-05 00:00:00-05:00,5.409626027825543,5.678339217958757,5.3671976293834565,5.6005539894104,1117500,0.0,0.0
2024-01-08 00:00:00-05:00,5.55812597819056,5.55812597819056,5.374269234941692,5.487411975860596,704600,0.0,0.0
2024-01-09 00:00:00-05:00,5.5086259841918945,5.543983153799775,5.3884120121542525,5.5086259841918945,798000,0.0,0.0
2024-01-10 00:00:00-05:00,5.52984026003547,5.52984026003547,5.402554721348808,5.466197490692139,462200,0.0,0.0
2024-01-11 00:00:00-05:00,5.4661978599528585,5.572269036960236,5.409626655466517,5.565197467803955,797300,0.0,0.0
2024-01-12 00:00:00-05:00,5.671268817793848,5.862196458811557,5.657125679890793,5.720768451690674,682900,0.0,0.0
2024-01-16 00:00:00-05:00,5.791482142590874,5.869268052623283,5.664197272833911,5.699554443359375,1126000,0.0,0.0
2024-01-17 00:00:00-05:00,5.657125487897208,5.812696627641316,5.621768318721468,5.777339458465576,507900,0.0,0.0
2024-01-18 00:00:00-05:00,5.81269645690918,5.826838919534933,5.749053689138563,5.81269645690918,522000,0.0,0.0
2024-01-19 00:00:00-05:00,5.869267724327857,5.98948169276115,5.840982124366017,5.947052955627441,724500,0.0,0.0
2024-01-22 00:00:00-05:00,5.947053052663356,5.996552684808768,5.869267820094579,5.91876745223999,466900,0.0,0.0
2024-01-23 00:00:00-05:00,5.918767499359256,5.947053100007803,5.8621962980621625,5.876339435577393,462600,0.0,0.0
2024-01-24 00:00:00-05:00,5.947053067482617,6.0884810699518646,5.932910604426648,6.0389814376831055,752900,0.0,0.0
2024-01-25 00:00:00-05:00,6.088481302627267,6.159195643755242,5.996552928913674,6.0814104080200195,746500,0.0,0.0
2024-01-26 00:00:00-05:00,6.074338897502871,6.222838475795538,6.038981726598533,6.215766906738281,589900,0.0,0.0
2024-01-29 00:00:00-05:00,6.222838267511876,6.279409469312554,6.116766758349164,6.152123928070068,523600,0.0,0.0
2024-01-30 00:00:00-05:00,6.145052549984548,6.364266469552754,6.137981655326432,6.357194900512695,592100,0.0,0.0
2024-01-31 00:00:00-05:00,6.357194900512695,6.449123274887624,6.2581956314796505,6.357194900512695,637100,0.0,0.0
2024-02-01 00:00:00-05:00,6.442051494913627,6.562265467130645,6.1096958534966195,6.293551921844482,1271900,0.0,0.0
2024-02-02 00:00:00-05:00,6.258195189673511,6.357194451717564,6.166266821788396,6.194552421569824,748000,0.0,0.0
2024-02-05 00:00:00-05:00,6.166267076716127,6.180409540000577,5.954124732394014,6.010695934295654,1041600,0.0,0.0
2024-02-06 00:00:00-05:00,5.961196023579987,6.017767222846781,5.805624888405357,5.81269645690918,621100,0.0,0.0
2024-02-07 00:00:00-05:00,5.798553771188656,5.890482145747228,5.692482932903658,5.833910942077637,585900,0.0,0.0
2024-02-08 00:00:00-05:00,5.6924828263332605,5.791482093710684,5.685411257411465,5.741982460021973,561000,0.0,0.0
2024-02-09 00:00:00-05:00,5.741982102068988,5.763196133129972,5.657125303443167,5.6924824714660645,415100,0.0,0.0
2024-02-12 00:00:00-05:00,5.699554179909302,5.855124644019327,5.699554179909302,5.819767475128174,531700,0.0,0.0
2024-02-13 00:00:00-05:00,5.791482093710684,5.8268392639377335,5.7207684276385145,5.741982460021973,478500,0.0,0.0
2024-02-14 00:00:00-05:00,5.798553943634034,5.819767977045537,5.699554671459044,5.798553943634033,518300,0.0,0.0
2024-02-15 00:00:00-05:00,5.791481985291488,5.932910663552078,5.713696751753697,5.911695957183838,561900,0.0,0.0
2024-02-16 00:00:00-05:00,5.939981444728952,5.989481750929328,5.812696580855468,5.819767475128174,528300,0.0,0.0
2024-02-20 00:00:00-05:00,5.7914823788395635,5.7914823788395635,5.586411927875835,5.607625961303711,642900,0.0,0.0
2024-02-21 00:00:00-05:00,5.62176820246416,5.91876733838742,5.607625402524527,5.826838970184326,1446700,0.0,0.0
2024-02-22 00:00:00-05:00,5.671268594907264,5.685411057872573,4.978270375677567,5.133841514587402,3141500,0.0,0.0
2024-02-23 00:00:00-05:00,5.133841606855824,5.218698409318493,4.99948483436112,5.176270008087158,1129200,0.0,0.0
2024-02-26 00:00:00-05:00,5.17627064514948,5.374269875264186,5.1691990754784545,5.331841468811035,1119600,0.0,0.0
2024-02-27 00:00:00-05:00,5.345983800525736,5.360126601432247,5.2186985923671365,5.26112699508667,914700,0.0,0.0
2024-02-28 00:00:00-05:00,5.261127085140652,5.367198262350576,5.254055515970868,5.303555488586426,608700,0.0,0.0
2024-02-29 00:00:00-05:00,5.331840631813352,5.395483400097874,5.29648346339063,5.353055000305176,672100,0.0,0.0
2024-03-01 00:00:00-05:00,5.381340980529785,5.4520549851824756,5.353055378668709,5.381340980529785,821100,0.0,0.0
2024-03-04 00:00:00-05:00,5.395483883159915,5.409626684357031,5.147984693614896,5.162127494812012,728500,0.0,0.0
2024-03-05 00:00:00-05:00,5.162127114899926,5.239912347163891,5.119698377240187,5.133841514587402,597200,0.0,0.0
2024-03-06 00:00:00-05:00,5.155055718661133,5.169198519290467,5.063127345974982,5.098484516143799,553900,0.0,0.0
2024-03-07 00:00:00-05:00,5.091413397551824,5.147984942263683,5.070199363326996,5.119699001312256,426800,0.0,0.0
2024-03-08 00:00:00-05:00,5.105555631589837,5.126770000646187,5.041913198802701,5.077270030975342,487900,0.0,0.0
2024-03-11 00:00:00-04:00,5.070198823017121,5.07727005460818,5.013627621524811,5.056056022644043,659300,0.0,0.0
2024-03-12 00:00:00-04:00,5.041913394078433,5.084341796643448,5.013627792368422,5.0206990242004395,355100,0.0,0.0
2024-03-13 00:00:00-04:00,5.02069882974635,5.105555631589837,5.013627598188205,5.077270030975342,600700,0.0,0.0
2024-03-14 00:00:00-04:00,5.084341334528126,5.155055332375964,5.020698567869603,5.1409125328063965,531300,0.0,0.0
2024-03-15 00:00:00-04:00,5.147984752467328,5.190413156543723,5.084341977757244,5.105556011199951,975100,0.0,0.0
2024-03-18 00:00:00-04:00,5.1126275062561035,5.133841876581828,5.048984732469906,5.1126275062561035,582600,0.0,0.0
2024-03-19 00:00:00-04:00,5.105555855444433,5.218698600054149,5.070199021721561,5.190412998199463,447700,0.0,0.0
2024-03-20 00:00:00-04:00,5.140913188404249,5.232841565925125,5.077270413629645,5.225769996643066,474700,0.0,0.0
2024-03-21 00:00:00-04:00,5.232841393273648,5.324769767761455,5.225769824224907,5.26112699508667,541700,0.0,0.0
2024-03-22 00:00:00-04:00,5.261126810549826,5.261126810549826,5.147984407266269,5.176270008087158,364100,0.0,0.0
2024-03-25 00:00:00-04:00,5.20455589840336,5.261127103191824,5.162127494812012,5.162127494812012,420500,0.0,0.0
2024-03-26 00:00:00-04:00,5.162127287571282,5.183341319919801,5.070198914885131,5.098484516143799,654400,0.0,0.0
2024-03-27 00:00:00-04:00,5.10555619943204,5.140913372728078,5.0631277937913906,5.119699001312256,343200,0.0,0.0
2024-03-28 00:00:00-04:00,5.1196980919353585,5.169198058319273,5.105555292567231,5.147984027862549,349000,0.0,0.0
2024-04-01 00:00:00-04:00,5.1762702782491035,5.331841090883609,5.1762702782491035,5.303555488586426,773200,0.0,0.0
2024-04-02 00:00:00-04:00,5.303555562799009,5.310627132067746,5.246984357413044,5.296483993530273,612600,0.0,0.0
2024-04-03 00:00:00-04:00,5.310626944600461,5.5015549246337505,5.310626944600461,5.473268985748291,662800,0.0,0.0
2024-04-04 00:00:00-04:00,5.487412333145456,5.5015551345322855,5.338912749988258,5.345983982086182,645600,0.0,0.0
2024-04-05 00:00:00-04:00,5.38841210297751,5.430840504907534,5.27526969783078,5.289412498474121,561400,0.0,0.0
2024-04-08 00:00:00-04:00,5.29648373662415,5.29648373662415,5.169198530679701,5.218698501586914,562700,0.0,0.0
2024-04-09 00:00:00-04:00,5.211627097940316,5.218698667090311,5.041913484632165,5.063127517700195,946800,0.0,0.0
2024-04-10 00:00:00-04:00,5.056056375039647,5.147984752467328,5.027770772322051,5.105556011199951,809300,0.0,0.0
2024-04-11 00:00:00-04:00,5.147984193122789,5.289412191344179,5.140912624616247,5.254055023193359,559700,0.0,0.0
2024-04-12 00:00:00-04:00,5.296483547788938,5.345983516931332,5.119698377240187,5.133841514587402,484000,0.0,0.0
2024-04-15 00:00:00-04:00,5.1409127460700565,5.204555515368712,5.112627145757533,5.133841514587402,410600,0.0,0.0
2024-04-16 00:00:00-04:00,5.105555650396754,5.133841588306401,5.041913217375183,5.12677001953125,401300,0.0,0.0
2024-04-17 00:00:00-04:00,5.126770000646187,5.183341201875178,5.070198799417196,5.077270030975342,505300,0.0,0.0
2024-04-18 00:00:00-04:00,5.077270327614223,5.119698731014841,4.992413520812988,4.992413520812988,433100,0.0,0.0
2024-04-19 00:00:00-04:00,4.999484744507437,5.1409127460700565,4.964127575521305,5.133841514587402,506600,0.0,0.0
2024-04-22 00:00:00-04:00,5.133841951108529,5.162127553826126,5.070199176398446,5.105556011199951,420400,0.0,0.0
2024-04-23 00:00:00-04:00,5.091412493199103,5.20455522533506,5.077269693830975,5.147984027862549,371500,0.0,0.0
2024-04-24 00:00:00-04:00,5.147984693614896,5.169198726815081,5.098484720829501,5.162127494812012,397300,0.0,0.0
2024-04-25 00:00:00-04:00,5.169198889968615,5.20455606267286,5.126770485038115,5.197484493255615,421200,0.0,0.0
2024-04-26 00:00:00-04:00,5.211627112525093,5.338912660053393,5.211627112525093,5.303555488586426,567000,0.0,0.0
2024-04-29 00:00:00-04:00,5.282341492686858,5.374269875264186,5.268198690535808,5.331841468811035,360000,0.0,0.0
2024-04-30 00:00:00-04:00,5.317698012191605,5.3247695809923075,5.176270008087158,5.176270008087158,439300,0.0,0.0
2024-05-01 00:00:00-04:00,5.282341044549169,5.402555021230012,5.268198243597951,5.310626983642578,650300,0.0,0.0
2024-05-02 00:00:00-04:00,5.324769560840713,5.501554733897708,5.310626760483792,5.459125995635986,577900,0.0,0.0
2024-05-03 00:00:00-04:00,5.466197778327386,5.508626181058569,5.430840607455915,5.452054977416992,465600,0.0,0.0
2024-05-06 00:00:00-04:00,5.473268993193499,5.515697732983918,5.381340956156844,5.402554988861084,547700,0.0,0.0
2024-05-07 00:00:00-04:00,5.374269501349325,5.473269109518779,5.367198269361281,5.423769474029541,647000,0.0,0.0
2024-05-08 00:00:00-04:00,5.437912123291065,5.706625337958919,5.437912123291065,5.699554443359375,680600,0.0,0.0
2024-05-09 00:00:00-04:00,5.812696809824427,6.159195594966531,5.657125665204366,6.123838424682617,1205000,0.0,0.0
2024-05-10 00:00:00-04:00,6.130910101197036,6.279409679489702,6.130910101197036,6.215766906738281,912200,0.0,0.0
2024-05-13 00:00:00-04:00,6.2369810314926415,6.27940977207985,5.911696268263889,6.067267417907715,1201200,0.0,0.0
2024-05-14 00:00:00-04:00,6.067267279976369,6.22283842608349,6.046053247356015,6.201624393463135,751500,0.0,0.0
2024-05-15 00:00:00-04:00,6.201624102740095,6.314766503920619,6.123838196142056,6.286480903625488,767700,0.0,0.0
2024-05-16 00:00:00-04:00,6.307695275042667,6.5127660568248675,6.307695275042667,6.4774088859558105,844700,0.0,0.0
2024-05-17 00:00:00-04:00,6.49155190185303,6.583480274629254,6.392551960159728,6.5269083976745605,1012200,0.0,0.0
2024-05-20 00:00:00-04:00,6.548122690620147,6.696622256584773,6.541051122149954,6.60469388961792,858500,0.0,0.0
2024-05-21 00:00:00-04:00,6.555194742392217,6.73197992088976,6.512766002824754,6.724908351898193,783800,0.0,0.0
2024-05-22 00:00:00-04:00,6.675408264209516,6.75319417692659,6.6046945950999465,6.703693866729736,809000,0.0,0.0
2024-05-23 00:00:00-04:00,6.710764788544771,6.809764725005656,6.661265157505275,6.739050388336182,687300,0.0,0.0
2024-05-24 00:00:00-04:00,6.78147981592286,6.993622173156554,6.760265782514079,6.922907829284668,735800,0.0,0.0
2024-05-28 00:00:00-04:00,6.9511930632704395,7.036049866786777,6.859264690865592,7.014835834503174,663800,0.0,0.0
2024-05-29 00:00:00-04:00,7.014836056486299,7.014836056486299,6.908765217329768,6.937050819396973,504200,0.0,0.0
2024-05-30 00:00:00-04:00,6.9370507461976665,7.036050015197275,6.922907608122327,7.000692844390869,338400,0.0,0.0
2024-05-31 00:00:00-04:00,7.028978670710534,7.036050239974115,6.880479088085144,6.922907829284668,469800,0.0,0.0
2024-06-03 00:00:00-04:00,6.951192718726806,6.9865498870349105,6.852192782340491,6.880478382110596,562900,0.0,0.0
2024-06-04 00:00:00-04:00,6.845122610302383,6.965336590602632,6.746122663472187,6.781479835510254,905700,0.0,0.0
2024-06-05 00:00:00-04:00,6.781479444566335,6.929979019059829,6.781479444566335,6.894621849060059,852500,0.0,0.0
2024-06-06 00:00:00-04:00,6.880478823421036,6.8946219614041695,6.668337148729535,6.724908351898193,364200,0.0,0.0
2024-06-07 00:00:00-04:00,6.7036935230264065,6.717836660752368,6.477408714466438,6.512765884399414,509800,0.0,0.0
2024-06-10 00:00:00-04:00,6.519837282513795,6.611765652179244,6.519837282513795,6.548122882843018,415400,0.0,0.0
2024-06-11 00:00:00-04:00,6.463266422237353,6.491552024056211,6.343052445911724,6.4774088859558105,698000,0.0,0.0
2024-06-12 00:00:00-04:00,6.533980270353953,6.61176618329419,6.449123462549845,6.562265872955322,572600,0.0,0.0
2024-06-13 00:00:00-04:00,6.541051298444871,6.562265330045326,6.371337696877418,6.427908897399902,847400,0.0,0.0
2024-06-14 00:00:00-04:00,6.39255221430694,6.39255221430694,6.166267395019531,6.166267395019531,499200,0.0,0.0
2024-06-17 00:00:00-04:00,6.123838424682617,6.194552765250444,6.031910051697214,6.123838424682617,588000,0.0,0.0
2024-06-18 00:00:00-04:00,6.130910396575928,6.145052860989862,6.067267620758286,6.130910396575928,491700,0.0,0.0
2024-06-20 00:00:00-04:00,6.130910174271022,6.307695356517863,6.130910174271022,6.208695411682129,484000,0.0,0.0
2024-06-21 00:00:00-04:00,6.2016242248615105,6.335980660313632,6.2016242248615105,6.293551921844482,745400,0.0,0.0
2024-06-24 00:00:00-04:00,6.3218378033487035,6.378409681946332,6.279409737377919,6.350123405456543,449300,0.0,0.0
2024-06-25 00:00:00-04:00,6.364266274289781,6.413765907287598,6.314766641291964,6.413765907287598,230300,0.0,0.0
2024-06-26 00:00:00-04:00,6.413766064090748,6.491551974282643,6.357194860886789,6.463266372680664,569100,0.0,0.0
2024-06-27 00:00:00-04:00,6.470337415660801,6.53398018932008,6.38548060890908,6.449123382568359,284900,0.0,0.0
2024-06-28 00:00:00-04:00,6.491552452008964,6.519838055692538,6.2864816567075605,6.343052864074707,822900,0.0,0.0
2024-07-01 00:00:00-04:00,6.3642661630469535,6.392551763462997,6.20869502356776,6.321837425231934,372400,0.0,0.0
2024-07-02 00:00:00-04:00,6.321837621041326,6.321837621041326,6.187481183499109,6.265266418457031,289600,0.0,0.0
2024-07-03 00:00:00-04:00,6.314766530914355,6.328908993931422,6.258195330082268,6.321837425231934,275400,0.0,0.0
2024-07-05 00:00:00-04:00,6.321837519825037,6.321837519825037,6.003624341787675,6.031909942626953,530800,0.0,0.0
2024-07-08 00:00:00-04:00,6.017767825669496,6.038981858924163,5.883410708165378,5.904625415802002,440100,0.0,0.0
2024-07-09 00:00:00-04:00,5.8692675906742755,5.9046247584169045,5.734910488128662,5.734910488128662,392800,0.0,0.0
2024-07-10 00:00:00-04:00,5.763196771693553,5.862196718250506,5.763196771693553,5.798553943634033,418800,0.0,0.0
2024-07-11 00:00:00-04:00,5.840982107314908,5.869267707194176,5.77026777042579,5.826838970184326,443700,0.0,0.0
2024-07-12 00:00:00-04:00,5.876339983901785,5.911696482225166,5.699554794756968,5.749054431915283,502800,0.0,0.0
2024-07-15 00:00:00-04:00,5.791481751397714,5.89755325580937,5.763196151764316,5.81269645690918,633200,0.0,0.0
2024-07-16 00:00:00-04:00,5.85512464847758,6.024838924407959,5.840982185539493,6.024838924407959,478200,0.0,0.0
2024-07-17 00:00:00-04:00,6.024838935889139,6.05312453620112,5.876339365655762,5.939981460571289,523600,0.0,0.0
2024-07-18 00:00:00-04:00,5.961196264327812,5.961196264327812,5.819767586067222,5.911695957183838,538600,0.0,0.0
2024-07-19 00:00:00-04:00,5.932910919189453,5.996553017890629,5.8692681461063305,5.932910919189453,707300,0.0,0.0
2024-07-22 00:00:00-04:00,5.939981490407087,6.215766600620568,5.9329105960800055,6.1804094314575195,600900,0.0,0.0
2024-07-23 00:00:00-04:00,6.152123854390347,6.208695055513511,6.095552653267183,6.159195423126221,459700,0.0,0.0
2024-07-24 00:00:00-04:00,6.166266827017061,6.166266827017061,6.046052859248583,6.05312442779541,321000,0.0,0.0
2024-07-25 00:00:00-04:00,6.095552500486494,6.095552500486494,5.96826696395874,5.96826696395874,465000,0.0,0.0
2024-07-26 00:00:00-04:00,5.996552894423292,6.017767601268827,5.911696090186956,5.982410430908203,340000,0.0,0.0
2024-07-29 00:00:00-04:00,6.0248392694061925,6.102624505974621,5.925839325642965,5.954124927520752,381600,0.0,0.0
2024-07-30 00:00:00-04:00,5.961196496585685,6.003624562211393,5.918767756578032,5.954124927520752,471700,0.0,0.0
2024-07-31 00:00:00-04:00,6.046053586946397,6.180410033597661,6.024839553134508,6.130910396575928,557200,0.0,0.0
2024-08-01 00:00:00-04:00,6.017767681663424,6.102624487033409,5.607625781326555,5.7136969566345215,946500,0.0,0.0
2024-08-02 00:00:00-04:00,5.579340557128634,5.5864121266502,5.409626934902985,5.430840969085693,718000,0.0,0.0
2024-08-05 00:00:00-04:00,5.246984010139382,5.246984010139382,5.006556065970862,5.176270008087158,1062900,0.0,0.0
2024-08-06 00:00:00-04:00,5.155055916654838,5.3106270667436,5.098484711964735,5.232841491699219,1025500,0.0,0.0
2024-08-07 00:00:00-04:00,5.3035548209119545,5.3035548209119545,5.105555292567231,5.147984027862549,536200,0.0,0.0
2024-08-08 00:00:00-04:00,5.155056014671263,5.2186987897532,5.084342007464103,5.204555988311768,634900,0.0,0.0
2024-08-09 00:00:00-04:00,5.21162719526993,5.28941277141767,5.197484393896794,5.225769996643066,516300,0.0,0.0
2024-08-12 00:00:00-04:00,5.254055515970868,5.3459838920322005,5.232841482843469,5.303555488586426,537300,0.0,0.0
2024-08-13 00:00:00-04:00,5.324769359495,5.324769359495,5.232840992055623,5.254055023193359,516000,0.0,0.0
2024-08-14 00:00:00-04:00,5.317698379312523,5.416697989020327,5.282341207249958,5.345983982086182,580100,0.0,0.0
2024-08-15 00:00:00-04:00,5.437912257709687,5.628840241446578,5.430840688553406,5.565197467803955,599300,0.0,0.0
2024-08-16 00:00:00-04:00,5.572269141537561,5.692483121922635,5.572269141537561,5.657125949859619,548100,0.0,0.0
2024-08-19 00:00:00-04:00,5.657125303443167,5.763196133129972,5.657125303443167,5.6924824714660645,649900,0.0,0.0
2024-08-20 00:00:00-04:00,5.657125934620393,5.685411537318217,5.579340358605888,5.607625961303711,854100,0.0,0.0
2024-08-21 00:00:00-04:00,5.642982751438298,5.6712686894131314,5.572268749478612,5.579339981079102,469700,0.0,0.0
2024-08-22 00:00:00-04:00,5.572268962860107,5.635911398465435,5.565197393797865,5.572268962860107,437300,0.0,0.0
2024-08-23 00:00:00-04:00,5.621768655108209,5.763196665891809,5.579340251873129,5.706625461578369,602100,0.0,0.0
2024-08-26 00:00:00-04:00,5.770267655871291,5.85512445382447,5.72076802566074,5.734910488128662,596900,0.0,0.0
2024-08-27 00:00:00-04:00,5.706625024692732,5.826838993250984,5.6571253933035335,5.805624961853027,444600,0.0,0.0
2024-08-28 00:00:00-04:00,5.741982862497816,5.777340035203175,5.664197622051609,5.749054431915283,530400,0.0,0.0
2024-08-29 00:00:00-04:00,5.770267963409424,5.819767596258158,5.72076833056069,5.770267963409424,556400,0.0,0.0
2024-08-30 00:00:00-04:00,5.791481959249837,5.954124668765418,5.784411064874137,5.876339435577393,484400,0.0,0.0
2024-09-03 00:00:00-04:00,5.791482368785801,5.8056255073011425,5.664197494057539,5.678339958190918,606400,0.0,0.0
2024-09-04 00:00:00-04:00,5.6500543555421965,5.777339904652422,5.607625951569116,5.678339958190918,610100,0.0,0.0
2024-09-05 00:00:00-04:00,5.678339387563371,5.749053724269931,5.628839756497916,5.635910987854004,698300,0.0,0.0
2024-09-06 00:00:00-04:00,5.6288398767510515,5.713696677982646,5.536911506821347,5.586411476135254,650000,0.0,0.0
2024-09-09 00:00:00-04:00,5.862196445465088,5.939981680608996,5.7561256089614,5.862196445465088,667200,0.0,0.0
2024-09-10 00:00:00-04:00,5.826838993250984,5.8692677304287955,5.685410993294775,5.805624961853027,696900,0.0,0.0
2024-09-11 00:00:00-04:00,5.848053861224874,5.939981557959573,5.7985535540809,5.911695957183838,564500,0.0,0.0
2024-09-12 00:00:00-04:00,5.954124613168277,6.11676664678326,5.925839012783849,6.060195446014404,544200,0.0,0.0
2024-09-13 00:00:00-04:00,6.102624342531931,6.229909884763939,6.074338741411699,6.109695911407471,621500,0.0,0.0
2024-09-16 00:00:00-04:00,6.145052491853519,6.244052434331985,6.145052491853519,6.222838401794434,747300,0.0,0.0
2024-09-17 00:00:00-04:00,6.251123905181885,6.307695107315319,6.215766735253006,6.251123905181885,457700,0.0,0.0
2024-09-18 00:00:00-04:00,6.26526615824093,6.314766464232733,6.180409357888856,6.187480926513672,612200,0.0,0.0
2024-09-19 00:00:00-04:00,6.350122998503103,6.350122998503103,6.201624102740095,6.286480903625488,405900,0.0,0.0
2024-09-20 00:00:00-04:00,6.258195400238037,6.427909004636826,6.194552629993013,6.258195400238037,1278100,0.0,0.0
2024-09-23 00:00:00-04:00,6.321837729694347,6.470337307625856,6.307695265996173,6.357194900512695,723500,0.0,0.0
2024-09-24 00:00:00-04:00,6.434980998440142,6.576409011446987,6.364266654745737,6.562265872955322,638600,0.0,0.0
2024-09-25 00:00:00-04:00,6.512765772842075,6.533979804685715,6.413765833601898,6.42083740234375,561900,0.0,0.0
2024-09-26 00:00:00-04:00,6.463266655395096,6.661265875269779,6.463266655395096,6.64005184173584,1817100,0.0,0.0
2024-09-27 00:00:00-04:00,6.632979609335445,6.640051177933806,6.541051240702448,6.55519437789917,677100,0.0,0.0
2024-09-30 00:00:00-04:00,6.5410515596773635,6.5410515596773635,6.4137660162273695,6.505694389343262,624700,0.0,0.0
2024-10-01 00:00:00-04:00,6.477408714466438,6.618836719816419,6.434980650052406,6.512765884399414,782100,0.0,0.0
2024-10-02 00:00:00-04:00,6.647122588223303,6.717836930933276,6.611766091250269,6.710765361785889,650100,0.0,0.0
2024-10-03 00:00:00-04:00,6.696622954025387,6.866336568694058,6.661265782373924,6.788551330566406,549200,0.0,0.0
2024-10-04 00:00:00-04:00,6.845122478058448,6.915836146386469,6.689551328725678,6.710765361785889,805100,0.0,0.0
2024-10-07 00:00:00-04:00,6.696622676766768,6.74612231040022,6.647122368751386,6.731979846954346,1002800,0.0,0.0
2024-10-08 00:00:00-04:00,6.6612651396574485,6.668336708181827,6.519837141079328,6.618836402893066,1070500,0.0,0.0
2024-10-09 00:00:00-04:00,6.562265185228749,6.597622353370513,6.4703368178129175,6.498622417449951,679900,0.0,0.0
2024-10-10 00:00:00-04:00,6.491551682184574,6.618836546475119,6.442051375822005,6.548122882843018,730000,0.0,0.0
2024-10-11 00:00:00-04:00,6.541051584004147,6.640051526431436,6.385480438584674,6.484480381011963,798000,0.0,0.0
2024-10-14 00:00:00-04:00,6.4420515437867465,6.4420515437867465,6.251123905181885,6.251123905181885,704000,0.0,0.0
2024-10-15 00:00:00-04:00,6.222838508228616,6.222838508228616,5.92583935009534,5.932910919189453,1103900,0.0,0.0
2024-10-16 00:00:00-04:00,5.9611963012272,6.03190996641329,5.918767562610008,6.010695934295654,1395300,0.0,0.0
2024-10-17 00:00:00-04:00,5.99655329784379,6.095553246637411,5.925839626747185,5.989482402801514,972300,0.0,0.0
2024-10-18 00:00:00-04:00,6.031909868964165,6.0814101756148355,5.954124636201557,6.0389814376831055,1214600,0.0,0.0
2024-10-21 00:00:00-04:00,6.081410061232604,6.116766555398479,5.890481755703763,5.947052955627441,860500,0.0,0.0
2024-10-22 00:00:00-04:00,5.918767286938946,5.9329104239465895,5.81269645690918,5.81269645690918,812300,0.0,0.0
2024-10-23 00:00:00-04:00,5.7490541431245195,5.756125712186763,5.558126161926594,5.572268962860107,994600,0.0,0.0
2024-10-24 00:00:00-04:00,5.572268754609695,5.607625587026616,5.487411952179934,5.5086259841918945,892600,0.0,0.0
2024-10-25 00:00:00-04:00,5.508625793996243,5.593482593496164,5.430840225859175,5.49448299407959,511800,0.0,0.0
2024-10-28 00:00:00-04:00,5.402554725297719,5.487411863547836,5.34598352459161,5.395483493804932,519400,0.0,0.0
2024-10-29 00:00:00-04:00,5.374269320160176,5.409626490481288,5.282340947078056,5.338912487030029,707400,0.0,0.0
2024-10-30 00:00:00-04:00,5.282340813638649,5.353055152494529,5.25405521297268,5.268198013305664,865400,0.0,0.0
2024-10-31 00:00:00-04:00,5.727839817977751,6.145052255626915,5.699554217554385,5.91876745223999,2062000,0.0,0.0
2024-11-01 00:00:00-04:00,5.989481875591667,6.00362433881334,5.734910793782363,5.770267963409424,1004600,0.0,0.0
2024-11-04 00:00:00-05:00,5.763196321042516,5.812696627641316,5.685411088361417,5.777339458465576,802500,0.0,0.0
2024-11-05 00:00:00-05:00,5.791481786788351,5.819767386594596,5.614696956594793,5.635910987854004,718800,0.0,0.0
2024-11-06 00:00:00-05:00,5.7207681618793025,5.86219616183551,5.692482561888061,5.805624961853027,1368900,0.0,0.0
2024-11-07 00:00:00-05:00,5.840982056542576,5.968266917701918,5.791481751397714,5.81269645690918,898300,0.0,0.0
2024-11-08 00:00:00-05:00,5.777339618636005,5.777339618636005,5.572268840989645,5.621768474578857,661700,0.0,0.0
2024-11-11 00:00:00-05:00,5.6217683822549125,5.6571255518302355,5.53691157990329,5.579339981079102,759900,0.0,0.0
2024-11-12 00:00:00-05:00,5.579340010294069,5.614697180054532,5.416697636339671,5.487411975860596,835600,0.0,0.0
2024-11-13 00:00:00-05:00,5.529840157176058,5.706624987369616,5.501554557369813,5.635910987854004,1077900,0.0,0.0
2024-11-14 00:00:00-05:00,5.6571259247998675,5.749054302003701,5.586411918178065,5.678339958190918,826500,0.0,0.0
2024-11-15 00:00:00-05:00,5.628840367593502,5.635911599717278,5.459126413140073,5.515697956085205,989900,0.0,0.0
2024-11-18 00:00:00-05:00,5.586411672166539,5.635911306026471,5.48741206725571,5.529840469360352,954100,0.0,0.0
2024-11-19 00:00:00-05:00,5.508626351861329,5.621768762652623,5.444983577195736,5.607625961303711,667700,0.0,0.0
2024-11-20 00:00:00-05:00,5.621768704119814,5.67126901411209,5.593483101716496,5.6641974449157715,1004200,0.0,0.0
2024-11-21 00:00:00-05:00,5.685411077572114,5.699554214968335,5.494483106205549,5.586411476135254,1466600,0.0,0.0
2024-11-22 00:00:00-05:00,5.586411927875835,5.66419750389034,5.5369119545591525,5.607625961303711,776400,0.0,0.0
2024-11-25 00:00:00-05:00,5.5864115791225455,5.614697180054532,5.466197606566126,5.487411975860596,750100,0.0,0.0
2024-11-26 00:00:00-05:00,5.459125902483008,5.529840240251923,5.395483470558317,5.4166975021362305,1005600,0.0,0.0
2024-11-27 00:00:00-05:00,5.388411984731513,5.388411984731513,5.261126781734651,5.268198013305664,1052800,0.0,0.0
2024-11-29 00:00:00-05:00,5.246984102907903,5.246984102907903,5.147984498284441,5.218698501586914,698400,0.0,0.0
2024-12-02 00:00:00-05:00,5.374269410254922,5.374269410254922,5.183341429140306,5.190412998199463,1545500,0.0,0.0
2024-12-03 00:00:00-05:00,5.268197932327032,5.46619747113628,5.19748393174907,5.4166975021362305,1496900,0.0,0.0
2024-12-04 00:00:00-05:00,5.37603181368404,5.424830844650252,5.237767698702995,5.254034042358398,1352800,1.0,0.0
2024-12-05 00:00:00-05:00,5.245900669599017,5.319099409860471,5.164568951430858,5.205235004425049,1222600,0.0,0.0
2024-12-06 00:00:00-05:00,5.205235429126551,5.205235429126551,5.010038901776425,5.083237648010254,1215000,0.0,0.0
2024-12-09 00:00:00-05:00,5.123903231286993,5.213367926402067,5.099503522188197,5.132036209106445,1008600,0.0,0.0
2024-12-10 00:00:00-05:00,5.164569422837324,5.294700571604583,5.14017009906989,5.172702789306641,991300,0.0,0.0
2024-12-11 00:00:00-05:00,5.205235382955336,5.21336836145348,5.042571546969707,5.075104236602783,668100,0.0,0.0
2024-12-12 00:00:00-05:00,5.034438612117355,5.1076373583364925,4.944973520940659,5.066971302032471,705000,0.0,0.0
2024-12-13 00:00:00-05:00,5.066970880385989,5.140169620513916,4.993772140258063,5.140169620513916,866800,0.0,0.0
2024-12-16 00:00:00-05:00,5.091370962112713,5.099503940599471,4.969373182249325,4.977506160736084,903800,0.0,0.0
2024-12-17 00:00:00-05:00,4.95310647286358,5.156435961728978,4.863641389173143,5.123903274536133,1484800,0.0,0.0
2024-12-18 00:00:00-05:00,5.14017009906989,5.27843383866595,5.132036732600573,5.172702789306641,1177700,0.0,0.0
2024-12-19 00:00:00-05:00,5.245900610737588,5.254033976373256,5.107636885313213,5.115769863128662,923400,0.0,0.0
2024-12-20 00:00:00-05:00,5.083237223989948,5.23776768213767,5.018171849574113,5.140169620513916,1867400,0.0,0.0
2024-12-23 00:00:00-05:00,5.15643603982277,5.4085645632959025,5.15643603982277,5.376031875610352,913800,0.0,0.0
2024-12-24 00:00:00-05:00,5.408564582114786,5.5305623552702015,5.3597655504166655,5.5224289894104,477700,0.0,0.0
2024-12-26 00:00:00-05:00,5.506163119591898,5.514296486151983,5.424831393092366,5.489896774291992,593900,0.0,0.0
2024-12-27 00:00:00-05:00,5.457363605499268,5.465496583526449,5.400431208028075,5.457363605499268,855000,0.0,0.0
2024-12-30 00:00:00-05:00,5.457363615860797,5.59562773296747,5.392298240238887,5.538695335388184,836400,0.0,0.0
2024-12-31 00:00:00-05:00,5.571228035489437,5.685092443078967,5.530562369546148,5.636293411254883,436600,0.0,0.0
2025-01-02 00:00:00-05:00,5.693225875369149,5.864022682655842,5.693225875369149,5.823356628417969,1107200,0.0,0.0
2025-01-03 00:00:00-05:00,5.831489973406936,5.831489973406936,5.620027112643394,5.6444268226623535,439100,0.0,0.0
2025-01-06 00:00:00-05:00,5.693225811010835,5.750158208736227,5.563095059433062,5.652559757232666,981300,0.0,0.0
2025-01-07 00:00:00-05:00,5.790823938314255,5.920955079141928,5.766424616035478,5.8070902824401855,852100,0.0,0.0
2025-01-08 00:00:00-05:00,5.742024905936466,5.855889314817974,5.644426841180889,5.8070902824401855,490900,0.0,0.0
2025-01-10 00:00:00-05:00,5.99415355402804,6.140551041918054,5.9290881762192535,6.099884986877441,847400,0.0,0.0
2025-01-13 00:00:00-05:00,6.246282197126369,6.360146998120469,6.173083839710448,6.343880653381348,778700,0.0,0.0
2025-01-14 00:00:00-05:00,6.246282149951243,6.31948089463458,6.156817448471884,6.3032145500183105,766700,0.0,0.0
2025-01-15 00:00:00-05:00,6.343880653381348,6.352013631840784,6.205616529188691,6.343880653381348,675600,0.0,0.0
2025-01-16 00:00:00-05:00,6.295081166961521,6.295081166961521,6.08361868751565,6.108018398284912,1222400,0.0,0.0
2025-01-17 00:00:00-05:00,6.018552782978676,6.173083236818288,5.937221067226305,6.03481912612915,599600,0.0,0.0
2025-01-21 00:00:00-05:00,6.051085822364003,6.059218800503698,5.717625574411574,5.7257585525512695,1041600,0.0,0.0
2025-01-22 00:00:00-05:00,5.701359176894562,5.766424552683449,5.636293413285444,5.652559757232666,633000,0.0,0.0
2025-01-23 00:00:00-05:00,5.644426781190992,5.709492157003186,5.5793614053787985,5.668826103210449,793700,0.0,0.0
2025-01-24 00:00:00-05:00,5.668826090849222,5.676959456718126,5.498029673624762,5.57122802734375,689200,0.0,0.0
2025-01-27 00:00:00-05:00,5.571228546235989,5.644427294592782,5.498030185699463,5.498030185699463,537400,0.0,0.0
2025-01-28 00:00:00-05:00,5.5305623614599195,5.620027059096486,5.514296017542341,5.57122802734375,445200,0.0,0.0
2025-01-29 00:00:00-05:00,5.530562465499696,5.758291284629782,5.530562465499696,5.717625617980957,436100,0.0,0.0
2025-01-30 00:00:00-05:00,5.847756385803223,5.904688784632491,5.790823986973954,5.847756385803223,678200,0.0,0.0
2025-01-31 00:00:00-05:00,5.823356626566115,5.880289024916986,5.725758561810537,5.8070902824401855,506300,0.0,0.0
2025-02-03 00:00:00-05:00,5.758291291616998,5.864022723108667,5.725758603130367,5.78269100189209,597200,0.0,0.0
2025-02-04 00:00:00-05:00,5.77455724790135,6.059218446944756,5.7257582184499265,6.03481912612915,680800,0.0,0.0
2025-02-05 00:00:00-05:00,5.994153497925439,5.994153497925439,5.904688798185828,5.977887153625488,625400,0.0,0.0
2025-02-06 00:00:00-05:00,5.986020459442205,6.018553147714698,5.782690963829007,5.839622974395752,422600,0.0,0.0
2025-02-07 00:00:00-05:00,5.84775637710642,5.896555409821689,5.758291289884976,5.766424655914307,364400,0.0,0.0
2025-02-10 00:00:00-05:00,5.798957311602417,5.89655537648111,5.733891935016621,5.872155666351318,379500,0.0,0.0
2025-02-11 00:00:00-05:00,5.864022686354334,5.937221428900579,5.83148999807161,5.855889320373535,483100,0.0,0.0
2025-02-12 00:00:00-05:00,5.847756387513634,5.986020507696415,5.839623021469829,5.864022731781006,493900,0.0,0.0
2025-02-13 00:00:00-05:00,5.839623018044235,5.872155706559894,5.71762563002063,5.8314900398254395,701400,0.0,0.0
2025-02-14 00:00:00-05:00,5.912821701662029,5.9372214117135576,5.660693174290664,5.709492206573486,791600,0.0,0.0
2025-02-18 00:00:00-05:00,5.72575855066776,5.7908239270448565,5.668826152427684,5.709492206573486,487700,0.0,0.0
2025-02-19 00:00:00-05:00,5.701359222745346,5.774557577186395,5.5956277923279885,5.660693168640137,499400,0.0,0.0
2025-02-20 00:00:00-05:00,5.546828688575588,5.628160407917119,5.367898518203992,5.441097259521484,832500,0.0,0.0
2025-02-21 00:00:00-05:00,5.506162637123048,5.546828690719647,5.384164864153481,5.457363605499268,893300,0.0,0.0
2025-02-24 00:00:00-05:00,5.457363615860797,5.5630950451565155,5.40043121828151,5.538695335388184,950300,0.0,0.0
2025-02-25 00:00:00-05:00,5.554961681365967,5.620027057012149,5.489896305719784,5.554961681365967,726000,0.0,0.0
2025-02-26 00:00:00-05:00,5.554961724905057,5.579361434873732,5.50616269278794,5.546828746795654,467300,0.0,0.0
2025-02-27 00:00:00-05:00,5.538695262292503,5.554961605983309,5.327232794312024,5.3353657722473145,724600,0.0,0.0
2025-02-28 00:00:00-05:00,5.32723279202155,5.424830854124424,5.286566738901906,5.319099426269531,713600,0.0,0.0
2025-03-03 00:00:00-05:00,5.376031823072987,5.424830854124424,5.2540340515342825,5.319099426269531,779800,0.0,0.0
2025-03-04 00:00:00-05:00,5.302833100444454,5.514295956866397,5.188968694274299,5.449230194091797,666800,0.0,0.0
2025-03-05 00:00:00-05:00,5.4410971883056565,5.45736353196106,5.254034042358398,5.254034042358398,795700,0.0,0.0
2025-03-06 00:00:00-05:00,5.302833082585719,5.408564510440611,5.2784333731498885,5.319099426269531,557500,0.0,0.0
2025-03-07 00:00:00-05:00,5.3516321701611425,5.538695318410858,5.3516321701611425,5.408564567565918,626800,0.0,0.0
2025-03-10 00:00:00-04:00,5.392298596436953,5.392298596436953,5.14017005533713,5.180835723876953,719100,0.0,0.0
2025-03-11 00:00:00-04:00,5.237768070176018,5.26216739347946,4.985639531725682,5.042571544647217,681800,0.0,0.0
2025-03-12 00:00:00-04:00,5.034438611100415,5.115770335871776,4.977506209850335,5.0507049560546875,496000,0.0,0.0
2025-03-13 00:00:00-04:00,5.05883750759793,5.148302591204678,5.0181718425550255,5.091370582580566,653500,0.0,0.0
2025-03-14 00:00:00-04:00,5.083237659762496,5.294700532562338,5.066971314764066,5.278433799743652,953400,0.0,0.0
2025-03-17 00:00:00-04:00,5.327232798851327,5.457363548488659,5.302833089384214,5.367898464202881,645800,0.0,0.0
2025-03-18 00:00:00-04:00,5.424831343808273,5.449230667626335,5.302833561257181,5.384165287017822,567500,0.0,0.0
2025-03-19 00:00:00-04:00,5.392298240238887,5.5630950451565155,5.392298240238887,5.538695335388184,663800,0.0,0.0
2025-03-20 00:00:00-04:00,5.449230307805422,5.676959512718174,5.400431275571311,5.660693168640137,599000,0.0,0.0
2025-03-21 00:00:00-04:00,5.620027042072851,5.628160407917119,5.424830915653178,5.441097259521484,1910100,0.0,0.0
2025-03-24 00:00:00-04:00,5.441097257405682,5.522428976715586,5.384164859978634,5.424830913543701,623300,0.0,0.0
2025-03-25 00:00:00-04:00,5.424830858775119,5.457363546170633,5.343499140286331,5.351632118225098,630500,0.0,0.0
2025-03-26 00:00:00-04:00,5.376031881957759,5.424830913543701,5.327232850371816,5.424830913543701,570600,0.0,0.0
2025-03-27 00:00:00-04:00,5.376032309173812,5.489896725256119,5.335366252377145,5.4004316329956055,479100,0.0,0.0
2025-03-28 00:00:00-04:00,5.400431203840616,5.465496579288539,5.367898516116654,5.424830913543701,507000,0.0,0.0
2025-03-31 00:00:00-04:00,5.384164849319113,5.481762912297774,5.245900732855896,5.343499183654785,680700,0.0,0.0
2025-04-01 00:00:00-04:00,5.343499185796272,5.41669753914949,5.327232841959977,5.359765529632568,439400,0.0,0.0
2025-04-02 00:00:00-04:00,5.319099426269531,5.343499135705362,5.2540340515342825,5.319099426269531,489000,0.0,0.0
2025-04-03 00:00:00-04:00,5.221501727771874,5.27843374071963,5.06697125810464,5.075104236602783,752100,0.0,0.0
2025-04-04 00:00:00-04:00,4.8473753407558124,4.863641685342768,4.611513150334829,4.757910251617432,1558200,0.0,0.0
2025-04-07 00:00:00-04:00,4.668444838791075,5.197101582942943,4.5952464871351255,5.132036209106445,1360100,0.0,0.0
2025-04-08 00:00:00-04:00,5.21336829388607,5.21336829388607,4.76604362331867,4.8229756355285645,1017200,0.0,0.0
2025-04-09 00:00:00-04:00,4.766043682893438,5.14830297981614,4.741643971769744,5.042571544647217,960100,0.0,0.0
2025-04-10 00:00:00-04:00,4.87177472215545,4.977506157148871,4.806709343027269,4.928707122802734,858600,0.0,0.0
2025-04-11 00:00:00-04:00,4.985639227546609,5.351632157330653,4.985639227546609,5.310966491699219,678400,0.0,0.0
2025-04-14 00:00:00-04:00,5.367898398685349,5.367898398685349,5.188968620117933,5.2296342849731445,669800,0.0,0.0
2025-04-15 00:00:00-04:00,5.229634267286473,5.23776763292214,5.066970832775314,5.115769863128662,593700,0.0,0.0
2025-04-16 00:00:00-04:00,5.14016958471039,5.221501302163673,5.091370554238419,5.197101593017578,733400,0.0,0.0
2025-04-17 00:00:00-04:00,5.229634814962017,5.424831344637658,5.229634814962017,5.4004316329956055,603700,0.0,0.0
2025-04-21 00:00:00-04:00,5.359765958177237,5.359765958177237,5.229634809261895,5.286567211151123,659500,0.0,0.0
2025-04-22 00:00:00-04:00,5.367898447946226,5.367898447946226,5.254034042358398,5.254034042358398,674700,0.0,0.0
2025-04-23 00:00:00-04:00,5.343499618864582,5.4166979781502205,5.262167505271247,5.4004316329956055,675900,0.0,0.0
2025-04-24 00:00:00-04:00,5.367898530470556,5.538695335388184,5.367898530470556,5.538695335388184,662300,0.0,0.0
2025-04-25 00:00:00-04:00,5.530562426963532,5.790823932727308,5.4980297387430594,5.758291244506836,912500,0.0,0.0
2025-04-28 00:00:00-04:00,5.750158264491643,5.7989572968064795,5.660693178004325,5.742024898529053,714000,0.0,0.0
2025-04-29 00:00:00-04:00,5.733891972582563,5.831490038100675,5.733891972582563,5.815223693847656,583700,0.0,0.0
2025-04-30 00:00:00-04:00,5.75829130013297,5.904688786359555,5.717625633374659,5.864022731781006,1146200,0.0,0.0
2025-05-01 00:00:00-04:00,5.847756445040411,6.042952578169097,5.847756445040411,6.002286911010742,1230300,0.0,0.0
2025-05-02 00:00:00-04:00,6.108018360551263,6.205616427384885,6.034819616515925,6.181216716766357,1301500,0.0,0.0
2025-05-05 00:00:00-04:00,6.205616488937475,6.441478680034998,6.205616488937475,6.384546279907227,1226200,0.0,0.0
2025-05-06 00:00:00-04:00,6.41707896509018,6.482144343583223,6.286948208104095,6.335747241973877,1447400,0.0,0.0
2025-05-07 00:00:00-04:00,6.343880658285694,6.433345360509901,6.3194809472480244,6.4089460372924805,1375800,0.0,0.0
2025-05-08 00:00:00-04:00,6.490277651136376,6.490277651136376,6.17308373993993,6.197483062744141,1648800,0.0,0.0
2025-05-09 00:00:00-04:00,6.278814848509028,6.433345316503221,6.213749469947316,6.417078971862793,627800,0.0,0.0
2025-05-12 00:00:00-04:00,6.547209686756285,6.620408426740314,6.433344893932191,6.490277290344238,1104600,0.0,0.0
2025-05-13 00:00:00-04:00,6.498410374488434,6.669207178697388,6.457744708803586,6.620408535003662,1362700,0.0,0.0
2025-05-14 00:00:00-04:00,6.636674486710121,6.69360649619597,6.547209789569437,6.587875843048096,1501000,0.0,0.0
2025-05-15 00:00:00-04:00,6.506544080890217,6.7098735834180365,6.433345335877722,6.661074161529541,951100,0.0,0.0
2025-05-16 00:00:00-04:00,6.709873167584883,6.8318705512847915,6.636674427108757,6.799337863922119,1467300,0.0,0.0
2025-05-19 00:00:00-04:00,6.7993384771872005,6.953869337828113,6.791205886343351,6.856271266937256,945600,0.0,0.0
2025-05-20 00:00:00-04:00,6.848137428079423,6.9132028041852225,6.815604740026522,6.888803482055664,981000,0.0,0.0
2025-05-21 00:00:00-04:00,6.8725367423478305,6.913202796277556,6.807471366316455,6.823738098144531,772100,0.0,0.0
2025-05-22 00:00:00-04:00,6.815605017809362,6.815605017809362,6.636674838405542,6.661074161529541,909500,0.0,0.0
2025-05-23 00:00:00-04:00,6.587875823814957,6.783071949174101,6.57974245801488,6.774938583374023,566500,0.0,0.0
2025-05-27 00:00:00-04:00,6.823738006940249,6.872536650491318,6.766805221943396,6.80747127532959,654900,0.0,0.0
2025-05-28 00:00:00-04:00,6.791205347907175,6.799337938106237,6.5878758557619355,6.685473918914795,950000,0.0,0.0
2025-05-29 00:00:00-04:00,6.742405886980123,6.758672618558966,6.604141771121773,6.709873199462891,576300,0.0,0.0
2025-05-30 00:00:00-04:00,6.693606953920394,6.905069825957377,6.6692076304209,6.872537136077881,727200,0.0,0.0
2025-06-02 00:00:00-04:00,6.913202860712323,7.027067657648743,6.79120547342653,6.994534969329834,849100,0.0,0.0
2025-06-03 00:00:00-04:00,6.970134730814777,6.9782680966406225,6.774938604837247,6.9376020431518555,700000,0.0,0.0
2025-06-04 00:00:00-04:00,6.905069453619302,7.051466938003185,6.905069453619302,7.01893424987793,851300,0.0,0.0
2025-06-05 00:00:00-04:00,7.027067668458622,7.116532367563131,6.98640161408731,7.092133045196533,684300,0.0,0.0
2025-06-06 00:00:00-04:00,7.1002654901714095,7.1490649095458485,6.848137354384769,7.002667427062988,608700,0.0,0.0
2025-06-09 00:00:00-04:00,6.9782681723089315,7.010800860324618,6.823738098144531,6.823738098144531,834300,0.0,0.0
2025-06-10 00:00:00-04:00,6.921336009032308,6.921336009032308,6.644807779197906,6.70173978805542,870000,0.0,0.0
2025-06-11 00:00:00-04:00,6.709873257481706,6.880670062334131,6.677340569683171,6.8156046867370605,593700,0.0,0.0
2025-06-12 00:00:00-04:00,6.872536757923023,7.010800876213159,6.7993380158117205,6.953868865966797,605200,0.0,0.0
2025-06-13 00:00:00-04:00,6.994535004080111,7.336128620946005,6.888803572608241,7.319861888885498,1831100,0.0,0.0
2025-06-16 00:00:00-04:00,7.35239461959522,7.425593363006976,7.140931755436923,7.295462608337402,1027200,0.0,0.0
2025-06-17 00:00:00-04:00,7.376794053411247,7.604523653157136,7.336128773694224,7.539458274841309,1138800,0.0,0.0
2025-06-18 00:00:00-04:00,7.563857461295334,7.580123417760495,7.4011940184413385,7.5150580406188965,1124800,0.0,0.0
2025-06-20 00:00:00-04:00,7.555724077850653,7.555724077850653,7.303595160276954,7.3523945808410645,1639600,0.0,0.0
2025-06-23 00:00:00-04:00,7.417460341008579,7.580123791891121,7.165332186050767,7.205997467041016,1238900,0.0,0.0
2025-06-24 00:00:00-04:00,7.1002655029296875,7.189730976003508,6.929469473913395,7.1002655029296875,803300,0.0,0.0
2025-06-25 00:00:00-04:00,7.12466560048098,7.165331654092674,7.027067537197187,7.1002655029296875,914500,0.0,0.0
2025-06-26 00:00:00-04:00,7.1246661167053364,7.132799483145077,6.962002666113083,6.978268623352051,896600,0.0,0.0
2025-06-27 00:00:00-04:00,6.978268526322001,6.978268526322001,6.774939021998771,6.86440372467041,1317300,0.0,0.0
2025-06-30 00:00:00-04:00,6.888803368627895,6.888803368627895,6.620408502700616,6.709873199462891,1096200,0.0,0.0
2025-07-01 00:00:00-04:00,6.750539689479324,6.799338336091855,6.652941620613757,6.7342729568481445,1063500,0.0,0.0
2025-07-02 00:00:00-04:00,6.7342730073275385,7.039535303287327,6.678770370705541,6.984033107757568,1155000,1.0,0.0
2025-07-03 00:00:00-04:00,6.9655326224528835,7.215292731722941,6.900779838163515,7.169040679931641,772900,0.0,0.0
2025-07-07 00:00:00-04:00,7.122788420403655,7.474302768707275,7.122788420403655,7.474302768707275,1212900,0.0,0.0
2025-07-08 00:00:00-04:00,7.465052147867894,7.474302734350741,7.289295415616214,7.344797611236572,819700,0.0,0.0
2025-07-09 00:00:00-04:00,7.307796363086432,7.307796363086432,6.956282006028109,7.0395355224609375,755100,0.0,0.0
2025-07-10 00:00:00-04:00,7.021034943335351,7.298545935683385,6.984033477688946,7.196792125701904,871400,0.0,0.0
2025-07-11 00:00:00-04:00,7.224542822862826,7.261544287579512,7.1135384287127685,7.1597900390625,605500,0.0,0.0
2025-07-14 00:00:00-04:00,7.141289161241752,7.1875412117416175,6.99328330538977,7.122788429260254,560300,0.0,0.0
2025-07-15 00:00:00-04:00,7.113538378701184,7.18754130761428,7.0210347175598145,7.0210347175598145,443500,0.0,0.0
2025-07-16 00:00:00-04:00,6.974782853332352,7.0487857842283566,6.882279189712346,6.9470319747924805,700900,0.0,0.0
2025-07-17 00:00:00-04:00,6.956282095451476,7.1135385435829095,6.919280630137286,7.067286491394043,831700,0.0,0.0
2025-07-18 00:00:00-04:00,7.113538323705632,7.113538323705632,6.96553246702369,7.011784076690674,733900,0.0,0.0
2025-07-21 00:00:00-04:00,7.0025339166246985,7.0025339166246985,6.836026887111703,6.891529083251953,501200,0.0,0.0
2025-07-22 00:00:00-04:00,6.9377811885057445,6.984033239532682,6.882278991928768,6.900779724121094,578800,0.0,0.0
2025-07-23 00:00:00-04:00,6.965532409763023,7.159789874515041,6.956281823250324,7.1135382652282715,577200,0.0,0.0
2025-07-24 00:00:00-04:00,7.0672865634494455,7.169040814647044,7.030285097758003,7.085787296295166,648900,0.0,0.0
2025-07-25 00:00:00-04:00,7.030285069914255,7.058036389619059,6.947031992984369,6.956282138824463,484600,0.0,0.0
2025-07-28 00:00:00-04:00,7.030285169062828,7.104288101196289,6.984033557025549,7.104288101196289,642100,0.0,0.0
2025-07-29 00:00:00-04:00,7.0672864838839144,7.224542931848238,7.0210348728364576,7.178291320800781,780400,0.0,0.0
2025-07-30 00:00:00-04:00,7.252294388093727,7.261544534040728,6.993283685193694,7.095037937164307,638900,0.0,0.0
2025-07-31 00:00:00-04:00,6.854527645013381,6.919280427967374,6.586266808777517,6.660269737243652,1314500,0.0,0.0
2025-08-01 00:00:00-04:00,6.7065219154819,6.734273234730003,6.604767666361861,6.688021183013916,808300,0.0,0.0
2025-08-04 00:00:00-04:00,6.725022828168547,6.984033530753605,6.678770775212986,6.974782943725586,945700,0.0,0.0
2025-08-05 00:00:00-04:00,6.891529389854294,7.2522943424546265,6.882279243965504,7.206042289733887,880000,0.0,0.0
2025-08-06 00:00:00-04:00,7.19679218913492,7.215292922121189,7.095037937164307,7.095037937164307,523700,0.0,0.0
2025-08-07 00:00:00-04:00,7.12278846920213,7.132039055790875,7.002533931194176,7.011784076690674,367600,0.0,0.0
2025-08-08 00:00:00-04:00,7.048785451478046,7.187541160903978,6.826776669270347,6.87302827835083,657100,0.0,0.0
2025-08-11 00:00:00-04:00,6.873028332675412,6.919280383213714,6.799025404687925,6.882278919219971,580800,0.0,0.0
2025-08-12 00:00:00-04:00,6.910030068252217,7.0672865169523575,6.891529335528216,6.9470319747924805,631100,0.0,0.0
2025-08-13 00:00:00-04:00,6.910029883097922,7.048785595356101,6.910029883097922,7.0210347175598145,573100,0.0,0.0
2025-08-14 00:00:00-04:00,7.011784400827104,7.039535720783963,6.8175264844058985,6.854527950286865,541600,0.0,0.0
2025-08-15 00:00:00-04:00,6.86377813297163,6.87302827835083,6.789775205569064,6.87302827835083,950200,0.0,0.0
2025-08-18 00:00:00-04:00,6.845277398387054,7.048785448662832,6.826776666543801,6.984033107757568,563600,0.0,0.0
2025-08-19 00:00:00-04:00,6.9747829349461385,7.002534254902996,6.826777071422273,6.854527950286865,417900,0.0,0.0
2025-08-20 00:00:00-04:00,6.993283253133074,7.058036035130579,6.947031644071063,6.984033107757568,509900,0.0,0.0
2025-08-21 00:00:00-04:00,7.011784306290671,7.428051012385355,7.002534160491278,7.418801307678223,1256600,0.0,0.0
2025-08-22 00:00:00-04:00,7.474302822983872,7.5853072155409205,7.400299894612506,7.483553409576416,680400,0.0,0.0
2025-08-25 00:00:00-04:00,7.49280422077744,7.51130451233261,7.381799383800603,7.428050994873047,490400,0.0,0.0
2025-08-26 00:00:00-04:00,7.391049493160553,7.437301545097361,7.32629714975973,7.409550666809082,341900,0.0,0.0
2025-08-27 00:00:00-04:00,7.381799215992162,7.520554928239719,7.363298483765304,7.492804050445557,378000,0.0,0.0
2025-08-28 00:00:00-04:00,7.492804141248197,7.576056775639591,7.465052380933223,7.520555019378662,334000,0.0,0.0
2025-08-29 00:00:00-04:00,7.548305657550997,7.5853071212768555,7.47430273009928,7.5853071212768555,443800,0.0,0.0
2025-09-02 00:00:00-04:00,7.566807125415761,7.6500606425897955,7.511304486571566,7.529805660247803,497100,0.0,0.0
2025-09-03 00:00:00-04:00,7.594558157602591,7.844317832000019,7.576056983551541,7.6870622634887695,556800,0.0,0.0
2025-09-04 00:00:00-04:00,7.613058198507078,7.677811423366648,7.548305855832013,7.631559371948242,466700,0.0,0.0
2025-09-05 00:00:00-04:00,7.622308939584864,7.8073162668205125,7.594558061045648,7.788815975189209,497100,0.0,0.0
2025-09-08 00:00:00-04:00,7.936821552113785,8.038575357895171,7.872069210451494,7.964572429656982,726500,0.0,0.0
2025-09-09 00:00:00-04:00,7.909071058670132,7.946072524586181,7.7888160738968395,7.936821937561035,565600,0.0,0.0
2025-09-10 00:00:00-04:00,7.844317822982453,7.964572807622431,7.761065186402037,7.8165669441223145,425700,0.0,0.0
2025-09-11 00:00:00-04:00,7.835067894009179,7.890569650141682,7.696311739308908,7.872069358825684,529500,0.0,0.0
2025-09-12 00:00:00-04:00,7.87206921315524,7.946072141418845,7.8165665758652905,7.8350677490234375,473300,0.0,0.0
2025-09-15 00:00:00-04:00,7.899820436331034,8.242084215070625,7.89056984934724,8.168081283569336,573000,0.0,0.0
2025-09-16 00:00:00-04:00,8.121829038228231,8.232833432847729,7.964572591971148,7.992324352264404,358600,0.0,0.0
2025-09-17 00:00:00-04:00,7.983073765499986,8.075576986590645,7.973823178735567,7.992324352264404,356400,0.0,0.0
2025-09-18 00:00:00-04:00,7.973822794948916,8.029325430679531,7.862818405672151,8.020074844360352,445600,0.0,0.0
2025-09-19 00:00:00-04:00,7.9830739362812615,7.9830739362812615,7.8258174866600045,7.9275712966918945,708300,0.0,0.0
2025-09-22 00:00:00-04:00,7.955322688125727,8.001573856420299,7.881319760233025,7.946072101593018,392200,0.0,0.0
2025-09-23 00:00:00-04:00,8.001574015322424,8.195831925444626,8.001574015322424,8.103328704833984,405600,0.0,0.0
2025-09-24 00:00:00-04:00,8.103328449659664,8.140329913175643,8.020074936202592,8.047825813293457,398200,0.0,0.0
2025-09-25 00:00:00-04:00,8.057076830607127,8.121829174676895,7.835068037638331,7.90907096862793,460600,0.0,0.0
2025-09-26 00:00:00-04:00,7.918321263866115,7.927570968260698,7.75181423418076,7.8350677490234375,328200,0.0,0.0
2025-09-29 00:00:00-04:00,7.779565377944382,7.779565377944382,7.548305998660973,7.668560981750488,626000,0.0,0.0
2025-09-30 00:00:00-04:00,7.576056974880453,7.668561080660758,7.483553751284681,7.566807270050049,468100,0.0,0.0
2025-10-01 00:00:00-04:00,7.54830574845601,7.668560727559414,7.483553406702059,7.613058090209961,654400,0.0,0.0
2025-10-02 00:00:00-04:00,7.594557857147149,7.62230873494131,7.391049361559466,7.492804050445557,552400,0.0,0.0
2025-10-03 00:00:00-04:00,7.613058144424235,7.622308731079102,7.502053751119336,7.622308731079102,374500,0.0,0.0
2025-10-06 00:00:00-04:00,7.631559304022331,7.677811355029062,7.492804033186633,7.502053737640381,561200,0.0,0.0
2025-10-07 00:00:00-04:00,7.502053630631348,7.502053630631348,7.24304338374646,7.354047775268555,474000,0.0,0.0
2025-10-08 00:00:00-04:00,7.381799293518782,7.455802664295675,7.298545777077436,7.400300025939941,549400,0.0,0.0
2025-10-09 00:00:00-04:00,7.455802531983277,7.576056628948376,7.446551945390733,7.483553409576416,523900,0.0,0.0
2025-10-10 00:00:00-04:00,7.446551949675875,7.548305755698934,7.3447977025605695,7.372548580169678,673000,0.0,0.0
2025-10-13 00:00:00-04:00,7.437301545097361,7.511304475322448,7.35404802804801,7.409550666809082,577400,0.0,0.0
2025-10-14 00:00:00-04:00,7.354048089502539,7.381799409114981,7.215292814717114,7.307796478271484,650300,0.0,0.0
2025-10-15 00:00:00-04:00,7.391049308019962,7.520554873762099,7.372548575927121,7.483553409576416,497200,0.0,0.0
2025-10-16 00:00:00-04:00,7.492804152977207,7.788815872657557,7.492804152977207,7.640810012817383,761400,0.0,0.0
2025-10-17 00:00:00-04:00,7.594558061045648,7.835068027544252,7.566807182506432,7.788815975189209,529600,0.0,0.0
2025-10-20 00:00:00-04:00,7.807316170118659,8.038575546844958,7.807316170118659,7.890569686889648,559900,0.0,0.0
2025-10-21 00:00:00-04:00,7.835067813218534,7.835067813218534,7.613058144424235,7.622308731079102,460300,0.0,0.0
2025-10-22 00:00:00-04:00,7.687061906472721,7.973823033469451,7.650060442273643,7.955322742462158,726500,0.0,0.0
2025-10-23 00:00:00-04:00,8.02932602512635,8.454843323282459,8.02932602512635,8.408591270446777,834000,0.0,0.0
2025-10-24 00:00:00-04:00,8.325337805052628,8.602849241657957,8.306836630926156,8.417841911315918,676300,0.0,0.0
2025-10-27 00:00:00-04:00,8.390089832203598,8.621349206914255,8.334588076296361,8.575098037719727,441700,0.0,0.0
2025-10-28 00:00:00-04:00,8.612099827386443,8.760105691637136,8.57509836132377,8.667601585388184,565900,0.0,0.0
2025-10-29 00:00:00-04:00,8.713853173810907,8.815606979510688,8.612099368111126,8.787856101989746,729200,0.0,0.0
2025-10-30 00:00:00-04:00,8.528846219422503,8.87110999748574,8.44559270110194,8.639850616455078,707400,0.0,0.0
2025-10-31 00:00:00-04:00,8.639850670047196,8.908111518419378,8.584348030094366,8.898860931396484,820700,0.0,0.0
2025-11-03 00:00:00-05:00,8.926611918084832,8.926611918084832,8.713853707096057,8.917362213134766,545100,0.0,0.0
2025-11-04 00:00:00-05:00,8.778605314561162,8.778605314561162,8.602848584703969,8.74160385131836,618500,0.0,0.0
2025-11-05 00:00:00-05:00,8.741603832023475,8.97286319732666,8.741603832023475,8.97286319732666,586900,0.0,0.0
2025-11-06 00:00:00-05:00,8.963612810926115,9.074618085069979,8.852608418966739,9.019115447998047,727400,0.0,0.0
2025-11-07 00:00:00-05:00,9.019115339121898,9.093118266201474,8.908110948502536,9.000614166259766,543200,0.0,0.0
2025-11-10 00:00:00-05:00,9.037617000707462,9.185622862870265,8.991364948235455,9.120869636535645,462700,0.0,0.0
2025-11-11 00:00:00-05:00,9.15787091958559,9.194872384388956,9.000614473625165,9.065367698669434,349500,0.0,0.0
2025-11-12 00:00:00-05:00,8.991364351150587,9.213373129651968,8.991364351150587,9.204122543334961,583900,0.0,0.0
2025-11-13 00:00:00-05:00,9.194872247822277,9.500135430646754,9.157870783568477,9.278125762939453,1212400,0.0,0.0
2025-11-14 00:00:00-05:00,9.2226241153063,9.31512733592834,9.03761679187771,9.296627044677734,516500,0.0,0.0
2025-11-17 00:00:00-05:00,9.324378354142825,9.463133632589209,9.250375421346813,9.407631874084473,1005100,0.0,0.0
2025-11-18 00:00:00-05:00,9.398380550736215,9.80539753141599,9.120869133397182,9.703642845153809,1571700,0.0,0.0
2025-11-19 00:00:00-05:00,9.66664134790576,9.675891934294476,9.463132858276367,9.463132858276367,964600,0.0,0.0
2025-11-20 00:00:00-05:00,9.620389337381026,9.694392264423612,9.204122652220358,9.222623825073242,792900,0.0,0.0
2025-11-21 00:00:00-05:00,9.342878763960949,9.472383444665084,9.176371737701949,9.463132858276367,601600,0.0,0.0
2025-11-24 00:00:00-05:00,9.48163484304944,9.490885430230366,9.23187428227175,9.426132202148438,658300,0.0,0.0
2025-11-25 00:00:00-05:00,9.361379092731973,9.407631142679708,9.139370311604212,9.222623825073242,518500,0.0,0.0
2025-11-26 00:00:00-05:00,9.139370573656441,9.31512730987592,9.009865006526377,9.056117057800293,508700,0.0,0.0
2025-11-28 00:00:00-05:00,9.093118228353129,9.14862086452403,8.880360034431034,8.9821138381958,306000,0.0,0.0
2025-12-01 00:00:00-05:00,9.009865329382338,9.074618556359964,8.61209979141609,8.649101257324219,912700,0.0,0.0
2025-12-02 00:00:00-05:00,8.658350446234184,8.806357183231894,8.510344591420957,8.76010513305664,619000,0.0,0.0
2025-12-03 00:00:00-05:00,8.834108496931933,9.03761699844715,8.834108496931933,8.871109962463379,490900,0.0,0.0
2025-12-04 00:00:00-05:00,8.852608734721553,8.898860786900466,8.778605804109098,8.861859321594238,674800,0.0,0.0
2025-12-05 00:00:00-05:00,8.898861079076626,8.93586254559772,8.639850813428959,8.686102867126465,522200,0.0,0.0
2025-12-08 00:00:00-05:00,8.67685141953331,8.85260814753393,8.602848493829422,8.713852882385254,524000,0.0,0.0
2025-12-09 00:00:00-05:00,8.695352373879102,8.704602960844614,8.565847685100028,8.639850616455078,563200,0.0,0.0
2025-12-10 00:00:00-05:00,8.667600889445973,8.667600889445973,8.436341524576493,8.501093864440918,575900,0.0,0.0
2025-12-11 00:00:00-05:00,8.464092600649444,8.593598165612171,8.417841432334065,8.547346115112305,567700,0.0,0.0
2025-12-12 00:00:00-05:00,8.519595054074138,8.602848566742741,8.46409241823358,8.491844177246094,816000,0.0,0.0
2025-12-15 00:00:00-05:00,8.49184452167437,8.621349206914255,8.427091296869923,8.575098037719727,382400,0.0,0.0
2025-12-16 00:00:00-05:00,8.491844987815604,8.565847921210482,8.454843521118164,8.454843521118164,490800,0.0,0.0
2025-12-17 00:00:00-05:00,8.538095272200174,8.723103468644355,8.501093809348228,8.713852882385254,591400,0.0,0.0
2025-12-18 00:00:00-05:00,8.676851642255208,8.704602519560375,8.464092563756973,8.52884578704834,565300,0.0,0.0
2025-12-19 00:00:00-05:00,8.556596462232314,8.575097634788385,8.334587684666232,8.482593536376953,1360600,0.0,0.0
2025-12-22 00:00:00-05:00,8.575098074463508,8.713853347010659,8.473343384556724,8.593598365783691,382300,0.0,0.0
2025-12-23 00:00:00-05:00,8.575097634788385,8.612099097716065,8.408590610521593,8.482593536376953,346100,0.0,0.0
2025-12-24 00:00:00-05:00,8.464093064501505,8.464093064501505,8.380840427660692,8.427091598510742,148900,0.0,0.0
2025-12-26 00:00:00-05:00,8.37158920141194,8.510344467736633,8.31608656557138,8.491844177246094,507300,0.0,0.0
2025-12-29 00:00:00-05:00,8.46409241823358,8.593597980405237,8.390089491902481,8.491844177246094,323100,0.0,0.0
2025-12-30 00:00:00-05:00,8.528845997948887,8.528845997948887,8.33458808764016,8.35308837890625,321100,0.0,0.0
2025-12-31 00:00:00-05:00,8.343838674365458,8.380840139082144,8.297586622923474,8.35308837890625,364500,0.0,0.0
2026-01-02 00:00:00-05:00,8.316087091647958,8.334588265493354,8.020075367597826,8.158830642700195,839000,0.0,0.0
2026-01-05 00:00:00-05:00,8.297586503800586,8.408590896357028,8.047825958910224,8.084827423095703,634400,0.0,0.0
2026-01-06 00:00:00-05:00,8.13108001374952,8.380840575223129,8.112579721520671,8.214333534240723,525700,0.0,0.0
2026-01-07 00:00:00-05:00,8.390089439856952,9.000614019393542,8.390089439856952,8.96361255645752,1088200,0.0,0.0
2026-01-08 00:00:00-05:00,9.000614128796451,9.083867641960566,8.723103594495367,8.9821138381958,519500,0.0,0.0
2026-01-09 00:00:00-05:00,8.917362014923818,9.083868168723065,8.741604392011055,8.871109962463379,428100,0.0,0.0
2026-01-12 00:00:00-05:00,8.871109854357623,8.954363371334958,8.787856337380289,8.852608680725098,382500,0.0,0.0
2026-01-13 00:00:00-05:00,8.89886071903597,9.278125956078572,8.89886071903597,9.074618339538574,458400,0.0,0.0
2026-01-14 00:00:00-05:00,9.333628926832441,9.333628926832441,9.009865434712932,9.167121887207031,739800,0.0,0.0
2026-01-15 00:00:00-05:00,9.046866068609683,9.046866068609683,8.76935465549729,8.96361255645752,720300,0.0,0.0
2026-01-16 00:00:00-05:00,8.982114648792871,9.139371102920254,8.917362302570261,8.945113182067871,496300,0.0,0.0
2026-01-20 00:00:00-05:00,8.926611954026873,9.093118994382108,8.806357849530924,8.93586254119873,592500,0.0,0.0
2026-01-21 00:00:00-05:00,9.000614473625165,9.102369163472797,8.880360374652609,9.065367698669434,464400,0.0,0.0
2026-01-22 00:00:00-05:00,9.065367821870746,9.111619874049659,8.750854925675558,8.861859321594238,570900,0.0,0.0
2026-01-23 00:00:00-05:00,8.94511307456201,9.176372459360028,8.908111608281711,8.92661190032959,432500,0.0,0.0
2026-01-26 00:00:00-05:00,9.06536802386724,9.157871248101724,8.898860985186815,8.908111572265625,390200,0.0,0.0
2026-01-27 00:00:00-05:00,8.917361696239864,9.167121359105217,8.917361696239864,9.028366088867188,341200,0.0,0.0
2026-01-28 00:00:00-05:00,9.083867855060873,9.352128691447055,9.056116977416647,9.278125762939453,650900,0.0,0.0
2026-01-29 00:00:00-05:00,9.342879581735415,9.453883981562713,9.167121953703779,9.416882514953613,432400,0.0,0.0
2026-01-30 00:00:00-05:00,9.416881690701732,9.546386371405868,9.342878763960949,9.463132858276367,539600,0.0,0.0
2026-02-02 00:00:00-05:00,9.3521286055674,9.75914559080611,9.194872163386691,9.72214412689209,662500,0.0,0.0
2026-02-03 00:00:00-05:00,9.740644977342734,9.759146151454853,9.42613207491301,9.629640579223633,460400,0.0,0.0
2026-02-04 00:00:00-05:00,9.60188896945878,9.629639846330358,9.35212843106119,9.444632530212402,451000,0.0,0.0
2026-02-05 00:00:00-05:00,9.3428795284341,9.5926392060745,9.3428795284341,9.407631874084473,404500,0.0,0.0
2026-02-06 00:00:00-05:00,9.407631137157226,9.777645772152953,9.379880260078666,9.703642845153809,385200,0.0,0.0
2026-02-09 00:00:00-05:00,9.675892418002988,9.851649157252504,9.592638900711552,9.805397987365723,348600,0.0,0.0
2026-02-10 00:00:00-05:00,9.84239930690843,9.934902527497371,9.768396377563477,9.768396377563477,510700,0.0,0.0
2026-02-11 00:00:00-05:00,9.897900826924891,10.443673079474731,9.888650240431117,10.434422492980957,1318200,0.0,0.0
2026-02-12 00:00:00-05:00,10.49917553312519,10.54542670041837,10.06440767953044,10.15691089630127,906200,0.0,0.0
2026-02-13 00:00:00-05:00,10.147661894389675,10.58242889588661,10.147661894389675,10.563928604125977,442200,0.0,0.0
2026-02-17 00:00:00-05:00,10.582428469546324,10.730435208591194,10.378920857455554,10.702683448791504,563900,0.0,0.0
2026-02-18 00:00:00-05:00,10.86919061462175,11.054197938008198,10.785937098551722,10.961694717407227,610600,0.0,0.0
2026-02-19 00:00:00-05:00,11.100450247015736,11.535218128702185,10.813688227473305,11.26695728302002,1032800,0.0,0.0
2026-02-20 00:00:00-05:00,11.266956698273665,11.377961089120637,10.730435034754393,11.118950843811035,1188900,0.0,0.0
2026-02-23 00:00:00-05:00,11.18370327666442,11.192953863190612,10.748935413962771,11.14670181274414,664200,0.0,0.0
2026-02-24 00:00:00-05:00,11.155952554448653,11.461214856583252,11.044947278959254,11.433463096618652,757000,0.0,0.0
2026-02-25 00:00:00-05:00,11.340959814111025,11.655472701166865,11.257706299045127,11.646222114562988,626200,0.0,0.0
2026-02-26 00:00:00-05:00,11.56296876809179,11.997736640783703,11.498216425289518,11.923733711242676,772700,0.0,0.0
2026-02-27 00:00:00-05:00,11.969985062229739,12.04398887507839,11.831229787780623,11.979235649108887,637300,0.0,0.0
2026-03-02 00:00:00-05:00,12.719265587114261,12.72851617381099,11.775726916476133,11.914483070373535,980000,0.0,0.0
2026-03-03 00:00:00-05:00,11.784977439751366,11.784977439751366,11.322458693618097,11.655472755432129,844300,0.0,0.0
2026-03-04 00:00:00-05:00,11.572219160787078,11.886732047154931,11.35021037588665,11.877481460571289,494400,0.0,0.0
2026-03-05 00:00:00-05:00,11.821978668327752,11.905232182120503,11.165202026632628,11.3687105178833,626000,0.0,0.0
2026-03-06 00:00:00-05:00,11.36871118361696,11.396462062444764,11.100450335789429,11.294708251953125,628500,0.0,0.0
2026-03-09 00:00:00-04:00,11.322458498927825,11.757226359828898,11.211454107626707,11.609220504760742,559000,0.0,0.0
2026-03-10 00:00:00-04:00,11.590719410632445,11.775726730726179,11.350210335602835,11.387211799621582,447400,0.0,0.0
2026-03-11 00:00:00-04:00,11.331709157301868,11.340959743848433,10.795187488183968,10.91544246673584,454600,0.0,0.0
2026-03-12 00:00:00-04:00,10.804438458027205,10.804438458027205,10.277166474565956,10.29566764831543,860100,0.0,0.0
2026-03-13 00:00:00-04:00,10.277165927201573,10.277165927201573,9.971903634069758,10.16616153717041,681200,0.0,0.0
2026-03-16 00:00:00-04:00,10.212414046582163,10.52692694025303,10.212414046582163,10.51767635345459,579000,0.0,0.0
2026-03-17 00:00:00-04:00,10.56392805734033,10.56392805734033,10.295667224312297,10.434422492980957,638100,0.0,0.0
2026-03-18 00:00:00-04:00,10.45292426029216,10.813688332216497,10.434423086252691,10.573179244995117,608800,0.0,0.0
2026-03-19 00:00:00-04:00,10.591679448323715,10.832189415719423,10.360420067870427,10.795187950134277,613000,0.0,0.0
2026-03-20 00:00:00-04:00,10.869190236796504,10.90619170018758,10.563927943273997,10.637930870056152,819000,0.0,0.0
2026-03-23 00:00:00-04:00,10.69343405454653,11.035697829009871,10.573179071813273,11.017196655273438,536400,0.0,0.0
2026-03-24 00:00:00-04:00,11.026447127574185,11.562968809772887,10.9616947845385,11.470464706420898,550500,0.0,0.0
2026-03-25 00:00:00-04:00,11.442713373851598,11.461214546661042,10.869190249525982,11.109700202941895,426300,0.0,0.0
2026-03-26 00:00:00-04:00,11.118951162831834,11.35021053761102,10.924693252729938,10.961694717407227,605600,0.0,0.0
2026-03-27 00:00:00-04:00,10.970944942143584,11.11895169005523,10.924693770742275,11.10045051574707,527600,0.0,0.0
2026-03-30 00:00:00-04:00,11.109700813995214,11.257706675873447,10.813688208054227,11.026447296142578,547500,0.0,0.0
2026-03-31 00:00:00-04:00,11.063448869957512,11.387212357625183,10.924693593633958,11.294708251953125,466500,0.0,0.0
2026-04-01 00:00:00-04:00,11.266957138278437,11.488965928642418,11.118951278035784,11.229955673217773,469200,0.0,0.0
2026-04-02 00:00:00-04:00,11.118951476056338,11.821979324729366,11.118951476056338,11.775727272033691,486200,0.0,0.0
2026-04-06 00:00:00-04:00,11.747975931573617,11.94223383951314,11.627720952164914,11.895981788635254,389800,0.0,0.0
2026-04-07 00:00:00-04:00,11.960735387947437,12.108741249652033,11.488966042125652,11.49821662902832,522100,0.0,0.0
2026-04-08 00:00:00-04:00,11.313208612836224,11.821979432769178,11.128201282547296,11.794228553771973,559400,0.0,0.0
2026-04-09 00:00:00-04:00,11.99773637156334,11.99773637156334,11.562968508627296,11.618471145629883,409600,0.0,0.0
2026-04-10 00:00:00-04:00,11.516716520103314,11.636971499102017,11.202203633827397,11.405712127685547,372700,0.0,0.0
2026-04-13 00:00:00-04:00,11.507466424010968,11.729476100493823,11.488966132245038,11.525967597961426,474600,0.0,0.0
2026-04-14 00:00:00-04:00,11.498216217089224,11.590719436248282,11.109700402941506,11.155952453613281,479300,0.0,0.0
2026-04-15 00:00:00-04:00,11.266956833109182,11.72022498837152,11.266956833109182,11.636971473693848,688300,0.0,0.0
2026-04-16 00:00:00-04:00,11.609220794981148,11.81272929187964,11.424213471520929,11.683223724365234,612600,0.0,0.0
2026-04-17 00:00:00-04:00,11.701724323342,12.173493672210165,11.498216703276325,11.997736930847168,670900,0.0,0.0
2026-04-20 00:00:00-04:00,11.942233632995709,12.117991246855391,11.572218996740292,12.071739196777344,386300,0.0,0.0
2026-04-21 00:00:00-04:00,12.145742113535185,12.228995627166848,11.544467227409,11.599969863891602,447200,0.0,0.0
2026-04-22 00:00:00-04:00,11.627721462461457,11.72022556827688,11.257706803568826,11.535218238830566,532900,0.0,0.0
2026-04-23 00:00:00-04:00,11.544467372455436,11.71097440181078,11.51671649495771,11.636971473693848,237300,0.0,0.0
2026-04-24 00:00:00-04:00,11.636971926648103,11.988486289978027,11.525967530152,11.988486289978027,415200,0.0,0.0
2026-04-27 00:00:00-04:00,11.9884857144457,12.377001524622811,11.914482787000962,12.312249183654785,413600,0.0,0.0
2026-04-28 00:00:00-04:00,12.367750975553033,12.488005953560569,12.256746584050187,12.33074951171875,360100,0.0,0.0
2026-04-29 00:00:00-04:00,12.340000363069178,12.414003292326019,12.062488937263769,12.1642427444458,295800,0.0,0.0
2026-04-30 00:00:00-04:00,12.21974521079094,12.3955019447604,12.136491696000595,12.358500480651855,374900,0.0,0.0
2026-05-01 00:00:00-04:00,12.321499412362211,12.451004981994629,12.127241499005848,12.451004981994629,324700,0.0,0.0
2026-05-04 00:00:00-04:00,12.441754104602081,12.589759962334808,12.321499124648113,12.377001762390137,581500,0.0,0.0
2026-05-05 00:00:00-04:00,12.52500759376974,13.154033369994838,12.395502027433839,13.08003044128418,836900,0.0,0.0
2026-05-06 00:00:00-04:00,12.95052481846403,13.070779797640478,12.488006074947458,12.599010467529297,603300,0.0,0.0
2026-05-07 00:00:00-04:00,12.617511502446535,13.061529067908015,12.617511502446535,13.033778190612793,464800,0.0,0.0
2026-05-08 00:00:00-04:00,13.033778190612793,13.302039023625227,12.932023503556175,13.033778190612793,505000,0.0,0.0
2026-05-11 00:00:00-04:00,13.052278624451258,13.052278624451258,12.506507248136678,12.599010467529297,624100,0.0,0.0
2026-05-12 00:00:00-04:00,12.571259873172016,12.60826133819964,12.24749639254193,12.423254013061523,517900,0.0,0.0
2026-05-13 00:00:00-04:00,12.441754280886208,12.451004867671697,11.997736701396848,12.182744026184082,729000,0.0,0.0
2026-05-14 00:00:00-04:00,12.728516334207304,12.885772781295302,11.960735272393919,12.201244354248047,852200,0.0,0.0
2026-05-15 00:00:00-04:00,12.127241584928868,12.358500965220921,11.905232791572782,12.228996276855469,496500,0.0,0.0
2026-05-18 00:00:00-04:00,12.228996278906383,12.608261521499433,12.19199481334083,12.478755950927734,587300,0.0,0.0
2026-05-19 00:00:00-04:00,12.488006155689682,12.580510257864887,12.312249420178192,12.377001762390137,557100,0.0,0.0
2026-05-20 00:00:00-04:00,12.441754062022126,13.15403335265384,12.441754062022126,13.089280128479004,1692900,0.0,0.0
2026-05-21 00:00:00-04:00,13.043029403533076,13.135532626354696,12.469505363990214,12.478755950927734,874100,0.0,0.0
2026-05-22 00:00:00-04:00,12.38625220313063,12.488006008577065,12.154992832601424,12.34000015258789,711600,0.0,0.0
2026-05-26 00:00:00-04:00,12.380000114440918,12.510000228881836,12.039999961853027,12.25,735200,1.0,0.0
2026-05-27 00:00:00-04:00,12.149999618530273,12.319999694824219,11.90999984741211,11.989999771118164,753500,0.0,0.0
2026-05-28 00:00:00-04:00,12.020000457763672,12.079999923706055,11.460000038146973,11.489999771118164,688800,0.0,0.0
2026-05-29 00:00:00-04:00,11.489999771118164,11.529999732971191,11.25,11.470000267028809,488000,0.0,0.0
2026-06-01 00:00:00-04:00,11.470000267028809,11.710000038146973,11.380000114440918,11.609999656677246,471200,0.0,0.0
2026-06-02 00:00:00-04:00,11.5,11.649999618530273,11.260000228881836,11.609999656677246,1151100,0.0,0.0
2026-06-03 00:00:00-04:00,11.630000114440918,11.729999542236328,11.420000076293945,11.449999809265137,594600,0.0,0.0
2026-06-04 00:00:00-04:00,11.579999923706055,11.609999656677246,11.319999694824219,11.399999618530273,371200,0.0,0.0
2026-06-05 00:00:00-04:00,11.420000076293945,11.800000190734863,11.270000457763672,11.5600004196167,433400,0.0,0.0
2026-06-08 00:00:00-04:00,11.65999984741211,11.8100004196167,11.4399995803833,11.579999923706055,498100,0.0,0.0
2026-06-09 00:00:00-04:00,11.569999694824219,11.84000015258789,11.5600004196167,11.8100004196167,558000,0.0,0.0
2026-06-10 00:00:00-04:00,11.779999732971191,12.100000381469727,11.6899995803833,11.920000076293945,370300,0.0,0.0
2026-06-11 00:00:00-04:00,12.149999618530273,12.270000457763672,11.850000381469727,11.880000114440918,777100,0.0,0.0
2026-06-12 00:00:00-04:00,11.789999961853027,12.4399995803833,11.75,12.329999923706055,355500,0.0,0.0
2026-06-15 00:00:00-04:00,12.239999771118164,12.420000076293945,12.029999732971191,12.170000076293945,493600,0.0,0.0
2026-06-16 00:00:00-04:00,12.210000038146973,12.319999694824219,11.890000343322754,12.109999656677246,343500,0.0,0.0
2026-06-17 00:00:00-04:00,12.039999961853027,12.149999618530273,11.699999809265137,11.720000267028809,534100,0.0,0.0
2026-06-18 00:00:00-04:00,11.670000076293945,11.920000076293945,11.489999771118164,11.90999984741211,711800,0.0,0.0
2026-06-22 00:00:00-04:00,11.9399995803833,12.449999809265137,11.9399995803833,12.319999694824219,581800,0.0,0.0
2026-06-23 00:00:00-04:00,12.220000267028809,12.510000228881836,12.09000015258789,12.449999809265137,543800,0.0,0.0
2026-06-24 00:00:00-04:00,12.390000343322754,12.489999771118164,12.029999732971191,12.0600004196167,430000,0.0,0.0
2026-06-25 00:00:00-04:00,12.180000305175781,12.180000305175781,10.90999984741211,11.100000381469727,570000,0.0,0.0
2026-06-26 00:00:00-04:00,11.0600004196167,11.15999984741211,10.539999961853027,10.75,1880500,0.0,0.0
2026-06-29 00:00:00-04:00,10.899999618530273,11.0,10.319999694824219,10.369999885559082,894200,0.0,0.0
2026-06-30 00:00:00-04:00,10.300000190734863,10.319999694824219,9.930000305175781,10.0,586300,0.0,0.0
2026-07-01 00:00:00-04:00,9.960000038146973,10.09000015258789,9.800000190734863,9.970000267028809,651800,0.0,0.0
2026-07-02 00:00:00-04:00,10.260000228881836,10.5600004196167,10.170000076293945,10.3100004196167,434700,0.0,0.0
2026-07-06 00:00:00-04:00,10.300000190734863,10.720000267028809,10.300000190734863,10.420000076293945,460400,0.0,0.0
2026-07-07 00:00:00-04:00,10.40999984741211,10.819999694824219,10.40999984741211,10.710000038146973,450700,0.0,0.0
2026-07-08 00:00:00-04:00,10.739999771118164,11.050000190734863,10.739999771118164,11.020000457763672,465300,0.0,0.0
2026-07-09 00:00:00-04:00,10.9399995803833,10.970000267028809,10.34000015258789,10.65999984741211,436700,0.0,0.0
2026-07-10 00:00:00-04:00,10.779999732971191,11.029999732971191,10.720000267028809,10.989999771118164,452600,0.0,0.0
2026-07-13 00:00:00-04:00,11.119999885559082,11.229999542236328,10.819999694824219,10.829999923706055,435200,0.0,0.0
2026-07-14 00:00:00-04:00,11.029999732971191,11.199999809265137,10.899999618530273,10.9399995803833,495100,0.0,0.0
2026-07-15 00:00:00-04:00,10.960000038146973,11.069999694824219,10.729999542236328,11.0,536500,0.0,0.0
2026-07-16 00:00:00-04:00,10.890000343322754,11.210000038146973,10.890000343322754,10.9399995803833,573800,0.0,0.0
2026-07-17 00:00:00-04:00,10.829999923706055,10.84000015258789,10.550000190734863,10.640000343322754,410500,0.0,0.0
2026-07-20 00:00:00-04:00,10.760000228881836,11.079999923706055,10.680000305175781,10.760000228881836,671300,0.0,0.0
2026-07-21 00:00:00-04:00,10.819999694824219,11.390000343322754,10.760000228881836,11.329999923706055,978500,0.0,0.0
2026-07-22 00:00:00-04:00,11.359999656677246,11.390000343322754,11.119999885559082,11.130000114440918,476500,0.0,0.0
2026-07-23 00:00:00-04:00,11.069999694824219,11.220000267028809,11.029999732971191,11.180000305175781,621000,0.0,0.0
2026-07-24 00:00:00-04:00,11.220000267028809,11.359999656677246,11.079999923706055,11.199999809265137,454000,0.0,0.0
2026-07-27 00:00:00-04:00,11.039999961853027,11.25,10.979999542236328,11.1899995803833,528800,0.0,0.0
2026-07-28 00:00:00-04:00,11.1899995803833,11.470000267028809,11.140000343322754,11.270000457763672,501200,0.0,0.0
2026-07-29 00:00:00-04:00,11.40999984741211,11.59000015258789,11.229999542236328,11.449999809265137,582200,0.0,0.0
2026-07-30 00:00:00-04:00,10.960000038146973,11.470000267028809,10.949999809265137,11.300000190734863,384200,0.0,0.0
2026-07-31 00:00:00-04:00,11.359999656677246,11.829999923706055,11.279999732971191,11.649999618530273,552900,0.0,0.0
2026-08-03 00:00:00-04:00,11.8100004196167,11.869999885559082,11.390000343322754,11.789999961853027,551100,0.0,0.0
2026-08-04 00:00:00-04:00,11.619999885559082,11.739999771118164,11.170000076293945,11.229999542236328,465600,0.0,0.0
2026-08-05 00:00:00-04:00,11.369999885559082,11.380000114440918,10.850000381469727,10.869999885559082,546900,0.0,0.0
2026-08-06 00:00:00-04:00,11.130000114440918,11.399999618530273,11.020000457763672,11.270000457763672,451377,0.0,0.0
