Date,Open,High,Low,Close,Volume,Dividends,Stock Splits
2022-01-03 00:00:00-05:00,77.17823896680824,77.62625963673833,75.4956947317425,76.0034408569336,1267700,0.0,0.0
2022-01-04 00:00:00-05:00,76.70034499137951,77.4968133734875,76.2423739626219,77.34748077392578,1446900,0.0,0.0
2022-01-05 00:00:00-05:00,77.90504312777186,78.50239657189968,75.67492005833951,75.98355102539062,1535100,0.0,0.0
2022-01-06 00:00:00-05:00,76.82977779701483,77.01894257219305,75.87401107295842,76.44149780273438,1026900,0.0,0.0
2022-01-07 00:00:00-05:00,76.70034955678352,79.09972048023889,76.35189414413544,77.90501403808594,1698400,0.0,0.0
2022-01-10 00:00:00-05:00,77.65612554394849,77.89506534188652,75.53551869626014,76.41163635253906,1206500,0.0,0.0
2022-01-11 00:00:00-05:00,76.67049635899043,76.80987854827168,75.20697577577769,76.1627426147461,897200,0.0,0.0
2022-01-12 00:00:00-05:00,76.90943294086475,77.19815534818565,75.57534415782263,76.54106140136719,698500,0.0,0.0
2022-01-13 00:00:00-05:00,76.69040091738664,77.7955079299196,76.40167851273073,76.77005004882812,748200,0.0,0.0
2022-01-14 00:00:00-05:00,75.63506115771762,76.51117863845228,75.00783386963646,76.322021484375,763100,0.0,0.0
2022-01-18 00:00:00-05:00,75.74458510191752,75.83418466961147,73.88282670588282,74.87841796875,1469400,0.0,0.0
2022-01-19 00:00:00-05:00,75.1074138741844,75.81428282118898,74.28107123070724,74.48018646240234,879400,0.0,0.0
2022-01-20 00:00:00-05:00,74.66935730266103,75.47578393088662,72.78769010629476,72.9171142578125,982600,0.0,0.0
2022-01-21 00:00:00-05:00,72.72795022086127,73.59410982294061,71.14495604491641,71.29429626464844,1441300,0.0,0.0
2022-01-24 00:00:00-05:00,69.93034680045533,71.92152985647094,67.81969762236554,71.57307434082031,1786700,0.0,0.0
2022-01-25 00:00:00-05:00,70.19915046770593,71.93147734547638,68.77545448769519,70.91597747802734,1339800,0.0,0.0
2022-01-26 00:00:00-05:00,71.69254885911407,73.19588661424326,70.17924546602,71.4336929321289,1727300,0.0,0.0
2022-01-27 00:00:00-05:00,70.01993938786492,71.04539723257234,65.67916062318886,66.35616302490234,3295100,0.0,0.0
2022-01-28 00:00:00-05:00,65.3506178344871,66.44576683767467,64.23555274999532,66.3760757446289,1997800,0.0,0.0
2022-01-31 00:00:00-05:00,65.74885002748564,67.98893044103787,65.31078742708152,67.75994110107422,1410100,0.0,0.0
2022-02-01 00:00:00-05:00,67.71015907055246,68.89490742349393,67.33182955644244,68.56636810302734,1087200,0.0,0.0
2022-02-02 00:00:00-05:00,68.0884890706767,69.71130017120407,68.02875602273056,69.46240234375,1215500,0.0,0.0
2022-02-03 00:00:00-05:00,68.79534840356875,69.16371987134701,67.67033311470331,67.8097152709961,1108400,0.0,0.0
2022-02-04 00:00:00-05:00,67.29202084865881,67.84955721242895,65.65925151740582,66.94356536865234,800700,0.0,0.0
2022-02-07 00:00:00-05:00,67.182504426555,67.84954877616568,66.5951016083578,67.17254638671875,930500,0.0,0.0
2022-02-08 00:00:00-05:00,67.57077868941532,68.7953516337365,67.03315852028962,68.7356185913086,1036400,0.0,0.0
2022-02-09 00:00:00-05:00,69.49226677430454,71.62283127259009,68.94468859194983,71.27436828613281,1375600,0.0,0.0
2022-02-10 00:00:00-05:00,69.90048149374493,72.44919341942403,69.90048149374493,70.30867767333984,1572900,0.0,0.0
2022-02-11 00:00:00-05:00,70.4181714994198,71.46353774028448,68.33738186535108,69.40266418457031,2075600,0.0,0.0
2022-02-14 00:00:00-05:00,69.34294240936964,69.89051312096802,67.51105028673905,68.25774383544922,1248500,0.0,0.0
2022-02-15 00:00:00-05:00,69.21349663228735,70.68697494510762,69.05420599065592,70.22900390625,1066200,0.0,0.0
2022-02-16 00:00:00-05:00,69.84073331020615,72.04098923774899,69.84073331020615,71.8816909790039,1686300,0.0,0.0
2022-02-17 00:00:00-05:00,71.2843243681859,71.38388196340216,69.58186442398761,69.80089569091797,846300,0.0,0.0
2022-02-18 00:00:00-05:00,69.69140348711196,70.64717039487256,68.98453444894818,69.21351623535156,1503700,0.0,0.0
2022-02-22 00:00:00-05:00,69.482317383406,69.55200847021949,67.28206153314133,67.75994110107422,1756100,0.0,0.0
2022-02-23 00:00:00-05:00,68.59624886065947,69.32302632777868,68.21791926802686,68.25774383544922,1937900,0.0,0.0
2022-02-24 00:00:00-05:00,66.53536891761209,69.45245175304899,65.68911782520566,69.19359588623047,1559100,0.0,0.0
2022-02-25 00:00:00-05:00,69.17368115093915,71.50336095449458,69.03429139235755,71.16486358642578,1116600,0.0,0.0
2022-02-28 00:00:00-05:00,70.96575921667342,73.0863739225187,70.32858127949028,72.80760192871094,1967500,0.0,0.0
2022-03-01 00:00:00-05:00,72.67815162324038,72.67815162324038,69.59182067619946,70.75666046142578,1328600,0.0,0.0
2022-03-02 00:00:00-05:00,71.65270908930987,73.4049519533493,71.1847799498426,73.0963134765625,1389500,0.0,0.0
2022-03-03 00:00:00-05:00,73.52443126672429,73.64390498202816,71.34409103169148,72.03104400634766,1149300,0.0,0.0
2022-03-04 00:00:00-05:00,71.01553509706989,71.35403252096641,69.35289931220515,70.91597747802734,915800,0.0,0.0
2022-03-07 00:00:00-05:00,71.01552708567036,71.61288032829648,67.59069068750136,67.6802978515625,1406500,0.0,0.0
2022-03-08 00:00:00-05:00,68.21792908964345,69.76109901745816,67.10287142431628,67.30198669433594,1652500,0.0,0.0
2022-03-09 00:00:00-05:00,68.53650394987534,70.45799553290342,68.22787306624298,69.72126007080078,1418000,0.0,0.0
2022-03-10 00:00:00-05:00,68.25733462692028,69.44242937108328,67.99840476728592,69.27312469482422,810800,0.02,0.0
2022-03-11 00:00:00-05:00,70.10966437512086,70.58768054884048,68.82498356161301,68.90465545654297,957800,0.0,0.0
2022-03-14 00:00:00-04:00,70.05985515281051,70.27894902616109,69.06397943607425,69.60175323486328,899200,0.0,0.0
2022-03-15 00:00:00-04:00,70.30883538032974,71.79268830929568,69.73122554830033,71.50389099121094,841000,0.0,0.0
2022-03-16 00:00:00-04:00,71.70303469062173,73.79437168284615,71.63332371081182,73.27651977539062,1456300,0.0,0.0
2022-03-17 00:00:00-04:00,72.75867467242561,74.84005879234464,72.60929939892654,74.82013702392578,1329900,0.0,0.0
2022-03-18 00:00:00-04:00,74.74047894586906,75.32804199819623,73.62509535764322,74.8400650024414,2365400,0.0,0.0
2022-03-21 00:00:00-04:00,74.630937166423,75.63676628468384,73.86410852212397,74.9794921875,1193100,0.0,0.0
2022-03-22 00:00:00-04:00,75.44756185494471,75.58698387596262,74.043373160211,74.78031921386719,1108000,0.0,0.0
2022-03-23 00:00:00-04:00,74.10311678743855,74.69067982169672,73.0674051154929,73.28649139404297,803200,0.0,0.0
2022-03-24 00:00:00-04:00,73.45579167467989,74.53133162572936,72.93793207053717,74.35208129882812,978100,0.0,0.0
2022-03-25 00:00:00-04:00,74.64087337751897,75.35790502707692,74.34211525548842,74.8998031616211,650400,0.0,0.0
2022-03-28 00:00:00-04:00,74.780306988684,75.14878375423817,73.89397817228388,74.42179870605469,950500,0.0,0.0
2022-03-29 00:00:00-04:00,74.86994679376846,75.76623657939415,74.11307901947015,75.69652557373047,1513900,0.0,0.0
2022-03-30 00:00:00-04:00,75.50730783252803,75.79611274532907,74.39192412770299,74.88986206054688,995400,0.0,0.0
2022-03-31 00:00:00-04:00,74.6408757362278,75.1587353207968,73.94376583153274,74.07322692871094,1510600,0.0,0.0
2022-04-01 00:00:00-04:00,74.68072111997115,74.68072111997115,71.83251583834647,72.72880554199219,1573400,0.0,0.0
2022-04-04 00:00:00-04:00,72.6989386674216,72.83836068168911,71.78273468854084,72.14125061035156,966500,0.0,0.0
2022-04-05 00:00:00-04:00,71.70304980916826,72.5794176826927,70.46816607876369,70.57771301269531,1055200,0.0,0.0
2022-04-06 00:00:00-04:00,69.92043987387883,70.61755750128687,69.05402518187307,70.08973693847656,1310800,0.0,0.0
2022-04-07 00:00:00-04:00,69.91047539370929,70.12956927683142,69.03410745914987,69.6117172241211,1331200,0.0,0.0
2022-04-08 00:00:00-04:00,69.36275356247945,70.08973866860528,67.75939285717116,68.00836181640625,1292500,0.0,0.0
2022-04-11 00:00:00-04:00,68.0183099637549,68.94447462257486,67.4407002630009,67.55024719238281,969800,0.0,0.0
2022-04-12 00:00:00-04:00,67.63984870439492,68.83490362583397,67.16183281415977,67.40084075927734,1086200,0.0,0.0
2022-04-13 00:00:00-04:00,67.63987685588853,69.02414349429031,67.63987685588853,68.91459655761719,1265800,0.0,0.0
2022-04-14 00:00:00-04:00,69.2034144365115,69.69139909994576,68.1975852440543,68.36688232421875,1083700,0.0,0.0
2022-04-18 00:00:00-04:00,68.33699897914211,69.35278893492769,67.79922514445705,68.21749114990234,1211000,0.0,0.0
2022-04-19 00:00:00-04:00,68.56603493736215,69.97022320897611,68.51624571510446,69.80091857910156,820300,0.0,0.0
2022-04-20 00:00:00-04:00,70.38848487208439,71.61341515375267,70.23910201852568,70.86650848388672,884700,0.0,0.0
2022-04-21 00:00:00-04:00,71.70304643674933,72.33044535781673,68.48636476045675,68.82496643066406,1213800,0.0,0.0
2022-04-22 00:00:00-04:00,68.26728221882442,68.74529829959684,67.48053950471083,67.61000061035156,1097700,0.0,0.0
2022-04-25 00:00:00-04:00,67.0622498212823,68.10792209332651,65.10038154757814,68.04817199707031,1738400,0.0,0.0
2022-04-26 00:00:00-04:00,67.6597881661004,68.08801496200968,66.20581075620386,66.25559997558594,1098700,0.0,0.0
2022-04-27 00:00:00-04:00,66.13612798212199,67.45068398180892,65.87719809793084,66.4448471069336,1256500,0.0,0.0
2022-04-28 00:00:00-04:00,69.54201532811337,72.2209163097008,68.02827971816716,71.75286102294922,2117200,0.0,0.0
2022-04-29 00:00:00-04:00,71.55368480003365,71.73294277322758,68.48638508001777,68.96440887451172,2110200,0.0,0.0
2022-05-02 00:00:00-04:00,69.03410667637458,70.44824841767274,68.30711403588805,69.78101348876953,1497600,0.0,0.0
2022-05-03 00:00:00-04:00,70.19927770239636,71.35449718998365,69.03410492807141,69.38265991210938,1570200,0.0,0.0
2022-05-04 00:00:00-04:00,69.71131161776545,72.00182918152116,69.37271746548555,71.92215728759766,1126700,0.0,0.0
2022-05-05 00:00:00-04:00,71.13541136982194,71.5536773980293,68.6556826621015,69.43246459960938,972700,0.0,0.0
2022-05-06 00:00:00-04:00,68.94446549916553,69.36273139349562,67.3709803561974,68.25730895996094,941900,0.0,0.0
2022-05-09 00:00:00-04:00,67.03238692344978,67.3510668244581,63.65636911035509,64.01488494873047,1808700,0.0,0.0
2022-05-10 00:00:00-04:00,64.8514280968428,65.33940506074923,62.97918072355376,63.9650993347168,1408500,0.0,0.0
2022-05-11 00:00:00-04:00,64.06468655485997,65.40911725021797,61.863798337998375,61.993263244628906,1336200,0.0,0.0
2022-05-12 00:00:00-04:00,61.55507417415615,62.71028975517888,60.11105374813672,61.694496154785156,2183100,0.0,0.0
2022-05-13 00:00:00-04:00,62.52108025701638,63.83563598278931,62.16256436835747,63.098690032958984,1448100,0.0,0.0
2022-05-16 00:00:00-04:00,62.859678524696825,63.63646422077728,62.29202963080994,62.829803466796875,1119600,0.0,0.0
2022-05-17 00:00:00-04:00,64.12444247771734,65.46887329491503,63.965106299836656,65.39916229248047,1009100,0.0,0.0
2022-05-18 00:00:00-04:00,64.66221288041937,65.1402365844618,63.00905928407988,63.38749313354492,1403800,0.0,0.0
2022-05-19 00:00:00-04:00,62.580835370100495,63.67629722957185,62.023143554953165,62.501163482666016,1318600,0.0,0.0
2022-05-20 00:00:00-04:00,63.14848077751628,63.337695801256366,60.45961550881971,62.232276916503906,1581400,0.0,0.0
2022-05-23 00:00:00-04:00,63.297868896059946,64.25390497872459,62.3119501563413,63.95514678955078,1301400,0.0,0.0
2022-05-24 00:00:00-04:00,63.62650392858668,63.825676048395756,61.784135227600025,63.138526916503906,1144300,0.0,0.0
2022-05-25 00:00:00-04:00,62.70033180054594,63.31777745641048,61.455487202541306,62.34181594848633,1756800,0.0,0.0
2022-05-26 00:00:00-04:00,63.009055479299874,64.52278698678938,62.56091065817399,64.07463836669922,1269100,0.0,0.0
2022-05-27 00:00:00-04:00,64.74187327452647,65.78753806978405,64.37339657642941,65.76762390136719,916100,0.0,0.0
2022-05-31 00:00:00-04:00,64.76177644374948,65.84728458733252,64.06466669864213,65.02070617675781,1897600,0.0,0.0
2022-06-01 00:00:00-04:00,65.43900895027204,66.02657972235858,63.84560892094267,65.04065704345703,961200,0.0,0.0
2022-06-02 00:00:00-04:00,65.38920454620904,66.52450227868985,64.96097767533091,66.4647445678711,878000,0.0,0.0
2022-06-03 00:00:00-04:00,65.82738856751848,66.58425629957107,65.45891938583277,66.30541229248047,754400,0.0,0.0
2022-06-06 00:00:00-04:00,66.71370852636052,67.49049032770868,66.34523939378315,67.06226348876953,726200,0.0,0.0
2022-06-07 00:00:00-04:00,66.55436942596852,68.5062847270083,66.20581447898427,68.4266128540039,994900,0.0,0.0
2022-06-08 00:00:00-04:00,67.61001875070043,68.29717559885057,67.4606358361551,67.57018280029297,1090300,0.0,0.0
2022-06-09 00:00:00-04:00,67.3609720025713,67.3609720025713,66.46441809655916,66.56403350830078,1166000,0.02,0.0
2022-06-10 00:00:00-04:00,64.80083190640548,65.31883672544339,62.66902588921533,62.698909759521484,1538300,0.0,0.0
2022-06-13 00:00:00-04:00,60.96555313372665,61.03528467067027,59.15252557302498,59.78010940551758,1478800,0.0,0.0
2022-06-14 00:00:00-04:00,59.98931454198354,60.44755149329678,59.42149836316405,59.95942687988281,1360400,0.0,0.0
2022-06-15 00:00:00-04:00,60.9057878188269,61.91192089733377,60.238356240087064,61.10502243041992,1369500,0.0,0.0
2022-06-16 00:00:00-04:00,59.620723273101625,59.849845526154844,57.399266481180334,57.70808029174805,1350200,0.0,0.0
2022-06-17 00:00:00-04:00,57.81766959349155,59.06288127253771,56.891231800274454,58.57475662231445,2792100,0.0,0.0
2022-06-21 00:00:00-04:00,59.770174399954065,59.81002209490785,58.74412095544883,59.43147659301758,1057700,0.0,0.0
2022-06-22 00:00:00-04:00,58.13644271453597,59.61077286712168,58.096595029310414,58.76403045654297,1192200,0.0,0.0
2022-06-23 00:00:00-04:00,58.65445822565445,59.51116455987391,57.030700959635816,58.0069465637207,1044100,0.0,0.0
2022-06-24 00:00:00-04:00,58.68433072006778,60.44755075923126,58.285861497626584,60.387779235839844,1391800,0.0,0.0
2022-06-27 00:00:00-04:00,60.67667579527335,61.025333552559296,59.720354118073715,60.55713653564453,897800,0.0,0.0
2022-06-28 00:00:00-04:00,61.06518866273258,62.0215104561908,59.75024524670628,59.819976806640625,1490500,0.0,0.0
2022-06-29 00:00:00-04:00,59.89966231177411,60.06900927223581,58.33567678243697,59.680503845214844,1210100,0.0,0.0
2022-06-30 00:00:00-04:00,58.853688458183335,61.17476112427802,58.30579226224602,60.836063385009766,1524900,0.0,0.0
2022-07-01 00:00:00-04:00,60.44755478532404,61.752537965657076,59.6805039510902,60.87590789794922,1123900,0.0,0.0
2022-07-05 00:00:00-04:00,59.371688367169845,59.381652188151136,57.87743442705566,59.34180450439453,1125400,0.0,0.0
2022-07-06 00:00:00-04:00,59.51115864265597,60.33797722713452,58.55483317856574,60.0291633605957,956100,0.0,0.0
2022-07-07 00:00:00-04:00,60.587022320186755,61.652923269187,60.437595390852834,61.3939208984375,792000,0.0,0.0
2022-07-08 00:00:00-04:00,61.36402793472633,61.44372330351326,60.36785862539581,60.82609939575195,925300,0.0,0.0
2022-07-11 00:00:00-04:00,60.2682429845108,60.76632763727535,60.03912450024922,60.09889602661133,1009300,0.0,0.0
2022-07-12 00:00:00-04:00,59.849851238410125,61.81230210552313,59.849851238410125,60.65674591064453,810200,0.0,0.0
2022-07-13 00:00:00-04:00,59.43145851165395,60.427627781913046,59.2322238975853,59.730308532714844,897200,0.0,0.0
2022-07-14 00:00:00-04:00,58.38548615547197,58.99315006640222,57.73797455855969,58.833763122558594,838000,0.0,0.0
2022-07-15 00:00:00-04:00,60.00924157253917,60.28816776640826,59.24219073931479,59.919586181640625,657100,0.0,0.0
2022-07-18 00:00:00-04:00,60.87589973747198,61.423792031312225,59.59084057185994,59.899654388427734,1020600,0.0,0.0
2022-07-19 00:00:00-04:00,60.48739743657185,63.097359779956534,60.43758593453115,62.928009033203125,1239100,0.0,0.0
2022-07-20 00:00:00-04:00,62.92801843450525,64.02380324159503,62.31039447778653,63.75484085083008,773900,0.0,0.0
2022-07-21 00:00:00-04:00,63.59546462630452,64.23301633440926,62.92802904753803,64.19316864013672,824700,0.0,0.0
2022-07-22 00:00:00-04:00,64.48204511187062,64.69123976251429,63.25675347219317,63.58549118041992,680500,0.0,0.0
2022-07-25 00:00:00-04:00,63.74488938823824,64.47209268332705,63.226880780760226,64.05370330810547,749800,0.0,0.0
2022-07-26 00:00:00-04:00,63.95406720352234,64.17322566960526,63.246791699537425,63.47591018676758,748400,0.0,0.0
2022-07-27 00:00:00-04:00,64.06364341588198,65.31881882597546,63.59544644235052,64.95023345947266,978300,0.0,0.0
2022-07-28 00:00:00-04:00,65.84678824550669,66.47437975942225,63.34640501116696,64.53184509277344,1816200,0.0,0.0
2022-07-29 00:00:00-04:00,64.25292494995679,65.70733133137738,63.51575793740844,65.38855743408203,1264800,0.0,0.0
2022-08-01 00:00:00-04:00,65.00004632049372,65.81690483614683,64.42226630693777,65.50809478759766,966900,0.0,0.0
2022-08-02 00:00:00-04:00,64.94027944282757,65.75713796914503,64.42226714799096,64.61154174804688,867700,0.0,0.0
2022-08-03 00:00:00-04:00,64.78089209699228,65.69736608177806,63.76480269649831,65.29890441894531,949700,0.0,0.0
2022-08-04 00:00:00-04:00,65.398524638247,65.398524638247,64.12342898311934,64.16327667236328,915500,0.0,0.0
2022-08-05 00:00:00-04:00,63.40617053102118,64.43222358178645,63.40617053102118,64.1532974243164,704900,0.0,0.0
2022-08-08 00:00:00-04:00,64.83070817218405,65.438372131033,64.48205039255832,64.6314697265625,738000,0.0,0.0
2022-08-09 00:00:00-04:00,64.77091794172365,64.78088176175554,63.784712563265884,64.18318176269531,665600,0.0,0.0
2022-08-10 00:00:00-04:00,65.46824428413414,66.83299129165319,65.33873741760935,66.75330352783203,888700,0.0,0.0
2022-08-11 00:00:00-04:00,67.42072788011372,68.26747013135227,66.713448700836,66.7831802368164,1043600,0.0,0.0
2022-08-12 00:00:00-04:00,67.14181837826094,67.83913391090478,66.76326914610917,67.8192138671875,778200,0.0,0.0
2022-08-15 00:00:00-04:00,67.2414301904278,68.108100248943,67.2414301904278,68.06825256347656,655300,0.0,0.0
2022-08-16 00:00:00-04:00,67.86901666225177,68.44679672276708,67.6199743189437,68.2276382446289,830200,0.0,0.0
2022-08-17 00:00:00-04:00,67.2015871971728,67.60005647949066,66.73338636046202,67.41078186035156,1104000,0.0,0.0
2022-08-18 00:00:00-04:00,67.57019307388862,68.04835027732256,67.24145524642047,67.73954010009766,872800,0.0,0.0
2022-08-19 00:00:00-04:00,67.05214959075789,67.14180877508504,65.63759108390548,65.79698181152344,1374700,0.0,0.0
2022-08-22 00:00:00-04:00,64.75101569708303,64.91040646072665,64.27285100632211,64.33262634277344,923000,0.0,0.0
2022-08-23 00:00:00-04:00,64.30273041322371,65.16939282742177,64.18318736291396,64.53184509277344,609100,0.0,0.0
2022-08-24 00:00:00-04:00,64.7509968094621,65.18931368145672,64.50195451404107,65.05980682373047,719600,0.0,0.0
2022-08-25 00:00:00-04:00,65.52801870197976,66.75331034795664,65.33874409320903,66.70349884033203,707800,0.0,0.0
2022-08-26 00:00:00-04:00,66.96250586751357,67.11193279215499,64.34257557595207,64.37246704101562,668600,0.0,0.0
2022-08-29 00:00:00-04:00,63.74487562173642,64.7709249917509,63.495833295006854,64.14334106445312,806400,0.0,0.0
2022-08-30 00:00:00-04:00,64.3724750670283,64.52189441013036,63.03760400067965,63.196990966796875,863100,0.0,0.0
2022-08-31 00:00:00-04:00,63.535679415419715,63.69506635813304,62.09123690961714,62.14104461669922,1735700,0.0,0.0
2022-09-01 00:00:00-04:00,61.49353109990721,61.87207650203626,60.55713331578202,61.78242111206055,1187600,0.0,0.0
2022-09-02 00:00:00-04:00,62.659044517624615,63.167089140162744,61.24448227041118,61.61306381225586,758800,0.0,0.0
2022-09-06 00:00:00-04:00,61.862107411901675,62.27053664254072,61.18471203424413,61.6927604675293,1390600,0.0,0.0
2022-09-07 00:00:00-04:00,61.53337268880517,63.81459729650145,61.53337268880517,63.764793395996094,873100,0.0,0.0
2022-09-08 00:00:00-04:00,63.26655834977873,63.9840218352807,62.7583510878898,63.914268493652344,831900,0.02,0.0
2022-09-09 00:00:00-04:00,64.27300403157173,65.69797171187733,64.10360414013014,65.65811157226562,1073500,0.0,0.0
2022-09-12 00:00:00-04:00,66.11647834624122,66.95352590300081,65.78763796313771,66.91366577148438,1219200,0.0,0.0
2022-09-13 00:00:00-04:00,65.08015616673308,65.78765659581,63.02740822877623,63.06726837158203,1246100,0.0,0.0
2022-09-14 00:00:00-04:00,63.12704726100537,64.09363470184917,61.87148332244101,63.77476119995117,1146600,0.0,0.0
2022-09-15 00:00:00-04:00,63.65518299034779,64.61179967077427,63.346272630076236,63.844512939453125,1237200,0.0,0.0
2022-09-16 00:00:00-04:00,62.91778564829812,62.98753898749626,61.67218487508578,62.60887908935547,3217600,0.0,0.0
2022-09-19 00:00:00-04:00,62.130574145851824,64.27300931002841,62.0707877327964,63.86444854736328,1304400,0.0,0.0
2022-09-20 00:00:00-04:00,63.40606633005767,63.42599639968374,61.68215522075906,62.030921936035156,1798100,0.0,0.0
2022-09-21 00:00:00-04:00,63.06726657776174,63.68508356858929,61.313458356914566,61.32342529296875,1341600,0.0,0.0
2022-09-22 00:00:00-04:00,61.46293737490152,61.562583936543554,59.878532716648095,60.85508346557617,1008000,0.0,0.0
2022-09-23 00:00:00-04:00,60.04792121676637,60.12764149194354,58.284153843098636,59.22084426879883,1478600,0.0,0.0
2022-09-26 00:00:00-04:00,58.941830283482716,59.63936367752998,58.13467961159273,58.15460968017578,1317500,0.0,0.0
2022-09-27 00:00:00-04:00,58.90197385414885,59.6891945070107,57.825772890549544,58.68274688720703,1392400,0.0,0.0
2022-09-28 00:00:00-04:00,59.290596159900865,60.6856705312308,58.612989042543106,60.3070068359375,1692000,0.0,0.0
2022-09-29 00:00:00-04:00,59.49986309971098,59.70912313938224,58.084862296670316,58.842185974121094,1387000,0.0,0.0
2022-09-30 00:00:00-04:00,58.69271298003392,59.58954330221757,57.9254224080267,58.054962158203125,2149100,0.0,0.0
2022-10-03 00:00:00-04:00,58.9816973601464,60.72553876536785,58.88205080035707,60.26715850830078,1847100,0.0,0.0
2022-10-04 00:00:00-04:00,61.74193881955733,63.38613337682487,61.58250207107403,63.36620330810547,1076100,0.0,0.0
2022-10-05 00:00:00-04:00,62.37968544538391,63.734899700130775,62.220248697841456,63.09715270996094,1221400,0.0,0.0
2022-10-06 00:00:00-04:00,62.57898393095095,63.7747614687443,62.3597607732671,62.409584045410156,1469700,0.0,0.0
2022-10-07 00:00:00-04:00,61.67218658117169,61.86152033675166,60.456478976478365,61.08426284790039,1353400,0.0,0.0
2022-10-10 00:00:00-04:00,61.77184437935926,62.050857777533516,60.59599677094994,61.21381378173828,1012600,0.0,0.0
2022-10-11 00:00:00-04:00,61.134087964797736,62.36972567585429,60.44651766667278,61.193878173828125,1010400,0.0,0.0
2022-10-12 00:00:00-04:00,61.02447657625529,61.20383959578435,59.96820572056815,60.24721908569336,1357700,0.0,0.0
2022-10-13 00:00:00-04:00,59.101272743118,61.92131119792308,58.59306544831083,61.532684326171875,1285800,0.0,0.0
2022-10-14 00:00:00-04:00,61.981108994830635,62.40959606003965,59.529767041267,59.62941360473633,1082500,0.0,0.0
2022-10-17 00:00:00-04:00,60.99458382623685,61.82166464664872,60.89493727496249,61.532684326171875,1306600,0.0,0.0
2022-10-18 00:00:00-04:00,62.97757459690738,63.52563816592769,61.95119699540089,62.32986068725586,1533800,0.0,0.0
2022-10-19 00:00:00-04:00,61.97113459027613,62.26011491129724,61.13409063366926,61.62236785888672,1649400,0.0,0.0
2022-10-20 00:00:00-04:00,61.78180344293024,62.22025358277691,60.57606270739774,60.72553253173828,1237300,0.0,0.0
2022-10-21 00:00:00-04:00,60.73551101663268,62.88790958736727,60.32695400371042,62.718505859375,1596300,0.0,0.0
2022-10-24 00:00:00-04:00,63.28648821394544,63.81462557506387,62.5889547580249,63.117088317871094,1162500,0.0,0.0
2022-10-25 00:00:00-04:00,62.86795782118027,64.28296217365643,62.86795782118027,64.1434555053711,1378800,0.0,0.0
2022-10-26 00:00:00-04:00,64.45237881054015,65.54850617619502,63.97406467873055,64.29293823242188,1824600,0.0,0.0
2022-10-27 00:00:00-04:00,65.35916382781758,66.44533171695355,64.5819101176796,65.60828399658203,1913100,0.0,0.0
2022-10-28 00:00:00-04:00,65.737831494567,68.4980796254291,65.33923770315829,68.25892639160156,1831700,0.0,0.0
2022-10-31 00:00:00-04:00,67.33219396609385,68.9863554144642,67.05318061396962,68.19913482666016,1520200,0.0,0.0
2022-11-01 00:00:00-04:00,68.98635765392304,69.02621018905421,67.9001898092728,68.26889038085938,1063100,0.0,0.0
2022-11-02 00:00:00-04:00,67.81053111775931,69.17570514213905,66.85390272357047,66.96351623535156,1173900,0.0,0.0
2022-11-03 00:00:00-04:00,66.14638443665093,67.87029934866207,65.83747786036888,66.5350112915039,1197200,0.0,0.0
2022-11-04 00:00:00-04:00,67.56138710143885,68.36853394722287,66.6047590439733,68.27884674072266,1219600,0.0,0.0
2022-11-07 00:00:00-05:00,68.61764209256069,68.93651552175837,67.88024871301774,68.75714874267578,1067800,0.0,0.0
2022-11-08 00:00:00-05:00,69.06608885539848,69.22552944887265,67.90020802516591,68.7472152709961,945600,0.0,0.0
2022-11-09 00:00:00-05:00,68.16924482721747,69.05611199636253,67.93008399769627,68.05963134765625,942700,0.0,0.0
2022-11-10 00:00:00-05:00,70.31168226921406,71.35799014210754,69.7536554583616,71.26830291748047,1510100,0.0,0.0
2022-11-11 00:00:00-05:00,70.93946074470503,71.79643472203661,70.51097375603923,70.63054656982422,1184700,0.0,0.0
2022-11-14 00:00:00-05:00,70.18212610994144,70.8896263948838,69.13581848144531,69.13581848144531,1308300,0.0,0.0
2022-11-15 00:00:00-05:00,70.06254773806495,70.39138815684963,69.44473463888063,69.95293426513672,1582400,0.0,0.0
2022-11-16 00:00:00-05:00,69.74369947050229,70.48110084637048,69.2354996605008,69.40489959716797,945200,0.0,0.0
2022-11-17 00:00:00-05:00,68.24895601527889,69.34508318448235,68.0098027935085,69.14579010009766,904900,0.0,0.0
2022-11-18 00:00:00-05:00,70.1522351953519,70.4113222779769,69.45469421944522,69.82339477539062,1038100,0.0,0.0
2022-11-21 00:00:00-05:00,69.55434228762715,70.41131613010114,69.27532136010069,70.28176879882812,810100,0.0,0.0
2022-11-22 00:00:00-05:00,70.79995898440424,71.18858586132271,70.3515380938905,70.81988525390625,888500,0.0,0.0
2022-11-23 00:00:00-05:00,70.92949036996546,71.24836386216992,70.53089660407394,70.89959716796875,705000,0.0,0.0
2022-11-25 00:00:00-05:00,71.08892504743012,71.24836559869024,70.63054486637319,71.22843933105469,298900,0.0,0.0
2022-11-28 00:00:00-05:00,70.34156630796701,70.60065340889737,69.11589935066807,69.39491271972656,1499500,0.0,0.0
2022-11-29 00:00:00-05:00,69.34508027737117,70.35152779717198,69.34508027737117,70.08248138427734,891200,0.0,0.0
2022-11-30 00:00:00-05:00,70.02269758997824,72.24485296420373,68.8169568183293,71.12879180908203,2289600,0.0,0.0
2022-12-01 00:00:00-05:00,71.4875110913726,71.94589122285386,70.55082456292962,70.61061096191406,888000,0.0,0.0
2022-12-02 00:00:00-05:00,69.4845979738974,71.08892480075782,69.42480396611036,71.049072265625,1105200,0.0,0.0
2022-12-05 00:00:00-05:00,70.38141053144197,70.70028396719408,69.37497076385893,69.65398406982422,1594300,0.0,0.0
2022-12-06 00:00:00-05:00,74.7460154978341,75.70263600713069,72.49396710576734,73.31108093261719,4541600,0.0,0.0
2022-12-07 00:00:00-05:00,73.10182639580951,73.59009982102188,72.29467944356433,72.31460571289062,1758300,0.0,0.0
2022-12-08 00:00:00-05:00,72.78307720907718,73.55058313882671,72.4242522551978,72.76314544677734,1450600,0.02,0.0
2022-12-09 00:00:00-05:00,72.72326186811561,73.02229148390492,71.35770444281508,71.4773178100586,1700900,0.0,0.0
2022-12-12 00:00:00-05:00,71.27797469982396,72.24482857204676,70.99888442838635,71.97570037841797,2034600,0.0,0.0
2022-12-13 00:00:00-05:00,73.59043826932965,73.59043826932965,71.23809538805662,71.69660186767578,1493300,0.0,0.0
2022-12-14 00:00:00-05:00,71.81622496593164,73.00235864404313,71.52716500607464,71.78631591796875,1520400,0.0,0.0
2022-12-15 00:00:00-05:00,71.02878812561345,71.25803759672542,69.44394317016034,69.50375366210938,1482000,0.0,0.0
2022-12-16 00:00:00-05:00,68.73625398769425,70.07191022700198,68.46713336588415,69.77288055419922,3002400,0.0,0.0
2022-12-19 00:00:00-05:00,69.8326665045277,70.44068778164254,68.76613875042501,69.0551986694336,1227700,0.0,0.0
2022-12-20 00:00:00-05:00,69.1848013566258,69.95229972840443,68.8459005397983,69.31437683105469,1522400,0.0,0.0
2022-12-21 00:00:00-05:00,69.8924829896752,71.09855596623609,69.6831652933768,70.85932922363281,1285800,0.0,0.0
2022-12-22 00:00:00-05:00,70.10181756113485,70.57029387237381,68.79606265851028,69.84265899658203,1289100,0.0,0.0
2022-12-23 00:00:00-05:00,69.66322444954552,70.38088945283378,69.49377788061332,70.1815414428711,657800,0.0,0.0
2022-12-27 00:00:00-05:00,70.32109873290355,70.8194764486445,69.87255422595244,70.52044677734375,792400,0.0,0.0
2022-12-28 00:00:00-05:00,70.75966231698173,70.8792757002861,69.63333147493252,69.71307373046875,908100,0.0,0.0
2022-12-29 00:00:00-05:00,70.20148442600397,71.25804273608185,69.91242444209504,70.98892211914062,944300,0.0,0.0
2022-12-30 00:00:00-05:00,70.60018342624754,70.90917515196583,69.79280641975546,70.57028198242188,1009200,0.0,0.0
2023-01-03 00:00:00-05:00,70.67994375199022,70.86932214618898,69.62337763727342,70.03205108642578,860300,0.0,0.0
2023-01-04 00:00:00-05:00,70.09184037910582,71.1683380508912,69.91242410047492,70.82943725585938,862700,0.0,0.0
2023-01-05 00:00:00-05:00,70.25133241009384,70.6898996678281,69.69314414762304,69.84265899658203,1053800,0.0,0.0
2023-01-06 00:00:00-05:00,70.39087729778602,71.8162379902606,70.39087729778602,71.61688232421875,1095300,0.0,0.0
2023-01-09 00:00:00-05:00,71.91589759280154,72.10527593174582,70.07190177855321,70.28121948242188,896800,0.0,0.0
2023-01-10 00:00:00-05:00,69.94233642180532,70.62013051262208,69.6333446290323,70.61016082763672,1072600,0.0,0.0
2023-01-11 00:00:00-05:00,70.899205469144,71.14839430721096,69.89248803869413,70.57028198242188,1596100,0.0,0.0
2023-01-12 00:00:00-05:00,70.86930539601926,71.5969401632897,70.51047285389136,71.20820617675781,781200,0.0,0.0
2023-01-13 00:00:00-05:00,70.03204152238841,70.61015391604664,69.63333781305668,70.0220718383789,1112500,0.0,0.0
2023-01-17 00:00:00-05:00,70.02207196681246,70.29119259843658,69.04524825739009,69.15489196777344,1686700,0.0,0.0
2023-01-18 00:00:00-05:00,69.6034167824331,69.90243877682015,68.02854175622338,68.10828399658203,2547600,0.0,0.0
2023-01-19 00:00:00-05:00,67.55010890668363,67.75943422903208,66.15465745529437,66.2044906616211,1596600,0.0,0.0
2023-01-20 00:00:00-05:00,66.61316513407827,67.91891227316177,66.41380949151272,67.62985229492188,1605700,0.0,0.0
2023-01-23 00:00:00-05:00,68.06842381348072,69.21469398774099,67.99865124311566,68.75618743896484,1277500,0.0,0.0
2023-01-24 00:00:00-05:00,71.18827842272304,71.18827842272304,67.7793763210993,69.37418365478516,1694600,0.0,0.0
2023-01-25 00:00:00-05:00,70.96897467694116,70.96897467694116,68.37741240476691,69.9223861694336,2455600,0.0,0.0
2023-01-26 00:00:00-05:00,70.89920827379237,71.9258727151388,69.72303660740339,71.88600158691406,1858100,0.0,0.0
2023-01-27 00:00:00-05:00,71.7863202884888,72.54385651890222,71.47732854915076,72.04547882080078,1265900,0.0,0.0
2023-01-30 00:00:00-05:00,71.92585381820807,72.2448151555657,70.29116840903231,70.37091064453125,1662900,0.0,0.0
2023-01-31 00:00:00-05:00,70.54037906414523,72.62360188583666,70.32109925548762,72.61363220214844,1900000,0.0,0.0
2023-02-01 00:00:00-05:00,72.16509502117545,74.43769619642971,72.0255498686346,74.30812072753906,2489100,0.0,0.0
2023-02-02 00:00:00-05:00,74.58722475786607,75.8531010473254,73.90943063309679,75.48430633544922,1899100,0.0,0.0
2023-02-03 00:00:00-05:00,74.91613614177166,75.86305068728889,73.97918367446503,74.19847106933594,1239900,0.0,0.0
2023-02-06 00:00:00-05:00,73.70010398499454,74.48754174128545,73.48081655860454,73.81970977783203,1079800,0.0,0.0
2023-02-07 00:00:00-05:00,73.68014586971735,74.90615816684945,73.43095705852001,74.78654479980469,1096300,0.0,0.0
2023-02-08 00:00:00-05:00,74.03899183889517,74.46759697633233,73.52068236333044,73.9891586303711,1014700,0.0,0.0
2023-02-09 00:00:00-05:00,74.52739332021865,74.88622585048168,73.57050910773049,73.6402816772461,1367500,0.0,0.0
2023-02-10 00:00:00-05:00,73.3811419723653,73.67020197726208,72.80302196257173,73.54061889648438,1167000,0.0,0.0
2023-02-13 00:00:00-05:00,73.92935501141815,74.62708843743016,73.71006758051841,74.5772476196289,983500,0.0,0.0
2023-02-14 00:00:00-05:00,74.19848469634388,74.97595279938943,73.82968240954276,74.34799194335938,1428000,0.0,0.0
2023-02-15 00:00:00-05:00,73.83963528733287,74.51742920321269,73.62034790210123,74.4576187133789,1244200,0.0,0.0
2023-02-16 00:00:00-05:00,73.54061478392396,74.70681681786121,73.39109994773293,74.30812072753906,907500,0.0,0.0
2023-02-17 00:00:00-05:00,74.25828423161867,74.70682116163115,73.86955019770362,74.56727600097656,1651500,0.0,0.0
2023-02-21 00:00:00-05:00,74.41775609260044,74.4775589785176,72.63356315122171,73.1219711303711,1714200,0.0,0.0
2023-02-22 00:00:00-05:00,73.13194717803,74.30811886615489,73.10203812782864,73.43096923828125,1334600,0.0,0.0
2023-02-23 00:00:00-05:00,73.80975471509343,74.38786717959653,72.71331747890798,73.5007553100586,1060100,0.0,0.0
2023-02-24 00:00:00-05:00,72.51397283309008,73.49079670664362,72.30465506118048,73.32134246826172,866100,0.0,0.0
2023-02-27 00:00:00-05:00,73.82966195568586,74.158593017275,72.73323268836126,72.82293701171875,1392000,0.0,0.0
2023-02-28 00:00:00-05:00,72.76313869488439,72.96248671794602,72.04547364443907,72.29466247558594,1794700,0.0,0.0
2023-03-01 00:00:00-05:00,72.07537275362789,73.40105911751688,71.82618393054977,72.95252227783203,2005100,0.0,0.0
2023-03-02 00:00:00-05:00,72.51394472049098,74.26823609663616,72.29465734789295,74.23833465576172,1159100,0.0,0.0
2023-03-03 00:00:00-05:00,74.64701592910876,74.84636397962124,74.07886562004344,74.35795593261719,1838400,0.0,0.0
2023-03-06 00:00:00-05:00,74.2582700869865,74.59716323984111,72.85284145927432,73.31135559082031,1494700,0.0,0.0
2023-03-07 00:00:00-05:00,73.40107455381977,73.85958117215105,72.80302277358942,72.9924087524414,1172200,0.0,0.0
2023-03-08 00:00:00-05:00,73.01233447461054,73.35122766699571,71.99564729281472,72.84288787841797,1081200,0.0,0.0
2023-03-09 00:00:00-05:00,73.30152413277501,73.30152413277501,70.47993956067928,70.79898834228516,1652600,0.02,0.0
2023-03-10 00:00:00-05:00,70.48988400019657,70.71920381136678,68.54568223760022,69.05416870117188,1593800,0.0,0.0
2023-03-13 00:00:00-04:00,67.7281372101396,67.79792889149428,66.32232356278021,66.93051147460938,1688200,0.0,0.0
2023-03-14 00:00:00-04:00,68.56562869112784,69.18378893810684,67.34926062844808,67.98735809326172,1196400,0.0,0.0
2023-03-15 00:00:00-04:00,66.41205384501069,66.541664782026,64.97633069834619,65.96339416503906,1617500,0.0,0.0
2023-03-16 00:00:00-04:00,65.30534712444995,67.70818873857587,65.17573619682116,67.259521484375,1253900,0.0,0.0
2023-03-17 00:00:00-04:00,66.72112003076303,67.02023150974716,65.57453617028507,65.99329376220703,3873400,0.0,0.0
2023-03-20 00:00:00-04:00,66.4419685332608,67.53869819522927,65.91354472564925,67.0401840209961,1684300,0.0,0.0
2023-03-21 00:00:00-04:00,68.3662310378627,69.19376636229435,68.2266476827444,68.49584197998047,1254800,0.0,0.0
2023-03-22 00:00:00-04:00,68.35625793004249,69.25358492291224,67.22961868754741,67.26950073242188,1292300,0.0,0.0
2023-03-23 00:00:00-04:00,67.30939319676065,68.09704658983459,66.7709969176953,67.139892578125,1312200,0.0,0.0
2023-03-24 00:00:00-04:00,66.4718762905816,67.70819688462711,66.06309863474323,67.5386962890625,1030000,0.0,0.0
2023-03-27 00:00:00-04:00,68.51579284667969,68.76504994661276,67.74807671912092,68.51579284667969,943700,0.0,0.0
2023-03-28 00:00:00-04:00,68.40611132576444,69.6424242707891,68.26652797423208,69.37322998046875,1208800,0.0,0.0
2023-03-29 00:00:00-04:00,70.04122047106631,70.33035951820172,69.67231735436522,70.15089416503906,1118800,0.0,0.0
2023-03-30 00:00:00-04:00,70.61950339718139,70.7989687626232,69.93155156186762,70.09107971191406,1430500,0.0,0.0
2023-03-31 00:00:00-04:00,70.60952748879667,70.69926397043332,69.9315480981217,70.42008972167969,1036200,0.0,0.0
2023-04-03 00:00:00-04:00,70.33037497686666,71.35731287640557,70.19079162780635,70.7192153930664,924400,0.0,0.0
2023-04-04 00:00:00-04:00,70.78900240699218,70.78900240699218,68.59554340326694,68.87471008300781,1301900,0.0,0.0
2023-04-05 00:00:00-04:00,68.35626249115391,68.5955547763676,67.40908858403206,67.6882553100586,1538200,0.0,0.0
2023-04-06 00:00:00-04:00,67.53869106332546,68.1568513125187,67.05014935404797,67.50878143310547,1564500,0.0,0.0
2023-04-10 00:00:00-04:00,67.41905077516135,68.25655082625474,67.40907836310882,68.19673156738281,1328300,0.0,0.0
2023-04-11 00:00:00-04:00,68.69525981688741,68.75507908807319,68.05716223516188,68.11698150634766,1130400,0.0,0.0
2023-04-12 00:00:00-04:00,68.55565187538443,68.70520760647001,67.09999181337363,67.46888732910156,1534800,0.0,0.0
2023-04-13 00:00:00-04:00,67.63840133658454,68.24658925412243,67.00030378485998,68.1568603515625,1956200,0.0,0.0
2023-04-14 00:00:00-04:00,67.7979188069535,68.52575275286803,67.7979188069535,68.38616180419922,1311700,0.0,0.0
2023-04-17 00:00:00-04:00,68.42603850527196,69.10401794469612,68.41607370071176,69.02426147460938,1235200,0.0,0.0
2023-04-18 00:00:00-04:00,69.42306546005301,69.89166989489773,69.01428788515331,69.13392639160156,1122700,0.0,0.0
2023-04-19 00:00:00-04:00,69.02426416705691,69.12396546359521,68.22663858130787,68.70521545410156,1066300,0.0,0.0
2023-04-20 00:00:00-04:00,68.26652574987912,68.73513024620712,68.15685203343122,68.54569244384766,1374000,0.0,0.0
2023-04-21 00:00:00-04:00,68.75506436383449,68.75506436383449,67.5087791028745,67.7281265258789,1322600,0.0,0.0
2023-04-24 00:00:00-04:00,67.71816376276547,68.12694903783267,67.45894186838996,67.79792785644531,1484800,0.0,0.0
2023-04-25 00:00:00-04:00,67.26949178239767,67.73809623892322,66.94047066100042,67.00028991699219,1230000,0.0,0.0
2023-04-26 00:00:00-04:00,66.70118744071196,66.80088873838018,65.14581829154628,65.36516571044922,1899200,0.0,0.0
2023-04-27 00:00:00-04:00,64.97632532483816,65.60445795291866,62.69313366000586,65.36516571044922,2498400,0.0,0.0
2023-04-28 00:00:00-04:00,65.40505179551597,67.2296153218892,65.40505179551597,66.74107360839844,2643500,0.0,0.0
2023-05-01 00:00:00-04:00,66.68124557383983,68.09703144770269,66.56160705402168,66.85074615478516,1642500,0.0,0.0
2023-05-02 00:00:00-04:00,66.63138687602985,67.30936625906993,65.68420565783187,67.1897201538086,2127100,0.0,0.0
2023-05-03 00:00:00-04:00,67.5885386583909,67.71814957843017,66.41204514657242,66.4519271850586,1233100,0.0,0.0
2023-05-04 00:00:00-04:00,66.16279205642543,66.16279205642543,64.2684369523357,65.16576385498047,1235500,0.0,0.0
2023-05-05 00:00:00-04:00,65.69419306251342,66.30238092464569,65.57454692994371,65.95342254638672,1283900,0.0,0.0
2023-05-08 00:00:00-04:00,66.46189838369274,66.55162726360865,65.17573119118502,65.51471710205078,1026100,0.0,0.0
2023-05-09 00:00:00-04:00,65.45490374309178,65.45490374309178,64.96636204831798,65.15579223632812,1030800,0.0,0.0
2023-05-10 00:00:00-04:00,65.67424321439569,65.67424321439569,63.97929089251966,64.58747863769531,1566300,0.0,0.0
2023-05-11 00:00:00-04:00,64.28837984188588,64.42796317735082,63.68018824540463,64.238525390625,1039600,0.0,0.0
2023-05-12 00:00:00-04:00,64.59745569909128,64.59745569909128,62.72304168464861,63.10191345214844,1796700,0.0,0.0
2023-05-15 00:00:00-04:00,63.33122641471064,64.1388205582628,63.16172965716296,63.94938278198242,1186500,0.0,0.0
2023-05-16 00:00:00-04:00,63.670220188016046,63.799834916366564,63.03212276130687,63.042091369628906,902300,0.0,0.0
2023-05-17 00:00:00-04:00,63.63033919133118,64.28838145219547,63.351172513408684,64.21858978271484,1097200,0.0,0.0
2023-05-18 00:00:00-04:00,64.29833782112559,65.20563701205396,64.11887246504747,65.08599090576172,1027000,0.0,0.0
2023-05-19 00:00:00-04:00,65.574544013511,65.72409977089109,64.1886753681176,64.27841186523438,1253500,0.0,0.0
2023-05-22 00:00:00-04:00,64.1886742500553,64.6971607736019,63.44090688626242,64.5775146484375,835200,0.0,0.0
2023-05-23 00:00:00-04:00,64.19865348435738,64.69716764876874,63.70013931994602,63.779903411865234,1169100,0.0,0.0
2023-05-24 00:00:00-04:00,62.31426553417064,62.7828700280631,61.92542512577516,62.0849494934082,1574000,0.0,0.0
2023-05-25 00:00:00-04:00,62.39402487231514,62.583458855915694,61.716045410619685,62.33420181274414,1463500,0.0,0.0
2023-05-26 00:00:00-04:00,62.36411875091779,62.84269187350028,62.2544450305291,62.623348236083984,889400,0.0,0.0
2023-05-30 00:00:00-04:00,62.723050817009074,63.01218993965603,62.23450527173108,62.892547607421875,798600,0.0,0.0
2023-05-31 00:00:00-04:00,62.5635240977951,62.71307986001074,61.08792271093569,61.68613815307617,1968700,0.0,0.0
2023-06-01 00:00:00-04:00,62.0350956487379,62.52363733549868,61.68613349769089,62.12482833862305,964000,0.0,0.0
2023-06-02 00:00:00-04:00,62.76293151769632,64.23853292817776,62.73301808275772,63.85966491699219,1093000,0.0,0.0
2023-06-05 00:00:00-04:00,63.8297397525634,63.8297397525634,62.703100664952764,63.10191345214844,1178700,0.0,0.0
2023-06-06 00:00:00-04:00,62.87260689867383,63.86963141008371,62.86263448564385,63.4109992980957,1021300,0.0,0.0
2023-06-07 00:00:00-04:00,63.56055185642012,65.56458079777529,63.2913537686249,65.49478912353516,1244100,0.0,0.0
2023-06-08 00:00:00-04:00,65.30530993182583,65.76408178948888,64.60717288917674,65.03602600097656,851800,0.02,0.0
2023-06-09 00:00:00-04:00,65.20553988667245,65.82388824275147,64.91631279797598,65.11578369140625,1057500,0.0,0.0
2023-06-12 00:00:00-04:00,65.1656562624151,65.73414269398776,64.68694125872142,65.54464721679688,1131400,0.0,0.0
2023-06-13 00:00:00-04:00,65.67429681338005,66.3125885499041,65.45488260225534,65.92362976074219,921600,0.0,0.0
2023-06-14 00:00:00-04:00,66.10313988451729,66.40234242014442,64.82655660270977,65.11578369140625,933000,0.0,0.0
2023-06-15 00:00:00-04:00,65.0759023398456,66.26272966032269,64.8265693806891,66.25275421142578,1035300,0.0,0.0
2023-06-16 00:00:00-04:00,66.53200927783571,66.87110607616235,65.79398581188498,66.46219635009766,2972200,0.0,0.0
2023-06-20 00:00:00-04:00,65.93360528988684,65.9635240261609,65.20554973472149,65.88373565673828,1055600,0.0,0.0
2023-06-21 00:00:00-04:00,65.604490485587,66.58187908544856,65.37510841202254,66.38240814208984,967300,0.0,0.0
2023-06-22 00:00:00-04:00,65.97350461005149,66.32256924214988,65.235481158038,65.2753677368164,1032900,0.0,0.0
2023-06-23 00:00:00-04:00,64.55729636231514,64.94625518933425,64.24811830334829,64.73681640625,1428200,0.0,0.0
2023-06-26 00:00:00-04:00,64.74679109206873,65.1557008611124,64.44759605990338,65.07591247558594,792800,0.0,0.0
2023-06-27 00:00:00-04:00,65.04599482088132,66.32257857449292,64.83655601215186,66.26274108886719,818100,0.0,0.0
2023-06-28 00:00:00-04:00,66.01340808670744,66.37244821854063,65.48482333957507,66.26274108886719,1050500,0.0,0.0
2023-06-29 00:00:00-04:00,66.31259733657869,67.33984799837934,66.27270314663009,67.15036010742188,898600,0.0,0.0
2023-06-30 00:00:00-04:00,67.69889507886069,68.06791066715296,67.23015541897311,67.4495620727539,1068300,0.0,0.0
2023-07-03 00:00:00-04:00,67.20023191508331,67.99810061206031,67.03068728991363,67.85847473144531,587800,0.0,0.0
2023-07-05 00:00:00-04:00,67.2201581203814,67.32986521613466,66.67162264161502,66.9708251953125,800200,0.0,0.0
2023-07-06 00:00:00-04:00,67.3198938578362,67.4495442474941,66.2527491780809,66.84117126464844,1102300,0.0,0.0
2023-07-07 00:00:00-04:00,66.84118159089971,68.13771612392938,66.82123830057805,67.34982299804688,1259600,0.0,0.0
2023-07-10 00:00:00-04:00,67.04066274111179,68.08785684572433,66.83122392018929,67.85847473144531,838500,0.0,0.0
2023-07-11 00:00:00-04:00,68.02799058776785,68.95550932191662,67.80857640843682,68.88569641113281,729700,0.0,0.0
2023-07-12 00:00:00-04:00,69.54395177336134,69.61376469701901,68.29728698730469,68.29728698730469,805300,0.0,0.0
2023-07-13 00:00:00-04:00,68.30725766280378,68.92560616161177,68.07787559370803,68.74608612060547,762600,0.0,0.0
2023-07-14 00:00:00-04:00,68.49675653801506,68.49675653801506,66.92097027898072,67.21019744873047,989200,0.0,0.0
2023-07-17 00:00:00-04:00,67.28001023974464,67.43958699887912,66.86113266057463,67.27003479003906,821000,0.0,0.0
2023-07-18 00:00:00-04:00,67.31989580536047,68.38704051598765,66.94091246452462,67.74874877929688,1068500,0.0,0.0
2023-07-19 00:00:00-04:00,67.67893985066888,67.97814244884624,66.91099006623148,67.65898895263672,988400,0.0,0.0
2023-07-20 00:00:00-04:00,68.07787740062415,68.49675497107721,67.61910564121766,67.9083251953125,1026200,0.0,0.0
2023-07-21 00:00:00-04:00,68.09782941043945,68.30726822248441,67.28001745477077,67.4495620727539,1024500,0.0,0.0
2023-07-24 00:00:00-04:00,67.37974455608143,68.04796274990358,67.37974455608143,67.79862976074219,953100,0.0,0.0
2023-07-25 00:00:00-04:00,67.24011082723494,67.96816641841824,66.86112746728524,67.93824768066406,1232300,0.0,0.0
2023-07-26 00:00:00-04:00,67.99808455897583,68.62640087340954,67.8385078136376,68.21749877929688,1444200,0.0,0.0
2023-07-27 00:00:00-04:00,72.30657036267245,77.1436290651261,72.1769199412763,76.31584167480469,4593200,0.0,0.0
2023-07-28 00:00:00-04:00,76.70478543496517,77.00398038241237,75.34841370123411,76.17619323730469,2041800,0.0,0.0
2023-07-31 00:00:00-04:00,76.65492437020208,77.79188203741042,76.17620174814901,77.56249237060547,1917500,0.0,0.0
2023-08-01 00:00:00-04:00,77.26330464834368,77.9215397553378,76.92420784064957,77.72207641601562,1222700,0.0,0.0
2023-08-02 00:00:00-04:00,77.41290844307338,77.53258340689396,76.5252836192224,76.60506439208984,1477100,0.0,0.0
2023-08-03 00:00:00-04:00,76.52528155249935,77.54255676269531,75.82714464323193,77.54255676269531,1284600,0.0,0.0
2023-08-04 00:00:00-04:00,77.79188023975104,79.24798375166698,77.68217313325401,78.42019653320312,1877000,0.0,0.0
2023-08-07 00:00:00-04:00,78.7892213905607,79.88628497672279,78.7892213905607,79.38761901855469,1392000,0.0,0.0
2023-08-08 00:00:00-04:00,78.7892168491928,78.7892168491928,77.53257657651041,77.97140502929688,1311000,0.0,0.0
2023-08-09 00:00:00-04:00,78.16089687228903,78.6495873298047,77.53257296073099,77.88163757324219,900800,0.0,0.0
2023-08-10 00:00:00-04:00,77.96142675465647,78.54985648675198,77.19348459915057,77.50265502929688,1084800,0.0,0.0
2023-08-11 00:00:00-04:00,77.4827219571633,78.21077002267194,76.79456047386864,78.05120086669922,753200,0.0,0.0
2023-08-14 00:00:00-04:00,77.84175578991241,78.01130038228095,77.37300859180313,77.43284606933594,655100,0.0,0.0
2023-08-15 00:00:00-04:00,76.85440294175433,77.21344307728248,75.80720888733009,75.85707092285156,1310100,0.0,0.0
2023-08-16 00:00:00-04:00,75.6576009743689,76.21610442142695,75.34843051032446,75.3982925415039,1057500,0.0,0.0
2023-08-17 00:00:00-04:00,75.91690750230111,76.12634628969258,74.5206413106528,74.5306167602539,1000900,0.0,0.0
2023-08-18 00:00:00-04:00,73.82248826932155,75.28856706954818,73.58313079449995,75.04920959472656,992900,0.0,0.0
2023-08-21 00:00:00-04:00,75.04921661117558,75.73737797579136,74.7998836656235,75.34841918945312,762100,0.0,0.0
2023-08-22 00:00:00-04:00,75.5279472540628,75.98671900962732,74.83978581619678,75.16890716552734,807400,0.0,0.0
2023-08-23 00:00:00-04:00,75.3584018281412,75.69749865738564,74.80987380562571,75.54789733886719,716400,0.0,0.0
2023-08-24 00:00:00-04:00,75.3683746021089,76.48538911713696,74.99935904407239,75.03925323486328,1193600,0.0,0.0
2023-08-25 00:00:00-04:00,75.50798516109003,75.63763554810316,74.4508159510391,75.01929473876953,960900,0.0,0.0
2023-08-28 00:00:00-04:00,75.23871440184621,76.38563989947802,75.23871440184621,76.05652618408203,1001100,0.0,0.0
2023-08-29 00:00:00-04:00,75.67754134147057,76.86436872965838,75.4681025569148,76.7347183227539,1205400,0.0,0.0
2023-08-30 00:00:00-04:00,76.73472073594809,77.5724759005173,76.73472073594809,77.363037109375,939600,0.0,0.0
2023-08-31 00:00:00-04:00,77.53257376653194,77.83177635695853,77.29321625961344,77.50265502929688,1433100,0.0,0.0
2023-09-01 00:00:00-04:00,78.08111205898413,78.45012758561792,77.67220234495439,78.01129913330078,629100,0.0,0.0
2023-09-05 00:00:00-04:00,77.83178582428371,77.99135497862645,76.63498292603826,76.70480346679688,844300,0.0,0.0
2023-09-06 00:00:00-04:00,76.75465600868283,77.26329736777505,75.45812920718384,75.77727508544922,1037200,0.0,0.0
2023-09-07 00:00:00-04:00,75.68752761094196,75.79723474363617,74.41094382217968,75.29856872558594,1680800,0.0,0.0
2023-09-08 00:00:00-04:00,75.2786175794422,75.87701521686708,74.89962657547672,75.3982925415039,1322200,0.0,0.0
2023-09-11 00:00:00-04:00,75.73738472810926,76.0764739119533,74.91957289814847,75.76730346679688,1086600,0.0,0.0
2023-09-12 00:00:00-04:00,75.21876105757862,76.01662952557709,75.05919192940149,75.40825653076172,832300,0.0,0.0
2023-09-13 00:00:00-04:00,75.41824718554797,75.78725514894366,74.76000442537324,75.42821502685547,1032700,0.0,0.0
2023-09-14 00:00:00-04:00,75.68759679469945,76.07665855145838,75.22870363572872,75.9968490600586,970300,0.02,0.0
2023-09-15 00:00:00-04:00,75.56787082827235,76.42580370002524,75.36835474179296,76.02676391601562,4906100,0.0,0.0
2023-09-18 00:00:00-04:00,76.02676229713688,76.87471706319461,75.65764917285381,75.94695281982422,1036100,0.0,0.0
2023-09-19 00:00:00-04:00,75.8870962913189,76.08661236506823,74.7697864895917,75.4581298828125,1287500,0.0,0.0
2023-09-20 00:00:00-04:00,77.28374290937518,80.40621482403367,77.1540505925825,79.1791763305664,3686700,0.0,0.0
2023-09-21 00:00:00-04:00,78.59059133319312,78.6404741647113,77.54312037077464,77.73265838623047,1931300,0.0,0.0
2023-09-22 00:00:00-04:00,77.73265864489501,78.26138317212062,77.43338448794451,77.60297393798828,1401100,0.0,0.0
2023-09-25 00:00:00-04:00,77.25381313736814,79.05945891167573,76.8348171606298,78.69034576416016,1690900,0.0,0.0
2023-09-26 00:00:00-04:00,78.23145904147896,79.18915007451089,77.80249255273063,77.82244873046875,1643900,0.0,0.0
2023-09-27 00:00:00-04:00,78.3212471314927,79.46848380528193,77.95213395144084,78.75021362304688,1894400,0.0,0.0
2023-09-28 00:00:00-04:00,78.83998760331247,79.53830916570124,78.42099923250996,78.50080871582031,1367300,0.0,0.0
2023-09-29 00:00:00-04:00,78.84996318033619,79.11931066411661,77.76257993525363,77.9521255493164,1700100,0.0,0.0
2023-10-02 00:00:00-04:00,77.60296959766771,78.3312101887966,76.8148680896555,77.10417175292969,1394900,0.0,0.0
2023-10-03 00:00:00-04:00,76.70513832057661,77.05429531865903,75.90705865834387,76.23626708984375,1247300,0.0,0.0
2023-10-04 00:00:00-04:00,76.07664281578491,76.3360121926083,74.96931108757218,75.927001953125,1284700,0.0,0.0
2023-10-05 00:00:00-04:00,75.75742602437143,76.2761724814896,74.93939778861275,75.3184814453125,1118300,0.0,0.0
2023-10-06 00:00:00-04:00,75.0491277880549,77.58301416590542,74.92941356419102,76.7151107788086,1037400,0.0,0.0
2023-10-09 00:00:00-04:00,76.95453135265436,79.18914357978983,76.71511051679549,79.0195541381836,1028600,0.0,0.0
2023-10-10 00:00:00-04:00,79.3786959616124,79.51835876201878,78.72028670413253,78.87989807128906,1196500,0.0,0.0
2023-10-11 00:00:00-04:00,78.66041399760023,79.59815632646075,78.15163809459605,79.56822967529297,1113900,0.0,0.0
2023-10-12 00:00:00-04:00,79.6779703474088,79.6779703474088,77.12412021039385,78.09178924560547,1086200,0.0,0.0
2023-10-13 00:00:00-04:00,78.48085978720272,78.99961386557592,77.45333733060633,78.10177612304688,1202200,0.0,0.0
2023-10-16 00:00:00-04:00,78.81005925172643,79.44851988235,78.1217157923459,79.07940673828125,987800,0.0,0.0
2023-10-17 00:00:00-04:00,78.51077926367391,81.19431415675508,78.50080878653957,79.68794250488281,1894500,0.0,0.0
2023-10-18 00:00:00-04:00,79.47844379782865,79.84755692918459,78.23144923236359,78.33120727539062,1842300,0.0,0.0
2023-10-19 00:00:00-04:00,78.18156730257323,78.64046034993108,76.96449949342629,77.15403747558594,1158000,0.0,0.0
2023-10-20 00:00:00-04:00,77.41343145898806,77.92220744086106,75.61776361110682,75.71752166748047,1332000,0.0,0.0
2023-10-23 00:00:00-04:00,75.62772586114158,75.97689043704,74.7697929697731,74.78974914550781,1176300,0.0,0.0
2023-10-24 00:00:00-04:00,75.53795289155761,76.12653074231427,74.849609375,74.849609375,1420500,0.0,0.0
2023-10-25 00:00:00-04:00,74.97930836881676,75.33843587566379,73.99168298906719,74.18122863769531,2571500,0.0,0.0
2023-10-26 00:00:00-04:00,74.70993887482005,77.0742433450211,74.70993887482005,75.83721923828125,2451500,0.0,0.0
2023-10-27 00:00:00-04:00,75.61774184801723,76.37590894709493,74.37074747460699,75.06906127929688,1662800,0.0,0.0
2023-10-30 00:00:00-04:00,75.53795784053547,76.07666050473726,75.27858079235264,75.61776733398438,1504500,0.0,0.0
2023-10-31 00:00:00-04:00,75.62773037543765,75.92701214091473,75.02917445553497,75.81727600097656,1620800,0.0,0.0
2023-11-01 00:00:00-04:00,76.11654894162008,76.11654894162008,75.21871136033423,75.80728912353516,1228600,0.0,0.0
2023-11-02 00:00:00-04:00,76.316075706204,77.29372290071483,76.2462443073855,77.28374481201172,1103200,0.0,0.0
2023-11-03 00:00:00-04:00,77.93218169495417,78.49083287199818,77.30369150972821,77.3336181640625,1387400,0.0,0.0
2023-11-06 00:00:00-05:00,77.51318847451596,77.52316656333488,76.93458871089746,77.42340850830078,878100,0.0,0.0
2023-11-07 00:00:00-05:00,77.17399713703422,77.25380661262962,76.58541176833128,76.85476684570312,769100,0.0,0.0
2023-11-08 00:00:00-05:00,77.00440280860879,77.00440280860879,75.36834671828514,75.95692443847656,991700,0.0,0.0
2023-11-09 00:00:00-05:00,76.405854236379,76.405854236379,74.26102947964219,74.69996643066406,1735200,0.0,0.0
2023-11-10 00:00:00-05:00,75.2486529095164,75.96692311675382,74.8396349705415,75.93699645996094,1295700,0.0,0.0
2023-11-13 00:00:00-05:00,75.80729074167523,76.3360152144265,75.31847100794964,75.88710021972656,1448300,0.0,0.0
2023-11-14 00:00:00-05:00,76.65523830870372,77.46329587866367,76.56545836262484,76.94454193115234,1583000,0.0,0.0
2023-11-15 00:00:00-05:00,77.01439358475785,77.8523780239623,76.84480412349635,77.38350677490234,1240000,0.0,0.0
2023-11-16 00:00:00-05:00,77.27377220722124,77.56307591172953,76.38591252592614,76.60538482666016,1159000,0.0,0.0
2023-11-17 00:00:00-05:00,77.07423493585358,77.47327468123088,76.86474078201677,77.21389770507812,876400,0.0,0.0
2023-11-20 00:00:00-05:00,77.17401408995916,77.89228430600018,76.93459322162954,77.79252624511719,1087500,0.0,0.0
2023-11-21 00:00:00-05:00,77.47328807337063,77.96210785015458,77.4633099849726,77.5929946899414,751500,0.0,0.0
2023-11-22 00:00:00-05:00,77.65285166390181,78.08181815265014,77.17400995291173,77.82244873046875,892000,0.0,0.0
2023-11-24 00:00:00-05:00,78.0119772170638,78.33120752238743,77.82243921803001,78.20152282714844,304700,0.0,0.0
2023-11-27 00:00:00-05:00,77.98205930949202,77.98205930949202,76.81487408830908,77.02436828613281,1015100,0.0,0.0
2023-11-28 00:00:00-05:00,77.21391261443672,77.29372210113274,76.48566436767578,76.48566436767578,555800,0.0,0.0
2023-11-29 00:00:00-05:00,76.72508625936607,76.77496147599261,73.9517639169889,74.65008544921875,2346100,0.0,0.0
2023-11-30 00:00:00-05:00,74.84959936165183,76.57544316103255,74.43061102112611,76.4756851196289,1977100,0.0,0.0
2023-12-01 00:00:00-05:00,76.46571810488804,78.20153263203045,76.2362677264882,77.69275665283203,1336700,0.0,0.0
2023-12-04 00:00:00-05:00,77.16402273624415,77.47328256618822,76.47568690673826,77.08421325683594,1496000,0.0,0.0
2023-12-05 00:00:00-05:00,76.8547591595001,76.92459054089966,76.12651108686217,76.19634246826172,1200100,0.0,0.0
2023-12-06 00:00:00-05:00,76.42580643994003,77.15404703164349,76.29612174018423,76.44575500488281,863200,0.0,0.0
2023-12-07 00:00:00-05:00,76.49565508559606,76.6452959950937,75.54794201053237,76.06668853759766,1098800,0.0,0.0
2023-12-08 00:00:00-05:00,76.31607341501163,76.48566286261487,75.51799378585892,75.74744415283203,1123800,0.0,0.0
2023-12-11 00:00:00-05:00,75.82725596740211,76.97449261540844,75.62773224845877,76.95453643798828,1085000,0.0,0.0
2023-12-12 00:00:00-05:00,77.13409169464556,77.68277232053882,76.70512528105188,77.24382781982422,817400,0.0,0.0
2023-12-13 00:00:00-05:00,77.16403670436883,78.81007136263429,76.82485777206256,78.5905990600586,1891400,0.0,0.0
2023-12-14 00:00:00-05:00,79.02964333209451,79.6183782423943,78.57063367325928,79.44874572753906,1311500,0.02,0.0
2023-12-15 00:00:00-05:00,78.92986039439486,79.55851018462775,78.57063411797158,79.16934204101562,2118500,0.0,0.0
2023-12-18 00:00:00-05:00,79.41879135188843,79.75806394114697,78.81011051874609,79.42877197265625,1037600,0.0,0.0
2023-12-19 00:00:00-05:00,79.4587107733281,79.85785188409007,78.31119054773971,79.83789825439453,1182400,0.0,0.0
2023-12-20 00:00:00-05:00,79.7580699175489,80.79583377865542,79.06955167965525,79.10946655273438,1501800,0.0,0.0
2023-12-21 00:00:00-05:00,79.7480872463275,79.95763461486938,78.87996352136592,79.89776611328125,994400,0.0,0.0
2023-12-22 00:00:00-05:00,79.9875802718787,81.00538291206104,79.8678356500404,80.25699615478516,835000,0.0,0.0
2023-12-26 00:00:00-05:00,80.27693139560132,80.83573188985415,79.92768584480707,80.55633544921875,678800,0.0,0.0
2023-12-27 00:00:00-05:00,80.32684483459924,80.8157887150005,80.20710021342632,80.53639221191406,899500,0.0,0.0
2023-12-28 00:00:00-05:00,80.66612723839957,80.8956359085647,80.28694727571951,80.57632446289062,604000,0.0,0.0
2023-12-29 00:00:00-05:00,80.41664941417518,80.77587567285562,80.11729927393075,80.24701690673828,661600,0.0,0.0
2024-01-02 00:00:00-05:00,80.24701553305269,81.41449704728696,79.89776990225403,80.25699615478516,1322600,0.0,0.0
2024-01-03 00:00:00-05:00,79.81793133946132,80.20709180122815,78.27127011302431,78.33113861083984,1359800,0.0,0.0
2024-01-04 00:00:00-05:00,78.33114084036639,79.27909427668075,78.33114084036639,78.48081970214844,1091500,0.0,0.0
2024-01-05 00:00:00-05:00,78.30121345997505,78.89992134664473,77.88211870060464,78.4309310913086,1500600,0.0,0.0
2024-01-08 00:00:00-05:00,77.94198530047142,78.64047654901759,77.46301443505143,78.61054229736328,757300,0.0,0.0
2024-01-09 00:00:00-05:00,78.11162355533955,78.12160417762068,77.58276476920253,78.07170867919922,655300,0.0,0.0
2024-01-10 00:00:00-05:00,78.29122830783201,78.50077567539167,77.70250107701916,78.02181243896484,697400,0.0,0.0
2024-01-11 00:00:00-05:00,77.92202897843046,78.03179298341736,76.95412179088504,77.91205596923828,1014500,0.0,0.0
2024-01-12 00:00:00-05:00,78.52074076607855,79.33897664697713,78.30121276654755,79.2092514038086,1029600,0.0,0.0
2024-01-16 00:00:00-05:00,78.83007199275448,78.96977024547509,76.93415734628135,77.38319396972656,1483100,0.0,0.0
2024-01-17 00:00:00-05:00,76.83437770649003,78.16151878490015,76.81442407498061,76.9142074584961,917700,0.0,0.0
2024-01-18 00:00:00-05:00,77.32330823884915,78.2513080096809,76.98404327098821,78.17147827148438,923600,0.0,0.0
2024-01-19 00:00:00-05:00,78.33115203081427,78.64048280650074,77.67256799008072,78.62052917480469,1270500,0.0,0.0
2024-01-22 00:00:00-05:00,78.83007005416408,79.59841042523239,78.74026729947374,79.10946655273438,1077100,0.0,0.0
2024-01-23 00:00:00-05:00,79.528554384729,80.15720406482795,78.58060097373115,79.15935516357422,1568800,0.0,0.0
2024-01-24 00:00:00-05:00,82.34249329486988,86.1642566603857,81.93337917770903,85.36598205566406,3259000,0.0,0.0
2024-01-25 00:00:00-05:00,86.1343375728018,86.35386560196613,84.79722337768776,85.97468566894531,1862900,0.0,0.0
2024-01-26 00:00:00-05:00,86.30395492664717,86.46361441541876,84.32821823749103,84.64752960205078,1461300,0.0,0.0
2024-01-29 00:00:00-05:00,84.67747911939878,85.69528189837469,84.54776147112273,85.58551788330078,1377600,0.0,0.0
2024-01-30 00:00:00-05:00,85.49571391195262,86.36384539724041,85.3759692754694,85.81502532958984,1096300,0.0,0.0
2024-01-31 00:00:00-05:00,85.81501235374705,85.85492722653937,84.50783262497843,84.52778625488281,1296300,0.0,0.0
2024-02-01 00:00:00-05:00,84.8371028806964,85.7451489563543,84.10867750919587,85.62540435791016,1060900,0.0,0.0
2024-02-02 00:00:00-05:00,85.23627100606465,86.32393051841267,85.03670422491065,85.81502532958984,922200,0.0,0.0
2024-02-05 00:00:00-05:00,85.28616037833046,85.57553751929552,84.42800957767108,85.08658599853516,915600,0.0,0.0
2024-02-06 00:00:00-05:00,85.70524892153507,86.21415403676104,85.18637079778298,85.90481567382812,851000,0.0,0.0
2024-02-07 00:00:00-05:00,86.3638384752115,87.78078230159763,86.04452708316695,87.5213394165039,1779800,0.0,0.0
2024-02-08 00:00:00-05:00,87.56126321751937,88.21984731304627,86.83282998576854,87.40160369873047,1246700,0.0,0.0
2024-02-09 00:00:00-05:00,87.3916234322324,87.81071821477761,86.81286914415514,87.01243591308594,977300,0.0,0.0
2024-02-12 00:00:00-05:00,86.89269222355152,87.97037096417414,86.71307910011441,87.28185272216797,808200,0.0,0.0
2024-02-13 00:00:00-05:00,86.61330768017527,86.79292082840774,84.87704470959969,85.81502532958984,1302800,0.0,0.0
2024-02-14 00:00:00-05:00,86.60331335591442,86.76296523298252,85.83496538276216,86.13432312011719,1321400,0.0,0.0
2024-02-15 00:00:00-05:00,86.30394786109471,86.80287230318473,85.97466351518226,86.02455139160156,1949200,0.0,0.0
2024-02-16 00:00:00-05:00,86.01458141146256,86.82284428446195,85.37595865562587,85.50568389892578,1096600,0.0,0.0
2024-02-20 00:00:00-05:00,84.67746779443442,85.26619505747045,84.23841179285922,84.3980712890625,1076200,0.0,0.0
2024-02-21 00:00:00-05:00,84.17853904195641,85.38593537239828,83.81931280660372,85.03668975830078,1024700,0.0,0.0
2024-02-22 00:00:00-05:00,85.41586281107303,85.86489937594392,85.15641997001315,85.19633483886719,1048800,0.0,0.0
2024-02-23 00:00:00-05:00,85.22630211025,85.95472774831184,85.05666196379684,85.78509521484375,922700,0.0,0.0
2024-02-26 00:00:00-05:00,85.81500973665233,86.96253755223911,85.68529211377091,86.92262268066406,1098600,0.0,0.0
2024-02-27 00:00:00-05:00,87.05234703792051,87.54129854280266,86.67316714809918,87.4814224243164,1027500,0.0,0.0
2024-02-28 00:00:00-05:00,87.57122717639491,88.07015165819048,87.14215181753138,87.41156768798828,950400,0.0,0.0
2024-02-29 00:00:00-05:00,87.85063462612841,89.09794598620012,87.55127685451745,88.87841796875,1659000,0.0,0.0
2024-03-01 00:00:00-05:00,88.87841834947064,89.29751314113372,88.01028689846761,88.4892578125,1105800,0.0,0.0
2024-03-04 00:00:00-05:00,88.48925149723637,89.69664789923071,88.14997887130475,89.19772338867188,759300,0.0,0.0
2024-03-05 00:00:00-05:00,88.98817526514266,90.11574190892132,88.78860850777815,89.1478271484375,773900,0.0,0.0
2024-03-06 00:00:00-05:00,89.39729392887182,90.64460525802552,89.15781228530987,90.38516998291016,863600,0.0,0.0
2024-03-07 00:00:00-05:00,90.58473443632518,91.08365895524125,89.88624315503627,90.12572479248047,873900,0.0,0.0
2024-03-08 00:00:00-05:00,93.01949079641366,93.24899181744865,91.40297257497446,91.93183135986328,1155800,0.0,0.0
2024-03-11 00:00:00-04:00,91.40297092482594,91.79213144301968,90.53484712869404,91.61251831054688,1104800,0.0,0.0
2024-03-12 00:00:00-04:00,91.33310997537438,91.77216593414579,90.66455302941469,91.53268432617188,769500,0.0,0.0
2024-03-13 00:00:00-04:00,91.56263765889722,92.37089301237903,91.3730438893705,92.0016860961914,1339500,0.0,0.0
2024-03-14 00:00:00-04:00,91.97173580711866,92.36098073642678,91.5924660501059,92.07154083251953,1031200,0.02,0.0
2024-03-15 00:00:00-04:00,91.4627304462656,92.95982883761386,91.4627304462656,92.73027801513672,2381300,0.0,0.0
2024-03-18 00:00:00-04:00,93.09955163786772,93.5287201213572,92.71030668942792,92.93986511230469,1059000,0.0,0.0
2024-03-19 00:00:00-04:00,93.24925257772193,94.06766591826093,93.02967696678601,93.95787811279297,1039800,0.0,0.0
2024-03-20 00:00:00-04:00,94.01777876887796,95.32524991474261,93.4788300326035,94.8062515258789,982400,0.0,0.0
2024-03-21 00:00:00-04:00,95.06573921401487,95.97398247727878,94.62658795576546,95.22543334960938,749500,0.0,0.0
2024-03-22 00:00:00-04:00,95.5248451129609,95.74442073445663,95.08569386996945,95.6645736694336,1149500,0.0,0.0
2024-03-25 00:00:00-04:00,95.65459116929337,95.77436176718683,95.22543032643777,95.53482818603516,885000,0.0,0.0
2024-03-26 00:00:00-04:00,95.63463210146695,96.39316398339363,95.36515777762511,95.77436065673828,954300,0.0,0.0
2024-03-27 00:00:00-04:00,96.14365169418637,96.61274369875598,95.81428825081169,96.06380462646484,1382900,0.0,0.0
2024-03-28 00:00:00-04:00,96.25343844540532,96.41312496444895,95.65459305874435,95.74442291259766,1438100,0.0,0.0
2024-04-01 00:00:00-04:00,95.72446391278692,95.88415043009493,94.95594922842143,95.14558410644531,787900,0.0,0.0
2024-04-02 00:00:00-04:00,94.8062511664013,94.8062511664013,93.86807466101274,93.94791412353516,1016300,0.0,0.0
2024-04-03 00:00:00-04:00,94.07766231259356,94.73638162604807,93.94790891574401,94.1774673461914,1000500,0.0,0.0
2024-04-04 00:00:00-04:00,95.28530583809574,96.03385489502269,94.78627313347778,95.31524658203125,1618200,0.0,0.0
2024-04-05 00:00:00-04:00,95.58473303839304,96.50295911869493,95.55479229065286,96.4630355834961,926800,0.0,0.0
2024-04-08 00:00:00-04:00,96.81235450517778,97.15169312367601,96.43309235250877,96.79239654541016,926100,0.0,0.0
2024-04-09 00:00:00-04:00,96.76244138734162,97.13172834150637,95.20546173721941,96.1236801147461,910700,0.0,0.0
2024-04-10 00:00:00-04:00,95.15556386774938,95.95401933670225,94.39703954834341,95.45498657226562,1111900,0.0,0.0
2024-04-11 00:00:00-04:00,95.42504871378405,95.42504871378405,93.67843398537622,94.43696594238281,1235900,0.0,0.0
2024-04-12 00:00:00-04:00,93.93793052916259,94.90604769804345,93.4987792587916,93.77823638916016,943300,0.0,0.0
2024-04-15 00:00:00-04:00,94.87610539471896,95.21545162934184,92.72028784248612,92.87997436523438,1121500,0.0,0.0
2024-04-16 00:00:00-04:00,92.88995441327141,93.32910566349138,92.35099813744745,93.05962371826172,1018800,0.0,0.0
2024-04-17 00:00:00-04:00,93.61855203114321,93.6584679524322,91.63239609571919,92.03162384033203,927600,0.0,0.0
2024-04-18 00:00:00-04:00,92.15139303908974,93.33908585249209,92.08152875594843,92.40090942382812,810300,0.0,0.0
2024-04-19 00:00:00-04:00,92.86001530248315,93.60856442964936,92.46078757840073,93.11951446533203,1272100,0.0,0.0
2024-04-22 00:00:00-04:00,93.39897288845405,94.20740352036826,92.86001659563273,93.5886001586914,1028900,0.0,0.0
2024-04-23 00:00:00-04:00,94.03773323665608,95.46496721547403,94.00779248980407,95.0956802368164,1068500,0.0,0.0
2024-04-24 00:00:00-04:00,95.53482359044291,95.67455214061285,93.44886289496053,93.82813262939453,1521900,0.0,0.0
2024-04-25 00:00:00-04:00,84.59604260401349,86.09314100783455,81.86133737049558,84.73577117919922,5138100,0.0,0.0
2024-04-26 00:00:00-04:00,84.34651284874673,87.04128650310514,84.15687797760413,86.34264373779297,2678500,0.0,0.0
2024-04-29 00:00:00-04:00,85.97336520678006,86.7119315760032,85.35456182926913,86.23286437988281,1674900,0.0,0.0
2024-04-30 00:00:00-04:00,85.95340776932782,86.05321280124049,84.34652162723575,84.42636108398438,1458800,0.0,0.0
2024-05-01 00:00:00-04:00,84.31657813826428,85.69390580901248,83.95727394334986,84.60601043701172,979400,0.0,0.0
2024-05-02 00:00:00-04:00,85.15495055030084,85.57413624457746,84.2566900521112,85.2048568725586,1044700,0.0,0.0
2024-05-03 00:00:00-04:00,86.04321888965342,86.08314242018417,85.02519551234101,85.4244155883789,1388900,0.0,0.0
2024-05-06 00:00:00-04:00,86.22288748271404,86.80176736432206,85.77376100383945,86.73190307617188,972900,0.0,0.0
2024-05-07 00:00:00-04:00,86.93150244450642,87.5103822548101,86.6520453263282,87.32074737548828,923200,0.0,0.0
2024-05-08 00:00:00-04:00,87.00137254736444,87.69004021656674,86.53228051846641,86.55224609375,1199900,0.0,0.0
2024-05-09 00:00:00-04:00,86.83170162229608,88.50845202717413,86.82171883483919,88.31881713867188,1141400,0.0,0.0
2024-05-10 00:00:00-04:00,88.65816502262538,88.98752848308169,87.9994381017128,88.37870788574219,915100,0.0,0.0
2024-05-13 00:00:00-04:00,88.41861703061873,88.80786957245752,87.5303393644738,87.70999145507812,799100,0.0,0.0
2024-05-14 00:00:00-04:00,87.79981204312757,87.97946411477515,87.29079657102037,87.92955780029297,730500,0.0,0.0
2024-05-15 00:00:00-04:00,88.2589310438208,88.46852388167869,87.39061133157915,88.00941467285156,855400,0.0,0.0
2024-05-16 00:00:00-04:00,87.82976648105704,87.96949504583331,87.19100515218383,87.31077575683594,1025200,0.0,0.0
2024-05-17 00:00:00-04:00,87.81977998053513,89.19711522457382,87.56028843671409,88.99749755859375,1099100,0.0,0.0
2024-05-20 00:00:00-04:00,88.92764828836471,89.1671819133339,88.24896333875479,88.8478012084961,885100,0.0,0.0
2024-05-21 00:00:00-04:00,88.82783784143624,89.09731220130179,88.41862729298403,88.64818572998047,764900,0.0,0.0
2024-05-22 00:00:00-04:00,88.41861911852875,89.37676870080104,88.35873762512504,88.90767669677734,696100,0.0,0.0
2024-05-23 00:00:00-04:00,89.22705553851867,89.22705553851867,87.28082328147794,87.58024597167969,795300,0.0,0.0
2024-05-24 00:00:00-04:00,88.00941544428994,88.5683296834768,87.7898398175707,88.45854187011719,548600,0.0,0.0
2024-05-28 00:00:00-04:00,88.45854087824787,88.48848923898457,87.22094181336732,87.30078887939453,745200,0.0,0.0
2024-05-29 00:00:00-04:00,86.64206514251347,87.00136933800515,85.6839231594142,85.8735580444336,987800,0.0,0.0
2024-05-30 00:00:00-04:00,86.22287369555914,86.8716177615823,85.7537817152865,86.08314514160156,1037000,0.0,0.0
2024-05-31 00:00:00-04:00,86.16299106885573,87.46047156915554,85.98333898547452,87.44051361083984,1288500,0.0,0.0
2024-06-03 00:00:00-04:00,87.78984818775021,88.63820241443962,86.17297919427064,87.08122253417969,1509500,0.0,0.0
2024-06-04 00:00:00-04:00,86.55224252150293,87.08121602514781,86.01328623062827,86.84168243408203,768400,0.0,0.0
2024-06-05 00:00:00-04:00,86.89157214461484,86.89157214461484,85.74380301499838,86.3725814819336,736700,0.0,0.0
2024-06-06 00:00:00-04:00,85.9933374353334,86.48238745681404,85.33461047140587,85.634033203125,743800,0.0,0.0
2024-06-07 00:00:00-04:00,85.48431641888354,86.23286558609857,84.83557228437,85.43441009521484,631500,0.0,0.0
2024-06-10 00:00:00-04:00,85.21482409956813,86.20291436276153,85.07509554783805,86.17296600341797,847000,0.0,0.0
2024-06-11 00:00:00-04:00,85.69390135221762,85.7737484168538,84.74574220722737,85.2846908569336,944700,0.0,0.0
2024-06-12 00:00:00-04:00,85.90349954814582,86.74187854988828,85.5342125621284,86.32268524169922,774400,0.0,0.0
2024-06-13 00:00:00-04:00,85.99331937573847,86.0232601196952,84.985271179598,85.81366729736328,808500,0.0,0.0
2024-06-14 00:00:00-04:00,85.00506065757754,85.29456793853352,83.96683001372406,85.10488891601562,1003000,0.02,0.0
2024-06-17 00:00:00-04:00,84.79542266754257,85.993377053006,84.47596765699177,85.77375030517578,1212400,0.0,0.0
2024-06-18 00:00:00-04:00,85.47424974346828,85.92348065101326,85.17475739416707,85.81366729736328,885700,0.0,0.0
2024-06-20 00:00:00-04:00,85.72382369755132,86.66221832855317,85.61401034449683,86.1131591796875,813000,0.0,0.0
2024-06-21 00:00:00-04:00,86.18304806740001,86.88185345785337,85.75377972286222,86.59234619140625,2673900,0.0,0.0
2024-06-24 00:00:00-04:00,86.81198130957732,88.3593460448078,86.65225761192461,87.33110046386719,767700,0.0,0.0
2024-06-25 00:00:00-04:00,86.68219792883033,86.88185443795287,85.52416884997834,85.86359405517578,1135500,0.0,0.0
2024-06-26 00:00:00-04:00,85.51418569160485,86.57237882939395,85.38440211450514,86.39268493652344,798100,0.0,0.0
2024-06-27 00:00:00-04:00,86.61230685666851,86.80197823234799,85.78371797339456,86.1930160522461,853000,0.0,0.0
2024-06-28 00:00:00-04:00,86.5823660723237,87.02161189740156,85.26461336427553,85.7138442993164,1845300,0.0,0.0
2024-07-01 00:00:00-04:00,86.33279683289086,86.88185605137784,85.06495436555494,85.22468566894531,729300,0.0,0.0
2024-07-02 00:00:00-04:00,85.06495796307806,85.93347982507687,85.00506252997748,85.63398742675781,629500,0.0,0.0
2024-07-03 00:00:00-04:00,85.55411369813075,86.17306104192433,85.45428544691433,86.06324768066406,651400,0.0,0.0
2024-07-05 00:00:00-04:00,85.66392014379127,85.74378578487985,84.36613774993234,84.81536865234375,1379300,0.0,0.0
2024-07-08 00:00:00-04:00,85.12484291847787,85.8036856702245,84.92518642177886,85.703857421875,635600,0.0,0.0
2024-07-09 00:00:00-04:00,85.69387502070543,85.84362120616639,84.93517421614267,84.9850845336914,589100,0.0,0.0
2024-07-10 00:00:00-04:00,85.07493739194497,86.20301113297478,85.06495228162575,86.16307830810547,649900,0.0,0.0
2024-07-11 00:00:00-04:00,86.39268377988141,88.21957039687179,86.35275095795514,88.06982421875,909700,0.0,0.0
2024-07-12 00:00:00-04:00,88.72869811889433,89.37759315657179,88.34934772930782,88.63885498046875,929900,0.0,0.0
2024-07-15 00:00:00-04:00,88.84850537902071,91.36421251718474,88.66881146797985,90.93494415283203,1103800,0.0,0.0
2024-07-16 00:00:00-04:00,91.27436721460292,94.10952928140303,91.03477787767517,93.85995483398438,1503900,0.0,0.0
2024-07-17 00:00:00-04:00,93.25099192308134,93.93981215773864,91.82342590573793,91.91326904296875,1662900,0.0,0.0
2024-07-18 00:00:00-04:00,91.35423018525586,94.4090188947779,90.34594731467479,92.46234130859375,2015500,0.0,0.0
2024-07-19 00:00:00-04:00,93.07130405780613,93.07130405780613,90.04645542961559,90.17623901367188,1458100,0.0,0.0
2024-07-22 00:00:00-04:00,90.8451000250851,91.89331576424536,90.04645873654322,91.66370391845703,1105500,0.0,0.0
2024-07-23 00:00:00-04:00,91.66368995566319,92.54218914611447,91.56386171390388,91.97315979003906,876800,0.0,0.0
2024-07-24 00:00:00-04:00,91.693649401791,91.92326124198985,89.60721070128776,89.96659851074219,1062100,0.0,0.0
2024-07-25 00:00:00-04:00,89.9266584775245,92.1428805860484,89.9266584775245,91.13459777832031,896400,0.0,0.0
2024-07-26 00:00:00-04:00,91.96318520560263,92.59211000334149,91.46403636461426,91.90328216552734,743300,0.0,0.0
2024-07-29 00:00:00-04:00,91.95320225868241,92.26267211012289,90.95490455322839,91.3542251586914,772800,0.0,0.0
2024-07-30 00:00:00-04:00,91.98314780802313,92.80175160258777,91.57384971894425,91.90328216552734,591800,0.0,0.0
2024-07-31 00:00:00-04:00,92.44236707436114,93.82002279837302,91.87333768030624,92.74185943603516,819000,0.0,0.0
2024-08-01 00:00:00-04:00,92.68196280122964,93.50057429754398,89.62717401315973,90.4457778930664,995700,0.0,0.0
2024-08-02 00:00:00-04:00,89.27777218480651,89.27777218480651,86.52246813575015,87.0815200805664,1127000,0.0,0.0
2024-08-05 00:00:00-04:00,85.01504920708398,85.6839069437222,83.37783371356309,84.73551940917969,1166500,0.0,0.0
2024-08-06 00:00:00-04:00,84.84533154493539,86.0432935263938,84.2164066457452,84.4260482788086,923900,0.0,0.0
2024-08-07 00:00:00-04:00,85.30454258623928,85.52416931731877,83.21810387379948,83.31793212890625,1107100,0.0,0.0
2024-08-08 00:00:00-04:00,83.1482196527988,85.03500177150144,83.1082868292423,84.63568115234375,1610700,0.0,0.0
2024-08-09 00:00:00-04:00,84.7954131407544,85.27459179454064,84.29626426682279,84.9850845336914,796100,0.0,0.0
2024-08-12 00:00:00-04:00,85.12483077533305,85.46425591099059,84.30622706939035,84.68558502197266,1009300,0.0,0.0
2024-08-13 00:00:00-04:00,85.21470192558681,86.09320125910547,84.39609802359662,86.05326843261719,662100,0.0,0.0
2024-08-14 00:00:00-04:00,86.10317219212943,86.73209696884383,85.48422490808832,85.84361267089844,566400,0.0,0.0
2024-08-15 00:00:00-04:00,87.11146327159727,87.96001483069206,86.40267278734598,87.6605224609375,794300,0.0,0.0
2024-08-16 00:00:00-04:00,87.70045533376899,87.95002976990173,87.39098547021472,87.7903060913086,683400,0.0,0.0
2024-08-19 00:00:00-04:00,87.85019939992773,88.48910933170554,87.46086389826336,88.46914672851562,661300,0.0,0.0
2024-08-20 00:00:00-04:00,88.23953702978461,88.45916375220662,87.3510526464646,87.7903060913086,579600,0.0,0.0
2024-08-21 00:00:00-04:00,88.18962047938366,88.52904567838044,87.64056128112318,88.4891128540039,814700,0.0,0.0
2024-08-22 00:00:00-04:00,88.51906822300461,88.82854573458339,87.97998647191476,88.618896484375,518700,0.0,0.0
2024-08-23 00:00:00-04:00,89.08808512710684,90.22614390233102,88.64883931574069,89.75695037841797,788700,0.0,0.0
2024-08-26 00:00:00-04:00,90.11634176461241,90.77522198830091,89.7968867636626,89.90670013427734,429300,0.0,0.0
2024-08-27 00:00:00-04:00,89.83681770171849,89.83681770171849,89.24782565026851,89.37760162353516,423600,0.0,0.0
2024-08-28 00:00:00-04:00,89.52734153343931,90.53562438237002,89.3875804592993,89.94662475585938,464000,0.0,0.0
2024-08-29 00:00:00-04:00,90.5955222007776,90.95491000559741,89.73698551330885,90.04645538330078,652600,0.0,0.0
2024-08-30 00:00:00-04:00,90.21615754366498,91.32426849744968,89.2777553552403,91.04473876953125,1057400,0.0,0.0
2024-09-03 00:00:00-04:00,90.25609589880395,90.60549855962861,88.34934369537872,88.7885971069336,971800,0.0,0.0
2024-09-04 00:00:00-04:00,88.5989256081071,89.50738021951368,88.02989619336485,88.3992691040039,956000,0.0,0.0
2024-09-05 00:00:00-04:00,88.18962362683108,88.18962362683108,86.42263987944973,87.0815200805664,812400,0.0,0.0
2024-09-06 00:00:00-04:00,87.05155597674296,88.16965213729743,85.40437087275323,85.56409454345703,901000,0.0,0.0
2024-09-09 00:00:00-04:00,86.11317689078389,87.50081032869917,85.94346046344393,86.73211669921875,921100,0.0,0.0
2024-09-10 00:00:00-04:00,86.8519068637219,86.91180229327402,85.45428844838047,86.38270568847656,732800,0.0,0.0
2024-09-11 00:00:00-04:00,86.1930260680469,86.51248866716968,84.05666944306262,86.29286193847656,881900,0.0,0.0
2024-09-12 00:00:00-04:00,86.03329321287276,86.83193439272131,85.56409209094225,86.8019790649414,678000,0.0,0.0
2024-09-13 00:00:00-04:00,87.061610673347,87.9602792824776,86.79200399607994,87.57085418701172,792200,0.02,0.0
2024-09-16 00:00:00-04:00,88.32973410493967,89.19845569742776,87.70066457682321,88.1999282836914,760600,0.0,0.0
2024-09-17 00:00:00-04:00,88.36967981146475,89.23840144028452,87.91035809611543,88.55940246582031,820300,0.0,0.0
2024-09-18 00:00:00-04:00,88.90888856342832,89.0686490002766,87.08158142961025,87.36116790771484,1299300,0.0,0.0
2024-09-19 00:00:00-04:00,88.88891266325257,89.16850675610699,88.21990108192539,88.80903625488281,1167300,0.0,0.0
2024-09-20 00:00:00-04:00,88.44955194317657,88.48949395020496,87.27128939939529,87.7805404663086,2529900,0.0,0.0
2024-09-23 00:00:00-04:00,87.0715802193817,87.31123226390562,86.32268472110206,86.76203918457031,953900,0.0,0.0
2024-09-24 00:00:00-04:00,86.96175283181128,87.3212233268522,85.67365911243456,86.55236053466797,1098600,0.0,0.0
2024-09-25 00:00:00-04:00,84.87483651775112,86.28276393317422,84.8548693199727,85.3641128540039,1199500,0.0,0.0
2024-09-26 00:00:00-04:00,86.15294679826269,86.92181719764058,85.69362508740828,86.43253326416016,1011300,0.0,0.0
2024-09-27 00:00:00-04:00,86.87188538119324,87.74060697754264,86.68216273392898,87.62078094482422,1203700,0.0,0.0
2024-09-30 00:00:00-04:00,87.36115567100728,88.48949645151679,86.90183400443563,88.44955444335938,1094100,0.0,0.0
2024-10-01 00:00:00-04:00,87.67070343181302,88.08009567945535,86.33267283579976,87.32121276855469,929200,0.0,0.0
2024-10-02 00:00:00-04:00,87.33120999208285,87.74060990390555,86.63224382331224,86.85192108154297,776700,0.0,0.0
2024-10-03 00:00:00-04:00,86.65221164217493,86.70214106237108,85.4140397265418,85.98320007324219,825100,0.0,0.0
2024-10-04 00:00:00-04:00,87.00169928975394,87.37115721135683,86.00317177876701,86.61227416992188,683400,0.0,0.0
2024-10-07 00:00:00-04:00,86.11300058247465,86.2228392055952,85.2942084216774,85.65367889404297,994100,0.0,0.0
2024-10-08 00:00:00-04:00,85.51389732542198,86.39259881201416,84.1858538780375,84.86485290527344,1224600,0.0,0.0
2024-10-09 00:00:00-04:00,84.61521015389934,86.75205819082545,84.38555311695319,86.21285247802734,933600,0.0,0.0
2024-10-10 00:00:00-04:00,85.3740925901923,86.41256199903576,85.1943573536971,86.22283935546875,715400,0.0,0.0
2024-10-11 00:00:00-04:00,86.22283753664807,87.95029325197673,86.22283753664807,87.8304672241211,662500,0.0,0.0
2024-10-14 00:00:00-04:00,87.61078785823348,88.3596833733177,87.29125940985725,88.29977416992188,722400,0.0,0.0
2024-10-15 00:00:00-04:00,88.66923239155692,88.9887608412244,87.63076302559782,87.72062683105469,682800,0.0,0.0
2024-10-16 00:00:00-04:00,87.74061285470647,88.32974041417464,87.401109548343,87.51094818115234,1113300,0.0,0.0
2024-10-17 00:00:00-04:00,87.81050393788419,90.25689307478203,87.46101324561909,90.18699645996094,1245200,0.0,0.0
2024-10-18 00:00:00-04:00,90.5364709836324,90.5364709836324,89.40813784575107,89.91738891601562,995600,0.0,0.0
2024-10-21 00:00:00-04:00,90.18699258378,91.16555276737701,88.91886616419788,89.25836181640625,1110000,0.0,0.0
2024-10-22 00:00:00-04:00,88.95880711635395,88.95880711635395,86.57232711353109,87.42108154296875,810300,0.0,0.0
2024-10-23 00:00:00-04:00,87.341195623548,87.86042653576733,86.35265559977213,86.74208068847656,925500,0.0,0.0
2024-10-24 00:00:00-04:00,81.87924622066899,82.5382779567226,80.42139714116303,81.3699951171875,3046400,0.0,0.0
2024-10-25 00:00:00-04:00,82.74797543588258,83.33710299539685,81.74944795074508,82.2287368774414,1626200,0.0,0.0
2024-10-28 00:00:00-04:00,82.58819650454384,83.66660787482225,82.37850667446068,83.14736938476562,1004600,0.0,0.0
2024-10-29 00:00:00-04:00,82.61815470327579,83.06749660286813,81.55971810015689,81.64958190917969,1248400,0.0,0.0
2024-10-30 00:00:00-04:00,81.2701440524626,82.58819990885833,80.64107453628263,81.93915557861328,1460100,0.0,0.0
2024-10-31 00:00:00-04:00,81.87924988686828,82.36852619822946,80.25165290604488,80.30157470703125,1166500,0.0,0.0
2024-11-01 00:00:00-04:00,80.89070782586246,81.74944201013055,80.23167607684574,81.34004211425781,1177200,0.0,0.0
2024-11-04 00:00:00-05:00,81.32008210565178,82.728001920383,81.32008210565178,81.91919708251953,1027700,0.0,0.0
2024-11-05 00:00:00-05:00,82.22872990409209,83.24723211872865,82.00905265708579,83.21726989746094,1094100,0.0,0.0
2024-11-06 00:00:00-05:00,86.90183154800188,88.21988730730307,86.00315543526041,87.7805404663086,1699300,0.0,0.0
2024-11-07 00:00:00-05:00,87.63076958833052,88.36967775511911,86.87188660672726,87.74060821533203,1229300,0.0,0.0
2024-11-08 00:00:00-05:00,87.59082119586044,89.06863742177855,87.33120194930109,87.4310531616211,1250500,0.0,0.0
2024-11-11 00:00:00-05:00,88.23987493155813,89.14853096436649,87.7406111984529,87.97026824951172,808500,0.0,0.0
2024-11-12 00:00:00-05:00,87.88039757247246,88.24984783050087,86.70213494961772,86.81197357177734,1251000,0.0,0.0
2024-11-13 00:00:00-05:00,86.8519201352208,88.10007943596854,86.82195791274863,87.44104766845703,1172000,0.0,0.0
2024-11-14 00:00:00-05:00,87.6806864655136,87.83046709557411,85.90330895479926,85.97320556640625,1276800,0.0,0.0
2024-11-15 00:00:00-05:00,85.79346498777555,86.861888908995,84.74501587900441,84.78495788574219,1122700,0.0,0.0
2024-11-18 00:00:00-05:00,84.56528798260696,84.86484163184869,83.04752206774134,83.21726989746094,1391100,0.0,0.0
2024-11-19 00:00:00-05:00,82.49834731971649,82.70803718696071,81.05047782946764,81.16031646728516,1508300,0.0,0.0
2024-11-20 00:00:00-05:00,81.49980411918347,82.0090475767957,81.2202100651215,81.73944854736328,1212700,0.0,0.0
2024-11-21 00:00:00-05:00,82.12887622724801,83.98613774591269,81.66955455097686,83.83635711669922,1194200,0.0,0.0
2024-11-22 00:00:00-05:00,84.13592657258835,85.41404051250738,84.01610053391093,85.2542724609375,744000,0.0,0.0
2024-11-25 00:00:00-05:00,85.72357710904535,86.57232388870726,85.45397805881282,85.62372589111328,1125400,0.0,0.0
2024-11-26 00:00:00-05:00,85.13444447433459,85.42401832164718,84.11594230542003,85.00463104248047,849700,0.0,0.0
2024-11-27 00:00:00-05:00,85.11447997828103,86.07306544170518,84.88482292481652,84.95471954345703,664700,0.0,0.0
2024-11-29 00:00:00-05:00,85.4939188316685,85.80345988822361,84.94472571375505,85.50389862060547,588000,0.0,0.0
2024-12-02 00:00:00-05:00,85.5338546289106,85.99317628591072,84.66513311044753,85.33414459228516,919300,0.0,0.0
2024-12-03 00:00:00-05:00,85.33415188670341,85.56381654391483,84.6251983369389,85.0545654296875,633400,0.0,0.0
2024-12-04 00:00:00-05:00,84.92476546834797,85.25427374790499,84.38555971339997,84.94473266601562,815500,0.0,0.0
2024-12-05 00:00:00-05:00,84.7050781489246,85.23429643314185,82.81786203969445,82.98760986328125,1140100,0.0,0.0
2024-12-06 00:00:00-05:00,83.42697314033413,83.98614608555248,82.24871042136688,82.53828430175781,1321000,0.0,0.0
2024-12-09 00:00:00-05:00,82.47836447349974,83.20729285185693,81.90920414119992,82.3086166381836,1169800,0.0,0.0
2024-12-10 00:00:00-05:00,82.3685297992362,82.82785152645434,80.88072598518613,81.94915008544922,1150400,0.0,0.0
2024-12-11 00:00:00-05:00,82.43843086555123,82.6980501577795,81.78939406222128,82.00906372070312,1118400,0.0,0.0
2024-12-12 00:00:00-05:00,81.88923974399752,81.88923974399752,80.85077026360261,80.97058868408203,893900,0.0,0.0
2024-12-13 00:00:00-05:00,80.85073225705554,81.31017488906828,80.57107682542274,80.82077026367188,874300,0.02,0.0
2024-12-16 00:00:00-05:00,81.04049794049298,81.89944393773574,80.50115922454715,81.24024963378906,935300,0.0,0.0
2024-12-17 00:00:00-05:00,80.98058840319048,81.66973720203099,79.76208304460637,79.9718246459961,940300,0.0,0.0
2024-12-18 00:00:00-05:00,79.91189737102853,80.50117028121446,75.9367741201368,76.01667785644531,2339600,0.0,0.0
2024-12-19 00:00:00-05:00,76.36623481054232,77.10532520160407,75.66709628116479,75.72702026367188,1630600,0.0,0.0
2024-12-20 00:00:00-05:00,75.44736903532893,77.49485062491395,75.2675894578008,76.7557601928711,3646100,0.0,0.0
2024-12-23 00:00:00-05:00,76.05662999945454,76.48610305861519,75.38745335054183,76.34627532958984,1265300,0.0,0.0
2024-12-24 00:00:00-05:00,76.09657863689382,77.16526630337948,75.60717398604419,77.1452865600586,435500,0.0,0.0
2024-12-26 00:00:00-05:00,76.90558841309878,77.58475495323684,76.59597095010818,77.30509948730469,794900,0.0,0.0
2024-12-27 00:00:00-05:00,76.70583262289321,77.65466470633747,76.10656223330786,77.11532592773438,736500,0.0,0.0
2024-12-30 00:00:00-05:00,76.02665499348669,76.7357833893513,75.2476051250347,76.46611022949219,686400,0.0,0.0
2024-12-31 00:00:00-05:00,76.54601967407392,77.05539642074166,75.95674681854845,76.39620208740234,784100,0.0,0.0
2025-01-02 00:00:00-05:00,76.85563316083488,77.0953443352435,75.13774879780476,75.69705963134766,1180900,0.0,0.0
2025-01-03 00:00:00-05:00,75.7370218557426,76.01667731077522,74.9979237302539,75.63714599609375,1191100,0.0,0.0
2025-01-06 00:00:00-05:00,76.24637998931487,77.10532597403405,75.08780646902018,75.3175277709961,1684300,0.0,0.0
2025-01-07 00:00:00-05:00,75.45735958587701,75.99669070327973,74.90803097736078,75.50729370117188,1414500,0.0,0.0
2025-01-08 00:00:00-05:00,75.14773674273181,76.25637624325387,74.79816744527872,75.90680694580078,1066600,0.0,0.0
2025-01-10 00:00:00-05:00,75.27757268580018,76.06660478309773,75.18767909494946,75.5572280883789,1261700,0.0,0.0
2025-01-13 00:00:00-05:00,75.26759160824595,76.88560785222704,75.0978018968514,76.87561798095703,1237300,0.0,0.0
2025-01-14 00:00:00-05:00,77.2951009496226,78.08413313721229,76.88560766899752,77.94430541992188,1605000,0.0,0.0
2025-01-15 00:00:00-05:00,79.90190556176663,79.90190556176663,78.02421352427935,78.46366882324219,1026600,0.0,0.0
2025-01-16 00:00:00-05:00,78.4636612272041,78.92309622530179,78.32383351561084,78.74331665039062,1028600,0.0,0.0
2025-01-17 00:00:00-05:00,79.3725523041493,79.61225587407912,79.02298301049346,79.06293487548828,1106700,0.0,0.0
2025-01-21 00:00:00-05:00,79.9019077809116,81.14038521790461,79.9019077809116,81.10043334960938,1820200,0.0,0.0
2025-01-22 00:00:00-05:00,77.69460795827857,79.39252022038761,75.92677422110374,78.31385040283203,2516300,0.0,0.0
2025-01-23 00:00:00-05:00,79.35256721708969,79.57229864974235,77.96427238719,78.11408996582031,1934200,0.0,0.0
2025-01-24 00:00:00-05:00,77.36501473277256,78.70337553701083,77.07536942722817,77.10533142089844,1928900,0.0,0.0
2025-01-27 00:00:00-05:00,77.30508446268769,78.93308282012046,77.12530489523806,78.703369140625,1701400,0.0,0.0
2025-01-28 00:00:00-05:00,78.61348134804749,79.08290623214197,76.70582743826242,76.72579956054688,1580900,0.0,0.0
2025-01-29 00:00:00-05:00,76.51605464617535,77.1153173490563,75.96672605684522,76.12653350830078,1240200,0.0,0.0
2025-01-30 00:00:00-05:00,76.4661170580574,77.17524551724851,76.15649962912528,76.59596252441406,1218900,0.0,0.0
2025-01-31 00:00:00-05:00,76.70582112181218,77.33504579248496,76.12653056275813,76.41617584228516,840200,0.0,0.0
2025-02-03 00:00:00-05:00,75.2376332978012,75.90680992490867,74.0291178962962,75.33750915527344,1097500,0.0,0.0
2025-02-04 00:00:00-05:00,75.18768829165634,75.91679649759432,75.1677161690456,75.29755401611328,913100,0.0,0.0
2025-02-05 00:00:00-05:00,75.62715112928073,75.71703711101623,74.0790487368301,74.45858764648438,1495500,0.0,0.0
2025-02-06 00:00:00-05:00,74.54848205836132,75.24762072882838,74.24884684528115,75.167724609375,1116800,0.0,0.0
2025-02-07 00:00:00-05:00,75.46734503946941,75.46734503946941,74.16894368611915,74.42861938476562,1110300,0.0,0.0
2025-02-10 00:00:00-05:00,74.68829633399035,74.74822031779237,73.80937821805992,73.83934020996094,1166500,0.0,0.0
2025-02-11 00:00:00-05:00,73.43983869032142,74.49853651444239,73.41986656648727,73.90926361083984,959500,0.0,0.0
2025-02-12 00:00:00-05:00,73.00036152627001,73.54969007505333,72.53094431735478,72.71072387695312,1133200,0.0,0.0
2025-02-13 00:00:00-05:00,73.09025681006075,73.97916475866596,72.83057352461391,73.0103530883789,1287500,0.0,0.0
2025-02-14 00:00:00-05:00,73.22010388440076,73.58965292879401,71.94167465628469,72.19136810302734,1582200,0.0,0.0
2025-02-18 00:00:00-05:00,72.68075528533419,72.71072489571894,71.8517789456073,72.35116577148438,1645500,0.0,0.0
2025-02-19 00:00:00-05:00,71.98162978683418,72.79063415255949,71.85179193185344,72.51097869873047,1243200,0.0,0.0
2025-02-20 00:00:00-05:00,72.47103201710402,72.75068749094535,71.98163493788171,72.34119415283203,969700,0.0,0.0
2025-02-21 00:00:00-05:00,72.73070412016313,72.74069399126716,71.5821127844455,72.25128936767578,1648800,0.0,0.0
2025-02-24 00:00:00-05:00,72.79063223532505,73.58965432811073,72.031569629222,72.4410629272461,1234500,0.0,0.0
2025-02-25 00:00:00-05:00,72.7307015005545,73.42984005187643,72.44105620928151,73.15018463134766,1170000,0.0,0.0
2025-02-26 00:00:00-05:00,73.10024804080818,73.53970327816079,72.59087133065388,72.98039245605469,920900,0.0,0.0
2025-02-27 00:00:00-05:00,73.09026527862102,73.63959390378348,72.72071623805364,73.1601791381836,909000,0.0,0.0
2025-02-28 00:00:00-05:00,73.62960306447218,74.77819441650571,73.34994762989825,74.63836669921875,1458500,0.0,0.0
2025-03-03 00:00:00-05:00,75.39742837030123,75.81691913717854,73.57966044729619,73.92922973632812,1396500,0.0,0.0
2025-03-04 00:00:00-05:00,73.27003837505035,73.37990409035407,70.0539858798799,70.10392761230469,2459300,0.0,0.0
2025-03-05 00:00:00-05:00,70.59332758620602,72.41109547116332,70.59332758620602,72.28125762939453,1881600,0.0,0.0
2025-03-06 00:00:00-05:00,71.91170658121301,73.55968471437353,71.51219557619855,73.280029296875,1553000,0.0,0.0
2025-03-07 00:00:00-05:00,73.30999501949866,75.80692940286005,72.67078042696126,75.3275146484375,2577500,0.0,0.0
2025-03-10 00:00:00-04:00,74.89803567800712,77.005448739704,74.60839039814887,75.34748840332031,1453000,0.0,0.0
2025-03-11 00:00:00-04:00,75.25760480607939,75.5372602527314,72.98040174615366,73.5596923828125,1521500,0.0,0.0
2025-03-12 00:00:00-04:00,73.41986104017352,74.24883746758684,72.34118355337084,72.63082885742188,1161900,0.0,0.0
2025-03-13 00:00:00-04:00,72.30123682438943,73.02035520000514,71.26251112850447,71.90172576904297,1371400,0.0,0.0
2025-03-14 00:00:00-04:00,73.01067868657856,73.6001153583451,72.60106395088397,73.12057495117188,1132500,0.02,0.0
2025-03-17 00:00:00-04:00,72.93074376983073,75.09868322791775,72.39125516153211,74.54920959472656,1255500,0.0,0.0
2025-03-18 00:00:00-04:00,74.42932062116938,74.8689056250019,73.80990608141958,74.17955780029297,1058000,0.0,0.0
2025-03-19 00:00:00-04:00,74.12959934941571,74.93883604114232,74.07965136044639,74.36937713623047,1827800,0.0,0.0
2025-03-20 00:00:00-04:00,73.80990986732276,74.43931708639535,73.23046588600717,73.42028045654297,2659500,0.0,0.0
2025-03-21 00:00:00-04:00,72.93074758668727,73.6500657687312,72.46119223884433,73.01067352294922,3154100,0.0,0.0
2025-03-24 00:00:00-04:00,73.71000801214568,74.70905937066684,73.36034156109467,74.20953369140625,2190700,0.0,0.0
2025-03-25 00:00:00-04:00,74.60915394703291,75.13864993464286,74.21952453644609,74.5691909790039,2109500,0.0,0.0
2025-03-26 00:00:00-04:00,74.84892338718689,75.41838233715123,74.59916055611207,75.09868621826172,1097100,0.0,0.0
2025-03-27 00:00:00-04:00,75.22857294275269,75.51829113922814,74.65911395362149,75.20858764648438,1082600,0.0,0.0
2025-03-28 00:00:00-04:00,74.84891690362615,75.19858331241078,72.810851463938,72.93074035644531,1075600,0.0,0.0
2025-03-31 00:00:00-04:00,72.58107957002227,73.03064961297676,71.73188747657676,72.18145751953125,1567200,0.0,0.0
2025-04-01 00:00:00-04:00,71.96166355845186,73.11057407211953,71.26233070082274,72.09154510498047,1219600,0.0,0.0
2025-04-02 00:00:00-04:00,71.18240320442976,72.95072060396997,71.17241055749555,72.41123962402344,1148300,0.0,0.0
2025-04-03 00:00:00-04:00,70.22330998727142,71.02254637653436,66.76659373887364,66.80655670166016,1977100,0.0,0.0
2025-04-04 00:00:00-04:00,64.77848598262734,64.77848598262734,60.3227216799866,60.66239929199219,3237500,0.0,0.0
2025-04-07 00:00:00-04:00,60.2128217041378,62.85031649989995,57.645260193787664,61.03204345703125,2703400,0.0,0.0
2025-04-08 00:00:00-04:00,63.84936862316114,63.949276040109474,59.883133730651785,60.872196197509766,1703900,0.0,0.0
2025-04-09 00:00:00-04:00,60.14288186750212,67.12625130062142,59.953059703993645,66.71663665771484,2160600,0.0,0.0
2025-04-10 00:00:00-04:00,64.93832629853142,65.76754060212231,62.6904611574284,64.45877838134766,1581700,0.0,0.0
2025-04-11 00:00:00-04:00,64.44879533080027,65.7075943604068,63.1300442347852,65.61768341064453,1259000,0.0,0.0
2025-04-14 00:00:00-04:00,65.93739132968246,66.65670954555141,65.16812511791865,65.92739868164062,1343300,0.0,0.0
2025-04-15 00:00:00-04:00,65.47782194225964,66.48686587136542,65.23805176876394,65.3579330444336,731700,0.0,0.0
2025-04-16 00:00:00-04:00,65.15812803068961,66.0073201246188,64.49875050368037,64.9183578491211,1220200,0.0,0.0
2025-04-17 00:00:00-04:00,64.6586009252981,66.76659976404372,64.6586009252981,65.97734832763672,1563000,0.0,0.0
2025-04-21 00:00:00-04:00,65.39788476729086,65.4478403716692,63.729471242363424,64.51872253417969,1706200,0.0,0.0
2025-04-22 00:00:00-04:00,65.08819050425116,65.5077902002065,63.86934675891369,65.38790130615234,2352800,0.0,0.0
2025-04-23 00:00:00-04:00,66.97640445995985,67.99543349905395,65.66764961020247,66.16717529296875,2115200,0.0,0.0
2025-04-24 00:00:00-04:00,66.12720768956906,68.42502109597153,63.98923852692845,67.86555480957031,1980700,0.0,0.0
2025-04-25 00:00:00-04:00,67.79562099820929,68.58487243021061,67.37602128666117,68.35508728027344,1698000,0.0,0.0
2025-04-28 00:00:00-04:00,68.79468270164315,69.77374884348806,68.5748901655105,69.3141860961914,1610700,0.0,0.0
2025-04-29 00:00:00-04:00,68.9145610794698,70.32321942956499,68.9145610794698,69.91361236572266,1227800,0.0,0.0
2025-04-30 00:00:00-04:00,69.35414972447329,70.55301603594924,68.76471302850314,70.30325317382812,1261200,0.0,0.0
2025-05-01 00:00:00-04:00,70.40314582551291,71.10247868163367,69.5839240702758,70.20333099365234,1043400,0.0,0.0
2025-05-02 00:00:00-04:00,71.34225848751471,71.99163574840541,69.74377027627295,70.95262145996094,2105600,0.0,0.0
2025-05-05 00:00:00-04:00,70.59296309209628,71.08249605727552,70.12340779763304,70.4231185913086,1066000,0.0,0.0
2025-05-06 00:00:00-04:00,69.63387212264509,70.60295309708772,69.39410194635877,69.424072265625,1073400,0.0,0.0
2025-05-07 00:00:00-04:00,69.63387529935156,70.65291193383081,69.53397168985435,69.93359375,1975900,0.0,0.0
2025-05-08 00:00:00-04:00,70.55300863240687,73.00068137548203,70.45309740031658,72.1514892578125,1600800,0.0,0.0
2025-05-09 00:00:00-04:00,72.56109347805639,72.89078223775083,71.88173828633299,72.34130859375,1146200,0.0,0.0
2025-05-12 00:00:00-04:00,74.85891367251875,76.8570162580688,74.11961785006905,76.72714233398438,2220500,0.0,0.0
2025-05-13 00:00:00-04:00,76.78707670002466,77.49640214529413,76.42741765423227,76.44739532470703,3006100,0.0,0.0
2025-05-14 00:00:00-04:00,76.14770068773957,76.14770068773957,74.69907155095937,75.13865661621094,1719800,0.0,0.0
2025-05-15 00:00:00-04:00,75.1386507444534,76.14769473712964,75.08870275049642,75.92790222167969,870000,0.0,0.0
2025-05-16 00:00:00-04:00,76.2076319836833,76.69716498673147,75.31847693599812,76.60725402832031,1118000,0.0,0.0
2025-05-19 00:00:00-04:00,75.96785929504269,76.6372218149474,75.55824461673437,76.34749603271484,788400,0.0,0.0
2025-05-20 00:00:00-04:00,76.01780721083905,76.6971623769586,75.66814079198845,75.97785186767578,1269700,0.0,0.0
2025-05-21 00:00:00-04:00,75.37841484047759,75.57822966662579,73.29040135678362,73.31037902832031,1436400,0.0,0.0
2025-05-22 00:00:00-04:00,72.91076792432915,74.02970051283911,72.57108651556248,73.41029357910156,834100,0.0,0.0
2025-05-23 00:00:00-04:00,72.16148975905104,73.10059294121963,71.93170457125458,72.850830078125,804200,0.0,0.0
2025-05-27 00:00:00-04:00,73.94977417040788,75.13864766129137,73.82989289210471,74.63912200927734,1478200,0.0,0.0
2025-05-28 00:00:00-04:00,74.72904421263883,74.96881440302454,73.79992614996763,73.91980743408203,1034700,0.0,0.0
2025-05-29 00:00:00-04:00,74.11961649276468,74.49925323309081,73.7199944585414,73.92979431152344,1206100,0.0,0.0
2025-05-30 00:00:00-04:00,73.51019256109215,74.25948099611296,72.94073365536258,73.95976257324219,1570600,0.0,0.0
2025-06-02 00:00:00-04:00,73.70000575628606,73.92979089253853,72.69096950367805,73.46023559570312,1059500,0.0,0.0
2025-06-03 00:00:00-04:00,73.31038678123011,74.55920099363824,72.91077233098515,74.4193344116211,1081900,0.0,0.0
2025-06-04 00:00:00-04:00,74.4193344116211,74.79897881037368,74.32942344696309,74.4193344116211,911700,0.0,0.0
2025-06-05 00:00:00-04:00,74.69905412723638,74.9288392546993,73.89981774847968,74.42931365966797,955100,0.0,0.0
2025-06-06 00:00:00-04:00,75.1586324917767,75.74806909887913,74.96881030609316,75.49830627441406,793000,0.0,0.0
2025-06-09 00:00:00-04:00,76.00782280975606,77.39650347183962,75.86795624106824,77.00687408447266,1122100,0.0,0.0
2025-06-10 00:00:00-04:00,77.02685742388817,78.09584206160504,76.44740581259872,77.7761459350586,1403600,0.0,0.0
2025-06-11 00:00:00-04:00,77.88603787008203,77.88603787008203,76.02780185574798,76.72714233398438,1207100,0.0,0.0
2025-06-12 00:00:00-04:00,76.13770071561918,77.78613692959203,75.67813801986036,77.7261962890625,1425600,0.0,0.0
2025-06-13 00:00:00-04:00,77.52633564529098,79.49497411207597,77.1166156043749,77.32646942138672,1407400,0.02,0.0
2025-06-16 00:00:00-04:00,77.99600639358141,78.08594047008441,76.77684919576507,77.18656158447266,1054500,0.0,0.0
2025-06-17 00:00:00-04:00,76.82681416990191,77.46637082877243,76.45707500331172,76.80683135986328,2154900,0.0,0.0
2025-06-18 00:00:00-04:00,76.90675553981677,78.02598343040917,76.49704315630068,76.55699920654297,1946600,0.0,0.0
2025-06-20 00:00:00-04:00,77.07663267265495,77.4863526620777,76.2172270781683,76.92674255371094,3144100,0.0,0.0
2025-06-23 00:00:00-04:00,76.86678763830042,77.99601082375362,76.61696057944678,77.4463882446289,1860600,0.0,0.0
2025-06-24 00:00:00-04:00,77.86609772760825,79.00530853317468,76.94673595892604,78.70552062988281,2192000,0.0,0.0
2025-06-25 00:00:00-04:00,78.7454874065005,79.66484909966063,78.26581612687295,79.22515106201172,1486700,0.0,0.0
2025-06-26 00:00:00-04:00,79.84472385374863,81.10385427554056,79.57490637987796,80.20447540283203,1557600,0.0,0.0
2025-06-27 00:00:00-04:00,80.29441141536735,80.68414099892496,79.51495224825213,80.28441619873047,2416900,0.0,0.0
2025-06-30 00:00:00-04:00,80.15450481313836,80.8340346517654,79.98462425951061,80.23445129394531,1245700,0.0,0.0
2025-07-01 00:00:00-04:00,78.805452031613,81.17381541374624,78.31579310630208,80.92398834228516,1491800,0.0,0.0
2025-07-02 00:00:00-04:00,80.83403938433513,81.91329406606778,80.12453147989511,81.88331604003906,968400,0.0,0.0
2025-07-03 00:00:00-04:00,81.94327434524108,82.3230087255736,81.59351799176156,82.1731185913086,907000,0.0,0.0
2025-07-07 00:00:00-04:00,82.26305283854362,82.98255598094026,80.95396150253215,81.31371307373047,1330000,0.0,0.0
2025-07-08 00:00:00-04:00,81.38366437616575,82.77270220056431,81.10385929270659,82.06319427490234,1281400,0.0,0.0
2025-07-09 00:00:00-04:00,82.4928950943169,82.72273171118687,81.44361843295735,82.41294860839844,753800,0.0,0.0
2025-07-10 00:00:00-04:00,83.87193965347366,85.22100423279052,83.32231707991801,85.1710433959961,2201000,0.0,0.0
2025-07-11 00:00:00-04:00,84.47152274682362,85.22100391297778,84.1317616110764,84.961181640625,1167400,0.0,0.0
2025-07-14 00:00:00-04:00,84.60143428497892,85.38089344650248,84.061806952205,85.33092498779297,1316300,0.0,0.0
2025-07-15 00:00:00-04:00,85.44084766235163,86.1203775159759,84.27165894518102,84.39157104492188,2383200,0.0,0.0
2025-07-16 00:00:00-04:00,84.50149470247884,84.85125865418149,82.75270544043008,84.081787109375,1253500,0.0,0.0
2025-07-17 00:00:00-04:00,84.08178434482616,85.51079525693723,84.08178434482616,85.30094146728516,1405900,0.0,0.0
2025-07-18 00:00:00-04:00,85.44085437550264,85.6407129735179,84.16174105032457,84.94120025634766,1458900,0.0,0.0
2025-07-21 00:00:00-04:00,84.94120279947916,85.5108082074051,84.47152669355273,84.69137573242188,1698900,0.0,0.0
2025-07-22 00:00:00-04:00,84.6713926217631,86.17035501879752,84.48152161175463,85.98048400878906,1271500,0.0,0.0
2025-07-23 00:00:00-04:00,86.93981202872348,87.68929316690213,86.57006525587344,87.14966583251953,2429800,0.0,0.0
2025-07-24 00:00:00-04:00,86.64002097262323,87.73926613102275,80.28441998458966,80.87401580810547,4147700,0.0,0.0
2025-07-25 00:00:00-04:00,80.39433940882654,80.55423237596428,77.56630307565365,79.44499969482422,4302800,0.0,0.0
2025-07-28 00:00:00-04:00,79.96464250589807,80.18449153991963,78.30579478175544,78.50565338134766,2405000,0.0,0.0
2025-07-29 00:00:00-04:00,79.30509465144436,79.4549923973642,77.85610089715686,78.0859375,2905000,0.0,0.0
2025-07-30 00:00:00-04:00,78.43570026022219,78.6355664792201,77.27650668650104,77.99600982666016,2713400,0.0,0.0
2025-07-31 00:00:00-04:00,77.65623810148014,78.41571445644178,77.10662317448292,77.71619415283203,1803900,0.0,0.0
2025-08-01 00:00:00-04:00,76.66692539644369,77.40641132074575,75.74756369335287,77.17657470703125,1357900,0.0,0.0
2025-08-04 00:00:00-04:00,77.31647415009064,77.76615976701308,76.87677612528393,77.75616455078125,1139400,0.0,0.0
2025-08-05 00:00:00-04:00,77.986017762376,78.2158543933692,77.11661682885085,78.1658935546875,1292100,0.0,0.0
2025-08-06 00:00:00-04:00,78.24583233044878,78.54562020533076,77.29648499969855,77.4164047241211,1276500,0.0,0.0
2025-08-07 00:00:00-04:00,77.95603849653905,78.13591428599446,76.3971124465533,77.32646942138672,877900,0.0,0.0
2025-08-08 00:00:00-04:00,77.39641577560296,77.6062772033961,76.8767788747057,76.96671295166016,744900,0.0,0.0
2025-08-11 00:00:00-04:00,77.06664820088481,77.87608537241664,77.06664820088481,77.52632904052734,1643300,0.0,0.0
2025-08-12 00:00:00-04:00,77.82612488302208,78.88539682763437,77.57629781693417,78.48567199707031,1263900,0.0,0.0
2025-08-13 00:00:00-04:00,78.65554352611902,81.59351192513714,78.53562380350657,81.29371643066406,1873400,0.0,0.0
2025-08-14 00:00:00-04:00,80.80406216067786,80.80406216067786,80.03459057242318,80.26443481445312,973300,0.0,0.0
2025-08-15 00:00:00-04:00,80.52426748629428,80.52426748629428,78.80545592976148,78.83543395996094,1352900,0.0,0.0
2025-08-18 00:00:00-04:00,78.94534566888814,79.8347293329501,78.79544791811128,79.01529693603516,1571000,0.0,0.0
2025-08-19 00:00:00-04:00,78.9453480466002,80.42432754183133,78.74548945562252,79.6248779296875,1137600,0.0,0.0
2025-08-20 00:00:00-04:00,79.47498504694262,79.98463439653341,79.18518473537597,79.23515319824219,1433700,0.0,0.0
2025-08-21 00:00:00-04:00,79.06527434698839,79.72481385132413,78.8254348689416,79.4250259399414,1013700,0.0,0.0
2025-08-22 00:00:00-04:00,80.04458366368912,82.21308058370235,79.81474705187895,81.47359466552734,876700,0.0,0.0
2025-08-25 00:00:00-04:00,81.38366195862899,81.57352533155533,80.69413686336101,80.70413208007812,674600,0.0,0.0
2025-08-26 00:00:00-04:00,80.90399232983847,81.59351743925524,80.69413851917179,81.32369995117188,1187200,0.0,0.0
2025-08-27 00:00:00-04:00,81.31371420524574,82.06319538498549,81.0938651726634,81.8333511352539,679100,0.0,0.0
2025-08-28 00:00:00-04:00,82.05319503916269,82.15312433205862,79.73480037304195,80.40433502197266,935100,0.0,0.0
2025-08-29 00:00:00-04:00,80.35437263272556,80.86401430386815,79.78475966359646,80.10454559326172,1289700,0.0,0.0
2025-09-02 00:00:00-04:00,79.2251485495808,79.87470036893144,78.42570660770897,79.4749755859375,1906700,0.0,0.0
2025-09-03 00:00:00-04:00,79.36505424195633,79.65485453056984,78.93535141733857,79.64485931396484,1539600,0.0,0.0
2025-09-04 00:00:00-04:00,79.88470480328185,81.27374267578125,79.3850506729118,81.27374267578125,794600,0.0,0.0
2025-09-05 00:00:00-04:00,81.24375611615737,82.12314454857923,80.76408484676243,81.39364624023438,1646800,0.0,0.0
2025-09-08 00:00:00-04:00,81.4236317320867,82.802674239748,80.19447934821326,82.68275451660156,1816000,0.0,0.0
2025-09-09 00:00:00-04:00,82.38297128131885,82.38297128131885,80.16450583501239,80.47428894042969,1068900,0.0,0.0
2025-09-10 00:00:00-04:00,80.34438487488859,81.49359088792808,80.10455302949187,80.96395111083984,950200,0.0,0.0
2025-09-11 00:00:00-04:00,81.02391942564564,82.4629182044678,80.55424330112416,82.18311309814453,1110600,0.0,0.0
2025-09-12 00:00:00-04:00,82.03317719441897,82.29306267500424,81.19355773925781,81.19355773925781,986900,0.02,0.0
2025-09-15 00:00:00-04:00,81.56338539884237,82.62291497346706,81.20354631704099,82.19310760498047,1806600,0.0,0.0
2025-09-16 00:00:00-04:00,82.91278248607901,84.3821242094124,82.02318238334836,83.39257049560547,1891300,0.0,0.0
2025-09-17 00:00:00-04:00,83.44254080481471,84.68198220616533,82.6428967630571,82.67288208007812,2065800,0.0,0.0
2025-09-18 00:00:00-04:00,82.99273947079217,84.02227604314166,82.87279820083045,83.88233947753906,1061900,0.0,0.0
2025-09-19 00:00:00-04:00,83.96230812807858,84.04227406129077,83.2526276292554,83.58248138427734,2488800,0.0,0.0
2025-09-22 00:00:00-04:00,83.30260331348953,83.6524523761203,82.54294980130668,83.4525375366211,1278200,0.0,0.0
2025-09-23 00:00:00-04:00,83.68243593901897,84.29216284124318,82.33304321110205,82.9727554321289,1128200,0.0,0.0
2025-09-24 00:00:00-04:00,82.96276005600912,83.37257976012556,82.53295268080058,82.72286987304688,1319400,0.0,0.0
2025-09-25 00:00:00-04:00,82.39300761508288,82.82281494600207,81.86324668706006,82.31304168701172,1236600,0.0,0.0
2025-09-26 00:00:00-04:00,82.96275952529794,84.16221805840767,82.49296918493903,83.4525375366211,1396400,0.0,0.0
2025-09-29 00:00:00-04:00,83.96230899275284,84.46208464151923,83.25262848662112,83.99229431152344,1459900,0.0,0.0
2025-09-30 00:00:00-04:00,83.9223264322407,84.55204100738695,83.55248970501252,84.45208740234375,1271400,0.0,0.0
2025-10-01 00:00:00-04:00,83.99229731023925,85.55159494975005,83.81237776522097,85.17176818847656,1757800,0.0,0.0
2025-10-02 00:00:00-04:00,85.20175381475019,86.44120296309899,85.20175381475019,86.3112564086914,1125900,0.0,0.0
2025-10-03 00:00:00-04:00,86.31125188464448,87.28081785068917,86.30125423652835,86.81102752685547,1497300,0.0,0.0
2025-10-06 00:00:00-04:00,87.31080941640961,87.88055338425815,86.61112651763831,87.30081176757812,1293400,0.0,0.0
2025-10-07 00:00:00-04:00,87.50072002705966,87.90054206453144,84.94187118879404,84.9918441772461,926000,0.0,0.0
2025-10-08 00:00:00-04:00,85.32169785036415,86.2312855494405,84.53205142423747,86.18131256103516,1018200,0.0,0.0
2025-10-09 00:00:00-04:00,86.17131547814847,86.3312473444251,84.47208134180045,84.60202026367188,1252900,0.0,0.0
2025-10-10 00:00:00-04:00,85.01184066022536,85.12179191271437,81.35347926134646,81.49341583251953,1198500,0.0,0.0
2025-10-13 00:00:00-04:00,82.31305028403351,82.80282829917465,81.67333804459203,81.70332336425781,1451700,0.0,0.0
2025-10-14 00:00:00-04:00,81.49341696529298,84.00229288500596,80.61381455912547,83.72241973876953,996500,0.0,0.0
2025-10-15 00:00:00-04:00,84.21219374352678,84.44209388899566,81.66333497745896,82.47297668457031,1219600,0.0,0.0
2025-10-16 00:00:00-04:00,82.81281594147507,83.03271842708197,81.36346974229573,81.61335754394531,861000,0.0,0.0
2025-10-17 00:00:00-04:00,80.93366956261318,81.7632989675559,80.8936865957034,81.32349395751953,1053200,0.0,0.0
2025-10-20 00:00:00-04:00,81.99319274988237,82.42300011827751,81.73330727397637,82.36302947998047,1039500,0.0,0.0
2025-10-21 00:00:00-04:00,82.28305947745449,84.08225479713936,82.28305947745449,82.98274230957031,1237500,0.0,0.0
2025-10-22 00:00:00-04:00,82.92277259978,83.53249948570252,82.05316024789767,82.5429458618164,2456500,0.0,0.0
2025-10-23 00:00:00-04:00,83.04272216103791,83.58248076727908,78.08494872804668,79.43434143066406,3737400,0.0,0.0
2025-10-24 00:00:00-04:00,80.14402136412127,81.27351155711997,79.37437023943511,81.18355560302734,2409900,0.0,0.0
2025-10-27 00:00:00-04:00,81.19355239099667,81.19355239099667,79.9641009829565,80.43389129638672,1925100,0.0,0.0
2025-10-28 00:00:00-04:00,80.22398962440042,80.42389683438851,79.29440660861039,79.91412353515625,1602300,0.0,0.0
2025-10-29 00:00:00-04:00,80.03406749194316,81.15356762623506,79.04451389948908,79.9541015625,1802400,0.0,0.0
2025-10-30 00:00:00-04:00,79.63424908847401,81.12358599462286,79.34437830055184,79.38436126708984,1226600,0.0,0.0
2025-10-31 00:00:00-04:00,79.1744620306285,81.27351835401471,79.01453777909906,80.77374267578125,1412700,0.0,0.0
2025-11-03 00:00:00-05:00,80.37392204025674,80.62380986011681,79.36437311275019,79.9441146850586,1289600,0.0,0.0
2025-11-04 00:00:00-05:00,79.40435654024454,79.95410517154711,78.80461966832011,79.72421264648438,1493200,0.0,0.0
2025-11-05 00:00:00-05:00,79.42434417114733,80.96365406477942,79.24442463485342,80.23397827148438,1266100,0.0,0.0
2025-11-06 00:00:00-05:00,80.25396907769021,81.23352501139776,80.02406893963276,80.39390563964844,900100,0.0,0.0
2025-11-07 00:00:00-05:00,80.29396036531497,82.05316521971379,80.05406255482939,81.99319458007812,1371500,0.0,0.0
2025-11-10 00:00:00-05:00,82.02317810058594,82.66289032923811,80.73375599490447,82.02317810058594,1442700,0.0,0.0
2025-11-11 00:00:00-05:00,82.19310713296326,82.79283639053104,81.55338728212355,82.41300201416016,681500,0.0,0.0
2025-11-12 00:00:00-05:00,82.2930589464423,83.26262491095238,82.2930589464423,82.4429931640625,1054500,0.0,0.0
2025-11-13 00:00:00-05:00,82.3730204093527,83.0827008665419,81.09358843092996,81.41344451904297,965800,0.0,0.0
2025-11-14 00:00:00-05:00,80.80371812296738,81.49341091496738,80.35392311790608,80.68377685546875,1446500,0.0,0.0
2025-11-17 00:00:00-05:00,80.72376119124716,81.19355149951924,79.634246361812,80.0240707397461,948500,0.0,0.0
2025-11-18 00:00:00-05:00,80.01408567563409,80.42389774855937,79.28440986153802,79.81417083740234,952500,0.0,0.0
2025-11-19 00:00:00-05:00,79.56428212074216,79.97410181506305,79.16446007471407,79.74420166015625,1328700,0.0,0.0
2025-11-20 00:00:00-05:00,80.7737328318783,81.25352077993816,78.98453520673561,79.49430847167969,1272700,0.0,0.0
2025-11-21 00:00:00-05:00,79.63425159042409,81.8732520310704,79.35437844183613,81.29351043701172,1325600,0.0,0.0
2025-11-24 00:00:00-05:00,81.21353952237526,82.91277360660892,80.60381264634499,82.35302734375,1941200,0.0,0.0
2025-11-25 00:00:00-05:00,82.64289944190146,83.25262632766233,82.36302630600552,82.8827896118164,1150600,0.0,0.0
2025-11-26 00:00:00-05:00,83.09269490709568,83.66243882991553,82.91277537220672,83.00273895263672,905400,0.0,0.0
2025-11-28 00:00:00-05:00,82.89278814310926,83.34258316973917,82.77283924388811,83.12268829345703,616100,0.0,0.0
2025-12-01 00:00:00-05:00,82.33304014222244,83.18265718917033,81.82326686366535,81.96320343017578,1032900,0.0,0.0
2025-12-02 00:00:00-05:00,82.37302533014936,82.59292020776196,81.50341296396947,82.39301300048828,1037400,0.0,0.0
2025-12-03 00:00:00-05:00,82.6628937168809,83.78239397588658,82.42300352779812,83.66244506835938,971700,0.0,0.0
2025-12-04 00:00:00-05:00,83.96230634928239,84.45208433438133,82.69287959680973,83.10269165039062,1812700,0.0,0.0
2025-12-05 00:00:00-05:00,83.0327188835234,83.50250917336237,82.19309952583117,83.43254089355469,1910200,0.0,0.0
2025-12-08 00:00:00-05:00,83.5424943599163,84.61201388027543,83.04271874057146,84.37212371826172,1075400,0.0,0.0
2025-12-09 00:00:00-05:00,83.8223674991971,84.77193812570677,83.8223674991971,83.86235046386719,1032100,0.0,0.0
2025-12-10 00:00:00-05:00,83.82237188869699,85.49162071473978,83.82237188869699,85.06181335449219,1475500,0.0,0.0
2025-12-11 00:00:00-05:00,85.54160075106682,87.57068863828809,84.53205181852871,86.81102752685547,1501700,0.0,0.0
2025-12-12 00:00:00-05:00,86.6410645208951,88.10074452935038,86.57107249645183,87.15094757080078,2139100,0.02,0.0
2025-12-15 00:00:00-05:00,87.61084655725688,87.98076844328429,86.81102596622698,87.92078399658203,1867800,0.0,0.0
2025-12-16 00:00:00-05:00,87.53086892681506,87.62084559593225,85.60129042478825,86.3111343383789,1569100,0.0,0.0
2025-12-17 00:00:00-05:00,86.37112479175593,88.16073462558694,86.20116376422867,87.4208984375,2314200,0.0,0.0
2025-12-18 00:00:00-05:00,87.58085868609473,88.87057774837427,86.98099130608105,87.94078063964844,1904000,0.0,0.0
2025-12-19 00:00:00-05:00,87.82080379062904,89.90035115293247,87.73082711643424,89.4404525756836,2682600,0.0,0.0
2025-12-22 00:00:00-05:00,89.71039534238048,91.20006760825963,89.49044219686934,90.86013793945312,1463600,0.0,0.0
2025-12-23 00:00:00-05:00,90.80015438023275,91.00010762662107,90.16029483851725,90.480224609375,1126200,0.0,0.0
2025-12-24 00:00:00-05:00,90.50021382168315,90.85014343261719,90.16029178877565,90.85014343261719,651000,0.0,0.0
2025-12-26 00:00:00-05:00,90.85014635652048,90.85014635652048,89.73038834649324,90.20028686523438,691800,0.0,0.0
2025-12-29 00:00:00-05:00,90.1003072288143,90.41023703815998,88.6006350503384,88.7206039428711,961400,0.0,0.0
2025-12-30 00:00:00-05:00,88.89057674683546,89.08053004481093,88.03076404738599,88.32069396972656,1214600,0.0,0.0
2025-12-31 00:00:00-05:00,88.55064313285003,88.64062743018626,86.90100220713938,87.15094757080078,1512600,0.0,0.0
2026-01-02 00:00:00-05:00,87.49088154768772,87.70083474819295,86.4411079174341,87.0309829711914,1767700,0.0,0.0
2026-01-05 00:00:00-05:00,87.6008569621396,89.42045897012576,87.49088038794312,88.98055267333984,2390000,0.0,0.0
2026-01-06 00:00:00-05:00,89.11051884303635,90.1003079810577,88.4706593184293,90.0503158569336,1719000,0.0,0.0
2026-01-07 00:00:00-05:00,90.60020120842377,91.84992806869802,88.19072416050587,88.5606460571289,2119500,0.0,0.0
2026-01-08 00:00:00-05:00,90.36024549427019,92.8197069674251,89.18050306785663,91.68995666503906,2115700,0.0,0.0
2026-01-09 00:00:00-05:00,91.92990751269704,93.99945494948071,91.69996203512532,93.80950164794922,1572300,0.0,0.0
2026-01-12 00:00:00-05:00,93.76950371566188,93.93946473260365,92.35980820076,93.25961303710938,2133500,0.0,0.0
2026-01-13 00:00:00-05:00,93.99945149540946,94.55933431167165,93.04966213946967,93.47956848144531,1366400,0.0,0.0
2026-01-14 00:00:00-05:00,93.54955431955823,94.41936696746873,93.07965579578108,94.14942169189453,1091800,0.0,0.0
2026-01-15 00:00:00-05:00,94.43935561910743,94.85926200086517,92.91969115895824,93.53955078125,1468000,0.0,0.0
2026-01-16 00:00:00-05:00,93.65952875947868,94.689302456933,93.15963802263853,94.20941162109375,1448900,0.0,0.0
2026-01-20 00:00:00-05:00,93.55955483791023,94.08943781381755,92.31982028280261,93.1396484375,1383400,0.0,0.0
2026-01-21 00:00:00-05:00,93.87948088590245,96.32894241876124,93.43957460138164,96.2989501953125,1956600,0.0,0.0
2026-01-22 00:00:00-05:00,96.95881496298578,96.95881496298578,95.79906474090242,96.00901794433594,1010200,0.0,0.0
2026-01-23 00:00:00-05:00,96.01901407000963,96.26895943952933,94.65931064960436,94.97924041748047,1039900,0.0,0.0
2026-01-26 00:00:00-05:00,95.13920672815797,95.56910543032706,94.4193628615664,94.61931610107422,1279600,0.0,0.0
2026-01-27 00:00:00-05:00,94.92924787485262,95.69908388111374,93.81948982884931,94.20941162109375,1849200,0.0,0.0
2026-01-28 00:00:00-05:00,90.51021478311296,90.80015232321686,84.30157280236112,86.77103424072266,6415400,0.0,0.0
2026-01-29 00:00:00-05:00,86.81103020996949,88.56064784976911,86.63106923333814,87.80081176757812,3411500,0.0,0.0
2026-01-30 00:00:00-05:00,87.8108107526972,88.81059225015868,86.98099027914955,88.04075622558594,2354100,0.0,0.0
2026-02-02 00:00:00-05:00,87.64084728625097,88.58063668081834,87.04097230231048,87.54086303710938,2326100,0.0,0.0
2026-02-03 00:00:00-05:00,87.2209381400118,89.43045439581542,86.34113314364298,88.61063385009766,2252400,0.0,0.0
2026-02-04 00:00:00-05:00,88.97054934086853,91.32003422919078,88.97054934086853,90.71017456054688,3184300,0.0,0.0
2026-02-05 00:00:00-05:00,90.3902502103126,92.93968849066043,90.01032835380063,92.8297119140625,2664600,0.0,0.0
2026-02-06 00:00:00-05:00,93.55955705710953,95.84905766754886,93.4795727043549,95.41915130615234,1863300,0.0,0.0
2026-02-09 00:00:00-05:00,95.07922054952829,95.71908010890049,94.45936089198327,95.44914245605469,1605200,0.0,0.0
2026-02-10 00:00:00-05:00,95.70908363339205,96.72885737823388,95.35915401614683,95.84905242919922,2028600,0.0,0.0
2026-02-11 00:00:00-05:00,96.29895395961897,97.32872768615796,95.66909435939263,97.25874328613281,1418400,0.0,0.0
2026-02-12 00:00:00-05:00,97.98858789093084,100.89794811742686,97.14876745645475,98.72842407226562,2873100,0.0,0.0
2026-02-13 00:00:00-05:00,99.33829216712499,99.83818292576481,97.52869006172165,98.06856536865234,1727800,0.0,0.0
2026-02-17 00:00:00-05:00,98.1085583371564,100.52803542558983,97.72864410350326,99.67821502685547,1658000,0.0,0.0
2026-02-18 00:00:00-05:00,100.23809595912766,101.5478072915304,99.28829895148978,100.22809600830078,1997200,0.0,0.0
2026-02-19 00:00:00-05:00,99.81818239946396,100.97793261356264,98.38850216131617,99.00836181640625,1672400,0.0,0.0
2026-02-20 00:00:00-05:00,98.98836826570266,100.79797033644677,98.33850876637209,100.74797821044922,1753700,0.0,0.0
2026-02-23 00:00:00-05:00,100.37806068485723,100.74797494543198,97.52868503307162,98.77841186523438,1284600,0.0,0.0
2026-02-24 00:00:00-05:00,98.71842315532132,99.68821243057191,97.8986026305875,98.96836853027344,1147800,0.0,0.0
2026-02-25 00:00:00-05:00,99.47825685702101,99.88817092346962,95.64909197347811,96.61888122558594,1213700,0.0,0.0
2026-02-26 00:00:00-05:00,97.09877967734691,98.97836610590139,96.03900612612611,98.60844421386719,1408300,0.0,0.0
2026-02-27 00:00:00-05:00,97.70865131846355,98.80840946506056,97.25874505776865,98.62844848632812,1239700,0.0,0.0
2026-03-02 00:00:00-05:00,99.31828601607018,100.95793461875031,98.26852006561519,100.65799713134766,1671700,0.0,0.0
2026-03-03 00:00:00-05:00,99.3682780304351,99.7182000135347,96.32894149716253,98.5284652709961,1654200,0.0,0.0
2026-03-04 00:00:00-05:00,99.09834626003612,99.43826831295992,97.20875981172364,99.28829956054688,1033500,0.0,0.0
2026-03-05 00:00:00-05:00,98.5484607613552,98.67842960854205,95.51912407947458,96.37893676757812,1491500,0.0,0.0
2026-03-06 00:00:00-05:00,95.15920027438584,95.74906767823617,93.28960618628858,94.93924713134766,1137700,0.0,0.0
2026-03-09 00:00:00-04:00,93.92946961462138,94.84927439894771,91.34003917051076,94.11943054199219,1369100,0.0,0.0
2026-03-10 00:00:00-04:00,93.77950322885714,94.10942531087474,92.29982332401015,92.48978424072266,2160200,0.0,0.0
2026-03-11 00:00:00-04:00,91.7499462580561,93.45957936078416,91.00011012194744,93.24961853027344,1413900,0.0,0.0
2026-03-12 00:00:00-04:00,91.39002779799944,92.93968449925248,91.06009808237489,91.5199966430664,1646400,0.0,0.0
2026-03-13 00:00:00-04:00,92.20999908447266,92.9000015258789,90.98999786376953,91.05000305175781,1184100,0.02,0.0
2026-03-16 00:00:00-04:00,91.94999694824219,93.58000183105469,91.6500015258789,91.86000061035156,1846600,0.0,0.0
2026-03-17 00:00:00-04:00,92.66000366210938,93.37999725341797,89.7300033569336,91.48999786376953,1247400,0.0,0.0
2026-03-18 00:00:00-04:00,90.58999633789062,91.51000213623047,88.95999908447266,89.0999984741211,1972200,0.0,0.0
2026-03-19 00:00:00-04:00,88.0199966430664,88.86000061035156,87.3499984741211,88.69000244140625,2299700,0.0,0.0
2026-03-20 00:00:00-04:00,88.4000015258789,89.69000244140625,87.93000030517578,88.7699966430664,4588700,0.0,0.0
2026-03-23 00:00:00-04:00,90.9000015258789,91.0,88.95999908447266,89.02999877929688,1661600,0.0,0.0
2026-03-24 00:00:00-04:00,88.19999694824219,91.33000183105469,88.19999694824219,90.58000183105469,1545600,0.0,0.0
2026-03-25 00:00:00-04:00,91.38999938964844,92.04000091552734,90.27999877929688,90.70999908447266,1200800,0.0,0.0
2026-03-26 00:00:00-04:00,89.95999908447266,90.75,88.37999725341797,88.88999938964844,1311700,0.0,0.0
2026-03-27 00:00:00-04:00,88.37999725341797,88.61000061035156,87.2300033569336,87.47000122070312,986500,0.0,0.0
2026-03-30 00:00:00-04:00,88.23999786376953,88.5,85.61000061035156,85.94999694824219,1163600,0.0,0.0
2026-03-31 00:00:00-04:00,87.0,88.04000091552734,85.73999786376953,87.55999755859375,1516600,0.0,0.0
2026-04-01 00:00:00-04:00,87.9000015258789,89.72000122070312,87.62999725341797,88.91000366210938,1216900,0.0,0.0
2026-04-02 00:00:00-04:00,88.0,89.66000366210938,87.06999969482422,88.05000305175781,783400,0.0,0.0
2026-04-06 00:00:00-04:00,87.55000305175781,88.56999969482422,87.0999984741211,88.54000091552734,710400,0.0,0.0
2026-04-07 00:00:00-04:00,87.9000015258789,88.55000305175781,87.2699966430664,87.68000030517578,943100,0.0,0.0
2026-04-08 00:00:00-04:00,90.55999755859375,91.8499984741211,90.0,91.37000274658203,1306700,0.0,0.0
2026-04-09 00:00:00-04:00,91.0,91.98999786376953,90.58000183105469,91.41000366210938,1062700,0.0,0.0
2026-04-10 00:00:00-04:00,91.5199966430664,91.79000091552734,90.58999633789062,91.38999938964844,840174,0.0,0.0
