Date,Open,High,Low,Close,Volume,Dividends,Stock Splits
2022-01-03 00:00:00-05:00,290.709920471825,291.03919061227583,283.4659182722855,283.9888610839844,808700,0.0,0.0
2022-01-04 00:00:00-05:00,284.7732980209522,285.63523448496915,281.01572909698245,284.9863586425781,1136700,0.0,0.0
2022-01-05 00:00:00-05:00,284.502136617686,285.94515021127546,281.74207203032023,283.7564392089844,1316400,0.0,0.0
2022-01-06 00:00:00-05:00,280.2312775991357,284.2503773451057,278.6720839482372,281.3353271484375,1317200,0.0,0.0
2022-01-07 00:00:00-05:00,281.09322516885413,281.3256442179135,273.64582607217454,273.85888671875,1263900,0.0,0.0
2022-01-10 00:00:00-05:00,272.26096695450184,273.7136452291029,267.7286178309021,273.103515625,1517500,0.0,0.0
2022-01-11 00:00:00-05:00,273.3649103688579,280.4927318046803,270.4886070100422,278.6236267089844,1351500,0.0,0.0
2022-01-12 00:00:00-05:00,279.6114370188013,281.7614014441263,278.3040210275566,278.6236267089844,1179100,0.0,0.0
2022-01-13 00:00:00-05:00,278.1007009053045,279.3306243986186,270.92446749583473,271.5830078125,1006800,0.0,0.0
2022-01-14 00:00:00-05:00,270.0915929232191,270.0915929232191,260.9881204639712,264.8232116699219,1628100,0.0,0.0
2022-01-18 00:00:00-05:00,262.4504918648515,265.7141703744013,258.63478862243164,264.0774841308594,1375300,0.0,0.0
2022-01-19 00:00:00-05:00,265.5979235857359,267.30240832316747,261.8693780000069,262.0921325683594,1098900,0.0,0.0
2022-01-20 00:00:00-05:00,262.0921375376554,266.8956505967223,261.5013665211741,261.72412109375,1204500,0.0,0.0
2022-01-21 00:00:00-05:00,262.91537978018744,264.6876340721032,257.2014888977617,258.0150146484375,1600400,0.0,0.0
2022-01-24 00:00:00-05:00,256.9980950749211,266.8085182798234,255.56480507147188,265.0168762207031,2260200,0.0,0.0
2022-01-25 00:00:00-05:00,261.67577865717925,262.77979872239996,255.41955658661146,259.2643127441406,1534900,0.0,0.0
2022-01-26 00:00:00-05:00,260.13586280330856,265.26867584554503,256.9690355823639,259.2449035644531,1121500,0.0,0.0
2022-01-27 00:00:00-05:00,260.7556805310254,263.3705125476884,252.66910105484925,253.61819458007812,1168000,0.0,0.0
2022-01-28 00:00:00-05:00,254.78032677588405,261.7047818832664,251.40043891765484,261.6563415527344,1047200,0.0,0.0
2022-01-31 00:00:00-05:00,261.355535298664,268.3609829765402,260.7539642987116,268.22515869140625,962300,0.51,0.0
2022-02-01 00:00:00-05:00,266.88611074275553,269.1759946306224,264.3342610349158,268.5841064453125,864600,0.0,0.0
2022-02-02 00:00:00-05:00,268.58423520757685,270.7770858987213,267.70127346566215,270.35015869140625,1348600,0.0,0.0
2022-02-03 00:00:00-05:00,269.166347763752,270.67998764632273,267.1578538235594,268.28338623046875,1046200,0.0,0.0
2022-02-04 00:00:00-05:00,271.9413514449222,287.56292203644193,268.60357376782594,282.6532897949219,2443300,0.0,0.0
2022-02-07 00:00:00-05:00,280.44105186295667,281.3725157752792,277.1809133644756,277.6175231933594,1211300,0.0,0.0
2022-02-08 00:00:00-05:00,275.90010240055096,280.34398753210684,269.03047905553007,279.35430908203125,1334500,0.0,0.0
2022-02-09 00:00:00-05:00,281.70238366450184,287.05836730982423,280.56716859929634,285.0401611328125,867200,0.0,0.0
2022-02-10 00:00:00-05:00,280.7321420532343,285.2924868352871,277.1518227971318,278.7430725097656,1152200,0.0,0.0
2022-02-11 00:00:00-05:00,278.48105564620687,281.1978373954538,273.21239413748475,274.99774169921875,1190400,0.0,0.0
2022-02-14 00:00:00-05:00,275.2888738833432,276.0554062453693,269.32163545507444,271.56298828125,1237000,0.0,0.0
2022-02-15 00:00:00-05:00,275.51196344733677,279.1602086335188,272.2226887449104,276.06500244140625,1006300,0.0,0.0
2022-02-16 00:00:00-05:00,275.560529298268,277.4137744394388,272.2809661484844,276.5793151855469,829300,0.0,0.0
2022-02-17 00:00:00-05:00,274.0372165344753,274.64849999928515,270.3695453563248,272.68853759765625,1112500,0.0,0.0
2022-02-18 00:00:00-05:00,272.3683428822505,276.6764050965322,271.12638086799785,275.36651611328125,932100,0.0,0.0
2022-02-22 00:00:00-05:00,276.05537486000543,278.3161224419813,273.54234408639076,276.81219482421875,1402200,0.0,0.0
2022-02-23 00:00:00-05:00,277.2585261104151,277.8212775441516,271.04871727452746,271.9219665527344,1358700,0.0,0.0
2022-02-24 00:00:00-05:00,267.1675872052582,280.33434237070475,265.0814834496846,279.56781005859375,1727300,0.0,0.0
2022-02-25 00:00:00-05:00,279.7327858992386,284.30284356085707,278.44232157450335,284.24462890625,1197400,0.0,0.0
2022-02-28 00:00:00-05:00,279.92680236928544,283.7982242333869,278.7042356287465,283.4586486816406,1384200,0.0,0.0
2022-03-01 00:00:00-05:00,283.73033796869163,286.2336565805845,279.509598466464,281.22698974609375,2249700,0.0,0.0
2022-03-02 00:00:00-05:00,282.837641042454,285.767886560811,279.98500517560524,284.1378173828125,1404700,0.0,0.0
2022-03-03 00:00:00-05:00,286.67021244127005,288.077105457948,282.99283044825245,285.467041015625,1486500,0.0,0.0
2022-03-04 00:00:00-05:00,282.9443389043652,286.4761848288547,281.19784056171255,285.01104736328125,1360300,0.0,0.0
2022-03-07 00:00:00-05:00,281.56654384727904,283.73996920045596,279.6550843537691,279.8103332519531,2313300,0.0,0.0
2022-03-08 00:00:00-05:00,277.87952647185347,281.3337336202324,268.56479825604424,268.70062255859375,1363600,0.0,0.0
2022-03-09 00:00:00-05:00,272.85342445098746,284.95286131086294,272.48471197015783,282.3525085449219,1383500,0.0,0.0
2022-03-10 00:00:00-05:00,277.69521159357384,286.6606236614154,277.69521159357384,284.87530517578125,1350400,0.0,0.0
2022-03-11 00:00:00-05:00,285.9425183282187,290.18265187803604,285.18569849107394,286.55377197265625,1252200,0.0,0.0
2022-03-14 00:00:00-04:00,287.252358010975,291.8418086620952,286.86425061461364,288.4264221191406,1808400,0.0,0.0
2022-03-15 00:00:00-04:00,290.8134031414739,298.5659596664377,288.6593723549349,298.4786376953125,1600500,0.0,0.0
2022-03-16 00:00:00-04:00,299.1480783917093,303.87335390213696,295.635657154418,300.3221130371094,1582000,0.0,0.0
2022-03-17 00:00:00-04:00,299.36156457611,307.0267982400981,299.31306224579515,306.5416564941406,1536600,0.0,0.0
2022-03-18 00:00:00-04:00,305.988639206175,310.6460185162723,303.7376036308706,308.9189147949219,2512800,0.0,0.0
2022-03-21 00:00:00-04:00,308.76362283288233,312.9940447657672,307.0268070415689,308.453125,2011500,0.0,0.0
2022-03-22 00:00:00-04:00,304.81455640075023,307.1626555056058,298.7599968203265,305.8721618652344,1956800,0.0,0.0
2022-03-23 00:00:00-04:00,303.8055015672121,308.08445604698085,302.89346217167173,304.4458923339844,943500,0.0,0.0
2022-03-24 00:00:00-04:00,305.280275690962,308.113486681622,304.7272070376777,307.9388427734375,587900,0.0,0.0
2022-03-25 00:00:00-04:00,308.65683736204346,313.36271776200425,307.8612274802341,313.34332275390625,887600,0.0,0.0
2022-03-28 00:00:00-04:00,313.34332005673076,317.360277890194,312.10135850306347,316.5258483886719,1255000,0.0,0.0
2022-03-29 00:00:00-04:00,319.78602673850787,319.78602673850787,315.7011414454887,316.29302978515625,1318100,0.0,0.0
2022-03-30 00:00:00-04:00,316.7587542768515,317.2827156763048,313.8867233066807,316.69085693359375,889700,0.0,0.0
2022-03-31 00:00:00-04:00,317.84543458992164,321.2705339308424,315.8563653925687,315.9533996582031,1344000,0.0,0.0
2022-04-01 00:00:00-04:00,316.5938202534092,322.0370966256684,316.2348200862025,319.0583190917969,943800,0.0,0.0
2022-04-04 00:00:00-04:00,319.5240397011833,320.9988598814101,316.12804763521166,317.0207214355469,730400,0.0,0.0
2022-04-05 00:00:00-04:00,316.37067768621125,321.70723764543,315.99228246848855,316.2833557128906,941500,0.0,0.0
2022-04-06 00:00:00-04:00,315.55567633576266,320.86312953137667,314.29431932912485,320.63995361328125,828300,0.0,0.0
2022-04-07 00:00:00-04:00,320.5040216529542,324.6859407623463,318.2529570453339,323.5798034667969,842800,0.0,0.0
2022-04-08 00:00:00-04:00,323.8903163550332,326.41305924934954,322.51253043683727,323.5992431640625,692900,0.0,0.0
2022-04-11 00:00:00-04:00,323.104399833439,325.38457194059015,321.0376912769723,323.6962585449219,804200,0.0,0.0
2022-04-12 00:00:00-04:00,324.5695503577555,325.15169678228193,318.47617102518547,319.5046691894531,715300,0.0,0.0
2022-04-13 00:00:00-04:00,318.82545082256746,321.99826719886613,318.5149529968648,320.29058837890625,728800,0.0,0.0
2022-04-14 00:00:00-04:00,321.1832419359909,323.0655943442283,318.43735258766503,318.5052795410156,788500,0.0,0.0
2022-04-18 00:00:00-04:00,318.6799612607823,322.76484709636765,317.21482348817307,319.2718200683594,930900,0.0,0.0
2022-04-19 00:00:00-04:00,318.7284132209291,321.4646197612816,316.77816354702003,320.9600830078125,720000,0.0,0.0
2022-04-20 00:00:00-04:00,322.473729181138,324.50161815564456,320.5137375479258,323.31787109375,946500,0.0,0.0
2022-04-21 00:00:00-04:00,325.04496506164605,331.8175543965145,322.74539795698195,323.55072021484375,1012200,0.0,0.0
2022-04-22 00:00:00-04:00,321.84305042296126,323.47311960464157,311.6744686316504,312.0820007324219,1049000,0.0,0.0
2022-04-25 00:00:00-04:00,309.8794151235499,312.2663040766866,304.9503883147805,311.8879089355469,1114500,0.0,0.0
2022-04-26 00:00:00-04:00,310.7139426758904,310.86919161256395,301.01110621409623,301.0498962402344,1116400,0.0,0.0
2022-04-27 00:00:00-04:00,301.6611818119534,305.7557800122642,300.32218563302746,301.9716796875,847100,0.0,0.0
2022-04-28 00:00:00-04:00,304.41675347324065,310.69448926682884,297.7315151680074,308.5501708984375,1114300,0.0,0.0
2022-04-29 00:00:00-04:00,305.55640565841526,305.55640565841526,278.9140425603568,279.9248962402344,1928600,0.56,0.0
2022-05-02 00:00:00-04:00,281.8202780415725,286.7191419358323,266.7154650043189,274.2192687988281,1467600,0.0,0.0
2022-05-03 00:00:00-04:00,274.94829288457265,279.7985397122141,272.98487314921124,276.58123779296875,1244300,0.0,0.0
2022-05-04 00:00:00-04:00,276.49383150248036,284.1725900165054,271.8574236481859,283.9198913574219,814400,0.0,0.0
2022-05-05 00:00:00-04:00,280.85805045971745,282.86035838086707,273.130676051448,278.5252380371094,1055800,0.0,0.0
2022-05-06 00:00:00-04:00,276.3382616046772,280.2748605053378,273.49032239502293,278.2725524902344,983500,0.0,0.0
2022-05-09 00:00:00-04:00,275.3953379281963,276.09517553410274,266.5404774710785,267.3861083984375,1133100,0.0,0.0
2022-05-10 00:00:00-04:00,271.13806287974984,276.6978764046913,268.7080749695995,271.3616027832031,1027400,0.0,0.0
2022-05-11 00:00:00-04:00,270.0689254505034,274.666444667837,266.5308479873654,267.3473205566406,808300,0.0,0.0
2022-05-12 00:00:00-04:00,267.35699472550385,272.158653339602,263.5273313019043,268.0179443359375,789800,0.0,0.0
2022-05-13 00:00:00-04:00,269.320409809257,276.64926172817405,267.62914769832946,272.7418518066406,816000,0.0,0.0
2022-05-16 00:00:00-04:00,271.92543782021374,274.229062131683,269.59262517082936,270.0397644042969,618200,0.0,0.0
2022-05-17 00:00:00-04:00,273.5291428638811,273.5291428638811,268.04707629748003,271.2157897949219,600100,0.0,0.0
2022-05-18 00:00:00-04:00,269.3302258301807,270.12726924832316,261.0002173906717,261.94305419921875,1032400,0.0,0.0
2022-05-19 00:00:00-04:00,260.0281624312878,260.74745909768217,255.16818610970537,259.1922607421875,756500,0.0,0.0
2022-05-20 00:00:00-04:00,260.2614998805166,261.4764941402472,248.7336189194608,255.3529052734375,1403800,0.0,0.0
2022-05-23 00:00:00-04:00,257.28715311787886,260.3586319875115,251.5231987734072,259.0173034667969,872600,0.0,0.0
2022-05-24 00:00:00-04:00,257.58850904349526,261.845853618384,255.51815410669766,260.630859375,767700,0.0,0.0
2022-05-25 00:00:00-04:00,257.967534518967,261.7486102958244,255.28484778831145,257.81201171875,925200,0.0,0.0
2022-05-26 00:00:00-04:00,260.80575709023714,266.521093566444,258.4438158922963,265.1019592285156,1266800,0.0,0.0
2022-05-27 00:00:00-04:00,266.083651134496,273.79156494140625,265.442130827003,273.79156494140625,1170500,0.0,0.0
2022-05-31 00:00:00-04:00,270.62293818471824,272.83908623066696,266.12259530429696,267.949951171875,3664600,0.0,0.0
2022-06-01 00:00:00-04:00,268.9511137923556,271.25473792798846,261.43757937716896,263.01220703125,825200,0.0,0.0
2022-06-02 00:00:00-04:00,262.71089014624056,271.04089703862536,258.87149682196775,270.8270568847656,780500,0.0,0.0
2022-06-03 00:00:00-04:00,263.1385557567746,266.9390607509083,260.6891384008698,261.0584716796875,768300,0.0,0.0
2022-06-06 00:00:00-04:00,263.47877460141575,266.59887122668863,261.20430914592254,264.27581787109375,593400,0.0,0.0
2022-06-07 00:00:00-04:00,260.8932501091562,264.2466159431345,260.3100470232214,263.0413513183594,710700,0.0,0.0
2022-06-08 00:00:00-04:00,261.07788654388133,264.44098124241066,259.06584959281327,259.3282775878906,724800,0.0,0.0
2022-06-09 00:00:00-04:00,259.1436480922045,260.71830536710917,251.76620745578643,251.8536834716797,932000,0.0,0.0
2022-06-10 00:00:00-04:00,248.98631273436015,249.44315169926696,246.30359628827415,246.53688049316406,724500,0.0,0.0
2022-06-13 00:00:00-04:00,241.69633316650982,248.8307744686761,239.7134546268394,246.04115295410156,1315700,0.0,0.0
2022-06-14 00:00:00-04:00,245.55516082039665,248.03373680301974,241.89073463377977,244.09716796875,791000,0.0,0.0
2022-06-15 00:00:00-04:00,247.52830444311942,250.1138152686358,243.20292871259463,246.04115295410156,896700,0.0,0.0
2022-06-16 00:00:00-04:00,240.8215354434533,244.43735892457843,239.31495468587647,241.5408172607422,1018200,0.0,0.0
2022-06-17 00:00:00-04:00,241.54083604341318,245.13721574657816,239.8787175270859,244.6026153564453,1856900,0.0,0.0
2022-06-21 00:00:00-04:00,248.1601038916513,249.57920864523604,246.556317668285,247.62550354003906,911500,0.0,0.0
2022-06-22 00:00:00-04:00,245.27330482744452,252.84515696414883,244.4373882271601,249.8513946533203,930900,0.0,0.0
2022-06-23 00:00:00-04:00,252.10643207598525,257.41351844225204,249.78337858756248,256.5970458984375,1092400,0.0,0.0
2022-06-24 00:00:00-04:00,258.58958947335384,264.2854666260737,256.2568071229666,264.12994384765625,1890900,0.0,0.0
2022-06-27 00:00:00-04:00,264.684083455633,265.7435549559495,261.60287443405025,263.91619873046875,561900,0.0,0.0
2022-06-28 00:00:00-04:00,264.5576120457413,268.1637351265525,258.123009403791,258.22021484375,538800,0.0,0.0
2022-06-29 00:00:00-04:00,258.18138352677147,262.147140911128,256.42207442938354,261.35009765625,776300,0.0,0.0
2022-06-30 00:00:00-04:00,259.22145926944495,263.43991580562215,257.14137484577844,262.1277160644531,860000,0.0,0.0
2022-07-01 00:00:00-04:00,261.89441283243565,266.69607192930357,260.9029883171051,266.24896240234375,629000,0.0,0.0
2022-07-05 00:00:00-04:00,264.4410414128384,268.8441789764126,262.0402118129151,268.2415466308594,682200,0.0,0.0
2022-07-06 00:00:00-04:00,269.1261039835959,274.00551044655725,267.46400007564057,271.7796325683594,850200,0.0,0.0
2022-07-07 00:00:00-04:00,271.4685315451543,272.1586397904289,263.886951638944,266.6182556152344,1123000,0.0,0.0
2022-07-08 00:00:00-04:00,266.5016588557235,268.98996440046324,265.3741407709287,266.68634033203125,500400,0.0,0.0
2022-07-11 00:00:00-04:00,265.8990626269315,269.0191595949208,265.7726984772558,266.3656311035156,545400,0.0,0.0
2022-07-12 00:00:00-04:00,265.17972020920155,269.52453965505754,261.5541676720804,262.9830017089844,753600,0.0,0.0
2022-07-13 00:00:00-04:00,259.3964346576666,265.2867250218685,259.3964346576666,261.89447021484375,789800,0.0,0.0
2022-07-14 00:00:00-04:00,256.7428756324599,261.5639644439529,255.07104238113516,261.0682373046875,928900,0.0,0.0
2022-07-15 00:00:00-04:00,264.55764063636394,267.41530883495966,263.420422888458,263.993896484375,2291800,0.0,0.0
2022-07-18 00:00:00-04:00,264.50906894415346,265.8892855712901,258.8714787642596,259.61993408203125,658500,0.0,0.0
2022-07-19 00:00:00-04:00,262.4387351516138,268.3387538350545,262.22489499571327,267.9693908691406,853700,0.0,0.0
2022-07-20 00:00:00-04:00,269.1649733318362,270.74930088230553,266.46282736546226,267.5611572265625,1115000,0.0,0.0
2022-07-21 00:00:00-04:00,269.01907089961935,273.2958730342188,267.5610782618067,272.80987548828125,888500,0.0,0.0
2022-07-22 00:00:00-04:00,272.8098796015689,276.2604503645771,269.47591384233795,271.66290283203125,918700,0.0,0.0
2022-07-25 00:00:00-04:00,271.87675847988623,275.8230564648976,270.48681251721644,273.2861633300781,789900,0.0,0.0
2022-07-26 00:00:00-04:00,272.6835640538661,274.2484622158632,270.4382573309493,271.4199523925781,534300,0.0,0.0
2022-07-27 00:00:00-04:00,271.03114352203175,279.67219526402755,271.03114352203175,278.0489501953125,728500,0.0,0.0
2022-07-28 00:00:00-04:00,279.03062510942243,286.04843053145765,275.8619117657891,284.561279296875,923800,0.0,0.0
2022-07-29 00:00:00-04:00,284.366505365165,289.67404278129845,282.9349330705969,283.4316101074219,1293900,0.56,0.0
2022-08-01 00:00:00-04:00,279.48756488211455,281.28920855779245,272.0278072481892,273.01141357421875,849400,0.0,0.0
2022-08-02 00:00:00-04:00,271.73564594042614,277.75408234155594,271.0052523076737,272.9335021972656,1086700,0.0,0.0
2022-08-03 00:00:00-04:00,273.4496356748431,280.27636103234437,273.2353856950769,278.5526428222656,843500,0.0,0.0
2022-08-04 00:00:00-04:00,278.2799377441406,279.51672676832385,276.08875713198205,278.2799377441406,740900,0.0,0.0
2022-08-05 00:00:00-04:00,276.68275953432425,280.1107584352281,275.80629334981046,280.01336669921875,561200,0.0,0.0
2022-08-08 00:00:00-04:00,281.2112902599564,283.82122298178786,280.675650442999,282.2532958984375,529600,0.0,0.0
2022-08-09 00:00:00-04:00,281.80530763084903,286.67459802698573,281.06516598030345,285.74945068359375,667900,0.0,0.0
2022-08-10 00:00:00-04:00,289.8883001930742,292.04051787525384,287.05437007881596,289.9369812011719,943100,0.0,0.0
2022-08-11 00:00:00-04:00,291.82625803950486,294.42644195520325,286.94722051438924,288.93389892578125,741000,0.0,0.0
2022-08-12 00:00:00-04:00,291.7289645506069,294.13439553080156,290.16106708972814,293.5987854003906,702600,0.0,0.0
2022-08-15 00:00:00-04:00,292.03075757330515,293.8908296895421,291.14454333657756,292.819580078125,1078000,0.0,0.0
2022-08-16 00:00:00-04:00,291.43675270481066,294.6796867471231,291.3198945007327,293.1312561035156,757000,0.0,0.0
2022-08-17 00:00:00-04:00,290.9692908369063,293.9103312855089,289.95647019959256,292.54693603515625,513100,0.0,0.0
2022-08-18 00:00:00-04:00,293.24811132075996,295.36139622226955,290.84268091203114,294.66021728515625,644900,0.0,0.0
2022-08-19 00:00:00-04:00,293.9980658534083,294.06621334027005,290.29738686669407,292.0308532714844,681900,0.0,0.0
2022-08-22 00:00:00-04:00,289.23582024578354,290.4823572721927,284.75606759094865,285.096923828125,660300,0.0,0.0
2022-08-23 00:00:00-04:00,284.0939095102366,285.2528031222315,278.844799653578,279.1954040527344,780000,0.0,0.0
2022-08-24 00:00:00-04:00,279.46801218773754,281.01644273464456,277.8027234440505,279.8088684082031,712700,0.0,0.0
2022-08-25 00:00:00-04:00,281.02623103550883,282.76941558654784,278.7376586218157,282.6525573730469,717200,0.0,0.0
2022-08-26 00:00:00-04:00,284.5807315780951,284.8728770343641,278.2214412418636,278.396728515625,856500,0.0,0.0
2022-08-29 00:00:00-04:00,275.9329555157978,277.72485088607567,273.49831022143263,275.50445556640625,512400,0.0,0.0
2022-08-30 00:00:00-04:00,275.50445065881615,276.78020239275514,272.2420200785226,274.7448425292969,620300,0.0,0.0
2022-08-31 00:00:00-04:00,276.117957689522,278.1046363320577,271.4726657263186,271.9595947265625,825900,0.0,0.0
2022-09-01 00:00:00-04:00,272.2128400163546,273.6151982362045,268.08369065779345,273.4399108886719,661000,0.0,0.0
2022-09-02 00:00:00-04:00,275.62130843784433,278.60131184274684,269.7197307363871,271.06365966796875,534600,0.0,0.0
2022-09-06 00:00:00-04:00,271.40447475816114,275.04669398478956,270.9272938724739,273.8780822753906,823700,0.0,0.0
2022-09-07 00:00:00-04:00,274.60855348665825,281.30867312227986,274.0826617226544,281.0262756347656,493600,0.0,0.0
2022-09-08 00:00:00-04:00,279.89652853372763,284.639212190903,278.66945795572633,283.343994140625,722300,0.0,0.0
2022-09-09 00:00:00-04:00,283.44140283468073,286.33376273065716,282.11697001540955,284.4542236328125,701100,0.0,0.0
2022-09-12 00:00:00-04:00,284.4347181961364,286.6745797476219,283.71404305400364,286.3240051269531,694800,0.0,0.0
2022-09-13 00:00:00-04:00,281.49372537426456,281.7274715721119,275.87457376928194,276.6147155761719,756500,0.0,0.0
2022-09-14 00:00:00-04:00,276.72175537968593,278.2312531695097,274.74482475258094,276.3516845703125,858800,0.0,0.0
2022-09-15 00:00:00-04:00,277.1892153758017,277.1892153758017,272.5341751888892,272.8068542480469,1065000,0.0,0.0
2022-09-16 00:00:00-04:00,270.3429813285877,272.67048644767476,267.879121826734,269.8755187988281,1571400,0.0,0.0
2022-09-19 00:00:00-04:00,268.59979818783125,271.49215791213385,267.86940461825776,271.4239807128906,612500,0.0,0.0
2022-09-20 00:00:00-04:00,269.13540915180863,270.61569247843164,265.7464019983096,268.99908447265625,596700,0.0,0.0
2022-09-21 00:00:00-04:00,270.3722315155699,274.34555952297546,265.7074428526305,265.853515625,863700,0.0,0.0
2022-09-22 00:00:00-04:00,265.6392171518947,266.7688959182806,261.09131725699655,265.1036071777344,1052500,0.0,0.0
2022-09-23 00:00:00-04:00,265.1620748041187,268.4926824889346,263.11696690781343,266.75921630859375,1238100,0.0,0.0
2022-09-26 00:00:00-04:00,266.36966188184266,267.5869845300081,262.1236547505414,262.776123046875,849800,0.0,0.0
2022-09-27 00:00:00-04:00,265.79507551428463,266.272286177327,261.0329250134073,263.8863220214844,767200,0.0,0.0
2022-09-28 00:00:00-04:00,266.83712446287694,269.47627164240987,264.9088746891664,268.07391357421875,912200,0.0,0.0
2022-09-29 00:00:00-04:00,267.3629368127577,267.3629368127577,262.4157223961843,263.8667907714844,664200,0.0,0.0
2022-09-30 00:00:00-04:00,263.7889449739382,265.81458651249346,260.7602604774581,260.86737060546875,789700,0.0,0.0
2022-10-03 00:00:00-04:00,262.3281603110592,269.64184439408945,260.07855040329906,268.38555908203125,635700,0.0,0.0
2022-10-04 00:00:00-04:00,270.82021257367944,277.3353260519028,270.64492523735413,276.8873596191406,756100,0.0,0.0
2022-10-05 00:00:00-04:00,274.4137152096853,277.0528621562255,272.7289301143325,275.3875732421875,813700,0.0,0.0
2022-10-06 00:00:00-04:00,275.00779526621955,275.9621571562829,272.37836658343855,273.3814392089844,675800,0.0,0.0
2022-10-07 00:00:00-04:00,271.5602707332109,271.5602707332109,263.8375850211363,265.9703063964844,601500,0.0,0.0
2022-10-10 00:00:00-04:00,267.77194767961987,272.82627232824564,267.0902650125052,272.2809143066406,725100,0.0,0.0
2022-10-11 00:00:00-04:00,272.3004657121387,273.2938200554953,267.2266730226885,269.00885009765625,649000,0.0,0.0
2022-10-12 00:00:00-04:00,270.27477257752383,272.5438483304069,266.51569547726496,266.71044921875,597700,0.0,0.0
2022-10-13 00:00:00-04:00,261.12060341031207,275.2220510980561,259.38713700649515,274.1410827636719,870000,0.0,0.0
2022-10-14 00:00:00-04:00,277.150262166783,278.13386831926925,263.23382214586104,263.7304992675781,910600,0.0,0.0
2022-10-17 00:00:00-04:00,267.75254864166266,272.8068745629666,267.1682278371588,270.25537109375,870600,0.0,0.0
2022-10-18 00:00:00-04:00,276.7606940672932,277.02362501550544,269.16461392107647,273.0015869140625,703400,0.0,0.0
2022-10-19 00:00:00-04:00,270.790999830441,274.628003390142,270.0313916481536,273.5859680175781,844200,0.0,0.0
2022-10-20 00:00:00-04:00,273.6346727809453,273.6346727809453,265.5224177751969,266.564453125,917200,0.0,0.0
2022-10-21 00:00:00-04:00,266.4475751924533,273.83915441334494,263.3020029119231,272.797119140625,1633400,0.0,0.0
2022-10-24 00:00:00-04:00,275.38763275345576,278.6598119040712,274.56959539575064,277.0724182128906,783300,0.0,0.0
2022-10-25 00:00:00-04:00,275.84530615125385,275.84530615125385,269.8268702407035,272.6802673339844,949200,0.0,0.0
2022-10-26 00:00:00-04:00,273.3230639421316,275.1149595815261,269.349705581904,269.8853454589844,1144800,0.0,0.0
2022-10-27 00:00:00-04:00,272.0569343529428,276.3808658967122,270.6643246596447,274.9395751953125,965200,0.0,0.0
2022-10-28 00:00:00-04:00,269.9534734696425,282.4188450891077,265.88272408097276,281.6397705078125,1248900,0.0,0.0
2022-10-31 00:00:00-04:00,278.5758729205027,280.01998974168765,274.6436122276439,274.6631164550781,1130200,0.56,0.0
2022-11-01 00:00:00-04:00,276.41942278183404,279.619872292762,274.975306257383,277.5903015136719,816100,0.0,0.0
2022-11-02 00:00:00-04:00,276.34144941482566,279.8053710100541,272.10670871127263,272.36041259765625,713500,0.0,0.0
2022-11-03 00:00:00-04:00,270.80896277254493,273.97037506536844,269.179451385873,269.6868591308594,517300,0.0,0.0
2022-11-04 00:00:00-04:00,272.4286891177811,272.94583405461873,267.68654121508035,272.9263000488281,576300,0.0,0.0
2022-11-07 00:00:00-05:00,274.936424487982,281.2983186832744,271.9701728574034,280.1371765136719,595300,0.0,0.0
2022-11-08 00:00:00-05:00,280.5664372287384,282.137376369918,275.68769985496334,279.8248596191406,776000,0.0,0.0
2022-11-09 00:00:00-05:00,279.3174527963242,280.3810138606384,274.0093846998288,274.2825927734375,680200,0.0,0.0
2022-11-10 00:00:00-05:00,282.9668032018847,289.2311158782956,281.1909354283047,289.19207763671875,998100,0.0,0.0
2022-11-11 00:00:00-05:00,291.4752581303577,291.4752581303577,284.1864240210211,285.89398193359375,739500,0.0,0.0
2022-11-14 00:00:00-05:00,284.7426039083215,291.36790709337043,284.2351962196951,284.2547302246094,579700,0.0,0.0
2022-11-15 00:00:00-05:00,287.19174003750317,290.36291931825485,282.6155117937645,284.8109436035156,613800,0.0,0.0
2022-11-16 00:00:00-05:00,284.674314693373,287.1331875142877,283.5326770902116,286.34283447265625,578900,0.0,0.0
2022-11-17 00:00:00-05:00,284.16692858376626,288.67487684801574,281.4445849755379,288.6065673828125,719000,0.0,0.0
2022-11-18 00:00:00-05:00,291.9826358100146,294.73425056205366,290.0701792871729,294.01220703125,875700,0.0,0.0
2022-11-21 00:00:00-05:00,294.305010668377,297.39814391806686,291.79733198255866,294.3830871582031,607400,0.0,0.0
2022-11-22 00:00:00-05:00,295.0855634918428,296.69554086464825,293.5731370442469,296.4223327636719,834300,0.0,0.0
2022-11-23 00:00:00-05:00,296.42225973737584,298.0712749404853,295.2903893757631,296.861328125,493100,0.0,0.0
2022-11-25 00:00:00-05:00,297.4371059034625,300.66685761688973,295.2319367385136,299.6325378417969,263000,0.0,0.0
2022-11-28 00:00:00-05:00,297.856717850926,300.6180704192641,297.32980581641027,297.866455078125,930400,0.0,0.0
2022-11-29 00:00:00-05:00,296.8613893804951,299.46664812774657,294.851352051433,295.3880310058594,718800,0.0,0.0
2022-11-30 00:00:00-05:00,294.1976663117544,301.50600625497503,293.4560886122451,300.803466796875,1320000,0.0,0.0
2022-12-01 00:00:00-05:00,302.4817415127865,302.4817415127865,295.0270159126492,295.7198181152344,1023300,0.0,0.0
2022-12-02 00:00:00-05:00,292.7437506835485,300.46191688833756,292.3144194065538,299.3398132324219,807600,0.0,0.0
2022-12-05 00:00:00-05:00,297.8469092277473,303.8965553310677,297.8469092277473,301.25225830078125,980000,0.0,0.0
2022-12-06 00:00:00-05:00,301.5450656047232,302.73547894268194,299.98386339105434,300.4912414550781,859000,0.0,0.0
2022-12-07 00:00:00-05:00,300.53016417721744,301.75961528672457,296.07099193228714,296.7637939453125,788600,0.0,0.0
2022-12-08 00:00:00-05:00,295.9539718341989,299.2422361447112,295.2904706808063,299.1349182128906,1000800,0.0,0.0
2022-12-09 00:00:00-05:00,299.06663016364365,300.8717691233845,297.7200937528374,298.2665100097656,698200,0.0,0.0
2022-12-12 00:00:00-05:00,299.18371029032744,301.06689592325625,296.58821822298336,300.13995361328125,914900,0.0,0.0
2022-12-13 00:00:00-05:00,305.69196976576666,306.83357776679765,300.9400837830726,302.47198486328125,913700,0.0,0.0
2022-12-14 00:00:00-05:00,301.6621401824642,307.0092479026656,298.6470835858715,298.71539306640625,1150100,0.0,0.0
2022-12-15 00:00:00-05:00,294.0415575581462,298.4128879320664,291.3387175351218,296.2955322265625,1015900,0.0,0.0
2022-12-16 00:00:00-05:00,293.72927944762597,293.72927944762597,287.845522999115,291.51434326171875,2138000,0.0,0.0
2022-12-19 00:00:00-05:00,289.71894062894125,292.7730050782282,288.02111984849415,289.85552978515625,890900,0.0,0.0
2022-12-20 00:00:00-05:00,291.4947486639079,293.182802269486,287.8649673948934,290.5873107910156,564200,0.0,0.0
2022-12-21 00:00:00-05:00,292.3534531582998,295.7490650849469,291.08499335410886,295.6807556152344,635500,0.0,0.0
2022-12-22 00:00:00-05:00,294.12932807842435,295.62222055875424,289.37744252918645,292.87060546875,515800,0.0,0.0
2022-12-23 00:00:00-05:00,291.95342086998824,294.82212109607525,291.0069445399194,293.2999572753906,430000,0.0,0.0
2022-12-27 00:00:00-05:00,293.5146226659042,295.1050959613574,292.29493820956924,293.6707458496094,338900,0.0,0.0
2022-12-28 00:00:00-05:00,294.40251776479863,295.30021850855644,292.0607298724265,292.2461242675781,384700,0.0,0.0
2022-12-29 00:00:00-05:00,294.646470299922,297.15414849201017,291.3289347944391,296.02227783203125,404600,0.0,0.0
2022-12-30 00:00:00-05:00,294.0122452703154,294.7245218911962,289.7189622050157,292.8608703613281,433000,0.0,0.0
2023-01-03 00:00:00-05:00,293.7487685835368,294.6757406056937,289.30912943572247,292.1583251953125,531400,0.0,0.0
2023-01-04 00:00:00-05:00,294.4025179436575,296.6272209093799,292.89985855268094,295.3782653808594,587000,0.0,0.0
2023-01-05 00:00:00-05:00,294.7830300228998,295.56364580222396,291.289867464947,293.06573486328125,578600,0.0,0.0
2023-01-06 00:00:00-05:00,296.03201697841985,301.77915366071863,292.5973670844645,299.8764343261719,688200,0.0,0.0
2023-01-09 00:00:00-05:00,300.75467043836125,304.77474547814165,298.37384409447066,298.9007263183594,709100,0.0,0.0
2023-01-10 00:00:00-05:00,299.0275388554332,300.1789434144009,296.5491619075737,299.8764343261719,558200,0.0,0.0
2023-01-11 00:00:00-05:00,300.1886896568179,304.74544323836693,299.9935580380847,304.61859130859375,520900,0.0,0.0
2023-01-12 00:00:00-05:00,305.6041214994916,309.3412212317815,301.3693512480365,308.2093505859375,731200,0.0,0.0
2023-01-13 00:00:00-05:00,307.448303102903,309.99501978501064,306.58964046337945,309.4778747558594,677500,0.0,0.0
2023-01-17 00:00:00-05:00,309.67295169216453,311.75129844619755,307.6043719410447,309.2533874511719,757700,0.0,0.0
2023-01-18 00:00:00-05:00,308.98994868179994,310.8536000503783,305.7797313313968,306.4725036621094,905200,0.0,0.0
2023-01-19 00:00:00-05:00,303.53547138123326,313.52714445588686,303.53547138123326,311.224365234375,1154500,0.0,0.0
2023-01-20 00:00:00-05:00,311.26343160325047,317.5082092285156,309.27289849919924,317.5082092285156,985800,0.0,0.0
2023-01-23 00:00:00-05:00,316.981293470136,320.3671382182698,314.16139890258376,318.0838928222656,627900,0.0,0.0
2023-01-24 00:00:00-05:00,318.454734914566,320.04520824431904,315.2835552597062,316.4739685058594,490400,0.0,0.0
2023-01-25 00:00:00-05:00,312.5904380449413,315.3030445358371,309.03873281966696,315.08837890625,741200,0.0,0.0
2023-01-26 00:00:00-05:00,315.33228009669114,318.0936319591686,314.5126261292086,316.9617614746094,663000,0.0,0.0
2023-01-27 00:00:00-05:00,316.2592622517152,316.44465665147584,310.05352269377886,311.55615234375,909300,0.0,0.0
2023-01-30 00:00:00-05:00,311.263450189238,313.8687090969753,309.11679379419417,309.8388671875,928300,0.0,0.0
2023-01-31 00:00:00-05:00,310.073449558949,312.223898368863,307.91324632039243,311.50054931640625,791800,0.56,0.0
2023-02-01 00:00:00-05:00,309.22301690563256,314.67729302031137,308.41169911314694,312.18475341796875,1181500,0.0,0.0
2023-02-02 00:00:00-05:00,313.44568044072645,315.86003532547835,310.9628954176494,315.7231750488281,1531900,0.0,0.0
2023-02-03 00:00:00-05:00,307.90344325914174,311.1486549631815,302.6055359673633,306.5740966796875,1586700,0.0,0.0
2023-02-06 00:00:00-05:00,304.3552874118838,310.7577434504283,303.3387087287599,310.572021484375,796900,0.0,0.0
2023-02-07 00:00:00-05:00,308.4117605804942,313.7292072999906,307.3952118179871,312.5953369140625,635200,0.0,0.0
2023-02-08 00:00:00-05:00,310.8457069870356,314.6089482251827,310.1712492966007,312.4096374511719,661000,0.0,0.0
2023-02-09 00:00:00-05:00,314.4525108098967,316.27059300347787,309.5749090228152,310.2298278808594,884200,0.0,0.0
2023-02-10 00:00:00-05:00,309.0080137068487,311.98928930605916,308.1966958049924,310.6599426269531,673300,0.0,0.0
2023-02-13 00:00:00-05:00,311.18775452688715,314.1885986328125,309.9952681556027,314.1885986328125,515700,0.0,0.0
2023-02-14 00:00:00-05:00,314.39390199256553,314.4329793692542,305.3229391509587,305.4011535644531,763100,0.0,0.0
2023-02-15 00:00:00-05:00,303.9056693038942,308.7930268305785,303.2312115788067,307.9719543457031,467800,0.0,0.0
2023-02-16 00:00:00-05:00,303.4364052021713,304.9710422857071,302.7130859936501,303.2604675292969,758700,0.0,0.0
2023-02-17 00:00:00-05:00,302.21455867960896,303.8860560210966,300.73859735328085,303.2799987792969,592200,0.0,0.0
2023-02-21 00:00:00-05:00,300.8852535184496,302.9574881137174,296.61370827309963,297.81597900390625,846900,0.0,0.0
2023-02-22 00:00:00-05:00,297.77684865843486,300.8754157405588,297.1023911259741,298.00164794921875,622300,0.0,0.0
2023-02-23 00:00:00-05:00,298.65653938150774,300.0543159474102,294.9030537971691,297.62042236328125,590100,0.0,0.0
2023-02-24 00:00:00-05:00,295.5970886930985,297.7475075770818,294.4925413913446,296.14447021484375,675700,0.0,0.0
2023-02-27 00:00:00-05:00,298.5099783436092,299.15508315919453,295.01061434119,295.7730407714844,559500,0.0,0.0
2023-02-28 00:00:00-05:00,296.0858325165552,299.1941840646127,295.4113749389503,297.20013427734375,900800,0.0,0.0
2023-03-01 00:00:00-05:00,295.49939166805336,299.16490960561487,293.7790323704049,294.91290283203125,944700,0.0,0.0
2023-03-02 00:00:00-05:00,293.64214324512574,295.5188713495814,290.80748257211013,294.9910583496094,797000,0.0,0.0
2023-03-03 00:00:00-05:00,296.4181928800817,297.239265251074,293.11433487747945,297.2197265625,755900,0.0,0.0
2023-03-06 00:00:00-05:00,298.06034187541854,299.35061126112976,297.4738530791808,298.4513244628906,575100,0.0,0.0
2023-03-07 00:00:00-05:00,299.35055909594223,300.38667619571487,294.1504050815768,294.7760009765625,546900,0.0,0.0
2023-03-08 00:00:00-05:00,294.8737784675929,297.1219505123908,292.01954916310024,294.0038146972656,627500,0.0,0.0
2023-03-09 00:00:00-05:00,295.470013185856,295.9880717637961,288.52996122907035,290.0841369628906,948400,0.0,0.0
2023-03-10 00:00:00-05:00,289.55633318591873,291.7360750880222,286.0765377533594,287.61114501953125,694500,0.0,0.0
2023-03-13 00:00:00-04:00,283.94561051220194,290.93455373117513,282.7824173520401,286.82916259765625,1135800,0.0,0.0
2023-03-14 00:00:00-04:00,290.91500850046464,291.2669136861028,281.95161323124955,285.9787902832031,1261800,0.0,0.0
2023-03-15 00:00:00-04:00,279.79141563539076,281.3944831165397,274.56196729178725,279.41021728515625,1514600,0.0,0.0
2023-03-16 00:00:00-04:00,279.1071536891464,293.3488873661228,277.7191313659876,292.283447265625,1620500,0.0,0.0
2023-03-17 00:00:00-04:00,290.8172442554635,291.28644120831046,288.0510136604884,289.908203125,2935300,0.0,0.0
2023-03-20 00:00:00-04:00,290.5631311118575,294.844460221813,289.3608306619205,293.7008056640625,1305100,0.0,0.0
2023-03-21 00:00:00-04:00,296.7114232852211,298.5197512909361,295.14749295276823,297.96258544921875,1001700,0.0,0.0
2023-03-22 00:00:00-04:00,298.43175566025195,300.51377427027353,294.6684852466968,294.7173767089844,1034600,0.0,0.0
2023-03-23 00:00:00-04:00,293.1925707956291,297.9430676826578,292.47900590454697,296.1640625,957000,0.0,0.0
2023-03-24 00:00:00-04:00,294.2579457546602,302.35140629973404,294.1504084083447,302.19500732421875,895900,0.0,0.0
2023-03-27 00:00:00-04:00,303.7589672493168,305.3717888036145,301.5889799378812,302.19500732421875,726300,0.0,0.0
2023-03-28 00:00:00-04:00,301.1393485220999,302.44918632996195,299.47766519058194,302.03863525390625,573500,0.0,0.0
2023-03-29 00:00:00-04:00,303.80788730195457,305.733507177587,303.1138909515667,305.6455383300781,507000,0.0,0.0
2023-03-30 00:00:00-04:00,307.004233970045,307.53207692966913,303.1823466757265,305.9485778808594,517100,0.0,0.0
2023-03-31 00:00:00-04:00,307.91325989845,308.3433496793985,305.8214568883771,308.18695068359375,606700,0.0,0.0
2023-04-03 00:00:00-04:00,307.4538894122017,311.34420683338607,307.15087563809124,309.9366455078125,1135200,0.0,0.0
2023-04-04 00:00:00-04:00,309.91709631223597,311.67653299453536,306.77942130244213,311.6667785644531,908800,0.0,0.0
2023-04-05 00:00:00-04:00,312.7028824845352,315.5961895069381,310.7577239234344,314.3157043457031,738700,0.0,0.0
2023-04-06 00:00:00-04:00,314.0126211582485,315.3517519215856,313.2795177625483,314.7945861816406,465800,0.0,0.0
2023-04-10 00:00:00-04:00,313.2404639866121,313.90516718292173,310.327618422135,312.7419738769531,544400,0.0,0.0
2023-04-11 00:00:00-04:00,313.4066257160466,314.49160453377954,312.14567939457993,313.6705322265625,565700,0.0,0.0
2023-04-12 00:00:00-04:00,314.2961550549324,316.0849145504242,313.38708400306695,314.5111999511719,527500,0.0,0.0
2023-04-13 00:00:00-04:00,313.83669496190987,317.77590282543946,313.03516139413097,317.6683654785156,761900,0.0,0.0
2023-04-14 00:00:00-04:00,317.2187835116303,318.5676987792866,314.87285818225615,317.169921875,465000,0.0,0.0
2023-04-17 00:00:00-04:00,319.1443940131101,322.47757487781575,318.5285822932005,322.37982177734375,837600,0.0,0.0
2023-04-18 00:00:00-04:00,322.5655355045594,325.42951931209825,321.3534806137364,324.3934020996094,1123500,0.0,0.0
2023-04-19 00:00:00-04:00,324.89189099594995,325.8595779644456,320.7669612274374,321.6564636230469,687300,0.0,0.0
2023-04-20 00:00:00-04:00,322.31140978423844,326.57320059846603,322.21368650831846,325.56640625,941900,0.0,0.0
2023-04-21 00:00:00-04:00,325.01900196699523,326.534070598724,323.11292093863915,326.0844421386719,2028600,0.0,0.0
2023-04-24 00:00:00-04:00,326.49498744483117,327.2183365678322,323.9535856598836,324.1099548339844,700000,0.0,0.0
2023-04-25 00:00:00-04:00,323.9633141606368,326.41677673257396,321.8422180897273,322.9369812011719,947200,0.0,0.0
2023-04-26 00:00:00-04:00,319.8774778287026,322.61438549307536,318.18644176782374,319.9849853515625,761600,0.0,0.0
2023-04-27 00:00:00-04:00,320.3955729362957,325.5370820240503,318.49927604195506,325.3611145019531,1144000,0.0,0.0
2023-04-28 00:00:00-04:00,320.9984431627599,320.9984431627599,307.26890801731633,318.4425048828125,1451100,0.615,0.0
2023-05-01 00:00:00-04:00,316.54269403584783,320.6850622881259,314.17285140175375,316.728759765625,815700,0.0,0.0
2023-05-02 00:00:00-04:00,315.95512208745316,317.0127320360047,311.81275419463964,314.2609558105469,724100,0.0,0.0
2023-05-03 00:00:00-04:00,315.68086422675515,317.1400125704287,313.2914471756188,313.7027282714844,865900,0.0,0.0
2023-05-04 00:00:00-04:00,313.3502755279416,317.06172817603766,312.6353897980511,314.05535888671875,699700,0.0,0.0
2023-05-05 00:00:00-04:00,314.9464400820734,323.16261919999897,314.4666021198824,321.59576416015625,1150400,0.0,0.0
2023-05-08 00:00:00-04:00,322.69255339424694,326.12983808552946,322.52609241724855,325.64019775390625,919600,0.0,0.0
2023-05-09 00:00:00-04:00,325.9535946215862,329.44963397509787,323.44663836157457,327.980712890625,780700,0.0,0.0
2023-05-10 00:00:00-04:00,328.0884328906087,330.1253237284876,325.8262967185001,326.8447570800781,647800,0.0,0.0
2023-05-11 00:00:00-04:00,327.06994908658635,328.47034319036317,324.73925625563936,328.27447509765625,539700,0.0,0.0
2023-05-12 00:00:00-04:00,329.5279529457219,331.2612690123243,327.34414624328156,329.2048034667969,564700,0.0,0.0
2023-05-15 00:00:00-04:00,330.00780454903827,330.9773127963984,326.69783089087053,327.5106506347656,561800,0.0,0.0
2023-05-16 00:00:00-04:00,326.66841517216443,327.3734984120373,323.58368720469804,324.0831298828125,545300,0.0,0.0
2023-05-17 00:00:00-04:00,326.0318730362663,326.0318730362663,314.85827814500976,315.5535888671875,1340200,0.0,0.0
2023-05-18 00:00:00-04:00,315.08354973834207,317.9626372456542,313.4873174941544,317.5121765136719,815900,0.0,0.0
2023-05-19 00:00:00-04:00,318.7655969016627,321.8992764897263,317.727561989241,320.34222412109375,1274000,0.0,0.0
2023-05-22 00:00:00-04:00,318.6579383618908,320.97882887245106,315.0443901363708,318.92236328125,639800,0.0,0.0
2023-05-23 00:00:00-04:00,317.40444295743936,317.40444295743936,306.5344216468543,307.8858337402344,885700,0.0,0.0
2023-05-24 00:00:00-04:00,306.8967917813108,308.18941958771427,304.879446052329,305.5453796386719,643000,0.0,0.0
2023-05-25 00:00:00-04:00,306.48545840499867,306.48545840499867,301.7359413966424,304.7423400878906,774300,0.0,0.0
2023-05-26 00:00:00-04:00,305.07535197282454,307.1612248963763,303.72393966262035,304.2331848144531,575800,0.0,0.0
2023-05-30 00:00:00-04:00,303.08734959919866,307.16116053384064,303.00902029971076,305.3984375,536100,0.0,0.0
2023-05-31 00:00:00-04:00,303.6357512678178,304.16457117854304,300.53144839092204,301.9024353027344,1054600,0.0,0.0
2023-06-01 00:00:00-04:00,303.0678179597449,306.56382753240604,301.7164057400192,305.5649719238281,928200,0.0,0.0
2023-06-02 00:00:00-04:00,305.8293880963426,308.11112914243364,304.72282587350554,307.2983093261719,824100,0.0,0.0
2023-06-05 00:00:00-04:00,307.3668091409452,308.51258063719956,304.6542125317347,305.89788818359375,697700,0.0,0.0
2023-06-06 00:00:00-04:00,307.36683354729234,308.7965750247659,304.37023694717374,305.90771484375,489400,0.0,0.0
2023-06-07 00:00:00-04:00,305.61389156139813,307.10241727333795,302.86211533059196,305.7999572753906,723600,0.0,0.0
2023-06-08 00:00:00-04:00,306.4267709030003,307.4843810595465,304.6738498333963,306.4071960449219,394400,0.0,0.0
2023-06-09 00:00:00-04:00,304.2331871173846,309.4723156240326,302.7544635080288,307.80755615234375,423900,0.0,0.0
2023-06-12 00:00:00-04:00,307.9641594683257,312.7430234695792,307.0044537664349,311.469970703125,638600,0.0,0.0
2023-06-13 00:00:00-04:00,310.1381906082452,313.6341997798557,309.88356807858554,312.31219482421875,591600,0.0,0.0
2023-06-14 00:00:00-04:00,313.06622007733483,317.6884257442035,311.5287423497447,316.27825927734375,759600,0.0,0.0
2023-06-15 00:00:00-04:00,317.0323114688049,325.9535738263537,315.4165043560254,324.2006530761719,1053500,0.0,0.0
2023-06-16 00:00:00-04:00,326.12981867045926,327.94149376666775,322.2224986200035,322.5554504394531,1464200,0.0,0.0
2023-06-20 00:00:00-04:00,320.66547835861354,324.91555302614614,319.40219788305035,322.1343994140625,854500,0.0,0.0
2023-06-21 00:00:00-04:00,321.34112471105254,324.151655026474,320.1365989107563,323.01568603515625,702100,0.0,0.0
2023-06-22 00:00:00-04:00,324.0146152713668,326.8055713712833,322.53589178333425,326.482421875,809600,0.0,0.0
2023-06-23 00:00:00-04:00,326.60965060418556,327.77499689348963,323.3192821769306,324.5629577636719,3128200,0.0,0.0
2023-06-26 00:00:00-04:00,324.3768897312037,324.70984154214574,321.6447184306073,323.5445251464844,788600,0.0,0.0
2023-06-27 00:00:00-04:00,324.3769059515764,327.64769966584976,324.1810677569615,326.7272033691406,571200,0.0,0.0
2023-06-28 00:00:00-04:00,326.100450669225,327.0014020007743,323.7795603515112,326.67822265625,643000,0.0,0.0
2023-06-29 00:00:00-04:00,327.0796803878619,335.2468760065242,326.051447837756,335.03143310546875,1027500,0.0,0.0
2023-06-30 00:00:00-04:00,336.5983528254403,340.1727212910993,335.4232040682466,338.0476989746094,950000,0.0,0.0
2023-07-03 00:00:00-04:00,334.82586189885575,334.82586189885575,327.9219151527864,331.6725769042969,376100,0.0,0.0
2023-07-05 00:00:00-04:00,329.67480068678896,332.3678222769436,327.5301738296259,331.4472961425781,652900,0.0,0.0
2023-07-06 00:00:00-04:00,330.4876516729099,332.9358533508924,329.15581441974473,330.1448974609375,672200,0.0,0.0
2023-07-07 00:00:00-04:00,328.48011562664215,330.9185448737992,327.4714577084286,328.4605407714844,824800,0.0,0.0
2023-07-10 00:00:00-04:00,328.6172757786106,333.02403952008825,326.8937319519878,330.52685546875,538900,0.0,0.0
2023-07-11 00:00:00-04:00,330.99689615305965,332.8575236159179,329.6063043273918,332.1916198730469,504200,0.0,0.0
2023-07-12 00:00:00-04:00,334.3264578976019,336.0989537481772,328.16677332066837,328.8718566894531,602800,0.0,0.0
2023-07-13 00:00:00-04:00,328.33327996012736,330.9479729613722,327.3539991167859,329.8707580566406,459300,0.0,0.0
2023-07-14 00:00:00-04:00,329.9490313928062,330.663917045853,328.1765357579162,329.5377502441406,387300,0.0,0.0
2023-07-17 00:00:00-04:00,329.5279277579124,332.9064578420803,328.3527790629132,330.4974060058594,756700,0.0,0.0
2023-07-18 00:00:00-04:00,329.58667083299935,331.0457893393092,325.68912335148593,327.7260437011719,1051600,0.0,0.0
2023-07-19 00:00:00-04:00,326.61950088697625,329.69445672604337,325.3170706647783,325.698974609375,950000,0.0,0.0
2023-07-20 00:00:00-04:00,325.06245032645313,333.1415164090854,324.3475646295328,332.5735168457031,941000,0.0,0.0
2023-07-21 00:00:00-04:00,334.0326295551203,336.3241426477872,332.5441038678927,333.8367614746094,2135200,0.0,0.0
2023-07-24 00:00:00-04:00,333.86616378422883,336.4024972254731,331.7019617927527,335.4721984863281,674800,0.0,0.0
2023-07-25 00:00:00-04:00,335.0609027836442,337.06844625319826,333.729095307988,336.09893798828125,522800,0.0,0.0
2023-07-26 00:00:00-04:00,335.4623902230745,336.6962934537303,333.3471403499253,334.1795349121094,520900,0.0,0.0
2023-07-27 00:00:00-04:00,334.91400409713833,335.75617116601757,329.5279601715996,330.07635498046875,968700,0.0,0.0
2023-07-28 00:00:00-04:00,327.94150657622845,336.55916428227295,311.16642437658055,313.19354248046875,1683000,0.0,0.0
2023-07-31 00:00:00-04:00,310.6572011308379,315.258878391318,308.3416605606512,312.5018005371094,811000,0.615,0.0
2023-08-01 00:00:00-04:00,312.01127552381075,315.66121994463373,311.03992924776213,313.47320556640625,709100,0.0,0.0
2023-08-02 00:00:00-04:00,312.30557517692085,318.2612685524144,311.049682087619,317.29974365234375,870800,0.0,0.0
2023-08-03 00:00:00-04:00,314.73888608978945,316.0143917679687,311.1772435383068,311.34405517578125,1464900,0.0,0.0
2023-08-04 00:00:00-04:00,308.8911468230459,313.9735870775791,308.5673447933736,309.1266174316406,854000,0.0,0.0
2023-08-07 00:00:00-04:00,311.3538895802294,312.9531974987166,309.7251777754255,312.2860107421875,829700,0.0,0.0
2023-08-08 00:00:00-04:00,312.55085982455597,312.87466183096035,307.1250053604795,308.22393798828125,1440100,0.0,0.0
2023-08-09 00:00:00-04:00,308.41034298265924,312.6686359493767,307.4389968153318,310.8829040527344,711200,0.0,0.0
2023-08-10 00:00:00-04:00,312.3056015011511,314.4641819660478,309.2345723955719,311.0399169921875,633900,0.0,0.0
2023-08-11 00:00:00-04:00,310.45120475383806,314.91550479363974,310.362903274118,314.7585144042969,505400,0.0,0.0
2023-08-14 00:00:00-04:00,315.20984214129516,317.76085337550535,313.98338291605864,316.1910095214844,574200,0.0,0.0
2023-08-15 00:00:00-04:00,315.2785137971875,316.75026492673675,311.491221929717,311.5697021484375,569600,0.0,0.0
2023-08-16 00:00:00-04:00,312.26634689574996,317.40765449975174,311.618772817384,315.2294616699219,950000,0.0,0.0
2023-08-17 00:00:00-04:00,315.2000892423911,318.20245968145804,312.9335944980535,312.9924621582031,746200,0.0,0.0
2023-08-18 00:00:00-04:00,312.99241788006515,319.54660928763224,312.30558868500475,317.9571228027344,977400,0.0,0.0
2023-08-21 00:00:00-04:00,318.3986203376621,320.1058419128182,314.03241373519757,317.6529235839844,723800,0.0,0.0
2023-08-22 00:00:00-04:00,317.505786015756,318.339784318984,315.37663951995165,317.368408203125,450200,0.0,0.0
2023-08-23 00:00:00-04:00,319.3699996628512,321.6070602139276,317.7903344671962,319.72320556640625,486000,0.0,0.0
2023-08-24 00:00:00-04:00,320.0862633313074,322.36254902558716,316.8680353398907,320.8711853027344,425500,0.0,0.0
2023-08-25 00:00:00-04:00,323.7852603602337,327.965043302961,322.7256126830016,325.8162841796875,1041500,0.0,0.0
2023-08-28 00:00:00-04:00,325.6887405395002,327.4646513092244,323.28486820068724,325.266845703125,540700,0.0,0.0
2023-08-29 00:00:00-04:00,325.7475749425414,327.0230805781272,323.2259675526353,326.92498779296875,446600,0.0,0.0
2023-08-30 00:00:00-04:00,327.08199255920437,329.5152988065677,326.03216606146475,328.3280944824219,490400,0.0,0.0
2023-08-31 00:00:00-04:00,329.40737857321034,330.29042334273163,327.1114501953125,327.1114501953125,537900,0.0,0.0
2023-09-01 00:00:00-04:00,329.03450676182456,330.61417196654685,327.88652768297385,328.04351806640625,364000,0.0,0.0
2023-09-05 00:00:00-04:00,328.04352935944894,329.27980995725477,323.12787073755925,323.2456359863281,489100,0.0,0.0
2023-09-06 00:00:00-04:00,322.55882068761167,325.60044597392164,321.4795304321009,325.3944091796875,541700,0.0,0.0
2023-09-07 00:00:00-04:00,325.5807136032596,328.9853651397616,325.1686401285193,328.092529296875,515100,0.0,0.0
2023-09-08 00:00:00-04:00,328.4948401482896,329.99602510276156,327.003476449728,327.1702880859375,750300,0.0,0.0
2023-09-11 00:00:00-04:00,327.90618988377105,329.79983596905896,326.0615901962521,326.8759460449219,805300,0.0,0.0
2023-09-12 00:00:00-04:00,325.9438085246704,330.6533998691076,325.25697939646636,328.6812438964844,760000,0.0,0.0
2023-09-13 00:00:00-04:00,329.1130207237298,331.6346284875689,327.7982598134012,329.02471923828125,735300,0.0,0.0
2023-09-14 00:00:00-04:00,331.2323255300412,332.47839744852035,328.11222013416545,332.3704833984375,773300,0.0,0.0
2023-09-15 00:00:00-04:00,330.33941988105323,333.0572726341673,327.76876618635515,329.8292236328125,1555700,0.0,0.0
2023-09-18 00:00:00-04:00,329.7605970982243,334.35245402939404,326.8465282875095,332.9297790527344,568400,0.0,0.0
2023-09-19 00:00:00-04:00,333.5184567381206,335.95173287957977,332.61576949854873,334.9411315917969,472900,0.0,0.0
2023-09-20 00:00:00-04:00,336.03021597673063,338.1887662527679,335.0294060830399,335.578857421875,442000,0.0,0.0
2023-09-21 00:00:00-04:00,335.2452894801154,336.39326857951977,330.506263838246,331.84063720703125,837100,0.0,0.0
2023-09-22 00:00:00-04:00,331.38929442107377,333.6263549295922,329.4662146716447,329.6918640136719,705100,0.0,0.0
2023-09-25 00:00:00-04:00,328.3084637904834,329.9470267950898,326.87596753290666,329.2111511230469,507000,0.0,0.0
2023-09-26 00:00:00-04:00,328.18091149611627,328.28882554700544,324.4720995967572,325.0902099609375,475600,0.0,0.0
2023-09-27 00:00:00-04:00,325.227492738364,327.2290822088634,321.4107379606535,323.7066955566406,467900,0.0,0.0
2023-09-28 00:00:00-04:00,324.40336960256417,326.69929763589084,322.6176378179151,323.1769104003906,426600,0.0,0.0
2023-09-29 00:00:00-04:00,323.86376305868737,324.74683778433166,317.4665615833814,318.1141357421875,639900,0.0,0.0
2023-10-02 00:00:00-04:00,317.80009579367317,318.8892071125765,313.67921092676437,315.30792236328125,661700,0.0,0.0
2023-10-03 00:00:00-04:00,315.0823286401221,316.21066529293176,312.1486473542457,313.00225830078125,675900,0.0,0.0
2023-10-04 00:00:00-04:00,314.04225592502564,319.3012988000574,312.53124974973855,318.84014892578125,617500,0.0,0.0
2023-10-05 00:00:00-04:00,319.5073726498666,321.8033008168547,318.20240321478605,319.7134094238281,490300,0.0,0.0
2023-10-06 00:00:00-04:00,319.91948750640177,322.4803503705714,318.6341604171607,320.88104248046875,456100,0.0,0.0
2023-10-09 00:00:00-04:00,319.43868103477826,321.68553284605343,318.50656001762695,321.37158203125,582000,0.0,0.0
2023-10-10 00:00:00-04:00,321.5187487210176,321.5187487210176,316.76990208310053,319.36016845703125,1061700,0.0,0.0
2023-10-11 00:00:00-04:00,319.5171987758703,321.3716197721319,317.85902326190376,321.15576171875,698000,0.0,0.0
2023-10-12 00:00:00-04:00,321.1458812613578,323.01991448324475,316.4362899830139,318.34954833984375,650700,0.0,0.0
2023-10-13 00:00:00-04:00,318.97754227206144,322.04860116494,318.52621363148234,319.9587097167969,658000,0.0,0.0
2023-10-16 00:00:00-04:00,321.5579882285986,323.21616345498245,319.32092785555596,321.5677795410156,661400,0.0,0.0
2023-10-17 00:00:00-04:00,319.81152944163875,322.9316346208613,318.6733716522736,321.37158203125,669200,0.0,0.0
2023-10-18 00:00:00-04:00,321.1655320597068,322.0387854731799,318.32997366571084,318.8794250488281,698900,0.0,0.0
2023-10-19 00:00:00-04:00,319.56621476218993,320.6160410599063,312.67840086879585,313.07086181640625,820600,0.0,0.0
2023-10-20 00:00:00-04:00,313.68906870892954,314.8076140873687,307.8609310724012,308.204345703125,797700,0.0,0.0
2023-10-23 00:00:00-04:00,307.7824222802174,310.1176056209986,306.72274465763127,307.5763854980469,498900,0.0,0.0
2023-10-24 00:00:00-04:00,308.5575402078427,314.42490220055345,308.4594174775306,313.7478942871094,617500,0.0,0.0
2023-10-25 00:00:00-04:00,314.7879278313664,318.19257995103794,312.80598043720454,313.6301574707031,630500,0.0,0.0
2023-10-26 00:00:00-04:00,314.2090128429955,321.50890009615466,313.3455808109024,313.6889953613281,1059600,0.0,0.0
2023-10-27 00:00:00-04:00,303.19056898876084,307.14467268865644,294.7525227720399,301.1006774902344,1899200,0.0,0.0
2023-10-30 00:00:00-04:00,301.42443961095194,303.798877980781,296.6167251634195,302.9747009277344,1159600,0.0,0.0
2023-10-31 00:00:00-04:00,304.9262010754815,305.3587786849018,301.55408789520794,304.17901611328125,1369900,0.615,0.0
2023-11-01 00:00:00-04:00,305.3882536964003,307.59044503406847,304.28715802756614,306.4893493652344,880400,0.0,0.0
2023-11-02 00:00:00-04:00,306.7252895559782,315.8781847972002,305.50622363851227,315.82904052734375,970100,0.0,0.0
2023-11-03 00:00:00-04:00,317.5003803822343,318.6407795173975,314.4526854454015,317.8247985839844,840000,0.0,0.0
2023-11-06 00:00:00-05:00,318.5425089251303,320.35145627928364,315.83891374861776,320.0270080566406,654500,0.0,0.0
2023-11-07 00:00:00-05:00,320.33175681279266,321.4033899711115,319.1815168210902,320.8331604003906,785300,0.0,0.0
2023-11-08 00:00:00-05:00,320.72504742920654,323.35981660771074,318.84727409600555,322.012939453125,614700,0.0,0.0
2023-11-09 00:00:00-05:00,322.7797602545684,327.1939839968508,320.06632436709606,326.1813659667969,903600,0.0,0.0
2023-11-10 00:00:00-05:00,327.66588468339967,328.51135815638116,325.58166356128913,328.4032287597656,613200,0.0,0.0
2023-11-13 00:00:00-05:00,328.40323549777213,330.52679008158884,327.1153435515039,327.98046875,790700,0.0,0.0
2023-11-14 00:00:00-05:00,327.3611754642007,329.5437155121412,326.0241090371408,327.6954345703125,934800,0.0,0.0
2023-11-15 00:00:00-05:00,327.02683505841964,329.33715565874166,323.7431699446224,324.1364440917969,1018300,0.0,0.0
2023-11-16 00:00:00-05:00,325.51286416658985,329.07177373210754,325.00161969688475,328.0296630859375,866600,0.0,0.0
2023-11-17 00:00:00-05:00,328.30495111061117,328.36393624385926,322.6028348774808,324.1758117675781,1419100,0.0,0.0
2023-11-20 00:00:00-05:00,323.7235613879262,326.5057933341426,321.4918773180114,325.6111755371094,929100,0.0,0.0
2023-11-21 00:00:00-05:00,325.0212625199049,325.41450667851177,318.5817731626184,320.4300537109375,1166000,0.0,0.0
2023-11-22 00:00:00-05:00,321.0985565824504,324.63781384760296,320.86261609897514,323.4285888671875,618800,0.0,0.0
2023-11-24 00:00:00-05:00,324.2347915030863,325.7783058034747,322.1309184461695,324.4510803222656,250500,0.0,0.0
2023-11-27 00:00:00-05:00,325.0704454022813,325.3850527675799,321.08879906919134,322.012939453125,978300,0.0,0.0
2023-11-28 00:00:00-05:00,321.59015944364836,322.46515551688225,317.4217170341429,317.6969909667969,636300,0.0,0.0
2023-11-29 00:00:00-05:00,317.7068139127717,318.63095420657385,314.2068898223491,316.6647033691406,645600,0.0,0.0
2023-11-30 00:00:00-05:00,317.43154953302496,323.3303022225556,316.12397588538533,322.9468688964844,1497700,0.0,0.0
2023-12-01 00:00:00-05:00,323.13366308717633,323.65471837135016,320.6955311926003,321.2558898925781,924400,0.0,0.0
2023-12-04 00:00:00-05:00,320.8724271331718,323.4383696603146,319.30926157021094,320.6069641113281,896800,0.0,0.0
2023-12-05 00:00:00-05:00,320.0467169741017,320.6464091902519,316.5566030843624,316.8122253417969,1190300,0.0,0.0
2023-12-06 00:00:00-05:00,317.2251094545175,318.50316056789256,311.36566003576746,314.1872253417969,1323400,0.0,0.0
2023-12-07 00:00:00-05:00,314.83608329919207,316.45826428755424,314.15772434108624,316.2616271972656,903600,0.0,0.0
2023-12-08 00:00:00-05:00,316.7040638606319,318.7391108493637,314.9540716632126,318.6309814453125,978900,0.0,0.0
2023-12-11 00:00:00-05:00,319.91886649675973,325.1392604026883,319.91886649675973,323.9005126953125,905100,0.0,0.0
2023-12-12 00:00:00-05:00,324.30357699192166,326.85970908047796,323.4777552407155,326.8400573730469,577900,0.0,0.0
2023-12-13 00:00:00-05:00,327.25298212249294,331.33294696863817,326.4664937193599,329.6616516113281,1180700,0.0,0.0
2023-12-14 00:00:00-05:00,329.67144969369747,329.67144969369747,310.8446029985573,312.66339111328125,1927200,0.0,0.0
2023-12-15 00:00:00-05:00,306.06664651160924,308.9177045416726,302.38973663590696,305.191650390625,2907600,0.0,0.0
2023-12-18 00:00:00-05:00,307.4036418059134,310.99204350295474,307.2758307039394,308.7505187988281,872400,0.0,0.0
2023-12-19 00:00:00-05:00,308.750547803112,309.8614844060408,306.6073414378312,307.7281188964844,968200,0.0,0.0
2023-12-20 00:00:00-05:00,286.06983176489166,292.00788741444984,280.0432684294929,289.1568298339844,2768400,0.0,0.0
2023-12-21 00:00:00-05:00,287.4953772537183,290.0711612139287,282.30447591332086,283.3269348144531,2082300,0.0,0.0
2023-12-22 00:00:00-05:00,284.2412116839502,286.86616971082077,280.1907398244489,286.7481994628906,1882200,0.0,0.0
2023-12-26 00:00:00-05:00,285.5488116313635,286.05018523135027,282.62892771512196,284.70330810546875,981900,0.0,0.0
2023-12-27 00:00:00-05:00,284.20186869970917,285.59791992596695,282.77635491506703,284.9785461425781,1051700,0.0,0.0
2023-12-28 00:00:00-05:00,285.10639855444714,287.475734639299,283.60221772079876,284.42803955078125,1086700,0.0,0.0
2023-12-29 00:00:00-05:00,284.42805557459286,286.2959881525923,283.30730802883767,286.10919189453125,773200,0.0,0.0
2024-01-02 00:00:00-05:00,286.5220615029331,287.9082718810897,282.9336598870496,283.1597595214844,1174200,0.0,0.0
2024-01-03 00:00:00-05:00,284.01513332422684,288.01643121183724,282.94350015248256,285.98138427734375,1244000,0.0,0.0
2024-01-04 00:00:00-05:00,287.3970280526922,290.35624503618953,285.5979218152092,285.8338623046875,903300,0.0,0.0
2024-01-05 00:00:00-05:00,286.2173297664186,287.6723362953491,281.0362392132191,284.70330810546875,867300,0.0,0.0
2024-01-08 00:00:00-05:00,286.9349627157292,290.9362902646933,285.52910060477626,290.5528869628906,1556700,0.0,0.0
2024-01-09 00:00:00-05:00,288.48832993878716,289.2060223070075,285.2931722762313,289.01922607421875,826900,0.0,0.0
2024-01-10 00:00:00-05:00,289.0585492342665,294.2887841043958,288.4981905002314,294.24945068359375,1157500,0.0,0.0
2024-01-11 00:00:00-05:00,294.35762439825686,294.9769982949062,290.5430924654921,293.57110595703125,1078200,0.0,0.0
2024-01-12 00:00:00-05:00,294.5640509882868,295.8617838201828,293.8660402994705,295.173583984375,755100,0.0,0.0
2024-01-16 00:00:00-05:00,294.701679958564,295.7732830459011,292.9123845271837,295.2522277832031,817400,0.0,0.0
2024-01-17 00:00:00-05:00,295.4783172939401,299.72542608350005,294.4165550978527,298.1426086425781,1247400,0.0,0.0
2024-01-18 00:00:00-05:00,296.0682536871057,303.46137703239594,295.20309840179635,302.0948181152344,1488500,0.0,0.0
2024-01-19 00:00:00-05:00,303.79559506714793,307.47247453024056,302.3602103547542,306.32220458984375,1492500,0.0,0.0
2024-01-22 00:00:00-05:00,306.0862743206873,306.98092208142975,300.61025835787234,301.2591247558594,1716500,0.0,0.0
2024-01-23 00:00:00-05:00,302.56668906752327,304.11017317600056,299.1159092401227,299.3223571777344,1069900,0.0,0.0
2024-01-24 00:00:00-05:00,300.62011524965925,301.61308160899466,297.8870275501288,298.92913818359375,1070000,0.0,0.0
2024-01-25 00:00:00-05:00,297.7395244019461,298.6243312347131,291.4081946168766,294.6524963378906,1845300,0.0,0.0
2024-01-26 00:00:00-05:00,294.7311618711968,296.8055419921875,292.7845628455966,296.8055419921875,1565600,0.0,0.0
2024-01-29 00:00:00-05:00,296.47131886695956,297.2479964008677,291.98826905540847,293.3548278808594,953500,0.0,0.0
2024-01-30 00:00:00-05:00,293.39415239753,294.8983332977009,292.2832157191311,293.7579040527344,1066500,0.0,0.0
2024-01-31 00:00:00-05:00,294.71837906589036,297.3290285382326,293.42783102362904,293.99920654296875,1330100,0.615,0.0
2024-02-01 00:00:00-05:00,291.99940194608644,296.068089465145,290.20641590980813,295.54595947265625,1647300,0.0,0.0
2024-02-02 00:00:00-05:00,290.8566390252808,296.28484311156984,285.4087426969977,288.0588073730469,2060000,0.0,0.0
2024-02-05 00:00:00-05:00,287.9700916158607,294.0681915270581,287.6942499587163,292.20623779296875,1412200,0.0,0.0
2024-02-06 00:00:00-05:00,290.9156911217374,296.57049021803226,289.3493013396871,296.36358642578125,872300,0.0,0.0
2024-02-07 00:00:00-05:00,297.61474512946035,299.979106458105,295.9005583629925,297.39801025390625,979100,0.0,0.0
2024-02-08 00:00:00-05:00,297.02369126001895,302.8262580674965,296.66905053723076,302.6193542480469,1560600,0.0,0.0
2024-02-09 00:00:00-05:00,303.06260625714873,307.9194030761719,302.11686784495646,307.9194030761719,1085300,0.0,0.0
2024-02-12 00:00:00-05:00,308.9243141569361,310.3232448701224,305.0132549158347,305.4270324707031,955600,0.0,0.0
2024-02-13 00:00:00-05:00,307.1806380821767,308.86524175235655,305.37782083015856,307.8998107910156,995800,0.0,0.0
2024-02-14 00:00:00-05:00,307.89974742732045,308.3923239599391,302.41243763847217,303.8901672363281,912800,0.0,0.0
2024-02-15 00:00:00-05:00,304.02808419876953,310.88477143109435,303.85076385599046,309.70257568359375,1338500,0.0,0.0
2024-02-16 00:00:00-05:00,306.65846361533085,310.2838199006567,306.3629297035604,306.6190490722656,520000,0.0,0.0
2024-02-20 00:00:00-05:00,305.4073451110612,311.00300792424616,304.4418841772661,310.8158264160156,1390800,0.0,0.0
2024-02-21 00:00:00-05:00,310.4217392187929,310.64830518424156,304.9344293884104,306.658447265625,643400,0.0,0.0
2024-02-22 00:00:00-05:00,308.3726624610111,312.70736085434163,306.4023559420396,310.67791748046875,604800,0.0,0.0
2024-02-23 00:00:00-05:00,311.2886628545031,311.4659831830665,309.4070169739004,310.6384582519531,558600,0.0,0.0
2024-02-26 00:00:00-05:00,311.515228892686,312.28364704781944,309.397155906759,309.76165771484375,851100,0.0,0.0
2024-02-27 00:00:00-05:00,309.3380812215159,310.74684297465916,308.5006950524455,310.70745849609375,844500,0.0,0.0
2024-02-28 00:00:00-05:00,311.3280904917607,312.9831706479334,310.3527984849626,312.9437561035156,470700,0.0,0.0
2024-02-29 00:00:00-05:00,312.20487704269726,313.2786903294844,307.03282319291804,311.29852294921875,1149200,0.0,0.0
2024-03-01 00:00:00-05:00,311.3477914384038,311.3477914384038,307.33821114074505,309.5646667480469,587100,0.0,0.0
2024-03-04 00:00:00-05:00,308.8553545819568,311.6236323571472,305.94914094334,311.3182373046875,911600,0.0,0.0
2024-03-05 00:00:00-05:00,310.3626355709153,311.8600574333032,307.9982741854921,310.520263671875,499600,0.0,0.0
2024-03-06 00:00:00-05:00,310.33306655056225,313.2885256496061,308.68784775705467,312.3821716308594,650400,0.0,0.0
2024-03-07 00:00:00-05:00,313.2688156294441,313.75156107839695,310.9044542704107,311.9881286621094,521300,0.0,0.0
2024-03-08 00:00:00-05:00,310.6679721326518,313.288482446838,309.3380097085882,312.04718017578125,653400,0.0,0.0
2024-03-11 00:00:00-04:00,311.3083622885775,313.3377751565657,309.6828657768664,313.2491149902344,554400,0.0,0.0
2024-03-12 00:00:00-04:00,313.29834974151373,316.57892610432293,312.3427501182445,315.8302001953125,533100,0.0,0.0
2024-03-13 00:00:00-04:00,316.58882407447607,316.58882407447607,313.0225742314784,315.5248718261719,807900,0.0,0.0
2024-03-14 00:00:00-04:00,316.33271403173256,316.33271403173256,313.948629942548,315.721923828125,691200,0.0,0.0
2024-03-15 00:00:00-04:00,313.2589831311356,319.0024122845318,313.2491219798282,314.25396728515625,1524900,0.0,0.0
2024-03-18 00:00:00-04:00,314.2736695722827,316.7266909327444,312.98312154160345,315.0322265625,722900,0.0,0.0
2024-03-19 00:00:00-04:00,316.7858174466696,318.2734081967249,314.42145610154836,317.97784423828125,883000,0.0,0.0
2024-03-20 00:00:00-04:00,317.89908971461267,322.3815247657575,316.2440395478352,321.2289123535156,752400,0.0,0.0
2024-03-21 00:00:00-04:00,320.8150713507365,323.43558196227394,319.19943604959485,321.6721496582031,831500,0.0,0.0
2024-03-22 00:00:00-04:00,322.5391308866253,324.6375118777496,321.34710400948205,321.9382019042969,980400,0.0,0.0
2024-03-25 00:00:00-04:00,323.14009989241504,324.38137243884483,321.8199982565203,322.7164611816406,1084000,0.0,0.0
2024-03-26 00:00:00-04:00,321.9874098564962,326.2334169729102,320.9037355202281,325.0216979980469,985200,0.0,0.0
2024-03-27 00:00:00-04:00,326.70632474650876,329.0608250031169,325.16948832797726,328.8342590332031,710800,0.0,0.0
2024-03-28 00:00:00-04:00,330.02628405507755,331.07054392185415,328.6273534435448,328.7652893066406,732100,0.0,0.0
2024-04-01 00:00:00-04:00,328.05603145554096,328.05603145554096,323.475074867033,324.6966552734375,527200,0.0,0.0
2024-04-02 00:00:00-04:00,325.3468396570004,326.2137792709467,324.2927185325661,324.74591064453125,701600,0.0,0.0
2024-04-03 00:00:00-04:00,324.3124342234655,324.84439528659243,317.0912446816747,319.65264892578125,1381400,0.0,0.0
2024-04-04 00:00:00-04:00,320.9826096202939,320.9826096202939,308.65833397521385,310.0966491699219,2153500,0.0,0.0
2024-04-05 00:00:00-04:00,311.56451865297396,315.80066481613517,310.3232161676679,314.25396728515625,752900,0.0,0.0
2024-04-08 00:00:00-04:00,314.5987930699445,316.2144586142929,313.78112921044243,315.09136962890625,771500,0.0,0.0
2024-04-09 00:00:00-04:00,316.1553499206796,316.1553499206796,313.0028479365918,314.65789794921875,716700,0.0,0.0
2024-04-10 00:00:00-04:00,313.18016500722416,314.7268625923191,310.5104085197613,311.3083801269531,803600,0.0,0.0
2024-04-11 00:00:00-04:00,309.96860128849556,311.5546834277187,306.29396921884376,306.38262939453125,846500,0.0,0.0
2024-04-12 00:00:00-04:00,304.7768094765458,307.80123670644116,302.18585201543937,303.4271545410156,742200,0.0,0.0
2024-04-15 00:00:00-04:00,307.4663212577476,307.4663212577476,300.27468482338753,300.6490478515625,958400,0.0,0.0
2024-04-16 00:00:00-04:00,301.14157085000727,302.1956918070763,299.289478344181,299.5357666015625,1230100,0.0,0.0
2024-04-17 00:00:00-04:00,300.59978000013547,303.4468569182965,299.2993706503204,300.26483154296875,833400,0.0,0.0
2024-04-18 00:00:00-04:00,303.01339398445,307.387476394892,303.01339398445,304.1167907714844,637000,0.0,0.0
2024-04-19 00:00:00-04:00,306.4515953376765,306.4515953376765,304.4812890521318,305.58465576171875,823300,0.0,0.0
2024-04-22 00:00:00-04:00,306.38262099319405,308.5795232788366,304.78667774560535,306.4023132324219,938400,0.0,0.0
2024-04-23 00:00:00-04:00,307.36776374426216,309.13119619149217,305.9688331296162,307.2298278808594,620900,0.0,0.0
2024-04-24 00:00:00-04:00,306.4121915452388,306.4121915452388,303.14147578099517,304.2448425292969,849300,0.0,0.0
2024-04-25 00:00:00-04:00,303.1414515249297,303.5749212934337,299.48654194750816,301.45684814453125,1365400,0.0,0.0
2024-04-26 00:00:00-04:00,266.85827688561494,281.6355734048465,264.08013792452255,280.7981872558594,4566600,0.0,0.0
2024-04-29 00:00:00-04:00,277.08413598060446,280.17750069539983,275.70489776097446,276.8674011230469,2879600,0.0,0.0
2024-04-30 00:00:00-04:00,279.65718501667726,285.1577060639751,277.8697673191612,278.4919128417969,4389600,0.675,0.0
2024-05-01 00:00:00-04:00,277.6722141513715,282.59009847134996,277.37596876812313,280.2694091796875,1819700,0.0,0.0
2024-05-02 00:00:00-04:00,280.4373421796984,280.9113348613907,275.83547236142965,276.5958557128906,1300600,0.0,0.0
2024-05-03 00:00:00-04:00,274.4529116104274,277.3957162904629,271.85571650837255,276.4773254394531,1750900,0.0,0.0
2024-05-06 00:00:00-04:00,277.97839223871927,282.13589403220845,276.07247629265146,281.90875244140625,1783200,0.0,0.0
2024-05-07 00:00:00-04:00,283.8837808934366,284.83179634804304,282.2839953960169,284.7528076171875,1541400,0.0,0.0
2024-05-08 00:00:00-04:00,286.105684324601,286.19455793957553,279.6374089831359,280.2694091796875,1980600,0.0,0.0
2024-05-09 00:00:00-04:00,280.34843179524063,284.47627825374343,280.04227137929604,283.99237060546875,2354900,0.0,0.0
2024-05-10 00:00:00-04:00,285.1182088334948,290.6384697662552,284.10105932597133,289.4435729980469,2289000,0.0,0.0
2024-05-13 00:00:00-04:00,287.3104938446549,289.44355122301215,283.9430303540679,284.97991943359375,1829700,0.0,0.0
2024-05-14 00:00:00-04:00,284.51575750487706,285.0391745836574,282.56047767580804,284.3281555175781,890800,0.0,0.0
2024-05-15 00:00:00-04:00,283.41964547692686,285.3551858369828,282.45186022846485,284.1997985839844,1259700,0.0,0.0
2024-05-16 00:00:00-04:00,284.9009071669702,289.65089908348415,283.83439363433024,288.3769836425781,2444500,0.0,0.0
2024-05-17 00:00:00-04:00,289.5225707359336,289.5225707359336,286.4019881360131,288.80169677734375,1498200,0.0,0.0
2024-05-20 00:00:00-04:00,288.96951250637983,290.3816657881223,287.8733744048062,289.3052673339844,1145700,0.0,0.0
2024-05-21 00:00:00-04:00,289.8385955579129,289.9669786333816,286.2045106897295,286.3625183105469,956700,0.0,0.0
2024-05-22 00:00:00-04:00,282.1358877763173,285.15771168566175,280.8817118133046,281.0989685058594,1579500,0.0,0.0
2024-05-23 00:00:00-04:00,280.1706929579241,280.38794965071753,275.3120871181721,275.8157043457031,1548700,0.0,0.0
2024-05-24 00:00:00-04:00,275.91448533835216,278.13641663961516,274.17646179132606,277.2476501464844,1721800,0.0,0.0
2024-05-28 00:00:00-04:00,275.2330578197668,277.7512644095056,274.28504234933985,275.7762145996094,1729700,0.0,0.0
2024-05-29 00:00:00-04:00,274.7689132080944,276.013204201782,272.30010100593177,272.3791198730469,1128600,0.0,0.0
2024-05-30 00:00:00-04:00,272.1223711867555,275.01581204013587,271.63849360794217,273.4555358886719,955500,0.0,0.0
2024-05-31 00:00:00-04:00,274.41342263010324,278.12652587890625,273.30739956966016,278.12652587890625,1823200,0.0,0.0
2024-06-03 00:00:00-04:00,277.267343547186,280.2595426616218,275.1244314818494,277.7512512207031,1482900,0.0,0.0
2024-06-04 00:00:00-04:00,278.1857784954088,282.6000160373754,277.0402459862932,280.9508361816406,1044700,0.0,0.0
2024-06-05 00:00:00-04:00,281.3260846700695,282.4024831423653,279.4794180186599,282.017333984375,1207400,0.0,0.0
2024-06-06 00:00:00-04:00,282.60982876093396,283.2319741820218,279.63739972454005,282.14569091796875,1702600,0.0,0.0
2024-06-07 00:00:00-04:00,282.78764509299117,283.3110622754217,279.4498359013687,279.58807373046875,889300,0.0,0.0
2024-06-10 00:00:00-04:00,280.0226123602991,286.17490452578505,279.7362216456178,283.28143310546875,2081300,0.0,0.0
2024-06-11 00:00:00-04:00,283.5282562423548,290.73720600978356,283.12339755855527,290.03607177734375,3730600,0.0,0.0
2024-06-12 00:00:00-04:00,290.25330545789916,292.35670798853994,287.68573492415027,291.3000793457031,1899800,0.0,0.0
2024-06-13 00:00:00-04:00,291.8234622383022,292.78136249631876,290.54954681257885,291.7345886230469,1352500,0.0,0.0
2024-06-14 00:00:00-04:00,291.73458059229046,292.2579675145188,290.98405212386325,291.7049560546875,860500,0.0,0.0
2024-06-17 00:00:00-04:00,291.31982494073685,296.35620760267875,290.96433046752185,296.267333984375,1971500,0.0,0.0
2024-06-18 00:00:00-04:00,296.32658733311166,298.1140048907746,293.01837307653886,294.0355224609375,1633600,0.0,0.0
2024-06-20 00:00:00-04:00,293.29490348516117,294.01580753155247,290.71747788992815,292.8900146484375,1613000,0.0,0.0
2024-06-21 00:00:00-04:00,293.1171452490251,295.3094517115442,291.0828463854199,293.7491455078125,5490700,0.0,0.0
2024-06-24 00:00:00-04:00,293.58130699679094,295.43785876372675,291.83336851094134,294.7366943359375,1777700,0.0,0.0
2024-06-25 00:00:00-04:00,293.5022409589237,294.6872827881617,288.47574328187835,289.1670227050781,2607100,0.0,0.0
2024-06-26 00:00:00-04:00,287.4981158326713,289.9471581852603,281.79022337674985,285.16754150390625,1534300,0.0,0.0
2024-06-27 00:00:00-04:00,286.28349187297874,289.937346432837,284.9009628984196,289.1473083496094,1001300,0.0,0.0
2024-06-28 00:00:00-04:00,289.1472733016692,291.0729588756957,288.001770959362,289.91754150390625,1312300,0.0,0.0
2024-07-01 00:00:00-04:00,290.72729498291284,291.79383864315486,289.4435247981434,289.8286437988281,1020300,0.0,0.0
2024-07-02 00:00:00-04:00,288.08074432815266,292.17896634122616,288.08074432815266,291.8827209472656,989500,0.0,0.0
2024-07-03 00:00:00-04:00,291.54699556812074,292.30737891399576,290.15458180213994,291.09271240234375,840900,0.0,0.0
2024-07-05 00:00:00-04:00,291.5370976453999,292.1888676856786,288.7226456968361,292.1690979003906,535400,0.0,0.0
2024-07-08 00:00:00-04:00,293.1467608972261,296.33644690937723,292.4752512248645,294.3910217285156,1199800,0.0,0.0
2024-07-09 00:00:00-04:00,294.39106889581956,294.39106889581956,288.89057744499445,289.5028381347656,1170800,0.0,0.0
2024-07-10 00:00:00-04:00,290.45081589856636,291.7543559865453,288.80166620849417,291.7247314453125,921600,0.0,0.0
2024-07-11 00:00:00-04:00,291.11244670243144,295.6254121727377,290.342178557365,293.09735107421875,1031200,0.0,0.0
2024-07-12 00:00:00-04:00,294.19354044019667,296.3562223370447,293.4430118880506,294.4107971191406,1677400,0.0,0.0
2024-07-15 00:00:00-04:00,295.05267593063775,296.0797102214994,293.15661494265225,293.60101318359375,958100,0.0,0.0
2024-07-16 00:00:00-04:00,294.2034149447301,295.4575606480203,293.2060052079503,294.0355224609375,1093100,0.0,0.0
2024-07-17 00:00:00-04:00,294.52930690413325,298.2325253480243,294.32193510959866,296.7018737792969,1199100,0.0,0.0
2024-07-18 00:00:00-04:00,294.9934821993003,299.05219566237963,294.1540798849522,295.9414978027344,756400,0.0,0.0
2024-07-19 00:00:00-04:00,297.6696415599928,297.6696415599928,292.1000164548934,292.47528076171875,883400,0.0,0.0
2024-07-22 00:00:00-04:00,292.92950050646493,297.0869716785391,292.8603665342516,295.388427734375,908500,0.0,0.0
2024-07-23 00:00:00-04:00,295.69455609161395,298.4102494060523,294.6082727384653,294.70703125,1117300,0.0,0.0
2024-07-24 00:00:00-04:00,296.2574827931831,297.97576654958533,293.35415705086035,294.4799499511719,763200,0.0,0.0
2024-07-25 00:00:00-04:00,296.0007346257464,299.9903440744426,294.4799678203401,295.2206115722656,2854000,0.0,0.0
2024-07-26 00:00:00-04:00,303.17015174889343,319.41494880777554,300.3260751451155,318.9705505371094,3070400,0.0,0.0
2024-07-29 00:00:00-04:00,314.41808780766826,317.2325098460555,311.09010336344556,315.3068542480469,1757000,0.0,0.0
2024-07-30 00:00:00-04:00,318.2398040637064,325.6659809325418,318.1904097334586,324.6389465332031,1705200,0.0,0.0
2024-07-31 00:00:00-04:00,323.9871151241084,325.84366652416617,322.38732980950766,324.4117736816406,1326600,0.0,0.0
2024-08-01 00:00:00-04:00,326.5542022598014,326.5542022598014,321.2600599106541,324.39697265625,866300,0.675,0.0
2024-08-02 00:00:00-04:00,325.5151706548075,328.03853189752874,322.51681062098595,326.7619934082031,1649700,0.0,0.0
2024-08-05 00:00:00-04:00,329.760328378957,330.45303112179874,319.57779737203134,321.62615966796875,1192600,0.0,0.0
2024-08-06 00:00:00-04:00,321.38872754238605,327.45472445266535,319.9340757055019,320.02313232421875,1313500,0.0,0.0
2024-08-07 00:00:00-04:00,321.47777216948936,327.3656556227079,321.1809167848397,322.5959777832031,873300,0.0,0.0
2024-08-08 00:00:00-04:00,321.15121997385677,324.8323776089028,321.15121997385677,323.5261535644531,1022800,0.0,0.0
2024-08-09 00:00:00-04:00,323.58553657264554,327.2666943434471,322.7246257567106,326.00006103515625,1460200,0.0,0.0
2024-08-12 00:00:00-04:00,326.0000776491803,326.07922902295473,322.74442249752104,325.4261169433594,806700,0.0,0.0
2024-08-13 00:00:00-04:00,326.3662060619923,327.1380602938728,322.92253245879846,324.1792907714844,675300,0.0,0.0
2024-08-14 00:00:00-04:00,324.17927038728675,327.74168592539485,322.922512153625,327.54376220703125,654700,0.0,0.0
2024-08-15 00:00:00-04:00,328.1572648106766,330.3144943032435,326.34638670610775,327.9989318847656,1430200,0.0,0.0
2024-08-16 00:00:00-04:00,328.097920326314,331.18533713447874,326.5542119222316,328.5827941894531,620600,0.0,0.0
2024-08-19 00:00:00-04:00,328.7510393495442,331.25462048611274,328.6817630250772,330.88848876953125,909600,0.0,0.0
2024-08-20 00:00:00-04:00,331.50201210461984,333.8373550675464,330.86868033228114,333.2139587402344,944400,0.0,0.0
2024-08-21 00:00:00-04:00,333.4811434103174,335.12381379401336,331.5218071263836,334.53997802734375,575200,0.0,0.0
2024-08-22 00:00:00-04:00,334.638945494909,336.3508620362998,333.82750043656915,336.0935974121094,476500,0.0,0.0
2024-08-23 00:00:00-04:00,336.4497969451254,337.24143144660457,330.2551527847753,333.3030090332031,449400,0.0,0.0
2024-08-26 00:00:00-04:00,334.34201365112784,336.29144445156516,332.6894684206733,334.2034912109375,395700,0.0,0.0
2024-08-27 00:00:00-04:00,334.8961534632782,337.37004880877817,333.6691110355639,336.7070617675781,542600,0.0,0.0
2024-08-28 00:00:00-04:00,336.1034174205459,339.032501069788,335.7768765206948,336.00445556640625,1064800,0.0,0.0
2024-08-29 00:00:00-04:00,336.4497942466909,341.95173552492906,335.2623123050756,339.8736572265625,943700,0.0,0.0
2024-08-30 00:00:00-04:00,340.170541712039,341.8230870199851,336.3706417896393,340.1309509277344,1017700,0.0,0.0
2024-09-03 00:00:00-04:00,341.1304374444482,346.1870657702668,340.9127334144392,342.68402099609375,923100,0.0,0.0
2024-09-04 00:00:00-04:00,343.68341905343783,346.2166853570015,342.80272805361875,344.91046142578125,866000,0.0,0.0
2024-09-05 00:00:00-04:00,346.1771111087084,346.1771111087084,341.48661518496783,345.1578674316406,663600,0.0,0.0
2024-09-06 00:00:00-04:00,345.7417805349238,346.6224716970933,342.88194262190217,344.3959655761719,954800,0.0,0.0
2024-09-09 00:00:00-04:00,345.336018422772,347.3546953310618,343.65375746694525,346.8302307128906,723600,0.0,0.0
2024-09-10 00:00:00-04:00,347.295325253057,348.8093480380749,345.2172470660531,347.394287109375,656100,0.0,0.0
2024-09-11 00:00:00-04:00,347.21620765548244,347.21620765548244,335.74723102762545,341.1996765136719,1069700,0.0,0.0
2024-09-12 00:00:00-04:00,340.9027868035357,345.5932828276866,340.0319707891627,344.62353515625,742200,0.0,0.0
2024-09-13 00:00:00-04:00,344.3662011050899,346.0682421575889,342.12979025035224,344.2177734375,478300,0.0,0.0
2024-09-16 00:00:00-04:00,346.34537015039933,349.848414635618,345.999018740465,347.0281677246094,524600,0.0,0.0
2024-09-17 00:00:00-04:00,346.88962088888854,346.88962088888854,342.8225511125107,345.5537414550781,518500,0.0,0.0
2024-09-18 00:00:00-04:00,346.1375659390172,347.3547031790907,343.7032310610317,345.6625671386719,569800,0.0,0.0
2024-09-19 00:00:00-04:00,346.0188346433736,346.34537556709773,340.39812102584824,343.3470153808594,1154200,0.0,0.0
2024-09-20 00:00:00-04:00,343.42615236219063,345.9396385809828,341.2788280350357,343.4063720703125,1581600,0.0,0.0
2024-09-23 00:00:00-04:00,344.3662389693163,347.5229319091152,342.7928451220336,344.88079833984375,852800,0.0,0.0
2024-09-24 00:00:00-04:00,342.89180846072924,344.3761457040862,341.22932779699136,343.80218505859375,679100,0.0,0.0
2024-09-25 00:00:00-04:00,345.256852308852,345.5537378902406,342.63452910064547,343.29754638671875,828000,0.0,0.0
2024-09-26 00:00:00-04:00,342.65431776103867,346.00893465945666,341.45696075728137,343.5152587890625,471500,0.0,0.0
2024-09-27 00:00:00-04:00,342.8918122643411,346.21671323086207,342.5058700813063,344.0397033691406,526500,0.0,0.0
2024-09-30 00:00:00-04:00,344.039677824366,344.039677824366,340.3189297056877,342.377197265625,1123200,0.0,0.0
2024-10-01 00:00:00-04:00,345.2370904372682,347.7505768723225,341.8231023621172,344.8610534667969,1038800,0.0,0.0
2024-10-02 00:00:00-04:00,344.26732082883746,346.1276952338556,342.1298713123648,345.0787658691406,673600,0.0,0.0
2024-10-03 00:00:00-04:00,346.33541937485444,346.33541937485444,342.6245766110772,343.8714294433594,745400,0.0,0.0
2024-10-04 00:00:00-04:00,343.7230332735236,345.1677797329301,342.4168092532237,344.4355163574219,568000,0.0,0.0
2024-10-07 00:00:00-04:00,343.5251286831073,343.5251286831073,338.3497585401563,340.3189697265625,946100,0.0,0.0
2024-10-08 00:00:00-04:00,342.4860775505981,351.4415666185978,340.0220572520808,350.2738952636719,1236500,0.0,0.0
2024-10-09 00:00:00-04:00,349.51195607811565,356.3992724531939,348.94790067613064,355.28106689453125,1072700,0.0,0.0
2024-10-10 00:00:00-04:00,356.1221803707207,357.1810148048191,347.5822889797613,349.9869079589844,898200,0.0,0.0
2024-10-11 00:00:00-04:00,350.74891673350936,353.1832214544198,349.52184402792125,351.44158935546875,584700,0.0,0.0
2024-10-14 00:00:00-04:00,352.11446943406037,355.67688487664236,350.6895334559463,354.83575439453125,725500,0.0,0.0
2024-10-15 00:00:00-04:00,355.043611518285,359.32838543570136,352.68845806110863,354.15301513671875,1175800,0.0,0.0
2024-10-16 00:00:00-04:00,352.4212905625969,355.97380106542073,351.9561969759363,354.6477966308594,920700,0.0,0.0
2024-10-17 00:00:00-04:00,357.30965507933644,359.6648083843914,353.94516330022327,355.0039978027344,756500,0.0,0.0
2024-10-18 00:00:00-04:00,356.13209108485773,356.13209108485773,352.7378837364991,354.1925354003906,1529000,0.0,0.0
2024-10-21 00:00:00-04:00,353.0446723801182,355.6175297707851,352.3420945053824,353.6977844238281,776300,0.0,0.0
2024-10-22 00:00:00-04:00,352.35201883969034,353.44053897151036,348.4531568577579,352.4212951660156,1154700,0.0,0.0
2024-10-23 00:00:00-04:00,351.70880082517164,356.4586682689299,351.70880082517164,354.548828125,777500,0.0,0.0
2024-10-24 00:00:00-04:00,354.2915117292812,356.2409425394678,352.5795652171335,353.12384033203125,1119500,0.0,0.0
2024-10-25 00:00:00-04:00,378.28831955305134,385.1459508500257,370.9160986483562,371.5197448730469,2302000,0.0,0.0
2024-10-28 00:00:00-04:00,375.58680707017777,376.73469821931155,366.62141209050003,367.82867431640625,1020000,0.0,0.0
2024-10-29 00:00:00-04:00,367.126064947854,370.6291091715169,366.6708766653406,367.07659912109375,700600,0.0,0.0
2024-10-30 00:00:00-04:00,367.0766481589994,369.25365820887345,364.27618137537047,365.6120910644531,874800,0.0,0.0
2024-10-31 00:00:00-04:00,365.61204173568694,368.34323182496786,362.69283318669943,363.0391845703125,1032200,0.0,0.0
2024-11-01 00:00:00-04:00,362.5286314826229,365.3640002745311,360.7738959003712,361.2795104980469,734500,0.675,0.0
2024-11-04 00:00:00-05:00,363.1829936572212,363.1829936572212,359.02909933688215,362.4890441894531,1137600,0.0,0.0
2024-11-05 00:00:00-05:00,361.0316837052993,365.8398633663303,360.4467415595795,365.52264404296875,608800,0.0,0.0
2024-11-06 00:00:00-05:00,383.1791723618182,385.38004222003246,371.7782762121092,377.9942321777344,1677200,0.0,0.0
2024-11-07 00:00:00-05:00,377.99422712978304,378.76750408290525,375.2778494170742,376.59637451171875,1080900,0.0,0.0
2024-11-08 00:00:00-05:00,377.8058660381274,383.6252751283684,375.77354448434033,380.4726867675781,776800,0.0,0.0
2024-11-11 00:00:00-05:00,380.82960156774504,385.12227350565485,379.4614891877734,380.0761413574219,1055500,0.0,0.0
2024-11-12 00:00:00-05:00,381.75158189366437,383.536057896171,378.9756933563821,380.3537292480469,1791100,0.0,0.0
2024-11-13 00:00:00-05:00,378.7377284822629,384.58687722334025,378.65843122082856,383.5856018066406,908700,0.0,0.0
2024-11-14 00:00:00-05:00,380.5519598434548,381.31534350655414,372.83900747534193,373.08685302734375,1372400,0.0,0.0
2024-11-15 00:00:00-05:00,373.334694765136,378.45023053674004,373.334694765136,376.0213623046875,1790400,0.0,0.0
2024-11-18 00:00:00-05:00,373.75110413783415,377.7166330942037,373.0273842116461,377.2308654785156,972000,0.0,0.0
2024-11-19 00:00:00-05:00,375.3670300130873,378.0239269261467,373.74114875744704,375.8825378417969,748400,0.0,0.0
2024-11-20 00:00:00-05:00,378.55930077671826,378.55930077671826,372.2442009758297,376.8045349121094,782000,0.0,0.0
2024-11-21 00:00:00-05:00,378.4006841447224,380.0860460302325,374.712741054965,379.3226623535156,758800,0.0,0.0
2024-11-22 00:00:00-05:00,379.9769712604652,384.0317208583772,379.9373075008838,382.8817138671875,755600,0.0,0.0
2024-11-25 00:00:00-05:00,383.1295649881648,387.36278643843474,382.8123456706542,386.3614807128906,1910000,0.0,0.0
2024-11-26 00:00:00-05:00,386.6390868045824,388.8796204249688,380.0662174881707,386.8869323730469,974600,0.0,0.0
2024-11-27 00:00:00-05:00,387.30332925317924,391.92314406126206,385.7468518100128,389.9205627441406,620300,0.0,0.0
2024-11-29 00:00:00-05:00,388.6119058471818,391.1895056642011,387.28345730597147,388.1658020019531,463000,0.0,0.0
2024-12-02 00:00:00-05:00,388.6218432693158,388.91924584345304,382.53474171223314,384.3688049316406,856800,0.0,0.0
2024-12-03 00:00:00-05:00,385.5386550169598,386.56967076641735,380.17527345157805,382.2373352050781,2140800,0.0,0.0
2024-12-04 00:00:00-05:00,380.9683887622836,382.8619325844844,378.23216393476605,378.7080383300781,1190500,0.0,0.0
2024-12-05 00:00:00-05:00,379.213621922509,379.24336217886827,375.2183527937956,376.45758056640625,851300,0.0,0.0
2024-12-06 00:00:00-05:00,375.45628911010897,378.5295801538698,373.9989559839642,374.74249267578125,967100,0.0,0.0
2024-12-09 00:00:00-05:00,371.61961033107536,373.21572109336563,363.82733078745576,364.7294921875,2650500,0.0,0.0
2024-12-10 00:00:00-05:00,363.9958918217959,363.9958918217959,354.9743077598204,358.1764831542969,1113800,0.0,0.0
2024-12-11 00:00:00-05:00,359.19761777591776,359.9213074427799,355.8665577420052,359.50494384765625,870000,0.0,0.0
2024-12-12 00:00:00-05:00,361.5075070811408,362.5187362710169,359.22734016143636,359.5941467285156,967500,0.0,0.0
2024-12-13 00:00:00-05:00,358.8803486873445,359.53466455583276,355.22214602759584,358.07733154296875,1082900,0.0,0.0
2024-12-16 00:00:00-05:00,359.3760439669089,361.49761637625153,357.0760300244207,358.63250732421875,783900,0.0,0.0
2024-12-17 00:00:00-05:00,356.86783436012314,357.35360193299323,353.080747279503,355.7872314453125,1072600,0.0,0.0
2024-12-18 00:00:00-05:00,355.7872606449204,356.29287526525326,349.3234291223693,349.5415344238281,959800,0.0,0.0
2024-12-19 00:00:00-05:00,350.24544967911584,353.2691534924897,349.93812359662553,350.70147705078125,811200,0.0,0.0
2024-12-20 00:00:00-05:00,351.5936806703572,359.96094860863593,350.09671416621666,355.3807678222656,2109400,0.0,0.0
2024-12-23 00:00:00-05:00,353.1700155150402,355.93598056138126,351.64330857949375,355.19244384765625,674300,0.0,0.0
2024-12-24 00:00:00-05:00,356.1936992788591,358.51352986715676,353.61609965144544,358.4936828613281,282600,0.0,0.0
2024-12-26 00:00:00-05:00,357.3337718377945,358.8307685124363,357.0363693052211,358.344970703125,267300,0.0,0.0
2024-12-27 00:00:00-05:00,356.25323048306745,359.0191955319659,355.08340664682595,357.27435302734375,485500,0.0,0.0
2024-12-30 00:00:00-05:00,354.4092269519709,356.9174228065518,350.6816503063085,354.8851013183594,444400,0.0,0.0
2024-12-31 00:00:00-05:00,355.06351367534637,356.61006742075665,353.8044692269085,356.0648193359375,524900,0.0,0.0
2025-01-02 00:00:00-05:00,357.4329505890734,357.4329505890734,351.04844673408485,351.9208679199219,484000,0.0,0.0
2025-01-03 00:00:00-05:00,353.24933525970596,354.2803510300599,350.45363001657785,350.92950439453125,925400,0.0,0.0
2025-01-06 00:00:00-05:00,351.94070497733316,351.94070497733316,345.1398371441977,345.46697998046875,771900,0.0,0.0
2025-01-07 00:00:00-05:00,346.4186840643369,348.8277356130721,345.2885240587733,345.4372253417969,1110900,0.0,0.0
2025-01-08 00:00:00-05:00,348.2626821582489,350.840282081995,346.39887867100805,349.4126892089844,1481400,0.0,0.0
2025-01-10 00:00:00-05:00,345.2587885575165,350.1958527494053,343.08765903171536,346.4980163574219,971300,0.0,0.0
2025-01-13 00:00:00-05:00,344.941537025742,353.1997377255163,344.74324847704634,351.6234436035156,1172000,0.0,0.0
2025-01-14 00:00:00-05:00,352.81313308314765,359.9510673956801,351.06829057683274,359.5247802734375,1077500,0.0,0.0
2025-01-15 00:00:00-05:00,362.4493668277086,363.4704893636961,357.98814657744725,358.06744384765625,909100,0.0,0.0
2025-01-16 00:00:00-05:00,358.6027966373632,365.7407610975844,358.6027966373632,364.9377136230469,728500,0.0,0.0
2025-01-17 00:00:00-05:00,365.3540822928148,365.8795136505542,361.7256197969865,363.0144348144531,860000,0.0,0.0
2025-01-21 00:00:00-05:00,364.56099940651774,366.3058115633546,361.0316810776584,364.907958984375,1338500,0.0,0.0
2025-01-22 00:00:00-05:00,364.98727320335047,367.5846897182254,362.00320310952463,364.14459228515625,885300,0.0,0.0
2025-01-23 00:00:00-05:00,364.64026798409446,365.53250587261414,357.6411123906618,361.52734375,1443200,0.0,0.0
2025-01-24 00:00:00-05:00,360.44673841852597,366.1670332572433,360.0601150806231,365.9786682128906,1055200,0.0,0.0
2025-01-27 00:00:00-05:00,367.8028208836783,374.3955069052044,365.7407590813078,373.5528259277344,1253500,0.0,0.0
2025-01-28 00:00:00-05:00,374.3657577631088,374.3657577631088,367.07909222609925,368.2786865234375,1099900,0.0,0.0
2025-01-29 00:00:00-05:00,367.0196265410014,368.30844166173347,363.19290545058453,363.57952880859375,952300,0.0,0.0
2025-01-30 00:00:00-05:00,366.5239264791626,368.9528251153848,362.2411781140532,368.9429016113281,2370000,0.0,0.0
2025-01-31 00:00:00-05:00,367.8523576766954,375.25798401083944,366.107545556617,367.6243591308594,1351200,0.0,0.0
2025-02-03 00:00:00-05:00,367.5597570199124,373.36001353166705,362.95137099095894,372.32708740234375,1337100,0.675,0.0
2025-02-04 00:00:00-05:00,373.08194342201074,376.1806916820354,373.04220733130984,374.8895263671875,964900,0.0,0.0
2025-02-05 00:00:00-05:00,377.4122413160698,380.6401091694309,375.2967415349213,379.7859802246094,962200,0.0,0.0
2025-02-06 00:00:00-05:00,381.38499956966666,382.9343737056379,380.6798430832358,382.10009765625,828700,0.0,0.0
2025-02-07 00:00:00-05:00,381.8815774534234,384.8412947389566,380.75926783787463,383.8778991699219,851500,0.0,0.0
2025-02-10 00:00:00-05:00,383.7289249836963,384.36458121707994,380.5109986540245,382.97412109375,686400,0.0,0.0
2025-02-11 00:00:00-05:00,383.3117897571424,383.99709335117024,379.3390293557083,381.5836486816406,1040700,0.0,0.0
2025-02-12 00:00:00-05:00,380.59042193093853,385.21866068033034,379.636937703389,384.1062927246094,818200,0.0,0.0
2025-02-13 00:00:00-05:00,384.5036288857595,388.108883479404,381.8915340798351,387.6321716308594,573600,0.0,0.0
2025-02-14 00:00:00-05:00,387.4037150372774,388.74452768942945,383.9176082036332,384.3546142578125,740400,0.0,0.0
2025-02-18 00:00:00-05:00,383.3713931314731,390.04563206884654,382.3782029938268,388.4267272949219,1029700,0.0,0.0
2025-02-19 00:00:00-05:00,389.1318683623755,392.9556563025099,388.4863008604776,392.18096923828125,854300,0.0,0.0
2025-02-20 00:00:00-05:00,390.9593751570257,391.3169090531624,385.72524380266395,390.39324951171875,667900,0.0,0.0
2025-02-21 00:00:00-05:00,389.14181274677077,391.08845686649676,385.8940920138357,386.9071350097656,1751200,0.0,0.0
2025-02-24 00:00:00-05:00,388.1287588970124,393.4522431640596,385.86428673256233,389.50927734375,1280300,0.0,0.0
2025-02-25 00:00:00-05:00,390.93946648562405,395.3889688650025,389.34044503804205,394.8625793457031,1530300,0.0,0.0
2025-02-26 00:00:00-05:00,394.2964666863222,397.49453999626905,392.3200281015506,396.51129150390625,1504200,0.0,0.0
2025-02-27 00:00:00-05:00,397.0873105719612,405.47977859947355,395.14066656507407,401.248779296875,1095400,0.0,0.0
2025-02-28 00:00:00-05:00,403.54309192952695,407.19802444801275,397.3654479151288,406.3339538574219,1641900,0.0,0.0
2025-03-03 00:00:00-05:00,407.35692724806046,410.15773069925035,402.9670438308621,406.5325927734375,2089200,0.0,0.0
2025-03-04 00:00:00-05:00,407.25758982470376,408.379899491243,401.0501516777002,401.9241638183594,1484200,0.0,0.0
2025-03-05 00:00:00-05:00,399.71927704381125,404.22836856067937,394.5944125177631,401.3183288574219,1459200,0.0,0.0
2025-03-06 00:00:00-05:00,399.3617378630529,401.07993730593296,396.22325356810677,398.8651428222656,907900,0.0,0.0
2025-03-07 00:00:00-05:00,398.2791487504548,401.07992163565353,395.6273179999659,400.344970703125,1300600,0.0,0.0
2025-03-10 00:00:00-04:00,399.7887894458454,404.29788075767897,393.6012045254378,396.27288818359375,2097600,0.0,0.0
2025-03-11 00:00:00-04:00,396.67019946884267,398.89493554257734,392.88611738985696,397.0177917480469,1770400,0.0,0.0
2025-03-12 00:00:00-04:00,396.03455671818466,396.98801073790906,389.5788209973867,395.57769775390625,1573900,0.0,0.0
2025-03-13 00:00:00-04:00,395.5875884420434,397.7527658064399,390.1747208054401,391.5155334472656,918400,0.0,0.0
2025-03-14 00:00:00-04:00,392.60802580149016,397.0475866635806,389.56886658687847,396.07427978515625,742900,0.0,0.0
2025-03-17 00:00:00-04:00,393.60119170390084,395.2896268570915,384.523450707501,388.31744384765625,1825600,0.0,0.0
2025-03-18 00:00:00-04:00,388.8835533910537,389.3106481495461,385.0597959322236,387.3937683105469,1584600,0.0,0.0
2025-03-19 00:00:00-04:00,387.1356095645022,389.1616957129441,385.1591404915024,387.7215881347656,933300,0.0,0.0
2025-03-20 00:00:00-04:00,387.5129834967199,392.6577007922609,386.09269865919526,390.4925537109375,855300,0.0,0.0
2025-03-21 00:00:00-04:00,389.618563733711,392.31010049340205,386.29137074352434,387.6917724609375,1359500,0.0,0.0
2025-03-24 00:00:00-04:00,390.35350880360863,392.16112208316395,388.3869814688418,390.4726867675781,1143600,0.0,0.0
2025-03-25 00:00:00-04:00,391.2572915388786,395.8358831302581,389.87674281781307,393.44232177734375,839200,0.0,0.0
2025-03-26 00:00:00-04:00,394.57459330490724,396.7099461289104,392.0816762552044,394.0283508300781,884100,0.0,0.0
2025-03-27 00:00:00-04:00,395.99481858834923,397.3455728932819,392.7272449633616,396.8191833496094,1528000,0.0,0.0
2025-03-28 00:00:00-04:00,396.8191677051907,399.7490602158746,391.16791380132673,391.8631286621094,1142300,0.0,0.0
2025-03-31 00:00:00-04:00,393.74027526687325,398.2692195784462,391.5552449806952,396.3722229003906,1339100,0.0,0.0
2025-04-01 00:00:00-04:00,395.69687674507867,398.2990299928111,393.0053400243047,396.0941467285156,765700,0.0,0.0
2025-04-02 00:00:00-04:00,395.170507230253,395.170507230253,387.5726085389819,393.3330993652344,1013700,0.0,0.0
2025-04-03 00:00:00-04:00,389.60859770271065,397.862004722675,388.71473270566406,391.60491943359375,1219100,0.0,0.0
2025-04-04 00:00:00-04:00,386.7780021391975,393.05497066329764,371.22464198759286,373.20111083984375,2392000,0.0,0.0
2025-04-07 00:00:00-04:00,368.950286033736,373.3997584857859,356.0586670381097,361.86883544921875,1861900,0.0,0.0
2025-04-08 00:00:00-04:00,371.1253635547822,373.8268418795826,352.7811409209894,357.7768859863281,1950400,0.0,0.0
2025-04-09 00:00:00-04:00,356.19769210349654,372.21782206087767,348.9672394822667,370.8273620605469,2952300,0.0,0.0
2025-04-10 00:00:00-04:00,368.62251891665625,371.3935279279481,360.3194637931829,366.50701904296875,1427700,0.0,0.0
2025-04-11 00:00:00-04:00,367.957083345469,374.6313221057868,362.8520716247103,373.7374267578125,1759600,0.0,0.0
2025-04-14 00:00:00-04:00,377.3029787588535,385.0498489451976,375.47548241308317,381.72265625,1536700,0.0,0.0
2025-04-15 00:00:00-04:00,381.72265406717594,383.81830080019023,376.2799617688198,376.52825927734375,845600,0.0,0.0
2025-04-16 00:00:00-04:00,379.2595443093467,379.71643356303815,368.72181225067663,370.2811279296875,978200,0.0,0.0
2025-04-17 00:00:00-04:00,371.5623451907729,371.5623451907729,359.80297768225086,364.9079895019531,1562800,0.0,0.0
2025-04-21 00:00:00-04:00,363.2593137981973,363.2593137981973,348.7885253836234,353.52606201171875,1363900,0.0,0.0
2025-04-22 00:00:00-04:00,358.49198043653274,367.0731271805739,355.2939070868197,366.0104064941406,1811300,0.0,0.0
2025-04-23 00:00:00-04:00,367.8378780098776,369.1985739334206,363.3983472742798,366.31829833984375,1145300,0.0,0.0
2025-04-24 00:00:00-04:00,362.504436899002,364.878175734294,360.65711790245746,362.56402587890625,1889900,0.0,0.0
2025-04-25 00:00:00-04:00,339.1744146572331,344.15030669144363,321.52543772552707,333.5628967285156,5317700,0.0,0.0
2025-04-28 00:00:00-04:00,337.0986323408598,343.9814319871062,332.3909212891033,341.1309814453125,2943900,0.0,0.0
2025-04-29 00:00:00-04:00,337.71443042060196,347.8747761131793,337.71443042060196,347.5172119140625,2571300,0.0,0.0
2025-04-30 00:00:00-04:00,346.6233225718854,353.25782473817526,343.5444273982645,352.3739013671875,1752200,0.0,0.0
2025-05-01 00:00:00-04:00,349.522420712907,354.92678378618893,349.522420712907,349.8807373046875,1198000,0.745,0.0
2025-05-02 00:00:00-04:00,354.857151677219,356.31025202165574,351.0153549533612,354.5685119628906,1114600,0.0,0.0
2025-05-05 00:00:00-04:00,354.56849526333247,356.0315580587289,350.0200584344464,353.81207275390625,1153000,0.0,0.0
2025-05-06 00:00:00-04:00,353.32440690105,358.5595895228336,350.4480330655725,356.2405700683594,1893800,0.0,0.0
2025-05-07 00:00:00-04:00,356.96713086686526,359.98282807238553,356.49934804874994,358.0221252441406,1201800,0.0,0.0
2025-05-08 00:00:00-04:00,358.3406320610063,361.89375869963965,355.3149722520847,355.4244384765625,1181600,0.0,0.0
2025-05-09 00:00:00-04:00,355.40452816461703,356.89744815037454,350.88594850313444,352.6476135253906,747900,0.0,0.0
2025-05-12 00:00:00-04:00,351.5129797888242,353.42393073512267,346.10861672953973,351.9011535644531,1288100,0.0,0.0
2025-05-13 00:00:00-04:00,355.404528132494,358.5197593622588,353.2348250430375,353.3940734863281,1333200,0.0,0.0
2025-05-14 00:00:00-04:00,353.6130425489921,353.9414715872785,345.78019374575166,350.5575256347656,1528100,0.0,0.0
2025-05-15 00:00:00-04:00,351.48310511067217,357.29553632163925,351.48310511067217,356.8974304199219,1135600,0.0,0.0
2025-05-16 00:00:00-04:00,356.8377475968656,360.5600851859446,356.01167853711803,360.2117614746094,1096900,0.0,0.0
2025-05-19 00:00:00-04:00,359.9031717817141,363.5857197833877,358.5993574639047,363.23736572265625,1140100,0.0,0.0
2025-05-20 00:00:00-04:00,362.94877772954413,363.0781386181858,360.16197545347836,360.7193298339844,678100,0.0,0.0
2025-05-21 00:00:00-04:00,359.40555653733105,360.5003706434644,355.66332428391536,356.3699645996094,910000,0.0,0.0
2025-05-22 00:00:00-04:00,355.54388834609625,356.7382061320916,351.1944891954853,353.65283203125,811600,0.0,0.0
2025-05-23 00:00:00-04:00,353.71258126727383,355.59364471285704,350.23903333973607,354.8571472167969,1087300,0.0,0.0
2025-05-27 00:00:00-04:00,358.17140843699053,364.50140502586953,355.52395999440773,363.3369140625,1076900,0.0,0.0
2025-05-28 00:00:00-04:00,361.8041606795184,364.41181969248555,359.0671407853215,359.61456298828125,832400,0.0,0.0
2025-05-29 00:00:00-04:00,359.0373175588588,365.18817138671875,357.5643225155472,365.18817138671875,1272300,0.0,0.0
2025-05-30 00:00:00-04:00,364.9492852525316,371.22950000368155,363.81468177793124,370.32379150390625,1849200,0.0,0.0
2025-06-02 00:00:00-04:00,366.32277741998087,374.79262047245396,366.20334867223175,374.3845520019531,1240900,0.0,0.0
2025-06-03 00:00:00-04:00,375.6485211393801,378.1168264609019,369.7465180599954,372.71246337890625,1169100,0.0,0.0
2025-06-04 00:00:00-04:00,373.01101436800815,374.39446806267927,368.5621118252057,370.8612060546875,852300,0.0,0.0
2025-06-05 00:00:00-04:00,370.5228316506353,370.5427263158655,365.2577920246883,368.74127197265625,1177700,0.0,0.0
2025-06-06 00:00:00-04:00,371.1896764774328,372.8418144967707,368.2834456044631,369.33843994140625,705600,0.0,0.0
2025-06-09 00:00:00-04:00,367.7559632098563,368.09435476798564,349.83096053387163,352.159912109375,1898800,0.0,0.0
2025-06-10 00:00:00-04:00,355.62350093541534,356.2007803552524,349.014857407649,350.0499267578125,1108500,0.0,0.0
2025-06-11 00:00:00-04:00,348.89540139877266,350.38832143962924,345.7802004272888,347.8304748535156,1616400,0.0,0.0
2025-06-12 00:00:00-04:00,349.8807306367131,354.4291370349451,348.099170978296,354.1007080078125,1366400,0.0,0.0
2025-06-13 00:00:00-04:00,351.9310058478567,354.56849171149497,350.74662024566044,351.3338317871094,1025300,0.0,0.0
2025-06-16 00:00:00-04:00,352.31915513249163,354.1106773446734,347.74089146183087,348.3878173828125,1694000,0.0,0.0
2025-06-17 00:00:00-04:00,346.89490013634816,349.9304919907123,345.0635885788931,349.1541748046875,1171300,0.0,0.0
2025-06-18 00:00:00-04:00,349.1541775999136,351.7618063642695,346.108623201624,349.174072265625,1035600,0.0,0.0
2025-06-20 00:00:00-04:00,349.81105263021874,355.5040552794088,349.80109011097755,353.02581787109375,1775300,0.0,0.0
2025-06-23 00:00:00-04:00,352.42864369443924,358.67900069540275,351.77175526896275,358.25103759765625,1176600,0.0,0.0
2025-06-24 00:00:00-04:00,359.38563800952176,359.7638492550322,353.49359764077917,358.9775695800781,1269900,0.0,0.0
2025-06-25 00:00:00-04:00,358.7984567727183,358.7984567727183,352.75709960065507,352.7869567871094,1074100,0.0,0.0
2025-06-26 00:00:00-04:00,353.3243937096584,355.07609619800354,350.3385537628162,351.8812255859375,1056800,0.0,0.0
2025-06-27 00:00:00-04:00,351.84144169495795,354.9964622783842,349.46270792123585,351.06512451171875,4487900,0.0,0.0
2025-06-30 00:00:00-04:00,350.64710258664707,355.84246552332866,349.5522884862858,355.07611083984375,1029200,0.0,0.0
2025-07-01 00:00:00-04:00,355.44433791733223,357.3751834747362,351.7717524253085,355.2452697753906,883200,0.0,0.0
2025-07-02 00:00:00-04:00,353.22488024503156,356.9074285437361,344.1479311368176,349.89068603515625,1272600,0.0,0.0
2025-07-03 00:00:00-04:00,351.2044470015004,354.62821261443287,349.8309557485346,353.0855407714844,640700,0.0,0.0
2025-07-07 00:00:00-04:00,352.57791874495285,354.5087642584353,349.8807186121426,351.562744140625,1183300,0.0,0.0
2025-07-08 00:00:00-04:00,349.0347322283515,355.33484102209724,346.3872838851787,352.89642333984375,2508000,0.0,0.0
2025-07-09 00:00:00-04:00,352.1798346677067,355.5836752642584,350.52766622010057,355.2353515625,875100,0.0,0.0
2025-07-10 00:00:00-04:00,354.85713123761815,358.18136271347703,354.0310318481494,357.3055114746094,1116800,0.0,0.0
2025-07-11 00:00:00-04:00,356.0614104351116,358.8681072493637,353.4239245806695,353.9912414550781,857300,0.0,0.0
2025-07-14 00:00:00-04:00,355.1955175494698,358.300786169843,352.1598954425216,358.12164306640625,764300,0.0,0.0
2025-07-15 00:00:00-04:00,355.9021975491352,357.8330433200409,350.716796875,350.716796875,1104200,0.0,0.0
2025-07-16 00:00:00-04:00,353.5732202397234,353.5732202397234,347.98971401523465,352.886474609375,1151000,0.0,0.0
2025-07-17 00:00:00-04:00,350.9456612297638,354.8073524346107,349.6916291016018,352.9561462402344,1220200,0.0,0.0
2025-07-18 00:00:00-04:00,353.2945652234454,356.8079026313453,350.73668817155783,354.4291687011719,1079900,0.0,0.0
2025-07-21 00:00:00-04:00,354.4689498712203,354.92677014589555,349.09444418934135,349.2536926269531,1072300,0.0,0.0
2025-07-22 00:00:00-04:00,350.3186478165616,354.1405191806222,349.94043657570865,352.5480651855469,1960900,0.0,0.0
2025-07-23 00:00:00-04:00,353.9314970085939,355.7429138510949,349.5025193479922,355.5936279296875,1679500,0.0,0.0
2025-07-24 00:00:00-04:00,355.48417307704307,358.0519821279484,354.32964462535733,354.9267883300781,1515500,0.0,0.0
2025-07-25 00:00:00-04:00,366.7706430985863,379.20168059868104,366.7706430985863,371.1299743652344,2251400,0.0,0.0
2025-07-28 00:00:00-04:00,369.54745544797964,371.7868354697791,365.83508045090366,367.4175720214844,1503400,0.0,0.0
2025-07-29 00:00:00-04:00,367.41756957768,367.41756957768,350.3684182653469,352.3589782714844,2218400,0.0,0.0
2025-07-30 00:00:00-04:00,354.31966918649533,357.83300626433015,352.06039458991893,353.66278076171875,1526100,0.0,0.0
2025-07-31 00:00:00-04:00,351.2442645572115,358.4700069967674,351.2442645572115,354.0310363769531,1387300,0.0,0.0
2025-08-01 00:00:00-04:00,355.7415278175079,355.7415278175079,350.51532458210573,352.5299987792969,1640900,0.745,0.0
2025-08-04 00:00:00-04:00,352.8491443893788,359.9304691884886,350.65492078268636,359.45172119140625,1133700,0.0,0.0
2025-08-05 00:00:00-04:00,359.84072373681033,363.17193211575636,358.8333714364805,360.6485900878906,1201500,0.0,0.0
2025-08-06 00:00:00-04:00,362.2443964218412,363.38138113972235,357.3772313230075,362.7231140136719,931800,0.0,0.0
2025-08-07 00:00:00-04:00,362.75301537554276,365.69526565361195,360.29949653060373,364.0695495605469,1843700,0.0,0.0
2025-08-08 00:00:00-04:00,366.0343710059682,366.0443544344817,362.62335611808606,365.4359436035156,1095200,0.0,0.0
2025-08-11 00:00:00-04:00,365.9845058350678,369.36557035516194,364.49840557495963,367.1214904785156,1274700,0.0,0.0
2025-08-12 00:00:00-04:00,367.51047852789117,367.68999761287716,359.30212207517854,362.8527526855469,2991600,0.0,0.0
2025-08-13 00:00:00-04:00,365.8448595443965,371.47998736872967,364.6280683494923,369.9440612792969,1316700,0.0,0.0
2025-08-14 00:00:00-04:00,370.06374014035686,371.061108972876,364.1792701159499,365.3860778808594,1292900,0.0,0.0
2025-08-15 00:00:00-04:00,366.23387508604134,369.7246662630265,364.24909026234553,366.04437255859375,1181100,0.0,0.0
2025-08-18 00:00:00-04:00,365.1167842672882,368.8070612786874,364.2490782162418,364.4086608886719,1323900,0.0,0.0
2025-08-19 00:00:00-04:00,366.1241294300685,372.3776211952151,365.2763598156292,371.8789367675781,1111100,0.0,0.0
2025-08-20 00:00:00-04:00,372.94613756689137,377.6836397414728,371.7393297459108,373.0159606933594,1105000,0.0,0.0
2025-08-21 00:00:00-04:00,371.5198920503768,374.78127719229707,370.1934048886142,374.2825927734375,1126200,0.0,0.0
2025-08-22 00:00:00-04:00,376.45689054890124,377.7036016310776,372.8663565447767,374.1130676269531,1190600,0.0,0.0
2025-08-25 00:00:00-04:00,373.1256621227833,375.6988909127911,369.7545808302031,369.9640197753906,1025900,0.0,0.0
2025-08-26 00:00:00-04:00,368.1687600215074,370.1335474795644,366.0543124455413,368.02911376953125,1449900,0.0,0.0
2025-08-27 00:00:00-04:00,368.9267299524312,370.1136013138464,367.05167165247155,367.4007568359375,931600,0.0,0.0
2025-08-28 00:00:00-04:00,366.80233626423745,367.07164533745765,363.07218645170565,365.5755920410156,711200,0.0,0.0
2025-08-29 00:00:00-04:00,366.8821323909809,367.5902557420653,364.8275550239103,366.03436279296875,774600,0.0,0.0
2025-09-02 00:00:00-04:00,366.66272934740834,371.7692531865378,364.9971099112171,370.9813232421875,1285600,0.0,0.0
2025-09-03 00:00:00-04:00,371.6994264683173,374.0133295722186,367.3010260600741,373.0159606933594,1219900,0.0,0.0
2025-09-04 00:00:00-04:00,374.4920784721213,374.88103650840407,369.8742556821788,372.5072937011719,751300,0.0,0.0
2025-09-05 00:00:00-04:00,371.9288227892532,374.6516507165693,367.07164134295937,369.5650634765625,789000,0.0,0.0
2025-09-08 00:00:00-04:00,369.5650727940191,369.5650727940191,364.50840527463583,369.0364685058594,1043500,0.0,0.0
2025-09-09 00:00:00-04:00,368.95666297893774,369.50523412605895,364.8973643268285,365.416015625,1019900,0.0,0.0
2025-09-10 00:00:00-04:00,363.8202276529784,364.398688225004,360.1299505325616,361.41656494140625,798900,0.0,0.0
2025-09-11 00:00:00-04:00,365.12677284030906,371.410215101981,363.8302054598107,371.27056884765625,1614300,0.0,0.0
2025-09-12 00:00:00-04:00,370.5823860308418,373.06582485178933,368.83699045592743,370.97137451171875,844400,0.0,0.0
2025-09-15 00:00:00-04:00,370.92146716503476,372.61700637551945,362.2443764806528,362.8427734375,933800,0.0,0.0
2025-09-16 00:00:00-04:00,360.30949851295065,361.8055518627805,355.212927607143,355.6318359375,1351500,0.0,0.0
2025-09-17 00:00:00-04:00,357.028124585909,360.2895097326716,354.28536027810907,357.05804443359375,1426900,0.0,0.0
2025-09-18 00:00:00-04:00,354.7042753259978,356.88848512306924,351.76202501951235,351.83184814453125,1392900,0.0,0.0
2025-09-19 00:00:00-04:00,353.2580735976091,354.4648813774565,347.7226886835227,350.3956298828125,3728800,0.0,0.0
2025-09-22 00:00:00-04:00,349.6376350903289,354.27539433403587,348.29118100350223,352.5299987792969,1275900,0.0,0.0
2025-09-23 00:00:00-04:00,352.47014005152175,355.6417656405243,348.410841589852,352.1410217285156,1761200,0.0,0.0
2025-09-24 00:00:00-04:00,351.91163921369036,355.34259066652703,351.57253743998115,352.80926513671875,981300,0.0,0.0
2025-09-25 00:00:00-04:00,354.52473928316607,355.8013702526752,348.231343983795,350.7148132324219,1291100,0.0,0.0
2025-09-26 00:00:00-04:00,353.2381491503803,358.045444013227,350.56517742321427,355.1430969238281,824600,0.0,0.0
2025-09-29 00:00:00-04:00,354.07593916034955,355.6816884623629,351.63237320644413,353.68695068359375,1059600,0.0,0.0
2025-09-30 00:00:00-04:00,353.5872071938023,356.0706764221165,350.87436260112395,355.64178466796875,1022800,0.0,0.0
2025-10-01 00:00:00-04:00,354.2155565509881,359.1924480284781,352.3804014388422,359.1824645996094,1444900,0.0,0.0
2025-10-02 00:00:00-04:00,356.52945152970995,361.27693709554507,353.6769607312963,359.7808837890625,621300,0.0,0.0
2025-10-03 00:00:00-04:00,359.00292360020194,365.0170564454819,358.5441120221961,362.8527526855469,666900,0.0,0.0
2025-10-06 00:00:00-04:00,363.1121072889424,366.0343908977008,361.16722573459975,364.7378234863281,1109200,0.0,0.0
2025-10-07 00:00:00-04:00,365.2863350727513,368.70730286486736,363.37137352105833,365.96453857421875,852900,0.0,0.0
2025-10-08 00:00:00-04:00,365.52570496506866,369.3356613277617,363.9797954018911,364.41864013671875,1114400,0.0,0.0
2025-10-09 00:00:00-04:00,364.6380737715847,366.2837263593984,358.9730257580265,359.4717102050781,692500,0.0,0.0
2025-10-10 00:00:00-04:00,361.30685672200326,362.33414544099827,358.2349435563699,359.202392578125,628100,0.0,0.0
2025-10-13 00:00:00-04:00,356.17036994649635,358.613935766401,350.9441669926471,352.43023681640625,728700,0.0,0.0
2025-10-14 00:00:00-04:00,352.84915892483093,359.8706443182123,351.47278500914126,359.56146240234375,845600,0.0,0.0
2025-10-15 00:00:00-04:00,356.5493863859668,359.0228721325915,352.99875565580294,354.86383056640625,1094300,0.0,0.0
2025-10-16 00:00:00-04:00,348.0019511732587,348.1216305648255,337.03089386616995,342.2171936035156,1820400,0.0,0.0
2025-10-17 00:00:00-04:00,343.1647073447191,347.3935415265741,343.15472391629413,345.68804931640625,2057500,0.0,0.0
2025-10-20 00:00:00-04:00,346.3064228803167,346.3064228803167,340.5017287080293,343.20458984375,935100,0.0,0.0
2025-10-21 00:00:00-04:00,342.89541933208073,345.4586647375901,341.27968656667286,342.5263977050781,981500,0.0,0.0
2025-10-22 00:00:00-04:00,342.4166879940455,343.3841370161169,339.61408390235806,342.197265625,1189500,0.0,0.0
2025-10-23 00:00:00-04:00,342.09752634627574,342.4964678114096,337.36002415926464,340.4518737792969,1238200,0.0,0.0
2025-10-24 00:00:00-04:00,339.6041009649005,341.429272608519,336.4524116764528,336.8414001464844,842000,0.0,0.0
2025-10-27 00:00:00-04:00,336.113305399728,337.7190546524248,334.35792646839263,335.983642578125,1438700,0.0,0.0
2025-10-28 00:00:00-04:00,334.3280140168776,334.3280140168776,328.1343617894311,329.0918273925781,1212800,0.0,0.0
2025-10-29 00:00:00-04:00,327.06715809251654,328.32385257736416,323.4267678950927,325.2120666503906,1532200,0.0,0.0
2025-10-30 00:00:00-04:00,327.20682816818857,329.83986628379773,325.65093509140047,327.3265075683594,2212400,0.0,0.0
2025-10-31 00:00:00-04:00,335.5448125358138,347.69275846232694,333.9190963549058,339.78363037109375,2460200,0.0,0.0
2025-11-03 00:00:00-05:00,338.5269534205672,339.4744355795836,330.26874043903314,338.9458312988281,1474800,0.0,0.0
2025-11-04 00:00:00-05:00,339.21510294098863,343.4639039565848,336.93115020294994,343.3043212890625,1074500,0.0,0.0
2025-11-05 00:00:00-05:00,343.30433959014186,345.8476485404264,340.80096435546875,340.80096435546875,1344800,0.0,0.0
2025-11-06 00:00:00-05:00,339.9332104648025,342.7058946398032,338.1080388686236,339.10540771484375,897100,0.0,0.0
2025-11-07 00:00:00-05:00,340.04293374558347,347.2638743860393,338.1180191949862,345.4087829589844,1500600,0.0,0.0
2025-11-10 00:00:00-05:00,342.43661234830495,345.9174198444753,340.1227093448609,343.96258544921875,1099100,0.0,0.0
2025-11-11 00:00:00-05:00,345.827668250209,349.5079617729911,343.7332179972219,349.00927734375,789600,0.0,0.0
2025-11-12 00:00:00-05:00,348.25131348870536,350.66492919072084,344.50119667095555,349.1888122558594,1221200,0.0,0.0
2025-11-13 00:00:00-05:00,349.0192632146165,352.0612260793615,346.36625838001476,350.0166320800781,1183600,0.0,0.0
2025-11-14 00:00:00-05:00,350.92424644268874,353.30794223800746,343.9626007043105,349.2087707519531,1232200,0.0,0.0
2025-11-17 00:00:00-05:00,349.0790931216871,352.07119963415875,346.35626523791666,349.0990295410156,1609300,0.0,0.0
2025-11-18 00:00:00-05:00,351.3032488965475,351.7121737867213,343.5038170091281,347.6229553222656,1428700,0.0,0.0
2025-11-19 00:00:00-05:00,347.44341299183685,349.0591761659832,338.2776208665109,343.26446533203125,1112000,0.0,0.0
2025-11-20 00:00:00-05:00,342.8455355261686,345.14945508992196,342.2770279877668,344.97991943359375,1124000,0.0,0.0
2025-11-21 00:00:00-05:00,345.08962925516363,348.77990625159134,343.24449075694974,345.5982971191406,1967900,0.0,0.0
2025-11-24 00:00:00-05:00,346.3164023163524,346.40616186182314,342.41668639761866,343.7930603027344,1657400,0.0,0.0
2025-11-25 00:00:00-05:00,343.15472114032536,350.57514775539363,341.8980266602195,350.03656005859375,692600,0.0,0.0
2025-11-26 00:00:00-05:00,350.56517220147964,352.5200370893951,348.8496965382311,351.6822204589844,654700,0.0,0.0
2025-11-28 00:00:00-05:00,351.1935178398563,354.68430884713905,350.5651705885803,352.9888000488281,400100,0.0,0.0
2025-12-01 00:00:00-05:00,351.762022410582,354.5446900266497,349.4980060767715,350.24603271484375,1085600,0.0,0.0
2025-12-02 00:00:00-05:00,350.1163819855477,350.7347458244109,344.63085311690855,344.7904357910156,982900,0.0,0.0
2025-12-03 00:00:00-05:00,344.5809734363745,346.4261119990871,341.0802292752688,343.5437316894531,798400,0.0,0.0
2025-12-04 00:00:00-05:00,343.54373354575847,347.0743975756168,343.54373354575847,346.7951354980469,690800,0.0,0.0
2025-12-05 00:00:00-05:00,345.8077377804306,346.6555074121837,339.2949202399732,344.291748046875,1189000,0.0,0.0
2025-12-08 00:00:00-05:00,342.32692855863115,343.6434323360468,340.1327048674677,342.48651123046875,875000,0.0,0.0
2025-12-09 00:00:00-05:00,343.41406930132075,347.7426467044469,342.17731115951074,345.2791442871094,974800,0.0,0.0
2025-12-10 00:00:00-05:00,345.3489560600425,345.50853873236053,335.54480298349245,339.1552734375,1300300,0.0,0.0
2025-12-11 00:00:00-05:00,341.8282359253863,347.20403818389053,339.1552642828134,346.4859313964844,1037300,0.0,0.0
2025-12-12 00:00:00-05:00,347.72268741452336,353.1882491845753,346.4759763629923,352.859130859375,1074300,0.0,0.0
2025-12-15 00:00:00-05:00,352.7793464785177,354.39507923288176,350.05654885071294,353.1683349609375,968800,0.0,0.0
2025-12-16 00:00:00-05:00,351.9116312864935,353.7866896472343,350.11637948087673,350.8743591308594,1121400,0.0,0.0
2025-12-17 00:00:00-05:00,349.43814037134086,353.46751910192063,349.0092790650261,351.103759765625,885300,0.0,0.0
2025-12-18 00:00:00-05:00,349.77728330409224,353.1284281780687,349.77728330409224,352.0911560058594,980100,0.0,0.0
2025-12-19 00:00:00-05:00,351.73212020478985,353.52737205129705,348.98935572761957,349.1190185546875,2459700,0.0,0.0
2025-12-22 00:00:00-05:00,347.95206223711426,355.83126998330926,347.08435621653797,354.52471923828125,827000,0.0,0.0
2025-12-23 00:00:00-05:00,354.8339118107312,355.8711839576436,352.9489004744117,354.93365478515625,590300,0.0,0.0
2025-12-24 00:00:00-05:00,354.06595630402984,357.19770923165714,353.08852383343066,355.71160888671875,283900,0.0,0.0
2025-12-26 00:00:00-05:00,355.3026839889359,356.8486240323515,353.2082336676681,355.71160888671875,309400,0.0,0.0
2025-12-29 00:00:00-05:00,355.72158922680416,357.6066005870341,354.46489469512903,355.7914123535156,433200,0.0,0.0
2025-12-30 00:00:00-05:00,355.0034917459115,356.62920793682093,352.72949185189833,355.5520324707031,440100,0.0,0.0
2025-12-31 00:00:00-05:00,356.0207897567873,356.0207897567873,351.891698387637,351.9515380859375,453300,0.0,0.0
2026-01-02 00:00:00-05:00,350.1961490339439,350.72475331192163,341.8481765509365,343.3641662597656,780600,0.0,0.0
2026-01-05 00:00:00-05:00,340.01302880365233,351.2334287125748,338.4970390622686,350.36572265625,992700,0.0,0.0
2026-01-06 00:00:00-05:00,349.42820355355616,352.5998293810248,347.40354588463055,348.75,797800,0.0,0.0
2026-01-07 00:00:00-05:00,347.21402981236315,352.2307940142849,342.01774651867066,348.99932861328125,1390700,0.0,0.0
2026-01-08 00:00:00-05:00,348.1116479455925,354.49480248800677,346.30641276493975,351.0439147949219,861700,0.0,0.0
2026-01-09 00:00:00-05:00,350.48539447409445,352.4302454872215,349.19878012325023,349.8769836425781,678400,0.0,0.0
2026-01-12 00:00:00-05:00,350.0764779288482,352.99876145105566,348.4507617796122,349.56781005859375,1053500,0.0,0.0
2026-01-13 00:00:00-05:00,347.9620707627478,349.77728948687974,342.3269424994415,343.683349609375,1028400,0.0,0.0
2026-01-14 00:00:00-05:00,343.79306276670707,346.9148017725035,343.5935768171542,345.0896301269531,1019700,0.0,0.0
2026-01-15 00:00:00-05:00,345.089629766834,346.1468383363394,341.798324663624,343.93267822265625,915900,0.0,0.0
2026-01-16 00:00:00-05:00,342.3767701848406,343.4838654117158,339.7038290297605,342.9552307128906,882900,0.0,0.0
2026-01-20 00:00:00-05:00,340.48177825317157,342.06759105063423,336.55214260262335,338.6067199707031,1645500,0.0,0.0
2026-01-21 00:00:00-05:00,338.60671659996257,340.93057257332595,329.8996757871138,331.88446044921875,1592900,0.0,0.0
2026-01-22 00:00:00-05:00,331.11649402249,335.69441365767375,329.43093813301016,335.0760498046875,1370700,0.0,0.0
2026-01-23 00:00:00-05:00,335.255580246971,337.9484578827994,332.97159705532016,337.7988586425781,1053400,0.0,0.0
2026-01-26 00:00:00-05:00,338.4272217336469,341.10016307501775,336.03354246619114,337.9783935546875,1156700,0.0,0.0
2026-01-27 00:00:00-05:00,336.2928354072237,336.8912628293601,325.0425155327366,329.8797607421875,1330500,0.0,0.0
2026-01-28 00:00:00-05:00,328.54328966981456,334.3479839138989,326.6682312868636,332.12384033203125,1341200,0.0,0.0
2026-01-29 00:00:00-05:00,334.7369375455604,342.3767867939551,334.68708127663587,342.04766845703125,2149200,0.0,0.0
2026-01-30 00:00:00-05:00,346.04709058305144,350.8743522051642,340.27234680784153,348.7200622558594,1938400,0.0,0.0
2026-02-02 00:00:00-05:00,352.2108659282421,357.0979674226507,347.33371742542346,348.69012451171875,1371700,0.0,0.0
2026-02-03 00:00:00-05:00,346.3961938045555,350.2260867676693,342.29702219308024,345.92742919921875,1266300,0.0,0.0
2026-02-04 00:00:00-05:00,347.3636290855818,355.02341470795574,347.2638861110508,349.2885437011719,1272700,0.0,0.0
2026-02-05 00:00:00-05:00,349.3982829977174,352.74942791718786,342.2870378169235,342.4565734863281,1421900,0.0,0.0
2026-02-06 00:00:00-05:00,343.8030029130874,344.0922483979477,339.6838647507064,341.1400451660156,1326100,0.0,0.0
2026-02-09 00:00:00-05:00,339.8634105490971,343.01509968859096,308.316629744181,309.5234375,3885900,0.0,0.0
2026-02-10 00:00:00-05:00,312.16647491781663,321.23255435278617,312.16647491781663,317.0835266113281,3966900,0.0,0.0
2026-02-11 00:00:00-05:00,314.49034829903275,317.0735299287316,306.2022157166968,309.1544189453125,2960100,0.0,0.0
2026-02-12 00:00:00-05:00,308.8951144813855,316.74440287944543,303.7885905670701,313.66253662109375,2827500,0.0,0.0
2026-02-13 00:00:00-05:00,317.1134434092403,321.54176361330735,312.3360380142979,320.85357666015625,2220200,0.0,0.0
2026-02-17 00:00:00-05:00,323.9952910952981,328.70287348944635,319.1580458750478,325.10235595703125,1862300,0.0,0.0
2026-02-18 00:00:00-05:00,322.0803317984543,325.5511865303161,320.1853369745789,322.1302185058594,1172300,0.0,0.0
2026-02-19 00:00:00-05:00,321.9207431363849,323.4566997373458,320.06565162546866,323.44671630859375,1015300,0.0,0.0
2026-02-20 00:00:00-05:00,325.0824277689186,326.33912234630657,322.3296798136056,324.2147216796875,1265000,0.0,0.0
2026-02-23 00:00:00-05:00,323.85563852455374,325.58109763383806,314.061499315102,314.4803771972656,1425700,0.0,0.0
2026-02-24 00:00:00-05:00,316.12601734291326,320.4545944332955,311.7575369767019,318.4897766113281,1471200,0.0,0.0
2026-02-25 00:00:00-05:00,319.05830049623194,324.1847911794011,316.94388332819335,323.8057861328125,1410600,0.0,0.0
2026-02-26 00:00:00-05:00,324.64356249284464,331.1264600541457,324.30446073441965,329.4010009765625,1062000,0.0,0.0
2026-02-27 00:00:00-05:00,330.12910117195247,337.08076352288344,329.6902564272549,334.58734130859375,2126200,0.0,0.0
2026-03-02 00:00:00-05:00,331.1464029668336,339.42458289287197,331.08656326930776,336.91119384765625,1270700,0.0,0.0
2026-03-03 00:00:00-05:00,332.4928419402025,338.4670714911292,330.83720603016246,338.1778564453125,1414600,0.0,0.0
2026-03-04 00:00:00-05:00,336.5322317032025,343.74318945761,336.4823449952288,340.2823181152344,2026300,0.0,0.0
2026-03-05 00:00:00-05:00,338.07811753507696,340.9604976606003,335.60463184989914,337.8786315917969,1554700,0.0,0.0
2026-03-06 00:00:00-05:00,336.48234487957274,340.56158007606456,333.2109760665976,339.703857421875,1187700,0.0,0.0
2026-03-09 00:00:00-04:00,340.651338588269,341.4791718273608,328.88239764063655,331.9642639160156,1708500,0.0,0.0
2026-03-10 00:00:00-04:00,331.34589242616374,331.34589242616374,319.5968881700588,320.1155090332031,1412300,0.0,0.0
2026-03-11 00:00:00-04:00,320.1155078530008,321.1926832904685,315.71710743078705,316.0661926269531,1319200,0.0,0.0
2026-03-12 00:00:00-04:00,315.1685559305543,322.40946350610415,312.9843157187113,315.07879638671875,1866400,0.0,0.0
2026-03-13 00:00:00-04:00,319.1680207289549,323.34699871483906,317.18323598714136,320.5643310546875,1124100,0.0,0.0
2026-03-16 00:00:00-04:00,321.75121444345444,326.3989571874937,319.2877120336527,325.8902893066406,1067800,0.0,0.0
2026-03-17 00:00:00-04:00,325.8902824011495,332.38316356703706,318.3900793611523,320.3349304199219,1590900,0.0,0.0
2026-03-18 00:00:00-04:00,318.8289083532977,319.45722515099965,313.97169656750754,317.0436096191406,984200,0.0,0.0
2026-03-19 00:00:00-04:00,319.15803482926174,319.95591774142207,314.8095212146085,316.15594482421875,1314500,0.0,0.0
2026-03-20 00:00:00-04:00,316.40528460572864,325.700769603595,316.40528460572864,324.7732238769531,2408700,0.0,0.0
2026-03-23 00:00:00-04:00,327.1270093863345,327.4262383128643,322.65881628140426,325.1123352050781,1300900,0.0,0.0
2026-03-24 00:00:00-04:00,326.6981599725083,327.974790968601,324.1049947012089,326.1695556640625,1180400,0.0,0.0
2026-03-25 00:00:00-04:00,324.5039336971544,326.598414493994,316.6247254016947,320.604248046875,956600,0.0,0.0
2026-03-26 00:00:00-04:00,319.9858543047419,325.74069240073203,319.9858543047419,322.9181213378906,1211500,0.0,0.0
2026-03-27 00:00:00-04:00,321.3422718604579,327.1369824375553,311.22893712276755,312.834716796875,1344000,0.0,0.0
2026-03-30 00:00:00-04:00,315.6174041386743,324.523901211152,314.8294741763507,323.2073669433594,1216600,0.0,0.0
2026-03-31 00:00:00-04:00,325.19211037002117,325.8304410615876,319.0582978601725,321.93072509765625,1413800,0.0,0.0
2026-04-01 00:00:00-04:00,321.0330945444839,324.5338689941121,317.163298485451,320.4945068359375,1081400,0.0,0.0
2026-04-02 00:00:00-04:00,321.0929400893696,327.92492301391553,318.7291807105901,322.289794921875,1124100,0.0,0.0
2026-04-06 00:00:00-04:00,320.36485693758993,326.4089100571908,320.36485693758993,325.31182861328125,867100,0.0,0.0
2026-04-07 00:00:00-04:00,324.75327404312395,325.69080324735154,319.2577920824559,321.6215515136719,1187700,0.0,0.0
2026-04-08 00:00:00-04:00,321.6215370014236,330.05926902146007,320.7338641075089,328.8923645019531,1397600,0.0,0.0
2026-04-09 00:00:00-04:00,325.6808383604905,327.306554483705,321.84096213499123,324.5438232421875,1314400,0.0,0.0
2026-04-10 00:00:00-04:00,322.30972159261495,322.4393844132306,307.000103639887,311.7475891113281,2414200,0.0,0.0
2026-04-13 00:00:00-04:00,314.1711931125933,324.823085307463,312.1764553785451,324.5438232421875,1687500,0.0,0.0
2026-04-14 00:00:00-04:00,320.9034269828042,323.5763681916527,320.1055440789718,322.1700744628906,1270500,0.0,0.0
2026-04-15 00:00:00-04:00,322.9480287998301,328.4236046082117,320.90343478574306,327.2167663574219,1093700,0.0,0.0
2026-04-16 00:00:00-04:00,329.0020632005975,337.090740537222,327.4062669263617,334.4576721191406,1350000,0.0,0.0
2026-04-17 00:00:00-04:00,332.39310485890724,335.4650179541775,330.55794983192584,330.9269714355469,1161400,0.0,0.0
2026-04-20 00:00:00-04:00,330.57791470032834,333.4702782533116,330.0393270034628,331.07659912109375,792200,0.0,0.0
2026-04-21 00:00:00-04:00,332.0540178790613,336.0036206058736,330.8771298915539,334.437744140625,1215000,0.0,0.0
2026-04-22 00:00:00-04:00,332.92171177422597,334.0387904596466,323.42677122776547,325.9999694824219,1281900,0.0,0.0
2026-04-23 00:00:00-04:00,325.49134695567784,327.26666238211305,320.7538446755367,322.70867919921875,941300,0.0,0.0
2026-04-24 00:00:00-04:00,321.5716748432517,322.9380652843333,317.8016218448624,320.2950439453125,761200,0.0,0.0
2026-04-27 00:00:00-04:00,318.6892827693195,325.09240448706237,318.1606784708561,322.9281005859375,1248900,0.0,0.0
2026-04-28 00:00:00-04:00,325.8703493355921,328.0845094953279,319.67666659582113,320.8336181640625,1312200,0.0,0.0
2026-04-29 00:00:00-04:00,319.048344761101,322.2698267548354,318.2703678170359,321.6414794921875,1156800,0.0,0.0
2026-04-30 00:00:00-04:00,311.60796362809856,313.1937765546455,306.21219413128244,310.83001708984375,2614600,0.0,0.0
2026-05-01 00:00:00-04:00,326.5199890136719,326.5199890136719,310.7300109863281,311.510009765625,1822700,0.82,0.0
2026-05-04 00:00:00-04:00,309.92999267578125,316.55999755859375,308.57000732421875,314.9200134277344,1382000,0.0,0.0
2026-05-05 00:00:00-04:00,313.6700134277344,315.4100036621094,308.989990234375,314.54998779296875,1177100,0.0,0.0
2026-05-06 00:00:00-04:00,316.4100036621094,317.489990234375,306.8699951171875,308.2699890136719,1476900,0.0,0.0
2026-05-07 00:00:00-04:00,307.19000244140625,315.8999938964844,306.5199890136719,313.5899963378906,1858900,0.0,0.0
2026-05-08 00:00:00-04:00,313.0,314.05999755859375,309.2200012207031,312.7900085449219,1179200,0.0,0.0
2026-05-11 00:00:00-04:00,312.4200134277344,314.8500061035156,309.8699951171875,312.07000732421875,1166100,0.0,0.0
2026-05-12 00:00:00-04:00,313.8900146484375,317.5899963378906,310.6300048828125,316.3500061035156,1622700,0.0,0.0
2026-05-13 00:00:00-04:00,313.6199951171875,315.489990234375,308.510009765625,310.8999938964844,1672400,0.0,0.0
2026-05-14 00:00:00-04:00,311.6099853515625,317.260009765625,311.6099853515625,315.4100036621094,1844800,0.0,0.0
2026-05-15 00:00:00-04:00,316.239990234375,321.69000244140625,316.239990234375,317.2200012207031,1955300,0.0,0.0
2026-05-18 00:00:00-04:00,317.510009765625,328.4800109863281,317.510009765625,326.57000732421875,1455600,0.0,0.0
2026-05-19 00:00:00-04:00,328.1600036621094,330.2200012207031,322.260009765625,323.6600036621094,2140600,0.0,0.0
2026-05-20 00:00:00-04:00,323.6000061035156,323.6000061035156,316.8999938964844,321.1499938964844,1479300,0.0,0.0
2026-05-21 00:00:00-04:00,318.7099914550781,325.2699890136719,315.0,324.2200012207031,946500,0.0,0.0
2026-05-22 00:00:00-04:00,323.2799987792969,325.3999938964844,320.6499938964844,324.7799987792969,929000,0.0,0.0
2026-05-26 00:00:00-04:00,326.2699890136719,326.3800048828125,318.4800109863281,319.2900085449219,1411400,0.0,0.0
2026-05-27 00:00:00-04:00,321.0899963378906,325.6000061035156,317.489990234375,318.5400085449219,1073700,0.0,0.0
2026-05-28 00:00:00-04:00,320.0299987792969,322.0899963378906,316.0299987792969,318.29998779296875,1350700,0.0,0.0
2026-05-29 00:00:00-04:00,317.7699890136719,317.8299865722656,314.5400085449219,316.05999755859375,2856900,0.0,0.0
2026-06-01 00:00:00-04:00,313.7799987792969,321.4200134277344,313.2300109863281,320.4100036621094,1431600,0.0,0.0
2026-06-02 00:00:00-04:00,317.5799865722656,319.3500061035156,312.3399963378906,317.8599853515625,824764,0.0,0.0
