Date,Open,High,Low,Close,Volume,Dividends,Stock Splits
2022-01-03 00:00:00-05:00,16.09000015258789,16.440000534057617,15.970000267028809,16.40999984741211,567100,0.0,0.0
2022-01-04 00:00:00-05:00,16.360000610351562,16.479999542236328,15.819999694824219,15.9399995803833,538500,0.0,0.0
2022-01-05 00:00:00-05:00,15.869999885559082,15.970000267028809,15.050000190734863,15.199999809265137,677700,0.0,0.0
2022-01-06 00:00:00-05:00,15.180000305175781,15.520000457763672,14.880000114440918,15.09000015258789,658100,0.0,0.0
2022-01-07 00:00:00-05:00,15.029999732971191,15.104999542236328,14.460000038146973,14.670000076293945,687500,0.0,0.0
2022-01-10 00:00:00-05:00,14.640000343322754,14.819999694824219,14.199999809265137,14.300000190734863,885300,0.0,0.0
2022-01-11 00:00:00-05:00,14.289999961853027,14.725000381469727,14.062999725341797,14.359999656677246,903800,0.0,0.0
2022-01-12 00:00:00-05:00,14.380000114440918,14.5,14.0,14.15999984741211,1004300,0.0,0.0
2022-01-13 00:00:00-05:00,14.25,14.274999618530273,13.760000228881836,13.850000381469727,2045300,0.0,0.0
2022-01-14 00:00:00-05:00,13.670000076293945,14.029999732971191,13.399999618530273,13.899999618530273,968500,0.0,0.0
2022-01-18 00:00:00-05:00,14.069999694824219,14.069999694824219,13.220000267028809,13.229999542236328,859900,0.0,0.0
2022-01-19 00:00:00-05:00,13.270000457763672,13.75,12.9399995803833,12.989999771118164,840400,0.0,0.0
2022-01-20 00:00:00-05:00,13.079999923706055,13.260000228881836,12.670000076293945,12.720000267028809,560100,0.0,0.0
2022-01-21 00:00:00-05:00,12.770000457763672,13.125,12.550000190734863,12.59000015258789,975100,0.0,0.0
2022-01-24 00:00:00-05:00,12.420000076293945,12.770000457763672,11.9350004196167,12.739999771118164,1477900,0.0,0.0
2022-01-25 00:00:00-05:00,12.720000267028809,12.720000267028809,12.010000228881836,12.289999961853027,736300,0.0,0.0
2022-01-26 00:00:00-05:00,12.34000015258789,12.609999656677246,11.920000076293945,12.039999961853027,1135200,0.0,0.0
2022-01-27 00:00:00-05:00,12.050000190734863,12.130000114440918,11.4399995803833,11.470000267028809,1215600,0.0,0.0
2022-01-28 00:00:00-05:00,11.430000305175781,11.930000305175781,11.130000114440918,11.920000076293945,1187300,0.0,0.0
2022-01-31 00:00:00-05:00,11.920000076293945,12.40999984741211,11.859999656677246,12.359999656677246,803200,0.0,0.0
2022-02-01 00:00:00-05:00,12.380000114440918,12.899999618530273,12.119999885559082,12.630000114440918,739300,0.0,0.0
2022-02-02 00:00:00-05:00,12.630000114440918,12.859999656677246,12.380000114440918,12.4399995803833,649500,0.0,0.0
2022-02-03 00:00:00-05:00,12.399999618530273,12.649999618530273,12.0600004196167,12.09000015258789,805100,0.0,0.0
2022-02-04 00:00:00-05:00,12.039999961853027,12.479999542236328,11.989999771118164,12.319999694824219,822000,0.0,0.0
2022-02-07 00:00:00-05:00,12.199999809265137,12.430000305175781,11.239999771118164,11.779999732971191,1751100,0.0,0.0
2022-02-08 00:00:00-05:00,11.739999771118164,12.579999923706055,11.539999961853027,12.3100004196167,1315800,0.0,0.0
2022-02-09 00:00:00-05:00,12.430000305175781,12.640000343322754,12.369999885559082,12.4399995803833,662700,0.0,0.0
2022-02-10 00:00:00-05:00,12.15999984741211,12.949999809265137,11.9399995803833,12.609999656677246,1754100,0.0,0.0
2022-02-11 00:00:00-05:00,12.609999656677246,13.029999732971191,12.460000038146973,12.829999923706055,990000,0.0,0.0
2022-02-14 00:00:00-05:00,12.90999984741211,13.1899995803833,12.8100004196167,13.029999732971191,1072200,0.0,0.0
2022-02-15 00:00:00-05:00,13.130000114440918,13.5,13.069999694824219,13.199999809265137,723800,0.0,0.0
2022-02-16 00:00:00-05:00,13.09000015258789,13.300000190734863,12.75,13.180000305175781,654600,0.0,0.0
2022-02-17 00:00:00-05:00,13.069999694824219,13.220000267028809,12.850000381469727,12.850000381469727,1520400,0.0,0.0
2022-02-18 00:00:00-05:00,12.359999656677246,12.789999961853027,11.640000343322754,12.319999694824219,1291800,0.0,0.0
2022-02-22 00:00:00-05:00,12.15999984741211,12.1899995803833,10.949999809265137,11.119999885559082,1745500,0.0,0.0
2022-02-23 00:00:00-05:00,11.130000114440918,11.229999542236328,10.75,10.920000076293945,974200,0.0,0.0
2022-02-24 00:00:00-05:00,10.630000114440918,11.489999771118164,10.529999732971191,11.460000038146973,888500,0.0,0.0
2022-02-25 00:00:00-05:00,11.5,11.729999542236328,11.100000381469727,11.729999542236328,653500,0.0,0.0
2022-02-28 00:00:00-05:00,11.550000190734863,12.020000457763672,11.539999961853027,11.789999961853027,500200,0.0,0.0
2022-03-01 00:00:00-05:00,11.680000305175781,11.850000381469727,11.369999885559082,11.489999771118164,558300,0.0,0.0
2022-03-02 00:00:00-05:00,11.609999656677246,11.979999542236328,11.5,11.729999542236328,449300,0.0,0.0
2022-03-03 00:00:00-05:00,11.789999961853027,11.989999771118164,11.390000343322754,11.5600004196167,475400,0.0,0.0
2022-03-04 00:00:00-05:00,11.539999961853027,11.899999618530273,11.539999961853027,11.850000381469727,473800,0.0,0.0
2022-03-07 00:00:00-05:00,11.489999771118164,11.850000381469727,11.300000190734863,11.609999656677246,631700,0.0,0.0
2022-03-08 00:00:00-05:00,11.619999885559082,11.970000267028809,11.279999732971191,11.4399995803833,507700,0.0,0.0
2022-03-09 00:00:00-05:00,11.609999656677246,12.199999809265137,11.600000381469727,12.170000076293945,739000,0.0,0.0
2022-03-10 00:00:00-05:00,11.979999542236328,12.59000015258789,11.930000305175781,12.430000305175781,765200,0.0,0.0
2022-03-11 00:00:00-05:00,12.579999923706055,12.822999954223633,12.270000457763672,12.329999923706055,584000,0.0,0.0
2022-03-14 00:00:00-04:00,12.145000457763672,12.71500015258789,11.960000038146973,12.0600004196167,794800,0.0,0.0
2022-03-15 00:00:00-04:00,12.229999542236328,12.9399995803833,11.979999542236328,12.539999961853027,876200,0.0,0.0
2022-03-16 00:00:00-04:00,12.630000114440918,12.949999809265137,12.354999542236328,12.890000343322754,835600,0.0,0.0
2022-03-17 00:00:00-04:00,12.819999694824219,13.020000457763672,12.569999694824219,12.84000015258789,667800,0.0,0.0
2022-03-18 00:00:00-04:00,12.859999656677246,13.34000015258789,12.744999885559082,13.3100004196167,2044700,0.0,0.0
2022-03-21 00:00:00-04:00,13.220000267028809,13.3100004196167,12.109999656677246,12.15999984741211,846500,0.0,0.0
2022-03-22 00:00:00-04:00,12.1899995803833,12.539999961853027,12.0600004196167,12.430000305175781,961700,0.0,0.0
2022-03-23 00:00:00-04:00,12.479999542236328,12.9399995803833,12.449999809265137,12.510000228881836,816100,0.0,0.0
2022-03-24 00:00:00-04:00,12.569999694824219,12.920000076293945,12.4399995803833,12.890000343322754,476300,0.0,0.0
2022-03-25 00:00:00-04:00,12.819999694824219,12.819999694824219,12.380000114440918,12.430000305175781,453100,0.0,0.0
2022-03-28 00:00:00-04:00,12.479999542236328,12.569999694824219,11.720000267028809,11.970000267028809,832800,0.0,0.0
2022-03-29 00:00:00-04:00,12.350000381469727,12.989999771118164,12.050000190734863,12.760000228881836,1193800,0.0,0.0
2022-03-30 00:00:00-04:00,12.6899995803833,13.460000038146973,12.5,12.84000015258789,934900,0.0,0.0
2022-03-31 00:00:00-04:00,12.84000015258789,13.289999961853027,12.84000015258789,12.90999984741211,468200,0.0,0.0
2022-04-01 00:00:00-04:00,12.9399995803833,13.069999694824219,12.479999542236328,12.850000381469727,901400,0.0,0.0
2022-04-04 00:00:00-04:00,12.899999618530273,13.385000228881836,12.850000381469727,13.229999542236328,511400,0.0,0.0
2022-04-05 00:00:00-04:00,13.25,13.36299991607666,12.399999618530273,12.59000015258789,945700,0.0,0.0
2022-04-06 00:00:00-04:00,12.479999542236328,12.960000038146973,12.479999542236328,12.75,514400,0.0,0.0
2022-04-07 00:00:00-04:00,12.670000076293945,12.890000343322754,12.510000228881836,12.5600004196167,369200,0.0,0.0
2022-04-08 00:00:00-04:00,12.510000228881836,12.930000305175781,12.460000038146973,12.5,472100,0.0,0.0
2022-04-11 00:00:00-04:00,12.40999984741211,12.770000457763672,12.079999923706055,12.15999984741211,735500,0.0,0.0
2022-04-12 00:00:00-04:00,12.239999771118164,12.5600004196167,11.520000457763672,11.800000190734863,1160300,0.0,0.0
2022-04-13 00:00:00-04:00,11.699999809265137,12.100000381469727,11.5600004196167,11.630000114440918,964800,0.0,0.0
2022-04-14 00:00:00-04:00,11.609999656677246,11.6899995803833,11.199999809265137,11.239999771118164,751500,0.0,0.0
2022-04-18 00:00:00-04:00,11.210000038146973,11.34000015258789,10.470000267028809,10.510000228881836,930300,0.0,0.0
2022-04-19 00:00:00-04:00,10.470000267028809,10.75,10.260000228881836,10.380000114440918,752300,0.0,0.0
2022-04-20 00:00:00-04:00,10.5600004196167,10.5600004196167,9.90999984741211,10.100000381469727,1175300,0.0,0.0
2022-04-21 00:00:00-04:00,10.15999984741211,10.390000343322754,9.8100004196167,9.859999656677246,1025500,0.0,0.0
2022-04-22 00:00:00-04:00,9.819999694824219,9.942999839782715,9.569999694824219,9.609999656677246,715500,0.0,0.0
2022-04-25 00:00:00-04:00,9.489999771118164,9.760000228881836,9.34000015258789,9.619999885559082,850500,0.0,0.0
2022-04-26 00:00:00-04:00,9.520000457763672,9.609999656677246,9.3100004196167,9.359999656677246,832800,0.0,0.0
2022-04-27 00:00:00-04:00,9.350000381469727,9.600000381469727,9.220000267028809,9.279999732971191,571200,0.0,0.0
2022-04-28 00:00:00-04:00,9.390000343322754,9.5600004196167,9.020000457763672,9.430000305175781,841500,0.0,0.0
2022-04-29 00:00:00-04:00,9.300000190734863,9.5600004196167,9.010000228881836,9.039999961853027,577600,0.0,0.0
2022-05-02 00:00:00-04:00,8.90999984741211,9.680000305175781,8.649999618530273,9.680000305175781,1674800,0.0,0.0
2022-05-03 00:00:00-04:00,9.65999984741211,9.869999885559082,9.347999572753906,9.710000038146973,957900,0.0,0.0
2022-05-04 00:00:00-04:00,9.680000305175781,9.75,8.979999542236328,9.720000267028809,1020200,0.0,0.0
2022-05-05 00:00:00-04:00,9.680000305175781,9.899999618530273,8.729999542236328,8.819999694824219,1203900,0.0,0.0
2022-05-06 00:00:00-04:00,8.630000114440918,9.180000305175781,8.40999984741211,8.430000305175781,1110100,0.0,0.0
2022-05-09 00:00:00-04:00,8.100000381469727,8.598999977111816,7.980000019073486,8.029999732971191,1508200,0.0,0.0
2022-05-10 00:00:00-04:00,8.34000015258789,8.760000228881836,8.260000228881836,8.520000457763672,1315500,0.0,0.0
2022-05-11 00:00:00-04:00,8.40999984741211,8.579999923706055,7.730000019073486,7.75,1375500,0.0,0.0
2022-05-12 00:00:00-04:00,7.610000133514404,7.880000114440918,7.409999847412109,7.590000152587891,1597900,0.0,0.0
2022-05-13 00:00:00-04:00,7.929999828338623,8.020000457763672,7.539999961853027,7.949999809265137,1498400,0.0,0.0
2022-05-16 00:00:00-04:00,7.869999885559082,8.095000267028809,7.570000171661377,7.599999904632568,1317000,0.0,0.0
2022-05-17 00:00:00-04:00,7.699999809265137,7.949999809265137,7.610000133514404,7.909999847412109,1037300,0.0,0.0
2022-05-18 00:00:00-04:00,7.619999885559082,7.699999809265137,7.239999771118164,7.449999809265137,1393100,0.0,0.0
2022-05-19 00:00:00-04:00,7.46999979019165,7.940000057220459,7.335000038146973,7.909999847412109,1533100,0.0,0.0
2022-05-20 00:00:00-04:00,7.96999979019165,8.359999656677246,7.75,8.3100004196167,993900,0.0,0.0
2022-05-23 00:00:00-04:00,8.329999923706055,8.380000114440918,7.920000076293945,7.989999771118164,710600,0.0,0.0
2022-05-24 00:00:00-04:00,7.840000152587891,7.900000095367432,7.619999885559082,7.670000076293945,1403200,0.0,0.0
2022-05-25 00:00:00-04:00,7.679999828338623,7.809999942779541,7.360000133514404,7.409999847412109,735100,0.0,0.0
2022-05-26 00:00:00-04:00,7.429999828338623,7.744999885559082,7.400000095367432,7.659999847412109,1604100,0.0,0.0
2022-05-27 00:00:00-04:00,7.730000019073486,7.809999942779541,7.360000133514404,7.539999961853027,868000,0.0,0.0
2022-05-31 00:00:00-04:00,7.550000190734863,7.675000190734863,7.179999828338623,7.340000152587891,937300,0.0,0.0
2022-06-01 00:00:00-04:00,7.320000171661377,7.449999809265137,7.099999904632568,7.360000133514404,999600,0.0,0.0
2022-06-02 00:00:00-04:00,7.340000152587891,7.46999979019165,7.010000228881836,7.460000038146973,690000,0.0,0.0
2022-06-03 00:00:00-04:00,7.440000057220459,7.764999866485596,7.349999904632568,7.570000171661377,980700,0.0,0.0
2022-06-06 00:00:00-04:00,7.75,7.75,7.304999828338623,7.570000171661377,1092700,0.0,0.0
2022-06-07 00:00:00-04:00,7.559999942779541,7.75,7.440000057220459,7.730000019073486,749000,0.0,0.0
2022-06-08 00:00:00-04:00,7.670000076293945,7.929999828338623,7.610000133514404,7.71999979019165,484400,0.0,0.0
2022-06-09 00:00:00-04:00,7.690000057220459,7.829999923706055,7.300000190734863,7.309999942779541,662500,0.0,0.0
2022-06-10 00:00:00-04:00,7.210000038146973,7.21999979019165,6.71999979019165,6.71999979019165,832700,0.0,0.0
2022-06-13 00:00:00-04:00,6.5,6.59499979019165,6.09499979019165,6.190000057220459,1097000,0.0,0.0
2022-06-14 00:00:00-04:00,6.28000020980835,6.329999923706055,5.900000095367432,6.0,1030100,0.0,0.0
2022-06-15 00:00:00-04:00,6.0,6.150000095367432,5.840000152587891,5.989999771118164,1246000,0.0,0.0
2022-06-16 00:00:00-04:00,5.789999961853027,5.929999828338623,5.599999904632568,5.860000133514404,1932100,0.0,0.0
2022-06-17 00:00:00-04:00,5.940000057220459,6.34499979019165,5.900000095367432,6.300000190734863,2466800,0.0,0.0
2022-06-21 00:00:00-04:00,6.53000020980835,6.820000171661377,6.340000152587891,6.639999866485596,1492500,0.0,0.0
2022-06-22 00:00:00-04:00,6.519999980926514,6.940000057220459,6.510000228881836,6.710000038146973,856600,0.0,0.0
2022-06-23 00:00:00-04:00,6.739999771118164,7.40500020980835,6.699999809265137,7.389999866485596,1745400,0.0,0.0
2022-06-24 00:00:00-04:00,7.480000019073486,7.659999847412109,7.21999979019165,7.5,1831200,0.0,0.0
2022-06-27 00:00:00-04:00,7.53000020980835,7.760000228881836,7.409999847412109,7.630000114440918,722400,0.0,0.0
2022-06-28 00:00:00-04:00,7.639999866485596,7.739999771118164,7.239999771118164,7.349999904632568,758300,0.0,0.0
2022-06-29 00:00:00-04:00,7.380000114440918,7.420000076293945,7.099999904632568,7.400000095367432,574300,0.0,0.0
2022-06-30 00:00:00-04:00,7.260000228881836,7.385000228881836,7.110000133514404,7.239999771118164,594900,0.0,0.0
2022-07-01 00:00:00-04:00,7.210000038146973,7.869999885559082,7.119999885559082,7.829999923706055,826600,0.0,0.0
2022-07-05 00:00:00-04:00,7.860000133514404,8.5600004196167,7.610000133514404,8.539999961853027,1715500,0.0,0.0
2022-07-06 00:00:00-04:00,8.550000190734863,9.050000190734863,8.449999809265137,8.880000114440918,1219200,0.0,0.0
2022-07-07 00:00:00-04:00,8.890000343322754,9.390000343322754,8.699999809265137,9.170000076293945,1026100,0.0,0.0
2022-07-08 00:00:00-04:00,9.130000114440918,9.279999732971191,8.954999923706055,9.199999809265137,730000,0.0,0.0
2022-07-11 00:00:00-04:00,9.069999694824219,9.210000038146973,8.220000267028809,8.220000267028809,986700,0.0,0.0
2022-07-12 00:00:00-04:00,8.25,8.510000228881836,7.914999961853027,8.479999542236328,753900,0.0,0.0
2022-07-13 00:00:00-04:00,8.1899995803833,8.520000457763672,8.010000228881836,8.380000114440918,538200,0.0,0.0
2022-07-14 00:00:00-04:00,8.260000228881836,8.345000267028809,8.104999542236328,8.270000457763672,775200,0.0,0.0
2022-07-15 00:00:00-04:00,8.449999809265137,8.5,7.880000114440918,7.96999979019165,805400,0.0,0.0
2022-07-18 00:00:00-04:00,8.149999618530273,8.25,7.610000133514404,7.679999828338623,1230300,0.0,0.0
2022-07-19 00:00:00-04:00,7.820000171661377,7.869999885559082,7.46999979019165,7.619999885559082,942400,0.0,0.0
2022-07-20 00:00:00-04:00,7.650000095367432,8.0,7.519999980926514,7.840000152587891,748900,0.0,0.0
2022-07-21 00:00:00-04:00,7.860000133514404,8.0,7.679999828338623,7.880000114440918,524500,0.0,0.0
2022-07-22 00:00:00-04:00,7.880000114440918,7.894999980926514,7.139999866485596,7.170000076293945,1836700,0.0,0.0
2022-07-25 00:00:00-04:00,7.199999809265137,7.309999942779541,6.980000019073486,7.300000190734863,859900,0.0,0.0
2022-07-26 00:00:00-04:00,7.239999771118164,7.579999923706055,7.090000152587891,7.429999828338623,924500,0.0,0.0
2022-07-27 00:00:00-04:00,7.510000228881836,8.109999656677246,7.414999961853027,8.09000015258789,1017800,0.0,0.0
2022-07-28 00:00:00-04:00,8.109999656677246,8.510000228881836,7.710000038146973,8.4399995803833,963000,0.0,0.0
2022-07-29 00:00:00-04:00,8.420000076293945,8.5,8.0600004196167,8.470000267028809,781700,0.0,0.0
2022-08-01 00:00:00-04:00,8.479999542236328,9.380000114440918,8.390000343322754,9.15999984741211,1237700,0.0,0.0
2022-08-02 00:00:00-04:00,9.149999618530273,10.050000190734863,9.039999961853027,10.020000457763672,1167000,0.0,0.0
2022-08-03 00:00:00-04:00,10.140000343322754,10.75,9.925000190734863,10.0600004196167,1944900,0.0,0.0
2022-08-04 00:00:00-04:00,9.949999809265137,10.805000305175781,9.949999809265137,10.579999923706055,1393300,0.0,0.0
2022-08-05 00:00:00-04:00,10.569999694824219,11.90999984741211,10.489999771118164,11.829999923706055,1711400,0.0,0.0
2022-08-08 00:00:00-04:00,11.800000190734863,12.069999694824219,11.279999732971191,11.40999984741211,1333600,0.0,0.0
2022-08-09 00:00:00-04:00,11.210000038146973,11.395000457763672,10.529999732971191,11.0600004196167,1119900,0.0,0.0
2022-08-10 00:00:00-04:00,11.390000343322754,12.989999771118164,11.390000343322754,12.970000267028809,1950600,0.0,0.0
2022-08-11 00:00:00-04:00,12.890000343322754,13.170000076293945,12.5,12.649999618530273,1714200,0.0,0.0
2022-08-12 00:00:00-04:00,12.640000343322754,13.930000305175781,12.640000343322754,13.760000228881836,1238400,0.0,0.0
2022-08-15 00:00:00-04:00,13.680000305175781,13.970000267028809,13.329999923706055,13.869999885559082,1169100,0.0,0.0
2022-08-16 00:00:00-04:00,14.029999732971191,14.109999656677246,13.239999771118164,13.390000343322754,803900,0.0,0.0
2022-08-17 00:00:00-04:00,13.15999984741211,13.489999771118164,12.960000038146973,13.079999923706055,896300,0.0,0.0
2022-08-18 00:00:00-04:00,13.079999923706055,13.140000343322754,12.600000381469727,12.989999771118164,590100,0.0,0.0
2022-08-19 00:00:00-04:00,12.770000457763672,13.09000015258789,12.529999732971191,12.649999618530273,660500,0.0,0.0
2022-08-22 00:00:00-04:00,12.449999809265137,12.779999732971191,12.199999809265137,12.319999694824219,641800,0.0,0.0
2022-08-23 00:00:00-04:00,12.369999885559082,12.75,12.149999618530273,12.550000190734863,691200,0.0,0.0
2022-08-24 00:00:00-04:00,12.460000038146973,13.079999923706055,12.34000015258789,12.899999618530273,633100,0.0,0.0
2022-08-25 00:00:00-04:00,13.119999885559082,13.460000038146973,12.770000457763672,12.84000015258789,494500,0.0,0.0
2022-08-26 00:00:00-04:00,12.640000343322754,12.800000190734863,11.760000228881836,11.890000343322754,1003500,0.0,0.0
2022-08-29 00:00:00-04:00,11.649999618530273,12.029999732971191,11.520000457763672,11.600000381469727,1205400,0.0,0.0
2022-08-30 00:00:00-04:00,11.739999771118164,11.789999961853027,11.199999809265137,11.40999984741211,1492700,0.0,0.0
2022-08-31 00:00:00-04:00,11.630000114440918,11.739999771118164,11.175000190734863,11.180000305175781,1239300,0.0,0.0
2022-09-01 00:00:00-04:00,11.15999984741211,11.15999984741211,10.729999542236328,11.079999923706055,1296700,0.0,0.0
2022-09-02 00:00:00-04:00,11.140000343322754,11.140000343322754,10.100000381469727,10.199999809265137,1443200,0.0,0.0
2022-09-06 00:00:00-04:00,10.053999900817871,10.300000190734863,9.920000076293945,10.050000190734863,1519100,0.0,0.0
2022-09-07 00:00:00-04:00,10.100000381469727,10.84000015258789,10.069999694824219,10.779999732971191,1180600,0.0,0.0
2022-09-08 00:00:00-04:00,10.630000114440918,10.949999809265137,10.489999771118164,10.520000457763672,1415500,0.0,0.0
2022-09-09 00:00:00-04:00,10.649999618530273,11.010000228881836,10.40999984741211,10.579999923706055,994000,0.0,0.0
2022-09-12 00:00:00-04:00,10.619999885559082,10.720000267028809,10.255000114440918,10.510000228881836,1204600,0.0,0.0
2022-09-13 00:00:00-04:00,10.270000457763672,10.324000358581543,9.539999961853027,9.680000305175781,1382500,0.0,0.0
2022-09-14 00:00:00-04:00,9.710000038146973,10.180000305175781,9.600000381469727,10.170000076293945,1654200,0.0,0.0
2022-09-15 00:00:00-04:00,10.119999885559082,10.670000076293945,9.949999809265137,10.529999732971191,1287400,0.0,0.0
2022-09-16 00:00:00-04:00,10.420000076293945,10.430000305175781,9.710000038146973,9.850000381469727,2889800,0.0,0.0
2022-09-19 00:00:00-04:00,9.899999618530273,10.039999961853027,9.699999809265137,9.880000114440918,860200,0.0,0.0
2022-09-20 00:00:00-04:00,9.789999961853027,9.979999542236328,9.380000114440918,9.579999923706055,858900,0.0,0.0
2022-09-21 00:00:00-04:00,9.640000343322754,10.039999961853027,9.479999542236328,9.489999771118164,699200,0.0,0.0
2022-09-22 00:00:00-04:00,9.420000076293945,9.510000228881836,9.09000015258789,9.420000076293945,763100,0.0,0.0
2022-09-23 00:00:00-04:00,9.329999923706055,9.539999961853027,8.895000457763672,9.100000381469727,1035100,0.0,0.0
2022-09-26 00:00:00-04:00,9.069999694824219,9.399999618530273,8.880000114440918,9.010000228881836,1028500,0.0,0.0
2022-09-27 00:00:00-04:00,9.25,9.470000267028809,9.225000381469727,9.399999618530273,839300,0.0,0.0
2022-09-28 00:00:00-04:00,9.199999809265137,9.9399995803833,9.199999809265137,9.819999694824219,955200,0.0,0.0
2022-09-29 00:00:00-04:00,9.670000076293945,9.84000015258789,9.25,9.350000381469727,764400,0.0,0.0
2022-09-30 00:00:00-04:00,9.390000343322754,10.114999771118164,9.239999771118164,9.609999656677246,971300,0.0,0.0
2022-10-03 00:00:00-04:00,9.770000457763672,9.859999656677246,9.135000228881836,9.369999885559082,865800,0.0,0.0
2022-10-04 00:00:00-04:00,9.529999732971191,10.079999923706055,9.529999732971191,10.069999694824219,1116800,0.0,0.0
2022-10-05 00:00:00-04:00,9.84000015258789,10.010000228881836,9.630000114440918,9.789999961853027,651100,0.0,0.0
2022-10-06 00:00:00-04:00,9.680000305175781,9.9399995803833,9.649999618530273,9.729999542236328,525200,0.0,0.0
2022-10-07 00:00:00-04:00,9.5600004196167,9.5600004196167,8.649999618530273,8.760000228881836,1124000,0.0,0.0
2022-10-10 00:00:00-04:00,8.720000267028809,8.84000015258789,8.270000457763672,8.609999656677246,810800,0.0,0.0
2022-10-11 00:00:00-04:00,8.640000343322754,8.930000305175781,8.25,8.670000076293945,799000,0.0,0.0
2022-10-12 00:00:00-04:00,8.569999694824219,8.710000038146973,8.229999542236328,8.489999771118164,975100,0.0,0.0
2022-10-13 00:00:00-04:00,8.119999885559082,8.704999923706055,8.050000190734863,8.600000381469727,1106400,0.0,0.0
2022-10-14 00:00:00-04:00,8.6899995803833,8.6899995803833,8.204999923706055,8.279999732971191,933400,0.0,0.0
2022-10-17 00:00:00-04:00,8.5,8.989999771118164,8.449999809265137,8.680000305175781,973600,0.0,0.0
2022-10-18 00:00:00-04:00,8.890000343322754,9.0,8.274999618530273,8.359999656677246,1377500,0.0,0.0
2022-10-19 00:00:00-04:00,8.270000457763672,8.579999923706055,8.119999885559082,8.220000267028809,1058600,0.0,0.0
2022-10-20 00:00:00-04:00,8.15999984741211,8.4399995803833,8.010000228881836,8.130000114440918,589400,0.0,0.0
2022-10-21 00:00:00-04:00,8.229999542236328,8.489999771118164,8.024999618530273,8.470000267028809,698000,0.0,0.0
2022-10-24 00:00:00-04:00,8.59000015258789,8.59000015258789,8.149999618530273,8.369999885559082,634200,0.0,0.0
2022-10-25 00:00:00-04:00,8.40999984741211,8.75,8.380000114440918,8.579999923706055,1135300,0.0,0.0
2022-10-26 00:00:00-04:00,8.59000015258789,9.079999923706055,8.470000267028809,8.539999961853027,863600,0.0,0.0
2022-10-27 00:00:00-04:00,8.649999618530273,8.880000114440918,8.46500015258789,8.479999542236328,814200,0.0,0.0
2022-10-28 00:00:00-04:00,8.5,8.729999542236328,8.180000305175781,8.6899995803833,994700,0.0,0.0
2022-10-31 00:00:00-04:00,8.619999885559082,9.071000099182129,8.53499984741211,8.699999809265137,719200,0.0,0.0
2022-11-01 00:00:00-04:00,8.84000015258789,8.9399995803833,8.680000305175781,8.760000228881836,556000,0.0,0.0
2022-11-02 00:00:00-04:00,8.720000267028809,8.989999771118164,8.479999542236328,8.529999732971191,694400,0.0,0.0
2022-11-03 00:00:00-04:00,8.380000114440918,8.510000228881836,7.980000019073486,8.0,1004000,0.0,0.0
2022-11-04 00:00:00-04:00,8.069999694824219,8.069999694824219,7.510000228881836,7.769999980926514,1587300,0.0,0.0
2022-11-07 00:00:00-05:00,7.760000228881836,7.965000152587891,7.599999904632568,7.820000171661377,899400,0.0,0.0
2022-11-08 00:00:00-05:00,7.860000133514404,8.079999923706055,7.670000076293945,7.989999771118164,1159600,0.0,0.0
2022-11-09 00:00:00-05:00,7.449999809265137,7.650000095367432,6.699999809265137,7.010000228881836,2970400,0.0,0.0
2022-11-10 00:00:00-05:00,7.400000095367432,7.840000152587891,7.239999771118164,7.829999923706055,2851600,0.0,0.0
2022-11-11 00:00:00-05:00,7.75,8.050000190734863,7.690000057220459,7.789999961853027,1511200,0.0,0.0
2022-11-14 00:00:00-05:00,7.71999979019165,8.229999542236328,7.659999847412109,7.940000057220459,956300,0.0,0.0
2022-11-15 00:00:00-05:00,8.229999542236328,8.375,7.840000152587891,7.960000038146973,936300,0.0,0.0
2022-11-16 00:00:00-05:00,7.880000114440918,8.140000343322754,7.349999904632568,7.349999904632568,1054100,0.0,0.0
2022-11-17 00:00:00-05:00,7.440000057220459,7.440000057220459,6.599999904632568,6.710000038146973,1066500,0.0,0.0
2022-11-18 00:00:00-05:00,6.880000114440918,6.920000076293945,6.639999866485596,6.739999771118164,1019600,0.0,0.0
2022-11-21 00:00:00-05:00,6.840000152587891,6.840000152587891,6.519999980926514,6.599999904632568,929700,0.0,0.0
2022-11-22 00:00:00-05:00,6.590000152587891,6.670000076293945,6.420000076293945,6.550000190734863,893500,0.0,0.0
2022-11-23 00:00:00-05:00,6.460000038146973,6.679999828338623,6.449999809265137,6.550000190734863,499200,0.0,0.0
2022-11-25 00:00:00-05:00,6.53000020980835,6.599999904632568,6.465000152587891,6.579999923706055,239400,0.0,0.0
2022-11-28 00:00:00-05:00,6.510000228881836,6.690000057220459,6.329999923706055,6.440000057220459,753000,0.0,0.0
2022-11-29 00:00:00-05:00,6.400000095367432,6.630000114440918,6.370999813079834,6.579999923706055,476300,0.0,0.0
2022-11-30 00:00:00-05:00,6.590000152587891,6.889999866485596,6.443999767303467,6.860000133514404,961600,0.0,0.0
2022-12-01 00:00:00-05:00,6.869999885559082,6.920000076293945,6.639999866485596,6.690000057220459,661600,0.0,0.0
2022-12-02 00:00:00-05:00,6.599999904632568,6.945000171661377,6.480000019073486,6.929999828338623,729300,0.0,0.0
2022-12-05 00:00:00-05:00,6.880000114440918,6.920000076293945,6.650000095367432,6.739999771118164,807100,0.0,0.0
2022-12-06 00:00:00-05:00,6.699999809265137,6.809999942779541,6.550000190734863,6.800000190734863,847900,0.0,0.0
2022-12-07 00:00:00-05:00,6.920000076293945,6.920000076293945,6.579999923706055,6.639999866485596,697300,0.0,0.0
2022-12-08 00:00:00-05:00,6.690000057220459,6.864999771118164,6.510000228881836,6.829999923706055,674100,0.0,0.0
2022-12-09 00:00:00-05:00,6.800000190734863,7.054999828338623,6.699999809265137,6.929999828338623,1130400,0.0,0.0
2022-12-12 00:00:00-05:00,6.980000019073486,7.440000057220459,6.880000114440918,7.409999847412109,861900,0.0,0.0
2022-12-13 00:00:00-05:00,7.789999961853027,7.840000152587891,7.255000114440918,7.340000152587891,969100,0.0,0.0
2022-12-14 00:00:00-05:00,7.289999961853027,7.789999961853027,7.230000019073486,7.510000228881836,876300,0.0,0.0
2022-12-15 00:00:00-05:00,7.409999847412109,7.510000228881836,7.21999979019165,7.349999904632568,956700,0.0,0.0
2022-12-16 00:00:00-05:00,7.28000020980835,7.409999847412109,7.150000095367432,7.309999942779541,4000800,0.0,0.0
2022-12-19 00:00:00-05:00,7.269999980926514,7.269999980926514,6.690000057220459,7.019999980926514,1003200,0.0,0.0
2022-12-20 00:00:00-05:00,6.929999828338623,7.179999828338623,6.849999904632568,7.099999904632568,939800,0.0,0.0
2022-12-21 00:00:00-05:00,7.099999904632568,7.449999809265137,7.039999961853027,7.230000019073486,1475200,0.0,0.0
2022-12-22 00:00:00-05:00,7.260000228881836,7.449999809265137,7.179999828338623,7.409999847412109,960600,0.0,0.0
2022-12-23 00:00:00-05:00,7.869999885559082,7.889999866485596,6.130000114440918,6.449999809265137,3609900,0.0,0.0
2022-12-27 00:00:00-05:00,6.0,6.150000095367432,5.580999851226807,5.690000057220459,3517300,0.0,0.0
2022-12-28 00:00:00-05:00,5.630000114440918,6.260000228881836,5.610000133514404,6.21999979019165,1514100,0.0,0.0
2022-12-29 00:00:00-05:00,6.239999771118164,7.320000171661377,6.079999923706055,7.28000020980835,1953400,0.0,0.0
2022-12-30 00:00:00-05:00,7.179999828338623,7.929999828338623,7.059999942779541,7.920000076293945,1975100,0.0,0.0
2023-01-03 00:00:00-05:00,7.980000019073486,8.5600004196167,7.920000076293945,8.510000228881836,1669700,0.0,0.0
2023-01-04 00:00:00-05:00,8.600000381469727,10.609999656677246,8.520000457763672,9.869999885559082,3874000,0.0,0.0
2023-01-05 00:00:00-05:00,9.979999542236328,10.479999542236328,9.270000457763672,10.369999885559082,1910900,0.0,0.0
2023-01-06 00:00:00-05:00,10.470000267028809,10.5,9.510000228881836,9.579999923706055,1583400,0.0,0.0
2023-01-09 00:00:00-05:00,9.680000305175781,9.890000343322754,8.729999542236328,8.979999542236328,1948100,0.0,0.0
2023-01-10 00:00:00-05:00,8.970000267028809,9.960000038146973,8.890000343322754,9.850000381469727,1311700,0.0,0.0
2023-01-11 00:00:00-05:00,9.8100004196167,10.399999618530273,9.770000457763672,10.260000228881836,1140700,0.0,0.0
2023-01-12 00:00:00-05:00,10.305000305175781,10.524999618530273,9.920000076293945,10.520000457763672,1104600,0.0,0.0
2023-01-13 00:00:00-05:00,10.430000305175781,10.991000175476074,10.0600004196167,10.449999809265137,1410000,0.0,0.0
2023-01-17 00:00:00-05:00,10.5,10.654999732971191,9.59000015258789,9.710000038146973,1326400,0.0,0.0
2023-01-18 00:00:00-05:00,9.789999961853027,10.100000381469727,8.90999984741211,8.9399995803833,1457600,0.0,0.0
2023-01-19 00:00:00-05:00,8.869999885559082,8.970000267028809,8.600000381469727,8.739999771118164,922900,0.0,0.0
2023-01-20 00:00:00-05:00,8.859999656677246,9.069999694824219,8.649999618530273,9.020000457763672,807300,0.0,0.0
2023-01-23 00:00:00-05:00,9.029999732971191,9.324999809265137,8.890000343322754,9.180000305175781,964400,0.0,0.0
2023-01-24 00:00:00-05:00,9.100000381469727,9.390000343322754,8.899999618530273,9.119999885559082,587900,0.0,0.0
2023-01-25 00:00:00-05:00,8.949999809265137,8.989999771118164,8.569999694824219,8.789999961853027,671300,0.0,0.0
2023-01-26 00:00:00-05:00,8.850000381469727,9.050000190734863,8.25,8.350000381469727,747800,0.0,0.0
2023-01-27 00:00:00-05:00,8.319999694824219,8.760000228881836,8.3100004196167,8.34000015258789,916800,0.0,0.0
2023-01-30 00:00:00-05:00,8.239999771118164,8.380000114440918,7.880000114440918,8.140000343322754,919500,0.0,0.0
2023-01-31 00:00:00-05:00,8.229999542236328,8.5,8.204999923706055,8.479999542236328,701800,0.0,0.0
2023-02-01 00:00:00-05:00,8.449999809265137,8.760000228881836,8.220000267028809,8.649999618530273,922500,0.0,0.0
2023-02-02 00:00:00-05:00,8.84000015258789,9.125,8.75,8.960000038146973,943600,0.0,0.0
2023-02-03 00:00:00-05:00,8.770000457763672,8.90999984741211,8.430000305175781,8.489999771118164,749400,0.0,0.0
2023-02-06 00:00:00-05:00,8.449999809265137,8.529999732971191,8.1899995803833,8.399999618530273,521900,0.0,0.0
2023-02-07 00:00:00-05:00,8.40999984741211,8.449999809265137,8.15999984741211,8.420000076293945,588100,0.0,0.0
2023-02-08 00:00:00-05:00,8.430000305175781,8.510000228881836,8.010000228881836,8.020000457763672,736700,0.0,0.0
2023-02-09 00:00:00-05:00,8.149999618530273,8.335000038146973,7.71999979019165,7.820000171661377,836000,0.0,0.0
2023-02-10 00:00:00-05:00,7.75,7.840000152587891,7.5,7.679999828338623,721900,0.0,0.0
2023-02-13 00:00:00-05:00,7.699999809265137,8.220000267028809,7.599999904632568,8.029999732971191,1147900,0.0,0.0
2023-02-14 00:00:00-05:00,7.929999828338623,8.130000114440918,7.739999771118164,7.96999979019165,598500,0.0,0.0
2023-02-15 00:00:00-05:00,7.980000019073486,8.029999732971191,7.764999866485596,7.889999866485596,896600,0.0,0.0
2023-02-16 00:00:00-05:00,7.769999980926514,7.880000114440918,7.420000076293945,7.460000038146973,1053400,0.0,0.0
2023-02-17 00:00:00-05:00,7.570000171661377,7.894999980926514,7.300000190734863,7.800000190734863,809900,0.0,0.0
2023-02-21 00:00:00-05:00,7.619999885559082,7.715000152587891,7.21999979019165,7.28000020980835,952700,0.0,0.0
2023-02-22 00:00:00-05:00,7.289999961853027,7.519999980926514,7.269999980926514,7.420000076293945,901100,0.0,0.0
2023-02-23 00:00:00-05:00,7.5,7.5,7.110000133514404,7.230000019073486,773900,0.0,0.0
2023-02-24 00:00:00-05:00,7.099999904632568,7.210000038146973,6.909999847412109,6.940000057220459,740300,0.0,0.0
2023-02-27 00:00:00-05:00,7.039999961853027,7.21999979019165,6.954999923706055,6.989999771118164,991600,0.0,0.0
2023-02-28 00:00:00-05:00,6.920000076293945,7.019999980926514,6.735000133514404,6.769999980926514,982400,0.0,0.0
2023-03-01 00:00:00-05:00,6.75,6.880000114440918,6.619999885559082,6.739999771118164,737800,0.0,0.0
2023-03-02 00:00:00-05:00,6.820000171661377,6.849999904632568,6.534999847412109,6.800000190734863,1921700,0.0,0.0
2023-03-03 00:00:00-05:00,6.860000133514404,7.070000171661377,6.659999847412109,7.059999942779541,862800,0.0,0.0
2023-03-06 00:00:00-05:00,7.239999771118164,7.28000020980835,6.71999979019165,6.769999980926514,1488400,0.0,0.0
2023-03-07 00:00:00-05:00,6.53000020980835,7.335000038146973,6.360000133514404,7.300000190734863,1974000,0.0,0.0
2023-03-08 00:00:00-05:00,7.25,7.389999866485596,6.730000019073486,6.900000095367432,1551900,0.0,0.0
2023-03-09 00:00:00-05:00,6.860000133514404,6.940000057220459,6.239999771118164,6.239999771118164,1802900,0.0,0.0
2023-03-10 00:00:00-05:00,6.369999885559082,6.369999885559082,5.710000038146973,6.070000171661377,1575500,0.0,0.0
2023-03-13 00:00:00-04:00,6.199999809265137,6.53000020980835,6.005000114440918,6.369999885559082,1120400,0.0,0.0
2023-03-14 00:00:00-04:00,6.679999828338623,6.75,6.25,6.349999904632568,1262200,0.0,0.0
2023-03-15 00:00:00-04:00,6.340000152587891,6.489999771118164,6.039999961853027,6.389999866485596,2123100,0.0,0.0
2023-03-16 00:00:00-04:00,6.309999942779541,6.489999771118164,6.059999942779541,6.369999885559082,827100,0.0,0.0
2023-03-17 00:00:00-04:00,6.349999904632568,6.440000057220459,6.050000190734863,6.079999923706055,2043600,0.0,0.0
2023-03-20 00:00:00-04:00,6.03000020980835,6.340000152587891,5.989999771118164,6.260000228881836,938100,0.0,0.0
2023-03-21 00:00:00-04:00,6.309999942779541,6.360000133514404,6.045000076293945,6.099999904632568,907100,0.0,0.0
2023-03-22 00:00:00-04:00,6.110000133514404,6.170000076293945,5.869999885559082,5.889999866485596,1147200,0.0,0.0
2023-03-23 00:00:00-04:00,6.0,6.09499979019165,5.809999942779541,5.900000095367432,1118200,0.0,0.0
2023-03-24 00:00:00-04:00,5.889999866485596,6.079999923706055,5.809999942779541,6.0,704600,0.0,0.0
2023-03-27 00:00:00-04:00,6.050000190734863,6.175000190734863,5.965000152587891,6.0,757700,0.0,0.0
2023-03-28 00:00:00-04:00,6.340000152587891,6.550000190734863,6.28000020980835,6.420000076293945,1265100,0.0,0.0
2023-03-29 00:00:00-04:00,6.489999771118164,6.539999961853027,6.309999942779541,6.480000019073486,919000,0.0,0.0
2023-03-30 00:00:00-04:00,6.5,6.559999942779541,6.360000133514404,6.429999828338623,1156300,0.0,0.0
2023-03-31 00:00:00-04:00,6.510000228881836,6.860000133514404,6.505000114440918,6.840000152587891,1096000,0.0,0.0
2023-04-03 00:00:00-04:00,6.809999942779541,7.510000228881836,6.53000020980835,7.480000019073486,1072200,0.0,0.0
2023-04-04 00:00:00-04:00,7.5,7.614999771118164,7.260000228881836,7.449999809265137,1419900,0.0,0.0
2023-04-05 00:00:00-04:00,7.429999828338623,7.820000171661377,7.380000114440918,7.679999828338623,758600,0.0,0.0
2023-04-06 00:00:00-04:00,7.650000095367432,7.739999771118164,7.579999923706055,7.659999847412109,724000,0.0,0.0
2023-04-10 00:00:00-04:00,7.670000076293945,7.940000057220459,7.630000114440918,7.840000152587891,1658500,0.0,0.0
2023-04-11 00:00:00-04:00,7.840000152587891,7.96999979019165,7.579999923706055,7.800000190734863,561600,0.0,0.0
2023-04-12 00:00:00-04:00,8.0,8.0,7.690000057220459,7.699999809265137,843300,0.0,0.0
2023-04-13 00:00:00-04:00,7.809999942779541,8.140000343322754,7.670000076293945,8.130000114440918,811300,0.0,0.0
2023-04-14 00:00:00-04:00,8.359999656677246,8.359999656677246,7.71999979019165,7.880000114440918,699900,0.0,0.0
2023-04-17 00:00:00-04:00,8.0,8.649999618530273,7.949999809265137,8.229999542236328,1327700,0.0,0.0
2023-04-18 00:00:00-04:00,8.289999961853027,8.289999961853027,7.78000020980835,8.170000076293945,778300,0.0,0.0
2023-04-19 00:00:00-04:00,8.0600004196167,8.34000015258789,8.020000457763672,8.149999618530273,551800,0.0,0.0
2023-04-20 00:00:00-04:00,8.050000190734863,8.239999771118164,7.869999885559082,7.96999979019165,626200,0.0,0.0
2023-04-21 00:00:00-04:00,7.989999771118164,8.3100004196167,7.949999809265137,8.300000190734863,622400,0.0,0.0
2023-04-24 00:00:00-04:00,8.3100004196167,8.329999923706055,7.989999771118164,8.0600004196167,550700,0.0,0.0
2023-04-25 00:00:00-04:00,8.010000228881836,8.130000114440918,7.710000038146973,7.78000020980835,566200,0.0,0.0
2023-04-26 00:00:00-04:00,7.800000190734863,7.900000095367432,7.460000038146973,7.510000228881836,916800,0.0,0.0
2023-04-27 00:00:00-04:00,7.550000190734863,7.630000114440918,7.210000038146973,7.239999771118164,606500,0.0,0.0
2023-04-28 00:00:00-04:00,7.199999809265137,7.369999885559082,7.090000152587891,7.230000019073486,525200,0.0,0.0
2023-05-01 00:00:00-04:00,7.489999771118164,8.0,7.385000228881836,7.670000076293945,1021500,0.0,0.0
2023-05-02 00:00:00-04:00,7.619999885559082,7.679999828338623,7.130000114440918,7.170000076293945,1004800,0.0,0.0
2023-05-03 00:00:00-04:00,7.28000020980835,7.480000019073486,7.110000133514404,7.300000190734863,774100,0.0,0.0
2023-05-04 00:00:00-04:00,7.260000228881836,7.664999961853027,7.070000171661377,7.320000171661377,588700,0.0,0.0
2023-05-05 00:00:00-04:00,7.380000114440918,7.599999904632568,7.269999980926514,7.380000114440918,584000,0.0,0.0
2023-05-08 00:00:00-04:00,7.409999847412109,8.220000267028809,7.269999980926514,8.140000343322754,1888000,0.0,0.0
2023-05-09 00:00:00-04:00,6.460000038146973,6.519999980926514,5.809999942779541,5.909999847412109,4866100,0.0,0.0
2023-05-10 00:00:00-04:00,5.929999828338623,6.164999961853027,5.449999809265137,5.909999847412109,3928400,0.0,0.0
2023-05-11 00:00:00-04:00,5.909999847412109,5.909999847412109,5.170000076293945,5.190000057220459,2933600,0.0,0.0
2023-05-12 00:00:00-04:00,5.170000076293945,5.195000171661377,4.849999904632568,4.900000095367432,2087400,0.0,0.0
2023-05-15 00:00:00-04:00,4.889999866485596,5.110000133514404,4.800000190734863,4.889999866485596,1669700,0.0,0.0
2023-05-16 00:00:00-04:00,4.579999923706055,5.309999942779541,4.559999942779541,5.179999828338623,9488400,0.0,0.0
2023-05-17 00:00:00-04:00,5.21999979019165,5.300000190734863,4.769999980926514,5.019999980926514,4682800,0.0,0.0
2023-05-18 00:00:00-04:00,4.949999809265137,5.010000228881836,4.420000076293945,4.510000228881836,4708100,0.0,0.0
2023-05-19 00:00:00-04:00,4.760000228881836,4.760000228881836,4.389999866485596,4.539999961853027,2918000,0.0,0.0
2023-05-22 00:00:00-04:00,4.53000020980835,4.579999923706055,4.364999771118164,4.460000038146973,2201100,0.0,0.0
2023-05-23 00:00:00-04:00,4.460000038146973,4.724999904632568,4.400000095367432,4.559999942779541,3887400,0.0,0.0
2023-05-24 00:00:00-04:00,4.519999980926514,4.561999797821045,4.309999942779541,4.340000152587891,2302800,0.0,0.0
2023-05-25 00:00:00-04:00,4.400000095367432,4.400000095367432,4.159999847412109,4.289999961853027,2460500,0.0,0.0
2023-05-26 00:00:00-04:00,4.400000095367432,4.519999980926514,4.25,4.349999904632568,2447600,0.0,0.0
2023-05-30 00:00:00-04:00,4.349999904632568,4.414999961853027,4.070000171661377,4.150000095367432,2263900,0.0,0.0
2023-05-31 00:00:00-04:00,4.159999847412109,4.309999942779541,3.5999999046325684,4.090000152587891,7311000,0.0,0.0
2023-06-01 00:00:00-04:00,4.170000076293945,4.239999771118164,3.9000000953674316,4.050000190734863,4362800,0.0,0.0
2023-06-02 00:00:00-04:00,4.25,4.505000114440918,4.059999942779541,4.449999809265137,4416800,0.0,0.0
2023-06-05 00:00:00-04:00,4.550000190734863,5.0229997634887695,4.550000190734863,4.980000019073486,4818700,0.0,0.0
2023-06-06 00:00:00-04:00,5.0,5.480000019073486,4.75,5.269999980926514,4958100,0.0,0.0
2023-06-07 00:00:00-04:00,5.320000171661377,5.630000114440918,5.14300012588501,5.380000114440918,4050400,0.0,0.0
2023-06-08 00:00:00-04:00,5.380000114440918,5.5,5.183000087738037,5.389999866485596,1975600,0.0,0.0
2023-06-09 00:00:00-04:00,5.409999847412109,5.59499979019165,5.360000133514404,5.420000076293945,2394300,0.0,0.0
2023-06-12 00:00:00-04:00,5.420000076293945,5.630000114440918,5.107999801635742,5.380000114440918,2880100,0.0,0.0
2023-06-13 00:00:00-04:00,5.440000057220459,5.559999942779541,5.21999979019165,5.440000057220459,2165000,0.0,0.0
2023-06-14 00:00:00-04:00,5.480000019073486,5.480000019073486,5.199999809265137,5.360000133514404,1925500,0.0,0.0
2023-06-15 00:00:00-04:00,5.360000133514404,5.449999809265137,4.84499979019165,5.389999866485596,6811900,0.0,0.0
2023-06-16 00:00:00-04:00,4.739999771118164,4.760000228881836,4.050000190734863,4.130000114440918,23744200,0.0,0.0
2023-06-20 00:00:00-04:00,4.170000076293945,4.199999809265137,3.799999952316284,3.8399999141693115,6613700,0.0,0.0
2023-06-21 00:00:00-04:00,3.8399999141693115,3.9600000381469727,3.6549999713897705,3.869999885559082,7281700,0.0,0.0
2023-06-22 00:00:00-04:00,3.880000114440918,3.9200000762939453,3.740000009536743,3.7899999618530273,3205900,0.0,0.0
2023-06-23 00:00:00-04:00,3.75,4.0,3.690000057220459,3.990000009536743,4789300,0.0,0.0
2023-06-26 00:00:00-04:00,3.950000047683716,3.9549999237060547,3.7200000286102295,3.809999942779541,3160900,0.0,0.0
2023-06-27 00:00:00-04:00,3.809999942779541,3.924999952316284,3.740000009536743,3.8399999141693115,2239100,0.0,0.0
2023-06-28 00:00:00-04:00,3.8399999141693115,4.105000019073486,3.7100000381469727,4.050000190734863,2830700,0.0,0.0
2023-06-29 00:00:00-04:00,4.050000190734863,4.210000038146973,4.0,4.190000057220459,2198700,0.0,0.0
2023-06-30 00:00:00-04:00,4.230000019073486,4.340000152587891,4.139999866485596,4.269999980926514,2063300,0.0,0.0
2023-07-03 00:00:00-04:00,4.369999885559082,4.590000152587891,4.284999847412109,4.420000076293945,2397900,0.0,0.0
2023-07-05 00:00:00-04:00,4.480000019073486,4.71999979019165,4.414999961853027,4.570000171661377,8228800,0.0,0.0
2023-07-06 00:00:00-04:00,4.53000020980835,4.730000019073486,4.409999847412109,4.639999866485596,2853800,0.0,0.0
2023-07-07 00:00:00-04:00,4.650000095367432,4.920000076293945,4.644000053405762,4.849999904632568,2593100,0.0,0.0
2023-07-10 00:00:00-04:00,4.849999904632568,5.295000076293945,4.815000057220459,5.199999809265137,4585500,0.0,0.0
2023-07-11 00:00:00-04:00,5.199999809265137,5.260000228881836,4.659999847412109,4.690000057220459,3621400,0.0,0.0
2023-07-12 00:00:00-04:00,4.789999961853027,4.800000190734863,4.460000038146973,4.46999979019165,3189300,0.0,0.0
2023-07-13 00:00:00-04:00,4.505000114440918,4.510000228881836,4.244999885559082,4.269999980926514,3574600,0.0,0.0
2023-07-14 00:00:00-04:00,4.329999923706055,4.340000152587891,4.0,4.059999942779541,4935400,0.0,0.0
2023-07-17 00:00:00-04:00,4.099999904632568,4.599999904632568,4.070000171661377,4.369999885559082,3881300,0.0,0.0
2023-07-18 00:00:00-04:00,4.440000057220459,4.684999942779541,4.355000019073486,4.389999866485596,1611100,0.0,0.0
2023-07-19 00:00:00-04:00,4.420000076293945,4.5,4.260000228881836,4.380000114440918,2113800,0.0,0.0
2023-07-20 00:00:00-04:00,4.389999866485596,4.53000020980835,4.164999961853027,4.170000076293945,1438800,0.0,0.0
2023-07-21 00:00:00-04:00,4.190000057220459,4.400000095367432,4.119999885559082,4.289999961853027,1549600,0.0,0.0
2023-07-24 00:00:00-04:00,4.510000228881836,4.739999771118164,4.389999866485596,4.400000095367432,2528300,0.0,0.0
2023-07-25 00:00:00-04:00,4.400000095367432,4.650000095367432,4.353000164031982,4.420000076293945,1804800,0.0,0.0
2023-07-26 00:00:00-04:00,4.440000057220459,4.539999961853027,4.309999942779541,4.53000020980835,1370000,0.0,0.0
2023-07-27 00:00:00-04:00,4.599999904632568,4.730000019073486,4.525000095367432,4.599999904632568,2579100,0.0,0.0
2023-07-28 00:00:00-04:00,4.639999866485596,4.829999923706055,4.599999904632568,4.789999961853027,2611400,0.0,0.0
2023-07-31 00:00:00-04:00,4.909999847412109,4.929999828338623,4.599999904632568,4.820000171661377,2907800,0.0,0.0
2023-08-01 00:00:00-04:00,4.840000152587891,4.840000152587891,4.440000057220459,4.489999771118164,3511700,0.0,0.0
2023-08-02 00:00:00-04:00,4.420000076293945,4.570000171661377,4.25,4.340000152587891,4982000,0.0,0.0
2023-08-03 00:00:00-04:00,4.75,5.25,4.559999942779541,5.110000133514404,7448100,0.0,0.0
2023-08-04 00:00:00-04:00,5.150000095367432,5.215000152587891,4.934999942779541,5.070000171661377,2909700,0.0,0.0
2023-08-07 00:00:00-04:00,5.050000190734863,5.110000133514404,4.815000057220459,5.019999980926514,2822400,0.0,0.0
2023-08-08 00:00:00-04:00,5.019999980926514,5.019999980926514,4.677000045776367,4.789999961853027,2179300,0.0,0.0
2023-08-09 00:00:00-04:00,4.849999904632568,4.875,4.559999942779541,4.590000152587891,1668200,0.0,0.0
2023-08-10 00:00:00-04:00,4.610000133514404,4.875,4.590000152587891,4.75,1280100,0.0,0.0
2023-08-11 00:00:00-04:00,4.679999828338623,4.800000190734863,4.670000076293945,4.679999828338623,866100,0.0,0.0
2023-08-14 00:00:00-04:00,4.670000076293945,4.679999828338623,4.420000076293945,4.53000020980835,2338000,0.0,0.0
2023-08-15 00:00:00-04:00,4.5,4.590000152587891,4.40500020980835,4.46999979019165,1539900,0.0,0.0
2023-08-16 00:00:00-04:00,4.46999979019165,4.585000038146973,4.433000087738037,4.53000020980835,1701100,0.0,0.0
2023-08-17 00:00:00-04:00,4.570000171661377,4.579999923706055,4.340000152587891,4.349999904632568,1630100,0.0,0.0
2023-08-18 00:00:00-04:00,4.260000228881836,4.521999835968018,4.21999979019165,4.46999979019165,1463500,0.0,0.0
2023-08-21 00:00:00-04:00,4.46999979019165,4.639999866485596,4.360000133514404,4.599999904632568,1961800,0.0,0.0
2023-08-22 00:00:00-04:00,4.599999904632568,4.670000076293945,4.431000232696533,4.639999866485596,1149300,0.0,0.0
2023-08-23 00:00:00-04:00,4.71999979019165,4.96999979019165,4.630000114440918,4.639999866485596,2193400,0.0,0.0
2023-08-24 00:00:00-04:00,4.630000114440918,4.630000114440918,4.489999771118164,4.570000171661377,946300,0.0,0.0
2023-08-25 00:00:00-04:00,4.570000171661377,4.724999904632568,4.508999824523926,4.699999809265137,1134900,0.0,0.0
2023-08-28 00:00:00-04:00,4.71999979019165,5.070000171661377,4.710000038146973,5.050000190734863,1733900,0.0,0.0
2023-08-29 00:00:00-04:00,5.050000190734863,5.28000020980835,5.03000020980835,5.269999980926514,1998800,0.0,0.0
2023-08-30 00:00:00-04:00,5.25,5.349999904632568,5.179999828338623,5.239999771118164,1145600,0.0,0.0
2023-08-31 00:00:00-04:00,5.239999771118164,5.400000095367432,5.215000152587891,5.329999923706055,1560400,0.0,0.0
2023-09-01 00:00:00-04:00,5.360000133514404,5.465000152587891,5.210000038146973,5.449999809265137,2251100,0.0,0.0
2023-09-05 00:00:00-04:00,5.309999942779541,5.329999923706055,4.710000038146973,4.889999866485596,7238200,0.0,0.0
2023-09-06 00:00:00-04:00,4.869999885559082,5.070000171661377,4.764999866485596,4.980000019073486,2697000,0.0,0.0
2023-09-07 00:00:00-04:00,4.880000114440918,4.940000057220459,4.699999809265137,4.889999866485596,2125600,0.0,0.0
2023-09-08 00:00:00-04:00,4.949999809265137,5.079999923706055,4.763999938964844,4.889999866485596,2761600,0.0,0.0
2023-09-11 00:00:00-04:00,4.980000019073486,5.2220001220703125,4.960000038146973,5.050000190734863,3583100,0.0,0.0
2023-09-12 00:00:00-04:00,5.010000228881836,5.179999828338623,5.0,5.039999961853027,4179900,0.0,0.0
2023-09-13 00:00:00-04:00,4.960000038146973,5.019999980926514,4.599999904632568,4.679999828338623,3490900,0.0,0.0
2023-09-14 00:00:00-04:00,4.710000038146973,4.875,4.610000133514404,4.78000020980835,2140500,0.0,0.0
2023-09-15 00:00:00-04:00,4.789999961853027,4.96999979019165,4.710000038146973,4.920000076293945,21123000,0.0,0.0
2023-09-18 00:00:00-04:00,4.860000133514404,4.909999847412109,4.369999885559082,4.53000020980835,4064300,0.0,0.0
2023-09-19 00:00:00-04:00,4.53000020980835,4.619999885559082,4.380000114440918,4.610000133514404,2518000,0.0,0.0
2023-09-20 00:00:00-04:00,4.559999942779541,4.730000019073486,4.510000228881836,4.510000228881836,1723000,0.0,0.0
2023-09-21 00:00:00-04:00,4.449999809265137,4.46999979019165,4.119999885559082,4.139999866485596,3735100,0.0,0.0
2023-09-22 00:00:00-04:00,4.150000095367432,4.474999904632568,4.139999866485596,4.460000038146973,2705900,0.0,0.0
2023-09-25 00:00:00-04:00,4.360000133514404,4.360000133514404,4.034999847412109,4.050000190734863,2796800,0.0,0.0
2023-09-26 00:00:00-04:00,4.0,4.139999866485596,3.930000066757202,3.9800000190734863,2377600,0.0,0.0
2023-09-27 00:00:00-04:00,4.010000228881836,4.090000152587891,3.880000114440918,3.9700000286102295,1913400,0.0,0.0
2023-09-28 00:00:00-04:00,4.0,4.014999866485596,3.825000047683716,3.869999885559082,1858500,0.0,0.0
2023-09-29 00:00:00-04:00,3.890000104904175,3.930000066757202,3.7200000286102295,3.740000009536743,2486400,0.0,0.0
2023-10-02 00:00:00-04:00,3.799999952316284,3.799999952316284,3.5850000381469727,3.5999999046325684,3276200,0.0,0.0
2023-10-03 00:00:00-04:00,3.5999999046325684,3.5999999046325684,3.3299999237060547,3.3499999046325684,2510800,0.0,0.0
2023-10-04 00:00:00-04:00,3.390000104904175,3.4100000858306885,3.1500000953674316,3.1700000762939453,2650000,0.0,0.0
2023-10-05 00:00:00-04:00,3.25,3.4800000190734863,3.140000104904175,3.4700000286102295,3360000,0.0,0.0
2023-10-06 00:00:00-04:00,3.4100000858306885,3.7950000762939453,3.369999885559082,3.75,3041300,0.0,0.0
2023-10-09 00:00:00-04:00,3.6700000762939453,3.7300000190734863,3.5399999618530273,3.630000114440918,2007600,0.0,0.0
2023-10-10 00:00:00-04:00,3.6500000953674316,3.9100000858306885,3.619999885559082,3.805000066757202,1722300,0.0,0.0
2023-10-11 00:00:00-04:00,3.809999942779541,3.9700000286102295,3.7799999713897705,3.819999933242798,1657700,0.0,0.0
2023-10-12 00:00:00-04:00,3.859999895095825,3.880000114440918,3.6600000858306885,3.690000057220459,2304400,0.0,0.0
2023-10-13 00:00:00-04:00,3.690000057220459,3.809999942779541,3.5999999046325684,3.809999942779541,2079600,0.0,0.0
2023-10-16 00:00:00-04:00,3.799999952316284,3.940000057220459,3.690000057220459,3.8499999046325684,1437600,0.0,0.0
2023-10-17 00:00:00-04:00,3.819999933242798,3.9800000190734863,3.7300000190734863,3.7300000190734863,1046600,0.0,0.0
2023-10-18 00:00:00-04:00,3.700000047683716,3.7200000286102295,3.509999990463257,3.5999999046325684,1547200,0.0,0.0
2023-10-19 00:00:00-04:00,3.6500000953674316,3.6500000953674316,3.4649999141693115,3.549999952316284,1643300,0.0,0.0
2023-10-20 00:00:00-04:00,3.549999952316284,3.640000104904175,3.490000009536743,3.5399999618530273,1444500,0.0,0.0
2023-10-23 00:00:00-04:00,3.4800000190734863,3.5,3.180000066757202,3.184999942779541,2121900,0.0,0.0
2023-10-24 00:00:00-04:00,3.2300000190734863,3.380000114440918,3.2300000190734863,3.2699999809265137,1783600,0.0,0.0
2023-10-25 00:00:00-04:00,3.25,3.25,2.9000000953674316,2.9049999713897705,2660800,0.0,0.0
2023-10-26 00:00:00-04:00,2.9000000953674316,2.950000047683716,2.7100000381469727,2.740000009536743,2344000,0.0,0.0
2023-10-27 00:00:00-04:00,2.809999942779541,3.390000104904175,2.559999942779541,2.640000104904175,11624900,0.0,0.0
2023-10-30 00:00:00-04:00,3.0199999809265137,3.2799999713897705,2.8299999237060547,3.009999990463257,24480900,0.0,0.0
2023-10-31 00:00:00-04:00,2.8499999046325684,3.4100000858306885,2.759999990463257,3.3499999046325684,7749200,0.0,0.0
2023-11-01 00:00:00-04:00,3.299999952316284,3.4700000286102295,3.1500000953674316,3.200000047683716,3585600,0.0,0.0
2023-11-02 00:00:00-04:00,3.3299999237060547,3.444999933242798,3.2679998874664307,3.319999933242798,2400900,0.0,0.0
2023-11-03 00:00:00-04:00,3.369999885559082,3.7300000190734863,3.365000009536743,3.609999895095825,4137600,0.0,0.0
2023-11-06 00:00:00-05:00,3.700000047683716,3.7300000190734863,3.490000009536743,3.5399999618530273,5417100,0.0,0.0
2023-11-07 00:00:00-05:00,2.740000009536743,2.8299999237060547,2.440000057220459,2.4700000286102295,12590800,0.0,0.0
2023-11-08 00:00:00-05:00,2.4800000190734863,2.5199999809265137,2.0199999809265137,2.0299999713897705,10726400,0.0,0.0
2023-11-09 00:00:00-05:00,2.0399999618530273,2.0950000286102295,1.559999942779541,1.600000023841858,15466900,0.0,0.0
2023-11-10 00:00:00-05:00,1.6299999952316284,1.6299999952316284,1.4299999475479126,1.590000033378601,7306000,0.0,0.0
2023-11-13 00:00:00-05:00,1.600000023841858,1.7300000190734863,1.5199999809265137,1.7200000286102295,7591800,0.0,0.0
2023-11-14 00:00:00-05:00,1.7699999809265137,1.8600000143051147,1.75,1.8200000524520874,6856000,0.0,0.0
2023-11-15 00:00:00-05:00,1.850000023841858,1.9700000286102295,1.7649999856948853,1.7999999523162842,6240400,0.0,0.0
2023-11-16 00:00:00-05:00,1.7899999618530273,1.7999999523162842,1.6200000047683716,1.7100000381469727,4091600,0.0,0.0
2023-11-17 00:00:00-05:00,1.8600000143051147,2.1500000953674316,1.809999942779541,2.130000114440918,8351400,0.0,0.0
2023-11-20 00:00:00-05:00,2.0999999046325684,2.2950000762939453,2.049999952316284,2.069999933242798,4283600,0.0,0.0
2023-11-21 00:00:00-05:00,2.059999942779541,2.0799999237060547,1.9500000476837158,1.9900000095367432,3118900,0.0,0.0
2023-11-22 00:00:00-05:00,2.009999990463257,2.075000047683716,1.9700000286102295,2.0199999809265137,2479200,0.0,0.0
2023-11-24 00:00:00-05:00,2.0399999618530273,2.130000114440918,2.009999990463257,2.059999942779541,1063400,0.0,0.0
2023-11-27 00:00:00-05:00,2.059999942779541,2.059999942779541,1.8899999856948853,1.940000057220459,2546600,0.0,0.0
2023-11-28 00:00:00-05:00,1.909999966621399,2.1549999713897705,1.840000033378601,2.109999895095825,3842100,0.0,0.0
2023-11-29 00:00:00-05:00,2.1500000953674316,2.3399999141693115,2.13100004196167,2.180000066757202,3777800,0.0,0.0
2023-11-30 00:00:00-05:00,2.299999952316284,2.484999895095825,2.119999885559082,2.130000114440918,4091300,0.0,0.0
2023-12-01 00:00:00-05:00,2.130000114440918,2.299999952316284,2.0199999809265137,2.299999952316284,3041400,0.0,0.0
2023-12-04 00:00:00-05:00,2.3399999141693115,2.369999885559082,2.2100000381469727,2.299999952316284,2839900,0.0,0.0
2023-12-05 00:00:00-05:00,2.25,2.369999885559082,2.180000066757202,2.200000047683716,2833900,0.0,0.0
2023-12-06 00:00:00-05:00,2.2100000381469727,2.380000114440918,2.190000057220459,2.2899999618530273,2360400,0.0,0.0
2023-12-07 00:00:00-05:00,2.299999952316284,2.4000000953674316,2.2699999809265137,2.299999952316284,2118100,0.0,0.0
2023-12-08 00:00:00-05:00,2.1600000858306885,2.299999952316284,2.059999942779541,2.2200000286102295,2708600,0.0,0.0
2023-12-11 00:00:00-05:00,2.2300000190734863,2.2300000190734863,2.0799999237060547,2.109999895095825,2031600,0.0,0.0
2023-12-12 00:00:00-05:00,2.130000114440918,2.130000114440918,1.9700000286102295,2.0899999141693115,3547700,0.0,0.0
2023-12-13 00:00:00-05:00,2.0999999046325684,2.380000114440918,2.0299999713897705,2.369999885559082,4015500,0.0,0.0
2023-12-14 00:00:00-05:00,2.4000000953674316,2.490000009536743,2.259999990463257,2.299999952316284,5058900,0.0,0.0
2023-12-15 00:00:00-05:00,2.299999952316284,2.380000114440918,2.130000114440918,2.1700000762939453,16016100,0.0,0.0
2023-12-18 00:00:00-05:00,2.200000047683716,2.200000047683716,2.009999990463257,2.0299999713897705,3085000,0.0,0.0
2023-12-19 00:00:00-05:00,2.049999952316284,2.1700000762939453,2.0299999713897705,2.119999885559082,3025000,0.0,0.0
2023-12-20 00:00:00-05:00,2.140000104904175,2.1649999618530273,1.9299999475479126,1.940000057220459,2822500,0.0,0.0
2023-12-21 00:00:00-05:00,2.0299999713897705,2.059999942779541,1.9500000476837158,2.0199999809265137,1775600,0.0,0.0
2023-12-22 00:00:00-05:00,2.049999952316284,2.1050000190734863,1.9900000095367432,2.0199999809265137,3097400,0.0,0.0
2023-12-26 00:00:00-05:00,2.049999952316284,2.2300000190734863,2.0399999618530273,2.180000066757202,14286100,0.0,0.0
2023-12-27 00:00:00-05:00,3.0,3.049999952316284,2.559999942779541,2.690000057220459,54465800,0.0,0.0
2023-12-28 00:00:00-05:00,2.6500000953674316,3.3299999237060547,2.569999933242798,3.240000009536743,25810800,0.0,0.0
2023-12-29 00:00:00-05:00,3.309999942779541,3.4100000858306885,3.140000104904175,3.3299999237060547,14668700,0.0,0.0
2024-01-02 00:00:00-05:00,3.3299999237060547,3.700000047683716,3.134999990463257,3.140000104904175,16245800,0.0,0.0
2024-01-03 00:00:00-05:00,3.0999999046325684,3.2200000286102295,2.9200000762939453,3.0199999809265137,8898500,0.0,0.0
2024-01-04 00:00:00-05:00,3.049999952316284,3.1549999713897705,2.8299999237060547,2.9200000762939453,6928000,0.0,0.0
2024-01-05 00:00:00-05:00,2.890000104904175,3.0199999809265137,2.740000009536743,2.869999885559082,4894200,0.0,0.0
2024-01-08 00:00:00-05:00,2.869999885559082,3.0999999046325684,2.7300000190734863,3.0799999237060547,5201400,0.0,0.0
2024-01-09 00:00:00-05:00,3.059999942779541,3.130000114440918,2.9100000858306885,2.9800000190734863,4694500,0.0,0.0
2024-01-10 00:00:00-05:00,2.9800000190734863,2.990000009536743,2.7100000381469727,2.859999895095825,12747400,0.0,0.0
2024-01-11 00:00:00-05:00,2.799999952316284,2.809999942779541,2.5999999046325684,2.619999885559082,5588100,0.0,0.0
2024-01-12 00:00:00-05:00,2.5899999141693115,2.7300000190734863,2.5299999713897705,2.569999933242798,3549800,0.0,0.0
2024-01-16 00:00:00-05:00,2.5199999809265137,2.5399999618530273,2.3299999237060547,2.3499999046325684,4675200,0.0,0.0
2024-01-17 00:00:00-05:00,2.319999933242798,2.509999990463257,2.299999952316284,2.4600000381469727,5946500,0.0,0.0
2024-01-18 00:00:00-05:00,2.5199999809265137,2.5250000953674316,2.3299999237060547,2.4000000953674316,3093100,0.0,0.0
2024-01-19 00:00:00-05:00,2.5199999809265137,2.559999942779541,2.359999895095825,2.440000057220459,6949700,0.0,0.0
2024-01-22 00:00:00-05:00,2.7300000190734863,2.9700000286102295,2.4600000381469727,2.5799999237060547,22499400,0.0,0.0
2024-01-23 00:00:00-05:00,2.5999999046325684,2.630000114440918,2.3299999237060547,2.4000000953674316,6807400,0.0,0.0
2024-01-24 00:00:00-05:00,2.390000104904175,2.5,2.2950000762939453,2.299999952316284,6299200,0.0,0.0
2024-01-25 00:00:00-05:00,2.3299999237060547,2.4100000858306885,2.2300000190734863,2.369999885559082,3572400,0.0,0.0
2024-01-26 00:00:00-05:00,2.359999895095825,2.4000000953674316,2.309999942779541,2.3399999141693115,1622500,0.0,0.0
2024-01-29 00:00:00-05:00,2.309999942779541,2.378999948501587,2.234999895095825,2.299999952316284,4238400,0.0,0.0
2024-01-30 00:00:00-05:00,2.2799999713897705,2.3299999237060547,2.1700000762939453,2.309999942779541,6887300,0.0,0.0
2024-01-31 00:00:00-05:00,2.2799999713897705,2.3399999141693115,2.1500000953674316,2.1500000953674316,4241400,0.0,0.0
2024-02-01 00:00:00-05:00,2.1500000953674316,2.2049999237060547,2.0799999237060547,2.0899999141693115,3470800,0.0,0.0
2024-02-02 00:00:00-05:00,2.0299999713897705,2.0989999771118164,1.9299999475479126,2.059999942779541,3979800,0.0,0.0
2024-02-05 00:00:00-05:00,1.9900000095367432,2.0799999237060547,1.9249999523162842,2.0199999809265137,3513100,0.0,0.0
2024-02-06 00:00:00-05:00,2.009999990463257,2.3299999237060547,1.9700000286102295,2.319999933242798,4256000,0.0,0.0
2024-02-07 00:00:00-05:00,2.2899999618530273,2.3399999141693115,2.2200000286102295,2.319999933242798,5224300,0.0,0.0
2024-02-08 00:00:00-05:00,2.3499999046325684,2.390000104904175,2.25,2.380000114440918,2313100,0.0,0.0
2024-02-09 00:00:00-05:00,2.359999895095825,2.6600000858306885,2.3499999046325684,2.619999885559082,4120600,0.0,0.0
2024-02-12 00:00:00-05:00,2.5999999046325684,2.8399999141693115,2.572999954223633,2.819999933242798,3259100,0.0,0.0
2024-02-13 00:00:00-05:00,2.5999999046325684,2.688999891281128,2.5,2.559999942779541,2912700,0.0,0.0
2024-02-14 00:00:00-05:00,2.640000104904175,2.7200000286102295,2.559999942779541,2.7200000286102295,1750500,0.0,0.0
2024-02-15 00:00:00-05:00,2.7300000190734863,2.869999885559082,2.674999952316284,2.8499999046325684,2869700,0.0,0.0
2024-02-16 00:00:00-05:00,2.819999933242798,2.8499999046325684,2.7300000190734863,2.759999990463257,1879100,0.0,0.0
2024-02-20 00:00:00-05:00,2.680000066757202,2.7799999713897705,2.5899999141693115,2.5899999141693115,1833000,0.0,0.0
2024-02-21 00:00:00-05:00,2.5199999809265137,2.5799999237060547,2.4149999618530273,2.4800000190734863,1710400,0.0,0.0
2024-02-22 00:00:00-05:00,2.5,2.5350000858306885,2.4200000762939453,2.4700000286102295,1983400,0.0,0.0
2024-02-23 00:00:00-05:00,2.5,2.5999999046325684,2.4200000762939453,2.5799999237060547,1906900,0.0,0.0
2024-02-26 00:00:00-05:00,2.559999942779541,2.6500000953674316,2.430000066757202,2.5,2563300,0.0,0.0
2024-02-27 00:00:00-05:00,2.5399999618530273,2.630000114440918,2.4700000286102295,2.619999885559082,2785100,0.0,0.0
2024-02-28 00:00:00-05:00,2.569999933242798,2.5850000381469727,2.3499999046325684,2.359999895095825,3115900,0.0,0.0
2024-02-29 00:00:00-05:00,2.4100000858306885,2.440000057220459,2.259999990463257,2.2799999713897705,3681300,0.0,0.0
2024-03-01 00:00:00-05:00,2.3299999237060547,2.4649999141693115,2.2699999809265137,2.4100000858306885,2293500,0.0,0.0
2024-03-04 00:00:00-05:00,2.5399999618530273,2.5399999618530273,2.25,2.2699999809265137,3087500,0.0,0.0
2024-03-05 00:00:00-05:00,2.25,2.25,2.1500000953674316,2.180000066757202,2085000,0.0,0.0
2024-03-06 00:00:00-05:00,2.2300000190734863,2.319999933242798,2.190000057220459,2.2100000381469727,1893000,0.0,0.0
2024-03-07 00:00:00-05:00,2.2200000286102295,2.244999885559082,2.130000114440918,2.2100000381469727,3019700,0.0,0.0
2024-03-08 00:00:00-05:00,2.2300000190734863,2.549999952316284,2.2300000190734863,2.390000104904175,5088500,0.0,0.0
2024-03-11 00:00:00-04:00,2.369999885559082,2.450000047683716,2.240000009536743,2.2699999809265137,1912000,0.0,0.0
2024-03-12 00:00:00-04:00,2.2799999713897705,2.3550000190734863,2.2200000286102295,2.240000009536743,2214000,0.0,0.0
2024-03-13 00:00:00-04:00,2.25,2.380000114440918,2.1700000762939453,2.299999952316284,3054300,0.0,0.0
2024-03-14 00:00:00-04:00,2.0999999046325684,2.549999952316284,2.049999952316284,2.1700000762939453,6164000,0.0,0.0
2024-03-15 00:00:00-04:00,2.180000066757202,2.2799999713897705,2.1700000762939453,2.2200000286102295,3529700,0.0,0.0
2024-03-18 00:00:00-04:00,2.2200000286102295,2.259999990463257,2.134999990463257,2.2200000286102295,2545300,0.0,0.0
2024-03-19 00:00:00-04:00,2.2100000381469727,2.4800000190734863,2.180000066757202,2.450000047683716,3412700,0.0,0.0
2024-03-20 00:00:00-04:00,2.4000000953674316,2.555000066757202,2.3499999046325684,2.4800000190734863,3858900,0.0,0.0
2024-03-21 00:00:00-04:00,2.5199999809265137,2.640000104904175,2.4700000286102295,2.509999990463257,3270200,0.0,0.0
2024-03-22 00:00:00-04:00,2.4800000190734863,2.490000009536743,2.319999933242798,2.3299999237060547,2085000,0.0,0.0
2024-03-25 00:00:00-04:00,2.3299999237060547,2.4000000953674316,2.259999990463257,2.2799999713897705,1921100,0.0,0.0
2024-03-26 00:00:00-04:00,2.319999933242798,2.390000104904175,2.2850000858306885,2.299999952316284,4936900,0.0,0.0
2024-03-27 00:00:00-04:00,2.319999933242798,2.440000057220459,2.2799999713897705,2.4200000762939453,2584000,0.0,0.0
2024-03-28 00:00:00-04:00,2.4200000762939453,2.509999990463257,2.359999895095825,2.390000104904175,2098700,0.0,0.0
2024-04-01 00:00:00-04:00,2.4000000953674316,2.4200000762939453,2.299999952316284,2.4000000953674316,1771800,0.0,0.0
2024-04-02 00:00:00-04:00,2.3399999141693115,2.369999885559082,2.2699999809265137,2.359999895095825,1533800,0.0,0.0
2024-04-03 00:00:00-04:00,2.3399999141693115,2.484999895095825,2.299999952316284,2.380000114440918,2692300,0.0,0.0
2024-04-04 00:00:00-04:00,2.4100000858306885,2.450000047683716,2.299999952316284,2.3299999237060547,1501100,0.0,0.0
2024-04-05 00:00:00-04:00,2.3299999237060547,2.4749999046325684,2.25,2.430000066757202,1470600,0.0,0.0
2024-04-08 00:00:00-04:00,2.450000047683716,2.549999952316284,2.430000066757202,2.509999990463257,2110700,0.0,0.0
2024-04-09 00:00:00-04:00,2.5299999713897705,2.609999895095825,2.4600000381469727,2.4700000286102295,1435300,0.0,0.0
2024-04-10 00:00:00-04:00,2.359999895095825,2.4600000381469727,2.309999942779541,2.450000047683716,1633400,0.0,0.0
2024-04-11 00:00:00-04:00,2.4600000381469727,2.5199999809265137,2.325000047683716,2.4100000858306885,1761800,0.0,0.0
2024-04-12 00:00:00-04:00,2.380000114440918,2.424999952316284,2.200000047683716,2.2300000190734863,2044500,0.0,0.0
2024-04-15 00:00:00-04:00,2.2100000381469727,2.240000009536743,2.140000104904175,2.200000047683716,2201000,0.0,0.0
2024-04-16 00:00:00-04:00,2.200000047683716,2.200000047683716,2.119999885559082,2.1500000953674316,1375300,0.0,0.0
2024-04-17 00:00:00-04:00,2.1700000762939453,2.2200000286102295,2.119999885559082,2.1500000953674316,1257400,0.0,0.0
2024-04-18 00:00:00-04:00,2.1500000953674316,2.184999942779541,1.9900000095367432,2.0,1918200,0.0,0.0
2024-04-19 00:00:00-04:00,2.0199999809265137,2.0899999141693115,1.9500000476837158,2.069999933242798,2879700,0.0,0.0
2024-04-22 00:00:00-04:00,2.069999933242798,2.190000057220459,2.0399999618530273,2.180000066757202,1499500,0.0,0.0
2024-04-23 00:00:00-04:00,2.140000104904175,2.244999885559082,2.0999999046325684,2.180000066757202,811800,0.0,0.0
2024-04-24 00:00:00-04:00,2.190000057220459,2.2100000381469727,2.0199999809265137,2.0199999809265137,879500,0.0,0.0
2024-04-25 00:00:00-04:00,2.0299999713897705,2.0299999713897705,1.909999966621399,1.9299999475479126,2220100,0.0,0.0
2024-04-26 00:00:00-04:00,1.9600000381469727,2.059999942779541,1.9299999475479126,2.0399999618530273,907200,0.0,0.0
2024-04-29 00:00:00-04:00,2.0399999618530273,2.140000104904175,2.0399999618530273,2.069999933242798,900900,0.0,0.0
2024-04-30 00:00:00-04:00,2.049999952316284,2.0880000591278076,1.9600000381469727,1.9600000381469727,1380900,0.0,0.0
2024-05-01 00:00:00-04:00,1.9700000286102295,2.1500000953674316,1.9600000381469727,2.059999942779541,1385600,0.0,0.0
2024-05-02 00:00:00-04:00,2.119999885559082,2.1700000762939453,2.0299999713897705,2.1700000762939453,993900,0.0,0.0
2024-05-03 00:00:00-04:00,2.200000047683716,2.322000026702881,2.190000057220459,2.2699999809265137,1527400,0.0,0.0
2024-05-06 00:00:00-04:00,2.2699999809265137,2.319999933242798,2.1500000953674316,2.2200000286102295,1302000,0.0,0.0
2024-05-07 00:00:00-04:00,2.2200000286102295,2.2699999809265137,2.190000057220459,2.25,656300,0.0,0.0
2024-05-08 00:00:00-04:00,2.25,2.2799999713897705,2.180000066757202,2.2300000190734863,1247100,0.0,0.0
2024-05-09 00:00:00-04:00,2.25,2.2699999809265137,2.109999895095825,2.119999885559082,2203800,0.0,0.0
2024-05-10 00:00:00-04:00,2.1700000762939453,2.180000066757202,1.809999942779541,1.899999976158142,5242200,0.0,0.0
2024-05-13 00:00:00-04:00,1.9199999570846558,2.184999942779541,1.9199999570846558,2.0899999141693115,3630000,0.0,0.0
2024-05-14 00:00:00-04:00,2.0399999618530273,2.194999933242798,2.0,2.0799999237060547,2201200,0.0,0.0
2024-05-15 00:00:00-04:00,2.0899999141693115,2.2300000190734863,2.0899999141693115,2.180000066757202,2475100,0.0,0.0
2024-05-16 00:00:00-04:00,2.1500000953674316,2.2200000286102295,2.119999885559082,2.1700000762939453,1261800,0.0,0.0
2024-05-17 00:00:00-04:00,2.180000066757202,2.2100000381469727,2.0999999046325684,2.119999885559082,1457000,0.0,0.0
2024-05-20 00:00:00-04:00,2.109999895095825,2.125,2.0420000553131104,2.0799999237060547,1527200,0.0,0.0
2024-05-21 00:00:00-04:00,2.069999933242798,2.1700000762939453,2.049999952316284,2.0799999237060547,1389100,0.0,0.0
2024-05-22 00:00:00-04:00,2.0899999141693115,2.1600000858306885,2.0799999237060547,2.109999895095825,1089000,0.0,0.0
2024-05-23 00:00:00-04:00,2.109999895095825,2.109999895095825,1.9900000095367432,2.009999990463257,1287400,0.0,0.0
2024-05-24 00:00:00-04:00,2.0299999713897705,2.0299999713897705,1.899999976158142,1.909999966621399,1444600,0.0,0.0
2024-05-28 00:00:00-04:00,1.9700000286102295,1.9850000143051147,1.850000023841858,1.8799999952316284,1173600,0.0,0.0
2024-05-29 00:00:00-04:00,1.850000023841858,1.8700000047683716,1.809999942779541,1.840000033378601,1585200,0.0,0.0
2024-05-30 00:00:00-04:00,1.8700000047683716,1.9079999923706055,1.840000033378601,1.8799999952316284,1748400,0.0,0.0
2024-05-31 00:00:00-04:00,1.899999976158142,1.9299999475479126,1.809999942779541,1.8200000524520874,967100,0.0,0.0
2024-06-03 00:00:00-04:00,1.840000033378601,1.8700000047683716,1.7400000095367432,1.7599999904632568,1665700,0.0,0.0
2024-06-04 00:00:00-04:00,1.7400000095367432,1.809999942779541,1.7300000190734863,1.7799999713897705,1638300,0.0,0.0
2024-06-05 00:00:00-04:00,1.7999999523162842,1.8300000429153442,1.75,1.809999942779541,884900,0.0,0.0
2024-06-06 00:00:00-04:00,1.7999999523162842,1.8480000495910645,1.7200000286102295,1.7400000095367432,1029300,0.0,0.0
2024-06-07 00:00:00-04:00,1.7200000286102295,1.75,1.6799999475479126,1.690000057220459,905000,0.0,0.0
2024-06-10 00:00:00-04:00,1.690000057220459,1.75,1.6100000143051147,1.7400000095367432,1298400,0.0,0.0
2024-06-11 00:00:00-04:00,1.7400000095367432,1.7699999809265137,1.7000000476837158,1.7300000190734863,1020100,0.0,0.0
2024-06-12 00:00:00-04:00,1.7999999523162842,1.8650000095367432,1.7699999809265137,1.8200000524520874,1686300,0.0,0.0
2024-06-13 00:00:00-04:00,1.8300000429153442,1.8300000429153442,1.7400000095367432,1.7799999713897705,712100,0.0,0.0
2024-06-14 00:00:00-04:00,1.7200000286102295,1.75,1.659999966621399,1.690000057220459,1865300,0.0,0.0
2024-06-17 00:00:00-04:00,1.690000057220459,1.690000057220459,1.600000023841858,1.6399999856948853,1856100,0.0,0.0
2024-06-18 00:00:00-04:00,1.6299999952316284,1.7000000476837158,1.6100000143051147,1.6200000047683716,694500,0.0,0.0
2024-06-20 00:00:00-04:00,1.6100000143051147,1.659999966621399,1.5800000429153442,1.6200000047683716,854900,0.0,0.0
2024-06-21 00:00:00-04:00,1.6299999952316284,1.7200000286102295,1.6200000047683716,1.6699999570846558,1301300,0.0,0.0
2024-06-24 00:00:00-04:00,1.690000057220459,1.7000000476837158,1.5800000429153442,1.6299999952316284,3326400,0.0,0.0
2024-06-25 00:00:00-04:00,1.6200000047683716,1.649999976158142,1.559999942779541,1.5800000429153442,1431600,0.0,0.0
2024-06-26 00:00:00-04:00,1.5700000524520874,1.6699999570846558,1.5499999523162842,1.659999966621399,1634800,0.0,0.0
2024-06-27 00:00:00-04:00,1.7000000476837158,1.7599999904632568,1.6699999570846558,1.7000000476837158,1681000,0.0,0.0
2024-06-28 00:00:00-04:00,1.7100000381469727,1.7899999618530273,1.684999942779541,1.7300000190734863,4584200,0.0,0.0
2024-07-01 00:00:00-04:00,1.7300000190734863,1.7599999904632568,1.600000023841858,1.6100000143051147,1109400,0.0,0.0
2024-07-02 00:00:00-04:00,1.590000033378601,1.6100000143051147,1.371000051498413,1.3899999856948853,3993700,0.0,0.0
2024-07-03 00:00:00-04:00,1.409999966621399,1.4600000381469727,1.340000033378601,1.3899999856948853,1137800,0.0,0.0
2024-07-05 00:00:00-04:00,1.3899999856948853,1.3899999856948853,1.3200000524520874,1.3300000429153442,1486800,0.0,0.0
2024-07-08 00:00:00-04:00,1.340000033378601,1.3600000143051147,1.25,1.2699999809265137,2336800,0.0,0.0
2024-07-09 00:00:00-04:00,1.2899999618530273,1.5,1.2799999713897705,1.4500000476837158,2313000,0.0,0.0
2024-07-10 00:00:00-04:00,1.440000057220459,1.4900000095367432,1.3899999856948853,1.4299999475479126,1071100,0.0,0.0
2024-07-11 00:00:00-04:00,1.4800000190734863,1.649999976158142,1.475000023841858,1.6100000143051147,1605600,0.0,0.0
2024-07-12 00:00:00-04:00,1.649999976158142,1.7300000190734863,1.5800000429153442,1.659999966621399,1445500,0.0,0.0
2024-07-15 00:00:00-04:00,1.6799999475479126,1.6950000524520874,1.590000033378601,1.649999976158142,1464200,0.0,0.0
2024-07-16 00:00:00-04:00,1.659999966621399,1.7999999523162842,1.659999966621399,1.7999999523162842,2072200,0.0,0.0
2024-07-17 00:00:00-04:00,1.7799999713897705,1.9049999713897705,1.7100000381469727,1.7400000095367432,3136500,0.0,0.0
2024-07-18 00:00:00-04:00,1.7200000286102295,1.7200000286102295,1.5399999618530273,1.5700000524520874,1508800,0.0,0.0
2024-07-19 00:00:00-04:00,1.5800000429153442,1.6799999475479126,1.5149999856948853,1.6399999856948853,1846400,0.0,0.0
2024-07-22 00:00:00-04:00,1.6699999570846558,1.715000033378601,1.5800000429153442,1.7000000476837158,1947300,0.0,0.0
2024-07-23 00:00:00-04:00,1.659999966621399,1.684999942779541,1.6150000095367432,1.659999966621399,1233300,0.0,0.0
2024-07-24 00:00:00-04:00,1.6200000047683716,1.690000057220459,1.5,1.5099999904632568,1050500,0.0,0.0
2024-07-25 00:00:00-04:00,1.5099999904632568,1.6299999952316284,1.4850000143051147,1.5800000429153442,1112000,0.0,0.0
2024-07-26 00:00:00-04:00,1.6299999952316284,1.7200000286102295,1.600000023841858,1.7200000286102295,1946900,0.0,0.0
2024-07-29 00:00:00-04:00,1.7300000190734863,1.7400000095367432,1.6299999952316284,1.6399999856948853,852800,0.0,0.0
2024-07-30 00:00:00-04:00,1.6399999856948853,1.6699999570846558,1.5299999713897705,1.5399999618530273,1088900,0.0,0.0
2024-07-31 00:00:00-04:00,1.5499999523162842,1.6200000047683716,1.4800000190734863,1.5399999618530273,1580900,0.0,0.0
2024-08-01 00:00:00-04:00,1.5399999618530273,1.565000057220459,1.399999976158142,1.4299999475479126,1822500,0.0,0.0
2024-08-02 00:00:00-04:00,1.4299999475479126,1.4299999475479126,1.340000033378601,1.350000023841858,1401700,0.0,0.0
2024-08-05 00:00:00-04:00,1.25,1.3700000047683716,1.2400000095367432,1.3200000524520874,1573200,0.0,0.0
2024-08-06 00:00:00-04:00,1.3200000524520874,1.375,1.2899999618530273,1.3300000429153442,1174000,0.0,0.0
2024-08-07 00:00:00-04:00,1.3899999856948853,1.409999966621399,1.2200000286102295,1.2400000095367432,1849600,0.0,0.0
2024-08-08 00:00:00-04:00,1.2699999809265137,1.315000057220459,1.2300000190734863,1.2899999618530273,1955700,0.0,0.0
2024-08-09 00:00:00-04:00,1.4500000476837158,1.5499999523162842,1.3300000429153442,1.4299999475479126,3305500,0.0,0.0
2024-08-12 00:00:00-04:00,1.4299999475479126,1.5299999713897705,1.3799999952316284,1.4600000381469727,2316500,0.0,0.0
2024-08-13 00:00:00-04:00,1.4500000476837158,1.4700000286102295,1.3899999856948853,1.440000057220459,1202400,0.0,0.0
2024-08-14 00:00:00-04:00,1.4299999475479126,1.4299999475479126,1.3200000524520874,1.3700000047683716,1679900,0.0,0.0
2024-08-15 00:00:00-04:00,1.3799999952316284,1.559999942779541,1.3799999952316284,1.5499999523162842,2069200,0.0,0.0
2024-08-16 00:00:00-04:00,1.4600000381469727,1.4900000095367432,1.25,1.2599999904632568,5904200,0.0,0.0
2024-08-19 00:00:00-04:00,1.2899999618530273,1.309999942779541,1.2000000476837158,1.2649999856948853,4313900,0.0,0.0
2024-08-20 00:00:00-04:00,1.2699999809265137,1.2899999618530273,1.2100000381469727,1.25,1435900,0.0,0.0
2024-08-21 00:00:00-04:00,1.2699999809265137,1.3600000143051147,1.2200000286102295,1.340000033378601,2097000,0.0,0.0
2024-08-22 00:00:00-04:00,1.3200000524520874,1.3899999856948853,1.2899999618530273,1.3200000524520874,1639800,0.0,0.0
2024-08-23 00:00:00-04:00,1.309999942779541,1.4299999475479126,1.309999942779541,1.3899999856948853,1538200,0.0,0.0
2024-08-26 00:00:00-04:00,1.409999966621399,1.4800000190734863,1.3450000286102295,1.4500000476837158,1565200,0.0,0.0
2024-08-27 00:00:00-04:00,1.4500000476837158,1.4579999446868896,1.3799999952316284,1.3899999856948853,695800,0.0,0.0
2024-08-28 00:00:00-04:00,1.3700000047683716,1.4110000133514404,1.340000033378601,1.3600000143051147,899900,0.0,0.0
2024-08-29 00:00:00-04:00,1.3799999952316284,1.4900000095367432,1.3600000143051147,1.4199999570846558,1462000,0.0,0.0
2024-08-30 00:00:00-04:00,1.4299999475479126,1.440000057220459,1.3700000047683716,1.3899999856948853,593700,0.0,0.0
2024-09-03 00:00:00-04:00,1.340000033378601,1.4199999570846558,1.2999999523162842,1.3600000143051147,1264800,0.0,0.0
2024-09-04 00:00:00-04:00,1.350000023841858,1.3899999856948853,1.2999999523162842,1.309999942779541,1123300,0.0,0.0
2024-09-05 00:00:00-04:00,1.3200000524520874,1.350000023841858,1.2899999618530273,1.3200000524520874,682000,0.0,0.0
2024-09-06 00:00:00-04:00,1.3200000524520874,1.350000023841858,1.2200000286102295,1.2400000095367432,1716900,0.0,0.0
2024-09-09 00:00:00-04:00,1.2599999904632568,1.3200000524520874,1.225000023841858,1.309999942779541,1073600,0.0,0.0
2024-09-10 00:00:00-04:00,1.2799999713897705,1.3700000047683716,1.2599999904632568,1.3600000143051147,763400,0.0,0.0
2024-09-11 00:00:00-04:00,1.3600000143051147,1.3600000143051147,1.309999942779541,1.3300000429153442,712000,0.0,0.0
2024-09-12 00:00:00-04:00,1.350000023841858,1.3600000143051147,1.2599999904632568,1.2899999618530273,947900,0.0,0.0
2024-09-13 00:00:00-04:00,1.309999942779541,1.3300000429153442,1.2799999713897705,1.2999999523162842,1068700,0.0,0.0
2024-09-16 00:00:00-04:00,1.3200000524520874,1.3200000524520874,1.0099999904632568,1.0499999523162842,10393900,0.0,0.0
2024-09-17 00:00:00-04:00,1.0499999523162842,1.1399999856948853,1.0199999809265137,1.0399999618530273,2529800,0.0,0.0
2024-09-18 00:00:00-04:00,1.0399999618530273,1.1399999856948853,1.0199999809265137,1.0499999523162842,2619200,0.0,0.0
2024-09-19 00:00:00-04:00,1.100000023841858,1.1399999856948853,1.0700000524520874,1.1299999952316284,2827500,0.0,0.0
2024-09-20 00:00:00-04:00,1.1299999952316284,1.1299999952316284,1.0099999904632568,1.0199999809265137,3686200,0.0,0.0
2024-09-23 00:00:00-04:00,1.0199999809265137,1.0399999618530273,0.9739999771118164,1.0399999618530273,3890000,0.0,0.0
2024-09-24 00:00:00-04:00,1.0499999523162842,1.0499999523162842,1.0,1.0,1774500,0.0,0.0
2024-09-25 00:00:00-04:00,1.0,1.0199999809265137,0.9750000238418579,0.9909999966621399,2624100,0.0,0.0
2024-09-26 00:00:00-04:00,1.0099999904632568,1.090000033378601,0.984000027179718,1.059999942779541,1844600,0.0,0.0
2024-09-27 00:00:00-04:00,1.0800000429153442,1.1150000095367432,1.0399999618530273,1.0499999523162842,1254400,0.0,0.0
2024-09-30 00:00:00-04:00,1.059999942779541,1.0950000286102295,1.0199999809265137,1.0399999618530273,1858700,0.0,0.0
2024-10-01 00:00:00-04:00,1.0399999618530273,1.0549999475479126,0.9860000014305115,1.0199999809265137,1425900,0.0,0.0
2024-10-02 00:00:00-04:00,1.0199999809265137,1.065000057220459,0.9900000095367432,1.0199999809265137,1060600,0.0,0.0
2024-10-03 00:00:00-04:00,1.0199999809265137,1.2300000190734863,1.0099999904632568,1.0399999618530273,15606600,0.0,0.0
2024-10-04 00:00:00-04:00,0.9900000095367432,1.0800000429153442,0.9800000190734863,1.0399999618530273,3068600,0.0,0.0
2024-10-07 00:00:00-04:00,1.0199999809265137,1.1200000047683716,1.0099999904632568,1.0700000524520874,2198800,0.0,0.0
2024-10-08 00:00:00-04:00,1.0700000524520874,1.100000023841858,1.0299999713897705,1.0399999618530273,2136600,0.0,0.0
2024-10-09 00:00:00-04:00,1.0399999618530273,1.0499999523162842,0.9909999966621399,1.0,2058200,0.0,0.0
2024-10-10 00:00:00-04:00,0.9879999756813049,1.0099999904632568,0.949999988079071,0.9710000157356262,3077900,0.0,0.0
2024-10-11 00:00:00-04:00,0.9660000205039978,1.0,0.9419999718666077,0.9900000095367432,2536900,0.0,0.0
2024-10-14 00:00:00-04:00,0.9819999933242798,1.0099999904632568,0.9350000023841858,0.9390000104904175,2301700,0.0,0.0
2024-10-15 00:00:00-04:00,0.9449999928474426,0.9639999866485596,0.9100000262260437,0.9100000262260437,1885800,0.0,0.0
2024-10-16 00:00:00-04:00,0.9100000262260437,0.9200000166893005,0.871999979019165,0.8870000243186951,2671200,0.0,0.0
2024-10-17 00:00:00-04:00,0.8899999856948853,0.9100000262260437,0.8479999899864197,0.8479999899864197,3262500,0.0,0.0
2024-10-18 00:00:00-04:00,0.8399999737739563,0.8989999890327454,0.8399999737739563,0.8830000162124634,1952300,0.0,0.0
2024-10-21 00:00:00-04:00,0.878000020980835,0.8930000066757202,0.8600000143051147,0.8759999871253967,904100,0.0,0.0
2024-10-22 00:00:00-04:00,0.8989999890327454,0.8989999890327454,0.8399999737739563,0.8610000014305115,1255400,0.0,0.0
2024-10-23 00:00:00-04:00,0.8550000190734863,0.8610000014305115,0.8100000023841858,0.8100000023841858,1891300,0.0,0.0
2024-10-24 00:00:00-04:00,0.8119999766349792,0.8389999866485596,0.7900000214576721,0.7940000295639038,1250800,0.0,0.0
2024-10-25 00:00:00-04:00,0.800000011920929,0.8130000233650208,0.7799999713897705,0.7839999794960022,1707500,0.0,0.0
2024-10-28 00:00:00-04:00,0.7900000214576721,0.8100000023841858,0.718999981880188,0.722000002861023,3887300,0.0,0.0
2024-10-29 00:00:00-04:00,0.718999981880188,0.7580000162124634,0.7099999785423279,0.7429999709129333,1941700,0.0,0.0
2024-10-30 00:00:00-04:00,0.7400000095367432,0.7789999842643738,0.7400000095367432,0.75,1985000,0.0,0.0
2024-10-31 00:00:00-04:00,0.7450000047683716,0.7590000033378601,0.7239999771118164,0.7450000047683716,1332600,0.0,0.0
2024-11-01 00:00:00-04:00,0.7450000047683716,0.7599999904632568,0.7099999785423279,0.7229999899864197,1856200,0.0,0.0
2024-11-04 00:00:00-05:00,0.7200000286102295,0.7480000257492065,0.6700000166893005,0.6700000166893005,3115100,0.0,0.0
2024-11-05 00:00:00-05:00,0.6600000262260437,0.7319999933242798,0.6600000262260437,0.7310000061988831,1911100,0.0,0.0
2024-11-06 00:00:00-05:00,0.75,0.7559999823570251,0.6949999928474426,0.7239999771118164,4480200,0.0,0.0
2024-11-07 00:00:00-05:00,0.7960000038146973,0.9549999833106995,0.7609999775886536,0.8199999928474426,9466700,0.0,0.0
2024-11-08 00:00:00-05:00,0.8299999833106995,0.8600000143051147,0.7710000276565552,0.8149999976158142,3525200,0.0,0.0
2024-11-11 00:00:00-05:00,0.8199999928474426,0.8500000238418579,0.7760000228881836,0.7789999842643738,2566700,0.0,0.0
2024-11-12 00:00:00-05:00,0.7799999713897705,0.8859999775886536,0.7699999809265137,0.8240000009536743,3564300,0.0,0.0
2024-11-13 00:00:00-05:00,0.8489999771118164,0.8769999742507935,0.7730000019073486,0.7789999842643738,2372000,0.0,0.0
2024-11-14 00:00:00-05:00,0.800000011920929,0.8299999833106995,0.7710000276565552,0.7730000019073486,2450100,0.0,0.0
2024-11-15 00:00:00-05:00,0.800000011920929,0.800000011920929,0.699999988079071,0.7440000176429749,3005600,0.0,0.0
2024-11-18 00:00:00-05:00,0.7409999966621399,0.800000011920929,0.7350000143051147,0.781000018119812,2704000,0.0,0.0
2024-11-19 00:00:00-05:00,0.7799999713897705,0.8259999752044678,0.75,0.8220000267028809,2135900,0.0,0.0
2024-11-20 00:00:00-05:00,0.8199999928474426,1.1299999952316284,0.8100000023841858,1.100000023841858,8879300,0.0,0.0
2024-11-21 00:00:00-05:00,1.0700000524520874,1.1699999570846558,1.0099999904632568,1.100000023841858,5076600,0.0,0.0
2024-11-22 00:00:00-05:00,1.090000033378601,1.149999976158142,1.0499999523162842,1.090000033378601,2745500,0.0,0.0
2024-11-25 00:00:00-05:00,1.1200000047683716,1.340000033378601,1.1200000047683716,1.2100000381469727,7484900,0.0,0.0
2024-11-26 00:00:00-05:00,1.2200000286102295,1.3899999856948853,1.190000057220459,1.2799999713897705,6098900,0.0,0.0
2024-11-27 00:00:00-05:00,1.2999999523162842,1.350000023841858,1.2300000190734863,1.2599999904632568,3274300,0.0,0.0
2024-11-29 00:00:00-05:00,1.2799999713897705,1.309999942779541,1.2100000381469727,1.2200000286102295,1866700,0.0,0.0
2024-12-02 00:00:00-05:00,1.25,1.3799999952316284,1.2200000286102295,1.3700000047683716,4340800,0.0,0.0
2024-12-03 00:00:00-05:00,2.0399999618530273,2.430000066757202,1.6699999570846558,1.7100000381469727,115068000,0.0,0.0
2024-12-04 00:00:00-05:00,1.8200000524520874,1.9500000476837158,1.6799999475479126,1.7100000381469727,13164800,0.0,0.0
2024-12-05 00:00:00-05:00,1.7999999523162842,1.7999999523162842,1.5,1.5099999904632568,7713800,0.0,0.0
2024-12-06 00:00:00-05:00,1.4900000095367432,1.7400000095367432,1.4500000476837158,1.7000000476837158,5016900,0.0,0.0
2024-12-09 00:00:00-05:00,1.7799999713897705,1.850000023841858,1.6699999570846558,1.7000000476837158,5702900,0.0,0.0
2024-12-10 00:00:00-05:00,1.7000000476837158,1.7200000286102295,1.600000023841858,1.6100000143051147,3299800,0.0,0.0
2024-12-11 00:00:00-05:00,1.600000023841858,1.6699999570846558,1.524999976158142,1.649999976158142,2883400,0.0,0.0
2024-12-12 00:00:00-05:00,1.6399999856948853,1.6699999570846558,1.5,1.5,3843600,0.0,0.0
2024-12-13 00:00:00-05:00,1.5,1.649999976158142,1.5,1.6100000143051147,2556500,0.0,0.0
2024-12-16 00:00:00-05:00,1.600000023841858,1.7300000190734863,1.5499999523162842,1.7000000476837158,3218800,0.0,0.0
2024-12-17 00:00:00-05:00,1.659999966621399,1.75,1.5700000524520874,1.7100000381469727,2720300,0.0,0.0
2024-12-18 00:00:00-05:00,1.75,1.75,1.5399999618530273,1.5700000524520874,3159000,0.0,0.0
2024-12-19 00:00:00-05:00,1.600000023841858,1.600000023841858,1.4500000476837158,1.4800000190734863,2745000,0.0,0.0
2024-12-20 00:00:00-05:00,1.440000057220459,1.5399999618530273,1.399999976158142,1.5199999809265137,4297700,0.0,0.0
2024-12-23 00:00:00-05:00,1.5099999904632568,1.5160000324249268,1.3650000095367432,1.4299999475479126,3015800,0.0,0.0
2024-12-24 00:00:00-05:00,1.4500000476837158,1.4800000190734863,1.350000023841858,1.4700000286102295,1052900,0.0,0.0
2024-12-26 00:00:00-05:00,1.4700000286102295,1.4900000095367432,1.409999966621399,1.4900000095367432,1266400,0.0,0.0
2024-12-27 00:00:00-05:00,1.4600000381469727,1.5800000429153442,1.434999942779541,1.4900000095367432,1905500,0.0,0.0
2024-12-30 00:00:00-05:00,1.4850000143051147,1.5299999713897705,1.4299999475479126,1.5,1923200,0.0,0.0
2024-12-31 00:00:00-05:00,1.4800000190734863,1.5149999856948853,1.3700000047683716,1.3799999952316284,2168000,0.0,0.0
2025-01-02 00:00:00-05:00,1.4299999475479126,1.4600000381469727,1.350000023841858,1.399999976158142,1706500,0.0,0.0
2025-01-03 00:00:00-05:00,1.399999976158142,1.6699999570846558,1.3899999856948853,1.659999966621399,3318100,0.0,0.0
2025-01-06 00:00:00-05:00,1.649999976158142,1.7699999809265137,1.6130000352859497,1.6200000047683716,2977900,0.0,0.0
2025-01-07 00:00:00-05:00,1.6299999952316284,1.659999966621399,1.559999942779541,1.5700000524520874,1332500,0.0,0.0
2025-01-08 00:00:00-05:00,1.5800000429153442,1.649999976158142,1.5,1.5099999904632568,1185600,0.0,0.0
2025-01-10 00:00:00-05:00,1.5,1.5080000162124634,1.440000057220459,1.4700000286102295,1405700,0.0,0.0
2025-01-13 00:00:00-05:00,1.4600000381469727,1.5,1.434999942779541,1.4700000286102295,1203300,0.0,0.0
2025-01-14 00:00:00-05:00,1.4700000286102295,1.600000023841858,1.440000057220459,1.440000057220459,2352500,0.0,0.0
2025-01-15 00:00:00-05:00,1.5,1.5449999570846558,1.440000057220459,1.4600000381469727,1344200,0.0,0.0
2025-01-16 00:00:00-05:00,1.4800000190734863,1.4800000190734863,1.3799999952316284,1.4199999570846558,1446900,0.0,0.0
2025-01-17 00:00:00-05:00,1.409999966621399,1.4600000381469727,1.3899999856948853,1.3899999856948853,858200,0.0,0.0
2025-01-21 00:00:00-05:00,1.409999966621399,1.4279999732971191,1.309999942779541,1.3200000524520874,2121200,0.0,0.0
2025-01-22 00:00:00-05:00,1.350000023841858,1.4500000476837158,1.2899999618530273,1.309999942779541,2891900,0.0,0.0
2025-01-23 00:00:00-05:00,1.3300000429153442,1.3600000143051147,1.2400000095367432,1.2799999713897705,4280100,0.0,0.0
2025-01-24 00:00:00-05:00,1.340000033378601,1.38100004196167,1.2100000381469727,1.2400000095367432,3219600,0.0,0.0
2025-01-27 00:00:00-05:00,1.190000057220459,1.2899999618530273,1.1299999952316284,1.159999966621399,4036500,0.0,0.0
2025-01-28 00:00:00-05:00,1.149999976158142,1.190000057220459,1.0299999713897705,1.1100000143051147,4908000,0.0,0.0
2025-01-29 00:00:00-05:00,1.1200000047683716,1.25,1.0950000286102295,1.2200000286102295,3276700,0.0,0.0
2025-01-30 00:00:00-05:00,1.2300000190734863,1.3899999856948853,1.2300000190734863,1.350000023841858,2894900,0.0,0.0
2025-01-31 00:00:00-05:00,1.3799999952316284,1.3799999952316284,1.149999976158142,1.1799999475479126,3320900,0.0,0.0
2025-02-03 00:00:00-05:00,1.1200000047683716,1.2100000381469727,1.1100000143051147,1.1100000143051147,1712000,0.0,0.0
2025-02-04 00:00:00-05:00,1.149999976158142,1.2300000190734863,1.1100000143051147,1.159999966621399,1840000,0.0,0.0
2025-02-05 00:00:00-05:00,1.1699999570846558,1.2400000095367432,1.1699999570846558,1.2000000476837158,982400,0.0,0.0
2025-02-06 00:00:00-05:00,1.190000057220459,1.2100000381469727,1.1299999952316284,1.1299999952316284,1252500,0.0,0.0
2025-02-07 00:00:00-05:00,1.1399999856948853,1.1699999570846558,1.1200000047683716,1.1200000047683716,1021200,0.0,0.0
2025-02-10 00:00:00-05:00,1.1299999952316284,1.1799999475479126,1.1200000047683716,1.1699999570846558,1094800,0.0,0.0
2025-02-11 00:00:00-05:00,1.149999976158142,1.190000057220459,1.1100000143051147,1.1100000143051147,1015400,0.0,0.0
2025-02-12 00:00:00-05:00,1.100000023841858,1.1399999856948853,1.0800000429153442,1.1200000047683716,1216400,0.0,0.0
2025-02-13 00:00:00-05:00,1.1399999856948853,1.159999966621399,1.090000033378601,1.159999966621399,1044400,0.0,0.0
2025-02-14 00:00:00-05:00,1.149999976158142,1.2100000381469727,1.149999976158142,1.1799999475479126,947000,0.0,0.0
2025-02-18 00:00:00-05:00,1.1799999475479126,1.2000000476837158,1.1100000143051147,1.1200000047683716,1189600,0.0,0.0
2025-02-19 00:00:00-05:00,1.100000023841858,1.149999976158142,1.059999942779541,1.100000023841858,1902900,0.0,0.0
2025-02-20 00:00:00-05:00,1.100000023841858,1.159999966621399,1.0800000429153442,1.100000023841858,1507300,0.0,0.0
2025-02-21 00:00:00-05:00,1.100000023841858,1.1399999856948853,1.0700000524520874,1.0700000524520874,1556100,0.0,0.0
2025-02-24 00:00:00-05:00,1.0700000524520874,1.1699999570846558,1.0299999713897705,1.149999976158142,1466400,0.0,0.0
2025-02-25 00:00:00-05:00,1.1349999904632568,1.1799999475479126,1.100000023841858,1.159999966621399,1245500,0.0,0.0
2025-02-26 00:00:00-05:00,1.1699999570846558,1.1699999570846558,1.1100000143051147,1.1200000047683716,843000,0.0,0.0
2025-02-27 00:00:00-05:00,1.1200000047683716,1.1399999856948853,1.0800000429153442,1.0800000429153442,948800,0.0,0.0
2025-02-28 00:00:00-05:00,1.0800000429153442,1.1399999856948853,1.0549999475479126,1.1100000143051147,1209000,0.0,0.0
2025-03-03 00:00:00-05:00,1.1100000143051147,1.1100000143051147,0.9900000095367432,1.0049999952316284,2270700,0.0,0.0
2025-03-04 00:00:00-05:00,1.0,1.0700000524520874,0.9700000286102295,1.0499999523162842,1514200,0.0,0.0
2025-03-05 00:00:00-05:00,1.0499999523162842,1.0889999866485596,1.0099999904632568,1.0299999713897705,1185000,0.0,0.0
2025-03-06 00:00:00-05:00,1.0099999904632568,1.0399999618530273,0.9710000157356262,0.9950000047683716,1670400,0.0,0.0
2025-03-07 00:00:00-05:00,1.0,1.059999942779541,0.9620000123977661,1.0399999618530273,2046500,0.0,0.0
2025-03-10 00:00:00-04:00,1.0499999523162842,1.1799999475479126,1.0299999713897705,1.0399999618530273,3653500,0.0,0.0
2025-03-11 00:00:00-04:00,1.0399999618530273,1.121000051498413,0.949999988079071,1.0499999523162842,2796900,0.0,0.0
2025-03-12 00:00:00-04:00,1.0099999904632568,1.059999942779541,0.9800000190734863,0.9800000190734863,2666600,0.0,0.0
2025-03-13 00:00:00-04:00,0.9900000095367432,1.0,0.8740000128746033,0.890999972820282,2630400,0.0,0.0
2025-03-14 00:00:00-04:00,0.8999999761581421,0.9990000128746033,0.8960000276565552,0.9200000166893005,2070600,0.0,0.0
2025-03-17 00:00:00-04:00,0.925000011920929,0.9819999933242798,0.9100000262260437,0.9160000085830688,1648100,0.0,0.0
2025-03-18 00:00:00-04:00,0.9300000071525574,0.9300000071525574,0.8799999952316284,0.8880000114440918,1781000,0.0,0.0
2025-03-19 00:00:00-04:00,0.8999999761581421,0.949999988079071,0.8889999985694885,0.9070000052452087,1616100,0.0,0.0
2025-03-20 00:00:00-04:00,0.9200000166893005,0.9710000157356262,0.8999999761581421,0.9459999799728394,3531000,0.0,0.0
2025-03-21 00:00:00-04:00,0.9330000281333923,1.0299999713897705,0.8899999856948853,1.0299999713897705,3641200,0.0,0.0
2025-03-24 00:00:00-04:00,1.0299999713897705,1.065000057220459,0.949999988079071,0.9520000219345093,2327700,0.0,0.0
2025-03-25 00:00:00-04:00,0.949999988079071,1.0199999809265137,0.9150000214576721,0.9599999785423279,1972400,0.0,0.0
2025-03-26 00:00:00-04:00,0.9549999833106995,0.968999981880188,0.8949999809265137,0.9039999842643738,1203300,0.0,0.0
2025-03-27 00:00:00-04:00,0.8999999761581421,0.9290000200271606,0.8309999704360962,0.8510000109672546,1541700,0.0,0.0
2025-03-28 00:00:00-04:00,0.8600000143051147,0.8880000114440918,0.8299999833106995,0.8389999866485596,1382200,0.0,0.0
2025-03-31 00:00:00-04:00,0.8199999928474426,0.8389999866485596,0.7900000214576721,0.8069999814033508,1568800,0.0,0.0
2025-04-01 00:00:00-04:00,0.800000011920929,0.8550000190734863,0.7889999747276306,0.8059999942779541,1625600,0.0,0.0
2025-04-02 00:00:00-04:00,0.7889999747276306,0.9169999957084656,0.7850000262260437,0.9100000262260437,1469800,0.0,0.0
2025-04-03 00:00:00-04:00,0.8299999833106995,0.8500000238418579,0.8100000023841858,0.8169999718666077,2358900,0.0,0.0
2025-04-04 00:00:00-04:00,0.7900000214576721,0.8169999718666077,0.75,0.7820000052452087,1883800,0.0,0.0
2025-04-07 00:00:00-04:00,0.7360000014305115,0.8999999761581421,0.7360000014305115,0.8220000267028809,2348300,0.0,0.0
2025-04-08 00:00:00-04:00,0.8619999885559082,0.8790000081062317,0.7509999871253967,0.7710000276565552,1631900,0.0,0.0
2025-04-09 00:00:00-04:00,0.7429999709129333,0.8460000157356262,0.7239999771118164,0.7940000295639038,1882200,0.0,0.0
2025-04-10 00:00:00-04:00,0.7799999713897705,0.8029999732971191,0.7300000190734863,0.7419999837875366,1340900,0.0,0.0
2025-04-11 00:00:00-04:00,0.75,0.8360000252723694,0.75,0.8360000252723694,1108600,0.0,0.0
2025-04-14 00:00:00-04:00,0.8650000095367432,0.9900000095367432,0.8619999885559082,0.9750000238418579,4196900,0.0,0.0
2025-04-15 00:00:00-04:00,0.9900000095367432,1.0700000524520874,0.9800000190734863,1.059999942779541,2210200,0.0,0.0
2025-04-16 00:00:00-04:00,1.0399999618530273,1.0679999589920044,0.9800000190734863,1.0099999904632568,1745600,0.0,0.0
2025-04-17 00:00:00-04:00,1.0199999809265137,1.1399999856948853,1.0099999904632568,1.1200000047683716,3009300,0.0,0.0
2025-04-21 00:00:00-04:00,1.090000033378601,1.1100000143051147,1.0199999809265137,1.059999942779541,1611500,0.0,0.0
2025-04-22 00:00:00-04:00,1.0700000524520874,1.100000023841858,1.0299999713897705,1.090000033378601,1861600,0.0,0.0
2025-04-23 00:00:00-04:00,1.1200000047683716,1.159999966621399,1.100000023841858,1.1100000143051147,1412100,0.0,0.0
2025-04-24 00:00:00-04:00,1.090000033378601,1.1100000143051147,1.0,1.0099999904632568,2104800,0.0,0.0
2025-04-25 00:00:00-04:00,1.0099999904632568,1.0499999523162842,0.9900000095367432,1.0299999713897705,1067500,0.0,0.0
2025-04-28 00:00:00-04:00,1.0199999809265137,1.0499999523162842,0.9779999852180481,1.0299999713897705,1635900,0.0,0.0
2025-04-29 00:00:00-04:00,1.0,1.0399999618530273,0.9829999804496765,1.0,936600,0.0,0.0
2025-04-30 00:00:00-04:00,0.9729999899864197,1.0499999523162842,0.949999988079071,1.0299999713897705,1831700,0.0,0.0
2025-05-01 00:00:00-04:00,1.0199999809265137,1.0499999523162842,0.9950000047683716,1.0499999523162842,1162000,0.0,0.0
2025-05-02 00:00:00-04:00,1.059999942779541,1.1100000143051147,1.0399999618530273,1.100000023841858,1755300,0.0,0.0
2025-05-05 00:00:00-04:00,1.0800000429153442,1.1200000047683716,1.0099999904632568,1.0199999809265137,1274700,0.0,0.0
2025-05-06 00:00:00-04:00,1.0099999904632568,1.0149999856948853,0.9169999957084656,0.9300000071525574,1956200,0.0,0.0
2025-05-07 00:00:00-04:00,0.9599999785423279,0.968999981880188,0.9210000038146973,0.9459999799728394,921200,0.0,0.0
2025-05-08 00:00:00-04:00,0.9509999752044678,1.0,0.9490000009536743,0.9919999837875366,871800,0.0,0.0
2025-05-09 00:00:00-04:00,0.9850000143051147,1.0299999713897705,0.949999988079071,0.968999981880188,951400,0.0,0.0
2025-05-12 00:00:00-04:00,0.9800000190734863,1.059999942779541,0.9700000286102295,1.0199999809265137,2222400,0.0,0.0
2025-05-13 00:00:00-04:00,0.8769999742507935,0.9300000071525574,0.8199999928474426,0.824999988079071,4662500,0.0,0.0
2025-05-14 00:00:00-04:00,0.8410000205039978,0.8939999938011169,0.7749999761581421,0.7900000214576721,2592200,0.0,0.0
2025-05-15 00:00:00-04:00,0.7940000295639038,0.800000011920929,0.7099999785423279,0.7680000066757202,2363000,0.0,0.0
2025-05-16 00:00:00-04:00,0.7699999809265137,0.8379999995231628,0.7509999871253967,0.7609999775886536,1609700,0.0,0.0
2025-05-19 00:00:00-04:00,0.7770000100135803,0.8289999961853027,0.7570000290870667,0.800000011920929,1810100,0.0,0.0
2025-05-20 00:00:00-04:00,0.8029999732971191,0.8399999737739563,0.8009999990463257,0.8159999847412109,1047700,0.0,0.0
2025-05-21 00:00:00-04:00,0.8299999833106995,0.8399999737739563,0.7649999856948853,0.7730000019073486,856100,0.0,0.0
2025-05-22 00:00:00-04:00,0.7720000147819519,0.7860000133514404,0.7620000243186951,0.7749999761581421,905300,0.0,0.0
2025-05-23 00:00:00-04:00,0.7590000033378601,0.765999972820282,0.7350000143051147,0.7559999823570251,1205100,0.0,0.0
2025-05-27 00:00:00-04:00,0.7609999775886536,0.8109999895095825,0.75,0.7789999842643738,1160100,0.0,0.0
2025-05-28 00:00:00-04:00,0.7699999809265137,0.8240000009536743,0.7570000290870667,0.7990000247955322,895900,0.0,0.0
2025-05-29 00:00:00-04:00,0.7990000247955322,0.8199999928474426,0.7760000228881836,0.8019999861717224,599700,0.0,0.0
2025-05-30 00:00:00-04:00,0.7960000038146973,0.8069999814033508,0.7699999809265137,0.7789999842643738,749300,0.0,0.0
2025-06-02 00:00:00-04:00,0.7760000228881836,0.7900000214576721,0.75,0.765999972820282,913400,0.0,0.0
2025-06-03 00:00:00-04:00,0.7770000100135803,0.796999990940094,0.7400000095367432,0.7820000052452087,1822300,0.0,0.0
2025-06-04 00:00:00-04:00,0.7799999713897705,0.8100000023841858,0.7580000162124634,0.796999990940094,1240400,0.0,0.0
2025-06-05 00:00:00-04:00,0.7990000247955322,0.8140000104904175,0.7799999713897705,0.8059999942779541,1176500,0.0,0.0
2025-06-06 00:00:00-04:00,0.800000011920929,0.8399999737739563,0.7870000004768372,0.8299999833106995,1870100,0.0,0.0
2025-06-09 00:00:00-04:00,0.8500000238418579,0.8999999761581421,0.8320000171661377,0.8539999723434448,1773900,0.0,0.0
2025-06-10 00:00:00-04:00,0.8500000238418579,0.8659999966621399,0.8040000200271606,0.8050000071525574,1715900,0.0,0.0
2025-06-11 00:00:00-04:00,0.8100000023841858,0.8399999737739563,0.800000011920929,0.8050000071525574,894800,0.0,0.0
2025-06-12 00:00:00-04:00,0.800000011920929,0.8090000152587891,0.7599999904632568,0.7900000214576721,741900,0.0,0.0
2025-06-13 00:00:00-04:00,0.7760000228881836,0.7799999713897705,0.7549999952316284,0.7620000243186951,1017400,0.0,0.0
2025-06-16 00:00:00-04:00,0.7540000081062317,0.7879999876022339,0.7300000190734863,0.7850000262260437,1075600,0.0,0.0
2025-06-17 00:00:00-04:00,0.7900000214576721,0.7900000214576721,0.7450000047683716,0.7580000162124634,1036100,0.0,0.0
2025-06-18 00:00:00-04:00,0.7509999871253967,0.7699999809265137,0.7369999885559082,0.7680000066757202,1313600,0.0,0.0
2025-06-20 00:00:00-04:00,0.7599999904632568,0.7699999809265137,0.7400000095367432,0.746999979019165,1889200,0.0,0.0
2025-06-23 00:00:00-04:00,0.7459999918937683,0.7509999871253967,0.7099999785423279,0.7269999980926514,1423400,0.0,0.0
2025-06-24 00:00:00-04:00,0.7319999933242798,0.7699999809265137,0.7319999933242798,0.7680000066757202,1425300,0.0,0.0
2025-06-25 00:00:00-04:00,0.7699999809265137,0.7749999761581421,0.7210000157356262,0.7210000157356262,1226000,0.0,0.0
2025-06-26 00:00:00-04:00,0.7260000109672546,0.7400000095367432,0.7200000286102295,0.7329999804496765,874400,0.0,0.0
2025-06-27 00:00:00-04:00,0.7400000095367432,0.7699999809265137,0.7310000061988831,0.7429999709129333,1776600,0.0,0.0
2025-06-30 00:00:00-04:00,0.7400000095367432,0.7440000176429749,0.7269999980926514,0.7310000061988831,1187100,0.0,0.0
2025-07-01 00:00:00-04:00,0.7300000190734863,0.7599999904632568,0.7200000286102295,0.7599999904632568,1355200,0.0,0.0
2025-07-02 00:00:00-04:00,0.7599999904632568,0.7979999780654907,0.7519999742507935,0.7950000166893005,1273800,0.0,0.0
2025-07-03 00:00:00-04:00,0.7960000038146973,0.8190000057220459,0.7929999828338623,0.8100000023841858,679400,0.0,0.0
2025-07-07 00:00:00-04:00,0.7749999761581421,0.7879999876022339,0.7329999804496765,0.7459999918937683,1425000,0.0,0.0
2025-07-08 00:00:00-04:00,0.765999972820282,0.8199999928474426,0.7580000162124634,0.8119999766349792,1331700,0.0,0.0
2025-07-09 00:00:00-04:00,0.8100000023841858,0.8700000047683716,0.800000011920929,0.8679999709129333,1292200,0.0,0.0
2025-07-10 00:00:00-04:00,0.8700000047683716,0.8889999985694885,0.843999981880188,0.8669999837875366,1101200,0.0,0.0
2025-07-11 00:00:00-04:00,0.8700000047683716,0.9120000004768372,0.8500000238418579,0.8799999952316284,1684500,0.0,0.0
2025-07-14 00:00:00-04:00,0.8799999952316284,0.9599999785423279,0.8700000047683716,0.949999988079071,1759000,0.0,0.0
2025-07-15 00:00:00-04:00,0.949999988079071,0.949999988079071,0.8169999718666077,0.8489999771118164,1689800,0.0,0.0
2025-07-16 00:00:00-04:00,0.8500000238418579,0.8999999761581421,0.8500000238418579,0.8999999761581421,1228300,0.0,0.0
2025-07-17 00:00:00-04:00,0.906000018119812,0.9390000104904175,0.8920000195503235,0.8960000276565552,886800,0.0,0.0
2025-07-18 00:00:00-04:00,0.9200000166893005,0.9300000071525574,0.875,0.8809999823570251,606500,0.0,0.0
2025-07-21 00:00:00-04:00,0.9089999794960022,0.9359999895095825,0.8820000290870667,0.8870000243186951,747600,0.0,0.0
2025-07-22 00:00:00-04:00,0.8899999856948853,0.9269999861717224,0.8899999856948853,0.921999990940094,913800,0.0,0.0
2025-07-23 00:00:00-04:00,0.9319999814033508,0.9869999885559082,0.9290000200271606,0.9789999723434448,1330600,0.0,0.0
2025-07-24 00:00:00-04:00,0.9769999980926514,1.059999942779541,0.9670000076293945,1.0199999809265137,2100200,0.0,0.0
2025-07-25 00:00:00-04:00,1.0199999809265137,1.0499999523162842,0.9819999933242798,1.0399999618530273,2007900,0.0,0.0
2025-07-28 00:00:00-04:00,1.0700000524520874,1.149999976158142,1.0499999523162842,1.0700000524520874,2490100,0.0,0.0
2025-07-29 00:00:00-04:00,1.090000033378601,1.090000033378601,0.9950000047683716,1.0099999904632568,1599800,0.0,0.0
2025-07-30 00:00:00-04:00,1.0299999713897705,1.0399999618530273,0.949999988079071,0.9700000286102295,1455100,0.0,0.0
2025-07-31 00:00:00-04:00,0.9800000190734863,1.0199999809265137,0.9330000281333923,0.9399999976158142,1293200,0.0,0.0
2025-08-01 00:00:00-04:00,0.9399999976158142,0.9539999961853027,0.8420000076293945,0.878000020980835,1961300,0.0,0.0
2025-08-04 00:00:00-04:00,0.8799999952316284,0.925000011920929,0.8610000014305115,0.8679999709129333,966100,0.0,0.0
2025-08-05 00:00:00-04:00,0.9089999794960022,0.9480000138282776,0.8799999952316284,0.9100000262260437,1107200,0.0,0.0
2025-08-06 00:00:00-04:00,0.9300000071525574,0.9399999976158142,0.8899999856948853,0.9160000085830688,988100,0.0,0.0
2025-08-07 00:00:00-04:00,0.9200000166893005,0.9399999976158142,0.875,0.8840000033378601,2050900,0.0,0.0
2025-08-08 00:00:00-04:00,0.8740000128746033,0.8999999761581421,0.8100000023841858,0.8209999799728394,1861700,0.0,0.0
2025-08-11 00:00:00-04:00,0.8289999961853027,0.8880000114440918,0.824999988079071,0.8799999952316284,1134400,0.0,0.0
2025-08-12 00:00:00-04:00,0.8799999952316284,0.9200000166893005,0.875,0.9160000085830688,970800,0.0,0.0
2025-08-13 00:00:00-04:00,0.9350000023841858,1.0,0.9200000166893005,0.9990000128746033,1529800,0.0,0.0
2025-08-14 00:00:00-04:00,0.996999979019165,1.0399999618530273,0.9509999752044678,1.0199999809265137,971500,0.0,0.0
2025-08-15 00:00:00-04:00,1.0399999618530273,1.059999942779541,1.0199999809265137,1.0499999523162842,1653600,0.0,0.0
2025-08-18 00:00:00-04:00,1.0499999523162842,1.090000033378601,1.0299999713897705,1.0700000524520874,1306700,0.0,0.0
2025-08-19 00:00:00-04:00,1.0700000524520874,1.1200000047683716,1.0509999990463257,1.0700000524520874,1502800,0.0,0.0
2025-08-20 00:00:00-04:00,1.090000033378601,1.1299999952316284,1.059999942779541,1.0700000524520874,1246300,0.0,0.0
2025-08-21 00:00:00-04:00,1.059999942779541,1.149999976158142,1.059999942779541,1.1299999952316284,1371300,0.0,0.0
2025-08-22 00:00:00-04:00,1.1399999856948853,1.2400000095367432,1.1299999952316284,1.2300000190734863,2572200,0.0,0.0
2025-08-25 00:00:00-04:00,1.2200000286102295,1.2599999904632568,1.1699999570846558,1.1699999570846558,1959800,0.0,0.0
2025-08-26 00:00:00-04:00,1.1799999475479126,1.1950000524520874,1.1150000095367432,1.1299999952316284,1272800,0.0,0.0
2025-08-27 00:00:00-04:00,1.1100000143051147,1.159999966621399,1.090000033378601,1.1399999856948853,869000,0.0,0.0
2025-08-28 00:00:00-04:00,1.1399999856948853,1.2089999914169312,1.1299999952316284,1.1799999475479126,896800,0.0,0.0
2025-08-29 00:00:00-04:00,1.1799999475479126,1.1799999475479126,1.1399999856948853,1.159999966621399,505100,0.0,0.0
2025-09-02 00:00:00-04:00,1.149999976158142,1.2050000429153442,1.1299999952316284,1.190000057220459,965000,0.0,0.0
2025-09-03 00:00:00-04:00,1.190000057220459,1.2699999809265137,1.1799999475479126,1.2599999904632568,1217000,0.0,0.0
2025-09-04 00:00:00-04:00,1.309999942779541,1.3899999856948853,1.2910000085830688,1.309999942779541,2639700,0.0,0.0
2025-09-05 00:00:00-04:00,1.340000033378601,1.3700000047683716,1.2610000371932983,1.2899999618530273,1494000,0.0,0.0
2025-09-08 00:00:00-04:00,1.2899999618530273,1.3899999856948853,1.2799999713897705,1.3700000047683716,1223200,0.0,0.0
2025-09-09 00:00:00-04:00,1.3799999952316284,1.399999976158142,1.3300000429153442,1.350000023841858,963200,0.0,0.0
2025-09-10 00:00:00-04:00,1.350000023841858,1.3600000143051147,1.3009999990463257,1.309999942779541,648400,0.0,0.0
2025-09-11 00:00:00-04:00,1.3200000524520874,1.340000033378601,1.2899999618530273,1.3300000429153442,1048800,0.0,0.0
2025-09-12 00:00:00-04:00,1.3200000524520874,1.3300000429153442,1.2799999713897705,1.2899999618530273,568500,0.0,0.0
2025-09-15 00:00:00-04:00,1.2899999618530273,1.305999994277954,1.2300000190734863,1.2699999809265137,998200,0.0,0.0
2025-09-16 00:00:00-04:00,1.2699999809265137,1.4199999570846558,1.2699999809265137,1.3600000143051147,1070500,0.0,0.0
2025-09-17 00:00:00-04:00,1.3799999952316284,1.434999942779541,1.340000033378601,1.350000023841858,1154500,0.0,0.0
2025-09-18 00:00:00-04:00,1.3799999952316284,1.5399999618530273,1.3799999952316284,1.5299999713897705,3071300,0.0,0.0
2025-09-19 00:00:00-04:00,1.649999976158142,1.6799999475479126,1.559999942779541,1.6100000143051147,2798100,0.0,0.0
2025-09-22 00:00:00-04:00,1.6200000047683716,1.649999976158142,1.559999942779541,1.590000033378601,987400,0.0,0.0
2025-09-23 00:00:00-04:00,1.5800000429153442,1.6299999952316284,1.5299999713897705,1.559999942779541,974000,0.0,0.0
2025-09-24 00:00:00-04:00,1.559999942779541,1.5800000429153442,1.475000023841858,1.5800000429153442,1199000,0.0,0.0
2025-09-25 00:00:00-04:00,1.5700000524520874,1.5700000524520874,1.4299999475479126,1.4500000476837158,1231300,0.0,0.0
2025-09-26 00:00:00-04:00,1.4299999475479126,1.5099999904632568,1.3700000047683716,1.5,1567100,0.0,0.0
2025-09-29 00:00:00-04:00,1.5499999523162842,1.7100000381469727,1.4800000190734863,1.7000000476837158,2245600,0.0,0.0
2025-09-30 00:00:00-04:00,1.7000000476837158,1.715999960899353,1.590000033378601,1.6399999856948853,940100,0.0,0.0
2025-10-01 00:00:00-04:00,1.600000023841858,1.6399999856948853,1.559999942779541,1.6200000047683716,1009200,0.0,0.0
2025-10-02 00:00:00-04:00,1.6200000047683716,1.6699999570846558,1.5740000009536743,1.659999966621399,825000,0.0,0.0
2025-10-03 00:00:00-04:00,1.6699999570846558,1.7000000476837158,1.6100000143051147,1.6399999856948853,715600,0.0,0.0
2025-10-06 00:00:00-04:00,1.6699999570846558,1.7899999618530273,1.6699999570846558,1.7000000476837158,1350400,0.0,0.0
2025-10-07 00:00:00-04:00,1.690000057220459,1.7200000286102295,1.6299999952316284,1.7100000381469727,1145500,0.0,0.0
2025-10-08 00:00:00-04:00,1.7200000286102295,1.7799999713897705,1.690000057220459,1.7599999904632568,1082300,0.0,0.0
2025-10-09 00:00:00-04:00,1.7799999713897705,1.8899999856948853,1.7799999713897705,1.8200000524520874,1640900,0.0,0.0
2025-10-10 00:00:00-04:00,1.850000023841858,1.8700000047683716,1.6699999570846558,1.6699999570846558,1581800,0.0,0.0
2025-10-13 00:00:00-04:00,1.659999966621399,1.7400000095367432,1.6299999952316284,1.7300000190734863,895600,0.0,0.0
2025-10-14 00:00:00-04:00,1.7000000476837158,1.7300000190734863,1.659999966621399,1.7000000476837158,758200,0.0,0.0
2025-10-15 00:00:00-04:00,1.7300000190734863,1.7999999523162842,1.690000057220459,1.7799999713897705,875700,0.0,0.0
2025-10-16 00:00:00-04:00,1.7799999713897705,1.850000023841858,1.7000000476837158,1.7100000381469727,1172300,0.0,0.0
2025-10-17 00:00:00-04:00,1.7000000476837158,1.7139999866485596,1.6299999952316284,1.649999976158142,839900,0.0,0.0
2025-10-20 00:00:00-04:00,1.6799999475479126,1.7899999618530273,1.6649999618530273,1.7899999618530273,1086500,0.0,0.0
2025-10-21 00:00:00-04:00,1.7599999904632568,1.8200000524520874,1.7200000286102295,1.7400000095367432,538600,0.0,0.0
2025-10-22 00:00:00-04:00,1.7400000095367432,1.7400000095367432,1.6399999856948853,1.6799999475479126,844000,0.0,0.0
2025-10-23 00:00:00-04:00,1.690000057220459,1.7200000286102295,1.649999976158142,1.6699999570846558,451400,0.0,0.0
2025-10-24 00:00:00-04:00,1.6799999475479126,1.7000000476837158,1.6399999856948853,1.649999976158142,549700,0.0,0.0
2025-10-27 00:00:00-04:00,1.649999976158142,1.690000057220459,1.590000033378601,1.600000023841858,865000,0.0,0.0
2025-10-28 00:00:00-04:00,1.590000033378601,1.75,1.590000033378601,1.7400000095367432,1769100,0.0,0.0
2025-10-29 00:00:00-04:00,1.7300000190734863,1.8049999475479126,1.690000057220459,1.7300000190734863,1201400,0.0,0.0
2025-10-30 00:00:00-04:00,1.7300000190734863,1.7799999713897705,1.6799999475479126,1.7000000476837158,784700,0.0,0.0
2025-10-31 00:00:00-04:00,1.6799999475479126,1.7100000381469727,1.649999976158142,1.6799999475479126,774200,0.0,0.0
2025-11-03 00:00:00-05:00,1.690000057220459,1.7200000286102295,1.5700000524520874,1.600000023841858,1009800,0.0,0.0
2025-11-04 00:00:00-05:00,1.5499999523162842,1.590000033378601,1.3899999856948853,1.5499999523162842,1594100,0.0,0.0
2025-11-05 00:00:00-05:00,1.5399999618530273,1.6080000400543213,1.5399999618530273,1.565000057220459,1144000,0.0,0.0
2025-11-06 00:00:00-05:00,1.5399999618530273,1.600000023841858,1.4199999570846558,1.4900000095367432,2012200,0.0,0.0
2025-11-07 00:00:00-05:00,1.350000023841858,1.399999976158142,1.2899999618530273,1.340000033378601,2921000,0.0,0.0
2025-11-10 00:00:00-05:00,1.3700000047683716,1.4299999475479126,1.2300000190734863,1.2599999904632568,2053400,0.0,0.0
2025-11-11 00:00:00-05:00,1.2599999904632568,1.3600000143051147,1.2599999904632568,1.350000023841858,2101900,0.0,0.0
2025-11-12 00:00:00-05:00,1.3600000143051147,1.3899999856948853,1.2799999713897705,1.3600000143051147,1597700,0.0,0.0
2025-11-13 00:00:00-05:00,1.340000033378601,1.340000033378601,1.25,1.2599999904632568,1612900,0.0,0.0
2025-11-14 00:00:00-05:00,1.100000023841858,1.2300000190734863,1.090000033378601,1.190000057220459,1478600,0.0,0.0
2025-11-17 00:00:00-05:00,1.1799999475479126,1.2359999418258667,1.100000023841858,1.1299999952316284,1771100,0.0,0.0
2025-11-18 00:00:00-05:00,1.100000023841858,1.2450000047683716,1.100000023841858,1.2100000381469727,1277500,0.0,0.0
2025-11-19 00:00:00-05:00,1.2000000476837158,1.2300000190734863,1.159999966621399,1.159999966621399,622800,0.0,0.0
2025-11-20 00:00:00-05:00,1.1799999475479126,1.2200000286102295,1.090000033378601,1.100000023841858,1151700,0.0,0.0
2025-11-21 00:00:00-05:00,1.090000033378601,1.1699999570846558,1.090000033378601,1.159999966621399,881100,0.0,0.0
2025-11-24 00:00:00-05:00,1.149999976158142,1.2979999780654907,1.149999976158142,1.2799999713897705,1504300,0.0,0.0
2025-11-25 00:00:00-05:00,1.2899999618530273,1.309999942779541,1.2400000095367432,1.2799999713897705,566500,0.0,0.0
2025-11-26 00:00:00-05:00,1.2699999809265137,1.319000005722046,1.25,1.309999942779541,972800,0.0,0.0
2025-11-28 00:00:00-05:00,1.340000033378601,1.3849999904632568,1.3259999752044678,1.3600000143051147,750000,0.0,0.0
2025-12-01 00:00:00-05:00,1.309999942779541,1.3300000429153442,1.2599999904632568,1.2699999809265137,802800,0.0,0.0
2025-12-02 00:00:00-05:00,1.2799999713897705,1.3200000524520874,1.159999966621399,1.159999966621399,949300,0.0,0.0
2025-12-03 00:00:00-05:00,1.1799999475479126,1.2450000047683716,1.149999976158142,1.2200000286102295,990800,0.0,0.0
2025-12-04 00:00:00-05:00,1.2200000286102295,1.25,1.2000000476837158,1.2300000190734863,831100,0.0,0.0
2025-12-05 00:00:00-05:00,1.25,1.2699999809265137,1.1799999475479126,1.2000000476837158,1018400,0.0,0.0
2025-12-08 00:00:00-05:00,1.2300000190734863,1.350000023841858,1.2300000190734863,1.2799999713897705,1773200,0.0,0.0
2025-12-09 00:00:00-05:00,1.2999999523162842,1.3200000524520874,1.2699999809265137,1.2899999618530273,1085500,0.0,0.0
2025-12-10 00:00:00-05:00,1.2999999523162842,1.340000033378601,1.2799999713897705,1.3300000429153442,1037800,0.0,0.0
2025-12-11 00:00:00-05:00,1.3300000429153442,1.440000057220459,1.315000057220459,1.4299999475479126,1131700,0.0,0.0
2025-12-12 00:00:00-05:00,1.4299999475479126,1.4470000267028809,1.340000033378601,1.350000023841858,872000,0.0,0.0
2025-12-15 00:00:00-05:00,1.3600000143051147,1.399999976158142,1.3049999475479126,1.3899999856948853,751900,0.0,0.0
2025-12-16 00:00:00-05:00,1.3799999952316284,1.399999976158142,1.3250000476837158,1.3899999856948853,802200,0.0,0.0
2025-12-17 00:00:00-05:00,1.3799999952316284,1.409999966621399,1.350000023841858,1.350000023841858,756000,0.0,0.0
2025-12-18 00:00:00-05:00,1.3700000047683716,1.399999976158142,1.350000023841858,1.3600000143051147,645600,0.0,0.0
2025-12-19 00:00:00-05:00,1.3600000143051147,1.399999976158142,1.340000033378601,1.3600000143051147,1063100,0.0,0.0
2025-12-22 00:00:00-05:00,1.3700000047683716,1.4299999475479126,1.350000023841858,1.399999976158142,558300,0.0,0.0
2025-12-23 00:00:00-05:00,1.399999976158142,1.399999976158142,1.2999999523162842,1.3200000524520874,794000,0.0,0.0
2025-12-24 00:00:00-05:00,1.3200000524520874,1.3700000047683716,1.3200000524520874,1.340000033378601,318200,0.0,0.0
2025-12-26 00:00:00-05:00,1.350000023841858,1.350000023841858,1.3049999475479126,1.3300000429153442,292900,0.0,0.0
2025-12-29 00:00:00-05:00,1.2999999523162842,1.340000033378601,1.2699999809265137,1.340000033378601,715900,0.0,0.0
2025-12-30 00:00:00-05:00,1.350000023841858,1.4600000381469727,1.350000023841858,1.409999966621399,1304900,0.0,0.0
2025-12-31 00:00:00-05:00,1.409999966621399,1.4900000095367432,1.3899999856948853,1.4199999570846558,1167400,0.0,0.0
2026-01-02 00:00:00-05:00,1.4199999570846558,1.4359999895095825,1.3600000143051147,1.3700000047683716,649400,0.0,0.0
2026-01-05 00:00:00-05:00,1.3700000047683716,1.5199999809265137,1.3700000047683716,1.440000057220459,2657900,0.0,0.0
2026-01-06 00:00:00-05:00,1.4700000286102295,1.4869999885559082,1.3519999980926514,1.3600000143051147,1110600,0.0,0.0
2026-01-07 00:00:00-05:00,1.4479999542236328,1.534999966621399,1.3700000047683716,1.4299999475479126,977600,0.0,0.0
2026-01-08 00:00:00-05:00,1.4299999475479126,1.5499999523162842,1.3799999952316284,1.5299999713897705,2320500,0.0,0.0
2026-01-09 00:00:00-05:00,1.5399999618530273,1.774999976158142,1.5199999809265137,1.690000057220459,3836200,0.0,0.0
2026-01-12 00:00:00-05:00,1.7100000381469727,1.7200000286102295,1.5800000429153442,1.649999976158142,1117800,0.0,0.0
2026-01-13 00:00:00-05:00,1.659999966621399,1.7100000381469727,1.5800000429153442,1.7000000476837158,1742600,0.0,0.0
2026-01-14 00:00:00-05:00,1.6799999475479126,1.7200000286102295,1.600000023841858,1.600000023841858,873300,0.0,0.0
2026-01-15 00:00:00-05:00,1.600000023841858,1.6699999570846558,1.559999942779541,1.659999966621399,1334700,0.0,0.0
2026-01-16 00:00:00-05:00,1.6699999570846558,1.6699999570846558,1.590000033378601,1.600000023841858,986100,0.0,0.0
2026-01-20 00:00:00-05:00,1.559999942779541,1.6150000095367432,1.5099999904632568,1.5499999523162842,1263600,0.0,0.0
2026-01-21 00:00:00-05:00,1.559999942779541,1.6399999856948853,1.5499999523162842,1.6399999856948853,843100,0.0,0.0
2026-01-22 00:00:00-05:00,1.6399999856948853,1.6699999570846558,1.5700000524520874,1.590000033378601,2810300,0.0,0.0
2026-01-23 00:00:00-05:00,1.8650000095367432,2.1700000762939453,1.8300000429153442,2.059999942779541,21606200,0.0,0.0
2026-01-26 00:00:00-05:00,2.0199999809265137,2.299999952316284,2.0,2.2799999713897705,7553900,0.0,0.0
2026-01-27 00:00:00-05:00,2.309999942779541,2.615999937057495,2.1700000762939453,2.509999990463257,8860300,0.0,0.0
2026-01-28 00:00:00-05:00,2.509999990463257,2.569999933242798,2.2100000381469727,2.2149999141693115,3440100,0.0,0.0
2026-01-29 00:00:00-05:00,2.187999963760376,2.390000104904175,2.0799999237060547,2.3299999237060547,2250700,0.0,0.0
2026-01-30 00:00:00-05:00,2.299999952316284,2.369999885559082,2.130000114440918,2.1600000858306885,1924200,0.0,0.0
2026-02-02 00:00:00-05:00,2.134999990463257,2.309999942779541,2.109999895095825,2.1700000762939453,1799000,0.0,0.0
2026-02-03 00:00:00-05:00,2.180000066757202,2.244999885559082,2.0999999046325684,2.2200000286102295,1672200,0.0,0.0
2026-02-04 00:00:00-05:00,2.2799999713897705,2.4200000762939453,2.180000066757202,2.2200000286102295,2070700,0.0,0.0
2026-02-05 00:00:00-05:00,2.200000047683716,2.239000082015991,2.069999933242798,2.0899999141693115,1692800,0.0,0.0
2026-02-06 00:00:00-05:00,2.1500000953674316,2.194999933242798,2.0199999809265137,2.140000104904175,2445000,0.0,0.0
2026-02-09 00:00:00-05:00,2.130000114440918,2.1600000858306885,1.9450000524520874,2.059999942779541,1479700,0.0,0.0
2026-02-10 00:00:00-05:00,2.069999933242798,2.200000047683716,2.049999952316284,2.109999895095825,805700,0.0,0.0
2026-02-11 00:00:00-05:00,2.109999895095825,2.119999885559082,1.9700000286102295,2.0399999618530273,885900,0.0,0.0
2026-02-12 00:00:00-05:00,2.059999942779541,2.069999933242798,1.975000023841858,2.009999990463257,911000,0.0,0.0
2026-02-13 00:00:00-05:00,1.7000000476837158,1.7949999570846558,1.5800000429153442,1.6100000143051147,10920300,0.0,0.0
2026-02-17 00:00:00-05:00,1.649999976158142,1.6890000104904175,1.600000023841858,1.6100000143051147,2768200,0.0,0.0
2026-02-18 00:00:00-05:00,1.6399999856948853,1.659999966621399,1.5950000286102295,1.6299999952316284,1851200,0.0,0.0
2026-02-19 00:00:00-05:00,1.6100000143051147,1.7300000190734863,1.600000023841858,1.7100000381469727,2358700,0.0,0.0
2026-02-20 00:00:00-05:00,1.7000000476837158,1.7400000095367432,1.6200000047683716,1.6299999952316284,1368500,0.0,0.0
2026-02-23 00:00:00-05:00,1.6399999856948853,1.6449999809265137,1.590000033378601,1.6200000047683716,1307500,0.0,0.0
2026-02-24 00:00:00-05:00,1.6399999856948853,1.6950000524520874,1.6200000047683716,1.6699999570846558,949900,0.0,0.0
2026-02-25 00:00:00-05:00,1.6799999475479126,1.7400000095367432,1.659999966621399,1.6799999475479126,778200,0.0,0.0
2026-02-26 00:00:00-05:00,1.690000057220459,1.7000000476837158,1.6299999952316284,1.690000057220459,636500,0.0,0.0
2026-02-27 00:00:00-05:00,1.649999976158142,1.690000057220459,1.6449999809265137,1.6699999570846558,1039000,0.0,0.0
2026-03-02 00:00:00-05:00,1.590000033378601,1.6799999475479126,1.5800000429153442,1.649999976158142,1052300,0.0,0.0
2026-03-03 00:00:00-05:00,1.6200000047683716,1.7000000476837158,1.5700000524520874,1.649999976158142,1119900,0.0,0.0
2026-03-04 00:00:00-05:00,1.690000057220459,1.809999942779541,1.6799999475479126,1.7599999904632568,1723200,0.0,0.0
2026-03-05 00:00:00-05:00,1.7400000095367432,1.8259999752044678,1.7400000095367432,1.7599999904632568,1148700,0.0,0.0
2026-03-06 00:00:00-05:00,1.75,1.8350000381469727,1.7430000305175781,1.8200000524520874,1641100,0.0,0.0
2026-03-09 00:00:00-04:00,1.8200000524520874,1.9500000476837158,1.7999999523162842,1.9299999475479126,2234100,0.0,0.0
2026-03-10 00:00:00-04:00,1.8600000143051147,2.059999942779541,1.809999942779541,1.9500000476837158,2424900,0.0,0.0
2026-03-11 00:00:00-04:00,1.9700000286102295,1.9950000047683716,1.7799999713897705,1.7799999713897705,1500200,0.0,0.0
2026-03-12 00:00:00-04:00,1.7300000190734863,1.75,1.6150000095367432,1.690000057220459,2111500,0.0,0.0
2026-03-13 00:00:00-04:00,1.690000057220459,1.7599999904632568,1.6050000190734863,1.6299999952316284,1164500,0.0,0.0
2026-03-16 00:00:00-04:00,1.659999966621399,1.7000000476837158,1.625,1.659999966621399,846900,0.0,0.0
2026-03-17 00:00:00-04:00,1.659999966621399,1.7300000190734863,1.659999966621399,1.6799999475479126,963300,0.0,0.0
2026-03-18 00:00:00-04:00,1.649999976158142,1.659999966621399,1.5700000524520874,1.5800000429153442,1401800,0.0,0.0
2026-03-19 00:00:00-04:00,1.5700000524520874,1.625,1.5399999618530273,1.6100000143051147,900400,0.0,0.0
2026-03-20 00:00:00-04:00,1.6299999952316284,1.6299999952316284,1.5199999809265137,1.5199999809265137,2667000,0.0,0.0
2026-03-23 00:00:00-04:00,1.559999942779541,1.649999976158142,1.5429999828338623,1.6399999856948853,1256400,0.0,0.0
2026-03-24 00:00:00-04:00,1.6200000047683716,1.7450000047683716,1.6050000190734863,1.7100000381469727,3107400,0.0,0.0
2026-03-25 00:00:00-04:00,1.7300000190734863,1.850000023841858,1.6950000524520874,1.7699999809265137,2295800,0.0,0.0
2026-03-26 00:00:00-04:00,1.7400000095367432,1.7799999713897705,1.659999966621399,1.659999966621399,692700,0.0,0.0
2026-03-27 00:00:00-04:00,1.6299999952316284,1.6799999475479126,1.6150000095367432,1.6299999952316284,684100,0.0,0.0
2026-03-30 00:00:00-04:00,1.649999976158142,1.6749999523162842,1.5800000429153442,1.600000023841858,806500,0.0,0.0
2026-03-31 00:00:00-04:00,1.6399999856948853,1.7300000190734863,1.6299999952316284,1.690000057220459,865500,0.0,0.0
2026-04-01 00:00:00-04:00,1.7200000286102295,1.7899999618530273,1.7000000476837158,1.7400000095367432,793800,0.0,0.0
2026-04-02 00:00:00-04:00,1.7000000476837158,1.7549999952316284,1.684999942779541,1.7300000190734863,537200,0.0,0.0
2026-04-06 00:00:00-04:00,1.7300000190734863,1.784999966621399,1.659999966621399,1.6699999570846558,620600,0.0,0.0
2026-04-07 00:00:00-04:00,1.6699999570846558,1.7100000381469727,1.590000033378601,1.6699999570846558,735100,0.0,0.0
2026-04-08 00:00:00-04:00,1.7599999904632568,1.7610000371932983,1.659999966621399,1.7000000476837158,816700,0.0,0.0
2026-04-09 00:00:00-04:00,1.690000057220459,1.7000000476837158,1.6100000143051147,1.649999976158142,990300,0.0,0.0
2026-04-10 00:00:00-04:00,1.6399999856948853,1.690000057220459,1.6399999856948853,1.6799999475479126,556800,0.0,0.0
2026-04-13 00:00:00-04:00,1.6699999570846558,1.7100000381469727,1.6200000047683716,1.7100000381469727,939500,0.0,0.0
2026-04-14 00:00:00-04:00,1.7100000381469727,1.8200000524520874,1.7059999704360962,1.7999999523162842,1031700,0.0,0.0
2026-04-15 00:00:00-04:00,1.7899999618530273,1.8799999952316284,1.7599999904632568,1.8799999952316284,1070000,0.0,0.0
2026-04-16 00:00:00-04:00,1.8700000047683716,1.9600000381469727,1.850000023841858,1.899999976158142,1645000,0.0,0.0
2026-04-17 00:00:00-04:00,1.940000057220459,1.9900000095367432,1.875,1.9800000190734863,1755000,0.0,0.0
2026-04-20 00:00:00-04:00,1.9600000381469727,2.015000104904175,1.9299999475479126,1.9900000095367432,764200,0.0,0.0
2026-04-21 00:00:00-04:00,1.9800000190734863,2.0,1.809999942779541,1.8200000524520874,1938700,0.0,0.0
2026-04-22 00:00:00-04:00,1.850000023841858,1.850000023841858,1.774999976158142,1.7999999523162842,816800,0.0,0.0
2026-04-23 00:00:00-04:00,1.809999942779541,1.809999942779541,1.684999942779541,1.7599999904632568,1379800,0.0,0.0
2026-04-24 00:00:00-04:00,1.7599999904632568,1.7699999809265137,1.7200000286102295,1.75,906300,0.0,0.0
2026-04-27 00:00:00-04:00,1.75,1.8849999904632568,1.7410000562667847,1.840000033378601,1036100,0.0,0.0
2026-04-28 00:00:00-04:00,1.7920000553131104,1.8550000190734863,1.7549999952316284,1.7699999809265137,624200,0.0,0.0
2026-04-29 00:00:00-04:00,1.75,1.7549999952316284,1.7009999752044678,1.7400000095367432,665400,0.0,0.0
2026-04-30 00:00:00-04:00,1.7400000095367432,1.8300000429153442,1.7400000095367432,1.774999976158142,523600,0.0,0.0
2026-05-01 00:00:00-04:00,1.75,1.7999999523162842,1.7300000190734863,1.7999999523162842,560600,0.0,0.0
2026-05-04 00:00:00-04:00,1.7799999713897705,1.8200000524520874,1.7300000190734863,1.7300000190734863,717400,0.0,0.0
2026-05-05 00:00:00-04:00,1.7400000095367432,1.7999999523162842,1.7400000095367432,1.7899999618530273,874700,0.0,0.0
2026-05-06 00:00:00-04:00,1.809999942779541,1.8700000047683716,1.75,1.75,1288300,0.0,0.0
2026-05-07 00:00:00-04:00,1.7599999904632568,1.7699999809265137,1.7100000381469727,1.7599999904632568,921600,0.0,0.0
2026-05-08 00:00:00-04:00,1.7699999809265137,1.7999999523162842,1.7350000143051147,1.75,676100,0.0,0.0
2026-05-11 00:00:00-04:00,1.8899999856948853,2.1050000190734863,1.8700000047683716,1.9500000476837158,3713100,0.0,0.0
2026-05-12 00:00:00-04:00,1.75,1.8200000524520874,1.6200000047683716,1.7100000381469727,3463700,0.0,0.0
2026-05-13 00:00:00-04:00,1.7300000190734863,1.7899999618530273,1.600000023841858,1.7050000429153442,2407100,0.0,0.0
2026-05-14 00:00:00-04:00,1.7000000476837158,1.7350000143051147,1.625,1.6299999952316284,1982200,0.0,0.0
2026-05-15 00:00:00-04:00,1.6100000143051147,1.6449999809265137,1.5549999475479126,1.5700000524520874,1507800,0.0,0.0
2026-05-18 00:00:00-04:00,1.5700000524520874,1.600000023841858,1.4600000381469727,1.4900000095367432,1772200,0.0,0.0
2026-05-19 00:00:00-04:00,1.4900000095367432,1.5049999952316284,1.4600000381469727,1.4800000190734863,1375900,0.0,0.0
2026-05-20 00:00:00-04:00,1.4700000286102295,1.559999942779541,1.4700000286102295,1.5099999904632568,702300,0.0,0.0
2026-05-21 00:00:00-04:00,1.4900000095367432,1.6050000190734863,1.4800000190734863,1.5700000524520874,1393000,0.0,0.0
2026-05-22 00:00:00-04:00,1.600000023841858,1.649999976158142,1.590000033378601,1.6100000143051147,919200,0.0,0.0
2026-05-26 00:00:00-04:00,1.649999976158142,1.715000033378601,1.6299999952316284,1.6399999856948853,1268800,0.0,0.0
2026-05-27 00:00:00-04:00,1.6399999856948853,1.7350000143051147,1.6399999856948853,1.659999966621399,1191600,0.0,0.0
2026-05-28 00:00:00-04:00,1.649999976158142,1.6699999570846558,1.6299999952316284,1.649999976158142,494900,0.0,0.0
2026-05-29 00:00:00-04:00,1.649999976158142,1.6749999523162842,1.5800000429153442,1.590000033378601,1531400,0.0,0.0
2026-06-01 00:00:00-04:00,1.600000023841858,1.6399999856948853,1.559999942779541,1.5700000524520874,817400,0.0,0.0
2026-06-02 00:00:00-04:00,1.559999942779541,1.559999942779541,1.5099999904632568,1.5199999809265137,894825,0.0,0.0
