Date,Open,High,Low,Close,Volume,Dividends,Stock Splits
2022-01-03 00:00:00-05:00,5.239999771118164,5.440000057220459,5.21999979019165,5.440000057220459,93900,0.0,0.0
2022-01-04 00:00:00-05:00,5.460000038146973,5.550000190734863,5.304999828338623,5.510000228881836,62700,0.0,0.0
2022-01-05 00:00:00-05:00,5.53000020980835,5.599999904632568,5.489999771118164,5.510000228881836,92700,0.0,0.0
2022-01-06 00:00:00-05:00,5.510000228881836,5.53000020980835,5.300000190734863,5.429999828338623,80600,0.0,0.0
2022-01-07 00:00:00-05:00,5.409999847412109,5.510000228881836,5.34499979019165,5.489999771118164,134200,0.0,0.0
2022-01-10 00:00:00-05:00,5.489999771118164,5.550000190734863,5.329999923706055,5.550000190734863,44100,0.0,0.0
2022-01-11 00:00:00-05:00,5.550000190734863,5.659999847412109,5.400000095367432,5.440000057220459,53400,0.0,0.0
2022-01-12 00:00:00-05:00,5.440000057220459,5.440000057220459,5.21999979019165,5.260000228881836,128900,0.0,0.0
2022-01-13 00:00:00-05:00,5.260000228881836,5.400000095367432,5.210000038146973,5.260000228881836,73100,0.0,0.0
2022-01-14 00:00:00-05:00,5.210000038146973,5.25,5.070000171661377,5.210000038146973,62700,0.0,0.0
2022-01-18 00:00:00-05:00,5.260000228881836,5.295000076293945,5.070000171661377,5.079999923706055,112900,0.0,0.0
2022-01-19 00:00:00-05:00,5.119999885559082,5.130000114440918,4.769999980926514,4.78000020980835,90500,0.0,0.0
2022-01-20 00:00:00-05:00,4.760000228881836,4.920000076293945,4.6570000648498535,4.670000076293945,102400,0.0,0.0
2022-01-21 00:00:00-05:00,4.610000133514404,4.71999979019165,4.550000190734863,4.639999866485596,111200,0.0,0.0
2022-01-24 00:00:00-05:00,4.599999904632568,4.760000228881836,4.409999847412109,4.699999809265137,106100,0.0,0.0
2022-01-25 00:00:00-05:00,4.639999866485596,4.789999961853027,4.570000171661377,4.690000057220459,79000,0.0,0.0
2022-01-26 00:00:00-05:00,4.78000020980835,4.880000114440918,4.570000171661377,4.619999885559082,72400,0.0,0.0
2022-01-27 00:00:00-05:00,4.619999885559082,4.675000190734863,4.389999866485596,4.389999866485596,73700,0.0,0.0
2022-01-28 00:00:00-05:00,4.360000133514404,4.460000038146973,4.28000020980835,4.460000038146973,84800,0.0,0.0
2022-01-31 00:00:00-05:00,4.400000095367432,4.699999809265137,4.400000095367432,4.630000114440918,121800,0.0,0.0
2022-02-01 00:00:00-05:00,4.670000076293945,4.71999979019165,4.550000190734863,4.710000038146973,61000,0.0,0.0
2022-02-02 00:00:00-05:00,4.710000038146973,4.800000190734863,4.659999847412109,4.670000076293945,107600,0.0,0.0
2022-02-03 00:00:00-05:00,4.670000076293945,4.682000160217285,4.5,4.519999980926514,88800,0.0,0.0
2022-02-04 00:00:00-05:00,4.550000190734863,4.610000133514404,4.429999828338623,4.539999961853027,62000,0.0,0.0
2022-02-07 00:00:00-05:00,4.550000190734863,4.672999858856201,4.510000228881836,4.570000171661377,53900,0.0,0.0
2022-02-08 00:00:00-05:00,4.599999904632568,4.679999828338623,4.519999980926514,4.659999847412109,50200,0.0,0.0
2022-02-09 00:00:00-05:00,4.670000076293945,4.670000076293945,4.570000171661377,4.630000114440918,73700,0.0,0.0
2022-02-10 00:00:00-05:00,4.539999961853027,4.699999809265137,4.5,4.510000228881836,95100,0.0,0.0
2022-02-11 00:00:00-05:00,4.5,4.590000152587891,4.380000114440918,4.420000076293945,83100,0.0,0.0
2022-02-14 00:00:00-05:00,4.400000095367432,4.539999961853027,4.199999809265137,4.210000038146973,133000,0.0,0.0
2022-02-15 00:00:00-05:00,4.269999980926514,4.300000190734863,4.099999904632568,4.150000095367432,322400,0.0,0.0
2022-02-16 00:00:00-05:00,4.150000095367432,4.21999979019165,4.079999923706055,4.099999904632568,282900,0.0,0.0
2022-02-17 00:00:00-05:00,4.099999904632568,4.260000228881836,4.019999980926514,4.110000133514404,175600,0.0,0.0
2022-02-18 00:00:00-05:00,4.079999923706055,4.130000114440918,3.990000009536743,4.03000020980835,127400,0.0,0.0
2022-02-22 00:00:00-05:00,4.010000228881836,4.039999961853027,3.8399999141693115,3.859999895095825,122000,0.0,0.0
2022-02-23 00:00:00-05:00,3.9000000953674316,3.950000047683716,3.799999952316284,3.799999952316284,106700,0.0,0.0
2022-02-24 00:00:00-05:00,3.75,3.8499999046325684,3.7100000381469727,3.8299999237060547,90100,0.0,0.0
2022-02-25 00:00:00-05:00,3.8499999046325684,4.050000190734863,3.799999952316284,4.0,96400,0.0,0.0
2022-02-28 00:00:00-05:00,4.0,4.050000190734863,3.8399999141693115,3.8399999141693115,148100,0.0,0.0
2022-03-01 00:00:00-05:00,3.8399999141693115,3.9600000381469727,3.809999942779541,3.890000104904175,272700,0.0,0.0
2022-03-02 00:00:00-05:00,3.930000066757202,4.039999961853027,3.8499999046325684,3.950000047683716,93500,0.0,0.0
2022-03-03 00:00:00-05:00,3.9700000286102295,3.9700000286102295,3.799999952316284,3.8399999141693115,105400,0.0,0.0
2022-03-04 00:00:00-05:00,3.799999952316284,3.809999942779541,3.680000066757202,3.7200000286102295,90000,0.0,0.0
2022-03-07 00:00:00-05:00,3.7300000190734863,3.7300000190734863,3.559999942779541,3.5799999237060547,107300,0.0,0.0
2022-03-08 00:00:00-05:00,3.809999942779541,4.360000133514404,3.740000009536743,4.230000019073486,334500,0.0,0.0
2022-03-09 00:00:00-05:00,4.360000133514404,4.53000020980835,4.300000190734863,4.400000095367432,109700,0.0,0.0
2022-03-10 00:00:00-05:00,4.340000152587891,4.53000020980835,4.320000171661377,4.489999771118164,202900,0.0,0.0
2022-03-11 00:00:00-05:00,4.539999961853027,4.570000171661377,4.360000133514404,4.429999828338623,168400,0.0,0.0
2022-03-14 00:00:00-04:00,4.489999771118164,4.739999771118164,4.394999980926514,4.670000076293945,143600,0.0,0.0
2022-03-15 00:00:00-04:00,4.679999828338623,4.679999828338623,4.465000152587891,4.579999923706055,107700,0.0,0.0
2022-03-16 00:00:00-04:00,4.650000095367432,4.96999979019165,4.630000114440918,4.96999979019165,130200,0.0,0.0
2022-03-17 00:00:00-04:00,4.940000057220459,5.050000190734863,4.880000114440918,4.920000076293945,213100,0.0,0.0
2022-03-18 00:00:00-04:00,4.909999847412109,5.170000076293945,4.820000171661377,5.159999847412109,243100,0.0,0.0
2022-03-21 00:00:00-04:00,5.110000133514404,5.139999866485596,4.953000068664551,5.0,297100,0.0,0.0
2022-03-22 00:00:00-04:00,5.010000228881836,5.079999923706055,4.980000019073486,5.03000020980835,115300,0.0,0.0
2022-03-23 00:00:00-04:00,4.989999771118164,5.065000057220459,4.949999809265137,4.980000019073486,124700,0.0,0.0
2022-03-24 00:00:00-04:00,4.96999979019165,5.070000171661377,4.949999809265137,5.050000190734863,107600,0.0,0.0
2022-03-25 00:00:00-04:00,5.039999961853027,5.079999923706055,4.96999979019165,5.039999961853027,131900,0.0,0.0
2022-03-28 00:00:00-04:00,5.010000228881836,5.079999923706055,4.949999809265137,5.079999923706055,112000,0.0,0.0
2022-03-29 00:00:00-04:00,5.079999923706055,5.170000076293945,4.989999771118164,4.989999771118164,80000,0.0,0.0
2022-03-30 00:00:00-04:00,5.0,5.059999942779541,4.914999961853027,4.989999771118164,165500,0.0,0.0
2022-03-31 00:00:00-04:00,4.980000019073486,5.079999923706055,4.949999809265137,4.980000019073486,105900,0.0,0.0
2022-04-01 00:00:00-04:00,4.960000038146973,5.019999980926514,4.925000190734863,4.940000057220459,1012600,0.0,0.0
2022-04-04 00:00:00-04:00,5.0,5.039999961853027,4.960000038146973,5.010000228881836,166300,0.0,0.0
2022-04-05 00:00:00-04:00,5.0,5.099999904632568,4.994999885559082,5.03000020980835,149000,0.0,0.0
2022-04-06 00:00:00-04:00,4.989999771118164,5.28000020980835,4.940000057220459,5.199999809265137,151700,0.0,0.0
2022-04-07 00:00:00-04:00,5.210000038146973,5.300000190734863,5.210000038146973,5.25,119800,0.0,0.0
2022-04-08 00:00:00-04:00,5.289999961853027,5.289999961853027,5.170000076293945,5.210000038146973,121200,0.0,0.0
2022-04-11 00:00:00-04:00,5.130000114440918,5.239999771118164,5.074999809265137,5.179999828338623,108000,0.0,0.0
2022-04-12 00:00:00-04:00,5.199999809265137,5.360000133514404,5.199999809265137,5.309999942779541,115800,0.0,0.0
2022-04-13 00:00:00-04:00,5.309999942779541,5.579999923706055,5.275000095367432,5.539999961853027,151300,0.0,0.0
2022-04-14 00:00:00-04:00,5.53000020980835,5.579999923706055,5.329999923706055,5.389999866485596,136000,0.0,0.0
2022-04-18 00:00:00-04:00,5.320000171661377,5.429999828338623,5.320000171661377,5.380000114440918,133100,0.0,0.0
2022-04-19 00:00:00-04:00,5.369999885559082,5.514999866485596,5.36299991607666,5.489999771118164,110700,0.0,0.0
2022-04-20 00:00:00-04:00,5.550000190734863,5.550000190734863,5.289999961853027,5.349999904632568,151300,0.0,0.0
2022-04-21 00:00:00-04:00,5.440000057220459,5.465000152587891,5.21999979019165,5.239999771118164,127300,0.0,0.0
2022-04-22 00:00:00-04:00,5.210000038146973,5.260000228881836,5.099999904632568,5.150000095367432,129700,0.0,0.0
2022-04-25 00:00:00-04:00,5.099999904632568,5.23799991607666,5.090000152587891,5.139999866485596,124800,0.0,0.0
2022-04-26 00:00:00-04:00,5.070000171661377,5.090000152587891,5.010000228881836,5.03000020980835,110200,0.0,0.0
2022-04-27 00:00:00-04:00,5.039999961853027,5.059999942779541,4.96999979019165,5.019999980926514,121600,0.0,0.0
2022-04-28 00:00:00-04:00,5.039999961853027,5.130000114440918,5.0,5.090000152587891,104100,0.0,0.0
2022-04-29 00:00:00-04:00,5.079999923706055,5.110000133514404,4.96999979019165,4.980000019073486,126000,0.0,0.0
2022-05-02 00:00:00-04:00,4.960000038146973,5.059999942779541,4.929999828338623,5.039999961853027,166500,0.0,0.0
2022-05-03 00:00:00-04:00,5.039999961853027,5.130000114440918,5.019999980926514,5.119999885559082,116800,0.0,0.0
2022-05-04 00:00:00-04:00,5.150000095367432,5.71999979019165,5.114999771118164,5.639999866485596,314900,0.0,0.0
2022-05-05 00:00:00-04:00,5.559999942779541,5.78000020980835,5.400000095367432,5.449999809265137,137300,0.0,0.0
2022-05-06 00:00:00-04:00,5.440000057220459,5.489999771118164,5.190000057220459,5.21999979019165,59600,0.0,0.0
2022-05-09 00:00:00-04:00,5.110000133514404,5.289999961853027,5.013000011444092,5.260000228881836,150100,0.0,0.0
2022-05-10 00:00:00-04:00,5.340000152587891,5.650000095367432,5.271999835968018,5.590000152587891,177900,0.0,0.0
2022-05-11 00:00:00-04:00,5.559999942779541,5.599999904632568,4.980000019073486,5.019999980926514,95400,0.0,0.0
2022-05-12 00:00:00-04:00,4.980000019073486,5.210000038146973,4.800000190734863,5.050000190734863,140700,0.0,0.0
2022-05-13 00:00:00-04:00,5.059999942779541,5.25,4.960000038146973,5.150000095367432,168900,0.0,0.0
2022-05-16 00:00:00-04:00,5.329999923706055,5.539999961853027,5.329999923706055,5.409999847412109,121600,0.0,0.0
2022-05-17 00:00:00-04:00,5.400000095367432,5.760000228881836,5.400000095367432,5.679999828338623,182200,0.0,0.0
2022-05-18 00:00:00-04:00,5.559999942779541,5.78000020980835,5.480000019073486,5.510000228881836,131800,0.0,0.0
2022-05-19 00:00:00-04:00,5.449999809265137,5.619999885559082,5.420000076293945,5.440000057220459,123600,0.0,0.0
2022-05-20 00:00:00-04:00,5.5,5.550000190734863,5.429999828338623,5.53000020980835,96700,0.0,0.0
2022-05-23 00:00:00-04:00,5.610000133514404,5.610000133514404,5.494999885559082,5.53000020980835,66400,0.0,0.0
2022-05-24 00:00:00-04:00,5.46999979019165,5.539999961853027,5.420000076293945,5.5,82900,0.0,0.0
2022-05-25 00:00:00-04:00,5.510000228881836,5.610000133514404,5.510000228881836,5.570000171661377,48500,0.0,0.0
2022-05-26 00:00:00-04:00,5.630000114440918,5.829999923706055,5.599999904632568,5.730000019073486,66900,0.0,0.0
2022-05-27 00:00:00-04:00,5.769999980926514,5.860000133514404,5.769999980926514,5.809999942779541,53100,0.0,0.0
2022-05-31 00:00:00-04:00,5.800000190734863,5.869999885559082,5.699999809265137,5.739999771118164,87300,0.0,0.0
2022-06-01 00:00:00-04:00,5.690000057220459,5.764999866485596,5.429999828338623,5.449999809265137,158700,0.0,0.0
2022-06-02 00:00:00-04:00,5.449999809265137,5.710000038146973,5.440000057220459,5.699999809265137,177100,0.0,0.0
2022-06-03 00:00:00-04:00,5.670000076293945,5.880000114440918,5.614999771118164,5.760000228881836,150500,0.0,0.0
2022-06-06 00:00:00-04:00,5.760000228881836,5.760000228881836,5.480000019073486,5.5,293200,0.0,0.0
2022-06-07 00:00:00-04:00,5.409999847412109,5.730000019073486,5.409999847412109,5.650000095367432,190800,0.0,0.0
2022-06-08 00:00:00-04:00,5.610000133514404,5.960000038146973,5.550000190734863,5.71999979019165,150200,0.0,0.0
2022-06-09 00:00:00-04:00,5.699999809265137,5.840000152587891,5.53000020980835,5.639999866485596,156500,0.0,0.0
2022-06-10 00:00:00-04:00,5.53000020980835,5.590000152587891,5.389999866485596,5.409999847412109,149600,0.0,0.0
2022-06-13 00:00:00-04:00,5.320000171661377,5.769999980926514,5.25,5.710000038146973,280800,0.0,0.0
2022-06-14 00:00:00-04:00,5.699999809265137,5.699999809265137,5.329999923706055,5.460000038146973,201000,0.0,0.0
2022-06-15 00:00:00-04:00,5.519999980926514,5.519999980926514,5.25,5.309999942779541,249800,0.0,0.0
2022-06-16 00:00:00-04:00,5.28000020980835,5.369999885559082,5.199999809265137,5.239999771118164,259600,0.0,0.0
2022-06-17 00:00:00-04:00,5.210000038146973,5.53000020980835,5.210000038146973,5.429999828338623,259200,0.0,0.0
2022-06-21 00:00:00-04:00,5.510000228881836,5.590000152587891,5.329999923706055,5.369999885559082,353700,0.0,0.0
2022-06-22 00:00:00-04:00,5.340000152587891,5.679999828338623,5.340000152587891,5.460000038146973,252200,0.0,0.0
2022-06-23 00:00:00-04:00,5.53000020980835,5.570000171661377,5.400000095367432,5.539999961853027,285500,0.0,0.0
2022-06-24 00:00:00-04:00,5.599999904632568,5.989999771118164,5.599999904632568,5.730000019073486,4294300,0.0,0.0
2022-06-27 00:00:00-04:00,5.699999809265137,5.809999942779541,5.619999885559082,5.789999961853027,134900,0.0,0.0
2022-06-28 00:00:00-04:00,5.840000152587891,5.880000114440918,5.53000020980835,5.539999961853027,99400,0.0,0.0
2022-06-29 00:00:00-04:00,5.499000072479248,5.610000133514404,5.480000019073486,5.5,157600,0.0,0.0
2022-06-30 00:00:00-04:00,5.420000076293945,5.539999961853027,5.380000114440918,5.380000114440918,198400,0.0,0.0
2022-07-01 00:00:00-04:00,5.409999847412109,5.579999923706055,5.400000095367432,5.429999828338623,238900,0.0,0.0
2022-07-05 00:00:00-04:00,5.429999828338623,5.585000038146973,5.360000133514404,5.53000020980835,147700,0.0,0.0
2022-07-06 00:00:00-04:00,5.480000019073486,5.940000057220459,5.449999809265137,5.920000076293945,226600,0.0,0.0
2022-07-07 00:00:00-04:00,5.900000095367432,6.429999828338623,5.900000095367432,6.349999904632568,507800,0.0,0.0
2022-07-08 00:00:00-04:00,6.349999904632568,6.590000152587891,6.329999923706055,6.53000020980835,83700,0.0,0.0
2022-07-11 00:00:00-04:00,6.460000038146973,6.809999942779541,6.440000057220459,6.670000076293945,133000,0.0,0.0
2022-07-12 00:00:00-04:00,6.699999809265137,6.929999828338623,6.449999809265137,6.840000152587891,177100,0.0,0.0
2022-07-13 00:00:00-04:00,6.820000171661377,7.110000133514404,6.71999979019165,7.019999980926514,228700,0.0,0.0
2022-07-14 00:00:00-04:00,6.96999979019165,7.170000076293945,6.945000171661377,7.059999942779541,117800,0.0,0.0
2022-07-15 00:00:00-04:00,7.159999847412109,7.230000019073486,7.070000171661377,7.210000038146973,74600,0.0,0.0
2022-07-18 00:00:00-04:00,7.179999828338623,7.480000019073486,7.175000190734863,7.369999885559082,211500,0.0,0.0
2022-07-19 00:00:00-04:00,7.449999809265137,7.619999885559082,7.269999980926514,7.590000152587891,325500,0.0,0.0
2022-07-20 00:00:00-04:00,7.409999847412109,7.760000228881836,7.400000095367432,7.730000019073486,272000,0.0,0.0
2022-07-21 00:00:00-04:00,7.730000019073486,7.8480000495910645,7.679999828338623,7.809999942779541,127600,0.0,0.0
2022-07-22 00:00:00-04:00,7.800000190734863,7.869999885559082,7.78000020980835,7.840000152587891,114300,0.0,0.0
2022-07-25 00:00:00-04:00,7.840000152587891,7.840000152587891,7.75,7.789999961853027,128000,0.0,0.0
2022-07-26 00:00:00-04:00,7.75,7.804999828338623,7.659999847412109,7.690000057220459,80000,0.0,0.0
2022-07-27 00:00:00-04:00,7.650000095367432,7.784999847412109,7.559999942779541,7.760000228881836,61500,0.0,0.0
2022-07-28 00:00:00-04:00,7.730000019073486,7.929999828338623,7.670000076293945,7.920000076293945,88800,0.0,0.0
2022-07-29 00:00:00-04:00,7.880000114440918,7.96999979019165,7.840000152587891,7.849999904632568,114600,0.0,0.0
2022-08-01 00:00:00-04:00,7.75,7.949999809265137,7.699999809265137,7.920000076293945,134100,0.0,0.0
2022-08-02 00:00:00-04:00,7.860000133514404,8.0600004196167,7.809999942779541,7.960000038146973,256400,0.0,0.0
2022-08-03 00:00:00-04:00,7.900000095367432,7.900000095367432,6.46999979019165,6.829999923706055,429600,0.0,0.0
2022-08-04 00:00:00-04:00,6.78000020980835,7.0,6.489999771118164,6.53000020980835,203000,0.0,0.0
2022-08-05 00:00:00-04:00,6.389999866485596,6.599999904632568,6.320000171661377,6.539999961853027,105600,0.0,0.0
2022-08-08 00:00:00-04:00,6.5,6.599999904632568,6.28000020980835,6.550000190734863,208200,0.0,0.0
2022-08-09 00:00:00-04:00,6.539999961853027,6.539999961853027,6.179999828338623,6.199999809265137,108200,0.0,0.0
2022-08-10 00:00:00-04:00,6.239999771118164,6.320000171661377,6.179999828338623,6.309999942779541,45300,0.0,0.0
2022-08-11 00:00:00-04:00,6.300000190734863,6.380000114440918,6.119999885559082,6.239999771118164,71000,0.0,0.0
2022-08-12 00:00:00-04:00,6.269999980926514,6.480000019073486,6.25,6.429999828338623,66200,0.0,0.0
2022-08-15 00:00:00-04:00,6.349999904632568,6.539999961853027,6.260000228881836,6.5,47400,0.0,0.0
2022-08-16 00:00:00-04:00,6.5,6.579999923706055,6.420000076293945,6.489999771118164,76400,0.0,0.0
2022-08-17 00:00:00-04:00,6.460000038146973,6.460000038146973,6.119999885559082,6.139999866485596,130900,0.0,0.0
2022-08-18 00:00:00-04:00,6.110000133514404,6.369999885559082,6.070000171661377,6.25,118600,0.0,0.0
2022-08-19 00:00:00-04:00,6.199999809265137,6.360000133514404,6.139999866485596,6.340000152587891,93300,0.0,0.0
2022-08-22 00:00:00-04:00,6.309999942779541,6.329999923706055,5.989999771118164,5.989999771118164,86100,0.0,0.0
2022-08-23 00:00:00-04:00,6.0,6.130000114440918,5.96999979019165,6.039999961853027,74100,0.0,0.0
2022-08-24 00:00:00-04:00,6.090000152587891,6.230000019073486,6.014999866485596,6.199999809265137,157600,0.0,0.0
2022-08-25 00:00:00-04:00,6.190000057220459,6.25,6.138000011444092,6.179999828338623,66400,0.0,0.0
2022-08-26 00:00:00-04:00,6.199999809265137,6.199999809265137,6.039999961853027,6.090000152587891,30500,0.0,0.0
2022-08-29 00:00:00-04:00,5.989999771118164,6.119999885559082,5.909999847412109,5.940000057220459,155300,0.0,0.0
2022-08-30 00:00:00-04:00,5.920000076293945,6.0,5.849999904632568,5.860000133514404,96800,0.0,0.0
2022-08-31 00:00:00-04:00,5.869999885559082,6.0,5.860000133514404,5.929999828338623,69000,0.0,0.0
2022-09-01 00:00:00-04:00,5.860000133514404,5.889999866485596,5.699999809265137,5.869999885559082,72300,0.0,0.0
2022-09-02 00:00:00-04:00,5.880000114440918,5.880000114440918,5.71999979019165,5.809999942779541,67800,0.0,0.0
2022-09-06 00:00:00-04:00,5.809999942779541,5.829999923706055,5.650000095367432,5.690000057220459,89200,0.0,0.0
2022-09-07 00:00:00-04:00,5.650000095367432,5.78000020980835,5.619999885559082,5.679999828338623,94700,0.0,0.0
2022-09-08 00:00:00-04:00,5.619999885559082,5.900000095367432,5.619999885559082,5.739999771118164,114400,0.0,0.0
2022-09-09 00:00:00-04:00,5.809999942779541,5.894999980926514,5.679999828338623,5.71999979019165,158900,0.0,0.0
2022-09-12 00:00:00-04:00,5.789999961853027,5.949999809265137,5.78000020980835,5.829999923706055,34600,0.0,0.0
2022-09-13 00:00:00-04:00,5.769999980926514,5.960000038146973,5.769999980926514,5.940000057220459,80100,0.0,0.0
2022-09-14 00:00:00-04:00,5.980000019073486,5.980000019073486,5.789999961853027,5.800000190734863,32700,0.0,0.0
2022-09-15 00:00:00-04:00,5.78000020980835,5.849999904632568,5.71999979019165,5.829999923706055,76800,0.0,0.0
2022-09-16 00:00:00-04:00,5.71999979019165,5.804999828338623,5.690000057220459,5.789999961853027,63700,0.0,0.0
2022-09-19 00:00:00-04:00,5.78000020980835,5.78000020980835,5.659999847412109,5.75,70300,0.0,0.0
2022-09-20 00:00:00-04:00,5.699999809265137,5.860000133514404,5.699999809265137,5.860000133514404,42400,0.0,0.0
2022-09-21 00:00:00-04:00,5.840000152587891,5.900000095367432,5.807000160217285,5.849999904632568,57200,0.0,0.0
2022-09-22 00:00:00-04:00,5.809999942779541,5.809999942779541,5.590000152587891,5.630000114440918,89300,0.0,0.0
2022-09-23 00:00:00-04:00,5.570000171661377,5.639999866485596,5.460000038146973,5.619999885559082,72700,0.0,0.0
2022-09-26 00:00:00-04:00,5.610000133514404,5.730000019073486,5.53000020980835,5.630000114440918,45300,0.0,0.0
2022-09-27 00:00:00-04:00,5.630000114440918,5.699999809265137,5.570000171661377,5.679999828338623,37500,0.0,0.0
2022-09-28 00:00:00-04:00,5.650000095367432,5.849999904632568,5.650000095367432,5.809999942779541,40500,0.0,0.0
2022-09-29 00:00:00-04:00,5.78000020980835,5.960000038146973,5.730000019073486,5.900000095367432,48000,0.0,0.0
2022-09-30 00:00:00-04:00,5.849999904632568,6.035999774932861,5.849999904632568,6.0,148100,0.0,0.0
2022-10-03 00:00:00-04:00,6.010000228881836,6.197000026702881,5.934999942779541,5.960000038146973,102700,0.0,0.0
2022-10-04 00:00:00-04:00,6.019999980926514,6.150000095367432,5.920000076293945,5.920000076293945,50500,0.0,0.0
2022-10-05 00:00:00-04:00,5.889999866485596,5.96999979019165,5.869999885559082,5.960000038146973,17600,0.0,0.0
2022-10-06 00:00:00-04:00,5.960000038146973,6.070000171661377,5.889999866485596,6.050000190734863,34300,0.0,0.0
2022-10-07 00:00:00-04:00,5.960000038146973,5.985000133514404,5.885000228881836,5.929999828338623,26200,0.0,0.0
2022-10-10 00:00:00-04:00,5.909999847412109,5.909999847412109,5.78000020980835,5.809999942779541,24600,0.0,0.0
2022-10-11 00:00:00-04:00,5.789999961853027,5.849999904632568,5.684999942779541,5.71999979019165,27300,0.0,0.0
2022-10-12 00:00:00-04:00,5.690000057220459,5.710000038146973,5.599999904632568,5.659999847412109,45500,0.0,0.0
2022-10-13 00:00:00-04:00,5.599999904632568,5.840000152587891,5.550000190734863,5.800000190734863,50400,0.0,0.0
2022-10-14 00:00:00-04:00,5.760000228881836,5.925000190734863,5.760000228881836,5.880000114440918,56100,0.0,0.0
2022-10-17 00:00:00-04:00,5.940000057220459,6.059999942779541,5.900000095367432,5.909999847412109,27500,0.0,0.0
2022-10-18 00:00:00-04:00,5.960000038146973,5.96999979019165,5.889999866485596,5.920000076293945,29100,0.0,0.0
2022-10-19 00:00:00-04:00,5.869999885559082,5.989999771118164,5.869999885559082,5.880000114440918,35600,0.0,0.0
2022-10-20 00:00:00-04:00,5.869999885559082,5.949999809265137,5.75,5.75,45300,0.0,0.0
2022-10-21 00:00:00-04:00,5.699999809265137,5.889999866485596,5.699999809265137,5.849999904632568,83100,0.0,0.0
2022-10-24 00:00:00-04:00,5.840000152587891,5.96999979019165,5.800000190734863,5.929999828338623,55100,0.0,0.0
2022-10-25 00:00:00-04:00,5.929999828338623,6.289999961853027,5.909999847412109,6.230000019073486,44200,0.0,0.0
2022-10-26 00:00:00-04:00,6.252999782562256,6.690000057220459,6.252999782562256,6.670000076293945,43400,0.0,0.0
2022-10-27 00:00:00-04:00,6.71999979019165,6.71999979019165,6.449999809265137,6.710000038146973,59000,0.0,0.0
2022-10-28 00:00:00-04:00,6.679999828338623,6.710000038146973,6.440000057220459,6.489999771118164,24400,0.0,0.0
2022-10-31 00:00:00-04:00,6.420000076293945,6.599999904632568,6.389999866485596,6.550000190734863,37700,0.0,0.0
2022-11-01 00:00:00-04:00,6.599999904632568,6.715000152587891,6.5,6.670000076293945,39800,0.0,0.0
2022-11-02 00:00:00-04:00,6.5,6.625,6.400000095367432,6.570000171661377,37500,0.0,0.0
2022-11-03 00:00:00-04:00,6.519999980926514,6.809999942779541,6.519999980926514,6.78000020980835,28400,0.0,0.0
2022-11-04 00:00:00-04:00,6.920000076293945,6.920000076293945,6.78000020980835,6.829999923706055,36700,0.0,0.0
2022-11-07 00:00:00-05:00,6.900000095367432,6.960000038146973,6.880000114440918,6.929999828338623,17300,0.0,0.0
2022-11-08 00:00:00-05:00,6.925000190734863,7.0,6.849999904632568,6.929999828338623,30600,0.0,0.0
2022-11-09 00:00:00-05:00,6.849999904632568,6.960000038146973,6.763000011444092,6.940000057220459,49500,0.0,0.0
2022-11-10 00:00:00-05:00,7.050000190734863,7.150000095367432,6.809999942779541,6.820000171661377,28800,0.0,0.0
2022-11-11 00:00:00-05:00,6.960000038146973,6.960000038146973,6.800000190734863,6.829999923706055,42100,0.0,0.0
2022-11-14 00:00:00-05:00,6.809999942779541,7.110000133514404,6.789999961853027,7.070000171661377,118600,0.0,0.0
2022-11-15 00:00:00-05:00,7.150000095367432,7.25,6.822999954223633,6.989999771118164,119700,0.0,0.0
2022-11-16 00:00:00-05:00,6.900000095367432,6.920000076293945,6.78000020980835,6.920000076293945,13600,0.0,0.0
2022-11-17 00:00:00-05:00,6.840000152587891,7.010000228881836,6.829999923706055,6.949999809265137,55200,0.0,0.0
2022-11-18 00:00:00-05:00,6.940000057220459,7.0,6.860000133514404,6.860000133514404,21800,0.0,0.0
2022-11-21 00:00:00-05:00,6.869999885559082,6.960000038146973,6.78000020980835,6.920000076293945,39200,0.0,0.0
2022-11-22 00:00:00-05:00,6.929999828338623,6.929999828338623,6.809999942779541,6.920000076293945,22000,0.0,0.0
2022-11-23 00:00:00-05:00,6.949999809265137,7.210000038146973,6.829999923706055,7.199999809265137,41700,0.0,0.0
2022-11-25 00:00:00-05:00,7.190000057220459,7.190000057220459,7.110000133514404,7.119999885559082,14200,0.0,0.0
2022-11-28 00:00:00-05:00,7.119999885559082,7.199999809265137,7.014999866485596,7.190000057220459,49900,0.0,0.0
2022-11-29 00:00:00-05:00,7.159999847412109,7.440000057220459,6.679999828338623,7.320000171661377,91600,0.0,0.0
2022-11-30 00:00:00-05:00,7.28000020980835,7.369999885559082,7.21999979019165,7.340000152587891,71300,0.0,0.0
2022-12-01 00:00:00-05:00,7.329999923706055,7.420000076293945,7.329999923706055,7.380000114440918,39000,0.0,0.0
2022-12-02 00:00:00-05:00,7.340000152587891,7.429999828338623,7.289999961853027,7.400000095367432,35600,0.0,0.0
2022-12-05 00:00:00-05:00,7.409999847412109,7.409999847412109,7.010000228881836,7.150000095367432,61100,0.0,0.0
2022-12-06 00:00:00-05:00,7.190000057220459,7.190000057220459,7.005000114440918,7.090000152587891,21400,0.0,0.0
2022-12-07 00:00:00-05:00,7.090000152587891,7.099999904632568,6.96999979019165,7.050000190734863,34900,0.0,0.0
2022-12-08 00:00:00-05:00,7.110000133514404,7.199999809265137,7.074999809265137,7.139999866485596,22500,0.0,0.0
2022-12-09 00:00:00-05:00,7.099999904632568,7.239999771118164,7.03000020980835,7.139999866485596,37100,0.0,0.0
2022-12-12 00:00:00-05:00,7.179999828338623,7.28000020980835,7.074999809265137,7.260000228881836,91600,0.0,0.0
2022-12-13 00:00:00-05:00,7.360000133514404,7.360000133514404,7.179999828338623,7.190000057220459,76000,0.0,0.0
2022-12-14 00:00:00-05:00,7.21999979019165,7.380000114440918,7.159999847412109,7.25,40000,0.0,0.0
2022-12-15 00:00:00-05:00,7.210000038146973,7.289999961853027,7.130000114440918,7.170000076293945,78700,0.0,0.0
2022-12-16 00:00:00-05:00,7.21999979019165,7.289999961853027,7.050000190734863,7.21999979019165,84500,0.0,0.0
2022-12-19 00:00:00-05:00,7.25,7.340000152587891,7.119999885559082,7.340000152587891,78900,0.0,0.0
2022-12-20 00:00:00-05:00,7.340000152587891,7.710000038146973,7.199999809265137,7.630000114440918,178100,0.0,0.0
2022-12-21 00:00:00-05:00,7.699999809265137,7.710000038146973,7.550000190734863,7.559999942779541,89800,0.0,0.0
2022-12-22 00:00:00-05:00,7.570000171661377,7.570000171661377,7.210000038146973,7.300000190734863,63800,0.0,0.0
2022-12-23 00:00:00-05:00,7.349999904632568,7.480000019073486,7.230000019073486,7.449999809265137,38000,0.0,0.0
2022-12-27 00:00:00-05:00,7.400000095367432,7.605000019073486,7.360000133514404,7.590000152587891,41800,0.0,0.0
2022-12-28 00:00:00-05:00,7.53000020980835,7.559999942779541,7.409999847412109,7.449999809265137,54900,0.0,0.0
2022-12-29 00:00:00-05:00,7.5,7.670000076293945,7.480000019073486,7.619999885559082,40900,0.0,0.0
2022-12-30 00:00:00-05:00,7.619999885559082,7.730000019073486,7.526000022888184,7.559999942779541,51500,0.0,0.0
2023-01-03 00:00:00-05:00,7.539999961853027,7.619999885559082,7.414999961853027,7.550000190734863,24100,0.0,0.0
2023-01-04 00:00:00-05:00,7.610000133514404,7.710000038146973,7.550000190734863,7.659999847412109,32900,0.0,0.0
2023-01-05 00:00:00-05:00,7.619999885559082,7.710000038146973,7.559000015258789,7.690000057220459,60200,0.0,0.0
2023-01-06 00:00:00-05:00,7.710000038146973,7.820000171661377,7.699999809265137,7.820000171661377,34900,0.0,0.0
2023-01-09 00:00:00-05:00,7.789999961853027,7.961999893188477,7.599999904632568,7.849999904632568,44400,0.0,0.0
2023-01-10 00:00:00-05:00,7.889999866485596,7.949999809265137,7.599999904632568,7.599999904632568,77100,0.0,0.0
2023-01-11 00:00:00-05:00,7.599999904632568,7.900000095367432,7.599999904632568,7.679999828338623,95800,0.0,0.0
2023-01-12 00:00:00-05:00,7.789999961853027,8.25,7.789999961853027,8.180000305175781,112300,0.0,0.0
2023-01-13 00:00:00-05:00,8.199999809265137,8.199999809265137,7.599999904632568,7.869999885559082,122200,0.0,0.0
2023-01-17 00:00:00-05:00,7.940000057220459,8.0600004196167,7.849999904632568,7.980000019073486,28000,0.0,0.0
2023-01-18 00:00:00-05:00,7.949999809265137,8.100000381469727,7.75,7.769999980926514,80000,0.0,0.0
2023-01-19 00:00:00-05:00,7.739999771118164,8.079999923706055,7.730000019073486,7.860000133514404,78000,0.0,0.0
2023-01-20 00:00:00-05:00,7.820000171661377,7.914999961853027,7.769999980926514,7.880000114440918,84900,0.0,0.0
2023-01-23 00:00:00-05:00,8.020000457763672,8.100000381469727,7.795000076293945,8.100000381469727,153400,0.0,0.0
2023-01-24 00:00:00-05:00,8.109999656677246,8.40999984741211,8.050000190734863,8.369999885559082,118200,0.0,0.0
2023-01-25 00:00:00-05:00,8.380000114440918,8.430000305175781,8.210000038146973,8.380000114440918,45300,0.0,0.0
2023-01-26 00:00:00-05:00,8.380000114440918,8.399999618530273,8.109999656677246,8.199999809265137,62700,0.0,0.0
2023-01-27 00:00:00-05:00,8.220000267028809,8.40999984741211,8.15999984741211,8.270000457763672,312000,0.0,0.0
2023-01-30 00:00:00-05:00,8.34000015258789,8.472999572753906,8.107000350952148,8.34000015258789,112100,0.0,0.0
2023-01-31 00:00:00-05:00,8.430000305175781,8.65999984741211,8.239999771118164,8.489999771118164,92500,0.0,0.0
2023-02-01 00:00:00-05:00,8.550000190734863,8.720000267028809,8.5,8.710000038146973,96900,0.0,0.0
2023-02-02 00:00:00-05:00,8.65999984741211,8.770000457763672,8.479999542236328,8.59000015258789,74600,0.0,0.0
2023-02-03 00:00:00-05:00,8.579999923706055,8.579999923706055,8.265000343322754,8.279999732971191,177800,0.0,0.0
2023-02-06 00:00:00-05:00,8.34000015258789,8.420000076293945,8.180000305175781,8.1899995803833,162600,0.0,0.0
2023-02-07 00:00:00-05:00,8.15999984741211,8.425000190734863,8.0600004196167,8.40999984741211,101700,0.0,0.0
2023-02-08 00:00:00-05:00,8.460000038146973,8.520000457763672,8.359999656677246,8.420000076293945,56200,0.0,0.0
2023-02-09 00:00:00-05:00,8.420000076293945,8.760000228881836,8.420000076293945,8.5600004196167,78500,0.0,0.0
2023-02-10 00:00:00-05:00,8.600000381469727,8.774999618530273,8.390000343322754,8.420000076293945,162700,0.0,0.0
2023-02-13 00:00:00-05:00,8.300000190734863,8.529999732971191,8.210000038146973,8.279999732971191,93700,0.0,0.0
2023-02-14 00:00:00-05:00,8.199999809265137,8.5600004196167,8.199999809265137,8.510000228881836,69700,0.0,0.0
2023-02-15 00:00:00-05:00,8.463000297546387,8.78499984741211,8.430000305175781,8.760000228881836,68700,0.0,0.0
2023-02-16 00:00:00-05:00,8.649999618530273,8.899999618530273,8.640000343322754,8.850000381469727,74300,0.0,0.0
2023-02-17 00:00:00-05:00,8.859999656677246,9.140000343322754,8.789999961853027,9.100000381469727,72300,0.0,0.0
2023-02-21 00:00:00-05:00,9.09000015258789,9.109999656677246,8.890000343322754,9.0600004196167,135800,0.0,0.0
2023-02-22 00:00:00-05:00,9.0,9.050000190734863,8.73799991607666,8.829999923706055,136500,0.0,0.0
2023-02-23 00:00:00-05:00,8.829999923706055,9.020000457763672,8.789999961853027,9.0,120900,0.0,0.0
2023-02-24 00:00:00-05:00,8.880000114440918,9.079999923706055,8.880000114440918,9.0,96100,0.0,0.0
2023-02-27 00:00:00-05:00,8.979999542236328,9.210000038146973,8.970000267028809,9.210000038146973,75800,0.0,0.0
2023-02-28 00:00:00-05:00,9.15999984741211,9.3100004196167,9.0600004196167,9.220000267028809,85900,0.0,0.0
2023-03-01 00:00:00-05:00,9.229999542236328,9.40999984741211,8.920000076293945,9.0600004196167,97400,0.0,0.0
2023-03-02 00:00:00-05:00,8.90999984741211,9.135000228881836,8.859999656677246,9.0,75100,0.0,0.0
2023-03-03 00:00:00-05:00,9.229999542236328,9.229999542236328,7.559999942779541,7.900000095367432,362500,0.0,0.0
2023-03-06 00:00:00-05:00,7.849999904632568,8.369999885559082,7.508999824523926,8.350000381469727,186300,0.0,0.0
2023-03-07 00:00:00-05:00,8.34000015258789,8.819999694824219,8.1899995803833,8.789999961853027,92900,0.0,0.0
2023-03-08 00:00:00-05:00,8.75,9.123000144958496,8.670000076293945,9.069999694824219,109700,0.0,0.0
2023-03-09 00:00:00-05:00,9.09000015258789,9.229999542236328,9.0,9.199999809265137,108500,0.0,0.0
2023-03-10 00:00:00-05:00,9.199999809265137,9.25,8.970000267028809,9.199999809265137,97400,0.0,0.0
2023-03-13 00:00:00-04:00,9.109999656677246,9.3100004196167,9.109999656677246,9.220000267028809,92600,0.0,0.0
2023-03-14 00:00:00-04:00,9.239999771118164,9.390000343322754,9.199999809265137,9.34000015258789,160500,0.0,0.0
2023-03-15 00:00:00-04:00,9.220000267028809,9.350000381469727,8.970000267028809,9.210000038146973,206500,0.0,0.0
2023-03-16 00:00:00-04:00,9.220000267028809,9.760000228881836,9.029999732971191,9.739999771118164,129300,0.0,0.0
2023-03-17 00:00:00-04:00,9.630000114440918,10.0,9.579999923706055,9.84000015258789,172800,0.0,0.0
2023-03-20 00:00:00-04:00,9.720000267028809,10.0,9.6899995803833,9.989999771118164,135900,0.0,0.0
2023-03-21 00:00:00-04:00,9.90999984741211,10.140000343322754,9.739999771118164,9.84000015258789,128100,0.0,0.0
2023-03-22 00:00:00-04:00,9.8100004196167,10.109999656677246,9.579999923706055,9.949999809265137,122700,0.0,0.0
2023-03-23 00:00:00-04:00,10.029999732971191,10.239999771118164,9.960000038146973,10.140000343322754,154100,0.0,0.0
2023-03-24 00:00:00-04:00,10.180000305175781,10.289999961853027,9.970000267028809,10.199999809265137,106900,0.0,0.0
2023-03-27 00:00:00-04:00,10.199999809265137,10.319999694824219,9.520000457763672,9.710000038146973,103300,0.0,0.0
2023-03-28 00:00:00-04:00,9.720000267028809,9.789999961853027,9.350000381469727,9.380000114440918,62400,0.0,0.0
2023-03-29 00:00:00-04:00,9.319999694824219,9.520000457763672,9.220000267028809,9.359999656677246,95100,0.0,0.0
2023-03-30 00:00:00-04:00,9.329999923706055,9.524999618530273,9.279999732971191,9.430000305175781,75900,0.0,0.0
2023-03-31 00:00:00-04:00,9.489999771118164,9.760000228881836,9.34000015258789,9.65999984741211,117500,0.0,0.0
2023-04-03 00:00:00-04:00,9.699999809265137,9.869999885559082,9.65999984741211,9.84000015258789,95400,0.0,0.0
2023-04-04 00:00:00-04:00,9.850000381469727,10.024999618530273,9.8149995803833,10.020000457763672,83300,0.0,0.0
2023-04-05 00:00:00-04:00,10.0600004196167,10.0600004196167,9.609999656677246,9.850000381469727,59400,0.0,0.0
2023-04-06 00:00:00-04:00,9.819999694824219,10.1899995803833,9.800999641418457,10.069999694824219,61000,0.0,0.0
2023-04-10 00:00:00-04:00,10.050000190734863,10.539999961853027,9.970000267028809,10.369999885559082,160300,0.0,0.0
2023-04-11 00:00:00-04:00,10.460000038146973,10.5,10.069999694824219,10.170000076293945,98600,0.0,0.0
2023-04-12 00:00:00-04:00,10.199999809265137,10.210000038146973,9.994999885559082,10.09000015258789,67600,0.0,0.0
2023-04-13 00:00:00-04:00,10.109999656677246,10.319999694824219,9.9399995803833,10.25,134700,0.0,0.0
2023-04-14 00:00:00-04:00,10.25,10.449999809265137,10.1899995803833,10.329999923706055,107700,0.0,0.0
2023-04-17 00:00:00-04:00,10.449999809265137,10.449999809265137,10.210000038146973,10.350000381469727,39800,0.0,0.0
2023-04-18 00:00:00-04:00,10.3100004196167,10.579999923706055,10.210000038146973,10.4399995803833,87500,0.0,0.0
2023-04-19 00:00:00-04:00,10.479999542236328,11.149999618530273,10.380000114440918,11.0649995803833,198700,0.0,0.0
2023-04-20 00:00:00-04:00,11.079999923706055,11.5,10.859999656677246,11.489999771118164,141500,0.0,0.0
2023-04-21 00:00:00-04:00,11.5,11.880000114440918,11.430000305175781,11.770000457763672,215200,0.0,0.0
2023-04-24 00:00:00-04:00,11.859999656677246,12.010000228881836,11.149999618530273,11.59000015258789,368100,0.0,0.0
2023-04-25 00:00:00-04:00,11.59000015258789,11.59000015258789,10.350000381469727,10.5,190200,0.0,0.0
2023-04-26 00:00:00-04:00,10.5,10.800000190734863,10.359999656677246,10.720000267028809,127400,0.0,0.0
2023-04-27 00:00:00-04:00,10.84000015258789,11.0600004196167,10.699999809265137,10.899999618530273,172300,0.0,0.0
2023-04-28 00:00:00-04:00,10.819999694824219,10.899999618530273,10.484999656677246,10.850000381469727,128500,0.0,0.0
2023-05-01 00:00:00-04:00,11.020000457763672,11.270000457763672,10.760000228881836,10.770000457763672,109400,0.0,0.0
2023-05-02 00:00:00-04:00,10.770000457763672,11.0,10.699999809265137,10.850000381469727,108300,0.0,0.0
2023-05-03 00:00:00-04:00,10.899999618530273,10.949999809265137,10.406000137329102,10.699999809265137,125300,0.0,0.0
2023-05-04 00:00:00-04:00,10.729999542236328,10.789999961853027,10.430000305175781,10.520000457763672,74900,0.0,0.0
2023-05-05 00:00:00-04:00,10.470000267028809,10.739999771118164,10.4399995803833,10.699999809265137,66800,0.0,0.0
2023-05-08 00:00:00-04:00,10.710000038146973,10.9399995803833,10.40999984741211,10.789999961853027,131800,0.0,0.0
2023-05-09 00:00:00-04:00,11.0,11.0,9.699999809265137,10.494999885559082,278700,0.0,0.0
2023-05-10 00:00:00-04:00,10.390000343322754,10.760000228881836,10.390000343322754,10.649999618530273,82000,0.0,0.0
2023-05-11 00:00:00-04:00,10.550000190734863,10.699999809265137,10.3100004196167,10.380000114440918,104100,0.0,0.0
2023-05-12 00:00:00-04:00,10.34000015258789,10.520000457763672,10.279999732971191,10.380000114440918,125400,0.0,0.0
2023-05-15 00:00:00-04:00,10.380000114440918,11.079999923706055,10.380000114440918,10.795000076293945,132100,0.0,0.0
2023-05-16 00:00:00-04:00,10.789999961853027,10.789999961853027,10.0,10.329999923706055,210300,0.0,0.0
2023-05-17 00:00:00-04:00,10.329999923706055,10.710000038146973,10.329999923706055,10.460000038146973,211200,0.0,0.0
2023-05-18 00:00:00-04:00,10.470000267028809,10.59000015258789,10.199999809265137,10.279999732971191,176700,0.0,0.0
2023-05-19 00:00:00-04:00,10.180000305175781,10.630000114440918,10.180000305175781,10.59000015258789,286100,0.0,0.0
2023-05-22 00:00:00-04:00,10.59000015258789,10.680000305175781,9.829999923706055,9.880000114440918,209300,0.0,0.0
2023-05-23 00:00:00-04:00,9.880000114440918,10.024999618530273,9.65999984741211,9.75,117600,0.0,0.0
2023-05-24 00:00:00-04:00,9.75,9.795000076293945,9.520000457763672,9.649999618530273,196900,0.0,0.0
2023-05-25 00:00:00-04:00,9.6899995803833,9.789999961853027,9.550000190734863,9.630000114440918,104300,0.0,0.0
2023-05-26 00:00:00-04:00,9.585000038146973,9.670000076293945,9.329999923706055,9.359999656677246,105300,0.0,0.0
2023-05-30 00:00:00-04:00,9.34000015258789,9.545000076293945,9.289999961853027,9.470000267028809,206800,0.0,0.0
2023-05-31 00:00:00-04:00,9.489999771118164,9.75,9.34000015258789,9.529999732971191,152700,0.0,0.0
2023-06-01 00:00:00-04:00,9.5,9.890000343322754,9.460000038146973,9.859999656677246,84400,0.0,0.0
2023-06-02 00:00:00-04:00,9.930000305175781,9.960000038146973,9.779999732971191,9.800000190734863,66200,0.0,0.0
2023-06-05 00:00:00-04:00,9.739999771118164,9.979999542236328,9.739999771118164,9.8100004196167,88500,0.0,0.0
2023-06-06 00:00:00-04:00,9.869999885559082,9.979999542236328,9.760000228881836,9.970000267028809,114900,0.0,0.0
2023-06-07 00:00:00-04:00,9.949999809265137,10.020000457763672,9.819999694824219,9.84000015258789,96500,0.0,0.0
2023-06-08 00:00:00-04:00,9.869999885559082,9.869999885559082,9.359999656677246,9.59000015258789,197300,0.0,0.0
2023-06-09 00:00:00-04:00,9.510000228881836,9.869999885559082,9.510000228881836,9.720000267028809,121300,0.0,0.0
2023-06-12 00:00:00-04:00,9.649999618530273,9.890000343322754,9.649999618530273,9.850000381469727,86400,0.0,0.0
2023-06-13 00:00:00-04:00,9.994999885559082,10.170000076293945,9.90999984741211,9.90999984741211,120400,0.0,0.0
2023-06-14 00:00:00-04:00,9.890000343322754,10.354999542236328,9.859999656677246,10.1899995803833,139500,0.0,0.0
2023-06-15 00:00:00-04:00,10.1899995803833,10.34000015258789,9.770000457763672,9.819999694824219,104900,0.0,0.0
2023-06-16 00:00:00-04:00,9.829999923706055,9.850000381469727,9.069999694824219,9.239999771118164,198200,0.0,0.0
2023-06-20 00:00:00-04:00,9.140000343322754,9.265000343322754,9.0,9.229999542236328,271700,0.0,0.0
2023-06-21 00:00:00-04:00,8.869999885559082,9.869999885559082,8.869999885559082,9.710000038146973,255000,0.0,0.0
2023-06-22 00:00:00-04:00,9.6899995803833,9.829999923706055,9.15999984741211,9.600000381469727,276200,0.0,0.0
2023-06-23 00:00:00-04:00,9.319999694824219,9.600000381469727,9.0600004196167,9.199999809265137,4946900,0.0,0.0
2023-06-26 00:00:00-04:00,9.210000038146973,9.649999618530273,9.210000038146973,9.479999542236328,187400,0.0,0.0
2023-06-27 00:00:00-04:00,9.470000267028809,9.630000114440918,9.34000015258789,9.470000267028809,156800,0.0,0.0
2023-06-28 00:00:00-04:00,9.430000305175781,9.529999732971191,9.359999656677246,9.430000305175781,141300,0.0,0.0
2023-06-29 00:00:00-04:00,9.329999923706055,9.5,9.319999694824219,9.489999771118164,90700,0.0,0.0
2023-06-30 00:00:00-04:00,9.539999961853027,9.994999885559082,9.449999809265137,9.779999732971191,271100,0.0,0.0
2023-07-03 00:00:00-04:00,9.65999984741211,9.880000114440918,9.529999732971191,9.850000381469727,89100,0.0,0.0
2023-07-05 00:00:00-04:00,9.770000457763672,9.770000457763672,9.40999984741211,9.4399995803833,153800,0.0,0.0
2023-07-06 00:00:00-04:00,9.319999694824219,9.430000305175781,9.265000343322754,9.3100004196167,143300,0.0,0.0
2023-07-07 00:00:00-04:00,9.34000015258789,9.5,9.300000190734863,9.380000114440918,160700,0.0,0.0
2023-07-10 00:00:00-04:00,9.399999618530273,9.449999809265137,9.289999961853027,9.399999618530273,93300,0.0,0.0
2023-07-11 00:00:00-04:00,9.399999618530273,9.5,9.128000259399414,9.199999809265137,129500,0.0,0.0
2023-07-12 00:00:00-04:00,9.329999923706055,9.369999885559082,9.119999885559082,9.140000343322754,88600,0.0,0.0
2023-07-13 00:00:00-04:00,9.140000343322754,9.380000114440918,9.140000343322754,9.220000267028809,127200,0.0,0.0
2023-07-14 00:00:00-04:00,9.1899995803833,9.390000343322754,9.140000343322754,9.350000381469727,66300,0.0,0.0
2023-07-17 00:00:00-04:00,9.260000228881836,9.300000190734863,9.0600004196167,9.119999885559082,100500,0.0,0.0
2023-07-18 00:00:00-04:00,9.050000190734863,9.170000076293945,9.050000190734863,9.09000015258789,109300,0.0,0.0
2023-07-19 00:00:00-04:00,9.100000381469727,9.199999809265137,9.029999732971191,9.0600004196167,87900,0.0,0.0
2023-07-20 00:00:00-04:00,9.050000190734863,9.069999694824219,8.960000038146973,9.010000228881836,137700,0.0,0.0
2023-07-21 00:00:00-04:00,9.09000015258789,9.09000015258789,8.869999885559082,8.899999618530273,110400,0.0,0.0
2023-07-24 00:00:00-04:00,8.899999618530273,8.979999542236328,8.850000381469727,8.949999809265137,115000,0.0,0.0
2023-07-25 00:00:00-04:00,8.949999809265137,9.079999923706055,8.8100004196167,8.930000305175781,72500,0.0,0.0
2023-07-26 00:00:00-04:00,8.890000343322754,9.050000190734863,8.84000015258789,9.0,69400,0.0,0.0
2023-07-27 00:00:00-04:00,9.010000228881836,9.09000015258789,8.960000038146973,9.0,70300,0.0,0.0
2023-07-28 00:00:00-04:00,9.069999694824219,9.119999885559082,8.970000267028809,9.010000228881836,46200,0.0,0.0
2023-07-31 00:00:00-04:00,8.989999771118164,9.072999954223633,8.420000076293945,8.449999809265137,115300,0.0,0.0
2023-08-01 00:00:00-04:00,8.4399995803833,8.8100004196167,8.430000305175781,8.779999732971191,281400,0.0,0.0
2023-08-02 00:00:00-04:00,8.770000457763672,8.899999618530273,8.59000015258789,8.649999618530273,78900,0.0,0.0
2023-08-03 00:00:00-04:00,8.579999923706055,8.699999809265137,8.5,8.670000076293945,74800,0.0,0.0
2023-08-04 00:00:00-04:00,8.640000343322754,8.699999809265137,8.40999984741211,8.420000076293945,71000,0.0,0.0
2023-08-07 00:00:00-04:00,8.479999542236328,8.600000381469727,8.399999618530273,8.539999961853027,32500,0.0,0.0
2023-08-08 00:00:00-04:00,8.40999984741211,8.800000190734863,8.40999984741211,8.619999885559082,60200,0.0,0.0
2023-08-09 00:00:00-04:00,8.600000381469727,8.680000305175781,8.319999694824219,8.34000015258789,74000,0.0,0.0
2023-08-10 00:00:00-04:00,8.609999656677246,8.609999656677246,7.989999771118164,8.029999732971191,100300,0.0,0.0
2023-08-11 00:00:00-04:00,8.029999732971191,8.5,8.029999732971191,8.260000228881836,85200,0.0,0.0
2023-08-14 00:00:00-04:00,8.279999732971191,8.479999542236328,8.220000267028809,8.25,179200,0.0,0.0
2023-08-15 00:00:00-04:00,8.199999809265137,8.319999694824219,8.109999656677246,8.210000038146973,208800,0.0,0.0
2023-08-16 00:00:00-04:00,8.260000228881836,8.3100004196167,8.0,8.020000457763672,87400,0.0,0.0
2023-08-17 00:00:00-04:00,8.050000190734863,8.069999694824219,7.739999771118164,7.789999961853027,144100,0.0,0.0
2023-08-18 00:00:00-04:00,7.71999979019165,8.104999542236328,7.71999979019165,8.029999732971191,124600,0.0,0.0
2023-08-21 00:00:00-04:00,8.069999694824219,8.1899995803833,8.010000228881836,8.050000190734863,86900,0.0,0.0
2023-08-22 00:00:00-04:00,8.039999961853027,8.140000343322754,7.960000038146973,8.100000381469727,84000,0.0,0.0
2023-08-23 00:00:00-04:00,8.0600004196167,8.145000457763672,7.980000019073486,8.039999961853027,110600,0.0,0.0
2023-08-24 00:00:00-04:00,7.989999771118164,8.069999694824219,7.909999847412109,7.929999828338623,71100,0.0,0.0
2023-08-25 00:00:00-04:00,7.909999847412109,7.989999771118164,7.730000019073486,7.78000020980835,62300,0.0,0.0
2023-08-28 00:00:00-04:00,7.769999980926514,7.934999942779541,7.71999979019165,7.920000076293945,138000,0.0,0.0
2023-08-29 00:00:00-04:00,7.900000095367432,8.109999656677246,7.900000095367432,8.09000015258789,67900,0.0,0.0
2023-08-30 00:00:00-04:00,8.039999961853027,8.149999618530273,8.0,8.039999961853027,63000,0.0,0.0
2023-08-31 00:00:00-04:00,8.039999961853027,8.109999656677246,7.909999847412109,7.909999847412109,86100,0.0,0.0
2023-09-01 00:00:00-04:00,7.980000019073486,8.225000381469727,7.980000019073486,8.109999656677246,82300,0.0,0.0
2023-09-05 00:00:00-04:00,8.140000343322754,8.149999618530273,7.800000190734863,7.880000114440918,112300,0.0,0.0
2023-09-06 00:00:00-04:00,7.920000076293945,7.934999942779541,7.570000171661377,7.599999904632568,90000,0.0,0.0
2023-09-07 00:00:00-04:00,7.619999885559082,7.619999885559082,7.269999980926514,7.349999904632568,101000,0.0,0.0
2023-09-08 00:00:00-04:00,7.300000190734863,7.420000076293945,7.139999866485596,7.400000095367432,124900,0.0,0.0
2023-09-11 00:00:00-04:00,7.46999979019165,7.71999979019165,7.429999828338623,7.539999961853027,38000,0.0,0.0
2023-09-12 00:00:00-04:00,7.480000019073486,7.480000019073486,7.070000171661377,7.110000133514404,67700,0.0,0.0
2023-09-13 00:00:00-04:00,7.119999885559082,7.199999809265137,7.050000190734863,7.190000057220459,50600,0.0,0.0
2023-09-14 00:00:00-04:00,7.199999809265137,7.28000020980835,7.130000114440918,7.230000019073486,138000,0.0,0.0
2023-09-15 00:00:00-04:00,7.21999979019165,7.309999942779541,7.139999866485596,7.289999961853027,248800,0.0,0.0
2023-09-18 00:00:00-04:00,7.309999942779541,7.408999919891357,7.260000228881836,7.389999866485596,71100,0.0,0.0
2023-09-19 00:00:00-04:00,7.409999847412109,7.409999847412109,7.110000133514404,7.195000171661377,82600,0.0,0.0
2023-09-20 00:00:00-04:00,7.050000190734863,7.300000190734863,7.050000190734863,7.150000095367432,53300,0.0,0.0
2023-09-21 00:00:00-04:00,7.150000095367432,7.170000076293945,7.090000152587891,7.099999904632568,133600,0.0,0.0
2023-09-22 00:00:00-04:00,7.119999885559082,7.215000152587891,7.050000190734863,7.150000095367432,135000,0.0,0.0
2023-09-25 00:00:00-04:00,7.139999866485596,7.170000076293945,6.900000095367432,7.0,66800,0.0,0.0
2023-09-26 00:00:00-04:00,6.929999828338623,6.989999771118164,6.78000020980835,6.800000190734863,178000,0.0,0.0
2023-09-27 00:00:00-04:00,6.840000152587891,6.925000190734863,6.706999778747559,6.75,64800,0.0,0.0
2023-09-28 00:00:00-04:00,6.760000228881836,6.869999885559082,6.670000076293945,6.869999885559082,117100,0.0,0.0
2023-09-29 00:00:00-04:00,6.889999866485596,6.889999866485596,6.695000171661377,6.730000019073486,106200,0.0,0.0
2023-10-02 00:00:00-04:00,6.699999809265137,6.820000171661377,6.550000190734863,6.739999771118164,127700,0.0,0.0
2023-10-03 00:00:00-04:00,6.75,6.769999980926514,6.570000171661377,6.71999979019165,103400,0.0,0.0
2023-10-04 00:00:00-04:00,6.730000019073486,6.820000171661377,6.609000205993652,6.789999961853027,59700,0.0,0.0
2023-10-05 00:00:00-04:00,6.820000171661377,7.019999980926514,6.710000038146973,6.920000076293945,89800,0.0,0.0
2023-10-06 00:00:00-04:00,6.880000114440918,7.03000020980835,6.769999980926514,7.019999980926514,240600,0.0,0.0
2023-10-09 00:00:00-04:00,6.980000019073486,6.989999771118164,6.75,6.980000019073486,49200,0.0,0.0
2023-10-10 00:00:00-04:00,6.980000019073486,6.980000019073486,6.670000076293945,6.769999980926514,164200,0.0,0.0
2023-10-11 00:00:00-04:00,6.730000019073486,6.769999980926514,6.670000076293945,6.75,68000,0.0,0.0
2023-10-12 00:00:00-04:00,6.760000228881836,6.769999980926514,6.409999847412109,6.489999771118164,78200,0.0,0.0
2023-10-13 00:00:00-04:00,6.519999980926514,6.519999980926514,6.239999771118164,6.369999885559082,75700,0.0,0.0
2023-10-16 00:00:00-04:00,6.460000038146973,6.53000020980835,6.21999979019165,6.53000020980835,78100,0.0,0.0
2023-10-17 00:00:00-04:00,6.519999980926514,6.800000190734863,6.519999980926514,6.679999828338623,47500,0.0,0.0
2023-10-18 00:00:00-04:00,6.670000076293945,6.670000076293945,6.539999961853027,6.579999923706055,55900,0.0,0.0
2023-10-19 00:00:00-04:00,6.599999904632568,6.599999904632568,6.380000114440918,6.440000057220459,68700,0.0,0.0
2023-10-20 00:00:00-04:00,6.460000038146973,6.46999979019165,6.309999942779541,6.340000152587891,106800,0.0,0.0
2023-10-23 00:00:00-04:00,6.320000171661377,6.420000076293945,6.202000141143799,6.239999771118164,45000,0.0,0.0
2023-10-24 00:00:00-04:00,6.190000057220459,6.46999979019165,6.070000171661377,6.380000114440918,87000,0.0,0.0
2023-10-25 00:00:00-04:00,6.369999885559082,6.539999961853027,6.244999885559082,6.329999923706055,72600,0.0,0.0
2023-10-26 00:00:00-04:00,6.340000152587891,6.355000019073486,6.050000190734863,6.159999847412109,62400,0.0,0.0
2023-10-27 00:00:00-04:00,6.210000038146973,6.210000038146973,5.909999847412109,6.039999961853027,56600,0.0,0.0
2023-10-30 00:00:00-04:00,6.150000095367432,6.300000190734863,6.050000190734863,6.230000019073486,73900,0.0,0.0
2023-10-31 00:00:00-04:00,6.269999980926514,6.400000095367432,6.199999809265137,6.309999942779541,37800,0.0,0.0
2023-11-01 00:00:00-04:00,6.309999942779541,6.309999942779541,5.900000095367432,6.070000171661377,68200,0.0,0.0
2023-11-02 00:00:00-04:00,6.03000020980835,6.820000171661377,6.03000020980835,6.800000190734863,191900,0.0,0.0
2023-11-03 00:00:00-04:00,6.889999866485596,7.710000038146973,6.889999866485596,7.480000019073486,183900,0.0,0.0
2023-11-06 00:00:00-05:00,7.389999866485596,7.5970001220703125,7.0,7.03000020980835,53600,0.0,0.0
2023-11-07 00:00:00-05:00,7.0,7.179999828338623,6.989999771118164,7.099999904632568,121300,0.0,0.0
2023-11-08 00:00:00-05:00,6.960000038146973,7.03000020980835,6.900000095367432,6.940000057220459,56100,0.0,0.0
2023-11-09 00:00:00-05:00,7.039999961853027,7.199999809265137,6.965000152587891,7.019999980926514,107400,0.0,0.0
2023-11-10 00:00:00-05:00,7.0,7.159999847412109,6.940000057220459,7.139999866485596,155200,0.0,0.0
2023-11-13 00:00:00-05:00,7.1479997634887695,7.1479997634887695,7.0,7.059999942779541,43500,0.0,0.0
2023-11-14 00:00:00-05:00,7.239999771118164,7.380000114440918,7.026000022888184,7.380000114440918,109800,0.0,0.0
2023-11-15 00:00:00-05:00,7.429999828338623,7.619999885559082,7.199999809265137,7.239999771118164,141300,0.0,0.0
2023-11-16 00:00:00-05:00,7.230000019073486,7.389999866485596,7.130000114440918,7.380000114440918,51600,0.0,0.0
2023-11-17 00:00:00-05:00,7.5,7.869999885559082,7.489999771118164,7.670000076293945,154300,0.0,0.0
2023-11-20 00:00:00-05:00,7.730000019073486,7.730000019073486,7.449999809265137,7.699999809265137,98300,0.0,0.0
2023-11-21 00:00:00-05:00,7.690000057220459,7.929999828338623,7.690000057220459,7.820000171661377,68900,0.0,0.0
2023-11-22 00:00:00-05:00,7.929999828338623,7.929999828338623,7.681000232696533,7.820000171661377,36500,0.0,0.0
2023-11-24 00:00:00-05:00,7.880000114440918,8.020000457763672,7.880000114440918,7.980000019073486,15500,0.0,0.0
2023-11-27 00:00:00-05:00,7.940000057220459,8.069999694824219,7.869999885559082,8.020000457763672,88000,0.0,0.0
2023-11-28 00:00:00-05:00,7.980000019073486,8.305000305175781,7.960000038146973,8.220000267028809,101400,0.0,0.0
2023-11-29 00:00:00-05:00,8.300000190734863,8.460000038146973,8.010000228881836,8.079999923706055,47000,0.0,0.0
2023-11-30 00:00:00-05:00,8.140000343322754,8.140000343322754,7.739999771118164,7.769999980926514,66900,0.0,0.0
2023-12-01 00:00:00-05:00,7.699999809265137,7.730000019073486,7.539999961853027,7.659999847412109,108000,0.0,0.0
2023-12-04 00:00:00-05:00,7.690000057220459,7.900000095367432,7.630000114440918,7.78000020980835,53800,0.0,0.0
2023-12-05 00:00:00-05:00,7.75,8.020000457763672,7.695000171661377,7.949999809265137,46100,0.0,0.0
2023-12-06 00:00:00-05:00,8.0600004196167,8.4399995803833,7.929999828338623,8.399999618530273,74400,0.0,0.0
2023-12-07 00:00:00-05:00,8.489999771118164,8.604999542236328,7.889999866485596,8.050000190734863,80400,0.0,0.0
2023-12-08 00:00:00-05:00,8.020000457763672,8.210000038146973,7.920000076293945,8.029999732971191,66200,0.0,0.0
2023-12-11 00:00:00-05:00,8.079999923706055,8.079999923706055,7.670000076293945,7.849999904632568,264500,0.0,0.0
2023-12-12 00:00:00-05:00,7.929999828338623,7.949999809265137,7.550000190734863,7.579999923706055,80400,0.0,0.0
2023-12-13 00:00:00-05:00,7.599999904632568,7.650000095367432,7.0,7.429999828338623,270300,0.0,0.0
2023-12-14 00:00:00-05:00,7.46999979019165,7.659999847412109,7.28000020980835,7.599999904632568,169800,0.0,0.0
2023-12-15 00:00:00-05:00,7.75,7.75,7.46999979019165,7.46999979019165,220900,0.0,0.0
2023-12-18 00:00:00-05:00,7.480000019073486,7.849999904632568,7.480000019073486,7.789999961853027,165300,0.0,0.0
2023-12-19 00:00:00-05:00,7.909999847412109,7.909999847412109,7.650000095367432,7.849999904632568,123400,0.0,0.0
2023-12-20 00:00:00-05:00,7.880000114440918,7.954999923706055,7.63100004196167,7.699999809265137,159100,0.0,0.0
2023-12-21 00:00:00-05:00,7.800000190734863,7.989999771118164,7.650000095367432,7.880000114440918,129600,0.0,0.0
2023-12-22 00:00:00-05:00,7.920000076293945,8.34000015258789,7.849999904632568,8.100000381469727,93600,0.0,0.0
2023-12-26 00:00:00-05:00,8.09000015258789,8.609999656677246,8.086999893188477,8.449999809265137,86600,0.0,0.0
2023-12-27 00:00:00-05:00,8.520000457763672,8.520000457763672,8.109999656677246,8.15999984741211,72200,0.0,0.0
2023-12-28 00:00:00-05:00,8.149999618530273,8.170000076293945,7.869999885559082,8.0,100100,0.0,0.0
2023-12-29 00:00:00-05:00,8.0,8.050000190734863,7.820000171661377,7.849999904632568,107000,0.0,0.0
2024-01-02 00:00:00-05:00,7.849999904632568,8.039999961853027,7.769999980926514,7.989999771118164,222100,0.0,0.0
2024-01-03 00:00:00-05:00,7.96999979019165,8.0600004196167,7.690000057220459,7.699999809265137,82200,0.0,0.0
2024-01-04 00:00:00-05:00,7.760000228881836,7.760000228881836,7.46999979019165,7.489999771118164,146900,0.0,0.0
2024-01-05 00:00:00-05:00,7.519999980926514,7.53000020980835,7.300000190734863,7.340000152587891,101700,0.0,0.0
2024-01-08 00:00:00-05:00,7.349999904632568,7.369999885559082,7.260000228881836,7.289999961853027,190500,0.0,0.0
2024-01-09 00:00:00-05:00,7.420000076293945,7.760000228881836,7.116000175476074,7.630000114440918,346200,0.0,0.0
2024-01-10 00:00:00-05:00,7.610000133514404,7.929999828338623,7.349999904632568,7.929999828338623,88900,0.0,0.0
2024-01-11 00:00:00-05:00,7.889999866485596,7.889999866485596,7.610000133514404,7.650000095367432,64000,0.0,0.0
2024-01-12 00:00:00-05:00,7.760000228881836,7.849999904632568,7.599999904632568,7.760000228881836,52400,0.0,0.0
2024-01-16 00:00:00-05:00,7.650000095367432,7.679999828338623,7.260000228881836,7.309999942779541,133800,0.0,0.0
2024-01-17 00:00:00-05:00,7.260000228881836,7.449999809265137,7.260000228881836,7.389999866485596,76800,0.0,0.0
2024-01-18 00:00:00-05:00,7.389999866485596,7.630000114440918,7.364999771118164,7.619999885559082,114500,0.0,0.0
2024-01-19 00:00:00-05:00,7.679999828338623,7.769999980926514,7.5,7.739999771118164,103600,0.0,0.0
2024-01-22 00:00:00-05:00,7.739999771118164,8.260000228881836,7.739999771118164,8.25,146500,0.0,0.0
2024-01-23 00:00:00-05:00,8.34000015258789,8.399999618530273,8.220000267028809,8.359999656677246,107600,0.0,0.0
2024-01-24 00:00:00-05:00,8.380000114440918,8.5600004196167,8.300000190734863,8.350000381469727,116200,0.0,0.0
2024-01-25 00:00:00-05:00,8.4399995803833,8.569999694824219,8.319999694824219,8.529999732971191,94900,0.0,0.0
2024-01-26 00:00:00-05:00,8.619999885559082,8.649999618530273,8.359999656677246,8.390000343322754,136100,0.0,0.0
2024-01-29 00:00:00-05:00,8.399999618530273,8.6899995803833,8.100000381469727,8.15999984741211,140600,0.0,0.0
2024-01-30 00:00:00-05:00,8.149999618530273,8.1899995803833,7.934999942779541,7.960000038146973,88000,0.0,0.0
2024-01-31 00:00:00-05:00,7.989999771118164,8.564000129699707,7.985000133514404,8.119999885559082,239400,0.0,0.0
2024-02-01 00:00:00-05:00,8.170000076293945,8.260000228881836,8.0,8.260000228881836,101800,0.0,0.0
2024-02-02 00:00:00-05:00,8.149999618530273,8.300000190734863,8.149999618530273,8.149999618530273,47300,0.0,0.0
2024-02-05 00:00:00-05:00,8.149999618530273,8.404999732971191,8.069999694824219,8.229999542236328,134400,0.0,0.0
2024-02-06 00:00:00-05:00,8.210000038146973,8.569999694824219,8.210000038146973,8.510000228881836,99500,0.0,0.0
2024-02-07 00:00:00-05:00,8.520000457763672,8.520000457763672,8.25100040435791,8.40999984741211,69400,0.0,0.0
2024-02-08 00:00:00-05:00,8.399999618530273,8.59000015258789,8.375,8.550000190734863,59100,0.0,0.0
2024-02-09 00:00:00-05:00,8.529999732971191,8.954999923706055,8.529999732971191,8.930000305175781,151800,0.0,0.0
2024-02-12 00:00:00-05:00,8.930000305175781,9.020000457763672,8.835000038146973,8.979999542236328,122400,0.0,0.0
2024-02-13 00:00:00-05:00,8.819999694824219,8.960000038146973,8.329999923706055,8.380000114440918,110700,0.0,0.0
2024-02-14 00:00:00-05:00,8.520000457763672,8.621999740600586,8.399999618530273,8.529999732971191,80700,0.0,0.0
2024-02-15 00:00:00-05:00,8.569999694824219,8.880000114440918,8.460000038146973,8.869999885559082,107400,0.0,0.0
2024-02-16 00:00:00-05:00,8.850000381469727,8.869999885559082,8.583000183105469,8.65999984741211,96500,0.0,0.0
2024-02-20 00:00:00-05:00,8.65999984741211,8.65999984741211,8.430000305175781,8.460000038146973,76800,0.0,0.0
2024-02-21 00:00:00-05:00,8.40999984741211,8.470000267028809,8.260000228881836,8.359999656677246,88900,0.0,0.0
2024-02-22 00:00:00-05:00,8.359999656677246,8.430000305175781,7.960000038146973,8.199999809265137,161900,0.0,0.0
2024-02-23 00:00:00-05:00,8.210000038146973,8.65999984741211,8.210000038146973,8.59000015258789,99800,0.0,0.0
2024-02-26 00:00:00-05:00,8.579999923706055,8.899999618530273,8.539999961853027,8.760000228881836,135100,0.0,0.0
2024-02-27 00:00:00-05:00,8.859999656677246,8.881999969482422,8.579999923706055,8.609999656677246,44700,0.0,0.0
2024-02-28 00:00:00-05:00,8.550000190734863,8.649999618530273,8.399999618530273,8.5,90000,0.0,0.0
2024-02-29 00:00:00-05:00,8.65999984741211,8.670000076293945,8.399999618530273,8.460000038146973,77200,0.0,0.0
2024-03-01 00:00:00-05:00,8.510000228881836,8.835000038146973,8.470000267028809,8.569999694824219,90500,0.0,0.0
2024-03-04 00:00:00-05:00,8.640000343322754,9.40999984741211,8.640000343322754,9.180000305175781,380000,0.0,0.0
2024-03-05 00:00:00-05:00,9.109999656677246,9.369999885559082,8.920000076293945,9.130000114440918,281700,0.0,0.0
2024-03-06 00:00:00-05:00,9.170000076293945,9.550000190734863,9.170000076293945,9.380000114440918,212400,0.0,0.0
2024-03-07 00:00:00-05:00,9.5600004196167,10.020000457763672,9.300000190734863,9.989999771118164,221900,0.0,0.0
2024-03-08 00:00:00-05:00,9.960000038146973,10.4399995803833,9.640999794006348,9.90999984741211,187400,0.0,0.0
2024-03-11 00:00:00-04:00,9.770000457763672,10.0,9.039999961853027,9.34000015258789,278600,0.0,0.0
2024-03-12 00:00:00-04:00,9.239999771118164,9.520000457763672,9.1899995803833,9.479999542236328,172100,0.0,0.0
2024-03-13 00:00:00-04:00,9.470000267028809,9.569999694824219,9.3100004196167,9.479999542236328,135700,0.0,0.0
2024-03-14 00:00:00-04:00,9.460000038146973,9.470000267028809,9.229999542236328,9.319999694824219,164800,0.0,0.0
2024-03-15 00:00:00-04:00,9.229999542236328,9.65999984741211,9.149999618530273,9.600000381469727,2403400,0.0,0.0
2024-03-18 00:00:00-04:00,9.65999984741211,9.850000381469727,9.430000305175781,9.5600004196167,242400,0.0,0.0
2024-03-19 00:00:00-04:00,9.539999961853027,9.670000076293945,9.350000381469727,9.420000076293945,115000,0.0,0.0
2024-03-20 00:00:00-04:00,9.369999885559082,9.5600004196167,9.289999961853027,9.4399995803833,148000,0.0,0.0
2024-03-21 00:00:00-04:00,9.470000267028809,9.699999809265137,9.4399995803833,9.489999771118164,101000,0.0,0.0
2024-03-22 00:00:00-04:00,9.539999961853027,9.539999961853027,9.112000465393066,9.149999618530273,124600,0.0,0.0
2024-03-25 00:00:00-04:00,9.09000015258789,9.25,8.800000190734863,9.069999694824219,157500,0.0,0.0
2024-03-26 00:00:00-04:00,9.140000343322754,9.239999771118164,9.076000213623047,9.09000015258789,94500,0.0,0.0
2024-03-27 00:00:00-04:00,9.149999618530273,9.470000267028809,9.149999618530273,9.380000114440918,174500,0.0,0.0
2024-03-28 00:00:00-04:00,9.4399995803833,9.699999809265137,9.399999618530273,9.430000305175781,181300,0.0,0.0
2024-04-01 00:00:00-04:00,9.430000305175781,9.430000305175781,9.260000228881836,9.380000114440918,187200,0.0,0.0
2024-04-02 00:00:00-04:00,9.34000015258789,9.34000015258789,8.829999923706055,8.84000015258789,88400,0.0,0.0
2024-04-03 00:00:00-04:00,8.8100004196167,9.0600004196167,8.8100004196167,8.949999809265137,81500,0.0,0.0
2024-04-04 00:00:00-04:00,9.020000457763672,9.135000228881836,8.859999656677246,8.890000343322754,102000,0.0,0.0
2024-04-05 00:00:00-04:00,8.850000381469727,8.869999885559082,8.449999809265137,8.5,84500,0.0,0.0
2024-04-08 00:00:00-04:00,8.520000457763672,8.529999732971191,8.359999656677246,8.5,83200,0.0,0.0
2024-04-09 00:00:00-04:00,8.529999732971191,8.640000343322754,8.359999656677246,8.380000114440918,75400,0.0,0.0
2024-04-10 00:00:00-04:00,8.15999984741211,8.229999542236328,7.980000019073486,8.020000457763672,118300,0.0,0.0
2024-04-11 00:00:00-04:00,8.039999961853027,8.350000381469727,8.039999961853027,8.25,123100,0.0,0.0
2024-04-12 00:00:00-04:00,8.1899995803833,8.239999771118164,8.024999618530273,8.180000305175781,108000,0.0,0.0
2024-04-15 00:00:00-04:00,8.180000305175781,8.229999542236328,8.039999961853027,8.140000343322754,100600,0.0,0.0
2024-04-16 00:00:00-04:00,8.130000114440918,8.350000381469727,8.029999732971191,8.260000228881836,93200,0.0,0.0
2024-04-17 00:00:00-04:00,8.180000305175781,8.329999923706055,7.809999942779541,7.820000171661377,81800,0.0,0.0
2024-04-18 00:00:00-04:00,7.829999923706055,7.960000038146973,7.679999828338623,7.800000190734863,129700,0.0,0.0
2024-04-19 00:00:00-04:00,7.75,7.989999771118164,7.739999771118164,7.880000114440918,120700,0.0,0.0
2024-04-22 00:00:00-04:00,7.900000095367432,7.96999979019165,7.809999942779541,7.840000152587891,89100,0.0,0.0
2024-04-23 00:00:00-04:00,7.829999923706055,8.234999656677246,7.829999923706055,8.0600004196167,136400,0.0,0.0
2024-04-24 00:00:00-04:00,8.0,8.164999961853027,7.965000152587891,8.09000015258789,139300,0.0,0.0
2024-04-25 00:00:00-04:00,8.0,8.069999694824219,7.940000057220459,8.010000228881836,75100,0.0,0.0
2024-04-26 00:00:00-04:00,7.889999866485596,8.3100004196167,7.840000152587891,8.3100004196167,56400,0.0,0.0
2024-04-29 00:00:00-04:00,8.390000343322754,8.399999618530273,8.210000038146973,8.220000267028809,136500,0.0,0.0
2024-04-30 00:00:00-04:00,8.25,8.34000015258789,8.119999885559082,8.1899995803833,100900,0.0,0.0
2024-05-01 00:00:00-04:00,8.220000267028809,8.5,8.170000076293945,8.350000381469727,87300,0.0,0.0
2024-05-02 00:00:00-04:00,8.390000343322754,8.430000305175781,8.119999885559082,8.1899995803833,92500,0.0,0.0
2024-05-03 00:00:00-04:00,8.3100004196167,8.310999870300293,8.029999732971191,8.180000305175781,101700,0.0,0.0
2024-05-06 00:00:00-04:00,8.180000305175781,8.244999885559082,8.079999923706055,8.220000267028809,108900,0.0,0.0
2024-05-07 00:00:00-04:00,8.199999809265137,8.199999809265137,7.599999904632568,7.659999847412109,179400,0.0,0.0
2024-05-08 00:00:00-04:00,7.590000152587891,7.730000019073486,7.25,7.269999980926514,146800,0.0,0.0
2024-05-09 00:00:00-04:00,7.269999980926514,7.329999923706055,7.050000190734863,7.130000114440918,111500,0.0,0.0
2024-05-10 00:00:00-04:00,7.130000114440918,7.255000114440918,6.920000076293945,7.144999980926514,300700,0.0,0.0
2024-05-13 00:00:00-04:00,7.139999866485596,7.329999923706055,6.900000095367432,7.050000190734863,266300,0.0,0.0
2024-05-14 00:00:00-04:00,7.079999923706055,7.099999904632568,6.690000057220459,6.699999809265137,205400,0.0,0.0
2024-05-15 00:00:00-04:00,6.769999980926514,7.0,6.679999828338623,6.920000076293945,264700,0.0,0.0
2024-05-16 00:00:00-04:00,6.96999979019165,7.144999980926514,6.965000152587891,7.070000171661377,217400,0.0,0.0
2024-05-17 00:00:00-04:00,7.099999904632568,7.183000087738037,7.059999942779541,7.110000133514404,181500,0.0,0.0
2024-05-20 00:00:00-04:00,7.099999904632568,7.130000114440918,7.070000171661377,7.099999904632568,177300,0.0,0.0
2024-05-21 00:00:00-04:00,7.090000152587891,7.170000076293945,6.929999828338623,7.03000020980835,311500,0.0,0.0
2024-05-22 00:00:00-04:00,7.03000020980835,7.099999904632568,6.949999809265137,7.03000020980835,123200,0.0,0.0
2024-05-23 00:00:00-04:00,7.070000171661377,7.070000171661377,6.800000190734863,6.900000095367432,119900,0.0,0.0
2024-05-24 00:00:00-04:00,6.889999866485596,7.139999866485596,6.880000114440918,7.059999942779541,223700,0.0,0.0
2024-05-28 00:00:00-04:00,7.119999885559082,7.230000019073486,6.949999809265137,7.099999904632568,289600,0.0,0.0
2024-05-29 00:00:00-04:00,7.070000171661377,7.150000095367432,6.989999771118164,7.019999980926514,120700,0.0,0.0
2024-05-30 00:00:00-04:00,7.059999942779541,7.21999979019165,7.059999942779541,7.199999809265137,85400,0.0,0.0
2024-05-31 00:00:00-04:00,7.230000019073486,7.449999809265137,7.22599983215332,7.409999847412109,283400,0.0,0.0
2024-06-03 00:00:00-04:00,7.440000057220459,7.630000114440918,7.349999904632568,7.480000019073486,189300,0.0,0.0
2024-06-04 00:00:00-04:00,7.440000057220459,7.440000057220459,7.269999980926514,7.380000114440918,100100,0.0,0.0
2024-06-05 00:00:00-04:00,7.409999847412109,7.579999923706055,7.364999771118164,7.550000190734863,99100,0.0,0.0
2024-06-06 00:00:00-04:00,7.5,7.550000190734863,7.349999904632568,7.369999885559082,126800,0.0,0.0
2024-06-07 00:00:00-04:00,7.320000171661377,7.409999847412109,7.199999809265137,7.199999809265137,149000,0.0,0.0
2024-06-10 00:00:00-04:00,7.150000095367432,7.21999979019165,7.099999904632568,7.119999885559082,129600,0.0,0.0
2024-06-11 00:00:00-04:00,7.099999904632568,7.150000095367432,7.0,7.099999904632568,132300,0.0,0.0
2024-06-12 00:00:00-04:00,7.25,7.449999809265137,7.199999809265137,7.329999923706055,172200,0.0,0.0
2024-06-13 00:00:00-04:00,7.300000190734863,7.300000190734863,7.079999923706055,7.139999866485596,63500,0.0,0.0
2024-06-14 00:00:00-04:00,7.03000020980835,7.099999904632568,6.965000152587891,7.0,128400,0.0,0.0
2024-06-17 00:00:00-04:00,6.980000019073486,7.0,6.835000038146973,6.860000133514404,102800,0.0,0.0
2024-06-18 00:00:00-04:00,6.860000133514404,6.86899995803833,6.599999904632568,6.610000133514404,84300,0.0,0.0
2024-06-20 00:00:00-04:00,6.599999904632568,6.659999847412109,6.460000038146973,6.510000228881836,112900,0.0,0.0
2024-06-21 00:00:00-04:00,6.570000171661377,6.650000095367432,6.519999980926514,6.599999904632568,215800,0.0,0.0
2024-06-24 00:00:00-04:00,6.5,6.659999847412109,6.380000114440918,6.400000095367432,188600,0.0,0.0
2024-06-25 00:00:00-04:00,6.360000133514404,6.829999923706055,6.309999942779541,6.320000171661377,102400,0.0,0.0
2024-06-26 00:00:00-04:00,6.309999942779541,6.389999866485596,6.214000225067139,6.380000114440918,240500,0.0,0.0
2024-06-27 00:00:00-04:00,6.409999847412109,6.510000228881836,6.340000152587891,6.46999979019165,157100,0.0,0.0
2024-06-28 00:00:00-04:00,6.550000190734863,6.739999771118164,6.400000095367432,6.550000190734863,492900,0.0,0.0
2024-07-01 00:00:00-04:00,6.559999942779541,6.559999942779541,6.360000133514404,6.400000095367432,81500,0.0,0.0
2024-07-02 00:00:00-04:00,6.400000095367432,6.579999923706055,6.380000114440918,6.550000190734863,66800,0.0,0.0
2024-07-03 00:00:00-04:00,6.570000171661377,6.630000114440918,6.510000228881836,6.599999904632568,25500,0.0,0.0
2024-07-05 00:00:00-04:00,6.559999942779541,6.559999942779541,6.320000171661377,6.400000095367432,214200,0.0,0.0
2024-07-08 00:00:00-04:00,6.46999979019165,6.570000171661377,6.360000133514404,6.360000133514404,135200,0.0,0.0
2024-07-09 00:00:00-04:00,6.360000133514404,6.369999885559082,6.269999980926514,6.300000190734863,62200,0.0,0.0
2024-07-10 00:00:00-04:00,6.329999923706055,6.400000095367432,6.275000095367432,6.360000133514404,104200,0.0,0.0
2024-07-11 00:00:00-04:00,6.539999961853027,6.610000133514404,6.429999828338623,6.579999923706055,149400,0.0,0.0
2024-07-12 00:00:00-04:00,6.690000057220459,6.78000020980835,6.570000171661377,6.690000057220459,159100,0.0,0.0
2024-07-15 00:00:00-04:00,6.760000228881836,6.920000076293945,6.730000019073486,6.829999923706055,172400,0.0,0.0
2024-07-16 00:00:00-04:00,6.909999847412109,7.230000019073486,6.889999866485596,7.210000038146973,166400,0.0,0.0
2024-07-17 00:00:00-04:00,7.179999828338623,7.28000020980835,7.070000171661377,7.190000057220459,126400,0.0,0.0
2024-07-18 00:00:00-04:00,7.159999847412109,7.300000190734863,7.039999961853027,7.090000152587891,145800,0.0,0.0
2024-07-19 00:00:00-04:00,7.110000133514404,7.239999771118164,6.804999828338623,6.809999942779541,62600,0.0,0.0
2024-07-22 00:00:00-04:00,6.78000020980835,7.119999885559082,6.78000020980835,7.079999923706055,91700,0.0,0.0
2024-07-23 00:00:00-04:00,6.989999771118164,7.510000228881836,6.949999809265137,7.489999771118164,249000,0.0,0.0
2024-07-24 00:00:00-04:00,7.489999771118164,7.545000076293945,7.300000190734863,7.360000133514404,101100,0.0,0.0
2024-07-25 00:00:00-04:00,7.369999885559082,7.71999979019165,7.369999885559082,7.570000171661377,115200,0.0,0.0
2024-07-26 00:00:00-04:00,7.690000057220459,7.690000057220459,7.309999942779541,7.420000076293945,101700,0.0,0.0
2024-07-29 00:00:00-04:00,7.429999828338623,7.429999828338623,7.159999847412109,7.190000057220459,77100,0.0,0.0
2024-07-30 00:00:00-04:00,7.230000019073486,7.26200008392334,7.130000114440918,7.150000095367432,92100,0.0,0.0
2024-07-31 00:00:00-04:00,7.21999979019165,7.349999904632568,7.03000020980835,7.210000038146973,135200,0.0,0.0
2024-08-01 00:00:00-04:00,7.210000038146973,7.329999923706055,6.849999904632568,6.860000133514404,111200,0.0,0.0
2024-08-02 00:00:00-04:00,6.650000095367432,6.940000057220459,6.535999774932861,6.900000095367432,128400,0.0,0.0
2024-08-05 00:00:00-04:00,6.639999866485596,6.769999980926514,6.53000020980835,6.630000114440918,141000,0.0,0.0
2024-08-06 00:00:00-04:00,6.639999866485596,6.840000152587891,6.559999942779541,6.760000228881836,70500,0.0,0.0
2024-08-07 00:00:00-04:00,6.809999942779541,6.809999942779541,6.46999979019165,6.53000020980835,100500,0.0,0.0
2024-08-08 00:00:00-04:00,6.400000095367432,7.199999809265137,6.400000095367432,7.179999828338623,152500,0.0,0.0
2024-08-09 00:00:00-04:00,7.179999828338623,7.400000095367432,7.139999866485596,7.260000228881836,67400,0.0,0.0
2024-08-12 00:00:00-04:00,7.260000228881836,7.260000228881836,7.03000020980835,7.059999942779541,117800,0.0,0.0
2024-08-13 00:00:00-04:00,7.070000171661377,7.199999809265137,7.019999980926514,7.090000152587891,83200,0.0,0.0
2024-08-14 00:00:00-04:00,7.090000152587891,7.130000114440918,7.0,7.090000152587891,53500,0.0,0.0
2024-08-15 00:00:00-04:00,7.090000152587891,7.329999923706055,7.090000152587891,7.199999809265137,209600,0.0,0.0
2024-08-16 00:00:00-04:00,7.199999809265137,7.550000190734863,7.130000114440918,7.440000057220459,205300,0.0,0.0
2024-08-19 00:00:00-04:00,7.440000057220459,7.480000019073486,7.190000057220459,7.309999942779541,42500,0.0,0.0
2024-08-20 00:00:00-04:00,7.289999961853027,7.449999809265137,7.25,7.380000114440918,60600,0.0,0.0
2024-08-21 00:00:00-04:00,7.429999828338623,7.429999828338623,7.099999904632568,7.150000095367432,66900,0.0,0.0
2024-08-22 00:00:00-04:00,7.170000076293945,7.239999771118164,7.067999839782715,7.21999979019165,77700,0.0,0.0
2024-08-23 00:00:00-04:00,7.28000020980835,7.519999980926514,7.190000057220459,7.389999866485596,71500,0.0,0.0
2024-08-26 00:00:00-04:00,7.5,7.5,7.25,7.340000152587891,66400,0.0,0.0
2024-08-27 00:00:00-04:00,7.289999961853027,7.440000057220459,7.25,7.389999866485596,81300,0.0,0.0
2024-08-28 00:00:00-04:00,7.360000133514404,7.429999828338623,7.260000228881836,7.420000076293945,41700,0.0,0.0
2024-08-29 00:00:00-04:00,7.480000019073486,7.554999828338623,7.409999847412109,7.429999828338623,53500,0.0,0.0
2024-08-30 00:00:00-04:00,7.5,7.619999885559082,7.400000095367432,7.599999904632568,64100,0.0,0.0
2024-09-03 00:00:00-04:00,7.519999980926514,7.590000152587891,7.284999847412109,7.389999866485596,66000,0.0,0.0
2024-09-04 00:00:00-04:00,7.179999828338623,7.769999980926514,7.179999828338623,7.53000020980835,262300,0.0,0.0
2024-09-05 00:00:00-04:00,7.53000020980835,7.60699987411499,7.449999809265137,7.590000152587891,138200,0.0,0.0
2024-09-06 00:00:00-04:00,7.590000152587891,7.590000152587891,7.28000020980835,7.329999923706055,292200,0.0,0.0
2024-09-09 00:00:00-04:00,7.329999923706055,7.46999979019165,7.269999980926514,7.400000095367432,57400,0.0,0.0
2024-09-10 00:00:00-04:00,7.360000133514404,7.360000133514404,7.179999828338623,7.329999923706055,66000,0.0,0.0
2024-09-11 00:00:00-04:00,7.28000020980835,7.360000133514404,7.184999942779541,7.349999904632568,32900,0.0,0.0
2024-09-12 00:00:00-04:00,7.349999904632568,7.5,7.284999847412109,7.46999979019165,54600,0.0,0.0
2024-09-13 00:00:00-04:00,7.5,7.619999885559082,7.460000038146973,7.590000152587891,141300,0.0,0.0
2024-09-16 00:00:00-04:00,7.599999904632568,7.630000114440918,7.409999847412109,7.429999828338623,64000,0.0,0.0
2024-09-17 00:00:00-04:00,7.5,7.659999847412109,7.456999778747559,7.599999904632568,174000,0.0,0.0
2024-09-18 00:00:00-04:00,7.5,7.545000076293945,7.369999885559082,7.389999866485596,83700,0.0,0.0
2024-09-19 00:00:00-04:00,7.5,7.510000228881836,7.389999866485596,7.460000038146973,56500,0.0,0.0
2024-09-20 00:00:00-04:00,7.460000038146973,7.46999979019165,7.320000171661377,7.329999923706055,219600,0.0,0.0
2024-09-23 00:00:00-04:00,7.380000114440918,7.454999923706055,7.304999828338623,7.309999942779541,51800,0.0,0.0
2024-09-24 00:00:00-04:00,7.289999961853027,7.320000171661377,7.144999980926514,7.25,68300,0.0,0.0
2024-09-25 00:00:00-04:00,7.260000228881836,7.340000152587891,7.099999904632568,7.110000133514404,128000,0.0,0.0
2024-09-26 00:00:00-04:00,7.179999828338623,7.329999923706055,7.179999828338623,7.239999771118164,321300,0.0,0.0
2024-09-27 00:00:00-04:00,7.300000190734863,7.364999771118164,7.239999771118164,7.289999961853027,78800,0.0,0.0
2024-09-30 00:00:00-04:00,7.230000019073486,7.385000228881836,7.210000038146973,7.329999923706055,133300,0.0,0.0
2024-10-01 00:00:00-04:00,7.349999904632568,7.440000057220459,7.199999809265137,7.429999828338623,543000,0.0,0.0
2024-10-02 00:00:00-04:00,7.400000095367432,8.020000457763672,7.400000095367432,7.96999979019165,330100,0.0,0.0
2024-10-03 00:00:00-04:00,7.96999979019165,8.319999694824219,7.909999847412109,8.15999984741211,156200,0.0,0.0
2024-10-04 00:00:00-04:00,8.239999771118164,8.449999809265137,8.239999771118164,8.354999542236328,144400,0.0,0.0
2024-10-07 00:00:00-04:00,8.350000381469727,8.550000190734863,8.225000381469727,8.479999542236328,182300,0.0,0.0
2024-10-08 00:00:00-04:00,8.470000267028809,8.680000305175781,8.390000343322754,8.4399995803833,93200,0.0,0.0
2024-10-09 00:00:00-04:00,8.420000076293945,8.609999656677246,8.364999771118164,8.5,121200,0.0,0.0
2024-10-10 00:00:00-04:00,8.399999618530273,8.569999694824219,8.15999984741211,8.550000190734863,129300,0.0,0.0
2024-10-11 00:00:00-04:00,8.539999961853027,8.800000190734863,8.529999732971191,8.770000457763672,215100,0.0,0.0
2024-10-14 00:00:00-04:00,8.760000228881836,8.963000297546387,8.677000045776367,8.720000267028809,145000,0.0,0.0
2024-10-15 00:00:00-04:00,8.710000038146973,8.890000343322754,8.550000190734863,8.789999961853027,92800,0.0,0.0
2024-10-16 00:00:00-04:00,8.850000381469727,9.180000305175781,8.835000038146973,9.079999923706055,128500,0.0,0.0
2024-10-17 00:00:00-04:00,9.09000015258789,9.350000381469727,8.960000038146973,9.210000038146973,115200,0.0,0.0
2024-10-18 00:00:00-04:00,9.260000228881836,9.305000305175781,9.109999656677246,9.1899995803833,108400,0.0,0.0
2024-10-21 00:00:00-04:00,9.1899995803833,9.239999771118164,9.005000114440918,9.220000267028809,121200,0.0,0.0
2024-10-22 00:00:00-04:00,9.1899995803833,9.3100004196167,9.1850004196167,9.289999961853027,69200,0.0,0.0
2024-10-23 00:00:00-04:00,9.25,9.3100004196167,9.199999809265137,9.279999732971191,100600,0.0,0.0
2024-10-24 00:00:00-04:00,9.289999961853027,9.479999542236328,9.25,9.260000228881836,109700,0.0,0.0
2024-10-25 00:00:00-04:00,9.329999923706055,9.364999771118164,9.1899995803833,9.239999771118164,89100,0.0,0.0
2024-10-28 00:00:00-04:00,9.300000190734863,9.369999885559082,9.0,9.09000015258789,178900,0.0,0.0
2024-10-29 00:00:00-04:00,9.020000457763672,9.175000190734863,8.902999877929688,9.050000190734863,129100,0.0,0.0
2024-10-30 00:00:00-04:00,9.020000457763672,9.170000076293945,8.819999694824219,8.880000114440918,214800,0.0,0.0
2024-10-31 00:00:00-04:00,8.880000114440918,8.880000114440918,8.550000190734863,8.550000190734863,170300,0.0,0.0
2024-11-01 00:00:00-04:00,8.609999656677246,8.739999771118164,8.5600004196167,8.609999656677246,66600,0.0,0.0
2024-11-04 00:00:00-05:00,8.579999923706055,8.699999809265137,8.489999771118164,8.529999732971191,101700,0.0,0.0
2024-11-05 00:00:00-05:00,8.5,8.84000015258789,8.4399995803833,8.800000190734863,159200,0.0,0.0
2024-11-06 00:00:00-05:00,9.170000076293945,9.40999984741211,8.979999542236328,9.140000343322754,343100,0.0,0.0
2024-11-07 00:00:00-05:00,9.640000343322754,9.8100004196167,8.949999809265137,9.0,483800,0.0,0.0
2024-11-08 00:00:00-05:00,9.0,9.119999885559082,8.920000076293945,9.069999694824219,1054600,0.0,0.0
2024-11-11 00:00:00-05:00,9.199999809265137,9.770000457763672,9.1899995803833,9.510000228881836,427200,0.0,0.0
2024-11-12 00:00:00-05:00,9.510000228881836,9.65999984741211,9.34000015258789,9.399999618530273,217900,0.0,0.0
2024-11-13 00:00:00-05:00,9.510000228881836,9.675000190734863,9.100000381469727,9.149999618530273,254500,0.0,0.0
2024-11-14 00:00:00-05:00,9.15999984741211,9.244999885559082,9.039999961853027,9.0600004196167,166500,0.0,0.0
2024-11-15 00:00:00-05:00,9.130000114440918,9.130000114440918,8.829999923706055,8.850000381469727,202600,0.0,0.0
2024-11-18 00:00:00-05:00,8.829999923706055,8.895000457763672,8.529999732971191,8.539999961853027,133200,0.0,0.0
2024-11-19 00:00:00-05:00,8.460000038146973,8.65999984741211,8.449999809265137,8.609999656677246,166800,0.0,0.0
2024-11-20 00:00:00-05:00,8.579999923706055,8.625,8.449999809265137,8.539999961853027,136100,0.0,0.0
2024-11-21 00:00:00-05:00,8.6899995803833,8.800000190734863,8.4399995803833,8.710000038146973,119100,0.0,0.0
2024-11-22 00:00:00-05:00,8.75,8.899999618530273,8.550000190734863,8.75,140700,0.0,0.0
2024-11-25 00:00:00-05:00,8.789999961853027,8.982000350952148,8.649999618530273,8.649999618530273,132500,0.0,0.0
2024-11-26 00:00:00-05:00,8.699999809265137,8.8149995803833,8.520000457763672,8.65999984741211,112700,0.0,0.0
2024-11-27 00:00:00-05:00,8.649999618530273,8.6899995803833,8.529999732971191,8.5600004196167,58800,0.0,0.0
2024-11-29 00:00:00-05:00,8.579999923706055,8.670000076293945,8.505000114440918,8.670000076293945,64500,0.0,0.0
2024-12-02 00:00:00-05:00,8.609999656677246,9.050000190734863,8.600000381469727,8.989999771118164,124600,0.0,0.0
2024-12-03 00:00:00-05:00,8.979999542236328,9.0,8.6850004196167,8.699999809265137,73000,0.0,0.0
2024-12-04 00:00:00-05:00,8.720000267028809,8.800000190734863,8.520000457763672,8.720000267028809,102100,0.0,0.0
2024-12-05 00:00:00-05:00,8.699999809265137,8.850000381469727,8.529999732971191,8.5600004196167,118300,0.0,0.0
2024-12-06 00:00:00-05:00,8.619999885559082,8.680000305175781,8.510000228881836,8.619999885559082,80800,0.0,0.0
2024-12-09 00:00:00-05:00,8.680000305175781,8.75,8.550000190734863,8.609999656677246,95400,0.0,0.0
2024-12-10 00:00:00-05:00,8.65999984741211,8.869999885559082,8.640000343322754,8.800000190734863,101900,0.0,0.0
2024-12-11 00:00:00-05:00,8.899999618530273,8.960000038146973,8.75,8.899999618530273,107200,0.0,0.0
2024-12-12 00:00:00-05:00,8.890000343322754,8.899999618530273,8.670000076293945,8.680000305175781,135300,0.0,0.0
2024-12-13 00:00:00-05:00,8.65999984741211,8.930000305175781,8.640000343322754,8.739999771118164,102300,0.0,0.0
2024-12-16 00:00:00-05:00,8.710000038146973,8.890000343322754,8.630999565124512,8.6899995803833,264900,0.0,0.0
2024-12-17 00:00:00-05:00,8.649999618530273,8.789999961853027,8.550000190734863,8.59000015258789,193000,0.0,0.0
2024-12-18 00:00:00-05:00,8.630000114440918,8.630000114440918,8.069999694824219,8.130000114440918,156500,0.0,0.0
2024-12-19 00:00:00-05:00,8.210000038146973,8.260000228881836,8.0,8.020000457763672,134500,0.0,0.0
2024-12-20 00:00:00-05:00,8.0,8.109999656677246,7.941999912261963,7.980000019073486,374000,0.0,0.0
2024-12-23 00:00:00-05:00,7.980000019073486,8.220000267028809,7.804999828338623,7.829999923706055,95000,0.0,0.0
2024-12-24 00:00:00-05:00,7.860000133514404,8.029999732971191,7.75,8.0,59700,0.0,0.0
2024-12-26 00:00:00-05:00,7.949999809265137,8.180000305175781,7.849999904632568,8.170000076293945,98600,0.0,0.0
2024-12-27 00:00:00-05:00,8.079999923706055,8.180000305175781,7.949999809265137,8.15999984741211,123700,0.0,0.0
2024-12-30 00:00:00-05:00,8.100000381469727,8.15999984741211,7.945000171661377,8.0,117400,0.0,0.0
2024-12-31 00:00:00-05:00,8.050000190734863,8.09000015258789,7.989999771118164,8.020000457763672,107400,0.0,0.0
2025-01-02 00:00:00-05:00,8.010000228881836,8.350000381469727,8.010000228881836,8.130000114440918,159400,0.0,0.0
2025-01-03 00:00:00-05:00,8.170000076293945,8.210000038146973,8.074999809265137,8.119999885559082,97500,0.0,0.0
2025-01-06 00:00:00-05:00,8.130000114440918,8.149999618530273,7.909999847412109,7.960000038146973,92700,0.0,0.0
2025-01-07 00:00:00-05:00,7.989999771118164,8.039999961853027,7.840000152587891,8.0,167900,0.0,0.0
2025-01-08 00:00:00-05:00,7.909999847412109,8.170000076293945,7.900000095367432,8.140000343322754,194900,0.0,0.0
2025-01-10 00:00:00-05:00,8.0,8.210000038146973,7.770999908447266,7.949999809265137,144400,0.0,0.0
2025-01-13 00:00:00-05:00,7.869999885559082,7.994999885559082,7.840000152587891,7.920000076293945,59600,0.0,0.0
2025-01-14 00:00:00-05:00,7.929999828338623,8.069999694824219,7.804999828338623,8.0,235300,0.0,0.0
2025-01-15 00:00:00-05:00,8.140000343322754,8.359999656677246,8.020000457763672,8.270000457763672,167900,0.0,0.0
2025-01-16 00:00:00-05:00,8.270000457763672,8.319999694824219,8.109999656677246,8.170000076293945,241700,0.0,0.0
2025-01-17 00:00:00-05:00,8.199999809265137,8.229999542236328,8.0,8.149999618530273,150600,0.0,0.0
2025-01-21 00:00:00-05:00,8.149999618530273,8.4350004196167,8.149999618530273,8.3100004196167,121300,0.0,0.0
2025-01-22 00:00:00-05:00,8.279999732971191,8.3100004196167,8.050000190734863,8.130000114440918,121000,0.0,0.0
2025-01-23 00:00:00-05:00,8.140000343322754,8.369999885559082,8.119999885559082,8.350000381469727,95600,0.0,0.0
2025-01-24 00:00:00-05:00,8.3100004196167,8.53499984741211,8.21399974822998,8.479999542236328,185800,0.0,0.0
2025-01-27 00:00:00-05:00,8.420000076293945,8.614999771118164,8.329999923706055,8.430000305175781,88600,0.0,0.0
2025-01-28 00:00:00-05:00,8.4399995803833,8.470000267028809,8.274999618530273,8.3100004196167,85200,0.0,0.0
2025-01-29 00:00:00-05:00,8.3100004196167,8.369999885559082,8.100000381469727,8.279999732971191,57100,0.0,0.0
2025-01-30 00:00:00-05:00,8.350000381469727,8.399999618530273,8.300000190734863,8.3100004196167,53100,0.0,0.0
2025-01-31 00:00:00-05:00,8.3100004196167,8.390000343322754,8.119999885559082,8.1899995803833,92500,0.0,0.0
2025-02-03 00:00:00-05:00,8.069999694824219,8.204999923706055,8.020000457763672,8.050000190734863,88200,0.0,0.0
2025-02-04 00:00:00-05:00,8.020000457763672,8.15999984741211,8.020000457763672,8.149999618530273,56300,0.0,0.0
2025-02-05 00:00:00-05:00,8.1899995803833,8.350000381469727,8.182000160217285,8.329999923706055,108700,0.0,0.0
2025-02-06 00:00:00-05:00,8.350000381469727,8.420000076293945,8.119999885559082,8.130000114440918,53400,0.0,0.0
2025-02-07 00:00:00-05:00,8.119999885559082,8.130000114440918,7.949999809265137,7.96999979019165,76800,0.0,0.0
2025-02-10 00:00:00-05:00,8.010000228881836,8.010000228881836,7.775000095367432,7.909999847412109,86000,0.0,0.0
2025-02-11 00:00:00-05:00,7.820000171661377,7.960000038146973,7.800000190734863,7.889999866485596,82500,0.0,0.0
2025-02-12 00:00:00-05:00,7.849999904632568,7.980000019073486,7.809999942779541,7.869999885559082,65400,0.0,0.0
2025-02-13 00:00:00-05:00,7.940000057220459,7.994999885559082,7.840000152587891,7.989999771118164,50300,0.0,0.0
2025-02-14 00:00:00-05:00,8.0,8.029999732971191,7.789999961853027,7.829999923706055,51800,0.0,0.0
2025-02-18 00:00:00-05:00,7.75,7.920000076293945,7.619999885559082,7.909999847412109,100700,0.0,0.0
2025-02-19 00:00:00-05:00,7.909999847412109,8.180000305175781,7.78000020980835,8.100000381469727,86100,0.0,0.0
2025-02-20 00:00:00-05:00,8.0,8.050000190734863,7.920000076293945,7.96999979019165,96700,0.0,0.0
2025-02-21 00:00:00-05:00,8.069999694824219,8.069999694824219,7.71999979019165,7.78000020980835,145400,0.0,0.0
2025-02-24 00:00:00-05:00,7.820000171661377,7.860000133514404,7.699999809265137,7.699999809265137,103900,0.0,0.0
2025-02-25 00:00:00-05:00,7.699999809265137,7.84499979019165,7.699999809265137,7.800000190734863,66700,0.0,0.0
2025-02-26 00:00:00-05:00,7.809999942779541,7.909999847412109,7.769999980926514,7.900000095367432,73800,0.0,0.0
2025-02-27 00:00:00-05:00,7.860000133514404,7.909999847412109,7.811999797821045,7.869999885559082,82800,0.0,0.0
2025-02-28 00:00:00-05:00,7.849999904632568,7.909999847412109,7.75,7.840000152587891,131800,0.0,0.0
2025-03-03 00:00:00-05:00,7.78000020980835,7.864999771118164,7.519999980926514,7.550000190734863,143400,0.0,0.0
2025-03-04 00:00:00-05:00,7.460000038146973,7.659999847412109,7.389999866485596,7.610000133514404,109500,0.0,0.0
2025-03-05 00:00:00-05:00,7.610000133514404,7.699999809265137,7.5,7.519999980926514,75500,0.0,0.0
2025-03-06 00:00:00-05:00,7.449999809265137,7.53000020980835,7.389999866485596,7.460000038146973,66000,0.0,0.0
2025-03-07 00:00:00-05:00,7.449999809265137,7.539999961853027,7.349999904632568,7.5,101300,0.0,0.0
2025-03-10 00:00:00-04:00,7.400000095367432,7.53000020980835,7.340000152587891,7.400000095367432,105700,0.0,0.0
2025-03-11 00:00:00-04:00,7.400000095367432,7.960000038146973,7.324999809265137,7.800000190734863,224600,0.0,0.0
2025-03-12 00:00:00-04:00,7.840000152587891,7.96999979019165,7.650000095367432,7.809999942779541,165500,0.0,0.0
2025-03-13 00:00:00-04:00,7.849999904632568,7.855000019073486,7.619999885559082,7.710000038146973,134100,0.0,0.0
2025-03-14 00:00:00-04:00,7.769999980926514,7.866000175476074,7.539999961853027,7.570000171661377,121800,0.0,0.0
2025-03-17 00:00:00-04:00,7.53000020980835,7.679999828338623,7.409999847412109,7.409999847412109,108700,0.0,0.0
2025-03-18 00:00:00-04:00,7.380000114440918,7.505000114440918,7.320000171661377,7.489999771118164,196000,0.0,0.0
2025-03-19 00:00:00-04:00,7.53000020980835,7.599999904632568,7.440000057220459,7.579999923706055,102100,0.0,0.0
2025-03-20 00:00:00-04:00,7.5,7.59499979019165,7.28000020980835,7.360000133514404,70700,0.0,0.0
2025-03-21 00:00:00-04:00,7.309999942779541,7.5,7.179999828338623,7.239999771118164,198600,0.0,0.0
2025-03-24 00:00:00-04:00,7.329999923706055,7.369999885559082,7.119999885559082,7.300000190734863,88200,0.0,0.0
2025-03-25 00:00:00-04:00,7.300000190734863,7.329999923706055,7.175000190734863,7.199999809265137,67600,0.0,0.0
2025-03-26 00:00:00-04:00,7.210000038146973,7.239999771118164,7.119999885559082,7.199999809265137,71200,0.0,0.0
2025-03-27 00:00:00-04:00,7.21999979019165,7.300000190734863,7.179999828338623,7.25,124200,0.0,0.0
2025-03-28 00:00:00-04:00,7.25,7.289999961853027,7.195000171661377,7.269999980926514,63400,0.0,0.0
2025-03-31 00:00:00-04:00,7.210000038146973,7.46999979019165,7.199999809265137,7.28000020980835,150100,0.0,0.0
2025-04-01 00:00:00-04:00,7.239999771118164,7.295000076293945,7.105000019073486,7.139999866485596,49500,0.0,0.0
2025-04-02 00:00:00-04:00,7.059999942779541,7.179999828338623,7.0,7.070000171661377,89400,0.0,0.0
2025-04-03 00:00:00-04:00,6.920000076293945,7.159999847412109,6.820000171661377,7.070000171661377,151400,0.0,0.0
2025-04-04 00:00:00-04:00,6.889999866485596,7.090000152587891,6.78000020980835,6.880000114440918,165300,0.0,0.0
2025-04-07 00:00:00-04:00,6.659999847412109,6.869999885559082,6.460000038146973,6.610000133514404,200100,0.0,0.0
2025-04-08 00:00:00-04:00,6.710000038146973,6.849999904632568,6.570000171661377,6.659999847412109,150400,0.0,0.0
2025-04-09 00:00:00-04:00,6.590000152587891,6.880000114440918,6.468999862670898,6.650000095367432,162200,0.0,0.0
2025-04-10 00:00:00-04:00,6.579999923706055,6.670000076293945,6.480000019073486,6.53000020980835,117600,0.0,0.0
2025-04-11 00:00:00-04:00,6.519999980926514,6.699999809265137,6.409999847412109,6.610000133514404,122800,0.0,0.0
2025-04-14 00:00:00-04:00,6.690000057220459,6.695000171661377,6.5,6.590000152587891,67900,0.0,0.0
2025-04-15 00:00:00-04:00,6.559999942779541,6.65500020980835,6.550000190734863,6.610000133514404,106400,0.0,0.0
2025-04-16 00:00:00-04:00,6.610000133514404,6.679999828338623,6.559999942779541,6.570000171661377,125300,0.0,0.0
2025-04-17 00:00:00-04:00,6.53000020980835,6.639999866485596,6.46999979019165,6.630000114440918,183400,0.0,0.0
2025-04-21 00:00:00-04:00,6.579999923706055,6.658999919891357,6.5,6.610000133514404,125400,0.0,0.0
2025-04-22 00:00:00-04:00,6.659999847412109,6.860000133514404,6.650000095367432,6.820000171661377,189100,0.0,0.0
2025-04-23 00:00:00-04:00,6.929999828338623,6.980000019073486,6.760000228881836,6.829999923706055,149900,0.0,0.0
2025-04-24 00:00:00-04:00,6.849999904632568,7.050000190734863,6.539999961853027,6.980000019073486,211800,0.0,0.0
2025-04-25 00:00:00-04:00,7.0,7.070000171661377,6.829999923706055,7.070000171661377,197000,0.0,0.0
2025-04-28 00:00:00-04:00,7.039999961853027,7.119999885559082,6.929999828338623,7.070000171661377,119400,0.0,0.0
2025-04-29 00:00:00-04:00,7.039999961853027,7.090000152587891,6.894999980926514,6.949999809265137,79200,0.0,0.0
2025-04-30 00:00:00-04:00,6.909999847412109,7.144999980926514,6.800000190734863,7.070000171661377,142400,0.0,0.0
2025-05-01 00:00:00-04:00,7.070000171661377,7.110000133514404,6.997000217437744,7.059999942779541,131500,0.0,0.0
2025-05-02 00:00:00-04:00,7.130000114440918,7.5,7.085000038146973,7.369999885559082,194300,0.0,0.0
2025-05-05 00:00:00-04:00,7.340000152587891,7.380000114440918,7.28000020980835,7.329999923706055,76200,0.0,0.0
2025-05-06 00:00:00-04:00,7.269999980926514,7.565000057220459,7.25,7.400000095367432,206500,0.0,0.0
2025-05-07 00:00:00-04:00,7.460000038146973,7.579999923706055,7.179999828338623,7.269999980926514,156000,0.0,0.0
2025-05-08 00:00:00-04:00,7.269999980926514,7.309999942779541,6.400000095367432,6.420000076293945,381200,0.0,0.0
2025-05-09 00:00:00-04:00,6.460000038146973,6.460000038146973,6.135000228881836,6.320000171661377,294600,0.0,0.0
2025-05-12 00:00:00-04:00,6.360000133514404,6.570000171661377,6.269999980926514,6.510000228881836,329300,0.0,0.0
2025-05-13 00:00:00-04:00,6.570000171661377,6.949999809265137,6.559999942779541,6.889999866485596,374800,0.0,0.0
2025-05-14 00:00:00-04:00,6.889999866485596,6.989999771118164,6.630000114440918,6.869999885559082,271500,0.0,0.0
2025-05-15 00:00:00-04:00,6.889999866485596,6.926000118255615,6.670000076293945,6.739999771118164,171300,0.0,0.0
2025-05-16 00:00:00-04:00,6.739999771118164,6.829999923706055,6.690000057220459,6.760000228881836,173000,0.0,0.0
2025-05-19 00:00:00-04:00,6.710000038146973,6.835000038146973,6.565000057220459,6.75,139100,0.0,0.0
2025-05-20 00:00:00-04:00,6.78000020980835,6.829999923706055,6.710000038146973,6.800000190734863,160900,0.0,0.0
2025-05-21 00:00:00-04:00,6.820000171661377,6.829999923706055,6.619999885559082,6.670000076293945,187100,0.0,0.0
2025-05-22 00:00:00-04:00,6.619999885559082,6.650000095367432,6.510000228881836,6.519999980926514,110400,0.0,0.0
2025-05-23 00:00:00-04:00,6.5,6.5,6.360000133514404,6.420000076293945,139800,0.0,0.0
2025-05-27 00:00:00-04:00,6.46999979019165,6.639999866485596,6.460000038146973,6.599999904632568,127700,0.0,0.0
2025-05-28 00:00:00-04:00,6.579999923706055,6.639999866485596,6.5,6.570000171661377,116700,0.0,0.0
2025-05-29 00:00:00-04:00,6.590000152587891,6.625,6.519999980926514,6.570000171661377,78000,0.0,0.0
2025-05-30 00:00:00-04:00,6.570000171661377,6.65500020980835,6.480000019073486,6.650000095367432,129300,0.0,0.0
2025-06-02 00:00:00-04:00,6.650000095367432,6.6579999923706055,6.519999980926514,6.559999942779541,94900,0.0,0.0
2025-06-03 00:00:00-04:00,6.559999942779541,6.849999904632568,6.510000228881836,6.789999961853027,197400,0.0,0.0
2025-06-04 00:00:00-04:00,6.789999961853027,6.968999862670898,6.784999847412109,6.869999885559082,175000,0.0,0.0
2025-06-05 00:00:00-04:00,6.860000133514404,6.920000076293945,6.559999942779541,6.590000152587891,186200,0.0,0.0
2025-06-06 00:00:00-04:00,6.670000076293945,6.739999771118164,6.619999885559082,6.71999979019165,195700,0.0,0.0
2025-06-09 00:00:00-04:00,7.0,7.239999771118164,6.755000114440918,6.869999885559082,329300,0.0,0.0
2025-06-10 00:00:00-04:00,6.880000114440918,7.0,6.84499979019165,6.900000095367432,144300,0.0,0.0
2025-06-11 00:00:00-04:00,6.909999847412109,6.980000019073486,6.75,6.75,95900,0.0,0.0
2025-06-12 00:00:00-04:00,6.75,6.820000171661377,6.659999847412109,6.78000020980835,105700,0.0,0.0
2025-06-13 00:00:00-04:00,6.710000038146973,6.800000190734863,6.644999980926514,6.650000095367432,102800,0.0,0.0
2025-06-16 00:00:00-04:00,6.650000095367432,6.820000171661377,6.650000095367432,6.75,106300,0.0,0.0
2025-06-17 00:00:00-04:00,6.690000057220459,6.840000152587891,6.599999904632568,6.599999904632568,136700,0.0,0.0
2025-06-18 00:00:00-04:00,6.599999904632568,6.75,6.554999828338623,6.579999923706055,121700,0.0,0.0
2025-06-20 00:00:00-04:00,6.599999904632568,6.690000057220459,6.559999942779541,6.619999885559082,179300,0.0,0.0
2025-06-23 00:00:00-04:00,6.599999904632568,6.739999771118164,6.550000190734863,6.670000076293945,146600,0.0,0.0
2025-06-24 00:00:00-04:00,6.679999828338623,6.980000019073486,6.650000095367432,6.929999828338623,461800,0.0,0.0
2025-06-25 00:00:00-04:00,6.920000076293945,7.039999961853027,6.920000076293945,6.980000019073486,80400,0.0,0.0
2025-06-26 00:00:00-04:00,7.0,7.077000141143799,6.809999942779541,6.909999847412109,194200,0.0,0.0
2025-06-27 00:00:00-04:00,6.940000057220459,7.079999923706055,6.889999866485596,6.920000076293945,644700,0.0,0.0
2025-06-30 00:00:00-04:00,6.980000019073486,7.044000148773193,6.800000190734863,6.909999847412109,462800,0.0,0.0
2025-07-01 00:00:00-04:00,6.860000133514404,7.099999904632568,6.820000171661377,7.0,223800,0.0,0.0
2025-07-02 00:00:00-04:00,7.0,7.099999904632568,6.869999885559082,7.079999923706055,204400,0.0,0.0
2025-07-03 00:00:00-04:00,7.150000095367432,7.25,7.099999904632568,7.150000095367432,96400,0.0,0.0
2025-07-07 00:00:00-04:00,7.150000095367432,7.195000171661377,6.861999988555908,6.869999885559082,170800,0.0,0.0
2025-07-08 00:00:00-04:00,6.900000095367432,7.054999828338623,6.860000133514404,7.019999980926514,184400,0.0,0.0
2025-07-09 00:00:00-04:00,7.019999980926514,7.059999942779541,6.940000057220459,6.980000019073486,123600,0.0,0.0
2025-07-10 00:00:00-04:00,6.980000019073486,7.070000171661377,6.914999961853027,6.980000019073486,150900,0.0,0.0
2025-07-11 00:00:00-04:00,6.929999828338623,7.005000114440918,6.71999979019165,6.739999771118164,132500,0.0,0.0
2025-07-14 00:00:00-04:00,6.739999771118164,6.820000171661377,6.670000076293945,6.71999979019165,151100,0.0,0.0
2025-07-15 00:00:00-04:00,6.739999771118164,6.760000228881836,6.590000152587891,6.619999885559082,194700,0.0,0.0
2025-07-16 00:00:00-04:00,6.619999885559082,6.730000019073486,6.610000133514404,6.690000057220459,218900,0.0,0.0
2025-07-17 00:00:00-04:00,6.679999828338623,6.760000228881836,6.613999843597412,6.670000076293945,210900,0.0,0.0
2025-07-18 00:00:00-04:00,6.71999979019165,6.739999771118164,6.489999771118164,6.489999771118164,206300,0.0,0.0
2025-07-21 00:00:00-04:00,6.5,6.630000114440918,6.465000152587891,6.46999979019165,217500,0.0,0.0
2025-07-22 00:00:00-04:00,6.460000038146973,6.610000133514404,6.460000038146973,6.5,208700,0.0,0.0
2025-07-23 00:00:00-04:00,6.519999980926514,6.559999942779541,6.460000038146973,6.460000038146973,262900,0.0,0.0
2025-07-24 00:00:00-04:00,6.460000038146973,6.5,6.28000020980835,6.289999961853027,272800,0.0,0.0
2025-07-25 00:00:00-04:00,6.289999961853027,6.329999923706055,6.099999904632568,6.119999885559082,512900,0.0,0.0
2025-07-28 00:00:00-04:00,6.150000095367432,6.255000114440918,6.090000152587891,6.230000019073486,349100,0.0,0.0
2025-07-29 00:00:00-04:00,6.28000020980835,6.331999778747559,6.199999809265137,6.260000228881836,257500,0.0,0.0
2025-07-30 00:00:00-04:00,6.269999980926514,6.4079999923706055,6.170000076293945,6.179999828338623,304000,0.0,0.0
2025-07-31 00:00:00-04:00,6.130000114440918,6.210000038146973,6.070000171661377,6.090000152587891,278900,0.0,0.0
2025-08-01 00:00:00-04:00,6.059999942779541,6.070000171661377,5.929999828338623,5.929999828338623,297000,0.0,0.0
2025-08-04 00:00:00-04:00,5.96999979019165,6.099999904632568,5.960000038146973,6.070000171661377,319100,0.0,0.0
2025-08-05 00:00:00-04:00,6.070000171661377,6.329999923706055,6.070000171661377,6.320000171661377,411900,0.0,0.0
2025-08-06 00:00:00-04:00,6.329999923706055,6.5,6.297999858856201,6.449999809265137,444200,0.0,0.0
2025-08-07 00:00:00-04:00,6.760000228881836,7.130000114440918,6.659999847412109,6.960000038146973,486300,0.0,0.0
2025-08-08 00:00:00-04:00,6.960000038146973,7.15500020980835,6.960000038146973,7.099999904632568,738700,0.0,0.0
2025-08-11 00:00:00-04:00,7.179999828338623,7.429999828338623,7.15500020980835,7.289999961853027,425800,0.0,0.0
2025-08-12 00:00:00-04:00,7.340000152587891,7.460000038146973,7.230000019073486,7.440000057220459,355700,0.0,0.0
2025-08-13 00:00:00-04:00,7.480000019073486,7.505000114440918,7.260000228881836,7.329999923706055,307100,0.0,0.0
2025-08-14 00:00:00-04:00,7.329999923706055,7.329999923706055,6.781000137329102,6.889999866485596,306800,0.0,0.0
2025-08-15 00:00:00-04:00,7.050000190734863,7.050000190734863,6.710999965667725,6.889999866485596,313800,0.0,0.0
2025-08-18 00:00:00-04:00,6.880000114440918,7.039999961853027,6.869999885559082,6.920000076293945,271400,0.0,0.0
2025-08-19 00:00:00-04:00,6.940000057220459,6.989999771118164,6.849999904632568,6.949999809265137,162500,0.0,0.0
2025-08-20 00:00:00-04:00,6.960000038146973,7.0,6.820000171661377,6.860000133514404,152600,0.0,0.0
2025-08-21 00:00:00-04:00,6.860000133514404,7.130000114440918,6.860000133514404,7.050000190734863,286200,0.0,0.0
2025-08-22 00:00:00-04:00,7.099999904632568,7.360000133514404,7.079999923706055,7.309999942779541,353100,0.0,0.0
2025-08-25 00:00:00-04:00,7.309999942779541,7.309999942779541,7.085000038146973,7.090000152587891,208500,0.0,0.0
2025-08-26 00:00:00-04:00,7.090000152587891,7.170000076293945,7.019999980926514,7.050000190734863,172800,0.0,0.0
2025-08-27 00:00:00-04:00,7.010000228881836,7.260000228881836,7.010000228881836,7.179999828338623,237100,0.0,0.0
2025-08-28 00:00:00-04:00,7.190000057220459,7.289999961853027,7.110000133514404,7.230000019073486,269100,0.0,0.0
2025-08-29 00:00:00-04:00,7.269999980926514,7.460000038146973,7.269999980926514,7.369999885559082,390800,0.0,0.0
2025-09-02 00:00:00-04:00,7.329999923706055,7.340000152587891,6.809999942779541,6.809999942779541,168200,0.0,0.0
2025-09-03 00:00:00-04:00,6.829999923706055,6.980000019073486,6.784999847412109,6.800000190734863,243700,0.0,0.0
2025-09-04 00:00:00-04:00,6.820000171661377,6.840000152587891,6.690000057220459,6.820000171661377,212300,0.0,0.0
2025-09-05 00:00:00-04:00,6.889999866485596,6.940000057220459,6.789999961853027,6.880000114440918,181100,0.0,0.0
2025-09-08 00:00:00-04:00,6.880000114440918,6.989999771118164,6.829999923706055,6.869999885559082,198400,0.0,0.0
2025-09-09 00:00:00-04:00,6.849999904632568,6.849999904632568,6.695000171661377,6.710000038146973,128500,0.0,0.0
2025-09-10 00:00:00-04:00,6.699999809265137,6.795000076293945,6.545000076293945,6.599999904632568,191300,0.0,0.0
2025-09-11 00:00:00-04:00,6.599999904632568,6.929999828338623,6.599999904632568,6.920000076293945,224600,0.0,0.0
2025-09-12 00:00:00-04:00,6.920000076293945,6.940000057220459,6.769999980926514,6.78000020980835,315300,0.0,0.0
2025-09-15 00:00:00-04:00,6.809999942779541,6.840000152587891,6.75,6.760000228881836,147900,0.0,0.0
2025-09-16 00:00:00-04:00,6.730000019073486,6.760000228881836,6.619999885559082,6.690000057220459,132400,0.0,0.0
2025-09-17 00:00:00-04:00,6.690000057220459,6.760000228881836,6.510000228881836,6.519999980926514,157400,0.0,0.0
2025-09-18 00:00:00-04:00,6.53000020980835,6.809999942779541,6.510000228881836,6.789999961853027,210800,0.0,0.0
2025-09-19 00:00:00-04:00,6.789999961853027,6.829999923706055,6.690000057220459,6.730000019073486,290500,0.0,0.0
2025-09-22 00:00:00-04:00,6.71999979019165,6.954999923706055,6.695000171661377,6.929999828338623,237300,0.0,0.0
2025-09-23 00:00:00-04:00,6.96999979019165,7.019999980926514,6.739999771118164,6.75,130900,0.0,0.0
2025-09-24 00:00:00-04:00,6.789999961853027,6.860000133514404,6.690000057220459,6.78000020980835,113000,0.0,0.0
2025-09-25 00:00:00-04:00,6.739999771118164,6.744999885559082,6.559999942779541,6.679999828338623,127800,0.0,0.0
2025-09-26 00:00:00-04:00,6.659999847412109,6.715000152587891,6.570000171661377,6.710000038146973,128300,0.0,0.0
2025-09-29 00:00:00-04:00,6.760000228881836,6.800000190734863,6.610000133514404,6.619999885559082,173800,0.0,0.0
2025-09-30 00:00:00-04:00,6.610000133514404,6.809999942779541,6.566999912261963,6.789999961853027,156200,0.0,0.0
2025-10-01 00:00:00-04:00,6.760000228881836,6.949999809265137,6.724999904632568,6.929999828338623,230800,0.0,0.0
2025-10-02 00:00:00-04:00,6.920000076293945,6.945000171661377,6.710000038146973,6.860000133514404,194900,0.0,0.0
2025-10-03 00:00:00-04:00,6.869999885559082,7.039999961853027,6.869999885559082,6.929999828338623,158700,0.0,0.0
2025-10-06 00:00:00-04:00,6.940000057220459,6.968999862670898,6.84499979019165,6.869999885559082,138400,0.0,0.0
2025-10-07 00:00:00-04:00,6.849999904632568,6.920000076293945,6.795000076293945,6.869999885559082,282700,0.0,0.0
2025-10-08 00:00:00-04:00,6.900000095367432,6.948999881744385,6.855000019073486,6.869999885559082,110600,0.0,0.0
2025-10-09 00:00:00-04:00,6.829999923706055,6.940000057220459,6.820000171661377,6.869999885559082,164700,0.0,0.0
2025-10-10 00:00:00-04:00,6.849999904632568,6.880000114440918,6.690000057220459,6.820000171661377,259100,0.0,0.0
2025-10-13 00:00:00-04:00,6.869999885559082,7.019999980926514,6.71999979019165,6.880000114440918,246800,0.0,0.0
2025-10-14 00:00:00-04:00,6.809999942779541,6.949999809265137,6.809999942779541,6.889999866485596,166500,0.0,0.0
2025-10-15 00:00:00-04:00,6.909999847412109,7.0,6.840000152587891,6.889999866485596,145800,0.0,0.0
2025-10-16 00:00:00-04:00,6.920000076293945,7.059999942779541,6.849999904632568,6.849999904632568,239700,0.0,0.0
2025-10-17 00:00:00-04:00,6.800000190734863,6.90500020980835,6.659999847412109,6.659999847412109,119800,0.0,0.0
2025-10-20 00:00:00-04:00,6.739999771118164,6.860000133514404,6.699999809265137,6.849999904632568,101500,0.0,0.0
2025-10-21 00:00:00-04:00,6.829999923706055,6.869999885559082,6.739999771118164,6.829999923706055,108500,0.0,0.0
2025-10-22 00:00:00-04:00,6.769999980926514,6.869999885559082,6.75,6.829999923706055,88100,0.0,0.0
2025-10-23 00:00:00-04:00,6.820000171661377,6.880000114440918,6.78000020980835,6.829999923706055,149200,0.0,0.0
2025-10-24 00:00:00-04:00,6.869999885559082,6.929999828338623,6.800000190734863,6.920000076293945,103000,0.0,0.0
2025-10-27 00:00:00-04:00,6.940000057220459,7.099999904632568,6.900000095367432,6.949999809265137,241800,0.0,0.0
2025-10-28 00:00:00-04:00,6.949999809265137,6.949999809265137,6.800000190734863,6.860000133514404,95000,0.0,0.0
2025-10-29 00:00:00-04:00,6.840000152587891,6.869999885559082,6.519999980926514,6.539999961853027,153600,0.0,0.0
2025-10-30 00:00:00-04:00,6.519999980926514,6.559999942779541,6.360000133514404,6.389999866485596,106000,0.0,0.0
2025-10-31 00:00:00-04:00,6.400000095367432,6.519999980926514,6.355000019073486,6.460000038146973,160700,0.0,0.0
2025-11-03 00:00:00-05:00,6.480000019073486,6.650000095367432,6.440000057220459,6.570000171661377,141800,0.0,0.0
2025-11-04 00:00:00-05:00,6.53000020980835,6.710000038146973,6.519999980926514,6.539999961853027,180700,0.0,0.0
2025-11-05 00:00:00-05:00,6.570000171661377,6.599999904632568,6.260000228881836,6.429999828338623,239200,0.0,0.0
2025-11-06 00:00:00-05:00,6.300000190734863,6.445000171661377,6.050000190734863,6.260000228881836,266100,0.0,0.0
2025-11-07 00:00:00-05:00,6.25,6.380000114440918,6.230000019073486,6.369999885559082,175000,0.0,0.0
2025-11-10 00:00:00-05:00,6.389999866485596,6.445000171661377,6.269999980926514,6.389999866485596,153000,0.0,0.0
2025-11-11 00:00:00-05:00,6.369999885559082,6.4019999504089355,6.300000190734863,6.349999904632568,87200,0.0,0.0
2025-11-12 00:00:00-05:00,6.400000095367432,6.559999942779541,6.400000095367432,6.550000190734863,141400,0.0,0.0
2025-11-13 00:00:00-05:00,6.5,6.550000190734863,6.380000114440918,6.409999847412109,108900,0.0,0.0
2025-11-14 00:00:00-05:00,6.360000133514404,6.460000038146973,6.335000038146973,6.389999866485596,88000,0.0,0.0
2025-11-17 00:00:00-05:00,6.380000114440918,6.5,6.264999866485596,6.289999961853027,189200,0.0,0.0
2025-11-18 00:00:00-05:00,6.289999961853027,6.320000171661377,6.21999979019165,6.309999942779541,101000,0.0,0.0
2025-11-19 00:00:00-05:00,6.349999904632568,6.4120001792907715,6.179999828338623,6.260000228881836,153100,0.0,0.0
2025-11-20 00:00:00-05:00,6.360000133514404,6.460000038146973,6.269999980926514,6.349999904632568,187100,0.0,0.0
2025-11-21 00:00:00-05:00,6.309999942779541,6.679999828338623,6.309999942779541,6.659999847412109,178800,0.0,0.0
2025-11-24 00:00:00-05:00,6.690000057220459,6.938000202178955,6.690000057220459,6.860000133514404,158700,0.0,0.0
2025-11-25 00:00:00-05:00,6.860000133514404,7.074999809265137,6.789999961853027,7.039999961853027,152700,0.0,0.0
2025-11-26 00:00:00-05:00,7.0,7.005000114440918,6.849999904632568,6.880000114440918,180600,0.0,0.0
2025-11-28 00:00:00-05:00,6.889999866485596,6.929999828338623,6.755000114440918,6.909999847412109,107000,0.0,0.0
2025-12-01 00:00:00-05:00,6.889999866485596,6.980000019073486,6.855000019073486,6.869999885559082,159900,0.0,0.0
2025-12-02 00:00:00-05:00,6.900000095367432,6.900000095367432,6.650000095367432,6.650000095367432,126500,0.0,0.0
2025-12-03 00:00:00-05:00,6.670000076293945,6.795000076293945,6.599999904632568,6.760000228881836,105100,0.0,0.0
2025-12-04 00:00:00-05:00,6.730000019073486,6.789999961853027,6.679999828338623,6.769999980926514,116700,0.0,0.0
2025-12-05 00:00:00-05:00,6.75,6.800000190734863,6.685999870300293,6.769999980926514,109700,0.0,0.0
2025-12-08 00:00:00-05:00,6.800000190734863,6.940000057220459,6.739999771118164,6.840000152587891,186500,0.0,0.0
2025-12-09 00:00:00-05:00,6.869999885559082,6.980000019073486,6.78000020980835,6.960000038146973,157900,0.0,0.0
2025-12-10 00:00:00-05:00,6.940000057220459,7.409999847412109,6.889999866485596,7.340000152587891,246500,0.0,0.0
2025-12-11 00:00:00-05:00,7.349999904632568,7.440000057220459,7.269999980926514,7.289999961853027,122300,0.0,0.0
2025-12-12 00:00:00-05:00,7.28000020980835,7.340000152587891,7.190000057220459,7.21999979019165,108100,0.0,0.0
2025-12-15 00:00:00-05:00,7.269999980926514,7.449999809265137,7.260000228881836,7.369999885559082,185000,0.0,0.0
2025-12-16 00:00:00-05:00,7.360000133514404,7.400000095367432,7.210000038146973,7.260000228881836,160000,0.0,0.0
2025-12-17 00:00:00-05:00,7.269999980926514,7.420000076293945,7.190000057220459,7.380000114440918,143300,0.0,0.0
2025-12-18 00:00:00-05:00,7.420000076293945,7.675000190734863,7.400000095367432,7.539999961853027,153000,0.0,0.0
2025-12-19 00:00:00-05:00,7.510000228881836,7.550000190734863,7.309999942779541,7.420000076293945,318700,0.0,0.0
2025-12-22 00:00:00-05:00,7.400000095367432,7.440000057220459,7.320000171661377,7.369999885559082,134200,0.0,0.0
2025-12-23 00:00:00-05:00,7.320000171661377,7.349999904632568,7.239999771118164,7.289999961853027,121800,0.0,0.0
2025-12-24 00:00:00-05:00,7.309999942779541,7.360000133514404,7.25,7.300000190734863,79800,0.0,0.0
2025-12-26 00:00:00-05:00,7.269999980926514,7.349999904632568,7.25,7.300000190734863,116600,0.0,0.0
2025-12-29 00:00:00-05:00,7.289999961853027,7.447999954223633,7.289999961853027,7.440000057220459,128600,0.0,0.0
2025-12-30 00:00:00-05:00,7.429999828338623,7.614999771118164,7.380000114440918,7.5,224300,0.0,0.0
2025-12-31 00:00:00-05:00,7.519999980926514,7.519999980926514,7.380000114440918,7.429999828338623,75800,0.0,0.0
2026-01-02 00:00:00-05:00,7.440000057220459,7.440000057220459,7.179999828338623,7.21999979019165,135500,0.0,0.0
2026-01-05 00:00:00-05:00,7.199999809265137,7.375,7.159999847412109,7.260000228881836,96700,0.0,0.0
2026-01-06 00:00:00-05:00,7.25,7.300000190734863,7.159999847412109,7.25,131900,0.0,0.0
2026-01-07 00:00:00-05:00,7.25,7.289999961853027,7.130000114440918,7.269999980926514,110700,0.0,0.0
2026-01-08 00:00:00-05:00,7.21999979019165,7.2870001792907715,7.159999847412109,7.230000019073486,195500,0.0,0.0
2026-01-09 00:00:00-05:00,7.230000019073486,7.320000171661377,7.150000095367432,7.239999771118164,102700,0.0,0.0
2026-01-12 00:00:00-05:00,7.230000019073486,7.329999923706055,7.110000133514404,7.300000190734863,125600,0.0,0.0
2026-01-13 00:00:00-05:00,7.300000190734863,7.409999847412109,7.21999979019165,7.25,105400,0.0,0.0
2026-01-14 00:00:00-05:00,7.239999771118164,7.309999942779541,7.230000019073486,7.28000020980835,76000,0.0,0.0
2026-01-15 00:00:00-05:00,7.269999980926514,7.599999904632568,7.25,7.539999961853027,140500,0.0,0.0
2026-01-16 00:00:00-05:00,7.510000228881836,7.53000020980835,7.329999923706055,7.329999923706055,101900,0.0,0.0
2026-01-20 00:00:00-05:00,7.25,7.321000099182129,7.184999942779541,7.300000190734863,187800,0.0,0.0
2026-01-21 00:00:00-05:00,7.329999923706055,7.5,7.309999942779541,7.489999771118164,103900,0.0,0.0
2026-01-22 00:00:00-05:00,7.5,7.650000095367432,7.420000076293945,7.429999828338623,95400,0.0,0.0
2026-01-23 00:00:00-05:00,7.420000076293945,7.425000190734863,7.284999847412109,7.320000171661377,121200,0.0,0.0
2026-01-26 00:00:00-05:00,7.309999942779541,7.445000171661377,7.25,7.429999828338623,208600,0.0,0.0
2026-01-27 00:00:00-05:00,7.409999847412109,7.48199987411499,7.349999904632568,7.449999809265137,144300,0.0,0.0
2026-01-28 00:00:00-05:00,7.420000076293945,7.429999828338623,7.340000152587891,7.380000114440918,141100,0.0,0.0
2026-01-29 00:00:00-05:00,7.409999847412109,7.489999771118164,7.349999904632568,7.480000019073486,149500,0.0,0.0
2026-01-30 00:00:00-05:00,7.420000076293945,7.690000057220459,7.420000076293945,7.670000076293945,174300,0.0,0.0
2026-02-02 00:00:00-05:00,7.690000057220459,8.015000343322754,7.635000228881836,8.0,300200,0.0,0.0
2026-02-03 00:00:00-05:00,7.940000057220459,8.0600004196167,7.840000152587891,7.929999828338623,112200,0.0,0.0
2026-02-04 00:00:00-05:00,7.980000019073486,8.114999771118164,7.820000171661377,8.100000381469727,224500,0.0,0.0
2026-02-05 00:00:00-05:00,8.020000457763672,8.649999618530273,8.020000457763672,8.579999923706055,378700,0.0,0.0
2026-02-06 00:00:00-05:00,8.710000038146973,8.9399995803833,8.359999656677246,8.640000343322754,309500,0.0,0.0
2026-02-09 00:00:00-05:00,8.619999885559082,8.670000076293945,8.3100004196167,8.449999809265137,180200,0.0,0.0
2026-02-10 00:00:00-05:00,8.460000038146973,8.539999961853027,8.270000457763672,8.289999961853027,193500,0.0,0.0
2026-02-11 00:00:00-05:00,8.279999732971191,8.47700023651123,8.220000267028809,8.449999809265137,192000,0.0,0.0
2026-02-12 00:00:00-05:00,8.489999771118164,8.520000457763672,7.980000019073486,8.15999984741211,251400,0.0,0.0
2026-02-13 00:00:00-05:00,8.229999542236328,8.470000267028809,8.114999771118164,8.279999732971191,112800,0.0,0.0
2026-02-17 00:00:00-05:00,8.1899995803833,8.454999923706055,8.1899995803833,8.359999656677246,119900,0.0,0.0
2026-02-18 00:00:00-05:00,8.359999656677246,8.479999542236328,8.3100004196167,8.420000076293945,96000,0.0,0.0
2026-02-19 00:00:00-05:00,8.399999618530273,8.420000076293945,8.220000267028809,8.300000190734863,70600,0.0,0.0
2026-02-20 00:00:00-05:00,8.279999732971191,8.34000015258789,8.170000076293945,8.239999771118164,216200,0.0,0.0
2026-02-23 00:00:00-05:00,8.239999771118164,8.3100004196167,8.109999656677246,8.289999961853027,376300,0.0,0.0
2026-02-24 00:00:00-05:00,8.289999961853027,8.489999771118164,8.244999885559082,8.4399995803833,164300,0.0,0.0
2026-02-25 00:00:00-05:00,8.479999542236328,8.619999885559082,8.300000190734863,8.609999656677246,101300,0.0,0.0
2026-02-26 00:00:00-05:00,8.640000343322754,8.710000038146973,8.505000114440918,8.600000381469727,110100,0.0,0.0
2026-02-27 00:00:00-05:00,8.520000457763672,8.819999694824219,8.40999984741211,8.699999809265137,185400,0.0,0.0
2026-03-02 00:00:00-05:00,8.600000381469727,8.920000076293945,8.5,8.850000381469727,199800,0.0,0.0
2026-03-03 00:00:00-05:00,8.699999809265137,8.949999809265137,8.600000381469727,8.949999809265137,290500,0.0,0.0
2026-03-04 00:00:00-05:00,8.949999809265137,9.201000213623047,8.869999885559082,9.079999923706055,213300,0.0,0.0
2026-03-05 00:00:00-05:00,8.010000228881836,8.489999771118164,7.690000057220459,8.399999618530273,482000,0.0,0.0
2026-03-06 00:00:00-05:00,8.260000228881836,8.84000015258789,8.260000228881836,8.779999732971191,371700,0.0,0.0
2026-03-09 00:00:00-04:00,8.779999732971191,9.34000015258789,8.770000457763672,9.289999961853027,678800,0.0,0.0
2026-03-10 00:00:00-04:00,9.289999961853027,9.704999923706055,9.210000038146973,9.5,585900,0.0,0.0
2026-03-11 00:00:00-04:00,9.479999542236328,9.524999618530273,8.944999694824219,9.079999923706055,543800,0.0,0.0
2026-03-12 00:00:00-04:00,9.0,9.289999961853027,8.770000457763672,9.079999923706055,484200,0.0,0.0
2026-03-13 00:00:00-04:00,9.140000343322754,9.460000038146973,9.050000190734863,9.199999809265137,376100,0.0,0.0
2026-03-16 00:00:00-04:00,9.369999885559082,10.0600004196167,9.300000190734863,9.779999732971191,753200,0.0,0.0
2026-03-17 00:00:00-04:00,9.920000076293945,9.920000076293945,9.470000267028809,9.6899995803833,465100,0.0,0.0
2026-03-18 00:00:00-04:00,9.670000076293945,9.75,9.25,9.319999694824219,401000,0.0,0.0
2026-03-19 00:00:00-04:00,9.270000457763672,9.380000114440918,9.015999794006348,9.220000267028809,339900,0.0,0.0
2026-03-20 00:00:00-04:00,9.210000038146973,9.21500015258789,8.619999885559082,8.710000038146973,703700,0.0,0.0
2026-03-23 00:00:00-04:00,8.84000015258789,9.199999809265137,8.8100004196167,9.180000305175781,331100,0.0,0.0
2026-03-24 00:00:00-04:00,9.0600004196167,9.28499984741211,9.020000457763672,9.199999809265137,275100,0.0,0.0
2026-03-25 00:00:00-04:00,9.229999542236328,9.4399995803833,9.109999656677246,9.350000381469727,229500,0.0,0.0
2026-03-26 00:00:00-04:00,9.279999732971191,9.470000267028809,9.180000305175781,9.220000267028809,145400,0.0,0.0
2026-03-27 00:00:00-04:00,9.170000076293945,9.380000114440918,9.079999923706055,9.25,214000,0.0,0.0
2026-03-30 00:00:00-04:00,9.319999694824219,9.5,9.25,9.350000381469727,232000,0.0,0.0
2026-03-31 00:00:00-04:00,9.470000267028809,9.470000267028809,9.140000343322754,9.210000038146973,304100,0.0,0.0
2026-04-01 00:00:00-04:00,9.300000190734863,9.699999809265137,9.279999732971191,9.59000015258789,240200,0.0,0.0
2026-04-02 00:00:00-04:00,9.479999542236328,9.770000457763672,9.380000114440918,9.630000114440918,204700,0.0,0.0
2026-04-06 00:00:00-04:00,9.630000114440918,9.864999771118164,9.539999961853027,9.760000228881836,288000,0.0,0.0
2026-04-07 00:00:00-04:00,9.710000038146973,9.779999732971191,9.550000190734863,9.609999656677246,251800,0.0,0.0
2026-04-08 00:00:00-04:00,9.850000381469727,10.019000053405762,9.699999809265137,9.800000190734863,695300,0.0,0.0
2026-04-09 00:00:00-04:00,9.710000038146973,9.729999542236328,9.375,9.489999771118164,327000,0.0,0.0
2026-04-10 00:00:00-04:00,9.489999771118164,9.59000015258789,9.270000457763672,9.510000228881836,209000,0.0,0.0
2026-04-13 00:00:00-04:00,9.470000267028809,9.760000228881836,9.470000267028809,9.6899995803833,249000,0.0,0.0
2026-04-14 00:00:00-04:00,9.699999809265137,9.800000190734863,9.649999618530273,9.710000038146973,228900,0.0,0.0
2026-04-15 00:00:00-04:00,9.6899995803833,9.71500015258789,9.515000343322754,9.609999656677246,167400,0.0,0.0
2026-04-16 00:00:00-04:00,9.569999694824219,9.710000038146973,9.5600004196167,9.569999694824219,216900,0.0,0.0
2026-04-17 00:00:00-04:00,9.65999984741211,9.899999618530273,9.65999984741211,9.739999771118164,308500,0.0,0.0
2026-04-20 00:00:00-04:00,9.619999885559082,9.829999923706055,9.619999885559082,9.65999984741211,203600,0.0,0.0
2026-04-21 00:00:00-04:00,9.680000305175781,9.739999771118164,9.25,9.260000228881836,183700,0.0,0.0
2026-04-22 00:00:00-04:00,9.300000190734863,9.579999923706055,9.15999984741211,9.510000228881836,218700,0.0,0.0
2026-04-23 00:00:00-04:00,9.520000457763672,9.619999885559082,9.460000038146973,9.489999771118164,104300,0.0,0.0
2026-04-24 00:00:00-04:00,9.460000038146973,9.680000305175781,9.300000190734863,9.65999984741211,126200,0.0,0.0
2026-04-27 00:00:00-04:00,9.600000381469727,9.975000381469727,9.600000381469727,9.880000114440918,418000,0.0,0.0
2026-04-28 00:00:00-04:00,9.9399995803833,10.100000381469727,9.890000343322754,10.050000190734863,214700,0.0,0.0
2026-04-29 00:00:00-04:00,9.979999542236328,10.09000015258789,9.795000076293945,9.890000343322754,243600,0.0,0.0
2026-04-30 00:00:00-04:00,9.890000343322754,10.039999961853027,9.819999694824219,9.960000038146973,186300,0.0,0.0
2026-05-01 00:00:00-04:00,10.020000457763672,10.180000305175781,9.944999694824219,9.970000267028809,184800,0.0,0.0
2026-05-04 00:00:00-04:00,9.9399995803833,9.9399995803833,9.414999961853027,9.479999542236328,229400,0.0,0.0
2026-05-05 00:00:00-04:00,9.460000038146973,9.774999618530273,9.460000038146973,9.699999809265137,256700,0.0,0.0
2026-05-06 00:00:00-04:00,9.279999732971191,9.279999732971191,8.34000015258789,8.515000343322754,753400,0.0,0.0
2026-05-07 00:00:00-04:00,8.529999732971191,9.220000267028809,8.529999732971191,9.210000038146973,373900,0.0,0.0
2026-05-08 00:00:00-04:00,9.140000343322754,9.15999984741211,8.85200023651123,8.9399995803833,248600,0.0,0.0
2026-05-11 00:00:00-04:00,8.84000015258789,9.0600004196167,8.432000160217285,9.029999732971191,359200,0.0,0.0
2026-05-12 00:00:00-04:00,8.869999885559082,9.404999732971191,8.869999885559082,9.359999656677246,190700,0.0,0.0
2026-05-13 00:00:00-04:00,9.34000015258789,9.5,9.180000305175781,9.489999771118164,241800,0.0,0.0
2026-05-14 00:00:00-04:00,9.489999771118164,9.569999694824219,9.329000473022461,9.489999771118164,318000,0.0,0.0
2026-05-15 00:00:00-04:00,9.390000343322754,9.460000038146973,9.100000381469727,9.350000381469727,299600,0.0,0.0
2026-05-18 00:00:00-04:00,9.210000038146973,9.649999618530273,8.6899995803833,9.640000343322754,288800,0.0,0.0
2026-05-19 00:00:00-04:00,9.600000381469727,9.640000343322754,9.359999656677246,9.609999656677246,248900,0.0,0.0
2026-05-20 00:00:00-04:00,9.569999694824219,9.720000267028809,9.369999885559082,9.680000305175781,216200,0.0,0.0
2026-05-21 00:00:00-04:00,9.609999656677246,9.65999984741211,9.4399995803833,9.630000114440918,132900,0.0,0.0
2026-05-22 00:00:00-04:00,9.640000343322754,9.774999618530273,9.600000381469727,9.649999618530273,174200,0.0,0.0
2026-05-26 00:00:00-04:00,9.579999923706055,9.645000457763672,9.399999618530273,9.619999885559082,198100,0.0,0.0
2026-05-27 00:00:00-04:00,9.630000114440918,9.899999618530273,9.630000114440918,9.890000343322754,189400,0.0,0.0
2026-05-28 00:00:00-04:00,9.899999618530273,10.079999923706055,9.8100004196167,10.010000228881836,228500,0.0,0.0
2026-05-29 00:00:00-04:00,10.0,10.029999732971191,9.8100004196167,9.84000015258789,278700,0.0,0.0
2026-06-01 00:00:00-04:00,9.760000228881836,9.880000114440918,9.595000267028809,9.720000267028809,186400,0.0,0.0
2026-06-02 00:00:00-04:00,9.720000267028809,9.833100318908691,9.475000381469727,9.479999542236328,165651,0.0,0.0
