Date,Open,High,Low,Close,Volume,Dividends,Stock Splits
2022-01-03 00:00:00-05:00,126.85191710857809,127.17722399253998,125.21579079294409,126.89018249511719,977800,0.0,0.0
2022-01-04 00:00:00-05:00,127.0432557877903,127.52165335126278,124.90002944760097,125.68460845947266,1111400,0.0,0.0
2022-01-05 00:00:00-05:00,126.00032044137073,129.2629944953347,126.00032044137073,126.77532196044922,913700,0.0,0.0
2022-01-06 00:00:00-05:00,126.93798985917249,127.25373395853235,124.53643968465913,124.81390380859375,668300,0.0,0.0
2022-01-07 00:00:00-05:00,125.44543041200376,127.71303056581277,123.33090640816053,127.36858367919922,1106600,0.0,0.0
2022-01-10 00:00:00-05:00,125.62716935573799,128.94724872272818,124.43117576819199,128.82286071777344,1197300,0.0,0.0
2022-01-11 00:00:00-05:00,129.16735263190913,131.03310036112947,128.9759965108802,130.55470275878906,1572800,0.0,0.0
2022-01-12 00:00:00-05:00,129.97105313262742,129.99975581992882,128.04790008575566,129.8466796875,937300,0.0,0.0
2022-01-13 00:00:00-05:00,129.64571826883952,130.3728771892758,128.7559059556556,129.06207275390625,883600,0.0,0.0
2022-01-14 00:00:00-05:00,128.92814073667688,130.4207387684635,127.56949343595996,130.31549072265625,926900,0.0,0.0
2022-01-18 00:00:00-05:00,130.05716396067973,130.0763039524663,127.06240492543282,128.0287628173828,888400,0.0,0.0
2022-01-19 00:00:00-05:00,128.01918188894098,129.38739181633449,126.4117585971237,126.67009735107422,894000,0.0,0.0
2022-01-20 00:00:00-05:00,126.7370638936647,129.14817662542654,126.65094125361223,127.138916015625,635700,0.0,0.0
2022-01-21 00:00:00-05:00,127.84699966434886,128.31583467714117,125.34020032960933,125.83773803710938,715900,0.0,0.0
2022-01-24 00:00:00-05:00,124.45988149343403,126.2969259369366,122.41234100540737,125.86637115478516,1353900,0.0,0.0
2022-01-25 00:00:00-05:00,124.9574425611276,126.05775105691508,122.45063683818968,125.3975601196289,699900,0.0,0.0
2022-01-26 00:00:00-05:00,125.10093247503865,126.59353017476225,123.5222267386844,124.90957641601562,813700,0.0,0.0
2022-01-27 00:00:00-05:00,125.3688393102315,129.26300170796532,125.3688393102315,128.87071228027344,1266200,0.0,0.0
2022-01-28 00:00:00-05:00,128.73676816823834,130.96610223551943,127.01453427510994,130.88955688476562,858900,0.0,0.0
2022-01-31 00:00:00-05:00,129.98062119474935,130.72692021064267,128.66980196978005,130.31549072265625,1102900,0.0,0.0
2022-02-01 00:00:00-05:00,130.0667288546716,131.74112028771415,129.50222324684842,131.71241760253906,1853800,0.0,0.0
2022-02-02 00:00:00-05:00,128.52629210915887,132.0281658036779,126.29695769487334,130.20068359375,1849900,0.0,0.0
2022-02-03 00:00:00-05:00,131.16702112420404,133.30068445460464,129.40652185388745,131.9228973388672,1114400,0.0,0.0
2022-02-04 00:00:00-05:00,130.33461421117232,131.83677474801485,128.81331368673324,130.707763671875,1357600,0.0,0.0
2022-02-07 00:00:00-05:00,131.10005556781087,134.1809366494023,129.54047503906125,133.3867950439453,1737700,0.0,0.0
2022-02-08 00:00:00-05:00,133.5398872599708,136.80254716568672,132.91796174046056,136.0945281982422,2163100,0.0,0.0
2022-02-09 00:00:00-05:00,136.3241403325356,137.35748063005803,134.93679057550784,136.74513244628906,1506100,0.0,0.0
2022-02-10 00:00:00-05:00,135.93190432843363,137.40536254793886,134.79331567722957,135.42478942871094,1359200,0.0,0.0
2022-02-11 00:00:00-05:00,136.0007189586793,136.27910244719197,134.55125291428666,134.6184539794922,1250100,0.46,0.0
2022-02-14 00:00:00-05:00,134.38807441430325,135.28078816371502,132.18026740521216,134.56085205078125,1248200,0.0,0.0
2022-02-15 00:00:00-05:00,135.87590160774235,138.32368653384648,135.19435586196812,135.80870056152344,1066600,0.0,0.0
2022-02-16 00:00:00-05:00,135.3384091552646,137.29662913736126,135.1272267021678,137.00865173339844,1433000,0.0,0.0
2022-02-17 00:00:00-05:00,136.40387353398287,137.58456441688375,135.72232770817857,136.41346740722656,1344000,0.0,0.0
2022-02-18 00:00:00-05:00,136.40389662361028,138.43891127798508,135.35757837754545,135.82794189453125,1099300,0.0,0.0
2022-02-22 00:00:00-05:00,135.96235383141232,136.30792380158363,133.57216031713253,134.92564392089844,985400,0.0,0.0
2022-02-23 00:00:00-05:00,135.5687475598514,136.04870490482432,133.63932430602918,133.87930297851562,1095200,0.0,0.0
2022-02-24 00:00:00-05:00,132.05549344188117,132.40104872792836,129.3005278519638,132.3338623046875,1807900,0.0,0.0
2022-02-25 00:00:00-05:00,133.64895137704713,136.64389591364528,133.64895137704713,136.2311248779297,1082000,0.0,0.0
2022-02-28 00:00:00-05:00,133.72569384500514,136.989412108851,132.84257421515514,136.81661987304688,1241200,0.0,0.0
2022-03-01 00:00:00-05:00,136.73025961594496,137.584583159324,134.7144327779268,136.2790985107422,952600,0.0,0.0
2022-03-02 00:00:00-05:00,136.9318157695299,138.33329757057794,136.48065472278302,137.26779174804688,1008200,0.0,0.0
2022-03-03 00:00:00-05:00,137.86296093884096,139.88838178284306,137.71897957555504,139.63880920410156,721100,0.0,0.0
2022-03-04 00:00:00-05:00,137.74775290251063,141.59700539357726,137.35418437890527,141.3954315185547,1059400,0.0,0.0
2022-03-07 00:00:00-05:00,141.00188590785243,142.47055439593177,138.986058947242,139.0340576171875,1411500,0.0,0.0
2022-03-08 00:00:00-05:00,138.640449341455,140.61788558831702,137.3925721629234,138.6212615966797,1282600,0.0,0.0
2022-03-09 00:00:00-05:00,140.57953280389762,141.2706726969251,139.18765914190632,139.98439025878906,1458300,0.0,0.0
2022-03-10 00:00:00-05:00,139.28362886769304,141.73139963566683,138.61167685979692,140.31072998046875,1311400,0.0,0.0
2022-03-11 00:00:00-05:00,140.2339424449713,141.61622202982198,138.6692913610427,138.76527404785156,1041300,0.0,0.0
2022-03-14 00:00:00-04:00,140.1379287119516,140.48349853160659,137.45016507542746,140.29150390625,1033500,0.0,0.0
2022-03-15 00:00:00-04:00,141.0786661642947,145.47507729573996,140.65630134816186,145.3214874267578,1843000,0.0,0.0
2022-03-16 00:00:00-04:00,145.5998707855077,146.91496403016106,142.37457109766817,144.46717834472656,1002200,0.0,0.0
2022-03-17 00:00:00-04:00,144.01603122518517,146.29102485031018,143.68966367461195,146.0990447998047,1291300,0.0,0.0
2022-03-18 00:00:00-04:00,146.10860144154253,146.33897156149186,144.0927750091834,145.90701293945312,2036700,0.0,0.0
2022-03-21 00:00:00-04:00,146.48301142406004,149.51633120695357,146.33901540881266,147.0397491455078,1049300,0.0,0.0
2022-03-22 00:00:00-04:00,147.64448643486318,148.47001371179235,145.53267689882998,146.01263427734375,1057600,0.0,0.0
2022-03-23 00:00:00-04:00,145.91664183845407,146.4445979019601,144.50556592650946,145.4558868408203,1038300,0.0,0.0
2022-03-24 00:00:00-04:00,146.3678058751359,146.74217206450467,145.2255049096642,146.4925994873047,696800,0.0,0.0
2022-03-25 00:00:00-04:00,146.71337900177843,149.11316607514098,146.58860003401736,148.48922729492188,760600,0.0,0.0
2022-03-28 00:00:00-04:00,147.8748681589033,148.59480421162712,146.3965912615806,148.52760314941406,676500,0.0,0.0
2022-03-29 00:00:00-04:00,148.88277197902644,149.12275064782105,147.2317175659487,148.82516479492188,869700,0.0,0.0
2022-03-30 00:00:00-04:00,149.199541927279,149.98667904955664,147.73087353779667,148.92117309570312,751700,0.0,0.0
2022-03-31 00:00:00-04:00,148.4507851551195,150.64899776373514,147.88443906358887,148.50839233398438,1052400,0.0,0.0
2022-04-01 00:00:00-04:00,148.71960434600342,151.14820245173865,147.89409161590615,150.24588012695312,822800,0.0,0.0
2022-04-04 00:00:00-04:00,149.75628594597515,149.75628594597515,147.6636789463632,148.5467987060547,994300,0.0,0.0
2022-04-05 00:00:00-04:00,148.42200944963244,151.43614108719345,148.42200944963244,149.5163116455078,707600,0.0,0.0
2022-04-06 00:00:00-04:00,149.2283390693603,152.51124543968683,149.2283390693603,151.8009033203125,922100,0.0,0.0
2022-04-07 00:00:00-04:00,151.79134224564993,157.24365164664715,151.20579359228367,156.3893280029297,1653500,0.0,0.0
2022-04-08 00:00:00-04:00,156.96528429144666,160.2097866053836,156.5045146060052,158.80831909179688,2019600,0.0,0.0
2022-04-11 00:00:00-04:00,159.05788539105484,159.74902524472537,155.4870010294697,156.13014221191406,1420700,0.0,0.0
2022-04-12 00:00:00-04:00,154.72866254169034,156.61008726930407,153.11599812802743,156.10133361816406,1100800,0.0,0.0
2022-04-13 00:00:00-04:00,156.11094548090608,157.5700054017115,154.9014434829898,156.42771911621094,1075400,0.0,0.0
2022-04-14 00:00:00-04:00,156.7445044775355,157.71402794339141,154.0567543569082,154.74789428710938,2988800,0.0,0.0
2022-04-18 00:00:00-04:00,153.91275237666233,156.19735453800715,153.91275237666233,155.41021728515625,940300,0.0,0.0
2022-04-19 00:00:00-04:00,155.87096717604388,156.9076768995094,155.13182869181492,156.32212829589844,905700,0.0,0.0
2022-04-20 00:00:00-04:00,157.0900153182064,159.7969814671889,157.0900153182064,159.08663940429688,924300,0.0,0.0
2022-04-21 00:00:00-04:00,159.04826191234727,160.48813389830423,157.5315949961497,158.40512084960938,928800,0.0,0.0
2022-04-22 00:00:00-04:00,156.9460660826485,157.0132671476828,152.43446955893558,152.62644958496094,1301500,0.0,0.0
2022-04-25 00:00:00-04:00,152.01208458384795,152.49204190892362,149.20913556306232,152.11767578125,1444400,0.0,0.0
2022-04-26 00:00:00-04:00,151.5897506860785,155.2086337558238,150.79301960643423,150.9466094970703,1409200,0.0,0.0
2022-04-27 00:00:00-04:00,151.0905709138507,152.85682512865884,149.15155372738178,151.14817810058594,915300,0.0,0.0
2022-04-28 00:00:00-04:00,151.49376051475645,152.54965800471845,150.74501349663484,151.4265594482422,1060800,0.0,0.0
2022-04-29 00:00:00-04:00,150.6682396737635,150.9082183836721,144.6687719260482,145.2255096435547,2057100,0.0,0.0
2022-05-02 00:00:00-04:00,146.1662263130867,146.77096265889475,141.92340478200242,142.99850463867188,2102600,0.0,0.0
2022-05-03 00:00:00-04:00,143.40165737937784,145.66705667199076,143.21927124165038,144.71673583984375,1766300,0.0,0.0
2022-05-04 00:00:00-04:00,147.481309632151,150.86980771233047,143.97762646278528,150.50503540039062,2816100,0.0,0.0
2022-05-05 00:00:00-04:00,148.66199748546714,150.28425580932557,147.27012398207867,148.96917724609375,1543100,0.0,0.0
2022-05-06 00:00:00-04:00,148.2108395410388,152.7896372468843,147.85567575145208,152.63604736328125,1880100,0.0,0.0
2022-05-09 00:00:00-04:00,151.91610149742468,153.1831959850003,150.33224803509168,151.0137939453125,1936800,0.0,0.0
2022-05-10 00:00:00-04:00,151.61852935086955,154.42147861732502,151.10018183909574,153.25038146972656,1779100,0.0,0.0
2022-05-11 00:00:00-04:00,153.3463730625335,158.01155908243405,152.78002690581548,154.83424377441406,1904200,0.0,0.0
2022-05-12 00:00:00-04:00,142.72971988535195,145.64785414494398,139.79238323045442,145.5326690673828,5495900,0.0,0.0
2022-05-13 00:00:00-04:00,146.23554865986458,148.32490119228953,144.57946942547667,147.2080078125,1974500,0.46,0.0
2022-05-16 00:00:00-04:00,148.10343877385353,150.74159997912753,147.59312218367492,148.80630493164062,1613800,0.0,0.0
2022-05-17 00:00:00-04:00,149.884701613822,151.63707045774942,146.98657009315016,151.09786987304688,1987300,0.0,0.0
2022-05-18 00:00:00-04:00,151.09788573961006,151.7044772787766,145.17644867569496,145.4941864013672,2040500,0.0,0.0
2022-05-19 00:00:00-04:00,143.87659074477955,144.83942684058897,141.37322571070277,143.82846069335938,1373700,0.0,0.0
2022-05-20 00:00:00-04:00,144.03063937014767,146.04296316316191,142.57676224206926,144.5987091064453,2256100,0.0,0.0
2022-05-23 00:00:00-04:00,146.2644209525275,148.20933910335813,145.11864375663245,147.02505493164062,975700,0.0,0.0
2022-05-24 00:00:00-04:00,147.31391678697034,147.9975368520999,144.51206033383465,147.3909454345703,1002000,0.0,0.0
2022-05-25 00:00:00-04:00,147.01544511814967,149.24921721007564,146.20666632754094,148.53672790527344,1424300,0.0,0.0
2022-05-26 00:00:00-04:00,151.32895323718097,152.2436446250467,149.692134749677,150.00987243652344,1601500,0.0,0.0
2022-05-27 00:00:00-04:00,149.74988289152432,151.20375997208936,148.8063077189853,151.03045654296875,1650200,0.0,0.0
2022-05-31 00:00:00-04:00,150.20242210490858,150.56830450112736,148.01678018239497,149.03738403320312,4329600,0.0,0.0
2022-06-01 00:00:00-04:00,150.65495531606754,151.05934468707568,139.9674694690235,144.43502807617188,2730400,0.0,0.0
2022-06-02 00:00:00-04:00,144.3484070720396,144.73355038235957,140.1985852359541,142.70196533203125,1409500,0.0,0.0
2022-06-03 00:00:00-04:00,142.16274960139947,143.37593253543633,141.34434770084087,141.5657958984375,875500,0.0,0.0
2022-06-06 00:00:00-04:00,141.71985353566888,142.4130967305263,140.72813348863662,141.43099975585938,796600,0.0,0.0
2022-06-07 00:00:00-04:00,142.2494158932837,144.16545039949793,140.95920430650577,144.00177001953125,1039900,0.0,0.0
2022-06-08 00:00:00-04:00,143.30851609943693,143.30851609943693,140.6992385959106,140.97845458984375,847600,0.0,0.0
2022-06-09 00:00:00-04:00,139.98671157271465,141.30579206058079,138.54245771591175,138.60986328125,938800,0.0,0.0
2022-06-10 00:00:00-04:00,137.24265970724258,140.51631146448662,136.94418284847947,139.08168029785156,1164200,0.0,0.0
2022-06-13 00:00:00-04:00,136.94417977132724,138.50398430499354,135.7502723631021,136.2605743408203,1437900,0.0,0.0
2022-06-14 00:00:00-04:00,136.2509209640635,137.32930730523987,134.893333330974,135.9620819091797,1220700,0.0,0.0
2022-06-15 00:00:00-04:00,136.02948966081152,138.8313463743454,135.8465484422235,137.02120971679688,1309500,0.0,0.0
2022-06-16 00:00:00-04:00,135.57697077595367,136.77089302170026,133.6705591038892,135.72140502929688,1136100,0.0,0.0
2022-06-17 00:00:00-04:00,136.27019882891472,137.45448317708204,134.67188729748366,135.4517822265625,2942100,0.0,0.0
2022-06-21 00:00:00-04:00,135.44215579214563,139.05279125693426,134.84520209664882,137.93589782714844,1210600,0.0,0.0
2022-06-22 00:00:00-04:00,137.50260392554733,140.131142036741,137.30041659714612,139.63047790527344,969900,0.0,0.0
2022-06-23 00:00:00-04:00,140.48740226875407,140.94955942843876,138.29213739561274,139.22608947753906,1028800,0.0,0.0
2022-06-24 00:00:00-04:00,140.1600466975318,143.47219027035362,137.87811533628192,142.94264221191406,4123400,0.0,0.0
2022-06-27 00:00:00-04:00,142.79819322646588,144.15579540235677,142.31677526551536,143.67437744140625,1138400,0.0,0.0
2022-06-28 00:00:00-04:00,143.36628550980916,144.425411067657,137.82997808554896,137.86849975585938,1731800,0.0,0.0
2022-06-29 00:00:00-04:00,138.5424954156404,139.08168131822802,137.53151450243155,138.2440185546875,1220300,0.0,0.0
2022-06-30 00:00:00-04:00,137.0019100883607,138.14768712943922,135.57691710809027,136.22201538085938,1299400,0.0,0.0
2022-07-01 00:00:00-04:00,136.5782910548613,138.13808065727574,134.1230563420788,137.82034301757812,985400,0.0,0.0
2022-07-05 00:00:00-04:00,136.96344359328796,137.28118128870688,133.10247588540452,135.48068237304688,1030100,0.0,0.0
2022-07-06 00:00:00-04:00,135.0762480898788,136.4627341996094,134.35412113203665,134.64297485351562,1525100,0.0,0.0
2022-07-07 00:00:00-04:00,135.2303174984108,136.64568763809115,134.86444979731198,135.55767822265625,942100,0.0,0.0
2022-07-08 00:00:00-04:00,135.75988992691944,138.69654296651808,135.4806739226291,137.25228881835938,987900,0.0,0.0
2022-07-11 00:00:00-04:00,135.57695259573438,137.17526409142843,134.36378436559437,136.06800842285156,1086900,0.0,0.0
2022-07-12 00:00:00-04:00,135.92357614445302,138.46546296682692,135.37476718424855,136.1257781982422,812600,0.0,0.0
2022-07-13 00:00:00-04:00,134.9318444753493,135.92356443897984,133.86309586413327,133.94012451171875,836000,0.0,0.0
2022-07-14 00:00:00-04:00,131.96632170825777,134.7585553866372,131.27307849788176,134.3445281982422,1279000,0.0,0.0
2022-07-15 00:00:00-04:00,136.2701805911506,136.9923076053869,134.691130107689,136.93453979492188,977100,0.0,0.0
2022-07-18 00:00:00-04:00,137.06933979295508,137.42558442783897,134.614104942745,135.1821746826172,763700,0.0,0.0
2022-07-19 00:00:00-04:00,136.53977261710554,138.0706783513639,135.84652951259014,137.77220153808594,648300,0.0,0.0
2022-07-20 00:00:00-04:00,137.7433499670837,137.7433499670837,135.28811461988926,136.23170471191406,514200,0.0,0.0
2022-07-21 00:00:00-04:00,136.125763330148,136.94416514487384,134.43116250584612,136.85751342773438,810400,0.0,0.0
2022-07-22 00:00:00-04:00,138.13811491488627,138.54250436795778,136.2028193841051,137.20416259765625,675300,0.0,0.0
2022-07-25 00:00:00-04:00,137.7721971132601,140.34296742172623,137.5700097844352,138.7928009033203,600000,0.0,0.0
2022-07-26 00:00:00-04:00,139.19721052892385,139.96746759191691,138.5039674188607,139.8037872314453,696500,0.0,0.0
2022-07-27 00:00:00-04:00,139.04317450564093,140.0541554200838,137.24266088164958,139.67864990234375,802000,0.0,0.0
2022-07-28 00:00:00-04:00,139.50534366640233,140.61259947714933,137.86852497984427,140.1600799560547,639200,0.0,0.0
2022-07-29 00:00:00-04:00,139.93856791122477,140.8340129489918,139.38975908112437,140.5066375732422,682200,0.0,0.0
2022-08-01 00:00:00-04:00,140.09262518314102,142.0471809089848,139.56306249324763,140.5066375732422,1077900,0.0,0.0
2022-08-02 00:00:00-04:00,140.87253531281775,141.2576785346891,137.1848716042777,137.5026092529297,1387200,0.0,0.0
2022-08-03 00:00:00-04:00,137.72409590609246,139.25501676676996,131.99522294186175,133.83424377441406,2622100,0.0,0.0
2022-08-04 00:00:00-04:00,136.05834078942885,140.95917207046054,133.89195998081493,134.0941619873047,1576200,0.0,0.0
2022-08-05 00:00:00-04:00,133.6223757620035,136.06798737184363,133.6223757620035,136.058349609375,982500,0.0,0.0
2022-08-08 00:00:00-04:00,136.28944233570806,136.99230852058105,135.1436651147914,135.3939971923828,1127100,0.0,0.0
2022-08-09 00:00:00-04:00,136.40497624924,140.4392614958785,136.12576026971968,139.3416290283203,1395900,0.0,0.0
2022-08-10 00:00:00-04:00,140.00599736442865,141.33470115920278,139.36089895638855,140.169677734375,772200,0.0,0.0
2022-08-11 00:00:00-04:00,139.41868042898338,142.79823009847564,138.71581413818703,142.71157836914062,1138400,0.0,0.0
2022-08-12 00:00:00-04:00,143.09789383754853,145.47383597698618,142.72121936483524,145.35794067382812,880900,0.46,0.0
2022-08-15 00:00:00-04:00,144.57564122490436,146.3044769715149,143.1848384128513,145.6670379638672,1021900,0.0,0.0
2022-08-16 00:00:00-04:00,145.32899004585767,147.76289496283061,144.86539402177536,147.4441680908203,966000,0.0,0.0
2022-08-17 00:00:00-04:00,146.8066914581598,148.11057257332726,144.32449229834538,144.42108154296875,852700,0.0,0.0
2022-08-18 00:00:00-04:00,144.7977694854585,145.32898090539848,142.7212331699533,144.78811645507812,552900,0.0,0.0
2022-08-19 00:00:00-04:00,145.37725959191854,147.33790037807557,144.9329697064702,146.83566284179688,902000,0.0,0.0
2022-08-22 00:00:00-04:00,146.3238039046481,146.80672074921787,143.59049279588874,143.89956665039062,568900,0.0,0.0
2022-08-23 00:00:00-04:00,143.4745828849562,144.1410104207124,142.6149915784977,142.9626922607422,552800,0.0,0.0
2022-08-24 00:00:00-04:00,143.3103959691353,143.65809665872186,142.10310395493906,143.16551208496094,455200,0.0,0.0
2022-08-25 00:00:00-04:00,143.20414912150295,145.37727467784467,142.7502061596266,145.2806854248047,747100,0.0,0.0
2022-08-26 00:00:00-04:00,145.3193189757887,145.8118887691407,141.04066878714846,141.19520568847656,766700,0.0,0.0
2022-08-29 00:00:00-04:00,140.0555276797889,143.70637757785178,139.46636858314642,142.4508056640625,892600,0.0,0.0
2022-08-30 00:00:00-04:00,141.86162141115406,142.71154482304772,140.19071893688314,140.46115112304688,859700,0.0,0.0
2022-08-31 00:00:00-04:00,140.65436353865923,142.56671009863067,140.58674810708004,141.55258178710938,1079100,0.0,0.0
2022-09-01 00:00:00-04:00,141.55255280432382,142.66327015141044,140.39355557308295,142.56668090820312,659000,0.0,0.0
2022-09-02 00:00:00-04:00,142.99164888740322,145.2420426521146,142.08376306312618,142.66326904296875,698400,0.0,0.0
2022-09-06 00:00:00-04:00,142.9819943061531,143.92852180967915,140.52878353848195,141.03102111816406,861600,0.0,0.0
2022-09-07 00:00:00-04:00,140.91509904738592,143.1558397983067,140.0168809836207,142.788818359375,662400,0.0,0.0
2022-09-08 00:00:00-04:00,142.48941618427398,143.6967080686642,141.8809363585574,142.4990692138672,752900,0.0,0.0
2022-09-09 00:00:00-04:00,142.4990762164569,142.96268693380898,141.62017888189249,142.23831176757812,854700,0.0,0.0
2022-09-12 00:00:00-04:00,143.0013019166692,144.40175750759795,142.12238991763937,142.66326904296875,825300,0.0,0.0
2022-09-13 00:00:00-04:00,141.34006052005583,141.61049270128936,135.59335456267056,136.16319274902344,1274400,0.0,0.0
2022-09-14 00:00:00-04:00,136.14393211315723,137.02282962666885,134.2798653090504,135.32296752929688,1072000,0.0,0.0
2022-09-15 00:00:00-04:00,136.08595828893743,136.11493212005848,134.60823395195496,135.033203125,1103900,0.0,0.0
2022-09-16 00:00:00-04:00,134.90760916450242,136.2597848363952,134.36674479072485,135.74789428710938,2818200,0.0,0.0
2022-09-19 00:00:00-04:00,134.76278459203294,135.89280833312142,134.30884154166574,135.57408142089844,1735000,0.0,0.0
2022-09-20 00:00:00-04:00,134.90763064786083,135.43884207721683,133.4299064136667,134.15428161621094,898000,0.0,0.0
2022-09-21 00:00:00-04:00,135.14906773248183,137.39946144193937,134.3570919660882,134.3667449951172,977000,0.0,0.0
2022-09-22 00:00:00-04:00,134.3377837870239,136.15355556152508,133.94178849791243,135.22634887695312,707800,0.0,0.0
2022-09-23 00:00:00-04:00,134.5599522535508,134.69516837611948,130.73524448489798,132.5123748779297,1095100,0.0,0.0
2022-09-26 00:00:00-04:00,131.7010440198034,132.58960898609897,131.06359043394517,131.69139099121094,1271300,0.0,0.0
2022-09-27 00:00:00-04:00,132.3385496700961,133.29471568760863,130.5517512685047,130.81253051757812,1058100,0.0,0.0
2022-09-28 00:00:00-04:00,132.42541343228046,134.4440016306983,131.1891479025113,133.68099975585938,1078000,0.0,0.0
2022-09-29 00:00:00-04:00,133.6713538742105,133.6713538742105,130.63863719726876,131.4209747314453,1123000,0.0,0.0
2022-09-30 00:00:00-04:00,131.93288116021674,132.79247251058734,130.52275756089722,130.70626831054688,1337600,0.0,0.0
2022-10-03 00:00:00-04:00,131.61415002311958,134.97524685590733,131.16986007850707,134.55027770996094,1016400,0.0,0.0
2022-10-04 00:00:00-04:00,135.23602329827386,137.9693341244466,134.80140113058548,137.85342407226562,1074400,0.0,0.0
2022-10-05 00:00:00-04:00,136.99383347171914,138.61644157353712,136.27912604394135,137.58299255371094,728000,0.0,0.0
2022-10-06 00:00:00-04:00,137.2835962006923,137.5154015851792,134.84969124466244,135.12979125976562,938800,0.0,0.0
2022-10-07 00:00:00-04:00,134.05771291830592,134.51165591060382,132.1936463193578,132.65725708007812,1034600,0.0,0.0
2022-10-10 00:00:00-04:00,132.9759774494721,134.37644811188497,132.4158068694503,132.91802978515625,1024900,0.0,0.0
2022-10-11 00:00:00-04:00,134.60820929834804,138.36530099926946,134.60820929834804,136.86827087402344,1582600,0.0,0.0
2022-10-12 00:00:00-04:00,137.86307166089563,138.3942682672899,134.09631237155708,134.19290161132812,1418700,0.0,0.0
2022-10-13 00:00:00-04:00,132.1743385874914,137.69890814793558,131.42098953265372,137.19667053222656,1007100,0.0,0.0
2022-10-14 00:00:00-04:00,138.41361984504243,138.79029438400144,134.9849073949299,135.7962188720703,731100,0.0,0.0
2022-10-17 00:00:00-04:00,136.61717834337844,138.57781963889943,136.61717834337844,137.51541137695312,961700,0.0,0.0
2022-10-18 00:00:00-04:00,139.29249583460492,140.28730306980458,138.25904700996063,139.0703582763672,836500,0.0,0.0
2022-10-19 00:00:00-04:00,138.98343525154536,139.89132110278078,136.97451453332408,138.1045379638672,569800,0.0,0.0
2022-10-20 00:00:00-04:00,138.4329237533015,138.4329237533015,136.74271504979623,137.89205932617188,877600,0.0,0.0
2022-10-21 00:00:00-04:00,137.60230748620683,143.32004035194234,137.60230748620683,142.68258666992188,1538300,0.0,0.0
2022-10-24 00:00:00-04:00,144.09272176991593,145.5800990772085,143.04961967991974,144.9716339111328,1177100,0.0,0.0
2022-10-25 00:00:00-04:00,143.9478299247672,147.6662950936042,143.72569232839967,147.55039978027344,1078100,0.0,0.0
2022-10-26 00:00:00-04:00,148.70939905115014,150.0422541215124,148.22648225608566,149.40480041503906,909800,0.0,0.0
2022-10-27 00:00:00-04:00,150.04222869836457,152.70792364996288,150.04222869836457,150.57342529296875,985700,0.0,0.0
2022-10-28 00:00:00-04:00,150.96945762683603,153.95388011091538,150.73766697949915,153.86695861816406,848200,0.0,0.0
2022-10-31 00:00:00-04:00,152.96874402672856,154.0021784080979,151.06605048479406,151.84837341308594,1045500,0.0,0.0
2022-11-01 00:00:00-04:00,151.9932241761879,152.16708188224086,149.45309190886738,150.97911071777344,1154000,0.0,0.0
2022-11-02 00:00:00-04:00,150.641076756575,152.8335232858384,149.48207931493226,149.5207061767578,1196000,0.0,0.0
2022-11-03 00:00:00-04:00,147.7628750976612,154.06976678579986,145.69599196041062,152.44715881347656,1748600,0.0,0.0
2022-11-04 00:00:00-04:00,154.5043695671725,161.57426236379484,153.8572629602204,156.1173095703125,2719300,0.0,0.0
2022-11-07 00:00:00-05:00,156.40706973278586,158.02000981013555,155.0645618398152,156.47467041015625,1393600,0.0,0.0
2022-11-08 00:00:00-05:00,149.61726245127988,154.67822026939908,149.61726245127988,154.20497131347656,8144900,0.0,0.0
2022-11-09 00:00:00-05:00,154.20497843459705,156.8416997338313,152.41818058445892,152.7852020263672,1980700,0.0,0.0
2022-11-10 00:00:00-05:00,156.17116159422685,156.30679352796005,148.98263954082205,150.16458129882812,4479300,0.485,0.0
2022-11-11 00:00:00-05:00,150.66838632154574,150.98809338174524,142.51105927619145,148.23667907714844,2944500,0.0,0.0
2022-11-14 00:00:00-05:00,148.2270037084391,151.94720731247116,148.2270037084391,149.9030303955078,2006800,0.0,0.0
2022-11-15 00:00:00-05:00,149.99020770316602,151.39497022187817,146.96752986961735,148.0138397216797,1641300,0.0,0.0
2022-11-16 00:00:00-05:00,148.92452253606268,151.79217352915262,148.92452253606268,150.93963623046875,1213700,0.0,0.0
2022-11-17 00:00:00-05:00,150.16458647404158,154.02042139400515,150.0773976813737,153.96229553222656,1658900,0.0,0.0
2022-11-18 00:00:00-05:00,155.00862027391975,156.94622802734375,154.14638541495702,156.94622802734375,1579700,0.0,0.0
2022-11-21 00:00:00-05:00,156.94621890926598,158.07971760523347,154.834233676465,155.29925537109375,1405200,0.0,0.0
2022-11-22 00:00:00-05:00,157.35311673574373,160.32735159791196,156.93653818340718,159.57168579101562,1268800,0.0,0.0
2022-11-23 00:00:00-05:00,159.78483109178214,161.06365942323566,159.03886268120962,160.36611938476562,916100,0.0,0.0
2022-11-25 00:00:00-05:00,161.38337380441757,162.68156763031078,160.7827200485396,162.4684295654297,915000,0.0,0.0
2022-11-28 00:00:00-05:00,161.9161951456094,163.3403380138068,161.69335961243237,161.95494079589844,1674100,0.0,0.0
2022-11-29 00:00:00-05:00,161.81933091952658,163.3403602950912,161.27680304483056,162.6621856689453,1680400,0.0,0.0
2022-11-30 00:00:00-05:00,161.96463161541053,165.89798793273326,161.59649617953937,165.36514282226562,2275800,0.0,0.0
2022-12-01 00:00:00-05:00,165.65576876532182,166.79895016519495,164.49319236730258,166.2758026123047,1144800,0.0,0.0
2022-12-02 00:00:00-05:00,166.06267900398294,169.1822287250139,165.8495409646995,168.56219482421875,1529900,0.0,0.0
2022-12-05 00:00:00-05:00,167.7677759092148,167.7677759092148,165.55890411662412,165.93673706054688,1336700,0.0,0.0
2022-12-06 00:00:00-05:00,166.01424107457444,166.6342749948723,163.2822069120662,164.0378875732422,953500,0.0,0.0
2022-12-07 00:00:00-05:00,164.7063362039461,166.42112314707873,164.46413524293536,164.97760009765625,1224400,0.0,0.0
2022-12-08 00:00:00-05:00,165.68484654246015,166.3339433792757,164.33820971744225,165.14231872558594,882200,0.0,0.0
2022-12-09 00:00:00-05:00,160.34672562596563,161.72242536823012,159.38761924114152,160.17234802246094,2979500,0.0,0.0
2022-12-12 00:00:00-05:00,160.8117492024716,161.98399353027344,159.8913737598508,161.98399353027344,1401700,0.0,0.0
2022-12-13 00:00:00-05:00,162.68151009903835,162.68151009903835,159.10662220014052,159.8816680908203,1735500,0.0,0.0
2022-12-14 00:00:00-05:00,160.30795456700852,161.20893494119696,159.12601283245016,160.11419677734375,2024500,0.0,0.0
2022-12-15 00:00:00-05:00,159.21321194326944,160.61797448788408,158.6319385365872,160.4339141845703,1848000,0.0,0.0
2022-12-16 00:00:00-05:00,159.90108270872915,161.85807067765074,159.3294919696892,161.5867919921875,2909900,0.0,0.0
2022-12-19 00:00:00-05:00,161.80962962998655,163.48565621826216,161.1702155155782,162.00338745117188,1476500,0.0,0.0
2022-12-20 00:00:00-05:00,162.32306582972822,163.34999540507306,161.83866397096017,162.1583709716797,1078800,0.0,0.0
2022-12-21 00:00:00-05:00,163.00126027841432,164.5319722528816,161.81931830803802,164.0378875732422,1159100,0.0,0.0
2022-12-22 00:00:00-05:00,164.0475209943541,165.72354714072338,162.83651645277536,163.98939514160156,962400,0.0,0.0
2022-12-23 00:00:00-05:00,163.93131331594756,165.12293796572047,163.5728458230827,164.7063446044922,528000,0.0,0.0
2022-12-27 00:00:00-05:00,164.69664805034208,164.99697486683726,163.52438893332834,163.72784423828125,740300,0.0,0.0
2022-12-28 00:00:00-05:00,164.27035755198926,164.62881020042056,161.90647409333906,162.1389923095703,804700,0.0,0.0
2022-12-29 00:00:00-05:00,162.75899117581625,163.28213857160608,160.6760695232808,160.8698272705078,1480000,0.0,0.0
2022-12-30 00:00:00-05:00,160.86020438564475,161.0442795048584,159.12605178687863,160.54051208496094,1209700,0.0,0.0
2023-01-03 00:00:00-05:00,159.60075322632713,159.8429541913395,157.76001702256914,159.16477966308594,1940900,0.0,0.0
2023-01-04 00:00:00-05:00,159.58133992381414,159.76541498430288,156.80087815243564,157.78904724121094,1912200,0.0,0.0
2023-01-05 00:00:00-05:00,157.40155229259392,158.31223021666915,156.19054756010505,157.99252319335938,1610100,0.0,0.0
2023-01-06 00:00:00-05:00,159.49420202530595,161.26711506115674,158.73853611268436,160.54051208496094,1216400,0.0,0.0
2023-01-09 00:00:00-05:00,161.0248692715129,162.48775753480828,159.79448443494084,159.82354736328125,1323500,0.0,0.0
2023-01-10 00:00:00-05:00,160.64707949269493,162.7106218719934,159.75576684204106,162.04214477539062,1126600,0.0,0.0
2023-01-11 00:00:00-05:00,162.46838781458595,163.57282351116476,159.62010239110057,160.23045349121094,1225800,0.0,0.0
2023-01-12 00:00:00-05:00,160.10452254867212,160.79237980214282,159.00008672601516,159.75575256347656,1041600,0.0,0.0
2023-01-13 00:00:00-05:00,159.19388128818605,160.83114764003864,159.03886909943134,159.15512084960938,1390700,0.0,0.0
2023-01-17 00:00:00-05:00,159.15510061234926,160.1820303624126,158.62225552049352,159.03884887695312,1264600,0.0,0.0
2023-01-18 00:00:00-05:00,158.8935068170158,159.3876062187916,157.83751421689456,157.8665771484375,1139800,0.0,0.0
2023-01-19 00:00:00-05:00,157.87628329251936,159.3682347302545,157.24655191480247,157.85690307617188,1358000,0.0,0.0
2023-01-20 00:00:00-05:00,158.76758947621468,159.19386556179128,156.23901068020302,157.14968872070312,1612900,0.0,0.0
2023-01-23 00:00:00-05:00,157.62438089388732,158.45755278274822,156.44243903334572,156.67495727539062,1107600,0.0,0.0
2023-01-24 00:00:00-05:00,156.11306581386825,156.98498344404152,152.7222520344334,156.39401245117188,1087800,0.0,0.0
2023-01-25 00:00:00-05:00,156.23900441315533,158.3800526896819,156.20024397996247,158.36068725585938,1110300,0.0,0.0
2023-01-26 00:00:00-05:00,158.62229114591122,160.04643435546237,157.7213104286893,159.76548767089844,1067300,0.0,0.0
2023-01-27 00:00:00-05:00,160.44361154982798,161.46085858286636,158.56412965279546,159.03884887695312,1626500,0.0,0.0
2023-01-30 00:00:00-05:00,159.32947973974123,161.09269497187898,159.26165637788796,160.1529541015625,1175700,0.0,0.0
2023-01-31 00:00:00-05:00,161.9549350329544,163.89254269948412,160.70518459246298,163.68910217285156,2114600,0.0,0.0
2023-02-01 00:00:00-05:00,162.90434620989978,163.32093951343194,155.2023592801746,156.02584838867188,2352100,0.0,0.0
2023-02-02 00:00:00-05:00,156.4618109497,156.77183525598133,152.79973383269416,153.52633666992188,2643100,0.0,0.0
2023-02-03 00:00:00-05:00,154.37892909314237,154.73738185607476,151.0365433417809,151.8406524658203,1501500,0.0,0.0
2023-02-06 00:00:00-05:00,152.3153318965413,152.67378456564796,149.36047740279398,149.67050170898438,1560000,0.0,0.0
2023-02-07 00:00:00-05:00,149.41859228087193,152.38312927272727,148.2366505702566,151.8987274169922,1511600,0.0,0.0
2023-02-08 00:00:00-05:00,151.57905297175694,153.54572355398676,150.92994140013295,152.92568969726562,1009500,0.0,0.0
2023-02-09 00:00:00-05:00,153.25122446519018,153.64966177951743,150.57880293421456,150.64683532714844,1057700,0.485,0.0
2023-02-10 00:00:00-05:00,151.33680742125784,154.69920634310012,151.06470748866187,154.54371643066406,1313600,0.0,0.0
2023-02-13 00:00:00-05:00,154.407659001476,155.4086011683621,153.68852931246715,154.13555908203125,1419500,0.0,0.0
2023-02-14 00:00:00-05:00,154.7867028542188,155.70018778450057,152.58073550431894,152.92086791992188,1100700,0.0,0.0
2023-02-15 00:00:00-05:00,152.19197603706118,154.76721265043395,151.59918376382572,154.3299102783203,1483600,0.0,0.0
2023-02-16 00:00:00-05:00,153.68854067258482,156.31238481998585,153.01801821117624,155.94309997558594,1609300,0.0,0.0
2023-02-17 00:00:00-05:00,156.16658881019694,158.97506021601976,155.44747398225815,156.93431091308594,1991200,0.0,0.0
2023-02-21 00:00:00-05:00,156.2637930159572,157.35219277870306,155.6515607352453,156.3026580810547,1239400,0.0,0.0
2023-02-22 00:00:00-05:00,156.44845655638863,157.05096153090147,154.75753684388067,155.6127166748047,945300,0.0,0.0
2023-02-23 00:00:00-05:00,155.3406206758979,156.75942561899234,154.01898582531928,155.00048828125,848500,0.0,0.0
2023-02-24 00:00:00-05:00,154.69918447761276,155.1947918215766,150.9577886907327,154.0966796875,1101200,0.0,0.0
2023-02-27 00:00:00-05:00,154.3785436170137,154.8352860548306,151.20078650216803,152.21145629882812,1010200,0.0,0.0
2023-02-28 00:00:00-05:00,151.59917487184617,152.20167966793719,150.39415045133188,151.1715850830078,1852900,0.0,0.0
2023-03-01 00:00:00-05:00,150.6954381235662,152.44464774674864,150.16095081500077,152.0948028564453,965500,0.0,0.0
2023-03-02 00:00:00-05:00,152.07538464669076,152.3571971521899,150.35531262220263,150.5302276611328,1360500,0.0,0.0
2023-03-03 00:00:00-05:00,151.1521722548021,152.01706454525845,149.31549020750333,151.74496459960938,1315900,0.0,0.0
2023-03-06 00:00:00-05:00,151.12303715166328,152.45439935512454,150.2775847109154,152.04624938964844,1143900,0.0,0.0
2023-03-07 00:00:00-05:00,152.38634301668014,152.7070354024092,148.80043659155947,148.88790893554688,1400200,0.0,0.0
2023-03-08 00:00:00-05:00,149.14057082561735,149.33492580565888,146.35153904976866,147.57598876953125,1544500,0.0,0.0
2023-03-09 00:00:00-05:00,148.27566695884335,148.47973448200307,144.9424207400127,145.76844787597656,1381600,0.0,0.0
2023-03-10 00:00:00-05:00,146.02113074387677,148.36314773245107,144.88413845156114,145.3797607421875,1071800,0.0,0.0
2023-03-13 00:00:00-04:00,144.61203812779252,147.5565600429032,143.8831957759664,144.1844482421875,1363000,0.0,0.0
2023-03-14 00:00:00-04:00,145.14653887977653,146.33212373442663,143.31956913752813,145.07850646972656,1005500,0.0,0.0
2023-03-15 00:00:00-04:00,143.9123256538818,145.8461923948317,143.31953337447837,145.3894500732422,1404200,0.0,0.0
2023-03-16 00:00:00-04:00,145.07845619546802,148.22705969303908,144.86467613535376,147.76060485839844,1131000,0.0,0.0
2023-03-17 00:00:00-04:00,147.57601640317372,148.24655381395954,146.15719660936082,147.73150634765625,2946200,0.0,0.0
2023-03-20 00:00:00-04:00,148.59637969558574,150.05406437418867,148.55749980028853,149.5195770263672,1031400,0.0,0.0
2023-03-21 00:00:00-04:00,150.31641178409396,152.1239410762003,150.14149676953505,151.63804626464844,1173100,0.0,0.0
2023-03-22 00:00:00-04:00,151.90046702317284,152.4835468566084,149.08228242768527,149.11143493652344,722100,0.0,0.0
2023-03-23 00:00:00-04:00,149.0531228013727,149.3349353161301,146.29322852701375,146.67222595214844,830600,0.0,0.0
2023-03-24 00:00:00-04:00,146.5944863735294,152.172549921103,146.01140660550143,151.9976348876953,1179800,0.0,0.0
2023-03-27 00:00:00-04:00,153.04714899888333,153.9703461505427,151.6866346658247,152.26971435546875,814700,0.0,0.0
2023-03-28 00:00:00-04:00,152.30860846874575,154.07727299060647,152.30860846874575,153.54278564453125,852800,0.0,0.0
2023-03-29 00:00:00-04:00,154.13558293041092,154.738087869784,153.19294562493872,154.4854278564453,638100,0.0,0.0
2023-03-30 00:00:00-04:00,155.07819029277022,155.21424024727364,153.542760904327,154.84495544433594,495100,0.0,0.0
2023-03-31 00:00:00-04:00,155.79734409629586,156.4581540267583,154.4271169525406,155.59326171875,1310300,0.0,0.0
2023-04-03 00:00:00-04:00,156.45812163816285,158.61549568180035,155.98193940802105,157.70201110839844,1024300,0.0,0.0
2023-04-04 00:00:00-04:00,157.52710635320875,158.5183211082112,156.4775717640887,158.37255859375,847000,0.0,0.0
2023-04-05 00:00:00-04:00,159.3443513060002,163.18291748696367,159.0430988847474,162.6387176513672,1451300,0.0,0.0
2023-04-06 00:00:00-04:00,163.26067367620035,164.0575483676966,161.21019676487182,161.6572265625,870200,0.0,0.0
2023-04-10 00:00:00-04:00,161.17133871837865,162.73592083570344,161.1130188765825,161.68638610839844,641400,0.0,0.0
2023-04-11 00:00:00-04:00,162.61928509854644,162.61928509854644,161.40454797160916,161.85157775878906,676500,0.0,0.0
2023-04-12 00:00:00-04:00,161.31708828503736,161.94874565120546,159.7525062934768,160.75344848632812,798100,0.0,0.0
2023-04-13 00:00:00-04:00,161.0546804110374,162.71644709119454,160.7728679617313,162.65814208984375,703600,0.0,0.0
2023-04-14 00:00:00-04:00,162.47354244344743,162.96914991364514,161.83215760318978,162.4152374267578,781800,0.0,0.0
2023-04-17 00:00:00-04:00,162.3471623115303,162.67756720473935,161.3073551880001,162.65814208984375,724200,0.0,0.0
2023-04-18 00:00:00-04:00,162.76507711584918,163.26068457009336,161.51145998403243,162.6873321533203,730300,0.0,0.0
2023-04-19 00:00:00-04:00,162.74562236362593,162.82336731908256,159.3540709699591,159.8399658203125,1086500,0.0,0.0
2023-04-20 00:00:00-04:00,159.72337438518048,161.38514149120337,159.35408951087857,161.2782440185547,1223700,0.0,0.0
2023-04-21 00:00:00-04:00,162.28889190694784,163.08576663750497,161.10330719896558,162.02650451660156,788200,0.0,0.0
2023-04-24 00:00:00-04:00,162.0750792187504,163.46474615108818,161.67664189711275,162.97885131835938,504200,0.0,0.0
2023-04-25 00:00:00-04:00,163.17322948419996,163.87291932907135,162.4929795873349,163.34814453125,565200,0.0,0.0
2023-04-26 00:00:00-04:00,162.3277650442111,163.19265739106882,160.56882784215608,160.82150268554688,885700,0.0,0.0
2023-04-27 00:00:00-04:00,160.33560264307994,162.87197458578444,160.33560264307994,162.6873321533203,636600,0.0,0.0
2023-04-28 00:00:00-04:00,162.37634749374965,163.0565973603095,160.94781535980644,162.14312744140625,988700,0.0,0.0
2023-05-01 00:00:00-04:00,162.4638057647552,162.68732808706469,160.13151626052482,162.08480834960938,1509300,0.0,0.0
2023-05-02 00:00:00-04:00,163.74656992965046,166.26350177807743,161.7446854531924,164.38795471191406,1776700,0.0,0.0
2023-05-03 00:00:00-04:00,164.91271841546327,165.81649059811522,161.56975928658858,162.18199157714844,1390500,0.0,0.0
2023-05-04 00:00:00-04:00,162.1237073213114,163.16351478128803,161.11303754310612,161.89047241210938,958400,0.0,0.0
2023-05-05 00:00:00-04:00,162.82340188965898,164.60177919893653,160.38419973286116,163.25099182128906,1012900,0.0,0.0
2023-05-08 00:00:00-04:00,162.82336743554026,164.11584951780475,162.07508521352733,163.46475219726562,750800,0.0,0.0
2023-05-09 00:00:00-04:00,164.73779339871797,168.74156220070603,163.39671887332688,163.5036163330078,1190400,0.0,0.0
2023-05-10 00:00:00-04:00,163.54248121628885,164.81553817229965,162.31803153901961,164.71835327148438,822900,0.0,0.0
2023-05-11 00:00:00-04:00,164.62576926673034,167.77365310013266,164.62576926673034,167.0817108154297,1165600,0.485,0.0
2023-05-12 00:00:00-04:00,167.46176953912243,167.50074612292104,165.3566771128099,166.64312744140625,2355300,0.0,0.0
2023-05-15 00:00:00-04:00,166.6041689411645,169.17705523639341,166.25332013404756,168.93341064453125,1810200,0.0,0.0
2023-05-16 00:00:00-04:00,168.97237508650892,170.33677863440056,168.54355829406202,170.16136169433594,1374200,0.0,0.0
2023-05-17 00:00:00-04:00,170.53171462326733,170.89231872307502,168.85543868040276,170.34654235839844,1784200,0.0,0.0
2023-05-18 00:00:00-04:00,169.81055144043688,170.76563414048425,167.00376079601895,170.3758087158203,1648600,0.0,0.0
2023-05-19 00:00:00-04:00,170.67790356472403,172.13001572394657,168.69951079233084,168.9821319580078,1772100,0.0,0.0
2023-05-22 00:00:00-04:00,169.51817950106215,169.51817950106215,165.49316570758063,167.8711395263672,1651900,0.0,0.0
2023-05-23 00:00:00-04:00,167.34486796449565,167.83215717718363,165.34697921829763,166.9062957763672,1348700,0.0,0.0
2023-05-24 00:00:00-04:00,167.1499526130028,167.76394182459867,166.33131024480005,166.71139526367188,1579000,0.0,0.0
2023-05-25 00:00:00-04:00,165.7465604790925,166.584683651582,163.95332486871294,165.84400939941406,1914700,0.0,0.0
2023-05-26 00:00:00-04:00,165.59060588299172,166.8965372624858,163.9143299832977,164.1287384033203,1018300,0.0,0.0
2023-05-30 00:00:00-04:00,163.17364864037395,164.1774780383167,160.55204532803637,161.7897491455078,1639900,0.0,0.0
2023-05-31 00:00:00-04:00,159.79188086779905,166.46773397944378,159.21686831042712,165.8245086669922,5084900,0.0,0.0
2023-06-01 00:00:00-04:00,166.2338012100559,168.86515922547014,165.85370145773464,168.2024383544922,1539500,0.0,0.0
2023-06-02 00:00:00-04:00,168.56309505771677,170.8825816537963,167.9880824710163,170.08343505859375,1865100,0.0,0.0
2023-06-05 00:00:00-04:00,170.4537528637294,171.18468664937296,169.2745213505872,170.2490997314453,1175200,0.0,0.0
2023-06-06 00:00:00-04:00,170.58043531741845,171.17492866360686,168.6215383263145,169.9372100830078,992900,0.0,0.0
2023-06-07 00:00:00-04:00,169.67409753044834,170.95079279598053,168.62155112268726,169.1673126220703,1054800,0.0,0.0
2023-06-08 00:00:00-04:00,169.4499263800307,172.18848905791452,167.90035043267707,171.96434020996094,1066000,0.0,0.0
2023-06-09 00:00:00-04:00,172.12999995885335,173.73806293972297,171.5160257942335,173.6893310546875,793800,0.0,0.0
2023-06-12 00:00:00-04:00,173.6308838510023,174.81987063757498,172.71477781503134,174.7613983154297,843600,0.0,0.0
2023-06-13 00:00:00-04:00,173.90376478320832,175.96986614588894,173.6211287313635,175.2194366455078,1273200,0.0,0.0
2023-06-14 00:00:00-04:00,174.6151746059847,175.70669743315545,172.6562777741765,174.49822998046875,1097100,0.0,0.0
2023-06-15 00:00:00-04:00,175.01479374309346,177.56818443452394,174.01097916420807,177.2660675048828,1154100,0.0,0.0
2023-06-16 00:00:00-04:00,176.59362028421646,178.77668146609585,175.94065447720462,178.35760498046875,2001100,0.0,0.0
2023-06-20 00:00:00-04:00,178.52327750210807,180.33599405627675,178.3576009462454,179.79998779296875,1414200,0.0,0.0
2023-06-21 00:00:00-04:00,180.75504719636047,182.0414828814589,180.29699418362853,181.10589599609375,1766700,0.0,0.0
2023-06-22 00:00:00-04:00,181.46648064441158,183.1037799587929,180.40419384207993,183.09402465820312,1690700,0.0,0.0
2023-06-23 00:00:00-04:00,183.40590907071152,183.95167058821426,182.09997760084624,182.8991241455078,2244500,0.0,0.0
2023-06-26 00:00:00-04:00,182.63601331172174,183.4936471896636,181.70042623659282,182.9868621826172,1555400,0.0,0.0
2023-06-27 00:00:00-04:00,180.3359676874169,184.2927681998006,179.00080013364916,183.98089599609375,1412700,0.0,0.0
2023-06-28 00:00:00-04:00,183.9711567284134,185.42326893230128,183.89318867699419,184.89700317382812,1062400,0.0,0.0
2023-06-29 00:00:00-04:00,184.66312682715025,186.8851645791062,184.35126944539743,185.67669677734375,809300,0.0,0.0
2023-06-30 00:00:00-04:00,186.34914447509948,188.52245016736842,185.1796384854125,187.53811645507812,1447200,0.0,0.0
2023-07-03 00:00:00-04:00,186.37838529880912,186.4271023238591,184.361000799945,186.06651306152344,844300,0.0,0.0
2023-07-05 00:00:00-04:00,186.52456864949548,186.93388981332814,185.12117330441953,185.80337524414062,1158100,0.0,0.0
2023-07-06 00:00:00-04:00,185.5987174938872,187.39193822549802,185.29660056171093,187.30422973632812,1526900,0.0,0.0
2023-07-07 00:00:00-04:00,186.58303909158414,188.03516631858463,185.60846065300612,186.00804138183594,1803700,0.0,0.0
2023-07-10 00:00:00-04:00,186.55377378650752,187.9961454864416,186.19318457924513,187.9279327392578,891200,0.0,0.0
2023-07-11 00:00:00-04:00,187.96692080540302,188.9025225606086,187.21650618613603,188.3080291748047,671300,0.0,0.0
2023-07-12 00:00:00-04:00,187.15802209486986,188.38600034835392,185.61820136929268,185.94955444335938,1288300,0.0,0.0
2023-07-13 00:00:00-04:00,186.0469986128496,187.90844680581125,186.0469986128496,186.41734313964844,1325300,0.0,0.0
2023-07-14 00:00:00-04:00,187.07031257076022,187.6160740711016,186.16396183716876,186.5537872314453,776300,0.0,0.0
2023-07-17 00:00:00-04:00,186.73895258508134,187.52835864534154,186.2321676945756,187.25547790527344,727200,0.0,0.0
2023-07-18 00:00:00-04:00,187.4406731807447,188.48346437885624,187.17753283805283,187.4991455078125,925400,0.0,0.0
2023-07-19 00:00:00-04:00,187.5186304227003,187.8889600963946,184.30251878152467,187.06057739257812,1155700,0.0,0.0
2023-07-20 00:00:00-04:00,188.17158195314573,188.90251568593254,186.8851314454162,188.49319458007812,838900,0.0,0.0
2023-07-21 00:00:00-04:00,188.58093124330412,189.8381309084025,187.4894081312257,187.69406127929688,1284200,0.0,0.0
2023-07-24 00:00:00-04:00,188.09362249556003,188.62964356493174,186.07623816289347,186.58302307128906,1120600,0.0,0.0
2023-07-25 00:00:00-04:00,186.00801112275576,187.18725738479003,185.22834552454904,187.01182556152344,1186700,0.0,0.0
2023-07-26 00:00:00-04:00,186.0567891647038,186.66102308953188,182.11948360895875,182.93814086914062,1635700,0.0,0.0
2023-07-27 00:00:00-04:00,183.03554242898448,184.28300142436598,181.9927514134022,182.5677490234375,1409100,0.0,0.0
2023-07-28 00:00:00-04:00,183.2402126112102,183.2402126112102,181.1546156840939,181.81732177734375,1104800,0.0,0.0
2023-07-31 00:00:00-04:00,182.76268604971935,182.76268604971935,179.36140208229602,182.14869689941406,1527500,0.0,0.0
2023-08-01 00:00:00-04:00,182.74316438989362,184.51690396316417,182.12919019758652,184.29275512695312,1528800,0.0,0.0
2023-08-02 00:00:00-04:00,183.10379614425474,187.79151590971065,182.21692622352353,186.56353759765625,1891000,0.0,0.0
2023-08-03 00:00:00-04:00,187.60634963693795,189.42880656044156,185.86186077311453,186.49533081054688,1640900,0.0,0.0
2023-08-04 00:00:00-04:00,182.43133829689089,183.7177740888504,179.32243073256595,180.61862182617188,9042300,0.0,0.0
2023-08-07 00:00:00-04:00,181.51524034718855,182.8211719302037,180.5114257110469,181.83685302734375,4504300,0.0,0.0
2023-08-08 00:00:00-04:00,181.45675419735778,184.10760862804594,180.22877589922527,180.6575927734375,4106700,0.0,0.0
2023-08-09 00:00:00-04:00,181.27158909876195,182.09998671772928,180.15082984569958,180.9889678955078,3870500,0.0,0.0
2023-08-10 00:00:00-04:00,181.16970892047573,184.51149232233325,180.78862874946978,182.75265502929688,4037400,0.485,0.0
2023-08-11 00:00:00-04:00,182.81131984657495,183.55394848022604,182.06870612275029,183.0849151611328,3044400,0.0,0.0
2023-08-14 00:00:00-04:00,183.7786490877641,184.491949956229,182.71358075227948,183.3389434814453,2726700,0.0,0.0
2023-08-15 00:00:00-04:00,183.76889296890553,184.0913328302244,181.06223800615152,181.19903564453125,1470600,0.0,0.0
2023-08-16 00:00:00-04:00,181.63872209811726,182.11752123681012,179.08841182270626,179.7821807861328,2195000,0.0,0.0
2023-08-17 00:00:00-04:00,178.9613923133532,180.0069287966135,175.01379281831,175.88343811035156,2302500,0.0,0.0
2023-08-18 00:00:00-04:00,175.66844559269308,177.60315898739034,175.36553765173494,176.27426147460938,1174600,0.0,0.0
2023-08-21 00:00:00-04:00,176.52834476718243,177.18302020924745,175.6489186449906,176.8410186767578,1030400,0.0,0.0
2023-08-22 00:00:00-04:00,176.6358243239138,176.90941957767197,173.85099738623273,173.8900909423828,1123400,0.0,0.0
2023-08-23 00:00:00-04:00,174.45683208852284,174.7108955013646,173.09862160772363,173.70445251464844,1488200,0.0,0.0
2023-08-24 00:00:00-04:00,173.73376205117964,175.56099085404836,173.73376205117964,174.68157958984375,1314800,0.0,0.0
2023-08-25 00:00:00-04:00,174.99425548660682,175.89321354074556,174.54478391444974,175.37533569335938,1192700,0.0,0.0
2023-08-28 00:00:00-04:00,175.63916359944338,176.52835571118368,175.5609913897473,176.2645263671875,904000,0.0,0.0
2023-08-29 00:00:00-04:00,176.7921623221619,176.7921623221619,175.14082478606292,175.8638916015625,806100,0.0,0.0
2023-08-30 00:00:00-04:00,176.3622267666879,176.51855625977714,173.9584800288385,174.80857849121094,720500,0.0,0.0
2023-08-31 00:00:00-04:00,175.3850890155815,175.3850890155815,171.66221076789748,171.95535278320312,1682900,0.0,0.0
2023-09-01 00:00:00-04:00,172.48303047322378,173.03022101042075,170.23562798703009,170.95870971679688,1585900,0.0,0.0
2023-09-05 00:00:00-04:00,170.99781158577017,170.99781158577017,168.37910939934454,168.91651916503906,1609900,0.0,0.0
2023-09-06 00:00:00-04:00,168.96536080995364,171.18345064917375,167.7244012193984,170.6753387451172,1596600,0.0,0.0
2023-09-07 00:00:00-04:00,172.0921557974312,174.3493240393488,171.80879461663983,174.10504150390625,1694100,0.0,0.0
2023-09-08 00:00:00-04:00,173.55785989996775,175.39486943173333,173.06929480405762,173.6360321044922,1188500,0.0,0.0
2023-09-11 00:00:00-04:00,174.2614248720165,174.9063344881523,173.20612229374686,173.66537475585938,1045200,0.0,0.0
2023-09-12 00:00:00-04:00,172.7468711697349,174.9356485612292,168.46705029728682,174.39822387695312,1024500,0.0,0.0
2023-09-13 00:00:00-04:00,174.6522593192425,174.89654187204502,171.97491717299005,172.64913940429688,727600,0.0,0.0
2023-09-14 00:00:00-04:00,173.3038093965904,174.12459516978987,171.48634666460674,172.94227600097656,776900,0.0,0.0
2023-09-15 00:00:00-04:00,172.0335283977035,174.8476679448085,171.63290146582375,174.2125244140625,3892300,0.0,0.0
2023-09-18 00:00:00-04:00,174.4372769058972,175.00401417672538,172.95203491716887,174.93560791015625,1105100,0.0,0.0
2023-09-19 00:00:00-04:00,176.39153959990344,176.8410111213065,174.36887302412094,175.62937927246094,1120100,0.0,0.0
2023-09-20 00:00:00-04:00,176.34267011429375,179.8994230773528,175.59027576350564,178.59983825683594,1654600,0.0,0.0
2023-09-21 00:00:00-04:00,179.91899134921752,181.7169073673604,177.8572459981418,180.70068359375,1810500,0.0,0.0
2023-09-22 00:00:00-04:00,179.96784766757662,182.66473678047504,179.68448644692958,181.69737243652344,1085500,0.0,0.0
2023-09-25 00:00:00-04:00,180.7690936579283,183.49528045601443,180.2902944747571,182.93832397460938,937800,0.0,0.0
2023-09-26 00:00:00-04:00,182.8503820649621,183.5050575204092,180.8765748541749,181.521484375,1013600,0.0,0.0
2023-09-27 00:00:00-04:00,181.501933533949,181.9904986309448,179.12751431926458,180.92543029785156,782400,0.0,0.0
2023-09-28 00:00:00-04:00,181.33580407345755,181.33580407345755,178.47280515377543,178.67800903320312,1045800,0.0,0.0
2023-09-29 00:00:00-04:00,178.6780317013626,178.87345476238698,175.22876323539023,175.8541259765625,1259500,0.0,0.0
2023-10-02 00:00:00-04:00,175.85412711204742,176.73353834724736,174.13438329017526,174.98448181152344,1202700,0.0,0.0
2023-10-03 00:00:00-04:00,174.59361424808029,176.85079749902252,174.3786593244806,176.1472625732422,810800,0.0,0.0
2023-10-04 00:00:00-04:00,176.26450019411362,178.84412309174445,175.98113902213737,178.4825897216797,1025800,0.0,0.0
2023-10-05 00:00:00-04:00,179.4108623271358,181.62895187920097,178.88321862148848,180.8081512451172,1432500,0.0,0.0
2023-10-06 00:00:00-04:00,180.50526547547312,180.81795430970772,178.66827075872993,179.64540100097656,1020500,0.0,0.0
2023-10-09 00:00:00-04:00,179.40110593419683,182.41065374987278,178.4435076284767,181.93186950683594,891900,0.0,0.0
2023-10-10 00:00:00-04:00,180.84728231207407,184.65808461505162,180.84728231207407,183.6711883544922,1290400,0.0,0.0
2023-10-11 00:00:00-04:00,183.43664007562455,184.03269006738702,180.8081575694887,183.7297821044922,1166100,0.0,0.0
2023-10-12 00:00:00-04:00,184.09132416118334,184.63852959875825,182.85037953925587,183.2803192138672,1114000,0.0,0.0
2023-10-13 00:00:00-04:00,184.13040681938924,185.8794632177625,183.01647905102652,184.65805053710938,1039600,0.0,0.0
2023-10-16 00:00:00-04:00,185.14662417754275,185.4202194378846,182.48882886865894,182.5865478515625,1228000,0.0,0.0
2023-10-17 00:00:00-04:00,182.42044182567966,184.48218717122163,181.92209587483035,183.16305541992188,1046900,0.0,0.0
2023-10-18 00:00:00-04:00,184.27697533118683,185.6938110968697,183.40733007557546,185.21502685546875,1149700,0.0,0.0
2023-10-19 00:00:00-04:00,185.2834271361584,186.65141838703227,183.71024688903896,185.54725646972656,1195800,0.0,0.0
2023-10-20 00:00:00-04:00,186.2117031531322,186.2117031531322,183.72978417850192,184.43331909179688,1122400,0.0,0.0
2023-10-23 00:00:00-04:00,183.20213933924651,184.85347678785877,182.73310612667424,184.50172424316406,987200,0.0,0.0
2023-10-24 00:00:00-04:00,184.5896891040791,186.0260718421661,183.87637324786908,184.68739318847656,964100,0.0,0.0
2023-10-25 00:00:00-04:00,185.7915378303897,187.08135686636965,184.10110673913462,184.79486083984375,1099500,0.0,0.0
2023-10-26 00:00:00-04:00,184.06202298593558,186.11400250345602,183.59300463415144,184.28677368164062,1144100,0.0,0.0
2023-10-27 00:00:00-04:00,183.76888284320427,184.5896686282573,182.66472095223443,183.3487091064453,922700,0.0,0.0
2023-10-30 00:00:00-04:00,183.70047181185464,183.70047181185464,179.52812181456895,181.16970825195312,1276700,0.0,0.0
2023-10-31 00:00:00-04:00,181.60943372927014,181.89279494904267,178.57055797392283,180.91566467285156,1725800,0.0,0.0
2023-11-01 00:00:00-04:00,180.91564183374172,184.413769570075,180.720218785139,182.9480743408203,1588000,0.0,0.0
2023-11-02 00:00:00-04:00,181.84394287775092,189.56326577797594,179.79196341828646,187.78488159179688,2572700,0.0,0.0
2023-11-03 00:00:00-04:00,190.38404244084342,194.42936082679236,189.2798954659856,190.7064971923828,1568600,0.0,0.0
2023-11-06 00:00:00-05:00,191.66407985962672,194.38050058164833,189.39714558311138,192.3773956298828,1423000,0.0,0.0
2023-11-07 00:00:00-05:00,194.04826411372818,194.04826411372818,191.33184361265222,191.58590698242188,1141000,0.0,0.0
2023-11-08 00:00:00-05:00,192.45556922305127,193.5206375542305,191.55659632554983,192.28944396972656,893500,0.0,0.0
2023-11-09 00:00:00-05:00,192.25038034557645,193.69652896834245,190.7456062922668,192.31878662109375,882500,0.0,0.0
2023-11-10 00:00:00-05:00,191.77015732531518,194.93448319417985,191.32930937864688,193.55316162109375,2681700,0.51,0.0
2023-11-13 00:00:00-05:00,193.58253746990613,195.60065256229882,192.6322576528385,194.8267059326172,2986100,0.0,0.0
2023-11-14 00:00:00-05:00,193.61195814331478,194.4250850764863,190.05575546119744,190.41822814941406,3241100,0.0,0.0
2023-11-15 00:00:00-05:00,190.0165557092922,191.80933635179414,187.2244938161443,189.29159545898438,2737200,0.0,0.0
2023-11-16 00:00:00-05:00,190.6239405327076,193.08290362812346,190.28105050272097,192.9065704345703,1207500,0.0,0.0
2023-11-17 00:00:00-05:00,193.20047483908442,194.00379541619466,190.53577472493052,191.035400390625,1261200,0.0,0.0
2023-11-20 00:00:00-05:00,190.60436630991103,192.36777320414106,190.60436630991103,191.95631408691406,804800,0.0,0.0
2023-11-21 00:00:00-05:00,193.83725675105302,195.60066346600277,193.34742238293134,194.78753662109375,1215000,0.0,0.0
2023-11-22 00:00:00-05:00,195.30676828073072,196.47257651892133,194.31730819592184,195.62025451660156,999100,0.0,0.0
2023-11-24 00:00:00-05:00,197.0799594467269,197.383654365613,195.42431687751287,197.2073211669922,552900,0.0,0.0
2023-11-27 00:00:00-05:00,198.10862318611544,199.60751523345613,196.67830018057336,197.6775665283203,1139100,0.0,0.0
2023-11-28 00:00:00-05:00,197.8930862981155,199.2352276939253,196.70768054044908,197.2073211669922,1224200,0.0,0.0
2023-11-29 00:00:00-05:00,196.61951820308005,197.26610317582262,194.9540842918066,195.46351623535156,1664900,0.0,0.0
2023-11-30 00:00:00-05:00,195.33613708110107,199.50952026731537,195.29695691135194,199.23521423339844,6174500,0.0,0.0
2023-12-01 00:00:00-05:00,199.35279002193826,201.6452112023745,198.3535237579437,199.94058227539062,1254700,0.0,0.0
2023-12-04 00:00:00-05:00,200.14632379497678,200.77331118193592,198.5592502931752,199.61729431152344,1246800,0.0,0.0
2023-12-05 00:00:00-05:00,199.9307806332047,200.4108236549798,198.39269367164755,199.587890625,981300,0.0,0.0
2023-12-06 00:00:00-05:00,198.9805124543949,199.29399866860987,194.66997610617113,196.59011840820312,1550400,0.0,0.0
2023-12-07 00:00:00-05:00,196.6978686845503,197.29546715392928,195.38511629232661,196.13946533203125,1130800,0.0,0.0
2023-12-08 00:00:00-05:00,196.42359211483262,197.81472000082127,195.49290975537198,197.64817810058594,1441800,0.0,0.0
2023-12-11 00:00:00-05:00,198.35352067515564,199.2450227698779,197.17792123796383,198.72579956054688,804800,0.0,0.0
2023-12-12 00:00:00-05:00,198.0400295598268,200.80270257842304,197.99105808173599,199.80343627929688,831500,0.0,0.0
2023-12-13 00:00:00-05:00,199.7740557662317,201.53746255943565,198.62784508778896,199.578125,1298600,0.0,0.0
2023-12-14 00:00:00-05:00,195.62025492146574,197.7069542075394,191.84853908555033,197.40325927734375,3627700,0.0,0.0
2023-12-15 00:00:00-05:00,195.0912413142254,196.54114693092873,192.63227804450892,196.25704956054688,3210000,0.0,0.0
2023-12-18 00:00:00-05:00,197.65794684288406,197.69714196114703,195.31653930335497,196.0023193359375,1076800,0.0,0.0
2023-12-19 00:00:00-05:00,196.002329944946,197.95186115015616,195.68882877610426,197.77552795410156,1010000,0.0,0.0
2023-12-20 00:00:00-05:00,198.56906041602997,198.96092193480422,195.68883191250703,195.72801208496094,1141300,0.0,0.0
2023-12-21 00:00:00-05:00,196.51174157888124,198.55924558082828,195.75740744041113,198.1575927734375,765000,0.0,0.0
2023-12-22 00:00:00-05:00,198.85313328502073,199.63687117460645,198.14777067924928,198.9119110107422,642500,0.0,0.0
2023-12-26 00:00:00-05:00,198.57884337433921,200.44022288166695,198.31432863857867,199.94058227539062,734000,0.0,0.0
2023-12-27 00:00:00-05:00,199.51934011908463,200.13652126318186,199.13726990662113,200.07774353027344,799000,0.0,0.0
2023-12-28 00:00:00-05:00,200.8223015805963,201.26314952648923,199.09807502093156,199.35279846191406,775500,0.0,0.0
2023-12-29 00:00:00-05:00,200.12674977426448,201.35133582631406,199.4507758817635,201.2043914794922,1086400,0.0,0.0
2024-01-02 00:00:00-05:00,200.83208914516462,204.45686044734128,200.37164364733738,204.30010986328125,1248000,0.0,0.0
2024-01-03 00:00:00-05:00,206.99419980782042,208.5028980262998,205.10344633036024,206.05372619628906,1140400,0.0,0.0
2024-01-04 00:00:00-05:00,204.58423854617854,207.1999524643122,203.40863896871707,206.38682556152344,1139900,0.0,0.0
2024-01-05 00:00:00-05:00,207.27833351496244,207.7975568006553,206.04395616665568,207.06280517578125,1075500,0.0,0.0
2024-01-08 00:00:00-05:00,207.68978080377943,208.13062876388693,204.33931537897953,206.10272216796875,1138600,0.0,0.0
2024-01-09 00:00:00-05:00,206.2888323049521,209.33558741890107,205.06424650729787,209.2768096923828,1254600,0.0,0.0
2024-01-10 00:00:00-05:00,209.66870768910977,211.77498949836286,208.67923269572373,211.73580932617188,1605200,0.0,0.0
2024-01-11 00:00:00-05:00,212.58809799079944,214.9588943404644,212.22562537223365,214.47885131835938,1463700,0.0,0.0
2024-01-12 00:00:00-05:00,214.9295240514386,215.64467804531273,213.85188245911428,214.9687042236328,1309300,0.0,0.0
2024-01-16 00:00:00-05:00,215.24304152751813,216.25209920923862,213.59719014807592,214.54747009277344,1352400,0.0,0.0
2024-01-17 00:00:00-05:00,214.5474640697075,216.63416336680118,213.79311491911693,214.26336669921875,2151700,0.0,0.0
2024-01-18 00:00:00-05:00,214.1653701085463,216.6047504961174,212.49013009326347,216.30104064941406,1045400,0.0,0.0
2024-01-19 00:00:00-05:00,216.51657820932283,216.81048181474077,213.6265584779229,213.8420867919922,1401100,0.0,0.0
2024-01-22 00:00:00-05:00,213.84208854476208,215.3997582331188,213.52860232535622,213.7245330810547,1175100,0.0,0.0
2024-01-23 00:00:00-05:00,212.79385001722127,214.29274196835092,212.0590984745672,213.42083740234375,890900,0.0,0.0
2024-01-24 00:00:00-05:00,214.03803012751504,214.37112887246644,212.70567999338706,212.9604034423828,977100,0.0,0.0
2024-01-25 00:00:00-05:00,213.68533861243301,214.44947902597826,210.9226805669752,214.3907012939453,1063900,0.0,0.0
2024-01-26 00:00:00-05:00,214.72379085433954,215.33119564833297,212.75466203543937,213.25428771972656,972800,0.0,0.0
2024-01-29 00:00:00-05:00,213.52861875125885,214.00864689736298,212.40199065934837,213.9988555908203,916400,0.0,0.0
2024-01-30 00:00:00-05:00,215.5173264126217,216.32064698723056,213.50900255326215,216.0463409423828,1529900,0.0,0.0
2024-01-31 00:00:00-05:00,223.3644678743066,230.2809266368908,223.3644678743066,227.94931030273438,3511700,0.0,0.0
2024-02-01 00:00:00-05:00,227.91991415667195,232.21086779125753,223.96205923672463,232.1031036376953,2071900,0.0,0.0
2024-02-02 00:00:00-05:00,232.4068049204571,232.6419307933829,229.40902104630507,230.2123565673828,1267200,0.0,0.0
2024-02-05 00:00:00-05:00,232.5047886773278,232.8378724681778,228.80164195925462,229.44822692871094,1209800,0.0,0.0
2024-02-06 00:00:00-05:00,231.54470100004275,232.6027300311475,228.49793077436982,230.23193359375,2251000,0.0,0.0
2024-02-07 00:00:00-05:00,231.1234701607725,234.51313091312588,230.84916408238092,232.837890625,1662200,0.0,0.0
2024-02-08 00:00:00-05:00,229.2445668059603,229.6863627608373,224.15897718275895,226.12252807617188,2744900,0.51,0.0
2024-02-09 00:00:00-05:00,226.4759514665361,227.42827484245714,224.6007717601626,226.48577880859375,1590400,0.0,0.0
2024-02-12 00:00:00-05:00,225.69057349656157,226.93741768806075,224.2473622059134,225.7887420654297,1282800,0.0,0.0
2024-02-13 00:00:00-05:00,227.68353352962916,227.81115414302437,225.2094553604975,226.97665405273438,1462700,0.0,0.0
2024-02-14 00:00:00-05:00,226.97668151633616,227.74246521217944,225.464738848652,227.3595733642578,1197400,0.0,0.0
2024-02-15 00:00:00-05:00,227.7719103030933,230.36379695903824,227.61482263165303,228.8322296142578,1119900,0.0,0.0
2024-02-16 00:00:00-05:00,229.5390732267384,229.89251294180488,226.90790757442062,227.49697875976562,1076500,0.0,0.0
2024-02-20 00:00:00-05:00,227.4970152446721,230.18708545080472,227.02576720924108,228.12535095214844,1547600,0.0,0.0
2024-02-21 00:00:00-05:00,229.6568990819491,230.07907029264965,227.86024830764987,229.21510314941406,1109700,0.0,0.0
2024-02-22 00:00:00-05:00,228.9598431909659,232.2095173051129,228.58676375236658,230.12814331054688,1269200,0.0,0.0
2024-02-23 00:00:00-05:00,231.05102743559377,233.73128516108443,230.21652730369544,232.94586181640625,975200,0.0,0.0
2024-02-26 00:00:00-05:00,234.6836082601048,235.48867135855048,233.27967648984173,233.99636840820312,1553500,0.0,0.0
2024-02-27 00:00:00-05:00,232.93602331393544,233.43673834978838,230.5012245447234,232.19969177246094,1222100,0.0,0.0
2024-02-28 00:00:00-05:00,232.62189593679682,232.62189593679682,229.6176652188619,231.82666015625,1065400,0.0,0.0
2024-02-29 00:00:00-05:00,231.77753766911476,232.2978774314,230.44232252911593,231.30628967285156,1646200,0.0,0.0
2024-03-01 00:00:00-05:00,232.4451520274636,234.26144261692383,231.0412203133558,232.71023559570312,1190000,0.0,0.0
2024-03-04 00:00:00-05:00,233.1520306011359,236.05809253623428,231.384831787948,231.50265502929688,1326000,0.0,0.0
2024-03-05 00:00:00-05:00,231.9150104895164,232.14081466058204,230.16745129284078,231.02159118652344,1422500,0.0,0.0
2024-03-06 00:00:00-05:00,231.24737310475535,232.2291485131627,230.265597696348,230.40304565429688,1209000,0.0,0.0
2024-03-07 00:00:00-05:00,231.8070286157334,233.96693185666942,230.41290911494102,233.29933166503906,1341600,0.0,0.0
2024-03-08 00:00:00-05:00,232.96548454718638,234.07489557383536,232.3862406404616,233.1422119140625,877400,0.0,0.0
2024-03-11 00:00:00-04:00,232.32733357314171,233.85890082341,232.2586170840676,233.34837341308594,849000,0.0,0.0
2024-03-12 00:00:00-04:00,233.3287542460397,233.8589063911761,231.8757158113464,233.11276245117188,666600,0.0,0.0
2024-03-13 00:00:00-04:00,234.14361490025942,234.68357937269266,229.96124220933154,230.4914093017578,1447400,0.0,0.0
2024-03-14 00:00:00-04:00,231.63026643708167,233.56436520281136,230.707410130905,233.34837341308594,1280200,0.0,0.0
2024-03-15 00:00:00-04:00,230.9724772778797,233.99634733462426,230.11833746606138,233.8883514404297,2150200,0.0,0.0
2024-03-18 00:00:00-04:00,233.78035430642205,236.47042430528208,233.01457069008669,234.94866943359375,1122400,0.0,0.0
2024-03-19 00:00:00-04:00,235.83230481441407,238.17874771359448,234.88979372145076,237.9333038330078,1165700,0.0,0.0
2024-03-20 00:00:00-04:00,238.10018389843276,239.38630732789323,237.3540249763975,237.46202087402344,967400,0.0,0.0
2024-03-21 00:00:00-04:00,237.49147927227924,239.19977397645462,235.95009958037153,237.9136505126953,801300,0.0,0.0
2024-03-22 00:00:00-04:00,238.4929103318256,239.15069814029428,237.57003893523486,238.08056640625,720800,0.0,0.0
2024-03-25 00:00:00-04:00,238.08054315893625,238.8757788649462,237.22640332369656,237.6485595703125,703300,0.0,0.0
2024-03-26 00:00:00-04:00,237.64855708606328,239.61210793695128,237.19694877955334,238.3750762939453,829200,0.0,0.0
2024-03-27 00:00:00-04:00,239.5335736702288,240.22081349934146,238.43398994364853,240.18154907226562,674300,0.0,0.0
2024-03-28 00:00:00-04:00,240.18153844293133,240.18153844293133,235.41992165783384,238.56161499023438,1574300,0.0,0.0
2024-04-01 00:00:00-04:00,237.9627456465897,238.90524171823597,235.87155908027302,238.57144165039062,635000,0.0,0.0
2024-04-02 00:00:00-04:00,238.08054612015985,240.06373671955183,237.26567070070323,238.6597900390625,961400,0.0,0.0
2024-04-03 00:00:00-04:00,239.29794906080824,242.25308771649495,237.99218593926176,241.32040405273438,1125200,0.0,0.0
2024-04-04 00:00:00-04:00,242.1549068978965,242.1549068978965,237.49147354606862,237.62892150878906,1026900,0.0,0.0
2024-04-05 00:00:00-04:00,238.2965573044627,239.37651637731767,237.47186945648565,238.78744506835938,744600,0.0,0.0
2024-04-08 00:00:00-04:00,237.7859857459,238.32596518220623,235.96971034467362,235.97952270507812,813200,0.0,0.0
2024-04-09 00:00:00-04:00,236.8238822547378,236.8238822547378,232.49424879676104,234.22218322753906,807600,0.0,0.0
2024-04-10 00:00:00-04:00,233.9472774486628,236.04827642073832,233.28948966093924,233.46621704101562,712200,0.0,0.0
2024-04-11 00:00:00-04:00,234.09454004440036,234.09454004440036,230.9823136742333,231.34556579589844,810700,0.0,0.0
2024-04-12 00:00:00-04:00,230.71723383716028,231.93464080450366,228.85186644948215,229.73545837402344,822300,0.0,0.0
2024-04-15 00:00:00-04:00,232.04264939743453,232.50408508880582,229.9023709807563,229.941650390625,986000,0.0,0.0
2024-04-16 00:00:00-04:00,233.15201729143845,235.40029134175356,232.30768985004258,233.9178009033203,1981500,0.0,0.0
2024-04-17 00:00:00-04:00,234.86034205865775,234.89960648810876,231.9346551916242,234.27127075195312,1028600,0.0,0.0
2024-04-18 00:00:00-04:00,235.03706147040475,235.03706147040475,231.10014689468125,232.975341796875,1443300,0.0,0.0
2024-04-19 00:00:00-04:00,234.33017694078455,235.5377716320451,232.6611615314305,234.77198791503906,1411200,0.0,0.0
2024-04-22 00:00:00-04:00,231.69902363079672,234.65416256455921,230.4521645208978,232.53353881835938,2287100,0.0,0.0
2024-04-23 00:00:00-04:00,233.10294412057124,234.36944287404847,231.94445624940778,233.35821533203125,1430900,0.0,0.0
2024-04-24 00:00:00-04:00,233.26003983142067,234.43816744730933,231.5419326888773,233.6134796142578,926800,0.0,0.0
2024-04-25 00:00:00-04:00,234.67379575298054,236.6569864507027,233.90801206409176,235.39048767089844,831200,0.0,0.0
2024-04-26 00:00:00-04:00,235.66536379518982,236.96131453246346,233.76073207573918,236.4900665283203,972800,0.0,0.0
2024-04-29 00:00:00-04:00,235.6260892548562,236.47041667391423,233.86871793067317,235.55735778808594,912000,0.0,0.0
2024-04-30 00:00:00-04:00,235.41011228212352,235.8813602956783,233.66255320868297,234.69342041015625,1589300,0.0,0.0
2024-05-01 00:00:00-04:00,224.97385744594766,227.33012771410822,220.70314286484768,225.02294921875,3291600,0.0,0.0
2024-05-02 00:00:00-04:00,224.32589962603456,224.62042030491193,220.23189740187354,220.6442413330078,2042100,0.0,0.0
2024-05-03 00:00:00-04:00,219.55446145385628,220.7620411330317,218.15051468869007,219.86862182617188,2222000,0.0,0.0
2024-05-06 00:00:00-04:00,221.32166822898125,221.96964372594795,219.12250045363774,219.95700073242188,1582700,0.0,0.0
2024-05-07 00:00:00-04:00,220.222065768566,222.75504842250737,220.222065768566,222.6077880859375,1899100,0.0,0.0
2024-05-08 00:00:00-04:00,223.5699212646253,224.09026108863097,219.54463566461743,220.0257110595703,2401800,0.0,0.0
2024-05-09 00:00:00-04:00,220.3700815648598,221.89530730094495,220.20280087333555,220.50784301757812,927600,0.51,0.0
2024-05-10 00:00:00-04:00,220.83257413854327,222.06259249664595,220.4389742698994,221.00970458984375,943900,0.0,0.0
2024-05-13 00:00:00-04:00,221.1376163043,222.56443459682353,219.0219907341657,219.35655212402344,1060600,0.0,0.0
2024-05-14 00:00:00-04:00,219.612380459877,220.13392203349957,217.1523438563841,218.3922119140625,1522200,0.0,0.0
2024-05-15 00:00:00-04:00,218.14622052649995,219.9666387065773,217.69356715944764,218.26429748535156,898800,0.0,0.0
2024-05-16 00:00:00-04:00,218.9531034457612,219.75016795780658,217.33931995343522,218.3036651611328,1045200,0.0,0.0
2024-05-17 00:00:00-04:00,219.1794352492709,219.2384737276969,217.496763539768,218.5693359375,1001900,0.0,0.0
2024-05-20 00:00:00-04:00,218.8251997665144,218.9826307115103,216.2667554706984,217.46725463867188,888200,0.0,0.0
2024-05-21 00:00:00-04:00,217.76246777396108,217.76246777396108,212.99983997449607,213.60992431640625,1420200,0.0,0.0
2024-05-22 00:00:00-04:00,213.38359424377757,214.33808970639552,212.7439756782268,213.28518676757812,1180000,0.0,0.0
2024-05-23 00:00:00-04:00,215.0072455297483,217.30000194061483,215.0072455297483,216.30615234375,1555500,0.0,0.0
2024-05-24 00:00:00-04:00,216.42420971668585,217.14253629063998,214.37745720464474,215.3909912109375,1029800,0.0,0.0
2024-05-28 00:00:00-04:00,214.57426357479838,214.57426357479838,211.6714229355065,212.75384521484375,1400800,0.0,0.0
2024-05-29 00:00:00-04:00,212.37990980952165,215.755073266639,211.33685655472593,215.5582733154297,1774000,0.0,0.0
2024-05-30 00:00:00-04:00,216.39469164840907,218.89408255736592,214.83011176786576,217.00477600097656,2127900,0.0,0.0
2024-05-31 00:00:00-04:00,217.19171982689264,223.01708488929862,217.19171982689264,222.94821166992188,3835600,0.0,0.0
2024-06-03 00:00:00-04:00,221.12780213035361,227.28772923575266,221.12780213035361,226.8252410888672,2028300,0.0,0.0
2024-06-04 00:00:00-04:00,226.46113943278036,227.55339633578703,224.4635908196495,226.982666015625,1001000,0.0,0.0
2024-06-05 00:00:00-04:00,228.0257555096437,228.645689665889,226.43165626772705,228.06512451171875,1782000,0.0,0.0
2024-06-06 00:00:00-04:00,228.01587967244825,232.9261182625579,227.07121898627213,232.88674926757812,2246500,0.0,0.0
2024-06-07 00:00:00-04:00,233.4968622396701,234.27424232985936,230.9384328019674,231.70596313476562,1064200,0.0,0.0
2024-06-10 00:00:00-04:00,231.509165631701,231.509165631701,228.08478332539997,230.8203582763672,1568000,0.0,0.0
2024-06-11 00:00:00-04:00,230.21024592545976,230.62353031538234,227.79941281014135,228.90150451660156,1159700,0.0,0.0
2024-06-12 00:00:00-04:00,228.45869983929418,228.45869983929418,223.72559135355922,226.46115112304688,1336100,0.0,0.0
2024-06-13 00:00:00-04:00,225.95930148909528,228.90149584720356,223.92238384283002,228.51773071289062,863700,0.0,0.0
2024-06-14 00:00:00-04:00,228.23237742145892,228.95070396560837,227.09091673837688,228.8129425048828,919700,0.0,0.0
2024-06-17 00:00:00-04:00,228.52760468289307,231.3123683945791,227.66166684607919,230.94827270507812,1011800,0.0,0.0
2024-06-18 00:00:00-04:00,231.9912807092317,234.0085136771487,230.82031592743988,233.40826416015625,1349700,0.0,0.0
2024-06-20 00:00:00-04:00,233.37878509336997,234.1069614406752,231.7748361867462,231.91259765625,1230800,0.0,0.0
2024-06-21 00:00:00-04:00,232.80804872038496,234.61863227720278,230.64321924898334,232.8966064453125,5382400,0.0,0.0
2024-06-24 00:00:00-04:00,235.16968705280382,237.36403570890045,234.10694933663245,235.5337677001953,1059800,0.0,0.0
2024-06-25 00:00:00-04:00,236.55713584419087,236.5866550849956,234.15615250778947,234.52023315429688,1039200,0.0,0.0
2024-06-26 00:00:00-04:00,233.80190669237618,234.4907140028716,232.0897156506818,233.4870147705078,1229600,0.0,0.0
2024-06-27 00:00:00-04:00,225.33937825724365,228.44886847781282,219.89777787868437,224.31600952148438,4208900,0.0,0.0
2024-06-28 00:00:00-04:00,224.22741140617015,224.22741140617015,220.76369068107908,221.69850158691406,2859200,0.0,0.0
2024-07-01 00:00:00-04:00,222.7908158451698,223.35169652724366,218.795717776277,219.95684814453125,1723100,0.0,0.0
2024-07-02 00:00:00-04:00,220.12407431892325,220.212632033901,216.0502542663547,218.95309448242188,1455300,0.0,0.0
2024-07-03 00:00:00-04:00,219.4352904587649,220.39962071491237,217.44757644865095,218.9432830810547,648200,0.0,0.0
2024-07-05 00:00:00-04:00,218.84485368417742,219.1695803227325,215.68617504392077,219.12037658691406,830600,0.0,0.0
2024-07-08 00:00:00-04:00,219.1203933236203,220.7046576428003,218.52015875135396,220.1142578125,767700,0.0,0.0
2024-07-09 00:00:00-04:00,221.90515908311897,221.90515908311897,218.1855845592127,218.8153533935547,851900,0.0,0.0
2024-07-10 00:00:00-04:00,219.07122796938836,219.75020060930862,217.6935981886426,218.8645782470703,706400,0.0,0.0
2024-07-11 00:00:00-04:00,218.1757405128892,218.93343603614977,216.03058065888305,218.45126342773438,943600,0.0,0.0
2024-07-12 00:00:00-04:00,219.19908741921813,220.50782864215856,218.2642765499382,219.04165649414062,791100,0.0,0.0
2024-07-15 00:00:00-04:00,218.9235942138932,221.915007419017,218.4709558437599,218.6480712890625,1873900,0.0,0.0
2024-07-16 00:00:00-04:00,218.56935445881058,222.14133285499264,217.97895460964844,221.77725219726562,1614300,0.0,0.0
2024-07-17 00:00:00-04:00,221.7772449401178,223.08598633450188,220.73419172734322,221.56076049804688,709800,0.0,0.0
2024-07-18 00:00:00-04:00,220.9900143418065,223.3221242833287,219.85838847287332,220.13392639160156,1336000,0.0,0.0
2024-07-19 00:00:00-04:00,222.1708560752255,222.3775057858007,219.71081912247928,220.0257110595703,1357100,0.0,0.0
2024-07-22 00:00:00-04:00,221.3344423173812,222.4463838489569,219.98634684272696,221.1278076171875,936800,0.0,0.0
2024-07-23 00:00:00-04:00,221.68867436275968,222.47588915842573,220.10441002937333,220.67514038085938,680600,0.0,0.0
2024-07-24 00:00:00-04:00,221.74772619170437,222.80061414877505,219.19911662073304,222.36764526367188,847100,0.0,0.0
2024-07-25 00:00:00-04:00,222.60381123971408,226.55955461970237,222.5447727588725,223.47958374023438,986700,0.0,0.0
2024-07-26 00:00:00-04:00,223.7550956245675,225.28032136886307,222.84980392827774,223.98141479492188,1310300,0.0,0.0
2024-07-29 00:00:00-04:00,224.12904202323364,225.42793367513497,223.44023470670467,223.5484619140625,1434900,0.0,0.0
2024-07-30 00:00:00-04:00,223.0761435989643,229.3443278446071,222.47589399339722,227.33692932128906,1780400,0.0,0.0
2024-07-31 00:00:00-04:00,234.7465305863161,240.3258918045093,232.14873253210652,234.07740783691406,2541600,0.0,0.0
2024-08-01 00:00:00-04:00,236.2619562821227,241.575630124117,235.1106457686457,240.55226135253906,2039500,0.0,0.0
2024-08-02 00:00:00-04:00,236.16352007439497,243.70107602700543,231.96177324224047,243.61251831054688,3292400,0.0,0.0
2024-08-05 00:00:00-04:00,242.56946678538395,242.98275117207066,234.37262224558103,237.3935546875,2354000,0.0,0.0
2024-08-06 00:00:00-04:00,238.0331263201088,239.715797896795,235.6124588064768,235.98638916015625,1186800,0.0,0.0
2024-08-07 00:00:00-04:00,236.1241802339652,239.95199691712867,235.5829691317445,237.24595642089844,1051500,0.0,0.0
2024-08-08 00:00:00-04:00,235.69122351661525,236.1635464052611,230.54481542382473,233.2115020751953,1747200,0.0,0.0
2024-08-09 00:00:00-04:00,234.86818830573355,234.9174981527605,232.15631223903176,234.47373962402344,1258800,0.51,0.0
2024-08-12 00:00:00-04:00,233.90177850246693,236.7714400607538,232.99453449673157,234.47373962402344,913100,0.0,0.0
2024-08-13 00:00:00-04:00,234.45402070161373,235.9134989306053,232.79731812501572,233.0339813232422,1043000,0.0,0.0
2024-08-14 00:00:00-04:00,233.46788846406025,235.54863772343367,231.74214905619496,234.4540252685547,1159000,0.0,0.0
2024-08-15 00:00:00-04:00,234.76957749502407,235.2429189100991,231.69282067890583,233.38897705078125,1108900,0.0,0.0
2024-08-16 00:00:00-04:00,233.51719944231226,234.90765595471026,232.11688697883292,234.8090362548828,1013200,0.0,0.0
2024-08-19 00:00:00-04:00,234.58221871618724,235.64724822916023,234.2173378806275,235.5387725830078,788200,0.0,0.0
2024-08-20 00:00:00-04:00,235.8149086484624,236.16991851468578,234.45403498673042,235.10488891601562,697900,0.0,0.0
2024-08-21 00:00:00-04:00,235.45001151977326,237.07714623059155,235.1245845776096,236.02197265625,775100,0.0,0.0
2024-08-22 00:00:00-04:00,236.77144129135667,237.50117286103833,235.88390918201705,237.254638671875,736300,0.0,0.0
2024-08-23 00:00:00-04:00,237.58007589002273,237.8364660408385,233.9412286929175,234.4441680908203,1170800,0.0,0.0
2024-08-26 00:00:00-04:00,232.2549404249326,233.71441865732552,230.08544250169922,231.18991088867188,1471200,0.0,0.0
2024-08-27 00:00:00-04:00,231.9590959282516,233.45802805569556,228.82317312526052,230.262939453125,1304100,0.0,0.0
2024-08-28 00:00:00-04:00,230.51934753804704,233.4185923210692,230.2826843213134,233.17205810546875,878800,0.0,0.0
2024-08-29 00:00:00-04:00,233.17204023418765,235.08514800817937,232.1365935985758,234.3061065673828,829700,0.0,0.0
2024-08-30 00:00:00-04:00,233.96095001356647,236.4756018008236,233.60594017245663,236.24879455566406,1229100,0.0,0.0
2024-09-03 00:00:00-04:00,237.2151958973973,241.4260039918649,236.60378088625697,240.34124755859375,1408900,0.0,0.0
2024-09-04 00:00:00-04:00,240.9921207177262,241.20907202175437,234.74987284583312,240.02569580078125,968500,0.0,0.0
2024-09-05 00:00:00-04:00,234.57235859130137,235.203485548919,228.7048475709534,232.9649658203125,2468400,0.0,0.0
2024-09-06 00:00:00-04:00,233.083299770654,234.16805629338714,230.0262696045907,231.7125701904297,1831600,0.0,0.0
2024-09-09 00:00:00-04:00,233.39886055232685,235.02599537005213,231.9492532379957,233.25094604492188,1477100,0.0,0.0
2024-09-10 00:00:00-04:00,233.06357059154752,236.1206007283679,232.1957804289159,234.23707580566406,1615000,0.0,0.0
2024-09-11 00:00:00-04:00,232.95507689761328,234.19761881503118,230.50946200592549,232.94522094726562,1374900,0.0,0.0
2024-09-12 00:00:00-04:00,232.31409720954187,234.77943908283197,232.23520446392627,234.3553924560547,1133400,0.0,0.0
2024-09-13 00:00:00-04:00,234.35542357630388,237.46176377749444,233.59610901252245,236.5545196533203,1238500,0.0,0.0
2024-09-16 00:00:00-04:00,238.64511899344114,240.49906109661072,237.60967228587825,237.89566040039062,1153900,0.0,0.0
2024-09-17 00:00:00-04:00,237.66881807719113,238.7042646975662,230.57850732398163,231.27865600585938,2096200,0.0,0.0
2024-09-18 00:00:00-04:00,227.29467510409182,228.36956059839082,224.05027662482723,225.31253051757812,2404600,0.0,0.0
2024-09-19 00:00:00-04:00,225.28294156577238,226.3282441319468,221.5947996849119,223.4191436767578,2204100,0.0,0.0
2024-09-20 00:00:00-04:00,227.07770601457844,229.26693072988417,221.6046442263141,224.94764709472656,6647200,0.0,0.0
2024-09-23 00:00:00-04:00,225.36183616210892,227.74828535379316,224.11930924165438,225.16461181640625,1067300,0.0,0.0
2024-09-24 00:00:00-04:00,223.35011691890773,224.67153654661757,218.96179636336342,222.22592163085938,2454800,0.0,0.0
2024-09-25 00:00:00-04:00,223.5078964435394,223.5078964435394,218.1137270223775,220.33253479003906,1737600,0.0,0.0
2024-09-26 00:00:00-04:00,219.02099903290087,222.47247798629573,219.02099903290087,220.7763214111328,1206400,0.0,0.0
2024-09-27 00:00:00-04:00,220.4015674789966,222.11745087101193,220.03670169023732,221.8018798828125,1082500,0.0,0.0
2024-09-30 00:00:00-04:00,222.1273430101588,222.3344383858108,220.56924485840136,221.95970153808594,1333600,0.0,0.0
2024-10-01 00:00:00-04:00,222.00896150739237,222.3738272736076,220.09585388958462,221.12142944335938,1338900,0.0,0.0
2024-10-02 00:00:00-04:00,220.4213096190241,220.50020237151125,218.32083334490883,218.56736755371094,1812500,0.0,0.0
2024-10-03 00:00:00-04:00,218.55749938777512,219.3168138744267,217.0881501684211,217.89678955078125,1460400,0.0,0.0
2024-10-04 00:00:00-04:00,217.16703199775614,218.0841319344538,216.309097857329,216.8909149169922,1638100,0.0,0.0
2024-10-07 00:00:00-04:00,216.1710581939693,217.4431680666287,215.61880893696411,216.45703125,1414600,0.0,0.0
2024-10-08 00:00:00-04:00,217.50233664230765,218.26166621402803,216.6444024160189,217.74887084960938,1598800,0.0,0.0
2024-10-09 00:00:00-04:00,218.53776793185457,219.31680935127216,216.97967004576665,218.09400939941406,1295000,0.0,0.0
2024-10-10 00:00:00-04:00,218.83361009279636,219.61265150553388,217.75872464521768,219.1195831298828,1352900,0.0,0.0
2024-10-11 00:00:00-04:00,219.90851198558147,221.5948125772043,219.18863631652792,219.474609375,938000,0.0,0.0
2024-10-14 00:00:00-04:00,219.87893223739243,222.8965085577452,218.87306844819017,221.69342041015625,1767700,0.0,0.0
2024-10-15 00:00:00-04:00,221.61452666932283,233.13261272425234,221.61452666932283,229.88821411132812,3260000,0.0,0.0
2024-10-16 00:00:00-04:00,228.32025211584636,233.60594596609826,227.62995936524982,233.29039001464844,1701000,0.0,0.0
2024-10-17 00:00:00-04:00,231.1800587843374,233.4185936883332,230.3418514747386,232.373291015625,1231800,0.0,0.0
2024-10-18 00:00:00-04:00,233.13262472151624,234.85836427120876,231.5843825885384,234.1384735107422,1210100,0.0,0.0
2024-10-21 00:00:00-04:00,234.7005542874302,235.79516671813988,232.7381366728057,233.2607879638672,848300,0.0,0.0
2024-10-22 00:00:00-04:00,232.53106813053816,232.53106813053816,230.44044781334736,230.9236602783203,1020800,0.0,0.0
2024-10-23 00:00:00-04:00,230.48974235567258,231.73228431243143,229.82903252740132,231.268798828125,755000,0.0,0.0
2024-10-24 00:00:00-04:00,230.9926736144013,233.66509573274413,230.4009855560603,231.89991760253906,866900,0.0,0.0
2024-10-25 00:00:00-04:00,231.21951293945312,231.88022283618758,230.10517346206655,231.21951293945312,1009600,0.0,0.0
2024-10-28 00:00:00-04:00,231.75200986215972,232.23522232349598,230.17419997026744,230.3319854736328,835400,0.0,0.0
2024-10-29 00:00:00-04:00,229.78961688411576,231.47590249965486,228.43859914464812,228.55694580078125,966400,0.0,0.0
2024-10-30 00:00:00-04:00,228.07374021905184,228.48791590991183,225.40131765599594,226.29869079589844,1205500,0.0,0.0
2024-10-31 00:00:00-04:00,225.67742039543975,228.389296687926,224.78988821681915,224.9180908203125,1264000,0.0,0.0
2024-11-01 00:00:00-04:00,227.47216422456756,234.57234587466402,227.15660828649246,231.0222625732422,1619700,0.0,0.0
2024-11-04 00:00:00-05:00,231.9492450396159,233.15231810091274,230.00655432567413,230.6475372314453,1036900,0.0,0.0
2024-11-05 00:00:00-05:00,231.55476382269714,233.44814454401504,228.7048292667769,230.7461395263672,1721300,0.0,0.0
2024-11-06 00:00:00-05:00,233.51720055610514,243.9603858046421,233.51720055610514,241.97825622558594,2215400,0.0,0.0
2024-11-07 00:00:00-05:00,245.58747961498167,247.32308985466307,242.9052016075007,244.32522583007812,1600300,0.0,0.0
2024-11-08 00:00:00-05:00,245.7354330633955,247.52033827446755,242.83618844656428,244.96624755859375,1376000,0.0,0.0
2024-11-11 00:00:00-05:00,245.54807685592857,248.03314594336436,244.96625972291218,245.63682556152344,1246200,0.0,0.0
2024-11-12 00:00:00-05:00,245.0549998432967,248.0725761058387,244.61124128361473,245.34097290039062,1279300,0.0,0.0
2024-11-13 00:00:00-05:00,245.53822873653357,247.61897816851408,244.52250894742625,246.504638671875,1255500,0.0,0.0
2024-11-14 00:00:00-05:00,244.9563969364925,245.6467047958292,239.77917827499562,240.03558349609375,1463900,0.0,0.0
2024-11-15 00:00:00-05:00,239.63033445867478,241.10301137831357,234.71813371721075,237.446044921875,1844700,0.55,0.0
2024-11-18 00:00:00-05:00,236.84313121104668,241.44892440205084,236.46754574809594,240.04544067382812,1246500,0.0,0.0
2024-11-19 00:00:00-05:00,239.34369845892934,241.09310261468335,237.70300053220234,238.1774139404297,820200,0.0,0.0
2024-11-20 00:00:00-05:00,238.14774952155875,240.80646724615787,237.73263592950926,240.37158203125,785100,0.0,0.0
2024-11-21 00:00:00-05:00,240.1442738412979,242.9710128062233,238.6320688613153,242.8326416015625,1000900,0.0,0.0
2024-11-22 00:00:00-05:00,243.25763871055815,244.67101576403692,241.8047334897547,242.17044067382812,952400,0.0,0.0
2024-11-25 00:00:00-05:00,241.52797385890221,243.4651857090034,240.93496090331737,241.3896026611328,1484700,0.0,0.0
2024-11-26 00:00:00-05:00,243.18846468157523,245.61984666763598,240.40125377703686,245.560546875,978000,0.0,0.0
2024-11-27 00:00:00-05:00,243.67274288076624,248.56518664091791,243.67274288076624,246.78611755371094,906600,0.0,0.0
2024-11-29 00:00:00-05:00,247.17157606728802,250.3244788397118,246.81576225733014,248.62448120117188,1103300,0.0,0.0
2024-12-02 00:00:00-05:00,248.10065438264562,248.10065438264562,245.6692574218134,246.96401977539062,950700,0.0,0.0
2024-12-03 00:00:00-05:00,248.8122697133326,249.46458245279135,246.92447939014093,247.1419219970703,1233600,0.0,0.0
2024-12-04 00:00:00-05:00,248.66401538238614,249.9983209723432,245.05647075965777,245.45181274414062,1002400,0.0,0.0
2024-12-05 00:00:00-05:00,244.12740686148985,246.1930966846447,241.06345361733574,241.46868896484375,1337100,0.0,0.0
2024-12-06 00:00:00-05:00,241.30068383125257,242.29893223698124,239.25476549684532,240.5791778564453,1199800,0.0,0.0
2024-12-09 00:00:00-05:00,240.46052746435169,240.62856363368542,235.53844915262312,237.71286010742188,1203100,0.0,0.0
2024-12-10 00:00:00-05:00,237.9896079865917,237.9896079865917,233.10707280726305,234.25357055664062,1543000,0.0,0.0
2024-12-11 00:00:00-05:00,234.05592491622252,234.2437176514033,226.60362087229691,229.19314575195312,1714900,0.0,0.0
2024-12-12 00:00:00-05:00,229.96404719270006,231.9012590377721,228.35299925895123,229.42044067382812,973000,0.0,0.0
2024-12-13 00:00:00-05:00,229.7762463819389,230.79426624444002,227.03847242384458,229.53904724121094,780800,0.0,0.0
2024-12-16 00:00:00-05:00,230.20127669460274,232.14836693961294,225.53616875624968,227.147216796875,1630500,0.0,0.0
2024-12-17 00:00:00-05:00,225.812917962519,226.77163816606375,223.15419998039997,224.99256896972656,1172400,0.0,0.0
2024-12-18 00:00:00-05:00,225.23963988720877,226.56405207468964,223.796613043797,224.35011291503906,1008700,0.0,0.0
2024-12-19 00:00:00-05:00,222.7193120042139,224.36988824136836,221.78036343690613,223.6385040283203,1729800,0.0,0.0
2024-12-20 00:00:00-05:00,225.07164208421824,226.7518682506857,222.90710913580133,225.0419921875,1953500,0.0,0.0
2024-12-23 00:00:00-05:00,224.63675513045914,225.3385045372727,222.1361799838658,224.99256896972656,940800,0.0,0.0
2024-12-24 00:00:00-05:00,224.3303594279488,226.06000707692235,223.88559590590745,224.8937225341797,394700,0.0,0.0
2024-12-26 00:00:00-05:00,224.093144157253,225.75361373499427,223.776873573745,223.95477294921875,705400,0.0,0.0
2024-12-27 00:00:00-05:00,222.88730321623498,225.2692784283027,222.88730321623498,224.29078674316406,909200,0.0,0.0
2024-12-30 00:00:00-05:00,222.5809408611203,223.40128984414034,221.51349935603392,222.09664916992188,880500,0.0,0.0
2024-12-31 00:00:00-05:00,222.34372830807456,224.5972107671657,221.31581503260819,222.0669708251953,821900,0.0,0.0
2025-01-02 00:00:00-05:00,223.25305362013438,224.1327024476707,221.31584149631743,222.12631225585938,736700,0.0,0.0
2025-01-03 00:00:00-05:00,223.25304293951226,229.54895564838503,223.12455000052927,226.534423828125,1718600,0.0,0.0
2025-01-06 00:00:00-05:00,226.59371000844473,228.66929312559338,225.29894766867284,226.2181396484375,1005800,0.0,0.0
2025-01-07 00:00:00-05:00,226.69255739035577,232.37568523098116,226.69255739035577,231.51580810546875,1734800,0.0,0.0
2025-01-08 00:00:00-05:00,232.2571040837689,235.59778489383726,231.61465444547508,235.06407165527344,1735700,0.0,0.0
2025-01-10 00:00:00-05:00,234.31290098543536,236.50706867773073,233.01812351850222,233.44313049316406,1359700,0.0,0.0
2025-01-13 00:00:00-05:00,233.66058499561424,234.0262771160336,230.89314562786936,233.34429931640625,873100,0.0,0.0
2025-01-14 00:00:00-05:00,234.9256857636179,237.85125274286054,233.02801702756932,237.25823974609375,1377000,0.0,0.0
2025-01-15 00:00:00-05:00,238.1971884716307,238.3355596791079,233.62103019073504,234.90591430664062,1186500,0.0,0.0
2025-01-16 00:00:00-05:00,234.88614593700055,238.11812035518815,233.92742574286333,238.08847045898438,862800,0.0,0.0
2025-01-17 00:00:00-05:00,238.0983506895205,240.9942829203373,236.44777443483093,239.2349853515625,1493000,0.0,0.0
2025-01-21 00:00:00-05:00,240.74717187013223,242.5064693035284,239.65995881294148,242.2198486328125,1207300,0.0,0.0
2025-01-22 00:00:00-05:00,241.66634155950493,245.1552864282937,240.3221577657698,244.08786010742188,1800600,0.0,0.0
2025-01-23 00:00:00-05:00,245.60995759368762,246.1930923040689,243.15880409077658,245.0564727783203,1171800,0.0,0.0
2025-01-24 00:00:00-05:00,245.81751540753174,246.29192879647763,244.30529539535658,245.59017944335938,672300,0.0,0.0
2025-01-27 00:00:00-05:00,247.44832875683556,253.82331262581718,246.91461556036757,251.92564392089844,1507100,0.0,0.0
2025-01-28 00:00:00-05:00,251.83669519320293,253.645414219147,251.54018115789023,252.13320922851562,1150600,0.0,0.0
2025-01-29 00:00:00-05:00,254.06050092392525,254.79191524745647,252.70643882602573,252.9634246826172,1147400,0.0,0.0
2025-01-30 00:00:00-05:00,253.42797026684923,258.21167772947604,253.42797026684923,255.45411682128906,1229900,0.0,0.0
2025-01-31 00:00:00-05:00,254.89078037851158,255.45412841368204,250.4332215612694,251.25357055664062,1917000,0.0,0.0
2025-02-03 00:00:00-05:00,250.7297306933652,252.96345686909774,249.97857481379629,251.47100830078125,1213300,0.0,0.0
2025-02-04 00:00:00-05:00,248.79252133219177,251.78728151127575,248.30821455672807,248.64427185058594,1859900,0.0,0.0
2025-02-05 00:00:00-05:00,251.37214209470991,259.20992398040795,245.7680860449339,250.3343505859375,2786800,0.0,0.0
2025-02-06 00:00:00-05:00,247.47796793263217,248.40703816154704,243.11925253850842,243.26751708984375,1726000,0.0,0.0
2025-02-07 00:00:00-05:00,242.72392295282194,246.5686819116117,241.9035739871508,244.99717712402344,3815500,0.0,0.0
2025-02-10 00:00:00-05:00,245.22450925080855,245.81753735092605,243.02044812239006,243.51463317871094,1504600,0.0,0.0
2025-02-11 00:00:00-05:00,243.48498330482118,244.66113107065786,240.68789407602117,243.8803253173828,1076600,0.0,0.0
2025-02-12 00:00:00-05:00,243.88031790010896,244.80938819083656,240.193701714503,240.75706481933594,2548500,0.0,0.0
2025-02-13 00:00:00-05:00,241.33029765201144,241.96285383974623,238.1675167133374,241.6861114501953,1819100,0.0,0.0
2025-02-14 00:00:00-05:00,241.70594578957298,244.00414072620836,240.30919878663485,240.3488311767578,1277900,0.55,0.0
2025-02-18 00:00:00-05:00,238.59547992422688,241.0422586553308,235.47510168132416,239.17002868652344,1285000,0.0,0.0
2025-02-19 00:00:00-05:00,239.28888516533112,244.17254187357153,237.84262034016356,243.1125946044922,1558600,0.0,0.0
2025-02-20 00:00:00-05:00,242.69655028910282,242.93429929008795,239.8733394743023,241.17103576660156,1188500,0.0,0.0
2025-02-21 00:00:00-05:00,239.17991140939952,241.20074002491376,238.4567790190543,239.16009521484375,1060800,0.0,0.0
2025-02-24 00:00:00-05:00,239.89316479340346,243.79612412820634,239.20964961548847,241.94371032714844,1068400,0.0,0.0
2025-02-25 00:00:00-05:00,242.70645436713684,248.39249335545605,242.66683709072606,248.174560546875,1737300,0.0,0.0
2025-02-26 00:00:00-05:00,246.99574532289506,251.0869206224852,246.51036189096308,248.29342651367188,1406600,0.0,0.0
2025-02-27 00:00:00-05:00,248.71938391528738,249.82884900013488,245.7773062171281,246.66883850097656,1655000,0.0,0.0
2025-02-28 00:00:00-05:00,248.29343701659874,251.18599711139856,246.29243950152403,251.15626525878906,2163900,0.0,0.0
2025-03-03 00:00:00-05:00,251.15626121132317,255.64368496760792,250.58172755627723,252.97897338867188,1368100,0.0,0.0
2025-03-04 00:00:00-05:00,253.39499304593315,255.50495668756034,250.17554927120946,250.898681640625,1707500,0.0,0.0
2025-03-05 00:00:00-05:00,249.6505291096443,252.7610064358101,248.22406547452908,249.16513061523438,1520500,0.0,0.0
2025-03-06 00:00:00-05:00,247.06510073958475,251.56240991774843,246.25280296006275,251.3841094970703,1476900,0.0,0.0
2025-03-07 00:00:00-05:00,250.92841378422602,255.56440584918172,249.73969903285237,252.1864776611328,2250600,0.0,0.0
2025-03-10 00:00:00-04:00,251.87943609616335,260.0914894216301,251.79027076076068,259.10089111328125,2307400,0.0,0.0
2025-03-11 00:00:00-04:00,260.44808416380056,261.22074952719186,254.13794842700545,258.21923828125,2532700,0.0,0.0
2025-03-12 00:00:00-04:00,257.01069507986585,257.53571087577905,249.57129350304237,251.61192321777344,1833900,0.0,0.0
2025-03-13 00:00:00-04:00,252.38459599237356,253.95964342659343,250.89869876416725,253.60304260253906,1038600,0.0,0.0
2025-03-14 00:00:00-04:00,253.1869824153809,256.0299943238241,250.11613716033415,255.6436767578125,925100,0.0,0.0
2025-03-17 00:00:00-04:00,254.85116034717615,259.378200884774,253.35536266917902,258.5064697265625,1240300,0.0,0.0
2025-03-18 00:00:00-04:00,258.476774306083,262.9443817449724,257.7833737226246,261.6566162109375,1745500,0.0,0.0
2025-03-19 00:00:00-04:00,261.5674505274055,264.9751108569041,260.2598838391654,263.3109130859375,1479200,0.0,0.0
2025-03-20 00:00:00-04:00,263.80619388395723,265.4010726433899,261.8447986417951,265.3218078613281,1496800,0.0,0.0
2025-03-21 00:00:00-04:00,265.57933286551696,268.53129559146083,263.87550307692,264.9156188964844,6526600,0.0,0.0
2025-03-24 00:00:00-04:00,265.75768124824305,267.31292766215995,264.1925494092717,264.9850158691406,1056800,0.0,0.0
2025-03-25 00:00:00-04:00,266.97615609884576,268.2342050501732,263.0929974818338,265.9558410644531,1448900,0.0,0.0
2025-03-26 00:00:00-04:00,266.67894332373936,269.3040226096497,265.3812620497486,268.8384704589844,1036200,0.0,0.0
2025-03-27 00:00:00-04:00,270.5026023700711,272.3451001342818,268.62047222138705,271.3941345214844,1015500,0.0,0.0
2025-03-28 00:00:00-04:00,272.21634870556176,272.9791285983569,270.8295173968276,272.62249755859375,1153800,0.0,0.0
2025-03-31 00:00:00-04:00,273.40508686299944,278.06091021705936,273.0088536528075,275.4754333496094,1916700,0.0,0.0
2025-04-01 00:00:00-04:00,276.3966979511534,277.36749506692445,273.15745273108723,274.8018493652344,1322300,0.0,0.0
2025-04-02 00:00:00-04:00,274.48484966718433,277.1693623055959,273.8409668878741,276.8821105957031,1406600,0.0,0.0
2025-04-03 00:00:00-04:00,279.05153983799175,289.08627474265523,277.39722745472886,286.6394958496094,3339400,0.0,0.0
2025-04-04 00:00:00-04:00,288.56124004590765,293.86094639735745,273.41501551883783,275.77264404296875,4404500,0.0,0.0
2025-04-07 00:00:00-04:00,269.8686284246005,277.714178541363,264.8859212776611,271.9786071777344,2766400,0.0,0.0
2025-04-08 00:00:00-04:00,277.8924907226054,278.62552366109924,269.6606227245123,272.14703369140625,2426400,0.0,0.0
2025-04-09 00:00:00-04:00,269.14552904255953,279.97275955042153,266.83741842736254,271.31494140625,4241500,0.0,0.0
2025-04-10 00:00:00-04:00,271.95880896139175,279.62602852865933,270.1361120976515,276.52545166015625,2280500,0.0,0.0
2025-04-11 00:00:00-04:00,275.22776642735573,283.81626506708557,274.9008823630282,281.65673828125,1509200,0.0,0.0
2025-04-14 00:00:00-04:00,280.50766149218657,282.8157416338052,277.3674523904219,281.61712646484375,1215000,0.0,0.0
2025-04-15 00:00:00-04:00,283.6478717133702,283.6478717133702,279.5566965015314,281.86480712890625,1124600,0.0,0.0
2025-04-16 00:00:00-04:00,283.8360628847685,284.48986123656675,280.33925291802075,281.7657165527344,1398400,0.0,0.0
2025-04-17 00:00:00-04:00,280.34921634659656,285.13379252332135,279.00198702616274,284.04412841796875,1618800,0.0,0.0
2025-04-21 00:00:00-04:00,286.60977216045967,286.60977216045967,275.3268740573919,278.5166015625,1895400,0.0,0.0
2025-04-22 00:00:00-04:00,279.16046244081133,283.6577865097422,277.5160658829087,283.5785217285156,2165800,0.0,0.0
2025-04-23 00:00:00-04:00,282.11249843578037,282.310599957464,272.57303196601316,282.0332336425781,1992200,0.0,0.0
2025-04-24 00:00:00-04:00,281.14167893261606,281.97377781131416,277.86280123665404,279.73504638671875,1928200,0.0,0.0
2025-04-25 00:00:00-04:00,280.34922288494465,283.45968569750204,277.2387298417275,283.2120361328125,1815800,0.0,0.0
2025-04-28 00:00:00-04:00,284.30163765119323,285.4804517379553,282.4293928437524,285.0445861816406,1334100,0.0,0.0
2025-04-29 00:00:00-04:00,285.71820276261553,287.9371630637325,282.7365230380959,287.4418640136719,1250200,0.0,0.0
2025-04-30 00:00:00-04:00,289.0367490645684,290.52264640301075,286.15410460031137,289.91839599609375,1620200,0.0,0.0
2025-05-01 00:00:00-04:00,286.9960856618947,289.70042938545174,284.0639237206384,287.69940185546875,1259300,0.0,0.0
2025-05-02 00:00:00-04:00,289.87874990125204,291.1367987053005,287.4716035821083,289.37353515625,1046800,0.0,0.0
2025-05-05 00:00:00-04:00,290.86934163642985,291.43398984119904,288.34329819803656,289.2249450683594,1385600,0.0,0.0
2025-05-06 00:00:00-04:00,289.54196295172096,291.03774571101656,287.3230023762232,288.07586669921875,1364100,0.0,0.0
2025-05-07 00:00:00-04:00,292.7811852462253,306.441542127022,290.66132093638436,301.71636962890625,2515200,0.0,0.0
2025-05-08 00:00:00-04:00,298.17000454370697,300.2799831669173,280.319439074989,281.10198974609375,4123800,0.0,0.0
2025-05-09 00:00:00-04:00,283.23182368617796,286.5205864218383,280.15104785747826,280.3392639160156,2786000,0.0,0.0
2025-05-12 00:00:00-04:00,273.3753805916745,276.06980884702995,268.45210643419017,275.7627258300781,3769300,0.0,0.0
2025-05-13 00:00:00-04:00,275.8816234629641,277.5557369896842,273.58342817732165,276.3769226074219,1980000,0.0,0.0
2025-05-14 00:00:00-04:00,277.6547479970757,280.4284105656685,275.71315396840595,276.52545166015625,1493800,0.0,0.0
2025-05-15 00:00:00-04:00,277.3674995317835,283.65780422801095,276.24811871462487,283.2813720703125,1507700,0.0,0.0
2025-05-16 00:00:00-04:00,283.6188069474043,288.3629891445779,283.34090620196395,288.0453796386719,1355600,0.55,0.0
2025-05-19 00:00:00-04:00,289.2463268179913,291.8466904832735,288.5614945197102,290.4373474121094,1553500,0.0,0.0
2025-05-20 00:00:00-04:00,291.38016983044423,294.7249436117089,289.1470292483047,290.73504638671875,1540200,0.0,0.0
2025-05-21 00:00:00-04:00,289.1470448498442,291.40995955028956,288.9485616274001,289.17681884765625,947200,0.0,0.0
2025-05-22 00:00:00-04:00,288.7600161108434,290.6755475313281,286.387909619482,287.93621826171875,1057900,0.0,0.0
2025-05-23 00:00:00-04:00,290.12968034450563,291.22144420326885,287.06283706551113,290.1594543457031,1356400,0.0,0.0
2025-05-27 00:00:00-04:00,290.8045581124808,291.97570913178635,290.0601778442748,291.191650390625,1241500,0.0,0.0
2025-05-28 00:00:00-04:00,289.424951785299,291.5588660668249,286.72536182214907,287.0231018066406,983300,0.0,0.0
2025-05-29 00:00:00-04:00,285.8419947655357,288.8989027713255,283.8371416784786,288.5118408203125,919400,0.0,0.0
2025-05-30 00:00:00-04:00,288.6905469797988,293.03773309943927,287.8568446168274,289.0577697753906,3890000,0.0,0.0
2025-06-02 00:00:00-04:00,288.11486948888296,290.01056151972585,286.3482082160471,289.88153076171875,1150700,0.0,0.0
2025-06-03 00:00:00-04:00,293.3056716692032,294.4768530044106,286.04054310365166,289.36541748046875,1368100,0.0,0.0
2025-06-04 00:00:00-04:00,289.127188931148,290.1594046105881,286.57643887309564,286.8543395996094,811400,0.0,0.0
2025-06-05 00:00:00-04:00,287.0529212943575,287.50946610589654,284.4326878599638,286.2489929199219,1190100,0.0,0.0
2025-06-06 00:00:00-04:00,283.7478292671728,287.57889159320683,283.1026755121957,286.77496337890625,1302600,0.0,0.0
2025-06-09 00:00:00-04:00,284.5318817337374,285.4549059167954,280.04576127771253,281.8223571777344,1120500,0.0,0.0
2025-06-10 00:00:00-04:00,281.2169182513225,283.43021967486715,279.4601918371317,282.11016845703125,1239400,0.0,0.0
2025-06-11 00:00:00-04:00,281.94146778514755,285.9214002167046,281.94146778514755,284.4922180175781,1171300,0.0,0.0
2025-06-12 00:00:00-04:00,286.27873216619696,292.9781546657317,285.246516366855,292.82928466796875,1418100,0.0,0.0
2025-06-13 00:00:00-04:00,292.87892120570274,294.7150654279596,291.01300298152444,293.3255615234375,966900,0.0,0.0
2025-06-16 00:00:00-04:00,292.3429157460984,293.86145019785334,288.204178645137,290.30828857421875,1064300,0.0,0.0
2025-06-17 00:00:00-04:00,290.06018845228215,293.1071923975782,290.06018845228215,291.0030822753906,971500,0.0,0.0
2025-06-18 00:00:00-04:00,290.49688265455075,295.9060580393122,290.49688265455075,294.5264587402344,1167500,0.0,0.0
2025-06-20 00:00:00-04:00,294.3478244072564,295.2708486985551,290.7350841903847,291.4596252441406,3544200,0.0,0.0
2025-06-23 00:00:00-04:00,293.5736353189971,295.06239572420736,288.6904878627878,290.9335632324219,1516700,0.0,0.0
2025-06-24 00:00:00-04:00,290.4274076403737,292.2238429747645,285.27629363635225,291.9161682128906,1190400,0.0,0.0
2025-06-25 00:00:00-04:00,292.2933272970501,292.7300328237647,289.30587137314126,290.1296691894531,885000,0.0,0.0
2025-06-26 00:00:00-04:00,292.23377771770305,297.4146657212639,291.2710446693182,294.35772705078125,1661300,0.0,0.0
2025-06-27 00:00:00-04:00,293.7920303775839,298.03002470422814,293.4248076042919,297.1764831542969,2171800,0.0,0.0
2025-06-30 00:00:00-04:00,298.1987512465081,299.6080942766165,295.47926136990617,297.6032409667969,1299000,0.0,0.0
2025-07-01 00:00:00-04:00,298.16895248033825,300.26312761483075,289.990674582028,293.1170654296875,2064500,0.0,0.0
2025-07-02 00:00:00-04:00,291.54893602481656,295.39986809411045,286.86430169653795,288.98828125,1220200,0.0,0.0
2025-07-03 00:00:00-04:00,290.32815299236825,294.0103759765625,288.70045717146166,294.0103759765625,615000,0.0,0.0
2025-07-07 00:00:00-04:00,294.61574471082446,300.4417553705556,293.4942070670303,300.23333740234375,1597800,0.0,0.0
2025-07-08 00:00:00-04:00,298.35752986274514,300.90828025144674,295.64800500023193,295.796875,1168900,0.0,0.0
2025-07-09 00:00:00-04:00,296.8489293786578,298.1193371886569,292.7995139495704,297.9109191894531,762300,0.0,0.0
2025-07-10 00:00:00-04:00,297.70246111727516,298.9629339946727,292.7895397749796,295.0921630859375,1073400,0.0,0.0
2025-07-11 00:00:00-04:00,293.29575611608686,294.59593787562426,291.3504205691445,292.99798583984375,970800,0.0,0.0
2025-07-14 00:00:00-04:00,292.4024826151317,296.17402751596364,292.4024826151317,294.8341369628906,918700,0.0,0.0
2025-07-15 00:00:00-04:00,294.04012114246194,296.20377904210056,291.73749772999275,292.4421691894531,916400,0.0,0.0
2025-07-16 00:00:00-04:00,294.9631693994502,295.97551567541416,291.60849076076835,295.5983581542969,1323700,0.0,0.0
2025-07-17 00:00:00-04:00,293.593502639583,294.85397566590075,289.0081249991124,292.1742248535156,803600,0.0,0.0
2025-07-18 00:00:00-04:00,291.90623616833153,293.265996279912,289.7128040519588,290.675537109375,1049500,0.0,0.0
2025-07-21 00:00:00-04:00,289.47460897129855,292.42235611253267,287.301016115191,290.47705078125,789400,0.0,0.0
2025-07-22 00:00:00-04:00,290.4770402856512,294.2683940487411,288.7798314885386,290.7747802734375,868300,0.0,0.0
2025-07-23 00:00:00-04:00,291.11224120957706,291.7871387360865,288.6607475778074,291.24127197265625,936300,0.0,0.0
2025-07-24 00:00:00-04:00,290.1097954319487,292.2437097972793,287.32085307501194,288.273681640625,902900,0.0,0.0
2025-07-25 00:00:00-04:00,288.7103839741797,290.95342926147106,287.2315279056901,288.184326171875,785300,0.0,0.0
2025-07-28 00:00:00-04:00,288.75998489523266,288.75998489523266,281.9712407464781,284.0555114746094,997900,0.0,0.0
2025-07-29 00:00:00-04:00,283.35085601808714,288.7004840850151,282.934019977678,287.5987854003906,1092600,0.0,0.0
2025-07-30 00:00:00-04:00,286.37797322399166,290.0800048839768,286.37797322399166,289.613525390625,649700,0.0,0.0
2025-07-31 00:00:00-04:00,288.69051858125425,289.8120563854099,279.72818119979615,283.9364013671875,1226600,0.0,0.0
2025-08-01 00:00:00-04:00,286.32832731600945,287.9064097704369,282.8843269037204,286.18939208984375,1140200,0.0,0.0
2025-08-04 00:00:00-04:00,285.6336164360431,291.4397888183594,285.59390767258685,291.4397888183594,1000300,0.0,0.0
2025-08-05 00:00:00-04:00,289.13717325270494,292.6704960764023,288.80962895061964,290.1594543457031,1498300,0.0,0.0
2025-08-06 00:00:00-04:00,279.99615586658393,285.11749599868756,271.38120174101425,281.6536560058594,2379400,0.0,0.0
2025-08-07 00:00:00-04:00,279.0830372527246,281.84220541712864,273.07838220118,276.3139343261719,1732300,0.0,0.0
2025-08-08 00:00:00-04:00,276.93923141901536,283.8470717683852,276.93923141901536,282.9935302734375,1106200,0.0,0.0
2025-08-11 00:00:00-04:00,284.10515144990507,290.5663822286064,282.9240656024239,288.5218200683594,1839200,0.0,0.0
2025-08-12 00:00:00-04:00,284.41277864917055,288.08506634390517,276.11543539274453,286.9833679199219,1935500,0.0,0.0
2025-08-13 00:00:00-04:00,289.10741022963776,291.3703252733153,286.92388242919725,288.8592834472656,1353600,0.0,0.0
2025-08-14 00:00:00-04:00,286.52686659520447,295.2013686380538,286.52686659520447,292.6605529785156,1248000,0.0,0.0
2025-08-15 00:00:00-04:00,294.29128637108863,295.95188379673607,291.14909969211425,291.16900634765625,1109000,0.55,0.0
2025-08-18 00:00:00-04:00,291.8750148679495,293.91344439828777,288.5836797722347,288.71295166015625,1185600,0.0,0.0
2025-08-19 00:00:00-04:00,288.34502823555897,294.0824845498996,286.6943841060068,293.04833984375,913500,0.0,0.0
2025-08-20 00:00:00-04:00,294.8879180379377,302.15669999997635,294.3310778857948,301.97772216796875,1071700,0.0,0.0
2025-08-21 00:00:00-04:00,302.1567004480616,304.55311590964703,300.71489411629034,301.52032470703125,2276800,0.0,0.0
2025-08-22 00:00:00-04:00,302.8726123428032,303.5487709841375,289.83654563364297,290.9502258300781,1706500,0.0,0.0
2025-08-25 00:00:00-04:00,290.9104905598785,292.15344283029964,286.1673956203368,286.67449951171875,1281700,0.0,0.0
2025-08-26 00:00:00-04:00,287.04239804414664,288.25552050133973,285.67017407750905,288.06658935546875,1413700,0.0,0.0
2025-08-27 00:00:00-04:00,289.0410409564037,290.8209568301534,287.06227095733334,288.9217224121094,880200,0.0,0.0
2025-08-28 00:00:00-04:00,288.19583406261904,289.14048980239625,286.21706401830835,288.2555236816406,1058400,0.0,0.0
2025-08-29 00:00:00-04:00,289.3592742004689,290.3735122784364,287.6688470583435,289.9658203125,1123300,0.0,0.0
2025-09-02 00:00:00-04:00,290.32376418896587,295.48450343833827,289.34927887435214,293.1875305175781,1452100,0.0,0.0
2025-09-03 00:00:00-04:00,293.3565727386933,294.33105811223237,291.0894293157033,293.4759216308594,1225300,0.0,0.0
2025-09-04 00:00:00-04:00,293.9333254868931,296.4092764168922,289.54818673503786,291.0496826171875,1246200,0.0,0.0
2025-09-05 00:00:00-04:00,289.21010881161527,292.1335346604801,288.41460123798913,290.8507995605469,1012900,0.0,0.0
2025-09-08 00:00:00-04:00,291.11924491223454,296.61806353916455,289.0311097554453,296.1805419921875,2794200,0.0,0.0
2025-09-09 00:00:00-04:00,296.8965036919708,298.55710108667586,294.6194372426921,296.98602294921875,1720400,0.0,0.0
2025-09-10 00:00:00-04:00,295.8226009787623,299.4818446928208,293.55545755314887,294.6492614746094,1378300,0.0,0.0
2025-09-11 00:00:00-04:00,295.64362967524687,301.90809628408823,294.0128619117579,301.09271240234375,1429000,0.0,0.0
2025-09-12 00:00:00-04:00,300.51600415541975,305.776186219634,300.2872900324498,300.8143005371094,1189400,0.0,0.0
2025-09-15 00:00:00-04:00,299.7006053611659,301.58988649086115,289.67745294272896,289.7569885253906,2330500,0.0,0.0
2025-09-16 00:00:00-04:00,289.9061472088034,291.26844825487393,285.680109900538,288.3648986816406,1792800,0.0,0.0
2025-09-17 00:00:00-04:00,290.52267766720115,291.377814182271,286.0082669526022,287.4500732421875,1761600,0.0,0.0
2025-09-18 00:00:00-04:00,285.9883654506176,289.6078567497478,284.14882050818767,289.2001647949219,1321700,0.0,0.0
2025-09-19 00:00:00-04:00,289.9061377927414,292.0539626787605,287.8776617994265,288.384765625,7226400,0.0,0.0
2025-09-22 00:00:00-04:00,288.38475806868445,290.65190144249317,284.21838028044453,287.1617126464844,1097300,0.0,0.0
2025-09-23 00:00:00-04:00,288.7626069097703,301.2219567311609,288.3648683328955,300.6949462890625,1328600,0.0,0.0
2025-09-24 00:00:00-04:00,299.99894599237035,307.894180553926,299.50176512751426,306.6213684082031,1549300,0.0,0.0
2025-09-25 00:00:00-04:00,308.2521185726655,308.2521185726655,288.1759539708888,297.1351623535156,1988200,0.0,0.0
2025-09-26 00:00:00-04:00,299.47192758947904,305.57729266918835,297.56273976677016,305.26904296875,1598800,0.0,0.0
2025-09-29 00:00:00-04:00,304.32437781238264,307.83447330343256,303.8172739942179,306.3330078125,1030800,0.0,0.0
2025-09-30 00:00:00-04:00,306.14407706788074,310.9667372562211,304.87129533889185,310.7678527832031,1473600,0.0,0.0
2025-10-01 00:00:00-04:00,311.513611255308,313.45262857837747,308.1725707333832,310.0121154785156,1517600,0.0,0.0
2025-10-02 00:00:00-04:00,306.5219200058761,310.041938261066,302.93225880946596,306.8301696777344,919400,0.0,0.0
2025-10-03 00:00:00-04:00,306.13412155034536,306.80035721922997,294.41058900019584,301.0529479980469,1253400,0.0,0.0
2025-10-06 00:00:00-04:00,298.02013504883394,303.94655259855136,297.5726904934848,303.57861328125,1117600,0.0,0.0
2025-10-07 00:00:00-04:00,302.4152276506113,307.03900347082714,299.66082632982614,306.9693908691406,875900,0.0,0.0
2025-10-08 00:00:00-04:00,307.0787875013295,309.08738721110524,303.92664756005416,308.8586730957031,676900,0.0,0.0
2025-10-09 00:00:00-04:00,308.78910576438454,312.4881326812888,306.1341465448232,312.3489074707031,929500,0.0,0.0
2025-10-10 00:00:00-04:00,314.79502423641816,317.8775516793413,312.9355726500727,316.20703125,1455400,0.0,0.0
2025-10-13 00:00:00-04:00,311.811946440632,318.0664903895594,311.811946440632,315.2126770019531,1512800,0.0,0.0
2025-10-14 00:00:00-04:00,317.15168905002895,317.58921064318554,312.72676716967766,316.1374206542969,727400,0.0,0.0
2025-10-15 00:00:00-04:00,314.46688168028584,318.56364695155844,314.46688168028584,317.80792236328125,799700,0.0,0.0
2025-10-16 00:00:00-04:00,317.84774206035786,320.05522646156277,316.3064934145788,317.5991516113281,1399200,0.0,0.0
2025-10-17 00:00:00-04:00,317.94716456934486,323.8636290271356,317.56930225499696,322.85931396484375,1177600,0.0,0.0
2025-10-20 00:00:00-04:00,323.475808530424,327.72172214814105,321.53679103926925,325.5440979003906,1051000,0.0,0.0
2025-10-21 00:00:00-04:00,324.85799190650437,327.035646540122,322.52123575336304,326.9660339355469,972200,0.0,0.0
2025-10-22 00:00:00-04:00,327.333906797651,329.85959382988915,324.57953601206447,328.934814453125,908000,0.0,0.0
2025-10-23 00:00:00-04:00,328.4376687208944,330.0684365310905,325.74295691752224,326.7074890136719,1197400,0.0,0.0
2025-10-24 00:00:00-04:00,327.13507933030337,332.4549210368682,325.33528689741996,330.8341064453125,911800,0.0,0.0
2025-10-27 00:00:00-04:00,331.5500200761938,334.17514957539277,329.06411578324537,334.1552429199219,859000,0.0,0.0
2025-10-28 00:00:00-04:00,333.6481468681864,335.9152904224618,330.6551083190398,333.7475891113281,1166000,0.0,0.0
2025-10-29 00:00:00-04:00,334.7021572848544,336.31301839799073,329.5314642603698,331.29150390625,1472800,0.0,0.0
2025-10-30 00:00:00-04:00,341.26493314676776,348.4839781485408,338.25201853699855,339.2861328125,1353600,0.0,0.0
2025-10-31 00:00:00-04:00,338.0034227999794,341.66266636069236,335.1197497609248,335.9053039550781,1279500,0.0,0.0
2025-11-03 00:00:00-05:00,336.3527922499216,339.3756299143087,333.2802182941304,339.0077209472656,1774600,0.0,0.0
2025-11-04 00:00:00-05:00,336.352825933058,345.45123016501316,334.01606967734483,342.58746337890625,1837900,0.0,0.0
2025-11-05 00:00:00-05:00,351.7554379048321,359.34242224057687,340.06173505006876,352.0040283203125,3702700,0.0,0.0
2025-11-06 00:00:00-05:00,350.2738750672495,359.95894867177714,347.0919053717251,358.2088623046875,1954900,0.0,0.0
2025-11-07 00:00:00-05:00,361.1024583288908,362.30562753260614,356.26987485818347,358.6662902832031,1302500,0.0,0.0
2025-11-10 00:00:00-05:00,354.80815524627087,363.9363885280685,352.41173986614103,362.593994140625,1390500,0.0,0.0
2025-11-11 00:00:00-05:00,361.5897229193353,364.10545694403186,360.39647667590486,363.0215759277344,855100,0.0,0.0
2025-11-12 00:00:00-05:00,361.94762702788177,363.99600952243185,358.1094057686498,361.37091064453125,1812400,0.0,0.0
2025-11-13 00:00:00-05:00,360.83397899454746,363.60825663769856,359.00435710576113,363.3894958496094,1314900,0.0,0.0
2025-11-14 00:00:00-05:00,366.6065555629103,367.5228861598391,359.9433637207054,360.49114990234375,1960500,0.6,0.0
2025-11-17 00:00:00-05:00,360.65052465216496,364.4651798397251,359.7939514149746,363.5389099121094,1542600,0.0,0.0
2025-11-18 00:00:00-05:00,365.17233705469846,365.40139690058277,359.09674956868804,360.1923522949219,2045800,0.0,0.0
2025-11-19 00:00:00-05:00,359.3656771286456,362.5628190056358,356.1187171641297,359.2860107421875,1217000,0.0,0.0
2025-11-20 00:00:00-05:00,359.1266405074507,362.17438885272736,357.79200819377013,360.6206359863281,975700,0.0,0.0
2025-11-21 00:00:00-05:00,360.75007585885356,367.9013260387502,359.56483716050656,364.21612548828125,1521200,0.0,0.0
2025-11-24 00:00:00-05:00,364.2161520012499,371.2877363208782,360.61064795877326,370.72998046875,2847500,0.0,0.0
2025-11-25 00:00:00-05:00,372.51284987191667,376.0287180866318,371.15827813838985,373.2498779296875,1563900,0.0,0.0
2025-11-26 00:00:00-05:00,373.50881960391655,375.47093477791674,366.9452034623154,367.05474853515625,1246900,0.0,0.0
2025-11-28 00:00:00-05:00,367.0846110142998,369.02681710620595,365.8396149029274,367.453125,656100,0.0,0.0
2025-12-01 00:00:00-05:00,367.4730755817138,368.3196486468979,358.40949753582174,358.67840576171875,1434400,0.0,0.0
2025-12-02 00:00:00-05:00,358.67841886433024,358.67841886433024,346.89578825103786,349.2662658691406,2377800,0.0,0.0
2025-12-03 00:00:00-05:00,350.7303569644263,350.7303569644263,332.05541540844206,333.96771240234375,3445700,0.0,0.0
2025-12-04 00:00:00-05:00,333.96772225124187,336.7465621474375,332.66296872768555,336.2784423828125,1283000,0.0,0.0
2025-12-05 00:00:00-05:00,336.7565099957372,339.8142278891921,335.0234850507758,338.3003234863281,1344000,0.0,0.0
2025-12-08 00:00:00-05:00,337.7525266421738,338.3103129235819,334.4956274083903,336.46771240234375,1755300,0.0,0.0
2025-12-09 00:00:00-05:00,338.9477191786461,341.228560701873,335.77048648067694,335.9398193359375,1473800,0.0,0.0
2025-12-10 00:00:00-05:00,337.2544849766482,339.4954779302659,335.25255194029666,339.42578125,1416400,0.0,0.0
2025-12-11 00:00:00-05:00,340.77043331400404,344.7544213741456,338.6688638066627,343.1209716796875,1770700,0.0,0.0
2025-12-12 00:00:00-05:00,343.6189627233957,346.4376208407379,341.0293644614695,344.6149597167969,1614200,0.0,0.0
2025-12-15 00:00:00-05:00,345.63085535717477,350.58096148195517,342.6329251656987,348.91766357421875,1821500,0.0,0.0
2025-12-16 00:00:00-05:00,347.5232715460661,349.36584159984295,338.5194505457373,340.3520812988281,1265000,0.0,0.0
2025-12-17 00:00:00-05:00,341.0393110169342,343.2205467161097,337.78241201185705,341.58709716796875,1482500,0.0,0.0
2025-12-18 00:00:00-05:00,341.71657573674185,342.8221481109437,337.98158732935394,339.21661376953125,1805500,0.0,0.0
2025-12-19 00:00:00-05:00,339.37600472225546,344.2364748978132,337.2246475759226,339.56524658203125,3255100,0.0,0.0
2025-12-22 00:00:00-05:00,338.87800461600176,339.814244213994,336.1191039085489,338.6688537597656,871100,0.0,0.0
2025-12-23 00:00:00-05:00,336.1688751270604,339.71462179002043,335.0633331171406,339.2265930175781,774100,0.0,0.0
2025-12-24 00:00:00-05:00,340.1130444755096,342.29428019587886,338.4995039078581,338.6190490722656,381900,0.0,0.0
2025-12-26 00:00:00-05:00,338.4497269054915,340.4915085295599,337.7624865666671,339.68475341796875,414100,0.0,0.0
2025-12-29 00:00:00-05:00,338.93775766117335,340.7405097501778,337.8322156112447,338.8879699707031,731600,0.0,0.0
2025-12-30 00:00:00-05:00,338.13098594487894,340.33216103124363,337.89195640969194,338.6788024902344,551400,0.0,0.0
2025-12-31 00:00:00-05:00,337.9218538987397,339.286364897024,336.328252652882,336.3979797363281,781500,0.0,0.0
2026-01-02 00:00:00-05:00,335.83025145655876,339.13696869586454,333.9478329865942,337.51348876953125,841000,0.0,0.0
2026-01-05 00:00:00-05:00,335.95973301108785,340.35208326344826,327.7826064591473,339.5552978515625,1613400,0.0,0.0
2026-01-06 00:00:00-05:00,338.6588657935987,348.15071533742446,338.6588657935987,344.7842712402344,1413400,0.0,0.0
2026-01-07 00:00:00-05:00,344.4655587210307,346.78621829097085,337.8123062453703,339.0473327636719,988700,0.0,0.0
2026-01-08 00:00:00-05:00,339.6050709261332,345.8997787535403,332.84224333065015,334.39599609375,1133600,0.0,0.0
2026-01-09 00:00:00-05:00,332.9717412558037,338.1110892166966,332.4538337789689,334.3462219238281,917000,0.0,0.0
2026-01-12 00:00:00-05:00,335.8402077554592,340.9297374854942,332.6131874240149,340.7903137207031,1013100,0.0,0.0
2026-01-13 00:00:00-05:00,343.1607901270429,347.6228369119797,341.40782580700966,344.49542236328125,1163100,0.0,0.0
2026-01-14 00:00:00-05:00,344.01734035582933,348.5790234070007,343.728492729693,348.5292053222656,760000,0.0,0.0
2026-01-15 00:00:00-05:00,348.1507202293445,354.3259134511709,347.7124791415805,353.9275207519531,1084700,0.0,0.0
2026-01-16 00:00:00-05:00,353.74826124104203,355.4414378720923,351.00926954232193,353.4295349121094,1399100,0.0,0.0
2026-01-20 00:00:00-05:00,353.3100110781107,357.51311944746067,348.5391771490473,349.2662658691406,1007400,0.0,0.0
2026-01-21 00:00:00-05:00,348.4694702144349,353.53909136518286,341.34809764771967,350.3419494628906,1305800,0.0,0.0
2026-01-22 00:00:00-05:00,354.7143429143304,355.0828568961256,349.61481336404046,351.05902099609375,1162600,0.0,0.0
2026-01-23 00:00:00-05:00,350.0232208574873,352.1446993455571,346.2384443892444,352.0650329589844,1137600,0.0,0.0
2026-01-26 00:00:00-05:00,353.5789153765806,355.6705150395813,352.18452573305166,354.0868835449219,904800,0.0,0.0
2026-01-27 00:00:00-05:00,351.7562736820415,355.2621721778783,350.22242979211836,354.7143859863281,1135200,0.0,0.0
2026-01-28 00:00:00-05:00,352.9115863455142,354.36576377896813,345.1328525882577,349.13677978515625,852300,0.0,0.0
2026-01-29 00:00:00-05:00,353.35978568811237,360.9791560389723,349.56503985855835,350.6905212402344,1717600,0.0,0.0
2026-01-30 00:00:00-05:00,350.13276392891976,358.04098186382566,348.09095201639326,357.7820129394531,1387500,0.0,0.0
2026-02-02 00:00:00-05:00,359.1365629542953,362.8117940914899,355.4414228206664,362.1046447753906,1015300,0.0,0.0
2026-02-03 00:00:00-05:00,361.26802869454417,364.68429106840273,360.3019104003906,360.3019104003906,1391200,0.0,0.0
2026-02-04 00:00:00-05:00,343.61894155972135,355.54102605226217,326.6969634106027,328.64910888671875,3229400,0.0,0.0
2026-02-05 00:00:00-05:00,334.7346564852899,360.89951697978415,331.6570294202156,350.75030517578125,2878700,0.0,0.0
2026-02-06 00:00:00-05:00,353.17057052559807,359.1764311848018,350.04315576942935,357.8119201660156,1198300,0.0,0.0
2026-02-09 00:00:00-05:00,357.8318081555379,365.80975333722694,357.47326384847577,361.8157958984375,1155100,0.0,0.0
2026-02-10 00:00:00-05:00,361.01901258700525,362.6424924648522,356.7959952817454,358.55889892578125,1525300,0.0,0.0
2026-02-11 00:00:00-05:00,359.01703948074027,364.983081670647,356.85574319655836,364.236083984375,1270600,0.0,0.0
2026-02-12 00:00:00-05:00,364.1663449566669,373.3892858137541,345.64079686588605,349.6546630859375,2065500,0.0,0.0
2026-02-13 00:00:00-05:00,351.84964495225154,363.8320575537014,350.19345572447554,360.0008544921875,975000,0.6,0.0
2026-02-17 00:00:00-05:00,360.50966925623067,363.40299922540754,355.41142619521804,359.142822265625,853800,0.0,0.0
2026-02-18 00:00:00-05:00,358.634002064498,361.76680139315715,357.3370014638466,359.4022521972656,1032700,0.0,0.0
2026-02-19 00:00:00-05:00,360.0706853409088,361.90645356926484,357.9056888131945,358.2847900390625,710800,0.0,0.0
2026-02-20 00:00:00-05:00,358.1152079151672,360.36003772607876,355.4213999630922,360.2502746582031,1051300,0.0,0.0
2026-02-23 00:00:00-05:00,359.59180956016667,366.84509297261224,358.61405052672376,365.18890380859375,919500,0.0,0.0
2026-02-24 00:00:00-05:00,366.7852258991564,366.7852258991564,360.1405262956116,363.5426940917969,935100,0.0,0.0
2026-02-25 00:00:00-05:00,364.16127518301255,365.58798191264236,361.16816881164533,362.19580078125,707800,0.0,0.0
2026-02-26 00:00:00-05:00,363.9617096466939,367.5135266453808,362.94406447767176,365.8074645996094,1024500,0.0,0.0
2026-02-27 00:00:00-05:00,366.79522205131053,373.1904658474452,366.0269719324578,371.2848815917969,1406800,0.0,0.0
2026-03-02 00:00:00-05:00,370.4667707054575,376.05390885093544,367.09453255721553,371.793701171875,983700,0.0,0.0
2026-03-03 00:00:00-05:00,368.0323717634712,372.91111941513003,361.80672012787363,370.58648681640625,1190700,0.0,0.0
2026-03-04 00:00:00-05:00,371.1451756134556,372.0231583198323,366.30631441180066,367.34393310546875,786200,0.0,0.0
2026-03-05 00:00:00-05:00,363.7122858070614,363.8918953238561,350.44286014976615,358.45440673828125,1695700,0.0,0.0
2026-03-06 00:00:00-05:00,357.3369930484823,358.7138268383369,352.8473335324097,357.63629150390625,1135800,0.0,0.0
2026-03-09 00:00:00-04:00,357.27714822026553,361.22804023348135,354.08448914148386,360.9686279296875,782900,0.0,0.0
2026-03-10 00:00:00-04:00,359.6516657626426,361.4375306083833,350.6224434441434,351.3807067871094,972300,0.0,0.0
2026-03-11 00:00:00-04:00,353.74527711759987,353.74527711759987,346.12284841116275,349.49505615234375,835200,0.0,0.0
2026-03-12 00:00:00-04:00,352.74757326385156,357.28710591299944,350.10366862926696,351.83966064453125,1023600,0.0,0.0
2026-03-13 00:00:00-04:00,354.6232489967151,355.2617625298932,348.118242043165,349.1458740234375,1026700,0.0,0.0
2026-03-16 00:00:00-04:00,352.40833479298624,353.7053353359568,344.8956392445052,345.085205078125,1278400,0.0,0.0
2026-03-17 00:00:00-04:00,339.2187094978317,341.3637628948718,328.2739163881948,333.94085693359375,1611600,0.0,0.0
2026-03-18 00:00:00-04:00,331.6860837121933,333.81116366307623,317.38899520705246,324.4327697753906,2033300,0.0,0.0
2026-03-19 00:00:00-04:00,326.47807579203385,333.3222977226233,325.1511149214404,330.9776916503906,3123700,0.0,0.0
2026-03-20 00:00:00-04:00,329.89020977399264,332.16496945785997,326.04905040739806,326.1588134765625,3003800,0.0,0.0
2026-03-23 00:00:00-04:00,329.0122155257889,330.50876869839504,319.46422942462584,319.8732604980469,1382700,0.0,0.0
2026-03-24 00:00:00-04:00,319.09506834933353,328.26395363304187,316.46115048032414,326.5179748535156,2107100,0.0,0.0
2026-03-25 00:00:00-04:00,325.0513240071539,327.5356228793257,322.0382747003353,324.3329772949219,1214100,0.0,0.0
2026-03-26 00:00:00-04:00,323.8840342167535,325.54022333917504,315.96227718957465,317.2991943359375,2515000,0.0,0.0
2026-03-27 00:00:00-04:00,317.0896804113476,317.0896804113476,309.51712532468855,311.7320251464844,1592300,0.0,0.0
2026-03-30 00:00:00-04:00,313.2784588017116,315.1840734627666,308.1502554027285,309.2178039550781,1163700,0.0,0.0
2026-03-31 00:00:00-04:00,313.088893112372,313.93694598563576,307.771154323942,313.41815185546875,1770900,0.0,0.0
2026-04-01 00:00:00-04:00,312.97916190811634,319.13496683340804,312.5002539375661,316.9300537109375,1532500,0.0,0.0
2026-04-02 00:00:00-04:00,316.59085722009246,324.13348312584424,313.6376368996477,324.05364990234375,1266200,0.0,0.0
2026-04-06 00:00:00-04:00,320.71136790169766,323.00607066489164,315.5033614672104,320.22247314453125,1015800,0.0,0.0
2026-04-07 00:00:00-04:00,321.12039075572284,322.19792609934336,317.50871394136107,320.15264892578125,1253400,0.0,0.0
2026-04-08 00:00:00-04:00,322.70676992596435,324.39288898130735,314.2761746492493,324.183349609375,929700,0.0,0.0
2026-04-09 00:00:00-04:00,323.46500340927645,325.1611092321575,318.985330528279,321.7190246582031,1197000,0.0,0.0
2026-04-10 00:00:00-04:00,320.4220092488688,322.03828177503516,313.78729639076937,320.0827941894531,1028800,0.0,0.0
2026-04-13 00:00:00-04:00,320.3122459716954,322.19791754926547,313.78729618133787,318.3866882324219,1230000,0.0,0.0
2026-04-14 00:00:00-04:00,317.59851728330364,320.7911763952685,315.60311295018903,319.1649169921875,1082100,0.0,0.0
2026-04-15 00:00:00-04:00,317.7282024467241,319.87325587362454,314.4657275386914,316.8502197265625,1237700,0.0,0.0
2026-04-16 00:00:00-04:00,317.1096523554389,322.91628626103187,316.860226814279,321.6292419433594,1233600,0.0,0.0
2026-04-17 00:00:00-04:00,320.9807351416206,326.9569612439009,317.329141639111,326.80731201171875,1670800,0.0,0.0
2026-04-20 00:00:00-04:00,326.4481354155349,327.23629814299363,319.28461128268924,322.26776123046875,1133100,0.0,0.0
2026-04-21 00:00:00-04:00,321.26008294325464,321.26008294325464,311.16334235091614,311.67218017578125,1966500,0.0,0.0
2026-04-22 00:00:00-04:00,310.29534741332054,312.1111421394334,303.64066084754074,307.591552734375,2215600,0.0,0.0
2026-04-23 00:00:00-04:00,310.12571457515537,310.7542717646095,303.979866035701,310.6744689941406,1262900,0.0,0.0
2026-04-24 00:00:00-04:00,308.91850497804086,309.35749633625034,303.1018847054914,307.4818115234375,1610000,0.0,0.0
2026-04-27 00:00:00-04:00,306.43424667254027,312.84946405790225,305.91542207882526,309.4472961425781,1167400,0.0,0.0
2026-04-28 00:00:00-04:00,309.78650488962063,312.9691770535904,308.04052619861636,311.2730712890625,1187600,0.0,0.0
2026-04-29 00:00:00-04:00,308.97836357037625,312.03132953869977,306.9530295397897,310.71435546875,1045300,0.0,0.0
2026-04-30 00:00:00-04:00,307.24238640110553,307.9407596311091,298.652155137183,307.30224609375,2056200,0.0,0.0
2026-05-01 00:00:00-04:00,309.6568104404417,309.6568104404417,303.09194371117104,303.30145263671875,1359200,0.0,0.0
2026-05-04 00:00:00-04:00,301.64524517672163,305.83560611897445,301.2761002763113,302.96221923828125,1293400,0.0,0.0
2026-05-05 00:00:00-04:00,303.9898714396632,305.52634128060197,300.31833482393597,305.19708251953125,1622400,0.0,0.0
2026-05-06 00:00:00-04:00,267.40411276128634,267.40411276128634,244.25744171418825,252.15924072265625,7858100,0.0,0.0
2026-05-07 00:00:00-04:00,253.17688188171263,258.91368423632207,250.61279537607277,255.07252502441406,3700900,0.0,0.0
2026-05-08 00:00:00-04:00,253.51610058270813,265.76788071221944,253.41632428680586,260.48004150390625,2678900,0.0,0.0
2026-05-11 00:00:00-04:00,262.75480376627604,264.11169442048094,257.55678448261153,259.1032409667969,2775400,0.0,0.0
2026-05-12 00:00:00-04:00,260.0510584351951,264.3112660877666,258.4747024403653,260.3304138183594,1795400,0.0,0.0
2026-05-13 00:00:00-04:00,259.3227459137843,262.06642671719106,254.88295934383612,255.09246826171875,2716000,0.0,0.0
2026-05-14 00:00:00-04:00,254.15463700218234,261.0786767492303,251.6005068526471,260.5099792480469,3385300,0.0,0.0
2026-05-15 00:00:00-04:00,262.010009765625,264.54998779296875,256.5799865722656,257.7099914550781,2707800,0.6,0.0
2026-05-18 00:00:00-04:00,257.0,262.989990234375,255.07000732421875,261.8699951171875,1975500,0.0,0.0
2026-05-19 00:00:00-04:00,263.510009765625,268.8699951171875,261.3299865722656,266.1700134277344,1813000,0.0,0.0
2026-05-20 00:00:00-04:00,265.2900085449219,267.5299987792969,262.5,264.75,1943200,0.0,0.0
2026-05-21 00:00:00-04:00,263.0899963378906,267.3900146484375,261.8999938964844,265.44000244140625,1300700,0.0,0.0
2026-05-22 00:00:00-04:00,273.30999755859375,277.3900146484375,270.8800048828125,274.9100036621094,2144700,0.0,0.0
2026-05-26 00:00:00-04:00,273.0899963378906,274.9200134277344,270.2300109863281,270.7799987792969,1343200,0.0,0.0
2026-05-27 00:00:00-04:00,268.57000732421875,270.7099914550781,266.3999938964844,267.010009765625,1459100,0.0,0.0
2026-05-28 00:00:00-04:00,268.0899963378906,269.4700012207031,264.6099853515625,267.7099914550781,1486500,0.0,0.0
2026-05-29 00:00:00-04:00,270.4200134277344,272.2699890136719,266.25,269.3599853515625,3105100,0.0,0.0
2026-06-01 00:00:00-04:00,268.1499938964844,269.3599853515625,262.6700134277344,264.69000244140625,1625800,0.0,0.0
2026-06-02 00:00:00-04:00,263.8699951171875,268.20001220703125,263.8299865722656,264.8399963378906,1477100,0.0,0.0
2026-06-03 00:00:00-04:00,266.0400085449219,266.29998779296875,261.2900085449219,263.6400146484375,1592400,0.0,0.0
2026-06-04 00:00:00-04:00,268.79998779296875,270.8399963378906,266.7200012207031,270.32000732421875,1498000,0.0,0.0
2026-06-05 00:00:00-04:00,272.6099853515625,277.989990234375,272.1600036621094,275.0400085449219,1319200,0.0,0.0
2026-06-08 00:00:00-04:00,273.0199890136719,276.6499938964844,271.1700134277344,274.0799865722656,893900,0.0,0.0
2026-06-09 00:00:00-04:00,272.20001220703125,279.9100036621094,270.6400146484375,279.57000732421875,1282200,0.0,0.0
2026-06-10 00:00:00-04:00,280.6000061035156,282.9700012207031,279.07000732421875,281.239990234375,977800,0.0,0.0
2026-06-11 00:00:00-04:00,282.4200134277344,284.92999267578125,281.3599853515625,281.4800109863281,938300,0.0,0.0
2026-06-12 00:00:00-04:00,282.6300048828125,283.8399963378906,279.6199951171875,281.6700134277344,1061900,0.0,0.0
2026-06-15 00:00:00-04:00,279.79998779296875,282.1199951171875,274.7099914550781,281.42999267578125,1818000,0.0,0.0
2026-06-16 00:00:00-04:00,282.510009765625,282.510009765625,276.79998779296875,281.4599914550781,1013500,0.0,0.0
2026-06-17 00:00:00-04:00,278.0,281.32000732421875,275.3900146484375,277.0899963378906,1466300,0.0,0.0
2026-06-18 00:00:00-04:00,276.9599914550781,278.8399963378906,270.0299987792969,271.8299865722656,3408900,0.0,0.0
2026-06-22 00:00:00-04:00,272.6600036621094,274.1199951171875,269.29998779296875,271.2799987792969,1657700,0.0,0.0
2026-06-23 00:00:00-04:00,275.70001220703125,283.760009765625,274.3800048828125,281.1000061035156,1725900,0.0,0.0
2026-06-24 00:00:00-04:00,283.2799987792969,288.5299987792969,281.1099853515625,284.4700012207031,1716200,0.0,0.0
2026-06-25 00:00:00-04:00,285.8500061035156,291.8500061035156,284.2300109863281,286.95001220703125,1486200,0.0,0.0
2026-06-26 00:00:00-04:00,289.0799865722656,293.7799987792969,284.6499938964844,286.1300048828125,2925900,0.0,0.0
2026-06-29 00:00:00-04:00,288.30999755859375,289.2900085449219,281.5899963378906,281.6499938964844,1009700,0.0,0.0
2026-06-30 00:00:00-04:00,281.760009765625,285.25,278.510009765625,282.9800109863281,1967600,0.0,0.0
2026-07-01 00:00:00-04:00,284.29998779296875,288.6000061035156,280.9599914550781,288.4200134277344,1291500,0.0,0.0
2026-07-02 00:00:00-04:00,289.25,296.8299865722656,288.79998779296875,296.510009765625,1466600,0.0,0.0
2026-07-06 00:00:00-04:00,295.07000732421875,299.92999267578125,292.5,298.54998779296875,1985700,0.0,0.0
2026-07-07 00:00:00-04:00,301.2300109863281,308.4700012207031,300.0,304.4800109863281,1888500,0.0,0.0
2026-07-08 00:00:00-04:00,302.4100036621094,310.45001220703125,301.6600036621094,309.57000732421875,2259700,0.0,0.0
2026-07-09 00:00:00-04:00,306.4100036621094,307.510009765625,299.82000732421875,302.4599914550781,1578900,0.0,0.0
2026-07-10 00:00:00-04:00,301.5199890136719,304.7900085449219,300.760009765625,303.44000244140625,761500,0.0,0.0
2026-07-13 00:00:00-04:00,305.0,308.8399963378906,303.29998779296875,306.1300048828125,1353800,0.0,0.0
2026-07-14 00:00:00-04:00,303.79998779296875,304.260009765625,299.8399963378906,302.2799987792969,1141700,0.0,0.0
2026-07-15 00:00:00-04:00,300.2699890136719,304.8699951171875,296.29998779296875,296.57000732421875,1280100,0.0,0.0
2026-07-16 00:00:00-04:00,300.0400085449219,309.2699890136719,298.7300109863281,307.989990234375,1601900,0.0,0.0
2026-07-17 00:00:00-04:00,309.3299865722656,313.8999938964844,306.4100036621094,307.8999938964844,2495900,0.0,0.0
2026-07-20 00:00:00-04:00,305.2799987792969,307.2799987792969,303.489990234375,303.989990234375,1230800,0.0,0.0
2026-07-21 00:00:00-04:00,300.5199890136719,304.80999755859375,299.42999267578125,303.07000732421875,1324700,0.0,0.0
2026-07-22 00:00:00-04:00,306.510009765625,308.80999755859375,298.7900085449219,300.5799865722656,998300,0.0,0.0
2026-07-23 00:00:00-04:00,302.7300109863281,306.0199890136719,298.42999267578125,305.05999755859375,1166300,0.0,0.0
2026-07-24 00:00:00-04:00,306.8999938964844,310.29998779296875,304.25,309.8900146484375,852400,0.0,0.0
2026-07-27 00:00:00-04:00,308.8500061035156,313.8999938964844,308.1300048828125,311.1499938964844,1004600,0.0,0.0
2026-07-28 00:00:00-04:00,314.6600036621094,320.5799865722656,314.29998779296875,319.5799865722656,1237800,0.0,0.0
2026-07-29 00:00:00-04:00,322.82000732421875,322.9599914550781,317.1099853515625,318.6099853515625,987400,0.0,0.0
2026-07-30 00:00:00-04:00,310.54998779296875,315.4800109863281,310.5400085449219,312.2300109863281,932700,0.0,0.0
2026-07-31 00:00:00-04:00,314.54998779296875,314.54998779296875,308.0,311.3399963378906,1048000,0.0,0.0
2026-08-03 00:00:00-04:00,313.7799987792969,313.8699951171875,307.760009765625,308.3699951171875,1602900,0.0,0.0
2026-08-04 00:00:00-04:00,305.95001220703125,308.3299865722656,301.2300109863281,306.2799987792969,2454300,0.0,0.0
2026-08-05 00:00:00-04:00,316.0,326.989990234375,311.0,317.2200012207031,2291400,0.0,0.0
2026-08-06 00:00:00-04:00,321.8800048828125,326.7900085449219,312.2799987792969,325.010009765625,2934700,0.0,0.0
2026-08-07 00:00:00-04:00,324.0,328.989990234375,319.4599914550781,320.4599914550781,1560500,0.0,0.0
2026-08-10 00:00:00-04:00,321.07000732421875,325.69000244140625,319.9200134277344,325.0,1269112,0.0,0.0
