Date,Open,High,Low,Close,Volume,Dividends,Stock Splits
2022-01-03 00:00:00-05:00,19.382707121005044,19.411359229118144,19.332567298014833,19.36121940612793,62000,0.0,0.0
2022-01-04 00:00:00-05:00,19.375545325713034,19.375545325713034,19.153496938551374,19.268102645874023,14000,0.0,0.0
2022-01-05 00:00:00-05:00,19.325406344397216,19.325406344397216,19.124847030918488,19.18214988708496,50500,0.0,0.0
2022-01-06 00:00:00-05:00,19.210798293823256,19.393452064890102,19.01883381734091,19.336149215698242,26400,0.0,0.0
2022-01-07 00:00:00-05:00,19.303917405027544,19.32540512084961,19.132007481204383,19.32540512084961,7400,0.0,0.0
2022-01-10 00:00:00-05:00,19.26809961337958,19.303914745161045,19.103354105807583,19.16781997680664,17300,0.0,0.0
2022-01-11 00:00:00-05:00,19.22512495740991,19.41852259189405,19.22512495740991,19.28959083557129,17700,0.0,0.0
2022-01-12 00:00:00-05:00,19.303913550865655,19.411356207147623,19.225121632028713,19.31107521057129,18400,0.0,0.0
2022-01-13 00:00:00-05:00,19.275264034196834,19.41852183927146,19.275264034196834,19.40419578552246,14700,0.0,0.0
2022-01-14 00:00:00-05:00,19.289589299693755,19.375542886259968,19.196471320338127,19.23228645324707,13100,0.0,0.0
2022-01-18 00:00:00-05:00,19.174978879011146,19.223685535067503,19.024558090296637,19.031721115112305,22500,0.0,0.0
2022-01-19 00:00:00-05:00,19.11052131652832,19.303918971871077,19.046055431414068,19.11052131652832,27700,0.0,0.0
2022-01-20 00:00:00-05:00,19.182144687249565,19.282424316805443,19.132003506264137,19.217958450317383,39300,0.0,0.0
2022-01-21 00:00:00-05:00,19.167822898856375,19.260939523268238,19.08903096313325,19.189311981201172,26000,0.0,0.0
2022-01-24 00:00:00-05:00,19.124847372377683,19.124847372377683,18.95293743460109,19.11052131652832,26500,0.0,0.0
2022-01-25 00:00:00-05:00,19.06038051591344,19.11839926307638,19.0532174883538,19.103357315063477,15600,0.0,0.0
2022-01-26 00:00:00-05:00,19.11051782494938,19.12484387818131,18.73804863816505,18.766700744628906,26300,0.0,0.0
2022-01-27 00:00:00-05:00,18.824005090971305,18.895632630421918,18.279627320658655,18.301115036010742,48800,0.0,0.0
2022-01-28 00:00:00-05:00,18.344093397231894,18.667854578799655,17.98953106180831,18.136369705200195,88300,0.0,0.0
2022-01-31 00:00:00-05:00,18.15786018424336,18.38707160949707,18.07906824448445,18.38707160949707,63400,0.0,0.0
2022-02-01 00:00:00-05:00,18.43004287850661,18.51599782028179,18.265297386828923,18.494508743286133,42900,0.0,0.0
2022-02-02 00:00:00-05:00,18.523162235494105,18.623441869914924,18.193669861213838,18.23664665222168,33400,0.0,0.0
2022-02-03 00:00:00-05:00,18.15785946370137,18.265302144249514,18.05041678315323,18.229488372802734,55800,0.0,0.0
2022-02-04 00:00:00-05:00,18.1936734935701,18.235934400257317,18.021764929009734,18.129207611083984,72900,0.0,0.0
2022-02-07 00:00:00-05:00,18.17934430559939,18.293951361764783,18.157856592612045,18.222322463989258,26300,0.0,0.0
2022-02-08 00:00:00-05:00,18.222320789073255,18.336926468497005,18.107715109649504,18.122039794921875,61100,0.0,0.0
2022-02-09 00:00:00-05:00,18.20799962968954,18.265302484797452,18.13637071925269,18.157859802246094,26200,0.0,0.0
2022-02-10 00:00:00-05:00,18.122039794921875,18.193668686113586,18.107715109649504,18.122039794921875,63100,0.0,0.0
2022-02-11 00:00:00-05:00,18.16502246394689,18.193673207819714,17.47022382277746,17.579099655151367,87100,0.0,0.0
2022-02-14 00:00:00-05:00,17.65645238206035,17.728081266479514,17.248169516940663,17.298309326171875,71900,0.0,0.0
2022-02-15 00:00:00-05:00,17.341290248078053,17.725220559041645,17.341290248078053,17.448734283447266,52200,0.0,0.0
2022-02-16 00:00:00-05:00,17.541852867534704,17.90715907664316,17.53254079506565,17.749576568603516,51100,0.0,0.0
2022-02-17 00:00:00-05:00,17.83552722772025,18.01531468175212,17.642129613675422,17.728084564208984,39500,0.0,0.0
2022-02-18 00:00:00-05:00,17.828366895266207,17.99311379483219,17.756739352907204,17.899995803833008,41500,0.0,0.0
2022-02-22 00:00:00-05:00,17.89999351685238,17.89999351685238,17.62064231196155,17.685108184814453,41000,0.0,0.0
2022-02-23 00:00:00-05:00,17.763898744584292,17.821201590874914,17.67794515825217,17.685108184814453,36000,0.0,0.0
2022-02-24 00:00:00-05:00,17.549019206278604,17.892836397532083,17.448739533715024,17.778230667114258,73200,0.0,0.0
2022-02-25 00:00:00-05:00,17.961551210448274,18.10704694187891,17.896077645657307,18.063398361206055,41300,0.382,0.0
2022-02-28 00:00:00-05:00,18.056124576323423,18.070674566710398,17.881528854370117,17.881528854370117,74000,0.0,0.0
2022-03-01 00:00:00-05:00,17.96883047739276,18.063402655929828,17.910631893470637,17.96155548095703,30900,0.0,0.0
2022-03-02 00:00:00-05:00,18.034299290517524,18.070672875517378,17.947000743929213,18.011018753051758,39000,0.0,0.0
2022-03-03 00:00:00-05:00,18.077951855700977,18.18198166379695,18.00520328209896,18.02848243713379,24200,0.0,0.0
2022-03-04 00:00:00-05:00,18.077944965953815,18.077944965953815,17.896074295043945,17.896074295043945,15500,0.0,0.0
2022-03-07 00:00:00-05:00,17.968825956490885,17.968825956490885,17.70693170095128,17.71420669555664,37600,0.0,0.0
2022-03-08 00:00:00-05:00,17.78695834501814,17.845156924411278,17.67783479453787,17.728759765625,49100,0.0,0.0
2022-03-09 00:00:00-05:00,17.801503481101978,17.947000595020846,17.750579907499368,17.786954879760742,34600,0.0,0.0
2022-03-10 00:00:00-05:00,17.786957454499447,17.830606039968103,17.665467943443286,17.736032485961914,22600,0.0,0.0
2022-03-11 00:00:00-05:00,17.772404890856194,17.90335201587051,17.73239311515034,17.786954879760742,22400,0.0,0.0
2022-03-14 00:00:00-04:00,17.78695528407728,17.78695528407728,17.39411390010462,17.452312469482422,81300,0.0,0.0
2022-03-15 00:00:00-04:00,17.510515190014225,17.696024127833688,17.419579817080983,17.57598876953125,27300,0.0,0.0
2022-03-16 00:00:00-04:00,17.62690886867659,17.888803134925897,17.575985291919984,17.7651309967041,36300,0.0,0.0
2022-03-17 00:00:00-04:00,17.903353802339264,18.187798759720707,17.903353802339264,18.07794952392578,33700,0.0,0.0
2022-03-18 00:00:00-04:00,18.070672968287692,18.31074223818384,18.070672968287692,18.267093658447266,21500,0.0,0.0
2022-03-21 00:00:00-04:00,18.245269417764067,18.259819407456526,18.096862575540435,18.187070846557617,24400,0.0,0.0
2022-03-22 00:00:00-04:00,18.12887266329253,18.21617121575201,18.041574110833054,18.04884910583496,23600,0.0,0.0
2022-03-23 00:00:00-04:00,18.048850628793524,18.25982133896027,18.048850628793524,18.121599197387695,29900,0.0,0.0
2022-03-24 00:00:00-04:00,18.16524893623886,18.33620787514925,18.077951758437028,18.201623916625977,15400,0.0,0.0
2022-03-25 00:00:00-04:00,18.187071618435162,18.30346876578807,17.932452338264383,17.97610092163086,31400,0.0,0.0
2022-03-28 00:00:00-04:00,18.048849084122097,18.25981977623337,18.048849084122097,18.17979621887207,27000,0.0,0.0
2022-03-29 00:00:00-04:00,18.19434841103183,18.434417724609375,18.19434841103183,18.434417724609375,27800,0.0,0.0
2022-03-30 00:00:00-04:00,18.405315032052577,18.536262163377895,18.36894144560149,18.41259002685547,20000,0.0,0.0
2022-03-31 00:00:00-04:00,18.41259325261676,18.4562432290813,18.201623916625977,18.201623916625977,36000,0.0,0.0
2022-04-01 00:00:00-04:00,18.237999077150086,18.25254907055562,18.114326908330533,18.1434268951416,14000,0.0,0.0
2022-04-04 00:00:00-04:00,18.136148097787952,18.17979668129372,18.052487734583796,18.07794952392578,18800,0.0,0.0
2022-04-05 00:00:00-04:00,18.085224243812846,18.085224243812846,17.50323712648661,17.56143569946289,53800,0.0,0.0
2022-04-06 00:00:00-04:00,17.5323345547103,17.5323345547103,17.3504638671875,17.3504638671875,43900,0.0,0.0
2022-04-07 00:00:00-04:00,17.372290897956216,17.532338022674686,17.350467299177154,17.423215866088867,41300,0.0,0.0
2022-04-08 00:00:00-04:00,17.423219367770805,17.52506654937813,17.21224862008273,17.29954719543457,46100,0.0,0.0
2022-04-11 00:00:00-04:00,17.314089283554058,17.314089283554058,16.950347900390625,16.950347900390625,39300,0.0,0.0
2022-04-12 00:00:00-04:00,17.095847037580967,17.238433055074502,16.75247504231996,16.79030418395996,24300,0.0,0.0
2022-04-13 00:00:00-04:00,16.710282951734214,16.87469397721173,16.586610794067383,16.586610794067383,29400,0.0,0.0
2022-04-14 00:00:00-04:00,16.644808152320177,16.77430112985132,16.462937427201645,16.76848030090332,45200,0.0,0.0
2022-04-18 00:00:00-04:00,16.848504318687723,16.928527883919898,16.67536413853668,16.732107162475586,42300,0.0,0.0
2022-04-19 00:00:00-04:00,16.732106710905022,16.841228868463435,16.659358143344903,16.76848030090332,29300,0.0,0.0
2022-04-20 00:00:00-04:00,16.82667703591624,17.037647719995455,16.76847846575014,16.804853439331055,31400,0.0,0.0
2022-04-21 00:00:00-04:00,16.906701728700952,17.025281514189317,16.504404067993164,16.504404067993164,41700,0.0,0.0
2022-04-22 00:00:00-04:00,16.54295960053026,16.790303876917605,16.28834032924171,16.40473747253418,63400,0.0,0.0
2022-04-25 00:00:00-04:00,16.375636711790367,16.5429574096688,16.375636711790367,16.465116500854492,45700,0.0,0.0
2022-04-26 00:00:00-04:00,16.477486502362883,16.49203649257888,15.859125793817336,15.902775764465332,97900,0.0,0.0
2022-04-27 00:00:00-04:00,15.982799711208944,16.186495434173118,15.58268464876044,15.626333236694336,118900,0.0,0.0
2022-04-28 00:00:00-04:00,15.68452725248873,15.829297270237968,15.495381576395726,15.706352233886719,122000,0.0,0.0
2022-04-29 00:00:00-04:00,15.720906390608768,15.94642570794208,15.568134255434646,15.764554977416992,98500,0.0,0.0
2022-05-02 00:00:00-04:00,15.662704339917436,15.750001494180083,15.175290834667372,15.291687965393066,49000,0.0,0.0
2022-05-03 00:00:00-04:00,15.349887775652894,15.466284915818555,15.255314232041192,15.313512802124023,55400,0.0,0.0
2022-05-04 00:00:00-04:00,15.306243074589062,16.040999687784137,15.291693081489589,15.720908164978027,174100,0.0,0.0
2022-05-05 00:00:00-04:00,15.60450952318559,15.640883114939083,15.349890218220375,15.517210960388184,34800,0.0,0.0
2022-05-06 00:00:00-04:00,15.64088198909868,15.728180545612279,15.604508399963379,15.604508399963379,152200,0.0,0.0
2022-05-09 00:00:00-04:00,15.604508399963379,15.728180545612279,15.604508399963379,15.604508399963379,67900,0.0,0.0
2022-05-10 00:00:00-04:00,15.757275948256869,15.818384231659046,15.648153815386808,15.684527397155762,41000,0.0,0.0
2022-05-11 00:00:00-04:00,15.713629266264318,15.895499972152647,15.713629266264318,15.815476417541504,46600,0.0,0.0
2022-05-12 00:00:00-04:00,15.895499279322015,16.163940052095533,15.764552154779818,16.099193572998047,112200,0.0,0.0
2022-05-13 00:00:00-04:00,16.164667926617454,16.4192871937408,16.121019345487657,16.25196647644043,22100,0.0,0.0
2022-05-16 00:00:00-04:00,16.346537089152797,16.375637065532377,15.939147132781397,16.11374282836914,45900,0.0,0.0
2022-05-17 00:00:00-04:00,16.171945025275388,16.29561717753499,15.713631394880139,15.764554977416992,47200,0.0,0.0
2022-05-18 00:00:00-04:00,15.851852456004439,15.859126063672765,15.61178177604579,15.655431747436523,32100,0.0,0.0
2022-05-19 00:00:00-04:00,15.677255721681734,16.081737418405044,15.677255721681734,15.917325019836426,23300,0.0,0.0
2022-05-20 00:00:00-04:00,16.004623257400556,16.161032186602956,16.004623257400556,16.059185028076172,21200,0.0,0.0
2022-05-23 00:00:00-04:00,16.186493737166334,16.473849801695298,16.07737158499026,16.142845153808594,37400,0.0,0.0
2022-05-24 00:00:00-04:00,16.15012108851378,16.535686141137486,16.15012108851378,16.477487564086914,36900,0.0,0.0
2022-05-25 00:00:00-04:00,16.477488951613655,16.82668044332159,16.477488951613655,16.710283279418945,49900,0.0,0.0
2022-05-26 00:00:00-04:00,16.877604598441096,17.13222251490728,16.877604598441096,16.986726760864258,45900,0.0,0.0
2022-05-27 00:00:00-04:00,17.179832458496094,17.279715377644788,17.017061077954292,17.179832458496094,64800,0.391,0.0
2022-05-31 00:00:00-04:00,17.1798297589017,17.23901947081546,16.684115392426197,16.832090377807617,134800,0.0,0.0
2022-06-01 00:00:00-04:00,16.87648625675387,16.972670443109767,16.721113755832718,16.743309020996094,33400,0.0,0.0
2022-06-02 00:00:00-04:00,16.758104914711797,16.883883244160963,16.647124367831765,16.706314086914062,44700,0.0,0.0
2022-06-03 00:00:00-04:00,16.63232582257899,16.726290185270543,16.31418056790251,16.35857391357422,62800,0.0,0.0
2022-06-06 00:00:00-04:00,16.49915036193885,16.55686115296951,16.210600640368448,16.277189254760742,62200,0.0,0.0
2022-06-07 00:00:00-04:00,16.30678236965294,16.654521761594552,16.27718680717582,16.573135375976562,17700,0.0,0.0
2022-06-08 00:00:00-04:00,16.647123925787728,16.69891475221022,16.499148926414165,16.595333099365234,37900,0.0,0.0
2022-06-09 00:00:00-04:00,16.610133246345587,16.70483567889008,16.351177666171132,16.4251651763916,53800,0.0,0.0
2022-06-10 00:00:00-04:00,16.425162659352647,16.425162659352647,15.337549671527741,15.411537170410156,433600,0.0,0.0
2022-06-13 00:00:00-04:00,15.14518301368484,15.251725352695075,14.575482507700956,14.730854988098145,108400,0.0,0.0
2022-06-14 00:00:00-04:00,14.841838219084565,14.975015461354213,14.508896524604895,14.760453224182129,97400,0.0,0.0
2022-06-15 00:00:00-04:00,14.938021777541474,15.097094431161024,14.679066196449577,15.09339427947998,120600,0.0,0.0
2022-06-16 00:00:00-04:00,14.86403215917172,15.115588812422352,14.316526917153928,14.523690223693848,67400,0.0,0.0
2022-06-17 00:00:00-04:00,14.612478609691026,14.686466125396713,14.375719688388415,14.66426944732666,51200,0.0,0.0
2022-06-21 00:00:00-04:00,14.693860624277905,14.955775420169013,14.634670911651364,14.679062843322754,82000,0.0,0.0
2022-06-22 00:00:00-04:00,14.75305403383656,15.04234324467351,14.75305403383656,15.012009620666504,111600,0.0,0.0
2022-06-23 00:00:00-04:00,15.012007979807155,15.352348522696088,15.012007979807155,15.04160213470459,28800,0.0,0.0
2022-06-24 00:00:00-04:00,15.159979941947496,15.241366328729319,15.019403840559107,15.034201622009277,72200,0.0,0.0
2022-06-27 00:00:00-04:00,15.041601084334674,15.093391910184275,14.945418323641725,15.019404411315918,42400,0.0,0.0
2022-06-28 00:00:00-04:00,15.056397708880253,15.162199160867218,15.04011958544022,15.085991859436035,11100,0.0,0.0
2022-06-29 00:00:00-04:00,15.093392753659565,15.147403390948774,14.967614421912641,15.108190536499023,30300,0.0,0.0
2022-06-30 00:00:00-04:00,15.108192512390815,15.259866278345992,14.960217487032113,15.16738224029541,21500,0.0,0.0
2022-07-01 00:00:00-04:00,15.167377266386957,15.448528028936103,15.167377266386957,15.381940841674805,27100,0.0,0.0
2022-07-05 00:00:00-04:00,15.381944561909219,15.381944561909219,15.21917176578681,15.359747886657715,23300,0.0,0.0
2022-07-06 00:00:00-04:00,15.374543106494663,15.426333928917883,15.278358940970909,15.315353393554688,18800,0.0,0.0
2022-07-07 00:00:00-04:00,15.367146091305326,15.478126640212015,15.35234830846597,15.389341354370117,30400,0.0,0.0
2022-07-08 00:00:00-04:00,15.500320496722937,15.633496284484863,15.418934117095658,15.633496284484863,39500,0.0,0.0
2022-07-11 00:00:00-04:00,15.603903469477473,15.648295402526855,15.55951153642809,15.648295402526855,23000,0.0,0.0
2022-07-12 00:00:00-04:00,15.566912609472375,15.862861223281026,15.470728427988123,15.640898704528809,34200,0.0,0.0
2022-07-13 00:00:00-04:00,15.441136270886656,15.692691566789296,15.427817417305986,15.626104354858398,25100,0.0,0.0
2022-07-14 00:00:00-04:00,15.529914645827592,15.640895174559525,15.396737446871677,15.633496284484863,15600,0.0,0.0
2022-07-15 00:00:00-04:00,15.611302522536654,15.794790215924651,15.611302522536654,15.766674995422363,22800,0.0,0.0
2022-07-18 00:00:00-04:00,15.766673683548355,15.826604270555535,15.67049093374501,15.677889823913574,20300,0.0,0.0
2022-07-19 00:00:00-04:00,15.70748725418404,15.855462266074577,15.70748725418404,15.82586669921875,45100,0.0,0.0
2022-07-20 00:00:00-04:00,15.840663700761999,15.98863870534859,15.808108861066334,15.907252311706543,31800,0.0,0.0
2022-07-21 00:00:00-04:00,15.907250302092429,16.003433055086674,15.811067549098183,15.9960355758667,34700,0.0,0.0
2022-07-22 00:00:00-04:00,16.09222002055133,16.195801674848596,16.033030302210864,16.099618911743164,27100,0.0,0.0
2022-07-25 00:00:00-04:00,16.129213220675677,16.269789332286162,16.084821284291287,16.217998504638672,24100,0.0,0.0
2022-07-26 00:00:00-04:00,16.25498923932414,16.388166440742115,16.240192870095264,16.351173400878906,44100,0.0,0.0
2022-07-27 00:00:00-04:00,16.395569277706123,16.61013291190588,16.395569277706123,16.506549835205078,30200,0.0,0.0
2022-07-28 00:00:00-04:00,16.506545048927496,16.691513061523438,16.425160082997163,16.691513061523438,61400,0.0,0.0
2022-07-29 00:00:00-04:00,16.728509972997465,17.2834140924606,16.728509972997465,17.216825485229492,58600,0.0,0.0
2022-08-01 00:00:00-04:00,17.202025858797853,17.460981369018555,17.076247548758882,17.460981369018555,50900,0.0,0.0
2022-08-02 00:00:00-04:00,17.43878720064119,18.03808327624971,17.246420262911276,17.690343856811523,106100,0.0,0.0
2022-08-03 00:00:00-04:00,17.690342579335343,17.882709503173828,17.690342579335343,17.882709503173828,51700,0.0,0.0
2022-08-04 00:00:00-04:00,17.867915820157318,17.875314712524414,17.54977050434425,17.875314712524414,60000,0.0,0.0
2022-08-05 00:00:00-04:00,17.727337513886276,17.786528645565177,17.57936391827178,17.601560592651367,38300,0.0,0.0
2022-08-08 00:00:00-04:00,17.675546223588817,17.749533725062367,17.48317928423528,17.527572631835938,31400,0.0,0.0
2022-08-09 00:00:00-04:00,17.49797463588092,17.49797463588092,17.09844444133882,17.20942497253418,36100,0.0,0.0
2022-08-10 00:00:00-04:00,17.38699410468556,17.527570196836493,17.16503304229484,17.20942497253418,50800,0.0,0.0
2022-08-11 00:00:00-04:00,17.298210861346604,17.298210861346604,17.0614519907165,17.120641708374023,27300,0.0,0.0
2022-08-12 00:00:00-04:00,17.18723241999216,17.335207437837777,17.14949990528507,17.165037155151367,33300,0.0,0.0
2022-08-15 00:00:00-04:00,17.165034466142284,17.378117724638095,17.150236684437015,17.17243194580078,24200,0.0,0.0
2022-08-16 00:00:00-04:00,17.1872281484772,17.39587177105405,17.024456798255816,17.15911293029785,15000,0.0,0.0
2022-08-17 00:00:00-04:00,17.105847678867544,17.105847678867544,16.743309020996094,16.743309020996094,39700,0.0,0.0
2022-08-18 00:00:00-04:00,16.832094170155248,16.965271404765158,16.72111361171178,16.86908721923828,32600,0.0,0.0
2022-08-19 00:00:00-04:00,16.750708984234016,16.838013941151743,16.647127310329747,16.728513717651367,27900,0.0,0.0
2022-08-22 00:00:00-04:00,16.647125212634613,16.647125212634613,16.402967432630412,16.439960479736328,26400,0.0,0.0
2022-08-23 00:00:00-04:00,16.439957086933997,16.573134286941663,15.748177088220828,16.2327938079834,79000,0.0,0.0
2022-08-24 00:00:00-04:00,16.23279600111807,16.547241112690674,16.018232391851733,16.22539710998535,31300,0.0,0.0
2022-08-25 00:00:00-04:00,16.269789356235226,16.61752877894755,16.269789356235226,16.462156295776367,31200,0.0,0.0
2022-08-26 00:00:00-04:00,16.54353925711756,16.54353925711756,16.277184871278223,16.291982650756836,23100,0.0,0.0
2022-08-29 00:00:00-04:00,16.30678147080425,16.388166440742115,16.203198419038042,16.351173400878906,30700,0.0,0.0
2022-08-30 00:00:00-04:00,16.41971778869629,16.495037885024708,16.28414333923875,16.41971778869629,26700,0.391,0.0
2022-08-31 00:00:00-04:00,16.457376163193917,16.562823420760825,16.244220422128077,16.30673599243164,47500,0.0,0.0
2022-09-01 00:00:00-04:00,16.231418705744776,16.359462441987247,16.10111661640317,16.296194076538086,23400,0.0,0.0
2022-09-02 00:00:00-04:00,16.434780723243758,16.562824445329074,16.32180130648877,16.404653549194336,18200,0.0,0.0
2022-09-06 00:00:00-04:00,16.449844076521256,16.457376228750487,16.2012887994012,16.291671752929688,21600,0.0,0.0
2022-09-07 00:00:00-04:00,16.29920390515892,16.479971248827034,16.291671752929688,16.291671752929688,37700,0.0,0.0
2022-09-08 00:00:00-04:00,16.321802480545188,16.427249752220025,16.11843865379115,16.133502960205078,43500,0.0,0.0
2022-09-09 00:00:00-04:00,16.208819712767173,16.34439556930879,16.186223257806557,16.246479034423828,24700,0.0,0.0
2022-09-12 00:00:00-04:00,16.37452746633595,16.62308279621191,16.34967265165408,16.4799747467041,30900,0.0,0.0
2022-09-13 00:00:00-04:00,16.269076506553045,16.344396591186523,16.193756421919566,16.344396591186523,25200,0.0,0.0
2022-09-14 00:00:00-04:00,16.366991773414323,16.48750333537969,16.30673599243164,16.30673599243164,17600,0.0,0.0
2022-09-15 00:00:00-04:00,16.344395746909427,16.400131945818007,16.088308334350586,16.088308334350586,35600,0.0,0.0
2022-09-16 00:00:00-04:00,15.975327199895357,16.179445203949147,15.779497004836214,15.930135726928711,67500,0.0,0.0
2022-09-19 00:00:00-04:00,15.90001193470314,15.907544087899431,15.598731553296835,15.809627532958984,35500,0.0,0.0
2022-09-20 00:00:00-04:00,15.741838234634622,15.854817649623076,15.636390972193558,15.6815824508667,26500,0.0,0.0
2022-09-21 00:00:00-04:00,15.711708056249815,15.860086979561757,15.598727226257326,15.598727226257324,39900,0.0,0.0
2022-09-22 00:00:00-04:00,15.583666965269963,15.666517768071422,15.048895640187526,15.094088554382324,54500,0.0,0.0
2022-09-23 00:00:00-04:00,15.048895893174539,15.214600374785457,14.935916479010583,15.146812438964844,50400,0.0,0.0
2022-09-26 00:00:00-04:00,15.139280680451407,15.207068618036107,14.928384715008868,14.943449020385742,24100,0.0,0.0
2022-09-27 00:00:00-04:00,15.03383188538606,15.53094390343478,14.947214284927686,15.523411750793457,41400,0.0,0.0
2022-09-28 00:00:00-04:00,15.546006578236073,15.802094018402546,15.365239226932305,15.6815824508667,39500,0.0,0.0
2022-09-29 00:00:00-04:00,15.628859213812213,15.643923519286922,15.342644592848934,15.478219032287598,24000,0.0,0.0
2022-09-30 00:00:00-04:00,15.440559097781783,15.621326446533203,15.197276176719793,15.621326446533203,163200,0.0,0.0
2022-10-03 00:00:00-04:00,15.561070474798376,15.598729799935436,15.402899585289319,15.55353832244873,43400,0.0,0.0
2022-10-04 00:00:00-04:00,15.628855964212152,15.73731578053403,15.448088645935059,15.448088645935059,27700,0.0,0.0
2022-10-05 00:00:00-04:00,15.448092560619278,15.485751889407778,15.266570975598215,15.425496101379395,38900,0.0,0.0
2022-10-06 00:00:00-04:00,15.425496807834245,15.448093268108998,15.293687714426612,15.372773170471191,32500,0.0,0.0
2022-10-07 00:00:00-04:00,15.282389306346188,15.350930030898526,15.079025485633965,15.139281272888184,37500,0.0,0.0
2022-10-10 00:00:00-04:00,15.139284580474593,15.169411762378157,14.905793533428469,14.935920715332031,17800,0.0,0.0
2022-10-11 00:00:00-04:00,14.950981606519104,15.113672086794464,14.702426307039728,14.732553482055664,19600,0.0,0.0
2022-10-12 00:00:00-04:00,14.68736186405701,14.732553344464494,14.4312744140625,14.4312744140625,40300,0.0,0.0
2022-10-13 00:00:00-04:00,14.258040951952424,14.574384226705826,14.054677110337071,14.355956077575684,30700,0.0,0.0
2022-10-14 00:00:00-04:00,14.37855121687235,14.603004493727418,14.17518739395443,14.220378875732422,20500,0.0,0.0
2022-10-17 00:00:00-04:00,14.333359818395795,14.58718748805117,14.310763359069824,14.310763359069824,13500,0.0,0.0
2022-10-18 00:00:00-04:00,14.461402959168366,14.559318072371294,14.35896683035076,14.446338653564453,45900,0.0,0.0
2022-10-19 00:00:00-04:00,14.408674742255725,14.499059119525214,14.36725006581027,14.401144027709961,45200,0.0,0.0
2022-10-20 00:00:00-04:00,14.325827582029474,14.619574368503377,14.161630093082163,14.220378875732422,28600,0.0,0.0
2022-10-21 00:00:00-04:00,14.19778060913086,14.310760006067088,14.114928380959169,14.19778060913086,19500,0.0,0.0
2022-10-24 00:00:00-04:00,14.235440159067902,14.285151209451298,14.175184383955031,14.258036613464355,20000,0.0,0.0
2022-10-25 00:00:00-04:00,14.348420047213217,14.612039611052495,14.226402924499306,14.371016502380371,43400,0.0,0.0
2022-10-26 00:00:00-04:00,14.423741276431363,14.770213100196408,14.423741276431363,14.664764404296875,31900,0.0,0.0
2022-10-27 00:00:00-04:00,14.80787342157791,14.930644783129392,14.61957391068642,14.657233238220215,20400,0.0,0.0
2022-10-28 00:00:00-04:00,14.627109306061774,14.762685213815997,14.51412986180378,14.728791236877441,14400,0.0,0.0
2022-10-31 00:00:00-04:00,14.725021177070051,14.792809115919889,14.514126644302788,14.657233238220215,16100,0.0,0.0
2022-11-01 00:00:00-04:00,14.70242339212986,14.70242339212986,13.70067023991364,14.514123916625977,67200,0.0,0.0
2022-11-02 00:00:00-04:00,14.566851892619127,14.574384046283278,14.273105082774325,14.288167953491211,13700,0.0,0.0
2022-11-03 00:00:00-04:00,14.235440644599539,14.397378315103195,14.077269768262601,14.371016502380371,23500,0.0,0.0
2022-11-04 00:00:00-04:00,14.461401215274622,14.461401215274622,13.791054062849875,13.949226379394531,46000,0.0,0.0
2022-11-07 00:00:00-05:00,13.949226217007759,13.949226217007759,13.745862428079652,13.873906135559082,31500,0.0,0.0
2022-11-08 00:00:00-05:00,13.919097111797821,14.107396590377157,13.783521257362938,13.994417190551758,30800,0.0,0.0
2022-11-09 00:00:00-05:00,13.979356236543152,14.00195269656612,13.663012979278395,13.881441116333008,19300,0.0,0.0
2022-11-10 00:00:00-05:00,14.10739538479612,14.777742448147938,14.10739538479612,14.762678146362305,45400,0.0,0.0
2022-11-11 00:00:00-05:00,14.87565874670452,15.071490376016483,14.560068350692607,14.923110008239746,31900,0.0,0.0
2022-11-14 00:00:00-05:00,14.913322386931586,14.950983155367066,14.627107729879048,14.709959983825684,19400,0.0,0.0
2022-11-15 00:00:00-05:00,14.77774518694166,14.816157296019876,14.634637166677376,14.679828643798828,26200,0.0,0.0
2022-11-16 00:00:00-05:00,14.725022211694055,14.762682978485268,14.439560351490066,14.529191970825195,23200,0.0,0.0
2022-11-17 00:00:00-05:00,14.491529913634066,14.577394730338554,14.32130728540709,14.386082649230957,48500,0.0,0.0
2022-11-18 00:00:00-05:00,14.468936051340819,14.64593807972463,14.235445022583008,14.235445022583008,13500,0.0,0.0
2022-11-21 00:00:00-05:00,14.235441448908482,14.348420857905548,14.062206259338906,14.144304275512695,43800,0.0,0.0
2022-11-22 00:00:00-05:00,14.227911803381346,14.227911803381346,13.919100693965643,13.934165000915527,41400,0.0,0.0
2022-11-23 00:00:00-05:00,14.001953370270154,14.084805624396115,13.964294038364587,14.05467700958252,45200,0.0,0.0
2022-11-25 00:00:00-05:00,14.0546752533489,14.182718977083834,13.78352350035463,14.086309432983398,22000,0.0,0.0
2022-11-28 00:00:00-05:00,14.09233529307586,14.167655387894914,13.72326840873495,13.745864868164062,81400,0.0,0.0
2022-11-29 00:00:00-05:00,13.831297331989898,13.939054685335574,13.696602475387593,13.754329681396484,99500,0.391,0.0
2022-11-30 00:00:00-05:00,13.769724887228689,14.023721998311213,13.685060162243916,14.000632286071777,79400,0.0,0.0
2022-12-01 00:00:00-05:00,14.09299107634479,14.346988133451996,14.000629310886056,14.270020484924316,87500,0.0,0.0
2022-12-02 00:00:00-05:00,14.016022530060539,14.362382834783556,14.016022530060539,14.208444595336914,80800,0.0,0.0
2022-12-05 00:00:00-05:00,14.200750371022073,14.200750371022073,13.700451778713548,13.7620267868042,75500,0.0,0.0
2022-12-06 00:00:00-05:00,13.831297227305852,14.008326639296794,13.469544280837756,13.592694282531738,71000,0.0,0.0
2022-12-07 00:00:00-05:00,13.638876285930062,13.746633647307258,13.424133764808952,13.546514511108398,47800,0.0,0.0
2022-12-08 00:00:00-05:00,13.592694655738418,13.63887554062567,13.146275520324707,13.146275520324707,52500,0.0,0.0
2022-12-09 00:00:00-05:00,13.169366799902706,13.200153567380614,12.622887363547083,12.799915313720703,139400,0.0,0.0
2022-12-12 00:00:00-05:00,12.830703823613703,12.907672946050067,12.422768502345713,12.55361557006836,84200,0.0,0.0
2022-12-13 00:00:00-05:00,12.807612490807243,12.996956030557795,12.75373454617576,12.892278671264648,69500,0.0,0.0
2022-12-14 00:00:00-05:00,12.946157521202574,13.157052253553289,12.930763402213122,13.030823707580566,104400,0.0,0.0
2022-12-15 00:00:00-05:00,13.046217030239976,13.161669979485731,12.746037600524335,12.838400840759277,128300,0.0,0.0
2022-12-16 00:00:00-05:00,12.815310149886276,13.053913116455078,12.68446307762649,13.053913116455078,70900,0.0,0.0
2022-12-19 00:00:00-05:00,13.046218348287395,13.046218348287395,12.553616797373781,12.599799156188965,62200,0.0,0.0
2022-12-20 00:00:00-05:00,12.54591964023106,12.642130684920145,12.338104899431306,12.361194610595703,67100,0.0,0.0
2022-12-21 00:00:00-05:00,12.438162008843404,12.606723629978031,12.376587007534827,12.39198112487793,60100,0.0,0.0
2022-12-22 00:00:00-05:00,12.391982176708797,12.391982176708797,11.930168893663858,12.114893913269043,102800,0.0,0.0
2022-12-23 00:00:00-05:00,12.068713046709822,12.307316013946815,11.860896848762783,12.191863059997559,100500,0.0,0.0
2022-12-27 00:00:00-05:00,12.168772476232391,12.407376174760543,12.131057179519871,12.31501293182373,60700,0.0,0.0
2022-12-28 00:00:00-05:00,12.338103277802901,12.411223133653223,12.03792459357468,12.045620918273926,66200,0.0,0.0
2022-12-29 00:00:00-05:00,12.04562097254178,12.27652759729362,12.005597147797703,12.199559211730957,92100,0.0,0.0
2022-12-30 00:00:00-05:00,12.076408376088208,12.515131179784756,11.980197344387584,12.291921615600586,77800,0.0,0.0
2023-01-03 00:00:00-05:00,12.461254523564827,12.88458251953125,12.461254523564827,12.88458251953125,70100,0.0,0.0
2023-01-04 00:00:00-05:00,12.992336215722156,13.73123765371266,12.992336215722156,13.269424438476562,68400,0.0,0.0
2023-01-05 00:00:00-05:00,13.123185923882536,13.531121282349655,13.030824142987667,13.461849212646484,90000,0.0,0.0
2023-01-06 00:00:00-05:00,13.52342477594176,14.184587995462962,13.52342477594176,14.139176368713379,65000,0.0,0.0
2023-01-09 00:00:00-05:00,14.223837592695904,14.595596840853318,14.223837592695904,14.539409637451172,58300,0.0,0.0
2023-01-10 00:00:00-05:00,14.470142406070863,14.71952247619629,14.285417352536912,14.719522476196289,62100,0.0,0.0
2023-01-11 00:00:00-05:00,14.708744244078504,14.708744244078504,14.054508879395417,14.300808906555176,198300,0.0,0.0
2023-01-12 00:00:00-05:00,14.370078434262577,14.408562256184231,13.777418181061417,14.069900512695312,147300,0.0,0.0
2023-01-13 00:00:00-05:00,13.95444786810426,14.23923317760446,13.95444786810426,14.193052291870117,92100,0.0,0.0
2023-01-17 00:00:00-05:00,14.193051858241148,14.754923933044859,14.169960682047519,14.701045989990234,54000,0.0,0.0
2023-01-18 00:00:00-05:00,14.854980576133192,15.580797105865651,14.854980576133192,15.155159950256348,166700,0.0,0.0
2023-01-19 00:00:00-05:00,15.085889628578974,15.355280803173272,14.859600807029556,15.05510139465332,81000,0.0,0.0
2023-01-20 00:00:00-05:00,15.101283514575925,15.104362044308646,14.377776177090434,14.454745292663574,70000,0.0,0.0
2023-01-23 00:00:00-05:00,14.4624421774465,14.662559820245537,14.216911450427606,14.354684829711914,115300,0.0,0.0
2023-01-24 00:00:00-05:00,14.354685144671341,14.816498374636403,14.054507205822757,14.262323379516602,88900,0.0,0.0
2023-01-25 00:00:00-05:00,14.223839923267201,14.254628161001985,13.862086938267355,14.177659034729004,93900,0.0,0.0
2023-01-26 00:00:00-05:00,14.254626101273036,14.27771580817379,14.077598164069697,14.154565811157227,118800,0.0,0.0
2023-01-27 00:00:00-05:00,14.085295978857923,14.339293071327033,14.023720970624925,14.062206268310547,40800,0.0,0.0
2023-01-30 00:00:00-05:00,14.069902768563473,14.608683702169436,14.069902768563473,14.554805755615234,40000,0.0,0.0
2023-01-31 00:00:00-05:00,14.6394743291292,15.224437713623047,14.6394743291292,15.224437713623047,74800,0.0,0.0
2023-02-01 00:00:00-05:00,15.209040641784668,15.247524468692756,15.039709748099625,15.209040641784668,33300,0.0,0.0
2023-02-02 00:00:00-05:00,15.278313424146264,15.546933895800095,15.178253120571032,15.463038444519043,61600,0.0,0.0
2023-02-03 00:00:00-05:00,15.386067760475283,15.386067760475283,15.033550405184855,15.08588981628418,53700,0.0,0.0
2023-02-06 00:00:00-05:00,15.085889397848542,15.085889397848542,14.454745292663574,14.454745292663574,51000,0.0,0.0
2023-02-07 00:00:00-05:00,14.423959884742128,14.77032023863848,14.200751020725416,14.524020195007324,88200,0.0,0.0
2023-02-08 00:00:00-05:00,14.554807650503646,14.57635883193107,14.27002376219433,14.477838516235352,52500,0.0,0.0
2023-02-09 00:00:00-05:00,14.585593368702114,14.639471312951912,14.100688934326172,14.100688934326172,33300,0.0,0.0
2023-02-10 00:00:00-05:00,14.085297011056548,14.13917643176481,13.815907247835769,14.000632286071777,58100,0.0,0.0
2023-02-13 00:00:00-05:00,14.069904390757525,14.169193970578455,13.862088171747702,13.931360244750977,74000,0.0,0.0
2023-02-14 00:00:00-05:00,13.977541119451105,14.100691145062331,13.82360285340502,14.077601432800293,37400,0.0,0.0
2023-02-15 00:00:00-05:00,14.085296857810762,14.177660109955921,14.046813025787664,14.12378215789795,21200,0.0,0.0
2023-02-16 00:00:00-05:00,14.008329468850985,14.069904482135565,13.84669414143889,13.946754455566406,24800,0.0,0.0
2023-02-17 00:00:00-05:00,13.946754181689156,14.231538062013893,13.862087989561434,14.12378215789795,63100,0.0,0.0
2023-02-21 00:00:00-05:00,14.016023165500796,14.016023165500796,13.477242239138706,13.58499813079834,48600,0.0,0.0
2023-02-22 00:00:00-05:00,13.5849960446829,13.791272206211486,13.46954311162457,13.769721031188965,30600,0.0,0.0
2023-02-23 00:00:00-05:00,13.892872753079754,14.277716889930316,13.892872753079754,14.246930122375488,32800,0.0,0.0
2023-02-24 00:00:00-05:00,14.077601924197339,14.262326969062247,14.072983394358074,14.223841667175293,25900,0.0,0.0
2023-02-27 00:00:00-05:00,14.46253594497186,14.46253594497186,13.969495591422886,14.024277687072754,27400,0.305,0.0
2023-02-28 00:00:00-05:00,14.016449243797098,14.188621730428862,13.773842218838722,14.17297077178955,63700,0.0,0.0
2023-03-01 00:00:00-05:00,14.110360311007753,14.143229558196253,13.852100874026899,14.086881637573242,17800,0.0,0.0
2023-03-02 00:00:00-05:00,14.032099558925742,14.266880322472087,13.836448425070557,14.086881637573242,22800,0.0,0.0
2023-03-03 00:00:00-05:00,14.16514362949575,14.352968555312621,14.094709095726945,14.243404388427734,30100,0.0,0.0
2023-03-06 00:00:00-05:00,14.282537681042285,14.46410227032936,14.282537681042285,14.368624687194824,25100,0.0,0.0
2023-03-07 00:00:00-05:00,14.399926864741468,14.399926864741468,14.094711494922896,14.230884552001953,25600,0.0,0.0
2023-03-08 00:00:00-05:00,14.227753661252025,14.415578609816738,14.165145345063788,14.32949161529541,23400,0.0,0.0
2023-03-09 00:00:00-05:00,14.407752534136865,14.407752534136865,14.094710949927213,14.204275131225586,57000,0.0,0.0
2023-03-10 00:00:00-05:00,14.16514524368745,14.34670980714393,13.812972534711522,13.985146522521973,46700,0.0,0.0
2023-03-13 00:00:00-04:00,13.797318831159469,13.914710718637114,12.56080358792039,12.912976264953613,68900,0.0,0.0
2023-03-14 00:00:00-04:00,13.186888351431124,13.773841825595419,13.100801364223068,13.296452522277832,20300,0.0,0.0
2023-03-15 00:00:00-04:00,13.249497227688138,13.249497227688138,12.645326927380804,12.826889991760254,58000,0.0,0.0
2023-03-16 00:00:00-04:00,12.81906405559416,14.039928436279297,12.686021199725905,14.039928436279297,41500,0.0,0.0
2023-03-17 00:00:00-04:00,13.875583526056317,14.446884703935842,13.171239464987012,13.210369110107422,31600,0.0,0.0
2023-03-20 00:00:00-04:00,13.359062998848167,13.570366642050713,12.756456976100212,12.834717750549316,35900,0.0,0.0
2023-03-21 00:00:00-04:00,13.046019352062157,13.233844285725512,12.834715741928424,12.999063491821289,29600,0.0,0.0
2023-03-22 00:00:00-04:00,12.920805072393277,13.421671652978308,12.787762200337859,13.304281234741211,32600,0.0,0.0
2023-03-23 00:00:00-04:00,13.343409538269043,13.695582250358258,13.226019131805973,13.343409538269043,27100,0.0,0.0
2023-03-24 00:00:00-04:00,13.132106339753651,13.155583523524143,12.756454979727055,12.999063491821289,58600,0.0,0.0
2023-03-27 00:00:00-04:00,13.09297588623712,13.828624700476192,13.09297588623712,13.726886749267578,45100,0.0,0.0
2023-03-28 00:00:00-04:00,13.711234775539708,14.047755037170537,13.523409825659714,14.032102584838867,43500,0.0,0.0
2023-03-29 00:00:00-04:00,14.149493758544729,14.697317678234109,14.149493758544729,14.634709358215332,143400,0.0,0.0
2023-03-30 00:00:00-04:00,14.767752200807719,14.767752200807719,14.379580020243019,14.564274787902832,45200,0.0,0.0
2023-03-31 00:00:00-04:00,14.86949102880861,15.03383731842041,14.509493541449329,15.03383731842041,227700,0.0,0.0
2023-04-03 00:00:00-04:00,14.955578149349105,15.252967315441204,14.556449523727991,14.666013717651367,110200,0.0,0.0
2023-04-04 00:00:00-04:00,14.689487488095136,14.814704094346478,13.844274649548728,14.086881637573242,61300,0.0,0.0
2023-04-05 00:00:00-04:00,13.89123194231259,14.086883096429668,13.210365269197224,13.515582084655762,56900,0.0,0.0
2023-04-06 00:00:00-04:00,13.421670484989399,13.523409933254698,13.249497986071235,13.288627624511719,122000,0.0,0.0
2023-04-10 00:00:00-04:00,13.226019286817127,13.359062147087894,13.108628878978223,13.1868896484375,45100,0.0,0.0
2023-04-11 00:00:00-04:00,13.304279502165118,13.531235574874502,13.218192510075356,13.249497413635254,49700,0.0,0.0
2023-04-12 00:00:00-04:00,13.343409766072428,13.452975440981842,12.83471700091454,12.850369453430176,52900,0.0,0.0
2023-04-13 00:00:00-04:00,12.999064439951882,13.241671477041592,12.932542264783738,13.208802223205566,36500,0.0,0.0
2023-04-14 00:00:00-04:00,13.30427944126414,13.374713981251533,13.04601995887701,13.108628273010254,16400,0.0,0.0
2023-04-17 00:00:00-04:00,13.194715847422765,13.378626938667495,13.116455078125,13.116455078125,28000,0.0,0.0
2023-04-18 00:00:00-04:00,13.22601795521567,13.463146764154025,12.991237163175695,13.194714546203613,21500,0.0,0.0
2023-04-19 00:00:00-04:00,13.14775762997067,13.406017106865454,13.116454219919746,13.327757835388184,38400,0.0,0.0
2023-04-20 00:00:00-04:00,13.272974302637843,13.30427920549969,12.959932737519013,12.99123764038086,23800,0.0,0.0
2023-04-21 00:00:00-04:00,13.069498835023385,13.265150006250083,13.03036770515806,13.155584335327148,29600,0.0,0.0
2023-04-24 00:00:00-04:00,13.218192592522659,13.22601881846145,13.030367648091605,13.10393238067627,55100,0.0,0.0
2023-04-25 00:00:00-04:00,13.077325231894772,13.171238462818506,12.889500262747468,12.967761039733887,50600,0.0,0.0
2023-04-26 00:00:00-04:00,12.991238797784932,13.167325160320734,12.967760118546806,13.006891250610352,32500,0.0,0.0
2023-04-27 00:00:00-04:00,13.092977726898456,13.265151735348633,13.006892215373536,13.175150871276855,20900,0.0,0.0
2023-04-28 00:00:00-04:00,13.124280181385984,13.312105116009947,12.936455246762021,13.139932632446289,85000,0.0,0.0
2023-05-01 00:00:00-04:00,13.13993232186388,13.13993232186388,12.795585870175824,12.912976264953613,26600,0.0,0.0
2023-05-02 00:00:00-04:00,12.912977750410626,12.912977750410626,12.678196933846808,12.748631477355957,25500,0.0,0.0
2023-05-03 00:00:00-04:00,12.819065473873614,12.819065473873614,12.044287677164851,12.05993938446045,33400,0.0,0.0
2023-05-04 00:00:00-04:00,11.958199064525395,12.106894368735674,11.10515986080844,11.825156211853027,64900,0.0,0.0
2023-05-05 00:00:00-04:00,11.973851486702856,12.067763956650136,10.486902179995983,11.739069938659668,202600,0.0,0.0
2023-05-08 00:00:00-04:00,11.739070110755717,12.067764133564875,11.62167970818815,11.699939727783203,50200,0.0,0.0
2023-05-09 00:00:00-04:00,11.723417622675308,11.723417622675308,10.866466044619319,11.13646411895752,47600,0.0,0.0
2023-05-10 00:00:00-04:00,11.300811724009376,11.70776653289795,11.191247541885541,11.70776653289795,34600,0.0,0.0
2023-05-11 00:00:00-04:00,11.699939012998618,11.699939012998618,11.379071235656738,11.379071235656738,29900,0.0,0.0
2023-05-12 00:00:00-04:00,11.488636432299824,11.613853056136886,10.932987104260391,11.14428997039795,40100,0.0,0.0
2023-05-15 00:00:00-04:00,11.179508172049815,11.19124751139539,10.682554001670594,11.058204650878906,122400,0.0,0.0
2023-05-16 00:00:00-04:00,10.893857702304414,10.893857702304414,10.518207050664598,10.721684455871582,71400,0.0,0.0
2023-05-17 00:00:00-04:00,10.799945163685576,11.645158192062272,10.799945163685576,11.62168025970459,50400,0.0,0.0
2023-05-18 00:00:00-04:00,11.58255037946439,12.122547325315917,11.32429087322887,12.083416938781738,212700,0.0,0.0
2023-05-19 00:00:00-04:00,12.192982094924334,12.8347177589677,12.075591679523738,12.803414344787598,95600,0.0,0.0
2023-05-22 00:00:00-04:00,12.795586907604422,12.86602144872169,12.525587335754892,12.615588188171387,46000,0.0,0.0
2023-05-23 00:00:00-04:00,12.615590103809573,12.795588850574859,12.349503604545484,12.717328071594238,49100,0.0,0.0
2023-05-24 00:00:00-04:00,12.65471801845447,12.71732633454732,12.326023985792016,12.69384765625,47700,0.0,0.0
2023-05-25 00:00:00-04:00,12.607762507690282,12.756456329638059,12.521675510888908,12.584283828735352,117700,0.0,0.0
2023-05-26 00:00:00-04:00,12.56863236969494,12.791674612948949,12.56863236969494,12.725153923034668,36600,0.0,0.0
2023-05-30 00:00:00-04:00,12.87029287792221,13.038690036668067,12.846237233443462,12.894350051879883,74000,0.391,0.0
2023-05-31 00:00:00-04:00,12.894349300782888,13.110859265353438,12.894349300782888,13.07878303527832,134000,0.0,0.0
2023-06-01 00:00:00-04:00,12.99859559034072,13.856616496769044,12.910389005729208,13.559917449951172,44400,0.0,0.0
2023-06-02 00:00:00-04:00,13.559917663699943,14.097182356260479,13.44284216072437,13.984918594360352,75200,0.0,0.0
2023-06-05 00:00:00-04:00,13.992939099356693,13.992939099356693,13.720297195578752,13.888692855834961,44400,0.0,0.0
2023-06-06 00:00:00-04:00,13.784446810233918,13.784446810233918,13.6320877541394,13.680200576782227,73200,0.0,0.0
2023-06-07 00:00:00-04:00,13.728314225743985,13.832558924377237,13.387511131658899,13.551898002624512,14700,0.0,0.0
2023-06-08 00:00:00-04:00,13.591992584519891,13.6320863443293,13.363454788752682,13.423595428466797,16400,0.0,0.0
2023-06-09 00:00:00-04:00,13.487747222566654,13.49576628093605,13.223124414292574,13.327370643615723,21100,0.0,0.0
2023-06-12 00:00:00-04:00,13.31935157788613,13.31935157788613,12.950482540492736,13.126898765563965,43300,0.0,0.0
2023-06-13 00:00:00-04:00,13.110859779047086,13.223123529750916,12.982557912677311,13.022651672363281,24100,0.0,0.0
2023-06-14 00:00:00-04:00,12.990577836061163,13.062747831887647,12.78850154185121,12.934444427490234,108300,0.0,0.0
2023-06-15 00:00:00-04:00,12.830199504634656,13.006614197210954,12.830199504634656,12.902369499206543,146400,0.0,0.0
2023-06-16 00:00:00-04:00,12.894352008138357,12.918409185745848,12.517464637756348,12.517464637756348,100400,0.0,0.0
2023-06-20 00:00:00-04:00,12.653782444569451,12.696282836002418,12.028310512068897,12.132555961608887,46000,0.0,0.0
2023-06-21 00:00:00-04:00,12.052368266658641,12.421236527531748,11.916047337766006,12.341048240661621,33800,0.0,0.0
2023-06-22 00:00:00-04:00,12.244820649544163,12.442886624231177,12.02831069004838,12.292933464050293,51400,0.0,0.0
2023-06-23 00:00:00-04:00,12.389162552200572,12.618502594458967,12.1165206615736,12.509446144104004,36900,0.0,0.0
2023-06-26 00:00:00-04:00,12.485388043358098,12.914397730512942,12.485388043358098,12.733973503112793,45700,0.0,0.0
2023-06-27 00:00:00-04:00,12.80614292073872,12.966520259420276,12.758029336764517,12.918407440185547,229500,0.0,0.0
2023-06-28 00:00:00-04:00,12.91840818520543,13.295294761657715,12.91840818520543,13.295294761657715,38600,0.0,0.0
2023-06-29 00:00:00-04:00,13.175011593555194,13.327370643615723,13.047511165596093,13.327370643615723,21400,0.0,0.0
2023-06-30 00:00:00-04:00,13.391522065649042,13.6561448834982,13.115672871572315,13.431615829467773,121300,0.0,0.0
2023-07-03 00:00:00-04:00,13.399539031507958,13.511804318543021,13.335388094407486,13.439634323120117,13500,0.0,0.0
2023-07-05 00:00:00-04:00,13.24718047978606,13.38350140168924,13.150953316892519,13.351425170898438,75200,0.0,0.0
2023-07-06 00:00:00-04:00,13.1910488883511,13.263218879699707,12.814160815868616,13.263218879699707,31800,0.0,0.0
2023-07-07 00:00:00-04:00,13.150953092790377,13.351424943380104,13.150953092790377,13.319350242614746,36100,0.0,0.0
2023-07-10 00:00:00-04:00,13.319351469794546,13.39953899383545,13.319351469794546,13.39953899383545,44100,0.0,0.0
2023-07-11 00:00:00-04:00,13.5278426976445,13.600011164988574,13.078784599749941,13.511804580688477,13000,0.0,0.0
2023-07-12 00:00:00-04:00,13.551898051535058,13.632087105107962,13.431615235915197,13.600010871887207,39900,0.0,0.0
2023-07-13 00:00:00-04:00,13.600010609613397,13.780435594303217,13.549491919796038,13.720294952392578,154700,0.0,0.0
2023-07-14 00:00:00-04:00,13.712276416648276,13.744351120993464,13.35142643352108,13.471709251403809,32300,0.0,0.0
2023-07-17 00:00:00-04:00,13.471708266396906,13.471708266396906,12.956094928257025,13.263218879699707,22100,0.0,0.0
2023-07-18 00:00:00-04:00,13.150954977273166,13.351426856589766,12.990578391507322,13.118880271911621,47000,0.0,0.0
2023-07-19 00:00:00-04:00,13.215103833048905,13.341802799414305,13.052321402397881,13.14293384552002,24000,0.0,0.0
2023-07-20 00:00:00-04:00,13.20708729492177,13.215106353896747,12.962512878840997,13.175012588500977,43600,0.0,0.0
2023-07-21 00:00:00-04:00,13.158972002392035,13.3185471164698,13.062746371699077,13.183029174804688,28400,0.0,0.0
2023-07-24 00:00:00-04:00,13.199065760267631,13.343405735785892,13.175010117333803,13.183029174804688,12500,0.0,0.0
2023-07-25 00:00:00-04:00,13.15095290296532,13.191048190191822,13.070763857991135,13.14293384552002,19300,0.0,0.0
2023-07-26 00:00:00-04:00,13.175012588500977,13.279257296217445,13.04671070385958,13.175012588500977,27900,0.0,0.0
2023-07-27 00:00:00-04:00,13.31133287683475,13.3915219331579,13.038691003023462,13.094822883605957,25700,0.0,0.0
2023-07-28 00:00:00-04:00,13.086802863924978,13.086802863924978,12.653783674008034,12.717934608459473,55400,0.0,0.0
2023-07-31 00:00:00-04:00,12.782084672615007,13.215103833048905,12.782084672615007,13.14293384552002,46300,0.0,0.0
2023-08-01 00:00:00-04:00,13.126897842361654,13.142934428484752,12.804538754364666,12.974538803100586,20600,0.0,0.0
2023-08-02 00:00:00-04:00,12.886330696768564,12.990576918702569,12.734773869183371,12.974538803100586,25700,0.0,0.0
2023-08-03 00:00:00-04:00,12.91038804414617,12.958500862121582,12.79812352763779,12.958500862121582,17300,0.0,0.0
2023-08-04 00:00:00-04:00,13.936801161855366,14.31769795057863,13.632084648563978,14.1132173538208,193800,0.0,0.0
2023-08-07 00:00:00-04:00,14.193409449244967,14.353786032545718,14.153314156310502,14.297654151916504,74100,0.0,0.0
2023-08-08 00:00:00-04:00,14.273596771395225,15.079494558808122,14.201426774627532,15.067466735839844,75800,0.0,0.0
2023-08-09 00:00:00-04:00,15.06746366923994,15.06746366923994,14.826896552482625,14.891047477722168,17200,0.0,0.0
2023-08-10 00:00:00-04:00,14.794823821378023,15.075483200686781,14.594351962169533,14.778785705566406,63800,0.0,0.0
2023-08-11 00:00:00-04:00,14.778785796088497,14.883030490544705,14.337746785441054,14.86699390411377,37200,0.0,0.0
2023-08-14 00:00:00-04:00,14.778785021129426,14.907086882722613,14.538217883533072,14.85095500946045,15600,0.0,0.0
2023-08-15 00:00:00-04:00,14.802843214939921,14.802843214939921,14.674541331238965,14.730674743652344,10400,0.0,0.0
2023-08-16 00:00:00-04:00,14.72265464545293,14.758739643289001,14.551851608605334,14.642465591430664,29800,0.0,0.0
2023-08-17 00:00:00-04:00,14.570296287536621,14.594353463729203,14.44199440680099,14.570296287536621,23300,0.0,0.0
2023-08-18 00:00:00-04:00,14.570293909368258,14.730671998850363,14.44359494337121,14.574302673339844,12000,0.0,0.0
2023-08-21 00:00:00-04:00,14.642464359618607,14.792417526245117,14.498124380417071,14.792417526245117,18300,0.0,0.0
2023-08-22 00:00:00-04:00,14.666522401084835,14.74670992363035,14.209445263389059,14.281615257263184,39100,0.0,0.0
2023-08-23 00:00:00-04:00,14.281614941649398,14.738690539765168,14.281614941649398,14.714634895324707,43600,0.0,0.0
2023-08-24 00:00:00-04:00,14.746708843979217,14.995295040003214,14.634445097051504,14.899067878723145,16000,0.0,0.0
2023-08-25 00:00:00-04:00,14.971238964479125,15.03538990020752,14.798833037931763,15.03538990020752,35500,0.0,0.0
2023-08-28 00:00:00-04:00,14.915108373001031,15.003314961309101,14.915108373001031,14.9952974319458,112000,0.0,0.0
2023-08-29 00:00:00-04:00,14.987277438967864,15.235060682680984,14.789211439291275,15.20378589630127,23000,0.0,0.0
2023-08-30 00:00:00-04:00,15.14729222738472,15.327421626801177,15.14729222738472,15.204606056213379,80100,0.391,0.0
2023-08-31 00:00:00-04:00,15.188227795981513,15.982438044410275,14.991722602199967,15.61398983001709,263500,0.0,0.0
2023-09-01 00:00:00-04:00,15.589430283823019,15.884187343322637,15.384737143930499,15.474801063537598,39200,0.0,0.0
2023-09-05 00:00:00-04:00,15.351985862567112,15.351985862567112,15.020382405729148,15.106354713439941,68100,0.0,0.0
2023-09-06 00:00:00-04:00,15.049036935882281,15.10962717158911,14.819781649481882,15.016286849975586,61300,0.0,0.0
2023-09-07 00:00:00-04:00,15.09816498093787,15.106352893146779,14.82797012478216,14.979442596435547,186600,0.0,0.0
2023-09-08 00:00:00-04:00,15.073598360963906,15.081786271606594,14.942594914049447,14.983532905578613,10100,0.0,0.0
2023-09-11 00:00:00-04:00,14.983535776796655,15.024475337855131,14.90984612857597,14.975349426269531,14600,0.0,0.0
2023-09-12 00:00:00-04:00,14.893474281941335,15.016289861671464,14.819784621766292,14.918036460876465,42200,0.0,0.0
2023-09-13 00:00:00-04:00,14.877099534344207,15.016290951254042,14.862361913576802,14.99991512298584,16000,0.0,0.0
2023-09-14 00:00:00-04:00,15.024475475288245,15.130915211644774,14.942597914106905,15.065413475036621,8100,0.0,0.0
2023-09-15 00:00:00-04:00,15.024473929120244,15.261917114257812,14.975348022140821,15.261917114257812,13900,0.0,0.0
2023-09-18 00:00:00-04:00,15.11453949212971,15.302858352661133,15.08260772716926,15.302858352661133,6600,0.0,0.0
2023-09-19 00:00:00-04:00,15.237357463686317,15.30285920439549,15.14729198457945,15.253731727600098,14000,0.0,0.0
2023-09-20 00:00:00-04:00,15.220981791396616,15.433862841266778,15.147292137145996,15.147292137145996,33700,0.0,0.0
2023-09-21 00:00:00-04:00,15.024475621829545,15.139103271590688,14.909846410383798,14.95897388458252,21000,0.0,0.0
2023-09-22 00:00:00-04:00,15.024477062324085,15.024477062324085,14.82797183174277,14.86890983581543,10500,0.0,0.0
2023-09-25 00:00:00-04:00,14.721528225963583,14.819781606769514,14.638014023541924,14.773930549621582,27200,0.0,0.0
2023-09-26 00:00:00-04:00,14.795219823711335,14.819783562575687,14.35308345594601,14.45952320098877,29400,0.0,0.0
2023-09-27 00:00:00-04:00,14.549585464330223,14.549585464330223,14.385830364816567,14.451332092285156,40300,0.0,0.0
2023-09-28 00:00:00-04:00,14.418585544277182,14.86890983581543,14.418585544277182,14.86890983581543,20700,0.0,0.0
2023-09-29 00:00:00-04:00,14.868909501101928,15.089978466161211,14.81978358498366,14.860721588134766,111200,0.0,0.0
2023-10-02 00:00:00-04:00,14.934410528333311,14.934410528333311,14.743636694215269,14.81159496307373,5900,0.0,0.0
2023-10-03 00:00:00-04:00,14.836157630222692,14.836157630222692,14.467709399346525,14.574149131774902,94600,0.0,0.0
2023-10-04 00:00:00-04:00,14.574149131774902,14.615088691696991,14.484085223315361,14.574149131774902,40800,0.0,0.0
2023-10-05 00:00:00-04:00,14.582337240362284,14.590525152457094,14.412852301221829,14.492273330688477,58700,0.0,0.0
2023-10-06 00:00:00-04:00,14.394021703414458,14.582339019517562,14.344895786536418,14.41039752960205,60100,0.0,0.0
2023-10-09 00:00:00-04:00,14.31214346049157,14.59953248131211,14.31214346049157,14.582338333129883,7800,0.0,0.0
2023-10-10 00:00:00-04:00,14.57414813240831,14.582336043831273,14.43577664590817,14.541398048400879,20300,0.0,0.0
2023-10-11 00:00:00-04:00,14.549587220027142,14.557775132159296,13.80450439453125,13.80450439453125,103200,0.0,0.0
2023-10-12 00:00:00-04:00,14.197516474217558,14.557776841920912,14.197516474217558,14.41039752960205,35800,0.0,0.0
2023-10-13 00:00:00-04:00,14.410395658274737,14.492273216895383,14.189326718504356,14.254828453063965,16100,0.0,0.0
2023-10-16 00:00:00-04:00,14.303954889579389,14.492273749837514,14.205703064969109,14.377644538879395,52300,0.0,0.0
2023-10-17 00:00:00-04:00,14.344894165169865,14.483265664266456,14.12382522167843,14.205702781677246,21900,0.0,0.0
2023-10-18 00:00:00-04:00,14.123821983543472,14.336702966059855,14.123821983543472,14.172947883605957,31000,0.0,0.0
2023-10-19 00:00:00-04:00,14.172952247517609,14.172952247517609,13.38693135776186,13.730815887451172,16600,0.0,0.0
2023-10-20 00:00:00-04:00,13.681686867385585,13.681686867385585,12.993918666424433,13.39511775970459,23800,0.0,0.0
2023-10-23 00:00:00-04:00,13.36236618982931,13.412311984135211,13.231362722218005,13.272300720214844,40500,0.0,0.0
2023-10-24 00:00:00-04:00,13.33780547037381,14.160671188657284,13.33780547037381,14.132014274597168,15400,0.0,0.0
2023-10-25 00:00:00-04:00,14.001010269849012,14.009198182372518,13.807779907011193,13.82906723022461,9200,0.0,0.0
2023-10-26 00:00:00-04:00,13.706250492749053,13.755376402001232,13.345990180969238,13.345990180969238,17000,0.0,0.0
2023-10-27 00:00:00-04:00,13.460621231567984,13.534310886398544,12.944794428596424,13.100360870361328,25800,0.0,0.0
2023-10-30 00:00:00-04:00,13.214987803212553,13.444244668072455,13.141298152424893,13.427868843078613,34800,0.0,0.0
2023-10-31 00:00:00-04:00,13.517932555593937,13.5670584624829,13.354177450384833,13.509744644165039,33500,0.0,0.0
2023-11-01 00:00:00-04:00,13.534312072171636,14.041950225830078,13.427870756230936,14.041950225830078,27300,0.0,0.0
2023-11-02 00:00:00-04:00,14.041946950219204,14.705152185406465,14.041946950219204,14.688777923583984,26200,0.0,0.0
2023-11-03 00:00:00-04:00,14.729715289715754,15.049036026000975,14.451332548759874,15.049036026000977,34500,0.0,0.0
2023-11-06 00:00:00-05:00,14.942599460508026,14.942599460508026,14.590527004171701,14.656028747558594,25300,0.0,0.0
2023-11-07 00:00:00-05:00,14.68878095945804,14.68878095945804,14.11318298153116,14.402210235595703,14300,0.0,0.0
2023-11-08 00:00:00-05:00,14.492272487217408,14.652751182218845,14.443145017507838,14.528297424316406,8500,0.0,0.0
2023-11-09 00:00:00-05:00,14.525022673955846,14.525022673955846,14.198332338011161,14.263015747070312,16000,0.0,0.0
2023-11-10 00:00:00-05:00,14.263014976751665,14.557773534420768,14.24663915428463,14.533209800720215,4100,0.0,0.0
2023-11-13 00:00:00-05:00,14.533210723636781,14.811593476517258,14.443145256032954,14.688777923583984,34700,0.0,0.0
2023-11-14 00:00:00-05:00,14.746093224139706,15.39292270073791,14.746093224139706,15.18004322052002,80400,0.0,0.0
2023-11-15 00:00:00-05:00,15.24554597419725,15.24554597419725,14.885285605330216,15.024477005004883,43000,0.0,0.0
2023-11-16 00:00:00-05:00,14.942598905108396,15.16366786645405,14.901660902644988,15.094071388244629,41400,0.0,0.0
2023-11-17 00:00:00-05:00,15.171856016562055,15.229169845581055,14.926223312886,15.229169845581055,81600,0.0,0.0
2023-11-20 00:00:00-05:00,15.147293625551846,15.237359114415902,14.97535212319485,15.081791877746582,21400,0.0,0.0
2023-11-21 00:00:00-05:00,14.991723307423516,15.147290512116927,14.991723307423516,15.130914688110352,21900,0.0,0.0
2023-11-22 00:00:00-05:00,15.049036026000975,15.098163494417484,14.999910119268884,15.049036026000977,37000,0.0,0.0
2023-11-24 00:00:00-05:00,15.10635251378502,15.197236306831625,15.036756042599336,15.130914688110352,5100,0.0,0.0
2023-11-27 00:00:00-05:00,15.049037518832096,15.466611671688346,15.049037518832096,15.351984024047852,39600,0.0,0.0
2023-11-28 00:00:00-05:00,15.442049026489258,15.532112934742218,15.31104555840811,15.442049026489258,71200,0.0,0.0
2023-11-29 00:00:00-05:00,15.601746505793203,15.819134378013642,15.601746505793203,15.785689353942871,30100,0.391,0.0
2023-11-30 00:00:00-05:00,15.794049682166955,16.21210289001465,15.685356549814983,16.21210289001465,110700,0.0,0.0
2023-12-01 00:00:00-05:00,16.08668583250959,16.554904937611205,15.986353964503817,16.3375186920166,55900,0.0,0.0
2023-12-04 00:00:00-05:00,16.262269835401835,16.387685474273923,16.02063386523413,16.170297622680664,45600,0.0,0.0
2023-12-05 00:00:00-05:00,16.170298838035354,16.170298838035354,16.01143816632606,16.069965362548828,53600,0.0,0.0
2023-12-06 00:00:00-05:00,16.069962273494923,16.145211966958296,15.919464481314359,15.986352920532227,29900,0.0,0.0
2023-12-07 00:00:00-05:00,16.08668653141709,16.120131552036273,15.877659936786287,15.969632148742676,18200,0.0,0.0
2023-12-08 00:00:00-05:00,16.019797857860073,16.128492578585412,16.019797857860073,16.103408813476562,96600,0.0,0.0
2023-12-11 00:00:00-05:00,16.10340768506362,16.10340768506362,15.860936090241129,15.977992057800293,30700,0.0,0.0
2023-12-12 00:00:00-05:00,15.977993403897472,16.095047786571886,15.81913274544908,15.969632148742676,32600,0.0,0.0
2023-12-13 00:00:00-05:00,16.02815821526809,16.120130420770124,15.626827564480347,16.061601638793945,60400,0.0,0.0
2023-12-14 00:00:00-05:00,16.128493857990303,16.404408917089455,16.069965068093488,16.245548248291016,76400,0.0,0.0
2023-12-15 00:00:00-05:00,16.16193848038946,16.38768761672038,16.02314449606393,16.111772537231445,19700,0.0,0.0
2023-12-18 00:00:00-05:00,16.086685032979233,16.195379745120547,15.760604086047707,15.994712829589844,84100,0.0,0.0
2023-12-19 00:00:00-05:00,15.944548017445037,16.128492437137375,15.874315389451812,16.011436462402344,72700,0.0,0.0
2023-12-20 00:00:00-05:00,16.011439200862405,16.30407679563074,16.003077944469414,16.2371883392334,64500,0.0,0.0
2023-12-21 00:00:00-05:00,16.23718701540874,16.320797977775225,16.13685354161966,16.27899169921875,28400,0.0,0.0
2023-12-22 00:00:00-05:00,16.329158670774632,16.345879586874545,16.13769022739954,16.2706298828125,19200,0.0,0.0
2023-12-26 00:00:00-05:00,16.19537913548423,16.488015053896323,16.11176818961814,16.136850357055664,60600,0.0,0.0
2023-12-27 00:00:00-05:00,16.220463498980234,16.52146230695137,16.036520668968077,16.320796966552734,27600,0.0,0.0
2023-12-28 00:00:00-05:00,16.38768761672038,16.38768761672038,15.994716543533979,16.111772537231445,32000,0.0,0.0
2023-12-29 00:00:00-05:00,16.095046169602806,16.554903993692978,16.011435221201083,16.26226806640625,75900,0.0,0.0
2024-01-02 00:00:00-05:00,16.120129932547183,16.387683691635733,16.120129932547183,16.26226806640625,29700,0.0,0.0
2024-01-03 00:00:00-05:00,16.220462628747576,16.429489213125116,16.095046997070312,16.095046997070312,37400,0.0,0.0
2024-01-04 00:00:00-05:00,16.11176833967486,16.262267724686268,16.011434884751868,16.228822708129883,23100,0.0,0.0
2024-01-05 00:00:00-05:00,16.228824754173473,16.38434123022426,16.128492881347338,16.320796966552734,29000,0.0,0.0
2024-01-08 00:00:00-05:00,16.38768482085671,16.55490513443655,16.26226918698525,16.49637794494629,28600,0.0,0.0
2024-01-09 00:00:00-05:00,16.412767884184266,16.71376669765717,16.412767884184266,16.538185119628906,22600,0.0,0.0
2024-01-10 00:00:00-05:00,16.496383546462127,16.680328027030384,16.47130136801871,16.613439559936523,19600,0.0,0.0
2024-01-11 00:00:00-05:00,16.61343442424405,16.65523910522461,16.387685319557765,16.65523910522461,21400,0.0,0.0
2024-01-12 00:00:00-05:00,16.605074463430313,16.830821990966797,16.55072709812223,16.830821990966797,17400,0.0,0.0
2024-01-16 00:00:00-05:00,16.830820783477794,16.931154251098633,16.630155442982485,16.931154251098633,41200,0.0,0.0
2024-01-17 00:00:00-05:00,16.880989804041295,16.92279448896962,16.546547540375197,16.621795654296875,49400,0.0,0.0
2024-01-18 00:00:00-05:00,16.638517286161516,16.638517286161516,16.337520062154915,16.36260223388672,36100,0.0,0.0
2024-01-19 00:00:00-05:00,16.329157577737707,16.673632347533708,16.21210160439532,16.64687728881836,19100,0.0,0.0
2024-01-22 00:00:00-05:00,16.780654543644882,16.814099563829263,16.588350461823715,16.71376609802246,74300,0.0,0.0
2024-01-23 00:00:00-05:00,16.722125858546647,16.722125858546647,16.49637677671718,16.63015365600586,21900,0.0,0.0
2024-01-24 00:00:00-05:00,16.671966769300294,16.679490784934583,16.60424106011063,16.613439559936523,12700,0.0,0.0
2024-01-25 00:00:00-05:00,16.713765845931736,16.931153689612366,16.57998895670463,16.922792434692383,30900,0.0,0.0
2024-01-26 00:00:00-05:00,16.88934878763865,17.269777110389974,16.88934878763865,16.9478759765625,47600,0.0,0.0
2024-01-29 00:00:00-05:00,16.97295994088714,17.40773566850159,16.97295994088714,17.282320022583008,37500,0.0,0.0
2024-01-30 00:00:00-05:00,17.290680455275048,17.54151173517314,17.223792007652463,17.48298454284668,67000,0.0,0.0
2024-01-31 00:00:00-05:00,17.49134712369341,17.695356665190833,17.307404277478117,17.441181182861328,94100,0.0,0.0
2024-02-01 00:00:00-05:00,17.441179578649507,17.767260556185366,17.441179578649507,17.658567428588867,41100,0.0,0.0
2024-02-02 00:00:00-05:00,17.58332091366824,17.600041832273778,17.29904456566767,17.37429428100586,18300,0.0,0.0
2024-02-05 00:00:00-05:00,17.332487608455892,17.332487608455892,16.56326955373986,16.60507583618164,19900,0.0,0.0
2024-02-06 00:00:00-05:00,16.722127852469136,17.006404153540824,16.722127852469136,16.87262725830078,19500,0.0,0.0
2024-02-07 00:00:00-05:00,16.972958675843007,17.148541842839464,16.738849912842852,17.140180587768555,28100,0.0,0.0
2024-02-08 00:00:00-05:00,17.140181053632325,17.391012333591807,17.13181979833416,17.21710205078125,32400,0.0,0.0
2024-02-09 00:00:00-05:00,17.307403789665308,17.44034344938606,17.248874999806606,17.282320022583008,26600,0.0,0.0
2024-02-12 00:00:00-05:00,17.382650624857057,17.491343741433244,17.223789982403062,17.391010284423828,27500,0.0,0.0
2024-02-13 00:00:00-05:00,17.22379239877305,17.22379239877305,16.75975308515235,16.972959518432617,25000,0.0,0.0
2024-02-14 00:00:00-05:00,17.090013820083076,17.307401657104492,17.056568801427662,17.307401657104492,19000,0.0,0.0
2024-02-15 00:00:00-05:00,17.399373362004372,17.633483723061133,17.131819574937424,17.508068084716797,20700,0.0,0.0
2024-02-16 00:00:00-05:00,17.499703981290306,17.608397091565564,16.362598976583683,16.554903030395508,69500,0.0,0.0
2024-02-20 00:00:00-05:00,16.54654498437549,16.696207136677,15.94454740802257,16.153573989868164,80600,0.0,0.0
2024-02-21 00:00:00-05:00,16.228824754173473,16.437851349765346,16.15357505218069,16.320796966552734,21200,0.0,0.0
2024-02-22 00:00:00-05:00,16.4712953822924,16.613433522556715,16.304073477953345,16.396045684814453,24700,0.0,0.0
2024-02-23 00:00:00-05:00,16.396048800571588,16.830822963930405,16.38768754429111,16.722129821777344,35300,0.0,0.0
2024-02-26 00:00:00-05:00,16.722127075114976,17.073291807482242,16.5431997285446,16.88934898376465,29100,0.0,0.0
2024-02-27 00:00:00-05:00,16.889347210761457,17.071617126464844,16.889347210761457,17.071617126464844,11900,0.0,0.0
2024-02-28 00:00:00-05:00,17.005984471537673,17.40662611158151,16.919035569781432,17.346956253051758,17200,0.391,0.0
2024-02-29 00:00:00-05:00,17.37252843999609,17.798743581197854,17.065654643930394,17.670879364013672,80600,0.0,0.0
2024-03-01 00:00:00-05:00,17.756125243433875,17.756125243433875,17.418562881622453,17.63678550720215,36500,0.0,0.0
2024-03-04 00:00:00-05:00,17.63678254557032,17.687927905955124,17.27876177111331,17.432199478149414,27500,0.0,0.0
2024-03-05 00:00:00-05:00,17.466296228017377,17.53449058532715,17.21056779457617,17.53449058532715,27500,0.0,0.0
2024-03-06 00:00:00-05:00,17.53449058532715,17.645307432131606,17.398101870707606,17.53449058532715,31600,0.0,0.0
2024-03-07 00:00:00-05:00,17.534491378187077,17.67088009897373,17.406627155684816,17.55154037475586,22900,0.0,0.0
2024-03-08 00:00:00-05:00,17.551539454578567,17.602684815721705,17.389577247429962,17.492721557617188,23000,0.0,0.0
2024-03-11 00:00:00-04:00,17.43220104076137,17.563474740339615,17.04008224031074,17.13385009765625,16000,0.0,0.0
2024-03-12 00:00:00-04:00,17.13384936512692,17.253189086914062,16.95483815656444,17.253189086914062,19000,0.0,0.0
2024-03-13 00:00:00-04:00,17.304336639834194,17.577115736257802,17.278764768147152,17.41515350341797,24700,0.0,0.0
2024-03-14 00:00:00-04:00,17.35548075082482,17.42367510712764,17.176469549353865,17.346956253051758,18800,0.0,0.0
2024-03-15 00:00:00-04:00,17.30433126685931,17.41514809603459,17.219089553193985,17.38105010986328,20300,0.0,0.0
2024-03-18 00:00:00-04:00,17.364002742659096,17.440719959781596,17.261710410026648,17.38105010986328,21000,0.0,0.0
2024-03-19 00:00:00-04:00,17.381051102525017,17.517439803236698,17.321381249198854,17.44924545288086,22800,0.0,0.0
2024-03-20 00:00:00-04:00,17.4748202966486,17.4748202966486,17.33843158537944,17.45777130126953,26700,0.0,0.0
2024-03-21 00:00:00-04:00,17.466296913890496,17.901036568517448,17.372529059201803,17.440723419189453,70800,0.0,0.0
2024-03-22 00:00:00-04:00,17.47482116014859,17.47482116014859,17.21909272035278,17.253189086914062,31400,0.0,0.0
2024-03-25 00:00:00-04:00,17.31285968799022,17.31285968799022,17.048606738785953,17.13385009765625,22300,0.0,0.0
2024-03-26 00:00:00-04:00,17.133846041862313,17.15941790535294,16.96335936447803,17.108272552490234,28300,0.0,0.0
2024-03-27 00:00:00-04:00,17.253188464553137,17.253188464553137,16.96336204276896,17.125324249267578,13800,0.0,0.0
2024-03-28 00:00:00-04:00,17.057131482495087,17.208011693323744,16.46895408630371,16.46895408630371,171900,0.0,0.0
2024-04-01 00:00:00-04:00,16.503048392529205,17.116797521468992,16.503048392529205,16.963359832763672,118100,0.0,0.0
2024-04-02 00:00:00-04:00,16.809924159179747,17.014507226684454,16.690584442939087,16.87811851501465,28600,0.0,0.0
2024-04-03 00:00:00-04:00,16.809924630483795,17.00598483165261,16.801400132530215,16.92926597595215,18900,0.0,0.0
2024-04-04 00:00:00-04:00,16.99745953617786,17.11679925016505,16.809923841761798,16.912216186523438,31900,0.0,0.0
2024-04-05 00:00:00-04:00,16.861069040678952,16.878116408098364,16.726384269835915,16.82697105407715,11200,0.0,0.0
2024-04-08 00:00:00-04:00,16.80139680818072,16.826970296981443,16.707630601007562,16.78434944152832,6200,0.0,0.0
2024-04-09 00:00:00-04:00,16.78435319057023,16.80140056103042,16.639439973427038,16.77497673034668,16200,0.0,0.0
2024-04-10 00:00:00-04:00,16.63091107738268,16.758775264371533,16.460424410809978,16.682056427001953,32700,0.0,0.0
2024-04-11 00:00:00-04:00,16.59681515117184,16.605339648145364,16.430591524891963,16.571243286132812,23000,0.0,0.0
2024-04-12 00:00:00-04:00,16.460426409784098,16.73320380872176,16.460426409784098,16.59681510925293,15100,0.0,0.0
2024-04-15 00:00:00-04:00,16.44338216314753,16.554197392796016,16.281419942078028,16.332565307617188,70100,0.0,0.0
2024-04-16 00:00:00-04:00,16.204701080828364,16.52862389708551,16.11093322243836,16.332565307617188,54600,0.0,0.0
2024-04-17 00:00:00-04:00,16.392231783361325,16.591701431731714,16.332561931586085,16.40928077697754,34900,0.0,0.0
2024-04-18 00:00:00-04:00,16.400759670296686,16.72468411243569,16.183390647343867,16.332565307617188,21900,0.0,0.0
2024-04-19 00:00:00-04:00,16.28994036944905,16.70763093970653,16.28994036944905,16.52861976623535,39100,0.0,0.0
2024-04-22 00:00:00-04:00,16.571241353887032,16.656484687801168,16.375181198120117,16.375181198120117,8900,0.0,0.0
2024-04-23 00:00:00-04:00,16.375184398850926,16.750254165856287,16.375184398850926,16.6053409576416,23600,0.0,0.0
2024-04-24 00:00:00-04:00,16.451902865789265,16.59681607060402,16.39223300955054,16.503049850463867,9400,0.0,0.0
2024-04-25 00:00:00-04:00,16.170603823565898,16.443382912598373,16.0768375867841,16.213226318359375,40000,0.0,0.0
2024-04-26 00:00:00-04:00,16.20469986828336,16.400758443081255,16.162077378621817,16.23879623413086,26500,0.0,0.0
2024-04-29 00:00:00-04:00,16.298463986066896,16.409279182038315,16.251580071120053,16.375181198120117,15000,0.0,0.0
2024-04-30 00:00:00-04:00,16.366661266188586,16.494525477073473,16.20469906526418,16.41780662536621,29300,0.0,0.0
2024-05-01 00:00:00-04:00,16.40928384525443,16.57977056153188,16.28141962098725,16.366662979125977,27700,0.0,0.0
2024-05-02 00:00:00-04:00,16.366658552996785,16.83549445714706,16.366658552996785,16.622386932373047,12800,0.0,0.0
2024-05-03 00:00:00-04:00,16.76730297987542,16.94631255085621,16.511574556793818,16.912216186523438,16800,0.0,0.0
2024-05-06 00:00:00-04:00,16.91221693529888,17.031556654569748,16.878118943574783,16.954837799072266,24600,0.0,0.0
2024-05-07 00:00:00-04:00,16.954833889370832,17.069912146080576,16.731497948252418,16.818445205688477,20500,0.0,0.0
2024-05-08 00:00:00-04:00,16.818448625287417,16.84402211838308,16.136505068219957,16.358137130737305,78100,0.0,0.0
2024-05-09 00:00:00-04:00,16.358133791607955,17.261709226749023,16.213220612076533,17.040077209472656,175600,0.0,0.0
2024-05-10 00:00:00-04:00,17.04860314148648,17.295808667461152,16.903689949748586,17.18499183654785,93400,0.0,0.0
2024-05-13 00:00:00-04:00,17.184992122077812,17.68792605317847,17.184992122077812,17.568586349487305,35600,0.0,0.0
2024-05-14 00:00:00-04:00,17.500393833956384,17.666617474618263,17.432199478149414,17.432199478149414,29400,0.0,0.0
2024-05-15 00:00:00-04:00,17.525962019501485,17.730545043945312,17.466292173940538,17.730545043945312,27400,0.0,0.0
2024-05-16 00:00:00-04:00,17.687930407344897,17.71691337848495,17.31286058442414,17.423677444458008,31200,0.0,0.0
2024-05-17 00:00:00-04:00,17.42367536440442,17.687928295744562,17.304334019701027,17.53449058532715,24300,0.0,0.0
2024-05-20 00:00:00-04:00,17.449244814236536,17.560061645684844,17.204598424553346,17.321380615234375,17900,0.0,0.0
2024-05-21 00:00:00-04:00,17.329906882630844,17.51744095193649,17.22761453744852,17.325645446777344,24800,0.0,0.0
2024-05-22 00:00:00-04:00,17.338428079118,17.47481676280598,17.244660249377006,17.342689514160156,20000,0.0,0.0
2024-05-23 00:00:00-04:00,17.278758232527444,17.278758232527444,16.707630009902072,16.818445205688477,45200,0.0,0.0
2024-05-24 00:00:00-04:00,16.954837479499655,17.0315563335511,16.835497762478155,16.988935470581055,13800,0.0,0.0
2024-05-28 00:00:00-04:00,20.790774571010843,21.140270865189176,19.691140325539966,20.03211212158203,1269700,0.0,0.0
2024-05-29 00:00:00-04:00,19.946867351346825,20.015061705718473,19.63146907208356,19.887197494506836,217100,0.0,0.0
2024-05-30 00:00:00-04:00,19.605894601473246,19.86162301113983,19.435407911107802,19.819002151489258,176900,0.0,0.0
2024-05-31 00:00:00-04:00,19.897902201406488,19.984601974487305,19.594448034547124,19.984601974487305,240800,0.391,0.0
2024-06-03 00:00:00-04:00,19.733168123080922,20.15800326220697,19.55109497563145,20.13199234008789,221700,0.0,0.0
2024-06-04 00:00:00-04:00,20.001941967158462,20.331407047888586,19.75917996419113,20.322736740112305,233100,0.0,0.0
2024-06-05 00:00:00-04:00,20.253375931594192,20.331407047888586,20.071302775676575,20.322736740112305,132000,0.0,0.0
2024-06-06 00:00:00-04:00,20.270715380004198,20.288055995972975,20.090378596482253,20.227365493774414,50000,0.0,0.0
2024-06-07 00:00:00-04:00,20.07130340126029,20.155403570250105,19.941252087946896,19.984601974487305,45100,0.0,0.0
2024-06-10 00:00:00-04:00,19.88055992126465,20.02795183833403,19.863219306623066,19.88055992126465,62500,0.0,0.0
2024-06-11 00:00:00-04:00,19.86321837608783,19.880558989917052,19.672476585042237,19.79385757446289,58500,0.0,0.0
2024-06-12 00:00:00-04:00,19.793861231067236,20.07997479733658,19.78519092255092,20.036624908447266,69100,0.0,0.0
2024-06-13 00:00:00-04:00,20.01928429141464,20.071304488820267,19.85455173698918,20.036624908447266,65500,0.0,0.0
2024-06-14 00:00:00-04:00,19.949923053269263,20.053963445870853,19.767849885678142,19.854551315307617,36100,0.0,0.0
2024-06-17 00:00:00-04:00,19.69848840108588,19.94125206503285,19.59444801203158,19.663808822631836,202800,0.0,0.0
2024-06-18 00:00:00-04:00,19.620455450239653,19.76784736571287,19.334341926520114,19.594446182250977,62200,0.0,0.0
2024-06-20 00:00:00-04:00,19.429712727812067,19.551093715828998,19.29099112616645,19.50774383544922,73800,0.0,0.0
2024-06-21 00:00:00-04:00,19.516418118627826,19.516418118627826,19.056901685995282,19.264984130859375,49500,0.0,0.0
2024-06-24 00:00:00-04:00,19.160942830265675,19.334344032616215,19.074241402244308,19.282323837280273,75000,0.0,0.0
2024-06-25 00:00:00-04:00,19.33434354385728,19.61178843725048,19.152272037938026,19.377695083618164,67100,0.0,0.0
2024-06-26 00:00:00-04:00,19.325675883893854,19.49040678238408,19.282324341902555,19.395036697387695,16200,0.0,0.0
2024-06-27 00:00:00-04:00,19.40370469678337,19.568437243402414,19.36989165275667,19.525087356567383,23300,0.0,0.0
2024-06-28 00:00:00-04:00,19.48173547165998,19.53809164650305,19.343013851809456,19.377695083618164,60900,0.0,0.0
2024-07-01 00:00:00-04:00,19.377695083618164,19.464396509447777,19.325674889597256,19.377695083618164,29600,0.0,0.0
2024-07-02 00:00:00-04:00,19.377695426159224,19.55109662719153,19.293595256597833,19.525087356567383,33100,0.0,0.0
2024-07-03 00:00:00-04:00,19.507744763674022,19.672477293601034,19.496473198909857,19.594446182250977,34900,0.0,0.0
2024-07-05 00:00:00-04:00,19.594447347887797,19.671610275521033,19.55976611691709,19.63346290588379,14200,0.0,0.0
2024-07-08 00:00:00-04:00,19.67248087010504,19.71669729520125,19.559768509356022,19.698490142822266,43300,0.0,0.0
2024-07-09 00:00:00-04:00,19.698487825429766,19.77651894178624,19.55543188123764,19.724498748779297,25800,0.0,0.0
2024-07-10 00:00:00-04:00,19.79386031342887,19.84588050842285,19.64646838286909,19.84588050842285,40900,0.0,0.0
2024-07-11 00:00:00-04:00,19.845878214610988,19.97593116760254,19.814666431960532,19.97593116760254,26900,0.0,0.0
2024-07-12 00:00:00-04:00,20.02795299669114,20.02795299669114,19.707158222036192,19.759180068969727,88600,0.0,0.0
2024-07-15 00:00:00-04:00,19.767846314576126,19.906567915446054,19.637795020472055,19.750507354736328,19700,0.0,0.0
2024-07-16 00:00:00-04:00,19.767849467241984,19.93258201468179,19.767849467241984,19.776519775390625,11600,0.0,0.0
2024-07-17 00:00:00-04:00,19.73317031289227,19.958593368530273,19.655139191567873,19.958593368530273,71500,0.0,0.0
2024-07-18 00:00:00-04:00,19.93258111236667,19.93258111236667,19.837209380741125,19.89790153503418,14600,0.0,0.0
2024-07-19 00:00:00-04:00,19.811198188292114,19.871888683002442,19.698485852094116,19.79385757446289,13900,0.0,0.0
2024-07-22 00:00:00-04:00,19.88923212763077,19.88923212763077,19.75051050463689,19.776519775390625,7000,0.0,0.0
2024-07-23 00:00:00-04:00,19.7244978949023,19.742705044351148,19.481734248558983,19.568435668945312,14100,0.0,0.0
2024-07-24 00:00:00-04:00,19.467863225021787,19.55109520011282,19.377694011737457,19.42971420288086,23000,0.0,0.0
2024-07-25 00:00:00-04:00,19.525086283747893,19.73316870576873,19.525086283747893,19.577106475830078,13300,0.0,0.0
2024-07-26 00:00:00-04:00,19.59444974456874,19.715830760428627,19.59444974456874,19.698490142822266,11700,0.0,0.0
2024-07-29 00:00:00-04:00,19.481733841993332,19.68114760082793,19.481733841993332,19.594446182250977,7600,0.0,0.0
2024-07-30 00:00:00-04:00,19.50774383544922,19.551093715828998,19.421042420997725,19.50774383544922,38300,0.0,0.0
2024-07-31 00:00:00-04:00,19.646467381548348,19.646467381548348,18.727436266264643,19.0135498046875,140800,0.0,0.0
2024-08-01 00:00:00-04:00,19.16094373917556,19.39156766344307,19.056901689876188,19.36902618408203,67400,0.0,0.0
2024-08-02 00:00:00-04:00,19.247641175177094,19.50774376388546,19.238970868394556,19.476531982421875,45800,0.0,0.0
2024-08-05 00:00:00-04:00,19.074241895354195,19.369025766032323,18.7447784447863,19.29099464416504,41500,0.0,0.0
2024-08-06 00:00:00-04:00,19.37769632509311,19.473066411292844,19.03089225324803,19.403705596923828,45900,0.0,0.0
2024-08-07 00:00:00-04:00,19.48173547165998,19.513815445713817,19.36035446771381,19.377695083618164,29800,0.0,0.0
2024-08-08 00:00:00-04:00,19.334342474374573,19.460059452188847,19.28232228323117,19.42971420288086,44200,0.0,0.0
2024-08-09 00:00:00-04:00,19.379427912097245,19.481735229492188,19.369024534899243,19.481735229492188,38900,0.0,0.0
2024-08-12 00:00:00-04:00,19.395034362620816,19.41237332363784,19.251976771809105,19.31700325012207,32400,0.0,0.0
2024-08-13 00:00:00-04:00,19.33434147200258,19.377693007117944,19.247641709155804,19.35601806640625,22200,0.0,0.0
2024-08-14 00:00:00-04:00,19.31700400941514,19.44705531746096,19.282322778633798,19.438385009765625,42800,0.0,0.0
2024-08-15 00:00:00-04:00,19.455726124568287,19.47306508671193,19.30399821654335,19.44705581665039,17400,0.0,0.0
2024-08-16 00:00:00-04:00,19.42971603064834,19.507747151549918,19.42971603064834,19.49907684326172,24700,0.0,0.0
2024-08-19 00:00:00-04:00,19.507747158970123,19.603118896484375,19.464397271204852,19.603118896484375,26200,0.0,0.0
2024-08-20 00:00:00-04:00,19.559767685523212,19.67248004152493,19.533758413901467,19.646469116210938,25100,0.0,0.0
2024-08-21 00:00:00-04:00,19.68114912047999,19.837209701538086,19.61178831100123,19.837209701538086,66400,0.0,0.0
2024-08-22 00:00:00-04:00,19.906570434570312,19.906570434570312,19.715828622659267,19.906570434570312,115700,0.0,0.0
2024-08-23 00:00:00-04:00,19.90656821245122,20.0973116567622,19.8198684508829,19.967260360717773,64200,0.0,0.0
2024-08-26 00:00:00-04:00,20.027951356583966,20.04529197080844,19.880559443059933,19.97593116760254,32200,0.0,0.0
2024-08-27 00:00:00-04:00,19.941249939153593,20.01928104947173,19.897900057284406,19.97593116760254,29200,0.0,0.0
2024-08-28 00:00:00-04:00,20.010611579264157,20.07130207789608,19.984600656839593,20.027952194213867,35500,0.0,0.0
2024-08-29 00:00:00-04:00,19.98460063957069,20.07130206055226,19.906569526056483,19.92391014099121,316900,0.0,0.0
2024-08-30 00:00:00-04:00,20.03945488053061,20.092377189032987,19.915972858657806,19.924793243408203,36300,0.391,0.0
2024-09-03 00:00:00-04:00,20.0218145522438,20.039453638334816,19.880691769618053,19.977712631225586,26400,0.0,0.0
2024-09-04 00:00:00-04:00,19.99535297157095,20.286418914794922,19.960071435511686,20.286418914794922,72000,0.0,0.0
2024-09-05 00:00:00-04:00,20.286419512705557,20.321701049804688,20.2070377365488,20.321701049804688,28700,0.0,0.0
2024-09-06 00:00:00-04:00,20.295241343811654,20.321702498522395,20.07473676817135,20.224679946899414,27400,0.0,0.0
2024-09-09 00:00:00-04:00,20.286419512705557,20.321701049804688,20.04827418423528,20.321701049804688,32400,0.0,0.0
2024-09-10 00:00:00-04:00,20.26878247605359,20.423136705807632,20.198221071179816,20.401084899902344,36100,0.0,0.0
2024-09-11 00:00:00-04:00,20.259961725676376,20.39226582946156,20.207041093552238,20.36580467224121,29900,0.0,0.0
2024-09-12 00:00:00-04:00,20.356980772396312,20.41872177960258,20.295239765190043,20.383441925048828,20600,0.0,0.0
2024-09-13 00:00:00-04:00,20.418723255281755,20.42754364013672,20.33052108904852,20.42754364013672,40600,0.0,0.0
2024-09-16 00:00:00-04:00,20.46282386779785,20.542205644087396,20.030633449191978,20.46282386779785,58800,0.0,0.0
2024-09-17 00:00:00-04:00,20.40990172744801,20.67450821132944,20.40990172744801,20.542205810546875,50100,0.0,0.0
2024-09-18 00:00:00-04:00,20.551026282415993,20.683330376908692,20.551026282415993,20.60394859313965,21900,0.0,0.0
2024-09-19 00:00:00-04:00,20.65686758081784,20.842090606689453,20.639226811977785,20.842090606689453,43200,0.0,0.0
2024-09-20 00:00:00-04:00,20.895013078285675,21.009674712019248,20.718608753124133,20.921472549438477,35200,0.0,0.0
2024-09-23 00:00:00-04:00,20.859733192707427,21.00085599108902,20.595128366321063,20.683330535888672,61700,0.0,0.0
2024-09-24 00:00:00-04:00,20.595129013061523,20.648049643537348,20.533387997120307,20.595129013061523,34400,0.0,0.0
2024-09-25 00:00:00-04:00,20.656869765377515,20.930294982049062,20.49810619365968,20.85973358154297,192200,0.0,0.0
2024-09-26 00:00:00-04:00,20.859734683151096,20.947936859020817,20.859734683151096,20.868555068969727,54400,0.0,0.0
2024-09-27 00:00:00-04:00,20.88619553260978,20.992036796239397,20.70979118347168,20.70979118347168,67800,0.0,0.0
2024-09-30 00:00:00-04:00,20.78034935874166,20.903833056883574,20.700967582191964,20.74506950378418,166500,0.0,0.0
2024-10-01 00:00:00-04:00,20.692151955699092,21.036140293947764,20.692151955699092,20.956758499145508,51500,0.0,0.0
2024-10-02 00:00:00-04:00,20.94793657328298,21.03613874794959,20.842093627219743,20.992036819458008,27500,0.0,0.0
2024-10-03 00:00:00-04:00,21.02731470899665,21.097876100007394,20.88619192697516,21.071414947509766,34100,0.0,0.0
2024-10-04 00:00:00-04:00,20.965577427037694,21.05377960205078,20.771532305545588,21.05377960205078,39700,0.0,0.0
2024-10-07 00:00:00-04:00,20.992034839369385,21.05201278353385,20.85091204614094,20.974395751953125,25700,0.0,0.0
2024-10-08 00:00:00-04:00,20.974399271838603,20.992038362215023,20.930297340105863,20.956758499145508,18700,0.0,0.0
2024-10-09 00:00:00-04:00,20.956755191728753,20.974395961637764,20.895014179363624,20.930294036865234,40800,0.0,0.0
2024-10-10 00:00:00-04:00,20.824452573858355,20.974395751953125,20.797991419259375,20.974395751953125,20500,0.0,0.0
2024-10-11 00:00:00-04:00,20.974396418555667,21.097878445975926,20.912653722529086,21.02731704711914,24500,0.0,0.0
2024-10-14 00:00:00-04:00,21.027315572355075,21.027315572355075,20.9038335535953,20.98321533203125,34500,0.0,0.0
2024-10-15 00:00:00-04:00,21.018495993968365,21.08023700571626,20.95675498222047,20.974395751953125,29800,0.0,0.0
2024-10-16 00:00:00-04:00,20.939112113205663,21.09787566024968,20.9311749452432,21.067005157470703,21300,0.0,0.0
2024-10-17 00:00:00-04:00,21.027315572355075,21.036135956883104,20.921472640335033,20.98321533203125,21400,0.0,0.0
2024-10-18 00:00:00-04:00,20.99203470315181,21.146388913836333,20.93911407661364,21.036136627197266,43200,0.0,0.0
2024-10-21 00:00:00-04:00,21.071418596851963,21.071418596851963,20.7891729839271,20.850914001464844,60600,0.0,0.0
2024-10-22 00:00:00-04:00,20.85091065229407,20.965573965574883,20.81563079750355,20.947933197021484,49500,0.0,0.0
2024-10-23 00:00:00-04:00,20.965573462221112,20.965573462221112,20.700966987221793,20.814748764038086,42300,0.0,0.0
2024-10-24 00:00:00-04:00,20.771532212540155,20.965577333163417,20.71861158069588,20.850914001464844,29100,0.0,0.0
2024-10-25 00:00:00-04:00,20.97439771885689,20.97439771885689,20.793584017932112,20.850914001464844,12000,0.0,0.0
2024-10-28 00:00:00-04:00,20.903835138335797,20.903835138335797,20.771531042701557,20.824453353881836,17700,0.0,0.0
2024-10-29 00:00:00-04:00,20.815631135745686,20.859731375529506,20.727428973861738,20.842090606689453,18100,0.0,0.0
2024-10-30 00:00:00-04:00,20.859731002285255,20.903832923596266,20.656867211203437,20.80681037902832,27400,0.0,0.0
2024-10-31 00:00:00-04:00,20.895014806232755,20.895014806232755,20.700969696044922,20.700969696044922,150400,0.0,0.0
2024-11-01 00:00:00-04:00,20.79799123283087,20.79799123283087,20.68332959522921,20.753890991210938,22300,0.0,0.0
2024-11-04 00:00:00-05:00,20.753892321942075,20.94793575275471,20.74507193658925,20.85973358154297,18900,0.0,0.0
2024-11-05 00:00:00-05:00,20.736249449199583,20.912652091424608,20.727429064740885,20.903833389282227,25100,0.0,0.0
2024-11-06 00:00:00-05:00,20.824451684684323,20.947933702907605,20.75389029108297,20.921472549438477,92300,0.0,0.0
2024-11-07 00:00:00-05:00,20.88619192697516,21.115516868339142,20.81563053596442,21.071414947509766,50000,0.0,0.0
2024-11-08 00:00:00-05:00,21.071416669947787,21.30956201494433,21.071416669947787,21.256641387939453,79900,0.0,0.0
2024-11-11 00:00:00-05:00,21.256640954460035,21.344843119213753,21.168438789706318,21.30074119567871,42800,0.0,0.0
2024-11-12 00:00:00-05:00,21.124338223354503,21.291920483259236,21.124338223354503,21.141977310180664,107000,0.0,0.0
2024-11-13 00:00:00-05:00,21.1596194799572,21.300742277805966,21.05377822272885,21.168439865112305,110500,0.0,0.0
2024-11-14 00:00:00-05:00,21.265461147481357,21.300741003675014,20.87296328429746,21.080236434936523,88000,0.0,0.0
2024-11-15 00:00:00-05:00,21.08023705483467,21.265461772826335,21.009675658056032,21.256641387939453,156600,0.0,0.0
2024-11-18 00:00:00-05:00,21.141979810082248,21.30074338650483,21.141979810082248,21.177261352539062,29200,0.0,0.0
2024-11-19 00:00:00-05:00,21.168436813733678,21.212537050835806,20.965573031357952,21.01849365234375,23300,0.0,0.0
2024-11-20 00:00:00-05:00,21.0802361056206,21.0802361056206,20.859731540326834,20.921472549438477,38300,0.0,0.0
2024-11-21 00:00:00-05:00,20.921476953759313,21.159622338166084,20.921476953759313,20.956758499145508,48500,0.0,0.0
2024-11-22 00:00:00-05:00,20.95675564826236,21.1666750948768,20.93911487796905,21.02731704711914,18000,0.0,0.0
2024-11-25 00:00:00-05:00,21.15079685517108,21.15079685517108,20.969101650701468,21.009674072265625,17300,0.0,0.0
2024-11-26 00:00:00-05:00,20.97439341524162,21.067004922545816,20.93911187970695,21.01849365234375,44500,0.0,0.0
2024-11-27 00:00:00-05:00,21.02731750098212,21.18608107241582,20.974396871276383,21.124340057373047,102700,0.0,0.0
2024-11-29 00:00:00-05:00,21.23283502512257,21.239111595869428,20.97280371105283,21.008670806884766,192200,0.391,0.0
2024-12-02 00:00:00-05:00,20.98176958859436,21.179035186767578,20.98176958859436,21.179035186767578,220600,0.0,0.0
2024-12-03 00:00:00-05:00,21.161101456926087,21.474931688389095,21.13868537830098,21.277666091918945,30400,0.0,0.0
2024-12-04 00:00:00-05:00,21.376297323987973,21.430096250794005,21.322498397181942,21.36733055114746,12500,0.0,0.0
2024-12-05 00:00:00-05:00,21.36733311448282,21.39423343623146,21.25973353772551,21.34939956665039,38600,0.0,0.0
2024-12-06 00:00:00-05:00,21.295599894987042,21.326086583197622,21.13420139056603,21.223867416381836,14600,0.0,0.0
2024-12-09 00:00:00-05:00,21.20952023656592,21.223867416381836,21.15213493777663,21.223867416381836,22000,0.0,0.0
2024-12-10 00:00:00-05:00,21.125232605733835,21.250765714019465,21.125232605733835,21.18889617919922,30400,0.0,0.0
2024-12-11 00:00:00-05:00,21.152134015430264,21.21489971769325,21.152134015430264,21.19696617126465,39100,0.0,0.0
2024-12-12 00:00:00-05:00,21.19696708244263,21.19696708244263,21.02660351475899,21.125234603881836,85800,0.0,0.0
2024-12-13 00:00:00-05:00,21.07143467550134,21.10461156522689,20.936936498343435,21.05350112915039,39500,0.0,0.0
2024-12-16 00:00:00-05:00,21.017636073519938,21.071435003172276,20.93693682392286,21.04453468322754,60200,0.0,0.0
2024-12-17 00:00:00-05:00,21.04453469942472,21.196966425421284,20.999702543052788,21.14316749572754,136200,0.0,0.0
2024-12-18 00:00:00-05:00,21.06247039254115,21.13420287618877,20.851755473597443,20.892105102539062,28700,0.0,0.0
2024-12-19 00:00:00-05:00,20.892104118867326,21.009566632514858,20.802439801207488,20.919004440307617,37800,0.0,0.0
2024-12-20 00:00:00-05:00,20.892102811233613,21.08936840230779,20.79167768718836,20.954870223999023,57400,0.0,0.0
2024-12-23 00:00:00-05:00,20.927972199481527,20.981771134657915,20.84727294159829,20.892105102539062,14700,0.0,0.0
2024-12-24 00:00:00-05:00,20.847270546995375,20.89210270278654,20.515506779334558,20.712772369384766,77800,0.0,0.0
2024-12-26 00:00:00-05:00,20.578275097038333,20.67421598306147,20.33617734054678,20.641040802001953,61300,0.0,0.0
2024-12-27 00:00:00-05:00,20.551374362671755,20.650007160050997,20.42584295527065,20.506542205810547,42100,0.0,0.0
2024-12-30 00:00:00-05:00,20.506542618474597,20.676906186165226,20.358593419428473,20.641040802001953,40300,0.0,0.0
2024-12-31 00:00:00-05:00,20.551375114102946,20.83830503307502,20.372043059626787,20.7307071685791,273200,0.0,0.0
2025-01-02 00:00:00-05:00,20.784504129241736,21.152133266831637,20.74863703765391,21.071434020996094,59300,0.0,0.0
2025-01-03 00:00:00-05:00,21.053502138355526,21.376299147197546,21.053502138355526,21.223867416381836,38400,0.0,0.0
2025-01-06 00:00:00-05:00,21.170069405778506,21.34939975497289,21.12523553580196,21.250768661499023,42700,0.0,0.0
2025-01-07 00:00:00-05:00,21.304564985605772,21.304564985605772,21.026601866748372,21.071434020996094,64300,0.0,0.0
2025-01-08 00:00:00-05:00,20.954870535967366,21.026603012815777,20.730706332036437,20.847270965576172,35700,0.0,0.0
2025-01-10 00:00:00-05:00,20.658974593910663,20.729809198787397,20.38100973972611,20.488609313964844,56400,0.0,0.0
2025-01-13 00:00:00-05:00,20.551372504035207,20.551372504035207,20.21960875846018,20.452739715576172,52700,0.0,0.0
2025-01-14 00:00:00-05:00,20.488608658971202,20.578274682930772,20.45274156529251,20.506542205810547,19900,0.0,0.0
2025-01-15 00:00:00-05:00,20.712774748538667,20.910038651010296,20.712774748538667,20.892105102539062,46500,0.0,0.0
2025-01-16 00:00:00-05:00,20.892103122267496,21.008669466044385,20.81140387203339,20.847270965576172,22400,0.0,0.0
2025-01-17 00:00:00-05:00,20.793470557415713,21.06963963302045,20.793470557415713,20.981767654418945,36000,0.0,0.0
2025-01-21 00:00:00-05:00,20.999702543052788,21.16110104237117,20.945903613359043,21.14316749572754,103300,0.0,0.0
2025-01-22 00:00:00-05:00,21.03556758279944,21.11088813542601,21.03556758279944,21.05350112915039,21300,0.0,0.0
2025-01-23 00:00:00-05:00,20.91900412482924,21.08936940424068,20.901070577472836,21.02660369873047,80800,0.0,0.0
2025-01-24 00:00:00-05:00,20.98176924926907,21.08936882019043,20.98176924926907,21.08936882019043,21400,0.0,0.0
2025-01-27 00:00:00-05:00,20.95487013542701,21.22386649090755,20.95487013542701,21.19696617126465,19900,0.0,0.0
2025-01-28 00:00:00-05:00,21.196965266232887,21.286631284310367,21.07412406993978,21.26869773864746,44300,0.0,0.0
2025-01-29 00:00:00-05:00,21.214899808316705,21.421130462415213,21.11626701277519,21.340431213378906,79600,0.0,0.0
2025-01-30 00:00:00-05:00,21.313531699641707,21.41216278076172,21.29559815389732,21.41216278076172,36500,0.0,0.0
2025-01-31 00:00:00-05:00,21.37629832329816,21.48389618194026,21.27766552767862,21.439064025878906,127300,0.0,0.0
2025-02-03 00:00:00-05:00,21.304567346974352,21.430098760971347,21.295600573083533,21.403200149536133,26000,0.0,0.0
2025-02-04 00:00:00-05:00,21.270494290284134,21.403200149536133,21.26870025141107,21.403200149536133,28200,0.0,0.0
2025-02-05 00:00:00-05:00,21.43009444737664,21.555627546342727,21.43009444737664,21.510793685913086,95800,0.0,0.0
2025-02-06 00:00:00-05:00,21.48389618194026,21.51976327497905,21.340431230259373,21.439064025878906,290100,0.0,0.0
2025-02-07 00:00:00-05:00,20.730706024335984,21.4265108684142,20.730706024335984,21.340431213378906,194500,0.0,0.0
2025-02-10 00:00:00-05:00,21.412165213189706,21.439065534862166,21.17903593297736,21.403200149536133,134100,0.0,0.0
2025-02-11 00:00:00-05:00,21.42113197708793,21.45699907263448,21.223868082293638,21.304567337036133,218500,0.0,0.0
2025-02-12 00:00:00-05:00,21.2687011622296,21.349400420465635,21.179036839956073,21.33146858215332,179200,0.0,0.0
2025-02-13 00:00:00-05:00,21.421130405714134,21.430097178943,21.32249932067082,21.39423179626465,38500,0.0,0.0
2025-02-14 00:00:00-05:00,21.44803237915039,21.492864538514397,21.421132057389634,21.44803237915039,48100,0.0,0.0
2025-02-18 00:00:00-05:00,21.49286519643051,21.49286519643051,21.430099487304688,21.430099487304688,42000,0.0,0.0
2025-02-19 00:00:00-05:00,21.49286388169758,21.519764202636267,21.430098176411178,21.465965270996094,19800,0.0,0.0
2025-02-20 00:00:00-05:00,21.519764117607853,21.519764117607853,21.223867429400233,21.322500228881836,19900,0.0,0.0
2025-02-21 00:00:00-05:00,21.322500313130828,21.465965270996094,21.322500313130828,21.465965270996094,29300,0.0,0.0
2025-02-24 00:00:00-05:00,21.465963090361235,21.465963090361235,21.35925969197669,21.42112922668457,21000,0.0,0.0
2025-02-25 00:00:00-05:00,21.465964704061008,21.69012890858476,21.390645859706563,21.627363204956055,24700,0.0,0.0
2025-02-26 00:00:00-05:00,21.5870123286559,21.65426055997336,21.497346309995567,21.60942840576172,28400,0.0,0.0
2025-02-27 00:00:00-05:00,21.492864036405123,21.6901296375677,21.492864036405123,21.65426254272461,29400,0.0,0.0
2025-02-28 00:00:00-05:00,21.718971106628626,21.864797043436607,21.600488184865497,21.737199783325195,34700,0.391,0.0
2025-03-03 00:00:00-05:00,21.682515491617774,21.827428777723323,21.55491649312407,21.737199783325195,27100,0.0,0.0
2025-03-04 00:00:00-05:00,21.791884221334907,21.828341574972807,21.68251563718581,21.718971252441406,27600,0.0,0.0
2025-03-05 00:00:00-05:00,21.69162809158377,21.83745402839175,21.618715123179776,21.737199783325195,38200,0.0,0.0
2025-03-06 00:00:00-05:00,21.60048949753317,21.73720110430087,21.55491780302234,21.69162940979004,25500,0.0,0.0
2025-03-07 00:00:00-05:00,21.6642880075876,21.709857963455462,21.58226069631954,21.609601974487305,32800,0.0,0.0
2025-03-10 00:00:00-04:00,21.50934818513235,21.636945455004373,21.50934818513235,21.57314682006836,39600,0.0,0.0
2025-03-11 00:00:00-04:00,21.57770385249031,21.60049057006836,21.527577593613056,21.60049057006836,23200,0.0,0.0
2025-03-12 00:00:00-04:00,21.60049010623372,21.71897303853593,21.527577131344103,21.636945724487305,20700,0.0,0.0
2025-03-13 00:00:00-04:00,21.57314755200419,21.63694618910477,21.528488506033785,21.60049057006836,18000,0.0,0.0
2025-03-14 00:00:00-04:00,21.57314755200419,21.700744826205348,21.55309704845329,21.60049057006836,19200,0.0,0.0
2025-03-17 00:00:00-04:00,21.60048949753317,21.782771060429305,21.60048949753317,21.69162940979004,27400,0.0,0.0
2025-03-18 00:00:00-04:00,21.60960273327903,21.655174429129463,21.52757715751314,21.53668975830078,21700,0.0,0.0
2025-03-19 00:00:00-04:00,21.545803048646714,21.672489401693824,21.513903732295454,21.646059036254883,25600,0.0,0.0
2025-03-20 00:00:00-04:00,21.582262569810208,21.74449364330615,21.582262569810208,21.70985984802246,12700,0.0,0.0
2025-03-21 00:00:00-04:00,21.700744748691953,21.819229421497653,21.554918796302232,21.782772064208984,44900,0.0,0.0
2025-03-24 00:00:00-04:00,21.782771500434006,21.782771500434006,21.69162984795371,21.755430221557617,15000,0.0,0.0
2025-03-25 00:00:00-04:00,21.75542827449261,21.846568180433643,21.682515306710414,21.837453842163086,29800,0.0,0.0
2025-03-26 00:00:00-04:00,21.80099971486896,21.831988119426637,21.73720108100457,21.791885375976562,58700,0.0,0.0
2025-03-27 00:00:00-04:00,21.709856309038006,21.805554252097206,21.68251503295381,21.77365493774414,70500,0.0,0.0
2025-03-28 00:00:00-04:00,21.691629725942473,21.846570012772737,21.65517410818487,21.673402786254883,243300,0.0,0.0
2025-03-31 00:00:00-04:00,21.57314618908093,21.746315149115432,21.509347556010947,21.728086471557617,340400,0.0,0.0
2025-04-01 00:00:00-04:00,21.673403322212202,21.810114934353166,21.664288982951806,21.801000595092773,71300,0.0,0.0
2025-04-02 00:00:00-04:00,21.709857793999802,21.771834602343425,21.655173499708727,21.728086471557617,23700,0.0,0.0
2025-04-03 00:00:00-04:00,21.536689585493114,21.718972890667345,21.536689585493114,21.655174255371094,33200,0.0,0.0
2025-04-04 00:00:00-04:00,21.564030942533513,21.591373957719195,21.235921713834546,21.254150390625,98600,0.0,0.0
2025-04-07 00:00:00-04:00,20.962497249924226,20.962497249924226,20.25159454345703,20.25159454345703,48500,0.0,0.0
2025-04-08 00:00:00-04:00,20.37008248271813,20.679963065901216,20.37008248271813,20.588821411132812,58200,0.0,0.0
2025-04-09 00:00:00-04:00,20.515906848933604,21.067311296999417,20.43387953982172,21.017183303833008,34000,0.0,0.0
2025-04-10 00:00:00-04:00,20.82578738487797,20.82578738487797,20.53413550319838,20.5523624420166,68600,0.0,0.0
2025-04-11 00:00:00-04:00,20.506789698094074,20.752871591682908,20.253417029969633,20.64350128173828,46000,0.0,0.0
2025-04-14 00:00:00-04:00,20.643504832893843,21.09921134902122,20.597934876634064,21.044527053833008,32300,0.0,0.0
2025-04-15 00:00:00-04:00,20.989841899863457,21.008068838592187,20.825787282628568,20.935155868530273,37700,0.0,0.0
2025-04-16 00:00:00-04:00,20.862245115199865,20.962501111581137,20.784775836819804,20.91693115234375,26900,0.0,0.0
2025-04-17 00:00:00-04:00,20.844017053611903,20.958854596349948,20.74376106262207,20.74376106262207,8200,0.0,0.0
2025-04-21 00:00:00-04:00,20.607050769693817,20.771105406013444,20.051088221806765,20.698190689086914,16000,0.0,0.0
2025-04-22 00:00:00-04:00,20.70730334518268,21.053641268896016,20.70730334518268,20.962499618530273,31600,0.0,0.0
2025-04-23 00:00:00-04:00,21.272380923303615,21.491119848725823,21.22681096573407,21.45466423034668,53400,0.0,0.0
2025-04-24 00:00:00-04:00,21.436434065008314,21.664287313815677,21.31794940213438,21.500232696533203,35000,0.0,0.0
2025-04-25 00:00:00-04:00,21.482004019416856,21.53668831238357,21.372635433483428,21.500232696533203,7700,0.0,0.0
2025-04-28 00:00:00-04:00,21.47288907550717,21.573145058438392,21.399976107479628,21.554916381835938,20500,0.0,0.0
2025-04-29 00:00:00-04:00,21.54580471062179,21.618717687674998,21.463777394139118,21.482006072998047,16600,0.0,0.0
2025-04-30 00:00:00-04:00,21.43643494258141,21.600489566580016,21.372636308444708,21.509347915649414,25900,0.0,0.0
2025-05-01 00:00:00-04:00,21.454663620444013,21.636945183922816,21.35440763058211,21.509347915649414,16500,0.0,0.0
2025-05-02 00:00:00-04:00,21.600489081005186,21.750871324035078,21.536688709920302,21.646059036254883,46000,0.0,0.0
2025-05-05 00:00:00-04:00,21.69163063542539,21.69163063542539,21.52757774106416,21.58226203918457,5300,0.0,0.0
2025-05-06 00:00:00-04:00,21.527576088370083,21.746315002441406,21.41820576214324,21.746315002441406,21600,0.0,0.0
2025-05-07 00:00:00-04:00,21.709857967642264,21.74631532304949,21.627830656358384,21.660642623901367,59000,0.0,0.0
2025-05-08 00:00:00-04:00,21.64606052845949,21.64606052845949,21.527577593613056,21.60049057006836,42000,0.0,0.0
2025-05-09 00:00:00-04:00,21.527575105314533,21.5676761077812,21.518460767013305,21.554916381835938,16700,0.0,0.0
2025-05-12 00:00:00-04:00,21.600489081005186,21.69162899150458,21.491118754670605,21.646059036254883,22600,0.0,0.0
2025-05-13 00:00:00-04:00,21.536690194585297,21.650616828945612,21.53213389409918,21.60049057006836,9300,0.0,0.0
2025-05-14 00:00:00-04:00,21.591376526739833,21.664289504194798,21.509349209805183,21.56403350830078,12000,0.0,0.0
2025-05-15 00:00:00-04:00,21.627831849750045,21.627831849750045,21.463777218129998,21.60049057006836,14600,0.0,0.0
2025-05-16 00:00:00-04:00,21.60049034651152,21.801000595092773,21.472891335248484,21.801000595092773,37900,0.0,0.0
2025-05-19 00:00:00-04:00,21.728086471557617,21.773656427069785,21.646970073292998,21.728086471557617,15500,0.0,0.0
2025-05-20 00:00:00-04:00,21.782769882925432,21.828341574972807,21.591373991473354,21.718971252441406,14300,0.0,0.0
2025-05-21 00:00:00-04:00,21.718973133173073,21.96505507639121,21.463776850756215,21.819229125976562,278400,0.0,0.0
2025-05-22 00:00:00-04:00,21.828340966677043,21.828340966677043,21.58225905162574,21.77365493774414,88400,0.0,0.0
2025-05-23 00:00:00-04:00,21.70074336817439,22.05619562559651,21.70074336817439,22.010623931884766,252300,0.0,0.0
2025-05-27 00:00:00-04:00,22.165564951761368,22.165564951761368,22.01973900379313,22.037967681884766,38300,0.0,0.0
2025-05-28 00:00:00-04:00,21.965054122974042,22.056195772622704,21.93771110656473,21.992395401000977,35600,0.0,0.0
2025-05-29 00:00:00-04:00,22.010623179008864,22.211135147717258,22.010623179008864,22.08353614807129,46800,0.0,0.0
2025-05-30 00:00:00-04:00,22.09372810689462,22.45500862425017,21.843610010158557,22.39942741394043,129200,0.391,0.0
2025-06-02 00:00:00-04:00,22.334581211864528,22.334581211864528,22.16783582271747,22.3253173828125,110800,0.0,0.0
2025-06-03 00:00:00-04:00,22.3253173828125,22.362370932125888,22.26047234634303,22.3253173828125,47100,0.0,0.0
2025-06-04 00:00:00-04:00,22.288262392307225,22.362371258911693,22.11225493843083,22.34384536743164,97900,0.0,0.0
2025-06-05 00:00:00-04:00,22.3253173828125,22.334581211864528,22.195625542978828,22.3253173828125,71300,0.0,0.0
2025-06-06 00:00:00-04:00,22.26973726600239,22.297526987624686,22.214154288968178,22.27899932861328,125900,0.0,0.0
2025-06-09 00:00:00-04:00,22.20488994955176,22.251209096016602,22.20488994955176,22.241945266723633,185500,0.0,0.0
2025-06-10 00:00:00-04:00,22.23268102169963,22.371634924706306,22.15857215563642,22.33458137512207,166700,0.0,0.0
2025-06-11 00:00:00-04:00,22.306790398583317,22.3808992663436,22.28826273991955,22.37163543701172,61100,0.0,0.0
2025-06-12 00:00:00-04:00,22.32531773169694,22.385531738028746,22.29752624410655,22.353107452392578,174300,0.0,0.0
2025-06-13 00:00:00-04:00,22.186364219789017,22.186364219789017,21.937171980605296,22.01035499572754,7900,0.0,0.0
2025-06-16 00:00:00-04:00,21.954773292200336,21.954773292200336,21.55643747313683,21.741708755493164,20800,0.0,0.0
2025-06-17 00:00:00-04:00,21.815817694904986,21.87140067000338,21.815817694904986,21.862136840820312,26600,0.0,0.0
2025-06-18 00:00:00-04:00,21.862137259130286,21.862137259130286,21.713919523154743,21.769500732421875,12100,0.0,0.0
2025-06-20 00:00:00-04:00,21.834346608646356,21.885296788635245,21.797293056678438,21.825082778930664,26400,0.0,0.0
2025-06-23 00:00:00-04:00,21.843610601024913,21.876033121823856,21.76950172964235,21.834346771240234,13500,0.0,0.0
2025-06-24 00:00:00-04:00,21.86213832534111,22.012207774370697,21.713920582137025,21.954774856567383,7700,0.0,0.0
2025-06-25 00:00:00-04:00,22.047409382812177,22.130782083326007,22.038147319994955,22.065937042236328,12800,0.0,0.0
2025-06-26 00:00:00-04:00,21.95477355534565,22.121517181396484,21.95477355534565,22.121517181396484,2700,0.0,0.0
2025-06-27 00:00:00-04:00,22.14004558647672,22.19562679703451,21.93624663650161,22.047409057617188,64400,0.0,0.0
2025-06-30 00:00:00-04:00,22.075199963225455,22.380899263560465,21.88992691040039,21.88992691040039,69700,0.0,0.0
2025-07-01 00:00:00-04:00,21.880664396617732,21.88992645886263,21.260001979419787,21.491592407226562,12800,0.0,0.0
2025-07-02 00:00:00-04:00,21.769500478250894,22.028882396627065,21.769500478250894,21.871400833129883,30500,0.0,0.0
2025-07-03 00:00:00-04:00,22.052038967295648,22.232679203117844,22.010352623114017,22.22341537475586,20300,0.0,0.0
2025-07-07 00:00:00-04:00,22.08446453885811,22.135414718451507,22.01961949824646,22.056673049926758,13200,0.0,0.0
2025-07-08 00:00:00-04:00,22.115961349870567,22.302160263061523,22.06593702284828,22.302160263061523,14900,0.0,0.0
2025-07-09 00:00:00-04:00,22.3438448877566,22.556907653808594,22.325317229779543,22.556907653808594,9100,0.0,0.0
2025-07-10 00:00:00-04:00,22.556907653808594,22.556907653808594,22.39942609479305,22.556907653808594,4100,0.0,0.0
2025-07-11 00:00:00-04:00,22.556908560971696,22.686598638237356,22.41795465434495,22.492063522338867,24700,0.0,0.0
2025-07-14 00:00:00-04:00,22.492063870300548,22.519853591918945,22.28641144922931,22.519853591918945,17200,0.0,0.0
2025-07-15 00:00:00-04:00,22.325318473010913,22.519853591918945,22.31605464350651,22.519853591918945,18700,0.0,0.0
2025-07-16 00:00:00-04:00,22.51985192563632,22.64954376220703,22.482798377255175,22.64954376220703,6100,0.0,0.0
2025-07-17 00:00:00-04:00,22.58469830509661,22.788499017457948,22.567098266119018,22.74217987060547,30300,0.0,0.0
2025-07-18 00:00:00-04:00,22.723653978759263,22.74217987060547,22.668071002536287,22.74217987060547,6300,0.0,0.0
2025-07-21 00:00:00-04:00,22.658807150753866,22.73291778564453,22.64954508828732,22.73291778564453,15900,0.0,0.0
2025-07-22 00:00:00-04:00,22.686598476155346,22.72365379333496,22.677334646860444,22.72365379333496,20400,0.0,0.0
2025-07-23 00:00:00-04:00,22.686598150392054,22.70512580871582,22.65880666290641,22.70512580871582,29600,0.0,0.0
2025-07-24 00:00:00-04:00,22.603225708007812,22.65880691670692,22.54764449930871,22.603225708007812,8300,0.0,0.0
2025-07-25 00:00:00-04:00,22.51058941476211,22.77923516555641,22.51058941476211,22.73291778564453,13200,0.0,0.0
2025-07-28 00:00:00-04:00,22.732916718141485,22.788497924804688,22.69586140243621,22.788497924804688,18600,0.0,0.0
2025-07-29 00:00:00-04:00,22.788497660702017,23.381368569957782,22.64954376220703,22.64954376220703,54800,0.0,0.0
2025-07-30 00:00:00-04:00,22.68659782409668,22.844079383794153,22.53560076802978,22.68659782409668,18300,0.0,0.0
2025-07-31 00:00:00-04:00,23.038616476757298,23.80749662443449,22.452228285290804,23.668540954589844,160800,0.0,0.0
2025-08-01 00:00:00-04:00,23.770440956928443,23.821391132866417,23.522176347729236,23.640750885009766,40000,0.0,0.0
2025-08-04 00:00:00-04:00,23.557378833197472,23.557378833197472,23.010825276793135,23.19609832763672,46600,0.0,0.0
2025-08-05 00:00:00-04:00,23.16830693413592,23.372105877376633,22.973770053269764,23.325788497924805,14600,0.0,0.0
2025-08-06 00:00:00-04:00,23.33505151004646,23.33505151004646,23.159042293882433,23.279468536376953,26000,0.0,0.0
2025-08-07 00:00:00-04:00,23.159044048173065,23.233152918451427,21.797292894222632,21.815818786621094,66400,0.0,0.0
2025-08-08 00:00:00-04:00,21.88066533775662,21.88066533775662,20.268794336023735,20.46333122253418,39700,0.0,0.0
2025-08-11 00:00:00-04:00,20.769031358562593,20.769031358562593,18.267853824093024,19.184951782226562,99900,0.0,0.0
2025-08-12 00:00:00-04:00,19.22200725818411,19.314643791120606,18.813481720470634,18.94409942626953,51800,0.0,0.0
2025-08-13 00:00:00-04:00,18.990415412259388,19.685186707829853,18.953360095052805,19.22200584411621,33900,0.0,0.0
2025-08-14 00:00:00-04:00,19.222004304183933,19.356327167954632,18.619869582973966,18.647659301757812,43200,0.0,0.0
2025-08-15 00:00:00-04:00,18.582816919049364,18.81440736538261,17.934364729453193,18.082582473754883,85500,0.0,0.0
2025-08-18 00:00:00-04:00,18.064052497387117,18.527233330653456,17.717592725238237,18.175216674804688,51400,0.0,0.0
2025-08-19 00:00:00-04:00,18.30490759418379,18.71250724114857,18.203007240718907,18.47165298461914,34600,0.0,0.0
2025-08-20 00:00:00-04:00,18.406807933782154,18.5364980076254,17.813935238581454,17.989944458007812,71400,0.0,0.0
2025-08-21 00:00:00-04:00,18.082579582947243,18.193741989954866,17.767616484934635,18.026996612548828,37700,0.0,0.0
2025-08-22 00:00:00-04:00,18.05386364897635,18.434597661272743,18.017735952234048,18.230798721313477,98000,0.0,0.0
2025-08-25 00:00:00-04:00,18.240062557213314,19.13863277946581,18.173364047660225,18.47165298461914,168500,0.0,0.0
2025-08-26 00:00:00-04:00,18.471653910343157,19.045997209632294,18.471653910343157,18.656925201416016,36100,0.0,0.0
2025-08-27 00:00:00-04:00,18.684716431383965,19.36096007987839,18.58281607422364,18.999679565429688,222700,0.0,0.0
2025-08-28 00:00:00-04:00,19.222004100615763,19.286849132950845,19.0321000343939,19.23126792907715,102700,0.0,0.0
2025-08-29 00:00:00-04:00,19.392717725195592,21.281005637640185,19.17556324664758,19.56266212463379,1591500,0.391,0.0
2025-09-02 00:00:00-04:00,19.845907961090948,20.355744801338822,19.666520090998258,20.251890182495117,43600,0.0,0.0
2025-09-03 00:00:00-04:00,20.402952152678154,20.771167731661485,20.26132911385834,20.52569007873535,14500,0.0,0.0
2025-09-04 00:00:00-04:00,20.572898639629365,20.582338494922002,20.422779368949314,20.51624870300293,8600,0.0,0.0
2025-09-05 00:00:00-04:00,20.705077247790264,20.87502344803773,20.346301535976355,20.85614013671875,31900,0.0,0.0
2025-09-08 00:00:00-04:00,20.77116715702319,21.073292936631837,20.77116715702319,20.91278839111328,20400,0.0,0.0
2025-09-09 00:00:00-04:00,20.893906082315734,21.016645811678938,20.705078361404944,20.818374633789062,16600,0.0,0.0
2025-09-10 00:00:00-04:00,21.007202271719816,21.07329205815267,20.857083013501406,21.06385040283203,7000,0.0,0.0
2025-09-11 00:00:00-04:00,21.044970656839112,21.40374458503513,21.044970656839112,21.37541961669922,29800,0.0,0.0
2025-09-12 00:00:00-04:00,21.290447565333952,21.337655848228295,20.959998589132862,21.158267974853516,24800,0.0,0.0
2025-09-15 00:00:00-04:00,21.2432413653517,21.2432413653517,21.092178459707483,21.148826599121094,9900,0.0,0.0
2025-09-16 00:00:00-04:00,21.044969679880044,21.139382634993325,20.865581823703774,21.10161781311035,11400,0.0,0.0
2025-09-17 00:00:00-04:00,21.129941983754897,21.148825295999867,20.95999757598548,21.007204055786133,17400,0.0,0.0
2025-09-18 00:00:00-04:00,20.98832118704693,20.98832118704693,20.837258287518594,20.931673049926758,4600,0.0,0.0
2025-09-19 00:00:00-04:00,20.931673087713083,21.102562925582568,20.60122231909388,20.76927947998047,13000,0.0,0.0
2025-09-22 00:00:00-04:00,20.705077057171803,20.752283534222972,20.440716103574918,20.6767520904541,7300,0.0,0.0
2025-09-23 00:00:00-04:00,20.676753583384716,20.676753583384716,20.28021302476367,20.384069442749023,26900,0.0,0.0
2025-09-24 00:00:00-04:00,20.25189057147881,20.25189057147881,19.779818546976387,20.053619384765625,66100,0.0,0.0
2025-09-25 00:00:00-04:00,20.05361833886075,20.355744130654905,19.864790619395286,20.270771026611328,43000,0.0,0.0
2025-09-26 00:00:00-04:00,20.11026635659267,20.36518566722729,19.930880294275056,20.214122772216797,31100,0.0,0.0
2025-09-29 00:00:00-04:00,20.195239740313763,20.393510918273076,20.157474916443093,20.204681396484375,16300,0.0,0.0
2025-09-30 00:00:00-04:00,20.157474452533574,20.76172602705216,19.779817218459456,20.03473472595215,759400,0.0,0.0
2025-10-01 00:00:00-04:00,20.110266635590026,20.24244802116683,20.044176843207513,20.204681396484375,8500,0.0,0.0
2025-10-02 00:00:00-04:00,20.214122053285855,20.31042406016617,20.07722074679792,20.299095153808594,77600,0.0,0.0
2025-10-03 00:00:00-04:00,20.2046808361317,20.39351035268344,20.07250125503252,20.22356414794922,21400,0.0,0.0
2025-10-06 00:00:00-04:00,20.195239784635334,20.195239784635334,20.015853719435338,20.08194351196289,39600,0.0,0.0
2025-10-07 00:00:00-04:00,20.12915100299736,20.12915100299736,19.543782696231613,19.987529754638672,28400,0.0,0.0
2025-10-08 00:00:00-04:00,19.921439399312337,20.044177330893024,19.86479126172216,20.006412506103516,20600,0.0,0.0
2025-10-09 00:00:00-04:00,19.98752947383824,20.044177612223503,19.926159606780626,19.996971130371094,24700,0.0,0.0
2025-10-10 00:00:00-04:00,19.92143699251716,20.280210888325687,19.87422871621893,19.95920181274414,13100,0.0,0.0
2025-10-13 00:00:00-04:00,20.05361798378842,20.25188915665007,20.05361798378842,20.100826263427734,1300,0.0,0.0
2025-10-14 00:00:00-04:00,19.8647919337933,20.063061322472738,19.8647919337933,20.044178009033203,4300,0.0,0.0
2025-10-15 00:00:00-04:00,20.00641150496084,20.25188915665007,20.00641150496084,20.100826263427734,2400,0.0,0.0
2025-10-16 00:00:00-04:00,20.006412063244003,20.176358273064448,19.88367233356844,20.08194351196289,8900,0.0,0.0
2025-10-17 00:00:00-04:00,20.110266960711684,20.110266960711684,19.779817993456778,20.07250213623047,4300,0.0,0.0
2025-10-20 00:00:00-04:00,20.280211752861955,20.629545809114394,20.129148863891086,20.487924575805664,6400,0.0,0.0
2025-10-21 00:00:00-04:00,20.440716604777723,20.723960876464844,20.37934674245709,20.723960876464844,3300,0.0,0.0
2025-10-22 00:00:00-04:00,20.582337744006615,20.582337744006615,20.15747403967946,20.355743408203125,4700,0.0,0.0
2025-10-23 00:00:00-04:00,20.204680996930026,20.204680996930026,20.063059758795,20.157474517822266,1600,0.0,0.0
2025-10-24 00:00:00-04:00,20.695636285315814,20.695636285315814,20.235838624249308,20.67486572265625,800,0.0,0.0
2025-10-27 00:00:00-04:00,20.497365552959714,20.497365552959714,20.15747493457088,20.450159072875977,6500,0.0,0.0
2025-10-28 00:00:00-04:00,20.133870681020873,20.67675237790316,19.941264866448552,20.299095153808594,14300,0.0,0.0
2025-10-29 00:00:00-04:00,20.26133083229095,20.620106586539585,20.26133083229095,20.591781616210938,13000,0.0,0.0
2025-10-30 00:00:00-04:00,20.60122154419515,20.60122154419515,19.93088017664387,20.157474517822266,2200,0.0,0.0
2025-10-31 00:00:00-04:00,20.157474755094405,20.308537650991482,20.015853515292363,20.270771026611328,2300,0.0,0.0
2025-11-03 00:00:00-05:00,20.459601055947815,20.459601055947815,20.015854013310662,20.31797981262207,10500,0.0,0.0
2025-11-04 00:00:00-05:00,20.138592550179077,20.251890628737208,20.015854615818647,20.176359176635742,2200,0.0,0.0
2025-11-05 00:00:00-05:00,20.01585483968579,20.374628790977486,20.01585483968579,20.044178009033203,2400,0.0,0.0
2025-11-06 00:00:00-05:00,20.31325806963216,20.31325806963216,20.02529385461419,20.07250213623047,4400,0.0,0.0
2025-11-07 00:00:00-05:00,20.015853719435338,20.08194351196289,20.00169033474244,20.08194351196289,5600,0.0,0.0
2025-11-10 00:00:00-05:00,20.223565435690293,20.223565435690293,20.091385846174543,20.119709014892578,1000,0.0,0.0
2025-11-11 00:00:00-05:00,20.16691583796809,20.296262741088867,20.16691583796809,20.296262741088867,900,0.0,0.0
2025-11-12 00:00:00-05:00,20.12915015542762,20.525690714622105,19.789257733028972,20.015853881835938,27200,0.0,0.0
2025-11-13 00:00:00-05:00,19.921439058682502,19.99697050778186,19.77981781672268,19.89311408996582,7000,0.0,0.0
2025-11-14 00:00:00-05:00,19.779816793901087,19.85534823909469,19.562662313259253,19.742050170898438,7900,0.0,0.0
2025-11-17 00:00:00-05:00,19.675961382266948,19.75149283130243,19.590988277000555,19.64763641357422,1400,0.0,0.0
2025-11-18 00:00:00-05:00,19.647636637286897,19.89311429965023,19.61931346908347,19.704286575317383,1700,0.0,0.0
2025-11-19 00:00:00-05:00,19.590987558519785,20.025292924343123,19.402158042450324,19.732608795166016,8200,0.0,0.0
2025-11-20 00:00:00-05:00,19.817582034488705,19.817582034488705,19.402158176747463,19.42104148864746,4300,0.0,0.0
2025-11-21 00:00:00-05:00,19.40215835971586,19.60042953491211,19.185005673253293,19.60042953491211,16800,0.0,0.0
2025-11-24 00:00:00-05:00,19.40215726722213,19.468248855773908,19.18878089502759,19.32662582397461,8400,0.0,0.0
2025-11-25 00:00:00-05:00,19.34551020249211,19.73260909559758,19.279420411105093,19.354951858520508,12400,0.0,0.0
2025-11-26 00:00:00-05:00,19.354952908107144,19.65707871415258,19.354952908107144,19.5957088470459,6600,0.0,0.0
2025-11-28 00:00:00-05:00,19.736200260481773,19.822804893106166,19.591859817903888,19.688085556030273,4300,0.391,0.0
2025-12-01 00:00:00-05:00,19.611103055678004,19.611103055678004,19.360913944399396,19.562990188598633,7900,0.0,0.0
2025-12-02 00:00:00-05:00,19.582237976306853,19.707332544126608,19.582237976306853,19.61110496520996,2700,0.0,0.0
2025-12-03 00:00:00-05:00,19.409026447902143,19.606292135853483,19.409026447902143,19.572612762451172,3600,0.0,0.0
2025-12-04 00:00:00-05:00,19.486010466237033,19.765070262542423,19.486010466237033,19.65921974182129,4700,0.0,0.0
2025-12-05 00:00:00-05:00,19.630348724136706,19.79201155313408,19.54374409602088,19.76506805419922,1900,0.0,0.0
2025-12-08 00:00:00-05:00,19.919032392668722,19.919032392668722,19.543745040893555,19.543745040893555,5100,0.0,0.0
2025-12-09 00:00:00-05:00,19.543745408603744,19.755446440610857,19.48600959777832,19.48600959777832,10300,0.0,0.0
2025-12-10 00:00:00-05:00,19.51487869823847,19.955599492836853,19.505255757066077,19.91903305053711,29300,0.0,0.0
2025-12-11 00:00:00-05:00,19.90844601965931,19.967145408688264,19.726577391716116,19.7362003326416,8900,0.0,0.0
2025-12-12 00:00:00-05:00,19.861295936237877,20.082619918362685,19.61110496520996,19.61110496520996,5900,0.0,0.0
2025-12-15 00:00:00-05:00,19.678463639132644,19.7650682681861,19.534121367118072,19.562990188598633,9200,0.0,0.0
2025-12-16 00:00:00-05:00,19.486010700961966,19.486010700961966,18.995251692691127,19.457141876220703,19200,0.0,0.0
2025-12-17 00:00:00-05:00,19.375348826420034,19.409028202867635,19.07223260300324,19.332046508789062,12700,0.0,0.0
2025-12-18 00:00:00-05:00,19.332046508789062,19.437897026417737,19.332046508789062,19.332046508789062,8600,0.0,0.0
2025-12-19 00:00:00-05:00,19.409028944308997,19.409028944308997,19.26468849182129,19.26468849182129,5400,0.0,0.0
2025-12-22 00:00:00-05:00,19.264686952143563,19.43981970236431,19.17808232049489,19.303176879882812,18800,0.0,0.0
2025-12-23 00:00:00-05:00,19.274310765955736,19.543745778499414,19.17808318916655,19.428274154663086,2900,0.0,0.0
2025-12-24 00:00:00-05:00,19.120346511191872,19.303176879882812,19.120346511191872,19.303176879882812,5300,0.0,0.0
2025-12-26 00:00:00-05:00,19.19251566421443,19.197328052261962,18.951947652709336,19.014495849609375,8400,0.0,0.0
2025-12-29 00:00:00-05:00,19.22619585259783,19.22619585259783,19.062609524436276,19.09147834777832,5200,0.0,0.0
2025-12-30 00:00:00-05:00,19.12996834675725,19.245441805159082,18.802797524626833,19.187705993652344,37000,0.0,0.0
2025-12-31 00:00:00-05:00,19.197328638060547,19.534122396134187,19.16845981505924,19.389781951904297,142100,0.0,0.0
2026-01-02 00:00:00-05:00,19.630350483530215,19.630350483530215,19.39940539965202,19.52450180053711,2800,0.0,0.0
2026-01-05 00:00:00-05:00,19.524502232095053,19.91903365519767,19.505256349166043,19.65921974182129,11500,0.0,0.0
2026-01-06 00:00:00-05:00,19.62072724202739,19.850710578877536,19.61110430092284,19.726577758789062,6500,0.0,0.0
2026-01-07 00:00:00-05:00,19.716954378701175,19.726577319591474,19.680387937473355,19.688085556030273,20800,0.0,0.0
2026-01-08 00:00:00-05:00,19.65921980530119,19.803560256958008,19.65921980530119,19.803560256958008,2000,0.0,0.0
2026-01-09 00:00:00-05:00,19.813180920757695,19.813180920757695,19.69770747147386,19.76506805419922,26900,0.0,0.0
2026-01-12 00:00:00-05:00,19.765069891355456,19.765069891355456,19.67846525518976,19.716955184936523,39100,0.0,0.0
2026-01-13 00:00:00-05:00,19.697708934607117,19.8324282746765,19.697708934607117,19.774690628051758,6100,0.0,0.0
2026-01-14 00:00:00-05:00,19.726578194345763,19.813182830810547,19.707332311711724,19.813182830810547,2500,0.0,0.0
2026-01-15 00:00:00-05:00,19.81318209659478,19.976768422145323,19.78431327371351,19.832427978515625,5200,0.0,0.0
2026-01-16 00:00:00-05:00,19.861295769934916,19.90941047668457,19.83242878127352,19.90941047668457,3400,0.0,0.0
2026-01-20 00:00:00-05:00,19.861293660203554,20.15959930419922,19.707330285735942,20.15959930419922,8100,0.0,0.0
2026-01-21 00:00:00-05:00,19.99601422458896,20.477150258367818,19.99601422458896,20.32318687438965,3200,0.0,0.0
2026-01-22 00:00:00-05:00,20.024881433889202,20.303941217559956,19.909409812320042,20.121109008789062,1000,0.0,0.0
2026-01-23 00:00:00-05:00,20.23658260715695,20.31356430053711,20.130732090488607,20.31356430053711,1300,0.0,0.0
2026-01-26 00:00:00-05:00,20.303942096854257,20.313565038299814,20.13073282161108,20.246206283569336,5400,0.0,0.0
2026-01-27 00:00:00-05:00,20.303942160811662,20.390546798706055,20.236583405869002,20.390546798706055,1200,0.0,0.0
2026-01-28 00:00:00-05:00,20.236582536788287,20.236582536788287,20.121109079425416,20.217336654663086,3900,0.0,0.0
2026-01-29 00:00:00-05:00,20.101863861083984,20.198091439499187,19.8805417155009,20.101863861083984,4200,0.0,0.0
2026-01-30 00:00:00-05:00,20.140354890846698,20.29431827653114,20.04412731594684,20.121109008789062,2300,0.0,0.0
2026-02-02 00:00:00-05:00,19.886314685462615,19.986391067504883,19.842050626009996,19.986391067504883,1800,0.0,0.0
2026-02-03 00:00:00-05:00,19.919033485504265,20.005638122558594,19.919033485504265,20.005638122558594,1100,0.0,0.0
2026-02-04 00:00:00-05:00,19.96714525891209,20.1307315826416,19.65921849315967,20.1307315826416,6000,0.0,0.0
2026-02-05 00:00:00-05:00,19.78431327371351,20.111485924814595,19.78431327371351,19.832427978515625,4500,0.0,0.0
2026-02-06 00:00:00-05:00,19.83242878127352,20.024882102106947,19.83242878127352,19.90941047668457,2400,0.0,0.0
2026-02-09 00:00:00-05:00,19.919031146576444,20.159599146726457,19.919031146576444,19.967144012451172,3800,0.0,0.0
2026-02-10 00:00:00-05:00,19.82280430764345,19.996013567776536,19.82280430764345,19.947898864746094,2200,0.0,0.0
2026-02-11 00:00:00-05:00,19.928654358703568,20.30394172668457,19.91903325282183,20.30394172668457,8800,0.0,0.0
2026-02-12 00:00:00-05:00,20.159601210011584,20.207714080810547,20.06337363302529,20.207714080810547,1800,0.0,0.0
2026-02-13 00:00:00-05:00,20.207712253862965,20.352052688598633,20.207712253862965,20.352052688598633,7500,0.0,0.0
2026-02-17 00:00:00-05:00,20.400167390435993,20.400167390435993,20.207712253862965,20.352052688598633,4500,0.0,0.0
2026-02-18 00:00:00-05:00,20.390547223567204,20.688851073980953,20.390547223567204,20.57337760925293,18000,0.0,0.0
2026-02-19 00:00:00-05:00,20.57337760925293,20.57337760925293,20.312601946605117,20.57337760925293,5800,0.0,0.0
2026-02-20 00:00:00-05:00,20.804322683847854,20.83318967091481,20.448281215119625,20.66960334777832,5100,0.0,0.0
2026-02-23 00:00:00-05:00,20.76583247045281,20.76583247045281,20.631114959716797,20.631114959716797,9200,0.0,0.0
2026-02-24 00:00:00-05:00,20.756210327148438,20.756210327148438,20.756210327148438,20.756210327148438,1300,0.0,0.0
2026-02-25 00:00:00-05:00,20.746586283124014,20.785078048706055,20.7369633417285,20.785078048706055,4200,0.0,0.0
2026-02-26 00:00:00-05:00,20.51179274919491,20.775455474853516,20.51179274919491,20.775455474853516,600,0.0,0.0
2026-02-27 00:00:00-05:00,20.44322774996802,20.747033574474262,20.38442517549013,20.4824275970459,14000,0.391,0.0
2026-03-02 00:00:00-05:00,20.56082965410049,20.815635208567,20.482428088821624,20.66863250732422,3100,0.0,0.0
2026-03-03 00:00:00-05:00,20.496146880571406,20.54122735687038,20.472626225710933,20.50202751159668,1900,0.0,0.0
2026-03-04 00:00:00-05:00,20.44322824053163,20.658832077735465,20.44322824053163,20.59023094177246,1300,0.0,0.0
2026-03-05 00:00:00-05:00,20.580429077148438,20.580429077148438,20.580429077148438,20.580429077148438,300,0.0,0.0
2026-03-06 00:00:00-05:00,20.394225604569776,20.513787848556344,20.394225604569776,20.4824275970459,5100,0.0,0.0
2026-03-09 00:00:00-04:00,20.413826951202886,20.413826951202886,20.178622255385353,20.198223114013672,7000,0.0,0.0
2026-03-10 00:00:00-04:00,20.247222902562537,20.462826734546933,20.21782161532983,20.325624465942383,3700,0.0,0.0
2026-03-11 00:00:00-04:00,20.25702309096457,20.428525924682617,20.25702309096457,20.428525924682617,3800,0.0,0.0
2026-03-12 00:00:00-04:00,20.276623694244137,20.433426817171632,20.21782112121582,20.21782112121582,9600,0.0,0.0
2026-03-13 00:00:00-04:00,20.482427083773455,20.482427083773455,19.943416582584945,20.061017990112305,4700,0.0,0.0
2026-03-16 00:00:00-04:00,20.43342680463093,20.43342680463093,19.93361614964103,19.982616424560547,6600,0.0,0.0
2026-03-17 00:00:00-04:00,19.943416595458984,20.266823270228993,19.86501503397658,19.943416595458984,7300,0.0,0.0
2026-03-18 00:00:00-04:00,19.943416495113137,19.943416495113137,19.860113785009343,19.90617561340332,6800,0.0,0.0
2026-03-19 00:00:00-04:00,19.914016250149423,19.972816956730203,19.610210418701172,19.610210418701172,8500,0.0,0.0
2026-03-20 00:00:00-04:00,19.918915905550545,20.139419006001457,19.404403686523438,19.404403686523438,4400,0.0,0.0
2026-03-23 00:00:00-04:00,19.600409990119047,19.78661440841259,19.571008702207195,19.767013549804688,2100,0.0,0.0
2026-03-24 00:00:00-04:00,19.7670135692841,19.88461685180664,19.473008166838888,19.88461685180664,1700,0.0,0.0
2026-03-25 00:00:00-04:00,19.629810796268853,20.068859924410436,19.629810796268853,19.972816467285156,1700,0.0,0.0
2026-03-26 00:00:00-04:00,19.97281593967466,20.007118375110856,18.953595644131905,19.31620216369629,12700,0.0,0.0
2026-03-27 00:00:00-04:00,19.228002530348192,19.267202377319336,19.149600967165192,19.267202377319336,10400,0.0,0.0
2026-03-30 00:00:00-04:00,19.30640366681817,19.835613739296566,19.30640366681817,19.78661346435547,1900,0.0,0.0
2026-03-31 00:00:00-04:00,19.77681253627782,19.77681253627782,19.18879990562496,19.678810119628906,3300,0.0,0.0
2026-04-01 00:00:00-04:00,19.678811534350018,19.678811534350018,19.301503418133205,19.41420555114746,3200,0.0,0.0
2026-04-02 00:00:00-04:00,19.345603958929633,19.97281646499108,19.345603958929633,19.8944149017334,9600,0.0,0.0
2026-04-06 00:00:00-04:00,19.97281648744209,20.021818632808667,19.97281648744209,20.01201820373535,1700,0.0,0.0
2026-04-07 00:00:00-04:00,20.080618370003204,20.080618370003204,19.89441396506779,19.992416381835938,2300,0.0,0.0
2026-04-08 00:00:00-04:00,20.23742245332264,20.23742245332264,19.60040951784095,19.620010375976562,21300,0.0,0.0
2026-04-09 00:00:00-04:00,19.610210399866784,19.94341751890578,19.610210399866784,19.649410247802734,4700,0.0,0.0
2026-04-10 00:00:00-04:00,19.737611788563306,19.806212922805074,19.69841194152832,19.69841194152832,1400,0.0,0.0
2026-04-13 00:00:00-04:00,19.654310945338512,19.69841194152832,19.629810807286557,19.69841194152832,2400,0.0,0.0
2026-04-14 00:00:00-04:00,19.933616635960224,19.933616635960224,19.727811363947755,19.855215072631836,2700,0.0,0.0
2026-04-15 00:00:00-04:00,19.737612262251787,19.845415115356445,19.737612262251787,19.845415115356445,4100,0.0,0.0
2026-04-16 00:00:00-04:00,19.845413679327383,19.922835756759152,19.835613250732422,19.835613250732422,2900,0.0,0.0
2026-04-17 00:00:00-04:00,19.83561372228498,19.894414426012002,19.63470960441371,19.82581329345703,9300,0.0,0.0
2026-04-20 00:00:00-04:00,19.845415164425727,19.85031444446953,19.727811881726158,19.8248348236084,3400,0.0,0.0
2026-04-21 00:00:00-04:00,19.747411256588695,19.767012113772633,19.727810399404753,19.757211685180664,2900,0.0,0.0
2026-04-22 00:00:00-04:00,19.747411727905273,19.747411727905273,19.747411727905273,19.747411727905273,500,0.0,0.0
2026-04-23 00:00:00-04:00,19.737612261892835,19.91303676872426,19.600409990119047,19.767013549804688,2300,0.0,0.0
2026-04-24 00:00:00-04:00,19.788571951213633,19.788571951213633,19.7180118560791,19.7180118560791,300,0.0,0.0
2026-04-27 00:00:00-04:00,20.070818411015345,20.070818411015345,19.551408767700195,19.551408767700195,11400,0.0,0.0
2026-04-28 00:00:00-04:00,19.727810866055613,19.727810866055613,19.600409029827624,19.669010162353516,5500,0.0,0.0
2026-04-29 00:00:00-04:00,19.747411732372463,19.796413876512943,19.453406344492244,19.473007202148438,5500,0.0,0.0
2026-04-30 00:00:00-04:00,19.502407078617658,19.659210205078125,19.502407078617658,19.659210205078125,2800,0.0,0.0
2026-05-01 00:00:00-04:00,19.855215544660574,19.855215544660574,19.776813979468304,19.845415115356445,2000,0.0,0.0
2026-05-04 00:00:00-04:00,19.87481640254306,19.894415391909842,19.68861198425293,19.68861198425293,2800,0.0,0.0
2026-05-05 00:00:00-04:00,19.776813484543833,19.776813484543833,19.6396112162011,19.659210205078125,5100,0.0,0.0
2026-05-06 00:00:00-04:00,19.540626995749815,19.771911882365746,19.531807918267404,19.70821189880371,8400,0.0,0.0
2026-05-07 00:00:00-04:00,19.708212101915322,19.708212101915322,19.39460585294795,19.605308532714844,11500,0.0,0.0
2026-05-08 00:00:00-04:00,19.74741271093747,20.178622254538563,19.74741271093747,19.9630184173584,26700,0.0,0.0
2026-05-11 00:00:00-04:00,19.757211685180664,19.88461538763565,19.69841098286947,19.757211685180664,4900,0.0,0.0
2026-05-12 00:00:00-04:00,19.43380549097864,19.659209746350896,19.414204633318267,19.551408767700195,8400,0.0,0.0
2026-05-13 00:00:00-04:00,19.5416078578648,19.678810119628906,19.45340586980484,19.678810119628906,5900,0.0,0.0
2026-05-14 00:00:00-04:00,19.66901065207488,19.66901065207488,19.514168358981255,19.620010375976562,7500,0.0,0.0
2026-05-15 00:00:00-04:00,19.600409492937803,19.600409492937803,19.414205079367495,19.42400550842285,3600,0.0,0.0
2026-05-18 00:00:00-04:00,19.355403412921152,19.453405829366343,19.2868022821817,19.404403686523438,4200,0.0,0.0
2026-05-19 00:00:00-04:00,19.345602987821863,19.345602987821863,19.183900589512824,19.20840072631836,3700,0.0,0.0
2026-05-20 00:00:00-04:00,19.277003278630065,19.277003278630065,19.257402420043945,19.257402420043945,800,0.0,0.0
2026-05-21 00:00:00-04:00,19.2770018347766,19.2770018347766,19.00259544284632,19.169198989868164,7900,0.0,0.0
2026-05-22 00:00:00-04:00,19.208402142819406,19.257402420043945,19.159399996354104,19.257402420043945,1600,0.0,0.0
2026-05-26 00:00:00-04:00,19.257401948266374,19.561207771945412,19.228002530348192,19.267202377319336,6700,0.0,0.0
2026-05-27 00:00:00-04:00,19.07119802064321,19.33580400409281,19.03689745270427,19.218202590942383,5900,0.0,0.0
2026-05-28 00:00:00-04:00,19.21820257166351,19.326003555403137,19.04179858287407,19.179000854492188,8300,0.0,0.0
2026-05-29 00:00:00-04:00,19.18000030517578,19.232999801635742,18.6200008392334,19.0,47600,0.391,0.0
2026-06-01 00:00:00-04:00,19.0,19.399999618530273,18.860000610351562,18.860000610351562,9000,0.0,0.0
2026-06-02 00:00:00-04:00,18.860000610351562,18.950000762939453,18.799999237060547,18.950000762939453,5300,0.0,0.0
2026-06-03 00:00:00-04:00,19.350000381469727,19.350000381469727,18.899999618530273,18.920000076293945,8900,0.0,0.0
2026-06-04 00:00:00-04:00,18.84000015258789,19.190000534057617,18.799999237060547,18.8799991607666,8400,0.0,0.0
2026-06-05 00:00:00-04:00,18.940000534057617,18.940000534057617,18.68000030517578,18.899999618530273,12800,0.0,0.0
2026-06-08 00:00:00-04:00,18.920000076293945,19.149999618530273,18.559999465942383,18.75,14100,0.0,0.0
2026-06-09 00:00:00-04:00,18.8700008392334,18.8700008392334,18.600000381469727,18.655000686645508,2800,0.0,0.0
2026-06-10 00:00:00-04:00,18.75,18.934999465942383,18.75,18.795000076293945,3500,0.0,0.0
2026-06-11 00:00:00-04:00,18.790000915527344,19.0,18.700000762939453,19.0,9600,0.0,0.0
2026-06-12 00:00:00-04:00,19.01799964904785,19.01799964904785,18.610000610351562,18.829999923706055,11600,0.0,0.0
2026-06-15 00:00:00-04:00,18.729999542236328,18.969999313354492,18.68000030517578,18.8700008392334,5700,0.0,0.0
2026-06-16 00:00:00-04:00,18.940000534057617,18.940000534057617,18.764999389648438,18.780000686645508,6000,0.0,0.0
2026-06-17 00:00:00-04:00,18.740999221801758,18.743999481201172,18.68000030517578,18.719999313354492,4300,0.0,0.0
2026-06-18 00:00:00-04:00,18.6200008392334,18.799999237060547,18.6200008392334,18.719999313354492,2200,0.0,0.0
2026-06-22 00:00:00-04:00,18.780000686645508,18.780000686645508,18.639999389648438,18.68000030517578,2300,0.0,0.0
2026-06-23 00:00:00-04:00,18.700000762939453,18.920000076293945,18.700000762939453,18.920000076293945,8500,0.0,0.0
2026-06-24 00:00:00-04:00,19.030000686645508,19.030000686645508,18.700000762939453,18.979999542236328,8200,0.0,0.0
2026-06-25 00:00:00-04:00,18.940000534057617,18.950000762939453,18.84000015258789,18.899999618530273,2700,0.0,0.0
2026-06-26 00:00:00-04:00,18.850000381469727,18.920000076293945,18.81399917602539,18.90999984741211,6600,0.0,0.0
2026-06-29 00:00:00-04:00,18.8799991607666,18.979999542236328,18.844999313354492,18.940000534057617,11900,0.0,0.0
2026-06-30 00:00:00-04:00,18.850000381469727,18.8799991607666,18.719999313354492,18.799999237060547,26000,0.0,0.0
2026-07-01 00:00:00-04:00,18.719999313354492,18.93000030517578,18.719999313354492,18.8700008392334,4000,0.0,0.0
2026-07-02 00:00:00-04:00,18.899999618530273,18.899999618530273,18.823999404907227,18.889999389648438,1100,0.0,0.0
2026-07-06 00:00:00-04:00,18.8700008392334,18.8799991607666,18.75,18.8799991607666,8000,0.0,0.0
2026-07-07 00:00:00-04:00,18.8799991607666,18.8799991607666,18.795000076293945,18.795000076293945,1900,0.0,0.0
2026-07-08 00:00:00-04:00,18.899999618530273,18.950000762939453,18.850000381469727,18.899999618530273,14000,0.0,0.0
2026-07-09 00:00:00-04:00,18.899999618530273,19.110000610351562,18.899999618530273,18.940000534057617,1800,0.0,0.0
2026-07-10 00:00:00-04:00,18.90999984741211,19.0,18.882999420166016,18.882999420166016,5000,0.0,0.0
2026-07-13 00:00:00-04:00,18.760000228881836,18.850000381469727,18.700000762939453,18.850000381469727,4700,0.0,0.0
2026-07-14 00:00:00-04:00,18.8799991607666,18.8799991607666,18.75,18.850000381469727,5400,0.0,0.0
2026-07-15 00:00:00-04:00,18.84000015258789,19.12299919128418,18.84000015258789,19.12299919128418,15300,0.0,0.0
2026-07-16 00:00:00-04:00,19.100000381469727,19.229999542236328,19.079999923706055,19.170000076293945,3400,0.0,0.0
2026-07-17 00:00:00-04:00,19.149999618530273,19.149999618530273,18.850000381469727,19.149999618530273,3800,0.0,0.0
2026-07-20 00:00:00-04:00,19.200000762939453,19.239999771118164,19.15999984741211,19.18000030517578,3300,0.0,0.0
2026-07-21 00:00:00-04:00,19.239999771118164,19.239999771118164,18.950000762939453,19.110000610351562,5100,0.0,0.0
2026-07-22 00:00:00-04:00,18.868000030517578,19.10300064086914,18.649999618530273,19.10300064086914,2200,0.0,0.0
2026-07-23 00:00:00-04:00,19.0,19.020000457763672,18.920000076293945,19.0,3000,0.0,0.0
2026-07-24 00:00:00-04:00,18.639999389648438,19.139999389648438,18.600000381469727,19.0,4800,0.0,0.0
2026-07-27 00:00:00-04:00,18.8799991607666,19.04199981689453,18.8799991607666,19.00200080871582,1700,0.0,0.0
2026-07-28 00:00:00-04:00,19.0,19.0,19.0,19.0,600,0.0,0.0
2026-07-29 00:00:00-04:00,18.934999465942383,18.934999465942383,18.75,18.780000686645508,1300,0.0,0.0
2026-07-30 00:00:00-04:00,18.75,19.041000366210938,18.75,19.00200080871582,2900,0.0,0.0
2026-07-31 00:00:00-04:00,18.90999984741211,19.139999389648438,18.81999969482422,19.139999389648438,11600,0.0,0.0
2026-08-03 00:00:00-04:00,19.020000457763672,19.142000198364258,19.020000457763672,19.142000198364258,1000,0.0,0.0
2026-08-04 00:00:00-04:00,19.149999618530273,19.34000015258789,19.149999618530273,19.200000762939453,3400,0.0,0.0
2026-08-05 00:00:00-04:00,19.239999771118164,19.239999771118164,19.149999618530273,19.149999618530273,2700,0.0,0.0
2026-08-06 00:00:00-04:00,19.15999984741211,19.15999984741211,19.020000457763672,19.139999389648438,3700,0.0,0.0
2026-08-07 00:00:00-04:00,19.209999084472656,19.219999313354492,19.139999389648438,19.139999389648438,2700,0.0,0.0
2026-08-10 00:00:00-04:00,19.219900131225586,19.219900131225586,19.06999969482422,19.09000015258789,4620,0.0,0.0
