Date,Open,High,Low,Close,Volume,Change
2022-01-03,8120,8180,8090,8110,215405,-0.009768009768009733
2022-01-04,8120,8220,8070,8210,140255,0.012330456226880449
2022-01-05,8210,8240,8090,8140,152067,-0.008526187576126665
2022-01-06,8070,8150,8000,8020,200569,-0.014742014742014753
2022-01-07,8090,8120,8030,8070,90462,0.006234413965087171
2022-01-10,8070,8080,7950,7980,134615,-0.01115241635687736
2022-01-11,7980,8080,7960,8050,113068,0.00877192982456143
2022-01-12,8100,8150,8050,8150,77374,0.012422360248447228
2022-01-13,8150,8190,8090,8100,76417,-0.006134969325153339
2022-01-14,8090,8100,8020,8020,69337,-0.00987654320987652
2022-01-17,8040,8050,7970,7970,89679,-0.006234413965087282
2022-01-18,8000,8070,7900,7960,114917,-0.0012547051442910462
2022-01-19,7820,7900,7780,7790,96441,-0.021356783919597944
2022-01-20,7840,7860,7770,7860,95800,0.00898587933247752
2022-01-21,7840,8050,7730,7810,79493,-0.006361323155216314
2022-01-24,7710,7810,7580,7610,94544,-0.025608194622279146
2022-01-25,7600,7640,7350,7390,249598,-0.02890932982917216
2022-01-26,7440,7570,7410,7500,75613,0.014884979702300516
2022-01-27,7600,7600,7310,7350,123944,-0.020000000000000018
2022-01-28,7410,7590,7350,7540,102939,0.02585034013605436
2022-02-03,7610,7700,7540,7640,99782,0.013262599469495928
2022-02-04,7580,7720,7570,7720,38676,0.010471204188481575
2022-02-07,7720,7730,7590,7660,71674,-0.007772020725388629
2022-02-08,7660,7730,7550,7590,67968,-0.009138381201044377
2022-02-09,7590,7770,7570,7770,84046,0.02371541501976293
2022-02-10,7890,7890,7700,7710,97404,-0.007722007722007707
2022-02-11,7670,7700,7550,7630,93199,-0.01037613488975353
2022-02-14,7570,7620,7420,7490,81102,-0.01834862385321101
2022-02-15,7520,7540,7390,7400,64199,-0.012016021361815787
2022-02-16,7480,7570,7430,7570,55716,0.02297297297297307
2022-02-17,7570,7690,7540,7570,128305,0.0
2022-02-18,7500,7590,7460,7570,51974,0.0
2022-02-21,7490,7550,7450,7540,33203,-0.003963011889035695
2022-02-22,7450,7530,7430,7440,50270,-0.01326259946949604
2022-02-23,7490,7490,7430,7470,38872,0.0040322580645162365
2022-02-24,7420,7460,7320,7340,82401,-0.01740294511378848
2022-02-25,7420,7470,7360,7400,44709,0.008174386920980936
2022-02-28,7350,7430,7340,7390,45404,-0.0013513513513513375
2022-03-02,7390,7440,7370,7430,50074,0.005412719891745521
2022-03-03,7460,7610,7460,7600,102922,0.02288021534320328
2022-03-04,7530,7570,7440,7500,59108,-0.013157894736842146
2022-03-07,7500,7500,7290,7310,126765,-0.02533333333333332
2022-03-08,7290,7290,7140,7210,95852,-0.013679890560875485
2022-03-10,7310,7440,7270,7440,120132,0.03190013869625519
2022-03-11,7400,7460,7310,7390,72708,-0.006720430107526876
2022-03-14,7380,7450,7260,7280,103145,-0.014884979702300405
2022-03-15,7280,7310,7220,7240,42572,-0.005494505494505475
2022-03-16,7290,7380,7250,7380,86560,0.01933701657458564
2022-03-17,7450,7490,7390,7440,77739,0.008130081300812941
2022-03-18,7390,7470,7350,7470,41021,0.0040322580645162365
2022-03-21,7480,7550,7440,7520,56722,0.006693440428380271
2022-03-22,7470,7530,7400,7480,108077,-0.005319148936170248
2022-03-23,7530,7550,7480,7530,51846,0.006684491978609541
2022-03-24,7490,7550,7440,7540,48222,0.0013280212483399723
2022-03-25,7560,7560,7490,7540,106272,0.0
2022-03-28,7530,7550,7480,7480,118255,-0.007957559681697646
2022-03-29,7500,7540,7490,7520,54826,0.005347593582887722
2022-03-30,7540,7550,7490,7520,46341,0.0
2022-03-31,7500,7620,7500,7620,56799,0.013297872340425565
2022-04-01,7630,7670,7560,7630,50199,0.001312335958005173
2022-04-04,7630,7720,7610,7690,53500,0.007863695937090354
2022-04-05,7680,7740,7640,7680,54882,-0.0013003901170350884
2022-04-06,7670,7680,7620,7630,77525,-0.00651041666666663
2022-04-07,7630,7630,7540,7540,85126,-0.011795543905635641
2022-04-08,7560,7640,7530,7640,61131,0.013262599469495928
2022-04-11,7610,7700,7610,7650,46677,0.0013089005235602524
2022-04-12,7590,7650,7560,7630,162723,-0.002614379084967311
2022-04-13,7690,7730,7630,7730,73652,0.013106159895150737
2022-04-14,7750,7820,7710,7740,81172,0.001293661060802087
2022-04-15,7690,7730,7660,7720,103861,-0.0025839793281653423
2022-04-18,7730,7820,7670,7710,70290,-0.0012953367875647714
2022-04-19,7710,7820,7710,7820,70990,0.014267185473411104
2022-04-20,7770,7840,7770,7800,45413,-0.002557544757033292
2022-04-21,7770,7840,7770,7780,43617,-0.002564102564102555
2022-04-22,7770,7810,7650,7790,102336,0.0012853470437017567
2022-04-25,7790,7790,7650,7660,95335,-0.016688061617458283
2022-04-26,7540,7770,7540,7730,74267,0.009138381201044377
2022-04-27,7730,7730,7580,7620,88883,-0.014230271668822736
2022-04-28,7680,7680,7590,7600,75748,-0.002624671916010457
2022-04-29,7590,7640,7580,7630,62290,0.003947368421052699
2022-05-02,7600,8100,7500,7580,121078,-0.006553079947575369
2022-05-03,7570,7600,7550,7570,41007,-0.0013192612137202797
2022-05-04,7570,7600,7530,7530,69003,-0.005284015852047519
2022-05-06,7500,7520,7360,7420,72900,-0.014608233731739695
2022-05-09,7410,7440,7260,7330,110996,-0.0121293800539084
2022-05-10,7260,7300,7170,7290,85193,-0.00545702592087316
2022-05-11,7230,7250,7140,7210,83112,-0.010973936899862813
2022-05-12,7140,7170,6970,6990,151388,-0.030513176144244092
2022-05-13,7000,7140,6990,7130,64107,0.02002861230329045
2022-05-16,7140,7180,7020,7030,77065,-0.014025245441795287
2022-05-17,7030,7060,7000,7020,52083,-0.0014224751066855834
2022-05-18,7060,7060,6970,7010,96628,-0.0014245014245014564
2022-05-19,6970,6970,6850,6900,111048,-0.015691868758915817
2022-05-20,6880,7010,6880,6970,45158,0.010144927536231974
2022-05-23,6960,7010,6920,7000,57698,0.004304160688665792
2022-05-24,7000,7020,6920,6920,56987,-0.011428571428571455
2022-05-25,6950,7040,6920,6990,50179,0.01011560693641611
2022-05-26,6930,7100,6930,6990,62142,0.0
2022-05-27,7020,7080,7000,7040,33676,0.007153075822603716
2022-05-30,7090,7180,7050,7160,58693,0.017045454545454586
2022-05-31,7100,7160,7050,7130,60580,-0.0041899441340782495
2022-06-02,7110,7150,7040,7050,50825,-0.011220196353436185
2022-06-03,7130,7150,7070,7120,21124,0.0099290780141843
2022-06-07,7110,7110,6980,6990,45871,-0.018258426966292096
2022-06-08,7020,7100,6980,7050,38741,0.008583690987124415
2022-06-09,6980,7070,6970,7070,50997,0.0028368794326241176
2022-06-10,7000,7060,6970,6970,37518,-0.014144271570014189
2022-06-13,6910,6970,6750,6750,107576,-0.031563845050215256
2022-06-14,6730,6760,6600,6630,106535,-0.01777777777777778
2022-06-15,6610,6700,6410,6410,79635,-0.03318250377073906
2022-06-16,6490,6680,6490,6640,53205,0.03588143525741039
2022-06-17,6460,6640,6450,6540,78433,-0.015060240963855387
2022-06-20,6580,6580,6150,6320,62341,-0.033639143730886834
2022-06-21,6340,6540,6240,6530,41001,0.03322784810126578
2022-06-22,6550,6560,6200,6210,81071,-0.049004594180704464
2022-06-23,6310,6400,6140,6180,78873,-0.004830917874396157
2022-06-24,6150,6380,6150,6370,54872,0.0307443365695792
2022-06-27,6360,6480,6250,6480,54549,0.017268445839874413
2022-06-28,6500,6580,6460,6480,27812,0.0
2022-06-29,6410,6470,6360,6400,62911,-0.012345679012345734
2022-06-30,6400,6460,6340,6360,80491,-0.006249999999999978
2022-07-01,6370,6500,6340,6400,94454,0.0062893081761006275
2022-07-04,6400,6480,6360,6430,68596,0.004687499999999956
2022-07-05,6430,6550,6430,6550,40901,0.018662519440124425
2022-07-06,6500,6530,6360,6500,67177,-0.007633587786259555
2022-07-07,6490,6500,6410,6440,45692,-0.009230769230769265
2022-07-08,6450,6540,6440,6470,31681,0.004658385093167627
2022-07-11,6470,6470,6380,6400,38248,-0.010819165378670781
2022-07-12,6480,7000,6310,6360,380003,-0.006249999999999978
2022-07-13,6300,6470,6300,6460,79796,0.01572327044025168
2022-07-14,6410,6580,6410,6460,59989,0.0
2022-07-15,6460,6510,6350,6500,67729,0.006191950464396356
2022-07-18,6520,6690,6520,6670,46575,0.026153846153846194
2022-07-19,6660,6690,6620,6660,29897,-0.0014992503748125774
2022-07-20,6700,6790,6650,6700,36363,0.006006006006006093
2022-07-21,6720,6730,6650,6730,24808,0.004477611940298498
2022-07-22,6660,6760,6620,6640,25477,-0.013372956909361022
2022-07-25,6590,6690,6590,6620,19824,-0.003012048192771122
2022-07-26,6570,6660,6550,6570,20301,-0.007552870090634434
2022-07-27,6510,6620,6510,6590,13136,0.003044140030441511
2022-07-28,6610,6740,6600,6610,25142,0.003034901365705611
2022-07-29,6630,6770,6630,6690,35573,0.012102874432677657
2022-08-01,6750,6750,6640,6670,26064,-0.002989536621823663
2022-08-02,6660,6690,6610,6610,22692,-0.008995502248875575
2022-08-03,6610,6690,6580,6660,26637,0.0075642965204236745
2022-08-04,6680,6710,6630,6660,28461,0.0
2022-08-05,6630,6740,6610,6720,23838,0.009009009009008917
2022-08-08,6780,6780,6680,6720,15161,0.0
2022-08-09,6690,6760,6680,6720,26022,0.0
2022-08-10,6750,6800,6660,6660,40800,-0.008928571428571397
2022-08-11,6770,6830,6750,6800,42493,0.021021021021021102
2022-08-12,6820,6870,6800,6830,22470,0.004411764705882337
2022-08-16,6820,6850,6750,6750,38458,-0.01171303074670571
2022-08-17,6760,6790,6680,6680,33465,-0.010370370370370363
2022-08-18,6680,6680,6600,6620,30425,-0.008982035928143728
2022-08-19,6610,6670,6560,6560,29558,-0.009063444108761365
2022-08-22,6570,6570,6420,6420,50295,-0.021341463414634165
2022-08-23,6410,6470,6380,6400,41429,-0.0031152647975077885
2022-08-24,6410,6550,6360,6550,51255,0.0234375
2022-08-25,6550,6580,6460,6580,26620,0.004580152671755711
2022-08-26,6570,6580,6510,6520,29165,-0.00911854103343468
2022-08-29,6360,6470,6360,6380,39466,-0.021472392638036797
2022-08-30,6410,6500,6390,6450,20751,0.01097178683385569
2022-08-31,6410,6500,6390,6430,27812,-0.0031007751937984773
2022-09-01,6400,6420,6340,6350,48822,-0.01244167962674958
2022-09-02,6390,6420,6300,6330,27825,-0.0031496062992125706
2022-09-05,6350,6410,6330,6350,25306,0.003159557661927437
2022-09-06,6420,6480,6360,6430,23892,0.012598425196850505
2022-09-07,6400,6950,6270,6340,204821,-0.013996889580093264
2022-09-08,6340,6480,6310,6450,61632,0.017350157728706517
2022-09-13,6530,6590,6480,6590,34447,0.02170542635658923
2022-09-14,6330,6470,6330,6390,36302,-0.030349013657056112
2022-09-15,6460,6470,6420,6430,20183,0.006259780907668322
2022-09-16,6430,6430,6360,6430,32746,0.0
2022-09-19,6410,6460,6330,6430,33434,0.0
2022-09-20,6480,6550,6390,6550,23239,0.018662519440124425
2022-09-21,6540,6570,6470,6490,32450,-0.009160305343511421
2022-09-22,6530,6530,6360,6410,26031,-0.012326656394452962
2022-09-23,6390,6420,6290,6300,53727,-0.01716068642745705
2022-09-26,6200,6300,5910,6040,111844,-0.041269841269841234
2022-09-27,6030,6190,5760,5900,129601,-0.023178807947019875
2022-09-28,5810,5930,5560,5700,119430,-0.03389830508474578
2022-09-29,5710,5830,5580,5700,53064,0.0
2022-09-30,5570,5750,5450,5480,79916,-0.038596491228070184
2022-10-04,5500,5700,5500,5690,56057,0.038321167883211604
2022-10-05,5700,5740,5540,5560,40757,-0.02284710017574687
2022-10-06,5600,5700,5570,5690,24779,0.023381294964028854
2022-10-07,5630,5730,5600,5610,33837,-0.01405975395430581
2022-10-11,5590,5590,5240,5260,69894,-0.0623885918003565
2022-10-12,5200,5290,5180,5230,63107,-0.005703422053231932
2022-10-13,5330,5330,5110,5170,71617,-0.01147227533460804
2022-10-14,5240,5370,5220,5370,78644,0.03868471953578334
2022-10-17,5320,5320,5220,5260,75891,-0.020484171322160183
2022-10-18,5300,5340,5270,5290,72882,0.005703422053231932
2022-10-19,5300,5310,5210,5210,67608,-0.015122873345935761
2022-10-20,5210,5210,5040,5040,316836,-0.03262955854126681
2022-10-21,5050,5100,4985,4990,69403,-0.009920634920634885
2022-10-24,5040,5180,5030,5140,82923,0.03006012024048088
2022-10-25,5140,5150,5020,5030,54065,-0.021400778210116767
2022-10-26,5040,5060,4990,5000,46713,-0.005964214711729587
2022-10-27,4990,5080,4990,5070,36530,0.014000000000000012
2022-10-28,5040,5100,5030,5040,29323,-0.00591715976331364
2022-10-31,5090,5090,5020,5050,23483,0.001984126984126977
2022-11-01,5060,5100,5030,5100,27820,0.00990099009900991
2022-11-02,5080,5100,4995,5050,71723,-0.009803921568627416
2022-11-03,5030,5040,4980,5000,60088,-0.00990099009900991
2022-11-04,4985,5010,4950,5000,46604,0.0
2022-11-07,5000,5050,4980,5030,50914,0.006000000000000005
2022-11-08,5030,5210,5030,5180,153576,0.02982107355864816
2022-11-09,5200,5240,5150,5170,80555,-0.0019305019305019266
2022-11-10,5160,5190,5110,5180,52749,0.0019342359767891004
2022-11-11,5260,5370,5200,5340,229256,0.030888030888030826
2022-11-14,5350,5380,5300,5310,104458,-0.005617977528089901
2022-11-15,5340,5490,5310,5460,63671,0.02824858757062154
2022-11-16,5470,5490,5340,5460,65350,0.0
2022-11-17,5410,5420,5290,5330,76399,-0.023809523809523836
2022-11-18,5360,5380,5280,5290,47326,-0.007504690431519689
2022-11-21,5280,5280,5170,5190,56230,-0.018903591682419618
2022-11-22,5220,5260,5200,5230,39375,0.007707129094412402
2022-11-23,5230,5310,5230,5310,49576,0.015296367112810794
2022-11-24,5320,5420,5300,5390,71710,0.015065913370998052
2022-11-25,5390,5420,5360,5400,29886,0.0018552875695732052
2022-11-28,5410,5410,5250,5260,65137,-0.025925925925925908
2022-11-29,5260,5410,5210,5400,70560,0.026615969581748944
2022-11-30,5400,5590,5380,5510,77835,0.020370370370370372
2022-12-01,5580,5690,5540,5680,118594,0.030852994555353952
2022-12-02,5690,5700,5540,5560,92264,-0.021126760563380254
2022-12-05,5560,5620,5530,5540,52932,-0.003597122302158251
2022-12-06,5540,5570,5450,5460,54369,-0.014440433212996373
2022-12-07,5460,5490,5380,5460,64011,0.0
2022-12-08,5400,5490,5300,5440,420794,-0.00366300366300365
2022-12-09,5400,5600,5390,5590,111544,0.02757352941176472
2022-12-12,5590,5620,5520,5610,38818,0.003577817531305927
2022-12-13,5630,5630,5560,5590,34434,-0.0035650623885917776
2022-12-14,5600,5630,5560,5590,39543,0.0
2022-12-15,5560,5610,5550,5590,32177,0.0
2022-12-16,5580,5750,5550,5670,127317,0.014311270125223707
2022-12-19,5670,5680,5600,5660,23941,-0.0017636684303351524
2022-12-20,5660,5660,5530,5600,34345,-0.010600706713780883
2022-12-21,5570,5620,5570,5610,19900,0.0017857142857142794
2022-12-22,5580,5640,5580,5600,24113,-0.0017825311942959443
2022-12-23,5560,5620,5480,5510,43854,-0.016071428571428625
2022-12-26,5510,5540,5470,5520,42956,0.001814882032667775
2022-12-27,5480,5570,5480,5550,96324,0.005434782608695565
2022-12-28,5200,5260,5060,5170,117188,-0.06846846846846844
2022-12-29,5170,5170,4995,5000,55861,-0.03288201160541582
2023-01-02,5000,5000,4820,4845,61901,-0.031000000000000028
2023-01-03,4880,4885,4750,4845,39725,0.0
2023-01-04,4820,4895,4815,4890,41032,0.009287925696594534
2023-01-05,4860,4995,4860,4980,36097,0.018404907975460016
2023-01-06,4920,5060,4920,5030,56161,0.010040160642570184
2023-01-09,5050,5090,4985,5070,78601,0.007952286282306265
2023-01-10,5070,5100,5030,5040,42364,-0.00591715976331364
2023-01-11,5050,5120,5030,5030,32123,-0.001984126984126977
2023-01-12,5080,5080,5020,5050,19665,0.003976143141153132
2023-01-13,5050,5070,5030,5040,30639,-0.001980198019801982
2023-01-16,5060,5150,5060,5110,36614,0.01388888888888884
2023-01-17,5110,5150,5040,5050,35799,-0.011741682974559686
2023-01-18,5050,5080,5000,5030,20641,-0.003960396039603964
2023-01-19,5030,5110,4990,5090,52630,0.011928429423459175
2023-01-20,5100,5130,5090,5120,41105,0.005893909626718985
2023-01-25,5150,5270,5070,5140,69763,0.00390625
2023-01-26,5140,5210,5140,5160,35685,0.0038910505836575737
2023-01-27,5160,5210,5150,5190,48662,0.005813953488372103
2023-01-30,5210,5260,5180,5200,30892,0.0019267822736031004
2023-01-31,5240,5240,5130,5180,23857,-0.0038461538461538325
2023-02-01,5160,5240,5140,5200,52669,0.0038610038610038533
2023-02-02,5200,5480,5200,5320,178585,0.023076923076922995
2023-02-03,5320,5370,5240,5330,59729,0.001879699248120259
2023-02-06,5360,5360,5220,5220,45484,-0.0206378986866792
2023-02-07,5250,5270,5150,5250,26006,0.005747126436781658
2023-02-08,5280,5300,5200,5280,36119,0.005714285714285783
2023-02-09,5290,5320,5260,5290,15412,0.0018939393939394478
2023-02-10,5240,5240,5070,5100,142035,-0.03591682419659736
2023-02-13,5080,5090,4995,5030,65172,-0.013725490196078383
2023-02-14,5020,5090,5000,5060,76726,0.005964214711729587
2023-02-15,5060,5080,4950,4950,61937,-0.021739130434782594
2023-02-16,4995,5020,4975,4980,20241,0.0060606060606061
2023-02-17,4935,4995,4930,4970,29092,-0.002008032128514081
2023-02-20,4970,5000,4940,4965,25080,-0.001006036217303774
2023-02-21,5010,5010,4955,4960,34084,-0.001007049345417954
2023-02-22,4955,4990,4895,4915,54640,-0.009072580645161255
2023-02-23,4940,4940,4890,4920,25189,0.0010172939979653517
2023-02-24,4920,4935,4860,4860,45456,-0.012195121951219523
2023-02-27,4840,4855,4740,4770,75228,-0.01851851851851849
2023-02-28,4770,4800,4765,4775,39370,0.0010482180293500676
2023-03-02,4755,4815,4755,4790,21979,0.003141361256544517
2023-03-03,4790,4810,4700,4765,39152,-0.005219206680584509
2023-03-06,4765,4770,4710,4745,41560,-0.0041972717733472775
2023-03-07,4730,4755,4720,4735,23361,-0.0021074815595363283
2023-03-08,4715,4720,4645,4660,1864256,-0.015839493136219684
2023-03-09,4670,4810,4665,4690,59402,0.006437768240343367
2023-03-10,4690,4960,4640,4845,181183,0.03304904051172697
2023-03-13,4845,4845,4670,4840,72994,-0.0010319917440660964
2023-03-14,4835,4835,4655,4665,41617,-0.03615702479338845
2023-03-15,4735,4735,4650,4660,32276,-0.001071811361200381
2023-03-16,4670,4670,4510,4515,60129,-0.0311158798283262
2023-03-17,4535,4670,4500,4515,75747,0.0
2023-03-20,4515,4545,4350,4380,130312,-0.029900332225913595
2023-03-21,4400,4490,4375,4385,39067,0.0011415525114155667
2023-03-22,4390,4450,4385,4390,19271,0.0011402508551880963
2023-03-23,4390,4395,4285,4310,64574,-0.018223234624145768
2023-03-24,4350,4350,4250,4275,40581,-0.008120649651972123
2023-03-27,4275,4275,4160,4270,55898,-0.0011695906432748204
2023-03-28,4270,4335,4135,4190,112792,-0.0187353629976581
2023-03-29,4195,4200,4155,4185,40521,-0.0011933174224343368
2023-03-30,4190,4260,4185,4250,38705,0.015531660692950977
2023-03-31,4250,4425,4250,4425,126749,0.04117647058823537
2023-04-03,4425,4445,4350,4400,44432,-0.005649717514124242
2023-04-04,4400,4425,4380,4395,29992,-0.001136363636363602
2023-04-05,4400,4410,4365,4405,24875,0.0022753128555177415
2023-04-06,4405,4405,4320,4325,55077,-0.018161180476730987
2023-04-07,4325,4360,4325,4360,16081,0.008092485549132888
2023-04-10,4360,4360,4275,4330,37021,-0.006880733944954143
2023-04-11,4315,4380,4250,4350,53541,0.004618937644341736
2023-04-12,4350,4425,4350,4400,33934,0.011494252873563315
2023-04-13,4400,4430,4350,4400,50394,0.0
2023-04-14,4415,4470,4415,4470,88188,0.015909090909090873
2023-04-17,4475,4560,4435,4530,102373,0.01342281879194629
2023-04-18,4565,4565,4430,4465,65060,-0.014348785871964642
2023-04-19,4465,4515,4465,4490,51581,0.005599104143336975
2023-04-20,4540,4540,4440,4440,59437,-0.011135857461024523
2023-04-21,4440,4440,4330,4370,42597,-0.015765765765765716
2023-04-24,4375,4395,4300,4310,63771,-0.013729977116704761
2023-04-25,4310,4340,4250,4300,39956,-0.002320185614849146
2023-04-26,4305,4325,4285,4300,15692,0.0
2023-04-27,4370,4370,4260,4305,21792,0.0011627906976743319
2023-04-28,4270,4600,4270,4325,60981,0.004645760743321681
2023-05-02,4325,4390,4295,4355,37260,0.006936416184971206
2023-05-03,4335,4405,4320,4385,33044,0.006888633754305484
2023-05-04,4385,4410,4355,4380,25606,-0.0011402508551880963
2023-05-08,4385,4460,4385,4450,24230,0.015981735159817267
2023-05-09,4500,4500,4415,4445,13392,-0.0011235955056180247
2023-05-10,4445,4535,4415,4435,52209,-0.0022497187851518996
2023-05-11,4500,4865,4500,4645,470494,0.04735062006764368
2023-05-12,4660,4680,4510,4565,77531,-0.017222820236813763
2023-05-15,4560,4605,4400,4455,47699,-0.02409638554216864
2023-05-16,4465,4465,4325,4340,79103,-0.02581369248035914
2023-05-17,4340,4405,4320,4405,19027,0.01497695852534564
2023-05-18,4430,4435,4405,4420,22131,0.0034052213393871433
2023-05-19,4450,4470,4400,4450,65364,0.006787330316742057
2023-05-22,4435,4495,4430,4465,19025,0.003370786516853963
2023-05-23,4495,4495,4405,4430,44702,-0.007838745800671898
2023-05-24,4400,4450,4400,4420,24550,-0.0022573363431150906
2023-05-25,4420,4435,4410,4435,30126,0.0033936651583710287
2023-05-26,4445,4475,4415,4425,14752,-0.0022547914317925244
2023-05-30,4425,4510,4405,4440,36948,0.003389830508474523
2023-05-31,4425,4685,4420,4650,175438,0.04729729729729737
2023-06-01,4650,4650,4485,4500,69042,-0.032258064516129004
2023-06-02,4500,4565,4470,4525,32336,0.005555555555555536
2023-06-05,4550,4600,4520,4530,33815,0.0011049723756906271
2023-06-07,4505,4640,4505,4580,37864,0.011037527593819041
2023-06-08,4590,4590,4515,4535,20271,-0.009825327510917026
2023-06-09,4555,4800,4430,4630,116830,0.02094818081587646
2023-06-12,4585,4625,4350,4570,52755,-0.01295896328293733
2023-06-13,4605,4605,4500,4535,29164,-0.007658643326039383
2023-06-14,4535,4615,4485,4590,62676,0.012127894156560126
2023-06-15,4570,4605,4505,4515,24182,-0.016339869281045805
2023-06-16,4520,4545,4505,4530,14990,0.0033222591362125353
2023-06-19,4575,4575,4510,4530,14436,0.0
2023-06-20,4530,4530,4480,4515,40337,-0.0033112582781457123
2023-06-21,4475,4530,4475,4510,35051,-0.001107419712070845
2023-06-22,4510,4535,4495,4515,24010,0.0011086474501109667
2023-06-23,4540,4560,4485,4525,13575,0.00221483942414169
2023-06-26,4500,4500,4450,4460,22548,-0.01436464088397793
2023-06-27,4460,4520,4430,4490,31917,0.006726457399103047
2023-06-28,4525,4525,4470,4490,22181,0.0
2023-06-29,4475,4480,4370,4455,28541,-0.007795100222717122
2023-06-30,4440,4455,4405,4450,16063,-0.001122334455667784
2023-07-03,4415,4465,4400,4455,25890,0.0011235955056179137
2023-07-04,4455,4465,4420,4450,12835,-0.001122334455667784
2023-07-05,4430,4450,4395,4400,13252,-0.011235955056179803
2023-07-06,4400,4415,4250,4275,41726,-0.02840909090909094
2023-07-07,4240,4275,4180,4200,31035,-0.01754385964912286
2023-07-10,4190,4215,4150,4210,21665,0.0023809523809523725
2023-07-11,4190,4250,4190,4210,9956,0.0
2023-07-12,4220,4240,4190,4215,11599,0.0011876484560569
2023-07-13,4215,4300,4210,4265,16235,0.011862396204033177
2023-07-14,4230,4290,4230,4275,18789,0.0023446658851113966
2023-07-17,4300,4300,4200,4220,49088,-0.012865497076023358
2023-07-18,4220,4230,4150,4170,24937,-0.011848341232227444
2023-07-19,4165,4170,4025,4095,81434,-0.017985611510791366
2023-07-20,4095,4095,4045,4045,27101,-0.012210012210012167
2023-07-21,4030,4060,3980,3985,54376,-0.014833127317676165
2023-07-24,3985,4000,3900,3930,81794,-0.013801756587201952
2023-07-25,3920,3920,3800,3815,90607,-0.029262086513994867
2023-07-26,3765,3815,3665,3750,96444,-0.017038007863695914
2023-07-27,3740,3815,3710,3765,135117,0.0040000000000000036
2023-07-28,3765,3980,3765,3935,68127,0.04515272244355906
2023-07-31,3975,3975,3920,3970,55628,0.008894536213468918
2023-08-01,3920,4085,3920,4040,55320,0.017632241813602123
2023-08-02,4095,4095,3960,3990,32791,-0.012376237623762387
2023-08-03,3975,4005,3940,3970,22222,-0.005012531328320802
2023-08-04,3950,4050,3950,4050,14445,0.02015113350125941
2023-08-07,4050,4070,3990,4055,16691,0.0012345679012346622
2023-08-08,4055,4120,4005,4015,30058,-0.009864364981504337
2023-08-09,4015,4075,3990,4075,17650,0.014943960149439661
2023-08-10,4150,4150,4000,4090,19072,0.0036809815950920033
2023-08-11,4090,4120,4065,4100,17029,0.0024449877750611915
2023-08-14,4100,4100,4000,4055,14764,-0.01097560975609757
2023-08-16,4055,4105,3985,4020,19541,-0.008631319358816225
2023-08-17,4020,4025,3930,3970,27575,-0.01243781094527363
2023-08-18,3955,3955,3890,3945,26078,-0.006297229219143552
2023-08-21,3940,4005,3925,4000,13545,0.013941698352344822
2023-08-22,4000,4010,3955,3985,16735,-0.003750000000000031
2023-08-23,3985,4015,3950,3955,11673,-0.007528230865746499
2023-08-24,3955,3985,3935,3935,20473,-0.005056890012642201
2023-08-25,3935,4015,3900,3935,17114,0.0
2023-08-28,3935,3965,3935,3950,10689,0.003811944091486552
2023-08-29,3950,3985,3950,3975,15760,0.006329113924050667
2023-08-30,3975,3995,3945,3975,12777,0.0
2023-08-31,3975,3975,3910,3960,16400,-0.0037735849056603765
2023-09-01,3960,3960,3900,3920,23294,-0.010101010101010055
2023-09-04,3920,3935,3900,3935,19785,0.003826530612244916
2023-09-05,3935,3935,3900,3935,19909,0.0
2023-09-06,3930,3960,3905,3935,17304,0.0
2023-09-07,3930,3930,3890,3915,14755,-0.0050825921219822545
2023-09-08,3915,3930,3900,3930,22689,0.003831417624521105
2023-09-11,3930,3955,3930,3945,10187,0.003816793893129722
2023-09-12,3990,3990,3925,3960,14414,0.0038022813688212143
2023-09-13,3980,3980,3925,3935,11137,-0.0063131313131312705
2023-09-14,3940,3965,3885,3885,77570,-0.01270648030495558
2023-09-15,3900,3930,3890,3915,20766,0.007722007722007707
2023-09-18,3915,4180,3875,3930,63281,0.003831417624521105
2023-09-19,3930,4105,3930,4035,33568,0.026717557251908497
2023-09-20,3935,4020,3935,3960,20802,-0.018587360594795488
2023-09-21,3960,4550,3945,4300,865600,0.08585858585858586
2023-09-22,4300,4300,4175,4200,66133,-0.023255813953488413
2023-09-25,4185,4200,4050,4070,67855,-0.030952380952380953
2023-09-26,4070,4150,4045,4085,39582,0.0036855036855036882
2023-09-27,4080,4165,4040,4155,35421,0.017135862913096656
2023-10-04,4145,4145,3850,3875,57656,-0.06738868832731648
2023-10-05,3885,4040,3875,3900,39819,0.006451612903225712
2023-10-06,3870,3975,3870,3940,9575,0.01025641025641022
2023-10-10,3940,4035,3910,3935,31452,-0.0012690355329949554
2023-10-11,3930,4015,3930,3980,14819,0.011435832274459878
2023-10-12,3975,3990,3945,3955,38416,-0.006281407035175879
2023-10-13,3955,3965,3900,3955,21095,0.0
2023-10-16,3955,3970,3920,3960,24232,0.0012642225031604948
2023-10-17,4250,4250,3930,4010,26270,0.012626262626262541
2023-10-18,4045,4045,3930,4030,41187,0.004987531172069737
2023-10-19,4030,4030,3945,3965,20154,-0.016129032258064502
2023-10-20,3965,3965,3865,3880,54615,-0.021437578814628044
2023-10-23,3880,3910,3850,3860,15125,-0.005154639175257714
2023-10-24,3750,3880,3750,3880,30131,0.005181347150259086
2023-10-25,3900,3945,3870,3925,12748,0.011597938144329856
2023-10-26,3925,3990,3850,3860,24113,-0.016560509554140124
2023-10-27,3865,3990,3850,3855,13157,-0.0012953367875647714
2023-10-30,3855,3920,3750,3770,63270,-0.022049286640726362
2023-10-31,3785,3815,3760,3770,18868,0.0
2023-11-01,3770,3840,3700,3790,8733,0.0053050397877985045
2023-11-02,3790,3855,3790,3815,27043,0.006596306068601621
2023-11-03,3820,3845,3800,3830,19806,0.003931847968545288
2023-11-06,3880,3925,3835,3915,32544,0.022193211488250597
2023-11-07,3910,3930,3850,3885,16267,-0.007662835249042099
2023-11-08,3855,3910,3830,3860,17426,-0.006435006435006385
2023-11-09,3860,3880,3830,3870,14165,0.002590673575129543
2023-11-10,3870,3875,3815,3850,18218,-0.0051679586563307955
2023-11-13,3850,3870,3790,3805,33019,-0.011688311688311637
2023-11-14,3790,3845,3765,3845,34875,0.010512483574244502
2023-11-15,3880,3945,3840,3940,29525,0.024707412223667014
2023-11-16,3965,3970,3910,3935,7614,-0.0012690355329949554
2023-11-17,3900,3940,3835,3875,32135,-0.015247776365946653
2023-11-20,3880,3910,3830,3910,28135,0.00903225806451613
2023-11-21,3890,3950,3890,3940,11963,0.007672634271099765
2023-11-22,3995,3995,3915,3940,13174,0.0
2023-11-23,3955,3955,3905,3930,16161,-0.0025380710659898
2023-11-24,3900,3945,3885,3885,31098,-0.011450381679389277
2023-11-27,3885,3960,3815,3905,27040,0.005148005148005064
2023-11-28,3905,3925,3885,3900,13612,-0.001280409731113985
2023-11-29,3900,3920,3865,3900,12457,0.0
2023-11-30,3920,3920,3865,3905,12557,0.0012820512820512775
2023-12-01,3905,3930,3895,3930,10307,0.006402048655569814
2023-12-04,3905,4145,3905,3995,126430,0.01653944020356235
2023-12-05,4005,4075,4000,4060,34011,0.016270337922402955
2023-12-06,3985,4090,3985,4075,32081,0.003694581280788256
2023-12-07,4075,4135,4025,4130,52943,0.013496932515337345
2023-12-08,4100,4155,4075,4090,30586,-0.009685230024213065
2023-12-11,4090,4110,4015,4075,16267,-0.003667481662591676
2023-12-12,4085,4085,4025,4030,23597,-0.011042944785276121
2023-12-13,4070,4095,3915,3915,95627,-0.028535980148883366
2023-12-14,3965,3975,3920,3935,23362,0.005108556832694733
2023-12-15,3950,3970,3940,3960,11976,0.006353240152477735
2023-12-18,3960,3965,3830,3870,87589,-0.022727272727272707
2023-12-19,3870,3905,3850,3895,21956,0.006459948320413522
2023-12-20,3920,3935,3840,3895,20666,0.0
2023-12-21,3935,3935,3850,3870,22594,-0.006418485237484006
2023-12-22,3900,3900,3850,3880,27517,0.0025839793281654533
2023-12-26,3880,3880,3800,3845,70376,-0.009020618556700999
2023-12-27,3945,3945,3820,3845,22753,0.0
2023-12-28,3810,3900,3810,3875,25002,0.007802340702210753
2024-01-02,3850,3885,3845,3860,21655,-0.003870967741935516
2024-01-03,3810,3885,3810,3840,19767,-0.005181347150259086
2024-01-04,3885,3885,3815,3835,22119,-0.0013020833333333703
2024-01-05,3835,3865,3810,3865,57948,0.007822685788787531
2024-01-08,3900,4015,3865,3905,61404,0.010349288486416475
2024-01-09,3935,3935,3875,3910,37036,0.001280409731113874
2024-01-10,3875,3970,3830,3895,34806,-0.0038363171355498826
2024-01-11,3905,3950,3865,3930,39429,0.00898587933247752
2024-01-12,3920,4050,3890,3960,83061,0.007633587786259444
2024-01-15,3960,3960,3900,3935,25247,-0.0063131313131312705
2024-01-16,3950,3970,3880,3930,23407,-0.0012706480304955914
2024-01-17,3895,3940,3830,3830,39422,-0.025445292620865145
2024-01-18,3810,3865,3800,3840,29554,0.0026109660574411553
2024-01-19,4050,4990,4040,4300,5975700,0.11979166666666674
2024-01-22,4200,4280,4010,4165,769499,-0.03139534883720929
2024-01-23,4135,4770,3980,4205,2295433,0.009603841536614643
2024-01-24,5150,5150,4330,4360,2342719,0.03686087990487508
2024-01-25,4335,4335,4190,4200,2530562,-0.03669724770642202
2024-01-26,4270,4320,4200,4210,199108,0.0023809523809523725
2024-01-29,4295,4295,4115,4245,171006,0.008313539192398967
2024-01-30,4265,4420,4260,4410,209396,0.03886925795053009
2024-01-31,4480,4500,4225,4275,140433,-0.030612244897959218
2024-02-01,4220,4490,4215,4440,245145,0.03859649122807007
2024-02-02,4400,4525,4330,4505,162304,0.014639639639639546
2024-02-05,4545,4545,4410,4535,106583,0.006659267480577213
2024-02-06,4490,4525,4360,4390,94347,-0.0319735391400221
2024-02-07,4360,4430,4335,4380,73256,-0.002277904328018221
2024-02-08,4350,4420,4350,4385,60520,0.0011415525114155667
2024-02-13,4365,4405,4290,4330,83962,-0.012542759407069504
2024-02-14,4325,4370,4240,4275,54284,-0.012702078521939941
2024-02-15,4350,4350,4250,4270,36214,-0.0011695906432748204
2024-02-16,4270,4330,4170,4320,98667,0.011709601873536313
2024-02-19,4325,4470,4320,4470,154103,0.03472222222222232
2024-02-20,4470,4470,4330,4370,84262,-0.022371364653243853
2024-02-21,4370,4660,4345,4625,371100,0.0583524027459954
2024-02-22,4415,4495,4280,4370,227735,-0.05513513513513513
2024-02-23,4385,4500,4350,4450,108084,0.01830663615560635
2024-02-26,4410,4410,4260,4320,96833,-0.02921348314606742
2024-02-27,4320,4370,4270,4310,55707,-0.0023148148148147696
2024-02-28,4310,4360,4280,4350,27029,0.009280742459396807
2024-02-29,4350,4380,4295,4345,41558,-0.0011494252873562871
2024-03-04,4360,4380,4295,4300,50016,-0.010356731875719172
2024-03-05,4270,4370,4235,4270,72316,-0.006976744186046546
2024-03-06,4270,4315,4235,4305,21057,0.008196721311475308
2024-03-07,4305,4305,4250,4270,23836,-0.008130081300813052
2024-03-08,4250,4275,4240,4260,41850,-0.0023419203747072626
2024-03-11,4260,4280,4205,4215,63887,-0.010563380281690127
2024-03-12,4210,4235,4190,4230,30162,0.003558718861210064
2024-03-13,4230,4325,4210,4275,37650,0.010638297872340496
2024-03-14,4340,4405,4275,4380,89256,0.024561403508772006
2024-03-15,4420,5440,4365,4710,4106143,0.07534246575342474
2024-03-18,4650,4685,4550,4665,474193,-0.009554140127388533
2024-03-19,4620,4620,4400,4460,305603,-0.04394426580921762
2024-03-20,4460,4495,4390,4410,122145,-0.011210762331838597
2024-03-21,4405,4515,4385,4470,100538,0.013605442176870763
2024-03-22,4475,4555,4425,4505,89601,0.007829977628635243
2024-03-25,4510,4620,4510,4555,99182,0.011098779134295134
2024-03-26,4525,4585,4515,4555,67543,0.0
2024-03-27,4545,4600,4525,4570,92908,0.003293084522502765
2024-03-28,4570,4585,4445,4495,140547,-0.01641137855579866
2024-03-29,4495,5840,4475,5020,4451779,0.1167964404894326
2024-04-01,5520,5650,4745,4745,2913865,-0.054780876494023856
2024-04-02,4710,4715,4530,4595,400589,-0.03161222339304526
2024-04-03,4550,4595,4460,4470,260703,-0.027203482045701888
2024-04-04,4495,4525,4410,4420,181587,-0.01118568232662187
2024-04-05,4400,4510,4395,4480,147111,0.013574660633484115
2024-04-08,4500,4530,4425,4485,69946,0.0011160714285713969
2024-04-09,4485,4580,4460,4555,114351,0.015607580824972045
2024-04-11,4540,4540,4420,4455,71248,-0.021953896816684915
2024-04-12,4455,4500,4410,4420,70507,-0.007856341189674487
2024-04-15,4380,4490,4255,4470,99641,0.011312217194570096
2024-04-16,4460,4460,4355,4385,58947,-0.019015659955257225
2024-04-17,4400,4445,4360,4380,46105,-0.0011402508551880963
2024-04-18,4380,4495,4310,4490,41092,0.02511415525114158
2024-04-19,4450,4490,4365,4480,54128,-0.00222717149220486
2024-04-22,4480,4595,4475,4580,96112,0.022321428571428603
2024-04-23,4580,4725,4550,4700,164556,0.026200873362445476
2024-04-24,4695,4860,4635,4820,176040,0.025531914893617058
2024-04-25,4780,4875,4735,4820,116334,0.0
2024-04-26,4750,4935,4750,4920,132149,0.020746887966804906
2024-04-29,4920,5050,4920,5030,148297,0.022357723577235866
2024-04-30,5040,5060,4940,4980,99136,-0.00994035785288272
2024-05-02,5000,5070,4960,5040,91819,0.012048192771084265
2024-05-03,5050,5070,4860,5020,104407,-0.003968253968253954
2024-05-07,5020,5040,4885,4980,124127,-0.007968127490039834
2024-05-08,4915,5000,4915,4920,55675,-0.012048192771084376
2024-05-09,4965,4985,4820,4870,65066,-0.010162601626016232
2024-05-10,4895,5020,4830,4985,72654,0.02361396303901442
2024-05-13,4980,5180,4960,5080,161908,0.01905717151454356
2024-05-14,5170,5350,5100,5270,344190,0.03740157480314954
2024-05-16,5330,5350,5140,5200,102635,-0.013282732447817858
2024-05-17,5110,5270,5110,5130,58236,-0.013461538461538414
2024-05-20,5120,5210,5060,5130,142864,0.0
2024-05-21,5080,5160,5010,5010,99792,-0.023391812865497075
2024-05-22,5090,5300,4985,5290,272114,0.055888223552894134
2024-05-23,5280,5280,5120,5160,127444,-0.02457466918714557
2024-05-24,5200,5370,5100,5270,129405,0.02131782945736438
2024-05-27,5330,5430,5280,5290,175584,0.00379506641366234
2024-05-28,5290,5510,5210,5480,239718,0.03591682419659725
2024-05-29,5480,5800,5350,5560,445592,0.014598540145985384
2024-05-30,5550,5560,5310,5490,180873,-0.01258992805755399
2024-05-31,5500,5800,5420,5510,414572,0.0036429872495447047
2024-06-03,5410,5480,5210,5210,208674,-0.05444646098003625
2024-06-04,5270,5270,5140,5170,124502,-0.007677543186180413
2024-06-05,5170,5200,4890,5100,186956,-0.013539651837524147
2024-06-07,5010,5240,5000,5130,81106,0.00588235294117645
2024-06-10,5150,5170,5020,5090,45126,-0.007797270955165692
2024-06-11,5090,5160,5020,5100,48240,0.0019646365422396617
2024-06-12,5100,5120,5010,5080,56162,-0.0039215686274509665
2024-06-13,5140,5140,5010,5060,72416,-0.003937007874015741
2024-06-14,5100,5120,4990,5070,64206,0.0019762845849802257
2024-06-17,5070,5110,4965,4975,55440,-0.018737672583826415
2024-06-18,4955,5050,4920,4995,70151,0.004020100502512669
2024-06-19,5000,5060,4980,5010,32428,0.0030030030030030463
2024-06-20,5010,5200,4875,5180,84664,0.03393213572854292
2024-06-21,5170,5210,5090,5140,54087,-0.007722007722007707
2024-06-24,5140,5180,5070,5100,46373,-0.0077821011673151474
2024-06-25,5120,5370,5070,5200,112479,0.019607843137254832
2024-06-26,5180,5260,5140,5230,79713,0.005769230769230749
2024-06-27,5230,5260,5130,5130,64853,-0.019120458891013437
2024-06-28,5130,5190,5090,5160,35698,0.005847953216374213
2024-07-01,5160,5260,5150,5210,47465,0.009689922480620172
2024-07-02,5200,5240,5070,5120,41355,-0.017274472168905985
2024-07-03,5070,5160,5000,5130,63034,0.001953125
2024-07-04,5130,5410,5080,5380,169653,0.04873294346978563
2024-07-05,5380,5380,5150,5210,85658,-0.03159851301115246
2024-07-08,5230,5270,5090,5090,169192,-0.02303262955854124
2024-07-09,5110,5110,5050,5090,96370,0.0
2024-07-10,5070,5190,5070,5160,24073,0.013752455795677854
2024-07-11,5180,5230,5130,5160,45405,0.0
2024-07-12,5220,5220,5070,5070,68087,-0.01744186046511631
2024-07-15,5070,5140,5070,5130,27121,0.01183431952662728
2024-07-16,5160,5180,5060,5090,53292,-0.007797270955165692
2024-07-17,5100,5150,5080,5080,46251,-0.0019646365422396617
2024-07-18,5080,5110,4970,5020,110715,-0.011811023622047223
2024-07-19,5010,5040,4920,4940,76222,-0.015936254980079667
2024-07-22,4910,5000,4785,4805,146500,-0.027327935222672073
2024-07-23,4900,4915,4850,4915,29650,0.02289281997918824
2024-07-24,4865,4930,4850,4910,30569,-0.0010172939979654627
2024-07-25,4905,4905,4775,4845,38762,-0.013238289205702691
2024-07-26,4845,4920,4845,4910,24180,0.013415892672858698
2024-07-29,4930,5000,4910,4920,21988,0.0020366598778003286
2024-07-30,4920,4930,4840,4840,41682,-0.016260162601625994
2024-07-31,4840,4895,4820,4895,26002,0.011363636363636465
2024-08-01,4895,4960,4885,4935,25627,0.008171603677221695
2024-08-02,4790,4895,4700,4715,88956,-0.04457953394123604
2024-08-05,4820,4820,4250,4335,210216,-0.08059384941675507
2024-08-06,4230,4525,4230,4405,83659,0.016147635524798254
2024-08-07,4440,4660,4440,4540,49966,0.030646992054483624
2024-08-08,4535,4800,4465,4705,42101,0.03634361233480177
2024-08-09,4715,4805,4715,4735,29043,0.006376195536663021
2024-08-12,4735,4810,4660,4715,26754,-0.004223864836325197
2024-08-13,4715,4750,4610,4715,11348,0.0
2024-08-14,4725,4860,4690,4860,49149,0.030752916224814353
2024-08-16,4825,4925,4825,4925,28573,0.01337448559670773
2024-08-19,4925,4925,4845,4870,21407,-0.011167512690355319
2024-08-20,4895,4965,4860,4955,21044,0.017453798767967044
2024-08-21,4955,4960,4875,4930,14394,-0.005045408678102881
2024-08-22,4980,4980,4880,4945,18319,0.0030425963488844854
2024-08-23,4920,4945,4880,4885,21992,-0.01213346814964611
2024-08-26,4885,4900,4845,4865,27339,-0.004094165813715467
2024-08-27,4880,4880,4800,4800,20590,-0.01336073997944498
2024-08-28,4800,4800,4690,4700,43877,-0.02083333333333337
2024-08-29,4730,4740,4655,4700,21062,0.0
2024-08-30,4725,4745,4670,4700,12479,0.0
2024-09-02,4705,4720,4590,4625,12288,-0.015957446808510634
2024-09-03,4580,4770,4580,4720,22683,0.020540540540540553
2024-09-04,4715,4770,4550,4640,26281,-0.016949152542372836
2024-09-05,4640,4735,4495,4545,66427,-0.020474137931034475
2024-09-06,4550,4610,4320,4555,49742,0.002200220022002153
2024-09-09,4495,4570,4280,4570,14898,0.003293084522502765
2024-09-10,4570,4570,4490,4530,10914,-0.008752735229759279
2024-09-11,4555,4555,4300,4415,33197,-0.025386313465783683
2024-09-12,4420,4505,4410,4480,43365,0.014722536806341946
2024-09-13,4480,4570,4480,4550,17261,0.015625
2024-09-19,4505,4580,4505,4550,11501,0.0
2024-09-20,4585,4590,4300,4590,71051,0.00879120879120876
2024-09-23,4590,4715,4560,4700,49426,0.023965141612200425
2024-09-24,4710,4730,4630,4660,23701,-0.008510638297872353
2024-09-25,4610,4665,4610,4645,16922,-0.0032188841201716833
2024-09-26,4645,4690,4630,4645,17098,0.0
2024-09-27,4645,4665,4580,4635,22544,-0.0021528525296017342
2024-09-30,4660,4660,4460,4555,20510,-0.017259978425027023
2024-10-02,4555,4555,4435,4450,12969,-0.023051591657519244
2024-10-04,4430,4485,4415,4415,8843,-0.00786516853932584
2024-10-07,4465,4465,4395,4420,12043,0.0011325028312569874
2024-10-08,4460,4460,4360,4420,4344,0.0
2024-10-10,4400,4450,4360,4420,14006,0.0
2024-10-11,4390,4420,4350,4380,19960,-0.009049773755656076
2024-10-14,4380,4440,4380,4440,10904,0.013698630136986356
2024-10-15,4460,4475,4395,4465,17291,0.005630630630630629
2024-10-16,4415,4465,4395,4425,12781,-0.00895856662933936
2024-10-17,4480,4480,4375,4375,14166,-0.011299435028248594
2024-10-18,4375,4440,4355,4400,16632,0.005714285714285783
2024-10-21,4395,4410,4320,4395,43186,-0.001136363636363602
2024-10-22,4350,4395,4265,4270,60578,-0.028441410693970437
2024-10-23,4260,4460,4240,4390,44909,0.02810304449648715
2024-10-24,4375,4430,4350,4410,16167,0.004555808656036442
2024-10-25,4365,4410,4360,4400,16102,-0.0022675736961451642
2024-10-28,4410,4420,4360,4410,5399,0.002272727272727204
2024-10-29,4430,4430,4390,4400,8832,-0.0022675736961451642
2024-10-30,4445,4445,4385,4420,25839,0.00454545454545463
2024-10-31,4450,4450,4390,4415,15250,-0.0011312217194570096
2024-11-01,4430,4430,4395,4395,10540,-0.0045300113250282825
2024-11-04,4400,4585,4385,4430,19600,0.007963594994311762
2024-11-05,4430,4470,4430,4435,9744,0.0011286681715576563
2024-11-06,4450,4465,4390,4410,62286,-0.005636978579481422
2024-11-07,4440,4475,4395,4455,17309,0.010204081632652962
2024-11-08,4490,4490,4410,4445,28979,-0.002244668911335568
2024-11-11,4445,4470,4365,4370,22439,-0.01687289088863897
2024-11-12,4400,4400,4280,4280,37350,-0.020594965675057253
2024-11-13,4250,4395,4025,4100,31995,-0.04205607476635509
2024-11-14,4100,4150,4095,4095,18485,-0.0012195121951219523
2024-11-15,4110,4110,3970,4045,23120,-0.012210012210012167
2024-11-18,4040,4150,4040,4040,28903,-0.0012360939431397266
2024-11-19,4040,4135,4020,4055,6907,0.003712871287128605
2024-11-20,4050,4100,4030,4075,14282,0.004932182490752224
2024-11-21,4060,4150,4060,4150,10851,0.018404907975460016
2024-11-22,4150,4200,4150,4160,18299,0.002409638554216942
2024-11-25,4160,4230,4160,4180,14241,0.004807692307692291
2024-11-26,4160,4200,4100,4140,15711,-0.009569377990430672
2024-11-27,4145,4165,4100,4120,16005,-0.004830917874396157
2024-11-28,4080,4150,4080,4100,11457,-0.004854368932038833
2024-11-29,4100,4125,3955,3955,55991,-0.03536585365853662
2024-12-02,3970,4010,3955,4000,14754,0.011378002528444897
2024-12-03,4000,4095,3990,4030,23956,0.007500000000000062
2024-12-04,3920,4025,3890,3910,47027,-0.02977667493796521
2024-12-05,3910,3910,3840,3845,41114,-0.01662404092071612
2024-12-06,3845,3885,3730,3790,75689,-0.014304291287386195
2024-12-09,3685,3795,3500,3650,36962,-0.03693931398416883
2024-12-10,3605,3820,3605,3820,28961,0.046575342465753344
2024-12-11,3810,3935,3805,3920,10917,0.02617801047120416
2024-12-12,3920,4050,3915,3930,36444,0.0025510204081633514
2024-12-13,3930,4040,3920,3985,10239,0.013994910941475869
2024-12-16,3985,4045,3910,3990,9635,0.0012547051442910462
2024-12-17,4120,4120,3980,4010,11715,0.005012531328320913
2024-12-18,4010,4090,3975,4055,21379,0.01122194513715713
2024-12-19,4050,4080,3975,4040,11655,-0.0036991368680641123
2024-12-20,4040,4040,3960,4000,18464,-0.00990099009900991
2024-12-23,4000,4020,3980,4000,10648,0.0
2024-12-24,4080,4080,3955,4000,19560,0.0
2024-12-26,4000,4035,3980,3985,16744,-0.003750000000000031
2024-12-27,3985,3985,3870,3875,12768,-0.027603513174404015
2024-12-30,3870,3905,3820,3830,5874,-0.011612903225806437
2025-01-02,3830,3835,3605,3745,57700,-0.022193211488250708
2025-01-03,3745,3795,3720,3750,13655,0.001335113484646211
2025-01-06,3750,3835,3705,3755,76205,0.0013333333333334085
2025-01-07,3760,3790,3755,3755,21176,0.0
2025-01-08,3750,3785,3735,3745,25374,-0.0026631158455392434
2025-01-09,3785,3785,3705,3735,17346,-0.002670226969292422
2025-01-10,3735,3765,3715,3735,9127,0.0
2025-01-13,3750,3770,3700,3705,19775,-0.008032128514056214
2025-01-14,3705,3740,3680,3700,15714,-0.0013495276653171517
2025-01-15,3740,3740,3695,3700,17110,0.0
2025-01-16,3720,3740,3715,3735,8730,0.009459459459459474
2025-01-17,3735,4700,3730,3995,1572425,0.06961178045515393
2025-01-20,3995,4075,3900,4015,143678,0.005006257822277815
2025-01-21,4030,4035,3950,3950,43436,-0.016189290161892855
2025-01-22,4020,4020,3955,3985,32965,0.008860759493670933
2025-01-23,3985,4040,3970,4015,43447,0.007528230865746499
2025-01-24,4045,4110,3995,4015,36963,0.0
2025-01-31,4015,4015,3930,3990,16850,-0.0062266500622665255
2025-02-03,3995,4050,3925,3940,29867,-0.01253132832080206
2025-02-04,3945,4020,3920,4010,17811,0.017766497461928932
2025-02-05,4040,4040,3985,4000,11076,-0.0024937655860348684
2025-02-06,4010,4015,3980,4000,5400,0.0
2025-02-07,4000,4010,3920,3925,35667,-0.018750000000000044
2025-02-10,3925,3975,3880,3925,16933,0.0
2025-02-11,3950,3975,3840,3870,43865,-0.014012738853503182
2025-02-12,3850,4240,3835,3885,348217,0.003875968992248069
2025-02-13,3860,3935,3825,3890,52969,0.0012870012870012104
2025-02-14,3890,3930,3870,3930,16409,0.010282776349614497
2025-02-17,3930,3990,3930,3985,18766,0.013994910941475869
2025-02-18,4000,4020,3940,3940,34458,-0.01129234629861986
2025-02-19,4030,4080,4010,4050,42355,0.027918781725888353
2025-02-20,4030,4075,4030,4055,20682,0.0012345679012346622
2025-02-21,4055,4070,4025,4045,16059,-0.002466091245376112
2025-02-24,4055,4060,4000,4005,14049,-0.00988875154511748
2025-02-25,4025,4060,4005,4010,7420,0.0012484394506866447
2025-02-26,4010,4045,3995,4045,9708,0.008728179551122262
2025-02-27,4045,4060,4005,4025,17384,-0.0049443757725586845
2025-02-28,4025,4025,3975,3980,18367,-0.011180124223602483
2025-03-04,4000,4030,3980,4005,8394,0.00628140703517599
2025-03-05,4020,4020,3985,4010,8074,0.0012484394506866447
2025-03-06,4020,4050,4010,4025,12848,0.0037406483790523026
2025-03-07,4025,4025,3985,3995,10095,-0.007453416149068359
2025-03-10,4035,4035,3975,3995,12214,0.0
2025-03-11,3950,4025,3850,3925,26804,-0.017521902377972465
2025-03-12,3925,3930,3700,3775,185714,-0.03821656050955413
2025-03-13,3800,3855,3780,3790,35005,0.003973509933774766
2025-03-14,3820,3820,3780,3810,16200,0.005277044854881341
2025-03-17,3800,3840,3750,3770,26035,-0.01049868766404205
2025-03-18,3800,3800,3700,3725,45610,-0.011936339522546469
2025-03-19,3700,3780,3650,3725,27852,0.0
2025-03-20,3740,3740,3680,3680,54125,-0.012080536912751683
2025-03-21,3685,3700,3655,3675,47945,-0.0013586956521739468
2025-03-24,3705,3710,3680,3710,16643,0.00952380952380949
2025-03-25,3710,3735,3685,3695,16223,-0.0040431266846361336
2025-03-26,3700,3750,3695,3735,22015,0.010825439783491264
2025-03-27,3650,3740,3650,3740,21967,0.0013386880856760541
2025-03-28,3740,3740,3640,3735,19379,-0.0013368983957219305
2025-03-31,3735,3735,3625,3625,20929,-0.029451137884872858
2025-04-01,3600,3685,3600,3670,12176,0.012413793103448256
2025-04-02,3695,3695,3590,3600,31092,-0.019073569482288777
2025-04-03,3600,3630,3480,3555,33130,-0.012499999999999956
2025-04-04,3555,3735,3525,3700,56067,0.04078762306610417
2025-04-07,3655,3655,3495,3495,59555,-0.055405405405405395
2025-04-08,3530,3740,3500,3505,42298,0.0028612303290413976
2025-04-09,3535,3535,3370,3375,69589,-0.03708987161198285
2025-04-10,3460,3565,3460,3555,17656,0.05333333333333323
2025-04-11,3530,3625,3395,3590,9906,0.009845288326300938
2025-04-14,3555,3700,3555,3650,13745,0.01671309192200554
2025-04-15,3655,3690,3600,3665,8571,0.004109589041095818
2025-04-16,3665,3670,3635,3645,8086,-0.00545702592087316
2025-04-17,3690,3690,3625,3650,6636,0.00137174211248281
2025-04-18,3670,3740,3660,3730,14170,0.021917808219177992
2025-04-21,3800,3800,3735,3745,20889,0.004021447721179516
2025-04-22,3785,3830,3755,3830,20465,0.022696929238985364
2025-04-23,3840,3840,3790,3815,13498,-0.003916449086161844
2025-04-24,3815,3840,3805,3835,8696,0.005242463958060384
2025-04-25,3845,3865,3825,3855,18685,0.0052151238591917615
2025-04-28,3855,3885,3825,3825,22974,-0.0077821011673151474
2025-04-29,3855,3905,3825,3900,14418,0.019607843137254832
2025-04-30,3910,4025,3910,4000,60161,0.02564102564102555
2025-05-02,4000,4000,3875,3965,37394,-0.008750000000000036
2025-05-07,4015,4015,3910,3925,25411,-0.010088272383354302
2025-05-08,3955,3955,3890,3940,29164,0.003821656050955413
2025-05-09,3940,3940,3895,3940,25429,0.0
2025-05-12,3950,4320,3945,4100,207909,0.04060913705583746
2025-05-13,4100,4210,4015,4090,58419,-0.0024390243902439046
2025-05-14,4120,4140,4070,4100,45967,0.0024449877750611915
2025-05-15,4105,4105,4025,4025,53405,-0.018292682926829285
2025-05-16,4030,4130,4025,4055,36293,0.007453416149068248
2025-05-19,4060,4060,3940,3980,28825,-0.018495684340320562
2025-05-20,4020,4125,4010,4080,25785,0.025125628140703515
2025-05-21,4080,4190,4075,4180,70228,0.02450980392156854
2025-05-22,4180,4280,4135,4160,89857,-0.004784688995215336
2025-05-23,4165,4220,4145,4160,23121,0.0
2025-05-26,4165,4220,4125,4135,40884,-0.006009615384615419
2025-05-27,4140,4140,4040,4045,57725,-0.021765417170495738
2025-05-28,4090,4205,4035,4180,91448,0.03337453646477129
2025-05-29,4190,4870,4190,4600,2367147,0.1004784688995215
2025-05-30,4620,4840,4475,4505,692496,-0.020652173913043526
2025-06-02,4505,4635,4405,4475,150738,-0.006659267480577102
2025-06-04,4520,5090,4520,4810,1409266,0.07486033519553081
2025-06-05,4905,4905,4735,4795,333535,-0.0031185031185031464
2025-06-09,4895,5130,4810,4890,641488,0.019812304483837417
2025-06-10,4890,4920,4735,4750,225345,-0.02862985685071573
2025-06-11,4750,4850,4665,4830,200693,0.01684210526315799
2025-06-12,4880,5020,4830,4895,378960,0.013457556935817738
2025-06-13,4930,5080,4715,4795,249990,-0.020429009193054126
2025-06-16,4690,4900,4690,4885,179403,0.018769551616266922
2025-06-17,4990,5030,4775,4865,272245,-0.004094165813715467
2025-06-18,4850,4905,4750,4885,2371004,0.004110996916752319
2025-06-19,4895,4950,4800,4890,132212,0.0010235414534287557
2025-06-20,4870,4930,4800,4865,110727,-0.005112474437627856
2025-06-23,4855,4960,4755,4940,196990,0.01541623843782114
2025-06-24,5000,5120,5000,5060,303779,0.02429149797570851
2025-06-25,5080,5120,4995,5120,204114,0.011857707509881354
2025-06-26,5140,5140,4860,4935,262760,-0.0361328125
2025-06-27,4975,5000,4885,4925,104115,-0.0020263424518743856
2025-06-30,4925,4995,4890,4920,104518,-0.0010152284263958977
2025-07-01,4960,5330,4955,5230,756415,0.0630081300813008
2025-07-02,5240,5370,4990,5110,299410,-0.02294455066921608
2025-07-03,5140,5150,5000,5060,172184,-0.009784735812133127
2025-07-04,5070,5090,4795,4815,267601,-0.048418972332015864
2025-07-07,4800,4920,4775,4825,138981,0.0020768431983384517
2025-07-08,4825,5190,4825,5160,329854,0.0694300518134714
2025-07-09,5210,5930,5130,5550,2141643,0.07558139534883712
2025-07-10,5560,5810,5410,5650,685861,0.018018018018018056
2025-07-11,5750,6950,5710,6450,5392586,0.1415929203539823
2025-07-14,6520,6570,6380,6510,1290552,0.009302325581395321
2025-07-15,6500,6500,6210,6260,737779,-0.03840245775729645
2025-07-16,6190,6200,5950,6020,492630,-0.03833865814696491
2025-07-17,6030,6050,5810,5860,310684,-0.02657807308970095
2025-07-18,5860,5860,5550,5670,373691,-0.03242320819112632
2025-07-21,5670,5670,5530,5570,186907,-0.01763668430335097
2025-07-22,5630,5690,5440,5530,363052,-0.007181328545781018
2025-07-23,5510,5530,5270,5360,266224,-0.030741410488245968
2025-07-24,5370,5460,5160,5260,292347,-0.018656716417910446
2025-07-25,5290,5320,5200,5270,168318,0.0019011406844107182
2025-07-28,5280,5280,4960,4985,348620,-0.054079696394686905
2025-07-29,4985,5100,4905,5060,168060,0.015045135406218657
2025-07-30,5090,5100,5000,5050,107714,-0.0019762845849802257
2025-07-31,5090,5120,5000,5020,111612,-0.005940594059405946
2025-08-01,5000,5000,4770,4865,291775,-0.030876494023904355
2025-08-04,4805,5000,4785,4990,124661,0.025693730729702047
2025-08-05,5030,5110,4985,5070,136308,0.01603206412825653
2025-08-06,5030,5100,5010,5080,80624,0.0019723865877712132
2025-08-07,5150,5150,5040,5070,61478,-0.0019685039370078705
2025-08-08,5060,5080,5000,5030,87659,-0.007889546351084853
2025-08-11,5020,5020,4925,4955,80909,-0.01491053677932408
2025-08-12,4930,5140,4930,5000,109567,0.00908173562058523
2025-08-13,5050,5090,4965,5010,56726,0.0020000000000000018
2025-08-14,5010,5150,4990,5060,88720,0.009980039920159722
2025-08-18,5050,5120,4975,5120,165218,0.011857707509881354
2025-08-19,5080,5120,4995,5070,99592,-0.009765625
2025-08-20,5000,5070,4900,5070,179862,0.0
2025-08-21,5040,5080,4960,4960,66297,-0.021696252465483234
2025-08-22,4960,5020,4915,4995,70106,0.007056451612903247
2025-08-25,5030,5100,4995,5070,92807,0.01501501501501501
2025-08-26,5030,5060,4910,4910,109743,-0.0315581854043393
2025-08-27,4940,4970,4855,4880,66286,-0.006109979633401208
2025-08-28,4880,5040,4835,5030,146258,0.03073770491803285
2025-08-29,5040,5070,4995,5060,86517,0.005964214711729587
2025-09-01,5010,5080,4995,5010,62769,-0.00988142292490124
2025-09-02,4990,5100,4990,5030,82099,0.003992015968063978
2025-09-03,4985,5030,4955,4985,40594,-0.008946322067594381
2025-09-04,4985,5030,4940,5020,46633,0.007021063189568633
2025-09-05,4985,5070,4985,4985,55287,-0.006972111553784854
2025-09-08,4980,5170,4980,5130,146066,0.029087261785356144
2025-09-09,5140,5470,5130,5350,544957,0.042884990253411415
2025-09-10,5460,5700,5360,5660,664467,0.05794392523364489
2025-09-11,5630,5630,5420,5480,348948,-0.03180212014134276
2025-09-12,5650,5660,5450,5470,215329,-0.0018248175182481452
2025-09-15,5630,5740,5530,5600,396050,0.02376599634369292
2025-09-16,5600,5610,5500,5510,141015,-0.016071428571428625
2025-09-17,5480,5490,5370,5400,90607,-0.019963702359346636
2025-09-18,5460,5530,5400,5520,99494,0.022222222222222143
2025-09-19,5500,5540,5410,5460,63256,-0.010869565217391353
2025-09-22,5410,5490,5390,5430,74941,-0.005494505494505475
2025-09-23,5440,5460,5330,5340,88538,-0.016574585635359074
2025-09-24,5320,5320,5170,5200,104503,-0.02621722846441943
2025-09-25,5180,5260,5160,5220,58810,0.0038461538461538325
2025-09-26,5230,5260,5070,5080,123748,-0.026819923371647514
2025-09-29,5090,5300,5090,5250,63582,0.0334645669291338
2025-09-30,5260,5280,5140,5160,91524,-0.017142857142857126
2025-10-01,5180,5240,5090,5110,78163,-0.009689922480620172
2025-10-02,5140,5300,5120,5170,86944,0.011741682974559797
2025-10-10,5230,5270,5170,5210,92823,0.007736943907156624
2025-10-13,5090,5170,5030,5100,65483,-0.021113243761996192
2025-10-14,5080,5160,5010,5040,144950,-0.0117647058823529
2025-10-15,5040,5190,5040,5190,46812,0.029761904761904656
2025-10-16,5220,5420,5220,5290,208137,0.019267822736030782
2025-10-17,5260,5280,5140,5140,112760,-0.02835538752362954
2025-10-20,5140,5500,5130,5500,236897,0.07003891050583655
2025-10-21,5530,5590,5400,5410,180627,-0.016363636363636358
2025-10-22,5400,5450,5260,5420,116997,0.001848428835489857
2025-10-23,5380,5400,5250,5320,97890,-0.01845018450184499
2025-10-24,5380,5460,5320,5420,113974,0.018796992481203034
2025-10-27,5510,5650,5480,5530,250639,0.02029520295202958
2025-10-28,5550,5650,5470,5570,166399,0.00723327305605781
2025-10-29,5620,5620,5450,5460,115586,-0.019748653500897717
2025-10-30,5510,5600,5380,5450,149549,-0.001831501831501825
2025-10-31,5580,5580,5320,5490,111321,0.007339449541284404
2025-11-03,5550,5600,5470,5530,242650,0.007285974499089187
2025-11-04,5530,5530,5330,5330,120912,-0.03616636528028938
2025-11-05,5270,5400,5030,5220,180227,-0.0206378986866792
2025-11-06,5280,5440,5160,5370,99200,0.028735632183908066
2025-11-07,5370,5380,5100,5200,93710,-0.03165735567970207
2025-11-10,5210,5530,5210,5530,232340,0.06346153846153846
2025-11-11,5520,5570,5360,5420,123547,-0.019891500904159143
2025-11-12,5520,5620,5420,5570,218144,0.027675276752767486
2025-11-13,5570,5680,5460,5500,146516,-0.012567324955116699
2025-11-14,5390,5390,5160,5180,330387,-0.05818181818181822
2025-11-17,5220,5220,4990,5110,180935,-0.013513513513513487
2025-11-18,5090,5100,4895,4900,163727,-0.04109589041095896
2025-11-19,4955,4955,4760,4835,145069,-0.013265306122449028
2025-11-20,4910,4965,4890,4935,63546,0.020682523267838704
2025-11-21,4835,4895,4760,4805,62737,-0.02634245187436679
2025-11-24,4820,4840,4710,4720,59681,-0.01768990634755463
2025-11-25,4755,4800,4660,4690,77200,-0.006355932203389814
2025-11-26,4695,4825,4695,4810,38953,0.02558635394456288
2025-11-27,4780,4880,4750,4780,45264,-0.006237006237006182
2025-11-28,4770,4805,4735,4765,60324,-0.003138075313807498
2025-12-01,4770,4835,4715,4770,51357,0.0010493179433368471
2025-12-02,4740,4840,4735,4810,27637,0.008385744234800763
2025-12-03,4790,4925,4790,4860,45681,0.01039501039501034
2025-12-04,4870,4870,4830,4845,49266,-0.0030864197530864335
2025-12-05,4825,4895,4805,4870,37341,0.005159958720330149
2025-12-08,4870,4895,4740,4780,142127,-0.01848049281314168
2025-12-09,4780,4780,4695,4755,76128,-0.005230125523012608
2025-12-10,4755,4780,4720,4755,45840,0.0
2025-12-11,4740,4830,4740,4810,43046,0.011566771819137678
2025-12-12,4780,4940,4780,4935,48337,0.02598752598752596
2025-12-15,4895,4970,4875,4890,51793,-0.00911854103343468
2025-12-16,4880,4910,4840,4850,35940,-0.008179959100204526
2025-12-17,4830,4940,4810,4845,34656,-0.0010309278350515427
2025-12-18,4820,4870,4775,4800,37203,-0.009287925696594423
2025-12-19,4800,4870,4785,4865,63224,0.013541666666666563
2025-12-22,4860,4930,4840,4880,48865,0.0030832476875641834
2025-12-23,4880,4935,4855,4875,60403,-0.0010245901639344135
2025-12-24,4865,4900,4860,4870,46058,-0.0010256410256410664
2025-12-26,4860,4900,4845,4860,58271,-0.002053388090349051
2025-12-29,4815,4860,4790,4835,39059,-0.005144032921810648
2025-12-30,4835,4835,4770,4800,22180,-0.007238883143743546
2026-01-02,4750,4805,4725,4770,67171,-0.006249999999999978
2026-01-05,4755,4880,4755,4820,59412,0.01048218029350112
2026-01-06,4790,4970,4790,4970,128724,0.03112033195020736
2026-01-07,4960,4985,4810,4835,71877,-0.02716297786720323
2026-01-08,4800,4835,4730,4730,68650,-0.02171664943123064
2026-01-09,4725,4760,4690,4760,37447,0.00634249471458781
2026-01-12,4760,4845,4740,4775,76684,0.0031512605042016695
2026-01-13,4760,4820,4725,4775,53740,0.0
2026-01-14,4740,4880,4740,4835,65178,0.012565445026178068
2026-01-15,4800,5000,4800,4920,129508,0.0175801447776629
2026-01-16,4925,5020,4915,4925,100435,0.00101626016260159
2026-01-19,4925,5080,4895,4910,128067,-0.003045685279187804
2026-01-20,4910,5070,4850,5010,195336,0.020366598778004175
2026-01-21,4925,5060,4865,4945,136868,-0.012974051896207595
2026-01-22,4950,5100,4950,4995,152796,0.010111223458038499
2026-01-23,5030,5370,5030,5330,631664,0.067067067067067
2026-01-26,5320,5500,5220,5400,322182,0.013133208255159401
2026-01-27,5400,5500,5220,5410,234145,0.0018518518518517713
2026-01-28,5410,5490,5290,5360,272385,-0.009242144177449174
2026-01-29,5310,6240,5160,5800,1861928,0.08208955223880587
2026-01-30,5850,5860,5640,5700,430168,-0.017241379310344862
2026-02-02,5690,5690,5290,5300,591465,-0.07017543859649122
2026-02-03,5490,5760,5430,5580,369151,0.05283018867924527
2026-02-04,5580,5800,5520,5760,414418,0.032258064516129004
2026-02-05,5670,5790,5540,5580,304169,-0.03125
2026-02-06,5840,5990,5400,5980,1241653,0.07168458781362008
2026-02-09,6140,6150,5940,5980,633261,0.0
2026-02-10,5980,6200,5970,6010,510112,0.0050167224080268635
2026-02-11,6010,6150,5950,6100,454456,0.014975041597337757
2026-02-12,6160,6330,6100,6280,450339,0.029508196721311553
2026-02-13,6520,8070,6420,7610,7025950,0.21178343949044587
2026-02-19,8400,9080,8100,8600,7930593,0.13009198423127466
2026-02-20,8970,9150,8080,8160,2782000,-0.051162790697674376
2026-02-23,8350,8370,7650,7700,1326422,-0.056372549019607865
2026-02-24,7600,7900,7310,7710,840058,0.0012987012987013546
2026-02-25,7930,9080,7680,8190,4738490,0.0622568093385214
2026-02-26,8190,8880,7870,8280,3417139,0.01098901098901095
2026-02-27,8220,8340,7960,8060,673657,-0.02657004830917875
