Date,Open,High,Low,Close,Volume,Dividends,Stock Splits
2022-01-03 00:00:00-05:00,6.079999923706055,6.340000152587891,6.039999961853027,6.28000020980835,652300,0.0,0.0
2022-01-04 00:00:00-05:00,6.309999942779541,6.340000152587891,5.730000019073486,5.840000152587891,884900,0.0,0.0
2022-01-05 00:00:00-05:00,5.849999904632568,5.925000190734863,5.380000114440918,5.389999866485596,560700,0.0,0.0
2022-01-06 00:00:00-05:00,5.400000095367432,5.460000038146973,5.079999923706055,5.179999828338623,861200,0.0,0.0
2022-01-07 00:00:00-05:00,5.239999771118164,5.320000171661377,5.059999942779541,5.230000019073486,691900,0.0,0.0
2022-01-10 00:00:00-05:00,5.25,5.2789998054504395,4.97599983215332,5.230000019073486,521400,0.0,0.0
2022-01-11 00:00:00-05:00,5.230000019073486,5.690000057220459,5.15500020980835,5.599999904632568,890400,0.0,0.0
2022-01-12 00:00:00-05:00,5.684999942779541,5.75,5.289999961853027,5.340000152587891,553400,0.0,0.0
2022-01-13 00:00:00-05:00,5.400000095367432,5.511000156402588,5.119999885559082,5.309999942779541,635800,0.0,0.0
2022-01-14 00:00:00-05:00,5.289999961853027,5.360000133514404,5.170000076293945,5.320000171661377,444100,0.0,0.0
2022-01-18 00:00:00-05:00,5.269999980926514,5.429999828338623,5.119999885559082,5.130000114440918,466300,0.0,0.0
2022-01-19 00:00:00-05:00,5.139999866485596,5.269999980926514,5.039999961853027,5.070000171661377,393200,0.0,0.0
2022-01-20 00:00:00-05:00,5.119999885559082,5.284999847412109,4.980000019073486,5.0,510300,0.0,0.0
2022-01-21 00:00:00-05:00,4.929999828338623,4.980000019073486,4.599999904632568,4.650000095367432,908000,0.0,0.0
2022-01-24 00:00:00-05:00,4.5,4.949999809265137,4.369999885559082,4.909999847412109,907800,0.0,0.0
2022-01-25 00:00:00-05:00,4.809999942779541,4.909999847412109,4.519999980926514,4.650000095367432,669800,0.0,0.0
2022-01-26 00:00:00-05:00,4.800000190734863,4.974999904632568,4.659999847412109,4.730000019073486,763200,0.0,0.0
2022-01-27 00:00:00-05:00,4.769999980926514,4.849999904632568,4.409999847412109,4.440000057220459,437800,0.0,0.0
2022-01-28 00:00:00-05:00,4.400000095367432,4.5,4.215000152587891,4.5,419700,0.0,0.0
2022-01-31 00:00:00-05:00,4.590000152587891,5.070000171661377,4.5,5.070000171661377,782800,0.0,0.0
2022-02-01 00:00:00-05:00,5.170000076293945,5.300000190734863,4.909999847412109,5.159999847412109,1205200,0.0,0.0
2022-02-02 00:00:00-05:00,5.159999847412109,5.289999961853027,4.980000019073486,5.050000190734863,400900,0.0,0.0
2022-02-03 00:00:00-05:00,4.909999847412109,4.980000019073486,4.630000114440918,4.659999847412109,486600,0.0,0.0
2022-02-04 00:00:00-05:00,4.679999828338623,4.980000019073486,4.625,4.900000095367432,421900,0.0,0.0
2022-02-07 00:00:00-05:00,5.039999961853027,5.389999866485596,4.96999979019165,5.309999942779541,876600,0.0,0.0
2022-02-08 00:00:00-05:00,5.289999961853027,5.5,5.190000057220459,5.489999771118164,705800,0.0,0.0
2022-02-09 00:00:00-05:00,5.590000152587891,5.960000038146973,5.510000228881836,5.949999809265137,1033700,0.0,0.0
2022-02-10 00:00:00-05:00,5.840000152587891,6.449999809265137,5.75,6.130000114440918,2140100,0.0,0.0
2022-02-11 00:00:00-05:00,6.099999904632568,6.210000038146973,5.429999828338623,5.710000038146973,3815200,0.0,0.0
2022-02-14 00:00:00-05:00,5.679999828338623,5.739999771118164,5.159999847412109,5.199999809265137,879100,0.0,0.0
2022-02-15 00:00:00-05:00,5.340000152587891,5.570000171661377,5.304999828338623,5.559999942779541,717000,0.0,0.0
2022-02-16 00:00:00-05:00,5.489999771118164,5.630000114440918,5.300000190734863,5.380000114440918,605200,0.0,0.0
2022-02-17 00:00:00-05:00,5.260000228881836,5.285999774932861,4.860000133514404,4.920000076293945,660100,0.0,0.0
2022-02-18 00:00:00-05:00,4.869999885559082,5.0,4.769999980926514,4.829999923706055,560500,0.0,0.0
2022-02-22 00:00:00-05:00,4.724999904632568,4.769999980926514,4.559999942779541,4.579999923706055,949900,0.0,0.0
2022-02-23 00:00:00-05:00,4.630000114440918,4.669000148773193,4.360000133514404,4.389999866485596,1550300,0.0,0.0
2022-02-24 00:00:00-05:00,4.789999961853027,5.619999885559082,4.690000057220459,5.599999904632568,3481900,0.0,0.0
2022-02-25 00:00:00-05:00,5.670000076293945,5.869999885559082,5.389999866485596,5.849999904632568,1623500,0.0,0.0
2022-02-28 00:00:00-05:00,5.78000020980835,5.949999809265137,5.639999866485596,5.849999904632568,1308200,0.0,0.0
2022-03-01 00:00:00-05:00,5.78000020980835,6.045000076293945,5.71999979019165,5.75,566800,0.0,0.0
2022-03-02 00:00:00-05:00,5.829999923706055,5.840000152587891,5.53000020980835,5.710000038146973,1168000,0.0,0.0
2022-03-03 00:00:00-05:00,5.739999771118164,5.795000076293945,5.440000057220459,5.510000228881836,507200,0.0,0.0
2022-03-04 00:00:00-05:00,5.46999979019165,5.550000190734863,5.224999904632568,5.28000020980835,468500,0.0,0.0
2022-03-07 00:00:00-05:00,5.289999961853027,5.65500020980835,5.170000076293945,5.309999942779541,717700,0.0,0.0
2022-03-08 00:00:00-05:00,5.289999961853027,5.659999847412109,5.144999980926514,5.5,1085700,0.0,0.0
2022-03-09 00:00:00-05:00,5.670000076293945,6.019999980926514,5.670000076293945,5.78000020980835,675600,0.0,0.0
2022-03-10 00:00:00-05:00,5.739999771118164,5.860000133514404,5.550000190734863,5.769999980926514,415100,0.0,0.0
2022-03-11 00:00:00-05:00,5.829999923706055,5.829999923706055,5.554999828338623,5.599999904632568,353700,0.0,0.0
2022-03-14 00:00:00-04:00,5.519999980926514,5.679999828338623,5.239999771118164,5.369999885559082,882600,0.0,0.0
2022-03-15 00:00:00-04:00,5.329999923706055,5.590000152587891,5.28000020980835,5.579999923706055,526600,0.0,0.0
2022-03-16 00:00:00-04:00,5.699999809265137,5.880000114440918,5.539999961853027,5.880000114440918,1200400,0.0,0.0
2022-03-17 00:00:00-04:00,5.860000133514404,6.420000076293945,5.795000076293945,6.420000076293945,1090900,0.0,0.0
2022-03-18 00:00:00-04:00,6.289999961853027,6.929999828338623,6.289999961853027,6.920000076293945,1868900,0.0,0.0
2022-03-21 00:00:00-04:00,6.920000076293945,6.940000057220459,6.639999866485596,6.71999979019165,859100,0.0,0.0
2022-03-22 00:00:00-04:00,6.769999980926514,7.519999980926514,6.670000076293945,7.400000095367432,1447400,0.0,0.0
2022-03-23 00:00:00-04:00,7.349999904632568,7.53000020980835,7.0,7.369999885559082,807900,0.0,0.0
2022-03-24 00:00:00-04:00,7.550000190734863,7.860000133514404,7.159999847412109,7.75,1504600,0.0,0.0
2022-03-25 00:00:00-04:00,7.900000095367432,7.989999771118164,7.320000171661377,7.440000057220459,1443000,0.0,0.0
2022-03-28 00:00:00-04:00,7.449999809265137,7.599999904632568,7.170000076293945,7.559999942779541,554700,0.0,0.0
2022-03-29 00:00:00-04:00,7.690000057220459,8.029999732971191,7.480000019073486,8.020000457763672,724700,0.0,0.0
2022-03-30 00:00:00-04:00,7.889999866485596,8.350000381469727,7.889999866485596,7.980000019073486,769700,0.0,0.0
2022-03-31 00:00:00-04:00,7.980000019073486,8.109999656677246,7.800000190734863,7.820000171661377,405400,0.0,0.0
2022-04-01 00:00:00-04:00,7.980000019073486,8.062999725341797,7.739999771118164,7.78000020980835,568100,0.0,0.0
2022-04-04 00:00:00-04:00,7.849999904632568,8.260000228881836,7.809999942779541,8.119999885559082,957900,0.0,0.0
2022-04-05 00:00:00-04:00,7.789999961853027,8.069999694824219,7.210000038146973,7.25,950300,0.0,0.0
2022-04-06 00:00:00-04:00,7.119999885559082,7.25,6.889999866485596,7.110000133514404,606700,0.0,0.0
2022-04-07 00:00:00-04:00,7.110000133514404,7.175000190734863,6.619999885559082,6.900000095367432,546600,0.0,0.0
2022-04-08 00:00:00-04:00,6.889999866485596,6.980000019073486,6.699999809265137,6.800000190734863,360000,0.0,0.0
2022-04-11 00:00:00-04:00,6.690000057220459,6.909999847412109,6.570000171661377,6.789999961853027,499400,0.0,0.0
2022-04-12 00:00:00-04:00,6.960000038146973,7.159999847412109,6.690000057220459,6.760000228881836,420600,0.0,0.0
2022-04-13 00:00:00-04:00,6.71999979019165,7.150000095367432,6.710000038146973,6.96999979019165,466900,0.0,0.0
2022-04-14 00:00:00-04:00,6.980000019073486,6.980000019073486,6.710000038146973,6.75,309100,0.0,0.0
2022-04-18 00:00:00-04:00,6.699999809265137,6.820000171661377,6.550000190734863,6.710000038146973,389900,0.0,0.0
2022-04-19 00:00:00-04:00,6.739999771118164,7.0,6.710000038146973,6.849999904632568,377800,0.0,0.0
2022-04-20 00:00:00-04:00,6.849999904632568,6.920000076293945,6.179999828338623,6.179999828338623,738700,0.0,0.0
2022-04-21 00:00:00-04:00,6.320000171661377,6.46999979019165,5.920000076293945,5.989999771118164,594700,0.0,0.0
2022-04-22 00:00:00-04:00,5.929999828338623,6.150000095367432,5.800000190734863,5.900000095367432,364500,0.0,0.0
2022-04-25 00:00:00-04:00,5.820000171661377,6.039999961853027,5.800000190734863,5.829999923706055,708000,0.0,0.0
2022-04-26 00:00:00-04:00,5.760000228881836,5.800000190734863,5.440000057220459,5.550000190734863,1399200,0.0,0.0
2022-04-27 00:00:00-04:00,5.539999961853027,5.800000190734863,5.5,5.550000190734863,603900,0.0,0.0
2022-04-28 00:00:00-04:00,5.610000133514404,5.994999885559082,5.440000057220459,5.889999866485596,464900,0.0,0.0
2022-04-29 00:00:00-04:00,5.789999961853027,6.110000133514404,5.769999980926514,5.800000190734863,456000,0.0,0.0
2022-05-02 00:00:00-04:00,5.789999961853027,5.909999847412109,5.679999828338623,5.909999847412109,376900,0.0,0.0
2022-05-03 00:00:00-04:00,5.860000133514404,5.960000038146973,5.704999923706055,5.829999923706055,503000,0.0,0.0
2022-05-04 00:00:00-04:00,5.880000114440918,6.309999942779541,5.579999923706055,6.260000228881836,862900,0.0,0.0
2022-05-05 00:00:00-04:00,6.0,6.005000114440918,5.429999828338623,5.760000228881836,1733900,0.0,0.0
2022-05-06 00:00:00-04:00,5.71999979019165,5.869999885559082,5.460000038146973,5.760000228881836,762300,0.0,0.0
2022-05-09 00:00:00-04:00,5.610000133514404,5.610000133514404,5.0,5.050000190734863,937000,0.0,0.0
2022-05-10 00:00:00-04:00,5.320000171661377,5.320000171661377,4.75,4.90500020980835,725200,0.0,0.0
2022-05-11 00:00:00-04:00,4.800000190734863,4.960000038146973,4.539999961853027,4.579999923706055,945800,0.0,0.0
2022-05-12 00:00:00-04:00,4.480000019073486,5.070000171661377,4.409999847412109,4.940000057220459,1144500,0.0,0.0
2022-05-13 00:00:00-04:00,5.0,5.949999809265137,5.0,5.889999866485596,1622500,0.0,0.0
2022-05-16 00:00:00-04:00,5.78000020980835,6.099999904632568,5.559999942779541,5.679999828338623,786900,0.0,0.0
2022-05-17 00:00:00-04:00,5.829999923706055,6.03000020980835,5.690000057220459,5.869999885559082,977600,0.0,0.0
2022-05-18 00:00:00-04:00,5.699999809265137,5.78000020980835,5.28000020980835,5.349999904632568,789700,0.0,0.0
2022-05-19 00:00:00-04:00,5.289999961853027,5.650000095367432,5.28000020980835,5.5,1009400,0.0,0.0
2022-05-20 00:00:00-04:00,5.610000133514404,5.699999809265137,5.25,5.389999866485596,486100,0.0,0.0
2022-05-23 00:00:00-04:00,5.400000095367432,5.460000038146973,5.260000228881836,5.389999866485596,298200,0.0,0.0
2022-05-24 00:00:00-04:00,5.349999904632568,5.519999980926514,5.199999809265137,5.409999847412109,414800,0.0,0.0
2022-05-25 00:00:00-04:00,5.369999885559082,5.650000095367432,5.320000171661377,5.539999961853027,472100,0.0,0.0
2022-05-26 00:00:00-04:00,5.53000020980835,5.900000095367432,5.46999979019165,5.769999980926514,407000,0.0,0.0
2022-05-27 00:00:00-04:00,5.880000114440918,6.03000020980835,5.730000019073486,5.829999923706055,674600,0.0,0.0
2022-05-31 00:00:00-04:00,5.900000095367432,5.910999774932861,5.619999885559082,5.650000095367432,1117700,0.0,0.0
2022-06-01 00:00:00-04:00,5.690000057220459,5.949999809265137,5.675000190734863,5.820000171661377,484900,0.0,0.0
2022-06-02 00:00:00-04:00,5.789999961853027,6.329999923706055,5.789999961853027,6.139999866485596,1585900,0.0,0.0
2022-06-03 00:00:00-04:00,6.050000190734863,6.25,5.90500020980835,5.960000038146973,698800,0.0,0.0
2022-06-06 00:00:00-04:00,6.099999904632568,6.150000095367432,5.835000038146973,5.860000133514404,564800,0.0,0.0
2022-06-07 00:00:00-04:00,5.739999771118164,5.880000114440918,5.369999885559082,5.619999885559082,1396600,0.0,0.0
2022-06-08 00:00:00-04:00,5.619999885559082,5.789999961853027,5.300000190734863,5.599999904632568,558900,0.0,0.0
2022-06-09 00:00:00-04:00,5.539999961853027,5.599999904632568,5.230000019073486,5.25,657900,0.0,0.0
2022-06-10 00:00:00-04:00,5.130000114440918,5.26800012588501,4.960000038146973,4.989999771118164,462400,0.0,0.0
2022-06-13 00:00:00-04:00,4.800000190734863,4.928999900817871,4.554999828338623,4.559999942779541,648700,0.0,0.0
2022-06-14 00:00:00-04:00,4.610000133514404,4.730000019073486,4.449999809265137,4.670000076293945,525100,0.0,0.0
2022-06-15 00:00:00-04:00,4.679999828338623,4.900000095367432,4.625,4.789999961853027,1090200,0.0,0.0
2022-06-16 00:00:00-04:00,4.590000152587891,4.760000228881836,4.546999931335449,4.659999847412109,1092400,0.0,0.0
2022-06-17 00:00:00-04:00,4.679999828338623,4.849999904632568,4.599999904632568,4.820000171661377,1884100,0.0,0.0
2022-06-21 00:00:00-04:00,4.900000095367432,4.989999771118164,4.650000095367432,4.659999847412109,1362100,0.0,0.0
2022-06-22 00:00:00-04:00,4.53000020980835,4.710000038146973,4.260000228881836,4.28000020980835,1847200,0.0,0.0
2022-06-23 00:00:00-04:00,4.320000171661377,4.389999866485596,4.239999771118164,4.389999866485596,846300,0.0,0.0
2022-06-24 00:00:00-04:00,4.449999809265137,4.664999961853027,4.28000020980835,4.349999904632568,8255000,0.0,0.0
2022-06-27 00:00:00-04:00,4.414999961853027,4.414999961853027,3.6700000762939453,3.819999933242798,3100400,0.0,0.0
2022-06-28 00:00:00-04:00,3.869999885559082,3.880000114440918,3.5799999237060547,3.5899999141693115,1806500,0.0,0.0
2022-06-29 00:00:00-04:00,3.549999952316284,3.5799999237060547,3.3299999237060547,3.359999895095825,1050600,0.0,0.0
2022-06-30 00:00:00-04:00,3.319999933242798,3.390000104904175,3.174999952316284,3.2899999618530273,1116900,0.0,0.0
2022-07-01 00:00:00-04:00,3.2899999618530273,3.3499999046325684,3.2149999141693115,3.2699999809265137,682300,0.0,0.0
2022-07-05 00:00:00-04:00,3.2100000381469727,3.609999895095825,3.180000066757202,3.5899999141693115,779800,0.0,0.0
2022-07-06 00:00:00-04:00,3.569999933242798,3.700000047683716,3.490000009536743,3.569999933242798,542100,0.0,0.0
2022-07-07 00:00:00-04:00,3.569999933242798,3.765000104904175,3.569999933242798,3.700000047683716,625700,0.0,0.0
2022-07-08 00:00:00-04:00,3.6500000953674316,3.759999990463257,3.559999942779541,3.6600000858306885,736700,0.0,0.0
2022-07-11 00:00:00-04:00,3.569999933242798,3.640000104904175,3.200000047683716,3.2200000286102295,710500,0.0,0.0
2022-07-12 00:00:00-04:00,3.2699999809265137,3.2980000972747803,3.1500000953674316,3.1700000762939453,1480300,0.0,0.0
2022-07-13 00:00:00-04:00,3.109999895095825,3.1700000762939453,3.059999942779541,3.119999885559082,736500,0.0,0.0
2022-07-14 00:00:00-04:00,3.0899999141693115,3.1700000762939453,3.005000114440918,3.1500000953674316,1094300,0.0,0.0
2022-07-15 00:00:00-04:00,3.25,3.2780001163482666,3.109999895095825,3.200000047683716,850600,0.0,0.0
2022-07-18 00:00:00-04:00,3.2699999809265137,3.440000057220459,3.25,3.2899999618530273,882100,0.0,0.0
2022-07-19 00:00:00-04:00,3.319999933242798,3.390000104904175,3.234999895095825,3.3399999141693115,1144500,0.0,0.0
2022-07-20 00:00:00-04:00,3.3399999141693115,3.7799999713897705,3.3399999141693115,3.759999990463257,1049800,0.0,0.0
2022-07-21 00:00:00-04:00,3.75,3.7899999618530273,3.5399999618530273,3.5999999046325684,592500,0.0,0.0
2022-07-22 00:00:00-04:00,3.630000114440918,3.630000114440918,3.3299999237060547,3.390000104904175,673000,0.0,0.0
2022-07-25 00:00:00-04:00,3.380000114440918,3.4000000953674316,3.2799999713897705,3.3299999237060547,606400,0.0,0.0
2022-07-26 00:00:00-04:00,3.309999942779541,3.309999942779541,3.119999885559082,3.190000057220459,590500,0.0,0.0
2022-07-27 00:00:00-04:00,3.240000009536743,3.359999895095825,3.119999885559082,3.299999952316284,1742100,0.0,0.0
2022-07-28 00:00:00-04:00,3.2899999618530273,3.3350000381469727,3.140000104904175,3.309999942779541,646200,0.0,0.0
2022-07-29 00:00:00-04:00,3.299999952316284,3.440000057220459,3.2200000286102295,3.4000000953674316,625200,0.0,0.0
2022-08-01 00:00:00-04:00,3.3499999046325684,3.3499999046325684,3.180000066757202,3.309999942779541,474400,0.0,0.0
2022-08-02 00:00:00-04:00,3.299999952316284,3.5299999713897705,3.2899999618530273,3.490000009536743,686200,0.0,0.0
2022-08-03 00:00:00-04:00,3.569999933242798,3.700000047683716,3.5350000858306885,3.6500000953674316,553800,0.0,0.0
2022-08-04 00:00:00-04:00,3.690000057220459,3.7899999618530273,3.5999999046325684,3.630000114440918,711800,0.0,0.0
2022-08-05 00:00:00-04:00,3.5999999046325684,3.619999885559082,3.4200000762939453,3.4800000190734863,668300,0.0,0.0
2022-08-08 00:00:00-04:00,3.4800000190734863,3.619999885559082,3.444999933242798,3.569999933242798,1012200,0.0,0.0
2022-08-09 00:00:00-04:00,3.5299999713897705,3.549999952316284,3.380000114440918,3.4600000381469727,530500,0.0,0.0
2022-08-10 00:00:00-04:00,2.4200000762939453,2.799999952316284,2.190000057220459,2.5899999141693115,8676100,0.0,0.0
2022-08-11 00:00:00-04:00,2.690000057220459,2.8499999046325684,2.5399999618530273,2.8499999046325684,2833300,0.0,0.0
2022-08-12 00:00:00-04:00,2.859999895095825,2.869999885559082,2.759999990463257,2.8299999237060547,1606500,0.0,0.0
2022-08-15 00:00:00-04:00,2.75,2.890000104904175,2.75,2.869999885559082,1028700,0.0,0.0
2022-08-16 00:00:00-04:00,2.8299999237060547,3.3399999141693115,2.809999942779541,3.25,1852000,0.0,0.0
2022-08-17 00:00:00-04:00,3.190000057220459,3.259999990463257,3.0969998836517334,3.2300000190734863,882500,0.0,0.0
2022-08-18 00:00:00-04:00,3.2100000381469727,3.2799999713897705,3.049999952316284,3.059999942779541,696700,0.0,0.0
2022-08-19 00:00:00-04:00,2.990000009536743,3.0399999618530273,2.7049999237060547,3.009999990463257,1407200,0.0,0.0
2022-08-22 00:00:00-04:00,2.9600000381469727,2.9700000286102295,2.640000104904175,2.6500000953674316,1263500,0.0,0.0
2022-08-23 00:00:00-04:00,2.619999885559082,2.674999952316284,2.5199999809265137,2.5299999713897705,1117000,0.0,0.0
2022-08-24 00:00:00-04:00,2.5299999713897705,2.809999942779541,2.5199999809265137,2.690000057220459,873900,0.0,0.0
2022-08-25 00:00:00-04:00,2.6600000858306885,2.8350000381469727,2.6600000858306885,2.819999933242798,549800,0.0,0.0
2022-08-26 00:00:00-04:00,2.7899999618530273,2.865000009536743,2.684999942779541,2.690000057220459,549100,0.0,0.0
2022-08-29 00:00:00-04:00,2.6500000953674316,2.875,2.630000114440918,2.75,544000,0.0,0.0
2022-08-30 00:00:00-04:00,2.799999952316284,2.8499999046325684,2.630000114440918,2.7200000286102295,736900,0.0,0.0
2022-08-31 00:00:00-04:00,2.690000057220459,2.7300000190734863,2.569999933242798,2.619999885559082,2359800,0.0,0.0
2022-09-01 00:00:00-04:00,2.549999952316284,2.569999933242798,2.375,2.4000000953674316,1029400,0.0,0.0
2022-09-02 00:00:00-04:00,2.430000066757202,2.494999885559082,2.3450000286102295,2.4000000953674316,808400,0.0,0.0
2022-09-06 00:00:00-04:00,2.390000104904175,2.5269999504089355,2.380000114440918,2.440000057220459,705900,0.0,0.0
2022-09-07 00:00:00-04:00,2.440000057220459,2.490000009536743,2.4079999923706055,2.450000047683716,621900,0.0,0.0
2022-09-08 00:00:00-04:00,2.390000104904175,2.4600000381469727,2.309999942779541,2.369999885559082,1050000,0.0,0.0
2022-09-09 00:00:00-04:00,2.390000104904175,2.565000057220459,2.390000104904175,2.549999952316284,1050800,0.0,0.0
2022-09-12 00:00:00-04:00,2.5899999141693115,2.630000114440918,2.490000009536743,2.5,433700,0.0,0.0
2022-09-13 00:00:00-04:00,2.4000000953674316,2.4549999237060547,2.369999885559082,2.430000066757202,460000,0.0,0.0
2022-09-14 00:00:00-04:00,2.4100000858306885,2.4200000762939453,2.319999933242798,2.390000104904175,954300,0.0,0.0
2022-09-15 00:00:00-04:00,2.4000000953674316,2.5199999809265137,2.259999990463257,2.3399999141693115,966700,0.0,0.0
2022-09-16 00:00:00-04:00,2.299999952316284,2.319999933242798,2.1050000190734863,2.1600000858306885,1128700,0.0,0.0
2022-09-19 00:00:00-04:00,2.1500000953674316,2.1600000858306885,2.065000057220459,2.130000114440918,1139100,0.0,0.0
2022-09-20 00:00:00-04:00,2.130000114440918,2.134000062942505,1.909999966621399,1.9299999475479126,1367500,0.0,0.0
2022-09-21 00:00:00-04:00,1.9500000476837158,2.009999990463257,1.899999976158142,1.940000057220459,634700,0.0,0.0
2022-09-22 00:00:00-04:00,1.899999976158142,1.940000057220459,1.7400000095367432,1.75,1311000,0.0,0.0
2022-09-23 00:00:00-04:00,1.7300000190734863,1.7699999809265137,1.649999976158142,1.7400000095367432,759300,0.0,0.0
2022-09-26 00:00:00-04:00,1.7200000286102295,1.809999942779541,1.649999976158142,1.6699999570846558,844700,0.0,0.0
2022-09-27 00:00:00-04:00,1.6699999570846558,1.7899999618530273,1.649999976158142,1.7100000381469727,1057000,0.0,0.0
2022-09-28 00:00:00-04:00,1.7200000286102295,1.850000023841858,1.7100000381469727,1.809999942779541,573100,0.0,0.0
2022-09-29 00:00:00-04:00,1.7799999713897705,1.7799999713897705,1.6399999856948853,1.690000057220459,605700,0.0,0.0
2022-09-30 00:00:00-04:00,1.690000057220459,1.7100000381469727,1.600000023841858,1.6100000143051147,577800,0.0,0.0
2022-10-03 00:00:00-04:00,1.6299999952316284,1.75,1.5850000381469727,1.7200000286102295,666000,0.0,0.0
2022-10-04 00:00:00-04:00,1.7899999618530273,1.850000023841858,1.7649999856948853,1.7899999618530273,430300,0.0,0.0
2022-10-05 00:00:00-04:00,1.7400000095367432,1.7589999437332153,1.649999976158142,1.6799999475479126,493400,0.0,0.0
2022-10-06 00:00:00-04:00,1.6799999475479126,2.809999942779541,1.6100000143051147,2.759999990463257,8051600,0.0,0.0
2022-10-07 00:00:00-04:00,2.549999952316284,2.609999895095825,2.0399999618530273,2.069999933242798,5254300,0.0,0.0
2022-10-10 00:00:00-04:00,2.059999942779541,2.069999933242798,1.9199999570846558,1.9700000286102295,1161000,0.0,0.0
2022-10-11 00:00:00-04:00,1.9500000476837158,1.9700000286102295,1.7400000095367432,1.7599999904632568,1178600,0.0,0.0
2022-10-12 00:00:00-04:00,1.75,1.7999999523162842,1.7050000429153442,1.7300000190734863,618200,0.0,0.0
2022-10-13 00:00:00-04:00,1.6799999475479126,1.7999999523162842,1.6200000047683716,1.7100000381469727,1383500,0.0,0.0
2022-10-14 00:00:00-04:00,1.7599999904632568,1.7599999904632568,1.6299999952316284,1.6399999856948853,905600,0.0,0.0
2022-10-17 00:00:00-04:00,1.7000000476837158,1.9299999475479126,1.690000057220459,1.7799999713897705,2171900,0.0,0.0
2022-10-18 00:00:00-04:00,1.840000033378601,1.909999966621399,1.7949999570846558,1.7999999523162842,816900,0.0,0.0
2022-10-19 00:00:00-04:00,1.7699999809265137,1.8799999952316284,1.7350000143051147,1.7799999713897705,970800,0.0,0.0
2022-10-20 00:00:00-04:00,1.7799999713897705,1.9500000476837158,1.7799999713897705,1.8600000143051147,1029900,0.0,0.0
2022-10-21 00:00:00-04:00,1.8799999952316284,1.8799999952316284,1.7400000095367432,1.840000033378601,619900,0.0,0.0
2022-10-24 00:00:00-04:00,1.8300000429153442,1.8350000381469727,1.7400000095367432,1.7899999618530273,340000,0.0,0.0
2022-10-25 00:00:00-04:00,1.7999999523162842,2.0199999809265137,1.7899999618530273,1.9900000095367432,1937100,0.0,0.0
2022-10-26 00:00:00-04:00,1.9900000095367432,2.0899999141693115,1.9249999523162842,1.9900000095367432,1378600,0.0,0.0
2022-10-27 00:00:00-04:00,2.0,2.0899999141693115,1.9600000381469727,1.9800000190734863,1034900,0.0,0.0
2022-10-28 00:00:00-04:00,2.0,2.009999990463257,1.8700000047683716,1.9800000190734863,606400,0.0,0.0
2022-10-31 00:00:00-04:00,1.9900000095367432,2.109999895095825,1.934999942779541,2.049999952316284,1497200,0.0,0.0
2022-11-01 00:00:00-04:00,2.109999895095825,2.119999885559082,1.8450000286102295,1.8600000143051147,1028000,0.0,0.0
2022-11-02 00:00:00-04:00,1.850000023841858,1.9450000524520874,1.7599999904632568,1.8600000143051147,834700,0.0,0.0
2022-11-03 00:00:00-04:00,1.840000033378601,1.8600000143051147,1.7050000429153442,1.809999942779541,862400,0.0,0.0
2022-11-04 00:00:00-04:00,1.8899999856948853,1.8899999856948853,1.7400000095367432,1.8300000429153442,689900,0.0,0.0
2022-11-07 00:00:00-05:00,1.850000023841858,2.0199999809265137,1.8250000476837158,1.9299999475479126,804300,0.0,0.0
2022-11-08 00:00:00-05:00,1.5700000524520874,1.6699999570846558,1.2300000190734863,1.2899999618530273,4262800,0.0,0.0
2022-11-09 00:00:00-05:00,1.2999999523162842,1.309999942779541,1.1100000143051147,1.1150000095367432,2105400,0.0,0.0
2022-11-10 00:00:00-05:00,1.2100000381469727,1.340000033378601,1.190000057220459,1.340000033378601,1452300,0.0,0.0
2022-11-11 00:00:00-05:00,1.3600000143051147,1.4900000095367432,1.340000033378601,1.409999966621399,1364500,0.0,0.0
2022-11-14 00:00:00-05:00,1.3600000143051147,1.409999966621399,1.25,1.309999942779541,1196700,0.0,0.0
2022-11-15 00:00:00-05:00,1.3300000429153442,1.3899999856948853,1.309999942779541,1.3600000143051147,815000,0.0,0.0
2022-11-16 00:00:00-05:00,1.3200000524520874,1.3799999952316284,1.2899999618530273,1.309999942779541,3130400,0.0,0.0
2022-11-17 00:00:00-05:00,1.2999999523162842,1.2999999523162842,1.1699999570846558,1.1950000524520874,1366600,0.0,0.0
2022-11-18 00:00:00-05:00,1.25,1.25,1.1699999570846558,1.25,1424900,0.0,0.0
2022-11-21 00:00:00-05:00,1.2400000095367432,1.2400000095367432,1.100000023841858,1.1100000143051147,809900,0.0,0.0
2022-11-22 00:00:00-05:00,1.1299999952316284,1.1299999952316284,1.0700000524520874,1.0800000429153442,534300,0.0,0.0
2022-11-23 00:00:00-05:00,1.100000023841858,1.1699999570846558,1.0299999713897705,1.1699999570846558,706600,0.0,0.0
2022-11-25 00:00:00-05:00,1.190000057220459,1.2640000581741333,1.1720000505447388,1.2400000095367432,326400,0.0,0.0
2022-11-28 00:00:00-05:00,1.2200000286102295,1.375,1.190000057220459,1.2300000190734863,1165000,0.0,0.0
2022-11-29 00:00:00-05:00,1.2300000190734863,1.2599999904632568,1.1200000047683716,1.1399999856948853,1247200,0.0,0.0
2022-11-30 00:00:00-05:00,1.0800000429153442,1.190000057220459,1.0800000429153442,1.1699999570846558,1564900,0.0,0.0
2022-12-01 00:00:00-05:00,1.149999976158142,1.2200000286102295,1.1200000047683716,1.159999966621399,804900,0.0,0.0
2022-12-02 00:00:00-05:00,1.1299999952316284,1.3700000047683716,1.1130000352859497,1.350000023841858,1390100,0.0,0.0
2022-12-05 00:00:00-05:00,1.350000023841858,1.4800000190734863,1.309999942779541,1.3300000429153442,1268500,0.0,0.0
2022-12-06 00:00:00-05:00,1.3700000047683716,1.3899999856948853,1.2000000476837158,1.25,997400,0.0,0.0
2022-12-07 00:00:00-05:00,1.2000000476837158,1.2200000286102295,1.1150000095367432,1.159999966621399,720800,0.0,0.0
2022-12-08 00:00:00-05:00,1.159999966621399,1.215000033378601,1.149999976158142,1.159999966621399,482700,0.0,0.0
2022-12-09 00:00:00-05:00,1.159999966621399,1.2999999523162842,1.1399999856948853,1.2599999904632568,1410300,0.0,0.0
2022-12-12 00:00:00-05:00,1.2699999809265137,1.350000023841858,1.2300000190734863,1.2400000095367432,861100,0.0,0.0
2022-12-13 00:00:00-05:00,1.2999999523162842,1.3350000381469727,1.1100000143051147,1.1399999856948853,1090500,0.0,0.0
2022-12-14 00:00:00-05:00,1.1299999952316284,1.1490000486373901,1.0299999713897705,1.0299999713897705,1304800,0.0,0.0
2022-12-15 00:00:00-05:00,1.0399999618530273,1.0399999618530273,0.9599999785423279,0.9900000095367432,1923300,0.0,0.0
2022-12-16 00:00:00-05:00,1.0399999618530273,1.1299999952316284,0.9900000095367432,1.090000033378601,2339800,0.0,0.0
2022-12-19 00:00:00-05:00,1.0800000429153442,1.0800000429153442,1.0,1.0,2107400,0.0,0.0
2022-12-20 00:00:00-05:00,1.0,1.0399999618530273,0.9599999785423279,0.9599999785423279,1961700,0.0,0.0
2022-12-21 00:00:00-05:00,0.9900000095367432,1.0299999713897705,0.9210000038146973,0.9269999861717224,2018600,0.0,0.0
2022-12-22 00:00:00-05:00,0.9100000262260437,0.953000009059906,0.8399999737739563,0.8500000238418579,1869500,0.0,0.0
2022-12-23 00:00:00-05:00,0.8799999952316284,0.8820000290870667,0.8059999942779541,0.8199999928474426,1169400,0.0,0.0
2022-12-27 00:00:00-05:00,0.8539999723434448,0.8610000014305115,0.8019999861717224,0.8500000238418579,1046900,0.0,0.0
2022-12-28 00:00:00-05:00,0.8600000143051147,0.8799999952316284,0.8309999704360962,0.8560000061988831,795100,0.0,0.0
2022-12-29 00:00:00-05:00,0.8629999756813049,0.9629999995231628,0.8600000143051147,0.9300000071525574,1170100,0.0,0.0
2022-12-30 00:00:00-05:00,0.9200000166893005,1.0199999809265137,0.9150000214576721,1.0099999904632568,889800,0.0,0.0
2023-01-03 00:00:00-05:00,1.0199999809265137,1.0700000524520874,1.0,1.0499999523162842,787300,0.0,0.0
2023-01-04 00:00:00-05:00,1.059999942779541,1.1399999856948853,1.0199999809265137,1.1299999952316284,666400,0.0,0.0
2023-01-05 00:00:00-05:00,1.090000033378601,1.090000033378601,1.0299999713897705,1.0299999713897705,657600,0.0,0.0
2023-01-06 00:00:00-05:00,1.0499999523162842,1.1100000143051147,1.0,1.0499999523162842,537400,0.0,0.0
2023-01-09 00:00:00-05:00,1.090000033378601,1.1549999713897705,1.0700000524520874,1.1100000143051147,446200,0.0,0.0
2023-01-10 00:00:00-05:00,1.100000023841858,1.2000000476837158,1.090000033378601,1.159999966621399,378100,0.0,0.0
2023-01-11 00:00:00-05:00,1.1399999856948853,1.190000057220459,1.0700000524520874,1.1299999952316284,459700,0.0,0.0
2023-01-12 00:00:00-05:00,1.149999976158142,1.2100000381469727,1.0800000429153442,1.149999976158142,678700,0.0,0.0
2023-01-13 00:00:00-05:00,1.159999966621399,1.1970000267028809,1.1050000190734863,1.1100000143051147,487600,0.0,0.0
2023-01-17 00:00:00-05:00,1.1100000143051147,1.1799999475479126,1.093000054359436,1.159999966621399,540800,0.0,0.0
2023-01-18 00:00:00-05:00,1.1699999570846558,1.2699999809265137,1.1649999618530273,1.190000057220459,1737600,0.0,0.0
2023-01-19 00:00:00-05:00,1.1799999475479126,1.1929999589920044,1.0499999523162842,1.0800000429153442,491600,0.0,0.0
2023-01-20 00:00:00-05:00,1.100000023841858,1.159999966621399,1.065000057220459,1.159999966621399,338500,0.0,0.0
2023-01-23 00:00:00-05:00,1.1699999570846558,1.25,1.1449999809265137,1.2400000095367432,631800,0.0,0.0
2023-01-24 00:00:00-05:00,1.25,1.340000033378601,1.2000000476837158,1.2200000286102295,624800,0.0,0.0
2023-01-25 00:00:00-05:00,1.2000000476837158,1.2599999904632568,1.1200000047683716,1.2200000286102295,361800,0.0,0.0
2023-01-26 00:00:00-05:00,1.25,1.2769999504089355,1.1699999570846558,1.2200000286102295,266300,0.0,0.0
2023-01-27 00:00:00-05:00,1.2200000286102295,1.340000033378601,1.1699999570846558,1.2999999523162842,809600,0.0,0.0
2023-01-30 00:00:00-05:00,1.2999999523162842,1.2999999523162842,1.190000057220459,1.2300000190734863,302400,0.0,0.0
2023-01-31 00:00:00-05:00,1.2699999809265137,1.315000057220459,1.2400000095367432,1.2599999904632568,397100,0.0,0.0
2023-02-01 00:00:00-05:00,1.2799999713897705,1.3200000524520874,1.2300000190734863,1.3200000524520874,762100,0.0,0.0
2023-02-02 00:00:00-05:00,1.3300000429153442,1.5099999904632568,1.3300000429153442,1.4700000286102295,1133300,0.0,0.0
2023-02-03 00:00:00-05:00,1.440000057220459,1.4869999885559082,1.3700000047683716,1.399999976158142,512900,0.0,0.0
2023-02-06 00:00:00-05:00,1.3700000047683716,1.4900000095367432,1.3600000143051147,1.409999966621399,442800,0.0,0.0
2023-02-07 00:00:00-05:00,1.4199999570846558,1.440000057220459,1.3200000524520874,1.4299999475479126,401900,0.0,0.0
2023-02-08 00:00:00-05:00,1.4500000476837158,1.4700000286102295,1.2450000047683716,1.2899999618530273,680500,0.0,0.0
2023-02-09 00:00:00-05:00,1.309999942779541,1.340000033378601,1.149999976158142,1.159999966621399,460800,0.0,0.0
2023-02-10 00:00:00-05:00,1.149999976158142,1.190000057220459,1.0299999713897705,1.0499999523162842,1121200,0.0,0.0
2023-02-13 00:00:00-05:00,1.090000033378601,1.1699999570846558,1.0499999523162842,1.1699999570846558,694600,0.0,0.0
2023-02-14 00:00:00-05:00,1.149999976158142,1.190000057220459,1.0800000429153442,1.159999966621399,708900,0.0,0.0
2023-02-15 00:00:00-05:00,1.1399999856948853,1.3300000429153442,1.1109999418258667,1.309999942779541,804100,0.0,0.0
2023-02-16 00:00:00-05:00,1.25,1.340000033378601,1.2400000095367432,1.309999942779541,496100,0.0,0.0
2023-02-17 00:00:00-05:00,1.2799999713897705,1.309999942779541,1.1699999570846558,1.190000057220459,807400,0.0,0.0
2023-02-21 00:00:00-05:00,1.1799999475479126,1.2200000286102295,1.1299999952316284,1.1399999856948853,361800,0.0,0.0
2023-02-22 00:00:00-05:00,1.149999976158142,1.149999976158142,1.059999942779541,1.100000023841858,602300,0.0,0.0
2023-02-23 00:00:00-05:00,1.1100000143051147,1.1239999532699585,1.0700000524520874,1.0800000429153442,185500,0.0,0.0
2023-02-24 00:00:00-05:00,1.0700000524520874,1.090000033378601,1.0399999618530273,1.090000033378601,146200,0.0,0.0
2023-02-27 00:00:00-05:00,1.090000033378601,1.0959999561309814,1.059999942779541,1.059999942779541,171700,0.0,0.0
2023-02-28 00:00:00-05:00,1.0700000524520874,1.1299999952316284,1.059999942779541,1.1050000190734863,548700,0.0,0.0
2023-03-01 00:00:00-05:00,1.1200000047683716,1.1200000047683716,0.9900000095367432,0.9980000257492065,870400,0.0,0.0
2023-03-02 00:00:00-05:00,1.0099999904632568,1.0299999713897705,0.9810000061988831,1.0099999904632568,775700,0.0,0.0
2023-03-03 00:00:00-05:00,1.0399999618530273,1.0950000286102295,1.0099999904632568,1.0800000429153442,632100,0.0,0.0
2023-03-06 00:00:00-05:00,1.0700000524520874,1.100000023841858,1.0,1.0,642100,0.0,0.0
2023-03-07 00:00:00-05:00,1.0099999904632568,1.0399999618530273,0.9810000061988831,0.9890000224113464,733700,0.0,0.0
2023-03-08 00:00:00-05:00,0.9950000047683716,1.0099999904632568,0.9300000071525574,0.9330000281333923,652900,0.0,0.0
2023-03-09 00:00:00-05:00,0.9399999976158142,0.9769999980926514,0.8700000047683716,0.875,836200,0.0,0.0
2023-03-10 00:00:00-05:00,0.8849999904632568,0.8999999761581421,0.7760000228881836,0.7910000085830688,1286900,0.0,0.0
2023-03-13 00:00:00-04:00,0.8650000095367432,0.9120000004768372,0.8109999895095825,0.8560000061988831,627500,0.0,0.0
2023-03-14 00:00:00-04:00,0.8700000047683716,0.8799999952316284,0.800000011920929,0.8040000200271606,693900,0.0,0.0
2023-03-15 00:00:00-04:00,0.800000011920929,0.8429999947547913,0.7829999923706055,0.8100000023841858,445000,0.0,0.0
2023-03-16 00:00:00-04:00,0.8199999928474426,0.8450000286102295,0.7799999713897705,0.7799999713897705,678000,0.0,0.0
2023-03-17 00:00:00-04:00,0.7699999809265137,0.9480000138282776,0.7699999809265137,0.8730000257492065,1198300,0.0,0.0
2023-03-20 00:00:00-04:00,0.8600000143051147,0.8700000047683716,0.8080000281333923,0.8429999947547913,546800,0.0,0.0
2023-03-21 00:00:00-04:00,0.8700000047683716,0.9100000262260437,0.8399999737739563,0.8999999761581421,479600,0.0,0.0
2023-03-22 00:00:00-04:00,0.9169999957084656,0.9169999957084656,0.8370000123977661,0.8500000238418579,417600,0.0,0.0
2023-03-23 00:00:00-04:00,0.8600000143051147,0.8899999856948853,0.8230000138282776,0.8479999899864197,305200,0.0,0.0
2023-03-24 00:00:00-04:00,0.8450000286102295,0.8579999804496765,0.8050000071525574,0.8370000123977661,397700,0.0,0.0
2023-03-27 00:00:00-04:00,0.8299999833106995,0.8600000143051147,0.8100000023841858,0.8140000104904175,260400,0.0,0.0
2023-03-28 00:00:00-04:00,0.8119999766349792,0.8700000047683716,0.8009999990463257,0.8080000281333923,232000,0.0,0.0
2023-03-29 00:00:00-04:00,0.8199999928474426,0.8500000238418579,0.7900000214576721,0.8050000071525574,315400,0.0,0.0
2023-03-30 00:00:00-04:00,0.8330000042915344,0.843999981880188,0.800000011920929,0.8209999799728394,152500,0.0,0.0
2023-03-31 00:00:00-04:00,0.8209999799728394,0.8650000095367432,0.8100000023841858,0.8489999771118164,378100,0.0,0.0
2023-04-03 00:00:00-04:00,0.8489999771118164,0.8489999771118164,0.7350000143051147,0.75,638100,0.0,0.0
2023-04-04 00:00:00-04:00,0.75,0.7519999742507935,0.699999988079071,0.7310000061988831,515700,0.0,0.0
2023-04-05 00:00:00-04:00,0.7400000095367432,0.7400000095367432,0.6899999976158142,0.7129999995231628,530800,0.0,0.0
2023-04-06 00:00:00-04:00,0.7160000205039978,0.7300000190734863,0.6959999799728394,0.7099999785423279,304400,0.0,0.0
2023-04-10 00:00:00-04:00,0.7009999752044678,0.7099999785423279,0.652999997138977,0.6809999942779541,505800,0.0,0.0
2023-04-11 00:00:00-04:00,0.6809999942779541,0.699999988079071,0.6499999761581421,0.6539999842643738,345500,0.0,0.0
2023-04-12 00:00:00-04:00,0.6840000152587891,0.6840000152587891,0.6299999952316284,0.6349999904632568,326300,0.0,0.0
2023-04-13 00:00:00-04:00,0.6380000114440918,0.6899999976158142,0.6309999823570251,0.6600000262260437,318600,0.0,0.0
2023-04-14 00:00:00-04:00,0.6489999890327454,0.6869999766349792,0.6399999856948853,0.675000011920929,272800,0.0,0.0
2023-04-17 00:00:00-04:00,0.671999990940094,0.7900000214576721,0.6690000295639038,0.765999972820282,356200,0.0,0.0
2023-04-18 00:00:00-04:00,0.7580000162124634,0.7900000214576721,0.7149999737739563,0.7490000128746033,272600,0.0,0.0
2023-04-19 00:00:00-04:00,0.75,0.7599999904632568,0.699999988079071,0.7049999833106995,218100,0.0,0.0
2023-04-20 00:00:00-04:00,0.7120000123977661,0.75,0.6700000166893005,0.6899999976158142,184100,0.0,0.0
2023-04-21 00:00:00-04:00,0.6800000071525574,0.75,0.6499999761581421,0.7300000190734863,301700,0.0,0.0
2023-04-24 00:00:00-04:00,0.7099999785423279,0.7609999775886536,0.6800000071525574,0.7409999966621399,345300,0.0,0.0
2023-04-25 00:00:00-04:00,0.7350000143051147,0.7400000095367432,0.6600000262260437,0.6840000152587891,697300,0.0,0.0
2023-04-26 00:00:00-04:00,0.6899999976158142,0.699999988079071,0.5960000157356262,0.6179999709129333,448100,0.0,0.0
2023-04-27 00:00:00-04:00,0.6899999976158142,0.7020000219345093,0.6499999761581421,0.6990000009536743,501700,0.0,0.0
2023-04-28 00:00:00-04:00,0.6980000138282776,0.7300000190734863,0.6600000262260437,0.7250000238418579,271000,0.0,0.0
2023-05-01 00:00:00-04:00,0.7160000205039978,0.75,0.675000011920929,0.6790000200271606,399500,0.0,0.0
2023-05-02 00:00:00-04:00,0.671999990940094,0.6800000071525574,0.6299999952316284,0.6299999952316284,262000,0.0,0.0
2023-05-03 00:00:00-04:00,0.6370000243186951,0.6700000166893005,0.6349999904632568,0.6510000228881836,200000,0.0,0.0
2023-05-04 00:00:00-04:00,0.6399999856948853,0.800000011920929,0.6340000033378601,0.800000011920929,536100,0.0,0.0
2023-05-05 00:00:00-04:00,0.7599999904632568,0.8199999928474426,0.7179999947547913,0.8199999928474426,556400,0.0,0.0
2023-05-08 00:00:00-04:00,0.8100000023841858,0.8100000023841858,0.7699999809265137,0.7910000085830688,228400,0.0,0.0
2023-05-09 00:00:00-04:00,0.7910000085830688,0.8199999928474426,0.7250000238418579,0.7919999957084656,506200,0.0,0.0
2023-05-10 00:00:00-04:00,0.8199999928474426,0.9409999847412109,0.8090000152587891,0.9409999847412109,998600,0.0,0.0
2023-05-11 00:00:00-04:00,0.8980000019073486,0.9070000052452087,0.8199999928474426,0.8220000267028809,554100,0.0,0.0
2023-05-12 00:00:00-04:00,0.8399999737739563,0.8529999852180481,0.8090000152587891,0.8370000123977661,408900,0.0,0.0
2023-05-15 00:00:00-04:00,0.8259999752044678,0.8799999952316284,0.8199999928474426,0.8569999933242798,290000,0.0,0.0
2023-05-16 00:00:00-04:00,0.8399999737739563,0.859000027179718,0.8199999928474426,0.8569999933242798,596800,0.0,0.0
2023-05-17 00:00:00-04:00,0.8669999837875366,1.0399999618530273,0.8299999833106995,1.0199999809265137,866200,0.0,0.0
2023-05-18 00:00:00-04:00,1.0,1.149999976158142,0.9750000238418579,1.1200000047683716,909600,0.0,0.0
2023-05-19 00:00:00-04:00,1.149999976158142,1.149999976158142,0.9900000095367432,0.9900000095367432,783000,0.0,0.0
2023-05-22 00:00:00-04:00,0.9700000286102295,1.034999966621399,0.9319999814033508,0.9990000128746033,465800,0.0,0.0
2023-05-23 00:00:00-04:00,0.9800000190734863,1.0299999713897705,0.9700000286102295,1.0,311700,0.0,0.0
2023-05-24 00:00:00-04:00,1.0,1.0,0.9319999814033508,0.9319999814033508,243000,0.0,0.0
2023-05-25 00:00:00-04:00,0.9769999980926514,0.9890000224113464,0.8700000047683716,0.8889999985694885,230000,0.0,0.0
2023-05-26 00:00:00-04:00,0.8849999904632568,0.8999999761581421,0.8500000238418579,0.8849999904632568,231300,0.0,0.0
2023-05-30 00:00:00-04:00,0.8999999761581421,1.0299999713897705,0.8999999761581421,1.0,496400,0.0,0.0
2023-05-31 00:00:00-04:00,1.0099999904632568,1.090000033378601,0.8519999980926514,1.0199999809265137,670100,0.0,0.0
2023-06-01 00:00:00-04:00,1.0199999809265137,1.024999976158142,0.8949999809265137,0.8999999761581421,255000,0.0,0.0
2023-06-02 00:00:00-04:00,0.9100000262260437,0.9490000009536743,0.8600000143051147,0.871999979019165,279900,0.0,0.0
2023-06-05 00:00:00-04:00,0.9200000166893005,0.9369999766349792,0.8700000047683716,0.8870000243186951,258800,0.0,0.0
2023-06-06 00:00:00-04:00,0.8830000162124634,0.9300000071525574,0.8500000238418579,0.8500000238418579,416900,0.0,0.0
2023-06-07 00:00:00-04:00,0.8650000095367432,0.8930000066757202,0.8050000071525574,0.859000027179718,518500,0.0,0.0
2023-06-08 00:00:00-04:00,0.8700000047683716,0.8899999856948853,0.8299999833106995,0.8370000123977661,289500,0.0,0.0
2023-06-09 00:00:00-04:00,0.8320000171661377,0.8700000047683716,0.8100000023841858,0.8289999961853027,152000,0.0,0.0
2023-06-12 00:00:00-04:00,0.8299999833106995,1.100000023841858,0.8100000023841858,1.059999942779541,1548500,0.0,0.0
2023-06-13 00:00:00-04:00,0.9900000095367432,1.059999942779541,0.9399999976158142,1.0099999904632568,1473100,0.0,0.0
2023-06-14 00:00:00-04:00,0.9900000095367432,1.0299999713897705,0.949999988079071,0.9890000224113464,268600,0.0,0.0
2023-06-15 00:00:00-04:00,0.972000002861023,0.9850000143051147,0.9100000262260437,0.9210000038146973,305200,0.0,0.0
2023-06-16 00:00:00-04:00,0.8730000257492065,0.9629999995231628,0.8730000257492065,0.9279999732971191,453000,0.0,0.0
2023-06-20 00:00:00-04:00,0.9449999928474426,0.949999988079071,0.8619999885559082,0.8849999904632568,433100,0.0,0.0
2023-06-21 00:00:00-04:00,0.8899999856948853,0.8999999761581421,0.8230000138282776,0.8309999704360962,720800,0.0,0.0
2023-06-22 00:00:00-04:00,0.8700000047683716,0.8700000047683716,0.7799999713897705,0.7900000214576721,555500,0.0,0.0
2023-06-23 00:00:00-04:00,0.7900000214576721,0.8199999928474426,0.6990000009536743,0.6990000009536743,7531900,0.0,0.0
2023-06-26 00:00:00-04:00,0.7179999947547913,0.7400000095367432,0.6809999942779541,0.7300000190734863,1138400,0.0,0.0
2023-06-27 00:00:00-04:00,0.75,0.7749999761581421,0.7250000238418579,0.7599999904632568,482400,0.0,0.0
2023-06-28 00:00:00-04:00,0.7699999809265137,0.8399999737739563,0.7599999904632568,0.8069999814033508,395500,0.0,0.0
2023-06-29 00:00:00-04:00,0.8199999928474426,0.8299999833106995,0.7720000147819519,0.7799999713897705,463600,0.0,0.0
2023-06-30 00:00:00-04:00,0.800000011920929,0.8379999995231628,0.7710000276565552,0.8379999995231628,271000,0.0,0.0
2023-07-03 00:00:00-04:00,0.8379999995231628,0.8840000033378601,0.800000011920929,0.8799999952316284,234100,0.0,0.0
2023-07-05 00:00:00-04:00,0.8799999952316284,0.8899999856948853,0.8199999928474426,0.859000027179718,163200,0.0,0.0
2023-07-06 00:00:00-04:00,0.8220000267028809,0.9200000166893005,0.8220000267028809,0.8410000205039978,458800,0.0,0.0
2023-07-07 00:00:00-04:00,0.878000020980835,0.9279999732971191,0.8629999756813049,0.9039999842643738,415700,0.0,0.0
2023-07-10 00:00:00-04:00,0.8799999952316284,0.9399999976158142,0.8799999952316284,0.925000011920929,236100,0.0,0.0
2023-07-11 00:00:00-04:00,0.925000011920929,1.0299999713897705,0.8989999890327454,0.9900000095367432,542400,0.0,0.0
2023-07-12 00:00:00-04:00,0.9800000190734863,1.0099999904632568,0.9319999814033508,0.9490000009536743,380500,0.0,0.0
2023-07-13 00:00:00-04:00,0.9700000286102295,1.0,0.949999988079071,0.9900000095367432,209100,0.0,0.0
2023-07-14 00:00:00-04:00,0.9950000047683716,1.0199999809265137,0.9700000286102295,0.9980000257492065,252300,0.0,0.0
2023-07-17 00:00:00-04:00,0.9900000095367432,1.0,0.9670000076293945,1.0,350800,0.0,0.0
2023-07-18 00:00:00-04:00,1.0,1.0499999523162842,0.9710000157356262,1.0399999618530273,206000,0.0,0.0
2023-07-19 00:00:00-04:00,1.0499999523162842,1.0499999523162842,0.9769999980926514,1.0,265300,0.0,0.0
2023-07-20 00:00:00-04:00,1.0,1.0199999809265137,0.9750000238418579,1.0,228800,0.0,0.0
2023-07-21 00:00:00-04:00,1.0199999809265137,1.0199999809265137,0.9800000190734863,1.0099999904632568,344000,0.0,0.0
2023-07-24 00:00:00-04:00,0.9900000095367432,1.0,0.949999988079071,0.9760000109672546,251700,0.0,0.0
2023-07-25 00:00:00-04:00,0.9800000190734863,1.0,0.8899999856948853,0.9430000185966492,370700,0.0,0.0
2023-07-26 00:00:00-04:00,0.9100000262260437,1.0,0.8809999823570251,1.0,231600,0.0,0.0
2023-07-27 00:00:00-04:00,0.9940000176429749,0.9980000257492065,0.949999988079071,0.9850000143051147,134200,0.0,0.0
2023-07-28 00:00:00-04:00,0.9700000286102295,1.0399999618530273,0.949999988079071,1.0199999809265137,205100,0.0,0.0
2023-07-31 00:00:00-04:00,1.0499999523162842,1.1299999952316284,1.0199999809265137,1.1100000143051147,400100,0.0,0.0
2023-08-01 00:00:00-04:00,1.1200000047683716,1.2300000190734863,1.0700000524520874,1.1799999475479126,445500,0.0,0.0
2023-08-02 00:00:00-04:00,1.1299999952316284,1.1399999856948853,1.0199999809265137,1.1399999856948853,275000,0.0,0.0
2023-08-03 00:00:00-04:00,1.1100000143051147,1.1670000553131104,1.0700000524520874,1.100000023841858,320400,0.0,0.0
2023-08-04 00:00:00-04:00,1.1299999952316284,1.159999966621399,1.090000033378601,1.149999976158142,124500,0.0,0.0
2023-08-07 00:00:00-04:00,1.159999966621399,1.1950000524520874,1.1100000143051147,1.159999966621399,142100,0.0,0.0
2023-08-08 00:00:00-04:00,1.1399999856948853,1.2000000476837158,1.1200000047683716,1.2000000476837158,488000,0.0,0.0
2023-08-09 00:00:00-04:00,1.2100000381469727,1.2400000095367432,1.0700000524520874,1.1399999856948853,359200,0.0,0.0
2023-08-10 00:00:00-04:00,1.1399999856948853,1.1799999475479126,1.100000023841858,1.1299999952316284,169100,0.0,0.0
2023-08-11 00:00:00-04:00,1.100000023841858,1.149999976158142,1.0399999618530273,1.059999942779541,313400,0.0,0.0
2023-08-14 00:00:00-04:00,1.0700000524520874,1.149999976158142,1.0700000524520874,1.0850000381469727,338500,0.0,0.0
2023-08-15 00:00:00-04:00,1.1100000143051147,1.1299999952316284,1.0299999713897705,1.1299999952316284,367000,0.0,0.0
2023-08-16 00:00:00-04:00,1.1299999952316284,1.1399999856948853,0.9890000224113464,1.0,1245900,0.0,0.0
2023-08-17 00:00:00-04:00,1.0199999809265137,1.159999966621399,1.0199999809265137,1.100000023841858,780200,0.0,0.0
2023-08-18 00:00:00-04:00,1.0700000524520874,1.2000000476837158,1.0299999713897705,1.090000033378601,855400,0.0,0.0
2023-08-21 00:00:00-04:00,1.0800000429153442,1.1799999475479126,1.0700000524520874,1.1200000047683716,235800,0.0,0.0
2023-08-22 00:00:00-04:00,1.100000023841858,1.1699999570846558,1.0800000429153442,1.1399999856948853,231800,0.0,0.0
2023-08-23 00:00:00-04:00,1.159999966621399,1.1699999570846558,1.1100000143051147,1.1399999856948853,239200,0.0,0.0
2023-08-24 00:00:00-04:00,1.149999976158142,1.1549999713897705,1.0700000524520874,1.1399999856948853,435800,0.0,0.0
2023-08-25 00:00:00-04:00,1.1100000143051147,1.2100000381469727,1.1100000143051147,1.1799999475479126,369300,0.0,0.0
2023-08-28 00:00:00-04:00,1.2300000190734863,1.2999999523162842,1.2000000476837158,1.2300000190734863,348900,0.0,0.0
2023-08-29 00:00:00-04:00,1.2200000286102295,1.3799999952316284,1.2200000286102295,1.2799999713897705,510200,0.0,0.0
2023-08-30 00:00:00-04:00,1.2999999523162842,1.600000023841858,1.2899999618530273,1.4900000095367432,1393000,0.0,0.0
2023-08-31 00:00:00-04:00,1.5399999618530273,1.6440000534057617,1.4900000095367432,1.5199999809265137,818800,0.0,0.0
2023-09-01 00:00:00-04:00,1.5199999809265137,1.6299999952316284,1.4950000047683716,1.5399999618530273,482200,0.0,0.0
2023-09-05 00:00:00-04:00,1.5499999523162842,1.8799999952316284,1.5499999523162842,1.7999999523162842,1132700,0.0,0.0
2023-09-06 00:00:00-04:00,1.7899999618530273,1.809000015258789,1.5,1.5800000429153442,617000,0.0,0.0
2023-09-07 00:00:00-04:00,1.4800000190734863,1.5499999523162842,1.3899999856948853,1.5199999809265137,791700,0.0,0.0
2023-09-08 00:00:00-04:00,1.559999942779541,1.6799999475479126,1.5,1.5499999523162842,508700,0.0,0.0
2023-09-11 00:00:00-04:00,1.5800000429153442,1.680999994277954,1.5199999809265137,1.6699999570846558,648100,0.0,0.0
2023-09-12 00:00:00-04:00,1.6100000143051147,1.7300000190734863,1.409999966621399,1.5,621700,0.0,0.0
2023-09-13 00:00:00-04:00,1.5,1.565000057220459,1.4700000286102295,1.5199999809265137,201300,0.0,0.0
2023-09-14 00:00:00-04:00,1.4900000095367432,1.6799999475479126,1.4600000381469727,1.6100000143051147,452600,0.0,0.0
2023-09-15 00:00:00-04:00,1.649999976158142,1.7799999713897705,1.4800000190734863,1.5499999523162842,869600,0.0,0.0
2023-09-18 00:00:00-04:00,1.5,1.6299999952316284,1.5,1.5549999475479126,232000,0.0,0.0
2023-09-19 00:00:00-04:00,1.5299999713897705,1.6299999952316284,1.4800000190734863,1.4900000095367432,491400,0.0,0.0
2023-09-20 00:00:00-04:00,1.5299999713897705,1.5800000429153442,1.4800000190734863,1.5,242100,0.0,0.0
2023-09-21 00:00:00-04:00,1.4800000190734863,1.4800000190734863,1.1399999856948853,1.2200000286102295,1139600,0.0,0.0
2023-09-22 00:00:00-04:00,1.2000000476837158,1.2999999523162842,1.1799999475479126,1.2400000095367432,405700,0.0,0.0
2023-09-25 00:00:00-04:00,1.2200000286102295,1.3799999952316284,1.2200000286102295,1.2999999523162842,636900,0.0,0.0
2023-09-26 00:00:00-04:00,1.2999999523162842,1.3799999952316284,1.2899999618530273,1.350000023841858,275100,0.0,0.0
2023-09-27 00:00:00-04:00,1.350000023841858,1.3980000019073486,1.3200000524520874,1.3600000143051147,213800,0.0,0.0
2023-09-28 00:00:00-04:00,1.340000033378601,1.4500000476837158,1.2999999523162842,1.399999976158142,201700,0.0,0.0
2023-09-29 00:00:00-04:00,1.4299999475479126,1.4500000476837158,1.2899999618530273,1.3200000524520874,171800,0.0,0.0
2023-10-02 00:00:00-04:00,1.3200000524520874,1.3899999856948853,1.3200000524520874,1.340000033378601,97600,0.0,0.0
2023-10-03 00:00:00-04:00,1.3300000429153442,1.350000023841858,1.2699999809265137,1.309999942779541,224100,0.0,0.0
2023-10-04 00:00:00-04:00,1.340000033378601,1.399999976158142,1.2979999780654907,1.3600000143051147,212100,0.0,0.0
2023-10-05 00:00:00-04:00,1.3899999856948853,1.3899999856948853,1.2799999713897705,1.2799999713897705,158600,0.0,0.0
2023-10-06 00:00:00-04:00,1.2799999713897705,1.3600000143051147,1.2799999713897705,1.3200000524520874,121200,0.0,0.0
2023-10-09 00:00:00-04:00,1.2999999523162842,1.309999942779541,1.1799999475479126,1.2200000286102295,158900,0.0,0.0
2023-10-10 00:00:00-04:00,1.190000057220459,1.2899999618530273,1.190000057220459,1.2400000095367432,73300,0.0,0.0
2023-10-11 00:00:00-04:00,1.2400000095367432,1.2899999618530273,1.149999976158142,1.1699999570846558,163400,0.0,0.0
2023-10-12 00:00:00-04:00,1.1799999475479126,1.2000000476837158,1.149999976158142,1.190000057220459,131000,0.0,0.0
2023-10-13 00:00:00-04:00,1.159999966621399,1.2300000190734863,1.149999976158142,1.2200000286102295,117600,0.0,0.0
2023-10-16 00:00:00-04:00,1.2300000190734863,1.340000033378601,1.2050000429153442,1.2899999618530273,188400,0.0,0.0
2023-10-17 00:00:00-04:00,1.2799999713897705,1.340000033378601,1.190000057220459,1.190000057220459,160300,0.0,0.0
2023-10-18 00:00:00-04:00,1.1799999475479126,1.2350000143051147,1.149999976158142,1.1699999570846558,204400,0.0,0.0
2023-10-19 00:00:00-04:00,1.159999966621399,1.25,1.159999966621399,1.190000057220459,226500,0.0,0.0
2023-10-20 00:00:00-04:00,1.1299999952316284,1.1770000457763672,1.1200000047683716,1.149999976158142,119900,0.0,0.0
2023-10-23 00:00:00-04:00,1.1399999856948853,1.2300000190734863,1.1100000143051147,1.1299999952316284,81800,0.0,0.0
2023-10-24 00:00:00-04:00,1.1699999570846558,1.2200000286102295,1.1299999952316284,1.159999966621399,157800,0.0,0.0
2023-10-25 00:00:00-04:00,1.1200000047683716,1.190000057220459,1.0700000524520874,1.0800000429153442,248900,0.0,0.0
2023-10-26 00:00:00-04:00,1.090000033378601,1.1399999856948853,1.062999963760376,1.100000023841858,65600,0.0,0.0
2023-10-27 00:00:00-04:00,1.1299999952316284,1.1399999856948853,1.0,1.100000023841858,405700,0.0,0.0
2023-10-30 00:00:00-04:00,1.0700000524520874,1.1100000143051147,1.0460000038146973,1.100000023841858,111400,0.0,0.0
2023-10-31 00:00:00-04:00,1.090000033378601,1.1100000143051147,1.0570000410079956,1.090000033378601,71400,0.0,0.0
2023-11-01 00:00:00-04:00,1.0700000524520874,1.1200000047683716,1.0399999618530273,1.0800000429153442,89900,0.0,0.0
2023-11-02 00:00:00-04:00,1.1100000143051147,1.190000057220459,1.090000033378601,1.1200000047683716,117400,0.0,0.0
2023-11-03 00:00:00-04:00,1.1200000047683716,1.2000000476837158,1.0800000429153442,1.1799999475479126,108600,0.0,0.0
2023-11-06 00:00:00-05:00,1.2200000286102295,1.2200000286102295,1.1299999952316284,1.159999966621399,125200,0.0,0.0
2023-11-07 00:00:00-05:00,1.149999976158142,1.1929999589920044,1.0800000429153442,1.100000023841858,189800,0.0,0.0
2023-11-08 00:00:00-05:00,1.1299999952316284,1.1959999799728394,1.0800000429153442,1.090000033378601,284800,0.0,0.0
2023-11-09 00:00:00-05:00,1.1299999952316284,1.1399999856948853,0.9800000190734863,1.0399999618530273,395000,0.0,0.0
2023-11-10 00:00:00-05:00,1.0299999713897705,1.090000033378601,1.0,1.0,267500,0.0,0.0
2023-11-13 00:00:00-05:00,1.0,1.0149999856948853,0.949999988079071,1.0099999904632568,318100,0.0,0.0
2023-11-14 00:00:00-05:00,1.059999942779541,1.1100000143051147,1.0299999713897705,1.0700000524520874,328000,0.0,0.0
2023-11-15 00:00:00-05:00,1.0700000524520874,1.100000023841858,0.9409999847412109,0.9409999847412109,553100,0.0,0.0
2023-11-16 00:00:00-05:00,0.9800000190734863,0.9900000095367432,0.8500000238418579,0.8659999966621399,882800,0.0,0.0
2023-11-17 00:00:00-05:00,0.8600000143051147,0.9300000071525574,0.7900000214576721,0.7900000214576721,1513300,0.0,0.0
2023-11-20 00:00:00-05:00,0.828000009059906,0.8989999890327454,0.800000011920929,0.8519999980926514,543700,0.0,0.0
2023-11-21 00:00:00-05:00,0.8410000205039978,0.8500000238418579,0.7699999809265137,0.8199999928474426,480800,0.0,0.0
2023-11-22 00:00:00-05:00,0.8140000104904175,0.8389999866485596,0.800000011920929,0.8240000009536743,347800,0.0,0.0
2023-11-24 00:00:00-05:00,0.800000011920929,0.8500000238418579,0.7910000085830688,0.8429999947547913,294200,0.0,0.0
2023-11-27 00:00:00-05:00,0.8389999866485596,0.8399999737739563,0.800000011920929,0.8270000219345093,311700,0.0,0.0
2023-11-28 00:00:00-05:00,0.8240000009536743,0.8700000047683716,0.800000011920929,0.8700000047683716,476300,0.0,0.0
2023-11-29 00:00:00-05:00,0.8700000047683716,0.8799999952316284,0.8489999771118164,0.8640000224113464,179500,0.0,0.0
2023-11-30 00:00:00-05:00,0.8700000047683716,0.8999999761581421,0.8149999976158142,0.8320000171661377,2152700,0.0,0.0
2023-12-01 00:00:00-05:00,0.8700000047683716,0.9800000190734863,0.8429999947547913,0.9800000190734863,530300,0.0,0.0
2023-12-04 00:00:00-05:00,0.9700000286102295,0.9990000128746033,0.9010000228881836,0.9399999976158142,352700,0.0,0.0
2023-12-05 00:00:00-05:00,0.9399999976158142,0.949999988079071,0.8809999823570251,0.9020000100135803,256500,0.0,0.0
2023-12-06 00:00:00-05:00,0.9150000214576721,0.9200000166893005,0.8700000047683716,0.8799999952316284,289900,0.0,0.0
2023-12-07 00:00:00-05:00,0.8799999952316284,0.8999999761581421,0.8500000238418579,0.8640000224113464,364000,0.0,0.0
2023-12-08 00:00:00-05:00,0.8600000143051147,0.8840000033378601,0.8309999704360962,0.8830000162124634,611100,0.0,0.0
2023-12-11 00:00:00-05:00,0.8999999761581421,0.8999999761581421,0.7900000214576721,0.8050000071525574,775800,0.0,0.0
2023-12-12 00:00:00-05:00,0.800000011920929,0.800000011920929,0.746999979019165,0.7710000276565552,411600,0.0,0.0
2023-12-13 00:00:00-05:00,0.7900000214576721,0.8370000123977661,0.7250000238418579,0.8360000252723694,504900,0.0,0.0
2023-12-14 00:00:00-05:00,0.8289999961853027,0.8309999704360962,0.7900000214576721,0.8199999928474426,618200,0.0,0.0
2023-12-15 00:00:00-05:00,0.8199999928474426,0.8199999928474426,0.75,0.75,524200,0.0,0.0
2023-12-18 00:00:00-05:00,0.75,0.800000011920929,0.75,0.7509999871253967,330900,0.0,0.0
2023-12-19 00:00:00-05:00,0.800000011920929,0.800000011920929,0.7329999804496765,0.7400000095367432,458200,0.0,0.0
2023-12-20 00:00:00-05:00,0.75,0.7770000100135803,0.7300000190734863,0.7379999756813049,508600,0.0,0.0
2023-12-21 00:00:00-05:00,0.75,0.7680000066757202,0.7200000286102295,0.7300000190734863,440400,0.0,0.0
2023-12-22 00:00:00-05:00,0.7329999804496765,0.7749999761581421,0.7049999833106995,0.7490000128746033,732100,0.0,0.0
2023-12-26 00:00:00-05:00,0.75,0.777999997138977,0.7279999852180481,0.7450000047683716,690300,0.0,0.0
2023-12-27 00:00:00-05:00,0.7599999904632568,0.7799999713897705,0.7300000190734863,0.7300000190734863,711800,0.0,0.0
2023-12-28 00:00:00-05:00,0.7590000033378601,0.7590000033378601,0.7009999752044678,0.7020000219345093,1422300,0.0,0.0
2023-12-29 00:00:00-05:00,0.7200000286102295,0.75,0.6949999928474426,0.7200000286102295,1000900,0.0,0.0
2024-01-02 00:00:00-05:00,0.7459999918937683,0.8209999799728394,0.7310000061988831,0.7990000247955322,601200,0.0,0.0
2024-01-03 00:00:00-05:00,0.7749999761581421,0.8199999928474426,0.75,0.8119999766349792,221700,0.0,0.0
2024-01-04 00:00:00-05:00,0.8199999928474426,0.8399999737739563,0.7799999713897705,0.8109999895095825,270400,0.0,0.0
2024-01-05 00:00:00-05:00,0.8199999928474426,0.8370000123977661,0.7910000085830688,0.8130000233650208,418700,0.0,0.0
2024-01-08 00:00:00-05:00,0.8320000171661377,0.9100000262260437,0.8199999928474426,0.8830000162124634,582600,0.0,0.0
2024-01-09 00:00:00-05:00,0.8799999952316284,0.8989999890327454,0.8199999928474426,0.8460000157356262,258700,0.0,0.0
2024-01-10 00:00:00-05:00,0.8399999737739563,0.8849999904632568,0.8299999833106995,0.8849999904632568,359800,0.0,0.0
2024-01-11 00:00:00-05:00,0.8899999856948853,0.890999972820282,0.8199999928474426,0.8550000190734863,276000,0.0,0.0
2024-01-12 00:00:00-05:00,0.843999981880188,0.8999999761581421,0.8349999785423279,0.8989999890327454,676400,0.0,0.0
2024-01-16 00:00:00-05:00,0.921999990940094,0.9700000286102295,0.8629999756813049,0.921999990940094,733200,0.0,0.0
2024-01-17 00:00:00-05:00,0.9300000071525574,0.9300000071525574,0.8849999904632568,0.9169999957084656,219800,0.0,0.0
2024-01-18 00:00:00-05:00,0.9169999957084656,0.9340000152587891,0.8960000276565552,0.9210000038146973,199900,0.0,0.0
2024-01-19 00:00:00-05:00,0.9100000262260437,0.9200000166893005,0.8700000047683716,0.906000018119812,321200,0.0,0.0
2024-01-22 00:00:00-05:00,0.8859999775886536,0.8949999809265137,0.8500000238418579,0.8700000047683716,208900,0.0,0.0
2024-01-23 00:00:00-05:00,0.8700000047683716,0.921999990940094,0.8500000238418579,0.8820000290870667,161000,0.0,0.0
2024-01-24 00:00:00-05:00,0.8799999952316284,0.9290000200271606,0.8500000238418579,0.8999999761581421,453100,0.0,0.0
2024-01-25 00:00:00-05:00,0.9049999713897705,0.9049999713897705,0.8399999737739563,0.8569999933242798,365200,0.0,0.0
2024-01-26 00:00:00-05:00,0.8700000047683716,0.8999999761581421,0.8399999737739563,0.8399999737739563,223800,0.0,0.0
2024-01-29 00:00:00-05:00,0.8569999933242798,0.8650000095367432,0.8209999799728394,0.8349999785423279,240000,0.0,0.0
2024-01-30 00:00:00-05:00,0.8299999833106995,0.8489999771118164,0.8220000267028809,0.8330000042915344,157000,0.0,0.0
2024-01-31 00:00:00-05:00,0.8299999833106995,0.8489999771118164,0.796999990940094,0.8109999895095825,354100,0.0,0.0
2024-02-01 00:00:00-05:00,0.800000011920929,0.8989999890327454,0.7910000085830688,0.8740000128746033,596600,0.0,0.0
2024-02-02 00:00:00-05:00,0.9100000262260437,0.9150000214576721,0.8309999704360962,0.8389999866485596,471300,0.0,0.0
2024-02-05 00:00:00-05:00,0.8799999952316284,0.9430000185966492,0.8600000143051147,0.9350000023841858,1129300,0.0,0.0
2024-02-06 00:00:00-05:00,0.9350000023841858,1.100000023841858,0.9110000133514404,0.9990000128746033,1466100,0.0,0.0
2024-02-07 00:00:00-05:00,0.9819999933242798,1.0499999523162842,0.925000011920929,0.9300000071525574,580000,0.0,0.0
2024-02-08 00:00:00-05:00,0.968999981880188,0.9900000095367432,0.9210000038146973,0.9399999976158142,475300,0.0,0.0
2024-02-09 00:00:00-05:00,0.9399999976158142,0.9789999723434448,0.8989999890327454,0.9200000166893005,897100,0.0,0.0
2024-02-12 00:00:00-05:00,0.9100000262260437,0.9800000190734863,0.9100000262260437,0.949999988079071,1090400,0.0,0.0
2024-02-13 00:00:00-05:00,0.9300000071525574,0.949999988079071,0.8500000238418579,0.8700000047683716,982900,0.0,0.0
2024-02-14 00:00:00-05:00,0.8899999856948853,0.9900000095367432,0.8899999856948853,0.968999981880188,540400,0.0,0.0
2024-02-15 00:00:00-05:00,0.9509999752044678,1.0199999809265137,0.9319999814033508,0.9750000238418579,466900,0.0,0.0
2024-02-16 00:00:00-05:00,0.9700000286102295,1.0,0.9200000166893005,0.9879999756813049,1099500,0.0,0.0
2024-02-20 00:00:00-05:00,1.0,1.0,0.902999997138977,0.9359999895095825,405100,0.0,0.0
2024-02-21 00:00:00-05:00,0.9120000004768372,0.9940000176429749,0.8809999823570251,0.9900000095367432,784400,0.0,0.0
2024-02-22 00:00:00-05:00,0.9900000095367432,0.9900000095367432,0.9049999713897705,0.9160000085830688,280100,0.0,0.0
2024-02-23 00:00:00-05:00,0.9269999861717224,0.9700000286102295,0.8999999761581421,0.949999988079071,319300,0.0,0.0
2024-02-26 00:00:00-05:00,0.9399999976158142,0.9599999785423279,0.9020000100135803,0.9200000166893005,239400,0.0,0.0
2024-02-27 00:00:00-05:00,0.9279999732971191,0.9430000185966492,0.9200000166893005,0.9300000071525574,291800,0.0,0.0
2024-02-28 00:00:00-05:00,0.9070000052452087,0.949999988079071,0.9070000052452087,0.9369999766349792,155800,0.0,0.0
2024-02-29 00:00:00-05:00,0.9399999976158142,0.9399999976158142,0.8999999761581421,0.8999999761581421,134300,0.0,0.0
2024-03-01 00:00:00-05:00,0.9200000166893005,0.9480000138282776,0.8999999761581421,0.9399999976158142,321800,0.0,0.0
2024-03-04 00:00:00-05:00,0.9390000104904175,0.9399999976158142,0.8650000095367432,0.9010000228881836,789800,0.0,0.0
2024-03-05 00:00:00-05:00,0.8899999856948853,0.9200000166893005,0.8700000047683716,0.9150000214576721,285300,0.0,0.0
2024-03-06 00:00:00-05:00,0.9200000166893005,0.9200000166893005,0.8799999952316284,0.8849999904632568,270300,0.0,0.0
2024-03-07 00:00:00-05:00,0.8799999952316284,0.9070000052452087,0.8410000205039978,0.8759999871253967,273500,0.0,0.0
2024-03-08 00:00:00-05:00,0.875,0.9200000166893005,0.8730000257492065,0.9100000262260437,268900,0.0,0.0
2024-03-11 00:00:00-04:00,0.8999999761581421,0.9200000166893005,0.8700000047683716,0.8830000162124634,231200,0.0,0.0
2024-03-12 00:00:00-04:00,0.8809999823570251,0.9100000262260437,0.8309999704360962,0.8389999866485596,326300,0.0,0.0
2024-03-13 00:00:00-04:00,0.8500000238418579,0.8849999904632568,0.8429999947547913,0.8849999904632568,273900,0.0,0.0
2024-03-14 00:00:00-04:00,0.8849999904632568,0.8949999809265137,0.8510000109672546,0.8659999966621399,338000,0.0,0.0
2024-03-15 00:00:00-04:00,0.8510000109672546,0.9399999976158142,0.8510000109672546,0.9300000071525574,398600,0.0,0.0
2024-03-18 00:00:00-04:00,0.9599999785423279,1.0399999618530273,0.9300000071525574,1.0199999809265137,788400,0.0,0.0
2024-03-19 00:00:00-04:00,1.0,1.0199999809265137,0.9700000286102295,0.9810000061988831,466800,0.0,0.0
2024-03-20 00:00:00-04:00,0.9700000286102295,0.9800000190734863,0.8799999952316284,0.9599999785423279,708000,0.0,0.0
2024-03-21 00:00:00-04:00,0.9629999995231628,0.9950000047683716,0.9399999976158142,0.9549999833106995,232200,0.0,0.0
2024-03-22 00:00:00-04:00,0.9700000286102295,1.2000000476837158,0.9399999976158142,1.149999976158142,1792000,0.0,0.0
2024-03-25 00:00:00-04:00,1.2200000286102295,1.25,1.0499999523162842,1.090000033378601,1150900,0.0,0.0
2024-03-26 00:00:00-04:00,1.100000023841858,1.2450000047683716,1.100000023841858,1.1399999856948853,886000,0.0,0.0
2024-03-27 00:00:00-04:00,1.149999976158142,1.2699999809265137,1.100000023841858,1.2649999856948853,885600,0.0,0.0
2024-03-28 00:00:00-04:00,1.2799999713897705,1.3300000429153442,1.2200000286102295,1.3300000429153442,735300,0.0,0.0
2024-04-01 00:00:00-04:00,1.3799999952316284,1.399999976158142,1.2000000476837158,1.315000057220459,1719700,0.0,0.0
2024-04-02 00:00:00-04:00,1.2999999523162842,1.350000023841858,1.2899999618530273,1.309999942779541,507800,0.0,0.0
2024-04-03 00:00:00-04:00,1.2799999713897705,1.399999976158142,1.2300000190734863,1.3300000429153442,975800,0.0,0.0
2024-04-04 00:00:00-04:00,1.3700000047683716,1.399999976158142,1.180999994277954,1.2400000095367432,700600,0.0,0.0
2024-04-05 00:00:00-04:00,1.2400000095367432,1.3300000429153442,1.2200000286102295,1.2949999570846558,474000,0.0,0.0
2024-04-08 00:00:00-04:00,1.3300000429153442,1.340000033378601,1.2599999904632568,1.2999999523162842,443000,0.0,0.0
2024-04-09 00:00:00-04:00,1.2899999618530273,1.340000033378601,1.2699999809265137,1.309999942779541,268200,0.0,0.0
2024-04-10 00:00:00-04:00,1.309999942779541,1.3799999952316284,1.2599999904632568,1.2699999809265137,635400,0.0,0.0
2024-04-11 00:00:00-04:00,1.2999999523162842,1.2999999523162842,1.190000057220459,1.2699999809265137,303200,0.0,0.0
2024-04-12 00:00:00-04:00,1.2999999523162842,1.2999999523162842,1.159999966621399,1.2000000476837158,287600,0.0,0.0
2024-04-15 00:00:00-04:00,1.190000057220459,1.2300000190734863,1.1100000143051147,1.1799999475479126,466200,0.0,0.0
2024-04-16 00:00:00-04:00,1.1699999570846558,1.2100000381469727,1.1399999856948853,1.1699999570846558,238500,0.0,0.0
2024-04-17 00:00:00-04:00,1.159999966621399,1.190000057220459,1.149999976158142,1.159999966621399,219500,0.0,0.0
2024-04-18 00:00:00-04:00,1.149999976158142,1.2100000381469727,1.1200000047683716,1.1399999856948853,423300,0.0,0.0
2024-04-19 00:00:00-04:00,1.1100000143051147,1.159999966621399,1.0800000429153442,1.1100000143051147,294900,0.0,0.0
2024-04-22 00:00:00-04:00,1.100000023841858,1.1299999952316284,1.059999942779541,1.0800000429153442,292300,0.0,0.0
2024-04-23 00:00:00-04:00,1.0800000429153442,1.159999966621399,1.0700000524520874,1.090000033378601,476800,0.0,0.0
2024-04-24 00:00:00-04:00,1.1100000143051147,1.1100000143051147,1.059999942779541,1.090000033378601,231400,0.0,0.0
2024-04-25 00:00:00-04:00,1.059999942779541,1.1050000190734863,1.0499999523162842,1.0800000429153442,210900,0.0,0.0
2024-04-26 00:00:00-04:00,1.0700000524520874,1.128999948501587,1.0499999523162842,1.059999942779541,301200,0.0,0.0
2024-04-29 00:00:00-04:00,1.0499999523162842,1.0800000429153442,1.0199999809265137,1.0449999570846558,295100,0.0,0.0
2024-04-30 00:00:00-04:00,1.0399999618530273,1.4700000286102295,1.0099999904632568,1.2649999856948853,4502800,0.0,0.0
2024-05-01 00:00:00-04:00,1.2999999523162842,1.340000033378601,1.190000057220459,1.2300000190734863,1433500,0.0,0.0
2024-05-02 00:00:00-04:00,1.2599999904632568,1.3300000429153442,1.2000000476837158,1.2699999809265137,825700,0.0,0.0
2024-05-03 00:00:00-04:00,1.2899999618530273,1.3200000524520874,1.2000000476837158,1.2400000095367432,287700,0.0,0.0
2024-05-06 00:00:00-04:00,1.2400000095367432,1.309999942779541,1.2400000095367432,1.25,230800,0.0,0.0
2024-05-07 00:00:00-04:00,1.25,1.2799999713897705,1.1299999952316284,1.1699999570846558,512600,0.0,0.0
2024-05-08 00:00:00-04:00,1.1699999570846558,1.2100000381469727,1.149999976158142,1.2000000476837158,224100,0.0,0.0
2024-05-09 00:00:00-04:00,1.2100000381469727,1.25,1.1200000047683716,1.190000057220459,373700,0.0,0.0
2024-05-10 00:00:00-04:00,1.1799999475479126,1.2200000286102295,1.1299999952316284,1.1399999856948853,277400,0.0,0.0
2024-05-13 00:00:00-04:00,1.1299999952316284,1.1699999570846558,1.100000023841858,1.100000023841858,416500,0.0,0.0
2024-05-14 00:00:00-04:00,1.090000033378601,1.149999976158142,1.090000033378601,1.100000023841858,347500,0.0,0.0
2024-05-15 00:00:00-04:00,1.1299999952316284,1.1399999856948853,1.0199999809265137,1.059999942779541,346800,0.0,0.0
2024-05-16 00:00:00-04:00,1.0700000524520874,1.190000057220459,1.0399999618530273,1.100000023841858,925600,0.0,0.0
2024-05-17 00:00:00-04:00,1.1200000047683716,1.159999966621399,1.0,1.0,1365400,0.0,0.0
2024-05-20 00:00:00-04:00,1.0099999904632568,1.0299999713897705,0.8899999856948853,0.9599999785423279,945000,0.0,0.0
2024-05-21 00:00:00-04:00,0.996999979019165,1.0099999904632568,0.949999988079071,0.9539999961853027,334400,0.0,0.0
2024-05-22 00:00:00-04:00,0.9549999833106995,0.9599999785423279,0.8939999938011169,0.9380000233650208,533800,0.0,0.0
2024-05-23 00:00:00-04:00,0.9200000166893005,0.9300000071525574,0.8709999918937683,0.8799999952316284,502100,0.0,0.0
2024-05-24 00:00:00-04:00,0.8799999952316284,0.9100000262260437,0.8600000143051147,0.8880000114440918,392000,0.0,0.0
2024-05-28 00:00:00-04:00,0.8999999761581421,0.9900000095367432,0.8999999761581421,0.9440000057220459,1476100,0.0,0.0
2024-05-29 00:00:00-04:00,0.9599999785423279,1.0199999809265137,0.9369999766349792,0.9520000219345093,522700,0.0,0.0
2024-05-30 00:00:00-04:00,0.9599999785423279,0.9789999723434448,0.9399999976158142,0.9599999785423279,754800,0.0,0.0
2024-05-31 00:00:00-04:00,0.9710000157356262,1.0199999809265137,0.9599999785423279,0.9890000224113464,792700,0.0,0.0
2024-06-03 00:00:00-04:00,1.0199999809265137,1.0499999523162842,0.968999981880188,1.0299999713897705,1379900,0.0,0.0
2024-06-04 00:00:00-04:00,1.0099999904632568,1.034999966621399,0.9929999709129333,1.0099999904632568,594300,0.0,0.0
2024-06-05 00:00:00-04:00,1.0199999809265137,1.0399999618530273,0.9900000095367432,1.0,391000,0.0,0.0
2024-06-06 00:00:00-04:00,0.9900000095367432,1.0399999618530273,0.9700000286102295,1.0,322100,0.0,0.0
2024-06-07 00:00:00-04:00,0.9869999885559082,1.0199999809265137,0.9750000238418579,1.0,479700,0.0,0.0
2024-06-10 00:00:00-04:00,1.0099999904632568,1.100000023841858,0.9829999804496765,1.0,1007900,0.0,0.0
2024-06-11 00:00:00-04:00,0.9800000190734863,1.0199999809265137,0.9380000233650208,0.9599999785423279,365900,0.0,0.0
2024-06-12 00:00:00-04:00,0.9599999785423279,1.0299999713897705,0.9599999785423279,1.0099999904632568,291200,0.0,0.0
2024-06-13 00:00:00-04:00,0.9900000095367432,1.0499999523162842,0.9900000095367432,0.9929999709129333,328200,0.0,0.0
2024-06-14 00:00:00-04:00,1.0499999523162842,1.0549999475479126,0.9929999709129333,1.0,443300,0.0,0.0
2024-06-17 00:00:00-04:00,1.0199999809265137,1.059999942779541,1.0,1.0299999713897705,449200,0.0,0.0
2024-06-18 00:00:00-04:00,1.0499999523162842,1.1699999570846558,1.0299999713897705,1.090000033378601,858600,0.0,0.0
2024-06-20 00:00:00-04:00,1.1100000143051147,1.149999976158142,1.090000033378601,1.1200000047683716,572100,0.0,0.0
2024-06-21 00:00:00-04:00,1.1200000047683716,1.149999976158142,1.100000023841858,1.125,335000,0.0,0.0
2024-06-24 00:00:00-04:00,1.1100000143051147,1.1100000143051147,1.0,1.0099999904632568,1593900,0.0,0.0
2024-06-25 00:00:00-04:00,1.0199999809265137,1.0399999618530273,0.9509999752044678,0.9509999752044678,864500,0.0,0.0
2024-06-26 00:00:00-04:00,0.9760000109672546,1.0700000524520874,0.9210000038146973,1.0199999809265137,946800,0.0,0.0
2024-06-27 00:00:00-04:00,1.0299999713897705,1.0700000524520874,0.9929999709129333,1.0,657400,0.0,0.0
2024-06-28 00:00:00-04:00,1.0,1.0499999523162842,0.9350000023841858,1.0399999618530273,9051800,0.0,0.0
2024-07-01 00:00:00-04:00,1.0499999523162842,1.149999976158142,1.0299999713897705,1.1200000047683716,1408500,0.0,0.0
2024-07-02 00:00:00-04:00,1.1100000143051147,1.1799999475479126,1.0700000524520874,1.100000023841858,619500,0.0,0.0
2024-07-03 00:00:00-04:00,1.1100000143051147,1.125,1.0700000524520874,1.090000033378601,142100,0.0,0.0
2024-07-05 00:00:00-04:00,1.0800000429153442,1.090000033378601,1.0099999904632568,1.0299999713897705,618600,0.0,0.0
2024-07-08 00:00:00-04:00,1.059999942779541,1.1200000047683716,1.0449999570846558,1.090000033378601,617000,0.0,0.0
2024-07-09 00:00:00-04:00,1.090000033378601,1.100000023841858,1.0199999809265137,1.0199999809265137,635100,0.0,0.0
2024-07-10 00:00:00-04:00,1.0099999904632568,1.0399999618530273,0.9700000286102295,0.9850000143051147,760100,0.0,0.0
2024-07-11 00:00:00-04:00,1.0099999904632568,1.0399999618530273,0.9900000095367432,1.0299999713897705,311200,0.0,0.0
2024-07-12 00:00:00-04:00,1.0399999618530273,1.0499999523162842,1.0,1.034999966621399,504600,0.0,0.0
2024-07-15 00:00:00-04:00,1.0199999809265137,1.0299999713897705,0.9819999933242798,0.9929999709129333,640600,0.0,0.0
2024-07-16 00:00:00-04:00,1.0199999809265137,1.0399999618530273,1.0,1.0299999713897705,717800,0.0,0.0
2024-07-17 00:00:00-04:00,1.0499999523162842,1.0499999523162842,1.0099999904632568,1.0299999713897705,415900,0.0,0.0
2024-07-18 00:00:00-04:00,1.0099999904632568,1.0499999523162842,0.9649999737739563,0.9800000190734863,539900,0.0,0.0
2024-07-19 00:00:00-04:00,0.9900000095367432,1.0399999618530273,0.9700000286102295,0.9900000095367432,695700,0.0,0.0
2024-07-22 00:00:00-04:00,1.0,1.0399999618530273,0.9430000185966492,1.0299999713897705,742900,0.0,0.0
2024-07-23 00:00:00-04:00,1.0399999618530273,1.059999942779541,1.0299999713897705,1.0399999618530273,459200,0.0,0.0
2024-07-24 00:00:00-04:00,1.0499999523162842,1.0549999475479126,0.9750000238418579,0.9750000238418579,483700,0.0,0.0
2024-07-25 00:00:00-04:00,1.0199999809265137,1.0199999809265137,0.9750000238418579,1.0,253400,0.0,0.0
2024-07-26 00:00:00-04:00,1.0299999713897705,1.0299999713897705,1.0,1.0299999713897705,207000,0.0,0.0
2024-07-29 00:00:00-04:00,1.0399999618530273,1.159999966621399,1.0299999713897705,1.1299999952316284,1003600,0.0,0.0
2024-07-30 00:00:00-04:00,1.1399999856948853,1.159999966621399,1.0700000524520874,1.1100000143051147,398000,0.0,0.0
2024-07-31 00:00:00-04:00,1.1299999952316284,1.1299999952316284,1.059999942779541,1.0800000429153442,254500,0.0,0.0
2024-08-01 00:00:00-04:00,1.0700000524520874,1.0789999961853027,0.9900000095367432,1.0099999904632568,482300,0.0,0.0
2024-08-02 00:00:00-04:00,0.9800000190734863,1.0,0.9599999785423279,0.9610000252723694,434900,0.0,0.0
2024-08-05 00:00:00-04:00,0.9269999861717224,0.9900000095367432,0.8510000109672546,0.921999990940094,898100,0.0,0.0
2024-08-06 00:00:00-04:00,0.9290000200271606,0.9990000128746033,0.9100000262260437,0.9599999785423279,437900,0.0,0.0
2024-08-07 00:00:00-04:00,0.9599999785423279,1.0080000162124634,0.9409999847412109,0.9459999799728394,245400,0.0,0.0
2024-08-08 00:00:00-04:00,0.9380000233650208,1.0,0.9350000023841858,0.9419999718666077,686000,0.0,0.0
2024-08-09 00:00:00-04:00,0.949999988079071,0.9980000257492065,0.9399999976158142,0.9779999852180481,376000,0.0,0.0
2024-08-12 00:00:00-04:00,0.949999988079071,0.9580000042915344,0.9129999876022339,0.9430000185966492,772500,0.0,0.0
2024-08-13 00:00:00-04:00,0.9300000071525574,0.9300000071525574,0.8999999761581421,0.9300000071525574,1056800,0.0,0.0
2024-08-14 00:00:00-04:00,0.9340000152587891,1.0299999713897705,0.9200000166893005,1.0299999713897705,573500,0.0,0.0
2024-08-15 00:00:00-04:00,1.0399999618530273,1.0399999618530273,0.9800000190734863,1.0399999618530273,852100,0.0,0.0
2024-08-16 00:00:00-04:00,1.0,1.0800000429153442,0.9900000095367432,1.0700000524520874,1061600,0.0,0.0
2024-08-19 00:00:00-04:00,1.0700000524520874,1.0700000524520874,1.0,1.0199999809265137,737900,0.0,0.0
2024-08-20 00:00:00-04:00,1.0199999809265137,1.0399999618530273,1.0099999904632568,1.0199999809265137,483800,0.0,0.0
2024-08-21 00:00:00-04:00,1.0299999713897705,1.0800000429153442,1.0199999809265137,1.0800000429153442,384000,0.0,0.0
2024-08-22 00:00:00-04:00,1.0800000429153442,1.100000023841858,1.065000057220459,1.0800000429153442,260100,0.0,0.0
2024-08-23 00:00:00-04:00,1.090000033378601,1.1200000047683716,1.0800000429153442,1.100000023841858,278600,0.0,0.0
2024-08-26 00:00:00-04:00,1.1100000143051147,1.149999976158142,1.0700000524520874,1.149999976158142,765200,0.0,0.0
2024-08-27 00:00:00-04:00,1.0099999904632568,1.0199999809265137,0.9350000023841858,0.9430000185966492,2399600,0.0,0.0
2024-08-28 00:00:00-04:00,0.9430000185966492,1.0,0.9409999847412109,0.9819999933242798,394800,0.0,0.0
2024-08-29 00:00:00-04:00,0.9700000286102295,1.0099999904632568,0.9599999785423279,0.9890000224113464,548000,0.0,0.0
2024-08-30 00:00:00-04:00,0.9900000095367432,1.0099999904632568,0.9629999995231628,0.9890000224113464,214100,0.0,0.0
2024-09-03 00:00:00-04:00,0.9860000014305115,0.9890000224113464,0.9459999799728394,0.949999988079071,272300,0.0,0.0
2024-09-04 00:00:00-04:00,0.949999988079071,0.9810000061988831,0.9399999976158142,0.949999988079071,372200,0.0,0.0
2024-09-05 00:00:00-04:00,0.949999988079071,0.9729999899864197,0.9309999942779541,0.9459999799728394,388200,0.0,0.0
2024-09-06 00:00:00-04:00,0.9399999976158142,0.949999988079071,0.8899999856948853,0.8930000066757202,818400,0.0,0.0
2024-09-09 00:00:00-04:00,0.9150000214576721,0.9419999718666077,0.8999999761581421,0.9340000152587891,487700,0.0,0.0
2024-09-10 00:00:00-04:00,0.9100000262260437,0.9419999718666077,0.8989999890327454,0.9240000247955322,199000,0.0,0.0
2024-09-11 00:00:00-04:00,0.9229999780654907,0.9509999752044678,0.9110000133514404,0.9419999718666077,99000,0.0,0.0
2024-09-12 00:00:00-04:00,0.949999988079071,0.9700000286102295,0.9200000166893005,0.9330000281333923,125300,0.0,0.0
2024-09-13 00:00:00-04:00,0.9200000166893005,0.9739999771118164,0.9200000166893005,0.9639999866485596,249900,0.0,0.0
2024-09-16 00:00:00-04:00,0.9599999785423279,0.9739999771118164,0.949999988079071,0.9639999866485596,227500,0.0,0.0
2024-09-17 00:00:00-04:00,0.9549999833106995,1.0099999904632568,0.949999988079071,0.949999988079071,296000,0.0,0.0
2024-09-18 00:00:00-04:00,0.949999988079071,0.9900000095367432,0.949999988079071,0.9660000205039978,365200,0.0,0.0
2024-09-19 00:00:00-04:00,0.9900000095367432,0.9980000257492065,0.9700000286102295,0.9860000014305115,199400,0.0,0.0
2024-09-20 00:00:00-04:00,0.9909999966621399,0.9950000047683716,0.9399999976158142,0.9580000042915344,987600,0.0,0.0
2024-09-23 00:00:00-04:00,0.9290000200271606,0.9430000185966492,0.921999990940094,0.9240000247955322,408300,0.0,0.0
2024-09-24 00:00:00-04:00,0.9210000038146973,0.949999988079071,0.9210000038146973,0.9380000233650208,153800,0.0,0.0
2024-09-25 00:00:00-04:00,0.9259999990463257,0.9399999976158142,0.9150000214576721,0.9200000166893005,162300,0.0,0.0
2024-09-26 00:00:00-04:00,0.9300000071525574,0.9399999976158142,0.9100000262260437,0.9169999957084656,462500,0.0,0.0
2024-09-27 00:00:00-04:00,0.9150000214576721,0.9259999990463257,0.8820000290870667,0.8949999809265137,486900,0.0,0.0
2024-09-30 00:00:00-04:00,0.8899999856948853,0.8999999761581421,0.8500000238418579,0.8700000047683716,788700,0.0,0.0
2024-10-01 00:00:00-04:00,0.8600000143051147,0.8999999761581421,0.8510000109672546,0.8690000176429749,266500,0.0,0.0
2024-10-02 00:00:00-04:00,0.8700000047683716,0.9100000262260437,0.8230000138282776,0.8690000176429749,324000,0.0,0.0
2024-10-03 00:00:00-04:00,0.8600000143051147,0.8799999952316284,0.8270000219345093,0.8560000061988831,420600,0.0,0.0
2024-10-04 00:00:00-04:00,0.8560000061988831,0.8899999856948853,0.8500000238418579,0.8889999985694885,186100,0.0,0.0
2024-10-07 00:00:00-04:00,0.8899999856948853,0.8999999761581421,0.8600000143051147,0.8610000014305115,136400,0.0,0.0
2024-10-08 00:00:00-04:00,0.8600000143051147,0.8849999904632568,0.8539999723434448,0.8679999709129333,82700,0.0,0.0
2024-10-09 00:00:00-04:00,0.8659999966621399,0.8870000243186951,0.8519999980926514,0.8600000143051147,186200,0.0,0.0
2024-10-10 00:00:00-04:00,0.8650000095367432,0.8799999952316284,0.8349999785423279,0.8560000061988831,217700,0.0,0.0
2024-10-11 00:00:00-04:00,0.8659999966621399,0.8899999856948853,0.8539999723434448,0.8600000143051147,237300,0.0,0.0
2024-10-14 00:00:00-04:00,0.8600000143051147,0.8870000243186951,0.8600000143051147,0.8730000257492065,251100,0.0,0.0
2024-10-15 00:00:00-04:00,0.8650000095367432,0.9300000071525574,0.8600000143051147,0.9210000038146973,182500,0.0,0.0
2024-10-16 00:00:00-04:00,0.9290000200271606,0.9470000267028809,0.902999997138977,0.9269999861717224,261900,0.0,0.0
2024-10-17 00:00:00-04:00,0.9200000166893005,0.9300000071525574,0.8999999761581421,0.9200000166893005,137900,0.0,0.0
2024-10-18 00:00:00-04:00,0.9200000166893005,0.9459999799728394,0.8799999952316284,0.8930000066757202,274200,0.0,0.0
2024-10-21 00:00:00-04:00,0.8899999856948853,0.9300000071525574,0.8700000047683716,0.8859999775886536,303600,0.0,0.0
2024-10-22 00:00:00-04:00,0.8949999809265137,0.9200000166893005,0.8610000014305115,0.9010000228881836,1412900,0.0,0.0
2024-10-23 00:00:00-04:00,0.8899999856948853,0.9200000166893005,0.8650000095367432,0.8650000095367432,185200,0.0,0.0
2024-10-24 00:00:00-04:00,0.8690000176429749,0.8999999761581421,0.8450000286102295,0.8450000286102295,262800,0.0,0.0
2024-10-25 00:00:00-04:00,0.8489999771118164,0.8700000047683716,0.824999988079071,0.8309999704360962,396700,0.0,0.0
2024-10-28 00:00:00-04:00,0.8360000252723694,0.8669999837875366,0.8109999895095825,0.8199999928474426,498500,0.0,0.0
2024-10-29 00:00:00-04:00,0.8259999752044678,0.8349999785423279,0.7889999747276306,0.8009999990463257,400800,0.0,0.0
2024-10-30 00:00:00-04:00,0.7940000295639038,0.8339999914169312,0.781000018119812,0.7879999876022339,416300,0.0,0.0
2024-10-31 00:00:00-04:00,0.7900000214576721,0.8199999928474426,0.7749999761581421,0.7749999761581421,369200,0.0,0.0
2024-11-01 00:00:00-04:00,0.7760000228881836,0.8069999814033508,0.7749999761581421,0.7960000038146973,184300,0.0,0.0
2024-11-04 00:00:00-05:00,0.796999990940094,0.8299999833106995,0.7860000133514404,0.7900000214576721,553100,0.0,0.0
2024-11-05 00:00:00-05:00,0.8360000252723694,0.8399999737739563,0.7950000166893005,0.800000011920929,484000,0.0,0.0
2024-11-06 00:00:00-05:00,0.8220000267028809,0.8220000267028809,0.699999988079071,0.7670000195503235,2928900,0.0,0.0
2024-11-07 00:00:00-05:00,0.7459999918937683,0.8130000233650208,0.7459999918937683,0.7699999809265137,430500,0.0,0.0
2024-11-08 00:00:00-05:00,0.7900000214576721,0.796999990940094,0.7350000143051147,0.7580000162124634,193300,0.0,0.0
2024-11-11 00:00:00-05:00,0.7509999871253967,0.7799999713897705,0.7300000190734863,0.7350000143051147,493900,0.0,0.0
2024-11-12 00:00:00-05:00,0.7350000143051147,0.7739999890327454,0.7129999995231628,0.7160000205039978,928400,0.0,0.0
2024-11-13 00:00:00-05:00,0.9129999876022339,0.9660000205039978,0.8489999771118164,0.8560000061988831,3083200,0.0,0.0
2024-11-14 00:00:00-05:00,0.8999999761581421,1.149999976158142,0.8999999761581421,1.0,3212800,0.0,0.0
2024-11-15 00:00:00-05:00,1.0,1.0299999713897705,0.9509999752044678,0.9919999837875366,2032800,0.0,0.0
2024-11-18 00:00:00-05:00,1.0499999523162842,1.1299999952316284,1.0,1.0399999618530273,2202900,0.0,0.0
2024-11-19 00:00:00-05:00,1.100000023841858,1.2000000476837158,1.059999942779541,1.2000000476837158,1215800,0.0,0.0
2024-11-20 00:00:00-05:00,1.2000000476837158,1.2200000286102295,1.1549999713897705,1.1799999475479126,808000,0.0,0.0
2024-11-21 00:00:00-05:00,1.190000057220459,1.190000057220459,1.1100000143051147,1.1699999570846558,836000,0.0,0.0
2024-11-22 00:00:00-05:00,1.1699999570846558,1.2300000190734863,1.159999966621399,1.2000000476837158,1000200,0.0,0.0
2024-11-25 00:00:00-05:00,1.2200000286102295,1.3899999856948853,1.2000000476837158,1.2799999713897705,1370000,0.0,0.0
2024-11-26 00:00:00-05:00,1.25,1.2999999523162842,1.2400000095367432,1.2799999713897705,711400,0.0,0.0
2024-11-27 00:00:00-05:00,1.2799999713897705,1.3300000429153442,1.215000033378601,1.2300000190734863,711200,0.0,0.0
2024-11-29 00:00:00-05:00,1.2300000190734863,1.2799999713897705,1.1749999523162842,1.190000057220459,704000,0.0,0.0
2024-12-02 00:00:00-05:00,1.2200000286102295,1.3849999904632568,1.2200000286102295,1.340000033378601,1577500,0.0,0.0
2024-12-03 00:00:00-05:00,1.3300000429153442,1.465000033378601,1.2999999523162842,1.4299999475479126,1217700,0.0,0.0
2024-12-04 00:00:00-05:00,1.4299999475479126,1.4500000476837158,1.3300000429153442,1.3600000143051147,699200,0.0,0.0
2024-12-05 00:00:00-05:00,1.3899999856948853,1.440000057220459,1.2999999523162842,1.350000023841858,931100,0.0,0.0
2024-12-06 00:00:00-05:00,1.3799999952316284,1.4900000095367432,1.3600000143051147,1.399999976158142,1177100,0.0,0.0
2024-12-09 00:00:00-05:00,1.440000057220459,1.440000057220459,1.3350000381469727,1.350000023841858,596500,0.0,0.0
2024-12-10 00:00:00-05:00,1.350000023841858,1.399999976158142,1.3300000429153442,1.3799999952316284,860400,0.0,0.0
2024-12-11 00:00:00-05:00,1.3600000143051147,1.3899999856948853,1.309999942779541,1.350000023841858,982900,0.0,0.0
2024-12-12 00:00:00-05:00,1.3300000429153442,1.3799999952316284,1.2799999713897705,1.350000023841858,709200,0.0,0.0
2024-12-13 00:00:00-05:00,1.3300000429153442,1.3669999837875366,1.2200000286102295,1.2400000095367432,1466400,0.0,0.0
2024-12-16 00:00:00-05:00,1.2300000190734863,1.2599999904632568,1.0700000524520874,1.1100000143051147,1691000,0.0,0.0
2024-12-17 00:00:00-05:00,1.100000023841858,1.2699999809265137,1.100000023841858,1.2200000286102295,1184900,0.0,0.0
2024-12-18 00:00:00-05:00,1.399999976158142,1.559999942779541,1.3550000190734863,1.3899999856948853,4400600,0.0,0.0
2024-12-19 00:00:00-05:00,1.4700000286102295,1.5,1.3600000143051147,1.4600000381469727,2556600,0.0,0.0
2024-12-20 00:00:00-05:00,1.5,1.649999976158142,1.4800000190734863,1.6299999952316284,4575000,0.0,0.0
2024-12-23 00:00:00-05:00,1.649999976158142,1.649999976158142,1.5099999904632568,1.5499999523162842,1446400,0.0,0.0
2024-12-24 00:00:00-05:00,1.5700000524520874,1.6399999856948853,1.5399999618530273,1.590000033378601,793400,0.0,0.0
2024-12-26 00:00:00-05:00,1.5800000429153442,1.590000033378601,1.4600000381469727,1.4900000095367432,915000,0.0,0.0
2024-12-27 00:00:00-05:00,1.5800000429153442,1.5800000429153442,1.409999966621399,1.4600000381469727,1308400,0.0,0.0
2024-12-30 00:00:00-05:00,1.4700000286102295,1.4880000352859497,1.3799999952316284,1.399999976158142,1185900,0.0,0.0
2024-12-31 00:00:00-05:00,1.409999966621399,1.4450000524520874,1.340000033378601,1.3799999952316284,1201300,0.0,0.0
2025-01-02 00:00:00-05:00,1.4199999570846558,1.5149999856948853,1.3899999856948853,1.4500000476837158,905300,0.0,0.0
2025-01-03 00:00:00-05:00,1.4700000286102295,1.4700000286102295,1.3899999856948853,1.4600000381469727,1354200,0.0,0.0
2025-01-06 00:00:00-05:00,1.4800000190734863,1.5299999713897705,1.4299999475479126,1.4800000190734863,857300,0.0,0.0
2025-01-07 00:00:00-05:00,1.5199999809265137,1.5299999713897705,1.409999966621399,1.4700000286102295,841200,0.0,0.0
2025-01-08 00:00:00-05:00,1.4299999475479126,1.4500000476837158,1.340000033378601,1.3600000143051147,1330900,0.0,0.0
2025-01-10 00:00:00-05:00,1.340000033378601,1.4199999570846558,1.2999999523162842,1.3799999952316284,720500,0.0,0.0
2025-01-13 00:00:00-05:00,1.340000033378601,1.3650000095367432,1.2699999809265137,1.3300000429153442,1017100,0.0,0.0
2025-01-14 00:00:00-05:00,1.340000033378601,1.3600000143051147,1.2699999809265137,1.2899999618530273,763800,0.0,0.0
2025-01-15 00:00:00-05:00,1.2999999523162842,1.3300000429153442,1.2599999904632568,1.309999942779541,1501800,0.0,0.0
2025-01-16 00:00:00-05:00,1.3300000429153442,1.3300000429153442,1.2699999809265137,1.309999942779541,961100,0.0,0.0
2025-01-17 00:00:00-05:00,1.3200000524520874,1.340000033378601,1.2699999809265137,1.2899999618530273,305800,0.0,0.0
2025-01-21 00:00:00-05:00,1.3600000143051147,1.4199999570846558,1.340000033378601,1.399999976158142,2293600,0.0,0.0
2025-01-22 00:00:00-05:00,1.399999976158142,1.4199999570846558,1.350000023841858,1.3799999952316284,1382000,0.0,0.0
2025-01-23 00:00:00-05:00,1.3799999952316284,1.4299999475479126,1.350000023841858,1.3600000143051147,731000,0.0,0.0
2025-01-24 00:00:00-05:00,1.3700000047683716,1.3700000047683716,1.3200000524520874,1.3300000429153442,855600,0.0,0.0
2025-01-27 00:00:00-05:00,1.3200000524520874,1.3700000047683716,1.309999942779541,1.3300000429153442,1266000,0.0,0.0
2025-01-28 00:00:00-05:00,1.309999942779541,1.375,1.2999999523162842,1.3600000143051147,508200,0.0,0.0
2025-01-29 00:00:00-05:00,1.3700000047683716,1.409999966621399,1.350000023841858,1.399999976158142,978600,0.0,0.0
2025-01-30 00:00:00-05:00,1.399999976158142,1.4700000286102295,1.3899999856948853,1.3899999856948853,1012700,0.0,0.0
2025-01-31 00:00:00-05:00,1.3700000047683716,1.4199999570846558,1.3300000429153442,1.3799999952316284,1040500,0.0,0.0
2025-02-03 00:00:00-05:00,1.3480000495910645,1.3600000143051147,1.309999942779541,1.3200000524520874,821600,0.0,0.0
2025-02-04 00:00:00-05:00,1.3700000047683716,1.440000057220459,1.3320000171661377,1.4199999570846558,1778600,0.0,0.0
2025-02-05 00:00:00-05:00,1.4199999570846558,1.4700000286102295,1.399999976158142,1.440000057220459,1291100,0.0,0.0
2025-02-06 00:00:00-05:00,1.4500000476837158,1.4500000476837158,1.3700000047683716,1.3899999856948853,837900,0.0,0.0
2025-02-07 00:00:00-05:00,1.399999976158142,1.409999966621399,1.350000023841858,1.3600000143051147,773500,0.0,0.0
2025-02-10 00:00:00-05:00,1.3980000019073486,1.3980000019073486,1.2799999713897705,1.2899999618530273,2534500,0.0,0.0
2025-02-11 00:00:00-05:00,1.2799999713897705,1.3250000476837158,1.2799999713897705,1.2899999618530273,465900,0.0,0.0
2025-02-12 00:00:00-05:00,1.2899999618530273,1.409999966621399,1.284999966621399,1.3799999952316284,1125200,0.0,0.0
2025-02-13 00:00:00-05:00,1.3899999856948853,1.4199999570846558,1.350000023841858,1.3899999856948853,668200,0.0,0.0
2025-02-14 00:00:00-05:00,1.3799999952316284,1.4199999570846558,1.350000023841858,1.3799999952316284,692600,0.0,0.0
2025-02-18 00:00:00-05:00,1.3799999952316284,1.399999976158142,1.3600000143051147,1.3799999952316284,912700,0.0,0.0
2025-02-19 00:00:00-05:00,1.3799999952316284,1.440000057220459,1.3700000047683716,1.4299999475479126,2353700,0.0,0.0
2025-02-20 00:00:00-05:00,1.409999966621399,1.465000033378601,1.3899999856948853,1.4500000476837158,717600,0.0,0.0
2025-02-21 00:00:00-05:00,1.4800000190734863,1.4800000190734863,1.3600000143051147,1.3899999856948853,6616100,0.0,0.0
2025-02-24 00:00:00-05:00,1.409999966621399,1.409999966621399,1.2899999618530273,1.350000023841858,1106100,0.0,0.0
2025-02-25 00:00:00-05:00,1.350000023841858,1.375,1.309999942779541,1.309999942779541,910500,0.0,0.0
2025-02-26 00:00:00-05:00,1.309999942779541,1.350000023841858,1.2899999618530273,1.350000023841858,493400,0.0,0.0
2025-02-27 00:00:00-05:00,1.340000033378601,1.340000033378601,1.2799999713897705,1.2899999618530273,903500,0.0,0.0
2025-02-28 00:00:00-05:00,1.2799999713897705,1.3200000524520874,1.25,1.309999942779541,512100,0.0,0.0
2025-03-03 00:00:00-05:00,1.309999942779541,1.3300000429153442,1.2949999570846558,1.2999999523162842,604600,0.0,0.0
2025-03-04 00:00:00-05:00,1.2699999809265137,1.2999999523162842,1.225000023841858,1.2549999952316284,1090800,0.0,0.0
2025-03-05 00:00:00-05:00,1.25,1.3200000524520874,1.25,1.2899999618530273,711600,0.0,0.0
2025-03-06 00:00:00-05:00,1.340000033378601,1.409999966621399,1.3300000429153442,1.3600000143051147,1760800,0.0,0.0
2025-03-07 00:00:00-05:00,1.3700000047683716,1.3700000047683716,1.3200000524520874,1.350000023841858,474400,0.0,0.0
2025-03-10 00:00:00-04:00,1.350000023841858,1.3550000190734863,1.25,1.2699999809265137,1116000,0.0,0.0
2025-03-11 00:00:00-04:00,1.2799999713897705,1.2799999713897705,1.2050000429153442,1.2599999904632568,1413500,0.0,0.0
2025-03-12 00:00:00-04:00,1.2599999904632568,1.2799999713897705,1.1699999570846558,1.1799999475479126,1358400,0.0,0.0
2025-03-13 00:00:00-04:00,1.190000057220459,1.215000033378601,1.159999966621399,1.1699999570846558,928400,0.0,0.0
2025-03-14 00:00:00-04:00,1.3200000524520874,1.3600000143051147,1.1950000524520874,1.25,2085300,0.0,0.0
2025-03-17 00:00:00-04:00,1.2599999904632568,1.3700000047683716,1.2100000381469727,1.2300000190734863,2996200,0.0,0.0
2025-03-18 00:00:00-04:00,1.2200000286102295,1.2799999713897705,1.1779999732971191,1.2599999904632568,1039600,0.0,0.0
2025-03-19 00:00:00-04:00,1.2599999904632568,1.2599999904632568,1.225000023841858,1.2300000190734863,237300,0.0,0.0
2025-03-20 00:00:00-04:00,1.2300000190734863,1.2799999713897705,1.225000023841858,1.2599999904632568,704200,0.0,0.0
2025-03-21 00:00:00-04:00,1.2400000095367432,1.3450000286102295,1.2400000095367432,1.340000033378601,1052900,0.0,0.0
2025-03-24 00:00:00-04:00,1.340000033378601,1.3650000095367432,1.2949999570846558,1.340000033378601,365400,0.0,0.0
2025-03-25 00:00:00-04:00,1.3300000429153442,1.3700000047683716,1.309999942779541,1.3600000143051147,318200,0.0,0.0
2025-03-26 00:00:00-04:00,1.350000023841858,1.3600000143051147,1.2999999523162842,1.309999942779541,260000,0.0,0.0
2025-03-27 00:00:00-04:00,1.2999999523162842,1.3049999475479126,1.2300000190734863,1.2400000095367432,408300,0.0,0.0
2025-03-28 00:00:00-04:00,1.2300000190734863,1.2300000190734863,1.1950000524520874,1.2100000381469727,351100,0.0,0.0
2025-03-31 00:00:00-04:00,1.2050000429153442,1.2100000381469727,1.1299999952316284,1.1299999952316284,1167200,0.0,0.0
2025-04-01 00:00:00-04:00,1.1399999856948853,1.1449999809265137,1.100000023841858,1.1299999952316284,1115100,0.0,0.0
2025-04-02 00:00:00-04:00,1.1299999952316284,1.159999966621399,1.1100000143051147,1.1299999952316284,652700,0.0,0.0
2025-04-03 00:00:00-04:00,1.100000023841858,1.1299999952316284,1.059999942779541,1.090000033378601,1013700,0.0,0.0
2025-04-04 00:00:00-04:00,1.0499999523162842,1.0700000524520874,1.0299999713897705,1.059999942779541,1380900,0.0,0.0
2025-04-07 00:00:00-04:00,1.0299999713897705,1.0700000524520874,0.9700000286102295,1.0399999618530273,1917700,0.0,0.0
2025-04-08 00:00:00-04:00,1.059999942779541,1.0800000429153442,1.0,1.0099999904632568,968600,0.0,0.0
2025-04-09 00:00:00-04:00,1.0,1.1100000143051147,0.996999979019165,1.0850000381469727,855100,0.0,0.0
2025-04-10 00:00:00-04:00,1.0399999618530273,1.0700000524520874,1.0099999904632568,1.059999942779541,792900,0.0,0.0
2025-04-11 00:00:00-04:00,1.0299999713897705,1.059999942779541,1.0149999856948853,1.034999966621399,390700,0.0,0.0
2025-04-14 00:00:00-04:00,1.0399999618530273,1.0549999475479126,1.0099999904632568,1.0399999618530273,376900,0.0,0.0
2025-04-15 00:00:00-04:00,1.0399999618530273,1.0399999618530273,1.0099999904632568,1.0299999713897705,572500,0.0,0.0
2025-04-16 00:00:00-04:00,1.0299999713897705,1.059999942779541,1.0,1.059999942779541,863800,0.0,0.0
2025-04-17 00:00:00-04:00,1.059999942779541,1.1109999418258667,1.024999976158142,1.0399999618530273,660700,0.0,0.0
2025-04-21 00:00:00-04:00,1.0399999618530273,1.0499999523162842,1.0199999809265137,1.0399999618530273,362500,0.0,0.0
2025-04-22 00:00:00-04:00,1.0399999618530273,1.0499999523162842,1.0299999713897705,1.0499999523162842,689600,0.0,0.0
2025-04-23 00:00:00-04:00,1.0700000524520874,1.0950000286102295,1.059999942779541,1.0800000429153442,286600,0.0,0.0
2025-04-24 00:00:00-04:00,1.0700000524520874,1.1299999952316284,1.0700000524520874,1.1100000143051147,784700,0.0,0.0
2025-04-25 00:00:00-04:00,1.090000033378601,1.149999976158142,1.090000033378601,1.1399999856948853,443200,0.0,0.0
2025-04-28 00:00:00-04:00,1.159999966621399,1.190000057220459,1.1449999809265137,1.1799999475479126,731700,0.0,0.0
2025-04-29 00:00:00-04:00,1.1799999475479126,1.2690000534057617,1.1799999475479126,1.25,644900,0.0,0.0
2025-04-30 00:00:00-04:00,1.2400000095367432,1.309999942779541,1.159999966621399,1.2899999618530273,1877700,0.0,0.0
2025-05-01 00:00:00-04:00,1.2799999713897705,1.2999999523162842,1.25,1.2599999904632568,527400,0.0,0.0
2025-05-02 00:00:00-04:00,1.2599999904632568,1.2699999809265137,1.2100000381469727,1.2599999904632568,500800,0.0,0.0
2025-05-05 00:00:00-04:00,1.2599999904632568,1.2599999904632568,1.1799999475479126,1.190000057220459,402500,0.0,0.0
2025-05-06 00:00:00-04:00,1.190000057220459,1.2100000381469727,1.1299999952316284,1.1399999856948853,570500,0.0,0.0
2025-05-07 00:00:00-04:00,1.1399999856948853,1.159999966621399,1.1100000143051147,1.1299999952316284,436200,0.0,0.0
2025-05-08 00:00:00-04:00,1.190000057220459,1.2100000381469727,1.149999976158142,1.1699999570846558,492100,0.0,0.0
2025-05-09 00:00:00-04:00,1.1990000009536743,1.1990000009536743,1.1100000143051147,1.1200000047683716,822100,0.0,0.0
2025-05-12 00:00:00-04:00,1.1699999570846558,1.1699999570846558,1.100000023841858,1.1200000047683716,495800,0.0,0.0
2025-05-13 00:00:00-04:00,1.1399999856948853,1.149999976158142,1.090000033378601,1.1399999856948853,803000,0.0,0.0
2025-05-14 00:00:00-04:00,1.149999976158142,1.190000057220459,1.1299999952316284,1.1799999475479126,678600,0.0,0.0
2025-05-15 00:00:00-04:00,1.2000000476837158,1.2100000381469727,1.1399999856948853,1.1749999523162842,555500,0.0,0.0
2025-05-16 00:00:00-04:00,1.1799999475479126,1.1799999475479126,1.059999942779541,1.0800000429153442,2113100,0.0,0.0
2025-05-19 00:00:00-04:00,1.0800000429153442,1.090000033378601,1.0499999523162842,1.0700000524520874,800300,0.0,0.0
2025-05-20 00:00:00-04:00,1.0700000524520874,1.1200000047683716,1.0570000410079956,1.1200000047683716,642400,0.0,0.0
2025-05-21 00:00:00-04:00,1.100000023841858,1.100000023841858,1.0399999618530273,1.0499999523162842,541000,0.0,0.0
2025-05-22 00:00:00-04:00,1.0399999618530273,1.0499999523162842,1.0199999809265137,1.0199999809265137,384400,0.0,0.0
2025-05-23 00:00:00-04:00,1.0199999809265137,1.0399999618530273,1.0099999904632568,1.0099999904632568,438900,0.0,0.0
2025-05-27 00:00:00-04:00,1.0299999713897705,1.059999942779541,1.0299999713897705,1.059999942779541,512900,0.0,0.0
2025-05-28 00:00:00-04:00,1.0700000524520874,1.090000033378601,1.0299999713897705,1.0399999618530273,477700,0.0,0.0
2025-05-29 00:00:00-04:00,1.0499999523162842,1.0700000524520874,1.0399999618530273,1.0499999523162842,396300,0.0,0.0
2025-05-30 00:00:00-04:00,1.0399999618530273,1.059999942779541,1.0099999904632568,1.0399999618530273,579700,0.0,0.0
2025-06-02 00:00:00-04:00,1.0399999618530273,1.0449999570846558,1.0,1.0199999809265137,632200,0.0,0.0
2025-06-03 00:00:00-04:00,1.0199999809265137,1.0499999523162842,1.0,1.0399999618530273,509900,0.0,0.0
2025-06-04 00:00:00-04:00,1.0299999713897705,1.059999942779541,1.0299999713897705,1.0499999523162842,375400,0.0,0.0
2025-06-05 00:00:00-04:00,1.0499999523162842,1.0800000429153442,1.0499999523162842,1.0800000429153442,502400,0.0,0.0
2025-06-06 00:00:00-04:00,1.0800000429153442,1.1299999952316284,1.0700000524520874,1.1100000143051147,938200,0.0,0.0
2025-06-09 00:00:00-04:00,1.100000023841858,1.1200000047683716,1.090000033378601,1.1100000143051147,681300,0.0,0.0
2025-06-10 00:00:00-04:00,1.1100000143051147,1.1399999856948853,1.090000033378601,1.1299999952316284,309200,0.0,0.0
2025-06-11 00:00:00-04:00,1.0800000429153442,1.0850000381469727,1.0499999523162842,1.0499999523162842,471100,0.0,0.0
2025-06-12 00:00:00-04:00,1.059999942779541,1.0700000524520874,1.0299999713897705,1.059999942779541,486400,0.0,0.0
2025-06-13 00:00:00-04:00,1.0299999713897705,1.0499999523162842,1.0199999809265137,1.0199999809265137,501800,0.0,0.0
2025-06-16 00:00:00-04:00,1.0499999523162842,1.0700000524520874,1.0199999809265137,1.0499999523162842,401900,0.0,0.0
2025-06-17 00:00:00-04:00,1.0499999523162842,1.059999942779541,1.0199999809265137,1.0399999618530273,429200,0.0,0.0
2025-06-18 00:00:00-04:00,1.0399999618530273,1.1200000047683716,1.0399999618530273,1.0700000524520874,885800,0.0,0.0
2025-06-20 00:00:00-04:00,1.0800000429153442,1.090000033378601,1.0099999904632568,1.0199999809265137,667300,0.0,0.0
2025-06-23 00:00:00-04:00,1.0099999904632568,1.059999942779541,1.0099999904632568,1.059999942779541,756700,0.0,0.0
2025-06-24 00:00:00-04:00,0.9449999928474426,0.9900000095367432,0.9100000262260437,0.9290000200271606,3222700,0.0,0.0
2025-06-25 00:00:00-04:00,0.925000011920929,0.9399999976158142,0.8619999885559082,0.8799999952316284,2439600,0.0,0.0
2025-06-26 00:00:00-04:00,0.8799999952316284,0.9350000023841858,0.8579999804496765,0.9269999861717224,1160400,0.0,0.0
2025-06-27 00:00:00-04:00,0.9229999780654907,0.949999988079071,0.8619999885559082,0.8690000176429749,1392100,0.0,0.0
2025-06-30 00:00:00-04:00,0.8999999761581421,0.9129999876022339,0.8730000257492065,0.8960000276565552,1390900,0.0,0.0
2025-07-01 00:00:00-04:00,0.8949999809265137,0.9169999957084656,0.8799999952316284,0.8960000276565552,646500,0.0,0.0
2025-07-02 00:00:00-04:00,0.906000018119812,0.9100000262260437,0.8899999856948853,0.8960000276565552,443300,0.0,0.0
2025-07-03 00:00:00-04:00,0.8999999761581421,0.9200000166893005,0.8799999952316284,0.9200000166893005,565600,0.0,0.0
2025-07-07 00:00:00-04:00,0.902999997138977,0.9399999976158142,0.8820000290870667,0.8840000033378601,613100,0.0,0.0
2025-07-08 00:00:00-04:00,0.8989999890327454,0.9300000071525574,0.8899999856948853,0.9210000038146973,636500,0.0,0.0
2025-07-09 00:00:00-04:00,0.9300000071525574,0.9449999928474426,0.921999990940094,0.9390000104904175,585600,0.0,0.0
2025-07-10 00:00:00-04:00,0.9350000023841858,1.0499999523162842,0.9350000023841858,1.0299999713897705,1184200,0.0,0.0
2025-07-11 00:00:00-04:00,1.0299999713897705,1.0499999523162842,0.9800000190734863,1.0099999904632568,871100,0.0,0.0
2025-07-14 00:00:00-04:00,1.0299999713897705,1.0499999523162842,0.9660000205039978,0.9660000205039978,856500,0.0,0.0
2025-07-15 00:00:00-04:00,0.9660000205039978,1.0,0.9100000262260437,0.9129999876022339,906200,0.0,0.0
2025-07-16 00:00:00-04:00,0.9279999732971191,0.9549999833106995,0.9229999780654907,0.9459999799728394,488600,0.0,0.0
2025-07-17 00:00:00-04:00,0.949999988079071,1.0099999904632568,0.949999988079071,0.9710000157356262,788000,0.0,0.0
2025-07-18 00:00:00-04:00,0.9900000095367432,1.0,0.9509999752044678,0.953000009059906,357500,0.0,0.0
2025-07-21 00:00:00-04:00,0.9800000190734863,0.9990000128746033,0.949999988079071,0.9580000042915344,497100,0.0,0.0
2025-07-22 00:00:00-04:00,0.9629999995231628,1.0,0.9520000219345093,0.9929999709129333,589500,0.0,0.0
2025-07-23 00:00:00-04:00,1.0,1.0099999904632568,0.9700000286102295,0.9760000109672546,779700,0.0,0.0
2025-07-24 00:00:00-04:00,0.9810000061988831,0.9980000257492065,0.9509999752044678,0.9509999752044678,403300,0.0,0.0
2025-07-25 00:00:00-04:00,0.9580000042915344,0.9800000190734863,0.953000009059906,0.9710000157356262,387400,0.0,0.0
2025-07-28 00:00:00-04:00,0.9800000190734863,0.984000027179718,0.9599999785423279,0.9660000205039978,422200,0.0,0.0
2025-07-29 00:00:00-04:00,0.9869999885559082,0.9900000095367432,0.9350000023841858,0.9350000023841858,414700,0.0,0.0
2025-07-30 00:00:00-04:00,0.9350000023841858,0.949999988079071,0.8949999809265137,0.9049999713897705,605000,0.0,0.0
2025-07-31 00:00:00-04:00,0.9049999713897705,0.9300000071525574,0.8830000162124634,0.8930000066757202,445800,0.0,0.0
2025-08-01 00:00:00-04:00,0.8999999761581421,0.9449999928474426,0.8600000143051147,0.921999990940094,791400,0.0,0.0
2025-08-04 00:00:00-04:00,0.921999990940094,0.9599999785423279,0.8960000276565552,0.9430000185966492,647600,0.0,0.0
2025-08-05 00:00:00-04:00,0.9520000219345093,0.9520000219345093,0.9120000004768372,0.9160000085830688,650800,0.0,0.0
2025-08-06 00:00:00-04:00,0.9300000071525574,0.9599999785423279,0.925000011920929,0.953000009059906,495500,0.0,0.0
2025-08-07 00:00:00-04:00,0.949999988079071,0.9599999785423279,0.9020000100135803,0.9020000100135803,936400,0.0,0.0
2025-08-08 00:00:00-04:00,0.8999999761581421,0.949999988079071,0.8999999761581421,0.9319999814033508,686300,0.0,0.0
2025-08-11 00:00:00-04:00,1.0499999523162842,1.2200000286102295,1.0399999618530273,1.2000000476837158,11499400,0.0,0.0
2025-08-12 00:00:00-04:00,1.215000033378601,1.2699999809265137,1.125,1.1299999952316284,2209200,0.0,0.0
2025-08-13 00:00:00-04:00,1.149999976158142,1.2999999523162842,1.1100000143051147,1.2699999809265137,2345700,0.0,0.0
2025-08-14 00:00:00-04:00,1.25,1.2699999809265137,1.190000057220459,1.25,2312800,0.0,0.0
2025-08-15 00:00:00-04:00,1.2699999809265137,1.2699999809265137,1.149999976158142,1.1799999475479126,1418600,0.0,0.0
2025-08-18 00:00:00-04:00,1.190000057220459,1.2200000286102295,1.149999976158142,1.159999966621399,1847900,0.0,0.0
2025-08-19 00:00:00-04:00,1.159999966621399,1.159999966621399,1.0399999618530273,1.0499999523162842,2125800,0.0,0.0
2025-08-20 00:00:00-04:00,1.0499999523162842,1.0950000286102295,1.0299999713897705,1.059999942779541,870200,0.0,0.0
2025-08-21 00:00:00-04:00,1.0499999523162842,1.059999942779541,1.0,1.0299999713897705,1041500,0.0,0.0
2025-08-22 00:00:00-04:00,1.0499999523162842,1.125,1.034999966621399,1.1200000047683716,1584400,0.0,0.0
2025-08-25 00:00:00-04:00,1.1200000047683716,1.1749999523162842,1.1100000143051147,1.149999976158142,1066700,0.0,0.0
2025-08-26 00:00:00-04:00,1.1299999952316284,1.1799999475479126,1.1100000143051147,1.1699999570846558,1208700,0.0,0.0
2025-08-27 00:00:00-04:00,1.1699999570846558,1.2070000171661377,1.149999976158142,1.1799999475479126,1207600,0.0,0.0
2025-08-28 00:00:00-04:00,1.1699999570846558,1.2350000143051147,1.159999966621399,1.2100000381469727,1588800,0.0,0.0
2025-08-29 00:00:00-04:00,1.2200000286102295,1.25,1.190000057220459,1.2400000095367432,1231400,0.0,0.0
2025-09-02 00:00:00-04:00,1.2000000476837158,1.2200000286102295,1.1299999952316284,1.1399999856948853,1344900,0.0,0.0
2025-09-03 00:00:00-04:00,1.1299999952316284,1.1699999570846558,1.1200000047683716,1.1399999856948853,608200,0.0,0.0
2025-09-04 00:00:00-04:00,1.159999966621399,1.159999966621399,1.0700000524520874,1.1200000047683716,1062300,0.0,0.0
2025-09-05 00:00:00-04:00,1.1399999856948853,1.1799999475479126,1.1299999952316284,1.1699999570846558,672500,0.0,0.0
2025-09-08 00:00:00-04:00,1.1699999570846558,1.25,1.1399999856948853,1.2200000286102295,1590000,0.0,0.0
2025-09-09 00:00:00-04:00,1.2200000286102295,1.2400000095367432,1.184999942779541,1.2300000190734863,767700,0.0,0.0
2025-09-10 00:00:00-04:00,1.2400000095367432,1.2599999904632568,1.184999942779541,1.2100000381469727,813400,0.0,0.0
2025-09-11 00:00:00-04:00,1.2400000095367432,1.2799999713897705,1.2200000286102295,1.25,825600,0.0,0.0
2025-09-12 00:00:00-04:00,1.25,1.25,1.190000057220459,1.2100000381469727,692800,0.0,0.0
2025-09-15 00:00:00-04:00,1.2100000381469727,1.25,1.190000057220459,1.2400000095367432,750400,0.0,0.0
2025-09-16 00:00:00-04:00,1.2599999904632568,1.2899999618530273,1.2200000286102295,1.2599999904632568,1062900,0.0,0.0
2025-09-17 00:00:00-04:00,1.2599999904632568,1.2649999856948853,1.2200000286102295,1.2300000190734863,456400,0.0,0.0
2025-09-18 00:00:00-04:00,1.25,1.2999999523162842,1.2100000381469727,1.2899999618530273,838700,0.0,0.0
2025-09-19 00:00:00-04:00,1.2999999523162842,1.2999999523162842,1.2200000286102295,1.25,1535800,0.0,0.0
2025-09-22 00:00:00-04:00,1.25,1.2599999904632568,1.2200000286102295,1.2400000095367432,618200,0.0,0.0
2025-09-23 00:00:00-04:00,1.2400000095367432,1.2699999809265137,1.2100000381469727,1.2100000381469727,950300,0.0,0.0
2025-09-24 00:00:00-04:00,1.2100000381469727,1.2400000095367432,1.2100000381469727,1.2200000286102295,496300,0.0,0.0
2025-09-25 00:00:00-04:00,1.2100000381469727,1.2200000286102295,1.159999966621399,1.159999966621399,908500,0.0,0.0
2025-09-26 00:00:00-04:00,1.1699999570846558,1.184999942779541,1.1299999952316284,1.1399999856948853,1522300,0.0,0.0
2025-09-29 00:00:00-04:00,1.2100000381469727,1.3589999675750732,1.2100000381469727,1.2999999523162842,4786500,0.0,0.0
2025-09-30 00:00:00-04:00,1.309999942779541,1.319000005722046,1.159999966621399,1.159999966621399,1923600,0.0,0.0
2025-10-01 00:00:00-04:00,1.1699999570846558,1.1799999475479126,1.1200000047683716,1.159999966621399,1311700,0.0,0.0
2025-10-02 00:00:00-04:00,1.159999966621399,1.2000000476837158,1.149999976158142,1.190000057220459,1158600,0.0,0.0
2025-10-03 00:00:00-04:00,1.190000057220459,1.2200000286102295,1.149999976158142,1.1799999475479126,956700,0.0,0.0
2025-10-06 00:00:00-04:00,1.1699999570846558,1.1799999475479126,1.159999966621399,1.159999966621399,803400,0.0,0.0
2025-10-07 00:00:00-04:00,1.1699999570846558,1.1799999475479126,1.1299999952316284,1.149999976158142,2039900,0.0,0.0
2025-10-08 00:00:00-04:00,1.1699999570846558,1.1749999523162842,1.1299999952316284,1.1399999856948853,1057200,0.0,0.0
2025-10-09 00:00:00-04:00,1.149999976158142,1.2200000286102295,1.125,1.2100000381469727,1582000,0.0,0.0
2025-10-10 00:00:00-04:00,1.2100000381469727,1.2400000095367432,1.100000023841858,1.1100000143051147,2065600,0.0,0.0
2025-10-13 00:00:00-04:00,1.1100000143051147,1.1460000276565552,1.090000033378601,1.1399999856948853,1756400,0.0,0.0
2025-10-14 00:00:00-04:00,1.100000023841858,1.1299999952316284,1.090000033378601,1.1100000143051147,954600,0.0,0.0
2025-10-15 00:00:00-04:00,1.1200000047683716,1.159999966621399,1.100000023841858,1.1399999856948853,1253900,0.0,0.0
2025-10-16 00:00:00-04:00,1.1399999856948853,1.159999966621399,1.1100000143051147,1.1100000143051147,1318500,0.0,0.0
2025-10-17 00:00:00-04:00,1.100000023841858,1.1100000143051147,1.059999942779541,1.0700000524520874,875800,0.0,0.0
2025-10-20 00:00:00-04:00,1.0800000429153442,1.100000023841858,1.0499999523162842,1.0700000524520874,1194700,0.0,0.0
2025-10-21 00:00:00-04:00,1.0700000524520874,1.0700000524520874,1.0299999713897705,1.0399999618530273,628200,0.0,0.0
2025-10-22 00:00:00-04:00,1.0399999618530273,1.0700000524520874,1.0399999618530273,1.059999942779541,825400,0.0,0.0
2025-10-23 00:00:00-04:00,1.0700000524520874,1.090000033378601,1.0449999570846558,1.0800000429153442,858000,0.0,0.0
2025-10-24 00:00:00-04:00,1.0800000429153442,1.190000057220459,1.0700000524520874,1.190000057220459,1689200,0.0,0.0
2025-10-27 00:00:00-04:00,1.1799999475479126,1.1799999475479126,1.1100000143051147,1.1200000047683716,1038600,0.0,0.0
2025-10-28 00:00:00-04:00,1.1200000047683716,1.125,1.0700000524520874,1.090000033378601,1052400,0.0,0.0
2025-10-29 00:00:00-04:00,1.090000033378601,1.090000033378601,1.0399999618530273,1.059999942779541,1119700,0.0,0.0
2025-10-30 00:00:00-04:00,1.0499999523162842,1.0759999752044678,1.0099999904632568,1.0199999809265137,794400,0.0,0.0
2025-10-31 00:00:00-04:00,1.0299999713897705,1.0499999523162842,1.0099999904632568,1.0499999523162842,680200,0.0,0.0
2025-11-03 00:00:00-05:00,1.0499999523162842,1.0700000524520874,1.0199999809265137,1.0299999713897705,629900,0.0,0.0
2025-11-04 00:00:00-05:00,1.0199999809265137,1.024999976158142,0.9710000157356262,0.9829999804496765,726100,0.0,0.0
2025-11-05 00:00:00-05:00,0.9850000143051147,1.0399999618530273,0.9789999723434448,1.0199999809265137,711000,0.0,0.0
2025-11-06 00:00:00-05:00,1.0199999809265137,1.024999976158142,0.9750000238418579,0.9909999966621399,936900,0.0,0.0
2025-11-07 00:00:00-05:00,0.949999988079071,0.968999981880188,0.8899999856948853,0.9610000252723694,904500,0.0,0.0
2025-11-10 00:00:00-05:00,0.9610000252723694,0.9900000095367432,0.9399999976158142,0.9850000143051147,987800,0.0,0.0
2025-11-11 00:00:00-05:00,0.9649999737739563,0.9900000095367432,0.9419999718666077,0.949999988079071,615300,0.0,0.0
2025-11-12 00:00:00-05:00,0.9399999976158142,0.9559999704360962,0.9259999990463257,0.9449999928474426,446300,0.0,0.0
2025-11-13 00:00:00-05:00,0.9399999976158142,0.9800000190734863,0.9039999842643738,0.9200000166893005,627900,0.0,0.0
2025-11-14 00:00:00-05:00,0.9129999876022339,0.9290000200271606,0.8899999856948853,0.8930000066757202,481800,0.0,0.0
2025-11-17 00:00:00-05:00,0.8799999952316284,0.9200000166893005,0.8700000047683716,0.8759999871253967,523500,0.0,0.0
2025-11-18 00:00:00-05:00,0.8799999952316284,0.8880000114440918,0.8209999799728394,0.828000009059906,1377900,0.0,0.0
2025-11-19 00:00:00-05:00,0.8360000252723694,0.8389999866485596,0.781000018119812,0.7900000214576721,1038600,0.0,0.0
2025-11-20 00:00:00-05:00,0.8199999928474426,0.824999988079071,0.7409999966621399,0.75,1143300,0.0,0.0
2025-11-21 00:00:00-05:00,0.7400000095367432,0.7940000295639038,0.7200000286102295,0.7839999794960022,2553700,0.0,0.0
2025-11-24 00:00:00-05:00,0.7900000214576721,0.824999988079071,0.7699999809265137,0.8069999814033508,938000,0.0,0.0
2025-11-25 00:00:00-05:00,0.8090000152587891,0.8569999933242798,0.8040000200271606,0.8550000190734863,937700,0.0,0.0
2025-11-26 00:00:00-05:00,0.8569999933242798,0.8650000095367432,0.824999988079071,0.8420000076293945,395300,0.0,0.0
2025-11-28 00:00:00-05:00,0.8539999723434448,0.8659999966621399,0.847000002861023,0.847000002861023,621400,0.0,0.0
2025-12-01 00:00:00-05:00,0.8790000081062317,0.8790000081062317,0.8349999785423279,0.8619999885559082,591400,0.0,0.0
2025-12-02 00:00:00-05:00,0.8600000143051147,0.8970000147819519,0.8600000143051147,0.8679999709129333,498500,0.0,0.0
2025-12-03 00:00:00-05:00,0.8700000047683716,0.8899999856948853,0.8700000047683716,0.8809999823570251,423600,0.0,0.0
2025-12-04 00:00:00-05:00,0.8830000162124634,0.921999990940094,0.8809999823570251,0.9070000052452087,762800,0.0,0.0
2025-12-05 00:00:00-05:00,0.9129999876022339,0.9129999876022339,0.8700000047683716,0.8740000128746033,411700,0.0,0.0
2025-12-08 00:00:00-05:00,0.8740000128746033,0.8999999761581421,0.8529999852180481,0.8610000014305115,382100,0.0,0.0
2025-12-09 00:00:00-05:00,0.8610000014305115,0.8999999761581421,0.8610000014305115,0.8830000162124634,527900,0.0,0.0
2025-12-10 00:00:00-05:00,0.8999999761581421,0.9200000166893005,0.8669999837875366,0.8899999856948853,664700,0.0,0.0
2025-12-11 00:00:00-05:00,0.8849999904632568,0.9399999976158142,0.8820000290870667,0.9300000071525574,1069700,0.0,0.0
2025-12-12 00:00:00-05:00,1.059999942779541,1.1200000047683716,1.0099999904632568,1.090000033378601,5189300,0.0,0.0
2025-12-15 00:00:00-05:00,1.1200000047683716,1.1399999856948853,1.0299999713897705,1.0499999523162842,2326900,0.0,0.0
2025-12-16 00:00:00-05:00,1.0299999713897705,1.190000057220459,1.0149999856948853,1.159999966621399,3111000,0.0,0.0
2025-12-17 00:00:00-05:00,1.1699999570846558,1.2089999914169312,1.0700000524520874,1.0800000429153442,2326400,0.0,0.0
2025-12-18 00:00:00-05:00,1.1200000047683716,1.1699999570846558,1.0099999904632568,1.0099999904632568,5894400,0.0,0.0
2025-12-19 00:00:00-05:00,1.0099999904632568,1.0199999809265137,0.9160000085830688,0.9309999942779541,2718300,0.0,0.0
2025-12-22 00:00:00-05:00,0.9599999785423279,0.9599999785423279,0.8880000114440918,0.9020000100135803,1400900,0.0,0.0
2025-12-23 00:00:00-05:00,0.9200000166893005,0.9300000071525574,0.8399999737739563,0.8700000047683716,2394400,0.0,0.0
2025-12-24 00:00:00-05:00,0.8700000047683716,0.8899999856948853,0.8600000143051147,0.8700000047683716,653800,0.0,0.0
2025-12-26 00:00:00-05:00,0.878000020980835,0.8799999952316284,0.8500000238418579,0.8709999918937683,1027100,0.0,0.0
2025-12-29 00:00:00-05:00,0.8659999966621399,0.8930000066757202,0.8199999928474426,0.8370000123977661,1438100,0.0,0.0
2025-12-30 00:00:00-05:00,0.847000002861023,0.8650000095367432,0.8199999928474426,0.8339999914169312,1302400,0.0,0.0
2025-12-31 00:00:00-05:00,0.828000009059906,0.8309999704360962,0.7850000262260437,0.824999988079071,2738800,0.0,0.0
2026-01-02 00:00:00-05:00,0.8500000238418579,0.8669999837875366,0.8100000023841858,0.843999981880188,1098600,0.0,0.0
2026-01-05 00:00:00-05:00,0.8519999980926514,0.8709999918937683,0.8370000123977661,0.8569999933242798,803800,0.0,0.0
2026-01-06 00:00:00-05:00,0.8510000109672546,0.8539999723434448,0.8180000185966492,0.8429999947547913,1145600,0.0,0.0
2026-01-07 00:00:00-05:00,0.8600000143051147,0.8999999761581421,0.8119999766349792,0.8640000224113464,1621500,0.0,0.0
2026-01-08 00:00:00-05:00,0.8560000061988831,0.8790000081062317,0.8420000076293945,0.8519999980926514,482300,0.0,0.0
2026-01-09 00:00:00-05:00,0.8799999952316284,0.8889999985694885,0.8370000123977661,0.8640000224113464,974700,0.0,0.0
2026-01-12 00:00:00-05:00,0.8790000081062317,0.8830000162124634,0.8399999737739563,0.8740000128746033,1045600,0.0,0.0
2026-01-13 00:00:00-05:00,0.8799999952316284,0.8849999904632568,0.8420000076293945,0.8539999723434448,573900,0.0,0.0
2026-01-14 00:00:00-05:00,0.8560000061988831,0.8650000095367432,0.8349999785423279,0.8489999771118164,663100,0.0,0.0
2026-01-15 00:00:00-05:00,0.8619999885559082,0.8640000224113464,0.8370000123977661,0.8389999866485596,693000,0.0,0.0
2026-01-16 00:00:00-05:00,0.859000027179718,0.8600000143051147,0.8199999928474426,0.824999988079071,786400,0.0,0.0
2026-01-20 00:00:00-05:00,0.8289999961853027,0.8429999947547913,0.8050000071525574,0.8100000023841858,621700,0.0,0.0
2026-01-21 00:00:00-05:00,0.8100000023841858,0.8600000143051147,0.8100000023841858,0.8450000286102295,710600,0.0,0.0
2026-01-22 00:00:00-05:00,0.8610000014305115,0.8679999709129333,0.8309999704360962,0.8399999737739563,609200,0.0,0.0
2026-01-23 00:00:00-05:00,0.8370000123977661,0.8500000238418579,0.8209999799728394,0.8349999785423279,809700,0.0,0.0
2026-01-26 00:00:00-05:00,0.8500000238418579,0.8550000190734863,0.8029999732971191,0.824999988079071,1119700,0.0,0.0
2026-01-27 00:00:00-05:00,0.8259999752044678,0.8259999752044678,0.7200000286102295,0.8029999732971191,1092600,0.0,0.0
2026-01-28 00:00:00-05:00,0.800000011920929,0.8199999928474426,0.7900000214576721,0.8100000023841858,744700,0.0,0.0
2026-01-29 00:00:00-05:00,0.8100000023841858,0.8169999718666077,0.7509999871253967,0.7680000066757202,1710600,0.0,0.0
2026-01-30 00:00:00-05:00,0.7599999904632568,0.7839999794960022,0.75,0.7730000019073486,778600,0.0,0.0
2026-02-02 00:00:00-05:00,0.7509999871253967,0.7900000214576721,0.75,0.7760000228881836,561000,0.0,0.0
2026-02-03 00:00:00-05:00,0.7799999713897705,0.7799999713897705,0.7210000157356262,0.7409999966621399,1457100,0.0,0.0
2026-02-04 00:00:00-05:00,0.7379999756813049,0.7459999918937683,0.7099999785423279,0.7149999737739563,1240300,0.0,0.0
2026-02-05 00:00:00-05:00,0.7300000190734863,0.7400000095367432,0.6949999928474426,0.699999988079071,1175800,0.0,0.0
2026-02-06 00:00:00-05:00,0.6940000057220459,0.7400000095367432,0.6940000057220459,0.7149999737739563,834700,0.0,0.0
2026-02-09 00:00:00-05:00,0.7200000286102295,0.75,0.7099999785423279,0.7419999837875366,590900,0.0,0.0
2026-02-10 00:00:00-05:00,0.7480000257492065,0.7670000195503235,0.7110000252723694,0.7110000252723694,991000,0.0,0.0
2026-02-11 00:00:00-05:00,0.718999981880188,0.7300000190734863,0.6759999990463257,0.6840000152587891,1200600,0.0,0.0
2026-02-12 00:00:00-05:00,0.6970000267028809,0.7080000042915344,0.6600000262260437,0.6850000023841858,524000,0.0,0.0
2026-02-13 00:00:00-05:00,0.699999988079071,0.7379999756813049,0.699999988079071,0.7149999737739563,1093900,0.0,0.0
2026-02-17 00:00:00-05:00,0.75,0.75,0.6990000009536743,0.7039999961853027,1075700,0.0,0.0
2026-02-18 00:00:00-05:00,0.6949999928474426,0.7120000123977661,0.6629999876022339,0.6800000071525574,2027100,0.0,0.0
2026-02-19 00:00:00-05:00,0.6800000071525574,0.6949999928474426,0.6629999876022339,0.6880000233650208,1145500,0.0,0.0
2026-02-20 00:00:00-05:00,0.6940000057220459,0.6980000138282776,0.6710000038146973,0.6710000038146973,1256600,0.0,0.0
2026-02-23 00:00:00-05:00,0.6769999861717224,0.6769999861717224,0.6299999952316284,0.6359999775886536,1223700,0.0,0.0
2026-02-24 00:00:00-05:00,0.6399999856948853,0.6639999747276306,0.6359999775886536,0.6480000019073486,961200,0.0,0.0
2026-02-25 00:00:00-05:00,0.6520000100135803,0.6690000295639038,0.6349999904632568,0.6620000004768372,917300,0.0,0.0
2026-02-26 00:00:00-05:00,0.6589999794960022,0.6660000085830688,0.6399999856948853,0.6480000019073486,966500,0.0,0.0
2026-02-27 00:00:00-05:00,0.6399999856948853,0.675000011920929,0.6328999996185303,0.6685000061988831,793081,0.0,0.0
