Date,Open,High,Low,Close,Volume,Dividends,Stock Splits
2022-01-03 00:00:00-05:00,36.720001220703125,38.040000915527344,34.720001220703125,37.439998626708984,64725,0.0,0.0
2022-01-04 00:00:00-05:00,37.599998474121094,40.08000183105469,36.959999084472656,39.599998474121094,97988,0.0,0.0
2022-01-05 00:00:00-05:00,39.20000076293945,39.439998626708984,33.040000915527344,34.0,122425,0.0,0.0
2022-01-06 00:00:00-05:00,34.47999954223633,34.63999938964844,31.200000762939453,31.600000381469727,152388,0.0,0.0
2022-01-07 00:00:00-05:00,31.600000381469727,33.02399826049805,30.31999969482422,31.360000610351562,81113,0.0,0.0
2022-01-10 00:00:00-05:00,31.200000762939453,31.520000457763672,27.600000381469727,28.559999465942383,174388,0.0,0.0
2022-01-11 00:00:00-05:00,28.639999389648438,30.031999588012695,27.440000534057617,27.600000381469727,170163,0.0,0.0
2022-01-12 00:00:00-05:00,28.31999969482422,29.440000534057617,27.200000762939453,27.760000228881836,100838,0.0,0.0
2022-01-13 00:00:00-05:00,27.68000030517578,28.31999969482422,25.760000228881836,26.079999923706055,80825,0.0,0.0
2022-01-14 00:00:00-05:00,26.079999923706055,26.479999542236328,24.719999313354492,26.239999771118164,97288,0.0,0.0
2022-01-18 00:00:00-05:00,25.84000015258789,26.15999984741211,23.360000610351562,23.360000610351562,83200,0.0,0.0
2022-01-19 00:00:00-05:00,24.479999542236328,24.959999084472656,23.440000534057617,23.520000457763672,54488,0.0,0.0
2022-01-20 00:00:00-05:00,23.84000015258789,25.200000762939453,23.68000030517578,23.84000015258789,61013,0.0,0.0
2022-01-21 00:00:00-05:00,23.440000534057617,23.743999481201172,21.799999237060547,21.920000076293945,83963,0.0,0.0
2022-01-24 00:00:00-05:00,21.600000381469727,22.479999542236328,19.68000030517578,22.399999618530273,115663,0.0,0.0
2022-01-25 00:00:00-05:00,22.239999771118164,22.959999084472656,21.68000030517578,22.479999542236328,62188,0.0,0.0
2022-01-26 00:00:00-05:00,23.040000915527344,24.959999084472656,22.559999465942383,23.440000534057617,56313,0.0,0.0
2022-01-27 00:00:00-05:00,23.520000457763672,23.84000015258789,20.799999237060547,20.959999084472656,72413,0.0,0.0
2022-01-28 00:00:00-05:00,21.1200008392334,22.0,20.399999618530273,21.520000457763672,42275,0.0,0.0
2022-01-31 00:00:00-05:00,21.760000228881836,24.0,21.760000228881836,22.639999389648438,86788,0.0,0.0
2022-02-01 00:00:00-05:00,23.760000228881836,24.079999923706055,22.20800018310547,23.760000228881836,50813,0.0,0.0
2022-02-02 00:00:00-05:00,24.479999542236328,24.479999542236328,21.68000030517578,22.239999771118164,65650,0.0,0.0
2022-02-03 00:00:00-05:00,21.600000381469727,21.760000228881836,20.31999969482422,20.399999618530273,46138,0.0,0.0
2022-02-04 00:00:00-05:00,20.799999237060547,21.200000762939453,20.0,21.1200008392334,74500,0.0,0.0
2022-02-07 00:00:00-05:00,21.360000610351562,22.559999465942383,20.959999084472656,21.1200008392334,49863,0.0,0.0
2022-02-08 00:00:00-05:00,21.1200008392334,22.559999465942383,20.799999237060547,21.760000228881836,56963,0.0,0.0
2022-02-09 00:00:00-05:00,22.0,24.0,21.760000228881836,23.520000457763672,72188,0.0,0.0
2022-02-10 00:00:00-05:00,23.600000381469727,25.200000762939453,23.280000686645508,23.600000381469727,91163,0.0,0.0
2022-02-11 00:00:00-05:00,23.84000015258789,24.479999542236328,21.280000686645508,21.520000457763672,66650,0.0,0.0
2022-02-14 00:00:00-05:00,21.520000457763672,22.799999237060547,21.040000915527344,21.68000030517578,52200,0.0,0.0
2022-02-15 00:00:00-05:00,22.559999465942383,24.0,21.360000610351562,23.760000228881836,95038,0.0,0.0
2022-02-16 00:00:00-05:00,23.600000381469727,24.239999771118164,22.31999969482422,23.520000457763672,61288,0.0,0.0
2022-02-17 00:00:00-05:00,22.8799991607666,23.360000610351562,22.15999984741211,22.479999542236328,42463,0.0,0.0
2022-02-18 00:00:00-05:00,22.479999542236328,22.719999313354492,20.639999389648438,20.639999389648438,84000,0.0,0.0
2022-02-22 00:00:00-05:00,20.479999542236328,21.360000610351562,18.15999984741211,19.040000915527344,149025,0.0,0.0
2022-02-23 00:00:00-05:00,19.280000686645508,19.600000381469727,18.15999984741211,19.280000686645508,83650,0.0,0.0
2022-02-24 00:00:00-05:00,17.84000015258789,20.8799991607666,17.84000015258789,20.719999313354492,129850,0.0,0.0
2022-02-25 00:00:00-05:00,21.280000686645508,21.520000457763672,20.0,20.15999984741211,70713,0.0,0.0
2022-02-28 00:00:00-05:00,22.0,22.0,19.360000610351562,20.0,193325,0.0,0.0
2022-03-01 00:00:00-05:00,20.639999389648438,21.200000762939453,19.68000030517578,20.0,75400,0.0,0.0
2022-03-02 00:00:00-05:00,20.0,20.239999771118164,19.040000915527344,19.1200008392334,59125,0.0,0.0
2022-03-03 00:00:00-05:00,19.280000686645508,19.520000457763672,17.84000015258789,18.239999771118164,65700,0.0,0.0
2022-03-04 00:00:00-05:00,17.920000076293945,18.639999389648438,16.799999237060547,16.8799991607666,78588,0.0,0.0
2022-03-07 00:00:00-05:00,16.799999237060547,17.200000762939453,15.600000381469727,16.0,123763,0.0,0.0
2022-03-08 00:00:00-05:00,15.920000076293945,17.1200008392334,15.520000457763672,16.479999542236328,87750,0.0,0.0
2022-03-09 00:00:00-05:00,17.1200008392334,17.68000030517578,13.720000267028809,15.520000457763672,473988,0.0,0.0
2022-03-10 00:00:00-05:00,15.039999961853027,16.0,14.5600004196167,15.4399995803833,103213,0.0,0.0
2022-03-11 00:00:00-05:00,15.920000076293945,15.920000076293945,14.079999923706055,14.880000114440918,108925,0.0,0.0
2022-03-14 00:00:00-04:00,14.319999694824219,14.5600004196167,12.0,12.079999923706055,259900,0.0,0.0
2022-03-15 00:00:00-04:00,12.319999694824219,13.279999732971191,12.0,12.880000114440918,398875,0.0,0.0
2022-03-16 00:00:00-04:00,13.039999961853027,13.720000267028809,12.5600004196167,12.800000190734863,235263,0.0,0.0
2022-03-17 00:00:00-04:00,12.960000038146973,13.520000457763672,12.520000457763672,13.199999809265137,247050,0.0,0.0
2022-03-18 00:00:00-04:00,13.119999885559082,14.640000343322754,13.119999885559082,13.84000015258789,274638,0.0,0.0
2022-03-21 00:00:00-04:00,14.239999771118164,14.552000045776367,13.600000381469727,13.84000015258789,168338,0.0,0.0
2022-03-22 00:00:00-04:00,14.319999694824219,15.119999885559082,14.15999984741211,14.399999618530273,138788,0.0,0.0
2022-03-23 00:00:00-04:00,14.319999694824219,14.880000114440918,13.960000038146973,14.399999618530273,92763,0.0,0.0
2022-03-24 00:00:00-04:00,14.720000267028809,15.039999961853027,14.0,14.399999618530273,51238,0.0,0.0
2022-03-25 00:00:00-04:00,14.960000038146973,14.960000038146973,13.760000228881836,14.0,76688,0.0,0.0
2022-03-28 00:00:00-04:00,14.319999694824219,15.199999809265137,14.15999984741211,14.399999618530273,160875,0.0,0.0
2022-03-29 00:00:00-04:00,14.720000267028809,15.600000381469727,14.239999771118164,15.279999732971191,149325,0.0,0.0
2022-03-30 00:00:00-04:00,15.4399995803833,17.440000534057617,15.199999809265137,15.760000228881836,221275,0.0,0.0
2022-03-31 00:00:00-04:00,16.239999771118164,17.040000915527344,14.640000343322754,15.119999885559082,151638,0.0,0.0
2022-04-01 00:00:00-04:00,14.960000038146973,15.760000228881836,14.4399995803833,15.520000457763672,104463,0.0,0.0
2022-04-04 00:00:00-04:00,15.760000228881836,17.920000076293945,15.760000228881836,17.600000381469727,165550,0.0,0.0
2022-04-05 00:00:00-04:00,19.1200008392334,19.1200008392334,16.479999542236328,17.1200008392334,186988,0.0,0.0
2022-04-06 00:00:00-04:00,16.639999389648438,16.719999313354492,15.359999656677246,15.760000228881836,118425,0.0,0.0
2022-04-07 00:00:00-04:00,16.079999923706055,16.15999984741211,15.199999809265137,15.600000381469727,80663,0.0,0.0
2022-04-08 00:00:00-04:00,15.920000076293945,16.479999542236328,15.119999885559082,16.0,69550,0.0,0.0
2022-04-11 00:00:00-04:00,15.359999656677246,16.1200008392334,14.880000114440918,15.119999885559082,83938,0.0,0.0
2022-04-12 00:00:00-04:00,15.520000457763672,15.815999984741211,14.680000305175781,14.960000038146973,100875,0.0,0.0
2022-04-13 00:00:00-04:00,15.039999961853027,15.399999618530273,14.656000137329102,15.359999656677246,84850,0.0,0.0
2022-04-14 00:00:00-04:00,15.039999961853027,15.760000228881836,14.800000190734863,15.520000457763672,92325,0.0,0.0
2022-04-18 00:00:00-04:00,15.600000381469727,15.600000381469727,13.920000076293945,14.079999923706055,88788,0.0,0.0
2022-04-19 00:00:00-04:00,13.920000076293945,14.880000114440918,13.760000228881836,14.640000343322754,94013,0.0,0.0
2022-04-20 00:00:00-04:00,15.039999961853027,15.039999961853027,14.079999923706055,14.079999923706055,63663,0.0,0.0
2022-04-21 00:00:00-04:00,14.079999923706055,14.399999618530273,12.880000114440918,12.960000038146973,84400,0.0,0.0
2022-04-22 00:00:00-04:00,12.880000114440918,13.4399995803833,12.479999542236328,12.800000190734863,91163,0.0,0.0
2022-04-25 00:00:00-04:00,12.880000114440918,13.279999732971191,12.5600004196167,12.960000038146973,40850,0.0,0.0
2022-04-26 00:00:00-04:00,12.880000114440918,13.199999809265137,12.239999771118164,12.319999694824219,49175,0.0,0.0
2022-04-27 00:00:00-04:00,12.640000343322754,12.960000038146973,12.239999771118164,12.319999694824219,59363,0.0,0.0
2022-04-28 00:00:00-04:00,12.399999618530273,13.119999885559082,11.84000015258789,12.720000267028809,82050,0.0,0.0
2022-04-29 00:00:00-04:00,12.5600004196167,13.479999542236328,12.4399995803833,12.5600004196167,80588,0.0,0.0
2022-05-02 00:00:00-04:00,12.720000267028809,13.119999885559082,12.112000465393066,13.119999885559082,54263,0.0,0.0
2022-05-03 00:00:00-04:00,13.279999732971191,13.279999732971191,12.479999542236328,12.800000190734863,35075,0.0,0.0
2022-05-04 00:00:00-04:00,12.0,12.5600004196167,11.520000457763672,12.5600004196167,121113,0.0,0.0
2022-05-05 00:00:00-04:00,12.399999618530273,12.399999618530273,11.520000457763672,11.520000457763672,59800,0.0,0.0
2022-05-06 00:00:00-04:00,11.4399995803833,11.600000381469727,10.720000267028809,10.960000038146973,72875,0.0,0.0
2022-05-09 00:00:00-04:00,10.800000190734863,10.960000038146973,9.760000228881836,9.84000015258789,75475,0.0,0.0
2022-05-10 00:00:00-04:00,10.239999771118164,11.15999984741211,9.119999885559082,9.520000457763672,116488,0.0,0.0
2022-05-11 00:00:00-04:00,8.640000343322754,9.4399995803833,8.0,8.640000343322754,164250,0.0,0.0
2022-05-12 00:00:00-04:00,8.5600004196167,9.680000305175781,8.0,9.359999656677246,75350,0.0,0.0
2022-05-13 00:00:00-04:00,9.84000015258789,10.760000228881836,9.760000228881836,10.319999694824219,95975,0.0,0.0
2022-05-16 00:00:00-04:00,10.5600004196167,10.583999633789062,9.760000228881836,9.920000076293945,54313,0.0,0.0
2022-05-17 00:00:00-04:00,10.880000114440918,11.199999809265137,10.079999923706055,11.199999809265137,60213,0.0,0.0
2022-05-18 00:00:00-04:00,11.119999885559082,11.4399995803833,10.15999984741211,10.640000343322754,85575,0.0,0.0
2022-05-19 00:00:00-04:00,10.800000190734863,11.359999656677246,10.479999542236328,10.880000114440918,51388,0.0,0.0
2022-05-20 00:00:00-04:00,11.039999961853027,11.119999885559082,10.0,10.399999618530273,58000,0.0,0.0
2022-05-23 00:00:00-04:00,10.479999542236328,10.48799991607666,9.736000061035156,10.079999923706055,34338,0.0,0.0
2022-05-24 00:00:00-04:00,10.0,10.0,9.279999732971191,9.4399995803833,42163,0.0,0.0
2022-05-25 00:00:00-04:00,9.600000381469727,23.760000228881836,9.319999694824219,18.639999389648438,19075850,0.0,0.0
2022-05-26 00:00:00-04:00,18.719999313354492,20.399999618530273,17.280000686645508,19.520000457763672,7196313,0.0,0.0
2022-05-27 00:00:00-04:00,19.360000610351562,22.959999084472656,18.959999084472656,20.959999084472656,4961925,0.0,0.0
2022-05-31 00:00:00-04:00,20.399999618530273,29.84000015258789,19.280000686645508,26.15999984741211,6812975,0.0,0.0
2022-06-01 00:00:00-04:00,24.0,25.200000762939453,21.600000381469727,22.479999542236328,2234463,0.0,0.0
2022-06-02 00:00:00-04:00,22.639999389648438,26.639999389648438,22.31999969482422,22.8799991607666,2508838,0.0,0.0
2022-06-03 00:00:00-04:00,21.520000457763672,22.559999465942383,20.079999923706055,20.799999237060547,678000,0.0,0.0
2022-06-06 00:00:00-04:00,21.520000457763672,22.15999984741211,18.8799991607666,19.520000457763672,698888,0.0,0.0
2022-06-07 00:00:00-04:00,19.200000762939453,20.15999984741211,18.8799991607666,20.0,345188,0.0,0.0
2022-06-08 00:00:00-04:00,19.84000015258789,21.760000228881836,19.440000534057617,19.520000457763672,499363,0.0,0.0
2022-06-09 00:00:00-04:00,19.600000381469727,19.84000015258789,17.360000610351562,17.600000381469727,370425,0.0,0.0
2022-06-10 00:00:00-04:00,16.8799991607666,17.760000228881836,16.479999542236328,16.799999237060547,242050,0.0,0.0
2022-06-13 00:00:00-04:00,16.399999618530273,16.399999618530273,14.960000038146973,14.960000038146973,304750,0.0,0.0
2022-06-14 00:00:00-04:00,15.4399995803833,17.84000015258789,15.359999656677246,17.600000381469727,346550,0.0,0.0
2022-06-15 00:00:00-04:00,17.280000686645508,17.520000457763672,15.760000228881836,16.15999984741211,406975,0.0,0.0
2022-06-16 00:00:00-04:00,15.359999656677246,15.680000305175781,14.079999923706055,15.039999961853027,342138,0.0,0.0
2022-06-17 00:00:00-04:00,15.359999656677246,16.799999237060547,14.800000190734863,16.239999771118164,334500,0.0,0.0
2022-06-21 00:00:00-04:00,21.520000457763672,23.360000610351562,18.600000381469727,19.520000457763672,6879700,0.0,0.0
2022-06-22 00:00:00-04:00,18.399999618530273,19.760000228881836,18.0,18.399999618530273,775525,0.0,0.0
2022-06-23 00:00:00-04:00,18.079999923706055,19.84000015258789,18.0,19.84000015258789,559200,0.0,0.0
2022-06-24 00:00:00-04:00,19.280000686645508,19.520000457763672,18.239999771118164,19.360000610351562,368300,0.0,0.0
2022-06-27 00:00:00-04:00,19.040000915527344,19.920000076293945,18.239999771118164,18.559999465942383,261925,0.0,0.0
2022-06-28 00:00:00-04:00,18.719999313354492,19.0,17.1200008392334,17.440000534057617,227800,0.0,0.0
2022-06-29 00:00:00-04:00,17.360000610351562,18.079999923706055,16.559999465942383,18.079999923706055,216738,0.0,0.0
2022-06-30 00:00:00-04:00,17.68000030517578,18.8799991607666,17.040000915527344,18.479999542236328,193113,0.0,0.0
2022-07-01 00:00:00-04:00,18.399999618530273,18.8799991607666,17.760000228881836,18.479999542236328,163563,0.0,0.0
2022-07-05 00:00:00-04:00,17.760000228881836,19.760000228881836,17.639999389648438,19.68000030517578,241413,0.0,0.0
2022-07-06 00:00:00-04:00,19.760000228881836,20.239999771118164,19.040000915527344,19.920000076293945,223200,0.0,0.0
2022-07-07 00:00:00-04:00,19.84000015258789,20.399999618530273,19.200000762939453,19.520000457763672,209438,0.0,0.0
2022-07-08 00:00:00-04:00,19.200000762939453,19.920000076293945,18.959999084472656,19.1200008392334,191125,0.0,0.0
2022-07-11 00:00:00-04:00,19.1200008392334,19.191999435424805,17.559999465942383,17.600000381469727,186550,0.0,0.0
2022-07-12 00:00:00-04:00,17.84000015258789,18.191999435424805,17.040000915527344,17.920000076293945,138700,0.0,0.0
2022-07-13 00:00:00-04:00,17.520000457763672,18.479999542236328,17.280000686645508,18.079999923706055,137000,0.0,0.0
2022-07-14 00:00:00-04:00,17.760000228881836,18.399999618530273,16.920000076293945,17.360000610351562,182738,0.0,0.0
2022-07-15 00:00:00-04:00,17.760000228881836,17.84000015258789,16.95199966430664,17.760000228881836,98163,0.0,0.0
2022-07-18 00:00:00-04:00,17.760000228881836,18.719999313354492,17.760000228881836,17.920000076293945,157138,0.0,0.0
2022-07-19 00:00:00-04:00,18.31999969482422,19.031999588012695,17.360000610351562,17.600000381469727,220725,0.0,0.0
2022-07-20 00:00:00-04:00,17.760000228881836,18.920000076293945,17.760000228881836,18.399999618530273,164000,0.0,0.0
2022-07-21 00:00:00-04:00,18.719999313354492,19.68000030517578,18.239999771118164,19.68000030517578,216013,0.0,0.0
2022-07-22 00:00:00-04:00,19.280000686645508,19.520000457763672,17.360000610351562,17.440000534057617,178625,0.0,0.0
2022-07-25 00:00:00-04:00,17.520000457763672,18.31999969482422,17.200000762939453,17.440000534057617,128363,0.0,0.0
2022-07-26 00:00:00-04:00,17.760000228881836,17.8799991607666,16.559999465942383,17.440000534057617,163550,0.0,0.0
2022-07-27 00:00:00-04:00,17.760000228881836,17.760000228881836,16.719999313354492,17.68000030517578,185600,0.0,0.0
2022-07-28 00:00:00-04:00,17.440000534057617,18.399999618530273,17.200000762939453,18.31999969482422,177563,0.0,0.0
2022-07-29 00:00:00-04:00,18.31999969482422,19.1200008392334,17.959999084472656,19.1200008392334,128113,0.0,0.0
2022-08-01 00:00:00-04:00,18.399999618530273,19.520000457763672,18.15999984741211,19.200000762939453,156675,0.0,0.0
2022-08-02 00:00:00-04:00,18.8799991607666,21.920000076293945,18.719999313354492,20.799999237060547,298238,0.0,0.0
2022-08-03 00:00:00-04:00,20.8799991607666,22.399999618530273,20.8799991607666,21.280000686645508,265400,0.0,0.0
2022-08-04 00:00:00-04:00,21.360000610351562,21.711999893188477,20.559999465942383,20.8799991607666,188425,0.0,0.0
2022-08-05 00:00:00-04:00,20.559999465942383,21.15999984741211,19.68000030517578,20.719999313354492,158838,0.0,0.0
2022-08-08 00:00:00-04:00,21.040000915527344,23.600000381469727,20.719999313354492,21.600000381469727,483163,0.0,0.0
2022-08-09 00:00:00-04:00,21.600000381469727,21.84000015258789,20.079999923706055,20.799999237060547,226263,0.0,0.0
2022-08-10 00:00:00-04:00,22.639999389648438,23.84000015258789,21.520000457763672,22.399999618530273,413063,0.0,0.0
2022-08-11 00:00:00-04:00,23.200000762939453,23.200000762939453,20.479999542236328,20.639999389648438,227700,0.0,0.0
2022-08-12 00:00:00-04:00,20.959999084472656,21.351999282836914,19.68000030517578,20.719999313354492,216713,0.0,0.0
2022-08-15 00:00:00-04:00,20.399999618530273,20.719999313354492,19.799999237060547,20.559999465942383,129388,0.0,0.0
2022-08-16 00:00:00-04:00,20.239999771118164,20.239999771118164,18.799999237060547,19.440000534057617,257388,0.0,0.0
2022-08-17 00:00:00-04:00,19.200000762939453,19.360000610351562,18.31999969482422,18.479999542236328,156650,0.0,0.0
2022-08-18 00:00:00-04:00,18.479999542236328,18.84000015258789,17.84000015258789,18.079999923706055,136125,0.0,0.0
2022-08-19 00:00:00-04:00,17.84000015258789,17.84000015258789,16.15999984741211,16.559999465942383,268725,0.0,0.0
2022-08-22 00:00:00-04:00,16.31999969482422,16.86400032043457,16.079999923706055,16.15999984741211,78275,0.0,0.0
2022-08-23 00:00:00-04:00,16.520000457763672,17.191999435424805,16.15999984741211,16.719999313354492,87000,0.0,0.0
2022-08-24 00:00:00-04:00,16.799999237060547,17.440000534057617,16.719999313354492,17.440000534057617,71538,0.0,0.0
2022-08-25 00:00:00-04:00,17.84000015258789,17.920000076293945,17.280000686645508,17.760000228881836,99238,0.0,0.0
2022-08-26 00:00:00-04:00,17.68000030517578,17.68000030517578,16.399999618530273,16.719999313354492,104025,0.0,0.0
2022-08-29 00:00:00-04:00,16.15999984741211,16.719999313354492,15.680000305175781,16.079999923706055,110850,0.0,0.0
2022-08-30 00:00:00-04:00,16.239999771118164,16.399999618530273,15.4399995803833,15.84000015258789,96525,0.0,0.0
2022-08-31 00:00:00-04:00,16.15999984741211,16.559999465942383,15.920000076293945,16.239999771118164,74988,0.0,0.0
2022-09-01 00:00:00-04:00,16.079999923706055,16.11199951171875,15.279999732971191,15.920000076293945,118175,0.0,0.0
2022-09-02 00:00:00-04:00,15.84000015258789,15.84000015258789,15.079999923706055,15.279999732971191,70813,0.0,0.0
2022-09-06 00:00:00-04:00,15.479999542236328,16.959999084472656,15.279999732971191,16.639999389648438,97713,0.0,0.0
2022-09-07 00:00:00-04:00,16.559999465942383,16.8799991607666,16.15999984741211,16.799999237060547,116738,0.0,0.0
2022-09-08 00:00:00-04:00,16.559999465942383,17.280000686645508,16.29599952697754,17.040000915527344,96813,0.0,0.0
2022-09-09 00:00:00-04:00,17.280000686645508,17.84000015258789,16.8799991607666,17.200000762939453,91175,0.0,0.0
2022-09-12 00:00:00-04:00,16.799999237060547,17.040000915527344,16.15999984741211,16.15999984741211,133725,0.0,0.0
2022-09-13 00:00:00-04:00,15.920000076293945,16.15999984741211,15.520000457763672,15.600000381469727,126525,0.0,0.0
2022-09-14 00:00:00-04:00,15.680000305175781,15.880000114440918,15.119999885559082,15.600000381469727,100538,0.0,0.0
2022-09-15 00:00:00-04:00,15.520000457763672,15.800000190734863,15.119999885559082,15.279999732971191,77463,0.0,0.0
2022-09-16 00:00:00-04:00,14.960000038146973,14.960000038146973,14.399999618530273,14.399999618530273,162100,0.0,0.0
2022-09-19 00:00:00-04:00,14.399999618530273,14.800000190734863,14.079999923706055,14.079999923706055,137100,0.0,0.0
2022-09-20 00:00:00-04:00,14.319999694824219,14.319999694824219,13.4399995803833,13.600000381469727,110388,0.0,0.0
2022-09-21 00:00:00-04:00,13.680000305175781,14.199999809265137,13.319999694824219,13.520000457763672,80613,0.0,0.0
2022-09-22 00:00:00-04:00,13.4399995803833,13.520000457763672,12.880000114440918,13.119999885559082,117850,0.0,0.0
2022-09-23 00:00:00-04:00,12.720000267028809,13.039999961853027,12.479999542236328,12.640000343322754,113438,0.0,0.0
2022-09-26 00:00:00-04:00,12.479999542236328,13.039999961853027,12.239999771118164,12.239999771118164,69025,0.0,0.0
2022-09-27 00:00:00-04:00,12.399999618530273,12.720000267028809,12.239999771118164,12.319999694824219,53863,0.0,0.0
2022-09-28 00:00:00-04:00,12.239999771118164,13.039999961853027,12.15999984741211,12.960000038146973,55750,0.0,0.0
2022-09-29 00:00:00-04:00,12.640000343322754,13.119999885559082,11.760000228881836,12.15999984741211,119900,0.0,0.0
2022-09-30 00:00:00-04:00,12.15999984741211,12.600000381469727,11.960000038146973,12.0,95350,0.0,0.0
2022-10-03 00:00:00-04:00,12.079999923706055,12.880000114440918,11.800000190734863,12.880000114440918,92963,0.0,0.0
2022-10-04 00:00:00-04:00,13.039999961853027,13.359999656677246,12.720000267028809,13.039999961853027,66800,0.0,0.0
2022-10-05 00:00:00-04:00,12.479999542236328,13.279999732971191,12.479999542236328,13.039999961853027,53763,0.0,0.0
2022-10-06 00:00:00-04:00,13.119999885559082,13.520000457763672,12.791999816894531,13.279999732971191,63425,0.0,0.0
2022-10-07 00:00:00-04:00,13.119999885559082,13.239999771118164,12.479999542236328,12.640000343322754,48275,0.0,0.0
2022-10-10 00:00:00-04:00,12.640000343322754,12.720000267028809,11.680000305175781,11.920000076293945,70275,0.0,0.0
2022-10-11 00:00:00-04:00,11.920000076293945,12.079999923706055,11.359999656677246,11.920000076293945,78088,0.0,0.0
2022-10-12 00:00:00-04:00,12.239999771118164,12.399999618530273,11.520000457763672,11.920000076293945,108488,0.0,0.0
2022-10-13 00:00:00-04:00,11.199999809265137,12.279999732971191,11.199999809265137,12.0,75800,0.0,0.0
2022-10-14 00:00:00-04:00,12.319999694824219,12.5600004196167,11.760000228881836,11.920000076293945,63850,0.0,0.0
2022-10-17 00:00:00-04:00,12.079999923706055,12.640000343322754,12.0,12.399999618530273,76638,0.0,0.0
2022-10-18 00:00:00-04:00,12.800000190734863,13.208000183105469,11.84000015258789,11.920000076293945,73175,0.0,0.0
2022-10-19 00:00:00-04:00,11.920000076293945,12.0,11.600000381469727,11.84000015258789,46925,0.0,0.0
2022-10-20 00:00:00-04:00,12.0,12.479999542236328,11.760000228881836,11.84000015258789,35713,0.0,0.0
2022-10-21 00:00:00-04:00,12.0,12.239999771118164,11.680000305175781,12.0,40700,0.0,0.0
2022-10-24 00:00:00-04:00,12.319999694824219,12.319999694824219,11.84000015258789,12.239999771118164,27138,0.0,0.0
2022-10-25 00:00:00-04:00,12.960000038146973,13.600000381469727,12.880000114440918,13.039999961853027,90450,0.0,0.0
2022-10-26 00:00:00-04:00,12.800000190734863,13.479999542236328,12.5600004196167,12.5600004196167,45913,0.0,0.0
2022-10-27 00:00:00-04:00,12.720000267028809,13.119999885559082,12.399999618530273,12.640000343322754,32250,0.0,0.0
2022-10-28 00:00:00-04:00,12.640000343322754,13.039999961853027,12.399999618530273,12.880000114440918,24638,0.0,0.0
2022-10-31 00:00:00-04:00,12.800000190734863,13.279999732971191,12.640000343322754,12.880000114440918,38375,0.0,0.0
2022-11-01 00:00:00-04:00,13.279999732971191,13.520000457763672,12.880000114440918,12.960000038146973,31338,0.0,0.0
2022-11-02 00:00:00-04:00,12.800000190734863,13.079999923706055,12.479999542236328,12.479999542236328,35400,0.0,0.0
2022-11-03 00:00:00-04:00,12.319999694824219,13.119999885559082,12.319999694824219,12.640000343322754,33263,0.0,0.0
2022-11-04 00:00:00-04:00,12.960000038146973,13.359999656677246,12.399999618530273,12.880000114440918,62100,0.0,0.0
2022-11-07 00:00:00-05:00,13.279999732971191,14.5600004196167,13.039999961853027,14.399999618530273,109113,0.0,0.0
2022-11-08 00:00:00-05:00,15.359999656677246,15.359999656677246,12.960000038146973,13.359999656677246,126650,0.0,0.0
2022-11-09 00:00:00-05:00,13.279999732971191,13.680000305175781,13.119999885559082,13.680000305175781,75850,0.0,0.0
2022-11-10 00:00:00-05:00,14.079999923706055,15.359999656677246,12.960000038146973,13.199999809265137,138375,0.0,0.0
2022-11-11 00:00:00-05:00,13.359999656677246,13.800000190734863,13.079999923706055,13.760000228881836,102488,0.0,0.0
2022-11-14 00:00:00-05:00,13.760000228881836,14.5600004196167,13.399999618530273,14.079999923706055,67775,0.0,0.0
2022-11-15 00:00:00-05:00,14.479999542236328,14.640000343322754,13.920000076293945,14.0,135625,0.0,0.0
2022-11-16 00:00:00-05:00,14.15999984741211,14.239999771118164,13.520000457763672,14.0,53000,0.0,0.0
2022-11-17 00:00:00-05:00,13.920000076293945,15.479999542236328,13.887999534606934,14.720000267028809,168275,0.0,0.0
2022-11-18 00:00:00-05:00,15.039999961853027,15.119999885559082,13.520000457763672,13.84000015258789,88825,0.0,0.0
2022-11-21 00:00:00-05:00,14.239999771118164,14.239999771118164,13.0,13.359999656677246,87275,0.0,0.0
2022-11-22 00:00:00-05:00,13.279999732971191,13.600000381469727,12.640000343322754,13.520000457763672,75613,0.0,0.0
2022-11-23 00:00:00-05:00,13.4399995803833,13.920000076293945,13.368000030517578,13.920000076293945,64675,0.0,0.0
2022-11-25 00:00:00-05:00,13.920000076293945,13.920000076293945,13.4399995803833,13.600000381469727,17588,0.0,0.0
2022-11-28 00:00:00-05:00,13.199999809265137,13.520000457763672,12.640000343322754,12.800000190734863,92975,0.0,0.0
2022-11-29 00:00:00-05:00,12.720000267028809,13.279999732971191,12.640000343322754,12.960000038146973,71525,0.0,0.0
2022-11-30 00:00:00-05:00,12.960000038146973,13.520000457763672,12.800000190734863,13.359999656677246,82575,0.0,0.0
2022-12-01 00:00:00-05:00,13.359999656677246,14.399999618530273,13.279999732971191,13.84000015258789,100975,0.0,0.0
2022-12-02 00:00:00-05:00,13.359999656677246,14.239999771118164,13.359999656677246,14.239999771118164,44975,0.0,0.0
2022-12-05 00:00:00-05:00,13.920000076293945,14.640000343322754,13.680000305175781,14.0,111850,0.0,0.0
2022-12-06 00:00:00-05:00,14.0,14.239999771118164,13.600000381469727,13.680000305175781,53913,0.0,0.0
2022-12-07 00:00:00-05:00,14.319999694824219,15.880000114440918,13.760000228881836,15.600000381469727,238288,0.0,0.0
2022-12-08 00:00:00-05:00,14.960000038146973,17.520000457763672,14.960000038146973,16.719999313354492,274788,0.0,0.0
2022-12-09 00:00:00-05:00,16.479999542236328,17.040000915527344,15.84000015258789,16.479999542236328,109000,0.0,0.0
2022-12-12 00:00:00-05:00,16.479999542236328,17.68000030517578,16.399999618530273,17.280000686645508,137688,0.0,0.0
2022-12-13 00:00:00-05:00,17.600000381469727,18.0,16.0,16.15999984741211,147563,0.0,0.0
2022-12-14 00:00:00-05:00,16.479999542236328,16.719999313354492,15.600000381469727,15.680000305175781,83988,0.0,0.0
2022-12-15 00:00:00-05:00,15.359999656677246,15.359999656677246,14.319999694824219,14.720000267028809,97100,0.0,0.0
2022-12-16 00:00:00-05:00,15.84000015258789,16.0,14.15999984741211,14.720000267028809,250200,0.0,0.0
2022-12-19 00:00:00-05:00,14.720000267028809,14.720000267028809,13.199999809265137,13.359999656677246,145288,0.0,0.0
2022-12-20 00:00:00-05:00,13.279999732971191,13.920000076293945,13.279999732971191,13.600000381469727,37188,0.0,0.0
2022-12-21 00:00:00-05:00,13.920000076293945,13.920000076293945,13.039999961853027,13.199999809265137,71913,0.0,0.0
2022-12-22 00:00:00-05:00,13.199999809265137,13.199999809265137,11.84000015258789,12.800000190734863,118100,0.0,0.0
2022-12-23 00:00:00-05:00,12.720000267028809,12.800000190734863,12.0,12.399999618530273,68363,0.0,0.0
2022-12-27 00:00:00-05:00,12.319999694824219,12.399999618530273,11.119999885559082,11.199999809265137,129650,0.0,0.0
2022-12-28 00:00:00-05:00,11.600000381469727,11.760000228881836,11.199999809265137,11.359999656677246,51675,0.0,0.0
2022-12-29 00:00:00-05:00,11.279999732971191,11.520000457763672,10.640000343322754,10.800000190734863,224400,0.0,0.0
2022-12-30 00:00:00-05:00,10.640000343322754,12.399999618530273,10.640000343322754,12.319999694824219,105925,0.0,0.0
2023-01-03 00:00:00-05:00,12.239999771118164,13.031999588012695,11.84000015258789,12.319999694824219,71388,0.0,0.0
2023-01-04 00:00:00-05:00,12.640000343322754,13.02400016784668,12.399999618530273,12.800000190734863,44638,0.0,0.0
2023-01-05 00:00:00-05:00,12.880000114440918,13.399999618530273,12.496000289916992,13.279999732971191,40175,0.0,0.0
2023-01-06 00:00:00-05:00,13.359999656677246,13.920000076293945,12.960000038146973,13.84000015258789,61538,0.0,0.0
2023-01-09 00:00:00-05:00,13.920000076293945,14.119999885559082,12.960000038146973,13.279999732971191,97138,0.0,0.0
2023-01-10 00:00:00-05:00,13.199999809265137,13.84000015258789,13.199999809265137,13.760000228881836,25913,0.0,0.0
2023-01-11 00:00:00-05:00,13.920000076293945,14.399999618530273,13.600000381469727,13.920000076293945,65925,0.0,0.0
2023-01-12 00:00:00-05:00,14.079999923706055,14.520000457763672,13.600000381469727,14.399999618530273,59450,0.0,0.0
2023-01-13 00:00:00-05:00,14.15999984741211,15.119999885559082,14.15999984741211,14.880000114440918,63300,0.0,0.0
2023-01-17 00:00:00-05:00,15.600000381469727,15.600000381469727,14.640000343322754,14.880000114440918,63938,0.0,0.0
2023-01-18 00:00:00-05:00,15.119999885559082,15.319999694824219,14.079999923706055,14.319999694824219,53675,0.0,0.0
2023-01-19 00:00:00-05:00,14.15999984741211,14.15999984741211,13.4399995803833,13.760000228881836,43488,0.0,0.0
2023-01-20 00:00:00-05:00,13.920000076293945,14.399999618530273,13.4399995803833,14.079999923706055,32850,0.0,0.0
2023-01-23 00:00:00-05:00,14.319999694824219,14.800000190734863,14.15999984741211,14.720000267028809,37963,0.0,0.0
2023-01-24 00:00:00-05:00,14.720000267028809,14.880000114440918,13.84000015258789,13.84000015258789,48888,0.0,0.0
2023-01-25 00:00:00-05:00,13.600000381469727,13.920000076293945,13.319999694824219,13.600000381469727,40350,0.0,0.0
2023-01-26 00:00:00-05:00,14.079999923706055,14.079999923706055,13.680000305175781,13.84000015258789,42738,0.0,0.0
2023-01-27 00:00:00-05:00,13.920000076293945,14.720000267028809,13.751999855041504,14.720000267028809,55050,0.0,0.0
2023-01-30 00:00:00-05:00,14.5600004196167,14.640000343322754,14.0,14.15999984741211,54350,0.0,0.0
2023-01-31 00:00:00-05:00,14.15999984741211,14.800000190734863,14.15999984741211,14.5600004196167,38963,0.0,0.0
2023-02-01 00:00:00-05:00,14.399999618530273,15.039999961853027,14.279999732971191,14.800000190734863,49963,0.0,0.0
2023-02-02 00:00:00-05:00,15.199999809265137,16.15999984741211,14.880000114440918,15.520000457763672,134013,0.0,0.0
2023-02-03 00:00:00-05:00,15.680000305175781,16.15999984741211,14.5600004196167,14.5600004196167,124175,0.0,0.0
2023-02-06 00:00:00-05:00,15.119999885559082,15.359999656677246,14.640000343322754,14.960000038146973,79788,0.0,0.0
2023-02-07 00:00:00-05:00,15.199999809265137,15.199999809265137,14.4399995803833,14.880000114440918,70013,0.0,0.0
2023-02-08 00:00:00-05:00,14.640000343322754,14.920000076293945,14.319999694824219,14.399999618530273,48263,0.0,0.0
2023-02-09 00:00:00-05:00,14.399999618530273,14.86400032043457,13.760000228881836,14.0,58025,0.0,0.0
2023-02-10 00:00:00-05:00,14.0,14.239999771118164,13.600000381469727,14.15999984741211,36763,0.0,0.0
2023-02-13 00:00:00-05:00,14.15999984741211,14.399999618530273,13.84000015258789,14.319999694824219,22238,0.0,0.0
2023-02-14 00:00:00-05:00,14.5600004196167,15.199999809265137,14.119999885559082,15.199999809265137,88288,0.0,0.0
2023-02-15 00:00:00-05:00,14.800000190734863,16.0,14.800000190734863,15.680000305175781,87438,0.0,0.0
2023-02-16 00:00:00-05:00,15.600000381469727,16.239999771118164,15.239999771118164,15.520000457763672,81450,0.0,0.0
2023-02-17 00:00:00-05:00,15.520000457763672,15.84000015258789,14.720000267028809,15.760000228881836,105400,0.0,0.0
2023-02-21 00:00:00-05:00,15.600000381469727,15.600000381469727,14.5600004196167,14.720000267028809,74888,0.0,0.0
2023-02-22 00:00:00-05:00,14.640000343322754,14.960000038146973,14.239999771118164,14.319999694824219,55375,0.0,0.0
2023-02-23 00:00:00-05:00,14.5600004196167,14.800000190734863,13.920000076293945,14.079999923706055,98150,0.0,0.0
2023-02-24 00:00:00-05:00,13.920000076293945,14.0,13.4399995803833,13.84000015258789,76063,0.0,0.0
2023-02-27 00:00:00-05:00,14.0,14.239999771118164,13.680000305175781,14.239999771118164,45638,0.0,0.0
2023-02-28 00:00:00-05:00,14.399999618530273,15.359999656677246,14.399999618530273,15.279999732971191,67950,0.0,0.0
2023-03-01 00:00:00-05:00,15.279999732971191,15.279999732971191,14.0,14.960000038146973,76625,0.0,0.0
2023-03-02 00:00:00-05:00,14.800000190734863,15.199999809265137,14.640000343322754,14.880000114440918,46738,0.0,0.0
2023-03-03 00:00:00-05:00,15.119999885559082,15.680000305175781,14.319999694824219,15.359999656677246,166338,0.0,0.0
2023-03-06 00:00:00-05:00,15.680000305175781,16.479999542236328,15.199999809265137,15.4399995803833,125350,0.0,0.0
2023-03-07 00:00:00-05:00,15.199999809265137,15.760000228881836,13.760000228881836,14.399999618530273,242863,0.0,0.0
2023-03-08 00:00:00-05:00,14.399999618530273,14.479999542236328,13.4399995803833,13.600000381469727,165563,0.0,0.0
2023-03-09 00:00:00-05:00,13.680000305175781,13.84000015258789,12.239999771118164,12.960000038146973,209738,0.0,0.0
2023-03-10 00:00:00-05:00,12.960000038146973,13.039999961853027,11.600000381469727,11.680000305175781,147775,0.0,0.0
2023-03-13 00:00:00-04:00,11.760000228881836,11.760000228881836,10.800000190734863,11.279999732971191,268113,0.0,0.0
2023-03-14 00:00:00-04:00,11.4399995803833,11.84000015258789,10.960000038146973,11.119999885559082,149675,0.0,0.0
2023-03-15 00:00:00-04:00,11.039999961853027,11.15999984741211,10.319999694824219,10.319999694824219,207100,0.0,0.0
2023-03-16 00:00:00-04:00,10.319999694824219,10.960000038146973,10.319999694824219,10.720000267028809,98088,0.0,0.0
2023-03-17 00:00:00-04:00,11.199999809265137,11.199999809265137,10.079999923706055,10.5600004196167,165288,0.0,0.0
2023-03-20 00:00:00-04:00,10.880000114440918,10.935999870300293,10.0,10.079999923706055,128450,0.0,0.0
2023-03-21 00:00:00-04:00,10.079999923706055,10.800000190734863,10.079999923706055,10.479999542236328,96700,0.0,0.0
2023-03-22 00:00:00-04:00,10.5600004196167,11.039999961853027,10.399999618530273,10.5600004196167,83138,0.0,0.0
2023-03-23 00:00:00-04:00,11.039999961853027,11.208000183105469,10.479999542236328,10.720000267028809,51150,0.0,0.0
2023-03-24 00:00:00-04:00,11.039999961853027,11.359999656677246,10.640000343322754,11.359999656677246,51050,0.0,0.0
2023-03-27 00:00:00-04:00,11.760000228881836,11.760000228881836,11.039999961853027,11.199999809265137,41900,0.0,0.0
2023-03-28 00:00:00-04:00,11.279999732971191,11.279999732971191,10.880000114440918,10.960000038146973,47113,0.0,0.0
2023-03-29 00:00:00-04:00,10.960000038146973,11.640000343322754,10.800000190734863,11.279999732971191,200813,0.0,0.0
2023-03-30 00:00:00-04:00,11.359999656677246,11.920000076293945,10.960000038146973,11.279999732971191,98238,0.0,0.0
2023-03-31 00:00:00-04:00,11.4399995803833,12.239999771118164,11.199999809265137,12.0,95463,0.0,0.0
2023-04-03 00:00:00-04:00,11.600000381469727,11.800000190734863,10.960000038146973,11.359999656677246,95875,0.0,0.0
2023-04-04 00:00:00-04:00,11.119999885559082,11.279999732971191,10.800000190734863,10.800000190734863,54325,0.0,0.0
2023-04-05 00:00:00-04:00,11.4399995803833,11.4399995803833,10.319999694824219,10.640000343322754,67138,0.0,0.0
2023-04-06 00:00:00-04:00,10.800000190734863,11.039999961853027,10.319999694824219,11.039999961853027,54200,0.0,0.0
2023-04-10 00:00:00-04:00,10.960000038146973,11.680000305175781,10.720000267028809,11.119999885559082,81075,0.0,0.0
2023-04-11 00:00:00-04:00,11.199999809265137,11.199999809265137,10.720000267028809,10.800000190734863,66075,0.0,0.0
2023-04-12 00:00:00-04:00,11.039999961853027,11.119999885559082,10.399999618530273,10.800000190734863,102675,0.0,0.0
2023-04-13 00:00:00-04:00,11.199999809265137,11.831999778747559,10.960000038146973,11.760000228881836,190450,0.0,0.0
2023-04-14 00:00:00-04:00,11.4399995803833,11.920000076293945,10.887999534606934,11.520000457763672,202050,0.0,0.0
2023-04-17 00:00:00-04:00,11.600000381469727,12.319999694824219,11.520000457763672,11.84000015258789,97825,0.0,0.0
2023-04-18 00:00:00-04:00,11.760000228881836,12.0,11.520000457763672,11.920000076293945,65775,0.0,0.0
2023-04-19 00:00:00-04:00,11.760000228881836,11.97599983215332,10.960000038146973,11.4399995803833,209563,0.0,0.0
2023-04-20 00:00:00-04:00,11.199999809265137,11.592000007629395,10.800000190734863,10.880000114440918,58288,0.0,0.0
2023-04-21 00:00:00-04:00,10.800000190734863,11.199999809265137,10.640000343322754,10.880000114440918,73738,0.0,0.0
2023-04-24 00:00:00-04:00,10.800000190734863,11.119999885559082,10.5600004196167,10.800000190734863,82075,0.0,0.0
2023-04-25 00:00:00-04:00,10.800000190734863,10.800000190734863,9.84000015258789,10.0,202375,0.0,0.0
2023-04-26 00:00:00-04:00,10.239999771118164,10.239999771118164,9.199999809265137,9.359999656677246,334450,0.0,0.0
2023-04-27 00:00:00-04:00,9.600000381469727,10.0,9.15999984741211,9.600000381469727,359275,0.0,0.0
2023-04-28 00:00:00-04:00,9.600000381469727,10.0,9.4399995803833,9.920000076293945,68975,0.0,0.0
2023-05-01 00:00:00-04:00,9.920000076293945,10.4399995803833,9.760000228881836,10.399999618530273,220163,0.0,0.0
2023-05-02 00:00:00-04:00,10.319999694824219,10.640000343322754,10.0,10.319999694824219,190050,0.0,0.0
2023-05-03 00:00:00-04:00,10.15999984741211,10.319999694824219,8.960000038146973,9.359999656677246,464963,0.0,0.0
2023-05-04 00:00:00-04:00,9.680000305175781,9.784000396728516,9.039999961853027,9.119999885559082,89288,0.0,0.0
2023-05-05 00:00:00-04:00,9.4399995803833,9.600000381469727,9.119999885559082,9.359999656677246,159313,0.0,0.0
2023-05-08 00:00:00-04:00,9.520000457763672,9.760000228881836,9.039999961853027,9.4399995803833,135288,0.0,0.0
2023-05-09 00:00:00-04:00,9.359999656677246,9.520000457763672,9.039999961853027,9.359999656677246,191288,0.0,0.0
2023-05-10 00:00:00-04:00,9.680000305175781,10.319999694824219,9.4399995803833,10.319999694824219,186775,0.0,0.0
2023-05-11 00:00:00-04:00,10.15999984741211,10.5600004196167,9.84000015258789,9.920000076293945,105650,0.0,0.0
2023-05-12 00:00:00-04:00,10.079999923706055,10.079999923706055,9.680000305175781,10.079999923706055,48175,0.0,0.0
2023-05-15 00:00:00-04:00,9.920000076293945,10.479999542236328,9.920000076293945,10.319999694824219,91863,0.0,0.0
2023-05-16 00:00:00-04:00,10.079999923706055,10.399999618530273,9.760000228881836,9.84000015258789,59538,0.0,0.0
2023-05-17 00:00:00-04:00,9.920000076293945,10.319999694824219,9.680000305175781,10.319999694824219,45488,0.0,0.0
2023-05-18 00:00:00-04:00,10.079999923706055,10.479999542236328,9.920000076293945,10.079999923706055,90663,0.0,0.0
2023-05-19 00:00:00-04:00,10.15999984741211,10.479999542236328,10.079999923706055,10.319999694824219,63138,0.0,0.0
2023-05-22 00:00:00-04:00,10.319999694824219,11.760000228881836,10.319999694824219,11.680000305175781,198750,0.0,0.0
2023-05-23 00:00:00-04:00,11.760000228881836,12.15999984741211,10.960000038146973,11.039999961853027,134975,0.0,0.0
2023-05-24 00:00:00-04:00,11.119999885559082,11.359999656677246,10.640000343322754,11.119999885559082,75513,0.0,0.0
2023-05-25 00:00:00-04:00,11.359999656677246,11.4399995803833,10.880000114440918,11.119999885559082,97488,0.0,0.0
2023-05-26 00:00:00-04:00,11.119999885559082,11.4399995803833,10.97599983215332,11.279999732971191,87975,0.0,0.0
2023-05-30 00:00:00-04:00,11.680000305175781,11.680000305175781,10.640000343322754,10.800000190734863,92588,0.0,0.0
2023-05-31 00:00:00-04:00,10.800000190734863,11.119999885559082,10.479999542236328,10.960000038146973,92550,0.0,0.0
2023-06-01 00:00:00-04:00,11.039999961853027,12.319999694824219,10.720000267028809,11.920000076293945,308075,0.0,0.0
2023-06-02 00:00:00-04:00,12.15999984741211,12.800000190734863,11.520000457763672,12.640000343322754,358800,0.0,0.0
2023-06-05 00:00:00-04:00,12.960000038146973,14.0,12.720000267028809,13.119999885559082,226700,0.0,0.0
2023-06-06 00:00:00-04:00,12.960000038146973,14.640000343322754,12.800000190734863,14.399999618530273,170913,0.0,0.0
2023-06-07 00:00:00-04:00,14.640000343322754,15.112000465393066,13.920000076293945,14.239999771118164,159325,0.0,0.0
2023-06-08 00:00:00-04:00,14.15999984741211,15.199999809265137,13.960000038146973,14.960000038146973,162688,0.0,0.0
2023-06-09 00:00:00-04:00,15.039999961853027,15.199999809265137,13.600000381469727,13.760000228881836,196413,0.0,0.0
2023-06-12 00:00:00-04:00,14.720000267028809,15.031999588012695,14.239999771118164,14.640000343322754,144863,0.0,0.0
2023-06-13 00:00:00-04:00,15.279999732971191,15.359999656677246,14.600000381469727,14.880000114440918,207713,0.0,0.0
2023-06-14 00:00:00-04:00,14.720000267028809,14.960000038146973,13.520000457763672,13.600000381469727,162125,0.0,0.0
2023-06-15 00:00:00-04:00,13.680000305175781,14.479999542236328,13.600000381469727,14.079999923706055,136088,0.0,0.0
2023-06-16 00:00:00-04:00,14.5600004196167,14.5600004196167,13.800000190734863,14.0,190700,0.0,0.0
2023-06-20 00:00:00-04:00,14.079999923706055,14.960000038146973,13.84000015258789,14.319999694824219,163313,0.0,0.0
2023-06-21 00:00:00-04:00,14.5600004196167,14.800000190734863,12.800000190734863,14.800000190734863,194013,0.0,0.0
2023-06-22 00:00:00-04:00,14.319999694824219,15.520000457763672,14.15999984741211,15.279999732971191,182888,0.0,0.0
2023-06-23 00:00:00-04:00,15.199999809265137,15.600000381469727,14.800000190734863,15.4399995803833,2069625,0.0,0.0
2023-06-26 00:00:00-04:00,15.199999809265137,15.343999862670898,14.079999923706055,14.479999542236328,167888,0.0,0.0
2023-06-27 00:00:00-04:00,14.479999542236328,15.279999732971191,14.079999923706055,15.279999732971191,109663,0.0,0.0
2023-06-28 00:00:00-04:00,15.039999961853027,16.8799991607666,14.800000190734863,16.799999237060547,269625,0.0,0.0
2023-06-29 00:00:00-04:00,16.799999237060547,18.559999465942383,16.68000030517578,17.200000762939453,262088,0.0,0.0
2023-06-30 00:00:00-04:00,17.600000381469727,18.399999618530273,17.440000534057617,17.760000228881836,200100,0.0,0.0
2023-07-03 00:00:00-04:00,17.84000015258789,18.920000076293945,17.040000915527344,17.200000762939453,101625,0.0,0.0
2023-07-05 00:00:00-04:00,17.1200008392334,17.600000381469727,16.559999465942383,17.200000762939453,119325,0.0,0.0
2023-07-06 00:00:00-04:00,16.31999969482422,16.799999237060547,15.479999542236328,16.399999618530273,113825,0.0,0.0
2023-07-07 00:00:00-04:00,16.31999969482422,16.959999084472656,16.079999923706055,16.799999237060547,71388,0.0,0.0
2023-07-10 00:00:00-04:00,16.719999313354492,17.440000534057617,16.239999771118164,17.440000534057617,97088,0.0,0.0
2023-07-11 00:00:00-04:00,17.440000534057617,17.520000457763672,16.45599937438965,16.639999389648438,81138,0.0,0.0
2023-07-12 00:00:00-04:00,17.360000610351562,17.360000610351562,15.600000381469727,15.600000381469727,178825,0.0,0.0
2023-07-13 00:00:00-04:00,15.84000015258789,17.040000915527344,15.760000228881836,16.959999084472656,168025,0.0,0.0
2023-07-14 00:00:00-04:00,17.1200008392334,17.440000534057617,15.84000015258789,16.0,118613,0.0,0.0
2023-07-17 00:00:00-04:00,16.15999984741211,17.1200008392334,15.199999809265137,15.359999656677246,196963,0.0,0.0
2023-07-18 00:00:00-04:00,15.680000305175781,16.040000915527344,15.303999900817871,15.520000457763672,92575,0.0,0.0
2023-07-19 00:00:00-04:00,15.920000076293945,16.959999084472656,15.760000228881836,16.079999923706055,130538,0.0,0.0
2023-07-20 00:00:00-04:00,16.0,16.0,15.039999961853027,15.4399995803833,115925,0.0,0.0
2023-07-21 00:00:00-04:00,15.600000381469727,15.800000190734863,15.279999732971191,15.359999656677246,81050,0.0,0.0
2023-07-24 00:00:00-04:00,15.4399995803833,15.760000228881836,15.319999694824219,15.600000381469727,68588,0.0,0.0
2023-07-25 00:00:00-04:00,15.520000457763672,15.760000228881836,15.359999656677246,15.4399995803833,55138,0.0,0.0
2023-07-26 00:00:00-04:00,15.199999809265137,15.960000038146973,15.199999809265137,15.680000305175781,69400,0.0,0.0
2023-07-27 00:00:00-04:00,15.84000015258789,16.079999923706055,14.800000190734863,14.880000114440918,143325,0.0,0.0
2023-07-28 00:00:00-04:00,15.119999885559082,15.51200008392334,15.079999923706055,15.359999656677246,101425,0.0,0.0
2023-07-31 00:00:00-04:00,15.359999656677246,16.0,15.279999732971191,15.920000076293945,106025,0.0,0.0
2023-08-01 00:00:00-04:00,15.680000305175781,15.920000076293945,15.039999961853027,15.760000228881836,97775,0.0,0.0
2023-08-02 00:00:00-04:00,15.520000457763672,15.760000228881836,14.640000343322754,14.720000267028809,90400,0.0,0.0
2023-08-03 00:00:00-04:00,14.640000343322754,15.279999732971191,14.479999542236328,14.5600004196167,75725,0.0,0.0
2023-08-04 00:00:00-04:00,14.640000343322754,15.039999961853027,13.600000381469727,13.84000015258789,174350,0.0,0.0
2023-08-07 00:00:00-04:00,14.079999923706055,14.399999618530273,13.520000457763672,13.920000076293945,97738,0.0,0.0
2023-08-08 00:00:00-04:00,13.760000228881836,14.880000114440918,13.760000228881836,14.720000267028809,85588,0.0,0.0
2023-08-09 00:00:00-04:00,13.920000076293945,14.5600004196167,13.039999961853027,13.520000457763672,161950,0.0,0.0
2023-08-10 00:00:00-04:00,13.680000305175781,13.960000038146973,13.039999961853027,13.119999885559082,76313,0.0,0.0
2023-08-11 00:00:00-04:00,12.800000190734863,12.880000114440918,12.079999923706055,12.640000343322754,138425,0.0,0.0
2023-08-14 00:00:00-04:00,12.5600004196167,12.640000343322754,12.15999984741211,12.5600004196167,58025,0.0,0.0
2023-08-15 00:00:00-04:00,12.399999618530273,12.46399974822998,11.680000305175781,11.84000015258789,104863,0.0,0.0
2023-08-16 00:00:00-04:00,11.760000228881836,12.239999771118164,11.119999885559082,11.199999809265137,132588,0.0,0.0
2023-08-17 00:00:00-04:00,11.279999732971191,11.520000457763672,11.039999961853027,11.199999809265137,90725,0.0,0.0
2023-08-18 00:00:00-04:00,10.880000114440918,11.279999732971191,10.880000114440918,10.960000038146973,80950,0.0,0.0
2023-08-21 00:00:00-04:00,11.039999961853027,11.4399995803833,10.960000038146973,11.279999732971191,61738,0.0,0.0
2023-08-22 00:00:00-04:00,11.4399995803833,11.680000305175781,11.199999809265137,11.600000381469727,78800,0.0,0.0
2023-08-23 00:00:00-04:00,12.0,12.0,11.279999732971191,11.359999656677246,45663,0.0,0.0
2023-08-24 00:00:00-04:00,11.600000381469727,11.600000381469727,10.079999923706055,10.239999771118164,157863,0.0,0.0
2023-08-25 00:00:00-04:00,10.399999618530273,10.880000114440918,10.399999618530273,10.720000267028809,43788,0.0,0.0
2023-08-28 00:00:00-04:00,10.720000267028809,10.880000114440918,10.239999771118164,10.640000343322754,81950,0.0,0.0
2023-08-29 00:00:00-04:00,10.640000343322754,11.4399995803833,10.640000343322754,11.199999809265137,63625,0.0,0.0
2023-08-30 00:00:00-04:00,11.199999809265137,11.359999656677246,10.880000114440918,11.119999885559082,39350,0.0,0.0
2023-08-31 00:00:00-04:00,11.199999809265137,11.279999732971191,10.800000190734863,10.880000114440918,60625,0.0,0.0
2023-09-01 00:00:00-04:00,11.039999961853027,11.192000389099121,10.640000343322754,10.800000190734863,50500,0.0,0.0
2023-09-05 00:00:00-04:00,10.720000267028809,10.800000190734863,10.319999694824219,10.479999542236328,70563,0.0,0.0
2023-09-06 00:00:00-04:00,10.479999542236328,10.5600004196167,10.239999771118164,10.319999694824219,47300,0.0,0.0
2023-09-07 00:00:00-04:00,10.319999694824219,10.399999618530273,10.119999885559082,10.319999694824219,59313,0.0,0.0
2023-09-08 00:00:00-04:00,10.319999694824219,10.319999694824219,9.880000114440918,10.15999984741211,76813,0.0,0.0
2023-09-11 00:00:00-04:00,9.920000076293945,10.199999809265137,9.880000114440918,10.0,55063,0.0,0.0
2023-09-12 00:00:00-04:00,10.0,10.239999771118164,9.84000015258789,9.920000076293945,79813,0.0,0.0
2023-09-13 00:00:00-04:00,10.0,10.239999771118164,9.680000305175781,9.680000305175781,91688,0.0,0.0
2023-09-14 00:00:00-04:00,9.84000015258789,10.800000190734863,9.84000015258789,10.399999618530273,121150,0.0,0.0
2023-09-15 00:00:00-04:00,10.319999694824219,10.760000228881836,9.84000015258789,10.15999984741211,127000,0.0,0.0
2023-09-18 00:00:00-04:00,10.15999984741211,10.15999984741211,9.920000076293945,9.920000076293945,44513,0.0,0.0
2023-09-19 00:00:00-04:00,9.84000015258789,10.15999984741211,9.680000305175781,9.680000305175781,80538,0.0,0.0
2023-09-20 00:00:00-04:00,9.760000228881836,9.920000076293945,9.4399995803833,9.4399995803833,57475,0.0,0.0
2023-09-21 00:00:00-04:00,9.279999732971191,9.4399995803833,8.880000114440918,9.039999961853027,135075,0.0,0.0
2023-09-22 00:00:00-04:00,9.039999961853027,9.4399995803833,8.960000038146973,9.199999809265137,77363,0.0,0.0
2023-09-25 00:00:00-04:00,9.279999732971191,9.760000228881836,9.199999809265137,9.4399995803833,74688,0.0,0.0
2023-09-26 00:00:00-04:00,9.359999656677246,9.600000381469727,9.255999565124512,9.359999656677246,32388,0.0,0.0
2023-09-27 00:00:00-04:00,9.520000457763672,9.84000015258789,9.383999824523926,9.600000381469727,53200,0.0,0.0
2023-09-28 00:00:00-04:00,9.680000305175781,9.84000015258789,9.4399995803833,9.600000381469727,49350,0.0,0.0
2023-09-29 00:00:00-04:00,9.760000228881836,9.84000015258789,9.359999656677246,9.359999656677246,40338,0.0,0.0
2023-10-02 00:00:00-04:00,9.600000381469727,9.600000381469727,8.960000038146973,9.039999961853027,92788,0.0,0.0
2023-10-03 00:00:00-04:00,8.960000038146973,9.119999885559082,8.960000038146973,8.960000038146973,52200,0.0,0.0
2023-10-04 00:00:00-04:00,8.960000038146973,9.199999809265137,8.800000190734863,9.039999961853027,66888,0.0,0.0
2023-10-05 00:00:00-04:00,9.039999961853027,9.359999656677246,8.880000114440918,9.199999809265137,49488,0.0,0.0
2023-10-06 00:00:00-04:00,9.199999809265137,9.4399995803833,8.960000038146973,9.199999809265137,51088,0.0,0.0
2023-10-09 00:00:00-04:00,9.039999961853027,9.680000305175781,8.968000411987305,9.520000457763672,46675,0.0,0.0
2023-10-10 00:00:00-04:00,9.600000381469727,11.359999656677246,9.600000381469727,10.640000343322754,144700,0.0,0.0
2023-10-11 00:00:00-04:00,10.640000343322754,11.039999961853027,10.0,10.319999694824219,70600,0.0,0.0
2023-10-12 00:00:00-04:00,10.399999618530273,10.479999542236328,9.600000381469727,9.760000228881836,74088,0.0,0.0
2023-10-13 00:00:00-04:00,9.680000305175781,10.079999923706055,9.607999801635742,9.84000015258789,44925,0.0,0.0
2023-10-16 00:00:00-04:00,9.920000076293945,10.479999542236328,9.84000015258789,10.239999771118164,54013,0.0,0.0
2023-10-17 00:00:00-04:00,10.239999771118164,10.680000305175781,10.15999984741211,10.239999771118164,37713,0.0,0.0
2023-10-18 00:00:00-04:00,10.15999984741211,10.319999694824219,9.680000305175781,9.920000076293945,41875,0.0,0.0
2023-10-19 00:00:00-04:00,9.760000228881836,10.079999923706055,9.600000381469727,9.680000305175781,53150,0.0,0.0
2023-10-20 00:00:00-04:00,9.760000228881836,10.319999694824219,9.447999954223633,10.239999771118164,74500,0.0,0.0
2023-10-23 00:00:00-04:00,10.239999771118164,10.680000305175781,10.079999923706055,10.239999771118164,45463,0.0,0.0
2023-10-24 00:00:00-04:00,10.479999542236328,11.104000091552734,10.399999618530273,10.880000114440918,48325,0.0,0.0
2023-10-25 00:00:00-04:00,10.800000190734863,11.039999961853027,10.319999694824219,10.399999618530273,64363,0.0,0.0
2023-10-26 00:00:00-04:00,10.479999542236328,11.960000038146973,10.479999542236328,11.920000076293945,108725,0.0,0.0
2023-10-27 00:00:00-04:00,12.15999984741211,12.399999618530273,10.039999961853027,10.239999771118164,124375,0.0,0.0
2023-10-30 00:00:00-04:00,10.239999771118164,10.399999618530273,9.4399995803833,9.520000457763672,86038,0.0,0.0
2023-10-31 00:00:00-04:00,9.680000305175781,9.680000305175781,9.199999809265137,9.520000457763672,83025,0.0,0.0
2023-11-01 00:00:00-04:00,9.600000381469727,9.600000381469727,9.119999885559082,9.279999732971191,57425,0.0,0.0
2023-11-02 00:00:00-04:00,9.4399995803833,9.760000228881836,9.119999885559082,9.279999732971191,113113,0.0,0.0
2023-11-03 00:00:00-04:00,9.600000381469727,9.920000076293945,8.880000114440918,9.039999961853027,182375,0.0,0.0
2023-11-06 00:00:00-05:00,9.199999809265137,9.279999732971191,8.319999694824219,8.720000267028809,158788,0.0,0.0
2023-11-07 00:00:00-05:00,8.880000114440918,9.600000381469727,8.720000267028809,9.600000381469727,95900,0.0,0.0
2023-11-08 00:00:00-05:00,9.359999656677246,9.720000267028809,9.15999984741211,9.199999809265137,106075,0.0,0.0
2023-11-09 00:00:00-05:00,9.520000457763672,9.960000038146973,9.079999923706055,9.4399995803833,76988,0.0,0.0
2023-11-10 00:00:00-05:00,9.600000381469727,9.680000305175781,9.199999809265137,9.520000457763672,67713,0.0,0.0
2023-11-13 00:00:00-05:00,9.119999885559082,9.4399995803833,9.039999961853027,9.279999732971191,77175,0.0,0.0
2023-11-14 00:00:00-05:00,9.600000381469727,10.0,9.319999694824219,10.0,113275,0.0,0.0
2023-11-15 00:00:00-05:00,10.0,10.144000053405762,9.680000305175781,9.84000015258789,74088,0.0,0.0
2023-11-16 00:00:00-05:00,9.84000015258789,10.0,9.600000381469727,9.920000076293945,59013,0.0,0.0
2023-11-17 00:00:00-05:00,9.920000076293945,10.5600004196167,9.920000076293945,10.399999618530273,108325,0.0,0.0
2023-11-20 00:00:00-05:00,10.399999618530273,10.5600004196167,10.319999694824219,10.479999542236328,53900,0.0,0.0
2023-11-21 00:00:00-05:00,10.399999618530273,10.520000457763672,10.319999694824219,10.479999542236328,49400,0.0,0.0
2023-11-22 00:00:00-05:00,10.399999618530273,10.399999618530273,9.760000228881836,10.079999923706055,91600,0.0,0.0
2023-11-24 00:00:00-05:00,10.079999923706055,10.319999694824219,10.039999961853027,10.239999771118164,45825,0.0,0.0
2023-11-27 00:00:00-05:00,10.399999618530273,10.399999618530273,10.079999923706055,10.15999984741211,49925,0.0,0.0
2023-11-28 00:00:00-05:00,10.15999984741211,10.399999618530273,10.0,10.399999618530273,61200,0.0,0.0
2023-11-29 00:00:00-05:00,10.399999618530273,10.720000267028809,10.392000198364258,10.5600004196167,75188,0.0,0.0
2023-11-30 00:00:00-05:00,10.5600004196167,10.720000267028809,10.399999618530273,10.5600004196167,50938,0.0,0.0
2023-12-01 00:00:00-05:00,10.5600004196167,10.640000343322754,10.15999984741211,10.640000343322754,63300,0.0,0.0
2023-12-04 00:00:00-05:00,10.479999542236328,10.760000228881836,10.399999618530273,10.720000267028809,68163,0.0,0.0
2023-12-05 00:00:00-05:00,10.399999618530273,10.720000267028809,10.399999618530273,10.640000343322754,42588,0.0,0.0
2023-12-06 00:00:00-05:00,10.720000267028809,10.960000038146973,10.600000381469727,10.720000267028809,50263,0.0,0.0
2023-12-07 00:00:00-05:00,10.800000190734863,10.800000190734863,10.399999618530273,10.720000267028809,61288,0.0,0.0
2023-12-08 00:00:00-05:00,10.720000267028809,10.800000190734863,10.479999542236328,10.720000267028809,76175,0.0,0.0
2023-12-11 00:00:00-05:00,10.5600004196167,10.600000381469727,9.600000381469727,9.680000305175781,158888,0.0,0.0
2023-12-12 00:00:00-05:00,9.84000015258789,9.84000015258789,9.680000305175781,9.760000228881836,34300,0.0,0.0
2023-12-13 00:00:00-05:00,9.760000228881836,10.32800006866455,9.600000381469727,10.319999694824219,68300,0.0,0.0
2023-12-14 00:00:00-05:00,10.720000267028809,10.800000190734863,10.319999694824219,10.399999618530273,105713,0.0,0.0
2023-12-15 00:00:00-05:00,10.479999542236328,10.520000457763672,9.600000381469727,9.600000381469727,193125,0.0,0.0
2023-12-18 00:00:00-05:00,9.760000228881836,10.319999694824219,9.67199993133545,10.15999984741211,117150,0.0,0.0
2023-12-19 00:00:00-05:00,10.15999984741211,10.5600004196167,10.15999984741211,10.399999618530273,80050,0.0,0.0
2023-12-20 00:00:00-05:00,10.399999618530273,11.680000305175781,10.239999771118164,10.640000343322754,186700,0.0,0.0
2023-12-21 00:00:00-05:00,10.880000114440918,11.119999885559082,10.279999732971191,10.880000114440918,94075,0.0,0.0
2023-12-22 00:00:00-05:00,10.880000114440918,11.4399995803833,10.760000228881836,11.279999732971191,82163,0.0,0.0
2023-12-26 00:00:00-05:00,11.199999809265137,11.680000305175781,10.97599983215332,11.600000381469727,87613,0.0,0.0
2023-12-27 00:00:00-05:00,11.600000381469727,11.760000228881836,11.279999732971191,11.680000305175781,74500,0.0,0.0
2023-12-28 00:00:00-05:00,11.359999656677246,12.880000114440918,11.359999656677246,12.15999984741211,122875,0.0,0.0
2023-12-29 00:00:00-05:00,12.319999694824219,12.319999694824219,10.960000038146973,11.199999809265137,92050,0.0,0.0
2024-01-02 00:00:00-05:00,11.039999961853027,11.119999885559082,10.720000267028809,11.039999961853027,78888,0.0,0.0
2024-01-03 00:00:00-05:00,10.399999618530273,11.119999885559082,10.319999694824219,10.5600004196167,72738,0.0,0.0
2024-01-04 00:00:00-05:00,10.640000343322754,11.119999885559082,10.399999618530273,10.640000343322754,42788,0.0,0.0
2024-01-05 00:00:00-05:00,10.640000343322754,10.720000267028809,10.079999923706055,10.239999771118164,76075,0.0,0.0
2024-01-08 00:00:00-05:00,10.319999694824219,11.279999732971191,10.239999771118164,10.960000038146973,104863,0.0,0.0
2024-01-09 00:00:00-05:00,10.960000038146973,10.960000038146973,10.479999542236328,10.479999542236328,51450,0.0,0.0
2024-01-10 00:00:00-05:00,10.479999542236328,10.760000228881836,10.239999771118164,10.640000343322754,44238,0.0,0.0
2024-01-11 00:00:00-05:00,10.720000267028809,10.800000190734863,10.239999771118164,10.479999542236328,42350,0.0,0.0
2024-01-12 00:00:00-05:00,10.640000343322754,10.800000190734863,10.319999694824219,10.319999694824219,34525,0.0,0.0
2024-01-16 00:00:00-05:00,10.15999984741211,10.319999694824219,10.0,10.079999923706055,163888,0.0,0.0
2024-01-17 00:00:00-05:00,10.0,10.079999923706055,9.760000228881836,9.84000015258789,58475,0.0,0.0
2024-01-18 00:00:00-05:00,10.0,10.15999984741211,9.600000381469727,9.680000305175781,77475,0.0,0.0
2024-01-19 00:00:00-05:00,9.760000228881836,10.239999771118164,9.4399995803833,10.239999771118164,88813,0.0,0.0
2024-01-22 00:00:00-05:00,10.399999618530273,10.5600004196167,10.239999771118164,10.5600004196167,46363,0.0,0.0
2024-01-23 00:00:00-05:00,10.640000343322754,10.800000190734863,10.239999771118164,10.479999542236328,56713,0.0,0.0
2024-01-24 00:00:00-05:00,10.5600004196167,10.640000343322754,10.119999885559082,10.239999771118164,34088,0.0,0.0
2024-01-25 00:00:00-05:00,10.479999542236328,10.479999542236328,9.920000076293945,10.479999542236328,37550,0.0,0.0
2024-01-26 00:00:00-05:00,10.479999542236328,10.640000343322754,10.239999771118164,10.319999694824219,43025,0.0,0.0
2024-01-29 00:00:00-05:00,10.319999694824219,10.640000343322754,10.239999771118164,10.5600004196167,72338,0.0,0.0
2024-01-30 00:00:00-05:00,10.479999542236328,10.520000457763672,10.0,10.079999923706055,39850,0.0,0.0
2024-01-31 00:00:00-05:00,10.079999923706055,10.640000343322754,10.039999961853027,10.15999984741211,48138,0.0,0.0
2024-02-01 00:00:00-05:00,10.15999984741211,10.479999542236328,9.84000015258789,10.239999771118164,74488,0.0,0.0
2024-02-02 00:00:00-05:00,10.15999984741211,10.15999984741211,9.84000015258789,9.84000015258789,37338,0.0,0.0
2024-02-05 00:00:00-05:00,10.079999923706055,10.399999618530273,9.680000305175781,10.15999984741211,73563,0.0,0.0
2024-02-06 00:00:00-05:00,10.079999923706055,10.479999542236328,9.760000228881836,10.319999694824219,84300,0.0,0.0
2024-02-07 00:00:00-05:00,10.319999694824219,10.319999694824219,10.0,10.0,23663,0.0,0.0
2024-02-08 00:00:00-05:00,10.079999923706055,11.800000190734863,9.920000076293945,11.359999656677246,238150,0.0,0.0
2024-02-09 00:00:00-05:00,11.520000457763672,12.319999694824219,11.4399995803833,12.079999923706055,129975,0.0,0.0
2024-02-12 00:00:00-05:00,12.0,12.800000190734863,11.760000228881836,12.239999771118164,110000,0.0,0.0
2024-02-13 00:00:00-05:00,11.84000015258789,11.920000076293945,11.199999809265137,11.199999809265137,92288,0.0,0.0
2024-02-14 00:00:00-05:00,12.0,12.319999694824219,11.4399995803833,12.079999923706055,97988,0.0,0.0
2024-02-15 00:00:00-05:00,12.079999923706055,12.5600004196167,11.920000076293945,12.399999618530273,85438,0.0,0.0
2024-02-16 00:00:00-05:00,12.15999984741211,12.960000038146973,12.15999984741211,12.720000267028809,67850,0.0,0.0
2024-02-20 00:00:00-05:00,12.960000038146973,13.039999961853027,11.720000267028809,11.84000015258789,89688,0.0,0.0
2024-02-21 00:00:00-05:00,12.479999542236328,12.640000343322754,11.359999656677246,11.520000457763672,54338,0.0,0.0
2024-02-22 00:00:00-05:00,11.600000381469727,12.079999923706055,11.479999542236328,11.920000076293945,53250,0.0,0.0
2024-02-23 00:00:00-05:00,12.399999618530273,12.399999618530273,11.680000305175781,12.079999923706055,46400,0.0,0.0
2024-02-26 00:00:00-05:00,12.239999771118164,12.880000114440918,12.15999984741211,12.720000267028809,105538,0.0,0.0
2024-02-27 00:00:00-05:00,13.359999656677246,14.0,12.720000267028809,13.119999885559082,166038,0.0,0.0
2024-02-28 00:00:00-05:00,13.600000381469727,14.15999984741211,11.359999656677246,11.760000228881836,226863,0.0,0.0
2024-02-29 00:00:00-05:00,12.0,12.079999923706055,11.119999885559082,11.359999656677246,106738,0.0,0.0
2024-03-01 00:00:00-05:00,11.4399995803833,11.4399995803833,11.15999984741211,11.359999656677246,117713,0.0,0.0
2024-03-04 00:00:00-05:00,11.920000076293945,12.720000267028809,11.680000305175781,12.079999923706055,160438,0.0,0.0
2024-03-05 00:00:00-05:00,12.0,12.0,11.399999618530273,11.4399995803833,83225,0.0,0.0
2024-03-06 00:00:00-05:00,11.680000305175781,12.0,11.520000457763672,11.600000381469727,68625,0.0,0.0
2024-03-07 00:00:00-05:00,11.760000228881836,12.399999618530273,11.680000305175781,12.079999923706055,139338,0.0,0.0
2024-03-08 00:00:00-05:00,12.319999694824219,12.343999862670898,11.600000381469727,11.600000381469727,74525,0.0,0.0
2024-03-11 00:00:00-04:00,11.600000381469727,11.84000015258789,11.359999656677246,11.520000457763672,63088,0.0,0.0
2024-03-12 00:00:00-04:00,11.520000457763672,11.600000381469727,10.960000038146973,11.119999885559082,99363,0.0,0.0
2024-03-13 00:00:00-04:00,11.520000457763672,11.520000457763672,11.039999961853027,11.039999961853027,105050,0.0,0.0
2024-03-14 00:00:00-04:00,10.880000114440918,10.960000038146973,10.319999694824219,10.5600004196167,104250,0.0,0.0
2024-03-15 00:00:00-04:00,10.5600004196167,10.5600004196167,10.079999923706055,10.079999923706055,160338,0.0,0.0
2024-03-18 00:00:00-04:00,10.0,10.5600004196167,10.0,10.399999618530273,90175,0.0,0.0
2024-03-19 00:00:00-04:00,10.399999618530273,11.119999885559082,10.399999618530273,10.640000343322754,50163,0.0,0.0
2024-03-20 00:00:00-04:00,10.5600004196167,11.119999885559082,10.399999618530273,10.880000114440918,60738,0.0,0.0
2024-03-21 00:00:00-04:00,10.800000190734863,11.279999732971191,10.800000190734863,11.119999885559082,50000,0.0,0.0
2024-03-22 00:00:00-04:00,11.039999961853027,11.039999961853027,10.5600004196167,10.640000343322754,40150,0.0,0.0
2024-03-25 00:00:00-04:00,10.640000343322754,10.847999572753906,10.399999618530273,10.399999618530273,33713,0.0,0.0
2024-03-26 00:00:00-04:00,10.479999542236328,10.727999687194824,10.399999618530273,10.399999618530273,34900,0.0,0.0
2024-03-27 00:00:00-04:00,10.399999618530273,11.039999961853027,10.399999618530273,10.960000038146973,65163,0.0,0.0
2024-03-28 00:00:00-04:00,10.960000038146973,11.359999656677246,10.640000343322754,10.880000114440918,64900,0.0,0.0
2024-04-01 00:00:00-04:00,10.960000038146973,11.039999961853027,10.640000343322754,10.800000190734863,47013,0.0,0.0
2024-04-02 00:00:00-04:00,10.399999618530273,10.880000114440918,10.399999618530273,10.640000343322754,51225,0.0,0.0
2024-04-03 00:00:00-04:00,11.039999961853027,11.4399995803833,10.720000267028809,11.359999656677246,76013,0.0,0.0
2024-04-04 00:00:00-04:00,11.600000381469727,11.640000343322754,10.640000343322754,10.800000190734863,84088,0.0,0.0
2024-04-05 00:00:00-04:00,10.800000190734863,11.199999809265137,10.800000190734863,11.039999961853027,31025,0.0,0.0
2024-04-08 00:00:00-04:00,11.359999656677246,11.359999656677246,10.479999542236328,10.640000343322754,79938,0.0,0.0
2024-04-09 00:00:00-04:00,10.720000267028809,11.15999984741211,10.5600004196167,10.960000038146973,36825,0.0,0.0
2024-04-10 00:00:00-04:00,10.640000343322754,11.039999961853027,10.520000457763672,10.800000190734863,62488,0.0,0.0
2024-04-11 00:00:00-04:00,10.800000190734863,11.35200023651123,10.640000343322754,11.039999961853027,44388,0.0,0.0
2024-04-12 00:00:00-04:00,10.960000038146973,10.960000038146973,10.319999694824219,10.399999618530273,63800,0.0,0.0
2024-04-15 00:00:00-04:00,10.479999542236328,10.543999671936035,9.880000114440918,10.15999984741211,80950,0.0,0.0
2024-04-16 00:00:00-04:00,10.0,10.15999984741211,9.84000015258789,9.920000076293945,59700,0.0,0.0
2024-04-17 00:00:00-04:00,10.0,10.079999923706055,9.4399995803833,9.520000457763672,68563,0.0,0.0
2024-04-18 00:00:00-04:00,9.600000381469727,10.0,9.359999656677246,9.4399995803833,75900,0.0,0.0
2024-04-19 00:00:00-04:00,9.359999656677246,9.600000381469727,8.960000038146973,9.520000457763672,80500,0.0,0.0
2024-04-22 00:00:00-04:00,9.680000305175781,9.760000228881836,9.359999656677246,9.600000381469727,48575,0.0,0.0
2024-04-23 00:00:00-04:00,9.760000228881836,10.079999923706055,9.680000305175781,9.84000015258789,48775,0.0,0.0
2024-04-24 00:00:00-04:00,9.84000015258789,10.319999694824219,9.760000228881836,10.239999771118164,48475,0.0,0.0
2024-04-25 00:00:00-04:00,10.079999923706055,10.239999771118164,10.0,10.0,34238,0.0,0.0
2024-04-26 00:00:00-04:00,10.15999984741211,10.319999694824219,9.920000076293945,10.079999923706055,42138,0.0,0.0
2024-04-29 00:00:00-04:00,10.239999771118164,10.319999694824219,9.920000076293945,10.079999923706055,26575,0.0,0.0
2024-04-30 00:00:00-04:00,10.0,10.0,9.4399995803833,9.680000305175781,76100,0.0,0.0
2024-05-01 00:00:00-04:00,9.760000228881836,10.239999771118164,9.680000305175781,9.84000015258789,59875,0.0,0.0
2024-05-02 00:00:00-04:00,9.920000076293945,10.359999656677246,9.776000022888184,10.239999771118164,38050,0.0,0.0
2024-05-03 00:00:00-04:00,10.399999618530273,10.5600004196167,10.0,10.079999923706055,31113,0.0,0.0
2024-05-06 00:00:00-04:00,10.079999923706055,10.880000114440918,9.920000076293945,10.399999618530273,64663,0.0,0.0
2024-05-07 00:00:00-04:00,10.479999542236328,10.640000343322754,10.079999923706055,10.15999984741211,51913,0.0,0.0
2024-05-08 00:00:00-04:00,9.84000015258789,10.15999984741211,9.279999732971191,9.359999656677246,157800,0.0,0.0
2024-05-09 00:00:00-04:00,9.4399995803833,9.831999778747559,9.399999618530273,9.680000305175781,62100,0.0,0.0
2024-05-10 00:00:00-04:00,9.600000381469727,9.760000228881836,9.4399995803833,9.680000305175781,53563,0.0,0.0
2024-05-13 00:00:00-04:00,9.680000305175781,9.760000228881836,9.199999809265137,9.279999732971191,76375,0.0,0.0
2024-05-14 00:00:00-04:00,9.520000457763672,9.592000007629395,9.279999732971191,9.359999656677246,47300,0.0,0.0
2024-05-15 00:00:00-04:00,9.600000381469727,9.600000381469727,9.279999732971191,9.4399995803833,63638,0.0,0.0
2024-05-16 00:00:00-04:00,9.520000457763672,9.600000381469727,9.359999656677246,9.520000457763672,57388,0.0,0.0
2024-05-17 00:00:00-04:00,9.520000457763672,9.84000015258789,9.359999656677246,9.760000228881836,112175,0.0,0.0
2024-05-20 00:00:00-04:00,9.760000228881836,9.84000015258789,9.039999961853027,9.119999885559082,100175,0.0,0.0
2024-05-21 00:00:00-04:00,9.520000457763672,9.53600025177002,9.039999961853027,9.279999732971191,82388,0.0,0.0
2024-05-22 00:00:00-04:00,9.4399995803833,9.4399995803833,9.119999885559082,9.119999885559082,45800,0.0,0.0
2024-05-23 00:00:00-04:00,9.199999809265137,9.279999732971191,8.880000114440918,9.039999961853027,68600,0.0,0.0
2024-05-24 00:00:00-04:00,9.039999961853027,9.15999984741211,8.960000038146973,9.039999961853027,51563,0.0,0.0
2024-05-28 00:00:00-04:00,9.199999809265137,9.199999809265137,8.880000114440918,8.960000038146973,58163,0.0,0.0
2024-05-29 00:00:00-04:00,8.880000114440918,8.960000038146973,8.720000267028809,8.720000267028809,63450,0.0,0.0
2024-05-30 00:00:00-04:00,8.800000190734863,8.960000038146973,8.640000343322754,8.640000343322754,48425,0.0,0.0
2024-05-31 00:00:00-04:00,9.119999885559082,9.119999885559082,8.640000343322754,8.720000267028809,64025,0.0,0.0
2024-06-03 00:00:00-04:00,8.880000114440918,8.960000038146973,8.640000343322754,8.640000343322754,44113,0.0,0.0
2024-06-04 00:00:00-04:00,8.720000267028809,8.800000190734863,8.640000343322754,8.800000190734863,74513,0.0,0.0
2024-06-05 00:00:00-04:00,8.960000038146973,8.960000038146973,8.640000343322754,8.800000190734863,62825,0.0,0.0
2024-06-06 00:00:00-04:00,8.800000190734863,8.800000190734863,8.5600004196167,8.640000343322754,67038,0.0,0.0
2024-06-07 00:00:00-04:00,8.640000343322754,8.680000305175781,8.239999771118164,8.319999694824219,91800,0.0,0.0
2024-06-10 00:00:00-04:00,8.399999618530273,8.5600004196167,8.319999694824219,8.5600004196167,113650,0.0,0.0
2024-06-11 00:00:00-04:00,8.399999618530273,8.479999542236328,8.15999984741211,8.319999694824219,64938,0.0,0.0
2024-06-12 00:00:00-04:00,8.399999618530273,8.5600004196167,8.239999771118164,8.239999771118164,65013,0.0,0.0
2024-06-13 00:00:00-04:00,8.399999618530273,8.399999618530273,7.831999778747559,7.97599983215332,132450,0.0,0.0
2024-06-14 00:00:00-04:00,7.960000038146973,8.079999923706055,7.360000133514404,7.4720001220703125,190863,0.0,0.0
2024-06-17 00:00:00-04:00,7.343999862670898,7.440000057220459,6.880000114440918,7.239999771118164,178613,0.0,0.0
2024-06-18 00:00:00-04:00,7.28000020980835,7.544000148773193,7.223999977111816,7.464000225067139,79500,0.0,0.0
2024-06-20 00:00:00-04:00,7.519999980926514,8.319999694824219,7.360000133514404,8.15999984741211,103600,0.0,0.0
2024-06-21 00:00:00-04:00,8.079999923706055,8.239999771118164,7.840000152587891,7.992000102996826,126600,0.0,0.0
2024-06-24 00:00:00-04:00,7.920000076293945,8.720000267028809,7.920000076293945,8.5600004196167,72725,0.0,0.0
2024-06-25 00:00:00-04:00,8.720000267028809,8.720000267028809,8.319999694824219,8.399999618530273,68825,0.0,0.0
2024-06-26 00:00:00-04:00,8.239999771118164,8.399999618530273,8.15999984741211,8.15999984741211,52613,0.0,0.0
2024-06-27 00:00:00-04:00,8.239999771118164,8.399999618530273,8.15999984741211,8.399999618530273,43663,0.0,0.0
2024-06-28 00:00:00-04:00,8.5600004196167,8.880000114440918,8.15999984741211,8.5600004196167,180400,0.0,0.0
2024-07-01 00:00:00-04:00,8.479999542236328,8.5600004196167,8.239999771118164,8.319999694824219,60350,0.0,0.0
2024-07-02 00:00:00-04:00,8.399999618530273,8.399999618530273,8.15999984741211,8.239999771118164,57688,0.0,0.0
2024-07-03 00:00:00-04:00,8.319999694824219,8.319999694824219,8.239999771118164,8.239999771118164,9750,0.0,0.0
2024-07-05 00:00:00-04:00,8.399999618530273,8.479999542236328,8.168000221252441,8.319999694824219,30538,0.0,0.0
2024-07-08 00:00:00-04:00,8.239999771118164,8.479999542236328,8.15999984741211,8.239999771118164,63650,0.0,0.0
2024-07-09 00:00:00-04:00,8.239999771118164,8.319999694824219,8.079999923706055,8.079999923706055,51563,0.0,0.0
2024-07-10 00:00:00-04:00,8.079999923706055,8.079999923706055,7.76800012588501,8.079999923706055,52238,0.0,0.0
2024-07-11 00:00:00-04:00,8.319999694824219,8.479999542236328,8.15999984741211,8.479999542236328,54363,0.0,0.0
2024-07-12 00:00:00-04:00,8.640000343322754,8.800000190734863,8.479999542236328,8.640000343322754,95488,0.0,0.0
2024-07-15 00:00:00-04:00,8.640000343322754,8.960000038146973,8.5600004196167,8.880000114440918,72763,0.0,0.0
2024-07-16 00:00:00-04:00,9.119999885559082,9.4399995803833,9.039999961853027,9.4399995803833,89663,0.0,0.0
2024-07-17 00:00:00-04:00,9.520000457763672,9.600000381469727,8.880000114440918,9.199999809265137,67538,0.0,0.0
2024-07-18 00:00:00-04:00,9.199999809265137,9.4399995803833,8.720000267028809,8.880000114440918,40600,0.0,0.0
2024-07-19 00:00:00-04:00,8.960000038146973,8.960000038146973,8.720000267028809,8.880000114440918,24063,0.0,0.0
2024-07-22 00:00:00-04:00,8.800000190734863,9.15999984741211,8.479999542236328,8.880000114440918,46713,0.0,0.0
2024-07-23 00:00:00-04:00,8.960000038146973,9.199999809265137,8.720000267028809,9.039999961853027,48638,0.0,0.0
2024-07-24 00:00:00-04:00,8.800000190734863,9.119999885559082,8.640000343322754,8.800000190734863,44050,0.0,0.0
2024-07-25 00:00:00-04:00,8.880000114440918,9.119999885559082,8.567999839782715,8.880000114440918,63538,0.0,0.0
2024-07-26 00:00:00-04:00,9.199999809265137,9.359999656677246,8.960000038146973,9.359999656677246,61413,0.0,0.0
2024-07-29 00:00:00-04:00,9.279999732971191,9.359999656677246,8.960000038146973,9.119999885559082,36950,0.0,0.0
2024-07-30 00:00:00-04:00,8.880000114440918,9.039999961853027,8.720000267028809,8.800000190734863,48563,0.0,0.0
2024-07-31 00:00:00-04:00,8.800000190734863,9.199999809265137,8.800000190734863,8.960000038146973,48275,0.0,0.0
2024-08-01 00:00:00-04:00,8.800000190734863,8.800000190734863,8.079999923706055,8.15999984741211,55675,0.0,0.0
2024-08-02 00:00:00-04:00,8.0,8.399999618530273,7.840000152587891,8.079999923706055,70275,0.0,0.0
2024-08-05 00:00:00-04:00,8.079999923706055,8.119999885559082,7.535999774932861,7.671999931335449,106725,0.0,0.0
2024-08-06 00:00:00-04:00,7.920000076293945,8.319999694824219,7.664000034332275,8.319999694824219,60563,0.0,0.0
2024-08-07 00:00:00-04:00,8.319999694824219,8.640000343322754,7.464000225067139,7.464000225067139,142788,0.0,0.0
2024-08-08 00:00:00-04:00,8.239999771118164,8.479999542236328,8.0,8.479999542236328,53863,0.0,0.0
2024-08-09 00:00:00-04:00,8.399999618530273,8.4399995803833,8.0,8.319999694824219,61713,0.0,0.0
2024-08-12 00:00:00-04:00,8.479999542236328,8.479999542236328,8.0,8.0,53075,0.0,0.0
2024-08-13 00:00:00-04:00,8.15999984741211,8.319999694824219,8.119999885559082,8.239999771118164,24150,0.0,0.0
2024-08-14 00:00:00-04:00,8.319999694824219,8.319999694824219,7.76800012588501,7.840000152587891,36100,0.0,0.0
2024-08-15 00:00:00-04:00,7.9039998054504395,8.5600004196167,7.9039998054504395,8.479999542236328,72025,0.0,0.0
2024-08-16 00:00:00-04:00,8.640000343322754,8.720000267028809,8.319999694824219,8.720000267028809,68775,0.0,0.0
2024-08-19 00:00:00-04:00,8.800000190734863,9.119999885559082,8.640000343322754,8.960000038146973,101388,0.0,0.0
2024-08-20 00:00:00-04:00,9.119999885559082,9.84000015258789,8.960000038146973,9.600000381469727,170088,0.0,0.0
2024-08-21 00:00:00-04:00,9.84000015258789,10.0,9.039999961853027,9.760000228881836,100525,0.0,0.0
2024-08-22 00:00:00-04:00,9.680000305175781,9.760000228881836,9.119999885559082,9.520000457763672,70300,0.0,0.0
2024-08-23 00:00:00-04:00,9.600000381469727,10.640000343322754,9.600000381469727,10.479999542236328,165013,0.0,0.0
2024-08-26 00:00:00-04:00,10.479999542236328,10.479999542236328,9.520000457763672,9.84000015258789,109188,0.0,0.0
2024-08-27 00:00:00-04:00,9.760000228881836,10.0,9.4399995803833,9.680000305175781,36438,0.0,0.0
2024-08-28 00:00:00-04:00,9.520000457763672,9.760000228881836,9.295999526977539,9.600000381469727,78688,0.0,0.0
2024-08-29 00:00:00-04:00,9.4399995803833,9.527999877929688,9.119999885559082,9.359999656677246,80050,0.0,0.0
2024-08-30 00:00:00-04:00,9.119999885559082,9.4399995803833,8.4399995803833,8.880000114440918,91938,0.0,0.0
2024-09-03 00:00:00-04:00,8.800000190734863,8.880000114440918,8.479999542236328,8.880000114440918,52250,0.0,0.0
2024-09-04 00:00:00-04:00,8.800000190734863,9.039999961853027,8.640000343322754,8.880000114440918,50475,0.0,0.0
2024-09-05 00:00:00-04:00,7.760000228881836,8.0,6.71999979019165,7.064000129699707,510438,0.0,0.0
2024-09-06 00:00:00-04:00,6.960000038146973,7.0320000648498535,6.159999847412109,6.216000080108643,685388,0.0,0.0
2024-09-09 00:00:00-04:00,6.230000019073486,7.550000190734863,6.199999809265137,7.050000190734863,462600,0.0,0.125
2024-09-10 00:00:00-04:00,6.800000190734863,7.380000114440918,6.300000190734863,7.190000057220459,341300,0.0,0.0
2024-09-11 00:00:00-04:00,7.010000228881836,7.010000228881836,6.564000129699707,6.590000152587891,122400,0.0,0.0
2024-09-12 00:00:00-04:00,6.630000114440918,6.710000038146973,6.059999942779541,6.079999923706055,359400,0.0,0.0
2024-09-13 00:00:00-04:00,6.170000076293945,6.478000164031982,5.840000152587891,6.050000190734863,541900,0.0,0.0
2024-09-16 00:00:00-04:00,6.079999923706055,6.119999885559082,5.739999771118164,5.760000228881836,292800,0.0,0.0
2024-09-17 00:00:00-04:00,5.800000190734863,6.010000228881836,5.619999885559082,5.619999885559082,301200,0.0,0.0
2024-09-18 00:00:00-04:00,5.650000095367432,6.380000114440918,5.639999866485596,5.860000133514404,498900,0.0,0.0
2024-09-19 00:00:00-04:00,6.099999904632568,6.539999961853027,6.019999980926514,6.090000152587891,256300,0.0,0.0
2024-09-20 00:00:00-04:00,6.150000095367432,6.179999828338623,5.599999904632568,5.699999809265137,525300,0.0,0.0
2024-09-23 00:00:00-04:00,5.809999942779541,5.848999977111816,5.289999961853027,5.380000114440918,450800,0.0,0.0
2024-09-24 00:00:00-04:00,5.360000133514404,5.468999862670898,5.039999961853027,5.039999961853027,501500,0.0,0.0
2024-09-25 00:00:00-04:00,3.930000066757202,4.440000057220459,3.859999895095825,4.059999942779541,3245400,0.0,0.0
2024-09-26 00:00:00-04:00,4.210000038146973,5.139999866485596,4.199999809265137,4.639999866485596,1607800,0.0,0.0
2024-09-27 00:00:00-04:00,4.78000020980835,4.909999847412109,4.429999828338623,4.460000038146973,752300,0.0,0.0
2024-09-30 00:00:00-04:00,4.440000057220459,4.960000038146973,4.369999885559082,4.739999771118164,867400,0.0,0.0
2024-10-01 00:00:00-04:00,4.860000133514404,4.885000228881836,4.46999979019165,4.510000228881836,1008000,0.0,0.0
2024-10-02 00:00:00-04:00,4.630000114440918,5.130000114440918,4.599999904632568,4.989999771118164,1052900,0.0,0.0
2024-10-03 00:00:00-04:00,5.349999904632568,5.900000095367432,4.920000076293945,4.989999771118164,3358400,0.0,0.0
2024-10-04 00:00:00-04:00,5.300000190734863,5.949999809265137,5.139999866485596,5.429999828338623,2504300,0.0,0.0
2024-10-07 00:00:00-04:00,5.599999904632568,5.734000205993652,5.320000171661377,5.579999923706055,1340000,0.0,0.0
2024-10-08 00:00:00-04:00,5.599999904632568,6.079999923706055,5.289999961853027,5.760000228881836,1409800,0.0,0.0
2024-10-09 00:00:00-04:00,5.849999904632568,6.400000095367432,5.599999904632568,6.300000190734863,1245800,0.0,0.0
2024-10-10 00:00:00-04:00,6.199999809265137,6.409999847412109,6.019999980926514,6.230000019073486,836000,0.0,0.0
2024-10-11 00:00:00-04:00,6.199999809265137,6.28000020980835,5.849999904632568,6.260000228881836,1036700,0.0,0.0
2024-10-14 00:00:00-04:00,6.28000020980835,6.400000095367432,5.952000141143799,6.260000228881836,744700,0.0,0.0
2024-10-15 00:00:00-04:00,6.260000228881836,6.360000133514404,6.039999961853027,6.099999904632568,474600,0.0,0.0
2024-10-16 00:00:00-04:00,6.159999847412109,6.159999847412109,5.913000106811523,6.130000114440918,437400,0.0,0.0
2024-10-17 00:00:00-04:00,6.070000171661377,6.199999809265137,5.980000019073486,6.070000171661377,296900,0.0,0.0
2024-10-18 00:00:00-04:00,6.110000133514404,6.210000038146973,5.961999893188477,6.110000133514404,438900,0.0,0.0
2024-10-21 00:00:00-04:00,6.070000171661377,6.599999904632568,6.0,6.409999847412109,848800,0.0,0.0
2024-10-22 00:00:00-04:00,6.409999847412109,6.619999885559082,6.119999885559082,6.340000152587891,741300,0.0,0.0
2024-10-23 00:00:00-04:00,6.349999904632568,6.440000057220459,6.010000228881836,6.119999885559082,644500,0.0,0.0
2024-10-24 00:00:00-04:00,6.179999828338623,6.570000171661377,6.058000087738037,6.489999771118164,1287600,0.0,0.0
2024-10-25 00:00:00-04:00,6.619999885559082,6.809000015258789,6.310999870300293,6.369999885559082,703500,0.0,0.0
2024-10-28 00:00:00-04:00,6.480000019073486,6.954999923706055,6.409999847412109,6.889999866485596,953200,0.0,0.0
2024-10-29 00:00:00-04:00,6.889999866485596,7.300000190734863,6.800000190734863,7.139999866485596,1913600,0.0,0.0
2024-10-30 00:00:00-04:00,7.269999980926514,7.300000190734863,6.769999980926514,6.820000171661377,919200,0.0,0.0
2024-10-31 00:00:00-04:00,6.800000190734863,6.860000133514404,6.25,6.320000171661377,864900,0.0,0.0
2024-11-01 00:00:00-04:00,6.420000076293945,7.170000076293945,6.420000076293945,6.889999866485596,1017500,0.0,0.0
2024-11-04 00:00:00-05:00,6.909999847412109,7.230000019073486,6.71999979019165,6.869999885559082,783600,0.0,0.0
2024-11-05 00:00:00-05:00,6.860000133514404,7.28000020980835,6.75,7.199999809265137,702000,0.0,0.0
2024-11-06 00:00:00-05:00,7.449999809265137,7.619999885559082,7.179999828338623,7.570000171661377,1048000,0.0,0.0
2024-11-07 00:00:00-05:00,7.150000095367432,7.699999809265137,6.800000190734863,7.650000095367432,1700900,0.0,0.0
2024-11-08 00:00:00-05:00,7.659999847412109,8.151000022888184,7.5,8.050000190734863,1057300,0.0,0.0
2024-11-11 00:00:00-05:00,8.3100004196167,8.34000015258789,7.300000190734863,7.579999923706055,1405200,0.0,0.0
2024-11-12 00:00:00-05:00,7.489999771118164,7.650000095367432,6.940000057220459,7.090000152587891,972000,0.0,0.0
2024-11-13 00:00:00-05:00,7.260000228881836,7.889999866485596,7.139999866485596,7.400000095367432,1172500,0.0,0.0
2024-11-14 00:00:00-05:00,7.639999866485596,9.300000190734863,7.5879998207092285,8.75,3175500,0.0,0.0
2024-11-15 00:00:00-05:00,8.789999961853027,8.951000213623047,8.15999984741211,8.420000076293945,1152600,0.0,0.0
2024-11-18 00:00:00-05:00,8.649999618530273,9.479999542236328,8.550000190734863,9.050000190734863,883700,0.0,0.0
2024-11-19 00:00:00-05:00,9.100000381469727,9.829999923706055,9.0,9.600000381469727,928900,0.0,0.0
2024-11-20 00:00:00-05:00,9.6899995803833,9.720000267028809,9.199999809265137,9.720000267028809,595800,0.0,0.0
2024-11-21 00:00:00-05:00,9.800000190734863,10.890000343322754,9.449999809265137,10.670000076293945,1517700,0.0,0.0
2024-11-22 00:00:00-05:00,10.729999542236328,11.682000160217285,10.34000015258789,11.029999732971191,1646500,0.0,0.0
2024-11-25 00:00:00-05:00,11.300000190734863,11.864999771118164,11.079999923706055,11.369999885559082,1085300,0.0,0.0
2024-11-26 00:00:00-05:00,11.350000381469727,11.539999961853027,10.619999885559082,10.770000457763672,892700,0.0,0.0
2024-11-27 00:00:00-05:00,10.869999885559082,11.130000114440918,10.350000381469727,10.949999809265137,674300,0.0,0.0
2024-11-29 00:00:00-05:00,11.470000267028809,12.229999542236328,11.289999961853027,11.680000305175781,772500,0.0,0.0
2024-12-02 00:00:00-05:00,12.25,12.505000114440918,11.300000190734863,11.710000038146973,964200,0.0,0.0
2024-12-03 00:00:00-05:00,11.630000114440918,11.65999984741211,10.210000038146973,10.609999656677246,1382600,0.0,0.0
2024-12-04 00:00:00-05:00,10.770000457763672,11.229999542236328,10.529999732971191,11.069999694824219,1018900,0.0,0.0
2024-12-05 00:00:00-05:00,10.949999809265137,11.34000015258789,10.060999870300293,10.270000457763672,990300,0.0,0.0
2024-12-06 00:00:00-05:00,10.510000228881836,11.199999809265137,10.420000076293945,10.760000228881836,684100,0.0,0.0
2024-12-09 00:00:00-05:00,11.0,11.75,10.800000190734863,10.989999771118164,847800,0.0,0.0
2024-12-10 00:00:00-05:00,11.020000457763672,11.380000114440918,10.545000076293945,10.680000305175781,583300,0.0,0.0
2024-12-11 00:00:00-05:00,10.779999732971191,11.300000190734863,10.161999702453613,11.109999656677246,804800,0.0,0.0
2024-12-12 00:00:00-05:00,11.039999961853027,11.170000076293945,10.399999618530273,10.539999961853027,539500,0.0,0.0
2024-12-13 00:00:00-05:00,10.529999732971191,10.75,10.260000228881836,10.510000228881836,446500,0.0,0.0
2024-12-16 00:00:00-05:00,10.510000228881836,12.279000282287598,10.350000381469727,12.140000343322754,1508900,0.0,0.0
2024-12-17 00:00:00-05:00,12.279999732971191,12.489999771118164,11.350000381469727,12.180000305175781,941800,0.0,0.0
2024-12-18 00:00:00-05:00,12.149999618530273,12.439000129699707,10.385000228881836,10.460000038146973,1269100,0.0,0.0
2024-12-19 00:00:00-05:00,10.760000228881836,10.989999771118164,10.229999542236328,10.5,1099200,0.0,0.0
2024-12-20 00:00:00-05:00,10.119999885559082,11.029999732971191,9.800000190734863,10.670000076293945,3131300,0.0,0.0
2024-12-23 00:00:00-05:00,10.670000076293945,10.699999809265137,10.199999809265137,10.369999885559082,630800,0.0,0.0
2024-12-24 00:00:00-05:00,10.489999771118164,11.170000076293945,10.350000381469727,10.979999542236328,466800,0.0,0.0
2024-12-26 00:00:00-05:00,10.899999618530273,11.670000076293945,10.781000137329102,11.640000343322754,658800,0.0,0.0
2024-12-27 00:00:00-05:00,11.449999809265137,11.635000228881836,10.630000114440918,11.260000228881836,697800,0.0,0.0
2024-12-30 00:00:00-05:00,11.050000190734863,11.229999542236328,10.640000343322754,11.039999961853027,699600,0.0,0.0
2024-12-31 00:00:00-05:00,11.25,11.4399995803833,10.710000038146973,10.789999961853027,1058200,0.0,0.0
2025-01-02 00:00:00-05:00,10.8100004196167,11.109999656677246,10.270000457763672,10.6899995803833,763800,0.0,0.0
2025-01-03 00:00:00-05:00,10.819999694824219,12.010000228881836,10.649999618530273,11.869999885559082,1209900,0.0,0.0
2025-01-06 00:00:00-05:00,12.170000076293945,12.640000343322754,11.720000267028809,11.859999656677246,1200100,0.0,0.0
2025-01-07 00:00:00-05:00,11.6899995803833,12.109999656677246,10.979999542236328,11.109999656677246,615500,0.0,0.0
2025-01-08 00:00:00-05:00,10.75,10.979999542236328,10.0,10.130000114440918,994500,0.0,0.0
2025-01-10 00:00:00-05:00,10.199999809265137,10.199999809265137,9.359999656677246,9.770000457763672,963500,0.0,0.0
2025-01-13 00:00:00-05:00,9.600000381469727,9.779999732971191,9.3100004196167,9.550000190734863,690500,0.0,0.0
2025-01-14 00:00:00-05:00,9.75,9.989999771118164,9.329999923706055,9.600000381469727,677300,0.0,0.0
2025-01-15 00:00:00-05:00,9.970000267028809,10.359999656677246,9.84000015258789,9.930000305175781,549500,0.0,0.0
2025-01-16 00:00:00-05:00,10.050000190734863,10.760000228881836,9.8100004196167,10.449999809265137,1021600,0.0,0.0
2025-01-17 00:00:00-05:00,10.65999984741211,11.920000076293945,10.210000038146973,11.729999542236328,1699000,0.0,0.0
2025-01-21 00:00:00-05:00,12.34000015258789,12.598999977111816,11.550000190734863,12.09000015258789,2247300,0.0,0.0
2025-01-22 00:00:00-05:00,12.119999885559082,12.300000190734863,11.5600004196167,11.6899995803833,1393900,0.0,0.0
2025-01-23 00:00:00-05:00,11.619999885559082,12.65999984741211,11.359999656677246,11.9399995803833,1923000,0.0,0.0
2025-01-24 00:00:00-05:00,12.390000343322754,15.25,12.21500015258789,14.960000038146973,4252700,0.0,0.0
2025-01-27 00:00:00-05:00,14.09000015258789,14.395000457763672,13.0600004196167,13.15999984741211,1895900,0.0,0.0
2025-01-28 00:00:00-05:00,15.8100004196167,17.389999389648438,13.760000228881836,14.020000457763672,7991900,0.0,0.0
2025-01-29 00:00:00-05:00,14.09000015258789,14.449999809265137,12.920000076293945,13.420000076293945,1472200,0.0,0.0
2025-01-30 00:00:00-05:00,13.710000038146973,14.479999542236328,13.449999809265137,13.569999694824219,966300,0.0,0.0
2025-01-31 00:00:00-05:00,13.789999961853027,15.800000190734863,13.6899995803833,14.989999771118164,1888100,0.0,0.0
2025-02-03 00:00:00-05:00,14.300000190734863,15.600000381469727,14.199999809265137,15.1899995803833,1282100,0.0,0.0
2025-02-04 00:00:00-05:00,15.9399995803833,18.299999237060547,15.9399995803833,17.700000762939453,2981400,0.0,0.0
2025-02-05 00:00:00-05:00,17.780000686645508,18.329999923706055,17.125999450683594,17.65999984741211,1524200,0.0,0.0
2025-02-06 00:00:00-05:00,17.799999237060547,17.940000534057617,16.559999465942383,16.639999389648438,1176600,0.0,0.0
2025-02-07 00:00:00-05:00,16.790000915527344,17.31999969482422,16.290000915527344,16.5,871700,0.0,0.0
2025-02-10 00:00:00-05:00,16.770000457763672,17.874000549316406,16.739999771118164,17.540000915527344,971000,0.0,0.0
2025-02-11 00:00:00-05:00,17.600000381469727,18.0,17.159000396728516,17.31999969482422,1159200,0.0,0.0
2025-02-12 00:00:00-05:00,16.68000030517578,16.97100067138672,15.75,16.360000610351562,1302100,0.0,0.0
2025-02-13 00:00:00-05:00,17.56999969482422,18.100000381469727,16.520000457763672,17.760000228881836,1512600,0.0,0.0
2025-02-14 00:00:00-05:00,17.770000457763672,18.0,16.579999923706055,16.829999923706055,1041900,0.0,0.0
2025-02-18 00:00:00-05:00,17.5,20.5,17.1200008392334,18.850000381469727,4116200,0.0,0.0
2025-02-19 00:00:00-05:00,20.489999771118164,21.920000076293945,19.610000610351562,19.959999084472656,4322000,0.0,0.0
2025-02-20 00:00:00-05:00,19.770000457763672,19.940000534057617,17.60099983215332,18.309999465942383,2298700,0.0,0.0
2025-02-21 00:00:00-05:00,18.860000610351562,19.299999237060547,16.670000076293945,16.68000030517578,1987500,0.0,0.0
2025-02-24 00:00:00-05:00,16.850000381469727,16.915000915527344,14.65999984741211,15.029999732971191,2246800,0.0,0.0
2025-02-25 00:00:00-05:00,15.100000381469727,15.579999923706055,14.0600004196167,14.6899995803833,1904300,0.0,0.0
2025-02-26 00:00:00-05:00,15.140000343322754,15.935999870300293,14.880000114440918,14.90999984741211,1350200,0.0,0.0
2025-02-27 00:00:00-05:00,15.199999809265137,15.5,14.395000457763672,14.470000267028809,1259900,0.0,0.0
2025-02-28 00:00:00-05:00,14.0,14.75,13.479999542236328,14.470000267028809,1667300,0.0,0.0
2025-03-03 00:00:00-05:00,14.739999771118164,14.970000267028809,12.609999656677246,12.90999984741211,1858500,0.0,0.0
2025-03-04 00:00:00-05:00,12.329999923706055,13.199999809265137,11.91100025177002,12.630000114440918,2148500,0.0,0.0
2025-03-05 00:00:00-05:00,12.859999656677246,13.548999786376953,12.361000061035156,13.199999809265137,2322700,0.0,0.0
2025-03-06 00:00:00-05:00,10.050000190734863,11.369999885559082,9.779999732971191,10.010000228881836,3873500,0.0,0.0
2025-03-07 00:00:00-05:00,9.859999656677246,10.15999984741211,9.5,9.859999656677246,1751900,0.0,0.0
2025-03-10 00:00:00-04:00,9.015000343322754,9.34000015258789,8.819999694824219,9.229999542236328,1990000,0.0,0.0
2025-03-11 00:00:00-04:00,9.279999732971191,9.600000381469727,8.710000038146973,9.09000015258789,1536800,0.0,0.0
2025-03-12 00:00:00-04:00,9.600000381469727,9.970000267028809,8.755999565124512,9.239999771118164,1541100,0.0,0.0
2025-03-13 00:00:00-04:00,9.270000457763672,9.300000190734863,8.5600004196167,8.800000190734863,938100,0.0,0.0
2025-03-14 00:00:00-04:00,9.25,9.260000228881836,8.720000267028809,9.079999923706055,1267300,0.0,0.0
2025-03-17 00:00:00-04:00,9.119999885559082,9.489999771118164,8.960000038146973,9.359999656677246,828600,0.0,0.0
2025-03-18 00:00:00-04:00,9.149999618530273,9.3100004196167,8.520000457763672,8.609999656677246,1161200,0.0,0.0
2025-03-19 00:00:00-04:00,8.680000305175781,9.1899995803833,8.649999618530273,8.970000267028809,740200,0.0,0.0
2025-03-20 00:00:00-04:00,8.6899995803833,9.15999984741211,8.670000076293945,8.760000228881836,570100,0.0,0.0
2025-03-21 00:00:00-04:00,8.489999771118164,8.8100004196167,8.300000190734863,8.710000038146973,866100,0.0,0.0
2025-03-24 00:00:00-04:00,8.90999984741211,9.34000015258789,8.800000190734863,9.279999732971191,1000400,0.0,0.0
2025-03-25 00:00:00-04:00,9.385000228881836,9.670000076293945,9.079999923706055,9.520000457763672,865000,0.0,0.0
2025-03-26 00:00:00-04:00,9.609999656677246,9.789999961853027,9.079999923706055,9.180000305175781,932500,0.0,0.0
2025-03-27 00:00:00-04:00,9.010000228881836,9.095000267028809,8.539999961853027,8.579999923706055,792100,0.0,0.0
2025-03-28 00:00:00-04:00,8.5,8.557999610900879,7.815000057220459,7.909999847412109,1780300,0.0,0.0
2025-03-31 00:00:00-04:00,7.579999923706055,7.820000171661377,7.380000114440918,7.730000019073486,1061700,0.0,0.0
2025-04-01 00:00:00-04:00,7.739999771118164,7.820000171661377,7.289999961853027,7.730000019073486,717100,0.0,0.0
2025-04-02 00:00:00-04:00,7.449999809265137,8.270000457763672,7.420000076293945,8.0600004196167,653300,0.0,0.0
2025-04-03 00:00:00-04:00,7.28000020980835,7.519999980926514,7.190000057220459,7.309999942779541,857000,0.0,0.0
2025-04-04 00:00:00-04:00,6.96999979019165,7.0,6.150000095367432,6.809999942779541,1336200,0.0,0.0
2025-04-07 00:00:00-04:00,6.320000171661377,7.539999961853027,6.150000095367432,7.090000152587891,855800,0.0,0.0
2025-04-08 00:00:00-04:00,7.630000114440918,7.742000102996826,6.730000019073486,6.909999847412109,937300,0.0,0.0
2025-04-09 00:00:00-04:00,6.78000020980835,8.170000076293945,6.590000152587891,7.809999942779541,1434300,0.0,0.0
2025-04-10 00:00:00-04:00,7.789999961853027,7.876999855041504,7.230000019073486,7.539999961853027,795000,0.0,0.0
2025-04-11 00:00:00-04:00,7.599999904632568,7.74399995803833,7.300000190734863,7.630000114440918,488800,0.0,0.0
2025-04-14 00:00:00-04:00,7.960000038146973,7.989999771118164,7.190000057220459,7.269999980926514,803400,0.0,0.0
2025-04-15 00:00:00-04:00,7.170000076293945,7.6539998054504395,7.119999885559082,7.28000020980835,607700,0.0,0.0
2025-04-16 00:00:00-04:00,7.110000133514404,7.210000038146973,6.880000114440918,7.119999885559082,470000,0.0,0.0
2025-04-17 00:00:00-04:00,7.099999904632568,7.239999771118164,6.900000095367432,7.070000171661377,483000,0.0,0.0
2025-04-21 00:00:00-04:00,6.869999885559082,6.96999979019165,6.440000057220459,6.630000114440918,676100,0.0,0.0
2025-04-22 00:00:00-04:00,6.699999809265137,6.989999771118164,6.670000076293945,6.860000133514404,461700,0.0,0.0
2025-04-23 00:00:00-04:00,7.25,7.619999885559082,7.190000057220459,7.199999809265137,447300,0.0,0.0
2025-04-24 00:00:00-04:00,7.28000020980835,8.229999542236328,7.260000228881836,8.180000305175781,825600,0.0,0.0
2025-04-25 00:00:00-04:00,8.15999984741211,8.607999801635742,8.050000190734863,8.470000267028809,833300,0.0,0.0
2025-04-28 00:00:00-04:00,8.470000267028809,8.6899995803833,8.241000175476074,8.550000190734863,853200,0.0,0.0
2025-04-29 00:00:00-04:00,8.579999923706055,8.649999618530273,8.359999656677246,8.630000114440918,435700,0.0,0.0
2025-04-30 00:00:00-04:00,8.270000457763672,8.390000343322754,7.860000133514404,8.359999656677246,623400,0.0,0.0
2025-05-01 00:00:00-04:00,8.529999732971191,8.8100004196167,8.369999885559082,8.579999923706055,516800,0.0,0.0
2025-05-02 00:00:00-04:00,8.829999923706055,9.164999961853027,8.680000305175781,8.84000015258789,691400,0.0,0.0
2025-05-05 00:00:00-04:00,8.75,8.819999694824219,8.569999694824219,8.619999885559082,468400,0.0,0.0
2025-05-06 00:00:00-04:00,8.399999618530273,8.630000114440918,8.289999961853027,8.539999961853027,362700,0.0,0.0
2025-05-07 00:00:00-04:00,8.670000076293945,8.970000267028809,8.619999885559082,8.739999771118164,530800,0.0,0.0
2025-05-08 00:00:00-04:00,9.25,11.739999771118164,9.25,11.449999809265137,2531500,0.0,0.0
2025-05-09 00:00:00-04:00,11.449999809265137,11.90999984741211,11.010000228881836,11.550000190734863,1074200,0.0,0.0
2025-05-12 00:00:00-04:00,12.680000305175781,12.729999542236328,11.369999885559082,11.520000457763672,1191500,0.0,0.0
2025-05-13 00:00:00-04:00,11.949999809265137,12.039999961853027,11.579999923706055,11.84000015258789,934700,0.0,0.0
2025-05-14 00:00:00-04:00,12.149999618530273,12.529999732971191,11.8100004196167,12.319999694824219,1061400,0.0,0.0
2025-05-15 00:00:00-04:00,12.1899995803833,12.3100004196167,11.670000076293945,12.149999618530273,698500,0.0,0.0
2025-05-16 00:00:00-04:00,12.25,12.399999618530273,11.8100004196167,11.829999923706055,787300,0.0,0.0
2025-05-19 00:00:00-04:00,11.470000267028809,11.8149995803833,11.211000442504883,11.770000457763672,876600,0.0,0.0
2025-05-20 00:00:00-04:00,11.779999732971191,11.960000038146973,11.550000190734863,11.779999732971191,577700,0.0,0.0
2025-05-21 00:00:00-04:00,11.699999809265137,11.850000381469727,11.149999618530273,11.380000114440918,653900,0.0,0.0
2025-05-22 00:00:00-04:00,10.8100004196167,11.180000305175781,9.87600040435791,10.75,1948700,0.0,0.0
2025-05-23 00:00:00-04:00,10.470000267028809,10.989999771118164,10.420999526977539,10.829999923706055,791200,0.0,0.0
2025-05-27 00:00:00-04:00,11.289999961853027,11.800000190734863,10.918000221252441,11.729999542236328,1001700,0.0,0.0
2025-05-28 00:00:00-04:00,11.75,12.4399995803833,11.449999809265137,12.069999694824219,1020800,0.0,0.0
2025-05-29 00:00:00-04:00,12.479999542236328,12.520000457763672,11.260000228881836,11.350000381469727,941300,0.0,0.0
2025-05-30 00:00:00-04:00,11.25,11.350000381469727,10.800000190734863,11.1899995803833,1303600,0.0,0.0
2025-06-02 00:00:00-04:00,11.289999961853027,11.329999923706055,10.609999656677246,11.220000267028809,917700,0.0,0.0
2025-06-03 00:00:00-04:00,11.609999656677246,11.694999694824219,11.130000114440918,11.300000190734863,790800,0.0,0.0
2025-06-04 00:00:00-04:00,11.529999732971191,12.149999618530273,11.260000228881836,12.020000457763672,1148200,0.0,0.0
2025-06-05 00:00:00-04:00,12.100000381469727,12.75,11.609999656677246,12.130000114440918,2201900,0.0,0.0
2025-06-06 00:00:00-04:00,12.5,12.979999542236328,12.03499984741211,12.899999618530273,1767500,0.0,0.0
2025-06-09 00:00:00-04:00,13.170000076293945,13.34000015258789,12.5,12.720000267028809,1457200,0.0,0.0
2025-06-10 00:00:00-04:00,12.75,12.798999786376953,11.800000190734863,12.079999923706055,1132700,0.0,0.0
2025-06-11 00:00:00-04:00,12.199999809265137,12.279999732971191,11.699999809265137,11.770000457763672,961900,0.0,0.0
2025-06-12 00:00:00-04:00,11.609999656677246,11.789999961853027,11.369999885559082,11.449999809265137,721600,0.0,0.0
2025-06-13 00:00:00-04:00,10.899999618530273,11.5,10.800000190734863,10.890000343322754,995300,0.0,0.0
2025-06-16 00:00:00-04:00,11.210000038146973,11.65999984741211,11.119999885559082,11.479999542236328,1101200,0.0,0.0
2025-06-17 00:00:00-04:00,11.265000343322754,11.819999694824219,11.265000343322754,11.4399995803833,1096500,0.0,0.0
2025-06-18 00:00:00-04:00,11.529999732971191,12.906999588012695,11.359999656677246,12.710000038146973,1806400,0.0,0.0
2025-06-20 00:00:00-04:00,13.199999809265137,14.725000381469727,12.510000228881836,14.220000267028809,4608400,0.0,0.0
2025-06-23 00:00:00-04:00,14.5,16.590999603271484,13.619999885559082,16.469999313354492,5198100,0.0,0.0
2025-06-24 00:00:00-04:00,17.040000915527344,17.700000762939453,16.440000534057617,17.579999923706055,3760200,0.0,0.0
2025-06-25 00:00:00-04:00,17.690000534057617,18.0,16.860000610351562,17.280000686645508,2224300,0.0,0.0
2025-06-26 00:00:00-04:00,18.0,20.950000762939453,17.950000762939453,20.479999542236328,3888500,0.0,0.0
2025-06-27 00:00:00-04:00,20.399999618530273,20.399999618530273,18.600000381469727,19.489999771118164,3951500,0.0,0.0
2025-06-30 00:00:00-04:00,19.860000610351562,21.1200008392334,19.530000686645508,20.579999923706055,2495700,0.0,0.0
2025-07-01 00:00:00-04:00,20.0,20.80900001525879,19.190000534057617,20.040000915527344,1745300,0.0,0.0
2025-07-02 00:00:00-04:00,20.06999969482422,20.299999237060547,19.226999282836914,20.270000457763672,1322800,0.0,0.0
2025-07-03 00:00:00-04:00,20.219999313354492,21.540000915527344,19.9950008392334,21.479999542236328,1412600,0.0,0.0
2025-07-07 00:00:00-04:00,21.5,21.753999710083008,20.5,21.65999984741211,1633700,0.0,0.0
2025-07-08 00:00:00-04:00,22.399999618530273,24.940000534057617,21.700000762939453,22.520000457763672,2821800,0.0,0.0
2025-07-09 00:00:00-04:00,22.770000457763672,23.350000381469727,21.100000381469727,22.299999237060547,1897300,0.0,0.0
2025-07-10 00:00:00-04:00,22.350000381469727,24.219999313354492,21.84000015258789,23.40999984741211,2027200,0.0,0.0
2025-07-11 00:00:00-04:00,23.260000228881836,23.5,22.079999923706055,22.739999771118164,1190400,0.0,0.0
2025-07-14 00:00:00-04:00,22.690000534057617,25.3799991607666,22.520000457763672,24.260000228881836,1927600,0.0,0.0
2025-07-15 00:00:00-04:00,24.5,26.270000457763672,24.4950008392334,25.889999389648438,1948800,0.0,0.0
2025-07-16 00:00:00-04:00,25.889999389648438,26.408000946044922,24.510000228881836,25.969999313354492,1454600,0.0,0.0
2025-07-17 00:00:00-04:00,26.450000762939453,28.850000381469727,26.190000534057617,28.290000915527344,3425800,0.0,0.0
2025-07-18 00:00:00-04:00,22.260000228881836,24.209999084472656,21.5,23.700000762939453,10238800,0.0,0.0
2025-07-21 00:00:00-04:00,24.600000381469727,24.6299991607666,22.260000228881836,22.329999923706055,4031200,0.0,0.0
2025-07-22 00:00:00-04:00,21.299999237060547,21.5,18.834999084472656,20.139999389648438,5006600,0.0,0.0
2025-07-23 00:00:00-04:00,21.0,21.33300018310547,19.959999084472656,20.440000534057617,1801400,0.0,0.0
2025-07-24 00:00:00-04:00,20.450000762939453,21.209999084472656,20.235000610351562,20.530000686645508,1284200,0.0,0.0
2025-07-25 00:00:00-04:00,20.559999465942383,20.56999969482422,19.450000762939453,19.780000686645508,1754600,0.0,0.0
2025-07-28 00:00:00-04:00,19.90999984741211,20.239999771118164,18.920000076293945,19.149999618530273,1578400,0.0,0.0
2025-07-29 00:00:00-04:00,19.5,19.700000762939453,18.450000762939453,19.049999237060547,1505700,0.0,0.0
2025-07-30 00:00:00-04:00,19.295000076293945,19.40999984741211,18.260000228881836,18.469999313354492,1122900,0.0,0.0
2025-07-31 00:00:00-04:00,18.5,19.264999389648438,18.299999237060547,19.239999771118164,1571900,0.0,0.0
2025-08-01 00:00:00-04:00,18.479999542236328,19.700000762939453,17.93000030517578,18.860000610351562,1625900,0.0,0.0
2025-08-04 00:00:00-04:00,19.1299991607666,20.6200008392334,19.1299991607666,20.56999969482422,1435300,0.0,0.0
2025-08-05 00:00:00-04:00,20.889999389648438,21.010000228881836,18.65999984741211,18.940000534057617,2084600,0.0,0.0
2025-08-06 00:00:00-04:00,18.889999389648438,18.969999313354492,18.010000228881836,18.299999237060547,1545900,0.0,0.0
2025-08-07 00:00:00-04:00,16.940000534057617,18.06999969482422,16.420000076293945,17.209999084472656,2897500,0.0,0.0
2025-08-08 00:00:00-04:00,17.540000915527344,17.739999771118164,16.239999771118164,17.09000015258789,2865700,0.0,0.0
2025-08-11 00:00:00-04:00,16.850000381469727,17.549999237060547,16.700000762939453,17.260000228881836,1522100,0.0,0.0
2025-08-12 00:00:00-04:00,17.510000228881836,18.229999542236328,17.40999984741211,17.440000534057617,1470500,0.0,0.0
2025-08-13 00:00:00-04:00,17.799999237060547,18.760000228881836,17.290000915527344,18.489999771118164,2003600,0.0,0.0
2025-08-14 00:00:00-04:00,17.850000381469727,18.798999786376953,17.41699981689453,18.170000076293945,1177300,0.0,0.0
2025-08-15 00:00:00-04:00,18.18000030517578,18.40999984741211,17.700000762939453,18.170000076293945,1324600,0.0,0.0
2025-08-18 00:00:00-04:00,18.0,18.31999969482422,17.3799991607666,17.420000076293945,1554000,0.0,0.0
2025-08-19 00:00:00-04:00,17.68000030517578,17.780000686645508,16.09000015258789,16.170000076293945,1947000,0.0,0.0
2025-08-20 00:00:00-04:00,15.899999618530273,16.329999923706055,15.359999656677246,16.31999969482422,1546800,0.0,0.0
2025-08-21 00:00:00-04:00,16.079999923706055,16.559999465942383,16.030000686645508,16.329999923706055,968300,0.0,0.0
2025-08-22 00:00:00-04:00,16.190000534057617,17.31999969482422,16.0,17.280000686645508,1211300,0.0,0.0
2025-08-25 00:00:00-04:00,17.219999313354492,17.989999771118164,16.8799991607666,17.530000686645508,1368900,0.0,0.0
2025-08-26 00:00:00-04:00,17.600000381469727,18.513999938964844,17.40999984741211,18.209999084472656,1908600,0.0,0.0
2025-08-27 00:00:00-04:00,18.139999389648438,18.75,17.8799991607666,18.15999984741211,1592800,0.0,0.0
2025-08-28 00:00:00-04:00,18.299999237060547,18.399999618530273,17.799999237060547,18.079999923706055,1293700,0.0,0.0
2025-08-29 00:00:00-04:00,18.190000534057617,18.280000686645508,16.959999084472656,17.559999465942383,1763200,0.0,0.0
2025-09-02 00:00:00-04:00,16.899999618530273,17.260000228881836,16.410999298095703,17.059999465942383,1425300,0.0,0.0
2025-09-03 00:00:00-04:00,17.1299991607666,17.2450008392334,16.420000076293945,16.43000030517578,1179700,0.0,0.0
2025-09-04 00:00:00-04:00,16.440000534057617,16.5,15.550000190734863,15.710000038146973,1943600,0.0,0.0
2025-09-05 00:00:00-04:00,16.15999984741211,16.239999771118164,15.449999809265137,16.219999313354492,1238900,0.0,0.0
2025-09-08 00:00:00-04:00,16.59000015258789,17.020000457763672,16.049999237060547,16.6299991607666,1592200,0.0,0.0
2025-09-09 00:00:00-04:00,16.34000015258789,16.579999923706055,15.920000076293945,16.31999969482422,1057200,0.0,0.0
2025-09-10 00:00:00-04:00,16.549999237060547,16.56999969482422,15.369999885559082,15.470000267028809,1593000,0.0,0.0
2025-09-11 00:00:00-04:00,15.640000343322754,17.84000015258789,15.571999549865723,17.389999389648438,2389500,0.0,0.0
2025-09-12 00:00:00-04:00,17.540000915527344,19.393999099731445,17.540000915527344,19.290000915527344,2785400,0.0,0.0
2025-09-15 00:00:00-04:00,19.559999465942383,19.875,19.049999237060547,19.700000762939453,1906900,0.0,0.0
2025-09-16 00:00:00-04:00,19.579999923706055,19.719999313354492,17.889999389648438,18.579999923706055,1874300,0.0,0.0
2025-09-17 00:00:00-04:00,18.639999389648438,19.489999771118164,18.350000381469727,19.15999984741211,1662800,0.0,0.0
2025-09-18 00:00:00-04:00,19.6200008392334,20.0,19.110000610351562,19.43000030517578,1622700,0.0,0.0
2025-09-19 00:00:00-04:00,19.56999969482422,21.649999618530273,19.56999969482422,20.989999771118164,3628600,0.0,0.0
2025-09-22 00:00:00-04:00,20.559999465942383,21.170000076293945,19.43000030517578,20.899999618530273,1577600,0.0,0.0
2025-09-23 00:00:00-04:00,21.200000762939453,22.700000762939453,20.899999618530273,22.030000686645508,2347000,0.0,0.0
2025-09-24 00:00:00-04:00,22.0,22.0,20.309999465942383,20.969999313354492,2291900,0.0,0.0
2025-09-25 00:00:00-04:00,19.739999771118164,20.450000762939453,18.899999618530273,19.829999923706055,1957600,0.0,0.0
2025-09-26 00:00:00-04:00,19.799999237060547,20.2450008392334,19.299999237060547,19.709999084472656,1108700,0.0,0.0
2025-09-29 00:00:00-04:00,19.950000762939453,20.56999969482422,19.649999618530273,19.969999313354492,1411300,0.0,0.0
2025-09-30 00:00:00-04:00,19.799999237060547,20.190000534057617,19.049999237060547,20.149999618530273,1559600,0.0,0.0
2025-10-01 00:00:00-04:00,19.889999389648438,22.43000030517578,19.68000030517578,22.420000076293945,2218500,0.0,0.0
2025-10-02 00:00:00-04:00,22.920000076293945,24.565000534057617,22.13599967956543,24.350000381469727,2721600,0.0,0.0
2025-10-03 00:00:00-04:00,24.3700008392334,25.530000686645508,23.600000381469727,25.520000457763672,2697100,0.0,0.0
2025-10-06 00:00:00-04:00,26.200000762939453,29.450000762939453,25.799999237060547,28.579999923706055,3607500,0.0,0.0
2025-10-07 00:00:00-04:00,29.100000381469727,30.899999618530273,26.610000610351562,30.149999618530273,5578200,0.0,0.0
2025-10-08 00:00:00-04:00,31.219999313354492,31.790000915527344,29.100000381469727,30.06999969482422,4032500,0.0,0.0
2025-10-09 00:00:00-04:00,30.09000015258789,30.687999725341797,28.600000381469727,29.950000762939453,2088700,0.0,0.0
2025-10-10 00:00:00-04:00,31.239999771118164,31.670000076293945,26.549999237060547,26.75,3466900,0.0,0.0
2025-10-13 00:00:00-04:00,27.809999465942383,29.639999389648438,27.75,28.299999237060547,1944800,0.0,0.0
2025-10-14 00:00:00-04:00,27.200000762939453,30.8700008392334,25.780000686645508,29.829999923706055,1752500,0.0,0.0
2025-10-15 00:00:00-04:00,30.690000534057617,33.198001861572266,29.20400047302246,31.6299991607666,3083300,0.0,0.0
2025-10-16 00:00:00-04:00,31.489999771118164,32.040000915527344,25.700000762939453,26.059999465942383,2878800,0.0,0.0
2025-10-17 00:00:00-04:00,25.110000610351562,25.950000762939453,24.315000534057617,24.420000076293945,1985000,0.0,0.0
2025-10-20 00:00:00-04:00,25.540000915527344,27.540000915527344,25.235000610351562,26.719999313354492,1463900,0.0,0.0
2025-10-21 00:00:00-04:00,26.239999771118164,26.350000381469727,24.299999237060547,25.200000762939453,1228300,0.0,0.0
2025-10-22 00:00:00-04:00,24.440000534057617,24.90999984741211,21.299999237060547,21.719999313354492,2679300,0.0,0.0
2025-10-23 00:00:00-04:00,22.040000915527344,23.6200008392334,21.610000610351562,22.850000381469727,1449600,0.0,0.0
2025-10-24 00:00:00-04:00,23.7549991607666,24.270000457763672,22.950000762939453,23.639999389648438,999100,0.0,0.0
2025-10-27 00:00:00-04:00,24.15999984741211,24.56999969482422,23.299999237060547,23.31999969482422,1009300,0.0,0.0
2025-10-28 00:00:00-04:00,23.3799991607666,23.3799991607666,21.329999923706055,21.530000686645508,1335700,0.0,0.0
2025-10-29 00:00:00-04:00,21.6200008392334,22.360000610351562,20.809999465942383,21.040000915527344,1820000,0.0,0.0
2025-10-30 00:00:00-04:00,20.549999237060547,20.889999389648438,19.43000030517578,19.670000076293945,1523900,0.0,0.0
2025-10-31 00:00:00-04:00,20.579999923706055,21.459999084472656,20.100000381469727,21.1200008392334,2036900,0.0,0.0
2025-11-03 00:00:00-05:00,21.25,21.25,19.649999618530273,20.420000076293945,1389400,0.0,0.0
2025-11-04 00:00:00-05:00,19.520000457763672,20.325000762939453,18.3799991607666,18.729999542236328,1695600,0.0,0.0
2025-11-05 00:00:00-05:00,19.670000076293945,19.950000762939453,18.639999389648438,18.780000686645508,2002900,0.0,0.0
2025-11-06 00:00:00-05:00,15.3100004196167,18.43199920654297,15.199999809265137,16.6299991607666,3615300,0.0,0.0
2025-11-07 00:00:00-05:00,15.9399995803833,16.950000762939453,15.510000228881836,16.920000076293945,2356900,0.0,0.0
2025-11-10 00:00:00-05:00,18.06999969482422,18.139999389648438,16.3700008392334,16.579999923706055,1594800,0.0,0.0
2025-11-11 00:00:00-05:00,16.170000076293945,16.360000610351562,15.739999771118164,16.06999969482422,1429900,0.0,0.0
2025-11-12 00:00:00-05:00,15.930000305175781,16.75,15.3100004196167,15.829999923706055,1546900,0.0,0.0
2025-11-13 00:00:00-05:00,15.520000457763672,15.619999885559082,13.5600004196167,13.619999885559082,3069700,0.0,0.0
2025-11-14 00:00:00-05:00,13.029999732971191,13.760000228881836,12.40999984741211,13.1899995803833,2265900,0.0,0.0
2025-11-17 00:00:00-05:00,13.1899995803833,13.25,12.789999961853027,13.140000343322754,2252400,0.0,0.0
2025-11-18 00:00:00-05:00,12.819999694824219,13.9350004196167,12.619999885559082,13.569999694824219,1870600,0.0,0.0
2025-11-19 00:00:00-05:00,13.979999542236328,14.819999694824219,13.699999809265137,14.489999771118164,2413900,0.0,0.0
2025-11-20 00:00:00-05:00,15.460000038146973,16.93000030517578,14.904999732971191,14.989999771118164,4151100,0.0,0.0
2025-11-21 00:00:00-05:00,14.779999732971191,15.770000457763672,13.25,15.329999923706055,3018000,0.0,0.0
2025-11-24 00:00:00-05:00,15.569999694824219,16.219999313354492,15.069999694824219,16.049999237060547,1330200,0.0,0.0
2025-11-25 00:00:00-05:00,16.0,17.344999313354492,15.430000305175781,17.1299991607666,1513200,0.0,0.0
2025-11-26 00:00:00-05:00,17.579999923706055,18.389999389648438,17.40999984741211,17.75,1301600,0.0,0.0
2025-11-28 00:00:00-05:00,17.889999389648438,18.0,17.417999267578125,17.719999313354492,679600,0.0,0.0
2025-12-01 00:00:00-05:00,16.770000457763672,17.059999465942383,16.101999282836914,16.56999969482422,960700,0.0,0.0
2025-12-02 00:00:00-05:00,16.790000915527344,17.239999771118164,16.43000030517578,16.969999313354492,1170600,0.0,0.0
2025-12-03 00:00:00-05:00,16.989999771118164,17.68899917602539,16.399999618530273,17.68000030517578,937000,0.0,0.0
2025-12-04 00:00:00-05:00,17.440000534057617,19.799999237060547,17.389999389648438,19.25,1479200,0.0,0.0
2025-12-05 00:00:00-05:00,18.889999389648438,19.360000610351562,18.040000915527344,18.290000915527344,855500,0.0,0.0
2025-12-08 00:00:00-05:00,18.690000534057617,18.86400032043457,18.040000915527344,18.280000686645508,600500,0.0,0.0
2025-12-09 00:00:00-05:00,17.93000030517578,18.829999923706055,17.731000900268555,18.700000762939453,831200,0.0,0.0
2025-12-10 00:00:00-05:00,18.540000915527344,20.0,18.0,19.31999969482422,1337700,0.0,0.0
2025-12-11 00:00:00-05:00,19.799999237060547,20.0,18.719999313354492,19.549999237060547,2337600,0.0,0.0
2025-12-12 00:00:00-05:00,19.665000915527344,19.665000915527344,18.0,18.239999771118164,1119300,0.0,0.0
2025-12-15 00:00:00-05:00,18.049999237060547,18.360000610351562,16.959999084472656,17.520000457763672,1347400,0.0,0.0
2025-12-16 00:00:00-05:00,17.34000015258789,18.065000534057617,17.18000030517578,17.969999313354492,952400,0.0,0.0
2025-12-17 00:00:00-05:00,18.0,18.329999923706055,16.34000015258789,16.450000762939453,1186100,0.0,0.0
2025-12-18 00:00:00-05:00,17.049999237060547,17.81999969482422,16.559999465942383,17.469999313354492,1011200,0.0,0.0
2025-12-19 00:00:00-05:00,17.540000915527344,19.75,17.479999542236328,19.25,1850500,0.0,0.0
2025-12-22 00:00:00-05:00,20.0,23.739999771118164,19.989999771118164,21.8700008392334,3007900,0.0,0.0
2025-12-23 00:00:00-05:00,21.15999984741211,22.8700008392334,20.75,21.68000030517578,1630200,0.0,0.0
2025-12-24 00:00:00-05:00,22.329999923706055,22.700000762939453,20.299999237060547,21.219999313354492,766100,0.0,0.0
2025-12-26 00:00:00-05:00,21.079999923706055,21.100000381469727,19.170000076293945,19.309999465942383,1372900,0.0,0.0
2025-12-29 00:00:00-05:00,18.700000762939453,19.83799934387207,18.399999618530273,19.170000076293945,1260700,0.0,0.0
2025-12-30 00:00:00-05:00,19.329999923706055,19.799999237060547,18.864999771118164,19.309999465942383,846800,0.0,0.0
2025-12-31 00:00:00-05:00,19.25,19.579999923706055,18.719999313354492,18.75,629400,0.0,0.0
2026-01-02 00:00:00-05:00,19.200000762939453,20.850000381469727,18.229999542236328,20.81999969482422,1119900,0.0,0.0
2026-01-05 00:00:00-05:00,21.729999542236328,23.31999969482422,20.690000534057617,22.719999313354492,1826400,0.0,0.0
2026-01-06 00:00:00-05:00,22.860000610351562,24.950000762939453,22.549999237060547,24.780000686645508,2724300,0.0,0.0
2026-01-07 00:00:00-05:00,24.510000228881836,25.43000030517578,23.56999969482422,24.260000228881836,1638700,0.0,0.0
2026-01-08 00:00:00-05:00,24.75,26.190000534057617,24.1299991607666,24.950000762939453,1510000,0.0,0.0
2026-01-09 00:00:00-05:00,25.270000457763672,26.389999389648438,24.25,25.520000457763672,1116000,0.0,0.0
2026-01-12 00:00:00-05:00,25.450000762939453,26.770000457763672,24.239999771118164,26.610000610351562,1524000,0.0,0.0
2026-01-13 00:00:00-05:00,28.1299991607666,28.190000534057617,25.59000015258789,25.610000610351562,1324800,0.0,0.0
2026-01-14 00:00:00-05:00,25.3799991607666,27.8799991607666,24.899999618530273,27.649999618530273,1554800,0.0,0.0
2026-01-15 00:00:00-05:00,27.649999618530273,29.790000915527344,26.030000686645508,28.299999237060547,2188600,0.0,0.0
2026-01-16 00:00:00-05:00,28.219999313354492,29.229999542236328,27.3700008392334,27.530000686645508,1576100,0.0,0.0
2026-01-20 00:00:00-05:00,25.649999618530273,29.469999313354492,25.459999084472656,27.3700008392334,1710600,0.0,0.0
2026-01-21 00:00:00-05:00,27.760000228881836,28.5,23.899999618530273,25.299999237060547,2147300,0.0,0.0
2026-01-22 00:00:00-05:00,25.68000030517578,27.780000686645508,25.1200008392334,26.8700008392334,1495700,0.0,0.0
2026-01-23 00:00:00-05:00,26.989999771118164,28.399999618530273,26.049999237060547,27.079999923706055,1281400,0.0,0.0
2026-01-26 00:00:00-05:00,26.5,26.614999771118164,24.030000686645508,24.309999465942383,1654700,0.0,0.0
2026-01-27 00:00:00-05:00,24.65999984741211,27.0,24.31999969482422,26.860000610351562,1365500,0.0,0.0
2026-01-28 00:00:00-05:00,27.5,28.299999237060547,26.56999969482422,27.729999542236328,1389900,0.0,0.0
2026-01-29 00:00:00-05:00,27.239999771118164,27.549999237060547,24.399999618530273,24.719999313354492,1455000,0.0,0.0
2026-01-30 00:00:00-05:00,24.290000915527344,25.280000686645508,21.799999237060547,22.06999969482422,2010800,0.0,0.0
2026-02-02 00:00:00-05:00,21.920000076293945,22.274999618530273,20.889999389648438,21.40999984741211,1344200,0.0,0.0
2026-02-03 00:00:00-05:00,22.270000457763672,23.780000686645508,22.020000457763672,23.700000762939453,1687700,0.0,0.0
2026-02-04 00:00:00-05:00,23.649999618530273,23.81999969482422,19.31999969482422,21.139999389648438,3262300,0.0,0.0
2026-02-05 00:00:00-05:00,20.510000228881836,22.690000534057617,20.510000228881836,20.989999771118164,1782300,0.0,0.0
2026-02-06 00:00:00-05:00,21.889999389648438,23.8799991607666,21.520000457763672,22.850000381469727,1657500,0.0,0.0
2026-02-09 00:00:00-05:00,22.43000030517578,24.950000762939453,22.288999557495117,24.709999084472656,1196700,0.0,0.0
2026-02-10 00:00:00-05:00,24.5,24.65999984741211,22.1200008392334,22.760000228881836,1038900,0.0,0.0
2026-02-11 00:00:00-05:00,23.06999969482422,23.06999969482422,19.950000762939453,21.1200008392334,1186700,0.0,0.0
2026-02-12 00:00:00-05:00,21.149999618530273,21.309999465942383,19.049999237060547,20.579999923706055,1581100,0.0,0.0
2026-02-13 00:00:00-05:00,20.68000030517578,22.06999969482422,20.280000686645508,21.479999542236328,916900,0.0,0.0
2026-02-17 00:00:00-05:00,21.100000381469727,22.003999710083008,20.5,21.299999237060547,856800,0.0,0.0
2026-02-18 00:00:00-05:00,20.969999313354492,23.149999618530273,20.726999282836914,22.030000686645508,913800,0.0,0.0
2026-02-19 00:00:00-05:00,21.469999313354492,22.34000015258789,20.8799991607666,21.420000076293945,952100,0.0,0.0
2026-02-20 00:00:00-05:00,20.979999542236328,21.8799991607666,19.579999923706055,19.8799991607666,1017900,0.0,0.0
2026-02-23 00:00:00-05:00,19.299999237060547,19.84000015258789,18.799999237060547,19.34000015258789,1213100,0.0,0.0
2026-02-24 00:00:00-05:00,19.040000915527344,19.8700008392334,18.75,19.709999084472656,814600,0.0,0.0
2026-02-25 00:00:00-05:00,20.110000610351562,21.549999237060547,20.049999237060547,20.190000534057617,1448800,0.0,0.0
2026-02-26 00:00:00-05:00,21.030000686645508,21.149999618530273,19.28499984741211,19.989999771118164,1612400,0.0,0.0
2026-02-27 00:00:00-05:00,19.40999984741211,19.459999084472656,17.520000457763672,18.850000381469727,1692900,0.0,0.0
2026-03-02 00:00:00-05:00,18.670000076293945,22.739999771118164,18.5,21.610000610351562,2140700,0.0,0.0
2026-03-03 00:00:00-05:00,21.0,23.09000015258789,20.6200008392334,22.719999313354492,1659800,0.0,0.0
2026-03-04 00:00:00-05:00,23.0,24.469999313354492,22.219999313354492,24.299999237060547,1608800,0.0,0.0
2026-03-05 00:00:00-05:00,24.020000457763672,24.514999389648438,23.110000610351562,24.360000610351562,1357100,0.0,0.0
2026-03-06 00:00:00-05:00,23.739999771118164,26.059999465942383,23.3700008392334,23.729999542236328,1838900,0.0,0.0
2026-03-09 00:00:00-04:00,23.299999237060547,25.0,22.1200008392334,24.940000534057617,1065700,0.0,0.0
2026-03-10 00:00:00-04:00,24.700000762939453,24.93000030517578,23.56999969482422,24.0,913500,0.0,0.0
2026-03-11 00:00:00-04:00,23.90999984741211,25.0,23.040000915527344,23.6299991607666,980000,0.0,0.0
2026-03-12 00:00:00-04:00,23.889999389648438,25.100000381469727,23.110000610351562,23.93000030517578,1323600,0.0,0.0
2026-03-13 00:00:00-04:00,24.049999237060547,24.850000381469727,22.75,23.6299991607666,822500,0.0,0.0
2026-03-16 00:00:00-04:00,24.170000076293945,24.700000762939453,22.700000762939453,24.0,643400,0.0,0.0
2026-03-17 00:00:00-04:00,24.1200008392334,26.65999984741211,23.799999237060547,26.399999618530273,1653300,0.0,0.0
2026-03-18 00:00:00-04:00,25.75,27.437999725341797,25.290000915527344,25.3799991607666,1757400,0.0,0.0
2026-03-19 00:00:00-04:00,24.790000915527344,25.93000030517578,23.43000030517578,25.6299991607666,1058500,0.0,0.0
2026-03-20 00:00:00-04:00,25.989999771118164,28.8799991607666,25.579999923706055,26.09000015258789,2300700,0.0,0.0
2026-03-23 00:00:00-04:00,26.100000381469727,28.479999542236328,25.020000457763672,27.739999771118164,1847300,0.0,0.0
2026-03-24 00:00:00-04:00,27.100000381469727,28.649999618530273,25.209999084472656,25.43000030517578,1764600,0.0,0.0
2026-03-25 00:00:00-04:00,25.729999542236328,29.459999084472656,25.229999542236328,27.030000686645508,1901800,0.0,0.0
2026-03-26 00:00:00-04:00,26.360000610351562,28.57200050354004,26.149999618530273,28.139999389648438,1862000,0.0,0.0
2026-03-27 00:00:00-04:00,27.440000534057617,27.940000534057617,22.829999923706055,23.290000915527344,2118900,0.0,0.0
2026-03-30 00:00:00-04:00,23.510000228881836,23.510000228881836,21.09000015258789,21.90999984741211,1550100,0.0,0.0
2026-03-31 00:00:00-04:00,23.290000915527344,25.3700008392334,22.950000762939453,25.15999984741211,1909500,0.0,0.0
2026-04-01 00:00:00-04:00,25.65999984741211,29.149999618530273,25.65999984741211,27.6200008392334,2169200,0.0,0.0
2026-04-02 00:00:00-04:00,26.25,32.02000045776367,26.100000381469727,30.809999465942383,4101800,0.0,0.0
2026-04-06 00:00:00-04:00,30.90999984741211,31.799999237060547,29.299999237060547,30.93000030517578,2531000,0.0,0.0
2026-04-07 00:00:00-04:00,30.469999313354492,34.13999938964844,28.68199920654297,34.04999923706055,3287000,0.0,0.0
2026-04-08 00:00:00-04:00,35.150001525878906,36.34000015258789,32.90999984741211,33.40999984741211,4263000,0.0,0.0
2026-04-09 00:00:00-04:00,33.11000061035156,35.709999084472656,32.25,32.650001525878906,2436000,0.0,0.0
2026-04-10 00:00:00-04:00,33.400001525878906,35.849998474121094,33.400001525878906,34.13999938964844,1518900,0.0,0.0
2026-04-13 00:00:00-04:00,33.45000076293945,35.93000030517578,32.599998474121094,34.790000915527344,1596200,0.0,0.0
2026-04-14 00:00:00-04:00,36.349998474121094,36.89799880981445,31.309999465942383,32.040000915527344,2254600,0.0,0.0
2026-04-15 00:00:00-04:00,32.25,33.43000030517578,30.799999237060547,33.08000183105469,1439700,0.0,0.0
2026-04-16 00:00:00-04:00,33.7599983215332,39.25,33.625,39.0,2972700,0.0,0.0
2026-04-17 00:00:00-04:00,39.0,40.619998931884766,36.65999984741211,37.56999969482422,2679500,0.0,0.0
2026-04-20 00:00:00-04:00,37.15999984741211,38.76900100708008,36.650001525878906,37.41999816894531,1479100,0.0,0.0
2026-04-21 00:00:00-04:00,38.150001525878906,41.400001525878906,38.040000915527344,38.939998626708984,2016500,0.0,0.0
2026-04-22 00:00:00-04:00,40.75,42.75,38.94599914550781,40.65999984741211,1631100,0.0,0.0
2026-04-23 00:00:00-04:00,39.880001068115234,40.06700134277344,35.720001220703125,38.439998626708984,1874900,0.0,0.0
2026-04-24 00:00:00-04:00,38.900001525878906,39.005001068115234,33.570098876953125,33.83000183105469,1742713,0.0,0.0
