Date,Open,High,Low,Close,Volume,Dividends,Stock Splits
2022-04-29 00:00:00-04:00,9.890000343322754,9.890000343322754,9.890000343322754,9.890000343322754,200,0.0,0.0
2022-05-02 00:00:00-04:00,9.869999885559082,9.869999885559082,9.869999885559082,9.869999885559082,45000,0.0,0.0
2022-05-03 00:00:00-04:00,9.869999885559082,9.869999885559082,9.869999885559082,9.869999885559082,273200,0.0,0.0
2022-05-04 00:00:00-04:00,9.869999885559082,9.890000343322754,9.869999885559082,9.869999885559082,250000,0.0,0.0
2022-05-05 00:00:00-04:00,9.850000381469727,9.850000381469727,9.850000381469727,9.850000381469727,100,0.0,0.0
2022-05-06 00:00:00-04:00,9.850000381469727,9.850000381469727,9.850000381469727,9.850000381469727,0,0.0,0.0
2022-05-09 00:00:00-04:00,9.869999885559082,9.869999885559082,9.850000381469727,9.850000381469727,2500,0.0,0.0
2022-05-10 00:00:00-04:00,9.850000381469727,9.850000381469727,9.850000381469727,9.850000381469727,0,0.0,0.0
2022-05-11 00:00:00-04:00,9.829999923706055,9.829999923706055,9.829999923706055,9.829999923706055,100000,0.0,0.0
2022-05-12 00:00:00-04:00,9.829999923706055,9.829999923706055,9.800000190734863,9.800000190734863,171400,0.0,0.0
2022-05-13 00:00:00-04:00,9.800000190734863,9.800000190734863,9.800000190734863,9.800000190734863,0,0.0,0.0
2022-05-16 00:00:00-04:00,9.8100004196167,9.819999694824219,9.800000190734863,9.800000190734863,159200,0.0,0.0
2022-05-17 00:00:00-04:00,9.800000190734863,9.800000190734863,9.779999732971191,9.779999732971191,93500,0.0,0.0
2022-05-18 00:00:00-04:00,9.779999732971191,9.779999732971191,9.779999732971191,9.779999732971191,0,0.0,0.0
2022-05-19 00:00:00-04:00,9.779999732971191,9.779999732971191,9.779999732971191,9.779999732971191,0,0.0,0.0
2022-05-20 00:00:00-04:00,9.779999732971191,9.779999732971191,9.779999732971191,9.779999732971191,0,0.0,0.0
2022-05-23 00:00:00-04:00,9.800000190734863,9.8149995803833,9.789999961853027,9.800000190734863,42700,0.0,0.0
2022-05-24 00:00:00-04:00,9.800000190734863,9.84000015258789,9.800000190734863,9.84000015258789,10800,0.0,0.0
2022-05-25 00:00:00-04:00,9.829999923706055,9.84000015258789,9.829999923706055,9.84000015258789,22500,0.0,0.0
2022-05-26 00:00:00-04:00,9.829999923706055,9.850000381469727,9.829999923706055,9.829999923706055,56400,0.0,0.0
2022-05-27 00:00:00-04:00,9.829999923706055,9.829999923706055,9.829999923706055,9.829999923706055,0,0.0,0.0
2022-05-31 00:00:00-04:00,9.829999923706055,9.869999885559082,9.829999923706055,9.84000015258789,435400,0.0,0.0
2022-06-01 00:00:00-04:00,9.869999885559082,9.869999885559082,9.84000015258789,9.84000015258789,95600,0.0,0.0
2022-06-02 00:00:00-04:00,9.850000381469727,9.850000381469727,9.850000381469727,9.850000381469727,300,0.0,0.0
2022-06-03 00:00:00-04:00,9.850000381469727,9.850000381469727,9.850000381469727,9.850000381469727,0,0.0,0.0
2022-06-06 00:00:00-04:00,9.850000381469727,9.850000381469727,9.850000381469727,9.850000381469727,156300,0.0,0.0
2022-06-07 00:00:00-04:00,9.850000381469727,9.850000381469727,9.850000381469727,9.850000381469727,0,0.0,0.0
2022-06-08 00:00:00-04:00,9.850000381469727,9.850000381469727,9.850000381469727,9.850000381469727,0,0.0,0.0
2022-06-09 00:00:00-04:00,9.850000381469727,9.850000381469727,9.850000381469727,9.850000381469727,0,0.0,0.0
2022-06-10 00:00:00-04:00,9.850000381469727,9.850000381469727,9.850000381469727,9.850000381469727,0,0.0,0.0
2022-06-13 00:00:00-04:00,9.850000381469727,9.850000381469727,9.850000381469727,9.850000381469727,0,0.0,0.0
2022-06-14 00:00:00-04:00,9.880000114440918,9.880000114440918,9.850000381469727,9.850000381469727,19500,0.0,0.0
2022-06-15 00:00:00-04:00,9.850000381469727,9.850000381469727,9.850000381469727,9.850000381469727,16000,0.0,0.0
2022-06-16 00:00:00-04:00,9.850000381469727,9.850000381469727,9.850000381469727,9.850000381469727,0,0.0,0.0
2022-06-17 00:00:00-04:00,9.880000114440918,9.880000114440918,9.880000114440918,9.880000114440918,23300,0.0,0.0
2022-06-21 00:00:00-04:00,9.880000114440918,9.880000114440918,9.880000114440918,9.880000114440918,0,0.0,0.0
2022-06-22 00:00:00-04:00,9.880000114440918,9.880000114440918,9.880000114440918,9.880000114440918,0,0.0,0.0
2022-06-23 00:00:00-04:00,9.880000114440918,9.880000114440918,9.880000114440918,9.880000114440918,0,0.0,0.0
2022-06-24 00:00:00-04:00,9.880000114440918,9.880000114440918,9.880000114440918,9.880000114440918,0,0.0,0.0
2022-06-27 00:00:00-04:00,9.880000114440918,9.880000114440918,9.880000114440918,9.880000114440918,0,0.0,0.0
2022-06-28 00:00:00-04:00,9.880000114440918,9.880000114440918,9.880000114440918,9.880000114440918,0,0.0,0.0
2022-06-29 00:00:00-04:00,9.880000114440918,9.880000114440918,9.880000114440918,9.880000114440918,0,0.0,0.0
2022-06-30 00:00:00-04:00,9.869999885559082,9.880000114440918,9.869999885559082,9.880000114440918,10300,0.0,0.0
2022-07-01 00:00:00-04:00,9.880000114440918,9.880000114440918,9.880000114440918,9.880000114440918,0,0.0,0.0
2022-07-05 00:00:00-04:00,9.854999542236328,9.854999542236328,9.854999542236328,9.854999542236328,65800,0.0,0.0
2022-07-06 00:00:00-04:00,9.854999542236328,9.854999542236328,9.854999542236328,9.854999542236328,0,0.0,0.0
2022-07-07 00:00:00-04:00,9.854999542236328,9.854999542236328,9.854999542236328,9.854999542236328,0,0.0,0.0
2022-07-08 00:00:00-04:00,9.854999542236328,9.854999542236328,9.854999542236328,9.854999542236328,0,0.0,0.0
2022-07-11 00:00:00-04:00,9.854999542236328,9.854999542236328,9.854999542236328,9.854999542236328,0,0.0,0.0
2022-07-12 00:00:00-04:00,9.854999542236328,9.854999542236328,9.854999542236328,9.854999542236328,0,0.0,0.0
2022-07-13 00:00:00-04:00,9.854999542236328,9.854999542236328,9.854999542236328,9.854999542236328,0,0.0,0.0
2022-07-14 00:00:00-04:00,9.854999542236328,9.854999542236328,9.854999542236328,9.854999542236328,0,0.0,0.0
2022-07-15 00:00:00-04:00,9.854999542236328,9.854999542236328,9.854999542236328,9.854999542236328,0,0.0,0.0
2022-07-18 00:00:00-04:00,9.880000114440918,9.880000114440918,9.880000114440918,9.880000114440918,200,0.0,0.0
2022-07-19 00:00:00-04:00,9.880000114440918,9.880000114440918,9.880000114440918,9.880000114440918,3800,0.0,0.0
2022-07-20 00:00:00-04:00,9.880000114440918,9.880000114440918,9.880000114440918,9.880000114440918,0,0.0,0.0
2022-07-21 00:00:00-04:00,9.880000114440918,9.880000114440918,9.880000114440918,9.880000114440918,500,0.0,0.0
2022-07-22 00:00:00-04:00,9.869999885559082,9.869999885559082,9.869999885559082,9.869999885559082,450100,0.0,0.0
2022-07-25 00:00:00-04:00,9.869999885559082,9.869999885559082,9.869999885559082,9.869999885559082,0,0.0,0.0
2022-07-26 00:00:00-04:00,9.869999885559082,9.869999885559082,9.869999885559082,9.869999885559082,0,0.0,0.0
2022-07-27 00:00:00-04:00,9.899999618530273,9.899999618530273,9.899999618530273,9.899999618530273,400,0.0,0.0
2022-07-28 00:00:00-04:00,9.899999618530273,9.899999618530273,9.899999618530273,9.899999618530273,0,0.0,0.0
2022-07-29 00:00:00-04:00,9.890000343322754,9.890999794006348,9.880000114440918,9.880000114440918,2100,0.0,0.0
2022-08-01 00:00:00-04:00,9.880000114440918,9.880000114440918,9.880000114440918,9.880000114440918,0,0.0,0.0
2022-08-02 00:00:00-04:00,9.899999618530273,9.899999618530273,9.899999618530273,9.899999618530273,225400,0.0,0.0
2022-08-03 00:00:00-04:00,9.899999618530273,9.899999618530273,9.899999618530273,9.899999618530273,0,0.0,0.0
2022-08-04 00:00:00-04:00,9.899999618530273,9.899999618530273,9.899999618530273,9.899999618530273,0,0.0,0.0
2022-08-05 00:00:00-04:00,9.899999618530273,9.899999618530273,9.899999618530273,9.899999618530273,0,0.0,0.0
2022-08-08 00:00:00-04:00,10.029999732971191,10.029999732971191,10.029999732971191,10.029999732971191,600,0.0,0.0
2022-08-09 00:00:00-04:00,10.029999732971191,10.029999732971191,10.029999732971191,10.029999732971191,0,0.0,0.0
2022-08-10 00:00:00-04:00,10.029999732971191,10.029999732971191,10.029999732971191,10.029999732971191,100,0.0,0.0
2022-08-11 00:00:00-04:00,10.029999732971191,10.029999732971191,10.029999732971191,10.029999732971191,0,0.0,0.0
2022-08-12 00:00:00-04:00,10.029999732971191,10.029999732971191,10.029999732971191,10.029999732971191,0,0.0,0.0
2022-08-15 00:00:00-04:00,10.029999732971191,10.029999732971191,10.029999732971191,10.029999732971191,0,0.0,0.0
2022-08-16 00:00:00-04:00,10.029999732971191,10.029999732971191,10.029999732971191,10.029999732971191,0,0.0,0.0
2022-08-17 00:00:00-04:00,9.899999618530273,9.899999618530273,9.899999618530273,9.899999618530273,400,0.0,0.0
2022-08-18 00:00:00-04:00,9.899999618530273,9.899999618530273,9.899999618530273,9.899999618530273,0,0.0,0.0
2022-08-19 00:00:00-04:00,9.90999984741211,9.90999984741211,9.90999984741211,9.90999984741211,25000,0.0,0.0
2022-08-22 00:00:00-04:00,9.90999984741211,9.90999984741211,9.90999984741211,9.90999984741211,0,0.0,0.0
2022-08-23 00:00:00-04:00,9.90999984741211,9.90999984741211,9.90999984741211,9.90999984741211,0,0.0,0.0
2022-08-24 00:00:00-04:00,9.90999984741211,9.90999984741211,9.90999984741211,9.90999984741211,100,0.0,0.0
2022-08-25 00:00:00-04:00,9.899999618530273,9.90999984741211,9.869999885559082,9.890000343322754,256300,0.0,0.0
2022-08-26 00:00:00-04:00,9.880000114440918,9.90999984741211,9.869999885559082,9.880000114440918,251800,0.0,0.0
2022-08-29 00:00:00-04:00,9.869999885559082,9.869999885559082,9.869999885559082,9.869999885559082,600,0.0,0.0
2022-08-30 00:00:00-04:00,9.869999885559082,9.869999885559082,9.869999885559082,9.869999885559082,0,0.0,0.0
2022-08-31 00:00:00-04:00,9.869999885559082,9.869999885559082,9.869999885559082,9.869999885559082,0,0.0,0.0
2022-09-01 00:00:00-04:00,9.869999885559082,9.869999885559082,9.869999885559082,9.869999885559082,0,0.0,0.0
2022-09-02 00:00:00-04:00,9.869999885559082,9.869999885559082,9.869999885559082,9.869999885559082,500,0.0,0.0
2022-09-06 00:00:00-04:00,9.869999885559082,9.869999885559082,9.869999885559082,9.869999885559082,0,0.0,0.0
2022-09-07 00:00:00-04:00,9.869999885559082,9.869999885559082,9.869999885559082,9.869999885559082,0,0.0,0.0
2022-09-08 00:00:00-04:00,9.869999885559082,9.869999885559082,9.869999885559082,9.869999885559082,0,0.0,0.0
2022-09-09 00:00:00-04:00,9.899999618530273,9.899999618530273,9.899999618530273,9.899999618530273,1000,0.0,0.0
2022-09-12 00:00:00-04:00,9.899999618530273,9.899999618530273,9.899999618530273,9.899999618530273,0,0.0,0.0
2022-09-13 00:00:00-04:00,9.920000076293945,9.920000076293945,9.920000076293945,9.920000076293945,300,0.0,0.0
2022-09-14 00:00:00-04:00,9.9399995803833,9.9399995803833,9.9399995803833,9.9399995803833,200,0.0,0.0
2022-09-15 00:00:00-04:00,9.9399995803833,9.9399995803833,9.9399995803833,9.9399995803833,0,0.0,0.0
2022-09-16 00:00:00-04:00,9.930000305175781,9.9399995803833,9.890000343322754,9.890000343322754,9000,0.0,0.0
2022-09-19 00:00:00-04:00,9.930000305175781,9.930000305175781,9.930000305175781,9.930000305175781,100,0.0,0.0
2022-09-20 00:00:00-04:00,9.930000305175781,9.930000305175781,9.930000305175781,9.930000305175781,5100,0.0,0.0
2022-09-21 00:00:00-04:00,9.930000305175781,9.930000305175781,9.930000305175781,9.930000305175781,0,0.0,0.0
2022-09-22 00:00:00-04:00,9.930000305175781,9.930000305175781,9.930000305175781,9.930000305175781,0,0.0,0.0
2022-09-23 00:00:00-04:00,9.930000305175781,9.930000305175781,9.930000305175781,9.930000305175781,0,0.0,0.0
2022-09-26 00:00:00-04:00,9.930000305175781,9.930000305175781,9.930000305175781,9.930000305175781,0,0.0,0.0
2022-09-27 00:00:00-04:00,9.930000305175781,9.930000305175781,9.930000305175781,9.930000305175781,200,0.0,0.0
2022-09-28 00:00:00-04:00,9.930000305175781,9.930000305175781,9.930000305175781,9.930000305175781,0,0.0,0.0
2022-09-29 00:00:00-04:00,9.930000305175781,9.930000305175781,9.930000305175781,9.930000305175781,0,0.0,0.0
2022-09-30 00:00:00-04:00,9.930000305175781,9.930000305175781,9.930000305175781,9.930000305175781,0,0.0,0.0
2022-10-03 00:00:00-04:00,9.930000305175781,9.930000305175781,9.930000305175781,9.930000305175781,0,0.0,0.0
2022-10-04 00:00:00-04:00,9.930000305175781,9.930000305175781,9.930000305175781,9.930000305175781,0,0.0,0.0
2022-10-05 00:00:00-04:00,9.930000305175781,9.930000305175781,9.930000305175781,9.930000305175781,0,0.0,0.0
2022-10-06 00:00:00-04:00,9.930000305175781,9.930000305175781,9.930000305175781,9.930000305175781,0,0.0,0.0
2022-10-07 00:00:00-04:00,9.930000305175781,9.930000305175781,9.930000305175781,9.930000305175781,0,0.0,0.0
2022-10-10 00:00:00-04:00,9.930000305175781,9.930000305175781,9.930000305175781,9.930000305175781,0,0.0,0.0
2022-10-11 00:00:00-04:00,9.930000305175781,9.930000305175781,9.930000305175781,9.930000305175781,0,0.0,0.0
2022-10-12 00:00:00-04:00,9.930000305175781,9.930000305175781,9.930000305175781,9.930000305175781,100,0.0,0.0
2022-10-13 00:00:00-04:00,9.930000305175781,9.930000305175781,9.930000305175781,9.930000305175781,100,0.0,0.0
2022-10-14 00:00:00-04:00,9.930000305175781,9.930000305175781,9.930000305175781,9.930000305175781,0,0.0,0.0
2022-10-17 00:00:00-04:00,9.930000305175781,9.930000305175781,9.930000305175781,9.930000305175781,0,0.0,0.0
2022-10-18 00:00:00-04:00,9.930000305175781,9.930000305175781,9.930000305175781,9.930000305175781,0,0.0,0.0
2022-10-19 00:00:00-04:00,9.930000305175781,9.930000305175781,9.930000305175781,9.930000305175781,0,0.0,0.0
2022-10-20 00:00:00-04:00,9.930000305175781,9.930000305175781,9.930000305175781,9.930000305175781,0,0.0,0.0
2022-10-21 00:00:00-04:00,9.9399995803833,9.9399995803833,9.9399995803833,9.9399995803833,13000,0.0,0.0
2022-10-24 00:00:00-04:00,9.9399995803833,9.9399995803833,9.9399995803833,9.9399995803833,2500,0.0,0.0
2022-10-25 00:00:00-04:00,9.9399995803833,9.9399995803833,9.9399995803833,9.9399995803833,0,0.0,0.0
2022-10-26 00:00:00-04:00,9.9399995803833,9.9399995803833,9.9399995803833,9.9399995803833,0,0.0,0.0
2022-10-27 00:00:00-04:00,9.9399995803833,9.9399995803833,9.9399995803833,9.9399995803833,0,0.0,0.0
2022-10-28 00:00:00-04:00,9.9399995803833,9.960000038146973,9.9399995803833,9.960000038146973,5400,0.0,0.0
2022-10-31 00:00:00-04:00,9.960000038146973,9.960000038146973,9.960000038146973,9.960000038146973,0,0.0,0.0
2022-11-01 00:00:00-04:00,9.960000038146973,9.960000038146973,9.960000038146973,9.960000038146973,0,0.0,0.0
2022-11-02 00:00:00-04:00,9.960000038146973,9.960000038146973,9.960000038146973,9.960000038146973,0,0.0,0.0
2022-11-03 00:00:00-04:00,9.949999809265137,9.989999771118164,9.949999809265137,9.989999771118164,15600,0.0,0.0
2022-11-04 00:00:00-04:00,9.989999771118164,9.989999771118164,9.989999771118164,9.989999771118164,200,0.0,0.0
2022-11-07 00:00:00-05:00,9.970000267028809,9.970000267028809,9.970000267028809,9.970000267028809,800,0.0,0.0
2022-11-08 00:00:00-05:00,9.989999771118164,9.989999771118164,9.989999771118164,9.989999771118164,200,0.0,0.0
2022-11-09 00:00:00-05:00,9.949999809265137,9.949999809265137,9.949999809265137,9.949999809265137,600,0.0,0.0
2022-11-10 00:00:00-05:00,9.930000305175781,9.930000305175781,9.930000305175781,9.930000305175781,600,0.0,0.0
2022-11-11 00:00:00-05:00,9.970000267028809,9.970000267028809,9.970000267028809,9.970000267028809,37600,0.0,0.0
2022-11-14 00:00:00-05:00,9.970000267028809,9.970000267028809,9.949999809265137,9.949999809265137,2200,0.0,0.0
2022-11-15 00:00:00-05:00,9.949999809265137,9.949999809265137,9.949999809265137,9.949999809265137,100,0.0,0.0
2022-11-16 00:00:00-05:00,9.989999771118164,9.989999771118164,9.949999809265137,9.949999809265137,1800,0.0,0.0
2022-11-17 00:00:00-05:00,9.960000038146973,9.960000038146973,9.960000038146973,9.960000038146973,1100,0.0,0.0
2022-11-18 00:00:00-05:00,9.960000038146973,9.960000038146973,9.960000038146973,9.960000038146973,100,0.0,0.0
2022-11-21 00:00:00-05:00,9.960000038146973,9.960000038146973,9.960000038146973,9.960000038146973,100,0.0,0.0
2022-11-22 00:00:00-05:00,9.960000038146973,9.960000038146973,9.960000038146973,9.960000038146973,100,0.0,0.0
2022-11-23 00:00:00-05:00,9.960000038146973,9.960000038146973,9.960000038146973,9.960000038146973,100,0.0,0.0
2022-11-25 00:00:00-05:00,9.96500015258789,9.96500015258789,9.96500015258789,9.96500015258789,100,0.0,0.0
2022-11-28 00:00:00-05:00,9.970000267028809,9.989999771118164,9.960000038146973,9.960000038146973,2600,0.0,0.0
2022-11-29 00:00:00-05:00,9.960000038146973,9.960000038146973,9.960000038146973,9.960000038146973,0,0.0,0.0
2022-11-30 00:00:00-05:00,9.970000267028809,9.970000267028809,9.960000038146973,9.960000038146973,1000,0.0,0.0
2022-12-01 00:00:00-05:00,10.0,10.0,10.0,10.0,1600,0.0,0.0
2022-12-02 00:00:00-05:00,10.0,10.0,10.0,10.0,100,0.0,0.0
2022-12-05 00:00:00-05:00,10.0,10.0,10.0,10.0,14500,0.0,0.0
2022-12-06 00:00:00-05:00,10.010000228881836,10.010000228881836,10.010000228881836,10.010000228881836,3000,0.0,0.0
2022-12-07 00:00:00-05:00,10.020000457763672,10.029999732971191,10.017999649047852,10.029999732971191,4400,0.0,0.0
2022-12-08 00:00:00-05:00,10.020000457763672,10.020000457763672,10.020000457763672,10.020000457763672,2100,0.0,0.0
2022-12-09 00:00:00-05:00,10.020000457763672,10.020000457763672,10.020000457763672,10.020000457763672,0,0.0,0.0
2022-12-12 00:00:00-05:00,10.039999961853027,10.050000190734863,10.039999961853027,10.050000190734863,600,0.0,0.0
2022-12-13 00:00:00-05:00,10.039999961853027,10.039999961853027,10.039999961853027,10.039999961853027,300,0.0,0.0
2022-12-14 00:00:00-05:00,10.039999961853027,10.039999961853027,10.039999961853027,10.039999961853027,100,0.0,0.0
2022-12-15 00:00:00-05:00,10.079999923706055,10.079999923706055,10.079999923706055,10.079999923706055,500,0.0,0.0
2022-12-16 00:00:00-05:00,10.0600004196167,10.0600004196167,10.039999961853027,10.039999961853027,3000,0.0,0.0
2022-12-19 00:00:00-05:00,10.039999961853027,10.039999961853027,10.039999961853027,10.039999961853027,0,0.0,0.0
2022-12-20 00:00:00-05:00,10.0649995803833,10.0649995803833,10.0649995803833,10.0649995803833,200,0.0,0.0
2022-12-21 00:00:00-05:00,10.0649995803833,10.0649995803833,10.0649995803833,10.0649995803833,0,0.0,0.0
2022-12-22 00:00:00-05:00,10.0649995803833,10.0649995803833,10.0649995803833,10.0649995803833,100,0.0,0.0
2022-12-23 00:00:00-05:00,10.0649995803833,10.0649995803833,10.0649995803833,10.0649995803833,0,0.0,0.0
2022-12-27 00:00:00-05:00,10.0649995803833,10.0649995803833,10.0649995803833,10.0649995803833,0,0.0,0.0
2022-12-28 00:00:00-05:00,10.0649995803833,10.0649995803833,10.0649995803833,10.0649995803833,0,0.0,0.0
2022-12-29 00:00:00-05:00,10.0649995803833,10.0649995803833,10.0649995803833,10.0649995803833,0,0.0,0.0
2022-12-30 00:00:00-05:00,10.0649995803833,10.0649995803833,10.0649995803833,10.0649995803833,100,0.0,0.0
2023-01-03 00:00:00-05:00,10.0649995803833,10.0649995803833,10.0649995803833,10.0649995803833,0,0.0,0.0
2023-01-04 00:00:00-05:00,10.0649995803833,10.0649995803833,10.0649995803833,10.0649995803833,0,0.0,0.0
2023-01-05 00:00:00-05:00,10.100000381469727,10.149999618530273,10.100000381469727,10.130000114440918,4247200,0.0,0.0
2023-01-06 00:00:00-05:00,10.149999618530273,10.15999984741211,10.149999618530273,10.15999984741211,10700,0.0,0.0
2023-01-09 00:00:00-05:00,10.15999984741211,10.15999984741211,10.15999984741211,10.15999984741211,0,0.0,0.0
2023-01-10 00:00:00-05:00,10.15999984741211,10.15999984741211,10.15999984741211,10.15999984741211,0,0.0,0.0
2023-01-11 00:00:00-05:00,10.109999656677246,10.109999656677246,10.109999656677246,10.109999656677246,500,0.0,0.0
2023-01-12 00:00:00-05:00,10.109999656677246,10.109999656677246,10.109999656677246,10.109999656677246,0,0.0,0.0
2023-01-13 00:00:00-05:00,10.15999984741211,11.0600004196167,10.130000114440918,10.140000343322754,23100,0.0,0.0
2023-01-17 00:00:00-05:00,10.5,10.630000114440918,10.149999618530273,10.210000038146973,21600,0.0,0.0
2023-01-18 00:00:00-05:00,10.140000343322754,10.149999618530273,10.140000343322754,10.149999618530273,224000,0.0,0.0
2023-01-19 00:00:00-05:00,10.170000076293945,10.649999618530273,10.149999618530273,10.149999618530273,38700,0.0,0.0
2023-01-20 00:00:00-05:00,10.15999984741211,10.164999961853027,10.15999984741211,10.164999961853027,2100,0.0,0.0
2023-01-23 00:00:00-05:00,10.170000076293945,10.170000076293945,10.15999984741211,10.15999984741211,3300,0.0,0.0
2023-01-24 00:00:00-05:00,10.15999984741211,10.170000076293945,10.15999984741211,10.170000076293945,149200,0.0,0.0
2023-01-25 00:00:00-05:00,10.550000190734863,10.550000190734863,10.149999618530273,10.15999984741211,7800,0.0,0.0
2023-01-26 00:00:00-05:00,10.170000076293945,10.170000076293945,10.170000076293945,10.170000076293945,77100,0.0,0.0
2023-01-27 00:00:00-05:00,10.170000076293945,10.289999961853027,10.170000076293945,10.289999961853027,1600,0.0,0.0
2023-01-30 00:00:00-05:00,10.289999961853027,10.289999961853027,10.289999961853027,10.289999961853027,100,0.0,0.0
2023-01-31 00:00:00-05:00,10.289999961853027,10.289999961853027,10.289999961853027,10.289999961853027,0,0.0,0.0
2023-02-01 00:00:00-05:00,10.289999961853027,10.289999961853027,10.289999961853027,10.289999961853027,0,0.0,0.0
2023-02-02 00:00:00-05:00,10.289999961853027,10.289999961853027,10.289999961853027,10.289999961853027,300,0.0,0.0
2023-02-03 00:00:00-05:00,10.180000305175781,10.260000228881836,10.180000305175781,10.204999923706055,10900,0.0,0.0
2023-02-06 00:00:00-05:00,10.204999923706055,10.204999923706055,10.204999923706055,10.204999923706055,0,0.0,0.0
2023-02-07 00:00:00-05:00,10.210000038146973,10.210000038146973,10.199999809265137,10.199999809265137,2100,0.0,0.0
2023-02-08 00:00:00-05:00,10.210000038146973,10.210000038146973,10.210000038146973,10.210000038146973,300,0.0,0.0
2023-02-09 00:00:00-05:00,10.204999923706055,10.204999923706055,10.1899995803833,10.199999809265137,21400,0.0,0.0
2023-02-10 00:00:00-05:00,10.199999809265137,10.199999809265137,10.199999809265137,10.199999809265137,300,0.0,0.0
2023-02-13 00:00:00-05:00,10.199999809265137,10.199999809265137,10.199999809265137,10.199999809265137,0,0.0,0.0
2023-02-14 00:00:00-05:00,10.199999809265137,10.199999809265137,10.199999809265137,10.199999809265137,0,0.0,0.0
2023-02-15 00:00:00-05:00,10.199999809265137,10.199999809265137,10.199999809265137,10.199999809265137,100,0.0,0.0
2023-02-16 00:00:00-05:00,10.199999809265137,10.199999809265137,10.199999809265137,10.199999809265137,0,0.0,0.0
2023-02-17 00:00:00-05:00,10.199999809265137,10.199999809265137,10.199999809265137,10.199999809265137,1600,0.0,0.0
2023-02-21 00:00:00-05:00,10.199999809265137,10.220000267028809,10.199999809265137,10.210000038146973,22400,0.0,0.0
2023-02-22 00:00:00-05:00,10.210000038146973,10.210000038146973,10.210000038146973,10.210000038146973,0,0.0,0.0
2023-02-23 00:00:00-05:00,10.220000267028809,10.220000267028809,10.210000038146973,10.210000038146973,4400,0.0,0.0
2023-02-24 00:00:00-05:00,10.210000038146973,10.210000038146973,10.210000038146973,10.210000038146973,0,0.0,0.0
2023-02-27 00:00:00-05:00,10.229999542236328,10.229999542236328,10.220000267028809,10.225000381469727,2400,0.0,0.0
2023-02-28 00:00:00-05:00,10.225000381469727,10.225000381469727,10.225000381469727,10.225000381469727,0,0.0,0.0
2023-03-01 00:00:00-05:00,10.220000267028809,10.220000267028809,10.220000267028809,10.220000267028809,200,0.0,0.0
2023-03-02 00:00:00-05:00,10.699999809265137,10.734999656677246,10.25,10.260000228881836,2800,0.0,0.0
2023-03-03 00:00:00-05:00,10.260000228881836,10.260000228881836,10.241999626159668,10.241999626159668,1700,0.0,0.0
2023-03-06 00:00:00-05:00,10.25,10.25,10.25,10.25,600,0.0,0.0
2023-03-07 00:00:00-05:00,10.229999542236328,10.239999771118164,10.229999542236328,10.239999771118164,247100,0.0,0.0
2023-03-08 00:00:00-05:00,10.239999771118164,10.25,10.239999771118164,10.25,107400,0.0,0.0
2023-03-09 00:00:00-05:00,10.239999771118164,10.239999771118164,10.239999771118164,10.239999771118164,1000,0.0,0.0
2023-03-10 00:00:00-05:00,10.239999771118164,10.239999771118164,10.239999771118164,10.239999771118164,28700,0.0,0.0
2023-03-13 00:00:00-04:00,10.324999809265137,10.520000457763672,10.239999771118164,10.239999771118164,2800,0.0,0.0
2023-03-14 00:00:00-04:00,10.239999771118164,10.239999771118164,10.239999771118164,10.239999771118164,0,0.0,0.0
2023-03-15 00:00:00-04:00,10.239999771118164,10.239999771118164,10.239999771118164,10.239999771118164,100,0.0,0.0
2023-03-16 00:00:00-04:00,10.25,10.262999534606934,10.244999885559082,10.25,8300,0.0,0.0
2023-03-17 00:00:00-04:00,10.25,10.25,10.25,10.25,0,0.0,0.0
2023-03-20 00:00:00-04:00,10.359999656677246,10.359999656677246,10.260000228881836,10.279999732971191,78600,0.0,0.0
2023-03-21 00:00:00-04:00,10.569999694824219,11.125,10.300000190734863,10.3100004196167,28600,0.0,0.0
2023-03-22 00:00:00-04:00,10.279999732971191,11.229999542236328,10.279999732971191,10.3100004196167,90600,0.0,0.0
2023-03-23 00:00:00-04:00,10.3100004196167,10.3100004196167,10.3100004196167,10.3100004196167,0,0.0,0.0
2023-03-24 00:00:00-04:00,10.3100004196167,10.329999923706055,10.300000190734863,10.300000190734863,4600,0.0,0.0
2023-03-27 00:00:00-04:00,10.3100004196167,10.319999694824219,10.3100004196167,10.3100004196167,8400,0.0,0.0
2023-03-28 00:00:00-04:00,10.329999923706055,10.34000015258789,10.3149995803833,10.329999923706055,856800,0.0,0.0
2023-03-29 00:00:00-04:00,10.34000015258789,10.350000381469727,10.34000015258789,10.350000381469727,800,0.0,0.0
2023-03-30 00:00:00-04:00,10.359999656677246,10.380000114440918,10.329999923706055,10.329999923706055,5000,0.0,0.0
2023-03-31 00:00:00-04:00,10.329999923706055,10.404999732971191,10.3100004196167,10.329999923706055,11100,0.0,0.0
2023-04-03 00:00:00-04:00,10.329999923706055,10.333000183105469,10.329999923706055,10.329999923706055,5000,0.0,0.0
2023-04-04 00:00:00-04:00,10.329999923706055,10.331000328063965,10.329999923706055,10.331000328063965,800,0.0,0.0
2023-04-05 00:00:00-04:00,10.342000007629395,10.342000007629395,10.329999923706055,10.329999923706055,2300,0.0,0.0
2023-04-06 00:00:00-04:00,10.329999923706055,10.329999923706055,10.329999923706055,10.329999923706055,200,0.0,0.0
2023-04-10 00:00:00-04:00,10.3100004196167,10.3100004196167,10.3100004196167,10.3100004196167,300,0.0,0.0
2023-04-11 00:00:00-04:00,10.319999694824219,10.319999694824219,10.3100004196167,10.3100004196167,1400,0.0,0.0
2023-04-12 00:00:00-04:00,10.3100004196167,10.3100004196167,10.3100004196167,10.3100004196167,0,0.0,0.0
2023-04-13 00:00:00-04:00,10.3100004196167,10.3100004196167,10.3100004196167,10.3100004196167,0,0.0,0.0
2023-04-14 00:00:00-04:00,10.3100004196167,10.3100004196167,10.3100004196167,10.3100004196167,1100,0.0,0.0
2023-04-17 00:00:00-04:00,10.3100004196167,10.3100004196167,10.3100004196167,10.3100004196167,0,0.0,0.0
2023-04-18 00:00:00-04:00,10.3100004196167,10.319999694824219,10.3100004196167,10.319999694824219,100300,0.0,0.0
2023-04-19 00:00:00-04:00,10.319999694824219,10.319999694824219,10.319999694824219,10.319999694824219,1500,0.0,0.0
2023-04-20 00:00:00-04:00,10.319999694824219,10.319999694824219,10.319999694824219,10.319999694824219,0,0.0,0.0
2023-04-21 00:00:00-04:00,10.319999694824219,10.319999694824219,10.319999694824219,10.319999694824219,0,0.0,0.0
2023-04-24 00:00:00-04:00,10.319999694824219,10.319999694824219,10.319999694824219,10.319999694824219,0,0.0,0.0
2023-04-25 00:00:00-04:00,10.319999694824219,10.319999694824219,10.319999694824219,10.319999694824219,0,0.0,0.0
2023-04-26 00:00:00-04:00,10.350000381469727,10.350000381469727,10.350000381469727,10.350000381469727,200,0.0,0.0
2023-04-27 00:00:00-04:00,10.350000381469727,10.350000381469727,10.350000381469727,10.350000381469727,121400,0.0,0.0
2023-04-28 00:00:00-04:00,10.350000381469727,10.350000381469727,10.350000381469727,10.350000381469727,0,0.0,0.0
2023-05-01 00:00:00-04:00,10.350000381469727,10.350000381469727,10.350000381469727,10.350000381469727,0,0.0,0.0
2023-05-02 00:00:00-04:00,10.350000381469727,10.369999885559082,10.350000381469727,10.369999885559082,13100,0.0,0.0
2023-05-03 00:00:00-04:00,10.369999885559082,10.369999885559082,10.369999885559082,10.369999885559082,100,0.0,0.0
2023-05-04 00:00:00-04:00,10.359999656677246,10.380000114440918,10.359999656677246,10.359999656677246,76200,0.0,0.0
2023-05-05 00:00:00-04:00,10.359999656677246,10.399999618530273,10.359999656677246,10.369999885559082,4700,0.0,0.0
2023-05-08 00:00:00-04:00,10.369999885559082,10.369999885559082,10.369999885559082,10.369999885559082,0,0.0,0.0
2023-05-09 00:00:00-04:00,10.369999885559082,10.369999885559082,10.369999885559082,10.369999885559082,0,0.0,0.0
2023-05-10 00:00:00-04:00,10.369999885559082,10.369999885559082,10.369999885559082,10.369999885559082,0,0.0,0.0
2023-05-11 00:00:00-04:00,10.369999885559082,10.369999885559082,10.369999885559082,10.369999885559082,0,0.0,0.0
2023-05-12 00:00:00-04:00,10.369999885559082,10.369999885559082,10.369999885559082,10.369999885559082,0,0.0,0.0
2023-05-15 00:00:00-04:00,10.390000343322754,10.390000343322754,10.369999885559082,10.369999885559082,2400,0.0,0.0
2023-05-16 00:00:00-04:00,10.369999885559082,10.369999885559082,10.369999885559082,10.369999885559082,0,0.0,0.0
2023-05-17 00:00:00-04:00,10.369999885559082,10.369999885559082,10.369999885559082,10.369999885559082,300,0.0,0.0
2023-05-18 00:00:00-04:00,10.369999885559082,10.369999885559082,10.369999885559082,10.369999885559082,0,0.0,0.0
2023-05-19 00:00:00-04:00,10.369999885559082,10.369999885559082,10.369999885559082,10.369999885559082,200,0.0,0.0
2023-05-22 00:00:00-04:00,10.369999885559082,10.369999885559082,10.369999885559082,10.369999885559082,0,0.0,0.0
2023-05-23 00:00:00-04:00,10.369999885559082,10.369999885559082,10.369999885559082,10.369999885559082,0,0.0,0.0
2023-05-24 00:00:00-04:00,10.399999618530273,10.399999618530273,10.399999618530273,10.399999618530273,200,0.0,0.0
2023-05-25 00:00:00-04:00,10.399999618530273,10.399999618530273,10.399999618530273,10.399999618530273,115000,0.0,0.0
2023-05-26 00:00:00-04:00,10.395000457763672,10.395000457763672,10.395000457763672,10.395000457763672,800,0.0,0.0
2023-05-30 00:00:00-04:00,10.460000038146973,10.470000267028809,10.4399995803833,10.4399995803833,54600,0.0,0.0
2023-05-31 00:00:00-04:00,10.430000305175781,10.460000038146973,10.430000305175781,10.449999809265137,6800,0.0,0.0
2023-06-01 00:00:00-04:00,10.4399995803833,10.4399995803833,10.4350004196167,10.4350004196167,1000,0.0,0.0
2023-06-02 00:00:00-04:00,10.4350004196167,10.4350004196167,10.4350004196167,10.4350004196167,0,0.0,0.0
2023-06-05 00:00:00-04:00,10.430000305175781,10.430000305175781,10.430000305175781,10.430000305175781,4200,0.0,0.0
2023-06-06 00:00:00-04:00,10.430000305175781,10.430000305175781,10.430000305175781,10.430000305175781,300,0.0,0.0
2023-06-07 00:00:00-04:00,10.4399995803833,10.4399995803833,10.4399995803833,10.4399995803833,500,0.0,0.0
2023-06-08 00:00:00-04:00,10.430000305175781,10.430000305175781,10.430000305175781,10.430000305175781,700,0.0,0.0
2023-06-09 00:00:00-04:00,10.437999725341797,10.4399995803833,10.430000305175781,10.430000305175781,3700,0.0,0.0
2023-06-12 00:00:00-04:00,10.460000038146973,10.460000038146973,10.460000038146973,10.460000038146973,1100,0.0,0.0
2023-06-13 00:00:00-04:00,10.460000038146973,10.460000038146973,10.460000038146973,10.460000038146973,0,0.0,0.0
2023-06-14 00:00:00-04:00,10.449999809265137,10.449999809265137,10.4399995803833,10.4399995803833,300,0.0,0.0
2023-06-15 00:00:00-04:00,10.4399995803833,10.4399995803833,10.4399995803833,10.4399995803833,0,0.0,0.0
2023-06-16 00:00:00-04:00,10.460000038146973,10.489999771118164,10.460000038146973,10.484999656677246,3600,0.0,0.0
2023-06-20 00:00:00-04:00,10.449999809265137,10.449999809265137,10.449999809265137,10.449999809265137,500,0.0,0.0
2023-06-21 00:00:00-04:00,10.449999809265137,10.449999809265137,10.449999809265137,10.449999809265137,0,0.0,0.0
2023-06-22 00:00:00-04:00,10.460000038146973,10.460000038146973,10.460000038146973,10.460000038146973,10100,0.0,0.0
2023-06-23 00:00:00-04:00,10.460000038146973,10.460000038146973,10.460000038146973,10.460000038146973,0,0.0,0.0
2023-06-26 00:00:00-04:00,10.460000038146973,10.460000038146973,10.460000038146973,10.460000038146973,2000,0.0,0.0
2023-06-27 00:00:00-04:00,10.460000038146973,10.460000038146973,10.460000038146973,10.460000038146973,0,0.0,0.0
2023-06-28 00:00:00-04:00,10.460000038146973,10.460000038146973,10.460000038146973,10.460000038146973,0,0.0,0.0
2023-06-29 00:00:00-04:00,10.460000038146973,10.460000038146973,10.460000038146973,10.460000038146973,0,0.0,0.0
2023-06-30 00:00:00-04:00,10.460000038146973,10.460000038146973,10.460000038146973,10.460000038146973,0,0.0,0.0
2023-07-03 00:00:00-04:00,10.479999542236328,10.479999542236328,10.479999542236328,10.479999542236328,7800,0.0,0.0
2023-07-05 00:00:00-04:00,10.479999542236328,10.479999542236328,10.479999542236328,10.479999542236328,0,0.0,0.0
2023-07-06 00:00:00-04:00,10.489999771118164,10.5,10.489999771118164,10.5,8400,0.0,0.0
2023-07-07 00:00:00-04:00,10.5,10.5,10.5,10.5,0,0.0,0.0
2023-07-10 00:00:00-04:00,10.5,10.5,10.5,10.5,100,0.0,0.0
2023-07-11 00:00:00-04:00,10.479999542236328,10.479999542236328,10.479999542236328,10.479999542236328,600,0.0,0.0
2023-07-12 00:00:00-04:00,10.489999771118164,10.817999839782715,10.489999771118164,10.5,783800,0.0,0.0
2023-07-13 00:00:00-04:00,10.5,10.5,10.5,10.5,0,0.0,0.0
2023-07-14 00:00:00-04:00,10.510000228881836,10.524999618530273,10.510000228881836,10.524999618530273,36800,0.0,0.0
2023-07-17 00:00:00-04:00,10.510000228881836,10.5600004196167,10.510000228881836,10.529999732971191,127000,0.0,0.0
2023-07-18 00:00:00-04:00,10.529999732971191,10.529999732971191,10.529999732971191,10.529999732971191,100,0.0,0.0
2023-07-19 00:00:00-04:00,10.529999732971191,10.529999732971191,10.529999732971191,10.529999732971191,0,0.0,0.0
2023-07-20 00:00:00-04:00,10.529999732971191,10.529999732971191,10.529999732971191,10.529999732971191,0,0.0,0.0
2023-07-21 00:00:00-04:00,10.510000228881836,10.515000343322754,10.5,10.5,37300,0.0,0.0
2023-07-24 00:00:00-04:00,10.5,10.5,10.5,10.5,0,0.0,0.0
2023-07-25 00:00:00-04:00,10.550000190734863,10.5600004196167,10.550000190734863,10.5600004196167,38000,0.0,0.0
2023-07-26 00:00:00-04:00,10.5,10.545000076293945,10.5,10.545000076293945,3100,0.0,0.0
2023-07-27 00:00:00-04:00,10.545000076293945,10.545000076293945,10.545000076293945,10.545000076293945,0,0.0,0.0
2023-07-28 00:00:00-04:00,10.5600004196167,10.569999694824219,10.5600004196167,10.569999694824219,1600,0.0,0.0
2023-07-31 00:00:00-04:00,10.579999923706055,10.600000381469727,10.510000228881836,10.555000305175781,6500,0.0,0.0
2023-08-01 00:00:00-04:00,10.5600004196167,10.609999656677246,10.550000190734863,10.609999656677246,600,0.0,0.0
2023-08-02 00:00:00-04:00,10.609999656677246,10.609999656677246,10.609999656677246,10.609999656677246,400,0.0,0.0
2023-08-03 00:00:00-04:00,10.5600004196167,10.5600004196167,10.5600004196167,10.5600004196167,700,0.0,0.0
2023-08-04 00:00:00-04:00,10.5600004196167,10.5600004196167,10.5600004196167,10.5600004196167,200,0.0,0.0
2023-08-07 00:00:00-04:00,10.59000015258789,10.59000015258789,10.5600004196167,10.5600004196167,900,0.0,0.0
2023-08-08 00:00:00-04:00,10.5600004196167,10.5600004196167,10.5600004196167,10.5600004196167,0,0.0,0.0
2023-08-09 00:00:00-04:00,10.5600004196167,10.5600004196167,10.5600004196167,10.5600004196167,0,0.0,0.0
2023-08-10 00:00:00-04:00,10.569999694824219,10.569999694824219,10.569999694824219,10.569999694824219,400,0.0,0.0
2023-08-11 00:00:00-04:00,10.579999923706055,10.579999923706055,10.579999923706055,10.579999923706055,100,0.0,0.0
2023-08-14 00:00:00-04:00,10.579999923706055,10.579999923706055,10.579999923706055,10.579999923706055,0,0.0,0.0
2023-08-15 00:00:00-04:00,10.609999656677246,10.609999656677246,10.579999923706055,10.579999923706055,3400,0.0,0.0
2023-08-16 00:00:00-04:00,10.579999923706055,10.579999923706055,10.579999923706055,10.579999923706055,100,0.0,0.0
2023-08-17 00:00:00-04:00,10.609999656677246,10.609999656677246,10.609999656677246,10.609999656677246,1700,0.0,0.0
2023-08-18 00:00:00-04:00,10.609999656677246,10.609999656677246,10.609999656677246,10.609999656677246,100,0.0,0.0
2023-08-21 00:00:00-04:00,10.609999656677246,10.609999656677246,10.609999656677246,10.609999656677246,1200,0.0,0.0
2023-08-22 00:00:00-04:00,10.609999656677246,10.609999656677246,10.600000381469727,10.600000381469727,220100,0.0,0.0
2023-08-23 00:00:00-04:00,10.600000381469727,10.600000381469727,10.600000381469727,10.600000381469727,0,0.0,0.0
2023-08-24 00:00:00-04:00,10.600000381469727,10.600000381469727,10.600000381469727,10.600000381469727,0,0.0,0.0
2023-08-25 00:00:00-04:00,10.619999885559082,10.619999885559082,10.619999885559082,10.619999885559082,2500,0.0,0.0
2023-08-28 00:00:00-04:00,10.649999618530273,10.649999618530273,10.649999618530273,10.649999618530273,27700,0.0,0.0
2023-08-29 00:00:00-04:00,10.619999885559082,10.619999885559082,10.619999885559082,10.619999885559082,200,0.0,0.0
2023-08-30 00:00:00-04:00,10.619999885559082,10.619999885559082,10.619999885559082,10.619999885559082,30000,0.0,0.0
2023-08-31 00:00:00-04:00,10.619999885559082,10.619999885559082,10.619999885559082,10.619999885559082,0,0.0,0.0
2023-09-01 00:00:00-04:00,10.619999885559082,10.619999885559082,10.619999885559082,10.619999885559082,0,0.0,0.0
2023-09-05 00:00:00-04:00,10.619999885559082,10.619999885559082,10.619999885559082,10.619999885559082,0,0.0,0.0
2023-09-06 00:00:00-04:00,10.619999885559082,10.619999885559082,10.619999885559082,10.619999885559082,0,0.0,0.0
2023-09-07 00:00:00-04:00,10.619999885559082,10.619999885559082,10.619999885559082,10.619999885559082,0,0.0,0.0
2023-09-08 00:00:00-04:00,10.619999885559082,10.619999885559082,10.619999885559082,10.619999885559082,400,0.0,0.0
2023-09-11 00:00:00-04:00,10.649999618530273,10.649999618530273,10.649999618530273,10.649999618530273,25000,0.0,0.0
2023-09-12 00:00:00-04:00,10.649999618530273,10.649999618530273,10.649999618530273,10.649999618530273,0,0.0,0.0
2023-09-13 00:00:00-04:00,10.649999618530273,10.649999618530273,10.649999618530273,10.649999618530273,0,0.0,0.0
2023-09-14 00:00:00-04:00,10.649999618530273,10.649999618530273,10.649999618530273,10.649999618530273,1200,0.0,0.0
2023-09-15 00:00:00-04:00,10.649999618530273,10.649999618530273,10.649999618530273,10.649999618530273,600,0.0,0.0
2023-09-18 00:00:00-04:00,10.649999618530273,10.649999618530273,10.649999618530273,10.649999618530273,0,0.0,0.0
2023-09-19 00:00:00-04:00,10.65999984741211,10.65999984741211,10.65999984741211,10.65999984741211,1100,0.0,0.0
2023-09-20 00:00:00-04:00,10.65999984741211,10.65999984741211,10.65999984741211,10.65999984741211,100,0.0,0.0
2023-09-21 00:00:00-04:00,10.649999618530273,10.649999618530273,10.649999618530273,10.649999618530273,25100,0.0,0.0
2023-09-22 00:00:00-04:00,10.649999618530273,10.649999618530273,10.649999618530273,10.649999618530273,0,0.0,0.0
2023-09-25 00:00:00-04:00,10.670000076293945,10.670000076293945,10.670000076293945,10.670000076293945,26000,0.0,0.0
2023-09-26 00:00:00-04:00,10.680000305175781,10.680000305175781,10.670000076293945,10.670000076293945,400,0.0,0.0
2023-09-27 00:00:00-04:00,10.680000305175781,10.680000305175781,10.670000076293945,10.670000076293945,1400,0.0,0.0
2023-09-28 00:00:00-04:00,10.670000076293945,10.670000076293945,10.670000076293945,10.670000076293945,0,0.0,0.0
2023-09-29 00:00:00-04:00,10.670000076293945,10.670000076293945,10.670000076293945,10.670000076293945,0,0.0,0.0
2023-10-02 00:00:00-04:00,10.6899995803833,10.6899995803833,10.680000305175781,10.680000305175781,300,0.0,0.0
2023-10-03 00:00:00-04:00,10.680000305175781,10.680000305175781,10.680000305175781,10.680000305175781,25300,0.0,0.0
2023-10-04 00:00:00-04:00,10.6850004196167,10.6850004196167,10.6850004196167,10.6850004196167,100,0.0,0.0
2023-10-05 00:00:00-04:00,10.680000305175781,10.6899995803833,10.680000305175781,10.680000305175781,29900,0.0,0.0
2023-10-06 00:00:00-04:00,10.680000305175781,10.699999809265137,10.680000305175781,10.680000305175781,225200,0.0,0.0
2023-10-09 00:00:00-04:00,10.680000305175781,10.680000305175781,10.680000305175781,10.680000305175781,0,0.0,0.0
2023-10-10 00:00:00-04:00,10.699999809265137,10.699999809265137,10.680000305175781,10.680000305175781,26200,0.0,0.0
2023-10-11 00:00:00-04:00,10.680000305175781,10.680000305175781,10.680000305175781,10.680000305175781,0,0.0,0.0
2023-10-12 00:00:00-04:00,10.680000305175781,10.680000305175781,10.680000305175781,10.680000305175781,3300,0.0,0.0
2023-10-13 00:00:00-04:00,10.680000305175781,10.699999809265137,10.680000305175781,10.6899995803833,187700,0.0,0.0
2023-10-16 00:00:00-04:00,10.6899995803833,10.6899995803833,10.680000305175781,10.680000305175781,128900,0.0,0.0
2023-10-17 00:00:00-04:00,10.694999694824219,10.699999809265137,10.694999694824219,10.694999694824219,1073300,0.0,0.0
2023-10-18 00:00:00-04:00,10.6899995803833,10.6899995803833,10.6899995803833,10.6899995803833,2000,0.0,0.0
2023-10-19 00:00:00-04:00,10.6899995803833,10.699999809265137,10.680000305175781,10.699999809265137,31600,0.0,0.0
2023-10-20 00:00:00-04:00,10.699999809265137,10.699999809265137,10.699999809265137,10.699999809265137,0,0.0,0.0
2023-10-23 00:00:00-04:00,10.699999809265137,10.699999809265137,10.699999809265137,10.699999809265137,0,0.0,0.0
2023-10-24 00:00:00-04:00,10.6899995803833,10.6899995803833,10.6899995803833,10.6899995803833,800,0.0,0.0
2023-10-25 00:00:00-04:00,10.6899995803833,10.694999694824219,10.6899995803833,10.6899995803833,11400,0.0,0.0
2023-10-26 00:00:00-04:00,10.6899995803833,10.6899995803833,10.6899995803833,10.6899995803833,16200,0.0,0.0
2023-10-27 00:00:00-04:00,10.6899995803833,10.6899995803833,10.682999610900879,10.6899995803833,2000,0.0,0.0
2023-10-30 00:00:00-04:00,10.6899995803833,10.6899995803833,10.6899995803833,10.6899995803833,0,0.0,0.0
2023-10-31 00:00:00-04:00,10.6899995803833,10.6899995803833,10.6899995803833,10.6899995803833,0,0.0,0.0
2023-11-01 00:00:00-04:00,10.6899995803833,10.6899995803833,10.6899995803833,10.6899995803833,0,0.0,0.0
2023-11-02 00:00:00-04:00,10.6899995803833,10.699999809265137,10.6899995803833,10.6899995803833,250400,0.0,0.0
2023-11-03 00:00:00-04:00,10.6899995803833,10.6899995803833,10.6899995803833,10.6899995803833,0,0.0,0.0
2023-11-06 00:00:00-05:00,10.710000038146973,10.710000038146973,10.6899995803833,10.699999809265137,105900,0.0,0.0
2023-11-07 00:00:00-05:00,10.699999809265137,10.699999809265137,10.6899995803833,10.6899995803833,38100,0.0,0.0
2023-11-08 00:00:00-05:00,10.6899995803833,10.6899995803833,10.6899995803833,10.6899995803833,1000,0.0,0.0
2023-11-09 00:00:00-05:00,10.710000038146973,10.710000038146973,10.699999809265137,10.699999809265137,7100,0.0,0.0
2023-11-10 00:00:00-05:00,10.699999809265137,10.789999961853027,10.680000305175781,10.710000038146973,8800,0.0,0.0
2023-11-13 00:00:00-05:00,10.710000038146973,10.710000038146973,10.710000038146973,10.710000038146973,0,0.0,0.0
2023-11-14 00:00:00-05:00,10.710000038146973,10.710000038146973,10.710000038146973,10.710000038146973,0,0.0,0.0
2023-11-15 00:00:00-05:00,10.710000038146973,10.869999885559082,10.710000038146973,10.869999885559082,5000,0.0,0.0
2023-11-16 00:00:00-05:00,10.836000442504883,10.859999656677246,10.836000442504883,10.859999656677246,3700,0.0,0.0
2023-11-17 00:00:00-05:00,10.859999656677246,10.859999656677246,10.859999656677246,10.859999656677246,0,0.0,0.0
2023-11-20 00:00:00-05:00,10.859999656677246,10.859999656677246,10.859999656677246,10.859999656677246,0,0.0,0.0
2023-11-21 00:00:00-05:00,10.859999656677246,10.859999656677246,10.859999656677246,10.859999656677246,0,0.0,0.0
2023-11-22 00:00:00-05:00,10.699999809265137,10.699999809265137,10.699999809265137,10.699999809265137,300,0.0,0.0
2023-11-24 00:00:00-05:00,10.699999809265137,10.699999809265137,10.699999809265137,10.699999809265137,0,0.0,0.0
2023-11-27 00:00:00-05:00,10.890000343322754,10.890000343322754,10.890000343322754,10.890000343322754,100,0.0,0.0
2023-11-28 00:00:00-05:00,10.710000038146973,10.710000038146973,10.699999809265137,10.699999809265137,3100,0.0,0.0
2023-11-29 00:00:00-05:00,10.699999809265137,10.699999809265137,10.699999809265137,10.699999809265137,0,0.0,0.0
2023-11-30 00:00:00-05:00,10.699999809265137,10.699999809265137,10.699999809265137,10.699999809265137,0,0.0,0.0
2023-12-01 00:00:00-05:00,10.699999809265137,10.699999809265137,10.699999809265137,10.699999809265137,0,0.0,0.0
2023-12-04 00:00:00-05:00,10.699999809265137,10.699999809265137,10.699999809265137,10.699999809265137,0,0.0,0.0
2023-12-05 00:00:00-05:00,10.699999809265137,10.699999809265137,10.699999809265137,10.699999809265137,100,0.0,0.0
2023-12-06 00:00:00-05:00,10.699999809265137,10.699999809265137,10.699999809265137,10.699999809265137,0,0.0,0.0
2023-12-07 00:00:00-05:00,10.699999809265137,10.699999809265137,10.699999809265137,10.699999809265137,0,0.0,0.0
2023-12-08 00:00:00-05:00,10.699999809265137,10.699999809265137,10.699999809265137,10.699999809265137,0,0.0,0.0
2023-12-11 00:00:00-05:00,10.699999809265137,10.699999809265137,10.699999809265137,10.699999809265137,0,0.0,0.0
2023-12-12 00:00:00-05:00,10.699999809265137,10.699999809265137,10.699999809265137,10.699999809265137,0,0.0,0.0
2023-12-13 00:00:00-05:00,10.510000228881836,10.6899995803833,10.510000228881836,10.6899995803833,21100,0.0,0.0
2023-12-14 00:00:00-05:00,10.6899995803833,10.6899995803833,10.6899995803833,10.6899995803833,0,0.0,0.0
2023-12-15 00:00:00-05:00,10.6899995803833,10.6899995803833,10.6899995803833,10.6899995803833,0,0.0,0.0
2023-12-18 00:00:00-05:00,10.6899995803833,10.6899995803833,10.6899995803833,10.6899995803833,0,0.0,0.0
2023-12-19 00:00:00-05:00,10.6899995803833,10.6899995803833,10.6899995803833,10.6899995803833,0,0.0,0.0
2023-12-20 00:00:00-05:00,10.6899995803833,10.6899995803833,10.6899995803833,10.6899995803833,0,0.0,0.0
2023-12-21 00:00:00-05:00,10.670000076293945,10.75,10.670000076293945,10.75,15100,0.0,0.0
2023-12-22 00:00:00-05:00,10.729999542236328,10.729999542236328,10.699999809265137,10.699999809265137,900,0.0,0.0
2023-12-26 00:00:00-05:00,10.699999809265137,10.699999809265137,10.699999809265137,10.699999809265137,0,0.0,0.0
2023-12-27 00:00:00-05:00,10.699999809265137,10.699999809265137,10.699999809265137,10.699999809265137,0,0.0,0.0
2023-12-28 00:00:00-05:00,10.699999809265137,10.699999809265137,10.699999809265137,10.699999809265137,0,0.0,0.0
2023-12-29 00:00:00-05:00,10.699999809265137,10.699999809265137,10.699999809265137,10.699999809265137,0,0.0,0.0
2024-01-02 00:00:00-05:00,10.699999809265137,10.699999809265137,10.699999809265137,10.699999809265137,0,0.0,0.0
2024-01-03 00:00:00-05:00,10.699999809265137,10.699999809265137,10.699999809265137,10.699999809265137,0,0.0,0.0
2024-01-04 00:00:00-05:00,10.699999809265137,10.699999809265137,10.699999809265137,10.699999809265137,0,0.0,0.0
2024-01-05 00:00:00-05:00,10.699999809265137,10.699999809265137,10.699999809265137,10.699999809265137,0,0.0,0.0
2024-01-08 00:00:00-05:00,10.699999809265137,10.699999809265137,10.699999809265137,10.699999809265137,0,0.0,0.0
2024-01-09 00:00:00-05:00,10.699999809265137,10.699999809265137,10.699999809265137,10.699999809265137,0,0.0,0.0
2024-01-10 00:00:00-05:00,10.699999809265137,10.699999809265137,10.699999809265137,10.699999809265137,0,0.0,0.0
2024-01-11 00:00:00-05:00,10.699999809265137,10.699999809265137,10.699999809265137,10.699999809265137,0,0.0,0.0
2024-01-12 00:00:00-05:00,10.699999809265137,10.699999809265137,10.699999809265137,10.699999809265137,0,0.0,0.0
2024-01-16 00:00:00-05:00,10.699999809265137,10.699999809265137,10.699999809265137,10.699999809265137,0,0.0,0.0
2024-01-17 00:00:00-05:00,10.699999809265137,10.699999809265137,10.699999809265137,10.699999809265137,0,0.0,0.0
2024-01-18 00:00:00-05:00,10.699999809265137,10.699999809265137,10.699999809265137,10.699999809265137,0,0.0,0.0
2024-01-19 00:00:00-05:00,10.699999809265137,10.699999809265137,10.699999809265137,10.699999809265137,0,0.0,0.0
2024-01-22 00:00:00-05:00,10.699999809265137,10.699999809265137,10.699999809265137,10.699999809265137,0,0.0,0.0
2024-01-23 00:00:00-05:00,10.699999809265137,10.699999809265137,10.699999809265137,10.699999809265137,0,0.0,0.0
2024-01-24 00:00:00-05:00,10.699999809265137,10.699999809265137,10.699999809265137,10.699999809265137,0,0.0,0.0
2024-01-25 00:00:00-05:00,10.720000267028809,10.770000457763672,10.720000267028809,10.770000457763672,50600,0.0,0.0
2024-01-26 00:00:00-05:00,10.949999809265137,10.949999809265137,10.930000305175781,10.930000305175781,200,0.0,0.0
2024-01-29 00:00:00-05:00,10.779999732971191,10.779999732971191,10.779999732971191,10.779999732971191,1100,0.0,0.0
2024-01-30 00:00:00-05:00,10.770000457763672,10.779999732971191,10.770000457763672,10.779999732971191,421900,0.0,0.0
2024-01-31 00:00:00-05:00,10.779999732971191,10.779999732971191,10.779999732971191,10.779999732971191,0,0.0,0.0
2024-02-01 00:00:00-05:00,10.779999732971191,10.779999732971191,10.779999732971191,10.779999732971191,0,0.0,0.0
2024-02-02 00:00:00-05:00,10.779999732971191,10.779999732971191,10.779999732971191,10.779999732971191,0,0.0,0.0
2024-02-05 00:00:00-05:00,10.779999732971191,10.779999732971191,10.779999732971191,10.779999732971191,0,0.0,0.0
2024-02-06 00:00:00-05:00,10.779999732971191,10.779999732971191,10.779999732971191,10.779999732971191,0,0.0,0.0
2024-02-07 00:00:00-05:00,10.779999732971191,10.779999732971191,10.779999732971191,10.779999732971191,0,0.0,0.0
2024-02-08 00:00:00-05:00,10.779999732971191,10.779999732971191,10.779999732971191,10.779999732971191,0,0.0,0.0
2024-02-09 00:00:00-05:00,10.779999732971191,10.779999732971191,10.779999732971191,10.779999732971191,0,0.0,0.0
2024-02-12 00:00:00-05:00,10.779999732971191,10.779999732971191,10.779999732971191,10.779999732971191,0,0.0,0.0
2024-02-13 00:00:00-05:00,10.779999732971191,10.779999732971191,10.779999732971191,10.779999732971191,0,0.0,0.0
2024-02-14 00:00:00-05:00,10.84000015258789,10.890000343322754,10.789999961853027,10.890000343322754,60700,0.0,0.0
2024-02-15 00:00:00-05:00,10.850000381469727,10.869999885559082,10.850000381469727,10.869999885559082,5800,0.0,0.0
2024-02-16 00:00:00-05:00,10.869999885559082,10.869999885559082,10.869999885559082,10.869999885559082,0,0.0,0.0
2024-02-20 00:00:00-05:00,10.859999656677246,10.869999885559082,10.850000381469727,10.859999656677246,40700,0.0,0.0
2024-02-21 00:00:00-05:00,10.869999885559082,10.880000114440918,10.869999885559082,10.869999885559082,4500,0.0,0.0
2024-02-22 00:00:00-05:00,10.859999656677246,10.859999656677246,10.850000381469727,10.850000381469727,600,0.0,0.0
2024-02-23 00:00:00-05:00,10.869999885559082,10.869999885559082,10.859999656677246,10.869999885559082,1800,0.0,0.0
2024-02-26 00:00:00-05:00,10.869999885559082,10.890000343322754,10.869999885559082,10.890000343322754,2800,0.0,0.0
2024-02-27 00:00:00-05:00,10.890000343322754,10.890000343322754,10.890000343322754,10.890000343322754,2100,0.0,0.0
2024-02-28 00:00:00-05:00,10.890000343322754,10.890000343322754,10.890000343322754,10.890000343322754,200,0.0,0.0
2024-02-29 00:00:00-05:00,10.920000076293945,10.930999755859375,10.904999732971191,10.930000305175781,22700,0.0,0.0
2024-03-01 00:00:00-05:00,10.928000450134277,10.9399995803833,10.928000450134277,10.937999725341797,36800,0.0,0.0
2024-03-04 00:00:00-05:00,10.9399995803833,10.960000038146973,10.930000305175781,10.949999809265137,25000,0.0,0.0
2024-03-05 00:00:00-05:00,10.4399995803833,10.600000381469727,10.0,10.449999809265137,5400,0.0,0.0
2024-03-06 00:00:00-05:00,10.449999809265137,10.449999809265137,10.449999809265137,10.449999809265137,0,0.0,0.0
2024-03-07 00:00:00-05:00,10.449999809265137,10.449999809265137,10.449999809265137,10.449999809265137,0,0.0,0.0
2024-03-08 00:00:00-05:00,9.600000381469727,10.529999732971191,9.5,10.529999732971191,2000,0.0,0.0
2024-03-11 00:00:00-04:00,9.350000381469727,9.550000190734863,9.350000381469727,9.550000190734863,300,0.0,0.0
2024-03-12 00:00:00-04:00,10.359999656677246,10.473999977111816,10.199999809265137,10.399999618530273,3200,0.0,0.0
2024-03-13 00:00:00-04:00,9.710000038146973,9.710000038146973,9.710000038146973,9.710000038146973,100,0.0,0.0
2024-03-14 00:00:00-04:00,9.710000038146973,9.710000038146973,9.710000038146973,9.710000038146973,0,0.0,0.0
2024-03-15 00:00:00-04:00,10.170000076293945,10.350000381469727,10.170000076293945,10.350000381469727,300,0.0,0.0
2024-03-18 00:00:00-04:00,9.760000228881836,9.760000228881836,9.5,9.5,600,0.0,0.0
2024-03-19 00:00:00-04:00,10.0,12.079999923706055,9.951000213623047,12.079999923706055,3300,0.0,0.0
2024-03-20 00:00:00-04:00,12.6850004196167,12.899999618530273,10.270000457763672,10.279999732971191,4900,0.0,0.0
2024-03-21 00:00:00-04:00,10.279999732971191,10.279999732971191,10.279999732971191,10.279999732971191,500,0.0,0.0
2024-03-22 00:00:00-04:00,9.75,12.40999984741211,9.75,12.390000343322754,3100,0.0,0.0
2024-03-25 00:00:00-04:00,10.970000267028809,11.100000381469727,10.970000267028809,10.970000267028809,1200,0.0,0.0
2024-03-26 00:00:00-04:00,9.920000076293945,9.920000076293945,8.930000305175781,9.770999908447266,3000,0.0,0.0
2024-03-27 00:00:00-04:00,10.050000190734863,10.050000190734863,10.050000190734863,10.050000190734863,300,0.0,0.0
2024-03-28 00:00:00-04:00,10.899999618530273,12.220000267028809,10.614999771118164,11.970000267028809,3200,0.0,0.0
2024-04-01 00:00:00-04:00,12.0,12.649999618530273,11.350000381469727,12.649999618530273,2200,0.0,0.0
2024-04-02 00:00:00-04:00,11.390000343322754,11.829999923706055,9.880000114440918,10.489999771118164,5400,0.0,0.0
2024-04-03 00:00:00-04:00,10.550000190734863,10.550000190734863,10.510000228881836,10.510000228881836,1200,0.0,0.0
2024-04-04 00:00:00-04:00,10.510000228881836,10.510000228881836,10.510000228881836,10.510000228881836,0,0.0,0.0
2024-04-05 00:00:00-04:00,9.050000190734863,9.350000381469727,8.050000190734863,9.22700023651123,3300,0.0,0.0
2024-04-08 00:00:00-04:00,9.760000228881836,10.569999694824219,9.760000228881836,10.40999984741211,2100,0.0,0.0
2024-04-09 00:00:00-04:00,10.609999656677246,11.0,10.609999656677246,11.0,800,0.0,0.0
2024-04-10 00:00:00-04:00,11.0,11.0,11.0,11.0,500,0.0,0.0
2024-04-11 00:00:00-04:00,11.0,11.0,11.0,11.0,500,0.0,0.0
2024-04-12 00:00:00-04:00,10.5,10.5,9.449999809265137,10.399999618530273,1000,0.0,0.0
2024-04-15 00:00:00-04:00,10.399999618530273,10.399999618530273,10.399999618530273,10.399999618530273,0,0.0,0.0
2024-04-16 00:00:00-04:00,10.399999618530273,10.399999618530273,10.399999618530273,10.399999618530273,0,0.0,0.0
2024-04-17 00:00:00-04:00,9.3100004196167,9.3100004196167,8.130999565124512,8.6899995803833,3400,0.0,0.0
2024-04-18 00:00:00-04:00,7.989999771118164,7.997000217437744,7.989999771118164,7.997000217437744,3200,0.0,0.0
2024-04-19 00:00:00-04:00,11.260000228881836,13.100000381469727,9.380000114440918,10.079999923706055,6118100,0.0,0.0
2024-04-22 00:00:00-04:00,8.819999694824219,9.25,7.760000228881836,8.845000267028809,230700,0.0,0.0
2024-04-23 00:00:00-04:00,8.15999984741211,8.170000076293945,6.809999942779541,7.190000057220459,91000,0.0,0.0
2024-04-24 00:00:00-04:00,7.0,7.400000095367432,6.309999942779541,6.309999942779541,70600,0.0,0.0
2024-04-25 00:00:00-04:00,6.329999923706055,6.369999885559082,4.980000019073486,6.070000171661377,183100,0.0,0.0
2024-04-26 00:00:00-04:00,5.610000133514404,7.739999771118164,5.599999904632568,7.420000076293945,85800,0.0,0.0
2024-04-29 00:00:00-04:00,7.389999866485596,7.785999774932861,6.5,7.0,55400,0.0,0.0
2024-04-30 00:00:00-04:00,6.989999771118164,7.800000190734863,6.860000133514404,7.400000095367432,35700,0.0,0.0
2024-05-01 00:00:00-04:00,7.400000095367432,7.400000095367432,5.800000190734863,6.199999809265137,44600,0.0,0.0
2024-05-02 00:00:00-04:00,6.989999771118164,7.170000076293945,6.480000019073486,6.989999771118164,39700,0.0,0.0
2024-05-03 00:00:00-04:00,6.889999866485596,7.199999809265137,6.210000038146973,6.610000133514404,11600,0.0,0.0
2024-05-06 00:00:00-04:00,6.349999904632568,6.75,5.789999961853027,6.349999904632568,31500,0.0,0.0
2024-05-07 00:00:00-04:00,6.75,11.050000190734863,6.519999980926514,6.789999961853027,510100,0.0,0.0
2024-05-08 00:00:00-04:00,6.550000190734863,7.400000095367432,6.550000190734863,7.010000228881836,41700,0.0,0.0
2024-05-09 00:00:00-04:00,7.0,7.0,6.260000228881836,6.5,18600,0.0,0.0
2024-05-10 00:00:00-04:00,5.960000038146973,6.440000057220459,5.829999923706055,6.039999961853027,76900,0.0,0.0
2024-05-13 00:00:00-04:00,6.159999847412109,6.190000057220459,5.824999809265137,6.03000020980835,13700,0.0,0.0
2024-05-14 00:00:00-04:00,6.409999847412109,6.579999923706055,6.0329999923706055,6.244999885559082,12600,0.0,0.0
2024-05-15 00:00:00-04:00,5.989999771118164,6.119999885559082,5.730000019073486,6.03000020980835,20100,0.0,0.0
2024-05-16 00:00:00-04:00,6.25,6.550000190734863,6.010000228881836,6.010000228881836,22700,0.0,0.0
2024-05-17 00:00:00-04:00,6.176000118255615,6.5,6.03000020980835,6.050000190734863,14200,0.0,0.0
2024-05-20 00:00:00-04:00,5.980000019073486,6.179999828338623,5.800000190734863,6.110000133514404,12300,0.0,0.0
2024-05-21 00:00:00-04:00,5.829999923706055,6.099999904632568,5.581999778747559,6.099999904632568,3900,0.0,0.0
2024-05-22 00:00:00-04:00,5.769999980926514,5.949999809265137,5.75,5.849999904632568,4600,0.0,0.0
2024-05-23 00:00:00-04:00,6.460000038146973,6.460000038146973,5.309999942779541,5.309999942779541,13300,0.0,0.0
2024-05-24 00:00:00-04:00,5.800000190734863,6.269999980926514,5.525000095367432,6.079999923706055,6600,0.0,0.0
2024-05-28 00:00:00-04:00,6.079999923706055,6.079999923706055,5.300000190734863,5.510000228881836,3100,0.0,0.0
2024-05-29 00:00:00-04:00,5.539999961853027,6.105000019073486,5.539999961853027,6.0,9500,0.0,0.0
2024-05-30 00:00:00-04:00,5.744999885559082,6.130000114440918,5.510000228881836,5.699999809265137,4000,0.0,0.0
2024-05-31 00:00:00-04:00,6.099999904632568,8.109999656677246,5.699999809265137,6.420000076293945,130300,0.0,0.0
2024-06-03 00:00:00-04:00,6.170000076293945,6.269999980926514,5.800000190734863,5.829999923706055,9100,0.0,0.0
2024-06-04 00:00:00-04:00,5.829999923706055,6.409999847412109,5.769999980926514,6.409999847412109,2300,0.0,0.0
2024-06-05 00:00:00-04:00,5.829999923706055,6.269999980926514,5.71999979019165,6.269999980926514,7700,0.0,0.0
2024-06-06 00:00:00-04:00,6.059999942779541,6.377999782562256,5.650000095367432,5.650000095367432,7200,0.0,0.0
2024-06-07 00:00:00-04:00,5.723999977111816,5.804999828338623,5.570000171661377,5.650000095367432,1900,0.0,0.0
2024-06-10 00:00:00-04:00,5.880000114440918,5.920000076293945,5.5,5.510000228881836,82100,0.0,0.0
2024-06-11 00:00:00-04:00,5.840000152587891,7.349999904632568,5.400000095367432,6.050000190734863,111800,0.0,0.0
2024-06-12 00:00:00-04:00,6.21999979019165,6.809999942779541,6.21999979019165,6.5,18600,0.0,0.0
2024-06-13 00:00:00-04:00,6.829999923706055,6.829999923706055,6.199999809265137,6.510000228881836,7600,0.0,0.0
2024-06-14 00:00:00-04:00,5.875,6.199999809265137,5.599999904632568,6.170000076293945,8900,0.0,0.0
2024-06-17 00:00:00-04:00,6.150000095367432,6.150000095367432,5.789999961853027,5.800000190734863,6200,0.0,0.0
2024-06-18 00:00:00-04:00,5.71999979019165,6.289999961853027,5.71999979019165,5.980000019073486,8500,0.0,0.0
2024-06-20 00:00:00-04:00,5.840000152587891,5.949999809265137,5.559000015258789,5.900000095367432,5100,0.0,0.0
2024-06-21 00:00:00-04:00,5.639999866485596,5.800000190734863,2.2249999046325684,2.3399999141693115,138800,0.0,0.0
2024-06-24 00:00:00-04:00,1.8300000429153442,1.9600000381469727,1.5399999618530273,1.7300000190734863,457000,0.0,0.0
2024-06-25 00:00:00-04:00,1.9900000095367432,2.200000047683716,1.600000023841858,1.649999976158142,4685500,0.0,0.0
2024-06-26 00:00:00-04:00,4.5,5.110000133514404,3.2100000381469727,3.619999885559082,89785300,0.0,0.0
2024-06-27 00:00:00-04:00,3.4800000190734863,3.559999942779541,2.7200000286102295,3.0,2771600,0.0,0.0
2024-06-28 00:00:00-04:00,2.799999952316284,2.9000000953674316,2.369999885559082,2.4800000190734863,917800,0.0,0.0
2024-07-01 00:00:00-04:00,2.4700000286102295,2.5,1.690000057220459,1.7999999523162842,890700,0.0,0.0
2024-07-02 00:00:00-04:00,2.0399999618530273,2.200000047683716,1.7999999523162842,2.0299999713897705,2260700,0.0,0.0
2024-07-03 00:00:00-04:00,2.009999990463257,2.009999990463257,1.7100000381469727,1.8200000524520874,489000,0.0,0.0
2024-07-05 00:00:00-04:00,1.809999942779541,1.809999942779541,1.3600000143051147,1.5,393200,0.0,0.0
2024-07-08 00:00:00-04:00,1.4700000286102295,1.5499999523162842,1.3700000047683716,1.4500000476837158,402300,0.0,0.0
2024-07-09 00:00:00-04:00,1.899999976158142,2.0799999237060547,1.6200000047683716,1.7000000476837158,22999400,0.0,0.0
2024-07-10 00:00:00-04:00,1.5399999618530273,1.850000023841858,1.534999966621399,1.7899999618530273,1667300,0.0,0.0
2024-07-11 00:00:00-04:00,1.7599999904632568,1.850000023841858,1.7100000381469727,1.7599999904632568,934600,0.0,0.0
2024-07-12 00:00:00-04:00,1.75,1.7690000534057617,1.5499999523162842,1.6200000047683716,876700,0.0,0.0
2024-07-15 00:00:00-04:00,1.6799999475479126,1.7200000286102295,1.559999942779541,1.6399999856948853,578200,0.0,0.0
2024-07-16 00:00:00-04:00,1.6799999475479126,1.7799999713897705,1.6109999418258667,1.6699999570846558,887500,0.0,0.0
2024-07-17 00:00:00-04:00,1.6699999570846558,1.6699999570846558,1.5800000429153442,1.6100000143051147,554800,0.0,0.0
2024-07-18 00:00:00-04:00,1.6200000047683716,1.6299999952316284,1.4900000095367432,1.5399999618530273,412600,0.0,0.0
2024-07-19 00:00:00-04:00,1.5700000524520874,1.5700000524520874,1.4600000381469727,1.4800000190734863,277800,0.0,0.0
2024-07-22 00:00:00-04:00,1.5199999809265137,1.527999997138977,1.350000023841858,1.4299999475479126,442200,0.0,0.0
2024-07-23 00:00:00-04:00,1.3799999952316284,1.3799999952316284,1.0700000524520874,1.340000033378601,517400,0.0,0.0
2024-07-24 00:00:00-04:00,1.3300000429153442,1.350000023841858,1.2300000190734863,1.2699999809265137,108600,0.0,0.0
2024-07-25 00:00:00-04:00,1.2699999809265137,1.5099999904632568,1.2699999809265137,1.4600000381469727,411900,0.0,0.0
2024-07-26 00:00:00-04:00,1.5,1.5099999904632568,1.399999976158142,1.4700000286102295,206700,0.0,0.0
2024-07-29 00:00:00-04:00,1.5299999713897705,1.5299999713897705,1.3700000047683716,1.4700000286102295,140500,0.0,0.0
2024-07-30 00:00:00-04:00,1.4500000476837158,1.4789999723434448,1.2899999618530273,1.3600000143051147,158300,0.0,0.0
2024-07-31 00:00:00-04:00,1.3799999952316284,1.3899999856948853,1.3200000524520874,1.3600000143051147,34300,0.0,0.0
2024-08-01 00:00:00-04:00,1.3600000143051147,1.3630000352859497,1.2300000190734863,1.2599999904632568,49800,0.0,0.0
2024-08-02 00:00:00-04:00,1.1799999475479126,1.25,1.149999976158142,1.2100000381469727,91800,0.0,0.0
2024-08-05 00:00:00-04:00,1.1699999570846558,1.1699999570846558,1.0399999618530273,1.1399999856948853,121000,0.0,0.0
2024-08-06 00:00:00-04:00,1.1100000143051147,1.1399999856948853,1.059999942779541,1.0800000429153442,50200,0.0,0.0
2024-08-07 00:00:00-04:00,1.090000033378601,1.1699999570846558,1.0,1.090000033378601,47200,0.0,0.0
2024-08-08 00:00:00-04:00,1.5499999523162842,1.590000033378601,1.2000000476837158,1.2799999713897705,47598500,0.0,0.0
2024-08-09 00:00:00-04:00,1.3300000429153442,1.350000023841858,1.190000057220459,1.25,1500700,0.0,0.0
2024-08-12 00:00:00-04:00,1.149999976158142,1.2799999713897705,1.1299999952316284,1.1799999475479126,575700,0.0,0.0
2024-08-13 00:00:00-04:00,1.159999966621399,1.190000057220459,1.100000023841858,1.100000023841858,235000,0.0,0.0
2024-08-14 00:00:00-04:00,1.1299999952316284,1.1299999952316284,0.9480000138282776,1.0,307300,0.0,0.0
2024-08-15 00:00:00-04:00,1.0199999809265137,1.2000000476837158,0.9800000190734863,1.1100000143051147,3631500,0.0,0.0
2024-08-16 00:00:00-04:00,1.0099999904632568,1.059999942779541,0.9900000095367432,1.0499999523162842,358800,0.0,0.0
2024-08-19 00:00:00-04:00,0.9800000190734863,1.0499999523162842,0.9620000123977661,1.0299999713897705,179000,0.0,0.0
2024-08-20 00:00:00-04:00,1.0199999809265137,1.0399999618530273,0.9769999980926514,1.0299999713897705,135800,0.0,0.0
2024-08-21 00:00:00-04:00,1.149999976158142,1.2200000286102295,1.0499999523162842,1.190000057220459,17661700,0.0,0.0
2024-08-22 00:00:00-04:00,1.100000023841858,1.25,1.090000033378601,1.190000057220459,1210600,0.0,0.0
2024-08-23 00:00:00-04:00,1.1699999570846558,1.2000000476837158,1.100000023841858,1.1699999570846558,459900,0.0,0.0
2024-08-26 00:00:00-04:00,1.1699999570846558,1.190000057220459,1.1200000047683716,1.159999966621399,353300,0.0,0.0
2024-08-27 00:00:00-04:00,1.1200000047683716,1.149999976158142,1.0700000524520874,1.149999976158142,285500,0.0,0.0
2024-08-28 00:00:00-04:00,1.0800000429153442,1.100000023841858,1.0199999809265137,1.0299999713897705,133700,0.0,0.0
2024-08-29 00:00:00-04:00,1.0499999523162842,1.0549999475479126,1.0,1.0099999904632568,163300,0.0,0.0
2024-08-30 00:00:00-04:00,1.0,1.0,0.8999999761581421,0.9309999942779541,257400,0.0,0.0
2024-09-03 00:00:00-04:00,0.9100000262260437,0.9200000166893005,0.8610000014305115,0.8700000047683716,133600,0.0,0.0
2024-09-04 00:00:00-04:00,0.8700000047683716,0.890999972820282,0.7820000052452087,0.796999990940094,211500,0.0,0.0
2024-09-05 00:00:00-04:00,0.824999988079071,0.8270000219345093,0.7799999713897705,0.8050000071525574,183900,0.0,0.0
2024-09-06 00:00:00-04:00,0.7689999938011169,0.7799999713897705,0.7200000286102295,0.7300000190734863,249500,0.0,0.0
2024-09-09 00:00:00-04:00,0.7400000095367432,0.8999999761581421,0.7400000095367432,0.8349999785423279,197600,0.0,0.0
2024-09-10 00:00:00-04:00,0.8389999866485596,0.8389999866485596,0.765999972820282,0.7900000214576721,60300,0.0,0.0
2024-09-11 00:00:00-04:00,0.75,0.781000018119812,0.7310000061988831,0.7739999890327454,48300,0.0,0.0
2024-09-12 00:00:00-04:00,0.7799999713897705,0.7839999794960022,0.7260000109672546,0.7400000095367432,45100,0.0,0.0
2024-09-13 00:00:00-04:00,0.7549999952316284,0.7739999890327454,0.7250000238418579,0.7300000190734863,34000,0.0,0.0
2024-09-16 00:00:00-04:00,0.7490000128746033,0.7799999713897705,0.7250000238418579,0.7260000109672546,22700,0.0,0.0
2024-09-17 00:00:00-04:00,0.8029999732971191,0.9900000095367432,0.75,0.9279999732971191,265900,0.0,0.0
2024-09-18 00:00:00-04:00,0.8999999761581421,0.8999999761581421,0.8050000071525574,0.8899999856948853,39900,0.0,0.0
2024-09-19 00:00:00-04:00,0.8600000143051147,0.8799999952316284,0.8199999928474426,0.8199999928474426,40800,0.0,0.0
2024-09-20 00:00:00-04:00,0.8199999928474426,0.8799999952316284,0.7609999775886536,0.859000027179718,195600,0.0,0.0
2024-09-23 00:00:00-04:00,0.8199999928474426,0.8500000238418579,0.8100000023841858,0.8299999833106995,28400,0.0,0.0
2024-09-24 00:00:00-04:00,0.8489999771118164,0.8489999771118164,0.7900000214576721,0.8289999961853027,50500,0.0,0.0
2024-09-25 00:00:00-04:00,0.8180000185966492,0.8299999833106995,0.7369999885559082,0.75,50900,0.0,0.0
2024-09-26 00:00:00-04:00,0.7990000247955322,0.800000011920929,0.699999988079071,0.7210000157356262,80600,0.0,0.0
2024-09-27 00:00:00-04:00,0.7200000286102295,0.7379999756813049,0.699999988079071,0.7350000143051147,26600,0.0,0.0
2024-09-30 00:00:00-04:00,0.7549999952316284,0.7549999952316284,0.6539999842643738,0.6549999713897705,47200,0.0,0.0
2024-10-01 00:00:00-04:00,0.6600000262260437,0.7049999833106995,0.6010000109672546,0.6320000290870667,51900,0.0,0.0
2024-10-02 00:00:00-04:00,0.5989999771118164,0.6079999804496765,0.5099999904632568,0.515999972820282,93300,0.0,0.0
2024-10-03 00:00:00-04:00,0.5799999833106995,0.5799999833106995,0.5199999809265137,0.5389999747276306,62400,0.0,0.0
2024-10-04 00:00:00-04:00,0.5249999761581421,0.550000011920929,0.5239999890327454,0.5239999890327454,51700,0.0,0.0
2024-10-07 00:00:00-04:00,0.5490000247955322,0.5490000247955322,0.47200000286102295,0.5059999823570251,54600,0.0,0.0
2024-10-08 00:00:00-04:00,0.5189999938011169,0.5189999938011169,0.4699999988079071,0.5,53000,0.0,0.0
2024-10-09 00:00:00-04:00,0.5270000100135803,0.5270000100135803,0.47999998927116394,0.5199999809265137,39700,0.0,0.0
2024-10-10 00:00:00-04:00,0.5,0.5099999904632568,0.45500001311302185,0.492000013589859,112000,0.0,0.0
2024-10-11 00:00:00-04:00,0.4830000102519989,0.5260000228881836,0.46000000834465027,0.5189999938011169,75200,0.0,0.0
2024-10-14 00:00:00-04:00,0.4970000088214874,0.5,0.4699999988079071,0.5,33900,0.0,0.0
2024-10-15 00:00:00-04:00,0.5070000290870667,0.5099999904632568,0.46299999952316284,0.5099999904632568,38700,0.0,0.0
2024-10-16 00:00:00-04:00,0.48100000619888306,0.781000018119812,0.4050000011920929,0.5619999766349792,2076400,0.0,0.0
2024-10-17 00:00:00-04:00,0.6499999761581421,0.6940000057220459,0.550000011920929,0.5899999737739563,3956900,0.0,0.0
2024-10-18 00:00:00-04:00,0.5600000023841858,0.800000011920929,0.5600000023841858,0.7570000290870667,1364000,0.0,0.0
2024-10-21 00:00:00-04:00,0.7699999809265137,0.8799999952316284,0.6600000262260437,0.7099999785423279,701600,0.0,0.0
2024-10-22 00:00:00-04:00,0.7200000286102295,0.7200000286102295,0.6710000038146973,0.699999988079071,219300,0.0,0.0
2024-10-23 00:00:00-04:00,0.6790000200271606,0.6790000200271606,0.5509999990463257,0.5699999928474426,203800,0.0,0.0
2024-10-24 00:00:00-04:00,0.5529999732971191,0.5849999785423279,0.5,0.5460000038146973,277300,0.0,0.0
2024-10-25 00:00:00-04:00,0.5600000023841858,0.5640000104904175,0.45899999141693115,0.47999998927116394,132000,0.0,0.0
2024-10-28 00:00:00-04:00,0.47099998593330383,0.5490000247955322,0.4699999988079071,0.5490000247955322,71300,0.0,0.0
2024-10-29 00:00:00-04:00,0.5400000214576721,0.550000011920929,0.5,0.5099999904632568,55000,0.0,0.0
2024-10-30 00:00:00-04:00,0.503000020980835,0.550000011920929,0.5,0.5099999904632568,54700,0.0,0.0
2024-10-31 00:00:00-04:00,0.5099999904632568,0.550000011920929,0.48399999737739563,0.49000000953674316,88900,0.0,0.0
2024-11-01 00:00:00-04:00,0.4970000088214874,0.5099999904632568,0.38999998569488525,0.4189999997615814,235200,0.0,0.0
2024-11-04 00:00:00-05:00,0.4189999997615814,0.44999998807907104,0.4189999997615814,0.42800000309944153,58900,0.0,0.0
2024-11-05 00:00:00-05:00,0.4399999976158142,0.4399999976158142,0.4009999930858612,0.43700000643730164,62900,0.0,0.0
2024-11-06 00:00:00-05:00,0.41100001335144043,0.44999998807907104,0.38999998569488525,0.4000000059604645,144700,0.0,0.0
2024-11-07 00:00:00-05:00,0.3959999978542328,0.4300000071525574,0.3880000114440918,0.38999998569488525,66200,0.0,0.0
2024-11-08 00:00:00-05:00,0.4099999964237213,0.4189999997615814,0.28999999165534973,0.3499999940395355,371600,0.0,0.0
2024-11-11 00:00:00-05:00,0.3400000035762787,0.3499999940395355,0.3009999990463257,0.328000009059906,115000,0.0,0.0
2024-11-12 00:00:00-05:00,0.3230000138282776,0.38100001215934753,0.3230000138282776,0.35899999737739563,166000,0.0,0.0
2024-11-13 00:00:00-05:00,0.3610000014305115,0.36899998784065247,0.32899999618530273,0.34599998593330383,72600,0.0,0.0
2024-11-14 00:00:00-05:00,0.32499998807907104,0.3619999885559082,0.25999999046325684,0.2750000059604645,229200,0.0,0.0
2024-11-15 00:00:00-05:00,0.30000001192092896,0.3700000047683716,0.2849999964237213,0.3310000002384186,224400,0.0,0.0
2024-11-18 00:00:00-05:00,0.35899999737739563,0.35899999737739563,0.3019999861717224,0.3490000069141388,734600,0.0,0.0
2024-11-19 00:00:00-05:00,0.32899999618530273,0.3499999940395355,0.3140000104904175,0.3479999899864197,194500,0.0,0.0
2024-11-20 00:00:00-05:00,0.33799999952316284,0.3490000069141388,0.31700000166893005,0.3400000035762787,75100,0.0,0.0
2024-11-21 00:00:00-05:00,0.3400000035762787,0.3700000047683716,0.3199999928474426,0.36800000071525574,81600,0.0,0.0
2024-11-22 00:00:00-05:00,0.36800000071525574,0.37700000405311584,0.33399999141693115,0.35100001096725464,91600,0.0,0.0
2024-11-25 00:00:00-05:00,0.36000001430511475,0.4000000059604645,0.33000001311302185,0.3499999940395355,184000,0.0,0.0
2024-11-26 00:00:00-05:00,0.3449999988079071,0.3499999940395355,0.3160000145435333,0.328000009059906,75200,0.0,0.0
2024-11-27 00:00:00-05:00,0.3230000138282776,0.3580000102519989,0.32100000977516174,0.3400000035762787,42700,0.0,0.0
2024-11-29 00:00:00-05:00,0.3400000035762787,0.6899999976158142,0.32600000500679016,0.3880000114440918,16207500,0.0,0.0
2024-12-02 00:00:00-05:00,0.3799999952316284,0.4749999940395355,0.3580000102519989,0.4169999957084656,1367100,0.0,0.0
2024-12-03 00:00:00-05:00,0.4699999988079071,0.4749999940395355,0.38999998569488525,0.4189999997615814,397000,0.0,0.0
2024-12-04 00:00:00-05:00,0.4099999964237213,0.5199999809265137,0.38999998569488525,0.48899999260902405,459100,0.0,0.0
2024-12-05 00:00:00-05:00,0.5,0.5,0.44999998807907104,0.453000009059906,127400,0.0,0.0
2024-12-06 00:00:00-05:00,0.4869999885559082,0.5059999823570251,0.45500001311302185,0.4970000088214874,167300,0.0,0.0
2024-12-09 00:00:00-05:00,0.4819999933242798,0.5,0.460999995470047,0.4880000054836273,133800,0.0,0.0
2024-12-10 00:00:00-05:00,0.4699999988079071,0.4740000069141388,0.4339999854564667,0.4519999921321869,101200,0.0,0.0
2024-12-11 00:00:00-05:00,0.4399999976158142,0.48500001430511475,0.4099999964237213,0.4749999940395355,72900,0.0,0.0
2024-12-12 00:00:00-05:00,0.4830000102519989,0.4830000102519989,0.41200000047683716,0.4410000145435333,61400,0.0,0.0
2024-12-13 00:00:00-05:00,0.41100001335144043,0.4410000145435333,0.41100001335144043,0.4300000071525574,30900,0.0,0.0
2024-12-16 00:00:00-05:00,0.4099999964237213,0.4429999887943268,0.38100001215934753,0.4429999887943268,102900,0.0,0.0
2024-12-17 00:00:00-05:00,0.4740000069141388,0.49000000953674316,0.4300000071525574,0.4699999988079071,52300,0.0,0.0
2024-12-18 00:00:00-05:00,0.48500001430511475,0.48500001430511475,0.4410000145435333,0.45100000500679016,45800,0.0,0.0
2024-12-19 00:00:00-05:00,0.44999998807907104,0.48100000619888306,0.4350000023841858,0.45899999141693115,66700,0.0,0.0
2024-12-20 00:00:00-05:00,0.4230000078678131,0.4950000047683716,0.4230000078678131,0.4350000023841858,187800,0.0,0.0
2024-12-23 00:00:00-05:00,0.44600000977516174,0.44600000977516174,0.41999998688697815,0.42399999499320984,38800,0.0,0.0
2024-12-24 00:00:00-05:00,0.41999998688697815,0.48100000619888306,0.41999998688697815,0.4699999988079071,73100,0.0,0.0
2024-12-26 00:00:00-05:00,0.44999998807907104,0.49900001287460327,0.44999998807907104,0.460999995470047,114500,0.0,0.0
2024-12-27 00:00:00-05:00,0.44999998807907104,0.49000000953674316,0.4320000112056732,0.4659999907016754,175900,0.0,0.0
2024-12-30 00:00:00-05:00,0.4860000014305115,0.49000000953674316,0.4309999942779541,0.4779999852180481,183700,0.0,0.0
2024-12-31 00:00:00-05:00,0.46299999952316284,0.5,0.44999998807907104,0.48500001430511475,155200,0.0,0.0
2025-01-02 00:00:00-05:00,0.49000000953674316,0.9470000267028809,0.48100000619888306,0.699999988079071,11550900,0.0,0.0
2025-01-03 00:00:00-05:00,0.6499999761581421,0.6499999761581421,0.550000011920929,0.6000000238418579,13431600,0.0,0.0
2025-01-06 00:00:00-05:00,0.5979999899864197,0.5979999899864197,0.5040000081062317,0.5370000004768372,681200,0.0,0.0
2025-01-07 00:00:00-05:00,0.5210000276565552,0.5410000085830688,0.49000000953674316,0.492000013589859,380300,0.0,0.0
2025-01-08 00:00:00-05:00,0.5109999775886536,0.5199999809265137,0.4480000138282776,0.4480000138282776,338400,0.0,0.0
2025-01-10 00:00:00-05:00,0.4690000116825104,0.5,0.4519999921321869,0.4950000047683716,120600,0.0,0.0
2025-01-13 00:00:00-05:00,0.5,0.5,0.45399999618530273,0.47999998927116394,53900,0.0,0.0
2025-01-14 00:00:00-05:00,0.453000009059906,0.46799999475479126,0.41999998688697815,0.4300000071525574,190300,0.0,0.0
2025-01-15 00:00:00-05:00,0.4519999921321869,0.47200000286102295,0.40700000524520874,0.4269999861717224,113000,0.0,0.0
2025-01-16 00:00:00-05:00,0.4020000100135803,0.44600000977516174,0.4009999930858612,0.421999990940094,38100,0.0,0.0
2025-01-17 00:00:00-05:00,0.41499999165534973,0.4449999928474426,0.4020000100135803,0.40799999237060547,47200,0.0,0.0
2025-01-21 00:00:00-05:00,0.43299999833106995,0.4480000138282776,0.41100001335144043,0.4480000138282776,32800,0.0,0.0
2025-01-22 00:00:00-05:00,0.43799999356269836,0.46700000762939453,0.4300000071525574,0.4410000145435333,85900,0.0,0.0
2025-01-23 00:00:00-05:00,0.4569999873638153,0.4569999873638153,0.42899999022483826,0.4399999976158142,64000,0.0,0.0
2025-01-24 00:00:00-05:00,0.4580000042915344,0.4580000042915344,0.4099999964237213,0.41999998688697815,78000,0.0,0.0
2025-01-27 00:00:00-05:00,0.41200000047683716,0.4300000071525574,0.4050000011920929,0.42899999022483826,59200,0.0,0.0
2025-01-28 00:00:00-05:00,0.40400001406669617,0.41999998688697815,0.40299999713897705,0.41999998688697815,64900,0.0,0.0
2025-01-29 00:00:00-05:00,0.42500001192092896,0.4300000071525574,0.4000000059604645,0.41499999165534973,98200,0.0,0.0
2025-01-30 00:00:00-05:00,0.39100000262260437,0.41600000858306885,0.3700000047683716,0.3959999978542328,63800,0.0,0.0
2025-01-31 00:00:00-05:00,0.39500001072883606,0.41999998688697815,0.3659999966621399,0.3799999952316284,74900,0.0,0.0
2025-02-03 00:00:00-05:00,0.36000001430511475,0.4099999964237213,0.35100001096725464,0.4020000100135803,67000,0.0,0.0
2025-02-04 00:00:00-05:00,0.39500001072883606,0.4000000059604645,0.3700000047683716,0.38100001215934753,66200,0.0,0.0
2025-02-05 00:00:00-05:00,0.39399999380111694,0.39899998903274536,0.36000001430511475,0.36000001430511475,26700,0.0,0.0
2025-02-06 00:00:00-05:00,0.38999998569488525,0.38999998569488525,0.3569999933242798,0.3619999885559082,41100,0.0,0.0
2025-02-07 00:00:00-05:00,0.3499999940395355,0.36800000071525574,0.3400000035762787,0.35600000619888306,62400,0.0,0.0
2025-02-10 00:00:00-05:00,0.3449999988079071,0.35499998927116394,0.3230000138282776,0.32499998807907104,194200,0.0,0.0
2025-02-11 00:00:00-05:00,0.3199999928474426,0.3540000021457672,0.3199999928474426,0.33899998664855957,68200,0.0,0.0
2025-02-12 00:00:00-05:00,0.32100000977516174,0.36000001430511475,0.3199999928474426,0.3409999907016754,40600,0.0,0.0
2025-02-13 00:00:00-05:00,0.3409999907016754,0.3790000081062317,0.3409999907016754,0.36899998784065247,115700,0.0,0.0
2025-02-14 00:00:00-05:00,0.36000001430511475,0.47999998927116394,0.35600000619888306,0.4000000059604645,1536400,0.0,0.0
2025-02-18 00:00:00-05:00,0.41499999165534973,0.42800000309944153,0.33500000834465027,0.4000000059604645,657300,0.0,0.0
2025-02-19 00:00:00-05:00,0.3889999985694885,0.4090000092983246,0.36500000953674316,0.38199999928474426,240900,0.0,0.0
2025-02-20 00:00:00-05:00,0.3889999985694885,0.39100000262260437,0.36500000953674316,0.37400001287460327,76000,0.0,0.0
2025-02-21 00:00:00-05:00,0.3880000114440918,0.40700000524520874,0.3700000047683716,0.3840000033378601,83600,0.0,0.0
2025-02-24 00:00:00-05:00,0.38100001215934753,0.3919999897480011,0.35199999809265137,0.3630000054836273,117000,0.0,0.0
2025-02-25 00:00:00-05:00,0.3610000014305115,0.38999998569488525,0.3440000116825104,0.35600000619888306,44900,0.0,0.0
2025-02-26 00:00:00-05:00,0.34599998593330383,0.375,0.34599998593330383,0.3619999885559082,34200,0.0,0.0
2025-02-27 00:00:00-05:00,0.33000001311302185,0.3700000047683716,0.28999999165534973,0.34700000286102295,11066500,0.0,0.0
2025-02-28 00:00:00-05:00,0.3199999928474426,0.3230000138282776,0.2770000100135803,0.2980000078678131,513500,0.0,0.0
2025-03-03 00:00:00-05:00,0.29100000858306885,0.3059999942779541,0.27399998903274536,0.2939999997615814,224800,0.0,0.0
2025-03-04 00:00:00-05:00,0.2759999930858612,0.3240000009536743,0.25699999928474426,0.3050000071525574,204000,0.0,0.0
2025-03-05 00:00:00-05:00,0.3050000071525574,0.3199999928474426,0.28299999237060547,0.3059999942779541,50000,0.0,0.0
2025-03-06 00:00:00-05:00,0.3019999861717224,0.3149999976158142,0.28200000524520874,0.29100000858306885,92700,0.0,0.0
2025-03-07 00:00:00-05:00,0.3100000023841858,0.3100000023841858,0.27000001072883606,0.289000004529953,85400,0.0,0.0
2025-03-10 00:00:00-04:00,0.2720000147819519,0.30000001192092896,0.2720000147819519,0.27900001406669617,55500,0.0,0.0
2025-03-11 00:00:00-04:00,0.27399998903274536,0.29499998688697815,0.2630000114440918,0.28299999237060547,106000,0.0,0.0
2025-03-12 00:00:00-04:00,0.27300000190734863,0.29899999499320984,0.27300000190734863,0.2930000126361847,49200,0.0,0.0
2025-03-13 00:00:00-04:00,0.28299999237060547,0.29600000381469727,0.2800000011920929,0.2800000011920929,50400,0.0,0.0
2025-03-14 00:00:00-04:00,0.26899999380111694,0.28700000047683716,0.25999999046325684,0.28299999237060547,66600,0.0,0.0
2025-03-17 00:00:00-04:00,0.29100000858306885,0.29100000858306885,0.2800000011920929,0.2879999876022339,15800,0.0,0.0
2025-03-18 00:00:00-04:00,0.27399998903274536,0.28999999165534973,0.257999986410141,0.27799999713897705,21700,0.0,0.0
2025-03-19 00:00:00-04:00,0.28600001335144043,0.2930000126361847,0.2709999978542328,0.2800000011920929,45700,0.0,0.0
2025-03-20 00:00:00-04:00,0.29499998688697815,0.29499998688697815,0.27300000190734863,0.2750000059604645,17900,0.0,0.0
2025-03-21 00:00:00-04:00,0.2709999978542328,0.29600000381469727,0.27000001072883606,0.2930000126361847,23300,0.0,0.0
2025-03-24 00:00:00-04:00,0.28299999237060547,0.2930000126361847,0.27300000190734863,0.2840000092983246,48300,0.0,0.0
2025-03-25 00:00:00-04:00,0.2800000011920929,0.28999999165534973,0.25999999046325684,0.25999999046325684,76800,0.0,0.0
2025-03-26 00:00:00-04:00,0.27000001072883606,0.27000001072883606,0.2409999966621399,0.2549999952316284,95300,0.0,0.0
2025-03-27 00:00:00-04:00,0.25999999046325684,0.28200000524520874,0.24199999868869781,0.2619999945163727,248500,0.0,0.0
2025-03-28 00:00:00-04:00,0.25,0.25999999046325684,0.20999999344348907,0.22499999403953552,104900,0.0,0.0
2025-03-31 00:00:00-04:00,0.210999995470047,0.23899999260902405,0.20999999344348907,0.2280000001192093,55600,0.0,0.0
2025-04-01 00:00:00-04:00,0.24799999594688416,0.24899999797344208,0.2199999988079071,0.2290000021457672,263800,0.0,0.0
2025-04-02 00:00:00-04:00,0.2370000034570694,0.24799999594688416,0.20000000298023224,0.20200000703334808,528700,0.0,0.0
2025-04-03 00:00:00-04:00,0.19599999487400055,0.21899999678134918,0.17000000178813934,0.1770000010728836,274100,0.0,0.0
2025-04-04 00:00:00-04:00,0.17000000178813934,0.1720000058412552,0.11400000005960464,0.1550000011920929,415400,0.0,0.0
2025-04-07 00:00:00-04:00,0.1509999930858612,0.17399999499320984,0.1340000033378601,0.16500000655651093,209300,0.0,0.0
2025-04-08 00:00:00-04:00,0.17399999499320984,0.18000000715255737,0.1599999964237213,0.1599999964237213,197000,0.0,0.0
2025-04-09 00:00:00-04:00,0.1599999964237213,0.1860000044107437,0.1459999978542328,0.18000000715255737,116000,0.0,0.0
2025-04-10 00:00:00-04:00,0.17000000178813934,0.17900000512599945,0.16300000250339508,0.16599999368190765,91800,0.0,0.0
2025-04-11 00:00:00-04:00,0.17000000178813934,0.1720000058412552,0.15800000727176666,0.17000000178813934,61600,0.0,0.0
2025-04-14 00:00:00-04:00,0.17900000512599945,0.17900000512599945,0.1599999964237213,0.17399999499320984,70400,0.0,0.0
2025-04-15 00:00:00-04:00,0.16899999976158142,0.1860000044107437,0.16099999845027924,0.17599999904632568,71200,0.0,0.0
2025-04-16 00:00:00-04:00,0.18000000715255737,0.1809999942779541,0.16099999845027924,0.16699999570846558,61100,0.0,0.0
2025-04-17 00:00:00-04:00,0.16599999368190765,0.17000000178813934,0.1599999964237213,0.17000000178813934,26900,0.0,0.0
2025-04-21 00:00:00-04:00,0.17499999701976776,0.18000000715255737,0.15700000524520874,0.15700000524520874,43800,0.0,0.0
2025-04-22 00:00:00-04:00,0.14800000190734863,0.1679999977350235,0.14399999380111694,0.15600000321865082,133800,0.0,0.0
2025-04-23 00:00:00-04:00,0.15299999713897705,0.1599999964237213,0.15000000596046448,0.15199999511241913,36100,0.0,0.0
2025-04-24 00:00:00-04:00,0.1550000011920929,0.16500000655651093,0.1469999998807907,0.1589999943971634,52800,0.0,0.0
2025-04-25 00:00:00-04:00,0.15299999713897705,0.18199999630451202,0.15299999713897705,0.1720000058412552,120600,0.0,0.0
2025-04-28 00:00:00-04:00,0.1860000044107437,0.1899999976158142,0.17399999499320984,0.1809999942779541,171000,0.0,0.0
2025-04-29 00:00:00-04:00,0.1809999942779541,0.19099999964237213,0.17000000178813934,0.17000000178813934,70700,0.0,0.0
2025-04-30 00:00:00-04:00,0.17100000381469727,0.17499999701976776,0.16300000250339508,0.16500000655651093,50700,0.0,0.0
2025-05-01 00:00:00-04:00,0.16099999845027924,0.20000000298023224,0.16099999845027924,0.18199999630451202,651600,0.0,0.0
2025-05-02 00:00:00-04:00,0.1850000023841858,0.1899999976158142,0.16599999368190765,0.17499999701976776,371200,0.0,0.0
2025-05-05 00:00:00-04:00,0.19300000369548798,0.19300000369548798,0.16699999570846558,0.17000000178813934,67300,0.0,0.0
2025-05-06 00:00:00-04:00,0.17800000309944153,0.1889999955892563,0.16899999976158142,0.18000000715255737,261000,0.0,0.0
2025-05-07 00:00:00-04:00,0.18000000715255737,0.18199999630451202,0.16099999845027924,0.16599999368190765,231200,0.0,0.0
2025-05-08 00:00:00-04:00,0.17299999296665192,0.17299999296665192,0.15199999511241913,0.1599999964237213,234700,0.0,0.0
2025-05-09 00:00:00-04:00,0.17399999499320984,0.1899999976158142,0.16300000250339508,0.16599999368190765,288000,0.0,0.0
2025-05-12 00:00:00-04:00,0.16599999368190765,0.35600000619888306,0.15199999511241913,0.17399999499320984,21791500,0.0,0.0
2025-05-13 00:00:00-04:00,0.1459999978542328,0.1459999978542328,0.11500000208616257,0.12999999523162842,2373100,0.0,0.0
2025-05-14 00:00:00-04:00,0.12600000202655792,0.5680000185966492,0.12600000202655792,0.289000004529953,529962600,0.0,0.0
2025-05-15 00:00:00-04:00,0.18400000035762787,0.23000000417232513,0.17000000178813934,0.19699999690055847,13624200,0.0,0.0
2025-05-16 00:00:00-04:00,0.2370000034570694,0.25,0.19699999690055847,0.22499999403953552,73880900,0.0,0.0
2025-05-19 00:00:00-04:00,0.2150000035762787,0.3100000023841858,0.20000000298023224,0.23100000619888306,13403800,0.0,0.0
2025-05-20 00:00:00-04:00,0.2199999988079071,0.23000000417232513,0.2029999941587448,0.21799999475479126,1977300,0.0,0.0
2025-05-21 00:00:00-04:00,0.20200000703334808,0.20499999821186066,0.16500000655651093,0.18000000715255737,1875800,0.0,0.0
2025-05-22 00:00:00-04:00,0.18700000643730164,0.19300000369548798,0.18000000715255737,0.1889999955892563,975200,0.0,0.0
2025-05-23 00:00:00-04:00,0.1850000023841858,0.19900000095367432,0.18000000715255737,0.19200000166893005,13109900,0.0,0.0
2025-05-27 00:00:00-04:00,0.20200000703334808,0.22699999809265137,0.19200000166893005,0.20600000023841858,4597100,0.0,0.0
2025-05-28 00:00:00-04:00,0.1899999976158142,0.20999999344348907,0.1860000044107437,0.20999999344348907,1311300,0.0,0.0
2025-05-29 00:00:00-04:00,0.1850000023841858,0.20000000298023224,0.1850000023841858,0.19200000166893005,1038900,0.0,0.0
2025-05-30 00:00:00-04:00,0.18000000715255737,0.1899999976158142,0.17599999904632568,0.18199999630451202,632300,0.0,0.0
2025-06-02 00:00:00-04:00,0.17599999904632568,0.17800000309944153,0.1599999964237213,0.17499999701976776,1184200,0.0,0.0
2025-06-03 00:00:00-04:00,0.1679999977350235,0.1850000023841858,0.16599999368190765,0.17399999499320984,711600,0.0,0.0
2025-06-04 00:00:00-04:00,0.16099999845027924,0.18700000643730164,0.16099999845027924,0.1809999942779541,829900,0.0,0.0
2025-06-05 00:00:00-04:00,0.17299999296665192,0.20900000631809235,0.17000000178813934,0.19499999284744263,3281800,0.0,0.0
2025-06-06 00:00:00-04:00,0.20999999344348907,0.3149999976158142,0.20000000298023224,0.20499999821186066,27919700,0.0,0.0
2025-06-09 00:00:00-04:00,0.7179999947547913,1.840000033378601,0.6449999809265137,1.8200000524520874,1108690900,0.0,0.0
2025-06-10 00:00:00-04:00,2.9700000286102295,3.9100000858306885,1.725000023841858,2.009999990463257,340916500,0.0,0.0
2025-06-11 00:00:00-04:00,1.75,1.7599999904632568,1.2999999523162842,1.4500000476837158,46092300,0.0,0.0
2025-06-12 00:00:00-04:00,1.9299999475479126,2.450000047683716,1.7699999809265137,2.0,129732700,0.0,0.0
2025-06-13 00:00:00-04:00,1.8450000286102295,2.0199999809265137,1.600000023841858,1.600000023841858,17424700,0.0,0.0
2025-06-16 00:00:00-04:00,1.875,1.899999976158142,1.6399999856948853,1.659999966621399,14708900,0.0,0.0
2025-06-17 00:00:00-04:00,1.600000023841858,1.6100000143051147,1.399999976158142,1.5499999523162842,8380000,0.0,0.0
2025-06-18 00:00:00-04:00,1.5199999809265137,1.559999942779541,1.399999976158142,1.5,3700200,0.0,0.0
2025-06-20 00:00:00-04:00,1.4500000476837158,1.6699999570846558,1.409999966621399,1.5399999618530273,6362900,0.0,0.0
2025-06-23 00:00:00-04:00,1.4299999475479126,1.4600000381469727,1.2000000476837158,1.2000000476837158,5415000,0.0,0.0
2025-06-24 00:00:00-04:00,1.284999966621399,1.4900000095367432,1.2400000095367432,1.440000057220459,9458500,0.0,0.0
2025-06-25 00:00:00-04:00,1.315000057220459,1.3899999856948853,1.2300000190734863,1.25,3236600,0.0,0.0
2025-06-26 00:00:00-04:00,1.2400000095367432,1.25,1.0700000524520874,1.1299999952316284,4454800,0.0,0.0
2025-06-27 00:00:00-04:00,1.0850000381469727,1.090000033378601,0.6809999942779541,0.7200000286102295,8343100,0.0,0.0
2025-06-30 00:00:00-04:00,1.0149999856948853,1.3899999856948853,0.9800000190734863,1.1299999952316284,136262200,0.0,0.0
2025-07-01 00:00:00-04:00,1.0399999618530273,1.1399999856948853,0.9610000252723694,1.059999942779541,8230900,0.0,0.0
2025-07-02 00:00:00-04:00,1.0700000524520874,1.2200000286102295,1.0199999809265137,1.190000057220459,5703900,0.0,0.0
2025-07-03 00:00:00-04:00,1.190000057220459,1.2200000286102295,1.059999942779541,1.1399999856948853,4222400,0.0,0.0
2025-07-07 00:00:00-04:00,1.1100000143051147,1.350000023841858,1.0700000524520874,1.3300000429153442,6950200,0.0,0.0
2025-07-08 00:00:00-04:00,1.2999999523162842,1.4199999570846558,1.2450000047683716,1.340000033378601,4269700,0.0,0.0
2025-07-09 00:00:00-04:00,1.350000023841858,1.4800000190734863,1.2400000095367432,1.3700000047683716,4675400,0.0,0.0
2025-07-10 00:00:00-04:00,1.6299999952316284,1.649999976158142,1.3899999856948853,1.4600000381469727,62461300,0.0,0.0
2025-07-11 00:00:00-04:00,1.350000023841858,1.5199999809265137,1.2999999523162842,1.2999999523162842,5549000,0.0,0.0
2025-07-14 00:00:00-04:00,1.2450000047683716,1.2999999523162842,1.1399999856948853,1.25,3698500,0.0,0.0
2025-07-15 00:00:00-04:00,1.2649999856948853,1.3700000047683716,1.2200000286102295,1.350000023841858,3111800,0.0,0.0
2025-07-16 00:00:00-04:00,1.350000023841858,1.3799999952316284,1.2799999713897705,1.2799999713897705,3331100,0.0,0.0
2025-07-17 00:00:00-04:00,1.2599999904632568,1.3600000143051147,1.2300000190734863,1.3600000143051147,3362600,0.0,0.0
2025-07-18 00:00:00-04:00,1.340000033378601,1.3799999952316284,1.2699999809265137,1.2899999618530273,2437000,0.0,0.0
2025-07-21 00:00:00-04:00,1.2899999618530273,1.2990000247955322,1.2000000476837158,1.2000000476837158,2109200,0.0,0.0
2025-07-22 00:00:00-04:00,1.2000000476837158,1.350000023841858,1.1299999952316284,1.350000023841858,3475400,0.0,0.0
2025-07-23 00:00:00-04:00,1.2999999523162842,1.340000033378601,1.25,1.2699999809265137,1707200,0.0,0.0
2025-07-24 00:00:00-04:00,1.2599999904632568,1.340000033378601,1.2400000095367432,1.2699999809265137,1530300,0.0,0.0
2025-07-25 00:00:00-04:00,1.2699999809265137,1.2799999713897705,1.2200000286102295,1.2300000190734863,1034600,0.0,0.0
2025-07-28 00:00:00-04:00,1.2100000381469727,1.2300000190734863,1.1200000047683716,1.1299999952316284,1880000,0.0,0.0
2025-07-29 00:00:00-04:00,1.100000023841858,1.1200000047683716,0.9210000038146973,0.9599999785423279,3528000,0.0,0.0
2025-07-30 00:00:00-04:00,0.9679999947547913,1.0800000429153442,0.9639999866485596,0.9909999966621399,1861300,0.0,0.0
2025-07-31 00:00:00-04:00,0.9810000061988831,1.0299999713897705,0.949999988079071,0.9639999866485596,1087700,0.0,0.0
2025-08-01 00:00:00-04:00,0.9300000071525574,0.9520000219345093,0.8999999761581421,0.9200000166893005,865300,0.0,0.0
2025-08-04 00:00:00-04:00,0.9200000166893005,1.0,0.9200000166893005,0.9990000128746033,1017900,0.0,0.0
2025-08-05 00:00:00-04:00,1.0399999618530273,1.0449999570846558,0.9580000042915344,0.9800000190734863,1007900,0.0,0.0
2025-08-06 00:00:00-04:00,0.9549999833106995,1.0199999809265137,0.9100000262260437,0.9509999752044678,1146400,0.0,0.0
2025-08-07 00:00:00-04:00,0.9800000190734863,0.9819999933242798,0.9300000071525574,0.9419999718666077,1126100,0.0,0.0
2025-08-08 00:00:00-04:00,0.9459999799728394,0.9570000171661377,0.8799999952316284,0.9039999842643738,1092800,0.0,0.0
2025-08-11 00:00:00-04:00,0.8820000290870667,0.8949999809265137,0.8100000023841858,0.8320000171661377,1646900,0.0,0.0
2025-08-12 00:00:00-04:00,0.8500000238418579,0.8690000176429749,0.7820000052452087,0.8069999814033508,1634600,0.0,0.0
2025-08-13 00:00:00-04:00,0.800000011920929,0.8199999928474426,0.765999972820282,0.7940000295639038,1088700,0.0,0.0
2025-08-14 00:00:00-04:00,0.7879999876022339,0.8119999766349792,0.7599999904632568,0.7789999842643738,1069800,0.0,0.0
2025-08-15 00:00:00-04:00,0.7599999904632568,0.9049999713897705,0.7599999904632568,0.8600000143051147,2318200,0.0,0.0
2025-08-18 00:00:00-04:00,0.8700000047683716,0.949999988079071,0.7699999809265137,0.7860000133514404,3798300,0.0,0.0
2025-08-19 00:00:00-04:00,0.800000011920929,0.8090000152587891,0.7599999904632568,0.7839999794960022,1516200,0.0,0.0
2025-08-20 00:00:00-04:00,0.7850000262260437,0.7900000214576721,0.7099999785423279,0.718999981880188,1488800,0.0,0.0
2025-08-21 00:00:00-04:00,0.7099999785423279,0.75,0.6600000262260437,0.6800000071525574,1402200,0.0,0.0
2025-08-22 00:00:00-04:00,0.6940000057220459,0.7490000128746033,0.6940000057220459,0.7490000128746033,1493800,0.0,0.0
2025-08-25 00:00:00-04:00,0.7440000176429749,0.7689999938011169,0.7210000157356262,0.7540000081062317,1085500,0.0,0.0
2025-08-26 00:00:00-04:00,0.7599999904632568,0.7889999747276306,0.7319999933242798,0.7369999885559082,973800,0.0,0.0
2025-08-27 00:00:00-04:00,0.7400000095367432,0.7599999904632568,0.7120000123977661,0.7300000190734863,713900,0.0,0.0
2025-08-28 00:00:00-04:00,0.75,0.7590000033378601,0.7099999785423279,0.7250000238418579,845800,0.0,0.0
2025-08-29 00:00:00-04:00,0.7200000286102295,0.7200000286102295,0.6830000281333923,0.6940000057220459,958600,0.0,0.0
2025-09-02 00:00:00-04:00,0.6880000233650208,0.6899999976158142,0.6100000143051147,0.6200000047683716,2025500,0.0,0.0
2025-09-03 00:00:00-04:00,0.6190000176429749,0.6299999952316284,0.5730000138282776,0.5889999866485596,1316400,0.0,0.0
2025-09-04 00:00:00-04:00,0.5740000009536743,0.5870000123977661,0.453000009059906,0.4950000047683716,9387100,0.0,0.0
2025-09-05 00:00:00-04:00,0.5479999780654907,0.5519999861717224,0.4230000078678131,0.48500001430511475,15696700,0.0,0.0
2025-09-08 00:00:00-04:00,0.4699999988079071,0.5199999809265137,0.4449999928474426,0.5009999871253967,2485100,0.0,0.0
2025-09-09 00:00:00-04:00,0.49000000953674316,0.5400000214576721,0.49000000953674316,0.5379999876022339,2027600,0.0,0.0
2025-09-10 00:00:00-04:00,0.5479999780654907,0.5759999752044678,0.5180000066757202,0.5199999809265137,2030300,0.0,0.0
2025-09-11 00:00:00-04:00,0.5199999809265137,0.6299999952316284,0.5199999809265137,0.6190000176429749,2678700,0.0,0.0
2025-09-12 00:00:00-04:00,0.6510000228881836,0.6690000295639038,0.5699999928474426,0.5899999737739563,2722500,0.0,0.0
2025-09-15 00:00:00-04:00,0.5929999947547913,0.6050000190734863,0.5659999847412109,0.5860000252723694,1593500,0.0,0.0
2025-09-16 00:00:00-04:00,0.5849999785423279,0.6000000238418579,0.5569999814033508,0.5910000205039978,1403200,0.0,0.0
2025-09-17 00:00:00-04:00,0.5899999737739563,0.6000000238418579,0.5699999928474426,0.5699999928474426,1144400,0.0,0.0
2025-09-18 00:00:00-04:00,0.5799999833106995,0.5820000171661377,0.550000011920929,0.550000011920929,1065800,0.0,0.0
2025-09-19 00:00:00-04:00,0.550000011920929,0.5699999928474426,0.5350000262260437,0.5519999861717224,1889200,0.0,0.0
2025-09-22 00:00:00-04:00,0.550000011920929,0.5770000219345093,0.5460000038146973,0.550000011920929,1266900,0.0,0.0
2025-09-23 00:00:00-04:00,0.5540000200271606,0.5540000200271606,0.5199999809265137,0.5199999809265137,1076400,0.0,0.0
2025-09-24 00:00:00-04:00,0.5199999809265137,0.5289999842643738,0.49399998784065247,0.5049999952316284,1034400,0.0,0.0
2025-09-25 00:00:00-04:00,0.5,0.5090000033378601,0.4699999988079071,0.47699999809265137,1073500,0.0,0.0
2025-09-26 00:00:00-04:00,0.46000000834465027,0.47600001096725464,0.44999998807907104,0.45500001311302185,1008700,0.0,0.0
2025-09-29 00:00:00-04:00,0.44999998807907104,0.5400000214576721,0.44999998807907104,0.5059999823570251,3988300,0.0,0.0
2025-09-30 00:00:00-04:00,0.5090000033378601,0.5479999780654907,0.46399998664855957,0.48500001430511475,11744500,0.0,0.0
2025-10-01 00:00:00-04:00,0.48899999260902405,0.48899999260902405,0.4519999921321869,0.4659999907016754,2715900,0.0,0.0
2025-10-02 00:00:00-04:00,0.46000000834465027,0.48100000619888306,0.4399999976158142,0.45100000500679016,2768100,0.0,0.0
2025-10-03 00:00:00-04:00,0.4699999988079071,0.492000013589859,0.4519999921321869,0.492000013589859,1532700,0.0,0.0
2025-10-06 00:00:00-04:00,0.4880000054836273,0.5299999713897705,0.47600001096725464,0.5199999809265137,1815300,0.0,0.0
2025-10-07 00:00:00-04:00,0.5360000133514404,0.6000000238418579,0.5120000243186951,0.593999981880188,6283300,0.0,0.0
2025-10-08 00:00:00-04:00,0.5830000042915344,0.6100000143051147,0.5249999761581421,0.5799999833106995,4987000,0.0,0.0
2025-10-09 00:00:00-04:00,0.5649999976158142,0.6209999918937683,0.5649999976158142,0.6190000176429749,1806200,0.0,0.0
2025-10-10 00:00:00-04:00,0.6380000114440918,0.6650000214576721,0.5809999704360962,0.5849999785423279,2189000,0.0,0.0
2025-10-13 00:00:00-04:00,0.6000000238418579,0.6190000176429749,0.574999988079071,0.6179999709129333,922700,0.0,0.0
2025-10-14 00:00:00-04:00,0.6000000238418579,0.6449999809265137,0.5809999704360962,0.6190000176429749,861100,0.0,0.0
2025-10-15 00:00:00-04:00,0.6200000047683716,0.6959999799728394,0.6119999885559082,0.6600000262260437,2685700,0.0,0.0
2025-10-16 00:00:00-04:00,0.6700000166893005,0.7200000286102295,0.5789999961853027,0.6190000176429749,3119200,0.0,0.0
2025-10-17 00:00:00-04:00,0.6100000143051147,0.6179999709129333,0.5879999995231628,0.6010000109672546,583000,0.0,0.0
2025-10-20 00:00:00-04:00,0.6100000143051147,0.6119999885559082,0.5879999995231628,0.6000000238418579,522000,0.0,0.0
2025-10-21 00:00:00-04:00,0.5899999737739563,0.6000000238418579,0.550000011920929,0.5609999895095825,871100,0.0,0.0
2025-10-22 00:00:00-04:00,0.5400000214576721,0.5410000085830688,0.5099999904632568,0.5339999794960022,1029400,0.0,0.0
2025-10-23 00:00:00-04:00,0.5180000066757202,0.5440000295639038,0.5099999904632568,0.5389999747276306,496500,0.0,0.0
2025-10-24 00:00:00-04:00,0.5320000052452087,0.5699999928474426,0.5199999809265137,0.5630000233650208,777100,0.0,0.0
2025-10-27 00:00:00-04:00,0.5759999752044678,0.5799999833106995,0.5400000214576721,0.5450000166893005,637100,0.0,0.0
2025-10-28 00:00:00-04:00,0.527999997138977,0.5490000247955322,0.5149999856948853,0.5249999761581421,431900,0.0,0.0
2025-10-29 00:00:00-04:00,0.5299999713897705,0.5299999713897705,0.5049999952316284,0.515999972820282,363400,0.0,0.0
2025-10-30 00:00:00-04:00,0.5040000081062317,0.5550000071525574,0.4950000047683716,0.5429999828338623,1351800,0.0,0.0
2025-10-31 00:00:00-04:00,0.5609999895095825,0.5799999833106995,0.5199999809265137,0.5299999713897705,717700,0.0,0.0
2025-11-03 00:00:00-05:00,0.5410000085830688,0.5450000166893005,0.5099999904632568,0.5130000114440918,363900,0.0,0.0
2025-11-04 00:00:00-05:00,0.5049999952316284,0.5049999952316284,0.46000000834465027,0.4729999899864197,922600,0.0,0.0
2025-11-05 00:00:00-05:00,0.47999998927116394,0.47999998927116394,0.4620000123977661,0.47200000286102295,360800,0.0,0.0
2025-11-06 00:00:00-05:00,0.47999998927116394,0.49000000953674316,0.4429999887943268,0.4830000102519989,829700,0.0,0.0
2025-11-07 00:00:00-05:00,0.4699999988079071,0.49000000953674316,0.4560000002384186,0.46799999475479126,901300,0.0,0.0
2025-11-10 00:00:00-05:00,0.5040000081062317,0.5600000023841858,0.48100000619888306,0.5479999780654907,1846700,0.0,0.0
2025-11-11 00:00:00-05:00,0.5199999809265137,0.5400000214576721,0.5099999904632568,0.5120000243186951,669800,0.0,0.0
2025-11-12 00:00:00-05:00,0.5,0.5199999809265137,0.5,0.515999972820282,227200,0.0,0.0
2025-11-13 00:00:00-05:00,0.5059999823570251,0.5180000066757202,0.47099998593330383,0.4749999940395355,392800,0.0,0.0
2025-11-14 00:00:00-05:00,0.46000000834465027,0.4880000054836273,0.44999998807907104,0.4659999907016754,312000,0.0,0.0
2025-11-17 00:00:00-05:00,0.47999998927116394,0.47999998927116394,0.46000000834465027,0.4650000035762787,386100,0.0,0.0
2025-11-18 00:00:00-05:00,0.44999998807907104,0.48500001430511475,0.44999998807907104,0.47200000286102295,452200,0.0,0.0
2025-11-19 00:00:00-05:00,0.46299999952316284,0.49000000953674316,0.4449999928474426,0.45399999618530273,378700,0.0,0.0
2025-11-20 00:00:00-05:00,0.45100000500679016,0.46000000834465027,0.4009999930858612,0.4020000100135803,890100,0.0,0.0
2025-11-21 00:00:00-05:00,0.41499999165534973,0.4749999940395355,0.3919999897480011,0.46299999952316284,2401000,0.0,0.0
2025-11-24 00:00:00-05:00,0.46000000834465027,0.5,0.44999998807907104,0.4970000088214874,810400,0.0,0.0
2025-11-25 00:00:00-05:00,0.5,0.5099999904632568,0.48899999260902405,0.49399998784065247,685400,0.0,0.0
2025-11-26 00:00:00-05:00,0.48500001430511475,0.48500001430511475,0.44999998807907104,0.44999998807907104,582200,0.0,0.0
2025-11-28 00:00:00-05:00,0.44999998807907104,0.4860000014305115,0.4440000057220459,0.4749999940395355,539600,0.0,0.0
2025-12-01 00:00:00-05:00,0.4699999988079071,0.4699999988079071,0.4300000071525574,0.4320000112056732,578200,0.0,0.0
2025-12-02 00:00:00-05:00,0.4320000112056732,0.44200000166893005,0.42100000381469727,0.43299999833106995,338800,0.0,0.0
2025-12-03 00:00:00-05:00,0.4399999976158142,0.47999998927116394,0.42800000309944153,0.47600001096725464,649800,0.0,0.0
2025-12-04 00:00:00-05:00,0.4620000123977661,0.5090000033378601,0.45899999141693115,0.49000000953674316,775700,0.0,0.0
2025-12-05 00:00:00-05:00,0.5099999904632568,0.5199999809265137,0.49000000953674316,0.5009999871253967,766600,0.0,0.0
2025-12-08 00:00:00-05:00,0.48899999260902405,0.48899999260902405,0.414000004529953,0.45100000500679016,1977000,0.0,0.0
2025-12-09 00:00:00-05:00,0.45399999618530273,0.46000000834465027,0.43299999833106995,0.44999998807907104,691100,0.0,0.0
2025-12-10 00:00:00-05:00,0.44999998807907104,0.44999998807907104,0.4320000112056732,0.4390000104904175,378000,0.0,0.0
2025-12-11 00:00:00-05:00,0.4300000071525574,0.4399999976158142,0.41999998688697815,0.42399999499320984,500800,0.0,0.0
2025-12-12 00:00:00-05:00,0.43700000643730164,0.43700000643730164,0.4000000059604645,0.4000000059604645,949700,0.0,0.0
2025-12-15 00:00:00-05:00,0.41200000047683716,0.41200000047683716,0.3799999952316284,0.3799999952316284,703300,0.0,0.0
2025-12-16 00:00:00-05:00,0.3700000047683716,0.39899998903274536,0.3659999966621399,0.38999998569488525,796300,0.0,0.0
2025-12-17 00:00:00-05:00,0.3779999911785126,0.4000000059604645,0.3610000014305115,0.3610000014305115,575700,0.0,0.0
2025-12-18 00:00:00-05:00,0.375,0.39500001072883606,0.3630000054836273,0.3630000054836273,668700,0.0,0.0
2025-12-19 00:00:00-05:00,0.3659999966621399,0.39500001072883606,0.3659999966621399,0.3880000114440918,671000,0.0,0.0
2025-12-22 00:00:00-05:00,0.375,0.3880000114440918,0.3630000054836273,0.3630000054836273,1461300,0.0,0.0
2025-12-23 00:00:00-05:00,0.36000001430511475,0.382999986410141,0.35499998927116394,0.36500000953674316,570500,0.0,0.0
2025-12-24 00:00:00-05:00,0.3499999940395355,0.36800000071525574,0.3499999940395355,0.36399999260902405,418400,0.0,0.0
2025-12-26 00:00:00-05:00,0.3499999940395355,0.3630000054836273,0.3449999988079071,0.34700000286102295,614200,0.0,0.0
2025-12-29 00:00:00-05:00,0.34700000286102295,0.3580000102519989,0.3199999928474426,0.3230000138282776,1142600,0.0,0.0
2025-12-30 00:00:00-05:00,0.3149999976158142,0.33899998664855957,0.2939999997615814,0.3019999861717224,1017400,0.0,0.0
2025-12-31 00:00:00-05:00,0.30000001192092896,0.3059999942779541,0.2759999930858612,0.289000004529953,1300600,0.0,0.0
2026-01-02 00:00:00-05:00,0.2849999964237213,0.32100000977516174,0.2849999964237213,0.3199999928474426,608100,0.0,0.0
2026-01-05 00:00:00-05:00,0.3310000002384186,0.3319999873638153,0.31299999356269836,0.32100000977516174,421200,0.0,0.0
2026-01-06 00:00:00-05:00,0.3190000057220459,0.3319999873638153,0.3160000145435333,0.32600000500679016,334900,0.0,0.0
2026-01-07 00:00:00-05:00,0.33000001311302185,0.3409999907016754,0.3199999928474426,0.33799999952316284,620300,0.0,0.0
2026-01-08 00:00:00-05:00,0.3400000035762787,0.36000001430511475,0.3310000002384186,0.34200000762939453,558400,0.0,0.0
2026-01-09 00:00:00-05:00,0.3499999940395355,0.35600000619888306,0.33799999952316284,0.33799999952316284,320400,0.0,0.0
2026-01-12 00:00:00-05:00,0.33500000834465027,0.3479999899864197,0.33000001311302185,0.33899998664855957,414300,0.0,0.0
2026-01-13 00:00:00-05:00,0.34200000762939453,0.36000001430511475,0.3199999928474426,0.32100000977516174,1048900,0.0,0.0
2026-01-14 00:00:00-05:00,0.3059999942779541,0.3140000104904175,0.2939999997615814,0.3019999861717224,845400,0.0,0.0
2026-01-15 00:00:00-05:00,0.3019999861717224,0.33899998664855957,0.2919999957084656,0.31299999356269836,1347600,0.0,0.0
2026-01-16 00:00:00-05:00,0.3199999928474426,0.33799999952316284,0.3190000057220459,0.328000009059906,440500,0.0,0.0
2026-01-20 00:00:00-05:00,0.32499998807907104,0.32600000500679016,0.3100000023841858,0.3109999895095825,332100,0.0,0.0
2026-01-21 00:00:00-05:00,0.3109999895095825,0.33899998664855957,0.3009999990463257,0.33000001311302185,590600,0.0,0.0
2026-01-22 00:00:00-05:00,0.33000001311302185,0.3610000014305115,0.32100000977516174,0.3409999907016754,922700,0.0,0.0
2026-01-23 00:00:00-05:00,0.34599998593330383,0.3499999940395355,0.32499998807907104,0.32600000500679016,470600,0.0,0.0
2026-01-26 00:00:00-05:00,0.3199999928474426,0.32600000500679016,0.3109999895095825,0.3149999976158142,376300,0.0,0.0
2026-01-27 00:00:00-05:00,0.3199999928474426,0.3199999928474426,0.3019999861717224,0.3100000023841858,289500,0.0,0.0
2026-01-28 00:00:00-05:00,0.3100000023841858,0.3160000145435333,0.28999999165534973,0.2930000126361847,922600,0.0,0.0
2026-01-29 00:00:00-05:00,0.30000001192092896,0.30000001192092896,0.27000001072883606,0.2770000100135803,510200,0.0,0.0
2026-01-30 00:00:00-05:00,0.257999986410141,0.29499998688697815,0.25699999928474426,0.2709999978542328,1088200,0.0,0.0
2026-02-02 00:00:00-05:00,0.25,0.289000004529953,0.25,0.26899999380111694,656000,0.0,0.0
2026-02-03 00:00:00-05:00,0.2800000011920929,0.2800000011920929,0.25600001215934753,0.26100000739097595,292300,0.0,0.0
2026-02-04 00:00:00-05:00,0.25999999046325684,0.26600000262260437,0.24400000274181366,0.2540000081062317,351100,0.0,0.0
2026-02-05 00:00:00-05:00,0.25,0.2549999952316284,0.2199999988079071,0.22100000083446503,1303500,0.0,0.0
2026-02-06 00:00:00-05:00,0.23100000619888306,0.24300000071525574,0.22300000488758087,0.23999999463558197,605200,0.0,0.0
2026-02-09 00:00:00-05:00,0.23999999463558197,0.2540000081062317,0.23999999463558197,0.2409999966621399,262100,0.0,0.0
2026-02-10 00:00:00-05:00,0.23999999463558197,0.257999986410141,0.2329999953508377,0.2329999953508377,363700,0.0,0.0
2026-02-11 00:00:00-05:00,0.23999999463558197,0.25099998712539673,0.22499999403953552,0.23100000619888306,421100,0.0,0.0
2026-02-12 00:00:00-05:00,0.23000000417232513,0.2370000034570694,0.210999995470047,0.21799999475479126,580600,0.0,0.0
2026-02-13 00:00:00-05:00,0.2160000056028366,0.23000000417232513,0.20999999344348907,0.22100000083446503,248300,0.0,0.0
2026-02-17 00:00:00-05:00,0.22499999403953552,0.22499999403953552,0.21299999952316284,0.2160000056028366,151800,0.0,0.0
2026-02-18 00:00:00-05:00,0.2150000035762787,0.23800000548362732,0.2150000035762787,0.23600000143051147,1908900,0.0,0.0
2026-02-19 00:00:00-05:00,0.23399999737739563,0.2409999966621399,0.22699999809265137,0.23600000143051147,426100,0.0,0.0
2026-02-20 00:00:00-05:00,0.2409999966621399,0.26499998569488525,0.22699999809265137,0.2529999911785126,1239100,0.0,0.0
2026-02-23 00:00:00-05:00,0.25999999046325684,0.4320000112056732,0.2590000033378601,0.4099999964237213,35779000,0.0,0.0
2026-02-24 00:00:00-05:00,0.34700000286102295,0.44999998807907104,0.3330000042915344,0.35899999737739563,8167400,0.0,0.0
2026-02-25 00:00:00-05:00,0.36800000071525574,0.4300000071525574,0.3490000069141388,0.4259999990463257,4183700,0.0,0.0
2026-02-26 00:00:00-05:00,0.4259999990463257,0.550000011920929,0.4259999990463257,0.4779999852180481,7702800,0.0,0.0
2026-02-27 00:00:00-05:00,0.49000000953674316,0.6800000071525574,0.47999998927116394,0.5320000052452087,13095500,0.0,0.0
2026-03-02 00:00:00-05:00,0.5,0.6520000100135803,0.4399999976158142,0.6460000276565552,3584100,0.0,0.0
2026-03-03 00:00:00-05:00,0.656000018119812,0.656000018119812,0.49399998784065247,0.5379999876022339,3948500,0.0,0.0
2026-03-04 00:00:00-05:00,0.640999972820282,0.7400000095367432,0.3700000047683716,0.4129999876022339,60609800,0.0,0.0
2026-03-05 00:00:00-05:00,0.4099999964237213,0.4300000071525574,0.3700000047683716,0.41999998688697815,6643800,0.0,0.0
2026-03-06 00:00:00-05:00,0.4000000059604645,0.46399998664855957,0.3970000147819519,0.45899999141693115,3643000,0.0,0.0
2026-03-09 00:00:00-04:00,0.45899999141693115,0.47999998927116394,0.4009999930858612,0.47099998593330383,2526900,0.0,0.0
2026-03-10 00:00:00-04:00,0.47999998927116394,0.5690000057220459,0.47099998593330383,0.5199999809265137,4922300,0.0,0.0
2026-03-11 00:00:00-04:00,0.5249999761581421,0.5329999923706055,0.4620000123977661,0.5239999890327454,2346100,0.0,0.0
2026-03-12 00:00:00-04:00,0.5199999809265137,0.5270000100135803,0.4399999976158142,0.46799999475479126,3364400,0.0,0.0
2026-03-13 00:00:00-04:00,0.4399999976158142,0.4440000057220459,0.3919999897480011,0.4099999964237213,2887000,0.0,0.0
2026-03-16 00:00:00-04:00,0.4059999883174896,0.4099999964237213,0.3700000047683716,0.38199999928474426,1665700,0.0,0.0
2026-03-17 00:00:00-04:00,0.38600000739097595,0.38600000739097595,0.3400000035762787,0.35199999809265137,1669300,0.0,0.0
2026-03-18 00:00:00-04:00,0.3580000102519989,0.37299999594688416,0.35199999809265137,0.3700000047683716,1187400,0.0,0.0
2026-03-19 00:00:00-04:00,0.35199999809265137,0.3720000088214874,0.3319999873638153,0.3540000021457672,1893900,0.0,0.0
2026-03-20 00:00:00-04:00,0.36000001430511475,0.41999998688697815,0.3499999940395355,0.4050000011920929,2777200,0.0,0.0
2026-03-23 00:00:00-04:00,0.39800000190734863,0.4399999976158142,0.3630000054836273,0.4189999997615814,1460600,0.0,0.0
2026-03-24 00:00:00-04:00,0.4050000011920929,0.40700000524520874,0.36500000953674316,0.36899998784065247,1184900,0.0,0.0
2026-03-25 00:00:00-04:00,0.382999986410141,0.38999998569488525,0.3499999940395355,0.3499999940395355,1230600,0.0,0.0
2026-03-26 00:00:00-04:00,0.35600000619888306,0.36500000953674316,0.29899999499320984,0.29899999499320984,1788400,0.0,0.0
2026-03-27 00:00:00-04:00,0.2939999997615814,0.30000001192092896,0.27399998903274536,0.29499998688697815,1780300,0.0,0.0
2026-03-30 00:00:00-04:00,0.29499998688697815,0.29499998688697815,0.26899999380111694,0.27799999713897705,1222300,0.0,0.0
2026-03-31 00:00:00-04:00,0.28600001335144043,0.35100001096725464,0.2800000011920929,0.33000001311302185,4541500,0.0,0.0
2026-04-01 00:00:00-04:00,0.32499998807907104,0.414000004529953,0.31200000643730164,0.3700000047683716,3666100,0.0,0.0
2026-04-02 00:00:00-04:00,0.35100001096725464,0.38999998569488525,0.33000001311302185,0.36399999260902405,2170700,0.0,0.0
2026-04-06 00:00:00-04:00,0.3709999918937683,0.38999998569488525,0.3149999976158142,0.328000009059906,3291000,0.0,0.0
2026-04-07 00:00:00-04:00,0.33000001311302185,0.33399999141693115,0.289000004529953,0.3140000104904175,4188800,0.0,0.0
2026-04-08 00:00:00-04:00,0.3400000035762787,0.3700000047683716,0.3109999895095825,0.35100001096725464,2582400,0.0,0.0
2026-04-09 00:00:00-04:00,0.35899999737739563,0.41999998688697815,0.3330000042915344,0.41999998688697815,3679200,0.0,0.0
2026-04-10 00:00:00-04:00,0.4300000071525574,0.4399999976158142,0.3799999952316284,0.4000000059604645,2801700,0.0,0.0
2026-04-13 00:00:00-04:00,0.39399999380111694,0.4180000126361847,0.36500000953674316,0.367000013589859,2773800,0.0,0.0
2026-04-14 00:00:00-04:00,0.3799999952316284,0.4300000071525574,0.3400000035762787,0.34599998593330383,5143900,0.0,0.0
2026-04-15 00:00:00-04:00,0.36000001430511475,0.4050000011920929,0.33500000834465027,0.39100000262260437,5543200,0.0,0.0
2026-04-16 00:00:00-04:00,0.4099999964237213,0.421999990940094,0.37400001287460327,0.40799999237060547,5572300,0.0,0.0
2026-04-17 00:00:00-04:00,0.42899999022483826,0.44999998807907104,0.4099999964237213,0.41999998688697815,5356300,0.0,0.0
2026-04-20 00:00:00-04:00,0.42500001192092896,0.42500001192092896,0.38100001215934753,0.4020000100135803,2317500,0.0,0.0
2026-04-21 00:00:00-04:00,0.4000000059604645,0.41999998688697815,0.375,0.4009999930858612,2585300,0.0,0.0
2026-04-22 00:00:00-04:00,0.4090000092983246,0.48500001430511475,0.4009999930858612,0.4779999852180481,6732800,0.0,0.0
2026-04-23 00:00:00-04:00,0.4779999852180481,0.4779999852180481,0.4300000071525574,0.4490000009536743,3006300,0.0,0.0
2026-04-24 00:00:00-04:00,0.4399999976158142,0.49000000953674316,0.42260000109672546,0.4846999943256378,3260076,0.0,0.0
