Date,Open,High,Low,Close,Volume,Dividends,Stock Splits
2024-06-03 00:00:00-04:00,17.479999542236328,17.479999542236328,16.399999618530273,16.799999237060547,27850,0.0,0.0
2024-06-04 00:00:00-04:00,16.600000381469727,16.600000381469727,16.0,16.479999542236328,45025,0.0,0.0
2024-06-05 00:00:00-04:00,16.760000228881836,16.760000228881836,15.680000305175781,15.680000305175781,53575,0.0,0.0
2024-06-06 00:00:00-04:00,15.720000267028809,16.239999771118164,15.680000305175781,15.720000267028809,30150,0.0,0.0
2024-06-07 00:00:00-04:00,15.720000267028809,16.0,15.279999732971191,15.479999542236328,37875,0.0,0.0
2024-06-10 00:00:00-04:00,15.119999885559082,16.0,15.079999923706055,15.84000015258789,29050,0.0,0.0
2024-06-11 00:00:00-04:00,15.800000190734863,15.800000190734863,14.619999885559082,14.680000305175781,29650,0.0,0.0
2024-06-12 00:00:00-04:00,15.0,15.600000381469727,15.0,15.600000381469727,31400,0.0,0.0
2024-06-13 00:00:00-04:00,15.520000457763672,16.079999923706055,15.199999809265137,15.680000305175781,23450,0.0,0.0
2024-06-14 00:00:00-04:00,15.920000076293945,15.960000038146973,15.319999694824219,15.319999694824219,9275,0.0,0.0
2024-06-17 00:00:00-04:00,15.600000381469727,16.239999771118164,15.079999923706055,15.15999984741211,13575,0.0,0.0
2024-06-18 00:00:00-04:00,15.0,15.880000114440918,15.0,15.84000015258789,21275,0.0,0.0
2024-06-19 00:00:00-04:00,15.960000038146973,16.0,15.760000228881836,15.960000038146973,8800,0.0,0.0
2024-06-20 00:00:00-04:00,15.680000305175781,16.239999771118164,15.680000305175781,16.0,54925,0.0,0.0
2024-06-21 00:00:00-04:00,16.360000610351562,18.440000534057617,15.520000457763672,17.8799991607666,331250,0.0,0.0
2024-06-24 00:00:00-04:00,16.920000076293945,17.280000686645508,15.800000190734863,15.920000076293945,121250,0.0,0.0
2024-06-25 00:00:00-04:00,16.31999969482422,16.31999969482422,15.399999618530273,16.040000915527344,42950,0.0,0.0
2024-06-26 00:00:00-04:00,15.800000190734863,15.920000076293945,15.4399995803833,15.600000381469727,24350,0.0,0.0
2024-06-27 00:00:00-04:00,15.4399995803833,15.800000190734863,15.399999618530273,15.800000190734863,16750,0.0,0.0
2024-06-28 00:00:00-04:00,15.760000228881836,15.800000190734863,15.359999656677246,15.520000457763672,29475,0.0,0.0
2024-07-02 00:00:00-04:00,15.239999771118164,15.539999961853027,15.079999923706055,15.079999923706055,23300,0.0,0.0
2024-07-03 00:00:00-04:00,15.359999656677246,15.600000381469727,15.15999984741211,15.15999984741211,12900,0.0,0.0
2024-07-04 00:00:00-04:00,15.399999618530273,15.520000457763672,15.279999732971191,15.4399995803833,4825,0.0,0.0
2024-07-05 00:00:00-04:00,15.359999656677246,15.600000381469727,15.15999984741211,15.4399995803833,10025,0.0,0.0
2024-07-08 00:00:00-04:00,15.4399995803833,15.4399995803833,14.720000267028809,14.800000190734863,24450,0.0,0.0
2024-07-09 00:00:00-04:00,14.960000038146973,15.319999694824219,14.84000015258789,15.319999694824219,6500,0.0,0.0
2024-07-10 00:00:00-04:00,15.319999694824219,17.360000610351562,15.319999694824219,17.0,78400,0.0,0.0
2024-07-11 00:00:00-04:00,17.200000762939453,17.600000381469727,17.1200008392334,17.479999542236328,29350,0.0,0.0
2024-07-12 00:00:00-04:00,17.200000762939453,17.200000762939453,16.31999969482422,16.440000534057617,23525,0.0,0.0
2024-07-15 00:00:00-04:00,16.479999542236328,16.600000381469727,16.1200008392334,16.280000686645508,20150,0.0,0.0
2024-07-16 00:00:00-04:00,15.920000076293945,16.200000762939453,15.600000381469727,15.600000381469727,53975,0.0,0.0
2024-07-17 00:00:00-04:00,15.960000038146973,15.960000038146973,15.0,15.0,60775,0.0,0.0
2024-07-18 00:00:00-04:00,15.15999984741211,15.239999771118164,14.239999771118164,14.399999618530273,62025,0.0,0.0
2024-07-19 00:00:00-04:00,14.239999771118164,14.760000228881836,14.079999923706055,14.079999923706055,39475,0.0,0.0
2024-07-22 00:00:00-04:00,14.239999771118164,14.600000381469727,14.239999771118164,14.239999771118164,27450,0.0,0.0
2024-07-23 00:00:00-04:00,14.4399995803833,15.079999923706055,13.920000076293945,14.520000457763672,42100,0.0,0.0
2024-07-24 00:00:00-04:00,14.279999732971191,14.520000457763672,13.880000114440918,13.880000114440918,49550,0.0,0.0
2024-07-25 00:00:00-04:00,13.0,13.880000114440918,13.0,13.600000381469727,26925,0.0,0.0
2024-07-26 00:00:00-04:00,13.520000457763672,14.119999885559082,13.520000457763672,13.920000076293945,17225,0.0,0.0
2024-07-29 00:00:00-04:00,13.960000038146973,14.279999732971191,13.760000228881836,14.119999885559082,13475,0.0,0.0
2024-07-30 00:00:00-04:00,13.720000267028809,14.279999732971191,13.399999618530273,14.239999771118164,20300,0.0,0.0
2024-07-31 00:00:00-04:00,14.520000457763672,14.920000076293945,14.119999885559082,14.399999618530273,86350,0.0,0.0
2024-08-01 00:00:00-04:00,14.079999923706055,14.079999923706055,12.920000076293945,13.0,30175,0.0,0.0
2024-08-02 00:00:00-04:00,12.880000114440918,12.920000076293945,11.520000457763672,12.640000343322754,87475,0.0,0.0
2024-08-06 00:00:00-04:00,12.239999771118164,12.239999771118164,11.520000457763672,11.520000457763672,62175,0.0,0.0
2024-08-07 00:00:00-04:00,11.640000343322754,11.800000190734863,11.079999923706055,11.119999885559082,60675,0.0,0.0
2024-08-08 00:00:00-04:00,11.0,11.079999923706055,10.4399995803833,10.520000457763672,56900,0.0,0.0
2024-08-09 00:00:00-04:00,10.640000343322754,10.960000038146973,10.5600004196167,10.720000267028809,17325,0.0,0.0
2024-08-12 00:00:00-04:00,11.0,11.600000381469727,11.0,11.399999618530273,24025,0.0,0.0
2024-08-13 00:00:00-04:00,11.4399995803833,11.680000305175781,11.199999809265137,11.399999618530273,12350,0.0,0.0
2024-08-14 00:00:00-04:00,11.600000381469727,12.15999984741211,11.600000381469727,11.84000015258789,25025,0.0,0.0
2024-08-15 00:00:00-04:00,12.039999961853027,12.15999984741211,11.800000190734863,11.920000076293945,9675,0.0,0.0
2024-08-16 00:00:00-04:00,11.920000076293945,11.920000076293945,11.479999542236328,11.5600004196167,22125,0.0,0.0
2024-08-19 00:00:00-04:00,11.5600004196167,12.239999771118164,11.5600004196167,11.5600004196167,45175,0.0,0.0
2024-08-20 00:00:00-04:00,11.640000343322754,11.960000038146973,11.600000381469727,11.960000038146973,9100,0.0,0.0
2024-08-21 00:00:00-04:00,12.0,12.039999961853027,11.680000305175781,12.0,11275,0.0,0.0
2024-08-22 00:00:00-04:00,12.039999961853027,12.100000381469727,11.600000381469727,11.920000076293945,25850,0.0,0.0
2024-08-23 00:00:00-04:00,12.399999618530273,13.15999984741211,12.399999618530273,12.760000228881836,52300,0.0,0.0
2024-08-26 00:00:00-04:00,13.15999984741211,13.34000015258789,12.600000381469727,12.880000114440918,54325,0.0,0.0
2024-08-27 00:00:00-04:00,12.880000114440918,12.920000076293945,12.359999656677246,12.84000015258789,25750,0.0,0.0
2024-08-28 00:00:00-04:00,12.800000190734863,12.800000190734863,12.319999694824219,12.479999542236328,32900,0.0,0.0
2024-08-29 00:00:00-04:00,12.4399995803833,12.600000381469727,12.319999694824219,12.359999656677246,57250,0.0,0.0
2024-08-30 00:00:00-04:00,12.4399995803833,12.600000381469727,11.84000015258789,12.199999809265137,124925,0.0,0.0
2024-09-03 00:00:00-04:00,11.960000038146973,12.079999923706055,10.760000228881836,11.119999885559082,82925,0.0,0.0
2024-09-04 00:00:00-04:00,11.0,11.220000267028809,10.720000267028809,10.720000267028809,60475,0.0,0.0
2024-09-05 00:00:00-04:00,10.880000114440918,10.880000114440918,10.600000381469727,10.600000381469727,45425,0.0,0.0
2024-09-06 00:00:00-04:00,10.520000457763672,10.600000381469727,9.800000190734863,9.84000015258789,98575,0.0,0.0
2024-09-09 00:00:00-04:00,10.0,10.079999923706055,9.720000267028809,9.800000190734863,58500,0.0,0.0
2024-09-10 00:00:00-04:00,9.960000038146973,10.5600004196167,9.479999542236328,10.4399995803833,83500,0.0,0.0
2024-09-11 00:00:00-04:00,10.399999618530273,12.0,10.239999771118164,11.640000343322754,75200,0.0,0.0
2024-09-12 00:00:00-04:00,11.800000190734863,12.399999618530273,11.600000381469727,11.920000076293945,51400,0.0,0.0
2024-09-13 00:00:00-04:00,11.920000076293945,11.920000076293945,11.4399995803833,11.920000076293945,47700,0.0,0.0
2024-09-16 00:00:00-04:00,11.880000114440918,12.079999923706055,11.600000381469727,12.079999923706055,34100,0.0,0.0
2024-09-17 00:00:00-04:00,12.15999984741211,12.239999771118164,11.399999618530273,11.399999618530273,72750,0.0,0.0
2024-09-18 00:00:00-04:00,11.399999618530273,12.039999961853027,11.319999694824219,11.960000038146973,129375,0.0,0.0
2024-09-19 00:00:00-04:00,12.359999656677246,12.359999656677246,11.520000457763672,11.720000267028809,35450,0.0,0.0
2024-09-20 00:00:00-04:00,12.279999732971191,12.640000343322754,11.880000114440918,12.199999809265137,50225,0.0,0.0
2024-09-23 00:00:00-04:00,12.479999542236328,14.0,12.479999542236328,13.680000305175781,145150,0.0,0.0
2024-09-24 00:00:00-04:00,13.640000343322754,13.960000038146973,13.279999732971191,13.720000267028809,86475,0.0,0.0
2024-09-25 00:00:00-04:00,13.720000267028809,14.119999885559082,13.34000015258789,14.079999923706055,85325,0.0,0.0
2024-09-26 00:00:00-04:00,14.199999809265137,14.5600004196167,13.640000343322754,13.880000114440918,109100,0.0,0.0
2024-09-27 00:00:00-04:00,13.960000038146973,14.039999961853027,13.239999771118164,13.520000457763672,48750,0.0,0.0
2024-09-30 00:00:00-04:00,13.640000343322754,14.359999656677246,12.800000190734863,13.880000114440918,396725,0.0,0.0
2024-10-01 00:00:00-04:00,13.520000457763672,13.880000114440918,13.319999694824219,13.319999694824219,51300,0.0,0.0
2024-10-02 00:00:00-04:00,13.0,13.279999732971191,12.520000457763672,13.119999885559082,161775,0.0,0.0
2024-10-03 00:00:00-04:00,13.199999809265137,13.399999618530273,12.680000305175781,12.720000267028809,64225,0.0,0.0
2024-10-04 00:00:00-04:00,12.880000114440918,13.300000190734863,12.760000228881836,13.239999771118164,73550,0.0,0.0
2024-10-07 00:00:00-04:00,13.279999732971191,13.5600004196167,12.84000015258789,12.920000076293945,60475,0.0,0.0
2024-10-08 00:00:00-04:00,12.880000114440918,13.279999732971191,12.800000190734863,13.199999809265137,60400,0.0,0.0
2024-10-09 00:00:00-04:00,13.079999923706055,13.119999885559082,12.760000228881836,12.960000038146973,38225,0.0,0.0
2024-10-10 00:00:00-04:00,12.960000038146973,13.279999732971191,12.880000114440918,13.239999771118164,43475,0.0,0.0
2024-10-11 00:00:00-04:00,13.199999809265137,14.15999984741211,12.960000038146973,14.0,69700,0.0,0.0
2024-10-15 00:00:00-04:00,14.0,14.119999885559082,13.5600004196167,14.039999961853027,41325,0.0,0.0
2024-10-16 00:00:00-04:00,14.199999809265137,15.399999618530273,14.199999809265137,14.880000114440918,138650,0.0,0.0
2024-10-17 00:00:00-04:00,14.920000076293945,15.800000190734863,14.880000114440918,15.239999771118164,87925,0.0,0.0
2024-10-18 00:00:00-04:00,15.119999885559082,15.920000076293945,15.119999885559082,15.760000228881836,104425,0.0,0.0
2024-10-21 00:00:00-04:00,15.640000343322754,15.800000190734863,15.279999732971191,15.479999542236328,79875,0.0,0.0
2024-10-22 00:00:00-04:00,15.359999656677246,15.5600004196167,14.800000190734863,14.800000190734863,129450,0.0,0.0
2024-10-23 00:00:00-04:00,14.640000343322754,14.720000267028809,14.079999923706055,14.079999923706055,51000,0.0,0.0
2024-10-24 00:00:00-04:00,14.319999694824219,14.800000190734863,14.15999984741211,14.479999542236328,43450,0.0,0.0
2024-10-25 00:00:00-04:00,14.600000381469727,14.920000076293945,14.380000114440918,14.600000381469727,43225,0.0,0.0
2024-10-28 00:00:00-04:00,14.600000381469727,14.640000343322754,14.119999885559082,14.359999656677246,40250,0.0,0.0
2024-10-29 00:00:00-04:00,14.319999694824219,14.399999618530273,13.84000015258789,14.079999923706055,50750,0.0,0.0
2024-10-30 00:00:00-04:00,13.880000114440918,13.880000114440918,13.4399995803833,13.4399995803833,42475,0.0,0.0
2024-10-31 00:00:00-04:00,13.479999542236328,13.479999542236328,12.84000015258789,13.359999656677246,88225,0.0,0.0
2024-11-01 00:00:00-04:00,13.15999984741211,13.4399995803833,12.680000305175781,12.800000190734863,45375,0.0,0.0
2024-11-04 00:00:00-05:00,12.520000457763672,12.600000381469727,11.920000076293945,12.4399995803833,43900,0.0,0.0
2024-11-05 00:00:00-05:00,12.800000190734863,12.84000015258789,12.199999809265137,12.4399995803833,44050,0.0,0.0
2024-11-06 00:00:00-05:00,12.680000305175781,12.760000228881836,11.960000038146973,12.4399995803833,56250,0.0,0.0
2024-11-07 00:00:00-05:00,12.479999542236328,13.15999984741211,12.4399995803833,12.760000228881836,42425,0.0,0.0
2024-11-08 00:00:00-05:00,12.760000228881836,12.760000228881836,12.199999809265137,12.479999542236328,30350,0.0,0.0
2024-11-11 00:00:00-05:00,12.479999542236328,12.479999542236328,11.880000114440918,12.199999809265137,45650,0.0,0.0
2024-11-12 00:00:00-05:00,12.039999961853027,12.279999732971191,11.720000267028809,11.960000038146973,77825,0.0,0.0
2024-11-13 00:00:00-05:00,12.079999923706055,12.15999984741211,11.4399995803833,11.479999542236328,75525,0.0,0.0
2024-11-14 00:00:00-05:00,11.600000381469727,12.239999771118164,11.479999542236328,12.15999984741211,79125,0.0,0.0
2024-11-15 00:00:00-05:00,12.079999923706055,13.960000038146973,12.0,12.640000343322754,69425,0.0,0.0
2024-11-18 00:00:00-05:00,12.84000015258789,13.720000267028809,12.720000267028809,13.319999694824219,108600,0.0,0.0
2024-11-19 00:00:00-05:00,13.119999885559082,14.119999885559082,12.960000038146973,13.880000114440918,61000,0.0,0.0
2024-11-20 00:00:00-05:00,13.920000076293945,14.079999923706055,13.4399995803833,13.800000190734863,51875,0.0,0.0
2024-11-21 00:00:00-05:00,13.640000343322754,14.0,13.319999694824219,14.0,48875,0.0,0.0
2024-11-22 00:00:00-05:00,14.0,14.239999771118164,13.720000267028809,14.199999809265137,51300,0.0,0.0
2024-11-25 00:00:00-05:00,14.359999656677246,14.399999618530273,13.880000114440918,14.15999984741211,51925,0.0,0.0
2024-11-26 00:00:00-05:00,13.720000267028809,14.039999961853027,13.479999542236328,13.600000381469727,42900,0.0,0.0
2024-11-27 00:00:00-05:00,13.600000381469727,14.0,13.399999618530273,13.520000457763672,53600,0.0,0.0
2024-11-28 00:00:00-05:00,13.640000343322754,13.800000190734863,13.4399995803833,13.680000305175781,19275,0.0,0.0
2024-11-29 00:00:00-05:00,13.760000228881836,14.239999771118164,13.680000305175781,13.800000190734863,42475,0.0,0.0
2024-12-02 00:00:00-05:00,13.84000015258789,14.079999923706055,13.640000343322754,14.079999923706055,26900,0.0,0.0
2024-12-03 00:00:00-05:00,13.880000114440918,13.880000114440918,12.960000038146973,13.15999984741211,102650,0.0,0.0
2024-12-04 00:00:00-05:00,13.239999771118164,13.800000190734863,13.199999809265137,13.479999542236328,57600,0.0,0.0
2024-12-05 00:00:00-05:00,13.4399995803833,13.720000267028809,13.319999694824219,13.4399995803833,48750,0.0,0.0
2024-12-06 00:00:00-05:00,13.4399995803833,13.680000305175781,13.119999885559082,13.359999656677246,48700,0.0,0.0
2024-12-09 00:00:00-05:00,13.279999732971191,13.279999732971191,12.319999694824219,12.399999618530273,68400,0.0,0.0
2024-12-10 00:00:00-05:00,12.520000457763672,12.680000305175781,12.279999732971191,12.399999618530273,35825,0.0,0.0
2024-12-11 00:00:00-05:00,12.600000381469727,12.640000343322754,12.039999961853027,12.279999732971191,48350,0.0,0.0
2024-12-12 00:00:00-05:00,12.319999694824219,12.600000381469727,11.960000038146973,12.4399995803833,38300,0.0,0.0
2024-12-13 00:00:00-05:00,12.239999771118164,12.319999694824219,11.720000267028809,11.880000114440918,45625,0.0,0.0
2024-12-16 00:00:00-05:00,11.960000038146973,11.960000038146973,11.319999694824219,11.319999694824219,74975,0.0,0.0
2024-12-17 00:00:00-05:00,11.279999732971191,11.319999694824219,10.960000038146973,11.039999961853027,59100,0.0,0.0
2024-12-18 00:00:00-05:00,11.039999961853027,11.239999771118164,10.539999961853027,10.600000381469727,66950,0.0,0.0
2024-12-19 00:00:00-05:00,10.680000305175781,10.880000114440918,10.239999771118164,10.399999618530273,77975,0.0,0.0
2024-12-20 00:00:00-05:00,10.359999656677246,11.039999961853027,10.15999984741211,11.039999961853027,337250,0.0,0.0
2024-12-23 00:00:00-05:00,10.5600004196167,10.84000015258789,10.15999984741211,10.15999984741211,89300,0.0,0.0
2024-12-24 00:00:00-05:00,10.319999694824219,10.479999542236328,10.020000457763672,10.319999694824219,38400,0.0,0.0
2024-12-27 00:00:00-05:00,10.399999618530273,10.720000267028809,10.15999984741211,10.199999809265137,51200,0.0,0.0
2024-12-30 00:00:00-05:00,10.239999771118164,10.479999542236328,10.119999885559082,10.279999732971191,100700,0.0,0.0
2024-12-31 00:00:00-05:00,10.399999618530273,10.479999542236328,10.220000267028809,10.359999656677246,43200,0.0,0.0
2025-01-02 00:00:00-05:00,10.720000267028809,12.119999885559082,10.640000343322754,11.720000267028809,96250,0.0,0.0
2025-01-03 00:00:00-05:00,11.960000038146973,12.399999618530273,11.720000267028809,12.039999961853027,105375,0.0,0.0
2025-01-06 00:00:00-05:00,12.199999809265137,12.920000076293945,12.199999809265137,12.239999771118164,134150,0.0,0.0
2025-01-07 00:00:00-05:00,12.199999809265137,12.199999809265137,11.720000267028809,11.920000076293945,58225,0.0,0.0
2025-01-08 00:00:00-05:00,11.84000015258789,11.920000076293945,11.140000343322754,11.359999656677246,59375,0.0,0.0
2025-01-09 00:00:00-05:00,11.279999732971191,11.4399995803833,11.199999809265137,11.399999618530273,20375,0.0,0.0
2025-01-10 00:00:00-05:00,11.4399995803833,11.479999542236328,11.0,11.119999885559082,51950,0.0,0.0
2025-01-13 00:00:00-05:00,11.039999961853027,11.279999732971191,10.800000190734863,11.0,56075,0.0,0.0
2025-01-14 00:00:00-05:00,10.920000076293945,11.84000015258789,10.920000076293945,11.479999542236328,108200,0.0,0.0
2025-01-15 00:00:00-05:00,11.5600004196167,11.600000381469727,11.15999984741211,11.15999984741211,72550,0.0,0.0
2025-01-16 00:00:00-05:00,11.15999984741211,11.279999732971191,10.899999618530273,11.119999885559082,59000,0.0,0.0
2025-01-17 00:00:00-05:00,11.079999923706055,12.039999961853027,11.0,12.039999961853027,84125,0.0,0.0
2025-01-20 00:00:00-05:00,12.079999923706055,12.119999885559082,11.680000305175781,11.720000267028809,27650,0.0,0.0
2025-01-21 00:00:00-05:00,11.84000015258789,12.720000267028809,11.720000267028809,12.039999961853027,103500,0.0,0.0
2025-01-22 00:00:00-05:00,12.079999923706055,12.960000038146973,12.039999961853027,12.600000381469727,131750,0.0,0.0
2025-01-23 00:00:00-05:00,12.399999618530273,13.239999771118164,12.359999656677246,13.15999984741211,107875,0.0,0.0
2025-01-24 00:00:00-05:00,13.199999809265137,13.279999732971191,12.0,12.600000381469727,116375,0.0,0.0
2025-01-27 00:00:00-05:00,11.920000076293945,11.979999542236328,11.180000305175781,11.399999618530273,153150,0.0,0.0
2025-01-28 00:00:00-05:00,11.4399995803833,12.399999618530273,11.15999984741211,11.520000457763672,101475,0.0,0.0
2025-01-29 00:00:00-05:00,11.600000381469727,11.739999771118164,11.359999656677246,11.399999618530273,76600,0.0,0.0
2025-01-30 00:00:00-05:00,11.600000381469727,12.100000381469727,11.479999542236328,12.0,93250,0.0,0.0
2025-01-31 00:00:00-05:00,11.960000038146973,11.960000038146973,11.0600004196167,11.319999694824219,270625,0.0,0.0
2025-02-03 00:00:00-05:00,10.960000038146973,11.0600004196167,10.640000343322754,10.720000267028809,124675,0.0,0.0
2025-02-04 00:00:00-05:00,10.800000190734863,11.279999732971191,10.640000343322754,11.079999923706055,90600,0.0,0.0
2025-02-05 00:00:00-05:00,11.0,11.720000267028809,10.800000190734863,11.720000267028809,80350,0.0,0.0
2025-02-06 00:00:00-05:00,11.600000381469727,11.680000305175781,11.119999885559082,11.119999885559082,61225,0.0,0.0
2025-02-07 00:00:00-05:00,10.960000038146973,11.5600004196167,10.920000076293945,10.920000076293945,47750,0.0,0.0
2025-02-10 00:00:00-05:00,11.079999923706055,11.119999885559082,10.720000267028809,10.720000267028809,107400,0.0,0.0
2025-02-11 00:00:00-05:00,10.760000228881836,10.800000190734863,10.479999542236328,10.5600004196167,59000,0.0,0.0
2025-02-12 00:00:00-05:00,10.520000457763672,10.960000038146973,10.479999542236328,10.680000305175781,113625,0.0,0.0
2025-02-13 00:00:00-05:00,10.399999618530273,10.800000190734863,10.15999984741211,10.199999809265137,113700,0.0,0.0
2025-02-14 00:00:00-05:00,10.319999694824219,10.319999694824219,9.800000190734863,10.0,96275,0.0,0.0
2025-02-18 00:00:00-05:00,9.960000038146973,10.020000457763672,9.680000305175781,9.880000114440918,67475,0.0,0.0
2025-02-19 00:00:00-05:00,9.920000076293945,9.920000076293945,9.640000343322754,9.680000305175781,53775,0.0,0.0
2025-02-20 00:00:00-05:00,9.720000267028809,10.399999618530273,9.600000381469727,9.720000267028809,51275,0.0,0.0
2025-02-21 00:00:00-05:00,9.760000228881836,9.760000228881836,9.199999809265137,9.239999771118164,99075,0.0,0.0
2025-02-24 00:00:00-05:00,9.399999618530273,9.4399995803833,9.119999885559082,9.359999656677246,79550,0.0,0.0
2025-02-25 00:00:00-05:00,9.15999984741211,9.239999771118164,8.520000457763672,8.960000038146973,190375,0.0,0.0
2025-02-26 00:00:00-05:00,9.079999923706055,9.720000267028809,9.079999923706055,9.640000343322754,81075,0.0,0.0
2025-02-27 00:00:00-05:00,9.720000267028809,9.880000114440918,9.079999923706055,9.15999984741211,86975,0.0,0.0
2025-02-28 00:00:00-05:00,9.199999809265137,9.279999732971191,8.880000114440918,9.0,105150,0.0,0.0
2025-03-03 00:00:00-05:00,9.279999732971191,9.319999694824219,8.199999809265137,8.359999656677246,103475,0.0,0.0
2025-03-04 00:00:00-05:00,8.319999694824219,8.520000457763672,8.0,8.359999656677246,154150,0.0,0.0
2025-03-05 00:00:00-05:00,8.399999618530273,8.800000190734863,8.399999618530273,8.760000228881836,66875,0.0,0.0
2025-03-06 00:00:00-05:00,8.5600004196167,8.960000038146973,8.140000343322754,8.800000190734863,95375,0.0,0.0
2025-03-07 00:00:00-05:00,8.680000305175781,8.680000305175781,8.239999771118164,8.359999656677246,63850,0.0,0.0
2025-03-10 00:00:00-04:00,8.279999732971191,8.319999694824219,7.71999979019165,7.960000038146973,79575,0.0,0.0
2025-03-11 00:00:00-04:00,7.880000114440918,8.4399995803833,7.599999904632568,8.279999732971191,103000,0.0,0.0
2025-03-12 00:00:00-04:00,8.399999618530273,8.399999618530273,7.920000076293945,8.079999923706055,74500,0.0,0.0
2025-03-13 00:00:00-04:00,8.079999923706055,8.220000267028809,7.980000019073486,8.039999961853027,56450,0.0,0.0
2025-03-14 00:00:00-04:00,8.15999984741211,8.279999732971191,8.119999885559082,8.279999732971191,57225,0.0,0.0
2025-03-17 00:00:00-04:00,8.359999656677246,8.680000305175781,8.119999885559082,8.640000343322754,78675,0.0,0.0
2025-03-18 00:00:00-04:00,8.720000267028809,9.199999809265137,8.399999618530273,9.119999885559082,87800,0.0,0.0
2025-03-19 00:00:00-04:00,9.15999984741211,9.600000381469727,8.680000305175781,9.5600004196167,101550,0.0,0.0
2025-03-20 00:00:00-04:00,9.359999656677246,10.279999732971191,9.279999732971191,10.279999732971191,143150,0.0,0.0
2025-03-21 00:00:00-04:00,10.359999656677246,10.920000076293945,9.800000190734863,10.600000381469727,201400,0.0,0.0
2025-03-24 00:00:00-04:00,10.989999771118164,10.989999771118164,9.649999618530273,10.050000190734863,117300,0.0,0.25
2025-03-25 00:00:00-04:00,10.449999809265137,10.449999809265137,9.319999694824219,9.779999732971191,129300,0.0,0.0
2025-03-26 00:00:00-04:00,9.390000343322754,9.529999732971191,8.989999771118164,9.020000457763672,152700,0.0,0.0
2025-03-27 00:00:00-04:00,8.989999771118164,9.074999809265137,8.640000343322754,8.670000076293945,136200,0.0,0.0
2025-03-28 00:00:00-04:00,8.720000267028809,8.890000343322754,8.59000015258789,8.630000114440918,123500,0.0,0.0
2025-03-31 00:00:00-04:00,8.430000305175781,10.0,8.270000457763672,9.619999885559082,1319900,0.0,0.0
2025-04-01 00:00:00-04:00,9.199999809265137,9.479999542236328,8.779999732971191,9.40999984741211,134100,0.0,0.0
2025-04-02 00:00:00-04:00,9.430000305175781,9.4399995803833,8.850000381469727,8.960000038146973,95000,0.0,0.0
2025-04-03 00:00:00-04:00,8.539999961853027,8.699999809265137,8.319999694824219,8.34000015258789,75500,0.0,0.0
2025-04-04 00:00:00-04:00,8.079999923706055,8.149999618530273,7.28000020980835,7.480000019073486,95800,0.0,0.0
2025-04-07 00:00:00-04:00,6.849999904632568,7.739999771118164,6.820000171661377,7.429999828338623,60500,0.0,0.0
2025-04-08 00:00:00-04:00,7.570000171661377,7.929999828338623,7.039999961853027,7.130000114440918,144000,0.0,0.0
2025-04-09 00:00:00-04:00,6.900000095367432,7.980000019073486,6.900000095367432,7.869999885559082,73200,0.0,0.0
2025-04-10 00:00:00-04:00,7.789999961853027,7.789999961853027,7.360000133514404,7.510000228881836,77700,0.0,0.0
2025-04-11 00:00:00-04:00,7.510000228881836,8.0600004196167,7.440000057220459,8.029999732971191,93100,0.0,0.0
2025-04-14 00:00:00-04:00,8.069999694824219,8.079999923706055,7.71999979019165,7.730000019073486,71000,0.0,0.0
2025-04-15 00:00:00-04:00,7.800000190734863,7.869999885559082,7.579999923706055,7.630000114440918,38600,0.0,0.0
2025-04-16 00:00:00-04:00,7.590000152587891,8.239999771118164,7.590000152587891,8.050000190734863,85200,0.0,0.0
2025-04-17 00:00:00-04:00,8.020000457763672,8.25,7.96999979019165,8.149999618530273,57000,0.0,0.0
2025-04-21 00:00:00-04:00,8.149999618530273,8.149999618530273,6.789999961853027,6.940000057220459,199400,0.0,0.0
2025-04-22 00:00:00-04:00,7.0,7.329999923706055,7.0,7.300000190734863,89300,0.0,0.0
2025-04-23 00:00:00-04:00,7.650000095367432,8.119999885559082,7.639999866485596,7.940000057220459,111100,0.0,0.0
2025-04-24 00:00:00-04:00,7.900000095367432,8.680000305175781,7.900000095367432,8.460000038146973,86400,0.0,0.0
2025-04-25 00:00:00-04:00,8.529999732971191,8.529999732971191,8.25,8.399999618530273,54300,0.0,0.0
2025-04-28 00:00:00-04:00,8.300000190734863,8.8100004196167,8.300000190734863,8.739999771118164,124200,0.0,0.0
2025-04-29 00:00:00-04:00,8.729999542236328,9.029999732971191,8.479999542236328,8.579999923706055,83100,0.0,0.0
2025-04-30 00:00:00-04:00,8.5,8.5,8.0,8.359999656677246,62600,0.0,0.0
2025-05-01 00:00:00-04:00,8.489999771118164,8.789999961853027,8.390000343322754,8.390000343322754,107400,0.0,0.0
2025-05-02 00:00:00-04:00,8.600000381469727,9.09000015258789,8.550000190734863,8.899999618530273,56900,0.0,0.0
2025-05-05 00:00:00-04:00,8.949999809265137,8.949999809265137,8.449999809265137,8.520000457763672,106400,0.0,0.0
2025-05-06 00:00:00-04:00,8.229999542236328,8.9399995803833,8.229999542236328,8.899999618530273,69200,0.0,0.0
2025-05-07 00:00:00-04:00,8.880000114440918,9.270000457763672,8.760000228881836,9.109999656677246,66400,0.0,0.0
2025-05-08 00:00:00-04:00,9.270000457763672,9.550000190734863,8.949999809265137,9.0600004196167,64600,0.0,0.0
2025-05-09 00:00:00-04:00,9.3100004196167,9.3100004196167,8.930000305175781,9.100000381469727,48400,0.0,0.0
2025-05-12 00:00:00-04:00,9.579999923706055,9.579999923706055,9.180000305175781,9.279999732971191,45000,0.0,0.0
2025-05-13 00:00:00-04:00,9.390000343322754,9.520000457763672,9.210000038146973,9.479999542236328,39900,0.0,0.0
2025-05-14 00:00:00-04:00,9.449999809265137,9.75,9.350000381469727,9.4399995803833,39800,0.0,0.0
2025-05-15 00:00:00-04:00,9.550000190734863,9.600000381469727,9.350000381469727,9.430000305175781,33900,0.0,0.0
2025-05-16 00:00:00-04:00,9.489999771118164,9.5,8.869999885559082,8.989999771118164,117800,0.0,0.0
2025-05-20 00:00:00-04:00,9.0,9.555000305175781,9.0,9.420000076293945,61100,0.0,0.0
2025-05-21 00:00:00-04:00,9.359999656677246,9.899999618530273,9.34000015258789,9.5,52400,0.0,0.0
2025-05-22 00:00:00-04:00,9.470000267028809,9.630000114440918,9.199999809265137,9.210000038146973,134900,0.0,0.0
2025-05-23 00:00:00-04:00,9.6899995803833,10.430000305175781,9.640000343322754,9.9399995803833,168000,0.0,0.0
2025-05-26 00:00:00-04:00,10.380000114440918,10.979999542236328,10.380000114440918,10.75,78700,0.0,0.0
2025-05-27 00:00:00-04:00,10.989999771118164,11.0,10.119999885559082,10.40999984741211,169400,0.0,0.0
2025-05-28 00:00:00-04:00,10.550000190734863,10.880000114440918,10.420000076293945,10.8100004196167,169300,0.0,0.0
2025-05-29 00:00:00-04:00,10.829999923706055,10.829999923706055,10.140000343322754,10.199999809265137,67400,0.0,0.0
2025-05-30 00:00:00-04:00,10.069999694824219,10.210000038146973,9.989999771118164,10.15999984741211,31600,0.0,0.0
2025-06-02 00:00:00-04:00,10.109999656677246,10.180000305175781,9.9399995803833,9.970000267028809,100300,0.0,0.0
2025-06-03 00:00:00-04:00,10.319999694824219,10.670000076293945,10.100000381469727,10.239999771118164,100300,0.0,0.0
2025-06-04 00:00:00-04:00,10.239999771118164,10.239999771118164,9.930000305175781,10.15999984741211,48400,0.0,0.0
2025-06-05 00:00:00-04:00,10.300000190734863,10.399999618530273,10.079999923706055,10.350000381469727,38600,0.0,0.0
2025-06-06 00:00:00-04:00,10.670000076293945,10.670000076293945,10.010000228881836,10.5,36800,0.0,0.0
2025-06-09 00:00:00-04:00,10.699999809265137,11.039999961853027,10.510000228881836,10.510000228881836,159700,0.0,0.0
2025-06-10 00:00:00-04:00,10.59000015258789,10.59000015258789,10.010000228881836,10.069999694824219,76000,0.0,0.0
2025-06-11 00:00:00-04:00,10.079999923706055,10.520000457763672,10.050000190734863,10.140000343322754,93100,0.0,0.0
2025-06-12 00:00:00-04:00,10.15999984741211,10.479999542236328,10.109999656677246,10.130000114440918,54100,0.0,0.0
2025-06-13 00:00:00-04:00,9.979999542236328,10.279999732971191,9.789999961853027,10.149999618530273,46900,0.0,0.0
2025-06-16 00:00:00-04:00,10.5,11.359999656677246,10.489999771118164,10.850000381469727,174400,0.0,0.0
2025-06-17 00:00:00-04:00,9.829999923706055,9.850000381469727,9.5600004196167,9.649999618530273,375000,0.0,0.0
2025-06-18 00:00:00-04:00,9.619999885559082,9.800000190734863,9.550000190734863,9.800000190734863,215300,0.0,0.0
2025-06-19 00:00:00-04:00,9.75,9.779999732971191,9.710000038146973,9.779999732971191,70300,0.0,0.0
2025-06-20 00:00:00-04:00,9.779999732971191,9.779999732971191,9.40999984741211,9.75,159300,0.0,0.0
2025-06-23 00:00:00-04:00,9.75,9.779999732971191,9.5649995803833,9.640000343322754,153600,0.0,0.0
2025-06-24 00:00:00-04:00,9.699999809265137,9.789999961853027,9.520000457763672,9.680000305175781,130200,0.0,0.0
2025-06-25 00:00:00-04:00,9.729999542236328,9.75,9.395000457763672,9.510000228881836,242600,0.0,0.0
2025-06-26 00:00:00-04:00,9.520000457763672,9.770000457763672,9.449999809265137,9.630000114440918,254300,0.0,0.0
2025-06-27 00:00:00-04:00,9.699999809265137,9.699999809265137,9.539999961853027,9.670000076293945,113300,0.0,0.0
2025-06-30 00:00:00-04:00,9.5600004196167,9.760000228881836,9.5,9.699999809265137,187400,0.0,0.0
2025-07-02 00:00:00-04:00,9.699999809265137,9.699999809265137,9.359999656677246,9.430000305175781,301800,0.0,0.0
2025-07-03 00:00:00-04:00,9.399999618530273,9.600000381469727,9.359999656677246,9.600000381469727,81500,0.0,0.0
2025-07-04 00:00:00-04:00,9.59000015258789,9.59000015258789,9.420000076293945,9.460000038146973,27100,0.0,0.0
2025-07-07 00:00:00-04:00,9.470000267028809,9.609999656677246,9.25,9.539999961853027,81400,0.0,0.0
2025-07-08 00:00:00-04:00,9.5600004196167,9.5600004196167,9.300000190734863,9.399999618530273,152200,0.0,0.0
2025-07-09 00:00:00-04:00,9.470000267028809,9.470000267028809,9.109999656677246,9.149999618530273,98200,0.0,0.0
2025-07-10 00:00:00-04:00,9.020000457763672,9.329999923706055,9.020000457763672,9.210000038146973,133300,0.0,0.0
2025-07-11 00:00:00-04:00,9.220000267028809,9.40999984741211,9.199999809265137,9.279999732971191,84700,0.0,0.0
2025-07-14 00:00:00-04:00,9.229999542236328,9.520000457763672,9.15999984741211,9.489999771118164,87200,0.0,0.0
2025-07-15 00:00:00-04:00,9.640000343322754,9.640000343322754,9.3100004196167,9.359999656677246,101300,0.0,0.0
2025-07-16 00:00:00-04:00,9.359999656677246,9.699999809265137,9.279999732971191,9.699999809265137,153000,0.0,0.0
2025-07-17 00:00:00-04:00,9.6899995803833,9.770000457763672,9.59000015258789,9.649999618530273,212000,0.0,0.0
2025-07-18 00:00:00-04:00,9.710000038146973,9.9399995803833,9.65999984741211,9.75,192800,0.0,0.0
2025-07-21 00:00:00-04:00,9.890000343322754,10.039999961853027,9.770000457763672,9.829999923706055,74200,0.0,0.0
2025-07-22 00:00:00-04:00,9.850000381469727,10.020000457763672,9.720000267028809,9.720000267028809,113500,0.0,0.0
2025-07-23 00:00:00-04:00,9.8100004196167,9.949999809265137,9.630000114440918,9.890000343322754,188300,0.0,0.0
2025-07-24 00:00:00-04:00,9.899999618530273,10.4399995803833,9.899999618530273,10.430000305175781,128900,0.0,0.0
2025-07-25 00:00:00-04:00,10.489999771118164,10.539999961853027,9.90999984741211,10.15999984741211,168800,0.0,0.0
2025-07-28 00:00:00-04:00,10.140000343322754,10.140000343322754,9.869999885559082,9.960000038146973,52500,0.0,0.0
2025-07-29 00:00:00-04:00,9.850000381469727,9.899999618530273,9.25,9.279999732971191,167400,0.0,0.0
2025-07-30 00:00:00-04:00,9.3100004196167,9.569999694824219,8.989999771118164,9.039999961853027,145600,0.0,0.0
2025-07-31 00:00:00-04:00,9.0,9.300000190734863,8.770000457763672,8.770000457763672,516600,0.0,0.0
2025-08-01 00:00:00-04:00,8.890000343322754,8.890000343322754,8.239999771118164,8.670000076293945,127300,0.0,0.0
2025-08-05 00:00:00-04:00,8.989999771118164,9.199999809265137,8.819999694824219,9.0600004196167,121500,0.0,0.0
2025-08-06 00:00:00-04:00,9.069999694824219,9.4399995803833,9.010000228881836,9.319999694824219,206600,0.0,0.0
2025-08-07 00:00:00-04:00,9.34000015258789,10.25,9.319999694824219,10.15999984741211,263800,0.0,0.0
2025-08-08 00:00:00-04:00,10.210000038146973,10.289999961853027,9.579999923706055,9.779999732971191,142700,0.0,0.0
2025-08-11 00:00:00-04:00,9.869999885559082,10.050000190734863,9.680000305175781,9.729999542236328,142400,0.0,0.0
2025-08-12 00:00:00-04:00,9.859999656677246,10.229999542236328,9.8100004196167,10.170000076293945,152100,0.0,0.0
2025-08-13 00:00:00-04:00,10.180000305175781,10.5600004196167,9.989999771118164,10.529999732971191,204600,0.0,0.0
2025-08-14 00:00:00-04:00,10.399999618530273,10.649999618530273,10.149999618530273,10.550000190734863,67700,0.0,0.0
2025-08-15 00:00:00-04:00,10.630000114440918,10.779999732971191,10.350000381469727,10.760000228881836,64000,0.0,0.0
2025-08-18 00:00:00-04:00,10.609999656677246,11.069999694824219,10.609999656677246,10.890000343322754,190900,0.0,0.0
2025-08-19 00:00:00-04:00,10.899999618530273,10.899999618530273,9.800000190734863,10.050000190734863,160800,0.0,0.0
2025-08-20 00:00:00-04:00,10.010000228881836,10.0600004196167,9.539999961853027,9.640000343322754,139500,0.0,0.0
2025-08-21 00:00:00-04:00,9.579999923706055,9.829999923706055,9.579999923706055,9.75,67600,0.0,0.0
2025-08-22 00:00:00-04:00,9.850000381469727,10.835000038146973,9.850000381469727,10.65999984741211,135800,0.0,0.0
2025-08-25 00:00:00-04:00,10.630000114440918,10.850000381469727,10.520000457763672,10.710000038146973,83600,0.0,0.0
2025-08-26 00:00:00-04:00,10.609999656677246,11.454999923706055,10.609999656677246,11.050000190734863,160200,0.0,0.0
2025-08-27 00:00:00-04:00,11.210000038146973,11.210000038146973,10.720000267028809,10.75,82400,0.0,0.0
2025-08-28 00:00:00-04:00,10.699999809265137,10.970000267028809,10.6899995803833,10.800000190734863,76600,0.0,0.0
2025-08-29 00:00:00-04:00,11.0,11.279999732971191,10.880000114440918,11.050000190734863,179200,0.0,0.0
2025-09-02 00:00:00-04:00,10.899999618530273,11.050000190734863,10.729999542236328,10.979999542236328,72100,0.0,0.0
2025-09-03 00:00:00-04:00,10.949999809265137,11.670000076293945,10.800000190734863,11.579999923706055,123500,0.0,0.0
2025-09-04 00:00:00-04:00,11.579999923706055,11.579999923706055,11.170000076293945,11.239999771118164,82300,0.0,0.0
2025-09-05 00:00:00-04:00,11.359999656677246,11.430000305175781,11.109999656677246,11.369999885559082,98500,0.0,0.0
2025-09-08 00:00:00-04:00,11.420000076293945,11.84000015258789,11.300000190734863,11.75,130400,0.0,0.0
2025-09-09 00:00:00-04:00,11.680000305175781,12.300000190734863,11.680000305175781,12.09000015258789,204400,0.0,0.0
2025-09-10 00:00:00-04:00,12.0600004196167,12.399999618530273,12.010000228881836,12.210000038146973,100700,0.0,0.0
2025-09-11 00:00:00-04:00,12.109999656677246,12.149999618530273,11.670000076293945,11.710000038146973,127300,0.0,0.0
2025-09-12 00:00:00-04:00,11.90999984741211,11.90999984741211,11.489999771118164,11.529999732971191,131900,0.0,0.0
2025-09-15 00:00:00-04:00,11.579999923706055,12.579999923706055,11.399999618530273,12.460000038146973,219600,0.0,0.0
2025-09-16 00:00:00-04:00,12.59000015258789,12.739999771118164,12.029999732971191,12.100000381469727,130900,0.0,0.0
2025-09-17 00:00:00-04:00,12.010000228881836,12.425000190734863,11.829999923706055,12.289999961853027,123600,0.0,0.0
2025-09-18 00:00:00-04:00,12.359999656677246,13.020000457763672,12.260000228881836,12.930000305175781,132200,0.0,0.0
2025-09-19 00:00:00-04:00,12.899999618530273,13.28499984741211,12.800000190734863,12.970000267028809,202900,0.0,0.0
2025-09-22 00:00:00-04:00,13.1899995803833,13.960000038146973,12.989999771118164,13.680000305175781,158200,0.0,0.0
2025-09-23 00:00:00-04:00,13.920000076293945,14.5,13.609999656677246,13.960000038146973,305200,0.0,0.0
2025-09-24 00:00:00-04:00,13.960000038146973,14.489999771118164,13.40999984741211,13.510000228881836,180400,0.0,0.0
2025-09-25 00:00:00-04:00,13.640000343322754,14.399999618530273,13.270000457763672,13.930000305175781,190600,0.0,0.0
2025-09-26 00:00:00-04:00,13.989999771118164,14.489999771118164,13.75,13.9399995803833,97900,0.0,0.0
2025-09-29 00:00:00-04:00,13.949999809265137,14.1899995803833,13.5600004196167,13.930000305175781,71800,0.0,0.0
2025-09-30 00:00:00-04:00,14.279999732971191,14.289999961853027,13.850000381469727,14.020000457763672,1308700,0.0,0.0
2025-10-01 00:00:00-04:00,14.100000381469727,14.430000305175781,13.470000267028809,14.3100004196167,178600,0.0,0.0
2025-10-02 00:00:00-04:00,14.109999656677246,14.5,13.510000228881836,13.710000038146973,196800,0.0,0.0
2025-10-03 00:00:00-04:00,13.699999809265137,14.100000381469727,13.520000457763672,13.859999656677246,139700,0.0,0.0
2025-10-06 00:00:00-04:00,13.869999885559082,14.800000190734863,13.869999885559082,14.289999961853027,200400,0.0,0.0
2025-10-07 00:00:00-04:00,14.380000114440918,15.479999542236328,14.359999656677246,14.989999771118164,258600,0.0,0.0
2025-10-08 00:00:00-04:00,15.109999656677246,15.319999694824219,14.600000381469727,14.619999885559082,252300,0.0,0.0
2025-10-09 00:00:00-04:00,14.619999885559082,15.100000381469727,14.4399995803833,14.539999961853027,150700,0.0,0.0
2025-10-10 00:00:00-04:00,14.069999694824219,15.59000015258789,14.069999694824219,14.729999542236328,158500,0.0,0.0
2025-10-14 00:00:00-04:00,15.630000114440918,15.819999694824219,14.850000381469727,15.170000076293945,295500,0.0,0.0
2025-10-15 00:00:00-04:00,15.5,15.59000015258789,14.069999694824219,14.75,196400,0.0,0.0
2025-10-16 00:00:00-04:00,14.5600004196167,14.800000190734863,13.40999984741211,13.430000305175781,199700,0.0,0.0
2025-10-17 00:00:00-04:00,12.670000076293945,13.1899995803833,12.069999694824219,12.15999984741211,273900,0.0,0.0
2025-10-20 00:00:00-04:00,12.779999732971191,12.779999732971191,11.9399995803833,12.329999923706055,133500,0.0,0.0
2025-10-21 00:00:00-04:00,11.899999618530273,12.319999694824219,11.630000114440918,12.109999656677246,216100,0.0,0.0
2025-10-22 00:00:00-04:00,12.0,12.300000190734863,11.760000228881836,12.25,256500,0.0,0.0
2025-10-23 00:00:00-04:00,12.430000305175781,12.65999984741211,12.020000457763672,12.020000457763672,136500,0.0,0.0
2025-10-24 00:00:00-04:00,12.3100004196167,12.779999732971191,12.1899995803833,12.729999542236328,203400,0.0,0.0
2025-10-27 00:00:00-04:00,12.890000343322754,12.890000343322754,11.979999542236328,12.170000076293945,179600,0.0,0.0
2025-10-28 00:00:00-04:00,12.800000190734863,14.119999885559082,12.800000190734863,13.369999885559082,344100,0.0,0.0
2025-10-29 00:00:00-04:00,13.3100004196167,13.979999542236328,13.270000457763672,13.770000457763672,196400,0.0,0.0
2025-10-30 00:00:00-04:00,13.84000015258789,14.199999809265137,13.5600004196167,14.199999809265137,127900,0.0,0.0
2025-10-31 00:00:00-04:00,13.510000228881836,14.430000305175781,13.510000228881836,14.34000015258789,130400,0.0,0.0
2025-11-03 00:00:00-05:00,14.460000038146973,14.5,13.229999542236328,13.260000228881836,177500,0.0,0.0
2025-11-04 00:00:00-05:00,13.350000381469727,13.350000381469727,12.210000038146973,12.300000190734863,145400,0.0,0.0
2025-11-05 00:00:00-05:00,12.430000305175781,12.460000038146973,12.050000190734863,12.34000015258789,180200,0.0,0.0
2025-11-06 00:00:00-05:00,12.1899995803833,12.1899995803833,11.25,11.460000038146973,136500,0.0,0.0
2025-11-07 00:00:00-05:00,11.130000114440918,11.369999885559082,10.479999542236328,11.3100004196167,216100,0.0,0.0
2025-11-10 00:00:00-05:00,12.420000076293945,12.550000190734863,11.880000114440918,12.460000038146973,198000,0.0,0.0
2025-11-11 00:00:00-05:00,12.460000038146973,12.770000457763672,11.869999885559082,11.9399995803833,106400,0.0,0.0
2025-11-12 00:00:00-05:00,12.0,12.15999984741211,11.729999542236328,11.960000038146973,69900,0.0,0.0
2025-11-13 00:00:00-05:00,11.779999732971191,11.880000114440918,11.260000228881836,11.359999656677246,97600,0.0,0.0
2025-11-14 00:00:00-05:00,11.109999656677246,11.779999732971191,10.899999618530273,11.289999961853027,112100,0.0,0.0
2025-11-17 00:00:00-05:00,11.34000015258789,11.760000228881836,10.829999923706055,10.930000305175781,125000,0.0,0.0
2025-11-18 00:00:00-05:00,10.670000076293945,11.050000190734863,10.670000076293945,10.920000076293945,103900,0.0,0.0
2025-11-19 00:00:00-05:00,10.84000015258789,11.489999771118164,10.84000015258789,11.329999923706055,110600,0.0,0.0
2025-11-20 00:00:00-05:00,11.520000457763672,11.770000457763672,10.569999694824219,10.619999885559082,127200,0.0,0.0
2025-11-21 00:00:00-05:00,10.539999961853027,10.649999618530273,10.1899995803833,10.630000114440918,113700,0.0,0.0
2025-11-24 00:00:00-05:00,10.880000114440918,11.329999923706055,10.53499984741211,11.3100004196167,114100,0.0,0.0
2025-11-25 00:00:00-05:00,11.460000038146973,12.100000381469727,11.300000190734863,11.710000038146973,110600,0.0,0.0
2025-11-26 00:00:00-05:00,11.720000267028809,12.039999961853027,11.720000267028809,11.899999618530273,46400,0.0,0.0
2025-11-27 00:00:00-05:00,11.979999542236328,11.979999542236328,11.680000305175781,11.770000457763672,24600,0.0,0.0
2025-11-28 00:00:00-05:00,11.779999732971191,12.229999542236328,11.770000457763672,12.029999732971191,120000,0.0,0.0
2025-12-01 00:00:00-05:00,12.109999656677246,12.460000038146973,12.0,12.1899995803833,119000,0.0,0.0
2025-12-02 00:00:00-05:00,12.180000305175781,12.5,11.989999771118164,12.0,132800,0.0,0.0
2025-12-03 00:00:00-05:00,12.0600004196167,12.600000381469727,11.859999656677246,12.5600004196167,111300,0.0,0.0
2025-12-04 00:00:00-05:00,12.699999809265137,13.670000076293945,12.494999885559082,13.539999961853027,131700,0.0,0.0
2025-12-05 00:00:00-05:00,13.579999923706055,13.75,13.100000381469727,13.229999542236328,104600,0.0,0.0
2025-12-08 00:00:00-05:00,13.289999961853027,13.489999771118164,12.59000015258789,12.600000381469727,63200,0.0,0.0
2025-12-09 00:00:00-05:00,12.65999984741211,12.779999732971191,12.369999885559082,12.710000038146973,98700,0.0,0.0
2025-12-10 00:00:00-05:00,12.869999885559082,12.869999885559082,11.8100004196167,12.180000305175781,92300,0.0,0.0
2025-12-11 00:00:00-05:00,12.109999656677246,12.770000457763672,12.100000381469727,12.710000038146973,143900,0.0,0.0
2025-12-12 00:00:00-05:00,12.649999618530273,12.859999656677246,11.8100004196167,12.170000076293945,182700,0.0,0.0
2025-12-15 00:00:00-05:00,11.880000114440918,12.239999771118164,10.819999694824219,11.229999542236328,210700,0.0,0.0
2025-12-16 00:00:00-05:00,11.199999809265137,11.270000457763672,10.920000076293945,11.140000343322754,78600,0.0,0.0
2025-12-17 00:00:00-05:00,11.319999694824219,11.640000343322754,10.970000267028809,11.050000190734863,87300,0.0,0.0
2025-12-18 00:00:00-05:00,10.90999984741211,11.329999923706055,10.760000228881836,10.899999618530273,274800,0.0,0.0
2025-12-19 00:00:00-05:00,11.109999656677246,12.020000457763672,11.109999656677246,11.579999923706055,809700,0.0,0.0
2025-12-22 00:00:00-05:00,11.899999618530273,12.619999885559082,11.579999923706055,11.829999923706055,201600,0.0,0.0
2025-12-23 00:00:00-05:00,11.859999656677246,12.34000015258789,11.829999923706055,12.300000190734863,105700,0.0,0.0
2025-12-24 00:00:00-05:00,12.220000267028809,12.539999961853027,12.199999809265137,12.359999656677246,37700,0.0,0.0
2025-12-29 00:00:00-05:00,11.920000076293945,12.520000457763672,11.920000076293945,12.210000038146973,166900,0.0,0.0
2025-12-30 00:00:00-05:00,12.15999984741211,12.4399995803833,12.100000381469727,12.199999809265137,178900,0.0,0.0
2025-12-31 00:00:00-05:00,12.140000343322754,12.489999771118164,12.069999694824219,12.489999771118164,200200,0.0,0.0
2026-01-02 00:00:00-05:00,12.40999984741211,14.149999618530273,12.40999984741211,13.779999732971191,304900,0.0,0.0
2026-01-05 00:00:00-05:00,14.239999771118164,14.739999771118164,13.800000190734863,14.4399995803833,177200,0.0,0.0
2026-01-06 00:00:00-05:00,14.520000457763672,15.149999618530273,14.479999542236328,15.010000228881836,193600,0.0,0.0
2026-01-07 00:00:00-05:00,14.699999809265137,15.34000015258789,14.699999809265137,15.140000343322754,327900,0.0,0.0
2026-01-08 00:00:00-05:00,14.989999771118164,15.390000343322754,14.899999618530273,15.1899995803833,142100,0.0,0.0
2026-01-09 00:00:00-05:00,15.4399995803833,15.510000228881836,15.09000015258789,15.210000038146973,98400,0.0,0.0
2026-01-12 00:00:00-05:00,15.319999694824219,15.569999694824219,15.210000038146973,15.470000267028809,153100,0.0,0.0
2026-01-13 00:00:00-05:00,15.640000343322754,15.760000228881836,15.15999984741211,15.619999885559082,220100,0.0,0.0
2026-01-14 00:00:00-05:00,15.020000457763672,15.109999656677246,13.970000267028809,14.8100004196167,370900,0.0,0.0
2026-01-15 00:00:00-05:00,14.890000343322754,15.9399995803833,14.890000343322754,15.0600004196167,170500,0.0,0.0
2026-01-16 00:00:00-05:00,15.239999771118164,15.609999656677246,15.069999694824219,15.15999984741211,134200,0.0,0.0
2026-01-19 00:00:00-05:00,15.130000114440918,16.610000610351562,15.119999885559082,16.540000915527344,271900,0.0,0.0
2026-01-20 00:00:00-05:00,16.229999542236328,16.5,15.510000228881836,15.8100004196167,249600,0.0,0.0
2026-01-21 00:00:00-05:00,15.5600004196167,16.75,14.899999618530273,16.540000915527344,803600,0.0,0.0
2026-01-22 00:00:00-05:00,16.360000610351562,16.399999618530273,15.324999809265137,16.1299991607666,249300,0.0,0.0
2026-01-23 00:00:00-05:00,16.1299991607666,16.520000457763672,15.399999618530273,16.459999084472656,269700,0.0,0.0
2026-01-26 00:00:00-05:00,16.549999237060547,16.950000762939453,15.300000190734863,15.359999656677246,347900,0.0,0.0
2026-01-27 00:00:00-05:00,15.619999885559082,16.459999084472656,15.359999656677246,16.31999969482422,494000,0.0,0.0
2026-01-28 00:00:00-05:00,16.56999969482422,17.950000762939453,16.219999313354492,17.790000915527344,590300,0.0,0.0
2026-01-29 00:00:00-05:00,18.0,18.100000381469727,16.600000381469727,17.290000915527344,268200,0.0,0.0
2026-01-30 00:00:00-05:00,16.200000762939453,16.729999542236328,15.670000076293945,15.850000381469727,517300,0.0,0.0
2026-02-02 00:00:00-05:00,15.829999923706055,16.229999542236328,15.199999809265137,15.520000457763672,291800,0.0,0.0
2026-02-03 00:00:00-05:00,16.040000915527344,16.670000076293945,15.899999618530273,16.270000457763672,211600,0.0,0.0
2026-02-04 00:00:00-05:00,16.350000381469727,16.350000381469727,13.970000267028809,14.989999771118164,339700,0.0,0.0
2026-02-05 00:00:00-05:00,14.3100004196167,14.430000305175781,12.979999542236328,13.130000114440918,383100,0.0,0.0
2026-02-06 00:00:00-05:00,13.5,13.800000190734863,12.720000267028809,13.699999809265137,183000,0.0,0.0
2026-02-09 00:00:00-05:00,13.850000381469727,14.244999885559082,13.430000305175781,14.199999809265137,199400,0.0,0.0
2026-02-10 00:00:00-05:00,14.210000038146973,14.649999618530273,13.949999809265137,14.170000076293945,148300,0.0,0.0
2026-02-11 00:00:00-05:00,14.470000267028809,14.75,13.979999542236328,14.329999923706055,150200,0.0,0.0
2026-02-12 00:00:00-05:00,14.5,14.520000457763672,13.670000076293945,13.720000267028809,123200,0.0,0.0
2026-02-13 00:00:00-05:00,13.6899995803833,13.989999771118164,13.3100004196167,13.600000381469727,210200,0.0,0.0
2026-02-17 00:00:00-05:00,14.270000457763672,14.270000457763672,13.050000190734863,13.579999923706055,125000,0.0,0.0
2026-02-18 00:00:00-05:00,13.989999771118164,14.65999984741211,13.640000343322754,14.420000076293945,249500,0.0,0.0
2026-02-19 00:00:00-05:00,14.569999694824219,15.479999542236328,14.170000076293945,15.1899995803833,154800,0.0,0.0
2026-02-20 00:00:00-05:00,15.279999732971191,16.0,14.699999809265137,15.050000190734863,225200,0.0,0.0
2026-02-23 00:00:00-05:00,15.100000381469727,15.609999656677246,14.989999771118164,15.050000190734863,58100,0.0,0.0
2026-02-24 00:00:00-05:00,15.09000015258789,15.720000267028809,14.760000228881836,15.619999885559082,133100,0.0,0.0
2026-02-25 00:00:00-05:00,15.729999542236328,16.440000534057617,15.529999732971191,15.550000190734863,211600,0.0,0.0
2026-02-26 00:00:00-05:00,15.539999961853027,15.720000267028809,15.109999656677246,15.569999694824219,91000,0.0,0.0
2026-02-27 00:00:00-05:00,15.140000343322754,16.149999618530273,15.140000343322754,16.09000015258789,263300,0.0,0.0
2026-03-02 00:00:00-05:00,15.890000343322754,16.549999237060547,15.5600004196167,16.40999984741211,274500,0.0,0.0
2026-03-03 00:00:00-05:00,15.970000267028809,15.970000267028809,14.75,15.430000305175781,422100,0.0,0.0
2026-03-04 00:00:00-05:00,15.4399995803833,15.779999732971191,14.920000076293945,15.260000228881836,191300,0.0,0.0
2026-03-05 00:00:00-05:00,15.010000228881836,15.234999656677246,14.25,14.739999771118164,237100,0.0,0.0
2026-03-06 00:00:00-05:00,14.5,14.760000228881836,13.739999771118164,13.8100004196167,150000,0.0,0.0
2026-03-09 00:00:00-04:00,13.470000267028809,14.869999885559082,13.460000038146973,14.800000190734863,319800,0.0,0.0
2026-03-10 00:00:00-04:00,14.850000381469727,15.710000038146973,14.850000381469727,15.430000305175781,273500,0.0,0.0
2026-03-11 00:00:00-04:00,15.420000076293945,15.420000076293945,14.930000305175781,15.0600004196167,111900,0.0,0.0
2026-03-12 00:00:00-04:00,15.010000228881836,15.3100004196167,14.600000381469727,14.899999618530273,110300,0.0,0.0
2026-03-13 00:00:00-04:00,15.079999923706055,15.239999771118164,14.399999618530273,14.539999961853027,136800,0.0,0.0
2026-03-16 00:00:00-04:00,14.5,16.09000015258789,14.489999771118164,15.729999542236328,852100,0.0,0.0
2026-03-17 00:00:00-04:00,15.75,15.970000267028809,15.460000038146973,15.819999694824219,239500,0.0,0.0
2026-03-18 00:00:00-04:00,15.8100004196167,16.65999984741211,15.710000038146973,16.110000610351562,398100,0.0,0.0
2026-03-19 00:00:00-04:00,14.3100004196167,15.170000076293945,13.5,14.029999732971191,546200,0.0,0.0
2026-03-20 00:00:00-04:00,14.130000114440918,14.180000305175781,13.029999732971191,13.260000228881836,2922000,0.0,0.0
2026-03-23 00:00:00-04:00,13.0600004196167,13.920000076293945,13.0,13.680000305175781,247400,0.0,0.0
2026-03-24 00:00:00-04:00,13.65999984741211,14.029999732971191,13.420000076293945,13.930000305175781,180000,0.0,0.0
2026-03-25 00:00:00-04:00,14.170000076293945,15.449999809265137,14.170000076293945,15.0,287300,0.0,0.0
2026-03-26 00:00:00-04:00,14.359999656677246,14.829999923706055,13.84000015258789,13.850000381469727,127800,0.0,0.0
2026-03-27 00:00:00-04:00,13.619999885559082,14.279999732971191,13.59000015258789,14.0,121200,0.0,0.0
2026-03-30 00:00:00-04:00,14.470000267028809,14.470000267028809,12.710000038146973,13.050000190734863,179300,0.0,0.0
2026-03-31 00:00:00-04:00,13.350000381469727,14.800000190734863,13.350000381469727,14.739999771118164,501100,0.0,0.0
2026-04-01 00:00:00-04:00,14.770000457763672,15.720000267028809,14.600000381469727,14.829999923706055,185900,0.0,0.0
2026-04-02 00:00:00-04:00,14.359999656677246,14.90999984741211,14.0600004196167,14.640000343322754,109900,0.0,0.0
2026-04-06 00:00:00-04:00,14.760000228881836,14.949999809265137,14.100000381469727,14.789999961853027,113600,0.0,0.0
2026-04-07 00:00:00-04:00,14.970000267028809,14.970000267028809,14.149999618530273,14.3100004196167,80400,0.0,0.0
2026-04-08 00:00:00-04:00,15.390000343322754,15.800000190734863,14.529999732971191,14.680000305175781,114900,0.0,0.0
2026-04-09 00:00:00-04:00,14.779999732971191,15.199999809265137,14.489999771118164,15.010000228881836,80800,0.0,0.0
2026-04-10 00:00:00-04:00,15.050000190734863,15.4399995803833,14.829999923706055,14.850000381469727,105000,0.0,0.0
2026-04-13 00:00:00-04:00,14.739999771118164,15.329999923706055,14.140000343322754,15.279999732971191,110500,0.0,0.0
2026-04-14 00:00:00-04:00,15.359999656677246,15.739999771118164,15.170000076293945,15.460000038146973,190300,0.0,0.0
2026-04-15 00:00:00-04:00,15.699999809265137,16.68000030517578,15.5,16.309999465942383,306500,0.0,0.0
2026-04-16 00:00:00-04:00,16.329999923706055,16.84000015258789,16.299999237060547,16.829999923706055,220000,0.0,0.0
2026-04-17 00:00:00-04:00,17.0,17.1200008392334,15.979999542236328,16.170000076293945,230700,0.0,0.0
2026-04-20 00:00:00-04:00,16.270000457763672,16.760000228881836,15.819999694824219,16.690000534057617,131600,0.0,0.0
2026-04-21 00:00:00-04:00,16.799999237060547,16.799999237060547,15.869999885559082,16.229999542236328,151700,0.0,0.0
2026-04-22 00:00:00-04:00,16.559999465942383,17.479999542236328,16.3799991607666,17.329999923706055,230400,0.0,0.0
2026-04-23 00:00:00-04:00,17.479999542236328,17.829999923706055,16.209999084472656,16.690000534057617,197000,0.0,0.0
2026-04-24 00:00:00-04:00,16.989999771118164,17.06999969482422,15.899999618530273,15.899999618530273,139824,0.0,0.0
