Date,Open,High,Low,Close,Volume,Dividends,Stock Splits
2022-01-03 00:00:00-05:00,42400.0,44000.0,35600.0,40320.0,1,0.0,0.0
2022-01-04 00:00:00-05:00,40000.0,49600.0,36000.0,45600.0,13,0.0,0.0
2022-01-05 00:00:00-05:00,44000.0,47520.0,40800.0,42640.0,2,0.0,0.0
2022-01-06 00:00:00-05:00,44800.0,44800.0,40160.0,41440.0,1,0.0,0.0
2022-01-07 00:00:00-05:00,39200.0,44800.0,39200.0,42080.0,2,0.0,0.0
2022-01-10 00:00:00-05:00,40000.0,44080.0,33280.0,40000.0,2,0.0,0.0
2022-01-11 00:00:00-05:00,39200.0,41520.0,36800.0,40720.0,1,0.0,0.0
2022-01-12 00:00:00-05:00,39360.0,40320.0,31200.0,38240.0,2,0.0,0.0
2022-01-13 00:00:00-05:00,38000.0,38400.0,35200.0,37200.0,1,0.0,0.0
2022-01-14 00:00:00-05:00,35200.0,36000.0,33600.0,35760.0,1,0.0,0.0
2022-01-18 00:00:00-05:00,36160.0,44000.0,36160.0,40000.0,8,0.0,0.0
2022-01-19 00:00:00-05:00,42080.0,42080.0,37680.0,39200.0,0,0.0,0.0
2022-01-20 00:00:00-05:00,40800.0,40800.0,34880.0,37280.0,1,0.0,0.0
2022-01-21 00:00:00-05:00,37040.0,37840.0,34000.0,34000.0,1,0.0,0.0
2022-01-24 00:00:00-05:00,33600.0,41600.0,31360.0,36000.0,4,0.0,0.0
2022-01-25 00:00:00-05:00,36720.0,38160.0,32800.0,36000.0,1,0.0,0.0
2022-01-26 00:00:00-05:00,37120.0,43200.0,36000.0,36000.0,2,0.0,0.0
2022-01-27 00:00:00-05:00,36800.0,40000.0,32000.0,32800.0,1,0.0,0.0
2022-01-28 00:00:00-05:00,34880.0,37600.0,33600.0,36160.0,0,0.0,0.0
2022-01-31 00:00:00-05:00,34400.0,40000.0,34400.0,39200.0,1,0.0,0.0
2022-02-01 00:00:00-05:00,39200.0,44400.0,39200.0,39280.0,1,0.0,0.0
2022-02-02 00:00:00-05:00,41600.0,42400.0,39360.0,39360.0,0,0.0,0.0
2022-02-03 00:00:00-05:00,39280.0,42400.0,39200.0,39200.0,1,0.0,0.0
2022-02-04 00:00:00-05:00,40000.0,42400.0,39360.0,40240.0,0,0.0,0.0
2022-02-07 00:00:00-05:00,40000.0,42400.0,36240.0,36880.0,1,0.0,0.0
2022-02-08 00:00:00-05:00,36800.0,38800.0,36800.0,37840.0,0,0.0,0.0
2022-02-09 00:00:00-05:00,36880.0,42400.0,36800.0,37600.0,1,0.0,0.0
2022-02-10 00:00:00-05:00,37600.0,38800.0,35280.0,35440.0,1,0.0,0.0
2022-02-11 00:00:00-05:00,36000.0,37520.0,35200.0,35200.0,1,0.0,0.0
2022-02-14 00:00:00-05:00,36560.0,36560.0,34720.0,34800.0,0,0.0,0.0
2022-02-15 00:00:00-05:00,34400.0,37600.0,33680.0,34880.0,1,0.0,0.0
2022-02-16 00:00:00-05:00,38400.0,39920.0,35200.0,36800.0,1,0.0,0.0
2022-02-17 00:00:00-05:00,38400.0,38400.0,36000.0,36080.0,0,0.0,0.0
2022-02-18 00:00:00-05:00,35360.0,36000.0,34640.0,34640.0,0,0.0,0.0
2022-02-22 00:00:00-05:00,34640.0,36000.0,34160.0,36000.0,1,0.0,0.0
2022-02-23 00:00:00-05:00,30400.0,34560.0,30400.0,33280.0,1,0.0,0.0
2022-02-24 00:00:00-05:00,32800.0,32800.0,26400.0,31200.0,1,0.0,0.0
2022-02-25 00:00:00-05:00,30080.0,32000.0,29600.0,30400.0,0,0.0,0.0
2022-02-28 00:00:00-05:00,28800.0,28800.0,21440.0,22880.0,4,0.0,0.0
2022-03-01 00:00:00-05:00,23200.0,25520.0,22400.0,24800.0,2,0.0,0.0
2022-03-02 00:00:00-05:00,24800.0,28000.0,23840.0,25040.0,3,0.0,0.0
2022-03-03 00:00:00-05:00,23680.0,26320.0,23680.0,24000.0,2,0.0,0.0
2022-03-04 00:00:00-05:00,24240.0,26080.0,22400.0,26000.0,2,0.0,0.0
2022-03-07 00:00:00-05:00,23040.0,25600.0,17760.0,19360.0,5,0.0,0.2
2022-03-08 00:00:00-05:00,19200.0,19360.0,17424.0,18560.0,2,0.0,0.0
2022-03-09 00:00:00-05:00,17440.0,25920.0,17440.0,20800.0,6,0.0,0.0
2022-03-10 00:00:00-05:00,23072.0,23072.0,18400.0,19360.0,3,0.0,0.0
2022-03-11 00:00:00-05:00,22240.0,22240.0,19360.0,19680.0,1,0.0,0.0
2022-03-14 00:00:00-04:00,20000.0,28960.0,20000.0,27072.0,21,0.0,0.0
2022-03-15 00:00:00-04:00,26240.0,28352.0,23200.0,26880.0,18,0.0,0.0
2022-03-16 00:00:00-04:00,27840.0,35040.0,25120.0,29120.0,26,0.0,0.0
2022-03-17 00:00:00-04:00,28800.0,30080.0,26240.0,26240.0,6,0.0,0.0
2022-03-18 00:00:00-04:00,25760.0,27360.0,25440.0,27040.0,4,0.0,0.0
2022-03-21 00:00:00-04:00,26864.0,27184.0,22880.0,23040.0,2,0.0,0.0
2022-03-22 00:00:00-04:00,22720.0,36256.0,22720.0,35040.0,58,0.0,0.0
2022-03-23 00:00:00-04:00,34400.0,45600.0,29120.0,29440.0,243,0.0,0.0
2022-03-24 00:00:00-04:00,29600.0,42560.0,26416.0,33280.0,131,0.0,0.0
2022-03-25 00:00:00-04:00,31360.0,32160.0,28800.0,29120.0,11,0.0,0.0
2022-03-28 00:00:00-04:00,28800.0,29744.0,25760.0,26080.0,10,0.0,0.0
2022-03-29 00:00:00-04:00,25120.0,30400.0,25120.0,29120.0,38,0.0,0.0
2022-03-30 00:00:00-04:00,28800.0,29920.0,26560.0,26880.0,5,0.0,0.0
2022-03-31 00:00:00-04:00,27360.0,28160.0,23200.0,23840.0,6,0.0,0.0
2022-04-01 00:00:00-04:00,25120.0,26240.0,22400.0,23360.0,36,0.0,0.0
2022-04-04 00:00:00-04:00,24160.0,25408.0,22880.0,23360.0,8,0.0,0.0
2022-04-05 00:00:00-04:00,23520.0,23520.0,20800.0,21920.0,5,0.0,0.0
2022-04-06 00:00:00-04:00,21280.0,25920.0,20320.0,24160.0,28,0.0,0.0
2022-04-07 00:00:00-04:00,25280.0,25680.0,18880.0,21760.0,32,0.0,0.0
2022-04-08 00:00:00-04:00,21120.0,23680.0,20160.0,20640.0,7,0.0,0.0
2022-04-11 00:00:00-04:00,21200.0,21600.0,18432.0,19680.0,6,0.0,0.0
2022-04-12 00:00:00-04:00,20160.0,20160.0,16160.0,16480.0,7,0.0,0.0
2022-04-13 00:00:00-04:00,15680.0,18240.0,15520.0,16000.0,8,0.0,0.0
2022-04-14 00:00:00-04:00,16000.0,16384.0,14576.0,15280.0,3,0.0,0.0
2022-04-18 00:00:00-04:00,16000.0,16000.0,14880.0,15360.0,2,0.0,0.0
2022-04-19 00:00:00-04:00,15280.0,18560.0,14400.0,16960.0,17,0.0,0.0
2022-04-20 00:00:00-04:00,16320.0,19200.0,16160.0,18080.0,23,0.0,0.0
2022-04-21 00:00:00-04:00,17600.0,20160.0,17440.0,18720.0,21,0.0,0.0
2022-04-22 00:00:00-04:00,18400.0,18400.0,16000.0,16480.0,7,0.0,0.0
2022-04-25 00:00:00-04:00,14880.0,16640.0,14880.0,15680.0,18,0.0,0.0
2022-04-26 00:00:00-04:00,20320.0,20640.0,16320.0,18880.0,432,0.0,0.0
2022-04-27 00:00:00-04:00,16800.0,17920.0,13760.0,14080.0,44,0.0,0.0
2022-04-28 00:00:00-04:00,14720.0,15680.0,11104.0,13120.0,31,0.0,0.0
2022-04-29 00:00:00-04:00,14400.0,14400.0,12032.0,12480.0,9,0.0,0.0
2022-05-02 00:00:00-04:00,11840.0,13152.0,11840.0,12800.0,5,0.0,0.0
2022-05-03 00:00:00-04:00,13632.0,14480.0,11360.0,14160.0,28,0.0,0.0
2022-05-04 00:00:00-04:00,13440.0,15200.0,13440.0,15200.0,7,0.0,0.0
2022-05-05 00:00:00-04:00,15200.0,15360.0,12832.0,13280.0,12,0.0,0.0
2022-05-06 00:00:00-04:00,12480.0,14032.0,12480.0,13696.0,3,0.0,0.0
2022-05-09 00:00:00-04:00,12800.0,12928.0,12160.0,12928.0,1,0.0,0.0
2022-05-10 00:00:00-04:00,12336.0,15200.0,11584.0,12800.0,22,0.0,0.0
2022-05-11 00:00:00-04:00,12048.0,12608.0,10240.0,10944.0,4,0.0,0.0
2022-05-12 00:00:00-04:00,10624.0,12000.0,9616.0,10960.0,13,0.0,0.0
2022-05-13 00:00:00-04:00,11424.0,13760.0,10416.0,10560.0,5,0.0,0.0
2022-05-16 00:00:00-04:00,11840.0,13056.0,10560.0,11936.0,9,0.0,0.0
2022-05-17 00:00:00-04:00,12288.0,12320.0,11040.0,12240.0,3,0.0,0.0
2022-05-18 00:00:00-04:00,11024.0,12656.0,10400.0,11600.0,1,0.0,0.0
2022-05-19 00:00:00-04:00,10944.0,12640.0,10944.0,11360.0,3,0.0,0.0
2022-05-20 00:00:00-04:00,11200.0,12160.0,11200.0,11200.0,1,0.0,0.0
2022-05-23 00:00:00-04:00,11200.0,11520.0,11056.0,11280.0,1,0.0,0.0
2022-05-24 00:00:00-04:00,11232.0,13040.0,10576.0,12400.0,8,0.0,0.0
2022-05-25 00:00:00-04:00,11792.0,19680.0,11760.0,16320.0,70,0.0,0.0
2022-05-26 00:00:00-04:00,14560.0,15360.0,14400.0,15008.0,4,0.0,0.0
2022-05-27 00:00:00-04:00,15488.0,16320.0,13136.0,16160.0,4,0.0,0.0
2022-05-31 00:00:00-04:00,17600.0,17600.0,14880.0,16480.0,2,0.0,0.0
2022-06-01 00:00:00-04:00,17600.0,17600.0,14560.0,14896.0,2,0.0,0.0
2022-06-02 00:00:00-04:00,14896.0,16640.0,14720.0,16480.0,1,0.0,0.0
2022-06-03 00:00:00-04:00,16320.0,20480.0,15520.0,18240.0,7,0.0,0.0
2022-06-06 00:00:00-04:00,20640.0,20640.0,19200.0,19568.0,4,0.0,0.0
2022-06-07 00:00:00-04:00,20480.0,20800.0,16000.0,20160.0,7,0.0,0.0
2022-06-08 00:00:00-04:00,17760.0,24048.0,17600.0,20640.0,26,0.0,0.0
2022-06-09 00:00:00-04:00,21680.0,24320.0,19520.0,22400.0,9,0.0,0.0
2022-06-10 00:00:00-04:00,22400.0,23456.0,20352.0,21120.0,3,0.0,0.0
2022-06-13 00:00:00-04:00,17600.0,22880.0,17600.0,21440.0,3,0.0,0.0
2022-06-14 00:00:00-04:00,20960.0,23360.0,19520.0,22560.0,2,0.0,0.0
2022-06-15 00:00:00-04:00,23680.0,24960.0,19680.0,23264.0,3,0.0,0.0
2022-06-16 00:00:00-04:00,25280.0,25280.0,21760.0,21888.0,0,0.0,0.0
2022-06-17 00:00:00-04:00,19200.0,29440.0,19200.0,25600.0,10,0.0,0.0
2022-06-21 00:00:00-04:00,24640.0,32800.0,24320.0,30240.0,15,0.0,0.0
2022-06-22 00:00:00-04:00,29760.0,32480.0,29760.0,31056.0,4,0.0,0.0
2022-06-23 00:00:00-04:00,35040.0,35200.0,31104.0,32640.0,8,0.0,0.0
2022-06-24 00:00:00-04:00,34560.0,36800.0,32160.0,33440.0,7,0.0,0.0
2022-06-27 00:00:00-04:00,32480.0,35664.0,32480.0,34560.0,1,0.0,0.0
2022-06-28 00:00:00-04:00,33600.0,34640.0,30896.0,31040.0,1,0.0,0.0
2022-06-29 00:00:00-04:00,31040.0,31040.0,28480.0,28800.0,1,0.0,0.0
2022-06-30 00:00:00-04:00,26720.0,30400.0,25600.0,30400.0,0,0.0,0.0
2022-07-01 00:00:00-04:00,30192.0,31360.0,25600.0,27680.0,0,0.0,0.0
2022-07-05 00:00:00-04:00,27200.0,29440.0,24000.0,29440.0,1,0.0,0.0
2022-07-06 00:00:00-04:00,27520.0,31200.0,26400.0,27680.0,1,0.0,0.0
2022-07-07 00:00:00-04:00,28128.0,30720.0,27200.0,28160.0,1,0.0,0.0
2022-07-08 00:00:00-04:00,30000.0,30000.0,25600.0,26880.0,1,0.0,0.0
2022-07-11 00:00:00-04:00,26592.0,27840.0,24160.0,24160.0,1,0.0,0.0
2022-07-12 00:00:00-04:00,24800.0,25568.0,24000.0,24000.0,0,0.0,0.0
2022-07-13 00:00:00-04:00,24000.0,26544.0,22400.0,22720.0,1,0.0,0.0
2022-07-14 00:00:00-04:00,22400.0,25120.0,22400.0,22992.0,1,0.0,0.0
2022-07-15 00:00:00-04:00,24320.0,24320.0,24160.0,24160.0,0,0.0,0.0
2022-07-18 00:00:00-04:00,23520.0,26320.0,23520.0,25600.0,0,0.0,0.0
2022-07-19 00:00:00-04:00,24800.0,26400.0,24800.0,25920.0,1,0.0,0.0
2022-07-20 00:00:00-04:00,25120.0,28000.0,25120.0,27520.0,0,0.0,0.0
2022-07-21 00:00:00-04:00,24160.0,27024.0,24160.0,24480.0,0,0.0,0.0
2022-07-22 00:00:00-04:00,24480.0,26848.0,20160.0,25440.0,2,0.0,0.0
2022-07-25 00:00:00-04:00,24960.0,24960.0,20480.0,23040.0,1,0.0,0.0
2022-07-26 00:00:00-04:00,21120.0,24016.0,21120.0,23840.0,0,0.0,0.0
2022-07-27 00:00:00-04:00,22880.0,22880.0,21488.0,22880.0,1,0.0,0.0
2022-07-28 00:00:00-04:00,22720.0,30720.0,22400.0,29920.0,9,0.0,0.0
2022-07-29 00:00:00-04:00,30240.0,44160.0,30240.0,33600.0,128,0.0,0.0
2022-08-01 00:00:00-04:00,30400.0,32288.0,27040.0,31360.0,14,0.0,0.0
2022-08-02 00:00:00-04:00,30080.0,33600.0,25760.0,30080.0,5,0.0,0.0
2022-08-03 00:00:00-04:00,31680.0,40160.0,30240.0,36640.0,22,0.0,0.0
2022-08-04 00:00:00-04:00,37120.0,42928.0,33600.0,37760.0,16,0.0,0.0
2022-08-05 00:00:00-04:00,36320.0,54400.0,30560.0,48800.0,30,0.0,0.0
2022-08-08 00:00:00-04:00,49440.0,55040.0,45600.0,53760.0,13,0.0,0.0
2022-08-09 00:00:00-04:00,53760.0,61920.0,48000.0,48160.0,10,0.0,0.0
2022-08-10 00:00:00-04:00,45760.0,55200.0,45440.0,48640.0,3,0.0,0.0
2022-08-11 00:00:00-04:00,50240.0,50944.0,46560.0,49440.0,2,0.0,0.0
2022-08-12 00:00:00-04:00,50720.0,50720.0,48000.0,48800.0,1,0.0,0.0
2022-08-15 00:00:00-04:00,47520.0,50880.0,46400.0,46560.0,1,0.0,0.0
2022-08-16 00:00:00-04:00,46400.0,51200.0,46400.0,47840.0,0,0.0,0.0
2022-08-17 00:00:00-04:00,46432.0,48960.0,45920.0,46512.0,0,0.0,0.0
2022-08-18 00:00:00-04:00,46080.0,49120.0,44960.0,46080.0,1,0.0,0.0
2022-08-19 00:00:00-04:00,46080.0,47680.0,44800.0,44800.0,1,0.0,0.0
2022-08-22 00:00:00-04:00,44000.0,54400.0,44000.0,49440.0,5,0.0,0.0
2022-08-23 00:00:00-04:00,49600.0,54400.0,49600.0,52160.0,1,0.0,0.0
2022-08-24 00:00:00-04:00,50400.0,53600.0,50400.0,52480.0,1,0.0,0.0
2022-08-25 00:00:00-04:00,53440.0,53440.0,47520.0,52640.0,2,0.0,0.0
2022-08-26 00:00:00-04:00,51680.0,52480.0,49920.0,50400.0,0,0.0,0.0
2022-08-29 00:00:00-04:00,48480.0,49760.0,46560.0,49760.0,3,0.0,0.0
2022-08-30 00:00:00-04:00,48560.0,51040.0,47840.0,50880.0,1,0.0,0.0
2022-08-31 00:00:00-04:00,50080.0,52032.0,47360.0,49648.0,0,0.0,0.0
2022-09-01 00:00:00-04:00,46880.0,46880.0,41600.0,45520.0,1,0.0,0.0
2022-09-02 00:00:00-04:00,45760.0,47680.0,44512.0,44512.0,1,0.0,0.0
2022-09-06 00:00:00-04:00,47200.0,47200.0,44960.0,45760.0,0,0.0,0.0
2022-09-07 00:00:00-04:00,45600.0,46400.0,45120.0,45120.0,0,0.0,0.0
2022-09-08 00:00:00-04:00,47200.0,48000.0,45440.0,48000.0,0,0.0,0.0
2022-09-09 00:00:00-04:00,46720.0,48960.0,46720.0,47360.0,0,0.0,0.0
2022-09-12 00:00:00-04:00,46720.0,48000.0,44800.0,47920.0,1,0.0,0.0
2022-09-13 00:00:00-04:00,48000.0,48000.0,45600.0,45600.0,0,0.0,0.0
2022-09-14 00:00:00-04:00,46400.0,46688.0,46400.0,46688.0,0,0.0,0.0
2022-09-15 00:00:00-04:00,49280.0,49440.0,47200.0,49120.0,0,0.0,0.0
2022-09-16 00:00:00-04:00,46960.0,48960.0,46080.0,48960.0,0,0.0,0.0
2022-09-19 00:00:00-04:00,48000.0,50720.0,48000.0,48480.0,1,0.0,0.0
2022-09-20 00:00:00-04:00,49280.0,49280.0,46720.0,47216.0,0,0.0,0.0
2022-09-21 00:00:00-04:00,48480.0,50880.0,46080.0,46080.0,1,0.0,0.0
2022-09-22 00:00:00-04:00,45920.0,45920.0,43360.0,43360.0,0,0.0,0.0
2022-09-23 00:00:00-04:00,40160.0,43840.0,40160.0,43840.0,0,0.0,0.0
2022-09-26 00:00:00-04:00,37280.0,37280.0,37280.0,37280.0,0,0.0,0.0
2022-09-27 00:00:00-04:00,37440.0,41152.0,37440.0,38400.0,0,0.0,0.0
2022-09-28 00:00:00-04:00,38560.0,38800.0,35200.0,35200.0,0,0.0,0.0
2022-09-29 00:00:00-04:00,33760.0,34400.0,27360.0,32160.0,0,0.0,0.0
2022-09-30 00:00:00-04:00,28960.0,29536.0,28960.0,29536.0,0,0.0,0.0
2022-10-03 00:00:00-04:00,30880.0,30880.0,30880.0,30880.0,0,0.0,0.0
2022-10-04 00:00:00-04:00,27840.0,28000.0,24160.0,27680.0,0,0.0,0.0
2022-10-05 00:00:00-04:00,32160.0,32160.0,24480.0,24480.0,0,0.0,0.0
2022-10-06 00:00:00-04:00,27360.0,27360.0,24160.0,27360.0,0,0.0,0.0
2022-10-07 00:00:00-04:00,30000.0,30000.0,28208.0,28208.0,0,0.0,0.0
2022-10-10 00:00:00-04:00,24480.0,24480.0,24480.0,24480.0,0,0.0,0.0
2022-10-11 00:00:00-04:00,25216.0,30080.0,24160.0,30080.0,0,0.0,0.0
2022-10-12 00:00:00-04:00,28800.0,60800.0,28800.0,45600.0,280,0.0,0.0
2022-10-13 00:00:00-04:00,39680.0,42240.0,33600.0,35520.0,25,0.0,0.0
2022-10-14 00:00:00-04:00,34880.0,43200.0,34720.0,37120.0,21,0.0,0.0
2022-10-17 00:00:00-04:00,38400.0,38400.0,28000.0,31520.0,7,0.0,0.0
2022-10-18 00:00:00-04:00,35040.0,36960.0,19680.0,24480.0,19,0.0,0.0
2022-10-19 00:00:00-04:00,24160.0,27040.0,22672.0,24320.0,3,0.0,0.0
2022-10-20 00:00:00-04:00,23040.0,24880.0,21808.0,22400.0,1,0.0,0.0
2022-10-21 00:00:00-04:00,24000.0,25776.0,23360.0,24080.0,1,0.0,0.0
2022-10-24 00:00:00-04:00,23200.0,24720.0,22400.0,23840.0,1,0.0,0.0
2022-10-25 00:00:00-04:00,22880.0,24320.0,22576.0,23200.0,0,0.0,0.0
2022-10-26 00:00:00-04:00,21280.0,23200.0,21280.0,22720.0,0,0.0,0.0
2022-10-27 00:00:00-04:00,21600.0,24160.0,20320.0,22240.0,1,0.0,0.0
2022-10-28 00:00:00-04:00,23040.0,24160.0,18240.0,20480.0,1,0.0,0.0
2022-10-31 00:00:00-04:00,19520.0,21600.0,19520.0,21600.0,1,0.0,0.0
2022-11-01 00:00:00-04:00,21440.0,22800.0,21440.0,22800.0,2,0.0,0.0
2022-11-02 00:00:00-04:00,23040.0,23360.0,21280.0,21280.0,1,0.0,0.0
2022-11-03 00:00:00-04:00,21280.0,22240.0,20800.0,21680.0,0,0.0,0.0
2022-11-04 00:00:00-04:00,23840.0,23840.0,21920.0,22880.0,1,0.0,0.0
2022-11-07 00:00:00-05:00,21200.0,24400.0,21200.0,21600.0,0,0.0,0.0
2022-11-08 00:00:00-05:00,22560.0,22576.0,20800.0,21120.0,0,0.0,0.0
2022-11-09 00:00:00-05:00,22400.0,23360.0,17600.0,20160.0,1,0.0,0.0
2022-11-10 00:00:00-05:00,19520.0,21760.0,19360.0,20288.0,1,0.0,0.0
2022-11-11 00:00:00-05:00,21600.0,22400.0,21120.0,21120.0,1,0.0,0.0
2022-11-14 00:00:00-05:00,20960.0,22400.0,19360.0,20320.0,1,0.0,0.0
2022-11-15 00:00:00-05:00,21424.0,22880.0,20800.0,20800.0,1,0.0,0.0
2022-11-16 00:00:00-05:00,20160.0,20480.0,20000.0,20480.0,0,0.0,0.0
2022-11-17 00:00:00-05:00,20640.0,22240.0,20480.0,22096.0,0,0.0,0.0
2022-11-18 00:00:00-05:00,21008.0,21440.0,20480.0,20960.0,0,0.0,0.0
2022-11-21 00:00:00-05:00,21120.0,22384.0,21120.0,22240.0,0,0.0,0.0
2022-11-22 00:00:00-05:00,21600.0,21600.0,17440.0,21120.0,1,0.0,0.0
2022-11-23 00:00:00-05:00,21440.0,21440.0,20800.0,20800.0,0,0.0,0.0
2022-11-25 00:00:00-05:00,20944.0,21120.0,20800.0,20960.0,0,0.0,0.0
2022-11-28 00:00:00-05:00,20960.0,21120.0,20960.0,21120.0,0,0.0,0.0
2022-11-29 00:00:00-05:00,21120.0,22336.0,20640.0,20960.0,1,0.0,0.0
2022-11-30 00:00:00-05:00,20800.0,22080.0,20800.0,20976.0,0,0.0,0.0
2022-12-01 00:00:00-05:00,20960.0,21760.0,13344.0,13952.0,3,0.0,0.0
2022-12-02 00:00:00-05:00,15216.0,21440.0,14928.0,19040.0,7,0.0,0.0
2022-12-05 00:00:00-05:00,18880.0,21344.0,18560.0,19200.0,2,0.0,0.0
2022-12-06 00:00:00-05:00,19040.0,26080.0,18880.0,21360.0,19,0.0,0.0
2022-12-07 00:00:00-05:00,23600.0,37760.0,23600.0,33600.0,48,0.0,0.0
2022-12-08 00:00:00-05:00,30240.0,40960.0,29600.0,36800.0,25,0.0,0.0
2022-12-09 00:00:00-05:00,34720.0,41600.0,32160.0,40640.0,9,0.0,0.0
2022-12-12 00:00:00-05:00,34560.0,39680.0,34560.0,38720.0,3,0.0,0.0
2022-12-13 00:00:00-05:00,36960.0,36960.0,34720.0,35680.0,1,0.0,0.0
2022-12-14 00:00:00-05:00,34720.0,36480.0,34400.0,35200.0,1,0.0,0.0
2022-12-15 00:00:00-05:00,36640.0,36640.0,34720.0,35040.0,1,0.0,0.0
2022-12-16 00:00:00-05:00,35840.0,36720.0,34784.0,36320.0,1,0.0,0.0
2022-12-19 00:00:00-05:00,34880.0,36160.0,33984.0,34544.0,1,0.0,0.0
2022-12-20 00:00:00-05:00,35520.0,36160.0,35360.0,36160.0,0,0.0,0.0
2022-12-21 00:00:00-05:00,34880.0,36800.0,34880.0,35840.0,0,0.0,0.0
2022-12-22 00:00:00-05:00,36688.0,38400.0,36080.0,37296.0,1,0.0,0.0
2022-12-23 00:00:00-05:00,37280.0,47520.0,34624.0,46400.0,7,0.0,0.0
2022-12-27 00:00:00-05:00,46560.0,51200.0,44320.0,50720.0,16,0.0,0.0
2022-12-28 00:00:00-05:00,46400.0,48160.0,43520.0,46608.0,4,0.0,0.0
2022-12-29 00:00:00-05:00,46080.0,46560.0,41840.0,41840.0,1,0.0,0.0
2022-12-30 00:00:00-05:00,42240.0,46400.0,36480.0,39360.0,41,0.0,0.0
2023-01-03 00:00:00-05:00,38720.0,46400.0,36160.0,44800.0,69,0.0,0.0
2023-01-04 00:00:00-05:00,43360.0,44960.0,40640.0,44320.0,74,0.0,0.0
2023-01-05 00:00:00-05:00,61904.0,64960.0,38560.0,44400.0,200,0.0,0.0
2023-01-06 00:00:00-05:00,45280.0,49600.0,41920.0,45920.0,51,0.0,0.0
2023-01-09 00:00:00-05:00,45280.0,50080.0,39200.0,42880.0,54,0.0,0.0
2023-01-10 00:00:00-05:00,42880.0,44800.0,40560.0,42400.0,20,0.0,0.0
2023-01-11 00:00:00-05:00,41600.0,46560.0,41600.0,43200.0,24,0.0,0.0
2023-01-12 00:00:00-05:00,43680.0,44480.0,41600.0,43840.0,27,0.0,0.0
2023-01-13 00:00:00-05:00,43680.0,45600.0,42880.0,45120.0,26,0.0,0.0
2023-01-17 00:00:00-05:00,44800.0,47680.0,43360.0,45600.0,27,0.0,0.0
2023-01-18 00:00:00-05:00,45920.0,47520.0,44000.0,44960.0,33,0.0,0.0
2023-01-19 00:00:00-05:00,45920.0,47040.0,40960.0,43200.0,29,0.0,0.0
2023-01-20 00:00:00-05:00,42400.0,42720.0,38720.0,40320.0,31,0.0,0.0
2023-01-23 00:00:00-05:00,52000.0,54400.0,41120.0,42560.0,244,0.0,0.0
2023-01-24 00:00:00-05:00,42560.0,43520.0,33600.0,36960.0,269,0.0,0.0
2023-01-25 00:00:00-05:00,36960.0,37440.0,34400.0,35680.0,181,0.0,0.0
2023-01-26 00:00:00-05:00,35840.0,35840.0,29920.0,31200.0,73,0.0,0.0
2023-01-27 00:00:00-05:00,31040.0,31040.0,25600.0,26240.0,17,0.0,0.0
2023-01-30 00:00:00-05:00,24640.0,25600.0,21600.0,23840.0,24,0.0,0.0
2023-01-31 00:00:00-05:00,23840.0,24720.0,23200.0,23680.0,7,0.0,0.0
2023-02-01 00:00:00-05:00,23200.0,23840.0,20800.0,21280.0,12,0.0,0.0
2023-02-02 00:00:00-05:00,21440.0,23680.0,21440.0,22560.0,7,0.0,0.0
2023-02-03 00:00:00-05:00,22560.0,25440.0,22464.0,24000.0,9,0.0,0.0
2023-02-06 00:00:00-05:00,24960.0,25280.0,21280.0,21280.0,5,0.0,0.0
2023-02-07 00:00:00-05:00,21440.0,22080.0,18080.0,19360.0,5,0.0,0.0
2023-02-08 00:00:00-05:00,20320.0,20640.0,19040.0,19360.0,2,0.0,0.0
2023-02-09 00:00:00-05:00,19184.0,19680.0,17120.0,17600.0,18,0.0,0.0
2023-02-10 00:00:00-05:00,18400.0,25280.0,17600.0,25280.0,41,0.0,0.0
2023-02-13 00:00:00-05:00,23840.0,29920.0,23840.0,29440.0,28,0.0,0.0
2023-02-14 00:00:00-05:00,30720.0,34400.0,30400.0,33600.0,27,0.0,0.0
2023-02-15 00:00:00-05:00,31360.0,37440.0,30416.0,36160.0,19,0.0,0.0
2023-02-16 00:00:00-05:00,34720.0,40800.0,34720.0,37600.0,25,0.0,0.0
2023-02-17 00:00:00-05:00,36320.0,42400.0,36320.0,37440.0,39,0.0,0.0
2023-02-21 00:00:00-05:00,37280.0,37280.0,24048.0,25120.0,23,0.0,0.0
2023-02-22 00:00:00-05:00,24000.0,25760.0,20960.0,22560.0,13,0.0,0.0
2023-02-23 00:00:00-05:00,22720.0,25440.0,22400.0,22720.0,6,0.0,0.0
2023-02-24 00:00:00-05:00,23680.0,23680.0,20960.0,21280.0,6,0.0,0.0
2023-02-27 00:00:00-05:00,22400.0,22400.0,20960.0,21440.0,3,0.0,0.0
2023-02-28 00:00:00-05:00,22560.0,22704.0,17600.0,18240.0,28,0.0,0.0
2023-03-01 00:00:00-05:00,18400.0,21120.0,18400.0,20640.0,8,0.0,0.0
2023-03-02 00:00:00-05:00,21120.0,21280.0,19520.0,20480.0,3,0.0,0.0
2023-03-03 00:00:00-05:00,19840.0,21200.0,17760.0,18880.0,8,0.0,0.0
2023-03-06 00:00:00-05:00,18896.0,19520.0,17600.0,17600.0,6,0.0,0.0
2023-03-07 00:00:00-05:00,18240.0,18880.0,17760.0,18240.0,4,0.0,0.0
2023-03-08 00:00:00-05:00,18560.0,18880.0,17760.0,17760.0,3,0.0,0.0
2023-03-09 00:00:00-05:00,18400.0,20288.0,17600.0,17600.0,10,0.0,0.0
2023-03-10 00:00:00-05:00,18400.0,18880.0,17600.0,18560.0,5,0.0,0.0
2023-03-13 00:00:00-04:00,18080.0,20640.0,18080.0,19040.0,6,0.0,0.0
2023-03-14 00:00:00-04:00,19840.0,20800.0,18240.0,18880.0,4,0.0,0.0
2023-03-15 00:00:00-04:00,18720.0,20224.0,18400.0,19200.0,1,0.0,0.0
2023-03-16 00:00:00-04:00,19200.0,21600.0,18240.0,19040.0,5,0.0,0.0
2023-03-17 00:00:00-04:00,17920.0,19600.0,16800.0,17280.0,5,0.0,0.0
2023-03-20 00:00:00-04:00,16800.0,18240.0,16800.0,17600.0,1,0.0,0.0
2023-03-21 00:00:00-04:00,17520.0,18080.0,17280.0,17280.0,1,0.0,0.0
2023-03-22 00:00:00-04:00,17920.0,19040.0,15952.0,16000.0,7,0.0,0.0
2023-03-23 00:00:00-04:00,17760.0,18080.0,16800.0,17120.0,2,0.0,0.0
2023-03-24 00:00:00-04:00,16960.0,17120.0,16000.0,16320.0,2,0.0,0.0
2023-03-27 00:00:00-04:00,16000.0,17600.0,16000.0,17120.0,79,0.0,0.0
2023-03-28 00:00:00-04:00,16800.0,17920.0,13280.0,14080.0,25,0.0,0.0
2023-03-29 00:00:00-04:00,14784.0,15680.0,13600.0,14080.0,3,0.0,0.0
2023-03-30 00:00:00-04:00,14080.0,14560.0,12480.0,12480.0,5,0.0,0.0
2023-03-31 00:00:00-04:00,12960.0,12960.0,11360.0,11696.0,4,0.0,0.0
2023-04-03 00:00:00-04:00,12000.0,12704.0,11200.0,11904.0,3,0.0,0.0
2023-04-04 00:00:00-04:00,12016.0,12496.0,11008.0,11392.0,3,0.0,0.0
2023-04-05 00:00:00-04:00,11760.0,12480.0,11200.0,12112.0,2,0.0,0.0
2023-04-06 00:00:00-04:00,11600.0,12480.0,11200.0,12000.0,2,0.0,0.0
2023-04-10 00:00:00-04:00,11520.0,12704.0,8496.0,10880.0,30,0.0,0.0
2023-04-11 00:00:00-04:00,10064.0,12800.0,9600.0,11840.0,4,0.0,0.0
2023-04-12 00:00:00-04:00,11840.0,12640.0,11840.0,12480.0,2,0.0,0.0
2023-04-13 00:00:00-04:00,12640.0,13568.0,11360.0,12800.0,5,0.0,0.0
2023-04-14 00:00:00-04:00,12640.0,13200.0,12016.0,12448.0,5,0.0,0.0
2023-04-17 00:00:00-04:00,12032.0,12480.0,11040.0,11200.0,3,0.0,0.0
2023-04-18 00:00:00-04:00,11520.0,12000.0,10720.0,11136.0,2,0.0,0.0
2023-04-19 00:00:00-04:00,11840.0,11840.0,11200.0,11520.0,1,0.0,0.0
2023-04-20 00:00:00-04:00,11136.0,12448.0,10720.0,10880.0,6,0.0,0.0
2023-04-21 00:00:00-04:00,11360.0,11360.0,9696.0,9968.0,2,0.0,0.0
2023-04-24 00:00:00-04:00,10064.0,10272.0,9280.0,9280.0,4,0.0,0.0
2023-04-25 00:00:00-04:00,10624.0,11840.0,9616.0,9920.0,2,0.0,0.0
2023-04-26 00:00:00-04:00,10240.0,11200.0,9472.0,9632.0,0,0.0,0.0
2023-04-27 00:00:00-04:00,11040.0,11040.0,9600.0,10448.0,1,0.0,0.0
2023-04-28 00:00:00-04:00,11680.0,11840.0,10400.0,11568.0,3,0.0,0.0
2023-05-01 00:00:00-04:00,11840.0,12800.0,11568.0,12192.0,5,0.0,0.0
2023-05-02 00:00:00-04:00,12304.0,12640.0,11328.0,12640.0,6,0.0,0.0
2023-05-03 00:00:00-04:00,12640.0,15680.0,12048.0,13440.0,9,0.0,0.0
2023-05-04 00:00:00-04:00,12640.0,13360.0,12176.0,13120.0,1,0.0,0.0
2023-05-05 00:00:00-04:00,13920.0,15040.0,12000.0,15040.0,8,0.0,0.0
2023-05-08 00:00:00-04:00,14560.0,14560.0,12960.0,13760.0,1,0.0,0.0
2023-05-09 00:00:00-04:00,14400.0,16960.0,13056.0,16960.0,4,0.0,0.0
2023-05-10 00:00:00-04:00,15840.0,16960.0,15520.0,16320.0,3,0.0,0.0
2023-05-11 00:00:00-04:00,16800.0,17760.0,14560.0,17760.0,25,0.0,0.0
2023-05-12 00:00:00-04:00,20480.0,24000.0,11200.0,12320.0,168,0.0,0.0
2023-05-15 00:00:00-04:00,12000.0,12800.0,8800.0,9024.0,38,0.0,0.0
2023-05-16 00:00:00-04:00,8800.0,9600.0,6896.0,7536.0,37,0.0,0.0
2023-05-17 00:00:00-04:00,8000.0,9280.0,7712.0,8416.0,17,0.0,0.0
2023-05-18 00:00:00-04:00,8000.0,8320.0,7040.0,7360.0,9,0.0,0.0
2023-05-19 00:00:00-04:00,7904.0,7904.0,6400.0,6640.0,11,0.0,0.0
2023-05-22 00:00:00-04:00,6560.0,7456.0,6448.0,6848.0,8,0.0,0.0
2023-05-23 00:00:00-04:00,6560.0,7200.0,6336.0,6400.0,10,0.0,0.0
2023-05-24 00:00:00-04:00,6400.0,6560.0,6240.0,6320.0,5,0.0,0.0
2023-05-25 00:00:00-04:00,6480.0,6720.0,5760.0,6256.0,6,0.0,0.0
2023-05-26 00:00:00-04:00,5776.0,6400.0,5136.0,5520.0,8,0.0,0.0
2023-05-30 00:00:00-04:00,5760.0,6240.0,5440.0,5824.0,11,0.0,0.0
2023-05-31 00:00:00-04:00,5920.0,6240.0,5600.0,5920.0,5,0.0,0.0
2023-06-01 00:00:00-04:00,5760.0,6224.0,5472.0,5920.0,7,0.0,0.0
2023-06-02 00:00:00-04:00,5920.0,6560.0,5632.0,6080.0,17,0.0,0.0
2023-06-05 00:00:00-04:00,6320.0,7200.0,6320.0,7120.0,7,0.0,0.0
2023-06-06 00:00:00-04:00,7472.0,7840.0,6432.0,6752.0,7,0.0,0.0
2023-06-07 00:00:00-04:00,6752.0,7424.0,6752.0,6800.0,4,0.0,0.0
2023-06-08 00:00:00-04:00,6432.0,7360.0,5920.0,6224.0,12,0.0,0.0
2023-06-09 00:00:00-04:00,6240.0,6240.0,5776.0,6128.0,3,0.0,0.0
2023-06-12 00:00:00-04:00,6560.0,6880.0,6128.0,6880.0,10,0.0,0.0
2023-06-13 00:00:00-04:00,7120.0,7360.0,6256.0,6480.0,8,0.0,0.0
2023-06-14 00:00:00-04:00,6448.0,6544.0,4448.0,5296.0,57,0.0,0.0
2023-06-15 00:00:00-04:00,5008.0,5760.0,5008.0,5296.0,9,0.0,0.0
2023-06-16 00:00:00-04:00,5584.0,5584.0,4464.0,5264.0,17,0.0,0.0
2023-06-20 00:00:00-04:00,4960.0,5264.0,4960.0,5008.0,4,0.0,0.0
2023-06-21 00:00:00-04:00,5152.0,5168.0,4800.0,4960.0,3,0.0,0.0
2023-06-22 00:00:00-04:00,4832.0,5472.0,4704.0,5008.0,3,0.0,0.0
2023-06-23 00:00:00-04:00,5120.0,5120.0,4800.0,5120.0,4,0.0,0.0
2023-06-26 00:00:00-04:00,5120.0,5280.0,4560.0,4960.0,9,0.0,0.0
2023-06-27 00:00:00-04:00,5104.0,5136.0,4800.0,4928.0,3,0.0,0.0
2023-06-28 00:00:00-04:00,4640.0,5408.0,4640.0,5120.0,19,0.0,0.0
2023-06-29 00:00:00-04:00,5120.0,5120.0,4736.0,5120.0,4,0.0,0.0
2023-06-30 00:00:00-04:00,4944.0,4960.0,4672.0,4752.0,5,0.0,0.0
2023-07-03 00:00:00-04:00,4944.0,5120.0,4800.0,5120.0,3,0.0,0.0
2023-07-05 00:00:00-04:00,4816.0,5120.0,4752.0,5104.0,2,0.0,0.0
2023-07-06 00:00:00-04:00,4896.0,4976.0,4640.0,4912.0,3,0.0,0.0
2023-07-07 00:00:00-04:00,5040.0,5056.0,4720.0,4720.0,8,0.0,0.0
2023-07-10 00:00:00-04:00,4944.0,4976.0,4624.0,4928.0,3,0.0,0.0
2023-07-11 00:00:00-04:00,4848.0,4880.0,4560.0,4704.0,115,0.0,0.0
2023-07-12 00:00:00-04:00,7360.0,9440.0,3712.0,4320.0,975,0.0,0.0
2023-07-13 00:00:00-04:00,4032.0,4240.0,3856.0,3872.0,68,0.0,0.0
2023-07-14 00:00:00-04:00,3872.0,3904.0,3264.0,3840.0,70,0.0,0.0
2023-07-17 00:00:00-04:00,3536.0,3840.0,3232.0,3456.0,27,0.0,0.0
2023-07-18 00:00:00-04:00,3504.0,3520.0,3200.0,3392.0,15,0.0,0.0
2023-07-19 00:00:00-04:00,3360.0,3392.0,3200.0,3360.0,26,0.0,0.0
2023-07-20 00:00:00-04:00,3360.0,3520.0,3216.0,3440.0,8,0.0,0.0
2023-07-21 00:00:00-04:00,3552.0,3552.0,3216.0,3360.0,9,0.0,0.0
2023-07-24 00:00:00-04:00,3280.0,3520.0,3280.0,3520.0,11,0.0,0.0
2023-07-25 00:00:00-04:00,3440.0,3520.0,3280.0,3472.0,5,0.0,0.0
2023-07-26 00:00:00-04:00,3520.0,3840.0,3360.0,3648.0,25,0.0,0.0
2023-07-27 00:00:00-04:00,3744.0,3744.0,3392.0,3584.0,7,0.0,0.0
2023-07-28 00:00:00-04:00,3408.0,4112.0,3392.0,3840.0,18,0.0,0.0
2023-07-31 00:00:00-04:00,3840.0,3904.0,3680.0,3888.0,8,0.0,0.0
2023-08-01 00:00:00-04:00,3856.0,3856.0,3600.0,3840.0,7,0.0,0.0
2023-08-02 00:00:00-04:00,3872.0,3888.0,3232.0,3792.0,7,0.0,0.0
2023-08-03 00:00:00-04:00,3808.0,3808.0,3360.0,3680.0,9,0.0,0.0
2023-08-04 00:00:00-04:00,3552.0,3680.0,3408.0,3520.0,17,0.0,0.0
2023-08-07 00:00:00-04:00,3664.0,3664.0,3392.0,3520.0,2,0.0,0.0
2023-08-08 00:00:00-04:00,3584.0,3584.0,3360.0,3536.0,3,0.0,0.0
2023-08-09 00:00:00-04:00,3504.0,3504.0,3296.0,3296.0,2,0.0,0.0
2023-08-10 00:00:00-04:00,3488.0,3584.0,3232.0,3520.0,6,0.0,0.0
2023-08-11 00:00:00-04:00,3408.0,3408.0,3120.0,3232.0,9,0.0,0.0
2023-08-14 00:00:00-04:00,3392.0,3392.0,2800.0,3104.0,174,0.0,0.0
2023-08-15 00:00:00-04:00,2880.0,3280.0,2880.0,3120.0,2,0.0,0.0
2023-08-16 00:00:00-04:00,3024.0,3280.0,2928.0,3040.0,4,0.0,0.0
2023-08-17 00:00:00-04:00,3040.0,3248.0,2816.0,3008.0,9,0.0,0.0
2023-08-18 00:00:00-04:00,2944.0,3264.0,2816.0,3024.0,11,0.0,0.0
2023-08-21 00:00:00-04:00,3168.0,3232.0,3008.0,3040.0,9,0.0,0.0
2023-08-22 00:00:00-04:00,3040.0,3120.0,3040.0,3040.0,5,0.0,0.0
2023-08-23 00:00:00-04:00,3040.0,3280.0,3040.0,3040.0,11,0.0,0.0
2023-08-24 00:00:00-04:00,3040.0,3312.0,2400.0,3040.0,13,0.0,0.0
2023-08-25 00:00:00-04:00,2864.0,3040.0,2800.0,3040.0,3,0.0,0.0
2023-08-28 00:00:00-04:00,3120.0,3360.0,2880.0,3120.0,5,0.0,0.0
2023-08-29 00:00:00-04:00,3360.0,3360.0,2640.0,3200.0,8,0.0,0.0
2023-08-30 00:00:00-04:00,3040.0,3200.0,2768.0,3056.0,7,0.0,0.0
2023-08-31 00:00:00-04:00,2576.0,3200.0,2464.0,2896.0,8,0.0,0.0
2023-09-01 00:00:00-04:00,2944.0,3040.0,2736.0,2880.0,158,0.0,0.0
2023-09-05 00:00:00-04:00,2816.0,3200.0,2560.0,3200.0,387,0.0,0.0
2023-09-06 00:00:00-04:00,4160.0,4640.0,3264.0,4000.0,499,0.0,0.0
2023-09-07 00:00:00-04:00,4560.0,4704.0,3504.0,3760.0,81,0.0,0.0
2023-09-08 00:00:00-04:00,3408.0,3792.0,3392.0,3632.0,17,0.0,0.0
2023-09-11 00:00:00-04:00,3872.0,4480.0,3552.0,4272.0,30,0.0,0.0
2023-09-12 00:00:00-04:00,4256.0,4288.0,3904.0,4192.0,3,0.0,0.0
2023-09-13 00:00:00-04:00,4192.0,4240.0,3904.0,3984.0,4,0.0,0.0
2023-09-14 00:00:00-04:00,4144.0,4640.0,3968.0,4352.0,40,0.0,0.0
2023-09-15 00:00:00-04:00,4640.0,6512.0,4256.0,5472.0,132,0.0,0.0
2023-09-18 00:00:00-04:00,4960.0,5472.0,4832.0,4960.0,14,0.0,0.0
2023-09-19 00:00:00-04:00,4960.0,5120.0,4800.0,4816.0,6,0.0,0.0
2023-09-20 00:00:00-04:00,5040.0,5600.0,4800.0,5120.0,17,0.0,0.0
2023-09-21 00:00:00-04:00,5392.0,5504.0,4880.0,5072.0,63,0.0,0.0
2023-09-22 00:00:00-04:00,5600.0,5840.0,3200.0,3600.0,227,0.0,0.0
2023-09-25 00:00:00-04:00,3536.0,3680.0,3200.0,3344.0,31,0.0,0.0
2023-09-26 00:00:00-04:00,3280.0,3728.0,3200.0,3680.0,19,0.0,0.0
2023-09-27 00:00:00-04:00,3680.0,4304.0,2400.0,2624.0,278,0.0,0.0
2023-09-28 00:00:00-04:00,2960.0,4400.0,2720.0,3504.0,412,0.0,0.0
2023-09-29 00:00:00-04:00,3360.0,4000.0,3184.0,3600.0,140,0.0,0.0
2023-10-02 00:00:00-04:00,4000.0,4000.0,3520.0,3520.0,38,0.0,0.0
2023-10-03 00:00:00-04:00,3840.0,3840.0,3360.0,3584.0,21,0.0,0.0
2023-10-04 00:00:00-04:00,3696.0,3920.0,3680.0,3904.0,170,0.0,0.0
2023-10-05 00:00:00-04:00,4000.0,4304.0,3856.0,4096.0,142,0.0,0.0
2023-10-06 00:00:00-04:00,3872.0,4336.0,3840.0,4336.0,93,0.0,0.0
2023-10-09 00:00:00-04:00,4336.0,4800.0,4032.0,4656.0,25,0.0,0.0
2023-10-10 00:00:00-04:00,4480.0,4800.0,4032.0,4224.0,88,0.0,0.0
2023-10-11 00:00:00-04:00,4416.0,4800.0,3936.0,4448.0,87,0.0,0.0
2023-10-12 00:00:00-04:00,4480.0,5440.0,4096.0,5408.0,56,0.0,0.0
2023-10-13 00:00:00-04:00,4960.0,5232.0,3264.0,3680.0,151,0.0,0.0
2023-10-16 00:00:00-04:00,3616.0,3760.0,3056.0,3328.0,267,0.0,0.0
2023-10-17 00:00:00-04:00,3744.0,4464.0,3680.0,3744.0,130,0.0,0.0
2023-10-18 00:00:00-04:00,4400.0,4400.0,4064.0,4160.0,77,0.0,0.0
2023-10-19 00:00:00-04:00,4528.0,4544.0,3200.0,3504.0,139,0.0,0.0
2023-10-20 00:00:00-04:00,3952.0,4800.0,3952.0,4592.0,157,0.0,0.0
2023-10-23 00:00:00-04:00,4800.0,5440.0,4800.0,5328.0,104,0.0,0.0
2023-10-24 00:00:00-04:00,5712.0,6240.0,4320.0,5600.0,251,0.0,0.0
2023-10-25 00:00:00-04:00,5760.0,6160.0,5280.0,5440.0,139,0.0,0.0
2023-10-26 00:00:00-04:00,4992.0,5680.0,3520.0,4176.0,198,0.0,0.0
2023-10-27 00:00:00-04:00,4672.0,5120.0,4400.0,4560.0,57,0.0,0.0
2023-10-30 00:00:00-04:00,4640.0,4800.0,4384.0,4576.0,35,0.0,0.0
2023-10-31 00:00:00-04:00,4192.0,4496.0,3888.0,4000.0,28,0.0,0.0
2023-11-01 00:00:00-04:00,3840.0,4176.0,3264.0,3584.0,78,0.0,0.0
2023-11-02 00:00:00-04:00,4000.0,4000.0,3520.0,3584.0,13,0.0,0.0
2023-11-03 00:00:00-04:00,3648.0,3760.0,3520.0,3680.0,23,0.0,0.0
2023-11-06 00:00:00-05:00,3680.0,3728.0,3520.0,3728.0,20,0.0,0.0
2023-11-07 00:00:00-05:00,3600.0,3664.0,3104.0,3200.0,46,0.0,0.0
2023-11-08 00:00:00-05:00,3040.0,3184.0,2976.0,3024.0,57,0.0,0.0
2023-11-09 00:00:00-05:00,2880.0,3200.0,2432.0,2464.0,158,0.0,0.0
2023-11-10 00:00:00-05:00,2304.0,2304.0,2000.0,2240.0,89,0.0,0.0
2023-11-13 00:00:00-05:00,2144.0,2256.0,2080.0,2160.0,36,0.0,0.0
2023-11-14 00:00:00-05:00,2176.0,2176.0,1968.0,2080.0,33,0.0,0.0
2023-11-15 00:00:00-05:00,1936.0,1952.0,1600.0,1792.0,79,0.0,0.0
2023-11-16 00:00:00-05:00,1856.0,1904.0,1616.0,1744.0,37,0.0,0.0
2023-11-17 00:00:00-05:00,1680.0,1744.0,1584.0,1712.0,37,0.0,0.0
2023-11-20 00:00:00-05:00,1840.0,1840.0,1600.0,1712.0,20,0.0,0.0
2023-11-21 00:00:00-05:00,1760.0,1760.0,1680.0,1760.0,7,0.0,0.0
2023-11-22 00:00:00-05:00,1744.0,1744.0,1552.0,1728.0,283,0.0,0.0
2023-11-24 00:00:00-05:00,4480.0,4480.0,2416.0,2512.0,4825,0.0,0.0
2023-11-27 00:00:00-05:00,2272.0,2448.0,2080.0,2160.0,671,0.0,0.0
2023-11-28 00:00:00-05:00,2016.0,2144.0,1712.0,2064.0,359,0.0,0.0
2023-11-29 00:00:00-05:00,1936.0,1984.0,1776.0,1824.0,157,0.0,0.0
2023-11-30 00:00:00-05:00,1712.0,1920.0,1632.0,1728.0,173,0.0,0.0
2023-12-01 00:00:00-05:00,1696.0,1856.0,1680.0,1840.0,115,0.0,0.0
2023-12-04 00:00:00-05:00,2496.0,2624.0,1776.0,1920.0,338,0.0,0.0
2023-12-05 00:00:00-05:00,1856.0,1936.0,1840.0,1904.0,105,0.0,0.0
2023-12-06 00:00:00-05:00,1952.0,1968.0,1808.0,1824.0,81,0.0,0.0
2023-12-07 00:00:00-05:00,1980.0,1980.0,756.0,792.0,2768,0.0,0.025
2023-12-08 00:00:00-05:00,888.0,932.0,520.0,604.0,16906,0.0,0.0
2023-12-11 00:00:00-05:00,500.0,556.0,500.0,536.0,1483,0.0,0.0
2023-12-12 00:00:00-05:00,508.0,524.0,416.0,444.0,958,0.0,0.0
2023-12-13 00:00:00-05:00,416.0,476.0,416.0,472.0,716,0.0,0.0
2023-12-14 00:00:00-05:00,476.0,528.0,472.0,500.0,411,0.0,0.0
2023-12-15 00:00:00-05:00,540.0,540.0,500.79998779296875,532.0,226,0.0,0.0
2023-12-18 00:00:00-05:00,528.0,528.0,478.0,500.0,228,0.0,0.0
2023-12-19 00:00:00-05:00,492.0,496.0,462.0,470.0,601,0.0,0.0
2023-12-20 00:00:00-05:00,472.0,532.0,452.0,512.0,918,0.0,0.0
2023-12-21 00:00:00-05:00,492.0,512.0,460.0,496.0,308,0.0,0.0
2023-12-22 00:00:00-05:00,476.0,496.0,476.0,476.0,151,0.0,0.0
2023-12-26 00:00:00-05:00,480.0,532.0,472.0,500.0,516,0.0,0.0
2023-12-27 00:00:00-05:00,496.0,528.0,472.0,480.0,437,0.0,0.0
2023-12-28 00:00:00-05:00,472.0,560.0,472.0,552.0,4112,0.0,0.0
2023-12-29 00:00:00-05:00,692.0,904.0,568.0,800.0,53923,0.0,0.0
2024-01-02 00:00:00-05:00,648.0,732.0,604.0,632.0,3269,0.0,0.0
2024-01-03 00:00:00-05:00,604.0,668.0,600.0,644.0,1885,0.0,0.0
2024-01-04 00:00:00-05:00,636.0,636.0,540.0,544.0,906,0.0,0.0
2024-01-05 00:00:00-05:00,544.0,552.0,440.0,460.0,1716,0.0,0.0
2024-01-08 00:00:00-05:00,448.0,460.0,432.0,440.0,1378,0.0,0.0
2024-01-09 00:00:00-05:00,456.0,456.0,340.0,420.0,996,0.0,0.0
2024-01-10 00:00:00-05:00,416.0,432.0,399.6000061035156,412.0,435,0.0,0.0
2024-01-11 00:00:00-05:00,420.0,420.0,372.0,408.0,534,0.0,0.0
2024-01-12 00:00:00-05:00,404.0,408.0,376.0,384.0,331,0.0,0.0
2024-01-16 00:00:00-05:00,360.0,384.0,344.0,356.0,357,0.0,0.0
2024-01-17 00:00:00-05:00,360.0,360.0,320.0,322.0,343,0.0,0.0
2024-01-18 00:00:00-05:00,316.0,320.0,260.0,287.20001220703125,344,0.0,0.0
2024-01-19 00:00:00-05:00,272.0,276.0,256.0,266.3999938964844,221,0.0,0.0
2024-01-22 00:00:00-05:00,272.0,307.6000061035156,260.0,307.6000061035156,330,0.0,0.0
2024-01-23 00:00:00-05:00,293.6000061035156,315.6000061035156,272.3999938964844,308.0,3521,0.0,0.0
2024-01-24 00:00:00-05:00,292.0,304.0,286.3999938964844,298.0,388,0.0,0.0
2024-01-25 00:00:00-05:00,281.20001220703125,328.0,280.3999938964844,312.0,580,0.0,0.0
2024-01-26 00:00:00-05:00,319.20001220703125,324.0,300.0,300.3999938964844,68,0.0,0.0
2024-01-29 00:00:00-05:00,312.0,320.0,300.3999938964844,314.0,78,0.0,0.0
2024-01-30 00:00:00-05:00,300.79998779296875,320.0,300.79998779296875,319.20001220703125,92,0.0,0.0
2024-01-31 00:00:00-05:00,314.79998779296875,328.0,308.0,308.3999938964844,187,0.0,0.0
2024-02-01 00:00:00-05:00,313.6000061035156,314.79998779296875,298.3999938964844,298.3999938964844,59,0.0,0.0
2024-02-02 00:00:00-05:00,309.20001220703125,309.20001220703125,280.3999938964844,295.6000061035156,79,0.0,0.0
2024-02-05 00:00:00-05:00,294.3999938964844,304.0,268.0,269.6000061035156,131,0.0,0.0
2024-02-06 00:00:00-05:00,271.20001220703125,299.20001220703125,271.20001220703125,284.3999938964844,122,0.0,0.0
2024-02-07 00:00:00-05:00,288.0,296.0,274.0,284.0,215,0.0,0.0
2024-02-08 00:00:00-05:00,304.0,331.6000061035156,286.3999938964844,320.0,518,0.0,0.0
2024-02-09 00:00:00-05:00,338.3999938964844,338.3999938964844,302.79998779296875,312.0,224,0.0,0.0
2024-02-12 00:00:00-05:00,300.0,332.0,300.0,332.0,156,0.0,0.0
2024-02-13 00:00:00-05:00,332.0,332.0,302.0,316.0,147,0.0,0.0
2024-02-14 00:00:00-05:00,316.0,332.0,299.20001220703125,324.0,234,0.0,0.0
2024-02-15 00:00:00-05:00,343.20001220703125,394.79998779296875,332.0,372.0,977,0.0,0.0
2024-02-16 00:00:00-05:00,379.20001220703125,500.0,364.0,470.0,3283,0.0,0.0
2024-02-20 00:00:00-05:00,440.0,440.0,356.3999938964844,383.6000061035156,948,0.0,0.0
2024-02-21 00:00:00-05:00,356.0,380.3999938964844,320.79998779296875,352.0,305,0.0,0.0
2024-02-22 00:00:00-05:00,347.20001220703125,347.20001220703125,282.3999938964844,304.3999938964844,990,0.0,0.0
2024-02-23 00:00:00-05:00,305.6000061035156,324.0,272.0,272.0,524,0.0,0.0
2024-02-26 00:00:00-05:00,271.6000061035156,288.0,268.0,280.3999938964844,356,0.0,0.0
2024-02-27 00:00:00-05:00,302.3999938964844,304.0,288.0,294.0,128,0.0,0.0
2024-02-28 00:00:00-05:00,288.0,304.0,288.0,292.0,146,0.0,0.0
2024-02-29 00:00:00-05:00,300.0,308.0,284.3999938964844,296.0,323,0.0,0.0
2024-03-01 00:00:00-05:00,283.20001220703125,348.0,280.79998779296875,316.3999938964844,855,0.0,0.0
2024-03-04 00:00:00-05:00,320.0,320.0,285.20001220703125,299.6000061035156,251,0.0,0.0
2024-03-05 00:00:00-05:00,299.6000061035156,308.79998779296875,266.3999938964844,266.3999938964844,475,0.0,0.0
2024-03-06 00:00:00-05:00,292.0,292.0,260.0,266.3999938964844,108,0.0,0.0
2024-03-07 00:00:00-05:00,279.6000061035156,279.6000061035156,252.39999389648438,275.6000061035156,254,0.0,0.0
2024-03-08 00:00:00-05:00,280.79998779296875,280.79998779296875,260.3999938964844,273.20001220703125,215,0.0,0.0
2024-03-11 00:00:00-04:00,283.6000061035156,287.6000061035156,260.0,271.6000061035156,78,0.0,0.0
2024-03-12 00:00:00-04:00,256.79998779296875,280.0,256.79998779296875,267.6000061035156,110,0.0,0.0
2024-03-13 00:00:00-04:00,267.6000061035156,270.0,252.39999389648438,258.0,149,0.0,0.0
2024-03-14 00:00:00-04:00,256.0,266.3999938964844,252.39999389648438,256.3999938964844,62,0.0,0.0
2024-03-15 00:00:00-04:00,260.0,271.20001220703125,256.0,263.6000061035156,56,0.0,0.0
2024-03-18 00:00:00-04:00,268.0,297.20001220703125,260.0,267.20001220703125,90,0.0,0.0
2024-03-19 00:00:00-04:00,273.20001220703125,275.20001220703125,252.0,262.79998779296875,86,0.0,0.0
2024-03-20 00:00:00-04:00,263.20001220703125,277.6000061035156,256.0,256.3999938964844,96,0.0,0.0
2024-03-21 00:00:00-04:00,282.3999938964844,282.3999938964844,260.3999938964844,276.0,169,0.0,0.0
2024-03-22 00:00:00-04:00,280.0,288.0,264.79998779296875,276.0,72,0.0,0.0
2024-03-25 00:00:00-04:00,276.0,280.0,256.0,256.0,225,0.0,0.0
2024-03-26 00:00:00-04:00,260.0,277.6000061035156,256.79998779296875,264.79998779296875,53,0.0,0.0
2024-03-27 00:00:00-04:00,272.0,286.3999938964844,265.20001220703125,268.0,147,0.0,0.0
2024-03-28 00:00:00-04:00,268.0,296.0,260.0,292.79998779296875,483,0.0,0.0
2024-04-01 00:00:00-04:00,309.6000061035156,309.6000061035156,269.20001220703125,292.0,77,0.0,0.0
2024-04-02 00:00:00-04:00,277.20001220703125,296.0,277.20001220703125,288.3999938964844,73,0.0,0.0
2024-04-03 00:00:00-04:00,296.0,296.0,268.0,276.0,109,0.0,0.0
2024-04-04 00:00:00-04:00,271.20001220703125,276.79998779296875,266.79998779296875,268.0,48,0.0,0.0
2024-04-05 00:00:00-04:00,258.0,272.0,252.0,256.0,101,0.0,0.0
2024-04-08 00:00:00-04:00,256.0,271.20001220703125,256.0,268.0,90,0.0,0.0
2024-04-09 00:00:00-04:00,266.0,270.79998779296875,256.0,264.0,64,0.0,0.0
2024-04-10 00:00:00-04:00,260.0,270.79998779296875,206.0,234.39999389648438,255,0.0,0.0
2024-04-11 00:00:00-04:00,220.0,247.60000610351562,220.0,234.39999389648438,80,0.0,0.0
2024-04-12 00:00:00-04:00,234.8000030517578,239.60000610351562,224.0,228.0,40,0.0,0.0
2024-04-15 00:00:00-04:00,224.39999389648438,236.39999389648438,224.39999389648438,226.8000030517578,45,0.0,0.0
2024-04-16 00:00:00-04:00,237.1999969482422,237.1999969482422,214.39999389648438,236.0,43,0.0,0.0
2024-04-17 00:00:00-04:00,237.1999969482422,237.1999969482422,216.0,222.0,33,0.0,0.0
2024-04-18 00:00:00-04:00,213.1999969482422,241.60000610351562,212.0,215.1999969482422,76,0.0,0.0
2024-04-19 00:00:00-04:00,208.0,240.0,200.8000030517578,220.0,241,0.0,0.0
2024-04-22 00:00:00-04:00,236.0,248.0,220.0,234.0,510,0.0,0.0
2024-04-23 00:00:00-04:00,229.60000610351562,260.0,226.0,232.0,207,0.0,0.0
2024-04-24 00:00:00-04:00,232.0,248.0,223.60000610351562,227.1999969482422,25,0.0,0.0
2024-04-25 00:00:00-04:00,228.0,243.1999969482422,219.60000610351562,232.0,44,0.0,0.0
2024-04-26 00:00:00-04:00,228.0,235.1999969482422,220.0,220.0,3582,0.0,0.0
2024-04-29 00:00:00-04:00,228.0,238.0,212.0,214.0,1879,0.0,0.0
2024-04-30 00:00:00-04:00,218.8000030517578,224.0,206.0,210.0,231,0.0,0.0
2024-05-01 00:00:00-04:00,210.0,228.0,200.0,212.0,436,0.0,0.0
2024-05-02 00:00:00-04:00,210.8000030517578,217.1999969482422,203.1999969482422,204.39999389648438,104,0.0,0.0
2024-05-03 00:00:00-04:00,208.0,208.0,149.1999969482422,169.1999969482422,856,0.0,0.0
2024-05-06 00:00:00-04:00,152.0,186.39999389648438,152.0,160.0,225,0.0,0.0
2024-05-07 00:00:00-04:00,159.60000610351562,161.60000610351562,154.0,159.60000610351562,95,0.0,0.0
2024-05-08 00:00:00-04:00,159.1999969482422,160.8000030517578,152.0,154.8000030517578,159,0.0,0.0
2024-05-09 00:00:00-04:00,156.0,161.1999969482422,152.0,160.39999389648438,37,0.0,0.0
2024-05-10 00:00:00-04:00,156.0,168.8000030517578,152.39999389648438,158.0,86,0.0,0.0
2024-05-13 00:00:00-04:00,158.0,178.0,152.0,162.0,252,0.0,0.0
2024-05-14 00:00:00-04:00,164.0,175.1999969482422,164.0,168.0,94,0.0,0.0
2024-05-15 00:00:00-04:00,168.39999389648438,192.0,168.39999389648438,181.1999969482422,355,0.0,0.0
2024-05-16 00:00:00-04:00,185.60000610351562,192.0,175.60000610351562,192.0,53,0.0,0.0
2024-05-17 00:00:00-04:00,359.20001220703125,1100.0,280.0,620.0,143283,0.0,0.0
2024-05-20 00:00:00-04:00,444.0,480.0,300.3999938964844,310.79998779296875,11999,0.0,0.0
2024-05-21 00:00:00-04:00,300.0,668.0,296.3999938964844,456.0,69491,0.0,0.0
2024-05-22 00:00:00-04:00,400.0,436.0,344.3999938964844,392.0,3566,0.0,0.0
2024-05-23 00:00:00-04:00,363.20001220703125,373.6000061035156,312.3999938964844,324.3999938964844,1672,0.0,0.0
2024-05-24 00:00:00-04:00,321.6000061035156,352.0,292.0,302.0,911,0.0,0.0
2024-05-28 00:00:00-04:00,312.0,316.0,280.3999938964844,300.79998779296875,622,0.0,0.0
2024-05-29 00:00:00-04:00,308.0,360.0,284.3999938964844,328.0,1320,0.0,0.0
2024-05-30 00:00:00-04:00,297.6000061035156,336.0,266.3999938964844,278.0,518,0.0,0.0
2024-05-31 00:00:00-04:00,484.0,540.0,334.79998779296875,360.3999938964844,93053,0.0,0.0
2024-06-03 00:00:00-04:00,360.3999938964844,400.0,324.0,396.0,3419,0.0,0.0
2024-06-04 00:00:00-04:00,363.20001220703125,436.0,340.0,416.0,1037,0.0,0.0
2024-06-05 00:00:00-04:00,371.6000061035156,379.20001220703125,328.0,340.0,757,0.0,0.0
2024-06-06 00:00:00-04:00,354.3999938964844,354.3999938964844,300.0,317.20001220703125,710,0.0,0.0
2024-06-07 00:00:00-04:00,312.0,312.0,266.3999938964844,268.0,665,0.0,0.0
2024-06-10 00:00:00-04:00,296.0,296.0,268.0,268.0,210,0.0,0.0
2024-06-11 00:00:00-04:00,271.20001220703125,298.3999938964844,248.8000030517578,284.0,628,0.0,0.0
2024-06-12 00:00:00-04:00,286.3999938964844,295.6000061035156,276.0,284.0,316,0.0,0.0
2024-06-13 00:00:00-04:00,284.0,336.0,276.0,296.0,497,0.0,0.0
2024-06-14 00:00:00-04:00,296.79998779296875,308.0,279.20001220703125,300.3999938964844,251,0.0,0.0
2024-06-17 00:00:00-04:00,292.0,298.79998779296875,275.20001220703125,280.0,208,0.0,0.0
2024-06-18 00:00:00-04:00,276.0,288.79998779296875,257.6000061035156,267.6000061035156,87,0.0,0.0
2024-06-20 00:00:00-04:00,256.79998779296875,281.6000061035156,242.39999389648438,264.0,304,0.0,0.0
2024-06-21 00:00:00-04:00,256.3999938964844,288.0,256.3999938964844,270.3999938964844,188,0.0,0.0
2024-06-24 00:00:00-04:00,276.3999938964844,283.20001220703125,251.60000610351562,268.0,135,0.0,0.0
2024-06-25 00:00:00-04:00,268.0,312.0,260.0,284.0,292,0.0,0.0
2024-06-26 00:00:00-04:00,263.20001220703125,307.20001220703125,263.20001220703125,288.3999938964844,102,0.0,0.0
2024-06-27 00:00:00-04:00,301.6000061035156,312.0,284.3999938964844,310.0,101,0.0,0.0
2024-06-28 00:00:00-04:00,298.0,344.0,296.3999938964844,316.0,286,0.0,0.0
2024-07-01 00:00:00-04:00,296.0,336.0,296.0,310.79998779296875,130,0.0,0.0
2024-07-02 00:00:00-04:00,329.20001220703125,344.0,304.0,334.0,76,0.0,0.0
2024-07-03 00:00:00-04:00,327.6000061035156,338.0,305.6000061035156,338.0,33,0.0,0.0
2024-07-05 00:00:00-04:00,444.0,832.0,368.0,452.0,165756,0.0,0.0
2024-07-08 00:00:00-04:00,436.0,456.0,400.0,428.0,3329,0.0,0.0
2024-07-09 00:00:00-04:00,420.0,444.0,396.3999938964844,420.0,1290,0.0,0.0
2024-07-10 00:00:00-04:00,436.0,480.0,408.0,432.0,667,0.0,0.0
2024-07-11 00:00:00-04:00,460.0,460.0,416.0,428.0,451,0.0,0.0
2024-07-12 00:00:00-04:00,412.0,448.3999938964844,404.0,444.0,295,0.0,0.0
2024-07-15 00:00:00-04:00,444.0,444.0,420.0,424.79998779296875,219,0.0,0.0
2024-07-16 00:00:00-04:00,440.0,440.0,412.0,436.0,169,0.0,0.0
2024-07-17 00:00:00-04:00,436.0,446.0,416.0,426.0,149,0.0,0.0
2024-07-18 00:00:00-04:00,428.0,428.0,388.0,424.0,201,0.0,0.0
2024-07-19 00:00:00-04:00,420.0,500.0,412.0,424.0,770,0.0,0.0
2024-07-22 00:00:00-04:00,424.0,448.0,424.0,440.0,41,0.0,0.0
2024-07-23 00:00:00-04:00,421.20001220703125,500.0,416.0,446.0,334,0.0,0.0
2024-07-24 00:00:00-04:00,428.0,464.0,400.0,440.0,378,0.0,0.0
2024-07-25 00:00:00-04:00,448.0,488.0,426.0,472.0,312,0.0,0.0
2024-07-26 00:00:00-04:00,440.0,488.0,440.0,468.0,152,0.0,0.0
2024-07-29 00:00:00-04:00,464.0,468.0,404.0,460.0,268,0.0,0.0
2024-07-30 00:00:00-04:00,456.0,468.0,428.0,460.0,175,0.0,0.0
2024-07-31 00:00:00-04:00,440.0,448.0,404.0,428.0,153,0.0,0.0
2024-08-01 00:00:00-04:00,424.0,476.0,400.0,474.79998779296875,340,0.0,0.0
2024-08-02 00:00:00-04:00,432.0,464.0,424.0,464.0,234,0.0,0.0
2024-08-05 00:00:00-04:00,416.0,464.0,416.0,462.0,255,0.0,0.0
2024-08-06 00:00:00-04:00,424.0,460.3999938964844,420.0,460.0,163,0.0,0.0
2024-08-07 00:00:00-04:00,428.0,468.0,416.0,468.0,351,0.0,0.0
2024-08-08 00:00:00-04:00,436.0,468.0,428.0,456.0,159,0.0,0.0
2024-08-09 00:00:00-04:00,468.0,468.0,399.20001220703125,440.0,211,0.0,0.0
2024-08-12 00:00:00-04:00,436.0,456.0,416.0,444.0,131,0.0,0.0
2024-08-13 00:00:00-04:00,432.0,440.0,398.0,408.0,382,0.0,0.0
2024-08-14 00:00:00-04:00,388.0,444.0,388.0,428.0,276,0.0,0.0
2024-08-15 00:00:00-04:00,420.0,424.0,408.0,420.0,153,0.0,0.0
2024-08-16 00:00:00-04:00,428.0,432.0,408.0,424.0,120,0.0,0.0
2024-08-19 00:00:00-04:00,422.0,422.0,408.0,412.0,118,0.0,0.0
2024-08-20 00:00:00-04:00,408.0,408.0,365.20001220703125,391.6000061035156,85,0.0,0.0
2024-08-21 00:00:00-04:00,388.0,399.20001220703125,372.0,380.0,114,0.0,0.0
2024-08-22 00:00:00-04:00,380.0,380.0,360.0,360.0,14,0.0,0.0
2024-08-23 00:00:00-04:00,360.0,396.0,352.0,352.0,61,0.0,0.0
2024-08-26 00:00:00-04:00,369.6000061035156,380.79998779296875,340.0,344.79998779296875,46,0.0,0.0
2024-08-27 00:00:00-04:00,344.0,359.20001220703125,344.0,351.20001220703125,34,0.0,0.0
2024-08-28 00:00:00-04:00,348.0,360.0,348.0,360.0,15,0.0,0.0
2024-08-29 00:00:00-04:00,360.0,380.0,348.0,348.0,4,0.0,0.0
2024-08-30 00:00:00-04:00,342.3999938964844,359.20001220703125,260.0,264.0,826,0.0,0.0
2024-09-03 00:00:00-04:00,264.0,322.79998779296875,264.0,266.79998779296875,40,0.0,0.0
2024-09-04 00:00:00-04:00,280.3999938964844,282.79998779296875,268.0,268.3999938964844,15,0.0,0.0
2024-09-05 00:00:00-04:00,288.0,300.0,270.0,270.79998779296875,38,0.0,0.0
2024-09-06 00:00:00-04:00,284.3999938964844,294.3999938964844,264.79998779296875,268.0,62,0.0,0.0
2024-09-09 00:00:00-04:00,254.0,276.3999938964844,248.0,262.3999938964844,34,0.0,0.0
2024-09-10 00:00:00-04:00,280.0,281.6000061035156,254.0,256.0,32,0.0,0.0
2024-09-11 00:00:00-04:00,266.79998779296875,281.6000061035156,248.0,271.6000061035156,151,0.0,0.0
2024-09-12 00:00:00-04:00,258.0,273.20001220703125,250.0,252.0,62,0.0,0.0
2024-09-13 00:00:00-04:00,260.0,264.79998779296875,248.0,248.0,40,0.0,0.0
2024-09-16 00:00:00-04:00,251.1999969482422,272.0,248.39999389648438,248.8000030517578,23,0.0,0.0
2024-09-17 00:00:00-04:00,248.0,267.20001220703125,248.0,262.3999938964844,11,0.0,0.0
2024-09-18 00:00:00-04:00,252.0,262.3999938964844,241.60000610351562,241.60000610351562,131,0.0,0.0
2024-09-19 00:00:00-04:00,241.60000610351562,256.0,240.0,240.0,66,0.0,0.0
2024-09-20 00:00:00-04:00,241.1999969482422,252.0,232.0,232.0,44,0.0,0.0
2024-09-23 00:00:00-04:00,250.0,250.0,232.0,248.0,93,0.0,0.0
2024-09-24 00:00:00-04:00,260.0,560.0,220.0,480.0,75231,0.0,0.0
2024-09-25 00:00:00-04:00,488.0,488.0,377.6000061035156,400.0,11106,0.0,0.0
2024-09-26 00:00:00-04:00,366.3999938964844,436.0,343.6000061035156,420.0,1946,0.0,0.0
2024-09-27 00:00:00-04:00,424.0,432.0,384.0,390.0,479,0.0,0.0
2024-09-30 00:00:00-04:00,840.0,1200.0,104.4000015258789,116.0,418849,0.0,0.0
2024-10-01 00:00:00-04:00,176.0,198.8000030517578,124.0,154.0,151292,0.0,0.0
2024-10-02 00:00:00-04:00,155.1999969482422,156.0,113.19999694824219,130.8000030517578,32215,0.0,0.0
2024-10-03 00:00:00-04:00,120.4000015258789,132.0,112.80000305175781,118.0,11559,0.0,0.0
2024-10-04 00:00:00-04:00,120.0,120.0,100.0,104.0,13665,0.0,0.0
2024-10-07 00:00:00-04:00,108.0,108.0,89.19999694824219,93.19999694824219,9177,0.0,0.0
2024-10-08 00:00:00-04:00,90.80000305175781,90.80000305175781,74.4000015258789,76.0,7577,0.0,0.0
2024-10-09 00:00:00-04:00,74.80000305175781,76.0,70.4000015258789,71.5999984741211,5665,0.0,0.0
2024-10-10 00:00:00-04:00,100.0,155.1999969482422,90.0,100.0,550906,0.0,0.0
2024-10-11 00:00:00-04:00,87.5999984741211,106.80000305175781,83.5999984741211,96.80000305175781,19169,0.0,0.0
2024-10-14 00:00:00-04:00,89.19999694824219,103.5999984741211,84.80000305175781,90.0,10873,0.0,0.0
2024-10-15 00:00:00-04:00,84.0,88.0,74.4000015258789,77.19999694824219,12114,0.0,0.0
2024-10-16 00:00:00-04:00,90.0,110.0,80.0,94.80000305175781,46117,0.0,0.0
2024-10-17 00:00:00-04:00,85.19999694824219,87.19999694824219,77.5999984741211,82.4000015258789,12016,0.0,0.0
2024-10-18 00:00:00-04:00,83.5999984741211,84.0,80.0,80.4000015258789,3924,0.0,0.0
2024-10-21 00:00:00-04:00,81.5999984741211,86.4000015258789,79.19999694824219,82.80000305175781,4191,0.0,0.0
2024-10-22 00:00:00-04:00,80.80000305175781,89.19999694824219,80.0,84.4000015258789,7374,0.0,0.0
2024-10-23 00:00:00-04:00,87.5999984741211,87.5999984741211,80.4000015258789,80.4000015258789,3582,0.0,0.0
2024-10-24 00:00:00-04:00,80.0,81.5999984741211,76.4000015258789,78.0,2018,0.0,0.0
2024-10-25 00:00:00-04:00,76.4000015258789,80.0,76.0,76.4000015258789,3516,0.0,0.0
2024-10-28 00:00:00-04:00,76.0,80.80000305175781,74.80000305175781,75.5999984741211,2808,0.0,0.0
2024-10-29 00:00:00-04:00,74.80000305175781,78.0,74.0,76.4000015258789,2119,0.0,0.0
2024-10-30 00:00:00-04:00,74.0,75.5999984741211,72.0,73.19999694824219,1992,0.0,0.0
2024-10-31 00:00:00-04:00,66.0,67.5999984741211,60.0,60.0,4051,0.0,0.0
2024-11-01 00:00:00-04:00,60.0,60.0,56.79999923706055,57.599998474121094,2584,0.0,0.0
2024-11-04 00:00:00-05:00,60.0,61.599998474121094,50.0,53.20000076293945,2491,0.0,0.0
2024-11-05 00:00:00-05:00,49.599998474121094,51.20000076293945,44.79999923706055,48.400001525878906,4433,0.0,0.0
2024-11-06 00:00:00-05:00,48.0,50.0,44.79999923706055,46.0,2200,0.0,0.0
2024-11-07 00:00:00-05:00,48.0,54.79999923706055,45.599998474121094,45.599998474121094,8664,0.0,0.0
2024-11-08 00:00:00-05:00,43.20000076293945,49.7400016784668,36.79999923706055,39.900001525878906,12585,0.0,0.05
2024-11-11 00:00:00-05:00,39.0,48.79999923706055,38.400001525878906,45.0,9535,0.0,0.0
2024-11-12 00:00:00-05:00,43.20000076293945,45.0,35.400001525878906,39.400001525878906,5335,0.0,0.0
2024-11-13 00:00:00-05:00,37.400001525878906,37.79999923706055,35.400001525878906,36.0,4355,0.0,0.0
2024-11-14 00:00:00-05:00,35.0,35.47999954223633,28.399999618530273,30.399999618530273,4035,0.0,0.0
2024-11-15 00:00:00-05:00,29.799999237060547,34.0,29.600000381469727,31.600000381469727,1485,0.0,0.0
2024-11-18 00:00:00-05:00,31.600000381469727,31.600000381469727,29.0,30.399999618530273,1560,0.0,0.0
2024-11-19 00:00:00-05:00,29.899999618530273,29.899999618530273,27.0,27.200000762939453,2365,0.0,0.0
2024-11-20 00:00:00-05:00,28.399999618530273,29.0,27.200000762939453,29.0,1975,0.0,0.0
2024-11-21 00:00:00-05:00,29.0,31.399999618530273,27.280000686645508,30.0,2080,0.0,0.0
2024-11-22 00:00:00-05:00,32.20000076293945,32.20000076293945,28.200000762939453,29.399999618530273,1805,0.0,0.0
2024-11-25 00:00:00-05:00,30.0,31.84000015258789,29.0,29.799999237060547,1480,0.0,0.0
2024-11-26 00:00:00-05:00,30.0,30.260000228881836,29.200000762939453,29.200000762939453,1030,0.0,0.0
2024-11-27 00:00:00-05:00,30.0,30.799999237060547,29.399999618530273,30.799999237060547,960,0.0,0.0
2024-11-29 00:00:00-05:00,33.79999923706055,36.18000030517578,30.15999984741211,32.79999923706055,5740,0.0,0.0
2024-12-02 00:00:00-05:00,34.0,35.0,30.600000381469727,33.20000076293945,2205,0.0,0.0
2024-12-03 00:00:00-05:00,33.599998474121094,36.400001525878906,33.20000076293945,35.0,2615,0.0,0.0
2024-12-04 00:00:00-05:00,34.400001525878906,36.79999923706055,32.0,32.0,2170,0.0,0.0
2024-12-05 00:00:00-05:00,33.400001525878906,34.79999923706055,32.31999969482422,34.560001373291016,1610,0.0,0.0
2024-12-06 00:00:00-05:00,34.0,36.400001525878906,33.20000076293945,36.0,5480,0.0,0.0
2024-12-09 00:00:00-05:00,37.79999923706055,47.29999923706055,36.599998474121094,40.0,19525,0.0,0.0
2024-12-10 00:00:00-05:00,39.0,39.599998474121094,30.600000381469727,31.200000762939453,9940,0.0,0.0
2024-12-11 00:00:00-05:00,30.0,33.599998474121094,29.0,30.200000762939453,3480,0.0,0.0
2024-12-12 00:00:00-05:00,31.200000762939453,31.799999237060547,29.0,31.399999618530273,1125,0.0,0.0
2024-12-13 00:00:00-05:00,30.600000381469727,32.20000076293945,29.0,30.799999237060547,1160,0.0,0.0
2024-12-16 00:00:00-05:00,30.799999237060547,30.799999237060547,29.0,30.799999237060547,1175,0.0,0.0
2024-12-17 00:00:00-05:00,29.200000762939453,31.6200008392334,27.399999618530273,31.600000381469727,1845,0.0,0.0
2024-12-18 00:00:00-05:00,28.520000457763672,31.799999237060547,12.800000190734863,15.079999923706055,27470,0.0,0.0
2024-12-19 00:00:00-05:00,32.599998474121094,64.0,21.200000762939453,26.0,1536220,0.0,0.0
2024-12-20 00:00:00-05:00,21.0,21.0,16.399999618530273,18.559999465942383,53820,0.0,0.0
2024-12-23 00:00:00-05:00,18.399999618530273,19.799999237060547,17.420000076293945,17.860000610351562,20340,0.0,0.0
2024-12-24 00:00:00-05:00,18.0,19.799999237060547,17.1200008392334,19.1200008392334,16375,0.0,0.0
2024-12-26 00:00:00-05:00,18.860000610351562,19.020000457763672,17.200000762939453,18.579999923706055,12165,0.0,0.0
2024-12-27 00:00:00-05:00,17.940000534057617,18.399999618530273,17.0,17.860000610351562,10180,0.0,0.0
2024-12-30 00:00:00-05:00,17.799999237060547,19.0,17.399999618530273,19.0,12585,0.0,0.0
2024-12-31 00:00:00-05:00,17.959999084472656,18.799999237060547,17.219999313354492,17.239999771118164,10655,0.0,0.0
2025-01-02 00:00:00-05:00,18.440000534057617,18.5,17.239999771118164,18.399999618530273,13485,0.0,0.0
2025-01-03 00:00:00-05:00,18.639999389648438,19.0,15.079999923706055,15.5600004196167,23230,0.0,0.0
2025-01-06 00:00:00-05:00,16.799999237060547,18.0,16.6200008392334,17.200000762939453,9245,0.0,0.0
2025-01-07 00:00:00-05:00,17.799999237060547,18.0,17.200000762939453,17.399999618530273,3065,0.0,0.0
2025-01-08 00:00:00-05:00,25.399999618530273,61.599998474121094,17.799999237060547,18.600000381469727,3886270,0.0,0.0
2025-01-10 00:00:00-05:00,39.79999923706055,46.0,20.0,22.600000381469727,3669195,0.0,0.0
2025-01-13 00:00:00-05:00,29.0,30.0,20.299999237060547,22.399999618530273,1408290,0.0,0.0
2025-01-14 00:00:00-05:00,21.399999618530273,25.600000381469727,18.200000762939453,20.399999618530273,167540,0.0,0.0
2025-01-15 00:00:00-05:00,21.200000762939453,21.200000762939453,19.200000762939453,19.65999984741211,42510,0.0,0.0
2025-01-16 00:00:00-05:00,19.360000610351562,19.700000762939453,18.0,18.399999618530273,34730,0.0,0.0
2025-01-17 00:00:00-05:00,21.200000762939453,26.799999237060547,21.0,22.799999237060547,1426480,0.0,0.0
2025-01-21 00:00:00-05:00,21.799999237060547,22.399999618530273,20.0,20.200000762939453,59620,0.0,0.0
2025-01-22 00:00:00-05:00,19.799999237060547,20.600000381469727,19.200000762939453,19.81999969482422,21625,0.0,0.0
2025-01-23 00:00:00-05:00,19.0,19.299999237060547,18.399999618530273,18.760000228881836,24345,0.0,0.0
2025-01-24 00:00:00-05:00,18.559999465942383,18.84000015258789,16.399999618530273,18.239999771118164,26345,0.0,0.0
2025-01-27 00:00:00-05:00,17.799999237060547,18.200000762939453,16.600000381469727,17.520000457763672,17035,0.0,0.0
2025-01-28 00:00:00-05:00,17.520000457763672,18.399999618530273,16.5,18.200000762939453,12495,0.0,0.0
2025-01-29 00:00:00-05:00,17.780000686645508,18.139999389648438,16.600000381469727,17.040000915527344,10815,0.0,0.0
2025-01-30 00:00:00-05:00,17.0,17.399999618530273,16.399999618530273,16.600000381469727,8210,0.0,0.0
2025-01-31 00:00:00-05:00,16.979999542236328,18.200000762939453,16.600000381469727,17.18000030517578,11485,0.0,0.0
2025-02-03 00:00:00-05:00,17.0,17.239999771118164,16.600000381469727,16.700000762939453,8850,0.0,0.0
2025-02-04 00:00:00-05:00,16.399999618530273,16.399999618530273,14.399999618530273,15.460000038146973,17700,0.0,0.0
2025-02-05 00:00:00-05:00,16.139999389648438,16.139999389648438,15.020000457763672,15.0600004196167,6470,0.0,0.0
2025-02-06 00:00:00-05:00,15.0600004196167,15.300000190734863,14.15999984741211,14.800000190734863,9210,0.0,0.0
2025-02-07 00:00:00-05:00,14.859999656677246,15.020000457763672,13.399999618530273,13.479999542236328,14075,0.0,0.0
2025-02-10 00:00:00-05:00,13.479999542236328,13.9399995803833,11.800000190734863,12.0,33245,0.0,0.0
2025-02-11 00:00:00-05:00,12.399999618530273,12.720000267028809,11.220000267028809,12.65999984741211,15125,0.0,0.0
2025-02-12 00:00:00-05:00,13.180000305175781,13.180000305175781,11.399999618530273,12.039999961853027,11805,0.0,0.0
2025-02-13 00:00:00-05:00,16.0,21.399999618530273,14.399999618530273,14.619999885559082,1228880,0.0,0.0
2025-02-14 00:00:00-05:00,14.800000190734863,21.799999237060547,14.800000190734863,19.799999237060547,441440,0.0,0.0
2025-02-18 00:00:00-05:00,18.440000534057617,19.15999984741211,15.479999542236328,18.280000686645508,32470,0.0,0.0
2025-02-19 00:00:00-05:00,19.200000762939453,19.600000381469727,17.399999618530273,18.979999542236328,20285,0.0,0.0
2025-02-20 00:00:00-05:00,20.0,20.0,18.399999618530273,19.260000228881836,15150,0.0,0.0
2025-02-21 00:00:00-05:00,20.600000381469727,20.799999237060547,17.440000534057617,18.31999969482422,11965,0.0,0.0
2025-02-24 00:00:00-05:00,18.31999969482422,18.31999969482422,16.65999984741211,18.0,9975,0.0,0.0
2025-02-25 00:00:00-05:00,16.739999771118164,22.0,15.880000114440918,22.0,28685,0.0,0.0
2025-02-26 00:00:00-05:00,21.399999618530273,21.399999618530273,18.200000762939453,19.760000228881836,10170,0.0,0.0
2025-02-27 00:00:00-05:00,20.0,20.0,18.6200008392334,19.020000457763672,5455,0.0,0.0
2025-02-28 00:00:00-05:00,18.799999237060547,19.200000762939453,17.31999969482422,17.6200008392334,5115,0.0,0.0
2025-03-03 00:00:00-05:00,17.399999618530273,18.399999618530273,17.1200008392334,18.059999465942383,4475,0.0,0.0
2025-03-04 00:00:00-05:00,17.0,18.399999618530273,16.799999237060547,18.399999618530273,4785,0.0,0.0
2025-03-05 00:00:00-05:00,17.5,19.399999618530273,17.5,18.600000381469727,3805,0.0,0.0
2025-03-06 00:00:00-05:00,18.600000381469727,18.600000381469727,17.600000381469727,17.84000015258789,1205,0.0,0.0
2025-03-07 00:00:00-05:00,18.18000030517578,18.799999237060547,17.6200008392334,18.239999771118164,2520,0.0,0.0
2025-03-10 00:00:00-04:00,17.399999618530273,18.399999618530273,16.81999969482422,17.559999465942383,5625,0.0,0.0
2025-03-11 00:00:00-04:00,17.200000762939453,17.799999237060547,15.4399995803833,16.139999389648438,6675,0.0,0.0
2025-03-12 00:00:00-04:00,16.0,17.34000015258789,16.0,16.799999237060547,3340,0.0,0.0
2025-03-13 00:00:00-04:00,15.899999618530273,17.559999465942383,15.899999618530273,16.399999618530273,2340,0.0,0.0
2025-03-14 00:00:00-04:00,16.0,16.979999542236328,15.619999885559082,16.979999542236328,4535,0.0,0.0
2025-03-17 00:00:00-04:00,16.600000381469727,17.299999237060547,16.600000381469727,17.299999237060547,1645,0.0,0.0
2025-03-18 00:00:00-04:00,16.799999237060547,17.200000762939453,15.619999885559082,16.940000534057617,2220,0.0,0.0
2025-03-19 00:00:00-04:00,16.700000762939453,17.600000381469727,16.200000762939453,17.040000915527344,1425,0.0,0.0
2025-03-20 00:00:00-04:00,16.459999084472656,17.260000228881836,16.399999618530273,16.81999969482422,2200,0.0,0.0
2025-03-21 00:00:00-04:00,16.399999618530273,17.079999923706055,16.0,16.979999542236328,1825,0.0,0.0
2025-03-24 00:00:00-04:00,16.200000762939453,17.219999313354492,16.200000762939453,16.5,2725,0.0,0.0
2025-03-25 00:00:00-04:00,16.200000762939453,16.899999618530273,15.920000076293945,16.34000015258789,4220,0.0,0.0
2025-03-26 00:00:00-04:00,16.479999542236328,16.479999542236328,15.600000381469727,16.15999984741211,2420,0.0,0.0
2025-03-27 00:00:00-04:00,15.399999618530273,16.399999618530273,15.0,16.3799991607666,1795,0.0,0.0
2025-03-28 00:00:00-04:00,15.699999809265137,16.31999969482422,15.600000381469727,16.0,1735,0.0,0.0
2025-03-31 00:00:00-04:00,16.3799991607666,16.3799991607666,15.220000267028809,15.5600004196167,950,0.0,0.0
2025-04-01 00:00:00-04:00,15.699999809265137,16.360000610351562,15.579999923706055,15.579999923706055,575,0.0,0.0
2025-04-02 00:00:00-04:00,13.800000190734863,15.279999732971191,13.800000190734863,15.0,1990,0.0,0.0
2025-04-03 00:00:00-04:00,15.0,16.200000762939453,14.600000381469727,14.800000190734863,2140,0.0,0.0
2025-04-04 00:00:00-04:00,19.520000457763672,22.600000381469727,15.399999618530273,22.200000762939453,149735,0.0,0.0
2025-04-07 00:00:00-04:00,21.600000381469727,21.600000381469727,17.1200008392334,18.139999389648438,14855,0.0,0.0
2025-04-08 00:00:00-04:00,20.399999618530273,20.399999618530273,6.019999980926514,6.019999980926514,393675,0.0,0.0
2025-04-09 00:00:00-04:00,6.599999904632568,7.840000152587891,5.800000190734863,7.139999866485596,123230,0.0,0.0
2025-04-10 00:00:00-04:00,7.340000152587891,7.340000152587891,6.699999809265137,7.320000171661377,19420,0.0,0.0
2025-04-11 00:00:00-04:00,7.079999923706055,7.800000190734863,2.059999942779541,3.9800000190734863,434890,0.0,0.0
2025-04-14 00:00:00-04:00,4.460000038146973,4.5,2.9000000953674316,3.259999990463257,998340,0.0,0.0
2025-04-15 00:00:00-04:00,3.140000104904175,3.4000000953674316,2.4000000953674316,2.5399999618530273,191720,0.0,0.0
2025-04-16 00:00:00-04:00,2.680000066757202,2.799999952316284,2.0399999618530273,2.5999999046325684,172320,0.0,0.0
2025-04-17 00:00:00-04:00,3.0,3.0,2.4000000953674316,2.5999999046325684,78015,0.0,0.0
2025-04-21 00:00:00-04:00,2.4600000381469727,2.680000066757202,2.2799999713897705,2.5399999618530273,97360,0.0,0.0
2025-04-22 00:00:00-04:00,2.5799999237060547,2.740000009536743,2.4000000953674316,2.619999885559082,69885,0.0,0.0
2025-04-23 00:00:00-04:00,2.5999999046325684,2.759999990463257,2.299999952316284,2.5999999046325684,119435,0.0,0.0
2025-04-24 00:00:00-04:00,2.5999999046325684,2.680000066757202,2.2200000286102295,2.4000000953674316,158710,0.0,0.0
2025-04-25 00:00:00-04:00,2.299999952316284,2.619999885559082,2.299999952316284,2.5199999809265137,120540,0.0,0.0
2025-04-28 00:00:00-04:00,2.240000009536743,2.5199999809265137,2.2200000286102295,2.4600000381469727,146395,0.0,0.0
2025-04-29 00:00:00-04:00,2.4800000190734863,2.5,2.3399999141693115,2.3399999141693115,57805,0.0,0.0
2025-04-30 00:00:00-04:00,2.200000047683716,2.380000114440918,2.200000047683716,2.240000009536743,28230,0.0,0.0
2025-05-01 00:00:00-04:00,2.359999895095825,2.4000000953674316,2.200000047683716,2.299999952316284,60165,0.0,0.0
2025-05-02 00:00:00-04:00,2.380000114440918,2.680000066757202,2.259999990463257,2.5399999618530273,176205,0.0,0.0
2025-05-05 00:00:00-04:00,2.4600000381469727,2.5999999046325684,2.3399999141693115,2.4200000762939453,46860,0.0,0.0
2025-05-06 00:00:00-04:00,2.4000000953674316,2.4600000381469727,2.2799999713897705,2.319999933242798,84400,0.0,0.0
2025-05-07 00:00:00-04:00,1.7999999523162842,2.0,1.7799999713897705,1.8200000524520874,112795,0.0,0.0
2025-05-08 00:00:00-04:00,1.7999999523162842,1.8799999952316284,1.440000057220459,1.659999966621399,137570,0.0,0.0
2025-05-09 00:00:00-04:00,1.559999942779541,2.2300000190734863,1.5199999809265137,1.9550000429153442,484700,0.0,0.05
2025-05-12 00:00:00-04:00,1.8300000429153442,2.3989999294281006,1.7630000114440918,2.240000009536743,500600,0.0,0.0
2025-05-13 00:00:00-04:00,2.869999885559082,3.2300000190734863,2.2899999618530273,2.5199999809265137,18020100,0.0,0.0
2025-05-14 00:00:00-04:00,2.2300000190734863,2.259999990463257,1.899999976158142,2.0,404500,0.0,0.0
2025-05-15 00:00:00-04:00,1.899999976158142,1.9800000190734863,1.8600000143051147,1.899999976158142,101700,0.0,0.0
2025-05-16 00:00:00-04:00,1.7799999713897705,1.878999948501587,1.2899999618530273,1.559999942779541,258700,0.0,0.0
2025-05-19 00:00:00-04:00,1.600000023841858,1.8240000009536743,1.5399999618530273,1.75,145700,0.0,0.0
2025-05-20 00:00:00-04:00,1.7899999618530273,1.7899999618530273,1.3700000047683716,1.649999976158142,108000,0.0,0.0
2025-05-21 00:00:00-04:00,1.600000023841858,1.7300000190734863,1.600000023841858,1.6100000143051147,54900,0.0,0.0
2025-05-22 00:00:00-04:00,1.600000023841858,1.6399999856948853,1.5,1.600000023841858,56300,0.0,0.0
2025-05-23 00:00:00-04:00,1.5299999713897705,1.6449999809265137,1.5199999809265137,1.5800000429153442,32400,0.0,0.0
2025-05-27 00:00:00-04:00,1.5399999618530273,1.6299999952316284,1.5230000019073486,1.600000023841858,38500,0.0,0.0
2025-05-28 00:00:00-04:00,1.5700000524520874,1.6799999475479126,1.5299999713897705,1.559999942779541,20400,0.0,0.0
2025-05-29 00:00:00-04:00,1.5700000524520874,1.6699999570846558,1.5490000247955322,1.5800000429153442,58200,0.0,0.0
2025-05-30 00:00:00-04:00,1.600000023841858,1.6299999952316284,1.5290000438690186,1.5399999618530273,20600,0.0,0.0
2025-06-02 00:00:00-04:00,1.5199999809265137,1.5329999923706055,1.4600000381469727,1.4600000381469727,29200,0.0,0.0
2025-06-03 00:00:00-04:00,1.4199999570846558,1.5399999618530273,1.399999976158142,1.4800000190734863,38700,0.0,0.0
2025-06-04 00:00:00-04:00,1.4500000476837158,1.5399999618530273,1.4500000476837158,1.5099999904632568,51900,0.0,0.0
2025-06-05 00:00:00-04:00,1.5700000524520874,1.850000023841858,1.5260000228881836,1.6200000047683716,225400,0.0,0.0
2025-06-06 00:00:00-04:00,1.7300000190734863,1.7300000190734863,1.440000057220459,1.440000057220459,71200,0.0,0.0
2025-06-09 00:00:00-04:00,1.4500000476837158,1.559999942779541,1.440000057220459,1.4600000381469727,44900,0.0,0.0
2025-06-10 00:00:00-04:00,1.4500000476837158,1.5329999923706055,1.350000023841858,1.3600000143051147,29800,0.0,0.0
2025-06-11 00:00:00-04:00,1.309999942779541,1.4190000295639038,1.25,1.350000023841858,57100,0.0,0.0
2025-06-12 00:00:00-04:00,1.309999942779541,1.4179999828338623,1.309999942779541,1.3300000429153442,25000,0.0,0.0
2025-06-13 00:00:00-04:00,1.4019999504089355,1.4019999504089355,1.309999942779541,1.3300000429153442,27600,0.0,0.0
2025-06-16 00:00:00-04:00,1.3300000429153442,1.3799999952316284,1.2999999523162842,1.350000023841858,22100,0.0,0.0
2025-06-17 00:00:00-04:00,1.309999942779541,1.3539999723434448,1.309999942779541,1.350000023841858,4800,0.0,0.0
2025-06-18 00:00:00-04:00,1.2999999523162842,1.4249999523162842,1.2999999523162842,1.350000023841858,10600,0.0,0.0
2025-06-20 00:00:00-04:00,1.350000023841858,1.3899999856948853,1.159999966621399,1.3200000524520874,1816500,0.0,0.0
2025-06-23 00:00:00-04:00,1.25,1.5169999599456787,1.2100000381469727,1.2879999876022339,134500,0.0,0.0
2025-06-24 00:00:00-04:00,1.2799999713897705,1.2799999713897705,1.190000057220459,1.2699999809265137,24300,0.0,0.0
2025-06-25 00:00:00-04:00,1.2300000190734863,1.340000033378601,1.2300000190734863,1.2730000019073486,16000,0.0,0.0
2025-06-26 00:00:00-04:00,1.2400000095367432,1.3799999952316284,1.2400000095367432,1.340000033378601,27100,0.0,0.0
2025-06-27 00:00:00-04:00,1.340000033378601,1.3899999856948853,1.3009999990463257,1.3700000047683716,13600,0.0,0.0
2025-06-30 00:00:00-04:00,1.2920000553131104,1.3200000524520874,1.25,1.2799999713897705,23400,0.0,0.0
2025-07-01 00:00:00-04:00,1.2100000381469727,1.315000057220459,1.2100000381469727,1.315000057220459,29100,0.0,0.0
2025-07-02 00:00:00-04:00,1.2599999904632568,1.2960000038146973,1.2300000190734863,1.2699999809265137,23100,0.0,0.0
2025-07-03 00:00:00-04:00,1.3300000429153442,1.399999976158142,1.2690000534057617,1.350000023841858,152000,0.0,0.0
2025-07-07 00:00:00-04:00,1.399999976158142,1.399999976158142,1.2799999713897705,1.2960000038146973,29600,0.0,0.0
2025-07-08 00:00:00-04:00,1.340000033378601,1.340000033378601,1.2799999713897705,1.2799999713897705,14900,0.0,0.0
2025-07-09 00:00:00-04:00,1.2799999713897705,1.3700000047683716,1.2619999647140503,1.340000033378601,27500,0.0,0.0
2025-07-10 00:00:00-04:00,1.2999999523162842,1.3600000143051147,1.2799999713897705,1.3300000429153442,14900,0.0,0.0
2025-07-11 00:00:00-04:00,1.3240000009536743,1.430999994277954,1.2599999904632568,1.3899999856948853,26400,0.0,0.0
2025-07-14 00:00:00-04:00,1.3700000047683716,1.3799999952316284,1.340000033378601,1.350000023841858,56300,0.0,0.0
2025-07-15 00:00:00-04:00,1.3459999561309814,1.434999942779541,1.3459999561309814,1.4299999475479126,35000,0.0,0.0
2025-07-16 00:00:00-04:00,1.4199999570846558,1.5,1.3899999856948853,1.4700000286102295,45400,0.0,0.0
2025-07-17 00:00:00-04:00,1.4900000095367432,1.4900000095367432,1.4299999475479126,1.4299999475479126,43200,0.0,0.0
2025-07-18 00:00:00-04:00,1.4199999570846558,1.440000057220459,1.2799999713897705,1.3300000429153442,32200,0.0,0.0
2025-07-21 00:00:00-04:00,1.2799999713897705,1.3799999952316284,1.2699999809265137,1.340000033378601,23700,0.0,0.0
2025-07-22 00:00:00-04:00,1.309999942779541,1.399999976158142,1.309999942779541,1.3200000524520874,9700,0.0,0.0
2025-07-23 00:00:00-04:00,1.347000002861023,1.350000023841858,1.3200000524520874,1.350000023841858,7900,0.0,0.0
2025-07-24 00:00:00-04:00,1.3300000429153442,1.3990000486373901,1.3300000429153442,1.3420000076293945,7500,0.0,0.0
2025-07-25 00:00:00-04:00,1.350000023841858,1.350000023841858,1.2799999713897705,1.3300000429153442,17300,0.0,0.0
2025-07-28 00:00:00-04:00,1.2799999713897705,1.3730000257492065,1.2799999713897705,1.309999942779541,14500,0.0,0.0
2025-07-29 00:00:00-04:00,1.3020000457763672,1.4500000476837158,1.3020000457763672,1.3799999952316284,90200,0.0,0.0
2025-07-30 00:00:00-04:00,1.3700000047683716,1.3799999952316284,1.309999942779541,1.3200000524520874,33100,0.0,0.0
2025-07-31 00:00:00-04:00,1.3200000524520874,1.465999960899353,1.3200000524520874,1.3600000143051147,166200,0.0,0.0
2025-08-01 00:00:00-04:00,1.3600000143051147,1.4299999475479126,1.2200000286102295,1.25,129500,0.0,0.0
2025-08-04 00:00:00-04:00,1.2599999904632568,1.3300000429153442,1.2400000095367432,1.2400000095367432,15300,0.0,0.0
2025-08-05 00:00:00-04:00,1.2400000095367432,1.2400000095367432,1.2200000286102295,1.2300000190734863,4500,0.0,0.0
2025-08-06 00:00:00-04:00,1.2699999809265137,1.2699999809265137,1.2200000286102295,1.246000051498413,4600,0.0,0.0
2025-08-07 00:00:00-04:00,1.25,1.25,1.2200000286102295,1.2200000286102295,8800,0.0,0.0
2025-08-08 00:00:00-04:00,1.2000000476837158,1.2280000448226929,1.2000000476837158,1.2070000171661377,5200,0.0,0.0
2025-08-11 00:00:00-04:00,1.2000000476837158,1.2300000190734863,1.1799999475479126,1.2200000286102295,11500,0.0,0.0
2025-08-12 00:00:00-04:00,1.309999942779541,1.309999942779541,1.218000054359436,1.2649999856948853,11200,0.0,0.0
2025-08-13 00:00:00-04:00,1.2200000286102295,1.2410000562667847,1.1799999475479126,1.2100000381469727,14400,0.0,0.0
2025-08-14 00:00:00-04:00,1.2100000381469727,1.2599999904632568,1.2100000381469727,1.2599999904632568,11400,0.0,0.0
2025-08-15 00:00:00-04:00,1.2380000352859497,1.3040000200271606,1.149999976158142,1.2599999904632568,13700,0.0,0.0
2025-08-18 00:00:00-04:00,1.2200000286102295,1.2619999647140503,1.2100000381469727,1.2619999647140503,8900,0.0,0.0
2025-08-19 00:00:00-04:00,1.2100000381469727,1.340000033378601,1.149999976158142,1.2599999904632568,21600,0.0,0.0
2025-08-20 00:00:00-04:00,1.2100000381469727,1.25,1.1799999475479126,1.25,7200,0.0,0.0
2025-08-21 00:00:00-04:00,1.2599999904632568,1.2999999523162842,1.2020000219345093,1.2039999961853027,6200,0.0,0.0
2025-08-22 00:00:00-04:00,1.2029999494552612,1.2990000247955322,1.1740000247955322,1.1799999475479126,17100,0.0,0.0
2025-08-25 00:00:00-04:00,1.1820000410079956,1.2400000095367432,1.1820000410079956,1.2400000095367432,12900,0.0,0.0
2025-08-26 00:00:00-04:00,1.2799999713897705,1.3700000047683716,1.2100000381469727,1.3009999990463257,40100,0.0,0.0
2025-08-27 00:00:00-04:00,1.2899999618530273,1.2899999618530273,1.2009999752044678,1.2699999809265137,27200,0.0,0.0
2025-08-28 00:00:00-04:00,1.25,1.25,1.2100000381469727,1.2100000381469727,12500,0.0,0.0
2025-08-29 00:00:00-04:00,1.2630000114440918,1.2630000114440918,1.2070000171661377,1.2100000381469727,8300,0.0,0.0
2025-09-02 00:00:00-04:00,1.2000000476837158,1.25,1.1299999952316284,1.1299999952316284,25700,0.0,0.0
2025-09-03 00:00:00-04:00,1.149999976158142,1.2999999523162842,1.090000033378601,1.1799999475479126,4407000,0.0,0.0
2025-09-04 00:00:00-04:00,1.100000023841858,1.149999976158142,0.8130000233650208,0.9829999804496765,1226000,0.0,0.0
2025-09-05 00:00:00-04:00,0.9390000104904175,0.9599999785423279,0.8650000095367432,0.9010000228881836,53700,0.0,0.0
2025-09-08 00:00:00-04:00,0.859000027179718,0.9599999785423279,0.8539999723434448,0.9359999895095825,5774700,0.0,0.0
2025-09-09 00:00:00-04:00,1.0,2.2300000190734863,0.9800000190734863,1.309999942779541,30255400,0.0,0.0
2025-09-10 00:00:00-04:00,1.149999976158142,1.190000057220459,1.0199999809265137,1.1299999952316284,754300,0.0,0.0
2025-09-11 00:00:00-04:00,0.9700000286102295,1.149999976158142,0.9700000286102295,1.0800000429153442,264100,0.0,0.0
2025-09-12 00:00:00-04:00,1.0499999523162842,1.8700000047683716,1.0499999523162842,1.399999976158142,3572400,0.0,0.0
2025-09-15 00:00:00-04:00,1.350000023841858,1.4600000381469727,1.2799999713897705,1.4500000476837158,261900,0.0,0.0
2025-09-16 00:00:00-04:00,1.399999976158142,1.690999984741211,1.399999976158142,1.6200000047683716,181400,0.0,0.0
2025-09-17 00:00:00-04:00,1.5700000524520874,1.6799999475479126,1.4160000085830688,1.4500000476837158,72200,0.0,0.0
2025-09-18 00:00:00-04:00,1.4800000190734863,1.5,1.409999966621399,1.4700000286102295,37800,0.0,0.0
2025-09-19 00:00:00-04:00,1.4500000476837158,1.5700000524520874,1.4500000476837158,1.4500000476837158,56300,0.0,0.0
2025-09-22 00:00:00-04:00,1.3899999856948853,1.5499999523162842,1.3899999856948853,1.4800000190734863,49200,0.0,0.0
2025-09-23 00:00:00-04:00,1.4800000190734863,1.6319999694824219,1.472000002861023,1.5299999713897705,57200,0.0,0.0
2025-09-24 00:00:00-04:00,1.6299999952316284,1.6299999952316284,1.559999942779541,1.559999942779541,40200,0.0,0.0
2025-09-25 00:00:00-04:00,1.5499999523162842,1.559999942779541,1.4769999980926514,1.5099999904632568,48500,0.0,0.0
2025-09-26 00:00:00-04:00,1.4500000476837158,1.5299999713897705,1.4500000476837158,1.5199999809265137,14000,0.0,0.0
2025-09-29 00:00:00-04:00,1.5,1.5,1.3899999856948853,1.4199999570846558,35800,0.0,0.0
2025-09-30 00:00:00-04:00,1.399999976158142,1.399999976158142,1.2200000286102295,1.2400000095367432,47800,0.0,0.0
2025-10-01 00:00:00-04:00,1.3300000429153442,1.3990000486373901,1.2300000190734863,1.2400000095367432,19500,0.0,0.0
2025-10-02 00:00:00-04:00,1.2300000190734863,1.2999999523162842,1.2300000190734863,1.2999999523162842,13500,0.0,0.0
2025-10-03 00:00:00-04:00,1.309999942779541,1.3359999656677246,1.2599999904632568,1.2799999713897705,8100,0.0,0.0
2025-10-06 00:00:00-04:00,1.3899999856948853,1.399999976158142,1.3079999685287476,1.3300000429153442,35000,0.0,0.0
2025-10-07 00:00:00-04:00,1.3619999885559082,1.375,1.2599999904632568,1.2799999713897705,34400,0.0,0.0
2025-10-08 00:00:00-04:00,1.2999999523162842,1.3179999589920044,1.2699999809265137,1.2999999523162842,9300,0.0,0.0
2025-10-09 00:00:00-04:00,1.2599999904632568,1.2699999809265137,1.2400000095367432,1.2400000095367432,25100,0.0,0.0
2025-10-10 00:00:00-04:00,1.2699999809265137,1.2799999713897705,1.100000023841858,1.121000051498413,37700,0.0,0.0
2025-10-13 00:00:00-04:00,1.1699999570846558,1.1699999570846558,1.0820000171661377,1.149999976158142,46000,0.0,0.0
2025-10-14 00:00:00-04:00,1.156999945640564,1.1799999475479126,1.1299999952316284,1.1299999952316284,11600,0.0,0.0
2025-10-15 00:00:00-04:00,1.149999976158142,1.194000005722046,1.1059999465942383,1.1299999952316284,7300,0.0,0.0
2025-10-16 00:00:00-04:00,1.100000023841858,1.1699999570846558,1.100000023841858,1.100000023841858,10800,0.0,0.0
2025-10-17 00:00:00-04:00,1.090000033378601,1.100000023841858,1.0499999523162842,1.0800000429153442,28100,0.0,0.0
2025-10-20 00:00:00-04:00,1.0800000429153442,1.0800000429153442,1.0399999618530273,1.0499999523162842,6600,0.0,0.0
2025-10-21 00:00:00-04:00,1.0299999713897705,1.0399999618530273,0.9700000286102295,0.9700000286102295,17100,0.0,0.0
2025-10-22 00:00:00-04:00,0.9399999976158142,1.0499999523162842,0.9399999976158142,1.0,15100,0.0,0.0
2025-10-23 00:00:00-04:00,1.0399999618530273,1.0399999618530273,1.0,1.0,10000,0.0,0.0
2025-10-24 00:00:00-04:00,1.0,1.0,0.9539999961853027,0.9950000047683716,8700,0.0,0.0
2025-10-27 00:00:00-04:00,1.0,1.0859999656677246,0.996999979019165,1.0499999523162842,8000,0.0,0.0
2025-10-28 00:00:00-04:00,1.0399999618530273,1.0809999704360962,0.9129999876022339,0.9990000128746033,19300,0.0,0.0
2025-10-29 00:00:00-04:00,1.0499999523162842,1.0499999523162842,0.9509999752044678,1.0099999904632568,9800,0.0,0.0
2025-10-30 00:00:00-04:00,1.0099999904632568,1.0299999713897705,0.949999988079071,0.9599999785423279,13500,0.0,0.0
2025-10-31 00:00:00-04:00,0.9800000190734863,1.0,0.9200000166893005,0.9300000071525574,11900,0.0,0.0
2025-11-03 00:00:00-05:00,1.0099999904632568,1.0099999904632568,0.8899999856948853,0.8899999856948853,22500,0.0,0.0
2025-11-04 00:00:00-05:00,0.8700000047683716,0.9200000166893005,0.8479999899864197,0.8500000238418579,18600,0.0,0.0
2025-11-05 00:00:00-05:00,0.8500000238418579,0.9269999861717224,0.8199999928474426,0.890999972820282,23600,0.0,0.0
2025-11-06 00:00:00-05:00,0.890999972820282,0.9200000166893005,0.8399999737739563,0.8399999737739563,9100,0.0,0.0
2025-11-07 00:00:00-05:00,0.824999988079071,0.8999999761581421,0.8199999928474426,0.8199999928474426,11600,0.0,0.0
2025-11-10 00:00:00-05:00,0.9089999794960022,0.9169999957084656,0.8199999928474426,0.8610000014305115,14100,0.0,0.0
2025-11-11 00:00:00-05:00,0.8999999761581421,0.9599999785423279,0.8899999856948853,0.949999988079071,16700,0.0,0.0
2025-11-12 00:00:00-05:00,0.9470000267028809,0.949999988079071,0.8889999985694885,0.9190000295639038,7700,0.0,0.0
2025-11-13 00:00:00-05:00,0.9599999785423279,0.9599999785423279,0.8700000047683716,0.8980000019073486,3000,0.0,0.0
2025-11-14 00:00:00-05:00,0.8980000019073486,1.0199999809265137,0.8920000195503235,0.9300000071525574,55800,0.0,0.0
2025-11-17 00:00:00-05:00,0.9599999785423279,0.9599999785423279,0.8889999985694885,0.8889999985694885,7800,0.0,0.0
2025-11-18 00:00:00-05:00,0.8399999737739563,0.9229999780654907,0.8399999737739563,0.8700000047683716,10000,0.0,0.0
2025-11-19 00:00:00-05:00,0.9100000262260437,1.1200000047683716,0.8700000047683716,1.1200000047683716,84400,0.0,0.0
2025-11-20 00:00:00-05:00,1.0399999618530273,1.100000023841858,0.9700000286102295,0.9700000286102295,12800,0.0,0.0
2025-11-21 00:00:00-05:00,0.9900000095367432,1.0,0.9129999876022339,0.9300000071525574,9400,0.0,0.0
2025-11-24 00:00:00-05:00,1.0199999809265137,1.059999942779541,0.949999988079071,0.9750000238418579,23400,0.0,0.0
2025-11-25 00:00:00-05:00,0.9700000286102295,1.027999997138977,0.953000009059906,1.0199999809265137,3400,0.0,0.0
2025-11-26 00:00:00-05:00,0.949999988079071,1.0099999904632568,0.9200000166893005,0.9409999847412109,5600,0.0,0.0
2025-11-28 00:00:00-05:00,0.9350000023841858,0.9399999976158142,0.9350000023841858,0.9399999976158142,4200,0.0,0.0
2025-12-01 00:00:00-05:00,0.9589999914169312,1.0049999952316284,0.9399999976158142,0.9580000042915344,6700,0.0,0.0
2025-12-02 00:00:00-05:00,0.9350000023841858,0.9879999756813049,0.9200000166893005,0.9300000071525574,2700,0.0,0.0
2025-12-03 00:00:00-05:00,0.9700000286102295,0.9700000286102295,0.9300000071525574,0.9419999718666077,1600,0.0,0.0
2025-12-04 00:00:00-05:00,0.9599999785423279,0.9710000157356262,0.9229999780654907,0.9430000185966492,5400,0.0,0.0
2025-12-05 00:00:00-05:00,0.9480000138282776,1.0399999618530273,0.9229999780654907,0.9399999976158142,16000,0.0,0.0
2025-12-08 00:00:00-05:00,0.9800000190734863,1.0099999904632568,0.9300000071525574,0.9599999785423279,7100,0.0,0.0
2025-12-09 00:00:00-05:00,0.949999988079071,1.0,0.9300000071525574,0.949999988079071,9300,0.0,0.0
2025-12-10 00:00:00-05:00,0.9800000190734863,1.0399999618530273,0.9350000023841858,1.0010000467300415,9700,0.0,0.0
2025-12-11 00:00:00-05:00,0.9800000190734863,1.0099999904632568,0.9300000071525574,0.9700000286102295,2200,0.0,0.0
2025-12-12 00:00:00-05:00,0.9359999895095825,1.0110000371932983,0.9359999895095825,0.9399999976158142,3300,0.0,0.0
2025-12-15 00:00:00-05:00,1.0099999904632568,1.0099999904632568,0.9300000071525574,0.9300000071525574,8700,0.0,0.0
2025-12-16 00:00:00-05:00,0.9300000071525574,0.949999988079071,0.8999999761581421,0.8999999761581421,6100,0.0,0.0
2025-12-17 00:00:00-05:00,0.9200000166893005,0.9300000071525574,0.8999999761581421,0.9300000071525574,3400,0.0,0.0
2025-12-18 00:00:00-05:00,0.9300000071525574,0.9300000071525574,0.9300000071525574,0.9300000071525574,0,0.0,0.0
2025-12-19 00:00:00-05:00,0.8999999761581421,0.8999999761581421,0.8220000267028809,0.8600000143051147,9900,0.0,0.0
2025-12-22 00:00:00-05:00,0.8119999766349792,0.925000011920929,0.8119999766349792,0.9169999957084656,6800,0.0,0.0
2025-12-23 00:00:00-05:00,0.8299999833106995,1.149999976158142,0.8299999833106995,1.1200000047683716,96800,0.0,0.0
2025-12-24 00:00:00-05:00,1.1200000047683716,1.1200000047683716,1.0399999618530273,1.0800000429153442,25400,0.0,0.0
2025-12-26 00:00:00-05:00,1.0700000524520874,1.0700000524520874,0.9649999737739563,0.9800000190734863,9200,0.0,0.0
2025-12-29 00:00:00-05:00,0.9700000286102295,0.9700000286102295,0.8999999761581421,0.9100000262260437,12100,0.0,0.0
2025-12-30 00:00:00-05:00,0.8999999761581421,0.9520000219345093,0.8999999761581421,0.8999999761581421,34800,0.0,0.0
2025-12-31 00:00:00-05:00,0.8999999761581421,0.9419999718666077,0.8399999737739563,0.8519999980926514,9300,0.0,0.0
2026-01-02 00:00:00-05:00,0.8500000238418579,0.949999988079071,0.8500000238418579,0.9049999713897705,2900,0.0,0.0
2026-01-05 00:00:00-05:00,0.847000002861023,0.8999999761581421,0.847000002861023,0.8999999761581421,6300,0.0,0.0
2026-01-06 00:00:00-05:00,0.8500000238418579,0.8999999761581421,0.8500000238418579,0.8500000238418579,5000,0.0,0.0
2026-01-07 00:00:00-05:00,0.9200000166893005,0.9200000166893005,0.8500000238418579,0.8629999756813049,7100,0.0,0.0
2026-01-08 00:00:00-05:00,0.8629999756813049,0.890999972820282,0.8619999885559082,0.890999972820282,7800,0.0,0.0
2026-01-09 00:00:00-05:00,0.8700000047683716,0.906000018119812,0.8619999885559082,0.9010000228881836,8600,0.0,0.0
2026-01-12 00:00:00-05:00,0.8679999709129333,0.8889999985694885,0.8619999885559082,0.8619999885559082,11400,0.0,0.0
2026-01-13 00:00:00-05:00,0.8880000114440918,0.8880000114440918,0.8500000238418579,0.8500000238418579,6600,0.0,0.0
2026-01-14 00:00:00-05:00,0.8769999742507935,0.878000020980835,0.8299999833106995,0.8500000238418579,3600,0.0,0.0
2026-01-15 00:00:00-05:00,0.8500000238418579,0.8700000047683716,0.8500000238418579,0.8700000047683716,1200,0.0,0.0
2026-01-16 00:00:00-05:00,0.8769999742507935,0.878000020980835,0.8500000238418579,0.8500000238418579,3100,0.0,0.0
2026-01-20 00:00:00-05:00,0.8550000190734863,0.8980000019073486,0.8519999980926514,0.8790000081062317,9700,0.0,0.0
2026-01-21 00:00:00-05:00,0.8500000238418579,0.8820000290870667,0.8500000238418579,0.8820000290870667,6000,0.0,0.0
2026-01-22 00:00:00-05:00,0.8799999952316284,0.8820000290870667,0.8799999952316284,0.8820000290870667,900,0.0,0.0
2026-01-23 00:00:00-05:00,0.8799999952316284,0.8999999761581421,0.8600000143051147,0.8999999761581421,4100,0.0,0.0
2026-01-26 00:00:00-05:00,0.8700000047683716,0.8899999856948853,0.8700000047683716,0.8899999856948853,500,0.0,0.0
2026-01-27 00:00:00-05:00,0.8799999952316284,0.9100000262260437,0.8799999952316284,0.9100000262260437,3200,0.0,0.0
2026-01-28 00:00:00-05:00,0.9150000214576721,0.9800000190734863,0.9150000214576721,0.9200000166893005,7500,0.0,0.0
2026-01-29 00:00:00-05:00,0.8920000195503235,1.100000023841858,0.8799999952316284,1.100000023841858,52300,0.0,0.0
2026-01-30 00:00:00-05:00,1.059999942779541,1.059999942779541,0.9700000286102295,0.9700000286102295,15400,0.0,0.0
2026-02-02 00:00:00-05:00,0.9200000166893005,0.9399999976158142,0.8999999761581421,0.8999999761581421,8800,0.0,0.0
2026-02-03 00:00:00-05:00,0.9559999704360962,0.9660000205039978,0.9200000166893005,0.9300000071525574,2800,0.0,0.0
2026-02-04 00:00:00-05:00,0.9300000071525574,0.9649999737739563,0.9300000071525574,0.9300000071525574,3500,0.0,0.0
2026-02-05 00:00:00-05:00,0.8999999761581421,0.9150000214576721,0.8600000143051147,0.8600000143051147,7200,0.0,0.0
2026-02-06 00:00:00-05:00,0.8650000095367432,0.9860000014305115,0.8650000095367432,0.9419999718666077,4700,0.0,0.0
2026-02-09 00:00:00-05:00,0.8619999885559082,0.875,0.8600000143051147,0.875,1300,0.0,0.0
2026-02-10 00:00:00-05:00,0.875,0.9010000228881836,0.875,0.9010000228881836,600,0.0,0.0
2026-02-11 00:00:00-05:00,0.9010000228881836,0.9300000071525574,0.8799999952316284,0.9200000166893005,1900,0.0,0.0
2026-02-12 00:00:00-05:00,0.9700000286102295,0.9700000286102295,0.8700000047683716,0.8700000047683716,3600,0.0,0.0
2026-02-13 00:00:00-05:00,0.8970000147819519,0.8970000147819519,0.8700000047683716,0.8700000047683716,3000,0.0,0.0
2026-02-17 00:00:00-05:00,0.8600000143051147,0.8970000147819519,0.8600000143051147,0.8730000257492065,4200,0.0,0.0
2026-02-18 00:00:00-05:00,0.8650000095367432,0.8790000081062317,0.8600000143051147,0.8600000143051147,5400,0.0,0.0
2026-02-19 00:00:00-05:00,0.8650000095367432,0.8650000095367432,0.8199999928474426,0.8240000009536743,19000,0.0,0.0
2026-02-20 00:00:00-05:00,0.8690000176429749,0.8690000176429749,0.6499999761581421,0.7950000166893005,25400,0.0,0.0
2026-02-23 00:00:00-05:00,0.7350000143051147,0.7900000214576721,0.7200000286102295,0.7900000214576721,21800,0.0,0.0
2026-02-24 00:00:00-05:00,0.7799999713897705,0.8690000176429749,0.7799999713897705,0.8399999737739563,12200,0.0,0.0
2026-02-25 00:00:00-05:00,0.8690000176429749,0.8690000176429749,0.8399999737739563,0.8669999837875366,6700,0.0,0.0
2026-02-26 00:00:00-05:00,0.8669999837875366,0.8669999837875366,0.8669999837875366,0.8669999837875366,0,0.0,0.0
2026-02-27 00:00:00-05:00,0.8669999837875366,0.8669999837875366,0.7929999828338623,0.7929999828338623,1000,0.0,0.0
2026-03-02 00:00:00-05:00,0.7940000295639038,0.8690000176429749,0.7940000295639038,0.8500000238418579,3600,0.0,0.0
2026-03-03 00:00:00-05:00,0.8339999914169312,0.8370000123977661,0.8339999914169312,0.8370000123977661,700,0.0,0.0
2026-03-04 00:00:00-05:00,0.7639999985694885,0.8500000238418579,0.7419999837875366,0.8500000238418579,4200,0.0,0.0
2026-03-05 00:00:00-05:00,0.800000011920929,0.8669999837875366,0.800000011920929,0.8199999928474426,2900,0.0,0.0
2026-03-06 00:00:00-05:00,0.8690000176429749,0.8690000176429749,0.7749999761581421,0.7749999761581421,1000,0.0,0.0
2026-03-09 00:00:00-04:00,0.7850000262260437,1.100000023841858,0.7850000262260437,1.0499999523162842,117000,0.0,0.0
2026-03-10 00:00:00-04:00,0.949999988079071,0.949999988079071,0.8569999933242798,0.8809999823570251,26300,0.0,0.0
2026-03-11 00:00:00-04:00,0.8600000143051147,0.8700000047683716,0.7749999761581421,0.8029999732971191,13500,0.0,0.0
2026-03-12 00:00:00-04:00,0.7990000247955322,0.8230000138282776,0.7990000247955322,0.8230000138282776,1600,0.0,0.0
2026-03-13 00:00:00-04:00,0.8330000042915344,0.8330000042915344,0.7900000214576721,0.8209999799728394,3100,0.0,0.0
2026-03-16 00:00:00-04:00,0.8100000023841858,0.8100000023841858,0.7820000052452087,0.7820000052452087,6500,0.0,0.0
2026-03-17 00:00:00-04:00,0.800000011920929,0.8149999976158142,0.800000011920929,0.8029999732971191,3400,0.0,0.0
2026-03-18 00:00:00-04:00,0.8029999732971191,0.8029999732971191,0.8029999732971191,0.8029999732971191,0,0.0,0.0
2026-03-19 00:00:00-04:00,0.828000009059906,0.8600000143051147,0.828000009059906,0.8399999737739563,2900,0.0,0.0
2026-03-20 00:00:00-04:00,0.8600000143051147,0.9900000095367432,0.8600000143051147,0.9890000224113464,24800,0.0,0.0
2026-03-23 00:00:00-04:00,0.9819999933242798,0.9900000095367432,0.9200000166893005,0.949999988079071,26900,0.0,0.0
2026-03-24 00:00:00-04:00,0.949999988079071,0.949999988079071,0.949999988079071,0.949999988079071,0,0.0,0.0
2026-03-25 00:00:00-04:00,0.8500000238418579,0.9350000023841858,0.8500000238418579,0.8970000147819519,1900,0.0,0.0
2026-03-26 00:00:00-04:00,0.8999999761581421,0.906000018119812,0.8999999761581421,0.906000018119812,2200,0.0,0.0
2026-03-27 00:00:00-04:00,0.9100000262260437,0.9100000262260437,0.9100000262260437,0.9100000262260437,2900,0.0,0.0
2026-03-30 00:00:00-04:00,0.925000011920929,0.925000011920929,0.8700000047683716,0.8700000047683716,12100,0.0,0.0
2026-03-31 00:00:00-04:00,0.8100000023841858,0.9919999837875366,0.8100000023841858,0.875,8300,0.0,0.0
2026-04-01 00:00:00-04:00,0.8700000047683716,0.8700000047683716,0.8700000047683716,0.8700000047683716,1800,0.0,0.0
2026-04-02 00:00:00-04:00,0.8700000047683716,0.8999999761581421,0.8109999895095825,0.8550000190734863,30800,0.0,0.0
2026-04-06 00:00:00-04:00,0.8199999928474426,0.8989999890327454,0.8199999928474426,0.8989999890327454,900,0.0,0.0
2026-04-07 00:00:00-04:00,0.871999979019165,0.9200000166893005,0.8600000143051147,0.8679999709129333,4300,0.0,0.0
2026-04-08 00:00:00-04:00,0.8629999756813049,0.8899999856948853,0.8500000238418579,0.8500000238418579,9200,0.0,0.0
2026-04-09 00:00:00-04:00,0.8600000143051147,0.8600000143051147,0.8600000143051147,0.8600000143051147,900,0.0,0.0
2026-04-10 00:00:00-04:00,0.8500000238418579,0.8600000143051147,0.8500000238418579,0.8600000143051147,3500,0.0,0.0
2026-04-13 00:00:00-04:00,0.824999988079071,0.8500000238418579,0.824999988079071,0.8500000238418579,600,0.0,0.0
2026-04-14 00:00:00-04:00,0.8999999761581421,0.8999999761581421,0.8600000143051147,0.8600000143051147,900,0.0,0.0
2026-04-15 00:00:00-04:00,0.8960000276565552,1.7899999618530273,0.8650000095367432,1.4600000381469727,1000400,0.0,0.0
2026-04-16 00:00:00-04:00,1.0800000429153442,1.0800000429153442,0.8799999952316284,1.059999942779541,113900,0.0,0.0
2026-04-17 00:00:00-04:00,0.9900000095367432,1.2000000476837158,0.9900000095367432,1.0800000429153442,40800,0.0,0.0
2026-04-20 00:00:00-04:00,1.0499999523162842,1.090000033378601,0.9800000190734863,1.0149999856948853,7600,0.0,0.0
2026-04-21 00:00:00-04:00,1.0099999904632568,1.0399999618530273,0.9800000190734863,1.0199999809265137,8100,0.0,0.0
2026-04-22 00:00:00-04:00,1.100000023841858,1.100000023841858,1.059999942779541,1.0800000429153442,5800,0.0,0.0
2026-04-23 00:00:00-04:00,1.059999942779541,1.059999942779541,1.0199999809265137,1.0199999809265137,1800,0.0,0.0
2026-04-24 00:00:00-04:00,1.0700000524520874,1.0700000524520874,1.059999942779541,1.059999942779541,6742,0.0,0.0
