Date,Open,High,Low,Close,Volume,Dividends,Stock Splits
2022-01-03 00:00:00-05:00,99.70999908447266,101.72000122070312,98.12999725341797,100.48999786376953,843600,0.0,0.0
2022-01-04 00:00:00-05:00,101.12999725341797,102.8499984741211,93.55000305175781,97.9800033569336,1305000,0.0,0.0
2022-01-05 00:00:00-05:00,97.08999633789062,100.0,88.62999725341797,88.91000366210938,1245700,0.0,0.0
2022-01-06 00:00:00-05:00,88.2699966430664,92.19999694824219,84.5,90.23999786376953,992200,0.0,0.0
2022-01-07 00:00:00-05:00,90.5999984741211,93.0999984741211,87.41999816894531,87.83000183105469,851800,0.0,0.0
2022-01-10 00:00:00-05:00,86.08000183105469,92.93000030517578,85.30999755859375,92.41000366210938,2510300,0.0,0.0
2022-01-11 00:00:00-05:00,92.37000274658203,94.55000305175781,88.48999786376953,90.94000244140625,1243300,0.0,0.0
2022-01-12 00:00:00-05:00,91.19999694824219,92.9000015258789,85.16999816894531,85.8499984741211,1135200,0.0,0.0
2022-01-13 00:00:00-05:00,85.18000030517578,85.88999938964844,78.4800033569336,78.80000305175781,1964800,0.0,0.0
2022-01-14 00:00:00-05:00,78.37999725341797,79.23999786376953,74.4800033569336,77.58000183105469,2015000,0.0,0.0
2022-01-18 00:00:00-05:00,75.94000244140625,76.20999908447266,71.9000015258789,72.55000305175781,1301700,0.0,0.0
2022-01-19 00:00:00-05:00,72.7300033569336,74.95999908447266,71.11000061035156,72.0,1315200,0.0,0.0
2022-01-20 00:00:00-05:00,73.36000061035156,77.13999938964844,72.31999969482422,72.75,1595400,0.0,0.0
2022-01-21 00:00:00-05:00,71.88999938964844,73.6500015258789,69.41999816894531,70.0999984741211,1111900,0.0,0.0
2022-01-24 00:00:00-05:00,68.94000244140625,71.86000061035156,65.20999908447266,71.37000274658203,1708600,0.0,0.0
2022-01-25 00:00:00-05:00,69.80999755859375,71.2699966430664,65.06999969482422,65.75,1629000,0.0,0.0
2022-01-26 00:00:00-05:00,68.05999755859375,69.58000183105469,63.45000076293945,64.30999755859375,2174500,0.0,0.0
2022-01-27 00:00:00-05:00,65.01000213623047,66.41000366210938,61.16999816894531,61.59000015258789,1567400,0.0,0.0
2022-01-28 00:00:00-05:00,61.33000183105469,63.54999923706055,59.56999969482422,62.75,1978500,0.0,0.0
2022-01-31 00:00:00-05:00,63.22999954223633,69.81999969482422,63.0,69.55000305175781,1888200,0.0,0.0
2022-02-01 00:00:00-05:00,70.48999786376953,73.23999786376953,67.69999694824219,72.95999908447266,1196000,0.0,0.0
2022-02-02 00:00:00-05:00,72.41999816894531,73.38999938964844,68.44000244140625,70.5,995200,0.0,0.0
2022-02-03 00:00:00-05:00,68.91000366210938,71.83000183105469,68.48999786376953,71.08999633789062,1605600,0.0,0.0
2022-02-04 00:00:00-05:00,71.05999755859375,73.62000274658203,70.3499984741211,73.0,806000,0.0,0.0
2022-02-07 00:00:00-05:00,72.02999877929688,76.68000030517578,72.0,72.62999725341797,634800,0.0,0.0
2022-02-08 00:00:00-05:00,71.83999633789062,74.0199966430664,71.30999755859375,72.33000183105469,593500,0.0,0.0
2022-02-09 00:00:00-05:00,73.48999786376953,76.86000061035156,73.30999755859375,75.20999908447266,768500,0.0,0.0
2022-02-10 00:00:00-05:00,73.80000305175781,78.33999633789062,72.63999938964844,73.68000030517578,895000,0.0,0.0
2022-02-11 00:00:00-05:00,73.79000091552734,75.4000015258789,70.08000183105469,71.30999755859375,1142800,0.0,0.0
2022-02-14 00:00:00-05:00,71.73999786376953,73.72000122070312,69.7300033569336,70.0,902900,0.0,0.0
2022-02-15 00:00:00-05:00,71.5,73.44000244140625,71.30999755859375,72.37999725341797,785300,0.0,0.0
2022-02-16 00:00:00-05:00,71.37999725341797,72.05000305175781,68.02999877929688,70.25,730400,0.0,0.0
2022-02-17 00:00:00-05:00,69.19000244140625,69.19000244140625,64.4000015258789,64.79000091552734,905500,0.0,0.0
2022-02-18 00:00:00-05:00,64.62999725341797,64.86000061035156,60.84000015258789,62.099998474121094,1021500,0.0,0.0
2022-02-22 00:00:00-05:00,61.279998779296875,63.58000183105469,60.65999984741211,61.90999984741211,1567500,0.0,0.0
2022-02-23 00:00:00-05:00,63.150001525878906,63.38999938964844,59.130001068115234,59.630001068115234,1350500,0.0,0.0
2022-02-24 00:00:00-05:00,58.77000045776367,65.80999755859375,56.810001373291016,65.5999984741211,1804900,0.0,0.0
2022-02-25 00:00:00-05:00,65.54000091552734,66.73999786376953,63.369998931884766,66.20999908447266,1030700,0.0,0.0
2022-02-28 00:00:00-05:00,65.68000030517578,68.62999725341797,65.26000213623047,66.2699966430664,922500,0.0,0.0
2022-03-01 00:00:00-05:00,66.5199966430664,69.05000305175781,65.61000061035156,66.33000183105469,776400,0.0,0.0
2022-03-02 00:00:00-05:00,66.04000091552734,66.6500015258789,63.13999938964844,65.7300033569336,848500,0.0,0.0
2022-03-03 00:00:00-05:00,66.38999938964844,66.38999938964844,60.36000061035156,60.650001525878906,1079700,0.0,0.0
2022-03-04 00:00:00-05:00,60.31999969482422,62.52000045776367,57.13999938964844,57.91999816894531,874100,0.0,0.0
2022-03-07 00:00:00-05:00,58.18000030517578,58.93000030517578,53.5,53.68000030517578,1497200,0.0,0.0
2022-03-08 00:00:00-05:00,53.43000030517578,59.33000183105469,53.0,56.13999938964844,1227500,0.0,0.0
2022-03-09 00:00:00-05:00,57.65999984741211,60.880001068115234,57.52000045776367,60.290000915527344,815200,0.0,0.0
2022-03-10 00:00:00-05:00,58.7400016784668,59.099998474121094,56.779998779296875,58.68000030517578,969300,0.0,0.0
2022-03-11 00:00:00-05:00,59.7400016784668,59.7400016784668,54.13999938964844,54.400001525878906,639300,0.0,0.0
2022-03-14 00:00:00-04:00,53.79999923706055,54.650001525878906,47.95000076293945,48.25,1345600,0.0,0.0
2022-03-15 00:00:00-04:00,48.970001220703125,49.9900016784668,46.869998931884766,48.7599983215332,1217200,0.0,0.0
2022-03-16 00:00:00-04:00,50.349998474121094,53.33000183105469,49.95000076293945,53.279998779296875,1017700,0.0,0.0
2022-03-17 00:00:00-04:00,52.9900016784668,55.9900016784668,51.25,55.81999969482422,888800,0.0,0.0
2022-03-18 00:00:00-04:00,55.7599983215332,59.560001373291016,55.2599983215332,59.459999084472656,1243000,0.0,0.0
2022-03-21 00:00:00-04:00,58.27000045776367,59.91999816894531,57.02000045776367,57.689998626708984,689800,0.0,0.0
2022-03-22 00:00:00-04:00,58.560001373291016,61.939998626708984,57.0099983215332,60.939998626708984,813300,0.0,0.0
2022-03-23 00:00:00-04:00,60.36000061035156,60.75,57.79999923706055,58.810001373291016,1003300,0.0,0.0
2022-03-24 00:00:00-04:00,58.83000183105469,60.18000030517578,56.7400016784668,59.59000015258789,623900,0.0,0.0
2022-03-25 00:00:00-04:00,59.81999969482422,60.16999816894531,57.08000183105469,59.2599983215332,789400,0.0,0.0
2022-03-28 00:00:00-04:00,59.36000061035156,61.619998931884766,58.439998626708984,60.939998626708984,560800,0.0,0.0
2022-03-29 00:00:00-04:00,62.68000030517578,67.56999969482422,62.08000183105469,67.5,1320000,0.0,0.0
2022-03-30 00:00:00-04:00,66.97000122070312,69.58000183105469,65.7699966430664,66.98999786376953,1045600,0.0,0.0
2022-03-31 00:00:00-04:00,66.66999816894531,67.94000244140625,65.98999786376953,66.23999786376953,718100,0.0,0.0
2022-04-01 00:00:00-04:00,66.33000183105469,73.12000274658203,66.30999755859375,73.04000091552734,1488200,0.0,0.0
2022-04-04 00:00:00-04:00,73.80000305175781,77.72000122070312,72.72000122070312,77.3499984741211,1813300,0.0,0.0
2022-04-05 00:00:00-04:00,77.0,77.5199966430664,73.91999816894531,75.02999877929688,1103900,0.0,0.0
2022-04-06 00:00:00-04:00,73.08999633789062,73.44999694824219,69.54000091552734,72.11000061035156,1409200,0.0,0.0
2022-04-07 00:00:00-04:00,71.73999786376953,74.45999908447266,70.19000244140625,73.75,957400,0.0,0.0
2022-04-08 00:00:00-04:00,73.20999908447266,75.80000305175781,72.18000030517578,73.75,869700,0.0,0.0
2022-04-11 00:00:00-04:00,72.30000305175781,72.44000244140625,68.33999633789062,70.43000030517578,943100,0.0,0.0
2022-04-12 00:00:00-04:00,72.04000091552734,76.62999725341797,70.91000366210938,71.18000030517578,665600,0.0,0.0
2022-04-13 00:00:00-04:00,71.12000274658203,74.55000305175781,69.80999755859375,73.4000015258789,474900,0.0,0.0
2022-04-14 00:00:00-04:00,73.4800033569336,73.4800033569336,70.86000061035156,71.98999786376953,525700,0.0,0.0
2022-04-18 00:00:00-04:00,72.0,72.8499984741211,70.33999633789062,71.3499984741211,505000,0.0,0.0
2022-04-19 00:00:00-04:00,70.7699966430664,74.41999816894531,70.0999984741211,72.91000366210938,778100,0.0,0.0
2022-04-20 00:00:00-04:00,72.2300033569336,73.06999969482422,69.30999755859375,69.94999694824219,787300,0.0,0.0
2022-04-21 00:00:00-04:00,70.93000030517578,72.69999694824219,65.36000061035156,65.83999633789062,607100,0.0,0.0
2022-04-22 00:00:00-04:00,66.0,67.94000244140625,64.25,65.91999816894531,746800,0.0,0.0
2022-04-25 00:00:00-04:00,65.72000122070312,69.86000061035156,65.0199966430664,69.76000213623047,912500,0.0,0.0
2022-04-26 00:00:00-04:00,68.7699966430664,70.58999633789062,65.87999725341797,66.05000305175781,846100,0.0,0.0
2022-04-27 00:00:00-04:00,66.06999969482422,67.5,64.5999984741211,64.69000244140625,564900,0.0,0.0
2022-04-28 00:00:00-04:00,65.70999908447266,65.87000274658203,60.06999969482422,64.36000061035156,1062000,0.0,0.0
2022-04-29 00:00:00-04:00,63.79999923706055,65.5,61.540000915527344,61.70000076293945,606400,0.0,0.0
2022-05-02 00:00:00-04:00,61.97999954223633,63.97999954223633,59.5099983215332,62.209999084472656,1193100,0.0,0.0
2022-05-03 00:00:00-04:00,61.81999969482422,63.900001525878906,53.77000045776367,54.65999984741211,2437600,0.0,0.0
2022-05-04 00:00:00-04:00,54.5,56.58000183105469,50.7400016784668,56.209999084472656,1759300,0.0,0.0
2022-05-05 00:00:00-04:00,55.0,55.0,49.619998931884766,50.720001220703125,1826000,0.0,0.0
2022-05-06 00:00:00-04:00,46.959999084472656,47.650001525878906,36.33000183105469,39.31999969482422,5902200,0.0,0.0
2022-05-09 00:00:00-04:00,38.439998626708984,38.529998779296875,29.920000076293945,30.6299991607666,4518500,0.0,0.0
2022-05-10 00:00:00-04:00,31.399999618530273,32.369998931884766,28.5,31.329999923706055,4170700,0.0,0.0
2022-05-11 00:00:00-04:00,30.719999313354492,31.729999542236328,28.31999969482422,28.81999969482422,2713600,0.0,0.0
2022-05-12 00:00:00-04:00,28.059999465942383,31.469999313354492,27.649999618530273,30.850000381469727,2696300,0.0,0.0
2022-05-13 00:00:00-04:00,32.04999923706055,36.11000061035156,32.04999923706055,35.90999984741211,2242900,0.0,0.0
2022-05-16 00:00:00-04:00,35.470001220703125,36.939998626708984,34.47999954223633,35.09000015258789,1620300,0.0,0.0
2022-05-17 00:00:00-04:00,35.849998474121094,35.9900016784668,33.279998779296875,34.470001220703125,2558200,0.0,0.0
2022-05-18 00:00:00-04:00,33.849998474121094,35.0,32.0099983215332,32.209999084472656,1647300,0.0,0.0
2022-05-19 00:00:00-04:00,32.349998474121094,34.880001068115234,31.809999465942383,34.75,3098700,0.0,0.0
2022-05-20 00:00:00-04:00,35.650001525878906,36.9900016784668,33.58000183105469,36.77000045776367,1625900,0.0,0.0
2022-05-23 00:00:00-04:00,36.2599983215332,38.20000076293945,35.040000915527344,37.97999954223633,1806400,0.0,0.0
2022-05-24 00:00:00-04:00,37.0,38.099998474121094,36.130001068115234,37.27000045776367,1867000,0.0,0.0
2022-05-25 00:00:00-04:00,37.0099983215332,37.619998931884766,35.4900016784668,36.4900016784668,1376100,0.0,0.0
2022-05-26 00:00:00-04:00,36.79999923706055,39.709999084472656,35.59000015258789,38.52000045776367,1276700,0.0,0.0
2022-05-27 00:00:00-04:00,39.0,43.290000915527344,39.0,43.0,1372200,0.0,0.0
2022-05-31 00:00:00-04:00,42.86000061035156,44.0,40.20000076293945,40.97999954223633,1363200,0.0,0.0
2022-06-01 00:00:00-04:00,41.45000076293945,42.540000915527344,38.599998474121094,38.650001525878906,1015100,0.0,0.0
2022-06-02 00:00:00-04:00,38.72999954223633,41.86000061035156,38.630001068115234,41.439998626708984,874300,0.0,0.0
2022-06-03 00:00:00-04:00,40.619998931884766,41.0,37.720001220703125,38.029998779296875,1150200,0.0,0.0
2022-06-06 00:00:00-04:00,38.970001220703125,39.70000076293945,37.810001373291016,39.02000045776367,902000,0.0,0.0
2022-06-07 00:00:00-04:00,38.11000061035156,40.380001068115234,37.95000076293945,40.349998474121094,863800,0.0,0.0
2022-06-08 00:00:00-04:00,40.400001525878906,43.400001525878906,40.400001525878906,42.18000030517578,1362500,0.0,0.0
2022-06-09 00:00:00-04:00,41.2599983215332,41.2599983215332,38.75,39.0099983215332,959500,0.0,0.0
2022-06-10 00:00:00-04:00,37.86000061035156,38.88999938964844,36.810001373291016,37.5,1301200,0.0,0.0
2022-06-13 00:00:00-04:00,35.41999816894531,36.45000076293945,34.349998474121094,35.880001068115234,1394300,0.0,0.0
2022-06-14 00:00:00-04:00,37.47999954223633,37.47999954223633,34.099998474121094,36.599998474121094,1512300,0.0,0.0
2022-06-15 00:00:00-04:00,36.939998626708984,39.400001525878906,36.7599983215332,38.41999816894531,1190900,0.0,0.0
2022-06-16 00:00:00-04:00,36.95000076293945,37.349998474121094,35.099998474121094,36.13999938964844,1267200,0.0,0.0
2022-06-17 00:00:00-04:00,36.54999923706055,39.119998931884766,36.54999923706055,37.130001068115234,1435700,0.0,0.0
2022-06-21 00:00:00-04:00,37.849998474121094,39.099998474121094,37.630001068115234,38.2400016784668,1791000,0.0,0.0
2022-06-22 00:00:00-04:00,37.36000061035156,41.599998474121094,37.290000915527344,40.869998931884766,1324300,0.0,0.0
2022-06-23 00:00:00-04:00,41.40999984741211,44.540000915527344,41.209999084472656,44.459999084472656,1427100,0.0,0.0
2022-06-24 00:00:00-04:00,44.7599983215332,46.27000045776367,44.0099983215332,46.25,2121000,0.0,0.0
2022-06-27 00:00:00-04:00,46.209999084472656,46.470001220703125,43.43000030517578,44.40999984741211,1159700,0.0,0.0
2022-06-28 00:00:00-04:00,44.40999984741211,44.88999938964844,41.81999969482422,42.2599983215332,947700,0.0,0.0
2022-06-29 00:00:00-04:00,42.08000183105469,43.529998779296875,41.470001220703125,42.040000915527344,1040800,0.0,0.0
2022-06-30 00:00:00-04:00,41.470001220703125,41.72999954223633,39.04999923706055,40.34000015258789,1365900,0.0,0.0
2022-07-01 00:00:00-04:00,40.38999938964844,43.7599983215332,40.369998931884766,43.65999984741211,833600,0.0,0.0
2022-07-05 00:00:00-04:00,43.650001525878906,47.560001373291016,42.0099983215332,47.439998626708984,1064800,0.0,0.0
2022-07-06 00:00:00-04:00,47.2599983215332,48.400001525878906,45.150001525878906,46.52000045776367,922200,0.0,0.0
2022-07-07 00:00:00-04:00,46.25,50.70000076293945,46.150001525878906,50.65999984741211,999300,0.0,0.0
2022-07-08 00:00:00-04:00,49.33000183105469,52.060001373291016,48.709999084472656,50.38999938964844,718400,0.0,0.0
2022-07-11 00:00:00-04:00,50.400001525878906,50.63999938964844,47.0,47.119998931884766,958600,0.0,0.0
2022-07-12 00:00:00-04:00,47.470001220703125,48.5099983215332,45.40999984741211,48.130001068115234,741300,0.0,0.0
2022-07-13 00:00:00-04:00,46.630001068115234,50.02000045776367,46.0,48.34000015258789,613400,0.0,0.0
2022-07-14 00:00:00-04:00,48.58000183105469,48.58000183105469,45.79999923706055,48.060001373291016,1069400,0.0,0.0
2022-07-15 00:00:00-04:00,48.150001525878906,49.25,45.38999938964844,48.709999084472656,1367900,0.0,0.0
2022-07-18 00:00:00-04:00,49.4900016784668,49.84000015258789,43.4900016784668,44.16999816894531,1338100,0.0,0.0
2022-07-19 00:00:00-04:00,44.810001373291016,47.02000045776367,44.630001068115234,46.43000030517578,805500,0.0,0.0
2022-07-20 00:00:00-04:00,47.45000076293945,49.9900016784668,47.38999938964844,48.45000076293945,825000,0.0,0.0
2022-07-21 00:00:00-04:00,48.560001373291016,51.11000061035156,48.47999954223633,50.7400016784668,806900,0.0,0.0
2022-07-22 00:00:00-04:00,50.61000061035156,50.95000076293945,47.369998931884766,48.43000030517578,747200,0.0,0.0
2022-07-25 00:00:00-04:00,48.689998626708984,49.63999938964844,47.52000045776367,49.529998779296875,822600,0.0,0.0
2022-07-26 00:00:00-04:00,49.22999954223633,49.22999954223633,47.61000061035156,48.20000076293945,1136800,0.0,0.0
2022-07-27 00:00:00-04:00,49.04999923706055,50.630001068115234,47.66999816894531,50.2400016784668,860700,0.0,0.0
2022-07-28 00:00:00-04:00,50.20000076293945,52.880001068115234,49.5,51.58000183105469,949400,0.0,0.0
2022-07-29 00:00:00-04:00,52.02000045776367,52.2599983215332,49.86000061035156,50.16999816894531,1146100,0.0,0.0
2022-08-01 00:00:00-04:00,49.439998626708984,50.41999816894531,47.52000045776367,48.380001068115234,1740400,0.0,0.0
2022-08-02 00:00:00-04:00,47.61000061035156,51.709999084472656,47.40999984741211,50.70000076293945,1221500,0.0,0.0
2022-08-03 00:00:00-04:00,51.45000076293945,52.47999954223633,50.880001068115234,52.08000183105469,716100,0.0,0.0
2022-08-04 00:00:00-04:00,51.41999816894531,53.779998779296875,50.88999938964844,51.09000015258789,1006800,0.0,0.0
2022-08-05 00:00:00-04:00,47.04999923706055,52.93000030517578,45.650001525878906,52.91999816894531,1883900,0.0,0.0
2022-08-08 00:00:00-04:00,53.599998474121094,57.290000915527344,53.599998474121094,54.5,1024300,0.0,0.0
2022-08-09 00:00:00-04:00,53.77000045776367,53.77000045776367,48.560001373291016,48.959999084472656,1344900,0.0,0.0
2022-08-10 00:00:00-04:00,50.599998474121094,53.15999984741211,49.630001068115234,53.08000183105469,1234600,0.0,0.0
2022-08-11 00:00:00-04:00,53.560001373291016,56.45000076293945,52.41999816894531,53.130001068115234,1391700,0.0,0.0
2022-08-12 00:00:00-04:00,53.47999954223633,54.959999084472656,53.0,54.18000030517578,527000,0.0,0.0
2022-08-15 00:00:00-04:00,54.15999984741211,56.849998474121094,53.75,55.040000915527344,629900,0.0,0.0
2022-08-16 00:00:00-04:00,54.540000915527344,54.540000915527344,51.22999954223633,53.16999816894531,802200,0.0,0.0
2022-08-17 00:00:00-04:00,51.91999816894531,52.720001220703125,51.0099983215332,51.41999816894531,836500,0.0,0.0
2022-08-18 00:00:00-04:00,51.34000015258789,51.34000015258789,48.70000076293945,50.36000061035156,732300,0.0,0.0
2022-08-19 00:00:00-04:00,49.15999984741211,50.70000076293945,47.09000015258789,47.7599983215332,670000,0.0,0.0
2022-08-22 00:00:00-04:00,47.0099983215332,48.470001220703125,46.2599983215332,47.13999938964844,517400,0.0,0.0
2022-08-23 00:00:00-04:00,47.2400016784668,49.27000045776367,46.31999969482422,47.970001220703125,709600,0.0,0.0
2022-08-24 00:00:00-04:00,48.459999084472656,50.869998931884766,47.560001373291016,50.349998474121094,828100,0.0,0.0
2022-08-25 00:00:00-04:00,52.04999923706055,54.029998779296875,50.59000015258789,53.869998931884766,761100,0.0,0.0
2022-08-26 00:00:00-04:00,53.68000030517578,53.68000030517578,49.70000076293945,50.27000045776367,697600,0.0,0.0
2022-08-29 00:00:00-04:00,48.540000915527344,50.689998626708984,48.349998474121094,50.150001525878906,687800,0.0,0.0
2022-08-30 00:00:00-04:00,51.0099983215332,52.43000030517578,48.08000183105469,48.220001220703125,574300,0.0,0.0
2022-08-31 00:00:00-04:00,49.400001525878906,51.869998931884766,49.400001525878906,50.060001373291016,667600,0.0,0.0
2022-09-01 00:00:00-04:00,49.130001068115234,49.130001068115234,46.86000061035156,49.06999969482422,887300,0.0,0.0
2022-09-02 00:00:00-04:00,49.5,53.20000076293945,48.400001525878906,53.11000061035156,1222100,0.0,0.0
2022-09-06 00:00:00-04:00,53.029998779296875,53.029998779296875,50.560001373291016,51.15999984741211,777600,0.0,0.0
2022-09-07 00:00:00-04:00,51.22999954223633,55.880001068115234,51.22999954223633,55.75,975400,0.0,0.0
2022-09-08 00:00:00-04:00,55.599998474121094,58.29999923706055,54.790000915527344,57.97999954223633,839900,0.0,0.0
2022-09-09 00:00:00-04:00,58.459999084472656,59.97999954223633,57.65999984741211,59.279998779296875,720000,0.0,0.0
2022-09-12 00:00:00-04:00,59.400001525878906,61.66999816894531,58.70000076293945,61.0,900800,0.0,0.0
2022-09-13 00:00:00-04:00,57.68000030517578,60.040000915527344,56.83000183105469,59.18000030517578,1145900,0.0,0.0
2022-09-14 00:00:00-04:00,59.130001068115234,59.75,57.04999923706055,59.18000030517578,846900,0.0,0.0
2022-09-15 00:00:00-04:00,58.75,60.5099983215332,57.900001525878906,58.88999938964844,907700,0.0,0.0
2022-09-16 00:00:00-04:00,57.5,57.54999923706055,54.369998931884766,56.08000183105469,1386900,0.0,0.0
2022-09-19 00:00:00-04:00,55.36000061035156,56.08000183105469,53.34000015258789,55.02000045776367,802300,0.0,0.0
2022-09-20 00:00:00-04:00,54.90999984741211,56.95000076293945,54.36000061035156,55.650001525878906,629800,0.0,0.0
2022-09-21 00:00:00-04:00,56.18000030517578,57.13999938964844,53.709999084472656,53.720001220703125,468100,0.0,0.0
2022-09-22 00:00:00-04:00,52.5,53.25,49.09000015258789,49.83000183105469,850100,0.0,0.0
2022-09-23 00:00:00-04:00,48.939998626708984,49.93000030517578,47.790000915527344,48.959999084472656,596300,0.0,0.0
2022-09-26 00:00:00-04:00,48.59000015258789,50.400001525878906,47.810001373291016,48.04999923706055,578000,0.0,0.0
2022-09-27 00:00:00-04:00,49.220001220703125,50.5,48.439998626708984,49.59000015258789,678200,0.0,0.0
2022-09-28 00:00:00-04:00,50.56999969482422,55.150001525878906,50.18000030517578,54.88999938964844,904700,0.0,0.0
2022-09-29 00:00:00-04:00,54.220001220703125,54.54999923706055,51.439998626708984,53.720001220703125,635100,0.0,0.0
2022-09-30 00:00:00-04:00,53.43000030517578,56.09000015258789,53.099998474121094,53.83000183105469,965600,0.0,0.0
2022-10-03 00:00:00-04:00,54.7599983215332,55.529998779296875,52.29999923706055,54.83000183105469,1098000,0.0,0.0
2022-10-04 00:00:00-04:00,56.810001373291016,60.18000030517578,56.810001373291016,59.619998931884766,1109800,0.0,0.0
2022-10-05 00:00:00-04:00,58.349998474121094,59.83000183105469,56.68000030517578,59.779998779296875,1111100,0.0,0.0
2022-10-06 00:00:00-04:00,61.4900016784668,62.75,58.16999816894531,59.77000045776367,1117500,0.0,0.0
2022-10-07 00:00:00-04:00,57.84000015258789,59.0,55.5,55.75,1157600,0.0,0.0
2022-10-10 00:00:00-04:00,55.650001525878906,55.650001525878906,50.189998626708984,51.7400016784668,1617500,0.0,0.0
2022-10-11 00:00:00-04:00,51.119998931884766,52.11000061035156,47.5,50.0099983215332,1331000,0.0,0.0
2022-10-12 00:00:00-04:00,49.709999084472656,52.02000045776367,48.41999816894531,51.849998474121094,895800,0.0,0.0
2022-10-13 00:00:00-04:00,49.41999816894531,52.279998779296875,48.59000015258789,50.529998779296875,902200,0.0,0.0
2022-10-14 00:00:00-04:00,52.41999816894531,52.41999816894531,48.689998626708984,48.7599983215332,586000,0.0,0.0
2022-10-17 00:00:00-04:00,49.810001373291016,51.2400016784668,49.470001220703125,50.040000915527344,1038800,0.0,0.0
2022-10-18 00:00:00-04:00,51.66999816894531,52.599998474121094,45.77000045776367,47.27000045776367,2459100,0.0,0.0
2022-10-19 00:00:00-04:00,47.209999084472656,47.209999084472656,42.95000076293945,43.79999923706055,1629200,0.0,0.0
2022-10-20 00:00:00-04:00,43.34000015258789,46.13999938964844,42.209999084472656,45.099998474121094,1512700,0.0,0.0
2022-10-21 00:00:00-04:00,44.91999816894531,44.91999816894531,42.58000183105469,44.459999084472656,801300,0.0,0.0
2022-10-24 00:00:00-04:00,44.83000183105469,44.880001068115234,41.90999984741211,42.720001220703125,1320800,0.0,0.0
2022-10-25 00:00:00-04:00,43.54999923706055,48.540000915527344,43.20000076293945,46.709999084472656,1272500,0.0,0.0
2022-10-26 00:00:00-04:00,46.540000915527344,49.38999938964844,46.04999923706055,48.060001373291016,877900,0.0,0.0
2022-10-27 00:00:00-04:00,48.2400016784668,49.060001373291016,46.61000061035156,47.84000015258789,818600,0.0,0.0
2022-10-28 00:00:00-04:00,47.119998931884766,48.0099983215332,45.099998474121094,47.86000061035156,728100,0.0,0.0
2022-10-31 00:00:00-04:00,47.5099983215332,49.88999938964844,47.5099983215332,49.5,1038400,0.0,0.0
2022-11-01 00:00:00-04:00,48.83000183105469,50.099998474121094,48.029998779296875,49.59000015258789,1256200,0.0,0.0
2022-11-02 00:00:00-04:00,49.790000915527344,49.790000915527344,45.779998779296875,45.779998779296875,1827300,0.0,0.0
2022-11-03 00:00:00-04:00,44.84000015258789,47.0099983215332,44.13999938964844,45.04999923706055,1940300,0.0,0.0
2022-11-04 00:00:00-04:00,43.54999923706055,47.79999923706055,40.34000015258789,47.27000045776367,2009400,0.0,0.0
2022-11-07 00:00:00-05:00,47.970001220703125,48.61000061035156,46.59000015258789,47.20000076293945,1074900,0.0,0.0
2022-11-08 00:00:00-05:00,46.79999923706055,47.52000045776367,43.70000076293945,44.349998474121094,1476100,0.0,0.0
2022-11-09 00:00:00-05:00,44.0,44.0,41.290000915527344,41.41999816894531,972800,0.0,0.0
2022-11-10 00:00:00-05:00,44.43000030517578,49.290000915527344,44.43000030517578,49.2599983215332,1563800,0.0,0.0
2022-11-11 00:00:00-05:00,49.4900016784668,54.470001220703125,49.470001220703125,53.540000915527344,2114000,0.0,0.0
2022-11-14 00:00:00-05:00,52.68000030517578,53.310001373291016,48.20000076293945,48.25,1250800,0.0,0.0
2022-11-15 00:00:00-05:00,51.0,52.7599983215332,50.099998474121094,51.25,960400,0.0,0.0
2022-11-16 00:00:00-05:00,50.79999923706055,50.81999969482422,48.470001220703125,49.459999084472656,715000,0.0,0.0
2022-11-17 00:00:00-05:00,48.7400016784668,49.029998779296875,46.20000076293945,48.40999984741211,789300,0.0,0.0
2022-11-18 00:00:00-05:00,49.25,49.7400016784668,46.88999938964844,48.16999816894531,898800,0.0,0.0
2022-11-21 00:00:00-05:00,47.529998779296875,49.099998474121094,47.220001220703125,48.18000030517578,731600,0.0,0.0
2022-11-22 00:00:00-05:00,47.91999816894531,48.38999938964844,46.150001525878906,47.029998779296875,741700,0.0,0.0
2022-11-23 00:00:00-05:00,47.06999969482422,50.349998474121094,47.04999923706055,50.06999969482422,527500,0.0,0.0
2022-11-25 00:00:00-05:00,49.709999084472656,51.560001373291016,49.290000915527344,51.52000045776367,375300,0.0,0.0
2022-11-28 00:00:00-05:00,51.15999984741211,52.849998474121094,50.33000183105469,51.099998474121094,698800,0.0,0.0
2022-11-29 00:00:00-05:00,51.599998474121094,52.02000045776367,49.220001220703125,49.5,463700,0.0,0.0
2022-11-30 00:00:00-05:00,49.7400016784668,52.349998474121094,48.72999954223633,52.34000015258789,908600,0.0,0.0
2022-12-01 00:00:00-05:00,52.529998779296875,54.0,51.91999816894531,52.40999984741211,562400,0.0,0.0
2022-12-02 00:00:00-05:00,50.959999084472656,54.150001525878906,49.599998474121094,53.810001373291016,624800,0.0,0.0
2022-12-05 00:00:00-05:00,53.189998626708984,53.58000183105469,50.7400016784668,51.95000076293945,627200,0.0,0.0
2022-12-06 00:00:00-05:00,51.95000076293945,52.2599983215332,48.47999954223633,49.5099983215332,763000,0.0,0.0
2022-12-07 00:00:00-05:00,49.09000015258789,50.15999984741211,47.86000061035156,48.220001220703125,572300,0.0,0.0
2022-12-08 00:00:00-05:00,48.599998474121094,50.47999954223633,47.189998626708984,47.349998474121094,860300,0.0,0.0
2022-12-09 00:00:00-05:00,47.06999969482422,47.91999816894531,46.189998626708984,46.40999984741211,701200,0.0,0.0
2022-12-12 00:00:00-05:00,46.20000076293945,47.15999984741211,45.400001525878906,45.970001220703125,694300,0.0,0.0
2022-12-13 00:00:00-05:00,48.7599983215332,50.11000061035156,44.40999984741211,44.779998779296875,989200,0.0,0.0
2022-12-14 00:00:00-05:00,44.459999084472656,44.849998474121094,39.970001220703125,42.2400016784668,1790800,0.0,0.0
2022-12-15 00:00:00-05:00,40.970001220703125,42.25,39.91999816894531,41.2599983215332,2539600,0.0,0.0
2022-12-16 00:00:00-05:00,30.010000228881836,31.170000076293945,27.75,30.059999465942383,14447800,0.0,0.0
2022-12-19 00:00:00-05:00,30.25,31.530000686645508,29.40999984741211,30.229999542236328,3632900,0.0,0.0
2022-12-20 00:00:00-05:00,29.729999542236328,30.760000228881836,29.260000228881836,30.0,2656400,0.0,0.0
2022-12-21 00:00:00-05:00,30.100000381469727,30.90999984741211,29.549999237060547,30.389999389648438,1962100,0.0,0.0
2022-12-22 00:00:00-05:00,29.75,31.200000762939453,29.520000457763672,30.239999771118164,1740900,0.0,0.0
2022-12-23 00:00:00-05:00,29.979999542236328,30.079999923706055,27.850000381469727,27.899999618530273,2951700,0.0,0.0
2022-12-27 00:00:00-05:00,27.389999389648438,27.829999923706055,25.25,25.6299991607666,2723900,0.0,0.0
2022-12-28 00:00:00-05:00,25.299999237060547,25.889999389648438,24.6299991607666,25.440000534057617,1823500,0.0,0.0
2022-12-29 00:00:00-05:00,25.84000015258789,27.469999313354492,25.3700008392334,27.049999237060547,1876900,0.0,0.0
2022-12-30 00:00:00-05:00,26.3799991607666,27.329999923706055,25.690000534057617,27.200000762939453,1468900,0.0,0.0
2023-01-03 00:00:00-05:00,27.979999542236328,28.399999618530273,26.290000915527344,27.0,1320200,0.0,0.0
2023-01-04 00:00:00-05:00,27.43000030517578,27.600000381469727,26.200000762939453,26.700000762939453,1245200,0.0,0.0
2023-01-05 00:00:00-05:00,27.030000686645508,27.59000015258789,25.860000610351562,27.030000686645508,1724600,0.0,0.0
2023-01-06 00:00:00-05:00,27.579999923706055,28.170000076293945,25.649999618530273,25.950000762939453,2191700,0.0,0.0
2023-01-09 00:00:00-05:00,28.0,29.270000457763672,27.510000228881836,27.790000915527344,2076400,0.0,0.0
2023-01-10 00:00:00-05:00,27.290000915527344,29.450000762939453,27.290000915527344,29.139999389648438,1875500,0.0,0.0
2023-01-11 00:00:00-05:00,29.170000076293945,31.200000762939453,28.649999618530273,30.770000457763672,2105600,0.0,0.0
2023-01-12 00:00:00-05:00,31.209999084472656,31.559999465942383,29.399999618530273,30.65999984741211,1093400,0.0,0.0
2023-01-13 00:00:00-05:00,30.200000762939453,30.90999984741211,29.75,30.43000030517578,1381100,0.0,0.0
2023-01-17 00:00:00-05:00,30.270000457763672,31.559999465942383,29.709999084472656,31.1200008392334,2464700,0.0,0.0
2023-01-18 00:00:00-05:00,31.959999084472656,34.11000061035156,31.799999237060547,32.0,1757700,0.0,0.0
2023-01-19 00:00:00-05:00,31.68000030517578,31.979999542236328,30.299999237060547,31.670000076293945,1754500,0.0,0.0
2023-01-20 00:00:00-05:00,32.22999954223633,32.22999954223633,29.440000534057617,31.700000762939453,1858000,0.0,0.0
2023-01-23 00:00:00-05:00,31.829999923706055,34.13999938964844,31.600000381469727,33.7599983215332,1968700,0.0,0.0
2023-01-24 00:00:00-05:00,33.54999923706055,34.36000061035156,32.34000015258789,32.47999954223633,1222200,0.0,0.0
2023-01-25 00:00:00-05:00,31.899999618530273,31.899999618530273,30.149999618530273,31.6299991607666,892900,0.0,0.0
2023-01-26 00:00:00-05:00,32.27000045776367,32.65999984741211,30.469999313354492,31.06999969482422,646900,0.0,0.0
2023-01-27 00:00:00-05:00,30.739999771118164,31.8799991607666,30.59000015258789,31.479999542236328,1001400,0.0,0.0
2023-01-30 00:00:00-05:00,31.15999984741211,31.459999084472656,30.360000610351562,30.8700008392334,1137400,0.0,0.0
2023-01-31 00:00:00-05:00,31.030000686645508,32.099998474121094,30.969999313354492,31.43000030517578,1714100,0.0,0.0
2023-02-01 00:00:00-05:00,31.93000030517578,32.54999923706055,31.149999618530273,32.0099983215332,1740100,0.0,0.0
2023-02-02 00:00:00-05:00,32.970001220703125,34.349998474121094,32.18000030517578,32.38999938964844,2939000,0.0,0.0
2023-02-03 00:00:00-05:00,31.290000915527344,32.52000045776367,30.59000015258789,31.940000534057617,1850400,0.0,0.0
2023-02-06 00:00:00-05:00,31.3799991607666,31.770000457763672,29.520000457763672,29.559999465942383,1668000,0.0,0.0
2023-02-07 00:00:00-05:00,29.690000534057617,29.690000534057617,27.770000457763672,28.559999465942383,2085600,0.0,0.0
2023-02-08 00:00:00-05:00,28.530000686645508,31.34000015258789,28.530000686645508,29.770000457763672,2730800,0.0,0.0
2023-02-09 00:00:00-05:00,30.229999542236328,30.280000686645508,28.219999313354492,28.399999618530273,1210000,0.0,0.0
2023-02-10 00:00:00-05:00,28.0,28.389999389648438,27.200000762939453,27.989999771118164,1199100,0.0,0.0
2023-02-13 00:00:00-05:00,28.149999618530273,28.739999771118164,27.670000076293945,27.84000015258789,1158100,0.0,0.0
2023-02-14 00:00:00-05:00,27.489999771118164,29.1299991607666,27.15999984741211,27.920000076293945,1497100,0.0,0.0
2023-02-15 00:00:00-05:00,28.0,29.020000457763672,27.790000915527344,28.969999313354492,779400,0.0,0.0
2023-02-16 00:00:00-05:00,28.600000381469727,29.760000228881836,28.459999084472656,28.690000534057617,3515900,0.0,0.0
2023-02-17 00:00:00-05:00,28.56999969482422,28.850000381469727,27.8700008392334,28.450000762939453,4645800,0.0,0.0
2023-02-21 00:00:00-05:00,27.84000015258789,28.1200008392334,27.079999923706055,27.149999618530273,2815400,0.0,0.0
2023-02-22 00:00:00-05:00,27.799999237060547,27.889999389648438,26.780000686645508,27.65999984741211,2638600,0.0,0.0
2023-02-23 00:00:00-05:00,27.59000015258789,27.850000381469727,25.530000686645508,25.860000610351562,4646100,0.0,0.0
2023-02-24 00:00:00-05:00,26.700000762939453,29.670000076293945,25.850000381469727,28.8799991607666,4855200,0.0,0.0
2023-02-27 00:00:00-05:00,28.93000030517578,30.6299991607666,28.389999389648438,30.350000381469727,2513900,0.0,0.0
2023-02-28 00:00:00-05:00,30.110000610351562,31.81999969482422,29.84000015258789,30.889999389648438,2325200,0.0,0.0
2023-03-01 00:00:00-05:00,30.760000228881836,30.979999542236328,29.059999465942383,29.360000610351562,1899400,0.0,0.0
2023-03-02 00:00:00-05:00,29.0,31.780000686645508,28.739999771118164,31.510000228881836,1654500,0.0,0.0
2023-03-03 00:00:00-05:00,31.610000610351562,32.709999084472656,31.59000015258789,32.08000183105469,1370900,0.0,0.0
2023-03-06 00:00:00-05:00,32.119998931884766,32.209999084472656,30.200000762939453,30.229999542236328,2207100,0.0,0.0
2023-03-07 00:00:00-05:00,30.06999969482422,30.389999389648438,29.34000015258789,29.799999237060547,1890800,0.0,0.0
2023-03-08 00:00:00-05:00,29.75,29.75,28.670000076293945,28.8799991607666,967400,0.0,0.0
2023-03-09 00:00:00-05:00,27.950000762939453,28.649999618530273,26.829999923706055,26.940000534057617,1486100,0.0,0.0
2023-03-10 00:00:00-05:00,26.780000686645508,26.860000610351562,24.209999084472656,25.010000228881836,3229700,0.0,0.0
2023-03-13 00:00:00-04:00,24.639999389648438,26.239999771118164,24.200000762939453,25.860000610351562,2349500,0.0,0.0
2023-03-14 00:00:00-04:00,26.59000015258789,27.049999237060547,25.959999084472656,26.690000534057617,1446800,0.0,0.0
2023-03-15 00:00:00-04:00,26.100000381469727,26.799999237060547,25.700000762939453,26.780000686645508,878300,0.0,0.0
2023-03-16 00:00:00-04:00,27.649999618530273,29.3799991607666,27.450000762939453,28.260000228881836,2229300,0.0,0.0
2023-03-17 00:00:00-04:00,28.739999771118164,28.739999771118164,27.260000228881836,27.940000534057617,1838200,0.0,0.0
2023-03-20 00:00:00-04:00,27.440000534057617,27.440000534057617,25.920000076293945,25.950000762939453,1448500,0.0,0.0
2023-03-21 00:00:00-04:00,26.040000915527344,26.979999542236328,25.799999237060547,26.549999237060547,3499000,0.0,0.0
2023-03-22 00:00:00-04:00,26.610000610351562,26.770000457763672,25.1200008392334,25.139999389648438,2918000,0.0,0.0
2023-03-23 00:00:00-04:00,25.280000686645508,25.65999984741211,23.829999923706055,24.479999542236328,4975000,0.0,0.0
2023-03-24 00:00:00-04:00,24.389999389648438,24.389999389648438,23.219999313354492,24.18000030517578,2271300,0.0,0.0
2023-03-27 00:00:00-04:00,24.5,24.889999389648438,23.899999618530273,24.329999923706055,1334600,0.0,0.0
2023-03-28 00:00:00-04:00,24.200000762939453,24.309999465942383,22.760000228881836,22.979999542236328,1423400,0.0,0.0
2023-03-29 00:00:00-04:00,23.329999923706055,24.110000610351562,23.200000762939453,23.59000015258789,1887300,0.0,0.0
2023-03-30 00:00:00-04:00,23.940000534057617,24.229999542236328,22.389999389648438,22.920000076293945,1861000,0.0,0.0
2023-03-31 00:00:00-04:00,23.229999542236328,23.8799991607666,23.1200008392334,23.440000534057617,2099800,0.0,0.0
2023-04-03 00:00:00-04:00,23.489999771118164,24.3799991607666,23.1299991607666,24.059999465942383,2028700,0.0,0.0
2023-04-04 00:00:00-04:00,24.200000762939453,24.299999237060547,23.450000762939453,23.799999237060547,1029400,0.0,0.0
2023-04-05 00:00:00-04:00,23.65999984741211,23.75,23.149999618530273,23.600000381469727,1361200,0.0,0.0
2023-04-06 00:00:00-04:00,23.6299991607666,24.09000015258789,23.020000457763672,23.6299991607666,1241000,0.0,0.0
2023-04-10 00:00:00-04:00,23.5,23.989999771118164,23.1200008392334,23.8799991607666,726200,0.0,0.0
2023-04-11 00:00:00-04:00,24.030000686645508,24.850000381469727,23.959999084472656,24.549999237060547,1042700,0.0,0.0
2023-04-12 00:00:00-04:00,24.850000381469727,25.469999313354492,23.850000381469727,24.489999771118164,1333800,0.0,0.0
2023-04-13 00:00:00-04:00,24.770000457763672,25.270000457763672,24.56999969482422,24.809999465942383,774100,0.0,0.0
2023-04-14 00:00:00-04:00,24.93000030517578,25.100000381469727,24.15999984741211,24.5,960200,0.0,0.0
2023-04-17 00:00:00-04:00,24.520000457763672,25.290000915527344,24.329999923706055,25.0,1127600,0.0,0.0
2023-04-18 00:00:00-04:00,25.479999542236328,25.479999542236328,24.459999084472656,24.549999237060547,1875300,0.0,0.0
2023-04-19 00:00:00-04:00,24.270000457763672,25.360000610351562,23.969999313354492,25.18000030517578,686300,0.0,0.0
2023-04-20 00:00:00-04:00,24.770000457763672,24.81999969482422,24.239999771118164,24.600000381469727,883300,0.0,0.0
2023-04-21 00:00:00-04:00,24.790000915527344,24.850000381469727,24.260000228881836,24.510000228881836,1368200,0.0,0.0
2023-04-24 00:00:00-04:00,24.469999313354492,24.469999313354492,22.989999771118164,23.06999969482422,2417800,0.0,0.0
2023-04-25 00:00:00-04:00,22.850000381469727,22.850000381469727,21.31999969482422,21.450000762939453,1691200,0.0,0.0
2023-04-26 00:00:00-04:00,21.389999389648438,21.610000610351562,20.790000915527344,20.940000534057617,1067000,0.0,0.0
2023-04-27 00:00:00-04:00,21.06999969482422,21.760000228881836,20.670000076293945,21.68000030517578,1184400,0.0,0.0
2023-04-28 00:00:00-04:00,21.68000030517578,22.8799991607666,21.100000381469727,22.559999465942383,1057100,0.0,0.0
2023-05-01 00:00:00-04:00,22.290000915527344,22.59000015258789,21.43000030517578,22.510000228881836,1727700,0.0,0.0
2023-05-02 00:00:00-04:00,22.450000762939453,22.549999237060547,21.200000762939453,21.440000534057617,1385800,0.0,0.0
2023-05-03 00:00:00-04:00,21.489999771118164,23.389999389648438,21.329999923706055,23.059999465942383,1671500,0.0,0.0
2023-05-04 00:00:00-04:00,23.059999465942383,23.389999389648438,22.389999389648438,22.90999984741211,1911800,0.0,0.0
2023-05-05 00:00:00-04:00,23.700000762939453,24.459999084472656,23.030000686645508,23.649999618530273,2257100,0.0,0.0
2023-05-08 00:00:00-04:00,23.719999313354492,23.8799991607666,22.75,23.530000686645508,1266400,0.0,0.0
2023-05-09 00:00:00-04:00,23.270000457763672,24.219999313354492,23.049999237060547,23.989999771118164,2732500,0.0,0.0
2023-05-10 00:00:00-04:00,25.989999771118164,28.3799991607666,25.700000762939453,27.56999969482422,3914400,0.0,0.0
2023-05-11 00:00:00-04:00,27.920000076293945,28.329999923706055,27.059999465942383,27.110000610351562,2011900,0.0,0.0
2023-05-12 00:00:00-04:00,27.1299991607666,27.149999618530273,25.8700008392334,26.3700008392334,1408400,0.0,0.0
2023-05-15 00:00:00-04:00,26.149999618530273,28.1299991607666,26.079999923706055,27.889999389648438,2036800,0.0,0.0
2023-05-16 00:00:00-04:00,27.459999084472656,27.739999771118164,26.829999923706055,27.25,1368800,0.0,0.0
2023-05-17 00:00:00-04:00,28.149999618530273,29.31999969482422,27.940000534057617,29.049999237060547,2864800,0.0,0.0
2023-05-18 00:00:00-04:00,28.93000030517578,30.559999465942383,28.799999237060547,29.520000457763672,2012800,0.0,0.0
2023-05-19 00:00:00-04:00,29.670000076293945,30.510000228881836,29.670000076293945,30.059999465942383,1632400,0.0,0.0
2023-05-22 00:00:00-04:00,30.0,31.170000076293945,29.899999618530273,30.799999237060547,920600,0.0,0.0
2023-05-23 00:00:00-04:00,30.440000534057617,30.959999084472656,29.709999084472656,29.790000915527344,8480400,0.0,0.0
2023-05-24 00:00:00-04:00,29.399999618530273,29.969999313354492,27.920000076293945,28.610000610351562,5215900,0.0,0.0
2023-05-25 00:00:00-04:00,28.940000534057617,29.459999084472656,27.829999923706055,27.8700008392334,3722400,0.0,0.0
2023-05-26 00:00:00-04:00,30.0,30.0,28.010000228881836,28.079999923706055,2994700,0.0,0.0
2023-05-30 00:00:00-04:00,28.709999084472656,29.690000534057617,27.989999771118164,28.65999984741211,7494400,0.0,0.0
2023-05-31 00:00:00-04:00,28.649999618530273,29.40999984741211,28.389999389648438,29.31999969482422,2571800,0.0,0.0
2023-06-01 00:00:00-04:00,29.520000457763672,31.729999542236328,29.299999237060547,31.389999389648438,2266000,0.0,0.0
2023-06-02 00:00:00-04:00,32.060001373291016,32.59000015258789,31.34000015258789,32.38999938964844,1585800,0.0,0.0
2023-06-05 00:00:00-04:00,32.34000015258789,32.93000030517578,31.56999969482422,32.38999938964844,1382900,0.0,0.0
2023-06-06 00:00:00-04:00,32.38999938964844,33.40999984741211,31.940000534057617,32.66999816894531,1102300,0.0,0.0
2023-06-07 00:00:00-04:00,33.099998474121094,33.689998626708984,32.439998626708984,32.84000015258789,1429700,0.0,0.0
2023-06-08 00:00:00-04:00,32.95000076293945,33.099998474121094,32.189998626708984,32.59000015258789,1034000,0.0,0.0
2023-06-09 00:00:00-04:00,32.79999923706055,33.16999816894531,32.369998931884766,32.86000061035156,1007300,0.0,0.0
2023-06-12 00:00:00-04:00,33.15999984741211,34.75,32.599998474121094,34.72999954223633,2721100,0.0,0.0
2023-06-13 00:00:00-04:00,34.959999084472656,37.68000030517578,34.869998931884766,37.650001525878906,3136000,0.0,0.0
2023-06-14 00:00:00-04:00,38.290000915527344,38.52000045776367,37.11000061035156,38.0099983215332,3299200,0.0,0.0
2023-06-15 00:00:00-04:00,37.54999923706055,38.459999084472656,37.2400016784668,37.86000061035156,1593300,0.0,0.0
2023-06-16 00:00:00-04:00,38.150001525878906,38.150001525878906,36.83000183105469,37.09000015258789,1452300,0.0,0.0
2023-06-20 00:00:00-04:00,36.790000915527344,37.459999084472656,36.400001525878906,37.22999954223633,1133900,0.0,0.0
2023-06-21 00:00:00-04:00,36.900001525878906,37.040000915527344,35.400001525878906,36.560001373291016,2181900,0.0,0.0
2023-06-22 00:00:00-04:00,36.5,37.59000015258789,35.810001373291016,37.5,1737900,0.0,0.0
2023-06-23 00:00:00-04:00,36.90999984741211,37.099998474121094,34.91999816894531,35.529998779296875,15264700,0.0,0.0
2023-06-26 00:00:00-04:00,35.27000045776367,36.470001220703125,34.970001220703125,35.66999816894531,1511100,0.0,0.0
2023-06-27 00:00:00-04:00,35.83000183105469,37.52000045776367,35.45000076293945,36.86000061035156,1736900,0.0,0.0
2023-06-28 00:00:00-04:00,36.75,36.83000183105469,35.58000183105469,36.7599983215332,1447800,0.0,0.0
2023-06-29 00:00:00-04:00,36.83000183105469,37.38999938964844,36.22999954223633,36.290000915527344,1694800,0.0,0.0
2023-06-30 00:00:00-04:00,36.36000061035156,37.08000183105469,35.77000045776367,35.79999923706055,1249200,0.0,0.0
2023-07-03 00:00:00-04:00,35.61000061035156,35.9900016784668,35.119998931884766,35.34000015258789,482100,0.0,0.0
2023-07-05 00:00:00-04:00,35.310001373291016,36.58000183105469,34.900001525878906,36.349998474121094,1319500,0.0,0.0
2023-07-06 00:00:00-04:00,35.63999938964844,36.45000076293945,34.75,36.36000061035156,1343300,0.0,0.0
2023-07-07 00:00:00-04:00,36.34000015258789,37.709999084472656,36.25,37.189998626708984,1780200,0.0,0.0
2023-07-10 00:00:00-04:00,37.25,38.56999969482422,37.06999969482422,38.2599983215332,1498700,0.0,0.0
2023-07-11 00:00:00-04:00,38.279998779296875,38.65999984741211,37.47999954223633,38.119998931884766,1543000,0.0,0.0
2023-07-12 00:00:00-04:00,38.41999816894531,38.68000030517578,37.63999938964844,37.7599983215332,1639400,0.0,0.0
2023-07-13 00:00:00-04:00,37.970001220703125,39.09000015258789,37.619998931884766,38.84000015258789,1034400,0.0,0.0
2023-07-14 00:00:00-04:00,38.84000015258789,39.09000015258789,37.619998931884766,38.31999969482422,1019100,0.0,0.0
2023-07-17 00:00:00-04:00,38.13999938964844,38.52000045776367,37.47999954223633,37.869998931884766,1214100,0.0,0.0
2023-07-18 00:00:00-04:00,38.15999984741211,38.439998626708984,37.560001373291016,37.880001068115234,1509700,0.0,0.0
2023-07-19 00:00:00-04:00,38.13999938964844,39.33000183105469,37.7599983215332,37.93000030517578,1439700,0.0,0.0
2023-07-20 00:00:00-04:00,37.470001220703125,38.06999969482422,36.849998474121094,37.310001373291016,1206600,0.0,0.0
2023-07-21 00:00:00-04:00,37.56999969482422,38.720001220703125,37.529998779296875,37.65999984741211,1399800,0.0,0.0
2023-07-24 00:00:00-04:00,37.599998474121094,38.04999923706055,36.81999969482422,36.97999954223633,959500,0.0,0.0
2023-07-25 00:00:00-04:00,36.81999969482422,39.02000045776367,36.81999969482422,38.79999923706055,1317800,0.0,0.0
2023-07-26 00:00:00-04:00,38.790000915527344,39.33000183105469,38.060001373291016,38.5,1012300,0.0,0.0
2023-07-27 00:00:00-04:00,39.189998626708984,39.380001068115234,37.060001373291016,37.40999984741211,1061500,0.0,0.0
2023-07-28 00:00:00-04:00,38.09000015258789,38.97999954223633,37.83000183105469,38.81999969482422,1418900,0.0,0.0
2023-07-31 00:00:00-04:00,38.779998779296875,39.380001068115234,38.54999923706055,39.02000045776367,755200,0.0,0.0
2023-08-01 00:00:00-04:00,38.77000045776367,39.060001373291016,37.9900016784668,37.9900016784668,1265400,0.0,0.0
2023-08-02 00:00:00-04:00,37.0099983215332,37.290000915527344,36.0,36.13999938964844,2246400,0.0,0.0
2023-08-03 00:00:00-04:00,35.790000915527344,36.220001220703125,34.97999954223633,35.540000915527344,2423400,0.0,0.0
2023-08-04 00:00:00-04:00,36.56999969482422,37.88999938964844,35.75,37.81999969482422,2317000,0.0,0.0
2023-08-07 00:00:00-04:00,37.81999969482422,38.0,36.209999084472656,37.5,1358300,0.0,0.0
2023-08-08 00:00:00-04:00,37.33000183105469,37.34000015258789,35.70000076293945,36.84000015258789,1171800,0.0,0.0
2023-08-09 00:00:00-04:00,36.88999938964844,37.61000061035156,35.9900016784668,36.459999084472656,1940600,0.0,0.0
2023-08-10 00:00:00-04:00,36.41999816894531,37.529998779296875,35.77000045776367,36.08000183105469,807100,0.0,0.0
2023-08-11 00:00:00-04:00,35.720001220703125,36.029998779296875,35.08000183105469,35.59000015258789,676100,0.0,0.0
2023-08-14 00:00:00-04:00,35.04999923706055,35.849998474121094,34.70000076293945,35.810001373291016,575200,0.0,0.0
2023-08-15 00:00:00-04:00,35.41999816894531,35.630001068115234,34.79999923706055,35.38999938964844,764000,0.0,0.0
2023-08-16 00:00:00-04:00,35.310001373291016,35.65999984741211,35.08000183105469,35.15999984741211,1035700,0.0,0.0
2023-08-17 00:00:00-04:00,35.189998626708984,35.900001525878906,34.5099983215332,35.54999923706055,937100,0.0,0.0
2023-08-18 00:00:00-04:00,35.04999923706055,37.70000076293945,35.029998779296875,37.0099983215332,1725800,0.0,0.0
2023-08-21 00:00:00-04:00,36.869998931884766,38.18000030517578,36.59000015258789,37.75,1756900,0.0,0.0
2023-08-22 00:00:00-04:00,37.97999954223633,38.47999954223633,36.279998779296875,36.540000915527344,1832700,0.0,0.0
2023-08-23 00:00:00-04:00,36.790000915527344,38.290000915527344,36.75,38.25,937200,0.0,0.0
2023-08-24 00:00:00-04:00,38.31999969482422,38.52000045776367,37.599998474121094,37.63999938964844,1241800,0.0,0.0
2023-08-25 00:00:00-04:00,37.70000076293945,38.52000045776367,37.060001373291016,38.290000915527344,942200,0.0,0.0
2023-08-28 00:00:00-04:00,38.83000183105469,39.150001525878906,38.150001525878906,38.220001220703125,767900,0.0,0.0
2023-08-29 00:00:00-04:00,38.0,39.130001068115234,37.599998474121094,39.0,883900,0.0,0.0
2023-08-30 00:00:00-04:00,39.04999923706055,41.060001373291016,38.90999984741211,39.970001220703125,1815100,0.0,0.0
2023-08-31 00:00:00-04:00,40.0,40.38999938964844,38.91999816894531,39.08000183105469,1284500,0.0,0.0
2023-09-01 00:00:00-04:00,39.529998779296875,40.47999954223633,33.16999816894531,35.0099983215332,6069900,0.0,0.0
2023-09-05 00:00:00-04:00,35.0099983215332,37.65999984741211,35.0,35.310001373291016,2507100,0.0,0.0
2023-09-06 00:00:00-04:00,35.040000915527344,35.959999084472656,34.27000045776367,34.380001068115234,1990100,0.0,0.0
2023-09-07 00:00:00-04:00,33.65999984741211,36.59000015258789,33.310001373291016,35.279998779296875,3147800,0.0,0.0
2023-09-08 00:00:00-04:00,35.31999969482422,35.47999954223633,33.70000076293945,33.720001220703125,1471200,0.0,0.0
2023-09-11 00:00:00-04:00,33.9900016784668,34.65999984741211,33.349998474121094,33.369998931884766,1204100,0.0,0.0
2023-09-12 00:00:00-04:00,33.029998779296875,33.459999084472656,32.2400016784668,32.5,1669800,0.0,0.0
2023-09-13 00:00:00-04:00,32.310001373291016,33.06999969482422,32.20000076293945,32.25,897600,0.0,0.0
2023-09-14 00:00:00-04:00,32.33000183105469,32.63999938964844,30.3799991607666,30.760000228881836,2144800,0.0,0.0
2023-09-15 00:00:00-04:00,30.75,31.09000015258789,29.520000457763672,29.530000686645508,2356800,0.0,0.0
2023-09-18 00:00:00-04:00,29.31999969482422,29.3799991607666,28.389999389648438,28.440000534057617,1959200,0.0,0.0
2023-09-19 00:00:00-04:00,28.440000534057617,28.479999542236328,27.520000457763672,27.59000015258789,1501200,0.0,0.0
2023-09-20 00:00:00-04:00,27.989999771118164,28.31999969482422,27.329999923706055,27.420000076293945,2283600,0.0,0.0
2023-09-21 00:00:00-04:00,26.760000228881836,27.030000686645508,26.049999237060547,26.110000610351562,1576700,0.0,0.0
2023-09-22 00:00:00-04:00,26.170000076293945,26.3799991607666,25.40999984741211,25.93000030517578,1872700,0.0,0.0
2023-09-25 00:00:00-04:00,25.8799991607666,26.3700008392334,25.469999313354492,26.260000228881836,1611200,0.0,0.0
2023-09-26 00:00:00-04:00,26.209999084472656,26.84000015258789,25.739999771118164,25.799999237060547,1153400,0.0,0.0
2023-09-27 00:00:00-04:00,26.8799991607666,27.75,26.8799991607666,27.6200008392334,1749600,0.0,0.0
2023-09-28 00:00:00-04:00,28.3700008392334,30.270000457763672,28.260000228881836,30.059999465942383,3284900,0.0,0.0
2023-09-29 00:00:00-04:00,30.469999313354492,30.65999984741211,28.469999313354492,29.639999389648438,2584500,0.0,0.0
2023-10-02 00:00:00-04:00,29.6200008392334,30.079999923706055,28.579999923706055,29.18000030517578,1469800,0.0,0.0
2023-10-03 00:00:00-04:00,29.15999984741211,29.809999465942383,28.450000762939453,28.790000915527344,1439900,0.0,0.0
2023-10-04 00:00:00-04:00,28.790000915527344,29.110000610351562,27.639999389648438,28.200000762939453,1223900,0.0,0.0
2023-10-05 00:00:00-04:00,28.139999389648438,28.790000915527344,27.649999618530273,28.649999618530273,1284400,0.0,0.0
2023-10-06 00:00:00-04:00,27.950000762939453,28.860000610351562,27.579999923706055,28.479999542236328,1276100,0.0,0.0
2023-10-09 00:00:00-04:00,28.200000762939453,28.450000762939453,27.459999084472656,28.079999923706055,1217300,0.0,0.0
2023-10-10 00:00:00-04:00,28.18000030517578,30.200000762939453,28.18000030517578,28.729999542236328,1400300,0.0,0.0
2023-10-11 00:00:00-04:00,28.59000015258789,28.979999542236328,27.510000228881836,28.34000015258789,786200,0.0,0.0
2023-10-12 00:00:00-04:00,28.600000381469727,28.829999923706055,26.489999771118164,26.670000076293945,1144700,0.0,0.0
2023-10-13 00:00:00-04:00,26.5,27.280000686645508,26.309999465942383,27.030000686645508,1329100,0.0,0.0
2023-10-16 00:00:00-04:00,26.989999771118164,28.1299991607666,26.649999618530273,27.6299991607666,1277700,0.0,0.0
2023-10-17 00:00:00-04:00,27.350000381469727,28.31999969482422,27.1299991607666,27.309999465942383,1722000,0.0,0.0
2023-10-18 00:00:00-04:00,27.100000381469727,27.15999984741211,26.040000915527344,26.700000762939453,1682100,0.0,0.0
2023-10-19 00:00:00-04:00,26.84000015258789,27.329999923706055,25.899999618530273,25.989999771118164,1848700,0.0,0.0
2023-10-20 00:00:00-04:00,25.90999984741211,26.209999084472656,25.389999389648438,25.6299991607666,1580700,0.0,0.0
2023-10-23 00:00:00-04:00,25.5,26.860000610351562,24.959999084472656,25.979999542236328,2344700,0.0,0.0
2023-10-24 00:00:00-04:00,25.889999389648438,26.610000610351562,25.889999389648438,26.34000015258789,1606900,0.0,0.0
2023-10-25 00:00:00-04:00,25.59000015258789,26.06999969482422,25.100000381469727,25.649999618530273,1374100,0.0,0.0
2023-10-26 00:00:00-04:00,25.649999618530273,25.8700008392334,24.8799991607666,25.56999969482422,1511400,0.0,0.0
2023-10-27 00:00:00-04:00,25.84000015258789,25.899999618530273,24.889999389648438,24.959999084472656,1603500,0.0,0.0
2023-10-30 00:00:00-04:00,25.280000686645508,25.75,24.56999969482422,25.329999923706055,2119800,0.0,0.0
2023-10-31 00:00:00-04:00,25.200000762939453,26.010000228881836,25.059999465942383,25.8799991607666,1437000,0.0,0.0
2023-11-01 00:00:00-04:00,25.56999969482422,26.540000915527344,25.34000015258789,26.209999084472656,1717800,0.0,0.0
2023-11-02 00:00:00-04:00,27.040000915527344,27.690000534057617,26.649999618530273,26.889999389648438,2101500,0.0,0.0
2023-11-03 00:00:00-04:00,27.59000015258789,29.079999923706055,27.56999969482422,28.670000076293945,1540200,0.0,0.0
2023-11-06 00:00:00-05:00,28.3799991607666,28.56999969482422,27.469999313354492,27.739999771118164,2552800,0.0,0.0
2023-11-07 00:00:00-05:00,27.100000381469727,27.889999389648438,25.3799991607666,26.239999771118164,3155600,0.0,0.0
2023-11-08 00:00:00-05:00,26.299999237060547,26.3799991607666,23.579999923706055,23.670000076293945,2139400,0.0,0.0
2023-11-09 00:00:00-05:00,23.790000915527344,23.8799991607666,22.170000076293945,22.489999771118164,2538400,0.0,0.0
2023-11-10 00:00:00-05:00,22.25,22.309999465942383,21.190000534057617,21.579999923706055,2619600,0.0,0.0
2023-11-13 00:00:00-05:00,22.170000076293945,22.639999389648438,21.440000534057617,22.6299991607666,1510500,0.0,0.0
2023-11-14 00:00:00-05:00,23.260000228881836,25.110000610351562,23.260000228881836,24.489999771118164,2739900,0.0,0.0
2023-11-15 00:00:00-05:00,24.100000381469727,24.389999389648438,21.209999084472656,22.81999969482422,5102600,0.0,0.0
2023-11-16 00:00:00-05:00,22.799999237060547,22.8799991607666,22.110000610351562,22.360000610351562,1502800,0.0,0.0
2023-11-17 00:00:00-05:00,22.579999923706055,23.610000610351562,22.34000015258789,23.280000686645508,1686700,0.0,0.0
2023-11-20 00:00:00-05:00,23.360000610351562,24.15999984741211,23.209999084472656,23.899999618530273,1313000,0.0,0.0
2023-11-21 00:00:00-05:00,23.75,23.770000457763672,22.850000381469727,22.920000076293945,1080500,0.0,0.0
2023-11-22 00:00:00-05:00,23.18000030517578,23.940000534057617,23.010000228881836,23.229999542236328,858300,0.0,0.0
2023-11-24 00:00:00-05:00,23.059999465942383,24.219999313354492,23.059999465942383,24.190000534057617,430400,0.0,0.0
2023-11-27 00:00:00-05:00,23.940000534057617,24.639999389648438,23.3700008392334,24.399999618530273,1119400,0.0,0.0
2023-11-28 00:00:00-05:00,24.200000762939453,24.8700008392334,23.8700008392334,24.790000915527344,875300,0.0,0.0
2023-11-29 00:00:00-05:00,24.950000762939453,26.43000030517578,24.950000762939453,25.1200008392334,1531800,0.0,0.0
2023-11-30 00:00:00-05:00,25.5,26.5,25.079999923706055,25.170000076293945,1454400,0.0,0.0
2023-12-01 00:00:00-05:00,25.18000030517578,26.420000076293945,24.75,26.329999923706055,1054800,0.0,0.0
2023-12-04 00:00:00-05:00,26.34000015258789,27.540000915527344,26.149999618530273,26.93000030517578,1035900,0.0,0.0
2023-12-05 00:00:00-05:00,26.579999923706055,26.860000610351562,25.90999984741211,26.40999984741211,1045700,0.0,0.0
2023-12-06 00:00:00-05:00,26.75,26.969999313354492,25.670000076293945,25.739999771118164,1233500,0.0,0.0
2023-12-07 00:00:00-05:00,25.889999389648438,26.34000015258789,25.510000228881836,26.260000228881836,1205000,0.0,0.0
2023-12-08 00:00:00-05:00,26.0,26.059999465942383,25.3799991607666,25.739999771118164,1093300,0.0,0.0
2023-12-11 00:00:00-05:00,25.860000610351562,26.899999618530273,25.200000762939453,26.549999237060547,2330500,0.0,0.0
2023-12-12 00:00:00-05:00,26.649999618530273,27.139999389648438,25.670000076293945,26.790000915527344,1442000,0.0,0.0
2023-12-13 00:00:00-05:00,26.1200008392334,28.420000076293945,26.1200008392334,28.3700008392334,1922700,0.0,0.0
2023-12-14 00:00:00-05:00,29.059999465942383,30.360000610351562,29.059999465942383,29.5,2467800,0.0,0.0
2023-12-15 00:00:00-05:00,29.829999923706055,29.93000030517578,28.110000610351562,28.190000534057617,2657600,0.0,0.0
2023-12-18 00:00:00-05:00,28.1299991607666,28.31999969482422,26.959999084472656,27.219999313354492,1152100,0.0,0.0
2023-12-19 00:00:00-05:00,27.799999237060547,28.219999313354492,27.170000076293945,27.899999618530273,1759900,0.0,0.0
2023-12-20 00:00:00-05:00,25.799999237060547,27.350000381469727,25.200000762939453,25.219999313354492,2226600,0.0,0.0
2023-12-21 00:00:00-05:00,25.90999984741211,27.34000015258789,25.860000610351562,27.299999237060547,1196000,0.0,0.0
2023-12-22 00:00:00-05:00,27.520000457763672,29.0,27.450000762939453,28.75,1628300,0.0,0.0
2023-12-26 00:00:00-05:00,28.649999618530273,29.06999969482422,28.3799991607666,28.549999237060547,1031500,0.0,0.0
2023-12-27 00:00:00-05:00,28.739999771118164,28.979999542236328,27.780000686645508,28.020000457763672,769000,0.0,0.0
2023-12-28 00:00:00-05:00,27.799999237060547,28.440000534057617,27.579999923706055,27.860000610351562,918100,0.0,0.0
2023-12-29 00:00:00-05:00,27.739999771118164,27.8799991607666,26.850000381469727,27.049999237060547,665400,0.0,0.0
2024-01-02 00:00:00-05:00,26.6299991607666,27.389999389648438,26.329999923706055,26.510000228881836,1120000,0.0,0.0
2024-01-03 00:00:00-05:00,26.420000076293945,26.420000076293945,25.139999389648438,25.3799991607666,1295500,0.0,0.0
2024-01-04 00:00:00-05:00,25.3799991607666,25.549999237060547,24.950000762939453,25.18000030517578,1892100,0.0,0.0
2024-01-05 00:00:00-05:00,24.790000915527344,26.06999969482422,24.530000686645508,25.780000686645508,1105500,0.0,0.0
2024-01-08 00:00:00-05:00,26.549999237060547,27.030000686645508,25.100000381469727,26.90999984741211,1465300,0.0,0.0
2024-01-09 00:00:00-05:00,26.739999771118164,27.610000610351562,26.020000457763672,26.040000915527344,1191600,0.0,0.0
2024-01-10 00:00:00-05:00,26.040000915527344,26.420000076293945,25.8799991607666,26.219999313354492,1163100,0.0,0.0
2024-01-11 00:00:00-05:00,25.81999969482422,26.030000686645508,24.59000015258789,24.93000030517578,1256700,0.0,0.0
2024-01-12 00:00:00-05:00,25.18000030517578,25.65999984741211,23.93000030517578,24.200000762939453,1534000,0.0,0.0
2024-01-16 00:00:00-05:00,23.799999237060547,23.799999237060547,23.049999237060547,23.549999237060547,1541500,0.0,0.0
2024-01-17 00:00:00-05:00,23.030000686645508,23.719999313354492,23.0,23.600000381469727,1662300,0.0,0.0
2024-01-18 00:00:00-05:00,23.6200008392334,23.829999923706055,22.799999237060547,23.690000534057617,1631100,0.0,0.0
2024-01-19 00:00:00-05:00,23.670000076293945,23.950000762939453,22.969999313354492,23.209999084472656,1458600,0.0,0.0
2024-01-22 00:00:00-05:00,23.3700008392334,24.350000381469727,22.969999313354492,23.219999313354492,2013900,0.0,0.0
2024-01-23 00:00:00-05:00,23.770000457763672,23.969999313354492,22.75,22.93000030517578,2633300,0.0,0.0
2024-01-24 00:00:00-05:00,23.219999313354492,23.399999618530273,22.1299991607666,22.540000915527344,2452600,0.0,0.0
2024-01-25 00:00:00-05:00,22.889999389648438,23.549999237060547,22.420000076293945,22.6200008392334,1227500,0.0,0.0
2024-01-26 00:00:00-05:00,22.969999313354492,23.299999237060547,22.31999969482422,23.100000381469727,1308900,0.0,0.0
2024-01-29 00:00:00-05:00,23.0,24.020000457763672,22.799999237060547,24.010000228881836,1032800,0.0,0.0
2024-01-30 00:00:00-05:00,23.8700008392334,23.979999542236328,22.25,22.260000228881836,2333700,0.0,0.0
2024-01-31 00:00:00-05:00,22.260000228881836,22.920000076293945,21.75,21.93000030517578,1996800,0.0,0.0
2024-02-01 00:00:00-05:00,22.010000228881836,22.219999313354492,21.559999465942383,21.93000030517578,2880900,0.0,0.0
2024-02-02 00:00:00-05:00,21.700000762939453,22.420000076293945,21.190000534057617,22.190000534057617,1501400,0.0,0.0
2024-02-05 00:00:00-05:00,21.65999984741211,21.979999542236328,21.270000457763672,21.290000915527344,1631000,0.0,0.0
2024-02-06 00:00:00-05:00,21.200000762939453,22.559999465942383,20.899999618530273,22.530000686645508,1328800,0.0,0.0
2024-02-07 00:00:00-05:00,22.459999084472656,22.549999237060547,22.020000457763672,22.079999923706055,824600,0.0,0.0
2024-02-08 00:00:00-05:00,22.0,22.459999084472656,21.850000381469727,22.389999389648438,638900,0.0,0.0
2024-02-09 00:00:00-05:00,22.530000686645508,22.889999389648438,22.200000762939453,22.610000610351562,890800,0.0,0.0
2024-02-12 00:00:00-05:00,22.520000457763672,23.360000610351562,22.479999542236328,23.229999542236328,964400,0.0,0.0
2024-02-13 00:00:00-05:00,22.1299991607666,22.18000030517578,21.15999984741211,21.350000381469727,1698000,0.0,0.0
2024-02-14 00:00:00-05:00,21.780000686645508,22.469999313354492,21.559999465942383,22.049999237060547,1086000,0.0,0.0
2024-02-15 00:00:00-05:00,22.299999237060547,22.780000686645508,20.809999465942383,22.1299991607666,2012600,0.0,0.0
2024-02-16 00:00:00-05:00,21.799999237060547,22.709999084472656,21.530000686645508,22.420000076293945,1387800,0.0,0.0
2024-02-20 00:00:00-05:00,22.010000228881836,22.860000610351562,21.709999084472656,22.829999923706055,1487600,0.0,0.0
2024-02-21 00:00:00-05:00,22.739999771118164,22.75,21.979999542236328,22.65999984741211,1391400,0.0,0.0
2024-02-22 00:00:00-05:00,22.649999618530273,22.809999465942383,21.940000534057617,22.270000457763672,1746500,0.0,0.0
2024-02-23 00:00:00-05:00,21.0,22.020000457763672,19.110000610351562,19.420000076293945,5346100,0.0,0.0
2024-02-26 00:00:00-05:00,19.3700008392334,20.329999923706055,19.079999923706055,20.139999389648438,3701000,0.0,0.0
2024-02-27 00:00:00-05:00,20.549999237060547,20.56999969482422,19.350000381469727,19.530000686645508,3196900,0.0,0.0
2024-02-28 00:00:00-05:00,19.190000534057617,19.420000076293945,18.700000762939453,18.729999542236328,2059400,0.0,0.0
2024-02-29 00:00:00-05:00,19.040000915527344,19.520000457763672,18.850000381469727,19.0,2326800,0.0,0.0
2024-03-01 00:00:00-05:00,19.0,19.399999618530273,18.75,18.969999313354492,1117000,0.0,0.0
2024-03-04 00:00:00-05:00,19.049999237060547,19.239999771118164,18.600000381469727,18.920000076293945,1342900,0.0,0.0
2024-03-05 00:00:00-05:00,18.579999923706055,19.110000610351562,18.399999618530273,18.770000457763672,1340700,0.0,0.0
2024-03-06 00:00:00-05:00,18.90999984741211,19.1299991607666,18.229999542236328,18.459999084472656,1269400,0.0,0.0
2024-03-07 00:00:00-05:00,18.600000381469727,20.049999237060547,18.43000030517578,19.860000610351562,1948800,0.0,0.0
2024-03-08 00:00:00-05:00,20.0,20.59000015258789,19.31999969482422,19.729999542236328,1402300,0.0,0.0
2024-03-11 00:00:00-04:00,19.84000015258789,20.329999923706055,18.899999618530273,18.989999771118164,1065200,0.0,0.0
2024-03-12 00:00:00-04:00,19.020000457763672,19.079999923706055,18.350000381469727,18.639999389648438,1306300,0.0,0.0
2024-03-13 00:00:00-04:00,18.5,19.309999465942383,18.5,19.0,1542600,0.0,0.0
2024-03-14 00:00:00-04:00,19.290000915527344,19.459999084472656,17.940000534057617,18.3700008392334,2209200,0.0,0.0
2024-03-15 00:00:00-04:00,18.149999618530273,18.549999237060547,17.649999618530273,17.739999771118164,2460200,0.0,0.0
2024-03-18 00:00:00-04:00,17.799999237060547,17.969999313354492,17.399999618530273,17.450000762939453,2146600,0.0,0.0
2024-03-19 00:00:00-04:00,17.280000686645508,18.049999237060547,17.239999771118164,17.940000534057617,1454800,0.0,0.0
2024-03-20 00:00:00-04:00,18.139999389648438,18.200000762939453,17.75,17.93000030517578,1438700,0.0,0.0
2024-03-21 00:00:00-04:00,18.0,18.329999923706055,17.479999542236328,17.559999465942383,1595700,0.0,0.0
2024-03-22 00:00:00-04:00,17.530000686645508,17.719999313354492,17.059999465942383,17.25,1202500,0.0,0.0
2024-03-25 00:00:00-04:00,17.260000228881836,17.350000381469727,16.950000762939453,17.1299991607666,1670300,0.0,0.0
2024-03-26 00:00:00-04:00,17.219999313354492,17.770000457763672,16.920000076293945,17.690000534057617,1804700,0.0,0.0
2024-03-27 00:00:00-04:00,17.799999237060547,17.979999542236328,17.200000762939453,17.959999084472656,2741800,0.0,0.0
2024-03-28 00:00:00-04:00,18.200000762939453,20.760000228881836,18.1299991607666,20.6299991607666,5569100,0.0,0.0
2024-04-01 00:00:00-04:00,20.700000762939453,20.700000762939453,19.360000610351562,20.25,2065100,0.0,0.0
2024-04-02 00:00:00-04:00,22.25,22.56999969482422,19.6200008392334,20.790000915527344,6454800,0.0,0.0
2024-04-03 00:00:00-04:00,20.760000228881836,21.68000030517578,19.530000686645508,19.700000762939453,3183600,0.0,0.0
2024-04-04 00:00:00-04:00,19.860000610351562,20.1200008392334,18.1299991607666,18.149999618530273,3649400,0.0,0.0
2024-04-05 00:00:00-04:00,18.049999237060547,18.299999237060547,17.56999969482422,17.6299991607666,2483800,0.0,0.0
2024-04-08 00:00:00-04:00,17.610000610351562,18.799999237060547,17.59000015258789,18.65999984741211,2216700,0.0,0.0
2024-04-09 00:00:00-04:00,18.75,19.860000610351562,18.75,19.200000762939453,1950200,0.0,0.0
2024-04-10 00:00:00-04:00,18.290000915527344,19.209999084472656,18.020000457763672,19.110000610351562,1853900,0.0,0.0
2024-04-11 00:00:00-04:00,19.350000381469727,19.40999984741211,18.31999969482422,18.68000030517578,1113300,0.0,0.0
2024-04-12 00:00:00-04:00,18.420000076293945,18.579999923706055,17.959999084472656,18.260000228881836,1308100,0.0,0.0
2024-04-15 00:00:00-04:00,18.34000015258789,18.450000762939453,16.940000534057617,17.059999465942383,2701100,0.0,0.0
2024-04-16 00:00:00-04:00,16.84000015258789,16.889999389648438,16.040000915527344,16.15999984741211,2121900,0.0,0.0
2024-04-17 00:00:00-04:00,16.229999542236328,16.8799991607666,15.890000343322754,16.389999389648438,1544500,0.0,0.0
2024-04-18 00:00:00-04:00,16.34000015258789,16.84000015258789,16.049999237060547,16.670000076293945,1580500,0.0,0.0
2024-04-19 00:00:00-04:00,16.559999465942383,16.790000915527344,15.8100004196167,16.06999969482422,1855000,0.0,0.0
2024-04-22 00:00:00-04:00,16.780000686645508,17.68000030517578,16.770000457763672,17.59000015258789,1963700,0.0,0.0
2024-04-23 00:00:00-04:00,17.450000762939453,18.270000457763672,17.299999237060547,17.34000015258789,1786700,0.0,0.0
2024-04-24 00:00:00-04:00,17.719999313354492,18.110000610351562,17.34000015258789,18.100000381469727,1796000,0.0,0.0
2024-04-25 00:00:00-04:00,17.709999084472656,17.860000610351562,16.950000762939453,17.15999984741211,1941300,0.0,0.0
2024-04-26 00:00:00-04:00,16.979999542236328,17.520000457763672,16.770000457763672,17.350000381469727,698000,0.0,0.0
2024-04-29 00:00:00-04:00,17.520000457763672,18.3799991607666,17.520000457763672,18.190000534057617,1578500,0.0,0.0
2024-04-30 00:00:00-04:00,17.899999618530273,18.329999923706055,17.549999237060547,18.0,1168500,0.0,0.0
2024-05-01 00:00:00-04:00,18.010000228881836,18.969999313354492,17.850000381469727,18.260000228881836,1159500,0.0,0.0
2024-05-02 00:00:00-04:00,18.59000015258789,18.68000030517578,17.989999771118164,18.579999923706055,954700,0.0,0.0
2024-05-03 00:00:00-04:00,19.110000610351562,19.6299991607666,18.729999542236328,18.8799991607666,1121500,0.0,0.0
2024-05-06 00:00:00-04:00,19.100000381469727,19.479999542236328,18.959999084472656,19.100000381469727,1063700,0.0,0.0
2024-05-07 00:00:00-04:00,19.190000534057617,19.260000228881836,18.780000686645508,18.81999969482422,1400400,0.0,0.0
2024-05-08 00:00:00-04:00,18.68000030517578,19.100000381469727,18.469999313354492,18.639999389648438,1623300,0.0,0.0
2024-05-09 00:00:00-04:00,18.360000610351562,19.5,18.010000228881836,19.440000534057617,2817500,0.0,0.0
2024-05-10 00:00:00-04:00,21.43000030517578,22.510000228881836,20.530000686645508,22.3700008392334,5869000,0.0,0.0
2024-05-13 00:00:00-04:00,22.700000762939453,24.190000534057617,22.3700008392334,24.0,4186200,0.0,0.0
2024-05-14 00:00:00-04:00,24.559999465942383,25.850000381469727,24.469999313354492,24.729999542236328,3996600,0.0,0.0
2024-05-15 00:00:00-04:00,25.219999313354492,25.760000228881836,24.56999969482422,25.75,2399400,0.0,0.0
2024-05-16 00:00:00-04:00,25.739999771118164,27.309999465942383,25.15999984741211,26.239999771118164,3353600,0.0,0.0
2024-05-17 00:00:00-04:00,26.5,26.5,25.06999969482422,25.360000610351562,2589800,0.0,0.0
2024-05-20 00:00:00-04:00,25.5,25.56999969482422,24.5,24.770000457763672,2881800,0.0,0.0
2024-05-21 00:00:00-04:00,24.719999313354492,25.09000015258789,23.530000686645508,23.56999969482422,2527200,0.0,0.0
2024-05-22 00:00:00-04:00,23.540000915527344,23.6200008392334,22.399999618530273,22.510000228881836,3138500,0.0,0.0
2024-05-23 00:00:00-04:00,22.510000228881836,22.510000228881836,22.510000228881836,22.510000228881836,700,0.0,0.0
2024-05-24 00:00:00-04:00,26.219999313354492,26.360000610351562,23.34000015258789,25.520000457763672,6013300,0.0,0.0
2024-05-28 00:00:00-04:00,26.0,26.829999923706055,25.600000381469727,26.15999984741211,3402600,0.0,0.0
2024-05-29 00:00:00-04:00,25.799999237060547,26.309999465942383,25.34000015258789,26.09000015258789,2065000,0.0,0.0
2024-05-30 00:00:00-04:00,26.3700008392334,27.520000457763672,26.059999465942383,27.469999313354492,2076600,0.0,0.0
2024-05-31 00:00:00-04:00,27.6200008392334,27.889999389648438,26.950000762939453,27.100000381469727,3616000,0.0,0.0
2024-06-03 00:00:00-04:00,27.350000381469727,27.559999465942383,26.3799991607666,27.40999984741211,2420600,0.0,0.0
2024-06-04 00:00:00-04:00,27.8700008392334,28.31999969482422,26.739999771118164,27.989999771118164,2424600,0.0,0.0
2024-06-05 00:00:00-04:00,28.040000915527344,32.29999923706055,27.329999923706055,31.190000534057617,6650900,0.0,0.0
2024-06-06 00:00:00-04:00,30.59000015258789,30.790000915527344,28.979999542236328,29.020000457763672,2100400,0.0,0.0
2024-06-07 00:00:00-04:00,28.530000686645508,28.889999389648438,28.110000610351562,28.670000076293945,1781600,0.0,0.0
2024-06-10 00:00:00-04:00,28.3799991607666,30.3700008392334,28.049999237060547,30.059999465942383,1722800,0.0,0.0
2024-06-11 00:00:00-04:00,29.84000015258789,30.690000534057617,29.260000228881836,30.5,1989900,0.0,0.0
2024-06-12 00:00:00-04:00,31.899999618530273,32.29999923706055,30.959999084472656,31.84000015258789,2587800,0.0,0.0
2024-06-13 00:00:00-04:00,31.899999618530273,32.060001373291016,30.93000030517578,31.510000228881836,1123600,0.0,0.0
2024-06-14 00:00:00-04:00,31.25,31.440000534057617,29.549999237060547,30.209999084472656,1451600,0.0,0.0
2024-06-17 00:00:00-04:00,30.010000228881836,30.889999389648438,29.75,30.5,1972800,0.0,0.0
2024-06-18 00:00:00-04:00,30.209999084472656,31.0,29.790000915527344,29.940000534057617,1708400,0.0,0.0
2024-06-20 00:00:00-04:00,29.75,30.139999389648438,29.190000534057617,29.559999465942383,1591900,0.0,0.0
2024-06-21 00:00:00-04:00,29.549999237060547,30.170000076293945,29.469999313354492,29.559999465942383,2454300,0.0,0.0
2024-06-24 00:00:00-04:00,29.56999969482422,30.309999465942383,28.670000076293945,29.09000015258789,1190600,0.0,0.0
2024-06-25 00:00:00-04:00,29.059999465942383,30.0,28.739999771118164,29.479999542236328,923900,0.0,0.0
2024-06-26 00:00:00-04:00,29.479999542236328,29.93000030517578,28.90999984741211,29.389999389648438,861800,0.0,0.0
2024-06-27 00:00:00-04:00,29.399999618530273,30.0,28.860000610351562,29.049999237060547,764900,0.0,0.0
2024-06-28 00:00:00-04:00,30.0,30.0,28.219999313354492,28.8799991607666,3794100,0.0,0.0
2024-07-01 00:00:00-04:00,28.950000762939453,29.43000030517578,27.920000076293945,28.260000228881836,1118400,0.0,0.0
2024-07-02 00:00:00-04:00,28.25,28.93000030517578,28.0,28.8700008392334,715000,0.0,0.0
2024-07-03 00:00:00-04:00,28.81999969482422,28.829999923706055,28.09000015258789,28.40999984741211,736400,0.0,0.0
2024-07-05 00:00:00-04:00,28.1299991607666,28.90999984741211,27.940000534057617,28.75,637700,0.0,0.0
2024-07-08 00:00:00-04:00,28.5,28.719999313354492,27.479999542236328,27.56999969482422,1502900,0.0,0.0
2024-07-09 00:00:00-04:00,27.520000457763672,27.719999313354492,26.3700008392334,27.649999618530273,1464200,0.0,0.0
2024-07-10 00:00:00-04:00,27.860000610351562,28.229999542236328,27.020000457763672,27.610000610351562,833000,0.0,0.0
2024-07-11 00:00:00-04:00,28.489999771118164,30.40999984741211,27.950000762939453,29.969999313354492,2619100,0.0,0.0
2024-07-12 00:00:00-04:00,30.190000534057617,31.229999542236328,30.0,31.06999969482422,1627700,0.0,0.0
2024-07-15 00:00:00-04:00,31.299999237060547,31.6299991607666,30.68000030517578,31.540000915527344,1496900,0.0,0.0
2024-07-16 00:00:00-04:00,31.989999771118164,34.08000183105469,31.68000030517578,33.83000183105469,1755500,0.0,0.0
2024-07-17 00:00:00-04:00,33.02000045776367,33.810001373291016,31.969999313354492,32.54999923706055,1399700,0.0,0.0
2024-07-18 00:00:00-04:00,33.20000076293945,33.58000183105469,30.889999389648438,31.149999618530273,1314700,0.0,0.0
2024-07-19 00:00:00-04:00,31.389999389648438,31.729999542236328,30.559999465942383,30.75,957200,0.0,0.0
2024-07-22 00:00:00-04:00,30.799999237060547,32.18000030517578,30.700000762939453,32.0,775600,0.0,0.0
2024-07-23 00:00:00-04:00,32.029998779296875,33.40999984741211,31.950000762939453,32.68000030517578,965900,0.0,0.0
2024-07-24 00:00:00-04:00,32.599998474121094,33.45000076293945,31.68000030517578,31.780000686645508,921900,0.0,0.0
2024-07-25 00:00:00-04:00,31.790000915527344,33.25,31.790000915527344,31.93000030517578,767700,0.0,0.0
2024-07-26 00:00:00-04:00,32.72999954223633,33.529998779296875,31.799999237060547,33.0,1231800,0.0,0.0
2024-07-29 00:00:00-04:00,34.20000076293945,35.959999084472656,33.0,35.279998779296875,5056100,0.0,0.0
2024-07-30 00:00:00-04:00,35.81999969482422,37.040000915527344,35.279998779296875,36.290000915527344,3735300,0.0,0.0
2024-07-31 00:00:00-04:00,36.560001373291016,36.560001373291016,34.65999984741211,35.130001068115234,4377000,0.0,0.0
2024-08-01 00:00:00-04:00,35.779998779296875,36.099998474121094,32.31999969482422,33.36000061035156,3741700,0.0,0.0
2024-08-02 00:00:00-04:00,31.940000534057617,31.940000534057617,30.34000015258789,31.75,3333400,0.0,0.0
2024-08-05 00:00:00-04:00,28.34000015258789,31.18000030517578,28.209999084472656,30.549999237060547,2659700,0.0,0.0
2024-08-06 00:00:00-04:00,31.06999969482422,32.38999938964844,30.079999923706055,32.15999984741211,1509200,0.0,0.0
2024-08-07 00:00:00-04:00,32.70000076293945,34.310001373291016,32.369998931884766,33.959999084472656,4356400,0.0,0.0
2024-08-08 00:00:00-04:00,32.060001373291016,33.279998779296875,29.799999237060547,30.270000457763672,4668100,0.0,0.0
2024-08-09 00:00:00-04:00,30.200000762939453,30.350000381469727,28.899999618530273,29.0,2551100,0.0,0.0
2024-08-12 00:00:00-04:00,29.489999771118164,30.530000686645508,29.0,30.469999313354492,2402200,0.0,0.0
2024-08-13 00:00:00-04:00,30.780000686645508,31.68000030517578,29.420000076293945,29.739999771118164,2440100,0.0,0.0
2024-08-14 00:00:00-04:00,29.75,30.139999389648438,28.790000915527344,29.049999237060547,1510400,0.0,0.0
2024-08-15 00:00:00-04:00,29.670000076293945,30.020000457763672,28.329999923706055,28.540000915527344,3247700,0.0,0.0
2024-08-16 00:00:00-04:00,28.200000762939453,28.690000534057617,27.700000762939453,27.950000762939453,3085100,0.0,0.0
2024-08-19 00:00:00-04:00,27.940000534057617,28.420000076293945,27.719999313354492,28.3799991607666,1599100,0.0,0.0
2024-08-20 00:00:00-04:00,28.469999313354492,28.469999313354492,27.270000457763672,27.68000030517578,1711600,0.0,0.0
2024-08-21 00:00:00-04:00,28.0,28.360000610351562,27.440000534057617,28.260000228881836,1366500,0.0,0.0
2024-08-22 00:00:00-04:00,28.280000686645508,28.40999984741211,27.75,27.8700008392334,1318300,0.0,0.0
2024-08-23 00:00:00-04:00,28.110000610351562,29.260000228881836,27.940000534057617,29.020000457763672,1425200,0.0,0.0
2024-08-26 00:00:00-04:00,27.3799991607666,27.479999542236328,25.43000030517578,26.739999771118164,4317200,0.0,0.0
2024-08-27 00:00:00-04:00,26.510000228881836,26.850000381469727,25.760000228881836,26.149999618530273,2593900,0.0,0.0
2024-08-28 00:00:00-04:00,26.100000381469727,26.649999618530273,25.510000228881836,26.200000762939453,3292300,0.0,0.0
2024-08-29 00:00:00-04:00,26.360000610351562,26.850000381469727,25.739999771118164,25.93000030517578,3325000,0.0,0.0
2024-08-30 00:00:00-04:00,26.149999618530273,26.31999969482422,25.270000457763672,25.579999923706055,2498900,0.0,0.0
2024-09-03 00:00:00-04:00,25.350000381469727,25.649999618530273,24.5,24.56999969482422,1813900,0.0,0.0
2024-09-04 00:00:00-04:00,24.56999969482422,25.309999465942383,24.260000228881836,24.350000381469727,2142200,0.0,0.0
2024-09-05 00:00:00-04:00,24.43000030517578,24.579999923706055,23.940000534057617,24.329999923706055,1786800,0.0,0.0
2024-09-06 00:00:00-04:00,24.440000534057617,24.440000534057617,23.479999542236328,23.729999542236328,2645900,0.0,0.0
2024-09-09 00:00:00-04:00,23.889999389648438,24.280000686645508,23.489999771118164,23.770000457763672,1906600,0.0,0.0
2024-09-10 00:00:00-04:00,23.93000030517578,25.8700008392334,23.709999084472656,25.809999465942383,1904700,0.0,0.0
2024-09-11 00:00:00-04:00,25.690000534057617,25.799999237060547,24.799999237060547,24.8700008392334,2658500,0.0,0.0
2024-09-12 00:00:00-04:00,24.8799991607666,25.799999237060547,24.549999237060547,25.579999923706055,2443100,0.0,0.0
2024-09-13 00:00:00-04:00,25.850000381469727,27.1299991607666,25.479999542236328,26.790000915527344,3800700,0.0,0.0
2024-09-16 00:00:00-04:00,23.079999923706055,25.899999618530273,23.06999969482422,25.3799991607666,5849000,0.0,0.0
2024-09-17 00:00:00-04:00,25.43000030517578,25.899999618530273,24.469999313354492,25.09000015258789,2603000,0.0,0.0
2024-09-18 00:00:00-04:00,24.790000915527344,25.829999923706055,24.649999618530273,25.079999923706055,2599100,0.0,0.0
2024-09-19 00:00:00-04:00,25.459999084472656,26.190000534057617,25.239999771118164,25.389999389648438,1995200,0.0,0.0
2024-09-20 00:00:00-04:00,25.389999389648438,25.389999389648438,24.6200008392334,25.09000015258789,2698500,0.0,0.0
2024-09-23 00:00:00-04:00,25.229999542236328,25.309999465942383,23.479999542236328,23.489999771118164,2466300,0.0,0.0
2024-09-24 00:00:00-04:00,23.600000381469727,23.790000915527344,22.399999618530273,22.559999465942383,3217200,0.0,0.0
2024-09-25 00:00:00-04:00,22.579999923706055,22.799999237060547,22.049999237060547,22.299999237060547,2018000,0.0,0.0
2024-09-26 00:00:00-04:00,22.700000762939453,22.959999084472656,22.209999084472656,22.729999542236328,1328600,0.0,0.0
2024-09-27 00:00:00-04:00,23.010000228881836,23.290000915527344,22.670000076293945,22.8799991607666,859100,0.0,0.0
2024-09-30 00:00:00-04:00,22.780000686645508,23.200000762939453,22.579999923706055,22.940000534057617,1036500,0.0,0.0
2024-10-01 00:00:00-04:00,22.850000381469727,22.889999389648438,21.700000762939453,22.1200008392334,1859500,0.0,0.0
2024-10-02 00:00:00-04:00,22.079999923706055,22.530000686645508,22.040000915527344,22.360000610351562,1076700,0.0,0.0
2024-10-03 00:00:00-04:00,22.0,22.260000228881836,21.770000457763672,21.799999237060547,977300,0.0,0.0
2024-10-04 00:00:00-04:00,21.989999771118164,22.209999084472656,21.6200008392334,22.15999984741211,1129300,0.0,0.0
2024-10-07 00:00:00-04:00,22.040000915527344,22.170000076293945,21.170000076293945,21.350000381469727,1954700,0.0,0.0
2024-10-08 00:00:00-04:00,21.25,21.459999084472656,20.959999084472656,21.049999237060547,1392100,0.0,0.0
2024-10-09 00:00:00-04:00,20.989999771118164,21.18000030517578,20.600000381469727,20.889999389648438,1547600,0.0,0.0
2024-10-10 00:00:00-04:00,20.530000686645508,20.81999969482422,20.360000610351562,20.610000610351562,1243800,0.0,0.0
2024-10-11 00:00:00-04:00,20.520000457763672,21.5,20.459999084472656,21.399999618530273,1391600,0.0,0.0
2024-10-14 00:00:00-04:00,21.399999618530273,21.729999542236328,20.799999237060547,21.34000015258789,1148400,0.0,0.0
2024-10-15 00:00:00-04:00,21.290000915527344,21.739999771118164,21.190000534057617,21.559999465942383,1564300,0.0,0.0
2024-10-16 00:00:00-04:00,21.799999237060547,21.950000762939453,21.34000015258789,21.6200008392334,1160400,0.0,0.0
2024-10-17 00:00:00-04:00,21.399999618530273,21.530000686645508,20.18000030517578,20.68000030517578,1983000,0.0,0.0
2024-10-18 00:00:00-04:00,20.760000228881836,21.520000457763672,20.350000381469727,21.3799991607666,1393500,0.0,0.0
2024-10-21 00:00:00-04:00,21.34000015258789,21.479999542236328,20.760000228881836,20.84000015258789,1433200,0.0,0.0
2024-10-22 00:00:00-04:00,20.799999237060547,20.84000015258789,20.18000030517578,20.350000381469727,1150300,0.0,0.0
2024-10-23 00:00:00-04:00,20.18000030517578,20.489999771118164,20.139999389648438,20.420000076293945,1153300,0.0,0.0
2024-10-24 00:00:00-04:00,20.579999923706055,20.639999389648438,20.15999984741211,20.200000762939453,1271400,0.0,0.0
2024-10-25 00:00:00-04:00,20.190000534057617,20.6200008392334,20.139999389648438,20.510000228881836,1406300,0.0,0.0
2024-10-28 00:00:00-04:00,20.899999618530273,22.3799991607666,20.81999969482422,22.200000762939453,1854600,0.0,0.0
2024-10-29 00:00:00-04:00,22.010000228881836,22.440000534057617,21.610000610351562,21.790000915527344,980300,0.0,0.0
2024-10-30 00:00:00-04:00,21.360000610351562,23.5,21.280000686645508,23.06999969482422,1712600,0.0,0.0
2024-10-31 00:00:00-04:00,22.93000030517578,23.350000381469727,21.850000381469727,21.8799991607666,1398200,0.0,0.0
2024-11-01 00:00:00-04:00,22.280000686645508,23.190000534057617,22.149999618530273,23.0,1989200,0.0,0.0
2024-11-04 00:00:00-05:00,22.920000076293945,24.31999969482422,22.920000076293945,23.600000381469727,1967000,0.0,0.0
2024-11-05 00:00:00-05:00,23.40999984741211,24.100000381469727,23.270000457763672,23.520000457763672,2481100,0.0,0.0
2024-11-06 00:00:00-05:00,24.5,25.530000686645508,23.729999542236328,25.290000915527344,4294700,0.0,0.0
2024-11-07 00:00:00-05:00,32.38999938964844,33.63999938964844,28.239999771118164,28.59000015258789,5661900,0.0,0.0
2024-11-08 00:00:00-05:00,28.579999923706055,29.780000686645508,28.200000762939453,28.610000610351562,2776100,0.0,0.0
2024-11-11 00:00:00-05:00,29.209999084472656,29.75,28.479999542236328,29.360000610351562,1913000,0.0,0.0
2024-11-12 00:00:00-05:00,29.3700008392334,30.18000030517578,29.09000015258789,29.729999542236328,1922400,0.0,0.0
2024-11-13 00:00:00-05:00,29.520000457763672,32.2599983215332,29.520000457763672,31.610000610351562,2929400,0.0,0.0
2024-11-14 00:00:00-05:00,31.239999771118164,31.31999969482422,30.030000686645508,30.209999084472656,2021400,0.0,0.0
2024-11-15 00:00:00-05:00,30.579999923706055,30.670000076293945,28.979999542236328,29.110000610351562,3002000,0.0,0.0
2024-11-18 00:00:00-05:00,29.149999618530273,29.739999771118164,28.690000534057617,28.959999084472656,2457500,0.0,0.0
2024-11-19 00:00:00-05:00,28.549999237060547,30.700000762939453,28.450000762939453,30.68000030517578,1551700,0.0,0.0
2024-11-20 00:00:00-05:00,30.65999984741211,30.75,30.139999389648438,30.68000030517578,1585300,0.0,0.0
2024-11-21 00:00:00-05:00,31.0,31.15999984741211,30.299999237060547,30.979999542236328,1694800,0.0,0.0
2024-11-22 00:00:00-05:00,31.170000076293945,33.45000076293945,30.829999923706055,32.650001525878906,2170100,0.0,0.0
2024-11-25 00:00:00-05:00,33.13999938964844,36.02000045776367,32.88999938964844,35.400001525878906,3546100,0.0,0.0
2024-11-26 00:00:00-05:00,34.91999816894531,35.04999923706055,33.75,34.369998931884766,1912500,0.0,0.0
2024-11-27 00:00:00-05:00,35.04999923706055,35.560001373291016,34.529998779296875,35.099998474121094,1024600,0.0,0.0
2024-11-29 00:00:00-05:00,35.29999923706055,35.810001373291016,35.0,35.61000061035156,815200,0.0,0.0
2024-12-02 00:00:00-05:00,35.88999938964844,36.04999923706055,34.9900016784668,35.52000045776367,1166300,0.0,0.0
2024-12-03 00:00:00-05:00,35.29999923706055,35.970001220703125,34.5,35.779998779296875,952100,0.0,0.0
2024-12-04 00:00:00-05:00,35.70000076293945,38.529998779296875,35.470001220703125,38.11000061035156,2197900,0.0,0.0
2024-12-05 00:00:00-05:00,37.88999938964844,38.11000061035156,36.68000030517578,37.11000061035156,1496000,0.0,0.0
2024-12-06 00:00:00-05:00,37.52000045776367,37.79999923706055,36.56999969482422,36.869998931884766,1567800,0.0,0.0
2024-12-09 00:00:00-05:00,37.0099983215332,37.72999954223633,36.099998474121094,36.369998931884766,1109000,0.0,0.0
2024-12-10 00:00:00-05:00,36.25,36.369998931884766,34.95000076293945,35.529998779296875,1329500,0.0,0.0
2024-12-11 00:00:00-05:00,36.20000076293945,36.34000015258789,35.459999084472656,35.65999984741211,1166900,0.0,0.0
2024-12-12 00:00:00-05:00,35.439998626708984,36.959999084472656,34.83000183105469,34.939998626708984,1481500,0.0,0.0
2024-12-13 00:00:00-05:00,35.0,35.279998779296875,34.20000076293945,34.7599983215332,1303500,0.0,0.0
2024-12-16 00:00:00-05:00,34.5,36.2400016784668,34.5,35.619998931884766,1956100,0.0,0.0
2024-12-17 00:00:00-05:00,35.060001373291016,35.790000915527344,34.52000045776367,34.84000015258789,1220000,0.0,0.0
2024-12-18 00:00:00-05:00,34.970001220703125,35.060001373291016,32.09000015258789,32.36000061035156,1925300,0.0,0.0
2024-12-19 00:00:00-05:00,32.560001373291016,33.0,30.84000015258789,31.1299991607666,1817400,0.0,0.0
2024-12-20 00:00:00-05:00,30.690000534057617,32.220001220703125,30.489999771118164,31.670000076293945,2414300,0.0,0.0
2024-12-23 00:00:00-05:00,31.34000015258789,31.65999984741211,30.780000686645508,31.040000915527344,1066400,0.0,0.0
2024-12-24 00:00:00-05:00,31.100000381469727,31.850000381469727,30.8799991607666,31.56999969482422,509300,0.0,0.0
2024-12-26 00:00:00-05:00,31.1200008392334,31.56999969482422,30.739999771118164,31.3700008392334,2112900,0.0,0.0
2024-12-27 00:00:00-05:00,31.15999984741211,31.3799991607666,30.139999389648438,30.440000534057617,1166900,0.0,0.0
2024-12-30 00:00:00-05:00,30.260000228881836,31.239999771118164,29.90999984741211,30.540000915527344,1517300,0.0,0.0
2024-12-31 00:00:00-05:00,30.860000610351562,30.979999542236328,30.149999618530273,30.549999237060547,1605600,0.0,0.0
2025-01-02 00:00:00-05:00,31.25,32.66999816894531,30.969999313354492,31.770000457763672,1686800,0.0,0.0
2025-01-03 00:00:00-05:00,32.060001373291016,33.81999969482422,31.719999313354492,33.7599983215332,1733700,0.0,0.0
2025-01-06 00:00:00-05:00,33.900001525878906,37.08000183105469,33.75,35.880001068115234,3561100,0.0,0.0
2025-01-07 00:00:00-05:00,36.099998474121094,36.56999969482422,34.54999923706055,36.150001525878906,1877000,0.0,0.0
2025-01-08 00:00:00-05:00,36.349998474121094,37.459999084472656,36.11000061035156,36.59000015258789,2218100,0.0,0.0
2025-01-10 00:00:00-05:00,36.849998474121094,37.08000183105469,34.79999923706055,36.709999084472656,2808100,0.0,0.0
2025-01-13 00:00:00-05:00,37.06999969482422,38.33000183105469,35.68000030517578,38.099998474121094,2954600,0.0,0.0
2025-01-14 00:00:00-05:00,38.18000030517578,39.290000915527344,35.81999969482422,37.459999084472656,2466900,0.0,0.0
2025-01-15 00:00:00-05:00,38.52000045776367,38.970001220703125,36.95000076293945,37.5,1546500,0.0,0.0
2025-01-16 00:00:00-05:00,37.130001068115234,37.869998931884766,36.86000061035156,37.310001373291016,1247900,0.0,0.0
2025-01-17 00:00:00-05:00,37.58000183105469,37.93000030517578,36.45000076293945,36.65999984741211,1139300,0.0,0.0
2025-01-21 00:00:00-05:00,39.040000915527344,45.68000030517578,38.31999969482422,45.130001068115234,7159400,0.0,0.0
2025-01-22 00:00:00-05:00,45.130001068115234,49.86000061035156,44.77000045776367,47.20000076293945,5915600,0.0,0.0
2025-01-23 00:00:00-05:00,46.79999923706055,48.81999969482422,45.41999816894531,48.599998474121094,2764700,0.0,0.0
2025-01-24 00:00:00-05:00,48.2599983215332,48.599998474121094,46.43000030517578,47.209999084472656,1711400,0.0,0.0
2025-01-27 00:00:00-05:00,46.939998626708984,47.779998779296875,45.59000015258789,46.97999954223633,1842000,0.0,0.0
2025-01-28 00:00:00-05:00,47.529998779296875,48.290000915527344,46.709999084472656,48.2599983215332,2240700,0.0,0.0
2025-01-29 00:00:00-05:00,48.29999923706055,48.939998626708984,47.5,47.650001525878906,1484400,0.0,0.0
2025-01-30 00:00:00-05:00,48.970001220703125,50.88999938964844,48.31999969482422,49.939998626708984,3241600,0.0,0.0
2025-01-31 00:00:00-05:00,49.77000045776367,49.77000045776367,46.72999954223633,46.97999954223633,2398500,0.0,0.0
2025-02-03 00:00:00-05:00,44.5099983215332,47.630001068115234,44.099998474121094,47.56999969482422,1826500,0.0,0.0
2025-02-04 00:00:00-05:00,48.45000076293945,48.45000076293945,46.84000015258789,47.16999816894531,1332100,0.0,0.0
2025-02-05 00:00:00-05:00,47.36000061035156,48.58000183105469,47.06999969482422,47.599998474121094,1073300,0.0,0.0
2025-02-06 00:00:00-05:00,47.720001220703125,48.08000183105469,46.02000045776367,46.09000015258789,1283000,0.0,0.0
2025-02-07 00:00:00-05:00,44.52000045776367,45.970001220703125,44.2599983215332,44.470001220703125,6162900,0.0,0.0
2025-02-10 00:00:00-05:00,44.59000015258789,44.61000061035156,41.790000915527344,44.400001525878906,2728200,0.0,0.0
2025-02-11 00:00:00-05:00,43.709999084472656,44.400001525878906,42.7599983215332,43.599998474121094,1545800,0.0,0.0
2025-02-12 00:00:00-05:00,42.5,45.75,42.209999084472656,45.380001068115234,1397600,0.0,0.0
2025-02-13 00:00:00-05:00,45.72999954223633,47.54999923706055,45.709999084472656,46.97999954223633,2414000,0.0,0.0
2025-02-14 00:00:00-05:00,47.5,49.47999954223633,47.27000045776367,48.119998931884766,2129900,0.0,0.0
2025-02-18 00:00:00-05:00,49.900001525878906,49.900001525878906,47.029998779296875,48.27000045776367,2206400,0.0,0.0
2025-02-19 00:00:00-05:00,48.470001220703125,49.5,47.560001373291016,49.0,2404100,0.0,0.0
2025-02-20 00:00:00-05:00,48.33000183105469,49.349998474121094,46.83000183105469,47.400001525878906,3028800,0.0,0.0
2025-02-21 00:00:00-05:00,48.5,49.0,42.189998626708984,42.869998931884766,5736000,0.0,0.0
2025-02-24 00:00:00-05:00,43.2400016784668,45.97999954223633,42.25,42.439998626708984,2571100,0.0,0.0
2025-02-25 00:00:00-05:00,42.459999084472656,44.0099983215332,40.279998779296875,40.349998474121094,2396800,0.0,0.0
2025-02-26 00:00:00-05:00,41.40999984741211,43.83000183105469,41.38999938964844,43.189998626708984,2665600,0.0,0.0
2025-02-27 00:00:00-05:00,43.189998626708984,43.22999954223633,41.47999954223633,42.11000061035156,1642400,0.0,0.0
2025-02-28 00:00:00-05:00,41.720001220703125,42.66999816894531,41.11000061035156,42.54999923706055,1488600,0.0,0.0
2025-03-03 00:00:00-05:00,42.709999084472656,43.880001068115234,40.470001220703125,40.7400016784668,1863000,0.0,0.0
2025-03-04 00:00:00-05:00,39.849998474121094,42.58000183105469,39.16999816894531,41.47999954223633,2946300,0.0,0.0
2025-03-05 00:00:00-05:00,41.0099983215332,42.970001220703125,40.59000015258789,42.65999984741211,1686200,0.0,0.0
2025-03-06 00:00:00-05:00,41.25,42.33000183105469,39.880001068115234,40.16999816894531,2138300,0.0,0.0
2025-03-07 00:00:00-05:00,40.099998474121094,40.5,37.849998474121094,39.31999969482422,2314600,0.0,0.0
2025-03-10 00:00:00-04:00,38.20000076293945,38.59000015258789,34.880001068115234,35.84000015258789,3751300,0.0,0.0
2025-03-11 00:00:00-04:00,36.58000183105469,43.4900016784668,36.5099983215332,42.630001068115234,4237400,0.0,0.0
2025-03-12 00:00:00-04:00,43.91999816894531,45.0,42.779998779296875,43.099998474121094,3248100,0.0,0.0
2025-03-13 00:00:00-04:00,42.58000183105469,42.86000061035156,39.720001220703125,40.63999938964844,2280600,0.0,0.0
2025-03-14 00:00:00-04:00,41.040000915527344,43.09000015258789,41.0099983215332,42.88999938964844,1758800,0.0,0.0
2025-03-17 00:00:00-04:00,42.31999969482422,44.029998779296875,41.849998474121094,42.900001525878906,1529000,0.0,0.0
2025-03-18 00:00:00-04:00,42.0,44.029998779296875,40.880001068115234,43.849998474121094,1496100,0.0,0.0
2025-03-19 00:00:00-04:00,43.70000076293945,46.91999816894531,42.619998931884766,46.2400016784668,2599400,0.0,0.0
2025-03-20 00:00:00-04:00,45.41999816894531,46.619998931884766,44.650001525878906,44.720001220703125,2510300,0.0,0.0
2025-03-21 00:00:00-04:00,43.93000030517578,46.38999938964844,43.5,46.099998474121094,2065100,0.0,0.0
2025-03-24 00:00:00-04:00,46.810001373291016,47.720001220703125,46.0,46.7400016784668,1505400,0.0,0.0
2025-03-25 00:00:00-04:00,47.119998931884766,47.70000076293945,45.959999084472656,46.459999084472656,1305200,0.0,0.0
2025-03-26 00:00:00-04:00,46.58000183105469,47.68000030517578,45.470001220703125,45.84000015258789,1462100,0.0,0.0
2025-03-27 00:00:00-04:00,45.279998779296875,46.880001068115234,44.27000045776367,45.150001525878906,1160000,0.0,0.0
2025-03-28 00:00:00-04:00,45.369998931884766,45.650001525878906,42.689998626708984,43.13999938964844,1170000,0.0,0.0
2025-03-31 00:00:00-04:00,41.79999923706055,43.2599983215332,40.880001068115234,42.599998474121094,1669700,0.0,0.0
2025-04-01 00:00:00-04:00,42.15999984741211,43.11000061035156,41.31999969482422,42.470001220703125,1444000,0.0,0.0
2025-04-02 00:00:00-04:00,41.63999938964844,44.099998474121094,41.31999969482422,43.4900016784668,1287200,0.0,0.0
2025-04-03 00:00:00-04:00,41.0,42.439998626708984,40.220001220703125,42.02000045776367,1534300,0.0,0.0
2025-04-04 00:00:00-04:00,39.70000076293945,42.15999984741211,39.13999938964844,40.58000183105469,1891300,0.0,0.0
2025-04-07 00:00:00-04:00,38.41999816894531,43.33000183105469,37.150001525878906,41.779998779296875,2347900,0.0,0.0
2025-04-08 00:00:00-04:00,43.75,44.5099983215332,39.11000061035156,39.810001373291016,2389100,0.0,0.0
2025-04-09 00:00:00-04:00,39.060001373291016,45.2400016784668,39.0,43.869998931884766,3444300,0.0,0.0
2025-04-10 00:00:00-04:00,41.849998474121094,42.439998626708984,39.630001068115234,41.13999938964844,2038500,0.0,0.0
2025-04-11 00:00:00-04:00,41.34000015258789,43.939998626708984,40.77000045776367,43.709999084472656,2167400,0.0,0.0
2025-04-14 00:00:00-04:00,44.720001220703125,45.84000015258789,44.25,45.15999984741211,1680200,0.0,0.0
2025-04-15 00:00:00-04:00,45.2400016784668,46.779998779296875,44.65999984741211,44.849998474121094,2023000,0.0,0.0
2025-04-16 00:00:00-04:00,44.470001220703125,45.40999984741211,43.959999084472656,45.18000030517578,1417600,0.0,0.0
2025-04-17 00:00:00-04:00,44.790000915527344,45.11000061035156,43.939998626708984,44.970001220703125,1843900,0.0,0.0
2025-04-21 00:00:00-04:00,44.310001373291016,44.970001220703125,41.849998474121094,42.61000061035156,2133700,0.0,0.0
2025-04-22 00:00:00-04:00,43.45000076293945,45.13999938964844,43.310001373291016,43.79999923706055,1775400,0.0,0.0
2025-04-23 00:00:00-04:00,45.75,47.709999084472656,45.41999816894531,45.63999938964844,2317100,0.0,0.0
2025-04-24 00:00:00-04:00,46.060001373291016,47.599998474121094,44.5,47.40999984741211,1739700,0.0,0.0
2025-04-25 00:00:00-04:00,46.849998474121094,48.349998474121094,46.38999938964844,48.29999923706055,1405200,0.0,0.0
2025-04-28 00:00:00-04:00,48.77000045776367,49.86000061035156,47.36000061035156,47.9900016784668,1728400,0.0,0.0
2025-04-29 00:00:00-04:00,47.88999938964844,50.2400016784668,47.470001220703125,49.529998779296875,2451800,0.0,0.0
2025-04-30 00:00:00-04:00,47.72999954223633,48.40999984741211,46.7599983215332,47.22999954223633,3567400,0.0,0.0
2025-05-01 00:00:00-04:00,52.650001525878906,52.91999816894531,47.09000015258789,48.869998931884766,5049800,0.0,0.0
2025-05-02 00:00:00-04:00,50.209999084472656,51.380001068115234,45.52000045776367,46.849998474121094,5069500,0.0,0.0
2025-05-05 00:00:00-04:00,45.810001373291016,46.18000030517578,43.209999084472656,44.04999923706055,3711800,0.0,0.0
2025-05-06 00:00:00-04:00,43.29999923706055,44.09000015258789,41.86000061035156,41.93000030517578,4063100,0.0,0.0
2025-05-07 00:00:00-04:00,42.0,42.0,38.86000061035156,39.7400016784668,3547700,0.0,0.0
2025-05-08 00:00:00-04:00,40.18000030517578,42.43000030517578,39.849998474121094,41.68000030517578,4018200,0.0,0.0
2025-05-09 00:00:00-04:00,42.029998779296875,43.119998931884766,41.099998474121094,41.720001220703125,2781600,0.0,0.0
2025-05-12 00:00:00-04:00,42.470001220703125,43.459999084472656,41.04999923706055,41.65999984741211,2232700,0.0,0.0
2025-05-13 00:00:00-04:00,41.7400016784668,42.400001525878906,40.56999969482422,41.36000061035156,1492800,0.0,0.0
2025-05-14 00:00:00-04:00,41.40999984741211,42.31999969482422,40.400001525878906,40.720001220703125,1390700,0.0,0.0
2025-05-15 00:00:00-04:00,40.650001525878906,40.650001525878906,39.279998779296875,40.459999084472656,1543800,0.0,0.0
2025-05-16 00:00:00-04:00,40.65999984741211,41.060001373291016,40.130001068115234,40.66999816894531,1632200,0.0,0.0
2025-05-19 00:00:00-04:00,40.040000915527344,40.63999938964844,39.900001525878906,40.2400016784668,1236300,0.0,0.0
2025-05-20 00:00:00-04:00,40.2400016784668,40.34000015258789,39.400001525878906,39.970001220703125,1484600,0.0,0.0
2025-05-21 00:00:00-04:00,39.2400016784668,39.779998779296875,37.0099983215332,37.09000015258789,2184300,0.0,0.0
2025-05-22 00:00:00-04:00,36.709999084472656,37.70000076293945,36.709999084472656,37.04999923706055,1483000,0.0,0.0
2025-05-23 00:00:00-04:00,36.58000183105469,38.20000076293945,36.36000061035156,38.0,1373000,0.0,0.0
2025-05-27 00:00:00-04:00,38.88999938964844,39.630001068115234,38.459999084472656,39.16999816894531,1828000,0.0,0.0
2025-05-28 00:00:00-04:00,39.189998626708984,39.34000015258789,37.72999954223633,38.189998626708984,1651600,0.0,0.0
2025-05-29 00:00:00-04:00,38.63999938964844,38.880001068115234,38.029998779296875,38.54999923706055,966600,0.0,0.0
2025-05-30 00:00:00-04:00,38.310001373291016,41.150001525878906,38.06999969482422,40.619998931884766,2503200,0.0,0.0
2025-06-02 00:00:00-04:00,41.65999984741211,42.52000045776367,39.70000076293945,42.099998474121094,2855900,0.0,0.0
2025-06-03 00:00:00-04:00,42.31999969482422,46.75,42.290000915527344,45.790000915527344,4040200,0.0,0.0
2025-06-04 00:00:00-04:00,45.56999969482422,48.04999923706055,45.439998626708984,47.7599983215332,2691300,0.0,0.0
2025-06-05 00:00:00-04:00,47.84000015258789,50.029998779296875,46.400001525878906,48.40999984741211,3533400,0.0,0.0
2025-06-06 00:00:00-04:00,48.9900016784668,50.25,47.43000030517578,48.060001373291016,2067300,0.0,0.0
2025-06-09 00:00:00-04:00,48.439998626708984,50.540000915527344,47.15999984741211,49.529998779296875,2949300,0.0,0.0
2025-06-10 00:00:00-04:00,49.529998779296875,50.529998779296875,48.560001373291016,50.09000015258789,1752100,0.0,0.0
2025-06-11 00:00:00-04:00,50.16999816894531,50.18000030517578,48.13999938964844,49.029998779296875,1841500,0.0,0.0
2025-06-12 00:00:00-04:00,48.84000015258789,49.189998626708984,48.119998931884766,49.02000045776367,1256600,0.0,0.0
2025-06-13 00:00:00-04:00,47.220001220703125,50.38999938964844,46.849998474121094,49.290000915527344,1951000,0.0,0.0
2025-06-16 00:00:00-04:00,49.7599983215332,49.86000061035156,48.15999984741211,49.29999923706055,1689000,0.0,0.0
2025-06-17 00:00:00-04:00,48.72999954223633,50.08000183105469,48.0,49.529998779296875,2536600,0.0,0.0
2025-06-18 00:00:00-04:00,49.470001220703125,51.709999084472656,48.63999938964844,50.56999969482422,2919800,0.0,0.0
2025-06-20 00:00:00-04:00,50.650001525878906,50.97999954223633,48.75,49.13999938964844,2196600,0.0,0.0
2025-06-23 00:00:00-04:00,48.5099983215332,49.77000045776367,47.45000076293945,48.54999923706055,2432500,0.0,0.0
2025-06-24 00:00:00-04:00,49.91999816894531,51.150001525878906,49.439998626708984,49.9900016784668,1650000,0.0,0.0
2025-06-25 00:00:00-04:00,50.20000076293945,50.54999923706055,48.70000076293945,49.900001525878906,1667600,0.0,0.0
2025-06-26 00:00:00-04:00,50.25,50.33000183105469,48.06999969482422,50.029998779296875,2090000,0.0,0.0
2025-06-27 00:00:00-04:00,50.130001068115234,53.41999816894531,49.56999969482422,50.86000061035156,3366100,0.0,0.0
2025-06-30 00:00:00-04:00,51.16999816894531,52.45000076293945,51.15999984741211,52.040000915527344,1757000,0.0,0.0
2025-07-01 00:00:00-04:00,51.720001220703125,51.959999084472656,50.060001373291016,50.709999084472656,1841800,0.0,0.0
2025-07-02 00:00:00-04:00,50.75,51.470001220703125,49.5,50.18000030517578,1967700,0.0,0.0
2025-07-03 00:00:00-04:00,50.290000915527344,50.90999984741211,49.25,50.5,956900,0.0,0.0
2025-07-07 00:00:00-04:00,50.08000183105469,50.5,49.0,49.540000915527344,2503800,0.0,0.0
2025-07-08 00:00:00-04:00,49.61000061035156,51.40999984741211,48.900001525878906,50.81999969482422,2366900,0.0,0.0
2025-07-09 00:00:00-04:00,51.84000015258789,52.0,50.150001525878906,51.040000915527344,1713600,0.0,0.0
2025-07-10 00:00:00-04:00,50.9900016784668,52.459999084472656,50.83000183105469,51.290000915527344,1773200,0.0,0.0
2025-07-11 00:00:00-04:00,50.7400016784668,51.5,49.4900016784668,50.25,1207800,0.0,0.0
2025-07-14 00:00:00-04:00,50.630001068115234,51.04999923706055,49.38999938964844,49.77000045776367,1447700,0.0,0.0
2025-07-15 00:00:00-04:00,49.709999084472656,49.81999969482422,47.900001525878906,48.09000015258789,1847800,0.0,0.0
2025-07-16 00:00:00-04:00,48.38999938964844,48.9900016784668,47.29999923706055,47.810001373291016,1517500,0.0,0.0
2025-07-17 00:00:00-04:00,48.20000076293945,49.29999923706055,47.13999938964844,47.279998779296875,2864500,0.0,0.0
2025-07-18 00:00:00-04:00,47.40999984741211,47.970001220703125,46.04999923706055,46.459999084472656,1769900,0.0,0.0
2025-07-21 00:00:00-04:00,46.790000915527344,47.0,45.52000045776367,45.63999938964844,1579900,0.0,0.0
2025-07-22 00:00:00-04:00,45.310001373291016,46.43000030517578,45.06999969482422,46.25,2082400,0.0,0.0
2025-07-23 00:00:00-04:00,46.5,46.619998931884766,44.61000061035156,45.45000076293945,2365500,0.0,0.0
2025-07-24 00:00:00-04:00,45.38999938964844,45.91999816894531,44.91999816894531,45.4900016784668,1326700,0.0,0.0
2025-07-25 00:00:00-04:00,45.560001373291016,45.560001373291016,44.310001373291016,44.41999816894531,1439000,0.0,0.0
2025-07-28 00:00:00-04:00,44.619998931884766,44.900001525878906,43.84000015258789,44.27000045776367,1775800,0.0,0.0
2025-07-29 00:00:00-04:00,44.380001068115234,44.47999954223633,43.25,43.31999969482422,1785800,0.0,0.0
2025-07-30 00:00:00-04:00,43.560001373291016,45.599998474121094,43.560001373291016,45.189998626708984,4248600,0.0,0.0
2025-07-31 00:00:00-04:00,44.86000061035156,46.25,40.529998779296875,40.97999954223633,9117900,0.0,0.0
2025-08-01 00:00:00-04:00,40.75,42.220001220703125,40.349998474121094,41.41999816894531,3158500,0.0,0.0
2025-08-04 00:00:00-04:00,41.93000030517578,44.84000015258789,41.189998626708984,44.189998626708984,2888000,0.0,0.0
2025-08-05 00:00:00-04:00,44.08000183105469,46.20000076293945,43.959999084472656,46.16999816894531,2170000,0.0,0.0
2025-08-06 00:00:00-04:00,46.11000061035156,46.369998931884766,43.65999984741211,44.59000015258789,3142900,0.0,0.0
2025-08-07 00:00:00-04:00,52.029998779296875,53.68000030517578,48.25,50.38999938964844,8584600,0.0,0.0
2025-08-08 00:00:00-04:00,51.84000015258789,54.619998931884766,51.439998626708984,54.22999954223633,4809600,0.0,0.0
2025-08-11 00:00:00-04:00,54.61000061035156,55.099998474121094,53.290000915527344,54.79999923706055,2091000,0.0,0.0
2025-08-12 00:00:00-04:00,55.15999984741211,55.689998626708984,54.31999969482422,55.099998474121094,1854700,0.0,0.0
2025-08-13 00:00:00-04:00,55.400001525878906,58.619998931884766,55.13999938964844,58.56999969482422,3050100,0.0,0.0
2025-08-14 00:00:00-04:00,57.86000061035156,60.68000030517578,57.83000183105469,60.36000061035156,3564600,0.0,0.0
2025-08-15 00:00:00-04:00,60.36000061035156,60.66999816894531,58.59000015258789,58.880001068115234,3196500,0.0,0.0
2025-08-18 00:00:00-04:00,58.880001068115234,59.599998474121094,58.04999923706055,59.470001220703125,2145500,0.0,0.0
2025-08-19 00:00:00-04:00,59.02000045776367,59.91999816894531,58.540000915527344,58.56999969482422,2512900,0.0,0.0
2025-08-20 00:00:00-04:00,58.2400016784668,58.779998779296875,57.40999984741211,58.5,2256600,0.0,0.0
2025-08-21 00:00:00-04:00,58.119998931884766,62.08000183105469,57.939998626708984,61.279998779296875,2637100,0.0,0.0
2025-08-22 00:00:00-04:00,61.34000015258789,62.810001373291016,60.84000015258789,61.400001525878906,2002900,0.0,0.0
2025-08-25 00:00:00-04:00,61.41999816894531,61.970001220703125,61.060001373291016,61.880001068115234,1582800,0.0,0.0
2025-08-26 00:00:00-04:00,62.43000030517578,63.47999954223633,62.0,63.43000030517578,1525800,0.0,0.0
2025-08-27 00:00:00-04:00,63.459999084472656,64.69999694824219,63.279998779296875,63.5,1670000,0.0,0.0
2025-08-28 00:00:00-04:00,63.54999923706055,65.11000061035156,63.439998626708984,64.47000122070312,1411300,0.0,0.0
2025-08-29 00:00:00-04:00,64.77999877929688,67.51000213623047,64.66999816894531,67.41999816894531,2864300,0.0,0.0
2025-09-02 00:00:00-04:00,65.83999633789062,68.0,64.4800033569336,66.51000213623047,2296400,0.0,0.0
2025-09-03 00:00:00-04:00,66.0999984741211,66.77999877929688,64.31999969482422,65.05999755859375,2037500,0.0,0.0
2025-09-04 00:00:00-04:00,60.0,61.47999954223633,57.5,61.36000061035156,4699300,0.0,0.0
2025-09-05 00:00:00-04:00,61.40999984741211,61.95000076293945,58.66999816894531,60.130001068115234,2885000,0.0,0.0
2025-09-08 00:00:00-04:00,60.29999923706055,61.36000061035156,59.34000015258789,60.16999816894531,2330500,0.0,0.0
2025-09-09 00:00:00-04:00,60.22999954223633,60.36000061035156,58.720001220703125,59.439998626708984,2551600,0.0,0.0
2025-09-10 00:00:00-04:00,58.400001525878906,59.04999923706055,56.349998474121094,56.56999969482422,2497700,0.0,0.0
2025-09-11 00:00:00-04:00,57.029998779296875,58.040000915527344,56.45000076293945,56.79999923706055,1611700,0.0,0.0
2025-09-12 00:00:00-04:00,55.220001220703125,55.630001068115234,53.66999816894531,54.900001525878906,2780200,0.0,0.0
2025-09-15 00:00:00-04:00,54.54999923706055,55.2400016784668,53.77000045776367,54.790000915527344,2478200,0.0,0.0
2025-09-16 00:00:00-04:00,54.630001068115234,56.45000076293945,53.400001525878906,55.400001525878906,2160300,0.0,0.0
2025-09-17 00:00:00-04:00,55.630001068115234,58.75,55.630001068115234,57.189998626708984,2242100,0.0,0.0
2025-09-18 00:00:00-04:00,57.16999816894531,58.91999816894531,56.95000076293945,58.79999923706055,1795100,0.0,0.0
2025-09-19 00:00:00-04:00,59.18000030517578,59.720001220703125,58.630001068115234,59.150001525878906,2807900,0.0,0.0
2025-09-22 00:00:00-04:00,59.79999923706055,61.470001220703125,59.189998626708984,59.779998779296875,2261800,0.0,0.0
2025-09-23 00:00:00-04:00,59.95000076293945,61.68000030517578,59.369998931884766,59.720001220703125,2239300,0.0,0.0
2025-09-24 00:00:00-04:00,61.04999923706055,61.15999984741211,55.380001068115234,57.66999816894531,4462800,0.0,0.0
2025-09-25 00:00:00-04:00,59.369998931884766,63.04999923706055,58.7400016784668,60.18000030517578,4712100,0.0,0.0
2025-09-26 00:00:00-04:00,60.18000030517578,60.709999084472656,59.029998779296875,60.029998779296875,2484500,0.0,0.0
2025-09-29 00:00:00-04:00,60.029998779296875,62.779998779296875,59.630001068115234,61.9900016784668,2654400,0.0,0.0
2025-09-30 00:00:00-04:00,61.97999954223633,62.54999923706055,61.31999969482422,62.47999954223633,1917800,0.0,0.0
2025-10-01 00:00:00-04:00,62.47999954223633,63.630001068115234,61.66999816894531,62.650001525878906,1751100,0.0,0.0
2025-10-02 00:00:00-04:00,62.599998474121094,63.0,60.45000076293945,61.459999084472656,2086200,0.0,0.0
2025-10-03 00:00:00-04:00,61.90999984741211,63.61000061035156,61.130001068115234,62.84000015258789,1825900,0.0,0.0
2025-10-06 00:00:00-04:00,63.099998474121094,65.19000244140625,62.95000076293945,63.380001068115234,1996900,0.0,0.0
2025-10-07 00:00:00-04:00,63.27000045776367,64.19000244140625,61.70000076293945,63.439998626708984,1431100,0.0,0.0
2025-10-08 00:00:00-04:00,64.06999969482422,66.02999877929688,63.779998779296875,65.31999969482422,1594500,0.0,0.0
2025-10-09 00:00:00-04:00,65.1500015258789,66.5,64.9000015258789,65.26000213623047,1175100,0.0,0.0
2025-10-10 00:00:00-04:00,66.56999969482422,66.56999969482422,63.869998931884766,64.22000122070312,2171400,0.0,0.0
2025-10-13 00:00:00-04:00,64.55999755859375,65.2300033569336,61.33000183105469,61.72999954223633,2025700,0.0,0.0
2025-10-14 00:00:00-04:00,61.459999084472656,63.77000045776367,61.0,62.560001373291016,1430900,0.0,0.0
2025-10-15 00:00:00-04:00,63.09000015258789,65.2699966430664,62.9900016784668,64.19000244140625,1701800,0.0,0.0
2025-10-16 00:00:00-04:00,64.61000061035156,68.2300033569336,64.58000183105469,67.47000122070312,2967500,0.0,0.0
2025-10-17 00:00:00-04:00,66.94999694824219,67.0999984741211,64.0,65.45999908447266,1685500,0.0,0.0
2025-10-20 00:00:00-04:00,65.95999908447266,70.27999877929688,65.95999908447266,70.19999694824219,2446000,0.0,0.0
2025-10-21 00:00:00-04:00,70.12000274658203,70.33000183105469,67.04000091552734,67.51000213623047,2548400,0.0,0.0
2025-10-22 00:00:00-04:00,69.2300033569336,69.51000213623047,66.72000122070312,68.02999877929688,1959100,0.0,0.0
2025-10-23 00:00:00-04:00,67.81999969482422,69.37999725341797,66.58999633789062,69.3499984741211,2065600,0.0,0.0
2025-10-24 00:00:00-04:00,70.27999877929688,72.69999694824219,69.83000183105469,72.1500015258789,2469400,0.0,0.0
2025-10-27 00:00:00-04:00,72.55999755859375,73.30999755859375,70.01000213623047,70.8499984741211,1971200,0.0,0.0
2025-10-28 00:00:00-04:00,70.8499984741211,70.8499984741211,68.33000183105469,69.58000183105469,1933400,0.0,0.0
2025-10-29 00:00:00-04:00,69.16999816894531,73.1500015258789,68.0199966430664,72.2699966430664,4725100,0.0,0.0
2025-10-30 00:00:00-04:00,89.98999786376953,95.87999725341797,88.22000122070312,92.41000366210938,11095400,0.0,0.0
2025-10-31 00:00:00-04:00,91.38999938964844,93.66000366210938,88.68000030517578,93.0199966430664,4053800,0.0,0.0
2025-11-03 00:00:00-05:00,94.06999969482422,99.2300033569336,92.56999969482422,98.91999816894531,2686300,0.0,0.0
2025-11-04 00:00:00-05:00,93.4000015258789,100.22000122070312,93.05000305175781,98.13999938964844,3066100,0.0,0.0
2025-11-05 00:00:00-05:00,92.75,95.23999786376953,88.87999725341797,95.05000305175781,9810100,0.0,0.0
2025-11-06 00:00:00-05:00,95.01000213623047,97.51000213623047,89.68000030517578,96.25,4021400,0.0,0.0
2025-11-07 00:00:00-05:00,95.08000183105469,96.7699966430664,92.54000091552734,96.72000122070312,2745500,0.0,0.0
2025-11-10 00:00:00-05:00,98.0,101.56999969482422,96.44999694824219,97.91999816894531,2825300,0.0,0.0
2025-11-11 00:00:00-05:00,96.77999877929688,99.30999755859375,96.75,97.70999908447266,1900600,0.0,0.0
2025-11-12 00:00:00-05:00,98.36000061035156,99.7300033569336,95.26000213623047,97.83999633789062,2329600,0.0,0.0
2025-11-13 00:00:00-05:00,96.81999969482422,98.16999816894531,93.51000213623047,94.12999725341797,2152200,0.0,0.0
2025-11-14 00:00:00-05:00,91.20999908447266,95.77999877929688,90.44000244140625,94.37000274658203,1732300,0.0,0.0
2025-11-17 00:00:00-05:00,94.48999786376953,97.44999694824219,93.9800033569336,96.4800033569336,1523800,0.0,0.0
2025-11-18 00:00:00-05:00,95.83999633789062,97.66999816894531,94.05000305175781,95.56999969482422,1530400,0.0,0.0
2025-11-19 00:00:00-05:00,95.87999725341797,105.2699966430664,95.01000213623047,99.55000305175781,4721000,0.0,0.0
2025-11-20 00:00:00-05:00,103.5,110.0,100.04000091552734,100.30000305175781,5522800,0.0,0.0
2025-11-21 00:00:00-05:00,99.75,108.05999755859375,98.2300033569336,105.41999816894531,3348400,0.0,0.0
2025-11-24 00:00:00-05:00,105.79000091552734,111.91000366210938,104.3499984741211,111.25,2835800,0.0,0.0
2025-11-25 00:00:00-05:00,112.43000030517578,112.43000030517578,108.5199966430664,108.80999755859375,2860600,0.0,0.0
2025-11-26 00:00:00-05:00,108.76000213623047,109.80999755859375,106.66999816894531,107.79000091552734,1595400,0.0,0.0
2025-11-28 00:00:00-05:00,108.80999755859375,108.80999755859375,106.4800033569336,108.41999816894531,694700,0.0,0.0
2025-12-01 00:00:00-05:00,107.91999816894531,108.12999725341797,104.56999969482422,105.22000122070312,1677100,0.0,0.0
2025-12-02 00:00:00-05:00,106.62000274658203,107.47000122070312,103.36000061035156,103.87000274658203,1543000,0.0,0.0
2025-12-03 00:00:00-05:00,104.44999694824219,107.19000244140625,103.47000122070312,105.95999908447266,1592700,0.0,0.0
2025-12-04 00:00:00-05:00,106.01000213623047,109.58999633789062,105.68000030517578,108.5199966430664,1905500,0.0,0.0
2025-12-05 00:00:00-05:00,108.83999633789062,108.83999633789062,100.68000030517578,102.0199966430664,3757400,0.0,0.0
2025-12-08 00:00:00-05:00,102.5999984741211,106.1500015258789,102.06999969482422,104.16999816894531,1881200,0.0,0.0
2025-12-09 00:00:00-05:00,104.02999877929688,106.0,101.94000244140625,103.20999908447266,1424700,0.0,0.0
2025-12-10 00:00:00-05:00,103.20999908447266,105.66999816894531,102.30000305175781,102.62000274658203,1930500,0.0,0.0
2025-12-11 00:00:00-05:00,104.36000061035156,104.37000274658203,100.20999908447266,101.37999725341797,1376600,0.0,0.0
2025-12-12 00:00:00-05:00,103.5199966430664,103.5199966430664,100.47000122070312,102.06999969482422,1508300,0.0,0.0
2025-12-15 00:00:00-05:00,104.12000274658203,105.01000213623047,102.19999694824219,102.66999816894531,1967400,0.0,0.0
2025-12-16 00:00:00-05:00,102.01000213623047,103.0,97.16999816894531,100.0,3264300,0.0,0.0
2025-12-17 00:00:00-05:00,101.45999908447266,101.45999908447266,96.94999694824219,97.47000122070312,1912300,0.0,0.0
2025-12-18 00:00:00-05:00,98.54000091552734,99.81999969482422,96.27999877929688,97.0999984741211,3042100,0.0,0.0
2025-12-19 00:00:00-05:00,96.6500015258789,100.06999969482422,96.51000213623047,99.73999786376953,3451700,0.0,0.0
2025-12-22 00:00:00-05:00,100.93000030517578,102.13999938964844,99.7699966430664,101.33999633789062,1375700,0.0,0.0
2025-12-23 00:00:00-05:00,100.76000213623047,103.16999816894531,100.0,102.5,1485300,0.0,0.0
2025-12-24 00:00:00-05:00,101.87000274658203,103.0,101.38999938964844,102.37999725341797,581200,0.0,0.0
2025-12-26 00:00:00-05:00,102.27999877929688,104.75,101.5,102.9800033569336,1042400,0.0,0.0
2025-12-29 00:00:00-05:00,102.5199966430664,103.20999908447266,100.69999694824219,101.38999938964844,910700,0.0,0.0
2025-12-30 00:00:00-05:00,101.9000015258789,101.95999908447266,99.81999969482422,100.5999984741211,987200,0.0,0.0
2025-12-31 00:00:00-05:00,100.76000213623047,102.72000122070312,100.58000183105469,102.13999938964844,1026300,0.0,0.0
2026-01-02 00:00:00-05:00,102.30000305175781,102.80000305175781,100.76000213623047,101.73999786376953,1093300,0.0,0.0
2026-01-05 00:00:00-05:00,101.0999984741211,103.55000305175781,97.30999755859375,101.87000274658203,2909200,0.0,0.0
2026-01-06 00:00:00-05:00,101.91999816894531,112.44000244140625,101.91999816894531,112.33000183105469,4490400,0.0,0.0
2026-01-07 00:00:00-05:00,112.66000366210938,113.91000366210938,108.5999984741211,109.93000030517578,2607700,0.0,0.0
2026-01-08 00:00:00-05:00,109.01000213623047,111.5,106.41999816894531,108.73999786376953,1801100,0.0,0.0
2026-01-09 00:00:00-05:00,108.16999816894531,112.4000015258789,106.97000122070312,110.16999816894531,2412100,0.0,0.0
2026-01-12 00:00:00-05:00,113.0,113.91000366210938,103.80000305175781,107.56999969482422,2358500,0.0,0.0
2026-01-13 00:00:00-05:00,107.98999786376953,108.37999725341797,103.80999755859375,106.88999938964844,1511000,0.0,0.0
2026-01-14 00:00:00-05:00,106.87000274658203,109.08000183105469,104.66000366210938,108.5999984741211,1390400,0.0,0.0
2026-01-15 00:00:00-05:00,108.93000030517578,112.52999877929688,108.38999938964844,111.9800033569336,1546700,0.0,0.0
2026-01-16 00:00:00-05:00,111.9800033569336,115.54000091552734,110.08999633789062,112.13999938964844,2120500,0.0,0.0
2026-01-20 00:00:00-05:00,110.5,114.97000122070312,109.11000061035156,114.87000274658203,1926700,0.0,0.0
2026-01-21 00:00:00-05:00,115.0999984741211,116.41000366210938,110.30999755859375,115.75,2268700,0.0,0.0
2026-01-22 00:00:00-05:00,116.41000366210938,120.73999786376953,115.94999694824219,117.27999877929688,3002500,0.0,0.0
2026-01-23 00:00:00-05:00,116.5,118.29000091552734,113.66999816894531,114.75,1466400,0.0,0.0
2026-01-26 00:00:00-05:00,114.1500015258789,117.73999786376953,113.0199966430664,114.73999786376953,1115800,0.0,0.0
2026-01-27 00:00:00-05:00,114.0,117.0,113.52999877929688,114.58999633789062,1295200,0.0,0.0
2026-01-28 00:00:00-05:00,114.86000061035156,115.25,109.25,109.7300033569336,1706200,0.0,0.0
2026-01-29 00:00:00-05:00,107.68000030517578,110.4800033569336,105.77999877929688,110.4800033569336,1167200,0.0,0.0
2026-01-30 00:00:00-05:00,111.58999633789062,114.97000122070312,108.73999786376953,114.04000091552734,2021400,0.0,0.0
2026-02-02 00:00:00-05:00,113.68000030517578,116.2699966430664,112.41000366210938,114.9000015258789,1734000,0.0,0.0
2026-02-03 00:00:00-05:00,115.94999694824219,118.0,111.33000183105469,113.05000305175781,1638600,0.0,0.0
2026-02-04 00:00:00-05:00,113.05000305175781,113.98999786376953,102.20999908447266,106.1500015258789,3837600,0.0,0.0
2026-02-05 00:00:00-05:00,105.2699966430664,107.76000213623047,97.87999725341797,98.36000061035156,5320700,0.0,0.0
2026-02-06 00:00:00-05:00,100.7699966430664,102.69999694824219,97.5199966430664,101.8499984741211,2271800,0.0,0.0
2026-02-09 00:00:00-05:00,101.08000183105469,106.7300033569336,99.5,105.33999633789062,1555400,0.0,0.0
2026-02-10 00:00:00-05:00,105.58000183105469,107.69000244140625,104.52999877929688,105.02999877929688,1177200,0.0,0.0
2026-02-11 00:00:00-05:00,106.30000305175781,107.66999816894531,100.26000213623047,107.58000183105469,1759400,0.0,0.0
2026-02-12 00:00:00-05:00,108.0,108.51000213623047,100.27999877929688,102.76000213623047,2006100,0.0,0.0
2026-02-13 00:00:00-05:00,102.9000015258789,106.41999816894531,102.75,104.8499984741211,881550,0.0,0.0
