Date,Open,High,Low,Close,Volume,Dividends,Stock Splits
2022-01-03 00:00:00-05:00,22.959999084472656,24.299999237060547,22.850000381469727,24.25,143900,0.0,0.0
2022-01-04 00:00:00-05:00,24.25,24.3700008392334,23.6299991607666,23.81999969482422,75900,0.0,0.0
2022-01-05 00:00:00-05:00,24.0,24.43000030517578,23.079999923706055,23.25,125600,0.0,0.0
2022-01-06 00:00:00-05:00,23.299999237060547,23.700000762939453,22.739999771118164,23.420000076293945,71000,0.0,0.0
2022-01-07 00:00:00-05:00,23.309999465942383,23.979999542236328,22.940000534057617,23.899999618530273,122100,0.0,0.0
2022-01-10 00:00:00-05:00,23.670000076293945,24.049999237060547,22.889999389648438,23.8799991607666,178600,0.0,0.0
2022-01-11 00:00:00-05:00,24.030000686645508,24.59000015258789,23.469999313354492,24.260000228881836,121900,0.0,0.0
2022-01-12 00:00:00-05:00,24.510000228881836,24.610000610351562,23.68000030517578,23.729999542236328,151300,0.0,0.0
2022-01-13 00:00:00-05:00,23.84000015258789,24.559999465942383,23.350000381469727,23.440000534057617,265300,0.0,0.0
2022-01-14 00:00:00-05:00,22.6200008392334,23.5,22.6200008392334,23.059999465942383,152300,0.0,0.0
2022-01-18 00:00:00-05:00,22.59000015258789,22.770000457763672,21.81999969482422,21.93000030517578,222500,0.0,0.0
2022-01-19 00:00:00-05:00,21.969999313354492,22.65999984741211,21.219999313354492,21.389999389648438,126500,0.0,0.0
2022-01-20 00:00:00-05:00,21.670000076293945,22.68000030517578,20.639999389648438,21.770000457763672,144300,0.0,0.0
2022-01-21 00:00:00-05:00,21.479999542236328,22.700000762939453,20.399999618530273,21.0,165600,0.0,0.0
2022-01-24 00:00:00-05:00,20.649999618530273,21.40999984741211,19.350000381469727,21.299999237060547,192700,0.0,0.0
2022-01-25 00:00:00-05:00,20.84000015258789,21.729999542236328,20.020000457763672,21.110000610351562,241500,0.0,0.0
2022-01-26 00:00:00-05:00,21.5,22.360000610351562,20.809999465942383,21.34000015258789,235000,0.0,0.0
2022-01-27 00:00:00-05:00,21.65999984741211,22.229999542236328,21.299999237060547,21.40999984741211,124500,0.0,0.0
2022-01-28 00:00:00-05:00,21.34000015258789,22.290000915527344,21.270000457763672,22.229999542236328,166200,0.0,0.0
2022-01-31 00:00:00-05:00,22.06999969482422,23.209999084472656,21.639999389648438,23.139999389648438,176900,0.0,0.0
2022-02-01 00:00:00-05:00,23.31999969482422,24.639999389648438,22.809999465942383,24.399999618530273,436600,0.0,0.0
2022-02-02 00:00:00-05:00,24.239999771118164,24.709999084472656,23.25,23.510000228881836,329000,0.0,0.0
2022-02-03 00:00:00-05:00,23.1299991607666,23.75,22.270000457763672,22.399999618530273,152600,0.0,0.0
2022-02-04 00:00:00-05:00,22.31999969482422,23.3700008392334,22.149999618530273,23.239999771118164,140300,0.0,0.0
2022-02-07 00:00:00-05:00,23.34000015258789,23.850000381469727,23.049999237060547,23.65999984741211,140700,0.0,0.0
2022-02-08 00:00:00-05:00,23.729999542236328,24.530000686645508,23.440000534057617,24.389999389648438,251600,0.0,0.0
2022-02-09 00:00:00-05:00,24.530000686645508,26.25,24.530000686645508,26.100000381469727,339600,0.0,0.0
2022-02-10 00:00:00-05:00,25.59000015258789,27.260000228881836,25.59000015258789,26.899999618530273,843800,0.0,0.0
2022-02-11 00:00:00-05:00,26.850000381469727,27.489999771118164,26.1299991607666,26.530000686645508,343500,0.0,0.0
2022-02-14 00:00:00-05:00,26.729999542236328,27.8700008392334,26.469999313354492,27.579999923706055,211200,0.0,0.0
2022-02-15 00:00:00-05:00,28.0,28.09000015258789,26.31999969482422,26.440000534057617,329800,0.0,0.0
2022-02-16 00:00:00-05:00,26.34000015258789,26.700000762939453,25.700000762939453,26.510000228881836,124000,0.0,0.0
2022-02-17 00:00:00-05:00,26.06999969482422,26.56999969482422,25.40999984741211,25.770000457763672,97000,0.0,0.0
2022-02-18 00:00:00-05:00,25.649999618530273,25.959999084472656,25.31999969482422,25.360000610351562,114900,0.0,0.0
2022-02-22 00:00:00-05:00,25.209999084472656,25.56999969482422,24.56999969482422,25.030000686645508,109800,0.0,0.0
2022-02-23 00:00:00-05:00,25.3700008392334,25.600000381469727,24.09000015258789,24.1200008392334,113900,0.0,0.0
2022-02-24 00:00:00-05:00,23.399999618530273,26.229999542236328,23.399999618530273,25.93000030517578,207600,0.0,0.0
2022-02-25 00:00:00-05:00,26.170000076293945,26.5,25.530000686645508,26.450000762939453,127300,0.0,0.0
2022-02-28 00:00:00-05:00,26.040000915527344,27.049999237060547,26.040000915527344,26.399999618530273,125000,0.0,0.0
2022-03-01 00:00:00-05:00,26.40999984741211,26.40999984741211,25.06999969482422,25.209999084472656,166000,0.0,0.0
2022-03-02 00:00:00-05:00,25.479999542236328,26.030000686645508,25.229999542236328,25.93000030517578,133500,0.0,0.0
2022-03-03 00:00:00-05:00,26.100000381469727,26.6200008392334,24.969999313354492,25.079999923706055,132600,0.0,0.0
2022-03-04 00:00:00-05:00,24.690000534057617,25.309999465942383,23.920000076293945,24.389999389648438,156800,0.0,0.0
2022-03-07 00:00:00-05:00,24.280000686645508,24.290000915527344,23.700000762939453,23.989999771118164,217300,0.0,0.0
2022-03-08 00:00:00-05:00,23.989999771118164,25.010000228881836,23.700000762939453,24.100000381469727,216100,0.0,0.0
2022-03-09 00:00:00-05:00,24.670000076293945,25.479999542236328,24.670000076293945,25.149999618530273,134000,0.0,0.0
2022-03-10 00:00:00-05:00,24.6200008392334,25.649999618530273,24.6200008392334,25.56999969482422,267300,0.0,0.0
2022-03-11 00:00:00-05:00,25.729999542236328,25.829999923706055,24.270000457763672,24.280000686645508,82600,0.0,0.0
2022-03-14 00:00:00-04:00,24.219999313354492,24.75,23.68000030517578,23.829999923706055,95400,0.0,0.0
2022-03-15 00:00:00-04:00,23.940000534057617,24.81999969482422,23.940000534057617,24.719999313354492,108400,0.0,0.0
2022-03-16 00:00:00-04:00,25.079999923706055,25.989999771118164,24.729999542236328,25.93000030517578,193000,0.0,0.0
2022-03-17 00:00:00-04:00,25.780000686645508,26.0,25.40999984741211,25.889999389648438,66400,0.0,0.0
2022-03-18 00:00:00-04:00,25.989999771118164,26.8799991607666,25.56999969482422,26.709999084472656,145200,0.0,0.0
2022-03-21 00:00:00-04:00,26.709999084472656,26.850000381469727,25.68000030517578,26.510000228881836,110800,0.0,0.0
2022-03-22 00:00:00-04:00,26.739999771118164,27.489999771118164,26.329999923706055,27.030000686645508,140600,0.0,0.0
2022-03-23 00:00:00-04:00,26.68000030517578,26.899999618530273,26.020000457763672,26.139999389648438,95000,0.0,0.0
2022-03-24 00:00:00-04:00,26.329999923706055,26.399999618530273,25.889999389648438,26.25,138600,0.0,0.0
2022-03-25 00:00:00-04:00,26.3700008392334,27.3700008392334,26.139999389648438,27.299999237060547,131400,0.0,0.0
2022-03-28 00:00:00-04:00,27.299999237060547,27.68000030517578,26.299999237060547,26.610000610351562,194100,0.0,0.0
2022-03-29 00:00:00-04:00,27.030000686645508,27.959999084472656,26.75,27.860000610351562,126300,0.0,0.0
2022-03-30 00:00:00-04:00,27.559999465942383,28.350000381469727,27.209999084472656,28.190000534057617,170400,0.0,0.0
2022-03-31 00:00:00-04:00,28.040000915527344,28.3799991607666,27.549999237060547,27.860000610351562,110300,0.0,0.0
2022-04-01 00:00:00-04:00,27.860000610351562,28.219999313354492,27.700000762939453,28.010000228881836,83200,0.0,0.0
2022-04-04 00:00:00-04:00,28.15999984741211,28.8799991607666,27.889999389648438,28.799999237060547,137800,0.0,0.0
2022-04-05 00:00:00-04:00,28.6299991607666,29.770000457763672,28.600000381469727,29.639999389648438,439600,0.0,0.0
2022-04-06 00:00:00-04:00,29.09000015258789,29.440000534057617,27.309999465942383,28.280000686645508,210000,0.0,0.0
2022-04-07 00:00:00-04:00,28.229999542236328,28.229999542236328,26.729999542236328,27.5,271500,0.0,0.0
2022-04-08 00:00:00-04:00,27.440000534057617,27.440000534057617,26.450000762939453,26.459999084472656,140800,0.0,0.0
2022-04-11 00:00:00-04:00,25.81999969482422,27.100000381469727,25.81999969482422,26.600000381469727,120100,0.0,0.0
2022-04-12 00:00:00-04:00,27.06999969482422,27.1200008392334,26.270000457763672,26.31999969482422,73500,0.0,0.0
2022-04-13 00:00:00-04:00,26.389999389648438,26.899999618530273,26.200000762939453,26.760000228881836,127600,0.0,0.0
2022-04-14 00:00:00-04:00,26.989999771118164,27.3700008392334,26.6299991607666,26.6299991607666,51300,0.0,0.0
2022-04-18 00:00:00-04:00,26.579999923706055,27.0,26.350000381469727,26.649999618530273,71300,0.0,0.0
2022-04-19 00:00:00-04:00,26.649999618530273,27.56999969482422,26.649999618530273,27.559999465942383,67200,0.0,0.0
2022-04-20 00:00:00-04:00,27.729999542236328,28.90999984741211,26.690000534057617,26.690000534057617,72100,0.0,0.0
2022-04-21 00:00:00-04:00,27.110000610351562,27.399999618530273,25.670000076293945,26.299999237060547,150300,0.0,0.0
2022-04-22 00:00:00-04:00,26.06999969482422,26.299999237060547,25.510000228881836,25.719999313354492,226800,0.0,0.0
2022-04-25 00:00:00-04:00,25.399999618530273,27.059999465942383,25.329999923706055,26.8700008392334,83500,0.0,0.0
2022-04-26 00:00:00-04:00,26.600000381469727,26.90999984741211,25.65999984741211,25.670000076293945,49400,0.0,0.0
2022-04-27 00:00:00-04:00,25.8700008392334,26.459999084472656,25.520000457763672,25.81999969482422,75200,0.0,0.0
2022-04-28 00:00:00-04:00,26.209999084472656,27.489999771118164,25.489999771118164,27.459999084472656,145700,0.0,0.0
2022-04-29 00:00:00-04:00,27.030000686645508,27.770000457763672,26.780000686645508,27.450000762939453,221600,0.0,0.0
2022-05-02 00:00:00-04:00,27.290000915527344,28.489999771118164,27.010000228881836,28.459999084472656,237600,0.0,0.0
2022-05-03 00:00:00-04:00,28.329999923706055,29.079999923706055,27.989999771118164,28.43000030517578,178600,0.0,0.0
2022-05-04 00:00:00-04:00,28.3700008392334,29.030000686645508,27.510000228881836,28.979999542236328,138900,0.0,0.0
2022-05-05 00:00:00-04:00,28.59000015258789,28.59000015258789,26.420000076293945,26.920000076293945,104000,0.0,0.0
2022-05-06 00:00:00-04:00,26.889999389648438,26.889999389648438,25.270000457763672,25.75,241300,0.0,0.0
2022-05-09 00:00:00-04:00,25.59000015258789,26.440000534057617,24.770000457763672,25.049999237060547,230400,0.0,0.0
2022-05-10 00:00:00-04:00,25.940000534057617,27.06999969482422,24.260000228881836,24.940000534057617,254000,0.0,0.0
2022-05-11 00:00:00-04:00,25.030000686645508,25.450000762939453,22.950000762939453,23.020000457763672,311600,0.0,0.0
2022-05-12 00:00:00-04:00,22.860000610351562,24.15999984741211,22.6200008392334,23.540000915527344,206500,0.0,0.0
2022-05-13 00:00:00-04:00,23.920000076293945,24.68000030517578,23.729999542236328,23.90999984741211,182000,0.0,0.0
2022-05-16 00:00:00-04:00,23.770000457763672,24.549999237060547,23.31999969482422,23.420000076293945,90700,0.0,0.0
2022-05-17 00:00:00-04:00,23.940000534057617,24.540000915527344,23.3700008392334,24.190000534057617,214600,0.0,0.0
2022-05-18 00:00:00-04:00,23.649999618530273,24.639999389648438,23.25,23.280000686645508,104100,0.0,0.0
2022-05-19 00:00:00-04:00,23.049999237060547,24.25,22.75,23.81999969482422,143300,0.0,0.0
2022-05-20 00:00:00-04:00,24.15999984741211,24.690000534057617,22.850000381469727,23.530000686645508,125400,0.0,0.0
2022-05-23 00:00:00-04:00,23.75,23.81999969482422,23.190000534057617,23.719999313354492,101800,0.0,0.0
2022-05-24 00:00:00-04:00,23.350000381469727,23.56999969482422,21.8799991607666,22.770000457763672,146100,0.0,0.0
2022-05-25 00:00:00-04:00,22.530000686645508,23.610000610351562,22.530000686645508,23.399999618530273,112400,0.0,0.0
2022-05-26 00:00:00-04:00,23.43000030517578,23.860000610351562,23.139999389648438,23.270000457763672,162700,0.0,0.0
2022-05-27 00:00:00-04:00,23.649999618530273,24.0,23.489999771118164,23.799999237060547,103800,0.0,0.0
2022-05-31 00:00:00-04:00,23.469999313354492,23.719999313354492,22.860000610351562,23.31999969482422,179700,0.0,0.0
2022-06-01 00:00:00-04:00,23.579999923706055,23.729999542236328,22.829999923706055,23.270000457763672,89000,0.0,0.0
2022-06-02 00:00:00-04:00,23.260000228881836,24.09000015258789,22.8799991607666,24.06999969482422,199400,0.0,0.0
2022-06-03 00:00:00-04:00,23.850000381469727,23.93000030517578,23.040000915527344,23.3799991607666,66100,0.0,0.0
2022-06-06 00:00:00-04:00,23.690000534057617,23.899999618530273,23.329999923706055,23.760000228881836,99600,0.0,0.0
2022-06-07 00:00:00-04:00,23.510000228881836,24.610000610351562,23.459999084472656,24.549999237060547,141100,0.0,0.0
2022-06-08 00:00:00-04:00,24.510000228881836,25.110000610351562,24.440000534057617,24.690000534057617,126300,0.0,0.0
2022-06-09 00:00:00-04:00,24.639999389648438,24.739999771118164,24.18000030517578,24.40999984741211,118400,0.0,0.0
2022-06-10 00:00:00-04:00,24.520000457763672,24.540000915527344,22.600000381469727,23.219999313354492,158300,0.0,0.0
2022-06-13 00:00:00-04:00,22.489999771118164,22.6200008392334,21.75,21.790000915527344,139800,0.0,0.0
2022-06-14 00:00:00-04:00,21.81999969482422,22.809999465942383,21.540000915527344,22.25,165000,0.0,0.0
2022-06-15 00:00:00-04:00,22.5,25.729999542236328,22.5,24.65999984741211,509700,0.0,0.0
2022-06-16 00:00:00-04:00,23.889999389648438,23.950000762939453,22.389999389648438,22.540000915527344,194700,0.0,0.0
2022-06-17 00:00:00-04:00,22.780000686645508,24.0,22.479999542236328,23.75,446900,0.0,0.0
2022-06-21 00:00:00-04:00,23.979999542236328,25.489999771118164,23.649999618530273,23.649999618530273,148100,0.0,0.0
2022-06-22 00:00:00-04:00,23.239999771118164,24.940000534057617,22.81999969482422,23.670000076293945,110400,0.0,0.0
2022-06-23 00:00:00-04:00,23.719999313354492,24.90999984741211,23.040000915527344,24.8799991607666,109500,0.0,0.0
2022-06-24 00:00:00-04:00,24.959999084472656,25.950000762939453,24.90999984741211,25.889999389648438,281000,0.0,0.0
2022-06-27 00:00:00-04:00,25.979999542236328,26.0,25.469999313354492,25.8799991607666,160000,0.0,0.0
2022-06-28 00:00:00-04:00,25.969999313354492,26.049999237060547,24.5,24.559999465942383,110000,0.0,0.0
2022-06-29 00:00:00-04:00,24.59000015258789,25.6299991607666,24.139999389648438,24.639999389648438,69400,0.0,0.0
2022-06-30 00:00:00-04:00,24.25,25.360000610351562,22.729999542236328,25.020000457763672,286400,0.0,0.0
2022-07-01 00:00:00-04:00,24.959999084472656,26.020000457763672,24.65999984741211,25.059999465942383,118900,0.0,0.0
2022-07-05 00:00:00-04:00,24.709999084472656,25.049999237060547,24.209999084472656,25.030000686645508,69200,0.0,0.0
2022-07-06 00:00:00-04:00,25.09000015258789,25.239999771118164,24.600000381469727,25.06999969482422,58800,0.0,0.0
2022-07-07 00:00:00-04:00,25.040000915527344,26.040000915527344,25.040000915527344,25.950000762939453,68400,0.0,0.0
2022-07-08 00:00:00-04:00,25.639999389648438,26.780000686645508,24.950000762939453,26.1200008392334,119600,0.0,0.0
2022-07-11 00:00:00-04:00,25.969999313354492,26.520000457763672,25.520000457763672,26.479999542236328,104500,0.0,0.0
2022-07-12 00:00:00-04:00,26.280000686645508,26.829999923706055,25.56999969482422,25.56999969482422,62900,0.0,0.0
2022-07-13 00:00:00-04:00,24.93000030517578,25.59000015258789,24.190000534057617,24.350000381469727,149500,0.0,0.0
2022-07-14 00:00:00-04:00,24.100000381469727,25.200000762939453,24.079999923706055,25.09000015258789,94300,0.0,0.0
2022-07-15 00:00:00-04:00,25.6299991607666,26.31999969482422,25.020000457763672,26.229999542236328,81200,0.0,0.0
2022-07-18 00:00:00-04:00,26.31999969482422,27.290000915527344,26.049999237060547,26.209999084472656,66700,0.0,0.0
2022-07-19 00:00:00-04:00,26.670000076293945,26.959999084472656,26.549999237060547,26.959999084472656,67500,0.0,0.0
2022-07-20 00:00:00-04:00,26.8799991607666,27.6299991607666,26.8799991607666,27.25,112500,0.0,0.0
2022-07-21 00:00:00-04:00,27.1200008392334,27.729999542236328,26.489999771118164,27.06999969482422,99800,0.0,0.0
2022-07-22 00:00:00-04:00,27.09000015258789,27.09000015258789,26.139999389648438,26.309999465942383,86300,0.0,0.0
2022-07-25 00:00:00-04:00,26.540000915527344,26.719999313354492,25.899999618530273,26.5,70700,0.0,0.0
2022-07-26 00:00:00-04:00,26.290000915527344,26.6200008392334,26.010000228881836,26.1200008392334,65100,0.0,0.0
2022-07-27 00:00:00-04:00,26.530000686645508,27.440000534057617,26.440000534057617,27.100000381469727,143000,0.0,0.0
2022-07-28 00:00:00-04:00,27.239999771118164,27.59000015258789,26.979999542236328,27.3799991607666,111500,0.0,0.0
2022-07-29 00:00:00-04:00,27.190000534057617,27.6299991607666,26.899999618530273,27.1299991607666,190600,0.0,0.0
2022-08-01 00:00:00-04:00,26.790000915527344,27.649999618530273,26.790000915527344,27.290000915527344,81700,0.0,0.0
2022-08-02 00:00:00-04:00,27.100000381469727,27.75,26.56999969482422,27.719999313354492,160900,0.0,0.0
2022-08-03 00:00:00-04:00,28.059999465942383,29.670000076293945,28.059999465942383,29.600000381469727,284500,0.0,0.0
2022-08-04 00:00:00-04:00,29.579999923706055,29.68000030517578,28.8700008392334,29.420000076293945,120100,0.0,0.0
2022-08-05 00:00:00-04:00,29.09000015258789,30.260000228881836,28.8799991607666,29.15999984741211,148200,0.0,0.0
2022-08-08 00:00:00-04:00,29.18000030517578,29.649999618530273,28.940000534057617,29.450000762939453,183900,0.0,0.0
2022-08-09 00:00:00-04:00,28.829999923706055,29.040000915527344,26.209999084472656,26.770000457763672,207100,0.0,0.0
2022-08-10 00:00:00-04:00,27.34000015258789,28.09000015258789,26.479999542236328,26.809999465942383,143000,0.0,0.0
2022-08-11 00:00:00-04:00,27.18000030517578,27.18000030517578,25.860000610351562,25.889999389648438,141100,0.0,0.0
2022-08-12 00:00:00-04:00,26.219999313354492,26.229999542236328,25.329999923706055,25.479999542236328,144100,0.0,0.0
2022-08-15 00:00:00-04:00,25.3700008392334,25.65999984741211,24.8799991607666,25.56999969482422,166300,0.0,0.0
2022-08-16 00:00:00-04:00,25.600000381469727,26.010000228881836,25.18000030517578,25.559999465942383,296400,0.0,0.0
2022-08-17 00:00:00-04:00,25.010000228881836,25.350000381469727,24.079999923706055,24.290000915527344,132300,0.0,0.0
2022-08-18 00:00:00-04:00,24.200000762939453,24.520000457763672,24.030000686645508,24.360000610351562,105300,0.0,0.0
2022-08-19 00:00:00-04:00,24.09000015258789,24.100000381469727,23.309999465942383,23.6200008392334,172900,0.0,0.0
2022-08-22 00:00:00-04:00,23.280000686645508,24.34000015258789,23.139999389648438,23.75,161700,0.0,0.0
2022-08-23 00:00:00-04:00,23.790000915527344,24.079999923706055,23.489999771118164,23.520000457763672,105500,0.0,0.0
2022-08-24 00:00:00-04:00,23.510000228881836,24.049999237060547,23.510000228881836,23.719999313354492,90700,0.0,0.0
2022-08-25 00:00:00-04:00,23.770000457763672,24.75,23.559999465942383,24.600000381469727,146900,0.0,0.0
2022-08-26 00:00:00-04:00,24.540000915527344,24.59000015258789,23.770000457763672,24.530000686645508,139900,0.0,0.0
2022-08-29 00:00:00-04:00,24.290000915527344,24.889999389648438,24.079999923706055,24.239999771118164,298800,0.0,0.0
2022-08-30 00:00:00-04:00,24.239999771118164,24.399999618530273,23.18000030517578,23.770000457763672,185400,0.0,0.0
2022-08-31 00:00:00-04:00,23.780000686645508,23.850000381469727,23.040000915527344,23.360000610351562,318800,0.0,0.0
2022-09-01 00:00:00-04:00,23.049999237060547,23.299999237060547,22.459999084472656,22.780000686645508,176200,0.0,0.0
2022-09-02 00:00:00-04:00,23.100000381469727,23.100000381469727,22.190000534057617,22.450000762939453,106100,0.0,0.0
2022-09-06 00:00:00-04:00,22.440000534057617,22.579999923706055,22.020000457763672,22.270000457763672,191400,0.0,0.0
2022-09-07 00:00:00-04:00,22.3799991607666,22.860000610351562,22.190000534057617,22.649999618530273,365200,0.0,0.0
2022-09-08 00:00:00-04:00,22.510000228881836,23.030000686645508,22.020000457763672,22.639999389648438,144700,0.0,0.0
2022-09-09 00:00:00-04:00,22.809999465942383,22.979999542236328,22.34000015258789,22.399999618530273,130300,0.0,0.0
2022-09-12 00:00:00-04:00,22.649999618530273,22.790000915527344,22.200000762939453,22.25,140400,0.0,0.0
2022-09-13 00:00:00-04:00,21.75,21.940000534057617,20.93000030517578,21.059999465942383,221500,0.0,0.0
2022-09-14 00:00:00-04:00,21.040000915527344,21.079999923706055,20.239999771118164,20.270000457763672,162500,0.0,0.0
2022-09-15 00:00:00-04:00,20.0,21.15999984741211,19.959999084472656,20.600000381469727,326300,0.0,0.0
2022-09-16 00:00:00-04:00,20.3799991607666,20.399999618530273,19.84000015258789,20.049999237060547,332700,0.0,0.0
2022-09-19 00:00:00-04:00,19.950000762939453,20.239999771118164,19.790000915527344,20.030000686645508,89800,0.0,0.0
2022-09-20 00:00:00-04:00,19.770000457763672,20.399999618530273,19.540000915527344,20.360000610351562,159700,0.0,0.0
2022-09-21 00:00:00-04:00,20.399999618530273,21.3700008392334,20.190000534057617,20.979999542236328,177600,0.0,0.0
2022-09-22 00:00:00-04:00,20.799999237060547,20.799999237060547,19.93000030517578,20.209999084472656,171100,0.0,0.0
2022-09-23 00:00:00-04:00,20.079999923706055,20.530000686645508,19.790000915527344,20.469999313354492,144700,0.0,0.0
2022-09-26 00:00:00-04:00,20.450000762939453,21.219999313354492,20.059999465942383,20.149999618530273,133700,0.0,0.0
2022-09-27 00:00:00-04:00,20.31999969482422,20.6299991607666,19.780000686645508,19.860000610351562,98100,0.0,0.0
2022-09-28 00:00:00-04:00,19.979999542236328,21.290000915527344,19.809999465942383,21.1200008392334,215800,0.0,0.0
2022-09-29 00:00:00-04:00,20.770000457763672,20.959999084472656,20.079999923706055,20.149999618530273,144600,0.0,0.0
2022-09-30 00:00:00-04:00,20.020000457763672,20.469999313354492,19.700000762939453,20.030000686645508,134700,0.0,0.0
2022-10-03 00:00:00-04:00,20.290000915527344,21.299999237060547,20.059999465942383,20.520000457763672,109600,0.0,0.0
2022-10-04 00:00:00-04:00,20.59000015258789,22.139999389648438,20.59000015258789,22.1200008392334,150500,0.0,0.0
2022-10-05 00:00:00-04:00,21.860000610351562,22.200000762939453,21.579999923706055,22.010000228881836,134500,0.0,0.0
2022-10-06 00:00:00-04:00,21.940000534057617,22.34000015258789,21.43000030517578,21.709999084472656,98300,0.0,0.0
2022-10-07 00:00:00-04:00,21.420000076293945,21.520000457763672,20.889999389648438,21.030000686645508,94000,0.0,0.0
2022-10-10 00:00:00-04:00,21.110000610351562,21.110000610351562,20.06999969482422,20.100000381469727,102400,0.0,0.0
2022-10-11 00:00:00-04:00,19.90999984741211,20.459999084472656,19.520000457763672,19.979999542236328,161100,0.0,0.0
2022-10-12 00:00:00-04:00,19.950000762939453,20.350000381469727,19.520000457763672,20.030000686645508,72400,0.0,0.0
2022-10-13 00:00:00-04:00,19.579999923706055,20.59000015258789,19.170000076293945,20.440000534057617,128400,0.0,0.0
2022-10-14 00:00:00-04:00,20.670000076293945,21.979999542236328,20.0,20.1200008392334,60200,0.0,0.0
2022-10-17 00:00:00-04:00,20.440000534057617,21.15999984741211,20.309999465942383,21.010000228881836,180700,0.0,0.0
2022-10-18 00:00:00-04:00,21.43000030517578,22.309999465942383,20.829999923706055,21.209999084472656,172700,0.0,0.0
2022-10-19 00:00:00-04:00,20.90999984741211,21.049999237060547,20.450000762939453,20.469999313354492,168200,0.0,0.0
2022-10-20 00:00:00-04:00,20.459999084472656,20.649999618530273,19.81999969482422,19.8799991607666,86100,0.0,0.0
2022-10-21 00:00:00-04:00,20.040000915527344,20.479999542236328,19.600000381469727,20.40999984741211,74600,0.0,0.0
2022-10-24 00:00:00-04:00,20.65999984741211,20.899999618530273,20.0,20.860000610351562,95700,0.0,0.0
2022-10-25 00:00:00-04:00,21.020000457763672,21.809999465942383,20.93000030517578,21.649999618530273,116100,0.0,0.0
2022-10-26 00:00:00-04:00,21.559999465942383,22.260000228881836,21.520000457763672,21.989999771118164,122500,0.0,0.0
2022-10-27 00:00:00-04:00,22.239999771118164,22.459999084472656,22.030000686645508,22.09000015258789,115200,0.0,0.0
2022-10-28 00:00:00-04:00,22.219999313354492,22.829999923706055,22.170000076293945,22.729999542236328,174800,0.0,0.0
2022-10-31 00:00:00-04:00,22.59000015258789,22.59000015258789,21.68000030517578,21.760000228881836,157400,0.0,0.0
2022-11-01 00:00:00-04:00,21.989999771118164,22.3799991607666,21.209999084472656,21.459999084472656,97100,0.0,0.0
2022-11-02 00:00:00-04:00,21.43000030517578,21.780000686645508,20.030000686645508,20.739999771118164,114400,0.0,0.0
2022-11-03 00:00:00-04:00,20.530000686645508,20.6200008392334,19.190000534057617,19.239999771118164,170200,0.0,0.0
2022-11-04 00:00:00-04:00,19.510000228881836,19.739999771118164,18.809999465942383,19.06999969482422,326200,0.0,0.0
2022-11-07 00:00:00-05:00,19.239999771118164,19.709999084472656,18.950000762939453,19.290000915527344,119900,0.0,0.0
2022-11-08 00:00:00-05:00,19.3799991607666,19.459999084472656,18.860000610351562,18.899999618530273,109300,0.0,0.0
2022-11-09 00:00:00-05:00,18.700000762939453,19.100000381469727,18.59000015258789,18.6200008392334,111600,0.0,0.0
2022-11-10 00:00:00-05:00,19.649999618530273,20.65999984741211,18.93000030517578,20.639999389648438,116200,0.0,0.0
2022-11-11 00:00:00-05:00,20.440000534057617,21.270000457763672,20.420000076293945,20.959999084472656,127400,0.0,0.0
2022-11-14 00:00:00-05:00,20.690000534057617,21.6299991607666,20.530000686645508,21.3799991607666,118700,0.0,0.0
2022-11-15 00:00:00-05:00,21.989999771118164,22.75,21.610000610351562,22.719999313354492,228400,0.0,0.0
2022-11-16 00:00:00-05:00,22.700000762939453,23.100000381469727,22.139999389648438,22.280000686645508,292200,0.0,0.0
2022-11-17 00:00:00-05:00,22.780000686645508,24.600000381469727,21.5,24.5,230300,0.0,0.0
2022-11-18 00:00:00-05:00,25.100000381469727,25.18000030517578,22.420000076293945,22.899999618530273,219600,0.0,0.0
2022-11-21 00:00:00-05:00,22.899999618530273,23.790000915527344,22.549999237060547,23.739999771118164,151600,0.0,0.0
2022-11-22 00:00:00-05:00,23.770000457763672,24.56999969482422,23.219999313354492,24.1299991607666,176700,0.0,0.0
2022-11-23 00:00:00-05:00,24.219999313354492,25.229999542236328,23.950000762939453,25.079999923706055,174700,0.0,0.0
2022-11-25 00:00:00-05:00,25.200000762939453,25.690000534057617,25.0,25.0,95700,0.0,0.0
2022-11-28 00:00:00-05:00,24.780000686645508,25.34000015258789,24.360000610351562,24.469999313354492,117200,0.0,0.0
2022-11-29 00:00:00-05:00,24.489999771118164,24.950000762939453,24.489999771118164,24.899999618530273,140400,0.0,0.0
2022-11-30 00:00:00-05:00,24.899999618530273,26.799999237060547,24.290000915527344,26.290000915527344,265100,0.0,0.0
2022-12-01 00:00:00-05:00,26.239999771118164,26.639999389648438,25.959999084472656,26.06999969482422,121600,0.0,0.0
2022-12-02 00:00:00-05:00,25.600000381469727,26.540000915527344,25.329999923706055,25.440000534057617,94500,0.0,0.0
2022-12-05 00:00:00-05:00,25.239999771118164,25.639999389648438,24.40999984741211,24.690000534057617,104100,0.0,0.0
2022-12-06 00:00:00-05:00,24.6200008392334,24.6200008392334,23.81999969482422,24.059999465942383,88500,0.0,0.0
2022-12-07 00:00:00-05:00,23.979999542236328,24.68000030517578,23.549999237060547,24.56999969482422,77100,0.0,0.0
2022-12-08 00:00:00-05:00,24.65999984741211,25.190000534057617,24.329999923706055,24.489999771118164,85800,0.0,0.0
2022-12-09 00:00:00-05:00,24.280000686645508,24.729999542236328,23.739999771118164,24.540000915527344,69400,0.0,0.0
2022-12-12 00:00:00-05:00,24.440000534057617,24.6200008392334,24.020000457763672,24.280000686645508,172600,0.0,0.0
2022-12-13 00:00:00-05:00,25.200000762939453,25.989999771118164,24.389999389648438,25.81999969482422,151900,0.0,0.0
2022-12-14 00:00:00-05:00,25.700000762939453,26.1299991607666,25.09000015258789,25.239999771118164,211600,0.0,0.0
2022-12-15 00:00:00-05:00,24.8799991607666,25.239999771118164,22.549999237060547,23.020000457763672,312400,0.0,0.0
2022-12-16 00:00:00-05:00,22.739999771118164,23.940000534057617,22.709999084472656,23.889999389648438,289600,0.0,0.0
2022-12-19 00:00:00-05:00,23.889999389648438,24.639999389648438,23.360000610351562,24.59000015258789,131400,0.0,0.0
2022-12-20 00:00:00-05:00,24.450000762939453,25.260000228881836,23.520000457763672,25.139999389648438,155900,0.0,0.0
2022-12-21 00:00:00-05:00,25.149999618530273,25.3700008392334,24.56999969482422,24.719999313354492,96900,0.0,0.0
2022-12-22 00:00:00-05:00,24.389999389648438,24.709999084472656,22.450000762939453,23.920000076293945,85900,0.0,0.0
2022-12-23 00:00:00-05:00,23.81999969482422,24.149999618530273,23.389999389648438,23.950000762939453,56200,0.0,0.0
2022-12-27 00:00:00-05:00,23.950000762939453,24.450000762939453,23.540000915527344,23.860000610351562,98700,0.0,0.0
2022-12-28 00:00:00-05:00,23.780000686645508,23.780000686645508,22.670000076293945,22.84000015258789,130900,0.0,0.0
2022-12-29 00:00:00-05:00,23.110000610351562,23.81999969482422,23.110000610351562,23.34000015258789,128400,0.0,0.0
2022-12-30 00:00:00-05:00,23.170000076293945,25.0,22.770000457763672,24.34000015258789,152100,0.0,0.0
2023-01-03 00:00:00-05:00,24.6299991607666,25.5,24.229999542236328,24.479999542236328,96600,0.0,0.0
2023-01-04 00:00:00-05:00,24.75,25.549999237060547,24.6200008392334,25.309999465942383,77600,0.0,0.0
2023-01-05 00:00:00-05:00,24.950000762939453,25.260000228881836,24.729999542236328,24.790000915527344,73200,0.0,0.0
2023-01-06 00:00:00-05:00,25.209999084472656,26.440000534057617,25.0,26.170000076293945,224800,0.0,0.0
2023-01-09 00:00:00-05:00,27.3799991607666,28.540000915527344,26.34000015258789,28.139999389648438,280600,0.0,0.0
2023-01-10 00:00:00-05:00,27.760000228881836,28.190000534057617,27.260000228881836,27.6299991607666,129400,0.0,0.0
2023-01-11 00:00:00-05:00,27.610000610351562,28.729999542236328,27.309999465942383,28.6200008392334,142100,0.0,0.0
2023-01-12 00:00:00-05:00,28.610000610351562,28.889999389648438,27.540000915527344,28.280000686645508,152800,0.0,0.0
2023-01-13 00:00:00-05:00,27.8799991607666,28.329999923706055,27.739999771118164,27.790000915527344,114300,0.0,0.0
2023-01-17 00:00:00-05:00,27.56999969482422,28.8700008392334,27.56999969482422,28.690000534057617,229800,0.0,0.0
2023-01-18 00:00:00-05:00,28.860000610351562,29.280000686645508,28.260000228881836,29.020000457763672,120600,0.0,0.0
2023-01-19 00:00:00-05:00,28.649999618530273,29.239999771118164,27.170000076293945,28.829999923706055,124800,0.0,0.0
2023-01-20 00:00:00-05:00,29.18000030517578,29.229999542236328,28.709999084472656,28.979999542236328,97700,0.0,0.0
2023-01-23 00:00:00-05:00,28.899999618530273,29.670000076293945,28.829999923706055,29.489999771118164,126400,0.0,0.0
2023-01-24 00:00:00-05:00,29.290000915527344,29.899999618530273,28.549999237060547,28.579999923706055,121100,0.0,0.0
2023-01-25 00:00:00-05:00,28.329999923706055,29.280000686645508,27.6299991607666,29.229999542236328,109500,0.0,0.0
2023-01-26 00:00:00-05:00,29.5,29.6200008392334,29.209999084472656,29.329999923706055,122400,0.0,0.0
2023-01-27 00:00:00-05:00,29.15999984741211,29.5,28.59000015258789,28.969999313354492,138900,0.0,0.0
2023-01-30 00:00:00-05:00,28.68000030517578,29.309999465942383,28.25,28.690000534057617,78800,0.0,0.0
2023-01-31 00:00:00-05:00,28.790000915527344,29.43000030517578,28.450000762939453,28.920000076293945,197300,0.0,0.0
2023-02-01 00:00:00-05:00,29.149999618530273,30.1200008392334,29.100000381469727,29.799999237060547,113200,0.0,0.0
2023-02-02 00:00:00-05:00,30.06999969482422,30.84000015258789,29.049999237060547,29.649999618530273,335700,0.0,0.0
2023-02-03 00:00:00-05:00,29.079999923706055,29.780000686645508,29.0,29.1200008392334,117100,0.0,0.0
2023-02-06 00:00:00-05:00,29.0,29.450000762939453,28.239999771118164,29.1200008392334,115500,0.0,0.0
2023-02-07 00:00:00-05:00,29.209999084472656,29.65999984741211,28.729999542236328,29.34000015258789,174600,0.0,0.0
2023-02-08 00:00:00-05:00,29.420000076293945,29.489999771118164,28.100000381469727,28.729999542236328,187400,0.0,0.0
2023-02-09 00:00:00-05:00,29.0,29.0,25.209999084472656,26.079999923706055,481800,0.0,0.0
2023-02-10 00:00:00-05:00,26.360000610351562,26.850000381469727,25.829999923706055,26.610000610351562,175200,0.0,0.0
2023-02-13 00:00:00-05:00,26.469999313354492,26.56999969482422,25.81999969482422,26.309999465942383,132200,0.0,0.0
2023-02-14 00:00:00-05:00,26.09000015258789,26.1200008392334,25.079999923706055,25.09000015258789,257700,0.0,0.0
2023-02-15 00:00:00-05:00,24.860000610351562,25.75,24.860000610351562,25.520000457763672,139300,0.0,0.0
2023-02-16 00:00:00-05:00,25.059999465942383,25.65999984741211,24.65999984741211,25.15999984741211,155300,0.0,0.0
2023-02-17 00:00:00-05:00,25.15999984741211,25.239999771118164,24.1200008392334,24.3700008392334,164600,0.0,0.0
2023-02-21 00:00:00-05:00,23.969999313354492,24.559999465942383,23.8700008392334,23.989999771118164,158500,0.0,0.0
2023-02-22 00:00:00-05:00,24.170000076293945,24.770000457763672,23.790000915527344,24.40999984741211,357300,0.0,0.0
2023-02-23 00:00:00-05:00,24.649999618530273,24.969999313354492,24.1200008392334,24.59000015258789,90100,0.0,0.0
2023-02-24 00:00:00-05:00,24.09000015258789,24.760000228881836,23.8700008392334,24.5,106900,0.0,0.0
2023-02-27 00:00:00-05:00,24.739999771118164,24.809999465942383,24.100000381469727,24.469999313354492,87600,0.0,0.0
2023-02-28 00:00:00-05:00,24.3700008392334,24.8799991607666,24.25,24.610000610351562,193000,0.0,0.0
2023-03-01 00:00:00-05:00,24.6200008392334,24.969999313354492,24.31999969482422,24.700000762939453,102000,0.0,0.0
2023-03-02 00:00:00-05:00,24.530000686645508,25.149999618530273,24.530000686645508,25.049999237060547,109900,0.0,0.0
2023-03-03 00:00:00-05:00,25.25,26.440000534057617,25.25,26.3700008392334,223400,0.0,0.0
2023-03-06 00:00:00-05:00,26.479999542236328,26.920000076293945,25.989999771118164,26.149999618530273,171700,0.0,0.0
2023-03-07 00:00:00-05:00,26.350000381469727,27.440000534057617,25.34000015258789,25.489999771118164,107900,0.0,0.0
2023-03-08 00:00:00-05:00,25.639999389648438,26.829999923706055,25.15999984741211,25.25,97500,0.0,0.0
2023-03-09 00:00:00-05:00,25.3700008392334,26.190000534057617,25.25,25.280000686645508,127500,0.0,0.0
2023-03-10 00:00:00-05:00,25.200000762939453,25.200000762939453,23.829999923706055,24.420000076293945,295700,0.0,0.0
2023-03-13 00:00:00-04:00,24.06999969482422,24.65999984741211,23.84000015258789,24.100000381469727,172300,0.0,0.0
2023-03-14 00:00:00-04:00,24.700000762939453,25.40999984741211,24.700000762939453,25.030000686645508,157700,0.0,0.0
2023-03-15 00:00:00-04:00,24.440000534057617,25.030000686645508,24.40999984741211,24.889999389648438,92100,0.0,0.0
2023-03-16 00:00:00-04:00,24.540000915527344,25.229999542236328,24.489999771118164,24.90999984741211,160800,0.0,0.0
2023-03-17 00:00:00-04:00,24.75,25.360000610351562,23.920000076293945,24.579999923706055,426500,0.0,0.0
2023-03-20 00:00:00-04:00,24.690000534057617,24.690000534057617,23.6299991607666,23.75,145200,0.0,0.0
2023-03-21 00:00:00-04:00,24.06999969482422,24.700000762939453,23.770000457763672,23.979999542236328,242300,0.0,0.0
2023-03-22 00:00:00-04:00,23.93000030517578,24.040000915527344,23.110000610351562,23.110000610351562,117900,0.0,0.0
2023-03-23 00:00:00-04:00,23.200000762939453,23.84000015258789,22.850000381469727,23.190000534057617,139100,0.0,0.0
2023-03-24 00:00:00-04:00,22.979999542236328,23.510000228881836,22.670000076293945,23.450000762939453,82400,0.0,0.0
2023-03-27 00:00:00-04:00,23.700000762939453,24.139999389648438,23.649999618530273,24.079999923706055,95900,0.0,0.0
2023-03-28 00:00:00-04:00,23.899999618530273,24.010000228881836,23.43000030517578,24.010000228881836,89600,0.0,0.0
2023-03-29 00:00:00-04:00,24.389999389648438,24.459999084472656,23.790000915527344,24.049999237060547,88300,0.0,0.0
2023-03-30 00:00:00-04:00,24.360000610351562,24.43000030517578,23.959999084472656,24.290000915527344,72700,0.0,0.0
2023-03-31 00:00:00-04:00,24.469999313354492,24.700000762939453,24.34000015258789,24.530000686645508,120800,0.0,0.0
2023-04-03 00:00:00-04:00,24.639999389648438,24.639999389648438,24.049999237060547,24.40999984741211,144400,0.0,0.0
2023-04-04 00:00:00-04:00,24.489999771118164,24.489999771118164,23.530000686645508,23.729999542236328,116700,0.0,0.0
2023-04-05 00:00:00-04:00,23.709999084472656,23.729999542236328,23.440000534057617,23.670000076293945,110800,0.0,0.0
2023-04-06 00:00:00-04:00,23.690000534057617,24.549999237060547,23.469999313354492,24.209999084472656,260900,0.0,0.0
2023-04-10 00:00:00-04:00,23.90999984741211,24.290000915527344,23.700000762939453,24.079999923706055,106900,0.0,0.0
2023-04-11 00:00:00-04:00,24.219999313354492,24.729999542236328,23.459999084472656,24.690000534057617,79800,0.0,0.0
2023-04-12 00:00:00-04:00,24.829999923706055,25.139999389648438,24.25,24.309999465942383,109000,0.0,0.0
2023-04-13 00:00:00-04:00,24.549999237060547,25.290000915527344,24.450000762939453,24.649999618530273,87100,0.0,0.0
2023-04-14 00:00:00-04:00,24.540000915527344,24.809999465942383,24.200000762939453,24.299999237060547,75200,0.0,0.0
2023-04-17 00:00:00-04:00,24.469999313354492,25.06999969482422,24.1299991607666,25.0,92300,0.0,0.0
2023-04-18 00:00:00-04:00,25.0,25.270000457763672,24.899999618530273,25.15999984741211,148200,0.0,0.0
2023-04-19 00:00:00-04:00,24.889999389648438,25.190000534057617,24.290000915527344,24.540000915527344,57200,0.0,0.0
2023-04-20 00:00:00-04:00,24.3700008392334,24.770000457763672,24.06999969482422,24.770000457763672,68500,0.0,0.0
2023-04-21 00:00:00-04:00,24.729999542236328,25.6299991607666,24.209999084472656,24.959999084472656,126900,0.0,0.0
2023-04-24 00:00:00-04:00,25.020000457763672,25.079999923706055,24.049999237060547,24.280000686645508,66400,0.0,0.0
2023-04-25 00:00:00-04:00,24.049999237060547,24.34000015258789,23.579999923706055,23.770000457763672,67000,0.0,0.0
2023-04-26 00:00:00-04:00,23.75,24.149999618530273,23.110000610351562,23.149999618530273,280500,0.0,0.0
2023-04-27 00:00:00-04:00,23.270000457763672,23.40999984741211,22.84000015258789,22.940000534057617,91000,0.0,0.0
2023-04-28 00:00:00-04:00,22.989999771118164,23.549999237060547,22.84000015258789,23.25,100300,0.0,0.0
2023-05-01 00:00:00-04:00,23.260000228881836,23.420000076293945,22.979999542236328,23.200000762939453,82000,0.0,0.0
2023-05-02 00:00:00-04:00,23.170000076293945,23.170000076293945,22.729999542236328,22.790000915527344,186200,0.0,0.0
2023-05-03 00:00:00-04:00,22.959999084472656,23.520000457763672,22.889999389648438,22.950000762939453,211200,0.0,0.0
2023-05-04 00:00:00-04:00,22.90999984741211,23.360000610351562,22.40999984741211,22.489999771118164,204000,0.0,0.0
2023-05-05 00:00:00-04:00,22.850000381469727,23.360000610351562,22.559999465942383,23.239999771118164,141100,0.0,0.0
2023-05-08 00:00:00-04:00,23.3700008392334,23.75,22.850000381469727,23.489999771118164,139600,0.0,0.0
2023-05-09 00:00:00-04:00,23.360000610351562,24.010000228881836,22.799999237060547,22.989999771118164,193500,0.0,0.0
2023-05-10 00:00:00-04:00,24.06999969482422,24.06999969482422,22.309999465942383,22.59000015258789,234800,0.0,0.0
2023-05-11 00:00:00-04:00,22.299999237060547,22.309999465942383,20.43000030517578,20.920000076293945,291000,0.0,0.0
2023-05-12 00:00:00-04:00,21.040000915527344,21.520000457763672,20.93000030517578,21.299999237060547,401700,0.0,0.0
2023-05-15 00:00:00-04:00,21.299999237060547,22.06999969482422,21.1299991607666,21.8700008392334,133300,0.0,0.0
2023-05-16 00:00:00-04:00,21.690000534057617,22.68000030517578,21.5,22.229999542236328,169700,0.0,0.0
2023-05-17 00:00:00-04:00,22.520000457763672,23.59000015258789,22.280000686645508,23.31999969482422,183500,0.0,0.0
2023-05-18 00:00:00-04:00,23.25,23.81999969482422,22.8799991607666,23.649999618530273,117700,0.0,0.0
2023-05-19 00:00:00-04:00,24.049999237060547,24.25,23.170000076293945,23.229999542236328,110000,0.0,0.0
2023-05-22 00:00:00-04:00,23.31999969482422,23.649999618530273,23.200000762939453,23.40999984741211,111300,0.0,0.0
2023-05-23 00:00:00-04:00,23.56999969482422,24.010000228881836,23.40999984741211,23.75,109900,0.0,0.0
2023-05-24 00:00:00-04:00,23.6299991607666,23.760000228881836,23.15999984741211,23.65999984741211,94000,0.0,0.0
2023-05-25 00:00:00-04:00,23.59000015258789,23.940000534057617,22.799999237060547,22.850000381469727,121100,0.0,0.0
2023-05-26 00:00:00-04:00,22.829999923706055,23.549999237060547,22.729999542236328,23.530000686645508,87900,0.0,0.0
2023-05-30 00:00:00-04:00,23.559999465942383,23.68000030517578,22.950000762939453,23.100000381469727,87900,0.0,0.0
2023-05-31 00:00:00-04:00,23.059999465942383,23.200000762939453,22.540000915527344,22.850000381469727,329400,0.0,0.0
2023-06-01 00:00:00-04:00,22.950000762939453,23.25,22.8799991607666,22.959999084472656,76200,0.0,0.0
2023-06-02 00:00:00-04:00,23.360000610351562,23.389999389648438,22.75,23.389999389648438,136000,0.0,0.0
2023-06-05 00:00:00-04:00,23.25,23.290000915527344,22.540000915527344,22.690000534057617,103000,0.0,0.0
2023-06-06 00:00:00-04:00,22.700000762939453,23.760000228881836,22.639999389648438,23.639999389648438,178900,0.0,0.0
2023-06-07 00:00:00-04:00,23.860000610351562,24.440000534057617,23.690000534057617,24.3700008392334,151600,0.0,0.0
2023-06-08 00:00:00-04:00,24.260000228881836,24.260000228881836,23.239999771118164,23.270000457763672,120700,0.0,0.0
2023-06-09 00:00:00-04:00,23.190000534057617,23.90999984741211,23.1299991607666,23.209999084472656,78600,0.0,0.0
2023-06-12 00:00:00-04:00,23.15999984741211,23.760000228881836,23.15999984741211,23.3700008392334,89500,0.0,0.0
2023-06-13 00:00:00-04:00,23.459999084472656,23.600000381469727,23.149999618530273,23.170000076293945,107100,0.0,0.0
2023-06-14 00:00:00-04:00,23.170000076293945,23.65999984741211,23.0,23.389999389648438,162200,0.0,0.0
2023-06-15 00:00:00-04:00,23.360000610351562,23.700000762939453,23.149999618530273,23.559999465942383,62800,0.0,0.0
2023-06-16 00:00:00-04:00,23.559999465942383,23.559999465942383,22.670000076293945,22.760000228881836,221800,0.0,0.0
2023-06-20 00:00:00-04:00,22.700000762939453,23.030000686645508,22.549999237060547,22.790000915527344,95600,0.0,0.0
2023-06-21 00:00:00-04:00,22.65999984741211,22.65999984741211,22.450000762939453,22.489999771118164,106600,0.0,0.0
2023-06-22 00:00:00-04:00,22.510000228881836,22.6200008392334,22.31999969482422,22.360000610351562,121600,0.0,0.0
2023-06-23 00:00:00-04:00,22.09000015258789,22.200000762939453,21.780000686645508,21.829999923706055,191300,0.0,0.0
2023-06-26 00:00:00-04:00,21.75,22.100000381469727,21.700000762939453,21.809999465942383,84800,0.0,0.0
2023-06-27 00:00:00-04:00,21.850000381469727,22.770000457763672,21.770000457763672,22.739999771118164,159000,0.0,0.0
2023-06-28 00:00:00-04:00,22.670000076293945,22.739999771118164,22.229999542236328,22.389999389648438,189400,0.0,0.0
2023-06-29 00:00:00-04:00,22.5,23.479999542236328,22.5,23.100000381469727,118400,0.0,0.0
2023-06-30 00:00:00-04:00,23.3700008392334,23.469999313354492,22.5,22.860000610351562,187300,0.0,0.0
2023-07-03 00:00:00-04:00,22.989999771118164,23.739999771118164,22.709999084472656,23.719999313354492,64900,0.0,0.0
2023-07-05 00:00:00-04:00,23.450000762939453,23.450000762939453,22.3799991607666,22.959999084472656,87600,0.0,0.0
2023-07-06 00:00:00-04:00,22.760000228881836,22.760000228881836,22.110000610351562,22.290000915527344,80400,0.0,0.0
2023-07-07 00:00:00-04:00,22.329999923706055,22.799999237060547,22.229999542236328,22.3700008392334,84700,0.0,0.0
2023-07-10 00:00:00-04:00,22.299999237060547,23.389999389648438,22.299999237060547,22.649999618530273,68800,0.0,0.0
2023-07-11 00:00:00-04:00,23.0,23.8700008392334,22.799999237060547,23.799999237060547,248700,0.0,0.0
2023-07-12 00:00:00-04:00,24.350000381469727,24.350000381469727,23.739999771118164,24.149999618530273,156800,0.0,0.0
2023-07-13 00:00:00-04:00,24.149999618530273,24.940000534057617,24.149999618530273,24.739999771118164,108500,0.0,0.0
2023-07-14 00:00:00-04:00,24.6200008392334,24.84000015258789,24.3799991607666,24.420000076293945,231600,0.0,0.0
2023-07-17 00:00:00-04:00,24.3799991607666,25.0,24.3799991607666,24.829999923706055,133800,0.0,0.0
2023-07-18 00:00:00-04:00,24.809999465942383,25.25,24.6299991607666,25.020000457763672,210200,0.0,0.0
2023-07-19 00:00:00-04:00,25.06999969482422,25.360000610351562,24.469999313354492,24.610000610351562,155400,0.0,0.0
2023-07-20 00:00:00-04:00,24.610000610351562,24.940000534057617,24.479999542236328,24.899999618530273,100200,0.0,0.0
2023-07-21 00:00:00-04:00,24.950000762939453,25.010000228881836,24.670000076293945,24.8700008392334,58300,0.0,0.0
2023-07-24 00:00:00-04:00,25.010000228881836,25.579999923706055,24.829999923706055,25.31999969482422,60500,0.0,0.0
2023-07-25 00:00:00-04:00,25.209999084472656,25.700000762939453,25.06999969482422,25.18000030517578,51600,0.0,0.0
2023-07-26 00:00:00-04:00,25.1200008392334,25.350000381469727,24.920000076293945,25.09000015258789,71300,0.0,0.0
2023-07-27 00:00:00-04:00,25.200000762939453,25.479999542236328,24.219999313354492,24.280000686645508,93900,0.0,0.0
2023-07-28 00:00:00-04:00,24.600000381469727,24.829999923706055,24.149999618530273,24.56999969482422,111100,0.0,0.0
2023-07-31 00:00:00-04:00,24.649999618530273,25.06999969482422,24.649999618530273,25.010000228881836,63400,0.0,0.0
2023-08-01 00:00:00-04:00,24.809999465942383,25.190000534057617,24.420000076293945,25.1200008392334,54800,0.0,0.0
2023-08-02 00:00:00-04:00,24.809999465942383,24.940000534057617,23.65999984741211,23.75,106400,0.0,0.0
2023-08-03 00:00:00-04:00,23.520000457763672,24.989999771118164,23.469999313354492,24.149999618530273,379300,0.0,0.0
2023-08-04 00:00:00-04:00,24.15999984741211,24.59000015258789,23.790000915527344,24.049999237060547,50800,0.0,0.0
2023-08-07 00:00:00-04:00,24.1200008392334,25.030000686645508,23.780000686645508,24.139999389648438,102300,0.0,0.0
2023-08-08 00:00:00-04:00,23.81999969482422,24.06999969482422,23.290000915527344,23.450000762939453,112700,0.0,0.0
2023-08-09 00:00:00-04:00,23.229999542236328,23.989999771118164,21.68000030517578,22.760000228881836,360400,0.0,0.0
2023-08-10 00:00:00-04:00,22.799999237060547,23.8700008392334,22.799999237060547,23.700000762939453,124800,0.0,0.0
2023-08-11 00:00:00-04:00,23.5,23.899999618530273,23.329999923706055,23.65999984741211,97300,0.0,0.0
2023-08-14 00:00:00-04:00,23.459999084472656,23.729999542236328,21.68000030517578,23.149999618530273,62100,0.0,0.0
2023-08-15 00:00:00-04:00,22.969999313354492,23.610000610351562,22.549999237060547,22.579999923706055,101100,0.0,0.0
2023-08-16 00:00:00-04:00,22.56999969482422,22.709999084472656,22.0,22.350000381469727,85800,0.0,0.0
2023-08-17 00:00:00-04:00,22.5,22.5,21.979999542236328,22.010000228881836,67900,0.0,0.0
2023-08-18 00:00:00-04:00,21.770000457763672,22.5,21.770000457763672,22.450000762939453,69500,0.0,0.0
2023-08-21 00:00:00-04:00,22.520000457763672,22.56999969482422,21.799999237060547,22.030000686645508,66800,0.0,0.0
2023-08-22 00:00:00-04:00,22.1200008392334,22.790000915527344,21.920000076293945,22.75,99300,0.0,0.0
2023-08-23 00:00:00-04:00,22.799999237060547,23.190000534057617,22.299999237060547,23.06999969482422,86700,0.0,0.0
2023-08-24 00:00:00-04:00,22.920000076293945,23.360000610351562,22.530000686645508,22.770000457763672,138200,0.0,0.0
2023-08-25 00:00:00-04:00,22.8700008392334,23.75,22.65999984741211,22.860000610351562,83800,0.0,0.0
2023-08-28 00:00:00-04:00,22.940000534057617,23.1299991607666,22.520000457763672,22.6299991607666,63200,0.0,0.0
2023-08-29 00:00:00-04:00,22.600000381469727,23.139999389648438,22.579999923706055,23.059999465942383,112100,0.0,0.0
2023-08-30 00:00:00-04:00,23.049999237060547,23.540000915527344,22.950000762939453,23.489999771118164,169800,0.0,0.0
2023-08-31 00:00:00-04:00,23.489999771118164,24.540000915527344,23.360000610351562,23.649999618530273,117100,0.0,0.0
2023-09-01 00:00:00-04:00,23.809999465942383,24.229999542236328,23.68000030517578,24.15999984741211,84900,0.0,0.0
2023-09-05 00:00:00-04:00,24.0,24.0,23.399999618530273,23.469999313354492,63600,0.0,0.0
2023-09-06 00:00:00-04:00,23.489999771118164,23.65999984741211,23.3700008392334,23.399999618530273,41100,0.0,0.0
2023-09-07 00:00:00-04:00,23.34000015258789,23.510000228881836,23.059999465942383,23.40999984741211,121600,0.0,0.0
2023-09-08 00:00:00-04:00,23.530000686645508,23.530000686645508,22.350000381469727,22.489999771118164,126200,0.0,0.0
2023-09-11 00:00:00-04:00,22.450000762939453,22.90999984741211,21.979999542236328,21.989999771118164,182000,0.0,0.0
2023-09-12 00:00:00-04:00,22.06999969482422,22.600000381469727,21.8700008392334,22.520000457763672,101500,0.0,0.0
2023-09-13 00:00:00-04:00,22.43000030517578,22.579999923706055,21.969999313354492,22.0,110400,0.0,0.0
2023-09-14 00:00:00-04:00,22.139999389648438,22.34000015258789,21.40999984741211,21.68000030517578,176300,0.0,0.0
2023-09-15 00:00:00-04:00,21.670000076293945,22.09000015258789,21.350000381469727,21.700000762939453,188200,0.0,0.0
2023-09-18 00:00:00-04:00,21.770000457763672,21.969999313354492,21.40999984741211,21.799999237060547,130500,0.0,0.0
2023-09-19 00:00:00-04:00,21.75,23.889999389648438,21.389999389648438,21.440000534057617,129800,0.0,0.0
2023-09-20 00:00:00-04:00,21.579999923706055,22.489999771118164,20.850000381469727,20.989999771118164,225100,0.0,0.0
2023-09-21 00:00:00-04:00,20.84000015258789,21.219999313354492,20.639999389648438,21.110000610351562,194000,0.0,0.0
2023-09-22 00:00:00-04:00,21.110000610351562,21.299999237060547,20.600000381469727,20.959999084472656,87800,0.0,0.0
2023-09-25 00:00:00-04:00,20.940000534057617,21.40999984741211,20.690000534057617,21.399999618530273,67900,0.0,0.0
2023-09-26 00:00:00-04:00,21.06999969482422,21.43000030517578,20.860000610351562,21.059999465942383,209000,0.0,0.0
2023-09-27 00:00:00-04:00,21.260000228881836,21.260000228881836,20.56999969482422,21.030000686645508,202500,0.0,0.0
2023-09-28 00:00:00-04:00,21.040000915527344,21.610000610351562,20.520000457763672,21.520000457763672,135500,0.0,0.0
2023-09-29 00:00:00-04:00,21.68000030517578,22.09000015258789,21.010000228881836,21.139999389648438,169700,0.0,0.0
2023-10-02 00:00:00-04:00,20.940000534057617,21.610000610351562,20.260000228881836,20.389999389648438,168300,0.0,0.0
2023-10-03 00:00:00-04:00,20.34000015258789,20.34000015258789,19.559999465942383,19.899999618530273,228900,0.0,0.0
2023-10-04 00:00:00-04:00,19.959999084472656,19.989999771118164,19.280000686645508,19.299999237060547,166000,0.0,0.0
2023-10-05 00:00:00-04:00,19.34000015258789,19.559999465942383,18.950000762939453,19.489999771118164,204600,0.0,0.0
2023-10-06 00:00:00-04:00,19.479999542236328,20.110000610351562,19.479999542236328,19.90999984741211,150000,0.0,0.0
2023-10-09 00:00:00-04:00,19.799999237060547,20.200000762939453,19.700000762939453,19.829999923706055,102200,0.0,0.0
2023-10-10 00:00:00-04:00,19.889999389648438,20.639999389648438,19.610000610351562,20.09000015258789,106300,0.0,0.0
2023-10-11 00:00:00-04:00,20.1299991607666,20.389999389648438,19.770000457763672,20.200000762939453,70300,0.0,0.0
2023-10-12 00:00:00-04:00,20.190000534057617,20.989999771118164,19.68000030517578,20.0,148900,0.0,0.0
2023-10-13 00:00:00-04:00,20.010000228881836,20.139999389648438,19.6299991607666,19.649999618530273,65800,0.0,0.0
2023-10-16 00:00:00-04:00,19.8700008392334,20.739999771118164,19.760000228881836,20.639999389648438,134000,0.0,0.0
2023-10-17 00:00:00-04:00,20.5,21.5,20.5,20.950000762939453,199300,0.0,0.0
2023-10-18 00:00:00-04:00,20.709999084472656,20.84000015258789,20.190000534057617,20.56999969482422,122200,0.0,0.0
2023-10-19 00:00:00-04:00,20.420000076293945,20.600000381469727,19.790000915527344,20.209999084472656,118400,0.0,0.0
2023-10-20 00:00:00-04:00,20.270000457763672,20.440000534057617,19.6200008392334,19.68000030517578,134400,0.0,0.0
2023-10-23 00:00:00-04:00,19.59000015258789,19.59000015258789,19.0,19.190000534057617,208500,0.0,0.0
2023-10-24 00:00:00-04:00,19.399999618530273,19.809999465942383,19.399999618530273,19.600000381469727,121200,0.0,0.0
2023-10-25 00:00:00-04:00,19.440000534057617,19.780000686645508,18.479999542236328,18.56999969482422,240500,0.0,0.0
2023-10-26 00:00:00-04:00,18.600000381469727,18.68000030517578,18.200000762939453,18.440000534057617,201100,0.0,0.0
2023-10-27 00:00:00-04:00,18.450000762939453,18.579999923706055,17.8700008392334,18.18000030517578,185700,0.0,0.0
2023-10-30 00:00:00-04:00,18.520000457763672,18.600000381469727,18.1200008392334,18.139999389648438,107900,0.0,0.0
2023-10-31 00:00:00-04:00,18.049999237060547,18.920000076293945,17.8799991607666,18.75,106000,0.0,0.0
2023-11-01 00:00:00-04:00,18.68000030517578,19.100000381469727,18.420000076293945,19.09000015258789,112400,0.0,0.0
2023-11-02 00:00:00-04:00,19.5,19.639999389648438,19.110000610351562,19.5,110200,0.0,0.0
2023-11-03 00:00:00-04:00,19.969999313354492,20.729999542236328,19.969999313354492,20.440000534057617,114600,0.0,0.0
2023-11-06 00:00:00-05:00,20.25,20.25,19.459999084472656,19.68000030517578,123900,0.0,0.0
2023-11-07 00:00:00-05:00,19.649999618530273,20.030000686645508,19.420000076293945,19.989999771118164,90500,0.0,0.0
2023-11-08 00:00:00-05:00,19.979999542236328,20.389999389648438,19.68000030517578,19.700000762939453,100100,0.0,0.0
2023-11-09 00:00:00-05:00,19.93000030517578,20.020000457763672,19.079999923706055,19.239999771118164,134200,0.0,0.0
2023-11-10 00:00:00-05:00,19.31999969482422,19.889999389648438,18.8799991607666,19.139999389648438,146900,0.0,0.0
2023-11-13 00:00:00-05:00,18.979999542236328,19.40999984741211,18.84000015258789,19.0,105000,0.0,0.0
2023-11-14 00:00:00-05:00,19.969999313354492,20.649999618530273,19.93000030517578,20.459999084472656,193100,0.0,0.0
2023-11-15 00:00:00-05:00,20.270000457763672,21.0,20.170000076293945,20.25,192000,0.0,0.0
2023-11-16 00:00:00-05:00,20.139999389648438,20.530000686645508,19.440000534057617,20.299999237060547,158100,0.0,0.0
2023-11-17 00:00:00-05:00,20.329999923706055,20.329999923706055,19.420000076293945,19.84000015258789,250800,0.0,0.0
2023-11-20 00:00:00-05:00,19.760000228881836,20.790000915527344,19.600000381469727,20.75,246100,0.0,0.0
2023-11-21 00:00:00-05:00,20.6200008392334,20.8700008392334,20.309999465942383,20.360000610351562,108700,0.0,0.0
2023-11-22 00:00:00-05:00,20.399999618530273,21.049999237060547,20.399999618530273,20.59000015258789,83700,0.0,0.0
2023-11-24 00:00:00-05:00,20.479999542236328,20.790000915527344,20.31999969482422,20.3700008392334,64600,0.0,0.0
2023-11-27 00:00:00-05:00,20.149999618530273,20.389999389648438,19.700000762939453,19.760000228881836,127300,0.0,0.0
2023-11-28 00:00:00-05:00,19.860000610351562,20.229999542236328,19.739999771118164,19.81999969482422,113600,0.0,0.0
2023-11-29 00:00:00-05:00,20.110000610351562,20.389999389648438,19.899999618530273,20.1200008392334,108300,0.0,0.0
2023-11-30 00:00:00-05:00,20.1299991607666,20.34000015258789,19.959999084472656,20.1299991607666,92000,0.0,0.0
2023-12-01 00:00:00-05:00,19.989999771118164,20.40999984741211,19.780000686645508,19.969999313354492,196500,0.0,0.0
2023-12-04 00:00:00-05:00,19.829999923706055,20.469999313354492,19.829999923706055,20.1299991607666,380500,0.0,0.0
2023-12-05 00:00:00-05:00,19.8799991607666,20.1299991607666,19.600000381469727,19.84000015258789,137300,0.0,0.0
2023-12-06 00:00:00-05:00,20.049999237060547,20.229999542236328,19.729999542236328,19.75,129900,0.0,0.0
2023-12-07 00:00:00-05:00,19.760000228881836,19.920000076293945,19.299999237060547,19.530000686645508,110900,0.0,0.0
2023-12-08 00:00:00-05:00,19.600000381469727,20.43000030517578,19.510000228881836,19.920000076293945,237800,0.0,0.0
2023-12-11 00:00:00-05:00,19.760000228881836,20.209999084472656,19.610000610351562,20.010000228881836,182900,0.0,0.0
2023-12-12 00:00:00-05:00,19.959999084472656,20.6299991607666,19.610000610351562,19.729999542236328,136300,0.0,0.0
2023-12-13 00:00:00-05:00,19.65999984741211,20.3799991607666,19.469999313354492,20.3799991607666,323800,0.0,0.0
2023-12-14 00:00:00-05:00,20.790000915527344,21.780000686645508,20.790000915527344,21.200000762939453,363700,0.0,0.0
2023-12-15 00:00:00-05:00,21.299999237060547,21.299999237060547,20.3799991607666,20.81999969482422,438500,0.0,0.0
2023-12-18 00:00:00-05:00,20.920000076293945,21.5,20.719999313354492,21.329999923706055,195500,0.0,0.0
2023-12-19 00:00:00-05:00,21.440000534057617,21.579999923706055,20.920000076293945,20.979999542236328,136900,0.0,0.0
2023-12-20 00:00:00-05:00,20.860000610351562,21.459999084472656,20.760000228881836,20.920000076293945,209600,0.0,0.0
2023-12-21 00:00:00-05:00,21.06999969482422,21.6299991607666,21.040000915527344,21.600000381469727,159100,0.0,0.0
2023-12-22 00:00:00-05:00,21.84000015258789,22.280000686645508,21.709999084472656,21.770000457763672,190700,0.0,0.0
2023-12-26 00:00:00-05:00,21.84000015258789,22.049999237060547,21.43000030517578,21.6200008392334,143600,0.0,0.0
2023-12-27 00:00:00-05:00,21.600000381469727,21.770000457763672,21.190000534057617,21.5,139400,0.0,0.0
2023-12-28 00:00:00-05:00,21.440000534057617,21.700000762939453,21.229999542236328,21.360000610351562,116300,0.0,0.0
2023-12-29 00:00:00-05:00,21.360000610351562,21.530000686645508,21.1200008392334,21.170000076293945,198000,0.0,0.0
2024-01-02 00:00:00-05:00,21.100000381469727,21.31999969482422,20.40999984741211,21.0,166500,0.0,0.0
2024-01-03 00:00:00-05:00,20.719999313354492,21.020000457763672,20.25,20.34000015258789,161300,0.0,0.0
2024-01-04 00:00:00-05:00,20.34000015258789,20.729999542236328,20.06999969482422,20.079999923706055,173000,0.0,0.0
2024-01-05 00:00:00-05:00,19.850000381469727,20.559999465942383,19.780000686645508,20.280000686645508,168600,0.0,0.0
2024-01-08 00:00:00-05:00,20.190000534057617,20.84000015258789,20.190000534057617,20.639999389648438,129800,0.0,0.0
2024-01-09 00:00:00-05:00,20.299999237060547,20.479999542236328,19.959999084472656,19.989999771118164,103000,0.0,0.0
2024-01-10 00:00:00-05:00,19.889999389648438,20.200000762939453,19.790000915527344,20.110000610351562,162500,0.0,0.0
2024-01-11 00:00:00-05:00,19.959999084472656,20.329999923706055,19.649999618530273,20.299999237060547,163900,0.0,0.0
2024-01-12 00:00:00-05:00,20.639999389648438,20.8700008392334,19.790000915527344,19.899999618530273,129400,0.0,0.0
2024-01-16 00:00:00-05:00,19.700000762939453,19.770000457763672,19.450000762939453,19.610000610351562,145000,0.0,0.0
2024-01-17 00:00:00-05:00,19.270000457763672,19.850000381469727,19.15999984741211,19.709999084472656,167100,0.0,0.0
2024-01-18 00:00:00-05:00,19.56999969482422,19.84000015258789,19.190000534057617,19.5,91600,0.0,0.0
2024-01-19 00:00:00-05:00,19.649999618530273,19.719999313354492,19.299999237060547,19.559999465942383,131300,0.0,0.0
2024-01-22 00:00:00-05:00,19.799999237060547,20.149999618530273,19.709999084472656,19.790000915527344,120700,0.0,0.0
2024-01-23 00:00:00-05:00,20.0,20.170000076293945,19.760000228881836,20.09000015258789,198900,0.0,0.0
2024-01-24 00:00:00-05:00,20.40999984741211,20.40999984741211,19.399999618530273,19.520000457763672,168300,0.0,0.0
2024-01-25 00:00:00-05:00,19.8700008392334,20.139999389648438,19.40999984741211,19.719999313354492,86900,0.0,0.0
2024-01-26 00:00:00-05:00,19.84000015258789,19.959999084472656,19.5,19.579999923706055,100600,0.0,0.0
2024-01-29 00:00:00-05:00,19.600000381469727,19.93000030517578,19.420000076293945,19.93000030517578,122200,0.0,0.0
2024-01-30 00:00:00-05:00,19.75,19.75,18.899999618530273,18.969999313354492,222500,0.0,0.0
2024-01-31 00:00:00-05:00,19.010000228881836,19.290000915527344,18.739999771118164,18.739999771118164,219900,0.0,0.0
2024-02-01 00:00:00-05:00,18.959999084472656,19.559999465942383,18.90999984741211,19.489999771118164,166200,0.0,0.0
2024-02-02 00:00:00-05:00,19.190000534057617,19.420000076293945,18.950000762939453,19.239999771118164,138200,0.0,0.0
2024-02-05 00:00:00-05:00,18.989999771118164,18.989999771118164,18.469999313354492,18.469999313354492,109700,0.0,0.0
2024-02-06 00:00:00-05:00,18.469999313354492,19.079999923706055,18.469999313354492,18.809999465942383,97900,0.0,0.0
2024-02-07 00:00:00-05:00,18.84000015258789,18.90999984741211,18.34000015258789,18.520000457763672,117800,0.0,0.0
2024-02-08 00:00:00-05:00,18.549999237060547,19.010000228881836,18.40999984741211,18.8700008392334,462000,0.0,0.0
2024-02-09 00:00:00-05:00,18.8700008392334,19.100000381469727,17.540000915527344,18.579999923706055,317400,0.0,0.0
2024-02-12 00:00:00-05:00,18.43000030517578,19.3799991607666,18.209999084472656,19.350000381469727,270000,0.0,0.0
2024-02-13 00:00:00-05:00,18.65999984741211,19.600000381469727,18.520000457763672,19.219999313354492,282100,0.0,0.0
2024-02-14 00:00:00-05:00,19.350000381469727,20.670000076293945,19.200000762939453,19.770000457763672,391700,0.0,0.0
2024-02-15 00:00:00-05:00,20.3700008392334,21.100000381469727,20.079999923706055,20.889999389648438,418300,0.0,0.0
2024-02-16 00:00:00-05:00,20.770000457763672,20.799999237060547,20.1299991607666,20.610000610351562,313800,0.0,0.0
2024-02-20 00:00:00-05:00,20.25,20.860000610351562,20.09000015258789,20.81999969482422,195800,0.0,0.0
2024-02-21 00:00:00-05:00,20.610000610351562,20.8700008392334,20.510000228881836,20.700000762939453,342700,0.0,0.0
2024-02-22 00:00:00-05:00,20.790000915527344,21.549999237060547,20.0,21.510000228881836,434700,0.0,0.0
2024-02-23 00:00:00-05:00,22.639999389648438,22.84000015258789,21.6200008392334,22.350000381469727,726200,0.0,0.0
2024-02-26 00:00:00-05:00,22.25,22.59000015258789,21.799999237060547,21.8799991607666,272700,0.0,0.0
2024-02-27 00:00:00-05:00,22.049999237060547,23.040000915527344,21.8700008392334,22.969999313354492,367100,0.0,0.0
2024-02-28 00:00:00-05:00,22.719999313354492,22.969999313354492,22.34000015258789,22.770000457763672,226900,0.0,0.0
2024-02-29 00:00:00-05:00,23.0,23.219999313354492,19.5,21.309999465942383,1555700,0.0,0.0
2024-03-01 00:00:00-05:00,21.489999771118164,21.600000381469727,20.899999618530273,21.530000686645508,507600,0.0,0.0
2024-03-04 00:00:00-05:00,21.639999389648438,21.8700008392334,20.93000030517578,21.770000457763672,306800,0.0,0.0
2024-03-05 00:00:00-05:00,21.75,21.8799991607666,21.290000915527344,21.489999771118164,469100,0.0,0.0
2024-03-06 00:00:00-05:00,21.68000030517578,21.719999313354492,20.719999313354492,21.040000915527344,167700,0.0,0.0
2024-03-07 00:00:00-05:00,21.239999771118164,22.049999237060547,21.239999771118164,21.899999618530273,203400,0.0,0.0
2024-03-08 00:00:00-05:00,21.989999771118164,22.510000228881836,21.010000228881836,22.360000610351562,201500,0.0,0.0
2024-03-11 00:00:00-04:00,22.40999984741211,22.700000762939453,22.360000610351562,22.6299991607666,235100,0.0,0.0
2024-03-12 00:00:00-04:00,22.6200008392334,22.709999084472656,22.290000915527344,22.649999618530273,127100,0.0,0.0
2024-03-13 00:00:00-04:00,22.6200008392334,22.90999984741211,22.540000915527344,22.8700008392334,277700,0.0,0.0
2024-03-14 00:00:00-04:00,22.75,22.969999313354492,21.959999084472656,22.0,185100,0.0,0.0
2024-03-15 00:00:00-04:00,21.799999237060547,22.280000686645508,21.530000686645508,22.0,284100,0.0,0.0
2024-03-18 00:00:00-04:00,21.979999542236328,22.450000762939453,21.81999969482422,22.1200008392334,318400,0.0,0.0
2024-03-19 00:00:00-04:00,22.020000457763672,22.440000534057617,22.020000457763672,22.31999969482422,183200,0.0,0.0
2024-03-20 00:00:00-04:00,22.299999237060547,22.649999618530273,22.06999969482422,22.270000457763672,225700,0.0,0.0
2024-03-21 00:00:00-04:00,22.350000381469727,22.56999969482422,22.170000076293945,22.469999313354492,245800,0.0,0.0
2024-03-22 00:00:00-04:00,22.469999313354492,22.940000534057617,22.1299991607666,22.209999084472656,411500,0.0,0.0
2024-03-25 00:00:00-04:00,22.3700008392334,22.729999542236328,22.190000534057617,22.209999084472656,175400,0.0,0.0
2024-03-26 00:00:00-04:00,22.3700008392334,22.440000534057617,21.959999084472656,21.959999084472656,149000,0.0,0.0
2024-03-27 00:00:00-04:00,22.190000534057617,22.719999313354492,21.959999084472656,22.6299991607666,264000,0.0,0.0
2024-03-28 00:00:00-04:00,22.690000534057617,23.030000686645508,22.670000076293945,22.889999389648438,140900,0.0,0.0
2024-04-01 00:00:00-04:00,22.8799991607666,23.1299991607666,22.489999771118164,22.549999237060547,197600,0.0,0.0
2024-04-02 00:00:00-04:00,22.399999618530273,22.559999465942383,22.149999618530273,22.420000076293945,151100,0.0,0.0
2024-04-03 00:00:00-04:00,22.399999618530273,22.670000076293945,22.1299991607666,22.350000381469727,136700,0.0,0.0
2024-04-04 00:00:00-04:00,22.670000076293945,22.8799991607666,22.209999084472656,22.229999542236328,122700,0.0,0.0
2024-04-05 00:00:00-04:00,22.219999313354492,22.65999984741211,22.06999969482422,22.530000686645508,113200,0.0,0.0
2024-04-08 00:00:00-04:00,22.709999084472656,23.3700008392334,22.709999084472656,23.15999984741211,191100,0.0,0.0
2024-04-09 00:00:00-04:00,23.309999465942383,23.579999923706055,23.190000534057617,23.450000762939453,147600,0.0,0.0
2024-04-10 00:00:00-04:00,22.90999984741211,23.09000015258789,22.469999313354492,22.799999237060547,160000,0.0,0.0
2024-04-11 00:00:00-04:00,23.0,23.84000015258789,22.780000686645508,23.790000915527344,167500,0.0,0.0
2024-04-12 00:00:00-04:00,23.670000076293945,23.790000915527344,22.940000534057617,22.979999542236328,193200,0.0,0.0
2024-04-15 00:00:00-04:00,23.1200008392334,23.219999313354492,22.739999771118164,22.809999465942383,133400,0.0,0.0
2024-04-16 00:00:00-04:00,22.579999923706055,22.709999084472656,22.079999923706055,22.579999923706055,146200,0.0,0.0
2024-04-17 00:00:00-04:00,22.559999465942383,22.729999542236328,22.219999313354492,22.540000915527344,181900,0.0,0.0
2024-04-18 00:00:00-04:00,22.549999237060547,22.899999618530273,22.280000686645508,22.469999313354492,230900,0.0,0.0
2024-04-19 00:00:00-04:00,22.350000381469727,22.729999542236328,22.100000381469727,22.329999923706055,163800,0.0,0.0
2024-04-22 00:00:00-04:00,22.75,22.809999465942383,22.309999465942383,22.520000457763672,185900,0.0,0.0
2024-04-23 00:00:00-04:00,22.6299991607666,23.530000686645508,22.6299991607666,23.469999313354492,143300,0.0,0.0
2024-04-24 00:00:00-04:00,23.5,23.860000610351562,23.18000030517578,23.459999084472656,345600,0.0,0.0
2024-04-25 00:00:00-04:00,23.190000534057617,23.299999237060547,22.969999313354492,23.149999618530273,99000,0.0,0.0
2024-04-26 00:00:00-04:00,23.299999237060547,23.479999542236328,23.049999237060547,23.100000381469727,91300,0.0,0.0
2024-04-29 00:00:00-04:00,23.139999389648438,23.389999389648438,22.889999389648438,23.110000610351562,92500,0.0,0.0
2024-04-30 00:00:00-04:00,22.860000610351562,23.149999618530273,22.670000076293945,22.709999084472656,199400,0.0,0.0
2024-05-01 00:00:00-04:00,22.780000686645508,22.959999084472656,22.209999084472656,22.25,266500,0.0,0.0
2024-05-02 00:00:00-04:00,22.56999969482422,22.56999969482422,22.040000915527344,22.260000228881836,161800,0.0,0.0
2024-05-03 00:00:00-04:00,22.68000030517578,22.739999771118164,22.34000015258789,22.399999618530273,125000,0.0,0.0
2024-05-06 00:00:00-04:00,22.450000762939453,22.59000015258789,22.290000915527344,22.469999313354492,124700,0.0,0.0
2024-05-07 00:00:00-04:00,22.559999465942383,22.610000610351562,22.110000610351562,22.280000686645508,178500,0.0,0.0
2024-05-08 00:00:00-04:00,22.15999984741211,22.610000610351562,22.139999389648438,22.530000686645508,203300,0.0,0.0
2024-05-09 00:00:00-04:00,22.510000228881836,22.719999313354492,22.049999237060547,22.170000076293945,210700,0.0,0.0
2024-05-10 00:00:00-04:00,21.0,21.40999984741211,19.31999969482422,20.049999237060547,790900,0.0,0.0
2024-05-13 00:00:00-04:00,20.309999465942383,20.309999465942383,19.540000915527344,19.979999542236328,359700,0.0,0.0
2024-05-14 00:00:00-04:00,20.219999313354492,20.639999389648438,19.899999618530273,20.0,233900,0.0,0.0
2024-05-15 00:00:00-04:00,20.18000030517578,20.18000030517578,19.8799991607666,19.93000030517578,156100,0.0,0.0
2024-05-16 00:00:00-04:00,19.90999984741211,20.329999923706055,19.690000534057617,19.899999618530273,244900,0.0,0.0
2024-05-17 00:00:00-04:00,20.0,20.190000534057617,19.229999542236328,19.549999237060547,234400,0.0,0.0
2024-05-20 00:00:00-04:00,19.5,19.729999542236328,19.219999313354492,19.25,190800,0.0,0.0
2024-05-21 00:00:00-04:00,19.200000762939453,19.709999084472656,19.06999969482422,19.25,229200,0.0,0.0
2024-05-22 00:00:00-04:00,19.15999984741211,19.43000030517578,19.100000381469727,19.25,179800,0.0,0.0
2024-05-23 00:00:00-04:00,19.329999923706055,19.329999923706055,18.75,18.93000030517578,165200,0.0,0.0
2024-05-24 00:00:00-04:00,18.989999771118164,19.15999984741211,18.81999969482422,18.940000534057617,109900,0.0,0.0
2024-05-28 00:00:00-04:00,19.06999969482422,19.549999237060547,18.979999542236328,19.530000686645508,216600,0.0,0.0
2024-05-29 00:00:00-04:00,19.3700008392334,19.809999465942383,19.020000457763672,19.139999389648438,260800,0.0,0.0
2024-05-30 00:00:00-04:00,19.1200008392334,19.860000610351562,19.1200008392334,19.389999389648438,220700,0.0,0.0
2024-05-31 00:00:00-04:00,19.56999969482422,19.610000610351562,19.079999923706055,19.479999542236328,235400,0.0,0.0
2024-06-03 00:00:00-04:00,19.6200008392334,19.850000381469727,19.309999465942383,19.5,187000,0.0,0.0
2024-06-04 00:00:00-04:00,19.34000015258789,19.530000686645508,19.06999969482422,19.110000610351562,237700,0.0,0.0
2024-06-05 00:00:00-04:00,19.1299991607666,19.450000762939453,18.790000915527344,19.1299991607666,303900,0.0,0.0
2024-06-06 00:00:00-04:00,19.1299991607666,19.299999237060547,18.770000457763672,19.270000457763672,192300,0.0,0.0
2024-06-07 00:00:00-04:00,19.020000457763672,19.270000457763672,18.90999984741211,19.09000015258789,201800,0.0,0.0
2024-06-10 00:00:00-04:00,18.940000534057617,19.389999389648438,18.850000381469727,19.31999969482422,173100,0.0,0.0
2024-06-11 00:00:00-04:00,19.1299991607666,19.610000610351562,19.1299991607666,19.600000381469727,189500,0.0,0.0
2024-06-12 00:00:00-04:00,19.979999542236328,20.190000534057617,19.649999618530273,19.729999542236328,424300,0.0,0.0
2024-06-13 00:00:00-04:00,19.68000030517578,20.09000015258789,19.5,19.969999313354492,243500,0.0,0.0
2024-06-14 00:00:00-04:00,19.729999542236328,20.1200008392334,19.600000381469727,20.0,181600,0.0,0.0
2024-06-17 00:00:00-04:00,20.030000686645508,20.059999465942383,19.549999237060547,19.969999313354492,246500,0.0,0.0
2024-06-18 00:00:00-04:00,19.940000534057617,20.139999389648438,19.329999923706055,19.65999984741211,216700,0.0,0.0
2024-06-20 00:00:00-04:00,19.59000015258789,19.8799991607666,19.5,19.799999237060547,125400,0.0,0.0
2024-06-21 00:00:00-04:00,19.8700008392334,19.8700008392334,19.299999237060547,19.510000228881836,179700,0.0,0.0
2024-06-24 00:00:00-04:00,19.6299991607666,19.920000076293945,19.479999542236328,19.850000381469727,186000,0.0,0.0
2024-06-25 00:00:00-04:00,19.81999969482422,19.920000076293945,19.56999969482422,19.670000076293945,142900,0.0,0.0
2024-06-26 00:00:00-04:00,19.549999237060547,19.829999923706055,19.149999618530273,19.75,126300,0.0,0.0
2024-06-27 00:00:00-04:00,23.489999771118164,23.489999771118164,21.690000534057617,22.139999389648438,842000,0.0,0.0
2024-06-28 00:00:00-04:00,22.18000030517578,22.34000015258789,21.450000762939453,22.079999923706055,1204500,0.0,0.0
2024-07-01 00:00:00-04:00,22.190000534057617,22.299999237060547,21.639999389648438,21.739999771118164,252500,0.0,0.0
2024-07-02 00:00:00-04:00,21.719999313354492,22.540000915527344,21.719999313354492,22.459999084472656,259600,0.0,0.0
2024-07-03 00:00:00-04:00,22.459999084472656,22.579999923706055,22.059999465942383,22.25,68500,0.0,0.0
2024-07-05 00:00:00-04:00,22.020000457763672,22.329999923706055,21.829999923706055,22.139999389648438,220900,0.0,0.0
2024-07-08 00:00:00-04:00,22.149999618530273,22.459999084472656,21.780000686645508,22.450000762939453,188500,0.0,0.0
2024-07-09 00:00:00-04:00,22.399999618530273,22.709999084472656,21.93000030517578,22.459999084472656,227500,0.0,0.0
2024-07-10 00:00:00-04:00,22.559999465942383,22.559999465942383,21.709999084472656,21.780000686645508,181100,0.0,0.0
2024-07-11 00:00:00-04:00,22.200000762939453,22.610000610351562,21.93000030517578,22.270000457763672,216200,0.0,0.0
2024-07-12 00:00:00-04:00,22.579999923706055,22.81999969482422,22.3799991607666,22.520000457763672,189500,0.0,0.0
2024-07-15 00:00:00-04:00,22.610000610351562,23.059999465942383,22.299999237060547,23.0,170900,0.0,0.0
2024-07-16 00:00:00-04:00,23.229999542236328,24.0,22.770000457763672,23.75,304100,0.0,0.0
2024-07-17 00:00:00-04:00,23.6200008392334,24.0,23.6200008392334,23.690000534057617,174100,0.0,0.0
2024-07-18 00:00:00-04:00,23.530000686645508,23.940000534057617,23.149999618530273,23.420000076293945,130500,0.0,0.0
2024-07-19 00:00:00-04:00,23.450000762939453,23.520000457763672,23.020000457763672,23.31999969482422,109200,0.0,0.0
2024-07-22 00:00:00-04:00,23.239999771118164,23.950000762939453,23.100000381469727,23.920000076293945,211300,0.0,0.0
2024-07-23 00:00:00-04:00,23.81999969482422,24.100000381469727,23.3700008392334,23.989999771118164,257400,0.0,0.0
2024-07-24 00:00:00-04:00,23.780000686645508,24.030000686645508,23.600000381469727,23.75,175900,0.0,0.0
2024-07-25 00:00:00-04:00,23.850000381469727,24.520000457763672,23.790000915527344,24.280000686645508,254700,0.0,0.0
2024-07-26 00:00:00-04:00,24.639999389648438,25.010000228881836,24.43000030517578,24.989999771118164,158400,0.0,0.0
2024-07-29 00:00:00-04:00,25.469999313354492,25.510000228881836,24.600000381469727,24.84000015258789,110200,0.0,0.0
2024-07-30 00:00:00-04:00,24.989999771118164,25.09000015258789,24.729999542236328,24.90999984741211,212700,0.0,0.0
2024-07-31 00:00:00-04:00,25.010000228881836,25.010000228881836,24.3700008392334,24.510000228881836,400900,0.0,0.0
2024-08-01 00:00:00-04:00,24.510000228881836,24.84000015258789,23.989999771118164,24.1200008392334,219800,0.0,0.0
2024-08-02 00:00:00-04:00,23.75,24.030000686645508,23.34000015258789,23.739999771118164,283500,0.0,0.0
2024-08-05 00:00:00-04:00,22.610000610351562,23.459999084472656,22.399999618530273,23.329999923706055,203300,0.0,0.0
2024-08-06 00:00:00-04:00,23.329999923706055,23.8700008392334,23.280000686645508,23.719999313354492,218600,0.0,0.0
2024-08-07 00:00:00-04:00,24.049999237060547,24.049999237060547,23.3700008392334,23.639999389648438,280300,0.0,0.0
2024-08-08 00:00:00-04:00,23.649999618530273,24.489999771118164,23.469999313354492,24.229999542236328,152400,0.0,0.0
2024-08-09 00:00:00-04:00,22.860000610351562,24.06999969482422,20.899999618530273,22.420000076293945,337600,0.0,0.0
2024-08-12 00:00:00-04:00,22.25,22.25,20.8799991607666,20.959999084472656,247300,0.0,0.0
2024-08-13 00:00:00-04:00,20.989999771118164,21.3799991607666,20.65999984741211,21.030000686645508,273600,0.0,0.0
2024-08-14 00:00:00-04:00,20.950000762939453,21.059999465942383,20.75,21.020000457763672,232500,0.0,0.0
2024-08-15 00:00:00-04:00,21.469999313354492,21.469999313354492,21.09000015258789,21.219999313354492,242800,0.0,0.0
2024-08-16 00:00:00-04:00,21.190000534057617,21.75,21.190000534057617,21.559999465942383,182800,0.0,0.0
2024-08-19 00:00:00-04:00,21.600000381469727,21.829999923706055,21.3700008392334,21.3700008392334,209200,0.0,0.0
2024-08-20 00:00:00-04:00,21.239999771118164,21.420000076293945,21.100000381469727,21.18000030517578,160500,0.0,0.0
2024-08-21 00:00:00-04:00,21.260000228881836,21.549999237060547,21.079999923706055,21.530000686645508,152600,0.0,0.0
2024-08-22 00:00:00-04:00,21.5,21.68000030517578,21.260000228881836,21.31999969482422,185800,0.0,0.0
2024-08-23 00:00:00-04:00,21.469999313354492,21.920000076293945,21.229999542236328,21.829999923706055,113300,0.0,0.0
2024-08-26 00:00:00-04:00,22.020000457763672,22.719999313354492,21.950000762939453,22.5,139100,0.0,0.0
2024-08-27 00:00:00-04:00,22.5,22.75,22.06999969482422,22.260000228881836,100400,0.0,0.0
2024-08-28 00:00:00-04:00,22.25,22.3700008392334,21.850000381469727,21.850000381469727,136700,0.0,0.0
2024-08-29 00:00:00-04:00,22.059999465942383,22.579999923706055,22.010000228881836,22.290000915527344,79200,0.0,0.0
2024-08-30 00:00:00-04:00,22.309999465942383,22.700000762939453,22.260000228881836,22.65999984741211,88700,0.0,0.0
2024-09-03 00:00:00-04:00,22.389999389648438,22.799999237060547,21.920000076293945,21.989999771118164,144100,0.0,0.0
2024-09-04 00:00:00-04:00,21.889999389648438,22.049999237060547,21.520000457763672,21.559999465942383,104200,0.0,0.0
2024-09-05 00:00:00-04:00,21.65999984741211,21.850000381469727,21.540000915527344,21.600000381469727,89000,0.0,0.0
2024-09-06 00:00:00-04:00,21.559999465942383,21.68000030517578,21.1200008392334,21.3700008392334,189800,0.0,0.0
2024-09-09 00:00:00-04:00,21.399999618530273,21.729999542236328,21.1200008392334,21.25,164600,0.0,0.0
2024-09-10 00:00:00-04:00,21.309999465942383,21.56999969482422,21.25,21.559999465942383,101500,0.0,0.0
2024-09-11 00:00:00-04:00,21.3799991607666,21.639999389648438,20.969999313354492,21.549999237060547,121500,0.0,0.0
2024-09-12 00:00:00-04:00,21.690000534057617,21.93000030517578,21.549999237060547,21.75,86200,0.0,0.0
2024-09-13 00:00:00-04:00,21.93000030517578,22.34000015258789,21.799999237060547,22.020000457763672,92000,0.0,0.0
2024-09-16 00:00:00-04:00,22.1299991607666,22.40999984741211,21.940000534057617,22.3700008392334,130900,0.0,0.0
2024-09-17 00:00:00-04:00,22.56999969482422,22.649999618530273,22.270000457763672,22.3700008392334,98900,0.0,0.0
2024-09-18 00:00:00-04:00,22.309999465942383,22.6299991607666,21.8799991607666,21.889999389648438,99700,0.0,0.0
2024-09-19 00:00:00-04:00,22.260000228881836,22.75,21.950000762939453,22.670000076293945,168000,0.0,0.0
2024-09-20 00:00:00-04:00,22.540000915527344,22.540000915527344,21.950000762939453,21.989999771118164,394300,0.0,0.0
2024-09-23 00:00:00-04:00,22.010000228881836,22.25,21.549999237060547,21.68000030517578,237900,0.0,0.0
2024-09-24 00:00:00-04:00,21.670000076293945,21.75,21.40999984741211,21.549999237060547,250000,0.0,0.0
2024-09-25 00:00:00-04:00,21.549999237060547,21.649999618530273,20.420000076293945,20.5,295100,0.0,0.0
2024-09-26 00:00:00-04:00,20.760000228881836,21.170000076293945,20.510000228881836,21.149999618530273,400300,0.0,0.0
2024-09-27 00:00:00-04:00,21.43000030517578,21.93000030517578,21.020000457763672,21.1299991607666,240700,0.0,0.0
2024-09-30 00:00:00-04:00,21.100000381469727,21.6200008392334,21.100000381469727,21.309999465942383,179700,0.0,0.0
2024-10-01 00:00:00-04:00,21.149999618530273,21.34000015258789,20.829999923706055,21.010000228881836,126600,0.0,0.0
2024-10-02 00:00:00-04:00,20.969999313354492,21.219999313354492,20.799999237060547,21.149999618530273,148700,0.0,0.0
2024-10-03 00:00:00-04:00,20.809999465942383,21.3700008392334,20.649999618530273,21.290000915527344,147300,0.0,0.0
2024-10-04 00:00:00-04:00,21.559999465942383,22.040000915527344,21.239999771118164,21.959999084472656,378100,0.0,0.0
2024-10-07 00:00:00-04:00,21.8799991607666,22.75,21.709999084472656,22.670000076293945,573100,0.0,0.0
2024-10-08 00:00:00-04:00,22.729999542236328,23.110000610351562,22.600000381469727,23.030000686645508,294900,0.0,0.0
2024-10-09 00:00:00-04:00,23.030000686645508,23.450000762939453,23.030000686645508,23.399999618530273,512200,0.0,0.0
2024-10-10 00:00:00-04:00,23.18000030517578,23.469999313354492,22.290000915527344,22.299999237060547,492900,0.0,0.0
2024-10-11 00:00:00-04:00,22.18000030517578,22.940000534057617,22.15999984741211,22.610000610351562,167800,0.0,0.0
2024-10-14 00:00:00-04:00,22.59000015258789,22.670000076293945,22.15999984741211,22.3799991607666,274300,0.0,0.0
2024-10-15 00:00:00-04:00,22.3799991607666,22.959999084472656,22.1200008392334,22.739999771118164,251300,0.0,0.0
2024-10-16 00:00:00-04:00,22.84000015258789,23.34000015258789,22.520000457763672,23.190000534057617,162700,0.0,0.0
2024-10-17 00:00:00-04:00,23.15999984741211,23.219999313354492,22.770000457763672,22.860000610351562,121200,0.0,0.0
2024-10-18 00:00:00-04:00,22.920000076293945,23.229999542236328,22.860000610351562,22.8799991607666,112300,0.0,0.0
2024-10-21 00:00:00-04:00,22.920000076293945,23.100000381469727,22.719999313354492,22.989999771118164,202400,0.0,0.0
2024-10-22 00:00:00-04:00,22.950000762939453,23.030000686645508,22.6299991607666,22.739999771118164,149100,0.0,0.0
2024-10-23 00:00:00-04:00,22.6299991607666,22.920000076293945,22.610000610351562,22.75,107300,0.0,0.0
2024-10-24 00:00:00-04:00,22.84000015258789,23.18000030517578,22.829999923706055,22.889999389648438,132600,0.0,0.0
2024-10-25 00:00:00-04:00,23.030000686645508,23.1299991607666,22.829999923706055,22.860000610351562,79000,0.0,0.0
2024-10-28 00:00:00-04:00,23.1200008392334,23.360000610351562,22.979999542236328,23.280000686645508,118200,0.0,0.0
2024-10-29 00:00:00-04:00,23.219999313354492,23.520000457763672,23.09000015258789,23.15999984741211,98400,0.0,0.0
2024-10-30 00:00:00-04:00,23.079999923706055,23.43000030517578,23.059999465942383,23.079999923706055,73500,0.0,0.0
2024-10-31 00:00:00-04:00,23.079999923706055,23.469999313354492,22.979999542236328,22.989999771118164,98400,0.0,0.0
2024-11-01 00:00:00-04:00,23.030000686645508,23.450000762939453,22.889999389648438,23.030000686645508,123400,0.0,0.0
2024-11-04 00:00:00-05:00,23.06999969482422,23.40999984741211,22.969999313354492,23.190000534057617,119200,0.0,0.0
2024-11-05 00:00:00-05:00,23.149999618530273,23.65999984741211,23.110000610351562,23.65999984741211,185700,0.0,0.0
2024-11-06 00:00:00-05:00,24.989999771118164,25.540000915527344,24.09000015258789,25.06999969482422,241100,0.0,0.0
2024-11-07 00:00:00-05:00,25.0,25.520000457763672,24.950000762939453,25.219999313354492,268500,0.0,0.0
2024-11-08 00:00:00-05:00,25.309999465942383,25.549999237060547,25.09000015258789,25.229999542236328,96500,0.0,0.0
2024-11-11 00:00:00-05:00,25.579999923706055,25.959999084472656,25.3799991607666,25.920000076293945,142700,0.0,0.0
2024-11-12 00:00:00-05:00,25.920000076293945,25.950000762939453,25.360000610351562,25.780000686645508,329400,0.0,0.0
2024-11-13 00:00:00-05:00,25.899999618530273,26.0,25.59000015258789,25.600000381469727,196600,0.0,0.0
2024-11-14 00:00:00-05:00,25.729999542236328,25.729999542236328,24.690000534057617,24.8700008392334,541300,0.0,0.0
2024-11-15 00:00:00-05:00,24.989999771118164,25.31999969482422,24.729999542236328,24.81999969482422,153000,0.0,0.0
2024-11-18 00:00:00-05:00,24.709999084472656,24.940000534057617,24.149999618530273,24.399999618530273,199300,0.0,0.0
2024-11-19 00:00:00-05:00,23.440000534057617,24.600000381469727,22.950000762939453,23.190000534057617,305400,0.0,0.0
2024-11-20 00:00:00-05:00,23.270000457763672,24.1299991607666,23.270000457763672,24.110000610351562,189600,0.0,0.0
2024-11-21 00:00:00-05:00,24.389999389648438,24.540000915527344,23.329999923706055,23.3799991607666,285100,0.0,0.0
2024-11-22 00:00:00-05:00,23.469999313354492,24.020000457763672,23.34000015258789,23.670000076293945,375600,0.0,0.0
2024-11-25 00:00:00-05:00,23.799999237060547,24.440000534057617,23.709999084472656,24.020000457763672,324400,0.0,0.0
2024-11-26 00:00:00-05:00,23.8700008392334,24.229999542236328,23.760000228881836,23.790000915527344,145400,0.0,0.0
2024-11-27 00:00:00-05:00,26.65999984741211,26.65999984741211,24.579999923706055,24.860000610351562,487800,0.0,0.0
2024-11-29 00:00:00-05:00,24.969999313354492,25.299999237060547,24.770000457763672,24.799999237060547,145000,0.0,0.0
2024-12-02 00:00:00-05:00,24.860000610351562,25.3799991607666,24.639999389648438,25.030000686645508,197400,0.0,0.0
2024-12-03 00:00:00-05:00,25.010000228881836,25.010000228881836,24.489999771118164,24.75,162000,0.0,0.0
2024-12-04 00:00:00-05:00,24.790000915527344,25.309999465942383,24.489999771118164,24.549999237060547,196700,0.0,0.0
2024-12-05 00:00:00-05:00,24.530000686645508,24.600000381469727,23.219999313354492,23.280000686645508,321200,0.0,0.0
2024-12-06 00:00:00-05:00,23.43000030517578,24.0,23.309999465942383,23.3799991607666,256000,0.0,0.0
2024-12-09 00:00:00-05:00,23.420000076293945,23.549999237060547,22.75,23.1200008392334,271600,0.0,0.0
2024-12-10 00:00:00-05:00,23.260000228881836,23.649999618530273,22.719999313354492,23.350000381469727,220700,0.0,0.0
2024-12-11 00:00:00-05:00,23.5,23.56999969482422,23.25,23.549999237060547,172300,0.0,0.0
2024-12-12 00:00:00-05:00,23.549999237060547,23.649999618530273,23.309999465942383,23.459999084472656,101000,0.0,0.0
2024-12-13 00:00:00-05:00,23.3799991607666,23.40999984741211,22.40999984741211,22.450000762939453,186400,0.0,0.0
2024-12-16 00:00:00-05:00,22.420000076293945,22.84000015258789,22.229999542236328,22.459999084472656,258300,0.0,0.0
2024-12-17 00:00:00-05:00,22.3799991607666,22.8700008392334,22.3700008392334,22.469999313354492,267700,0.0,0.0
2024-12-18 00:00:00-05:00,22.670000076293945,23.290000915527344,22.200000762939453,22.420000076293945,813300,0.0,0.0
2024-12-19 00:00:00-05:00,22.709999084472656,23.530000686645508,22.530000686645508,23.459999084472656,254900,0.0,0.0
2024-12-20 00:00:00-05:00,23.25,23.889999389648438,23.190000534057617,23.34000015258789,420700,0.0,0.0
2024-12-23 00:00:00-05:00,23.18000030517578,23.600000381469727,23.0,23.059999465942383,166500,0.0,0.0
2024-12-24 00:00:00-05:00,22.969999313354492,23.34000015258789,22.969999313354492,23.299999237060547,61300,0.0,0.0
2024-12-26 00:00:00-05:00,23.1200008392334,24.030000686645508,23.1200008392334,24.020000457763672,109300,0.0,0.0
2024-12-27 00:00:00-05:00,23.889999389648438,24.059999465942383,23.3799991607666,23.90999984741211,137200,0.0,0.0
2024-12-30 00:00:00-05:00,23.6200008392334,23.729999542236328,23.139999389648438,23.670000076293945,103200,0.0,0.0
2024-12-31 00:00:00-05:00,23.729999542236328,23.959999084472656,23.040000915527344,23.040000915527344,434500,0.0,0.0
2025-01-02 00:00:00-05:00,23.100000381469727,23.6299991607666,22.979999542236328,23.290000915527344,765800,0.0,0.0
2025-01-03 00:00:00-05:00,23.270000457763672,23.790000915527344,23.0,23.520000457763672,664600,0.0,0.0
2025-01-06 00:00:00-05:00,23.600000381469727,24.020000457763672,23.389999389648438,23.8700008392334,250300,0.0,0.0
2025-01-07 00:00:00-05:00,23.850000381469727,24.06999969482422,23.200000762939453,23.850000381469727,211100,0.0,0.0
2025-01-08 00:00:00-05:00,23.739999771118164,24.059999465942383,23.479999542236328,23.93000030517578,147900,0.0,0.0
2025-01-10 00:00:00-05:00,23.709999084472656,23.90999984741211,23.290000915527344,23.389999389648438,210900,0.0,0.0
2025-01-13 00:00:00-05:00,23.100000381469727,23.469999313354492,22.979999542236328,23.329999923706055,173200,0.0,0.0
2025-01-14 00:00:00-05:00,23.420000076293945,23.739999771118164,23.290000915527344,23.65999984741211,132500,0.0,0.0
2025-01-15 00:00:00-05:00,24.1200008392334,24.219999313354492,23.760000228881836,23.799999237060547,233500,0.0,0.0
2025-01-16 00:00:00-05:00,23.809999465942383,24.040000915527344,23.729999542236328,23.940000534057617,138700,0.0,0.0
2025-01-17 00:00:00-05:00,24.149999618530273,24.209999084472656,23.5,23.709999084472656,167900,0.0,0.0
2025-01-21 00:00:00-05:00,23.790000915527344,24.18000030517578,23.760000228881836,24.18000030517578,112500,0.0,0.0
2025-01-22 00:00:00-05:00,24.040000915527344,24.399999618530273,23.700000762939453,24.350000381469727,292100,0.0,0.0
2025-01-23 00:00:00-05:00,24.350000381469727,24.610000610351562,23.489999771118164,23.84000015258789,765400,0.0,0.0
2025-01-24 00:00:00-05:00,23.549999237060547,24.31999969482422,23.549999237060547,24.309999465942383,277700,0.0,0.0
2025-01-27 00:00:00-05:00,24.020000457763672,25.0,23.979999542236328,24.959999084472656,289700,0.0,0.0
2025-01-28 00:00:00-05:00,24.950000762939453,25.59000015258789,24.780000686645508,25.549999237060547,254200,0.0,0.0
2025-01-29 00:00:00-05:00,25.510000228881836,25.690000534057617,25.1200008392334,25.510000228881836,223000,0.0,0.0
2025-01-30 00:00:00-05:00,25.65999984741211,26.059999465942383,25.100000381469727,25.1200008392334,202800,0.0,0.0
2025-01-31 00:00:00-05:00,25.09000015258789,25.420000076293945,24.799999237060547,24.889999389648438,194900,0.0,0.0
2025-02-03 00:00:00-05:00,24.65999984741211,25.020000457763672,24.31999969482422,24.969999313354492,155900,0.0,0.0
2025-02-04 00:00:00-05:00,24.899999618530273,25.610000610351562,24.8799991607666,25.530000686645508,182200,0.0,0.0
2025-02-05 00:00:00-05:00,25.600000381469727,26.030000686645508,25.459999084472656,25.5,254100,0.0,0.0
2025-02-06 00:00:00-05:00,25.5,25.709999084472656,25.219999313354492,25.68000030517578,205300,0.0,0.0
2025-02-07 00:00:00-05:00,26.940000534057617,28.469999313354492,26.110000610351562,28.219999313354492,461600,0.0,0.0
2025-02-10 00:00:00-05:00,28.5,29.799999237060547,28.219999313354492,29.219999313354492,461500,0.0,0.0
2025-02-11 00:00:00-05:00,29.170000076293945,29.68000030517578,28.600000381469727,29.670000076293945,387500,0.0,0.0
2025-02-12 00:00:00-05:00,29.360000610351562,29.56999969482422,28.549999237060547,28.93000030517578,304700,0.0,0.0
2025-02-13 00:00:00-05:00,29.049999237060547,29.110000610351562,28.540000915527344,28.780000686645508,139600,0.0,0.0
2025-02-14 00:00:00-05:00,28.799999237060547,29.149999618530273,27.959999084472656,29.06999969482422,407700,0.0,0.0
2025-02-18 00:00:00-05:00,28.829999923706055,29.579999923706055,28.829999923706055,29.5,176200,0.0,0.0
2025-02-19 00:00:00-05:00,29.290000915527344,29.600000381469727,28.229999542236328,28.670000076293945,204600,0.0,0.0
2025-02-20 00:00:00-05:00,28.610000610351562,29.65999984741211,27.93000030517578,27.979999542236328,220800,0.0,0.0
2025-02-21 00:00:00-05:00,28.600000381469727,29.459999084472656,26.959999084472656,27.709999084472656,286600,0.0,0.0
2025-02-24 00:00:00-05:00,27.729999542236328,27.729999542236328,26.829999923706055,26.829999923706055,171700,0.0,0.0
2025-02-25 00:00:00-05:00,26.719999313354492,27.25,26.0,26.229999542236328,157600,0.0,0.0
2025-02-26 00:00:00-05:00,26.190000534057617,26.65999984741211,26.079999923706055,26.15999984741211,124600,0.0,0.0
2025-02-27 00:00:00-05:00,26.59000015258789,27.950000762939453,25.739999771118164,25.770000457763672,104600,0.0,0.0
2025-02-28 00:00:00-05:00,25.549999237060547,26.010000228881836,25.43000030517578,25.93000030517578,164000,0.0,0.0
2025-03-03 00:00:00-05:00,26.020000457763672,26.459999084472656,25.329999923706055,25.43000030517578,117900,0.0,0.0
2025-03-04 00:00:00-05:00,25.219999313354492,25.729999542236328,24.280000686645508,24.90999984741211,469700,0.0,0.0
2025-03-05 00:00:00-05:00,24.809999465942383,25.520000457763672,24.6200008392334,25.399999618530273,157100,0.0,0.0
2025-03-06 00:00:00-05:00,25.260000228881836,25.600000381469727,23.979999542236328,24.809999465942383,181700,0.0,0.0
2025-03-07 00:00:00-05:00,24.649999618530273,25.5,23.969999313354492,25.059999465942383,180400,0.0,0.0
2025-03-10 00:00:00-04:00,24.799999237060547,24.899999618530273,23.989999771118164,24.079999923706055,126700,0.0,0.0
2025-03-11 00:00:00-04:00,24.200000762939453,24.280000686645508,23.440000534057617,23.6200008392334,100500,0.0,0.0
2025-03-12 00:00:00-04:00,23.719999313354492,24.889999389648438,23.399999618530273,23.700000762939453,109800,0.0,0.0
2025-03-13 00:00:00-04:00,23.700000762939453,24.479999542236328,23.110000610351562,23.200000762939453,109100,0.0,0.0
2025-03-14 00:00:00-04:00,23.559999465942383,23.81999969482422,23.059999465942383,23.40999984741211,150800,0.0,0.0
2025-03-17 00:00:00-04:00,23.350000381469727,24.06999969482422,23.010000228881836,24.020000457763672,175800,0.0,0.0
2025-03-18 00:00:00-04:00,23.969999313354492,24.65999984741211,23.65999984741211,24.020000457763672,139700,0.0,0.0
2025-03-19 00:00:00-04:00,24.0,24.90999984741211,23.90999984741211,24.709999084472656,233700,0.0,0.0
2025-03-20 00:00:00-04:00,24.3799991607666,24.920000076293945,24.290000915527344,24.579999923706055,139700,0.0,0.0
2025-03-21 00:00:00-04:00,24.290000915527344,24.829999923706055,24.1200008392334,24.770000457763672,567100,0.0,0.0
2025-03-24 00:00:00-04:00,25.0,25.459999084472656,24.670000076293945,25.389999389648438,196300,0.0,0.0
2025-03-25 00:00:00-04:00,25.3799991607666,25.649999618530273,25.170000076293945,25.600000381469727,138600,0.0,0.0
2025-03-26 00:00:00-04:00,25.6299991607666,26.059999465942383,25.149999618530273,25.219999313354492,137000,0.0,0.0
2025-03-27 00:00:00-04:00,25.209999084472656,25.549999237060547,25.030000686645508,25.3700008392334,175700,0.0,0.0
2025-03-28 00:00:00-04:00,25.290000915527344,25.290000915527344,24.309999465942383,24.59000015258789,157000,0.0,0.0
2025-03-31 00:00:00-04:00,24.200000762939453,24.770000457763672,24.059999465942383,24.670000076293945,186800,0.0,0.0
2025-04-01 00:00:00-04:00,24.579999923706055,25.0,24.06999969482422,24.84000015258789,129900,0.0,0.0
2025-04-02 00:00:00-04:00,24.670000076293945,25.18000030517578,24.450000762939453,25.1200008392334,95700,0.0,0.0
2025-04-03 00:00:00-04:00,24.239999771118164,24.600000381469727,23.81999969482422,24.100000381469727,199600,0.0,0.0
2025-04-04 00:00:00-04:00,23.799999237060547,23.989999771118164,23.100000381469727,23.75,365100,0.0,0.0
2025-04-07 00:00:00-04:00,23.6299991607666,24.280000686645508,22.209999084472656,23.25,507400,0.0,0.0
2025-04-08 00:00:00-04:00,23.790000915527344,24.040000915527344,22.43000030517578,22.760000228881836,350800,0.0,0.0
2025-04-09 00:00:00-04:00,22.6200008392334,24.3799991607666,22.610000610351562,24.18000030517578,810100,0.0,0.0
2025-04-10 00:00:00-04:00,23.68000030517578,23.739999771118164,22.950000762939453,23.610000610351562,295800,0.0,0.0
2025-04-11 00:00:00-04:00,23.56999969482422,24.3700008392334,23.09000015258789,24.1299991607666,274100,0.0,0.0
2025-04-14 00:00:00-04:00,24.360000610351562,24.690000534057617,24.0,24.59000015258789,204400,0.0,0.0
2025-04-15 00:00:00-04:00,24.68000030517578,24.959999084472656,24.100000381469727,24.90999984741211,171500,0.0,0.0
2025-04-16 00:00:00-04:00,24.790000915527344,25.200000762939453,24.65999984741211,25.100000381469727,195900,0.0,0.0
2025-04-17 00:00:00-04:00,25.020000457763672,25.299999237060547,24.34000015258789,25.149999618530273,193700,0.0,0.0
2025-04-21 00:00:00-04:00,25.049999237060547,25.049999237060547,23.90999984741211,24.489999771118164,284900,0.0,0.0
2025-04-22 00:00:00-04:00,24.65999984741211,25.530000686645508,24.559999465942383,25.3700008392334,136000,0.0,0.0
2025-04-23 00:00:00-04:00,25.959999084472656,26.290000915527344,25.360000610351562,25.43000030517578,153400,0.0,0.0
2025-04-24 00:00:00-04:00,25.459999084472656,25.540000915527344,25.1299991607666,25.510000228881836,111800,0.0,0.0
2025-04-25 00:00:00-04:00,25.260000228881836,25.34000015258789,25.020000457763672,25.209999084472656,97600,0.0,0.0
2025-04-28 00:00:00-04:00,25.260000228881836,25.299999237060547,24.790000915527344,25.18000030517578,151400,0.0,0.0
2025-04-29 00:00:00-04:00,25.110000610351562,25.65999984741211,25.06999969482422,25.510000228881836,139700,0.0,0.0
2025-04-30 00:00:00-04:00,25.1299991607666,25.270000457763672,24.75,25.1200008392334,131400,0.0,0.0
2025-05-01 00:00:00-04:00,25.290000915527344,25.360000610351562,24.940000534057617,25.18000030517578,93000,0.0,0.0
2025-05-02 00:00:00-04:00,25.329999923706055,25.65999984741211,25.200000762939453,25.389999389648438,81400,0.0,0.0
2025-05-05 00:00:00-04:00,24.600000381469727,25.760000228881836,24.579999923706055,25.510000228881836,109500,0.0,0.0
2025-05-06 00:00:00-04:00,25.5,26.40999984741211,25.5,26.309999465942383,385600,0.0,0.0
2025-05-07 00:00:00-04:00,26.34000015258789,26.979999542236328,26.190000534057617,26.56999969482422,275500,0.0,0.0
2025-05-08 00:00:00-04:00,26.649999618530273,27.270000457763672,26.5,26.899999618530273,247400,0.0,0.0
2025-05-09 00:00:00-04:00,24.459999084472656,26.219999313354492,22.84000015258789,25.65999984741211,809700,0.0,0.0
2025-05-12 00:00:00-04:00,25.65999984741211,26.100000381469727,24.950000762939453,25.360000610351562,552200,0.0,0.0
2025-05-13 00:00:00-04:00,25.350000381469727,25.459999084472656,24.299999237060547,24.799999237060547,778300,0.0,0.0
2025-05-14 00:00:00-04:00,24.940000534057617,26.8700008392334,24.760000228881836,26.75,612800,0.0,0.0
2025-05-15 00:00:00-04:00,26.6200008392334,26.950000762939453,26.299999237060547,26.399999618530273,261900,0.0,0.0
2025-05-16 00:00:00-04:00,26.34000015258789,26.690000534057617,25.440000534057617,26.200000762939453,282600,0.0,0.0
2025-05-19 00:00:00-04:00,26.010000228881836,26.190000534057617,24.700000762939453,25.270000457763672,291500,0.0,0.0
2025-05-20 00:00:00-04:00,25.309999465942383,25.889999389648438,25.030000686645508,25.84000015258789,385500,0.0,0.0
2025-05-21 00:00:00-04:00,25.719999313354492,26.040000915527344,24.899999618530273,25.059999465942383,296100,0.0,0.0
2025-05-22 00:00:00-04:00,24.950000762939453,25.5,24.799999237060547,25.1200008392334,184300,0.0,0.0
2025-05-23 00:00:00-04:00,24.850000381469727,25.290000915527344,24.350000381469727,24.989999771118164,193000,0.0,0.0
2025-05-27 00:00:00-04:00,25.200000762939453,25.719999313354492,24.90999984741211,25.329999923706055,248000,0.0,0.0
2025-05-28 00:00:00-04:00,25.280000686645508,25.420000076293945,24.8799991607666,25.09000015258789,738500,0.0,0.0
2025-05-29 00:00:00-04:00,25.1299991607666,25.639999389648438,24.90999984741211,25.290000915527344,495000,0.0,0.0
2025-05-30 00:00:00-04:00,25.18000030517578,25.700000762939453,24.68000030517578,24.709999084472656,1179600,0.0,0.0
2025-06-02 00:00:00-04:00,24.59000015258789,24.739999771118164,23.799999237060547,23.829999923706055,602100,0.0,0.0
2025-06-03 00:00:00-04:00,23.790000915527344,24.8799991607666,23.6299991607666,24.81999969482422,467300,0.0,0.0
2025-06-04 00:00:00-04:00,24.8700008392334,25.139999389648438,24.649999618530273,25.020000457763672,319200,0.0,0.0
2025-06-05 00:00:00-04:00,25.170000076293945,25.280000686645508,24.850000381469727,24.860000610351562,347100,0.0,0.0
2025-06-06 00:00:00-04:00,24.989999771118164,25.200000762939453,23.860000610351562,24.829999923706055,405100,0.0,0.0
2025-06-09 00:00:00-04:00,25.030000686645508,25.200000762939453,24.5,24.799999237060547,383900,0.0,0.0
2025-06-10 00:00:00-04:00,24.959999084472656,25.079999923706055,24.68000030517578,24.790000915527344,203400,0.0,0.0
2025-06-11 00:00:00-04:00,24.809999465942383,25.010000228881836,24.68000030517578,24.760000228881836,240300,0.0,0.0
2025-06-12 00:00:00-04:00,24.700000762939453,24.790000915527344,24.290000915527344,24.31999969482422,335400,0.0,0.0
2025-06-13 00:00:00-04:00,23.959999084472656,24.309999465942383,22.639999389648438,22.84000015258789,476600,0.0,0.0
2025-06-16 00:00:00-04:00,23.1299991607666,24.420000076293945,23.0,23.979999542236328,582600,0.0,0.0
2025-06-17 00:00:00-04:00,23.799999237060547,24.690000534057617,23.799999237060547,24.639999389648438,489000,0.0,0.0
2025-06-18 00:00:00-04:00,24.709999084472656,25.579999923706055,24.489999771118164,25.559999465942383,344300,0.0,0.0
2025-06-20 00:00:00-04:00,25.600000381469727,25.799999237060547,24.56999969482422,24.6200008392334,674200,0.0,0.0
2025-06-23 00:00:00-04:00,24.479999542236328,25.299999237060547,24.350000381469727,25.219999313354492,416900,0.0,0.0
2025-06-24 00:00:00-04:00,25.329999923706055,26.030000686645508,25.110000610351562,25.65999984741211,294200,0.0,0.0
2025-06-25 00:00:00-04:00,25.760000228881836,26.049999237060547,25.209999084472656,25.309999465942383,503900,0.0,0.0
2025-06-26 00:00:00-04:00,25.469999313354492,25.81999969482422,25.139999389648438,25.700000762939453,333100,0.0,0.0
2025-06-27 00:00:00-04:00,25.829999923706055,26.68000030517578,25.600000381469727,26.440000534057617,726900,0.0,0.0
2025-06-30 00:00:00-04:00,26.549999237060547,27.8700008392334,26.549999237060547,27.479999542236328,435700,0.0,0.0
2025-07-01 00:00:00-04:00,27.299999237060547,28.31999969482422,27.030000686645508,27.809999465942383,366400,0.0,0.0
2025-07-02 00:00:00-04:00,27.809999465942383,28.649999618530273,27.59000015258789,28.59000015258789,323800,0.0,0.0
2025-07-03 00:00:00-04:00,28.65999984741211,29.280000686645508,28.520000457763672,29.0,184000,0.0,0.0
2025-07-07 00:00:00-04:00,28.899999618530273,29.440000534057617,28.690000534057617,29.059999465942383,516500,0.0,0.0
2025-07-08 00:00:00-04:00,29.299999237060547,29.690000534057617,28.6299991607666,28.799999237060547,573800,0.0,0.0
2025-07-09 00:00:00-04:00,28.959999084472656,29.649999618530273,28.56999969482422,29.610000610351562,302100,0.0,0.0
2025-07-10 00:00:00-04:00,29.59000015258789,30.100000381469727,28.920000076293945,28.940000534057617,277200,0.0,0.0
2025-07-11 00:00:00-04:00,28.690000534057617,28.899999618530273,28.059999465942383,28.239999771118164,203200,0.0,0.0
2025-07-14 00:00:00-04:00,28.25,28.68000030517578,28.0,28.09000015258789,334100,0.0,0.0
2025-07-15 00:00:00-04:00,28.200000762939453,28.770000457763672,27.510000228881836,28.06999969482422,395000,0.0,0.0
2025-07-16 00:00:00-04:00,28.149999618530273,29.18000030517578,28.020000457763672,28.790000915527344,479400,0.0,0.0
2025-07-17 00:00:00-04:00,28.780000686645508,29.239999771118164,28.6299991607666,29.0,354200,0.0,0.0
2025-07-18 00:00:00-04:00,29.309999465942383,29.479999542236328,28.610000610351562,28.6299991607666,337500,0.0,0.0
2025-07-21 00:00:00-04:00,28.700000762939453,29.18000030517578,28.670000076293945,28.889999389648438,373300,0.0,0.0
2025-07-22 00:00:00-04:00,28.90999984741211,29.329999923706055,28.780000686645508,28.809999465942383,276300,0.0,0.0
2025-07-23 00:00:00-04:00,28.799999237060547,29.309999465942383,28.510000228881836,29.0,271500,0.0,0.0
2025-07-24 00:00:00-04:00,29.0,29.15999984741211,28.469999313354492,28.5,217700,0.0,0.0
2025-07-25 00:00:00-04:00,28.6200008392334,28.989999771118164,28.43000030517578,28.690000534057617,188700,0.0,0.0
2025-07-28 00:00:00-04:00,28.850000381469727,29.530000686645508,28.670000076293945,28.920000076293945,217300,0.0,0.0
2025-07-29 00:00:00-04:00,29.18000030517578,29.530000686645508,28.18000030517578,28.649999618530273,136200,0.0,0.0
2025-07-30 00:00:00-04:00,28.75,28.889999389648438,28.3799991607666,28.479999542236328,330300,0.0,0.0
2025-07-31 00:00:00-04:00,28.450000762939453,28.450000762939453,27.700000762939453,27.979999542236328,384400,0.0,0.0
2025-08-01 00:00:00-04:00,27.760000228881836,28.5,27.729999542236328,28.0,338600,0.0,0.0
2025-08-04 00:00:00-04:00,28.18000030517578,28.81999969482422,28.1200008392334,28.479999542236328,214700,0.0,0.0
2025-08-05 00:00:00-04:00,28.6200008392334,28.649999618530273,28.059999465942383,28.100000381469727,342800,0.0,0.0
2025-08-06 00:00:00-04:00,28.030000686645508,28.610000610351562,28.020000457763672,28.40999984741211,184400,0.0,0.0
2025-08-07 00:00:00-04:00,28.690000534057617,28.829999923706055,28.020000457763672,28.5,194500,0.0,0.0
2025-08-08 00:00:00-04:00,30.0,32.33000183105469,29.940000534057617,31.709999084472656,581500,0.0,0.0
2025-08-11 00:00:00-04:00,32.099998474121094,32.310001373291016,31.229999542236328,31.459999084472656,361300,0.0,0.0
2025-08-12 00:00:00-04:00,31.5,32.189998626708984,31.350000381469727,32.11000061035156,256400,0.0,0.0
2025-08-13 00:00:00-04:00,32.5,33.439998626708984,32.25,32.95000076293945,364100,0.0,0.0
2025-08-14 00:00:00-04:00,32.58000183105469,32.70000076293945,31.75,31.940000534057617,215500,0.0,0.0
2025-08-15 00:00:00-04:00,32.0099983215332,32.15999984741211,31.260000228881836,31.360000610351562,299800,0.0,0.0
2025-08-18 00:00:00-04:00,31.360000610351562,31.809999465942383,31.139999389648438,31.31999969482422,213100,0.0,0.0
2025-08-19 00:00:00-04:00,31.299999237060547,31.670000076293945,31.0,31.079999923706055,241400,0.0,0.0
2025-08-20 00:00:00-04:00,31.110000610351562,31.649999618530273,30.600000381469727,30.790000915527344,155400,0.0,0.0
2025-08-21 00:00:00-04:00,30.770000457763672,31.260000228881836,30.09000015258789,30.5,176200,0.0,0.0
2025-08-22 00:00:00-04:00,30.6299991607666,31.81999969482422,30.450000762939453,31.6299991607666,573200,0.0,0.0
2025-08-25 00:00:00-04:00,31.3799991607666,31.670000076293945,30.969999313354492,31.059999465942383,209000,0.0,0.0
2025-08-26 00:00:00-04:00,30.989999771118164,31.40999984741211,30.600000381469727,30.739999771118164,167000,0.0,0.0
2025-08-27 00:00:00-04:00,30.739999771118164,31.489999771118164,30.639999389648438,30.959999084472656,153400,0.0,0.0
2025-08-28 00:00:00-04:00,31.149999618530273,31.530000686645508,30.889999389648438,31.3799991607666,146700,0.0,0.0
2025-08-29 00:00:00-04:00,31.3700008392334,32.0,31.290000915527344,31.450000762939453,207000,0.0,0.0
2025-09-02 00:00:00-04:00,31.040000915527344,31.59000015258789,30.579999923706055,30.6299991607666,178400,0.0,0.0
2025-09-03 00:00:00-04:00,30.40999984741211,30.40999984741211,29.200000762939453,29.420000076293945,240300,0.0,0.0
2025-09-04 00:00:00-04:00,29.5,30.15999984741211,29.219999313354492,30.139999389648438,127300,0.0,0.0
2025-09-05 00:00:00-04:00,30.229999542236328,30.780000686645508,30.010000228881836,30.579999923706055,120700,0.0,0.0
2025-09-08 00:00:00-04:00,30.719999313354492,31.549999237060547,30.459999084472656,30.950000762939453,163600,0.0,0.0
2025-09-09 00:00:00-04:00,30.969999313354492,31.049999237060547,30.530000686645508,31.040000915527344,130300,0.0,0.0
2025-09-10 00:00:00-04:00,31.010000228881836,31.190000534057617,29.989999771118164,30.170000076293945,128400,0.0,0.0
2025-09-11 00:00:00-04:00,30.34000015258789,31.200000762939453,30.200000762939453,31.149999618530273,141900,0.0,0.0
2025-09-12 00:00:00-04:00,30.979999542236328,30.979999542236328,30.260000228881836,30.309999465942383,128400,0.0,0.0
2025-09-15 00:00:00-04:00,30.260000228881836,30.90999984741211,30.260000228881836,30.780000686645508,126600,0.0,0.0
2025-09-16 00:00:00-04:00,30.75,31.209999084472656,30.510000228881836,31.06999969482422,199400,0.0,0.0
2025-09-17 00:00:00-04:00,30.93000030517578,30.979999542236328,29.8700008392334,30.5,278600,0.0,0.0
2025-09-18 00:00:00-04:00,30.809999465942383,32.310001373291016,30.809999465942383,32.18000030517578,202100,0.0,0.0
2025-09-19 00:00:00-04:00,32.18000030517578,32.47999954223633,31.600000381469727,32.06999969482422,582200,0.0,0.0
2025-09-22 00:00:00-04:00,31.81999969482422,32.0,31.18000030517578,31.8700008392334,211500,0.0,0.0
2025-09-23 00:00:00-04:00,32.0099983215332,32.150001525878906,31.239999771118164,31.440000534057617,127400,0.0,0.0
2025-09-24 00:00:00-04:00,31.530000686645508,32.16999816894531,31.5,31.709999084472656,168900,0.0,0.0
2025-09-25 00:00:00-04:00,31.540000915527344,31.639999389648438,30.6200008392334,31.56999969482422,147800,0.0,0.0
2025-09-26 00:00:00-04:00,31.489999771118164,32.720001220703125,31.489999771118164,32.02000045776367,233200,0.0,0.0
2025-09-29 00:00:00-04:00,32.060001373291016,32.779998779296875,31.440000534057617,32.70000076293945,178600,0.0,0.0
2025-09-30 00:00:00-04:00,32.709999084472656,32.869998931884766,32.040000915527344,32.459999084472656,181300,0.0,0.0
2025-10-01 00:00:00-04:00,32.11000061035156,32.220001220703125,31.389999389648438,32.15999984741211,142400,0.0,0.0
2025-10-02 00:00:00-04:00,32.15999984741211,32.599998474121094,31.75,32.529998779296875,141000,0.0,0.0
2025-10-03 00:00:00-04:00,32.4900016784668,33.349998474121094,32.4900016784668,33.040000915527344,117500,0.0,0.0
2025-10-06 00:00:00-04:00,33.119998931884766,33.59000015258789,32.880001068115234,32.91999816894531,130100,0.0,0.0
2025-10-07 00:00:00-04:00,32.93000030517578,32.93000030517578,31.729999542236328,31.989999771118164,98300,0.0,0.0
2025-10-08 00:00:00-04:00,32.2599983215332,32.369998931884766,30.899999618530273,31.670000076293945,176100,0.0,0.0
2025-10-09 00:00:00-04:00,31.780000686645508,32.02000045776367,31.260000228881836,31.790000915527344,86800,0.0,0.0
2025-10-10 00:00:00-04:00,31.799999237060547,32.119998931884766,30.540000915527344,30.559999465942383,114100,0.0,0.0
2025-10-13 00:00:00-04:00,30.850000381469727,31.25,30.559999465942383,31.020000457763672,91900,0.0,0.0
2025-10-14 00:00:00-04:00,30.719999313354492,31.84000015258789,30.719999313354492,31.649999618530273,103300,0.0,0.0
2025-10-15 00:00:00-04:00,31.790000915527344,32.209999084472656,31.600000381469727,32.09000015258789,112900,0.0,0.0
2025-10-16 00:00:00-04:00,32.029998779296875,32.33000183105469,31.549999237060547,31.969999313354492,141200,0.0,0.0
2025-10-17 00:00:00-04:00,31.829999923706055,32.09000015258789,31.559999465942383,31.6200008392334,107000,0.0,0.0
2025-10-20 00:00:00-04:00,31.850000381469727,32.63999938964844,31.170000076293945,32.34000015258789,107800,0.0,0.0
2025-10-21 00:00:00-04:00,32.18000030517578,32.630001068115234,30.850000381469727,30.969999313354492,255800,0.0,0.0
2025-10-22 00:00:00-04:00,30.90999984741211,31.670000076293945,30.450000762939453,31.670000076293945,201900,0.0,0.0
2025-10-23 00:00:00-04:00,31.709999084472656,32.11000061035156,31.31999969482422,31.90999984741211,194500,0.0,0.0
2025-10-24 00:00:00-04:00,32.2599983215332,33.970001220703125,32.0,33.029998779296875,231500,0.0,0.0
2025-10-27 00:00:00-04:00,33.2400016784668,33.70000076293945,32.869998931884766,33.11000061035156,166000,0.0,0.0
2025-10-28 00:00:00-04:00,33.0099983215332,33.529998779296875,32.939998626708984,33.08000183105469,145800,0.0,0.0
2025-10-29 00:00:00-04:00,32.9900016784668,33.209999084472656,31.5,31.780000686645508,179800,0.0,0.0
2025-10-30 00:00:00-04:00,31.479999542236328,31.690000534057617,30.6200008392334,30.889999389648438,164900,0.0,0.0
2025-10-31 00:00:00-04:00,30.809999465942383,31.329999923706055,30.6200008392334,30.75,132800,0.0,0.0
2025-11-03 00:00:00-05:00,30.760000228881836,31.329999923706055,29.899999618530273,30.68000030517578,226800,0.0,0.0
2025-11-04 00:00:00-05:00,30.329999923706055,30.75,29.760000228881836,30.030000686645508,143500,0.0,0.0
2025-11-05 00:00:00-05:00,30.1200008392334,31.25,29.479999542236328,30.110000610351562,241100,0.0,0.0
2025-11-06 00:00:00-05:00,30.049999237060547,30.1200008392334,29.469999313354492,29.540000915527344,125800,0.0,0.0
2025-11-07 00:00:00-05:00,29.520000457763672,29.799999237060547,29.190000534057617,29.489999771118164,107700,0.0,0.0
2025-11-10 00:00:00-05:00,29.959999084472656,30.09000015258789,29.200000762939453,29.3799991607666,97800,0.0,0.0
2025-11-11 00:00:00-05:00,29.3700008392334,29.540000915527344,28.780000686645508,29.290000915527344,97300,0.0,0.0
2025-11-12 00:00:00-05:00,29.450000762939453,29.6299991607666,29.110000610351562,29.329999923706055,161000,0.0,0.0
2025-11-13 00:00:00-05:00,29.149999618530273,29.280000686645508,28.399999618530273,28.540000915527344,272500,0.0,0.0
2025-11-14 00:00:00-05:00,28.079999923706055,29.15999984741211,28.010000228881836,28.850000381469727,207100,0.0,0.0
2025-11-17 00:00:00-05:00,28.670000076293945,29.690000534057617,28.670000076293945,29.030000686645508,269900,0.0,0.0
2025-11-18 00:00:00-05:00,23.139999389648438,26.56999969482422,22.0,25.969999313354492,775900,0.0,0.0
2025-11-19 00:00:00-05:00,25.65999984741211,26.40999984741211,24.200000762939453,24.200000762939453,588800,0.0,0.0
2025-11-20 00:00:00-05:00,24.600000381469727,25.200000762939453,23.25,23.440000534057617,465700,0.0,0.0
2025-11-21 00:00:00-05:00,23.549999237060547,24.6299991607666,23.549999237060547,23.940000534057617,435200,0.0,0.0
2025-11-24 00:00:00-05:00,23.799999237060547,24.3799991607666,23.700000762939453,23.8799991607666,355200,0.0,0.0
2025-11-25 00:00:00-05:00,24.100000381469727,25.040000915527344,24.0,24.31999969482422,202600,0.0,0.0
2025-11-26 00:00:00-05:00,24.209999084472656,24.43000030517578,23.489999771118164,23.56999969482422,409500,0.0,0.0
2025-11-28 00:00:00-05:00,23.729999542236328,23.979999542236328,23.559999465942383,23.670000076293945,145400,0.0,0.0
2025-12-01 00:00:00-05:00,23.600000381469727,24.010000228881836,23.149999618530273,23.59000015258789,383000,0.0,0.0
2025-12-02 00:00:00-05:00,23.700000762939453,24.139999389648438,22.68000030517578,22.739999771118164,379000,0.0,0.0
2025-12-03 00:00:00-05:00,22.739999771118164,23.520000457763672,22.56999969482422,23.360000610351562,286800,0.0,0.0
2025-12-04 00:00:00-05:00,23.43000030517578,23.5,23.079999923706055,23.09000015258789,249700,0.0,0.0
2025-12-05 00:00:00-05:00,23.18000030517578,23.860000610351562,22.969999313354492,23.209999084472656,210200,0.0,0.0
2025-12-08 00:00:00-05:00,23.350000381469727,23.719999313354492,23.139999389648438,23.459999084472656,242600,0.0,0.0
2025-12-09 00:00:00-05:00,23.5,24.56999969482422,23.40999984741211,23.899999618530273,409400,0.0,0.0
2025-12-10 00:00:00-05:00,23.799999237060547,24.540000915527344,23.799999237060547,24.530000686645508,451400,0.0,0.0
2025-12-11 00:00:00-05:00,24.670000076293945,25.510000228881836,24.309999465942383,25.479999542236328,268100,0.0,0.0
2025-12-12 00:00:00-05:00,25.43000030517578,25.959999084472656,25.209999084472656,25.450000762939453,418500,0.0,0.0
2025-12-15 00:00:00-05:00,25.350000381469727,25.799999237060547,24.649999618530273,25.049999237060547,400500,0.0,0.0
2025-12-16 00:00:00-05:00,25.0,25.639999389648438,24.920000076293945,25.56999969482422,319000,0.0,0.0
2025-12-17 00:00:00-05:00,25.450000762939453,25.969999313354492,25.450000762939453,25.670000076293945,316200,0.0,0.0
2025-12-18 00:00:00-05:00,25.829999923706055,26.510000228881836,25.829999923706055,26.290000915527344,272100,0.0,0.0
2025-12-19 00:00:00-05:00,26.239999771118164,26.6299991607666,25.790000915527344,25.899999618530273,712400,0.0,0.0
2025-12-22 00:00:00-05:00,25.93000030517578,26.639999389648438,25.93000030517578,26.469999313354492,296100,0.0,0.0
2025-12-23 00:00:00-05:00,26.270000457763672,26.719999313354492,26.18000030517578,26.299999237060547,255300,0.0,0.0
2025-12-24 00:00:00-05:00,26.260000228881836,26.530000686645508,26.079999923706055,26.31999969482422,156200,0.0,0.0
2025-12-26 00:00:00-05:00,26.3799991607666,26.770000457763672,25.950000762939453,26.15999984741211,128200,0.0,0.0
2025-12-29 00:00:00-05:00,26.059999465942383,26.469999313354492,24.3799991607666,26.299999237060547,248300,0.0,0.0
2025-12-30 00:00:00-05:00,26.270000457763672,26.600000381469727,25.860000610351562,25.899999618530273,182400,0.0,0.0
2025-12-31 00:00:00-05:00,25.899999618530273,26.0,25.1200008392334,25.190000534057617,223800,0.0,0.0
2026-01-02 00:00:00-05:00,25.190000534057617,25.649999618530273,24.850000381469727,25.25,277900,0.0,0.0
2026-01-05 00:00:00-05:00,25.25,26.520000457763672,25.25,26.3700008392334,207900,0.0,0.0
2026-01-06 00:00:00-05:00,26.149999618530273,27.260000228881836,26.149999618530273,27.020000457763672,295700,0.0,0.0
2026-01-07 00:00:00-05:00,27.1200008392334,27.559999465942383,26.8799991607666,27.450000762939453,148800,0.0,0.0
2026-01-08 00:00:00-05:00,27.280000686645508,27.59000015258789,27.170000076293945,27.25,213700,0.0,0.0
2026-01-09 00:00:00-05:00,27.25,27.860000610351562,26.75,27.440000534057617,168600,0.0,0.0
2026-01-12 00:00:00-05:00,27.260000228881836,27.700000762939453,26.6299991607666,27.06999969482422,294600,0.0,0.0
2026-01-13 00:00:00-05:00,27.149999618530273,27.389999389648438,26.639999389648438,26.850000381469727,254500,0.0,0.0
2026-01-14 00:00:00-05:00,26.8799991607666,27.510000228881836,26.729999542236328,27.020000457763672,219000,0.0,0.0
2026-01-15 00:00:00-05:00,27.1299991607666,27.459999084472656,25.600000381469727,25.670000076293945,383800,0.0,0.0
2026-01-16 00:00:00-05:00,25.719999313354492,26.530000686645508,24.809999465942383,24.850000381469727,378300,0.0,0.0
2026-01-20 00:00:00-05:00,24.31999969482422,25.020000457763672,24.31999969482422,24.700000762939453,276600,0.0,0.0
2026-01-21 00:00:00-05:00,24.979999542236328,25.389999389648438,24.0,24.239999771118164,395600,0.0,0.0
2026-01-22 00:00:00-05:00,24.469999313354492,24.979999542236328,24.469999313354492,24.739999771118164,352600,0.0,0.0
2026-01-23 00:00:00-05:00,24.75,25.229999542236328,24.010000228881836,24.299999237060547,316200,0.0,0.0
2026-01-26 00:00:00-05:00,24.219999313354492,25.239999771118164,23.6299991607666,23.950000762939453,213500,0.0,0.0
2026-01-27 00:00:00-05:00,23.889999389648438,24.1299991607666,23.100000381469727,23.31999969482422,228900,0.0,0.0
2026-01-28 00:00:00-05:00,23.309999465942383,23.6299991607666,22.270000457763672,22.59000015258789,335600,0.0,0.0
2026-01-29 00:00:00-05:00,22.5,23.059999465942383,21.520000457763672,21.799999237060547,496100,0.0,0.0
2026-01-30 00:00:00-05:00,21.579999923706055,22.670000076293945,21.579999923706055,22.209999084472656,775100,0.0,0.0
2026-02-02 00:00:00-05:00,22.190000534057617,22.479999542236328,21.799999237060547,21.989999771118164,383900,0.0,0.0
2026-02-03 00:00:00-05:00,22.020000457763672,22.170000076293945,20.649999618530273,20.829999923706055,438700,0.0,0.0
2026-02-04 00:00:00-05:00,20.850000381469727,21.149999618530273,20.209999084472656,20.719999313354492,411000,0.0,0.0
2026-02-05 00:00:00-05:00,20.510000228881836,20.829999923706055,19.889999389648438,19.920000076293945,393500,0.0,0.0
2026-02-06 00:00:00-05:00,21.8700008392334,23.0,19.889999389648438,20.969999313354492,1729800,0.0,0.0
2026-02-09 00:00:00-05:00,20.65999984741211,22.020000457763672,20.65999984741211,21.5,797700,0.0,0.0
2026-02-10 00:00:00-05:00,21.510000228881836,23.360000610351562,21.510000228881836,23.09000015258789,342500,0.0,0.0
2026-02-11 00:00:00-05:00,23.040000915527344,23.040000915527344,21.770000457763672,21.8799991607666,545300,0.0,0.0
2026-02-12 00:00:00-05:00,22.100000381469727,22.790000915527344,21.010000228881836,21.040000915527344,727200,0.0,0.0
2026-02-13 00:00:00-05:00,21.149999618530273,22.235000610351562,20.989999771118164,22.200000762939453,450748,0.0,0.0
