Date,Open,High,Low,Close,Volume,Dividends,Stock Splits
2022-01-03 00:00:00-05:00,11.09000015258789,11.449999809265137,10.800000190734863,11.029999732971191,569700,0.0,0.0
2022-01-04 00:00:00-05:00,11.170000076293945,11.890000343322754,11.119999885559082,11.800000190734863,719700,0.0,0.0
2022-01-05 00:00:00-05:00,11.75,11.920000076293945,10.970000267028809,11.0,550100,0.0,0.0
2022-01-06 00:00:00-05:00,11.020000457763672,11.579999923706055,10.880000114440918,11.369999885559082,522000,0.0,0.0
2022-01-07 00:00:00-05:00,11.390000343322754,11.390000343322754,10.84000015258789,11.0600004196167,499100,0.0,0.0
2022-01-10 00:00:00-05:00,10.899999618530273,10.920000076293945,10.569999694824219,10.819999694824219,294800,0.0,0.0
2022-01-11 00:00:00-05:00,10.899999618530273,11.220000267028809,10.720000267028809,11.130000114440918,303100,0.0,0.0
2022-01-12 00:00:00-05:00,11.220000267028809,11.569999694824219,10.899999618530273,11.069999694824219,633100,0.0,0.0
2022-01-13 00:00:00-05:00,11.25,11.600000381469727,10.989999771118164,11.119999885559082,516000,0.0,0.0
2022-01-14 00:00:00-05:00,10.850000381469727,11.109999656677246,10.619999885559082,11.09000015258789,693800,0.0,0.0
2022-01-18 00:00:00-05:00,11.0,11.170000076293945,10.819999694824219,11.069999694824219,344400,0.0,0.0
2022-01-19 00:00:00-05:00,11.15999984741211,11.300000190734863,10.369999885559082,10.40999984741211,549900,0.0,0.0
2022-01-20 00:00:00-05:00,10.479999542236328,10.6899995803833,9.930000305175781,9.979999542236328,577500,0.0,0.0
2022-01-21 00:00:00-05:00,9.850000381469727,10.359999656677246,9.670000076293945,9.829999923706055,556900,0.0,0.0
2022-01-24 00:00:00-05:00,9.510000228881836,9.880000114440918,9.220000267028809,9.850000381469727,470300,0.0,0.0
2022-01-25 00:00:00-05:00,9.5600004196167,9.880000114440918,9.289999961853027,9.770000457763672,261600,0.0,0.0
2022-01-26 00:00:00-05:00,10.020000457763672,10.319999694824219,9.680000305175781,9.829999923706055,288000,0.0,0.0
2022-01-27 00:00:00-05:00,9.960000038146973,10.100000381469727,9.369999885559082,9.470000267028809,347300,0.0,0.0
2022-01-28 00:00:00-05:00,9.40999984741211,9.65999984741211,9.1899995803833,9.65999984741211,312500,0.0,0.0
2022-01-31 00:00:00-05:00,9.510000228881836,9.75,9.350000381469727,9.75,278400,0.0,0.0
2022-02-01 00:00:00-05:00,9.720000267028809,9.90999984741211,9.539999961853027,9.880000114440918,479600,0.0,0.0
2022-02-02 00:00:00-05:00,9.880000114440918,9.880000114440918,9.380000114440918,9.720000267028809,280200,0.0,0.0
2022-02-03 00:00:00-05:00,9.539999961853027,9.920000076293945,9.470000267028809,9.710000038146973,246000,0.0,0.0
2022-02-04 00:00:00-05:00,9.640000343322754,9.850000381469727,9.380000114440918,9.779999732971191,357400,0.0,0.0
2022-02-07 00:00:00-05:00,9.739999771118164,10.09000015258789,9.739999771118164,9.989999771118164,254200,0.0,0.0
2022-02-08 00:00:00-05:00,10.039999961853027,10.600000381469727,10.010000228881836,10.550000190734863,330300,0.0,0.0
2022-02-09 00:00:00-05:00,10.6899995803833,11.029999732971191,10.6899995803833,10.859999656677246,378600,0.0,0.0
2022-02-10 00:00:00-05:00,10.619999885559082,10.970000267028809,10.569999694824219,10.670000076293945,270100,0.0,0.0
2022-02-11 00:00:00-05:00,10.670000076293945,10.859999656677246,10.319999694824219,10.5,363200,0.0,0.0
2022-02-14 00:00:00-05:00,10.510000228881836,11.09000015258789,10.460000038146973,11.039999961853027,517300,0.0,0.0
2022-02-15 00:00:00-05:00,11.140000343322754,11.720000267028809,11.140000343322754,11.600000381469727,466600,0.0,0.0
2022-02-16 00:00:00-05:00,11.5600004196167,12.149999618530273,11.479999542236328,12.010000228881836,562600,0.0,0.0
2022-02-17 00:00:00-05:00,11.920000076293945,11.920000076293945,11.300000190734863,11.430000305175781,415300,0.0,0.0
2022-02-18 00:00:00-05:00,11.329999923706055,11.59000015258789,11.130000114440918,11.1899995803833,244500,0.0,0.0
2022-02-22 00:00:00-05:00,11.1899995803833,11.3100004196167,10.8100004196167,10.880000114440918,300500,0.0,0.0
2022-02-23 00:00:00-05:00,11.100000381469727,11.1899995803833,10.600000381469727,10.640000343322754,267200,0.0,0.0
2022-02-24 00:00:00-05:00,10.289999961853027,11.119999885559082,10.069999694824219,11.109999656677246,451400,0.0,0.0
2022-02-25 00:00:00-05:00,11.210000038146973,11.470000267028809,11.029999732971191,11.449999809265137,358600,0.0,0.0
2022-02-28 00:00:00-05:00,11.260000228881836,11.600000381469727,11.119999885559082,11.199999809265137,385000,0.0,0.0
2022-03-01 00:00:00-05:00,11.100000381469727,11.300000190734863,10.8100004196167,10.920000076293945,432300,0.0,0.0
2022-03-02 00:00:00-05:00,11.100000381469727,11.739999771118164,11.100000381469727,11.619999885559082,631900,0.0,0.0
2022-03-03 00:00:00-05:00,12.210000038146973,13.8100004196167,11.460000038146973,11.65999984741211,1293300,0.0,0.0
2022-03-04 00:00:00-05:00,11.470000267028809,12.59000015258789,11.470000267028809,12.329999923706055,851800,0.0,0.0
2022-03-07 00:00:00-05:00,12.34000015258789,12.550000190734863,10.890000343322754,10.979999542236328,537800,0.0,0.0
2022-03-08 00:00:00-05:00,11.09000015258789,11.680000305175781,10.850000381469727,11.039999961853027,517700,0.0,0.0
2022-03-09 00:00:00-05:00,11.34000015258789,11.960000038146973,11.199999809265137,11.960000038146973,426700,0.0,0.0
2022-03-10 00:00:00-05:00,11.630000114440918,12.9399995803833,11.550000190734863,12.829999923706055,647300,0.0,0.0
2022-03-11 00:00:00-05:00,12.920000076293945,13.920000076293945,12.739999771118164,13.84000015258789,1023700,0.0,0.0
2022-03-14 00:00:00-04:00,14.229999542236328,14.649999618530273,12.449999809265137,12.680000305175781,1101800,0.0,0.0
2022-03-15 00:00:00-04:00,12.729999542236328,13.460000038146973,12.289999961853027,13.420000076293945,573200,0.0,0.0
2022-03-16 00:00:00-04:00,13.449999809265137,14.4399995803833,13.3100004196167,14.40999984741211,988500,0.0,0.0
2022-03-17 00:00:00-04:00,14.279999732971191,14.289999961853027,13.84000015258789,14.100000381469727,338700,0.0,0.0
2022-03-18 00:00:00-04:00,14.170000076293945,14.449999809265137,13.90999984741211,14.229999542236328,843100,0.0,0.0
2022-03-21 00:00:00-04:00,14.229999542236328,14.619999885559082,14.039999961853027,14.479999542236328,386200,0.0,0.0
2022-03-22 00:00:00-04:00,14.59000015258789,15.180000305175781,14.550000190734863,14.829999923706055,404000,0.0,0.0
2022-03-23 00:00:00-04:00,14.600000381469727,14.979999542236328,14.430000305175781,14.800000190734863,353000,0.0,0.0
2022-03-24 00:00:00-04:00,14.949999809265137,15.0600004196167,14.5600004196167,15.029999732971191,315900,0.0,0.0
2022-03-25 00:00:00-04:00,15.0,15.770000457763672,15.0,15.75,707500,0.0,0.0
2022-03-28 00:00:00-04:00,15.75,15.75,14.420000076293945,14.5,497800,0.0,0.0
2022-03-29 00:00:00-04:00,14.569999694824219,14.9399995803833,14.40999984741211,14.739999771118164,443900,0.0,0.0
2022-03-30 00:00:00-04:00,14.600000381469727,15.100000381469727,14.460000038146973,14.489999771118164,452900,0.0,0.0
2022-03-31 00:00:00-04:00,14.449999809265137,15.109999656677246,14.399999618530273,14.729999542236328,435500,0.0,0.0
2022-04-01 00:00:00-04:00,14.890000343322754,15.170000076293945,14.270000457763672,14.470000267028809,339400,0.0,0.0
2022-04-04 00:00:00-04:00,14.470000267028809,14.739999771118164,14.359999656677246,14.520000457763672,329800,0.0,0.0
2022-04-05 00:00:00-04:00,14.539999961853027,14.800000190734863,13.510000228881836,13.609999656677246,624400,0.0,0.0
2022-04-06 00:00:00-04:00,13.489999771118164,13.489999771118164,13.0600004196167,13.09000015258789,476200,0.0,0.0
2022-04-07 00:00:00-04:00,13.050000190734863,13.300000190734863,12.899999618530273,13.119999885559082,381900,0.0,0.0
2022-04-08 00:00:00-04:00,13.130000114440918,13.449999809265137,12.90999984741211,13.020000457763672,274700,0.0,0.0
2022-04-11 00:00:00-04:00,13.0,13.420000076293945,12.75,13.15999984741211,289100,0.0,0.0
2022-04-12 00:00:00-04:00,13.3100004196167,14.319999694824219,13.3100004196167,14.09000015258789,887200,0.0,0.0
2022-04-13 00:00:00-04:00,14.199999809265137,14.65999984741211,14.069999694824219,14.569999694824219,399000,0.0,0.0
2022-04-14 00:00:00-04:00,14.649999618530273,14.90999984741211,14.520000457763672,14.84000015258789,416900,0.0,0.0
2022-04-18 00:00:00-04:00,14.729999542236328,15.270000457763672,14.619999885559082,15.0600004196167,438200,0.0,0.0
2022-04-19 00:00:00-04:00,15.09000015258789,15.109999656677246,14.770000457763672,14.960000038146973,332600,0.0,0.0
2022-04-20 00:00:00-04:00,15.229999542236328,15.529999732971191,15.0,15.229999542236328,243000,0.0,0.0
2022-04-21 00:00:00-04:00,15.5,15.5,14.579999923706055,14.75,255100,0.0,0.0
2022-04-22 00:00:00-04:00,14.520000457763672,14.800000190734863,13.899999618530273,14.100000381469727,381800,0.0,0.0
2022-04-25 00:00:00-04:00,13.819999694824219,14.020000457763672,13.4399995803833,13.869999885559082,347500,0.0,0.0
2022-04-26 00:00:00-04:00,13.710000038146973,13.84000015258789,13.390000343322754,13.520000457763672,399900,0.0,0.0
2022-04-27 00:00:00-04:00,13.600000381469727,14.449999809265137,13.600000381469727,14.119999885559082,374500,0.0,0.0
2022-04-28 00:00:00-04:00,14.279999732971191,14.3100004196167,13.449999809265137,14.010000228881836,271400,0.0,0.0
2022-04-29 00:00:00-04:00,13.949999809265137,14.40999984741211,13.8100004196167,13.859999656677246,405300,0.0,0.0
2022-05-02 00:00:00-04:00,13.75,13.880000114440918,13.279999732971191,13.869999885559082,476500,0.0,0.0
2022-05-03 00:00:00-04:00,14.319999694824219,16.350000381469727,14.319999694824219,16.139999389648438,1220800,0.0,0.0
2022-05-04 00:00:00-04:00,16.229999542236328,17.260000228881836,16.149999618530273,17.25,1066300,0.0,0.0
2022-05-05 00:00:00-04:00,17.1299991607666,17.600000381469727,15.640000343322754,16.079999923706055,827800,0.0,0.0
2022-05-06 00:00:00-04:00,16.100000381469727,16.1200008392334,15.229999542236328,15.59000015258789,450700,0.0,0.0
2022-05-09 00:00:00-04:00,15.210000038146973,15.569999694824219,14.84000015258789,15.020000457763672,410700,0.0,0.0
2022-05-10 00:00:00-04:00,15.300000190734863,15.529999732971191,14.600000381469727,15.1899995803833,437200,0.0,0.0
2022-05-11 00:00:00-04:00,15.239999771118164,15.899999618530273,15.079999923706055,15.3100004196167,484400,0.0,0.0
2022-05-12 00:00:00-04:00,15.25,15.3100004196167,14.359999656677246,14.90999984741211,544000,0.0,0.0
2022-05-13 00:00:00-04:00,15.25,16.969999313354492,15.199999809265137,16.700000762939453,646800,0.0,0.0
2022-05-16 00:00:00-04:00,16.579999923706055,17.440000534057617,16.31999969482422,17.200000762939453,1040500,0.0,0.0
2022-05-17 00:00:00-04:00,17.610000610351562,18.450000762939453,17.239999771118164,18.280000686645508,705200,0.0,0.0
2022-05-18 00:00:00-04:00,18.25,18.889999389648438,17.56999969482422,17.739999771118164,708200,0.0,0.0
2022-05-19 00:00:00-04:00,17.3700008392334,17.579999923706055,16.360000610351562,17.040000915527344,704500,0.0,0.0
2022-05-20 00:00:00-04:00,17.200000762939453,17.34000015258789,15.199999809265137,15.65999984741211,1052500,0.0,0.0
2022-05-23 00:00:00-04:00,15.710000038146973,17.079999923706055,15.710000038146973,17.020000457763672,687100,0.0,0.0
2022-05-24 00:00:00-04:00,16.719999313354492,17.459999084472656,16.489999771118164,17.43000030517578,474700,0.0,0.0
2022-05-25 00:00:00-04:00,17.3799991607666,18.25,17.100000381469727,18.010000228881836,420400,0.0,0.0
2022-05-26 00:00:00-04:00,18.100000381469727,18.280000686645508,17.829999923706055,17.93000030517578,399600,0.0,0.0
2022-05-27 00:00:00-04:00,18.200000762939453,18.579999923706055,18.06999969482422,18.3799991607666,597200,0.0,0.0
2022-05-31 00:00:00-04:00,18.389999389648438,18.389999389648438,17.6299991607666,18.209999084472656,1328800,0.0,0.0
2022-06-01 00:00:00-04:00,18.350000381469727,18.3799991607666,17.65999984741211,17.989999771118164,575200,0.0,0.0
2022-06-02 00:00:00-04:00,18.18000030517578,19.229999542236328,18.149999618530273,19.219999313354492,573500,0.0,0.0
2022-06-03 00:00:00-04:00,19.200000762939453,19.200000762939453,18.43000030517578,18.610000610351562,718100,0.0,0.0
2022-06-06 00:00:00-04:00,18.899999618530273,19.56999969482422,18.84000015258789,19.479999542236328,607300,0.0,0.0
2022-06-07 00:00:00-04:00,19.260000228881836,19.65999984741211,19.059999465942383,19.600000381469727,427800,0.0,0.0
2022-06-08 00:00:00-04:00,19.459999084472656,19.459999084472656,18.739999771118164,18.8799991607666,325500,0.0,0.0
2022-06-09 00:00:00-04:00,18.65999984741211,18.950000762939453,18.309999465942383,18.760000228881836,390300,0.0,0.0
2022-06-10 00:00:00-04:00,18.270000457763672,18.700000762939453,17.600000381469727,17.81999969482422,514600,0.0,0.0
2022-06-13 00:00:00-04:00,17.0,17.280000686645508,16.450000762939453,16.639999389648438,618700,0.0,0.0
2022-06-14 00:00:00-04:00,16.81999969482422,19.149999618530273,16.81999969482422,19.149999618530273,923600,0.0,0.0
2022-06-15 00:00:00-04:00,19.229999542236328,19.809999465942383,19.020000457763672,19.1299991607666,891200,0.0,0.0
2022-06-16 00:00:00-04:00,18.530000686645508,18.739999771118164,17.5,18.079999923706055,696300,0.0,0.0
2022-06-17 00:00:00-04:00,18.209999084472656,18.579999923706055,17.360000610351562,17.520000457763672,1702600,0.0,0.0
2022-06-21 00:00:00-04:00,18.0,18.940000534057617,17.309999465942383,18.670000076293945,712000,0.0,0.0
2022-06-22 00:00:00-04:00,18.15999984741211,18.780000686645508,17.799999237060547,17.799999237060547,402000,0.0,0.0
2022-06-23 00:00:00-04:00,17.6299991607666,17.829999923706055,13.9399995803833,14.510000228881836,1867400,0.0,0.0
2022-06-24 00:00:00-04:00,14.770000457763672,16.049999237060547,14.739999771118164,15.890000343322754,2390200,0.0,0.0
2022-06-27 00:00:00-04:00,15.90999984741211,16.649999618530273,15.770000457763672,16.329999923706055,504800,0.0,0.0
2022-06-28 00:00:00-04:00,16.600000381469727,16.950000762939453,16.010000228881836,16.06999969482422,399900,0.0,0.0
2022-06-29 00:00:00-04:00,16.09000015258789,16.09000015258789,14.680000305175781,14.90999984741211,564400,0.0,0.0
2022-06-30 00:00:00-04:00,14.539999961853027,15.390000343322754,14.3100004196167,15.100000381469727,673300,0.0,0.0
2022-07-01 00:00:00-04:00,15.0,15.119999885559082,14.149999618530273,14.180000305175781,838800,0.0,0.0
2022-07-05 00:00:00-04:00,13.670000076293945,13.9399995803833,13.34000015258789,13.84000015258789,789300,0.0,0.0
2022-07-06 00:00:00-04:00,13.829999923706055,14.0,12.619999885559082,13.300000190734863,547000,0.0,0.0
2022-07-07 00:00:00-04:00,13.6899995803833,14.539999961853027,13.6899995803833,14.270000457763672,604800,0.0,0.0
2022-07-08 00:00:00-04:00,14.260000228881836,14.470000267028809,13.819999694824219,14.079999923706055,427100,0.0,0.0
2022-07-11 00:00:00-04:00,14.079999923706055,14.729999542236328,13.869999885559082,13.960000038146973,600400,0.0,0.0
2022-07-12 00:00:00-04:00,13.829999923706055,14.600000381469727,13.800000190734863,14.180000305175781,663400,0.0,0.0
2022-07-13 00:00:00-04:00,14.0,14.460000038146973,13.680000305175781,13.850000381469727,488500,0.0,0.0
2022-07-14 00:00:00-04:00,13.619999885559082,13.760000228881836,13.260000228881836,13.720000267028809,270000,0.0,0.0
2022-07-15 00:00:00-04:00,14.0600004196167,14.34000015258789,13.539999961853027,14.260000228881836,471500,0.0,0.0
2022-07-18 00:00:00-04:00,14.489999771118164,14.84000015258789,14.119999885559082,14.199999809265137,299100,0.0,0.0
2022-07-19 00:00:00-04:00,14.550000190734863,15.770000457763672,14.550000190734863,15.739999771118164,558200,0.0,0.0
2022-07-20 00:00:00-04:00,15.670000076293945,15.819999694824219,15.3100004196167,15.710000038146973,377100,0.0,0.0
2022-07-21 00:00:00-04:00,15.579999923706055,15.829999923706055,15.180000305175781,15.710000038146973,433100,0.0,0.0
2022-07-22 00:00:00-04:00,15.770000457763672,15.859999656677246,14.920000076293945,15.220000267028809,283100,0.0,0.0
2022-07-25 00:00:00-04:00,15.260000228881836,15.84000015258789,14.970000267028809,15.619999885559082,440700,0.0,0.0
2022-07-26 00:00:00-04:00,15.40999984741211,15.90999984741211,15.40999984741211,15.729999542236328,312100,0.0,0.0
2022-07-27 00:00:00-04:00,16.010000228881836,16.229999542236328,15.65999984741211,16.110000610351562,340700,0.0,0.0
2022-07-28 00:00:00-04:00,16.270000457763672,16.510000228881836,15.779999732971191,16.190000534057617,283200,0.0,0.0
2022-07-29 00:00:00-04:00,16.25,16.93000030517578,16.200000762939453,16.760000228881836,471300,0.0,0.0
2022-08-01 00:00:00-04:00,17.0,17.18000030517578,16.329999923706055,16.969999313354492,552500,0.0,0.0
2022-08-02 00:00:00-04:00,17.0,17.170000076293945,14.079999923706055,14.170000076293945,1470900,0.0,0.0
2022-08-03 00:00:00-04:00,14.239999771118164,14.670000076293945,14.180000305175781,14.630000114440918,800100,0.0,0.0
2022-08-04 00:00:00-04:00,14.65999984741211,14.859999656677246,14.239999771118164,14.329999923706055,631200,0.0,0.0
2022-08-05 00:00:00-04:00,14.140000343322754,14.75,14.079999923706055,14.75,436600,0.0,0.0
2022-08-08 00:00:00-04:00,14.75,15.300000190734863,14.75,15.069999694824219,438100,0.0,0.0
2022-08-09 00:00:00-04:00,14.9399995803833,15.069999694824219,14.420000076293945,14.670000076293945,477200,0.0,0.0
2022-08-10 00:00:00-04:00,15.0,15.609999656677246,14.949999809265137,15.359999656677246,515100,0.0,0.0
2022-08-11 00:00:00-04:00,15.75,15.880000114440918,15.319999694824219,15.380000114440918,278000,0.0,0.0
2022-08-12 00:00:00-04:00,15.3100004196167,15.739999771118164,15.210000038146973,15.670000076293945,256300,0.0,0.0
2022-08-15 00:00:00-04:00,15.399999618530273,15.829999923706055,15.149999618530273,15.819999694824219,361500,0.0,0.0
2022-08-16 00:00:00-04:00,15.779999732971191,15.779999732971191,15.09000015258789,15.170000076293945,382200,0.0,0.0
2022-08-17 00:00:00-04:00,14.869999885559082,15.329999923706055,14.789999961853027,15.149999618530273,285900,0.0,0.0
2022-08-18 00:00:00-04:00,15.199999809265137,15.850000381469727,15.199999809265137,15.75,246900,0.0,0.0
2022-08-19 00:00:00-04:00,15.4399995803833,15.550000190734863,15.199999809265137,15.510000228881836,211300,0.0,0.0
2022-08-22 00:00:00-04:00,15.25,15.350000381469727,15.010000228881836,15.279999732971191,230300,0.0,0.0
2022-08-23 00:00:00-04:00,15.34000015258789,16.18000030517578,15.34000015258789,16.020000457763672,328100,0.0,0.0
2022-08-24 00:00:00-04:00,16.0,16.030000686645508,15.680000305175781,15.920000076293945,234300,0.0,0.0
2022-08-25 00:00:00-04:00,15.760000228881836,16.440000534057617,15.760000228881836,16.25,376300,0.0,0.0
2022-08-26 00:00:00-04:00,16.25,16.469999313354492,15.260000228881836,15.369999885559082,321200,0.0,0.0
2022-08-29 00:00:00-04:00,15.039999961853027,15.300000190734863,14.9399995803833,14.979999542236328,207400,0.0,0.0
2022-08-30 00:00:00-04:00,14.949999809265137,14.970000267028809,14.109999656677246,14.229999542236328,383600,0.0,0.0
2022-08-31 00:00:00-04:00,14.270000457763672,14.319999694824219,13.899999618530273,14.029999732971191,382100,0.0,0.0
2022-09-01 00:00:00-04:00,13.779999732971191,13.880000114440918,13.359999656677246,13.569999694824219,345800,0.0,0.0
2022-09-02 00:00:00-04:00,13.890000343322754,13.890000343322754,13.140000343322754,13.350000381469727,517200,0.0,0.0
2022-09-06 00:00:00-04:00,13.600000381469727,13.649999618530273,12.850000381469727,13.079999923706055,578200,0.0,0.0
2022-09-07 00:00:00-04:00,12.9399995803833,13.170000076293945,12.5600004196167,13.09000015258789,483700,0.0,0.0
2022-09-08 00:00:00-04:00,12.949999809265137,12.960000038146973,12.59000015258789,12.640000343322754,314900,0.0,0.0
2022-09-09 00:00:00-04:00,12.960000038146973,13.6899995803833,12.960000038146973,13.670000076293945,363200,0.0,0.0
2022-09-12 00:00:00-04:00,13.899999618530273,14.069999694824219,13.760000228881836,13.979999542236328,352000,0.0,0.0
2022-09-13 00:00:00-04:00,13.430000305175781,13.770000457763672,13.0600004196167,13.229999542236328,324000,0.0,0.0
2022-09-14 00:00:00-04:00,13.3100004196167,13.489999771118164,13.079999923706055,13.40999984741211,302200,0.0,0.0
2022-09-15 00:00:00-04:00,13.289999961853027,13.630000114440918,13.149999618530273,13.270000457763672,335400,0.0,0.0
2022-09-16 00:00:00-04:00,13.100000381469727,13.15999984741211,12.65999984741211,13.079999923706055,688600,0.0,0.0
2022-09-19 00:00:00-04:00,12.829999923706055,13.630000114440918,12.829999923706055,13.5,305000,0.0,0.0
2022-09-20 00:00:00-04:00,13.34000015258789,13.539999961853027,13.039999961853027,13.34000015258789,259600,0.0,0.0
2022-09-21 00:00:00-04:00,13.399999618530273,13.520000457763672,12.789999961853027,12.8100004196167,255300,0.0,0.0
2022-09-22 00:00:00-04:00,12.789999961853027,12.880000114440918,12.550000190734863,12.569999694824219,252100,0.0,0.0
2022-09-23 00:00:00-04:00,12.140000343322754,12.289999961853027,11.789999961853027,11.989999771118164,416100,0.0,0.0
2022-09-26 00:00:00-04:00,11.819999694824219,12.119999885559082,11.569999694824219,11.640000343322754,542400,0.0,0.0
2022-09-27 00:00:00-04:00,11.890000343322754,12.289999961853027,11.800000190734863,12.020000457763672,488400,0.0,0.0
2022-09-28 00:00:00-04:00,12.119999885559082,12.5600004196167,11.989999771118164,12.460000038146973,325200,0.0,0.0
2022-09-29 00:00:00-04:00,12.149999618530273,12.260000228881836,11.720000267028809,12.25,400400,0.0,0.0
2022-09-30 00:00:00-04:00,12.260000228881836,12.609999656677246,12.09000015258789,12.140000343322754,1253200,0.0,0.0
2022-10-03 00:00:00-04:00,12.479999542236328,13.010000228881836,12.15999984741211,12.84000015258789,460900,0.0,0.0
2022-10-04 00:00:00-04:00,13.25,13.420000076293945,12.84000015258789,13.1899995803833,349100,0.0,0.0
2022-10-05 00:00:00-04:00,12.880000114440918,13.350000381469727,12.880000114440918,13.260000228881836,233800,0.0,0.0
2022-10-06 00:00:00-04:00,13.100000381469727,13.529999732971191,13.0600004196167,13.210000038146973,252600,0.0,0.0
2022-10-07 00:00:00-04:00,13.109999656677246,13.140000343322754,12.619999885559082,12.789999961853027,298700,0.0,0.0
2022-10-10 00:00:00-04:00,12.9399995803833,13.229999542236328,12.869999885559082,13.029999732971191,285700,0.0,0.0
2022-10-11 00:00:00-04:00,12.920000076293945,13.350000381469727,12.579999923706055,12.90999984741211,487800,0.0,0.0
2022-10-12 00:00:00-04:00,12.90999984741211,13.0600004196167,12.479999542236328,12.75,298500,0.0,0.0
2022-10-13 00:00:00-04:00,12.550000190734863,13.520000457763672,12.279999732971191,13.380000114440918,351700,0.0,0.0
2022-10-14 00:00:00-04:00,13.5600004196167,13.5600004196167,12.359999656677246,12.369999885559082,295600,0.0,0.0
2022-10-17 00:00:00-04:00,12.739999771118164,13.539999961853027,12.739999771118164,13.220000267028809,478700,0.0,0.0
2022-10-18 00:00:00-04:00,13.600000381469727,13.75,12.920000076293945,13.15999984741211,477100,0.0,0.0
2022-10-19 00:00:00-04:00,13.050000190734863,13.40999984741211,13.050000190734863,13.319999694824219,385200,0.0,0.0
2022-10-20 00:00:00-04:00,13.380000114440918,13.569999694824219,12.829999923706055,13.020000457763672,244700,0.0,0.0
2022-10-21 00:00:00-04:00,13.109999656677246,13.720000267028809,12.949999809265137,13.600000381469727,292900,0.0,0.0
2022-10-24 00:00:00-04:00,13.65999984741211,13.850000381469727,13.460000038146973,13.65999984741211,331200,0.0,0.0
2022-10-25 00:00:00-04:00,13.649999618530273,14.550000190734863,13.479999542236328,14.5,436300,0.0,0.0
2022-10-26 00:00:00-04:00,14.789999961853027,14.899999618530273,14.350000381469727,14.380000114440918,304100,0.0,0.0
2022-10-27 00:00:00-04:00,14.5600004196167,14.979999542236328,14.279999732971191,14.369999885559082,329900,0.0,0.0
2022-10-28 00:00:00-04:00,14.510000228881836,14.880000114440918,14.350000381469727,14.770000457763672,335100,0.0,0.0
2022-10-31 00:00:00-04:00,14.670000076293945,15.260000228881836,14.670000076293945,14.960000038146973,361900,0.0,0.0
2022-11-01 00:00:00-04:00,15.109999656677246,15.25,14.779999732971191,15.09000015258789,291300,0.0,0.0
2022-11-02 00:00:00-04:00,15.0,15.4399995803833,14.59000015258789,14.619999885559082,349500,0.0,0.0
2022-11-03 00:00:00-04:00,14.59000015258789,14.989999771118164,14.34000015258789,14.6899995803833,229600,0.0,0.0
2022-11-04 00:00:00-04:00,15.029999732971191,15.420000076293945,14.729999542236328,15.029999732971191,251300,0.0,0.0
2022-11-07 00:00:00-05:00,15.0600004196167,15.220000267028809,14.460000038146973,14.9399995803833,328100,0.0,0.0
2022-11-08 00:00:00-05:00,15.880000114440918,16.200000762939453,14.699999809265137,15.210000038146973,535600,0.0,0.0
2022-11-09 00:00:00-05:00,14.880000114440918,15.319999694824219,14.25,14.40999984741211,369000,0.0,0.0
2022-11-10 00:00:00-05:00,14.989999771118164,15.40999984741211,14.640000343322754,14.680000305175781,493900,0.0,0.0
2022-11-11 00:00:00-05:00,14.829999923706055,15.279999732971191,14.760000228881836,15.079999923706055,273000,0.0,0.0
2022-11-14 00:00:00-05:00,15.0,15.710000038146973,14.859999656677246,15.020000457763672,360800,0.0,0.0
2022-11-15 00:00:00-05:00,15.34000015258789,15.4399995803833,14.819999694824219,14.850000381469727,209000,0.0,0.0
2022-11-16 00:00:00-05:00,14.770000457763672,14.880000114440918,14.5600004196167,14.600000381469727,250400,0.0,0.0
2022-11-17 00:00:00-05:00,14.479999542236328,14.75,14.229999542236328,14.739999771118164,251200,0.0,0.0
2022-11-18 00:00:00-05:00,14.970000267028809,15.010000228881836,14.609999656677246,14.770000457763672,249700,0.0,0.0
2022-11-21 00:00:00-05:00,14.770000457763672,15.0600004196167,14.739999771118164,14.989999771118164,251900,0.0,0.0
2022-11-22 00:00:00-05:00,15.119999885559082,15.399999618530273,14.890000343322754,15.369999885559082,299100,0.0,0.0
2022-11-23 00:00:00-05:00,15.470000267028809,15.970000267028809,15.220000267028809,15.25,400200,0.0,0.0
2022-11-25 00:00:00-05:00,15.270000457763672,15.34000015258789,14.960000038146973,15.0,132800,0.0,0.0
2022-11-28 00:00:00-05:00,14.8100004196167,15.0600004196167,14.520000457763672,14.65999984741211,273800,0.0,0.0
2022-11-29 00:00:00-05:00,14.630000114440918,14.649999618530273,14.109999656677246,14.119999885559082,310300,0.0,0.0
2022-11-30 00:00:00-05:00,14.09000015258789,14.350000381469727,13.729999542236328,14.329999923706055,445800,0.0,0.0
2022-12-01 00:00:00-05:00,14.550000190734863,14.829999923706055,14.199999809265137,14.529999732971191,331900,0.0,0.0
2022-12-02 00:00:00-05:00,14.3100004196167,14.539999961853027,14.220000267028809,14.380000114440918,219500,0.0,0.0
2022-12-05 00:00:00-05:00,14.260000228881836,14.260000228881836,13.8100004196167,13.9399995803833,399800,0.0,0.0
2022-12-06 00:00:00-05:00,13.930000305175781,14.210000038146973,13.880000114440918,14.0600004196167,296900,0.0,0.0
2022-12-07 00:00:00-05:00,13.960000038146973,14.510000228881836,13.90999984741211,14.210000038146973,264700,0.0,0.0
2022-12-08 00:00:00-05:00,14.3100004196167,14.449999809265137,13.90999984741211,14.010000228881836,250000,0.0,0.0
2022-12-09 00:00:00-05:00,13.899999618530273,14.149999618530273,13.460000038146973,13.470000267028809,280500,0.0,0.0
2022-12-12 00:00:00-05:00,13.539999961853027,13.739999771118164,13.279999732971191,13.720000267028809,332000,0.0,0.0
2022-12-13 00:00:00-05:00,14.130000114440918,14.15999984741211,13.65999984741211,13.859999656677246,312100,0.0,0.0
2022-12-14 00:00:00-05:00,13.920000076293945,13.920000076293945,13.319999694824219,13.640000343322754,389100,0.0,0.0
2022-12-15 00:00:00-05:00,13.3100004196167,13.510000228881836,13.149999618530273,13.229999542236328,330700,0.0,0.0
2022-12-16 00:00:00-05:00,13.229999542236328,16.350000381469727,13.069999694824219,15.430000305175781,3740700,0.0,0.0
2022-12-19 00:00:00-05:00,15.399999618530273,15.59000015258789,14.520000457763672,14.770000457763672,774600,0.0,0.0
2022-12-20 00:00:00-05:00,14.670000076293945,15.109999656677246,14.59000015258789,14.829999923706055,361800,0.0,0.0
2022-12-21 00:00:00-05:00,14.949999809265137,15.369999885559082,14.770000457763672,15.34000015258789,684800,0.0,0.0
2022-12-22 00:00:00-05:00,15.1899995803833,15.1899995803833,14.199999809265137,14.630000114440918,578000,0.0,0.0
2022-12-23 00:00:00-05:00,14.800000190734863,15.760000228881836,14.470000267028809,15.59000015258789,742600,0.0,0.0
2022-12-27 00:00:00-05:00,15.4399995803833,15.600000381469727,14.989999771118164,15.069999694824219,476200,0.0,0.0
2022-12-28 00:00:00-05:00,15.09000015258789,15.350000381469727,14.850000381469727,14.859999656677246,435200,0.0,0.0
2022-12-29 00:00:00-05:00,14.989999771118164,15.489999771118164,14.989999771118164,15.399999618530273,358800,0.0,0.0
2022-12-30 00:00:00-05:00,15.34000015258789,15.5,15.210000038146973,15.319999694824219,624200,0.0,0.0
2023-01-03 00:00:00-05:00,15.420000076293945,15.720000267028809,14.90999984741211,14.920000076293945,411900,0.0,0.0
2023-01-04 00:00:00-05:00,15.15999984741211,15.4399995803833,15.010000228881836,15.170000076293945,366700,0.0,0.0
2023-01-05 00:00:00-05:00,15.0600004196167,15.1899995803833,14.869999885559082,15.0,338100,0.0,0.0
2023-01-06 00:00:00-05:00,15.170000076293945,16.299999237060547,15.170000076293945,15.949999809265137,478200,0.0,0.0
2023-01-09 00:00:00-05:00,16.229999542236328,16.260000228881836,15.630000114440918,15.6899995803833,449200,0.0,0.0
2023-01-10 00:00:00-05:00,15.75,16.68000030517578,15.699999809265137,16.649999618530273,521700,0.0,0.0
2023-01-11 00:00:00-05:00,16.75,16.84000015258789,16.31999969482422,16.75,346400,0.0,0.0
2023-01-12 00:00:00-05:00,16.809999465942383,17.290000915527344,16.809999465942383,17.06999969482422,318600,0.0,0.0
2023-01-13 00:00:00-05:00,16.889999389648438,17.15999984741211,16.530000686645508,17.1200008392334,243200,0.0,0.0
2023-01-17 00:00:00-05:00,17.139999389648438,17.229999542236328,16.40999984741211,16.709999084472656,339900,0.0,0.0
2023-01-18 00:00:00-05:00,16.75,17.020000457763672,16.459999084472656,16.459999084472656,221900,0.0,0.0
2023-01-19 00:00:00-05:00,16.280000686645508,16.309999465942383,15.90999984741211,16.1200008392334,287500,0.0,0.0
2023-01-20 00:00:00-05:00,16.299999237060547,16.3700008392334,16.100000381469727,16.270000457763672,191600,0.0,0.0
2023-01-23 00:00:00-05:00,16.260000228881836,16.420000076293945,16.020000457763672,16.260000228881836,210100,0.0,0.0
2023-01-24 00:00:00-05:00,16.040000915527344,16.459999084472656,16.0,16.209999084472656,178300,0.0,0.0
2023-01-25 00:00:00-05:00,16.06999969482422,16.229999542236328,15.8100004196167,16.149999618530273,162900,0.0,0.0
2023-01-26 00:00:00-05:00,16.329999923706055,16.520000457763672,16.030000686645508,16.5,218400,0.0,0.0
2023-01-27 00:00:00-05:00,16.420000076293945,16.6299991607666,16.270000457763672,16.40999984741211,191000,0.0,0.0
2023-01-30 00:00:00-05:00,16.190000534057617,16.520000457763672,16.190000534057617,16.34000015258789,216900,0.0,0.0
2023-01-31 00:00:00-05:00,16.3700008392334,16.690000534057617,16.270000457763672,16.690000534057617,291100,0.0,0.0
2023-02-01 00:00:00-05:00,16.65999984741211,16.829999923706055,16.350000381469727,16.610000610351562,321000,0.0,0.0
2023-02-02 00:00:00-05:00,16.6299991607666,16.739999771118164,15.949999809265137,16.15999984741211,335900,0.0,0.0
2023-02-03 00:00:00-05:00,15.90999984741211,16.5,15.899999618530273,16.100000381469727,398700,0.0,0.0
2023-02-06 00:00:00-05:00,16.049999237060547,16.18000030517578,15.75,15.850000381469727,262800,0.0,0.0
2023-02-07 00:00:00-05:00,15.800000190734863,15.989999771118164,15.579999923706055,15.960000038146973,339300,0.0,0.0
2023-02-08 00:00:00-05:00,15.829999923706055,15.960000038146973,15.569999694824219,15.59000015258789,499300,0.0,0.0
2023-02-09 00:00:00-05:00,15.729999542236328,15.9399995803833,15.449999809265137,15.529999732971191,481200,0.0,0.0
2023-02-10 00:00:00-05:00,15.449999809265137,15.489999771118164,14.930000305175781,15.3100004196167,394100,0.0,0.0
2023-02-13 00:00:00-05:00,15.279999732971191,15.470000267028809,15.039999961853027,15.369999885559082,214800,0.0,0.0
2023-02-14 00:00:00-05:00,15.329999923706055,15.34000015258789,15.029999732971191,15.210000038146973,186000,0.0,0.0
2023-02-15 00:00:00-05:00,15.050000190734863,15.479999542236328,14.8100004196167,15.359999656677246,227600,0.0,0.0
2023-02-16 00:00:00-05:00,15.149999618530273,15.529999732971191,15.0600004196167,15.390000343322754,233300,0.0,0.0
2023-02-17 00:00:00-05:00,15.5,16.030000686645508,15.369999885559082,15.800000190734863,311700,0.0,0.0
2023-02-21 00:00:00-05:00,15.609999656677246,15.75,15.100000381469727,15.130000114440918,288200,0.0,0.0
2023-02-22 00:00:00-05:00,15.119999885559082,15.260000228881836,14.970000267028809,15.180000305175781,408400,0.0,0.0
2023-02-23 00:00:00-05:00,15.34000015258789,15.550000190734863,15.079999923706055,15.420000076293945,327200,0.0,0.0
2023-02-24 00:00:00-05:00,15.1899995803833,15.1899995803833,14.850000381469727,15.050000190734863,380300,0.0,0.0
2023-02-27 00:00:00-05:00,15.239999771118164,15.430000305175781,15.130000114440918,15.140000343322754,473700,0.0,0.0
2023-02-28 00:00:00-05:00,14.75,14.779999732971191,11.15999984741211,12.40999984741211,3226200,0.0,0.0
2023-03-01 00:00:00-05:00,12.5,13.140000343322754,12.25,12.90999984741211,1070600,0.0,0.0
2023-03-02 00:00:00-05:00,12.729999542236328,13.260000228881836,12.630000114440918,13.1899995803833,680900,0.0,0.0
2023-03-03 00:00:00-05:00,13.3100004196167,13.460000038146973,12.859999656677246,13.390000343322754,635000,0.0,0.0
2023-03-06 00:00:00-05:00,13.4399995803833,13.449999809265137,12.529999732971191,12.699999809265137,818000,0.0,0.0
2023-03-07 00:00:00-05:00,12.600000381469727,12.680000305175781,12.09000015258789,12.3100004196167,1119000,0.0,0.0
2023-03-08 00:00:00-05:00,12.3100004196167,13.3100004196167,12.3100004196167,13.3100004196167,755300,0.0,0.0
2023-03-09 00:00:00-05:00,13.199999809265137,13.270000457763672,12.84000015258789,12.920000076293945,539900,0.0,0.0
2023-03-10 00:00:00-05:00,12.899999618530273,13.0600004196167,12.079999923706055,12.220000267028809,619200,0.0,0.0
2023-03-13 00:00:00-04:00,11.90999984741211,12.069999694824219,11.399999618530273,11.40999984741211,661900,0.0,0.0
2023-03-14 00:00:00-04:00,11.84000015258789,11.9399995803833,11.109999656677246,11.260000228881836,946700,0.0,0.0
2023-03-15 00:00:00-04:00,10.890000343322754,11.0,10.119999885559082,10.369999885559082,1697600,0.0,0.0
2023-03-16 00:00:00-04:00,10.270000457763672,10.859999656677246,10.180000305175781,10.59000015258789,718300,0.0,0.0
2023-03-17 00:00:00-04:00,10.34000015258789,10.520000457763672,10.119999885559082,10.15999984741211,2191300,0.0,0.0
2023-03-20 00:00:00-04:00,10.239999771118164,10.770000457763672,10.239999771118164,10.40999984741211,552100,0.0,0.0
2023-03-21 00:00:00-04:00,10.729999542236328,10.890000343322754,10.399999618530273,10.510000228881836,486900,0.0,0.0
2023-03-22 00:00:00-04:00,10.510000228881836,10.899999618530273,10.460000038146973,10.59000015258789,861000,0.0,0.0
2023-03-23 00:00:00-04:00,10.710000038146973,10.8100004196167,10.420000076293945,10.479999542236328,528500,0.0,0.0
2023-03-24 00:00:00-04:00,10.289999961853027,10.470000267028809,10.109999656677246,10.390000343322754,394900,0.0,0.0
2023-03-27 00:00:00-04:00,10.430000305175781,10.640000343322754,10.359999656677246,10.600000381469727,456500,0.0,0.0
2023-03-28 00:00:00-04:00,10.640000343322754,10.699999809265137,10.510000228881836,10.550000190734863,400600,0.0,0.0
2023-03-29 00:00:00-04:00,10.670000076293945,10.739999771118164,10.350000381469727,10.449999809265137,482200,0.0,0.0
2023-03-30 00:00:00-04:00,10.59000015258789,10.640000343322754,10.380000114440918,10.479999542236328,388400,0.0,0.0
2023-03-31 00:00:00-04:00,10.569999694824219,10.59000015258789,10.359999656677246,10.479999542236328,981400,0.0,0.0
2023-04-03 00:00:00-04:00,10.569999694824219,10.890000343322754,10.4399995803833,10.600000381469727,555900,0.0,0.0
2023-04-04 00:00:00-04:00,10.550000190734863,10.550000190734863,9.930000305175781,10.109999656677246,620200,0.0,0.0
2023-04-05 00:00:00-04:00,10.0,10.0600004196167,9.640000343322754,9.739999771118164,657700,0.0,0.0
2023-04-06 00:00:00-04:00,9.8100004196167,9.859999656677246,9.640000343322754,9.649999618530273,382700,0.0,0.0
2023-04-10 00:00:00-04:00,9.619999885559082,10.079999923706055,9.529999732971191,10.020000457763672,761500,0.0,0.0
2023-04-11 00:00:00-04:00,10.09000015258789,10.579999923706055,10.09000015258789,10.359999656677246,542200,0.0,0.0
2023-04-12 00:00:00-04:00,10.5,10.619999885559082,10.359999656677246,10.369999885559082,441700,0.0,0.0
2023-04-13 00:00:00-04:00,10.420000076293945,10.529999732971191,10.260000228881836,10.479999542236328,476600,0.0,0.0
2023-04-14 00:00:00-04:00,10.520000457763672,10.960000038146973,10.520000457763672,10.920000076293945,464400,0.0,0.0
2023-04-17 00:00:00-04:00,10.970000267028809,11.130000114440918,10.84000015258789,10.979999542236328,396700,0.0,0.0
2023-04-18 00:00:00-04:00,10.979999542236328,11.100000381469727,10.760000228881836,10.899999618530273,267100,0.0,0.0
2023-04-19 00:00:00-04:00,10.710000038146973,10.710000038146973,9.970000267028809,10.359999656677246,437300,0.0,0.0
2023-04-20 00:00:00-04:00,10.239999771118164,10.390000343322754,10.170000076293945,10.350000381469727,420700,0.0,0.0
2023-04-21 00:00:00-04:00,10.34000015258789,10.350000381469727,10.199999809265137,10.25,320700,0.0,0.0
2023-04-24 00:00:00-04:00,10.25,10.34000015258789,10.109999656677246,10.229999542236328,249300,0.0,0.0
2023-04-25 00:00:00-04:00,10.050000190734863,10.15999984741211,9.649999618530273,9.670000076293945,388200,0.0,0.0
2023-04-26 00:00:00-04:00,9.5600004196167,9.6899995803833,9.390000343322754,9.460000038146973,385100,0.0,0.0
2023-04-27 00:00:00-04:00,9.460000038146973,9.59000015258789,9.229999542236328,9.529999732971191,338300,0.0,0.0
2023-04-28 00:00:00-04:00,9.380000114440918,9.819999694824219,9.380000114440918,9.760000228881836,376200,0.0,0.0
2023-05-01 00:00:00-04:00,9.789999961853027,9.930000305175781,9.720000267028809,9.84000015258789,332300,0.0,0.0
2023-05-02 00:00:00-04:00,9.720000267028809,9.880000114440918,9.539999961853027,9.859999656677246,401900,0.0,0.0
2023-05-03 00:00:00-04:00,9.850000381469727,10.170000076293945,9.739999771118164,9.75,537600,0.0,0.0
2023-05-04 00:00:00-04:00,9.869999885559082,10.15999984741211,9.569999694824219,9.75,582300,0.0,0.0
2023-05-05 00:00:00-04:00,9.90999984741211,10.069999694824219,9.779999732971191,10.0600004196167,385400,0.0,0.0
2023-05-08 00:00:00-04:00,10.130000114440918,10.3100004196167,10.079999923706055,10.229999542236328,381600,0.0,0.0
2023-05-09 00:00:00-04:00,10.170000076293945,10.449999809265137,10.119999885559082,10.3100004196167,413400,0.0,0.0
2023-05-10 00:00:00-04:00,10.539999961853027,10.600000381469727,10.180000305175781,10.479999542236328,356700,0.0,0.0
2023-05-11 00:00:00-04:00,10.279999732971191,10.529999732971191,10.199999809265137,10.510000228881836,359500,0.0,0.0
2023-05-12 00:00:00-04:00,10.640000343322754,10.770000457763672,10.399999618530273,10.510000228881836,344200,0.0,0.0
2023-05-15 00:00:00-04:00,10.539999961853027,10.779999732971191,10.460000038146973,10.710000038146973,299800,0.0,0.0
2023-05-16 00:00:00-04:00,10.600000381469727,10.8100004196167,10.4399995803833,10.470000267028809,320700,0.0,0.0
2023-05-17 00:00:00-04:00,10.550000190734863,10.850000381469727,10.550000190734863,10.779999732971191,325600,0.0,0.0
2023-05-18 00:00:00-04:00,10.720000267028809,10.920000076293945,10.600000381469727,10.90999984741211,270200,0.0,0.0
2023-05-19 00:00:00-04:00,11.09000015258789,11.15999984741211,10.819999694824219,10.90999984741211,401800,0.0,0.0
2023-05-22 00:00:00-04:00,10.960000038146973,11.0600004196167,10.850000381469727,10.90999984741211,406300,0.0,0.0
2023-05-23 00:00:00-04:00,10.869999885559082,11.199999809265137,10.789999961853027,11.109999656677246,270100,0.0,0.0
2023-05-24 00:00:00-04:00,11.050000190734863,11.050000190734863,10.569999694824219,10.640000343322754,279000,0.0,0.0
2023-05-25 00:00:00-04:00,10.569999694824219,10.779999732971191,10.380000114440918,10.479999542236328,338300,0.0,0.0
2023-05-26 00:00:00-04:00,10.510000228881836,10.710000038146973,10.479999542236328,10.5600004196167,216100,0.0,0.0
2023-05-30 00:00:00-04:00,10.510000228881836,10.609999656677246,10.100000381469727,10.15999984741211,230000,0.0,0.0
2023-05-31 00:00:00-04:00,10.09000015258789,10.1899995803833,9.850000381469727,9.890000343322754,391400,0.0,0.0
2023-06-01 00:00:00-04:00,9.899999618530273,10.100000381469727,9.819999694824219,9.970000267028809,362600,0.0,0.0
2023-06-02 00:00:00-04:00,10.220000267028809,10.649999618530273,10.100000381469727,10.609999656677246,649500,0.0,0.0
2023-06-05 00:00:00-04:00,10.619999885559082,10.640000343322754,10.119999885559082,10.130000114440918,352300,0.0,0.0
2023-06-06 00:00:00-04:00,10.15999984741211,10.779999732971191,10.149999618530273,10.720000267028809,423100,0.0,0.0
2023-06-07 00:00:00-04:00,10.829999923706055,11.399999618530273,10.800000190734863,11.329999923706055,343700,0.0,0.0
2023-06-08 00:00:00-04:00,11.300000190734863,11.420000076293945,11.029999732971191,11.109999656677246,238700,0.0,0.0
2023-06-09 00:00:00-04:00,11.09000015258789,11.149999618530273,10.84000015258789,10.930000305175781,193700,0.0,0.0
2023-06-12 00:00:00-04:00,10.960000038146973,11.260000228881836,10.90999984741211,11.140000343322754,301000,0.0,0.0
2023-06-13 00:00:00-04:00,11.180000305175781,11.569999694824219,11.170000076293945,11.460000038146973,412200,0.0,0.0
2023-06-14 00:00:00-04:00,11.529999732971191,11.600000381469727,11.119999885559082,11.239999771118164,378100,0.0,0.0
2023-06-15 00:00:00-04:00,11.279999732971191,11.460000038146973,11.210000038146973,11.359999656677246,282600,0.0,0.0
2023-06-16 00:00:00-04:00,11.5,11.890000343322754,11.329999923706055,11.539999961853027,1622700,0.0,0.0
2023-06-20 00:00:00-04:00,11.390000343322754,11.65999984741211,11.300000190734863,11.630000114440918,279100,0.0,0.0
2023-06-21 00:00:00-04:00,11.520000457763672,11.989999771118164,11.430000305175781,11.880000114440918,384400,0.0,0.0
2023-06-22 00:00:00-04:00,11.819999694824219,11.949999809265137,11.699999809265137,11.710000038146973,344100,0.0,0.0
2023-06-23 00:00:00-04:00,11.510000228881836,11.619999885559082,11.180000305175781,11.229999542236328,2449500,0.0,0.0
2023-06-26 00:00:00-04:00,11.180000305175781,11.569999694824219,11.180000305175781,11.279999732971191,310000,0.0,0.0
2023-06-27 00:00:00-04:00,11.300000190734863,11.460000038146973,11.140000343322754,11.3100004196167,338200,0.0,0.0
2023-06-28 00:00:00-04:00,11.34000015258789,11.359999656677246,11.100000381469727,11.100000381469727,395300,0.0,0.0
2023-06-29 00:00:00-04:00,11.100000381469727,11.65999984741211,11.069999694824219,11.609999656677246,472200,0.0,0.0
2023-06-30 00:00:00-04:00,11.699999809265137,11.699999809265137,11.430000305175781,11.479999542236328,308300,0.0,0.0
2023-07-03 00:00:00-04:00,11.399999618530273,11.649999618530273,11.399999618530273,11.619999885559082,197600,0.0,0.0
2023-07-05 00:00:00-04:00,11.59000015258789,11.59000015258789,11.210000038146973,11.25,344900,0.0,0.0
2023-07-06 00:00:00-04:00,11.130000114440918,11.180000305175781,10.890000343322754,11.069999694824219,251900,0.0,0.0
2023-07-07 00:00:00-04:00,11.100000381469727,11.5600004196167,11.100000381469727,11.399999618530273,505600,0.0,0.0
2023-07-10 00:00:00-04:00,11.369999885559082,11.680000305175781,11.369999885559082,11.510000228881836,238800,0.0,0.0
2023-07-11 00:00:00-04:00,11.569999694824219,11.65999984741211,11.449999809265137,11.579999923706055,199400,0.0,0.0
2023-07-12 00:00:00-04:00,11.800000190734863,11.890000343322754,11.630000114440918,11.640000343322754,282200,0.0,0.0
2023-07-13 00:00:00-04:00,11.640000343322754,11.979999542236328,11.5600004196167,11.949999809265137,442000,0.0,0.0
2023-07-14 00:00:00-04:00,11.979999542236328,11.979999542236328,11.59000015258789,11.8100004196167,329700,0.0,0.0
2023-07-17 00:00:00-04:00,11.760000228881836,12.079999923706055,11.729999542236328,11.949999809265137,242100,0.0,0.0
2023-07-18 00:00:00-04:00,11.960000038146973,12.329999923706055,11.960000038146973,12.300000190734863,194700,0.0,0.0
2023-07-19 00:00:00-04:00,12.380000114440918,12.520000457763672,12.25,12.430000305175781,370200,0.0,0.0
2023-07-20 00:00:00-04:00,12.529999732971191,12.680000305175781,12.25,12.4399995803833,310700,0.0,0.0
2023-07-21 00:00:00-04:00,12.520000457763672,12.520000457763672,12.1899995803833,12.3100004196167,327600,0.0,0.0
2023-07-24 00:00:00-04:00,12.279999732971191,12.510000228881836,12.210000038146973,12.380000114440918,443600,0.0,0.0
2023-07-25 00:00:00-04:00,12.199999809265137,12.550000190734863,12.199999809265137,12.5,244900,0.0,0.0
2023-07-26 00:00:00-04:00,12.449999809265137,12.619999885559082,12.279999732971191,12.289999961853027,220600,0.0,0.0
2023-07-27 00:00:00-04:00,12.369999885559082,12.399999618530273,12.09000015258789,12.170000076293945,216300,0.0,0.0
2023-07-28 00:00:00-04:00,12.279999732971191,12.369999885559082,12.079999923706055,12.180000305175781,201900,0.0,0.0
2023-07-31 00:00:00-04:00,12.210000038146973,12.600000381469727,12.210000038146973,12.489999771118164,320700,0.0,0.0
2023-08-01 00:00:00-04:00,12.4399995803833,12.970000267028809,12.399999618530273,12.949999809265137,254400,0.0,0.0
2023-08-02 00:00:00-04:00,12.770000457763672,12.850000381469727,12.600000381469727,12.699999809265137,303400,0.0,0.0
2023-08-03 00:00:00-04:00,12.010000228881836,12.390000343322754,9.75,11.5,1021400,0.0,0.0
2023-08-04 00:00:00-04:00,11.390000343322754,11.75,11.220000267028809,11.680000305175781,647300,0.0,0.0
2023-08-07 00:00:00-04:00,11.649999618530273,12.390000343322754,11.649999618530273,12.239999771118164,526700,0.0,0.0
2023-08-08 00:00:00-04:00,12.140000343322754,12.149999618530273,11.760000228881836,11.949999809265137,278900,0.0,0.0
2023-08-09 00:00:00-04:00,11.949999809265137,12.140000343322754,11.869999885559082,12.079999923706055,224300,0.0,0.0
2023-08-10 00:00:00-04:00,12.210000038146973,12.319999694824219,11.979999542236328,12.109999656677246,201800,0.0,0.0
2023-08-11 00:00:00-04:00,12.039999961853027,12.170000076293945,11.880000114440918,11.90999984741211,286000,0.0,0.0
2023-08-14 00:00:00-04:00,11.829999923706055,11.829999923706055,11.550000190734863,11.680000305175781,305400,0.0,0.0
2023-08-15 00:00:00-04:00,11.539999961853027,11.739999771118164,11.5,11.65999984741211,310100,0.0,0.0
2023-08-16 00:00:00-04:00,11.670000076293945,12.0,11.670000076293945,11.710000038146973,301400,0.0,0.0
2023-08-17 00:00:00-04:00,11.710000038146973,12.170000076293945,11.710000038146973,12.069999694824219,372000,0.0,0.0
2023-08-18 00:00:00-04:00,11.880000114440918,12.0,11.609999656677246,11.8100004196167,363700,0.0,0.0
2023-08-21 00:00:00-04:00,11.789999961853027,11.920000076293945,11.65999984741211,11.920000076293945,256800,0.0,0.0
2023-08-22 00:00:00-04:00,11.979999542236328,12.069999694824219,11.699999809265137,11.720000267028809,223400,0.0,0.0
2023-08-23 00:00:00-04:00,11.789999961853027,11.920000076293945,11.569999694824219,11.850000381469727,232300,0.0,0.0
2023-08-24 00:00:00-04:00,11.720000267028809,12.100000381469727,11.649999618530273,12.0600004196167,313500,0.0,0.0
2023-08-25 00:00:00-04:00,12.199999809265137,12.210000038146973,11.9399995803833,12.130000114440918,238400,0.0,0.0
2023-08-28 00:00:00-04:00,12.229999542236328,12.460000038146973,12.1899995803833,12.1899995803833,275700,0.0,0.0
2023-08-29 00:00:00-04:00,12.149999618530273,12.449999809265137,12.149999618530273,12.300000190734863,236500,0.0,0.0
2023-08-30 00:00:00-04:00,12.229999542236328,12.699999809265137,12.229999542236328,12.539999961853027,305700,0.0,0.0
2023-08-31 00:00:00-04:00,12.539999961853027,12.649999618530273,12.470000267028809,12.59000015258789,512400,0.0,0.0
2023-09-01 00:00:00-04:00,12.699999809265137,13.029999732971191,12.699999809265137,12.920000076293945,463300,0.0,0.0
2023-09-05 00:00:00-04:00,12.760000228881836,12.760000228881836,12.1899995803833,12.199999809265137,340100,0.0,0.0
2023-09-06 00:00:00-04:00,12.109999656677246,12.359999656677246,12.010000228881836,12.050000190734863,364600,0.0,0.0
2023-09-07 00:00:00-04:00,12.0,12.039999961853027,11.619999885559082,11.699999809265137,479600,0.0,0.0
2023-09-08 00:00:00-04:00,11.609999656677246,11.670000076293945,11.34000015258789,11.359999656677246,385700,0.0,0.0
2023-09-11 00:00:00-04:00,11.5,11.670000076293945,11.420000076293945,11.630000114440918,294600,0.0,0.0
2023-09-12 00:00:00-04:00,11.619999885559082,11.800000190734863,11.529999732971191,11.699999809265137,288800,0.0,0.0
2023-09-13 00:00:00-04:00,11.960000038146973,12.210000038146973,11.859999656677246,12.09000015258789,385100,0.0,0.0
2023-09-14 00:00:00-04:00,12.199999809265137,12.630000114440918,12.170000076293945,12.579999923706055,246700,0.0,0.0
2023-09-15 00:00:00-04:00,12.579999923706055,12.649999618530273,12.390000343322754,12.5,1111200,0.0,0.0
2023-09-18 00:00:00-04:00,12.539999961853027,12.569999694824219,12.300000190734863,12.420000076293945,311900,0.0,0.0
2023-09-19 00:00:00-04:00,12.359999656677246,12.5,12.260000228881836,12.3100004196167,314300,0.0,0.0
2023-09-20 00:00:00-04:00,12.430000305175781,12.970000267028809,12.430000305175781,12.699999809265137,332300,0.0,0.0
2023-09-21 00:00:00-04:00,12.609999656677246,13.470000267028809,12.609999656677246,13.350000381469727,530200,0.0,0.0
2023-09-22 00:00:00-04:00,13.359999656677246,13.59000015258789,13.130000114440918,13.130000114440918,507000,0.0,0.0
2023-09-25 00:00:00-04:00,13.0,13.449999809265137,12.949999809265137,13.420000076293945,368900,0.0,0.0
2023-09-26 00:00:00-04:00,13.319999694824219,13.420000076293945,13.170000076293945,13.229999542236328,519000,0.0,0.0
2023-09-27 00:00:00-04:00,13.369999885559082,13.680000305175781,13.369999885559082,13.40999984741211,363400,0.0,0.0
2023-09-28 00:00:00-04:00,13.470000267028809,13.779999732971191,13.470000267028809,13.600000381469727,462100,0.0,0.0
2023-09-29 00:00:00-04:00,13.729999542236328,13.729999542236328,13.40999984741211,13.430000305175781,381400,0.0,0.0
2023-10-02 00:00:00-04:00,13.329999923706055,13.479999542236328,12.880000114440918,12.960000038146973,642500,0.0,0.0
2023-10-03 00:00:00-04:00,12.930000305175781,13.170000076293945,12.8100004196167,12.890000343322754,320300,0.0,0.0
2023-10-04 00:00:00-04:00,12.880000114440918,12.960000038146973,12.630000114440918,12.710000038146973,328100,0.0,0.0
2023-10-05 00:00:00-04:00,12.649999618530273,12.850000381469727,12.520000457763672,12.609999656677246,349000,0.0,0.0
2023-10-06 00:00:00-04:00,12.539999961853027,12.949999809265137,12.5,12.819999694824219,228900,0.0,0.0
2023-10-09 00:00:00-04:00,12.760000228881836,13.289999961853027,12.760000228881836,13.239999771118164,283500,0.0,0.0
2023-10-10 00:00:00-04:00,13.300000190734863,13.390000343322754,13.029999732971191,13.039999961853027,270900,0.0,0.0
2023-10-11 00:00:00-04:00,13.130000114440918,13.40999984741211,13.100000381469727,13.399999618530273,275700,0.0,0.0
2023-10-12 00:00:00-04:00,13.369999885559082,13.369999885559082,13.010000228881836,13.0600004196167,245500,0.0,0.0
2023-10-13 00:00:00-04:00,13.09000015258789,13.109999656677246,12.710000038146973,12.779999732971191,259300,0.0,0.0
2023-10-16 00:00:00-04:00,12.989999771118164,13.1899995803833,12.420000076293945,12.720000267028809,426800,0.0,0.0
2023-10-17 00:00:00-04:00,12.6899995803833,13.40999984741211,12.6899995803833,13.109999656677246,348100,0.0,0.0
2023-10-18 00:00:00-04:00,12.930000305175781,12.930000305175781,12.399999618530273,12.420000076293945,258700,0.0,0.0
2023-10-19 00:00:00-04:00,12.350000381469727,12.510000228881836,12.229999542236328,12.3100004196167,242200,0.0,0.0
2023-10-20 00:00:00-04:00,12.300000190734863,12.369999885559082,12.069999694824219,12.119999885559082,371800,0.0,0.0
2023-10-23 00:00:00-04:00,12.0600004196167,12.270000457763672,11.869999885559082,11.880000114440918,314200,0.0,0.0
2023-10-24 00:00:00-04:00,12.0,12.020000457763672,11.779999732971191,11.859999656677246,191700,0.0,0.0
2023-10-25 00:00:00-04:00,11.75,12.0,11.75,11.890000343322754,182700,0.0,0.0
2023-10-26 00:00:00-04:00,11.949999809265137,12.010000228881836,11.510000228881836,11.510000228881836,297500,0.0,0.0
2023-10-27 00:00:00-04:00,11.510000228881836,11.529999732971191,11.180000305175781,11.229999542236328,418800,0.0,0.0
2023-10-30 00:00:00-04:00,11.420000076293945,11.6899995803833,11.350000381469727,11.649999618530273,484200,0.0,0.0
2023-10-31 00:00:00-04:00,11.5600004196167,11.569999694824219,11.25,11.359999656677246,211300,0.0,0.0
2023-11-01 00:00:00-04:00,11.260000228881836,11.390000343322754,11.09000015258789,11.289999961853027,342600,0.0,0.0
2023-11-02 00:00:00-04:00,11.65999984741211,11.970000267028809,11.079999923706055,11.710000038146973,449400,0.0,0.0
2023-11-03 00:00:00-04:00,12.100000381469727,12.550000190734863,12.020000457763672,12.149999618530273,413800,0.0,0.0
2023-11-06 00:00:00-05:00,12.220000267028809,12.510000228881836,12.109999656677246,12.5,312600,0.0,0.0
2023-11-07 00:00:00-05:00,12.319999694824219,12.399999618530273,12.020000457763672,12.390000343322754,319400,0.0,0.0
2023-11-08 00:00:00-05:00,12.449999809265137,12.5,12.25,12.460000038146973,209900,0.0,0.0
2023-11-09 00:00:00-05:00,12.640000343322754,12.640000343322754,12.25,12.399999618530273,300300,0.0,0.0
2023-11-10 00:00:00-05:00,12.520000457763672,12.729999542236328,12.40999984741211,12.529999732971191,233700,0.0,0.0
2023-11-13 00:00:00-05:00,12.40999984741211,12.760000228881836,12.40999984741211,12.649999618530273,362000,0.0,0.0
2023-11-14 00:00:00-05:00,13.010000228881836,13.319999694824219,12.979999542236328,13.300000190734863,324700,0.0,0.0
2023-11-15 00:00:00-05:00,13.399999618530273,13.619999885559082,13.279999732971191,13.369999885559082,221000,0.0,0.0
2023-11-16 00:00:00-05:00,13.350000381469727,13.390000343322754,13.010000228881836,13.079999923706055,191300,0.0,0.0
2023-11-17 00:00:00-05:00,13.270000457763672,13.449999809265137,13.119999885559082,13.399999618530273,402200,0.0,0.0
2023-11-20 00:00:00-05:00,13.329999923706055,13.670000076293945,13.260000228881836,13.5,249700,0.0,0.0
2023-11-21 00:00:00-05:00,13.470000267028809,13.489999771118164,13.069999694824219,13.069999694824219,370400,0.0,0.0
2023-11-22 00:00:00-05:00,12.930000305175781,13.289999961853027,12.699999809265137,13.119999885559082,449700,0.0,0.0
2023-11-24 00:00:00-05:00,13.140000343322754,13.4399995803833,13.140000343322754,13.40999984741211,117200,0.0,0.0
2023-11-27 00:00:00-05:00,13.270000457763672,13.359999656677246,13.0600004196167,13.350000381469727,318600,0.0,0.0
2023-11-28 00:00:00-05:00,13.380000114440918,13.380000114440918,13.0,13.0,228800,0.0,0.0
2023-11-29 00:00:00-05:00,13.109999656677246,13.220000267028809,12.8100004196167,12.9399995803833,338900,0.0,0.0
2023-11-30 00:00:00-05:00,13.039999961853027,13.199999809265137,12.859999656677246,13.069999694824219,353200,0.0,0.0
2023-12-01 00:00:00-05:00,13.050000190734863,13.539999961853027,13.050000190734863,13.489999771118164,404200,0.0,0.0
2023-12-04 00:00:00-05:00,13.329999923706055,13.779999732971191,13.329999923706055,13.770000457763672,286100,0.0,0.0
2023-12-05 00:00:00-05:00,13.729999542236328,13.859999656677246,13.520000457763672,13.569999694824219,279000,0.0,0.0
2023-12-06 00:00:00-05:00,13.630000114440918,14.029999732971191,13.600000381469727,13.640000343322754,269800,0.0,0.0
2023-12-07 00:00:00-05:00,13.649999618530273,13.760000228881836,13.539999961853027,13.630000114440918,218700,0.0,0.0
2023-12-08 00:00:00-05:00,13.640000343322754,13.930000305175781,13.640000343322754,13.869999885559082,269200,0.0,0.0
2023-12-11 00:00:00-05:00,13.869999885559082,13.949999809265137,13.65999984741211,13.770000457763672,268800,0.0,0.0
2023-12-12 00:00:00-05:00,13.819999694824219,13.819999694824219,13.520000457763672,13.720000267028809,267200,0.0,0.0
2023-12-13 00:00:00-05:00,13.770000457763672,14.25,13.449999809265137,14.15999984741211,388300,0.0,0.0
2023-12-14 00:00:00-05:00,14.430000305175781,15.15999984741211,14.369999885559082,14.960000038146973,414700,0.0,0.0
2023-12-15 00:00:00-05:00,15.109999656677246,15.140000343322754,14.59000015258789,14.609999656677246,3384700,0.0,0.0
2023-12-18 00:00:00-05:00,14.739999771118164,14.890000343322754,14.470000267028809,14.510000228881836,321400,0.0,0.0
2023-12-19 00:00:00-05:00,14.619999885559082,15.010000228881836,14.4399995803833,14.949999809265137,361000,0.0,0.0
2023-12-20 00:00:00-05:00,14.949999809265137,15.229999542236328,14.649999618530273,14.680000305175781,349500,0.0,0.0
2023-12-21 00:00:00-05:00,14.8100004196167,14.970000267028809,14.770000457763672,14.930000305175781,226200,0.0,0.0
2023-12-22 00:00:00-05:00,14.949999809265137,15.220000267028809,14.9399995803833,15.0,186400,0.0,0.0
2023-12-26 00:00:00-05:00,15.020000457763672,15.1899995803833,14.949999809265137,15.039999961853027,160700,0.0,0.0
2023-12-27 00:00:00-05:00,15.09000015258789,15.130000114440918,14.90999984741211,15.109999656677246,199200,0.0,0.0
2023-12-28 00:00:00-05:00,15.0,15.100000381469727,14.970000267028809,15.010000228881836,178300,0.0,0.0
2023-12-29 00:00:00-05:00,15.0,15.039999961853027,14.75,14.880000114440918,277500,0.0,0.0
2024-01-02 00:00:00-05:00,14.819999694824219,15.0,14.739999771118164,14.859999656677246,354700,0.0,0.0
2024-01-03 00:00:00-05:00,14.670000076293945,14.770000457763672,14.449999809265137,14.59000015258789,291600,0.0,0.0
2024-01-04 00:00:00-05:00,14.699999809265137,14.720000267028809,14.420000076293945,14.59000015258789,301600,0.0,0.0
2024-01-05 00:00:00-05:00,14.470000267028809,14.739999771118164,14.470000267028809,14.5600004196167,339100,0.0,0.0
2024-01-08 00:00:00-05:00,14.529999732971191,14.609999656677246,14.390000343322754,14.529999732971191,153700,0.0,0.0
2024-01-09 00:00:00-05:00,14.279999732971191,14.279999732971191,14.0600004196167,14.069999694824219,267800,0.0,0.0
2024-01-10 00:00:00-05:00,13.989999771118164,14.130000114440918,13.729999542236328,14.100000381469727,292800,0.0,0.0
2024-01-11 00:00:00-05:00,14.069999694824219,14.149999618530273,13.880000114440918,14.050000190734863,297200,0.0,0.0
2024-01-12 00:00:00-05:00,14.289999961853027,14.3100004196167,14.020000457763672,14.0600004196167,200100,0.0,0.0
2024-01-16 00:00:00-05:00,13.949999809265137,14.079999923706055,13.8100004196167,13.859999656677246,177700,0.0,0.0
2024-01-17 00:00:00-05:00,13.5600004196167,13.829999923706055,13.550000190734863,13.699999809265137,215800,0.0,0.0
2024-01-18 00:00:00-05:00,13.829999923706055,14.229999542236328,13.789999961853027,14.220000267028809,275100,0.0,0.0
2024-01-19 00:00:00-05:00,14.239999771118164,14.460000038146973,14.079999923706055,14.329999923706055,225000,0.0,0.0
2024-01-22 00:00:00-05:00,14.4399995803833,14.699999809265137,14.380000114440918,14.569999694824219,381700,0.0,0.0
2024-01-23 00:00:00-05:00,14.859999656677246,14.899999618530273,14.579999923706055,14.609999656677246,286000,0.0,0.0
2024-01-24 00:00:00-05:00,14.829999923706055,14.90999984741211,14.550000190734863,14.680000305175781,162200,0.0,0.0
2024-01-25 00:00:00-05:00,14.869999885559082,15.079999923706055,14.789999961853027,15.0,292000,0.0,0.0
2024-01-26 00:00:00-05:00,15.140000343322754,15.210000038146973,14.880000114440918,15.039999961853027,193200,0.0,0.0
2024-01-29 00:00:00-05:00,15.010000228881836,15.180000305175781,14.869999885559082,15.119999885559082,204000,0.0,0.0
2024-01-30 00:00:00-05:00,14.970000267028809,15.329999923706055,14.899999618530273,15.100000381469727,234400,0.0,0.0
2024-01-31 00:00:00-05:00,15.100000381469727,15.329999923706055,14.760000228881836,14.760000228881836,256100,0.0,0.0
2024-02-01 00:00:00-05:00,14.920000076293945,15.0600004196167,14.550000190734863,14.930000305175781,241200,0.0,0.0
2024-02-02 00:00:00-05:00,14.720000267028809,15.119999885559082,14.649999618530273,14.9399995803833,172300,0.0,0.0
2024-02-05 00:00:00-05:00,14.75,14.829999923706055,14.3100004196167,14.40999984741211,211000,0.0,0.0
2024-02-06 00:00:00-05:00,14.449999809265137,14.710000038146973,14.40999984741211,14.569999694824219,209300,0.0,0.0
2024-02-07 00:00:00-05:00,14.600000381469727,14.600000381469727,13.989999771118164,14.0,297500,0.0,0.0
2024-02-08 00:00:00-05:00,13.989999771118164,14.270000457763672,13.720000267028809,14.239999771118164,299400,0.0,0.0
2024-02-09 00:00:00-05:00,14.220000267028809,14.260000228881836,13.720000267028809,13.970000267028809,284700,0.0,0.0
2024-02-12 00:00:00-05:00,14.050000190734863,14.729999542236328,14.050000190734863,14.600000381469727,277800,0.0,0.0
2024-02-13 00:00:00-05:00,14.0600004196167,14.130000114440918,13.59000015258789,13.779999732971191,320600,0.0,0.0
2024-02-14 00:00:00-05:00,14.039999961853027,14.039999961853027,13.800000190734863,13.989999771118164,216600,0.0,0.0
2024-02-15 00:00:00-05:00,14.100000381469727,14.5,13.930000305175781,14.369999885559082,405900,0.0,0.0
2024-02-16 00:00:00-05:00,14.180000305175781,14.430000305175781,13.899999618530273,14.25,329400,0.0,0.0
2024-02-20 00:00:00-05:00,14.010000228881836,14.140000343322754,13.880000114440918,14.100000381469727,252700,0.0,0.0
2024-02-21 00:00:00-05:00,14.100000381469727,14.239999771118164,14.020000457763672,14.239999771118164,197000,0.0,0.0
2024-02-22 00:00:00-05:00,14.239999771118164,14.25,13.920000076293945,13.960000038146973,226400,0.0,0.0
2024-02-23 00:00:00-05:00,13.920000076293945,14.229999542236328,13.829999923706055,14.140000343322754,228200,0.0,0.0
2024-02-26 00:00:00-05:00,14.039999961853027,14.079999923706055,13.880000114440918,13.930000305175781,246800,0.0,0.0
2024-02-27 00:00:00-05:00,14.010000228881836,14.199999809265137,14.010000228881836,14.100000381469727,167800,0.0,0.0
2024-02-28 00:00:00-05:00,14.029999732971191,14.279999732971191,14.020000457763672,14.149999618530273,200700,0.0,0.0
2024-02-29 00:00:00-05:00,14.149999618530273,14.149999618530273,12.5600004196167,12.760000228881836,728400,0.0,0.0
2024-03-01 00:00:00-05:00,12.960000038146973,13.359999656677246,12.510000228881836,12.609999656677246,749600,0.0,0.0
2024-03-04 00:00:00-05:00,12.670000076293945,12.869999885559082,12.399999618530273,12.430000305175781,407400,0.0,0.0
2024-03-05 00:00:00-05:00,12.399999618530273,12.729999542236328,12.399999618530273,12.59000015258789,345000,0.0,0.0
2024-03-06 00:00:00-05:00,12.760000228881836,12.760000228881836,12.399999618530273,12.420000076293945,330600,0.0,0.0
2024-03-07 00:00:00-05:00,12.579999923706055,13.010000228881836,12.579999923706055,13.010000228881836,402700,0.0,0.0
2024-03-08 00:00:00-05:00,13.119999885559082,13.170000076293945,12.5600004196167,12.6899995803833,389400,0.0,0.0
2024-03-11 00:00:00-04:00,12.649999618530273,12.6899995803833,12.399999618530273,12.550000190734863,280800,0.0,0.0
2024-03-12 00:00:00-04:00,12.520000457763672,12.59000015258789,12.390000343322754,12.529999732971191,231500,0.0,0.0
2024-03-13 00:00:00-04:00,12.479999542236328,12.670000076293945,12.430000305175781,12.510000228881836,299300,0.0,0.0
2024-03-14 00:00:00-04:00,12.5,12.5,12.180000305175781,12.260000228881836,255400,0.0,0.0
2024-03-15 00:00:00-04:00,12.229999542236328,12.479999542236328,12.229999542236328,12.420000076293945,754100,0.0,0.0
2024-03-18 00:00:00-04:00,12.470000267028809,12.5600004196167,12.289999961853027,12.399999618530273,248200,0.0,0.0
2024-03-19 00:00:00-04:00,12.350000381469727,12.489999771118164,12.300000190734863,12.369999885559082,242900,0.0,0.0
2024-03-20 00:00:00-04:00,12.3100004196167,12.710000038146973,12.260000228881836,12.59000015258789,263800,0.0,0.0
2024-03-21 00:00:00-04:00,12.670000076293945,12.949999809265137,12.569999694824219,12.819999694824219,366300,0.0,0.0
2024-03-22 00:00:00-04:00,12.899999618530273,12.9399995803833,12.479999542236328,12.479999542236328,203100,0.0,0.0
2024-03-25 00:00:00-04:00,12.529999732971191,12.529999732971191,12.25,12.260000228881836,174700,0.0,0.0
2024-03-26 00:00:00-04:00,12.34000015258789,12.420000076293945,12.199999809265137,12.239999771118164,234100,0.0,0.0
2024-03-27 00:00:00-04:00,12.289999961853027,12.460000038146973,12.289999961853027,12.460000038146973,233600,0.0,0.0
2024-03-28 00:00:00-04:00,12.460000038146973,12.569999694824219,12.40999984741211,12.460000038146973,243900,0.0,0.0
2024-04-01 00:00:00-04:00,12.5600004196167,12.5600004196167,12.199999809265137,12.289999961853027,223500,0.0,0.0
2024-04-02 00:00:00-04:00,12.1899995803833,12.210000038146973,12.039999961853027,12.180000305175781,402000,0.0,0.0
2024-04-03 00:00:00-04:00,12.15999984741211,12.350000381469727,12.149999618530273,12.34000015258789,259000,0.0,0.0
2024-04-04 00:00:00-04:00,12.510000228881836,12.770000457763672,12.319999694824219,12.380000114440918,289300,0.0,0.0
2024-04-05 00:00:00-04:00,12.369999885559082,12.4399995803833,12.260000228881836,12.329999923706055,181200,0.0,0.0
2024-04-08 00:00:00-04:00,12.40999984741211,12.510000228881836,12.3100004196167,12.3100004196167,163100,0.0,0.0
2024-04-09 00:00:00-04:00,12.319999694824219,12.4399995803833,12.199999809265137,12.430000305175781,142000,0.0,0.0
2024-04-10 00:00:00-04:00,12.119999885559082,12.25,11.949999809265137,12.09000015258789,233700,0.0,0.0
2024-04-11 00:00:00-04:00,12.15999984741211,12.300000190734863,12.020000457763672,12.300000190734863,271000,0.0,0.0
2024-04-12 00:00:00-04:00,12.180000305175781,12.239999771118164,11.90999984741211,11.9399995803833,179900,0.0,0.0
2024-04-15 00:00:00-04:00,11.979999542236328,12.149999618530273,11.699999809265137,11.739999771118164,232800,0.0,0.0
2024-04-16 00:00:00-04:00,11.699999809265137,11.75,11.520000457763672,11.640000343322754,240600,0.0,0.0
2024-04-17 00:00:00-04:00,11.739999771118164,11.760000228881836,11.40999984741211,11.449999809265137,334300,0.0,0.0
2024-04-18 00:00:00-04:00,11.550000190734863,11.65999984741211,11.260000228881836,11.420000076293945,335300,0.0,0.0
2024-04-19 00:00:00-04:00,11.399999618530273,11.569999694824219,11.369999885559082,11.529999732971191,334000,0.0,0.0
2024-04-22 00:00:00-04:00,11.600000381469727,11.710000038146973,11.489999771118164,11.5600004196167,221400,0.0,0.0
2024-04-23 00:00:00-04:00,11.630000114440918,11.970000267028809,11.630000114440918,11.789999961853027,338800,0.0,0.0
2024-04-24 00:00:00-04:00,11.739999771118164,11.829999923706055,11.510000228881836,11.800000190734863,356200,0.0,0.0
2024-04-25 00:00:00-04:00,11.609999656677246,11.640000343322754,11.3100004196167,11.510000228881836,305200,0.0,0.0
2024-04-26 00:00:00-04:00,11.510000228881836,11.640000343322754,11.449999809265137,11.550000190734863,205700,0.0,0.0
2024-04-29 00:00:00-04:00,11.630000114440918,11.720000267028809,11.5,11.529999732971191,230900,0.0,0.0
2024-04-30 00:00:00-04:00,11.460000038146973,11.460000038146973,11.0,11.020000457763672,306700,0.0,0.0
2024-05-01 00:00:00-04:00,11.0600004196167,11.470000267028809,10.989999771118164,11.170000076293945,576800,0.0,0.0
2024-05-02 00:00:00-04:00,10.069999694824219,10.779999732971191,9.619999885559082,10.449999809265137,1260500,0.0,0.0
2024-05-03 00:00:00-04:00,10.600000381469727,10.640000343322754,10.0,10.020000457763672,1060800,0.0,0.0
2024-05-06 00:00:00-04:00,10.050000190734863,10.119999885559082,9.039999961853027,9.079999923706055,1604900,0.0,0.0
2024-05-07 00:00:00-04:00,9.149999618530273,9.1899995803833,8.649999618530273,8.859999656677246,1235200,0.0,0.0
2024-05-08 00:00:00-04:00,8.859999656677246,8.890000343322754,8.489999771118164,8.5600004196167,1096800,0.0,0.0
2024-05-09 00:00:00-04:00,8.5600004196167,9.079999923706055,8.5600004196167,9.050000190734863,871400,0.0,0.0
2024-05-10 00:00:00-04:00,9.0600004196167,9.399999618530273,8.920000076293945,9.390000343322754,779600,0.0,0.0
2024-05-13 00:00:00-04:00,9.420000076293945,9.470000267028809,8.90999984741211,8.960000038146973,798600,0.0,0.0
2024-05-14 00:00:00-04:00,9.130000114440918,9.170000076293945,8.649999618530273,8.680000305175781,563400,0.0,0.0
2024-05-15 00:00:00-04:00,8.800000190734863,8.949999809265137,8.600000381469727,8.880000114440918,523000,0.0,0.0
2024-05-16 00:00:00-04:00,8.819999694824219,8.9399995803833,8.770000457763672,8.930000305175781,433600,0.0,0.0
2024-05-17 00:00:00-04:00,8.9399995803833,9.149999618530273,8.84000015258789,8.90999984741211,690800,0.0,0.0
2024-05-20 00:00:00-04:00,8.90999984741211,9.0,8.649999618530273,8.649999618530273,459400,0.0,0.0
2024-05-21 00:00:00-04:00,8.619999885559082,8.640000343322754,8.369999885559082,8.380000114440918,512700,0.0,0.0
2024-05-22 00:00:00-04:00,8.329999923706055,8.640000343322754,8.329999923706055,8.399999618530273,553800,0.0,0.0
2024-05-23 00:00:00-04:00,8.380000114440918,8.489999771118164,8.069999694824219,8.140000343322754,547700,0.0,0.0
2024-05-24 00:00:00-04:00,8.199999809265137,8.40999984741211,8.069999694824219,8.359999656677246,525000,0.0,0.0
2024-05-28 00:00:00-04:00,8.399999618530273,8.520000457763672,8.229999542236328,8.260000228881836,491900,0.0,0.0
2024-05-29 00:00:00-04:00,8.130000114440918,8.180000305175781,8.010000228881836,8.039999961853027,352300,0.0,0.0
2024-05-30 00:00:00-04:00,8.229999542236328,8.300000190734863,8.010000228881836,8.039999961853027,422200,0.0,0.0
2024-05-31 00:00:00-04:00,8.069999694824219,8.289999961853027,8.0600004196167,8.270000457763672,412500,0.0,0.0
2024-06-03 00:00:00-04:00,8.300000190734863,8.34000015258789,7.980000019073486,7.980000019073486,516400,0.0,0.0
2024-06-04 00:00:00-04:00,7.920000076293945,8.100000381469727,7.820000171661377,7.820000171661377,565500,0.0,0.0
2024-06-05 00:00:00-04:00,7.900000095367432,8.020000457763672,7.849999904632568,7.900000095367432,503500,0.0,0.0
2024-06-06 00:00:00-04:00,7.860000133514404,8.09000015258789,7.840000152587891,8.029999732971191,533900,0.0,0.0
2024-06-07 00:00:00-04:00,7.889999866485596,8.09000015258789,7.809999942779541,7.829999923706055,595200,0.0,0.0
2024-06-10 00:00:00-04:00,7.75,7.840000152587891,7.489999771118164,7.5,664600,0.0,0.0
2024-06-11 00:00:00-04:00,7.389999866485596,7.539999961853027,7.260000228881836,7.5,561200,0.0,0.0
2024-06-12 00:00:00-04:00,7.710000038146973,7.840000152587891,7.409999847412109,7.429999828338623,667900,0.0,0.0
2024-06-13 00:00:00-04:00,7.389999866485596,7.610000133514404,7.28000020980835,7.46999979019165,717100,0.0,0.0
2024-06-14 00:00:00-04:00,7.369999885559082,7.380000114440918,7.070000171661377,7.170000076293945,480000,0.0,0.0
2024-06-17 00:00:00-04:00,7.150000095367432,7.320000171661377,7.139999866485596,7.21999979019165,697700,0.0,0.0
2024-06-18 00:00:00-04:00,7.190000057220459,7.489999771118164,7.190000057220459,7.349999904632568,743500,0.0,0.0
2024-06-20 00:00:00-04:00,7.320000171661377,7.619999885559082,7.320000171661377,7.369999885559082,686400,0.0,0.0
2024-06-21 00:00:00-04:00,7.360000133514404,7.480000019073486,7.179999828338623,7.210000038146973,4270100,0.0,0.0
2024-06-24 00:00:00-04:00,7.260000228881836,7.420000076293945,7.130000114440918,7.130000114440918,827200,0.0,0.0
2024-06-25 00:00:00-04:00,7.090000152587891,7.139999866485596,6.840000152587891,6.840000152587891,694700,0.0,0.0
2024-06-26 00:00:00-04:00,6.75,6.920000076293945,6.710000038146973,6.820000171661377,913500,0.0,0.0
2024-06-27 00:00:00-04:00,6.820000171661377,6.920000076293945,6.78000020980835,6.860000133514404,479300,0.0,0.0
2024-06-28 00:00:00-04:00,6.929999828338623,7.440000057220459,6.880000114440918,7.409999847412109,4123100,0.0,0.0
2024-07-01 00:00:00-04:00,7.349999904632568,7.590000152587891,7.090000152587891,7.289999961853027,1166300,0.0,0.0
2024-07-02 00:00:00-04:00,7.260000228881836,7.340000152587891,6.980000019073486,7.159999847412109,746000,0.0,0.0
2024-07-03 00:00:00-04:00,7.199999809265137,7.230000019073486,7.070000171661377,7.110000133514404,279100,0.0,0.0
2024-07-05 00:00:00-04:00,7.099999904632568,7.099999904632568,6.880000114440918,6.949999809265137,752100,0.0,0.0
2024-07-08 00:00:00-04:00,7.039999961853027,7.21999979019165,7.039999961853027,7.119999885559082,510700,0.0,0.0
2024-07-09 00:00:00-04:00,7.079999923706055,7.150000095367432,7.010000228881836,7.050000190734863,386200,0.0,0.0
2024-07-10 00:00:00-04:00,7.110000133514404,7.110000133514404,6.909999847412109,6.989999771118164,351700,0.0,0.0
2024-07-11 00:00:00-04:00,7.150000095367432,7.599999904632568,7.039999961853027,7.570000171661377,926200,0.0,0.0
2024-07-12 00:00:00-04:00,7.659999847412109,7.679999828338623,7.489999771118164,7.559999942779541,578300,0.0,0.0
2024-07-15 00:00:00-04:00,7.599999904632568,7.78000020980835,7.510000228881836,7.639999866485596,617300,0.0,0.0
2024-07-16 00:00:00-04:00,7.730000019073486,8.239999771118164,7.710000038146973,8.220000267028809,817200,0.0,0.0
2024-07-17 00:00:00-04:00,8.170000076293945,8.479999542236328,8.140000343322754,8.329999923706055,726400,0.0,0.0
2024-07-18 00:00:00-04:00,8.260000228881836,8.510000228881836,8.100000381469727,8.119999885559082,626800,0.0,0.0
2024-07-19 00:00:00-04:00,8.119999885559082,8.130000114440918,7.949999809265137,8.100000381469727,421900,0.0,0.0
2024-07-22 00:00:00-04:00,8.119999885559082,8.289999961853027,7.929999828338623,8.270000457763672,468700,0.0,0.0
2024-07-23 00:00:00-04:00,8.220000267028809,8.4399995803833,8.09000015258789,8.399999618530273,488700,0.0,0.0
2024-07-24 00:00:00-04:00,8.329999923706055,8.529999732971191,8.199999809265137,8.239999771118164,520100,0.0,0.0
2024-07-25 00:00:00-04:00,8.260000228881836,8.770000457763672,8.170000076293945,8.630000114440918,436800,0.0,0.0
2024-07-26 00:00:00-04:00,8.789999961853027,8.869999885559082,8.649999618530273,8.699999809265137,518100,0.0,0.0
2024-07-29 00:00:00-04:00,8.699999809265137,8.699999809265137,8.239999771118164,8.359999656677246,477000,0.0,0.0
2024-07-30 00:00:00-04:00,8.359999656677246,8.520000457763672,8.239999771118164,8.510000228881836,552300,0.0,0.0
2024-07-31 00:00:00-04:00,8.479999542236328,8.760000228881836,8.319999694824219,8.520000457763672,946600,0.0,0.0
2024-08-01 00:00:00-04:00,8.369999885559082,9.09000015258789,8.270000457763672,8.470000267028809,1258600,0.0,0.0
2024-08-02 00:00:00-04:00,8.210000038146973,8.25,7.840000152587891,8.050000190734863,662600,0.0,0.0
2024-08-05 00:00:00-04:00,7.650000095367432,7.78000020980835,7.480000019073486,7.679999828338623,773300,0.0,0.0
2024-08-06 00:00:00-04:00,7.679999828338623,8.039999961853027,7.570000171661377,7.920000076293945,792000,0.0,0.0
2024-08-07 00:00:00-04:00,8.029999732971191,8.180000305175781,7.550000190734863,7.599999904632568,630500,0.0,0.0
2024-08-08 00:00:00-04:00,7.670000076293945,7.739999771118164,7.550000190734863,7.630000114440918,625500,0.0,0.0
2024-08-09 00:00:00-04:00,7.599999904632568,7.639999866485596,7.420000076293945,7.489999771118164,541400,0.0,0.0
2024-08-12 00:00:00-04:00,7.53000020980835,7.570000171661377,7.349999904632568,7.380000114440918,693700,0.0,0.0
2024-08-13 00:00:00-04:00,7.460000038146973,7.539999961853027,7.349999904632568,7.449999809265137,601200,0.0,0.0
2024-08-14 00:00:00-04:00,7.5,7.510000228881836,7.239999771118164,7.25,630000,0.0,0.0
2024-08-15 00:00:00-04:00,7.489999771118164,7.710000038146973,7.369999885559082,7.630000114440918,634200,0.0,0.0
2024-08-16 00:00:00-04:00,7.599999904632568,7.860000133514404,7.599999904632568,7.730000019073486,409000,0.0,0.0
2024-08-19 00:00:00-04:00,7.699999809265137,7.949999809265137,7.690000057220459,7.880000114440918,444000,0.0,0.0
2024-08-20 00:00:00-04:00,7.869999885559082,7.889999866485596,7.610000133514404,7.610000133514404,307600,0.0,0.0
2024-08-21 00:00:00-04:00,7.639999866485596,7.889999866485596,7.639999866485596,7.849999904632568,317400,0.0,0.0
2024-08-22 00:00:00-04:00,7.840000152587891,7.920000076293945,7.789999961853027,7.840000152587891,379400,0.0,0.0
2024-08-23 00:00:00-04:00,7.96999979019165,8.399999618530273,7.949999809265137,8.359999656677246,485900,0.0,0.0
2024-08-26 00:00:00-04:00,8.470000267028809,8.569999694824219,8.369999885559082,8.430000305175781,531700,0.0,0.0
2024-08-27 00:00:00-04:00,8.399999618530273,8.460000038146973,8.300000190734863,8.40999984741211,388400,0.0,0.0
2024-08-28 00:00:00-04:00,8.300000190734863,8.449999809265137,8.210000038146973,8.3100004196167,352700,0.0,0.0
2024-08-29 00:00:00-04:00,8.40999984741211,8.489999771118164,8.260000228881836,8.350000381469727,348800,0.0,0.0
2024-08-30 00:00:00-04:00,8.34000015258789,8.420000076293945,8.15999984741211,8.329999923706055,317700,0.0,0.0
2024-09-03 00:00:00-04:00,8.170000076293945,8.319999694824219,8.0600004196167,8.0600004196167,370100,0.0,0.0
2024-09-04 00:00:00-04:00,8.050000190734863,8.270000457763672,8.020000457763672,8.199999809265137,323800,0.0,0.0
2024-09-05 00:00:00-04:00,8.170000076293945,8.289999961853027,8.020000457763672,8.0600004196167,290300,0.0,0.0
2024-09-06 00:00:00-04:00,8.050000190734863,8.220000267028809,7.75,7.78000020980835,630300,0.0,0.0
2024-09-09 00:00:00-04:00,7.78000020980835,7.840000152587891,7.610000133514404,7.760000228881836,562800,0.0,0.0
2024-09-10 00:00:00-04:00,7.78000020980835,8.09000015258789,7.699999809265137,7.949999809265137,589700,0.0,0.0
2024-09-11 00:00:00-04:00,7.869999885559082,8.0,7.670000076293945,8.0,605700,0.0,0.0
2024-09-12 00:00:00-04:00,8.0600004196167,8.15999984741211,7.920000076293945,8.050000190734863,533500,0.0,0.0
2024-09-13 00:00:00-04:00,8.199999809265137,8.359999656677246,8.130000114440918,8.329999923706055,360400,0.0,0.0
2024-09-16 00:00:00-04:00,8.40999984741211,8.430000305175781,8.199999809265137,8.289999961853027,355300,0.0,0.0
2024-09-17 00:00:00-04:00,8.369999885559082,8.59000015258789,8.09000015258789,8.369999885559082,1043700,0.0,0.0
2024-09-18 00:00:00-04:00,8.369999885559082,8.789999961853027,8.300000190734863,8.359999656677246,596300,0.0,0.0
2024-09-19 00:00:00-04:00,8.619999885559082,8.619999885559082,8.319999694824219,8.40999984741211,546200,0.0,0.0
2024-09-20 00:00:00-04:00,8.289999961853027,8.390000343322754,8.109999656677246,8.119999885559082,1999000,0.0,0.0
2024-09-23 00:00:00-04:00,8.140000343322754,8.229999542236328,7.980000019073486,7.980000019073486,470500,0.0,0.0
2024-09-24 00:00:00-04:00,8.0600004196167,8.149999618530273,7.900000095367432,7.920000076293945,348200,0.0,0.0
2024-09-25 00:00:00-04:00,7.920000076293945,8.109999656677246,7.730000019073486,7.739999771118164,722000,0.0,0.0
2024-09-26 00:00:00-04:00,7.880000114440918,8.119999885559082,7.880000114440918,7.96999979019165,480800,0.0,0.0
2024-09-27 00:00:00-04:00,8.050000190734863,8.40999984741211,8.039999961853027,8.270000457763672,518500,0.0,0.0
2024-09-30 00:00:00-04:00,8.229999542236328,8.300000190734863,8.039999961853027,8.130000114440918,425200,0.0,0.0
2024-10-01 00:00:00-04:00,8.09000015258789,8.100000381469727,7.900000095367432,7.909999847412109,304900,0.0,0.0
2024-10-02 00:00:00-04:00,7.909999847412109,8.020000457763672,7.699999809265137,7.760000228881836,385100,0.0,0.0
2024-10-03 00:00:00-04:00,7.670000076293945,7.710000038146973,7.199999809265137,7.289999961853027,550300,0.0,0.0
2024-10-04 00:00:00-04:00,7.460000038146973,7.46999979019165,7.239999771118164,7.300000190734863,354600,0.0,0.0
2024-10-07 00:00:00-04:00,7.230000019073486,7.309999942779541,7.050000190734863,7.139999866485596,608900,0.0,0.0
2024-10-08 00:00:00-04:00,7.099999904632568,7.110000133514404,6.800000190734863,6.889999866485596,565200,0.0,0.0
2024-10-09 00:00:00-04:00,6.889999866485596,7.139999866485596,6.880000114440918,7.119999885559082,643500,0.0,0.0
2024-10-10 00:00:00-04:00,7.010000228881836,7.010000228881836,6.900000095367432,7.0,371000,0.0,0.0
2024-10-11 00:00:00-04:00,7.0,7.25,7.0,7.239999771118164,325300,0.0,0.0
2024-10-14 00:00:00-04:00,7.190000057220459,7.239999771118164,7.019999980926514,7.059999942779541,290100,0.0,0.0
2024-10-15 00:00:00-04:00,7.099999904632568,7.099999904632568,6.820000171661377,6.829999923706055,464000,0.0,0.0
2024-10-16 00:00:00-04:00,6.949999809265137,7.150000095367432,6.829999923706055,7.070000171661377,598500,0.0,0.0
2024-10-17 00:00:00-04:00,7.070000171661377,7.110000133514404,6.96999979019165,7.099999904632568,283600,0.0,0.0
2024-10-18 00:00:00-04:00,7.150000095367432,7.199999809265137,6.960000038146973,6.96999979019165,268400,0.0,0.0
2024-10-21 00:00:00-04:00,7.03000020980835,7.369999885559082,6.980000019073486,7.159999847412109,664600,0.0,0.0
2024-10-22 00:00:00-04:00,7.119999885559082,7.369999885559082,7.119999885559082,7.269999980926514,496900,0.0,0.0
2024-10-23 00:00:00-04:00,7.21999979019165,7.260000228881836,7.079999923706055,7.190000057220459,469600,0.0,0.0
2024-10-24 00:00:00-04:00,7.239999771118164,7.269999980926514,7.119999885559082,7.190000057220459,364400,0.0,0.0
2024-10-25 00:00:00-04:00,7.230000019073486,7.269999980926514,6.96999979019165,6.980000019073486,365700,0.0,0.0
2024-10-28 00:00:00-04:00,7.010000228881836,7.340000152587891,7.0,7.269999980926514,412000,0.0,0.0
2024-10-29 00:00:00-04:00,7.170000076293945,7.289999961853027,7.110000133514404,7.269999980926514,413800,0.0,0.0
2024-10-30 00:00:00-04:00,7.269999980926514,7.539999961853027,7.269999980926514,7.360000133514404,768300,0.0,0.0
2024-10-31 00:00:00-04:00,7.019999980926514,7.079999923706055,6.340000152587891,6.440000057220459,1191500,0.0,0.0
2024-11-01 00:00:00-04:00,6.599999904632568,7.039999961853027,6.429999828338623,6.789999961853027,1235400,0.0,0.0
2024-11-04 00:00:00-05:00,6.690000057220459,6.849999904632568,6.429999828338623,6.449999809265137,1081700,0.0,0.0
2024-11-05 00:00:00-05:00,6.440000057220459,6.590000152587891,6.380000114440918,6.53000020980835,596400,0.0,0.0
2024-11-06 00:00:00-05:00,7.039999961853027,7.400000095367432,6.949999809265137,7.300000190734863,1023200,0.0,0.0
2024-11-07 00:00:00-05:00,7.260000228881836,7.360000133514404,7.139999866485596,7.289999961853027,644600,0.0,0.0
2024-11-08 00:00:00-05:00,7.289999961853027,7.5,7.260000228881836,7.360000133514404,615300,0.0,0.0
2024-11-11 00:00:00-05:00,7.409999847412109,7.619999885559082,7.360000133514404,7.579999923706055,486300,0.0,0.0
2024-11-12 00:00:00-05:00,7.519999980926514,7.699999809265137,7.480000019073486,7.539999961853027,582100,0.0,0.0
2024-11-13 00:00:00-05:00,7.579999923706055,7.630000114440918,7.119999885559082,7.150000095367432,592200,0.0,0.0
2024-11-14 00:00:00-05:00,7.099999904632568,7.150000095367432,6.800000190734863,6.909999847412109,555500,0.0,0.0
2024-11-15 00:00:00-05:00,7.0,7.050000190734863,6.78000020980835,6.949999809265137,543900,0.0,0.0
2024-11-18 00:00:00-05:00,6.989999771118164,7.179999828338623,6.829999923706055,6.849999904632568,488400,0.0,0.0
2024-11-19 00:00:00-05:00,6.75,6.75,6.639999866485596,6.71999979019165,419400,0.0,0.0
2024-11-20 00:00:00-05:00,6.679999828338623,6.800000190734863,6.659999847412109,6.78000020980835,334700,0.0,0.0
2024-11-21 00:00:00-05:00,6.809999942779541,7.139999866485596,6.769999980926514,7.090000152587891,492600,0.0,0.0
2024-11-22 00:00:00-05:00,7.110000133514404,7.420000076293945,7.110000133514404,7.300000190734863,430300,0.0,0.0
2024-11-25 00:00:00-05:00,7.360000133514404,7.670000076293945,7.340000152587891,7.519999980926514,634800,0.0,0.0
2024-11-26 00:00:00-05:00,7.429999828338623,7.429999828338623,7.090000152587891,7.25,794700,0.0,0.0
2024-11-27 00:00:00-05:00,7.289999961853027,7.590000152587891,7.289999961853027,7.369999885559082,472300,0.0,0.0
2024-11-29 00:00:00-05:00,7.420000076293945,7.5,7.300000190734863,7.320000171661377,301300,0.0,0.0
2024-12-02 00:00:00-05:00,7.360000133514404,7.480000019073486,7.289999961853027,7.440000057220459,713900,0.0,0.0
2024-12-03 00:00:00-05:00,7.389999866485596,7.440000057220459,7.110000133514404,7.25,850500,0.0,0.0
2024-12-04 00:00:00-05:00,7.269999980926514,7.320000171661377,6.869999885559082,7.050000190734863,758500,0.0,0.0
2024-12-05 00:00:00-05:00,7.079999923706055,7.25,6.900000095367432,7.059999942779541,861700,0.0,0.0
2024-12-06 00:00:00-05:00,7.159999847412109,7.210000038146973,6.829999923706055,6.949999809265137,882000,0.0,0.0
2024-12-09 00:00:00-05:00,7.389999866485596,9.390000343322754,7.269999980926514,8.890000343322754,4229500,0.0,0.0
2024-12-10 00:00:00-05:00,9.0600004196167,9.0600004196167,7.670000076293945,7.690000057220459,1366900,0.0,0.0
2024-12-11 00:00:00-05:00,7.739999771118164,8.020000457763672,7.610000133514404,8.010000228881836,862400,0.0,0.0
2024-12-12 00:00:00-05:00,7.96999979019165,8.100000381469727,7.489999771118164,7.650000095367432,850200,0.0,0.0
2024-12-13 00:00:00-05:00,7.989999771118164,8.180000305175781,7.650000095367432,8.170000076293945,827400,0.0,0.0
2024-12-16 00:00:00-05:00,8.109999656677246,8.149999618530273,7.670000076293945,7.690000057220459,1220600,0.0,0.0
2024-12-17 00:00:00-05:00,7.639999866485596,7.730000019073486,7.440000057220459,7.650000095367432,960600,0.0,0.0
2024-12-18 00:00:00-05:00,7.75,8.050000190734863,7.28000020980835,7.360000133514404,1067600,0.0,0.0
2024-12-19 00:00:00-05:00,7.449999809265137,7.710000038146973,6.989999771118164,7.03000020980835,957200,0.0,0.0
2024-12-20 00:00:00-05:00,6.900000095367432,7.190000057220459,6.869999885559082,6.949999809265137,4455000,0.0,0.0
2024-12-23 00:00:00-05:00,6.960000038146973,6.980000019073486,6.619999885559082,6.949999809265137,1137400,0.0,0.0
2024-12-24 00:00:00-05:00,6.909999847412109,7.019999980926514,6.829999923706055,6.989999771118164,247300,0.0,0.0
2024-12-26 00:00:00-05:00,6.929999828338623,7.0,6.809999942779541,6.96999979019165,353500,0.0,0.0
2024-12-27 00:00:00-05:00,6.880000114440918,7.050000190734863,6.730000019073486,6.920000076293945,621500,0.0,0.0
2024-12-30 00:00:00-05:00,6.860000133514404,6.869999885559082,6.679999828338623,6.690000057220459,404400,0.0,0.0
2024-12-31 00:00:00-05:00,6.78000020980835,6.940000057220459,6.75,6.789999961853027,451700,0.0,0.0
2025-01-02 00:00:00-05:00,6.880000114440918,7.25,6.769999980926514,6.789999961853027,616200,0.0,0.0
2025-01-03 00:00:00-05:00,6.840000152587891,7.03000020980835,6.710000038146973,7.019999980926514,504200,0.0,0.0
2025-01-06 00:00:00-05:00,7.159999847412109,7.429999828338623,6.96999979019165,7.0,533100,0.0,0.0
2025-01-07 00:00:00-05:00,7.0,7.050000190734863,6.710000038146973,6.820000171661377,850500,0.0,0.0
2025-01-08 00:00:00-05:00,6.739999771118164,6.849999904632568,6.610000133514404,6.800000190734863,597100,0.0,0.0
2025-01-10 00:00:00-05:00,6.619999885559082,6.769999980926514,6.570000171661377,6.659999847412109,744400,0.0,0.0
2025-01-13 00:00:00-05:00,6.599999904632568,6.679999828338623,6.510000228881836,6.590000152587891,772600,0.0,0.0
2025-01-14 00:00:00-05:00,6.650000095367432,6.840000152587891,6.550000190734863,6.820000171661377,970000,0.0,0.0
2025-01-15 00:00:00-05:00,7.050000190734863,7.210000038146973,6.940000057220459,6.980000019073486,659700,0.0,0.0
2025-01-16 00:00:00-05:00,6.940000057220459,7.449999809265137,6.920000076293945,7.409999847412109,731300,0.0,0.0
2025-01-17 00:00:00-05:00,7.5,7.570000171661377,7.340000152587891,7.519999980926514,744100,0.0,0.0
2025-01-21 00:00:00-05:00,7.650000095367432,7.789999961853027,7.550000190734863,7.590000152587891,602500,0.0,0.0
2025-01-22 00:00:00-05:00,7.539999961853027,7.710000038146973,7.480000019073486,7.590000152587891,834500,0.0,0.0
2025-01-23 00:00:00-05:00,7.639999866485596,8.25,7.599999904632568,8.100000381469727,858400,0.0,0.0
2025-01-24 00:00:00-05:00,8.100000381469727,8.359999656677246,8.0600004196167,8.319999694824219,756400,0.0,0.0
2025-01-27 00:00:00-05:00,8.260000228881836,8.5600004196167,8.15999984741211,8.489999771118164,712300,0.0,0.0
2025-01-28 00:00:00-05:00,8.489999771118164,8.550000190734863,8.270000457763672,8.460000038146973,954900,0.0,0.0
2025-01-29 00:00:00-05:00,8.479999542236328,8.920000076293945,8.470000267028809,8.800000190734863,784600,0.0,0.0
2025-01-30 00:00:00-05:00,8.869999885559082,9.149999618530273,8.739999771118164,8.789999961853027,909300,0.0,0.0
2025-01-31 00:00:00-05:00,8.789999961853027,9.0600004196167,8.699999809265137,8.829999923706055,794700,0.0,0.0
2025-02-03 00:00:00-05:00,8.520000457763672,8.779999732971191,8.420000076293945,8.670000076293945,763800,0.0,0.0
2025-02-04 00:00:00-05:00,8.619999885559082,8.899999618530273,8.59000015258789,8.640000343322754,771800,0.0,0.0
2025-02-05 00:00:00-05:00,8.600000381469727,8.699999809265137,8.460000038146973,8.649999618530273,616700,0.0,0.0
2025-02-06 00:00:00-05:00,8.720000267028809,8.920000076293945,8.460000038146973,8.579999923706055,549000,0.0,0.0
2025-02-07 00:00:00-05:00,8.630000114440918,8.729999542236328,8.550000190734863,8.640000343322754,553700,0.0,0.0
2025-02-10 00:00:00-05:00,8.75,9.069999694824219,8.75,8.930000305175781,679600,0.0,0.0
2025-02-11 00:00:00-05:00,8.829999923706055,9.239999771118164,8.739999771118164,9.149999618530273,491800,0.0,0.0
2025-02-12 00:00:00-05:00,8.979999542236328,9.119999885559082,8.739999771118164,8.75,663000,0.0,0.0
2025-02-13 00:00:00-05:00,8.800000190734863,9.0,8.6899995803833,8.75,396200,0.0,0.0
2025-02-14 00:00:00-05:00,8.84000015258789,8.989999771118164,8.760000228881836,8.859999656677246,383000,0.0,0.0
2025-02-18 00:00:00-05:00,8.880000114440918,9.130000114440918,8.770000457763672,9.09000015258789,545900,0.0,0.0
2025-02-19 00:00:00-05:00,8.970000267028809,9.140000343322754,8.829999923706055,9.109999656677246,734000,0.0,0.0
2025-02-20 00:00:00-05:00,9.09000015258789,9.300000190734863,9.09000015258789,9.220000267028809,616600,0.0,0.0
2025-02-21 00:00:00-05:00,9.399999618530273,9.470000267028809,8.760000228881836,8.789999961853027,646200,0.0,0.0
2025-02-24 00:00:00-05:00,8.84000015258789,8.920000076293945,8.609999656677246,8.609999656677246,562400,0.0,0.0
2025-02-25 00:00:00-05:00,8.59000015258789,8.800000190734863,8.460000038146973,8.6899995803833,1060400,0.0,0.0
2025-02-26 00:00:00-05:00,8.529999732971191,8.989999771118164,8.529999732971191,8.729999542236328,699600,0.0,0.0
2025-02-27 00:00:00-05:00,9.170000076293945,9.600000381469727,7.630000114440918,7.920000076293945,2305600,0.0,0.0
2025-02-28 00:00:00-05:00,8.1899995803833,8.960000038146973,8.010000228881836,8.520000457763672,1226100,0.0,0.0
2025-03-03 00:00:00-05:00,8.600000381469727,8.739999771118164,7.809999942779541,7.829999923706055,948500,0.0,0.0
2025-03-04 00:00:00-05:00,7.71999979019165,7.789999961853027,7.429999828338623,7.559999942779541,870200,0.0,0.0
2025-03-05 00:00:00-05:00,7.679999828338623,8.319999694824219,7.670000076293945,8.279999732971191,1050000,0.0,0.0
2025-03-06 00:00:00-05:00,8.149999618530273,8.710000038146973,8.039999961853027,8.640000343322754,675900,0.0,0.0
2025-03-07 00:00:00-05:00,8.59000015258789,9.109999656677246,8.539999961853027,8.979999542236328,1035200,0.0,0.0
2025-03-10 00:00:00-04:00,8.760000228881836,9.109999656677246,8.619999885559082,8.850000381469727,1023700,0.0,0.0
2025-03-11 00:00:00-04:00,8.829999923706055,8.90999984741211,8.579999923706055,8.630000114440918,687900,0.0,0.0
2025-03-12 00:00:00-04:00,8.630000114440918,8.649999618530273,8.130000114440918,8.180000305175781,623500,0.0,0.0
2025-03-13 00:00:00-04:00,8.079999923706055,8.359999656677246,7.889999866485596,7.889999866485596,585700,0.0,0.0
2025-03-14 00:00:00-04:00,8.050000190734863,8.229999542236328,7.920000076293945,8.220000267028809,590900,0.0,0.0
2025-03-17 00:00:00-04:00,8.1899995803833,8.4399995803833,8.09000015258789,8.279999732971191,719800,0.0,0.0
2025-03-18 00:00:00-04:00,8.239999771118164,8.470000267028809,8.180000305175781,8.220000267028809,692900,0.0,0.0
2025-03-19 00:00:00-04:00,8.199999809265137,8.510000228881836,8.199999809265137,8.449999809265137,585500,0.0,0.0
2025-03-20 00:00:00-04:00,8.550000190734863,9.25,8.460000038146973,9.010000228881836,1126000,0.0,0.0
2025-03-21 00:00:00-04:00,8.800000190734863,8.949999809265137,8.3100004196167,8.720000267028809,4818200,0.0,0.0
2025-03-24 00:00:00-04:00,8.920000076293945,9.010000228881836,8.630000114440918,8.899999618530273,930300,0.0,0.0
2025-03-25 00:00:00-04:00,8.829999923706055,9.140000343322754,8.760000228881836,8.819999694824219,671800,0.0,0.0
2025-03-26 00:00:00-04:00,8.850000381469727,9.109999656677246,8.819999694824219,9.029999732971191,515600,0.0,0.0
2025-03-27 00:00:00-04:00,9.029999732971191,9.119999885559082,8.8100004196167,8.960000038146973,358200,0.0,0.0
2025-03-28 00:00:00-04:00,8.829999923706055,8.930000305175781,8.430000305175781,8.579999923706055,521000,0.0,0.0
2025-03-31 00:00:00-04:00,8.289999961853027,8.520000457763672,8.260000228881836,8.390000343322754,385500,0.0,0.0
2025-04-01 00:00:00-04:00,8.350000381469727,8.449999809265137,8.069999694824219,8.140000343322754,391200,0.0,0.0
2025-04-02 00:00:00-04:00,7.949999809265137,8.270000457763672,7.889999866485596,8.220000267028809,514900,0.0,0.0
2025-04-03 00:00:00-04:00,7.730000019073486,7.809999942779541,6.96999979019165,6.980000019073486,1431200,0.0,0.0
2025-04-04 00:00:00-04:00,6.730000019073486,6.730000019073486,5.929999828338623,6.539999961853027,1430100,0.0,0.0
2025-04-07 00:00:00-04:00,6.320000171661377,6.980000019073486,6.170000076293945,6.679999828338623,1185000,0.0,0.0
2025-04-08 00:00:00-04:00,7.0,7.0,6.159999847412109,6.269999980926514,778900,0.0,0.0
2025-04-09 00:00:00-04:00,6.150000095367432,7.269999980926514,6.150000095367432,7.159999847412109,992700,0.0,0.0
2025-04-10 00:00:00-04:00,6.900000095367432,6.940000057220459,6.400000095367432,6.940000057220459,804700,0.0,0.0
2025-04-11 00:00:00-04:00,6.869999885559082,7.150000095367432,6.690000057220459,7.130000114440918,476400,0.0,0.0
2025-04-14 00:00:00-04:00,7.28000020980835,7.28000020980835,6.880000114440918,6.980000019073486,540400,0.0,0.0
2025-04-15 00:00:00-04:00,6.900000095367432,7.079999923706055,6.78000020980835,6.809999942779541,410600,0.0,0.0
2025-04-16 00:00:00-04:00,6.760000228881836,6.860000133514404,6.619999885559082,6.769999980926514,504400,0.0,0.0
2025-04-17 00:00:00-04:00,6.769999980926514,6.900000095367432,6.71999979019165,6.840000152587891,377900,0.0,0.0
2025-04-21 00:00:00-04:00,6.670000076293945,6.800000190734863,6.409999847412109,6.510000228881836,664700,0.0,0.0
2025-04-22 00:00:00-04:00,6.619999885559082,6.869999885559082,6.570000171661377,6.849999904632568,635300,0.0,0.0
2025-04-23 00:00:00-04:00,7.170000076293945,7.389999866485596,7.079999923706055,7.25,616300,0.0,0.0
2025-04-24 00:00:00-04:00,7.199999809265137,7.579999923706055,7.199999809265137,7.579999923706055,402400,0.0,0.0
2025-04-25 00:00:00-04:00,7.539999961853027,7.650000095367432,7.320000171661377,7.449999809265137,438300,0.0,0.0
2025-04-28 00:00:00-04:00,7.389999866485596,7.559999942779541,7.28000020980835,7.380000114440918,587800,0.0,0.0
2025-04-29 00:00:00-04:00,7.329999923706055,7.440000057220459,7.210000038146973,7.329999923706055,509800,0.0,0.0
2025-04-30 00:00:00-04:00,7.21999979019165,7.369999885559082,7.119999885559082,7.349999904632568,529900,0.0,0.0
2025-05-01 00:00:00-04:00,6.739999771118164,6.739999771118164,6.03000020980835,6.349999904632568,1865700,0.0,0.0
2025-05-02 00:00:00-04:00,6.480000019073486,7.03000020980835,6.480000019073486,7.010000228881836,981800,0.0,0.0
2025-05-05 00:00:00-04:00,6.980000019073486,7.21999979019165,6.809999942779541,6.889999866485596,727300,0.0,0.0
2025-05-06 00:00:00-04:00,6.75,6.980000019073486,6.730000019073486,6.840000152587891,615800,0.0,0.0
2025-05-07 00:00:00-04:00,6.909999847412109,6.949999809265137,6.599999904632568,6.639999866485596,518100,0.0,0.0
2025-05-08 00:00:00-04:00,6.71999979019165,7.010000228881836,6.699999809265137,6.889999866485596,503600,0.0,0.0
2025-05-09 00:00:00-04:00,6.929999828338623,7.110000133514404,6.900000095367432,7.019999980926514,392400,0.0,0.0
2025-05-12 00:00:00-04:00,7.46999979019165,7.960000038146973,7.46999979019165,7.610000133514404,682000,0.0,0.0
2025-05-13 00:00:00-04:00,7.699999809265137,7.889999866485596,7.630000114440918,7.760000228881836,350600,0.0,0.0
2025-05-14 00:00:00-04:00,7.710000038146973,7.869999885559082,7.559999942779541,7.579999923706055,489200,0.0,0.0
2025-05-15 00:00:00-04:00,7.559999942779541,7.690000057220459,7.409999847412109,7.440000057220459,404300,0.0,0.0
2025-05-16 00:00:00-04:00,7.46999979019165,7.590000152587891,7.400000095367432,7.5,371700,0.0,0.0
2025-05-19 00:00:00-04:00,7.340000152587891,7.460000038146973,7.320000171661377,7.400000095367432,341200,0.0,0.0
2025-05-20 00:00:00-04:00,7.380000114440918,7.489999771118164,7.349999904632568,7.380000114440918,319000,0.0,0.0
2025-05-21 00:00:00-04:00,7.199999809265137,7.260000228881836,6.980000019073486,7.079999923706055,433100,0.0,0.0
2025-05-22 00:00:00-04:00,7.059999942779541,7.119999885559082,6.960000038146973,7.039999961853027,541000,0.0,0.0
2025-05-23 00:00:00-04:00,6.829999923706055,7.050000190734863,6.829999923706055,7.010000228881836,419500,0.0,0.0
2025-05-27 00:00:00-04:00,7.190000057220459,7.320000171661377,7.150000095367432,7.25,494800,0.0,0.0
2025-05-28 00:00:00-04:00,7.25,7.340000152587891,7.150000095367432,7.260000228881836,293900,0.0,0.0
2025-05-29 00:00:00-04:00,7.429999828338623,7.449999809265137,7.21999979019165,7.369999885559082,294600,0.0,0.0
2025-05-30 00:00:00-04:00,7.340000152587891,7.440000057220459,7.239999771118164,7.239999771118164,407900,0.0,0.0
2025-06-02 00:00:00-04:00,7.199999809265137,7.320000171661377,7.039999961853027,7.25,749400,0.0,0.0
2025-06-03 00:00:00-04:00,7.25,7.650000095367432,7.25,7.599999904632568,542400,0.0,0.0
2025-06-04 00:00:00-04:00,7.920000076293945,8.069999694824219,7.539999961853027,7.570000171661377,569000,0.0,0.0
2025-06-05 00:00:00-04:00,7.550000190734863,7.760000228881836,7.480000019073486,7.699999809265137,506600,0.0,0.0
2025-06-06 00:00:00-04:00,7.949999809265137,8.15999984741211,7.860000133514404,8.109999656677246,555900,0.0,0.0
2025-06-09 00:00:00-04:00,8.319999694824219,9.4399995803833,8.319999694824219,9.319999694824219,1202100,0.0,0.0
2025-06-10 00:00:00-04:00,9.319999694824219,9.34000015258789,9.020000457763672,9.270000457763672,674600,0.0,0.0
2025-06-11 00:00:00-04:00,9.359999656677246,9.470000267028809,9.119999885559082,9.130000114440918,459700,0.0,0.0
2025-06-12 00:00:00-04:00,9.050000190734863,9.210000038146973,8.920000076293945,9.09000015258789,365800,0.0,0.0
2025-06-13 00:00:00-04:00,8.850000381469727,8.979999542236328,8.729999542236328,8.84000015258789,358700,0.0,0.0
2025-06-16 00:00:00-04:00,9.020000457763672,9.220000267028809,8.880000114440918,9.100000381469727,383700,0.0,0.0
2025-06-17 00:00:00-04:00,8.949999809265137,9.1899995803833,8.899999618530273,9.029999732971191,375800,0.0,0.0
2025-06-18 00:00:00-04:00,9.029999732971191,9.25,8.930000305175781,9.0600004196167,298000,0.0,0.0
2025-06-20 00:00:00-04:00,9.279999732971191,9.520000457763672,9.130000114440918,9.210000038146973,1134300,0.0,0.0
2025-06-23 00:00:00-04:00,9.130000114440918,9.130000114440918,8.579999923706055,8.960000038146973,659000,0.0,0.0
2025-06-24 00:00:00-04:00,9.010000228881836,9.079999923706055,8.819999694824219,9.069999694824219,506200,0.0,0.0
2025-06-25 00:00:00-04:00,9.029999732971191,9.270000457763672,8.9399995803833,9.220000267028809,345500,0.0,0.0
2025-06-26 00:00:00-04:00,9.550000190734863,10.569999694824219,9.550000190734863,10.420000076293945,1894300,0.0,0.0
2025-06-27 00:00:00-04:00,10.680000305175781,10.720000267028809,10.140000343322754,10.430000305175781,1372000,0.0,0.0
2025-06-30 00:00:00-04:00,10.390000343322754,10.470000267028809,10.1899995803833,10.270000457763672,648000,0.0,0.0
2025-07-01 00:00:00-04:00,10.170000076293945,10.539999961853027,9.9399995803833,10.470000267028809,755500,0.0,0.0
2025-07-02 00:00:00-04:00,10.369999885559082,10.859999656677246,10.319999694824219,10.859999656677246,696900,0.0,0.0
2025-07-03 00:00:00-04:00,10.699999809265137,10.9399995803833,10.59000015258789,10.720000267028809,396700,0.0,0.0
2025-07-07 00:00:00-04:00,10.630000114440918,10.829999923706055,10.289999961853027,10.3100004196167,583200,0.0,0.0
2025-07-08 00:00:00-04:00,10.420000076293945,10.600000381469727,10.34000015258789,10.40999984741211,443200,0.0,0.0
2025-07-09 00:00:00-04:00,10.470000267028809,10.5,10.069999694824219,10.220000267028809,448500,0.0,0.0
2025-07-10 00:00:00-04:00,10.1899995803833,10.600000381469727,10.0600004196167,10.479999542236328,709400,0.0,0.0
2025-07-11 00:00:00-04:00,10.359999656677246,10.359999656677246,10.199999809265137,10.220000267028809,307100,0.0,0.0
2025-07-14 00:00:00-04:00,10.149999618530273,10.170000076293945,9.8100004196167,9.84000015258789,443200,0.0,0.0
2025-07-15 00:00:00-04:00,9.899999618530273,9.899999618530273,9.449999809265137,9.460000038146973,409800,0.0,0.0
2025-07-16 00:00:00-04:00,9.510000228881836,9.5600004196167,9.279999732971191,9.420000076293945,384900,0.0,0.0
2025-07-17 00:00:00-04:00,9.390000343322754,9.630000114440918,9.199999809265137,9.25,705900,0.0,0.0
2025-07-18 00:00:00-04:00,9.3100004196167,9.319999694824219,8.90999984741211,9.039999961853027,454600,0.0,0.0
2025-07-21 00:00:00-04:00,9.199999809265137,9.819999694824219,9.079999923706055,9.149999618530273,430700,0.0,0.0
2025-07-22 00:00:00-04:00,9.210000038146973,9.699999809265137,9.140000343322754,9.569999694824219,449600,0.0,0.0
2025-07-23 00:00:00-04:00,9.760000228881836,10.029999732971191,9.640000343322754,9.970000267028809,483000,0.0,0.0
2025-07-24 00:00:00-04:00,9.890000343322754,9.960000038146973,9.710000038146973,9.75,353600,0.0,0.0
2025-07-25 00:00:00-04:00,9.800000190734863,9.800000190734863,9.5600004196167,9.569999694824219,293100,0.0,0.0
2025-07-28 00:00:00-04:00,9.600000381469727,9.84000015258789,9.430000305175781,9.529999732971191,477900,0.0,0.0
2025-07-29 00:00:00-04:00,9.59000015258789,9.640000343322754,8.9399995803833,9.09000015258789,492700,0.0,0.0
2025-07-30 00:00:00-04:00,9.300000190734863,9.300000190734863,8.949999809265137,9.069999694824219,498600,0.0,0.0
2025-07-31 00:00:00-04:00,8.289999961853027,8.739999771118164,8.029999732971191,8.460000038146973,1258000,0.0,0.0
2025-08-01 00:00:00-04:00,8.260000228881836,8.520000457763672,8.199999809265137,8.479999542236328,544500,0.0,0.0
2025-08-04 00:00:00-04:00,8.4399995803833,8.720000267028809,8.399999618530273,8.609999656677246,710900,0.0,0.0
2025-08-05 00:00:00-04:00,8.649999618530273,8.6899995803833,8.220000267028809,8.380000114440918,606000,0.0,0.0
2025-08-06 00:00:00-04:00,8.430000305175781,8.449999809265137,8.25,8.430000305175781,349200,0.0,0.0
2025-08-07 00:00:00-04:00,8.550000190734863,8.649999618530273,8.430000305175781,8.609999656677246,435800,0.0,0.0
2025-08-08 00:00:00-04:00,8.359999656677246,8.609999656677246,8.069999694824219,8.199999809265137,509300,0.0,0.0
2025-08-11 00:00:00-04:00,8.260000228881836,8.4399995803833,8.15999984741211,8.220000267028809,459500,0.0,0.0
2025-08-12 00:00:00-04:00,8.3100004196167,8.59000015258789,8.220000267028809,8.380000114440918,401300,0.0,0.0
2025-08-13 00:00:00-04:00,8.550000190734863,8.960000038146973,8.5,8.880000114440918,574200,0.0,0.0
2025-08-14 00:00:00-04:00,8.800000190734863,8.800000190734863,8.399999618530273,8.539999961853027,429600,0.0,0.0
2025-08-15 00:00:00-04:00,8.59000015258789,8.59000015258789,8.350000381469727,8.510000228881836,330700,0.0,0.0
2025-08-18 00:00:00-04:00,8.529999732971191,8.739999771118164,8.430000305175781,8.65999984741211,275900,0.0,0.0
2025-08-19 00:00:00-04:00,8.649999618530273,8.890000343322754,8.5600004196167,8.65999984741211,363500,0.0,0.0
2025-08-20 00:00:00-04:00,8.59000015258789,8.670000076293945,8.470000267028809,8.520000457763672,291200,0.0,0.0
2025-08-21 00:00:00-04:00,8.460000038146973,8.59000015258789,8.380000114440918,8.529999732971191,280300,0.0,0.0
2025-08-22 00:00:00-04:00,8.760000228881836,9.279999732971191,8.630000114440918,9.180000305175781,573100,0.0,0.0
2025-08-25 00:00:00-04:00,9.140000343322754,9.229999542236328,9.050000190734863,9.15999984741211,339100,0.0,0.0
2025-08-26 00:00:00-04:00,9.109999656677246,9.229999542236328,8.949999809265137,8.989999771118164,368400,0.0,0.0
2025-08-27 00:00:00-04:00,8.949999809265137,9.119999885559082,8.880000114440918,9.069999694824219,284000,0.0,0.0
2025-08-28 00:00:00-04:00,9.109999656677246,9.109999656677246,8.880000114440918,8.960000038146973,399000,0.0,0.0
2025-08-29 00:00:00-04:00,8.949999809265137,8.949999809265137,8.699999809265137,8.819999694824219,377300,0.0,0.0
2025-09-02 00:00:00-04:00,8.600000381469727,8.789999961853027,8.529999732971191,8.760000228881836,306700,0.0,0.0
2025-09-03 00:00:00-04:00,8.739999771118164,8.84000015258789,8.539999961853027,8.649999618530273,350900,0.0,0.0
2025-09-04 00:00:00-04:00,8.649999618530273,8.819999694824219,8.539999961853027,8.770000457763672,375400,0.0,0.0
2025-09-05 00:00:00-04:00,8.779999732971191,9.020000457763672,8.6899995803833,8.789999961853027,278500,0.0,0.0
2025-09-08 00:00:00-04:00,8.829999923706055,8.90999984741211,8.600000381469727,8.850000381469727,407800,0.0,0.0
2025-09-09 00:00:00-04:00,8.829999923706055,8.859999656677246,8.319999694824219,8.350000381469727,390100,0.0,0.0
2025-09-10 00:00:00-04:00,8.399999618530273,8.59000015258789,8.390000343322754,8.539999961853027,336000,0.0,0.0
2025-09-11 00:00:00-04:00,8.5,8.850000381469727,8.5,8.739999771118164,545700,0.0,0.0
2025-09-12 00:00:00-04:00,8.619999885559082,8.75,8.529999732971191,8.640000343322754,251600,0.0,0.0
2025-09-15 00:00:00-04:00,8.729999542236328,8.890000343322754,8.609999656677246,8.850000381469727,384700,0.0,0.0
2025-09-16 00:00:00-04:00,8.850000381469727,8.850000381469727,8.6899995803833,8.739999771118164,317400,0.0,0.0
2025-09-17 00:00:00-04:00,8.789999961853027,9.029999732971191,8.520000457763672,8.5600004196167,436100,0.0,0.0
2025-09-18 00:00:00-04:00,8.670000076293945,8.819999694824219,8.399999618530273,8.470000267028809,1337200,0.0,0.0
2025-09-19 00:00:00-04:00,8.5,8.520000457763672,8.0600004196167,8.15999984741211,1154000,0.0,0.0
2025-09-22 00:00:00-04:00,8.149999618530273,8.220000267028809,7.949999809265137,7.960000038146973,911000,0.0,0.0
2025-09-23 00:00:00-04:00,8.020000457763672,8.09000015258789,7.440000057220459,7.539999961853027,1451400,0.0,0.0
2025-09-24 00:00:00-04:00,7.519999980926514,7.659999847412109,7.440000057220459,7.599999904632568,667900,0.0,0.0
2025-09-25 00:00:00-04:00,7.480000019073486,7.630000114440918,7.380000114440918,7.570000171661377,559900,0.0,0.0
2025-09-26 00:00:00-04:00,7.579999923706055,7.75,7.579999923706055,7.690000057220459,431400,0.0,0.0
2025-09-29 00:00:00-04:00,7.739999771118164,7.760000228881836,7.53000020980835,7.670000076293945,705400,0.0,0.0
2025-09-30 00:00:00-04:00,7.599999904632568,7.690000057220459,7.369999885559082,7.559999942779541,824500,0.0,0.0
2025-10-01 00:00:00-04:00,7.559999942779541,7.650000095367432,7.480000019073486,7.570000171661377,514700,0.0,0.0
2025-10-02 00:00:00-04:00,7.599999904632568,7.800000190734863,7.550000190734863,7.75,528100,0.0,0.0
2025-10-03 00:00:00-04:00,7.820000171661377,8.420000076293945,7.820000171661377,8.319999694824219,1119700,0.0,0.0
2025-10-06 00:00:00-04:00,8.350000381469727,8.380000114440918,7.820000171661377,7.860000133514404,754000,0.0,0.0
2025-10-07 00:00:00-04:00,7.869999885559082,7.929999828338623,7.75,7.829999923706055,552400,0.0,0.0
2025-10-08 00:00:00-04:00,7.909999847412109,8.069999694824219,7.769999980926514,7.829999923706055,459300,0.0,0.0
2025-10-09 00:00:00-04:00,7.800000190734863,7.820000171661377,7.570000171661377,7.570000171661377,360100,0.0,0.0
2025-10-10 00:00:00-04:00,7.53000020980835,7.730000019073486,7.300000190734863,7.320000171661377,472900,0.0,0.0
2025-10-13 00:00:00-04:00,7.460000038146973,7.489999771118164,7.309999942779541,7.400000095367432,343300,0.0,0.0
2025-10-14 00:00:00-04:00,7.21999979019165,7.579999923706055,7.21999979019165,7.489999771118164,326200,0.0,0.0
2025-10-15 00:00:00-04:00,7.570000171661377,7.739999771118164,7.429999828338623,7.489999771118164,335200,0.0,0.0
2025-10-16 00:00:00-04:00,7.46999979019165,7.539999961853027,7.239999771118164,7.389999866485596,575800,0.0,0.0
2025-10-17 00:00:00-04:00,7.340000152587891,7.440000057220459,7.260000228881836,7.369999885559082,514900,0.0,0.0
2025-10-20 00:00:00-04:00,7.460000038146973,7.590000152587891,7.420000076293945,7.440000057220459,308200,0.0,0.0
2025-10-21 00:00:00-04:00,7.400000095367432,7.550000190734863,7.369999885559082,7.539999961853027,353400,0.0,0.0
2025-10-22 00:00:00-04:00,7.539999961853027,7.670000076293945,7.389999866485596,7.5,390500,0.0,0.0
2025-10-23 00:00:00-04:00,7.539999961853027,7.71999979019165,7.440000057220459,7.659999847412109,358400,0.0,0.0
2025-10-24 00:00:00-04:00,7.800000190734863,7.96999979019165,7.71999979019165,7.96999979019165,377700,0.0,0.0
2025-10-27 00:00:00-04:00,8.020000457763672,8.15999984741211,7.78000020980835,7.829999923706055,364100,0.0,0.0
2025-10-28 00:00:00-04:00,7.829999923706055,7.949999809265137,7.75,7.78000020980835,321800,0.0,0.0
2025-10-29 00:00:00-04:00,7.75,8.170000076293945,7.739999771118164,7.960000038146973,493100,0.0,0.0
2025-10-30 00:00:00-04:00,7.869999885559082,8.0,7.599999904632568,7.630000114440918,378600,0.0,0.0
2025-10-31 00:00:00-04:00,7.599999904632568,7.699999809265137,7.409999847412109,7.550000190734863,398300,0.0,0.0
2025-11-03 00:00:00-05:00,7.480000019073486,7.789999961853027,7.28000020980835,7.760000228881836,534700,0.0,0.0
2025-11-04 00:00:00-05:00,7.630000114440918,7.929999828338623,7.510000228881836,7.829999923706055,739500,0.0,0.0
2025-11-05 00:00:00-05:00,7.860000133514404,8.109999656677246,7.820000171661377,7.949999809265137,618800,0.0,0.0
2025-11-06 00:00:00-05:00,8.470000267028809,8.529999732971191,7.400000095367432,7.710000038146973,1987900,0.0,0.0
2025-11-07 00:00:00-05:00,7.550000190734863,7.829999923706055,7.420000076293945,7.820000171661377,622000,0.0,0.0
2025-11-10 00:00:00-05:00,8.079999923706055,8.140000343322754,7.730000019073486,7.920000076293945,660900,0.0,0.0
2025-11-11 00:00:00-05:00,7.920000076293945,7.960000038146973,7.800000190734863,7.800000190734863,447900,0.0,0.0
2025-11-12 00:00:00-05:00,7.820000171661377,7.889999866485596,7.679999828338623,7.809999942779541,503200,0.0,0.0
2025-11-13 00:00:00-05:00,7.75,7.869999885559082,7.590000152587891,7.769999980926514,582100,0.0,0.0
2025-11-14 00:00:00-05:00,7.679999828338623,7.769999980926514,7.420000076293945,7.570000171661377,453400,0.0,0.0
2025-11-17 00:00:00-05:00,7.489999771118164,7.510000228881836,7.320000171661377,7.449999809265137,536700,0.0,0.0
2025-11-18 00:00:00-05:00,7.360000133514404,7.420000076293945,7.260000228881836,7.360000133514404,458200,0.0,0.0
2025-11-19 00:00:00-05:00,7.429999828338623,7.5,7.099999904632568,7.190000057220459,541900,0.0,0.0
2025-11-20 00:00:00-05:00,7.309999942779541,7.53000020980835,7.130000114440918,7.230000019073486,608400,0.0,0.0
2025-11-21 00:00:00-05:00,7.340000152587891,7.71999979019165,7.21999979019165,7.659999847412109,372600,0.0,0.0
2025-11-24 00:00:00-05:00,7.630000114440918,7.820000171661377,7.519999980926514,7.78000020980835,1560100,0.0,0.0
2025-11-25 00:00:00-05:00,7.849999904632568,8.390000343322754,7.849999904632568,8.359999656677246,851200,0.0,0.0
2025-11-26 00:00:00-05:00,8.279999732971191,8.420000076293945,8.170000076293945,8.170000076293945,677900,0.0,0.0
2025-11-28 00:00:00-05:00,8.170000076293945,8.180000305175781,8.0600004196167,8.09000015258789,211600,0.0,0.0
2025-12-01 00:00:00-05:00,7.949999809265137,8.180000305175781,7.889999866485596,7.909999847412109,485800,0.0,0.0
2025-12-02 00:00:00-05:00,7.949999809265137,8.149999618530273,7.820000171661377,8.0600004196167,504600,0.0,0.0
2025-12-03 00:00:00-05:00,8.140000343322754,8.279999732971191,8.100000381469727,8.279999732971191,504200,0.0,0.0
2025-12-04 00:00:00-05:00,8.279999732971191,8.34000015258789,8.170000076293945,8.3100004196167,545800,0.0,0.0
2025-12-05 00:00:00-05:00,8.319999694824219,8.5,8.180000305175781,8.210000038146973,432500,0.0,0.0
2025-12-08 00:00:00-05:00,8.34000015258789,8.899999618530273,8.270000457763672,8.430000305175781,1013400,0.0,0.0
2025-12-09 00:00:00-05:00,8.270000457763672,8.430000305175781,8.130000114440918,8.170000076293945,677800,0.0,0.0
2025-12-10 00:00:00-05:00,8.149999618530273,8.520000457763672,8.149999618530273,8.399999618530273,578800,0.0,0.0
2025-12-11 00:00:00-05:00,8.430000305175781,8.680000305175781,8.430000305175781,8.649999618530273,419200,0.0,0.0
2025-12-12 00:00:00-05:00,8.699999809265137,8.75,8.359999656677246,8.380000114440918,629300,0.0,0.0
2025-12-15 00:00:00-05:00,8.4399995803833,8.529999732971191,8.170000076293945,8.199999809265137,673800,0.0,0.0
2025-12-16 00:00:00-05:00,8.180000305175781,8.369999885559082,8.180000305175781,8.25,699600,0.0,0.0
2025-12-17 00:00:00-05:00,8.260000228881836,8.5,8.130000114440918,8.170000076293945,666300,0.0,0.0
2025-12-18 00:00:00-05:00,8.270000457763672,8.399999618530273,8.119999885559082,8.170000076293945,946800,0.0,0.0
2025-12-19 00:00:00-05:00,8.130000114440918,8.170000076293945,7.739999771118164,7.849999904632568,3291800,0.0,0.0
2025-12-22 00:00:00-05:00,7.889999866485596,7.900000095367432,7.5,7.619999885559082,1021500,0.0,0.0
2025-12-23 00:00:00-05:00,7.53000020980835,7.789999961853027,7.5,7.760000228881836,737300,0.0,0.0
2025-12-24 00:00:00-05:00,7.989999771118164,8.239999771118164,7.920000076293945,8.100000381469727,572400,0.0,0.0
2025-12-26 00:00:00-05:00,8.069999694824219,8.09000015258789,7.869999885559082,7.889999866485596,443500,0.0,0.0
2025-12-29 00:00:00-05:00,7.869999885559082,7.940000057220459,7.710000038146973,7.71999979019165,500100,0.0,0.0
2025-12-30 00:00:00-05:00,7.730000019073486,7.889999866485596,7.690000057220459,7.860000133514404,484400,0.0,0.0
2025-12-31 00:00:00-05:00,7.78000020980835,7.880000114440918,7.75,7.829999923706055,479100,0.0,0.0
2026-01-02 00:00:00-05:00,7.849999904632568,8.0600004196167,7.800000190734863,7.960000038146973,568000,0.0,0.0
2026-01-05 00:00:00-05:00,7.96999979019165,8.220000267028809,7.96999979019165,8.069999694824219,456700,0.0,0.0
2026-01-06 00:00:00-05:00,8.0,8.430000305175781,8.0,8.420000076293945,857600,0.0,0.0
2026-01-07 00:00:00-05:00,8.430000305175781,8.449999809265137,8.039999961853027,8.0600004196167,556200,0.0,0.0
2026-01-08 00:00:00-05:00,8.0,8.670000076293945,8.0,8.579999923706055,733800,0.0,0.0
2026-01-09 00:00:00-05:00,8.609999656677246,8.680000305175781,8.399999618530273,8.5600004196167,462200,0.0,0.0
2026-01-12 00:00:00-05:00,8.430000305175781,8.640000343322754,8.430000305175781,8.550000190734863,379300,0.0,0.0
2026-01-13 00:00:00-05:00,8.609999656677246,8.970000267028809,8.5600004196167,8.829999923706055,607600,0.0,0.0
2026-01-14 00:00:00-05:00,8.859999656677246,9.130000114440918,8.859999656677246,8.979999542236328,555700,0.0,0.0
2026-01-15 00:00:00-05:00,8.949999809265137,9.420000076293945,8.949999809265137,9.329999923706055,730700,0.0,0.0
2026-01-16 00:00:00-05:00,9.289999961853027,9.380000114440918,9.1899995803833,9.289999961853027,569300,0.0,0.0
2026-01-20 00:00:00-05:00,9.100000381469727,9.15999984741211,8.699999809265137,8.720000267028809,487600,0.0,0.0
2026-01-21 00:00:00-05:00,8.84000015258789,9.270000457763672,8.75,9.15999984741211,468800,0.0,0.0
2026-01-22 00:00:00-05:00,9.229999542236328,9.350000381469727,9.109999656677246,9.170000076293945,475100,0.0,0.0
2026-01-23 00:00:00-05:00,9.170000076293945,9.199999809265137,8.859999656677246,8.880000114440918,494000,0.0,0.0
2026-01-26 00:00:00-05:00,8.899999618530273,8.949999809265137,8.729999542236328,8.760000228881836,388300,0.0,0.0
2026-01-27 00:00:00-05:00,8.75,8.850000381469727,8.649999618530273,8.75,287900,0.0,0.0
2026-01-28 00:00:00-05:00,8.789999961853027,8.890000343322754,8.550000190734863,8.59000015258789,462200,0.0,0.0
2026-01-29 00:00:00-05:00,8.680000305175781,9.369999885559082,8.680000305175781,9.350000381469727,749700,0.0,0.0
2026-01-30 00:00:00-05:00,9.210000038146973,9.609999656677246,9.210000038146973,9.539999961853027,714900,0.0,0.0
2026-02-02 00:00:00-05:00,9.449999809265137,10.0600004196167,9.430000305175781,9.710000038146973,922500,0.0,0.0
2026-02-03 00:00:00-05:00,9.670000076293945,10.229999542236328,9.649999618530273,10.170000076293945,711500,0.0,0.0
2026-02-04 00:00:00-05:00,10.350000381469727,10.770000457763672,10.350000381469727,10.649999618530273,920600,0.0,0.0
2026-02-05 00:00:00-05:00,10.600000381469727,10.9399995803833,10.40999984741211,10.5,746200,0.0,0.0
2026-02-06 00:00:00-05:00,10.539999961853027,11.199999809265137,10.539999961853027,11.0600004196167,1024700,0.0,0.0
2026-02-09 00:00:00-05:00,10.899999618530273,11.40999984741211,10.829999923706055,11.350000381469727,629700,0.0,0.0
2026-02-10 00:00:00-05:00,11.399999618530273,11.40999984741211,11.039999961853027,11.100000381469727,559900,0.0,0.0
2026-02-11 00:00:00-05:00,11.319999694824219,11.5,11.029999732971191,11.399999618530273,691600,0.0,0.0
2026-02-12 00:00:00-05:00,11.550000190734863,11.699999809265137,10.84000015258789,11.039999961853027,755500,0.0,0.0
2026-02-13 00:00:00-05:00,11.039999961853027,11.085000038146973,10.835000038146973,11.020000457763672,346421,0.0,0.0
