Date,Open,High,Low,Close,Volume,Dividends,Stock Splits
2022-01-03 00:00:00-05:00,70.64309154327579,71.361337703581,69.78308522879942,70.1422119140625,313000,0.0,0.0
2022-01-04 00:00:00-05:00,70.32177566459235,70.4351780204103,69.05539407959755,69.49011993408203,264800,0.0,0.0
2022-01-05 00:00:00-05:00,69.71694301851672,70.23672793330991,68.78133738211113,69.11210632324219,276500,0.0,0.0
2022-01-06 00:00:00-05:00,69.41453572455184,70.19893591715889,68.68684393818482,69.40509033203125,255400,0.0,0.0
2022-01-07 00:00:00-05:00,69.26332595310794,70.23673488052724,68.88530117861484,69.75475311279297,337400,0.0,0.0
2022-01-10 00:00:00-05:00,69.33892246979177,70.42573362754082,68.3466084794223,70.25562286376953,310100,0.0,0.0
2022-01-11 00:00:00-05:00,70.07609317737213,70.21785340242849,68.33718168978156,69.1026840209961,187500,0.0,0.0
2022-01-12 00:00:00-05:00,69.13103082407541,69.52795366423615,68.59234776665038,68.75300598144531,195200,0.0,0.0
2022-01-13 00:00:00-05:00,68.87585475401606,70.07608297991514,68.28992315071044,69.60355377197266,133900,0.0,0.0
2022-01-14 00:00:00-05:00,69.1121060512394,69.96265990381613,68.36550918121216,69.79254913330078,152000,0.0,0.0
2022-01-18 00:00:00-05:00,69.2727865355718,69.88706875338826,68.84750591144076,69.055419921875,166500,0.0,0.0
2022-01-19 00:00:00-05:00,69.07432711439165,69.6413680220594,68.65850624838653,69.2160873413086,164600,0.0,0.0
2022-01-20 00:00:00-05:00,69.21605363671895,69.57518033139594,67.48660278320312,67.48660278320312,202300,0.0,0.0
2022-01-21 00:00:00-05:00,67.09913644437948,68.34661305888018,65.60594266347374,65.66265106201172,286600,0.0,0.0
2022-01-24 00:00:00-05:00,65.14287257802127,67.4677152617927,64.69869399835747,67.0235366821289,255500,0.0,0.0
2022-01-25 00:00:00-05:00,67.09914762091546,67.09914762091546,64.2923229682076,64.55693817138672,231200,0.0,0.0
2022-01-26 00:00:00-05:00,65.36023513122782,67.77012945690628,65.00110836465063,66.60771179199219,421600,0.0,0.0
2022-01-27 00:00:00-05:00,66.7683695428235,66.78726753610076,62.11868449258573,63.375606536865234,292300,0.0,0.0
2022-01-28 00:00:00-05:00,63.375601728058726,64.69868467397222,61.75955304213097,64.6797866821289,211800,0.0,0.0
2022-01-31 00:00:00-05:00,64.00880833811306,66.06903592994796,61.88242694696242,65.87056732177734,267900,0.0,0.0
2022-02-01 00:00:00-05:00,66.56046922609018,68.26157737906841,64.60419845527721,67.14640808105469,303700,0.0,0.0
2022-02-02 00:00:00-05:00,66.98571418037312,67.43934523171495,65.51142588139888,65.94615173339844,177800,0.0,0.0
2022-02-03 00:00:00-05:00,65.83276813082684,66.80617707782304,64.97276157130327,65.54924774169922,170200,0.0,0.0
2022-02-04 00:00:00-05:00,65.35076773809445,67.08967114609268,64.57582040014375,65.94615173339844,151500,0.0,0.0
2022-02-07 00:00:00-05:00,67.25980024504358,67.25980024504358,65.26572657326581,66.21078491210938,189800,0.0,0.0
2022-02-08 00:00:00-05:00,66.65496138802835,69.7642040902333,64.71759618048253,69.5751953125,460800,0.0,0.0
2022-02-09 00:00:00-05:00,69.57519781559148,71.29520371164655,69.34837862188405,71.25740051269531,331400,0.0,0.0
2022-02-10 00:00:00-05:00,70.73762009020405,72.98686370603966,69.32003248434737,69.54684448242188,476400,0.0,0.0
2022-02-11 00:00:00-05:00,69.43342987335674,69.85870319620778,67.34485203338966,69.11210632324219,233900,0.0,0.0
2022-02-14 00:00:00-05:00,69.11211159934868,71.18179160506261,68.7529920373082,71.02113342285156,225400,0.0,0.0
2022-02-15 00:00:00-05:00,71.42752010115349,72.84510779043703,70.89828246086876,72.0985107421875,373500,0.0,0.0
2022-02-16 00:00:00-05:00,71.95672400862136,72.70332078168212,71.38023798398233,72.44815826416016,197400,0.0,0.0
2022-02-17 00:00:00-05:00,71.84094075389764,73.28306947841224,71.08192106401738,71.69862365722656,341200,0.3,0.0
2022-02-18 00:00:00-05:00,71.5183584260256,73.36846629810422,71.5183584260256,72.50508117675781,215900,0.0,0.0
2022-02-22 00:00:00-05:00,72.068654475805,72.90357046791434,67.11606799775916,71.91685485839844,201700,0.0,0.0
2022-02-23 00:00:00-05:00,72.18252249198787,72.71383210549726,69.87700793543733,69.95291137695312,257100,0.0,0.0
2022-02-24 00:00:00-05:00,67.87508391359187,69.6397987010017,66.93580257143788,68.97565460205078,655000,0.0,0.0
2022-02-25 00:00:00-05:00,69.0895135087015,70.3229188751143,68.5297420156006,68.74795532226562,392200,0.0,0.0
2022-02-28 00:00:00-05:00,67.002218798812,69.24131921102145,67.002218798812,68.34947204589844,332100,0.0,0.0
2022-03-01 00:00:00-05:00,68.5012953772429,68.86183315871946,63.04585957297953,63.558197021484375,356800,0.0,0.0
2022-03-02 00:00:00-05:00,63.91872381266773,66.99274073659349,63.662551513186166,66.50886535644531,372300,0.0,0.0
2022-03-03 00:00:00-05:00,66.8788791636468,67.3722442360888,64.75363372460745,65.80677032470703,363200,0.0,0.0
2022-03-04 00:00:00-05:00,65.0287794081338,66.00601259335207,63.33996781753721,63.84281539916992,283700,0.0,0.0
2022-03-07 00:00:00-05:00,64.06103576747192,64.21284265181613,55.313366736555395,58.55816650390625,920500,0.0,0.0
2022-03-08 00:00:00-05:00,58.785866406477005,59.33615547458058,56.935761725448785,56.94525146484375,675400,0.0,0.0
2022-03-09 00:00:00-05:00,58.254555102237134,62.040150291755225,57.16346673754494,61.52781295776367,418800,0.0,0.0
2022-03-10 00:00:00-05:00,60.34184384002667,61.80295228322987,59.26973504377959,60.835208892822266,349100,0.0,0.0
2022-03-11 00:00:00-05:00,61.1957412530667,61.945271355644955,60.37031133793392,61.015472412109375,257100,0.0,0.0
2022-03-14 00:00:00-04:00,61.05342244330189,63.833322220033686,60.65494029501802,63.264060974121094,343900,0.0,0.0
2022-03-15 00:00:00-04:00,63.58665765198754,64.33618794557925,62.53352803080714,63.026885986328125,292700,0.0,0.0
2022-03-16 00:00:00-04:00,63.60561167170521,65.39878836615682,63.29251548986798,64.68721008300781,406900,0.0,0.0
2022-03-17 00:00:00-04:00,64.74413557957249,64.81054926471468,62.846593445739956,64.11795043945312,335300,0.0,0.0
2022-03-18 00:00:00-04:00,64.02307971723472,66.52783494794924,63.49176295657907,66.42346954345703,808100,0.0,0.0
2022-03-21 00:00:00-04:00,66.18629580788694,67.5715012024545,63.880780984399145,64.31721496582031,351400,0.0,0.0
2022-03-22 00:00:00-04:00,64.53542249806168,66.1483380976041,64.39311258980713,65.75933837890625,335400,0.0,0.0
2022-03-23 00:00:00-04:00,65.28495288560961,65.95857966112509,64.67773981363648,65.37034606933594,490700,0.0,0.0
2022-03-24 00:00:00-04:00,65.77831087849418,66.10088962103939,64.31720232088054,64.53541564941406,470900,0.0,0.0
2022-03-25 00:00:00-04:00,64.75362526722452,66.80297424469065,64.26026749776904,66.57526397705078,306500,0.0,0.0
2022-03-28 00:00:00-04:00,66.67963513419413,66.73655908674765,65.45571948444773,66.62271118164062,257900,0.0,0.0
2022-03-29 00:00:00-04:00,67.08761762354459,68.216657784679,67.08761762354459,68.00792694091797,339400,0.0,0.0
2022-03-30 00:00:00-04:00,67.57150349798552,68.52027494336346,64.98135426714099,65.50318145751953,220800,0.0,0.0
2022-03-31 00:00:00-04:00,65.32289753471917,67.08761259611717,64.22232667538657,66.73656463623047,394400,0.0,0.0
2022-04-01 00:00:00-04:00,67.25837971221372,67.92251655729231,66.32858812910371,66.37602233886719,205800,0.0,0.0
2022-04-04 00:00:00-04:00,65.9301261667479,67.44815904210083,65.59805760628814,66.8030014038086,220200,0.0,0.0
2022-04-05 00:00:00-04:00,66.34755698163704,67.78968573106708,66.34755698163704,66.99272155761719,220000,0.0,0.0
2022-04-06 00:00:00-04:00,66.48040377862236,69.02311111686826,66.45194179818554,68.45384979248047,403000,0.0,0.0
2022-04-07 00:00:00-04:00,68.56769384749221,69.05156920328237,66.87888221034032,67.19197845458984,145900,0.0,0.0
2022-04-08 00:00:00-04:00,66.92632075656326,68.32101556705993,66.53732109331463,67.29634094238281,137200,0.0,0.0
2022-04-11 00:00:00-04:00,67.29634793714364,68.59616721124702,67.29634793714364,67.80868530273438,147000,0.0,0.0
2022-04-12 00:00:00-04:00,67.8656079186093,69.16542716694772,67.19198118420847,68.05536651611328,136200,0.0,0.0
2022-04-13 00:00:00-04:00,68.16919814667212,69.49747905759874,67.97944683306058,69.21284484863281,108400,0.0,0.0
2022-04-14 00:00:00-04:00,69.50698754740927,70.80679959728185,69.44057384587235,70.34190368652344,155500,0.0,0.0
2022-04-18 00:00:00-04:00,69.78212301651463,71.8599269735014,69.54493022208536,71.2337417602539,228000,0.0,0.0
2022-04-19 00:00:00-04:00,71.63222220640216,73.01742722415167,71.24322255832722,72.1919937133789,238400,0.0,0.0
2022-04-20 00:00:00-04:00,72.77073870704503,72.77073870704503,70.11418403469976,70.9775619506836,243900,0.0,0.0
2022-04-21 00:00:00-04:00,71.80300419249279,72.18251411749107,69.77263441808424,70.20906829833984,161300,0.0,0.0
2022-04-22 00:00:00-04:00,69.75364271245768,69.75364271245768,68.15970709772989,68.35895538330078,160900,0.0,0.0
2022-04-25 00:00:00-04:00,68.0553534288522,69.73467507215896,67.1729960261523,69.49748229980469,247500,0.0,0.0
2022-04-26 00:00:00-04:00,68.64360153379509,69.29825604166184,67.03069323269064,67.09710693359375,213700,0.0,0.0
2022-04-27 00:00:00-04:00,66.83143759096751,67.81816038869073,65.4177634615632,65.93959045410156,376700,0.0,0.0
2022-04-28 00:00:00-04:00,67.04968467349815,74.56395372120585,67.04968467349815,73.94725799560547,673200,0.0,0.0
2022-04-29 00:00:00-04:00,74.64930828489507,77.94154506512537,74.0041436659576,75.69295501708984,657300,0.0,0.0
2022-05-02 00:00:00-04:00,75.35140400066159,75.48423138434907,69.99084548396137,72.25841522216797,530700,0.0,0.0
2022-05-03 00:00:00-04:00,72.61893661384491,74.77264369987446,70.63600136681677,71.92633056640625,192100,0.0,0.0
2022-05-04 00:00:00-04:00,71.94532948421495,73.66260322250098,70.10471084414003,73.64363098144531,222200,0.0,0.0
2022-05-05 00:00:00-04:00,72.6474004134384,73.02691028848514,70.2090590573403,71.03449249267578,155800,0.0,0.0
2022-05-06 00:00:00-04:00,70.62652663298834,71.98326966531395,70.01931367684047,70.89218139648438,188700,0.0,0.0
2022-05-09 00:00:00-04:00,70.00983223570373,70.70243120282254,68.17870341196385,68.95669555664062,385500,0.0,0.0
2022-05-10 00:00:00-04:00,69.6493077008899,70.30395500475085,67.13506219651276,68.29256439208984,174700,0.0,0.0
2022-05-11 00:00:00-04:00,68.25460071152494,70.19957727901703,67.41019494404624,68.32101440429688,218400,0.0,0.0
2022-05-12 00:00:00-04:00,67.94151418710702,69.63981570310582,67.27737716456029,69.11798858642578,374700,0.0,0.0
2022-05-13 00:00:00-04:00,69.74676745982819,71.0519616160927,68.38441395621051,70.40412902832031,212100,0.3,0.0
2022-05-16 00:00:00-04:00,69.94681229201008,70.29931179225726,67.67940252230049,69.08938598632812,143700,0.0,0.0
2022-05-17 00:00:00-04:00,70.4231907049635,71.623588065981,69.1751629698838,71.50926208496094,168900,0.0,0.0
2022-05-18 00:00:00-04:00,70.77567098843552,72.18565469264492,69.9373024958916,70.28026580810547,149100,0.0,0.0
2022-05-19 00:00:00-04:00,69.9563428784838,70.56606665021461,68.79405466722173,69.47999572753906,157000,0.0,0.0
2022-05-20 00:00:00-04:00,70.17547168140248,70.31837002394678,67.85089506293109,68.94649505615234,139200,0.0,0.0
2022-05-23 00:00:00-04:00,69.88013513185976,70.04209144086035,67.47934836140817,67.84136962890625,200300,0.0,0.0
2022-05-24 00:00:00-04:00,67.30787920679582,67.84138589067214,63.43041222994686,65.77404022216797,258900,0.0,0.0
2022-05-25 00:00:00-04:00,65.65969633376466,67.31738982383375,64.78321922979707,67.14590454101562,220100,0.0,0.0
2022-05-26 00:00:00-04:00,67.86043615318778,69.1465723449963,66.86010396595746,68.08908081054688,118600,0.0,0.0
2022-05-27 00:00:00-04:00,68.60352128829513,70.24215671198486,67.80325426507135,70.22309875488281,114300,0.0,0.0
2022-05-31 00:00:00-04:00,69.59432752713646,71.36633965950783,68.62257518694246,71.11863708496094,188000,0.0,0.0
2022-06-01 00:00:00-04:00,71.40446206798424,71.40446206798424,66.6981553764187,68.21293640136719,209200,0.0,0.0
2022-06-02 00:00:00-04:00,68.251028837513,68.60352839561013,66.52665423366201,67.88900756835938,236900,0.0,0.0
2022-06-03 00:00:00-04:00,67.52697903072402,68.29866646672241,65.65017709667003,67.88900756835938,197300,0.0,0.0
2022-06-06 00:00:00-04:00,68.65114744355726,69.20371187001165,67.48885925980169,69.06080627441406,143200,0.0,0.0
2022-06-07 00:00:00-04:00,68.77502646804469,69.9182570967445,67.81280287332446,69.44190979003906,222200,0.0,0.0
2022-06-08 00:00:00-04:00,69.36566671870796,69.36566671870796,68.19385684969583,68.63209533691406,142900,0.0,0.0
2022-06-09 00:00:00-04:00,68.50826000766058,68.72737565639473,67.49839896844561,67.78421020507812,158300,0.0,0.0
2022-06-10 00:00:00-04:00,66.65051664953788,68.48921760947373,66.4218719693727,67.89854431152344,201000,0.0,0.0
2022-06-13 00:00:00-04:00,67.0029896216427,67.94615491191159,66.07887501860492,66.69812774658203,270800,0.0,0.0
2022-06-14 00:00:00-04:00,67.01253408679945,68.27009792550247,63.15412535176368,64.3449935913086,337800,0.0,0.0
2022-06-15 00:00:00-04:00,65.1166586120457,67.45076417519832,64.32592054201304,66.52664947509766,217900,0.0,0.0
2022-06-16 00:00:00-04:00,65.56444029245144,65.94551957575096,61.28684369033329,61.66792297363281,259000,0.0,0.0
2022-06-17 00:00:00-04:00,62.93498718567948,64.2497100561874,62.48721967288222,63.23984909057617,512100,0.0,0.0
2022-06-21 00:00:00-04:00,64.32592223938872,64.96423300696446,63.62093042350063,63.84957504272461,209100,0.0,0.0
2022-06-22 00:00:00-04:00,62.934990527169646,65.30720484621929,62.90641085776834,65.23098754882812,227300,0.0,0.0
2022-06-23 00:00:00-04:00,65.35483755681713,66.7076619260102,65.18335226575873,65.93598175048828,250600,0.0,0.0
2022-06-24 00:00:00-04:00,66.55522660042969,68.6321005344743,66.16461843552435,68.0033187866211,783000,0.0,0.0
2022-06-27 00:00:00-04:00,68.43204074584142,68.83217065086419,67.13637577564076,67.28880310058594,178600,0.0,0.0
2022-06-28 00:00:00-04:00,67.4412437986233,68.54636562707348,66.40280302523125,66.79341125488281,189700,0.0,0.0
2022-06-29 00:00:00-04:00,66.47899848781879,67.22209878269528,65.94549207477509,67.06014251708984,178900,0.0,0.0
2022-06-30 00:00:00-04:00,66.11700477337762,67.15543836834526,65.60254883210165,66.2218017578125,214000,0.0,0.0
2022-07-01 00:00:00-04:00,65.81213696168898,67.27928734511949,63.0969591251542,66.78388214111328,145100,0.0,0.0
2022-07-05 00:00:00-04:00,65.90740634847648,67.21260044097717,65.30721142514204,67.19354248046875,171100,0.0,0.0
2022-07-06 00:00:00-04:00,66.95536499906032,67.97474777310988,65.25004105584064,66.09793853759766,193200,0.0,0.0
2022-07-07 00:00:00-04:00,66.52664929625693,67.16495277679239,66.05030211344281,66.48854064941406,158900,0.0,0.0
2022-07-08 00:00:00-04:00,66.29800398611214,67.5079300207274,65.89787405732616,66.18368530273438,156100,0.0,0.0
2022-07-11 00:00:00-04:00,65.54538381708123,65.97409343017327,64.4402547198488,64.63079071044922,146600,0.0,0.0
2022-07-12 00:00:00-04:00,64.55457153895574,65.97408409292852,63.849572482851265,64.1163330078125,255100,0.0,0.0
2022-07-13 00:00:00-04:00,63.25890083666952,65.95502735902373,61.92512740803122,63.592342376708984,192100,0.0,0.0
2022-07-14 00:00:00-04:00,62.79209316870145,62.79209316870145,60.58183875469153,61.201087951660156,217200,0.0,0.0
2022-07-15 00:00:00-04:00,62.525339807985276,62.525339807985276,60.87718233034483,62.15378952026367,316600,0.0,0.0
2022-07-18 00:00:00-04:00,62.744460951781655,63.36371383640275,61.10582523314697,61.5631217956543,218700,0.0,0.0
2022-07-19 00:00:00-04:00,62.29669387803591,64.19255393147431,60.610424147029576,63.97343826293945,191500,0.0,0.0
2022-07-20 00:00:00-04:00,64.09728412198231,64.84038466119897,63.64951654874096,64.63079071044922,158200,0.0,0.0
2022-07-21 00:00:00-04:00,64.30688600053244,64.88803029253441,63.21128574830825,64.70701599121094,207500,0.0,0.0
2022-07-22 00:00:00-04:00,64.82132587527255,65.23098474554315,63.38275533988304,64.42119598388672,145900,0.0,0.0
2022-07-25 00:00:00-04:00,64.89756106778324,65.25958241195472,63.61141749743259,65.17384338378906,149700,0.0,0.0
2022-07-26 00:00:00-04:00,65.07854365445985,65.07854365445985,60.42939820517485,61.60121536254883,319800,0.0,0.0
2022-07-27 00:00:00-04:00,62.144253003774764,62.50627422471397,61.020073427880554,62.210941314697266,285000,0.0,0.0
2022-07-28 00:00:00-04:00,62.3729014776338,68.7654798189716,62.08709025965016,68.69879150390625,287100,0.0,0.0
2022-07-29 00:00:00-04:00,69.01318631085113,70.81377818839428,68.08907155781415,69.79439544677734,245800,0.0,0.0
2022-08-01 00:00:00-04:00,69.33708958214633,70.56606609411645,69.00364803280885,69.28945922851562,161400,0.0,0.0
2022-08-02 00:00:00-04:00,68.24149363040036,70.27073724643631,68.06048664658272,68.27008056640625,184700,0.0,0.0
2022-08-03 00:00:00-04:00,68.79406343705031,70.07067774393425,68.08907159895472,69.8229751586914,139900,0.0,0.0
2022-08-04 00:00:00-04:00,70.0420848189716,70.67086657350201,69.61337527250524,70.27073669433594,133800,0.0,0.0
2022-08-05 00:00:00-04:00,69.84204023203162,70.72804651893641,69.09893959175338,69.60386657714844,133400,0.0,0.0
2022-08-08 00:00:00-04:00,70.0230467869342,72.70964502597931,69.32757659350318,71.7664794921875,259500,0.0,0.0
2022-08-09 00:00:00-04:00,72.17613743171188,74.3006420986147,71.14722562618508,71.49019622802734,138000,0.0,0.0
2022-08-10 00:00:00-04:00,72.02370468046578,74.79604923878723,71.69026305020782,74.2815933227539,158400,0.0,0.0
2022-08-11 00:00:00-04:00,74.77909527921074,76.13766965736605,74.08066912741228,74.44422912597656,139800,0.33,0.0
2022-08-12 00:00:00-04:00,74.8078035206455,76.49166743104072,67.10601265438007,76.21421813964844,171900,0.0,0.0
2022-08-15 00:00:00-04:00,75.54450119389593,77.19010195095649,74.87478335061641,77.09442901611328,171000,0.0,0.0
2022-08-16 00:00:00-04:00,76.83609273569482,78.9313640069524,76.72128815055805,78.21380615234375,157300,0.0,0.0
2022-08-17 00:00:00-04:00,77.35273517925756,77.44840809988841,76.57777503295895,77.04657745361328,107000,0.0,0.0
2022-08-18 00:00:00-04:00,76.97961171521777,78.82612769574497,76.54907988893291,77.08485412597656,143900,0.0,0.0
2022-08-19 00:00:00-04:00,76.40554837917757,77.0944049742321,74.84605885936645,74.9512939453125,135600,0.0,0.0
2022-08-22 00:00:00-04:00,74.32942283985766,74.99914053219194,73.27699889565322,73.63099670410156,113800,0.0,0.0
2022-08-23 00:00:00-04:00,73.81278704466736,74.49207427976236,73.53533046142417,73.6979751586914,148700,0.0,0.0
2022-08-24 00:00:00-04:00,73.44922136436661,75.55406219139891,73.44922136436661,75.14266204833984,116800,0.0,0.0
2022-08-25 00:00:00-04:00,75.16179906364673,77.33361182208111,74.25289527095502,76.85523986816406,141900,0.0,0.0
2022-08-26 00:00:00-04:00,76.75955226764395,77.4484016181612,74.11893754284745,74.45379638671875,185100,0.0,0.0
2022-08-29 00:00:00-04:00,73.62143042719626,74.87476973365024,72.96128218727087,73.87018585205078,157000,0.0,0.0
2022-08-30 00:00:00-04:00,74.032835962206,74.53034684834196,73.36311819168786,74.09980773925781,142600,0.0,0.0
2022-08-31 00:00:00-04:00,74.78865333834877,75.35313591748576,74.0710955627616,74.58773803710938,258900,0.0,0.0
2022-09-01 00:00:00-04:00,74.2911627988554,74.86520765969341,72.79863740142483,73.43009185791016,168200,0.0,0.0
2022-09-02 00:00:00-04:00,73.66927257810549,73.77451498002428,71.47832840083153,71.62184143066406,209700,0.0,0.0
2022-09-06 00:00:00-04:00,71.62184871413255,73.36312231471602,70.90429079137492,72.88475036621094,240500,0.0,0.0
2022-09-07 00:00:00-04:00,72.98998414082178,76.03242966523057,72.96128299520838,75.69757080078125,255300,0.0,0.0
2022-09-08 00:00:00-04:00,74.96086417235686,75.49664558461139,73.36310401475147,75.39140319824219,215000,0.0,0.0
2022-09-09 00:00:00-04:00,76.07069720482025,77.18051615328729,75.50621459962433,76.5299301147461,189200,0.0,0.0
2022-09-12 00:00:00-04:00,76.39596803998575,78.1181092828379,76.36726690250049,77.01785278320312,213000,0.0,0.0
2022-09-13 00:00:00-04:00,75.40096462816058,76.07068956196349,74.4824916012128,74.9512939453125,358300,0.0,0.0
2022-09-14 00:00:00-04:00,75.11396216946385,75.57319513263855,74.4155359429412,75.20006561279297,401700,0.0,0.0
2022-09-15 00:00:00-04:00,74.96087235168875,76.28118341588593,74.42509818034821,75.10438537597656,376400,0.0,0.0
2022-09-16 00:00:00-04:00,74.93217277268425,75.19049038230031,73.9467278443561,74.8460693359375,760200,0.0,0.0
2022-09-19 00:00:00-04:00,74.52075650193086,77.87892849531838,74.40594464511128,77.85022735595703,292600,0.0,0.0
2022-09-20 00:00:00-04:00,77.50582313410271,78.13727029410629,76.59691207584748,77.90765380859375,327500,0.0,0.0
2022-09-21 00:00:00-04:00,78.67305800988777,78.74959197815659,76.73086166510365,76.77870178222656,152800,0.0,0.0
2022-09-22 00:00:00-04:00,76.59691173844111,76.76912592666102,75.03742186133262,75.66886901855469,139500,0.0,0.0
2022-09-23 00:00:00-04:00,75.48708136155764,75.48708136155764,73.51618432450375,74.45379638671875,166600,0.0,0.0
2022-09-26 00:00:00-04:00,74.1476358445479,75.55405023427353,72.78906155898814,72.85603332519531,135800,0.0,0.0
2022-09-27 00:00:00-04:00,72.98041681759334,73.90845948321149,70.02408194196535,71.23914337158203,223500,0.0,0.0
2022-09-28 00:00:00-04:00,71.13389480574068,73.16219413940829,70.66509242226046,72.4637680053711,214500,0.0,0.0
2022-09-29 00:00:00-04:00,71.74622154232775,72.28200307889011,70.37807750147684,72.19589233398438,192300,0.0,0.0
2022-09-30 00:00:00-04:00,71.83233229529729,72.01410866900488,69.31609121813871,70.17716217041016,442900,0.0,0.0
2022-10-03 00:00:00-04:00,71.14346382664687,72.54030878631,70.39720489060254,71.4878921508789,336000,0.0,0.0
2022-10-04 00:00:00-04:00,72.6072738434492,75.58274713090704,72.6072738434492,75.52534484863281,239600,0.0,0.0
2022-10-05 00:00:00-04:00,74.73126033439598,75.4009780883789,73.39181752705406,75.4009780883789,157800,0.0,0.0
2022-10-06 00:00:00-04:00,75.24788414795961,76.71170065981524,75.16177342994645,75.3531265258789,143400,0.0,0.0
2022-10-07 00:00:00-04:00,74.85563403082332,75.06611883799269,73.96586199102845,74.42510223388672,184700,0.0,0.0
2022-10-10 00:00:00-04:00,74.6547170859431,75.5253574422771,73.4970579710038,74.14764404296875,125900,0.0,0.0
2022-10-11 00:00:00-04:00,73.93717153841962,75.3818569516363,72.80821338162237,74.88434600830078,198100,0.0,0.0
2022-10-12 00:00:00-04:00,75.1713520359782,76.0132838621754,74.54946717260096,74.99913787841797,222100,0.0,0.0
2022-10-13 00:00:00-04:00,73.69796569151448,76.62559906374779,72.21501734321417,75.72626495361328,659400,0.0,0.0
2022-10-14 00:00:00-04:00,76.30032509740248,76.84566882179757,74.2433242775345,74.8747787475586,205200,0.0,0.0
2022-10-17 00:00:00-04:00,76.48208690322429,78.05114584755275,76.3481433811017,77.99373626708984,240000,0.0,0.0
2022-10-18 00:00:00-04:00,79.70631686141465,80.89268432803851,78.24250013984478,79.1896743774414,182000,0.0,0.0
2022-10-19 00:00:00-04:00,78.52952828449558,78.96962953095134,77.10397484992913,78.42428588867188,198300,0.0,0.0
2022-10-20 00:00:00-04:00,78.48169194158261,79.33319333090378,77.50581648731173,77.8406753540039,164600,0.0,0.0
2022-10-21 00:00:00-04:00,78.26163115101016,80.69175352593953,77.68757913866509,80.01246643066406,154500,0.0,0.0
2022-10-24 00:00:00-04:00,80.28037390900607,81.11273632419639,79.26622054083488,80.55782318115234,202500,0.0,0.0
2022-10-25 00:00:00-04:00,80.55781910213616,83.26540560840357,80.55781910213616,82.91141510009766,213100,0.0,0.0
2022-10-26 00:00:00-04:00,83.15058568751154,84.85358804379977,82.79658794515846,82.81571960449219,183200,0.0,0.0
2022-10-27 00:00:00-04:00,85.44678088516814,91.92394007757659,85.44678088516814,90.13482666015625,645900,0.0,0.0
2022-10-28 00:00:00-04:00,91.15854612163623,91.82827114675577,89.77127056143452,91.03417205810547,303100,0.0,0.0
2022-10-31 00:00:00-04:00,91.4264325894534,94.63153006771077,91.15854550097981,94.19142150878906,486100,0.0,0.0
2022-11-01 00:00:00-04:00,95.12902595847032,95.67436957306177,92.21095476674189,92.70846557617188,283700,0.0,0.0
2022-11-02 00:00:00-04:00,92.56496094183774,94.00964609700327,90.84281921386719,90.84281921386719,310700,0.0,0.0
2022-11-03 00:00:00-04:00,90.13482828618818,91.2350850643568,88.48922785962303,90.41228485107422,273300,0.0,0.0
2022-11-04 00:00:00-04:00,91.4264370570428,92.72760923553314,90.36445083343118,91.30206298828125,175300,0.0,0.0
2022-11-07 00:00:00-05:00,91.75172464169968,92.62235763534109,89.99131239290087,90.29747009277344,139200,0.0,0.0
2022-11-08 00:00:00-05:00,91.1585378770374,92.28749572645391,90.18266252216047,91.22550964355469,163400,0.0,0.0
2022-11-09 00:00:00-05:00,90.58449788382455,91.51254048248185,88.82408560093972,89.09197998046875,224400,0.0,0.0
2022-11-10 00:00:00-05:00,92.4214309348588,93.06244739941133,88.02041180450827,90.24962615966797,415200,0.0,0.0
2022-11-11 00:00:00-05:00,91.0054762509024,91.03417739806419,89.1111202450874,89.560791015625,447100,0.0,0.0
2022-11-14 00:00:00-05:00,89.48397523178518,90.55932181243298,87.04525523449342,87.25647735595703,387700,0.33,0.0
2022-11-15 00:00:00-05:00,88.21660022814198,89.05191462503872,87.50610721911649,88.18779754638672,330500,0.0,0.0
2022-11-16 00:00:00-05:00,88.34142173441889,88.5910498600983,85.75867383065254,86.565185546875,193400,0.0,0.0
2022-11-17 00:00:00-05:00,85.7490641399449,86.4787637671716,84.52970430811456,86.05630493164062,193100,0.0,0.0
2022-11-18 00:00:00-05:00,87.75574909484129,88.1301986354733,85.76828333102554,86.41156768798828,334500,0.0,0.0
2022-11-21 00:00:00-05:00,86.39236733134342,90.39610149607206,86.28675260827582,90.24247741699219,284200,0.0,0.0
2022-11-22 00:00:00-05:00,90.19445553582045,92.36434023627226,90.02163214749089,92.17231750488281,229000,0.0,0.0
2022-11-23 00:00:00-05:00,91.82668179042295,92.75800753277201,90.06964501827156,90.30967712402344,194100,0.0,0.0
2022-11-25 00:00:00-05:00,90.53051555902711,90.53051555902711,89.5223777215978,89.59918975830078,72700,0.0,0.0
2022-11-28 00:00:00-05:00,89.49357377047356,90.38649354019037,88.50464261883859,88.96550750732422,287000,0.0,0.0
2022-11-29 00:00:00-05:00,89.2343356586565,89.94482862215658,88.4854366802107,88.8598861694336,146600,0.0,0.0
2022-11-30 00:00:00-05:00,89.38796082009796,90.44410069247654,86.747607476552,90.11766052246094,205800,0.0,0.0
2022-12-01 00:00:00-05:00,90.43448786499465,90.43448786499465,88.40861654483332,89.92562103271484,100600,0.0,0.0
2022-12-02 00:00:00-05:00,88.77347083318737,90.26167278072212,88.77347083318737,89.78160858154297,107400,0.0,0.0
2022-12-05 00:00:00-05:00,89.10952167216173,89.10952167216173,86.7188038137206,87.93816375732422,124400,0.0,0.0
2022-12-06 00:00:00-05:00,87.851765976305,89.00391735411105,86.44037577711272,87.32369232177734,111100,0.0,0.0
2022-12-07 00:00:00-05:00,87.2756694978608,88.3414125648055,86.57477257109973,86.63238525390625,107100,0.0,0.0
2022-12-08 00:00:00-05:00,87.2468684438399,87.8997560346205,86.12351267316863,87.0836410522461,160500,0.0,0.0
2022-12-09 00:00:00-05:00,86.87242597798237,87.49650361462574,86.19072832760787,87.44850158691406,203500,0.0,0.0
2022-12-12 00:00:00-05:00,87.83255470447338,89.57998820788129,87.16046038765568,88.18779754638672,187400,0.0,0.0
2022-12-13 00:00:00-05:00,90.25207619123493,91.14499596145404,88.33181925099589,89.00390625,229600,0.0,0.0
2022-12-14 00:00:00-05:00,88.76386579130786,90.07924430883676,86.6515862856159,87.30447387695312,194800,0.0,0.0
2022-12-15 00:00:00-05:00,86.22913632977004,86.22913632977004,83.73280375013812,83.9920425415039,180500,0.0,0.0
2022-12-16 00:00:00-05:00,82.73427161558035,85.60506112306656,82.48464347812875,85.00017547607422,971900,0.0,0.0
2022-12-19 00:00:00-05:00,85.00017134131015,85.78747638503484,82.42702677702968,83.09912109375,141100,0.0,0.0
2022-12-20 00:00:00-05:00,83.2719511835754,84.94257278582577,82.13899921763561,83.2431411743164,148900,0.0,0.0
2022-12-21 00:00:00-05:00,84.08804334671589,86.76680234440128,83.55036648513303,84.34727478027344,167300,0.0,0.0
2022-12-22 00:00:00-05:00,83.84801784222705,84.86575163751115,82.93589143542839,84.45289611816406,181200,0.0,0.0
2022-12-23 00:00:00-05:00,84.4913038525015,85.30741157240068,83.37755133107767,84.4240951538086,123100,0.0,0.0
2022-12-27 00:00:00-05:00,84.49131320972788,84.77935470756815,83.74241410558268,84.39530181884766,128000,0.0,0.0
2022-12-28 00:00:00-05:00,84.49131621121309,84.95218115908946,83.19514407528558,83.81922912597656,137000,0.0,0.0
2022-12-29 00:00:00-05:00,84.6161117553711,85.35541471238032,84.09764154953557,84.6161117553711,197900,0.0,0.0
2022-12-30 00:00:00-05:00,84.32808726818571,84.40489930564611,83.09912396961553,83.44477081298828,87500,0.0,0.0
2023-01-03 00:00:00-05:00,83.68479056235412,85.40341386391744,83.35834311401611,84.49129486083984,307200,0.0,0.0
2023-01-04 00:00:00-05:00,84.7889487039088,85.19220825634116,82.8302856106638,83.2431411743164,179500,0.0,0.0
2023-01-05 00:00:00-05:00,83.93441865939133,84.86574433159363,82.62864351643525,84.49129486083984,317400,0.0,0.0
2023-01-06 00:00:00-05:00,85.4034223871072,86.25793611848643,84.57771133709151,85.74906921386719,243500,0.0,0.0
2023-01-09 00:00:00-05:00,86.1331171571854,87.84214452271306,85.78747035009012,86.53636932373047,217900,0.0,0.0
2023-01-10 00:00:00-05:00,86.19073137739308,86.53637822002227,85.49944501733376,86.2099380493164,214400,0.0,0.0
2023-01-11 00:00:00-05:00,86.19072018964877,89.11911463592322,85.43222522671024,86.00830078125,148900,0.0,0.0
2023-01-12 00:00:00-05:00,86.34435242392605,87.62132502967889,85.87389153109036,86.52677917480469,166600,0.0,0.0
2023-01-13 00:00:00-05:00,86.06591341825143,86.44996626215894,85.45143179807889,85.96990203857422,150500,0.0,0.0
2023-01-17 00:00:00-05:00,86.07551720603841,86.58438411368012,83.82881281875395,84.20326232910156,174800,0.0,0.0
2023-01-18 00:00:00-05:00,84.06885577755168,85.03858769044898,82.81108968695001,83.18553924560547,173600,0.0,0.0
2023-01-19 00:00:00-05:00,83.2815310879133,85.06737040621506,81.89895124405236,84.49129486083984,301000,0.0,0.0
2023-01-20 00:00:00-05:00,85.1729973266206,85.85468767435816,84.25127485678394,85.50904083251953,294200,0.0,0.0
2023-01-23 00:00:00-05:00,85.57625870081328,88.120600932659,84.8465662456091,88.02458953857422,297000,0.0,0.0
2023-01-24 00:00:00-05:00,88.00536694414772,88.00536694414772,86.68038515007832,87.28527069091797,122200,0.0,0.0
2023-01-25 00:00:00-05:00,86.82441575240372,87.07405119967127,85.61465185816729,86.8916244506836,189300,0.0,0.0
2023-01-26 00:00:00-05:00,87.40049814089554,88.26461527529314,86.26754619250742,87.47731018066406,198800,0.0,0.0
2023-01-27 00:00:00-05:00,87.4773016613282,88.1685953015218,86.80521469180584,86.92042541503906,167700,0.0,0.0
2023-01-30 00:00:00-05:00,86.84361868149277,88.562249551503,86.55558453063682,87.3140869140625,143500,0.0,0.0
2023-01-31 00:00:00-05:00,87.45810241678078,88.56225166777745,86.64199464872209,88.50464630126953,200700,0.0,0.0
2023-02-01 00:00:00-05:00,87.9381520079781,88.72546428669878,86.63238419193871,88.10137939453125,208900,0.0,0.0
2023-02-02 00:00:00-05:00,89.14792748330373,91.64426005451266,85.5570490360632,87.4197006225586,445300,0.0,0.0
2023-02-03 00:00:00-05:00,86.66120165048062,87.14126590706951,82.68627019194062,85.99871063232422,303600,0.0,0.0
2023-02-06 00:00:00-05:00,85.931495260259,86.39236013390422,84.20326114058774,84.75053405761719,188700,0.0,0.0
2023-02-07 00:00:00-05:00,84.22248191028835,86.76682416370475,83.54079148374734,86.4787826538086,208900,0.0,0.0
2023-02-08 00:00:00-05:00,86.0371136248869,90.12726299817886,86.0371136248869,89.56078338623047,333800,0.0,0.0
2023-02-09 00:00:00-05:00,89.65678783195008,90.12725602459605,86.90122399741598,86.91082000732422,245700,0.0,0.0
2023-02-10 00:00:00-05:00,86.86283158870165,87.42930392035468,85.76828562144024,85.9795150756836,152300,0.0,0.0
2023-02-13 00:00:00-05:00,85.7096757741485,86.87572734116404,84.75562756744173,86.76972198486328,166700,0.33,0.0
2023-02-14 00:00:00-05:00,86.89502129450902,87.47322780714242,86.02770784941158,86.91429901123047,175400,0.0,0.0
2023-02-15 00:00:00-05:00,86.23969271922161,87.58884574503836,85.8638582312695,87.2419204711914,190200,0.0,0.0
2023-02-16 00:00:00-05:00,86.82754980501382,88.36943603756018,82.97283054750116,87.8875961303711,198900,0.0,0.0
2023-02-17 00:00:00-05:00,87.89722692515342,88.9958212245971,87.48284434888657,87.7430419921875,184800,0.0,0.0
2023-02-21 00:00:00-05:00,87.02991004724362,87.18410232602841,84.88090846580138,84.96763610839844,199000,0.0,0.0
2023-02-22 00:00:00-05:00,85.06401087663866,86.92391314462277,84.95801286503438,86.11442565917969,185700,0.0,0.0
2023-02-23 00:00:00-05:00,86.05659667380488,86.85644520474463,85.08327815748981,85.48802185058594,124800,0.0,0.0
2023-02-24 00:00:00-05:00,84.9290919808904,86.01805478155038,84.71708861615946,85.46875762939453,146400,0.0,0.0
2023-02-27 00:00:00-05:00,86.10478828600765,86.654085475533,85.08329005517292,85.40130615234375,97400,0.0,0.0
2023-02-28 00:00:00-05:00,85.38204053417772,86.29754088126998,84.97729672714883,85.04475402832031,147100,0.0,0.0
2023-03-01 00:00:00-05:00,84.75562143947455,85.77712685794415,84.48579231650635,85.42056274414062,177500,0.0,0.0
2023-03-02 00:00:00-05:00,84.90981765471726,86.05659883288698,84.18705789078695,85.92168426513672,184600,0.0,0.0
2023-03-03 00:00:00-05:00,86.23005760143502,86.96244883570691,85.34346674305021,86.78898620605469,116400,0.0,0.0
2023-03-06 00:00:00-05:00,86.7889989331634,87.039557735469,85.43021426187318,85.84459686279297,172500,0.0,0.0
2023-03-07 00:00:00-05:00,85.85423102861022,86.43244479836314,84.30271329347323,85.1025619506836,153400,0.0,0.0
2023-03-08 00:00:00-05:00,85.1796379568352,85.74821273535625,84.02322539538712,84.36051177978516,177400,0.0,0.0
2023-03-09 00:00:00-05:00,84.40870012624237,85.96022500812484,84.07141370676628,84.96763610839844,311600,0.0,0.0
2023-03-10 00:00:00-05:00,84.45690545142376,85.85423835894781,84.15816703656,85.0062026977539,322600,0.0,0.0
2023-03-13 00:00:00-04:00,83.84013690293362,85.87350173094683,83.58957811331733,84.88091278076172,319700,0.0,0.0
2023-03-14 00:00:00-04:00,86.77936797960265,89.68967770868943,86.10478771562168,88.35980224609375,333300,0.0,0.0
2023-03-15 00:00:00-04:00,86.64442926042703,89.17890375378002,86.37459281862792,88.65851593017578,284100,0.0,0.0
2023-03-16 00:00:00-04:00,87.76230594430126,90.19077544148492,87.58884331219583,89.67039489746094,195300,0.0,0.0
2023-03-17 00:00:00-04:00,89.18856574244727,89.18856574244727,85.84459576087983,86.28788757324219,469400,0.0,0.0
2023-03-20 00:00:00-04:00,86.78900067369058,88.88982293755363,86.6444545851282,87.64667510986328,237400,0.0,0.0
2023-03-21 00:00:00-04:00,88.8416331519934,91.1737362419199,88.6585316577926,91.12554931640625,253700,0.0,0.0
2023-03-22 00:00:00-04:00,91.00991570574287,91.57848321516704,88.0128711687257,88.10923767089844,229800,0.0,0.0
2023-03-23 00:00:00-04:00,88.19595846177732,90.33532846426804,87.68520942289828,88.93799591064453,213200,0.0,0.0
2023-03-24 00:00:00-04:00,87.94542066416301,90.26788516048946,87.42503268954744,89.65113067626953,198100,0.0,0.0
2023-03-27 00:00:00-04:00,90.21970263220472,90.31606913865848,89.06328249788015,89.6607666015625,151100,0.0,0.0
2023-03-28 00:00:00-04:00,89.3042041702676,91.4821225493229,89.2367468792138,90.73045349121094,193000,0.0,0.0
2023-03-29 00:00:00-04:00,91.01955014382962,91.75194881808214,89.9016854484587,91.15446472167969,166600,0.0,0.0
2023-03-30 00:00:00-04:00,91.7615843097312,92.31088145720658,90.19078165732635,90.7015380859375,149000,0.0,0.0
2023-03-31 00:00:00-04:00,91.33756071336464,92.13741662824697,90.75935436430598,91.90613555908203,209200,0.0,0.0
2023-04-03 00:00:00-04:00,91.70377460904554,92.47471404869883,91.25084392019882,92.35906982421875,161500,0.0,0.0
2023-04-04 00:00:00-04:00,92.52288732738288,92.52288732738288,89.64147981569738,90.32569885253906,162500,0.0,0.0
2023-04-05 00:00:00-04:00,89.77640937846164,90.69190220350505,88.71635576762014,89.6896743774414,173100,0.0,0.0
2023-04-06 00:00:00-04:00,89.52584693145566,90.42206935987167,89.02472936272159,89.87277221679688,210500,0.0,0.0
2023-04-10 00:00:00-04:00,89.48730421247312,92.2916085256869,89.47766535611142,92.1277847290039,211300,0.0,0.0
2023-04-11 00:00:00-04:00,92.77344076059187,93.69857973539563,92.32051748104934,92.8119888305664,160000,0.0,0.0
2023-04-12 00:00:00-04:00,93.58293878190024,93.84312907291657,92.16632840828528,92.48434448242188,134600,0.0,0.0
2023-04-13 00:00:00-04:00,92.2916095214079,93.05291743174584,91.55921818046704,93.0047378540039,88700,0.0,0.0
2023-04-14 00:00:00-04:00,93.24564799817732,94.22859803785161,91.84830804926227,92.5710678100586,117900,0.0,0.0
2023-04-17 00:00:00-04:00,92.75417688047376,93.25528712055932,92.21451856772116,93.20710754394531,89700,0.0,0.0
2023-04-18 00:00:00-04:00,92.06996880868026,92.70599365234375,90.64371947223638,92.70599365234375,169400,0.0,0.0
2023-04-19 00:00:00-04:00,92.68670381414938,94.34423389522078,92.04104024954118,94.06476593017578,121300,0.0,0.0
2023-04-20 00:00:00-04:00,93.60221024043636,94.3153385397145,93.21674422733706,93.40947723388672,98900,0.0,0.0
2023-04-21 00:00:00-04:00,93.31310598292715,93.84312540011827,92.25305979625239,93.35165405273438,151300,0.0,0.0
2023-04-24 00:00:00-04:00,93.03363800048828,93.79494583660002,92.65780351019538,93.03363800048828,74000,0.0,0.0
2023-04-25 00:00:00-04:00,92.35906721861566,93.0143697675952,91.88686618182393,92.4168930053711,123100,0.0,0.0
2023-04-26 00:00:00-04:00,91.71339780440613,92.34942995298249,90.88463265145121,91.84831237792969,200400,0.0,0.0
2023-04-27 00:00:00-04:00,92.10851439509882,100.63707890895023,92.10851439509882,98.96990966796875,305800,0.0,0.0
2023-04-28 00:00:00-04:00,99.8950333298725,100.94544059068976,98.77716143719046,99.28791046142578,215400,0.0,0.0
2023-05-01 00:00:00-04:00,99.24937253841904,99.70230318425494,96.9558174462309,97.12928009033203,188300,0.0,0.0
2023-05-02 00:00:00-04:00,97.66893517964384,98.78680714992946,96.22341564362851,98.1411361694336,153200,0.0,0.0
2023-05-03 00:00:00-04:00,98.43989542141921,98.96028340828101,97.17746985332548,97.38948059082031,151300,0.0,0.0
2023-05-04 00:00:00-04:00,96.84981529406346,98.35315335783456,95.36574759036682,98.17005920410156,160400,0.0,0.0
2023-05-05 00:00:00-04:00,98.9410020606299,101.84168028089464,98.9410020606299,100.99364471435547,168700,0.0,0.0
2023-05-08 00:00:00-04:00,101.12856083410416,101.12856083410416,99.69267263462824,99.96250915527344,117100,0.0,0.0
2023-05-09 00:00:00-04:00,99.20120127629674,100.46361946552776,98.8735463200751,100.01068878173828,115400,0.0,0.0
2023-05-10 00:00:00-04:00,101.05146473316559,101.18637931740531,99.0084609039314,99.64449310302734,116900,0.0,0.0
2023-05-11 00:00:00-04:00,98.90245793933343,98.90245793933343,97.23529595689988,97.80386352539062,211900,0.0,0.0
2023-05-12 00:00:00-04:00,98.20024771861362,100.44327760365216,98.20024771861362,98.61598205566406,246700,0.33,0.0
2023-05-15 00:00:00-04:00,98.95437618148145,100.211249585864,98.03589687724008,99.61181640625,280700,0.0,0.0
2023-05-16 00:00:00-04:00,98.98338353684626,99.83419290553688,97.99722684964664,99.6021499633789,103000,0.0,0.0
2023-05-17 00:00:00-04:00,100.43361204569763,100.43361204569763,99.24442339548847,99.8438491821289,162600,0.0,0.0
2023-05-18 00:00:00-04:00,99.68916588330531,100.07589673609239,98.72234243947635,99.77617645263672,100900,0.0,0.0
2023-05-19 00:00:00-04:00,100.27891325521526,100.43360114662447,98.16156788049643,98.48062133789062,124300,0.0,0.0
2023-05-22 00:00:00-04:00,98.87702450258095,98.87702450258095,97.18508357602136,97.34944915771484,112100,0.0,0.0
2023-05-23 00:00:00-04:00,96.95305017671271,97.0110572207856,95.74452091667933,95.84120178222656,126700,0.0,0.0
2023-05-24 00:00:00-04:00,95.12576713820886,95.12576713820886,93.91723771793862,94.12026977539062,164000,0.0,0.0
2023-05-25 00:00:00-04:00,93.84954128629325,93.93655922252704,92.940724986599,93.47248077392578,123000,0.0,0.0
2023-05-26 00:00:00-04:00,93.39514475113582,93.89789708099957,92.50566893833397,93.78187561035156,138000,0.0,0.0
2023-05-30 00:00:00-04:00,93.89790365128056,95.24178776447515,92.7087074668296,95.17411041259766,129200,0.0,0.0
2023-05-31 00:00:00-04:00,95.13543539803334,95.87988625938705,93.27913601862734,95.27079010009766,222200,0.0,0.0
2023-06-01 00:00:00-04:00,95.27078781018858,95.27078781018858,93.48216582480569,94.16860961914062,140600,0.0,0.0
2023-06-02 00:00:00-04:00,94.82604544975138,97.19475994433253,94.0139099186269,96.8273696899414,234000,0.0,0.0
2023-06-05 00:00:00-04:00,96.24726067464438,96.50829971522563,93.47247519981512,93.95588684082031,165200,0.0,0.0
2023-06-06 00:00:00-04:00,93.98489404867435,96.38261912774999,93.26944685725746,95.61882781982422,231700,0.0,0.0
2023-06-07 00:00:00-04:00,95.94754950638628,97.02072404091243,95.59949250187636,95.81219482421875,249000,0.0,0.0
2023-06-08 00:00:00-04:00,95.92821475850832,95.92821475850832,94.21693328417709,94.3136215209961,168900,0.0,0.0
2023-06-09 00:00:00-04:00,94.44898636030969,96.02490594786171,93.16310938558226,93.44348907470703,418600,0.0,0.0
2023-06-12 00:00:00-04:00,93.44346976635617,93.75285291520737,91.84820990847997,92.45730590820312,207500,0.0,0.0
2023-06-13 00:00:00-04:00,92.48632339287805,93.25010733331733,91.3648047881985,91.55816650390625,190600,0.0,0.0
2023-06-14 00:00:00-04:00,91.79020915022213,92.29295403538197,90.70736436705462,91.25845336914062,209400,0.0,0.0
2023-06-15 00:00:00-04:00,91.1037720919252,92.05125489179936,90.64936391439738,91.01675415039062,240700,0.0,0.0
2023-06-16 00:00:00-04:00,91.9642634617024,92.32198347278386,90.42701010246806,90.70738983154297,569600,0.0,0.0
2023-06-20 00:00:00-04:00,90.30130033947053,92.08025172294936,90.12727184532355,91.25845336914062,269100,0.0,0.0
2023-06-21 00:00:00-04:00,91.20045516954778,91.84822509199529,90.28196849286142,90.50434112548828,185600,0.0,0.0
2023-06-22 00:00:00-04:00,90.65902475992755,91.08442940595435,89.37315527527952,89.8952407836914,224500,0.0,0.0
2023-06-23 00:00:00-04:00,89.1604630407583,90.2046341757299,88.79306539533619,89.6632080078125,974300,0.0,0.0
2023-06-26 00:00:00-04:00,89.86623957545456,91.28747127220736,88.7060543491915,88.72538757324219,174900,0.0,0.0
2023-06-27 00:00:00-04:00,89.43115998483292,90.10793338015337,89.02509594764064,90.0886001586914,234700,0.0,0.0
2023-06-28 00:00:00-04:00,90.0209299134127,90.60102249458495,88.59002799532891,89.15078735351562,206400,0.0,0.0
2023-06-29 00:00:00-04:00,89.15077448157469,89.97257280093734,88.88006514119887,89.61485290527344,213000,0.0,0.0
2023-06-30 00:00:00-04:00,90.30130466050507,91.37447919638481,89.57618712957425,90.23362731933594,278100,0.0,0.0
2023-07-03 00:00:00-04:00,89.76955624708356,90.7847238245031,89.76955624708356,90.572021484375,106900,0.0,0.0
2023-07-05 00:00:00-04:00,90.41731491603957,90.41731491603957,88.74471467956491,88.90907287597656,187200,0.0,0.0
2023-07-06 00:00:00-04:00,88.25164347275759,89.02510518446898,86.76273447229357,88.63837432861328,128400,0.0,0.0
2023-07-07 00:00:00-04:00,88.54169401926661,90.16595772312152,87.43951586768053,88.91875457763672,272200,0.0,0.0
2023-07-10 00:00:00-04:00,88.9960869673172,91.92556036148478,88.9960869673172,91.22944641113281,189200,0.0,0.0
2023-07-11 00:00:00-04:00,91.16177711853766,91.81921731006452,90.66869513082327,91.19078063964844,154400,0.0,0.0
2023-07-12 00:00:00-04:00,91.84822867723858,92.82472243695432,91.24879547672718,92.14794158935547,147200,0.0,0.0
2023-07-13 00:00:00-04:00,92.21561473975243,92.71836704666303,92.06092682889498,92.17694091796875,76800,0.0,0.0
2023-07-14 00:00:00-04:00,92.20595403478622,92.20595403478622,90.93941031380149,91.6645278930664,115000,0.0,0.0
2023-07-17 00:00:00-04:00,91.461493390268,92.7570405992916,91.3068054798594,92.53466796875,98500,0.0,0.0
2023-07-18 00:00:00-04:00,92.41864510909284,94.47798366842757,92.41864510909284,94.28461456298828,190300,0.0,0.0
2023-07-19 00:00:00-04:00,94.56500544943172,95.04841720594865,93.83022489044617,94.63268280029297,141000,0.0,0.0
2023-07-20 00:00:00-04:00,94.5939934669004,94.70034462600118,93.71418804993928,94.33295440673828,128600,0.0,0.0
2023-07-21 00:00:00-04:00,94.69069442384232,94.69069442384232,93.65619359057125,94.22661590576172,140600,0.0,0.0
2023-07-24 00:00:00-04:00,94.07191693730826,94.6616797836483,93.53049083374614,93.5401611328125,115000,0.0,0.0
2023-07-25 00:00:00-04:00,93.28878415574978,94.1009196156829,92.9117236345841,93.61750793457031,94100,0.0,0.0
2023-07-26 00:00:00-04:00,93.25980115494166,94.61335563513342,93.05676908935466,94.12994384765625,212500,0.0,0.0
2023-07-27 00:00:00-04:00,96.68232678325278,99.27341343609498,93.65617261039637,94.41029357910156,320700,0.0,0.0
2023-07-28 00:00:00-04:00,95.07741816054497,95.07741816054497,91.34548628730963,92.2542953491211,196600,0.0,0.0
2023-07-31 00:00:00-04:00,92.24461875744362,93.60783583631417,91.71286296793014,92.11892700195312,258400,0.0,0.0
2023-08-01 00:00:00-04:00,91.81921393979424,94.65200662597512,90.92973823575272,94.448974609375,199800,0.0,0.0
2023-08-02 00:00:00-04:00,93.80120765172778,94.5940025838028,93.2404556580241,93.87855529785156,118900,0.0,0.0
2023-08-03 00:00:00-04:00,93.45315844320422,95.53182296469997,92.79571820056609,95.47381591796875,211500,0.0,0.0
2023-08-04 00:00:00-04:00,95.56082548360983,96.92405007768473,94.74869733279903,96.52764892578125,320100,0.0,0.0
2023-08-07 00:00:00-04:00,96.61465628639665,97.58147962264547,95.73484350979741,96.14091491699219,436500,0.0,0.0
2023-08-08 00:00:00-04:00,95.61883987803962,95.61883987803962,91.4421629041319,93.59817504882812,137000,0.0,0.0
2023-08-09 00:00:00-04:00,93.2791280383661,93.60784446489176,92.64102103213052,93.03742218017578,104500,0.0,0.0
2023-08-10 00:00:00-04:00,93.02774819137704,93.88822042230942,92.69902440160985,93.00840759277344,115500,0.0,0.0
2023-08-11 00:00:00-04:00,92.60234622177543,93.20177939915246,92.40898448779696,92.79571533203125,116400,0.0,0.0
2023-08-14 00:00:00-04:00,92.50460350596494,92.73748829358534,91.14609533884365,91.97090148925781,139400,0.35,0.0
2023-08-15 00:00:00-04:00,91.44691580928793,91.44691580928793,90.15633993340693,90.6124038696289,154100,0.0,0.0
2023-08-16 00:00:00-04:00,90.495960255338,90.82587977470243,89.92344283789323,90.27277374267578,143800,0.0,0.0
2023-08-17 00:00:00-04:00,90.24365409436398,90.24365409436398,88.623151544939,88.89485168457031,131300,0.0,0.0
2023-08-18 00:00:00-04:00,88.58434488007245,89.75848197207094,88.10886958902908,88.18649291992188,423600,0.0,0.0
2023-08-21 00:00:00-04:00,88.14766850487139,88.1573741964646,87.19671802039551,87.8177490234375,121400,0.0,0.0
2023-08-22 00:00:00-04:00,87.81774672721924,87.81774672721924,87.04145429207814,87.13849639892578,134600,0.0,0.0
2023-08-23 00:00:00-04:00,87.06087439884067,87.64309008190175,86.80857822164704,87.12879943847656,100900,0.0,0.0
2023-08-24 00:00:00-04:00,86.62420870856066,87.7789418072997,86.26517952229835,86.35250854492188,101800,0.0,0.0
2023-08-25 00:00:00-04:00,86.52716446899848,87.13849717316774,86.06139492639403,86.75035095214844,95400,0.0,0.0
2023-08-28 00:00:00-04:00,86.75034491032524,87.72070669365488,86.51746015524252,86.54656982421875,88000,0.0,0.0
2023-08-29 00:00:00-04:00,86.51747325173504,87.19672364157746,86.30399244256343,86.81828308105469,100500,0.0,0.0
2023-08-30 00:00:00-04:00,86.556279022076,87.2937561432816,86.24576350840108,86.39131927490234,88700,0.0,0.0
2023-08-31 00:00:00-04:00,86.63390649963125,87.70130307512093,86.57568715652546,86.67272186279297,130100,0.0,0.0
2023-09-01 00:00:00-04:00,87.00264954949155,89.67114471443446,87.00264954949155,88.95307159423828,177600,0.0,0.0
2023-09-05 00:00:00-04:00,88.42908945206858,88.93368185534753,86.88621737229884,87.56546783447266,164800,0.0,0.0
2023-09-06 00:00:00-04:00,87.7692429731248,88.16709496045146,87.25495227986823,87.56546783447266,122700,0.0,0.0
2023-09-07 00:00:00-04:00,87.64309419379465,88.5455311360243,85.63444518086733,86.3331069946289,144900,0.0,0.0
2023-09-08 00:00:00-04:00,86.51747455862723,86.51747455862723,85.44037220755405,85.53740692138672,88500,0.0,0.0
2023-09-11 00:00:00-04:00,86.15842827338393,89.38973496279505,86.15842827338393,88.47759246826172,198200,0.0,0.0
2023-09-12 00:00:00-04:00,88.67166800370802,90.21454727870619,88.67166800370802,90.07869720458984,154900,0.0,0.0
2023-09-13 00:00:00-04:00,90.13691174240562,93.37792417427798,90.13691174240562,92.65985107421875,232100,0.0,0.0
2023-09-14 00:00:00-04:00,93.49437026435488,94.33858780673287,92.3881582589073,92.85393524169922,199000,0.0,0.0
2023-09-15 00:00:00-04:00,92.71808574883646,94.11540189947709,92.43667989960231,93.03829956054688,458400,0.0,0.0
2023-09-18 00:00:00-04:00,93.29060093178474,93.29060093178474,92.0776484468143,92.93156433105469,123700,0.0,0.0
2023-09-19 00:00:00-04:00,93.37792508717172,94.12510046226691,92.485186549083,93.54288482666016,137400,0.0,0.0
2023-09-20 00:00:00-04:00,93.71755840174569,94.61028961413948,92.56282531843308,92.65016174316406,88300,0.0,0.0
2023-09-21 00:00:00-04:00,92.15525972667793,93.57198704162882,91.74770955455635,93.09651184082031,144300,0.0,0.0
2023-09-22 00:00:00-04:00,92.94125844593813,94.36769157509313,92.61133896469677,94.29976654052734,299900,0.0,0.0
2023-09-25 00:00:00-04:00,93.8243045422007,96.32783288620261,93.47497362847493,95.5224380493164,334400,0.0,0.0
2023-09-26 00:00:00-04:00,95.32834912323597,95.45450090586998,92.1843787014912,94.41621398925781,193900,0.0,0.0
2023-09-27 00:00:00-04:00,94.4162268281862,94.98873686229635,93.82430540798183,94.56177520751953,141200,0.0,0.0
2023-09-28 00:00:00-04:00,94.87228298910136,98.19092642844811,94.2512519438693,97.92892456054688,245100,0.0,0.0
2023-09-29 00:00:00-04:00,98.39470345200743,99.06424816492334,97.15264133748464,97.4049301147461,159500,0.0,0.0
2023-10-02 00:00:00-04:00,96.94886374914427,97.81248527252703,96.2599002656028,97.17204284667969,183900,0.0,0.0
2023-10-03 00:00:00-04:00,96.98767576169875,97.09441617046426,94.91110174198232,96.94886779785156,207000,0.0,0.0
2023-10-04 00:00:00-04:00,96.7159748179583,97.64752141156553,95.40598765205044,97.58930206298828,212200,0.0,0.0
2023-10-05 00:00:00-04:00,97.69604111610965,99.29713980924923,97.6669314422247,98.04537200927734,272000,0.0,0.0
2023-10-06 00:00:00-04:00,97.51166804867718,98.666401111771,96.83241766054788,97.74456024169922,272600,0.0,0.0
2023-10-09 00:00:00-04:00,97.01678938163833,99.10306161632083,97.01678938163833,98.5014419555664,243200,0.0,0.0
2023-10-10 00:00:00-04:00,98.55965469670903,98.96720490473182,97.67662924599298,97.7930679321289,177500,0.0,0.0
2023-10-11 00:00:00-04:00,98.23945098944377,98.76344738014487,97.97745649573064,98.34619140625,129600,0.0,0.0
2023-10-12 00:00:00-04:00,98.51114214819759,98.62758824766192,97.05559921962728,97.4049301147461,101800,0.0,0.0
2023-10-13 00:00:00-04:00,97.50195817242773,98.33646252012358,96.61892536952703,96.6965560913086,110800,0.0,0.0
2023-10-16 00:00:00-04:00,97.50198268533667,99.69499560246122,96.0949532615798,99.66588592529297,229600,0.0,0.0
2023-10-17 00:00:00-04:00,99.6464737568697,103.57643532055977,98.7440368224032,102.52845001220703,376300,0.0,0.0
2023-10-18 00:00:00-04:00,102.80013913603418,102.80013913603418,101.35429461573187,101.41252136230469,197200,0.0,0.0
2023-10-19 00:00:00-04:00,101.11170927040973,101.78126136536801,99.75320850277546,100.60712432861328,359000,0.0,0.0
2023-10-20 00:00:00-04:00,100.6847641316825,100.6847641316825,98.61788831431564,98.75373840332031,279400,0.0,0.0
2023-10-23 00:00:00-04:00,98.95750480637727,100.03459964980112,98.1618083848172,98.88957977294922,176100,0.0,0.0
2023-10-24 00:00:00-04:00,99.00602994979124,100.55860761071145,98.51114327549739,98.79254913330078,270900,0.0,0.0
2023-10-25 00:00:00-04:00,98.27824947497169,99.87934804871652,98.22973582320583,98.4238052368164,268000,0.0,0.0
2023-10-26 00:00:00-04:00,99.35535441977527,108.03039218102536,97.41463061838769,107.04061889648438,536400,0.0,0.0
2023-10-27 00:00:00-04:00,107.90424068465494,108.52527171049931,102.56725021655419,103.9257583618164,312200,0.0,0.0
2023-10-30 00:00:00-04:00,105.08048828809335,106.65247719011288,104.09071503017506,105.73062896728516,368500,0.0,0.0
2023-10-31 00:00:00-04:00,106.04115677434544,106.42930304987173,104.35272898957165,105.69182586669922,260100,0.0,0.0
2023-11-01 00:00:00-04:00,105.33278316236313,106.12847959368372,103.7801982593511,104.21686553955078,214200,0.0,0.0
2023-11-02 00:00:00-04:00,105.51716146657242,106.30315971826263,104.65353988162134,106.12849426269531,181600,0.0,0.0
2023-11-03 00:00:00-04:00,106.91447826197071,107.81691515737768,105.4298256863953,105.86648559570312,188900,0.0,0.0
2023-11-06 00:00:00-05:00,106.2352360577835,107.00181553040888,105.546272516155,106.62337493896484,164600,0.0,0.0
2023-11-07 00:00:00-05:00,106.73980260571224,107.01150273691215,105.50744632397748,105.63359069824219,183700,0.0,0.0
2023-11-08 00:00:00-05:00,105.8664814985626,106.15759302901753,105.07078503902942,105.83737182617188,127300,0.0,0.0
2023-11-09 00:00:00-05:00,106.21583124256114,106.28375629129737,105.35220959293981,105.9344253540039,148400,0.0,0.0
2023-11-10 00:00:00-05:00,105.90531567644196,106.38079101759554,105.57539612637316,105.9344253540039,154600,0.0,0.0
2023-11-13 00:00:00-05:00,106.12849043732861,106.12849043732861,103.78020886306106,105.08049774169922,224900,0.0,0.0
2023-11-14 00:00:00-05:00,106.22923437611043,108.33200856081802,105.98585728734969,108.04969024658203,303600,0.35,0.0
2023-11-15 00:00:00-05:00,107.981542464059,109.87015100593813,107.54346668532251,109.08161163330078,203200,0.0,0.0
2023-11-16 00:00:00-05:00,109.37365662251777,109.37365662251777,107.09565075305308,107.8647232055664,168600,0.0,0.0
2023-11-17 00:00:00-05:00,108.32227964404859,109.17897181516392,107.4461279996332,108.92585754394531,298900,0.0,0.0
2023-11-20 00:00:00-05:00,108.79929676335378,109.66571861251884,107.83551813603404,109.27631378173828,259600,0.0,0.0
2023-11-21 00:00:00-05:00,108.94532947768761,109.46128774543647,108.19572384443458,109.04267883300781,181500,0.0,0.0
2023-11-22 00:00:00-05:00,109.71438938019215,110.18167666175789,108.45857012974791,108.46829986572266,148400,0.0,0.0
2023-11-24 00:00:00-05:00,108.56565224320111,109.48075250533708,108.56565224320111,109.2276382446289,80600,0.0,0.0
2023-11-27 00:00:00-05:00,108.91610970825207,109.88961804202103,108.29306496882225,109.25684356689453,136400,0.0,0.0
2023-11-28 00:00:00-05:00,108.82851019883026,108.99400485229955,107.22221977556704,107.30010223388672,130900,0.0,0.0
2023-11-29 00:00:00-05:00,107.78685043713554,108.34174992392983,107.40718275813312,107.85499572753906,179500,0.0,0.0
2023-11-30 00:00:00-05:00,108.12758059220194,109.72413381685848,107.80632102903473,109.03294372558594,346700,0.0,0.0
2023-12-01 00:00:00-05:00,108.64352765684536,110.24008071672553,107.62134837128256,109.92855834960938,313900,0.0,0.0
2023-12-04 00:00:00-05:00,110.20114505726606,111.71982317251538,109.7338651966351,111.02863311767578,272400,0.0,0.0
2023-12-05 00:00:00-05:00,111.13571517947229,111.80743088062113,110.07458723127037,110.87286376953125,194800,0.0,0.0
2023-12-06 00:00:00-05:00,111.28173224748707,111.97292225450066,109.60729677031436,109.93829345703125,161800,0.0,0.0
2023-12-07 00:00:00-05:00,109.7533304603672,111.14544771268461,109.45154524540418,110.4737319946289,166000,0.0,0.0
2023-12-08 00:00:00-05:00,110.28876071631159,111.50564614116196,110.28876071631159,110.94100952148438,143900,0.0,0.0
2023-12-11 00:00:00-05:00,111.164929096032,112.20658281058503,110.6879046215628,111.67115020751953,167700,0.0,0.0
2023-12-12 00:00:00-05:00,112.02159664125678,112.88801840976788,111.21358299237784,111.39855194091797,226600,0.0,0.0
2023-12-13 00:00:00-05:00,111.13572065866036,112.86856439344338,111.01889697878482,112.14816284179688,277900,0.0,0.0
2023-12-14 00:00:00-05:00,113.03406078518566,113.73498802072568,107.24168878291286,107.64082336425781,373100,0.0,0.0
2023-12-15 00:00:00-05:00,108.34175371443517,109.66572576912165,107.7089717515324,107.94261169433594,537100,0.0,0.0
2023-12-18 00:00:00-05:00,108.22492380743778,108.64353270400449,105.93718062134141,106.24870300292969,264400,0.0,0.0
2023-12-19 00:00:00-05:00,106.40447839629971,107.88420799789012,105.98586945846819,107.4655990600586,253900,0.0,0.0
2023-12-20 00:00:00-05:00,107.67975799849066,108.16651216811505,105.9177102811797,106.05400085449219,205000,0.0,0.0
2023-12-21 00:00:00-05:00,106.30711451658469,107.54347434627451,105.90797993399106,107.53373718261719,168100,0.0,0.0
2023-12-22 00:00:00-05:00,108.08863422158944,108.1762538379574,106.86201158339455,107.01777648925781,170900,0.0,0.0
2023-12-26 00:00:00-05:00,106.89121726266733,107.90365938662005,106.365521874877,107.7479019165039,135300,0.0,0.0
2023-12-27 00:00:00-05:00,107.30983927472829,107.72844820361566,106.31685650049312,106.4920883178711,145100,0.0,0.0
2023-12-28 00:00:00-05:00,105.99557723229732,106.01505155687573,104.88577840424436,105.5282974243164,198400,0.0,0.0
2023-12-29 00:00:00-05:00,105.08049415769149,105.83009232262671,104.65214810499747,105.51856994628906,200700,0.0,0.0
2024-01-02 00:00:00-05:00,104.81764935472845,106.49208501839844,103.62023816247871,104.1167221069336,225600,0.0,0.0
2024-01-03 00:00:00-05:00,103.79546376488709,103.88307595198017,102.21837755169747,102.42281341552734,215000,0.0,0.0
2024-01-04 00:00:00-05:00,101.80950796944876,103.9804274934462,100.80679552831923,103.67864227294922,250300,0.0,0.0
2024-01-05 00:00:00-05:00,103.14321796596154,104.08752235686309,102.83169555706125,103.4644775390625,173100,0.0,0.0
2024-01-08 00:00:00-05:00,103.6883717568281,105.72300055137488,103.37684939598385,105.40174102783203,224100,0.0,0.0
2024-01-09 00:00:00-05:00,104.52560872648843,104.57427969437873,103.43527654927749,103.76626586914062,149500,0.0,0.0
2024-01-10 00:00:00-05:00,103.39632021451757,106.87174470179392,103.38658305144979,106.57969665527344,221100,0.0,0.0
2024-01-11 00:00:00-05:00,106.1026665629684,106.71598153979453,104.11670875793297,105.93717193603516,246000,0.0,0.0
2024-01-12 00:00:00-05:00,106.70624663761618,107.87445364072265,106.44339523418587,107.19300079345703,167700,0.0,0.0
2024-01-16 00:00:00-05:00,106.53101893044473,107.2027420679985,106.02479785695677,107.17353057861328,156100,0.0,0.0
2024-01-17 00:00:00-05:00,106.15134516187337,107.96207118106774,106.15134516187337,107.2027359008789,143800,0.0,0.0
2024-01-18 00:00:00-05:00,107.23194685962446,107.65055574964248,106.40446624278306,107.5921401977539,160200,0.0,0.0
2024-01-19 00:00:00-05:00,107.92313657335026,110.07458914152073,106.83280454451737,109.87989044189453,275500,0.0,0.0
2024-01-22 00:00:00-05:00,110.76577205037023,112.3331209914884,110.72683082749587,112.30391693115234,188200,0.0,0.0
2024-01-23 00:00:00-05:00,113.23849936127873,113.23849936127873,110.72684584972028,111.67115020751953,122400,0.0,0.0
2024-01-24 00:00:00-05:00,112.5765036326024,113.14114025129204,111.05783300177568,111.22332763671875,126100,0.0,0.0
2024-01-25 00:00:00-05:00,112.10923243585304,112.21631152821402,111.15519092285739,111.9924087524414,184400,0.0,0.0
2024-01-26 00:00:00-05:00,112.68360103929922,113.1703552554517,111.96320687903193,112.79068756103516,132900,0.0,0.0
2024-01-29 00:00:00-05:00,112.50837048742122,113.6473735834574,112.3428758346187,113.45267486572266,224800,0.0,0.0
2024-01-30 00:00:00-05:00,112.94644655511556,114.5527369753082,112.4402254315654,114.43592071533203,234000,0.0,0.0
2024-01-31 00:00:00-05:00,114.3872343613528,115.03948319175981,111.61273697080992,111.72955322265625,347000,0.0,0.0
2024-02-01 00:00:00-05:00,112.60571264987932,119.61497744958126,112.60571264987932,116.50948333740234,353500,0.0,0.0
2024-02-02 00:00:00-05:00,116.59709076591427,116.82100095240924,113.01457977294922,113.01457977294922,192300,0.0,0.0
2024-02-05 00:00:00-05:00,112.4694246814867,115.03948627285273,111.2330722768964,114.21200561523438,276800,0.0,0.0
2024-02-06 00:00:00-05:00,114.8545190593278,114.8545190593278,112.44021506948657,112.761474609375,229700,0.0,0.0
2024-02-07 00:00:00-05:00,112.54730092198662,114.01730060991981,112.17737042285876,112.97564697265625,239300,0.0,0.0
2024-02-08 00:00:00-05:00,112.52782705581929,113.88101050076044,112.36233241821272,113.85179901123047,179500,0.0,0.0
2024-02-09 00:00:00-05:00,113.60842722303022,115.50677305796003,113.60842722303022,115.23419189453125,174200,0.0,0.0
2024-02-12 00:00:00-05:00,115.02002093685373,116.45107949799508,115.02002093685373,115.85723876953125,174500,0.0,0.0
2024-02-13 00:00:00-05:00,113.9630577528801,116.52116820292817,113.54321411768477,114.94920349121094,297700,0.35,0.0
2024-02-14 00:00:00-05:00,115.8865294948796,118.02479635102124,114.70511074260735,117.76117706298828,204600,0.0,0.0
2024-02-15 00:00:00-05:00,117.89787077937969,118.83519457241886,115.29093828162817,116.52117156982422,213900,0.0,0.0
2024-02-16 00:00:00-05:00,116.34542236890208,118.34699652079188,115.23234252618768,115.57408142089844,340600,0.0,0.0
2024-02-20 00:00:00-05:00,114.8710977974954,117.09724279841299,114.21692504619178,114.50006866455078,257700,0.0,0.0
2024-02-21 00:00:00-05:00,114.47076268735752,115.48619854683527,113.25028796911792,114.51958465576172,209300,0.0,0.0
2024-02-22 00:00:00-05:00,114.19739080471544,116.11109449126175,112.92810141984856,116.02322387695312,203200,0.0,0.0
2024-02-23 00:00:00-05:00,116.1110963484457,116.33566700391647,114.69534846789901,114.7636947631836,136100,0.0,0.0
2024-02-26 00:00:00-05:00,114.36335702747071,115.24210028917052,114.08997189031662,114.38288879394531,138100,0.0,0.0
2024-02-27 00:00:00-05:00,114.52936851366572,114.52936851366572,111.4147141601607,113.4748764038086,221100,0.0,0.0
2024-02-28 00:00:00-05:00,112.95739118740427,114.79298268800203,112.69376444712404,113.15266418457031,186800,0.0,0.0
2024-02-29 00:00:00-05:00,114.10952481907877,114.86133408568003,111.30731174518968,111.79550170898438,264200,0.0,0.0
2024-03-01 00:00:00-05:00,112.2641506148846,112.53753576198177,111.22918298049116,112.3227310180664,163900,0.0,0.0
2024-03-04 00:00:00-05:00,112.63518645669986,113.35770550075542,111.74667716738236,112.11770629882812,136600,0.0,0.0
2024-03-05 00:00:00-05:00,112.02981880447368,113.36746184368171,111.64903126944125,111.93218231201172,113300,0.0,0.0
2024-03-06 00:00:00-05:00,112.29344435840846,113.43580695160514,111.69785207665221,112.44966125488281,112200,0.0,0.0
2024-03-07 00:00:00-05:00,112.73280168119955,113.6603668855661,111.58067331257023,112.05909729003906,138800,0.0,0.0
2024-03-08 00:00:00-05:00,112.86950742429617,113.24053652903683,112.31297121637216,113.09407806396484,137000,0.0,0.0
2024-03-11 00:00:00-04:00,113.32841587886318,114.27550558362648,112.56684074077775,113.77754974365234,179700,0.0,0.0
2024-03-12 00:00:00-04:00,113.62134079894693,116.06229074560929,112.40086582561577,115.92559814453125,140000,0.0,0.0
2024-03-13 00:00:00-04:00,116.1989633306542,117.82951582634615,115.1737615499785,117.51707458496094,200000,0.0,0.0
2024-03-14 00:00:00-04:00,117.21439401526212,117.21439401526212,113.7384769790807,115.02729797363281,178500,0.0,0.0
2024-03-15 00:00:00-04:00,114.70510953470371,116.80432027992225,114.70510953470371,115.87676239013672,478500,0.0,0.0
2024-03-18 00:00:00-04:00,115.32997919010452,116.90195118951488,114.35359943639307,116.04273223876953,213600,0.0,0.0
2024-03-19 00:00:00-04:00,116.18921099939678,116.75551314333333,113.86542946111639,114.68558502197266,295600,0.0,0.0
2024-03-20 00:00:00-04:00,114.13880886131508,117.50731644991731,114.13880886131508,117.27298736572266,139900,0.0,0.0
2024-03-21 00:00:00-04:00,117.46825906752419,120.26070607481827,117.37062257095047,119.9580307006836,203100,0.0,0.0
2024-03-22 00:00:00-04:00,120.09471959243587,120.09471959243587,117.45849702008157,118.6301498413086,175700,0.0,0.0
2024-03-25 00:00:00-04:00,119.01093493459281,121.02227496772798,118.72778389462547,119.9092025756836,172500,0.0,0.0
2024-03-26 00:00:00-04:00,120.04590110420423,121.42260028581872,119.03047260257773,120.92464447021484,201600,0.0,0.0
2024-03-27 00:00:00-04:00,121.86197139159894,123.36559731245457,121.09063038646725,123.2289047241211,141500,0.0,0.0
2024-03-28 00:00:00-04:00,123.56088229939196,124.99616197881619,123.05316056762364,124.52749633789062,215900,0.0,0.0
2024-04-01 00:00:00-04:00,124.97663181794339,125.33788762681198,121.58859224788378,122.55520629882812,183400,0.0,0.0
2024-04-02 00:00:00-04:00,121.70575739771323,122.49662274189443,120.33882403245633,120.73914337158203,183900,0.0,0.0
2024-04-03 00:00:00-04:00,120.0263833241139,122.66260611659045,118.87425472572458,121.92056274414062,95300,0.0,0.0
2024-04-04 00:00:00-04:00,122.35992193894275,123.14102879501023,119.84086014977153,120.27046966552734,128500,0.0,0.0
2024-04-05 00:00:00-04:00,120.23141007407658,122.50637683557906,120.17282966879411,121.82290649414062,145000,0.0,0.0
2024-04-08 00:00:00-04:00,121.94983402605779,123.38511347115616,121.5690465139933,122.7602310180664,130000,0.0,0.0
2024-04-09 00:00:00-04:00,123.13127694947097,123.57064495036113,122.4575723955307,122.95552825927734,79800,0.0,0.0
2024-04-10 00:00:00-04:00,125.49410391675418,127.57379781425325,122.7309470876561,126.41190338134766,371100,0.0,0.0
2024-04-11 00:00:00-04:00,126.44121051739117,128.35492188050762,124.68372353052432,128.2768096923828,213900,0.0,0.0
2024-04-12 00:00:00-04:00,127.81789622916259,129.18482212921964,127.09536974006105,128.95050048828125,210700,0.0,0.0
2024-04-15 00:00:00-04:00,129.49724819876116,130.3076451614732,126.54857724622866,127.9740982055664,245300,0.0,0.0
2024-04-16 00:00:00-04:00,127.48591623638033,128.04244496911093,126.34353877236438,127.2418212890625,201500,0.0,0.0
2024-04-17 00:00:00-04:00,127.59332471084745,129.86829178208242,126.27522071741349,126.57789611816406,150800,0.0,0.0
2024-04-18 00:00:00-04:00,127.02701240948291,128.0521992361547,125.48433060483565,125.67960357666016,188300,0.0,0.0
2024-04-19 00:00:00-04:00,125.66010318597048,128.22798735683597,125.66010318597048,127.32971954345703,215900,0.0,0.0
2024-04-22 00:00:00-04:00,127.90574376170349,128.82354308541252,127.25157113484906,127.50542449951172,231600,0.0,0.0
2024-04-23 00:00:00-04:00,127.75931000885957,130.06356706300505,127.75931000885957,129.37033081054688,340400,0.0,0.0
2024-04-24 00:00:00-04:00,129.38008085804805,130.48339479034718,128.41347439904993,128.9114227294922,354100,0.0,0.0
2024-04-25 00:00:00-04:00,125.66008988179196,125.66008988179196,111.40494486209242,111.90290069580078,1088700,0.0,0.0
2024-04-26 00:00:00-04:00,111.77597038796912,114.47077345593537,109.45218153835637,112.97691345214844,626200,0.0,0.0
2024-04-29 00:00:00-04:00,114.90038656426346,114.90038656426346,111.31707413047339,112.62541961669922,394600,0.0,0.0
2024-04-30 00:00:00-04:00,112.27391178405193,112.66446519621235,109.43265042272871,110.31139373779297,347200,0.0,0.0
2024-05-01 00:00:00-04:00,110.50667353559103,112.76210864238753,109.27643281861694,112.02006530761719,318300,0.0,0.0
2024-05-02 00:00:00-04:00,112.30319717430295,113.25028673722466,110.77028124283594,112.14698028564453,168000,0.0,0.0
2024-05-03 00:00:00-04:00,112.65471688935185,113.76778944570498,111.88337582851277,113.601806640625,166600,0.0,0.0
2024-05-06 00:00:00-04:00,114.70511267024425,114.87109546361685,113.10384279857283,113.85565948486328,293800,0.0,0.0
2024-05-07 00:00:00-04:00,114.57816491250566,116.63832683020405,113.85564596600064,116.2087173461914,280900,0.0,0.0
2024-05-08 00:00:00-04:00,115.32022411401682,116.4625867451109,115.28116802630586,115.70101165771484,173300,0.0,0.0
2024-05-09 00:00:00-04:00,115.48622073721639,117.6635513305664,115.48622073721639,117.6635513305664,156600,0.0,0.0
2024-05-10 00:00:00-04:00,117.8490375028364,118.07360813185363,116.35517761816739,116.39423370361328,116100,0.0,0.0
2024-05-13 00:00:00-04:00,117.30228852877163,117.52685919861246,115.11519949052776,115.25189208984375,150900,0.0,0.0
2024-05-14 00:00:00-04:00,116.25074946459914,116.96562974435396,114.11591102416241,114.2236328125,159900,0.35,0.0
2024-05-15 00:00:00-04:00,114.66430890537366,114.72307099971654,113.04849700208777,113.46958923339844,134100,0.0,0.0
2024-05-16 00:00:00-04:00,113.80252700223666,115.26165722735308,112.3923564660309,114.81118774414062,221300,0.0,0.0
2024-05-17 00:00:00-04:00,115.36939014824242,115.71214536042785,113.68502128312927,115.0951919555664,367100,0.0,0.0
2024-05-20 00:00:00-04:00,114.97769109932082,118.65979205714272,114.89934661817374,118.22891235351562,300700,0.0,0.0
2024-05-21 00:00:00-04:00,118.24848561151148,118.24848561151148,116.48577227845591,116.87748718261719,285600,0.0,0.0
2024-05-22 00:00:00-04:00,116.77956230237558,116.90686647306457,113.8025394402028,114.34114837646484,170600,0.0,0.0
2024-05-23 00:00:00-04:00,114.28239400134449,115.03644656303501,113.55772622380401,113.83192443847656,137700,0.0,0.0
2024-05-24 00:00:00-04:00,114.65451476576017,116.35846597556481,114.56637536505394,116.22136688232422,153900,0.0,0.0
2024-05-28 00:00:00-04:00,115.87861633300781,117.27899201250906,114.94829254138192,115.87861633300781,160000,0.0,0.0
2024-05-29 00:00:00-04:00,114.88954731488224,115.38898402399882,113.54792614385951,113.59689331054688,151700,0.0,0.0
2024-05-30 00:00:00-04:00,114.45866445293422,116.28013254623755,114.28239310611967,114.78182983398438,134800,0.0,0.0
2024-05-31 00:00:00-04:00,115.1049791606794,116.18218947592759,114.29217209310471,115.47710418701172,178700,0.0,0.0
2024-06-03 00:00:00-04:00,116.5739069115091,116.5739069115091,114.25300236316212,115.11477661132812,117200,0.0,0.0
2024-06-04 00:00:00-04:00,114.88954775291384,114.88954775291384,111.48163765321445,112.19651794433594,156400,0.0,0.0
2024-06-05 00:00:00-04:00,112.58821321197054,114.10609799267618,112.19649835937769,113.62625122070312,119200,0.0,0.0
2024-06-06 00:00:00-04:00,112.89180940532525,113.49896791190989,110.551322257233,112.46092224121094,277000,0.0,0.0
2024-06-07 00:00:00-04:00,111.09971597474527,111.73625177774969,109.94416108464729,110.14002227783203,231700,0.0,0.0
2024-06-10 00:00:00-04:00,109.24886569167465,109.33700509243512,107.83870252156926,108.75922393798828,180300,0.0,0.0
2024-06-11 00:00:00-04:00,108.65149688720703,108.82776820884236,107.43718748890801,108.65149688720703,161500,0.0,0.0
2024-06-12 00:00:00-04:00,110.56110812380729,112.99952193535333,110.51214096050172,111.87334442138672,186000,0.0,0.0
2024-06-13 00:00:00-04:00,111.87333752333268,111.87333752333268,107.4763569921221,108.18144226074219,237700,0.0,0.0
2024-06-14 00:00:00-04:00,106.5166752830409,106.92798007865994,105.11629941780208,105.91931915283203,270000,0.0,0.0
2024-06-17 00:00:00-04:00,105.52759385270362,108.5144040958666,105.52759385270362,107.04547882080078,274400,0.0,0.0
2024-06-18 00:00:00-04:00,107.11403129676799,107.84849395438216,106.26205939559348,107.00630950927734,282300,0.0,0.0
2024-06-20 00:00:00-04:00,106.74190391935039,106.85942063169642,104.53851599440966,104.88126373291016,217100,0.0,0.0
2024-06-21 00:00:00-04:00,104.88126167504983,106.40894902021229,103.69632953300305,104.09783935546875,571400,0.0,0.0
2024-06-24 00:00:00-04:00,104.66581812818947,105.26318166282503,103.46130360325168,103.84322357177734,312200,0.0,0.0
2024-06-25 00:00:00-04:00,103.84322189295526,104.16638723689553,102.98145511378793,103.3829574584961,187500,0.0,0.0
2024-06-26 00:00:00-04:00,102.63870875436488,105.17505709004934,102.63870875436488,104.734375,467900,0.0,0.0
2024-06-27 00:00:00-04:00,105.00857581473407,105.81158800746324,103.52006067077635,103.60820007324219,335700,0.0,0.0
2024-06-28 00:00:00-04:00,104.21535001414213,105.01836219867468,101.64963198302948,102.7072525024414,954700,0.0,0.0
2024-07-01 00:00:00-04:00,103.21648254191112,104.16638873368431,100.8662006442812,101.86506652832031,411300,0.0,0.0
2024-07-02 00:00:00-04:00,102.37430976630083,103.44172531788013,101.69860168272135,102.47223663330078,305600,0.0,0.0
2024-07-03 00:00:00-04:00,102.52120359269644,102.52120359269644,100.8857942846452,101.3852310180664,109700,0.0,0.0
2024-07-05 00:00:00-04:00,100.72910921664923,101.03268473435482,99.56375937047757,99.88692474365234,235100,0.0,0.0
2024-07-08 00:00:00-04:00,100.4744786176388,101.42438474198637,99.710638736179,100.21007537841797,291400,0.0,0.0
2024-07-09 00:00:00-04:00,100.86620470345828,101.98258734227475,99.75961699202524,99.98484802246094,271400,0.0,0.0
2024-07-10 00:00:00-04:00,99.98484617240636,101.01309685976726,99.87712438720321,100.67034912109375,191100,0.0,0.0
2024-07-11 00:00:00-04:00,102.56035678685065,102.99123641501689,100.79764362645352,101.48313903808594,623700,0.0,0.0
2024-07-12 00:00:00-04:00,102.73664749588674,103.7257185663233,102.26658807393726,102.34493255615234,249100,0.0,0.0
2024-07-15 00:00:00-04:00,102.96186054241846,107.21195456778662,102.3840868976108,106.84961700439453,433300,0.0,0.0
2024-07-16 00:00:00-04:00,107.54492185379804,109.86582661506863,107.54492185379804,109.39576721191406,402400,0.0,0.0
2024-07-17 00:00:00-04:00,108.95509388528282,110.01271448008889,107.17279805737195,107.30010223388672,382800,0.0,0.0
2024-07-18 00:00:00-04:00,106.91817612948387,108.92571035499377,105.23380726207193,106.03681945800781,248500,0.0,0.0
2024-07-19 00:00:00-04:00,106.24245818219141,106.55582858375016,105.14566551240569,105.76261138916016,247200,0.0,0.0
2024-07-22 00:00:00-04:00,106.05641130336242,107.40781991076625,105.1260874493754,107.07485961914062,243100,0.0,0.0
2024-07-23 00:00:00-04:00,106.781068601611,108.09330484226415,106.5950023547298,106.73210144042969,269200,0.0,0.0
2024-07-24 00:00:00-04:00,106.05641170088073,108.31855431582751,105.58635230839461,107.77994537353516,417900,0.0,0.0
2024-07-25 00:00:00-04:00,112.00066080888122,114.0473598148309,108.13248635518566,109.93437194824219,561100,0.0,0.0
2024-07-26 00:00:00-04:00,110.46318607660976,112.35320360383201,108.35772497560976,109.55245208740234,505900,0.0,0.0
2024-07-29 00:00:00-04:00,109.85603313529802,110.39464209691373,106.50688505945352,106.91818237304688,276300,0.0,0.0
2024-07-30 00:00:00-04:00,107.56450484515405,109.80706514000245,106.48729440138017,109.59162902832031,280800,0.0,0.0
2024-07-31 00:00:00-04:00,109.77768958839829,110.70801348715764,108.04436091132514,109.28804779052734,261500,0.0,0.0
2024-08-01 00:00:00-04:00,108.91591949643475,110.67862543389501,108.49482726385123,110.34567260742188,378000,0.0,0.0
2024-08-02 00:00:00-04:00,107.65263671174097,109.55244911476854,106.6341809632798,109.2096939086914,399500,0.0,0.0
2024-08-05 00:00:00-04:00,105.15546285186018,107.55471198522113,104.27411365117698,106.16413116455078,550100,0.0,0.0
2024-08-06 00:00:00-04:00,106.21310135258457,108.30876771793436,105.71366461053469,107.72119903564453,414900,0.0,0.0
2024-08-07 00:00:00-04:00,108.98446174151559,110.1400165717471,108.87673995867993,109.32720947265625,306900,0.0,0.0
2024-08-08 00:00:00-04:00,109.84624163190426,111.12910825192573,109.81686431878046,110.77656555175781,297100,0.0,0.0
2024-08-09 00:00:00-04:00,111.24660058080494,112.69594340227117,110.77654869964937,112.29443359375,225000,0.0,0.0
2024-08-12 00:00:00-04:00,112.55884644603178,113.8906725867621,111.88313844881623,113.45978546142578,329800,0.0,0.0
2024-08-13 00:00:00-04:00,113.98860635423128,116.00592807003052,113.98860635423128,115.75131225585938,258200,0.0,0.0
2024-08-14 00:00:00-04:00,115.75130423216437,115.9471654107733,114.85036522458341,115.42814636230469,275300,0.0,0.0
2024-08-15 00:00:00-04:00,117.45200224187674,117.46182135362359,116.42042585006651,116.72498321533203,233600,0.38,0.0
2024-08-16 00:00:00-04:00,116.41060780820253,117.4618299963596,116.41060780820253,117.33411407470703,291800,0.0,0.0
2024-08-19 00:00:00-04:00,117.57971183422254,118.1397084894041,116.22393243102107,117.54041290283203,285800,0.0,0.0
2024-08-20 00:00:00-04:00,117.18673324679284,117.56006935754368,114.77973172292171,114.79937744140625,191700,0.0,0.0
2024-08-21 00:00:00-04:00,115.32990257274372,115.70323119053455,114.01342205566155,115.24148559570312,181500,0.0,0.0
2024-08-22 00:00:00-04:00,115.36920027263876,116.10603838878978,114.28850586805159,114.49481964111328,228300,0.0,0.0
2024-08-23 00:00:00-04:00,114.96639483523505,116.48919664651648,114.85833213791348,116.44007110595703,311100,0.0,0.0
2024-08-26 00:00:00-04:00,117.09831073727766,118.31654760438927,115.88989298119185,116.08638763427734,171400,0.0,0.0
2024-08-27 00:00:00-04:00,116.08640004760301,117.02955199675246,114.06254612968348,114.2786865234375,182000,0.0,0.0
2024-08-28 00:00:00-04:00,114.033065347231,114.8878002512898,113.08008686116088,113.77762603759766,147100,0.0,0.0
2024-08-29 00:00:00-04:00,114.74043359559627,115.74253014644862,114.1706103139817,115.32007598876953,177200,0.0,0.0
2024-08-30 00:00:00-04:00,115.60499175716573,118.19866144721742,115.60499175716573,117.9825210571289,269800,0.0,0.0
2024-09-03 00:00:00-04:00,117.1965536075715,118.13970545016633,115.17270741380578,115.66393280029297,183400,0.0,0.0
2024-09-04 00:00:00-04:00,115.56569197627908,117.6386638907502,115.14323780661186,117.37340545654297,175600,0.0,0.0
2024-09-05 00:00:00-04:00,117.95304724599247,117.95304724599247,115.32990526221373,117.00989532470703,163100,0.0,0.0
2024-09-06 00:00:00-04:00,117.31446729168411,118.06112458989801,115.74253983216808,116.65621948242188,212200,0.0,0.0
2024-09-09 00:00:00-04:00,116.61691878560487,118.10042174275878,115.39868176882896,115.44780731201172,232700,0.0,0.0
2024-09-10 00:00:00-04:00,115.44780104590915,115.44780104590915,111.50817105355745,111.52781677246094,172300,0.0,0.0
2024-09-11 00:00:00-04:00,110.52572177816788,113.1586903834591,109.98537080682807,112.52009582519531,199200,0.0,0.0
2024-09-12 00:00:00-04:00,113.1685116198417,116.64638839952914,113.06044143070274,113.9544677734375,253500,0.0,0.0
2024-09-13 00:00:00-04:00,115.13341519672075,115.83095438674468,114.00359524282085,115.10394287109375,192700,0.0,0.0
2024-09-16 00:00:00-04:00,115.65411402658876,117.64848803151654,115.35937577653326,115.85060119628906,204600,0.0,0.0
2024-09-17 00:00:00-04:00,116.51866864126421,117.58954395927256,115.13341684838797,116.15516662597656,143300,0.0,0.0
2024-09-18 00:00:00-04:00,115.76218611366983,117.97270053875837,114.88780545183077,117.0491943359375,210000,0.0,0.0
2024-09-19 00:00:00-04:00,118.86672684091042,118.86672684091042,116.48919757086763,117.00989532470703,184400,0.0,0.0
2024-09-20 00:00:00-04:00,117.00988495962442,117.66812517520665,115.10393556681159,115.31024932861328,582100,0.0,0.0
2024-09-23 00:00:00-04:00,115.86043555543307,116.2337642010444,114.53412833245262,115.9488525390625,134900,0.0,0.0
2024-09-24 00:00:00-04:00,115.96850923421313,116.20429535980513,113.01132982195402,113.11940002441406,135100,0.0,0.0
2024-09-25 00:00:00-04:00,113.34534152562205,113.34534152562205,111.01693063602482,111.63587188720703,234800,0.0,0.0
2024-09-26 00:00:00-04:00,112.35308840150643,113.25694145373683,111.45905446176356,112.38256072998047,167700,0.0,0.0
2024-09-27 00:00:00-04:00,113.07025826874428,114.53411534837511,112.45131696698739,112.50044250488281,208600,0.0,0.0
2024-09-30 00:00:00-04:00,112.50044298336294,113.75797880558525,111.92079311485142,112.78535461425781,184300,0.0,0.0
2024-10-01 00:00:00-04:00,113.0407931216429,113.37483031043084,111.0267733636321,112.18606567382812,157900,0.0,0.0
2024-10-02 00:00:00-04:00,111.41975301562675,112.25483472792789,110.69273399952479,110.81063079833984,149900,0.0,0.0
2024-10-03 00:00:00-04:00,110.50607166163289,111.72430858112477,109.50396762657115,109.69063568115234,146500,0.0,0.0
2024-10-04 00:00:00-04:00,110.84010479276216,112.36290661115126,110.84010479276216,111.89132690429688,153200,0.0,0.0
2024-10-07 00:00:00-04:00,111.40992679866307,111.40992679866307,109.75940908699751,111.05624389648438,236800,0.0,0.0
2024-10-08 00:00:00-04:00,111.48851687059967,111.66535830932594,110.38816930791342,111.00711059570312,147400,0.0,0.0
2024-10-09 00:00:00-04:00,111.04641841782961,113.15868924522213,111.0169460915994,111.81272888183594,221100,0.0,0.0
2024-10-10 00:00:00-04:00,110.71239461541434,111.30186365788845,110.28994042746521,110.64362335205078,196900,0.0,0.0
2024-10-11 00:00:00-04:00,110.66327064630025,112.50045655872621,110.66327064630025,111.6948471069336,171300,0.0,0.0
2024-10-14 00:00:00-04:00,111.69483171402003,112.22535603533252,111.0169382764255,111.64570617675781,176400,0.0,0.0
2024-10-15 00:00:00-04:00,111.64571452567412,113.17833546040613,111.59658898473829,112.07799530029297,523800,0.0,0.0
2024-10-16 00:00:00-04:00,112.47097811277408,113.99377245337156,112.47097811277408,112.7067642211914,348700,0.0,0.0
2024-10-17 00:00:00-04:00,113.18816232736643,113.5025463017636,111.55729780252645,112.2253646850586,103800,0.0,0.0
2024-10-18 00:00:00-04:00,112.49062075054566,112.53974629056015,110.48642014513646,110.77133178710938,210400,0.0,0.0
2024-10-21 00:00:00-04:00,111.12501263574431,111.38045194719356,108.88502596974071,109.45484924316406,133000,0.0,0.0
2024-10-22 00:00:00-04:00,109.05204017937048,109.72010703164086,108.09906169203573,109.09133911132812,226800,0.0,0.0
2024-10-23 00:00:00-04:00,108.90467727872729,109.48432718882954,107.96152534438806,108.20713806152344,218300,0.0,0.0
2024-10-24 00:00:00-04:00,108.60011522548014,108.60011522548014,99.83665565486909,100.46542358398438,501600,0.0,0.0
2024-10-25 00:00:00-04:00,101.86049948949523,104.27732756386375,101.8506728827302,103.68785858154297,748200,0.0,0.0
2024-10-28 00:00:00-04:00,103.81558278245916,105.36785697315277,103.28505840732949,104.11032104492188,564700,0.0,0.0
2024-10-29 00:00:00-04:00,102.8724305333283,103.953125,102.05699450568756,103.953125,495900,0.0,0.0
2024-10-30 00:00:00-04:00,103.61908713949273,105.55451641597287,103.35382122584568,103.57978820800781,205800,0.0,0.0
2024-10-31 00:00:00-04:00,103.39312475994187,103.39312475994187,101.6443634562917,101.65419006347656,304200,0.0,0.0
2024-11-01 00:00:00-04:00,102.31242681790599,104.93556868332944,101.61488764182923,104.2183837890625,255700,0.0,0.0
2024-11-04 00:00:00-05:00,103.85487436979153,105.84924831757898,103.4717191530001,104.25768280029297,190000,0.0,0.0
2024-11-05 00:00:00-05:00,103.64856959542406,105.39733099216078,103.04927394883379,105.20084381103516,164100,0.0,0.0
2024-11-06 00:00:00-05:00,111.92080091022488,114.66183972715845,106.94960192440911,108.04012298583984,511100,0.0,0.0
2024-11-07 00:00:00-05:00,107.65697206892881,107.93205712330372,105.11242032494981,105.83943939208984,244400,0.0,0.0
2024-11-08 00:00:00-05:00,105.97697633276712,109.00291926688595,105.18118604398295,107.16574096679688,231700,0.0,0.0
2024-11-11 00:00:00-05:00,107.74538243848247,109.33695550674298,106.53697209587226,106.59591674804688,534400,0.0,0.0
2024-11-12 00:00:00-05:00,106.02609258233687,107.70608261497367,105.54469377071119,106.03591918945312,166200,0.0,0.0
2024-11-13 00:00:00-05:00,107.48013354080638,110.05415018746027,107.30329207309303,107.82398986816406,175900,0.0,0.0
2024-11-14 00:00:00-05:00,108.06959854664625,108.89485370134163,104.48365127758825,105.21066284179688,233700,0.0,0.0
2024-11-15 00:00:00-05:00,105.89097699869657,105.9895704435068,103.78104568652722,104.28387451171875,199400,0.38,0.0
2024-11-18 00:00:00-05:00,104.412041941382,105.54588524471168,104.12611571551994,104.51063537597656,267500,0.0,0.0
2024-11-19 00:00:00-05:00,103.2683435220675,103.89935056972938,102.90354703894266,103.58384704589844,210800,0.0,0.0
2024-11-20 00:00:00-05:00,103.79090184612282,104.63881902844453,102.56832655713251,103.72188568115234,155800,0.0,0.0
2024-11-21 00:00:00-05:00,103.79088767339614,103.79088767339614,101.39503038486616,101.52320861816406,231500,0.0,0.0
2024-11-22 00:00:00-05:00,101.92745566376016,103.731745037479,101.65139100985297,102.9331283569336,371300,0.0,0.0
2024-11-25 00:00:00-05:00,103.98808182986582,107.20227889997382,103.98808182986582,106.42337799072266,301600,0.0,0.0
2024-11-26 00:00:00-05:00,106.48254033338958,106.69945041539806,104.75712880020966,105.59518432617188,260900,0.0,0.0
2024-11-27 00:00:00-05:00,106.1571704090731,107.68539499250674,106.1571704090731,107.14311981201172,209500,0.0,0.0
2024-11-29 00:00:00-05:00,107.04452573752205,107.92202009912647,105.88110514810766,107.33045196533203,132900,0.0,0.0
2024-12-02 00:00:00-05:00,106.86705554033911,106.86705554033911,104.73740873440791,105.60504150390625,185600,0.0,0.0
2024-12-03 00:00:00-05:00,106.25576368632358,107.02481053811323,103.94864569754553,105.08248901367188,145800,0.0,0.0
2024-12-04 00:00:00-05:00,104.54020814050864,105.45714133482267,104.13597281946512,105.23037719726562,153100,0.0,0.0
2024-12-05 00:00:00-05:00,105.6444922025828,105.6444922025828,104.02753559721953,104.48107147216797,132500,0.0,0.0
2024-12-06 00:00:00-05:00,105.02333301094065,105.28954357716947,103.4458153817608,103.51483154296875,149800,0.0,0.0
2024-12-09 00:00:00-05:00,103.75146383396032,105.78251729191312,103.6134239906709,104.88529968261719,254100,0.0,0.0
2024-12-10 00:00:00-05:00,104.74727270366733,107.61638935740167,104.29373683663465,106.27549743652344,319100,0.0,0.0
2024-12-11 00:00:00-05:00,106.65014806801943,108.3952827720448,105.9008319169889,108.09949493408203,351000,0.0,0.0
2024-12-12 00:00:00-05:00,107.6360951713038,108.70092233831251,105.93040690622593,107.07410430908203,186800,0.0,0.0
2024-12-13 00:00:00-05:00,106.65015537813845,107.41919478291726,103.32751038455835,104.80643463134766,265500,0.0,0.0
2024-12-16 00:00:00-05:00,104.68810794347294,105.75293510436617,103.93878429074843,104.01766204833984,194300,0.0,0.0
2024-12-17 00:00:00-05:00,103.4655322651046,104.56979077699881,102.63733085898699,103.37679290771484,274800,0.0,0.0
2024-12-18 00:00:00-05:00,103.92891796011546,104.16554368279601,98.83155442912333,99.1273422241211,275200,0.0,0.0
2024-12-19 00:00:00-05:00,99.7977972073107,103.4162296178874,99.45271642957937,101.52320861816406,250500,0.0,0.0
2024-12-20 00:00:00-05:00,100.61614586292689,102.62747615100956,100.0541549690396,101.38518524169922,655800,0.0,0.0
2024-12-23 00:00:00-05:00,101.32602504375302,101.8880159480953,100.73445685847655,101.5330810546875,192800,0.0,0.0
2024-12-24 00:00:00-05:00,101.6415227404243,102.3316918521106,100.9612227514128,101.79927825927734,56400,0.0,0.0
2024-12-26 00:00:00-05:00,101.55278575051784,102.54859672671374,100.92177875151366,101.9964599609375,103300,0.0,0.0
2024-12-27 00:00:00-05:00,101.27673198056661,102.3119744232047,100.86263500351137,101.6513900756836,116200,0.0,0.0
2024-12-30 00:00:00-05:00,101.51335586354601,102.52888260744194,100.32035791532476,101.50349426269531,138100,0.0,0.0
2024-12-31 00:00:00-05:00,101.98660778233557,102.85424054157404,100.8231871958447,102.14435577392578,173400,0.0,0.0
2025-01-02 00:00:00-05:00,102.4795820058083,103.96836016875712,100.98093472054725,101.14854431152344,155400,0.0,0.0
2025-01-03 00:00:00-05:00,101.33588973904993,102.48944886389216,101.06968668031627,101.77957153320312,158300,0.0,0.0
2025-01-06 00:00:00-05:00,101.62180813173741,103.64300748569133,101.62180813173741,102.60775756835938,280300,0.0,0.0
2025-01-07 00:00:00-05:00,102.67676813680288,105.17121887207031,102.67676813680288,105.17121887207031,208800,0.0,0.0
2025-01-08 00:00:00-05:00,104.22470707459321,106.17689013835626,104.09653636439235,105.30924987792969,268100,0.0,0.0
2025-01-10 00:00:00-05:00,104.18528087729963,105.57547326984628,103.51483492273343,105.11207580566406,258800,0.0,0.0
2025-01-13 00:00:00-05:00,104.48106312466066,107.5177891983377,104.47120152406768,107.43891143798828,256700,0.0,0.0
2025-01-14 00:00:00-05:00,107.73469460197227,109.76575561253814,107.21214258969864,108.51359558105469,285400,0.0,0.0
2025-01-15 00:00:00-05:00,109.9333528638509,111.44185417044915,108.98684238759704,109.58827209472656,236000,0.0,0.0
2025-01-16 00:00:00-05:00,110.2488784790039,110.96862496091667,108.94742537272444,110.2488784790039,163100,0.0,0.0
2025-01-17 00:00:00-05:00,111.15593735909034,111.81652919838135,109.99251672319217,110.56436920166016,266300,0.0,0.0
2025-01-21 00:00:00-05:00,110.94888741849608,111.84610500450007,110.18970967219799,111.41228485107422,179300,0.0,0.0
2025-01-22 00:00:00-05:00,110.96861077607754,111.26439109021513,109.14459832234186,110.82071685791016,143900,0.0,0.0
2025-01-23 00:00:00-05:00,110.18971202613949,112.43767555610106,109.53898178209941,112.08273315429688,158200,0.0,0.0
2025-01-24 00:00:00-05:00,111.61933701494343,112.38837638709835,110.27844515296142,111.82638549804688,234200,0.0,0.0
2025-01-27 00:00:00-05:00,111.80666296923575,113.57151329008268,110.73197421645324,111.04747772216797,251500,0.0,0.0
2025-01-28 00:00:00-05:00,110.60381458790742,111.02777317140738,109.88406814719443,109.99252319335938,194300,0.0,0.0
2025-01-29 00:00:00-05:00,109.29249109721542,111.3728449636686,109.02628806505658,110.36717987060547,291600,0.0,0.0
2025-01-30 00:00:00-05:00,112.28977805416133,113.56165369970108,109.97279843785746,110.8404312133789,271800,0.0,0.0
2025-01-31 00:00:00-05:00,109.9727972543103,111.42214407949459,106.91635561108872,107.61637878417969,273700,0.0,0.0
2025-02-03 00:00:00-05:00,105.86138951766988,107.261435856794,105.26981386141175,106.85719299316406,212800,0.0,0.0
2025-02-04 00:00:00-05:00,107.41919348418789,111.08692677543303,105.74308236697043,111.00804901123047,268400,0.0,0.0
2025-02-05 00:00:00-05:00,111.41228910920871,112.39823857035215,110.86015981807157,112.23062896728516,250000,0.0,0.0
2025-02-06 00:00:00-05:00,112.37853176841928,112.960238385792,110.16014530560153,110.26859283447266,217300,0.0,0.0
2025-02-07 00:00:00-05:00,110.42633785682753,112.0728716249011,109.59814393355603,111.6094741821289,184800,0.0,0.0
2025-02-10 00:00:00-05:00,111.38270489207241,112.76303555614648,110.92916907085608,112.04328918457031,239600,0.0,0.0
2025-02-11 00:00:00-05:00,111.08692259913879,113.45320278087227,111.08692259913879,112.72360229492188,211500,0.0,0.0
2025-02-12 00:00:00-05:00,112.29963449985772,115.14902757110005,111.41227856437467,114.87296295166016,295200,0.0,0.0
2025-02-13 00:00:00-05:00,115.13917834399517,116.84487424339436,114.8729752958426,116.09555053710938,318500,0.0,0.0
2025-02-14 00:00:00-05:00,116.39229007716428,117.57926452322218,115.65043387833491,115.97685241699219,286200,0.38,0.0
2025-02-18 00:00:00-05:00,115.68009699228251,116.71869860014141,114.35465098645582,116.00651550292969,231300,0.0,0.0
2025-02-19 00:00:00-05:00,115.03716137539914,116.2340217046514,114.20627857742059,114.85911560058594,213200,0.0,0.0
2025-02-20 00:00:00-05:00,114.30519660282744,115.07672581450198,112.32691347687168,113.05888366699219,251900,0.0,0.0
2025-02-21 00:00:00-05:00,113.78095070785682,113.7908442363406,112.39615103562018,113.3457260131836,240300,0.0,0.0
2025-02-24 00:00:00-05:00,113.53366272586364,113.69192899178125,112.59398129826823,113.11822509765625,268600,0.0,0.0
2025-02-25 00:00:00-05:00,113.61279260998255,114.75030683744694,112.5247384758408,113.3556137084961,325300,0.0,0.0
2025-02-26 00:00:00-05:00,114.23596423432842,114.24585776361948,110.15081203711519,110.16070556640625,215200,0.0,0.0
2025-02-27 00:00:00-05:00,109.70569145931458,110.58602682326611,109.57709822974907,109.7650375366211,211100,0.0,0.0
2025-02-28 00:00:00-05:00,110.3684178257255,111.0608139038086,108.32089508447835,111.0608139038086,232700,0.0,0.0
2025-03-03 00:00:00-05:00,110.95200831768332,112.29724145929852,109.68590831299875,110.59591674804688,216400,0.0,0.0
2025-03-04 00:00:00-05:00,110.05189486491794,112.70279461469522,108.96384063068092,110.3486328125,338800,0.0,0.0
2025-03-05 00:00:00-05:00,110.43766039047597,113.84030233944085,110.11124185354647,112.52474975585938,299600,0.0,0.0
2025-03-06 00:00:00-05:00,111.85213840684044,114.79977626650799,111.42680719998954,114.08759307861328,325800,0.0,0.0
2025-03-07 00:00:00-05:00,114.06780488218669,115.086619485869,112.09941528245432,114.16671752929688,353200,0.0,0.0
2025-03-10 00:00:00-04:00,113.9491050364313,114.32498366015568,111.43669210743256,113.05888366699219,327200,0.0,0.0
2025-03-11 00:00:00-04:00,113.21713338149284,115.60096798087594,112.66321656520991,114.71073913574219,441900,0.0,0.0
2025-03-12 00:00:00-04:00,114.94814438399919,115.66032754315987,112.15876537498757,112.18843841552734,337700,0.0,0.0
2025-03-13 00:00:00-04:00,112.48517758691308,113.44464609200531,110.24971558452255,111.81256103515625,237600,0.0,0.0
2025-03-14 00:00:00-04:00,112.30713652143109,116.00652393810658,112.08952416517641,115.67021942138672,234500,0.0,0.0
2025-03-17 00:00:00-04:00,115.37347405273319,117.00555917986887,114.94814286864997,115.7988052368164,187200,0.0,0.0
2025-03-18 00:00:00-04:00,115.64054703564054,116.79784088603311,115.11629565326432,115.75923919677734,191900,0.0,0.0
2025-03-19 00:00:00-04:00,115.88782684044577,117.0253335780497,115.59108135882234,116.87696838378906,198700,0.0,0.0
2025-03-20 00:00:00-04:00,116.08565003986271,116.96598539385987,114.6909568665217,116.18456268310547,289100,0.0,0.0
2025-03-21 00:00:00-04:00,115.24489108272674,116.00652680186865,112.96986236133131,115.60098266601562,573200,0.0,0.0
2025-03-24 00:00:00-04:00,116.50109153129779,117.11436201421365,115.55151654089822,116.4615249633789,236600,0.0,0.0
2025-03-25 00:00:00-04:00,116.64946996338945,118.32112169337101,114.8294454831137,117.30229949951172,158500,0.0,0.0
2025-03-26 00:00:00-04:00,117.26273252497042,119.18166197992319,117.19349291906826,118.87503051757812,168800,0.0,0.0
2025-03-27 00:00:00-04:00,120.14114054198964,120.14114054198964,118.59808202605942,118.84536743164062,161400,0.0,0.0
2025-03-28 00:00:00-04:00,118.6870907770169,118.95416321777265,117.44077787532684,118.06393432617188,146300,0.0,0.0
2025-03-31 00:00:00-04:00,117.45067371803658,120.04222747637684,116.50109866945546,119.01351928710938,373900,0.0,0.0
2025-04-01 00:00:00-04:00,118.3112218217473,120.23015885049674,118.10350300109161,119.73558807373047,230400,0.0,0.0
2025-04-02 00:00:00-04:00,119.53775473441294,120.99179401946371,117.98480280373344,120.75440216064453,276900,0.0,0.0
2025-04-03 00:00:00-04:00,117.62871504102249,126.46174966419382,117.62871504102249,125.9276123046875,548300,0.0,0.0
2025-04-04 00:00:00-04:00,123.42508188678572,128.2026374032405,119.20145077216341,121.69408416748047,767600,0.0,0.0
2025-04-07 00:00:00-04:00,121.69408661388987,124.10759446879332,116.39228717474049,118.85525512695312,524100,0.0,0.0
2025-04-08 00:00:00-04:00,121.14017612812843,123.25693860377275,115.39326569670219,116.71871185302734,425800,0.0,0.0
2025-04-09 00:00:00-04:00,115.83837547733987,122.55464796854515,115.39326476790036,118.88493347167969,682700,0.0,0.0
2025-04-10 00:00:00-04:00,120.42798382532605,120.49722343202887,116.03619292431512,118.0738296508789,406600,0.0,0.0
2025-04-11 00:00:00-04:00,117.3517608647983,119.992767171638,116.03620070270601,119.31026458740234,400700,0.0,0.0
2025-04-14 00:00:00-04:00,120.02243102997461,120.99179306118127,118.99373046772206,119.98287200927734,458800,0.0,0.0
2025-04-15 00:00:00-04:00,120.3488520686116,121.03136216146518,119.15199168386704,119.65645599365234,315100,0.0,0.0
2025-04-16 00:00:00-04:00,119.76526100724277,120.27961129414345,118.31122171738441,118.75633239746094,264500,0.0,0.0
2025-04-17 00:00:00-04:00,118.69699443074315,121.16984848138362,118.2419901910115,120.1213607788086,269700,0.0,0.0
2025-04-21 00:00:00-04:00,120.12134769727321,120.29939347139174,118.2815438802321,119.11241912841797,268100,0.0,0.0
2025-04-22 00:00:00-04:00,120.24004490855445,121.17973391293528,117.70784494480625,120.28950500488281,310100,0.0,0.0
2025-04-23 00:00:00-04:00,120.47744495738547,122.82170562344552,119.25090399017347,119.39927673339844,514000,0.0,0.0
2025-04-24 00:00:00-04:00,124.81978199884081,132.69334075082537,122.5843198504651,130.28973388671875,837200,0.0,0.0
2025-04-25 00:00:00-04:00,130.97222362413663,131.01178264135572,128.9148075874247,130.5172119140625,445200,0.0,0.0
2025-04-28 00:00:00-04:00,130.7744057059326,132.22842984028892,130.3589529897146,131.23928833007812,641600,0.0,0.0
2025-04-29 00:00:00-04:00,131.03159334870355,132.72301708922464,130.76452088168838,132.01084899902344,467800,0.0,0.0
2025-04-30 00:00:00-04:00,131.85256460080493,133.3857369401483,130.60623665469672,132.50540161132812,532600,0.0,0.0
2025-05-01 00:00:00-04:00,132.55485840378392,132.930737035966,130.47767013065274,131.20962524414062,251400,0.0,0.0
2025-05-02 00:00:00-04:00,132.26800856758317,132.86149953165682,131.55582544793563,132.45594787597656,310100,0.0,0.0
2025-05-05 00:00:00-04:00,132.32735717824482,134.0979290293237,131.93170659002402,134.08802795410156,308200,0.0,0.0
2025-05-06 00:00:00-04:00,133.1186917861138,133.97924023524885,132.08008998257915,132.74281311035156,396200,0.0,0.0
2025-05-07 00:00:00-04:00,133.48467390381208,133.48467390381208,131.54596455848542,132.00096130371094,282800,0.0,0.0
2025-05-08 00:00:00-04:00,133.484651894384,133.484651894384,132.3372440504826,132.47572326660156,213400,0.0,0.0
2025-05-09 00:00:00-04:00,132.35705103994596,133.04944722481045,130.9425856260874,131.30856323242188,282800,0.0,0.0
2025-05-12 00:00:00-04:00,132.75270366995835,132.75270366995835,129.429187217807,130.72496032714844,343800,0.0,0.0
2025-05-13 00:00:00-04:00,131.09093582617558,131.82290604807935,128.06416492693273,128.4993896484375,404400,0.0,0.0
2025-05-14 00:00:00-04:00,128.70710215730543,130.09190947463324,127.47067513813948,127.56959533691406,376700,0.0,0.0
2025-05-15 00:00:00-04:00,127.59934112862334,128.79974592812587,125.83346739148709,126.11125183105469,272000,0.38,0.0
2025-05-16 00:00:00-04:00,126.02196783335876,126.47831665162101,124.10728280844735,125.6846694946289,370500,0.0,0.0
2025-05-19 00:00:00-04:00,125.53585486348585,127.61918900094007,124.87117340081012,127.13307189941406,243200,0.0,0.0
2025-05-20 00:00:00-04:00,126.53784292883707,127.63903524183594,125.5060948351781,126.12117004394531,250900,0.0,0.0
2025-05-21 00:00:00-04:00,125.23823969884361,125.9525274601535,123.97832091959334,124.73229217529297,251900,0.0,0.0
2025-05-22 00:00:00-04:00,124.4445919582041,126.09141533928566,123.39299828373491,125.9922103881836,364400,0.0,0.0
2025-05-23 00:00:00-04:00,124.89101840813973,127.8969730920423,124.3949860822455,126.48824310302734,258100,0.0,0.0
2025-05-27 00:00:00-04:00,126.89499202971334,127.96642365992255,126.19061947308968,126.9049072265625,212500,0.0,0.0
2025-05-28 00:00:00-04:00,126.62712785882341,127.09339944259314,125.48625202874157,125.6846694946289,216700,0.0,0.0
2025-05-29 00:00:00-04:00,125.68466990028699,126.41879560430856,125.21839831501234,126.23030090332031,146900,0.0,0.0
2025-05-30 00:00:00-04:00,125.9723686155071,127.60927675016748,125.77395115045144,126.89498901367188,303300,0.0,0.0
2025-06-02 00:00:00-04:00,126.73625364269631,127.31165293172782,126.1211708610917,127.06363677978516,208200,0.0,0.0
2025-06-03 00:00:00-04:00,126.64697170581675,126.88506509286323,124.05768246902294,125.55569458007812,218700,0.0,0.0
2025-06-04 00:00:00-04:00,125.36721183356529,126.56760914498821,123.17474987777442,123.39299774169922,278600,0.0,0.0
2025-06-05 00:00:00-04:00,123.83942807707648,123.83942807707648,121.79576981724928,123.08545684814453,197700,0.0,0.0
2025-06-06 00:00:00-04:00,124.00808165065695,125.29776872736484,122.92673481171249,124.78189086914062,227400,0.0,0.0
2025-06-09 00:00:00-04:00,124.7818919474305,130.12911986890612,124.50411505314906,130.02992248535156,336000,0.0,0.0
2025-06-10 00:00:00-04:00,130.5160159801082,132.7878523847151,128.86918511577642,130.89300537109375,257600,0.0,0.0
2025-06-11 00:00:00-04:00,130.81363740362755,131.10132947405125,128.56164654644655,129.70252990722656,309500,0.0,0.0
2025-06-12 00:00:00-04:00,129.51404762815355,131.2700063588068,129.0477760152812,130.1390380859375,274400,0.0,0.0
2025-06-13 00:00:00-04:00,128.47236381671397,129.58347130836074,128.17474141353594,129.10728454589844,269000,0.0,0.0
2025-06-16 00:00:00-04:00,130.4565054879233,130.4565054879233,128.84936554955235,129.39498901367188,191400,0.0,0.0
2025-06-17 00:00:00-04:00,128.55174562988256,129.25610308969794,127.05373338260404,128.61126708984375,284800,0.0,0.0
2025-06-18 00:00:00-04:00,128.42275620530873,129.1866501666105,127.2918031953248,127.47038269042969,207100,0.0,0.0
2025-06-20 00:00:00-04:00,127.75808166979027,128.62117305267222,127.45054405693371,128.53189086914062,420300,0.0,0.0
2025-06-23 00:00:00-04:00,128.9187898526289,129.22632745208796,127.87711901035792,129.10728454589844,226200,0.0,0.0
2025-06-24 00:00:00-04:00,129.32554332263433,130.29776240306126,128.85927174435,129.4644317626953,198000,0.0,0.0
2025-06-25 00:00:00-04:00,129.37515567927102,134.5636496019108,128.690628643237,133.44261169433594,477800,0.0,0.0
2025-06-26 00:00:00-04:00,132.9763336027441,137.3215814366141,130.22832553345336,136.53785705566406,480500,0.0,0.0
2025-06-27 00:00:00-04:00,136.09142251459846,136.09142251459846,130.8136464057904,133.44261169433594,708400,0.0,0.0
2025-06-30 00:00:00-04:00,133.65096158321626,134.65294151054158,132.38111994034014,134.067626953125,313400,0.0,0.0
2025-07-01 00:00:00-04:00,133.650949701849,135.29778063963974,133.55173718262589,134.4247589111328,247300,0.0,0.0
2025-07-02 00:00:00-04:00,134.42474775745666,136.0715785586043,133.82950296691774,135.67474365234375,261000,0.0,0.0
2025-07-03 00:00:00-04:00,136.64698097961755,136.82554533828653,135.01999567058184,135.68467712402344,128300,0.0,0.0
2025-07-07 00:00:00-04:00,135.6152337217327,136.65690462481678,134.1469822880961,134.8215789794922,231600,0.0,0.0
2025-07-08 00:00:00-04:00,135.0001476364058,136.70649989687976,132.31164600835666,132.85728454589844,325800,0.0,0.0
2025-07-09 00:00:00-04:00,133.48229604148327,133.48229604148327,131.1310926267513,132.62911987304688,236800,0.0,0.0
2025-07-10 00:00:00-04:00,132.53985228778603,134.53389692000619,131.51802683997255,131.68667602539062,240600,0.0,0.0
2025-07-11 00:00:00-04:00,131.53783533933276,132.7779160295468,129.83148309858197,131.1211700439453,223100,0.0,0.0
2025-07-14 00:00:00-04:00,130.9822993101717,131.95451846410643,129.8116702465348,130.38705444335938,144800,0.0,0.0
2025-07-15 00:00:00-04:00,129.980306079335,130.178715968663,128.68070389587677,128.90887451171875,229300,0.0,0.0
2025-07-16 00:00:00-04:00,129.4049012247865,130.79378552790695,128.74021979845716,129.58346557617188,172000,0.0,0.0
2025-07-17 00:00:00-04:00,129.28587493775743,131.7164303494088,129.1866624157694,131.36920166015625,251500,0.0,0.0
2025-07-18 00:00:00-04:00,131.91483433556746,132.88705342905538,130.3870463366673,131.5477752685547,241100,0.0,0.0
2025-07-21 00:00:00-04:00,131.3096764046686,132.20252852591813,130.17872332015685,130.46641540527344,279300,0.0,0.0
2025-07-22 00:00:00-04:00,130.4664139892777,132.81761745507183,128.25411410382443,132.4406280517578,271700,0.0,0.0
2025-07-23 00:00:00-04:00,132.45054324848005,132.6886442091581,130.67475422208412,132.4406280517578,289300,0.0,0.0
2025-07-24 00:00:00-04:00,132.00411242253298,134.91086955383093,121.1906144057241,121.319580078125,545500,0.0,0.0
2025-07-25 00:00:00-04:00,121.5378310222046,122.61917775650683,119.20648082654819,121.47830200195312,499300,0.0,0.0
2025-07-28 00:00:00-04:00,121.40886504843003,121.6271204750871,118.26402203049555,119.12712097167969,338900,0.0,0.0
2025-07-29 00:00:00-04:00,119.82156720702933,122.73823969984421,119.04775799110358,122.28189086914062,564900,0.0,0.0
2025-07-30 00:00:00-04:00,122.9366358832067,130.8235459424386,121.35925689890102,129.1866455078125,1005500,0.0,0.0
2025-07-31 00:00:00-04:00,129.03785044434073,133.62118407558458,128.80966468603305,132.23228454589844,736900,0.0,0.0
2025-08-01 00:00:00-04:00,132.17275820638326,132.40094395625695,127.87711680878401,130.03982543945312,535400,0.0,0.0
2025-08-04 00:00:00-04:00,130.16879282646738,133.72037050044008,129.53387213675288,133.68069458007812,322200,0.0,0.0
2025-08-05 00:00:00-04:00,133.5914203008033,134.45451164343737,131.94458946094846,132.2223663330078,299800,0.0,0.0
2025-08-06 00:00:00-04:00,132.77791904675306,134.86126070873533,131.7660240796911,134.49420166015625,225000,0.0,0.0
2025-08-07 00:00:00-04:00,134.9604606912161,135.1191946592864,132.75809121948447,134.00808715820312,236000,0.0,0.0
2025-08-08 00:00:00-04:00,134.66285596928503,134.7719836821836,132.7878544569042,133.3731689453125,199300,0.0,0.0
2025-08-11 00:00:00-04:00,133.76998121894385,135.3870512907512,133.6013320607958,135.27792358398438,212500,0.0,0.0
2025-08-12 00:00:00-04:00,136.0418193412044,137.93665116543093,135.36720756193364,137.41085815429688,255700,0.0,0.0
2025-08-13 00:00:00-04:00,137.51008961748224,138.81960715887416,136.4882641804767,138.16485595703125,280100,0.0,0.0
2025-08-14 00:00:00-04:00,138.14500126262266,140.4366681613558,136.7858775484851,138.23428344726562,455400,0.0,0.0
2025-08-15 00:00:00-04:00,138.84126729898202,139.01042634306836,134.9704692643217,135.84613037109375,231800,0.42,0.0
2025-08-18 00:00:00-04:00,136.61232373042026,138.70196410975527,135.75656812159855,137.7666015625,223900,0.0,0.0
2025-08-19 00:00:00-04:00,137.66710031799892,139.01042750882172,136.85114061012402,136.95065307617188,152600,0.0,0.0
2025-08-20 00:00:00-04:00,137.87606686009124,138.84128016491596,136.7217889639235,138.42335510253906,392400,0.0,0.0
2025-08-21 00:00:00-04:00,138.41340028712776,139.4880559821137,136.63222732972852,138.01536560058594,403400,0.0,0.0
2025-08-22 00:00:00-04:00,138.6721176791733,143.9161091361177,137.65714816220665,143.66734313964844,509800,0.0,0.0
2025-08-25 00:00:00-04:00,143.68722878498284,147.04060463240728,143.68722878498284,146.83163452148438,368200,0.0,0.0
2025-08-26 00:00:00-04:00,147.02069480390824,147.5381322958758,145.6873127894827,146.52316284179688,212600,0.0,0.0
2025-08-27 00:00:00-04:00,145.84652236253694,148.0157543653381,145.84652236253694,147.8665008544922,294200,0.0,0.0
2025-08-28 00:00:00-04:00,147.87645370879062,148.20482663317895,146.54307166440464,147.0406036376953,272900,0.0,0.0
2025-08-29 00:00:00-04:00,147.93615905039616,148.01576599025623,146.1748915667368,146.54307556152344,354400,0.0,0.0
2025-09-02 00:00:00-04:00,145.6773432090622,148.85159935570567,144.32405575046567,148.7421417236328,314500,0.0,0.0
2025-09-03 00:00:00-04:00,148.0058210352517,149.32925794337177,148.0058210352517,149.00088500976562,249700,0.0,0.0
2025-09-04 00:00:00-04:00,148.5928990940388,150.17504710514893,147.50828304995483,150.0854949951172,147600,0.0,0.0
2025-09-05 00:00:00-04:00,149.3093477094241,149.9063769652439,146.1649420049724,146.4037628173828,258700,0.0,0.0
2025-09-08 00:00:00-04:00,147.060501933546,147.49833252306306,146.1052489959376,147.1898651123047,165800,0.0,0.0
2025-09-09 00:00:00-04:00,147.18986429192918,147.18986429192918,145.1002390128877,145.7470245361328,157800,0.0,0.0
2025-09-10 00:00:00-04:00,145.55795875661022,145.55795875661022,143.84644748484598,144.81166076660156,179300,0.0,0.0
2025-09-11 00:00:00-04:00,144.86141188162543,147.3988279946488,144.34397437547273,147.33912658691406,240500,0.0,0.0
2025-09-12 00:00:00-04:00,146.84158477412527,147.5779223314872,145.49824245620127,145.61764526367188,157800,0.0,0.0
2025-09-15 00:00:00-04:00,146.2544942286157,147.5182296887886,145.26939064153854,146.23460388183594,206700,0.0,0.0
2025-09-16 00:00:00-04:00,146.31419820954224,146.5132231486073,144.82160226738088,144.9708709716797,168900,0.0,0.0
2025-09-17 00:00:00-04:00,145.74701142482377,149.02076499255307,145.28927534765617,146.64256286621094,321400,0.0,0.0
2025-09-18 00:00:00-04:00,146.59282115425424,148.54313789708337,146.3042441202783,147.82669067382812,196600,0.0,0.0
2025-09-19 00:00:00-04:00,148.50335695195562,148.50335695195562,145.5181649494247,145.70721435546875,592200,0.0,0.0
2025-09-22 00:00:00-04:00,145.29924282754536,147.03064439023996,144.70219838170317,146.6624755859375,195700,0.0,0.0
2025-09-23 00:00:00-04:00,147.03063820012835,149.08048261336853,145.9161714771786,148.08541870117188,292400,0.0,0.0
2025-09-24 00:00:00-04:00,147.89636304022468,150.17505285573407,147.32916928802968,149.50836181640625,262100,0.0,0.0
2025-09-25 00:00:00-04:00,149.45860628265007,154.14536429423038,149.3093527595146,153.91648864746094,432900,0.0,0.0
2025-09-26 00:00:00-04:00,153.72743295669338,158.1455040789354,152.0358121185187,152.54330444335938,626200,0.0,0.0
2025-09-29 00:00:00-04:00,152.77216856571732,154.66278401634864,152.76222339216682,153.8667449951172,337800,0.0,0.0
2025-09-30 00:00:00-04:00,155.76730589897033,158.06591640483705,155.25982874450347,157.63803100585938,625800,0.0,0.0
2025-10-01 00:00:00-04:00,157.23004235735235,157.75742501297663,150.93128600890003,151.0904998779297,638400,0.0,0.0
2025-10-02 00:00:00-04:00,150.4039058950273,151.229810773172,145.3589397005883,148.34413146972656,446500,0.0,0.0
2025-10-03 00:00:00-04:00,148.4336934328406,152.7920785638333,147.26947038760383,151.04075622558594,365800,0.0,0.0
2025-10-06 00:00:00-04:00,151.47857245817923,155.05086338004628,151.47857245817923,154.13539123535156,333400,0.0,0.0
2025-10-07 00:00:00-04:00,154.205054619447,155.817053287327,151.37907677242,152.91146850585938,308800,0.0,0.0
2025-10-08 00:00:00-04:00,153.77717867709916,156.0260329584439,152.71246812852283,155.1404266357422,182900,0.0,0.0
2025-10-09 00:00:00-04:00,155.14043847059546,156.3743081655581,153.05079790849007,153.64784240722656,259200,0.0,0.0
2025-10-10 00:00:00-04:00,153.0607444704965,154.68268838840535,149.44865746400123,149.96609497070312,245500,0.0,0.0
2025-10-13 00:00:00-04:00,150.23474860421365,152.97117442453992,149.90637568375803,152.88162231445312,193600,0.0,0.0
2025-10-14 00:00:00-04:00,151.8766170137438,158.2151695777387,151.8766170137438,158.1455078125,251900,0.0,0.0
2025-10-15 00:00:00-04:00,158.14549372945694,160.19533805782493,153.3890896407698,159.419189453125,244500,0.0,0.0
2025-10-16 00:00:00-04:00,158.93160721180894,162.20536075979834,157.53852382616878,157.73753356933594,360400,0.0,0.0
2025-10-17 00:00:00-04:00,157.53853345809074,158.70275646944287,154.76229650654471,156.66287231445312,256100,0.0,0.0
2025-10-20 00:00:00-04:00,158.25495858529712,158.3146751743969,155.926512664928,157.6181182861328,178400,0.0,0.0
2025-10-21 00:00:00-04:00,157.70770257282922,157.7176477470157,148.84167847815928,152.6229248046875,468800,0.0,0.0
2025-10-22 00:00:00-04:00,151.9960215903185,154.68269127567896,150.75219162640425,153.956298828125,519500,0.0,0.0
2025-10-23 00:00:00-04:00,154.93144730512566,155.75735217006894,153.67767224817757,154.05580139160156,216300,0.0,0.0
2025-10-24 00:00:00-04:00,155.98620935646852,156.47379612682386,152.7622120821506,153.36920166015625,139100,0.0,0.0
2025-10-27 00:00:00-04:00,153.4687045346395,153.93638579294955,148.37398210952475,149.99594116210938,231200,0.0,0.0
2025-10-28 00:00:00-04:00,148.841666886575,149.4287509707683,146.2843452569131,148.5232391357422,300600,0.0,0.0
2025-10-29 00:00:00-04:00,148.52323993508543,149.94618928113766,146.04554041326773,147.33912658691406,338300,0.0,0.0
2025-10-30 00:00:00-04:00,153.98614368068962,162.35463500391225,148.4336851107685,157.66787719726562,658300,0.0,0.0
2025-10-31 00:00:00-04:00,157.38926318281239,162.2451801185514,156.2747964172871,157.71763610839844,363100,0.0,0.0
2025-11-03 00:00:00-05:00,157.71763233130142,160.344600489607,155.81705658788184,158.04600524902344,199700,0.0,0.0
2025-11-04 00:00:00-05:00,157.79724574503442,160.8520842290194,157.79724574503442,159.08087158203125,317600,0.0,0.0
2025-11-05 00:00:00-05:00,158.79231355783048,161.44913259265448,157.58827944759844,161.3794708251953,444000,0.0,0.0
2025-11-06 00:00:00-05:00,161.25011767316258,165.2602242152573,160.7028294587451,161.11080932617188,371600,0.0,0.0
2025-11-07 00:00:00-05:00,161.299878234865,162.23522562776802,158.65300438756518,159.93663024902344,170700,0.0,0.0
2025-11-10 00:00:00-05:00,160.1853851228837,163.18053723076636,159.95652467332312,160.5834197998047,152400,0.0,0.0
2025-11-11 00:00:00-05:00,160.58343161347392,162.35464430153183,159.71771561715147,161.71780395507812,173600,0.0,0.0
2025-11-12 00:00:00-05:00,161.49889015432305,162.85217780097167,160.54362203408274,160.8321990966797,165900,0.0,0.0
2025-11-13 00:00:00-05:00,160.75258817977146,160.85208546717746,156.62306357390554,157.22010803222656,180900,0.0,0.0
2025-11-14 00:00:00-05:00,156.64142655044645,160.3429599528152,156.21241593808583,159.64454650878906,244600,0.42,0.0
2025-11-17 00:00:00-05:00,159.42505940298227,160.17334652718364,154.10724563739217,154.25689697265625,302300,0.0,0.0
2025-11-18 00:00:00-05:00,154.25689223281753,157.3298597553212,151.53313144712064,155.21470642089844,211900,0.0,0.0
2025-11-19 00:00:00-05:00,156.28224968975766,158.3475293294648,155.37432438271907,156.23236083984375,212500,0.0,0.0
2025-11-20 00:00:00-05:00,156.67137058172,157.41965771697903,147.5622169835056,147.71188354492188,410400,0.0,0.0
2025-11-21 00:00:00-05:00,148.2306958676696,154.05735453600403,146.6143853507036,150.1163787841797,402600,0.0,0.0
2025-11-24 00:00:00-05:00,151.08414220119928,153.79793121983846,147.66198327468902,153.11949157714844,334000,0.0,0.0
2025-11-25 00:00:00-05:00,152.90000228936103,155.21471109969957,152.64060156707433,154.27685546875,179600,0.0,0.0
2025-11-26 00:00:00-05:00,154.0872825842791,159.46497195201238,152.87006767961756,158.22779846191406,330800,0.0,0.0
2025-11-28 00:00:00-05:00,159.54479198705747,160.3629113073875,157.23008322916732,158.0482177734375,144100,0.0,0.0
2025-12-01 00:00:00-05:00,157.83869396497587,159.9538625831258,156.8210192158632,158.91622924804688,221900,0.0,0.0
2025-12-02 00:00:00-05:00,159.8640497132912,161.65994177484748,158.59696120158574,160.29307556152344,191000,0.0,0.0
2025-12-03 00:00:00-05:00,161.22095146202005,162.04905770591182,159.0459375296305,161.9093780517578,184700,0.0,0.0
2025-12-04 00:00:00-05:00,160.94158588728223,162.87715760801026,159.9937586121461,161.63998413085938,270500,0.0,0.0
2025-12-05 00:00:00-05:00,161.42047923935144,161.5102852574989,153.18932151027332,153.57843017578125,263400,0.0,0.0
2025-12-08 00:00:00-05:00,155.00518240727342,158.7665765732958,154.8056422211162,156.12261962890625,231600,0.0,0.0
2025-12-09 00:00:00-05:00,156.08271907864673,156.55164689348172,154.21699472426533,155.84326171875,206800,0.0,0.0
2025-12-10 00:00:00-05:00,155.52398814236736,158.65681603911943,155.52398814236736,158.3574981689453,226100,0.0,0.0
2025-12-11 00:00:00-05:00,159.0658735445484,163.1465440414493,157.7189659182634,161.8794403076172,207400,0.0,0.0
2025-12-12 00:00:00-05:00,162.91706541723303,164.92248464645542,160.1933045572954,163.53565979003906,303100,0.0,0.0
2025-12-15 00:00:00-05:00,162.99687355936513,164.46351743684818,161.71979817575175,164.2240753173828,333800,0.0,0.0
2025-12-16 00:00:00-05:00,164.34379884554195,164.922476016174,161.4504282163216,162.1787567138672,205800,0.0,0.0
2025-12-17 00:00:00-05:00,162.2585847061994,163.60549239392589,158.5171490892805,160.40283203125,185800,0.0,0.0
2025-12-18 00:00:00-05:00,161.78965746795393,162.52795768900367,159.99376532064005,161.80960083007812,191600,0.0,0.0
2025-12-19 00:00:00-05:00,161.4803581814492,163.3261238470234,159.7742569381082,160.69215393066406,587600,0.0,0.0
2025-12-22 00:00:00-05:00,161.5302334876051,163.02680766528127,159.75430001467788,161.89939880371094,170100,0.0,0.0
2025-12-23 00:00:00-05:00,162.08897509288397,163.25630118070637,160.83184297989024,161.86947631835938,137600,0.0,0.0
2025-12-24 00:00:00-05:00,161.73976018082806,162.43815841727078,161.69985823471978,161.97921752929688,61400,0.0,0.0
2025-12-26 00:00:00-05:00,162.36832542791024,162.6277261362209,160.46268400164826,160.59239196777344,72700,0.0,0.0
2025-12-29 00:00:00-05:00,160.59239097611083,161.67989787692895,159.09581681845447,160.79193115234375,149100,0.0,0.0
2025-12-30 00:00:00-05:00,160.79193841581957,161.92933421806055,160.52255079256926,160.8617706298828,184300,0.0,0.0
2025-12-31 00:00:00-05:00,160.8817308174682,161.1810487102888,159.01600646972656,159.01600646972656,230800,0.0,0.0
2026-01-02 00:00:00-05:00,158.76657506608146,159.4649733229719,154.18704638916668,156.42193603515625,223300,0.0,0.0
2026-01-05 00:00:00-05:00,155.64371823601215,163.77509870812517,153.8777564010157,162.64768981933594,732700,0.0,0.0
2026-01-06 00:00:00-05:00,162.97692987711198,166.9278770798886,161.16107928040577,162.7374725341797,501000,0.0,0.0
2026-01-07 00:00:00-05:00,163.1365631184412,165.51113244038504,161.2109782456611,165.2816619873047,170500,0.0,0.0
2026-01-08 00:00:00-05:00,164.61318831141122,167.97548676807205,162.79733766340223,164.89254760742188,219700,0.0,0.0
2026-01-09 00:00:00-05:00,164.25401167265218,165.86033525403033,163.25629554071395,164.5333709716797,170600,0.0,0.0
2026-01-12 00:00:00-05:00,164.41363629061655,165.94015599342768,162.6277310955245,165.7406005859375,195700,0.0,0.0
2026-01-13 00:00:00-05:00,165.75058121500908,165.97007997578547,162.79733484888817,165.47122192382812,163600,0.0,0.0
2026-01-14 00:00:00-05:00,165.47122637680047,168.85348345113314,164.3038851067393,167.646240234375,203800,0.0,0.0
2026-01-15 00:00:00-05:00,167.64623540265612,169.67159787181922,166.61858903550203,168.62399291992188,166000,0.0,0.0
2026-01-16 00:00:00-05:00,168.27479882836536,170.97860089778456,167.16733336322477,170.709228515625,200400,0.0,0.0
2026-01-20 00:00:00-05:00,169.09292239514437,173.15363427838147,167.58637654667754,168.28477478027344,306800,0.0,0.0
2026-01-21 00:00:00-05:00,168.0453245436509,171.77678844096047,167.61631390483822,171.44754028320312,274300,0.0,0.0
2026-01-22 00:00:00-05:00,171.3876790530414,174.11143988021885,169.87114624212614,171.58721923828125,302800,0.0,0.0
2026-01-23 00:00:00-05:00,171.10831945342127,172.12599418750932,166.09978012566742,167.047607421875,254700,0.0,0.0
2026-01-26 00:00:00-05:00,167.04760727156835,168.79361052972612,165.6208804881079,168.61402893066406,195300,0.0,0.0
2026-01-27 00:00:00-05:00,168.6140321223067,169.8112884772036,166.85805715005392,167.97549438476562,123600,0.0,0.0
2026-01-28 00:00:00-05:00,167.9854544493853,168.49429940238605,164.40365731342624,165.6907196044922,181700,0.0,0.0
2026-01-29 00:00:00-05:00,166.04989008999826,170.43985024610694,165.57099060487482,170.3600311279297,218100,0.0,0.0
2026-01-30 00:00:00-05:00,169.41219747523147,171.60716985887098,167.75598508912708,170.110595703125,321600,0.0,0.0
2026-02-02 00:00:00-05:00,170.22034684988665,172.07609943122645,168.42445479956754,171.29788208007812,297900,0.0,0.0
2026-02-03 00:00:00-05:00,171.29787792025314,171.726888531443,167.9355795687644,170.58949279785156,229900,0.0,0.0
2026-02-04 00:00:00-05:00,171.15820890424476,171.9863151371995,169.33238651938413,171.52735900878906,308600,0.0,0.0
2026-02-05 00:00:00-05:00,167.38683777827157,180.58661778814977,162.62772762137243,177.2442626953125,489200,0.0,0.0
2026-02-06 00:00:00-05:00,181.0355888023953,188.3189195985442,179.1100039783623,181.5045166015625,404200,0.0,0.0
2026-02-09 00:00:00-05:00,181.73398074805263,183.7593432044739,178.40161264205238,182.78158569335938,634000,0.0,0.0
2026-02-10 00:00:00-05:00,181.3548665715799,182.9212729909672,179.7884449282525,181.2451171875,168900,0.0,0.0
2026-02-11 00:00:00-05:00,181.8138111639034,184.52760033089604,179.43925706074018,182.03330993652344,195300,0.0,0.0
2026-02-12 00:00:00-05:00,182.81152190209576,185.03643982915418,180.91586734814658,181.58433532714844,204400,0.0,0.0
2026-02-13 00:00:00-05:00,181.01562275785204,183.4301090908065,178.22202988721594,181.47457885742188,158100,0.0,0.0
2026-02-17 00:00:00-05:00,181.3548706590983,183.9489235406367,180.34716759421423,183.47999572753906,324900,0.0,0.0
2026-02-18 00:00:00-05:00,182.77999877929688,187.05999755859375,182.52000427246094,184.11000061035156,365100,0.42,0.0
2026-02-19 00:00:00-05:00,183.1199951171875,185.1199951171875,182.07000732421875,183.10000610351562,148700,0.0,0.0
2026-02-20 00:00:00-05:00,183.3699951171875,183.77000427246094,180.97000122070312,183.4499969482422,311300,0.0,0.0
2026-02-23 00:00:00-05:00,183.88999938964844,186.58999633789062,178.6699981689453,181.58999633789062,187700,0.0,0.0
2026-02-24 00:00:00-05:00,181.89999389648438,185.74000549316406,175.7100067138672,185.3000030517578,227200,0.0,0.0
2026-02-25 00:00:00-05:00,186.35000610351562,186.89999389648438,182.02000427246094,186.1199951171875,214000,0.0,0.0
2026-02-26 00:00:00-05:00,186.74000549316406,189.89999389648438,184.9499969482422,189.27000427246094,183400,0.0,0.0
2026-02-27 00:00:00-05:00,188.52999877929688,193.9600067138672,187.8800048828125,192.7899932861328,345800,0.0,0.0
2026-03-02 00:00:00-05:00,190.49000549316406,197.74000549316406,188.94000244140625,197.08999633789062,324100,0.0,0.0
2026-03-03 00:00:00-05:00,193.05999755859375,196.35000610351562,191.0,195.22999572753906,536500,0.0,0.0
2026-03-04 00:00:00-05:00,195.39999389648438,197.9199981689453,192.30999755859375,195.0500030517578,268400,0.0,0.0
2026-03-05 00:00:00-05:00,192.9600067138672,194.30999755859375,186.8300018310547,187.0399932861328,202700,0.0,0.0
2026-03-06 00:00:00-05:00,184.77000427246094,191.13999938964844,182.0,190.30999755859375,288300,0.0,0.0
2026-03-09 00:00:00-04:00,188.8300018310547,196.9600067138672,186.30999755859375,196.2100067138672,366400,0.0,0.0
2026-03-10 00:00:00-04:00,195.00999450683594,199.60000610351562,194.75,194.97999572753906,550200,0.0,0.0
2026-03-11 00:00:00-04:00,193.24000549316406,196.8699951171875,190.83999633789062,192.2899932861328,247400,0.0,0.0
2026-03-12 00:00:00-04:00,189.4600067138672,193.25999450683594,187.47999572753906,190.9499969482422,240800,0.0,0.0
2026-03-13 00:00:00-04:00,192.00999450683594,194.42999267578125,190.36000061035156,193.07000732421875,210700,0.0,0.0
2026-03-16 00:00:00-04:00,193.8800048828125,194.99000549316406,187.94000244140625,188.60000610351562,304400,0.0,0.0
2026-03-17 00:00:00-04:00,189.57000732421875,194.0,189.57000732421875,190.58999633789062,256500,0.0,0.0
2026-03-18 00:00:00-04:00,189.80999755859375,193.72999572753906,189.38999938964844,190.0800018310547,333900,0.0,0.0
2026-03-19 00:00:00-04:00,187.75,191.86000061035156,186.42999267578125,188.47000122070312,453300,0.0,0.0
2026-03-20 00:00:00-04:00,190.08999633789062,193.39999389648438,188.61000061035156,192.0800018310547,616600,0.0,0.0
2026-03-23 00:00:00-04:00,192.75999450683594,197.75,192.75999450683594,193.6199951171875,355600,0.0,0.0
2026-03-24 00:00:00-04:00,193.6199951171875,196.67999267578125,192.7100067138672,196.3300018310547,278800,0.0,0.0
2026-03-25 00:00:00-04:00,197.6199951171875,199.0,189.27999877929688,190.42999267578125,380400,0.0,0.0
2026-03-26 00:00:00-04:00,188.63999938964844,193.00999450683594,188.47000122070312,192.0,215800,0.0,0.0
2026-03-27 00:00:00-04:00,191.22000122070312,192.13999938964844,187.02999877929688,190.8800048828125,347200,0.0,0.0
2026-03-30 00:00:00-04:00,191.49000549316406,193.25999450683594,188.97000122070312,191.57000732421875,378200,0.0,0.0
2026-03-31 00:00:00-04:00,192.0500030517578,194.0,178.52999877929688,188.0,674000,0.0,0.0
2026-04-01 00:00:00-04:00,188.83999633789062,190.3300018310547,186.6199951171875,189.9199981689453,276700,0.0,0.0
2026-04-02 00:00:00-04:00,189.2899932861328,202.25,188.0500030517578,199.5800018310547,782800,0.0,0.0
2026-04-06 00:00:00-04:00,197.77000427246094,198.52999877929688,188.5,190.38999938964844,427600,0.0,0.0
2026-04-07 00:00:00-04:00,191.60000610351562,195.2899932861328,191.5399932861328,194.8800048828125,291300,0.0,0.0
2026-04-08 00:00:00-04:00,196.89999389648438,201.50999450683594,196.38999938964844,198.83999633789062,510600,0.0,0.0
2026-04-09 00:00:00-04:00,198.77999877929688,199.6999969482422,196.49000549316406,198.89999389648438,252200,0.0,0.0
2026-04-10 00:00:00-04:00,197.52000427246094,203.42999267578125,196.1999969482422,201.6300048828125,326100,0.0,0.0
2026-04-13 00:00:00-04:00,201.52999877929688,206.1199951171875,201.0,204.49000549316406,256900,0.0,0.0
2026-04-14 00:00:00-04:00,204.02999877929688,205.4199981689453,201.8000030517578,202.83999633789062,204800,0.0,0.0
2026-04-15 00:00:00-04:00,203.0,204.11000061035156,201.38999938964844,202.60000610351562,333400,0.0,0.0
2026-04-16 00:00:00-04:00,202.60000610351562,207.7899932861328,201.3300018310547,207.02999877929688,278600,0.0,0.0
2026-04-17 00:00:00-04:00,207.0,210.17999267578125,203.94000244140625,206.77000427246094,504800,0.0,0.0
2026-04-20 00:00:00-04:00,207.39999389648438,210.19000244140625,204.5500030517578,204.94000244140625,228200,0.0,0.0
2026-04-21 00:00:00-04:00,205.72000122070312,208.77000427246094,205.4600067138672,208.07000732421875,215500,0.0,0.0
2026-04-22 00:00:00-04:00,208.8000030517578,209.17999267578125,204.5500030517578,205.6300048828125,281700,0.0,0.0
2026-04-23 00:00:00-04:00,215.75999450683594,227.25999450683594,206.74000549316406,212.3300018310547,518700,0.0,0.0
2026-04-24 00:00:00-04:00,220.60000610351562,224.1999969482422,215.85000610351562,219.0,508500,0.0,0.0
2026-04-27 00:00:00-04:00,219.30999755859375,220.00999450683594,213.0,217.35000610351562,480500,0.0,0.0
2026-04-28 00:00:00-04:00,218.60000610351562,222.5800018310547,212.86000061035156,214.07000732421875,408100,0.0,0.0
2026-04-29 00:00:00-04:00,213.3800048828125,218.44000244140625,212.67999267578125,215.6699981689453,272900,0.0,0.0
2026-04-30 00:00:00-04:00,214.57000732421875,220.3800048828125,214.52999877929688,218.22000122070312,322600,0.0,0.0
2026-05-01 00:00:00-04:00,217.4600067138672,220.6300048828125,214.58999633789062,219.92999267578125,395800,0.0,0.0
2026-05-04 00:00:00-04:00,218.64999389648438,221.7100067138672,217.9499969482422,221.50999450683594,462200,0.0,0.0
2026-05-05 00:00:00-04:00,221.50999450683594,226.0,221.50999450683594,224.72000122070312,408100,0.0,0.0
2026-05-06 00:00:00-04:00,225.07000732421875,227.1699981689453,223.2100067138672,226.3800048828125,429900,0.0,0.0
2026-05-07 00:00:00-04:00,229.34500122070312,230.71499633789062,219.5,224.88999938964844,416462,0.0,0.0
