Date,Open,High,Low,Close,Volume,Dividends,Stock Splits
2022-01-03 00:00:00-05:00,95.6500015258789,95.75,92.34500122070312,95.04000091552734,277100,0.0,0.0
2022-01-04 00:00:00-05:00,95.08000183105469,95.08000183105469,90.66999816894531,93.58999633789062,494100,0.0,0.0
2022-01-05 00:00:00-05:00,92.63999938964844,94.17500305175781,89.19999694824219,89.43000030517578,547300,0.0,0.0
2022-01-06 00:00:00-05:00,89.98500061035156,92.02999877929688,87.16999816894531,88.52999877929688,498700,0.0,0.0
2022-01-07 00:00:00-05:00,87.58999633789062,91.1500015258789,87.5,89.06999969482422,630800,0.0,0.0
2022-01-10 00:00:00-05:00,86.80000305175781,88.6449966430664,80.0790023803711,88.54000091552734,1399900,0.0,0.0
2022-01-11 00:00:00-05:00,88.5,98.5199966430664,87.11100006103516,98.22000122070312,1129400,0.0,0.0
2022-01-12 00:00:00-05:00,98.55000305175781,101.62999725341797,96.27999877929688,96.44999694824219,1319200,0.0,0.0
2022-01-13 00:00:00-05:00,95.94999694824219,98.69000244140625,94.56999969482422,96.13999938964844,1047000,0.0,0.0
2022-01-14 00:00:00-05:00,95.9800033569336,98.0999984741211,88.2300033569336,91.2300033569336,1240200,0.0,0.0
2022-01-18 00:00:00-05:00,89.27999877929688,91.8499984741211,87.91000366210938,88.48999786376953,366200,0.0,0.0
2022-01-19 00:00:00-05:00,88.88999938964844,91.3499984741211,87.5999984741211,89.43000030517578,450600,0.0,0.0
2022-01-20 00:00:00-05:00,91.01000213623047,94.55000305175781,88.5199966430664,88.73999786376953,753300,0.0,0.0
2022-01-21 00:00:00-05:00,87.4000015258789,88.45999908447266,85.55999755859375,86.83000183105469,542500,0.0,0.0
2022-01-24 00:00:00-05:00,85.33000183105469,88.70999908447266,82.7300033569336,88.37999725341797,536800,0.0,0.0
2022-01-25 00:00:00-05:00,87.27999877929688,88.06999969482422,83.73999786376953,83.87000274658203,556800,0.0,0.0
2022-01-26 00:00:00-05:00,85.3499984741211,88.0199966430664,83.80000305175781,84.7300033569336,570500,0.0,0.0
2022-01-27 00:00:00-05:00,86.36000061035156,86.9800033569336,82.30000305175781,83.19000244140625,350000,0.0,0.0
2022-01-28 00:00:00-05:00,82.68000030517578,88.6500015258789,81.9000015258789,88.58000183105469,576000,0.0,0.0
2022-01-31 00:00:00-05:00,88.72000122070312,93.9800033569336,87.7300033569336,93.02999877929688,608100,0.0,0.0
2022-02-01 00:00:00-05:00,93.0199966430664,94.05999755859375,90.48999786376953,93.91000366210938,380300,0.0,0.0
2022-02-02 00:00:00-05:00,94.44999694824219,94.44999694824219,90.2699966430664,91.52999877929688,358900,0.0,0.0
2022-02-03 00:00:00-05:00,89.94999694824219,91.45999908447266,88.0199966430664,89.80000305175781,301500,0.0,0.0
2022-02-04 00:00:00-05:00,90.48999786376953,90.80000305175781,87.91999816894531,89.83000183105469,427900,0.0,0.0
2022-02-07 00:00:00-05:00,89.91999816894531,92.01000213623047,89.62000274658203,91.18000030517578,302300,0.0,0.0
2022-02-08 00:00:00-05:00,91.25,94.18000030517578,89.81999969482422,94.06999969482422,264200,0.0,0.0
2022-02-09 00:00:00-05:00,95.80999755859375,97.11000061035156,93.5999984741211,96.76000213623047,352500,0.0,0.0
2022-02-10 00:00:00-05:00,94.88999938964844,97.54000091552734,93.26000213623047,95.38999938964844,421500,0.0,0.0
2022-02-11 00:00:00-05:00,95.7699966430664,97.38999938964844,94.08000183105469,95.48999786376953,344300,0.0,0.0
2022-02-14 00:00:00-05:00,94.98999786376953,97.4000015258789,94.56999969482422,95.47000122070312,256100,0.0,0.0
2022-02-15 00:00:00-05:00,96.81999969482422,101.05999755859375,96.81999969482422,100.2699966430664,542400,0.0,0.0
2022-02-16 00:00:00-05:00,99.27999877929688,99.27999877929688,94.19000244140625,96.95999908447266,337500,0.0,0.0
2022-02-17 00:00:00-05:00,96.5199966430664,96.5199966430664,90.20999908447266,91.0199966430664,385400,0.0,0.0
2022-02-18 00:00:00-05:00,90.63999938964844,91.48999786376953,87.19000244140625,87.83999633789062,329000,0.0,0.0
2022-02-22 00:00:00-05:00,86.87999725341797,89.29000091552734,86.27999877929688,86.83999633789062,321900,0.0,0.0
2022-02-23 00:00:00-05:00,87.80999755859375,87.80999755859375,82.98999786376953,83.3499984741211,303300,0.0,0.0
2022-02-24 00:00:00-05:00,80.0,91.08999633789062,78.80999755859375,90.51000213623047,605400,0.0,0.0
2022-02-25 00:00:00-05:00,91.25,93.8499984741211,87.5199966430664,93.48999786376953,371600,0.0,0.0
2022-02-28 00:00:00-05:00,93.0,95.94999694824219,91.51000213623047,95.2300033569336,769800,0.0,0.0
2022-03-01 00:00:00-05:00,95.48999786376953,112.51000213623047,95.11000061035156,109.73999786376953,1600900,0.0,0.0
2022-03-02 00:00:00-05:00,109.30999755859375,110.41999816894531,104.70999908447266,107.58999633789062,898200,0.0,0.0
2022-03-03 00:00:00-05:00,108.4800033569336,108.92500305175781,102.66000366210938,103.0,608100,0.0,0.0
2022-03-04 00:00:00-05:00,102.0,104.38999938964844,96.83000183105469,98.22000122070312,638500,0.0,0.0
2022-03-07 00:00:00-05:00,98.12999725341797,98.75,94.9010009765625,97.70999908447266,579600,0.0,0.0
2022-03-08 00:00:00-05:00,96.48999786376953,99.8499984741211,94.9800033569336,99.25,350300,0.0,0.0
2022-03-09 00:00:00-05:00,102.1500015258789,105.94000244140625,101.23999786376953,102.66000366210938,425100,0.0,0.0
2022-03-10 00:00:00-05:00,100.69000244140625,101.68000030517578,96.75,97.4800033569336,308500,0.0,0.0
2022-03-11 00:00:00-05:00,98.20999908447266,98.20999908447266,91.72000122070312,91.7300033569336,321600,0.0,0.0
2022-03-14 00:00:00-04:00,91.43000030517578,91.75,83.55500030517578,84.36000061035156,410900,0.0,0.0
2022-03-15 00:00:00-04:00,84.63999938964844,85.9800033569336,81.0,85.2699966430664,497500,0.0,0.0
2022-03-16 00:00:00-04:00,87.58999633789062,95.52999877929688,86.75,95.41000366210938,513300,0.0,0.0
2022-03-17 00:00:00-04:00,95.19000244140625,100.75,94.66000366210938,99.16999816894531,363700,0.0,0.0
2022-03-18 00:00:00-04:00,97.77999877929688,102.68000030517578,97.77999877929688,102.33999633789062,319700,0.0,0.0
2022-03-21 00:00:00-04:00,101.86000061035156,102.00499725341797,96.79499816894531,97.7300033569336,301800,0.0,0.0
2022-03-22 00:00:00-04:00,97.70999908447266,101.83999633789062,96.37000274658203,101.55999755859375,299700,0.0,0.0
2022-03-23 00:00:00-04:00,101.45999908447266,101.97000122070312,97.51000213623047,98.22000122070312,313100,0.0,0.0
2022-03-24 00:00:00-04:00,98.37000274658203,99.8550033569336,94.51000213623047,99.4800033569336,242800,0.0,0.0
2022-03-25 00:00:00-04:00,100.05000305175781,100.12000274658203,94.87999725341797,95.80999755859375,185400,0.0,0.0
2022-03-28 00:00:00-04:00,96.3499984741211,99.36000061035156,94.11000061035156,99.11000061035156,566800,0.0,0.0
2022-03-29 00:00:00-04:00,101.04000091552734,104.79000091552734,99.79000091552734,101.55999755859375,334300,0.0,0.0
2022-03-30 00:00:00-04:00,105.01000213623047,109.0,103.05000305175781,104.93000030517578,571200,0.0,0.0
2022-03-31 00:00:00-04:00,104.86000061035156,105.52999877929688,101.54000091552734,102.63999938964844,741400,0.0,0.0
2022-04-01 00:00:00-04:00,103.41000366210938,107.92500305175781,103.41000366210938,107.20999908447266,398800,0.0,0.0
2022-04-04 00:00:00-04:00,107.5,109.54499816894531,105.93000030517578,108.0999984741211,409800,0.0,0.0
2022-04-05 00:00:00-04:00,107.80000305175781,109.19000244140625,106.41500091552734,107.58999633789062,536700,0.0,0.0
2022-04-06 00:00:00-04:00,105.62999725341797,105.62999725341797,99.08999633789062,103.27999877929688,457600,0.0,0.0
2022-04-07 00:00:00-04:00,103.44000244140625,106.19000244140625,100.8499984741211,102.47000122070312,496000,0.0,0.0
2022-04-08 00:00:00-04:00,102.08000183105469,105.01000213623047,100.48999786376953,103.22000122070312,302000,0.0,0.0
2022-04-11 00:00:00-04:00,102.76000213623047,106.98999786376953,100.24199676513672,102.26000213623047,389900,0.0,0.0
2022-04-12 00:00:00-04:00,104.30000305175781,110.08999633789062,103.48999786376953,106.36000061035156,571400,0.0,0.0
2022-04-13 00:00:00-04:00,106.44999694824219,111.31999969482422,106.20099639892578,110.22000122070312,492000,0.0,0.0
2022-04-14 00:00:00-04:00,109.62999725341797,113.2300033569336,108.93699645996094,112.87999725341797,480800,0.0,0.0
2022-04-18 00:00:00-04:00,112.87000274658203,112.87000274658203,108.55999755859375,110.91999816894531,514100,0.0,0.0
2022-04-19 00:00:00-04:00,111.66999816894531,118.47000122070312,109.94000244140625,113.93000030517578,589300,0.0,0.0
2022-04-20 00:00:00-04:00,113.93000030517578,118.7699966430664,113.5999984741211,113.87000274658203,746200,0.0,0.0
2022-04-21 00:00:00-04:00,115.1500015258789,116.0,108.91000366210938,109.87000274658203,346300,0.0,0.0
2022-04-22 00:00:00-04:00,109.7300033569336,112.2699966430664,104.51000213623047,105.20999908447266,513900,0.0,0.0
2022-04-25 00:00:00-04:00,105.56999969482422,107.81999969482422,103.95999908447266,107.38999938964844,499600,0.0,0.0
2022-04-26 00:00:00-04:00,106.3499984741211,106.3499984741211,98.61000061035156,99.13999938964844,546500,0.0,0.0
2022-04-27 00:00:00-04:00,99.2699966430664,101.22000122070312,96.79000091552734,100.0,428400,0.0,0.0
2022-04-28 00:00:00-04:00,103.48999786376953,104.55000305175781,93.69999694824219,98.48999786376953,601000,0.0,0.0
2022-04-29 00:00:00-04:00,97.51000213623047,99.83000183105469,93.06999969482422,93.3499984741211,514100,0.0,0.0
2022-05-02 00:00:00-04:00,93.2300033569336,94.5999984741211,88.68000030517578,93.0999984741211,839800,0.0,0.0
2022-05-03 00:00:00-04:00,84.22000122070312,90.14800262451172,82.01000213623047,82.91999816894531,2155500,0.0,0.0
2022-05-04 00:00:00-04:00,81.29000091552734,81.30000305175781,76.13500213623047,80.62000274658203,4868000,0.0,0.0
2022-05-05 00:00:00-04:00,79.33000183105469,80.02999877929688,68.05999755859375,68.91999816894531,2273200,0.0,0.0
2022-05-06 00:00:00-04:00,68.58999633789062,69.38999938964844,63.52000045776367,64.69999694824219,1715800,0.0,0.0
2022-05-09 00:00:00-04:00,62.650001525878906,63.18000030517578,56.400001525878906,57.529998779296875,1222500,0.0,0.0
2022-05-10 00:00:00-04:00,59.31999969482422,60.08000183105469,53.09000015258789,59.0099983215332,1674900,0.0,0.0
2022-05-11 00:00:00-04:00,58.59000015258789,61.060001373291016,56.52000045776367,57.029998779296875,1261800,0.0,0.0
2022-05-12 00:00:00-04:00,55.630001068115234,61.70000076293945,54.72999954223633,60.59000015258789,1203300,0.0,0.0
2022-05-13 00:00:00-04:00,61.52000045776367,66.43000030517578,61.52000045776367,65.94999694824219,890100,0.0,0.0
2022-05-16 00:00:00-04:00,65.94000244140625,67.78500366210938,64.31999969482422,65.30000305175781,772800,0.0,0.0
2022-05-17 00:00:00-04:00,66.94000244140625,71.2699966430664,65.88500213623047,69.91999816894531,818000,0.0,0.0
2022-05-18 00:00:00-04:00,68.04000091552734,68.7300033569336,64.37000274658203,64.83999633789062,895000,0.0,0.0
2022-05-19 00:00:00-04:00,64.68000030517578,68.44000244140625,63.40999984741211,66.52999877929688,648200,0.0,0.0
2022-05-20 00:00:00-04:00,65.50499725341797,65.87000274658203,59.974998474121094,62.279998779296875,952400,0.0,0.0
2022-05-23 00:00:00-04:00,62.029998779296875,62.88999938964844,58.79999923706055,60.93000030517578,786600,0.0,0.0
2022-05-24 00:00:00-04:00,60.75,61.18000030517578,57.58000183105469,60.52000045776367,533200,0.0,0.0
2022-05-25 00:00:00-04:00,59.9900016784668,63.56999969482422,59.81999969482422,62.83000183105469,553800,0.0,0.0
2022-05-26 00:00:00-04:00,63.27000045776367,67.83000183105469,62.86000061035156,66.55999755859375,693200,0.0,0.0
2022-05-27 00:00:00-04:00,67.69000244140625,73.22000122070312,66.87000274658203,73.02999877929688,666400,0.0,0.0
2022-05-31 00:00:00-04:00,72.88999938964844,73.21499633789062,69.7300033569336,71.97000122070312,608100,0.0,0.0
2022-06-01 00:00:00-04:00,72.0199966430664,72.80999755859375,65.87000274658203,67.44999694824219,678700,0.0,0.0
2022-06-02 00:00:00-04:00,67.62999725341797,69.80999755859375,67.11000061035156,68.83000183105469,428300,0.0,0.0
2022-06-03 00:00:00-04:00,67.62000274658203,68.80000305175781,66.1500015258789,66.97000122070312,318700,0.0,0.0
2022-06-06 00:00:00-04:00,68.2300033569336,68.69999694824219,66.31999969482422,68.30999755859375,337300,0.0,0.0
2022-06-07 00:00:00-04:00,66.77999877929688,71.51000213623047,66.66000366210938,70.4800033569336,434400,0.0,0.0
2022-06-08 00:00:00-04:00,70.61000061035156,71.83000183105469,69.36000061035156,69.95999908447266,553000,0.0,0.0
2022-06-09 00:00:00-04:00,69.01000213623047,69.25,64.4000015258789,64.4800033569336,638200,0.0,0.0
2022-06-10 00:00:00-04:00,62.540000915527344,63.0099983215332,59.599998474121094,60.380001068115234,898100,0.0,0.0
2022-06-13 00:00:00-04:00,57.72999954223633,60.189998626708984,55.27000045776367,55.5099983215332,803700,0.0,0.0
2022-06-14 00:00:00-04:00,55.5099983215332,56.22999954223633,53.207000732421875,54.310001373291016,716200,0.0,0.0
2022-06-15 00:00:00-04:00,55.13999938964844,56.625,54.150001525878906,55.58000183105469,629000,0.0,0.0
2022-06-16 00:00:00-04:00,53.0099983215332,54.95000076293945,51.93000030517578,54.869998931884766,604300,0.0,0.0
2022-06-17 00:00:00-04:00,55.349998474121094,56.36000061035156,51.97999954223633,52.66999816894531,729100,0.0,0.0
2022-06-21 00:00:00-04:00,53.70000076293945,55.5099983215332,53.29999923706055,53.45000076293945,668300,0.0,0.0
2022-06-22 00:00:00-04:00,52.119998931884766,54.209999084472656,51.34000015258789,52.93000030517578,679700,0.0,0.0
2022-06-23 00:00:00-04:00,53.56999969482422,57.5099983215332,52.93000030517578,57.4900016784668,742400,0.0,0.0
2022-06-24 00:00:00-04:00,58.5,59.720001220703125,57.69499969482422,59.66999816894531,1496400,0.0,0.0
2022-06-27 00:00:00-04:00,60.34000015258789,60.38999938964844,56.9900016784668,57.93000030517578,780800,0.0,0.0
2022-06-28 00:00:00-04:00,57.689998626708984,58.13999938964844,53.65999984741211,54.31999969482422,905700,0.0,0.0
2022-06-29 00:00:00-04:00,54.470001220703125,54.83000183105469,52.0099983215332,54.79999923706055,647700,0.0,0.0
2022-06-30 00:00:00-04:00,53.63999938964844,54.060001373291016,49.30500030517578,51.88999938964844,917100,0.0,0.0
2022-07-01 00:00:00-04:00,52.540000915527344,52.7599983215332,50.18000030517578,52.68000030517578,844000,0.0,0.0
2022-07-05 00:00:00-04:00,52.0,53.7599983215332,50.540000915527344,53.130001068115234,1125800,0.0,0.0
2022-07-06 00:00:00-04:00,53.779998779296875,54.63999938964844,52.209999084472656,52.880001068115234,710100,0.0,0.0
2022-07-07 00:00:00-04:00,52.61000061035156,53.70000076293945,48.78300094604492,51.58000183105469,1440400,0.0,0.0
2022-07-08 00:00:00-04:00,51.0,54.69499969482422,50.1349983215332,52.54999923706055,716400,0.0,0.0
2022-07-11 00:00:00-04:00,52.630001068115234,52.970001220703125,47.869998931884766,48.040000915527344,753600,0.0,0.0
2022-07-12 00:00:00-04:00,47.939998626708984,49.03499984741211,47.060001373291016,47.72999954223633,579700,0.0,0.0
2022-07-13 00:00:00-04:00,46.279998779296875,48.040000915527344,46.09600067138672,47.720001220703125,825600,0.0,0.0
2022-07-14 00:00:00-04:00,47.310001373291016,47.310001373291016,45.224998474121094,45.86000061035156,811600,0.0,0.0
2022-07-15 00:00:00-04:00,46.65999984741211,47.47999954223633,45.34000015258789,46.65999984741211,973200,0.0,0.0
2022-07-18 00:00:00-04:00,47.31999969482422,47.915000915527344,46.209999084472656,46.540000915527344,834900,0.0,0.0
2022-07-19 00:00:00-04:00,46.9900016784668,49.849998474121094,46.41999816894531,49.54999923706055,1072100,0.0,0.0
2022-07-20 00:00:00-04:00,49.97999954223633,53.5,49.97999954223633,51.63999938964844,755200,0.0,0.0
2022-07-21 00:00:00-04:00,51.36000061035156,51.83000183105469,49.779998779296875,50.189998626708984,583700,0.0,0.0
2022-07-22 00:00:00-04:00,50.439998626708984,51.709999084472656,47.36000061035156,48.290000915527344,397800,0.0,0.0
2022-07-25 00:00:00-04:00,48.63999938964844,48.70000076293945,46.97999954223633,47.95000076293945,370700,0.0,0.0
2022-07-26 00:00:00-04:00,47.09000015258789,47.099998474121094,45.810001373291016,46.630001068115234,615600,0.0,0.0
2022-07-27 00:00:00-04:00,47.29999923706055,49.4900016784668,46.119998931884766,49.439998626708984,639200,0.0,0.0
2022-07-28 00:00:00-04:00,49.70000076293945,52.15999984741211,48.70500183105469,52.060001373291016,673300,0.0,0.0
2022-07-29 00:00:00-04:00,52.040000915527344,53.96500015258789,51.36000061035156,53.439998626708984,901800,0.0,0.0
2022-08-01 00:00:00-04:00,52.09000015258789,54.16999816894531,51.560001373291016,53.0,667800,0.0,0.0
2022-08-02 00:00:00-04:00,52.0,54.779998779296875,51.849998474121094,53.29999923706055,395400,0.0,0.0
2022-08-03 00:00:00-04:00,54.0,55.150001525878906,53.06999969482422,54.72999954223633,355400,0.0,0.0
2022-08-04 00:00:00-04:00,54.61000061035156,55.61000061035156,53.119998931884766,53.75,384900,0.0,0.0
2022-08-05 00:00:00-04:00,52.4900016784668,54.54999923706055,51.25,54.47999954223633,658000,0.0,0.0
2022-08-08 00:00:00-04:00,55.65999984741211,59.349998474121094,55.130001068115234,56.369998931884766,959500,0.0,0.0
2022-08-09 00:00:00-04:00,51.08000183105469,53.18000030517578,46.9900016784668,47.84000015258789,3603700,0.0,0.0
2022-08-10 00:00:00-04:00,48.099998474121094,50.060001373291016,46.939998626708984,47.25,1817600,0.0,0.0
2022-08-11 00:00:00-04:00,48.25,52.06999969482422,47.6150016784668,48.689998626708984,1993800,0.0,0.0
2022-08-12 00:00:00-04:00,48.880001068115234,49.5099983215332,47.52000045776367,47.70000076293945,910200,0.0,0.0
2022-08-15 00:00:00-04:00,47.79999923706055,49.54999923706055,47.06999969482422,48.7599983215332,1077400,0.0,0.0
2022-08-16 00:00:00-04:00,48.13999938964844,50.08000183105469,45.88999938964844,48.66999816894531,1462000,0.0,0.0
2022-08-17 00:00:00-04:00,47.68000030517578,48.4900016784668,45.380001068115234,47.0,1021100,0.0,0.0
2022-08-18 00:00:00-04:00,48.290000915527344,48.5099983215332,45.869998931884766,47.97999954223633,1088200,0.0,0.0
2022-08-19 00:00:00-04:00,47.36000061035156,47.41999816894531,44.45000076293945,46.40999984741211,1175700,0.0,0.0
2022-08-22 00:00:00-04:00,45.560001373291016,45.880001068115234,43.5,45.02000045776367,1267100,0.0,0.0
2022-08-23 00:00:00-04:00,45.189998626708984,47.32500076293945,44.80799865722656,46.290000915527344,1011400,0.0,0.0
2022-08-24 00:00:00-04:00,46.79999923706055,48.09000015258789,46.0,47.29999923706055,608800,0.0,0.0
2022-08-25 00:00:00-04:00,47.79999923706055,47.900001525878906,46.66999816894531,47.4900016784668,486800,0.0,0.0
2022-08-26 00:00:00-04:00,47.34000015258789,47.470001220703125,44.709999084472656,45.31999969482422,1027100,0.0,0.0
2022-08-29 00:00:00-04:00,44.75,45.630001068115234,44.5099983215332,44.70000076293945,647500,0.0,0.0
2022-08-30 00:00:00-04:00,45.2400016784668,45.5,43.88999938964844,44.18000030517578,822300,0.0,0.0
2022-08-31 00:00:00-04:00,44.61000061035156,46.0,43.27000045776367,43.529998779296875,1039500,0.0,0.0
2022-09-01 00:00:00-04:00,42.959999084472656,43.05500030517578,40.86000061035156,42.88999938964844,887900,0.0,0.0
2022-09-02 00:00:00-04:00,43.72999954223633,43.72999954223633,40.525001525878906,41.0,718000,0.0,0.0
2022-09-06 00:00:00-04:00,41.630001068115234,41.790000915527344,39.73500061035156,41.0099983215332,1101500,0.0,0.0
2022-09-07 00:00:00-04:00,40.02000045776367,40.619998931884766,37.52000045776367,38.9900016784668,3221800,0.0,0.0
2022-09-08 00:00:00-04:00,36.689998626708984,39.040000915527344,36.02000045776367,38.79999923706055,1788800,0.0,0.0
2022-09-09 00:00:00-04:00,39.84000015258789,40.959999084472656,38.70000076293945,39.5099983215332,1186100,0.0,0.0
2022-09-12 00:00:00-04:00,39.970001220703125,42.02000045776367,39.970001220703125,42.02000045776367,1050000,0.0,0.0
2022-09-13 00:00:00-04:00,40.25,42.79499816894531,40.08000183105469,41.529998779296875,1141000,0.0,0.0
2022-09-14 00:00:00-04:00,41.470001220703125,42.040000915527344,40.810001373291016,41.599998474121094,1258200,0.0,0.0
2022-09-15 00:00:00-04:00,41.29999923706055,43.255001068115234,40.29399871826172,41.619998931884766,1263900,0.0,0.0
2022-09-16 00:00:00-04:00,41.189998626708984,41.25,40.32500076293945,40.79999923706055,1324700,0.0,0.0
2022-09-19 00:00:00-04:00,40.709999084472656,41.099998474121094,40.029998779296875,40.63999938964844,992200,0.0,0.0
2022-09-20 00:00:00-04:00,40.130001068115234,40.95000076293945,39.599998474121094,39.88999938964844,804000,0.0,0.0
2022-09-21 00:00:00-04:00,40.290000915527344,41.689998626708984,39.040000915527344,39.2400016784668,1382800,0.0,0.0
2022-09-22 00:00:00-04:00,39.220001220703125,48.65999984741211,37.91999816894531,45.470001220703125,3359400,0.0,0.0
2022-09-23 00:00:00-04:00,44.099998474121094,48.5,43.959999084472656,45.369998931884766,3835000,0.0,0.0
2022-09-26 00:00:00-04:00,45.380001068115234,49.4900016784668,45.380001068115234,46.79999923706055,1536500,0.0,0.0
2022-09-27 00:00:00-04:00,47.86000061035156,48.349998474121094,44.91699981689453,45.959999084472656,1506200,0.0,0.0
2022-09-28 00:00:00-04:00,46.040000915527344,50.52000045776367,46.040000915527344,50.33000183105469,1427500,0.0,0.0
2022-09-29 00:00:00-04:00,49.72999954223633,50.900001525878906,49.529998779296875,50.15999984741211,1016700,0.0,0.0
2022-09-30 00:00:00-04:00,51.22999954223633,53.040000915527344,49.77000045776367,50.09000015258789,1848200,0.0,0.0
2022-10-03 00:00:00-04:00,54.849998474121094,55.75,52.904998779296875,54.65999984741211,1879000,0.0,0.0
2022-10-04 00:00:00-04:00,55.29999923706055,57.29999923706055,55.29999923706055,56.54999923706055,1431200,0.0,0.0
2022-10-05 00:00:00-04:00,55.56999969482422,59.06999969482422,55.29999923706055,58.95500183105469,1106900,0.0,0.0
2022-10-06 00:00:00-04:00,58.630001068115234,60.4900016784668,58.02000045776367,60.38999938964844,1507800,0.0,0.0
2022-10-07 00:00:00-04:00,59.47999954223633,60.650001525878906,58.7400016784668,60.209999084472656,1055600,0.0,0.0
2022-10-10 00:00:00-04:00,60.11000061035156,60.375,57.060001373291016,57.52000045776367,868100,0.0,0.0
2022-10-11 00:00:00-04:00,57.31999969482422,59.56999969482422,55.849998474121094,58.150001525878906,706800,0.0,0.0
2022-10-12 00:00:00-04:00,58.880001068115234,59.040000915527344,57.310001373291016,57.560001373291016,875500,0.0,0.0
2022-10-13 00:00:00-04:00,55.95000076293945,58.5,55.59000015258789,57.869998931884766,619700,0.0,0.0
2022-10-14 00:00:00-04:00,58.529998779296875,59.23899841308594,55.72999954223633,56.59000015258789,603200,0.0,0.0
2022-10-17 00:00:00-04:00,57.189998626708984,58.63999938964844,55.43000030517578,55.439998626708984,923300,0.0,0.0
2022-10-18 00:00:00-04:00,56.58000183105469,57.80500030517578,56.22999954223633,57.58000183105469,427100,0.0,0.0
2022-10-19 00:00:00-04:00,57.20000076293945,57.68000030517578,54.099998474121094,54.95000076293945,764300,0.0,0.0
2022-10-20 00:00:00-04:00,55.2400016784668,55.599998474121094,53.775001525878906,54.0,562800,0.0,0.0
2022-10-21 00:00:00-04:00,54.5099983215332,54.5099983215332,52.900001525878906,54.08000183105469,772400,0.0,0.0
2022-10-24 00:00:00-04:00,54.119998931884766,57.83000183105469,53.779998779296875,55.15999984741211,849300,0.0,0.0
2022-10-25 00:00:00-04:00,55.099998474121094,58.15999984741211,55.099998474121094,57.68000030517578,535900,0.0,0.0
2022-10-26 00:00:00-04:00,56.93000030517578,59.470001220703125,56.875,59.04999923706055,765300,0.0,0.0
2022-10-27 00:00:00-04:00,59.349998474121094,59.66999816894531,58.130001068115234,58.86000061035156,497600,0.0,0.0
2022-10-28 00:00:00-04:00,58.4900016784668,59.779998779296875,58.4900016784668,59.540000915527344,523300,0.0,0.0
2022-10-31 00:00:00-04:00,59.25,59.7599983215332,58.689998626708984,58.95000076293945,785200,0.0,0.0
2022-11-01 00:00:00-04:00,59.81999969482422,60.0099983215332,58.75,59.41999816894531,807100,0.0,0.0
2022-11-02 00:00:00-04:00,58.119998931884766,66.26000213623047,58.0,63.119998931884766,1703300,0.0,0.0
2022-11-03 00:00:00-04:00,64.2300033569336,67.18000030517578,63.59000015258789,66.45999908447266,1132500,0.0,0.0
2022-11-04 00:00:00-04:00,67.69000244140625,67.69000244140625,65.74500274658203,67.26000213623047,759800,0.0,0.0
2022-11-07 00:00:00-05:00,67.62999725341797,67.62999725341797,65.26000213623047,66.05999755859375,671100,0.0,0.0
2022-11-08 00:00:00-05:00,66.80000305175781,68.3499984741211,66.01000213623047,67.81999969482422,696100,0.0,0.0
2022-11-09 00:00:00-05:00,66.80000305175781,67.63999938964844,63.060001373291016,64.02999877929688,518200,0.0,0.0
2022-11-10 00:00:00-05:00,67.38999938964844,69.19999694824219,66.86000061035156,67.01000213623047,589000,0.0,0.0
2022-11-11 00:00:00-05:00,66.94999694824219,69.9749984741211,65.61100006103516,69.20999908447266,792800,0.0,0.0
2022-11-14 00:00:00-05:00,68.86000061035156,69.9000015258789,67.01499938964844,67.12000274658203,398200,0.0,0.0
2022-11-15 00:00:00-05:00,68.93000030517578,69.7750015258789,66.20999908447266,67.69000244140625,489600,0.0,0.0
2022-11-16 00:00:00-05:00,66.5999984741211,67.50499725341797,65.62000274658203,65.91000366210938,298700,0.0,0.0
2022-11-17 00:00:00-05:00,64.86000061035156,64.86000061035156,62.89099884033203,63.400001525878906,496200,0.0,0.0
2022-11-18 00:00:00-05:00,63.83000183105469,64.71499633789062,63.06999969482422,64.05999755859375,592500,0.0,0.0
2022-11-21 00:00:00-05:00,64.7300033569336,64.81999969482422,63.1349983215332,64.27999877929688,354800,0.0,0.0
2022-11-22 00:00:00-05:00,64.33999633789062,64.38500213623047,62.040000915527344,63.689998626708984,414100,0.0,0.0
2022-11-23 00:00:00-05:00,64.02999877929688,66.38999938964844,64.02999877929688,65.0199966430664,288300,0.0,0.0
2022-11-25 00:00:00-05:00,64.48999786376953,67.12999725341797,64.48999786376953,66.72000122070312,156800,0.0,0.0
2022-11-28 00:00:00-05:00,66.25,67.72000122070312,64.58999633789062,64.5999984741211,270600,0.0,0.0
2022-11-29 00:00:00-05:00,64.54000091552734,65.44000244140625,62.04999923706055,64.05999755859375,518200,0.0,0.0
2022-11-30 00:00:00-05:00,64.33000183105469,67.20999908447266,64.33000183105469,67.0199966430664,586000,0.0,0.0
2022-12-01 00:00:00-05:00,66.93000030517578,67.69999694824219,64.83999633789062,64.94000244140625,387600,0.0,0.0
2022-12-02 00:00:00-05:00,64.06999969482422,64.6050033569336,62.279998779296875,63.95000076293945,604000,0.0,0.0
2022-12-05 00:00:00-05:00,63.66999816894531,63.84000015258789,59.244998931884766,60.81999969482422,654500,0.0,0.0
2022-12-06 00:00:00-05:00,60.75,61.470001220703125,58.439998626708984,58.689998626708984,522400,0.0,0.0
2022-12-07 00:00:00-05:00,59.880001068115234,61.858001708984375,59.34000015258789,60.790000915527344,505600,0.0,0.0
2022-12-08 00:00:00-05:00,60.5,61.0,59.11000061035156,59.22999954223633,343500,0.0,0.0
2022-12-09 00:00:00-05:00,58.689998626708984,59.904998779296875,57.599998474121094,57.79999923706055,438000,0.0,0.0
2022-12-12 00:00:00-05:00,57.91999816894531,57.91999816894531,54.43000030517578,55.790000915527344,708600,0.0,0.0
2022-12-13 00:00:00-05:00,57.689998626708984,58.13999938964844,55.619998931884766,55.93000030517578,647200,0.0,0.0
2022-12-14 00:00:00-05:00,56.36000061035156,57.099998474121094,54.939998626708984,55.529998779296875,611800,0.0,0.0
2022-12-15 00:00:00-05:00,54.63999938964844,55.540000915527344,53.040000915527344,55.16999816894531,586100,0.0,0.0
2022-12-16 00:00:00-05:00,54.54999923706055,55.650001525878906,53.98500061035156,55.220001220703125,606400,0.0,0.0
2022-12-19 00:00:00-05:00,55.650001525878906,55.90999984741211,52.26499938964844,52.650001525878906,828900,0.0,0.0
2022-12-20 00:00:00-05:00,51.84000015258789,53.23500061035156,49.7400016784668,52.08000183105469,907900,0.0,0.0
2022-12-21 00:00:00-05:00,52.540000915527344,54.369998931884766,51.41999816894531,51.95000076293945,402500,0.0,0.0
2022-12-22 00:00:00-05:00,51.380001068115234,52.81999969482422,50.099998474121094,52.36000061035156,426500,0.0,0.0
2022-12-23 00:00:00-05:00,52.18000030517578,52.18000030517578,50.81999969482422,51.5,379100,0.0,0.0
2022-12-27 00:00:00-05:00,51.15999984741211,51.52000045776367,49.279998779296875,50.91999816894531,696600,0.0,0.0
2022-12-28 00:00:00-05:00,51.150001525878906,51.209999084472656,49.720001220703125,50.84000015258789,376000,0.0,0.0
2022-12-29 00:00:00-05:00,51.04999923706055,52.150001525878906,50.06999969482422,52.11000061035156,404000,0.0,0.0
2022-12-30 00:00:00-05:00,51.810001373291016,52.869998931884766,51.22999954223633,52.77000045776367,475200,0.0,0.0
2023-01-03 00:00:00-05:00,53.15999984741211,53.70000076293945,51.290000915527344,52.66999816894531,433500,0.0,0.0
2023-01-04 00:00:00-05:00,53.20000076293945,54.28499984741211,52.84000015258789,53.900001525878906,380700,0.0,0.0
2023-01-05 00:00:00-05:00,53.59000015258789,53.599998474121094,52.709999084472656,52.720001220703125,298900,0.0,0.0
2023-01-06 00:00:00-05:00,52.61000061035156,53.665000915527344,51.310001373291016,51.97999954223633,823900,0.0,0.0
2023-01-09 00:00:00-05:00,51.970001220703125,55.25,51.599998474121094,52.630001068115234,607300,0.0,0.0
2023-01-10 00:00:00-05:00,52.77000045776367,60.189998626708984,52.77000045776367,57.90999984741211,1764500,0.0,0.0
2023-01-11 00:00:00-05:00,59.040000915527344,61.779998779296875,58.2400016784668,59.84000015258789,1080600,0.0,0.0
2023-01-12 00:00:00-05:00,60.20000076293945,60.880001068115234,58.349998474121094,60.5099983215332,504400,0.0,0.0
2023-01-13 00:00:00-05:00,60.400001525878906,62.0099983215332,60.25899887084961,61.20000076293945,697500,0.0,0.0
2023-01-17 00:00:00-05:00,61.0,63.9900016784668,60.5,63.22999954223633,702900,0.0,0.0
2023-01-18 00:00:00-05:00,63.5,63.709999084472656,61.58000183105469,62.5099983215332,714200,0.0,0.0
2023-01-19 00:00:00-05:00,62.41999816894531,65.33999633789062,60.40999984741211,61.43000030517578,846300,0.0,0.0
2023-01-20 00:00:00-05:00,62.34000015258789,62.64500045776367,60.68000030517578,62.630001068115234,515800,0.0,0.0
2023-01-23 00:00:00-05:00,63.060001373291016,64.18000030517578,60.459999084472656,61.9900016784668,597000,0.0,0.0
2023-01-24 00:00:00-05:00,61.880001068115234,62.474998474121094,61.0099983215332,61.2599983215332,282400,0.0,0.0
2023-01-25 00:00:00-05:00,60.880001068115234,62.31999969482422,60.45000076293945,62.2599983215332,326800,0.0,0.0
2023-01-26 00:00:00-05:00,62.91999816894531,63.54499816894531,61.040000915527344,61.459999084472656,352000,0.0,0.0
2023-01-27 00:00:00-05:00,61.310001373291016,65.01000213623047,61.15999984741211,64.26000213623047,773000,0.0,0.0
2023-01-30 00:00:00-05:00,63.88999938964844,64.26000213623047,61.83000183105469,61.84000015258789,728500,0.0,0.0
2023-01-31 00:00:00-05:00,62.040000915527344,63.689998626708984,61.380001068115234,63.33000183105469,461900,0.0,0.0
2023-02-01 00:00:00-05:00,62.5,64.9000015258789,60.880001068115234,64.41999816894531,838100,0.0,0.0
2023-02-02 00:00:00-05:00,65.3499984741211,68.80000305175781,64.47000122070312,65.91999816894531,1287700,0.0,0.0
2023-02-03 00:00:00-05:00,65.02999877929688,66.66000366210938,63.81999969482422,65.2699966430664,608000,0.0,0.0
2023-02-06 00:00:00-05:00,64.5,66.45500183105469,63.93000030517578,65.33999633789062,519200,0.0,0.0
2023-02-07 00:00:00-05:00,65.06999969482422,65.56500244140625,62.540000915527344,64.43000030517578,512300,0.0,0.0
2023-02-08 00:00:00-05:00,63.9900016784668,64.13500213623047,62.65999984741211,62.79999923706055,451100,0.0,0.0
2023-02-09 00:00:00-05:00,62.959999084472656,65.41899871826172,61.93000030517578,62.470001220703125,701200,0.0,0.0
2023-02-10 00:00:00-05:00,61.810001373291016,63.05500030517578,60.65999984741211,62.56999969482422,481200,0.0,0.0
2023-02-13 00:00:00-05:00,62.84000015258789,63.915000915527344,61.93000030517578,62.5099983215332,510800,0.0,0.0
2023-02-14 00:00:00-05:00,62.18000030517578,66.25,60.849998474121094,65.56999969482422,953700,0.0,0.0
2023-02-15 00:00:00-05:00,65.58999633789062,68.61499786376953,64.88999938964844,67.93000030517578,1018900,0.0,0.0
2023-02-16 00:00:00-05:00,66.62000274658203,67.91999816894531,64.12999725341797,65.22000122070312,691100,0.0,0.0
2023-02-17 00:00:00-05:00,64.9800033569336,67.80000305175781,64.6500015258789,67.30999755859375,836400,0.0,0.0
2023-02-21 00:00:00-05:00,66.19000244140625,66.19499969482422,62.38999938964844,62.45000076293945,691100,0.0,0.0
2023-02-22 00:00:00-05:00,62.45000076293945,65.97000122070312,62.45000076293945,63.2400016784668,835700,0.0,0.0
2023-02-23 00:00:00-05:00,63.40999984741211,64.77999877929688,57.91999816894531,62.38999938964844,888200,0.0,0.0
2023-02-24 00:00:00-05:00,60.68000030517578,61.29499816894531,59.66999816894531,61.060001373291016,891800,0.0,0.0
2023-02-27 00:00:00-05:00,59.0,63.54999923706055,57.10499954223633,62.09000015258789,1031000,0.0,0.0
2023-02-28 00:00:00-05:00,62.70000076293945,63.83000183105469,61.27000045776367,62.18000030517578,733200,0.0,0.0
2023-03-01 00:00:00-05:00,62.279998779296875,64.69499969482422,61.75,63.849998474121094,742600,0.0,0.0
2023-03-02 00:00:00-05:00,63.369998931884766,63.84000015258789,61.77000045776367,62.560001373291016,523700,0.0,0.0
2023-03-03 00:00:00-05:00,62.779998779296875,64.01000213623047,62.290000915527344,62.68000030517578,503700,0.0,0.0
2023-03-06 00:00:00-05:00,63.11000061035156,63.970001220703125,62.025001525878906,62.84000015258789,320200,0.0,0.0
2023-03-07 00:00:00-05:00,62.720001220703125,63.54999923706055,61.630001068115234,61.689998626708984,288900,0.0,0.0
2023-03-08 00:00:00-05:00,61.650001525878906,62.09000015258789,60.709999084472656,61.43000030517578,408300,0.0,0.0
2023-03-09 00:00:00-05:00,61.59000015258789,62.040000915527344,59.709999084472656,59.790000915527344,289900,0.0,0.0
2023-03-10 00:00:00-05:00,59.619998931884766,60.2599983215332,53.779998779296875,56.779998779296875,1084800,0.0,0.0
2023-03-13 00:00:00-04:00,55.099998474121094,56.939998626708984,53.849998474121094,55.2400016784668,616800,0.0,0.0
2023-03-14 00:00:00-04:00,56.95000076293945,57.959999084472656,54.09000015258789,55.66999816894531,537300,0.0,0.0
2023-03-15 00:00:00-04:00,47.18000030517578,56.15999984741211,45.130001068115234,54.650001525878906,5532100,0.0,0.0
2023-03-16 00:00:00-04:00,54.58000183105469,59.380001068115234,52.720001220703125,58.27000045776367,3551200,0.0,0.0
2023-03-17 00:00:00-04:00,57.86000061035156,59.66999816894531,57.08000183105469,59.619998931884766,1345500,0.0,0.0
2023-03-20 00:00:00-04:00,59.9900016784668,60.16999816894531,58.0099983215332,59.04999923706055,854700,0.0,0.0
2023-03-21 00:00:00-04:00,60.290000915527344,62.459999084472656,59.80500030517578,61.380001068115234,1277700,0.0,0.0
2023-03-22 00:00:00-04:00,62.130001068115234,64.40499877929688,61.119998931884766,62.04999923706055,1016300,0.0,0.0
2023-03-23 00:00:00-04:00,62.470001220703125,62.86000061035156,59.4900016784668,59.72999954223633,727400,0.0,0.0
2023-03-24 00:00:00-04:00,59.209999084472656,62.7599983215332,58.77000045776367,62.119998931884766,880600,0.0,0.0
2023-03-27 00:00:00-04:00,62.45000076293945,63.810001373291016,61.59000015258789,63.0099983215332,649900,0.0,0.0
2023-03-28 00:00:00-04:00,63.09000015258789,64.2300033569336,62.36000061035156,63.689998626708984,1004000,0.0,0.0
2023-03-29 00:00:00-04:00,64.68000030517578,65.75,64.0,64.77999877929688,603200,0.0,0.0
2023-03-30 00:00:00-04:00,64.81999969482422,66.76000213623047,64.62000274658203,65.87999725341797,858600,0.0,0.0
2023-03-31 00:00:00-04:00,66.12000274658203,68.16999816894531,65.25,66.19000244140625,901400,0.0,0.0
2023-04-03 00:00:00-04:00,66.19000244140625,68.05000305175781,65.19999694824219,67.11000061035156,665500,0.0,0.0
2023-04-04 00:00:00-04:00,67.5199966430664,67.93000030517578,65.93000030517578,67.06999969482422,609700,0.0,0.0
2023-04-05 00:00:00-04:00,66.80000305175781,67.94499969482422,64.41999816894531,65.4000015258789,879500,0.0,0.0
2023-04-06 00:00:00-04:00,65.06999969482422,66.1500015258789,64.37999725341797,66.08999633789062,389500,0.0,0.0
2023-04-10 00:00:00-04:00,65.69000244140625,66.54000091552734,64.5,65.58000183105469,354500,0.0,0.0
2023-04-11 00:00:00-04:00,65.98999786376953,67.06999969482422,64.44999694824219,64.56999969482422,911400,0.0,0.0
2023-04-12 00:00:00-04:00,65.54000091552734,66.06500244140625,63.150001525878906,63.279998779296875,441800,0.0,0.0
2023-04-13 00:00:00-04:00,63.83000183105469,67.0199966430664,63.83000183105469,66.22000122070312,602300,0.0,0.0
2023-04-14 00:00:00-04:00,66.37000274658203,67.16999816894531,64.4800033569336,65.19999694824219,365200,0.0,0.0
2023-04-17 00:00:00-04:00,65.4000015258789,66.93000030517578,64.38999938964844,65.16000366210938,1887700,0.0,0.0
2023-04-18 00:00:00-04:00,65.55999755859375,66.83999633789062,63.10499954223633,65.23999786376953,1792300,0.0,0.0
2023-04-19 00:00:00-04:00,65.26000213623047,65.30000305175781,62.2400016784668,62.310001373291016,563000,0.0,0.0
2023-04-20 00:00:00-04:00,61.52000045776367,63.70000076293945,61.52000045776367,63.630001068115234,847600,0.0,0.0
2023-04-21 00:00:00-04:00,63.720001220703125,65.36000061035156,63.060001373291016,65.01000213623047,1061900,0.0,0.0
2023-04-24 00:00:00-04:00,64.8499984741211,65.44499969482422,64.06999969482422,65.19000244140625,480700,0.0,0.0
2023-04-25 00:00:00-04:00,64.7699966430664,65.66000366210938,64.19000244140625,65.5,471000,0.0,0.0
2023-04-26 00:00:00-04:00,65.94000244140625,68.98999786376953,65.4800033569336,67.45999908447266,909000,0.0,0.0
2023-04-27 00:00:00-04:00,67.81999969482422,69.66999816894531,66.98999786376953,67.72000122070312,909200,0.0,0.0
2023-04-28 00:00:00-04:00,67.58999633789062,69.0,66.86000061035156,68.97000122070312,382400,0.0,0.0
2023-05-01 00:00:00-04:00,68.93000030517578,69.94000244140625,68.18000030517578,69.3499984741211,494200,0.0,0.0
2023-05-02 00:00:00-04:00,69.33999633789062,69.94999694824219,66.6500015258789,68.0999984741211,492200,0.0,0.0
2023-05-03 00:00:00-04:00,68.04000091552734,69.57499694824219,67.20999908447266,69.12999725341797,760300,0.0,0.0
2023-05-04 00:00:00-04:00,69.20999908447266,69.80000305175781,68.05999755859375,68.80000305175781,534800,0.0,0.0
2023-05-05 00:00:00-04:00,69.4800033569336,70.62999725341797,66.01000213623047,69.54000091552734,940700,0.0,0.0
2023-05-08 00:00:00-04:00,69.9000015258789,73.4800033569336,64.20999908447266,67.63999938964844,1429300,0.0,0.0
2023-05-09 00:00:00-04:00,68.16000366210938,69.09500122070312,66.54000091552734,68.5199966430664,716600,0.0,0.0
2023-05-10 00:00:00-04:00,69.58999633789062,71.50499725341797,69.41000366210938,70.52999877929688,1185500,0.0,0.0
2023-05-11 00:00:00-04:00,70.62999725341797,70.6500015258789,69.61000061035156,70.25,502800,0.0,0.0
2023-05-12 00:00:00-04:00,70.12999725341797,71.0199966430664,68.86799621582031,69.0999984741211,416100,0.0,0.0
2023-05-15 00:00:00-04:00,69.31999969482422,69.80999755859375,68.83999633789062,69.51000213623047,354600,0.0,0.0
2023-05-16 00:00:00-04:00,69.1500015258789,69.16000366210938,61.95000076293945,64.08000183105469,1622300,0.0,0.0
2023-05-17 00:00:00-04:00,64.08000183105469,64.9000015258789,61.5,64.0999984741211,858000,0.0,0.0
2023-05-18 00:00:00-04:00,63.4900016784668,66.75,61.86000061035156,65.87999725341797,873600,0.0,0.0
2023-05-19 00:00:00-04:00,65.93000030517578,67.77999877929688,63.59000015258789,64.83000183105469,921700,0.0,0.0
2023-05-22 00:00:00-04:00,64.83000183105469,66.83999633789062,64.0,66.0999984741211,919400,0.0,0.0
2023-05-23 00:00:00-04:00,65.97000122070312,67.91500091552734,64.80999755859375,67.3499984741211,813100,0.0,0.0
2023-05-24 00:00:00-04:00,67.08000183105469,68.30000305175781,64.72000122070312,66.19999694824219,786200,0.0,0.0
2023-05-25 00:00:00-04:00,66.16999816894531,66.16999816894531,63.630001068115234,64.11000061035156,541400,0.0,0.0
2023-05-26 00:00:00-04:00,63.689998626708984,64.07499694824219,62.369998931884766,62.79999923706055,463800,0.0,0.0
2023-05-30 00:00:00-04:00,62.86000061035156,64.47000122070312,62.5099983215332,63.369998931884766,521700,0.0,0.0
2023-05-31 00:00:00-04:00,63.08000183105469,63.47999954223633,57.65999984741211,59.7599983215332,1168800,0.0,0.0
2023-06-01 00:00:00-04:00,59.869998931884766,61.93000030517578,59.0099983215332,61.380001068115234,667000,0.0,0.0
2023-06-02 00:00:00-04:00,61.95000076293945,62.09000015258789,61.04999923706055,61.66999816894531,656100,0.0,0.0
2023-06-05 00:00:00-04:00,61.650001525878906,62.540000915527344,61.2599983215332,61.900001525878906,591900,0.0,0.0
2023-06-06 00:00:00-04:00,61.59000015258789,66.13999938964844,61.529998779296875,64.33000183105469,745900,0.0,0.0
2023-06-07 00:00:00-04:00,64.62000274658203,66.93000030517578,64.52999877929688,65.51000213623047,993600,0.0,0.0
2023-06-08 00:00:00-04:00,65.4000015258789,66.54000091552734,64.11000061035156,66.27999877929688,506800,0.0,0.0
2023-06-09 00:00:00-04:00,66.38999938964844,67.3499984741211,65.43499755859375,66.06999969482422,424100,0.0,0.0
2023-06-12 00:00:00-04:00,66.58000183105469,66.94000244140625,65.44000244140625,66.6500015258789,321400,0.0,0.0
2023-06-13 00:00:00-04:00,66.5199966430664,68.25,66.2300033569336,67.12000274658203,454000,0.0,0.0
2023-06-14 00:00:00-04:00,67.37999725341797,67.9000015258789,66.20999908447266,67.08999633789062,421600,0.0,0.0
2023-06-15 00:00:00-04:00,66.81999969482422,67.54000091552734,65.52999877929688,65.81999969482422,504500,0.0,0.0
2023-06-16 00:00:00-04:00,66.04000091552734,66.93000030517578,63.599998474121094,63.88999938964844,610700,0.0,0.0
2023-06-20 00:00:00-04:00,63.72999954223633,64.5199966430664,61.220001220703125,62.0,981200,0.0,0.0
2023-06-21 00:00:00-04:00,61.68000030517578,62.849998474121094,60.349998474121094,62.29999923706055,485400,0.0,0.0
2023-06-22 00:00:00-04:00,62.13999938964844,62.95000076293945,60.92300033569336,61.779998779296875,411000,0.0,0.0
2023-06-23 00:00:00-04:00,61.59000015258789,63.04999923706055,60.7599983215332,61.849998474121094,635400,0.0,0.0
2023-06-26 00:00:00-04:00,62.209999084472656,63.91999816894531,61.15999984741211,62.31999969482422,502500,0.0,0.0
2023-06-27 00:00:00-04:00,62.220001220703125,63.845001220703125,62.11000061035156,62.77000045776367,411600,0.0,0.0
2023-06-28 00:00:00-04:00,62.130001068115234,63.77000045776367,61.36000061035156,63.72999954223633,418700,0.0,0.0
2023-06-29 00:00:00-04:00,64.13999938964844,66.26000213623047,64.03500366210938,64.37999725341797,506000,0.0,0.0
2023-06-30 00:00:00-04:00,64.87000274658203,66.12000274658203,64.12999725341797,65.80999755859375,416900,0.0,0.0
2023-07-03 00:00:00-04:00,65.83999633789062,67.08999633789062,65.4800033569336,67.0199966430664,346500,0.0,0.0
2023-07-05 00:00:00-04:00,67.05000305175781,67.47000122070312,65.88999938964844,66.08000183105469,375300,0.0,0.0
2023-07-06 00:00:00-04:00,65.33999633789062,65.55999755859375,63.63999938964844,65.18000030517578,354100,0.0,0.0
2023-07-07 00:00:00-04:00,65.4000015258789,66.63999938964844,65.4000015258789,65.66999816894531,398500,0.0,0.0
2023-07-10 00:00:00-04:00,65.68000030517578,67.18000030517578,65.44999694824219,67.0,321900,0.0,0.0
2023-07-11 00:00:00-04:00,67.18000030517578,67.79000091552734,66.47000122070312,67.05999755859375,329600,0.0,0.0
2023-07-12 00:00:00-04:00,67.91000366210938,68.0999984741211,66.87999725341797,67.08999633789062,387700,0.0,0.0
2023-07-13 00:00:00-04:00,67.47000122070312,67.8499984741211,66.06999969482422,66.16000366210938,297300,0.0,0.0
2023-07-14 00:00:00-04:00,66.0199966430664,66.44999694824219,65.30999755859375,65.91000366210938,404200,0.0,0.0
2023-07-17 00:00:00-04:00,65.80000305175781,67.13999938964844,65.5199966430664,66.01000213623047,445500,0.0,0.0
2023-07-18 00:00:00-04:00,66.54000091552734,67.68000030517578,66.18000030517578,67.41999816894531,546100,0.0,0.0
2023-07-19 00:00:00-04:00,68.19000244140625,68.66999816894531,66.12000274658203,66.63999938964844,657200,0.0,0.0
2023-07-20 00:00:00-04:00,66.30000305175781,66.72000122070312,64.61000061035156,65.08999633789062,396200,0.0,0.0
2023-07-21 00:00:00-04:00,65.52999877929688,65.52999877929688,64.30999755859375,65.30000305175781,285500,0.0,0.0
2023-07-24 00:00:00-04:00,65.37999725341797,67.55000305175781,64.51000213623047,66.4000015258789,549400,0.0,0.0
2023-07-25 00:00:00-04:00,66.22000122070312,69.73999786376953,66.22000122070312,68.91999816894531,880600,0.0,0.0
2023-07-26 00:00:00-04:00,68.98999786376953,70.80999755859375,68.25,70.29000091552734,580800,0.0,0.0
2023-07-27 00:00:00-04:00,71.0,71.35900115966797,68.1500015258789,68.38999938964844,418600,0.0,0.0
2023-07-28 00:00:00-04:00,69.61000061035156,70.66899871826172,68.80000305175781,70.41000366210938,385200,0.0,0.0
2023-07-31 00:00:00-04:00,70.62999725341797,74.01499938964844,70.62999725341797,73.54000091552734,877800,0.0,0.0
2023-08-01 00:00:00-04:00,72.56999969482422,73.98500061035156,72.0,73.80000305175781,513300,0.0,0.0
2023-08-02 00:00:00-04:00,73.22000122070312,74.16999816894531,72.7699966430664,73.87999725341797,427000,0.0,0.0
2023-08-03 00:00:00-04:00,73.80000305175781,74.55999755859375,72.80999755859375,73.19000244140625,318900,0.0,0.0
2023-08-04 00:00:00-04:00,73.25,75.13999938964844,72.9800033569336,73.73999786376953,673600,0.0,0.0
2023-08-07 00:00:00-04:00,75.58999633789062,84.69999694824219,75.19000244140625,82.25,2725900,0.0,0.0
2023-08-08 00:00:00-04:00,81.30000305175781,81.54000091552734,78.94000244140625,80.0,801000,0.0,0.0
2023-08-09 00:00:00-04:00,80.86000061035156,81.3499984741211,78.25499725341797,79.27999877929688,654800,0.0,0.0
2023-08-10 00:00:00-04:00,81.02999877929688,81.5,77.3499984741211,79.30000305175781,1043100,0.0,0.0
2023-08-11 00:00:00-04:00,78.81999969482422,79.87000274658203,78.28299713134766,79.52999877929688,828100,0.0,0.0
2023-08-14 00:00:00-04:00,78.94999694824219,79.75,78.08000183105469,79.68000030517578,528600,0.0,0.0
2023-08-15 00:00:00-04:00,79.62999725341797,81.0,78.88999938964844,80.30999755859375,520300,0.0,0.0
2023-08-16 00:00:00-04:00,80.73999786376953,80.94000244140625,79.47000122070312,80.73999786376953,513900,0.0,0.0
2023-08-17 00:00:00-04:00,80.73999786376953,81.08000183105469,78.9000015258789,79.16000366210938,275800,0.0,0.0
2023-08-18 00:00:00-04:00,78.58999633789062,80.54000091552734,78.11000061035156,79.27999877929688,380800,0.0,0.0
2023-08-21 00:00:00-04:00,79.94999694824219,80.5,77.26000213623047,77.47000122070312,869700,0.0,0.0
2023-08-22 00:00:00-04:00,77.23999786376953,78.96700286865234,75.44999694824219,76.4000015258789,738200,0.0,0.0
2023-08-23 00:00:00-04:00,76.12999725341797,77.08000183105469,75.5199966430664,75.73999786376953,872200,0.0,0.0
2023-08-24 00:00:00-04:00,75.29000091552734,75.4000015258789,72.66000366210938,73.25,600800,0.0,0.0
2023-08-25 00:00:00-04:00,73.26000213623047,74.68000030517578,72.7300033569336,73.3499984741211,509700,0.0,0.0
2023-08-28 00:00:00-04:00,72.98999786376953,74.05999755859375,72.31999969482422,72.44999694824219,487000,0.0,0.0
2023-08-29 00:00:00-04:00,72.8499984741211,75.55000305175781,72.8499984741211,74.75,461100,0.0,0.0
2023-08-30 00:00:00-04:00,74.30000305175781,77.73999786376953,74.30000305175781,76.98999786376953,530100,0.0,0.0
2023-08-31 00:00:00-04:00,76.77999877929688,77.2750015258789,75.26000213623047,75.51000213623047,792400,0.0,0.0
2023-09-01 00:00:00-04:00,76.1500015258789,77.0,75.69999694824219,75.73999786376953,314900,0.0,0.0
2023-09-05 00:00:00-04:00,75.5999984741211,77.33000183105469,74.9000015258789,76.1500015258789,352000,0.0,0.0
2023-09-06 00:00:00-04:00,76.23999786376953,76.37999725341797,73.5999984741211,74.7300033569336,500600,0.0,0.0
2023-09-07 00:00:00-04:00,74.47000122070312,75.20999908447266,73.83000183105469,74.5,330000,0.0,0.0
2023-09-08 00:00:00-04:00,74.37000274658203,74.94000244140625,73.0999984741211,73.41999816894531,365600,0.0,0.0
2023-09-11 00:00:00-04:00,73.93000030517578,75.0999984741211,70.79000091552734,72.36000061035156,421700,0.0,0.0
2023-09-12 00:00:00-04:00,72.38999938964844,72.95500183105469,71.94000244140625,72.22000122070312,250000,0.0,0.0
2023-09-13 00:00:00-04:00,73.45999908447266,73.91000366210938,72.04000091552734,72.19999694824219,382500,0.0,0.0
2023-09-14 00:00:00-04:00,72.16999816894531,73.2300033569336,71.18000030517578,72.12999725341797,351700,0.0,0.0
2023-09-15 00:00:00-04:00,71.97000122070312,72.87999725341797,71.69000244140625,72.23999786376953,473400,0.0,0.0
2023-09-18 00:00:00-04:00,72.20999908447266,73.29499816894531,71.66999816894531,72.72000122070312,535000,0.0,0.0
2023-09-19 00:00:00-04:00,72.5199966430664,73.12999725341797,71.62000274658203,72.45999908447266,336800,0.0,0.0
2023-09-20 00:00:00-04:00,72.94999694824219,73.19400024414062,68.08999633789062,68.33000183105469,883200,0.0,0.0
2023-09-21 00:00:00-04:00,68.0,68.0999984741211,65.48999786376953,66.01000213623047,751100,0.0,0.0
2023-09-22 00:00:00-04:00,66.06999969482422,66.5,63.553001403808594,63.91999816894531,619800,0.0,0.0
2023-09-25 00:00:00-04:00,63.790000915527344,65.61000061035156,63.15999984741211,63.369998931884766,734100,0.0,0.0
2023-09-26 00:00:00-04:00,63.04999923706055,65.0199966430664,63.005001068115234,64.87000274658203,451300,0.0,0.0
2023-09-27 00:00:00-04:00,65.36000061035156,66.41999816894531,63.66999816894531,64.73999786376953,538000,0.0,0.0
2023-09-28 00:00:00-04:00,64.83000183105469,65.61000061035156,64.56999969482422,65.30000305175781,360500,0.0,0.0
2023-09-29 00:00:00-04:00,65.93000030517578,66.6500015258789,65.2300033569336,65.87999725341797,520400,0.0,0.0
2023-10-02 00:00:00-04:00,65.41000366210938,65.9000015258789,64.13999938964844,64.88999938964844,369300,0.0,0.0
2023-10-03 00:00:00-04:00,64.62999725341797,64.8949966430664,60.33000183105469,61.380001068115234,681800,0.0,0.0
2023-10-04 00:00:00-04:00,61.349998474121094,62.689998626708984,59.61000061035156,61.27000045776367,816200,0.0,0.0
2023-10-05 00:00:00-04:00,61.2400016784668,61.61000061035156,58.9900016784668,59.04999923706055,586200,0.0,0.0
2023-10-06 00:00:00-04:00,58.33000183105469,59.215999603271484,56.20000076293945,58.84000015258789,1023800,0.0,0.0
2023-10-09 00:00:00-04:00,58.04999923706055,59.0,56.97999954223633,58.599998474121094,383600,0.0,0.0
2023-10-10 00:00:00-04:00,58.40999984741211,60.77000045776367,58.40999984741211,58.9900016784668,504700,0.0,0.0
2023-10-11 00:00:00-04:00,59.02000045776367,59.45500183105469,57.91999816894531,59.369998931884766,359900,0.0,0.0
2023-10-12 00:00:00-04:00,59.310001373291016,60.029998779296875,57.03499984741211,57.310001373291016,700100,0.0,0.0
2023-10-13 00:00:00-04:00,57.34000015258789,57.65999984741211,56.06999969482422,56.959999084472656,509200,0.0,0.0
2023-10-16 00:00:00-04:00,57.04999923706055,58.27000045776367,56.88999938964844,57.45000076293945,430100,0.0,0.0
2023-10-17 00:00:00-04:00,57.13999938964844,58.97999954223633,57.13999938964844,58.209999084472656,656600,0.0,0.0
2023-10-18 00:00:00-04:00,57.45000076293945,58.88999938964844,54.849998474121094,55.400001525878906,754200,0.0,0.0
2023-10-19 00:00:00-04:00,55.400001525878906,57.220001220703125,54.810001373291016,55.66999816894531,516500,0.0,0.0
2023-10-20 00:00:00-04:00,55.5,56.65999984741211,55.09000015258789,55.279998779296875,585800,0.0,0.0
2023-10-23 00:00:00-04:00,55.0099983215332,57.61000061035156,54.78499984741211,57.279998779296875,719700,0.0,0.0
2023-10-24 00:00:00-04:00,57.06999969482422,59.41999816894531,57.0,58.130001068115234,426900,0.0,0.0
2023-10-25 00:00:00-04:00,58.040000915527344,59.08000183105469,56.90999984741211,58.959999084472656,441000,0.0,0.0
2023-10-26 00:00:00-04:00,58.900001525878906,59.790000915527344,57.65999984741211,57.709999084472656,521400,0.0,0.0
2023-10-27 00:00:00-04:00,57.779998779296875,58.27000045776367,56.78499984741211,57.869998931884766,405100,0.0,0.0
2023-10-30 00:00:00-04:00,58.66999816894531,58.77000045776367,57.0,57.81999969482422,394100,0.0,0.0
2023-10-31 00:00:00-04:00,58.0,58.36000061035156,57.25,57.400001525878906,612800,0.0,0.0
2023-11-01 00:00:00-04:00,57.33000183105469,57.470001220703125,54.599998474121094,55.869998931884766,819500,0.0,0.0
2023-11-02 00:00:00-04:00,57.11000061035156,58.7400016784668,57.11000061035156,58.060001373291016,659000,0.0,0.0
2023-11-03 00:00:00-04:00,59.279998779296875,59.665000915527344,57.5,58.25,753700,0.0,0.0
2023-11-06 00:00:00-05:00,71.06999969482422,73.75,66.54000091552734,68.0999984741211,3538600,0.0,0.0
2023-11-07 00:00:00-05:00,67.69999694824219,69.1500015258789,67.51000213623047,67.88999938964844,1035100,0.0,0.0
2023-11-08 00:00:00-05:00,67.88999938964844,68.52999877929688,65.80500030517578,66.30999755859375,671100,0.0,0.0
2023-11-09 00:00:00-05:00,66.44000244140625,67.69000244140625,65.8499984741211,66.47000122070312,346100,0.0,0.0
2023-11-10 00:00:00-05:00,66.5,67.68000030517578,66.18499755859375,67.02999877929688,384500,0.0,0.0
2023-11-13 00:00:00-05:00,66.81999969482422,69.04000091552734,66.36000061035156,67.43000030517578,580400,0.0,0.0
2023-11-14 00:00:00-05:00,68.75,70.30000305175781,68.7300033569336,69.66999816894531,474800,0.0,0.0
2023-11-15 00:00:00-05:00,70.08999633789062,70.7300033569336,68.9800033569336,69.02999877929688,429300,0.0,0.0
2023-11-16 00:00:00-05:00,68.58999633789062,69.51000213623047,68.13999938964844,68.91999816894531,357900,0.0,0.0
2023-11-17 00:00:00-05:00,69.5199966430664,70.38999938964844,68.5199966430664,69.87000274658203,1043000,0.0,0.0
2023-11-20 00:00:00-05:00,70.23999786376953,70.61000061035156,69.27999877929688,69.62000274658203,344000,0.0,0.0
2023-11-21 00:00:00-05:00,69.63999938964844,69.75,68.88999938964844,69.05999755859375,318200,0.0,0.0
2023-11-22 00:00:00-05:00,69.33999633789062,70.16999816894531,68.87999725341797,69.8499984741211,351200,0.0,0.0
2023-11-24 00:00:00-05:00,69.7300033569336,70.63500213623047,69.19000244140625,69.30000305175781,135700,0.0,0.0
2023-11-27 00:00:00-05:00,69.11000061035156,69.30999755859375,68.25,68.69999694824219,358400,0.0,0.0
2023-11-28 00:00:00-05:00,68.70999908447266,70.5,68.22000122070312,70.3499984741211,688200,0.0,0.0
2023-11-29 00:00:00-05:00,70.52999877929688,71.51000213623047,69.66000366210938,69.9800033569336,733700,0.0,0.0
2023-11-30 00:00:00-05:00,70.0999984741211,71.08999633789062,69.37000274658203,70.94999694824219,372700,0.0,0.0
2023-12-01 00:00:00-05:00,70.69999694824219,72.38999938964844,70.58000183105469,71.72000122070312,987400,0.0,0.0
2023-12-04 00:00:00-05:00,71.83999633789062,73.5199966430664,71.41999816894531,72.19000244140625,869400,0.0,0.0
2023-12-05 00:00:00-05:00,72.05000305175781,73.19000244140625,71.22000122070312,71.5999984741211,534400,0.0,0.0
2023-12-06 00:00:00-05:00,71.66999816894531,73.26000213623047,71.66000366210938,72.44000244140625,504000,0.0,0.0
2023-12-07 00:00:00-05:00,73.08999633789062,75.91000366210938,71.9800033569336,75.51000213623047,658300,0.0,0.0
2023-12-08 00:00:00-05:00,76.44999694824219,77.12999725341797,75.63800048828125,76.25,800300,0.0,0.0
2023-12-11 00:00:00-05:00,76.20999908447266,78.69999694824219,75.80999755859375,77.26000213623047,581500,0.0,0.0
2023-12-12 00:00:00-05:00,77.9000015258789,79.37999725341797,77.38999938964844,79.3499984741211,633100,0.0,0.0
2023-12-13 00:00:00-05:00,79.5,84.4000015258789,79.5,83.8499984741211,830900,0.0,0.0
2023-12-14 00:00:00-05:00,84.58999633789062,86.4800033569336,83.9800033569336,84.2699966430664,898000,0.0,0.0
2023-12-15 00:00:00-05:00,84.27999877929688,84.80999755859375,83.11499786376953,84.44999694824219,720900,0.0,0.0
2023-12-18 00:00:00-05:00,85.0,85.65299987792969,83.69000244140625,84.44999694824219,479200,0.0,0.0
2023-12-19 00:00:00-05:00,84.18000030517578,86.04000091552734,83.62000274658203,85.58999633789062,451000,0.0,0.0
2023-12-20 00:00:00-05:00,85.20999908447266,86.16500091552734,83.70999908447266,83.7699966430664,324300,0.0,0.0
2023-12-21 00:00:00-05:00,84.45999908447266,85.62999725341797,83.33999633789062,85.02999877929688,276700,0.0,0.0
2023-12-22 00:00:00-05:00,85.30999755859375,86.56999969482422,84.9000015258789,85.27999877929688,616400,0.0,0.0
2023-12-26 00:00:00-05:00,85.52999877929688,86.88999938964844,85.08000183105469,85.95999908447266,262800,0.0,0.0
2023-12-27 00:00:00-05:00,86.37999725341797,88.8499984741211,86.05999755859375,87.68000030517578,622500,0.0,0.0
2023-12-28 00:00:00-05:00,87.52999877929688,88.56999969482422,86.73999786376953,87.47000122070312,358500,0.0,0.0
2023-12-29 00:00:00-05:00,87.0,88.0,86.41000366210938,86.76000213623047,308400,0.0,0.0
2024-01-02 00:00:00-05:00,85.87999725341797,89.05999755859375,84.1449966430664,87.4800033569336,1293000,0.0,0.0
2024-01-03 00:00:00-05:00,86.95999908447266,87.20899963378906,82.66000366210938,83.5,1141300,0.0,0.0
2024-01-04 00:00:00-05:00,82.69999694824219,84.25,82.16000366210938,83.81999969482422,698900,0.0,0.0
2024-01-05 00:00:00-05:00,83.41000366210938,85.25800323486328,82.69999694824219,84.47000122070312,513300,0.0,0.0
2024-01-08 00:00:00-05:00,84.0,84.26000213623047,82.76000213623047,83.12000274658203,809600,0.0,0.0
2024-01-09 00:00:00-05:00,82.20999908447266,86.41999816894531,82.20999908447266,84.01000213623047,739700,0.0,0.0
2024-01-10 00:00:00-05:00,85.08999633789062,87.08999633789062,84.56999969482422,85.25,854200,0.0,0.0
2024-01-11 00:00:00-05:00,84.80999755859375,85.43499755859375,82.88999938964844,84.94999694824219,589300,0.0,0.0
2024-01-12 00:00:00-05:00,84.94999694824219,86.44999694824219,84.2300033569336,85.3499984741211,630000,0.0,0.0
2024-01-16 00:00:00-05:00,85.33000183105469,85.6500015258789,84.52999877929688,85.5999984741211,357100,0.0,0.0
2024-01-17 00:00:00-05:00,84.79000091552734,85.55000305175781,84.0,85.37000274658203,349300,0.0,0.0
2024-01-18 00:00:00-05:00,85.7699966430664,86.44999694824219,83.7699966430664,85.2300033569336,482700,0.0,0.0
2024-01-19 00:00:00-05:00,85.75,86.83999633789062,84.69000244140625,86.83999633789062,485600,0.0,0.0
2024-01-22 00:00:00-05:00,87.05999755859375,88.30000305175781,86.41000366210938,87.4000015258789,400700,0.0,0.0
2024-01-23 00:00:00-05:00,88.22000122070312,89.0,87.55000305175781,88.05999755859375,387000,0.0,0.0
2024-01-24 00:00:00-05:00,88.11000061035156,89.4749984741211,87.5,88.08999633789062,441600,0.0,0.0
2024-01-25 00:00:00-05:00,89.0,89.0,87.51000213623047,87.98999786376953,434600,0.0,0.0
2024-01-26 00:00:00-05:00,88.01000213623047,88.5,87.63999938964844,88.1500015258789,342100,0.0,0.0
2024-01-29 00:00:00-05:00,88.5,89.31999969482422,86.83000183105469,88.04000091552734,460900,0.0,0.0
2024-01-30 00:00:00-05:00,87.81999969482422,88.81199645996094,86.98500061035156,88.29000091552734,329900,0.0,0.0
2024-01-31 00:00:00-05:00,88.36000061035156,88.36000061035156,86.04000091552734,86.0999984741211,423800,0.0,0.0
2024-02-01 00:00:00-05:00,86.18000030517578,87.66000366210938,85.51000213623047,87.2300033569336,488700,0.0,0.0
2024-02-02 00:00:00-05:00,86.8499984741211,88.97000122070312,86.0,88.5,477500,0.0,0.0
2024-02-05 00:00:00-05:00,88.33000183105469,88.33000183105469,86.44200134277344,87.98999786376953,311600,0.0,0.0
2024-02-06 00:00:00-05:00,88.0,89.16999816894531,87.53500366210938,88.41000366210938,380500,0.0,0.0
2024-02-07 00:00:00-05:00,88.5,89.87000274658203,87.12999725341797,88.37999725341797,786600,0.0,0.0
2024-02-08 00:00:00-05:00,88.56999969482422,89.51300048828125,87.44999694824219,87.61000061035156,416700,0.0,0.0
2024-02-09 00:00:00-05:00,87.56999969482422,88.94000244140625,86.06999969482422,87.37000274658203,363100,0.0,0.0
2024-02-12 00:00:00-05:00,87.4800033569336,89.9000015258789,87.4800033569336,88.5999984741211,378700,0.0,0.0
2024-02-13 00:00:00-05:00,86.08000183105469,88.05000305175781,84.01599884033203,87.52999877929688,394500,0.0,0.0
2024-02-14 00:00:00-05:00,88.5,88.98999786376953,85.58000183105469,88.88999938964844,513900,0.0,0.0
2024-02-15 00:00:00-05:00,89.47000122070312,90.66999816894531,88.16500091552734,90.19999694824219,532300,0.0,0.0
2024-02-16 00:00:00-05:00,89.0,90.10700225830078,85.5009994506836,89.62000274658203,342900,0.0,0.0
2024-02-20 00:00:00-05:00,88.80000305175781,90.47000122070312,88.1500015258789,90.0,410200,0.0,0.0
2024-02-21 00:00:00-05:00,89.72000122070312,89.98999786376953,87.87000274658203,89.26000213623047,436600,0.0,0.0
2024-02-22 00:00:00-05:00,89.87000274658203,90.58999633789062,89.14800262451172,90.29000091552734,478300,0.0,0.0
2024-02-23 00:00:00-05:00,90.29000091552734,93.125,90.06999969482422,92.01000213623047,1256100,0.0,0.0
2024-02-26 00:00:00-05:00,108.47000122070312,112.0,103.22000122070312,110.12000274658203,3402500,0.0,0.0
2024-02-27 00:00:00-05:00,111.5199966430664,111.56999969482422,104.8499984741211,108.27999877929688,2672800,0.0,0.0
2024-02-28 00:00:00-05:00,108.81999969482422,110.9000015258789,107.0,109.52999877929688,1064600,0.0,0.0
2024-02-29 00:00:00-05:00,111.12000274658203,114.30999755859375,109.58000183105469,113.02999877929688,1841500,0.0,0.0
2024-03-01 00:00:00-05:00,113.30999755859375,113.87999725341797,108.47000122070312,110.80000305175781,769300,0.0,0.0
2024-03-04 00:00:00-05:00,111.0199966430664,112.95999908447266,110.18000030517578,112.48999786376953,710600,0.0,0.0
2024-03-05 00:00:00-05:00,111.91999816894531,113.06999969482422,109.52999877929688,111.22000122070312,413700,0.0,0.0
2024-03-06 00:00:00-05:00,110.86000061035156,111.9000015258789,108.68000030517578,109.04000091552734,480400,0.0,0.0
2024-03-07 00:00:00-05:00,109.91000366210938,110.0,107.72000122070312,108.54000091552734,476800,0.0,0.0
2024-03-08 00:00:00-05:00,108.68000030517578,110.18000030517578,106.61000061035156,108.20999908447266,548200,0.0,0.0
2024-03-11 00:00:00-04:00,111.33999633789062,111.80000305175781,107.7300033569336,107.88999938964844,670000,0.0,0.0
2024-03-12 00:00:00-04:00,107.37999725341797,110.3489990234375,106.87000274658203,109.94999694824219,530100,0.0,0.0
2024-03-13 00:00:00-04:00,110.41999816894531,112.48999786376953,110.13999938964844,111.2699966430664,464200,0.0,0.0
2024-03-14 00:00:00-04:00,111.58000183105469,111.58000183105469,107.18000030517578,109.30999755859375,423300,0.0,0.0
2024-03-15 00:00:00-04:00,108.52999877929688,110.05000305175781,108.18000030517578,109.54000091552734,724900,0.0,0.0
2024-03-18 00:00:00-04:00,109.5,110.20500183105469,107.5999984741211,108.41000366210938,321600,0.0,0.0
2024-03-19 00:00:00-04:00,107.7699966430664,109.87000274658203,107.44999694824219,109.02999877929688,303600,0.0,0.0
2024-03-20 00:00:00-04:00,109.36000061035156,111.1500015258789,107.97000122070312,111.13999938964844,606200,0.0,0.0
2024-03-21 00:00:00-04:00,112.16000366210938,115.01000213623047,110.9800033569336,114.31999969482422,654300,0.0,0.0
2024-03-22 00:00:00-04:00,114.19999694824219,115.2699966430664,111.94000244140625,115.05000305175781,808400,0.0,0.0
2024-03-25 00:00:00-04:00,115.05999755859375,116.96099853515625,114.1500015258789,114.5999984741211,498700,0.0,0.0
2024-03-26 00:00:00-04:00,115.0199966430664,116.11299896240234,113.70999908447266,114.45999908447266,489800,0.0,0.0
2024-03-27 00:00:00-04:00,115.11000061035156,116.18499755859375,114.66999816894531,115.70999908447266,298100,0.0,0.0
2024-03-28 00:00:00-04:00,116.33999633789062,116.76499938964844,115.11000061035156,115.86000061035156,432900,0.0,0.0
2024-04-01 00:00:00-04:00,116.37999725341797,116.93000030517578,114.13999938964844,115.8499984741211,577200,0.0,0.0
2024-04-02 00:00:00-04:00,114.98999786376953,115.72000122070312,112.80000305175781,115.45999908447266,433600,0.0,0.0
2024-04-03 00:00:00-04:00,114.7300033569336,115.625,110.94000244140625,111.47000122070312,484300,0.0,0.0
2024-04-04 00:00:00-04:00,112.20999908447266,113.3499984741211,111.05000305175781,111.56999969482422,456800,0.0,0.0
2024-04-05 00:00:00-04:00,112.13999938964844,116.62000274658203,111.2300033569336,116.0199966430664,536000,0.0,0.0
2024-04-08 00:00:00-04:00,116.08999633789062,117.76000213623047,115.19000244140625,116.1500015258789,553300,0.0,0.0
2024-04-09 00:00:00-04:00,116.06999969482422,116.27999877929688,113.58699798583984,114.66999816894531,318700,0.0,0.0
2024-04-10 00:00:00-04:00,112.58000183105469,114.62999725341797,112.18000030517578,112.75,523400,0.0,0.0
2024-04-11 00:00:00-04:00,114.56999969482422,114.56999969482422,112.37000274658203,112.5,477600,0.0,0.0
2024-04-12 00:00:00-04:00,111.9800033569336,112.6500015258789,108.12999725341797,108.58999633789062,860800,0.0,0.0
2024-04-15 00:00:00-04:00,109.87000274658203,110.66999816894531,105.5999984741211,105.69000244140625,366100,0.0,0.0
2024-04-16 00:00:00-04:00,105.1500015258789,105.7300033569336,104.56999969482422,105.63999938964844,339500,0.0,0.0
2024-04-17 00:00:00-04:00,106.55000305175781,106.55000305175781,104.7699966430664,105.1500015258789,295900,0.0,0.0
2024-04-18 00:00:00-04:00,105.0999984741211,105.40499877929688,103.54499816894531,103.83999633789062,310200,0.0,0.0
2024-04-19 00:00:00-04:00,104.30000305175781,106.2300033569336,103.51000213623047,104.69000244140625,692800,0.0,0.0
2024-04-22 00:00:00-04:00,105.11000061035156,105.52999877929688,103.93000030517578,104.75,326000,0.0,0.0
2024-04-23 00:00:00-04:00,105.05999755859375,106.58999633789062,104.78500366210938,105.23999786376953,373500,0.0,0.0
2024-04-24 00:00:00-04:00,104.69000244140625,105.7699966430664,103.56999969482422,104.5999984741211,414300,0.0,0.0
2024-04-25 00:00:00-04:00,103.69000244140625,105.61000061035156,102.98999786376953,104.9800033569336,594000,0.0,0.0
2024-04-26 00:00:00-04:00,104.7300033569336,107.87000274658203,104.0199966430664,106.36000061035156,348700,0.0,0.0
2024-04-29 00:00:00-04:00,106.86000061035156,108.0199966430664,105.62999725341797,107.75,466000,0.0,0.0
2024-04-30 00:00:00-04:00,107.2300033569336,107.59500122070312,105.58999633789062,106.06999969482422,365500,0.0,0.0
2024-05-01 00:00:00-04:00,106.04000091552734,108.23999786376953,104.87000274658203,105.69000244140625,455900,0.0,0.0
2024-05-02 00:00:00-04:00,105.83999633789062,108.20999908447266,104.44000244140625,107.08000183105469,456500,0.0,0.0
2024-05-03 00:00:00-04:00,108.45999908447266,110.4749984741211,107.69000244140625,109.58000183105469,768500,0.0,0.0
2024-05-06 00:00:00-04:00,124.62000274658203,127.25,116.5,121.02999877929688,2468200,0.0,0.0
2024-05-07 00:00:00-04:00,122.77999877929688,124.66999816894531,119.52999877929688,120.69999694824219,1235800,0.0,0.0
2024-05-08 00:00:00-04:00,120.7699966430664,121.51000213623047,118.75,119.20999908447266,795400,0.0,0.0
2024-05-09 00:00:00-04:00,119.22000122070312,121.33999633789062,118.20999908447266,118.9000015258789,448800,0.0,0.0
2024-05-10 00:00:00-04:00,119.19999694824219,121.37999725341797,118.50499725341797,120.08999633789062,529900,0.0,0.0
2024-05-13 00:00:00-04:00,120.02999877929688,124.81999969482422,119.58000183105469,123.01000213623047,821100,0.0,0.0
2024-05-14 00:00:00-04:00,123.16000366210938,128.125,122.79000091552734,127.2300033569336,832100,0.0,0.0
2024-05-15 00:00:00-04:00,128.17999267578125,129.13999938964844,126.79100036621094,128.72000122070312,601100,0.0,0.0
2024-05-16 00:00:00-04:00,128.4499969482422,129.19000244140625,126.5199966430664,127.86000061035156,541100,0.0,0.0
2024-05-17 00:00:00-04:00,127.86000061035156,128.49000549316406,125.73999786376953,126.6500015258789,327700,0.0,0.0
2024-05-20 00:00:00-04:00,126.61000061035156,127.22000122070312,124.06999969482422,124.83999633789062,433100,0.0,0.0
2024-05-21 00:00:00-04:00,125.08999633789062,126.8499984741211,123.70999908447266,126.66999816894531,281600,0.0,0.0
2024-05-22 00:00:00-04:00,126.51000213623047,126.98999786376953,124.51499938964844,125.04000091552734,324000,0.0,0.0
2024-05-23 00:00:00-04:00,128.25999450683594,129.07000732421875,126.05000305175781,128.1699981689453,587600,0.0,0.0
2024-05-24 00:00:00-04:00,129.0,131.5500030517578,128.05999755859375,130.69000244140625,514300,0.0,0.0
2024-05-28 00:00:00-04:00,130.69000244140625,132.2899932861328,127.88999938964844,132.05999755859375,531300,0.0,0.0
2024-05-29 00:00:00-04:00,130.80999755859375,131.22000122070312,129.4199981689453,129.80999755859375,332900,0.0,0.0
2024-05-30 00:00:00-04:00,129.35000610351562,131.75,128.67999267578125,129.92999267578125,468800,0.0,0.0
2024-05-31 00:00:00-04:00,130.4499969482422,131.8800048828125,128.08999633789062,131.1699981689453,736100,0.0,0.0
2024-06-03 00:00:00-04:00,130.8699951171875,132.84100341796875,130.1300048828125,131.57000732421875,640200,0.0,0.0
2024-06-04 00:00:00-04:00,131.3800048828125,131.85000610351562,128.85000610351562,130.4499969482422,565800,0.0,0.0
2024-06-05 00:00:00-04:00,130.67999267578125,132.59500122070312,129.60000610351562,131.49000549316406,711300,0.0,0.0
2024-06-06 00:00:00-04:00,131.4199981689453,131.57000732421875,127.76000213623047,128.52999877929688,635400,0.0,0.0
2024-06-07 00:00:00-04:00,127.75,128.96499633789062,126.29000091552734,127.05000305175781,520000,0.0,0.0
2024-06-10 00:00:00-04:00,126.45999908447266,130.63999938964844,126.40499877929688,129.92999267578125,617800,0.0,0.0
2024-06-11 00:00:00-04:00,129.92999267578125,130.51499938964844,127.81999969482422,128.1699981689453,495900,0.0,0.0
2024-06-12 00:00:00-04:00,129.4499969482422,130.75,126.26499938964844,126.55999755859375,944200,0.0,0.0
2024-06-13 00:00:00-04:00,126.43000030517578,126.99500274658203,123.73999786376953,125.18000030517578,670200,0.0,0.0
2024-06-14 00:00:00-04:00,124.44999694824219,126.08000183105469,123.83999633789062,124.37000274658203,325300,0.0,0.0
2024-06-17 00:00:00-04:00,124.19000244140625,129.9499969482422,124.18000030517578,129.6999969482422,441800,0.0,0.0
2024-06-18 00:00:00-04:00,128.30999755859375,132.77999877929688,127.98999786376953,131.2100067138672,433300,0.0,0.0
2024-06-20 00:00:00-04:00,130.08999633789062,130.86000061035156,126.33000183105469,128.36000061035156,491000,0.0,0.0
2024-06-21 00:00:00-04:00,127.91000366210938,130.58999633789062,127.16000366210938,130.4600067138672,426300,0.0,0.0
2024-06-24 00:00:00-04:00,130.6199951171875,130.83999633789062,128.1999969482422,128.6199951171875,389500,0.0,0.0
2024-06-25 00:00:00-04:00,129.3300018310547,129.47999572753906,127.41500091552734,127.93000030517578,388300,0.0,0.0
2024-06-26 00:00:00-04:00,127.47000122070312,128.8699951171875,126.94999694824219,128.0500030517578,331300,0.0,0.0
2024-06-27 00:00:00-04:00,128.1699981689453,129.8699951171875,127.75,129.25,500500,0.0,0.0
2024-06-28 00:00:00-04:00,129.33999633789062,131.63999938964844,127.9800033569336,129.38999938964844,1235800,0.0,0.0
2024-07-01 00:00:00-04:00,130.6300048828125,131.9290008544922,128.125,129.0,530000,0.0,0.0
2024-07-02 00:00:00-04:00,129.69000244140625,132.42999267578125,127.8550033569336,132.36000061035156,491600,0.0,0.0
2024-07-03 00:00:00-04:00,132.1699981689453,134.3000030517578,131.52999877929688,132.47000122070312,272100,0.0,0.0
2024-07-05 00:00:00-04:00,132.1300048828125,133.89999389648438,131.0330047607422,133.58999633789062,184200,0.0,0.0
2024-07-08 00:00:00-04:00,133.58999633789062,136.35000610351562,133.58999633789062,135.55999755859375,630800,0.0,0.0
2024-07-09 00:00:00-04:00,135.5500030517578,135.66000366210938,129.27999877929688,129.42999267578125,1034900,0.0,0.0
2024-07-10 00:00:00-04:00,129.6699981689453,130.07000732421875,121.08000183105469,121.94000244140625,1180600,0.0,0.0
2024-07-11 00:00:00-04:00,122.66000366210938,127.91000366210938,122.01000213623047,127.38999938964844,847300,0.0,0.0
2024-07-12 00:00:00-04:00,127.38999938964844,130.11000061035156,126.19999694824219,127.47000122070312,325500,0.0,0.0
2024-07-15 00:00:00-04:00,128.11000061035156,130.47000122070312,126.79000091552734,128.55999755859375,272800,0.0,0.0
2024-07-16 00:00:00-04:00,129.44000244140625,130.44000244140625,123.08000183105469,123.62999725341797,925500,0.0,0.0
2024-07-17 00:00:00-04:00,123.0,126.79000091552734,118.12000274658203,119.33999633789062,703200,0.0,0.0
2024-07-18 00:00:00-04:00,120.05000305175781,121.0199966430664,116.52999877929688,118.83999633789062,529100,0.0,0.0
2024-07-19 00:00:00-04:00,119.05999755859375,120.94999694824219,118.2300033569336,119.41000366210938,387600,0.0,0.0
2024-07-22 00:00:00-04:00,120.0,120.1780014038086,117.06999969482422,119.7300033569336,526600,0.0,0.0
2024-07-23 00:00:00-04:00,120.58000183105469,122.22000122070312,119.625,120.01000213623047,356800,0.0,0.0
2024-07-24 00:00:00-04:00,118.9000015258789,120.16000366210938,116.41999816894531,116.43000030517578,409800,0.0,0.0
2024-07-25 00:00:00-04:00,117.06999969482422,117.69999694824219,114.73999786376953,115.58000183105469,345200,0.0,0.0
2024-07-26 00:00:00-04:00,117.43000030517578,119.01000213623047,115.76000213623047,117.94000244140625,399100,0.0,0.0
2024-07-29 00:00:00-04:00,119.23999786376953,121.31999969482422,117.95999908447266,120.45999908447266,640100,0.0,0.0
2024-07-30 00:00:00-04:00,120.19999694824219,121.86000061035156,118.30999755859375,118.5199966430664,377800,0.0,0.0
2024-07-31 00:00:00-04:00,120.29000091552734,122.7699966430664,120.0,121.69999694824219,579500,0.0,0.0
2024-08-01 00:00:00-04:00,121.79000091552734,125.13999938964844,121.69999694824219,123.61000061035156,657300,0.0,0.0
2024-08-02 00:00:00-04:00,120.9800033569336,122.5199966430664,118.62999725341797,122.0999984741211,772200,0.0,0.0
2024-08-05 00:00:00-04:00,110.3499984741211,124.87000274658203,110.0,121.41000366210938,2163800,0.0,0.0
2024-08-06 00:00:00-04:00,123.23999786376953,129.47000122070312,122.81999969482422,127.05999755859375,1130800,0.0,0.0
2024-08-07 00:00:00-04:00,126.72000122070312,132.0,126.22000122070312,128.25999450683594,1641700,0.0,0.0
2024-08-08 00:00:00-04:00,128.80999755859375,131.5800018310547,126.7249984741211,129.3000030517578,658400,0.0,0.0
2024-08-09 00:00:00-04:00,129.27999877929688,129.91000366210938,127.1500015258789,128.1199951171875,514700,0.0,0.0
2024-08-12 00:00:00-04:00,128.02000427246094,130.30999755859375,126.86000061035156,129.39999389648438,480100,0.0,0.0
2024-08-13 00:00:00-04:00,129.94000244140625,131.17999267578125,128.69000244140625,130.50999450683594,368300,0.0,0.0
2024-08-14 00:00:00-04:00,130.74000549316406,134.3000030517578,129.24000549316406,132.24000549316406,439800,0.0,0.0
2024-08-15 00:00:00-04:00,133.41000366210938,134.88999938964844,132.00999450683594,132.6699981689453,378700,0.0,0.0
2024-08-16 00:00:00-04:00,132.10000610351562,132.88999938964844,130.75999450683594,132.24000549316406,338800,0.0,0.0
2024-08-19 00:00:00-04:00,132.44000244140625,132.52000427246094,130.27000427246094,130.55999755859375,378400,0.0,0.0
2024-08-20 00:00:00-04:00,130.52000427246094,131.0,125.94000244140625,128.92999267578125,626600,0.0,0.0
2024-08-21 00:00:00-04:00,129.0800018310547,133.02999877929688,128.2100067138672,132.8000030517578,607300,0.0,0.0
2024-08-22 00:00:00-04:00,132.75,135.4499969482422,132.0050048828125,133.83999633789062,572700,0.0,0.0
2024-08-23 00:00:00-04:00,134.0500030517578,139.88999938964844,133.41000366210938,138.83999633789062,1068600,0.0,0.0
2024-08-26 00:00:00-04:00,138.8300018310547,140.77999877929688,135.3699951171875,135.91000366210938,562300,0.0,0.0
2024-08-27 00:00:00-04:00,135.22999572753906,136.47999572753906,134.32000732421875,135.6199951171875,401600,0.0,0.0
2024-08-28 00:00:00-04:00,135.83999633789062,136.9010009765625,133.7899932861328,135.17999267578125,480900,0.0,0.0
2024-08-29 00:00:00-04:00,136.07000732421875,136.52999877929688,134.42999267578125,135.1699981689453,461700,0.0,0.0
2024-08-30 00:00:00-04:00,135.52000427246094,136.80999755859375,132.6699981689453,136.0,387100,0.0,0.0
2024-09-03 00:00:00-04:00,136.2100067138672,143.05999755859375,136.2100067138672,137.14999389648438,731200,0.0,0.0
2024-09-04 00:00:00-04:00,137.14999389648438,142.01499938964844,134.56500244140625,138.88999938964844,577400,0.0,0.0
2024-09-05 00:00:00-04:00,138.91000366210938,140.5500030517578,137.52999877929688,138.27000427246094,458000,0.0,0.0
2024-09-06 00:00:00-04:00,138.22000122070312,139.86500549316406,133.82000732421875,135.25,402000,0.0,0.0
2024-09-09 00:00:00-04:00,136.85000610351562,139.14999389648438,135.17999267578125,136.4600067138672,503000,0.0,0.0
2024-09-10 00:00:00-04:00,136.4600067138672,137.14999389648438,130.44000244140625,135.22000122070312,555800,0.0,0.0
2024-09-11 00:00:00-04:00,135.22000122070312,138.47900390625,134.5800018310547,137.6199951171875,499700,0.0,0.0
2024-09-12 00:00:00-04:00,138.0,141.16000366210938,137.22000122070312,140.92999267578125,532300,0.0,0.0
2024-09-13 00:00:00-04:00,142.10000610351562,142.77000427246094,137.5800018310547,139.88999938964844,322600,0.0,0.0
2024-09-16 00:00:00-04:00,139.88999938964844,141.74000549316406,138.89999389648438,140.6199951171875,508600,0.0,0.0
2024-09-17 00:00:00-04:00,140.97000122070312,142.3780059814453,137.31100463867188,138.30999755859375,354600,0.0,0.0
2024-09-18 00:00:00-04:00,138.3699951171875,143.97999572753906,138.3699951171875,140.9199981689453,395600,0.0,0.0
2024-09-19 00:00:00-04:00,142.9600067138672,144.38099670410156,139.22999572753906,141.24000549316406,496900,0.0,0.0
2024-09-20 00:00:00-04:00,141.02000427246094,143.27999877929688,140.3800048828125,142.19000244140625,760500,0.0,0.0
2024-09-23 00:00:00-04:00,141.8800048828125,142.3000030517578,138.26699829101562,139.97999572753906,529000,0.0,0.0
2024-09-24 00:00:00-04:00,140.19000244140625,141.98500061035156,139.66000366210938,140.44000244140625,335900,0.0,0.0
2024-09-25 00:00:00-04:00,141.13999938964844,142.67999267578125,140.16000366210938,140.22999572753906,851600,0.0,0.0
2024-09-26 00:00:00-04:00,140.83999633789062,140.83999633789062,135.0,135.9199981689453,621600,0.0,0.0
2024-09-27 00:00:00-04:00,135.9199981689453,136.77000427246094,134.2949981689453,135.74000549316406,325500,0.0,0.0
2024-09-30 00:00:00-04:00,135.55999755859375,136.99000549316406,133.0,136.77000427246094,409700,0.0,0.0
2024-10-01 00:00:00-04:00,137.27999877929688,137.99000549316406,134.91799926757812,135.50999450683594,329200,0.0,0.0
2024-10-02 00:00:00-04:00,134.3000030517578,135.83999633789062,133.30799865722656,135.60000610351562,253600,0.0,0.0
2024-10-03 00:00:00-04:00,135.42999267578125,136.27999877929688,132.5399932861328,136.0,397500,0.0,0.0
2024-10-04 00:00:00-04:00,136.92999267578125,143.47999572753906,136.19500732421875,142.08999633789062,591100,0.0,0.0
2024-10-07 00:00:00-04:00,141.89999389648438,144.35000610351562,135.78500366210938,137.0500030517578,470100,0.0,0.0
2024-10-08 00:00:00-04:00,137.24000549316406,139.2100067138672,136.1199951171875,137.08999633789062,340100,0.0,0.0
2024-10-09 00:00:00-04:00,138.1199951171875,140.94000244140625,136.0800018310547,139.13999938964844,297300,0.0,0.0
2024-10-10 00:00:00-04:00,139.3800048828125,139.74000549316406,137.0,139.64999389648438,305600,0.0,0.0
2024-10-11 00:00:00-04:00,140.0800018310547,144.07000732421875,140.0,141.97999572753906,328200,0.0,0.0
2024-10-14 00:00:00-04:00,141.8000030517578,144.6300048828125,141.26400756835938,144.13999938964844,331600,0.0,0.0
2024-10-15 00:00:00-04:00,144.44000244140625,145.67999267578125,143.30999755859375,144.0500030517578,339800,0.0,0.0
2024-10-16 00:00:00-04:00,144.11000061035156,144.11000061035156,140.4499969482422,142.05999755859375,313200,0.0,0.0
2024-10-17 00:00:00-04:00,142.83999633789062,142.83999633789062,139.2100067138672,139.2899932861328,274000,0.0,0.0
2024-10-18 00:00:00-04:00,139.89999389648438,140.25,137.83999633789062,139.52999877929688,381100,0.0,0.0
2024-10-21 00:00:00-04:00,139.97999572753906,139.97999572753906,134.1999969482422,136.86000061035156,903200,0.0,0.0
2024-10-22 00:00:00-04:00,135.97000122070312,135.97000122070312,133.82000732421875,134.2100067138672,349800,0.0,0.0
2024-10-23 00:00:00-04:00,133.14999389648438,134.41000366210938,131.6009979248047,133.25999450683594,483000,0.0,0.0
2024-10-24 00:00:00-04:00,134.24000549316406,134.24000549316406,132.13999938964844,133.0,248000,0.0,0.0
2024-10-25 00:00:00-04:00,133.0,134.3300018310547,132.6199951171875,133.63999938964844,296000,0.0,0.0
2024-10-28 00:00:00-04:00,134.5800018310547,135.63499450683594,134.0,134.67999267578125,263700,0.0,0.0
2024-10-29 00:00:00-04:00,133.63999938964844,134.97500610351562,132.86000061035156,134.0800018310547,279400,0.0,0.0
2024-10-30 00:00:00-04:00,133.7100067138672,134.27999877929688,132.3000030517578,134.02999877929688,370000,0.0,0.0
2024-10-31 00:00:00-04:00,133.55999755859375,134.52999877929688,132.11000061035156,132.5399932861328,423600,0.0,0.0
2024-11-01 00:00:00-04:00,133.35000610351562,135.0399932861328,129.66000366210938,133.69000244140625,753600,0.0,0.0
2024-11-04 00:00:00-05:00,136.0,154.6699981689453,135.3699951171875,150.57000732421875,2210700,0.0,0.0
2024-11-05 00:00:00-05:00,152.82000732421875,154.8000030517578,149.3000030517578,151.58999633789062,860000,0.0,0.0
2024-11-06 00:00:00-05:00,155.0,157.10000610351562,153.73199462890625,155.26499938964844,1070500,0.0,0.0
2024-11-07 00:00:00-05:00,154.74000549316406,155.39999389648438,149.25999450683594,153.22000122070312,925800,0.0,0.0
2024-11-08 00:00:00-05:00,153.38999938964844,159.1199951171875,152.89500427246094,156.4499969482422,874400,0.0,0.0
2024-11-11 00:00:00-05:00,157.17999267578125,159.01499938964844,156.1199951171875,156.44000244140625,391400,0.0,0.0
2024-11-12 00:00:00-05:00,156.44000244140625,156.9499969482422,154.30999755859375,155.0800018310547,358400,0.0,0.0
2024-11-13 00:00:00-05:00,155.4600067138672,156.90499877929688,153.5,153.72999572753906,429100,0.0,0.0
2024-11-14 00:00:00-05:00,153.75,153.75,150.10000610351562,150.8300018310547,397600,0.0,0.0
2024-11-15 00:00:00-05:00,150.63999938964844,151.25999450683594,148.83999633789062,150.0,456200,0.0,0.0
2024-11-18 00:00:00-05:00,149.80999755859375,152.36000061035156,149.17999267578125,150.49000549316406,288500,0.0,0.0
2024-11-19 00:00:00-05:00,150.0,157.9499969482422,149.8000030517578,156.3800048828125,737600,0.0,0.0
2024-11-20 00:00:00-05:00,156.0,156.0,151.97000122070312,153.0,419700,0.0,0.0
2024-11-21 00:00:00-05:00,152.52999877929688,156.92999267578125,152.00999450683594,156.57000732421875,451600,0.0,0.0
2024-11-22 00:00:00-05:00,157.75999450683594,157.9499969482422,155.4550018310547,156.75999450683594,565500,0.0,0.0
2024-11-25 00:00:00-05:00,158.19000244140625,160.91000366210938,154.47000122070312,154.67999267578125,801100,0.0,0.0
2024-11-26 00:00:00-05:00,154.94000244140625,158.41600036621094,154.94000244140625,155.9199981689453,343700,0.0,0.0
2024-11-27 00:00:00-05:00,155.94000244140625,156.35499572753906,152.8699951171875,153.24000549316406,323200,0.0,0.0
2024-11-29 00:00:00-05:00,153.42999267578125,153.97000122070312,152.38999938964844,153.0500030517578,186900,0.0,0.0
2024-12-02 00:00:00-05:00,151.05999755859375,157.0800018310547,151.05999755859375,154.25,433400,0.0,0.0
2024-12-03 00:00:00-05:00,153.8000030517578,156.75,153.5800018310547,156.49000549316406,359100,0.0,0.0
2024-12-04 00:00:00-05:00,155.83999633789062,159.1699981689453,155.22000122070312,156.4199981689453,443500,0.0,0.0
2024-12-05 00:00:00-05:00,155.63999938964844,155.66000366210938,152.25999450683594,154.22999572753906,429700,0.0,0.0
2024-12-06 00:00:00-05:00,154.8300018310547,155.8699951171875,153.11000061035156,154.3699951171875,448300,0.0,0.0
2024-12-09 00:00:00-05:00,154.10000610351562,155.01400756835938,149.18499755859375,149.7100067138672,504100,0.0,0.0
2024-12-10 00:00:00-05:00,149.27000427246094,150.26499938964844,146.3000030517578,147.25,749700,0.0,0.0
2024-12-11 00:00:00-05:00,147.7899932861328,148.4149932861328,145.6999969482422,146.44000244140625,654000,0.0,0.0
2024-12-12 00:00:00-05:00,146.69000244140625,147.61000061035156,145.27999877929688,145.69000244140625,470900,0.0,0.0
2024-12-13 00:00:00-05:00,146.0500030517578,148.3090057373047,144.57000732421875,146.88999938964844,458200,0.0,0.0
2024-12-16 00:00:00-05:00,146.6300048828125,149.05499267578125,145.08999633789062,147.05999755859375,414900,0.0,0.0
2024-12-17 00:00:00-05:00,145.9499969482422,146.58999633789062,143.0,146.3800048828125,519400,0.0,0.0
2024-12-18 00:00:00-05:00,146.27000427246094,146.67999267578125,140.39999389648438,140.6699981689453,507500,0.0,0.0
2024-12-19 00:00:00-05:00,140.75999450683594,143.47999572753906,139.42999267578125,141.41000366210938,450800,0.0,0.0
2024-12-20 00:00:00-05:00,140.39999389648438,143.89999389648438,140.39999389648438,143.7100067138672,626400,0.0,0.0
2024-12-23 00:00:00-05:00,143.22000122070312,143.7899932861328,140.6699981689453,143.77000427246094,471400,0.0,0.0
2024-12-24 00:00:00-05:00,144.33999633789062,146.0800018310547,143.9199981689453,145.1699981689453,180600,0.0,0.0
2024-12-26 00:00:00-05:00,144.41000366210938,146.74000549316406,143.73500061035156,146.05999755859375,422800,0.0,0.0
2024-12-27 00:00:00-05:00,144.92999267578125,146.5399932861328,143.38999938964844,146.36000061035156,273800,0.0,0.0
2024-12-30 00:00:00-05:00,145.55999755859375,149.6999969482422,143.3000030517578,149.49000549316406,942400,0.0,0.0
2024-12-31 00:00:00-05:00,149.74000549316406,151.0500030517578,146.3699951171875,148.11000061035156,506400,0.0,0.0
2025-01-02 00:00:00-05:00,148.22999572753906,150.56500244140625,143.72999572753906,144.32000732421875,610600,0.0,0.0
2025-01-03 00:00:00-05:00,144.0,146.22000122070312,141.27000427246094,145.8699951171875,594800,0.0,0.0
2025-01-06 00:00:00-05:00,145.64999389648438,146.02000427246094,143.1750030517578,145.6999969482422,438800,0.0,0.0
2025-01-07 00:00:00-05:00,146.3300018310547,148.63999938964844,144.1699981689453,146.41000366210938,466200,0.0,0.0
2025-01-08 00:00:00-05:00,146.10000610351562,149.3300018310547,145.3249969482422,146.33999633789062,473100,0.0,0.0
2025-01-10 00:00:00-05:00,145.0,146.25999450683594,142.33999633789062,144.47000122070312,454900,0.0,0.0
2025-01-13 00:00:00-05:00,143.85000610351562,148.39500427246094,142.33999633789062,147.8300018310547,575200,0.0,0.0
2025-01-14 00:00:00-05:00,148.39999389648438,150.5500030517578,147.8800048828125,150.27000427246094,509200,0.0,0.0
2025-01-15 00:00:00-05:00,152.22000122070312,156.19000244140625,150.05499267578125,153.10000610351562,625200,0.0,0.0
2025-01-16 00:00:00-05:00,152.3000030517578,155.1699981689453,151.52999877929688,154.9499969482422,432800,0.0,0.0
2025-01-17 00:00:00-05:00,156.24000549316406,158.00999450683594,154.8800048828125,156.9600067138672,391600,0.0,0.0
2025-01-21 00:00:00-05:00,157.35000610351562,159.5500030517578,155.77000427246094,156.3000030517578,511300,0.0,0.0
2025-01-22 00:00:00-05:00,156.5399932861328,160.3699951171875,155.4080047607422,158.6699981689453,491100,0.0,0.0
2025-01-23 00:00:00-05:00,158.77000427246094,158.77000427246094,154.77499389648438,158.02999877929688,452500,0.0,0.0
2025-01-24 00:00:00-05:00,158.10000610351562,160.4199981689453,155.82000732421875,158.36000061035156,502300,0.0,0.0
2025-01-27 00:00:00-05:00,157.24000549316406,162.36000061035156,156.66000366210938,160.4600067138672,642000,0.0,0.0
2025-01-28 00:00:00-05:00,161.52000427246094,164.0,159.02999877929688,159.5,516000,0.0,0.0
2025-01-29 00:00:00-05:00,159.74000549316406,162.3800048828125,158.56100463867188,160.5399932861328,351200,0.0,0.0
2025-01-30 00:00:00-05:00,162.64999389648438,164.07000732421875,161.83999633789062,162.58999633789062,536500,0.0,0.0
2025-01-31 00:00:00-05:00,163.10000610351562,163.10000610351562,159.2779998779297,159.9499969482422,351500,0.0,0.0
2025-02-03 00:00:00-05:00,157.0,162.19000244140625,153.75,159.1999969482422,662200,0.0,0.0
2025-02-04 00:00:00-05:00,159.17999267578125,160.35000610351562,155.3800048828125,155.6199951171875,1741300,0.0,0.0
2025-02-05 00:00:00-05:00,155.0,155.99000549316406,146.2100067138672,149.52999877929688,892500,0.0,0.0
2025-02-06 00:00:00-05:00,151.0800018310547,151.35000610351562,147.6999969482422,148.50999450683594,453800,0.0,0.0
2025-02-07 00:00:00-05:00,148.99000549316406,150.7899932861328,144.6999969482422,147.10000610351562,553900,0.0,0.0
2025-02-10 00:00:00-05:00,146.8000030517578,147.72999572753906,129.01400756835938,130.35000610351562,2208600,0.0,0.0
2025-02-11 00:00:00-05:00,130.08999633789062,131.05299377441406,121.97000122070312,130.75,1919900,0.0,0.0
2025-02-12 00:00:00-05:00,128.14999389648438,131.8800048828125,126.73999786376953,131.58999633789062,872000,0.0,0.0
2025-02-13 00:00:00-05:00,132.1300048828125,132.55999755859375,129.08999633789062,131.2899932861328,673600,0.0,0.0
2025-02-14 00:00:00-05:00,132.08999633789062,133.5399932861328,126.87999725341797,129.61000061035156,633800,0.0,0.0
2025-02-18 00:00:00-05:00,129.9499969482422,132.8300018310547,128.33999633789062,131.99000549316406,1172500,0.0,0.0
2025-02-19 00:00:00-05:00,130.27999877929688,132.86000061035156,128.25,130.57000732421875,1337000,0.0,0.0
2025-02-20 00:00:00-05:00,123.30999755859375,124.66999816894531,102.90399932861328,106.38999938964844,4948100,0.0,0.0
2025-02-21 00:00:00-05:00,107.62000274658203,108.1050033569336,97.4800033569336,100.27999877929688,3563900,0.0,0.0
2025-02-24 00:00:00-05:00,106.27999877929688,110.94999694824219,103.44000244140625,107.58000183105469,2839300,0.0,0.0
2025-02-25 00:00:00-05:00,106.63999938964844,108.0,100.22000122070312,107.04000091552734,2305000,0.0,0.0
2025-02-26 00:00:00-05:00,106.86000061035156,110.51000213623047,106.3499984741211,106.87999725341797,1728600,0.0,0.0
2025-02-27 00:00:00-05:00,109.01799774169922,111.62000274658203,105.87999725341797,107.08999633789062,1577600,0.0,0.0
2025-02-28 00:00:00-05:00,106.13999938964844,109.38999938964844,104.94999694824219,107.02999877929688,1532200,0.0,0.0
2025-03-03 00:00:00-05:00,107.0999984741211,108.05000305175781,93.75,96.12999725341797,3518500,0.0,0.0
2025-03-04 00:00:00-05:00,95.5,97.18000030517578,93.87999725341797,94.6500015258789,2463700,0.0,0.0
2025-03-05 00:00:00-05:00,93.80000305175781,96.5199966430664,93.52999877929688,96.05999755859375,864300,0.0,0.0
2025-03-06 00:00:00-05:00,95.16000366210938,96.05999755859375,90.16000366210938,91.08000183105469,1516600,0.0,0.0
2025-03-07 00:00:00-05:00,92.45999908447266,97.0,89.58999633789062,96.86000061035156,1623100,0.0,0.0
2025-03-10 00:00:00-04:00,96.38999938964844,96.38999938964844,84.41000366210938,85.05000305175781,4823500,0.0,0.0
2025-03-11 00:00:00-04:00,82.66999816894531,86.81999969482422,80.2699966430664,83.77999877929688,3121400,0.0,0.0
2025-03-12 00:00:00-04:00,86.80999755859375,88.29000091552734,84.79000091552734,86.7699966430664,1719800,0.0,0.0
2025-03-13 00:00:00-04:00,86.7699966430664,87.09200286865234,84.5,86.5,1093600,0.0,0.0
2025-03-14 00:00:00-04:00,86.63999938964844,90.76000213623047,85.6500015258789,87.83999633789062,1767500,0.0,0.0
2025-03-17 00:00:00-04:00,87.45999908447266,91.25499725341797,86.4209976196289,89.31999969482422,1338800,0.0,0.0
2025-03-18 00:00:00-04:00,88.83999633789062,88.98999786376953,84.88300323486328,85.08999633789062,1662100,0.0,0.0
2025-03-19 00:00:00-04:00,85.08999633789062,88.0199966430664,84.5199966430664,85.69999694824219,1283000,0.0,0.0
2025-03-20 00:00:00-04:00,85.37000274658203,87.75,84.83999633789062,86.41999816894531,1351200,0.0,0.0
2025-03-21 00:00:00-04:00,86.05999755859375,88.8949966430664,85.4800033569336,86.63999938964844,9845500,0.0,0.0
2025-03-24 00:00:00-04:00,87.0,89.05999755859375,85.72000122070312,88.76000213623047,1539700,0.0,0.0
2025-03-25 00:00:00-04:00,87.41999816894531,88.31500244140625,84.72000122070312,86.2300033569336,936500,0.0,0.0
2025-03-26 00:00:00-04:00,84.75,86.06999969482422,83.28500366210938,85.30000305175781,1220300,0.0,0.0
2025-03-27 00:00:00-04:00,84.62000274658203,87.76499938964844,83.68000030517578,86.6500015258789,788800,0.0,0.0
2025-03-28 00:00:00-04:00,85.80000305175781,86.19000244140625,83.01000213623047,84.38999938964844,1052700,0.0,0.0
2025-03-31 00:00:00-04:00,83.76000213623047,83.7699966430664,80.9000015258789,83.16999816894531,1099000,0.0,0.0
2025-04-01 00:00:00-04:00,83.70999908447266,85.11000061035156,81.80000305175781,84.47000122070312,935200,0.0,0.0
2025-04-02 00:00:00-04:00,83.08999633789062,86.19000244140625,83.08499908447266,85.7300033569336,891300,0.0,0.0
2025-04-03 00:00:00-04:00,82.23999786376953,83.7699966430664,80.69999694824219,81.19999694824219,840400,0.0,0.0
2025-04-04 00:00:00-04:00,79.0,80.7300033569336,77.1500015258789,79.48999786376953,1750000,0.0,0.0
2025-04-07 00:00:00-04:00,74.6500015258789,82.4000015258789,74.13999938964844,79.69999694824219,1852700,0.0,0.0
2025-04-08 00:00:00-04:00,83.01000213623047,83.04000091552734,73.45999908447266,74.12999725341797,1566000,0.0,0.0
2025-04-09 00:00:00-04:00,73.12000274658203,83.43000030517578,72.9000015258789,82.87999725341797,1685800,0.0,0.0
2025-04-10 00:00:00-04:00,80.41000366210938,80.9800033569336,75.79000091552734,78.16999816894531,1527200,0.0,0.0
2025-04-11 00:00:00-04:00,78.72000122070312,81.56999969482422,76.55000305175781,80.19000244140625,1181200,0.0,0.0
2025-04-14 00:00:00-04:00,81.77999877929688,82.69000244140625,80.74500274658203,81.23999786376953,1067100,0.0,0.0
2025-04-15 00:00:00-04:00,81.81999969482422,82.33999633789062,79.01000213623047,79.26000213623047,923300,0.0,0.0
2025-04-16 00:00:00-04:00,78.62999725341797,80.37000274658203,75.56999969482422,76.62999725341797,1132800,0.0,0.0
2025-04-17 00:00:00-04:00,77.62999725341797,78.63999938964844,76.44000244140625,77.56999969482422,782100,0.0,0.0
2025-04-21 00:00:00-04:00,77.13999938964844,77.13999938964844,72.86000061035156,73.26000213623047,1104900,0.0,0.0
2025-04-22 00:00:00-04:00,73.80999755859375,74.375,72.19499969482422,72.33999633789062,956200,0.0,0.0
2025-04-23 00:00:00-04:00,74.94000244140625,77.62999725341797,73.55000305175781,74.12000274658203,1648800,0.0,0.0
2025-04-24 00:00:00-04:00,74.23999786376953,76.08999633789062,74.02999877929688,75.12000274658203,705300,0.0,0.0
2025-04-25 00:00:00-04:00,74.9800033569336,75.41000366210938,72.53800201416016,74.6500015258789,748100,0.0,0.0
2025-04-28 00:00:00-04:00,74.58999633789062,74.94000244140625,72.33999633789062,73.4000015258789,679400,0.0,0.0
2025-04-29 00:00:00-04:00,73.06999969482422,74.33000183105469,71.18699645996094,73.91000366210938,845300,0.0,0.0
2025-04-30 00:00:00-04:00,71.69000244140625,73.87999725341797,71.4000015258789,73.54000091552734,1284700,0.0,0.0
2025-05-01 00:00:00-04:00,73.76000213623047,75.21900177001953,72.63999938964844,72.72000122070312,950800,0.0,0.0
2025-05-02 00:00:00-04:00,73.4800033569336,77.31999969482422,73.4800033569336,76.36000061035156,1946700,0.0,0.0
2025-05-05 00:00:00-04:00,74.0,80.62000274658203,73.94999694824219,79.08999633789062,2995900,0.0,0.0
2025-05-06 00:00:00-04:00,78.87000274658203,82.05000305175781,78.52999877929688,80.91999816894531,2274400,0.0,0.0
2025-05-07 00:00:00-04:00,81.27999877929688,82.12999725341797,80.0,81.11000061035156,1214500,0.0,0.0
2025-05-08 00:00:00-04:00,81.88999938964844,84.19999694824219,81.88999938964844,82.04000091552734,986500,0.0,0.0
2025-05-09 00:00:00-04:00,82.05000305175781,83.06999969482422,80.16000366210938,80.47000122070312,966800,0.0,0.0
2025-05-12 00:00:00-04:00,83.47000122070312,84.0,78.875,79.62000274658203,1382000,0.0,0.0
2025-05-13 00:00:00-04:00,79.71499633789062,80.41999816894531,76.72000122070312,77.30999755859375,1417700,0.0,0.0
2025-05-14 00:00:00-04:00,77.05000305175781,79.96499633789062,76.04000091552734,78.77999877929688,1371300,0.0,0.0
2025-05-15 00:00:00-04:00,80.0,83.4000015258789,79.67500305175781,83.27999877929688,1190500,0.0,0.0
2025-05-16 00:00:00-04:00,83.8499984741211,88.79000091552734,83.5,87.6500015258789,1923300,0.0,0.0
2025-05-19 00:00:00-04:00,86.0,87.69999694824219,85.07499694824219,87.5199966430664,1171900,0.0,0.0
2025-05-20 00:00:00-04:00,87.11000061035156,89.80000305175781,86.16999816894531,89.63999938964844,1258100,0.0,0.0
2025-05-21 00:00:00-04:00,89.0,89.80000305175781,85.11000061035156,85.44999694824219,1711800,0.0,0.0
2025-05-22 00:00:00-04:00,84.52999877929688,85.33000183105469,83.87000274658203,84.88999938964844,1042900,0.0,0.0
2025-05-23 00:00:00-04:00,83.56999969482422,84.97000122070312,82.99500274658203,84.5,924200,0.0,0.0
2025-05-27 00:00:00-04:00,86.30999755859375,86.30999755859375,81.43000030517578,83.0199966430664,1371900,0.0,0.0
2025-05-28 00:00:00-04:00,81.4800033569336,82.69999694824219,78.08000183105469,79.72000122070312,1395300,0.0,0.0
2025-05-29 00:00:00-04:00,80.93000030517578,80.93000030517578,79.30000305175781,80.4000015258789,650300,0.0,0.0
2025-05-30 00:00:00-04:00,79.8499984741211,80.19999694824219,78.02999877929688,80.16000366210938,1509600,0.0,0.0
2025-06-02 00:00:00-04:00,81.08499908447266,81.55000305175781,78.29499816894531,81.05999755859375,886100,0.0,0.0
2025-06-03 00:00:00-04:00,81.30999755859375,83.41000366210938,80.0199966430664,81.30999755859375,1218200,0.0,0.0
2025-06-04 00:00:00-04:00,81.22000122070312,81.83000183105469,79.8499984741211,81.7300033569336,771300,0.0,0.0
2025-06-05 00:00:00-04:00,81.73999786376953,82.75,80.32499694824219,80.98999786376953,672400,0.0,0.0
2025-06-06 00:00:00-04:00,82.04000091552734,83.51499938964844,80.14299774169922,80.41000366210938,696800,0.0,0.0
2025-06-09 00:00:00-04:00,80.61000061035156,80.90499877929688,77.07499694824219,77.44000244140625,858000,0.0,0.0
2025-06-10 00:00:00-04:00,77.55999755859375,79.0999984741211,76.63999938964844,78.88999938964844,1111800,0.0,0.0
2025-06-11 00:00:00-04:00,79.45999908447266,79.45999908447266,75.02999877929688,76.87000274658203,1087900,0.0,0.0
2025-06-12 00:00:00-04:00,78.12000274658203,78.13500213623047,76.33000183105469,77.80000305175781,708300,0.0,0.0
2025-06-13 00:00:00-04:00,76.51000213623047,78.052001953125,73.83000183105469,74.2699966430664,1542700,0.0,0.0
2025-06-16 00:00:00-04:00,72.11000061035156,74.01499938964844,70.89099884033203,72.44999694824219,1488000,0.0,0.0
2025-06-17 00:00:00-04:00,72.13999938964844,73.37999725341797,71.51000213623047,71.91999816894531,652700,0.0,0.0
2025-06-18 00:00:00-04:00,71.91999816894531,72.58000183105469,70.6500015258789,71.72000122070312,1245700,0.0,0.0
2025-06-20 00:00:00-04:00,72.02999877929688,74.2699966430664,71.16000366210938,74.12999725341797,1031000,0.0,0.0
2025-06-23 00:00:00-04:00,73.19000244140625,73.94000244140625,70.95099639892578,71.5999984741211,1493700,0.0,0.0
2025-06-24 00:00:00-04:00,72.5,73.41999816894531,70.3499984741211,72.19999694824219,1482100,0.0,0.0
2025-06-25 00:00:00-04:00,71.72000122070312,71.86799621582031,67.7249984741211,67.87999725341797,2155500,0.0,0.0
2025-06-26 00:00:00-04:00,68.52999877929688,69.47000122070312,67.29499816894531,68.26000213623047,1398000,0.0,0.0
2025-06-27 00:00:00-04:00,68.5,69.42400360107422,67.02999877929688,68.38999938964844,1846800,0.0,0.0
2025-06-30 00:00:00-04:00,68.5,70.19000244140625,67.37000274658203,67.95999908447266,1684300,0.0,0.0
2025-07-01 00:00:00-04:00,67.7699966430664,72.11000061035156,67.16999816894531,71.27999877929688,1738800,0.0,0.0
2025-07-02 00:00:00-04:00,71.33999633789062,73.62999725341797,71.0,72.1500015258789,1397600,0.0,0.0
2025-07-03 00:00:00-04:00,72.58999633789062,73.98999786376953,70.69000244140625,71.79000091552734,594200,0.0,0.0
2025-07-07 00:00:00-04:00,71.04000091552734,71.46700286865234,66.75,67.94000244140625,1739300,0.0,0.0
2025-07-08 00:00:00-04:00,68.05999755859375,70.5999984741211,67.51000213623047,70.37000274658203,1465100,0.0,0.0
2025-07-09 00:00:00-04:00,70.45999908447266,71.11000061035156,68.45999908447266,70.11000061035156,701700,0.0,0.0
2025-07-10 00:00:00-04:00,69.87999725341797,72.36499786376953,69.68499755859375,70.75,1353600,0.0,0.0
2025-07-11 00:00:00-04:00,69.86000061035156,70.2750015258789,67.69000244140625,68.38999938964844,922300,0.0,0.0
2025-07-14 00:00:00-04:00,68.88999938964844,72.42500305175781,68.2699966430664,71.88999938964844,1446400,0.0,0.0
2025-07-15 00:00:00-04:00,72.16000366210938,72.32499694824219,68.2699966430664,68.70999908447266,1158200,0.0,0.0
2025-07-16 00:00:00-04:00,68.9000015258789,69.70999908447266,67.83999633789062,69.38999938964844,798300,0.0,0.0
2025-07-17 00:00:00-04:00,70.16999816894531,72.56999969482422,69.66999816894531,71.94999694824219,918900,0.0,0.0
2025-07-18 00:00:00-04:00,72.58000183105469,72.9000015258789,70.58999633789062,70.81999969482422,1055700,0.0,0.0
2025-07-21 00:00:00-04:00,70.62999725341797,70.8499984741211,68.0,68.12000274658203,1012800,0.0,0.0
2025-07-22 00:00:00-04:00,68.68499755859375,74.08999633789062,68.68499755859375,73.23999786376953,1975200,0.0,0.0
2025-07-23 00:00:00-04:00,73.91999816894531,76.37000274658203,73.55999755859375,74.51000213623047,1894400,0.0,0.0
2025-07-24 00:00:00-04:00,74.08000183105469,74.69999694824219,71.5999984741211,71.75,1166600,0.0,0.0
2025-07-25 00:00:00-04:00,71.73999786376953,71.8270034790039,69.80000305175781,70.76000213623047,1070700,0.0,0.0
2025-07-28 00:00:00-04:00,70.76000213623047,72.41999816894531,69.04000091552734,70.06999969482422,1748400,0.0,0.0
2025-07-29 00:00:00-04:00,70.06999969482422,72.25499725341797,69.70999908447266,70.93000030517578,1121200,0.0,0.0
2025-07-30 00:00:00-04:00,71.37999725341797,72.13999938964844,69.96499633789062,71.05999755859375,966400,0.0,0.0
2025-07-31 00:00:00-04:00,72.27999877929688,72.27999877929688,67.91000366210938,68.31999969482422,1026100,0.0,0.0
2025-08-01 00:00:00-04:00,68.0,68.52999877929688,64.69000244140625,65.8499984741211,2948500,0.0,0.0
2025-08-04 00:00:00-04:00,76.41000366210938,77.1500015258789,68.5,69.98999786376953,3528300,0.0,0.0
2025-08-05 00:00:00-04:00,70.33000183105469,70.52999877929688,67.19000244140625,67.41999816894531,2276500,0.0,0.0
2025-08-06 00:00:00-04:00,67.43000030517578,67.81500244140625,63.61000061035156,63.689998626708984,1526700,0.0,0.0
2025-08-07 00:00:00-04:00,64.16999816894531,65.1500015258789,63.619998931884766,63.97999954223633,870300,0.0,0.0
2025-08-08 00:00:00-04:00,64.0,64.53500366210938,62.266998291015625,62.7400016784668,1021900,0.0,0.0
2025-08-11 00:00:00-04:00,62.779998779296875,64.16000366210938,61.599998474121094,62.369998931884766,1168400,0.0,0.0
2025-08-12 00:00:00-04:00,62.31999969482422,63.76499938964844,62.22999954223633,62.70000076293945,922000,0.0,0.0
2025-08-13 00:00:00-04:00,62.4900016784668,64.48999786376953,61.810001373291016,64.22000122070312,715400,0.0,0.0
2025-08-14 00:00:00-04:00,63.77000045776367,63.77000045776367,61.75,63.290000915527344,1441600,0.0,0.0
2025-08-15 00:00:00-04:00,63.25,65.66999816894531,61.119998931884766,61.2400016784668,1174400,0.0,0.0
2025-08-18 00:00:00-04:00,61.29999923706055,63.630001068115234,60.5,62.02000045776367,1068100,0.0,0.0
2025-08-19 00:00:00-04:00,62.439998626708984,63.55799865722656,61.61000061035156,62.29999923706055,767000,0.0,0.0
2025-08-20 00:00:00-04:00,61.88999938964844,62.65999984741211,60.08000183105469,60.900001525878906,1001200,0.0,0.0
2025-08-21 00:00:00-04:00,60.56999969482422,61.0,59.22999954223633,60.45000076293945,1415500,0.0,0.0
2025-08-22 00:00:00-04:00,60.75,63.06999969482422,60.75,62.619998931884766,904400,0.0,0.0
2025-08-25 00:00:00-04:00,61.61000061035156,61.94499969482422,56.08000183105469,56.290000915527344,2929100,0.0,0.0
2025-08-26 00:00:00-04:00,56.29999923706055,58.52000045776367,55.77000045776367,58.08000183105469,1703800,0.0,0.0
2025-08-27 00:00:00-04:00,57.66999816894531,58.29999923706055,57.06999969482422,57.459999084472656,899900,0.0,0.0
2025-08-28 00:00:00-04:00,57.61000061035156,58.20000076293945,56.060001373291016,56.86000061035156,1134100,0.0,0.0
2025-08-29 00:00:00-04:00,56.560001373291016,57.099998474121094,55.75,55.81999969482422,1231400,0.0,0.0
2025-09-02 00:00:00-04:00,55.06999969482422,56.404998779296875,53.4900016784668,54.68000030517578,1953100,0.0,0.0
2025-09-03 00:00:00-04:00,54.130001068115234,54.85499954223633,53.06999969482422,53.130001068115234,2702100,0.0,0.0
2025-09-04 00:00:00-04:00,53.29999923706055,53.77000045776367,52.27000045776367,53.2400016784668,1616200,0.0,0.0
2025-09-05 00:00:00-04:00,53.61000061035156,55.31999969482422,53.305999755859375,55.27000045776367,1271500,0.0,0.0
2025-09-08 00:00:00-04:00,54.68000030517578,56.36000061035156,52.45500183105469,55.720001220703125,1804700,0.0,0.0
2025-09-09 00:00:00-04:00,55.20000076293945,57.130001068115234,55.189998626708984,57.029998779296875,1110400,0.0,0.0
2025-09-10 00:00:00-04:00,56.82500076293945,57.0,52.70000076293945,53.40999984741211,1921300,0.0,0.0
2025-09-11 00:00:00-04:00,53.40999984741211,54.06999969482422,52.959999084472656,53.20000076293945,1803400,0.0,0.0
2025-09-12 00:00:00-04:00,53.904998779296875,55.54999923706055,53.904998779296875,54.81999969482422,1354700,0.0,0.0
2025-09-15 00:00:00-04:00,54.380001068115234,54.79999923706055,52.15999984741211,52.470001220703125,1585800,0.0,0.0
2025-09-16 00:00:00-04:00,52.650001525878906,54.21500015258789,52.09000015258789,54.029998779296875,1850600,0.0,0.0
2025-09-17 00:00:00-04:00,53.77000045776367,55.88999938964844,53.349998474121094,53.41999816894531,1659700,0.0,0.0
2025-09-18 00:00:00-04:00,53.7400016784668,53.94499969482422,51.900001525878906,52.119998931884766,1489600,0.0,0.0
2025-09-19 00:00:00-04:00,52.75,52.93199920654297,50.93000030517578,51.400001525878906,2129200,0.0,0.0
2025-09-22 00:00:00-04:00,51.15999984741211,51.540000915527344,50.14500045776367,51.02000045776367,1381700,0.0,0.0
2025-09-23 00:00:00-04:00,51.41999816894531,51.65700149536133,49.20000076293945,49.25,1283200,0.0,0.0
2025-09-24 00:00:00-04:00,49.380001068115234,50.349998474121094,49.099998474121094,49.400001525878906,1143400,0.0,0.0
2025-09-25 00:00:00-04:00,48.97999954223633,49.52000045776367,48.40999984741211,49.25,1618700,0.0,0.0
2025-09-26 00:00:00-04:00,49.09000015258789,49.81999969482422,48.41999816894531,49.68000030517578,1544700,0.0,0.0
2025-09-29 00:00:00-04:00,49.849998474121094,52.46500015258789,49.529998779296875,52.40999984741211,1923800,0.0,0.0
2025-09-30 00:00:00-04:00,52.56999969482422,55.18000030517578,52.56999969482422,55.11000061035156,2599900,0.0,0.0
2025-10-01 00:00:00-04:00,55.209999084472656,56.0099983215332,53.744998931884766,54.099998474121094,1955000,0.0,0.0
2025-10-02 00:00:00-04:00,54.220001220703125,54.41999816894531,52.290000915527344,53.29999923706055,1283800,0.0,0.0
2025-10-03 00:00:00-04:00,53.630001068115234,54.224998474121094,52.5099983215332,53.5,1206100,0.0,0.0
2025-10-06 00:00:00-04:00,53.83000183105469,54.560001373291016,52.060001373291016,53.2599983215332,1044500,0.0,0.0
2025-10-07 00:00:00-04:00,53.70000076293945,54.41999816894531,52.70000076293945,52.869998931884766,729500,0.0,0.0
2025-10-08 00:00:00-04:00,48.29999923706055,51.525001525878906,46.7599983215332,49.5099983215332,3275900,0.0,0.0
2025-10-09 00:00:00-04:00,48.5,50.082000732421875,48.369998931884766,50.0099983215332,1921800,0.0,0.0
2025-10-10 00:00:00-04:00,50.16999816894531,51.11000061035156,48.29999923706055,48.349998474121094,1299900,0.0,0.0
2025-10-13 00:00:00-04:00,48.400001525878906,50.0,48.20000076293945,48.400001525878906,1591100,0.0,0.0
2025-10-14 00:00:00-04:00,48.400001525878906,51.709999084472656,48.3849983215332,51.58000183105469,1856700,0.0,0.0
2025-10-15 00:00:00-04:00,51.279998779296875,52.119998931884766,50.0,51.54999923706055,1287000,0.0,0.0
2025-10-16 00:00:00-04:00,51.86000061035156,53.709999084472656,51.20000076293945,53.650001525878906,1604400,0.0,0.0
2025-10-17 00:00:00-04:00,53.560001373291016,53.7400016784668,51.2400016784668,51.290000915527344,1448700,0.0,0.0
2025-10-20 00:00:00-04:00,51.72999954223633,52.06999969482422,50.93000030517578,51.720001220703125,838200,0.0,0.0
2025-10-21 00:00:00-04:00,51.869998931884766,54.59000015258789,51.619998931884766,54.54999923706055,1468200,0.0,0.0
2025-10-22 00:00:00-04:00,54.54999923706055,57.58000183105469,54.0,57.5099983215332,1770100,0.0,0.0
2025-10-23 00:00:00-04:00,56.720001220703125,56.720001220703125,54.150001525878906,54.189998626708984,1386500,0.0,0.0
2025-10-24 00:00:00-04:00,54.279998779296875,55.165000915527344,53.994998931884766,54.119998931884766,585100,0.0,0.0
2025-10-27 00:00:00-04:00,54.09000015258789,55.970001220703125,53.279998779296875,55.81999969482422,1044600,0.0,0.0
2025-10-28 00:00:00-04:00,55.779998779296875,55.779998779296875,53.439998626708984,53.81999969482422,1015700,0.0,0.0
2025-10-29 00:00:00-04:00,53.11000061035156,53.54999923706055,52.040000915527344,52.619998931884766,1374700,0.0,0.0
2025-10-30 00:00:00-04:00,52.220001220703125,52.68000030517578,50.54999923706055,50.599998474121094,1332700,0.0,0.0
2025-10-31 00:00:00-04:00,50.73500061035156,51.7400016784668,48.7599983215332,49.209999084472656,3131500,0.0,0.0
2025-11-03 00:00:00-05:00,53.27000045776367,56.599998474121094,51.099998474121094,56.25,4801500,0.0,0.0
2025-11-04 00:00:00-05:00,56.56999969482422,57.349998474121094,54.650001525878906,56.029998779296875,1879800,0.0,0.0
2025-11-05 00:00:00-05:00,56.029998779296875,57.619998931884766,55.974998474121094,57.400001525878906,1580300,0.0,0.0
2025-11-06 00:00:00-05:00,57.2400016784668,57.35499954223633,54.459999084472656,56.0,1436300,0.0,0.0
2025-11-07 00:00:00-05:00,56.0,56.779998779296875,54.185001373291016,55.2400016784668,1162000,0.0,0.0
2025-11-10 00:00:00-05:00,55.33000183105469,57.099998474121094,54.9900016784668,55.349998474121094,1386200,0.0,0.0
2025-11-11 00:00:00-05:00,55.56999969482422,57.13999938964844,55.31999969482422,56.0,1022600,0.0,0.0
2025-11-12 00:00:00-05:00,56.040000915527344,57.64400100708008,54.65999984741211,55.61000061035156,952400,0.0,0.0
2025-11-13 00:00:00-05:00,55.650001525878906,56.61000061035156,53.349998474121094,53.439998626708984,1058700,0.0,0.0
2025-11-14 00:00:00-05:00,53.20000076293945,53.84000015258789,52.130001068115234,53.439998626708984,744500,0.0,0.0
2025-11-17 00:00:00-05:00,53.36000061035156,53.91299819946289,51.994998931884766,52.7400016784668,881800,0.0,0.0
2025-11-18 00:00:00-05:00,52.790000915527344,54.0,52.47999954223633,52.849998474121094,802800,0.0,0.0
2025-11-19 00:00:00-05:00,52.880001068115234,53.91999816894531,51.79999923706055,53.220001220703125,625600,0.0,0.0
2025-11-20 00:00:00-05:00,53.06999969482422,53.9900016784668,52.13999938964844,52.79999923706055,1008900,0.0,0.0
2025-11-21 00:00:00-05:00,53.310001373291016,55.0,52.869998931884766,54.0,756200,0.0,0.0
2025-11-24 00:00:00-05:00,53.900001525878906,54.7599983215332,53.16999816894531,53.619998931884766,996900,0.0,0.0
2025-11-25 00:00:00-05:00,53.619998931884766,56.11000061035156,53.619998931884766,55.790000915527344,841200,0.0,0.0
2025-11-26 00:00:00-05:00,55.709999084472656,57.79999923706055,55.709999084472656,56.2599983215332,1045400,0.0,0.0
2025-11-28 00:00:00-05:00,56.470001220703125,57.540000915527344,56.30500030517578,57.15999984741211,243100,0.0,0.0
2025-12-01 00:00:00-05:00,56.720001220703125,58.61000061035156,56.65999984741211,57.29999923706055,1389000,0.0,0.0
2025-12-02 00:00:00-05:00,57.310001373291016,58.5,56.279998779296875,58.15999984741211,1365300,0.0,0.0
2025-12-03 00:00:00-05:00,58.18000030517578,63.04999923706055,58.02899932861328,62.18000030517578,2080200,0.0,0.0
2025-12-04 00:00:00-05:00,62.529998779296875,63.11000061035156,61.0,61.9900016784668,1085000,0.0,0.0
2025-12-05 00:00:00-05:00,61.810001373291016,62.9900016784668,61.619998931884766,62.04999923706055,1406800,0.0,0.0
2025-12-08 00:00:00-05:00,61.84000015258789,63.75,61.553001403808594,63.16999816894531,1854500,0.0,0.0
2025-12-09 00:00:00-05:00,63.36000061035156,64.88999938964844,63.06999969482422,64.6500015258789,1522700,0.0,0.0
2025-12-10 00:00:00-05:00,64.56999969482422,65.41999816894531,63.470001220703125,63.84000015258789,1742800,0.0,0.0
2025-12-11 00:00:00-05:00,64.02999877929688,65.75,62.66999816894531,62.88999938964844,908800,0.0,0.0
2025-12-12 00:00:00-05:00,62.88999938964844,64.79000091552734,62.790000915527344,63.41999816894531,934300,0.0,0.0
2025-12-15 00:00:00-05:00,62.04999923706055,64.55999755859375,61.5,63.560001373291016,1315300,0.0,0.0
2025-12-16 00:00:00-05:00,63.599998474121094,65.30999755859375,63.14099884033203,63.970001220703125,1209500,0.0,0.0
2025-12-17 00:00:00-05:00,62.849998474121094,65.55000305175781,62.849998474121094,64.87999725341797,1823800,0.0,0.0
2025-12-18 00:00:00-05:00,65.0,66.47000122070312,64.94999694824219,65.62999725341797,1284500,0.0,0.0
2025-12-19 00:00:00-05:00,65.5,65.5,62.22999954223633,62.61000061035156,1566200,0.0,0.0
2025-12-22 00:00:00-05:00,62.369998931884766,64.3499984741211,62.29999923706055,63.970001220703125,993800,0.0,0.0
2025-12-23 00:00:00-05:00,63.47999954223633,64.72000122070312,62.900001525878906,64.51000213623047,958600,0.0,0.0
2025-12-24 00:00:00-05:00,64.58000183105469,64.69999694824219,63.689998626708984,64.0199966430664,304000,0.0,0.0
2025-12-26 00:00:00-05:00,63.97999954223633,64.9000015258789,63.65999984741211,64.16999816894531,467200,0.0,0.0
2025-12-29 00:00:00-05:00,63.959999084472656,64.62000274658203,63.02000045776367,63.040000915527344,990400,0.0,0.0
2025-12-30 00:00:00-05:00,62.63999938964844,62.834999084472656,60.0,60.130001068115234,1108600,0.0,0.0
2025-12-31 00:00:00-05:00,60.0099983215332,61.345001220703125,59.68000030517578,60.93000030517578,732100,0.0,0.0
2026-01-02 00:00:00-05:00,60.63999938964844,61.099998474121094,59.720001220703125,60.150001525878906,762200,0.0,0.0
2026-01-05 00:00:00-05:00,60.220001220703125,61.5,59.970001220703125,60.13999938964844,803600,0.0,0.0
2026-01-06 00:00:00-05:00,60.16999816894531,62.59000015258789,59.5,62.290000915527344,941500,0.0,0.0
2026-01-07 00:00:00-05:00,62.86000061035156,63.880001068115234,61.75,62.06999969482422,727600,0.0,0.0
2026-01-08 00:00:00-05:00,61.43000030517578,63.59000015258789,60.38399887084961,61.93000030517578,754700,0.0,0.0
2026-01-09 00:00:00-05:00,61.93000030517578,64.12999725341797,60.369998931884766,64.05999755859375,756200,0.0,0.0
2026-01-12 00:00:00-05:00,64.16000366210938,65.4000015258789,62.880001068115234,64.1500015258789,937600,0.0,0.0
2026-01-13 00:00:00-05:00,64.0199966430664,64.43599700927734,62.880001068115234,63.75,528600,0.0,0.0
2026-01-14 00:00:00-05:00,63.290000915527344,64.48500061035156,60.974998474121094,63.20000076293945,897300,0.0,0.0
2026-01-15 00:00:00-05:00,63.209999084472656,63.7599983215332,62.25,63.2599983215332,1131000,0.0,0.0
2026-01-16 00:00:00-05:00,62.95000076293945,64.93000030517578,62.51499938964844,64.25,751300,0.0,0.0
2026-01-20 00:00:00-05:00,64.19999694824219,68.20999908447266,63.47999954223633,67.66999816894531,1855300,0.0,0.0
2026-01-21 00:00:00-05:00,68.29000091552734,70.79000091552734,67.37999725341797,69.86000061035156,2093900,0.0,0.0
2026-01-22 00:00:00-05:00,69.97000122070312,72.8499984741211,69.86000061035156,72.5999984741211,1626300,0.0,0.0
2026-01-23 00:00:00-05:00,72.22000122070312,72.98999786376953,71.0,71.55000305175781,904900,0.0,0.0
2026-01-26 00:00:00-05:00,72.27999877929688,73.0,70.3499984741211,72.11000061035156,1132800,0.0,0.0
2026-01-27 00:00:00-05:00,71.81999969482422,72.2249984741211,69.80999755859375,72.0,701900,0.0,0.0
2026-01-28 00:00:00-05:00,72.72000122070312,73.19000244140625,70.91000366210938,71.5,1894700,0.0,0.0
2026-01-29 00:00:00-05:00,71.55000305175781,72.56500244140625,68.4000015258789,70.38999938964844,1890300,0.0,0.0
2026-01-30 00:00:00-05:00,70.81999969482422,70.81999969482422,67.63999938964844,69.69999694824219,1824400,0.0,0.0
2026-02-02 00:00:00-05:00,69.69999694824219,70.66999816894531,68.53900146484375,70.01000213623047,865600,0.0,0.0
2026-02-03 00:00:00-05:00,70.52999877929688,73.0,68.7300033569336,69.88999938964844,1193300,0.0,0.0
2026-02-04 00:00:00-05:00,69.88999938964844,70.44999694824219,65.83999633789062,69.19999694824219,1582300,0.0,0.0
2026-02-05 00:00:00-05:00,69.48999786376953,70.18399810791016,65.26000213623047,67.37000274658203,1095200,0.0,0.0
2026-02-06 00:00:00-05:00,66.94999694824219,70.0,66.94999694824219,69.9000015258789,1151400,0.0,0.0
2026-02-09 00:00:00-05:00,69.9000015258789,70.58999633789062,68.44999694824219,69.91999816894531,971900,0.0,0.0
2026-02-10 00:00:00-05:00,69.87000274658203,72.07499694824219,69.27999877929688,69.37999725341797,758100,0.0,0.0
2026-02-11 00:00:00-05:00,69.33000183105469,70.18000030517578,68.36000061035156,68.5199966430664,935400,0.0,0.0
2026-02-12 00:00:00-05:00,68.70999908447266,68.9800033569336,67.08999633789062,67.88999938964844,879500,0.0,0.0
2026-02-13 00:00:00-05:00,69.25,69.58000183105469,66.31999969482422,67.72000122070312,981300,0.0,0.0
2026-02-17 00:00:00-05:00,68.25,71.78500366210938,66.79000091552734,71.69000244140625,1857100,0.0,0.0
2026-02-18 00:00:00-05:00,71.38999938964844,73.44000244140625,71.375,72.97000122070312,1944700,0.0,0.0
2026-02-19 00:00:00-05:00,72.69000244140625,74.80999755859375,71.87000274658203,74.66999816894531,1414100,0.0,0.0
2026-02-20 00:00:00-05:00,73.9000015258789,74.9000015258789,72.16000366210938,74.51000213623047,2478600,0.0,0.0
2026-02-23 00:00:00-05:00,72.05000305175781,78.94000244140625,72.05000305175781,78.58000183105469,2415000,0.0,0.0
2026-02-24 00:00:00-05:00,80.94000244140625,82.66999816894531,78.26000213623047,80.88999938964844,2582900,0.0,0.0
2026-02-25 00:00:00-05:00,81.26000213623047,81.9800033569336,78.44999694824219,79.62999725341797,1330100,0.0,0.0
2026-02-26 00:00:00-05:00,80.51000213623047,81.38999938964844,79.38500213623047,81.26000213623047,1409000,0.0,0.0
2026-02-27 00:00:00-05:00,81.38999938964844,84.54000091552734,81.04499816894531,84.44999694824219,1509000,0.0,0.0
2026-03-02 00:00:00-05:00,83.18000030517578,85.87000274658203,82.50599670410156,84.36000061035156,1714800,0.0,0.0
2026-03-03 00:00:00-05:00,82.5199966430664,84.96499633789062,79.13999938964844,84.11000061035156,1694700,0.0,0.0
2026-03-04 00:00:00-05:00,84.2300033569336,85.72000122070312,82.65699768066406,85.5,1552100,0.0,0.0
2026-03-05 00:00:00-05:00,85.0,86.0,83.41999816894531,85.19000244140625,976800,0.0,0.0
2026-03-06 00:00:00-05:00,84.02999877929688,84.05999755859375,81.56999969482422,82.63999938964844,1572700,0.0,0.0
2026-03-09 00:00:00-04:00,82.02999877929688,83.18000030517578,79.50900268554688,82.83000183105469,1634700,0.0,0.0
2026-03-10 00:00:00-04:00,82.66999816894531,83.87999725341797,81.4000015258789,81.79000091552734,1050200,0.0,0.0
2026-03-11 00:00:00-04:00,81.47000122070312,82.802001953125,80.19999694824219,80.33000183105469,853900,0.0,0.0
2026-03-12 00:00:00-04:00,79.68000030517578,80.82499694824219,77.9800033569336,78.04000091552734,1578800,0.0,0.0
2026-03-13 00:00:00-04:00,78.75,79.3499984741211,75.73500061035156,76.5999984741211,1455000,0.0,0.0
2026-03-16 00:00:00-04:00,77.0999984741211,77.87999725341797,73.59200286865234,75.37000274658203,1231100,0.0,0.0
2026-03-17 00:00:00-04:00,76.12999725341797,78.47000122070312,66.33000183105469,67.41999816894531,5179900,0.0,0.0
2026-03-18 00:00:00-04:00,66.6500015258789,67.5979995727539,64.86000061035156,65.0999984741211,1859100,0.0,0.0
2026-03-19 00:00:00-04:00,64.30000305175781,64.48999786376953,61.97999954223633,63.16999816894531,2506800,0.0,0.0
2026-03-20 00:00:00-04:00,64.02999877929688,65.25,62.40999984741211,64.54000091552734,1724700,0.0,0.0
2026-03-23 00:00:00-04:00,65.91000366210938,66.55000305175781,63.89500045776367,64.68000030517578,1410000,0.0,0.0
2026-03-24 00:00:00-04:00,64.68000030517578,66.41999816894531,52.310001373291016,58.93000030517578,5192800,0.0,0.0
2026-03-25 00:00:00-04:00,58.810001373291016,60.56999969482422,56.33000183105469,60.099998474121094,2900000,0.0,0.0
2026-03-26 00:00:00-04:00,59.5099983215332,60.119998931884766,57.20000076293945,58.790000915527344,1703300,0.0,0.0
2026-03-27 00:00:00-04:00,58.779998779296875,59.04999923706055,55.70000076293945,55.93000030517578,1446200,0.0,0.0
2026-03-30 00:00:00-04:00,56.65999984741211,57.66999816894531,56.0099983215332,56.599998474121094,1199300,0.0,0.0
2026-03-31 00:00:00-04:00,56.599998474121094,59.709999084472656,56.599998474121094,58.959999084472656,1065100,0.0,0.0
2026-04-01 00:00:00-04:00,58.439998626708984,60.849998474121094,56.79999923706055,60.08000183105469,1708500,0.0,0.0
2026-04-02 00:00:00-04:00,59.0099983215332,61.28499984741211,58.0,59.400001525878906,1514600,0.0,0.0
2026-04-06 00:00:00-04:00,59.529998779296875,59.880001068115234,57.060001373291016,59.0099983215332,1219400,0.0,0.0
2026-04-07 00:00:00-04:00,58.689998626708984,63.40999984741211,57.775001525878906,63.040000915527344,2186200,0.0,0.0
2026-04-08 00:00:00-04:00,66.19000244140625,67.2300033569336,63.95500183105469,65.02999877929688,2042500,0.0,0.0
2026-04-09 00:00:00-04:00,64.61000061035156,67.18000030517578,63.20000076293945,66.62999725341797,1242900,0.0,0.0
2026-04-10 00:00:00-04:00,65.87999725341797,67.0,64.06500244140625,64.80000305175781,1198700,0.0,0.0
2026-04-13 00:00:00-04:00,65.44999694824219,68.3499984741211,64.27999877929688,68.25,1179500,0.0,0.0
2026-04-14 00:00:00-04:00,68.38999938964844,69.73999786376953,67.87999725341797,69.11000061035156,1010600,0.0,0.0
2026-04-15 00:00:00-04:00,69.33999633789062,69.83999633789062,67.52999877929688,68.79000091552734,851500,0.0,0.0
2026-04-16 00:00:00-04:00,68.46499633789062,69.52999877929688,66.5,67.33999633789062,994000,0.0,0.0
2026-04-17 00:00:00-04:00,67.7699966430664,71.98999786376953,66.34500122070312,69.5,1700600,0.0,0.0
2026-04-20 00:00:00-04:00,69.19000244140625,69.66999816894531,67.58000183105469,68.12000274658203,877500,0.0,0.0
2026-04-21 00:00:00-04:00,68.04000091552734,68.70999908447266,64.3499984741211,64.83000183105469,1342900,0.0,0.0
2026-04-22 00:00:00-04:00,65.63999938964844,67.16500091552734,65.5,65.95999908447266,928300,0.0,0.0
2026-04-23 00:00:00-04:00,66.12000274658203,66.83999633789062,63.310001373291016,65.55999755859375,1041500,0.0,0.0
2026-04-24 00:00:00-04:00,65.63999938964844,66.36000061035156,64.5999984741211,66.1500015258789,889800,0.0,0.0
2026-04-27 00:00:00-04:00,66.05000305175781,67.58999633789062,64.8499984741211,65.44999694824219,847500,0.0,0.0
2026-04-28 00:00:00-04:00,65.45999908447266,66.48999786376953,64.80000305175781,65.6500015258789,648000,0.0,0.0
2026-04-29 00:00:00-04:00,65.16000366210938,66.4000015258789,64.83999633789062,66.13999938964844,1035500,0.0,0.0
2026-04-30 00:00:00-04:00,66.51000213623047,67.80999755859375,65.76000213623047,67.37999725341797,952800,0.0,0.0
2026-05-01 00:00:00-04:00,67.37999725341797,67.95999908447266,64.91999816894531,65.1500015258789,951800,0.0,0.0
2026-05-04 00:00:00-04:00,62.9900016784668,65.0,61.970001220703125,63.560001373291016,1195400,0.0,0.0
2026-05-05 00:00:00-04:00,63.54999923706055,64.27999877929688,60.08000183105469,60.16999816894531,2040100,0.0,0.0
2026-05-06 00:00:00-04:00,61.880001068115234,62.0,52.724998474121094,54.92499923706055,4818000,0.0,0.0
2026-05-07 00:00:00-04:00,56.9900016784668,57.900001525878906,55.310001373291016,55.869998931884766,2851278,0.0,0.0
