Date,Open,High,Low,Close,Volume,Dividends,Stock Splits
2022-01-03 00:00:00-05:00,22.248714935858697,22.2840171571622,21.710369527400715,21.75449562072754,1010300,0.0,0.0
2022-01-04 00:00:00-05:00,21.904532928502647,22.09869183432275,21.577995705028357,21.622121810913086,3404000,0.0,0.0
2022-01-05 00:00:00-05:00,21.71037197651458,21.855989447562024,20.76605933305262,20.960216522216797,1844000,0.0,0.0
2022-01-06 00:00:00-05:00,20.995518747502693,21.242627591292962,20.60720268587159,20.960216522216797,2484900,0.0,0.0
2022-01-07 00:00:00-05:00,20.81018369550029,21.021991979639672,20.20123382653542,20.536598205566406,1886200,0.0,0.0
2022-01-10 00:00:00-05:00,20.324790757118983,20.430694061891785,19.839395279785162,20.148283004760742,1775800,0.0,0.0
2022-01-11 00:00:00-05:00,20.227715466797335,20.554254370531037,19.901176563063633,20.37774658203125,1792200,0.0,0.0
2022-01-12 00:00:00-05:00,20.55425416103475,20.57190359306242,20.05120747392849,20.086509704589844,904200,0.0,0.0
2022-01-13 00:00:00-05:00,20.245366120484466,20.76606223304775,20.157112228247758,20.5101261138916,1254000,0.0,0.0
2022-01-14 00:00:00-05:00,20.271837524849037,20.458934935317984,20.086505898899805,20.386568069458008,1539900,0.0,0.0
2022-01-18 00:00:00-05:00,20.28949156974451,20.28949156974451,19.530510477642718,19.636415481567383,1698100,0.0,0.0
2022-01-19 00:00:00-05:00,19.85704830775979,20.1394593921417,19.548160552978516,19.548160552978516,987000,0.0,0.0
2022-01-20 00:00:00-05:00,19.69818773336825,19.812918265639095,18.762700781625817,18.771526336669922,1405700,0.0,0.0
2022-01-21 00:00:00-05:00,18.550895931407617,19.349589452205638,18.54207037473601,18.842132568359375,1427800,0.0,0.0
2022-01-24 00:00:00-05:00,18.321439307421013,19.230451583862305,18.003725951906954,19.230451583862305,2558600,0.0,0.0
2022-01-25 00:00:00-05:00,18.718576729551256,19.080417825120094,18.250834002296738,18.533245086669922,1932100,0.0,0.0
2022-01-26 00:00:00-05:00,18.89508654738637,19.053943220393933,17.809568192905378,17.933122634887695,2921800,0.0,0.0
2022-01-27 00:00:00-05:00,19.67171853910334,21.00434576008418,19.27457686178918,19.433433532714844,7412500,0.0,0.0
2022-01-28 00:00:00-05:00,19.248097260801167,19.36723974587118,18.780354560121953,19.345176696777344,3164800,0.0,0.0
2022-01-31 00:00:00-05:00,19.168670574764985,19.371655020353884,18.762705050192967,19.35400390625,2189200,0.0,0.0
2022-02-01 00:00:00-05:00,19.609934093901067,20.307137800757257,19.3010480802838,20.263010025024414,1753900,0.0,0.0
2022-02-02 00:00:00-05:00,20.404222639516767,20.580728739386743,20.006198918271114,20.45717430114746,1550200,0.0,0.0
2022-02-03 00:00:00-05:00,20.18799760539809,20.61602782006012,19.636412971370817,19.71584129333496,1466400,0.0,0.0
2022-02-04 00:00:00-05:00,19.69819378032062,19.97177933746312,19.411370728199568,19.839399337768555,1621700,0.0,0.0
2022-02-07 00:00:00-05:00,19.83939432845922,20.097978223763675,19.759966012036976,19.99825096130371,1196800,0.0,0.0
2022-02-08 00:00:00-05:00,19.949498916251056,20.804920832097885,19.829829999585762,20.76059913635254,1217100,0.1,0.0
2022-02-09 00:00:00-05:00,20.911295455973896,21.341223009758867,20.84037972768853,21.150636672973633,1042200,0.0,0.0
2022-02-10 00:00:00-05:00,20.601033999920833,21.46975190389464,20.58419230011919,20.778324127197266,1575100,0.0,0.0
2022-02-11 00:00:00-05:00,20.636498137630184,20.782761094011626,19.73232129372241,19.971662521362305,1347400,0.0,0.0
2022-02-14 00:00:00-05:00,20.007117515173825,20.255323395448194,19.559462322832882,19.68799591064453,944400,0.0,0.0
2022-02-15 00:00:00-05:00,19.900743221919697,20.281914153331037,19.887445362258717,20.104625701904297,827800,0.0,0.0
2022-02-16 00:00:00-05:00,20.113492879236357,20.23759497974379,19.876811237008393,20.140085220336914,878300,0.0,0.0
2022-02-17 00:00:00-05:00,19.93620109759398,20.14008358639091,19.289094924926758,19.289094924926758,1451800,0.0,0.0
2022-02-18 00:00:00-05:00,19.200453465495958,19.820967416064452,19.200453465495958,19.519575119018555,1142400,0.0,0.0
2022-02-22 00:00:00-05:00,19.129535151061063,19.936202163576073,19.058619425480543,19.457521438598633,901800,0.0,0.0
2022-02-23 00:00:00-05:00,19.57276458714326,19.57276458714326,19.049760323878612,19.17386245727539,974900,0.0,0.0
2022-02-24 00:00:00-05:00,18.65085217289905,19.62594285914073,18.429240345887024,19.581621170043945,1105300,0.0,0.0
2022-02-25 00:00:00-05:00,19.758913875150576,20.31648904736006,19.617080731932166,20.237594604492188,1211600,0.0,0.0
2022-02-28 00:00:00-05:00,19.865284385160262,20.32623739918189,19.76777463852689,20.078031539916992,1195700,0.0,0.0
2022-03-01 00:00:00-05:00,20.122356659705236,20.14008432272741,18.402648230000715,18.650854110717773,2061900,0.0,0.0
2022-03-02 00:00:00-05:00,18.757226608165283,19.404332796082308,18.438105007213668,19.164993286132812,2057200,0.0,0.0
2022-03-03 00:00:00-05:00,19.191587005517206,19.280232088906423,18.506364179877156,18.61539649963379,1082000,0.0,0.0
2022-03-04 00:00:00-05:00,18.296274963671653,18.411514079860787,17.157190117171154,17.400962829589844,2941200,0.0,0.0
2022-03-07 00:00:00-05:00,17.312322613686998,17.36550899743115,15.714056311678675,15.93832778930664,3849800,0.0,0.0
2022-03-08 00:00:00-05:00,15.920591546484832,16.42586789123039,15.370995207010184,16.0003719329834,2911600,0.0,0.0
2022-03-09 00:00:00-05:00,16.63861864400014,17.010926631718675,16.61202461246157,16.718399047851562,2587200,0.0,0.0
2022-03-10 00:00:00-05:00,16.328362190233243,16.75385656288896,16.20426008756641,16.33722686767578,1206300,0.0,0.0
2022-03-11 00:00:00-05:00,16.594293303291884,16.70066772615095,16.142204964978017,16.15106964111328,974800,0.0,0.0
2022-03-14 00:00:00-04:00,16.319495106155095,16.79817747287475,16.075722430109682,16.15106964111328,1908600,0.0,0.0
2022-03-15 00:00:00-04:00,16.133342165434218,16.83363468054521,16.106748136722114,16.4879207611084,1612600,0.0,0.0
2022-03-16 00:00:00-04:00,16.82477313503546,17.87964613287387,16.82477313503546,17.79986572265625,1906700,0.0,0.0
2022-03-17 00:00:00-04:00,17.640301231448984,18.251950352251125,17.560520837832872,18.163305282592773,1636900,0.0,0.0
2022-03-18 00:00:00-04:00,18.110115354121042,18.783815383911133,18.03033497620092,18.783815383911133,2132600,0.0,0.0
2022-03-21 00:00:00-04:00,18.837012081611448,18.978843566729466,17.994886159304126,18.172176361083984,1696500,0.0,0.0
2022-03-22 00:00:00-04:00,18.473562738145176,18.695174573592443,18.21649219745957,18.402647018432617,1134900,0.0,0.0
2022-03-23 00:00:00-04:00,18.1987651773182,18.305137915255827,17.72008278430632,17.84418487548828,1357300,0.0,0.0
2022-03-24 00:00:00-04:00,17.968288337640498,18.23422186851575,17.906237293153882,17.99488067626953,1028300,0.0,0.0
2022-03-25 00:00:00-04:00,18.092392855355016,18.269683026914233,17.74667888065536,17.923967361450195,937200,0.0,0.0
2022-03-28 00:00:00-04:00,17.82645441093334,18.01260751844556,17.640299612657206,17.959421157836914,935700,0.0,0.0
2022-03-29 00:00:00-04:00,18.393786501492958,18.987706422424758,18.332621404660497,18.925655364990234,1405500,0.0,0.0
2022-03-30 00:00:00-04:00,18.854739631672288,18.91501707714595,18.17217461827553,18.251955032348633,1321100,0.0,0.0
2022-03-31 00:00:00-04:00,18.03920512629285,18.154442545622338,17.436420617149675,17.51620101928711,1999600,0.0,0.0
2022-04-01 00:00:00-04:00,17.68462914874077,17.870782321094172,17.393873448558228,17.57825469970703,1388000,0.0,0.0
2022-04-04 00:00:00-04:00,17.587114766347423,18.163305179717096,17.516199049175217,18.05693244934082,1822100,0.0,0.0
2022-04-05 00:00:00-04:00,17.755544588207844,18.172174317544627,17.37437188078093,17.471879959106445,2292700,0.0,0.0
2022-04-06 00:00:00-04:00,17.055249824868493,17.383236146261776,16.42587290672078,17.20594596862793,5293500,0.0,0.0
2022-04-07 00:00:00-04:00,17.19707984472297,17.525066138538854,16.00037547322566,17.08184242248535,5501500,0.0,0.0
2022-04-08 00:00:00-04:00,16.984329917446257,17.17048472728387,16.49678458493198,16.65634536743164,2151100,0.0,0.0
2022-04-11 00:00:00-04:00,16.603159935282047,17.13502873070342,16.390412755266357,16.718399047851562,2517400,0.0,0.0
2022-04-12 00:00:00-04:00,16.842499593098957,17.099570135297252,16.60315840362416,16.620887756347656,1272400,0.0,0.0
2022-04-13 00:00:00-04:00,16.620889548609487,17.072977947223382,16.620889548609487,16.904552459716797,1598400,0.0,0.0
2022-04-14 00:00:00-04:00,16.98433099802406,17.188213481627702,16.718397470781404,16.95773696899414,1791600,0.0,0.0
2022-04-18 00:00:00-04:00,16.904551931684274,17.09957144505214,16.603159675356,16.665210723876953,1518300,0.0,0.0
2022-04-19 00:00:00-04:00,16.70953684855087,17.631441431995956,16.70953684855087,17.42755889892578,2062900,0.0,0.0
2022-04-20 00:00:00-04:00,17.640302611104186,17.764406394637717,17.241402302589563,17.587116241455078,1668000,0.0,0.0
2022-04-21 00:00:00-04:00,17.923961556009427,18.110116344928866,17.352204403985915,17.533926010131836,1413300,0.0,0.0
2022-04-22 00:00:00-04:00,17.321183277787593,17.374369649203345,16.851365539783032,16.92228126525879,1331300,0.0,0.0
2022-04-25 00:00:00-04:00,16.69180308466954,17.06411102930308,16.532242295431722,17.055246353149414,1329900,0.0,0.0
2022-04-26 00:00:00-04:00,16.851365287885173,16.97546738292158,16.328361186282837,16.47905731201172,2081900,0.0,0.0
2022-04-27 00:00:00-04:00,16.30176583780021,16.656346121979624,16.071289329389238,16.12447738647461,1749500,0.0,0.0
2022-04-28 00:00:00-04:00,16.390412088973303,16.882390662469355,16.06242750048542,16.70953369140625,1532800,0.0,0.0
2022-04-29 00:00:00-04:00,16.567705500220168,16.7893173919645,16.004811092297825,16.053565979003906,1624800,0.0,0.0
2022-05-02 00:00:00-04:00,16.151070053759806,16.709532829201002,16.080154333629956,16.620887756347656,1534600,0.0,0.0
2022-05-03 00:00:00-04:00,16.53224245153113,16.753854285173006,16.310630617889252,16.4879207611084,1397400,0.0,0.0
2022-05-04 00:00:00-04:00,16.64748529612227,16.842503144914485,16.097001120547546,16.82477378845215,2230600,0.0,0.0
2022-05-05 00:00:00-04:00,16.646544958886608,16.87824225164324,16.076214207313182,16.26335334777832,2242500,0.1,0.0
2022-05-06 00:00:00-04:00,16.049478901452925,16.138593504014775,15.531725593150888,15.862338066101074,1750500,0.0,0.0
2022-05-09 00:00:00-04:00,15.594995194587154,15.960363517454201,15.345474659574709,15.372209548950195,1378700,0.0,0.0
2022-05-10 00:00:00-04:00,15.648460111827697,15.773221203985578,14.84643228952928,15.229623794555664,1586400,0.0,0.0
2022-05-11 00:00:00-04:00,15.398944959718127,15.44350141046632,14.677118219615965,14.712764739990234,1276700,0.0,0.0
2022-05-12 00:00:00-04:00,14.596914624011642,15.381121041499393,14.561269804881965,15.19398021697998,1567100,0.0,0.0
2022-05-13 00:00:00-04:00,15.345474873357388,15.701933271118127,15.327653313245039,15.514792442321777,1521000,0.0,0.0
2022-05-16 00:00:00-04:00,15.577174058564243,15.746491648252064,15.238540578908419,15.630643844604492,968500,0.0,0.0
2022-05-17 00:00:00-04:00,15.978185193135364,16.316818593058514,15.648461722401223,15.69301986694336,1549200,0.0,0.0
2022-05-18 00:00:00-04:00,15.122688820037315,15.167246968425141,14.628106120829168,14.953372955322266,2322700,0.0,0.0
2022-05-19 00:00:00-04:00,14.873169201221346,14.971193723050389,14.409774680816776,14.605825424194336,1658300,0.0,0.0
2022-05-20 00:00:00-04:00,14.784055778474281,14.81970059839946,14.044407493040987,14.489978790283203,1442500,0.0,0.0
2022-05-23 00:00:00-04:00,14.534534105047225,14.775142994700412,14.249368769037291,14.721674919128418,1189400,0.0,0.0
2022-05-24 00:00:00-04:00,14.427598429864936,14.677117257245435,14.115698195919782,14.596914291381836,1615700,0.0,0.0
2022-05-25 00:00:00-04:00,14.489979808984325,15.470237071776964,14.489979808984325,15.318742752075195,3167600,0.0,0.0
2022-05-26 00:00:00-04:00,15.621727678830789,16.165323414683282,15.621727678830789,15.933626174926758,2339800,0.0,0.0
2022-05-27 00:00:00-04:00,16.156411403257927,16.459399963470755,16.004917123151515,16.432666778564453,1888600,0.0,0.0
2022-05-31 00:00:00-04:00,16.325732016537646,16.43266987547427,16.009376804251197,16.183149337768555,1538800,0.0,0.0
2022-06-01 00:00:00-04:00,16.361375313395623,16.913882659868786,15.933625661622429,16.37028694152832,2499100,0.0,0.0
2022-06-02 00:00:00-04:00,16.575253605666482,17.27480044891429,16.548518714306542,17.011913299560547,2209900,0.0,0.0
2022-06-03 00:00:00-04:00,16.78021210799512,16.994086090021163,16.56633812596908,16.94952964782715,1180700,0.0,0.0
2022-06-06 00:00:00-04:00,17.09211399132374,17.15449369644661,16.85150510037597,17.083202362060547,1037500,0.0,0.0
2022-06-07 00:00:00-04:00,16.68218892087412,17.15449511249379,16.628720840600828,17.09211540222168,956900,0.0,0.0
2022-06-08 00:00:00-04:00,16.860415692053156,17.24360722819154,16.744567918199856,17.00299835205078,1277700,0.0,0.0
2022-06-09 00:00:00-04:00,16.84259139933528,16.922794353118913,16.512869655753036,16.62871742248535,1149100,0.0,0.0
2022-06-10 00:00:00-04:00,16.263351122538246,16.495048383592803,15.960362527291483,16.040565490722656,2535300,0.0,0.0
2022-06-13 00:00:00-04:00,15.559349386931084,15.826693193752513,14.890992419457007,15.247450828552246,2858400,0.0,0.0
2022-06-14 00:00:00-04:00,15.33655936671167,15.567365933949997,15.158331912602716,15.434585571289062,1463500,0.0,0.0
2022-06-15 00:00:00-04:00,15.693021930223066,15.808869721825166,15.292007075216485,15.363298416137695,1269300,0.0,0.0
2022-06-16 00:00:00-04:00,14.980102995972493,15.078129202102051,14.142429529126648,14.400860786437988,1575100,0.0,0.0
2022-06-17 00:00:00-04:00,14.338484493297859,14.873170390382375,14.293928043423987,14.748409271240234,1313200,0.0,0.0
2022-06-21 00:00:00-04:00,15.149422454369915,15.363296449759394,14.879406726409131,14.98901653289795,1031700,0.0,0.0
2022-06-22 00:00:00-04:00,14.739497358609112,15.033574307494911,14.72167410116891,14.784053802490234,923000,0.0,0.0
2022-06-23 00:00:00-04:00,14.801881568537157,15.060312081259676,14.650387233589507,14.917729377746582,931100,0.0,0.0
2022-06-24 00:00:00-04:00,15.060308984412801,15.509444578095415,15.060308984412801,15.425677299499512,1117900,0.0,0.0
2022-06-27 00:00:00-04:00,15.51479136607343,15.675197293994612,15.167246322057194,15.17615795135498,1182800,0.0,0.0
2022-06-28 00:00:00-04:00,15.318742971696413,15.808870760259715,14.92663972101392,14.971196174621582,1541100,0.0,0.0
2022-06-29 00:00:00-04:00,14.962284616510635,14.997929435576399,14.56126977877347,14.819700241088867,1672600,0.0,0.0
2022-06-30 00:00:00-04:00,14.730588331238339,14.837524495325184,14.44542126099416,14.543447494506836,1217000,0.0,0.0
2022-07-01 00:00:00-04:00,14.472156192424281,14.743954968129378,14.142433519366541,14.267193794250488,1603800,0.0,0.0
2022-07-05 00:00:00-04:00,14.035496344933144,14.489979287687815,13.946381742481698,14.481067657470703,2054600,0.0,0.0
2022-07-06 00:00:00-04:00,14.50780222180994,14.614738382570714,13.91519157359865,14.080053329467773,2246600,0.0,0.0
2022-07-07 00:00:00-04:00,14.133520086641196,14.641471901858344,14.124609307318584,14.623648643493652,6500200,0.0,0.0
2022-07-08 00:00:00-04:00,15.41676665176245,15.594995855715634,14.50780247081625,14.775144577026367,12607100,0.0,0.0
2022-07-11 00:00:00-04:00,14.659296749078207,15.220715850659913,14.552358887019015,15.051398277282715,4426900,0.0,0.0
2022-07-12 00:00:00-04:00,14.971197496120807,15.265274535160755,14.899906144223849,15.015755653381348,2447000,0.0,0.0
2022-07-13 00:00:00-04:00,14.88208034680399,15.158334044340279,14.712762796827818,15.006839752197266,2595700,0.0,0.0
2022-07-14 00:00:00-04:00,14.828613273098027,15.22962814875838,14.734153048879197,15.202893257141113,2470600,0.0,0.0
2022-07-15 00:00:00-04:00,15.327650449977252,15.581625906120378,15.087041586351356,15.532612800598145,2121300,0.0,0.0
2022-07-18 00:00:00-04:00,15.621728800856967,16.111856501113337,15.496967693738325,15.817779541015625,2065900,0.0,0.0
2022-07-19 00:00:00-04:00,16.040563849352626,16.48168010308632,16.040563849352626,16.298995971679688,1974100,0.0,0.0
2022-07-20 00:00:00-04:00,16.370287339366797,16.931706327616535,16.351573429749116,16.851503372192383,2145900,0.0,0.0
2022-07-21 00:00:00-04:00,16.646541277465545,17.12775731775365,16.459400478667312,17.109935760498047,1660900,0.0,0.0
2022-07-22 00:00:00-04:00,17.2703446916477,17.332726108099987,17.06003496110972,17.28816795349121,1500000,0.0,0.0
2022-07-25 00:00:00-04:00,17.368365618703592,17.368365618703592,16.91388277904915,17.02082061767578,1620800,0.0,0.0
2022-07-26 00:00:00-04:00,16.47722185079365,16.48613347826171,15.657370820642681,15.79995346069336,2769400,0.0,0.0
2022-07-27 00:00:00-04:00,15.924719401944511,16.334644192171474,15.728666937297128,16.27226448059082,1666200,0.0,0.0
2022-07-28 00:00:00-04:00,16.272266309484984,16.7000144081595,16.25444304711025,16.664369583129883,975700,0.0,0.0
2022-07-29 00:00:00-04:00,16.798901544354067,16.987251040992728,16.610553758412827,16.96931266784668,1211800,0.12,0.0
2022-08-01 00:00:00-04:00,16.90653205824346,17.23838344693494,16.68141109412108,17.14869499206543,858200,0.0,0.0
2022-08-02 00:00:00-04:00,17.121781866560895,17.121781866560895,16.83477479854871,16.906526565551758,1303100,0.0,0.0
2022-08-03 00:00:00-04:00,17.094876516204206,17.444667922297235,17.005186368213753,17.38188362121582,1557200,0.0,0.0
2022-08-04 00:00:00-04:00,17.166626361797384,17.4356967755075,17.139720517914338,17.36394500732422,1453600,0.0,0.0
2022-08-05 00:00:00-04:00,17.06797353809818,17.31910394184496,17.054518901684904,17.112817764282227,1576000,0.0,0.0
2022-08-08 00:00:00-04:00,17.22044040559025,17.695795198884547,17.22044040559025,17.453632354736328,1079100,0.0,0.0
2022-08-09 00:00:00-04:00,17.38188365387815,17.41776039742066,16.385429854258856,16.5029239654541,1871100,0.0,0.0
2022-08-10 00:00:00-04:00,16.897556896551507,17.471571016124496,16.861680158729687,17.292192459106445,1713500,0.0,0.0
2022-08-11 00:00:00-04:00,17.489511732441205,17.695797870512916,17.301163965688055,17.507450103759766,1315100,0.0,0.0
2022-08-12 00:00:00-04:00,17.561264584731074,17.633016363711388,17.292195841229233,17.516420364379883,860900,0.0,0.0
2022-08-15 00:00:00-04:00,17.417761026770446,17.641985549921095,17.238380723970984,17.516420364379883,1339500,0.0,0.0
2022-08-16 00:00:00-04:00,17.561263667452497,18.37744075223365,17.561263667452497,18.14424705505371,1862200,0.0,0.0
2022-08-17 00:00:00-04:00,17.902084860171477,17.9558999766871,17.35946193220225,17.49848175048828,1633300,0.0,0.0
2022-08-18 00:00:00-04:00,17.283227920532227,17.570235057468725,17.08142549278079,17.283227920532227,1707900,0.0,0.0
2022-08-19 00:00:00-04:00,17.1666268150267,17.265286140394895,16.861681364522394,17.05900001525879,1034300,0.0,0.0
2022-08-22 00:00:00-04:00,16.70921010873167,16.861682847392764,16.395297156221147,16.5029239654541,1510000,0.0,0.0
2022-08-23 00:00:00-04:00,16.592610236035686,16.933430666555733,16.547766027784615,16.583641052246094,910500,0.0,0.0
2022-08-24 00:00:00-04:00,16.646425199224634,16.76302288879734,16.386325687564916,16.628488540649414,749700,0.0,0.0
2022-08-25 00:00:00-04:00,16.628489447372086,17.162143132093462,16.57467433662083,16.97827911376953,690100,0.0,0.0
2022-08-26 00:00:00-04:00,17.050031599693344,17.12178337300942,16.242823722213185,16.251792907714844,953500,0.0,0.0
2022-08-29 00:00:00-04:00,15.884061813354492,16.31457412785777,15.75849664825195,15.884061813354492,1627100,0.0,0.0
2022-08-30 00:00:00-04:00,16.027571368306447,16.126229005687748,15.61499731236568,15.659841537475586,1298900,0.0,0.0
2022-08-31 00:00:00-04:00,15.749527022511288,15.839217156800501,14.996132631597131,15.148605346679688,2875900,0.0,0.0
2022-09-01 00:00:00-04:00,15.085824081403553,15.484943417562768,14.906445507879942,15.44458293914795,2153700,0.0,0.0
2022-09-02 00:00:00-04:00,15.5791180853479,15.910969367603782,15.444582024798523,15.884061813354492,2249800,0.0,0.0
2022-09-06 00:00:00-04:00,15.946846993844296,16.22488489376798,15.435613698846517,15.525303840637207,1454500,0.0,0.0
2022-09-07 00:00:00-04:00,15.57015209523545,15.928911005349706,15.57015209523545,15.6419038772583,2368000,0.0,0.0
2022-09-08 00:00:00-04:00,15.408708210873868,15.417677396330504,15.04098016063788,15.11273193359375,2744100,0.0,0.0
2022-09-09 00:00:00-04:00,15.292109357426856,15.884061867346793,15.166544191897499,15.704683303833008,2252100,0.0,0.0
2022-09-12 00:00:00-04:00,15.8392182950958,16.493953414275065,15.8392182950958,16.458078384399414,1898400,0.0,0.0
2022-09-13 00:00:00-04:00,15.79437790683368,16.009633270332397,15.570153356018652,15.579122543334961,1817300,0.0,0.0
2022-09-14 00:00:00-04:00,15.650868924368615,15.691229398000164,15.301077582662868,15.534271240234375,1101000,0.0,0.0
2022-09-15 00:00:00-04:00,15.426644526997203,15.839216738865588,15.363860237163468,15.623961448669434,1393500,0.0,0.0
2022-09-16 00:00:00-04:00,15.435614944475756,15.82576683614531,15.363863167392385,15.8033447265625,2101600,0.0,0.0
2022-09-19 00:00:00-04:00,15.632934890638987,16.099322335102087,15.632934890638987,15.928911209106445,1545700,0.0,0.0
2022-09-20 00:00:00-04:00,15.641900980909638,15.875094656978712,15.19345199862998,15.301078796386719,1983800,0.0,0.0
2022-09-21 00:00:00-04:00,15.489426825114426,15.848185635599174,15.327984932722051,15.336954116821289,1453800,0.0,0.0
2022-09-22 00:00:00-04:00,15.399740803265395,15.426648362741686,14.81227191826357,14.843663215637207,1795300,0.0,0.0
2022-09-23 00:00:00-04:00,14.619437222731555,14.861600101697224,14.586253117798057,14.789848327636719,2220200,0.0,0.0
2022-09-26 00:00:00-04:00,14.727067091085365,15.1082481050177,14.368308187849507,14.377277374267578,2065300,0.0,0.0
2022-09-27 00:00:00-04:00,14.49387334310607,14.66338805783372,14.126145254294512,14.296555519104004,2075500,0.0,0.0
2022-09-28 00:00:00-04:00,14.431090696079142,14.637376850373261,14.314493839385154,14.556655883789062,2313400,0.0,0.0
2022-09-29 00:00:00-04:00,14.323463053655535,14.323463053655535,13.758417141813975,13.937796592712402,3534900,0.0,0.0
2022-09-30 00:00:00-04:00,13.543162948880013,13.61491473532226,12.94224109591462,12.978116989135742,5858300,0.0,0.0
2022-10-03 00:00:00-04:00,13.229245677890438,14.027485216549662,12.937753995040538,13.973670959472656,4429100,0.0,0.0
2022-10-04 00:00:00-04:00,14.323460821630064,14.888506645420511,14.323460821630064,14.87056827545166,3959100,0.0,0.0
2022-10-05 00:00:00-04:00,14.574592013754078,15.112731137939805,14.441850470960539,14.87056827545166,3157600,0.0,0.0
2022-10-06 00:00:00-04:00,14.745005407210472,14.90644734072003,14.224803716496195,14.28758716583252,5994600,0.0,0.0
2022-10-07 00:00:00-04:00,13.309969117699893,13.581728814404304,12.260598179488463,12.619357109069824,10277300,0.0,0.0
2022-10-10 00:00:00-04:00,12.709045875963625,12.8973945071841,12.251627649378378,12.84358024597168,4045100,0.0,0.0
2022-10-11 00:00:00-04:00,12.718017133009713,13.23821803625973,12.561059772209546,12.951210021972656,3316900,0.0,0.0
2022-10-12 00:00:00-04:00,13.005020191952605,13.10188499202155,12.744919822327493,12.924299240112305,2477900,0.0,0.0
2022-10-13 00:00:00-04:00,12.431006743205398,13.372749872694133,12.170906341284569,12.987083435058594,2668800,0.0,0.0
2022-10-14 00:00:00-04:00,13.184399911927885,13.265120865618334,12.776311406358225,12.861516952514648,1645400,0.0,0.0
2022-10-17 00:00:00-04:00,13.157495686363093,13.274092546355421,13.03192963975242,13.08574390411377,2079800,0.0,0.0
2022-10-18 00:00:00-04:00,13.417594611781807,13.605943232980326,12.95120722391933,13.040897369384766,2244400,0.0,0.0
2022-10-19 00:00:00-04:00,12.834610036188733,12.960175201720032,12.628323062982465,12.753889083862305,1851500,0.0,0.0
2022-10-20 00:00:00-04:00,12.74492316209768,13.067806198720906,12.484822724314004,12.619357109069824,1533600,0.0,0.0
2022-10-21 00:00:00-04:00,12.556573054237626,12.843580164622916,12.484821276641304,12.744921684265137,1469600,0.0,0.0
2022-10-24 00:00:00-04:00,12.780796439517996,12.870486581232994,12.5206960549628,12.816672325134277,1907500,0.0,0.0
2022-10-25 00:00:00-04:00,12.906363315502315,13.64181944667004,12.870487427527026,13.59697437286377,2629300,0.0,0.0
2022-10-26 00:00:00-04:00,13.480378087269417,14.040939394936045,13.327905343156202,13.5610990524292,1624600,0.0,0.0
2022-10-27 00:00:00-04:00,13.695634279478394,13.90192043013235,13.498316459682114,13.5610990524292,1590900,0.0,0.0
2022-10-28 00:00:00-04:00,13.561098989135424,13.731510104865976,13.283061060825721,13.641819953918457,1856600,0.0,0.0
2022-10-31 00:00:00-04:00,13.525224496054985,13.619399249806545,13.39517470463939,13.417596817016602,1782700,0.0,0.0
2022-11-01 00:00:00-04:00,13.704603240571698,13.883982696204434,13.4803787071936,13.614913940429688,1827700,0.0,0.0
2022-11-02 00:00:00-04:00,13.570066918521883,13.614911989842362,13.265121459960938,13.265121459960938,2356000,0.0,0.0
2022-11-03 00:00:00-04:00,13.147572206336209,13.870960122454806,13.0842760547174,13.445969581604004,2077000,0.12,0.0
2022-11-04 00:00:00-04:00,13.780537208171323,13.943299737056522,13.53639427718897,13.80766487121582,1419800,0.0,0.0
2022-11-07 00:00:00-05:00,13.961381267099824,13.961381267099824,13.563518438988096,13.87095832824707,1072800,0.0,0.0
2022-11-08 00:00:00-05:00,13.979465010354488,13.997549251425104,13.210865362086425,13.43692398071289,3314100,0.0,0.0
2022-11-09 00:00:00-05:00,13.22895234667982,13.509264590724166,12.993851142913693,13.120444297790527,2517200,0.0,0.0
2022-11-10 00:00:00-05:00,13.699153911454378,14.011115091422976,13.509264610040274,13.961381912231445,2728100,0.0,0.0
2022-11-11 00:00:00-05:00,14.015635671861231,14.883700021105689,13.979466323976046,14.757107734680176,2415400,0.0,0.0
2022-11-14 00:00:00-05:00,14.558177701963276,14.779714217656451,14.397223532852399,14.440627098083496,1814400,0.0,0.0
2022-11-15 00:00:00-05:00,14.757109622618813,15.164015916315968,14.720941132451717,14.811363220214844,2070200,0.0,0.0
2022-11-16 00:00:00-05:00,14.422541111935173,14.422541111935173,13.753407742066745,14.187439918518066,2359100,0.0,0.0
2022-11-17 00:00:00-05:00,13.979467264357135,14.078932762145996,13.717239258963474,14.078932762145996,3030000,0.0,0.0
2022-11-18 00:00:00-05:00,14.422543123133869,14.476797583928615,14.164836374635977,14.24169635772705,1388800,0.0,0.0
2022-11-21 00:00:00-05:00,14.160313682749148,14.259780040542848,13.803141464554015,14.214568138122559,1352800,0.0,0.0
2022-11-22 00:00:00-05:00,14.41349911239502,14.648601177178428,14.323076170004045,14.58530330657959,1699500,0.0,0.0
2022-11-23 00:00:00-05:00,14.449671505501493,14.603391488525594,14.28690982997547,14.540095329284668,2388300,0.0,0.0
2022-11-25 00:00:00-05:00,14.55817813445021,14.675727879476767,14.485839431812936,14.567220687866211,597700,0.0,0.0
2022-11-28 00:00:00-05:00,14.359244591635454,14.675726163073005,14.359244591635454,14.531048774719238,1727700,0.0,0.0
2022-11-29 00:00:00-05:00,14.467754122930037,14.748066376148413,14.332119272965706,14.612431526184082,2384400,0.0,0.0
2022-11-30 00:00:00-05:00,14.766152870134945,14.947000503540039,14.314035511313067,14.947000503540039,1811000,0.0,0.0
2022-12-01 00:00:00-05:00,14.992208491728526,15.29874463317475,14.86561620897929,14.937954902648926,1132100,0.0,0.0
2022-12-02 00:00:00-05:00,14.748065379895158,15.426241308595733,14.701045140779343,15.3900728225708,2035000,0.0,0.0
2022-12-05 00:00:00-05:00,15.200184788098142,15.245397557805585,14.698334254835807,14.829448699951172,2491600,0.0,0.0
2022-12-06 00:00:00-05:00,14.829444128387868,15.055502733164177,14.693809310460137,14.729979515075684,2063200,0.0,0.0
2022-12-07 00:00:00-05:00,14.648602037271079,15.019338106236061,14.522008013331062,14.83849048614502,1478500,0.0,0.0
2022-12-08 00:00:00-05:00,14.86561744900054,15.295129233043985,14.86561744900054,15.218268394470215,1669100,0.0,0.0
2022-12-09 00:00:00-05:00,15.100718982967924,15.191141066048262,14.811362453162522,14.820405006408691,1293100,0.0,0.0
2022-12-12 00:00:00-05:00,14.594344900262474,15.371987155314649,14.576261520256304,15.362944602966309,2218000,0.0,0.0
2022-12-13 00:00:00-05:00,15.796978788590746,15.950698748798267,14.956042008892732,15.209226608276367,2621200,0.0,0.0
2022-12-14 00:00:00-05:00,15.29965062498486,15.326778285866434,14.883701781587822,15.164015769958496,1512600,0.0,0.0
2022-12-15 00:00:00-05:00,14.838490813548797,14.965083115591284,14.467754736403712,14.48583984375,2163800,0.0,0.0
2022-12-16 00:00:00-05:00,14.286906602546026,14.51296438624625,14.223609595258477,14.359245300292969,2098100,0.0,0.0
2022-12-19 00:00:00-05:00,14.241694637482134,14.31403333490712,14.04276278839078,14.250737190246582,1181500,0.0,0.0
2022-12-20 00:00:00-05:00,14.178398094437437,14.286906137526056,13.880000760357412,13.970423698425293,1651900,0.0,0.0
2022-12-21 00:00:00-05:00,14.413499150951926,14.576262517319831,13.852873802185059,13.852873802185059,1653500,0.0,0.0
2022-12-22 00:00:00-05:00,13.563520827059973,13.997553079600086,13.464055318105888,13.95234203338623,1669600,0.0,0.0
2022-12-23 00:00:00-05:00,13.952340875567714,13.997551918029785,13.753409011822239,13.997551918029785,928100,0.0,0.0
2022-12-27 00:00:00-05:00,14.015638840645217,14.097020107372625,13.870961416394476,13.98851203918457,627700,0.0,0.0
2022-12-28 00:00:00-05:00,14.006593641881175,14.124144242480089,13.694633328111873,13.898085594177246,1546800,0.0,0.0
2022-12-29 00:00:00-05:00,13.952339599981501,14.18743993126455,13.952339599981501,14.133186340332031,1175300,0.0,0.0
2022-12-30 00:00:00-05:00,13.952340668849569,14.128666146406209,13.834790063030027,14.033721923828125,908600,0.0,0.0
2023-01-03 00:00:00-05:00,14.259781245967378,14.268822937339507,13.898086858375198,14.069891929626465,1328900,0.0,0.0
2023-01-04 00:00:00-05:00,14.268820707833216,14.906306847784597,14.124143320340371,14.892742156982422,2128100,0.0,0.0
2023-01-05 00:00:00-05:00,14.684769801984471,15.001252259184396,14.512964743843261,14.748065948486328,1367600,0.0,0.0
2023-01-06 00:00:00-05:00,14.829445999799221,15.03741952851311,14.752586892327328,14.937954902648926,1244000,0.0,0.0
2023-01-09 00:00:00-05:00,14.937956331973197,15.258959208053904,14.734503197594345,15.227311134338379,1420900,0.0,0.0
2023-01-10 00:00:00-05:00,15.21827188099744,15.471458250311397,14.956044681253555,15.46241569519043,1110600,0.0,0.0
2023-01-11 00:00:00-05:00,14.919870492157278,15.219171570877196,14.702854401052406,15.191140174865723,2692000,0.0,0.0
2023-01-12 00:00:00-05:00,15.281565370669863,15.281565370669863,14.987690141722615,15.055506706237793,1427900,0.0,0.0
2023-01-13 00:00:00-05:00,14.892743464370536,15.091676183154766,14.675727364080094,14.95604133605957,1744900,0.0,0.0
2023-01-17 00:00:00-05:00,14.919870623657284,14.919870623657284,14.55817713529462,14.720939636230469,2178800,0.0,0.0
2023-01-18 00:00:00-05:00,14.377330298194684,14.802321678869204,14.33211925648878,14.666685104370117,2466800,0.0,0.0
2023-01-19 00:00:00-05:00,14.630516515670205,14.657642450631558,14.27786470130186,14.395415306091309,1736000,0.0,0.0
2023-01-20 00:00:00-05:00,14.567222677751346,14.933436655325263,14.377332479457767,14.784238815307617,2824400,0.0,0.0
2023-01-23 00:00:00-05:00,14.630516981467222,15.408159336010058,14.576263385126548,15.209226608276367,3034600,0.0,0.0
2023-01-24 00:00:00-05:00,15.371988382512395,15.371988382512395,15.019337436226355,15.118802070617676,2529500,0.0,0.0
2023-01-25 00:00:00-05:00,14.965080458560392,15.154970602600136,14.594344447239013,14.919869422912598,4106400,0.0,0.0
2023-01-26 00:00:00-05:00,16.086333102837543,16.140586691677953,15.21826705793853,16.03207778930664,5656700,0.0,0.0
2023-01-27 00:00:00-05:00,16.02303635830016,16.39829454204123,15.88740151436253,16.086334228515625,3407100,0.0,0.0
2023-01-30 00:00:00-05:00,15.905484548189909,16.362122199056575,15.88106983104199,16.077289581298828,2287800,0.0,0.0
2023-01-31 00:00:00-05:00,16.185797402089218,16.7012107974128,16.185797402089218,16.637914657592773,2571200,0.0,0.0
2023-02-01 00:00:00-05:00,16.683127700207095,17.14428579089512,16.533928175515303,17.07194709777832,2613000,0.0,0.0
2023-02-02 00:00:00-05:00,17.080993741108156,17.442689018013002,17.076473326257748,17.298009872436523,2271700,0.0,0.0
2023-02-03 00:00:00-05:00,16.99057036317737,17.50146171253674,16.85493378223801,17.225669860839844,1941400,0.0,0.0
2023-02-06 00:00:00-05:00,16.97248394061453,17.144287273694538,16.47063345915991,16.628873825073242,2740300,0.0,0.0
2023-02-07 00:00:00-05:00,16.5833660008386,16.765401455134196,16.35582255097848,16.628875732421875,1409600,0.12,0.0
2023-02-08 00:00:00-05:00,16.30121296729471,16.45139248079138,15.909837947172363,16.06456756591797,2537500,0.0,0.0
2023-02-09 00:00:00-05:00,16.246603705326976,16.68348674032946,16.20109397083576,16.346721649169922,1906700,0.0,0.0
2023-02-10 00:00:00-05:00,16.11007299134926,16.483244018668145,16.073665215016526,16.47414207458496,2201400,0.0,0.0
2023-02-13 00:00:00-05:00,16.46504378632138,16.64252739530525,16.364924115194597,16.49234962463379,1181500,0.0,0.0
2023-02-14 00:00:00-05:00,16.41953251357963,16.583362302688524,16.128275504454297,16.264802932739258,2271300,0.0,0.0
2023-02-15 00:00:00-05:00,16.1100755495511,16.301211197594387,16.07366776743699,16.228397369384766,2614700,0.0,0.0
2023-02-16 00:00:00-05:00,16.01905957543504,16.3012129734834,15.900736006692355,15.973549842834473,1418700,0.0,0.0
2023-02-17 00:00:00-05:00,15.937142286299366,16.201091766357422,15.773310736461235,16.201091766357422,1770000,0.0,0.0
2023-02-21 00:00:00-05:00,15.837022466401681,15.950794182016661,15.664088972581698,15.7824125289917,1839000,0.0,0.0
2023-02-22 00:00:00-05:00,15.837025273806674,16.146484534018278,15.782415326716073,16.128280639648438,1690200,0.0,0.0
2023-02-23 00:00:00-05:00,16.119175991438357,16.21929565767691,15.727802744181144,16.201091766357422,1424100,0.0,0.0
2023-02-24 00:00:00-05:00,16.037260286657467,16.037260286657467,15.773309097998881,16.00995445251465,1830800,0.0,0.0
2023-02-27 00:00:00-05:00,16.11007395348878,16.191989719111344,15.92803853299009,16.02815818786621,1346900,0.0,0.0
2023-02-28 00:00:00-05:00,16.182890249553964,16.42863584798845,16.091872525384044,16.32851791381836,2701300,0.0,0.0
2023-03-01 00:00:00-05:00,16.337620353589095,16.510552125117687,16.07366911912112,16.110076904296875,2542700,0.0,0.0
2023-03-02 00:00:00-05:00,15.900732330403773,16.246599274127636,15.818816566680669,16.237497329711914,2204000,0.0,0.0
2023-03-03 00:00:00-05:00,16.292109330268115,16.401330941116115,16.1146257316564,16.219295501708984,1789500,0.0,0.0
2023-03-06 00:00:00-05:00,16.255707480365697,16.305767325926404,15.654992805675322,15.664093017578125,1929200,0.0,0.0
2023-03-07 00:00:00-05:00,15.645888096686676,15.855227653889663,15.545768423233616,15.582176208496094,1418900,0.0,0.0
2023-03-08 00:00:00-05:00,15.527564609012405,15.600378443886298,15.318225050752307,15.573074340820312,2047100,0.0,0.0
2023-03-09 00:00:00-05:00,15.573075370436497,15.609481422271056,14.917749077225707,15.045174598693848,2400200,0.0,0.0
2023-03-10 00:00:00-05:00,14.899547378203888,14.935953431159703,14.444459564123697,14.653800010681152,2160000,0.0,0.0
2023-03-13 00:00:00-04:00,14.408049824674869,14.544575534585324,14.121345486659198,14.389846801757812,2551900,0.0,0.0
2023-03-14 00:00:00-04:00,14.808527637183142,14.835831739199167,14.33068588768775,14.480864524841309,1686300,0.0,0.0
2023-03-15 00:00:00-04:00,14.107693189489064,14.590085904160894,14.08038821990686,14.417152404785156,2114400,0.0,0.0
2023-03-16 00:00:00-04:00,14.244219058576736,14.690203994588835,14.180507172863392,14.672001838684082,2323100,0.0,0.0
2023-03-17 00:00:00-04:00,14.489965998413842,14.576431878676559,14.271524509314375,14.353440284729004,2216400,0.0,0.0
2023-03-20 00:00:00-04:00,14.489966299601848,14.776671519512501,14.453559383995184,14.753915786743164,1867800,0.0,0.0
2023-03-21 00:00:00-04:00,15.017865268756802,15.236306737071049,14.945051445985387,15.099781036376953,1849400,0.0,0.0
2023-03-22 00:00:00-04:00,15.008766672150209,15.22265808376545,14.844935100361415,14.881342887878418,1394800,0.0,0.0
2023-03-23 00:00:00-04:00,15.017867009903151,15.095230946059145,14.558229157863178,14.753915786743164,958500,0.0,0.0
2023-03-24 00:00:00-04:00,14.644696137245434,15.00876529901283,14.599188143031522,14.999663352966309,1371500,0.0,0.0
2023-03-27 00:00:00-04:00,15.108884095163218,15.268163801713182,14.940502443093456,15.172595977783203,1675400,0.0,0.0
2023-03-28 00:00:00-04:00,15.41834384638002,16.055464431227286,15.290918340595638,16.0008544921875,3996400,0.0,0.0
2023-03-29 00:00:00-04:00,16.11007357992859,16.264803162959076,15.891630385988051,16.237497329711914,1888200,0.0,0.0
2023-03-30 00:00:00-04:00,16.519653004105404,16.810908322618946,16.314863565769745,16.374025344848633,1750000,0.0,0.0
2023-03-31 00:00:00-04:00,16.492348426535184,16.592466354370117,16.355820980909993,16.592466354370117,3389900,0.0,0.0
2023-04-03 00:00:00-04:00,16.55606102549939,16.80999889108363,16.355821689121928,16.52875518798828,3206300,0.0,0.0
2023-04-04 00:00:00-04:00,16.474145732425516,16.567892478862564,16.22657731204167,16.49234962463379,3152600,0.0,0.0
2023-04-05 00:00:00-04:00,16.36492308788795,16.610670409216716,16.251151372756325,16.410432815551758,3925900,0.0,0.0
2023-04-06 00:00:00-04:00,14.763017939367955,15.163494884658324,13.684462506912093,13.780031204223633,20450500,0.0,0.0
2023-04-10 00:00:00-04:00,13.825539787685788,14.42625523122727,13.707217956270762,14.335237503051758,8007800,0.0,0.0
2023-04-11 00:00:00-04:00,14.326134124850373,14.408049898419632,14.107692640671878,14.11679458618164,4381400,0.0,0.0
2023-04-12 00:00:00-04:00,14.317034409140652,14.380747169622602,13.68901482731453,13.74362564086914,4112900,0.0,0.0
2023-04-13 00:00:00-04:00,13.88014928482891,13.934760090168723,13.74362357349333,13.843742370605469,2461000,0.0,0.0
2023-04-14 00:00:00-04:00,13.871047738298152,14.057633287561945,13.661708192493634,13.80733585357666,2682000,0.0,0.0
2023-04-17 00:00:00-04:00,13.752724569693406,13.81643732021454,13.525181140140516,13.761826515197754,3186000,0.0,0.0
2023-04-18 00:00:00-04:00,13.825538479489095,13.966616031613071,13.770928542158586,13.843742370605469,2387300,0.0,0.0
2023-04-19 00:00:00-04:00,13.69811463268592,13.848293261470456,13.679910741677226,13.761826515197754,1612700,0.0,0.0
2023-04-20 00:00:00-04:00,13.725421048587277,13.839192775361381,13.506979541503249,13.543386459350586,1491800,0.0,0.0
2023-04-21 00:00:00-04:00,13.579791146323904,13.643503025087876,13.406857663951339,13.57068920135498,1594800,0.0,0.0
2023-04-24 00:00:00-04:00,13.506979393610315,13.570691282143203,13.288537888918084,13.379554748535156,2664400,0.0,0.0
2023-04-25 00:00:00-04:00,13.306740212323945,13.343147127853873,12.974526999612188,13.006382942199707,2179700,0.0,0.0
2023-04-26 00:00:00-04:00,13.038238648171768,13.101040858424204,12.897161961554698,12.942670822143555,1891100,0.0,0.0
2023-04-27 00:00:00-04:00,12.933569902824754,13.097401466742495,12.865307040528826,13.024587631225586,1417800,0.0,0.0
2023-04-28 00:00:00-04:00,12.979078204437505,13.22027369862895,12.979078204437505,13.161112785339355,1352200,0.0,0.0
2023-05-01 00:00:00-04:00,13.19751850378506,13.306739242413894,13.083746792545535,13.179314613342285,1518400,0.0,0.0
2023-05-02 00:00:00-04:00,13.10650293477084,13.133808774908397,12.906265315151893,13.070096015930176,1787100,0.0,0.0
2023-05-03 00:00:00-04:00,13.060916507481897,13.226128667204334,12.895705223083496,12.895705223083496,1407500,0.12,0.0
2023-05-04 00:00:00-04:00,12.849813724408813,12.868171021313533,12.510211609588328,12.601995468139648,2777000,0.0,0.0
2023-05-05 00:00:00-04:00,12.776386022625418,13.088453060944788,12.68919061478346,13.005846977233887,1448800,0.0,0.0
2023-05-08 00:00:00-04:00,13.09762942841591,13.25366204508036,12.914059996436233,12.959952354431152,2637200,0.0,0.0
2023-05-09 00:00:00-04:00,12.803921212796372,12.858992227564178,12.634120594966797,12.81309986114502,1378700,0.0,0.0
2023-05-10 00:00:00-04:00,13.005845979125702,13.028791722695992,12.423014989070639,12.556102752685547,2131900,0.0,0.0
2023-05-11 00:00:00-04:00,12.546926541733642,12.61117533646674,12.2991082614931,12.372535705566406,1573300,0.0,0.0
2023-05-12 00:00:00-04:00,12.372532809609176,12.445961111819782,12.303694706318455,12.409247398376465,1775200,0.0,0.0
2023-05-15 00:00:00-04:00,12.418426875712914,12.666245131982077,12.372534508775205,12.601995468139648,1713400,0.0,0.0
2023-05-16 00:00:00-04:00,12.473496394778167,12.523978079886255,12.170608034777619,12.179786682128906,1604600,0.0,0.0
2023-05-17 00:00:00-04:00,12.2073215218672,12.266980977893235,12.088001734491158,12.253213882446289,1632300,0.0,0.0
2023-05-18 00:00:00-04:00,12.234856008902966,12.38630017891801,12.166017908955023,12.28074836730957,1224800,0.0,0.0
2023-05-19 00:00:00-04:00,12.253215349472786,12.253215349472786,11.785114791105494,11.913612365722656,3029500,0.0,0.0
2023-05-22 00:00:00-04:00,11.913611749651873,12.161429988439766,11.903515762260911,12.133894920349121,2155300,0.0,0.0
2023-05-23 00:00:00-04:00,12.060468325135718,12.202733874683705,11.959504942926618,12.014575958251953,1551100,0.0,0.0
2023-05-24 00:00:00-04:00,12.12471699457434,12.188965782386553,11.872310292177147,12.051289558410645,2117700,0.0,0.0
2023-05-25 00:00:00-04:00,12.01457467946292,12.147661566404036,11.748400030256688,12.106358528137207,2012800,0.0,0.0
2023-05-26 00:00:00-04:00,12.152251231014278,12.400069467566702,12.152251231014278,12.326642036437988,1352100,0.0,0.0
2023-05-30 00:00:00-04:00,12.43678330439788,12.482675668131813,12.239446753068794,12.445961952209473,1267400,0.0,0.0
2023-05-31 00:00:00-04:00,12.326642542654644,12.390891328699759,11.977861792807913,12.143073081970215,2041600,0.0,0.0
2023-06-01 00:00:00-04:00,12.198144670921748,12.216501967986172,11.904434920483766,11.977862358093262,2548900,0.0,0.0
2023-06-02 00:00:00-04:00,12.216501141441633,12.455139859864612,12.179787425120862,12.390891075134277,2567200,0.0,0.0
2023-06-05 00:00:00-04:00,12.436783442078129,12.63411999559181,12.27157128093662,12.546924591064453,2641100,0.0,0.0
2023-06-06 00:00:00-04:00,12.510210649881513,12.909472198365247,12.510210649881513,12.776385307312012,3424900,0.0,0.0
2023-06-07 00:00:00-04:00,12.840633199099495,13.25366269052003,12.62952956749583,13.226127624511719,2698200,0.0,0.0
2023-06-08 00:00:00-04:00,13.152701861134977,13.382162815970304,13.1022201709675,13.299556732177734,2476100,0.0,0.0
2023-06-09 00:00:00-04:00,13.317913776131734,13.428054927324856,13.024203164292677,13.07927417755127,1445600,0.0,0.0
2023-06-12 00:00:00-04:00,13.171058654785156,13.372983657097086,13.070095278305148,13.171058654785156,1330200,0.0,0.0
2023-06-13 00:00:00-04:00,13.207771472226893,13.629979619280904,13.171057758366718,13.620800971984863,1458400,0.0,0.0
2023-06-14 00:00:00-04:00,13.62997985858811,14.01547429855023,13.593266144083335,13.703407287597656,2600000,0.0,0.0
2023-06-15 00:00:00-04:00,13.648338423912113,13.813550602819546,13.63915977501189,13.767658233642578,948100,0.0,0.0
2023-06-16 00:00:00-04:00,13.841084967095862,13.927362161572367,13.67587279662863,13.83190631866455,1637200,0.0,0.0
2023-06-20 00:00:00-04:00,13.75847935736982,13.822729023285442,13.52901839060118,13.685051918029785,2796300,0.0,0.0
2023-06-21 00:00:00-04:00,13.712584690094316,13.712584690094316,13.441821599997803,13.501481056213379,1858800,0.0,0.0
2023-06-22 00:00:00-04:00,13.473946807709106,13.60244437514919,13.253663637924335,13.55655288696289,1594400,0.0,0.0
2023-06-23 00:00:00-04:00,13.345447410979691,13.40051841832028,13.171057492495096,13.226127624511719,1762700,0.0,0.0
2023-06-26 00:00:00-04:00,13.317914028720118,13.588678025451728,13.226129296656357,13.299556732177734,1974700,0.0,0.0
2023-06-27 00:00:00-04:00,13.317914723732654,13.460180278064126,13.281201004056012,13.391342163085938,1704300,0.0,0.0
2023-06-28 00:00:00-04:00,13.308734399710573,13.308734399710573,12.959953669024104,13.161879539489746,1364100,0.0,0.0
2023-06-29 00:00:00-04:00,13.235307944927547,13.401437452145359,13.194004903031262,13.299556732177734,1336700,0.0,0.0
2023-06-30 00:00:00-04:00,13.308734638772233,13.368394098562089,13.070095048964758,13.244485855102539,1698900,0.0,0.0
2023-07-03 00:00:00-04:00,13.189416299245911,13.345449827081751,13.152702579480072,13.216951370239258,1876200,0.0,0.0
2023-07-05 00:00:00-04:00,13.171056851078212,13.171056851078212,12.872756961773199,12.959952354431152,3716900,0.0,0.0
2023-07-06 00:00:00-04:00,12.932418384090068,13.148111346996776,12.730492517020043,13.06091594696045,4779700,0.0,0.0
2023-07-07 00:00:00-04:00,11.931969755813618,12.459729781486711,11.895256037731771,12.051289558410645,15658100,0.0,0.0
2023-07-10 00:00:00-04:00,12.188965427816102,12.496443136053747,12.110948669746131,12.161430358886719,5149600,0.0,0.0
2023-07-11 00:00:00-04:00,12.280750511460589,12.82227850949367,12.272490078076439,12.81309986114502,3831400,0.0,0.0
2023-07-12 00:00:00-04:00,12.996667165525258,13.148111346996776,12.858990955214422,13.06091594696045,3751700,0.0,0.0
2023-07-13 00:00:00-04:00,13.09762942841591,13.110479183615618,12.914059996436233,12.959952354431152,2604300,0.0,0.0
2023-07-14 00:00:00-04:00,12.941596949687721,12.941596949687721,12.441372046558314,12.473496437072754,2471300,0.0,0.0
2023-07-17 00:00:00-04:00,12.390891191641561,12.427604908307538,12.216501256309188,12.354177474975586,2396300,0.0,0.0
2023-07-18 00:00:00-04:00,12.262393819301218,12.666245613310863,12.262393819301218,12.455141067504883,2279400,0.0,0.0
2023-07-19 00:00:00-04:00,12.445962581896058,13.024203418097203,12.445962581896058,12.987489700317383,2200400,0.0,0.0
2023-07-20 00:00:00-04:00,12.941598663330987,12.987490155671706,12.799332236037614,12.858992576599121,1812300,0.0,0.0
2023-07-21 00:00:00-04:00,12.97831240289453,13.015026122019549,12.613009890977843,12.840635299682617,1515700,0.0,0.0
2023-07-24 00:00:00-04:00,12.813099395797567,13.125166425725258,12.767207031045132,13.115987777709961,1362700,0.0,0.0
2023-07-25 00:00:00-04:00,13.11598861246921,13.198594699216196,12.909473395601744,13.152702331542969,1876500,0.0,0.0
2023-07-26 00:00:00-04:00,13.051738656945618,13.547374257825881,12.996667645592687,13.538195610046387,2080000,0.0,0.0
2023-07-27 00:00:00-04:00,13.584087148087498,13.795190782242477,13.428053646614696,13.483123779296875,1693600,0.0,0.0
2023-07-28 00:00:00-04:00,13.657517072812334,13.813550602819546,13.515251516155452,13.767658233642578,1300700,0.0,0.0
2023-07-31 00:00:00-04:00,13.886977333928325,14.043010855964246,13.776836178724869,13.83190631866455,1418300,0.0,0.0
2023-08-01 00:00:00-04:00,13.859439270693786,14.00170478935723,13.77683320330085,13.886974334716797,1531200,0.0,0.0
2023-08-02 00:00:00-04:00,13.694230578417164,13.836496132843878,13.455590962697167,13.52901840209961,1335600,0.0,0.0
2023-08-03 00:00:00-04:00,13.58453836933081,14.000957957074176,13.556776416308336,13.815882682800293,1832000,0.12,0.0
2023-08-04 00:00:00-04:00,13.815883842690852,13.987078154825843,13.677076713450717,13.723345756530762,1156800,0.0,0.0
2023-08-07 00:00:00-04:00,13.788123781471063,13.826990347803067,13.362450115173512,13.3717041015625,1715000,0.0,0.0
2023-08-08 00:00:00-04:00,13.251402266300103,13.339313354333132,13.070953980476784,13.316179275512695,1627700,0.0,0.0
2023-08-09 00:00:00-04:00,13.232896510516829,13.422598799949222,13.089463265886913,13.343941688537598,978300,0.0,0.0
2023-08-10 00:00:00-04:00,13.445732368057456,13.811256837290497,13.380956237310778,13.741853713989258,2151900,0.0,0.0
2023-08-11 00:00:00-04:00,13.640061290701714,13.894540579581927,13.473493975580224,13.482747077941895,1857100,0.0,0.0
2023-08-14 00:00:00-04:00,13.399463446594646,13.529016591772042,13.33468731526025,13.4920015335083,1313100,0.0,0.0
2023-08-15 00:00:00-04:00,13.30692643899407,13.487374740384995,13.186627277230583,13.24215030670166,1423300,0.0,0.0
2023-08-16 00:00:00-04:00,13.24215014063133,13.445732520285377,12.978416857086971,13.10334300994873,1603000,0.0,0.0
2023-08-17 00:00:00-04:00,13.186625565801348,13.390208804095048,12.955281257629395,12.955281257629395,1480300,0.0,0.0
2023-08-18 00:00:00-04:00,12.955283144293071,13.214388560076516,12.844237966100165,13.149612426757812,1575000,0.0,0.0
2023-08-21 00:00:00-04:00,13.149610511794176,13.237521596001898,12.936773289371558,12.955281257629395,930500,0.0,0.0
2023-08-22 00:00:00-04:00,12.83498363138801,12.946028806559413,12.65916232466044,12.909013748168945,1845300,0.0,0.0
2023-08-23 00:00:00-04:00,12.797968189309545,12.983043475713256,12.710057097327066,12.88125228881836,1314100,0.0,0.0
2023-08-24 00:00:00-04:00,12.964536679722272,13.089462831793375,12.862744608030887,12.946028709411621,1659600,0.0,0.0
2023-08-25 00:00:00-04:00,13.001552196372979,13.094089403664038,12.733192794964237,12.973791122436523,1696000,0.0,0.0
2023-08-28 00:00:00-04:00,13.057075032972431,13.30230036612056,12.881253712089265,12.890507698059082,1722900,0.0,0.0
2023-08-29 00:00:00-04:00,12.927522070372001,13.149612426757812,12.844237966100165,13.149612426757812,1254600,0.0,0.0
2023-08-30 00:00:00-04:00,13.149612236162818,13.158866221505253,13.015432096223352,13.047821044921875,1312000,0.0,0.0
2023-08-31 00:00:00-04:00,13.066327473805227,13.140357587792112,12.705430006237734,12.742445945739746,1611500,0.0,0.0
2023-09-01 00:00:00-04:00,12.862745740149627,12.94602984886064,12.770208527977474,12.890507698059082,2812700,0.0,0.0
2023-09-05 00:00:00-04:00,12.797969061562616,12.862745195591625,12.575878702741464,12.723938941955566,1644500,0.0,0.0
2023-09-06 00:00:00-04:00,12.668415619150682,12.890506855364103,12.594385501249082,12.834983825683594,1552900,0.0,0.0
2023-09-07 00:00:00-04:00,12.751700387070255,12.936775691470883,12.705431340342932,12.770208358764648,1597400,0.0,0.0
2023-09-08 00:00:00-04:00,12.770209169643639,13.010807521896231,12.760955183208834,13.001553535461426,1597400,0.0,0.0
2023-09-11 00:00:00-04:00,13.084837282774327,13.112598358794392,12.330654177074901,12.409311294555664,3063800,0.0,0.0
2023-09-12 00:00:00-04:00,12.353787998926576,12.622147395635048,12.33528002828735,12.4833402633667,1273300,0.0,0.0
2023-09-13 00:00:00-04:00,12.400056739733065,12.52960989273343,12.22886241586655,12.437071800231934,1951900,0.0,0.0
2023-09-14 00:00:00-04:00,12.492593673325764,12.742445970396394,12.446324631367286,12.705430030822754,1630800,0.0,0.0
2023-09-15 00:00:00-04:00,12.705430006237734,12.896058035133677,12.622146789883915,12.742445945739746,1713300,0.0,0.0
2023-09-18 00:00:00-04:00,12.649910056700806,12.723940183531564,12.261251449584961,12.261251449584961,1769500,0.0,0.0
2023-09-19 00:00:00-04:00,12.289012007576892,12.538864336961439,12.261250931814837,12.464834213256836,1156900,0.0,0.0
2023-09-20 00:00:00-04:00,12.548117964678537,12.793342411505686,12.390803735671966,12.400056838989258,1731500,0.0,0.0
2023-09-21 00:00:00-04:00,12.28901212715687,12.307520099517458,11.844831380607092,11.863338470458984,2627300,0.0,0.0
2023-09-22 00:00:00-04:00,11.965130538418284,12.066921738747768,11.86796544866445,11.88184642791748,1401600,0.0,0.0
2023-09-25 00:00:00-04:00,11.863338435567611,12.094682794342384,11.826323373463996,12.05766773223877,1241500,0.0,0.0
2023-09-26 00:00:00-04:00,11.97438248476851,12.219607799485841,11.92811432341422,11.955875396728516,1919000,0.0,0.0
2023-09-27 00:00:00-04:00,12.289013116837081,12.381551221075073,11.983638608363984,12.214982986450195,3462600,0.0,0.0
2023-09-28 00:00:00-04:00,12.103935803876174,12.349161122094293,12.103935803876174,12.251996040344238,1196200,0.0,0.0
2023-09-29 00:00:00-04:00,12.529610532703302,12.71561159627659,12.464834394148903,12.566625595092773,2030200,0.0,0.0
2023-10-02 00:00:00-04:00,12.63140136218652,12.705431484788404,12.45558004163421,12.520356178283691,3120400,0.0,0.0
2023-10-03 00:00:00-04:00,12.40005831241741,12.548119455699949,12.1687139343312,12.214982986450195,3251400,0.0,0.0
2023-10-04 00:00:00-04:00,12.224235030872114,12.511102402417944,12.150204912249055,12.427818298339844,1917000,0.0,0.0
2023-10-05 00:00:00-04:00,12.363041792179654,12.483340960527158,12.113190352156888,12.224235534667969,5393900,0.0,0.0
2023-10-06 00:00:00-04:00,12.039160046593658,12.40005666361508,11.4885602528578,12.122444152832031,9156600,0.0,0.0
2023-10-09 00:00:00-04:00,12.15945935802084,12.603640086574407,12.048414175882447,12.594386100769043,2983100,0.0,0.0
2023-10-10 00:00:00-04:00,12.705431312443846,12.983044709689526,12.312146622396849,12.964537620544434,6445400,0.0,0.0
2023-10-11 00:00:00-04:00,13.001552073696953,13.454986767918061,12.969164007325247,13.380956649780273,4584700,0.0,0.0
2023-10-12 00:00:00-04:00,13.316182014175013,13.404092237779494,12.821104330017622,13.001553535461426,2884000,0.0,0.0
2023-10-13 00:00:00-04:00,12.973791447684567,13.020059611235707,12.585132872796159,12.825730323791504,2716200,0.0,0.0
2023-10-16 00:00:00-04:00,12.973791858300732,13.228270295920767,12.844238701734733,13.22364330291748,1636100,0.0,0.0
2023-10-17 00:00:00-04:00,13.121850307771126,13.603046041616434,13.070954274212163,13.556777000427246,3285200,0.0,0.0
2023-10-18 00:00:00-04:00,13.492002855999562,13.612302027775641,13.3670766911734,13.5382719039917,1828700,0.0,0.0
2023-10-19 00:00:00-04:00,13.46424136839585,13.579913543583944,13.094089878288752,13.140358924865723,2276900,0.0,0.0
2023-10-20 00:00:00-04:00,13.14035808373652,13.205135097801293,12.70080437566329,12.909013748168945,2438500,0.0,0.0
2023-10-23 00:00:00-04:00,12.751698970011459,13.04319331424462,12.58975776571621,12.936774253845215,2144700,0.0,0.0
2023-10-24 00:00:00-04:00,13.075581827438734,13.274538095330174,13.020058799128421,13.158865928649902,1788500,0.0,0.0
2023-10-25 00:00:00-04:00,13.065540594602473,13.24752462522111,13.009545029017104,13.214860916137695,2330900,0.12,0.0
2023-10-26 00:00:00-04:00,13.205528940745026,13.247525394869111,13.00021393171547,13.056208610534668,2097800,0.0,0.0
2023-10-27 00:00:00-04:00,13.05620902937607,13.248459450199931,12.678241820153541,12.757568359375,2421400,0.0,0.0
2023-10-30 00:00:00-04:00,12.86956060355517,13.018880961678871,12.804233169380936,12.925556182861328,1841200,0.0,0.0
2023-10-31 00:00:00-04:00,12.869558610625402,12.958217893289245,12.720238275624867,12.757568359375,2370100,0.0,0.0
2023-11-01 00:00:00-04:00,12.720236056273164,12.794896210747169,12.332936171182046,12.785563468933105,2457100,0.0,0.0
2023-11-02 00:00:00-04:00,12.897555049870666,13.10287094116211,12.832227630376755,13.10287094116211,1502100,0.0,0.0
2023-11-03 00:00:00-04:00,13.298853349766281,13.578829387765218,13.280187865224017,13.522833824157715,1288500,0.0,0.0
2023-11-06 00:00:00-05:00,13.569498415441226,13.737484238155796,13.499504619316623,13.70948600769043,1408700,0.0,0.0
2023-11-07 00:00:00-05:00,13.63482397529471,13.751480582889693,13.513500996593613,13.532166481018066,1637700,0.0,0.0
2023-11-08 00:00:00-05:00,13.485503147239859,13.78414465654139,13.424842105205364,13.756146430969238,1311800,0.0,0.0
2023-11-09 00:00:00-05:00,13.784145722364782,13.784145722364782,13.191529918887175,13.308186531066895,1454500,0.0,0.0
2023-11-10 00:00:00-05:00,13.289522907512241,13.29885565139859,12.934886650005945,13.22419548034668,1666500,0.0,0.0
2023-11-13 00:00:00-05:00,13.19619637523366,13.322184840785141,13.009545082527582,13.298853874206543,1119000,0.0,0.0
2023-11-14 00:00:00-05:00,13.700153124807645,14.222774260620303,13.578830138632014,13.980128288269043,1968600,0.0,0.0
2023-11-15 00:00:00-05:00,14.110785441986788,14.558747350790195,14.024926157717916,14.204111099243164,2167500,0.0,0.0
2023-11-16 00:00:00-05:00,14.101451564126329,14.143448017512126,13.877471072748314,14.045456886291504,2724500,0.0,0.0
2023-11-17 00:00:00-05:00,14.204107538133986,14.306765023363218,14.054787235975391,14.176109313964844,1406800,0.0,0.0
2023-11-20 00:00:00-05:00,14.157445964362338,14.661402473409348,14.073453064517956,14.596075057983398,2296200,0.0,0.0
2023-11-21 00:00:00-05:00,14.428091096716456,14.66607071325905,14.292768987497976,14.512084007263184,2713200,0.0,0.0
2023-11-22 00:00:00-05:00,14.474753379821777,14.652071047631777,14.328232162034421,14.474753379821777,1769700,0.0,0.0
2023-11-24 00:00:00-05:00,14.512084699944438,14.614742212168531,14.344098870832797,14.362764358520508,652100,0.0,0.0
2023-11-27 00:00:00-05:00,14.222774912202738,14.493418235295149,14.15278111813079,14.446755409240723,1427700,0.0,0.0
2023-11-28 00:00:00-05:00,14.325432724813464,14.34409732046439,14.120116832537217,14.241439819335938,1519100,0.0,0.0
2023-11-29 00:00:00-05:00,14.474754614588456,14.50741832802251,14.325434273164525,14.362764358520508,1420800,0.0,0.0
2023-11-30 00:00:00-05:00,14.362763304569086,14.493418148717744,14.21344208408303,14.456088066101074,2038300,0.0,0.0
2023-12-01 00:00:00-05:00,14.43742222592883,14.689400039377057,14.390759404173439,14.661402702331543,1738700,0.0,0.0
2023-12-04 00:00:00-05:00,14.652072039639068,14.82845697909792,14.558747272901403,14.642739295959473,1274300,0.0,0.0
2023-12-05 00:00:00-05:00,14.54941185082594,14.57274281571051,14.171444701576474,14.185442924499512,2372100,0.0,0.0
2023-12-06 00:00:00-05:00,14.250772422783427,14.325432584695564,14.059454756611828,14.166779518127441,1865900,0.0,0.0
2023-12-07 00:00:00-05:00,14.15744816567059,14.465421586306531,14.064122509106005,14.297435760498047,1476600,0.0,0.0
2023-12-08 00:00:00-05:00,14.185443680622136,14.27037021296808,13.723483609133671,14.026790618896484,2527500,0.0,0.0
2023-12-11 00:00:00-05:00,14.232107128749508,14.43275665034481,14.129449627244181,14.325432777404785,1540300,0.0,0.0
2023-12-12 00:00:00-05:00,14.297435599120355,14.302101970897857,14.00346129729307,14.054790496826172,1574500,0.0,0.0
2023-12-13 00:00:00-05:00,14.036124774177997,14.530748604040568,13.879338067158734,14.512084007263184,1909600,0.0,0.0
2023-12-14 00:00:00-05:00,14.764061653530314,15.081367804721937,14.73606431372499,14.876051902770996,2067600,0.0,0.0
2023-12-15 00:00:00-05:00,14.84805235675007,14.88071606333947,14.362761348814661,14.372093200683594,2431100,0.0,0.0
2023-12-18 00:00:00-05:00,14.36276264411895,14.708066114949732,14.250772401418642,14.521415710449219,1602200,0.0,0.0
2023-12-19 00:00:00-05:00,14.54008124522735,14.689401578474351,14.507417533581993,14.605408668518066,1102600,0.0,0.0
2023-12-20 00:00:00-05:00,14.502750754754501,14.577410919281936,14.297434857294371,14.381427764892578,1468800,0.0,0.0
2023-12-21 00:00:00-05:00,14.624073881081308,14.98804196404409,14.484086293790911,14.97870922088623,1402400,0.0,0.0
2023-12-22 00:00:00-05:00,14.829388883420041,15.482665734623803,14.73606323752551,15.333345413208008,2452500,0.0,0.0
2023-12-26 00:00:00-05:00,15.454668163705229,15.90263092703077,15.333346064912899,15.799972534179688,3079100,0.0,0.0
2023-12-27 00:00:00-05:00,15.86530052438595,16.070615537416984,15.73464567791518,15.827969551086426,1697400,0.0,0.0
2023-12-28 00:00:00-05:00,15.72530972945675,15.743975212302113,15.463998309736942,15.594653129577637,1124000,0.0,0.0
2023-12-29 00:00:00-05:00,15.538660292670668,15.67864787043482,15.3146798122403,15.436003684997559,987100,0.0,0.0
2024-01-02 00:00:00-05:00,15.28668438566943,15.28668438566943,14.71740122777963,15.174695014953613,1773000,0.0,0.0
2024-01-03 00:00:00-05:00,15.062700118574718,15.062700118574718,14.493416212228608,14.54941177368164,1459500,0.0,0.0
2024-01-04 00:00:00-05:00,14.493419925138431,14.633408419623501,14.358098692824296,14.558748245239258,1487200,0.0,0.0
2024-01-05 00:00:00-05:00,14.708066451352982,15.305347759415655,14.670736369599064,15.016039848327637,1877800,0.0,0.0
2024-01-08 00:00:00-05:00,15.081364445983965,15.282013931611244,15.002038815871884,15.193355560302734,1325400,0.0,0.0
2024-01-09 00:00:00-05:00,15.081366594375755,15.333345302459424,15.072033851849845,15.165359497070312,1030000,0.0,0.0
2024-01-10 00:00:00-05:00,15.174693072193172,15.286682428571401,15.016040000625077,15.26801872253418,1128100,0.0,0.0
2024-01-11 00:00:00-05:00,15.20269046717395,15.23068691471305,15.016039176733017,15.165359497070312,767000,0.0,0.0
2024-01-12 00:00:00-05:00,15.240020321234843,15.305347741723846,14.689400948486524,14.83872127532959,1078500,0.0,0.0
2024-01-16 00:00:00-05:00,14.14811434207022,14.39076031860119,13.877471026714712,14.222774505615234,2748900,0.0,0.0
2024-01-17 00:00:00-05:00,14.073453346756056,14.400092210474995,14.073453346756056,14.390759468078613,1961200,0.0,0.0
2024-01-18 00:00:00-05:00,14.46542063677405,14.558746287212596,14.092119815058593,14.474753379821777,2224100,0.0,0.0
2024-01-19 00:00:00-05:00,14.596078332431379,14.641807533488318,14.316102233480724,14.558748245239258,1476400,0.0,0.0
2024-01-22 00:00:00-05:00,14.624073221392486,14.820056368769908,14.558745802273123,14.782726287841797,1987600,0.0,0.0
2024-01-23 00:00:00-05:00,14.79205993649278,15.025373179087183,14.56807854718742,14.698734283447266,1650500,0.0,0.0
2024-01-24 00:00:00-05:00,14.796724782036378,14.820056639304445,14.596076149647093,14.670736312866211,1675900,0.0,0.0
2024-01-25 00:00:00-05:00,14.79205993649278,14.904050186135766,14.56807854718742,14.698734283447266,3638000,0.0,0.0
2024-01-26 00:00:00-05:00,14.250773150951614,16.313261341684974,14.147182015251971,14.885384559631348,9000100,0.0,0.0
2024-01-29 00:00:00-05:00,14.913382169327207,15.658118359462353,14.913382169327207,15.473334312438965,3774100,0.0,0.0
2024-01-30 00:00:00-05:00,15.361341699051861,15.715978793705736,15.351076216318996,15.69731330871582,2156600,0.0,0.0
2024-01-31 00:00:00-05:00,15.706643865837686,15.809302238960026,15.165357336713448,15.193355560302734,2079700,0.0,0.0
2024-02-01 00:00:00-05:00,15.277351455372187,15.617988565856523,15.142029351470011,15.613321304321289,1501000,0.0,0.0
2024-02-02 00:00:00-05:00,15.370676690228951,15.414540408368511,15.081368750714924,15.13736343383789,2531600,0.0,0.0
2024-02-05 00:00:00-05:00,15.090700554582511,15.338012021339676,14.922714735638486,15.314681053161621,1944500,0.0,0.0
2024-02-06 00:00:00-05:00,15.342883433772867,15.935164875684288,15.32878209239682,15.812947273254395,2246600,0.12,0.0
2024-02-07 00:00:00-05:00,15.963368481952735,16.188998922778943,15.8796982469561,16.104387283325195,2971100,0.0,0.0
2024-02-08 00:00:00-05:00,16.21720015554038,16.931697305107523,16.21720015554038,16.762474060058594,2714000,0.0,0.0
2024-02-09 00:00:00-05:00,16.546248162818014,16.809482775722344,16.510523209187955,16.706069946289062,1935600,0.0,0.0
2024-02-12 00:00:00-05:00,16.809482999186404,17.016312247105166,16.800083299873133,16.884693145751953,2178400,0.0,0.0
2024-02-13 00:00:00-05:00,16.311219153281346,16.565054112430577,16.18430167370673,16.555652618408203,2097800,0.0,0.0
2024-02-14 00:00:00-05:00,16.677866955083143,16.785981436893692,16.400529182385995,16.630861282348633,1705300,0.0,0.0
2024-02-15 00:00:00-05:00,16.73427271369447,16.92229897512303,16.696668537299548,16.80008316040039,1213400,0.0,0.0
2024-02-16 00:00:00-05:00,16.696668707317663,16.93170063992098,16.52744542893906,16.790681838989258,1022400,0.0,0.0
2024-02-20 00:00:00-05:00,16.912896939312002,17.044514242192236,16.78127963643177,16.922298431396484,1870800,0.0,0.0
2024-02-21 00:00:00-05:00,16.74367669161029,17.011612988371663,16.703251882183377,16.865894317626953,1183400,0.0,0.0
2024-02-22 00:00:00-05:00,16.969301846228788,17.025710791248184,16.847086051655484,16.941099166870117,1733900,0.0,0.0
2024-02-23 00:00:00-05:00,17.01631017205418,17.143227615122495,16.809480949357173,17.091520309448242,1233100,0.0,0.0
2024-02-26 00:00:00-05:00,17.07272054657204,17.082122039663222,16.91289875032483,17.025714874267578,932300,0.0,0.0
2024-02-27 00:00:00-05:00,17.129125084379154,17.213736716069022,17.039813603440376,17.157329559326172,1122100,0.0,0.0
2024-02-28 00:00:00-05:00,16.67786535344407,17.035114887263614,16.57445073157768,16.90349578857422,1301700,0.0,0.0
2024-02-29 00:00:00-05:00,16.96930477900019,17.119725072080033,16.903496124921677,17.082120895385742,1766800,0.0,0.0
2024-03-01 00:00:00-05:00,17.129127159687553,17.293650593751494,16.91289820501639,17.147930145263672,1135600,0.0,0.0
2024-03-04 00:00:00-05:00,17.12912534368166,17.293648760303057,17.072718186084913,17.241941452026367,1248600,0.0,0.0
2024-03-05 00:00:00-05:00,17.082120354555638,17.27014661152809,17.030413044230652,17.204336166381836,2106500,0.0,0.0
2024-03-06 00:00:00-05:00,17.298349581531763,17.33595555080996,17.10092362227515,17.194936752319336,1379900,0.0,0.0
2024-03-07 00:00:00-05:00,17.30775010141444,17.476973367355896,17.194935786220945,17.241941452026367,1762300,0.0,0.0
2024-03-08 00:00:00-05:00,17.382960497730593,17.434667806766214,16.9599041198188,17.129125595092773,1409300,0.0,0.0
2024-03-11 00:00:00-04:00,17.06331816263348,17.270147413538396,16.964605180056875,17.166732788085938,1415900,0.0,0.0
2024-03-12 00:00:00-04:00,17.204335661246347,17.608590846661905,17.110324328671663,17.429967880249023,2044900,0.0,0.0
2024-03-13 00:00:00-04:00,17.429967268830918,17.77781349071825,17.354755336367532,17.655597686767578,1348600,0.0,0.0
2024-03-14 00:00:00-04:00,17.61799445757202,17.655600429645972,17.171433401526773,17.223140716552734,1107400,0.0,0.0
2024-03-15 00:00:00-04:00,17.11032693887857,17.246644109167747,17.077422608827575,17.10092544555664,1281500,0.0,0.0
2024-03-18 00:00:00-04:00,17.11032528475516,17.36886005008429,17.025713646189068,17.185535430908203,1553100,0.0,0.0
2024-03-19 00:00:00-04:00,17.10092524917266,17.599191837452242,17.067079514972104,17.58979034423828,1244600,0.0,0.0
2024-03-20 00:00:00-04:00,17.646199131260335,17.65560062438252,17.260746879008103,17.599191665649414,1183300,0.0,0.0
2024-03-21 00:00:00-04:00,17.693201759774333,17.881228003566978,17.561584465010174,17.853023529052734,1658600,0.0,0.0
2024-03-22 00:00:00-04:00,17.664999428667848,17.735507926624745,17.194935603017093,17.542781829833984,2134500,0.0,0.0
2024-03-25 00:00:00-04:00,17.48637501266748,17.655598280094615,17.38296039520618,17.52397918701172,1270100,0.0,0.0
2024-03-26 00:00:00-04:00,17.693203314251317,17.85302509757123,17.608591676425995,17.674400329589844,1229800,0.0,0.0
2024-03-27 00:00:00-04:00,17.85302422418988,18.323088058823057,17.815420049857863,18.21027374267578,3056800,0.0,0.0
2024-03-28 00:00:00-04:00,18.388898537917257,18.821358241235323,18.30428689581484,18.793153762817383,2587900,0.0,0.0
2024-04-01 00:00:00-04:00,18.492309422827223,19.139116934494385,18.351290645582228,19.0845890045166,2944300,0.0,0.0
2024-04-02 00:00:00-04:00,18.332487664064807,18.332487664064807,17.500474547209894,17.617990493774414,5727300,0.0,0.0
2024-04-03 00:00:00-04:00,17.533380338142827,17.90003134149322,17.317151408699765,17.542781829833984,9251800,0.0,0.0
2024-04-04 00:00:00-04:00,20.222147365902092,21.04945896615945,19.6956763475565,19.7144775390625,27988000,0.0,0.0
2024-04-05 00:00:00-04:00,19.742684087922555,19.752085581237843,19.216213014327042,19.319625854492188,6679700,0.0,0.0
2024-04-08 00:00:00-04:00,19.470046161233764,19.723881101291983,19.018785241009038,19.319625854492188,5066700,0.0,0.0
2024-04-09 00:00:00-04:00,19.423039546891232,19.521752532192494,19.065791783974152,19.272619247436523,2846700,0.0,0.0
2024-04-10 00:00:00-04:00,18.896564653178004,19.230309512601078,18.717939911495506,18.887163162231445,2643900,0.0,0.0
2024-04-11 00:00:00-04:00,19.075193728612003,19.075193728612003,18.55812236798261,18.67093849182129,2449000,0.0,0.0
2024-04-12 00:00:00-04:00,18.520518363558597,18.60042836578677,17.928236845831957,18.078657150268555,3386800,0.0,0.0
2024-04-15 00:00:00-04:00,18.32308913840183,18.553421219929568,18.186770187970133,18.539318084716797,4287400,0.0,0.0
2024-04-16 00:00:00-04:00,18.445303692959815,19.225609503511954,18.360692068296846,19.188003540039062,4375700,0.0,0.0
2024-04-17 00:00:00-04:00,19.310220368291542,19.512346137975786,18.93886956278956,19.42303466796875,3136500,0.0,0.0
2024-04-18 00:00:00-04:00,19.517050578202106,19.60166221166731,19.23971284476642,19.282018661499023,2000500,0.0,0.0
2024-04-19 00:00:00-04:00,19.225614507642327,19.639269454605913,19.19741002769647,19.319625854492188,1728100,0.0,0.0
2024-04-22 00:00:00-04:00,19.60166471737518,20.109332789911115,19.498250086997796,20.024721145629883,3130200,0.0,0.0
2024-04-23 00:00:00-04:00,20.109330241640233,20.861433451816094,20.07172606736461,20.739215850830078,2603400,0.0,0.0
2024-04-24 00:00:00-04:00,20.72981579792061,21.01655504342484,20.231549246986635,20.278554916381836,2916400,0.0,0.0
2024-04-25 00:00:00-04:00,19.770884333986686,19.98711325447892,19.648666740212036,19.82729148864746,1924900,0.0,0.0
2024-04-26 00:00:00-04:00,19.883701667104035,20.23154972557158,19.78968853293837,19.864898681640625,1714000,0.0,0.0
2024-04-29 00:00:00-04:00,20.024718960416006,20.499484445201677,19.695675705397726,20.428974151611328,2627800,0.0,0.0
2024-04-30 00:00:00-04:00,20.240949538027305,20.53238861591118,19.944808817592182,19.949508666992188,1415400,0.0,0.0
2024-05-01 00:00:00-04:00,19.930704793920672,20.27855098354688,19.643965604026825,19.893098831176758,1491000,0.0,0.0
2024-05-02 00:00:00-04:00,20.137535408361337,20.70161238706541,20.137535408361337,20.60759925842285,3013000,0.0,0.0
2024-05-03 00:00:00-04:00,20.711010486933116,20.84262776958398,20.45717561911988,20.68280601501465,1647100,0.0,0.0
2024-05-06 00:00:00-04:00,20.852033957804984,20.993052762864295,20.631103360882847,20.83323097229004,2057400,0.0,0.0
2024-05-07 00:00:00-04:00,20.93664203260455,21.054157982325297,20.678107301849124,20.91783905029297,2757500,0.0,0.0
2024-05-08 00:00:00-04:00,20.785508761123516,20.884757007043632,20.615367880760704,20.77605628967285,1569300,0.12,0.0
2024-05-09 00:00:00-04:00,20.87057984595985,21.49442855797668,20.752426653488865,21.437715530395508,1910700,0.0,0.0
2024-05-10 00:00:00-04:00,21.46607298071427,21.655118826004163,21.37155186094412,21.381004333496094,1963200,0.0,0.0
2024-05-13 00:00:00-04:00,21.522785973204588,21.70710466499938,21.281752450953977,21.437715530395508,1191600,0.0,0.0
2024-05-14 00:00:00-04:00,21.456622496894045,21.740189464410342,21.418812606358642,21.71183204650879,1299000,0.0,0.0
2024-05-15 00:00:00-04:00,21.721280814046953,21.740185756089957,20.870578253731377,20.908388137817383,1884000,0.0,0.0
2024-05-16 00:00:00-04:00,20.889482072109203,21.154144034976806,20.842219719543984,20.984004974365234,1322900,0.0,0.0
2024-05-17 00:00:00-04:00,20.880031237122594,20.92729179051531,20.662629806916815,20.87057876586914,1092600,0.0,0.0
2024-05-20 00:00:00-04:00,20.84222670222637,20.965107057189616,20.50667199952868,20.64373016357422,1543500,0.0,0.0
2024-05-21 00:00:00-04:00,20.615366946113717,20.7949602897849,20.416870463272804,20.747699737548828,1070700,0.0,0.0
2024-05-22 00:00:00-04:00,20.662631735434182,20.74770218178064,20.45468095419852,20.549203872680664,1119400,0.0,0.0
2024-05-23 00:00:00-04:00,20.66263008865885,20.728795585460663,20.39796629857703,20.501941680908203,944400,0.0,0.0
2024-05-24 00:00:00-04:00,20.719344798769693,21.002911751798475,20.62009654549709,20.92729377746582,1440700,0.0,0.0
2024-05-28 00:00:00-04:00,20.984009500687154,21.390455003173273,20.92729466537531,21.381004333496094,1301900,0.0,0.0
2024-05-29 00:00:00-04:00,21.2675760957144,21.66457092161606,21.239218678551868,21.53223991394043,2045200,0.0,0.0
2024-05-30 00:00:00-04:00,21.579497581456426,22.22225119468326,21.468905652503558,22.203346252441406,1912700,0.0,0.0
2024-05-31 00:00:00-04:00,22.3829399329114,22.912265703482063,22.278964551899918,22.69486427307129,2288600,0.0,0.0
2024-06-03 00:00:00-04:00,22.628698080940516,22.874456917577657,22.420747325315133,22.836647033691406,1449000,0.0,0.0
2024-06-04 00:00:00-04:00,22.60979462777905,22.846101009004634,22.364035774959486,22.449106216430664,1256800,0.0,0.0
2024-06-05 00:00:00-04:00,22.54362987140117,22.912267261324974,22.288418538588687,22.846101760864258,1250400,0.0,0.0
2024-06-06 00:00:00-04:00,22.978433149945463,23.006790566139653,22.49731440111121,22.534177780151367,1255200,0.0,0.0
2024-06-07 00:00:00-04:00,22.373488529981106,22.505819528223928,22.156087089189427,22.24115753173828,1399000,0.0,0.0
2024-06-10 00:00:00-04:00,22.16553929112855,22.439653755991696,22.0332064916217,22.28841781616211,1423500,0.0,0.0
2024-06-11 00:00:00-04:00,22.146634604509693,22.420749072548574,22.091810989752062,22.401845932006836,1294300,0.0,0.0
2024-06-12 00:00:00-04:00,22.76103496421553,22.813022666587408,22.354587621535348,22.411300659179688,1309600,0.0,0.0
2024-06-13 00:00:00-04:00,22.43020023540427,22.4491051777175,22.0804678169822,22.0993709564209,1128800,0.0,0.0
2024-06-14 00:00:00-04:00,21.787449880816812,21.985948199067153,21.49443044260181,21.598405838012695,1460200,0.0,0.0
2024-06-17 00:00:00-04:00,21.579499096953604,22.2647879769142,21.52278606911969,22.19389533996582,2163500,0.0,0.0
2024-06-18 00:00:00-04:00,22.297868996595998,22.605067995703365,22.212798560008558,22.250608444213867,1378400,0.0,0.0
2024-06-20 00:00:00-04:00,22.08992163001254,22.36403609870758,21.655116944768306,21.759092330932617,1438000,0.0,0.0
2024-06-21 00:00:00-04:00,21.74018703952887,21.96231561446132,21.541690544982547,21.7496395111084,2546100,0.0,0.0
2024-06-24 00:00:00-04:00,21.881971781291384,22.260061652109382,21.683475275189956,21.948137283325195,3762500,0.0,0.0
2024-06-25 00:00:00-04:00,21.891424549002018,22.089922860658312,21.636213206675958,21.740188598632812,2942900,0.0,0.0
2024-06-26 00:00:00-04:00,21.777996837673427,22.089921187036605,21.588951012597427,21.853614807128906,6749600,0.0,0.0
2024-06-27 00:00:00-04:00,17.949834798968904,18.904512917655488,17.88839462718157,18.48861312866211,15540100,0.0,0.0
2024-06-28 00:00:00-04:00,18.403542916715597,18.696564168837,17.95928750638215,18.22395133972168,5595400,0.0,0.0
2024-07-01 00:00:00-04:00,18.280660360776555,18.35627832471761,17.97346136814912,18.167232513427734,3091200,0.0,0.0
2024-07-02 00:00:00-04:00,18.15778493576893,18.15778493576893,17.836409854570547,18.0349063873291,3105000,0.0,0.0
2024-07-03 00:00:00-04:00,18.09161621952796,18.304292326142633,17.84585736331485,17.997095108032227,1802900,0.0,0.0
2024-07-05 00:00:00-04:00,17.978191175338544,18.186140156344788,17.751337249820438,18.082164764404297,2262200,0.0,0.0
2024-07-08 00:00:00-04:00,18.214495657276178,18.252303739448433,17.8080484073958,17.92147445678711,2391600,0.0,0.0
2024-07-09 00:00:00-04:00,17.930928471582913,17.978190831959864,17.354342097981736,17.373245239257812,2413000,0.0,0.0
2024-07-10 00:00:00-04:00,17.41105734652811,17.581198259819498,17.203108342991378,17.54338836669922,2289500,0.0,0.0
2024-07-11 00:00:00-04:00,17.883668015102426,18.23340227236864,17.864763070844855,18.07271385192871,1969400,0.0,0.0
2024-07-12 00:00:00-04:00,18.20504258323776,18.233399996083936,17.964009081231488,18.06325912475586,1631500,0.0,0.0
2024-07-15 00:00:00-04:00,18.06326179875183,18.08216494057312,17.51503102268982,17.600101470947266,1908300,0.0,0.0
2024-07-16 00:00:00-04:00,17.685169726063258,17.946052909062335,17.42050771765807,17.912025451660156,3061300,0.0,0.0
2024-07-17 00:00:00-04:00,17.751335232214203,18.02261376333961,17.47721897657234,17.486671447753906,1687800,0.0,0.0
2024-07-18 00:00:00-04:00,17.529207727210682,17.76551411242362,17.160570343198387,17.354341506958008,2039200,0.0,0.0
2024-07-19 00:00:00-04:00,17.23146013852201,17.387423208742703,17.193652056661392,17.32598304748535,1356100,0.0,0.0
2024-07-22 00:00:00-04:00,17.420507159146865,17.47722018729048,17.240913800004982,17.4677677154541,1553200,0.0,0.0
2024-07-23 00:00:00-04:00,17.39215199113631,17.434687218459295,17.05187197542732,17.099132537841797,2086900,0.0,0.0
2024-07-24 00:00:00-04:00,17.099131861366914,17.099131861366914,16.49418803259489,16.54144859313965,1494100,0.0,0.0
2024-07-25 00:00:00-04:00,16.58871058654991,16.58871058654991,16.172812569782973,16.41857147216797,2217700,0.0,0.0
2024-07-26 00:00:00-04:00,16.70213634855425,17.02823853004405,16.67377893164763,16.900632858276367,1697700,0.0,0.0
2024-07-29 00:00:00-04:00,16.881730759895216,17.35434358696619,16.843920868349606,17.30708122253418,1762800,0.0,0.0
2024-07-30 00:00:00-04:00,17.33543700383585,17.401602504916383,17.051870055526525,17.25981903076172,1389500,0.0,0.0
2024-07-31 00:00:00-04:00,17.42995842763248,17.63790738505221,17.23146013852201,17.32598304748535,1232700,0.0,0.0
2024-08-01 00:00:00-04:00,17.23146192941021,17.359067599341763,16.725766387204445,16.89118194580078,1188800,0.0,0.0
2024-08-02 00:00:00-04:00,16.348455943212446,16.52936539844981,16.234196861987144,16.32941246032715,1525500,0.13,0.0
2024-08-05 00:00:00-04:00,15.748600461534657,16.324652187211814,15.672426531442024,16.13898277282715,1371300,0.0,0.0
2024-08-06 00:00:00-04:00,16.224674999959067,16.834051850857946,16.205631519346912,16.67218589782715,1636500,0.0,0.0
2024-08-07 00:00:00-04:00,16.881661923913565,17.06257139171602,16.300850184263496,16.35797882080078,1204800,0.0,0.0
2024-08-08 00:00:00-04:00,16.538886333564992,16.886421706888957,16.458904072563445,16.83405303955078,1512200,0.0,0.0
2024-08-09 00:00:00-04:00,16.795964631949616,16.8340515925896,16.62553038651854,16.68170738220215,825000,0.0,0.0
2024-08-12 00:00:00-04:00,16.748358191595912,17.048286658291506,16.71027122994542,16.93878936767578,1169800,0.0,0.0
2024-08-13 00:00:00-04:00,17.091132715377917,17.414864608644802,17.04828579373712,17.37677764892578,1618000,0.0,0.0
2024-08-14 00:00:00-04:00,17.36725907091582,17.424387704809114,16.986398484816323,17.195871353149414,1265800,0.0,0.0
2024-08-15 00:00:00-04:00,17.662424768074224,18.162306187769083,17.633861360836637,17.909984588623047,2068600,0.0,0.0
2024-08-16 00:00:00-04:00,17.805246216468884,18.252757080341844,17.805246216468884,18.081369400024414,1454300,0.0,0.0
2024-08-19 00:00:00-04:00,18.119456091980688,18.486034888140292,18.114694314216244,18.433666229248047,1091200,0.0,0.0
2024-08-20 00:00:00-04:00,18.43366676055934,18.51936060192821,17.990915852182237,18.071847915649414,1000200,0.0,0.0
2024-08-21 00:00:00-04:00,18.25275678158621,18.51936003728143,18.195628161110843,18.367015838623047,792200,0.0,0.0
2024-08-22 00:00:00-04:00,18.424144208921376,18.424144208921376,17.971871580757934,18.033761978149414,1172800,0.0,0.0
2024-08-23 00:00:00-04:00,18.224191653772067,18.66218258915372,18.100412672779967,18.566967010498047,1519600,0.0,0.0
2024-08-26 00:00:00-04:00,18.652661062387132,18.652661062387132,18.033762518196742,18.081369400024414,1280700,0.0,0.0
2024-08-27 00:00:00-04:00,18.119457600977654,18.433667764412583,18.01472027447059,18.376537322998047,1633700,0.0,0.0
2024-08-28 00:00:00-04:00,18.186107436217412,18.286082981648086,17.814766842196594,17.919504165649414,1541200,0.0,0.0
2024-08-29 00:00:00-04:00,17.976632706704827,18.343211521018983,17.80524683650532,18.128978729248047,1169400,0.0,0.0
2024-08-30 00:00:00-04:00,18.24323554935125,18.395579752245055,18.052804387690923,18.347972869873047,886300,0.0,0.0
2024-09-03 00:00:00-04:00,18.233717585628003,18.44319227005111,18.11946031783952,18.281326293945312,1584100,0.0,0.0
2024-09-04 00:00:00-04:00,18.128981424862605,18.34797602719631,17.857616337169926,18.16706657409668,1049300,0.0,0.0
2024-09-05 00:00:00-04:00,18.243235799817526,18.319407902310214,17.919503910202057,17.929025650024414,1120400,0.0,0.0
2024-09-06 00:00:00-04:00,17.900462530714158,18.019481568328178,17.548167196385034,17.719554901123047,1312200,0.0,0.0
2024-09-09 00:00:00-04:00,17.748116225571962,18.100413334654508,17.671944123079275,17.929025650024414,937200,0.0,0.0
2024-09-10 00:00:00-04:00,17.97663328892273,18.31940867259577,17.8100073752407,18.309886932373047,1241400,0.0,0.0
2024-09-11 00:00:00-04:00,18.195628161110843,18.414622719671506,17.938546644842532,18.367015838623047,1159300,0.0,0.0
2024-09-12 00:00:00-04:00,18.386058781290025,18.452709145832003,18.167064207484607,18.319408416748047,893400,0.0,0.0
2024-09-13 00:00:00-04:00,18.500316668314934,19.00495614833597,18.438426269715446,18.97639274597168,1214500,0.0,0.0
2024-09-16 00:00:00-04:00,18.928784550760973,19.071608830716208,18.524120600450892,18.547924041748047,1313100,0.0,0.0
2024-09-17 00:00:00-04:00,18.624097959478608,18.890701249825682,18.60505629423594,18.757400512695312,909800,0.0,0.0
2024-09-18 00:00:00-04:00,18.73835490061502,19.157302361782655,18.676464501376515,18.83357048034668,1538100,0.0,0.0
2024-09-19 00:00:00-04:00,19.23347452246133,19.33821002601597,18.90022090040205,18.96687126159668,990500,0.0,0.0
2024-09-20 00:00:00-04:00,19.014477472534153,19.257277283844452,18.73835429788868,19.19538688659668,2078300,0.0,0.0
2024-09-23 00:00:00-04:00,19.214429199851494,19.56672445124934,19.071606751552746,19.44294548034668,3020300,0.0,0.0
2024-09-24 00:00:00-04:00,19.376297733806222,19.871417316237242,19.147781422550256,19.690507888793945,2838900,0.0,0.0
2024-09-25 00:00:00-04:00,19.766678430390154,20.05232334286411,19.690506332658032,19.880935668945312,2254900,0.0,0.0
2024-09-26 00:00:00-04:00,20.252277964875322,20.595051525914375,19.91902432779089,20.433185577392578,2597800,0.0,0.0
2024-09-27 00:00:00-04:00,20.604573947510417,20.66646435177995,20.109456161612965,20.61409568786621,2003600,0.0,0.0
2024-09-30 00:00:00-04:00,20.633137066301423,20.89974032084111,20.537921488531097,20.756916046142578,2281300,0.0,0.0
2024-10-01 00:00:00-04:00,20.709310504915997,20.861654712768715,20.395100349209,20.64266014099121,2708700,0.0,0.0
2024-10-02 00:00:00-04:00,20.48079544829071,20.595052703139334,19.96187239096356,20.052326202392578,6350600,0.0,0.0
2024-10-03 00:00:00-04:00,17.795725833236627,18.92878568865246,17.700510246238032,18.50984001159668,11266700,0.0,0.0
2024-10-04 00:00:00-04:00,18.61457488656351,19.166823092975758,18.490795898956545,18.87165641784668,3393700,0.0,0.0
2024-10-07 00:00:00-04:00,18.890698434746348,19.15730168536438,18.52411964617883,18.719310760498047,3265400,0.0,0.0
2024-10-08 00:00:00-04:00,18.64313953596902,18.742163449458605,18.276560730228887,18.347972869873047,2281500,0.0,0.0
2024-10-09 00:00:00-04:00,18.37653681471134,18.42128881097295,17.976632816302025,17.986154556274414,3332800,0.0,0.0
2024-10-10 00:00:00-04:00,17.919504909345786,18.05280564211894,17.824289321899414,17.824289321899414,1919700,0.0,0.0
2024-10-11 00:00:00-04:00,17.77668266710006,18.24323705395191,17.76716092662313,18.224193572998047,2337400,0.0,0.0
2024-10-14 00:00:00-04:00,18.186107352647884,18.37653670267607,18.06232654984768,18.128978729248047,1617400,0.0,0.0
2024-10-15 00:00:00-04:00,18.186109346276627,18.624098533833028,18.11945897565599,18.39558219909668,1761100,0.0,0.0
2024-10-16 00:00:00-04:00,18.328930138215604,18.471752607244195,17.80524714641536,17.843332290649414,2281700,0.0,0.0
2024-10-17 00:00:00-04:00,17.890941430557035,17.921409909910007,17.51007908234293,17.624338150024414,2156400,0.0,0.0
2024-10-18 00:00:00-04:00,17.748116935243228,18.024241952874142,17.614816204572442,17.767160415649414,1764100,0.0,0.0
2024-10-21 00:00:00-04:00,17.748115284608243,17.976631579970906,17.64337978428749,17.75763702392578,1985100,0.0,0.0
2024-10-22 00:00:00-04:00,17.662424801286935,17.729076989168295,17.395823314107208,17.433908462524414,1425900,0.0,0.0
2024-10-23 00:00:00-04:00,17.414863793112076,17.414863793112076,16.905460719199457,16.92926597595215,2234900,0.0,0.0
2024-10-24 00:00:00-04:00,17.034003472595334,17.034003472595334,16.643621188478402,16.65314292907715,1638100,0.0,0.0
2024-10-25 00:00:00-04:00,16.700751889174125,16.843574368181365,16.5293641879309,16.64362144470215,2061300,0.0,0.0
2024-10-28 00:00:00-04:00,16.786442942885213,16.967352374303314,16.71027083745963,16.81500816345215,2800200,0.0,0.0
2024-10-29 00:00:00-04:00,16.78623342833151,16.963687383727255,16.58959476706751,16.68071937561035,2070600,0.13,0.0
2024-10-30 00:00:00-04:00,16.63275694988024,16.94929723109025,16.623164598382484,16.699901580810547,2100500,0.0,0.0
2024-10-31 00:00:00-04:00,16.83419107021771,16.949297460192682,16.38336152105325,16.392953872680664,2761000,0.0,0.0
2024-11-01 00:00:00-04:00,16.354585243163584,16.5752056819676,16.25866538144037,16.488876342773438,2008800,0.0,0.0
2024-11-04 00:00:00-05:00,16.38336426990003,16.532043000739684,16.191520864271723,16.30662727355957,1737600,0.0,0.0
2024-11-05 00:00:00-05:00,16.21070539718626,16.31621945210758,16.0572314061485,16.19152069091797,1798700,0.0,0.0
2024-11-06 00:00:00-05:00,16.3162187369554,16.450508015838867,15.946921390471656,16.335403442382812,2420200,0.0,0.0
2024-11-07 00:00:00-05:00,16.440914394392067,16.661534830673776,16.28744042192466,16.373769760131836,2351000,0.0,0.0
2024-11-08 00:00:00-05:00,16.30662752377257,16.368976905991623,16.181930588888807,16.239482879638672,1628000,0.0,0.0
2024-11-11 00:00:00-05:00,16.364178541574216,16.49367255785399,16.138764658024254,16.277849197387695,1438200,0.0,0.0
2024-11-12 00:00:00-05:00,16.17233657836914,16.38336284253158,16.076414883911976,16.17233657836914,1562700,0.0,0.0
2024-11-13 00:00:00-05:00,16.21070426350974,16.53204166759127,16.21070426350974,16.28744125366211,1566600,0.0,0.0
2024-11-14 00:00:00-05:00,16.306625066134128,16.354584996271722,16.047637052461376,16.076414108276367,1301400,0.0,0.0
2024-11-15 00:00:00-05:00,16.076415124630294,16.095599829719816,15.788650036949987,15.894164085388184,1817000,0.0,0.0
2024-11-18 00:00:00-05:00,15.951717864614546,15.951717864614546,15.491295876683125,15.520072937011719,2501200,0.0,0.0
2024-11-19 00:00:00-05:00,15.366597110000198,15.448129360217907,15.102812910416139,15.337820053100586,1735400,0.0,0.0
2024-11-20 00:00:00-05:00,15.21312231482556,15.328227798828948,15.069240688515594,15.155570030212402,2050100,0.0,0.0
2024-11-21 00:00:00-05:00,15.15556961399762,15.33781972997028,14.982910935345702,15.318635940551758,2010800,0.0,0.0
2024-11-22 00:00:00-05:00,15.433740270692596,15.702320620743574,15.385780343333542,15.654358863830566,2315600,0.0,0.0
2024-11-25 00:00:00-05:00,15.870183874252511,16.786232488288366,15.870183874252511,16.412139892578125,3285700,0.0,0.0
2024-11-26 00:00:00-05:00,16.316216818639433,16.39295380177282,16.07641351765335,16.095598220825195,1893900,0.0,0.0
2024-11-27 00:00:00-05:00,16.23948156495616,16.584798940608536,16.191519801918783,16.22029685974121,1942200,0.0,0.0
2024-11-29 00:00:00-05:00,16.344995929566462,16.843785467903245,16.321014132807797,16.74786376953125,1313500,0.0,0.0
2024-12-02 00:00:00-05:00,16.872559722156556,17.630337171293114,16.81500744451991,17.438495635986328,2940700,0.0,0.0
2024-12-03 00:00:00-05:00,17.515233516795682,17.716667413660264,17.361759548835803,17.64952278137207,2497200,0.0,0.0
2024-12-04 00:00:00-05:00,17.65911620654572,17.779017865650214,17.409720536061872,17.73585319519043,1493300,0.0,0.0
2024-12-05 00:00:00-05:00,17.56319537509748,17.606360047675157,17.078793453551732,17.169918060302734,2293700,0.0,0.0
2024-12-06 00:00:00-05:00,17.380944415536288,17.45768140023727,16.795823763720012,17.04521942138672,1699600,0.0,0.0
2024-12-09 00:00:00-05:00,17.150730640949185,17.237059972444133,16.781435181231142,16.834190368652344,1825000,0.0,0.0
2024-12-10 00:00:00-05:00,16.690310543948076,16.843784520892793,16.52724421475005,16.719087600708008,1312400,0.0,0.0
2024-12-11 00:00:00-05:00,16.795824939440124,16.87735719096235,16.642350959294863,16.767047882080078,1514200,0.0,0.0
2024-12-12 00:00:00-05:00,16.699902842397027,16.73827225128665,16.344994957938617,16.661535263061523,1806300,0.0,0.0
2024-12-13 00:00:00-05:00,16.613573666426735,16.786232349031145,16.565613734394013,16.594388961791992,1312300,0.0,0.0
2024-12-16 00:00:00-05:00,16.556021519424053,16.70949549866693,16.38336283538728,16.412139892578125,1472300,0.0,0.0
2024-12-17 00:00:00-05:00,16.421731408169283,16.46969133815597,16.11478163577069,16.258665084838867,1599600,0.0,0.0
2024-12-18 00:00:00-05:00,16.25866616607688,16.440915375789523,16.08600747935612,16.105192184448242,1726300,0.0,0.0
2024-12-19 00:00:00-05:00,16.28744084062915,16.392954885495737,15.932532956257354,15.970900535583496,1416200,0.0,0.0
2024-12-20 00:00:00-05:00,15.865389501306222,16.747864016595,15.827020089569709,16.68071937561035,2346800,0.0,0.0
2024-12-23 00:00:00-05:00,16.536837986629507,16.99725995698918,16.464898082885092,16.613574981689453,1415900,0.0,0.0
2024-12-24 00:00:00-05:00,16.623165613616983,16.728679656982422,16.449548248878347,16.728679656982422,376500,0.0,0.0
2024-12-26 00:00:00-05:00,16.613572304598826,16.77184336053064,16.613572304598826,16.75745391845703,723400,0.0,0.0
2024-12-27 00:00:00-05:00,16.632757964912344,16.75745488288497,16.407342264843802,16.488876342773438,914400,0.0,0.0
2024-12-30 00:00:00-05:00,16.277849361280946,16.738273144762882,16.124375376638373,16.63275909423828,1445900,0.0,0.0
2024-12-31 00:00:00-05:00,16.709495360046308,16.88215404265072,16.55602138207664,16.594388961791992,997800,0.0,0.0
2025-01-02 00:00:00-05:00,16.767047829418768,16.920521809082004,16.565613917193577,16.709495544433594,1072800,0.0,0.0
2025-01-03 00:00:00-05:00,16.85337711144034,16.997258738166128,16.558899394271922,16.891746520996094,1334700,0.0,0.0
2025-01-06 00:00:00-05:00,17.054811534974185,17.30420718915773,17.03562683167837,17.112363815307617,1525300,0.0,0.0
2025-01-07 00:00:00-05:00,17.208286885289297,17.342576160045013,16.910929448967146,16.949298858642578,1426400,0.0,0.0
2025-01-08 00:00:00-05:00,17.121953670258648,17.179505942199896,16.527240761686617,17.131546020507812,1614100,0.0,0.0
2025-01-10 00:00:00-05:00,16.978075565483422,17.121957189688377,16.767047475732316,16.901338577270508,1624600,0.0,0.0
2025-01-13 00:00:00-05:00,16.834192466827165,16.834192466827165,16.210704195751003,16.709495544433594,1893500,0.0,0.0
2025-01-14 00:00:00-05:00,16.795825781265638,16.93011506323493,16.50326542021461,16.68071937561035,1026500,0.0,0.0
2025-01-15 00:00:00-05:00,17.016441935744645,17.165120640273038,16.907091323661245,16.997257232666016,1357400,0.0,0.0
2025-01-16 00:00:00-05:00,17.11236440327996,17.11236440327996,16.79870199478756,16.853376388549805,1908000,0.0,0.0
2025-01-17 00:00:00-05:00,16.815009239511774,17.02603549974234,16.59438879750469,16.661535263061523,1397800,0.0,0.0
2025-01-21 00:00:00-05:00,16.680718668715016,16.978076108408825,16.31621842043619,16.824602127075195,2577800,0.0,0.0
2025-01-22 00:00:00-05:00,16.88215387282875,16.939706156599907,16.728679896402916,16.901338577270508,1463400,0.0,0.0
2025-01-23 00:00:00-05:00,16.805414876191072,17.112362792359217,16.56561158799047,17.083585739135742,1696700,0.0,0.0
2025-01-24 00:00:00-05:00,17.035628394020392,17.035628394020392,16.56561409749188,16.824602127075195,1889200,0.0,0.0
2025-01-27 00:00:00-05:00,16.94929676032459,17.505640324864142,16.824599853425173,17.496047973632812,2458900,0.0,0.0
2025-01-28 00:00:00-05:00,17.390537901497947,17.74544765969577,17.28022858153825,17.61115837097168,2429900,0.0,0.0
2025-01-29 00:00:00-05:00,17.615952332916127,17.966064973791557,17.323391978738986,17.352169036865234,3465600,0.0,0.0
2025-01-30 00:00:00-05:00,16.306626068304936,18.23464501710396,16.086007448826752,18.0811710357666,6762100,0.0,0.0
2025-01-31 00:00:00-05:00,17.956472512543467,18.867725889270265,17.929614656943,18.253829956054688,5038200,0.0,0.0
2025-02-03 00:00:00-05:00,17.582379742898723,18.138723384573453,17.342576417529372,17.8989200592041,2906800,0.0,0.0
2025-02-04 00:00:00-05:00,18.042799850736408,18.488834136856198,17.927695290833622,18.436077117919922,1646900,0.0,0.0
2025-02-05 00:00:00-05:00,18.407304763793945,18.647108102140983,18.311383062544273,18.407304763793945,1964300,0.0,0.0
2025-02-06 00:00:00-05:00,18.714250916214105,18.885949079785814,18.273011865385843,18.282604217529297,1988300,0.0,0.0
2025-02-07 00:00:00-05:00,18.225051823715894,18.273011754588246,17.41931254409255,17.68789291381836,2089700,0.0,0.0
2025-02-10 00:00:00-05:00,17.64952090107993,17.66870560241958,17.34257299786088,17.467269897460938,1979600,0.0,0.0
2025-02-11 00:00:00-05:00,17.313797353410624,17.409719038353174,17.016441776687287,17.064403533935547,3063700,0.0,0.0
2025-02-12 00:00:00-05:00,16.909800247780744,17.305972563286993,16.842161341673137,16.890474319458008,2219200,0.13,0.0
2025-02-13 00:00:00-05:00,17.035416315868243,17.62001370985561,17.035416315868243,17.605518341064453,1648600,0.0,0.0
2025-02-14 00:00:00-05:00,17.682818530707625,17.731133350367543,17.305972152469863,17.653831481933594,1382300,0.0,0.0
2025-02-18 00:00:00-05:00,17.663494900848956,17.866411619581662,17.354285576126504,17.479902267456055,1668700,0.0,0.0
2025-02-19 00:00:00-05:00,17.34462566211091,17.63933779654032,17.103057069842077,17.605518341064453,1243700,0.0,0.0
2025-02-20 00:00:00-05:00,17.615179235125442,18.194944157019474,17.499227356559764,18.040340423583984,1850600,0.0,0.0
2025-02-21 00:00:00-05:00,18.059666403316946,18.151461794365755,17.62967465326543,17.76978302001953,1586200,0.0,0.0
2025-02-24 00:00:00-05:00,17.769782368884805,18.446175062105294,17.62484160405808,18.272245407104492,2167800,0.0,0.0
2025-02-25 00:00:00-05:00,18.233596706483453,18.233596706483453,16.943619567901955,17.537878036499023,3566800,0.0,0.0
2025-02-26 00:00:00-05:00,17.489564789007627,17.586192585349046,17.006427650322454,17.17069435119629,1897200,0.0,0.0
2025-02-27 00:00:00-05:00,17.05474068509615,17.112716625889785,16.76968969857971,16.900136947631836,2076700,0.0,0.0
2025-02-28 00:00:00-05:00,16.900137591945846,17.378444190038973,16.73587088424964,17.363948822021484,1950000,0.0,0.0
2025-03-03 00:00:00-05:00,17.412262338679277,17.47506883763378,16.57160293452946,16.64890480041504,1453200,0.0,0.0
2025-03-04 00:00:00-05:00,16.42666163495397,16.42666163495397,15.759931911371497,15.991837501525879,1578100,0.0,0.0
2025-03-05 00:00:00-05:00,16.001503372266058,16.20925251342686,15.675869006250586,16.09813117980957,1646100,0.0,0.0
2025-03-06 00:00:00-05:00,15.982178800237918,16.368688175662218,15.861394505228946,15.924201011657715,1083000,0.0,0.0
2025-03-07 00:00:00-05:00,15.933863976421081,16.098130691354168,15.460389761148557,15.924201011657715,1637700,0.0,0.0
2025-03-10 00:00:00-04:00,15.701956920194014,15.93386252431425,15.474881876504197,15.643980979919434,1839200,0.0,0.0
2025-03-11 00:00:00-04:00,15.61499258630012,15.880717650974132,15.276797133216016,15.682631492614746,2031400,0.0,0.0
2025-03-12 00:00:00-04:00,15.885551350382945,16.006335648089276,15.63431978999112,15.808249473571777,1418800,0.0,0.0
2025-03-13 00:00:00-04:00,15.808248273482388,15.895213108670745,14.986914742826766,15.064216613769531,1665000,0.0,0.0
2025-03-14 00:00:00-04:00,15.286457642812163,15.576341010402016,15.127022435695368,15.566678047180176,1309300,0.0,0.0
2025-03-17 00:00:00-04:00,15.595665221647995,16.059478244988874,15.595665221647995,15.88554859161377,1313300,0.0,0.0
2025-03-18 00:00:00-04:00,15.817910934297258,15.88554983969693,15.180169128986584,15.286458969116211,1846600,0.0,0.0
2025-03-19 00:00:00-04:00,15.30578549883813,15.63914947842039,15.286459569958051,15.537691116333008,1536400,0.0,0.0
2025-03-20 00:00:00-04:00,15.518364323648154,15.624655083550058,15.136686464622192,15.267133712768555,2353400,0.0,0.0
2025-03-21 00:00:00-04:00,15.064216970447644,15.590836554658468,14.928938232339291,15.508702278137207,3338600,0.0,0.0
2025-03-24 00:00:00-04:00,15.576342473652414,15.672968428904342,15.315447971219504,15.499040603637695,2177100,0.0,0.0
2025-03-25 00:00:00-04:00,15.624655615333204,15.924200134407632,15.44589446310286,15.547353744506836,1536800,0.0,0.0
2025-03-26 00:00:00-04:00,15.431400776241581,15.557016545393244,15.329941495902903,15.499040603637695,1936400,0.0,0.0
2025-03-27 00:00:00-04:00,15.412074956164844,15.631419451588974,15.276797143445016,15.441062927246094,1680900,0.0,0.0
2025-03-28 00:00:00-04:00,15.3782549749292,15.3782549749292,14.91927432793336,15.160842895507812,2544100,0.0,0.0
2025-03-31 00:00:00-04:00,14.948263807355383,15.305785190843421,14.899949907638407,15.064216613769531,1972800,0.0,0.0
2025-04-01 00:00:00-04:00,15.122190265661308,15.885547738239511,15.122190265661308,15.827569961547852,2599900,0.0,0.0
2025-04-02 00:00:00-04:00,15.65364534650333,16.359025185954884,15.528028647793173,16.165769577026367,2471000,0.0,0.0
2025-04-03 00:00:00-04:00,15.238146738479346,15.402412527997148,13.750083374686268,13.953001022338867,4566800,0.0,0.0
2025-04-04 00:00:00-04:00,13.52783963386597,14.194568467498835,13.049533985964164,13.421549797058105,4279600,0.0,0.0
2025-04-07 00:00:00-04:00,12.803134900552255,13.624468451456238,12.387636642858356,13.044703483581543,6423800,0.0,0.0
2025-04-08 00:00:00-04:00,15.180168543125433,15.180168543125433,11.914161459203848,12.001126289367676,15071100,0.0,0.0
2025-04-09 00:00:00-04:00,12.059102764013312,14.600404271443225,11.759558248491754,14.426475524902344,7820500,0.0,0.0
2025-04-10 00:00:00-04:00,14.397485438594225,14.416811365224422,13.547164940105379,14.030302047729492,5512700,0.0,0.0
2025-04-11 00:00:00-04:00,13.895024499977701,14.590742251767493,13.624467954869274,14.53276538848877,3760700,0.0,0.0
2025-04-14 00:00:00-04:00,14.832311692651789,14.957926547658637,14.146256864907073,14.455464363098145,3501700,0.0,0.0
2025-04-15 00:00:00-04:00,14.37816153022286,14.62939306651364,13.808059552298007,13.866036415100098,2146500,0.0,0.0
2025-04-16 00:00:00-04:00,13.76940921598169,14.03996577062351,13.363573923263454,13.634130477905273,2153100,0.0,0.0
2025-04-17 00:00:00-04:00,13.70176986398806,14.25254591990776,13.688242082769596,14.15591812133789,3609200,0.0,0.0
2025-04-21 00:00:00-04:00,14.078615968806035,14.556921626963659,14.031268735490737,14.513440132141113,2871800,0.0,0.0
2025-04-22 00:00:00-04:00,14.62939366728055,15.102867867149143,14.523102901363632,14.948264122009277,2509000,0.0,0.0
2025-04-23 00:00:00-04:00,15.383086456862005,15.750269868645532,15.122191961556338,15.160842895507812,2304600,0.0,0.0
2025-04-24 00:00:00-04:00,15.297251427561632,15.774682279657217,15.18032987068412,15.550581932067871,1958200,0.13,0.0
2025-04-25 00:00:00-04:00,15.462891343039113,15.745452019280787,15.311867773636664,15.66750431060791,1593300,0.0,0.0
2025-04-28 00:00:00-04:00,15.638272491768557,15.706478359785777,15.37519921960029,15.472634315490723,3361200,0.0,0.0
2025-04-29 00:00:00-04:00,15.472634444118242,15.584684154876777,15.336225494579622,15.365456581115723,1611700,0.0,0.0
2025-04-30 00:00:00-04:00,15.51160803116138,15.628530516882385,14.926999319396078,15.599299430847168,2125400,0.0,0.0
2025-05-01 00:00:00-04:00,15.638272576547182,15.774682454901251,15.384942998436589,15.404430389404297,1798400,0.0,0.0
2025-05-02 00:00:00-04:00,15.716219815478576,15.930577392920606,15.589555494788149,15.794167518615723,2035000,0.0,0.0
2025-05-05 00:00:00-04:00,15.696735189430239,16.198523441184584,15.623658400462933,15.87211799621582,1459300,0.0,0.0
2025-05-06 00:00:00-04:00,15.686991605311551,15.86724533204844,15.560326347199423,15.755195617675781,1425200,0.0,0.0
2025-05-07 00:00:00-04:00,15.872115791419873,16.183906578652287,15.774680705804823,16.125444412231445,1960900,0.0,0.0
2025-05-08 00:00:00-04:00,16.43723845167167,16.826976968759887,16.4177510612123,16.63210678100586,2189700,0.0,0.0
2025-05-09 00:00:00-04:00,16.622364813728762,16.846466110467958,16.495700479415333,16.768516540527344,1525200,0.0,0.0
2025-05-12 00:00:00-04:00,17.586964920808246,18.083882179205297,17.187482746916046,17.2849178314209,3068700,0.0,0.0
2025-05-13 00:00:00-04:00,17.343379974365234,17.450558764506255,17.05107654833318,17.343379974365234,2040400,0.0,0.0
2025-05-14 00:00:00-04:00,17.23620433420604,17.372612362119824,16.992617508119995,17.08030891418457,1869800,0.0,0.0
2025-05-15 00:00:00-04:00,16.97313012708136,17.177742169085477,16.87374740073936,17.060821533203125,1424300,0.0,0.0
2025-05-16 00:00:00-04:00,17.051077651972886,17.31415186748126,17.051077651972886,17.216716766357422,1101800,0.0,0.0
2025-05-19 00:00:00-04:00,16.924412476053256,17.372611317047998,16.924412476053256,17.129024505615234,2070500,0.0,0.0
2025-05-20 00:00:00-04:00,17.255688555680543,17.67465816203509,17.206971937536004,17.382354736328125,1997500,0.0,0.0
2025-05-21 00:00:00-04:00,17.314153242929606,17.382357261608472,16.84646695048582,16.875696182250977,1822000,0.0,0.0
2025-05-22 00:00:00-04:00,16.846467172926786,17.543123843216847,16.72954466906193,17.470048904418945,2273300,0.0,0.0
2025-05-23 00:00:00-04:00,17.051074743661047,17.333636302883157,16.89517935182115,17.2849178314209,1972300,0.0,0.0
2025-05-27 00:00:00-04:00,17.57722526511605,17.937732706553767,17.450559082022878,17.918245315551758,1448200,0.0,0.0
2025-05-28 00:00:00-04:00,18.04491095077454,18.054654645979713,17.499275169803937,17.577224731445312,3219900,0.0,0.0
2025-05-29 00:00:00-04:00,17.353121833048395,17.556760026027543,17.148509828165903,17.2849178314209,2335800,0.0,0.0
2025-05-30 00:00:00-04:00,17.060819796958175,17.21671520121615,16.865949612425798,16.904924392700195,2181400,0.0,0.0
2025-06-02 00:00:00-04:00,16.904924662555413,16.948770361854123,16.463544375159106,16.651594161987305,2393400,0.0,0.0
2025-06-03 00:00:00-04:00,16.632107739980942,16.8123614660736,16.378777224662095,16.622364044189453,2089600,0.0,0.0
2025-06-04 00:00:00-04:00,16.65159532723952,16.666209941888514,16.369033721225776,16.44698143005371,2327300,0.0,0.0
2025-06-05 00:00:00-04:00,16.33980409177185,17.060820845377783,16.33980409177185,16.836721420288086,2969100,0.0,0.0
2025-06-06 00:00:00-04:00,16.914667993549664,17.090050786967915,16.84646398686919,17.00235939025879,1550400,0.0,0.0
2025-06-09 00:00:00-04:00,17.109537193650315,17.23620337689513,16.700311274217658,17.07056427001953,2103500,0.0,0.0
2025-06-10 00:00:00-04:00,17.18748387644406,17.377481281583968,17.002359247980436,17.09979248046875,1567100,0.0,0.0
2025-06-11 00:00:00-04:00,17.21671521055153,17.30440660779667,16.84159131309618,16.88543701171875,1289800,0.0,0.0
2025-06-12 00:00:00-04:00,16.7880031344406,16.7880031344406,16.544416315223227,16.661338806152344,981300,0.0,0.0
2025-06-13 00:00:00-04:00,16.398263074762095,16.598004173661504,16.07672857754793,16.29108428955078,2357100,0.0,0.0
2025-06-16 00:00:00-04:00,16.57364596303668,17.197227571376846,16.515185651859735,17.09979248046875,3318500,0.0,0.0
2025-06-17 00:00:00-04:00,16.963387470818663,17.245949098624404,16.875696059321715,16.992618560791016,2233700,0.0,0.0
2025-06-18 00:00:00-04:00,17.03159223443967,17.270308166945064,16.992619304524215,17.15825843811035,2863100,0.0,0.0
2025-06-20 00:00:00-04:00,17.29466456905307,17.411587062717658,17.109538061759128,17.138769149780273,4546500,0.0,0.0
2025-06-23 00:00:00-04:00,17.129024988816987,17.55773830939002,16.841592468881192,17.54799461364746,2486500,0.0,0.0
2025-06-24 00:00:00-04:00,17.820812804836628,18.171576565091705,17.640557218339744,18.14234733581543,2553800,0.0,0.0
2025-06-25 00:00:00-04:00,18.093628483625853,18.14234696211608,17.505122644087407,17.606454849243164,1875900,0.0,0.0
2025-06-26 00:00:00-04:00,17.7526063867988,17.791581169193442,17.499275876493364,17.76235008239746,1803900,0.0,0.0
2025-06-27 00:00:00-04:00,17.957219979125682,18.113115389273826,17.762349787230562,18.054655075073242,1997100,0.0,0.0
2025-06-30 00:00:00-04:00,17.889015989133345,18.117986327678693,17.811068283973672,18.01568031311035,1818600,0.0,0.0
2025-07-01 00:00:00-04:00,17.850042686223013,18.619777964564875,17.850042686223013,18.385934829711914,2008000,0.0,0.0
2025-07-02 00:00:00-04:00,18.395674350995964,18.78541471842462,18.191062330673745,18.736696243286133,2184000,0.0,0.0
2025-07-03 00:00:00-04:00,18.71721092365842,18.842903302525464,18.483367792386257,18.61977767944336,1592800,0.0,0.0
2025-07-07 00:00:00-04:00,18.619775286567265,19.223869500114947,18.580800507153985,19.048486709594727,2549700,0.0,0.0
2025-07-08 00:00:00-04:00,19.029002194519173,19.16541021291075,18.736696908568817,19.019258499145508,2047200,0.0,0.0
2025-07-09 00:00:00-04:00,18.99976929929614,19.13617730469935,18.756182513407726,18.902334213256836,2829900,0.0,0.0
2025-07-10 00:00:00-04:00,19.11181962157503,19.574634901552535,18.921822219727996,19.22386932373047,8242700,0.0,0.0
2025-07-11 00:00:00-04:00,21.192052643341807,21.62076595280606,20.422317425404167,21.38692283630371,16554500,0.0,0.0
2025-07-14 00:00:00-04:00,21.67435600715215,21.776662025275755,20.495394834919367,20.821802139282227,4808700,0.0,0.0
2025-07-15 00:00:00-04:00,20.79257013359568,21.0459006375845,20.5782144110297,20.75359535217285,4667000,0.0,0.0
2025-07-16 00:00:00-04:00,20.880262872046004,21.192053709738637,20.160219907348832,20.43206214904785,4109000,0.0,0.0
2025-07-17 00:00:00-04:00,20.42231930434464,20.62206229263874,20.28104035278988,20.51975440979004,2208300,0.0,0.0
2025-07-18 00:00:00-04:00,20.66590729507223,20.74385687052613,20.315143497630523,20.37360382080078,2443000,0.0,0.0
2025-07-21 00:00:00-04:00,20.480779939135058,20.510009167671782,20.13975802498723,20.207962036132812,2173800,0.0,0.0
2025-07-22 00:00:00-04:00,20.26642120000813,20.48077877533637,20.14462779890611,20.412574768066406,1964400,0.0,0.0
2025-07-23 00:00:00-04:00,20.617186626970305,20.890004512314302,20.47103491848666,20.548982620239258,3530100,0.0,0.0
2025-07-24 00:00:00-04:00,20.548982705614804,20.568598450323652,20.043839394876464,20.166446685791016,2625000,0.14,0.0
2025-07-25 00:00:00-04:00,20.19587710469941,20.19587710469941,19.86238505776608,20.058557510375977,1755500,0.0,0.0
2025-07-28 00:00:00-04:00,20.2449156945874,20.293959734467773,19.950658938660496,20.254724502563477,2058200,0.0,0.0
2025-07-29 00:00:00-04:00,20.274342123723983,20.274342123723983,19.74467771791289,20.11740493774414,2914000,0.0,0.0
2025-07-30 00:00:00-04:00,19.970280170588037,20.137026194695977,19.273869644899857,19.37195587158203,2553500,0.0,0.0
2025-07-31 00:00:00-04:00,19.32291153082219,19.362144894600117,18.999228328588714,19.31310272216797,2179600,0.0,0.0
2025-08-01 00:00:00-04:00,18.73439596720105,18.969801760623305,18.449946130874814,18.871715545654297,2834000,0.0,0.0
2025-08-04 00:00:00-04:00,19.180688343290896,19.587743649577128,19.146358445321184,19.558319091796875,3385600,0.0,0.0
2025-08-05 00:00:00-04:00,19.519083426755362,19.87219307910891,19.44061482299225,19.60736083984375,2244500,0.0,0.0
2025-08-06 00:00:00-04:00,19.715255691697855,20.009512485414916,19.479849882556394,19.98989486694336,3045200,0.0,0.0
2025-08-07 00:00:00-04:00,20.195875028918874,20.28415243643605,19.5190821949002,19.754487991333008,2139800,0.0,0.0
2025-08-08 00:00:00-04:00,19.813341550926175,19.94575579609029,19.607360302419384,19.626977920532227,1697800,0.0,0.0
2025-08-11 00:00:00-04:00,19.725063161498007,19.94085133751476,19.43080451692359,19.832956314086914,1682400,0.0,0.0
2025-08-12 00:00:00-04:00,19.97027670919287,20.235107043241477,19.870227989565784,20.146831512451172,1521300,0.0,0.0
2025-08-13 00:00:00-04:00,20.23510769969619,20.62254721154444,20.058554761549114,20.568599700927734,2869000,0.0,0.0
2025-08-14 00:00:00-04:00,20.166446833617734,20.39008316248704,20.004606181260346,20.333192825317383,1647400,0.0,0.0
2025-08-15 00:00:00-04:00,20.303769494307037,20.832451734382484,20.303769494307037,20.7353458404541,2146400,0.0,0.0
2025-08-18 00:00:00-04:00,20.696111413763376,20.862857406925425,20.539174228533074,20.63726043701172,2585600,0.0,0.0
2025-08-19 00:00:00-04:00,20.71572953862364,20.941326514080387,20.382237544105465,20.480321884155273,1154800,0.0,0.0
2025-08-20 00:00:00-04:00,20.47051590721759,20.77458149148307,20.343003265828262,20.411663055419922,1847600,0.0,0.0
2025-08-21 00:00:00-04:00,20.39204704738292,20.499940199283245,20.27434321613656,20.352811813354492,1104600,0.0,0.0
2025-08-22 00:00:00-04:00,20.362620608320807,21.13749777147772,20.362620608320807,20.90209197998047,1297600,0.0,0.0
2025-08-25 00:00:00-04:00,20.75496414740149,21.31405315096561,20.715730783192264,21.01979637145996,1457100,0.0,0.0
2025-08-26 00:00:00-04:00,21.0590302327525,21.686780912468585,21.04922142375892,21.54945945739746,2300700,0.0,0.0
2025-08-27 00:00:00-04:00,21.578885478346,21.93199511211468,21.549459051918944,21.735822677612305,1484000,0.0,0.0
2025-08-28 00:00:00-04:00,21.82409927261127,21.931994294649936,21.706395442129185,21.833908081054688,1497700,0.0,0.0
2025-08-29 00:00:00-04:00,21.853525573865,22.177208767304325,21.80644404193948,21.941802978515625,2831800,0.0,0.0
2025-09-02 00:00:00-04:00,21.72601343898132,22.39299745808717,21.513168091637375,22.19682502746582,2938800,0.0,0.0
2025-09-03 00:00:00-04:00,22.118354682687148,22.353762329178085,21.89275771487537,22.088930130004883,1991800,0.0,0.0
2025-09-04 00:00:00-04:00,22.03007739718119,22.17720764471055,21.79467162030856,22.11835479736328,2463200,0.0,0.0
2025-09-05 00:00:00-04:00,22.02027278329897,22.265487393933306,21.57888573582156,21.794673919677734,1571600,0.0,0.0
2025-09-08 00:00:00-04:00,21.902570460653937,21.902570460653937,21.415084035458086,21.706398010253906,1657600,0.0,0.0
2025-09-09 00:00:00-04:00,21.686779706609443,21.686779706609443,21.15711527544131,21.28462791442871,1874900,0.0,0.0
2025-09-10 00:00:00-04:00,21.176733537810737,21.31405311859294,21.04922089493671,21.294435501098633,1770900,0.0,0.0
2025-09-11 00:00:00-04:00,21.36309945161552,21.65735626220703,21.358194111296797,21.65735626220703,1391700,0.0,0.0
2025-09-12 00:00:00-04:00,21.44156794479007,21.613217438246316,21.284630730533166,21.490610122680664,1928800,0.0,0.0
2025-09-15 00:00:00-04:00,21.686781161376018,22.221349097208027,21.632833646711653,22.1575927734375,2323000,0.0,0.0
2025-09-16 00:00:00-04:00,22.039886625081998,22.22625023688888,21.912375861743932,22.069313049316406,2229000,0.0,0.0
2025-09-17 00:00:00-04:00,22.147781935894987,22.49108273981276,21.96141832162439,22.265485763549805,2226500,0.0,0.0
2025-09-18 00:00:00-04:00,22.373378513534664,22.682349418639657,22.245867750782754,22.589168548583984,2213700,0.0,0.0
2025-09-19 00:00:00-04:00,22.598978848682,22.677447447288298,22.21644279349219,22.22625160217285,3584900,0.0,0.0
2025-09-22 00:00:00-04:00,22.34395650963499,22.883427917132252,22.191922774034573,22.461658477783203,4510400,0.0,0.0
2025-09-23 00:00:00-04:00,22.67744812491932,22.942278483854697,22.559744288073247,22.648021697998047,1955900,0.0,0.0
2025-09-24 00:00:00-04:00,22.85399967931815,22.961894700606425,22.6774467410813,22.765722274780273,3187600,0.0,0.0
2025-09-25 00:00:00-04:00,23.035461235498843,23.148259732447407,22.3537649139007,22.373380661010742,2554600,0.0,0.0
2025-09-26 00:00:00-04:00,22.510701172807636,22.697062922999667,22.26548657123387,22.579360961914062,2840500,0.0,0.0
2025-09-29 00:00:00-04:00,22.755917001238405,22.873618968669764,22.402807357266248,22.844194412231445,1434800,0.0,0.0
2025-09-30 00:00:00-04:00,22.83438434528742,22.981512731891446,22.608785490266378,22.854000091552734,2018800,0.0,0.0
2025-10-01 00:00:00-04:00,23.020746614760185,23.9525628690118,22.829479520774814,23.932945251464844,3701500,0.0,0.0
2025-10-02 00:00:00-04:00,24.089882990984695,24.134021696036775,23.42289894612613,23.913328170776367,2451100,0.0,0.0
2025-10-03 00:00:00-04:00,24.099690868557534,24.344905471405436,23.92313605517281,23.98198890686035,2061900,0.0,0.0
2025-10-06 00:00:00-04:00,24.08007253623977,24.18796755695723,23.815242194866112,23.834857940673828,2713300,0.0,0.0
2025-10-07 00:00:00-04:00,23.991795271819797,24.163446612218436,23.60926109917873,24.001604080200195,3619300,0.0,0.0
2025-10-08 00:00:00-04:00,23.962370323888432,24.295862319988146,23.92313509101135,24.18796730041504,2947800,0.0,0.0
2025-10-09 00:00:00-04:00,23.962371697873085,24.27624609553158,23.717157090847515,24.070266723632812,6805800,0.0,0.0
2025-10-10 00:00:00-04:00,21.863335332846223,22.26548714003356,20.70592208451623,21.04922103881836,15927900,0.0,0.0
2025-10-13 00:00:00-04:00,21.333669508039257,21.490606697281862,20.656876710156233,20.754962921142578,6486100,0.0,0.0
2025-10-14 00:00:00-04:00,20.3724284842796,21.157114420018335,20.281208253154777,20.97075080871582,3917200,0.0,0.0
2025-10-15 00:00:00-04:00,21.15711595245073,21.578885375024075,20.70592197443021,21.01979637145996,3467300,0.0,0.0
2025-10-16 00:00:00-04:00,20.843240323946404,20.986445555901252,20.37242875621859,20.754962921142578,3120000,0.0,0.0
2025-10-17 00:00:00-04:00,20.61764267373194,20.843239642032625,20.32338405039996,20.47051429748535,4266900,0.0,0.0
2025-10-20 00:00:00-04:00,20.63838829293094,20.687763558588486,20.144646937198267,20.312519073486328,3082100,0.14,0.0
2025-10-21 00:00:00-04:00,20.41126605039611,21.26050171544678,20.41126605039611,20.94450569152832,4047200,0.0,0.0
2025-10-22 00:00:00-04:00,20.816134751321208,21.09263057887198,20.608764293263427,20.984006881713867,2891200,0.0,0.0
2025-10-23 00:00:00-04:00,20.90500766630044,21.25062696868419,20.865507456440046,21.072879791259766,1882500,0.0,0.0
2025-10-24 00:00:00-04:00,21.14200379313494,21.151878845842027,20.440892002194985,20.5100154876709,2416300,0.0,0.0
2025-10-27 00:00:00-04:00,20.697635360275484,21.216065256309196,20.608763654913304,21.151878356933594,3046000,0.0,0.0
2025-10-28 00:00:00-04:00,20.845759205764427,21.211126729092577,20.826009100861913,20.993881225585938,1721900,0.0,0.0
2025-10-29 00:00:00-04:00,20.924757153049505,21.013630739136122,20.011334603486755,20.15452003479004,3558200,0.0,0.0
2025-10-30 00:00:00-04:00,20.223644443096923,20.23845796377247,19.917525345592097,20.03602409362793,2068400,0.0,0.0
2025-10-31 00:00:00-04:00,19.99652459083,20.110084874835145,19.70028053546647,20.02614974975586,2206200,0.0,0.0
2025-11-03 00:00:00-05:00,19.828652110426315,20.026149399530603,19.196663798850572,19.739778518676758,3269200,0.0,0.0
2025-11-04 00:00:00-05:00,19.443533316283776,19.443533316283776,19.078163918134504,19.226285934448242,2807000,0.0,0.0
2025-11-05 00:00:00-05:00,19.255913443080306,20.001462083558256,19.226288282809595,19.907651901245117,1827800,0.0,0.0
2025-11-06 00:00:00-05:00,19.794090857697892,19.957024524292486,19.540307833153193,19.75952911376953,1692400,0.0,0.0
2025-11-07 00:00:00-05:00,19.749652950184934,20.134770580001966,19.650904308739275,19.986648559570312,1621100,0.0,0.0
2025-11-10 00:00:00-05:00,20.28289503292457,21.023507038603388,20.273019980165337,20.82600975036621,3115900,0.0,0.0
2025-11-11 00:00:00-05:00,20.974132828726365,21.270378775968048,20.648263605192188,21.102506637573242,2092600,0.0,0.0
2025-11-12 00:00:00-05:00,21.2210024406774,21.665370397417863,21.2210024406774,21.48762321472168,2083300,0.0,0.0
2025-11-13 00:00:00-05:00,21.48762269567582,21.57155781688056,21.201251823033036,21.388874053955078,1734900,0.0,0.0
2025-11-14 00:00:00-05:00,21.033380315627305,21.364187992597998,20.97413188224216,21.142004013061523,2032000,0.0,0.0
2025-11-17 00:00:00-05:00,21.02350729769218,21.03239352685339,20.03602461128425,20.213769912719727,3006200,0.0,0.0
2025-11-18 00:00:00-05:00,20.055772562095136,20.31251828310271,19.94221228071224,20.085397720336914,1601600,0.0,0.0
2025-11-19 00:00:00-05:00,20.055772479735126,20.184146281448605,19.700279999662257,19.84840202331543,1875500,0.0,0.0
2025-11-20 00:00:00-05:00,20.03602351190896,20.213768803591567,19.63115389990103,19.779277801513672,1495400,0.0,0.0
2025-11-21 00:00:00-05:00,19.90765114520286,20.53963947251921,19.897776092154317,20.500141143798828,2209600,0.0,0.0
2025-11-24 00:00:00-05:00,20.470514787635935,20.53963827145993,20.184145799868865,20.490264892578125,2347900,0.0,0.0
2025-11-25 00:00:00-05:00,20.668011276960176,21.56662029913465,20.54951253532818,21.428373336791992,2809900,0.0,0.0
2025-11-26 00:00:00-05:00,21.369124006421803,21.862865332880524,21.211126932632908,21.546871185302734,2034600,0.0,0.0
2025-11-28 00:00:00-05:00,21.59624677453047,21.85299061071368,21.428374645657627,21.754243850708008,1004900,0.0,0.0
2025-12-01 00:00:00-05:00,21.65549577044033,22.455356224825923,21.650557302227377,22.010990142822266,2424000,0.0,0.0
2025-12-02 00:00:00-05:00,22.060363199978973,22.218360277944235,21.586371966083195,21.803617477416992,1977900,0.0,0.0
2025-12-03 00:00:00-05:00,21.862866981992628,22.307234962713547,21.66537156659631,22.15911293029785,2357900,0.0,0.0
2025-12-04 00:00:00-05:00,22.060363005910826,22.173923286982244,21.85299066573462,21.912240982055664,1479200,0.0,0.0
2025-12-05 00:00:00-05:00,21.922116062075915,22.186761071495486,21.803617312759982,21.991239547729492,1675700,0.0,0.0
2025-12-08 00:00:00-05:00,21.803618288515484,21.803618288515484,21.22594180386666,21.369125366210938,1780900,0.0,0.0
2025-12-09 00:00:00-05:00,21.34937553905587,21.69993142477271,21.270377003070756,21.49749755859375,1208200,0.0,0.0
2025-12-10 00:00:00-05:00,21.487624120829924,21.566622662751314,21.171629953144365,21.369125366210938,1976400,0.0,0.0
2025-12-11 00:00:00-05:00,21.408623910606522,21.64561951790242,21.18446417631066,21.339500427246094,1699700,0.0,0.0
2025-12-12 00:00:00-05:00,21.56662117345678,22.060362497238348,21.142003333648844,21.230876922607422,1892900,0.0,0.0
2025-12-15 00:00:00-05:00,21.20125100076834,21.97148811614901,21.132127519286797,21.665369033813477,2249700,0.0,0.0
2025-12-16 00:00:00-05:00,21.843116670177064,22.336857986665507,21.73449297783804,22.267732620239258,2204400,0.0,0.0
2025-12-17 00:00:00-05:00,21.922115395816363,22.1541725358187,21.462935816817367,21.49749755859375,1652200,0.0,0.0
2025-12-18 00:00:00-05:00,21.862865856867362,22.06036314557374,21.566621807281532,21.645620346069336,1726500,0.0,0.0
2025-12-19 00:00:00-05:00,21.527121270891744,21.69499339871362,21.187427370889342,21.438247680664062,1835700,0.0,0.0
2025-12-22 00:00:00-05:00,21.280252370556493,21.32962763781934,20.875384596370466,20.964258193969727,1969500,0.0,0.0
2025-12-23 00:00:00-05:00,21.08275444722879,21.378998481715694,20.63344992762193,20.707509994506836,2270100,0.0,0.0
2025-12-24 00:00:00-05:00,20.85563613070734,21.02350827050351,20.7371373741267,20.914884567260742,793300,0.0,0.0
2025-12-26 00:00:00-05:00,20.835885292467832,20.949445576655428,20.677888211556933,20.845760345458984,1040800,0.0,0.0
2025-12-29 00:00:00-05:00,20.737136159006855,20.87538313068864,20.682824310567945,20.82600975036621,1675400,0.0,0.0
2025-12-30 00:00:00-05:00,20.835885512685188,21.013632701457027,20.648263270817825,20.81613540649414,1438200,0.0,0.0
2025-12-31 00:00:00-05:00,20.77663648266768,20.826009863257745,20.426078699972738,20.480390548706055,1418600,0.0,0.0
2026-01-02 00:00:00-05:00,20.55938720703125,20.677885946470784,20.292766455897475,20.55938720703125,1282300,0.0,0.0
2026-01-05 00:00:00-05:00,20.569264297481745,21.072880693932515,20.569264297481745,20.954381942749023,2275900,0.0,0.0
2026-01-06 00:00:00-05:00,20.826010363106526,21.477748796601354,20.75688687523189,21.240753173828125,2167700,0.0,0.0
2026-01-07 00:00:00-05:00,21.181503235182298,21.43824706235328,21.00375605985343,21.02350616455078,2008500,0.0,0.0
2026-01-08 00:00:00-05:00,20.934632811666493,21.852990088708875,20.786508908248802,21.655494689941406,1610300,0.0,0.0
2026-01-09 00:00:00-05:00,21.823366256849738,21.848052945630304,21.003755758409106,21.477746963500977,1742800,0.0,0.0
2026-01-12 00:00:00-05:00,21.181504934894956,21.39875045357778,20.944507426456134,21.132129669189453,1598700,0.0,0.0
2026-01-13 00:00:00-05:00,21.142003551550772,21.302963330237034,21.097566756613492,21.201251983642578,1269500,0.0,0.0
2026-01-14 00:00:00-05:00,21.053130665774873,21.467873471235535,20.944506967079015,21.191377639770508,2174000,0.0,0.0
2026-01-15 00:00:00-05:00,21.250626413161992,21.492558600074588,21.17162787898001,21.477746963500977,1482500,0.0,0.0
2026-01-16 00:00:00-05:00,21.4777481619637,21.81349242184011,21.403686208015714,21.48762321472168,1703400,0.0,0.0
2026-01-20 00:00:00-05:00,21.08275516881739,21.280250570743686,20.524826938515044,20.697635650634766,1787000,0.0,0.0
2026-01-21 00:00:00-05:00,20.845760564938598,21.611059286809727,20.845760564938598,21.556747436523438,2037100,0.0,0.0
2026-01-22 00:00:00-05:00,21.724618499282112,22.010989374476388,21.27037738018268,21.280250549316406,2172700,0.0,0.0
2026-01-23 00:00:00-05:00,21.082754321444654,21.23087633780438,20.71738492318195,20.974130630493164,2057200,0.0,0.0
2026-01-26 00:00:00-05:00,20.93463491708588,21.082756951926694,20.697637401171942,20.964258193969727,1757300,0.0,0.0
2026-01-27 00:00:00-05:00,21.112378800967672,21.280250931360335,20.845759909675348,20.984006881713867,2323800,0.0,0.0
2026-01-28 00:00:00-05:00,20.914883599475708,21.033380467099356,20.016274505522393,20.213769912719727,4019200,0.0,0.0
2026-01-29 00:00:00-05:00,18.920167049687308,20.312517408013328,18.860918619229977,20.282894134521484,5769200,0.0,0.0
2026-01-30 00:00:00-05:00,20.194021728468762,20.490265781559643,19.453409712267813,19.631155014038086,3518300,0.0,0.0
2026-02-02 00:00:00-05:00,19.55215546156252,19.78915295192785,19.265786476204376,19.433658599853516,4318000,0.0,0.0
2026-02-03 00:00:00-05:00,19.354659478396375,19.759527196682654,18.949791760110095,19.176912307739258,3585600,0.0,0.0
2026-02-04 00:00:00-05:00,19.64102952249095,20.129834268362426,19.42378401514457,20.03602409362793,4176700,0.0,0.0
2026-02-05 00:00:00-05:00,19.92739929226979,20.1594583074127,19.55215484721004,19.68052864074707,2365800,0.0,0.0
2026-02-06 00:00:00-05:00,19.779278912241043,20.470515663531398,19.779278912241043,20.292768478393555,3481300,0.0,0.0
2026-02-09 00:00:00-05:00,20.4310152860304,21.132127019887065,20.233518014915912,21.063003540039062,2960800,0.0,0.0
2026-02-10 00:00:00-05:00,21.122645175579283,22.191203278122675,21.092824288095198,21.768749237060547,3225900,0.14,0.0
2026-02-11 00:00:00-05:00,21.868151712554425,22.2309640020935,21.828390526672926,21.927791595458984,3065700,0.0,0.0
2026-02-12 00:00:00-05:00,22.225993564404924,22.454614682742196,21.43078695430656,21.629589080810547,2186800,0.0,0.0
2026-02-13 00:00:00-05:00,21.659410575623316,22.066953240053113,21.53018862099866,21.778690338134766,2323400,0.0,0.0
2026-02-17 00:00:00-05:00,21.868150396930346,22.086831218369323,21.351266387073593,21.699169158935547,1881000,0.0,0.0
2026-02-18 00:00:00-05:00,21.50036833248117,22.21605451119504,21.48048963545288,22.116653442382812,2103300,0.0,0.0
2026-02-19 00:00:00-05:00,21.927791601231355,22.131562939133453,21.73893165599759,22.116653442382812,1911000,0.0,0.0
2026-02-20 00:00:00-05:00,22.047072390540663,23.011258359253695,22.047072390540663,22.742876052856445,2579400,0.0,0.0
2026-02-23 00:00:00-05:00,22.56395604191115,22.69317609699643,21.410908258390233,21.629589080810547,2879600,0.0,0.0
2026-02-24 00:00:00-05:00,21.828389134031493,22.076890842183495,21.69916907999618,21.957611083984375,1854200,0.0,0.0
2026-02-25 00:00:00-05:00,21.987432171374053,22.10174273065303,21.728990165036443,22.00731086730957,1738200,0.0,0.0
2026-02-26 00:00:00-05:00,22.10671324585383,22.48443692986443,22.096772949335897,22.424795150756836,1551200,0.0,0.0
2026-02-27 00:00:00-05:00,22.156415030032367,22.166353430767874,21.798571934186736,22.027193069458008,1615400,0.0,0.0
2026-03-02 00:00:00-05:00,21.540129716210302,21.758810552871534,21.162407926355858,21.41090965270996,2385300,0.0,0.0
2026-03-03 00:00:00-05:00,20.874144195553463,20.948695468904635,20.27773969649698,20.645523071289062,3649800,0.0,0.0
2026-03-04 00:00:00-05:00,20.695222049423236,20.889053079351648,20.43181084423002,20.68528175354004,2453000,0.0,0.0
2026-03-05 00:00:00-05:00,20.416902638608054,20.849295109305473,19.850317112965932,20.15846061706543,2306300,0.0,0.0
2026-03-06 00:00:00-05:00,19.85031587700206,20.039177707123436,19.313553170232858,19.482534408569336,2448700,0.0,0.0
2026-03-09 00:00:00-04:00,19.055112744919217,19.243974590701885,18.0312849341074,18.746971130371094,3414200,0.0,0.0
2026-03-10 00:00:00-04:00,18.737029023518534,19.293672314456188,18.647568257628144,18.67738914489746,2525000,0.0,0.0
2026-03-11 00:00:00-04:00,18.677390957497934,18.82649161647929,18.05613663181082,18.180387496948242,2360200,0.0,0.0
2026-03-12 00:00:00-04:00,17.892124282073272,18.18535639475507,17.704257796147953,18.01140594482422,1926900,0.0,0.0
2026-03-13 00:00:00-04:00,18.180387494787393,18.49846940615455,17.782783209660703,17.802663803100586,2113800,0.0,0.0
2026-03-16 00:00:00-04:00,18.1207451184789,18.85630998830226,17.991525057205177,18.409008026123047,2877100,0.0,0.0
2026-03-17 00:00:00-04:00,18.587930173595666,18.856310601260308,18.349366844243942,18.558109283447266,1559900,0.0,0.0
2026-03-18 00:00:00-04:00,18.289726661700115,18.657510050530373,18.24996737140149,18.389127731323242,2106300,0.0,0.0
2026-03-19 00:00:00-04:00,18.120745111226615,18.478588197560914,17.822543803226488,18.22014617919922,2074100,0.0,0.0
2026-03-20 00:00:00-04:00,18.041224934321594,18.22014648044699,17.61380166211486,17.82254409790039,2635200,0.0,0.0
2026-03-23 00:00:00-04:00,18.339428249569675,18.995472658557162,18.279786469903378,18.50840950012207,2523100,0.0,0.0
2026-03-24 00:00:00-04:00,18.309607356588902,18.592899174243083,18.230086879631898,18.319547653198242,2403800,0.0,0.0
2026-03-25 00:00:00-04:00,18.677390946951014,18.96565196802983,18.095895912559012,18.369247436523438,1791700,0.0,0.0
2026-03-26 00:00:00-04:00,18.24002626388586,18.682359013328824,18.15056549479429,18.190324783325195,1665700,0.0,0.0
2026-03-27 00:00:00-04:00,18.180386990406717,18.26984586656884,17.991525149802932,18.15056610107422,2343300,0.0,0.0
2026-03-30 00:00:00-04:00,18.389127114914604,18.587929247496955,17.892123679376372,18.051164627075195,1879100,0.0,0.0
2026-03-31 00:00:00-04:00,18.180386395622648,18.856309468453475,18.15056550726576,18.379186630249023,3007200,0.0,0.0
2026-04-01 00:00:00-04:00,18.28972676154425,18.975592060178506,18.230086877811882,18.886131286621094,2767600,0.0,0.0
2026-04-02 00:00:00-04:00,18.45870761526852,19.0352315347359,18.19032530036534,18.78672981262207,2476500,0.0,0.0
2026-04-06 00:00:00-04:00,18.886130119617455,19.5869048719034,18.886130119617455,19.53223419189453,3207400,0.0,0.0
2026-04-07 00:00:00-04:00,19.343373351454595,19.855288193847695,19.26882397155341,19.591875076293945,8185800,0.0,0.0
2026-04-08 00:00:00-04:00,22.514254769674068,22.822396362267288,21.271746207375084,21.679288864135742,11543100,0.0,0.0
2026-04-09 00:00:00-04:00,21.560009162531237,22.72796645590312,21.520247978389033,22.62359619140625,4651200,0.0,0.0
2026-04-10 00:00:00-04:00,22.812459136247135,22.961559792213137,22.225994912985517,22.613656997680664,2797300,0.0,0.0
2026-04-13 00:00:00-04:00,22.494374008576663,22.603715367930736,21.63952941336443,22.1961727142334,3130900,0.0,0.0
2026-04-14 00:00:00-04:00,22.325393777392854,22.792578227783448,22.255813598632812,22.255813598632812,2888600,0.0,0.0
2026-04-15 00:00:00-04:00,22.196173619299614,22.370124065439885,21.98743308393129,22.136533737182617,2434300,0.0,0.0
2026-04-16 00:00:00-04:00,22.29557366301833,22.603715251711037,22.02222216195621,22.07689094543457,1842400,0.0,0.0
2026-04-17 00:00:00-04:00,22.45461475688347,22.9864082667323,22.33533310140371,22.76275634765625,2398100,0.0,0.0
2026-04-20 00:00:00-04:00,22.563955840019045,23.051018960086445,22.563955840019045,22.971498489379883,2489300,0.0,0.0
2026-04-21 00:00:00-04:00,23.080838968895158,23.503293028575634,23.026170183308004,23.220001220703125,3446900,0.0,0.0
2026-04-22 00:00:00-04:00,23.450000762939453,23.520000457763672,22.604999542236328,22.81999969482422,2241700,0.14,0.0
2026-04-23 00:00:00-04:00,22.600000381469727,22.729999542236328,22.049999237060547,22.489999771118164,2723100,0.0,0.0
2026-04-24 00:00:00-04:00,22.520000457763672,22.579999923706055,21.989999771118164,22.309999465942383,2004600,0.0,0.0
2026-04-27 00:00:00-04:00,22.260000228881836,22.885000228881836,22.229999542236328,22.829999923706055,3280800,0.0,0.0
2026-04-28 00:00:00-04:00,22.84000015258789,23.010000228881836,22.059999465942383,22.299999237060547,2783100,0.0,0.0
2026-04-29 00:00:00-04:00,22.149999618530273,22.235000610351562,21.790000915527344,21.889999389648438,3504400,0.0,0.0
2026-04-30 00:00:00-04:00,21.989999771118164,22.5,21.709999084472656,22.280000686645508,4417200,0.0,0.0
2026-05-01 00:00:00-04:00,22.1299991607666,22.3700008392334,21.899999618530273,22.280000686645508,2815000,0.0,0.0
2026-05-04 00:00:00-04:00,22.329999923706055,22.649999618530273,21.829999923706055,22.09000015258789,2727400,0.0,0.0
2026-05-05 00:00:00-04:00,22.229999542236328,22.399999618530273,22.020000457763672,22.299999237060547,1864400,0.0,0.0
2026-05-06 00:00:00-04:00,22.549999237060547,23.065000534057617,22.549999237060547,23.030000686645508,2276500,0.0,0.0
2026-05-07 00:00:00-04:00,23.239999771118164,23.40999984741211,22.514999389648438,22.75,2960686,0.0,0.0
