Date,Open,High,Low,Close,Volume,Dividends,Stock Splits
2022-01-03 00:00:00-05:00,35.90515418571754,37.00062953751323,35.78238437144122,36.68898391723633,6434900,0.0,0.0
2022-01-04 00:00:00-05:00,37.170607720107306,37.397255746263454,36.29233851311503,36.509544372558594,6132000,0.0,0.0
2022-01-05 00:00:00-05:00,36.349017913286296,36.69843587162586,34.82857264246131,34.91356658935547,8088700,0.0,0.0
2022-01-06 00:00:00-05:00,35.26297396819944,36.19790710353926,34.79078631656447,35.7257194519043,5588000,0.0,0.0
2022-01-07 00:00:00-05:00,35.76349444456179,36.46233380720385,35.69738845650856,35.79182815551758,5827700,0.0,0.0
2022-01-10 00:00:00-05:00,34.95132306039678,35.4329564090401,33.411994144550164,34.403587341308594,9357000,0.0,0.0
2022-01-11 00:00:00-05:00,35.5274025737164,37.22727762270882,35.187426843416645,36.68898391723633,17029400,0.0,0.0
2022-01-12 00:00:00-05:00,37.06672860285418,37.30282241561121,36.216789435926586,36.783416748046875,6935400,0.0,0.0
2022-01-13 00:00:00-05:00,36.773977293590384,37.293386652862274,35.4990719267561,35.56517791748047,7045000,0.0,0.0
2022-01-14 00:00:00-05:00,39.786545504495116,41.288102870250064,39.20103003180582,40.59870910644531,49781100,0.0,0.0
2022-01-18 00:00:00-05:00,40.211503677353804,41.816938872189205,39.531552280243076,40.70257568359375,20203100,0.0,0.0
2022-01-19 00:00:00-05:00,41.52418851107542,42.36468206132584,40.85367922269587,41.476966857910156,14169700,0.0,0.0
2022-01-20 00:00:00-05:00,41.70361361715098,42.5157769615473,41.080326055580336,41.184207916259766,9836100,0.0,0.0
2022-01-21 00:00:00-05:00,41.231427583299315,42.468560587093236,40.51370390333501,41.31642150878906,14375300,0.0,0.0
2022-01-24 00:00:00-05:00,40.41926090909947,42.48744505976917,39.578767493669915,42.39300537109375,16501700,0.0,0.0
2022-01-25 00:00:00-05:00,41.552517041376156,42.8463103132809,40.62702959411898,42.374122619628906,9875100,0.0,0.0
2022-01-26 00:00:00-05:00,42.74243140327937,42.95964092760188,41.3730898788958,41.66584396362305,9186000,0.0,0.0
2022-01-27 00:00:00-05:00,41.76028164182297,41.826387632098985,39.474891284045924,39.73931884765625,9585800,0.0,0.0
2022-01-28 00:00:00-05:00,39.975416764012415,40.76868872798354,39.49378324016521,40.71202850341797,7040500,0.0,0.0
2022-01-31 00:00:00-05:00,40.390938093614345,41.4675255212792,40.003744306427755,41.363643646240234,6136000,0.0,0.0
2022-02-01 00:00:00-05:00,41.40140990579486,42.46855491610944,41.38252196904086,42.16635513305664,5808100,0.0,0.0
2022-02-02 00:00:00-05:00,42.119141656091806,43.15795676393646,41.82638758590885,42.260799407958984,10342500,0.0,0.0
2022-02-03 00:00:00-05:00,41.637509519472445,42.73298478647295,41.410857849314446,41.46752166748047,5268500,0.0,0.0
2022-02-04 00:00:00-05:00,41.221988285475504,42.05303605646217,40.872566788292836,41.74139404296875,5479000,0.0,0.0
2022-02-07 00:00:00-05:00,41.94915096533157,43.394047688395375,41.816938993843415,42.969078063964844,8361700,0.0,0.0
2022-02-08 00:00:00-05:00,43.242953190141066,43.88512879132186,42.48745354243027,43.205177307128906,8268100,0.0,0.0
2022-02-09 00:00:00-05:00,43.37516653011359,44.30065407771863,43.18629071167231,44.111778259277344,6379000,0.0,0.0
2022-02-10 00:00:00-05:00,43.488476036177175,44.735050977484136,43.356264088236344,44.05510330200195,6549600,0.0,0.0
2022-02-11 00:00:00-05:00,44.07399639115482,44.687841817120464,42.36467929247659,42.64799118041992,7252800,0.0,0.0
2022-02-14 00:00:00-05:00,42.70465775161755,44.9050506123974,42.63855176025333,43.63958740234375,9440600,0.0,0.0
2022-02-15 00:00:00-05:00,44.593403109687344,45.311126757266514,44.33842134472337,45.103363037109375,8576400,0.0,0.0
2022-02-16 00:00:00-05:00,44.58396407768203,45.585003350411945,44.25343411157172,44.96171569824219,6073900,0.0,0.0
2022-02-17 00:00:00-05:00,44.385642699057925,45.16947599081872,44.121218746418705,44.44230651855469,6470200,0.0,0.0
2022-02-18 00:00:00-05:00,44.20620836971691,45.07503190235966,43.78123877113913,44.49896240234375,6884300,0.0,0.0
2022-02-22 00:00:00-05:00,44.07399328867806,44.07399328867806,42.00581268951933,42.893524169921875,8732000,0.0,0.0
2022-02-23 00:00:00-05:00,43.51681530212334,43.89456325844032,42.51577619299693,42.638545989990234,6190400,0.0,0.0
2022-02-24 00:00:00-05:00,40.579806666273385,41.42974225115401,39.71097954111109,41.15587615966797,11837500,0.0,0.0
2022-02-25 00:00:00-05:00,41.533626997737244,42.100254362924865,40.60813959735408,42.0435905456543,7213700,0.0,0.0
2022-02-28 00:00:00-05:00,41.04255691390961,41.19365684446562,40.01318751121346,40.47593307495117,8260000,0.0,0.0
2022-03-01 00:00:00-05:00,40.11706933870284,40.67425100740037,37.83168244159173,38.05833053588867,10125400,0.0,0.0
2022-03-02 00:00:00-05:00,40.050958786561104,42.37412130251675,39.90930104186616,41.930267333984375,14976200,0.0,0.0
2022-03-03 00:00:00-05:00,41.4580843183414,41.4769686574192,39.83375736715611,40.013187408447266,7160700,0.0,0.0
2022-03-04 00:00:00-05:00,39.31435092957956,39.75820494066818,37.99222386068294,38.530517578125,8204200,0.0,0.0
2022-03-07 00:00:00-05:00,38.54941099514608,38.54941099514608,33.884196913809184,34.091957092285156,14629900,0.0,0.0
2022-03-08 00:00:00-05:00,34.31859933365234,36.16957409952758,33.270342150195724,34.94188690185547,8893700,0.0,0.0
2022-03-09 00:00:00-05:00,36.62287600656804,37.41615146819977,36.35845205352619,36.613433837890625,7507100,0.0,0.0
2022-03-10 00:00:00-05:00,35.78238282875604,36.83064008448468,35.58406486213338,36.45288848876953,5876400,0.0,0.0
2022-03-11 00:00:00-05:00,36.74564607319045,37.00062785935057,34.38470761152952,34.39414978027344,7488800,0.0,0.0
2022-03-14 00:00:00-04:00,33.20423814977789,33.374226006035784,29.98391825456857,30.30500602722168,17873100,0.0,0.0
2022-03-15 00:00:00-04:00,29.955584648869305,31.45714336038707,29.521172864140112,30.843297958374023,10523400,0.0,0.0
2022-03-16 00:00:00-04:00,32.58094658985491,34.51691515947557,32.514840609612186,34.50747299194336,13820800,0.0,0.0
2022-03-17 00:00:00-04:00,33.95974012387771,35.35741534961223,33.55365839449126,35.29130935668945,9785900,0.0,0.0
2022-03-18 00:00:00-04:00,34.913557051923924,37.113949694307976,34.72468126569851,36.79286193847656,10334900,0.0,0.0
2022-03-21 00:00:00-04:00,36.396233406741004,36.97230305036328,35.89571193141802,36.53788757324219,5661200,0.0,0.0
2022-03-22 00:00:00-04:00,36.377341557053775,37.50114700829418,36.377341557053775,36.84952926635742,4938000,0.0,0.0
2022-03-23 00:00:00-04:00,36.452880319567164,36.943955842942835,35.942920462893355,36.04679870605469,4706100,0.0,0.0
2022-03-24 00:00:00-04:00,36.5756630941137,37.55781448976284,36.14125122382889,37.52003860473633,6852300,0.0,0.0
2022-03-25 00:00:00-04:00,37.5389217349671,37.5861397839438,36.76453420372928,37.01951599121094,4426400,0.0,0.0
2022-03-28 00:00:00-04:00,36.868410964672194,37.132834884309396,35.96181158091117,36.72675323486328,4130700,0.0,0.0
2022-03-29 00:00:00-04:00,37.46337495021726,38.341644467353035,37.21783890142433,37.775020599365234,5317100,0.0,0.0
2022-03-30 00:00:00-04:00,37.38782089181936,38.247202330957926,37.06673312321231,37.44448471069336,3779600,0.0,0.0
2022-03-31 00:00:00-04:00,37.05728812128179,37.56724804213211,36.698424500863844,36.70786666870117,4850700,0.0,0.0
2022-04-01 00:00:00-04:00,37.30282455549173,38.039436140747654,36.93451876286377,37.321712493896484,4559700,0.0,0.0
2022-04-04 00:00:00-04:00,37.406704472589176,38.12442808216233,36.86841086478288,37.70890426635742,4450300,0.0,0.0
2022-04-05 00:00:00-04:00,37.586136349642054,37.77501213079722,35.52739790031313,35.7257194519043,6640700,0.0,0.0
2022-04-06 00:00:00-04:00,35.15909279353926,35.30075053279241,34.110835610082646,34.94188690185547,7720600,0.0,0.0
2022-04-07 00:00:00-04:00,34.72468612808422,34.8474559466977,33.16646517666437,34.10139846801758,5541100,0.0,0.0
2022-04-08 00:00:00-04:00,33.82752469063829,34.309158135713595,33.270343090996036,33.950294494628906,3919200,0.0,0.0
2022-04-11 00:00:00-04:00,33.14756825723826,34.36581313639031,32.83592631286537,33.09090805053711,4722500,0.0,0.0
2022-04-12 00:00:00-04:00,33.534770268114855,34.158057914020894,32.911482622208815,33.08147048950195,4185000,0.0,0.0
2022-04-13 00:00:00-04:00,33.449771207387975,34.56413434327837,33.345892951081126,34.233604431152344,4567700,0.0,0.0
2022-04-14 00:00:00-04:00,34.328040449865526,35.215755530638894,34.167498379303616,34.904109954833984,5586800,0.0,0.0
2022-04-18 00:00:00-04:00,34.649134738214926,34.89467437810783,34.195834944381716,34.61136245727539,5100200,0.0,0.0
2022-04-19 00:00:00-04:00,34.932456919279716,36.556780589466236,34.894681028634,36.1129264831543,6994100,0.0,0.0
2022-04-20 00:00:00-04:00,36.207351138363336,37.08562050388945,36.08458133390644,36.36789321899414,5318000,0.0,0.0
2022-04-21 00:00:00-04:00,36.80231198697312,37.350047867937676,35.05521526444243,35.14020919799805,5714700,0.0,0.0
2022-04-22 00:00:00-04:00,35.84849436943738,35.98070636766131,34.32804918484866,34.37527084350586,9637200,0.0,0.0
2022-04-25 00:00:00-04:00,33.44033380641023,34.365821294795715,32.977588260964296,34.271385192871094,5652200,0.0,0.0
2022-04-26 00:00:00-04:00,34.006950703408506,34.006950703408506,32.36373980823157,32.817039489746094,6022000,0.0,0.0
2022-04-27 00:00:00-04:00,32.81704084058234,33.884185911150375,32.18431113487316,32.902034759521484,5688600,0.0,0.0
2022-04-28 00:00:00-04:00,32.54317342964214,34.14861223198357,31.646016133994927,33.6953125,7657600,0.0,0.0
2022-04-29 00:00:00-04:00,34.29027225130441,35.42351985526145,33.40255706503011,33.45922088623047,6083900,0.0,0.0
2022-05-02 00:00:00-04:00,33.56310223750787,34.904113562596585,32.99647484179638,34.649131774902344,7906200,0.0,0.0
2022-05-03 00:00:00-04:00,34.819111114496366,35.36685043608989,33.89362389068814,34.403587341308594,5822900,0.0,0.0
2022-05-04 00:00:00-04:00,34.677466444050445,35.111878271005956,33.345897250986745,34.99855422973633,6527200,0.0,0.0
2022-05-05 00:00:00-04:00,34.365819562604216,34.54525319072565,33.024808249834464,33.57254409790039,5720400,0.0,0.0
2022-05-06 00:00:00-04:00,33.364788416544215,33.478112468767364,31.853785442706627,32.38263702392578,8165100,0.0,0.0
2022-05-09 00:00:00-04:00,31.44769827235168,32.05209791683437,29.88003534353493,30.087799072265625,7958200,0.0,0.0
2022-05-10 00:00:00-04:00,30.99440094800591,31.27771285306412,28.954550188077953,29.464513778686523,9230000,0.0,0.0
2022-05-11 00:00:00-04:00,29.6061695420119,30.59776480588498,28.51069420761636,28.642906188964844,8767900,0.0,0.0
2022-05-12 00:00:00-04:00,28.142386490263934,28.9828818298,27.273561041237166,28.46347427368164,10220000,0.0,0.0
2022-05-13 00:00:00-04:00,29.851709768655414,32.939818048430794,29.795045942441583,32.75094223022461,13376900,0.0,0.0
2022-05-16 00:00:00-04:00,32.0332111273675,33.27034417079411,31.428811461191685,31.513805389404297,7313900,0.0,0.0
2022-05-17 00:00:00-04:00,32.58094977058482,33.00591940113715,32.061544045468025,32.760379791259766,6604400,0.0,0.0
2022-05-18 00:00:00-04:00,32.259863799114676,32.70372139375834,31.277712510012474,31.93877601623535,5077000,0.0,0.0
2022-05-19 00:00:00-04:00,31.41937504843685,32.429856600911556,31.258829331287696,31.409929275512695,6185500,0.0,0.0
2022-05-20 00:00:00-04:00,31.938778314334233,32.1843179555303,30.61665120675714,31.59880256652832,6278500,0.0,0.0
2022-05-23 00:00:00-04:00,31.957666918574425,31.957666918574425,30.75830960673515,31.154949188232422,5087000,0.0,0.0
2022-05-24 00:00:00-04:00,30.748867005642467,30.88107899678514,28.879002181428746,29.256752014160156,5861500,0.0,0.0
2022-05-25 00:00:00-04:00,29.011212282551963,30.541101257011725,29.011212282551963,30.28611946105957,5293400,0.0,0.0
2022-05-26 00:00:00-04:00,30.54109743730612,32.57150577937195,30.33333371788379,32.26930236816406,4464800,0.0,0.0
2022-05-27 00:00:00-04:00,32.37319090376823,32.91148464918045,32.3165306795185,32.694278717041016,5263000,0.0,0.0
2022-05-31 00:00:00-04:00,34.280828166117,34.403597983503666,33.18535278656775,33.487552642822266,10304100,0.0,0.0
2022-06-01 00:00:00-04:00,33.7425325809423,34.46970207062333,32.5337332227745,33.20423889160156,6063500,0.0,0.0
2022-06-02 00:00:00-04:00,33.10980353388464,33.84641520894474,33.01536383034723,33.55365753173828,4983700,0.0,0.0
2022-06-03 00:00:00-04:00,33.166465531841226,33.63865326732732,32.68483562674829,33.01536560058594,4499700,0.0,0.0
2022-06-06 00:00:00-04:00,34.00695563075715,35.22520072775127,33.27978976302277,33.525325775146484,7184500,0.0,0.0
2022-06-07 00:00:00-04:00,32.9209297314185,33.89363532071818,32.78871774093193,33.83697509765625,4383300,0.0,0.0
2022-06-08 00:00:00-04:00,33.761424477767015,35.50851773001942,33.59143659779031,35.31019973754883,8323700,0.0,0.0
2022-06-09 00:00:00-04:00,34.62080449000553,34.63969243165389,33.223129230585734,33.32701110839844,6249200,0.0,0.0
2022-06-10 00:00:00-04:00,32.52429315491072,33.08147488224473,31.466593531033357,31.636581420898438,7558200,0.0,0.0
2022-06-13 00:00:00-04:00,30.05946554870802,30.52220922681376,28.46347079682087,28.897884368896484,11068100,0.0,0.0
2022-06-14 00:00:00-04:00,29.058431556210795,30.78663666882744,29.058431556210795,30.474994659423828,8683400,0.0,0.0
2022-06-15 00:00:00-04:00,30.73941746510998,31.485474869392952,30.286117721401702,30.824411392211914,7189500,0.0,0.0
2022-06-16 00:00:00-04:00,30.144463654512926,30.144463654512926,28.869556469816025,29.152870178222656,8529400,0.0,0.0
2022-06-17 00:00:00-04:00,29.804487193672053,30.305006805366276,28.869555761500415,29.908369064331055,8175300,0.0,0.0
2022-06-21 00:00:00-04:00,30.512771525083995,30.758307552464235,29.851708001743745,29.946144104003906,5608500,0.0,0.0
2022-06-22 00:00:00-04:00,29.341742669895602,30.295563817896966,29.24730477196202,29.842262268066406,5706700,0.0,0.0
2022-06-23 00:00:00-04:00,30.1727934702813,30.314447612767214,28.76567259888214,29.823373794555664,6337800,0.0,0.0
2022-06-24 00:00:00-04:00,30.41832979855791,31.683792938269256,30.305005762876544,31.57046890258789,14518400,0.0,0.0
2022-06-27 00:00:00-04:00,31.69324155177058,32.02377151986227,30.93773830612135,31.324932098388672,4880000,0.0,0.0
2022-06-28 00:00:00-04:00,33.789746286813234,34.29026763375015,32.56205914617689,32.590389251708984,12814600,0.0,0.0
2022-06-29 00:00:00-04:00,32.250417235619295,32.458177347403364,31.296596185930156,31.740453720092773,7076700,0.0,0.0
2022-06-30 00:00:00-04:00,31.136055464028733,32.51484256710675,30.19167834244737,31.721567153930664,9917800,0.0,0.0
2022-07-01 00:00:00-04:00,31.872665281928626,33.41199797683894,31.664901570251992,33.31755828857422,6397800,0.0,0.0
2022-07-05 00:00:00-04:00,32.34485860872189,32.88315231780522,32.00488287614161,32.82648849487305,6103600,0.0,0.0
2022-07-06 00:00:00-04:00,32.57151081672498,33.11924670376784,32.410965117113264,32.76982879638672,7779000,0.0,0.0
2022-07-07 00:00:00-04:00,33.14757094106599,33.969180029810325,32.76982298995331,33.36478042602539,5976300,0.0,0.0
2022-07-08 00:00:00-04:00,33.24201995354308,33.28923801036137,32.297644407149846,32.46763229370117,5437400,0.0,0.0
2022-07-11 00:00:00-04:00,30.98495855476373,31.230494576702835,29.209531772066857,30.418331146240234,15838000,0.0,0.0
2022-07-12 00:00:00-04:00,30.257790641625906,31.419372026607896,30.144464793729817,31.400484085083008,6787600,0.0,0.0
2022-07-13 00:00:00-04:00,31.03217393332886,31.7593433700372,30.711086176892785,31.381591796875,4749300,0.0,0.0
2022-07-14 00:00:00-04:00,30.871625754458364,32.54317038623619,30.75830173268693,32.344852447509766,7293400,0.0,0.0
2022-07-15 00:00:00-04:00,32.779267483507525,33.29867320470784,31.91988606042888,32.60927963256836,7427100,0.0,0.0
2022-07-18 00:00:00-04:00,32.9775886725126,33.55365826795849,32.665946650267074,32.72261047363281,8601800,0.0,0.0
2022-07-19 00:00:00-04:00,33.10980353388464,33.648097235275685,32.95870361073112,33.55365753173828,6250700,0.0,0.0
2022-07-20 00:00:00-04:00,34.101399240022545,35.111880717816895,33.9880751908558,35.0174446105957,10306600,0.0,0.0
2022-07-21 00:00:00-04:00,35.640725603438234,37.75612426968814,35.47073776030135,37.321712493896484,14812600,0.0,0.0
2022-07-22 00:00:00-04:00,37.21783729442701,37.44448899333974,36.509555688771194,36.82120132446289,5934100,0.0,0.0
2022-07-25 00:00:00-04:00,36.83064167236335,37.15172946181241,36.264017856867994,36.68898391723633,4721800,0.0,0.0
2022-07-26 00:00:00-04:00,36.64176819708286,36.64176819708286,36.065698573266175,36.094032287597656,4129400,0.0,0.0
2022-07-27 00:00:00-04:00,36.53787959135749,36.99117930964775,36.065691934491895,36.80230712890625,5018800,0.0,0.0
2022-07-28 00:00:00-04:00,36.83064200106419,36.9534118164362,35.7729425215303,36.377342224121094,4268000,0.0,0.0
2022-07-29 00:00:00-04:00,36.09402724759936,36.09402724759936,34.998551979089314,35.593505859375,5268900,0.0,0.0
2022-08-01 00:00:00-04:00,35.23464792837919,36.10347157845675,34.68690846006449,35.66905975341797,5263200,0.0,0.0
2022-08-02 00:00:00-04:00,35.19687220868171,36.5756594523044,35.064660226759855,36.027923583984375,4506300,0.0,0.0
2022-08-03 00:00:00-04:00,36.38678025896901,37.07617381656169,36.33956221303915,36.79286193847656,4809000,0.0,0.0
2022-08-04 00:00:00-04:00,36.97229848769877,37.58614033846455,36.896746726216435,37.11395263671875,4592300,0.0,0.0
2022-08-05 00:00:00-04:00,36.64176515530583,36.97229871001921,36.03736546983786,36.23568344116211,4099900,0.0,0.0
2022-08-08 00:00:00-04:00,36.51899393656637,36.97229728571074,35.10243087738214,35.12131881713867,5937500,0.0,0.0
2022-08-09 00:00:00-04:00,34.94189017104523,34.94189017104523,33.9314087705155,34.84745407104492,4312400,0.0,0.0
2022-08-10 00:00:00-04:00,35.470743991887495,35.55573792838788,34.186392774773466,34.61136245727539,5281600,0.0,0.0
2022-08-11 00:00:00-04:00,35.29130603375196,36.73620277767483,35.130763952486134,35.593505859375,3956800,0.0,0.0
2022-08-12 00:00:00-04:00,35.25353753842996,36.53788513382328,35.25353753842996,36.51899719238281,3481900,0.0,0.0
2022-08-15 00:00:00-04:00,36.094033528530424,36.92508139235617,36.07514558582892,36.53788757324219,2748600,0.0,0.0
2022-08-16 00:00:00-04:00,36.29234591851845,36.44344583428942,35.83904617120554,36.15068817138672,3067300,0.0,0.0
2022-08-17 00:00:00-04:00,35.52739769275302,35.87681914672573,35.19686777954194,35.36685562133789,3509200,0.0,0.0
2022-08-18 00:00:00-04:00,35.319637806918784,35.631279783903224,34.76245623351666,35.6218376159668,3499100,0.0,0.0
2022-08-19 00:00:00-04:00,35.19687800789301,35.73517179584184,35.09299611855079,35.5368537902832,2800500,0.0,0.0
2022-08-22 00:00:00-04:00,34.611361974726705,34.74357396243812,34.25249829200538,34.56414031982422,3621400,0.0,0.0
2022-08-23 00:00:00-04:00,34.601908232684366,35.43295945295786,34.52636008675349,34.82855987548828,2469400,0.0,0.0
2022-08-24 00:00:00-04:00,34.8191284001972,36.17903161029904,34.40360442072559,35.76350402832031,3908800,0.0,0.0
2022-08-25 00:00:00-04:00,36.33013128699721,37.359500857826696,36.2451373370202,36.89675521850586,3694400,0.0,0.0
2022-08-26 00:00:00-04:00,37.236723039867435,37.59558670760125,35.80127197143851,35.820159912109375,3155300,0.0,0.0
2022-08-29 00:00:00-04:00,35.41407713924078,36.150688790935,35.19687123175419,35.78238296508789,2902200,0.0,0.0
2022-08-30 00:00:00-04:00,36.12236177005276,36.3301255264996,34.2808288808821,34.61136245727539,6389400,0.0,0.0
2022-08-31 00:00:00-04:00,35.036332287316796,36.065701805106244,34.72469022179706,35.5368537902832,4412500,0.0,0.0
2022-09-01 00:00:00-04:00,35.111876712800196,35.111876712800196,33.836971398202614,34.65857696533203,3792800,0.0,0.0
2022-09-02 00:00:00-04:00,35.045770573221546,35.11187656095146,34.12028314249657,34.195831298828125,3208200,0.0,0.0
2022-09-06 00:00:00-04:00,34.32804312047148,34.337488891536935,33.0625799856594,33.47810745239258,6543100,0.0,0.0
2022-09-07 00:00:00-04:00,33.317567652700895,34.48859489876826,33.29867970973936,34.37527084350586,3593000,0.0,0.0
2022-09-08 00:00:00-04:00,33.78975188583471,35.57462088022808,33.56310379901043,35.55573654174805,3206900,0.0,0.0
2022-09-09 00:00:00-04:00,35.87681448883368,36.226232294935556,35.687938733303746,36.04679870605469,2938100,0.0,0.0
2022-09-12 00:00:00-04:00,36.41511344407955,37.10450699174356,36.273455705824155,36.59454345703125,4624600,0.0,0.0
2022-09-13 00:00:00-04:00,35.4140768679642,36.54732804824029,35.300752830688445,35.735164642333984,4872000,0.0,0.0
2022-09-14 00:00:00-04:00,35.55573587568841,36.06569586274325,34.41303888370739,36.027923583984375,4196800,0.0,0.0
2022-09-15 00:00:00-04:00,35.980704494268615,38.08666499349422,35.848492502928515,37.482261657714844,8544800,0.0,0.0
2022-09-16 00:00:00-04:00,36.23567606552037,36.91562737452334,35.640722272648325,36.490657806396484,9292700,0.0,0.0
2022-09-19 00:00:00-04:00,36.027926130702255,37.24616776631528,36.027926130702255,36.6606559753418,4951000,0.0,0.0
2022-09-20 00:00:00-04:00,38.086655329624435,38.8138210974885,36.78341648386403,37.09505844116211,15503100,0.0,0.0
2022-09-21 00:00:00-04:00,36.75508963238246,36.91563532715208,34.58302688598633,34.58302688598633,8359300,0.0,0.0
2022-09-22 00:00:00-04:00,34.545256325918615,35.31964392096869,32.99647753331196,33.32701110839844,7215600,0.0,0.0
2022-09-23 00:00:00-04:00,32.817042629966416,33.534766293749385,32.55261869107364,33.49699401855469,8097200,0.0,0.0
2022-09-26 00:00:00-04:00,36.70787243703269,38.24720541683167,36.23568471583724,37.45392990112305,25186600,0.0,0.0
2022-09-27 00:00:00-04:00,38.23775904258587,38.294419257294415,36.72675633941831,37.510589599609375,11500000,0.0,0.0
2022-09-28 00:00:00-04:00,37.40671592504867,37.70891581133859,36.84953420923161,37.50115203857422,6478700,0.0,0.0
2022-09-29 00:00:00-04:00,36.83063733663036,37.123394981592895,35.79182592967649,36.38677978515625,6596800,0.0,0.0
2022-09-30 00:00:00-04:00,35.706834046931874,36.2262397800809,35.319640289220104,35.43296432495117,7166500,0.0,0.0
2022-10-03 00:00:00-04:00,35.744606948683284,36.73620398680899,35.14965304881531,36.45288848876953,5905600,0.0,0.0
2022-10-04 00:00:00-04:00,37.06673628943307,39.710986820152485,37.01007246571888,39.66376876831055,10742100,0.0,0.0
2022-10-05 00:00:00-04:00,39.559885404246074,40.598700518213725,38.99326159845011,40.2492790222168,9479200,0.0,0.0
2022-10-06 00:00:00-04:00,40.135957822042556,41.042557416480065,40.126515652363786,40.674251556396484,7507400,0.0,0.0
2022-10-07 00:00:00-04:00,40.381499513529704,40.43816334705334,39.30491189413005,40.135963439941406,6788100,0.0,0.0
2022-10-10 00:00:00-04:00,39.021592218254575,39.18213791358347,36.13180212489168,37.10451126098633,11700200,0.0,0.0
2022-10-11 00:00:00-04:00,36.764542737513146,36.83064874192629,33.6575461200669,34.33749771118164,13057300,0.0,0.0
2022-10-12 00:00:00-04:00,34.00695812207892,34.83800952073684,33.51588606185595,34.469703674316406,6902000,0.0,0.0
2022-10-13 00:00:00-04:00,33.421449252913895,35.177988305792105,32.911485604818914,33.76142501831055,8378000,0.0,0.0
2022-10-14 00:00:00-04:00,34.03528993676144,34.479143920573165,32.732050889225604,33.260902404785156,6740600,0.0,0.0
2022-10-17 00:00:00-04:00,33.83697327630602,34.290273048934345,33.22312780779532,33.70475769042969,6330900,0.0,0.0
2022-10-18 00:00:00-04:00,34.51692137305575,35.064660853675036,33.76142174677602,33.855857849121094,6210500,0.0,0.0
2022-10-19 00:00:00-04:00,32.78871839221274,34.17694792240264,32.76983044998141,33.61976623535156,9687800,0.0,0.0
2022-10-20 00:00:00-04:00,34.5074795344159,36.622878508265295,34.09195203410138,35.49907302856445,12358000,0.0,0.0
2022-10-21 00:00:00-04:00,35.82016758713517,37.09507323428318,35.43297372668593,36.89675521850586,7303700,0.0,0.0
2022-10-24 00:00:00-04:00,34.84745370749323,35.19687159685656,31.52325186657331,33.10035705566406,15856100,0.0,0.0
2022-10-25 00:00:00-04:00,33.27034551257297,34.37526662389789,32.34485803610347,32.835933685302734,10269700,0.0,0.0
2022-10-26 00:00:00-04:00,32.83593056881676,33.77086012561965,32.39207301209875,33.49699401855469,8429800,0.0,0.0
2022-10-27 00:00:00-04:00,33.7142025067809,34.07306616754949,33.034251065852246,33.10035705566406,5282800,0.0,0.0
2022-10-28 00:00:00-04:00,32.89259902995255,35.03632815583358,32.798159322365535,35.026885986328125,7352400,0.0,0.0
2022-10-31 00:00:00-04:00,35.80126627623527,36.73619937693084,34.74356698446798,35.89570236206055,9699500,0.0,0.0
2022-11-01 00:00:00-04:00,37.08561520177408,37.538914873607546,36.452881933117304,36.490657806396484,7671100,0.0,0.0
2022-11-02 00:00:00-04:00,35.867375733414995,37.36893269961866,35.867375733414995,36.056251525878906,6750100,0.0,0.0
2022-11-03 00:00:00-04:00,35.489631627964975,36.547331137799965,34.97022224132117,35.74460983276367,3869600,0.0,0.0
2022-11-04 00:00:00-04:00,37.926115262811045,38.48329688325785,36.83063996189095,38.00166702270508,8740300,0.0,0.0
2022-11-07 00:00:00-05:00,37.98277738631988,38.99325871348152,37.21783206283518,38.43607711791992,5382900,0.0,0.0
2022-11-08 00:00:00-05:00,38.454971627364166,38.776059442420994,37.9638959336004,38.39830780029297,3951300,0.0,0.0
2022-11-09 00:00:00-05:00,37.812788569875345,38.09610044456851,37.491700817888166,37.7277946472168,3722000,0.0,0.0
2022-11-10 00:00:00-05:00,38.983815100150444,40.02263019475127,38.284979326197714,38.76660919189453,5940400,0.0,0.0
2022-11-11 00:00:00-05:00,39.994294124773035,41.42974507088671,39.57877027293987,40.91033935546875,10637500,0.0,0.0
2022-11-14 00:00:00-05:00,40.84423670657846,41.68473024968854,40.10762503553929,40.6081428527832,4725300,0.0,0.0
2022-11-15 00:00:00-05:00,41.533626279298275,42.25135354228632,41.02366274020245,41.48640823364258,5915000,0.0,0.0
2022-11-16 00:00:00-05:00,41.089770084719156,41.5902914722538,40.54203425247195,41.46752166748047,4755300,0.0,0.0
2022-11-17 00:00:00-05:00,40.608137280172464,42.06247608457539,40.2776073712199,41.81693649291992,3744000,0.0,0.0
2022-11-18 00:00:00-05:00,42.27969015100927,42.534671959768644,40.83479683721265,41.19365692138672,4125700,0.0,0.0
2022-11-21 00:00:00-05:00,40.277614988121044,40.409826976704686,39.1160299969785,40.013187408447266,6146100,0.0,0.0
2022-11-22 00:00:00-05:00,39.84319998838885,40.409827434822255,39.39934596489854,40.31538772583008,3574100,0.0,0.0
2022-11-23 00:00:00-05:00,40.4570388281945,40.80645668767946,39.9187451843237,40.66480255126953,1986900,0.0,0.0
2022-11-25 00:00:00-05:00,40.92923007889782,40.92923007889782,40.183172646495436,40.76868438720703,2533600,0.0,0.0
2022-11-28 00:00:00-05:00,41.8830485924427,42.166364101506026,40.22094943213707,41.221988677978516,7573600,0.0,0.0
2022-11-29 00:00:00-05:00,42.062480101791856,42.591328006624074,41.71305861894924,42.175804138183594,6756200,0.0,0.0
2022-11-30 00:00:00-05:00,42.65743041353071,44.300645014536684,42.58188226311406,44.23453903198242,9585900,0.0,0.0
2022-12-01 00:00:00-05:00,43.91345156318795,44.413969320676166,43.290164007681646,44.28175735473633,5079200,0.0,0.0
2022-12-02 00:00:00-05:00,43.67736286536903,45.63221968271044,43.56403882447416,45.29224395751953,7501800,0.0,0.0
2022-12-05 00:00:00-05:00,45.72665111711707,46.557702404727486,44.66895177084397,45.04670333862305,7456400,0.0,0.0
2022-12-06 00:00:00-05:00,45.103373161877876,45.21670081786105,44.12122536090399,44.196773529052734,4997600,0.0,0.0
2022-12-07 00:00:00-05:00,43.60181206743885,44.565075442615395,43.025746078687135,44.50841522216797,6008400,0.0,0.0
2022-12-08 00:00:00-05:00,45.80220988699068,46.96379127244245,45.05615240773505,45.622779846191406,9284500,0.0,0.0
2022-12-09 00:00:00-05:00,45.518895485577275,45.717213457089166,44.64062606601742,44.678401947021484,3963700,0.0,0.0
2022-12-12 00:00:00-05:00,44.31009148950223,45.679436523028244,43.75291346881535,45.66999435424805,4188500,0.0,0.0
2022-12-13 00:00:00-05:00,46.331058917252165,46.62381298878447,45.67943757866727,45.96274948120117,5513200,0.0,0.0
2022-12-14 00:00:00-05:00,45.79277113669803,46.38772512811702,45.528343538005046,46.038307189941406,4572300,0.0,0.0
2022-12-15 00:00:00-05:00,45.79276300084854,46.378274718023555,44.89560568424588,45.94386291503906,4375600,0.0,0.0
2022-12-16 00:00:00-05:00,45.51889433141771,45.802206226752055,44.772836911782534,44.848388671875,6640200,0.0,0.0
2022-12-19 00:00:00-05:00,44.44230197238985,44.65950785448274,43.56403267381531,43.7812385559082,5042200,0.0,0.0
2022-12-20 00:00:00-05:00,43.66791696659826,44.14010463292067,43.31849549971537,43.80012893676758,3224200,0.0,0.0
2022-12-21 00:00:00-05:00,44.140103220874735,44.92393284859202,44.09288157374832,44.28175735473633,3157900,0.0,0.0
2022-12-22 00:00:00-05:00,44.24398836903255,44.59340987915977,43.54515255379099,43.93234634399414,2834800,0.0,0.0
2022-12-23 00:00:00-05:00,43.79068858556349,44.14011009569071,43.346834573993235,43.93234634399414,1985700,0.0,0.0
2022-12-27 00:00:00-05:00,44.53674370078405,46.03830073023982,44.36675584065651,45.76443099975586,6039600,0.0,0.0
2022-12-28 00:00:00-05:00,45.311134584686926,45.405574293120786,43.60181368835257,43.61125946044922,4485300,0.0,0.0
2022-12-29 00:00:00-05:00,43.951229532520244,45.25446491812559,43.76235374253936,44.4611930847168,3969100,0.0,0.0
2022-12-30 00:00:00-05:00,43.979562674620205,45.43390167456086,43.856792862285914,45.39612579345703,3924300,0.0,0.0
2023-01-03 00:00:00-05:00,46.54826461599306,47.011006547426675,45.83998306165053,46.58604049682617,5853300,0.0,0.0
2023-01-04 00:00:00-05:00,47.02989447934654,49.107521092210554,46.8410186777214,49.003639221191406,8253600,0.0,0.0
2023-01-05 00:00:00-05:00,48.57866802887427,49.56081928419906,48.26702602819796,48.66366195678711,4981000,0.0,0.0
2023-01-06 00:00:00-05:00,48.635332914261554,49.46638427178952,48.210363265383265,48.701438903808594,4807000,0.0,0.0
2023-01-09 00:00:00-05:00,49.0886281283485,49.948009515417766,49.041410083400805,49.8441276550293,4622800,0.0,0.0
2023-01-10 00:00:00-05:00,50.01412420797872,50.91128162823364,49.70248217505192,50.80739974975586,4558500,0.0,0.0
2023-01-11 00:00:00-05:00,49.8913591996434,50.55241916506017,49.57971355665553,50.2785530090332,4043000,0.0,0.0
2023-01-12 00:00:00-05:00,50.28798454498576,51.07181777038272,49.60803317861788,50.524078369140625,4728900,0.0,0.0
2023-01-13 00:00:00-05:00,50.051891054413666,51.978417536958545,50.014115177695714,51.91231155395508,4685500,0.0,0.0
2023-01-17 00:00:00-05:00,51.48735157031009,51.798993605215465,50.74129407696626,51.42124557495117,6639800,0.0,0.0
2023-01-18 00:00:00-05:00,51.572335126186346,51.94064091262035,51.08125954343905,51.35512924194336,4326900,0.0,0.0
2023-01-19 00:00:00-05:00,51.41179003431219,52.26172924530155,51.27013590081788,51.34568405151367,4575500,0.0,0.0
2023-01-20 00:00:00-05:00,51.279583183195854,51.89342863041203,51.16625914459661,51.53456497192383,5011900,0.0,0.0
2023-01-23 00:00:00-05:00,51.71399859781529,52.79058964818163,51.50623844634654,52.308956146240234,4850700,0.0,0.0
2023-01-24 00:00:00-05:00,51.92175689904248,52.45060839793726,51.5345631452553,52.38450241088867,4352200,0.0,0.0
2023-01-25 00:00:00-05:00,51.562894159636585,52.42227560888033,51.30791597797072,51.95953369140625,8660200,0.0,0.0
2023-01-26 00:00:00-05:00,54.03715853079714,55.61426363174544,52.68670149582047,55.12318801879883,22729100,0.0,0.0
2023-01-27 00:00:00-05:00,55.53871892992008,56.624748485436726,54.78321572303129,55.64259719848633,9276600,0.0,0.0
2023-01-30 00:00:00-05:00,54.64155822772591,54.77377020008377,54.037158581229406,54.66044616699219,6678400,0.0,0.0
2023-01-31 00:00:00-05:00,54.773775650283035,55.73703903367499,54.273257818694574,55.7181510925293,4429400,0.0,0.0
2023-02-01 00:00:00-05:00,56.33199441514829,56.98361214845828,54.292143682062374,55.64259719848633,7091100,0.0,0.0
2023-02-02 00:00:00-05:00,55.71814478649858,55.925908513080664,53.84828205477782,54.20714569091797,6868000,0.0,0.0
2023-02-03 00:00:00-05:00,54.065493745814535,55.21763293127848,53.744405953267524,54.849327087402344,3953800,0.0,0.0
2023-02-06 00:00:00-05:00,54.05604845345709,54.82099020731098,53.536639111326444,54.63211441040039,3652600,0.0,0.0
2023-02-07 00:00:00-05:00,54.65100444597346,55.1231921551032,53.66885674888843,54.81155014038086,3958600,0.0,0.0
2023-02-08 00:00:00-05:00,54.4904597798405,54.83987765938757,54.03716003279145,54.32991409301758,2695200,0.0,0.0
2023-02-09 00:00:00-05:00,55.8220297273994,56.94583514153909,54.22603301703842,54.320472717285156,4708700,0.0,0.0
2023-02-10 00:00:00-05:00,53.75384546038048,54.68877868142291,53.555527493115974,53.649967193603516,3665700,0.0,0.0
2023-02-13 00:00:00-05:00,54.008827110230214,54.943760328888835,53.848285023570064,54.320472717285156,3624000,0.0,0.0
2023-02-14 00:00:00-05:00,53.961610120497646,54.82099159582648,53.75384637838311,54.35824966430664,2884400,0.0,0.0
2023-02-15 00:00:00-05:00,53.73496779307879,53.989946009780844,53.215558382186956,53.40443420410156,3132500,0.0,0.0
2023-02-16 00:00:00-05:00,53.14944500175893,54.263808233498544,52.81891506120318,53.65940856933594,3472500,0.0,0.0
2023-02-17 00:00:00-05:00,53.12111367504949,53.39498339237565,52.64892599793794,52.903907775878906,4244700,0.0,0.0
2023-02-21 00:00:00-05:00,52.32783043581366,53.70661738291914,52.31838826878112,53.21554183959961,3404800,0.0,0.0
2023-02-22 00:00:00-05:00,53.06444831842869,54.405463155849425,52.92279418090576,54.1599235534668,3272600,0.0,0.0
2023-02-23 00:00:00-05:00,54.71710638823327,55.36872768421933,53.25332531874553,53.31943130493164,3730600,0.0,0.0
2023-02-24 00:00:00-05:00,52.49782847335257,53.21555219010684,52.20507080332443,53.02667999267578,2495800,0.0,0.0
2023-02-27 00:00:00-05:00,53.39498339237565,53.57441341277585,52.601707950728,52.903907775878906,2843500,0.0,0.0
2023-02-28 00:00:00-05:00,52.941685249074546,54.348802551841196,52.941685249074546,54.27325439453125,4929200,0.0,0.0
2023-03-01 00:00:00-05:00,55.16096901371072,55.9825746334509,54.91543298571593,55.312068939208984,7091000,0.0,0.0
2023-03-02 00:00:00-05:00,55.028748204788776,56.97416258580491,55.028748204788776,56.82305908203125,5877500,0.0,0.0
2023-03-03 00:00:00-05:00,56.671964743919325,57.597455782853984,56.303658923581125,57.41802215576172,4323500,0.0,0.0
2023-03-06 00:00:00-05:00,57.18193510284802,57.2858169829744,56.26589332879283,56.605865478515625,5275200,0.0,0.0
2023-03-07 00:00:00-05:00,56.36976885077691,56.577532600873134,55.24596337140616,55.7181510925293,10668800,0.0,0.0
2023-03-08 00:00:00-05:00,55.71814755197533,56.04867749475576,55.30262368069334,55.76536560058594,2300400,0.0,0.0
2023-03-09 00:00:00-05:00,55.576487493979606,55.59537543314014,53.14944315069489,53.376094818115234,6619600,0.0,0.0
2023-03-10 00:00:00-05:00,52.91335563561504,54.0088310202416,51.71399837444955,53.083343505859375,6097000,0.0,0.0
2023-03-13 00:00:00-04:00,52.12952945808133,53.23444708798986,52.00675963170036,52.828365325927734,5174700,0.0,0.0
2023-03-14 00:00:00-04:00,53.31943770727084,53.63108333886004,52.45061401164005,52.77170181274414,5208300,0.0,0.0
2023-03-15 00:00:00-04:00,51.50623014090502,51.61955416911492,48.93752815144112,50.1557731628418,7056700,0.0,0.0
2023-03-16 00:00:00-04:00,49.99523153899141,51.62900052123725,49.40971980953195,51.440128326416016,4079500,0.0,0.0
2023-03-17 00:00:00-04:00,51.204034205142285,52.01619760753023,50.64685258739983,51.64788818359375,5346200,0.0,0.0
2023-03-20 00:00:00-04:00,51.5345643553023,52.856691332330136,51.496788475385806,51.902870178222656,3717800,0.0,0.0
2023-03-21 00:00:00-04:00,52.885022769579486,53.19666838296038,52.05397140307005,52.09174728393555,4195300,0.0,0.0
2023-03-22 00:00:00-04:00,52.403401419411736,52.63949530945638,51.392916255714354,51.41180419921875,3427100,0.0,0.0
2023-03-23 00:00:00-04:00,51.883979270376024,52.7905823239811,51.04348580409628,51.68566131591797,3948000,0.0,0.0
2023-03-24 00:00:00-04:00,51.10015702040402,51.43068699236392,50.44853564353092,51.326805114746094,3291500,0.0,0.0
2023-03-27 00:00:00-04:00,51.383471427370154,51.68567130279525,50.77907167651996,51.24181365966797,2443100,0.0,0.0
2023-03-28 00:00:00-04:00,51.64788842843678,52.08230384276599,50.96794060199829,51.544010162353516,2408100,0.0,0.0
2023-03-29 00:00:00-04:00,51.64789270954832,52.38450801946542,51.430686785632545,51.846214294433594,2678400,0.0,0.0
2023-03-30 00:00:00-04:00,52.33728347154387,52.46005328349531,51.57234169536145,52.45061111450195,3475400,0.0,0.0
2023-03-31 00:00:00-04:00,52.88502648674753,54.31103186584088,52.762256666558606,54.254371643066406,4272900,0.0,0.0
2023-04-03 00:00:00-04:00,56.294225170985555,56.945842981116584,55.085425661464804,55.453731536865234,5731200,0.0,0.0
2023-04-04 00:00:00-04:00,54.8871019814426,54.9909838608188,53.8388446204741,54.45269012451172,3363200,0.0,0.0
2023-04-05 00:00:00-04:00,54.5187975906404,54.5187975906404,52.903916338158524,53.40443420410156,2436500,0.0,0.0
2023-04-06 00:00:00-04:00,53.527202265553356,53.84829007147966,52.37506303208135,53.838844299316406,2818700,0.0,0.0
2023-04-10 00:00:00-04:00,53.593307681691016,54.2827013393926,53.49887157611795,53.848289489746094,2476200,0.0,0.0
2023-04-11 00:00:00-04:00,54.103263531572026,54.1976996235893,52.743360750484904,52.818912506103516,2896500,0.0,0.0
2023-04-12 00:00:00-04:00,53.39498947341604,53.763295327107635,52.52616217527875,52.77170181274414,3447200,0.0,0.0
2023-04-13 00:00:00-04:00,53.54608440619511,54.46212606892695,53.20610869528178,54.32991409301758,5199700,0.0,0.0
2023-04-14 00:00:00-04:00,54.02771356657183,55.094858733763765,53.96160757946762,55.009864807128906,3327600,0.0,0.0
2023-04-17 00:00:00-04:00,55.06653030853821,56.001459927586794,54.84932440105717,54.9343147277832,3911800,0.0,0.0
2023-04-18 00:00:00-04:00,55.48205554469315,56.73807657388667,55.1987436411364,56.04867935180664,3720100,0.0,0.0
2023-04-19 00:00:00-04:00,55.84091483176091,56.643632429310856,55.03819363170495,56.05812072753906,5847900,0.0,0.0
2023-04-20 00:00:00-04:00,58.68348378662579,59.95839267310668,57.606896461934866,58.10741424560547,15784400,0.0,0.0
2023-04-21 00:00:00-04:00,57.98465599974137,59.72230702964097,57.427474321607626,59.54287338256836,7333400,0.0,0.0
2023-04-24 00:00:00-04:00,59.54287147449577,60.40225299094186,59.221783677004574,60.3928108215332,8802900,0.0,0.0
2023-04-25 00:00:00-04:00,59.96783438822763,60.13782223847348,58.872359132479936,58.9384651184082,7377100,0.0,0.0
2023-04-26 00:00:00-04:00,59.46732505313381,59.78841286002767,58.230191878997296,58.362403869628906,3583400,0.0,0.0
2023-04-27 00:00:00-04:00,58.74959124666359,58.82514300590836,56.97416813448541,58.759037017822266,6545900,0.0,0.0
2023-04-28 00:00:00-04:00,58.315183379701175,60.47780400040823,58.201859335681284,60.298370361328125,4684000,0.0,0.0
2023-05-01 00:00:00-04:00,60.80832825391147,61.932137226825056,60.695000618025446,61.2521858215332,5375400,0.0,0.0
2023-05-02 00:00:00-04:00,60.81777616739552,60.893327927314516,59.552313008802,60.090606689453125,3602300,0.0,0.0
2023-05-03 00:00:00-04:00,59.684526313872034,59.71285642321878,57.83355138475508,58.01298141479492,4035100,0.0,0.0
2023-05-04 00:00:00-04:00,58.05076129830465,58.64571525064713,57.4274736321555,58.267967224121094,3328300,0.0,0.0
2023-05-05 00:00:00-04:00,58.759038778648346,59.023462738916685,57.918545245647174,58.22074508666992,3183400,0.0,0.0
2023-05-08 00:00:00-04:00,58.286850693109514,58.90069254005036,58.022423132075296,58.740150451660156,2505600,0.0,0.0
2023-05-09 00:00:00-04:00,58.012984174789324,59.014023448572395,57.25748453538062,58.90069580078125,2776200,0.0,0.0
2023-05-10 00:00:00-04:00,59.08956881880462,59.97728040284507,58.01298143321129,59.04235076904297,5601200,0.0,0.0
2023-05-11 00:00:00-04:00,58.76848161890963,59.28788737644414,57.625788231832466,57.748558044433594,3818000,0.0,0.0
2023-05-12 00:00:00-04:00,57.436919611467594,58.003543490093314,56.26589596830596,56.775856018066406,2956800,0.0,0.0
2023-05-15 00:00:00-04:00,57.24803665314527,57.24803665314527,56.29421906902229,56.61530685424805,2836600,0.0,0.0
2023-05-16 00:00:00-04:00,56.416985931390215,56.46420397917346,55.04764093063929,55.16096496582031,3351600,0.0,0.0
2023-05-17 00:00:00-04:00,55.831472275496786,57.28581124662172,55.64259647622626,56.322547912597656,3476800,0.0,0.0
2023-05-18 00:00:00-04:00,56.39810214062244,57.49357750130905,56.27533232534971,57.26692581176758,2622000,0.0,0.0
2023-05-19 00:00:00-04:00,57.10638671620715,57.33303481514574,56.74752302329671,57.125274658203125,1966400,0.0,0.0
2023-05-22 00:00:00-04:00,57.27637601925548,57.74856377340431,56.09590663388341,56.18090057373047,2390400,0.0,0.0
2023-05-23 00:00:00-04:00,55.39706079834295,55.39706079834295,52.32784074953728,52.61115264892578,7604400,0.0,0.0
2023-05-24 00:00:00-04:00,51.81788297332334,53.14001012190456,51.73288903373588,52.790592193603516,3865700,0.0,0.0
2023-05-25 00:00:00-04:00,52.97946227761789,53.62163788361987,52.53560825766543,52.71503829956055,2879300,0.0,0.0
2023-05-26 00:00:00-04:00,52.77168793895941,53.58385119896842,52.431712285699305,53.21554183959961,3047400,0.0,0.0
2023-05-30 00:00:00-04:00,52.90391214482883,53.30999386888059,51.69511274439924,51.96897888183594,4885400,0.0,0.0
2023-05-31 00:00:00-04:00,51.9123156111686,52.15785162401341,50.98682817428252,52.06341552734375,6259200,0.0,0.0
2023-06-01 00:00:00-04:00,51.676218481158585,52.979453824363304,50.47686139668293,52.3656120300293,5730300,0.0,0.0
2023-06-02 00:00:00-04:00,54.065490664638205,56.379211072971124,53.347766958821715,55.66148376464844,7341500,0.0,0.0
2023-06-05 00:00:00-04:00,55.444277257941266,55.444277257941266,54.282695982002735,54.53767776489258,3032200,0.0,0.0
2023-06-06 00:00:00-04:00,54.235485694667574,56.001466885340484,54.112715869966394,55.61427307128906,3473500,0.0,0.0
2023-06-07 00:00:00-04:00,55.61427070002506,56.48309800335582,54.69822534382455,55.23652267456055,3057900,0.0,0.0
2023-06-08 00:00:00-04:00,53.753847149934394,54.79266227291133,53.63108093920122,54.60378646850586,3468800,0.0,0.0
2023-06-09 00:00:00-04:00,54.87765577564491,55.31206760062612,54.57545593196178,55.227073669433594,2290300,0.0,0.0
2023-06-12 00:00:00-04:00,55.44427728047078,55.79369876226153,54.97208959400278,55.670928955078125,2455500,0.0,0.0
2023-06-13 00:00:00-04:00,56.36976900539092,57.11582647141333,55.84092106188657,56.0770149230957,2748600,0.0,0.0
2023-06-14 00:00:00-04:00,56.36976805642143,56.936395475288194,56.086456148241226,56.501983642578125,2933200,0.0,0.0
2023-06-15 00:00:00-04:00,56.32255172530315,56.492539595903175,55.208188396928065,55.397064208984375,4532500,0.0,0.0
2023-06-16 00:00:00-04:00,55.59537016068486,55.92590366088856,54.96264047008992,55.198734283447266,4885300,0.0,0.0
2023-06-20 00:00:00-04:00,55.16096059285588,56.28476589203284,54.717103053367325,55.425384521484375,4807900,0.0,0.0
2023-06-21 00:00:00-04:00,55.46316728395274,55.72759124541177,54.632115916144855,55.07597351074219,3014500,0.0,0.0
2023-06-22 00:00:00-04:00,54.981534729355594,55.31206466505864,54.594340975029404,54.905982971191406,2349000,0.0,0.0
2023-06-23 00:00:00-04:00,54.07493072533059,54.30158239346685,53.12111321100018,54.09381866455078,10250400,0.0,0.0
2023-06-26 00:00:00-04:00,54.09382792811685,55.434843022350925,53.99939181834976,54.792667388916016,3759900,0.0,0.0
2023-06-27 00:00:00-04:00,55.123195873869875,55.623717329018284,54.65100813288502,55.274295806884766,3186000,0.0,0.0
2023-06-28 00:00:00-04:00,55.208180942827646,55.208180942827646,54.39601758239677,54.5187873840332,2778200,0.0,0.0
2023-06-29 00:00:00-04:00,54.60378682989016,54.74544458475838,54.03716301542998,54.188262939453125,4015000,0.0,0.0
2023-06-30 00:00:00-04:00,54.51879899696787,55.20819270260861,54.19771117218249,54.773780822753906,6067000,0.0,0.0
2023-07-03 00:00:00-04:00,55.14208350424031,55.92591687904942,55.05708956724301,55.33095932006836,3518200,0.0,0.0
2023-07-05 00:00:00-04:00,54.85876119249495,54.85876119249495,52.10118344965648,52.22395324707031,8092200,0.0,0.0
2023-07-06 00:00:00-04:00,51.279584208098655,51.75177191462351,50.49575448857066,51.67622375488281,6600700,0.0,0.0
2023-07-07 00:00:00-04:00,51.84621406696564,52.7055955893431,51.80843818405737,52.620601654052734,3961900,0.0,0.0
2023-07-10 00:00:00-04:00,52.715030111222745,54.42435073852539,52.696142172508765,54.42435073852539,3266400,0.0,0.0
2023-07-11 00:00:00-04:00,54.38658012903324,55.31206760062612,54.27325608827864,55.227073669433594,3630600,0.0,0.0
2023-07-12 00:00:00-04:00,55.74647680625259,56.33199212807011,55.34984088099504,55.98257064819336,3805400,0.0,0.0
2023-07-13 00:00:00-04:00,56.63419365981808,57.84299301408596,56.63419365981808,56.78529357910156,3625600,0.0,0.0
2023-07-14 00:00:00-04:00,57.62578750971613,57.82410547969767,56.90806018620257,57.550235748291016,3031500,0.0,0.0
2023-07-17 00:00:00-04:00,56.90805745587731,57.153597066222225,55.699258151121114,56.09589767456055,4261900,0.0,0.0
2023-07-18 00:00:00-04:00,56.010903663540375,56.983609127457996,56.010903663540375,56.66252136230469,3893100,0.0,0.0
2023-07-19 00:00:00-04:00,56.91751173876044,56.93639968103518,55.425396721616224,56.3414421081543,7511100,0.0,0.0
2023-07-20 00:00:00-04:00,54.02771807479635,55.46316917634873,53.26277627375978,53.3005485534668,9916800,0.0,0.0
2023-07-21 00:00:00-04:00,53.44220116098933,54.78321242779247,52.46004993311583,52.856689453125,5893900,0.0,0.0
2023-07-24 00:00:00-04:00,52.960577746478236,54.34880722875303,52.885025980160606,53.38554382324219,4469400,0.0,0.0
2023-07-25 00:00:00-04:00,53.451642058334244,54.301581293495694,53.206106058457586,54.1599235534668,3351600,0.0,0.0
2023-07-26 00:00:00-04:00,54.14104541722401,55.482056805707835,54.074935822468774,55.312068939208984,3764000,0.0,0.0
2023-07-27 00:00:00-04:00,56.14311813835741,56.18089401888345,54.896542901047894,55.085418701171875,4073700,0.0,0.0
2023-07-28 00:00:00-04:00,55.907026823285015,56.28477483815133,55.425393331009474,55.9259147644043,2766700,0.0,0.0
2023-07-31 00:00:00-04:00,55.925915415681196,56.5586452392665,55.26485187883382,56.483097076416016,5126900,0.0,0.0
2023-08-01 00:00:00-04:00,55.812586325856394,57.106383255373274,55.661486401552295,55.93535614013672,3081900,0.0,0.0
2023-08-02 00:00:00-04:00,55.142075460735064,55.63315106925279,54.35824580276875,54.820987701416016,2836000,0.0,0.0
2023-08-03 00:00:00-04:00,54.46213406574305,55.12319764486173,54.06549807977585,54.83988571166992,3588800,0.0,0.0
2023-08-04 00:00:00-04:00,55.30262888071953,55.41595292854192,54.481019627114264,54.71711349487305,2883600,0.0,0.0
2023-08-07 00:00:00-04:00,55.096168518066406,55.304651910864614,54.319098654889864,55.096168518066406,1971600,0.2,0.0
2023-08-08 00:00:00-04:00,54.48967548081467,54.77396871684808,53.940038758163396,54.508628845214844,2794900,0.0,0.0
2023-08-09 00:00:00-04:00,54.81187464461234,55.46574943943173,53.79789316142151,53.87370300292969,3072400,0.0,0.0
2023-08-10 00:00:00-04:00,54.45176919840858,55.34255925759647,54.30014589694878,54.39491271972656,2208500,0.0,0.0
2023-08-11 00:00:00-04:00,53.835793712615015,53.921082033891196,52.56594738193862,53.45673370361328,3943000,0.0,0.0
2023-08-14 00:00:00-04:00,52.74600362292695,53.314590072379005,52.49961712549359,52.8786735534668,3311000,0.0,0.0
2023-08-15 00:00:00-04:00,52.39537535162775,52.49013855472788,51.72254721065715,51.77940368652344,4004400,0.0,0.0
2023-08-16 00:00:00-04:00,51.43825277741814,51.88364780578803,50.784377969479394,50.82228469848633,3013300,0.0,0.0
2023-08-17 00:00:00-04:00,51.01181609952523,51.37191918981528,50.3389842940154,50.680137634277344,3824300,0.0,0.0
2023-08-18 00:00:00-04:00,50.035743834175896,50.907580657009845,49.71354381932197,50.5474739074707,3211000,0.0,0.0
2023-08-21 00:00:00-04:00,50.61379658688164,50.68013154896924,50.01677831310893,50.22526168823242,2773800,0.0,0.0
2023-08-22 00:00:00-04:00,50.623273809235215,50.86018543196279,50.016780633450146,50.64222717285156,2623200,0.0,0.0
2023-08-23 00:00:00-04:00,50.5474679580026,51.55197461901855,50.253696221247104,51.153961181640625,2229100,0.0,0.0
2023-08-24 00:00:00-04:00,50.964424483946594,51.5330145180254,50.566414713577295,50.575889587402344,3243600,0.0,0.0
2023-08-25 00:00:00-04:00,50.680130776711486,50.73699086405628,49.64719602067877,49.86515426635742,6539500,0.0,0.0
2023-08-28 00:00:00-04:00,50.225264750056525,51.15395789088207,50.19683651171003,51.00233459472656,3979000,0.0,0.0
2023-08-29 00:00:00-04:00,51.15396312319372,51.88365144026134,51.07815327485398,51.72255325317383,2629600,0.0,0.0
2023-08-30 00:00:00-04:00,51.514065823684795,52.329042415896666,51.390870762889264,52.03527069091797,2972800,0.0,0.0
2023-08-31 00:00:00-04:00,52.20584276991211,52.81233591596915,51.978406032648564,51.987884521484375,4691900,0.0,0.0
2023-09-01 00:00:00-04:00,52.48066375143023,52.509091989401846,51.63725895175049,52.054222106933594,3595300,0.0,0.0
2023-09-05 00:00:00-04:00,51.29610547036653,51.53301709265625,49.704059079380826,49.855682373046875,5064400,0.0,0.0
2023-09-06 00:00:00-04:00,49.67562969506054,49.80830324672272,49.23971315598161,49.68510818481445,4269600,0.0,0.0
2023-09-07 00:00:00-04:00,49.01227601301968,49.26814099073081,46.76635130255011,47.1738395690918,11904200,0.0,0.0
2023-09-08 00:00:00-04:00,47.11698313560894,47.47708618752554,45.894518334934055,46.31148147583008,9344000,0.0,0.0
2023-09-11 00:00:00-04:00,46.775829831701124,46.89902488366436,45.96085329791787,46.31148147583008,5252700,0.0,0.0
2023-09-12 00:00:00-04:00,46.197772268265325,46.96536732427108,46.131437294719944,46.425209045410156,5199100,0.0,0.0
2023-09-13 00:00:00-04:00,46.18829198144466,46.690543469441394,46.08405028809035,46.29253005981445,3754200,0.0,0.0
2023-09-14 00:00:00-04:00,46.965365521951234,47.259133646383006,46.2735839565362,46.36834716796875,5311900,0.0,0.0
2023-09-15 00:00:00-04:00,46.38729836071012,46.83268977156501,46.01771679245376,46.18829345703125,5163200,0.0,0.0
2023-09-18 00:00:00-04:00,46.18829315463617,46.83268946495106,46.01771649117545,46.53892135620117,3218500,0.0,0.0
2023-09-19 00:00:00-04:00,46.254622051228985,46.63367844195852,45.61969708390622,46.08404541015625,3407400,0.0,0.0
2023-09-20 00:00:00-04:00,46.33043021725319,46.46310012998667,45.36383049092977,45.401737213134766,3661000,0.0,0.0
2023-09-21 00:00:00-04:00,44.02766058234974,44.44462740386037,43.335878991643824,43.440120697021484,9086300,0.0,0.0
2023-09-22 00:00:00-04:00,43.989745358464845,44.48252193376881,42.8810007752691,43.392730712890625,7276300,0.0,0.0
2023-09-25 00:00:00-04:00,42.46403806635943,43.155819530316826,42.05654980998963,42.96628952026367,4652300,0.0,0.0
2023-09-26 00:00:00-04:00,42.7104303613217,43.37378367929012,42.69147699623863,42.9094352722168,4030800,0.0,0.0
2023-09-27 00:00:00-04:00,43.11791211932466,43.75283348566955,42.57775394900658,43.74335861206055,5406100,0.0,0.0
2023-09-28 00:00:00-04:00,43.37377802094804,43.46854121901626,42.757806388551714,43.1652946472168,4216600,0.0,0.0
2023-09-29 00:00:00-04:00,44.06556731430251,44.77630227098481,43.345357482124484,43.440120697021484,4563000,0.0,0.0
2023-10-02 00:00:00-04:00,43.174775595276856,43.68650195497153,42.99472044771317,43.30744552612305,4593500,0.0,0.0
2023-10-03 00:00:00-04:00,42.71043318253991,43.4211681526709,42.321898210134364,42.38823318481445,4189500,0.0,0.0
2023-10-04 00:00:00-04:00,42.33136815516635,42.672521479490214,41.55429830086625,41.904930114746094,4087300,0.0,0.0
2023-10-05 00:00:00-04:00,41.85754514190234,42.24608368631085,41.478488702089884,41.79121017456055,5340900,0.0,0.0
2023-10-06 00:00:00-04:00,41.8385899878593,43.59173438110577,41.80068326427954,43.146339416503906,5111100,0.0,0.0
2023-10-09 00:00:00-04:00,43.60121166582997,43.77178831638834,42.02811870011284,43.32639694213867,4112400,0.0,0.0
2023-10-10 00:00:00-04:00,43.57279282064424,44.529917967849876,43.525411210828686,43.89499282836914,4028600,0.0,0.0
2023-10-11 00:00:00-04:00,43.93289512752158,44.330904947778265,43.695983487373155,44.08451843261719,3328700,0.0,0.0
2023-10-12 00:00:00-04:00,44.09399038877332,44.20771057130573,43.098962289014004,43.54435729980469,4045300,0.0,0.0
2023-10-13 00:00:00-04:00,43.31692047418236,43.487497132699,42.17974395573295,42.44508743286133,3441800,0.0,0.0
2023-10-16 00:00:00-04:00,42.73885732666699,43.31692229201183,42.24608430914431,43.013675689697266,3669200,0.0,0.0
2023-10-17 00:00:00-04:00,42.71043027834434,43.4685468052705,42.70095540331359,42.94734191894531,3860000,0.0,0.0
2023-10-18 00:00:00-04:00,42.68200436035385,42.928390889390066,41.89545593557429,42.265037536621094,4884500,0.0,0.0
2023-10-19 00:00:00-04:00,43.714938995513045,44.45410219221857,42.8904838445885,43.47802734375,10660700,0.0,0.0
2023-10-20 00:00:00-04:00,43.64860196571748,43.97080194153419,42.918913678868314,42.94734191894531,4003800,0.0,0.0
2023-10-23 00:00:00-04:00,42.691474295171155,44.586767303746875,42.49246939686699,44.01818084716797,5844200,0.0,0.0
2023-10-24 00:00:00-04:00,44.38776887657288,45.46808547055891,44.34986214327879,45.1458854675293,5552200,0.0,0.0
2023-10-25 00:00:00-04:00,44.804729830677196,45.74290154981533,44.59625003807918,44.728919982910156,5093700,0.0,0.0
2023-10-26 00:00:00-04:00,44.776301347126704,45.35436634503216,44.38776639008965,45.04164123535156,5911700,0.0,0.0
2023-10-27 00:00:00-04:00,45.48702929969653,45.65760594876913,44.53938285595285,44.57728958129883,4813700,0.0,0.0
2023-10-30 00:00:00-04:00,45.14587537964436,45.534410271627635,44.94687049679581,45.31645202636719,4232900,0.0,0.0
2023-10-31 00:00:00-04:00,45.00373168701187,45.29749977413552,44.634146533398216,44.97529983520508,4633700,0.0,0.0
2023-11-01 00:00:00-04:00,44.95634400797701,45.33540401475794,43.79073936735422,44.28351593017578,5027100,0.0,0.0
2023-11-02 00:00:00-04:00,45.0037306464825,46.30200524613296,44.946870559167905,46.14090347290039,4439200,0.0,0.0
2023-11-03 00:00:00-04:00,46.56734757357147,46.94640761258086,46.19776602377875,46.28305435180664,3762100,0.0,0.0
2023-11-06 00:00:00-05:00,46.511428073783584,47.29169313092205,46.30208742874925,46.80640411376953,3893400,0.2,0.0
2023-11-07 00:00:00-05:00,46.311603642635035,46.4162739705312,45.8263182303926,45.95953369140625,3452000,0.0,0.0
2023-11-08 00:00:00-05:00,46.04516723300802,46.482876161272756,45.7787363427336,45.797767639160156,2699300,0.0,0.0
2023-11-09 00:00:00-05:00,46.102262397796494,46.24499168017154,45.455212820786464,45.56939697265625,2671400,0.0,0.0
2023-11-10 00:00:00-05:00,44.74155413181977,45.502787837091866,44.15159846396497,45.436180114746094,4297300,0.0,0.0
2023-11-13 00:00:00-05:00,45.065085093826276,45.3981237512525,44.70349767301415,45.30297088623047,3095600,0.0,0.0
2023-11-14 00:00:00-05:00,46.12129847705979,47.14896321014375,45.89292651979162,47.07284164428711,4220700,0.0,0.0
2023-11-15 00:00:00-05:00,47.24411379400264,48.01486133992409,46.701734546928776,46.89204025268555,4181500,0.0,0.0
2023-11-16 00:00:00-05:00,46.758826982245324,47.24411599211046,46.55900380399442,46.73979568481445,4292400,0.0,0.0
2023-11-17 00:00:00-05:00,47.120414101710985,47.2631433868453,46.587548666269285,46.70173645019531,3427900,0.0,0.0
2023-11-20 00:00:00-05:00,46.74931097336797,47.17750607101803,46.2545081527333,46.89204025268555,3676000,0.0,0.0
2023-11-21 00:00:00-05:00,46.44481534140596,47.244111610122026,46.44481534140596,47.04428482055664,2286900,0.0,0.0
2023-11-22 00:00:00-05:00,47.3012040537902,47.53908981583483,46.75882480671634,46.89204025268555,2286100,0.0,0.0
2023-11-24 00:00:00-05:00,46.84446774397777,46.84446774397777,46.38772747823548,46.54948806762695,2280300,0.0,0.0
2023-11-27 00:00:00-05:00,46.31160257820979,46.40675906949609,45.8358310113253,46.20693588256836,4237700,0.0,0.0
2023-11-28 00:00:00-05:00,46.187902919726604,46.225965514869365,45.293450083115935,45.35054397583008,5394200,0.0,0.0
2023-11-29 00:00:00-05:00,43.742436566418114,44.26578453465494,42.83846991409153,43.14296340942383,28332500,0.0,0.0
2023-11-30 00:00:00-05:00,43.29520670705184,44.23723587869026,43.05732095591419,43.885162353515625,25960400,0.0,0.0
2023-12-01 00:00:00-05:00,43.8851692972438,44.70349699141291,43.8851692972438,44.53221893310547,10269500,0.0,0.0
2023-12-04 00:00:00-05:00,44.53221462158612,44.617853642448445,43.22860164165847,43.41891098022461,5334700,0.0,0.0
2023-12-05 00:00:00-05:00,43.06683714267829,43.25714647995961,42.51494405739601,42.695735931396484,5158900,0.0,0.0
2023-12-06 00:00:00-05:00,42.96217018255327,43.37133398466129,42.61009664037281,42.657676696777344,5479300,0.0,0.0
2023-12-07 00:00:00-05:00,42.74331595060473,43.047813093755444,42.49591633224047,42.67670822143555,4024200,0.0,0.0
2023-12-08 00:00:00-05:00,42.63864974361607,44.246756356047186,42.438822923968004,44.142086029052734,5994400,0.0,0.0
2023-12-11 00:00:00-05:00,44.15160452215797,45.350547318741484,44.14208705774629,45.30297088623047,6047300,0.0,0.0
2023-12-12 00:00:00-05:00,45.43618102639997,45.664552957488084,45.007985924265206,45.512306213378906,5661400,0.0,0.0
2023-12-13 00:00:00-05:00,45.41714653804077,46.48287367191277,44.969920170589354,46.273536682128906,6341000,0.0,0.0
2023-12-14 00:00:00-05:00,46.62561018675615,46.97768010446176,45.959529315261314,46.25450897216797,7178200,0.0,0.0
2023-12-15 00:00:00-05:00,46.32111663642581,46.49239467829865,45.31247968204674,45.55036544799805,7226700,0.0,0.0
2023-12-18 00:00:00-05:00,45.559881497167716,45.940496532966236,45.312478275542496,45.41714859008789,3858600,0.0,0.0
2023-12-19 00:00:00-05:00,45.740673812951066,46.89204002448014,45.550364478271796,46.873008728027344,7217800,0.0,0.0
2023-12-20 00:00:00-05:00,46.73028494139127,46.82543780498944,45.22684501356641,45.24587631225586,4392300,0.0,0.0
2023-12-21 00:00:00-05:00,45.950013552158495,46.43529889781467,45.58842618627142,46.425785064697266,3396100,0.0,0.0
2023-12-22 00:00:00-05:00,46.38772747823548,46.6065819620381,45.95953234477428,46.54948806762695,3728700,0.0,0.0
2023-12-26 00:00:00-05:00,46.62561461819346,46.93962560182722,46.53046175458576,46.66367721557617,2915700,0.0,0.0
2023-12-27 00:00:00-05:00,46.863502978906,46.863502978906,45.62649753487427,46.18790817260742,3241000,0.0,0.0
2023-12-28 00:00:00-05:00,46.22596115267409,47.072833850515224,46.22596115267409,46.711246490478516,4073500,0.0,0.0
2023-12-29 00:00:00-05:00,46.625612456207726,47.015744986667755,46.59706732441884,46.825435638427734,3236700,0.0,0.0
2024-01-02 00:00:00-05:00,46.539976055495515,48.94737910142171,46.5114309220969,48.84271240234375,7502600,0.0,0.0
2024-01-03 00:00:00-05:00,48.23371864507794,48.80464668550639,47.83407228364202,48.21468734741211,5108100,0.0,0.0
2024-01-04 00:00:00-05:00,48.07195765995803,48.30984343402957,47.55812351679979,47.815040588378906,3755300,0.0,0.0
2024-01-05 00:00:00-05:00,47.843583915016765,48.64288023094097,47.52005912928914,48.347904205322266,2946500,0.0,0.0
2024-01-08 00:00:00-05:00,47.938746271192514,49.29945330462161,47.776982043589136,49.270904541015625,3889500,0.0,0.0
2024-01-09 00:00:00-05:00,48.604820505299024,48.78561237719416,47.45345066158672,47.586666107177734,4407200,0.0,0.0
2024-01-10 00:00:00-05:00,47.46296846845412,47.69133676830709,46.74931117917841,46.90155792236328,3414200,0.0,0.0
2024-01-11 00:00:00-05:00,46.96817029899585,47.50103213801166,46.149842612108394,47.339271545410156,4625700,0.0,0.0
2024-01-12 00:00:00-05:00,47.42491300154636,47.79601426695783,47.0442942714658,47.206058502197266,3741300,0.0,0.0
2024-01-16 00:00:00-05:00,46.62561461819346,46.91107683886565,46.38772882932513,46.66367721557617,3708200,0.0,0.0
2024-01-17 00:00:00-05:00,46.07370949307549,46.07370949307549,45.236354281552835,45.89291763305664,5631600,0.0,0.0
2024-01-18 00:00:00-05:00,46.25451440292916,47.28217914630506,46.16887537182708,47.120418548583984,4219100,0.0,0.0
2024-01-19 00:00:00-05:00,47.015741230505405,47.03477252679386,46.083229491462966,46.48287582397461,7639500,0.0,0.0
2024-01-22 00:00:00-05:00,46.31159986702435,46.492395374959635,45.34102912166648,45.607460021972656,7206400,0.0,0.0
2024-01-23 00:00:00-05:00,46.15934910124342,46.72075961362026,46.149835268424496,46.64463806152344,5392000,0.0,0.0
2024-01-24 00:00:00-05:00,47.57715232999315,48.1480767060136,47.21556495592757,47.234596252441406,9465400,0.0,0.0
2024-01-25 00:00:00-05:00,49.0520449101308,49.0520449101308,46.74931240533187,47.719886779785156,9263900,0.0,0.0
2024-01-26 00:00:00-05:00,47.78649313444626,47.84358339434537,46.91107164089024,47.60569763183594,4810600,0.0,0.0
2024-01-29 00:00:00-05:00,47.46296847835333,48.186139601170126,47.0157420820957,47.95777130126953,4098300,0.0,0.0
2024-01-30 00:00:00-05:00,47.44393932556547,47.52957834936013,46.96816777778378,47.110897064208984,4928900,0.0,0.0
2024-01-31 00:00:00-05:00,46.96816936694411,47.40587833454935,46.53997423348291,46.54948806762695,3618200,0.0,0.0
2024-02-01 00:00:00-05:00,47.52006314176014,48.738040830203396,47.43442411389967,48.38596725463867,5728100,0.0,0.0
2024-02-02 00:00:00-05:00,47.94825837187967,48.32887708083579,47.4344242037436,48.033897399902344,3882000,0.0,0.0
2024-02-05 00:00:00-05:00,47.75684644659182,49.09430340745609,47.594438797945315,48.826812744140625,5924200,0.2,0.0
2024-02-06 00:00:00-05:00,49.142073245831,50.030528617831415,48.9414552313244,49.83946228027344,5013900,0.0,0.0
2024-02-07 00:00:00-05:00,50.05919132738317,51.004964057020665,49.9349976603595,50.3935546875,6731500,0.0,0.0
2024-02-08 00:00:00-05:00,51.11005081282011,51.874312526023516,50.91898447344744,51.21513748168945,6141100,0.0,0.0
2024-02-09 00:00:00-05:00,51.38709714864005,51.45396982120156,50.71836677873764,51.22468948364258,3364700,0.0,0.0
2024-02-12 00:00:00-05:00,51.05272567270444,52.05582296189678,51.05272567270444,52.02716064453125,4271600,0.0,0.0
2024-02-13 00:00:00-05:00,51.2246915161366,51.91252891181823,50.871221140816864,51.45397186279297,4480500,0.0,0.0
2024-02-14 00:00:00-05:00,51.63548092043895,52.34242528841158,51.58771524629059,52.04627227783203,4446300,0.0,0.0
2024-02-15 00:00:00-05:00,52.046272865162614,52.67678924618324,51.912527518322996,52.51438522338867,3753000,0.0,0.0
2024-02-16 00:00:00-05:00,52.44751982625924,53.17356765738265,52.23734645533156,52.781883239746094,4400500,0.0,0.0
2024-02-20 00:00:00-05:00,52.54304385370399,52.59080952834989,50.26936202654325,50.6897087097168,5232700,0.0,0.0
2024-02-21 00:00:00-05:00,50.565516962639585,51.31067171944992,50.2789192595808,51.100502014160156,4060900,0.0,0.0
2024-02-22 00:00:00-05:00,51.883877231257244,51.95074991548942,51.16738106223708,51.253360748291016,2515400,0.0,0.0
2024-02-23 00:00:00-05:00,51.38710035858931,52.552598184813455,51.31067235986639,52.30421447753906,3320600,0.0,0.0
2024-02-26 00:00:00-05:00,52.304208365087106,52.45706070038254,51.41575302734266,51.52083969116211,3007100,0.0,0.0
2024-02-27 00:00:00-05:00,51.83610166622329,51.88387098717276,50.75658352537069,51.014522552490234,3463000,0.0,0.0
2024-02-28 00:00:00-05:00,50.58462143361462,51.501735495275874,50.441320767104344,51.22468948364258,3621800,0.0,0.0
2024-02-29 00:00:00-05:00,51.33932941073304,52.3424231031188,51.04317641251786,52.0844841003418,5979500,0.0,0.0
2024-03-01 00:00:00-05:00,51.01451371800923,51.09093805857599,48.444679213751904,48.98921585083008,10350100,0.0,0.0
2024-03-04 00:00:00-05:00,49.036996466842986,49.036996466842986,47.81417393732447,48.43513870239258,4399000,0.0,0.0
2024-03-05 00:00:00-05:00,48.03389213814644,49.19939349984875,47.74729445826691,48.63574981689453,4231200,0.0,0.0
2024-03-06 00:00:00-05:00,49.142070806195505,49.18984012142897,48.18674281011971,48.320491790771484,3376900,0.0,0.0
2024-03-07 00:00:00-05:00,48.406469881108414,49.2949252469802,48.3395972100675,49.189842224121094,3426800,0.0,0.0
2024-03-08 00:00:00-05:00,49.1038632037799,49.58152722854707,49.056093885873345,49.208946228027344,3168200,0.0,0.0
2024-03-11 00:00:00-04:00,49.3235903104187,50.555960776943145,49.20894831572402,50.25981140136719,3509400,0.0,0.0
2024-03-12 00:00:00-04:00,50.412665889089574,50.96675430980816,50.250258211857975,50.584625244140625,2965500,0.0,0.0
2024-03-13 00:00:00-04:00,50.603729055764106,51.387097781956925,50.37444871537938,50.96675109863281,3831400,0.0,0.0
2024-03-14 00:00:00-04:00,50.708810511695965,51.129153507504576,49.33313589943685,50.020973205566406,4323700,0.0,0.0
2024-03-15 00:00:00-04:00,49.81080381496182,50.307574836990234,48.61664375555331,48.750389099121094,5718300,0.0,0.0
2024-03-18 00:00:00-04:00,48.57843212781096,48.922350824776785,48.1867477549971,48.34915542602539,4174500,0.0,0.0
2024-03-19 00:00:00-04:00,48.396923989678946,48.7886083858643,48.2345199532476,48.51156234741211,3668800,0.0,0.0
2024-03-20 00:00:00-04:00,48.25361498300157,48.673961629303996,47.91925164552196,48.310935974121094,3702300,0.0,0.0
2024-03-21 00:00:00-04:00,48.49245726937824,49.161187730525114,48.06256249976538,48.100772857666016,2892700,0.0,0.0
2024-03-22 00:00:00-04:00,47.87149379878759,48.14853983471285,47.565789084762365,47.8619384765625,2684600,0.0,0.0
2024-03-25 00:00:00-04:00,48.0243435467446,48.26317556936958,47.78551152411963,48.07210922241211,2186600,0.0,0.0
2024-03-26 00:00:00-04:00,48.86503534513098,49.122970733458025,48.40647463540208,48.578433990478516,2686400,0.0,0.0
2024-03-27 00:00:00-04:00,48.86503384373924,49.19939722151024,48.66441217278915,49.18029022216797,2288800,0.0,0.0
2024-03-28 00:00:00-04:00,49.55286498743776,49.86812499354137,49.237608625621455,49.39046096801758,4729100,0.0,0.0
2024-04-01 00:00:00-04:00,50.01142392994879,51.673696405919216,49.86812690337609,50.80434799194336,4667300,0.0,0.0
2024-04-02 00:00:00-04:00,50.59417528305881,50.63238928167397,49.88723453011568,50.546409606933594,2197400,0.0,0.0
2024-04-03 00:00:00-04:00,50.20249456816357,51.711914824924904,50.20249456816357,51.54950714111328,3187400,0.0,0.0
2024-04-04 00:00:00-04:00,51.86476203824002,52.10359405686045,50.1356169114847,50.24070358276367,3386500,0.0,0.0
2024-04-05 00:00:00-04:00,50.345790947193315,51.01452133739492,50.05919324976046,50.80434799194336,2163500,0.0,0.0
2024-04-08 00:00:00-04:00,51.196033257693806,51.25335425589809,49.925445129655124,50.09740447998047,2754200,0.0,0.0
2024-04-09 00:00:00-04:00,49.839465946656865,50.14517429581108,49.44778156577847,50.10696029663086,2316500,0.0,0.0
2024-04-10 00:00:00-04:00,49.61019620265251,49.8967939481514,49.25672577134682,49.5433235168457,2345500,0.0,0.0
2024-04-11 00:00:00-04:00,49.31403318341215,49.610186192433886,48.759944806488605,49.304481506347656,2586800,0.0,0.0
2024-04-12 00:00:00-04:00,48.80771290459111,48.951013577687256,47.91925747768497,48.17719650268555,2881800,0.0,0.0
2024-04-15 00:00:00-04:00,48.53066731155566,49.05609704376562,47.85238522735212,48.0052375793457,5165900,0.0,0.0
2024-04-16 00:00:00-04:00,47.546679403000574,48.50200749152149,47.29829205918416,48.25362014770508,4493000,0.0,0.0
2024-04-17 00:00:00-04:00,48.30138978125955,48.53066648319266,47.623104064346045,47.98612976074219,9102500,0.0,0.0
2024-04-18 00:00:00-04:00,45.94172608172964,46.05636442735779,43.41010529088332,43.83045196533203,21519900,0.0,0.0
2024-04-19 00:00:00-04:00,44.23168634076188,44.75711601985889,43.37189331431782,43.4292106628418,7998600,0.0,0.0
2024-04-22 00:00:00-04:00,43.92598004431565,45.20611968215726,43.92598004431565,44.480072021484375,7882200,0.0,0.0
2024-04-23 00:00:00-04:00,44.823995544553604,44.98640322687964,43.92598838556404,43.954647064208984,7965400,0.0,0.0
2024-04-24 00:00:00-04:00,43.94509249267747,44.09794484253268,43.037530071036414,43.792240142822266,7358100,0.0,0.0
2024-04-25 00:00:00-04:00,43.46742826338144,44.145710335279944,43.45787658593092,43.515193939208984,5172700,0.0,0.0
2024-04-26 00:00:00-04:00,43.41010334001482,43.945088336049224,43.08529167175949,43.41965866088867,4932300,0.0,0.0
2024-04-29 00:00:00-04:00,44.050183225788246,44.27945994955546,43.50564645148134,43.70626449584961,4830200,0.0,0.0
2024-04-30 00:00:00-04:00,43.23814618214892,43.48653351734366,42.3496944434076,42.378353118896484,6435600,0.0,0.0
2024-05-01 00:00:00-04:00,42.18728636436641,43.19038008377989,42.03443402278233,42.55031204223633,5559600,0.0,0.0
2024-05-02 00:00:00-04:00,43.305026261447026,44.833549825119626,43.02798022669148,44.56605911254883,8361700,0.0,0.0
2024-05-03 00:00:00-04:00,45.034165062353566,45.11059305793386,44.480076671546044,44.77622604370117,4703600,0.0,0.0
2024-05-06 00:00:00-04:00,45.284718650859915,45.62051488333051,44.89135578143532,45.112022399902344,4141300,0.2,0.0
2024-05-07 00:00:00-04:00,44.81460340639655,45.39985144678138,44.66109602366485,44.82419967651367,4597000,0.0,0.0
2024-05-08 00:00:00-04:00,44.81460666415277,44.93933256540933,44.51718814718593,44.87217330932617,3438700,0.0,0.0
2024-05-09 00:00:00-04:00,44.87216582134481,45.3998471710442,44.83378806430011,45.28471755981445,3230700,0.0,0.0
2024-05-10 00:00:00-04:00,45.438226448116936,45.543763453568175,44.53636742691869,44.6515007019043,2222900,0.0,0.0
2024-05-13 00:00:00-04:00,45.33268996900436,45.505386223583415,44.84338635430009,45.01607894897461,3045300,0.0,0.0
2024-05-14 00:00:00-04:00,44.97770349979693,45.0928331127584,44.14300374108917,44.440425872802734,7156300,0.0,0.0
2024-05-15 00:00:00-04:00,44.51718207924407,44.622715424486415,43.72086006579415,44.238948822021484,6392400,0.0,0.0
2024-05-16 00:00:00-04:00,44.25814145718589,44.91054876263903,44.0854451904539,44.72825622558594,3911000,0.0,0.0
2024-05-17 00:00:00-04:00,44.7090646027356,45.84118287747438,44.450023878429974,45.12161636352539,8169600,0.0,0.0
2024-05-20 00:00:00-04:00,45.25593556048537,45.591735468131205,44.85298006319589,44.92013931274414,6858600,0.0,0.0
2024-05-21 00:00:00-04:00,44.661092075205445,45.00648457079202,44.277325482257105,44.33488845825195,3786200,0.0,0.0
2024-05-22 00:00:00-04:00,44.23895279042911,44.31570465384525,43.53857510969714,44.008689880371094,3680100,0.0,0.0
2024-05-23 00:00:00-04:00,43.99908999689598,44.03746775221264,42.79021632375059,42.98210144042969,4147200,0.0,0.0
2024-05-24 00:00:00-04:00,43.183583004818715,43.35627925919143,42.9533237722581,43.058860778808594,5878000,0.0,0.0
2024-05-28 00:00:00-04:00,43.058862280062,43.41384741091386,42.70387348930551,42.914947509765625,4227200,0.0,0.0
2024-05-29 00:00:00-04:00,42.39685906851643,42.61752570081008,41.974714684116144,42.118629455566406,4189600,0.0,0.0
2024-05-30 00:00:00-04:00,42.118628353277344,42.57915048599931,42.099439473592525,42.214569091796875,4772800,0.0,0.0
2024-05-31 00:00:00-04:00,42.5503667564153,43.22196292817671,41.993903866604775,43.20277404785156,6696400,0.0,0.0
2024-06-03 00:00:00-04:00,43.38506152263852,43.45222076599397,42.684683942000134,43.039669036865234,4230500,0.0,0.0
2024-06-04 00:00:00-04:00,42.81900978045361,42.85738388331368,41.62932475407386,41.80202102661133,6161900,0.0,0.0
2024-06-05 00:00:00-04:00,41.811610069924605,42.01308779975699,41.399058341274916,41.83079528808594,16346800,0.0,0.0
2024-06-06 00:00:00-04:00,41.90755557947264,42.09944072210688,41.64851118590213,41.88836669921875,6924600,0.0,0.0
2024-06-07 00:00:00-04:00,41.25514715097109,44.047065102466206,41.24555454106144,43.193180084228516,10343400,0.0,0.0
2024-06-10 00:00:00-04:00,43.087643770159424,43.38506592081644,42.65590311917493,42.914947509765625,5166600,0.0,0.0
2024-06-11 00:00:00-04:00,42.69428187933158,42.790222621840094,42.03228197225147,42.3297004699707,5033000,0.0,0.0
2024-06-12 00:00:00-04:00,42.483202129336945,42.66549463940593,41.9747096747324,42.444828033447266,6279500,0.0,0.0
2024-06-13 00:00:00-04:00,42.20497498105288,42.51198972528308,42.02268246048189,42.2817268371582,3836600,0.0,0.0
2024-06-14 00:00:00-04:00,41.917150975203995,42.14741389364787,41.47581767975023,41.4950065612793,4643500,0.0,0.0
2024-06-17 00:00:00-04:00,41.41825087616097,42.65590628074757,41.360687891699676,42.55036926269531,5992200,0.0,0.0
2024-06-18 00:00:00-04:00,42.30091408329384,42.55995844997073,41.95552159439132,42.50239181518555,7335500,0.0,0.0
2024-06-20 00:00:00-04:00,42.37767188508179,43.17399397515564,42.35848666403129,42.79981994628906,7153000,0.0,0.0
2024-06-21 00:00:00-04:00,42.934136314231345,44.16219535495496,42.723062294142736,44.04706573486328,14191500,0.0,0.0
2024-06-24 00:00:00-04:00,43.89355106032675,43.97989917602192,42.675084832141216,43.020477294921875,10190900,0.0,0.0
2024-06-25 00:00:00-04:00,42.92454215254366,42.92454215254366,42.24334974685549,42.56955337524414,7979900,0.0,0.0
2024-06-26 00:00:00-04:00,42.48321353968177,42.53118757726138,41.75405428327749,42.03228759765625,9738600,0.0,0.0
2024-06-27 00:00:00-04:00,42.09943648413916,42.521580827515294,41.7636366033566,42.34888458251953,6879800,0.0,0.0
2024-06-28 00:00:00-04:00,42.511988632598005,42.742247854900086,42.16659613924053,42.45442199707031,20974600,0.0,0.0
2024-07-01 00:00:00-04:00,42.281729383247495,42.6750922767237,40.98651108177587,41.140018463134766,6405900,0.0,0.0
2024-07-02 00:00:00-04:00,40.9577288618999,41.36068805423705,40.525991837123925,40.5931510925293,6171300,0.0,0.0
2024-07-03 00:00:00-04:00,40.813817423441215,41.35109146251336,40.7082804057935,40.82341003417969,3382100,0.0,0.0
2024-07-05 00:00:00-04:00,40.56436131261991,40.86178345255958,40.23815768361993,40.38207244873047,6754900,0.0,0.0
2024-07-08 00:00:00-04:00,40.43963578589213,40.621924634902335,39.72006933888269,39.76803970336914,4810500,0.0,0.0
2024-07-09 00:00:00-04:00,39.83520397327378,40.31491499849157,39.528189209926765,39.93114471435547,3866600,0.0,0.0
2024-07-10 00:00:00-04:00,39.950325673693605,40.027081179264556,39.50899249637248,39.74884796142578,4079500,0.0,0.0
2024-07-11 00:00:00-04:00,39.92154870728796,40.90975216398096,39.84479319302999,40.60273742675781,4116100,0.0,0.0
2024-07-12 00:00:00-04:00,40.77543855404671,41.255149595859024,40.52599042266242,40.9961051940918,3591200,0.0,0.0
2024-07-15 00:00:00-04:00,40.871383611533716,41.24556133795368,40.410861401984356,40.535587310791016,3077900,0.0,0.0
2024-07-16 00:00:00-04:00,40.59314724849313,41.43743599646787,40.257347343360486,41.15920639038086,5631000,0.0,0.0
2024-07-17 00:00:00-04:00,40.96732168739951,41.274336446263675,40.39166626960074,40.62192916870117,4076100,0.0,0.0
2024-07-18 00:00:00-04:00,40.41085424152324,40.641117135449875,39.269143361394356,39.43224334716797,6048300,0.0,0.0
2024-07-19 00:00:00-04:00,39.461024273899554,39.604935364788304,38.866180053199436,39.40345764160156,4169000,0.0,0.0
2024-07-22 00:00:00-04:00,39.50899723375703,39.95992673329587,39.44183798828159,39.72966384887695,4320100,0.0,0.0
2024-07-23 00:00:00-04:00,39.576154845541865,39.66250296614649,38.98131427021236,39.46102523803711,5414300,0.0,0.0
2024-07-24 00:00:00-04:00,39.422650497221554,39.56656526253707,38.53998034576847,38.683895111083984,6684200,0.0,0.0
2024-07-25 00:00:00-04:00,38.01229695020823,39.29792252029131,37.65731185053058,37.74365997314453,10539000,0.0,0.0
2024-07-26 00:00:00-04:00,38.10824534528561,38.16580832647245,37.34070477035044,37.59015655517578,6490800,0.0,0.0
2024-07-29 00:00:00-04:00,37.50380380956659,38.30012211722302,37.254355715334434,37.94513702392578,7334000,0.0,0.0
2024-07-30 00:00:00-04:00,37.81081868071445,38.62632586945622,37.75325204648749,37.868385314941406,6402300,0.0,0.0
2024-07-31 00:00:00-04:00,38.194586726208314,38.74145691025413,38.04107937033412,38.060264587402344,10040700,0.0,0.0
2024-08-01 00:00:00-04:00,38.06026562009881,38.0890507662903,36.76504749851091,36.90896224975586,6021700,0.0,0.0
2024-08-02 00:00:00-04:00,36.467628084583545,36.70748358113013,35.77684674326442,36.515602111816406,5808300,0.0,0.0
2024-08-05 00:00:00-04:00,35.16282292726615,36.44844874244346,35.134037774304296,36.32372283935547,7218200,0.0,0.0
2024-08-06 00:00:00-04:00,36.516616979963146,37.403970921221614,36.333356381277554,37.133907318115234,6823100,0.2,0.0
2024-08-07 00:00:00-04:00,37.45220727477246,37.64510778485943,36.84456036584264,37.1146240234375,6580200,0.0,0.0
2024-08-08 00:00:00-04:00,37.403978935219996,38.80252972687176,37.403978935219996,38.40707778930664,6179400,0.0,0.0
2024-08-09 00:00:00-04:00,38.33956196158322,38.42636866414159,36.52626844110909,37.20143127441406,6366500,0.0,0.0
2024-08-12 00:00:00-04:00,37.11462374876138,37.52936646519345,36.7095282653671,37.07604217529297,6637300,0.0,0.0
2024-08-13 00:00:00-04:00,37.15320351137378,38.214170974653875,37.14355627880621,37.982688903808594,6378600,0.0,0.0
2024-08-14 00:00:00-04:00,38.030918529643266,38.15630681247338,37.259305403268705,38.09843444824219,8528500,0.0,0.0
2024-08-15 00:00:00-04:00,38.39743992414624,38.97614890605803,38.20453570372832,38.706085205078125,9741800,0.0,0.0
2024-08-16 00:00:00-04:00,38.628912019631244,39.33300911397835,38.57104334406418,38.937557220458984,6004000,0.0,0.0
2024-08-19 00:00:00-04:00,38.93756011840337,39.699529624368466,38.93756011840337,39.40052795410156,3429600,0.0,0.0
2024-08-20 00:00:00-04:00,39.24620616256006,39.55485139281042,38.99543329273465,39.516273498535156,4987500,0.0,0.0
2024-08-21 00:00:00-04:00,39.738110142750735,40.0371081257426,39.5837875349462,39.82491683959961,4170900,0.0,0.0
2024-08-22 00:00:00-04:00,39.95030003248058,39.98888160291844,39.5355610279673,39.61272048950195,2999200,0.0,0.0
2024-08-23 00:00:00-04:00,39.00507071966225,39.284781565434635,38.638556865899254,39.159393310546875,5143700,0.0,0.0
2024-08-26 00:00:00-04:00,39.37159180792159,39.43910771757133,38.94720556450306,39.11117172241211,4605800,0.0,0.0
2024-08-27 00:00:00-04:00,39.101528232865384,39.26549439104089,38.46494702703253,38.5228157043457,6217900,0.0,0.0
2024-08-28 00:00:00-04:00,38.30097915683003,38.32991717631414,37.191786525707734,37.625816345214844,6236300,0.0,0.0
2024-08-29 00:00:00-04:00,37.7897878224195,38.10807661575366,37.1821408978015,37.26894760131836,7656300,0.0,0.0
2024-08-30 00:00:00-04:00,37.62581634303971,37.712623042804374,37.066398250710655,37.606529235839844,12254200,0.0,0.0
2024-09-03 00:00:00-04:00,37.45220851616504,38.03091742429062,37.20143195779352,37.30752944946289,7459700,0.0,0.0
2024-09-04 00:00:00-04:00,37.2496565830051,38.59033502285466,37.2496565830051,38.44565963745117,5852400,0.0,0.0
2024-09-05 00:00:00-04:00,38.638560695250355,38.667495034114815,37.88623477070385,38.561397552490234,5031300,0.0,0.0
2024-09-06 00:00:00-04:00,38.56139971569837,38.72536956359138,38.1466569984495,38.29133605957031,6282600,0.0,0.0
2024-09-09 00:00:00-04:00,38.34920272679301,38.70607674432686,37.616171264648436,38.5806884765625,9216500,0.0,0.0
2024-09-10 00:00:00-04:00,38.62891685540281,38.62891685540281,37.529367729888975,37.88623809814453,5057200,0.0,0.0
2024-09-11 00:00:00-04:00,37.982684948824364,37.982684948824364,37.365394585058,37.96339416503906,5629000,0.0,0.0
2024-09-12 00:00:00-04:00,38.11772086515464,38.18523677601115,37.384685719653696,38.01162338256836,4541500,0.0,0.0
2024-09-13 00:00:00-04:00,37.992332524736035,38.91826816844951,37.86694425652238,38.599979400634766,6328000,0.0,0.0
2024-09-16 00:00:00-04:00,38.69643103382283,39.09188295908826,38.55175565394991,38.83146286010742,4013200,0.0,0.0
2024-09-17 00:00:00-04:00,39.15939454192357,40.13355891698001,39.06294429934057,39.93101119995117,4267800,0.0,0.0
2024-09-18 00:00:00-04:00,40.03711666962129,40.05640745963114,39.3137286012908,39.34266662597656,3152500,0.0,0.0
2024-09-19 00:00:00-04:00,40.326463476331156,41.1559451369529,40.23000955346286,40.606170654296875,5322800,0.0,0.0
2024-09-20 00:00:00-04:00,40.69297664006274,40.71226742430212,40.114267830244806,40.49042892456055,7983500,0.0,0.0
2024-09-23 00:00:00-04:00,40.68334170829522,41.32956656021371,40.37469645374584,40.63511657714844,7011700,0.0,0.0
2024-09-24 00:00:00-04:00,42.82456574916896,43.76979217683459,42.448400945274656,42.805274963378906,10905500,0.0,0.0
2024-09-25 00:00:00-04:00,42.33266249131682,43.34540489133398,41.937210556859014,43.22966384887695,8223800,0.0,0.0
2024-09-26 00:00:00-04:00,46.77909033659973,47.02021966823169,45.448055395775675,46.682640075683594,16656500,0.0,0.0
2024-09-27 00:00:00-04:00,48.22585978256076,49.672635576037585,47.67608527538685,49.30611801147461,16750200,0.0,0.0
2024-09-30 00:00:00-04:00,49.547250268990446,49.788379582301744,48.19692832205196,48.55379867553711,9416100,0.0,0.0
2024-10-01 00:00:00-04:00,48.68882449633847,50.54069930739069,48.68882449633847,49.99092483520508,12142200,0.0,0.0
2024-10-02 00:00:00-04:00,50.26099215307529,51.157993448283726,49.74979921169413,49.98128128051758,10484800,0.0,0.0
2024-10-03 00:00:00-04:00,49.161447821101696,50.21277182233945,48.804573771972414,50.1259651184082,6042100,0.0,0.0
2024-10-04 00:00:00-04:00,50.887927036821935,51.283378950847116,50.309218175096724,50.714317321777344,6426400,0.0,0.0
2024-10-07 00:00:00-04:00,51.91996461194944,52.46009190966378,50.84934989063528,51.437705993652344,8817600,0.0,0.0
2024-10-08 00:00:00-04:00,49.749799349446555,50.47318725536982,48.987829872165506,50.000572204589844,8469800,0.0,0.0
2024-10-09 00:00:00-04:00,49.113218744866614,50.29957825190293,48.9685433586647,50.08738327026367,7827300,0.0,0.0
2024-10-10 00:00:00-04:00,50.097023425642696,50.434606662561485,49.720862295958774,50.1645393371582,3438700,0.0,0.0
2024-10-11 00:00:00-04:00,50.01986911836513,51.51487023789575,49.91377162380345,50.9940299987793,5721700,0.0,0.0
2024-10-14 00:00:00-04:00,50.32850702684637,50.98437900724385,49.79802331076222,50.415313720703125,4263300,0.0,0.0
2024-10-15 00:00:00-04:00,49.836604612643946,50.00057445863578,49.01676642070874,49.142154693603516,5008600,0.0,0.0
2024-10-16 00:00:00-04:00,49.54724697352715,50.0487963533768,49.13250428786958,49.846248626708984,2725200,0.0,0.0
2024-10-17 00:00:00-04:00,49.48937666637427,49.61476124769967,48.83350470505307,48.99747085571289,4377800,0.0,0.0
2024-10-18 00:00:00-04:00,49.67263821580797,50.13560605280328,49.499024817017066,49.720863342285156,3229100,0.0,0.0
2024-10-21 00:00:00-04:00,49.50866969865044,49.566538375938244,48.87208481375563,49.35434341430664,3430300,0.0,0.0
2024-10-22 00:00:00-04:00,49.479731479017985,50.13560346744174,49.16144271720885,49.91376495361328,4714200,0.0,0.0
2024-10-23 00:00:00-04:00,49.315761002502065,49.662987751768135,49.00711582078573,49.22895431518555,4486900,0.0,0.0
2024-10-24 00:00:00-04:00,50.29957772554837,51.50522432798873,49.47973582828406,50.60822296142578,8057200,0.0,0.0
2024-10-25 00:00:00-04:00,50.76254341684671,52.19002849180332,50.76254341684671,50.8879280090332,7170100,0.0,0.0
2024-10-28 00:00:00-04:00,51.03260847903658,51.99712574658923,51.03260847903658,51.71741485595703,4213700,0.0,0.0
2024-10-29 00:00:00-04:00,52.23824592945413,52.27682749645206,51.48592376969823,51.495567321777344,5596800,0.0,0.0
2024-10-30 00:00:00-04:00,50.98437923267457,51.418412703877465,50.88792530610665,51.05189514160156,5813400,0.0,0.0
2024-10-31 00:00:00-04:00,50.76254168341237,50.93615507518652,49.99092865293902,50.010215759277344,6325400,0.0,0.0
2024-11-01 00:00:00-04:00,50.54070246310791,51.28337746504644,49.865539691095414,49.894474029541016,4848900,0.0,0.0
2024-11-04 00:00:00-05:00,49.91377025912838,50.08738366742049,49.344704905135664,49.5472526550293,7091700,0.0,0.0
2024-11-05 00:00:00-05:00,49.56661478372614,49.595665908143324,48.36594086118302,48.74357223510742,7339200,0.2,0.0
2024-11-06 00:00:00-05:00,49.276128671110364,49.276128671110364,47.80433187340506,49.09215545654297,6280200,0.0,0.0
2024-11-07 00:00:00-05:00,49.711859104763484,50.40902698813848,49.556933318871494,49.82805252075195,6048600,0.0,0.0
2024-11-08 00:00:00-05:00,48.946909882779416,49.140568032489284,47.920527968644464,48.78230285644531,8699100,0.0,0.0
2024-11-11 00:00:00-05:00,49.082467414450335,49.431051330518,48.627375029559175,49.034053802490234,3694800,0.0,0.0
2024-11-12 00:00:00-05:00,48.62738102618637,48.74357444796372,47.32987611955215,47.69782257080078,9384000,0.0,0.0
2024-11-13 00:00:00-05:00,47.61067129813061,48.007672524786095,47.37828448036169,47.95925521850586,5498500,0.0,0.0
2024-11-14 00:00:00-05:00,47.717189792150336,47.87211558912268,46.63270921334392,46.99097442626953,7592500,0.0,0.0
2024-11-15 00:00:00-05:00,46.913511074776636,47.24272883891874,46.20666192988494,46.439048767089844,6334200,0.0,0.0
2024-11-18 00:00:00-05:00,46.48746144889596,47.5913118314499,46.31317317135807,47.581626892089844,4904600,0.0,0.0
2024-11-19 00:00:00-05:00,47.29113597967011,47.678452246937006,46.8941384678963,47.62035369873047,3360300,0.0,0.0
2024-11-20 00:00:00-05:00,47.75591993047661,48.35625690394129,47.6203603261835,48.32720947265625,3206000,0.0,0.0
2024-11-21 00:00:00-05:00,47.84306265723834,48.6564239212833,47.61067214163038,48.48213195800781,3347300,0.0,0.0
2024-11-22 00:00:00-05:00,48.26911199847713,48.89850011105887,48.10450495920877,48.4918212890625,3408400,0.0,0.0
2024-11-25 00:00:00-05:00,48.9953258598926,50.07981007308535,48.76293902400999,49.76995849609375,5146200,0.0,0.0
2024-11-26 00:00:00-05:00,49.54724754850372,49.624712287011484,49.14056875250405,49.30517578125,5795600,0.0,0.0
2024-11-27 00:00:00-05:00,49.38264308231111,50.40902875846778,49.38264308231111,49.78932189941406,3123500,0.0,0.0
2024-11-29 00:00:00-05:00,49.8667825933916,51.85177028797639,49.83773516416316,51.37731170654297,4739200,0.0,0.0
2024-12-02 00:00:00-05:00,52.0066957347947,53.48817740926196,51.89050232490064,53.25578689575195,6710100,0.0,0.0
2024-12-03 00:00:00-05:00,52.83942438305916,53.139594700344475,51.77431009829007,52.190673828125,3645700,0.0,0.0
2024-12-04 00:00:00-05:00,52.44243185177713,52.9072092401363,52.07448170084692,52.86847686767578,4958500,0.0,0.0
2024-12-05 00:00:00-05:00,52.945941149410395,53.15896550235729,52.093847431345125,52.1325798034668,2872800,0.0,0.0
2024-12-06 00:00:00-05:00,52.58767215437232,53.1395954893301,52.268135647964115,52.2778205871582,3063300,0.0,0.0
2024-12-09 00:00:00-05:00,53.73993139767691,54.814730616625965,53.30420148543784,53.42039489746094,5328500,0.0,0.0
2024-12-10 00:00:00-05:00,52.97498050747415,53.68182956921011,52.48115576621705,53.139591217041016,3457500,0.0,0.0
2024-12-11 00:00:00-05:00,53.2557894247906,53.323569224924384,52.34560089890685,52.72323226928711,4981300,0.0,0.0
2024-12-12 00:00:00-05:00,52.78132832360347,53.20737701261758,52.03575050527311,52.09384536743164,3585400,0.0,0.0
2024-12-13 00:00:00-05:00,52.239085828872,52.577984810726065,51.73557613174463,52.16162109375,3378800,0.0,0.0
2024-12-16 00:00:00-05:00,51.94860271402046,52.27782046513226,50.73824387812736,50.82538986206055,4659600,0.0,0.0
2024-12-17 00:00:00-05:00,50.835068638949565,52.06479359974792,50.389657495463446,51.93891525268555,5654900,0.0,0.0
2024-12-18 00:00:00-05:00,51.93891921265896,52.21972335685286,49.31486207029501,49.402008056640625,9479200,0.0,0.0
2024-12-19 00:00:00-05:00,49.88615335369412,50.17663875379156,49.295497613720045,49.65376281738281,3788200,0.0,0.0
2024-12-20 00:00:00-05:00,49.6634438205204,50.70919191672296,49.421372057340314,50.59299850463867,8899500,0.0,0.0
2024-12-23 00:00:00-05:00,50.44775826658522,50.61236900030531,49.65376311121658,50.02171325683594,2302900,0.0,0.0
2024-12-24 00:00:00-05:00,50.00234351660938,50.43807343522253,49.760271750015626,50.244415283203125,966900,0.0,0.0
2024-12-26 00:00:00-05:00,50.07980857244752,50.641413153770536,49.97329640347538,50.32188034057617,1660400,0.0,0.0
2024-12-27 00:00:00-05:00,49.982979646295064,50.24441760956778,49.70217919127372,50.215370178222656,1747800,0.0,0.0
2024-12-30 00:00:00-05:00,49.41168827065708,49.46010557939981,48.8888160572229,49.09215545654297,2426900,0.0,0.0
2024-12-31 00:00:00-05:00,49.295494143723104,49.88614984211988,49.23739559030437,49.731224060058594,1917100,0.0,0.0
2025-01-02 00:00:00-05:00,49.61503263283916,50.10885742863726,48.10450342698954,48.317527770996094,3161000,0.0,0.0
2025-01-03 00:00:00-05:00,49.82805294144432,49.87646655737142,47.97862474074079,48.8210334777832,3050900,0.0,0.0
2025-01-06 00:00:00-05:00,49.46010201121591,50.33155809988508,49.07278573154842,49.314857482910156,3510800,0.0,0.0
2025-01-07 00:00:00-05:00,49.28581349321493,49.799004459914144,47.63972473036965,47.93021011352539,4651900,0.0,0.0
2025-01-08 00:00:00-05:00,47.504166421760715,47.85274667478477,47.23304352222358,47.591312408447266,2584500,0.0,0.0
2025-01-10 00:00:00-05:00,47.12652776065726,47.27177229197889,45.528856384728634,45.71282958984375,4817600,0.0,0.0
2025-01-13 00:00:00-05:00,45.683783905549255,45.78061113431321,45.02534840753274,45.38361358642578,4953400,0.0,0.0
2025-01-14 00:00:00-05:00,44.483102555486965,44.89946625260959,42.924163619571154,43.572914123535156,6820700,0.0,0.0
2025-01-15 00:00:00-05:00,43.94087323455014,44.58962387174861,42.624002079596444,42.79829406738281,5657200,0.0,0.0
2025-01-16 00:00:00-05:00,42.88543644330598,43.26306782041062,42.391607954998264,42.58526611328125,4027000,0.0,0.0
2025-01-17 00:00:00-05:00,42.79829281979407,43.43736219180745,42.76924169352822,42.99195098876953,4403600,0.0,0.0
2025-01-21 00:00:00-05:00,43.40831020538483,44.2894512727482,43.40831020538483,43.92150115966797,6228400,0.0,0.0
2025-01-22 00:00:00-05:00,43.57291655106978,43.747208512771806,42.478751167878556,42.60462951660156,5364100,0.0,0.0
2025-01-23 00:00:00-05:00,42.633683348432754,42.68210066240507,41.84937309670667,42.072078704833984,5766100,0.0,0.0
2025-01-24 00:00:00-05:00,42.22699938099109,42.45938620747578,41.81063564867383,42.120487213134766,4824500,0.0,0.0
2025-01-27 00:00:00-05:00,41.72349472907908,42.70146315552705,41.72349472907908,42.072078704833984,4793200,0.0,0.0
2025-01-28 00:00:00-05:00,42.10112252492846,42.32382811394216,41.64602640744882,41.85905075073242,4279700,0.0,0.0
2025-01-29 00:00:00-05:00,41.93651045400724,42.749871665353076,41.888093150006256,42.052703857421875,9646700,0.0,0.0
2025-01-30 00:00:00-05:00,45.993636675561035,47.18462935043944,45.05439701830061,46.71017074584961,13509200,0.0,0.0
2025-01-31 00:00:00-05:00,46.322857732944904,46.38095629209783,43.85372622164235,44.37660217285156,9316700,0.0,0.0
2025-02-03 00:00:00-05:00,43.06940470001468,43.93117952667888,42.80796677051176,43.50513458251953,6387900,0.0,0.0
2025-02-04 00:00:00-05:00,43.74721266406077,44.27976984480967,43.08877712264393,43.11782455444336,6377000,0.0,0.0
2025-02-05 00:00:00-05:00,42.60463225020349,42.7692392836381,41.655711338786524,42.1495361328125,8821400,0.0,0.0
2025-02-06 00:00:00-05:00,42.29478011300885,42.41097352881477,40.71647113227987,40.977909088134766,12314900,0.0,0.0
2025-02-07 00:00:00-05:00,41.636340059762404,42.70145425822114,41.413634498038185,41.616973876953125,9402000,0.0,0.0
2025-02-10 00:00:00-05:00,41.77280999075996,41.97733906464069,40.48719336160558,40.58458709716797,6426100,0.25,0.0
2025-02-11 00:00:00-05:00,40.302144310149984,40.77937882217424,40.07813574313186,40.17552947998047,5281200,0.0,0.0
2025-02-12 00:00:00-05:00,40.35084150491846,41.31505213964978,40.24370616431877,40.798858642578125,5984100,0.0,0.0
2025-02-13 00:00:00-05:00,41.87994250028332,41.92863936477527,40.847551882524044,41.11051940917969,5781100,0.0,0.0
2025-02-14 00:00:00-05:00,41.63645751652383,42.41561855154425,41.41244895116377,42.24030685424805,5918100,0.0,0.0
2025-02-18 00:00:00-05:00,42.551970226358094,43.20452013150116,42.230567932739945,42.678585052490234,5453900,0.0,0.0
2025-02-19 00:00:00-05:00,42.4253599788224,43.029209314048195,42.240306679479346,42.89285659790039,3973500,0.0,0.0
2025-02-20 00:00:00-05:00,42.941550820889,43.818109249753924,42.873374467014244,43.79862976074219,4189500,0.0,0.0
2025-02-21 00:00:00-05:00,43.98368373101522,44.18821281308911,42.57145221679137,42.87337875366211,4168900,0.0,0.0
2025-02-24 00:00:00-05:00,42.610414174132856,44.217436994833456,42.48379933172212,43.93498992919922,5185200,0.0,0.0
2025-02-25 00:00:00-05:00,43.83759176513926,44.14925992192529,42.51301974663135,43.204524993896484,6886200,0.0,0.0
2025-02-26 00:00:00-05:00,43.925244465014444,43.925244465014444,42.2305696508116,42.5909309387207,3301200,0.0,0.0
2025-02-27 00:00:00-05:00,42.46430963268004,43.02920362817058,41.87020197873181,42.60066604614258,3051000,0.0,0.0
2025-02-28 00:00:00-05:00,42.464311256594286,43.886284185852084,42.464311256594286,43.5453987121582,3944800,0.0,0.0
2025-03-03 00:00:00-05:00,45.21086133576436,46.389346373423024,43.759674574310864,44.24665069580078,7525900,0.0,0.0
2025-03-04 00:00:00-05:00,43.82784860973363,44.47065690739641,43.21425768890418,43.915504455566406,3881500,0.0,0.0
2025-03-05 00:00:00-05:00,44.50961641458873,45.142683117259715,44.363522098023914,44.85049819946289,4868000,0.0,0.0
2025-03-06 00:00:00-05:00,44.499872279095705,45.1719016386434,43.97394094312991,44.20768737792969,4236800,0.0,0.0
2025-03-07 00:00:00-05:00,43.710975995104775,43.95446404632364,42.87337650445861,43.886287689208984,4715100,0.0,0.0
2025-03-10 00:00:00-04:00,43.30191379354997,44.69466573269919,43.22399954975113,44.158992767333984,3889800,0.0,0.0
2025-03-11 00:00:00-04:00,44.34404736073389,44.6654534054903,43.06817221603387,43.65254211425781,3276000,0.0,0.0
2025-03-12 00:00:00-04:00,43.39931483109965,43.61358180576354,41.55854190539792,41.675418853759766,5026000,0.0,0.0
2025-03-13 00:00:00-04:00,41.7825454113299,42.33769779562691,41.363745722778496,41.66566848754883,5940800,0.0,0.0
2025-03-14 00:00:00-04:00,42.10395761050678,43.13634838914927,41.548805095054334,42.064998626708984,9203700,0.0,0.0
2025-03-17 00:00:00-04:00,42.240304866643946,43.17530178000535,42.240304866643946,42.53248977661133,4643700,0.0,0.0
2025-03-18 00:00:00-04:00,42.561709725660236,42.7370214100005,41.899421966004255,42.14291000366211,4039000,0.0,0.0
2025-03-19 00:00:00-04:00,42.376656816406616,43.05842407098331,42.29874257563557,42.766239166259766,4339200,0.0,0.0
2025-03-20 00:00:00-04:00,42.318221580049155,42.659103345767534,41.714372288491205,41.76306915283203,3908400,0.0,0.0
2025-03-21 00:00:00-04:00,41.27609740138321,41.334532158578725,39.8346485170105,40.83781814575195,7760300,0.0,0.0
2025-03-24 00:00:00-04:00,40.90599390972092,41.31505206545832,40.08787388291318,40.41901779174805,5573300,0.0,0.0
2025-03-25 00:00:00-04:00,40.477457196869246,40.62354780643032,39.1236604368053,39.2210578918457,7675300,0.0,0.0
2025-03-26 00:00:00-04:00,39.298968843737434,39.59115746901379,39.02626342316773,39.260013580322266,4277900,0.0,0.0
2025-03-27 00:00:00-04:00,39.084699124789005,39.688548391308466,38.96782219681819,39.26974868774414,3582500,0.0,0.0
2025-03-28 00:00:00-04:00,38.95808608906409,39.11391828480704,37.13679660469347,37.18549346923828,5782300,0.0,0.0
2025-03-31 00:00:00-04:00,36.464769956918595,37.789345577024534,36.40633520124697,37.623775482177734,5684700,0.0,0.0
2025-04-01 00:00:00-04:00,37.62377059828904,38.26657883456514,37.62377059828904,38.130226135253906,6310400,0.0,0.0
2025-04-02 00:00:00-04:00,37.98413519818348,38.256840620956275,37.49715910589908,38.023094177246094,5403500,0.0,0.0
2025-04-03 00:00:00-04:00,36.53294724569065,36.883570649980165,34.633743331344064,35.46160125732422,11130100,0.0,0.0
2025-04-04 00:00:00-04:00,34.088329049372156,34.2538991499664,31.887198579787793,32.50078582763672,11367000,0.0,0.0
2025-04-07 00:00:00-04:00,31.51709225010559,33.22150851702128,30.60157670658717,31.26386260986328,10019400,0.0,0.0
2025-04-08 00:00:00-04:00,32.13068484328201,32.23781646483771,29.39387781264353,29.900333404541016,11542600,0.0,0.0
2025-04-09 00:00:00-04:00,30.007462215304738,32.92932023026893,29.72501708608564,32.851402282714844,13193300,0.0,0.0
2025-04-10 00:00:00-04:00,32.04303227640519,32.140426020637484,30.24121828544227,30.893766403198242,7840300,0.0,0.0
2025-04-11 00:00:00-04:00,30.913241960665523,31.429437284664868,29.910070546817636,31.254125595092773,5116400,0.0,0.0
2025-04-14 00:00:00-04:00,31.789799869082355,31.96511156592407,30.747671290819305,31.283344268798828,6795700,0.0,0.0
2025-04-15 00:00:00-04:00,31.127512222145448,32.13068554041287,31.127512222145448,31.81901741027832,6218300,0.0,0.0
2025-04-16 00:00:00-04:00,31.458654656394277,31.79954014843636,30.77688924530918,31.03011703491211,5044500,0.0,0.0
2025-04-17 00:00:00-04:00,31.458653654795107,32.208597255011284,31.302821459641912,31.916412353515625,5739600,0.0,0.0
2025-04-21 00:00:00-04:00,31.819013247437447,32.00406652380701,31.36125828795976,31.711881637573242,5564200,0.0,0.0
2025-04-22 00:00:00-04:00,32.023544300748846,33.153328525071345,31.974847441533573,33.055931091308594,7230300,0.0,0.0
2025-04-23 00:00:00-04:00,34.205196654333875,35.003837077767706,33.43577732027707,33.484474182128906,11854800,0.0,0.0
2025-04-24 00:00:00-04:00,33.57213400059572,36.05571140286734,33.46499866261807,35.65639114379883,11524800,0.0,0.0
2025-04-25 00:00:00-04:00,35.5589884026121,35.860914881506176,34.7019132569755,34.95513916015625,6978000,0.0,0.0
2025-04-28 00:00:00-04:00,34.53634419022921,35.53951748468615,34.50712681307656,35.10123825073242,5844600,0.0,0.0
2025-04-29 00:00:00-04:00,34.770094267302355,35.75378435410993,34.57530308432411,35.617431640625,5370000,0.0,0.0
2025-04-30 00:00:00-04:00,34.96488476700176,35.84143950027516,34.82852834084869,35.71482467651367,5606600,0.0,0.0
2025-05-01 00:00:00-04:00,35.82195612690239,36.63033813245117,35.64664445618898,35.85117721557617,5783600,0.0,0.0
2025-05-02 00:00:00-04:00,36.377114708925205,37.22445583348838,36.26998308331341,37.07836151123047,6355800,0.0,0.0
2025-05-05 00:00:00-04:00,36.78617581018534,37.6335132016364,36.56216724533428,37.312110900878906,7925700,0.0,0.0
2025-05-06 00:00:00-04:00,37.31211242092857,38.27285471659336,37.20427335125664,38.0473747253418,6981200,0.25,0.0
2025-05-07 00:00:00-04:00,38.5865641519054,39.174772466277986,38.14540604625733,38.802242279052734,6677600,0.0,0.0
2025-05-08 00:00:00-04:00,38.94929325079244,40.066891313836415,38.68459838221823,38.978702545166016,8006300,0.0,0.0
2025-05-09 00:00:00-04:00,38.9983120839715,39.331631150489955,38.841456272653254,39.00811767578125,5363700,0.0,0.0
2025-05-12 00:00:00-04:00,40.311977559611854,41.65505930599774,40.311977559611854,41.55702209472656,7470700,0.0,0.0
2025-05-13 00:00:00-04:00,41.52761439162554,41.76289622821266,41.155080454002345,41.488399505615234,5162100,0.0,0.0
2025-05-14 00:00:00-04:00,41.5472222639664,41.66486318347562,41.15508087928578,41.58643341064453,4708700,0.0,0.0
2025-05-15 00:00:00-04:00,41.32173720037541,41.69426735634613,41.05704235919393,41.31193161010742,4562400,0.0,0.0
2025-05-16 00:00:00-04:00,41.4589888259037,41.64525391862383,41.00802887106304,41.59623718261719,3979500,0.0,0.0
2025-05-19 00:00:00-04:00,41.15507854864149,41.61584408858709,40.94920601622472,41.47859573364258,3595500,0.0,0.0
2025-05-20 00:00:00-04:00,41.37075595833115,41.46878942738982,40.04728168761641,40.13551330566406,5784200,0.0,0.0
2025-05-21 00:00:00-04:00,39.802197136170356,40.04728456617076,39.42966693518067,39.51789855957031,6230200,0.0,0.0
2025-05-22 00:00:00-04:00,39.34143427617489,39.61593099384056,38.5179403834406,39.30221939086914,6600900,0.0,0.0
2025-05-23 00:00:00-04:00,38.615974402339305,39.38064597791439,38.58656510781329,39.01791763305664,4453300,0.0,0.0
2025-05-27 00:00:00-04:00,39.586523072881,41.34134624420459,39.33163004928935,40.82176208496094,7043800,0.0,0.0
2025-05-28 00:00:00-04:00,40.81195737621726,40.90018899517062,39.53750356668648,39.8120002746582,6944000,0.0,0.0
2025-05-29 00:00:00-04:00,40.1845351280123,40.459031842374884,39.674752844383754,40.41001510620117,7771600,0.0,0.0
2025-05-30 00:00:00-04:00,40.06689017107157,40.508048272779455,39.81200090104992,40.351192474365234,7920600,0.0,0.0
2025-06-02 00:00:00-04:00,41.26291579662189,41.2923250886067,39.56691139698534,40.30217361450195,5296200,0.0,0.0
2025-06-03 00:00:00-04:00,40.18453365421621,41.95896412089192,40.09630203644459,41.30213165283203,6849400,0.0,0.0
2025-06-04 00:00:00-04:00,40.68451428431203,41.057048233318966,40.047285456253114,40.53746032714844,3916100,0.0,0.0
2025-06-05 00:00:00-04:00,40.42962184810676,40.49824602550838,39.25320150163491,39.468875885009766,3925200,0.0,0.0
2025-06-06 00:00:00-04:00,39.95904672130946,39.95904672130946,39.2531975758101,39.42966079711914,4699900,0.0,0.0
2025-06-09 00:00:00-04:00,39.733574480957195,41.15508237750145,39.733574480957195,41.076656341552734,4704100,0.0,0.0
2025-06-10 00:00:00-04:00,41.17468682270385,41.76289513856185,41.07665334997327,41.655059814453125,3218800,0.0,0.0
2025-06-11 00:00:00-04:00,42.14523741866501,42.14523741866501,40.753138828318406,41.0178337097168,2983200,0.0,0.0
2025-06-12 00:00:00-04:00,40.704116730134906,41.12566736652455,40.106102862710664,41.08645248413086,2885300,0.0,0.0
2025-06-13 00:00:00-04:00,40.43942215142484,40.8021504666264,39.24339440865472,39.53750228881836,4893700,0.0,0.0
2025-06-16 00:00:00-04:00,40.498248307178756,42.106021250719394,40.292372023637654,41.968772888183594,6156900,0.0,0.0
2025-06-17 00:00:00-04:00,41.390361457639294,42.007979015250896,40.72372342806176,40.929595947265625,4156000,0.0,0.0
2025-06-18 00:00:00-04:00,40.90018867749631,41.15507794152786,40.576671497267704,40.959007263183594,5368000,0.0,0.0
2025-06-20 00:00:00-04:00,41.24330911999311,41.27271841252314,40.57667106457366,40.8609733581543,6701000,0.0,0.0
2025-06-23 00:00:00-04:00,40.6943113430095,41.56682565181236,40.13551235518675,41.125667572021484,3227100,0.0,0.0
2025-06-24 00:00:00-04:00,41.92955333995185,42.05699983659548,41.233506013202074,41.79230499267578,4471100,0.0,0.0
2025-06-25 00:00:00-04:00,42.0079863554061,42.48835939055547,41.762898911699565,42.0570068359375,3791200,0.0,0.0
2025-06-26 00:00:00-04:00,42.07660994910408,42.8903020458479,42.00798576500973,42.762855529785156,4379000,0.0,0.0
2025-06-27 00:00:00-04:00,42.86089122302027,43.53733118774293,42.71383726820614,43.253028869628906,5912200,0.0,0.0
2025-06-30 00:00:00-04:00,43.174598063824284,43.40007802714136,42.35110423531379,42.65501022338867,5060500,0.0,0.0
2025-07-01 00:00:00-04:00,44.90001275405167,46.69405438992588,44.70394207814793,46.44896697998047,10764400,0.0,0.0
2025-07-02 00:00:00-04:00,46.55681005918421,47.04698492140467,46.086238900483636,46.909732818603516,5856400,0.0,0.0
2025-07-03 00:00:00-04:00,46.988158643761786,47.63518925794081,46.703856350023564,47.2724609375,2373100,0.0,0.0
2025-07-07 00:00:00-04:00,46.752877379386774,47.43912293983132,46.537202981337735,47.390106201171875,5285200,0.0,0.0
2025-07-08 00:00:00-04:00,47.84106400543093,48.45868535572598,47.60578217466719,48.14497375488281,4013800,0.0,0.0
2025-07-09 00:00:00-04:00,48.23320010167107,48.7527841825462,47.9096829450785,48.6351432800293,3334800,0.0,0.0
2025-07-10 00:00:00-04:00,48.71357165527317,49.674313841673715,48.52730657231105,49.52726364135742,3145600,0.0,0.0
2025-07-11 00:00:00-04:00,49.507658649777945,49.507658649777945,48.60573874271725,48.83121871948242,3401000,0.0,0.0
2025-07-14 00:00:00-04:00,48.67436103798838,49.29197861751301,48.28221968676954,49.24296188354492,2327300,0.0,0.0
2025-07-15 00:00:00-04:00,49.26257337133239,49.36060684732068,48.64495200134145,48.8802375793457,2371100,0.0,0.0
2025-07-16 00:00:00-04:00,48.595931802159335,48.96846571590886,48.03713280140361,48.1547737121582,4567800,0.0,0.0
2025-07-17 00:00:00-04:00,48.174382207328875,48.38025474058548,47.6645999299288,47.968509674072266,8021600,0.0,0.0
2025-07-18 00:00:00-04:00,48.15477350558917,48.28222000653992,47.390101979358825,47.71361541748047,3706700,0.0,0.0
2025-07-21 00:00:00-04:00,47.94890299811658,48.27242018960722,47.14501655468426,47.32147979736328,5653700,0.0,0.0
2025-07-22 00:00:00-04:00,47.49794228952069,47.84106317834305,47.02737489639121,47.566566467285156,4209100,0.0,0.0
2025-07-23 00:00:00-04:00,47.468528107993386,47.997917814858184,47.39990393188911,47.73322296142578,6858200,0.0,0.0
2025-07-24 00:00:00-04:00,50.262525221768044,51.36051574370273,48.497896662295915,49.79195785522461,15294200,0.0,0.0
2025-07-25 00:00:00-04:00,50.242921465638574,51.46835857455659,49.42922943024312,51.380126953125,6936700,0.0,0.0
2025-07-28 00:00:00-04:00,51.76246314088228,52.08598033526137,51.00759342706837,51.45855712890625,7655700,0.0,0.0
2025-07-29 00:00:00-04:00,51.46835634286709,51.91931628185816,51.07621498912183,51.311500549316406,4119400,0.0,0.0
2025-07-30 00:00:00-04:00,51.38993139263303,52.52714067712934,51.262488619498065,51.92912673950195,4666600,0.0,0.0
2025-07-31 00:00:00-04:00,51.45855862053445,51.8605018574904,51.17425630324581,51.37032699584961,4007700,0.0,0.0
2025-08-01 00:00:00-04:00,50.98798296433587,51.61540987326519,50.49780814593729,51.233070373535156,5586300,0.0,0.0
2025-08-04 00:00:00-04:00,51.487967915516926,51.91932044745535,51.17425630324581,51.37032699584961,3817900,0.0,0.0
2025-08-05 00:00:00-04:00,51.63628686132796,51.931804682406735,50.84824810633666,51.419578552246094,3240300,0.25,0.0
2025-08-06 00:00:00-04:00,51.626430411061705,52.07955215868278,51.17330866344063,51.93179702758789,2770000,0.0,0.0
2025-08-07 00:00:00-04:00,52.178065328804,52.47357938259297,51.84314839913249,52.217464447021484,2895200,0.0,0.0
2025-08-08 00:00:00-04:00,51.321068577842844,52.39477249759648,50.798993635518634,51.84314727783203,2608100,0.0,0.0
2025-08-11 00:00:00-04:00,52.128806811406626,52.34551885844212,51.48852702519288,52.22731399536133,3689000,0.0,0.0
2025-08-12 00:00:00-04:00,52.35537045062284,53.616232319719934,52.15835984416023,53.08430480957031,5301100,0.0,0.0
2025-08-13 00:00:00-04:00,53.084306612419965,53.576831266471245,52.77894373181372,53.517730712890625,4584200,0.0,0.0
2025-08-14 00:00:00-04:00,53.015353269741226,53.48817648500074,52.838044094310796,53.31086730957031,3812600,0.0,0.0
2025-08-15 00:00:00-04:00,53.488180945213884,53.754144730537426,52.84790109847073,52.857749938964844,3487700,0.0,0.0
2025-08-18 00:00:00-04:00,52.956255215340185,53.17296729039571,51.971205794419184,52.0106086730957,4643600,0.0,0.0
2025-08-19 00:00:00-04:00,52.20761312534882,53.00550441455219,51.98105223629068,52.798641204833984,3902500,0.0,0.0
2025-08-20 00:00:00-04:00,52.37507116539109,53.27146966464066,52.37507116539109,52.81834411621094,3728800,0.0,0.0
2025-08-21 00:00:00-04:00,52.61148421110943,52.98580400613781,52.384923317653154,52.70998764038086,3451900,0.0,0.0
2025-08-22 00:00:00-04:00,52.9463997087664,54.384570780411465,52.73954025825544,54.22696304321289,4015000,0.0,0.0
2025-08-25 00:00:00-04:00,54.670237918497115,55.704538965422174,54.61113360582583,55.37947463989258,4559000,0.0,0.0
2025-08-26 00:00:00-04:00,55.25141874725155,56.00990720529647,54.97560612893161,55.34992218017578,5483900,0.0,0.0
2025-08-27 00:00:00-04:00,54.97560166399018,56.069003208240986,54.97560166399018,55.852294921875,3176700,0.0,0.0
2025-08-28 00:00:00-04:00,56.44332839319081,56.87675252276804,56.256170364842106,56.847198486328125,3126500,0.0,0.0
2025-08-29 00:00:00-04:00,56.6403370039727,57.18211338899943,56.41377610687661,56.768394470214844,3245400,0.0,0.0
2025-09-02 00:00:00-04:00,56.019755131079435,56.56153151864919,55.546931896964104,56.15766143798828,5159500,0.0,0.0
2025-09-03 00:00:00-04:00,56.059155943153975,56.059155943153975,54.374722529059305,54.542179107666016,5905800,0.0,0.0
2025-09-04 00:00:00-04:00,54.58158200350012,54.58158200350012,53.8033921483758,54.286067962646484,4841500,0.0,0.0
2025-09-05 00:00:00-04:00,54.2762148969638,54.47322550838799,52.808493545066575,52.89714813232422,5133700,0.0,0.0
2025-09-08 00:00:00-04:00,53.09416241160984,53.133561530484556,52.29627107117098,52.94640350341797,6145900,0.0,0.0
2025-09-09 00:00:00-04:00,52.91685248351294,53.458628876517956,52.73954329923274,53.192665100097656,4732700,0.0,0.0
2025-09-10 00:00:00-04:00,53.37982164948715,53.85264487528037,53.015354450833726,53.68518829345703,4945800,0.0,0.0
2025-09-11 00:00:00-04:00,53.81324588975416,54.089058499392344,53.054757455584166,53.89204788208008,5815800,0.0,0.0
2025-09-12 00:00:00-04:00,54.06935603189756,54.089057469019984,52.52282891560414,52.700138092041016,5880900,0.0,0.0
2025-09-15 00:00:00-04:00,52.65089065954272,52.69029353699173,51.67569010983832,52.29627227783203,5735000,0.0,0.0
2025-09-16 00:00:00-04:00,51.84314802214677,51.9318026134053,50.779292927044395,51.084659576416016,6442400,0.0,0.0
2025-09-17 00:00:00-04:00,51.37032227851119,52.34551897705091,50.90734790703716,51.92194747924805,5051100,0.0,0.0
2025-09-18 00:00:00-04:00,52.05000349542551,52.46372238449718,51.40971996786439,52.41447067260742,4336200,0.0,0.0
2025-09-19 00:00:00-04:00,52.81834718036433,53.59653709943044,52.38492680201032,53.06460952758789,15691800,0.0,0.0
2025-09-22 00:00:00-04:00,53.6162369726269,53.79354615806396,52.05000833970957,52.06970977783203,5920600,0.0,0.0
2025-09-23 00:00:00-04:00,52.20761621169435,53.241917290770374,52.11896161876412,52.27656936645508,4747200,0.0,0.0
2025-09-24 00:00:00-04:00,52.48343063414995,52.6705924243589,51.71509330746337,52.19776916503906,3383400,0.0,0.0
2025-09-25 00:00:00-04:00,52.09925947477565,52.61148558724813,51.744641107858925,52.266719818115234,2735700,0.0,0.0
2025-09-26 00:00:00-04:00,52.227314134806456,53.64578376855779,52.19776385837357,53.202510833740234,3285800,0.0,0.0
2025-09-29 00:00:00-04:00,54.10875761240396,54.660386565647606,53.281316061370916,54.423973083496094,4291300,0.0,0.0
2025-09-30 00:00:00-04:00,54.4141278224791,54.4141278224791,52.591784267864725,52.98580551147461,4110900,0.0,0.0
2025-10-01 00:00:00-04:00,53.06460689246748,54.32547260285151,52.778945439699285,53.95115280151367,3888300,0.0,0.0
2025-10-02 00:00:00-04:00,54.12845961658811,54.62098426504175,53.52757894424829,54.22696304321289,3202800,0.0,0.0
2025-10-03 00:00:00-04:00,53.65563444966784,53.73443643656299,49.882893976320446,50.20796203613281,8163300,0.0,0.0
2025-10-06 00:00:00-04:00,50.85809823197783,52.31597079725309,50.769443641497205,51.488529205322266,5958900,0.0,0.0
2025-10-07 00:00:00-04:00,51.468827608010244,51.71508994106293,50.83839663662179,51.02555465698242,3172600,0.0,0.0
2025-10-08 00:00:00-04:00,51.15361312538612,53.36997416632083,51.06495853344214,52.47357940673828,5252500,0.0,0.0
2025-10-09 00:00:00-04:00,52.18791378944937,52.18791378944937,50.13901310810171,51.084659576416016,5423300,0.0,0.0
2025-10-10 00:00:00-04:00,51.252111137112415,51.252111137112415,48.74023630790556,48.86829376220703,6609000,0.0,0.0
2025-10-13 00:00:00-04:00,47.77489469564184,47.952203883785266,45.597936478360474,45.775245666503906,11891700,0.0,0.0
2025-10-14 00:00:00-04:00,45.22361727923862,47.686240750679765,45.22361727923862,47.321773529052734,6517500,0.0,0.0
2025-10-15 00:00:00-04:00,47.46952498055633,49.16381099922207,47.46952498055633,48.296966552734375,4861700,0.0,0.0
2025-10-16 00:00:00-04:00,49.36082207230534,49.36082207230534,47.87339549343046,48.40532302856445,4497600,0.0,0.0
2025-10-17 00:00:00-04:00,48.37577069616942,49.055453345965795,47.58773202444938,47.814292907714844,7964400,0.0,0.0
2025-10-20 00:00:00-04:00,49.14411134637025,49.90259979487774,48.681136950584694,48.98650360107422,7701400,0.0,0.0
2025-10-21 00:00:00-04:00,48.83874885269584,50.01095623306125,48.46442904543412,49.863197326660156,3815600,0.0,0.0
2025-10-22 00:00:00-04:00,49.547981833491896,50.29662144801533,49.10470887195368,49.863197326660156,4374400,0.0,0.0
2025-10-23 00:00:00-04:00,53.744288785541094,56.8373428496178,53.0449009576251,56.039451599121094,13414100,0.0,0.0
2025-10-24 00:00:00-04:00,56.13796505333824,57.41852847832663,55.62573893180986,56.73884201049805,6124200,0.0,0.0
2025-10-27 00:00:00-04:00,57.714040142633564,58.7680426205114,57.3397203467242,58.55133056640625,6496300,0.0,0.0
2025-10-28 00:00:00-04:00,58.31492146777059,58.649838392460985,56.95555233136074,57.329872131347656,4666800,0.0,0.0
2025-10-29 00:00:00-04:00,57.3495741121051,58.511932640705076,57.24121808284603,57.90119934082031,4544300,0.0,0.0
2025-10-30 00:00:00-04:00,57.63523282496745,58.43312410983167,56.7388381132797,58.06865692138672,4089800,0.0,0.0
2025-10-31 00:00:00-04:00,57.88149773929671,58.610435906464005,57.645088001277344,58.462677001953125,4747500,0.0,0.0
2025-11-03 00:00:00-05:00,59.24086599195601,60.86619888642125,58.90594907008835,60.80709457397461,6581000,0.0,0.0
2025-11-04 00:00:00-05:00,60.36201972070472,61.15326666405564,59.65979164277858,60.609283447265625,7195500,0.25,0.0
2025-11-05 00:00:00-05:00,60.63895835697309,62.36980446279184,60.63895835697309,61.85549545288086,4684300,0.0,0.0
2025-11-06 00:00:00-05:00,62.16210119639548,62.666521326426036,61.420309994658325,62.102760314941406,5280900,0.0,0.0
2025-11-07 00:00:00-05:00,61.331292786451336,64.8325518164719,60.94556197850904,64.49626922607422,6105600,0.0,0.0
2025-11-10 00:00:00-05:00,65.13915509643641,66.66230051938716,64.83255049786948,65.40619659423828,5559900,0.0,0.0
2025-11-11 00:00:00-05:00,65.24794990122847,67.08759253264904,65.11936794088733,66.25678253173828,4713900,0.0,0.0
2025-11-12 00:00:00-05:00,66.26667703760633,66.69197093833999,65.75237181959557,65.9205093383789,4200900,0.0,0.0
2025-11-13 00:00:00-05:00,65.74247658422688,66.17766312958447,64.3973613948394,64.88199615478516,10241500,0.0,0.0
2025-11-14 00:00:00-05:00,64.31823812133621,65.76225735145714,63.32918323391996,64.6644058227539,7243600,0.0,0.0
2025-11-17 00:00:00-05:00,64.812763261785,65.53477662413216,63.64567823427308,64.16987609863281,4575800,0.0,0.0
2025-11-18 00:00:00-05:00,62.89400226543081,64.45670707093025,62.59728654519117,64.07097625732422,5274000,0.0,0.0
2025-11-19 00:00:00-05:00,64.30834540732553,64.70396887114835,63.19071610197427,63.348968505859375,5769000,0.0,0.0
2025-11-20 00:00:00-05:00,63.94240205888385,65.19849848653635,62.72586118763048,62.78520584106445,3933500,0.0,0.0
2025-11-21 00:00:00-05:00,63.17093445733465,64.22922665554161,62.51815838406142,63.606117248535156,5289600,0.0,0.0
2025-11-24 00:00:00-05:00,63.93250757931066,65.06002955188636,63.92261491754702,64.95123291015625,6652500,0.0,0.0
2025-11-25 00:00:00-05:00,65.06992079855311,67.40409089527171,65.06992079855311,66.88977813720703,4986400,0.0,0.0
2025-11-26 00:00:00-05:00,66.91945957074167,67.67113587759168,66.66230317845603,67.50299835205078,3493500,0.0,0.0
2025-11-28 00:00:00-05:00,67.2062780348227,67.8788356746445,66.85021766398233,67.41398620605469,1390000,0.0,0.0
2025-12-01 00:00:00-05:00,68.52172289753766,69.6789153302121,68.31402227212611,68.72942352294922,4790100,0.0,0.0
2025-12-02 00:00:00-05:00,68.7195392044592,68.87778406789455,67.51289099396757,67.7601547241211,6094300,0.0,0.0
2025-12-03 00:00:00-05:00,67.90851138289443,68.23489375697658,66.13810225000704,66.14798736572266,6380800,0.0,0.0
2025-12-04 00:00:00-05:00,66.03919378256879,66.14799042759545,64.49627051984903,65.67324829101562,6027800,0.0,0.0
2025-12-05 00:00:00-05:00,65.65346150536196,66.09854073762402,65.40619778051305,65.52488708496094,4361800,0.0,0.0
2025-12-08 00:00:00-05:00,66.10842370594473,67.62168399140714,65.95017885104507,66.3458023071289,4117200,0.0,0.0
2025-12-09 00:00:00-05:00,66.07875716153745,66.14799070449058,65.1787211031468,65.70291900634766,4029800,0.0,0.0
2025-12-10 00:00:00-05:00,65.98974878882332,66.4447131693998,65.64358105859019,65.74248504638672,3392100,0.0,0.0
2025-12-11 00:00:00-05:00,65.59411501450887,66.28645036650053,65.20838424041503,65.47542572021484,5107200,0.0,0.0
2025-12-12 00:00:00-05:00,65.66335459225186,66.10842628150489,63.71491522048757,64.52593994140625,11242300,0.0,0.0
2025-12-15 00:00:00-05:00,66.35568650792321,67.25573004675239,65.50510627602104,66.25678253173828,8054800,0.0,0.0
2025-12-16 00:00:00-05:00,65.98974422752869,67.28540373365388,65.97985156566565,66.58317565917969,4667400,0.0,0.0
2025-12-17 00:00:00-05:00,66.58317784309811,66.85021935503846,65.60401557146307,65.76226043701172,5492900,0.0,0.0
2025-12-18 00:00:00-05:00,66.10842251794706,66.64251304217892,65.71280661486242,66.22711181640625,4874500,0.0,0.0
2025-12-19 00:00:00-05:00,66.0787570354517,66.70186646673113,65.80182286416762,66.21722412109375,8524300,0.0,0.0
2025-12-22 00:00:00-05:00,66.48427030887775,66.89967154788864,65.89083888944934,66.17766571044922,3970400,0.0,0.0
2025-12-23 00:00:00-05:00,66.22710949229823,66.3754692236934,65.32707353470906,65.47542572021484,3423300,0.0,0.0
2025-12-24 00:00:00-05:00,65.36663522858618,65.87105534436797,65.06003062188064,65.584228515625,1557700,0.0,0.0
2025-12-26 00:00:00-05:00,65.65345588871119,65.9402826905047,65.34685131081336,65.47542572021484,2147000,0.0,0.0
2025-12-29 00:00:00-05:00,65.24795211862731,65.35674875989501,64.35780121093248,64.92156219482422,4111500,0.0,0.0
2025-12-30 00:00:00-05:00,64.81276029953699,65.00068312756368,64.09075451607858,64.38746643066406,2993200,0.0,0.0
2025-12-31 00:00:00-05:00,64.42703449787513,64.63473511787225,64.219333877878,64.37757873535156,3307300,0.0,0.0
2026-01-02 00:00:00-05:00,64.48637656420928,64.90178535774642,63.44787344509157,64.49626922607422,3743800,0.0,0.0
2026-01-05 00:00:00-05:00,64.3083446975232,64.69408304126307,63.44787178503771,63.9325065612793,3828300,0.0,0.0
2026-01-06 00:00:00-05:00,63.56655541430495,64.00174198712232,62.854438448417966,63.0819206237793,4540500,0.0,0.0
2026-01-07 00:00:00-05:00,62.59728349663941,62.80498411339742,60.53015867175311,60.75764083862305,8674700,0.0,0.0
2026-01-08 00:00:00-05:00,60.54994221326635,61.815931278507776,60.09497409161831,61.22249984741211,7655700,0.0,0.0
2026-01-09 00:00:00-05:00,61.43019999229721,61.43019999229721,58.22566047969541,58.304786682128906,9774800,0.0,0.0
2026-01-12 00:00:00-05:00,58.05752310327564,59.471871905258126,57.95861534998788,59.2344970703125,8204600,0.0,0.0
2026-01-13 00:00:00-05:00,59.818040814905885,60.13453808591504,59.06636073949542,59.224609375,6050600,0.0,0.0
2026-01-14 00:00:00-05:00,59.33340367007818,59.748804906975806,58.611390290421944,59.244388580322266,5367800,0.0,0.0
2026-01-15 00:00:00-05:00,59.34329681982268,60.60928594463643,59.12570352414087,59.94662094116211,6884100,0.0,0.0
2026-01-16 00:00:00-05:00,59.56088684867324,59.73891703120362,57.96850786767652,58.304786682128906,8025700,0.0,0.0
2026-01-20 00:00:00-05:00,57.83004318986418,58.60150483092889,57.08825198947267,57.89927673339844,6156900,0.0,0.0
2026-01-21 00:00:00-05:00,58.3047865676527,59.31362300902908,58.20587881480502,58.947669982910156,9370100,0.0,0.0
2026-01-22 00:00:00-05:00,59.47187365597031,60.08508665262598,59.11581327954279,59.28395080566406,5236000,0.0,0.0
2026-01-23 00:00:00-05:00,59.23449766310728,60.0949743741246,58.918000395309065,59.29384231567383,4259500,0.0,0.0
2026-01-26 00:00:00-05:00,59.34329185685587,61.86538100618326,59.313621418269804,60.213661193847656,6707900,0.0,0.0
2026-01-27 00:00:00-05:00,60.27300328701088,60.421363028824096,59.402637705404594,59.68946075439453,3745100,0.0,0.0
2026-01-28 00:00:00-05:00,60.332347817953874,62.013741872387484,60.332347817953874,60.589500427246094,11044700,0.0,0.0
2026-01-29 00:00:00-05:00,54.89254744489098,55.940947006603174,51.35172905995466,52.13308334350586,18123300,0.0,0.0
2026-01-30 00:00:00-05:00,51.628664678020705,53.81447502291209,51.59899046648517,52.152862548828125,8627800,0.0,0.0
2026-02-02 00:00:00-05:00,52.97378495111279,55.100250848746555,52.81553630862402,55.0310173034668,9614600,0.0,0.0
2026-02-03 00:00:00-05:00,54.73429759507727,56.3167839050293,54.25955170209166,56.3167839050293,7187900,0.0,0.0
2026-02-04 00:00:00-05:00,56.662958243259475,58.591616124897165,56.34646096527172,56.87065887451172,7315800,0.0,0.0
2026-02-05 00:00:00-05:00,56.6332811670197,57.009123080487676,55.84203801204369,56.3167839050293,5666300,0.0,0.0
2026-02-06 00:00:00-05:00,56.58383110314316,57.335514955663356,56.37613047531986,57.16737365722656,5516000,0.0,0.0
2026-02-09 00:00:00-05:00,57.07789312603506,57.734074990760945,55.407611326254624,56.84922409057617,4678000,0.3,0.0
2026-02-10 00:00:00-05:00,56.898935496572754,56.95858977397794,55.49709221490593,56.69015121459961,3809700,0.0,0.0
2026-02-11 00:00:00-05:00,57.415925369819405,57.75395867521704,56.978472065681814,57.376155853271484,4416900,0.0,0.0
2026-02-12 00:00:00-05:00,57.53523213869587,58.877424924397474,56.00414362436105,56.501251220703125,7014700,0.0,0.0
2026-02-13 00:00:00-05:00,56.24275414490028,57.724136477047686,55.676051778423165,56.819400787353516,4635700,0.0,0.0
2026-02-17 00:00:00-05:00,57.3264491974784,57.45569823748269,56.024025899293726,57.187259674072266,4878900,0.0,0.0
2026-02-18 00:00:00-05:00,57.23696858962657,58.927135183104156,57.23696858962657,58.4996223449707,2790200,0.0,0.0
2026-02-19 00:00:00-05:00,58.211297725937946,58.31072151899576,56.98841351605113,57.75395965576172,3251700,0.0,0.0
2026-02-20 00:00:00-05:00,57.60482845581482,58.03234130363495,57.127605605542826,57.67442321777344,2821300,0.0,0.0
2026-02-23 00:00:00-05:00,57.396041578164564,57.664480130439095,54.721604123668556,55.39767074584961,5578900,0.0,0.0
2026-02-24 00:00:00-05:00,55.427495873994275,55.74564442582474,54.70171925309164,54.731544494628906,3923100,0.0,0.0
2026-02-25 00:00:00-05:00,55.069579070616655,55.497091908081906,53.3197619953354,54.75143051147461,5841000,0.0,0.0
2026-02-26 00:00:00-05:00,55.328075169275785,56.43165081103128,55.14911613707114,55.626338958740234,5596300,0.0,0.0
2026-02-27 00:00:00-05:00,54.691776781136014,56.401828148091866,54.532702499974775,56.39188766479492,5698800,0.0,0.0
2026-03-02 00:00:00-05:00,55.33801847316819,56.27257940583397,53.9361751778545,56.03396987915039,5594000,0.0,0.0
2026-03-03 00:00:00-05:00,54.66195237125656,55.964375675536594,54.20461428003032,55.37778854370117,4100100,0.0,0.0
2026-03-04 00:00:00-05:00,56.133386920591946,56.66032353341546,55.526915067281585,55.745643615722656,2712000,0.0,0.0
2026-03-05 00:00:00-05:00,55.51697725106859,56.09362009834279,54.04553920140164,54.82102584838867,3668300,0.0,0.0
2026-03-06 00:00:00-05:00,54.15490219021834,54.31397646767144,53.0612632141771,53.28993225097656,3745400,0.0,0.0
2026-03-09 00:00:00-04:00,52.68346456263564,53.79698451298731,51.172257019414836,53.598140716552734,4716400,0.0,0.0
2026-03-10 00:00:00-04:00,54.19466671914735,54.97015712316895,53.72738817279507,53.995826721191406,3174700,0.0,0.0
2026-03-11 00:00:00-04:00,54.10518997984632,54.88068042366828,53.08114952582314,54.46310806274414,3307200,0.0,0.0
2026-03-12 00:00:00-04:00,53.33964726115604,53.56831630317266,52.64369585918413,53.36947250366211,3644900,0.0,0.0
2026-03-13 00:00:00-04:00,53.8069258284813,54.154903425782265,53.06126442478926,53.36947250366211,2645800,0.0,0.0
2026-03-16 00:00:00-04:00,54.02565179966505,54.18472607312867,52.94195712649728,53.38935470581055,3484700,0.0,0.0
2026-03-17 00:00:00-04:00,54.194668126407315,54.98009903366987,53.7373300510253,53.836753845214844,3848800,0.0,0.0
2026-03-18 00:00:00-04:00,53.58820149065401,54.850851473482315,53.43906769167174,53.61802673339844,4340600,0.0,0.0
2026-03-19 00:00:00-04:00,53.130859504913744,54.16484423447637,52.93201949683866,53.73733139038086,3351300,0.0,0.0
2026-03-20 00:00:00-04:00,53.47883547662054,53.68761975432283,52.15652746591281,52.623809814453125,7068100,0.0,0.0
2026-03-23 00:00:00-04:00,53.97594539536577,54.65201205077271,53.6478525511403,53.6876220703125,4004600,0.0,0.0
2026-03-24 00:00:00-04:00,53.38935752415199,54.77131605893677,53.22033896632038,54.58241653442383,3247500,0.0,0.0
2026-03-25 00:00:00-04:00,55.039754573275125,55.417557414605554,53.64785176371885,53.85663604736328,3857000,0.0,0.0
2026-03-26 00:00:00-04:00,53.30981801804309,53.62796657896677,51.709130937541445,52.09687805175781,3828300,0.0,0.0
2026-03-27 00:00:00-04:00,51.868206434117575,52.39514308201398,51.381043098056665,51.39098358154297,3503700,0.0,0.0
2026-03-30 00:00:00-04:00,51.78867060848528,52.007399169035935,51.02312443918805,51.321388244628906,2973000,0.0,0.0
2026-03-31 00:00:00-04:00,52.01734029616115,53.757216940833366,51.699191727402926,53.56831741333008,3756200,0.0,0.0
2026-04-01 00:00:00-04:00,53.866578305051156,54.632124442360606,53.67767878777866,54.005767822265625,3068900,0.0,0.0
2026-04-02 00:00:00-04:00,53.29987720199641,54.10518908253064,52.494561528832186,54.02565383911133,1958200,0.0,0.0
2026-04-06 00:00:00-04:00,53.15074212866548,54.10518778254468,52.61386502612222,54.06542205810547,2847100,0.0,0.0
2026-04-07 00:00:00-04:00,54.00576806678952,54.5724704138028,53.66773475518248,53.70750427246094,3441500,0.0,0.0
2026-04-08 00:00:00-04:00,55.5368624634941,55.97431579232803,54.204613924965734,54.284149169921875,2460400,0.0,0.0
2026-04-09 00:00:00-04:00,53.836755463824815,54.42334259297408,53.329703579788465,54.16484451293945,3338900,0.0,0.0
2026-04-10 00:00:00-04:00,53.87652143002047,54.353744280713606,52.75306096162269,53.140804290771484,2937000,0.0,0.0
2026-04-13 00:00:00-04:00,53.29987804471598,54.522762298583984,52.78288568011137,54.522762298583984,2782400,0.0,0.0
2026-04-14 00:00:00-04:00,54.980101088118616,55.26842441309716,54.33386346857336,55.198829650878906,2592300,0.0,0.0
2026-04-15 00:00:00-04:00,55.258480785484636,56.302405951990565,54.990042235360846,55.93454360961914,2835400,0.0,0.0
2026-04-16 00:00:00-04:00,55.90471991095543,56.45153750920231,55.8152403917783,56.38194274902344,3071900,0.0,0.0
2026-04-17 00:00:00-04:00,56.79951624064611,58.12182050316576,56.79951624064611,57.30656433105469,4095900,0.0,0.0
2026-04-20 00:00:00-04:00,56.71997567226067,57.1474885061748,55.83512476245744,56.85916519165039,3766700,0.0,0.0
2026-04-21 00:00:00-04:00,56.888993324762886,57.594885186270545,56.49130573912567,57.2071418762207,3945000,0.0,0.0
2026-04-22 00:00:00-04:00,57.018241030062676,57.594887674889996,55.9544310540413,56.52113342285156,5054800,0.0,0.0
2026-04-23 00:00:00-04:00,51.02312229244003,53.63790925513803,49.760468569656275,51.649478912353516,10291000,0.0,0.0
2026-04-24 00:00:00-04:00,51.96762804864556,52.81270943678778,51.639535217931325,52.5045051574707,6143900,0.0,0.0
2026-04-27 00:00:00-04:00,52.315603007652854,54.234438656071,52.24600824673655,54.154903411865234,6424600,0.0,0.0
2026-04-28 00:00:00-04:00,54.16484213799843,54.53270068985523,53.16068648261746,53.94611358642578,5418000,0.0,0.0
2026-04-29 00:00:00-04:00,53.806924519371776,54.085307348965564,52.92207361533956,53.40924072265625,4773500,0.0,0.0
2026-04-30 00:00:00-04:00,53.56831366229831,54.54264405997328,53.2004513239186,54.294090270996094,5159800,0.0,0.0
2026-05-01 00:00:00-04:00,54.26426697106527,54.26426697106527,52.69340514807536,53.47883605957031,4946500,0.0,0.0
2026-05-04 00:00:00-04:00,53.061264670931216,53.270052747332336,51.231908533682144,51.560001373291016,5847800,0.0,0.0
2026-05-05 00:00:00-04:00,51.79999923706055,53.029998779296875,51.79999923706055,52.2599983215332,5333200,0.3,0.0
2026-05-06 00:00:00-04:00,53.0,53.560001373291016,52.689998626708984,53.220001220703125,5905100,0.0,0.0
2026-05-07 00:00:00-04:00,53.52000045776367,54.349998474121094,53.2599983215332,53.779998779296875,4909240,0.0,0.0
