Date,Open,High,Low,Close,Volume,Dividends,Stock Splits
2022-01-03 00:00:00-05:00,23.040000915527344,25.920000076293945,23.040000915527344,24.84000015258789,15206,0.0,0.0
2022-01-04 00:00:00-05:00,25.559999465942383,25.920000076293945,23.940000534057617,24.84000015258789,18489,0.0,0.0
2022-01-05 00:00:00-05:00,24.84000015258789,25.200000762939453,23.040000915527344,23.219999313354492,11883,0.0,0.0
2022-01-06 00:00:00-05:00,23.399999618530273,23.940000534057617,22.5,22.5,10578,0.0,0.0
2022-01-07 00:00:00-05:00,22.31999969482422,23.399999618530273,22.31999969482422,22.860000610351562,6339,0.0,0.0
2022-01-10 00:00:00-05:00,22.5,22.5,20.700000762939453,20.8799991607666,23606,0.0,0.0
2022-01-11 00:00:00-05:00,20.700000762939453,22.860000610351562,20.520000457763672,21.959999084472656,17444,0.0,0.0
2022-01-12 00:00:00-05:00,22.139999389648438,22.860000610351562,21.959999084472656,22.5,9139,0.0,0.0
2022-01-13 00:00:00-05:00,22.5,22.5,20.520000457763672,20.700000762939453,10150,0.0,0.0
2022-01-14 00:00:00-05:00,20.520000457763672,21.420000076293945,19.979999542236328,21.239999771118164,11289,0.0,0.0
2022-01-18 00:00:00-05:00,20.700000762939453,22.5,20.700000762939453,21.239999771118164,16083,0.0,0.0
2022-01-19 00:00:00-05:00,21.059999465942383,21.059999465942383,19.260000228881836,19.440000534057617,22067,0.0,0.0
2022-01-20 00:00:00-05:00,19.6200008392334,21.420000076293945,19.260000228881836,19.260000228881836,20822,0.0,0.0
2022-01-21 00:00:00-05:00,19.440000534057617,20.15999984741211,18.18000030517578,19.079999923706055,22833,0.0,0.0
2022-01-24 00:00:00-05:00,18.899999618530273,18.899999618530273,16.3799991607666,18.540000915527344,29833,0.0,0.0
2022-01-25 00:00:00-05:00,18.719999313354492,19.799999237060547,18.0,19.6200008392334,12317,0.0,0.0
2022-01-26 00:00:00-05:00,19.440000534057617,20.15999984741211,18.0,18.18000030517578,33794,0.0,0.0
2022-01-27 00:00:00-05:00,17.280000686645508,19.440000534057617,17.280000686645508,18.0,37300,0.0,0.0
2022-01-28 00:00:00-05:00,18.0,21.959999084472656,18.0,21.059999465942383,346094,0.0,0.0
2022-01-31 00:00:00-05:00,21.059999465942383,21.600000381469727,18.540000915527344,19.440000534057617,159139,0.0,0.0
2022-02-01 00:00:00-05:00,19.260000228881836,20.8799991607666,19.079999923706055,19.979999542236328,45417,0.0,0.0
2022-02-02 00:00:00-05:00,20.15999984741211,20.34000015258789,18.540000915527344,18.719999313354492,30250,0.0,0.0
2022-02-03 00:00:00-05:00,18.540000915527344,18.899999618530273,17.459999084472656,17.459999084472656,22100,0.0,0.0
2022-02-04 00:00:00-05:00,18.0,19.260000228881836,17.639999389648438,18.540000915527344,31289,0.0,0.0
2022-02-07 00:00:00-05:00,18.719999313354492,19.6200008392334,18.360000610351562,19.260000228881836,15322,0.0,0.0
2022-02-08 00:00:00-05:00,19.260000228881836,19.260000228881836,18.540000915527344,19.260000228881836,10011,0.0,0.0
2022-02-09 00:00:00-05:00,18.899999618530273,19.799999237060547,18.719999313354492,19.799999237060547,26783,0.0,0.0
2022-02-10 00:00:00-05:00,19.260000228881836,19.979999542236328,18.899999618530273,18.899999618530273,13194,0.0,0.0
2022-02-11 00:00:00-05:00,19.260000228881836,20.520000457763672,19.079999923706055,20.15999984741211,33728,0.0,0.0
2022-02-14 00:00:00-05:00,19.799999237060547,19.979999542236328,18.719999313354492,18.899999618530273,23822,0.0,0.0
2022-02-15 00:00:00-05:00,18.899999618530273,19.6200008392334,18.360000610351562,19.260000228881836,18172,0.0,0.0
2022-02-16 00:00:00-05:00,19.079999923706055,19.6200008392334,18.899999618530273,19.260000228881836,19156,0.0,0.0
2022-02-17 00:00:00-05:00,19.079999923706055,19.260000228881836,17.639999389648438,18.360000610351562,32072,0.0,0.0
2022-02-18 00:00:00-05:00,18.0,18.719999313354492,17.280000686645508,17.459999084472656,30000,0.0,0.0
2022-02-22 00:00:00-05:00,18.0,18.0,16.020000457763672,16.020000457763672,61522,0.0,0.0
2022-02-23 00:00:00-05:00,15.84000015258789,16.920000076293945,15.65999984741211,16.739999771118164,73256,0.0,0.0
2022-02-24 00:00:00-05:00,17.639999389648438,18.540000915527344,16.920000076293945,17.639999389648438,142422,0.0,0.0
2022-02-25 00:00:00-05:00,16.920000076293945,17.280000686645508,15.84000015258789,16.200000762939453,53183,0.0,0.0
2022-02-28 00:00:00-05:00,16.3799991607666,19.079999923706055,16.3799991607666,18.719999313354492,128978,0.0,0.0
2022-03-01 00:00:00-05:00,19.260000228881836,19.440000534057617,17.280000686645508,17.81999969482422,61383,0.0,0.0
2022-03-02 00:00:00-05:00,18.18000030517578,18.18000030517578,17.100000381469727,17.100000381469727,25472,0.0,0.0
2022-03-03 00:00:00-05:00,17.100000381469727,17.81999969482422,16.920000076293945,17.280000686645508,14261,0.0,0.0
2022-03-04 00:00:00-05:00,17.100000381469727,20.34000015258789,16.559999465942383,19.979999542236328,155961,0.0,0.0
2022-03-07 00:00:00-05:00,21.420000076293945,25.739999771118164,20.34000015258789,25.200000762939453,649894,0.0,0.0
2022-03-08 00:00:00-05:00,28.440000534057617,28.799999237060547,20.15999984741211,21.600000381469727,498478,0.0,0.0
2022-03-09 00:00:00-05:00,20.34000015258789,21.780000686645508,18.899999618530273,21.059999465942383,149917,0.0,0.0
2022-03-10 00:00:00-05:00,22.5,22.5,19.799999237060547,20.15999984741211,79344,0.0,0.0
2022-03-11 00:00:00-05:00,19.079999923706055,19.6200008392334,18.0,18.18000030517578,67161,0.0,0.0
2022-03-14 00:00:00-04:00,17.459999084472656,18.360000610351562,16.559999465942383,17.639999389648438,55167,0.0,0.0
2022-03-15 00:00:00-04:00,17.280000686645508,17.459999084472656,16.200000762939453,16.739999771118164,62483,0.0,0.0
2022-03-16 00:00:00-04:00,18.0,18.360000610351562,16.920000076293945,17.280000686645508,48233,0.0,0.0
2022-03-17 00:00:00-04:00,17.639999389648438,19.260000228881836,17.639999389648438,19.079999923706055,54372,0.0,0.0
2022-03-18 00:00:00-04:00,18.360000610351562,19.799999237060547,18.360000610351562,19.6200008392334,33411,0.0,0.0
2022-03-21 00:00:00-04:00,19.799999237060547,19.979999542236328,18.540000915527344,19.079999923706055,56083,0.0,0.0
2022-03-22 00:00:00-04:00,19.6200008392334,21.239999771118164,19.260000228881836,20.520000457763672,86772,0.0,0.0
2022-03-23 00:00:00-04:00,20.700000762939453,21.600000381469727,20.15999984741211,20.520000457763672,64650,0.0,0.0
2022-03-24 00:00:00-04:00,20.700000762939453,21.239999771118164,19.799999237060547,20.15999984741211,31472,0.0,0.0
2022-03-25 00:00:00-04:00,19.799999237060547,20.8799991607666,19.6200008392334,20.8799991607666,61939,0.0,0.0
2022-03-28 00:00:00-04:00,20.520000457763672,20.8799991607666,19.799999237060547,19.799999237060547,26917,0.0,0.0
2022-03-29 00:00:00-04:00,20.15999984741211,20.15999984741211,18.540000915527344,19.799999237060547,27806,0.0,0.0
2022-03-30 00:00:00-04:00,22.31999969482422,22.31999969482422,19.6200008392334,19.799999237060547,121872,0.0,0.0
2022-03-31 00:00:00-04:00,19.6200008392334,19.979999542236328,18.899999618530273,19.440000534057617,35978,0.0,0.0
2022-04-01 00:00:00-04:00,19.079999923706055,19.440000534057617,18.0,18.540000915527344,35317,0.0,0.0
2022-04-04 00:00:00-04:00,18.540000915527344,19.260000228881836,18.18000030517578,19.260000228881836,360200,0.0,0.0
2022-04-05 00:00:00-04:00,24.479999542236328,25.920000076293945,20.520000457763672,21.420000076293945,1846717,0.0,0.0
2022-04-06 00:00:00-04:00,20.34000015258789,21.420000076293945,19.260000228881836,21.059999465942383,177717,0.0,0.0
2022-04-07 00:00:00-04:00,20.15999984741211,20.8799991607666,18.899999618530273,19.799999237060547,67144,0.0,0.0
2022-04-08 00:00:00-04:00,19.260000228881836,19.6200008392334,18.899999618530273,19.260000228881836,31311,0.0,0.0
2022-04-11 00:00:00-04:00,18.540000915527344,18.899999618530273,17.280000686645508,17.280000686645508,76428,0.0,0.0
2022-04-12 00:00:00-04:00,17.280000686645508,17.639999389648438,17.100000381469727,17.280000686645508,48444,0.0,0.0
2022-04-13 00:00:00-04:00,17.280000686645508,17.639999389648438,17.100000381469727,17.280000686645508,26611,0.0,0.0
2022-04-14 00:00:00-04:00,17.280000686645508,18.719999313354492,17.100000381469727,18.360000610351562,75328,0.0,0.0
2022-04-18 00:00:00-04:00,18.360000610351562,19.079999923706055,17.459999084472656,18.18000030517578,79844,0.0,0.0
2022-04-19 00:00:00-04:00,18.18000030517578,18.18000030517578,17.100000381469727,17.100000381469727,44400,0.0,0.0
2022-04-20 00:00:00-04:00,17.459999084472656,17.639999389648438,16.739999771118164,17.100000381469727,24822,0.0,0.0
2022-04-21 00:00:00-04:00,17.459999084472656,17.459999084472656,16.200000762939453,16.3799991607666,28511,0.0,0.0
2022-04-22 00:00:00-04:00,16.559999465942383,16.920000076293945,15.479999542236328,16.200000762939453,45906,0.0,0.0
2022-04-25 00:00:00-04:00,15.479999542236328,16.200000762939453,15.119999885559082,15.84000015258789,20706,0.0,0.0
2022-04-26 00:00:00-04:00,15.65999984741211,16.200000762939453,14.760000228881836,14.760000228881836,27122,0.0,0.0
2022-04-27 00:00:00-04:00,14.9399995803833,15.84000015258789,14.579999923706055,15.479999542236328,25233,0.0,0.0
2022-04-28 00:00:00-04:00,15.119999885559082,15.65999984741211,14.399999618530273,15.300000190734863,18878,0.0,0.0
2022-04-29 00:00:00-04:00,15.479999542236328,16.200000762939453,14.760000228881836,14.9399995803833,24367,0.0,0.0
2022-05-02 00:00:00-04:00,15.300000190734863,15.65999984741211,14.579999923706055,14.9399995803833,25550,0.0,0.0
2022-05-03 00:00:00-04:00,15.479999542236328,15.479999542236328,14.579999923706055,15.479999542236328,10306,0.0,0.0
2022-05-04 00:00:00-04:00,15.479999542236328,16.200000762939453,15.300000190734863,16.200000762939453,22083,0.0,0.0
2022-05-05 00:00:00-04:00,16.200000762939453,16.559999465942383,15.300000190734863,15.479999542236328,11433,0.0,0.0
2022-05-06 00:00:00-04:00,14.9399995803833,15.300000190734863,14.579999923706055,14.760000228881836,10739,0.0,0.0
2022-05-09 00:00:00-04:00,14.579999923706055,15.119999885559082,13.680000305175781,13.680000305175781,73800,0.0,0.0
2022-05-10 00:00:00-04:00,14.760000228881836,14.760000228881836,13.140000343322754,13.680000305175781,19761,0.0,0.0
2022-05-11 00:00:00-04:00,13.5,13.680000305175781,11.15999984741211,12.779999732971191,21972,0.0,0.0
2022-05-12 00:00:00-04:00,12.600000381469727,16.020000457763672,11.880000114440918,14.760000228881836,55111,0.0,0.0
2022-05-13 00:00:00-04:00,15.300000190734863,15.84000015258789,14.579999923706055,15.479999542236328,9900,0.0,0.0
2022-05-16 00:00:00-04:00,14.9399995803833,15.479999542236328,14.399999618530273,14.579999923706055,12300,0.0,0.0
2022-05-17 00:00:00-04:00,14.9399995803833,15.65999984741211,14.9399995803833,15.300000190734863,7306,0.0,0.0
2022-05-18 00:00:00-04:00,14.9399995803833,15.119999885559082,14.399999618530273,14.579999923706055,9406,0.0,0.0
2022-05-19 00:00:00-04:00,14.579999923706055,15.300000190734863,14.579999923706055,14.9399995803833,6506,0.0,0.0
2022-05-20 00:00:00-04:00,14.9399995803833,15.479999542236328,14.579999923706055,14.579999923706055,25100,0.0,0.0
2022-05-23 00:00:00-04:00,15.119999885559082,15.119999885559082,14.039999961853027,14.220000267028809,5744,0.0,0.0
2022-05-24 00:00:00-04:00,14.039999961853027,14.399999618530273,12.779999732971191,12.960000038146973,34206,0.0,0.0
2022-05-25 00:00:00-04:00,12.960000038146973,14.220000267028809,12.779999732971191,12.960000038146973,19694,0.0,0.0
2022-05-26 00:00:00-04:00,12.779999732971191,14.760000228881836,12.779999732971191,13.5,17617,0.0,0.0
2022-05-27 00:00:00-04:00,14.220000267028809,14.399999618530273,13.680000305175781,14.220000267028809,6983,0.0,0.0
2022-05-31 00:00:00-04:00,14.760000228881836,15.300000190734863,14.220000267028809,14.399999618530273,50711,0.0,0.0
2022-06-01 00:00:00-04:00,14.399999618530273,14.760000228881836,13.680000305175781,14.220000267028809,7211,0.0,0.0
2022-06-02 00:00:00-04:00,14.220000267028809,14.760000228881836,13.859999656677246,14.039999961853027,6939,0.0,0.0
2022-06-03 00:00:00-04:00,14.039999961853027,14.399999618530273,13.5,14.220000267028809,9406,0.0,0.0
2022-06-06 00:00:00-04:00,14.039999961853027,15.119999885559082,14.039999961853027,14.760000228881836,26906,0.0,0.0
2022-06-07 00:00:00-04:00,14.399999618530273,15.479999542236328,14.220000267028809,15.300000190734863,40511,0.0,0.0
2022-06-08 00:00:00-04:00,14.9399995803833,15.84000015258789,14.579999923706055,15.479999542236328,30194,0.0,0.0
2022-06-09 00:00:00-04:00,15.479999542236328,15.479999542236328,14.579999923706055,15.119999885559082,20783,0.0,0.0
2022-06-10 00:00:00-04:00,14.760000228881836,14.760000228881836,13.5,13.859999656677246,21206,0.0,0.0
2022-06-13 00:00:00-04:00,13.5,13.680000305175781,12.779999732971191,12.779999732971191,22150,0.0,0.0
2022-06-14 00:00:00-04:00,12.960000038146973,13.680000305175781,12.420000076293945,12.600000381469727,11694,0.0,0.0
2022-06-15 00:00:00-04:00,12.960000038146973,13.5,12.600000381469727,13.140000343322754,23256,0.0,0.0
2022-06-16 00:00:00-04:00,12.600000381469727,13.859999656677246,12.239999771118164,12.779999732971191,23500,0.0,0.0
2022-06-17 00:00:00-04:00,12.779999732971191,13.319999694824219,11.880000114440918,12.600000381469727,22239,0.0,0.0
2022-06-21 00:00:00-04:00,12.600000381469727,12.960000038146973,12.420000076293945,12.420000076293945,6600,0.0,0.0
2022-06-22 00:00:00-04:00,12.239999771118164,12.779999732971191,11.880000114440918,12.239999771118164,14739,0.0,0.0
2022-06-23 00:00:00-04:00,12.239999771118164,12.600000381469727,11.699999809265137,12.0600004196167,16294,0.0,0.0
2022-06-24 00:00:00-04:00,12.0600004196167,12.779999732971191,12.0600004196167,12.779999732971191,12306,0.0,0.0
2022-06-27 00:00:00-04:00,12.600000381469727,12.779999732971191,12.239999771118164,12.779999732971191,6778,0.0,0.0
2022-06-28 00:00:00-04:00,12.960000038146973,12.960000038146973,12.239999771118164,12.779999732971191,6961,0.0,0.0
2022-06-29 00:00:00-04:00,12.600000381469727,12.779999732971191,12.0600004196167,12.779999732971191,4139,0.0,0.0
2022-06-30 00:00:00-04:00,12.420000076293945,12.600000381469727,11.880000114440918,11.880000114440918,4894,0.0,0.0
2022-07-01 00:00:00-04:00,11.699999809265137,12.420000076293945,11.699999809265137,12.239999771118164,4678,0.0,0.0
2022-07-05 00:00:00-04:00,12.0600004196167,12.600000381469727,11.699999809265137,12.600000381469727,4917,0.0,0.0
2022-07-06 00:00:00-04:00,12.600000381469727,12.600000381469727,11.699999809265137,12.600000381469727,4689,0.0,0.0
2022-07-07 00:00:00-04:00,12.600000381469727,13.5,12.0600004196167,12.960000038146973,13622,0.0,0.0
2022-07-08 00:00:00-04:00,12.960000038146973,13.140000343322754,12.600000381469727,13.140000343322754,2106,0.0,0.0
2022-07-11 00:00:00-04:00,12.779999732971191,12.779999732971191,12.600000381469727,12.600000381469727,1489,0.0,0.0
2022-07-12 00:00:00-04:00,12.779999732971191,13.140000343322754,12.239999771118164,12.420000076293945,3889,0.0,0.0
2022-07-13 00:00:00-04:00,12.420000076293945,12.960000038146973,12.0600004196167,12.600000381469727,5017,0.0,0.0
2022-07-14 00:00:00-04:00,12.779999732971191,12.779999732971191,12.0600004196167,12.0600004196167,6133,0.0,0.0
2022-07-15 00:00:00-04:00,12.239999771118164,12.600000381469727,12.0600004196167,12.0600004196167,3528,0.0,0.0
2022-07-18 00:00:00-04:00,12.420000076293945,12.420000076293945,12.239999771118164,12.420000076293945,3150,0.0,0.0
2022-07-19 00:00:00-04:00,12.420000076293945,12.779999732971191,12.239999771118164,12.420000076293945,8672,0.0,0.0
2022-07-20 00:00:00-04:00,12.779999732971191,12.960000038146973,12.239999771118164,12.779999732971191,5461,0.0,0.0
2022-07-21 00:00:00-04:00,12.779999732971191,12.779999732971191,11.880000114440918,12.420000076293945,8661,0.0,0.0
2022-07-22 00:00:00-04:00,12.420000076293945,12.779999732971191,12.0600004196167,12.239999771118164,5217,0.0,0.0
2022-07-25 00:00:00-04:00,12.239999771118164,13.680000305175781,12.0600004196167,12.960000038146973,15656,0.0,0.0
2022-07-26 00:00:00-04:00,12.600000381469727,12.960000038146973,12.420000076293945,12.600000381469727,5528,0.0,0.0
2022-07-27 00:00:00-04:00,12.960000038146973,12.960000038146973,12.420000076293945,12.779999732971191,3261,0.0,0.0
2022-07-28 00:00:00-04:00,12.420000076293945,12.779999732971191,12.420000076293945,12.420000076293945,5183,0.0,0.0
2022-07-29 00:00:00-04:00,12.420000076293945,12.779999732971191,12.239999771118164,12.420000076293945,2417,0.0,0.0
2022-08-01 00:00:00-04:00,12.239999771118164,12.600000381469727,11.880000114440918,11.880000114440918,14106,0.0,0.0
2022-08-02 00:00:00-04:00,12.0600004196167,12.600000381469727,12.0600004196167,12.420000076293945,5317,0.0,0.0
2022-08-03 00:00:00-04:00,12.420000076293945,12.600000381469727,12.0600004196167,12.600000381469727,8317,0.0,0.0
2022-08-04 00:00:00-04:00,12.600000381469727,12.600000381469727,12.239999771118164,12.600000381469727,8633,0.0,0.0
2022-08-05 00:00:00-04:00,11.880000114440918,12.960000038146973,11.880000114440918,12.960000038146973,5961,0.0,0.0
2022-08-08 00:00:00-04:00,12.600000381469727,13.680000305175781,12.600000381469727,12.960000038146973,15472,0.0,0.0
2022-08-09 00:00:00-04:00,13.319999694824219,13.5,12.600000381469727,12.779999732971191,5728,0.0,0.0
2022-08-10 00:00:00-04:00,12.600000381469727,13.140000343322754,12.420000076293945,12.960000038146973,6106,0.0,0.0
2022-08-11 00:00:00-04:00,12.600000381469727,13.5,12.600000381469727,13.319999694824219,4861,0.0,0.0
2022-08-12 00:00:00-04:00,12.600000381469727,13.319999694824219,12.600000381469727,12.960000038146973,5278,0.0,0.0
2022-08-15 00:00:00-04:00,12.600000381469727,13.680000305175781,12.600000381469727,13.5,10967,0.0,0.0
2022-08-16 00:00:00-04:00,13.5,13.5,12.779999732971191,13.319999694824219,4311,0.0,0.0
2022-08-17 00:00:00-04:00,12.960000038146973,13.5,12.600000381469727,12.779999732971191,7672,0.0,0.0
2022-08-18 00:00:00-04:00,13.140000343322754,13.140000343322754,11.880000114440918,12.960000038146973,6033,0.0,0.0
2022-08-19 00:00:00-04:00,13.140000343322754,13.140000343322754,12.0600004196167,12.779999732971191,4678,0.0,0.0
2022-08-22 00:00:00-04:00,12.239999771118164,12.600000381469727,12.0600004196167,12.600000381469727,2883,0.0,0.0
2022-08-23 00:00:00-04:00,12.600000381469727,12.779999732971191,12.0600004196167,12.779999732971191,10533,0.0,0.0
2022-08-24 00:00:00-04:00,12.600000381469727,13.140000343322754,12.420000076293945,12.960000038146973,4983,0.0,0.0
2022-08-25 00:00:00-04:00,13.140000343322754,13.140000343322754,12.779999732971191,12.960000038146973,9233,0.0,0.0
2022-08-26 00:00:00-04:00,12.779999732971191,12.960000038146973,12.239999771118164,12.600000381469727,8744,0.0,0.0
2022-08-29 00:00:00-04:00,12.239999771118164,12.779999732971191,12.0600004196167,12.600000381469727,14889,0.0,0.0
2022-08-30 00:00:00-04:00,12.600000381469727,12.779999732971191,12.0600004196167,12.600000381469727,3133,0.0,0.0
2022-08-31 00:00:00-04:00,12.0600004196167,12.600000381469727,12.0600004196167,12.420000076293945,5944,0.0,0.0
2022-09-01 00:00:00-04:00,12.0600004196167,12.420000076293945,11.880000114440918,12.0600004196167,8961,0.0,0.0
2022-09-02 00:00:00-04:00,11.880000114440918,12.0600004196167,11.880000114440918,12.0600004196167,2294,0.0,0.0
2022-09-06 00:00:00-04:00,11.699999809265137,12.0600004196167,11.15999984741211,11.34000015258789,13100,0.0,0.0
2022-09-07 00:00:00-04:00,11.34000015258789,11.34000015258789,10.979999542236328,11.34000015258789,6272,0.0,0.0
2022-09-08 00:00:00-04:00,11.34000015258789,11.520000457763672,11.15999984741211,11.34000015258789,2294,0.0,0.0
2022-09-09 00:00:00-04:00,11.34000015258789,11.880000114440918,11.34000015258789,11.520000457763672,4661,0.0,0.0
2022-09-12 00:00:00-04:00,11.520000457763672,12.0600004196167,11.520000457763672,11.699999809265137,6967,0.0,0.0
2022-09-13 00:00:00-04:00,11.15999984741211,11.699999809265137,10.800000190734863,11.15999984741211,9367,0.0,0.0
2022-09-14 00:00:00-04:00,11.520000457763672,11.699999809265137,10.979999542236328,10.979999542236328,3272,0.0,0.0
2022-09-15 00:00:00-04:00,10.979999542236328,11.520000457763672,10.4399995803833,10.979999542236328,5350,0.0,0.0
2022-09-16 00:00:00-04:00,11.15999984741211,11.15999984741211,10.4399995803833,10.979999542236328,6078,0.0,0.0
2022-09-19 00:00:00-04:00,11.15999984741211,11.15999984741211,10.260000228881836,10.800000190734863,6467,0.0,0.0
2022-09-20 00:00:00-04:00,11.15999984741211,11.15999984741211,9.720000267028809,9.899999618530273,11994,0.0,0.0
2022-09-21 00:00:00-04:00,9.720000267028809,10.260000228881836,9.720000267028809,10.079999923706055,6100,0.0,0.0
2022-09-22 00:00:00-04:00,9.899999618530273,9.899999618530273,9.539999961853027,9.899999618530273,5683,0.0,0.0
2022-09-23 00:00:00-04:00,9.539999961853027,9.720000267028809,9.0,9.180000305175781,10456,0.0,0.0
2022-09-26 00:00:00-04:00,9.180000305175781,9.899999618530273,9.180000305175781,9.720000267028809,4483,0.0,0.0
2022-09-27 00:00:00-04:00,9.720000267028809,10.4399995803833,9.720000267028809,10.260000228881836,9589,0.0,0.0
2022-09-28 00:00:00-04:00,10.079999923706055,10.260000228881836,9.720000267028809,10.079999923706055,4678,0.0,0.0
2022-09-29 00:00:00-04:00,10.079999923706055,10.260000228881836,9.539999961853027,9.720000267028809,7533,0.0,0.0
2022-09-30 00:00:00-04:00,9.899999618530273,10.4399995803833,9.720000267028809,10.260000228881836,6633,0.0,0.0
2022-10-03 00:00:00-04:00,10.4399995803833,10.979999542236328,10.079999923706055,10.979999542236328,8289,0.0,0.0
2022-10-04 00:00:00-04:00,10.619999885559082,12.0600004196167,10.619999885559082,12.0600004196167,14139,0.0,0.0
2022-10-05 00:00:00-04:00,11.880000114440918,12.239999771118164,11.15999984741211,11.880000114440918,7350,0.0,0.0
2022-10-06 00:00:00-04:00,11.880000114440918,13.140000343322754,11.880000114440918,12.600000381469727,18300,0.0,0.0
2022-10-07 00:00:00-04:00,12.960000038146973,13.319999694824219,12.420000076293945,12.960000038146973,29233,0.0,0.0
2022-10-10 00:00:00-04:00,12.600000381469727,15.84000015258789,12.600000381469727,15.300000190734863,72711,0.0,0.0
2022-10-11 00:00:00-04:00,15.300000190734863,15.479999542236328,14.220000267028809,15.300000190734863,19511,0.0,0.0
2022-10-12 00:00:00-04:00,14.9399995803833,16.020000457763672,14.760000228881836,15.84000015258789,23772,0.0,0.0
2022-10-13 00:00:00-04:00,15.84000015258789,15.84000015258789,15.119999885559082,15.65999984741211,12083,0.0,0.0
2022-10-14 00:00:00-04:00,15.479999542236328,16.200000762939453,15.300000190734863,15.84000015258789,17406,0.0,0.0
2022-10-17 00:00:00-04:00,15.84000015258789,17.639999389648438,15.84000015258789,17.459999084472656,30361,0.0,0.0
2022-10-18 00:00:00-04:00,17.459999084472656,18.18000030517578,16.739999771118164,17.459999084472656,26950,0.0,0.0
2022-10-19 00:00:00-04:00,17.639999389648438,18.18000030517578,16.920000076293945,17.81999969482422,18272,0.0,0.0
2022-10-20 00:00:00-04:00,17.81999969482422,18.0,17.280000686645508,17.639999389648438,9467,0.0,0.0
2022-10-21 00:00:00-04:00,17.280000686645508,17.639999389648438,16.920000076293945,17.280000686645508,9556,0.0,0.0
2022-10-24 00:00:00-04:00,17.100000381469727,17.100000381469727,15.84000015258789,16.559999465942383,20417,0.0,0.0
2022-10-25 00:00:00-04:00,16.559999465942383,18.18000030517578,16.3799991607666,18.0,29078,0.0,0.0
2022-10-26 00:00:00-04:00,17.639999389648438,19.079999923706055,17.459999084472656,18.899999618530273,23750,0.0,0.0
2022-10-27 00:00:00-04:00,18.899999618530273,19.260000228881836,18.540000915527344,18.540000915527344,13250,0.0,0.0
2022-10-28 00:00:00-04:00,18.540000915527344,19.079999923706055,18.540000915527344,18.719999313354492,11911,0.0,0.0
2022-10-31 00:00:00-04:00,18.719999313354492,19.260000228881836,18.18000030517578,19.260000228881836,12194,0.0,0.0
2022-11-01 00:00:00-04:00,19.079999923706055,19.260000228881836,18.719999313354492,19.079999923706055,12111,0.0,0.0
2022-11-02 00:00:00-04:00,19.079999923706055,19.979999542236328,18.899999618530273,19.6200008392334,8189,0.0,0.0
2022-11-03 00:00:00-04:00,19.440000534057617,19.799999237060547,18.719999313354492,19.6200008392334,8322,0.0,0.0
2022-11-04 00:00:00-04:00,19.6200008392334,20.520000457763672,19.079999923706055,20.34000015258789,10933,0.0,0.0
2022-11-07 00:00:00-05:00,20.15999984741211,20.15999984741211,18.899999618530273,19.440000534057617,10639,0.0,0.0
2022-11-08 00:00:00-05:00,19.079999923706055,19.079999923706055,18.360000610351562,18.899999618530273,15222,0.0,0.0
2022-11-09 00:00:00-05:00,18.360000610351562,18.899999618530273,18.360000610351562,18.540000915527344,9539,0.0,0.0
2022-11-10 00:00:00-05:00,18.719999313354492,18.899999618530273,18.0,18.360000610351562,14578,0.0,0.0
2022-11-11 00:00:00-05:00,18.540000915527344,18.899999618530273,18.0,18.360000610351562,4511,0.0,0.0
2022-11-14 00:00:00-05:00,18.360000610351562,18.899999618530273,18.18000030517578,18.360000610351562,2367,0.0,0.0
2022-11-15 00:00:00-05:00,18.360000610351562,18.540000915527344,18.0,18.18000030517578,8950,0.0,0.0
2022-11-16 00:00:00-05:00,18.18000030517578,18.360000610351562,16.200000762939453,16.559999465942383,17617,0.0,0.0
2022-11-17 00:00:00-05:00,16.020000457763672,16.920000076293945,16.020000457763672,16.559999465942383,6733,0.0,0.0
2022-11-18 00:00:00-05:00,16.200000762939453,16.739999771118164,16.200000762939453,16.559999465942383,2122,0.0,0.0
2022-11-21 00:00:00-05:00,15.84000015258789,16.920000076293945,15.300000190734863,16.020000457763672,5961,0.0,0.0
2022-11-22 00:00:00-05:00,16.200000762939453,16.200000762939453,15.479999542236328,15.84000015258789,2406,0.0,0.0
2022-11-23 00:00:00-05:00,15.84000015258789,16.3799991607666,15.65999984741211,15.84000015258789,4022,0.0,0.0
2022-11-25 00:00:00-05:00,15.479999542236328,16.3799991607666,15.300000190734863,16.200000762939453,3811,0.0,0.0
2022-11-28 00:00:00-05:00,15.65999984741211,16.020000457763672,15.300000190734863,15.65999984741211,2406,0.0,0.0
2022-11-29 00:00:00-05:00,15.300000190734863,15.84000015258789,15.300000190734863,15.65999984741211,3606,0.0,0.0
2022-11-30 00:00:00-05:00,16.3799991607666,17.639999389648438,15.65999984741211,16.3799991607666,3333,0.0,0.0
2022-12-01 00:00:00-05:00,16.020000457763672,16.739999771118164,15.300000190734863,15.65999984741211,4383,0.0,0.0
2022-12-02 00:00:00-05:00,15.479999542236328,16.739999771118164,15.479999542236328,16.739999771118164,8400,0.0,0.0
2022-12-05 00:00:00-05:00,16.200000762939453,16.920000076293945,15.65999984741211,16.020000457763672,2572,0.0,0.0
2022-12-06 00:00:00-05:00,15.479999542236328,16.020000457763672,15.479999542236328,15.84000015258789,5178,0.0,0.0
2022-12-07 00:00:00-05:00,15.84000015258789,17.639999389648438,15.300000190734863,16.559999465942383,23717,0.0,0.0
2022-12-08 00:00:00-05:00,17.100000381469727,18.0,17.100000381469727,17.81999969482422,14000,0.0,0.0
2022-12-09 00:00:00-05:00,17.639999389648438,19.799999237060547,17.639999389648438,19.079999923706055,25028,0.0,0.0
2022-12-12 00:00:00-05:00,17.81999969482422,18.719999313354492,17.459999084472656,18.18000030517578,10572,0.0,0.0
2022-12-13 00:00:00-05:00,17.459999084472656,19.260000228881836,17.459999084472656,18.899999618530273,18739,0.0,0.0
2022-12-14 00:00:00-05:00,18.899999618530273,20.700000762939453,18.899999618530273,19.799999237060547,23017,0.0,0.0
2022-12-15 00:00:00-05:00,19.799999237060547,19.979999542236328,18.899999618530273,19.799999237060547,10189,0.0,0.0
2022-12-16 00:00:00-05:00,18.719999313354492,21.600000381469727,18.719999313354492,20.8799991607666,36611,0.0,0.0
2022-12-19 00:00:00-05:00,20.8799991607666,21.959999084472656,17.280000686645508,20.34000015258789,26183,0.0,0.0
2022-12-20 00:00:00-05:00,19.799999237060547,21.420000076293945,19.799999237060547,20.8799991607666,5822,0.0,0.0
2022-12-21 00:00:00-05:00,21.059999465942383,21.239999771118164,20.15999984741211,20.700000762939453,5056,0.0,0.0
2022-12-22 00:00:00-05:00,20.700000762939453,21.059999465942383,19.799999237060547,20.8799991607666,12367,0.0,0.0
2022-12-23 00:00:00-05:00,20.700000762939453,21.059999465942383,20.15999984741211,20.700000762939453,6778,0.0,0.0
2022-12-27 00:00:00-05:00,20.15999984741211,21.959999084472656,19.979999542236328,21.780000686645508,18750,0.0,0.0
2022-12-28 00:00:00-05:00,21.780000686645508,23.940000534057617,21.239999771118164,23.760000228881836,24367,0.0,0.0
2022-12-29 00:00:00-05:00,22.68000030517578,23.940000534057617,22.5,23.760000228881836,19717,0.0,0.0
2022-12-30 00:00:00-05:00,23.579999923706055,23.760000228881836,21.959999084472656,22.68000030517578,19128,0.0,0.0
2023-01-03 00:00:00-05:00,22.860000610351562,23.760000228881836,22.68000030517578,22.68000030517578,5800,0.0,0.0
2023-01-04 00:00:00-05:00,22.5,23.040000915527344,22.31999969482422,22.31999969482422,13461,0.0,0.0
2023-01-05 00:00:00-05:00,22.31999969482422,23.219999313354492,21.600000381469727,21.959999084472656,10456,0.0,0.0
2023-01-06 00:00:00-05:00,21.959999084472656,24.65999984741211,21.600000381469727,24.299999237060547,30622,0.0,0.0
2023-01-09 00:00:00-05:00,24.84000015258789,27.18000030517578,24.84000015258789,27.0,76039,0.0,0.0
2023-01-10 00:00:00-05:00,27.360000610351562,28.979999542236328,25.920000076293945,28.260000228881836,50150,0.0,0.0
2023-01-11 00:00:00-05:00,28.440000534057617,28.979999542236328,24.84000015258789,27.899999618530273,53733,0.0,0.0
2023-01-12 00:00:00-05:00,28.260000228881836,28.6200008392334,26.100000381469727,27.540000915527344,33044,0.0,0.0
2023-01-13 00:00:00-05:00,27.18000030517578,29.8799991607666,26.639999389648438,27.360000610351562,38594,0.0,0.0
2023-01-17 00:00:00-05:00,27.18000030517578,28.6200008392334,26.81999969482422,28.260000228881836,17194,0.0,0.0
2023-01-18 00:00:00-05:00,27.360000610351562,29.8799991607666,27.0,27.360000610351562,19489,0.0,0.0
2023-01-19 00:00:00-05:00,26.81999969482422,28.079999923706055,22.5,22.5,62339,0.0,0.0
2023-01-20 00:00:00-05:00,22.860000610351562,25.020000457763672,22.860000610351562,23.760000228881836,13256,0.0,0.0
2023-01-23 00:00:00-05:00,23.760000228881836,24.84000015258789,23.760000228881836,24.299999237060547,4078,0.0,0.0
2023-01-24 00:00:00-05:00,24.299999237060547,27.18000030517578,23.040000915527344,27.0,36767,0.0,0.0
2023-01-25 00:00:00-05:00,27.360000610351562,30.059999465942383,26.100000381469727,30.059999465942383,42228,0.0,0.0
2023-01-26 00:00:00-05:00,29.520000457763672,32.58000183105469,28.079999923706055,32.400001525878906,47156,0.0,0.0
2023-01-27 00:00:00-05:00,31.5,32.040000915527344,30.239999771118164,30.780000686645508,34722,0.0,0.0
2023-01-30 00:00:00-05:00,28.979999542236328,30.059999465942383,28.799999237060547,28.979999542236328,30022,0.0,0.0
2023-01-31 00:00:00-05:00,29.15999984741211,29.700000762939453,28.440000534057617,28.440000534057617,11394,0.0,0.0
2023-02-01 00:00:00-05:00,28.260000228881836,28.979999542236328,27.540000915527344,28.440000534057617,8028,0.0,0.0
2023-02-02 00:00:00-05:00,29.15999984741211,29.15999984741211,27.540000915527344,28.440000534057617,8011,0.0,0.0
2023-02-03 00:00:00-05:00,28.440000534057617,30.239999771118164,28.440000534057617,28.799999237060547,7828,0.0,0.0
2023-02-06 00:00:00-05:00,29.34000015258789,30.059999465942383,28.799999237060547,29.520000457763672,8461,0.0,0.0
2023-02-07 00:00:00-05:00,29.700000762939453,31.5,28.440000534057617,30.780000686645508,36028,0.0,0.0
2023-02-08 00:00:00-05:00,30.239999771118164,30.600000381469727,28.260000228881836,28.440000534057617,7572,0.0,0.0
2023-02-09 00:00:00-05:00,28.979999542236328,29.8799991607666,28.440000534057617,29.700000762939453,8922,0.0,0.0
2023-02-10 00:00:00-05:00,30.059999465942383,30.059999465942383,28.799999237060547,29.520000457763672,5383,0.0,0.0
2023-02-13 00:00:00-05:00,29.700000762939453,29.700000762939453,28.440000534057617,28.6200008392334,2522,0.0,0.0
2023-02-14 00:00:00-05:00,28.079999923706055,29.520000457763672,28.079999923706055,29.15999984741211,7156,0.0,0.0
2023-02-15 00:00:00-05:00,28.440000534057617,29.520000457763672,28.440000534057617,29.520000457763672,3889,0.0,0.0
2023-02-16 00:00:00-05:00,29.520000457763672,29.700000762939453,28.799999237060547,28.799999237060547,4267,0.0,0.0
2023-02-17 00:00:00-05:00,28.440000534057617,29.34000015258789,27.18000030517578,28.799999237060547,9317,0.0,0.0
2023-02-21 00:00:00-05:00,27.719999313354492,28.979999542236328,27.540000915527344,28.799999237060547,7489,0.0,0.0
2023-02-22 00:00:00-05:00,28.260000228881836,29.8799991607666,27.719999313354492,29.8799991607666,11739,0.0,0.0
2023-02-23 00:00:00-05:00,30.059999465942383,31.68000030517578,29.15999984741211,31.5,27283,0.0,0.0
2023-02-24 00:00:00-05:00,31.68000030517578,31.860000610351562,29.8799991607666,30.600000381469727,22978,0.0,0.0
2023-02-27 00:00:00-05:00,30.959999084472656,33.84000015258789,30.420000076293945,33.47999954223633,47367,0.0,0.0
2023-02-28 00:00:00-05:00,32.7599983215332,37.2599983215332,31.5,36.900001525878906,76778,0.0,0.0
2023-03-01 00:00:00-05:00,36.18000030517578,38.34000015258789,32.58000183105469,32.58000183105469,112972,0.0,0.0
2023-03-02 00:00:00-05:00,32.939998626708984,35.099998474121094,32.220001220703125,33.65999984741211,56506,0.0,0.0
2023-03-03 00:00:00-05:00,35.099998474121094,35.279998779296875,32.040000915527344,32.58000183105469,58583,0.0,0.0
2023-03-06 00:00:00-05:00,32.040000915527344,32.040000915527344,21.600000381469727,23.040000915527344,165778,0.0,0.0
2023-03-07 00:00:00-05:00,23.760000228881836,25.200000762939453,21.780000686645508,21.959999084472656,82417,0.0,0.0
2023-03-08 00:00:00-05:00,22.139999389648438,22.68000030517578,18.360000610351562,19.440000534057617,92172,0.0,0.0
2023-03-09 00:00:00-05:00,18.899999618530273,19.799999237060547,17.639999389648438,17.639999389648438,80278,0.0,0.0
2023-03-10 00:00:00-05:00,17.639999389648438,18.0,15.65999984741211,16.020000457763672,58200,0.0,0.0
2023-03-13 00:00:00-04:00,15.84000015258789,18.360000610351562,15.84000015258789,17.639999389648438,26100,0.0,0.0
2023-03-14 00:00:00-04:00,17.280000686645508,19.799999237060547,17.100000381469727,18.899999618530273,18539,0.0,0.0
2023-03-15 00:00:00-04:00,18.899999618530273,20.34000015258789,6.480000019073486,6.659999847412109,805472,0.0,0.0
2023-03-16 00:00:00-04:00,5.940000057220459,7.019999980926514,5.760000228881836,6.659999847412109,272033,0.0,0.0
2023-03-17 00:00:00-04:00,6.659999847412109,6.659999847412109,6.119999885559082,6.480000019073486,82811,0.0,0.0
2023-03-20 00:00:00-04:00,6.480000019073486,6.480000019073486,5.039999961853027,5.940000057220459,117856,0.0,0.0
2023-03-21 00:00:00-04:00,6.119999885559082,6.480000019073486,5.940000057220459,6.300000190734863,33611,0.0,0.0
2023-03-22 00:00:00-04:00,6.300000190734863,6.300000190734863,6.119999885559082,6.119999885559082,25578,0.0,0.0
2023-03-23 00:00:00-04:00,6.119999885559082,6.300000190734863,5.760000228881836,5.760000228881836,29628,0.0,0.0
2023-03-24 00:00:00-04:00,6.119999885559082,6.119999885559082,5.579999923706055,5.760000228881836,31622,0.0,0.0
2023-03-27 00:00:00-04:00,5.760000228881836,5.940000057220459,5.21999979019165,5.400000095367432,40156,0.0,0.0
2023-03-28 00:00:00-04:00,5.400000095367432,5.579999923706055,5.400000095367432,5.400000095367432,21544,0.0,0.0
2023-03-29 00:00:00-04:00,5.579999923706055,5.579999923706055,5.400000095367432,5.579999923706055,18061,0.0,0.0
2023-03-30 00:00:00-04:00,5.760000228881836,5.940000057220459,5.579999923706055,5.760000228881836,23856,0.0,0.0
2023-03-31 00:00:00-04:00,5.940000057220459,6.480000019073486,5.760000228881836,6.119999885559082,30606,0.0,0.0
2023-04-03 00:00:00-04:00,6.300000190734863,6.840000152587891,6.300000190734863,6.840000152587891,35722,0.0,0.0
2023-04-04 00:00:00-04:00,6.840000152587891,6.840000152587891,6.480000019073486,6.840000152587891,17694,0.0,0.0
2023-04-05 00:00:00-04:00,6.659999847412109,6.840000152587891,6.119999885559082,6.119999885559082,23900,0.0,0.0
2023-04-06 00:00:00-04:00,6.300000190734863,6.659999847412109,6.119999885559082,6.300000190734863,15144,0.0,0.0
2023-04-10 00:00:00-04:00,6.119999885559082,6.659999847412109,5.940000057220459,5.940000057220459,13550,0.0,0.0
2023-04-11 00:00:00-04:00,6.119999885559082,6.659999847412109,5.940000057220459,6.300000190734863,11328,0.0,0.0
2023-04-12 00:00:00-04:00,6.300000190734863,7.019999980926514,6.300000190734863,6.840000152587891,23678,0.0,0.0
2023-04-13 00:00:00-04:00,6.840000152587891,6.840000152587891,5.940000057220459,6.840000152587891,12111,0.0,0.0
2023-04-14 00:00:00-04:00,6.840000152587891,7.019999980926514,6.480000019073486,7.019999980926514,17833,0.0,0.0
2023-04-17 00:00:00-04:00,7.019999980926514,7.920000076293945,7.019999980926514,7.739999771118164,72083,0.0,0.0
2023-04-18 00:00:00-04:00,7.920000076293945,8.460000038146973,7.559999942779541,8.100000381469727,43322,0.0,0.0
2023-04-19 00:00:00-04:00,7.920000076293945,8.279999732971191,7.739999771118164,8.100000381469727,57767,0.0,0.0
2023-04-20 00:00:00-04:00,7.920000076293945,7.920000076293945,7.739999771118164,7.739999771118164,10456,0.0,0.0
2023-04-21 00:00:00-04:00,7.559999942779541,8.100000381469727,7.559999942779541,7.559999942779541,8478,0.0,0.0
2023-04-24 00:00:00-04:00,7.559999942779541,8.100000381469727,7.380000114440918,7.380000114440918,16761,0.0,0.0
2023-04-25 00:00:00-04:00,7.380000114440918,7.559999942779541,7.019999980926514,7.199999809265137,8311,0.0,0.0
2023-04-26 00:00:00-04:00,7.199999809265137,7.559999942779541,7.199999809265137,7.199999809265137,7039,0.0,0.0
2023-04-27 00:00:00-04:00,7.199999809265137,7.739999771118164,5.940000057220459,7.199999809265137,20433,0.0,0.0
2023-04-28 00:00:00-04:00,7.380000114440918,7.559999942779541,7.019999980926514,7.559999942779541,14533,0.0,0.0
2023-05-01 00:00:00-04:00,7.559999942779541,7.559999942779541,7.199999809265137,7.380000114440918,16306,0.0,0.0
2023-05-02 00:00:00-04:00,7.380000114440918,7.380000114440918,7.380000114440918,7.380000114440918,5361,0.0,0.0
2023-05-03 00:00:00-04:00,7.380000114440918,7.739999771118164,7.380000114440918,7.559999942779541,13222,0.0,0.0
2023-05-04 00:00:00-04:00,7.380000114440918,7.559999942779541,7.199999809265137,7.380000114440918,8511,0.0,0.0
2023-05-05 00:00:00-04:00,7.380000114440918,7.559999942779541,7.380000114440918,7.380000114440918,4294,0.0,0.0
2023-05-08 00:00:00-04:00,7.559999942779541,7.559999942779541,7.019999980926514,7.380000114440918,7606,0.0,0.0
2023-05-09 00:00:00-04:00,7.380000114440918,7.380000114440918,7.199999809265137,7.199999809265137,2567,0.0,0.0
2023-05-10 00:00:00-04:00,7.199999809265137,7.380000114440918,7.199999809265137,7.380000114440918,6211,0.0,0.0
2023-05-11 00:00:00-04:00,7.380000114440918,7.380000114440918,7.199999809265137,7.380000114440918,2433,0.0,0.0
2023-05-12 00:00:00-04:00,7.380000114440918,7.380000114440918,7.199999809265137,7.199999809265137,3511,0.0,0.0
2023-05-15 00:00:00-04:00,7.019999980926514,7.380000114440918,6.840000152587891,7.380000114440918,7661,0.0,0.0
2023-05-16 00:00:00-04:00,7.199999809265137,7.380000114440918,7.019999980926514,7.019999980926514,2611,0.0,0.0
2023-05-17 00:00:00-04:00,7.019999980926514,7.380000114440918,7.019999980926514,7.199999809265137,2200,0.0,0.0
2023-05-18 00:00:00-04:00,7.019999980926514,7.199999809265137,7.019999980926514,7.199999809265137,6439,0.0,0.0
2023-05-19 00:00:00-04:00,7.380000114440918,7.380000114440918,7.019999980926514,7.199999809265137,3367,0.0,0.0
2023-05-22 00:00:00-04:00,7.199999809265137,7.380000114440918,7.199999809265137,7.199999809265137,3978,0.0,0.0
2023-05-23 00:00:00-04:00,7.199999809265137,7.380000114440918,7.019999980926514,7.199999809265137,5917,0.0,0.0
2023-05-24 00:00:00-04:00,7.019999980926514,7.199999809265137,7.019999980926514,7.199999809265137,3617,0.0,0.0
2023-05-25 00:00:00-04:00,7.199999809265137,7.739999771118164,7.019999980926514,7.380000114440918,29067,0.0,0.0
2023-05-26 00:00:00-04:00,7.199999809265137,7.199999809265137,7.199999809265137,7.199999809265137,3111,0.0,0.0
2023-05-30 00:00:00-04:00,7.199999809265137,7.199999809265137,7.199999809265137,7.199999809265137,5233,0.0,0.0
2023-05-31 00:00:00-04:00,7.019999980926514,7.380000114440918,7.019999980926514,7.199999809265137,3067,0.0,0.0
2023-06-01 00:00:00-04:00,7.199999809265137,7.380000114440918,7.199999809265137,7.199999809265137,2594,0.0,0.0
2023-06-02 00:00:00-04:00,7.380000114440918,7.380000114440918,7.199999809265137,7.199999809265137,1961,0.0,0.0
2023-06-05 00:00:00-04:00,7.199999809265137,7.559999942779541,7.199999809265137,7.199999809265137,9261,0.0,0.0
2023-06-06 00:00:00-04:00,7.199999809265137,7.559999942779541,7.199999809265137,7.199999809265137,13244,0.0,0.0
2023-06-07 00:00:00-04:00,7.199999809265137,7.559999942779541,7.199999809265137,7.380000114440918,8678,0.0,0.0
2023-06-08 00:00:00-04:00,7.380000114440918,7.739999771118164,7.199999809265137,7.559999942779541,18917,0.0,0.0
2023-06-09 00:00:00-04:00,7.559999942779541,7.739999771118164,7.199999809265137,7.380000114440918,7672,0.0,0.0
2023-06-12 00:00:00-04:00,7.380000114440918,7.559999942779541,7.199999809265137,7.380000114440918,6767,0.0,0.0
2023-06-13 00:00:00-04:00,7.380000114440918,7.559999942779541,7.199999809265137,7.380000114440918,18839,0.0,0.0
2023-06-14 00:00:00-04:00,6.840000152587891,7.559999942779541,6.840000152587891,7.559999942779541,12183,0.0,0.0
2023-06-15 00:00:00-04:00,7.559999942779541,7.559999942779541,7.199999809265137,7.380000114440918,6611,0.0,0.0
2023-06-16 00:00:00-04:00,7.380000114440918,7.380000114440918,7.019999980926514,7.380000114440918,4228,0.0,0.0
2023-06-20 00:00:00-04:00,7.199999809265137,7.380000114440918,7.019999980926514,7.199999809265137,3094,0.0,0.0
2023-06-21 00:00:00-04:00,7.199999809265137,7.380000114440918,7.019999980926514,7.380000114440918,4217,0.0,0.0
2023-06-22 00:00:00-04:00,6.840000152587891,7.380000114440918,6.840000152587891,7.019999980926514,5700,0.0,0.0
2023-06-23 00:00:00-04:00,7.199999809265137,7.199999809265137,6.840000152587891,7.019999980926514,4372,0.0,0.0
2023-06-26 00:00:00-04:00,6.840000152587891,6.840000152587891,6.480000019073486,6.659999847412109,9489,0.0,0.0
2023-06-27 00:00:00-04:00,6.840000152587891,6.840000152587891,6.119999885559082,6.119999885559082,20311,0.0,0.0
2023-06-28 00:00:00-04:00,6.119999885559082,6.300000190734863,6.119999885559082,6.300000190734863,3744,0.0,0.0
2023-06-29 00:00:00-04:00,6.119999885559082,6.480000019073486,6.119999885559082,6.300000190734863,2661,0.0,0.0
2023-06-30 00:00:00-04:00,6.480000019073486,6.659999847412109,6.119999885559082,6.119999885559082,5406,0.0,0.0
2023-07-03 00:00:00-04:00,6.300000190734863,6.300000190734863,5.940000057220459,6.300000190734863,12106,0.0,0.0
2023-07-05 00:00:00-04:00,6.300000190734863,6.840000152587891,6.300000190734863,6.659999847412109,17544,0.0,0.0
2023-07-06 00:00:00-04:00,6.840000152587891,6.840000152587891,6.480000019073486,6.840000152587891,4056,0.0,0.0
2023-07-07 00:00:00-04:00,7.019999980926514,7.019999980926514,6.659999847412109,6.840000152587891,5167,0.0,0.0
2023-07-10 00:00:00-04:00,6.840000152587891,7.199999809265137,6.659999847412109,6.840000152587891,5511,0.0,0.0
2023-07-11 00:00:00-04:00,6.840000152587891,7.199999809265137,6.659999847412109,7.019999980926514,7761,0.0,0.0
2023-07-12 00:00:00-04:00,6.840000152587891,7.199999809265137,6.659999847412109,7.199999809265137,9767,0.0,0.0
2023-07-13 00:00:00-04:00,7.199999809265137,7.380000114440918,7.019999980926514,7.199999809265137,7467,0.0,0.0
2023-07-14 00:00:00-04:00,7.380000114440918,7.380000114440918,6.840000152587891,7.019999980926514,4822,0.0,0.0
2023-07-17 00:00:00-04:00,7.199999809265137,7.380000114440918,6.840000152587891,7.019999980926514,11144,0.0,0.0
2023-07-18 00:00:00-04:00,7.199999809265137,7.199999809265137,6.840000152587891,6.840000152587891,7856,0.0,0.0
2023-07-19 00:00:00-04:00,6.659999847412109,7.019999980926514,6.659999847412109,7.019999980926514,4533,0.0,0.0
2023-07-20 00:00:00-04:00,7.019999980926514,7.199999809265137,6.840000152587891,7.199999809265137,3950,0.0,0.0
2023-07-21 00:00:00-04:00,7.199999809265137,7.199999809265137,6.840000152587891,6.840000152587891,4439,0.0,0.0
2023-07-24 00:00:00-04:00,7.199999809265137,7.199999809265137,6.840000152587891,7.019999980926514,5750,0.0,0.0
2023-07-25 00:00:00-04:00,7.019999980926514,7.019999980926514,6.840000152587891,7.019999980926514,5522,0.0,0.0
2023-07-26 00:00:00-04:00,6.840000152587891,7.199999809265137,6.840000152587891,6.840000152587891,3811,0.0,0.0
2023-07-27 00:00:00-04:00,7.019999980926514,7.019999980926514,6.119999885559082,6.480000019073486,9278,0.0,0.0
2023-07-28 00:00:00-04:00,6.480000019073486,6.840000152587891,6.480000019073486,6.480000019073486,3117,0.0,0.0
2023-07-31 00:00:00-04:00,6.480000019073486,7.019999980926514,6.480000019073486,6.840000152587891,5006,0.0,0.0
2023-08-01 00:00:00-04:00,6.480000019073486,6.840000152587891,6.480000019073486,6.840000152587891,2533,0.0,0.0
2023-08-02 00:00:00-04:00,6.840000152587891,6.840000152587891,6.480000019073486,6.659999847412109,2806,0.0,0.0
2023-08-03 00:00:00-04:00,6.480000019073486,6.840000152587891,6.480000019073486,6.480000019073486,1889,0.0,0.0
2023-08-04 00:00:00-04:00,6.480000019073486,6.659999847412109,6.480000019073486,6.659999847412109,4239,0.0,0.0
2023-08-07 00:00:00-04:00,6.840000152587891,6.840000152587891,6.480000019073486,6.480000019073486,1361,0.0,0.0
2023-08-08 00:00:00-04:00,6.480000019073486,6.480000019073486,6.300000190734863,6.480000019073486,1900,0.0,0.0
2023-08-09 00:00:00-04:00,6.480000019073486,6.840000152587891,6.300000190734863,6.659999847412109,6967,0.0,0.0
2023-08-10 00:00:00-04:00,6.480000019073486,6.659999847412109,6.300000190734863,6.659999847412109,1478,0.0,0.0
2023-08-11 00:00:00-04:00,6.480000019073486,6.659999847412109,6.300000190734863,6.659999847412109,406,0.0,0.0
2023-08-14 00:00:00-04:00,6.300000190734863,6.659999847412109,6.300000190734863,6.300000190734863,4000,0.0,0.0
2023-08-15 00:00:00-04:00,6.659999847412109,6.659999847412109,6.300000190734863,6.480000019073486,5000,0.0,0.0
2023-08-16 00:00:00-04:00,6.480000019073486,6.659999847412109,6.480000019073486,6.480000019073486,3328,0.0,0.0
2023-08-17 00:00:00-04:00,6.659999847412109,6.659999847412109,6.300000190734863,6.300000190734863,4289,0.0,0.0
2023-08-18 00:00:00-04:00,6.300000190734863,6.480000019073486,6.119999885559082,6.300000190734863,3294,0.0,0.0
2023-08-21 00:00:00-04:00,6.480000019073486,6.480000019073486,5.940000057220459,6.119999885559082,5017,0.0,0.0
2023-08-22 00:00:00-04:00,6.119999885559082,6.300000190734863,6.119999885559082,6.119999885559082,2589,0.0,0.0
2023-08-23 00:00:00-04:00,6.659999847412109,6.659999847412109,6.119999885559082,6.119999885559082,3444,0.0,0.0
2023-08-24 00:00:00-04:00,6.300000190734863,6.480000019073486,6.119999885559082,6.480000019073486,4356,0.0,0.0
2023-08-25 00:00:00-04:00,6.480000019073486,6.659999847412109,6.119999885559082,6.300000190734863,1478,0.0,0.0
2023-08-28 00:00:00-04:00,6.119999885559082,6.480000019073486,6.119999885559082,6.119999885559082,3856,0.0,0.0
2023-08-29 00:00:00-04:00,6.119999885559082,6.659999847412109,6.119999885559082,6.300000190734863,4461,0.0,0.0
2023-08-30 00:00:00-04:00,6.119999885559082,6.480000019073486,6.119999885559082,6.300000190734863,889,0.0,0.0
2023-08-31 00:00:00-04:00,6.119999885559082,6.480000019073486,6.119999885559082,6.300000190734863,4061,0.0,0.0
2023-09-01 00:00:00-04:00,6.119999885559082,6.659999847412109,6.119999885559082,6.300000190734863,9317,0.0,0.0
2023-09-05 00:00:00-04:00,6.480000019073486,6.840000152587891,6.300000190734863,6.659999847412109,4050,0.0,0.0
2023-09-06 00:00:00-04:00,6.300000190734863,6.840000152587891,6.300000190734863,6.659999847412109,2994,0.0,0.0
2023-09-07 00:00:00-04:00,6.659999847412109,6.659999847412109,6.480000019073486,6.659999847412109,3378,0.0,0.0
2023-09-08 00:00:00-04:00,6.659999847412109,6.659999847412109,6.480000019073486,6.659999847412109,1061,0.0,0.0
2023-09-11 00:00:00-04:00,6.659999847412109,6.659999847412109,6.480000019073486,6.659999847412109,6811,0.0,0.0
2023-09-12 00:00:00-04:00,6.480000019073486,6.659999847412109,6.480000019073486,6.480000019073486,1194,0.0,0.0
2023-09-13 00:00:00-04:00,6.300000190734863,6.659999847412109,6.300000190734863,6.480000019073486,4600,0.0,0.0
2023-09-14 00:00:00-04:00,6.480000019073486,6.659999847412109,6.480000019073486,6.480000019073486,3544,0.0,0.0
2023-09-15 00:00:00-04:00,6.480000019073486,6.659999847412109,6.480000019073486,6.480000019073486,2378,0.0,0.0
2023-09-18 00:00:00-04:00,6.659999847412109,6.659999847412109,6.300000190734863,6.659999847412109,3811,0.0,0.0
2023-09-19 00:00:00-04:00,6.300000190734863,6.480000019073486,6.300000190734863,6.300000190734863,2244,0.0,0.0
2023-09-20 00:00:00-04:00,6.300000190734863,6.480000019073486,6.300000190734863,6.300000190734863,1144,0.0,0.0
2023-09-21 00:00:00-04:00,6.300000190734863,6.300000190734863,5.940000057220459,6.119999885559082,1117,0.0,0.0
2023-09-22 00:00:00-04:00,6.300000190734863,6.300000190734863,5.760000228881836,5.760000228881836,4011,0.0,0.0
2023-09-25 00:00:00-04:00,5.760000228881836,5.940000057220459,5.579999923706055,5.760000228881836,5278,0.0,0.0
2023-09-26 00:00:00-04:00,5.940000057220459,6.119999885559082,5.579999923706055,6.119999885559082,3744,0.0,0.0
2023-09-27 00:00:00-04:00,5.940000057220459,6.300000190734863,5.760000228881836,6.119999885559082,4961,0.0,0.0
2023-09-28 00:00:00-04:00,5.940000057220459,6.119999885559082,5.760000228881836,5.940000057220459,4544,0.0,0.0
2023-09-29 00:00:00-04:00,5.940000057220459,6.119999885559082,5.400000095367432,5.579999923706055,8744,0.0,0.0
2023-10-02 00:00:00-04:00,5.579999923706055,5.760000228881836,5.400000095367432,5.579999923706055,3578,0.0,0.0
2023-10-03 00:00:00-04:00,5.579999923706055,5.760000228881836,5.400000095367432,5.400000095367432,1517,0.0,0.0
2023-10-04 00:00:00-04:00,5.940000057220459,5.940000057220459,5.400000095367432,5.579999923706055,7394,0.0,0.0
2023-10-05 00:00:00-04:00,5.760000228881836,5.940000057220459,5.579999923706055,5.579999923706055,12411,0.0,0.0
2023-10-06 00:00:00-04:00,6.119999885559082,6.119999885559082,4.679999828338623,5.21999979019165,26539,0.0,0.0
2023-10-09 00:00:00-04:00,5.21999979019165,5.579999923706055,5.21999979019165,5.400000095367432,8344,0.0,0.0
2023-10-10 00:00:00-04:00,5.400000095367432,5.579999923706055,5.21999979019165,5.400000095367432,12983,0.0,0.0
2023-10-11 00:00:00-04:00,5.400000095367432,5.760000228881836,5.400000095367432,5.579999923706055,14300,0.0,0.0
2023-10-12 00:00:00-04:00,5.579999923706055,5.760000228881836,5.21999979019165,5.400000095367432,7128,0.0,0.0
2023-10-13 00:00:00-04:00,5.400000095367432,7.019999980926514,5.039999961853027,6.840000152587891,107094,0.0,0.0
2023-10-16 00:00:00-04:00,6.300000190734863,6.659999847412109,5.760000228881836,5.940000057220459,108178,0.0,0.0
2023-10-17 00:00:00-04:00,5.760000228881836,6.119999885559082,5.21999979019165,5.579999923706055,46944,0.0,0.0
2023-10-18 00:00:00-04:00,5.579999923706055,5.940000057220459,5.400000095367432,5.760000228881836,27589,0.0,0.0
2023-10-19 00:00:00-04:00,5.760000228881836,5.760000228881836,5.21999979019165,5.21999979019165,18628,0.0,0.0
2023-10-20 00:00:00-04:00,5.21999979019165,5.579999923706055,5.039999961853027,5.039999961853027,9167,0.0,0.0
2023-10-23 00:00:00-04:00,5.039999961853027,5.21999979019165,4.679999828338623,4.860000133514404,11944,0.0,0.0
2023-10-24 00:00:00-04:00,4.679999828338623,5.039999961853027,4.679999828338623,4.860000133514404,8350,0.0,0.0
2023-10-25 00:00:00-04:00,4.679999828338623,5.21999979019165,4.679999828338623,5.039999961853027,5550,0.0,0.0
2023-10-26 00:00:00-04:00,5.039999961853027,5.21999979019165,4.5,5.039999961853027,10300,0.0,0.0
2023-10-27 00:00:00-04:00,4.679999828338623,4.860000133514404,4.5,4.5,15089,0.0,0.0
2023-10-30 00:00:00-04:00,4.679999828338623,4.679999828338623,4.139999866485596,4.139999866485596,14572,0.0,0.0
2023-10-31 00:00:00-04:00,4.139999866485596,4.320000171661377,4.139999866485596,4.139999866485596,3128,0.0,0.0
2023-11-01 00:00:00-04:00,4.320000171661377,4.320000171661377,3.7799999713897705,3.7799999713897705,9961,0.0,0.0
2023-11-02 00:00:00-04:00,3.9600000381469727,4.320000171661377,3.7799999713897705,4.139999866485596,5289,0.0,0.0
2023-11-03 00:00:00-04:00,3.9600000381469727,4.679999828338623,3.9600000381469727,4.320000171661377,10122,0.0,0.0
2023-11-06 00:00:00-05:00,4.5,4.679999828338623,4.5,4.679999828338623,4628,0.0,0.0
2023-11-07 00:00:00-05:00,4.679999828338623,4.679999828338623,4.5,4.679999828338623,4322,0.0,0.0
2023-11-08 00:00:00-05:00,4.5,4.679999828338623,4.5,4.679999828338623,1961,0.0,0.0
2023-11-09 00:00:00-05:00,4.679999828338623,4.679999828338623,4.139999866485596,4.139999866485596,8633,0.0,0.0
2023-11-10 00:00:00-05:00,4.860000133514404,4.860000133514404,4.320000171661377,4.5,10722,0.0,0.0
2023-11-13 00:00:00-05:00,5.039999961853027,5.039999961853027,4.320000171661377,4.860000133514404,4672,0.0,0.0
2023-11-14 00:00:00-05:00,4.679999828338623,4.860000133514404,3.9600000381469727,4.5,45761,0.0,0.0
2023-11-15 00:00:00-05:00,4.5,4.860000133514404,4.5,4.860000133514404,5539,0.0,0.0
2023-11-16 00:00:00-05:00,4.860000133514404,5.21999979019165,4.679999828338623,5.039999961853027,6472,0.0,0.0
2023-11-17 00:00:00-05:00,4.679999828338623,5.21999979019165,4.679999828338623,5.21999979019165,8711,0.0,0.0
2023-11-20 00:00:00-05:00,5.039999961853027,5.21999979019165,4.679999828338623,5.039999961853027,4639,0.0,0.0
2023-11-21 00:00:00-05:00,5.039999961853027,5.21999979019165,4.860000133514404,4.860000133514404,5194,0.0,0.0
2023-11-22 00:00:00-05:00,4.679999828338623,5.21999979019165,4.679999828338623,4.860000133514404,456,0.0,0.0
2023-11-24 00:00:00-05:00,4.860000133514404,5.039999961853027,4.860000133514404,5.039999961853027,1944,0.0,0.0
2023-11-27 00:00:00-05:00,5.039999961853027,5.039999961853027,4.860000133514404,4.860000133514404,2228,0.0,0.0
2023-11-28 00:00:00-05:00,4.860000133514404,5.039999961853027,4.860000133514404,5.039999961853027,4667,0.0,0.0
2023-11-29 00:00:00-05:00,5.039999961853027,5.21999979019165,5.039999961853027,5.21999979019165,4067,0.0,0.0
2023-11-30 00:00:00-05:00,5.21999979019165,5.21999979019165,5.039999961853027,5.039999961853027,2311,0.0,0.0
2023-12-01 00:00:00-05:00,5.21999979019165,5.21999979019165,4.860000133514404,5.039999961853027,3261,0.0,0.0
2023-12-04 00:00:00-05:00,5.039999961853027,5.21999979019165,5.039999961853027,5.21999979019165,1150,0.0,0.0
2023-12-05 00:00:00-05:00,5.21999979019165,5.21999979019165,5.039999961853027,5.039999961853027,2050,0.0,0.0
2023-12-06 00:00:00-05:00,5.039999961853027,5.21999979019165,4.860000133514404,5.039999961853027,3072,0.0,0.0
2023-12-07 00:00:00-05:00,5.039999961853027,5.579999923706055,5.039999961853027,5.400000095367432,8250,0.0,0.0
2023-12-08 00:00:00-05:00,5.21999979019165,5.400000095367432,5.039999961853027,5.039999961853027,5244,0.0,0.0
2023-12-11 00:00:00-05:00,5.039999961853027,5.400000095367432,5.039999961853027,5.21999979019165,2244,0.0,0.0
2023-12-12 00:00:00-05:00,4.860000133514404,5.21999979019165,4.860000133514404,5.039999961853027,3156,0.0,0.0
2023-12-13 00:00:00-05:00,4.860000133514404,5.21999979019165,4.860000133514404,4.860000133514404,5172,0.0,0.0
2023-12-14 00:00:00-05:00,5.039999961853027,5.400000095367432,5.039999961853027,5.039999961853027,3383,0.0,0.0
2023-12-15 00:00:00-05:00,5.039999961853027,5.039999961853027,4.5,4.5,24383,0.0,0.0
2023-12-18 00:00:00-05:00,4.5,4.679999828338623,4.5,4.5,5989,0.0,0.0
2023-12-19 00:00:00-05:00,4.679999828338623,4.679999828338623,4.320000171661377,4.5,23106,0.0,0.0
2023-12-20 00:00:00-05:00,4.320000171661377,4.679999828338623,4.320000171661377,4.5,10444,0.0,0.0
2023-12-21 00:00:00-05:00,4.5,4.679999828338623,4.320000171661377,4.5,11633,0.0,0.0
2023-12-22 00:00:00-05:00,4.5,4.5,4.320000171661377,4.5,2678,0.0,0.0
2023-12-26 00:00:00-05:00,4.5,4.5,4.320000171661377,4.320000171661377,24633,0.0,0.0
2023-12-27 00:00:00-05:00,4.320000171661377,4.5,4.139999866485596,4.320000171661377,26011,0.0,0.0
2023-12-28 00:00:00-05:00,4.5,4.5,4.139999866485596,4.320000171661377,16000,0.0,0.0
2023-12-29 00:00:00-05:00,4.320000171661377,4.5,4.139999866485596,4.139999866485596,9578,0.0,0.0
2024-01-02 00:00:00-05:00,4.320000171661377,4.320000171661377,4.139999866485596,4.139999866485596,3733,0.0,0.0
2024-01-03 00:00:00-05:00,4.320000171661377,4.320000171661377,4.139999866485596,4.139999866485596,1856,0.0,0.0
2024-01-04 00:00:00-05:00,4.139999866485596,4.320000171661377,4.139999866485596,4.320000171661377,5478,0.0,0.0
2024-01-05 00:00:00-05:00,4.139999866485596,4.320000171661377,3.5999999046325684,4.139999866485596,23889,0.0,0.0
2024-01-08 00:00:00-05:00,4.139999866485596,4.320000171661377,4.139999866485596,4.139999866485596,1633,0.0,0.0
2024-01-09 00:00:00-05:00,4.139999866485596,4.320000171661377,4.139999866485596,4.139999866485596,1111,0.0,0.0
2024-01-10 00:00:00-05:00,3.9600000381469727,4.139999866485596,3.9600000381469727,3.9600000381469727,2078,0.0,0.0
2024-01-11 00:00:00-05:00,3.9600000381469727,4.320000171661377,3.9600000381469727,3.9600000381469727,30089,0.0,0.0
2024-01-12 00:00:00-05:00,4.320000171661377,4.320000171661377,3.9600000381469727,4.320000171661377,4650,0.0,0.0
2024-01-16 00:00:00-05:00,4.320000171661377,4.320000171661377,4.139999866485596,4.139999866485596,1956,0.0,0.0
2024-01-17 00:00:00-05:00,4.139999866485596,4.139999866485596,3.9600000381469727,4.139999866485596,2628,0.0,0.0
2024-01-18 00:00:00-05:00,4.139999866485596,4.139999866485596,3.9600000381469727,3.9600000381469727,2006,0.0,0.0
2024-01-19 00:00:00-05:00,3.9600000381469727,4.139999866485596,3.9600000381469727,4.139999866485596,1567,0.0,0.0
2024-01-22 00:00:00-05:00,4.320000171661377,4.320000171661377,3.7799999713897705,3.9600000381469727,21722,0.0,0.0
2024-01-23 00:00:00-05:00,3.7799999713897705,4.139999866485596,3.7799999713897705,3.9600000381469727,18100,0.0,0.0
2024-01-24 00:00:00-05:00,3.9600000381469727,3.9600000381469727,3.7799999713897705,3.7799999713897705,5667,0.0,0.0
2024-01-25 00:00:00-05:00,3.7799999713897705,3.9600000381469727,3.7799999713897705,3.7799999713897705,3061,0.0,0.0
2024-01-26 00:00:00-05:00,4.139999866485596,4.139999866485596,3.7799999713897705,3.9600000381469727,878,0.0,0.0
2024-01-29 00:00:00-05:00,3.7799999713897705,3.9600000381469727,3.5999999046325684,3.5999999046325684,16089,0.0,0.0
2024-01-30 00:00:00-05:00,3.5999999046325684,3.5999999046325684,3.240000009536743,3.4200000762939453,22789,0.0,0.0
2024-01-31 00:00:00-05:00,3.240000009536743,3.4200000762939453,2.880000114440918,3.240000009536743,12006,0.0,0.0
2024-02-01 00:00:00-05:00,3.240000009536743,3.240000009536743,3.059999942779541,3.240000009536743,5233,0.0,0.0
2024-02-02 00:00:00-05:00,3.059999942779541,3.240000009536743,3.059999942779541,3.059999942779541,2056,0.0,0.0
2024-02-05 00:00:00-05:00,3.059999942779541,3.240000009536743,2.880000114440918,3.059999942779541,17761,0.0,0.0
2024-02-06 00:00:00-05:00,2.5199999809265137,2.880000114440918,2.5199999809265137,2.5199999809265137,21428,0.0,0.0
2024-02-07 00:00:00-05:00,2.5199999809265137,3.4200000762939453,2.5199999809265137,2.700000047683716,148444,0.0,0.0
2024-02-08 00:00:00-05:00,2.880000114440918,3.059999942779541,2.700000047683716,2.700000047683716,19889,0.0,0.0
2024-02-09 00:00:00-05:00,2.880000114440918,2.880000114440918,2.700000047683716,2.880000114440918,7706,0.0,0.0
2024-02-12 00:00:00-05:00,2.880000114440918,3.059999942779541,2.880000114440918,2.880000114440918,4944,0.0,0.0
2024-02-13 00:00:00-05:00,2.700000047683716,2.880000114440918,2.700000047683716,2.880000114440918,5211,0.0,0.0
2024-02-14 00:00:00-05:00,3.059999942779541,3.059999942779541,2.700000047683716,2.700000047683716,10256,0.0,0.0
2024-02-15 00:00:00-05:00,2.880000114440918,3.240000009536743,2.880000114440918,3.240000009536743,38733,0.0,0.0
2024-02-16 00:00:00-05:00,3.240000009536743,3.240000009536743,3.059999942779541,3.059999942779541,10200,0.0,0.0
2024-02-20 00:00:00-05:00,3.4200000762939453,3.4200000762939453,3.059999942779541,3.059999942779541,7233,0.0,0.0
2024-02-21 00:00:00-05:00,3.059999942779541,3.240000009536743,2.880000114440918,3.059999942779541,11128,0.0,0.0
2024-02-22 00:00:00-05:00,3.059999942779541,3.059999942779541,3.059999942779541,3.059999942779541,8933,0.0,0.0
2024-02-23 00:00:00-05:00,3.059999942779541,3.059999942779541,2.880000114440918,2.880000114440918,5183,0.0,0.0
2024-02-26 00:00:00-05:00,2.880000114440918,2.880000114440918,2.880000114440918,2.880000114440918,2561,0.0,0.0
2024-02-27 00:00:00-05:00,2.880000114440918,3.059999942779541,2.880000114440918,3.059999942779541,8478,0.0,0.0
2024-02-28 00:00:00-05:00,3.059999942779541,3.059999942779541,3.059999942779541,3.059999942779541,5917,0.0,0.0
2024-02-29 00:00:00-05:00,3.059999942779541,3.240000009536743,3.059999942779541,3.059999942779541,9933,0.0,0.0
2024-03-01 00:00:00-05:00,3.059999942779541,3.059999942779541,2.880000114440918,3.059999942779541,2167,0.0,0.0
2024-03-04 00:00:00-05:00,3.059999942779541,3.059999942779541,2.880000114440918,2.880000114440918,10000,0.0,0.0
2024-03-05 00:00:00-05:00,2.880000114440918,2.880000114440918,2.880000114440918,2.880000114440918,9106,0.0,0.0
2024-03-06 00:00:00-05:00,2.880000114440918,2.880000114440918,2.700000047683716,2.700000047683716,12078,0.0,0.0
2024-03-07 00:00:00-05:00,2.700000047683716,2.880000114440918,2.700000047683716,2.700000047683716,7172,0.0,0.0
2024-03-08 00:00:00-05:00,2.700000047683716,2.880000114440918,2.5199999809265137,2.700000047683716,4006,0.0,0.0
2024-03-11 00:00:00-04:00,2.700000047683716,2.700000047683716,2.5199999809265137,2.700000047683716,22006,0.0,0.0
2024-03-12 00:00:00-04:00,2.5199999809265137,2.880000114440918,2.5199999809265137,2.700000047683716,12133,0.0,0.0
2024-03-13 00:00:00-04:00,2.700000047683716,2.700000047683716,2.700000047683716,2.700000047683716,5717,0.0,0.0
2024-03-14 00:00:00-04:00,2.880000114440918,2.880000114440918,2.3399999141693115,2.5199999809265137,14733,0.0,0.0
2024-03-15 00:00:00-04:00,2.5199999809265137,2.5199999809265137,2.5199999809265137,2.5199999809265137,3944,0.0,0.0
2024-03-18 00:00:00-04:00,2.700000047683716,2.700000047683716,2.5199999809265137,2.5199999809265137,10761,0.0,0.0
2024-03-19 00:00:00-04:00,2.5199999809265137,2.5199999809265137,2.3399999141693115,2.3399999141693115,10100,0.0,0.0
2024-03-20 00:00:00-04:00,2.5199999809265137,2.5199999809265137,2.3399999141693115,2.5199999809265137,5906,0.0,0.0
2024-03-21 00:00:00-04:00,2.5199999809265137,2.5199999809265137,2.3399999141693115,2.5199999809265137,8022,0.0,0.0
2024-03-22 00:00:00-04:00,2.5199999809265137,2.5199999809265137,2.5199999809265137,2.5199999809265137,2417,0.0,0.0
2024-03-25 00:00:00-04:00,2.5199999809265137,2.5199999809265137,2.3399999141693115,2.5199999809265137,5661,0.0,0.0
2024-03-26 00:00:00-04:00,2.5199999809265137,2.5199999809265137,2.3399999141693115,2.3399999141693115,2811,0.0,0.0
2024-03-27 00:00:00-04:00,2.5199999809265137,2.5199999809265137,2.3399999141693115,2.5199999809265137,9350,0.0,0.0
2024-03-28 00:00:00-04:00,2.5199999809265137,2.880000114440918,2.5199999809265137,2.700000047683716,23611,0.0,0.0
2024-04-01 00:00:00-04:00,2.700000047683716,2.700000047683716,2.5199999809265137,2.5199999809265137,7094,0.0,0.0
2024-04-02 00:00:00-04:00,2.5199999809265137,2.700000047683716,2.3399999141693115,2.5199999809265137,58356,0.0,0.0
2024-04-03 00:00:00-04:00,2.5199999809265137,2.5199999809265137,2.1600000858306885,2.5199999809265137,26628,0.0,0.0
2024-04-04 00:00:00-04:00,2.3399999141693115,2.5199999809265137,2.1600000858306885,2.3399999141693115,4778,0.0,0.0
2024-04-05 00:00:00-04:00,2.3399999141693115,2.5199999809265137,2.1600000858306885,2.5199999809265137,30117,0.0,0.0
2024-04-08 00:00:00-04:00,2.5199999809265137,2.5199999809265137,2.3399999141693115,2.5199999809265137,5528,0.0,0.0
2024-04-09 00:00:00-04:00,2.5199999809265137,2.5199999809265137,2.3399999141693115,2.5199999809265137,6878,0.0,0.0
2024-04-10 00:00:00-04:00,2.3399999141693115,2.880000114440918,2.3399999141693115,2.700000047683716,252761,0.0,0.0
2024-04-11 00:00:00-04:00,2.5199999809265137,2.700000047683716,2.3399999141693115,2.5199999809265137,39789,0.0,0.0
2024-04-12 00:00:00-04:00,2.5199999809265137,3.4200000762939453,2.3399999141693115,2.880000114440918,728989,0.0,0.0
2024-04-15 00:00:00-04:00,2.880000114440918,2.880000114440918,2.3399999141693115,2.5199999809265137,315439,0.0,0.0
2024-04-16 00:00:00-04:00,2.5199999809265137,2.5199999809265137,1.9800000190734863,1.9800000190734863,150400,0.0,0.0
2024-04-17 00:00:00-04:00,1.9800000190734863,1.9800000190734863,1.6200000047683716,1.7999999523162842,65056,0.0,0.0
2024-04-18 00:00:00-04:00,1.7999999523162842,1.7999999523162842,1.7999999523162842,1.7999999523162842,22822,0.0,0.0
2024-04-19 00:00:00-04:00,1.7999999523162842,1.9800000190734863,1.7999999523162842,1.9800000190734863,96078,0.0,0.0
2024-04-22 00:00:00-04:00,1.9800000190734863,1.9800000190734863,1.7999999523162842,1.9800000190734863,46061,0.0,0.0
2024-04-23 00:00:00-04:00,1.7999999523162842,1.9800000190734863,1.7999999523162842,1.7999999523162842,22872,0.0,0.0
2024-04-24 00:00:00-04:00,1.7999999523162842,1.7999999523162842,1.2599999904632568,1.6200000047683716,130189,0.0,0.0
2024-04-25 00:00:00-04:00,1.440000057220459,1.6200000047683716,1.440000057220459,1.440000057220459,46583,0.0,0.0
2024-04-26 00:00:00-04:00,1.6200000047683716,2.5199999809265137,1.6200000047683716,1.6200000047683716,677794,0.0,0.0
2024-04-29 00:00:00-04:00,1.6200000047683716,1.7999999523162842,1.440000057220459,1.7999999523162842,153606,0.0,0.0
2024-04-30 00:00:00-04:00,1.7999999523162842,1.7999999523162842,1.6200000047683716,1.6200000047683716,100361,0.0,0.0
2024-05-01 00:00:00-04:00,1.690000057220459,1.9900000095367432,1.3799999952316284,1.7200000286102295,255400,0.0,0.05555555555555555
2024-05-02 00:00:00-04:00,1.690000057220459,1.8700000047683716,1.6299999952316284,1.7999999523162842,188200,0.0,0.0
2024-05-03 00:00:00-04:00,1.75,1.9600000381469727,1.659999966621399,1.7200000286102295,379500,0.0,0.0
2024-05-06 00:00:00-04:00,1.7200000286102295,1.840000033378601,1.7200000286102295,1.75,107400,0.0,0.0
2024-05-07 00:00:00-04:00,1.75,2.119999885559082,1.75,1.8200000524520874,279400,0.0,0.0
2024-05-08 00:00:00-04:00,1.7899999618530273,1.9199999570846558,1.7899999618530273,1.809999942779541,29800,0.0,0.0
2024-05-09 00:00:00-04:00,1.7699999809265137,1.940000057220459,1.7699999809265137,1.840000033378601,89500,0.0,0.0
2024-05-10 00:00:00-04:00,1.8799999952316284,1.8799999952316284,1.7599999904632568,1.7599999904632568,113100,0.0,0.0
2024-05-13 00:00:00-04:00,1.7599999904632568,1.8700000047683716,1.7599999904632568,1.7899999618530273,101800,0.0,0.0
2024-05-14 00:00:00-04:00,1.7799999713897705,1.7999999523162842,1.75,1.7699999809265137,27600,0.0,0.0
2024-05-15 00:00:00-04:00,1.7699999809265137,1.7899999618530273,1.6799999475479126,1.7000000476837158,27600,0.0,0.0
2024-05-16 00:00:00-04:00,1.690000057220459,1.7799999713897705,1.690000057220459,1.7599999904632568,28300,0.0,0.0
2024-05-17 00:00:00-04:00,1.7400000095367432,1.75,1.6799999475479126,1.690000057220459,38200,0.0,0.0
2024-05-20 00:00:00-04:00,1.6699999570846558,1.6799999475479126,1.6100000143051147,1.659999966621399,16500,0.0,0.0
2024-05-21 00:00:00-04:00,1.7000000476837158,1.7100000381469727,1.6299999952316284,1.690000057220459,16300,0.0,0.0
2024-05-22 00:00:00-04:00,1.6699999570846558,1.6699999570846558,1.6200000047683716,1.6299999952316284,14200,0.0,0.0
2024-05-23 00:00:00-04:00,1.6299999952316284,1.7799999713897705,1.559999942779541,1.6200000047683716,53100,0.0,0.0
2024-05-24 00:00:00-04:00,1.6200000047683716,1.6399999856948853,1.5800000429153442,1.5800000429153442,10300,0.0,0.0
2024-05-28 00:00:00-04:00,1.649999976158142,1.649999976158142,1.4500000476837158,1.5,53400,0.0,0.0
2024-05-29 00:00:00-04:00,1.4800000190734863,1.5399999618530273,1.4500000476837158,1.4600000381469727,14800,0.0,0.0
2024-05-30 00:00:00-04:00,1.4600000381469727,1.5,1.4600000381469727,1.4900000095367432,4600,0.0,0.0
2024-05-31 00:00:00-04:00,1.4900000095367432,1.5299999713897705,1.4900000095367432,1.5,3400,0.0,0.0
2024-06-03 00:00:00-04:00,1.4600000381469727,1.5099999904632568,1.399999976158142,1.409999966621399,11900,0.0,0.0
2024-06-04 00:00:00-04:00,1.4199999570846558,1.5099999904632568,1.409999966621399,1.4600000381469727,11800,0.0,0.0
2024-06-05 00:00:00-04:00,1.4500000476837158,1.4900000095367432,1.4500000476837158,1.4600000381469727,74900,0.0,0.0
2024-06-06 00:00:00-04:00,1.4700000286102295,1.4700000286102295,1.409999966621399,1.4299999475479126,18300,0.0,0.0
2024-06-07 00:00:00-04:00,1.4800000190734863,1.7000000476837158,1.4800000190734863,1.5499999523162842,76400,0.0,0.0
2024-06-10 00:00:00-04:00,1.5099999904632568,1.5499999523162842,1.350000023841858,1.350000023841858,38700,0.0,0.0
2024-06-11 00:00:00-04:00,1.3200000524520874,1.5099999904632568,1.3200000524520874,1.3700000047683716,9700,0.0,0.0
2024-06-12 00:00:00-04:00,1.3200000524520874,1.4500000476837158,1.3200000524520874,1.4500000476837158,7200,0.0,0.0
2024-06-13 00:00:00-04:00,1.3700000047683716,1.440000057220459,1.3200000524520874,1.409999966621399,17400,0.0,0.0
2024-06-14 00:00:00-04:00,1.340000033378601,1.409999966621399,1.340000033378601,1.340000033378601,2800,0.0,0.0
2024-06-17 00:00:00-04:00,1.340000033378601,1.399999976158142,1.3300000429153442,1.340000033378601,12100,0.0,0.0
2024-06-18 00:00:00-04:00,1.3899999856948853,1.3899999856948853,1.3700000047683716,1.3700000047683716,5300,0.0,0.0
2024-06-20 00:00:00-04:00,1.3300000429153442,1.4900000095367432,1.3300000429153442,1.4199999570846558,10200,0.0,0.0
2024-06-21 00:00:00-04:00,1.409999966621399,1.440000057220459,1.3799999952316284,1.399999976158142,5400,0.0,0.0
2024-06-24 00:00:00-04:00,1.399999976158142,1.4700000286102295,1.399999976158142,1.4199999570846558,3500,0.0,0.0
2024-06-25 00:00:00-04:00,1.409999966621399,1.4900000095367432,1.409999966621399,1.440000057220459,2100,0.0,0.0
2024-06-26 00:00:00-04:00,1.409999966621399,1.4600000381469727,1.409999966621399,1.4299999475479126,1700,0.0,0.0
2024-06-27 00:00:00-04:00,1.440000057220459,1.440000057220459,1.4299999475479126,1.440000057220459,600,0.0,0.0
2024-06-28 00:00:00-04:00,1.4600000381469727,1.4600000381469727,1.409999966621399,1.440000057220459,2900,0.0,0.0
2024-07-01 00:00:00-04:00,1.4500000476837158,1.4800000190734863,1.409999966621399,1.4500000476837158,3900,0.0,0.0
2024-07-02 00:00:00-04:00,1.4600000381469727,1.4600000381469727,1.409999966621399,1.440000057220459,1600,0.0,0.0
2024-07-03 00:00:00-04:00,1.350000023841858,1.4600000381469727,1.350000023841858,1.4600000381469727,2700,0.0,0.0
2024-07-05 00:00:00-04:00,1.3899999856948853,1.4299999475479126,1.3899999856948853,1.4199999570846558,3400,0.0,0.0
2024-07-08 00:00:00-04:00,1.3899999856948853,1.5399999618530273,1.3899999856948853,1.5199999809265137,11500,0.0,0.0
2024-07-09 00:00:00-04:00,1.5299999713897705,1.659999966621399,1.4900000095367432,1.6399999856948853,18400,0.0,0.0
2024-07-10 00:00:00-04:00,1.649999976158142,1.6699999570846558,1.5199999809265137,1.600000023841858,7800,0.0,0.0
2024-07-11 00:00:00-04:00,1.5099999904632568,1.649999976158142,1.5099999904632568,1.649999976158142,5200,0.0,0.0
2024-07-12 00:00:00-04:00,1.649999976158142,1.649999976158142,1.5499999523162842,1.590000033378601,5100,0.0,0.0
2024-07-15 00:00:00-04:00,1.600000023841858,1.6200000047683716,1.5399999618530273,1.5399999618530273,3400,0.0,0.0
2024-07-16 00:00:00-04:00,1.5099999904632568,1.6100000143051147,1.4800000190734863,1.5800000429153442,5900,0.0,0.0
2024-07-17 00:00:00-04:00,1.5800000429153442,1.5800000429153442,1.5099999904632568,1.559999942779541,2500,0.0,0.0
2024-07-18 00:00:00-04:00,1.5700000524520874,1.659999966621399,1.4900000095367432,1.5499999523162842,18800,0.0,0.0
2024-07-19 00:00:00-04:00,1.5399999618530273,1.590000033378601,1.3899999856948853,1.440000057220459,19000,0.0,0.0
2024-07-22 00:00:00-04:00,1.4500000476837158,1.5199999809265137,1.440000057220459,1.4900000095367432,7700,0.0,0.0
2024-07-23 00:00:00-04:00,1.600000023841858,1.600000023841858,1.4700000286102295,1.5800000429153442,7200,0.0,0.0
2024-07-24 00:00:00-04:00,1.5499999523162842,1.590000033378601,1.5199999809265137,1.5199999809265137,4900,0.0,0.0
2024-07-25 00:00:00-04:00,1.5800000429153442,1.5800000429153442,1.5099999904632568,1.5199999809265137,2600,0.0,0.0
2024-07-26 00:00:00-04:00,1.5399999618530273,1.5399999618530273,1.5,1.5199999809265137,2600,0.0,0.0
2024-07-29 00:00:00-04:00,1.559999942779541,1.590000033378601,1.5199999809265137,1.590000033378601,5300,0.0,0.0
2024-07-30 00:00:00-04:00,1.590000033378601,1.7899999618530273,1.5800000429153442,1.7000000476837158,85300,0.0,0.0
2024-07-31 00:00:00-04:00,1.659999966621399,1.840000033378601,1.659999966621399,1.7899999618530273,27500,0.0,0.0
2024-08-01 00:00:00-04:00,1.7999999523162842,1.8899999856948853,1.649999976158142,1.809999942779541,24200,0.0,0.0
2024-08-02 00:00:00-04:00,1.7999999523162842,1.850000023841858,1.6299999952316284,1.7400000095367432,15000,0.0,0.0
2024-08-05 00:00:00-04:00,1.6100000143051147,1.75,1.4700000286102295,1.5199999809265137,44700,0.0,0.0
2024-08-06 00:00:00-04:00,1.5399999618530273,2.25,1.5399999618530273,2.190000057220459,923300,0.0,0.0
2024-08-07 00:00:00-04:00,2.130000114440918,2.5,2.0899999141693115,2.2200000286102295,141800,0.0,0.0
2024-08-08 00:00:00-04:00,2.1700000762939453,2.25,2.119999885559082,2.240000009536743,58500,0.0,0.0
2024-08-09 00:00:00-04:00,2.180000066757202,2.309999942779541,1.9900000095367432,2.109999895095825,26600,0.0,0.0
2024-08-12 00:00:00-04:00,2.0999999046325684,2.3399999141693115,2.0199999809265137,2.319999933242798,37900,0.0,0.0
2024-08-13 00:00:00-04:00,2.319999933242798,2.4200000762939453,1.9900000095367432,2.049999952316284,69100,0.0,0.0
2024-08-14 00:00:00-04:00,2.0199999809265137,2.190000057220459,2.0199999809265137,2.1500000953674316,7700,0.0,0.0
2024-08-15 00:00:00-04:00,2.200000047683716,2.2200000286102295,2.049999952316284,2.130000114440918,11600,0.0,0.0
2024-08-16 00:00:00-04:00,2.200000047683716,2.200000047683716,2.0,2.1500000953674316,31700,0.0,0.0
2024-08-19 00:00:00-04:00,2.190000057220459,2.319999933242798,2.119999885559082,2.2899999618530273,35500,0.0,0.0
2024-08-20 00:00:00-04:00,2.25,2.380000114440918,2.25,2.3499999046325684,10900,0.0,0.0
2024-08-21 00:00:00-04:00,2.3499999046325684,2.380000114440918,2.2899999618530273,2.3499999046325684,13600,0.0,0.0
2024-08-22 00:00:00-04:00,2.3499999046325684,2.3499999046325684,2.299999952316284,2.299999952316284,2300,0.0,0.0
2024-08-23 00:00:00-04:00,2.2699999809265137,2.4000000953674316,2.2699999809265137,2.309999942779541,12200,0.0,0.0
2024-08-26 00:00:00-04:00,2.4000000953674316,2.5999999046325684,2.4000000953674316,2.5899999141693115,38800,0.0,0.0
2024-08-27 00:00:00-04:00,2.7699999809265137,3.130000114440918,2.5999999046325684,3.0,73100,0.0,0.0
2024-08-28 00:00:00-04:00,3.109999895095825,3.3299999237060547,2.880000114440918,2.9200000762939453,61100,0.0,0.0
2024-08-29 00:00:00-04:00,2.890000104904175,3.069999933242798,2.700000047683716,2.9000000953674316,39100,0.0,0.0
2024-08-30 00:00:00-04:00,2.7699999809265137,3.2899999618530273,2.7699999809265137,3.0399999618530273,31500,0.0,0.0
2024-09-03 00:00:00-04:00,3.0799999237060547,3.190000057220459,2.6600000858306885,2.859999895095825,51600,0.0,0.0
2024-09-04 00:00:00-04:00,2.809999942779541,3.009999990463257,2.690000057220459,2.740000009536743,11100,0.0,0.0
2024-09-05 00:00:00-04:00,2.619999885559082,2.7899999618530273,2.619999885559082,2.75,6100,0.0,0.0
2024-09-06 00:00:00-04:00,2.7799999713897705,2.940000057220459,2.509999990463257,2.799999952316284,20600,0.0,0.0
2024-09-09 00:00:00-04:00,2.7899999618530273,2.819999933242798,2.5899999141693115,2.680000066757202,11000,0.0,0.0
2024-09-10 00:00:00-04:00,2.569999933242798,2.700000047683716,1.7999999523162842,2.3299999237060547,96500,0.0,0.0
2024-09-11 00:00:00-04:00,2.4000000953674316,2.5299999713897705,2.2100000381469727,2.4700000286102295,12700,0.0,0.0
2024-09-12 00:00:00-04:00,2.369999885559082,2.7899999618530273,2.3399999141693115,2.75,19200,0.0,0.0
2024-09-13 00:00:00-04:00,2.799999952316284,2.890000104904175,2.5999999046325684,2.869999885559082,24900,0.0,0.0
2024-09-16 00:00:00-04:00,2.740000009536743,3.049999952316284,2.559999942779541,2.9700000286102295,71600,0.0,0.0
2024-09-17 00:00:00-04:00,3.0,3.009999990463257,2.7899999618530273,2.9700000286102295,21600,0.0,0.0
2024-09-18 00:00:00-04:00,2.930000066757202,2.990000009536743,2.7699999809265137,2.869999885559082,2400,0.0,0.0
2024-09-19 00:00:00-04:00,2.8399999141693115,3.0799999237060547,2.8399999141693115,3.059999942779541,32700,0.0,0.0
2024-09-20 00:00:00-04:00,3.0799999237060547,3.200000047683716,2.75,3.0799999237060547,120000,0.0,0.0
2024-09-23 00:00:00-04:00,2.990000009536743,3.0,2.9100000858306885,2.9200000762939453,7900,0.0,0.0
2024-09-24 00:00:00-04:00,3.0,3.4600000381469727,2.9100000858306885,3.1500000953674316,66700,0.0,0.0
2024-09-25 00:00:00-04:00,3.200000047683716,3.2300000190734863,2.9200000762939453,3.0399999618530273,16100,0.0,0.0
2024-09-26 00:00:00-04:00,2.7799999713897705,3.0399999618530273,2.609999895095825,2.9700000286102295,24600,0.0,0.0
2024-09-27 00:00:00-04:00,3.0,3.109999895095825,2.9200000762939453,2.950000047683716,7700,0.0,0.0
2024-09-30 00:00:00-04:00,2.809999942779541,2.950000047683716,2.740000009536743,2.8399999141693115,13900,0.0,0.0
2024-10-01 00:00:00-04:00,2.8499999046325684,3.109999895095825,2.75,2.9600000381469727,27500,0.0,0.0
2024-10-02 00:00:00-04:00,3.0999999046325684,3.0999999046325684,2.7799999713897705,3.0999999046325684,32900,0.0,0.0
2024-10-03 00:00:00-04:00,2.9000000953674316,3.009999990463257,2.759999990463257,2.950000047683716,10900,0.0,0.0
2024-10-04 00:00:00-04:00,2.890000104904175,3.25,2.819999933242798,3.0799999237060547,27600,0.0,0.0
2024-10-07 00:00:00-04:00,2.940000057220459,3.240000009536743,2.940000057220459,3.069999933242798,17400,0.0,0.0
2024-10-08 00:00:00-04:00,3.0899999141693115,3.299999952316284,3.069999933242798,3.2699999809265137,12900,0.0,0.0
2024-10-09 00:00:00-04:00,3.240000009536743,3.309999942779541,2.7899999618530273,3.2200000286102295,27600,0.0,0.0
2024-10-10 00:00:00-04:00,2.9800000190734863,3.190000057220459,2.940000057220459,3.069999933242798,11900,0.0,0.0
2024-10-11 00:00:00-04:00,3.109999895095825,3.25,3.069999933242798,3.200000047683716,7000,0.0,0.0
2024-10-14 00:00:00-04:00,3.1500000953674316,3.700000047683716,3.1500000953674316,3.450000047683716,39300,0.0,0.0
2024-10-15 00:00:00-04:00,3.4700000286102295,3.4700000286102295,3.2799999713897705,3.359999895095825,5300,0.0,0.0
2024-10-16 00:00:00-04:00,3.4000000953674316,3.5899999141693115,3.2200000286102295,3.390000104904175,17600,0.0,0.0
2024-10-17 00:00:00-04:00,3.3499999046325684,3.4700000286102295,3.190000057220459,3.4700000286102295,2500,0.0,0.0
2024-10-18 00:00:00-04:00,3.4700000286102295,3.5,3.240000009536743,3.4700000286102295,10500,0.0,0.0
2024-10-21 00:00:00-04:00,3.4600000381469727,3.490000009536743,3.299999952316284,3.359999895095825,2200,0.0,0.0
2024-10-22 00:00:00-04:00,3.450000047683716,3.450000047683716,3.2799999713897705,3.380000114440918,6600,0.0,0.0
2024-10-23 00:00:00-04:00,3.2799999713897705,3.3499999046325684,3.25,3.3499999046325684,4600,0.0,0.0
2024-10-24 00:00:00-04:00,3.299999952316284,3.359999895095825,3.2899999618530273,3.359999895095825,5200,0.0,0.0
2024-10-25 00:00:00-04:00,3.430000066757202,3.5199999809265137,3.309999942779541,3.4700000286102295,21400,0.0,0.0
2024-10-28 00:00:00-04:00,3.4000000953674316,3.4000000953674316,2.859999895095825,2.940000057220459,30000,0.0,0.0
2024-10-29 00:00:00-04:00,2.9600000381469727,2.9600000381469727,2.0999999046325684,2.440000057220459,88600,0.0,0.0
2024-10-30 00:00:00-04:00,2.390000104904175,2.390000104904175,2.1600000858306885,2.2200000286102295,18200,0.0,0.0
2024-10-31 00:00:00-04:00,2.2699999809265137,2.2799999713897705,2.109999895095825,2.2699999809265137,9800,0.0,0.0
2024-11-01 00:00:00-04:00,2.380000114440918,2.569999933242798,2.1700000762939453,2.450000047683716,39400,0.0,0.0
2024-11-04 00:00:00-05:00,2.569999933242798,2.890000104904175,2.4700000286102295,2.619999885559082,26900,0.0,0.0
2024-11-05 00:00:00-05:00,2.6700000762939453,2.680000066757202,2.450000047683716,2.640000104904175,21200,0.0,0.0
2024-11-06 00:00:00-05:00,2.7100000381469727,2.7100000381469727,2.5,2.640000104904175,3700,0.0,0.0
2024-11-07 00:00:00-05:00,2.569999933242798,2.6500000953674316,2.5299999713897705,2.5299999713897705,7000,0.0,0.0
2024-11-08 00:00:00-05:00,2.5399999618530273,2.7300000190734863,2.4700000286102295,2.700000047683716,6000,0.0,0.0
2024-11-11 00:00:00-05:00,2.4000000953674316,2.6500000953674316,2.4000000953674316,2.569999933242798,16200,0.0,0.0
2024-11-12 00:00:00-05:00,2.799999952316284,2.799999952316284,2.4100000858306885,2.630000114440918,7600,0.0,0.0
2024-11-13 00:00:00-05:00,2.359999895095825,2.5199999809265137,2.359999895095825,2.369999885559082,4200,0.0,0.0
2024-11-14 00:00:00-05:00,2.359999895095825,2.380000114440918,2.299999952316284,2.299999952316284,5100,0.0,0.0
2024-11-15 00:00:00-05:00,2.200000047683716,2.359999895095825,2.0199999809265137,2.0199999809265137,15900,0.0,0.0
2024-11-18 00:00:00-05:00,2.130000114440918,2.2200000286102295,2.0399999618530273,2.119999885559082,19400,0.0,0.0
2024-11-19 00:00:00-05:00,2.0299999713897705,2.2100000381469727,2.0299999713897705,2.1700000762939453,19600,0.0,0.0
2024-11-20 00:00:00-05:00,2.0899999141693115,2.200000047683716,2.0899999141693115,2.140000104904175,14000,0.0,0.0
2024-11-21 00:00:00-05:00,2.059999942779541,2.240000009536743,2.059999942779541,2.2200000286102295,3700,0.0,0.0
2024-11-22 00:00:00-05:00,2.2200000286102295,2.2699999809265137,2.200000047683716,2.2300000190734863,3200,0.0,0.0
2024-11-25 00:00:00-05:00,2.119999885559082,2.299999952316284,2.0999999046325684,2.2899999618530273,63000,0.0,0.0
2024-11-26 00:00:00-05:00,2.3499999046325684,2.5999999046325684,2.2699999809265137,2.3499999046325684,30000,0.0,0.0
2024-11-27 00:00:00-05:00,2.390000104904175,2.390000104904175,2.309999942779541,2.309999942779541,2400,0.0,0.0
2024-11-29 00:00:00-05:00,2.299999952316284,2.440000057220459,2.2300000190734863,2.440000057220459,8600,0.0,0.0
2024-12-02 00:00:00-05:00,2.390000104904175,2.4100000858306885,2.359999895095825,2.359999895095825,6300,0.0,0.0
2024-12-03 00:00:00-05:00,2.369999885559082,2.4100000858306885,2.299999952316284,2.380000114440918,11600,0.0,0.0
2024-12-04 00:00:00-05:00,2.2899999618530273,2.450000047683716,2.2699999809265137,2.2699999809265137,8800,0.0,0.0
2024-12-05 00:00:00-05:00,2.380000114440918,2.380000114440918,2.2799999713897705,2.2799999713897705,7900,0.0,0.0
2024-12-06 00:00:00-05:00,2.299999952316284,2.380000114440918,2.2200000286102295,2.25,3800,0.0,0.0
2024-12-09 00:00:00-05:00,2.3299999237060547,2.380000114440918,2.1500000953674316,2.190000057220459,23400,0.0,0.0
2024-12-10 00:00:00-05:00,2.299999952316284,2.299999952316284,2.140000104904175,2.200000047683716,8000,0.0,0.0
2024-12-11 00:00:00-05:00,2.2300000190734863,2.559999942779541,2.0399999618530273,2.299999952316284,35500,0.0,0.0
2024-12-12 00:00:00-05:00,2.200000047683716,2.2100000381469727,2.0899999141693115,2.1500000953674316,6100,0.0,0.0
2024-12-13 00:00:00-05:00,2.0899999141693115,2.190000057220459,2.0199999809265137,2.049999952316284,15600,0.0,0.0
2024-12-16 00:00:00-05:00,2.069999933242798,2.25,2.059999942779541,2.180000066757202,7300,0.0,0.0
2024-12-17 00:00:00-05:00,2.109999895095825,2.2699999809265137,2.049999952316284,2.140000104904175,9200,0.0,0.0
2024-12-18 00:00:00-05:00,2.130000114440918,2.2200000286102295,2.109999895095825,2.119999885559082,4100,0.0,0.0
2024-12-19 00:00:00-05:00,2.0999999046325684,2.1500000953674316,2.0999999046325684,2.140000104904175,4800,0.0,0.0
2024-12-20 00:00:00-05:00,2.059999942779541,2.1500000953674316,2.059999942779541,2.130000114440918,1700,0.0,0.0
2024-12-23 00:00:00-05:00,2.109999895095825,2.140000104904175,2.109999895095825,2.119999885559082,2900,0.0,0.0
2024-12-24 00:00:00-05:00,2.109999895095825,2.119999885559082,2.109999895095825,2.119999885559082,800,0.0,0.0
2024-12-26 00:00:00-05:00,2.299999952316284,2.309999942779541,2.130000114440918,2.130000114440918,3100,0.0,0.0
2024-12-27 00:00:00-05:00,2.2300000190734863,2.259999990463257,2.0999999046325684,2.259999990463257,4800,0.0,0.0
2024-12-30 00:00:00-05:00,2.2200000286102295,2.259999990463257,2.0999999046325684,2.2100000381469727,16800,0.0,0.0
2024-12-31 00:00:00-05:00,2.119999885559082,2.240000009536743,2.0899999141693115,2.0899999141693115,15700,0.0,0.0
2025-01-02 00:00:00-05:00,2.0799999237060547,2.2300000190734863,2.0799999237060547,2.1500000953674316,3500,0.0,0.0
2025-01-03 00:00:00-05:00,2.1500000953674316,2.180000066757202,2.0999999046325684,2.1500000953674316,8100,0.0,0.0
2025-01-06 00:00:00-05:00,2.2100000381469727,2.3399999141693115,2.1600000858306885,2.2200000286102295,8800,0.0,0.0
2025-01-07 00:00:00-05:00,2.259999990463257,2.440000057220459,2.200000047683716,2.390000104904175,17900,0.0,0.0
2025-01-08 00:00:00-05:00,2.4100000858306885,2.6700000762939453,2.359999895095825,2.4200000762939453,31900,0.0,0.0
2025-01-10 00:00:00-05:00,2.359999895095825,2.430000066757202,2.2699999809265137,2.2699999809265137,8500,0.0,0.0
2025-01-13 00:00:00-05:00,2.2699999809265137,2.3399999141693115,2.2200000286102295,2.2300000190734863,2300,0.0,0.0
2025-01-14 00:00:00-05:00,2.3499999046325684,2.4000000953674316,2.2200000286102295,2.2200000286102295,2100,0.0,0.0
2025-01-15 00:00:00-05:00,2.25,2.25,2.140000104904175,2.190000057220459,3200,0.0,0.0
2025-01-16 00:00:00-05:00,2.1600000858306885,2.240000009536743,2.1500000953674316,2.240000009536743,3300,0.0,0.0
2025-01-17 00:00:00-05:00,2.299999952316284,2.450000047683716,2.2300000190734863,2.450000047683716,1900,0.0,0.0
2025-01-21 00:00:00-05:00,2.4000000953674316,2.640000104904175,2.240000009536743,2.430000066757202,22600,0.0,0.0
2025-01-22 00:00:00-05:00,2.450000047683716,2.4700000286102295,2.450000047683716,2.450000047683716,14000,0.0,0.0
2025-01-23 00:00:00-05:00,2.2899999618530273,2.5299999713897705,2.2899999618530273,2.450000047683716,2000,0.0,0.0
2025-01-24 00:00:00-05:00,2.380000114440918,2.5399999618530273,2.380000114440918,2.380000114440918,2900,0.0,0.0
2025-01-27 00:00:00-05:00,2.180000066757202,2.3299999237060547,2.119999885559082,2.1500000953674316,6700,0.0,0.0
2025-01-28 00:00:00-05:00,2.3499999046325684,2.3499999046325684,2.1500000953674316,2.190000057220459,1500,0.0,0.0
2025-01-29 00:00:00-05:00,2.299999952316284,2.299999952316284,2.140000104904175,2.1700000762939453,4800,0.0,0.0
2025-01-30 00:00:00-05:00,2.299999952316284,2.4000000953674316,2.1600000858306885,2.200000047683716,5100,0.0,0.0
2025-01-31 00:00:00-05:00,2.1600000858306885,2.259999990463257,2.1500000953674316,2.1600000858306885,3600,0.0,0.0
2025-02-03 00:00:00-05:00,2.240000009536743,2.240000009536743,2.109999895095825,2.2300000190734863,2900,0.0,0.0
2025-02-04 00:00:00-05:00,2.2200000286102295,2.2200000286102295,2.0999999046325684,2.2100000381469727,4100,0.0,0.0
2025-02-05 00:00:00-05:00,2.0999999046325684,2.200000047683716,2.0999999046325684,2.1500000953674316,2700,0.0,0.0
2025-02-06 00:00:00-05:00,2.190000057220459,2.200000047683716,2.0199999809265137,2.069999933242798,19400,0.0,0.0
2025-02-07 00:00:00-05:00,2.140000104904175,2.259999990463257,2.049999952316284,2.1500000953674316,2600,0.0,0.0
2025-02-10 00:00:00-05:00,2.130000114440918,2.180000066757202,2.059999942779541,2.0899999141693115,8800,0.0,0.0
2025-02-11 00:00:00-05:00,2.059999942779541,2.0899999141693115,2.0399999618530273,2.0399999618530273,4700,0.0,0.0
2025-02-12 00:00:00-05:00,2.0799999237060547,2.0999999046325684,2.0399999618530273,2.059999942779541,3600,0.0,0.0
2025-02-13 00:00:00-05:00,2.180000066757202,2.180000066757202,2.0799999237060547,2.0799999237060547,7300,0.0,0.0
2025-02-14 00:00:00-05:00,2.190000057220459,2.190000057220459,2.0399999618530273,2.0899999141693115,1400,0.0,0.0
2025-02-18 00:00:00-05:00,2.0299999713897705,2.0799999237060547,2.0299999713897705,2.0799999237060547,1500,0.0,0.0
2025-02-19 00:00:00-05:00,2.109999895095825,2.1500000953674316,2.109999895095825,2.1500000953674316,600,0.0,0.0
2025-02-20 00:00:00-05:00,2.109999895095825,2.1700000762939453,2.0799999237060547,2.0799999237060547,2300,0.0,0.0
2025-02-21 00:00:00-05:00,2.0399999618530273,2.190000057220459,2.0299999713897705,2.109999895095825,12900,0.0,0.0
2025-02-24 00:00:00-05:00,2.1600000858306885,2.1600000858306885,2.0399999618530273,2.0399999618530273,5600,0.0,0.0
2025-02-25 00:00:00-05:00,2.0399999618530273,2.0399999618530273,1.8700000047683716,1.909999966621399,12800,0.0,0.0
2025-02-26 00:00:00-05:00,2.0,2.0,1.899999976158142,1.9500000476837158,5000,0.0,0.0
2025-02-27 00:00:00-05:00,1.9199999570846558,1.9700000286102295,1.8799999952316284,1.9600000381469727,4400,0.0,0.0
2025-02-28 00:00:00-05:00,1.9199999570846558,1.940000057220459,1.909999966621399,1.9199999570846558,3700,0.0,0.0
2025-03-03 00:00:00-05:00,1.9199999570846558,1.9800000190734863,1.7699999809265137,1.850000023841858,32300,0.0,0.0
2025-03-04 00:00:00-05:00,1.809999942779541,2.0799999237060547,1.75,1.7899999618530273,6800,0.0,0.0
2025-03-05 00:00:00-05:00,1.850000023841858,1.850000023841858,1.7200000286102295,1.75,3600,0.0,0.0
2025-03-06 00:00:00-05:00,1.7000000476837158,1.7300000190734863,1.7000000476837158,1.7000000476837158,6700,0.0,0.0
2025-03-07 00:00:00-05:00,1.6799999475479126,1.6799999475479126,1.5800000429153442,1.6100000143051147,5500,0.0,0.0
2025-03-10 00:00:00-04:00,1.6299999952316284,1.6299999952316284,1.4900000095367432,1.5099999904632568,18900,0.0,0.0
2025-03-11 00:00:00-04:00,1.5700000524520874,1.5700000524520874,1.5199999809265137,1.5199999809265137,2400,0.0,0.0
2025-03-12 00:00:00-04:00,1.5399999618530273,1.5399999618530273,1.5099999904632568,1.5199999809265137,3000,0.0,0.0
2025-03-13 00:00:00-04:00,1.5,1.5099999904632568,1.4800000190734863,1.5,11700,0.0,0.0
2025-03-14 00:00:00-04:00,1.5199999809265137,1.5199999809265137,1.4800000190734863,1.5,2700,0.0,0.0
2025-03-17 00:00:00-04:00,1.5099999904632568,1.6200000047683716,1.5,1.6200000047683716,21200,0.0,0.0
2025-03-18 00:00:00-04:00,1.6299999952316284,1.6699999570846558,1.559999942779541,1.590000033378601,7100,0.0,0.0
2025-03-19 00:00:00-04:00,1.6200000047683716,1.6799999475479126,1.5199999809265137,1.600000023841858,9800,0.0,0.0
2025-03-20 00:00:00-04:00,1.600000023841858,1.7300000190734863,1.590000033378601,1.6399999856948853,9500,0.0,0.0
2025-03-21 00:00:00-04:00,1.649999976158142,1.7400000095367432,1.6299999952316284,1.659999966621399,7300,0.0,0.0
2025-03-24 00:00:00-04:00,1.6799999475479126,1.7100000381469727,1.5399999618530273,1.5399999618530273,3900,0.0,0.0
2025-03-25 00:00:00-04:00,1.6799999475479126,1.690000057220459,1.399999976158142,1.5299999713897705,8200,0.0,0.0
2025-03-26 00:00:00-04:00,1.5299999713897705,1.5299999713897705,1.4800000190734863,1.5199999809265137,1000,0.0,0.0
2025-03-27 00:00:00-04:00,1.5800000429153442,1.6399999856948853,1.440000057220459,1.5499999523162842,20000,0.0,0.0
2025-03-28 00:00:00-04:00,1.6699999570846558,1.6699999570846558,1.5399999618530273,1.600000023841858,5100,0.0,0.0
2025-03-31 00:00:00-04:00,1.649999976158142,1.649999976158142,1.5499999523162842,1.5499999523162842,1700,0.0,0.0
2025-04-01 00:00:00-04:00,1.600000023841858,1.7000000476837158,1.5700000524520874,1.659999966621399,4200,0.0,0.0
2025-04-02 00:00:00-04:00,1.5800000429153442,1.909999966621399,1.5800000429153442,1.8300000429153442,29600,0.0,0.0
2025-04-03 00:00:00-04:00,1.7400000095367432,1.899999976158142,1.7200000286102295,1.8899999856948853,12700,0.0,0.0
2025-04-04 00:00:00-04:00,1.8799999952316284,1.9700000286102295,1.850000023841858,1.8600000143051147,8400,0.0,0.0
2025-04-07 00:00:00-04:00,1.7999999523162842,1.9800000190734863,1.7999999523162842,1.9299999475479126,6400,0.0,0.0
2025-04-08 00:00:00-04:00,1.9600000381469727,1.9600000381469727,1.8799999952316284,1.9600000381469727,1300,0.0,0.0
2025-04-09 00:00:00-04:00,1.899999976158142,1.940000057220459,1.8700000047683716,1.940000057220459,4100,0.0,0.0
2025-04-10 00:00:00-04:00,1.9700000286102295,1.9700000286102295,1.5099999904632568,1.7000000476837158,81400,0.0,0.0
2025-04-11 00:00:00-04:00,1.7100000381469727,1.809999942779541,1.6299999952316284,1.7300000190734863,29700,0.0,0.0
2025-04-14 00:00:00-04:00,1.6200000047683716,1.75,1.600000023841858,1.6200000047683716,9200,0.0,0.0
2025-04-15 00:00:00-04:00,1.649999976158142,1.690000057220459,1.6399999856948853,1.649999976158142,2400,0.0,0.0
2025-04-16 00:00:00-04:00,1.6100000143051147,1.6299999952316284,1.409999966621399,1.5,6200,0.0,0.0
2025-04-17 00:00:00-04:00,1.4700000286102295,1.5,1.440000057220459,1.4500000476837158,7400,0.0,0.0
2025-04-21 00:00:00-04:00,1.5499999523162842,1.5700000524520874,1.5,1.5099999904632568,29000,0.0,0.0
2025-04-22 00:00:00-04:00,1.600000023841858,1.600000023841858,1.4500000476837158,1.5499999523162842,6000,0.0,0.0
2025-04-23 00:00:00-04:00,1.5800000429153442,1.6200000047683716,1.5800000429153442,1.6100000143051147,1400,0.0,0.0
2025-04-24 00:00:00-04:00,1.649999976158142,1.659999966621399,1.5800000429153442,1.659999966621399,1700,0.0,0.0
2025-04-25 00:00:00-04:00,1.649999976158142,1.6799999475479126,1.590000033378601,1.6299999952316284,12000,0.0,0.0
2025-04-28 00:00:00-04:00,1.6699999570846558,1.9900000095367432,1.6299999952316284,1.9299999475479126,27000,0.0,0.0
2025-04-29 00:00:00-04:00,1.9700000286102295,2.0,1.8899999856948853,1.9900000095367432,8000,0.0,0.0
2025-04-30 00:00:00-04:00,1.8600000143051147,1.9500000476837158,1.8600000143051147,1.9299999475479126,2500,0.0,0.0
2025-05-01 00:00:00-04:00,1.9299999475479126,1.9299999475479126,1.75,1.8799999952316284,10500,0.0,0.0
2025-05-02 00:00:00-04:00,1.840000033378601,1.840000033378601,1.7599999904632568,1.7599999904632568,1600,0.0,0.0
2025-05-05 00:00:00-04:00,1.7599999904632568,1.8899999856948853,1.6100000143051147,1.8899999856948853,22600,0.0,0.0
2025-05-06 00:00:00-04:00,1.7300000190734863,1.909999966621399,1.7300000190734863,1.75,6000,0.0,0.0
2025-05-07 00:00:00-04:00,1.7599999904632568,1.840000033378601,1.399999976158142,1.649999976158142,42800,0.0,0.0
2025-05-08 00:00:00-04:00,1.7300000190734863,1.7999999523162842,1.7300000190734863,1.7799999713897705,12300,0.0,0.0
2025-05-09 00:00:00-04:00,1.7799999713897705,1.7899999618530273,1.7799999713897705,1.7799999713897705,4700,0.0,0.0
2025-05-12 00:00:00-04:00,1.7799999713897705,1.8899999856948853,1.7000000476837158,1.8899999856948853,6500,0.0,0.0
2025-05-13 00:00:00-04:00,1.7000000476837158,1.9299999475479126,1.7000000476837158,1.899999976158142,20700,0.0,0.0
2025-05-14 00:00:00-04:00,1.7899999618530273,1.8300000429153442,1.7799999713897705,1.7799999713897705,4400,0.0,0.0
2025-05-15 00:00:00-04:00,1.7599999904632568,1.7799999713897705,1.7100000381469727,1.7799999713897705,8600,0.0,0.0
2025-05-16 00:00:00-04:00,1.8300000429153442,2.0999999046325684,1.7799999713897705,2.049999952316284,37900,0.0,0.0
2025-05-19 00:00:00-04:00,2.0,2.140000104904175,1.9199999570846558,2.0799999237060547,20300,0.0,0.0
2025-05-20 00:00:00-04:00,2.1600000858306885,2.1600000858306885,2.0,2.0,11300,0.0,0.0
2025-05-21 00:00:00-04:00,1.899999976158142,1.909999966621399,1.899999976158142,1.909999966621399,1400,0.0,0.0
2025-05-22 00:00:00-04:00,1.9900000095367432,2.5899999141693115,1.9600000381469727,2.4000000953674316,122600,0.0,0.0
2025-05-23 00:00:00-04:00,2.3399999141693115,2.4800000190734863,2.2100000381469727,2.319999933242798,42300,0.0,0.0
2025-05-27 00:00:00-04:00,2.2300000190734863,2.2799999713897705,2.2200000286102295,2.2699999809265137,4800,0.0,0.0
2025-05-28 00:00:00-04:00,2.2699999809265137,2.390000104904175,2.259999990463257,2.309999942779541,10900,0.0,0.0
2025-05-29 00:00:00-04:00,2.2799999713897705,2.3499999046325684,2.2300000190734863,2.3499999046325684,3100,0.0,0.0
2025-05-30 00:00:00-04:00,2.0999999046325684,2.0999999046325684,2.0799999237060547,2.0799999237060547,1000,0.0,0.0
2025-06-02 00:00:00-04:00,2.119999885559082,2.5199999809265137,2.119999885559082,2.390000104904175,31400,0.0,0.0
2025-06-03 00:00:00-04:00,2.3499999046325684,2.3499999046325684,2.180000066757202,2.2100000381469727,19700,0.0,0.0
2025-06-04 00:00:00-04:00,2.140000104904175,2.1600000858306885,2.119999885559082,2.1600000858306885,2200,0.0,0.0
2025-06-05 00:00:00-04:00,2.1500000953674316,2.1500000953674316,2.140000104904175,2.1500000953674316,1400,0.0,0.0
2025-06-06 00:00:00-04:00,2.0999999046325684,2.140000104904175,2.0999999046325684,2.140000104904175,700,0.0,0.0
2025-06-09 00:00:00-04:00,2.0999999046325684,2.1500000953674316,2.0399999618530273,2.0999999046325684,7400,0.0,0.0
2025-06-10 00:00:00-04:00,2.1500000953674316,2.1500000953674316,2.0199999809265137,2.0399999618530273,2300,0.0,0.0
2025-06-11 00:00:00-04:00,2.0399999618530273,2.0799999237060547,2.0199999809265137,2.0799999237060547,6300,0.0,0.0
2025-06-12 00:00:00-04:00,2.1500000953674316,2.2300000190734863,2.0799999237060547,2.0799999237060547,16500,0.0,0.0
2025-06-13 00:00:00-04:00,2.259999990463257,2.680000066757202,2.0799999237060547,2.5999999046325684,91400,0.0,0.0
2025-06-16 00:00:00-04:00,2.799999952316284,2.990000009536743,2.0,2.0899999141693115,4759300,0.0,0.0
2025-06-17 00:00:00-04:00,2.069999933242798,2.5199999809265137,2.069999933242798,2.4800000190734863,502800,0.0,0.0
2025-06-18 00:00:00-04:00,2.1700000762939453,2.569999933242798,2.1700000762939453,2.569999933242798,206100,0.0,0.0
2025-06-20 00:00:00-04:00,2.619999885559082,2.799999952316284,2.569999933242798,2.680000066757202,123700,0.0,0.0
2025-06-23 00:00:00-04:00,2.619999885559082,2.7899999618530273,2.549999952316284,2.680000066757202,62900,0.0,0.0
2025-06-24 00:00:00-04:00,2.5999999046325684,2.799999952316284,2.549999952316284,2.6600000858306885,26900,0.0,0.0
2025-06-25 00:00:00-04:00,2.700000047683716,2.7799999713897705,2.6500000953674316,2.6600000858306885,14100,0.0,0.0
2025-06-26 00:00:00-04:00,2.569999933242798,2.7300000190734863,2.569999933242798,2.690000057220459,6400,0.0,0.0
2025-06-27 00:00:00-04:00,2.700000047683716,2.75,2.4200000762939453,2.680000066757202,22000,0.0,0.0
2025-06-30 00:00:00-04:00,2.5999999046325684,2.619999885559082,2.5199999809265137,2.5199999809265137,4300,0.0,0.0
2025-07-01 00:00:00-04:00,2.440000057220459,2.609999895095825,2.440000057220459,2.609999895095825,5000,0.0,0.0
2025-07-02 00:00:00-04:00,2.5799999237060547,2.5999999046325684,2.380000114440918,2.5999999046325684,1200,0.0,0.0
2025-07-03 00:00:00-04:00,2.5899999141693115,2.609999895095825,2.430000066757202,2.440000057220459,13600,0.0,0.0
2025-07-07 00:00:00-04:00,2.450000047683716,2.569999933242798,2.440000057220459,2.450000047683716,8000,0.0,0.0
2025-07-08 00:00:00-04:00,2.25,2.5,2.25,2.319999933242798,44800,0.0,0.0
2025-07-09 00:00:00-04:00,2.4000000953674316,2.4800000190734863,2.2799999713897705,2.4000000953674316,1800,0.0,0.0
2025-07-10 00:00:00-04:00,2.4800000190734863,2.7200000286102295,2.4700000286102295,2.640000104904175,25000,0.0,0.0
2025-07-11 00:00:00-04:00,2.5399999618530273,2.5799999237060547,2.2100000381469727,2.549999952316284,6500,0.0,0.0
2025-07-14 00:00:00-04:00,2.680000066757202,2.680000066757202,2.490000009536743,2.569999933242798,14100,0.0,0.0
2025-07-15 00:00:00-04:00,2.4800000190734863,2.5999999046325684,2.4600000381469727,2.5399999618530273,10800,0.0,0.0
2025-07-16 00:00:00-04:00,2.4600000381469727,2.5199999809265137,2.4600000381469727,2.5199999809265137,1300,0.0,0.0
2025-07-17 00:00:00-04:00,2.4600000381469727,2.569999933242798,2.4600000381469727,2.4700000286102295,2400,0.0,0.0
2025-07-18 00:00:00-04:00,2.5299999713897705,2.5799999237060547,2.490000009536743,2.490000009536743,2900,0.0,0.0
2025-07-21 00:00:00-04:00,2.5299999713897705,2.5799999237060547,2.4700000286102295,2.5799999237060547,3200,0.0,0.0
2025-07-22 00:00:00-04:00,2.5199999809265137,2.5799999237060547,2.5,2.5799999237060547,2500,0.0,0.0
2025-07-23 00:00:00-04:00,2.5799999237060547,2.6700000762939453,2.4200000762939453,2.430000066757202,62300,0.0,0.0
2025-07-24 00:00:00-04:00,2.4200000762939453,2.5399999618530273,2.259999990463257,2.5399999618530273,40400,0.0,0.0
2025-07-25 00:00:00-04:00,2.4600000381469727,2.6500000953674316,2.4600000381469727,2.6500000953674316,43100,0.0,0.0
2025-07-28 00:00:00-04:00,2.6600000858306885,3.0799999237060547,2.6600000858306885,2.950000047683716,52200,0.0,0.0
2025-07-29 00:00:00-04:00,2.950000047683716,7.159999847412109,1.850000023841858,2.259999990463257,39901100,0.0,0.0
2025-07-30 00:00:00-04:00,2.6700000762939453,3.440000057220459,2.2699999809265137,2.7200000286102295,6673600,0.0,0.0
2025-07-31 00:00:00-04:00,2.6700000762939453,4.5,2.380000114440918,4.5,3319200,0.0,0.0
2025-08-01 00:00:00-04:00,4.309999942779541,4.349999904632568,2.680000066757202,2.809999942779541,1162400,0.0,0.0
2025-08-04 00:00:00-04:00,3.180000066757202,3.619999885559082,2.869999885559082,3.140000104904175,433600,0.0,0.0
2025-08-05 00:00:00-04:00,3.4100000858306885,3.450000047683716,2.950000047683716,3.0,281600,0.0,0.0
2025-08-06 00:00:00-04:00,2.869999885559082,3.200000047683716,2.690000057220459,2.809999942779541,215800,0.0,0.0
2025-08-07 00:00:00-04:00,2.9000000953674316,2.9000000953674316,2.5,2.559999942779541,59900,0.0,0.0
2025-08-08 00:00:00-04:00,2.680000066757202,2.8499999046325684,2.559999942779541,2.5799999237060547,120100,0.0,0.0
2025-08-11 00:00:00-04:00,2.5,2.690000057220459,2.4700000286102295,2.5,70800,0.0,0.0
2025-08-12 00:00:00-04:00,2.5299999713897705,2.549999952316284,2.4000000953674316,2.5299999713897705,60700,0.0,0.0
2025-08-13 00:00:00-04:00,2.4800000190734863,2.8499999046325684,2.4800000190734863,2.8299999237060547,137200,0.0,0.0
2025-08-14 00:00:00-04:00,2.6500000953674316,2.7899999618530273,2.5,2.690000057220459,44300,0.0,0.0
2025-08-15 00:00:00-04:00,2.609999895095825,2.7300000190734863,2.509999990463257,2.619999885559082,23900,0.0,0.0
2025-08-18 00:00:00-04:00,2.640000104904175,3.1500000953674316,2.640000104904175,2.740000009536743,200700,0.0,0.0
2025-08-19 00:00:00-04:00,2.6600000858306885,2.7300000190734863,2.549999952316284,2.630000114440918,37000,0.0,0.0
2025-08-20 00:00:00-04:00,2.5199999809265137,2.700000047683716,2.5,2.5199999809265137,22700,0.0,0.0
2025-08-21 00:00:00-04:00,2.609999895095825,2.75,2.5299999713897705,2.5799999237060547,33400,0.0,0.0
2025-08-22 00:00:00-04:00,2.549999952316284,2.819999933242798,2.5,2.5999999046325684,56100,0.0,0.0
2025-08-25 00:00:00-04:00,2.869999885559082,2.9200000762939453,2.0399999618530273,2.2699999809265137,476400,0.0,0.0
2025-08-26 00:00:00-04:00,2.2200000286102295,2.3399999141693115,2.2200000286102295,2.299999952316284,50400,0.0,0.0
2025-08-27 00:00:00-04:00,2.2699999809265137,2.440000057220459,2.259999990463257,2.259999990463257,25900,0.0,0.0
2025-08-28 00:00:00-04:00,2.25,2.3299999237060547,2.1500000953674316,2.2799999713897705,50000,0.0,0.0
2025-08-29 00:00:00-04:00,2.2100000381469727,2.309999942779541,2.109999895095825,2.109999895095825,30000,0.0,0.0
2025-09-02 00:00:00-04:00,2.140000104904175,2.140000104904175,1.8600000143051147,2.0399999618530273,107900,0.0,0.0
2025-09-03 00:00:00-04:00,2.0299999713897705,2.059999942779541,1.909999966621399,1.9600000381469727,42400,0.0,0.0
2025-09-04 00:00:00-04:00,1.899999976158142,2.0999999046325684,1.899999976158142,1.9600000381469727,38900,0.0,0.0
2025-09-05 00:00:00-04:00,1.9600000381469727,2.130000114440918,1.9199999570846558,1.9800000190734863,14300,0.0,0.0
2025-09-08 00:00:00-04:00,1.9600000381469727,2.0799999237060547,1.899999976158142,1.9900000095367432,21800,0.0,0.0
2025-09-09 00:00:00-04:00,1.9299999475479126,2.0299999713897705,1.899999976158142,1.940000057220459,29000,0.0,0.0
2025-09-10 00:00:00-04:00,2.0,2.1700000762939453,1.8700000047683716,2.109999895095825,99900,0.0,0.0
2025-09-11 00:00:00-04:00,2.0999999046325684,2.200000047683716,1.9600000381469727,2.190000057220459,54100,0.0,0.0
2025-09-12 00:00:00-04:00,2.190000057220459,2.2300000190734863,2.1500000953674316,2.2100000381469727,19500,0.0,0.0
2025-09-15 00:00:00-04:00,2.1500000953674316,2.240000009536743,2.0899999141693115,2.1500000953674316,20300,0.0,0.0
2025-09-16 00:00:00-04:00,2.1500000953674316,2.1500000953674316,2.0299999713897705,2.119999885559082,26500,0.0,0.0
2025-09-17 00:00:00-04:00,2.0799999237060547,2.0899999141693115,1.909999966621399,2.0399999618530273,64500,0.0,0.0
2025-09-18 00:00:00-04:00,2.0399999618530273,2.049999952316284,1.909999966621399,2.0399999618530273,21800,0.0,0.0
2025-09-19 00:00:00-04:00,2.009999990463257,2.0799999237060547,1.9299999475479126,2.009999990463257,18800,0.0,0.0
2025-09-22 00:00:00-04:00,2.049999952316284,2.049999952316284,1.9500000476837158,1.9600000381469727,14800,0.0,0.0
2025-09-23 00:00:00-04:00,1.9299999475479126,2.0799999237060547,1.9299999475479126,2.0299999713897705,10400,0.0,0.0
2025-09-24 00:00:00-04:00,2.0199999809265137,2.1600000858306885,2.0199999809265137,2.1600000858306885,35500,0.0,0.0
2025-09-25 00:00:00-04:00,2.130000114440918,2.240000009536743,2.0999999046325684,2.119999885559082,12800,0.0,0.0
2025-09-26 00:00:00-04:00,2.190000057220459,2.190000057220459,2.0199999809265137,2.0199999809265137,40100,0.0,0.0
2025-09-29 00:00:00-04:00,2.009999990463257,2.119999885559082,2.009999990463257,2.069999933242798,3100,0.0,0.0
2025-09-30 00:00:00-04:00,2.0799999237060547,2.0899999141693115,1.9800000190734863,1.9800000190734863,24900,0.0,0.0
2025-10-01 00:00:00-04:00,1.9800000190734863,1.9800000190734863,1.909999966621399,1.9800000190734863,32900,0.0,0.0
2025-10-02 00:00:00-04:00,1.9700000286102295,2.0199999809265137,1.9199999570846558,2.0199999809265137,42600,0.0,0.0
2025-10-03 00:00:00-04:00,2.0,2.069999933242798,1.9800000190734863,2.009999990463257,5600,0.0,0.0
2025-10-06 00:00:00-04:00,2.0199999809265137,2.059999942779541,1.8799999952316284,1.9800000190734863,41900,0.0,0.0
2025-10-07 00:00:00-04:00,1.9299999475479126,1.9800000190734863,1.9299999475479126,1.9500000476837158,17100,0.0,0.0
2025-10-08 00:00:00-04:00,1.9800000190734863,1.9800000190734863,1.899999976158142,1.9700000286102295,20700,0.0,0.0
2025-10-09 00:00:00-04:00,1.9299999475479126,1.9600000381469727,1.909999966621399,1.9600000381469727,16600,0.0,0.0
2025-10-10 00:00:00-04:00,1.9600000381469727,2.0299999713897705,1.909999966621399,2.0,29900,0.0,0.0
2025-10-13 00:00:00-04:00,2.0199999809265137,2.0199999809265137,1.909999966621399,1.9600000381469727,14400,0.0,0.0
2025-10-14 00:00:00-04:00,1.909999966621399,2.069999933242798,1.909999966621399,2.0399999618530273,30900,0.0,0.0
2025-10-15 00:00:00-04:00,2.0299999713897705,2.0299999713897705,1.9199999570846558,1.9199999570846558,24100,0.0,0.0
2025-10-16 00:00:00-04:00,1.940000057220459,1.9900000095367432,1.8600000143051147,1.8700000047683716,31800,0.0,0.0
2025-10-17 00:00:00-04:00,1.8300000429153442,1.8700000047683716,1.7599999904632568,1.7799999713897705,26200,0.0,0.0
2025-10-20 00:00:00-04:00,1.809999942779541,1.8700000047683716,1.7999999523162842,1.850000023841858,16700,0.0,0.0
2025-10-21 00:00:00-04:00,1.7799999713897705,1.8300000429153442,1.75,1.75,4700,0.0,0.0
2025-10-22 00:00:00-04:00,1.75,1.809999942779541,1.7100000381469727,1.7100000381469727,6000,0.0,0.0
2025-10-23 00:00:00-04:00,1.7999999523162842,1.850000023841858,1.7200000286102295,1.7599999904632568,11800,0.0,0.0
2025-10-24 00:00:00-04:00,1.8600000143051147,1.9500000476837158,1.7899999618530273,1.8700000047683716,161500,0.0,0.0
2025-10-27 00:00:00-04:00,1.7799999713897705,1.840000033378601,1.7000000476837158,1.7799999713897705,51400,0.0,0.0
2025-10-28 00:00:00-04:00,1.7699999809265137,1.8799999952316284,1.75,1.7699999809265137,16900,0.0,0.0
2025-10-29 00:00:00-04:00,1.7799999713897705,1.7999999523162842,1.7400000095367432,1.7699999809265137,13100,0.0,0.0
2025-10-30 00:00:00-04:00,1.7400000095367432,1.7599999904632568,1.7200000286102295,1.7200000286102295,4700,0.0,0.0
2025-10-31 00:00:00-04:00,1.7599999904632568,1.850000023841858,1.7100000381469727,1.75,12200,0.0,0.0
2025-11-03 00:00:00-05:00,1.690000057220459,1.7200000286102295,1.649999976158142,1.6699999570846558,27000,0.0,0.0
2025-11-04 00:00:00-05:00,1.6699999570846558,1.6699999570846558,1.4500000476837158,1.4500000476837158,77900,0.0,0.0
2025-11-05 00:00:00-05:00,1.5199999809265137,1.5800000429153442,1.4500000476837158,1.4600000381469727,20300,0.0,0.0
2025-11-06 00:00:00-05:00,1.5399999618530273,1.5399999618530273,1.399999976158142,1.399999976158142,22800,0.0,0.0
2025-11-07 00:00:00-05:00,1.4199999570846558,1.4600000381469727,1.25,1.3799999952316284,83500,0.0,0.0
2025-11-10 00:00:00-05:00,1.3899999856948853,1.409999966621399,1.2699999809265137,1.340000033378601,33500,0.0,0.0
2025-11-11 00:00:00-05:00,1.3899999856948853,1.3899999856948853,1.340000033378601,1.3600000143051147,2000,0.0,0.0
2025-11-12 00:00:00-05:00,1.4199999570846558,1.4299999475479126,1.4199999570846558,1.4199999570846558,3300,0.0,0.0
2025-11-13 00:00:00-05:00,1.4199999570846558,1.4199999570846558,1.350000023841858,1.350000023841858,14000,0.0,0.0
2025-11-14 00:00:00-05:00,1.3799999952316284,1.3799999952316284,1.2999999523162842,1.3200000524520874,3700,0.0,0.0
2025-11-17 00:00:00-05:00,1.25,1.3300000429153442,1.25,1.2899999618530273,22100,0.0,0.0
2025-11-18 00:00:00-05:00,1.25,1.3600000143051147,1.2300000190734863,1.2699999809265137,6000,0.0,0.0
2025-11-19 00:00:00-05:00,1.2899999618530273,1.2899999618530273,1.2000000476837158,1.2000000476837158,12700,0.0,0.0
2025-11-20 00:00:00-05:00,1.25,1.25,1.149999976158142,1.159999966621399,20100,0.0,0.0
2025-11-21 00:00:00-05:00,1.149999976158142,1.2100000381469727,1.1299999952316284,1.1699999570846558,12700,0.0,0.0
2025-11-24 00:00:00-05:00,1.149999976158142,1.149999976158142,1.149999976158142,1.149999976158142,600,0.0,0.0
2025-11-25 00:00:00-05:00,1.159999966621399,1.2100000381469727,1.159999966621399,1.2100000381469727,700,0.0,0.0
2025-11-26 00:00:00-05:00,1.1699999570846558,1.440000057220459,1.1699999570846558,1.25,22100,0.0,0.0
2025-11-28 00:00:00-05:00,1.25,1.440000057220459,1.25,1.3200000524520874,5400,0.0,0.0
2025-12-01 00:00:00-05:00,1.3200000524520874,1.4600000381469727,1.2799999713897705,1.409999966621399,3400,0.0,0.0
2025-12-02 00:00:00-05:00,1.4600000381469727,1.4600000381469727,1.3200000524520874,1.3200000524520874,1200,0.0,0.0
2025-12-03 00:00:00-05:00,1.3300000429153442,1.399999976158142,1.2599999904632568,1.2699999809265137,6400,0.0,0.0
2025-12-04 00:00:00-05:00,1.2999999523162842,1.3300000429153442,1.2699999809265137,1.3300000429153442,1600,0.0,0.0
2025-12-05 00:00:00-05:00,1.309999942779541,1.3700000047683716,1.2799999713897705,1.2999999523162842,5200,0.0,0.0
2025-12-08 00:00:00-05:00,1.309999942779541,1.4199999570846558,1.309999942779541,1.309999942779541,4100,0.0,0.0
2025-12-09 00:00:00-05:00,1.2999999523162842,1.399999976158142,1.2999999523162842,1.309999942779541,19800,0.0,0.0
2025-12-10 00:00:00-05:00,1.309999942779541,1.4199999570846558,1.309999942779541,1.3600000143051147,26300,0.0,0.0
2025-12-11 00:00:00-05:00,1.4199999570846558,1.4199999570846558,1.2999999523162842,1.2999999523162842,56700,0.0,0.0
2025-12-12 00:00:00-05:00,1.350000023841858,1.4199999570846558,1.350000023841858,1.3700000047683716,1300,0.0,0.0
2025-12-15 00:00:00-05:00,1.3700000047683716,1.399999976158142,1.3600000143051147,1.3600000143051147,5300,0.0,0.0
2025-12-16 00:00:00-05:00,1.3600000143051147,1.4600000381469727,1.3200000524520874,1.399999976158142,4100,0.0,0.0
2025-12-17 00:00:00-05:00,1.3600000143051147,1.4600000381469727,1.3600000143051147,1.4299999475479126,8700,0.0,0.0
2025-12-18 00:00:00-05:00,1.4299999475479126,1.4299999475479126,1.3600000143051147,1.3600000143051147,7300,0.0,0.0
2025-12-19 00:00:00-05:00,1.3600000143051147,1.409999966621399,1.3600000143051147,1.3600000143051147,3300,0.0,0.0
2025-12-22 00:00:00-05:00,1.3700000047683716,1.4199999570846558,1.25,1.25,20900,0.0,0.0
2025-12-23 00:00:00-05:00,1.2799999713897705,1.440000057220459,1.25,1.2599999904632568,40900,0.0,0.0
2025-12-24 00:00:00-05:00,1.2699999809265137,1.2999999523162842,1.2599999904632568,1.2599999904632568,3200,0.0,0.0
2025-12-26 00:00:00-05:00,1.2899999618530273,1.440000057220459,1.2400000095367432,1.3799999952316284,21200,0.0,0.0
2025-12-29 00:00:00-05:00,1.3200000524520874,1.3700000047683716,1.2999999523162842,1.3700000047683716,9300,0.0,0.0
2025-12-30 00:00:00-05:00,1.399999976158142,1.649999976158142,1.399999976158142,1.5299999713897705,203400,0.0,0.0
2025-12-31 00:00:00-05:00,1.4900000095367432,1.649999976158142,1.409999966621399,1.5800000429153442,13200,0.0,0.0
2026-01-02 00:00:00-05:00,1.559999942779541,1.590000033378601,1.5099999904632568,1.5499999523162842,3400,0.0,0.0
2026-01-05 00:00:00-05:00,1.6399999856948853,1.6399999856948853,1.5499999523162842,1.5499999523162842,4300,0.0,0.0
2026-01-06 00:00:00-05:00,1.600000023841858,1.6200000047683716,1.5399999618530273,1.6200000047683716,6900,0.0,0.0
2026-01-07 00:00:00-05:00,1.6200000047683716,1.6699999570846558,1.5800000429153442,1.6399999856948853,22000,0.0,0.0
2026-01-08 00:00:00-05:00,1.600000023841858,1.600000023841858,1.5099999904632568,1.5399999618530273,14200,0.0,0.0
2026-01-09 00:00:00-05:00,1.5099999904632568,1.5399999618530273,1.5099999904632568,1.5299999713897705,1200,0.0,0.0
2026-01-12 00:00:00-05:00,1.5399999618530273,1.559999942779541,1.4900000095367432,1.4900000095367432,13900,0.0,0.0
2026-01-13 00:00:00-05:00,1.559999942779541,1.590000033378601,1.5,1.5399999618530273,5000,0.0,0.0
2026-01-14 00:00:00-05:00,1.5199999809265137,1.6200000047683716,1.4900000095367432,1.4900000095367432,6400,0.0,0.0
2026-01-15 00:00:00-05:00,1.4199999570846558,1.6299999952316284,1.4199999570846558,1.4199999570846558,26000,0.0,0.0
2026-01-16 00:00:00-05:00,1.4299999475479126,1.5299999713897705,1.3899999856948853,1.399999976158142,14000,0.0,0.0
2026-01-20 00:00:00-05:00,1.3700000047683716,1.600000023841858,1.3600000143051147,1.440000057220459,7300,0.0,0.0
2026-01-21 00:00:00-05:00,1.3700000047683716,1.4700000286102295,1.3700000047683716,1.4500000476837158,5700,0.0,0.0
2026-01-22 00:00:00-05:00,1.5499999523162842,1.5499999523162842,1.3899999856948853,1.3899999856948853,1200,0.0,0.0
2026-01-23 00:00:00-05:00,1.3899999856948853,1.600000023841858,1.3899999856948853,1.409999966621399,10700,0.0,0.0
2026-01-26 00:00:00-05:00,1.4299999475479126,1.5,1.399999976158142,1.399999976158142,4900,0.0,0.0
2026-01-27 00:00:00-05:00,1.350000023841858,1.5499999523162842,1.350000023841858,1.440000057220459,4400,0.0,0.0
2026-01-28 00:00:00-05:00,1.409999966621399,1.4800000190734863,1.2999999523162842,1.399999976158142,8100,0.0,0.0
2026-01-29 00:00:00-05:00,1.399999976158142,1.399999976158142,1.309999942779541,1.309999942779541,1100,0.0,0.0
2026-01-30 00:00:00-05:00,1.3200000524520874,1.3899999856948853,1.2999999523162842,1.3899999856948853,8700,0.0,0.0
2026-02-02 00:00:00-05:00,1.3700000047683716,1.3899999856948853,1.2799999713897705,1.2899999618530273,11100,0.0,0.0
2026-02-03 00:00:00-05:00,1.3300000429153442,1.3300000429153442,1.2899999618530273,1.2899999618530273,1600,0.0,0.0
2026-02-04 00:00:00-05:00,1.340000033378601,1.3600000143051147,1.2899999618530273,1.3300000429153442,13400,0.0,0.0
2026-02-05 00:00:00-05:00,1.3200000524520874,1.3300000429153442,1.25,1.25,11500,0.0,0.0
2026-02-06 00:00:00-05:00,1.25,1.2799999713897705,1.2300000190734863,1.2599999904632568,5400,0.0,0.0
2026-02-09 00:00:00-05:00,1.2200000286102295,1.309999942779541,1.2200000286102295,1.2599999904632568,9600,0.0,0.0
2026-02-10 00:00:00-05:00,1.2599999904632568,1.2599999904632568,1.2300000190734863,1.2300000190734863,2500,0.0,0.0
2026-02-11 00:00:00-05:00,1.2300000190734863,1.25,1.2200000286102295,1.2200000286102295,6500,0.0,0.0
2026-02-12 00:00:00-05:00,1.25,1.2799999713897705,1.2200000286102295,1.2400000095367432,4600,0.0,0.0
2026-02-13 00:00:00-05:00,1.2999999523162842,1.2999999523162842,1.2100000381469727,1.2100000381469727,4900,0.0,0.0
2026-02-17 00:00:00-05:00,1.2100000381469727,1.25,1.2100000381469727,1.2100000381469727,2700,0.0,0.0
2026-02-18 00:00:00-05:00,1.2200000286102295,1.2899999618530273,1.2100000381469727,1.2200000286102295,10300,0.0,0.0
2026-02-19 00:00:00-05:00,1.2200000286102295,1.2400000095367432,1.2000000476837158,1.2100000381469727,3600,0.0,0.0
2026-02-20 00:00:00-05:00,1.2100000381469727,1.2200000286102295,1.2000000476837158,1.2100000381469727,8400,0.0,0.0
2026-02-23 00:00:00-05:00,1.2000000476837158,1.2000000476837158,1.2000000476837158,1.2000000476837158,900,0.0,0.0
2026-02-24 00:00:00-05:00,1.2000000476837158,1.2799999713897705,1.190000057220459,1.2799999713897705,5900,0.0,0.0
2026-02-25 00:00:00-05:00,1.2799999713897705,1.2799999713897705,1.2200000286102295,1.2200000286102295,900,0.0,0.0
2026-02-26 00:00:00-05:00,1.2100000381469727,1.3200000524520874,1.190000057220459,1.3200000524520874,5300,0.0,0.0
2026-02-27 00:00:00-05:00,1.2999999523162842,1.2999999523162842,1.190000057220459,1.190000057220459,17900,0.0,0.0
2026-03-02 00:00:00-05:00,1.3899999856948853,1.809999942779541,1.25,1.7200000286102295,705200,0.0,0.0
2026-03-03 00:00:00-05:00,1.690000057220459,1.7100000381469727,1.5099999904632568,1.5800000429153442,86400,0.0,0.0
2026-03-04 00:00:00-05:00,1.5800000429153442,1.6100000143051147,1.309999942779541,1.4900000095367432,375300,0.0,0.0
2026-03-05 00:00:00-05:00,1.4800000190734863,1.600000023841858,1.2599999904632568,1.350000023841858,289600,0.0,0.0
2026-03-06 00:00:00-05:00,1.4299999475479126,1.559999942779541,1.3799999952316284,1.399999976158142,139400,0.0,0.0
2026-03-09 00:00:00-04:00,1.399999976158142,1.440000057220459,1.1799999475479126,1.190000057220459,149200,0.0,0.0
2026-03-10 00:00:00-04:00,1.2100000381469727,1.4600000381469727,1.190000057220459,1.2000000476837158,39900,0.0,0.0
2026-03-11 00:00:00-04:00,1.2100000381469727,1.399999976158142,1.2100000381469727,1.2899999618530273,38600,0.0,0.0
2026-03-12 00:00:00-04:00,1.2899999618530273,1.3300000429153442,1.2400000095367432,1.2400000095367432,4700,0.0,0.0
2026-03-13 00:00:00-04:00,1.2000000476837158,1.2300000190734863,1.100000023841858,1.1399999856948853,189800,0.0,0.0
2026-03-16 00:00:00-04:00,1.2000000476837158,1.2799999713897705,1.1399999856948853,1.1799999475479126,29700,0.0,0.0
2026-03-17 00:00:00-04:00,1.149999976158142,1.2000000476837158,1.1299999952316284,1.149999976158142,10100,0.0,0.0
2026-03-18 00:00:00-04:00,1.1200000047683716,1.190000057220459,1.0,1.0,40100,0.0,0.0
2026-03-19 00:00:00-04:00,1.0499999523162842,1.1100000143051147,1.0199999809265137,1.0199999809265137,29500,0.0,0.0
2026-03-20 00:00:00-04:00,1.0399999618530273,1.1200000047683716,0.8399999737739563,0.8700000047683716,41600,0.0,0.0
2026-03-23 00:00:00-04:00,0.9399999976158142,1.100000023841858,0.8500000238418579,0.8600000143051147,33500,0.0,0.0
2026-03-24 00:00:00-04:00,0.8999999761581421,0.9200000166893005,0.8500000238418579,0.8500000238418579,5400,0.0,0.0
2026-03-25 00:00:00-04:00,0.8600000143051147,0.9200000166893005,0.8600000143051147,0.8600000143051147,3400,0.0,0.0
2026-03-26 00:00:00-04:00,0.8799999952316284,0.9399999976158142,0.8500000238418579,0.8500000238418579,6600,0.0,0.0
2026-03-27 00:00:00-04:00,0.8500000238418579,0.8500000238418579,0.8100000023841858,0.8100000023841858,14100,0.0,0.0
2026-03-30 00:00:00-04:00,0.9100000262260437,0.9200000166893005,0.8100000023841858,0.8100000023841858,12700,0.0,0.0
2026-03-31 00:00:00-04:00,0.800000011920929,0.8399999737739563,0.75,0.75,15100,0.0,0.0
2026-04-01 00:00:00-04:00,0.7799999713897705,0.8999999761581421,0.7599999904632568,0.7799999713897705,14200,0.0,0.0
2026-04-02 00:00:00-04:00,0.8500000238418579,1.059999942779541,0.8100000023841858,0.9599999785423279,1753700,0.0,0.0
2026-04-06 00:00:00-04:00,0.9200000166893005,1.0399999618530273,0.8899999856948853,0.9800000190734863,233500,0.0,0.0
2026-04-07 00:00:00-04:00,0.9900000095367432,0.9900000095367432,0.9200000166893005,0.9300000071525574,21300,0.0,0.0
2026-04-08 00:00:00-04:00,0.9200000166893005,0.9300000071525574,0.8500000238418579,0.8899999856948853,42200,0.0,0.0
2026-04-09 00:00:00-04:00,0.8500000238418579,0.8899999856948853,0.7900000214576721,0.8299999833106995,15400,0.0,0.0
2026-04-10 00:00:00-04:00,0.9399999976158142,0.9399999976158142,0.8399999737739563,0.8600000143051147,8500,0.0,0.0
2026-04-13 00:00:00-04:00,0.8600000143051147,0.8899999856948853,0.8600000143051147,0.8700000047683716,6700,0.0,0.0
2026-04-14 00:00:00-04:00,0.8399999737739563,0.8799999952316284,0.8399999737739563,0.8799999952316284,27300,0.0,0.0
2026-04-15 00:00:00-04:00,0.9900000095367432,0.9900000095367432,0.8399999737739563,0.8600000143051147,8000,0.0,0.0
2026-04-16 00:00:00-04:00,0.8600000143051147,0.9100000262260437,0.8600000143051147,0.8899999856948853,37900,0.0,0.0
2026-04-17 00:00:00-04:00,0.8500000238418579,0.9200000166893005,0.8199999928474426,0.9100000262260437,45000,0.0,0.0
2026-04-20 00:00:00-04:00,0.9399999976158142,0.9900000095367432,0.9100000262260437,0.949999988079071,24200,0.0,0.0
2026-04-21 00:00:00-04:00,1.0,1.0,0.8700000047683716,0.949999988079071,4500,0.0,0.0
2026-04-22 00:00:00-04:00,0.949999988079071,0.9900000095367432,0.949999988079071,0.949999988079071,3100,0.0,0.0
2026-04-23 00:00:00-04:00,0.949999988079071,0.9900000095367432,0.949999988079071,0.9900000095367432,15100,0.0,0.0
2026-04-24 00:00:00-04:00,0.9900000095367432,1.0,0.9700000286102295,1.0,5600,0.0,0.0
2026-04-27 00:00:00-04:00,0.9800000190734863,1.0,0.9700000286102295,0.9800000190734863,5200,0.0,0.0
2026-04-28 00:00:00-04:00,0.9700000286102295,1.0099999904632568,0.9700000286102295,1.0099999904632568,4100,0.0,0.0
2026-04-29 00:00:00-04:00,0.9700000286102295,1.0,0.9300000071525574,1.0,24300,0.0,0.0
2026-04-30 00:00:00-04:00,1.0,1.0,0.8999999761581421,0.9300000071525574,12300,0.0,0.0
2026-05-01 00:00:00-04:00,0.9900000095367432,0.9900000095367432,0.8999999761581421,0.8999999761581421,2000,0.0,0.0
2026-05-04 00:00:00-04:00,0.9300000071525574,0.9700000286102295,0.9100000262260437,0.9100000262260437,1800,0.0,0.0
2026-05-05 00:00:00-04:00,0.9399999976158142,0.9399999976158142,0.8799999952316284,0.8899999856948853,5600,0.0,0.0
2026-05-06 00:00:00-04:00,0.8999999761581421,0.9300000071525574,0.8399999737739563,0.8399999737739563,7200,0.0,0.0
2026-05-07 00:00:00-04:00,0.859499990940094,0.8604999780654907,0.8222000002861023,0.8399999737739563,2437,0.0,0.0
