Date,Open,High,Low,Close,Volume,Dividends,Stock Splits
2022-01-03 00:00:00-05:00,103.75881899373518,106.01855745210416,103.00257580086233,103.12861633300781,1858300,0.0,0.0
2022-01-04 00:00:00-05:00,102.84052547448186,103.51574557287277,99.49143268747197,100.52677154541016,2143500,0.0,0.0
2022-01-05 00:00:00-05:00,101.2380079949038,101.2380079949038,95.79123608240425,96.02531433105469,2039200,0.0,0.0
2022-01-06 00:00:00-05:00,101.31003037808195,101.50809605474088,96.1513522698399,97.35774230957031,3186600,0.0,0.0
2022-01-07 00:00:00-05:00,97.96994511411333,99.36540288229271,95.89026918446959,98.41108703613281,2031100,0.0,0.0
2022-01-10 00:00:00-05:00,96.6375015932356,99.68950289639014,93.69354485217639,99.64448547363281,2714600,0.0,0.0
2022-01-11 00:00:00-05:00,99.13131649255078,104.4970648556711,98.05996504407153,104.4880599975586,2653600,0.0,0.0
2022-01-12 00:00:00-05:00,105.06425067801356,106.45970837672965,102.27334214927582,104.10093688964844,1501200,0.0,0.0
2022-01-13 00:00:00-05:00,105.19929845502207,105.77548576937252,102.05727593322125,102.45340728759766,1301100,0.0,0.0
2022-01-14 00:00:00-05:00,100.68882177627535,102.75049471619944,99.36539610054155,100.48175811767578,1727400,0.0,0.0
2022-01-18 00:00:00-05:00,99.11331232149118,102.87653958584002,97.35774266951397,102.04827117919922,2595900,0.0,0.0
2022-01-19 00:00:00-05:00,103.03859606111966,107.62109389178165,102.85854009508323,102.95757293701172,1995700,0.0,0.0
2022-01-20 00:00:00-05:00,102.63348306191934,105.07327819467409,99.2303739330681,99.93260192871094,2640700,0.0,0.0
2022-01-21 00:00:00-05:00,98.42909663868691,101.45408355209975,97.28571997014198,98.81622314453125,3404000,0.0,0.0
2022-01-24 00:00:00-05:00,96.3314014480597,105.01022996360432,94.32374398444016,104.92920684814453,3587700,0.0,0.0
2022-01-25 00:00:00-05:00,103.49774027458099,108.1612608945959,101.88621408006196,106.15361022949219,3457100,0.0,0.0
2022-01-26 00:00:00-05:00,105.79349961530079,108.5393908898868,101.81419680510945,102.40839385986328,1985700,0.0,0.0
2022-01-27 00:00:00-05:00,103.54275170444818,105.74846791153085,100.18465411058624,100.7608413696289,1657400,0.0,0.0
2022-01-28 00:00:00-05:00,100.5177678060213,101.99424855476977,98.0509656090187,101.90422058105469,1784600,0.0,0.0
2022-01-31 00:00:00-05:00,102.21933610697296,104.5330903828383,101.92223757066422,103.89388275146484,1020200,0.0,0.0
2022-02-01 00:00:00-05:00,104.43403486094064,107.43201354465927,104.04690842248424,106.36966705322266,1121400,0.0,0.0
2022-02-02 00:00:00-05:00,106.4597102273971,107.22495835634983,102.9755717835886,104.18196868896484,1267800,0.0,0.0
2022-02-03 00:00:00-05:00,103.26367658199175,104.34403305887906,100.31071457548464,100.71585083007812,1380400,0.0,0.0
2022-02-04 00:00:00-05:00,102.03926018457165,102.6964774501492,97.64583045516693,100.40072631835938,1254500,0.0,0.0
2022-02-07 00:00:00-05:00,101.08497206064334,102.4894279863607,100.12165810952004,101.41808319091797,804400,0.0,0.0
2022-02-08 00:00:00-05:00,100.47275720832974,103.8128454014652,100.09463557183015,103.02959442138672,802400,0.0,0.0
2022-02-09 00:00:00-05:00,103.63278047672934,105.49638765962536,102.97556323031077,105.45137023925781,777200,0.0,0.0
2022-02-10 00:00:00-05:00,103.27267684116715,106.07259045438367,102.41740067850532,102.97557830810547,861800,0.0,0.0
2022-02-11 00:00:00-05:00,103.29967200048942,103.73181589323418,99.80653576985478,100.66181182861328,1142600,0.0,0.0
2022-02-14 00:00:00-05:00,99.7615385249511,101.1119790184481,98.02397148190384,99.03230285644531,1283000,0.0,0.0
2022-02-15 00:00:00-05:00,100.93190561774202,103.15563167898955,99.94158413379584,103.01158142089844,1554100,0.0,0.0
2022-02-16 00:00:00-05:00,100.74284809926246,101.98525070679355,97.33073477198305,97.9609375,2191900,0.0,0.0
2022-02-17 00:00:00-05:00,98.77119548201713,99.03228141180061,94.19770301924012,94.33274841308594,1166400,0.0,0.0
2022-02-18 00:00:00-05:00,92.64921213572815,95.53915359476535,91.82994171171879,93.4954833984375,1946300,0.0,0.0
2022-02-22 00:00:00-05:00,91.97397747916195,94.48579003267858,89.43514348512045,90.20939636230469,1711200,0.0,0.0
2022-02-23 00:00:00-05:00,90.83963027129585,91.17273452441003,87.43652138780185,87.93167877197266,1352700,0.0,0.0
2022-02-24 00:00:00-05:00,83.91634925920702,91.54183566242315,83.10608380355534,91.18171691894531,1580600,0.0,0.0
2022-02-25 00:00:00-05:00,87.7335925325828,93.18037056425084,87.37348065337649,92.96430206298828,1921800,0.0,0.0
2022-02-28 00:00:00-05:00,91.6498787443852,94.80990390451625,91.37978795369466,94.53081512451172,1802000,0.0,0.0
2022-03-01 00:00:00-05:00,94.95395430161875,96.24137425096363,92.73923316816351,93.95462799072266,1395300,0.0,0.0
2022-03-02 00:00:00-05:00,95.07099166638513,101.26501530587268,93.9006142444941,100.1396484375,1919300,0.0,0.0
2022-03-03 00:00:00-05:00,100.40074235293724,102.02127363050228,98.82522850424162,101.17499542236328,1835700,0.0,0.0
2022-03-04 00:00:00-05:00,99.72551102866305,101.02193590637158,96.8805870532071,98.77120208740234,2480500,0.0,0.0
2022-03-07 00:00:00-05:00,99.25737250629982,100.79687378623572,89.3001271766662,89.57921600341797,4009300,0.0,0.0
2022-03-08 00:00:00-05:00,92.28008109179504,96.48444996719803,89.30910987989863,91.45181274414062,4720700,0.0,0.0
2022-03-09 00:00:00-05:00,94.98095927165907,100.27468230146343,94.37776430676163,98.0239486694336,2363000,0.0,0.0
2022-03-10 00:00:00-05:00,96.46646661856535,99.28438328924427,94.4227961728821,98.97828674316406,1830100,0.0,0.0
2022-03-11 00:00:00-05:00,99.88755948947322,99.91457406374694,96.59248890358049,96.88958740234375,1399800,0.0,0.0
2022-03-14 00:00:00-04:00,97.65483714274343,100.69782670309067,95.86325499916613,96.13333892822266,1586900,0.0,0.0
2022-03-15 00:00:00-04:00,96.22336617548403,100.50876513058125,95.75521658078333,100.31069946289062,1422200,0.0,0.0
2022-03-16 00:00:00-04:00,99.50944828485929,102.79552122515082,96.36742561432169,99.98660278320312,1638200,0.0,0.0
2022-03-17 00:00:00-04:00,99.17092939695762,101.51298378617898,98.05868519625628,100.6810531616211,1176600,0.488,0.0
2022-03-18 00:00:00-04:00,100.18372317540056,104.09015561485936,98.59221161887783,103.69227600097656,1740900,0.0,0.0
2022-03-21 00:00:00-04:00,103.41195440182324,104.28909432373388,97.81454056130656,98.50178527832031,1154200,0.0,0.0
2022-03-22 00:00:00-04:00,99.24330400189744,101.38641929177784,96.85603965573158,98.6645736694336,1653200,0.0,0.0
2022-03-23 00:00:00-04:00,97.60655446913994,98.70976099969026,95.96982697261514,97.25389099121094,1247800,0.0,0.0
2022-03-24 00:00:00-04:00,97.10017042217771,97.13634192351964,95.04748773883463,96.6570816040039,996000,0.0,0.0
2022-03-25 00:00:00-04:00,96.64803745711346,98.09486992154116,95.58100230905269,97.959228515625,1601200,0.0,0.0
2022-03-28 00:00:00-04:00,98.33903067204834,99.06244699061885,95.40016308874574,97.49806213378906,1336900,0.0,0.0
2022-03-29 00:00:00-04:00,98.77307126159465,101.23267130342099,97.15443276892744,100.7353286743164,1422700,0.0,0.0
2022-03-30 00:00:00-04:00,99.55073271521671,99.55073271521671,94.63152581615759,94.69482421875,1653200,0.0,0.0
2022-03-31 00:00:00-04:00,94.1522705611402,94.1522705611402,90.44477081298828,90.44477081298828,1696700,0.0,0.0
2022-04-01 00:00:00-04:00,90.72511598034228,91.93683053181886,89.87510273443411,91.6203384399414,1369500,0.0,0.0
2022-04-04 00:00:00-04:00,91.54797079692702,93.07618392827047,90.59849477666111,92.80490112304688,1289400,0.0,0.0
2022-04-05 00:00:00-04:00,92.81394226574119,93.30224715754984,89.2601735245294,89.94741821289062,1138100,0.0,0.0
2022-04-06 00:00:00-04:00,90.74318991892831,90.74318991892831,86.53834708881155,87.3341064453125,2716300,0.0,0.0
2022-04-07 00:00:00-04:00,87.26175800181073,91.53894357984692,86.33036417568468,90.67988586425781,2190600,0.0,0.0
2022-04-08 00:00:00-04:00,90.31817577097719,94.86664408737761,90.31817577097719,94.08897399902344,2107900,0.0,0.0
2022-04-11 00:00:00-04:00,94.26077486173807,98.07678208672684,94.26077486173807,95.47249603271484,1748700,0.0,0.0
2022-04-12 00:00:00-04:00,96.06027292422681,98.75498434147678,95.41823737347048,95.55387878417969,1232800,0.0,0.0
2022-04-13 00:00:00-04:00,95.59004643577508,98.3118915447144,94.99323391131156,96.90123748779297,1047000,0.0,0.0
2022-04-14 00:00:00-04:00,96.86506696203655,98.30284793468579,94.51396764481048,95.09270477294922,1350800,0.0,0.0
2022-04-18 00:00:00-04:00,94.2698206436204,95.12887140546958,90.64370858450307,91.47563934326172,1160200,0.0,0.0
2022-04-19 00:00:00-04:00,91.95490393705703,98.52892131227634,91.73787491219312,97.75125122070312,1474300,0.0,0.0
2022-04-20 00:00:00-04:00,98.79116550051872,99.17095596841978,97.08210149595452,97.21774291992188,1195600,0.0,0.0
2022-04-21 00:00:00-04:00,98.43849067991,99.05339241909866,92.3979877945893,93.70013427734375,1099100,0.0,0.0
2022-04-22 00:00:00-04:00,92.83202803140429,92.93149102699378,89.48623691105709,90.14635467529297,1549300,0.0,0.0
2022-04-25 00:00:00-04:00,89.20592354707188,93.15756515168596,88.51867882926616,93.01288604736328,1312900,0.0,0.0
2022-04-26 00:00:00-04:00,91.9639354607569,92.29851667735507,87.79526474958487,87.84952545166016,966000,0.0,0.0
2022-04-27 00:00:00-04:00,87.92187952157492,88.99795251222275,86.16759941218605,86.78250122070312,981700,0.0,0.0
2022-04-28 00:00:00-04:00,88.01231320881949,92.00917189482747,87.80432875275571,91.72885131835938,1356200,0.0,0.0
2022-04-29 00:00:00-04:00,90.24584159026321,91.30383223341757,87.02664665607982,87.18941497802734,895200,0.0,0.0
2022-05-02 00:00:00-04:00,87.29792727739904,90.42668992077685,85.95057152930197,90.18254089355469,1407600,0.0,0.0
2022-05-03 00:00:00-04:00,91.31286609633977,92.42511041634486,89.05219905680778,91.53893280029297,937400,0.0,0.0
2022-05-04 00:00:00-04:00,90.33624067731179,93.09424984979347,87.64152299603714,92.87722778320312,1044400,0.0,0.0
2022-05-05 00:00:00-04:00,91.12294720913205,91.57508053375592,87.00853809445903,88.0846176147461,1019700,0.0,0.0
2022-05-06 00:00:00-04:00,85.45321809696361,86.73727537980142,81.97179207281498,83.60851287841797,2042700,0.0,0.0
2022-05-09 00:00:00-04:00,82.42392242704364,84.82023089159782,80.57017267734874,81.1489028930664,2181500,0.0,0.0
2022-05-10 00:00:00-04:00,81.42922921442276,84.09681355134047,79.2137713846868,81.22124481201172,1783900,0.0,0.0
2022-05-11 00:00:00-04:00,81.17603411571186,82.36062841011423,78.43610659564365,78.51749420166016,1712800,0.0,0.0
2022-05-12 00:00:00-04:00,78.21003635001341,84.71171707828438,77.63130612958686,80.88666534423828,2620100,0.0,0.0
2022-05-13 00:00:00-04:00,82.08029853705419,84.91970277923976,81.3840161015271,81.70050811767578,1361100,0.0,0.0
2022-05-16 00:00:00-04:00,80.67869234199675,82.3425400938911,78.26430142203733,81.7457275390625,1217500,0.0,0.0
2022-05-17 00:00:00-04:00,83.5813669581712,84.42233522087233,78.95151921419198,83.61753845214844,2327100,0.0,0.0
2022-05-18 00:00:00-04:00,74.78288351384354,75.90417964170011,69.89984688218571,71.7264633178711,7543500,0.0,0.0
2022-05-19 00:00:00-04:00,69.62855774896097,73.43552092267885,69.62855774896097,71.67220306396484,3212400,0.0,0.0
2022-05-20 00:00:00-04:00,72.21475836833517,73.01955539288086,67.02426806531923,70.09877014160156,3165700,0.0,0.0
2022-05-23 00:00:00-04:00,69.78227943599838,70.98495614491654,66.60830738330223,68.06417083740234,4127700,0.0,0.0
2022-05-24 00:00:00-04:00,66.40030637169036,66.4364778688322,62.98217923037485,64.41996002197266,6184400,0.0,0.0
2022-05-25 00:00:00-04:00,57.88211467160038,73.51688708630358,57.37572406664307,70.6594009399414,38517300,0.0,0.0
2022-05-26 00:00:00-04:00,71.2200547908509,76.7179916677609,71.20196559148476,76.4828872680664,5313100,0.0,0.0
2022-05-27 00:00:00-04:00,76.41053431164934,78.508432729216,73.95092784298349,76.59138488769531,3863100,0.0,0.0
2022-05-31 00:00:00-04:00,76.13024284026072,76.62758556328403,71.97060901709918,73.45361328125,3149600,0.0,0.0
2022-06-01 00:00:00-04:00,73.42645763218405,73.90572480675515,70.85834336350244,72.04293060302734,2399800,0.0,0.0
2022-06-02 00:00:00-04:00,72.5764431094517,74.85519202713904,71.40089370729908,74.77381134033203,2419200,0.0,0.0
2022-06-03 00:00:00-04:00,74.41212931281822,75.153627947511,72.98338585360231,73.04668426513672,1607100,0.0,0.0
2022-06-06 00:00:00-04:00,73.571149895803,74.23126081875252,71.2471844169234,73.88764190673828,1256500,0.0,0.0
2022-06-07 00:00:00-04:00,72.29613965594734,74.07754664545031,71.02112684811101,73.57115936279297,1579600,0.0,0.0
2022-06-08 00:00:00-04:00,73.18231936156316,73.607325901834,71.2110172740791,72.766357421875,1654500,0.0,0.0
2022-06-09 00:00:00-04:00,72.8282290829369,73.61064406200508,71.64550682868888,72.96469116210938,1694700,0.488,0.0
2022-06-10 00:00:00-04:00,71.57270828818211,72.67354613637868,69.78043263064427,70.50826263427734,1855900,0.0,0.0
2022-06-13 00:00:00-04:00,67.8608000091927,69.43472972609852,66.35966163510706,66.93282318115234,1524400,0.0,0.0
2022-06-14 00:00:00-04:00,67.28762058588178,68.37936549827853,66.75085138330647,67.36040496826172,1800700,0.0,0.0
2022-06-15 00:00:00-04:00,67.92449328612145,69.18909279829379,66.15950967585096,67.96997833251953,2022800,0.0,0.0
2022-06-16 00:00:00-04:00,66.02302928386274,66.51431351163045,63.87593833633049,65.19512939453125,1923000,0.0,0.0
2022-06-17 00:00:00-04:00,65.75009694647306,67.39681096490061,64.876705002312,67.16936492919922,2424000,0.0,0.0
2022-06-21 00:00:00-04:00,68.47945265804135,69.05262113779399,67.46049881155218,68.50675201416016,1652200,0.0,0.0
2022-06-22 00:00:00-04:00,68.05184764406707,69.4438160876014,67.72432484075296,68.74327850341797,1236900,0.0,0.0
2022-06-23 00:00:00-04:00,68.93434550880053,70.97226710637939,68.52494539685172,70.82669830322266,1116400,0.0,0.0
2022-06-24 00:00:00-04:00,71.96391409772401,78.1049561903931,71.56361385163217,76.77667236328125,3622700,0.0,0.0
2022-06-27 00:00:00-04:00,76.03065794506855,76.89495007483308,72.90099837934095,73.32859802246094,2339200,0.0,0.0
2022-06-28 00:00:00-04:00,73.40138402535595,74.07462233932515,69.25277060583477,70.36270141601562,1840600,0.0,0.0
2022-06-29 00:00:00-04:00,69.7531383605533,70.80849114357498,68.23380073015936,69.58028411865234,2003700,0.0,0.0
2022-06-30 00:00:00-04:00,67.99726610777279,70.04428046575224,67.02379733517778,68.5704345703125,1979700,0.0,0.0
2022-07-01 00:00:00-04:00,68.76149298865676,70.49008439425366,67.61516292836156,69.91691589355469,2186800,0.0,0.0
2022-07-05 00:00:00-04:00,68.81607822232854,73.75620684162335,67.80621717731061,73.70162200927734,1310500,0.0,0.0
2022-07-06 00:00:00-04:00,73.58334506125587,73.81989090147104,70.59015415076946,71.82746124267578,1229900,0.0,0.0
2022-07-07 00:00:00-04:00,72.80093129864125,76.51285263657697,72.41882358649862,76.09435272216797,1630100,0.0,0.0
2022-07-08 00:00:00-04:00,76.00336541512766,77.22247279132479,75.43020392437704,76.37637329101562,971700,0.0,0.0
2022-07-11 00:00:00-04:00,77.82294560629599,78.932883502277,76.0670617255119,76.2126235961914,2068100,0.0,0.0
2022-07-12 00:00:00-04:00,76.74937733912076,79.60609848963205,76.42185455004676,77.05870056152344,2403400,0.0,0.0
2022-07-13 00:00:00-04:00,75.8032156555529,79.60611370805013,75.57576961638705,79.40596008300781,1721500,0.0,0.0
2022-07-14 00:00:00-04:00,78.21412907385935,79.30586706228979,77.85021409734894,78.92375946044922,1513100,0.0,0.0
2022-07-15 00:00:00-04:00,79.89724468185484,80.60687521632983,78.69632986787359,80.2884521484375,1560600,0.0,0.0
2022-07-18 00:00:00-04:00,80.87071168553958,82.55381095707313,80.87071168553958,81.12545013427734,1394600,0.0,0.0
2022-07-19 00:00:00-04:00,82.59019107643888,84.32788186220135,81.46206085083618,83.60005187988281,1280700,0.0,0.0
2022-07-20 00:00:00-04:00,83.70014086827454,86.54776272727887,83.1360722027568,86.41130065917969,1484800,0.0,0.0
2022-07-21 00:00:00-04:00,85.85633321472267,86.62054857326991,83.98217313528592,86.56596374511719,998900,0.0,0.0
2022-07-22 00:00:00-04:00,87.4757289008794,88.82220527094812,85.33773798899816,86.4385757446289,1317400,0.0,0.0
2022-07-25 00:00:00-04:00,86.53866652302267,86.66603574237068,83.95487605674472,85.03752136230469,1330600,0.0,0.0
2022-07-26 00:00:00-04:00,81.73500061035156,82.59929967422212,80.47040126048063,81.73500061035156,1412800,0.0,0.0
2022-07-27 00:00:00-04:00,82.62658783785537,83.56366430665553,80.38851988897596,83.10877227783203,830600,0.0,0.0
2022-07-28 00:00:00-04:00,82.8540380798629,85.13759812458305,81.68951553723169,84.9283447265625,1163800,0.0,0.0
2022-07-29 00:00:00-04:00,84.90105932375243,85.5652048286414,83.73653668497404,85.14669799804688,964500,0.0,0.0
2022-08-01 00:00:00-04:00,84.39157110935547,87.87603877401908,83.83660227904399,87.43934631347656,1219000,0.0,0.0
2022-08-02 00:00:00-04:00,86.99356214609409,86.99356214609409,85.0648172664955,85.09210968017578,1020900,0.0,0.0
2022-08-03 00:00:00-04:00,85.4833051389337,89.33169457297771,85.21037409934198,88.77672576904297,1585000,0.0,0.0
2022-08-04 00:00:00-04:00,88.54928289229086,89.71380536097926,87.77596784115573,88.09439086914062,930200,0.0,0.0
2022-08-05 00:00:00-04:00,87.2937904238799,90.12321981557245,86.72062888186178,88.74945068359375,1160600,0.0,0.0
2022-08-08 00:00:00-04:00,89.89576484817238,94.10806968042772,89.50455740688282,92.48865509033203,1509600,0.0,0.0
2022-08-09 00:00:00-04:00,91.70623807614872,91.7881153116518,88.48560159876249,89.24981689453125,1117900,0.0,0.0
2022-08-10 00:00:00-04:00,92.66151432113442,93.70776748221454,91.5515765471765,92.77069091796875,1364200,0.0,0.0
2022-08-11 00:00:00-04:00,94.10807305061905,97.00118687464465,93.88062701709849,95.62741088867188,1635900,0.0,0.0
2022-08-12 00:00:00-04:00,96.43712376373607,97.67443081259673,95.65470880810057,97.56525421142578,803400,0.0,0.0
2022-08-15 00:00:00-04:00,97.44696753399319,98.46592814142703,96.46439912051427,97.73809814453125,884000,0.0,0.0
2022-08-16 00:00:00-04:00,98.77523912342991,105.13462672964555,98.6387701483059,102.66911315917969,2157500,0.0,0.0
2022-08-17 00:00:00-04:00,100.84047123481554,103.4060691855134,100.2582099376805,102.13236999511719,1707600,0.0,0.0
2022-08-18 00:00:00-04:00,101.93221782764412,102.45989430479868,100.5948340056948,102.32342529296875,925800,0.0,0.0
2022-08-19 00:00:00-04:00,102.80558530748348,102.80558530748348,100.54022523846392,101.03150939941406,1178800,0.0,0.0
2022-08-22 00:00:00-04:00,99.01181150861966,101.24987970273119,98.29308119139283,100.41287994384766,2459100,0.0,0.0
2022-08-23 00:00:00-04:00,103.37877936408505,105.07097858403014,98.87535021039095,101.11341857910156,5546700,0.0,0.0
2022-08-24 00:00:00-04:00,100.62212420943668,101.48642330463841,97.54705632378425,98.31127166748047,2054500,0.0,0.0
2022-08-25 00:00:00-04:00,98.32036811717064,101.17708965644823,97.92006088913622,100.27640533447266,1237600,0.0,0.0
2022-08-26 00:00:00-04:00,99.69414198053943,100.15812686760107,96.35523604506366,97.1103515625,1102800,0.0,0.0
2022-08-29 00:00:00-04:00,96.2642561438314,98.40225439265588,95.40906378540365,96.94659423828125,951700,0.0,0.0
2022-08-30 00:00:00-04:00,98.28397520858869,99.62135894611279,97.43787571797762,98.5842056274414,1826400,0.0,0.0
2022-08-31 00:00:00-04:00,98.56600385268328,98.58420342129232,94.94506710287209,96.77373504638672,1415400,0.0,0.0
2022-09-01 00:00:00-04:00,95.87304679939156,99.2301523789643,95.09063191124667,98.99360656738281,1485400,0.0,0.0
2022-09-02 00:00:00-04:00,99.95798784525613,100.78588781889266,97.35600460050883,98.4659423828125,1261100,0.0,0.0
2022-09-06 00:00:00-04:00,99.41210379062277,100.03985702964708,95.20890576543863,96.22785949707031,1594400,0.0,0.0
2022-09-07 00:00:00-04:00,96.70094069609355,101.69565283527187,95.58190333933072,101.31354522705078,1639300,0.0,0.0
2022-09-08 00:00:00-04:00,100.03242241039251,103.6144714495017,99.59380088829731,103.51395416259766,1271400,0.488,0.0
2022-09-09 00:00:00-04:00,103.5596665951043,106.62999693433851,102.79208052446877,106.51119995117188,1456200,0.0,0.0
2022-09-12 00:00:00-04:00,107.32447024573278,109.48101193893696,106.65740845964943,107.61688232421875,1246000,0.0,0.0
2022-09-13 00:00:00-04:00,105.13136311818012,105.15877565599591,102.78292709937683,104.06222534179688,1289700,0.0,0.0
2022-09-14 00:00:00-04:00,104.29067965203217,105.19533529231988,102.46310264052201,104.78412628173828,1068400,0.0,0.0
2022-09-15 00:00:00-04:00,104.87550428152869,106.91325572745104,103.7606881549182,104.47344207763672,1562500,0.0,0.0
2022-09-16 00:00:00-04:00,102.83775371747383,103.12102590802243,100.99189713146308,102.01534271240234,2812100,0.0,0.0
2022-09-19 00:00:00-04:00,101.99707586703379,104.32723238159578,101.38483226765155,104.22671508789062,1215600,0.0,0.0
2022-09-20 00:00:00-04:00,103.1667333718421,103.30380305489406,100.05985076649685,102.00621795654297,836300,0.0,0.0
2022-09-21 00:00:00-04:00,102.80121157090102,103.44086076534751,99.09123229980469,99.09123229980469,1072100,0.0,0.0
2022-09-22 00:00:00-04:00,99.09123335009318,99.14605843258302,96.40469276163603,97.34589385986328,2145100,0.0,0.0
2022-09-23 00:00:00-04:00,95.89296724986987,96.5691687866008,94.04711057903694,95.454345703125,1309600,0.0,0.0
2022-09-26 00:00:00-04:00,95.06141774599013,96.68796018116862,93.29780563974145,93.42573547363281,1185800,0.0,0.0
2022-09-27 00:00:00-04:00,97.87589756428687,101.96053372427859,97.78452009856109,101.03760528564453,3186400,0.0,0.0
2022-09-28 00:00:00-04:00,101.13811076784602,107.37928785340026,101.13811076784602,106.67566680908203,2241900,0.0,0.0
2022-09-29 00:00:00-04:00,106.03602010955049,106.67566928134312,102.85603301005249,103.21240997314453,2082000,0.0,0.0
2022-09-30 00:00:00-04:00,96.90726521548213,99.26483405244542,91.2052204265066,95.61882019042969,6014700,0.0,0.0
2022-10-03 00:00:00-04:00,96.89812985645455,101.3117298243127,96.27675342016198,100.35224914550781,2427200,0.0,0.0
2022-10-04 00:00:00-04:00,102.80120217382986,103.61447334885061,98.40588189403765,100.5715560913086,2237000,0.0,0.0
2022-10-05 00:00:00-04:00,98.78969261563293,103.16674113475241,98.1591762091421,102.04277801513672,1710600,0.0,0.0
2022-10-06 00:00:00-04:00,101.53104314955944,103.81551445258857,100.84570175865069,102.4356918334961,1300900,0.0,0.0
2022-10-07 00:00:00-04:00,101.64982686660022,102.37172059035015,99.72173264824792,100.64466094970703,1144200,0.0,0.0
2022-10-10 00:00:00-04:00,100.55329146740402,101.01018573599184,97.79364618100782,100.18777465820312,1404600,0.0,0.0
2022-10-11 00:00:00-04:00,100.20605358783202,103.79723581943718,98.68916128100817,100.82742309570312,1305300,0.0,0.0
2022-10-12 00:00:00-04:00,100.76346535973347,103.91604019724689,99.42020198051792,102.09760284423828,1136400,0.0,0.0
2022-10-13 00:00:00-04:00,99.7126058511275,103.8977519759052,96.77020570011415,102.60017395019531,1434000,0.0,0.0
2022-10-14 00:00:00-04:00,104.00742655932635,104.45518105736606,100.24261471397155,100.4802017211914,1024200,0.0,0.0
2022-10-17 00:00:00-04:00,101.74122002002606,102.545358454962,100.01416011285326,100.72692108154297,1048700,0.0,0.0
2022-10-18 00:00:00-04:00,103.06621606904757,104.81154865350463,100.40708792146197,102.00621795654297,1046900,0.0,0.0
2022-10-19 00:00:00-04:00,101.2294780215575,101.5310298673052,98.92673431687564,99.70345306396484,999000,0.0,0.0
2022-10-20 00:00:00-04:00,104.2632716397946,104.30896385572768,98.42416339219767,99.18260955810547,1623100,0.0,0.0
2022-10-21 00:00:00-04:00,98.30537238244315,100.77259864114163,96.19451612342223,100.45277404785156,1989600,0.0,0.0
2022-10-24 00:00:00-04:00,100.64465846632595,104.98515356678243,99.99586950896129,104.46429443359375,1698500,0.0,0.0
2022-10-25 00:00:00-04:00,104.73843344213374,107.90014060611031,104.63791615605956,105.0217056274414,1319600,0.0,0.0
2022-10-26 00:00:00-04:00,104.09878694145365,105.74360907269191,102.20724497635624,102.28034973144531,946900,0.0,0.0
2022-10-27 00:00:00-04:00,102.81948215475367,104.04396240814928,101.0375973129186,101.49449157714844,1314400,0.0,0.0
2022-10-28 00:00:00-04:00,100.95537112787552,106.5477530936901,99.38365356541779,106.20965576171875,1486000,0.0,0.0
2022-10-31 00:00:00-04:00,105.96291525528729,106.6848090180032,103.916030935827,103.95258331298828,1085400,0.0,0.0
2022-11-01 00:00:00-04:00,106.72136794212787,107.82705127538723,104.16275715710134,105.68878936767578,1516700,0.0,0.0
2022-11-02 00:00:00-04:00,105.10392983492024,106.46547945566266,101.61325872022564,101.7320556640625,1192600,0.0,0.0
2022-11-03 00:00:00-04:00,101.32088363234584,103.43174016769862,99.51158599821964,102.93829345703125,885900,0.0,0.0
2022-11-04 00:00:00-04:00,104.12620060975242,104.8755069284001,99.06381826892124,100.60811614990234,1169600,0.0,0.0
2022-11-07 00:00:00-05:00,101.01931086781704,101.43051286102516,97.85759685439236,98.7074203491211,943400,0.0,0.0
2022-11-08 00:00:00-05:00,99.20088582441191,99.54812994600704,93.10591768064926,94.40349578857422,1838500,0.0,0.0
2022-11-09 00:00:00-05:00,93.37090283692739,96.8524345534072,93.00538606754087,93.36176300048828,1752400,0.0,0.0
2022-11-10 00:00:00-05:00,98.19571426012305,103.10276115917368,97.71140745635006,101.4853515625,1904800,0.0,0.0
2022-11-11 00:00:00-05:00,101.8417226559748,102.07016977451369,97.95812164081373,99.1094970703125,1781300,0.0,0.0
2022-11-14 00:00:00-05:00,98.07692104916939,99.46587649698242,95.74675759332538,95.92037963867188,1946600,0.0,0.0
2022-11-15 00:00:00-05:00,99.21001553902212,100.95535489179079,97.63829822933488,97.88502502441406,1696600,0.0,0.0
2022-11-16 00:00:00-05:00,93.38918539690948,93.62677236783979,89.67920617937065,90.49247741699219,3166600,0.0,0.0
2022-11-17 00:00:00-05:00,89.92592381221166,94.2572790698632,89.56040704153396,93.5810775756836,2674300,0.0,0.0
2022-11-18 00:00:00-05:00,96.40469816578411,100.03244005582846,96.16711117558735,99.68519592285156,2702100,0.0,0.0
2022-11-21 00:00:00-05:00,99.47500736097743,99.50241989794827,96.20364316384537,97.72053527832031,3202800,0.0,0.0
2022-11-22 00:00:00-05:00,98.30537453036939,108.04635691233642,96.18538535925745,107.60774230957031,6418100,0.0,0.0
2022-11-23 00:00:00-05:00,108.14685827117528,109.36219854475311,105.54256266468876,108.72254943847656,1975100,0.0,0.0
2022-11-25 00:00:00-05:00,108.20168871215012,111.63752810583001,107.63513738952894,111.19891357421875,1121100,0.0,0.0
2022-11-28 00:00:00-05:00,110.75115387766179,111.93908161406384,107.8818587923886,108.72254943847656,1585700,0.0,0.0
2022-11-29 00:00:00-05:00,108.15602144087349,109.21601261304878,105.62482306356125,107.90016174316406,1334400,0.0,0.0
2022-11-30 00:00:00-05:00,108.96928398343965,109.52669555358197,107.361014192292,109.27083587646484,1364700,0.0,0.0
2022-12-01 00:00:00-05:00,109.91962642363035,110.52272324634995,104.95775427729738,107.3792953491211,1419200,0.0,0.0
2022-12-02 00:00:00-05:00,106.5660227665482,108.93273175478838,106.0908488184032,108.90531921386719,1122900,0.0,0.0
2022-12-05 00:00:00-05:00,107.45237933668925,107.9549657674601,104.47343404122805,105.29584503173828,1505300,0.0,0.0
2022-12-06 00:00:00-05:00,106.05430581400778,106.95896157428868,103.32207977146153,106.52033996582031,1885800,0.0,0.0
2022-12-07 00:00:00-05:00,105.36894062278157,109.39875090686321,105.04911606967644,108.28392791748047,1523100,0.0,0.0
2022-12-08 00:00:00-05:00,108.7317180401131,112.99840711013807,108.44727443560559,111.85144805908203,1992900,0.488,0.0
2022-12-09 00:00:00-05:00,110.50259838244568,112.47536890917324,107.50215725610632,109.42904663085938,1644100,0.0,0.0
2022-12-12 00:00:00-05:00,109.7869157075395,112.30104784855281,108.08024017372874,112.28269958496094,1561900,0.0,0.0
2022-12-13 00:00:00-05:00,113.7783154583337,114.83351897759995,105.07060601766528,105.37339782714844,2277700,0.0,0.0
2022-12-14 00:00:00-05:00,105.823010836889,108.65828969546001,105.60278970187835,107.3461685180664,1740600,0.0,0.0
2022-12-15 00:00:00-05:00,105.97902695791122,106.09830819102324,101.84997395955105,104.19894409179688,1352500,0.0,0.0
2022-12-16 00:00:00-05:00,103.244650146339,104.28150548112647,101.95088413631005,102.60235595703125,2038900,0.0,0.0
2022-12-19 00:00:00-05:00,102.69413187283618,104.14388990582616,100.51950182383423,101.14344787597656,1528900,0.0,0.0
2022-12-20 00:00:00-05:00,100.66629509598488,101.5379881226276,99.48263258645757,99.79460906982422,1457500,0.0,0.0
2022-12-21 00:00:00-05:00,102.80422796661135,104.92380591801671,102.47390322087519,102.96021270751953,1614200,0.0,0.0
2022-12-22 00:00:00-05:00,101.51044986073892,101.62973806887436,97.7300777360634,99.86800384521484,1151800,0.0,0.0
2022-12-23 00:00:00-05:00,99.2073874473058,102.17112615850594,98.61096725140226,101.94173431396484,1098500,0.0,0.0
2022-12-27 00:00:00-05:00,102.19865232714609,108.5573945544803,101.84997924270552,108.51152038574219,2091500,0.0,0.0
2022-12-28 00:00:00-05:00,108.62159962476255,109.96124685981543,104.52008023410927,105.50187683105469,1411700,0.0,0.0
2022-12-29 00:00:00-05:00,106.29097827395731,109.2271974365169,105.8413723179946,108.68582916259766,990200,0.0,0.0
2022-12-30 00:00:00-05:00,108.5757223661383,110.64024845033968,107.28194932647416,110.37415313720703,1296600,0.0,0.0
2023-01-03 00:00:00-05:00,110.64941363050714,113.09014548559985,108.77758290013466,110.63106536865234,1754400,0.0,0.0
2023-01-04 00:00:00-05:00,111.2641990693909,114.75095018012897,111.13574022323373,113.65904998779297,1455400,0.0,0.0
2023-01-05 00:00:00-05:00,112.72312305110617,114.76930087715603,112.10835474031984,114.73259735107422,1227800,0.0,0.0
2023-01-06 00:00:00-05:00,115.62266946281089,118.9809624899651,115.47585531930417,117.52203369140625,1682600,0.0,0.0
2023-01-09 00:00:00-05:00,117.44859058564654,119.45806480535192,116.5769046275863,117.7880859375,1151600,0.0,0.0
2023-01-10 00:00:00-05:00,117.35684679855834,118.67813881206769,116.57691607520917,117.88903045654297,756400,0.0,0.0
2023-01-11 00:00:00-05:00,118.47625888737238,119.07268590000854,116.3108069824952,116.92557525634766,930700,0.0,0.0
2023-01-12 00:00:00-05:00,117.82480550263172,120.31140473168067,117.4394219648383,117.9991455078125,1291500,0.0,0.0
2023-01-13 00:00:00-05:00,116.18235264303837,119.21949060589876,115.57675497636988,118.04500579833984,813900,0.0,0.0
2023-01-17 00:00:00-05:00,117.14579530237873,118.68731538095751,116.25575405484008,116.2924575805664,718400,0.0,0.0
2023-01-18 00:00:00-05:00,116.145645553825,117.1090868114868,112.92498306282656,114.19122314453125,1091700,0.0,0.0
2023-01-19 00:00:00-05:00,112.90664975394499,113.3837816303841,109.39236560464701,110.4108657836914,1584000,0.0,0.0
2023-01-20 00:00:00-05:00,110.39250756087382,113.87008808795602,109.59422857740638,112.90664672851562,1280400,0.0,0.0
2023-01-23 00:00:00-05:00,113.76916039702265,115.68687957341726,113.63152391060004,115.62265014648438,799800,0.0,0.0
2023-01-24 00:00:00-05:00,115.15468640373417,116.11813478738465,114.52156278016487,115.17303466796875,564400,0.0,0.0
2023-01-25 00:00:00-05:00,113.75995844950202,115.14547956343597,111.64037394322378,114.99867248535156,851300,0.0,0.0
2023-01-26 00:00:00-05:00,115.741930308405,116.32917277798273,113.32873100374907,115.60429382324219,656500,0.0,0.0
2023-01-27 00:00:00-05:00,115.70522807435167,116.79713533492315,115.12716323077515,115.82451629638672,898000,0.0,0.0
2023-01-30 00:00:00-05:00,115.61346673183077,118.43040474488666,115.558414940208,116.46680450439453,886000,0.0,0.0
2023-01-31 00:00:00-05:00,117.61376158212018,120.04532315793587,116.02637418421693,119.98108673095703,1446600,0.0,0.0
2023-02-01 00:00:00-05:00,119.82509830717571,123.75228483650895,119.65075829753822,123.43114471435547,1236500,0.0,0.0
2023-02-02 00:00:00-05:00,124.63315492108079,125.39473738003772,121.77952035839625,123.03658294677734,1221900,0.0,0.0
2023-02-03 00:00:00-05:00,121.31155667257963,125.01852172514351,121.31155667257963,124.55973815917969,888400,0.0,0.0
2023-02-06 00:00:00-05:00,125.5231845140003,127.01880939534472,122.58697253726176,123.715576171875,752900,0.0,0.0
2023-02-07 00:00:00-05:00,123.46781912932914,123.56875206414945,120.88945797732902,123.24761199951172,647600,0.0,0.0
2023-02-08 00:00:00-05:00,121.66022617020889,122.66955564481931,120.19212711736903,121.10050964355469,625000,0.0,0.0
2023-02-09 00:00:00-05:00,122.40344405707104,122.4493252117079,119.07268504506773,119.09102630615234,910400,0.0,0.0
2023-02-10 00:00:00-05:00,118.320293779539,119.52230463375798,117.35685236983458,118.62309265136719,844300,0.0,0.0
2023-02-13 00:00:00-05:00,119.34796976501164,119.78839809092747,117.06322244757588,119.17362976074219,1021900,0.0,0.0
2023-02-14 00:00:00-05:00,118.3478168479533,120.2013065640973,117.46696015184064,118.7607192993164,743800,0.0,0.0
2023-02-15 00:00:00-05:00,117.55869851565917,120.9445235317665,117.09992194216356,120.66007995605469,785000,0.0,0.0
2023-02-16 00:00:00-05:00,119.34797350815381,120.64173263116837,118.71484989425069,119.29290771484375,707400,0.0,0.0
2023-02-17 00:00:00-05:00,118.84330602320436,120.08201332552088,118.10924947314783,119.4213638305664,820800,0.0,0.0
2023-02-21 00:00:00-05:00,117.61376814671945,119.67829454281214,117.09076207354478,118.95342254638672,817100,0.0,0.0
2023-02-22 00:00:00-05:00,119.54065317765982,122.15572528670803,118.4579306068168,118.6506118774414,1003600,0.0,0.0
2023-02-23 00:00:00-05:00,118.49462038716871,119.74251226274234,117.5862238744838,119.24703216552734,846900,0.0,0.0
2023-02-24 00:00:00-05:00,117.68715783612805,118.54050256770601,116.82464947386184,117.69634246826172,598400,0.0,0.0
2023-02-27 00:00:00-05:00,118.90753758514774,120.68762030554012,118.46710922164779,119.06352233886719,1124700,0.0,0.0
2023-02-28 00:00:00-05:00,116.10894578670957,120.32058256513872,116.00801284209595,118.02666473388672,1386400,0.0,0.0
2023-03-01 00:00:00-05:00,116.75124188074021,118.41204317794288,116.54937598822526,118.08171844482422,844400,0.0,0.0
2023-03-02 00:00:00-05:00,117.44858520704462,118.97174990667945,116.76040990309708,118.8341064453125,860600,0.0,0.0
2023-03-03 00:00:00-05:00,119.99942925273241,121.88961531788479,118.49461970563371,121.21979522705078,1430800,0.0,0.0
2023-03-06 00:00:00-05:00,121.66023215330117,123.43114413657902,120.93536022295176,121.24732971191406,2251100,0.0,0.0
2023-03-07 00:00:00-05:00,128.4593923781311,134.78142905727347,127.40419582683865,134.68966674804688,9217700,0.0,0.0
2023-03-08 00:00:00-05:00,136.25872539732927,137.80023152984646,134.60710168322947,137.3873291015625,3454900,0.0,0.0
2023-03-09 00:00:00-05:00,137.83695903277547,140.0299442896144,136.95608827644995,137.02032470703125,2295400,0.0,0.0
2023-03-10 00:00:00-05:00,137.4332419332201,137.85532909113877,133.5060546418399,134.21258544921875,1983600,0.0,0.0
2023-03-13 00:00:00-04:00,132.54259452046895,135.38705876878925,131.92782610570885,133.1298370361328,1963600,0.0,0.0
2023-03-14 00:00:00-04:00,134.6988660449848,138.6719336505089,132.3131857549775,136.64410400390625,1653800,0.0,0.0
2023-03-15 00:00:00-04:00,134.44194722697034,135.91923094783192,132.2856587520915,134.6162872314453,1504900,0.0,0.0
2023-03-16 00:00:00-04:00,133.17504407264687,135.96511843347815,133.03647005516007,135.52166748046875,1627400,1.0,0.0
2023-03-17 00:00:00-04:00,134.65323376936803,135.20755803777104,132.51910930100445,133.64622497558594,2111700,0.0,0.0
2023-03-20 00:00:00-04:00,134.7179021279125,135.48469710935393,132.27888678598015,132.8054962158203,1300400,0.0,0.0
2023-03-21 00:00:00-04:00,134.86572522034828,136.68573927084176,134.43150781152684,135.47547912597656,1269500,0.0,0.0
2023-03-22 00:00:00-04:00,134.87497474663314,135.99284282531437,131.3458058172568,131.4566650390625,1376200,0.0,0.0
2023-03-23 00:00:00-04:00,132.05717674541614,133.38754370827223,127.01287102742876,129.1931915283203,1720500,0.0,0.0
2023-03-24 00:00:00-04:00,127.493280543787,128.61116261212712,125.8210883226177,127.88130187988281,1764700,0.0,0.0
2023-03-27 00:00:00-04:00,127.74271987599356,127.90900868232603,123.1418655420895,124.7216796875,1933700,0.0,0.0
2023-03-28 00:00:00-04:00,125.10972895700898,128.48184284182204,124.86952926183564,126.73572540283203,1341400,0.0,0.0
2023-03-29 00:00:00-04:00,126.86507048508157,128.56497765554687,126.393890602959,127.68730926513672,1364100,0.0,0.0
2023-03-30 00:00:00-04:00,128.26932479707898,129.23015162910846,126.2737743893729,126.6710433959961,990000,0.0,0.0
2023-03-31 00:00:00-04:00,126.98518200830479,131.15182023065978,126.6063941522626,131.08714294433594,1690100,0.0,0.0
2023-04-03 00:00:00-04:00,130.72680909240117,136.0575104845449,130.72680909240117,135.96511840820312,2638200,0.0,0.0
2023-04-04 00:00:00-04:00,134.88418051583542,135.5401303361143,131.80771087132828,132.1495361328125,1361400,0.0,0.0
2023-04-05 00:00:00-04:00,131.18874954560988,131.39200084872644,128.82365885158362,129.331787109375,880400,0.0,0.0
2023-04-06 00:00:00-04:00,128.22314254581937,128.63889283158073,125.5162264373189,127.4378662109375,1159900,0.0,0.0
2023-04-10 00:00:00-04:00,126.92050801657172,129.08234753765294,126.12598399210768,126.66182708740234,1186000,0.0,0.0
2023-04-11 00:00:00-04:00,128.20464942145713,129.78444943775997,127.67804001798947,128.4818115234375,1128200,0.0,0.0
2023-04-12 00:00:00-04:00,127.9552226887832,128.98994633232167,126.68028527295733,127.19764709472656,1188900,0.0,0.0
2023-04-13 00:00:00-04:00,127.12372328636803,127.58565539991291,124.34288294071632,127.40087127685547,1178200,0.0,0.0
2023-04-14 00:00:00-04:00,127.41939143226885,129.37797968094702,127.23462134981776,128.82366943359375,1203400,0.0,0.0
2023-04-17 00:00:00-04:00,129.1008176196227,129.70132384679613,127.85359502835212,129.52578735351562,1482800,0.0,0.0
2023-04-18 00:00:00-04:00,130.26487432263434,131.9093517501489,130.12630030792016,131.7061004638672,988500,0.0,0.0
2023-04-19 00:00:00-04:00,131.5305959570947,133.39680635890002,130.73607185312255,133.11964416503906,1173500,0.0,0.0
2023-04-20 00:00:00-04:00,132.50062312463638,136.59334951754988,132.18651262954674,135.0966796875,1253500,0.0,0.0
2023-04-21 00:00:00-04:00,134.97657549263445,137.63729500437475,134.69016572739798,137.5726318359375,994100,0.0,0.0
2023-04-24 00:00:00-04:00,137.21236250939364,139.77145708088133,137.18464770154748,137.9791717529297,1325800,0.0,0.0
2023-04-25 00:00:00-04:00,137.82209716311223,138.07154452134102,134.4038013865993,134.71792602539062,1343400,0.0,0.0
2023-04-26 00:00:00-04:00,135.16137044967147,136.343915805617,133.8864330108651,134.1266326904297,1082900,0.0,0.0
2023-04-27 00:00:00-04:00,134.6070782397893,135.06901057012288,132.21427215195487,133.59083557128906,1006500,0.0,0.0
2023-04-28 00:00:00-04:00,133.10115326453976,134.25598378527582,132.22347079113854,133.96957397460938,654200,0.0,0.0
2023-05-01 00:00:00-04:00,134.13585704967375,134.59778918960814,129.30405081313418,130.9669952392578,1030700,0.0,0.0
2023-05-02 00:00:00-04:00,130.9392871710306,132.2696540579721,129.1931841561826,131.9093475341797,871200,0.0,0.0
2023-05-03 00:00:00-04:00,131.91858531877938,134.01576135611248,131.25341595109995,131.7061004638672,735000,0.0,0.0
2023-05-04 00:00:00-04:00,131.57674688366978,131.7338021170189,129.2578526542682,130.1817169189453,664600,0.0,0.0
2023-05-05 00:00:00-04:00,131.04094760129746,131.42896903016364,128.92530393263436,130.81922912597656,686400,0.0,0.0
2023-05-08 00:00:00-04:00,130.9670176294349,131.01321367073606,129.27634401659074,130.3018341064453,653800,0.0,0.0
2023-05-09 00:00:00-04:00,129.2209135725605,130.93006841031402,128.592692525484,130.3110809326172,716600,0.0,0.0
2023-05-10 00:00:00-04:00,131.63219143699283,132.30662257669616,127.5487126148966,129.0269012451172,850300,0.0,0.0
2023-05-11 00:00:00-04:00,129.37793580689183,129.92302639629636,127.53020741486678,128.7220001220703,1201300,0.0,0.0
2023-05-12 00:00:00-04:00,131.84468190111886,132.06640031343724,128.57419434891614,129.34100341796875,1529000,0.0,0.0
2023-05-15 00:00:00-04:00,128.7866962699092,128.8790883519933,126.62485688084578,127.54872131347656,2069800,0.0,0.0
2023-05-16 00:00:00-04:00,125.42382907960032,125.77490207164357,121.19252832764329,121.41426086425781,2183500,0.0,0.0
2023-05-17 00:00:00-04:00,122.47670761570834,125.71023294551094,122.12563464027322,125.14667510986328,1529700,0.0,0.0
2023-05-18 00:00:00-04:00,125.13743224288552,126.03358185356167,123.20655899804812,125.56241607666016,949200,0.0,0.0
2023-05-19 00:00:00-04:00,119.54804765792453,119.84369103235305,116.6748358600887,117.0259017944336,3950900,0.0,0.0
2023-05-22 00:00:00-04:00,117.33076829148825,118.52254705804593,115.52923569224957,116.77645111083984,3282000,0.0,0.0
2023-05-23 00:00:00-04:00,118.90134865756754,120.46268179107643,114.20812273625748,115.09503173828125,4968900,0.0,0.0
2023-05-24 00:00:00-04:00,115.58467197167694,118.52255390365175,113.86628367844871,114.42060089111328,2488600,0.0,0.0
2023-05-25 00:00:00-04:00,114.68852193990115,114.97491763810396,112.33266498496123,113.0440444946289,1905900,0.0,0.0
2023-05-26 00:00:00-04:00,112.3788665139522,116.71179286184362,112.3788665139522,115.8618392944336,1950300,0.0,0.0
2023-05-30 00:00:00-04:00,116.5639687080999,118.92905929733145,116.40691345302379,117.70032501220703,2042000,0.0,0.0
2023-05-31 00:00:00-04:00,117.96825969729944,118.97526861419873,116.49007086553551,117.80196380615234,5506400,0.0,0.0
2023-06-01 00:00:00-04:00,118.0052119897925,118.69810329456065,116.36072731054415,116.61941528320312,1457700,0.0,0.0
2023-06-02 00:00:00-04:00,118.86439657997126,119.39099195525667,118.00520240969732,118.63343048095703,1347000,0.0,0.0
2023-06-05 00:00:00-04:00,117.79271355709102,120.06542623313085,117.70956914257857,117.81118774414062,984900,0.0,0.0
2023-06-06 00:00:00-04:00,116.8688547545306,124.5646474351512,116.40692252229925,124.2320556640625,1852100,0.0,0.0
2023-06-07 00:00:00-04:00,124.96190625257876,128.16771717116433,123.91794896144884,125.10049438476562,1537200,0.0,0.0
2023-06-08 00:00:00-04:00,123.96412418111474,125.59013462272428,123.28047351548587,124.69398498535156,1044000,0.0,0.0
2023-06-09 00:00:00-04:00,125.26676446073255,125.99662519523748,124.35214777176357,125.38687133789062,852800,0.0,0.0
2023-06-12 00:00:00-04:00,125.867304451718,125.867304451718,123.94566460164748,125.09124755859375,1029300,0.0,0.0
2023-06-13 00:00:00-04:00,126.07976701706242,127.11449056195988,124.67548927966513,124.73091888427734,1137800,0.0,0.0
2023-06-14 00:00:00-04:00,124.68473131844291,125.5808667143186,124.02878146701389,124.7216796875,1004800,0.0,0.0
2023-06-15 00:00:00-04:00,124.55417213752928,125.82930738124753,122.86948647254327,125.71762084960938,1152000,1.0,0.0
2023-06-16 00:00:00-04:00,125.71763805565183,126.06201437683825,123.80957906624761,125.74555969238281,1463600,0.0,0.0
2023-06-20 00:00:00-04:00,125.78274747360675,126.40635418422423,124.1353003710784,126.1922836303711,1003600,0.0,0.0
2023-06-21 00:00:00-04:00,127.20685172986202,127.30923580477719,125.83863463884,127.03932189941406,842500,0.0,0.0
2023-06-22 00:00:00-04:00,127.49536146263429,127.87697605404962,125.42907538503785,126.16438293457031,789800,0.0,0.0
2023-06-23 00:00:00-04:00,125.85724603196451,126.76008349079635,125.01956852690205,125.25225830078125,1265600,0.0,0.0
2023-06-26 00:00:00-04:00,125.60592992063916,128.07244990414083,125.35462100258108,126.23885345458984,960700,0.0,0.0
2023-06-27 00:00:00-04:00,125.81995672650919,128.76115768496615,124.87059305943524,128.32369995117188,1246500,0.0,0.0
2023-06-28 00:00:00-04:00,128.33304039265963,128.33304039265963,125.10330590579507,126.49012756347656,1084200,0.0,0.0
2023-06-29 00:00:00-04:00,125.87582566926724,128.44471485352696,123.30692228275527,123.92122650146484,1469300,0.0,0.0
2023-06-30 00:00:00-04:00,124.22839574803525,124.23769822454058,120.39367349421879,123.03702545166016,2062900,0.0,0.0
2023-07-03 00:00:00-04:00,122.67403039352364,123.79093827434507,121.9666445139418,122.72987365722656,730400,0.0,0.0
2023-07-05 00:00:00-04:00,122.65542055687838,122.65542055687838,121.22205793800526,122.2645034790039,1330000,0.0,0.0
2023-07-06 00:00:00-04:00,120.71942728700208,121.83633513392945,119.80728753560768,120.00273895263672,838800,0.0,0.0
2023-07-07 00:00:00-04:00,120.03997600811087,122.49717892658269,120.03997600811087,121.61296081542969,988500,0.0,0.0
2023-07-10 00:00:00-04:00,121.61297559310667,125.74554786775951,121.58505395900134,125.7269287109375,1090600,0.0,0.0
2023-07-11 00:00:00-04:00,126.18300844425845,128.43544359133958,125.3825551108118,128.1468963623047,960000,0.0,0.0
2023-07-12 00:00:00-04:00,129.51511459045173,130.86472655874914,128.1748335042435,129.55235290527344,1234400,0.0,0.0
2023-07-13 00:00:00-04:00,130.259691796753,130.399314138723,127.58841857363682,128.3423309326172,888900,0.0,0.0
2023-07-14 00:00:00-04:00,128.45403473917156,129.0962606728457,125.29876253646091,125.58729553222656,960100,0.0,0.0
2023-07-17 00:00:00-04:00,125.43838907376569,125.81998945382841,123.66063605080352,124.4238510131836,986000,0.0,0.0
2023-07-18 00:00:00-04:00,124.20976177189465,126.04335778470521,123.59545754174185,124.44245147705078,1026600,0.0,0.0
2023-07-19 00:00:00-04:00,125.12191518152541,126.48082945787692,123.409322172024,126.08991241455078,810000,0.0,0.0
2023-07-20 00:00:00-04:00,126.2946843901949,126.2946843901949,122.34826132337328,122.72057342529297,915700,0.0,0.0
2023-07-21 00:00:00-04:00,123.44653958301372,123.44653958301372,120.48671932427148,122.3854751586914,909200,0.0,0.0
2023-07-24 00:00:00-04:00,122.33897002932945,123.42795639775848,121.54781916740595,121.9015121459961,736700,0.0,0.0
2023-07-25 00:00:00-04:00,121.62225847003226,123.04631838892726,121.62225847003226,121.93871307373047,679200,0.0,0.0
2023-07-26 00:00:00-04:00,121.80841608797981,123.874702039661,121.63156961969791,122.99978637695312,855400,0.0,0.0
2023-07-27 00:00:00-04:00,122.99977985433469,127.2905788432908,122.99977985433469,124.86129760742188,840000,0.0,0.0
2023-07-28 00:00:00-04:00,125.9409716618115,127.38365065035129,124.81476146075788,125.90374755859375,757000,0.0,0.0
2023-07-31 00:00:00-04:00,126.40635874669286,131.36730518427856,125.98752009934013,131.23699951171875,1311700,0.0,0.0
2023-08-01 00:00:00-04:00,131.2649539766126,132.28879466158583,129.6175064025217,130.57618713378906,1009100,0.0,0.0
2023-08-02 00:00:00-04:00,130.11080129999553,131.33010758491724,129.0404340738135,129.5058135986328,951500,0.0,0.0
2023-08-03 00:00:00-04:00,130.1107767251388,135.38819203779602,130.1107767251388,135.15550231933594,1506900,0.0,0.0
2023-08-04 00:00:00-04:00,136.049040291139,136.76572869232038,134.28990636260662,134.91351318359375,879100,0.0,0.0
2023-08-07 00:00:00-04:00,135.15551384124416,136.6819579563803,134.699436841371,135.74188232421875,924600,0.0,0.0
2023-08-08 00:00:00-04:00,135.05312896681772,137.14733659874958,133.90828523573845,135.4440460205078,811900,0.0,0.0
2023-08-09 00:00:00-04:00,135.32302808579715,136.57955820911351,134.46673165153268,135.24856567382812,650900,0.0,0.0
2023-08-10 00:00:00-04:00,135.93734541402193,138.43177254488353,134.70873680168407,134.72735595703125,1111000,0.0,0.0
2023-08-11 00:00:00-04:00,134.1689135590128,134.5412257064225,130.120120147008,130.93917846679688,1361700,0.0,0.0
2023-08-14 00:00:00-04:00,132.60520149185717,135.44401854642143,132.38181427695238,134.93209838867188,1220100,0.0,0.0
2023-08-15 00:00:00-04:00,134.5225731800481,138.54345816115148,134.28988347148203,138.0036163330078,1400500,0.0,0.0
2023-08-16 00:00:00-04:00,138.97159723755047,140.34911631546848,136.28170481398803,136.37478637695312,900300,0.0,0.0
2023-08-17 00:00:00-04:00,137.407915198855,138.89712063839724,133.84310757569753,134.30848693847656,993800,0.0,0.0
2023-08-18 00:00:00-04:00,133.64768161078666,137.08218459852685,133.56391670919675,136.46788024902344,1140500,0.0,0.0
2023-08-21 00:00:00-04:00,136.90533595580527,139.36253911279408,135.76980885576256,136.85879516601562,2301200,0.0,0.0
2023-08-22 00:00:00-04:00,108.6661035772578,109.82024264620819,102.43932414916394,103.80754089355469,19286500,0.0,0.0
2023-08-23 00:00:00-04:00,101.22933666187792,103.59346504316767,98.762824236826,103.45384979248047,7025900,0.0,0.0
2023-08-24 00:00:00-04:00,102.94193247233261,106.48812869468516,102.94193247233261,105.68767547607422,3633400,0.0,0.0
2023-08-25 00:00:00-04:00,106.32990899092081,108.34966147132963,103.88201531242318,103.93785858154297,3431100,0.0,0.0
2023-08-28 00:00:00-04:00,104.98030019502204,108.32172133334659,104.71037925414278,108.10765075683594,2626700,0.0,0.0
2023-08-29 00:00:00-04:00,108.24726655158743,109.11287264174909,105.55737380819708,107.38166046142578,2009500,0.0,0.0
2023-08-30 00:00:00-04:00,107.40956967013864,108.79639832907087,106.274042769098,106.8324966430664,1552100,0.0,0.0
2023-08-31 00:00:00-04:00,107.64226606382363,110.57415796072284,107.38165471318844,108.28448486328125,2051200,0.0,0.0
2023-09-01 00:00:00-04:00,108.43340397466199,109.35485323042313,107.48403309010904,108.58232879638672,1567400,0.0,0.0
2023-09-05 00:00:00-04:00,107.74463499326362,108.1169399138514,104.22636805101678,104.28221130371094,1868600,0.0,0.0
2023-09-06 00:00:00-04:00,103.85408504482608,104.74761278210589,102.96055730754628,104.05885314941406,1970000,0.0,0.0
2023-09-07 00:00:00-04:00,104.07747314153525,104.07747314153525,101.75057559580146,103.3700942993164,2103100,0.0,0.0
2023-09-08 00:00:00-04:00,102.87679106918097,104.77554028012328,102.55102683961117,103.68655395507812,1299000,0.0,0.0
2023-09-11 00:00:00-04:00,104.56144637886712,106.09719991008782,103.05362157824715,103.1187744140625,1281800,0.0,0.0
2023-09-12 00:00:00-04:00,103.1373877568032,104.2356835036622,102.84885478045834,102.9605484008789,1309500,0.0,0.0
2023-09-13 00:00:00-04:00,103.69586101808144,104.87792179416984,102.78371409628396,103.20255279541016,1266800,0.0,0.0
2023-09-14 00:00:00-04:00,103.51249404771934,107.61693000681392,103.2401166020091,107.20366668701172,1701900,1.0,0.0
2023-09-15 00:00:00-04:00,106.64013287166017,107.1567048678438,105.40974435145993,106.05780792236328,3578500,0.0,0.0
2023-09-18 00:00:00-04:00,105.99206327058612,106.04842192160794,103.17437435511238,103.67216491699219,1839400,0.0,0.0
2023-09-19 00:00:00-04:00,103.7003425872087,106.16111952967336,103.56884385196908,105.77603912353516,1542600,0.0,0.0
2023-09-20 00:00:00-04:00,105.86995784349992,106.55559141397136,104.86498249434429,105.08100128173828,1325800,0.0,0.0
2023-09-21 00:00:00-04:00,104.67714172722373,105.54123845203037,103.81305216817063,104.01968383789062,1516900,0.0,0.0
2023-09-22 00:00:00-04:00,104.64895647593468,105.02464973531292,103.9069642592447,103.94453430175781,1384900,0.0,0.0
2023-09-25 00:00:00-04:00,103.31524258165307,103.79425162185136,100.76053725493183,100.89202880859375,1988800,0.0,0.0
2023-09-26 00:00:00-04:00,100.4975535883469,103.01468886204961,99.55832411555862,99.78373718261719,1335700,0.0,0.0
2023-09-27 00:00:00-04:00,99.55833760102355,101.11746217660111,99.06994136194993,99.7367935180664,1051100,0.0,0.0
2023-09-28 00:00:00-04:00,98.98540750380586,100.17823311505137,98.27159099755086,100.11248016357422,1696200,0.0,0.0
2023-09-29 00:00:00-04:00,102.64839660370288,103.27767867153642,101.02352635737985,101.9815444946289,1883100,0.0,0.0
2023-10-02 00:00:00-04:00,101.96277233752168,102.33846564477179,99.75558401033878,99.84011840820312,1437600,0.0,0.0
2023-10-03 00:00:00-04:00,98.6191107180181,99.50198885939193,97.18209053693325,97.88651275634766,1493700,0.0,0.0
2023-10-04 00:00:00-04:00,98.33734751834129,98.8914967720113,97.3041962731434,98.2340316772461,977900,0.0,0.0
2023-10-05 00:00:00-04:00,97.86773512497774,98.2716041960249,95.43513356072579,96.00806427001953,1228900,0.0,0.0
2023-10-06 00:00:00-04:00,96.77823144925883,98.01801439611049,95.60419429634045,97.20088195800781,1113400,0.0,0.0
2023-10-09 00:00:00-04:00,96.76882295807764,97.59534957863544,95.75445328689473,97.5765609741211,1274200,0.0,0.0
2023-10-10 00:00:00-04:00,98.75059975323872,100.5820946103222,98.29977355722733,100.41304016113281,1927800,0.0,0.0
2023-10-11 00:00:00-04:00,100.4036496045769,102.20696878740728,99.8025432103001,102.10365295410156,1525900,0.0,0.0
2023-10-12 00:00:00-04:00,102.21636077403949,102.21636077403949,98.09314333527921,99.13568878173828,1170600,0.0,0.0
2023-10-13 00:00:00-04:00,99.62408161220476,101.63403234717029,98.81634359732108,100.7981185913086,1353300,0.0,0.0
2023-10-16 00:00:00-04:00,101.78430816242283,104.61138392772868,100.84507861935047,103.70972442626953,1218400,0.0,0.0
2023-10-17 00:00:00-04:00,103.43736266513203,105.91692846112879,103.43736266513203,104.60201263427734,1290400,0.0,0.0
2023-10-18 00:00:00-04:00,104.25448816965577,104.53625992290213,102.65780067660202,103.3810043334961,687200,0.0,0.0
2023-10-19 00:00:00-04:00,103.09923805640139,104.536265475382,101.84067373409285,102.19757843017578,900600,0.0,0.0
2023-10-20 00:00:00-04:00,102.21636433344354,102.93956800962638,101.17381885068068,102.66719055175781,642100,0.0,0.0
2023-10-23 00:00:00-04:00,101.25833836481823,101.79369893687449,99.49258934040085,99.50198364257812,1165100,0.0,0.0
2023-10-24 00:00:00-04:00,100.18762569924706,101.68100457868029,99.45502771398887,100.33790588378906,696900,0.0,0.0
2023-10-25 00:00:00-04:00,100.59150035741634,101.60587016248033,99.56774341460927,100.72299194335938,783300,0.0,0.0
2023-10-26 00:00:00-04:00,100.7887329205274,101.54011951780318,96.78761971243173,97.98043823242188,1238300,0.0,0.0
2023-10-27 00:00:00-04:00,98.07436386870314,98.78818044940317,94.84341856305551,94.8809814453125,1246100,0.0,0.0
2023-10-30 00:00:00-04:00,96.37435184243532,99.18264639868723,96.03622860611198,98.86331176757812,1120800,0.0,0.0
2023-10-31 00:00:00-04:00,98.7599982444275,100.8638706351374,98.74120963877412,100.45060729980469,1252400,0.0,0.0
2023-11-01 00:00:00-04:00,100.24398724422042,101.33348995057688,97.67988705606699,101.1926040649414,1117800,0.0,0.0
2023-11-02 00:00:00-04:00,102.37603092701731,104.72410503084798,102.37603092701731,103.88819122314453,967000,0.0,0.0
2023-11-03 00:00:00-04:00,105.193721564752,110.62246783469809,105.193721564752,108.26499938964844,1719600,0.0,0.0
2023-11-06 00:00:00-05:00,108.4340381879973,109.23238896084284,106.4992277952705,107.56055450439453,754700,0.0,0.0
2023-11-07 00:00:00-05:00,106.66830285965327,107.29758495697222,105.53183593045317,107.02520751953125,1082700,0.0,0.0
2023-11-08 00:00:00-05:00,106.71526863744988,107.7672011925817,105.45669726016318,105.74785614013672,951500,0.0,0.0
2023-11-09 00:00:00-05:00,106.59318418917958,106.59318418917958,103.65339759983013,105.35340118408203,1183000,0.0,0.0
2023-11-10 00:00:00-05:00,105.64454283371107,106.41471077732847,103.40917192081335,105.73846435546875,868000,0.0,0.0
2023-11-13 00:00:00-05:00,104.47051260007312,104.78984722768793,103.39039711617885,103.7660903930664,932200,0.0,0.0
2023-11-14 00:00:00-05:00,105.66332539411117,109.20421767883145,104.8837631403117,107.00642395019531,1619600,0.0,0.0
2023-11-15 00:00:00-05:00,109.10092424959349,111.86225466597774,109.10092424959349,110.66004180908203,2317700,0.0,0.0
2023-11-16 00:00:00-05:00,109.78656358326825,110.48159158349434,107.84235831079144,108.34014892578125,938100,0.0,0.0
2023-11-17 00:00:00-05:00,110.73516660294918,112.05947655690541,109.69262121765776,110.90422821044922,1575400,0.0,0.0
2023-11-20 00:00:00-05:00,110.82908611573947,112.98931693175413,110.55670868827656,111.7777099609375,2439000,0.0,0.0
2023-11-21 00:00:00-05:00,121.8650449857577,125.68771647445352,114.10700620414552,114.200927734375,7566300,0.0,0.0
2023-11-22 00:00:00-05:00,114.50148118605418,115.25286054829702,112.81086508094003,114.3887710571289,1691100,0.0,0.0
2023-11-24 00:00:00-05:00,115.2998270303796,116.06060070890437,114.18214151985308,115.78822326660156,938000,0.0,0.0
2023-11-27 00:00:00-05:00,114.81142009339816,114.99927030597132,112.5572677027906,114.04125213623047,1832100,0.0,0.0
2023-11-28 00:00:00-05:00,113.27110103517626,117.38493173080502,113.07386365693782,117.06558990478516,1833700,0.0,0.0
2023-11-29 00:00:00-05:00,117.1783080148443,120.34351491680206,117.15951940663733,120.17444610595703,2053900,0.0,0.0
2023-11-30 00:00:00-05:00,120.70038547150388,122.428578752062,118.56833752543879,122.19377136230469,1741500,0.0,0.0
2023-12-01 00:00:00-05:00,122.77612165331958,129.93304820449026,122.77612165331958,129.8673095703125,2016000,0.0,0.0
2023-12-04 00:00:00-05:00,129.79212387775817,133.84958777095787,129.44461355692636,132.57223510742188,2109400,0.0,0.0
2023-12-05 00:00:00-05:00,131.53910447751727,131.79270047488038,128.1860480250132,128.843505859375,1294500,0.0,0.0
2023-12-06 00:00:00-05:00,130.35570741981323,131.87726955543846,129.69824937677043,129.99880981445312,1002300,0.0,0.0
2023-12-07 00:00:00-05:00,130.5247245250395,130.93798779733152,128.1484750408651,129.0970916748047,909700,0.0,0.0
2023-12-08 00:00:00-05:00,128.83412216006454,130.38385959473231,128.27998013714074,129.69821166992188,794100,0.0,0.0
2023-12-11 00:00:00-05:00,129.8485040158812,132.58166584015342,129.6136965945143,130.46839904785156,1567400,0.0,0.0
2023-12-12 00:00:00-05:00,131.13525695278796,131.13525695278796,128.72144387691813,129.28497314453125,781800,0.0,0.0
2023-12-13 00:00:00-05:00,129.84846908527368,132.93852761334006,128.59929221986275,132.7600860595703,1289800,0.0,0.0
2023-12-14 00:00:00-05:00,135.10599377999927,137.95321280894973,134.50060448889414,137.51809692382812,1777200,1.0,0.0
2023-12-15 00:00:00-05:00,137.53699120221603,138.1707713589145,135.843797934119,136.85592651367188,1696000,0.0,0.0
2023-12-18 00:00:00-05:00,137.33839861237092,137.33839861237092,134.51008702501446,134.66143798828125,976100,0.0,0.0
2023-12-19 00:00:00-05:00,135.08707428194546,138.75725505905635,134.90734685140987,138.03834533691406,1855900,0.0,0.0
2023-12-20 00:00:00-05:00,137.41404770136953,139.93018842270797,136.62893096804268,137.80186462402344,838700,0.0,0.0
2023-12-21 00:00:00-05:00,139.05995478348356,139.70318909521166,137.1019042170138,138.8707733154297,885400,0.0,0.0
2023-12-22 00:00:00-05:00,135.06815943289186,137.8207951711433,133.22361491939054,135.0870819091797,1380900,0.0,0.0
2023-12-26 00:00:00-05:00,135.4181878837374,138.73836868451087,134.98305744218425,138.62486267089844,1102600,0.0,0.0
2023-12-27 00:00:00-05:00,137.61268518186304,139.5139970406251,136.96946535256424,139.4572296142578,1264100,0.0,0.0
2023-12-28 00:00:00-05:00,138.5869785583585,140.78152375903926,138.43564206083715,139.42884826660156,842100,0.0,0.0
2023-12-29 00:00:00-05:00,139.04103403723977,140.65855203998564,138.6532026813086,139.00318908691406,988300,0.0,0.0
2024-01-02 00:00:00-05:00,137.9248258097684,140.0342269305918,137.02620317894736,138.10455322265625,920700,0.0,0.0
2024-01-03 00:00:00-05:00,136.36405831702237,136.7045906628678,131.25607312934088,131.34121704101562,1314000,0.0,0.0
2024-01-04 00:00:00-05:00,130.44258676875904,132.27767703703492,129.64801606505773,131.02906799316406,1302200,0.0,0.0
2024-01-05 00:00:00-05:00,130.8777327475263,134.25466585961777,130.8777327475263,131.41690063476562,812500,0.0,0.0
2024-01-08 00:00:00-05:00,132.22094895556418,132.8925597889608,130.57503981617933,132.28717041015625,1042700,0.0,0.0
2024-01-09 00:00:00-05:00,131.54932208407533,134.4249173588968,130.86825738647747,133.4033203125,1169700,0.0,0.0
2024-01-10 00:00:00-05:00,133.4033444506942,134.31143568967536,132.72227962986346,132.7506561279297,780200,0.0,0.0
2024-01-11 00:00:00-05:00,133.3938971917073,133.3938971917073,130.00749539246206,132.28717041015625,1222200,0.0,0.0
2024-01-12 00:00:00-05:00,132.69388847802261,134.51952477585647,132.18309713561806,133.22360229492188,985100,0.0,0.0
2024-01-16 00:00:00-05:00,132.060102171854,136.53430685862716,131.93712775718456,135.0397491455078,1616700,0.0,0.0
2024-01-17 00:00:00-05:00,133.46011268386195,134.56683953566088,132.19258084678856,134.1884765625,700000,0.0,0.0
2024-01-18 00:00:00-05:00,134.89787778836345,136.20325419417122,133.39386593256975,136.12757873535156,1059000,0.0,0.0
2024-01-19 00:00:00-05:00,136.40191578952675,139.19238211289235,135.162760585273,138.56808471679688,1176900,0.0,0.0
2024-01-22 00:00:00-05:00,139.220754582317,144.78277902497462,138.91806713139687,144.03550720214844,1949100,0.0,0.0
2024-01-23 00:00:00-05:00,144.9719598251666,146.16383044808614,140.88558543784026,142.12474060058594,1286200,0.0,0.0
2024-01-24 00:00:00-05:00,143.2314638616159,143.2314638616159,140.86665958223324,142.63552856445312,870400,0.0,0.0
2024-01-25 00:00:00-05:00,143.76119313243697,145.20845235198067,143.31660872553178,144.867919921875,1046200,0.0,0.0
2024-01-26 00:00:00-05:00,145.38816032917435,146.778666363027,144.16792770437482,144.75439453125,729600,0.0,0.0
2024-01-29 00:00:00-05:00,144.9152023218448,146.01247496373298,141.92608626992305,143.77064514160156,843000,0.0,0.0
2024-01-30 00:00:00-05:00,143.8368677509889,145.5206074137887,143.26932332661465,144.8017120361328,649100,0.0,0.0
2024-01-31 00:00:00-05:00,144.37605487623503,145.15170327857538,140.89505500393315,141.00857543945312,807700,0.0,0.0
2024-02-01 00:00:00-05:00,142.0206840840522,144.60304629497392,141.68015169321265,144.3287353515625,864300,0.0,0.0
2024-02-02 00:00:00-05:00,143.30716769746977,148.67999715561223,141.91666135125993,147.52598571777344,761300,0.0,0.0
2024-02-05 00:00:00-05:00,145.2273663749772,148.31106611046187,144.1773926460794,147.9894561767578,744700,0.0,0.0
2024-02-06 00:00:00-05:00,147.9610738171517,149.93804674930973,147.3556844932596,148.4529571533203,746900,0.0,0.0
2024-02-07 00:00:00-05:00,149.40832834590802,150.02318610580252,147.76243383955128,150.0137176513672,857800,0.0,0.0
2024-02-08 00:00:00-05:00,150.86505343341096,151.45152025428615,148.17862490166854,151.319091796875,813400,0.0,0.0
2024-02-09 00:00:00-05:00,154.15687152592602,154.5352344592857,151.52721016830031,153.40013122558594,797100,0.0,0.0
2024-02-12 00:00:00-05:00,155.1595120511362,158.016199198576,155.12168153959644,157.42971801757812,917500,0.0,0.0
2024-02-13 00:00:00-05:00,153.2392889592047,157.6378183318091,151.64067925265894,156.5878448486328,824300,0.0,0.0
2024-02-14 00:00:00-05:00,158.48914531129583,159.19858641436016,155.43382300217797,157.9026641845703,932200,0.0,0.0
2024-02-15 00:00:00-05:00,159.03783115488602,161.32696009683852,158.82025875647375,160.97695922851562,842000,0.0,0.0
2024-02-16 00:00:00-05:00,159.57697791886457,161.44044470596074,159.24591400475038,160.0026397705078,769400,0.0,0.0
2024-02-20 00:00:00-05:00,158.59325645002951,159.40674979588164,156.37033439054363,157.4486846923828,1063800,0.0,0.0
2024-02-21 00:00:00-05:00,158.05406078233395,159.09458047445494,156.45545072517552,157.10813903808594,1044800,0.0,0.0
2024-02-22 00:00:00-05:00,158.45134607317345,160.06887860551058,156.78652900055295,159.7472686767578,1239300,0.0,0.0
2024-02-23 00:00:00-05:00,159.9648118626099,163.95660240659524,159.68103247901672,163.33229064941406,789000,0.0,0.0
2024-02-26 00:00:00-05:00,163.17148037460882,167.20110130253997,163.17148037460882,166.02816772460938,886400,0.0,0.0
2024-02-27 00:00:00-05:00,166.36872514306128,168.09976371020764,165.82954280726554,167.5227508544922,757800,0.0,0.0
2024-02-28 00:00:00-05:00,166.78490709127445,168.65782785886202,166.78490709127445,167.87271118164062,571000,0.0,0.0
2024-02-29 00:00:00-05:00,168.21325128198623,168.84701706498575,166.69977084577118,168.27000427246094,1132700,0.0,0.0
2024-03-01 00:00:00-05:00,168.922702788506,171.4956110261478,168.60109286720578,171.43885803222656,793000,0.0,0.0
2024-03-04 00:00:00-05:00,170.13346604936788,171.1266866540146,168.0997403051636,170.00103759765625,1359300,0.0,0.0
2024-03-05 00:00:00-05:00,170.22807258923913,173.42527806603132,169.41457936372217,171.10777282714844,923800,0.0,0.0
2024-03-06 00:00:00-05:00,175.903608112795,179.83863146960402,169.17810415554146,170.81454467773438,2217600,0.0,0.0
2024-03-07 00:00:00-05:00,172.81045637667137,174.409066531985,171.268599220118,172.31857299804688,919800,0.0,0.0
2024-03-08 00:00:00-05:00,172.8482760560653,173.93609472068175,170.5591471700518,171.31588745117188,1492700,0.0,0.0
2024-03-11 00:00:00-04:00,170.69156368993274,171.62803134605724,168.57270837144074,170.71994018554688,955000,0.0,0.0
2024-03-12 00:00:00-04:00,171.87398147655446,174.74012326419134,171.02265766317305,172.3942413330078,1292700,0.0,0.0
2024-03-13 00:00:00-04:00,172.39420894968313,179.46024434774228,172.39420894968313,177.60623168945312,2248500,0.0,0.0
2024-03-14 00:00:00-04:00,197.5841145220155,210.86484784491986,197.5841145220155,205.08526611328125,6651300,0.0,0.0
2024-03-15 00:00:00-04:00,204.48934719172485,206.1920091468906,198.5300519990743,200.04351806640625,5246800,0.0,0.0
2024-03-18 00:00:00-04:00,200.08134405879917,202.33262768778027,197.27195570738297,201.51913452148438,1386400,0.0,0.0
2024-03-19 00:00:00-04:00,201.6988874142681,204.5839515913351,200.54486174344132,203.33534240722656,897000,0.0,0.0
2024-03-20 00:00:00-04:00,204.5177398518051,207.74332192253172,203.37316822865571,207.45008850097656,1850200,0.0,0.0
2024-03-21 00:00:00-04:00,206.18256045576956,212.56753212747802,204.1582885327505,212.52023315429688,1620300,0.0,0.0
2024-03-22 00:00:00-04:00,206.85415459335482,210.48650496405168,206.4663376580962,209.27572631835938,1206600,0.0,0.0
2024-03-25 00:00:00-04:00,209.50273457075355,212.44455164206548,208.0743979964739,208.19737243652344,1520500,0.0,0.0
2024-03-26 00:00:00-04:00,209.07709116545556,211.39459665399426,206.50418275333115,206.72174072265625,1430100,0.0,0.0
2024-03-27 00:00:00-04:00,209.78298628938808,212.4639721816212,209.41221118173982,211.6178436279297,1114500,1.1,0.0
2024-03-28 00:00:00-04:00,211.67488655760255,213.852013493378,211.17101305857386,213.7759552001953,833300,0.0,0.0
2024-04-01 00:00:00-04:00,211.9696224254402,214.66011025791525,210.7717224154413,210.91433715820312,1100300,0.0,0.0
2024-04-02 00:00:00-04:00,209.72597650698887,210.72420728263742,206.2368689429384,206.31292724609375,1234800,0.0,0.0
2024-04-03 00:00:00-04:00,206.43653516817446,206.43653516817446,200.4660958548168,200.7798309326172,1545100,0.0,0.0
2024-04-04 00:00:00-04:00,202.38649640039657,203.6794584086555,197.99422050843532,198.46957397460938,1420800,0.0,0.0
2024-04-05 00:00:00-04:00,199.71503854577324,202.44356315885923,198.1653813998187,198.46009826660156,1699600,0.0,0.0
2024-04-08 00:00:00-04:00,198.09878595752164,199.92414140802603,196.44456528715222,197.3192138671875,1322700,0.0,0.0
2024-04-09 00:00:00-04:00,197.11955712959394,197.61392875930088,193.51638450838314,196.69174194335938,981000,0.0,0.0
2024-04-10 00:00:00-04:00,194.60022585000945,196.43508346941567,192.07134164836646,196.23544311523438,724200,0.0,0.0
2024-04-11 00:00:00-04:00,197.16712239362715,197.8326143863723,194.105844720362,197.21466064453125,613400,0.0,0.0
2024-04-12 00:00:00-04:00,195.34174659679115,195.5984415199321,191.59595911478687,193.11709594726562,700300,0.0,0.0
2024-04-15 00:00:00-04:00,196.31146858584626,197.26217546445275,188.37306034682763,188.74383544921875,925700,0.0,0.0
2024-04-16 00:00:00-04:00,188.11641366694812,190.94953133647726,188.11641366694812,188.90550231933594,815000,0.0,0.0
2024-04-17 00:00:00-04:00,190.65477003896825,191.15865808091368,187.07061519447544,187.22271728515625,954700,0.0,0.0
2024-04-18 00:00:00-04:00,188.1068502648582,188.72480388955188,185.3688100061798,185.59698486328125,786300,0.0,0.0
2024-04-19 00:00:00-04:00,185.1026244528131,187.17517297023394,182.75437732636175,185.46389770507812,716400,0.0,0.0
2024-04-22 00:00:00-04:00,186.98504102093278,189.90371839957137,185.80617365529088,188.876953125,677500,0.0,0.0
2024-04-23 00:00:00-04:00,190.89243335600517,196.26393608122757,190.30299971615187,195.93118286132812,949500,0.0,0.0
2024-04-24 00:00:00-04:00,195.65550578975223,197.2051483533636,193.43085486532527,195.3512725830078,572700,0.0,0.0
2024-04-25 00:00:00-04:00,192.53717803498733,194.17239517040363,190.55018945906508,194.1438751220703,542500,0.0,0.0
2024-04-26 00:00:00-04:00,193.94419962669303,197.4713284636079,193.94419962669303,196.910400390625,595200,0.0,0.0
2024-04-29 00:00:00-04:00,196.9864740609143,198.22239597793134,193.2787228164997,195.474853515625,912600,0.0,0.0
2024-04-30 00:00:00-04:00,194.16285329101947,194.7332831959686,190.25544761003272,191.0350341796875,678800,0.0,0.0
2024-05-01 00:00:00-04:00,191.044567474255,191.7290776702198,188.2304828967442,188.35406494140625,977200,0.0,0.0
2024-05-02 00:00:00-04:00,190.66426932120578,190.66426932120578,187.6505302265445,189.37130737304688,591400,0.0,0.0
2024-05-03 00:00:00-04:00,192.0522961482452,193.78258967394999,191.1586438454853,192.74632263183594,692800,0.0,0.0
2024-05-06 00:00:00-04:00,193.2407001426657,197.26220120878781,193.2407001426657,195.50338745117188,792200,0.0,0.0
2024-05-07 00:00:00-04:00,195.4653314906321,197.22413043510807,192.59419278102285,192.6892547607422,695200,0.0,0.0
2024-05-08 00:00:00-04:00,191.1301116251277,191.1301116251277,185.22622981236384,186.4811553955078,1445600,0.0,0.0
2024-05-09 00:00:00-04:00,186.54771777522524,190.5882222885901,186.49067767962785,188.23997497558594,878400,0.0,0.0
2024-05-10 00:00:00-04:00,188.58222683055007,189.55195195903104,184.8459410598173,186.4241180419922,1002300,0.0,0.0
2024-05-13 00:00:00-04:00,187.99280507161558,190.35055434052518,184.37059926094886,184.73187255859375,694700,0.0,0.0
2024-05-14 00:00:00-04:00,186.7949245801485,190.68332759494268,186.27203278044374,190.60726928710938,859300,0.0,0.0
2024-05-15 00:00:00-04:00,191.40585914427257,192.00480924988577,188.6107779935962,191.16818237304688,604000,0.0,0.0
2024-05-16 00:00:00-04:00,190.36004874647722,190.99702066288293,187.13715276269005,187.2132110595703,679400,0.0,0.0
2024-05-17 00:00:00-04:00,187.2227201262168,187.40335677494338,182.89701493745378,184.95053100585938,890300,0.0,0.0
2024-05-20 00:00:00-04:00,185.6255444208934,186.98504848726873,183.85722879518428,184.1804656982422,806700,0.0,0.0
2024-05-21 00:00:00-04:00,184.4181419486734,184.59877860184184,178.63784158047181,179.2177734375,1070700,0.0,0.0
2024-05-22 00:00:00-04:00,178.81845817607115,178.89451646922336,173.82724692771805,174.68289184570312,1108500,0.0,0.0
2024-05-23 00:00:00-04:00,176.29910816259402,178.770937655268,175.95685306279145,177.4019317626953,958100,0.0,0.0
2024-05-24 00:00:00-04:00,178.36213541150954,181.83221005304233,178.36213541150954,180.60580444335938,893900,0.0,0.0
2024-05-28 00:00:00-04:00,182.4787020891284,186.12941345128542,182.01285044136458,185.3878631591797,2280800,0.0,0.0
2024-05-29 00:00:00-04:00,202.47204560199896,218.24426927579896,201.8350737325413,214.88827514648438,5103300,0.0,0.0
2024-05-30 00:00:00-04:00,216.07667467801832,217.23653831885122,209.65940275831483,213.1104736328125,2355900,0.0,0.0
2024-05-31 00:00:00-04:00,213.90906427976054,216.4569519488849,208.72771429075593,216.41893005371094,2510400,0.0,0.0
2024-06-03 00:00:00-04:00,217.28409003323114,218.1016986420831,209.2030804483649,211.38970947265625,1165500,0.0,0.0
2024-06-04 00:00:00-04:00,209.29810856749,210.14423708915248,205.57133943237906,209.69741821289062,1290100,0.0,0.0
2024-06-05 00:00:00-04:00,210.11571425075581,210.11571425075581,204.01217805653738,206.41746520996094,831300,0.0,0.0
2024-06-06 00:00:00-04:00,208.50907138549496,208.50907138549496,200.52312368302876,201.8160858154297,815700,0.0,0.0
2024-06-07 00:00:00-04:00,201.5783981071865,208.50906005659616,201.09354277386896,208.2523651123047,1194400,0.0,0.0
2024-06-10 00:00:00-04:00,205.35268719680198,208.12874956070317,201.64493614729182,205.5618438720703,1142900,0.0,0.0
2024-06-11 00:00:00-04:00,204.050233063902,208.2333377539829,201.99670261314816,208.1097412109375,815300,0.0,0.0
2024-06-12 00:00:00-04:00,210.05869385217142,213.652364896792,209.06044867163536,210.9808807373047,790300,0.0,0.0
2024-06-13 00:00:00-04:00,210.98090641195247,212.41646883245494,207.56787159024552,209.53582763671875,815000,0.0,0.0
2024-06-14 00:00:00-04:00,207.52930438673582,208.33190041868414,205.28394539882794,206.6502685546875,721200,1.1,0.0
2024-06-17 00:00:00-04:00,209.1727237018873,219.8167216639733,208.10259565897488,215.59352111816406,1555900,0.0,0.0
2024-06-18 00:00:00-04:00,214.3705049462434,218.16374422242507,213.739887554873,217.5331268310547,662300,0.0,0.0
2024-06-20 00:00:00-04:00,218.0968845871572,224.03039527739426,215.77508556450093,219.29122924804688,1159500,0.0,0.0
2024-06-21 00:00:00-04:00,218.38354226141053,220.32315693127657,215.70820715764256,219.1192626953125,2445500,0.0,0.0
2024-06-24 00:00:00-04:00,217.85801348948445,221.1257386996693,217.20829699853184,219.54920959472656,785800,0.0,0.0
2024-06-25 00:00:00-04:00,220.6479688403174,220.6479688403174,214.8673532409333,214.9151153564453,849800,0.0,0.0
2024-06-26 00:00:00-04:00,214.4660826820354,217.49493891061772,213.38639047237908,216.12860107421875,693700,0.0,0.0
2024-06-27 00:00:00-04:00,214.67627804194512,215.01070037612743,209.81291012007463,210.3384246826172,794400,0.0,0.0
2024-06-28 00:00:00-04:00,206.526057496651,211.0550173609037,203.8507373196931,205.28395080566406,1508500,0.0,0.0
2024-07-01 00:00:00-04:00,206.46873710235803,206.49740020653223,193.015637719122,193.37872314453125,1616200,0.0,0.0
2024-07-02 00:00:00-04:00,193.0251987114774,193.62713846888522,188.35292327377925,189.37527465820312,1189900,0.0,0.0
2024-07-03 00:00:00-04:00,189.375254408918,193.65578086561177,189.375254408918,191.21932983398438,611500,0.0,0.0
2024-07-05 00:00:00-04:00,190.79893338822052,193.20673608961206,189.43259563812325,192.33724975585938,877500,0.0,0.0
2024-07-08 00:00:00-04:00,193.65581234413952,194.9170472953402,189.9772395619425,192.12705993652344,936300,0.0,0.0
2024-07-09 00:00:00-04:00,192.7863383891085,195.21324028135027,191.29579861189202,192.0124053955078,759800,0.0,0.0
2024-07-10 00:00:00-04:00,194.37240678010696,195.6431911591639,190.03455369274252,190.16831970214844,1041800,0.0,0.0
2024-07-11 00:00:00-04:00,190.99002055286817,201.23272033635163,189.738349826949,200.7836456298828,1342100,0.0,0.0
2024-07-12 00:00:00-04:00,206.29675276145068,214.90558318909314,205.42726641385195,211.7811737060547,1969300,0.0,0.0
2024-07-15 00:00:00-04:00,210.4435138253391,213.0041815925018,204.78709967545296,205.9241180419922,1446000,0.0,0.0
2024-07-16 00:00:00-04:00,207.74905833958127,217.13183598395304,205.35081976717677,216.38656616210938,1063300,0.0,0.0
2024-07-17 00:00:00-04:00,212.94686740843756,213.84501691101414,202.92393651376645,204.2615966796875,1289400,0.0,0.0
2024-07-18 00:00:00-04:00,205.69480530827988,213.0041885025825,204.42402089147527,206.37319946289062,1058600,0.0,0.0
2024-07-19 00:00:00-04:00,206.49740696026194,206.49740696026194,201.62448955904662,202.66595458984375,767700,0.0,0.0
2024-07-22 00:00:00-04:00,203.47810178051458,203.47810178051458,194.5252849845932,196.9235382080078,1167400,0.0,0.0
2024-07-23 00:00:00-04:00,195.88208333158016,196.8280095971614,193.77049003386287,195.51901245117188,761700,0.0,0.0
2024-07-24 00:00:00-04:00,193.96153648585684,195.26098381593314,191.33397872558044,192.43276977539062,1036300,0.0,0.0
2024-07-25 00:00:00-04:00,193.18762981833558,197.74525288818597,190.1396600704319,193.69403076171875,979800,0.0,0.0
2024-07-26 00:00:00-04:00,195.8533918525743,201.76778837415767,194.85013951854816,199.6275177001953,922000,0.0,0.0
2024-07-29 00:00:00-04:00,200.60211274115895,201.7773437256479,197.31527412429077,198.5287322998047,673200,0.0,0.0
2024-07-30 00:00:00-04:00,199.0733411838866,202.42705519177466,199.0733411838866,200.43011474609375,769900,0.0,0.0
2024-07-31 00:00:00-04:00,203.8794142832345,208.92432493046425,200.6690152732335,206.71717834472656,1124900,0.0,0.0
2024-08-01 00:00:00-04:00,207.01334312188348,209.14404958778627,195.10811095369138,196.81842041015625,1031000,0.0,0.0
2024-08-02 00:00:00-04:00,191.1811133645587,191.2480036560914,186.7954837664887,190.1396484375,933100,0.0,0.0
2024-08-05 00:00:00-04:00,181.51170893119877,190.78936925331965,178.24398398411287,188.87841796875,901000,0.0,0.0
2024-08-06 00:00:00-04:00,190.24474355809662,192.43277622413362,183.8812726881753,188.1427001953125,1221000,0.0,0.0
2024-08-07 00:00:00-04:00,190.34033039596306,193.12075374553896,184.35904287569073,186.02157592773438,958500,0.0,0.0
2024-08-08 00:00:00-04:00,189.0504424254562,192.61436307824644,187.93253748866368,191.6493377685547,633000,0.0,0.0
2024-08-09 00:00:00-04:00,191.1238010957174,198.49052508022163,189.5663710556791,197.90768432617188,749700,0.0,0.0
2024-08-12 00:00:00-04:00,197.33437443280724,198.6242723241175,194.01887293561182,195.39476013183594,631600,0.0,0.0
2024-08-13 00:00:00-04:00,196.32158682143162,206.2012017371001,196.32158682143162,205.6661376953125,1029100,0.0,0.0
2024-08-14 00:00:00-04:00,206.602505289127,207.81596350307873,203.66920248901633,204.29981994628906,740100,0.0,0.0
2024-08-15 00:00:00-04:00,213.63481911241036,217.58093861920466,211.18880352890497,214.14122009277344,1247700,0.0,0.0
2024-08-16 00:00:00-04:00,212.2015955628105,219.60653226743236,211.49455287279952,214.6380615234375,890000,0.0,0.0
2024-08-19 00:00:00-04:00,214.59986691348695,218.99504677214915,214.33233486032506,216.5108184814453,766000,0.0,0.0
2024-08-20 00:00:00-04:00,216.89295857857113,218.04909045553407,212.51687863393357,214.59982299804688,593100,0.0,0.0
2024-08-21 00:00:00-04:00,219.75939653351674,225.7311192654058,219.72118392296917,224.96673583984375,1255800,0.0,0.0
2024-08-22 00:00:00-04:00,224.26925194454068,226.9636857708629,222.84558793803382,224.6800994873047,806000,0.0,0.0
2024-08-23 00:00:00-04:00,226.61970364118977,228.64532189718153,224.03992234792034,228.53065490722656,663500,0.0,0.0
2024-08-26 00:00:00-04:00,228.00515344298165,228.00515344298165,222.0525297920423,224.5845489501953,856900,0.0,0.0
2024-08-27 00:00:00-04:00,222.7787071735703,227.85228056788472,221.77545482014395,225.77890014648438,694800,0.0,0.0
2024-08-28 00:00:00-04:00,224.32657496712775,226.21841269741893,223.0749041814452,224.50811767578125,698500,0.0,0.0
2024-08-29 00:00:00-04:00,226.6006056220702,228.04336858568743,223.00800789530751,224.59410095214844,802500,0.0,0.0
2024-08-30 00:00:00-04:00,226.0655435652908,226.79169980731277,221.71812646222727,226.40951538085938,1086900,0.0,0.0
2024-09-03 00:00:00-04:00,225.4922383431842,228.358665101784,219.97914012857845,221.7849884033203,2109600,0.0,0.0
2024-09-04 00:00:00-04:00,207.30000866674337,211.6091987083304,198.2516528667048,210.94036865234375,3673600,0.0,0.0
2024-09-05 00:00:00-04:00,209.02943893882423,210.3097729755714,201.5289482891069,205.26486206054688,1363200,0.0,0.0
2024-09-06 00:00:00-04:00,205.48457267546115,206.15340265507874,197.7452293466289,198.77713012695312,1295300,0.0,0.0
2024-09-09 00:00:00-04:00,199.38863462166918,199.9714753015869,196.0731478122684,198.1942901611328,1262900,0.0,0.0
2024-09-10 00:00:00-04:00,198.42362521823114,198.61471743112998,195.0985740597075,197.71656799316406,921000,0.0,0.0
2024-09-11 00:00:00-04:00,196.8470999789017,199.14978524411018,193.34050604868628,199.0064697265625,883500,0.0,0.0
2024-09-12 00:00:00-04:00,199.26444357479627,202.8952538486428,199.26444357479627,201.31871032714844,619800,0.0,0.0
2024-09-13 00:00:00-04:00,202.646838545572,208.3988063654097,202.646838545572,207.2904510498047,743200,0.0,0.0
2024-09-16 00:00:00-04:00,207.56754891270205,209.296957618628,201.29006648707443,202.87615966796875,1012300,0.0,0.0
2024-09-17 00:00:00-04:00,204.08961280452527,204.81576907887737,202.2073245326659,203.76473999023438,840300,0.0,0.0
2024-09-18 00:00:00-04:00,204.90174020587514,209.2778202183906,201.1276144888295,203.11500549316406,1005800,0.0,0.0
2024-09-19 00:00:00-04:00,207.21400682383734,208.55168152843402,203.73607591892906,205.83811950683594,750100,0.0,0.0
2024-09-20 00:00:00-04:00,205.52119569396578,206.00138540353112,202.6784661654791,204.09983825683594,1178400,1.1,0.0
2024-09-23 00:00:00-04:00,204.93535656929438,207.20185250616822,201.7949118742446,206.75047302246094,1079100,0.0,0.0
2024-09-24 00:00:00-04:00,208.14302531554895,209.81409076358293,206.86571894242024,208.33509826660156,691800,0.0,0.0
2024-09-25 00:00:00-04:00,208.58480619498556,208.96895209691252,205.96297451147842,206.65443420410156,882900,0.0,0.0
2024-09-26 00:00:00-04:00,212.42632437944374,218.05414831713748,207.1250259246534,208.61361694335938,1075300,0.0,0.0
2024-09-27 00:00:00-04:00,208.99777348678484,208.99777348678484,198.46240963366256,200.853759765625,1390800,0.0,0.0
2024-09-30 00:00:00-04:00,200.20070117826955,201.02662806909254,196.97382572740617,200.43118286132812,1010400,0.0,0.0
2024-10-01 00:00:00-04:00,197.61725216043604,199.44196696409458,194.66888068292366,197.26190185546875,806000,0.0,0.0
2024-10-02 00:00:00-04:00,195.5428373604677,197.24271288986037,194.0926698373583,197.11785888671875,617600,0.0,0.0
2024-10-03 00:00:00-04:00,195.72533046870177,199.9125853633353,194.4000021679544,199.29794311523438,675500,0.0,0.0
2024-10-04 00:00:00-04:00,203.6004276406405,209.12260905070505,203.6004276406405,206.5103759765625,966000,0.0,0.0
2024-10-07 00:00:00-04:00,204.5608262183,205.5212056841136,193.29557918749003,198.03024291992188,1023500,0.0,0.0
2024-10-08 00:00:00-04:00,199.73012792248403,199.9990330130204,196.84898939168423,197.58848571777344,494000,0.0,0.0
2024-10-09 00:00:00-04:00,198.18389714498085,199.09625466059248,194.70732834362354,194.85137939453125,655100,0.0,0.0
2024-10-10 00:00:00-04:00,193.94864410521302,195.216352125069,191.34602377249857,192.7385711669922,683400,0.0,0.0
2024-10-11 00:00:00-04:00,193.34360388610352,198.79855229673825,193.34360388610352,197.4252166748047,620300,0.0,0.0
2024-10-14 00:00:00-04:00,197.3675856207668,197.68451261403538,193.07468808666312,196.78175354003906,913100,0.0,0.0
2024-10-15 00:00:00-04:00,196.5608659400363,204.14787260631368,196.15750831791442,201.3435516357422,749300,0.0,0.0
2024-10-16 00:00:00-04:00,202.24632130762674,204.82974458291866,200.29675203790214,204.23431396484375,723300,0.0,0.0
2024-10-17 00:00:00-04:00,205.12744175190565,208.35431726716118,204.20548569281968,206.51998901367188,679100,0.0,0.0
2024-10-18 00:00:00-04:00,207.00018806854996,210.73606368479727,204.59923935234403,209.99658203125,588200,0.0,0.0
2024-10-21 00:00:00-04:00,209.0649974495651,209.4875667373539,202.78410786148103,204.94496154785156,516000,0.0,0.0
2024-10-22 00:00:00-04:00,203.38917441272216,204.66648093810147,200.21032053307843,200.33517456054688,649500,0.0,0.0
2024-10-23 00:00:00-04:00,199.7589244816036,199.99901934275937,195.78295416703307,197.550048828125,696000,0.0,0.0
2024-10-24 00:00:00-04:00,199.1442832011399,200.88256765976743,195.51405005497602,196.41680908203125,627500,0.0,0.0
2024-10-25 00:00:00-04:00,198.70250978161044,198.99062655824142,195.9174151340432,196.2727508544922,495300,0.0,0.0
2024-10-28 00:00:00-04:00,197.3387717044218,199.3267642646423,196.59929005490207,197.13710021972656,544900,0.0,0.0
2024-10-29 00:00:00-04:00,194.1983378529279,195.29316985566032,190.5584914781948,194.1215057373047,664300,0.0,0.0
2024-10-30 00:00:00-04:00,193.91980864602996,196.38799076296127,192.49845122287275,192.9210205078125,559200,0.0,0.0
2024-10-31 00:00:00-04:00,191.58607128375633,192.6520928898719,187.99424743652344,187.99424743652344,834200,0.0,0.0
2024-11-01 00:00:00-04:00,189.06030003025919,190.12632181109933,185.0363077705633,186.02549743652344,1261700,0.0,0.0
2024-11-04 00:00:00-05:00,186.486484661359,191.59571064594715,186.39045550369747,188.93545532226562,695800,0.0,0.0
2024-11-05 00:00:00-05:00,188.3784081670903,191.60528344679338,187.41802879401467,190.25115966796875,694500,0.0,0.0
2024-11-06 00:00:00-05:00,192.9402442942434,193.20914939389942,181.2236168024789,187.38925170898438,1519100,0.0,0.0
2024-11-07 00:00:00-05:00,188.21515348589722,194.12149567558026,188.08070095408246,192.05667114257812,841300,0.0,0.0
2024-11-08 00:00:00-05:00,190.99063263839432,195.81174097743653,190.99063263839432,194.89938354492188,727600,0.0,0.0
2024-11-11 00:00:00-05:00,197.06028806335544,197.27157274297053,189.7229886695514,190.6161346435547,683700,0.0,0.0
2024-11-12 00:00:00-05:00,192.6809430285375,194.8225852020639,190.0014760275412,190.91383361816406,968400,0.0,0.0
2024-11-13 00:00:00-05:00,192.13350469073654,196.1767085024827,188.73376798701509,189.5116729736328,700900,0.0,0.0
2024-11-14 00:00:00-05:00,190.1167202950421,195.7541429156659,189.51167655879237,190.8466033935547,1046200,0.0,0.0
2024-11-15 00:00:00-05:00,189.20435731579207,193.2763716131261,188.73378074622255,190.39523315429688,905300,0.0,0.0
2024-11-18 00:00:00-05:00,191.67252960362873,193.83338333472165,190.27998235221432,192.536865234375,1064400,0.0,0.0
2024-11-19 00:00:00-05:00,190.40482396397775,193.01705723321615,185.07472975434632,191.66293334960938,1032000,0.0,0.0
2024-11-20 00:00:00-05:00,189.19477336556187,189.44446677569954,184.58494854560593,186.4864959716797,1337300,0.0,0.0
2024-11-21 00:00:00-05:00,186.7745898403418,194.48643558987996,184.78661201492557,193.6413116455078,1585600,0.0,0.0
2024-11-22 00:00:00-05:00,196.87779703923155,202.75531487612292,196.86819851977617,201.83335876464844,1738300,0.0,0.0
2024-11-25 00:00:00-05:00,208.41191238344885,211.98452465062755,205.34831464123982,206.7024383544922,2403800,0.0,0.0
2024-11-26 00:00:00-05:00,217.80444233899377,220.31103321280202,200.71929889524412,203.8117218017578,3822000,0.0,0.0
2024-11-27 00:00:00-05:00,209.46835714477015,216.08537080227978,204.21508051337213,205.19467163085938,1939400,0.0,0.0
2024-11-29 00:00:00-05:00,204.02302320048958,206.3279281373953,198.77934468582092,199.029052734375,1206800,0.0,0.0
2024-12-02 00:00:00-05:00,199.74933925446328,210.14063791654803,199.0482516621927,206.82733154296875,1879700,0.0,0.0
2024-12-03 00:00:00-05:00,207.44197628736606,209.54520978051173,200.84417367535713,201.18991088867188,1830400,0.0,0.0
2024-12-04 00:00:00-05:00,201.67967964979707,204.67605877238424,198.4047822870406,203.22589111328125,1483100,0.0,0.0
2024-12-05 00:00:00-05:00,201.9005920635203,204.7913439359804,199.65330739602268,200.45042419433594,988300,0.0,0.0
2024-12-06 00:00:00-05:00,202.95697436733207,210.00615543816036,201.9677847868803,208.48875427246094,1705400,0.0,0.0
2024-12-09 00:00:00-05:00,209.41072400212207,210.28467274351087,202.9281632718716,205.7036590576172,1360300,0.0,0.0
2024-12-10 00:00:00-05:00,205.0506308224077,211.01459422857548,203.16829512567088,205.2907257080078,1001900,0.0,0.0
2024-12-11 00:00:00-05:00,206.24149189942867,212.50317016877904,205.76130216275945,212.2822723388672,1199600,0.0,0.0
2024-12-12 00:00:00-05:00,211.70606104883404,212.6568273828711,209.2954991054961,210.18865966796875,863400,0.0,0.0
2024-12-13 00:00:00-05:00,211.63650159700228,215.7773500099133,210.42996308736093,215.62290954589844,1027900,1.1,0.0
2024-12-16 00:00:00-05:00,215.6421833957205,219.8988541037998,214.09780846195335,216.6749725341797,1131500,0.0,0.0
2024-12-17 00:00:00-05:00,215.815950940048,218.7309520786464,213.74071061228364,218.1132049560547,1307500,0.0,0.0
2024-12-18 00:00:00-05:00,217.19620802938505,218.2676146550233,207.22537350782395,207.44737243652344,1436800,0.0,0.0
2024-12-19 00:00:00-05:00,210.61332742554671,214.34878010132817,208.01685458919832,210.0245361328125,1116500,0.0,0.0
2024-12-20 00:00:00-05:00,207.94929623016085,214.7541753446245,207.20606449632342,211.1538543701172,1757300,0.0,0.0
2024-12-23 00:00:00-05:00,210.38169816552522,217.58231122423177,208.99176354608258,217.47613525390625,1110400,0.0,0.0
2024-12-24 00:00:00-05:00,216.71362705194653,218.43173672711538,214.93759115605283,217.379638671875,523900,0.0,0.0
2024-12-26 00:00:00-05:00,219.26183202002153,226.98367841851567,218.23868972874158,226.87750244140625,1298900,0.0,0.0
2024-12-27 00:00:00-05:00,225.4199784935052,226.45278244549368,223.1323863735056,225.9315643310547,720300,0.0,0.0
2024-12-30 00:00:00-05:00,221.94515317681353,225.35241642577628,219.70581084630157,223.6825714111328,1139000,0.0,0.0
2024-12-31 00:00:00-05:00,224.9373739127046,224.9373739127046,219.174959720906,220.88340759277344,770900,0.0,0.0
2025-01-02 00:00:00-05:00,222.8717689873975,225.2172873128501,217.06109061482357,219.0205078125,894700,0.0,0.0
2025-01-03 00:00:00-05:00,219.74441225269558,222.8621031132309,217.28307116143054,221.1536407470703,821600,0.0,0.0
2025-01-06 00:00:00-05:00,222.95865194533752,227.6110564119335,218.9046710909089,220.1015625,1225500,0.0,0.0
2025-01-07 00:00:00-05:00,222.08992609202394,223.51847811862444,215.7773238551731,219.67684936523438,1027400,0.0,0.0
2025-01-08 00:00:00-05:00,218.39309278675967,225.90258645129933,218.08422662158216,225.4103240966797,820700,0.0,0.0
2025-01-10 00:00:00-05:00,222.23472557807443,226.82921848869606,221.69418400483787,221.82933044433594,1255800,0.0,0.0
2025-01-13 00:00:00-05:00,219.7927070855071,221.4046407184526,212.04189038300137,216.6363983154297,1106300,0.0,0.0
2025-01-14 00:00:00-05:00,217.22519798495034,219.40661432591983,212.09982471090575,212.9974822998047,1012500,0.0,0.0
2025-01-15 00:00:00-05:00,217.6112724213038,220.3814947243983,216.95492257248168,218.63441467285156,1488800,0.0,0.0
2025-01-16 00:00:00-05:00,218.0070172067189,221.12470839705074,217.2155209242541,219.2328643798828,1098700,0.0,0.0
2025-01-17 00:00:00-05:00,221.2115719497946,222.81385849867814,219.14597877375573,220.1015625,1054600,0.0,0.0
2025-01-21 00:00:00-05:00,223.89494235727358,226.4045335948164,222.21543546678677,226.33697509765625,917500,0.0,0.0
2025-01-22 00:00:00-05:00,227.36010085846934,230.1496170724301,223.93352882943745,228.23846435546875,862300,0.0,0.0
2025-01-23 00:00:00-05:00,227.8620163261824,238.16102603321997,227.8620163261824,237.16683959960938,1601800,0.0,0.0
2025-01-24 00:00:00-05:00,237.485361150174,245.74774852970108,237.0220545259839,240.89263916015625,2087100,0.0,0.0
2025-01-27 00:00:00-05:00,236.4815351378183,240.00462150469298,235.37152566010505,237.84251403808594,1222500,0.0,0.0
2025-01-28 00:00:00-05:00,238.1610380092936,241.60690409123802,237.17649853091564,240.564453125,611900,0.0,0.0
2025-01-29 00:00:00-05:00,242.38875046326052,242.99685057197317,235.65144369544396,237.051025390625,857600,0.0,0.0
2025-01-30 00:00:00-05:00,237.5915360440378,242.69761480511482,236.59734957983036,241.34628295898438,519400,0.0,0.0
2025-01-31 00:00:00-05:00,241.3462736429644,241.3462736429644,230.342649741405,231.70362854003906,1118500,0.0,0.0
2025-02-03 00:00:00-05:00,225.73853102588208,229.61876311263774,220.8158625965389,229.02032470703125,1394800,0.0,0.0
2025-02-04 00:00:00-05:00,229.38709279879228,232.62062185698522,228.57630246485988,229.3195343017578,779600,0.0,0.0
2025-02-05 00:00:00-05:00,230.60330056429464,232.53376221955827,228.50875143572407,231.2403564453125,928000,0.0,0.0
2025-02-06 00:00:00-05:00,233.17080424759368,234.4545482112119,230.44884640582535,231.86773681640625,642100,0.0,0.0
2025-02-07 00:00:00-05:00,230.21718927332256,233.42176254971238,224.28102583570973,225.75782775878906,767900,0.0,0.0
2025-02-10 00:00:00-05:00,227.41801101191814,229.44500141952918,224.80222927472502,228.42184448242188,848100,0.0,0.0
2025-02-11 00:00:00-05:00,230.43919146258264,238.59538824490187,228.759684677966,235.50665283203125,1010700,0.0,0.0
2025-02-12 00:00:00-05:00,231.8001598069431,234.43525037112752,229.73456658139804,232.60130310058594,960200,0.0,0.0
2025-02-13 00:00:00-05:00,234.25185706952772,237.0896378794506,232.41790977629563,234.1746368408203,734700,0.0,0.0
2025-02-14 00:00:00-05:00,235.75759586627396,235.75759586627396,227.2732245875867,230.0723876953125,861000,0.0,0.0
2025-02-18 00:00:00-05:00,232.02218048864674,232.02218048864674,222.1092562165727,226.48175048828125,980600,0.0,0.0
2025-02-19 00:00:00-05:00,224.3871959038831,225.66129284809892,221.5301063745087,222.92970275878906,684600,0.0,0.0
2025-02-20 00:00:00-05:00,222.26369798738614,225.14008161573636,221.06680650642184,223.450927734375,987100,0.0,0.0
2025-02-21 00:00:00-05:00,224.97597139164046,226.73268359186565,214.00130313991465,216.8294219970703,1175400,0.0,0.0
2025-02-24 00:00:00-05:00,218.16146071716423,218.16146071716423,209.54194236305764,212.71755981445312,1468600,0.0,0.0
2025-02-25 00:00:00-05:00,211.72337388574346,215.5263707225734,211.46275745566223,212.26390075683594,940300,0.0,0.0
2025-02-26 00:00:00-05:00,215.99933380347971,221.81002698177443,214.34879748601912,219.01084899902344,1115600,0.0,0.0
2025-02-27 00:00:00-05:00,218.9529334502242,218.9529334502242,214.0399126098783,214.0978240966797,787200,0.0,0.0
2025-02-28 00:00:00-05:00,214.2812164243947,218.59579885228115,214.08817322912216,217.2734375,997200,0.0,0.0
2025-03-03 00:00:00-05:00,218.9529207415657,220.85442633185366,205.3528241923497,206.99371337890625,1301900,0.0,0.0
2025-03-04 00:00:00-05:00,201.82976458777532,207.4763558865211,197.43796153658212,204.7447509765625,1837500,0.0,0.0
2025-03-05 00:00:00-05:00,203.58646954581806,209.59985303939877,202.68881201116307,209.059326171875,1347000,0.0,0.0
2025-03-06 00:00:00-05:00,206.6559049778915,211.1828247253382,203.644375088088,207.2253875732422,1251100,0.0,0.0
2025-03-07 00:00:00-05:00,206.55937856147915,208.3740170674899,195.98044316032943,206.81033325195312,2017300,0.0,0.0
2025-03-10 00:00:00-04:00,203.18105931801702,209.75427793040748,202.30269585934408,203.6829833984375,2637600,0.0,0.0
2025-03-11 00:00:00-04:00,198.87612966014544,205.59414190420668,189.05008806968368,192.0519561767578,4175500,0.0,0.0
2025-03-12 00:00:00-04:00,191.2411684081773,194.31059504653805,186.55014649184605,188.3840789794922,2276100,0.0,0.0
2025-03-13 00:00:00-04:00,188.27790526969224,188.27790526969224,179.61978437746134,180.0637969970703,1629100,0.0,0.0
2025-03-14 00:00:00-04:00,184.04056039777916,188.18140890200533,181.23173515061228,187.73739624023438,2197300,0.0,0.0
2025-03-17 00:00:00-04:00,186.907271261848,191.04810446454422,185.51733670399844,190.93228149414062,1913800,0.0,0.0
2025-03-18 00:00:00-04:00,189.22380978179876,189.69677810155983,186.3956910522961,186.53082275390625,998700,0.0,0.0
2025-03-19 00:00:00-04:00,186.53082255056842,192.55386709059408,185.17950553593965,191.2314910888672,1289000,0.0,0.0
2025-03-20 00:00:00-04:00,189.88983053892176,190.44966610951656,184.5231502302392,184.6968994140625,1472900,0.0,0.0
2025-03-21 00:00:00-04:00,182.11007950039848,189.20453123533235,180.03483932859578,188.6543426513672,3647200,0.0,0.0
2025-03-24 00:00:00-04:00,191.49212397012727,199.96684860279646,191.06742009233028,198.41282653808594,1467700,0.0,0.0
2025-03-25 00:00:00-04:00,197.9205667503415,201.3471388328203,197.4186426401912,200.7100830078125,1267600,0.0,0.0
2025-03-26 00:00:00-04:00,200.5556490379877,201.5401885513516,198.325968306629,199.69659423828125,852500,0.0,0.0
2025-03-27 00:00:00-04:00,199.1753705290839,206.67520282871882,198.20047804856011,202.7853240966797,1277100,0.0,0.0
2025-03-28 00:00:00-04:00,200.99218572036787,202.51640542549433,193.82741094970885,196.0797576904297,1593100,1.213,0.0
2025-03-31 00:00:00-04:00,193.38084016146297,197.77872639638343,188.69170014126786,195.6817169189453,1347100,0.0,0.0
2025-04-01 00:00:00-04:00,195.11864141341573,200.96307906848423,194.08955748500958,200.39028930664062,1165900,0.0,0.0
2025-04-02 00:00:00-04:00,197.71077810702917,206.41917964947004,197.27390479767874,205.1571044921875,960800,0.0,0.0
2025-04-03 00:00:00-04:00,183.3423948981693,185.02193712533105,171.6535205011496,179.57554626464844,4149600,0.0,0.0
2025-04-04 00:00:00-04:00,169.75070884613626,191.2644269369368,163.31406035185785,177.53680419921875,3464100,0.0,0.0
2025-04-07 00:00:00-04:00,169.9448386208757,182.01232255413632,161.90631801649386,172.0903778076172,2168300,0.0,0.0
2025-04-08 00:00:00-04:00,177.89601305077207,183.36181024356003,163.51791790526892,166.20713806152344,2401400,0.0,0.0
2025-04-09 00:00:00-04:00,164.498455831747,196.2739142771144,161.51798217175178,192.1672821044922,3156200,0.0,0.0
2025-04-10 00:00:00-04:00,184.604470098266,185.82773300948372,176.02228291967845,184.478271484375,1683100,0.0,0.0
2025-04-11 00:00:00-04:00,180.05127375180618,181.61432050119092,172.80882976170585,180.50755310058594,1412900,0.0,0.0
2025-04-14 00:00:00-04:00,186.08985159608662,186.80827562397207,176.12907880753986,179.594970703125,1369500,0.0,0.0
2025-04-15 00:00:00-04:00,180.29397502628743,182.24535021511505,177.11933689521842,178.91537475585938,852600,0.0,0.0
2025-04-16 00:00:00-04:00,178.16784036618634,181.119175511721,172.99328231649838,175.38153076171875,795500,0.0,0.0
2025-04-17 00:00:00-04:00,176.3135427880719,180.56580960004453,175.73103520892002,180.12892150878906,644300,0.0,0.0
2025-04-21 00:00:00-04:00,176.24558884071638,177.09992939646125,168.97403552966162,171.24578857421875,1054600,0.0,0.0
2025-04-22 00:00:00-04:00,173.25540938689565,179.21634218902452,172.10011210794946,175.536865234375,966000,0.0,0.0
2025-04-23 00:00:00-04:00,183.8763409809194,193.34199241881652,178.70179789766416,178.9639129638672,1310000,0.0,0.0
2025-04-24 00:00:00-04:00,178.72120929502287,185.33260058830152,176.67274458647287,183.98313903808594,792600,0.0,0.0
2025-04-25 00:00:00-04:00,183.40063675156358,184.99280723752514,180.4784108400579,182.29388427734375,586400,0.0,0.0
2025-04-28 00:00:00-04:00,182.51716776551595,187.75967623326807,182.51716776551595,184.33262634277344,1268400,0.0,0.0
2025-04-29 00:00:00-04:00,182.60457179125288,187.10925103073959,181.8473207632113,186.41024780273438,640500,0.0,0.0
2025-04-30 00:00:00-04:00,180.61435244579056,182.64341127594173,177.96397388040927,182.26478576660156,1044900,0.0,0.0
2025-05-01 00:00:00-04:00,184.13847083675037,185.02193519281266,180.75024770748843,181.88613891601562,937700,0.0,0.0
2025-05-02 00:00:00-04:00,184.62391243012274,190.87609972696274,183.24532684817734,188.12863159179688,897700,0.0,0.0
2025-05-05 00:00:00-04:00,185.7500670848194,188.15773639100175,183.92489053247417,184.23556518554688,792700,0.0,0.0
2025-05-06 00:00:00-04:00,181.47836687803567,183.61421793504746,180.45900092620397,180.98324584960938,698800,0.0,0.0
2025-05-07 00:00:00-04:00,184.09963613659468,186.01218424913742,181.915255128097,182.87637329101562,1048600,0.0,0.0
2025-05-08 00:00:00-04:00,185.8471591457378,187.13837301721708,183.44920745731537,185.71124267578125,993600,0.0,0.0
2025-05-09 00:00:00-04:00,185.4296974973924,186.2354932484644,183.1482267073823,185.31320190429688,986500,0.0,0.0
2025-05-12 00:00:00-04:00,199.50682195452578,218.0886246330675,199.50682195452578,206.22500610351562,2577900,0.0,0.0
2025-05-13 00:00:00-04:00,206.74927667024207,209.758859900077,205.27360154834363,205.85609436035156,944400,0.0,0.0
2025-05-14 00:00:00-04:00,204.2736200571921,205.90461753629722,202.69115253032626,203.4969482421875,734300,0.0,0.0
2025-05-15 00:00:00-04:00,177.45913429239016,182.08032387200169,170.226407898848,173.82821655273438,11348100,0.0,0.0
2025-05-16 00:00:00-04:00,175.7310332008279,180.36192544219676,174.26507605555088,178.65325927734375,4285500,0.0,0.0
2025-05-19 00:00:00-04:00,175.72132358789437,179.43962740610976,174.55632330034436,177.49795532226562,2183700,0.0,0.0
2025-05-20 00:00:00-04:00,178.90566031800853,181.33275036444752,176.60478369439463,177.73095703125,1943500,0.0,0.0
2025-05-21 00:00:00-04:00,175.23592098701954,176.29412881052505,170.06136265057984,170.78948974609375,2236100,0.0,0.0
2025-05-22 00:00:00-04:00,169.89631103714984,169.89631103714984,166.19742800706055,167.37213134765625,2057900,0.0,0.0
2025-05-23 00:00:00-04:00,162.75096533204166,165.53726023493556,162.15875471077402,162.3432159423828,1836600,0.0,0.0
2025-05-27 00:00:00-04:00,164.49847317364865,169.15848947361337,163.86742081263165,169.13906860351562,2075900,0.0,0.0
2025-05-28 00:00:00-04:00,179.16780286361583,180.51726443233352,168.92547918043624,171.95448303222656,4646200,0.0,0.0
2025-05-29 00:00:00-04:00,173.93499970166607,175.96404360084506,170.65356893438172,175.9252166748047,2425300,0.0,0.0
2025-05-30 00:00:00-04:00,173.29424244883916,175.33300416786815,170.8283252928418,174.1097412109375,1911700,0.0,0.0
2025-06-02 00:00:00-04:00,173.28455055178125,173.28455055178125,168.77015354503072,171.33316040039062,1755400,0.0,0.0
2025-06-03 00:00:00-04:00,172.2166183063902,173.30395001767806,169.94486534654223,172.58554077148438,1173100,0.0,0.0
2025-06-04 00:00:00-04:00,172.90589655919678,175.07085667923863,171.50789035680472,171.51759338378906,1233400,0.0,0.0
2025-06-05 00:00:00-04:00,171.6438266141184,175.27474417207586,171.56615794793436,173.7796630859375,1100600,0.0,0.0
2025-06-06 00:00:00-04:00,175.8863718147386,175.8863718147386,173.4107368342053,175.47862243652344,794100,0.0,0.0
2025-06-09 00:00:00-04:00,177.5853222929687,178.7309164951695,174.83785458966506,177.04165649414062,1237600,0.0,0.0
2025-06-10 00:00:00-04:00,177.85717006614883,178.58529713913836,176.43975765978118,177.46884155273438,845000,0.0,0.0
2025-06-11 00:00:00-04:00,179.50759718711421,182.81815199506735,178.0125160426943,179.4105224609375,1439300,0.0,0.0
2025-06-12 00:00:00-04:00,177.78920313305287,179.65320649335501,176.64360893885086,179.012451171875,1172200,0.0,0.0
2025-06-13 00:00:00-04:00,175.7708634380615,178.45834188137496,170.85522224196933,172.7218017578125,1422000,1.213,0.0
2025-06-16 00:00:00-04:00,175.87839452015402,177.46155914986372,173.61113241707608,174.56886291503906,1289000,0.0,0.0
2025-06-17 00:00:00-04:00,173.21043492361935,174.80336655839622,170.8063567267227,170.864990234375,1208700,0.0,0.0
2025-06-18 00:00:00-04:00,169.23297661802548,171.81295559650937,169.21342714288866,170.2688751220703,1447400,0.0,0.0
2025-06-20 00:00:00-04:00,170.5034262361296,172.43840676639996,168.15799619409768,169.5750274658203,2445900,0.0,0.0
2025-06-23 00:00:00-04:00,168.22638495570177,172.6924928568305,166.848437821439,171.79339599609375,1053900,0.0,0.0
2025-06-24 00:00:00-04:00,173.5133938041465,174.637242525089,171.75431392242285,174.21702575683594,954500,0.0,0.0
2025-06-25 00:00:00-04:00,174.44180480749648,182.80719093225198,173.12249107529254,181.43902587890625,2120300,0.0,0.0
2025-06-26 00:00:00-04:00,182.08403008732807,193.00984611743752,182.08403008732807,191.4266815185547,2829900,0.0,0.0
2025-06-27 00:00:00-04:00,198.87342585907987,202.02022032606587,197.62252786235157,198.20889282226562,4000100,0.0,0.0
2025-06-30 00:00:00-04:00,198.69751400066863,199.26431454125282,193.04890895008324,193.31277465820312,1667700,0.0,0.0
2025-07-01 00:00:00-04:00,195.45299353520517,204.9617774953665,193.53754763733298,201.25794982910156,1978300,0.0,0.0
2025-07-02 00:00:00-04:00,200.35886756851326,203.48611247833412,197.75933917927344,201.74658203125,1738700,0.0,0.0
2025-07-03 00:00:00-04:00,201.9908997674162,203.84769725239505,199.44023758999487,201.54135131835938,680800,0.0,0.0
2025-07-07 00:00:00-04:00,200.3979513274841,203.06588050648102,199.0395536226738,202.23521423339844,1271800,0.0,0.0
2025-07-08 00:00:00-04:00,201.75634397811103,203.84769035424637,199.16659785061154,202.9486083984375,1039400,0.0,0.0
2025-07-09 00:00:00-04:00,203.22224902801716,206.35927616608194,202.29385028204564,205.52859497070312,1359900,0.0,0.0
2025-07-10 00:00:00-04:00,205.93903920888718,210.8351461631812,205.11814022786197,209.75038146972656,1411800,0.0,0.0
2025-07-11 00:00:00-04:00,207.48311295096585,208.99787656059496,203.79882002419134,205.2158660888672,1261300,0.0,0.0
2025-07-14 00:00:00-04:00,204.03337567742935,204.95200711907373,200.62271562346612,204.10179138183594,1306700,0.0,0.0
2025-07-15 00:00:00-04:00,205.00088708171558,205.93905314871088,200.573877741387,201.48272705078125,1357400,0.0,0.0
2025-07-16 00:00:00-04:00,202.02997088351313,202.56746956695974,197.08501281956265,197.2413787841797,1540000,0.0,0.0
2025-07-17 00:00:00-04:00,198.24797756218857,205.93904830414098,197.46616258349695,204.43406677246094,1460300,0.0,0.0
2025-07-18 00:00:00-04:00,205.7338308972829,205.78269712940295,202.127720680278,204.7272491455078,1047400,0.0,0.0
2025-07-21 00:00:00-04:00,205.82177020661115,213.06330701185752,205.2256379950076,210.54196166992188,2323000,0.0,0.0
2025-07-22 00:00:00-04:00,211.59741163297312,213.71807478989473,208.46038457507575,209.75038146972656,1045500,0.0,0.0
2025-07-23 00:00:00-04:00,212.3889985263012,213.21966480682852,209.95560337348095,211.86126708984375,1143900,0.0,0.0
2025-07-24 00:00:00-04:00,211.4899069753811,212.04694023102786,206.8478985601807,207.05311584472656,839100,0.0,0.0
2025-07-25 00:00:00-04:00,210.1217366101626,212.30104823789307,207.59062390733317,212.25218200683594,910600,0.0,0.0
2025-07-28 00:00:00-04:00,213.15126276087344,215.86805817888552,211.94923102559412,214.49989318847656,1234800,0.0,0.0
2025-07-29 00:00:00-04:00,214.82239484462158,214.82239484462158,209.64288747346987,209.90673828125,907500,0.0,0.0
2025-07-30 00:00:00-04:00,211.86126930384916,211.86126930384916,207.4147255564951,208.24539184570312,889800,0.0,0.0
2025-07-31 00:00:00-04:00,206.91630869125046,208.56788888258515,205.76314318007007,206.70130920410156,969900,0.0,0.0
2025-08-01 00:00:00-04:00,202.29384329975937,203.1733757841369,197.9157005283083,202.06907653808594,1319900,0.0,0.0
2025-08-04 00:00:00-04:00,204.33633254699825,205.26473130224502,202.20590203310314,204.7370147705078,657300,0.0,0.0
2025-08-05 00:00:00-04:00,205.04974216728317,207.8838046017676,204.10179395803647,207.39517211914062,807000,0.0,0.0
2025-08-06 00:00:00-04:00,207.46356890032087,211.98831037374262,207.0824361677179,211.90036010742188,1170500,0.0,0.0
2025-08-07 00:00:00-04:00,214.00148863128985,214.5878536045542,207.97176528318323,210.24879455566406,1038600,0.0,0.0
2025-08-08 00:00:00-04:00,210.03378209616963,210.03378209616963,205.7435895451585,206.4374542236328,958400,0.0,0.0
2025-08-11 00:00:00-04:00,208.55812623724515,208.5874429941553,205.2549657811485,207.0629119873047,943400,0.0,0.0
2025-08-12 00:00:00-04:00,210.6885464448223,218.99529849826274,210.36604722273376,217.15805053710938,2228400,0.0,0.0
2025-08-13 00:00:00-04:00,217.95940392495967,221.62414754327182,215.55534046199966,220.8325653076172,1321900,0.0,0.0
2025-08-14 00:00:00-04:00,216.91374896881393,219.11259524930173,215.09603544713548,217.74441528320312,935800,0.0,0.0
2025-08-15 00:00:00-04:00,217.66622256808407,219.20053572851245,216.32737433113755,218.87803649902344,1177900,0.0,0.0
2025-08-18 00:00:00-04:00,220.1093975891574,220.77394556089018,216.54238620968223,218.3112335205078,1228500,0.0,0.0
2025-08-19 00:00:00-04:00,219.84554739566886,224.17482431467553,219.08326695442838,222.39620971679688,1936400,0.0,0.0
2025-08-20 00:00:00-04:00,222.601426704941,222.73824321227517,215.85830398194443,217.82260131835938,1220500,0.0,0.0
2025-08-21 00:00:00-04:00,215.97555267604912,218.4968980216023,213.53239031546033,218.3307647705078,1101300,0.0,0.0
2025-08-22 00:00:00-04:00,219.22007422317213,223.3245839087482,217.90076061515018,222.45481872558594,1583000,0.0,0.0
2025-08-25 00:00:00-04:00,221.68276926677257,223.58843286458085,220.66642031856784,222.6600341796875,1999700,0.0,0.0
2025-08-26 00:00:00-04:00,222.14210540179332,225.44526588307733,218.79986088162454,221.65347290039062,3371100,0.0,0.0
2025-08-27 00:00:00-04:00,220.47099100633162,225.51366709712573,219.69894330203113,220.8716583251953,3205800,0.0,0.0
2025-08-28 00:00:00-04:00,214.94943074046978,226.98934252861312,206.30064455939979,210.19015502929688,5499900,0.0,0.0
2025-08-29 00:00:00-04:00,211.0403690732173,211.4410512931558,203.68156497985782,207.9619903564453,4116100,0.0,0.0
2025-09-02 00:00:00-04:00,206.20290171457395,206.20290171457395,201.19931000875164,204.51223754882812,2129900,0.0,0.0
2025-09-03 00:00:00-04:00,204.24838180249276,208.7828907350298,203.79883334830302,205.4210968017578,2138400,0.0,0.0
2025-09-04 00:00:00-04:00,205.577466432058,217.74441272546153,204.58065195461938,216.98214721679688,3062600,0.0,0.0
2025-09-05 00:00:00-04:00,217.15806176639927,218.340544063324,214.34353380036282,216.21011352539062,3440600,0.0,0.0
2025-09-08 00:00:00-04:00,217.30463029832853,223.41253610709174,215.80941614929367,218.7412109375,2230100,0.0,0.0
2025-09-09 00:00:00-04:00,222.63074842173694,222.63074842173694,214.12854547800612,215.26217651367188,1960600,0.0,0.0
2025-09-10 00:00:00-04:00,215.46737481811908,223.28549452034858,214.55852556043726,221.90756225585938,2015200,0.0,0.0
2025-09-11 00:00:00-04:00,222.01505064240467,226.0413924936217,220.16802042964403,225.67979431152344,1769200,0.0,0.0
2025-09-12 00:00:00-04:00,223.48210746472233,225.27012874156816,217.32231150519388,217.60720825195312,1850500,1.213,0.0
2025-09-15 00:00:00-04:00,217.62686347705915,222.77476261647433,216.6247854422653,222.12637329101562,1378800,0.0,0.0
2025-09-16 00:00:00-04:00,220.59377558680114,220.59377558680114,216.33005327970997,218.746826171875,1870000,0.0,0.0
2025-09-17 00:00:00-04:00,219.86677890986573,224.50382739375974,217.43036843225667,218.8843536376953,1000600,0.0,0.0
2025-09-18 00:00:00-04:00,220.75097591552063,224.4252521672268,218.31456521433725,223.2168731689453,1232600,0.0,0.0
2025-09-19 00:00:00-04:00,222.3523289323293,222.46039631932072,217.440202233848,218.04930114746094,1972700,0.0,0.0
2025-09-22 00:00:00-04:00,217.43037883581007,217.74474714282402,212.5477238002494,215.38693237304688,1697300,0.0,0.0
2025-09-23 00:00:00-04:00,220.31869331354523,226.37043678489906,218.540505911521,224.6806640625,1676000,0.0,0.0
2025-09-24 00:00:00-04:00,225.04418290975485,230.1822633109122,224.6413849170922,226.19361877441406,1107100,0.0,0.0
2025-09-25 00:00:00-04:00,224.2975085605201,225.75149374696394,221.0260306480566,221.27163696289062,1243000,0.0,0.0
2025-09-26 00:00:00-04:00,219.64084358060043,225.4960902954612,218.89419071759232,224.25823974609375,1307800,0.0,0.0
2025-09-29 00:00:00-04:00,223.9929749058574,223.9929749058574,213.87399102382827,216.01568603515625,2234300,0.0,0.0
2025-09-30 00:00:00-04:00,215.49498895010288,218.60927525683013,212.2235110024419,218.31454467773438,1195900,0.0,0.0
2025-10-01 00:00:00-04:00,218.37350049105248,229.7696402807483,218.37350049105248,228.74790954589844,1758100,0.0,0.0
2025-10-02 00:00:00-04:00,227.28410033411143,228.09950014560908,224.63154001781027,226.3507843017578,899400,0.0,0.0
2025-10-03 00:00:00-04:00,227.45111548109685,233.1393515179671,225.83993854744028,227.34304809570312,1308300,0.0,0.0
2025-10-06 00:00:00-04:00,227.07779461312487,227.5100641652697,222.48005117439413,225.88905334472656,817500,0.0,0.0
2025-10-07 00:00:00-04:00,225.66310186876004,226.10519028199886,219.82749284026806,220.9769287109375,798900,0.0,0.0
2025-10-08 00:00:00-04:00,222.4505579748951,225.18171415540937,220.33834953349668,223.14808654785156,939600,0.0,0.0
2025-10-09 00:00:00-04:00,223.65895375328202,224.2680526595972,218.31455757086763,219.88644409179688,978900,0.0,0.0
2025-10-10 00:00:00-04:00,220.56429337447383,220.56429337447383,207.86154174804688,207.86154174804688,1451900,0.0,0.0
2025-10-13 00:00:00-04:00,213.55960736836096,227.23496516003476,212.3708662103788,225.67291259765625,1752000,0.0,0.0
2025-10-14 00:00:00-04:00,219.74888137869345,229.19982284951354,219.39522266576049,226.21324157714844,1217500,0.0,0.0
2025-10-15 00:00:00-04:00,228.87563590461662,232.70708878870008,227.67707577357078,230.08401489257812,763700,0.0,0.0
2025-10-16 00:00:00-04:00,230.08401041122335,230.12331581936294,225.1718837372407,226.32131958007812,953600,0.0,0.0
2025-10-17 00:00:00-04:00,227.3331984047853,228.8264889923471,222.61756916510754,224.8378448486328,819000,0.0,0.0
2025-10-20 00:00:00-04:00,225.790814574899,228.15846320937175,220.55448578609187,221.82180786132812,671900,0.0,0.0
2025-10-21 00:00:00-04:00,221.07516899333726,225.30941973233095,220.29905958489033,223.7178955078125,543300,0.0,0.0
2025-10-22 00:00:00-04:00,224.3957690363238,224.81820472484407,221.4583119578067,224.189453125,810800,0.0,0.0
2025-10-23 00:00:00-04:00,224.6904982835258,228.2665257969833,223.27580344468626,223.86524963378906,716300,0.0,0.0
2025-10-24 00:00:00-04:00,226.6749880310566,227.91285351812286,220.67236877535885,221.4190216064453,655500,0.0,0.0
2025-10-27 00:00:00-04:00,226.15430999066768,230.74223452392894,223.34457292211172,225.24066162109375,932100,0.0,0.0
2025-10-28 00:00:00-04:00,224.4350512908258,229.66156095433487,222.47020073894183,225.83009338378906,916800,0.0,0.0
2025-10-29 00:00:00-04:00,223.91438072106598,228.70862115643476,220.47589204600547,221.61550903320312,999400,0.0,0.0
2025-10-30 00:00:00-04:00,216.43811486138543,221.94952137916175,214.22765794234073,216.8802032470703,1095300,0.0,0.0
2025-10-31 00:00:00-04:00,217.52860339206302,217.5777276541178,211.65370442331886,217.55807495117188,1528000,0.0,0.0
2025-11-03 00:00:00-05:00,216.30057212074482,220.86885866758195,212.90138904634605,213.97222900390625,1076900,0.0,0.0
2025-11-04 00:00:00-05:00,211.36880986718947,214.29644822851975,210.74989208500918,212.38070678710938,883200,0.0,0.0
2025-11-05 00:00:00-05:00,212.31192921081646,222.42107881044197,211.59476294922862,215.13148498535156,1121900,0.0,0.0
2025-11-06 00:00:00-05:00,214.90554663879266,215.58342253297556,209.70852310109248,212.91122436523438,1089500,0.0,0.0
2025-11-07 00:00:00-05:00,212.20387290921127,216.59531536727658,210.28814649912732,215.25921630859375,801900,0.0,0.0
2025-11-10 00:00:00-05:00,217.44020787660006,220.17134919258135,213.48103485413,215.76025390625,692700,0.0,0.0
2025-11-11 00:00:00-05:00,215.5441133643118,217.10618104607755,213.90346484717844,214.15890502929688,725500,0.0,0.0
2025-11-12 00:00:00-05:00,218.09842719994512,222.51934126480887,216.89004821958963,218.9433135986328,1311600,0.0,0.0
2025-11-13 00:00:00-05:00,217.84298839343828,221.2912957519283,215.00377991549115,216.2318115234375,800900,0.0,0.0
2025-11-14 00:00:00-05:00,213.83468894509414,216.5854827131004,210.6025013957353,212.54771423339844,863400,0.0,0.0
2025-11-17 00:00:00-05:00,211.15266327518157,211.15266327518157,203.98097055248715,205.30723571777344,1290900,0.0,0.0
2025-11-18 00:00:00-05:00,205.83775570604683,208.48048219560346,203.61746490543644,206.48614501953125,1137100,0.0,0.0
2025-11-19 00:00:00-05:00,206.61387174287128,208.87345303268467,201.58385877750106,203.40133666992188,912300,0.0,0.0
2025-11-20 00:00:00-05:00,206.32898535897155,207.6257790833859,198.92148949656098,199.04920959472656,1143800,0.0,0.0
2025-11-21 00:00:00-05:00,199.25550071613034,208.84396596718182,199.25550071613034,204.7865447998047,1597200,0.0,0.0
2025-11-24 00:00:00-05:00,203.33257791920835,206.1521339048654,202.26173787476415,202.68417358398438,2865100,0.0,0.0
2025-11-25 00:00:00-05:00,195.99385548266469,211.9484484133157,193.71462149659123,203.09678649902344,7115900,0.0,0.0
2025-11-26 00:00:00-05:00,200.41475773021966,208.14643991036252,199.32426506647454,203.76483154296875,3154000,0.0,0.0
2025-11-28 00:00:00-05:00,206.0538921809481,206.0538921809481,198.51869176929637,202.93960571289062,1770800,0.0,0.0
2025-12-01 00:00:00-05:00,201.39718878857573,209.9737575576618,199.97267508551238,204.5311279296875,2460400,0.0,0.0
2025-12-02 00:00:00-05:00,207.3212226420583,209.91482499434102,204.44272353108337,205.73951721191406,1789100,0.0,0.0
2025-12-03 00:00:00-05:00,207.80261383720116,224.19929529625614,206.1226598959983,223.9340362548828,2719200,0.0,0.0
2025-12-04 00:00:00-05:00,223.46245317745084,224.29750564265152,218.54049309820982,221.9888153076172,1293000,0.0,0.0
2025-12-05 00:00:00-05:00,222.36214352057922,232.69726209316207,222.36214352057922,228.13880920410156,1942400,0.0,0.0
2025-12-08 00:00:00-05:00,223.9831554100355,225.8595763893099,214.88588729976905,215.99603271484375,1774700,0.0,0.0
2025-12-09 00:00:00-05:00,216.25146080758887,219.31663805866305,213.19611740390138,214.15890502929688,1406800,0.0,0.0
2025-12-10 00:00:00-05:00,213.10770529799868,215.9370951053192,207.47841223525327,215.64236450195312,1972900,0.0,0.0
2025-12-11 00:00:00-05:00,216.28092758756515,218.0984204206522,211.22144320018117,212.88174438476562,1224000,0.0,0.0
2025-12-12 00:00:00-05:00,213.59603229890874,214.3468883245209,209.16999471507154,211.1360321044922,1189300,1.213,0.0
2025-12-15 00:00:00-05:00,211.88686014382412,212.9538541086177,208.84395477941453,209.26878356933594,1023700,0.0,0.0
2025-12-16 00:00:00-05:00,211.6695109388215,211.6695109388215,205.2774362869671,207.4015350341797,1162700,0.0,0.0
2025-12-17 00:00:00-05:00,206.90755751681098,210.50373078030128,204.88226036732829,205.4552764892578,1137700,0.0,0.0
2025-12-18 00:00:00-05:00,208.0832195184686,209.72322955755337,204.42778653467062,207.53985595703125,1789100,0.0,0.0
2025-12-19 00:00:00-05:00,208.34998574292248,210.4148096248635,205.45528265603986,209.58493041992188,2635000,0.0,0.0
2025-12-22 00:00:00-05:00,212.41047601553396,212.43023935058406,206.6902191316539,208.61672973632812,1535700,0.0,0.0
2025-12-23 00:00:00-05:00,210.03939520876,210.03939520876,202.03694772839017,205.42562866210938,1172800,0.0,0.0
2025-12-24 00:00:00-05:00,206.07768865569028,208.09312685098303,203.0841839046015,207.70782470703125,568200,0.0,0.0
2025-12-26 00:00:00-05:00,207.90541114869407,208.29071328950343,204.85263148881938,207.7176971435547,950300,0.0,0.0
2025-12-29 00:00:00-05:00,205.65286567965046,206.20611846919857,198.20367113107017,199.7053680419922,2222900,0.0,0.0
2025-12-30 00:00:00-05:00,200.16971933070658,200.7328462810747,196.43524772297286,196.58343505859375,935800,0.0,0.0
2025-12-31 00:00:00-05:00,195.88199154781393,198.23331599110287,194.97307406322201,195.58560180664062,1059700,0.0,0.0
2026-01-02 00:00:00-05:00,196.58341647147657,198.60872862518335,195.18052121854498,197.80848693847656,1592600,0.0,0.0
2026-01-05 00:00:00-05:00,200.41669022540236,211.2249277969672,199.97211318356622,204.56610107421875,1789800,0.0,0.0
2026-01-06 00:00:00-05:00,203.94369250442662,216.38206650433835,203.45960384853785,214.4259033203125,1849000,0.0,0.0
2026-01-07 00:00:00-05:00,214.19868156103345,215.53242783993485,207.29288058696636,207.54974365234375,1336900,0.0,0.0
2026-01-08 00:00:00-05:00,206.48274684960876,219.2273696921412,205.51455445858892,214.0504913330078,1678500,0.0,0.0
2026-01-09 00:00:00-05:00,216.41170510646992,219.32617148735892,207.47070275831248,213.58615112304688,1518000,0.0,0.0
2026-01-12 00:00:00-05:00,210.7309522174187,213.2996279728187,207.2335806240945,212.98348999023438,1006900,0.0,0.0
2026-01-13 00:00:00-05:00,212.3907231285144,213.90229422154042,209.2687944123676,213.09217834472656,1154500,0.0,0.0
2026-01-14 00:00:00-05:00,211.21505698455024,215.41386899808973,204.29936660930875,206.6803436279297,1134600,0.0,0.0
2026-01-15 00:00:00-05:00,209.28852717453205,212.23264594848516,204.99092902095487,210.31600952148438,833600,0.0,0.0
2026-01-16 00:00:00-05:00,211.3830032118938,215.16686018750804,210.02949368386004,212.72662353515625,927300,0.0,0.0
2026-01-20 00:00:00-05:00,210.87914737562338,211.6793891042471,202.12585901220638,203.765869140625,1124900,0.0,0.0
2026-01-21 00:00:00-05:00,205.48491568929813,210.9384204112714,203.10393878540685,209.42684936523438,1126300,0.0,0.0
2026-01-22 00:00:00-05:00,210.43456799448575,214.2382035398822,204.7834600799008,205.16876220703125,976700,0.0,0.0
2026-01-23 00:00:00-05:00,205.0798514992733,205.64297842432856,202.77791284771365,203.6769561767578,646400,0.0,0.0
2026-01-26 00:00:00-05:00,202.90634524593946,203.85477427012017,198.67789608186564,200.75259399414062,1057100,0.0,0.0
2026-01-27 00:00:00-05:00,200.2783970142932,204.48708321191177,198.0851339757431,203.3311767578125,851600,0.0,0.0
2026-01-28 00:00:00-05:00,202.98539187886388,204.5068370772563,199.81404733756082,203.20272827148438,702300,0.0,0.0
2026-01-29 00:00:00-05:00,201.56273264750558,203.2323802464532,198.33211318312195,203.1138153076172,851300,0.0,0.0
2026-01-30 00:00:00-05:00,202.09621124488697,204.99092922279712,198.60872890469662,199.56704711914062,1063500,0.0,0.0
2026-02-02 00:00:00-05:00,199.56705223045913,202.6791066684063,196.2376463316069,200.5550079345703,1517300,0.0,0.0
2026-02-03 00:00:00-05:00,200.06104210717695,207.0360073854307,199.45838848844633,200.5747833251953,1271500,0.0,0.0
2026-02-04 00:00:00-05:00,202.41236489982592,208.9526266889725,201.83934879541317,207.9943084716797,1022600,0.0,0.0
2026-02-05 00:00:00-05:00,206.72973134196718,207.47069812097067,200.49573325328592,203.05453491210938,680500,0.0,0.0
2026-02-06 00:00:00-05:00,204.24007207953892,209.49600349644925,204.24007207953892,205.78128051757812,930500,0.0,0.0
2026-02-09 00:00:00-05:00,204.08200949111824,205.109476752414,199.06319289073443,199.48800659179688,920700,0.0,0.0
2026-02-10 00:00:00-05:00,199.6460907967386,201.1082610200251,195.92149356562277,197.40342712402344,1190300,0.0,0.0
2026-02-11 00:00:00-05:00,201.73067710411945,202.33333068504322,197.5911403027751,201.94802856445312,1330300,0.0,0.0
2026-02-12 00:00:00-05:00,203.51887903789097,208.09311886162865,196.73162804155223,196.91934204101562,1124400,0.0,0.0
2026-02-13 00:00:00-05:00,197.601025018546,201.7306879111097,195.6152393791246,198.8260955810547,818300,0.0,0.0
2026-02-17 00:00:00-05:00,203.60779354942196,204.81310075059102,196.6031910151747,203.6670684814453,1129800,0.0,0.0
2026-02-18 00:00:00-05:00,202.72850784574135,204.62538099216258,200.35742018146672,200.36729431152344,817100,0.0,0.0
2026-02-19 00:00:00-05:00,198.67789475524535,200.41669133797132,197.12679709010888,200.2981414794922,944400,0.0,0.0
2026-02-20 00:00:00-05:00,198.70754375581637,207.40154224918297,197.79862627969197,203.74610900878906,1084200,0.0,0.0
2026-02-23 00:00:00-05:00,210.70131801908045,215.46325669157235,203.27188687557842,208.7945556640625,1968300,0.0,0.0
2026-02-24 00:00:00-05:00,207.71769876584702,214.92977883669025,206.99649528126525,209.93072509765625,1130900,0.0,0.0
2026-02-25 00:00:00-05:00,208.95264005975056,212.7463865024079,205.97889869441386,212.17337036132812,820100,0.0,0.0
2026-02-26 00:00:00-05:00,212.26228774704606,215.8880833497349,208.5475646745307,208.9921417236328,808200,0.0,0.0
2026-02-27 00:00:00-05:00,205.5738291625097,207.98444354463095,200.7328370627558,201.17742919921875,1173000,0.0,0.0
2026-03-02 00:00:00-05:00,197.78872749693147,203.4398352889873,194.63714641193792,201.5824737548828,943100,0.0,0.0
2026-03-03 00:00:00-05:00,195.3682319422205,200.32777358092133,193.97521084235518,199.03355407714844,1005300,0.0,0.0
2026-03-04 00:00:00-05:00,200.7328418263026,200.7328418263026,195.98077708607588,197.9073028564453,933900,0.0,0.0
2026-03-05 00:00:00-05:00,195.94126138950875,199.91284763800883,195.14101966164108,199.78440856933594,1116700,0.0,0.0
2026-03-06 00:00:00-05:00,194.92365311692777,197.18606492656747,188.73904108859867,194.87425231933594,1728400,0.0,0.0
2026-03-09 00:00:00-04:00,191.05087462018264,194.54823110166114,187.37567827693005,193.54051208496094,1662700,0.0,0.0
2026-03-10 00:00:00-04:00,192.36485704683878,197.36391037462502,191.44605042562108,192.2462921142578,1395000,0.0,0.0
2026-03-11 00:00:00-04:00,193.34293846251234,196.30680573094637,189.6973793103371,193.17498779296875,2192200,0.0,0.0
2026-03-12 00:00:00-04:00,202.09621003852166,202.2147598952686,190.00364225010472,195.2200469970703,3420600,0.0,0.0
2026-03-13 00:00:00-04:00,193.03665839959774,198.10487582753743,186.59518318879614,189.84556579589844,2126300,0.0,0.0
2026-03-16 00:00:00-04:00,189.8455767278192,191.82148818816287,184.421694342173,185.51832580566406,1339600,0.0,0.0
2026-03-17 00:00:00-04:00,187.66219543601986,189.26269403390998,186.5754531343753,188.34388732910156,1071600,0.0,0.0
2026-03-18 00:00:00-04:00,187.7115900450223,190.53714405606874,186.2296564394037,187.9190673828125,731500,0.0,0.0
2026-03-19 00:00:00-04:00,185.93326374688232,191.06075635279527,184.61928082845893,190.7149658203125,982000,0.0,0.0
2026-03-20 00:00:00-04:00,189.99376729760306,190.10244303277568,186.15062004469178,187.72146606445312,1311700,0.0,0.0
2026-03-23 00:00:00-04:00,194.3111186496042,195.92149125474117,189.67761910799643,190.19134521484375,1057000,0.0,0.0
2026-03-24 00:00:00-04:00,188.19569412660877,194.2814900211148,187.96845345266004,191.43618774414062,722300,0.0,0.0
2026-03-25 00:00:00-04:00,193.09593742027158,194.55810762671487,187.42508138345437,191.67327880859375,755000,0.0,0.0
2026-03-26 00:00:00-04:00,191.32751581971826,197.8480147811746,189.95425791832747,190.02340698242188,941100,0.0,0.0
2026-03-27 00:00:00-04:00,189.2676571365877,192.66856626610195,188.20362215825762,188.30307006835938,896800,1.25,0.0
2026-03-30 00:00:00-04:00,191.25649241132768,192.40006750019623,187.94507732336723,189.5560302734375,964400,0.0,0.0
2026-03-31 00:00:00-04:00,192.76800745504374,200.3454705930795,192.76800745504374,197.18321228027344,1743900,0.0,0.0
2026-04-01 00:00:00-04:00,196.33796092527174,197.1832074163332,189.40686383046886,191.05760192871094,1999200,0.0,0.0
2026-04-02 00:00:00-04:00,186.811431255092,193.29504312547664,185.72751889864256,190.67971801757812,905000,0.0,0.0
2026-04-06 00:00:00-04:00,190.70955628887805,199.52010376971234,190.70955628887805,198.5455780029297,1306600,0.0,0.0
2026-04-07 00:00:00-04:00,198.68480206730098,201.4393453215216,195.7413168867215,199.2317352294922,1028800,0.0,0.0
2026-04-08 00:00:00-04:00,206.59041760343334,208.86762900796396,202.86134869362408,203.60716247558594,1609800,0.0,0.0
2026-04-09 00:00:00-04:00,202.7320668606083,211.6818321298755,202.07576227281328,211.4332275390625,1305200,0.0,0.0
2026-04-10 00:00:00-04:00,213.39224027286028,214.386658670337,208.60909020877656,211.27413940429688,1593900,0.0,0.0
2026-04-13 00:00:00-04:00,211.17468604705908,213.7999499417243,209.0068461062047,209.39468383789062,932900,0.0,0.0
2026-04-14 00:00:00-04:00,210.42887333782272,217.2008600565738,210.42887333782272,215.0330352783203,1290400,0.0,0.0
2026-04-15 00:00:00-04:00,214.15793750160466,218.07594824738607,213.32262972522219,215.76889038085938,874600,0.0,0.0
2026-04-16 00:00:00-04:00,219.7167309876899,224.1418896022067,216.49482525082007,216.64398193359375,1194400,0.0,0.0
2026-04-17 00:00:00-04:00,219.89574462356325,228.03007981434592,219.02065158007971,223.1077117919922,1321100,0.0,0.0
2026-04-20 00:00:00-04:00,222.33206490020132,230.80451381039572,221.25809122085664,229.332763671875,1187800,0.0,0.0
2026-04-21 00:00:00-04:00,228.46762313798226,230.7945585089048,226.31967579238284,227.53286743164062,661600,0.0,0.0
2026-04-22 00:00:00-04:00,228.96482501871662,229.39241762575065,224.8877037154935,226.93621826171875,772300,0.0,0.0
2026-04-23 00:00:00-04:00,227.02571620770297,227.91074794733703,220.21394432469862,223.2071533203125,813400,0.0,0.0
2026-04-24 00:00:00-04:00,222.45139178243454,225.30538289229463,219.11014537045773,224.64906311035156,739600,0.0,0.0
2026-04-27 00:00:00-04:00,224.48994768871324,230.85421920601053,223.64468600227553,228.05990600585938,1010700,0.0,0.0
2026-04-28 00:00:00-04:00,228.25879604594635,230.07858356418384,224.30101500731217,225.07666015625,816500,0.0,0.0
2026-04-29 00:00:00-04:00,224.82805339082947,226.18046302764824,218.67260104031513,218.7720489501953,859300,0.0,0.0
2026-04-30 00:00:00-04:00,221.41719512474685,225.8224611651766,219.06041329938762,225.65341186523438,1051400,0.0,0.0
2026-05-01 00:00:00-04:00,225.16615159461188,227.6521976008605,223.3165479326387,223.3662567138672,912900,0.0,0.0
2026-05-04 00:00:00-04:00,221.9342824743681,222.6900501396737,215.39102301325593,216.05728149414062,892300,0.0,0.0
2026-05-05 00:00:00-04:00,216.5246574790616,218.08588640179477,212.1492076250373,214.28721618652344,865800,0.0,0.0
2026-05-06 00:00:00-04:00,217.69807039251322,226.0014699526495,217.6185151011093,225.2357635498047,1220400,0.0,0.0
2026-05-07 00:00:00-04:00,225.0269301347082,225.78269782000194,218.49360922191102,220.9597625732422,749900,0.0,0.0
2026-05-08 00:00:00-04:00,222.24256362983752,226.01140251903692,219.52779059557875,224.5496063232422,632100,0.0,0.0
2026-05-11 00:00:00-04:00,223.1773066287152,223.77396371784525,217.9665641012759,219.02064514160156,917900,0.0,0.0
2026-05-12 00:00:00-04:00,216.53460508686112,219.99517684606496,211.7315624275902,218.19528198242188,1145100,0.0,0.0
2026-05-13 00:00:00-04:00,218.0660054977917,218.0660054977917,210.9559199668687,213.4220733642578,907400,0.0,0.0
2026-05-14 00:00:00-04:00,214.7645449443472,222.5906129653858,212.97458877393373,220.22390747070312,1195500,0.0,0.0
2026-05-15 00:00:00-04:00,217.77762125990319,219.44823682458673,213.21324462037128,215.2716827392578,789700,0.0,0.0
2026-05-18 00:00:00-04:00,214.58553535140265,215.89817489516344,206.96830209938395,209.2753448486328,1250000,0.0,0.0
2026-05-19 00:00:00-04:00,208.8278653542257,213.5215214465532,205.58606681170642,210.3692169189453,908300,0.0,0.0
2026-05-20 00:00:00-04:00,211.24429079218726,220.35316686417113,208.28092824578584,217.9069061279297,1203900,0.0,0.0
2026-05-21 00:00:00-04:00,216.49483485243263,223.4458097031203,214.6253234194502,220.4923858642578,1052600,0.0,0.0
2026-05-22 00:00:00-04:00,226.55834000518772,230.178022280177,223.18726232373785,229.94931030273438,1268400,0.0,0.0
2026-05-26 00:00:00-04:00,232.31602117280772,236.4229740101194,226.5285139895304,231.82876586914062,2818300,0.0,0.0
2026-05-27 00:00:00-04:00,225.31532425071077,232.09724988929975,215.50041943911924,217.98646545410156,3171800,0.0,0.0
2026-05-28 00:00:00-04:00,222.74972511120285,229.14382824065518,215.5700229361396,225.0468292236328,2054700,0.0,0.0
2026-05-29 00:00:00-04:00,223.93308401780988,231.530440057909,220.20401498293882,226.2998046875,1806800,0.0,0.0
2026-06-01 00:00:00-04:00,224.94739366722087,224.94739366722087,211.95033785388816,215.7490234375,1736500,0.0,0.0
2026-06-02 00:00:00-04:00,215.42086251971048,217.08153942434862,212.85526123078057,213.54141235351562,974300,0.0,0.0
2026-06-03 00:00:00-04:00,214.64520933221644,223.4955266773556,213.67066841324424,222.91876220703125,942700,0.0,0.0
2026-06-04 00:00:00-04:00,225.38492674980782,226.59811842493505,214.7446527884321,216.3854522705078,1194500,0.0,0.0
2026-06-05 00:00:00-04:00,214.9932534939785,215.82856130228234,210.5680946806326,213.6309051513672,1577000,0.0,0.0
2026-06-08 00:00:00-04:00,213.45189575857458,215.29157580138317,211.26417839254552,212.18899536132812,976900,0.0,0.0
2026-06-09 00:00:00-04:00,214.85402849909946,223.1375352612506,212.35804387724428,218.35438537597656,1342400,0.0,0.0
2026-06-10 00:00:00-04:00,216.06723043705637,219.30902898404335,213.00441992013887,213.77012634277344,660100,0.0,0.0
2026-06-11 00:00:00-04:00,215.95784143123424,223.207160041772,211.5028512617918,222.6999969482422,1109200,0.0,0.0
2026-06-12 00:00:00-04:00,224.67999267578125,224.7899932861328,217.5500030517578,220.99000549316406,895400,1.25,0.0
2026-06-15 00:00:00-04:00,220.99000549316406,227.25,218.1199951171875,220.0399932861328,938900,0.0,0.0
2026-06-16 00:00:00-04:00,221.4600067138672,230.0,219.75999450683594,225.88999938964844,1213800,0.0,0.0
2026-06-17 00:00:00-04:00,227.35000610351562,231.85000610351562,223.1199951171875,224.8300018310547,1046600,0.0,0.0
2026-06-18 00:00:00-04:00,228.89999389648438,234.77999877929688,226.9600067138672,232.9600067138672,1389700,0.0,0.0
2026-06-22 00:00:00-04:00,236.72999572753906,244.3800048828125,234.0,238.57000732421875,1345000,0.0,0.0
2026-06-23 00:00:00-04:00,235.14999389648438,241.52000427246094,234.0500030517578,236.75,822800,0.0,0.0
2026-06-24 00:00:00-04:00,238.3699951171875,240.0500030517578,234.0399932861328,236.92999267578125,1490500,0.0,0.0
2026-06-25 00:00:00-04:00,238.3000030517578,239.88999938964844,229.25,237.2899932861328,1321500,0.0,0.0
2026-06-26 00:00:00-04:00,234.55999755859375,241.6999969482422,232.1199951171875,239.1699981689453,2013300,0.0,0.0
2026-06-29 00:00:00-04:00,231.1199951171875,235.32000732421875,228.00999450683594,232.33999633789062,1188300,0.0,0.0
2026-06-30 00:00:00-04:00,230.6999969482422,232.0,225.0399932861328,226.80999755859375,1312300,0.0,0.0
2026-07-01 00:00:00-04:00,228.1999969482422,232.52000427246094,226.1999969482422,229.75999450683594,1297900,0.0,0.0
2026-07-02 00:00:00-04:00,231.72999572753906,236.39999389648438,227.5,236.17999267578125,793500,0.0,0.0
2026-07-06 00:00:00-04:00,235.0,235.0,226.0,229.02000427246094,832700,0.0,0.0
2026-07-07 00:00:00-04:00,230.8699951171875,231.1699981689453,222.36000061035156,223.1300048828125,963000,0.0,0.0
2026-07-08 00:00:00-04:00,215.6699981689453,217.8699951171875,211.69000244140625,215.2100067138672,1176100,0.0,0.0
2026-07-09 00:00:00-04:00,215.35000610351562,218.91000366210938,213.41000366210938,217.32000732421875,1242900,0.0,0.0
2026-07-10 00:00:00-04:00,217.74000549316406,219.97000122070312,216.47999572753906,217.97999572753906,635700,0.0,0.0
2026-07-13 00:00:00-04:00,219.41000366210938,225.4600067138672,214.80999755859375,216.10000610351562,1336300,0.0,0.0
2026-07-14 00:00:00-04:00,219.3699951171875,219.41000366210938,206.88999938964844,211.3699951171875,1531800,0.0,0.0
2026-07-15 00:00:00-04:00,210.77999877929688,214.52000427246094,206.24000549316406,208.88999938964844,1213700,0.0,0.0
2026-07-16 00:00:00-04:00,207.99000549316406,218.8800048828125,207.22000122070312,216.8800048828125,1238100,0.0,0.0
2026-07-17 00:00:00-04:00,214.69000244140625,222.7100067138672,214.67999267578125,217.36000061035156,910800,0.0,0.0
2026-07-20 00:00:00-04:00,218.89999389648438,220.36000061035156,213.02999877929688,214.32000732421875,745200,0.0,0.0
2026-07-21 00:00:00-04:00,214.74000549316406,214.74000549316406,207.3000030517578,208.41000366210938,1034100,0.0,0.0
2026-07-22 00:00:00-04:00,209.44000244140625,210.25,206.5399932861328,210.1300048828125,819700,0.0,0.0
2026-07-23 00:00:00-04:00,207.52999877929688,208.3000030517578,202.72999572753906,204.36000061035156,971600,0.0,0.0
2026-07-24 00:00:00-04:00,204.30999755859375,207.41000366210938,202.72999572753906,206.0399932861328,886100,0.0,0.0
2026-07-27 00:00:00-04:00,206.77000427246094,207.85000610351562,203.64999389648438,205.60000610351562,1142500,0.0,0.0
2026-07-28 00:00:00-04:00,208.0399932861328,211.49000549316406,205.27999877929688,211.3699951171875,1295200,0.0,0.0
2026-07-29 00:00:00-04:00,208.25,213.67999267578125,205.42999267578125,205.99000549316406,1055100,0.0,0.0
2026-07-30 00:00:00-04:00,205.6300048828125,206.11000061035156,198.80999755859375,199.91000366210938,1554800,0.0,0.0
2026-07-31 00:00:00-04:00,198.75,200.07000732421875,195.17999267578125,195.91000366210938,1443700,0.0,0.0
2026-08-03 00:00:00-04:00,200.16000366210938,203.35000610351562,196.61000061035156,200.82000732421875,1895500,0.0,0.0
2026-08-04 00:00:00-04:00,199.80999755859375,203.57000732421875,198.0,200.74000549316406,1589800,0.0,0.0
2026-08-05 00:00:00-04:00,198.6699981689453,201.6199951171875,197.7899932861328,200.32000732421875,1347600,0.0,0.0
2026-08-06 00:00:00-04:00,201.4199981689453,203.1699981689453,198.5800018310547,198.6199951171875,1245300,0.0,0.0
2026-08-07 00:00:00-04:00,198.02999877929688,209.44000244140625,197.8800048828125,208.83999633789062,1520400,0.0,0.0
2026-08-10 00:00:00-04:00,215.8300018310547,216.02000427246094,209.6199951171875,214.10000610351562,1989400,0.0,0.0
2026-08-11 00:00:00-04:00,208.92999267578125,210.14999389648438,204.39999389648438,205.02999877929688,1605500,0.0,0.0
2026-08-12 00:00:00-04:00,205.5,205.5,201.10000610351562,202.66000366210938,1241400,0.0,0.0
2026-08-13 00:00:00-04:00,204.5,204.5,200.00999450683594,202.25999450683594,1128800,0.0,0.0
2026-08-14 00:00:00-04:00,200.3699951171875,203.75,200.0,201.97000122070312,1246900,0.0,0.0
2026-08-17 00:00:00-04:00,197.22999572753906,200.49000549316406,194.0800018310547,196.24000549316406,1647000,0.0,0.0
2026-08-18 00:00:00-04:00,197.58999633789062,199.5,191.39999389648438,191.52000427246094,1375600,0.0,0.0
2026-08-19 00:00:00-04:00,191.77000427246094,194.5500030517578,189.0800018310547,191.2899932861328,1536500,0.0,0.0
2026-08-20 00:00:00-04:00,186.13999938964844,186.9499969482422,176.07000732421875,179.33999633789062,4207400,0.0,0.0
2026-08-21 00:00:00-04:00,181.25,183.39999389648438,178.25999450683594,183.22999572753906,2240800,0.0,0.0
2026-08-24 00:00:00-04:00,184.7899932861328,185.6300048828125,175.64999389648438,179.3300018310547,3918028,0.0,0.0
