Date,Open,High,Low,Close,Volume,Dividends,Stock Splits
2022-01-03 00:00:00-05:00,14.485873560860906,14.618993116651877,14.401160067067497,14.534280776977539,155500,0.0,0.0
2022-01-04 00:00:00-05:00,14.594793508186156,14.631098640257552,14.255941761788671,14.455621719360352,174200,0.0,0.0
2022-01-05 00:00:00-05:00,14.346701575186104,14.534280544491788,14.207530975341799,14.207530975341797,123800,0.0,0.0
2022-01-06 00:00:00-05:00,14.171227103307313,14.219634322922708,13.947342991261634,14.116768836975098,139400,0.0,0.0
2022-01-07 00:00:00-05:00,14.134921993960747,14.268041559531849,14.08046372756367,14.122819900512695,111600,0.0,0.0
2022-01-10 00:00:00-05:00,14.09256456022818,14.21358202152447,13.947341760082152,14.207530975341797,109100,0.0,0.0
2022-01-11 00:00:00-05:00,14.22568641272138,14.425366352541083,14.153075000914564,14.40721321105957,85500,0.0,0.0
2022-01-12 00:00:00-05:00,14.461671230549259,14.461671230549259,14.280144435359627,14.389060974121094,161200,0.0,0.0
2022-01-13 00:00:00-05:00,14.407213094434956,14.407213094434956,14.026006359362887,14.104667663574219,155700,0.0,0.0
2022-01-14 00:00:00-05:00,14.013904642040401,14.231737727436855,13.923141241164966,14.171228408813477,177700,0.0,0.0
2022-01-18 00:00:00-05:00,14.098618144248926,14.134924430852362,13.70530927233319,13.76581859588623,320900,0.0,0.0
2022-01-19 00:00:00-05:00,13.765816950408936,13.89288547597395,13.523780839247568,13.529831886291504,196600,0.0,0.0
2022-01-20 00:00:00-05:00,13.572192118555627,13.832381448626057,13.38461422059863,13.39671516418457,212000,0.0,0.0
2022-01-21 00:00:00-05:00,13.336206689264376,13.499580388201021,13.009456983152019,13.069966316223145,254200,0.0,0.0
2022-01-24 00:00:00-05:00,12.846079886771752,13.003403663635254,12.132072420283302,13.003403663635254,435800,0.0,0.0
2022-01-25 00:00:00-05:00,12.755314939594411,13.18493003878236,12.725060859055754,12.9247407913208,168000,0.0,0.0
2022-01-26 00:00:00-05:00,12.979198638948256,13.239386723858294,12.767416619683623,12.846077919006348,165700,0.0,0.0
2022-01-27 00:00:00-05:00,12.906587889589387,13.057860603323027,12.767417269943051,12.809773445129395,138600,0.0,0.0
2022-01-28 00:00:00-05:00,12.767414967435343,13.203079888936402,12.731109845840006,13.172825813293457,100400,0.0,0.0
2022-01-31 00:00:00-05:00,13.203081342876224,13.705306671040255,13.190979249638746,13.656899452209473,119900,0.0,0.0
2022-02-01 00:00:00-05:00,13.747662809159483,13.790020135385616,13.572187074127738,13.644797325134277,116800,0.0,0.0
2022-02-02 00:00:00-05:00,13.669001545446951,13.777918076345992,13.529830935573347,13.656899452209473,129800,0.0,0.0
2022-02-03 00:00:00-05:00,13.523780761886654,13.632697299816032,13.348303860973944,13.37250804901123,122300,0.0,0.0
2022-02-04 00:00:00-05:00,13.330151874065185,13.481424586940609,13.269642558091176,13.37250804901123,102100,0.0,0.0
2022-02-07 00:00:00-05:00,13.372508298702016,13.560086143016607,13.342253063090482,13.390660285949707,94500,0.0,0.0
2022-02-08 00:00:00-05:00,13.348303811411583,13.481424536883969,13.239387273886612,13.354354858398438,125200,0.0,0.0
2022-02-09 00:00:00-05:00,13.402760591789846,13.566135379934439,13.402760591789846,13.433015823364258,259000,0.0,0.0
2022-02-10 00:00:00-05:00,13.311997568218901,13.433016189577625,12.997350075981505,13.045757293701172,235000,0.0,0.0
2022-02-11 00:00:00-05:00,13.063912336053285,13.178879927678546,12.712959667935529,12.779520034790039,417800,0.0,0.0
2022-02-14 00:00:00-05:00,12.719009296771338,12.809772688828927,12.531430311850622,12.555634498596191,191300,0.0,0.0
2022-02-15 00:00:00-05:00,12.628245956505067,12.852128914224037,12.628245956505067,12.70085620880127,177900,0.0,0.0
2022-02-16 00:00:00-05:00,12.646395754781283,12.749261222838523,12.573785515046145,12.670599937438965,147400,0.0,0.0
2022-02-17 00:00:00-05:00,12.579840833246548,12.682705182121019,12.380159720859131,12.43461799621582,172700,0.0,0.0
2022-02-18 00:00:00-05:00,12.4104159414309,12.495128307968903,12.210735967363153,12.307550430297852,161800,0.0,0.0
2022-02-22 00:00:00-05:00,12.174428203235857,12.30149672560253,12.065511667424888,12.1804780960083,234400,0.0,0.0
2022-02-23 00:00:00-05:00,12.20468446216836,12.313601017421446,11.932393074035645,11.932393074035645,202700,0.0,0.0
2022-02-24 00:00:00-05:00,11.696721789265835,12.25488959455297,11.61609685412046,12.230081558227539,254300,0.48,0.0
2022-02-25 00:00:00-05:00,12.242483661972448,12.496760079984263,12.174262755657832,12.453347206115723,321400,0.0,0.0
2022-02-28 00:00:00-05:00,12.24868538546791,12.496759789603834,12.199070504640725,12.409934043884277,167200,0.0,0.0
2022-03-01 00:00:00-05:00,12.34791548791671,12.58358706553427,12.248685723523662,12.329309463500977,115200,0.0,0.0
2022-03-02 00:00:00-05:00,12.40993475595192,12.564981415297277,12.341713847308078,12.465751647949219,127600,0.0,0.0
2022-03-03 00:00:00-05:00,12.49676085466935,12.577385782205013,12.33551218251019,12.385127067565918,112900,0.0,0.0
2022-03-04 00:00:00-05:00,12.279695142825618,12.422338970711472,12.242484275204687,12.310705184936523,143300,0.0,0.0
2022-03-07 00:00:00-05:00,12.310706425545455,12.372725333105052,12.031621932983398,12.031621932983398,130800,0.0,0.0
2022-03-08 00:00:00-05:00,11.969600576370036,12.248685011829703,11.919985697056322,11.99440860748291,173600,0.0,0.0
2022-03-09 00:00:00-05:00,12.161861735437423,12.354119283907897,12.161861735437423,12.30450439453125,103300,0.0,0.0
2022-03-10 00:00:00-05:00,12.186668093390042,12.19907211095816,12.006814570301241,12.093640327453613,144300,0.0,0.0
2022-03-11 00:00:00-05:00,12.112247086369745,12.242485729975298,11.870373460811539,11.876575469970703,156900,0.0,0.0
2022-03-14 00:00:00-04:00,11.876573920486369,12.050226605550366,11.684316393284465,11.740133285522461,183400,0.0,0.0
2022-03-15 00:00:00-04:00,11.795951313192084,11.932391961289229,11.764941268457104,11.913785934448242,121900,0.0,0.0
2022-03-16 00:00:00-04:00,11.975804581994897,12.279695916351647,11.969602573182039,12.242485046386719,105600,0.0,0.0
2022-03-17 00:00:00-04:00,12.19907073593045,12.60839380624335,12.15565786224758,12.577384948730469,122800,0.0,0.0
2022-03-18 00:00:00-04:00,12.502962130698418,12.825459456123726,12.502962130698418,12.77584457397461,90600,0.0,0.0
2022-03-21 00:00:00-04:00,12.87507399529073,12.899880844248404,12.571182702358808,12.633201599121094,115900,0.0,0.0
2022-03-22 00:00:00-04:00,12.738633309016,12.86887192698529,12.62079752401136,12.813055038452148,112400,0.0,0.0
2022-03-23 00:00:00-04:00,12.806855113488078,12.806855113488078,12.527771808342854,12.558780670166016,121900,0.0,0.0
2022-03-24 00:00:00-04:00,12.564980584647856,12.751036090397621,12.527769720080315,12.713825225830078,110900,0.0,0.0
2022-03-25 00:00:00-04:00,12.757237512832463,12.757237512832463,12.49675910698991,12.626998901367188,128000,0.0,0.0
2022-03-28 00:00:00-04:00,12.627000165663961,12.788248831417658,12.509164374745469,12.720027923583984,115800,0.0,0.0
2022-03-29 00:00:00-04:00,12.831664936267051,13.079739414136991,12.732435145119076,13.06113338470459,141500,0.0,0.0
2022-03-30 00:00:00-04:00,13.061129062220235,13.116945949132838,12.875073561119581,12.899880409240723,149300,0.0,0.0
2022-03-31 00:00:00-04:00,12.9618998692263,13.061129631862682,12.868872114618702,12.88127613067627,107400,0.0,0.0
2022-04-01 00:00:00-04:00,12.89988062799443,13.24718597087616,12.89988062799443,13.240983963012695,120800,0.0,0.0
2022-04-04 00:00:00-04:00,13.240982351048409,13.321606077634177,13.20377149130974,13.284395217895508,117900,0.0,0.0
2022-04-05 00:00:00-04:00,13.228581246590398,13.358821058691149,13.141755493798007,13.160360336303711,113700,0.0,0.0
2022-04-06 00:00:00-04:00,13.030120449754058,13.191369105745828,12.974303561798752,13.067331314086914,115200,0.0,0.0
2022-04-07 00:00:00-04:00,13.079735407712482,13.327809809595305,13.079735407712482,13.21617603302002,141100,0.0,0.0
2022-04-08 00:00:00-04:00,13.234782931023224,13.334012698331323,13.185168047369173,13.290599822998047,85200,0.0,0.0
2022-04-11 00:00:00-04:00,13.271992842285687,13.290598865908139,13.04872647337651,13.067331314086914,91900,0.0,0.0
2022-04-12 00:00:00-04:00,13.098341780148973,13.234782409088824,12.96189996829703,13.07973575592041,92600,0.0,0.0
2022-04-13 00:00:00-04:00,13.110743982802626,13.39603042602539,13.06733111126943,13.39603042602539,91100,0.0,0.0
2022-04-14 00:00:00-04:00,13.377427555106166,13.55108026507255,13.2285828820974,13.48906135559082,210500,0.0,0.0
2022-04-18 00:00:00-04:00,13.575885356091385,13.575885356091385,13.160360254311783,13.234783172607422,160400,0.0,0.0
2022-04-19 00:00:00-04:00,13.209974942445438,13.451848536125599,13.141755216510333,13.389829635620117,104300,0.0,0.0
2022-04-20 00:00:00-04:00,13.445647279118315,13.606895956278187,13.284398601958445,13.544877052307129,131400,0.0,0.0
2022-04-21 00:00:00-04:00,13.650306987548603,13.836362491379685,13.414635420923053,13.470452308654785,184600,0.0,0.0
2022-04-22 00:00:00-04:00,13.513865827553726,13.513865827553726,13.147955659343161,13.20377254486084,157100,0.0,0.0
2022-04-25 00:00:00-04:00,13.147958066478022,13.160360901043337,12.930892492270125,13.141756057739258,93700,0.0,0.0
2022-04-26 00:00:00-04:00,13.12935100476178,13.216176754432185,12.720027923583984,12.720027923583984,109300,0.0,0.0
2022-04-27 00:00:00-04:00,12.73863296617241,12.844063549550752,12.626999192110604,12.670412063598633,89300,0.0,0.0
2022-04-28 00:00:00-04:00,12.782050122331306,12.850269864860993,12.502965593624864,12.73243522644043,90400,0.0,0.0
2022-04-29 00:00:00-04:00,12.713826789320171,12.955699213121674,12.515367243338199,12.52156925201416,81300,0.0,0.0
2022-05-02 00:00:00-04:00,12.502962112426758,12.664210774903765,12.403732348273538,12.502962112426758,136100,0.0,0.0
2022-05-03 00:00:00-04:00,12.527770899411031,12.72002843117267,12.478156014346345,12.65800952911377,96600,0.0,0.0
2022-05-04 00:00:00-04:00,12.670412903433316,12.81305554289508,12.39753045796273,12.751036643981934,151900,0.0,0.0
2022-05-05 00:00:00-04:00,12.682819541668133,12.682819541668133,12.347918128051537,12.484358787536621,125100,0.0,0.0
2022-05-06 00:00:00-04:00,12.409934818461863,12.409934818461863,11.913784796310285,12.013015747070312,189300,0.0,0.0
2022-05-09 00:00:00-04:00,11.845566826615427,11.963402636998742,11.634703242945205,11.721529006958008,195900,0.0,0.0
2022-05-10 00:00:00-04:00,11.895179725193048,12.075033232363358,11.597490427379494,11.845564842224121,121800,0.0,0.0
2022-05-11 00:00:00-04:00,11.81455631890688,12.031621903375166,11.609894752502441,11.609894752502441,132000,0.0,0.0
2022-05-12 00:00:00-04:00,11.51066486881267,11.839364247032576,11.442445135908356,11.634702682495117,152800,0.0,0.0
2022-05-13 00:00:00-04:00,11.777343349826326,12.000610903557725,11.7649393339719,11.814554214477539,103600,0.0,0.0
2022-05-16 00:00:00-04:00,11.870373054731525,12.062631783351632,11.808355331086075,11.913785934448242,106400,0.0,0.0
2022-05-17 00:00:00-04:00,11.919986934724202,12.360320069401817,11.919986934724202,12.310705184936523,116000,0.0,0.0
2022-05-18 00:00:00-04:00,12.248686998318403,12.267293024670577,12.050227448877427,12.093640327453613,78900,0.0,0.0
2022-05-19 00:00:00-04:00,12.081236130545218,12.186667912484678,11.895180601434266,12.025419235229492,93400,0.0,0.0
2022-05-20 00:00:00-04:00,12.09364071661135,12.130851587600876,11.771143346936105,12.006814956665039,109900,0.0,0.0
2022-05-23 00:00:00-04:00,12.07503375189551,12.23008041570835,12.019216858289916,12.056428909301758,107200,0.0,0.0
2022-05-24 00:00:00-04:00,12.037821668204277,12.124647412639819,11.87037100429683,12.062629699707031,137000,0.0,0.0
2022-05-25 00:00:00-04:00,12.031622556707735,12.36652396514363,12.000613692776561,12.211477279663086,140300,0.0,0.0
2022-05-26 00:00:00-04:00,12.274914294405544,12.496941405560765,12.274914294405544,12.420817375183105,138300,0.44,0.0
2022-05-27 00:00:00-04:00,12.439845190890908,12.718963733986469,12.332003550619874,12.668214797973633,146000,0.0,0.0
2022-05-31 00:00:00-04:00,12.674564000809127,12.674564000809127,12.332008838329456,12.414475440979004,106500,0.0,0.0
2022-06-01 00:00:00-04:00,12.458876039240645,12.503281209693922,12.116321002922392,12.249536514282227,94800,0.0,0.0
2022-06-02 00:00:00-04:00,12.249539214296187,12.636500716310987,12.078262263359681,12.420817375183105,80800,0.0,0.0
2022-06-03 00:00:00-04:00,12.408129229271799,12.509627124852521,12.173415799472759,12.205133438110352,81900,0.0,0.0
2022-06-06 00:00:00-04:00,12.31297278056709,12.31297278056709,12.046540552442528,12.071915626525879,92100,0.0,0.0
2022-06-07 00:00:00-04:00,12.065572023559394,12.312972949516086,12.065572023559394,12.306629180908203,78200,0.0,0.0
2022-06-08 00:00:00-04:00,12.287601011504123,12.592094692720611,12.167071808957889,12.370067596435547,69200,0.0,0.0
2022-06-09 00:00:00-04:00,12.370066390171319,12.401784025140389,12.065572738647461,12.065572738647461,107400,0.0,0.0
2022-06-10 00:00:00-04:00,11.926013380175347,11.96407599771455,11.81817171704827,11.837203025817871,115000,0.0,0.0
2022-06-13 00:00:00-04:00,11.627862713357684,11.672267887650145,11.32336905253774,11.386805534362793,169200,0.0,0.0
2022-06-14 00:00:00-04:00,11.41852296983549,11.481959450546846,11.145746949741827,11.247244834899902,140300,0.0,0.0
2022-06-15 00:00:00-04:00,11.259932966829433,11.551739099559859,11.20918402157413,11.399492263793945,238000,0.0,0.0
2022-06-16 00:00:00-04:00,11.266275826804561,11.304337230186109,11.050592524392126,11.120372772216797,115700,0.0,0.0
2022-06-17 00:00:00-04:00,11.120372500499279,11.431209908745615,11.120372500499279,11.278963088989258,87500,0.0,0.0
2022-06-21 00:00:00-04:00,11.405835985377374,11.62151930429577,11.405835985377374,11.456584930419922,117000,0.0,0.0
2022-06-22 00:00:00-04:00,11.399489481975822,11.703984289152054,11.386803156220562,11.526362419128418,104600,0.0,0.0
2022-06-23 00:00:00-04:00,11.608830968444558,11.919669596680963,11.526364392144222,11.875263214111328,94400,0.0,0.0
2022-06-24 00:00:00-04:00,11.983105493484134,12.090947151184082,11.926012779998851,12.090947151184082,105400,0.0,0.0
2022-06-27 00:00:00-04:00,12.090945502350701,12.11632057597279,11.98944762776256,12.052884101867676,84000,0.0,0.0
2022-06-28 00:00:00-04:00,12.109979068430501,12.15438424560924,11.811829157408733,11.837203025817871,104500,0.0,0.0
2022-06-29 00:00:00-04:00,11.792794709413077,11.99579044245031,11.748389544054934,11.932353973388672,80100,0.0,0.0
2022-06-30 00:00:00-04:00,11.913325351340829,11.976760618288894,11.7737648601747,11.856232643127441,76400,0.0,0.0
2022-07-01 00:00:00-04:00,11.837200600024733,12.109976586737481,11.81816929515521,12.033852577209473,64700,0.0,0.0
2022-07-05 00:00:00-04:00,11.951388699158544,12.230508516980711,11.843547033860231,12.205133438110352,80600,0.0,0.0
2022-07-06 00:00:00-04:00,12.255882601965313,12.319319090309204,12.148040934765808,12.224164962768555,94500,0.0,0.0
2022-07-07 00:00:00-04:00,12.287599189276165,12.43984600730649,12.224162712609324,12.376409530639648,86400,0.0,0.0
2022-07-08 00:00:00-04:00,12.325661092341727,12.49693922331971,12.243193306337423,12.458876609802246,66500,0.0,0.0
2022-07-11 00:00:00-04:00,12.427159739999674,12.427159739999674,12.255881598480164,12.281256675720215,66500,0.0,0.0
2022-07-12 00:00:00-04:00,12.25588236475049,12.325662621573201,12.116323061055427,12.14169692993164,53000,0.0,0.0
2022-07-13 00:00:00-04:00,12.05922911457267,12.243193577514267,12.014823941102291,12.07826042175293,177100,0.0,0.0
2022-07-14 00:00:00-04:00,11.926010205487508,12.059226911511947,11.8752612722282,11.932353973388672,106100,0.0,0.0
2022-07-15 00:00:00-04:00,11.989448018917006,12.243192713665751,11.989448018917006,12.186100006103516,121100,0.0,0.0
2022-07-18 00:00:00-04:00,12.319316899898487,12.382753376963187,11.862576442942938,11.919669151306152,114700,0.0,0.0
2022-07-19 00:00:00-04:00,11.995791747420444,12.243192672729494,11.995791747420444,12.243192672729492,154400,0.0,0.0
2022-07-20 00:00:00-04:00,12.255882385900714,12.351036511763846,12.122666851682398,12.205133438110352,118400,0.0,0.0
2022-07-21 00:00:00-04:00,12.243194059860137,12.306630543009987,12.186101346020301,12.281256675720215,67900,0.0,0.0
2022-07-22 00:00:00-04:00,12.293944334275512,12.37006836428003,12.12266738417856,12.129011154174805,143700,0.0,0.0
2022-07-25 00:00:00-04:00,12.22416118230319,12.255878811690899,12.09094447698481,12.167068481445312,88900,0.0,0.0
2022-07-26 00:00:00-04:00,12.179759518650567,12.351036460513352,12.148040670194236,12.262226104736328,57200,0.0,0.0
2022-07-27 00:00:00-04:00,12.319317600216118,12.370066542762777,12.230507253247024,12.300286293029785,84600,0.0,0.0
2022-07-28 00:00:00-04:00,12.300287269177627,12.420816471022446,12.097291482881296,12.363723754882812,110100,0.0,0.0
2022-07-29 00:00:00-04:00,12.312973063886067,12.376409540603982,12.20513141645066,12.255880355834961,151900,0.0,0.0
2022-08-01 00:00:00-04:00,12.243191310564281,12.29394024369807,12.090944511162913,12.109975814819336,94600,0.0,0.0
2022-08-02 00:00:00-04:00,12.052884825010716,12.281255661510766,12.052884825010716,12.154382705688477,101600,0.0,0.0
2022-08-03 00:00:00-04:00,12.300287504817573,12.49059696557894,12.274913636019601,12.446191787719727,104600,0.0,0.0
2022-08-04 00:00:00-04:00,12.42715816276183,12.66187154769141,12.42715816276183,12.592092514038086,104300,0.0,0.0
2022-08-05 00:00:00-04:00,12.515969118135466,12.649185843396229,12.45887640873088,12.623810768127441,111300,0.0,0.0
2022-08-08 00:00:00-04:00,12.674560382846387,12.871213596788477,12.623811439559775,12.782402038574219,88400,0.0,0.0
2022-08-09 00:00:00-04:00,12.78240166862281,12.826806841469631,12.496939324628881,12.528656959533691,89300,0.0,0.0
2022-08-10 00:00:00-04:00,12.661871827635203,12.801432317927674,12.636497963004851,12.776057243347168,78600,0.0,0.0
2022-08-11 00:00:00-04:00,12.833152258878727,12.947337695123679,12.661874104511298,12.687249183654785,96400,0.0,0.0
2022-08-12 00:00:00-04:00,12.687247149280749,12.87755537253989,12.687247149280749,12.858525276184082,99400,0.0,0.0
2022-08-15 00:00:00-04:00,12.8712118517426,13.15033039700167,12.845836778564458,13.137642860412598,92100,0.0,0.0
2022-08-16 00:00:00-04:00,13.137642197863649,13.14398596583826,12.93464646247619,13.042488098144531,75700,0.0,0.0
2022-08-17 00:00:00-04:00,12.985396990811727,13.017115834579569,12.744339827926996,12.795088768005371,141800,0.0,0.0
2022-08-18 00:00:00-04:00,12.78874678362932,12.896588447586476,12.706280198226949,12.845839500427246,92100,0.0,0.0
2022-08-19 00:00:00-04:00,12.788743200663228,12.807774504247401,12.68724533478098,12.744338035583496,84200,0.0,0.0
2022-08-22 00:00:00-04:00,12.750682095194376,12.820461123366291,12.560372684848174,12.649184226989746,155700,0.0,0.0
2022-08-23 00:00:00-04:00,12.598435767174779,12.674558566218996,12.439845190890908,12.668214797973633,114100,0.0,0.0
2022-08-24 00:00:00-04:00,12.687247305964998,12.814120263004725,12.655529671680164,12.750683784484863,77600,0.0,0.0
2022-08-25 00:00:00-04:00,12.841300935597438,12.847773513596877,12.685962767164972,12.821883201599121,89600,0.4,0.0
2022-08-26 00:00:00-04:00,12.821880603641207,12.821880603641207,12.42706330181714,12.446479797363281,115000,0.0,0.0
2022-08-29 00:00:00-04:00,12.368812133394472,12.401173784376313,12.200528832349626,12.278197288513184,136700,0.0,0.0
2022-08-30 00:00:00-04:00,12.291141389308782,12.297613965853992,12.058133571752185,12.155220985412598,85500,0.0,0.0
2022-08-31 00:00:00-04:00,12.17463671153408,12.297613189089926,12.038716316223145,12.038716316223145,146200,0.0,0.0
2022-09-01 00:00:00-04:00,12.038717205602026,12.297614097595215,11.96104752074519,12.297614097595215,99600,0.0,0.0
2022-09-02 00:00:00-04:00,12.355866141022407,12.368811294344138,12.032244715085765,12.05166244506836,72400,0.0,0.0
2022-09-06 00:00:00-04:00,12.077551101692881,12.13580305511887,11.948102041964523,11.973992347717285,69400,0.0,0.0
2022-09-07 00:00:00-04:00,11.961048113008157,12.284669552653515,11.961048113008157,12.258780479431152,91800,0.0,0.0
2022-09-08 00:00:00-04:00,12.226417128043348,12.50473175303725,12.16816517236938,12.446479797363281,132100,0.0,0.0
2022-09-09 00:00:00-04:00,12.530623425782233,12.582402810412825,12.459426308970954,12.524150848388672,63400,0.0,0.0
2022-09-12 00:00:00-04:00,12.588873414278156,12.588873414278156,12.446479202978406,12.491786003112793,77200,0.0,0.0
2022-09-13 00:00:00-04:00,12.245832795659652,12.349391536190245,11.980463368735307,12.012825012207031,122600,0.0,0.0
2022-09-14 00:00:00-04:00,12.01929702528549,12.168162553516414,11.973990232738469,12.071076393127441,47200,0.0,0.0
2022-09-15 00:00:00-04:00,12.038717979353034,12.226417775167755,12.038717979353034,12.129331588745117,44900,0.0,0.0
2022-09-16 00:00:00-04:00,12.064604418531827,12.071076994149031,11.941629185357668,12.032242774963379,43300,0.0,0.0
2022-09-19 00:00:00-04:00,11.909266459977543,12.045188080646525,11.779818649526343,11.902793884277344,85300,0.0,0.0
2022-09-20 00:00:00-04:00,11.857488283961313,11.941630542026653,11.779819836766224,11.81865406036377,79900,0.0,0.0
2022-09-21 00:00:00-04:00,11.857488099833668,11.954574274578793,11.650370597839355,11.650370597839355,82100,0.0,0.0
2022-09-22 00:00:00-04:00,11.65037007949872,11.682731724801384,11.43030743479122,11.456197738647461,214500,0.0,0.0
2022-09-23 00:00:00-04:00,11.326748131056476,11.391472652994599,11.139047140887676,11.242607116699219,161600,0.0,0.0
2022-09-26 00:00:00-04:00,11.177884285599983,11.307332114539768,11.05490779876709,11.05490779876709,98100,0.0,0.0
2022-09-27 00:00:00-04:00,11.100214622607592,11.346167596760527,11.022546171993438,11.067852973937988,197900,0.0,0.0
2022-09-28 00:00:00-04:00,11.216717354662894,11.546811321389098,11.210244778705404,11.449725151062012,129600,0.0,0.0
2022-09-29 00:00:00-04:00,11.352639350531225,11.501504898849687,11.126104122710531,11.216717720031738,124600,0.0,0.0
2022-09-30 00:00:00-04:00,11.21671833755872,11.456198730900455,11.171411536403788,11.184356689453125,91200,0.0,0.0
2022-10-03 00:00:00-04:00,11.223190810924766,11.533867074146764,11.197300505064069,11.417363166809082,122300,0.0,0.0
2022-10-04 00:00:00-04:00,11.585646404542373,11.728040617165457,11.579173828103348,11.682732582092285,137400,0.0,0.0
2022-10-05 00:00:00-04:00,11.637425825851427,11.812181686817363,11.533867071468144,11.708622932434082,102400,0.0,0.0
2022-10-06 00:00:00-04:00,11.708623551366774,11.825127464835944,11.650371594632189,11.676261901855469,81700,0.0,0.0
2022-10-07 00:00:00-04:00,11.618009941533607,11.650371591034919,11.281443354841661,11.37205696105957,125400,0.0,0.0
2022-10-10 00:00:00-04:00,11.37205625397982,11.48856016016916,11.268497500593233,11.287915229797363,146500,0.0,0.0
2022-10-11 00:00:00-04:00,11.287915007483043,11.630952908375871,11.255552126113546,11.385001182556152,133100,0.0,0.0
2022-10-12 00:00:00-04:00,11.423836708068848,11.488561243669142,11.32027794491551,11.423836708068848,87100,0.0,0.0
2022-10-13 00:00:00-04:00,11.223191907178377,11.637426965269162,11.18435767911183,11.585647583007812,63300,0.0,0.0
2022-10-14 00:00:00-04:00,11.669789321446384,11.682733240536232,11.37205696105957,11.37205696105957,90300,0.0,0.0
2022-10-17 00:00:00-04:00,11.41088886322893,11.618007575212511,11.41088886322893,11.572699546813965,109100,0.0,0.0
2022-10-18 00:00:00-04:00,11.753930137219754,11.779820443964455,11.475615512303083,11.482088088989258,117300,0.0,0.0
2022-10-19 00:00:00-04:00,11.417363975746827,11.456199437289426,11.203773875333802,11.262025833129883,94600,0.0,0.0
2022-10-20 00:00:00-04:00,11.23613618736475,11.456198853487258,11.23613618736475,11.320277214050293,137600,0.0,0.0
2022-10-21 00:00:00-04:00,11.287916076193993,11.527395248413086,11.255553191760459,11.527395248413086,105200,0.0,0.0
2022-10-24 00:00:00-04:00,11.66978774604178,11.740983612236887,11.527393544616311,11.702149391174316,159700,0.0,0.0
2022-10-25 00:00:00-04:00,11.715096614808447,11.902796411902946,11.715096614808447,11.870434761047363,155900,0.0,0.0
2022-10-26 00:00:00-04:00,11.863959893746001,12.148747057467437,11.682731474192794,12.090495109558105,188800,0.0,0.0
2022-10-27 00:00:00-04:00,12.155221979744303,12.155221979744303,11.84454445274862,11.870434761047363,140500,0.0,0.0
2022-10-28 00:00:00-04:00,11.857487119722512,12.194053649902344,11.857487119722512,12.194053649902344,139800,0.0,0.0
2022-10-31 00:00:00-04:00,12.148746466328156,12.219942327906027,12.077549370232736,12.135801315307617,114400,0.0,0.0
2022-11-01 00:00:00-04:00,12.206998801336395,12.25230559683799,12.12932912724967,12.194053649902344,91300,0.0,0.0
2022-11-02 00:00:00-04:00,12.129327442134146,12.349390047869601,12.077548078109182,12.103438377380371,112000,0.0,0.0
2022-11-03 00:00:00-04:00,12.032241288902014,12.122854867316349,11.954571625605858,12.103438377380371,130900,0.0,0.0
2022-11-04 00:00:00-04:00,12.20699857659007,12.20699857659007,11.851014325813281,12.012825012207031,181900,0.0,0.0
2022-11-07 00:00:00-05:00,12.045188627733626,12.161692526593571,11.915739576885324,12.109911918640137,114200,0.0,0.0
2022-11-08 00:00:00-05:00,12.103442878094326,12.336449485592405,12.07755256919572,12.181111335754395,90700,0.0,0.0
2022-11-09 00:00:00-05:00,12.10991469880567,12.291143164695768,11.97399427527654,11.986939430236816,116600,0.0,0.0
2022-11-10 00:00:00-05:00,12.291140001216572,12.375282252284011,12.200526408852506,12.355864524841309,202700,0.0,0.0
2022-11-11 00:00:00-05:00,12.304086337448938,12.304086337448938,12.090496253085762,12.265252113342285,178500,0.0,0.0
2022-11-14 00:00:00-05:00,12.258779883356178,12.440007090654122,12.245834730115536,12.304086685180664,130700,0.0,0.0
2022-11-15 00:00:00-05:00,12.42059019903413,12.491786070550646,12.187582386207692,12.239361763000488,203200,0.0,0.0
2022-11-16 00:00:00-05:00,12.226416858374423,12.34292076715272,12.142275832322177,12.155220985412598,97600,0.0,0.0
2022-11-17 00:00:00-05:00,12.090496443490936,12.219944270724273,12.032244489154724,12.148748397827148,173000,0.0,0.0
2022-11-18 00:00:00-05:00,12.168166222616433,12.304087875759825,12.129331993654556,12.207001686096191,118800,0.0,0.0
2022-11-21 00:00:00-05:00,12.245834350585938,12.310558880265408,12.181109820906467,12.245834350585938,107300,0.0,0.0
2022-11-22 00:00:00-05:00,12.284667413692818,12.368809664680054,12.168163518182864,12.34939193725586,127800,0.0,0.0
2022-11-23 00:00:00-05:00,12.349391724500538,12.435288488239932,12.25688606322972,12.283316612243652,191000,0.39,0.0
2022-11-25 00:00:00-05:00,12.256888588728124,12.362608286011222,12.230459294546451,12.32296371459961,81400,0.0,0.0
2022-11-28 00:00:00-05:00,12.250281747289836,12.468328772228094,12.250281747289836,12.303141593933105,120600,0.0,0.0
2022-11-29 00:00:00-05:00,12.349393525224697,12.40886100889934,12.256887850465183,12.309747695922852,150700,0.0,0.0
2022-11-30 00:00:00-05:00,12.322961425750863,12.706195572290294,12.322961425750863,12.673158645629883,200100,0.0,0.0
2022-12-01 00:00:00-05:00,12.712805165245795,12.772272650604593,12.640122403078784,12.719412803649902,153000,0.0,0.0
2022-12-02 00:00:00-05:00,12.65994294220706,12.884597564669688,12.62029837950128,12.818522453308105,152800,0.0,0.0
2022-12-05 00:00:00-05:00,12.752447936029332,12.785486123388196,12.587260780068963,12.613691329956055,166400,0.0,0.0
2022-12-06 00:00:00-05:00,12.607085740834883,12.633516295016308,12.356001777502282,12.428683280944824,143500,0.0,0.0
2022-12-07 00:00:00-05:00,12.369212340289568,12.944064130429922,12.369212340289568,12.864773750305176,276000,0.0,0.0
2022-12-08 00:00:00-05:00,12.871382290341787,12.957280313195223,12.778877890602326,12.818522453308105,185300,0.0,0.0
2022-12-09 00:00:00-05:00,12.772272242189983,12.844955002032842,12.554225222939527,12.587262153625488,177700,0.0,0.0
2022-12-12 00:00:00-05:00,12.587260570787029,12.686373870937732,12.527793094807793,12.626906394958496,177600,0.0,0.0
2022-12-13 00:00:00-05:00,12.911030107432925,12.950674676261805,12.646729621165406,12.745842933654785,228100,0.0,0.0
2022-12-14 00:00:00-05:00,12.726021222800382,12.825133284386222,12.613693883595566,12.778881072998047,185200,0.0,0.0
2022-12-15 00:00:00-05:00,12.699587506729195,12.699587506729195,12.481540521399332,12.541007995605469,190200,0.0,0.0
2022-12-16 00:00:00-05:00,12.474935022697863,12.527794868800383,12.38243060708799,12.40886116027832,108000,0.0,0.0
2022-12-19 00:00:00-05:00,12.46171962760784,12.494756555162384,12.190812788770975,12.27670955657959,221900,0.0,0.0
2022-12-20 00:00:00-05:00,12.204026373362455,12.448503913592019,12.197418736028903,12.422073364257812,213700,0.0,0.0
2022-12-21 00:00:00-05:00,12.44189734663755,12.48154191377153,12.303140731529588,12.395645141601562,161900,0.0,0.0
2022-12-22 00:00:00-05:00,12.329571723937988,12.375823935355271,12.190815089686138,12.329571723937988,159800,0.0,0.0
2022-12-23 00:00:00-05:00,12.329570640306201,12.329570640306201,12.137954172664374,12.190814018249512,117000,0.0,0.0
2022-12-27 00:00:00-05:00,12.177598194318751,12.190813470190452,11.893476064467535,11.919906616210938,206900,0.0,0.0
2022-12-28 00:00:00-05:00,11.933118549256982,12.012408930371496,11.81418360772414,11.820791244506836,238100,0.0,0.0
2022-12-29 00:00:00-05:00,11.913299068322948,12.124738442756064,11.880260878393972,12.012411117553711,346600,0.0,0.0
2022-12-30 00:00:00-05:00,11.959550648656961,12.019018127141862,11.754718922918983,11.893475532531738,510700,0.0,0.0
2023-01-03 00:00:00-05:00,11.933122460304796,12.045449801869918,11.926514821356465,11.992589950561523,192200,0.0,0.0
2023-01-04 00:00:00-05:00,12.025626200750553,12.296533052435018,12.01901856287068,12.270102500915527,247600,0.0,0.0
2023-01-05 00:00:00-05:00,12.184205312912754,12.276709719515592,12.177597675258548,12.217242240905762,87700,0.0,0.0
2023-01-06 00:00:00-05:00,12.29653258336571,12.356000061738028,12.204026916854321,12.250280380249023,216900,0.0,0.0
2023-01-09 00:00:00-05:00,12.356001784020782,12.356001784020782,12.15777640839008,12.18420696258545,186800,0.0,0.0
2023-01-10 00:00:00-05:00,12.164383708820676,12.34278616384602,12.144560793725141,12.303141593933105,166700,0.0,0.0
2023-01-11 00:00:00-05:00,12.3361771301115,12.38903697077569,12.276709651829536,12.369214057922363,158200,0.0,0.0
2023-01-12 00:00:00-05:00,12.455113207784793,12.455113207784793,12.243673826095959,12.3890380859375,128700,0.0,0.0
2023-01-13 00:00:00-05:00,12.342786037580636,12.43529045319051,12.303141468073282,12.40886116027832,166200,0.0,0.0
2023-01-17 00:00:00-05:00,12.501364288596442,12.501364288596442,12.36921405680886,12.448504447937012,243400,0.0,0.0
2023-01-18 00:00:00-05:00,12.507973061597703,12.57404818348932,12.303141317984004,12.309747695922852,142700,0.0,0.0
2023-01-19 00:00:00-05:00,12.283316983273208,12.342784460072885,12.177597304579999,12.210634231567383,175300,0.0,0.0
2023-01-20 00:00:00-05:00,12.24367278997148,12.296532630920408,12.170990036062447,12.29653263092041,161800,0.0,0.0
2023-01-23 00:00:00-05:00,12.329570022859551,12.415468055307587,12.296533093627579,12.395645141601562,134800,0.0,0.0
2023-01-24 00:00:00-05:00,12.395644608393464,12.448504449057653,12.32296185487595,12.369214057922363,115300,0.0,0.0
2023-01-25 00:00:00-05:00,12.329571340204495,12.41546938183025,12.289926768834718,12.402254104614258,109400,0.0,0.0
2023-01-26 00:00:00-05:00,12.441896276258467,12.481540839981816,12.32296132481046,12.422073364257812,154600,0.0,0.0
2023-01-27 00:00:00-05:00,12.44189739227295,12.474934321626097,12.395645187067315,12.44189739227295,164700,0.0,0.0
2023-01-30 00:00:00-05:00,12.441897558451513,12.481542126260411,12.349393146804719,12.382430076599121,169600,0.0,0.0
2023-01-31 00:00:00-05:00,12.408859561409914,12.567439079284668,12.408859561409914,12.567439079284668,151900,0.0,0.0
2023-02-01 00:00:00-05:00,12.57404825380277,12.65333739229359,12.389038163527301,12.560832977294922,134600,0.0,0.0
2023-02-02 00:00:00-05:00,12.600477546540333,12.600477546540333,12.428682732772712,12.560832977294922,181800,0.0,0.0
2023-02-03 00:00:00-05:00,12.541007786498467,12.653335095872917,12.494755587393325,12.55422306060791,93100,0.0,0.0
2023-02-06 00:00:00-05:00,12.514579564957394,12.534401217532707,12.34939240534705,12.369214057922363,165900,0.0,0.0
2023-02-07 00:00:00-05:00,12.349393675878218,12.43529045319051,12.27671091488295,12.40886116027832,125100,0.0,0.0
2023-02-08 00:00:00-05:00,12.389036287743494,12.415466836757426,12.276708974990168,12.283316612243652,102600,0.0,0.0
2023-02-09 00:00:00-05:00,12.309746859636386,12.382429614807133,12.197419538135248,12.20402717590332,105200,0.0,0.0
2023-02-10 00:00:00-05:00,12.177599445904901,12.349394269059486,12.177599445904901,12.32296371459961,82000,0.0,0.0
2023-02-13 00:00:00-05:00,12.349391827221863,12.481540792556899,12.329568915296528,12.455111503601074,77200,0.0,0.0
2023-02-14 00:00:00-05:00,12.455112085554191,12.567439404490234,12.37582169442604,12.448504447937012,114700,0.0,0.0
2023-02-15 00:00:00-05:00,12.448504334318093,12.474933624267578,12.35599992907789,12.474933624267578,84400,0.0,0.0
2023-02-16 00:00:00-05:00,12.455111826331297,12.455111826331297,12.3229615972941,12.336176872253418,182700,0.0,0.0
2023-02-17 00:00:00-05:00,12.296533093627579,12.44189734663755,12.263494904117541,12.395645141601562,217300,0.0,0.0
2023-02-21 00:00:00-05:00,12.395644676735253,12.41546758969787,12.19081295056696,12.217242240905762,136600,0.0,0.0
2023-02-22 00:00:00-05:00,12.223849716325518,12.349392309533188,12.223849716325518,12.27670955657959,178100,0.0,0.0
2023-02-23 00:00:00-05:00,12.389038094248416,12.40886100889934,12.24367383430936,12.309747695922852,182200,0.0,0.0
2023-02-24 00:00:00-05:00,12.269186317324088,12.296226465852106,12.140748190506498,12.154268264770508,166900,0.42,0.0
2023-02-27 00:00:00-05:00,12.357066815973832,12.357066815973832,12.133990724435112,12.181309700012207,118000,0.0,0.0
2023-02-28 00:00:00-05:00,12.20158723534929,12.262426280192084,12.154268264770508,12.154268264770508,94500,0.0,0.0
2023-03-01 00:00:00-05:00,12.1745478064539,12.235386848449707,12.154267696006903,12.235386848449707,82500,0.0,0.0
2023-03-02 00:00:00-05:00,12.235388797788477,12.309746635917099,12.17454974609981,12.289467811584473,104400,0.0,0.0
2023-03-03 00:00:00-05:00,12.309747301219508,12.350307530767697,12.255668284500716,12.316507339477539,102000,0.0,0.0
2023-03-06 00:00:00-05:00,12.316505901123675,12.32326593859225,12.201587842848491,12.215107917785645,127800,0.0,0.0
2023-03-07 00:00:00-05:00,12.188070810298187,12.228629751598033,11.998793601989746,11.998793601989746,135200,0.0,0.0
2023-03-08 00:00:00-05:00,11.971753081159738,12.032592135916866,11.883875162813585,11.91767406463623,103800,0.0,0.0
2023-03-09 00:00:00-05:00,11.917672422250059,11.992031543226926,11.67431752610398,11.687837600708008,129600,0.0,0.0
2023-03-10 00:00:00-05:00,11.660798946929281,11.748676864434723,11.512081975248746,11.552640914916992,157200,0.0,0.0
2023-03-13 00:00:00-04:00,11.471520679212807,11.75543580917309,11.430961743317146,11.593198776245117,335200,0.0,0.0
2023-03-14 00:00:00-04:00,11.728399113525963,11.789238173273558,11.654039976202112,11.714879035949707,86600,0.0,0.0
2023-03-15 00:00:00-04:00,11.579681396484375,11.627001670279927,11.49856350581182,11.579681396484375,164900,0.0,0.0
2023-03-16 00:00:00-04:00,11.525602367020088,11.768958617604412,11.464763304374006,11.721639633178711,162100,0.0,0.0
2023-03-17 00:00:00-04:00,11.701359787103806,11.701359787103806,11.464763570145005,11.498563766479492,94500,0.0,0.0
2023-03-20 00:00:00-04:00,11.518840159988967,11.620238137516955,11.498560048745274,11.606718063354492,94100,0.0,0.0
2023-03-21 00:00:00-04:00,11.633756922334179,11.667557107740333,11.606718063354492,11.606718063354492,109500,0.0,0.0
2023-03-22 00:00:00-04:00,11.572920507543857,11.66079842108645,11.397163391113281,11.397163391113281,132600,0.0,0.0
2023-03-23 00:00:00-04:00,11.417443208313665,11.627000532289571,11.370124228495074,11.45124340057373,139700,0.0,0.0
2023-03-24 00:00:00-04:00,11.471522013506073,11.593200124691194,11.32956507668708,11.586440086364746,140200,0.0,0.0
2023-03-27 00:00:00-04:00,11.66079684309419,11.694595738495508,11.620237910743564,11.626997947692871,133800,0.0,0.0
2023-03-28 00:00:00-04:00,11.593197989192031,11.70135600380125,11.586437952110801,11.606718063354492,66400,0.0,0.0
2023-03-29 00:00:00-04:00,11.721638159584561,11.802756040017794,11.68783925762829,11.768957138061523,151700,0.0,0.0
2023-03-30 00:00:00-04:00,11.863595658155488,11.863595658155488,11.71487867740497,11.775717735290527,85900,0.0,0.0
2023-03-31 00:00:00-04:00,11.877113389448203,11.931192398071289,11.856834567055339,11.931192398071289,110800,0.0,0.0
2023-04-03 00:00:00-04:00,11.924434789253677,11.924434789253677,11.809516711358228,11.883875846862793,154300,0.0,0.0
2023-04-04 00:00:00-04:00,11.924432952316883,11.931192989898248,11.775715993562857,11.789236068725586,122600,0.0,0.0
2023-04-05 00:00:00-04:00,11.795997264111282,11.897395259093535,11.762197072886892,11.856836318969727,107800,0.0,0.0
2023-04-06 00:00:00-04:00,11.850076749481735,12.025833882764664,11.836556672457162,11.958234786987305,96200,0.0,0.0
2023-04-10 00:00:00-04:00,11.93795367792991,11.951473753829292,11.863594549828704,11.904154777526855,104100,0.0,0.0
2023-04-11 00:00:00-04:00,11.904154532495946,11.998792483152828,11.904154532495946,11.985272407531738,101000,0.0,0.0
2023-04-12 00:00:00-04:00,12.019073348795084,12.05287225061773,11.91767406463623,11.91767406463623,83600,0.0,0.0
2023-04-13 00:00:00-04:00,11.931193089746293,12.12723031321044,11.931193089746293,12.100190162658691,99200,0.0,0.0
2023-04-14 00:00:00-04:00,12.100190240721092,12.100190240721092,11.937953204399985,12.005552291870117,99000,0.0,0.0
2023-04-17 00:00:00-04:00,12.039352812029287,12.079913043580007,12.00555390841588,12.0325927734375,92800,0.0,0.0
2023-04-18 00:00:00-04:00,12.05963012935152,12.05963012935152,11.924431967579753,11.937952041625977,101000,0.0,0.0
2023-04-19 00:00:00-04:00,11.917673874721329,12.052872058548367,11.870354897185496,11.992033004760742,107800,0.0,0.0
2023-04-20 00:00:00-04:00,11.998794254247828,11.998794254247828,11.883876173196702,11.910916328430176,161900,0.0,0.0
2023-04-21 00:00:00-04:00,11.93119407516951,11.978513053197904,11.91091524992617,11.9514741897583,94300,0.0,0.0
2023-04-24 00:00:00-04:00,11.964993583445478,12.019072596584465,11.958233545634933,11.985272407531738,98900,0.0,0.0
2023-04-25 00:00:00-04:00,11.931195320321233,11.985274342189632,11.775718293617784,11.782478332519531,115200,0.0,0.0
2023-04-26 00:00:00-04:00,11.714876689061365,11.755435624319238,11.572919770986154,11.667557716369629,141700,0.0,0.0
2023-04-27 00:00:00-04:00,11.667560182084799,11.721639203638963,11.613481160530633,11.674320220947266,123200,0.0,0.0
2023-04-28 00:00:00-04:00,11.667559142847251,11.877115171536142,11.65403906632656,11.768957138061523,100900,0.0,0.0
2023-05-01 00:00:00-04:00,11.823035611475959,11.93795367792991,11.795996749022596,11.904154777526855,62800,0.0,0.0
2023-05-02 00:00:00-04:00,11.897394613325275,11.904154651203232,11.728397534412546,11.741917610168457,98200,0.0,0.0
2023-05-03 00:00:00-04:00,11.80951545241337,11.910914731599282,11.782476590150416,11.79599666595459,94500,0.0,0.0
2023-05-04 00:00:00-04:00,11.741918399724117,11.77571730204123,11.694598131396493,11.728398323059082,79200,0.0,0.0
2023-05-05 00:00:00-04:00,11.829796165990214,11.897395259093535,11.782477187621527,11.856836318969727,81700,0.0,0.0
2023-05-08 00:00:00-04:00,11.917672011550769,11.917672011550769,11.728396130998222,11.7554349899292,133400,0.0,0.0
2023-05-09 00:00:00-04:00,11.748676300048828,11.816275389145527,11.728397475861586,11.748676300048828,85700,0.0,0.0
2023-05-10 00:00:00-04:00,11.816275202435946,11.870354214989725,11.768956227619562,11.82303524017334,100100,0.0,0.0
2023-05-11 00:00:00-04:00,11.850075679825894,11.850075679825894,11.741917652083288,11.79599666595459,109300,0.0,0.0
2023-05-12 00:00:00-04:00,11.82979619305918,11.937954226533797,11.728398197844907,11.768957138061523,88100,0.0,0.0
2023-05-15 00:00:00-04:00,11.775717149376648,11.870355106114022,11.76895711113177,11.856836318969727,92600,0.0,0.0
2023-05-16 00:00:00-04:00,11.836557355965256,11.836557355965256,11.627001307365482,11.640520095825195,119500,0.0,0.0
2023-05-17 00:00:00-04:00,11.660798386764887,11.762196375737245,11.58643925982398,11.748676300048828,89600,0.0,0.0
2023-05-18 00:00:00-04:00,11.77571550694362,11.77571550694362,11.626998554335168,11.687837600708008,113800,0.0,0.0
2023-05-19 00:00:00-04:00,11.694595945652956,11.829794108343549,11.694595945652956,11.7554349899292,143600,0.0,0.0
2023-05-22 00:00:00-04:00,11.701357324484754,11.897394553930642,11.701357324484754,11.748676300048828,110300,0.0,0.0
2023-05-23 00:00:00-04:00,11.748677580965602,11.836556793176086,11.728398754567433,11.775717735290527,145100,0.0,0.0
2023-05-24 00:00:00-04:00,11.782636319271521,11.810310643845735,11.678853973088007,11.70652961730957,112600,0.4,0.0
2023-05-25 00:00:00-04:00,11.720366069425793,11.720366069425793,11.422859527056294,11.492047309875488,130600,0.0,0.0
2023-05-26 00:00:00-04:00,11.471290928019497,11.58199085603812,11.464372017562429,11.526640892028809,110100,0.0,0.0
2023-05-30 00:00:00-04:00,11.51280334087006,11.519722251489243,11.415941231496005,11.429779052734375,109300,0.0,0.0
2023-05-31 00:00:00-04:00,11.388264712674038,11.609665876508975,11.388264712674038,11.59582805633545,104800,0.0,0.0
2023-06-01 00:00:00-04:00,11.575072610220289,11.699610366303991,11.505884821324088,11.658098220825195,110600,0.0,0.0
2023-06-02 00:00:00-04:00,11.678853351642305,11.810310015405069,11.630422296478992,11.775716781616211,139800,0.0,0.0
2023-06-05 00:00:00-04:00,11.77571616862254,11.879497184233996,11.77571616862254,11.831066131591797,71500,0.0,0.0
2023-06-06 00:00:00-04:00,11.831066131591797,11.927928236876195,11.803390490283563,11.831066131591797,91200,0.0,0.0
2023-06-07 00:00:00-04:00,11.817229270935059,11.865660327511655,11.74804148169107,11.817229270935059,107900,0.0,0.0
2023-06-08 00:00:00-04:00,11.8794975348076,11.8794975348076,11.796471928079956,11.865659713745117,91100,0.0,0.0
2023-06-09 00:00:00-04:00,11.893335014439383,11.907171515457401,11.775716178079353,11.810309410095215,86200,0.0,0.0
2023-06-12 00:00:00-04:00,11.824147221264738,11.879497184233996,11.768797258295482,11.831066131591797,160300,0.0,0.0
2023-06-13 00:00:00-04:00,11.837986057815279,11.997117050052083,11.837986057815279,11.98327922821045,108100,0.0,0.0
2023-06-14 00:00:00-04:00,12.010955156991184,12.010955156991184,11.817229605551942,11.872579574584961,79300,0.0,0.0
2023-06-15 00:00:00-04:00,11.831066195858316,12.017872816761999,11.831066195858316,12.004034996032715,153800,0.0,0.0
2023-06-16 00:00:00-04:00,12.004034996032715,12.114734922572552,11.914090480939585,12.004034996032715,108700,0.0,0.0
2023-06-20 00:00:00-04:00,11.927928913897814,12.045547756839358,11.858741126347386,11.948685646057129,118300,0.0,0.0
2023-06-21 00:00:00-04:00,11.962523796405357,12.04554808803079,11.907172509125306,12.017873764038086,140900,0.0,0.0
2023-06-22 00:00:00-04:00,11.969441127457861,12.10089779259553,11.969441127457861,12.093978881835938,130400,0.0,0.0
2023-06-23 00:00:00-04:00,12.066303267442802,12.10089649789226,12.0178722169547,12.031708717346191,111700,0.0,0.0
2023-06-26 00:00:00-04:00,12.031708969060226,12.038627879224297,11.907171225401294,11.962522506713867,65700,0.0,0.0
2023-06-27 00:00:00-04:00,11.955605187958165,11.983279512650997,11.831067427722035,11.872579574584961,124800,0.0,0.0
2023-06-28 00:00:00-04:00,11.872579582433147,11.948686284771615,11.79647288009468,11.858741760253906,66200,0.0,0.0
2023-06-29 00:00:00-04:00,11.851822513211157,11.886417067678638,11.796472545710508,11.803391456604004,107400,0.0,0.0
2023-06-30 00:00:00-04:00,11.879497200152908,11.921009342523675,11.782635094738712,11.79647159576416,135000,0.0,0.0
2023-07-03 00:00:00-04:00,11.83106709271332,11.83106709271332,11.761879303469332,11.817229270935059,105500,0.0,0.0
2023-07-05 00:00:00-04:00,11.775716854569518,11.921010020959583,11.775716854569518,11.914091110229492,171400,0.0,0.0
2023-07-06 00:00:00-04:00,11.893334672796609,11.893334672796609,11.727284788525363,11.748040199279785,98400,0.0,0.0
2023-07-07 00:00:00-04:00,11.699611650473592,11.782637270191534,11.699611650473592,11.720368385314941,107600,0.0,0.0
2023-07-10 00:00:00-04:00,11.720366888376072,11.927928931689674,11.71344797764598,11.914091110229492,137800,0.0,0.0
2023-07-11 00:00:00-04:00,11.955604574610042,11.969441076422939,11.872578965496228,11.914091110229492,124600,0.0,0.0
2023-07-12 00:00:00-04:00,11.997118611852969,12.05938749859924,11.9348497251067,11.955606460571289,113800,0.0,0.0
2023-07-13 00:00:00-04:00,12.004037523674498,12.03863076313465,11.92793081328517,11.955606460571289,66300,0.0,0.0
2023-07-14 00:00:00-04:00,12.017871517679998,12.038626926883133,11.914089193076022,11.941764831542969,87200,0.0,0.0
2023-07-17 00:00:00-04:00,11.955603949507209,12.107816018668904,11.955603949507209,11.99019718170166,91700,0.0,0.0
2023-07-18 00:00:00-04:00,12.024791024680043,12.073223399718444,11.934847824617586,11.948685646057129,152600,0.0,0.0
2023-07-19 00:00:00-04:00,11.976359370578967,12.073222796166185,11.96944046020508,11.969440460205078,104300,0.0,0.0
2023-07-20 00:00:00-04:00,11.962526034179342,12.10781923152683,11.962526034179342,12.052469253540039,111200,0.0,0.0
2023-07-21 00:00:00-04:00,12.045548771900632,12.149329802148113,12.017874446336757,12.100898742675781,53500,0.0,0.0
2023-07-24 00:00:00-04:00,12.13549166988396,12.13549166988396,11.948685048730633,11.969440460205078,117600,0.0,0.0
2023-07-25 00:00:00-04:00,11.955604578189106,12.010954544399123,11.907172203063965,11.907172203063965,89200,0.0,0.0
2023-07-26 00:00:00-04:00,11.8794975348076,11.914090767816557,11.844904301798644,11.865659713745117,97300,0.0,0.0
2023-07-27 00:00:00-04:00,11.879497193774153,11.941766067120476,11.803390499762601,11.810309410095215,73700,0.0,0.0
2023-07-28 00:00:00-04:00,11.851822849164286,11.886417404612388,11.782636377562795,11.858741760253906,288300,0.0,0.0
2023-07-31 00:00:00-04:00,11.858741424104654,11.858741424104654,11.775717132677338,11.803391456604004,204500,0.0,0.0
2023-08-01 00:00:00-04:00,11.754961623736401,11.77571835857775,11.706530562087375,11.720368385314941,130500,0.0,0.0
2023-08-02 00:00:00-04:00,11.692690845976019,11.761878631265855,11.665016523648431,11.699609756469727,123200,0.0,0.0
2023-08-03 00:00:00-04:00,11.69960940297336,11.761878275888073,11.665016171197276,11.671935081481934,83200,0.0,0.0
2023-08-04 00:00:00-04:00,11.748041145902416,11.858741077669787,11.734203324519674,11.761878967285156,139500,0.0,0.0
2023-08-07 00:00:00-04:00,11.775716788667898,11.803391111786102,11.713447912092843,11.761878967285156,132800,0.0,0.0
2023-08-08 00:00:00-04:00,11.761878363729721,11.82414723710948,11.754959453393392,11.79647159576416,92800,0.0,0.0
2023-08-09 00:00:00-04:00,11.817229270935059,11.872579238400787,11.789554947025854,11.817229270935059,110900,0.0,0.0
2023-08-10 00:00:00-04:00,11.824148189284491,11.934848124285791,11.803391456604004,11.803391456604004,104500,0.0,0.0
2023-08-11 00:00:00-04:00,11.810312606852229,11.872581497053186,11.789557189883622,11.851824760437012,84100,0.0,0.0
2023-08-14 00:00:00-04:00,11.872577311666628,11.879496221432928,11.817227353183336,11.844902992248535,87600,0.0,0.0
2023-08-15 00:00:00-04:00,11.831066754551586,11.844904575934326,11.692691180018729,11.761878967285156,195700,0.0,0.0
2023-08-16 00:00:00-04:00,11.713448199151541,11.796472490188087,11.637341499328613,11.637341499328613,105900,0.0,0.0
2023-08-17 00:00:00-04:00,11.644258144919775,11.69268919187722,11.59582709796233,11.609664916992188,185300,0.0,0.0
2023-08-18 00:00:00-04:00,11.595829013502117,11.671935711091505,11.58199119218636,11.588910102844238,108700,0.0,0.0
2023-08-21 00:00:00-04:00,11.637340276432289,11.782634749949112,11.637340276432289,11.748040199279785,219800,0.0,0.0
2023-08-22 00:00:00-04:00,11.7826353560513,11.79647185738361,11.706528660311005,11.713447570800781,126200,0.0,0.0
2023-08-23 00:00:00-04:00,11.727285733475583,11.810310022477472,11.727285733475583,11.761878967285156,156100,0.0,0.0
2023-08-24 00:00:00-04:00,11.776051292336573,11.839819276611037,11.66268253326416,11.66268253326416,117400,0.4,0.0
2023-08-25 00:00:00-04:00,11.66976755651437,11.790220589765651,11.64851201334687,11.740622520446777,89900,0.0,0.0
2023-08-28 00:00:00-04:00,11.740622688978121,11.825648917206728,11.712281513865953,11.747708320617676,119000,0.0,0.0
2023-08-29 00:00:00-04:00,11.712280407565913,11.818562169228139,11.712280407565913,11.804390907287598,152700,0.0,0.0
2023-08-30 00:00:00-04:00,11.783134678749622,11.832734098338104,11.733536610607139,11.768964767456055,132300,0.0,0.0
2023-08-31 00:00:00-04:00,11.77605242315141,11.783136704292998,11.705197448719476,11.733538627624512,143200,0.0,0.0
2023-09-01 00:00:00-04:00,11.761881156650787,11.818564865900704,11.740624258889731,11.797307968139648,64600,0.0,0.0
2023-09-05 00:00:00-04:00,11.733537382741845,11.797306717820288,11.6343412399292,11.6343412399292,138700,0.0,0.0
2023-09-06 00:00:00-04:00,11.627256223410747,11.627256223410747,11.513888810926547,11.556401252746582,137800,0.0,0.0
2023-09-07 00:00:00-04:00,11.492631015965125,11.613084051245073,11.492631015965125,11.535144805908203,128400,0.0,0.0
2023-09-08 00:00:00-04:00,11.528059005737305,11.620169513042091,11.5209733741837,11.528059005737305,102900,0.0,0.0
2023-09-11 00:00:00-04:00,11.528058509693434,11.627254644283488,11.528058509693434,11.570570945739746,106400,0.0,0.0
2023-09-12 00:00:00-04:00,11.570571605640541,11.570571605640541,11.464289833740239,11.471375465393066,176300,0.0,0.0
2023-09-13 00:00:00-04:00,11.457205152791568,11.520974491512458,11.407607078552246,11.407607078552246,130500,0.0,0.0
2023-09-14 00:00:00-04:00,11.41469271079303,11.464290785032352,11.393435814070678,11.407607078552246,146900,0.0,0.0
2023-09-15 00:00:00-04:00,11.372177561351766,11.414691349727207,11.30840890595761,11.315494537353516,129900,0.0,0.0
2023-09-18 00:00:00-04:00,11.336749770414535,11.358006662754581,11.166698686031824,11.187954902648926,192600,0.0,0.0
2023-09-19 00:00:00-04:00,11.209211458262063,11.301322634019119,11.166699023742169,11.202126502990723,249400,0.0,0.0
2023-09-20 00:00:00-04:00,11.258809843881496,11.28006606047005,11.124185562133789,11.124185562133789,134000,0.0,0.0
2023-09-21 00:00:00-04:00,11.102929888004578,11.102929888004578,11.024989972889983,11.032074928283691,196000,0.0,0.0
2023-09-22 00:00:00-04:00,11.053334068531157,11.117102734375138,11.046248435974121,11.046248435974121,177300,0.0,0.0
2023-09-25 00:00:00-04:00,11.032074482630714,11.124185656257742,10.961220201495042,11.05333137512207,150900,0.0,0.0
2023-09-26 00:00:00-04:00,11.024990638908035,11.117101146097404,10.996648788452148,10.996648788452148,179300,0.0,0.0
2023-09-27 00:00:00-04:00,11.046245960568264,11.110015287844986,10.989562264260725,11.010818481445312,150500,0.0,0.0
2023-09-28 00:00:00-04:00,10.982477592162127,11.117101213715664,10.982477592162127,11.074588775634766,197500,0.0,0.0
2023-09-29 00:00:00-04:00,11.131270712485236,11.131270712485236,11.010817697477208,11.017903327941895,123900,0.0,0.0
2023-10-02 00:00:00-04:00,10.982478137279099,11.010819989314122,10.897452581174027,10.918708801269531,264800,0.0,0.0
2023-10-03 00:00:00-04:00,10.925794424085494,10.95413627609685,10.769913900161503,10.791170120239258,154300,0.0,0.0
2023-10-04 00:00:00-04:00,10.847853491687598,10.862024078514606,10.776998530383578,10.840767860412598,153300,0.0,0.0
2023-10-05 00:00:00-04:00,10.84076904750213,10.99664957400646,10.84076904750213,10.989563941955566,178300,0.0,0.0
2023-10-06 00:00:00-04:00,10.968306170429996,11.173785429168358,10.93996432021143,11.131272315979004,184200,0.0,0.0
2023-10-09 00:00:00-04:00,11.124186129377897,11.180869826986415,11.053331845228737,11.159613609313965,194400,0.0,0.0
2023-10-10 00:00:00-04:00,11.209211458262063,11.258810199499225,11.110015327233668,11.202126502990723,119800,0.0,0.0
2023-10-11 00:00:00-04:00,11.223382380826061,11.251724228223178,11.159613055251809,11.187954902648926,108700,0.0,0.0
2023-10-12 00:00:00-04:00,11.166698233558119,11.173783864051025,10.95413404883134,10.968304634094238,121700,0.0,0.0
2023-10-13 00:00:00-04:00,10.954137467190339,11.024992442784644,10.925795612097241,10.939966201782227,137600,0.0,0.0
2023-10-16 00:00:00-04:00,11.00373453033429,11.095845719826709,10.947050825373271,10.989563941955566,134700,0.0,0.0
2023-10-17 00:00:00-04:00,10.975393689579379,11.003735544672477,10.897453757004145,10.939966201782227,173200,0.0,0.0
2023-10-18 00:00:00-04:00,10.961221452889642,10.961221452889642,10.805340935438249,10.812426567077637,145200,0.0,0.0
2023-10-19 00:00:00-04:00,10.80534165045944,10.812427282567704,10.514837491251305,10.536093711853027,192600,0.0,0.0
2023-10-20 00:00:00-04:00,10.514836869038236,10.606948053825803,10.479409386316398,10.486495018005371,117600,0.0,0.0
2023-10-23 00:00:00-04:00,10.479409202071267,10.514836684170232,10.337699949398424,10.3518705368042,163200,0.0,0.0
2023-10-24 00:00:00-04:00,10.415638708397388,10.514835512072334,10.394382491796666,10.458151817321777,134200,0.0,0.0
2023-10-25 00:00:00-04:00,10.436895697959315,10.436895697959315,10.309357713186515,10.387297630310059,176600,0.0,0.0
2023-10-26 00:00:00-04:00,10.351871432442843,10.42272640277111,10.309358990824343,10.337700843811035,128400,0.0,0.0
2023-10-27 00:00:00-04:00,10.358956083725214,10.358956083725214,10.139306912807822,10.146391868591309,139300,0.0,0.0
2023-10-30 00:00:00-04:00,10.18181914062406,10.295186539500289,10.18181914062406,10.252674102783203,100800,0.0,0.0
2023-10-31 00:00:00-04:00,10.252674397794717,10.366041799932992,10.252674397794717,10.3518705368042,240400,0.0,0.0
2023-11-01 00:00:00-04:00,10.380211697421739,10.59277590016451,10.380211697421739,10.564434051513672,190300,0.0,0.0
2023-11-02 00:00:00-04:00,10.649458843363083,10.91162109375,10.649458843363083,10.91162109375,199200,0.0,0.0
2023-11-03 00:00:00-04:00,10.939963231131932,11.223382380826061,10.939963231131932,11.187954902648926,197400,0.0,0.0
2023-11-06 00:00:00-05:00,11.187956237892427,11.230469351923368,11.074588834773948,11.088759422302246,139200,0.0,0.0
2023-11-07 00:00:00-05:00,11.088758177828431,11.110015070319786,10.9895620490939,11.05333137512207,179100,0.0,0.0
2023-11-08 00:00:00-05:00,11.110015778039397,11.110015778039397,10.883280307082293,10.904537200927734,93500,0.0,0.0
2023-11-09 00:00:00-05:00,10.961222175099566,10.961222175099566,10.465239414954718,10.47232437133789,242600,0.0,0.0
2023-11-10 00:00:00-05:00,10.465237751494943,10.564433882322747,10.443980858555017,10.557348251342773,183900,0.0,0.0
2023-11-13 00:00:00-05:00,10.557348360176242,10.59986147077139,10.451066597272824,10.550263404846191,149500,0.0,0.0
2023-11-14 00:00:00-05:00,10.635289823300417,10.88328084900547,10.635289823300417,10.7486572265625,330500,0.0,0.0
2023-11-15 00:00:00-05:00,10.819512647973667,10.876196351996382,10.755743312017351,10.791170120239258,161600,0.0,0.0
2023-11-16 00:00:00-05:00,10.847855971357866,10.8549409285294,10.642377347474218,10.684889793395996,183500,0.0,0.0
2023-11-17 00:00:00-05:00,10.769913679267626,10.84076864570429,10.727401239984058,10.833683013916016,190700,0.0,0.0
2023-11-20 00:00:00-05:00,10.854939964470942,10.932880567943982,10.840769375663262,10.87619686126709,192000,0.0,0.0
2023-11-21 00:00:00-05:00,10.912521391002297,10.977908751414114,10.680030457883191,10.716357231140137,325200,0.38,0.0
2023-11-22 00:00:00-05:00,10.745419939059525,10.82533829654418,10.745419939059525,10.767215728759766,293400,0.0,0.0
2023-11-24 00:00:00-05:00,10.796278694083187,10.876197756890235,10.774482900988431,10.818075180053711,90700,0.0,0.0
2023-11-27 00:00:00-05:00,10.818073393271968,10.83986918276679,10.643704998686415,10.680031776428223,372900,0.0,0.0
2023-11-28 00:00:00-05:00,10.643705044678883,10.730889588786221,10.592847971345986,10.607378959655762,281200,0.0,0.0
2023-11-29 00:00:00-05:00,10.62190935550292,10.818073542285358,10.62190935550292,10.694562911987305,272500,0.0,0.0
2023-11-30 00:00:00-05:00,10.709091885860945,10.934317328865061,10.69456159208277,10.832602500915527,275800,0.0,0.0
2023-12-01 00:00:00-05:00,10.825339153277397,10.970646277113914,10.767216580893079,10.934319496154785,319100,0.0,0.0
2023-12-04 00:00:00-05:00,10.977908547076563,11.101419158125866,10.95611276067832,11.094154357910156,284800,0.0,0.0
2023-12-05 00:00:00-05:00,11.108685457624532,11.1740735144415,11.05056289442625,11.07962417602539,305800,0.0,0.0
2023-12-06 00:00:00-05:00,11.086891670106764,11.253993896234002,11.072360680247492,11.166810035705566,269500,0.0,0.0
2023-12-07 00:00:00-05:00,11.152278965379004,11.239462819861767,11.123217680551415,11.21040153503418,179100,0.0,0.0
2023-12-08 00:00:00-05:00,11.166810096590734,11.253993957594526,11.123218512526705,11.224932670593262,273400,0.0,0.0
2023-12-11 00:00:00-05:00,11.188605918888452,11.283055275116986,11.159544631808577,11.25399398803711,260400,0.0,0.0
2023-12-12 00:00:00-05:00,11.261258626522007,11.428360841302974,11.23946283608877,11.341176986694336,182100,0.0,0.0
2023-12-13 00:00:00-05:00,11.370237691044434,11.675381513033065,11.370237691044434,11.660850524902344,251100,0.0,0.0
2023-12-14 00:00:00-05:00,11.806157112121582,11.83521908709663,11.689911983723869,11.806157112121582,375700,0.0,0.0
2023-12-15 00:00:00-05:00,11.740769642112811,11.79889220922223,11.704443557326167,11.718973159790039,267000,0.0,0.0
2023-12-18 00:00:00-05:00,11.689912715907482,11.755300777945603,11.63179014806819,11.733504295349121,303800,0.0,0.0
2023-12-19 00:00:00-05:00,11.806156233461811,11.878809779741033,11.784359753852703,11.864278793334961,274300,0.0,0.0
2023-12-20 00:00:00-05:00,11.864280172001045,11.89334214819028,11.653586387634277,11.653586387634277,391200,0.0,0.0
2023-12-21 00:00:00-05:00,11.718973600183539,11.820689135760922,11.718973600183539,11.762566566467285,270400,0.0,0.0
2023-12-22 00:00:00-05:00,11.769830552500647,11.987789812981658,11.769830552500647,11.857013702392578,343500,0.0,0.0
2023-12-26 00:00:00-05:00,11.907871876495483,11.958728949613315,11.849749309253486,11.871545791625977,303100,0.0,0.0
2023-12-27 00:00:00-05:00,11.878811273825596,12.038647987142804,11.878811273825596,11.973259925842285,237400,0.0,0.0
2023-12-28 00:00:00-05:00,11.929669732417011,12.096771959258522,11.929669732417011,12.016854286193848,302000,0.0,0.0
2023-12-29 00:00:00-05:00,12.016852555680408,12.067709627329998,12.00232156785159,12.038647651672363,373500,0.0,0.0
2024-01-02 00:00:00-05:00,12.009587699804282,12.30746603736419,12.009587699804282,12.256608963012695,194500,0.0,0.0
2024-01-03 00:00:00-05:00,12.271138887925646,12.314731854872203,12.220281812239376,12.292935371398926,237600,0.0,0.0
2024-01-04 00:00:00-05:00,12.205748430387402,12.496362610052287,12.205748430387402,12.438240051269531,261400,0.0,0.0
2024-01-05 00:00:00-05:00,12.423710754859272,12.481833321547157,12.329260717896897,12.365588188171387,189900,0.0,0.0
2024-01-08 00:00:00-05:00,12.365587595598033,12.561751768425966,12.358322101891305,12.554486274719238,189800,0.0,0.0
2024-01-09 00:00:00-05:00,12.525424476632908,12.627138618459863,12.525424476632908,12.576281547546387,279600,0.0,0.0
2024-01-10 00:00:00-05:00,12.648935868359208,12.714323930863758,12.576282311604006,12.656201362609863,238200,0.0,0.0
2024-01-11 00:00:00-05:00,12.619874403354551,12.685261075580634,12.554486345377228,12.612608909606934,265900,0.0,0.0
2024-01-12 00:00:00-05:00,12.670730365744713,12.76517900470146,12.554485247451275,12.598076820373535,147900,0.0,0.0
2024-01-16 00:00:00-05:00,12.598079471610662,12.598079471610662,12.510894921667235,12.525425910949707,168300,0.0,0.0
2024-01-17 00:00:00-05:00,12.496363894771116,12.503628002833544,12.365587777627386,12.474567413330078,108400,0.0,0.0
2024-01-18 00:00:00-05:00,12.474567668715881,12.489098656640726,12.351057042857258,12.452771186828613,128300,0.0,0.0
2024-01-19 00:00:00-05:00,12.496366210376298,12.496366210376298,12.380121059319436,12.467304229736328,119700,0.0,0.0
2024-01-22 00:00:00-05:00,12.423712644527882,12.52542680526476,12.41644714936789,12.467304229736328,162600,0.0,0.0
2024-01-23 00:00:00-05:00,12.496364702862868,12.496364702862868,12.401914662928563,12.460037231445312,73000,0.0,0.0
2024-01-24 00:00:00-05:00,12.532691230359742,12.532691230359742,12.242078377530662,12.249343872070312,146700,0.0,0.0
2024-01-25 00:00:00-05:00,12.300200315113747,12.343791894356988,12.249343241704747,12.285669326782227,159200,0.0,0.0
2024-01-26 00:00:00-05:00,12.307464777517692,12.394647928695418,12.292933790404337,12.329259872436523,298300,0.0,0.0
2024-01-29 00:00:00-05:00,12.300200514462091,12.467302725728823,12.300200514462091,12.460037231445312,157200,0.0,0.0
2024-01-30 00:00:00-05:00,12.44550624287829,12.481833714295846,12.38738367436154,12.460037231445312,154000,0.0,0.0
2024-01-31 00:00:00-05:00,12.481833566874728,12.56901672574447,12.423710999044458,12.44550609588623,216700,0.0,0.0
2024-02-01 00:00:00-05:00,12.496362688304558,12.619873299710223,12.452769729631179,12.598076820373535,129300,0.0,0.0
2024-02-02 00:00:00-05:00,12.605343749545167,12.605343749545167,12.525424701957009,12.547221183776855,219500,0.0,0.0
2024-02-05 00:00:00-05:00,12.510893644837108,12.532690126536323,12.452771079390468,12.48909854888916,151400,0.0,0.0
2024-02-06 00:00:00-05:00,12.547222394873417,12.583548482328188,12.496365318136172,12.525425910949707,107400,0.0,0.0
2024-02-07 00:00:00-05:00,12.53269067885418,12.598078741082222,12.47456811084607,12.49636459350586,266800,0.0,0.0
2024-02-08 00:00:00-05:00,12.4527717371618,12.503628811395037,12.423711145779098,12.460037231445312,159400,0.0,0.0
2024-02-09 00:00:00-05:00,12.409178079002599,12.48183162391882,12.409178079002599,12.438240051269531,160800,0.0,0.0
2024-02-12 00:00:00-05:00,12.699792133895917,12.80877176921543,12.63440407555396,12.670731544494629,308900,0.0,0.0
2024-02-13 00:00:00-05:00,12.641670159429953,12.648935653557226,12.576282098035813,12.583547592163086,322600,0.0,0.0
2024-02-14 00:00:00-05:00,12.648935099887606,12.68526118318259,12.525424476632908,12.576281547546387,109300,0.0,0.0
2024-02-15 00:00:00-05:00,12.554486345377228,12.670731473836637,12.554486345377228,12.612608909606934,142200,0.0,0.0
2024-02-16 00:00:00-05:00,12.539955680477826,12.677997293731268,12.518159198674248,12.648935317993164,137800,0.0,0.0
2024-02-20 00:00:00-05:00,12.78697748761896,12.794242981869616,12.61987527710793,12.656201362609863,165100,0.0,0.0
2024-02-21 00:00:00-05:00,12.656200161685668,12.790681851157228,12.648728798379821,12.701026916503906,116300,0.48,0.0
2024-02-22 00:00:00-05:00,12.738383802561955,12.835510111916578,12.708499770849231,12.775740623474121,174100,0.0,0.0
2024-02-23 00:00:00-05:00,12.783210357990658,12.842979838813411,12.738382178610973,12.768267631530762,122100,0.0,0.0
2024-02-26 00:00:00-05:00,12.805624230886451,12.813095594821329,12.678613894027452,12.723442077636719,143900,0.0,0.0
2024-02-27 00:00:00-05:00,12.760798593005507,12.83551081389889,12.738384499232366,12.820568084716797,122700,0.0,0.0
2024-02-28 00:00:00-05:00,12.798151659433724,12.835508475583463,12.74585354184092,12.768267631530762,112000,0.0,0.0
2024-02-29 00:00:00-05:00,12.790682115202047,12.84298023440575,12.55160275953003,12.566545486450195,157200,0.0,0.0
2024-03-01 00:00:00-05:00,12.536661229788832,12.745853702801838,12.529189866464531,12.738382339477539,204600,0.0,0.0
2024-03-04 00:00:00-05:00,12.760797472294145,12.798152866951574,12.641258499370025,12.723442077636719,187700,0.0,0.0
2024-03-05 00:00:00-05:00,12.671143108068001,12.738383961532033,12.4245937870389,12.49183464050293,210700,0.0,0.0
2024-03-06 00:00:00-05:00,12.491832446724683,12.596430103197951,12.491832446724683,12.588958740234375,127400,0.0,0.0
2024-03-07 00:00:00-05:00,12.760796795582795,12.775739522660132,12.626315101920548,12.715970039367676,251500,0.0,0.0
2024-03-08 00:00:00-05:00,12.715971135031664,12.81309601936928,12.64125891822434,12.775740623474121,206900,0.0,0.0
2024-03-11 00:00:00-04:00,12.775739287046125,12.850451496038051,12.626314869062272,12.671141624450684,186500,0.0,0.0
2024-03-12 00:00:00-04:00,12.648730533285947,12.745855419549969,12.588961043658001,12.730914115905762,174000,0.0,0.0
2024-03-13 00:00:00-04:00,12.76079639793384,12.775739124545535,12.678612826586367,12.701026916503906,152400,0.0,0.0
2024-03-14 00:00:00-04:00,12.67114294104898,12.693557033580557,12.491834475847382,12.521719932556152,118700,0.0,0.0
2024-03-15 00:00:00-04:00,12.499305155312937,12.603902823046768,12.372294821292304,12.387237548828125,125600,0.0,0.0
2024-03-18 00:00:00-04:00,12.4021812560131,12.432065288428356,12.29758358001709,12.29758358001709,190500,0.0,0.0
2024-03-19 00:00:00-04:00,12.260227348025461,12.357353653046742,12.260227348025461,12.31999683380127,131900,0.0,0.0
2024-03-20 00:00:00-04:00,12.342410249291625,12.342410249291625,12.215399920847917,12.312524795532227,145900,0.0,0.0
2024-03-21 00:00:00-04:00,12.372294542623964,12.52919032818239,12.357353240441602,12.394708633422852,193100,0.0,0.0
2024-03-22 00:00:00-04:00,12.387237828169795,12.41712328391538,12.305054249886396,12.379766464233398,162100,0.0,0.0
2024-03-25 00:00:00-04:00,12.409652709960938,12.46195083582798,12.342411855269868,12.409652709960938,91900,0.0,0.0
2024-03-26 00:00:00-04:00,12.424592252925507,12.529189914852818,12.364822771117124,12.469420433044434,157600,0.0,0.0
2024-03-27 00:00:00-04:00,12.491833276866245,12.588959576830442,12.43206379420246,12.566545486450195,130300,0.0,0.0
2024-03-28 00:00:00-04:00,12.61884535432128,12.648730812303011,12.57401859236575,12.59643268585205,109800,0.0,0.0
2024-04-01 00:00:00-04:00,12.611372791386984,12.611372791386984,12.424592971801758,12.424592971801758,156400,0.0,0.0
2024-04-02 00:00:00-04:00,12.327468729995054,12.33494009416679,12.230343845796517,12.267699241638184,135600,0.0,0.0
2024-04-03 00:00:00-04:00,12.260228271266804,12.357354583602062,12.260228271266804,12.282642364501953,106100,0.0,0.0
2024-04-04 00:00:00-04:00,12.349882817857948,12.424593609513137,12.125746167841358,12.1406888961792,166800,0.0,0.0
2024-04-05 00:00:00-04:00,12.125746448919582,12.290113614411892,12.110803720235364,12.260228157043457,79000,0.0,0.0
2024-04-08 00:00:00-04:00,12.245283212279105,12.275168664239045,12.230341911315918,12.230341911315918,109300,0.0,0.0
2024-04-09 00:00:00-04:00,12.230343845796517,12.319997365823319,12.230343845796517,12.267699241638184,121000,0.0,0.0
2024-04-10 00:00:00-04:00,12.178042497408095,12.192985223543923,12.095860353694631,12.163101196289062,122800,0.0,0.0
2024-04-11 00:00:00-04:00,12.133216857910156,12.230343161692947,12.12574549415633,12.133216857910156,99900,0.0,0.0
2024-04-12 00:00:00-04:00,12.051033531454467,12.133217109433286,11.894139164422494,11.916552543640137,150700,0.0,0.0
2024-04-15 00:00:00-04:00,11.953908650675192,12.065976259271881,11.90908117973143,11.916552543640137,189200,0.0,0.0
2024-04-16 00:00:00-04:00,11.886667096821826,11.924023201645397,11.83436897757389,11.871725082397461,134100,0.0,0.0
2024-04-17 00:00:00-04:00,11.89413768572743,12.04356209529101,11.81942548094564,12.013676643371582,300000,0.0,0.0
2024-04-18 00:00:00-04:00,11.953907674534037,12.006205792607428,11.774599230418048,11.789541244506836,168400,0.0,0.0
2024-04-19 00:00:00-04:00,11.789542466971023,11.86425468268718,11.789542466971023,11.826898574829102,137400,0.0,0.0
2024-04-22 00:00:00-04:00,11.87172509177829,12.088389644916077,11.864253728305984,12.043562889099121,247000,0.0,0.0
2024-04-23 00:00:00-04:00,12.080918474386047,12.170573412468698,12.051033020019531,12.051033020019531,127800,0.0,0.0
2024-04-24 00:00:00-04:00,12.073447110794419,12.110802503735666,12.021148990669912,12.051033020019531,138400,0.0,0.0
2024-04-25 00:00:00-04:00,11.998734753087618,12.051032872572243,11.953907997103206,11.991263389587402,210000,0.0,0.0
2024-04-26 00:00:00-04:00,11.99126255443201,12.065974759213802,11.99126255443201,12.013676643371582,84300,0.0,0.0
2024-04-29 00:00:00-04:00,12.028620864092343,12.15563120049955,12.028620864092343,12.088390350341797,90700,0.0,0.0
2024-04-30 00:00:00-04:00,12.051033415210025,12.178043750398984,12.051033415210025,12.0659761428833,99100,0.0,0.0
2024-05-01 00:00:00-04:00,12.080917627558803,12.305052819529044,12.065974901422974,12.163101196289062,292200,0.0,0.0
2024-05-02 00:00:00-04:00,12.275169242524639,12.364822752594486,12.192985670779903,12.34241008758545,116300,0.0,0.0
2024-05-03 00:00:00-04:00,12.439536094665527,12.506776945854286,12.37976660749963,12.439536094665527,106200,0.0,0.0
2024-05-06 00:00:00-04:00,12.51424718814651,12.544132641559127,12.454477706338125,12.469420433044434,117000,0.0,0.0
2024-05-07 00:00:00-04:00,12.551604105942136,12.633787687802013,12.521720073913016,12.581489562988281,164100,0.0,0.0
2024-05-08 00:00:00-04:00,12.596430103197951,12.663670944853346,12.551601925416502,12.588958740234375,183800,0.0,0.0
2024-05-09 00:00:00-04:00,12.633786465459217,12.723441402906344,12.588959709244097,12.715970039367676,117100,0.0,0.0
2024-05-10 00:00:00-04:00,12.820567268034656,12.82803863214977,12.745855051900511,12.753326416015625,194700,0.0,0.0
2024-05-13 00:00:00-04:00,12.82803877893171,12.947577756107341,12.790683382945705,12.940106391906738,243100,0.0,0.0
2024-05-14 00:00:00-04:00,12.92516338438369,12.98493287168077,12.86539389708661,12.947577476501465,254100,0.0,0.0
2024-05-15 00:00:00-04:00,13.029761204682712,13.179184212122948,13.029761204682712,13.134357452392578,214700,0.0,0.0
2024-05-16 00:00:00-04:00,13.141828789055646,13.209069641019193,13.029761177455399,13.097002029418945,177500,0.0,0.0
2024-05-17 00:00:00-04:00,13.097001770082432,13.097001770082432,12.969991432779244,13.01481819152832,130500,0.0,0.0
2024-05-20 00:00:00-04:00,13.014817663104715,13.209068843153073,13.014817663104715,13.067115783691406,255200,0.0,0.0
2024-05-21 00:00:00-04:00,13.134355085371794,13.134355085371794,12.940103928191354,12.955046653747559,244600,0.0,0.0
2024-05-22 00:00:00-04:00,12.947312903939194,13.140671820918952,12.947312903939194,13.009187698364258,206400,0.59,0.0
2024-05-23 00:00:00-04:00,13.009187976001346,13.024657043740612,12.839032656503896,12.854501724243164,174900,0.0,0.0
2024-05-24 00:00:00-04:00,12.931844896664174,12.993719696161646,12.854502503701024,12.908642768859863,97200,0.0,0.0
2024-05-28 00:00:00-04:00,12.95504932098272,12.95504932098272,12.723019176960237,12.753955841064453,125900,0.0,0.0
2024-05-29 00:00:00-04:00,12.738485619134755,12.738485619134755,12.514190030230116,12.583799362182617,134900,0.0,0.0
2024-05-30 00:00:00-04:00,12.560596595159133,12.707549802966856,12.552862060515395,12.684346199035645,122200,0.0,0.0
2024-05-31 00:00:00-04:00,12.723018053151911,12.846767649061476,12.723018053151911,12.80809497833252,95900,0.0,0.0
2024-06-03 00:00:00-04:00,12.831297551797116,13.040125531352418,12.831297551797116,12.970516204833984,141600,0.0,0.0
2024-06-04 00:00:00-04:00,12.955048807321763,13.071063874733067,12.862235868265747,12.978252410888672,163100,0.0,0.0
2024-06-05 00:00:00-04:00,13.04786217984395,13.233486588911033,13.04786217984395,13.171611785888672,125900,0.0,0.0
2024-06-06 00:00:00-04:00,13.14840697019003,13.194812699378529,13.063328570668167,13.11746883392334,98000,0.0,0.0
2024-06-07 00:00:00-04:00,13.04012615902261,13.148406683169263,12.993718955635613,13.109735488891602,80800,0.0,0.0
2024-06-10 00:00:00-04:00,13.11746836375656,13.19481222643953,13.063328102441925,13.13293743133545,198400,0.0,0.0
2024-06-11 00:00:00-04:00,13.156142060201628,13.210282325744629,13.117469388234058,13.210282325744629,100300,0.0,0.0
2024-06-12 00:00:00-04:00,13.31856261935036,13.32629715360596,13.187078487428279,13.218016624450684,101800,0.0,0.0
2024-06-13 00:00:00-04:00,13.248951859822803,13.26442092666854,13.125202275479731,13.233484268188477,94200,0.0,0.0
2024-06-14 00:00:00-04:00,13.218017342155488,13.26442307499724,13.171611609313736,13.225751876831055,101500,0.0,0.0
2024-06-17 00:00:00-04:00,13.194811519116344,13.295358977777683,13.14067126070396,13.156140327453613,108200,0.0,0.0
2024-06-18 00:00:00-04:00,13.202548133030659,13.248953865381118,13.055594926173963,13.071063995361328,73200,0.0,0.0
2024-06-20 00:00:00-04:00,13.032392030965777,13.10200136300247,13.001453894411004,13.047861099243164,108100,0.0,0.0
2024-06-21 00:00:00-04:00,13.071062806502866,13.163875737973761,13.055593738722466,13.078797340393066,118500,0.0,0.0
2024-06-24 00:00:00-04:00,13.148407785884984,13.519656592847419,13.148407785884984,13.457781791687012,151200,0.0,0.0
2024-06-25 00:00:00-04:00,13.511920393293076,13.535123994073322,13.43457800778181,13.48098373413086,128500,0.0,0.0
2024-06-26 00:00:00-04:00,13.47324959277685,13.488718660414023,13.3727036035582,13.388171195983887,106600,0.0,0.0
2024-06-27 00:00:00-04:00,13.403641710628852,13.457781977992253,13.372705047226184,13.434579849243164,109600,0.0,0.0
2024-06-28 00:00:00-04:00,13.527389277040298,13.550592877505887,13.434577825600782,13.504185676574707,100300,0.0,0.0
2024-07-01 00:00:00-04:00,13.504186395055036,13.6124683944441,13.442311599066217,13.511920928955078,119500,0.0,0.0
2024-07-02 00:00:00-04:00,13.527391267475798,13.627938742409935,13.504187663596003,13.612469673156738,147400,0.0,0.0
2024-07-03 00:00:00-04:00,13.581530570983887,13.682078038783759,13.504186705417416,13.581530570983887,103300,0.0,0.0
2024-07-05 00:00:00-04:00,13.50418752375441,13.558329265579937,13.419110594166119,13.457781791687012,91400,0.0,0.0
2024-07-08 00:00:00-04:00,13.535124450180875,13.713014303189636,13.535124450180875,13.67434310913086,118600,0.0,0.0
2024-07-09 00:00:00-04:00,13.651140684642519,13.71301548559863,13.573796814644473,13.635671615600586,139900,0.0,0.0
2024-07-10 00:00:00-04:00,13.720748510684636,13.829029031642866,13.674342783875604,13.81356143951416,91100,0.0,0.0
2024-07-11 00:00:00-04:00,13.898638865448401,14.099732322557053,13.844498602998284,14.022388458251953,178200,0.0,0.0
2024-07-12 00:00:00-04:00,14.076529973115026,14.254419825553114,14.00692064386334,14.061060905456543,143200,0.0,0.0
2024-07-15 00:00:00-04:00,14.192546328028994,14.47098219528701,14.192546328028994,14.385905265808105,352700,0.0,0.0
2024-07-16 00:00:00-04:00,14.455512910844417,14.672073951694635,14.455512910844417,14.586997032165527,259800,0.0,0.0
2024-07-17 00:00:00-04:00,14.509655175528808,14.579264512621716,14.370436501342992,14.455514907836914,246200,0.0,0.0
2024-07-18 00:00:00-04:00,14.455513740799882,14.494184935968722,14.177076414907331,14.254420280456543,324000,0.0,0.0
2024-07-19 00:00:00-04:00,14.262155419187003,14.378170484823597,14.184811550358742,14.362701416015625,1077600,0.0,0.0
2024-07-22 00:00:00-04:00,14.378171036043499,14.54832637381969,14.362701966642485,14.455514907836914,127800,0.0,0.0
2024-07-23 00:00:00-04:00,14.409104512001418,14.470979300705663,14.354964256286621,14.354964256286621,77700,0.0,0.0
2024-07-24 00:00:00-04:00,14.3240296750233,14.432310202142226,14.285357004472585,14.300826072692871,99000,0.0,0.0
2024-07-25 00:00:00-04:00,14.277623073250538,14.532858284028228,14.277623073250538,14.409107208251953,123400,0.0,0.0
2024-07-26 00:00:00-04:00,14.424576277125437,14.594733084310564,14.385905080153329,14.409107208251953,129000,0.0,0.0
2024-07-29 00:00:00-04:00,14.432312611726598,14.478718348923708,14.308562995726447,14.31629753112793,124900,0.0,0.0
2024-07-30 00:00:00-04:00,14.409107808082256,14.440045947117136,14.308561806642228,14.324030876159668,131400,0.0,0.0
2024-07-31 00:00:00-04:00,14.35496688161164,14.53285822248012,14.30856115039932,14.362701416015625,191400,0.0,0.0
2024-08-01 00:00:00-04:00,14.362702192090604,14.525124472927446,14.308561923548881,14.416842460632324,132100,0.0,0.0
2024-08-02 00:00:00-04:00,14.347233115207624,14.37817125447967,14.061062702999578,14.192546844482422,150000,0.0,0.0
2024-08-05 00:00:00-04:00,14.014656715429503,14.153873913996781,13.805828704761112,13.945047378540039,411500,0.0,0.0
2024-08-06 00:00:00-04:00,14.068795950234737,14.509654068032118,14.014655686675274,14.300826072692871,337300,0.0,0.0
2024-08-07 00:00:00-04:00,14.37043615990034,14.486451227228109,14.05332762077235,14.099733352661133,291300,0.0,0.0
2024-08-08 00:00:00-04:00,14.153872518549603,14.664339955270309,14.153872518549603,14.617934226989746,207600,0.0,0.0
2024-08-09 00:00:00-04:00,14.633403605672564,14.904106397614049,14.617934537513271,14.687543869018555,239100,0.0,0.0
2024-08-12 00:00:00-04:00,14.687543665571718,14.811293258708853,14.517388343811035,14.517388343811035,170900,0.0,0.0
2024-08-13 00:00:00-04:00,14.633402436221893,14.741682954260469,14.540589509894957,14.726215362548828,139800,0.0,0.0
2024-08-14 00:00:00-04:00,14.834497129508472,14.880902858973144,14.71848206824102,14.733949661254883,149900,0.0,0.0
2024-08-15 00:00:00-04:00,14.904107083053932,14.996918545855017,14.795825076170527,14.8731689453125,116300,0.0,0.0
2024-08-16 00:00:00-04:00,14.880901102176392,14.93504135936212,14.764886054605345,14.888635635375977,95800,0.0,0.0
2024-08-19 00:00:00-04:00,14.96598256393469,15.112935774466285,14.935044424786282,15.08973217010498,174700,0.0,0.0
2024-08-20 00:00:00-04:00,15.19027584520532,15.26761970601784,15.089729858797059,15.151604652404785,178400,0.0,0.0
2024-08-21 00:00:00-04:00,15.213478088378908,15.221212621291082,15.128399701556292,15.213478088378906,190500,0.0,0.0
2024-08-22 00:00:00-04:00,15.25215181040429,15.306293549779951,14.9041066228301,14.919575691223145,175100,0.0,0.0
2024-08-23 00:00:00-04:00,15.02329370217999,15.206796128541297,15.02329370217999,15.142969131469727,159500,0.59,0.0
2024-08-26 00:00:00-04:00,15.142968697202695,15.23073138631763,15.087120266586137,15.206795692443848,150200,0.0,0.0
2024-08-27 00:00:00-04:00,15.214772497636853,15.23870818874272,15.063182830810547,15.063182830810547,83100,0.0,0.0
2024-08-28 00:00:00-04:00,15.063184938908472,15.206796062131248,14.959466639778489,15.111056327819824,151500,0.0,0.0
2024-08-29 00:00:00-04:00,15.238709019402767,15.310514574879054,15.071162216039596,15.302536010742188,166100,0.0,0.0
2024-08-30 00:00:00-04:00,15.246687797950575,15.27860053319131,15.04722825699049,15.119033813476562,149900,0.0,0.0
2024-09-03 00:00:00-04:00,14.959465708683323,15.023292701503484,14.879681587219237,14.879681587219238,229000,0.0,0.0
2024-09-04 00:00:00-04:00,14.807875011030543,15.023291667632396,14.807875011030543,14.84776782989502,94900,0.0,0.0
2024-09-05 00:00:00-04:00,14.911597173285148,14.935531346628277,14.736071786071916,14.783943176269531,116400,0.0,0.0
2024-09-06 00:00:00-04:00,14.744048173126643,14.83978941762338,14.688199747901653,14.704156875610352,104400,0.0,0.0
2024-09-09 00:00:00-04:00,14.720117441265486,14.903619887506938,14.688203178394376,14.79990005493164,114300,0.0,0.0
2024-09-10 00:00:00-04:00,14.807877677678993,14.927553112313067,14.760007808176509,14.89564037322998,125700,0.0,0.0
2024-09-11 00:00:00-04:00,14.85574881812281,14.935531425361386,14.78394325420354,14.91159725189209,103900,0.0,0.0
2024-09-12 00:00:00-04:00,14.975424064155279,15.023293932253145,14.879682806203878,14.959466934204102,81600,0.0,0.0
2024-09-13 00:00:00-04:00,15.063183863733094,15.142967984468234,15.02329256424329,15.119033813476562,75200,0.0,0.0
2024-09-16 00:00:00-04:00,15.158925519578043,15.318493765328462,15.134989826188809,15.262643814086914,115400,0.0,0.0
2024-09-17 00:00:00-04:00,15.294557604674992,15.35040603245474,15.15892505645752,15.15892505645752,96200,0.0,0.0
2024-09-18 00:00:00-04:00,15.198815370232941,15.246686752444676,15.01531297035424,15.063182830810547,143000,0.0,0.0
2024-09-19 00:00:00-04:00,15.190839999179333,15.238709864901011,15.063184487662198,15.079141616821289,164900,0.0,0.0
2024-09-20 00:00:00-04:00,15.023293872015854,15.07914230486538,14.943509744335534,14.999358177185059,129500,0.0,0.0
2024-09-23 00:00:00-04:00,14.999357942115642,15.150947630156978,14.959466639778489,15.111056327819824,113800,0.0,0.0
2024-09-24 00:00:00-04:00,15.198818308160142,15.198818308160142,14.855749133193433,14.927553176879883,127100,0.0,0.0
2024-09-25 00:00:00-04:00,14.951488146954402,14.951488146954402,14.728092896225986,14.744050025939941,91700,0.0,0.0
2024-09-26 00:00:00-04:00,14.783943116004103,14.919575677499761,14.696180422755242,14.823834419250488,168600,0.0,0.0
2024-09-27 00:00:00-04:00,14.839791675123694,14.863725848572267,14.76000754619851,14.815855979919434,107000,0.0,0.0
2024-09-30 00:00:00-04:00,14.903616129707016,14.903616129707016,14.775962153920888,14.855746269226074,127400,0.0,0.0
2024-10-01 00:00:00-04:00,14.855748679252137,14.855748679252137,14.712137552756067,14.823834419250488,156400,0.0,0.0
2024-10-02 00:00:00-04:00,14.831812280780033,14.831812280780033,14.775963850181705,14.807876586914062,90500,0.0,0.0
2024-10-03 00:00:00-04:00,14.720115831035212,14.760007133504587,14.54459044795641,14.576504707336426,153600,0.0,0.0
2024-10-04 00:00:00-04:00,14.576504663840977,14.767985654282775,14.576504663840977,14.712137222290039,111300,0.0,0.0
2024-10-07 00:00:00-04:00,14.791921709201779,14.87968288086226,14.440872457292823,14.52065658569336,123100,0.0,0.0
2024-10-08 00:00:00-04:00,14.592462028461265,14.704158894245356,14.560547768662573,14.600439071655273,100900,0.0,0.0
2024-10-09 00:00:00-04:00,14.63235390858712,14.680223778417588,14.544591212434822,14.624375343322754,119800,0.0,0.0
2024-10-10 00:00:00-04:00,14.63235422341217,14.6403327888482,14.53661295993557,14.568527221679688,105200,0.0,0.0
2024-10-11 00:00:00-04:00,14.592459695723564,14.736069276593382,14.592459695723564,14.664263725280762,97600,0.0,0.0
2024-10-14 00:00:00-04:00,14.744047899096643,14.879680438588831,14.68819947490964,14.855746269226074,121700,0.0,0.0
2024-10-15 00:00:00-04:00,14.855748739810277,14.871704348120469,14.783943176269531,14.783943176269531,113600,0.0,0.0
2024-10-16 00:00:00-04:00,14.847770317736307,14.943510055541992,14.79192188372371,14.943510055541992,80800,0.0,0.0
2024-10-17 00:00:00-04:00,14.935531299482971,14.959466994506224,14.879682866184389,14.919575691223145,106900,0.0,0.0
2024-10-18 00:00:00-04:00,14.975422711599522,14.975422711599522,14.855747291285912,14.887660026550293,107700,0.0,0.0
2024-10-21 00:00:00-04:00,14.847770114251725,14.903618547498937,14.799898724249253,14.823834419250488,125500,0.0,0.0
2024-10-22 00:00:00-04:00,14.831813110055608,14.879682978708441,14.791921806470858,14.815855979919434,100000,0.0,0.0
2024-10-23 00:00:00-04:00,14.79192287943737,14.831814185915727,14.616397478718687,14.64033317565918,84800,0.0,0.0
2024-10-24 00:00:00-04:00,14.672243550438091,14.728091979203967,14.576503821626748,14.608416557312012,71700,0.0,0.0
2024-10-25 00:00:00-04:00,14.688202343681954,14.799899213871624,14.600439647529656,14.624375343322754,69700,0.0,0.0
2024-10-28 00:00:00-04:00,14.728093382514576,14.728093382514576,14.544590950012207,14.544590950012207,124400,0.0,0.0
2024-10-29 00:00:00-04:00,14.616395699628113,14.712136953980773,14.544590139302521,14.632352828979492,87600,0.0,0.0
2024-10-30 00:00:00-04:00,14.632352996995017,14.632352996995017,14.377045011463842,14.488741874694824,147900,0.0,0.0
2024-10-31 00:00:00-04:00,14.48874141221845,14.48874141221845,14.353108859014911,14.38502311706543,111400,0.0,0.0
2024-11-01 00:00:00-04:00,14.408957748777425,14.520656133764035,14.408957748777425,14.488741874694824,228200,0.0,0.0
2024-11-04 00:00:00-05:00,14.624375014036982,14.64033214420642,14.448851147440248,14.512678146362305,135600,0.0,0.0
2024-11-05 00:00:00-05:00,14.512678534415022,14.616396839778291,14.464807142626684,14.584484100341797,101900,0.0,0.0
2024-11-06 00:00:00-05:00,14.831811794131067,14.911595915977555,14.488741135420057,14.608416557312012,154200,0.0,0.0
2024-11-07 00:00:00-05:00,14.608415631113614,14.823832289914682,14.608415631113614,14.704156875610352,140500,0.0,0.0
2024-11-08 00:00:00-05:00,14.688202118985725,14.92755298623227,14.688202118985725,14.903618812561035,108600,0.0,0.0
2024-11-11 00:00:00-05:00,14.903618751748906,15.047229880213129,14.903618751748906,14.943510055541992,196500,0.0,0.0
2024-11-12 00:00:00-05:00,14.975423841525334,15.007336579197595,14.744050025939941,14.744050025939941,154500,0.0,0.0
2024-11-13 00:00:00-05:00,14.839790035078122,14.919574155185824,14.544589247206286,14.592460632324219,144100,0.0,0.0
2024-11-14 00:00:00-05:00,14.640332835260656,14.640332835260656,14.28928356374124,14.337153434753418,201300,0.0,0.0
2024-11-15 00:00:00-05:00,14.233433352644987,14.233433352644987,13.603140455587145,13.627076148986816,392400,0.0,0.0
2024-11-18 00:00:00-05:00,13.762709403304417,14.04993165172649,13.762709403304417,14.041953086853027,320100,0.0,0.0
2024-11-19 00:00:00-05:00,13.970145820532254,14.089821235523722,13.898340267186281,14.065885543823242,216500,0.0,0.0
2024-11-20 00:00:00-05:00,14.121738749099768,14.193544319011746,14.049933179187791,14.137694358825684,177000,0.0,0.0
2024-11-21 00:00:00-05:00,14.286511416489487,14.319581223450493,14.12942549686617,14.203834533691406,242200,0.62,0.0
2024-11-22 00:00:00-05:00,14.220369654634219,14.336116339745628,14.162494735148199,14.261707305908203,231700,0.0,0.0
2024-11-25 00:00:00-05:00,14.30304521199231,14.551075854845854,14.30304521199231,14.369186401367188,227500,0.0,0.0
2024-11-26 00:00:00-05:00,14.402255925197723,14.402255925197723,14.26997356352554,14.303043365478516,236100,0.0,0.0
2024-11-27 00:00:00-05:00,14.34438355720136,14.41879258778018,14.294778062458892,14.385721206665039,259400,0.0,0.0
2024-11-29 00:00:00-05:00,14.41879507601464,14.476668426023027,14.385723689192409,14.410527229309082,87200,0.0,0.0
2024-12-02 00:00:00-05:00,14.592412132839799,14.732962344143544,14.509735259673445,14.625483512878418,378200,0.0,0.0
2024-12-03 00:00:00-05:00,14.832176454521727,14.832176454521727,14.559343848463836,14.567611694335938,317500,0.0,0.0
2024-12-04 00:00:00-05:00,14.592412631219352,14.64201812604128,14.551074981689453,14.551074981689453,207700,0.0,0.0
2024-12-05 00:00:00-05:00,14.551075793523218,14.633752674125974,14.402257723824325,14.435327529907227,194000,0.0,0.0
2024-12-06 00:00:00-05:00,14.410527029009046,14.642020425824937,14.410527029009046,14.526273727416992,198500,0.0,0.0
2024-12-09 00:00:00-05:00,14.59241512340906,14.608950816817195,14.468400576709087,14.493204116821289,215800,0.0,0.0
2024-12-10 00:00:00-05:00,14.567611546422158,14.600681352644425,14.369186401367188,14.369186401367188,174700,0.0,0.0
2024-12-11 00:00:00-05:00,14.41879271367666,14.468398208852253,14.269974651219625,14.336115837097168,222900,0.0,0.0
2024-12-12 00:00:00-05:00,14.22863707068921,14.2782441485345,14.088088414252214,14.14596176147461,263200,0.0,0.0
2024-12-13 00:00:00-05:00,14.145959703203015,14.269974225910941,13.964070264763192,14.030211448669434,216000,0.0,0.0
2024-12-16 00:00:00-05:00,14.063285071702817,14.071552918125812,13.840057949073296,13.864861488342285,417400,0.0,0.0
2024-12-17 00:00:00-05:00,13.848324714943177,14.005410630862132,13.831789023387424,13.91446590423584,243700,0.0,0.0
2024-12-18 00:00:00-05:00,13.939269151057733,13.947536996663295,13.335729037294065,13.476279258728027,314400,0.0,0.0
2024-12-19 00:00:00-05:00,13.48454800350637,13.5424213496741,13.16210988804021,13.25305461883545,507100,0.0,0.0
2024-12-20 00:00:00-05:00,13.153840057241421,13.558954996222493,13.14557221233199,13.468011856079102,299900,0.0,0.0
2024-12-23 00:00:00-05:00,13.468013125160168,13.525886468049373,13.294391519562227,13.509350776672363,352000,0.0,0.0
2024-12-24 00:00:00-05:00,13.51761982259528,13.798720293242141,13.501084129750062,13.616830825805664,186900,0.0,0.0
2024-12-26 00:00:00-05:00,13.682971954345703,13.749113148477514,13.63336645297946,13.682971954345703,237600,0.0,0.0
2024-12-27 00:00:00-05:00,13.74911269953956,13.790451930103664,13.509351469989385,13.608562469482422,233300,0.0,0.0
2024-12-30 00:00:00-05:00,13.600296143154434,13.600296143154434,13.327463530299362,13.385336875915527,359700,0.0,0.0
2024-12-31 00:00:00-05:00,13.368801045439053,13.49281558146635,13.228250817426678,13.269588470458984,614900,0.0,0.0
2025-01-02 00:00:00-05:00,13.310927642933198,13.501083369149152,13.26958841314905,13.41840648651123,533600,0.0,0.0
2025-01-03 00:00:00-05:00,13.459746409732377,13.757380994860299,13.459746409732377,13.682971954345703,288800,0.0,0.0
2025-01-06 00:00:00-05:00,13.798719978516642,13.823521940288316,13.641634053930858,13.658169746398926,276900,0.0,0.0
2025-01-07 00:00:00-05:00,13.69950613223296,13.91446538362397,13.69950613223296,13.82352066040039,203800,0.0,0.0
2025-01-08 00:00:00-05:00,13.889661847218372,13.922733229092504,13.674704172757643,13.82352066040039,209400,0.0,0.0
2025-01-10 00:00:00-05:00,13.773916375179963,13.790452067570437,13.608562605136074,13.724310874938965,211300,0.0,0.0
2025-01-13 00:00:00-05:00,13.707774683719144,13.931001792075978,13.600295840953093,13.881396293640137,262400,0.0,0.0
2025-01-14 00:00:00-05:00,13.94753695331777,13.964071067547206,13.625097283424093,13.70777416229248,246300,0.0,0.0
2025-01-15 00:00:00-05:00,13.806987129800412,13.99714285282075,13.806987129800412,13.931001663208008,209900,0.0,0.0
2025-01-16 00:00:00-05:00,13.931001663208008,13.964071469549205,13.823521244505836,13.931001663208008,171500,0.0,0.0
2025-01-17 00:00:00-05:00,14.005410253366858,14.038480058656672,13.931001220301905,13.939269065856934,234000,0.0,0.0
2025-01-21 00:00:00-05:00,13.98887551198576,14.228636741638184,13.98887551198576,14.228636741638184,170900,0.0,0.0
2025-01-22 00:00:00-05:00,14.294778062458892,14.468398082522647,14.245170990786182,14.385721206665039,312300,0.0,0.0
2025-01-23 00:00:00-05:00,14.443595382534575,14.526272263176677,14.28651104393795,14.518004417419434,216200,0.0,0.0
2025-01-24 00:00:00-05:00,14.584146127017556,14.716428509993603,14.50973708947723,14.69162654876709,277100,0.0,0.0
2025-01-27 00:00:00-05:00,14.691626419388383,14.782569571302048,14.666822881449903,14.741231918334961,201000,0.0,0.0
2025-01-28 00:00:00-05:00,14.782570904450152,14.80737444462551,14.716429707579724,14.79910659790039,170400,0.0,0.0
2025-01-29 00:00:00-05:00,14.865246903644735,14.881782596103708,14.683359017387309,14.815641403198242,231100,0.0,0.0
2025-01-30 00:00:00-05:00,14.815640524071936,14.9148530960083,14.78256914111637,14.9148530960083,130400,0.0,0.0
2025-01-31 00:00:00-05:00,14.964457387962968,15.11327544541345,14.914851894456211,15.014062881469727,215900,0.0,0.0
2025-02-03 00:00:00-05:00,14.87351359688533,14.87351359688533,14.732963375740308,14.848710060119629,279700,0.0,0.0
2025-02-04 00:00:00-05:00,14.848712101320581,14.848712101320581,14.757768941205319,14.79910659790039,203800,0.0,0.0
2025-02-05 00:00:00-05:00,14.799106023421238,15.113277879057982,14.774304061139178,15.105010032653809,243800,0.0,0.0
2025-02-06 00:00:00-05:00,15.1298095586289,15.1298095586289,14.980993078108623,15.014062881469727,172300,0.0,0.0
2025-02-07 00:00:00-05:00,15.005797719799087,15.030601259453046,14.749500784430126,14.757768630981445,180200,0.0,0.0
2025-02-10 00:00:00-05:00,14.823910276200202,14.840445969804513,14.658556494018155,14.666824340820312,163200,0.0,0.0
2025-02-11 00:00:00-05:00,14.642018949917421,14.68335817870364,14.484934611320796,14.518004417419434,205900,0.0,0.0
2025-02-12 00:00:00-05:00,14.476665894672276,14.642018069078844,14.443594513632817,14.617216110229492,170500,0.0,0.0
2025-02-13 00:00:00-05:00,14.63375439418958,14.79910659790039,14.567613197319151,14.79910659790039,171100,0.0,0.0
2025-02-14 00:00:00-05:00,14.856977725190953,14.947922448629871,14.799104383704472,14.84044361114502,144200,0.0,0.0
2025-02-18 00:00:00-05:00,14.898317968144015,15.088473696541241,14.856978737885665,15.06367015838623,330700,0.0,0.0
2025-02-19 00:00:00-05:00,15.063669776459081,15.071937622301126,14.97272662605729,15.005796432495117,251000,0.0,0.0
2025-02-20 00:00:00-05:00,15.005796812954936,15.129811349869197,14.906585814195685,15.06367015838623,356600,0.0,0.0
2025-02-21 00:00:00-05:00,15.012463510052648,15.200225399496693,15.003928656733805,15.046601295471191,196500,0.57,0.0
2025-02-24 00:00:00-05:00,15.080739846051006,15.08927469888161,14.884443114517298,14.901511192321777,204500,0.0,0.0
2025-02-25 00:00:00-05:00,14.995392779585726,15.00392763232184,14.782026344753017,14.833233833312988,126600,0.0,0.0
2025-02-26 00:00:00-05:00,14.824701663148701,14.858839448665206,14.619868438622374,14.688145637512207,201000,0.0,0.0
2025-02-27 00:00:00-05:00,14.730819212168493,14.77349184902355,14.500383066294987,14.52598762512207,179100,0.0,0.0
2025-02-28 00:00:00-05:00,14.50891740892466,14.696679283482334,14.466244773570502,14.679611206054688,160500,0.0,0.0
2025-03-03 00:00:00-05:00,14.739354006313267,14.79056149590641,14.51745271426732,14.560125350952148,148000,0.0,0.0
2025-03-04 00:00:00-05:00,14.55159101894109,14.611334991437923,14.329691346808637,14.406501770019531,263200,0.0,0.0
2025-03-05 00:00:00-05:00,14.406500837556209,14.585729487732495,14.36382820210584,14.568659782409668,144800,0.0,0.0
2025-03-06 00:00:00-05:00,14.508919184436126,14.577196386072137,14.4321071291135,14.500384330749512,149800,0.0,0.0
2025-03-07 00:00:00-05:00,14.53452188848469,14.611333933993382,14.432105285187541,14.551589965820312,162800,0.0,0.0
2025-03-10 00:00:00-04:00,14.491849537168541,14.654008502172966,14.278483077688945,14.30408763885498,186100,0.0,0.0
2025-03-11 00:00:00-04:00,14.29555091334072,14.312620618549717,13.920025538026227,14.107789039611816,293600,0.0,0.0
2025-03-12 00:00:00-04:00,14.167532077702804,14.287016764336734,14.013907978969597,14.184601783752441,168700,0.0,0.0
2025-03-13 00:00:00-04:00,14.210205764898495,14.38089958229314,14.107790776747217,14.124858856201172,115700,0.0,0.0
2025-03-14 00:00:00-04:00,14.15046215057373,14.235809051631737,14.082184955298674,14.15046215057373,169400,0.0,0.0
2025-03-17 00:00:00-04:00,14.116323912090138,14.415035614384692,14.116323912090138,14.355293273925781,123800,0.0,0.0
2025-03-18 00:00:00-04:00,14.42357061250637,14.46624487601944,14.227273883916366,14.261411666870117,129800,0.0,0.0
2025-03-19 00:00:00-04:00,14.269946353433859,14.269946353433859,14.150461672701782,14.193134307861328,141700,0.0,0.0
2025-03-20 00:00:00-04:00,14.176066230511521,14.31262061645009,14.167531377908276,14.193134307861328,121900,0.0,0.0
2025-03-21 00:00:00-04:00,14.210203759029623,14.312620360580972,14.17606597708361,14.269946098327637,96200,0.0,0.0
2025-03-24 00:00:00-04:00,14.33822367978457,14.38943279588042,14.28701619154542,14.372363090515137,137600,0.0,0.0
2025-03-25 00:00:00-04:00,14.432106162000137,14.440641015114819,14.090720176696777,14.090720176696777,263800,0.0,0.0
2025-03-26 00:00:00-04:00,14.158997003465206,14.31262109979827,14.090719808190148,14.15046215057373,152900,0.0,0.0
2025-03-27 00:00:00-04:00,14.116324625346197,14.17606696882371,14.073650360107422,14.073650360107422,133300,0.0,0.0
2025-03-28 00:00:00-04:00,14.13339228046166,14.16753169163062,14.005372744291504,14.082184791564941,135800,0.0,0.0
2025-03-31 00:00:00-04:00,13.99683728095509,14.005372133375039,13.570104427097577,13.860282897949219,217400,0.0,0.0
2025-04-01 00:00:00-04:00,13.826146754044494,13.826146754044494,13.484759942159004,13.527433395385742,176000,0.0,0.0
2025-04-02 00:00:00-04:00,13.450621421419866,13.561572074890137,13.425016860976278,13.561572074890137,254200,0.0,0.0
2025-04-03 00:00:00-04:00,13.442085798252622,13.595709896404019,13.40794720021102,13.450620651245117,142900,0.0,0.0
2025-04-04 00:00:00-04:00,13.348204714841446,13.442085654973075,12.554481301424051,12.682500839233398,384100,0.0,0.0
2025-04-07 00:00:00-04:00,12.37525318180122,12.588619615970206,11.752223584713388,12.170421600341797,433700,0.0,0.0
2025-04-08 00:00:00-04:00,12.750778493638213,12.88733370319367,11.974124758063027,12.06800651550293,430900,0.0,0.0
2025-04-09 00:00:00-04:00,12.033867083736013,12.7678473163971,11.829034690543413,12.691035270690918,425500,0.0,0.0
2025-04-10 00:00:00-04:00,12.691035025628109,12.70810473053469,11.999728255478235,12.23016357421875,264800,0.0,0.0
2025-04-11 00:00:00-04:00,12.306975447947524,12.708104554483489,12.306975447947524,12.699569702148438,143800,0.0,0.0
2025-04-14 00:00:00-04:00,12.870264133579484,13.015353383957546,12.801986935040208,12.904402732849121,243900,0.0,0.0
2025-04-15 00:00:00-04:00,12.904401524991965,13.015352165715365,12.870262928917713,12.981213569641113,169500,0.0,0.0
2025-04-16 00:00:00-04:00,12.96414550216432,13.006818956129377,12.784917646653826,12.895868301391602,104800,0.0,0.0
2025-04-17 00:00:00-04:00,12.904401807706677,12.998282745485565,12.819055722615419,12.887332916259766,143100,0.0,0.0
2025-04-21 00:00:00-04:00,12.904401890279672,13.058025983926639,12.801986099157812,12.92147159576416,230300,0.0,0.0
2025-04-22 00:00:00-04:00,12.98121442641681,13.228719467772846,12.972679573352854,13.126303672790527,178900,0.0,0.0
2025-04-23 00:00:00-04:00,13.450620622140478,13.6639870629209,13.279927632301819,13.467689514160156,238200,0.0,0.0
2025-04-24 00:00:00-04:00,13.578640359958898,13.77493709766693,13.476224564555354,13.766402244567871,165400,0.0,0.0
2025-04-25 00:00:00-04:00,13.76640256543169,13.774937418729678,13.570105823148424,13.655452728271484,125100,0.0,0.0
2025-04-28 00:00:00-04:00,13.612778546139149,13.783471533308646,13.612778546139149,13.689591407775879,102600,0.0,0.0
2025-04-29 00:00:00-04:00,13.706659538700789,13.860283634712669,13.621313451749586,13.740798950195312,164800,0.0,0.0
2025-04-30 00:00:00-04:00,13.689590733120204,13.928560089452153,13.689590733120204,13.860282897949219,243700,0.0,0.0
2025-05-01 00:00:00-04:00,13.971234439107182,13.971234439107182,13.672521113963608,13.715193748474121,204100,0.0,0.0
2025-05-02 00:00:00-04:00,13.817611434371637,13.937096122660678,13.740799383941027,13.894423484802246,134500,0.0,0.0
2025-05-05 00:00:00-04:00,13.920026357525362,14.01390811384516,13.834679454312527,13.928561210632324,120400,0.0,0.0
2025-05-06 00:00:00-04:00,13.83467943908317,13.86028399837587,13.177511215209961,13.177511215209961,284700,0.0,0.0
2025-05-07 00:00:00-04:00,13.220184272955649,13.271392576087223,13.066560991417658,13.168976783752441,232500,0.0,0.0
2025-05-08 00:00:00-04:00,13.160442025033701,13.203115475627156,12.89586728249698,13.023887634277344,212200,0.0,0.0
2025-05-09 00:00:00-04:00,13.083629782508023,13.194580426832452,12.972679138183594,12.972679138183594,141100,0.0,0.0
2025-05-12 00:00:00-04:00,13.100699468980089,13.54450123170298,13.100699468980089,13.331134796142578,259300,0.0,0.0
2025-05-13 00:00:00-04:00,13.36527374846371,13.45915550351939,13.023887768065912,13.109233856201172,231100,0.0,0.0
2025-05-14 00:00:00-04:00,13.117768887962237,13.322600478992362,12.972679640833801,12.998283386230469,281600,0.0,0.0
2025-05-15 00:00:00-04:00,13.049492200984558,13.271393506904282,12.955611254908563,13.186046600341797,478100,0.0,0.0
2025-05-16 00:00:00-04:00,13.279927917831124,13.450620911339822,13.186046160955042,13.373808860778809,354500,0.0,0.0
2025-05-19 00:00:00-04:00,13.39941153559949,13.553035624445686,13.373807792101235,13.535965919494629,312600,0.0,0.0
2025-05-20 00:00:00-04:00,13.604244016311815,13.826146125793457,13.604244016311815,13.826146125793457,332200,0.0,0.0
2025-05-21 00:00:00-04:00,13.81761094467091,13.81761094467091,13.578639948705248,13.689591407775879,280600,0.0,0.0
2025-05-22 00:00:00-04:00,13.707255315086362,13.777911200851996,13.50411901179672,13.636598587036133,284400,0.54,0.0
2025-05-23 00:00:00-04:00,13.557110816560916,13.557110816560916,13.38047026677695,13.521782875061035,195700,0.0,0.0
2025-05-27 00:00:00-04:00,13.592440274686558,13.63659957477522,13.495287793008325,13.601271629333496,334800,0.0,0.0
2025-05-28 00:00:00-04:00,13.592438295425127,13.645429784729034,13.398134202646887,13.433462142944336,174900,0.0,0.0
2025-05-29 00:00:00-04:00,13.495287142135734,13.627767562866211,13.477623591409106,13.627767562866211,189600,0.0,0.0
2025-05-30 00:00:00-04:00,13.583607807088327,13.610103555070502,13.353975745150438,13.442296028137207,215100,0.0,0.0
2025-06-02 00:00:00-04:00,13.477622924613657,13.592438946652452,13.380470452427598,13.54827880859375,176200,0.0,0.0
2025-06-03 00:00:00-04:00,13.548279478884847,13.680759057330707,13.477623591409106,13.627767562866211,238200,0.0,0.0
2025-06-04 00:00:00-04:00,13.698423571685879,13.901559039406902,13.671926981934298,13.724919319152832,168100,0.0,0.0
2025-06-05 00:00:00-04:00,13.760246619264233,13.804406757832341,13.610102653503418,13.610102653503418,214300,0.0,0.0
2025-06-06 00:00:00-04:00,13.724918461798296,13.875062425206368,13.724918461798296,13.85739803314209,145200,0.0,0.0
2025-06-09 00:00:00-04:00,13.91039036705035,13.989878446770456,13.795574345486262,13.85739803314209,137800,0.0,0.0
2025-06-10 00:00:00-04:00,13.910391304295507,14.04287088456542,13.910391304295507,13.998711585998535,129400,0.0,0.0
2025-06-11 00:00:00-04:00,14.03403824394731,14.166518654359496,13.92805442098829,14.00754165649414,236800,0.0,0.0
2025-06-12 00:00:00-04:00,13.972215399560387,14.069367880695895,13.88389595759179,14.016375541687012,196700,0.0,0.0
2025-06-13 00:00:00-04:00,13.936885953997562,13.945718149929023,13.777910638654062,13.795574188232422,159800,0.0,0.0
2025-06-16 00:00:00-04:00,13.83973506307476,13.972214639967797,13.716086840299214,13.804407119750977,189500,0.0,0.0
2025-06-17 00:00:00-04:00,13.751414708036414,13.813239240226665,13.495286909775675,13.530614852905273,217100,0.0,0.0
2025-06-18 00:00:00-04:00,13.574775880823367,13.698424111011729,13.530615738450049,13.601271629333496,174600,0.0,0.0
2025-06-20 00:00:00-04:00,13.707255443089249,13.707255443089249,13.49528694152832,13.49528694152832,139200,0.0,0.0
2025-06-23 00:00:00-04:00,13.477624040125479,13.539447733153919,13.327480063669565,13.3716402053833,212100,0.0,0.0
2025-06-24 00:00:00-04:00,13.477623312773293,13.707255363464355,13.451126723804217,13.707255363464355,134200,0.0,0.0
2025-06-25 00:00:00-04:00,13.733751548515952,13.760247296046145,13.610103322900672,13.689591407775879,116800,0.0,0.0
2025-06-26 00:00:00-04:00,13.742582598813732,13.79557408945395,13.636597932964182,13.663094520568848,134000,0.0,0.0
2025-06-27 00:00:00-04:00,13.663095845529595,13.795575427261731,13.610103507465958,13.716087341308594,123300,0.0,0.0
2025-06-30 00:00:00-04:00,13.689591626677812,13.822071208731805,13.65426368197777,13.68075942993164,226000,0.0,0.0
2025-07-01 00:00:00-04:00,13.680758293919995,14.034038553869648,13.671926097907225,13.892725944519043,222300,0.0,0.0
2025-07-02 00:00:00-04:00,13.866230682937488,14.007542454937756,13.751414657616122,13.945718765258789,287100,0.0,0.0
2025-07-03 00:00:00-04:00,13.954550930016772,14.042870366174872,13.936886537414393,13.981046676635742,119500,0.0,0.0
2025-07-07 00:00:00-04:00,13.910390238880115,13.981046121917057,13.689590393818525,13.760246276855469,212600,0.0,0.0
2025-07-08 00:00:00-04:00,13.76024710149502,13.981046959788952,13.70725560718386,13.901558876037598,198600,0.0,0.0
2025-07-09 00:00:00-04:00,13.98104655172543,14.131190518365836,13.98104655172543,14.122358322143555,292100,0.0,0.0
2025-07-10 00:00:00-04:00,14.140022434977446,14.272502006553582,14.069366551165562,14.2018461227417,232000,0.0,0.0
2025-07-11 00:00:00-04:00,14.140023094562784,14.16651968394165,13.928055433239543,13.93688678741455,179700,0.0,0.0
2025-07-14 00:00:00-04:00,13.830902956752931,13.981046927428046,13.80440720965868,13.93688678741455,306300,0.0,0.0
2025-07-15 00:00:00-04:00,13.998711039572498,14.04287033641567,13.698423104245201,13.777911186218262,264200,0.0,0.0
2025-07-16 00:00:00-04:00,13.795574345486262,13.91039036705035,13.777910795706557,13.85739803314209,168300,0.0,0.0
2025-07-17 00:00:00-04:00,13.866231228847047,13.981047258688688,13.85739903217816,13.928055763244629,244900,0.0,0.0
2025-07-18 00:00:00-04:00,13.981046275258421,14.210678318789329,13.760246427775144,14.2018461227417,712500,0.0,0.0
2025-07-21 00:00:00-04:00,14.122358800208472,14.140023193251002,13.804407306004517,13.830903053283691,361600,0.0,0.0
2025-07-22 00:00:00-04:00,13.830902615744831,14.131190549691306,13.830902615744831,14.087030410766602,209500,0.0,0.0
2025-07-23 00:00:00-04:00,14.113526945961443,14.298999708267518,14.087031198039707,14.263670921325684,318100,0.0,0.0
2025-07-24 00:00:00-04:00,14.263670123440415,14.44914287537146,14.237175219285398,14.325493812561035,191500,0.0,0.0
2025-07-25 00:00:00-04:00,14.325493736717382,14.351990325301303,14.175349770546847,14.298998832702637,145100,0.0,0.0
2025-07-28 00:00:00-04:00,14.325494159813948,14.325494159813948,14.131190891500735,14.175350189208984,95400,0.0,0.0
2025-07-29 00:00:00-04:00,14.175349407348124,14.175349407348124,14.042869836961243,14.104694366455078,131500,0.0,0.0
2025-07-30 00:00:00-04:00,14.140023771184634,14.228344055437885,13.945719651198273,14.016375541687012,136200,0.0,0.0
2025-07-31 00:00:00-04:00,14.04286996934787,14.237174913344928,13.804406571946497,13.822070121765137,151000,0.0,0.0
2025-08-01 00:00:00-04:00,13.822070792286244,14.016374903424595,13.77791149445515,13.901558876037598,149200,0.0,0.0
2025-08-04 00:00:00-04:00,13.936886691612324,14.069367110742139,13.866230804990266,14.04287052154541,131400,0.0,0.0
2025-08-05 00:00:00-04:00,14.060534570443911,14.069366766626798,13.94571854692014,13.954550743103027,242800,0.0,0.0
2025-08-06 00:00:00-04:00,14.025206167925017,14.025206167925017,13.751413991228894,13.866230010986328,164300,0.0,0.0
2025-08-07 00:00:00-04:00,13.857397905460124,13.981046121917057,13.698422589769285,13.760246276855469,251900,0.0,0.0
2025-08-08 00:00:00-04:00,13.78674272694678,13.936886696644013,13.751414783622998,13.804407119750977,83900,0.0,0.0
2025-08-11 00:00:00-04:00,13.875062455790205,13.981046281555768,13.777910826076251,13.822070121765137,166800,0.0,0.0
2025-08-12 00:00:00-04:00,13.839735058078146,14.04287052154541,13.839735058078146,14.04287052154541,215700,0.0,0.0
2025-08-13 00:00:00-04:00,14.157687712508388,14.316662197600683,14.122358926108374,14.272502899169922,325000,0.0,0.0
2025-08-14 00:00:00-04:00,14.246006756452534,14.41381512798042,14.140023763064939,14.360823631286621,162800,0.0,0.0
2025-08-15 00:00:00-04:00,14.484470228350059,14.528631210327148,14.41381434175593,14.528631210327148,183500,0.0,0.0
2025-08-18 00:00:00-04:00,14.54629509645395,14.652279777211998,14.537462899343334,14.616950988769531,269900,0.0,0.0
2025-08-19 00:00:00-04:00,14.69643682329821,14.784757096283906,14.669941920600866,14.76709270477295,314900,0.0,0.0
2025-08-20 00:00:00-04:00,14.775925200110876,14.79358959197998,14.634613434296298,14.79358959197998,324400,0.0,0.0
2025-08-21 00:00:00-04:00,14.79359062450158,14.926070203628042,14.652278848824118,14.828919410705566,269500,0.0,0.0
2025-08-22 00:00:00-04:00,14.920003890991211,15.111286905375627,14.865352345741934,14.920003890991211,216100,0.51,0.0
2025-08-25 00:00:00-04:00,14.947331115477512,14.956439996264672,14.692287665461182,14.737832069396973,188600,0.0,0.0
2025-08-26 00:00:00-04:00,14.7196143579909,14.865352976399414,14.66496281042305,14.783374786376953,221600,0.0,0.0
2025-08-27 00:00:00-04:00,14.801592423387099,14.929113279085508,14.756049757020913,14.910897254943848,149300,0.0,0.0
2025-08-28 00:00:00-04:00,14.956439412718261,14.965548293150023,14.84713458487841,14.920003890991211,176300,0.0,0.0
2025-08-29 00:00:00-04:00,14.93822180997125,15.065744400024414,14.847134742030793,15.065744400024414,195200,0.0,0.0
2025-09-02 00:00:00-04:00,15.001982338632025,15.193265356345554,15.001982338632025,15.156829833984375,187000,0.0,0.0
2025-09-03 00:00:00-04:00,15.211482102443629,15.329894067533012,15.111286159977926,15.257024765014648,240300,0.0,0.0
2025-09-04 00:00:00-04:00,15.257025438992319,15.26613431937715,15.120395707902437,15.238807678222656,109400,0.0,0.0
2025-09-05 00:00:00-04:00,15.320787022371634,15.430091857910156,15.257026592199754,15.430091857910156,173600,0.0,0.0
2025-09-08 00:00:00-04:00,15.466525434193837,15.466525434193837,15.257026384385112,15.311677932739258,123700,0.0,0.0
2025-09-09 00:00:00-04:00,15.284353364384325,15.339004913944008,15.21148405252427,15.302569389343262,113600,0.0,0.0
2025-09-10 00:00:00-04:00,15.339004253410826,15.339004253410826,15.120396327244423,15.175047874450684,155200,0.0,0.0
2025-09-11 00:00:00-04:00,15.20237416654028,15.348112780627481,15.20237416654028,15.32989501953125,102800,0.0,0.0
2025-09-12 00:00:00-04:00,15.329895654111864,15.329895654111864,15.193265914916992,15.193265914916992,103400,0.0,0.0
2025-09-15 00:00:00-04:00,15.23880872069858,15.247917601706543,14.947331477809406,14.992874145507812,220800,0.0,0.0
2025-09-16 00:00:00-04:00,14.992874096076081,15.001982977054013,14.901788760979581,14.947331428527832,136600,0.0,0.0
2025-09-17 00:00:00-04:00,15.020200391998625,15.165939009595714,14.965548844735057,15.029309272766113,122900,0.0,0.0
2025-09-18 00:00:00-04:00,15.111287656612394,15.293461799621582,15.102178775727795,15.293461799621582,180600,0.0,0.0
2025-09-19 00:00:00-04:00,15.339005409804242,15.384548079685985,15.302569884025655,15.366332054138184,184600,0.0,0.0
2025-09-22 00:00:00-04:00,15.420982639557943,15.439200401306152,15.320786687284178,15.439200401306152,176000,0.0,0.0
2025-09-23 00:00:00-04:00,15.448308268892076,15.484743794096206,15.366331811865715,15.46652603149414,117100,0.0,0.0
2025-09-24 00:00:00-04:00,15.484742758930594,15.84908929990775,15.466524997546399,15.712459564208984,299600,0.0,0.0
2025-09-25 00:00:00-04:00,15.739785535552816,15.758001558819407,15.521177620282241,15.657807350158691,219700,0.0,0.0
2025-09-26 00:00:00-04:00,15.721568944193297,16.213436355798052,15.712460063211916,16.186111450195312,284700,0.0,0.0
2025-09-29 00:00:00-04:00,16.21343544144973,16.377391815185547,16.104132350520054,16.377391815185547,264200,0.0,0.0
2025-09-30 00:00:00-04:00,16.377391782705054,16.814607620239258,16.33184911779823,16.814607620239258,241800,0.0,0.0
2025-10-01 00:00:00-04:00,16.81460783539116,16.9876730914659,16.759956289335417,16.933021545410156,287600,0.0,0.0
2025-10-02 00:00:00-04:00,16.923914040281673,16.923914040281673,16.6233279065339,16.7508487701416,196500,0.0,0.0
2025-10-03 00:00:00-04:00,16.896586410137076,17.115196074049642,16.851043743604418,16.96945571899414,172500,0.0,0.0
2025-10-06 00:00:00-04:00,16.969453698583788,16.996780337654645,16.732629776000977,16.732629776000977,204800,0.0,0.0
2025-10-07 00:00:00-04:00,16.79639248121978,16.914804458618164,16.68708764740932,16.914804458618164,178100,0.0,0.0
2025-10-08 00:00:00-04:00,16.978564752517435,17.188065537539984,16.869261656919168,17.115196228027344,181700,0.0,0.0
2025-10-09 00:00:00-04:00,17.242717742919922,17.470434560998967,17.14252178701588,17.242717742919922,264700,0.0,0.0
2025-10-10 00:00:00-04:00,17.270041090987093,17.270041090987093,16.869260778214553,17.014999389648438,335300,0.0,0.0
2025-10-13 00:00:00-04:00,17.12430431304102,17.242718033347835,17.051434999522005,17.188066482543945,155900,0.0,0.0
2025-10-14 00:00:00-04:00,17.188064348370602,17.288258556180107,17.03321685920181,17.215389251708984,205300,0.0,0.0
2025-10-15 00:00:00-04:00,17.306478210742817,17.42489019196503,17.260935541966916,17.361129760742188,208500,0.0,0.0
2025-10-16 00:00:00-04:00,17.461325948364898,17.716369413979134,17.3064784401958,17.333805084228516,195600,0.0,0.0
2025-10-17 00:00:00-04:00,17.342914086357645,17.50686873967137,17.14252217007173,17.279151916503906,200900,0.0,0.0
2025-10-20 00:00:00-04:00,17.28825876616612,17.534193323246285,17.28825876616612,17.479541778564453,140000,0.0,0.0
2025-10-21 00:00:00-04:00,17.643499843256237,17.670824749548974,17.388456381361518,17.506868362426758,160500,0.0,0.0
2025-10-22 00:00:00-04:00,17.506866187034547,17.506866187034547,17.078759247343967,17.12430191040039,189800,0.0,0.0
2025-10-23 00:00:00-04:00,17.106086446411673,17.197171775500138,17.01499937998192,17.160737991333008,102200,0.0,0.0
2025-10-24 00:00:00-04:00,17.224499692223883,17.452216506491613,17.224499692223883,17.2973690032959,209100,0.0,0.0
2025-10-27 00:00:00-04:00,17.34291336820751,17.616172849756502,17.34291336820751,17.58884620666504,163700,0.0,0.0
2025-10-28 00:00:00-04:00,17.670824585665034,17.880323639559826,17.55241260569798,17.852998733520508,155400,0.0,0.0
2025-10-29 00:00:00-04:00,17.871216638216897,17.871216638216897,17.643499820253254,17.652606964111328,138200,0.0,0.0
2025-10-30 00:00:00-04:00,17.552410178452615,17.834778504973837,17.506865779116165,17.816560745239258,112700,0.0,0.0
2025-10-31 00:00:00-04:00,17.862109167100215,17.934978485107422,17.7072616491672,17.934978485107422,152900,0.0,0.0
2025-11-03 00:00:00-05:00,17.306476037308553,17.397563100762632,16.7599553939253,17.12430191040039,420300,0.0,0.0
2025-11-04 00:00:00-05:00,16.933022946608762,16.987674497186894,16.559567499198835,16.60511016845703,243500,0.0,0.0
2025-11-05 00:00:00-05:00,16.532240201983083,16.623327274241728,16.304523390007166,16.477588653564453,223700,0.0,0.0
2025-11-06 00:00:00-05:00,16.42293650436286,16.514021835948025,16.22254460525628,16.32274055480957,302000,0.0,0.0
2025-11-07 00:00:00-05:00,16.313633611417423,16.313633611417423,15.958395911495257,16.177003860473633,206200,0.0,0.0
2025-11-10 00:00:00-05:00,16.195220922608687,16.46848041266365,16.167894278666605,16.340959548950195,306000,0.0,0.0
2025-11-11 00:00:00-05:00,16.413828168895268,16.978564887782017,16.304523335084813,16.914804458618164,180100,0.0,0.0
2025-11-12 00:00:00-05:00,17.03321813672658,17.215390542897037,17.03321813672658,17.206281661987305,208600,0.0,0.0
2025-11-13 00:00:00-05:00,17.04232525767173,17.26093492453231,16.94213104248047,16.94213104248047,177600,0.0,0.0
2025-11-14 00:00:00-05:00,16.79639185606949,17.24271658094595,16.79639185606949,17.051433563232422,294000,0.0,0.0
2025-11-17 00:00:00-05:00,17.115197491733603,17.415783632834792,17.078761965616366,17.251827239990234,297900,0.0,0.0
2025-11-18 00:00:00-05:00,17.2518254484172,17.29736811399271,16.987673123523518,17.197172164916992,234400,0.0,0.0
2025-11-19 00:00:00-05:00,17.151630401611328,17.306477904991755,17.07876109045239,17.151630401611328,188100,0.0,0.0
2025-11-20 00:00:00-05:00,17.224500027047323,17.470434608199085,16.905696133407055,16.95124053955078,195100,0.0,0.0
2025-11-21 00:00:00-05:00,16.951240923161887,17.477442995350298,16.800895681729912,17.402271270751953,156600,0.57,0.0
2025-11-24 00:00:00-05:00,17.533818828389744,18.041229240900233,17.42106215376632,17.975452423095703,368600,0.0,0.0
2025-11-25 00:00:00-05:00,18.088213820089774,18.23855727209871,17.984852024745386,18.21036720275879,234700,0.0,0.0
2025-11-26 00:00:00-05:00,18.2949349536426,18.417090124107396,18.210366540931666,18.31372833251953,230500,0.0,0.0
2025-11-28 00:00:00-05:00,18.464071230116485,18.464071230116485,18.247952756162878,18.351314544677734,89500,0.0,0.0
2025-12-01 00:00:00-05:00,18.332521427775358,18.332521427775358,17.79692268371582,17.79692268371582,199700,0.0,0.0
2025-12-02 00:00:00-05:00,17.843902912616706,18.078814749474063,17.571406113824413,17.580801010131836,191600,0.0,0.0
2025-12-03 00:00:00-05:00,17.52442364555556,17.8063189408002,17.52442364555556,17.702957153320312,207400,0.0,0.0
2025-12-04 00:00:00-05:00,17.59959621739404,17.91907649212152,17.59959621739404,17.825111389160156,169800,0.0,0.0
2025-12-05 00:00:00-05:00,17.919076490432392,17.994248214347344,17.778129732121265,17.890888214111328,123800,0.0,0.0
2025-12-08 00:00:00-05:00,17.97545313062599,18.153986630081185,17.90028141383987,18.05062484741211,325600,0.0,0.0
2025-12-09 00:00:00-05:00,18.060023250445933,18.16338504292696,17.825111389160156,17.825111389160156,196600,0.0,0.0
2025-12-10 00:00:00-05:00,17.806320190429688,17.90028350320363,17.674768326522607,17.806320190429688,133500,0.0,0.0
2025-12-11 00:00:00-05:00,17.749938310015224,17.94726519039154,17.702956658239266,17.853300094604492,203200,0.0,0.0
2025-12-12 00:00:00-05:00,17.853300638800864,17.947265737452117,17.721750576030225,17.81571388244629,95200,0.0,0.0
2025-12-15 00:00:00-05:00,17.86269678340671,18.013040219771938,17.75933499881744,17.853300094604492,152800,0.0,0.0
2025-12-16 00:00:00-05:00,18.022436021787914,18.022436021787914,17.62778407268909,17.665369033813477,197200,0.0,0.0
2025-12-17 00:00:00-05:00,17.749939194958035,17.956662774443004,17.618389129638672,17.618389129638672,174500,0.0,0.0
2025-12-18 00:00:00-05:00,17.778129537996346,17.87209463992282,17.51502761104927,17.59959602355957,134500,0.0,0.0
2025-12-19 00:00:00-05:00,17.64657966499236,17.900283113082192,17.618389596433367,17.825111389160156,124900,0.0,0.0
2025-12-22 00:00:00-05:00,17.947266326375747,18.041231428110382,17.79692288049443,18.022438049316406,162400,0.0,0.0
2025-12-23 00:00:00-05:00,18.088213082860076,18.088213082860076,17.890887982229067,18.022438049316406,97900,0.0,0.0
2025-12-24 00:00:00-05:00,18.163384846696818,18.182178225533107,18.003644711058847,18.135194778442383,102700,0.0,0.0
2025-12-26 00:00:00-05:00,18.20096952748612,18.20096952748612,17.95666100719774,18.088211059570312,147600,0.0,0.0
2025-12-29 00:00:00-05:00,18.041229844671562,18.041229844671562,17.749937875636725,17.759334564208984,112400,0.0,0.0
2025-12-30 00:00:00-05:00,17.853301027239134,17.900282681469356,17.627785860910656,17.79692268371582,251900,0.0,0.0
2025-12-31 00:00:00-05:00,17.79692268371582,17.947266127934807,17.655975928789925,17.79692268371582,153400,0.0,0.0
2026-01-02 00:00:00-05:00,17.984851209734323,17.984851209734323,17.580802528682153,17.73114776611328,175200,0.0,0.0
2026-01-05 00:00:00-05:00,17.843902198655897,17.843902198655897,17.280113454309237,17.5714054107666,237000,0.0,0.0
2026-01-06 00:00:00-05:00,17.637182973810138,17.984851524828567,17.608992905253807,17.890888214111328,184300,0.0,0.0
2026-01-07 00:00:00-05:00,17.98485067982211,18.45467438027502,17.97545399074483,18.238555908203125,271300,0.0,0.0
2026-01-08 00:00:00-05:00,18.229158295989972,18.229158295989972,17.79692137373493,17.937868118286133,213900,0.0,0.0
2026-01-09 00:00:00-05:00,18.06942044052983,18.2761440312186,18.031835473645256,18.21036720275879,131100,0.0,0.0
2026-01-12 00:00:00-05:00,18.182177359603482,18.200970737544736,17.7499386281305,18.01304054260254,230700,0.0,0.0
2026-01-13 00:00:00-05:00,18.088212328149503,18.14459066994386,17.646578698329215,17.76873207092285,190100,0.0,0.0
2026-01-14 00:00:00-05:00,17.82511115645015,18.06002301466911,17.806319569891418,18.022438049316406,238300,0.0,0.0
2026-01-15 00:00:00-05:00,18.172781177049387,18.172781177049387,17.77812919046124,17.86269760131836,182900,0.0,0.0
2026-01-16 00:00:00-05:00,17.909679211565106,18.041231068263787,17.68416404724121,17.68416404724121,540400,0.0,0.0
2026-01-20 00:00:00-05:00,17.552614138801165,17.79692268371582,17.383477315996,17.79692268371582,207300,0.0,0.0
2026-01-21 00:00:00-05:00,17.900280935894166,18.26674461364746,17.890886039752463,18.26674461364746,252700,0.0,0.0
2026-01-22 00:00:00-05:00,18.37010536043942,18.595622306330633,18.069418488897977,18.454673767089844,259300,0.0,0.0
2026-01-23 00:00:00-05:00,18.46407177906447,18.567433570652334,18.19157495428999,18.31372833251953,144200,0.0,0.0
2026-01-26 00:00:00-05:00,18.304330012434818,18.435881860618746,18.210364918656325,18.36071014404297,115200,0.0,0.0
2026-01-27 00:00:00-05:00,18.351315481909605,18.417090517147315,18.11640361764047,18.22916030883789,151200,0.0,0.0
2026-01-28 00:00:00-05:00,18.229158571805424,18.229158571805424,17.881490049467743,17.91907501220703,172300,0.0,0.0
2026-01-29 00:00:00-05:00,17.93786990869729,18.01304163277663,17.806319839617263,18.003644943237305,106700,0.0,0.0
2026-01-30 00:00:00-05:00,17.956662314029767,18.07881568694639,17.74993873984524,17.947265625,123800,0.0,0.0
2026-02-02 00:00:00-05:00,17.9002815766251,18.21036513521713,17.85329992529469,18.16338348388672,159100,0.0,0.0
2026-02-03 00:00:00-05:00,18.30433132848245,18.445278083166457,17.96605947568789,18.153987884521484,193300,0.0,0.0
2026-02-04 00:00:00-05:00,18.31372797484806,18.323124664103005,17.853300954767032,18.041231155395508,171900,0.0,0.0
2026-02-05 00:00:00-05:00,17.881491486541726,18.078816589310353,17.693561281036615,17.71235466003418,154300,0.0,0.0
2026-02-06 00:00:00-05:00,17.76873189505248,18.097608838028908,17.76873189505248,18.078815460205078,138200,0.0,0.0
2026-02-09 00:00:00-05:00,18.11640253466885,18.266745975434965,17.872093995365116,18.238555908203125,151700,0.0,0.0
2026-02-10 00:00:00-05:00,18.266744884600637,18.379501562324148,18.15398641464205,18.24795150756836,128100,0.0,0.0
2026-02-11 00:00:00-05:00,18.37010536043942,18.51105389968021,18.13519351801828,18.454673767089844,231500,0.0,0.0
2026-02-12 00:00:00-05:00,18.52984724398642,18.558037312957644,18.27614379218658,18.40769386291504,179600,0.0,0.0
2026-02-13 00:00:00-05:00,18.426484627926722,18.689584732055664,18.379501186307238,18.689584732055664,230200,0.0,0.0
2026-02-17 00:00:00-05:00,18.77415509267797,19.074841981460906,18.70838005978611,18.868120193481445,431500,0.0,0.0
2026-02-18 00:00:00-05:00,18.94329168640109,19.206393607019372,18.91510161883067,19.065446853637695,324100,0.0,0.0
2026-02-19 00:00:00-05:00,19.09363532871937,19.22518539428711,18.868120162502436,19.22518539428711,360800,0.0,0.0
2026-02-20 00:00:00-05:00,19.293049429435,19.389999798261204,18.953724063130533,19.157320022583008,215600,0.63,0.0
2026-02-23 00:00:00-05:00,19.147625715924754,19.32213601831757,18.992505858058824,19.002201080322266,189400,0.0,0.0
2026-02-24 00:00:00-05:00,19.002201080322266,19.13793049366131,18.992505858058824,19.002201080322266,169200,0.0,0.0
2026-02-25 00:00:00-05:00,19.157319694907123,19.2445748404408,18.856775220943582,18.96341896057129,127900,0.0,0.0
2026-02-26 00:00:00-05:00,19.002201199937105,19.002201199937105,18.43989124933984,18.468975067138672,399300,0.0,0.0
2026-02-27 00:00:00-05:00,18.43989140521021,18.75013112551739,18.43989140521021,18.56592559814453,122400,0.0,0.0
2026-03-02 00:00:00-05:00,18.22659923848863,18.39141431225811,17.98422423877908,18.30415916442871,205600,0.0,0.0
2026-03-03 00:00:00-05:00,18.14903871391539,18.216905264902113,17.770934318575833,18.02300453186035,214600,0.0,0.0
2026-03-04 00:00:00-05:00,18.19751459039634,18.226598405560722,18.00361385981987,18.13934326171875,169800,0.0,0.0
2026-03-05 00:00:00-05:00,18.090870401577344,18.090870401577344,17.5964251646576,17.644901275634766,213900,0.0,0.0
2026-03-06 00:00:00-05:00,17.50916902014108,17.732155419628796,17.354049172168857,17.48978042602539,197200,0.0,0.0
2026-03-09 00:00:00-04:00,17.480086295237356,17.800021232792638,17.412219739486606,17.741849899291992,221600,0.0,0.0
2026-03-10 00:00:00-04:00,17.780631087772033,18.16843073843522,17.780631087772033,18.042396545410156,176100,0.0,0.0
2026-03-11 00:00:00-04:00,18.12964995057607,18.20720987323329,17.94544444082476,18.032699584960938,93700,0.0,0.0
2026-03-12 00:00:00-04:00,17.88727678402926,18.05209186761907,17.557646616849645,17.722461700439453,163500,0.0,0.0
2026-03-13 00:00:00-04:00,17.800020299585793,17.984223965156836,17.34435412359292,17.37343978881836,151600,0.0,0.0
2026-03-16 00:00:00-04:00,17.51886401140008,18.226598539612915,17.421913645398796,17.60611915588379,90700,0.0,0.0
2026-03-17 00:00:00-04:00,17.800020217895508,17.89696873651977,17.64490036908733,17.800020217895508,111000,0.0,0.0
2026-03-18 00:00:00-04:00,17.770935648278325,17.770935648278325,17.499474971542817,17.528560638427734,84100,0.0,0.0
2026-03-19 00:00:00-04:00,17.392830739639685,17.538255371659886,17.305575590592657,17.3443546295166,98100,0.0,0.0
2026-03-20 00:00:00-04:00,17.31527054840808,17.421914290702567,17.131065031100157,17.150455474853516,94200,0.0,0.0
2026-03-23 00:00:00-04:00,17.363745652675355,17.509170289545708,17.160151530891774,17.20862579345703,134800,0.0,0.0
2026-03-24 00:00:00-04:00,17.150454907478785,17.421913714347387,17.063199762649756,17.286184310913086,234400,0.0,0.0
2026-03-25 00:00:00-04:00,17.45100029609714,17.993919787540182,17.45100029609714,17.761240005493164,201800,0.0,0.0
2026-03-26 00:00:00-04:00,17.518864741222746,17.896969150287422,17.518864741222746,17.567340850830078,136100,0.0,0.0
2026-03-27 00:00:00-04:00,17.567341547293037,17.654594849696412,16.859605112363568,16.898386001586914,223400,0.0,0.0
2026-03-30 00:00:00-04:00,16.93716438065736,17.150455564712857,16.617229453748617,16.723875045776367,158100,0.0,0.0
2026-03-31 00:00:00-04:00,16.94685967239306,17.4219144537493,16.859604523860842,17.247406005859375,192000,0.0,0.0
2026-04-01 00:00:00-04:00,17.489781908755244,17.88727678402926,17.489781908755244,17.722461700439453,192000,0.0,0.0
2026-04-02 00:00:00-04:00,17.67398486552797,17.80002090327157,17.373440378036705,17.65459442138672,141700,0.0,0.0
2026-04-06 00:00:00-04:00,17.8097167815162,17.91636052987316,17.72246162884031,17.829105377197266,135200,0.0,0.0
2026-04-07 00:00:00-04:00,17.780631186066852,17.829105449227253,17.567341839316647,17.722461700439453,128700,0.0,0.0
2026-04-08 00:00:00-04:00,18.236294024407794,18.236294024407794,17.945444771379385,18.11995506286621,179600,0.0,0.0
2026-04-09 00:00:00-04:00,18.10056494976741,18.46897413360274,18.10056494976741,18.207210540771484,169600,0.0,0.0
2026-04-10 00:00:00-04:00,18.333245327645738,18.46897473943083,18.265380621753188,18.3817195892334,107900,0.0,0.0
2026-04-13 00:00:00-04:00,18.37202644931329,18.798605134384808,18.333245560211566,18.788909912109375,156400,0.0,0.0
2026-04-14 00:00:00-04:00,18.963419284930602,19.1960990606088,18.80829943447847,19.157320022583008,198200,0.0,0.0
2026-04-15 00:00:00-04:00,19.19610023498535,19.24457634695136,19.04098037504332,19.19610023498535,170700,0.0,0.0
2026-04-16 00:00:00-04:00,19.118539135382733,19.293049429435,19.002200172130877,19.157320022583008,131400,0.0,0.0
2026-04-17 00:00:00-04:00,19.370609283447266,19.38030450521169,19.215489433565413,19.370609283447266,156400,0.0,0.0
2026-04-20 00:00:00-04:00,19.34152553188927,19.34152553188927,19.176710459692853,19.263965606689453,140300,0.0,0.0
2026-04-21 00:00:00-04:00,19.27365932562672,19.341525879423674,18.905250136601527,19.137929916381836,129700,0.0,0.0
2026-04-22 00:00:00-04:00,19.27365882754753,19.283354049267974,18.885859204602053,18.953723907470703,109700,0.0,0.0
2026-04-23 00:00:00-04:00,19.00220042084813,19.050674681308465,18.72104453248958,18.82769012451172,128400,0.0,0.0
2026-04-24 00:00:00-04:00,18.83738609398988,18.905250800997326,18.517451154401527,18.682266235351562,99900,0.0,0.0
2026-04-27 00:00:00-04:00,18.721045015631223,19.099151283842886,18.691961198274246,19.01189613342285,111300,0.0,0.0
2026-04-28 00:00:00-04:00,19.10884465684551,19.244575918151426,18.924640983002817,19.01189613342285,120000,0.0,0.0
2026-04-29 00:00:00-04:00,19.021591366333617,19.040979961524357,18.68226598663918,18.905250549316406,111700,0.0,0.0
2026-04-30 00:00:00-04:00,19.00220049884277,19.24457550048828,19.00220049884277,19.24457550048828,118000,0.0,0.0
2026-05-01 00:00:00-04:00,19.293049769568707,19.293049769568707,19.011895729107945,19.137929916381836,78100,0.0,0.0
2026-05-04 00:00:00-04:00,19.13793040152355,19.36091496498547,19.13793040152355,19.32213592529297,139900,0.0,0.0
2026-05-05 00:00:00-04:00,19.40939073665016,19.5451201469622,19.13793006685155,19.34152603149414,104900,0.0,0.0
2026-05-06 00:00:00-04:00,19.389999817721353,19.729325184366374,19.380304595911557,19.680849075317383,169600,0.0,0.0
2026-05-07 00:00:00-04:00,19.709934482289015,19.709934482289015,19.225184493202544,19.273658752441406,110100,0.0,0.0
2026-05-08 00:00:00-04:00,19.205795096890373,19.583901366429885,19.167016057220035,19.428781509399414,125700,0.0,0.0
2026-05-11 00:00:00-04:00,19.545120079213582,19.816580748071235,19.370609781317555,19.448169708251953,166700,0.0,0.0
2026-05-12 00:00:00-04:00,19.506341849445278,19.75841023555683,19.428781919293737,19.71963119506836,99100,0.0,0.0
2026-05-13 00:00:00-04:00,19.729325581324403,19.8165807301937,19.56451050559068,19.661460876464844,121400,0.0,0.0
2026-05-14 00:00:00-04:00,19.76810547137012,19.77780069379246,19.57420657044716,19.612985610961914,91200,0.0,0.0
2026-05-15 00:00:00-04:00,19.583901549115264,19.583901549115264,19.254271387556972,19.312440872192383,69000,0.0,0.0
2026-05-18 00:00:00-04:00,19.33183140004636,19.38030566258886,18.905250862808966,19.099151611328125,228700,0.0,0.0
2026-05-19 00:00:00-04:00,19.00220074234144,19.157320597448347,18.90525037060599,19.021591186523438,189900,0.0,0.0
2026-05-20 00:00:00-04:00,19.0506740304947,19.409389832839953,18.944030291290257,19.389999389648438,174000,0.0,0.0
2026-05-21 00:00:00-04:00,19.030000686645508,19.6299991607666,19.030000686645508,19.59000015258789,159700,0.61,0.0
2026-05-22 00:00:00-04:00,19.68000030517578,19.799999237060547,19.420000076293945,19.469999313354492,110800,0.0,0.0
2026-05-26 00:00:00-04:00,19.469999313354492,19.639999389648438,19.31999969482422,19.360000610351562,197700,0.0,0.0
2026-05-27 00:00:00-04:00,19.489999771118164,19.719999313354492,19.399999618530273,19.450000762939453,124300,0.0,0.0
2026-05-28 00:00:00-04:00,19.489999771118164,19.729999542236328,19.459999084472656,19.649999618530273,119100,0.0,0.0
2026-05-29 00:00:00-04:00,19.770000457763672,20.0,19.709999084472656,19.989999771118164,109700,0.0,0.0
2026-06-01 00:00:00-04:00,19.950000762939453,19.959999084472656,19.65999984741211,19.700000762939453,109200,0.0,0.0
2026-06-02 00:00:00-04:00,19.549999237060547,19.549999237060547,18.989999771118164,19.15999984741211,209800,0.0,0.0
2026-06-03 00:00:00-04:00,19.100000381469727,19.15999984741211,18.889999389648438,18.989999771118164,265100,0.0,0.0
2026-06-04 00:00:00-04:00,18.989999771118164,19.329999923706055,18.959999084472656,19.260000228881836,192200,0.0,0.0
2026-06-05 00:00:00-04:00,19.299999237060547,19.31999969482422,19.040000915527344,19.1200008392334,185700,0.0,0.0
2026-06-08 00:00:00-04:00,19.100000381469727,19.299999237060547,18.729999542236328,18.770000457763672,130600,0.0,0.0
2026-06-09 00:00:00-04:00,18.969999313354492,19.260000228881836,18.6200008392334,18.899999618530273,130800,0.0,0.0
2026-06-10 00:00:00-04:00,18.940000534057617,19.260000228881836,18.700000762939453,18.770000457763672,90600,0.0,0.0
2026-06-11 00:00:00-04:00,18.809999465942383,19.100000381469727,18.649999618530273,19.040000915527344,130500,0.0,0.0
2026-06-12 00:00:00-04:00,19.110000610351562,19.389999389648438,19.040000915527344,19.350000381469727,76300,0.0,0.0
2026-06-15 00:00:00-04:00,19.459999084472656,19.700000762939453,19.399999618530273,19.520000457763672,178500,0.0,0.0
2026-06-16 00:00:00-04:00,19.6299991607666,19.700000762939453,19.389999389648438,19.549999237060547,98000,0.0,0.0
2026-06-17 00:00:00-04:00,19.850000381469727,19.989999771118164,19.729999542236328,19.899999618530273,146000,0.0,0.0
2026-06-18 00:00:00-04:00,20.040000915527344,20.200000762939453,19.899999618530273,20.190000534057617,130600,0.0,0.0
2026-06-22 00:00:00-04:00,20.190000534057617,20.350000381469727,20.1200008392334,20.219999313354492,169500,0.0,0.0
2026-06-23 00:00:00-04:00,20.190000534057617,20.59000015258789,20.15999984741211,20.479999542236328,203900,0.0,0.0
2026-06-24 00:00:00-04:00,20.600000381469727,21.239999771118164,20.56999969482422,21.030000686645508,338700,0.0,0.0
2026-06-25 00:00:00-04:00,21.18000030517578,21.420000076293945,21.1299991607666,21.219999313354492,258300,0.0,0.0
2026-06-26 00:00:00-04:00,21.190000534057617,21.84000015258789,21.190000534057617,21.6299991607666,253400,0.0,0.0
2026-06-29 00:00:00-04:00,21.799999237060547,22.100000381469727,21.639999389648438,21.969999313354492,328500,0.0,0.0
2026-06-30 00:00:00-04:00,22.06999969482422,22.190000534057617,21.90999984741211,21.979999542236328,230200,0.0,0.0
2026-07-01 00:00:00-04:00,21.979999542236328,22.170000076293945,21.530000686645508,21.729999542236328,240000,0.0,0.0
2026-07-02 00:00:00-04:00,21.899999618530273,22.100000381469727,21.6299991607666,22.0,210600,0.0,0.0
2026-07-06 00:00:00-04:00,22.09000015258789,22.200000762939453,21.780000686645508,22.0,222100,0.0,0.0
2026-07-07 00:00:00-04:00,22.059999465942383,22.200000762939453,21.8700008392334,22.09000015258789,227900,0.0,0.0
2026-07-08 00:00:00-04:00,22.010000228881836,22.1299991607666,21.5,21.8700008392334,280900,0.0,0.0
2026-07-09 00:00:00-04:00,22.020000457763672,22.290000915527344,21.760000228881836,22.010000228881836,203300,0.0,0.0
2026-07-10 00:00:00-04:00,22.149999618530273,22.149999618530273,21.389999389648438,21.59000015258789,179500,0.0,0.0
2026-07-13 00:00:00-04:00,21.5,21.5,20.979999542236328,21.1200008392334,281100,0.0,0.0
2026-07-14 00:00:00-04:00,21.18000030517578,21.25,20.809999465942383,21.040000915527344,260700,0.0,0.0
2026-07-15 00:00:00-04:00,21.1200008392334,21.1200008392334,20.799999237060547,21.020000457763672,206800,0.0,0.0
2026-07-16 00:00:00-04:00,21.030000686645508,21.170000076293945,20.65999984741211,20.850000381469727,247600,0.0,0.0
2026-07-17 00:00:00-04:00,20.56999969482422,21.09000015258789,20.219999313354492,20.8799991607666,1078300,0.0,0.0
2026-07-20 00:00:00-04:00,20.979999542236328,21.100000381469727,20.850000381469727,20.90999984741211,203500,0.0,0.0
2026-07-21 00:00:00-04:00,20.90999984741211,21.31999969482422,20.90999984741211,21.270000457763672,134100,0.0,0.0
2026-07-22 00:00:00-04:00,21.25,21.31999969482422,20.950000762939453,21.020000457763672,175500,0.0,0.0
2026-07-23 00:00:00-04:00,21.020000457763672,21.329999923706055,20.829999923706055,21.149999618530273,180100,0.0,0.0
2026-07-24 00:00:00-04:00,21.389999389648438,21.729999542236328,21.15999984741211,21.5,645600,0.0,0.0
2026-07-27 00:00:00-04:00,21.6200008392334,21.920000076293945,21.610000610351562,21.670000076293945,251400,0.0,0.0
2026-07-28 00:00:00-04:00,21.700000762939453,22.020000457763672,21.649999618530273,21.84000015258789,220100,0.0,0.0
2026-07-29 00:00:00-04:00,21.8799991607666,22.1200008392334,21.760000228881836,21.790000915527344,169300,0.0,0.0
2026-07-30 00:00:00-04:00,21.8700008392334,22.049999237060547,21.75,22.010000228881836,183200,0.0,0.0
2026-07-31 00:00:00-04:00,22.100000381469727,22.100000381469727,21.75,21.84000015258789,156700,0.0,0.0
2026-08-03 00:00:00-04:00,21.90999984741211,22.309999465942383,21.68000030517578,22.139999389648438,235800,0.0,0.0
2026-08-04 00:00:00-04:00,22.170000076293945,22.690000534057617,22.149999618530273,22.34000015258789,225700,0.0,0.0
2026-08-05 00:00:00-04:00,22.510000228881836,22.860000610351562,22.510000228881836,22.600000381469727,263500,0.0,0.0
2026-08-06 00:00:00-04:00,22.799999237060547,23.1200008392334,22.739999771118164,22.829999923706055,189400,0.0,0.0
2026-08-07 00:00:00-04:00,23.100000381469727,23.149999618530273,22.899999618530273,23.040000915527344,228400,0.0,0.0
2026-08-10 00:00:00-04:00,23.049999237060547,23.350000381469727,23.0,23.280000686645508,215300,0.0,0.0
2026-08-11 00:00:00-04:00,23.3799991607666,23.649999618530273,23.299999237060547,23.40999984741211,204700,0.0,0.0
2026-08-12 00:00:00-04:00,23.5,23.6200008392334,23.3799991607666,23.450000762939453,254800,0.0,0.0
2026-08-13 00:00:00-04:00,23.459999084472656,23.690000534057617,23.399999618530273,23.59000015258789,194500,0.0,0.0
2026-08-14 00:00:00-04:00,23.670000076293945,24.360000610351562,23.280000686645508,23.31999969482422,192800,0.0,0.0
2026-08-17 00:00:00-04:00,23.34000015258789,23.670000076293945,23.31999969482422,23.670000076293945,220900,0.0,0.0
2026-08-18 00:00:00-04:00,23.649999618530273,23.979999542236328,23.610000610351562,23.979999542236328,169400,0.0,0.0
2026-08-19 00:00:00-04:00,24.440000534057617,24.850000381469727,24.3700008392334,24.65999984741211,407400,0.0,0.0
2026-08-20 00:00:00-04:00,24.079999923706055,24.579999923706055,23.799999237060547,23.84000015258789,384500,0.0,0.0
2026-08-21 00:00:00-04:00,24.010000228881836,24.420000076293945,23.8700008392334,24.389999389648438,203100,0.0,0.0
2026-08-24 00:00:00-04:00,23.899999618530273,23.8799991607666,23.329999923706055,23.389999389648438,217606,0.0,0.0
