Date,Open,High,Low,Close,Volume,Dividends,Stock Splits
2022-01-03 00:00:00-05:00,9.752760765959836,10.075699869609345,9.752760765959836,10.011112213134766,794600,0.0,0.0
2022-01-04 00:00:00-05:00,10.07569769101346,10.140285333522717,9.968051346405888,9.989581108093262,626880,0.0,0.0
2022-01-05 00:00:00-05:00,10.07569836982418,10.097228132962037,9.817346961105306,9.838876724243164,681200,0.0,0.0
2022-01-06 00:00:00-05:00,9.90346362110936,9.9895810245861,9.817346217632622,9.924992561340332,430840,0.0,0.0
2022-01-07 00:00:00-05:00,9.946522968771339,10.011110614934978,9.8819353226077,9.96805191040039,446220,0.0,0.0
2022-01-10 00:00:00-05:00,9.90346362110936,9.968051263078701,9.838875979140019,9.924992561340332,604080,0.0,0.0
2022-01-11 00:00:00-05:00,9.946522968771339,10.011110614934978,9.8819353226077,9.96805191040039,483980,0.0,0.0
2022-01-12 00:00:00-05:00,10.01110939734142,10.054168096639025,9.903463059735598,9.946521759033203,414580,0.0,0.0
2022-01-13 00:00:00-05:00,9.946524296172216,9.989583006453147,9.838877931108179,9.860406875610352,687000,0.0,0.0
2022-01-14 00:00:00-05:00,9.192999257044384,9.236057965059828,8.956176773597708,9.085352897644043,2972760,0.0,0.0
2022-01-18 00:00:00-05:00,9.042296501671878,9.042296501671878,8.827003727822547,8.848532676696777,1607720,0.0,0.0
2022-01-19 00:00:00-05:00,8.91311813240079,8.91311813240079,8.69782543182373,8.69782543182373,1092660,0.0,0.0
2022-01-20 00:00:00-05:00,8.719354033470154,8.80547143885451,8.61170768737793,8.61170768737793,965900,0.0,0.0
2022-01-21 00:00:00-05:00,8.547123764288598,8.547123764288598,8.224184585446032,8.331830978393555,1781000,0.0,0.0
2022-01-24 00:00:00-05:00,8.181125864011664,8.331830978393555,7.815127963734729,8.331830978393555,2146840,0.0,0.0
2022-01-25 00:00:00-05:00,8.331826767818804,8.676294722659712,8.224180429271472,8.504060745239258,1452640,0.0,0.0
2022-01-26 00:00:00-05:00,8.654765783460801,8.762412122008133,8.439473106366137,8.504060745239258,1008260,0.0,0.0
2022-01-27 00:00:00-05:00,8.568650945080146,8.654768370167034,8.353358203639555,8.417945861816406,1031480,0.0,0.0
2022-01-28 00:00:00-05:00,8.363352337303729,8.49437141418457,8.210497164106252,8.49437141418457,868480,0.275,0.0
2022-01-31 00:00:00-05:00,8.450698701101828,8.800081253051758,8.428861770983888,8.800081253051758,851160,0.0,0.0
2022-02-01 00:00:00-05:00,8.734571271066642,8.7782442940207,8.559880012244035,8.712735176086426,702800,0.0,0.0
2022-02-02 00:00:00-05:00,8.734574620964198,8.75641072431903,8.516210255440093,8.581719398498535,553900,0.0,0.0
2022-02-03 00:00:00-05:00,8.559882634387808,8.603555670720201,8.428863525390625,8.428863525390625,819080,0.0,0.0
2022-02-04 00:00:00-05:00,8.428863525390625,8.516209598055413,8.27600914771807,8.428863525390625,785600,0.0,0.0
2022-02-07 00:00:00-05:00,8.4506998965182,8.756409464470925,8.341517729464977,8.734573364257812,1477640,0.0,0.0
2022-02-08 00:00:00-05:00,8.7782442940207,8.887426434909033,8.690898248112582,8.712735176086426,1100260,0.0,0.0
2022-02-09 00:00:00-05:00,8.800080389000914,8.800080389000914,8.690898248112582,8.712735176086426,705980,0.0,0.0
2022-02-10 00:00:00-05:00,8.647229025728354,8.86559340347901,8.538046836853027,8.538046836853027,1192180,0.0,0.0
2022-02-11 00:00:00-05:00,8.538046836853027,8.690902067877285,8.450701585549162,8.538046836853027,709600,0.0,0.0
2022-02-14 00:00:00-05:00,8.516210386469899,8.5380464901607,8.297846017586055,8.319682121276855,864340,0.0,0.0
2022-02-15 00:00:00-05:00,8.42886684818439,8.516212955282407,8.385194627629593,8.472539901733398,576320,0.0,0.0
2022-02-16 00:00:00-05:00,8.472539901733398,8.516212955282407,8.42886684818439,8.472539901733398,478000,0.0,0.0
2022-02-17 00:00:00-05:00,8.494374282779098,8.516210386469899,8.297846017586055,8.319682121276855,754600,0.0,0.0
2022-02-18 00:00:00-05:00,8.341517921203712,8.385190955627637,8.23233575164082,8.297844886779785,557060,0.0,0.0
2022-02-22 00:00:00-05:00,8.232334675886543,8.254170773748166,7.90478820999976,7.970297336578369,1180780,0.0,0.0
2022-02-23 00:00:00-05:00,8.10131635221402,8.123153285124628,7.773769855499268,7.773769855499268,1072520,0.0,0.0
2022-02-24 00:00:00-05:00,7.4680595888173835,7.970297336578369,7.315204404804804,7.970297336578369,1593740,0.0,0.0
2022-02-25 00:00:00-05:00,7.826188981088726,7.9592125335778805,7.4714611992597995,7.515802383422852,1868400,0.275,0.0
2022-02-28 00:00:00-05:00,7.427121589005695,7.515803976124813,7.161075273386265,7.294098854064941,1977600,0.0,0.0
2022-03-01 00:00:00-05:00,7.227585988695275,7.271927178253828,6.850687568923264,7.005881309509277,2105600,0.0,0.0
2022-03-02 00:00:00-05:00,7.0723932574957145,7.161075221098343,6.917199926908354,7.116734027862549,1003100,0.0,0.0
2022-03-03 00:00:00-05:00,7.094563854113611,7.116734027862549,6.983711293893085,7.116734027862549,680760,0.0,0.0
2022-03-04 00:00:00-05:00,7.005883523497087,7.094565507770406,6.9837129217114935,7.050224304199219,684960,0.0,0.0
2022-03-07 00:00:00-05:00,7.050223279364314,7.338439792074121,7.005882505107649,7.249758243560791,848420,0.0,0.0
2022-03-08 00:00:00-05:00,7.249757502762163,7.626656371210808,7.161075117572634,7.493632793426514,1098160,0.0,0.0
2022-03-09 00:00:00-05:00,7.62665868445144,7.804022662888835,7.560146452516526,7.693170070648193,660120,0.0,0.0
2022-03-10 00:00:00-05:00,7.670996087508838,7.71533727645874,7.515803194790933,7.71533727645874,663400,0.0,0.0
2022-03-11 00:00:00-05:00,7.737508609478859,7.759678781989396,7.582314864691497,7.6266560554504395,579120,0.0,0.0
2022-03-14 00:00:00-04:00,7.670996986941902,7.693168006885348,7.471462881878496,7.560144424438477,490040,0.0,0.0
2022-03-15 00:00:00-04:00,7.582314491271972,7.6488258512658485,7.515803131278096,7.582314491271973,369240,0.0,0.0
2022-03-16 00:00:00-04:00,7.626655679847166,7.759678399834919,7.493632114121585,7.582314491271973,1321200,0.0,0.0
2022-03-17 00:00:00-04:00,7.072393309136109,7.471462782565254,7.050222712356329,7.294098854064941,1465960,0.0,0.0
2022-03-18 00:00:00-04:00,7.271928530052369,7.382781101686515,7.161075958418223,7.205417156219482,1118060,0.0,0.0
2022-03-21 00:00:00-04:00,7.227582853048491,7.249753861077923,7.050219017500442,7.072389602661133,869980,0.0,0.0
2022-03-22 00:00:00-04:00,7.072393309136109,7.294098854064941,7.005881941665732,7.294098854064941,634280,0.0,0.0
2022-03-23 00:00:00-04:00,7.2497565392207415,7.294097725922264,7.1832451820373535,7.1832451820373535,401720,0.0,0.0
2022-03-24 00:00:00-04:00,7.20541609660733,7.227586269378662,7.094563541274909,7.227586269378662,380320,0.0,0.0
2022-03-25 00:00:00-04:00,7.227587617805932,7.427122592926025,7.227587617805932,7.427122592926025,552700,0.0,0.0
2022-03-28 00:00:00-04:00,7.4271205815074826,7.49363193995551,7.360609223059455,7.449290752410889,625500,0.0,0.0
2022-03-29 00:00:00-04:00,7.493630131516248,7.604482650756836,7.471459965963172,7.604482650756836,688820,0.0,0.0
2022-03-30 00:00:00-04:00,7.570788842916966,7.638184416371057,7.391067028045654,7.391067028045654,540360,0.225,0.0
2022-03-31 00:00:00-04:00,7.413529938917894,7.435994838364647,7.278738828275416,7.301203727722168,459420,0.0,0.0
2022-04-01 00:00:00-04:00,7.346136360082523,7.413531933536613,7.233810118665302,7.391067028045654,372840,0.0,0.0
2022-04-04 00:00:00-04:00,7.3685991348905455,7.413529789861658,7.211342270982136,7.323668479919434,395400,0.0,0.0
2022-04-05 00:00:00-04:00,7.301206213900334,7.413532463344954,7.0990190505981445,7.0990190505981445,518940,0.0,0.0
2022-04-06 00:00:00-04:00,7.076552841135507,7.09901817394834,6.896831035614014,6.896831035614014,784600,0.0,0.0
2022-04-07 00:00:00-04:00,6.919295545823054,6.941760877356294,6.717108419005019,6.784504413604736,732740,0.0,0.0
2022-04-08 00:00:00-04:00,6.806967918474587,6.941759451496855,6.6946417123711095,6.874363899230957,522920,0.0,0.0
2022-04-11 00:00:00-04:00,6.806969539405167,6.964226436793508,6.784504635627324,6.829434871673584,343160,0.0,0.0
2022-04-12 00:00:00-04:00,6.806969316647416,6.919295545823054,6.739573750538257,6.784504413604736,577360,0.0,0.0
2022-04-13 00:00:00-04:00,6.78450642199662,6.851902008056641,6.762041083813052,6.851902008056641,332140,0.0,0.0
2022-04-14 00:00:00-04:00,6.851900369988349,7.009157271187593,6.851900369988349,6.896831035614014,486120,0.0,0.0
2022-04-18 00:00:00-04:00,6.9192957722566755,6.941761104525092,6.784504635627324,6.829434871673584,662020,0.0,0.0
2022-04-19 00:00:00-04:00,6.874361489715645,6.8968268087601725,6.559848308563232,6.559848308563232,999140,0.0,0.0
2022-04-20 00:00:00-04:00,6.60478212388469,6.739573683247756,6.425060330394305,6.694643020629883,1100940,0.0,0.0
2022-04-21 00:00:00-04:00,6.717106680717754,6.85189820654459,6.6497111320495605,6.6497111320495605,463260,0.0,0.0
2022-04-22 00:00:00-04:00,6.649711672958869,6.67217700050582,6.492454808620698,6.5373854637146,615160,0.0,0.0
2022-04-25 00:00:00-04:00,6.492456243776899,6.6272478103637695,6.402595342215845,6.6272478103637695,656100,0.0,0.0
2022-04-26 00:00:00-04:00,6.6497117392713045,6.6497117392713045,6.4250593185424805,6.4250593185424805,732340,0.0,0.0
2022-04-27 00:00:00-04:00,6.469987684712422,6.582313862769862,6.35766150665498,6.514918327331543,564780,0.0,0.0
2022-04-28 00:00:00-04:00,6.549151420593262,6.640428702833515,6.389415850239509,6.549151420593262,610060,0.225,0.0
2022-04-29 00:00:00-04:00,5.955846819163657,6.503510799435699,5.955846819163657,6.343775272369385,1336920,0.0,0.0
2022-05-02 00:00:00-04:00,6.298135346804241,6.663244724273682,6.2753159291041145,6.663244724273682,893340,0.0,0.0
2022-05-03 00:00:00-04:00,6.640425762298408,6.800160826673342,6.640425762298408,6.777341842651367,661360,0.0,0.0
2022-05-04 00:00:00-04:00,6.777342292371249,6.891438961029053,6.686064609249605,6.891438961029053,478640,0.0,0.0
2022-05-05 00:00:00-04:00,6.868621163596003,6.891440589769615,6.708885615625072,6.822982311248779,445920,0.0,0.0
2022-05-06 00:00:00-04:00,6.777344077416336,6.937079194462411,6.708885797044277,6.868621349334717,474360,0.0,0.0
2022-05-09 00:00:00-04:00,6.731704522655722,6.822981785066596,6.663246684658645,6.686065673828125,581000,0.0,0.0
2022-05-10 00:00:00-04:00,6.731702542129868,6.845799195386307,6.526328653317117,6.663244724273682,628660,0.0,0.0
2022-05-11 00:00:00-04:00,6.617609273462348,6.708886555702601,6.503512561850928,6.549151420593262,601120,0.0,0.0
2022-05-12 00:00:00-04:00,6.412233786004029,6.5719688839061465,6.343775513836568,6.526330471038818,754700,0.0,0.0
2022-05-13 00:00:00-04:00,6.617608490636793,6.754524615422978,6.549150645865882,6.731705188751221,713960,0.0,0.0
2022-05-16 00:00:00-04:00,6.7317029046792864,6.868618983009742,6.7088834857501745,6.754522323608398,545700,0.0,0.0
2022-05-17 00:00:00-04:00,6.822980145151519,6.845799564080631,6.7088834857501745,6.754522323608398,446740,0.0,0.0
2022-05-18 00:00:00-04:00,6.754524615422978,6.800163033522132,6.686066335407705,6.731705188751221,334740,0.0,0.0
2022-05-19 00:00:00-04:00,6.663244724273682,6.800160359986055,6.6404253065735555,6.663244724273682,484940,0.0,0.0
2022-05-20 00:00:00-04:00,6.731703660688643,6.754523082180508,6.571968145489851,6.708884239196777,496880,0.0,0.0
2022-05-23 00:00:00-04:00,6.754522871590838,6.914257946565213,6.686064609249605,6.891438961029053,630540,0.0,0.0
2022-05-24 00:00:00-04:00,6.8686209671292735,7.051175500807761,6.8229821160874815,7.028356075286865,547820,0.0,0.0
2022-05-25 00:00:00-04:00,7.028353519722095,7.165269587819368,6.982715120519125,7.096811771392822,483120,0.0,0.0
2022-05-26 00:00:00-04:00,7.119633156908118,7.256548827612876,7.0739943098436635,7.233729839324951,737440,0.0,0.0
2022-05-27 00:00:00-04:00,7.314748958651702,7.453636683732868,7.060121536254883,7.060121536254883,711040,0.225,0.0
2022-05-31 00:00:00-04:00,7.08326881427788,7.245304108461707,7.013824738331788,7.222156524658203,541840,0.0,0.0
2022-06-01 00:00:00-04:00,7.245302200317383,7.337894277193514,7.083266948807641,7.245302200317383,450040,0.0,0.0
2022-06-02 00:00:00-04:00,7.222155175384008,7.291598796844482,7.1527111124117555,7.291598796844482,258960,0.0,0.0
2022-06-03 00:00:00-04:00,7.314746817835233,7.314746817835233,7.222155175384008,7.291598796844482,203880,0.0,0.0
2022-06-06 00:00:00-04:00,7.268452235919608,7.361043896970381,7.245304210278948,7.314748287200928,330220,0.0,0.0
2022-06-07 00:00:00-04:00,7.29159750285609,7.384189128875732,7.245301469090419,7.384189128875732,349940,0.0,0.0
2022-06-08 00:00:00-04:00,7.3378952809934885,7.407338906638503,7.245303191451065,7.26845121383667,365160,0.0,0.0
2022-06-09 00:00:00-04:00,7.337894838825983,7.384190439295708,7.245302754862981,7.291598796844482,426320,0.0,0.0
2022-06-10 00:00:00-04:00,7.2684515068418225,7.2684515068418225,7.060120179996742,7.129563808441162,412460,0.0,0.0
2022-06-13 00:00:00-04:00,7.036972232007152,7.036972232007152,6.411978244781494,6.411978244781494,848820,0.0,0.0
2022-06-14 00:00:00-04:00,6.5277187237400165,6.5277187237400165,6.24994328981036,6.2730913162231445,543960,0.0,0.0
2022-06-15 00:00:00-04:00,6.342532362258431,6.388828396166474,5.9258698231328415,6.157349109649658,1052340,0.0,0.0
2022-06-16 00:00:00-04:00,6.111053889511799,6.157349929584792,5.740686893463135,5.740686893463135,1053480,0.0,0.0
2022-06-17 00:00:00-04:00,5.76383537850564,6.134202404434216,5.648095710497447,6.087906360626221,875260,0.0,0.0
2022-06-21 00:00:00-04:00,6.226793884922939,6.435125193494291,6.180498283858074,6.319385528564453,873520,0.0,0.0
2022-06-22 00:00:00-04:00,6.273089654729188,6.527716994805324,6.2499416344474,6.458272933959961,645320,0.0,0.0
2022-06-23 00:00:00-04:00,6.411977067837908,6.666603955796617,6.411977067837908,6.597160339355469,584400,0.0,0.0
2022-06-24 00:00:00-04:00,6.666603217649981,6.967526552436549,6.643455642407065,6.736047267913818,1662740,0.0,0.0
2022-06-27 00:00:00-04:00,6.851790333587425,6.94438200535646,6.712902605177912,6.782346248626709,663260,0.0,0.0
2022-06-28 00:00:00-04:00,6.874934926929797,6.9443785356819365,6.712899251159206,6.736047267913818,649180,0.0,0.0
2022-06-29 00:00:00-04:00,6.700782358646393,6.724293965383595,6.536201559932579,6.583224773406982,407080,0.225,0.0
2022-06-30 00:00:00-04:00,6.4891778136240825,6.747804551731079,6.465666210442259,6.700781345367432,424360,0.0,0.0
2022-07-01 00:00:00-04:00,6.653757971282149,6.888873100280762,6.630246817139503,6.888873100280762,600340,0.0,0.0
2022-07-05 00:00:00-04:00,6.818340902501591,6.93589850426886,6.677271690691536,6.912386894226074,458440,0.0,0.0
2022-07-06 00:00:00-04:00,6.935895174823684,7.006429522646703,6.771314431974713,6.794826030731201,382140,0.0,0.0
2022-07-07 00:00:00-04:00,6.865361946138116,6.959407908048258,6.841850343548951,6.888873100280762,426340,0.0,0.0
2022-07-08 00:00:00-04:00,6.912385946232899,6.912385946232899,6.65375916812472,6.747805595397949,571820,0.0,0.0
2022-07-11 00:00:00-04:00,6.677272276035687,6.700783888139552,6.583226276066928,6.630249500274658,358920,0.0,0.0
2022-07-12 00:00:00-04:00,6.677270774943027,6.818339967406271,6.583224796116399,6.747805595397949,296860,0.0,0.0
2022-07-13 00:00:00-04:00,6.677271180350082,6.888874757669048,6.6302484123051055,6.865363597869873,451620,0.0,0.0
2022-07-14 00:00:00-04:00,6.771315614883843,6.79482721774767,6.583223688866274,6.6537580490112305,366040,0.0,0.0
2022-07-15 00:00:00-04:00,6.7713150017202235,6.888872556947634,6.5126887389771095,6.8418498039245605,582880,0.0,0.0
2022-07-18 00:00:00-04:00,6.912385229315419,6.912385229315419,6.630247322097444,6.771316051483154,382180,0.0,0.0
2022-07-19 00:00:00-04:00,6.794827039122777,7.029942164687209,6.794827039122777,6.959407806396484,589160,0.0,0.0
2022-07-20 00:00:00-04:00,7.006430525664254,7.100476934153582,6.93589616774377,7.07696533203125,396980,0.0,0.0
2022-07-21 00:00:00-04:00,7.076967222603662,7.241547584533691,7.029944005797008,7.241547584533691,635260,0.0,0.0
2022-07-22 00:00:00-04:00,7.265059901393966,7.265059901393966,7.1004795234147755,7.218037128448486,301180,0.0,0.0
2022-07-25 00:00:00-04:00,7.218035836310283,7.359104578339945,7.123989410361716,7.312081813812256,483240,0.0,0.0
2022-07-26 00:00:00-04:00,7.241546994350831,7.335593420299397,7.1475010168488575,7.312081813812256,446220,0.0,0.0
2022-07-27 00:00:00-04:00,7.335593963234089,7.54719709194012,7.3120823550067655,7.523685932159424,775280,0.0,0.0
2022-07-28 00:00:00-04:00,7.464066402723367,7.79792277996894,7.416372959433088,7.7502288818359375,558680,0.225,0.0
2022-07-29 00:00:00-04:00,7.63099462779277,7.774075413189705,7.535607285913906,7.6786885261535645,408160,0.0,0.0
2022-08-01 00:00:00-04:00,7.630995189034641,7.821769886823404,7.511760889205974,7.774075984954834,393800,0.0,0.0
2022-08-02 00:00:00-04:00,7.702536282886498,7.750230189064011,7.535608520950798,7.654842376708984,522420,0.0,0.0
2022-08-03 00:00:00-04:00,7.726382424514359,7.750228918852032,7.583300729431976,7.6786885261535645,315660,0.0,0.0
2022-08-04 00:00:00-04:00,7.75022913002642,7.75022913002642,7.487913591580056,7.559454441070557,436100,0.0,0.0
2022-08-05 00:00:00-04:00,7.39252562894066,7.630994197616165,7.320985240275087,7.535606861114502,427700,0.0,0.0
2022-08-08 00:00:00-04:00,7.392526247102124,7.583300936057987,7.392526247102124,7.559454441070557,429540,0.0,0.0
2022-08-09 00:00:00-04:00,7.583300301943984,7.607147249780074,7.39252562894066,7.535606861114502,292700,0.0,0.0
2022-08-10 00:00:00-04:00,7.583301972285513,7.702536282886498,7.511761567862042,7.654842376708984,389240,0.0,0.0
2022-08-11 00:00:00-04:00,7.702535586994737,7.821769886823404,7.678689090903211,7.774075984954834,375720,0.0,0.0
2022-08-12 00:00:00-04:00,7.774075339608934,7.8217692375183105,7.726382351384996,7.8217692375183105,283280,0.0,0.0
2022-08-15 00:00:00-04:00,7.7263829927717795,7.797923390731877,7.7263829927717795,7.774075984954834,376260,0.0,0.0
2022-08-16 00:00:00-04:00,7.7740753760597165,7.79792277996894,7.678688489479156,7.7502288818359375,413060,0.0,0.0
2022-08-17 00:00:00-04:00,7.726383690818053,7.726383690818053,7.583301972285513,7.654842376708984,356040,0.0,0.0
2022-08-18 00:00:00-04:00,7.10636381285526,7.320985908115799,7.034823417663574,7.034823417663574,2998400,0.0,0.0
2022-08-19 00:00:00-04:00,6.963281958134337,7.010975396024606,6.724813404154978,6.867894172668457,1639200,0.0,0.0
2022-08-22 00:00:00-04:00,6.724812524058164,6.796352898952195,6.58173131942749,6.58173131942749,919160,0.0,0.0
2022-08-23 00:00:00-04:00,6.629428721345387,6.86789738693109,6.581735261133977,6.844050884246826,714740,0.0,0.0
2022-08-24 00:00:00-04:00,6.844050884246826,6.915591301985384,6.82020392671968,6.844050884246826,390420,0.0,0.0
2022-08-25 00:00:00-04:00,6.86789738693109,7.010978677251089,6.82020392671968,6.844050884246826,596220,0.0,0.0
2022-08-26 00:00:00-04:00,6.820201833678039,6.89174222946167,6.796354883469247,6.89174222946167,606220,0.0,0.0
2022-08-29 00:00:00-04:00,6.820201410611201,6.89174180195708,6.748660564422607,6.748660564422607,679760,0.0,0.0
2022-08-30 00:00:00-04:00,6.753485432377568,6.753485432377568,6.512289524078369,6.512289524078369,624940,0.16,0.0
2022-08-31 00:00:00-04:00,6.560525319965736,6.657003538779613,6.517110006488383,6.5219340324401855,2304700,0.0,0.2
2022-09-01 00:00:00-04:00,6.449579160329789,6.449579160329789,6.08296123362835,6.2855658531188965,3143800,0.0,0.0
2022-09-02 00:00:00-04:00,6.203557532790714,6.377218851435937,6.203557532790714,6.222853183746338,2131400,0.0,0.0
2022-09-06 00:00:00-04:00,6.1022564309113285,6.246974071100407,6.049193495528034,6.107080459594727,2948500,0.0,0.0
2022-09-07 00:00:00-04:00,6.097431659698486,6.116727310581773,6.015425028433366,6.097431659698486,1348900,0.0,0.0
2022-09-08 00:00:00-04:00,6.063665236663968,6.06848926543896,5.972010990162646,6.039546012878418,1109100,0.0,0.0
2022-09-09 00:00:00-04:00,6.054017692664913,6.150495968793916,6.054017692664913,6.131200313568115,806400,0.0,0.0
2022-09-12 00:00:00-04:00,6.1697912393682515,6.19873495042483,6.073312969254122,6.11672830581665,934200,0.0,0.0
2022-09-13 00:00:00-04:00,6.034720856681112,6.087783783158554,5.99130552590656,6.015425205230713,991300,0.0,0.0
2022-09-14 00:00:00-04:00,5.996130847513585,6.029898129826302,5.943067449542493,6.0106024742126465,851600,0.0,0.0
2022-09-15 00:00:00-04:00,5.996129338009056,6.092607591789272,5.861059322672153,5.8658833503723145,863100,0.0,0.0
2022-09-16 00:00:00-04:00,5.8272927859397345,5.832116814250075,5.721166463335547,5.8224687576293945,912900,0.0,0.0
2022-09-19 00:00:00-04:00,5.754933829329935,5.793525133227894,5.663279137538808,5.701870441436768,1099600,0.0,0.0
2022-09-20 00:00:00-04:00,5.672927622224856,5.687399247269019,5.552329673419284,5.557153701782227,904400,0.0,0.0
2022-09-21 00:00:00-04:00,5.557152924156109,5.653631177691194,5.475146293640137,5.475146293640137,823300,0.0,0.0
2022-09-22 00:00:00-04:00,5.479971599253802,5.513739343733956,5.103706061112235,5.200184345245361,1283600,0.0,0.0
2022-09-23 00:00:00-04:00,5.1374723290268065,5.151944413816831,4.857685130378181,4.930044174194336,1359300,0.0,0.0
2022-09-26 00:00:00-04:00,4.857685162725241,4.9396918035695005,4.394589027387809,4.486243724822998,1896500,0.0,0.0
2022-09-27 00:00:00-04:00,4.52000986394624,4.65507940187469,4.346349029466803,4.409060001373291,1213100,0.0,0.0
2022-09-28 00:00:00-04:00,4.418709656484837,4.573074914688576,4.336702998052911,4.558603286743164,1480000,0.0,0.0
2022-09-29 00:00:00-04:00,4.480091525934145,4.489905283619852,3.9746706039672413,4.033554553985596,1901900,0.16,0.0
2022-09-30 00:00:00-04:00,4.023739337921143,4.200391612462722,4.0139255826510105,4.023739337921143,1226700,0.0,0.0
2022-10-03 00:00:00-04:00,4.077716857128306,4.156228775538102,3.9010645727383184,4.087530612945557,2371100,0.0,0.0
2022-10-04 00:00:00-04:00,4.1562298442789505,4.563510876734746,4.151322731124527,4.558603763580322,2296900,0.0,0.0
2022-10-05 00:00:00-04:00,4.499718502489985,4.499718502489985,4.1267864345135665,4.318159580230713,1830900,0.0,0.0
2022-10-06 00:00:00-04:00,4.313253369974209,4.460463476833786,4.151322392819084,4.161136150360107,2208100,0.0,0.0
2022-10-07 00:00:00-04:00,4.131694058568854,4.269089928240525,4.112066077187187,4.1954851150512695,2451000,0.0,0.0
2022-10-10 00:00:00-04:00,4.180763105756187,4.303438072925541,4.013925075531006,4.013925075531006,1781200,0.0,0.0
2022-10-11 00:00:00-04:00,4.018832583334754,4.563509854269796,3.989390846940837,4.538974761962891,2860300,0.0,0.0
2022-10-12 00:00:00-04:00,4.514439305730846,4.543881507719284,4.249461359706608,4.435927391052246,1992600,0.0,0.0
2022-10-13 00:00:00-04:00,4.3623243612463725,4.75488409420847,4.337789260944213,4.705814361572266,3232900,0.0,0.0
2022-10-14 00:00:00-04:00,4.71071919152678,4.803951965915131,4.592950860762694,4.602765083312988,1615400,0.0,0.0
2022-10-17 00:00:00-04:00,4.691091548177117,4.745068372140657,4.578230320657816,4.695998191833496,935900,0.0,0.0
2022-10-18 00:00:00-04:00,4.808861031290447,4.926628941942112,4.691093120638781,4.7401628494262695,1057800,0.0,0.0
2022-10-19 00:00:00-04:00,4.73525564587209,4.774511615340836,4.612580624290242,4.710721015930176,938200,0.0,0.0
2022-10-20 00:00:00-04:00,4.7401606953733895,4.789230869830186,4.6469279254669145,4.6714630126953125,1021700,0.0,0.0
2022-10-21 00:00:00-04:00,4.715625833754363,4.794138210235073,4.6322068139675165,4.735253810882568,1279400,0.0,0.0
2022-10-24 00:00:00-04:00,4.759790596459436,4.794139919657478,4.617487594547706,4.666557788848877,872600,0.0,0.0
2022-10-25 00:00:00-04:00,4.661649590263702,4.960976395485857,4.568416804364324,4.902092456817627,1340000,0.0,0.0
2022-10-26 00:00:00-04:00,4.911906873560805,5.024767643450383,4.82358072810429,4.9560699462890625,908300,0.0,0.0
2022-10-27 00:00:00-04:00,5.088558135275476,5.196512249152678,4.921720086911049,4.936441421508789,1407800,0.0,0.0
2022-10-28 00:00:00-04:00,4.926470322274044,5.086031960070389,4.722031854964681,5.031182765960693,1243000,0.16,0.0
2022-10-31 00:00:00-04:00,5.041153005766101,5.135893044924176,4.956385802532452,5.021207809448242,966500,0.0,0.0
2022-11-01 00:00:00-04:00,5.0860310732701635,5.130907894958462,4.946414664541875,5.046140670776367,1074600,0.0,0.0
2022-11-02 00:00:00-04:00,5.02120791360478,5.185755905523139,4.926468348012482,4.981317520141602,1002100,0.0,0.0
2022-11-03 00:00:00-04:00,4.911510422862804,4.921482785196083,4.727016726620767,4.841701984405518,1031200,0.0,0.0
2022-11-04 00:00:00-04:00,4.931456582197405,5.140881462769989,4.901538538316531,5.125922203063965,816200,0.0,0.0
2022-11-07 00:00:00-05:00,5.160825729370117,5.210688492738978,5.076058508558857,5.160825729370117,684400,0.0,0.0
2022-11-08 00:00:00-05:00,5.225647506179279,5.270524328075238,5.115949136579281,5.205702304840088,1023300,0.0,0.0
2022-11-09 00:00:00-05:00,5.2007156784724415,5.215674458630467,5.086030429178121,5.10597562789917,820300,0.0,0.0
2022-11-10 00:00:00-05:00,5.265537106427549,5.350303834897648,5.240605491921758,5.325372695922852,4622000,0.0,0.0
2022-11-11 00:00:00-05:00,5.36027881557374,5.435073213485551,5.26055279318093,5.370251655578613,2445500,0.0,0.0
2022-11-14 00:00:00-05:00,5.3453183188041065,5.3752358781727105,5.240605909951929,5.2555646896362305,716300,0.0,0.0
2022-11-15 00:00:00-05:00,5.320387419558772,5.400168222671792,5.260551817224008,5.300442218780518,1181100,0.0,0.0
2022-11-16 00:00:00-05:00,5.240607051476433,5.280497456344305,5.16581218570082,5.2306342124938965,619300,0.0,0.0
2022-11-17 00:00:00-05:00,5.145866105367061,5.205701702460741,5.076058146523295,5.120934963226318,533300,0.0,0.0
2022-11-18 00:00:00-05:00,5.1757842986341425,5.220661116698048,5.1159486997259584,5.150852680206299,466300,0.0,0.0
2022-11-21 00:00:00-05:00,5.160826506631393,5.2605525239197295,5.125922043932104,5.2206621170043945,628700,0.0,0.0
2022-11-22 00:00:00-05:00,5.270523548126221,5.310413944901494,5.215674371442979,5.270523548126221,560700,0.0,0.0
2022-11-23 00:00:00-05:00,5.270525420850771,5.395183073949654,5.230635009901625,5.360279083251953,813400,0.0,0.0
2022-11-25 00:00:00-05:00,5.385206691910146,5.4550146212326736,5.370247917845441,5.440055847167969,386600,0.0,0.0
2022-11-28 00:00:00-05:00,5.445046053490424,5.46000483796655,5.340333611095178,5.370251655578613,996200,0.0,0.0
2022-11-29 00:00:00-05:00,5.370250802271423,5.425927605768684,5.269020908688505,5.41074275970459,1110200,0.16,0.0
2022-11-30 00:00:00-05:00,5.39555860425578,5.496788501739502,5.3398822813152895,5.496788501739502,794600,0.0,0.0
2022-12-01 00:00:00-05:00,5.501848357589815,5.658755010531566,5.501848357589815,5.552463531494141,901400,0.0,0.0
2022-12-02 00:00:00-05:00,5.537280043038414,5.55752602100794,5.4360501531907826,5.522095680236816,730800,0.0,0.0
2022-12-05 00:00:00-05:00,5.501848463296742,5.532217664763235,5.36518826345273,5.415802955627441,682400,0.0,0.0
2022-12-06 00:00:00-05:00,5.400619756474032,5.400619756474032,5.243713066808975,5.309512615203857,613400,0.0,0.0
2022-12-07 00:00:00-05:00,5.299391450063586,5.385437001911308,5.269022233004607,5.380375385284424,581900,0.0,0.0
2022-12-08 00:00:00-05:00,5.405679528630351,5.461355827812514,5.339880002668511,5.34494161605835,770100,0.0,0.0
2022-12-09 00:00:00-05:00,5.344942067661862,5.410741116481159,5.258896563572553,5.3348188400268555,698200,0.0,0.0
2022-12-12 00:00:00-05:00,5.35000270746405,5.375310291525403,5.2842031819853394,5.329756736755371,538000,0.0,0.0
2022-12-13 00:00:00-05:00,5.476540819535633,5.60813988670022,5.3753109535252115,5.395556926727295,1086000,0.0,0.0
2022-12-14 00:00:00-05:00,5.395559331318127,5.441112911999794,5.304452169954793,5.405682563781738,977500,0.0,0.0
2022-12-15 00:00:00-05:00,5.339881222280255,5.476541436104507,5.329757993188465,5.446172714233398,973500,0.0,0.0
2022-12-16 00:00:00-05:00,5.37531241762612,5.466419563201851,5.339882075547651,5.41074275970459,3253100,0.0,0.0
2022-12-19 00:00:00-05:00,5.410742968202782,5.5575264402297355,5.375312624759036,5.496788501739502,1003300,0.0,0.0
2022-12-20 00:00:00-05:00,5.486664760232935,5.557525434294348,5.304450495041553,5.481603145599365,975000,0.0,0.0
2022-12-21 00:00:00-05:00,5.51703506508657,5.628388205453927,5.51703506508657,5.542342662811279,791200,0.0,0.0
2022-12-22 00:00:00-05:00,5.511973066663229,5.59801859580203,5.466419494448312,5.577772617340088,553800,0.0,0.0
2022-12-23 00:00:00-05:00,5.577772244088965,5.623325330553378,5.567649014184316,5.618264198303223,498300,0.0,0.0
2022-12-27 00:00:00-05:00,5.582833727581559,5.618264551774782,5.501849814057963,5.5676493644714355,726900,0.0,0.0
2022-12-28 00:00:00-05:00,5.567647295489021,5.57270890887886,5.3145724184213385,5.34494161605835,817200,0.0,0.0
2022-12-29 00:00:00-05:00,5.39633604919963,5.529959726143935,5.344942176489268,5.509402275085449,906100,0.16,0.0
2022-12-30 00:00:00-05:00,5.4425909472341845,5.514541787625126,5.339803682298311,5.396336555480957,845600,0.0,0.0
2023-01-03 00:00:00-05:00,5.442593320620262,5.560798604310958,5.401478396716668,5.488847732543945,564200,0.0,0.0
2023-01-04 00:00:00-05:00,5.524821078982417,5.6635842622742905,5.524821078982417,5.607050895690918,602500,0.0,0.0
2023-01-05 00:00:00-05:00,5.576214691097816,5.627608079002804,5.5248208130644825,5.6173295974731445,364400,0.0,0.0
2023-01-06 00:00:00-05:00,5.648162538641308,5.714974348622771,5.607047654057035,5.678998947143555,525900,0.0,0.0
2023-01-09 00:00:00-05:00,5.725254879474863,5.828042119026036,5.725254879474863,5.786927223205566,624300,0.0,0.0
2023-01-10 00:00:00-05:00,5.786929164594507,5.9154133796691895,5.7715107058931086,5.9154133796691895,318500,0.0,0.0
2023-01-11 00:00:00-05:00,5.98222500962404,6.105569733914424,5.98222500962404,6.054175853729248,599900,0.0,0.0
2023-01-12 00:00:00-05:00,6.105569179337446,6.187798988061993,6.095290208182718,6.131266117095947,1669600,0.0,0.0
2023-01-13 00:00:00-05:00,6.074733129599966,6.172381401062012,6.054175676154538,6.172381401062012,530000,0.0,0.0
2023-01-17 00:00:00-05:00,6.182658374108681,6.239191724885338,6.151822446528897,6.156961441040039,726300,0.0,0.0
2023-01-18 00:00:00-05:00,6.203217522749711,6.239193434957576,6.110709224526946,6.146684646606445,651300,0.0,0.0
2023-01-19 00:00:00-05:00,6.069594552287373,6.218636222574105,6.069594552287373,6.192939281463623,496100,0.0,0.0
2023-01-20 00:00:00-05:00,6.192938145846514,6.2237740774219095,6.1518232436604565,6.218635082244873,871300,0.0,0.0
2023-01-23 00:00:00-05:00,6.228913930251678,6.244331896949082,6.146684121027761,6.16724157333374,897900,0.0,0.0
2023-01-24 00:00:00-05:00,6.198078340400884,6.249471728950279,6.141544975829694,6.172381401062012,488300,0.0,0.0
2023-01-25 00:00:00-05:00,6.141543299824855,6.218634096803675,6.126125336480378,6.1826581954956055,2186600,0.0,0.0
2023-01-26 00:00:00-05:00,6.21863615331017,6.300865971845118,6.172381757852167,6.270029544830322,1020900,0.0,0.0
2023-01-27 00:00:00-05:00,6.290587688781282,6.383096489834323,6.2443332882547615,6.372817516326904,1483400,0.0,0.0
2023-01-30 00:00:00-05:00,6.372816221888647,6.372816221888647,6.169761117039476,6.174967288970947,1006100,0.16,0.0
2023-01-31 00:00:00-05:00,6.216619900172843,6.346783638000488,6.206207059344964,6.346783638000488,767200,0.0,0.0
2023-02-01 00:00:00-05:00,6.351989061079495,6.539425124578319,6.3051300452047885,6.492566108703613,821200,0.0,0.0
2023-02-02 00:00:00-05:00,6.529010854689931,6.591489368067934,6.4925651793532,6.523804187774658,627600,0.0,0.0
2023-02-03 00:00:00-05:00,6.461329375177028,6.5290145942375775,6.430090348863156,6.466536045074463,652900,0.0,0.0
2023-02-06 00:00:00-05:00,6.450914190893204,6.450914190893204,6.221825763895497,6.24265193939209,804000,0.0,0.0
2023-02-07 00:00:00-05:00,6.247860188349492,6.315545399974183,6.180174976724801,6.294719219207764,495200,0.0,0.0
2023-02-08 00:00:00-05:00,6.320750237291529,6.320750237291529,6.23223887055458,6.289510726928711,388100,0.0,0.0
2023-02-09 00:00:00-05:00,6.351988782405428,6.36240211726969,6.055215690265843,6.065628528594971,834200,0.0,0.0
2023-02-10 00:00:00-05:00,6.065628528594971,6.133313715607271,6.039596184504585,6.065628528594971,448800,0.0,0.0
2023-02-13 00:00:00-05:00,6.060423634556344,6.112488830241761,6.050010297498116,6.1072821617126465,322300,0.0,0.0
2023-02-14 00:00:00-05:00,6.081248530891364,6.122900877278143,5.961497662628023,6.065628528594971,480900,0.0,0.0
2023-02-15 00:00:00-05:00,6.029184650154632,6.039597988128662,5.961499442929287,6.039597988128662,504600,0.0,0.0
2023-02-16 00:00:00-05:00,6.029183241270212,6.128107942765888,5.940671875315204,6.070835590362549,629200,0.0,0.0
2023-02-17 00:00:00-05:00,6.070836621948833,6.112488978118942,6.013564756348746,6.096869468688965,517700,0.0,0.0
2023-02-21 00:00:00-05:00,6.070836855721351,6.091663034608369,5.888607914593762,5.8938140869140625,929600,0.0,0.0
2023-02-22 00:00:00-05:00,5.919846055515503,6.018770762939237,5.9146393874331595,5.951085567474365,622000,0.0,0.0
2023-02-23 00:00:00-05:00,6.003153011905922,6.034392535590176,5.909435433923925,5.961500644683838,614700,0.0,0.0
2023-02-24 00:00:00-05:00,6.0968692272850005,6.148934918703736,5.961498826824475,6.0500102043151855,1495800,0.0,0.0
2023-02-27 00:00:00-05:00,6.071127392353277,6.097523699100521,5.976100889450264,6.00249719619751,954600,0.16,0.0
2023-02-28 00:00:00-05:00,5.991938320346674,6.039451063134874,5.960262655020253,5.997217178344727,676500,0.0,0.0
2023-03-01 00:00:00-05:00,5.981380407192865,5.997217990266405,5.712138977604234,5.749094009399414,898900,0.0,0.0
2023-03-02 00:00:00-05:00,5.722697701965053,5.775489813366085,5.685743173637563,5.749094009399414,727500,0.0,0.0
2023-03-03 00:00:00-05:00,5.786048889160155,5.817724560698843,5.717418687049432,5.786048889160156,515000,0.0,0.0
2023-03-06 00:00:00-05:00,5.807163487121699,5.8705143011105605,5.770208971495075,5.854676723480225,614400,0.0,0.0
2023-03-07 00:00:00-05:00,5.859957732611123,5.886353534932601,5.675184095554833,5.738534927368164,579300,0.0,0.0
2023-03-08 00:00:00-05:00,5.738535617130294,5.754373201120363,5.664626052730444,5.717418670654297,518500,0.0,0.0
2023-03-09 00:00:00-05:00,5.717417693473669,5.743813997924126,5.50624826480528,5.527365207672119,648600,0.0,0.0
2023-03-10 00:00:00-05:00,5.5273659243287225,5.580158036606822,5.300358381476572,5.316195964813232,780400,0.0,0.0
2023-03-13 00:00:00-04:00,5.1736566424373,5.25812442378849,5.094467719819791,5.178936004638672,1573700,0.0,0.0
2023-03-14 00:00:00-04:00,5.279242427402831,5.495691286371501,5.279242427402831,5.358430862426758,791900,0.0,0.0
2023-03-15 00:00:00-04:00,5.263403293586473,5.342591705328035,5.19477310179222,5.300357818603516,741200,0.0,0.0
2023-03-16 00:00:00-04:00,5.295078072418397,5.448176026545187,5.189493363273646,5.411221504211426,800700,0.0,0.0
2023-03-17 00:00:00-04:00,5.395383951828526,5.421780255119199,5.205330970909771,5.263402938842773,1605200,0.0,0.0
2023-03-20 00:00:00-04:00,5.289798916094972,5.3742666786448385,5.268681471989927,5.321474075317383,679900,0.0,0.0
2023-03-21 00:00:00-04:00,5.411223233555777,5.47457407928859,5.3953856479895155,5.405943870544434,449700,0.0,0.0
2023-03-22 00:00:00-04:00,5.390104258256044,5.469292659779649,5.310915856732438,5.321474075317383,611700,0.0,0.0
2023-03-23 00:00:00-04:00,5.368987317618577,5.490409600417116,5.258123253404983,5.321474075317383,794600,0.0,0.0
2023-03-24 00:00:00-04:00,5.321474492312235,5.522085695822007,5.284519969167778,5.495689392089844,832100,0.0,0.0
2023-03-27 00:00:00-04:00,5.564319493075599,5.6065533769971605,5.490409944479063,5.574878215789795,613800,0.0,0.0
2023-03-28 00:00:00-04:00,5.590717643476719,5.595997006578033,5.474574172586684,5.490411758422852,679300,0.0,0.0
2023-03-29 00:00:00-04:00,5.559040131718501,5.601274015640063,5.511526886439843,5.574878215789795,761200,0.0,0.0
2023-03-30 00:00:00-04:00,5.628482839397801,5.63920400447427,5.564157382578849,5.633843421936035,547100,0.16,0.0
2023-03-31 00:00:00-04:00,5.6499248419219485,5.751773357391357,5.617761856860748,5.751773357391357,773400,0.0,0.0
2023-04-03 00:00:00-04:00,5.724970697831371,5.757133167362314,5.62312168481917,5.703528881072998,683000,0.0,0.0
2023-04-04 00:00:00-04:00,5.741052839763782,5.789297062896696,5.692808616630868,5.778575897216797,433200,0.0,0.0
2023-04-05 00:00:00-04:00,5.7571342195024044,5.95011111680833,5.746413564770592,5.896506309509277,647800,0.0,0.0
2023-04-06 00:00:00-04:00,5.907223806919914,5.939386262354989,5.891142067989365,5.923305034637451,660100,0.0,0.0
2023-04-10 00:00:00-04:00,5.912588831669896,5.934030657004893,5.6660075847107105,5.864344596862793,866600,0.0,0.0
2023-04-11 00:00:00-04:00,5.896506172711554,5.934029230222366,5.8321807121730265,5.869703769683838,571800,0.0,0.0
2023-04-12 00:00:00-04:00,5.928668315893012,5.950110133024805,5.848261118238855,5.891144752502441,417400,0.0,0.0
2023-04-13 00:00:00-04:00,5.896505516695292,5.939389152283288,5.805377663267485,5.92866849899292,479800,0.0,0.0
2023-04-14 00:00:00-04:00,5.960831191421649,5.960831191421649,5.810738461290249,5.880424499511719,576300,0.0,0.0
2023-04-17 00:00:00-04:00,5.880425773240465,5.960832482566878,5.810739719924658,5.939390659332275,525600,0.0,0.0
2023-04-18 00:00:00-04:00,5.9447493518362835,5.9447493518362835,5.832179687861257,5.858982086181641,454400,0.0,0.0
2023-04-19 00:00:00-04:00,5.8321800009312295,5.944749670948967,5.816098765561054,5.912586688995361,536400,0.0,0.0
2023-04-20 00:00:00-04:00,5.864342889935958,5.934028929794632,5.816099180384531,5.907227039337158,521400,0.0,0.0
2023-04-21 00:00:00-04:00,5.896506309509277,5.90722747545442,5.805378443828886,5.896506309509277,458200,0.0,0.0
2023-04-24 00:00:00-04:00,5.89650585344668,5.939389491483774,5.767854939335397,5.901866436004639,799500,0.0,0.0
2023-04-25 00:00:00-04:00,5.875063615862287,5.90186601552927,5.789296345898543,5.82145881652832,603000,0.0,0.0
2023-04-26 00:00:00-04:00,5.83218105158855,5.9501113250457,5.789297408733831,5.842901706695557,927700,0.0,0.0
2023-04-27 00:00:00-04:00,5.9027464476685045,5.908186372473599,5.766738469785168,5.804820537567139,753000,0.16,0.0
2023-04-28 00:00:00-04:00,5.815699370271768,5.940826946673578,5.761296504781997,5.821139812469482,786600,0.0,0.0
2023-05-01 00:00:00-04:00,5.81026131781106,5.82114168688085,5.451200318410025,5.456640243530273,1253900,0.0,0.0
2023-05-02 00:00:00-04:00,5.445758399500846,5.467519650575779,5.097577863472763,5.168302059173584,1637400,0.0,0.0
2023-05-03 00:00:00-04:00,5.173741613660893,5.4076748928582905,5.168301172118636,5.298868656158447,862900,0.0,0.0
2023-05-04 00:00:00-04:00,5.260788701700726,5.309751657455652,5.2009453773498535,5.2009453773498535,685400,0.0,0.0
2023-05-05 00:00:00-04:00,5.315189844742174,5.391353949068103,5.266226909773193,5.342391014099121,584500,0.0,0.0
2023-05-08 00:00:00-04:00,5.358712097118519,5.402234588725594,5.309749164353304,5.375032901763916,451400,0.0,0.0
2023-05-09 00:00:00-04:00,5.364153137901277,5.42399696546052,5.320630637219536,5.396795272827148,360100,0.0,0.0
2023-05-10 00:00:00-04:00,5.45663837525975,5.4838400668647145,5.358713011842636,5.429436683654785,597800,0.0,0.0
2023-05-11 00:00:00-04:00,5.402234859482058,5.472959041595459,5.37503317115705,5.472959041595459,478600,0.0,0.0
2023-05-12 00:00:00-04:00,5.489280675893889,5.494721118146162,5.402235675174043,5.423996925354004,501500,0.0,0.0
2023-05-15 00:00:00-04:00,5.4403175527622665,5.521922108522055,5.429436668618767,5.494720935821533,521500,0.0,0.0
2023-05-16 00:00:00-04:00,5.483839725018779,5.483839725018779,5.385913848876953,5.385913848876953,482600,0.0,0.0
2023-05-17 00:00:00-04:00,5.3913546267053025,5.451198452002048,5.358713011842636,5.429436683654785,517500,0.0,0.0
2023-05-18 00:00:00-04:00,5.4294382290227095,5.4892820713526636,5.407676973310707,5.478401184082031,413000,0.0,0.0
2023-05-19 00:00:00-04:00,5.494721286858495,5.505601652867987,5.402235841046663,5.44575834274292,450600,0.0,0.0
2023-05-22 00:00:00-04:00,5.489280493749784,5.521922108522055,5.4348771106905165,5.494720935821533,989100,0.0,0.0
2023-05-23 00:00:00-04:00,5.505602883429351,5.5545658384886725,5.462080372005345,5.478401184082031,747200,0.0,0.0
2023-05-24 00:00:00-04:00,5.467518918604836,5.467518918604836,5.331510987887447,5.385913848876953,719600,0.0,0.0
2023-05-25 00:00:00-04:00,5.39135558921739,5.407676399562458,5.1791834982438925,5.244467258453369,1225300,0.0,0.0
2023-05-26 00:00:00-04:00,5.260787969503167,5.489281385338217,5.222705906473724,5.4838409423828125,1206500,0.0,0.0
2023-05-30 00:00:00-04:00,5.528066314726643,5.6275716770949185,5.500425877713512,5.599931240081787,2849200,0.16,0.0
2023-05-31 00:00:00-04:00,5.572289331874304,5.610985617157612,5.500424425492913,5.511480808258057,861500,0.0,0.0
2023-06-01 00:00:00-04:00,5.550178245362751,5.677324037561569,5.494897374459359,5.671795845031738,695400,0.0,0.0
2023-06-02 00:00:00-04:00,5.671796058884531,5.732604597413057,5.649683815128932,5.7049641609191895,835200,0.0,0.0
2023-06-05 00:00:00-04:00,5.660739459972078,5.710492138345638,5.599930923736312,5.671795845031738,474400,0.0,0.0
2023-06-06 00:00:00-04:00,5.638627179071553,5.7270761501632705,5.633098986578958,5.660739421844482,754200,0.0,0.0
2023-06-07 00:00:00-04:00,5.682850136625416,5.732602801286486,5.616513426143094,5.64968204498291,591600,0.0,0.0
2023-06-08 00:00:00-04:00,5.655209262949914,5.660737453520274,5.528064043015252,5.572288513183594,2604700,0.0,0.0
2023-06-09 00:00:00-04:00,5.572288378194741,5.594400612743241,5.511479864985677,5.55017614364624,715700,0.0,0.0
2023-06-12 00:00:00-04:00,5.539121199564277,5.6330978164296095,5.511480770040429,5.627570152282715,1153100,0.0,0.0
2023-06-13 00:00:00-04:00,5.633099236914125,5.721548739133996,5.627571571373333,5.7049641609191895,598600,0.0,0.0
2023-06-14 00:00:00-04:00,5.721548484868128,5.732604342655867,5.633098986578958,5.660739421844482,682600,0.0,0.0
2023-06-15 00:00:00-04:00,5.666266612178041,5.760243759141173,5.638626181801115,5.699435234069824,1999300,0.0,0.0
2023-06-16 00:00:00-04:00,5.754714951832337,5.79341123390085,5.67179419677201,5.6773223876953125,1238000,0.0,0.0
2023-06-20 00:00:00-04:00,5.688378249304782,5.749186767943606,5.677322394641952,5.7160186767578125,884000,0.0,0.0
2023-06-21 00:00:00-04:00,5.732604342655867,5.7491883929362,5.655211229351886,5.660739421844482,3114900,0.0,0.0
2023-06-22 00:00:00-04:00,5.699434260315524,5.699434260315524,5.566760322613233,5.572288513183594,1279900,0.0,0.0
2023-06-23 00:00:00-04:00,5.561233476306508,5.572289331874304,5.489368569925117,5.511480808258057,1481100,0.0,0.0
2023-06-26 00:00:00-04:00,5.517009295053229,5.6275710304005075,5.456200762370166,5.5667619705200195,1255000,0.0,0.0
2023-06-27 00:00:00-04:00,5.594401450097065,5.693906784057617,5.5557051656445555,5.693906784057617,813200,0.0,0.0
2023-06-28 00:00:00-04:00,5.682851084637049,5.815525054931641,5.66626703604925,5.815525054931641,1148700,0.0,0.0
2023-06-29 00:00:00-04:00,5.832365148352173,5.837978182259971,5.753776784909266,5.759390354156494,868600,0.16,0.0
2023-06-30 00:00:00-04:00,5.7706177499538445,5.815525239421229,5.753777575238451,5.809912204742432,824800,0.0,0.0
2023-07-03 00:00:00-04:00,5.781844339208408,5.82113825491433,5.720096145568299,5.753777027130127,453700,0.0,0.0
2023-07-05 00:00:00-04:00,5.748163566041421,5.770617309059572,5.675188767397563,5.6920294761657715,575600,0.0,0.0
2023-07-06 00:00:00-04:00,5.669576600413727,5.669576600413727,5.3832909316350355,5.461878776550293,1359100,0.0,0.0
2023-07-07 00:00:00-04:00,5.47310450770718,5.663961571066145,5.47310450770718,5.602213382720947,777100,0.0,0.0
2023-07-10 00:00:00-04:00,5.602213745674342,5.6976422835364,5.568533400157991,5.6751885414123535,676000,0.0,0.0
2023-07-11 00:00:00-04:00,5.686415112061837,5.725709023018532,5.630280494689941,5.630280494689941,756900,0.0,0.0
2023-07-12 00:00:00-04:00,5.697643231236208,5.736937687993791,5.647122704558508,5.6864166259765625,634400,0.0,0.0
2023-07-13 00:00:00-04:00,5.697642394990743,5.860432162409351,5.697642394990743,5.7650041580200195,910000,0.0,0.0
2023-07-14 00:00:00-04:00,5.76500416609722,5.787457908691954,5.720096145568299,5.753777027130127,666200,0.0,0.0
2023-07-17 00:00:00-04:00,5.759392344059223,5.793072700500488,5.720097881091595,5.793072700500488,632900,0.0,0.0
2023-07-18 00:00:00-04:00,5.809909076083755,5.91656417229973,5.804295509088384,5.899724006652832,674100,0.0,0.0
2023-07-19 00:00:00-04:00,5.933406864690475,5.99515505725662,5.922180261258093,5.967087745666504,586400,0.0,0.0
2023-07-20 00:00:00-04:00,5.972701315052416,5.983927918484797,5.894112949667977,5.967087745666504,589000,0.0,0.0
2023-07-21 00:00:00-04:00,6.006382231418339,6.023222405836794,5.9502481382436585,6.000768661499023,772700,0.0,0.0
2023-07-24 00:00:00-04:00,6.000769557699239,6.135492579185909,5.9895429515234335,6.118651866912842,994200,0.0,0.0
2023-07-25 00:00:00-04:00,6.135489565478062,6.214077376125656,6.0849685241535765,6.169169902801514,1008500,0.0,0.0
2023-07-26 00:00:00-04:00,6.186012682783769,6.27582765957331,6.186012682783769,6.258986949920654,919800,0.0,0.0
2023-07-27 00:00:00-04:00,6.287054451946191,6.3263489069708925,6.0961973528932285,6.113038063049316,1672500,0.0,0.0
2023-07-28 00:00:00-04:00,6.107338954206469,6.192795902951486,5.919333232309808,6.095944404602051,1229700,0.16,0.0
2023-07-31 00:00:00-04:00,6.113036402033568,6.124430952973239,5.873756808843498,5.93642520904541,1405000,0.0,0.0
2023-08-01 00:00:00-04:00,5.930728348985236,6.0161858570522435,5.913637064700687,5.964911460876465,764900,0.0,0.0
2023-08-02 00:00:00-04:00,5.925032615661621,5.964913013804356,5.833878351316407,5.925032615661621,729000,0.0,0.0
2023-08-03 00:00:00-04:00,5.896545707735219,5.925031000084314,5.719933961231361,5.725631237030029,4138400,0.0,0.0
2023-08-04 00:00:00-04:00,5.776905683996558,5.828179536674614,5.702842727920972,5.714236736297607,1471600,0.0,0.0
2023-08-07 00:00:00-04:00,5.742720522007026,5.811086177825927,5.731326517698177,5.811086177825928,754600,0.0,0.0
2023-08-08 00:00:00-04:00,5.759814648114886,5.793997764587402,5.748420638172183,5.793997764587402,563600,0.0,0.0
2023-08-09 00:00:00-04:00,5.788300085504865,5.811088647128027,5.725631676871711,5.748420238494873,569300,0.0,0.0
2023-08-10 00:00:00-04:00,5.77120834691405,5.788299630958728,5.725631227246826,5.742722511291504,677900,0.0,0.0
2023-08-11 00:00:00-04:00,5.731328538311819,5.748419822461694,5.702842702513944,5.719933986663818,541200,0.0,0.0
2023-08-14 00:00:00-04:00,5.7199355691621845,5.725632846562415,5.617386749247152,5.645872592926025,1366300,0.0,0.0
2023-08-15 00:00:00-04:00,5.6116882565705355,5.628779540092859,5.531928027929518,5.55471658706665,990200,0.0,0.0
2023-08-16 00:00:00-04:00,5.53192954767664,5.594597966689671,5.492049694061279,5.492049694061279,1053400,0.0,0.0
2023-08-17 00:00:00-04:00,5.5148360593818895,5.58889900320837,5.361012896821806,5.400892734527588,1648300,0.0,0.0
2023-08-18 00:00:00-04:00,5.366710983496317,5.446471214294433,5.343922423742872,5.446471214294434,938100,0.0,0.0
2023-08-21 00:00:00-04:00,5.46925932024986,5.46925932024986,5.395196371365822,5.4407734870910645,979000,0.0,0.0
2023-08-22 00:00:00-04:00,5.4806525360778595,5.497743816176213,5.332526659700133,5.338223934173584,7072500,0.0,0.0
2023-08-23 00:00:00-04:00,5.361014253808789,5.435077216382184,5.355316977459564,5.429379940032959,2231600,0.0,0.0
2023-08-24 00:00:00-04:00,5.429378936498715,5.503441885382753,5.40089310333992,5.4407734870910645,1589600,0.0,0.0
2023-08-25 00:00:00-04:00,5.463563054806133,5.497745626257129,5.33252841538484,5.429379940032959,1425600,0.0,0.0
2023-08-28 00:00:00-04:00,5.429379240151367,5.55471658706665,5.429379240151367,5.55471658706665,2019800,0.0,0.0
2023-08-29 00:00:00-04:00,5.5262297371063385,5.628778506045538,5.497743907587449,5.61738395690918,2579500,0.0,0.0
2023-08-30 00:00:00-04:00,5.565264225006104,5.588428675022248,5.501562125532721,5.5652642250061035,1980500,0.16,0.0
2023-08-31 00:00:00-04:00,5.565263798411603,5.611592694892639,5.542099350171085,5.55368185043335,1302700,0.0,0.0
2023-09-01 00:00:00-04:00,5.5478914351034865,5.588429087553165,5.501562531651256,5.507353782653809,1367200,0.0,0.0
2023-09-05 00:00:00-04:00,5.495772327226292,5.501563579331691,5.35099433829651,5.379950046539307,1592500,0.0,0.0
2023-09-06 00:00:00-04:00,5.374159044158374,5.420487958585964,5.316248177266,5.35099458694458,1246900,0.0,0.0
2023-09-07 00:00:00-04:00,5.333619531495241,5.374157179482947,5.3220370307650215,5.339410781860352,1042600,0.0,0.0
2023-09-08 00:00:00-04:00,5.33941108053369,5.4378601331114265,5.304664128683403,5.362575531005859,740200,0.0,0.0
2023-09-11 00:00:00-04:00,5.379949799222334,5.426278709367383,5.368367847828159,5.408905506134033,954400,0.0,0.0
2023-09-12 00:00:00-04:00,5.43206865142247,5.466815049511094,5.385739752448277,5.397321701049805,1174600,0.0,0.0
2023-09-13 00:00:00-04:00,5.408904500953504,5.461024653251817,5.397321999427626,5.4204864501953125,2014800,0.0,0.0
2023-09-14 00:00:00-04:00,5.455234164200336,5.565265182639402,5.443651661057198,5.50156307220459,1878700,0.0,0.0
2023-09-15 00:00:00-04:00,5.530518054962158,5.542100004307434,5.461024702038274,5.530518054962158,2223000,0.0,0.0
2023-09-18 00:00:00-04:00,5.559474066018037,5.571056016007603,5.489980156944219,5.495771408081055,1269600,0.0,0.0
2023-09-19 00:00:00-04:00,5.5131455256085955,5.565265132430052,5.4494428634643555,5.4494428634643555,928500,0.0,0.0
2023-09-20 00:00:00-04:00,5.484189039865494,5.50156223966701,5.4204863867864965,5.4262776374816895,637500,0.0,0.0
2023-09-21 00:00:00-04:00,5.408903994094153,5.420485942250636,5.171468257904053,5.171468257904053,1792400,0.0,0.0
2023-09-22 00:00:00-04:00,5.212007339916429,5.281500704841214,5.17726038131195,5.235171794891357,1542800,0.0,0.0
2023-09-25 00:00:00-04:00,5.217797883680128,5.275708737116906,5.200424130593408,5.2062153816223145,1130000,0.0,0.0
2023-09-26 00:00:00-04:00,5.183052836594441,5.188844089753903,5.02090161411959,5.026692867279053,1661800,0.0,0.0
2023-09-27 00:00:00-04:00,5.067228491706471,5.090392942720052,4.957197487462981,4.9803619384765625,1513100,0.0,0.0
2023-09-28 00:00:00-04:00,4.909551141659194,5.033470127819053,4.844641410910303,4.9626593589782715,1695400,0.16,0.0
2023-09-29 00:00:00-04:00,5.003965795658969,5.080677607122411,4.986263243091713,5.021668910980225,1104500,0.0,0.0
2023-10-02 00:00:00-04:00,5.009866993873182,5.009866993873182,4.644011040209415,4.714821815490723,2512900,0.0,0.0
2023-10-03 00:00:00-04:00,4.661712934018273,4.679415483577849,4.455181407102523,4.508289337158203,2114600,0.0,0.0
2023-10-04 00:00:00-04:00,4.585001618812433,4.6381098358422665,4.478785466129748,4.561398029327393,2261700,0.0,0.0
2023-10-05 00:00:00-04:00,4.514191415352665,4.638110416347301,4.508290376554341,4.620407581329346,911800,0.0,0.0
2023-10-06 00:00:00-04:00,4.573200396450821,4.644011173768607,4.525993211572296,4.620407581329346,812100,0.0,0.0
2023-10-09 00:00:00-04:00,4.59680267603946,4.72662267875572,4.59680267603946,4.679415225982666,824700,0.0,0.0
2023-10-10 00:00:00-04:00,4.673515095820396,4.732524349341168,4.632208674631251,4.6558122634887695,991000,0.0,0.0
2023-10-11 00:00:00-04:00,4.673514695482503,4.720721869153728,4.64991110864689,4.697118282318115,906000,0.0,0.0
2023-10-12 00:00:00-04:00,4.573199149736127,4.585000942738433,4.313559422308456,4.407973766326904,3776100,0.0,0.0
2023-10-13 00:00:00-04:00,4.419776488523086,4.4433803608670095,4.301758533688464,4.39027214050293,2145400,0.0,0.0
2023-10-16 00:00:00-04:00,4.455181524519118,4.496487662164723,4.354866136447862,4.466983318328857,1425200,0.0,0.0
2023-10-17 00:00:00-04:00,4.425677273514953,4.461082657937834,4.337163671769257,4.3548665046691895,1171900,0.0,0.0
2023-10-18 00:00:00-04:00,4.337164232738822,4.337164232738822,4.101128024680331,4.112929821014404,1679900,0.0,0.0
2023-10-19 00:00:00-04:00,4.101126795087245,4.124730380678604,3.882793487678707,3.8886945247650146,1560600,0.0,0.0
2023-10-20 00:00:00-04:00,3.865091322050444,3.9359020858390505,3.8119831085205074,3.811983108520508,1252500,0.0,0.0
2023-10-23 00:00:00-04:00,3.752973516351557,3.8532888891055466,3.6231535228898353,3.782477855682373,1939600,0.0,0.0
2023-10-24 00:00:00-04:00,3.7175693018112277,3.823785463065804,3.7175693018112277,3.7470736503601074,1732800,0.0,0.0
2023-10-25 00:00:00-04:00,3.7175693649682984,3.741172956759201,3.587749328741324,3.6113529205322266,1802600,0.0,0.0
2023-10-26 00:00:00-04:00,3.6172537803649902,3.7234699381737113,3.58184839442875,3.6172537803649902,1611700,0.0,0.0
2023-10-27 00:00:00-04:00,3.6526586819887243,3.70576689453987,3.5346404631391732,3.564145088195801,1953900,0.0,0.0
2023-10-30 00:00:00-04:00,3.552105029072761,3.642412840005579,3.552105029072761,3.582207441329956,1832700,0.12,0.0
2023-10-31 00:00:00-04:00,3.6123096875008307,3.810986674380483,3.606289033556317,3.780884265899658,1545700,0.0,0.0
2023-11-01 00:00:00-04:00,3.7869041091032,3.937416991935857,3.7447603985610614,3.9073143005371094,1326600,0.0,0.0
2023-11-02 00:00:00-04:00,3.979560775825542,4.093950603336352,3.973540122602609,4.069868564605713,1448800,0.0,0.0
2023-11-03 00:00:00-04:00,4.166196858432141,4.24446363045646,4.14211481889859,4.148135185241699,1039500,0.0,0.0
2023-11-06 00:00:00-05:00,4.154155180303551,4.196298599267983,4.081909073152657,4.142114162445068,880100,0.0,0.0
2023-11-07 00:00:00-05:00,4.130074651212194,4.256505528387714,4.087930929793482,4.238443851470947,1036700,0.0,0.0
2023-11-08 00:00:00-05:00,4.24446439743042,4.268546441315592,4.148135934809123,4.24446439743042,930800,0.0,0.0
2023-11-09 00:00:00-05:00,4.2685462153663325,4.286607603783854,4.051807544791919,4.075889587402344,1274400,0.0,0.0
2023-11-10 00:00:00-05:00,4.124053039022684,4.172217116843826,4.099971000112113,4.154155731201172,957100,0.0,0.0
2023-11-13 00:00:00-05:00,4.112012206824079,4.142114900373412,4.051807106805975,4.105991840362549,991700,0.0,0.0
2023-11-14 00:00:00-05:00,4.244462788247438,4.352831944645231,4.190278066508292,4.292626857757568,1402900,0.0,0.0
2023-11-15 00:00:00-05:00,4.316709041595459,4.328750059388843,4.250483300191593,4.316709041595459,956300,0.0,0.0
2023-11-16 00:00:00-05:00,4.298649473771322,4.322731521136264,4.214362307994024,4.268547058105469,871600,0.0,0.0
2023-11-17 00:00:00-05:00,4.2986475582489865,4.376914320848886,4.256504137680212,4.370893955230713,910300,0.0,0.0
2023-11-20 00:00:00-05:00,4.382936457231407,4.479264636374751,4.358854125364953,4.4371209144592285,1071500,0.0,0.0
2023-11-21 00:00:00-05:00,4.4190592765808105,4.449161687334596,4.3889565787464235,4.4190592765808105,759200,0.0,0.0
2023-11-22 00:00:00-05:00,4.455181446915783,4.533448215900919,4.449160793725906,4.485283851623535,703100,0.0,0.0
2023-11-24 00:00:00-05:00,4.485282670578246,4.539467386697277,4.437118606063761,4.449159622192383,633900,0.0,0.0
2023-11-27 00:00:00-05:00,4.467221289925549,4.497323686706868,4.4070162092824425,4.449159622192383,1052800,0.0,0.0
2023-11-28 00:00:00-05:00,4.443140465017496,4.527427600821466,4.394976387415227,4.515386581420898,1075400,0.0,0.0
2023-11-29 00:00:00-05:00,4.552096352771532,4.601043578325772,4.5153859336058515,4.533740997314453,1187600,0.12,0.0
2023-11-30 00:00:00-05:00,4.539860451790787,4.564334069448807,4.503150025303756,4.509268283843994,1240400,0.0,0.0
2023-12-01 00:00:00-05:00,4.509269297645282,4.705058574676514,4.490914226149337,4.705058574676514,1672200,0.0,0.0
2023-12-04 00:00:00-05:00,4.698939480734925,4.809071063995361,4.668347601189245,4.809071063995361,1196600,0.0,0.0
2023-12-05 00:00:00-05:00,4.790715168049373,4.827425594455098,4.729531124039832,4.766241550445557,785100,0.0,0.0
2023-12-06 00:00:00-05:00,4.790714583166585,4.851898619706366,4.686701575174708,4.717293739318848,1131500,0.0,0.0
2023-12-07 00:00:00-05:00,4.7356502924881285,4.766242466245235,4.6928215993264875,4.760124206542969,736200,0.0,0.0
2023-12-08 00:00:00-05:00,4.741767572550622,4.851898843399753,4.717293956806371,4.83354377746582,919300,0.0,0.0
2023-12-11 00:00:00-05:00,4.772360739362076,4.784597549801524,4.686702774537363,4.71117639541626,2003500,0.0,0.0
2023-12-12 00:00:00-05:00,4.711176670181879,4.833545073461718,4.686703047875629,4.760124206542969,1440800,0.0,0.0
2023-12-13 00:00:00-05:00,4.772361069122327,5.0721630914787985,4.754005706320549,5.035452365875244,1871700,0.0,0.0
2023-12-14 00:00:00-05:00,5.121110495509187,5.2312420922396665,5.053808177227898,5.182294845581055,2287400,0.0,0.0
2023-12-15 00:00:00-05:00,5.182294127710412,5.2006491967904775,5.090517615315834,5.139464855194092,5376000,0.0,0.0
2023-12-18 00:00:00-05:00,5.157819540748301,5.157819540748301,5.041569430209954,5.059925079345703,1111400,0.0,0.0
2023-12-19 00:00:00-05:00,5.078281800557204,5.200649917203733,5.078281800557204,5.182294845581055,1246100,0.0,0.0
2023-12-20 00:00:00-05:00,5.170056771505455,5.304661966293526,5.145583152770996,5.145583152770996,1411500,0.0,0.0
2023-12-21 00:00:00-05:00,5.2312401533196065,5.274068832397461,5.176174375364086,5.274068832397461,1408200,0.0,0.0
2023-12-22 00:00:00-05:00,5.286306330185962,5.359727178501416,5.249595614279718,5.2618327140808105,1290200,0.0,0.0
2023-12-26 00:00:00-05:00,5.286306282734782,5.414792912007757,5.274069183043532,5.365845680236816,1232300,0.0,0.0
2023-12-27 00:00:00-05:00,5.402556595342003,5.445385283474741,5.3413722550119935,5.384201526641846,1613100,0.0,0.0
2023-12-28 00:00:00-05:00,5.384201419220633,5.396607105224747,5.315968075724452,5.365592002868652,1156000,0.12,0.0
2023-12-29 00:00:00-05:00,5.322171168092602,5.353186270178206,5.198111351314053,5.229126453399658,1428500,0.0,0.0
2024-01-02 00:00:00-05:00,5.210516444203153,5.210516444203153,5.14228370063146,5.16709566116333,1013200,0.0,0.0
2024-01-03 00:00:00-05:00,5.13608121565423,5.14848749327951,5.018224536033459,5.092660427093506,1109100,0.0,0.0
2024-01-04 00:00:00-05:00,5.086455896941405,5.1236741280727625,5.055440802925893,5.098862171173096,594500,0.0,0.0
2024-01-05 00:00:00-05:00,5.086457833096014,5.173300011083085,5.049240179361512,5.1484880447387695,952900,0.0,0.0
2024-01-08 00:00:00-05:00,5.160893258473804,5.390404073985713,5.123675608155054,5.384201526641846,1244700,0.0,0.0
2024-01-09 00:00:00-05:00,5.353186423666964,5.421419176960595,5.315968181784328,5.384201526641846,927100,0.0,0.0
2024-01-10 00:00:00-05:00,5.384201020022793,5.4462306285720805,5.353185919966235,5.4214186668396,798100,0.0,0.0
2024-01-11 00:00:00-05:00,5.384200536143065,5.44002759291491,5.284952698132575,5.377997398376465,1326500,0.0,0.0
2024-01-12 00:00:00-05:00,5.427622609731878,5.533073610617497,5.402810644321375,5.458637714385986,1144900,0.0,0.0
2024-01-16 00:00:00-05:00,5.464840710238047,5.477246396835827,5.334577747359885,5.390404224395752,850700,0.0,0.0
2024-01-17 00:00:00-05:00,5.334577709207702,5.421419289462795,5.260141223897767,5.297359466552734,1166200,0.0,0.0
2024-01-18 00:00:00-05:00,5.30976475191759,5.371794355993681,5.191907498514578,5.2911553382873535,1204700,0.0,0.0
2024-01-19 00:00:00-05:00,5.328375052244379,5.328375052244379,5.117473038434424,5.253939151763916,1353000,0.0,0.0
2024-01-22 00:00:00-05:00,5.303562233962136,5.34077988244532,5.173299281143282,5.210516929626465,1177500,0.0,0.0
2024-01-23 00:00:00-05:00,5.210516533552438,5.2787498698579896,5.160892611637753,5.266343593597412,960400,0.0,0.0
2024-01-24 00:00:00-05:00,5.315968773048992,5.334578191842072,5.253939151763916,5.253939151763916,1393500,0.0,0.0
2024-01-25 00:00:00-05:00,5.315968075724452,5.371795141652647,5.278750426148239,5.365592002868652,1143700,0.0,0.0
2024-01-26 00:00:00-05:00,5.384200788945196,5.421418434164706,5.346982552161882,5.359388828277588,953200,0.0,0.0
2024-01-29 00:00:00-05:00,5.402810096740723,5.415215782406686,5.328374208053371,5.402810096740723,1413700,0.0,0.0
2024-01-30 00:00:00-05:00,5.358783535038267,5.3713625265247416,5.132355690002441,5.132355690002441,2365100,0.12,0.0
2024-01-31 00:00:00-05:00,5.132354312587251,5.220409628672104,5.019140720367432,5.019140720367432,2203600,0.0,0.0
2024-02-01 00:00:00-05:00,5.031720566752355,5.207830618636894,4.987692903824262,5.201541423797607,1451100,0.0,0.0
2024-02-02 00:00:00-05:00,5.2141207560813605,5.427968990199215,5.100906843941821,5.396520614624023,3818900,0.0,0.0
2024-02-05 00:00:00-05:00,5.308464917587528,5.314754712235202,5.088327503369402,5.182672023773193,1371400,0.0,0.0
2024-02-06 00:00:00-05:00,5.1638024541171035,5.2581469601687845,5.13235408549063,5.188961029052734,923000,0.0,0.0
2024-02-07 00:00:00-05:00,5.188961258654102,5.20154084659241,5.019140720367432,5.019140720367432,1588500,0.0,0.0
2024-02-08 00:00:00-05:00,5.044300541601919,5.07574831768528,4.962534704249907,5.025431156158447,1146300,0.0,0.0
2024-02-09 00:00:00-05:00,5.0505893353111855,5.182672023773194,5.0191412618145606,5.182672023773193,982700,0.0,0.0
2024-02-12 00:00:00-05:00,5.176382245129125,5.226700002638256,5.13864467678207,5.201541423797607,849800,0.0,0.0
2024-02-13 00:00:00-05:00,5.069458520785062,5.075747715358683,4.962534115358092,4.9688239097595215,1395400,0.0,0.0
2024-02-14 00:00:00-05:00,5.000272117173507,5.05058927408931,4.975113538715606,5.044300079345703,670100,0.0,0.0
2024-02-15 00:00:00-05:00,5.119775984682198,5.302175834514122,5.0883276106088635,5.295886039733887,1366700,0.0,0.0
2024-02-16 00:00:00-05:00,5.207831503961384,5.346204011022011,5.163804133462613,5.258148670196533,1034100,0.0,0.0
2024-02-20 00:00:00-05:00,5.214121504675537,5.270728468872399,5.17009413244596,5.22041130065918,762100,0.0,0.0
2024-02-21 00:00:00-05:00,5.226701053217989,5.264438629150391,5.182673081526249,5.264438629150391,586800,0.0,0.0
2024-02-22 00:00:00-05:00,5.2833061062890065,5.371361427997352,5.226699756434861,5.346202850341797,947500,0.0,0.0
2024-02-23 00:00:00-05:00,5.3273345317367164,5.409100066206265,5.270727577117194,5.377651691436768,968800,0.0,0.0
2024-02-26 00:00:00-05:00,5.390231022015253,5.421679398771731,5.3084654823795665,5.35878324508667,982000,0.0,0.0
2024-02-27 00:00:00-05:00,5.365070819854736,5.383940200105156,5.321043465592518,5.365070819854736,1131700,0.0,0.0
2024-02-28 00:00:00-05:00,5.339554627484223,5.396969291498028,5.288519505780095,5.358692646026611,1026700,0.12,0.0
2024-02-29 00:00:00-05:00,5.422487184724711,5.505419414673961,5.396969622308533,5.486281394958496,1128300,0.0,0.0
2024-03-01 00:00:00-05:00,5.4735215193458755,5.530936178590004,5.448003960613661,5.524556636810303,881000,0.0,0.0
2024-03-04 00:00:00-05:00,5.530936207566492,5.5500742246192685,5.4288659721028925,5.435245513916016,1132700,0.0,0.0
2024-03-05 00:00:00-05:00,5.396969416147232,5.441624996573056,5.358692769791772,5.3714518547058105,842100,0.0,0.0
2024-03-06 00:00:00-05:00,5.422484874725342,5.467140437833544,5.396967323179738,5.422484874725342,836800,0.0,0.0
2024-03-07 00:00:00-05:00,5.460763454437256,5.492659948958947,5.428866351528929,5.460763454437256,565500,0.0,0.0
2024-03-08 00:00:00-05:00,5.486280697732885,5.601109409819308,5.460763138559613,5.499039173126221,985200,0.0,0.0
2024-03-11 00:00:00-04:00,5.47990017823366,5.556452842096549,5.467141096729931,5.530935287475586,580600,0.0,0.0
2024-03-12 00:00:00-04:00,5.51817826209229,5.575592933479277,5.486281763221046,5.569213390350342,662800,0.0,0.0
2024-03-13 00:00:00-04:00,5.575591911856561,5.6585241321768,5.543694810443145,5.633006572723389,889000,0.0,0.0
2024-03-14 00:00:00-04:00,5.607489276074269,5.633006836723603,5.454383912178264,5.460763454437256,855400,0.0,0.0
2024-03-15 00:00:00-04:00,5.46714207206298,5.556453833362733,5.435245579386341,5.499039173126221,1250300,0.0,0.0
2024-03-18 00:00:00-04:00,5.505419316056139,5.550074897387874,5.467142668924177,5.511798858642578,712300,0.0,0.0
2024-03-19 00:00:00-04:00,5.4862810681295695,5.601109787968454,5.4862810681295695,5.594730854034424,800800,0.0,0.0
2024-03-20 00:00:00-04:00,5.601109220815332,5.754215179075153,5.537315629228105,5.677661895751953,2277900,0.0,0.0
2024-03-21 00:00:00-04:00,5.677662558350292,5.754215850607465,5.658524539479323,5.69680118560791,1261000,0.0,0.0
2024-03-22 00:00:00-04:00,5.715938028044667,5.7669731401211495,5.696800013112618,5.709558486938477,1055400,0.0,0.0
2024-03-25 00:00:00-04:00,5.741456031799316,5.792491147855496,5.728696948591986,5.741456031799316,2497100,0.0,0.0
2024-03-26 00:00:00-04:00,5.792491798882117,5.792491798882117,5.58197176939308,5.594730854034424,1827900,0.0,0.0
2024-03-27 00:00:00-04:00,5.665877724739067,5.72408889442484,5.646473590292674,5.717620849609375,1278900,0.12,0.0
2024-03-28 00:00:00-04:00,5.730556478096934,5.801703739346508,5.7046849149589205,5.775832176208496,1421200,0.0,0.0
2024-04-01 00:00:00-04:00,5.788766891953253,5.788766891953253,5.724088300984225,5.75642728805542,936600,0.0,0.0
2024-04-02 00:00:00-04:00,5.6982174012280735,5.756427954794453,5.6400062308349845,5.652941703796387,1178600,0.0,0.0
2024-04-03 00:00:00-04:00,5.640006065368652,5.6594095826548525,5.588262941387658,5.640006065368652,722700,0.0,0.0
2024-04-04 00:00:00-04:00,5.691748739657606,5.7434918595504945,5.601197971431727,5.607666015625,738800,0.0,0.0
2024-04-05 00:00:00-04:00,5.601198388232142,5.6658776013245316,5.542987219814329,5.62706995010376,619100,0.0,0.0
2024-04-08 00:00:00-04:00,5.659409108328808,5.6982167564753565,5.568858340537956,5.594729900360107,767100,0.0,0.0
2024-04-09 00:00:00-04:00,5.614133358001709,5.640004914713979,5.555922201192459,5.614133358001709,767700,0.0,0.0
2024-04-10 00:00:00-04:00,5.517115216339207,5.517115216339207,5.303674693775992,5.348950386047363,1992500,0.0,0.0
2024-04-11 00:00:00-04:00,5.407160948559017,5.484775628185035,5.361885872983835,5.478308200836182,1514000,0.0,0.0
2024-04-12 00:00:00-04:00,5.426565170288086,5.523583367208745,5.400693609987466,5.426565170288086,776300,0.0,0.0
2024-04-15 00:00:00-04:00,5.452437451550295,5.491244488719251,5.206657287782216,5.245464324951172,1307500,0.0,0.0
2024-04-16 00:00:00-04:00,5.258400022874005,5.264868067528467,5.135509950159309,5.238996505737305,1374200,0.0,0.0
2024-04-17 00:00:00-04:00,5.277803897857666,5.31014350649599,5.232528815860051,5.277803897857666,573800,0.0,0.0
2024-04-18 00:00:00-04:00,5.290739342983763,5.348950508070151,5.258399738288363,5.264867782592773,822100,0.0,0.0
2024-04-19 00:00:00-04:00,5.251931795304793,5.3683541277236015,5.251931795304793,5.342482566833496,1182600,0.0,0.0
2024-04-22 00:00:00-04:00,5.36835504787647,5.407162087449944,5.323079345938388,5.374823093414307,958000,0.0,0.0
2024-04-23 00:00:00-04:00,5.400693566308365,5.581794486948013,5.3618859177579745,5.575326442718506,1142600,0.0,0.0
2024-04-24 00:00:00-04:00,5.562392172391413,5.5882637380702525,5.5171164698333595,5.581795692443848,706500,0.0,0.0
2024-04-25 00:00:00-04:00,5.530051411490563,5.542986883227545,5.4071610374426315,5.426565170288086,1115400,0.0,0.0
2024-04-26 00:00:00-04:00,5.5171156832937704,5.6723456720634475,5.413629435331781,5.640006065368652,2125600,0.0,0.0
2024-04-29 00:00:00-04:00,5.640006539452488,5.692471664201789,5.535075664520264,5.535075664520264,1592200,0.12,0.0
2024-04-30 00:00:00-04:00,5.515400083086488,5.535074343814662,5.443260710127539,5.462934970855713,1189700,0.0,0.0
2024-05-01 00:00:00-04:00,5.462935887290111,5.626889546873688,5.462935887290111,5.52195930480957,1561500,0.0,0.0
2024-05-02 00:00:00-04:00,5.594099044799805,5.600657341703312,5.476052827704768,5.594099044799805,786600,0.0,0.0
2024-05-03 00:00:00-04:00,5.672796494506763,5.731819913306913,5.574424546795571,5.607215404510498,1522800,0.0,0.0
2024-05-06 00:00:00-04:00,5.6072150000475345,5.640005855397172,5.548191585504895,5.56786584854126,2413700,0.0,0.0
2024-05-07 00:00:00-04:00,5.613772706124342,5.65967952352831,5.567865263286895,5.587540149688721,1928300,0.0,0.0
2024-05-08 00:00:00-04:00,5.561308074043511,5.646564055776288,5.535075512389858,5.613773822784424,1641800,0.0,0.0
2024-05-09 00:00:00-04:00,5.613773262020938,5.633447524937503,5.574424110754268,5.626889228820801,1687900,0.0,0.0
2024-05-10 00:00:00-04:00,5.640006497690735,5.653122466064132,5.574424779522902,5.594099044799805,1518300,0.0,0.0
2024-05-13 00:00:00-04:00,5.653121787854068,5.653121787854068,5.5809824068709695,5.626889228820801,3422600,0.0,0.0
2024-05-14 00:00:00-04:00,5.692470939120739,5.699028609803899,5.613773262020938,5.626889228820801,1479400,0.0,0.0
2024-05-15 00:00:00-04:00,5.705587635457642,5.712145932412911,5.600657385907814,5.6400065422058105,3001400,0.0,0.0
2024-05-16 00:00:00-04:00,5.633447843120875,5.738378085180518,5.633447843120875,5.679354667663574,1988900,0.0,0.0
2024-05-17 00:00:00-04:00,5.699028614126126,5.725261173179288,5.659680088263155,5.705586910247803,1261100,0.0,0.0
2024-05-20 00:00:00-04:00,5.705588152167491,5.712146449716694,5.653123022641227,5.65968132019043,1917500,0.0,0.0
2024-05-21 00:00:00-04:00,5.666238700122908,5.679354667663574,5.633447843120875,5.679354667663574,1010200,0.0,0.0
2024-05-22 00:00:00-04:00,5.6531219482421875,5.685912804322485,5.633447684767432,5.6531219482421875,833400,0.0,0.0
2024-05-23 00:00:00-04:00,5.653121493818234,5.666238085369405,5.508842113922901,5.515400409698486,1281800,0.0,0.0
2024-05-24 00:00:00-04:00,5.567866638392545,5.62689006130818,5.528518106737877,5.620331764221191,1044300,0.0,0.0
2024-05-28 00:00:00-04:00,5.646563810780237,5.672796371295699,5.57442442572111,5.600656986236572,2473100,0.0,0.0
2024-05-29 00:00:00-04:00,5.567866092201831,5.587540981532751,5.482610114735223,5.580982685089111,1158800,0.0,0.0
2024-05-30 00:00:00-04:00,5.620330376158138,5.646562932593759,5.5744235587541695,5.587540149688721,2184900,0.0,0.0
2024-05-31 00:00:00-04:00,5.627451147883061,5.654058456420898,5.594191853618695,5.654058456420898,1059600,0.12,0.0
2024-06-03 00:00:00-04:00,5.654059518714595,5.674014845275144,5.607496878617185,5.647407531738281,1442400,0.0,0.0
2024-06-04 00:00:00-04:00,5.634104530405265,5.66736383291521,5.594193240519645,5.607497215270996,1170600,0.0,0.0
2024-06-05 00:00:00-04:00,5.647407182670398,5.727229118347168,5.6074965320161905,5.727229118347168,1923700,0.0,0.0
2024-06-06 00:00:00-04:00,5.700621472473646,5.727228782807065,5.620799541473389,5.620799541473389,1224500,0.0,0.0
2024-06-07 00:00:00-04:00,5.594192613155563,5.620799925305939,5.567585301005187,5.587540626525879,919700,0.0,0.0
2024-06-10 00:00:00-04:00,5.5675850994870615,5.594192410674388,5.514370477112406,5.5609331130981445,866600,0.0,0.0
2024-06-11 00:00:00-04:00,5.547629752544498,5.554281738906862,5.461155832938773,5.474459171295166,1125400,0.0,0.0
2024-06-12 00:00:00-04:00,5.60749675490118,5.620800094191908,5.461156216492894,5.567585468292236,2171300,0.0,0.0
2024-06-13 00:00:00-04:00,5.580887734890354,5.640753694939624,5.554280430079061,5.6341023445129395,977100,0.0,0.0
2024-06-14 00:00:00-04:00,5.5875402449645355,5.6474068518068075,5.5875402449645355,5.620799541473389,843700,0.0,0.0
2024-06-17 00:00:00-04:00,5.594192218744673,5.667362797775685,5.587540232583978,5.66071081161499,1141500,0.0,0.0
2024-06-18 00:00:00-04:00,5.660710236046592,5.6806655581313485,5.6207989575088275,5.627450942993164,1054200,0.0,0.0
2024-06-20 00:00:00-04:00,5.627451147883061,5.680665764958737,5.574236530807385,5.654058456420898,1231100,0.0,0.0
2024-06-21 00:00:00-04:00,5.640754865631373,5.654058837982242,5.607496203490838,5.620799541473389,1702800,0.0,0.0
2024-06-24 00:00:00-04:00,5.647408117885233,5.680667421850406,5.614148813920059,5.640756130218506,2933200,0.0,0.0
2024-06-25 00:00:00-04:00,5.647407609526684,5.654059596594623,5.594192981719971,5.594192981719971,1044300,0.0,0.0
2024-06-26 00:00:00-04:00,5.594191070111907,5.6341023445129395,5.5875390853170375,5.6341023445129395,1432900,0.0,0.0
2024-06-27 00:00:00-04:00,5.654059224086,5.660711210715684,5.534326002225127,5.587540626525879,1620700,0.0,0.0
2024-06-28 00:00:00-04:00,5.655024183232136,5.655024183232136,5.5875415379074385,5.628031253814697,1954800,0.12,0.0
2024-07-01 00:00:00-04:00,5.641526088406834,5.648274480086713,5.520058255979262,5.60103702545166,2468800,0.0,0.0
2024-07-02 00:00:00-04:00,5.580792087000623,5.668518598193485,5.580792087000623,5.621281147003174,2888300,0.0,0.0
2024-07-03 00:00:00-04:00,5.634777929378695,5.66177085056773,5.6077850081896585,5.621281147003174,835400,0.0,0.0
2024-07-05 00:00:00-04:00,5.621280861548194,5.628029252393263,5.567295021911585,5.614532470703125,1180100,0.0,0.0
2024-07-08 00:00:00-04:00,5.6212819436846955,5.641526476555146,5.574044485799611,5.587540626525879,1822700,0.0,0.0
2024-07-09 00:00:00-04:00,5.58754062652588,5.58754062652588,5.567296093655428,5.587540626525879,619500,0.0,0.0
2024-07-10 00:00:00-04:00,5.58079104982954,5.749496936798096,5.58079104982954,5.749496936798096,2140000,0.0,0.0
2024-07-11 00:00:00-04:00,5.762994923447438,5.816980773125842,5.729253606507911,5.796736240386963,2945800,0.0,0.0
2024-07-12 00:00:00-04:00,5.8372258111737665,5.897960058210054,5.830478062051405,5.857470989227295,3589700,0.0,0.0
2024-07-15 00:00:00-04:00,5.8709656031038095,5.904706914182966,5.796735233579251,5.843972682952881,4686700,0.0,0.0
2024-07-16 00:00:00-04:00,5.870965590911671,5.958692742110502,5.864217199997458,5.951944351196289,2615400,0.0,0.0
2024-07-17 00:00:00-04:00,5.911455154418945,5.999182303563656,5.897958372906545,5.911455154418945,2494400,0.0,0.0
2024-07-18 00:00:00-04:00,5.904708136198032,5.945197846585005,5.77649189983649,5.789988040924072,1929000,0.0,0.0
2024-07-19 00:00:00-04:00,5.783239333107027,5.810232257371764,5.7022605603128165,5.72250509262085,1500800,0.0,0.0
2024-07-22 00:00:00-04:00,5.742749567889418,5.7832386275659164,5.7292527856225846,5.769742488861084,1646600,0.0,0.0
2024-07-23 00:00:00-04:00,5.769743315547761,5.823729165226165,5.749498782808883,5.796736240386963,1447600,0.0,0.0
2024-07-24 00:00:00-04:00,5.769742956076336,5.7899874875539235,5.60103702545166,5.60103702545166,2833200,0.0,0.0
2024-07-25 00:00:00-04:00,5.6280305565840765,5.675268016322014,5.567296312028374,5.574044704437256,2397000,0.0,0.0
2024-07-26 00:00:00-04:00,5.594289626335354,5.628030947159234,5.486317914548672,5.560548305511475,2928800,0.0,0.0
2024-07-29 00:00:00-04:00,5.601038481165681,5.628031411338629,5.493066760473886,5.499814510345459,2884100,0.0,0.0
2024-07-30 00:00:00-04:00,5.520059082232021,5.5403036167398465,5.493066155034203,5.526806831359863,2182700,0.0,0.0
2024-07-31 00:00:00-04:00,5.554201226319123,5.574747447972746,5.499412608173158,5.506261348724365,2847300,0.12,0.0
2024-08-01 00:00:00-04:00,5.52680691724614,5.554201226319123,5.444623990027191,5.506261348724365,2706700,0.0,0.0
2024-08-02 00:00:00-04:00,5.444622502928158,5.533654146380949,5.410379789222661,5.499411106109619,2076600,0.0,0.0
2024-08-05 00:00:00-04:00,5.293955757095451,5.341895965484847,5.109043991259142,5.246015548706055,3472800,0.0,0.0
2024-08-06 00:00:00-04:00,5.287106591491291,5.50626139237856,5.252863868161544,5.424078464508057,2713800,0.0,0.0
2024-08-07 00:00:00-04:00,5.492563996456802,5.56789817593346,5.437775056974833,5.4446234703063965,1695000,0.0,0.0
2024-08-08 00:00:00-04:00,5.478866553343089,5.533655166625977,5.451472246701645,5.533655166625977,1133300,0.0,0.0
2024-08-09 00:00:00-04:00,5.547352718761755,5.547352718761755,5.48571536473279,5.540503978729248,1217400,0.0,0.0
2024-08-12 00:00:00-04:00,5.540503869475422,5.540503869475422,5.424077903745814,5.4446234703063965,1216300,0.0,0.0
2024-08-13 00:00:00-04:00,5.4651689577848686,5.48571484938634,5.437774653360152,5.45147180557251,965100,0.0,0.0
2024-08-14 00:00:00-04:00,5.492563588775453,5.49941167503283,5.437774653360152,5.45147180557251,1209400,0.0,0.0
2024-08-15 00:00:00-04:00,5.506261015819475,5.540504063373354,5.472017968265597,5.51995849609375,1098300,0.0,0.0
2024-08-16 00:00:00-04:00,5.5131096595921925,5.574747013485445,5.506260919574766,5.567898273468018,802300,0.0,0.0
2024-08-19 00:00:00-04:00,5.581595147652532,5.636383761992469,5.581595147652532,5.629535675048828,1284900,0.0,0.0
2024-08-20 00:00:00-04:00,5.63638321179045,5.63638321179045,5.602140821019452,5.622686386108398,898800,0.0,0.0
2024-08-21 00:00:00-04:00,5.63638354485363,5.63638354485363,5.581594932624397,5.608989238739014,1007100,0.0,0.0
2024-08-22 00:00:00-04:00,5.622686729821806,5.622686729821806,5.574746857306466,5.581594944000244,851700,0.0,0.0
2024-08-23 00:00:00-04:00,5.615838584898015,5.6774759435938895,5.595293016376672,5.650081634521484,1532000,0.0,0.0
2024-08-26 00:00:00-04:00,5.6843236327844915,5.766506544801333,5.6843236327844915,5.6980204582214355,2642800,0.0,0.0
2024-08-27 00:00:00-04:00,5.698021019166997,5.7117184990841245,5.656929885679195,5.677475452423096,1745200,0.0,0.0
2024-08-28 00:00:00-04:00,5.677475857604317,5.698021425814481,5.643232808499484,5.670627117156982,2129800,0.0,0.0
2024-08-29 00:00:00-04:00,5.684324598051651,5.71171890670915,5.663779029841486,5.670627117156982,1770700,0.0,0.0
2024-08-30 00:00:00-04:00,5.691473929589957,5.705372841650277,5.6289308135283305,5.698423385620117,1744300,0.12,0.0
2024-09-03 00:00:00-04:00,5.663677660032532,5.698424282918077,5.642829951395887,5.670627117156982,1481800,0.0,0.0
2024-09-04 00:00:00-04:00,5.677577084749033,5.726221963520404,5.656729374237984,5.663678169250488,1637400,0.0,0.0
2024-09-05 00:00:00-04:00,5.670627626999761,5.698424795260082,5.656729374237984,5.663678169250488,1129100,0.0,0.0
2024-09-06 00:00:00-04:00,5.663677660032532,5.691474825793626,5.635880494271437,5.670627117156982,1607000,0.0,0.0
2024-09-09 00:00:00-04:00,5.670626101211189,5.705372717871553,5.663676645331798,5.684525012969971,1302300,0.0,0.0
2024-09-10 00:00:00-04:00,5.705372873013188,5.733170034550027,5.670626255407988,5.691473960876465,1475500,0.0,0.0
2024-09-11 00:00:00-04:00,5.670627084815819,5.684525998985451,5.615032753610699,5.677576541900635,1477800,0.0,0.0
2024-09-12 00:00:00-04:00,5.705373287200928,5.712322743773793,5.663677210500394,5.705373287200928,1902800,0.0,0.0
2024-09-13 00:00:00-04:00,5.719270799583617,5.802662942223592,5.705372550968001,5.7818145751953125,2996500,0.0,0.0
2024-09-16 00:00:00-04:00,5.788763999938965,5.795713455577924,5.733169680300432,5.788763999938965,2231600,0.0,0.0
2024-09-17 00:00:00-04:00,5.802663744775492,5.823511451950595,5.767917124325879,5.774866580963135,2289100,0.0,0.0
2024-09-18 00:00:00-04:00,5.8026652336120605,5.830462404556563,5.740121433302724,5.8026652336120605,2949700,0.0,0.0
2024-09-19 00:00:00-04:00,5.837408864466741,5.87215547992811,5.781814544823177,5.830460071563721,2722000,0.0,0.0
2024-09-20 00:00:00-04:00,5.795715775191727,5.844360658660397,5.788766316771394,5.8026652336120605,7007500,0.0,0.0
2024-09-23 00:00:00-04:00,5.837409752964938,5.837409752964938,5.503843784332275,5.503843784332275,6504500,0.0,0.0
2024-09-24 00:00:00-04:00,5.524691340275126,5.663677156729619,5.517742215136564,5.635879993438721,2923800,0.0,0.0
2024-09-25 00:00:00-04:00,5.66367745601945,5.66367745601945,5.594184875488281,5.594184875488281,1368100,0.0,0.0
2024-09-26 00:00:00-04:00,5.628930691408025,5.7192709668937445,5.621981235528635,5.684525012969971,2181500,0.0,0.0
2024-09-27 00:00:00-04:00,5.719271596050627,5.74706942262613,5.691474432211786,5.733170509338379,2082000,0.0,0.0
2024-09-30 00:00:00-04:00,5.740222154687749,5.810740447891284,5.733170123611786,5.796637058258057,2513800,0.12,0.0
2024-10-01 00:00:00-04:00,5.775481508964006,5.7825335407041285,5.62739254127463,5.634444236755371,2109300,0.0,0.0
2024-10-02 00:00:00-04:00,5.641496483772079,5.683808003308637,5.627392756013025,5.655600547790527,1392700,0.0,0.0
2024-10-03 00:00:00-04:00,5.6555998397182075,5.6626511983258245,5.570977147499116,5.592132568359375,1725400,0.0,0.0
2024-10-04 00:00:00-04:00,5.606236432755873,5.63444388543882,5.486354926983027,5.521614074707031,2343200,0.0,0.0
2024-10-07 00:00:00-04:00,5.535718751878381,5.542770784390074,5.40878519300267,5.47930383682251,2353500,0.0,0.0
2024-10-08 00:00:00-04:00,5.472251200641553,5.521614074707031,5.451095442999662,5.521614074707031,1246600,0.0,0.0
2024-10-09 00:00:00-04:00,5.5357184410095215,5.57802962492536,5.500459289209356,5.5357184410095215,1254600,0.0,0.0
2024-10-10 00:00:00-04:00,5.514562930242992,5.5427703857421875,5.486355474743797,5.5427703857421875,1244100,0.0,0.0
2024-10-11 00:00:00-04:00,5.549820234323701,5.549820234323701,5.479301619046638,5.493405342102051,1089300,0.0,0.0
2024-10-14 00:00:00-04:00,5.493407170488899,5.563925809236887,5.479303442739301,5.5427703857421875,930800,0.0,0.0
2024-10-15 00:00:00-04:00,5.535718361974289,5.641496488383356,5.535718361974289,5.585081577301025,2063700,0.0,0.0
2024-10-16 00:00:00-04:00,5.599183993206589,5.669702615537289,5.592131962843862,5.6626505851745605,1665700,0.0,0.0
2024-10-17 00:00:00-04:00,5.676755818065167,5.6979112410029975,5.627392604111255,5.683807849884033,1704000,0.0,0.0
2024-10-18 00:00:00-04:00,5.6838070985513935,5.7543253898620605,5.6838070985513935,5.7543253898620605,1742300,0.0,0.0
2024-10-21 00:00:00-04:00,5.775481508964006,5.775481508964006,5.606236782313644,5.634444236755371,2751400,0.0,0.0
2024-10-22 00:00:00-04:00,5.613289024490175,5.627392752239773,5.5427703857421875,5.5427703857421875,2199400,0.0,0.0
2024-10-23 00:00:00-04:00,5.542769896863087,5.549821591986221,5.458147201569933,5.500458717346191,2421200,0.0,0.0
2024-10-24 00:00:00-04:00,5.514562617520967,5.570977525320159,5.50045889057117,5.556873798370361,1788300,0.0,0.0
2024-10-25 00:00:00-04:00,5.613289120676237,5.6908594564985275,5.563925904577088,5.578029632568359,2375900,0.0,0.0
2024-10-28 00:00:00-04:00,5.59918408710143,5.6132878118040805,5.451094809593938,5.507509708404541,2511900,0.0,0.0
2024-10-29 00:00:00-04:00,5.472250191146426,5.585079981063903,5.373523788709335,5.570976257324219,2851000,0.0,0.0
2024-10-30 00:00:00-04:00,5.58508156899098,5.592133264736082,5.535718353737692,5.5427703857421875,2284900,0.0,0.0
2024-10-31 00:00:00-04:00,5.506963902327095,5.542769704344328,5.413868202431445,5.421029567718506,2316500,0.12,0.0
2024-11-01 00:00:00-04:00,5.449674792483111,5.456835816884276,5.349417719085053,5.385223865509033,2427600,0.0,0.0
2024-11-04 00:00:00-05:00,5.406707621657966,5.435352402208063,5.342256694683888,5.385223865509033,1577400,0.0,0.0
2024-11-05 00:00:00-05:00,5.406708383121057,5.449675559997559,5.356579839362087,5.449675559997559,1390900,0.0,0.0
2024-11-06 00:00:00-05:00,5.542769593988002,5.5785757367650275,5.306450007783152,5.435351848602295,2704800,0.0,0.0
2024-11-07 00:00:00-05:00,5.4568355711249605,5.564253664086399,5.4568355711249605,5.542769908905029,1593800,0.0,0.0
2024-11-08 00:00:00-05:00,5.54993160310365,5.700316873860404,5.54993160310365,5.664510726928711,2209600,0.0,0.0
2024-11-11 00:00:00-05:00,5.707477637440836,5.714639003088876,5.60722090867723,5.635865688323975,1621200,0.0,0.0
2024-11-12 00:00:00-05:00,5.60722094327215,5.60722094327215,5.485480458286029,5.52844762802124,1976700,0.0,0.0
2024-11-13 00:00:00-05:00,5.55709172410949,5.643026047726198,5.549930359738441,5.578575134277344,1417200,0.0,0.0
2024-11-14 00:00:00-05:00,5.6072213409732825,5.614382707173438,5.542770411062825,5.557093143463135,1134400,0.0,0.0
2024-11-15 00:00:00-05:00,5.578575503780181,5.600059256843681,5.514124586062351,5.592897891998291,1145800,0.0,0.0
2024-11-18 00:00:00-05:00,5.5642531528946675,5.65734884767333,5.5427693996870255,5.628704071044922,1303800,0.0,0.0
2024-11-19 00:00:00-05:00,5.592898627238336,5.643027163327931,5.592898627238336,5.6215434074401855,1083400,0.0,0.0
2024-11-20 00:00:00-05:00,5.592897667881763,5.607220055525951,5.535608117305009,5.6000590324401855,1159800,0.0,0.0
2024-11-21 00:00:00-05:00,5.60722090867723,5.650188078147346,5.585737494678526,5.635865688323975,1280200,0.0,0.0
2024-11-22 00:00:00-05:00,5.650187268191043,5.685993408353006,5.643026245042247,5.6573486328125,1317500,0.0,0.0
2024-11-25 00:00:00-05:00,5.6931549199744556,5.728961063208585,5.671671507212129,5.678832530975342,2018400,0.0,0.0
2024-11-26 00:00:00-05:00,5.664510241907197,5.693155020410765,5.600059661010518,5.643026828765869,2354900,0.0,0.0
2024-11-27 00:00:00-05:00,5.685994735320501,5.736123274951451,5.664510977915025,5.671672344207764,2032300,0.0,0.0
2024-11-29 00:00:00-05:00,5.70802734040555,5.70802734040555,5.642585223710791,5.664399147033691,1448200,0.12,0.0
2024-12-02 00:00:00-05:00,5.657129867393278,5.737114742253222,5.584415840464345,5.708029270172119,2080900,0.0,0.0
2024-12-03 00:00:00-05:00,5.715300550335373,5.737114480036096,5.642586873456024,5.671672344207764,1299900,0.0,0.0
2024-12-04 00:00:00-05:00,5.671671066144198,5.708027723028123,5.642585601946624,5.65712833404541,1685200,0.0,0.0
2024-12-05 00:00:00-05:00,5.6716719633594455,5.708028625994718,5.657129228960109,5.678943157196045,1063900,0.0,0.0
2024-12-06 00:00:00-05:00,5.708028178897531,5.788013385191887,5.700756985630468,5.766199111938477,2052000,0.0,0.0
2024-12-09 00:00:00-05:00,5.751656298835523,5.8316418507456556,5.751656298835523,5.802556037902832,1506500,0.0,0.0
2024-12-10 00:00:00-05:00,5.802555862080251,5.9188980697479545,5.795284322408353,5.831641674041748,1984200,0.0,0.0
2024-12-11 00:00:00-05:00,5.860727787017822,5.875270174516685,5.8170992376166994,5.860727787017822,1230500,0.0,0.0
2024-12-12 00:00:00-05:00,5.86799863404112,5.918898723917808,5.853456246542257,5.860727787017822,1525900,0.0,0.0
2024-12-13 00:00:00-05:00,5.846184730529785,5.882541739607477,5.8243708024640775,5.846184730529785,1353300,0.0,0.0
2024-12-16 00:00:00-05:00,5.860727503037329,5.969797831076752,5.846184422790881,5.875269889831543,2594500,0.0,0.0
2024-12-17 00:00:00-05:00,5.867999224152495,5.8970846955274485,5.802557086921934,5.809828281402588,2138300,0.0,0.0
2024-12-18 00:00:00-05:00,5.8170996364345005,5.8534566478526795,5.671672284214101,5.693486213684082,2497200,0.0,0.0
2024-12-19 00:00:00-05:00,5.737113206843451,5.795284135437511,5.6934850103979056,5.700756549835205,2090300,0.0,0.0
2024-12-20 00:00:00-05:00,5.671671519109995,5.86072739821918,5.649857245856585,5.766199111938477,7675700,0.0,0.0
2024-12-23 00:00:00-05:00,5.7952854215395755,5.7952854215395755,5.635315332405009,5.671672344207764,2348800,0.0,0.0
2024-12-24 00:00:00-05:00,5.693485429709576,5.737113629368234,5.671671503243302,5.722570896148682,773600,0.0,0.0
2024-12-26 00:00:00-05:00,5.722572006212671,5.758929019677137,5.708029270172119,5.708029270172119,1779200,0.0,0.0
2024-12-27 00:00:00-05:00,5.708028388755857,5.758928130401093,5.686214461426559,5.729842662811279,1902500,0.0,0.0
2024-12-30 00:00:00-05:00,5.744385635356128,5.744385635356128,5.649857688397372,5.678943157196045,3828800,0.0,0.0
2024-12-31 00:00:00-05:00,5.701096797267619,5.782330142594226,5.678942472629133,5.745406150817871,2010800,0.12,0.0
2025-01-02 00:00:00-05:00,5.797100905022755,5.856179584736424,5.752791895237503,5.811870574951172,2869800,0.0,0.0
2025-01-03 00:00:00-05:00,5.819254293141981,5.930026616926887,5.819254293141981,5.856178283691406,2279500,0.0,0.0
2025-01-06 00:00:00-05:00,5.8635638795561755,5.878333547680532,5.8192548751831055,5.8192548751831055,2154400,0.0,0.0
2025-01-07 00:00:00-05:00,5.834025372439905,5.878334383110177,5.76756168036614,5.797101020812988,1931100,0.0,0.0
2025-01-08 00:00:00-05:00,5.760175824516121,5.79709981633453,5.708481813406379,5.7675604820251465,1403900,0.0,0.0
2025-01-10 00:00:00-05:00,5.760176165753071,5.774945833782729,5.664173147491965,5.723251819610596,2615900,0.0,0.0
2025-01-13 00:00:00-05:00,5.693712445799189,5.701097103696723,5.5164760784818,5.627248764038086,4067900,0.0,0.0
2025-01-14 00:00:00-05:00,5.6715576761800675,5.71586667925921,5.649403350708823,5.701097011566162,1535100,0.0,0.0
2025-01-15 00:00:00-05:00,5.797100061532166,5.856178732649761,5.745406400372599,5.7749457359313965,2201600,0.0,0.0
2025-01-16 00:00:00-05:00,5.782329950455925,5.878332959730366,5.782329950455925,5.856178283691406,2339100,0.0,0.0
2025-01-17 00:00:00-05:00,5.885718716642908,5.937412735634304,5.863564388601379,5.915258407592773,2742500,0.0,0.0
2025-01-21 00:00:00-05:00,5.937411545296473,5.989105201787581,5.870947870223192,5.922642230987549,2572200,0.0,0.0
2025-01-22 00:00:00-05:00,5.915258030127504,5.922643040427891,5.856179004134428,5.8635640144348145,2619200,0.0,0.0
2025-01-23 00:00:00-05:00,5.834024809692778,5.915258164154238,5.834024809692778,5.907873153686523,1409000,0.0,0.0
2025-01-24 00:00:00-05:00,5.91525730241642,5.95956595022108,5.848793626436173,5.856178283691406,2595300,0.0,0.0
2025-01-27 00:00:00-05:00,5.885718090678205,5.930027094185558,5.8044850936497205,5.834024429321289,3666100,0.0,0.0
2025-01-28 00:00:00-05:00,5.8340242093967065,5.893102878512761,5.826639199688877,5.885717868804932,2312700,0.0,0.0
2025-01-29 00:00:00-05:00,5.893103215804889,5.944797230308469,5.804485207058749,5.8192548751831055,3672000,0.0,0.0
2025-01-30 00:00:00-05:00,5.863563679829267,5.959566343299174,5.841409002329041,5.930027008056641,4427500,0.0,0.0
2025-01-31 00:00:00-05:00,5.937524720812284,6.282380979873118,5.907537251109502,6.259890556335449,8971000,0.12,0.0
2025-02-03 00:00:00-05:00,5.990002824103474,6.252393729422306,5.94502161797195,6.184921741485596,5056100,0.0,0.0
2025-02-04 00:00:00-05:00,6.192418177743273,6.214908599853516,6.109952105076339,6.214908599853516,2634800,0.0,0.0
2025-02-05 00:00:00-05:00,6.207412294163044,6.259890905286533,6.162431444580297,6.222406387329102,2319200,0.0,0.0
2025-02-06 00:00:00-05:00,6.222406651066737,6.2448970768113705,6.192419178421311,6.229903697967529,1810500,0.0,0.0
2025-02-07 00:00:00-05:00,6.207411289215088,6.229902425322976,6.147436356175916,6.207411289215088,1567300,0.0,0.0
2025-02-10 00:00:00-05:00,6.199915091793162,6.244895935058594,6.184921000732944,6.244895935058594,1641700,0.0,0.0
2025-02-11 00:00:00-05:00,6.207412158973361,6.25239372253418,6.199915827511306,6.25239372253418,1241000,0.0,0.0
2025-02-12 00:00:00-05:00,6.184921524599656,6.267386887542889,6.184921524599656,6.259890556335449,1689300,0.0,0.0
2025-02-13 00:00:00-05:00,6.297372085159876,6.432316007613595,6.282378713196915,6.417322635650635,2680000,0.0,0.0
2025-02-14 00:00:00-05:00,6.424820950763996,6.574759006500244,6.417324619943293,6.574759006500244,2734800,0.0,0.0
2025-02-18 00:00:00-05:00,6.5597662925720215,6.597250814378277,6.492294296312321,6.5597662925720215,3959800,0.0,0.0
2025-02-19 00:00:00-05:00,6.574758769177806,6.657224124889964,6.552267632654627,6.642230033874512,3103300,0.0,0.0
2025-02-20 00:00:00-05:00,6.642230775005861,6.702205715844375,6.61974035093084,6.649727821350098,2955700,0.0,0.0
2025-02-21 00:00:00-05:00,6.7022048894012505,6.754683492382127,6.642229955958193,6.687211513519287,2984800,0.0,0.0
2025-02-24 00:00:00-05:00,6.664721836272402,6.724696776411109,6.492293347155357,6.627237319946289,3346500,0.0,0.0
2025-02-25 00:00:00-05:00,6.627236710142609,6.664721223019592,6.582255151698705,6.589752197265625,3464000,0.0,0.0
2025-02-26 00:00:00-05:00,6.612242963350522,6.649727478179564,6.58225549447882,6.619740009307861,4015800,0.0,0.0
2025-02-27 00:00:00-05:00,6.62723630708918,6.657223772575474,6.4922923549220695,6.544770240783691,4909500,0.0,0.0
2025-02-28 00:00:00-05:00,6.5371710562267005,6.628387305509388,6.491562569124202,6.49916410446167,5043200,0.12,0.0
2025-03-03 00:00:00-05:00,6.506764835856784,6.567575661198437,6.385142460251259,6.407947063446045,4585700,0.0,0.0
2025-03-04 00:00:00-05:00,6.309130263828645,6.385143444764935,6.233116357970023,6.293927192687988,3940400,0.0,0.0
2025-03-05 00:00:00-05:00,6.263520771133856,6.377541611641466,6.255919236782239,6.362338542938232,2435200,0.0,0.0
2025-03-06 00:00:00-05:00,6.331932842356904,6.347135910368413,6.271122020155234,6.316730499267578,2957600,0.0,0.0
2025-03-07 00:00:00-05:00,6.331932807277271,6.461155984970453,6.324331273313629,6.438352108001709,3088100,0.0,0.0
2025-03-10 00:00:00-04:00,6.415549072182674,6.506766052168591,6.301528934583811,6.354738235473633,4074800,0.0,0.0
2025-03-11 00:00:00-04:00,6.3547378076298795,6.385143223937303,6.096292131477936,6.179906845092773,4355600,0.0,0.0
2025-03-12 00:00:00-04:00,6.240716550832531,6.248318084767368,6.134297250511341,6.217912673950195,3919400,0.0,0.0
2025-03-13 00:00:00-04:00,6.233115290695304,6.286325305654305,6.1799060006585105,6.210311412811279,2448900,0.0,0.0
2025-03-14 00:00:00-04:00,6.240716609054399,6.32433130835115,6.217912731959318,6.316730499267578,1949000,0.0,0.0
2025-03-17 00:00:00-04:00,6.339534664805596,6.385142421070868,6.324331596102362,6.362338542938232,1957900,0.0,0.0
2025-03-18 00:00:00-04:00,6.369940007784549,6.415547763552174,6.316730717748251,6.377541542053223,1888600,0.0,0.0
2025-03-19 00:00:00-04:00,6.3851427920912815,6.415548206342296,6.309129618924872,6.331933498382568,2601300,0.0,0.0
2025-03-20 00:00:00-04:00,6.347135454480578,6.392743205394928,6.217912285353036,6.255918502807617,2815200,0.0,0.0
2025-03-21 00:00:00-04:00,6.233116352314986,6.278724840773246,6.217914006110453,6.240717887878418,3211400,0.0,0.0
2025-03-24 00:00:00-04:00,6.293926430232493,6.30152796488196,6.233115602881242,6.248318672180176,2130900,0.0,0.0
2025-03-25 00:00:00-04:00,6.271122816141558,6.271122816141558,6.157102691271531,6.1875081062316895,2191800,0.0,0.0
2025-03-26 00:00:00-04:00,6.195109338657983,6.210312409635734,6.020278371947792,6.065886497497559,3166900,0.0,0.0
2025-03-27 00:00:00-04:00,6.088690244695996,6.134298004063233,6.027879053130371,6.043081760406494,2674400,0.0,0.0
2025-03-28 00:00:00-04:00,6.058283478204545,6.073486182997663,5.784634791928403,5.822641372680664,6025800,0.0,0.0
2025-03-31 00:00:00-04:00,5.784029447265559,5.861253101315463,5.683639359814095,5.807196617126465,4034600,0.12,0.0
2025-04-01 00:00:00-04:00,5.799475135576717,5.822641939856065,5.699084668420302,5.760863304138184,3956400,0.0,0.0
2025-04-02 00:00:00-04:00,5.722251011258191,5.745418181899057,5.575526579145201,5.583249092102051,4873200,0.0,0.0
2025-04-03 00:00:00-04:00,5.475136803607402,5.560082241646348,5.413358169313731,5.529192924499512,4518900,0.0,0.0
2025-04-04 00:00:00-04:00,5.451969877153689,5.459692390903023,5.096742345738233,5.127631664276123,6374600,0.0,0.0
2025-04-07 00:00:00-04:00,4.695180618291695,5.212577232098195,4.695180618291695,4.803293228149414,8187700,0.0,0.0
2025-04-08 00:00:00-04:00,4.988629551567082,5.073575358608236,4.710625326487666,4.764681816101074,6975000,0.0,0.0
2025-04-09 00:00:00-04:00,4.6951804697111195,5.011796144104168,4.394009453380423,4.988629341125488,12635700,0.0,0.0
2025-04-10 00:00:00-04:00,4.919128795581617,4.926851309669344,4.556179102742472,4.672014236450195,8169700,0.0,0.0
2025-04-11 00:00:00-04:00,4.6720132020506595,4.756958628830011,4.517566268558855,4.733791828155518,4424100,0.0,0.0
2025-04-14 00:00:00-04:00,4.834182459328778,4.934572546364836,4.780125975363461,4.865071773529053,4258100,0.0,0.0
2025-04-15 00:00:00-04:00,4.849627541936012,4.988629468033301,4.8187378567958,4.903683662414551,2645200,0.0,0.0
2025-04-16 00:00:00-04:00,4.880517522530669,4.965462971471144,4.834183540864113,4.934573650360107,4394400,0.0,0.0
2025-04-17 00:00:00-04:00,4.942296081623617,5.089020538548024,4.911406761032136,5.058131217956543,3699800,0.0,0.0
2025-04-21 00:00:00-04:00,5.004074232408527,5.0272414046966345,4.849627644586852,4.996351718902588,3249300,0.0,0.0
2025-04-22 00:00:00-04:00,5.058130809645328,5.266633890921549,5.058130809645328,5.251189231872559,3227000,0.0,0.0
2025-04-23 00:00:00-04:00,5.413358480018292,5.421080625633368,5.274356176649663,5.320690155029297,3780700,0.0,0.0
2025-04-24 00:00:00-04:00,5.36702384793892,5.4056356786497295,5.297523068181053,5.351579189300537,3218900,0.0,0.0
2025-04-25 00:00:00-04:00,5.467414034253953,5.675917099349072,5.4288025737428205,5.621860980987549,5984800,0.0,0.0
2025-04-28 00:00:00-04:00,5.699084085512541,5.745418057561869,5.6064161414138844,5.668194770812988,4648200,0.0,0.0
2025-04-29 00:00:00-04:00,5.714529360555157,5.729974019574371,5.645028210853832,5.660472869873047,5413600,0.0,0.0
2025-04-30 00:00:00-04:00,5.613367557525635,5.684025075470888,5.527007952972158,5.613367557525635,4644500,0.12,0.0
2025-05-01 00:00:00-04:00,5.636919679000495,5.652621390526912,5.519157029731531,5.558411121368408,3428600,0.0,0.0
2025-05-02 00:00:00-04:00,5.58196411941864,5.644770968265026,5.456350047367518,5.495604515075684,4319900,0.0,0.0
2025-05-05 00:00:00-04:00,5.472052119791315,5.511306590083509,5.3935435535653,5.4642014503479,2635300,0.0,0.0
2025-05-06 00:00:00-04:00,5.4170963106122905,5.4877538330365185,5.3935435535653,5.4642014503479,2147500,0.0,0.0
2025-05-07 00:00:00-04:00,5.4799027589213445,5.621218167692521,5.464201046835658,5.597665786743164,2574700,0.0,0.0
2025-05-08 00:00:00-04:00,5.636919519833314,5.676173984720113,5.597665429304837,5.629068851470947,3542000,0.0,0.0
2025-05-09 00:00:00-04:00,5.636918960348578,5.691875130863831,5.605515541299371,5.621217250823975,2935700,0.0,0.0
2025-05-12 00:00:00-04:00,5.738980928283177,5.738980928283177,5.581963814737693,5.668323040008545,5015700,0.0,0.0
2025-05-13 00:00:00-04:00,5.668323654672976,5.707578124495206,5.6447712722663335,5.691876411437988,2375600,0.0,0.0
2025-05-14 00:00:00-04:00,5.6997281633462205,5.7389822636874674,5.629070258630195,5.636920928955078,4800500,0.0,0.0
2025-05-15 00:00:00-04:00,5.636919938721269,5.676174406525126,5.5976658452757615,5.613367557525635,3370900,0.0,0.0
2025-05-16 00:00:00-04:00,5.621217808750259,5.660472273637057,5.613367140387893,5.629068851470947,3423700,0.0,0.0
2025-05-19 00:00:00-04:00,5.55841235391417,5.6526226439632605,5.511307208889624,5.636920928955078,2844800,0.0,0.0
2025-05-20 00:00:00-04:00,5.613366583240815,5.668322379397784,5.589813831774768,5.621217250823975,2996200,0.0,0.0
2025-05-21 00:00:00-04:00,5.597666021745783,5.605516690939043,5.417096138000488,5.417096138000488,4213600,0.0,0.0
2025-05-22 00:00:00-04:00,5.401394345113896,5.448499482649626,5.260078558148354,5.409245014190674,4307600,0.0,0.0
2025-05-23 00:00:00-04:00,5.354288874273414,5.464200855014756,5.338587162738937,5.432797431945801,2689500,0.0,0.0
2025-05-27 00:00:00-04:00,5.495604515075684,5.53485898278385,5.432797666229297,5.495604515075684,4187100,0.0,0.0
2025-05-28 00:00:00-04:00,5.495604515075684,5.574113076133667,5.472051759579115,5.495604515075684,5290600,0.0,0.0
2025-05-29 00:00:00-04:00,5.527008533477783,5.5819647193036,5.503456149808425,5.527008533477783,4550000,0.0,0.0
2025-05-30 00:00:00-04:00,5.519020839973451,5.566942828672412,5.415190054884093,5.455124855041504,6667500,0.12,0.0
2025-06-02 00:00:00-04:00,5.423176979520458,5.46311216138914,5.391228986365562,5.399216175079346,3282100,0.0,0.0
2025-06-03 00:00:00-04:00,5.4072028462864745,5.5589560003620315,5.367267665427077,5.51103401184082,4046600,0.0,0.0
2025-06-04 00:00:00-04:00,5.511034108532425,5.566942905696375,5.479086115624421,5.54298210144043,2704300,0.0,0.0
2025-06-05 00:00:00-04:00,5.54298210144043,5.590904090802437,5.527008104986427,5.54298210144043,3437800,0.0,0.0
2025-06-06 00:00:00-04:00,5.54298210144043,5.6068780872564385,5.527008104986427,5.54298210144043,2647500,0.0,0.0
2025-06-09 00:00:00-04:00,5.590904117817709,5.678761289164306,5.57493012128652,5.614865303039551,3571400,0.0,0.0
2025-06-10 00:00:00-04:00,5.622851471932748,5.662786649147783,5.598890670283787,5.654799461364746,2312800,0.0,0.0
2025-06-11 00:00:00-04:00,5.6867477820347,5.718695773327584,5.590903808156049,5.60687780380249,3720300,0.0,0.0
2025-06-12 00:00:00-04:00,5.598890719732729,5.694734688875211,5.582916344025571,5.670773506164551,3387000,0.0,0.0
2025-06-13 00:00:00-04:00,5.614865041134304,5.686747831746623,5.606877852816212,5.622851848602295,2297100,0.0,0.0
2025-06-16 00:00:00-04:00,5.67077383596054,5.694735020064714,5.606877852816212,5.622851848602295,3076400,0.0,0.0
2025-06-17 00:00:00-04:00,5.622852083710441,5.6308392723625005,5.527008104986427,5.54298210144043,2793500,0.0,0.0
2025-06-18 00:00:00-04:00,5.534994986980509,5.646813344507477,5.519020990312388,5.6308393478393555,3435300,0.0,0.0
2025-06-20 00:00:00-04:00,5.654799840174459,5.686747831746623,5.614865041134304,5.622851848602295,6462500,0.0,0.0
2025-06-23 00:00:00-04:00,5.598891902217474,5.606878710907787,5.447138728599937,5.590904712677002,3974600,0.0,0.0
2025-06-24 00:00:00-04:00,5.6228514219908226,5.662786598851156,5.614864615128799,5.638825416564941,3201500,0.0,0.0
2025-06-25 00:00:00-04:00,5.638825578560117,5.6468127665016725,5.590903593461032,5.598890781402588,2590300,0.0,0.0
2025-06-26 00:00:00-04:00,5.614865446619962,5.670774245483734,5.606878257725064,5.662787437438965,3579600,0.0,0.0
2025-06-27 00:00:00-04:00,5.678761289164306,5.6947352856954945,5.590904117817709,5.614865303039551,9806900,0.0,0.0
2025-06-30 00:00:00-04:00,5.655493469690828,5.728624974352071,5.606739262404665,5.696122169494629,3822300,0.12,0.0
2025-07-01 00:00:00-04:00,5.679870812632136,5.769253726536604,5.655493900862571,5.720499515533447,4261200,0.0,0.0
2025-07-02 00:00:00-04:00,5.720499519734961,5.777379626345767,5.704248116055306,5.769253730773926,3405200,0.0,0.0
2025-07-03 00:00:00-04:00,5.769254094666018,5.858637014273906,5.761128586045693,5.826134204864502,2898200,0.0,0.0
2025-07-07 00:00:00-04:00,5.8017562207532825,5.866761831915828,5.761127907508694,5.7855048179626465,3080700,0.0,0.0
2025-07-08 00:00:00-04:00,5.7855054993707205,5.850511118189529,5.7855054993707205,5.826134204864502,2781000,0.0,0.0
2025-07-09 00:00:00-04:00,5.842384511049197,5.915516012201761,5.842384511049197,5.907390117645264,3326900,0.0,0.0
2025-07-10 00:00:00-04:00,5.858636970089255,5.899265675276623,5.769254051155475,5.850511074066162,5109800,0.0,0.0
2025-07-11 00:00:00-04:00,5.809883117675781,5.842385928861497,5.785505815554458,5.809883117675781,2405000,0.0,0.0
2025-07-14 00:00:00-04:00,5.785504493670296,5.809881790221844,5.712373378943622,5.753001689910889,2937900,0.0,0.0
2025-07-15 00:00:00-04:00,5.769254046622197,5.793631347208272,5.704248428344727,5.704248428344727,3365800,0.0,0.0
2025-07-16 00:00:00-04:00,5.720499206800101,5.7855048179626465,5.687996401218828,5.7855048179626465,4095500,0.0,0.0
2025-07-17 00:00:00-04:00,5.785504493670296,5.842384593981252,5.736750288031185,5.753001689910889,2956800,0.0,0.0
2025-07-18 00:00:00-04:00,5.793631187718313,5.826133995962295,5.720499675437336,5.736751079559326,3023900,0.0,0.0
2025-07-21 00:00:00-04:00,5.769253887803308,5.809882591840304,5.712374167108359,5.736751079559326,4313600,0.0,0.0
2025-07-22 00:00:00-04:00,5.744877138014292,5.858636970089255,5.728625733432155,5.850511074066162,3451600,0.0,0.0
2025-07-23 00:00:00-04:00,5.866762257295136,5.98052247254197,5.866762257295136,5.964271068572998,4621000,0.0,0.0
2025-07-24 00:00:00-04:00,5.931767463684082,5.9886471762015026,5.907390167273771,5.931767463684082,4231600,0.0,0.0
2025-07-25 00:00:00-04:00,5.9317685336156964,6.029276961916874,5.899265724181971,6.021151065826416,5467400,0.0,0.0
2025-07-28 00:00:00-04:00,6.0211504216355305,6.078030525791087,5.883013302589187,5.9561448097229,8199700,0.0,0.0
2025-07-29 00:00:00-04:00,5.931767779145184,5.980521987094651,5.883013183731714,5.915516376495361,7163400,0.0,0.0
2025-07-30 00:00:00-04:00,5.931768853354252,5.964271664539968,5.809883117675781,5.809883117675781,5938400,0.0,0.0
2025-07-31 00:00:00-04:00,5.8264116504205905,5.867733481298573,5.743767200508741,5.7520318031311035,6168300,0.12,0.0
2025-08-01 00:00:00-04:00,5.785089227896207,5.809882640838623,5.735502796089306,5.809882640838623,4793700,0.0,0.0
2025-08-04 00:00:00-04:00,5.809883109540688,5.942113605026553,5.80161850653384,5.92558479309082,3882600,0.0,0.0
2025-08-05 00:00:00-04:00,5.925583828273917,5.9503768451016805,5.859468591296015,5.884261608123779,4542200,0.0,0.0
2025-08-06 00:00:00-04:00,5.842941073680222,5.842941073680222,5.752032405700573,5.776825428009033,4280400,0.0,0.0
2025-08-07 00:00:00-04:00,5.809882973728898,5.851204805563311,5.793354162179542,5.8181471824646,3570400,0.0,0.0
2025-08-08 00:00:00-04:00,5.842939581210377,5.925583624592004,5.834674979833273,5.900790214538574,2593800,0.0,0.0
2025-08-11 00:00:00-04:00,5.917320051760735,5.933848863310091,5.801618370915244,5.8181471824646,2920000,0.0,0.0
2025-08-12 00:00:00-04:00,5.834674979833273,5.909054815915679,5.834674979833273,5.900790214538574,2972000,0.0,0.0
2025-08-13 00:00:00-04:00,5.9173197746276855,5.95037739617817,5.8925267555037895,5.9173197746276855,4280300,0.0,0.0
2025-08-14 00:00:00-04:00,5.89252689866206,5.950377540741914,5.884262296034684,5.909055709838867,2453400,0.0,0.0
2025-08-15 00:00:00-04:00,5.909055709838867,5.925584521015675,5.89252689866206,5.909055709838867,2499700,0.0,0.0
2025-08-18 00:00:00-04:00,5.917318612559275,5.942112020892069,5.8512033824423,5.85946798324585,3408300,0.0,0.0
2025-08-19 00:00:00-04:00,5.88426188529512,5.9007906953181655,5.826411247253418,5.826411247253418,3134100,0.0,0.0
2025-08-20 00:00:00-04:00,5.834675382077332,5.88426181152481,5.809882364392549,5.867733001708984,2496500,0.0,0.0
2025-08-21 00:00:00-04:00,5.851204265249028,5.892526487345601,5.826411247253418,5.826411247253418,3318600,0.0,0.0
2025-08-22 00:00:00-04:00,5.8429397225215345,5.950376784477068,5.8429397225215345,5.892526149749756,7631200,0.0,0.0
2025-08-25 00:00:00-04:00,5.9007906213406365,5.9173194311564625,5.859468793840027,5.867733001708984,3720700,0.0,0.0
2025-08-26 00:00:00-04:00,5.859468531597608,5.90905495882583,5.8429397225215345,5.892526149749756,4218700,0.0,0.0
2025-08-27 00:00:00-04:00,5.9007906953181655,5.9173195053412115,5.809882437230372,5.826411247253418,6389200,0.0,0.0
2025-08-28 00:00:00-04:00,5.83467572806842,5.867733349660359,5.81814691727245,5.842940330505371,5152400,0.0,0.0
2025-08-29 00:00:00-04:00,5.884975056891198,5.960639150190647,5.859753558830678,5.935417652130127,6715800,0.12,0.0
2025-09-02 00:00:00-04:00,5.87656831741333,5.9270113183427275,5.842939917381832,5.87656831741333,4368300,0.0,0.0
2025-09-03 00:00:00-04:00,5.876568355089818,6.0026750564575195,5.876568355089818,6.0026750564575195,4191700,0.0,0.0
2025-09-04 00:00:00-04:00,6.011082451545962,6.053117752075195,5.985860950522696,6.053117752075195,4876400,0.0,0.0
2025-09-05 00:00:00-04:00,6.061525314089244,6.103561017313257,5.969047007525723,6.044711112976074,6723400,0.0,0.0
2025-09-08 00:00:00-04:00,6.027896683200486,6.1371891867312725,6.019489382521736,6.069931983947754,3863400,0.0,0.0
2025-09-09 00:00:00-04:00,6.061525052710337,6.120374954509854,5.985860950522696,6.053117752075195,4659900,0.0,0.0
2025-09-10 00:00:00-04:00,6.061524957331021,6.095153357578122,5.994268156836821,6.0026750564575195,3070500,0.0,0.0
2025-09-11 00:00:00-04:00,6.002674260251851,6.044709955426111,5.927010570173121,5.943824768066406,4256300,0.0,0.0
2025-09-12 00:00:00-04:00,5.969046376002172,5.969046376002172,5.927011078107659,5.960639476776123,2421700,0.0,0.0
2025-09-15 00:00:00-04:00,5.985860164153416,6.002674362332641,5.952231767794967,5.994267463684082,2330300,0.0,0.0
2025-09-16 00:00:00-04:00,5.985860607920493,6.011082107500202,5.960639509222921,5.977453708648682,2810800,0.0,0.0
2025-09-17 00:00:00-04:00,5.994267713613549,6.069931408133785,5.977453514733261,6.01948881149292,4249700,0.0,0.0
2025-09-18 00:00:00-04:00,6.036302876540158,6.044710176234963,5.943824985189995,5.9522318840026855,4379400,0.0,0.0
2025-09-19 00:00:00-04:00,5.977453730977816,6.002674829769603,5.842939734187114,5.884975433349609,11796200,0.0,0.0
2025-09-22 00:00:00-04:00,5.893382468024135,5.893382468024135,5.742054278562556,5.750461578369141,6180400,0.0,0.0
2025-09-23 00:00:00-04:00,5.7588685567005955,5.918603647289171,5.7588685567005955,5.893382549285889,4185200,0.0,0.0
2025-09-24 00:00:00-04:00,5.910196867604154,5.918603766814315,5.81771857099958,5.851346969604492,5275700,0.0,0.0
2025-09-25 00:00:00-04:00,5.826125717366083,5.893382918311229,5.800904617783535,5.87656831741333,4363100,0.0,0.0
2025-09-26 00:00:00-04:00,5.893382614731771,5.977453610479858,5.893382614731771,5.927011013031006,5126400,0.0,0.0
2025-09-29 00:00:00-04:00,5.927011458408705,5.960639859234902,5.84294005546105,5.9101972579956055,7626300,0.0,0.0
2025-09-30 00:00:00-04:00,5.935856121941839,6.021387107707359,5.910196622290227,5.995728015899658,5592700,0.12,0.0
2025-10-01 00:00:00-04:00,5.9957281738966275,6.158236847211522,5.987174871172727,6.149683952331543,8123800,0.0,0.0
2025-10-02 00:00:00-04:00,6.1411307911953354,6.192449385190157,6.07270599920224,6.132577896118164,7954600,0.0,0.0
2025-10-03 00:00:00-04:00,6.141130116391646,6.183895810610087,6.089811528035847,6.09836483001709,5108200,0.0,0.0
2025-10-06 00:00:00-04:00,6.089812430929174,6.115471932833369,6.038493834964731,6.047047138214111,3768600,0.0,0.0
2025-10-07 00:00:00-04:00,6.047046846479509,6.124024532790478,6.021387345813235,6.1069183349609375,4690600,0.0,0.0
2025-10-08 00:00:00-04:00,6.124024775670248,6.226662374562042,6.115471880338233,6.192449569702148,5876800,0.0,0.0
2025-10-09 00:00:00-04:00,6.183896490112986,6.218108886109533,6.11547169811989,6.132577896118164,3314000,0.0,0.0
2025-10-10 00:00:00-04:00,6.141130677897042,6.209555876471685,6.0384934918009625,6.055599689483643,4914100,0.0,0.0
2025-10-13 00:00:00-04:00,6.081259161916026,6.166790149935423,6.064152964312146,6.149683952331543,3928500,0.0,0.0
2025-10-14 00:00:00-04:00,6.115471000897046,6.252320569281062,6.115471000897046,6.218108177185059,5503900,0.0,0.0
2025-10-15 00:00:00-04:00,6.243768019900414,6.252320914474682,6.175342824086734,6.209555625915527,4360500,0.0,0.0
2025-10-16 00:00:00-04:00,6.209555820124536,6.2950868077618045,6.209555820124536,6.243768215179443,5430600,0.0,0.0
2025-10-17 00:00:00-04:00,6.2010029811104825,6.277981079661918,6.175343478978688,6.26942777633667,3254300,0.0,0.0
2025-10-20 00:00:00-04:00,6.286534186703975,6.440490388987935,6.260875091552625,6.423384189605713,4674300,0.0,0.0
2025-10-21 00:00:00-04:00,6.4319360681277296,6.440489370388069,6.363511281420609,6.39772367477417,4035900,0.0,0.0
2025-10-22 00:00:00-04:00,6.4148296679534464,6.474701558344811,6.3292986872828445,6.389170169830322,4642700,0.0,0.0
2025-10-23 00:00:00-04:00,6.3720639796633805,6.449042066260952,6.363511085510254,6.363511085510254,3514600,0.0,0.0
2025-10-24 00:00:00-04:00,6.474702540203125,6.577339732572296,6.45759634147493,6.534574031829834,6027500,0.0,0.0
2025-10-27 00:00:00-04:00,6.620104399650414,6.654317201716503,6.4661486256506056,6.551679611206055,11381200,0.0,0.0
2025-10-28 00:00:00-04:00,6.560233009358724,6.577339206719292,6.354958233187985,6.4575958251953125,10492300,0.0,0.0
2025-10-29 00:00:00-04:00,6.474701362919626,6.5174666480422045,6.3207451945154975,6.329298496246338,10855300,0.0,0.0
2025-10-30 00:00:00-04:00,6.329298855014442,6.337851749386218,6.218108373274077,6.252320766448975,8580700,0.0,0.0
2025-10-31 00:00:00-04:00,6.269712909272423,6.330584057343792,6.243625155913044,6.287104606628418,5815400,0.12,0.0
2025-11-03 00:00:00-05:00,6.278408083939334,6.330583586779791,6.191449603623144,6.313191890716553,5484100,0.0,0.0
2025-11-04 00:00:00-05:00,6.252321089833513,6.443629757013963,6.252321089833513,6.426238059997559,5962200,0.0,0.0
2025-11-05 00:00:00-05:00,6.4349346100170335,6.461021950219696,6.382759514960911,6.408846855163574,7791500,0.0,0.0
2025-11-06 00:00:00-05:00,6.426238145610113,6.43493420155955,6.347975715319036,6.365367412567139,3921000,0.0,0.0
2025-11-07 00:00:00-05:00,6.347975653853193,6.452325836331412,6.33058395677349,6.434934139251709,6746900,0.0,0.0
2025-11-10 00:00:00-05:00,6.461021555960676,6.478413253251455,6.347975730895996,6.347975730895996,6348400,0.0,0.0
2025-11-11 00:00:00-05:00,6.391454219818115,6.426237611422918,6.347975187637481,6.391454219818115,4162900,0.0,0.0
2025-11-12 00:00:00-05:00,6.400150783599226,6.417542480783568,6.347975692046202,6.356671333312988,2778700,0.0,0.0
2025-11-13 00:00:00-05:00,6.347976185071952,6.39145522408429,6.330584486536856,6.339280128479004,4033600,0.0,0.0
2025-11-14 00:00:00-05:00,6.330584018193057,6.382759109938371,6.287104567746576,6.29580020904541,5689600,0.0,0.0
2025-11-17 00:00:00-05:00,6.313191886047063,6.356670918847629,6.234929046495007,6.243624687194824,5136700,0.0,0.0
2025-11-18 00:00:00-05:00,6.26101683008268,6.295800224665856,6.208841738207914,6.278408527374268,3508400,0.0,0.0
2025-11-19 00:00:00-05:00,6.295800794349446,6.313192907865553,6.217538356781006,6.217538356781006,3501500,0.0,0.0
2025-11-20 00:00:00-05:00,6.226233546078138,6.287104695005162,6.1566667556762695,6.1566667556762695,5171300,0.0,0.0
2025-11-21 00:00:00-05:00,6.182754885897822,6.3044967765144975,6.165363187238297,6.261017322540283,5788400,0.0,0.0
2025-11-24 00:00:00-05:00,6.3044967765144975,6.330584531829187,6.2262339252212335,6.261017322540283,7122300,0.0,0.0
2025-11-25 00:00:00-05:00,6.287104606628418,6.304496303984413,6.234929514560433,6.287104606628418,7268400,0.0,0.0
2025-11-26 00:00:00-05:00,6.304496731408812,6.347976185071952,6.278408976280768,6.339280128479004,7898500,0.0,0.0
2025-11-28 00:00:00-05:00,6.374645014613853,6.418852152604335,6.365803418379552,6.392327785491943,5586400,0.12,0.0
2025-12-01 00:00:00-05:00,6.330437918397313,6.39232782767429,6.312755147402536,6.34812068939209,6701400,0.0,0.0
2025-12-02 00:00:00-05:00,6.356962937184441,6.401169658406696,6.356962937184441,6.374645709991455,4986900,0.0,0.0
2025-12-03 00:00:00-05:00,6.401169683148841,6.498425144758611,6.383486910273479,6.489583969116211,5408700,0.0,0.0
2025-12-04 00:00:00-05:00,6.489583794749652,6.5514732873552495,6.4365354775489045,6.463059425354004,5230200,0.0,0.0
2025-12-05 00:00:00-05:00,6.463059461866163,6.524949376411949,6.445376689366018,6.498425006866455,5536300,0.0,0.0
2025-12-08 00:00:00-05:00,6.498424672619907,6.516107444210539,6.410010814666748,6.410010814666748,5414400,0.0,0.0
2025-12-09 00:00:00-05:00,6.41885259394054,6.471900910222213,6.348121083974434,6.35696268081665,4884100,0.0,0.0
2025-12-10 00:00:00-05:00,6.383486628162216,6.401169400256107,6.312755539786652,6.35696268081665,5685100,0.0,0.0
2025-12-11 00:00:00-05:00,6.383486635896234,6.392328232749163,6.2685488279419594,6.277390003204346,7802300,0.0,0.0
2025-12-12 00:00:00-05:00,6.3039140701293945,6.383486330040447,6.3039140701293945,6.3039140701293945,4008400,0.0,0.0
2025-12-15 00:00:00-05:00,6.321597355772125,6.356962901185883,6.26854903765149,6.339280128479004,5319100,0.0,0.0
2025-12-16 00:00:00-05:00,6.339279901232202,6.4630593057431796,6.330438304400433,6.436535358428955,5812200,0.0,0.0
2025-12-17 00:00:00-05:00,6.471900505268303,6.577997131193067,6.4276933670043945,6.4276933670043945,7424200,0.0,0.0
2025-12-18 00:00:00-05:00,6.454217987071357,6.551473020516293,6.454217987071357,6.524949073791504,3864700,0.0,0.0
2025-12-19 00:00:00-05:00,6.542632287742296,6.648728924994467,6.489583969116211,6.489583969116211,16350900,0.0,0.0
2025-12-22 00:00:00-05:00,6.498424705476183,6.551473020516293,6.463059162116109,6.524949073791504,4902800,0.0,0.0
2025-12-23 00:00:00-05:00,6.51610762196217,6.551473166108163,6.436535358428955,6.436535358428955,4470200,0.0,0.0
2025-12-24 00:00:00-05:00,6.454218286411367,6.507266603911803,6.445376689366018,6.498425006866455,1638300,0.0,0.0
2025-12-26 00:00:00-05:00,6.507266484291588,6.542632028641769,6.445376570883498,6.471900939941406,5202800,0.0,0.0
2025-12-29 00:00:00-05:00,6.498424672619907,6.507266269210488,6.410010814666748,6.410010814666748,6984400,0.0,0.0
2025-12-30 00:00:00-05:00,6.427693761597186,6.480742077816176,6.40116939269242,6.436535358428955,8462000,0.0,0.0
2025-12-31 00:00:00-05:00,6.499462561387801,6.535420826095248,6.454514516175329,6.472493648529053,5916500,0.12,0.0
2026-01-02 00:00:00-05:00,6.481482625206975,6.670263705836792,6.427545234835066,6.6253156661987305,9629600,0.0,0.0
2026-01-05 00:00:00-05:00,6.598348165228729,6.6522855636106115,6.481483587739814,6.63430643081665,9039700,0.0,0.0
2026-01-06 00:00:00-05:00,6.6253162537814205,6.7511706044671875,6.6163269022503295,6.742180824279785,7301800,0.0,0.0
2026-01-07 00:00:00-05:00,6.760159955998279,6.823087131341162,6.706222560842797,6.742180824279785,5841100,0.0,0.0
2026-01-08 00:00:00-05:00,6.7421807800149685,6.7871288233442595,6.70622251681406,6.715211868286133,5564600,0.0,0.0
2026-01-09 00:00:00-05:00,6.787128460423327,6.921971725888247,6.778138680775646,6.832076072692871,8630500,0.0,0.0
2026-01-12 00:00:00-05:00,6.850055363851423,6.984899061132465,6.823086881588993,6.97590970993042,4946300,0.0,0.0
2026-01-13 00:00:00-05:00,6.984899102833109,7.038836496336279,6.948940840497662,7.029847145080566,5096300,0.0,0.0
2026-01-14 00:00:00-05:00,7.029848144064411,7.101764678955078,6.948941827984232,7.101764678955078,7485100,0.0,0.0
2026-01-15 00:00:00-05:00,7.110753223856669,7.326502804024067,7.02984734562205,7.299534320831299,6253500,0.0,0.0
2026-01-16 00:00:00-05:00,7.281555314064079,7.497304885231697,7.26357575447715,7.488315105438232,7187000,0.0,0.0
2026-01-20 00:00:00-05:00,7.389430434826168,7.425388698318474,7.3354926109313965,7.3354926109313965,6490700,0.0,0.0
2026-01-21 00:00:00-05:00,7.362461094222469,7.398419357714775,7.155701293469867,7.3354926109313965,7643700,0.0,0.0
2026-01-22 00:00:00-05:00,7.3714504866249495,7.461346569282756,7.308523743152033,7.389430046081543,6673700,0.0,0.0
2026-01-23 00:00:00-05:00,7.389430434826168,7.416398918117241,7.28155564434925,7.3354926109313965,5719800,0.0,0.0
2026-01-26 00:00:00-05:00,7.398419388682914,7.416398949160638,7.236607630946542,7.344482421875,5725700,0.0,0.0
2026-01-27 00:00:00-05:00,7.34448211895043,7.515283649880922,7.308523856790717,7.5062947273254395,5855500,0.0,0.0
2026-01-28 00:00:00-05:00,7.506294633762699,7.5512418179176475,7.44336703278312,7.479325294494629,6705900,0.0,0.0
2026-01-29 00:00:00-05:00,7.506294189454262,7.551241370948722,7.3444815926741,7.434377670288086,12054500,0.0,0.0
2026-01-30 00:00:00-05:00,7.4526229306593095,7.635061504801034,7.0877453474079894,7.115111351013184,13860100,0.12,0.0
2026-02-02 00:00:00-05:00,7.078622788084153,7.169842064225893,6.987403076974593,7.014769077301025,7904900,0.0,0.0
2026-02-03 00:00:00-05:00,7.051256870406545,7.169842148264673,6.978281448637797,7.124232292175293,8016700,0.0,0.0
2026-02-04 00:00:00-05:00,7.1424758993059045,7.160719754113836,6.9235496416107365,6.98740291595459,15517500,0.0,0.0
2026-02-05 00:00:00-05:00,6.932671773166953,6.996525486362115,6.877940205414457,6.941793918609619,5824900,0.0,0.0
2026-02-06 00:00:00-05:00,6.996525486362115,7.014769342279614,6.914427917249454,6.941793918609619,6273000,0.0,0.0
2026-02-09 00:00:00-05:00,6.932671717215942,6.960037718355247,6.695501592202573,6.814086437225342,8115000,0.0,0.0
2026-02-10 00:00:00-05:00,6.841451709050031,6.859695562875453,6.768476293748344,6.823207855224609,4713400,0.0,0.0
2026-02-11 00:00:00-05:00,6.841452121734619,6.914427541438272,6.814086121861844,6.841452121734619,4437000,0.0,0.0
2026-02-12 00:00:00-05:00,6.8779401779174805,6.960037746701928,6.868818467479117,6.8779401779174805,5614300,0.0,0.0
2026-02-13 00:00:00-05:00,6.887061660332192,6.9600370766853725,6.795841954922924,6.8688178062438965,6272200,0.0,0.0
2026-02-17 00:00:00-05:00,6.868818121607395,6.8870619765333085,6.73198899217914,6.841452121734619,5866400,0.0,0.0
2026-02-18 00:00:00-05:00,6.887061660332192,6.8961833698924435,6.814085809011219,6.8688178062438965,5328100,0.0,0.0
2026-02-19 00:00:00-05:00,6.850574517459785,6.9053060842410785,6.786720805397697,6.832330226898193,5073800,0.0,0.0
2026-02-20 00:00:00-05:00,6.841451863477117,6.932671134663252,6.804964155002662,6.914427280426025,5074500,0.0,0.0
2026-02-23 00:00:00-05:00,6.932671839498876,7.023891119959156,6.823208702946539,6.923550128936768,7812500,0.0,0.0
2026-02-24 00:00:00-05:00,6.923550128936768,6.9417939850288235,6.7867209907624275,6.923550128936768,7260800,0.0,0.0
2026-02-25 00:00:00-05:00,6.9417939850288235,6.978281697212935,6.795842701324536,6.923550128936768,8115000,0.0,0.0
2026-02-26 00:00:00-05:00,6.923549836758869,6.969159257580344,6.887062126114559,6.932671546936035,8563900,0.0,0.0
2026-02-27 00:00:00-05:00,6.941939533210571,6.979013049255247,6.877061874510673,6.895598411560059,7807600,0.12,0.0
2026-03-02 00:00:00-05:00,6.78437921932736,6.969744590642628,6.700964581262538,6.914134979248047,7481100,0.0,0.0
2026-03-03 00:00:00-05:00,6.839988914304073,6.941939648800318,6.77511081257799,6.8307204246521,6396500,0.0,0.0
2026-03-04 00:00:00-05:00,6.895598349951626,6.941939471188105,6.8214522024165385,6.858525276184082,4937600,0.0,0.0
2026-03-05 00:00:00-05:00,6.812183713001702,6.923402934304334,6.812183713001702,6.858525276184082,4514600,0.0,0.0
2026-03-06 00:00:00-05:00,6.812183526399245,6.839988551936205,6.691695818982232,6.747305870056152,7095600,0.0,0.0
2026-03-09 00:00:00-04:00,6.691695787842775,6.7473058386579154,6.478525399537687,6.728769302368164,9926800,0.0,0.0
2026-03-10 00:00:00-04:00,6.765842883749062,6.960476750401153,6.738037856250512,6.904866695404053,8307100,0.0,0.0
2026-03-11 00:00:00-04:00,6.867793114559489,6.9419392598371585,6.830720041920654,6.886329650878906,3589700,0.0,0.0
2026-03-12 00:00:00-04:00,6.858525359551994,6.9326715079883545,6.775110721588135,6.775110721588135,5166200,0.0,0.0
2026-03-13 00:00:00-04:00,6.839988907658307,6.867793492695391,6.663891581955103,6.6916961669921875,5453700,0.0,0.0
2026-03-16 00:00:00-04:00,6.7565736450040506,6.867792858778354,6.7195005737459494,6.738037109375,4828400,0.0,0.0
2026-03-17 00:00:00-04:00,6.8029158637453895,6.830720448908224,6.691696197256316,6.710232734680176,6316500,0.0,0.0
2026-03-18 00:00:00-04:00,6.673159750121762,6.728769805091671,6.599013599423107,6.608282089233398,7147400,0.0,0.0
2026-03-19 00:00:00-04:00,6.561940285240254,6.682427996713162,6.552672237713209,6.617549896240234,4892300,0.0,0.0
2026-03-20 00:00:00-04:00,6.608281335386732,6.645354406506909,6.302428277672333,6.320964813232422,18505900,0.0,0.0
2026-03-23 00:00:00-04:00,6.395111560821533,6.478525757764823,6.3302334592470535,6.395111560821533,9119800,0.0,0.0
2026-03-24 00:00:00-04:00,6.339501771794155,6.515599092337982,6.311696745625805,6.441452503204346,7381300,0.0,0.0
2026-03-25 00:00:00-04:00,6.506330472350032,6.682427789358653,6.506330472350032,6.6268181800842285,5598300,0.0,0.0
2026-03-26 00:00:00-04:00,6.608281839342174,6.617549886856077,6.46925759106642,6.478525638580322,5443100,0.0,0.0
2026-03-27 00:00:00-04:00,6.469257403830013,6.487793940267226,6.339501648769517,6.367306232452393,5986200,0.0,0.0
2026-03-30 00:00:00-04:00,6.422915426229191,6.524866591011011,6.348769285277271,6.404378890991211,8912800,0.0,0.0
2026-03-31 00:00:00-04:00,6.4704043366411845,6.6496138366811675,6.432676068186076,6.630749702453613,7494100,0.12,0.0
2026-04-01 00:00:00-04:00,6.63074961284372,6.696773856869671,6.545860785088721,6.574156761169434,8083700,0.0,0.0
2026-04-02 00:00:00-04:00,6.479835734276636,6.668477513365361,6.451539759754991,6.649613380432129,5096500,0.0,0.0
2026-04-06 00:00:00-04:00,6.640181215273426,6.77223014831543,6.630749373505775,6.77223014831543,4966900,0.0,0.0
2026-04-07 00:00:00-04:00,6.753365884050731,6.781662308317737,6.6401810864955175,6.659045219421387,4026100,0.0,0.0
2026-04-08 00:00:00-04:00,6.791094281607145,6.828822548190574,6.734501881732,6.77223014831543,4528900,0.0,0.0
2026-04-09 00:00:00-04:00,6.76279833078253,6.857118997579106,6.76279833078253,6.781662464141846,4662300,0.0,0.0
2026-04-10 00:00:00-04:00,6.800527072184511,6.828823049320362,6.743934668156361,6.791094779968262,3464200,0.0,0.0
2026-04-13 00:00:00-04:00,6.781662464141846,6.80995843930261,6.696773639146719,6.781662464141846,3377400,0.0,0.0
2026-04-14 00:00:00-04:00,6.791094435691573,6.885415554046631,6.781662593709922,6.885415554046631,4445200,0.0,0.0
2026-04-15 00:00:00-04:00,6.885415143868637,6.951439383076272,6.828822296324382,6.942007541656494,4495500,0.0,0.0
2026-04-16 00:00:00-04:00,6.555292459961831,6.555292459961831,6.244034032476059,6.413811683654785,25812000,0.0,0.0
2026-04-17 00:00:00-04:00,6.460972041490502,6.677909809879535,6.442107907272169,6.640181541442871,9056100,0.0,0.0
2026-04-20 00:00:00-04:00,6.555292222619275,6.649613336417517,6.508132115476557,6.611885070800781,7425300,0.0,0.0
2026-04-21 00:00:00-04:00,6.630749552314065,6.68734195371531,6.479836032154318,6.508132457733154,7341100,0.0,0.0
2026-04-22 00:00:00-04:00,6.55529260635376,6.5835890321009325,6.5081324964503775,6.55529260635376,4699600,0.0,0.0
2026-04-23 00:00:00-04:00,6.555292503296311,6.564724794982558,6.423243567983816,6.451539993286133,6422900,0.0,0.0
2026-04-24 00:00:00-04:00,6.545860424421151,6.687341646298592,6.489268025621455,6.649613380432129,7593400,0.0,0.0
2026-04-27 00:00:00-04:00,6.66847762155338,6.772230129491211,6.659045330055533,6.743934154510498,5057800,0.0,0.0
2026-04-28 00:00:00-04:00,6.781662880080904,6.791094722460836,6.687342207499368,6.725070476531982,5414600,0.0,0.0
2026-04-29 00:00:00-04:00,6.696773947371834,6.725070373591383,6.602453276234064,6.630749702453613,6948100,0.0,0.0
2026-04-30 00:00:00-04:00,6.649885539376231,6.783840400400627,6.63074919583652,6.726431369781494,4065000,0.1,0.0
2026-05-01 00:00:00-04:00,6.735999278147889,6.802976708309289,6.688158191425973,6.7742719650268555,5025600,0.0,0.0
2026-05-04 00:00:00-04:00,6.726430916273204,6.726430916273204,6.621180805777739,6.630748748779297,5885400,0.0,0.0
2026-05-05 00:00:00-04:00,6.621180805777739,6.669021433278305,6.611612406529793,6.630748748779297,3244400,0.0,0.0
2026-05-06 00:00:00-04:00,6.688158155748864,6.697726555540772,6.611612782399253,6.659453868865967,3808100,0.0,0.0
2026-05-07 00:00:00-04:00,6.649885654449463,6.66902199832032,6.602045022895535,6.649885654449463,4444400,0.0,0.0
2026-05-08 00:00:00-04:00,6.678590367255418,6.764704142396179,6.630749279678012,6.745567798614502,5877500,0.0,0.0
2026-05-11 00:00:00-04:00,6.745567899590406,6.7647042436585405,6.697726811296857,6.71686315536499,3483600,0.0,0.0
2026-05-12 00:00:00-04:00,6.688158155748864,6.735999242215578,6.649885469074058,6.659453868865967,3781700,0.0,0.0
2026-05-13 00:00:00-04:00,6.649885469074058,6.688158155748864,6.621181182191161,6.659453868865967,3034200,0.0,0.0
2026-05-14 00:00:00-04:00,6.6785900397295785,6.707294782117593,6.621181011199951,6.621181011199951,2831500,0.0,0.0
2026-05-15 00:00:00-04:00,6.6020448885007,6.611612832118144,6.535067458192917,6.563772201538086,4833400,0.0,0.0
2026-05-18 00:00:00-04:00,6.5542040240796675,6.573340368210332,6.468090703614891,6.506363391876221,5155600,0.0,0.0
2026-05-19 00:00:00-04:00,6.4776585788158725,6.4967949227434625,6.420249547033103,6.439385890960693,4062200,0.0,0.0
2026-05-20 00:00:00-04:00,6.45852221909879,6.515931250741208,6.420249531337179,6.487226963043213,3819600,0.0,0.0
2026-05-21 00:00:00-04:00,6.458521711938969,6.582908165519891,6.401112684804635,6.535067081451416,4485200,0.0,0.0
2026-05-22 00:00:00-04:00,6.554203369234044,6.582908110685301,6.448953258907951,6.468090057373047,4165000,0.0,0.0
2026-05-26 00:00:00-04:00,6.525499224461821,6.56377190972289,6.477658139762286,6.554203510284424,4480500,0.0,0.0
2026-05-27 00:00:00-04:00,6.582908509838101,6.649885483541519,6.573340110025376,6.611612796783447,5355600,0.0,0.0
2026-05-28 00:00:00-04:00,6.554203935095179,6.66902199832032,6.554203935095179,6.649885654449463,5538400,0.0,0.0
2026-05-29 00:00:00-04:00,6.6401782348472125,6.669301563718948,6.572223029301554,6.581931114196777,7244200,0.1,0.0
2026-06-01 00:00:00-04:00,6.523683530639375,6.63047014995199,6.475144494884161,6.581931114196777,5147100,0.0,0.0
2026-06-02 00:00:00-04:00,6.5430989265441895,6.591638422899397,6.484851808662108,6.5430989265441895,4358700,0.0,0.0
2026-06-03 00:00:00-04:00,6.5042679048291,6.533391696970818,6.378066039966915,6.40718936920166,4948400,0.0,0.0
2026-06-04 00:00:00-04:00,6.426604719020168,6.523683249250226,6.426604719020168,6.484851837158203,3834300,0.0,0.0
2026-06-05 00:00:00-04:00,6.455728530883789,6.504267564705804,6.436312824773594,6.455728530883789,4235100,0.0,0.0
2026-06-08 00:00:00-04:00,6.465436565966331,6.494560358447638,6.232448077743786,6.261571407318115,6838600,0.0,0.0
2026-06-09 00:00:00-04:00,6.290694950519945,6.46543630976243,6.280986865775216,6.446020603179932,4979300,0.0,0.0
2026-06-10 00:00:00-04:00,6.426604949665941,6.455728741233662,6.358650207519531,6.358650207519531,4226100,0.0,0.0
2026-06-11 00:00:00-04:00,6.378065891910035,6.426604927143511,6.33923447856047,6.387773513793945,4639900,0.0,0.0
2026-06-12 00:00:00-04:00,6.407189251483019,6.4363130430896485,6.319818802477058,6.329526424407959,4125700,0.0,0.0
2026-06-15 00:00:00-04:00,6.378066039966915,6.465436490578124,6.378066039966915,6.40718936920166,4040800,0.0,0.0
2026-06-16 00:00:00-04:00,6.436312803496647,6.5139756276806935,6.436312803496647,6.484851837158203,3453200,0.0,0.0
2026-06-17 00:00:00-04:00,6.484852038725306,6.504267745374811,6.358650176957001,6.416897296905518,6773500,0.0,0.0
2026-06-18 00:00:00-04:00,6.455728657789728,6.504267692565918,6.426604866598449,6.504267692565918,7175900,0.0,0.0
2026-06-22 00:00:00-04:00,6.475144244557881,6.543098984569472,6.416897126159253,6.426604747772217,3617600,0.0,0.0
2026-06-23 00:00:00-04:00,6.446020857278378,6.57222318649292,6.4266051499305235,6.57222318649292,5922400,0.0,0.0
2026-06-24 00:00:00-04:00,6.581931091699004,6.6790096257845715,6.572223006836965,6.611054420471191,4795000,0.0,0.0
2026-06-25 00:00:00-04:00,6.6304702666989765,6.708133095600351,6.601346937314448,6.6595940589904785,3285200,0.0,0.0
2026-06-26 00:00:00-04:00,6.6595940043077295,6.766380161716797,6.630470212255366,6.746964454650879,10284900,0.0,0.0
2026-06-29 00:00:00-04:00,6.7469641270981136,6.7857955393447575,6.630469890358183,6.7663798332214355,9709000,0.0,0.0
2026-06-30 00:00:00-04:00,6.756530966617636,6.9141175413485305,6.746681570874436,6.864871501922607,6932500,0.1,0.0
2026-07-01 00:00:00-04:00,6.835324466864031,6.884570038178632,6.795927821954329,6.81562614440918,4173800,0.0,0.0
2026-07-02 00:00:00-04:00,6.894419434228584,6.894419434228584,6.766380103449526,6.81562614440918,4322700,0.0,0.0
2026-07-06 00:00:00-04:00,6.795927849153337,6.835324494220714,6.746681807996588,6.786078453063965,4639200,0.0,0.0
2026-07-07 00:00:00-04:00,6.795927489026768,6.82547473643902,6.638340447462983,6.667888164520264,5964800,0.0,0.0
2026-07-08 00:00:00-04:00,6.628491547214494,6.70728483347906,6.618642151608907,6.638340473175049,3961400,0.0,0.0
2026-07-09 00:00:00-04:00,6.658039508839878,6.75653112028676,6.559547427747948,6.717134475708008,3560400,0.0,0.0
2026-07-10 00:00:00-04:00,6.766379892893804,6.7959276104791435,6.667888283684404,6.707284927368164,2596200,0.0,0.0
2026-07-13 00:00:00-04:00,6.707285014431273,6.707285014431273,6.5890950818458425,6.618642330169678,4564500,0.0,0.0
2026-07-14 00:00:00-04:00,6.69743629796147,6.805776838068701,6.677737975246968,6.726983547210693,7067800,0.0,0.0
2026-07-15 00:00:00-04:00,6.746681780994675,6.884570038178632,6.746681780994675,6.81562614440918,5015400,0.0,0.0
2026-07-16 00:00:00-04:00,6.815626227158628,6.894419517934672,6.805776830989093,6.884570121765137,3655900,0.0,0.0
2026-07-17 00:00:00-04:00,6.884569945544694,6.894419341462119,6.717134441753881,6.7466816902160645,4211600,0.0,0.0
2026-07-20 00:00:00-04:00,6.75653090597369,6.776229227638248,6.589094937002435,6.608793258666992,5042000,0.0,0.0
2026-07-21 00:00:00-04:00,6.658039238597857,6.71713420306739,6.628491521540575,6.667888164520264,3959400,0.0,0.0
2026-07-22 00:00:00-04:00,6.697436122576803,6.717134444775468,6.579245719739765,6.589095115661621,3770800,0.0,0.0
2026-07-23 00:00:00-04:00,6.579245480329849,6.589094875893299,6.461055551438631,6.51030158996582,6203600,0.0,0.0
2026-07-24 00:00:00-04:00,6.520150903218109,6.569396944670792,6.372413248505119,6.441357612609863,6638500,0.0,0.0
2026-07-27 00:00:00-04:00,6.4906033801713034,6.5300000238129625,6.382262375334223,6.392111301422119,7025600,0.0,0.0
2026-07-28 00:00:00-04:00,6.392111544036089,6.5004525529852755,6.342865972437408,6.470905303955078,6301300,0.0,0.0
2026-07-29 00:00:00-04:00,6.470905151489935,6.589095084116088,6.451206829385577,6.461055755615234,6883100,0.0,0.0
2026-07-30 00:00:00-04:00,6.510301887426448,6.54969853219025,6.431508597898844,6.53000020980835,7284000,0.0,0.0
2026-07-31 00:00:00-04:00,6.5,6.53000020980835,6.420000076293945,6.489999771118164,5461900,0.1,0.0
2026-08-03 00:00:00-04:00,6.5,6.559999942779541,6.460000038146973,6.46999979019165,6791500,0.0,0.0
2026-08-04 00:00:00-04:00,6.480000019073486,6.489999771118164,6.349999904632568,6.380000114440918,6591800,0.0,0.0
2026-08-05 00:00:00-04:00,6.400000095367432,6.46999979019165,6.309999942779541,6.420000076293945,5246300,0.0,0.0
2026-08-06 00:00:00-04:00,6.400000095367432,6.480000019073486,6.400000095367432,6.420000076293945,2975400,0.0,0.0
2026-08-07 00:00:00-04:00,6.46999979019165,6.590000152587891,6.460000038146973,6.559999942779541,4618300,0.0,0.0
2026-08-10 00:00:00-04:00,6.53000020980835,6.539999961853027,6.420000076293945,6.5,4550400,0.0,0.0
2026-08-11 00:00:00-04:00,6.5,6.599999904632568,6.46999979019165,6.570000171661377,3734000,0.0,0.0
2026-08-12 00:00:00-04:00,6.599999904632568,6.659999847412109,6.590000152587891,6.619999885559082,3842700,0.0,0.0
2026-08-13 00:00:00-04:00,6.650000095367432,6.670000076293945,6.610000133514404,6.630000114440918,2796700,0.0,0.0
2026-08-14 00:00:00-04:00,6.639999866485596,6.710000038146973,6.619999885559082,6.650000095367432,2602500,0.0,0.0
2026-08-17 00:00:00-04:00,6.650000095367432,6.699999809265137,6.630000114440918,6.670000076293945,3065500,0.0,0.0
2026-08-18 00:00:00-04:00,6.670000076293945,6.690000057220459,6.630000114440918,6.670000076293945,2425300,0.0,0.0
2026-08-19 00:00:00-04:00,6.699999809265137,6.809999942779541,6.679999828338623,6.78000020980835,3751700,0.0,0.0
2026-08-20 00:00:00-04:00,6.769999980926514,6.789999961853027,6.659999847412109,6.710000038146973,3481900,0.0,0.0
2026-08-21 00:00:00-04:00,6.75,6.760000228881836,6.670000076293945,6.699999809265137,2306200,0.0,0.0
2026-08-24 00:00:00-04:00,6.71999979019165,6.760000228881836,6.690000057220459,6.75,2705891,0.0,0.0
