Date,Open,High,Low,Close,Volume,Dividends,Stock Splits
2022-01-03 00:00:00-05:00,7.900000095367432,7.929999828338623,7.699999809265137,7.849999904632568,32000,0.0,0.0
2022-01-04 00:00:00-05:00,7.820000171661377,7.949999809265137,7.75,7.75,22500,0.0,0.0
2022-01-05 00:00:00-05:00,7.760000228881836,7.820000171661377,7.369999885559082,7.420000076293945,37900,0.0,0.0
2022-01-06 00:00:00-05:00,7.489999771118164,7.489999771118164,7.159999847412109,7.269999980926514,49300,0.0,0.0
2022-01-07 00:00:00-05:00,7.179999828338623,7.360000133514404,7.179999828338623,7.25,18900,0.0,0.0
2022-01-10 00:00:00-05:00,7.199999809265137,7.389999866485596,7.199999809265137,7.320000171661377,18000,0.0,0.0
2022-01-11 00:00:00-05:00,7.460000038146973,7.489999771118164,7.21999979019165,7.340000152587891,6800,0.0,0.0
2022-01-12 00:00:00-05:00,7.369999885559082,7.489999771118164,7.28000020980835,7.360000133514404,8700,0.0,0.0
2022-01-13 00:00:00-05:00,7.329999923706055,7.440000057220459,7.170000076293945,7.320000171661377,18000,0.0,0.0
2022-01-14 00:00:00-05:00,7.269999980926514,7.429999828338623,7.139999866485596,7.420000076293945,29600,0.0,0.0
2022-01-18 00:00:00-05:00,7.150000095367432,7.369999885559082,7.0,7.099999904632568,17600,0.0,0.0
2022-01-19 00:00:00-05:00,7.099999904632568,7.110000133514404,6.900000095367432,7.03000020980835,31400,0.0,0.0
2022-01-20 00:00:00-05:00,7.090000152587891,7.190000057220459,6.949999809265137,7.099999904632568,15400,0.0,0.0
2022-01-21 00:00:00-05:00,7.03000020980835,7.050000190734863,6.849999904632568,7.03000020980835,37200,0.0,0.0
2022-01-24 00:00:00-05:00,7.0,7.150000095367432,6.679999828338623,7.010000228881836,21000,0.0,0.0
2022-01-25 00:00:00-05:00,6.929999828338623,7.079999923706055,6.78000020980835,7.0,628900,0.0,0.0
2022-01-26 00:00:00-05:00,7.139999866485596,7.170000076293945,6.889999866485596,7.0,13500,0.0,0.0
2022-01-27 00:00:00-05:00,7.03000020980835,7.03000020980835,6.769999980926514,6.889999866485596,19600,0.0,0.0
2022-01-28 00:00:00-05:00,6.820000171661377,7.300000190734863,6.760000228881836,7.139999866485596,27400,0.0,0.0
2022-01-31 00:00:00-05:00,7.199999809265137,7.340000152587891,7.03000020980835,7.25,50200,0.0,0.0
2022-02-01 00:00:00-05:00,7.309999942779541,7.320000171661377,7.170000076293945,7.269999980926514,13200,0.0,0.0
2022-02-02 00:00:00-05:00,7.360000133514404,7.360000133514404,7.059999942779541,7.110000133514404,27400,0.0,0.0
2022-02-03 00:00:00-05:00,7.070000171661377,7.329999923706055,7.019999980926514,7.079999923706055,11700,0.0,0.0
2022-02-04 00:00:00-05:00,7.300000190734863,7.300000190734863,7.159999847412109,7.269999980926514,3700,0.0,0.0
2022-02-07 00:00:00-05:00,7.309999942779541,7.309999942779541,7.050000190734863,7.230000019073486,10300,0.0,0.0
2022-02-08 00:00:00-05:00,7.199999809265137,7.320000171661377,7.199999809265137,7.300000190734863,5000,0.0,0.0
2022-02-09 00:00:00-05:00,7.269999980926514,7.320000171661377,7.010000228881836,7.25,14900,0.0,0.0
2022-02-10 00:00:00-05:00,7.230000019073486,7.320000171661377,7.179999828338623,7.190000057220459,18400,0.0,0.0
2022-02-11 00:00:00-05:00,7.190000057220459,7.309999942779541,7.050000190734863,7.309999942779541,18400,0.0,0.0
2022-02-14 00:00:00-05:00,7.28000020980835,7.320000171661377,7.110000133514404,7.150000095367432,12700,0.0,0.0
2022-02-15 00:00:00-05:00,7.239999771118164,7.320000171661377,7.099999904632568,7.230000019073486,13300,0.0,0.0
2022-02-16 00:00:00-05:00,7.170000076293945,7.300000190734863,7.139999866485596,7.190000057220459,11500,0.0,0.0
2022-02-17 00:00:00-05:00,7.199999809265137,7.28000020980835,7.0,7.03000020980835,14300,0.0,0.0
2022-02-18 00:00:00-05:00,7.019999980926514,7.300000190734863,7.019999980926514,7.130000114440918,19400,0.0,0.0
2022-02-22 00:00:00-05:00,7.090000152587891,7.230000019073486,6.940000057220459,6.989999771118164,72200,0.0,0.0
2022-02-23 00:00:00-05:00,7.010000228881836,7.099999904632568,6.949999809265137,6.989999771118164,37100,0.0,0.0
2022-02-24 00:00:00-05:00,6.96999979019165,7.269999980926514,6.849999904632568,6.989999771118164,36800,0.0,0.0
2022-02-25 00:00:00-05:00,7.0,7.210000038146973,6.949999809265137,6.980000019073486,22100,0.0,0.0
2022-02-28 00:00:00-05:00,7.0,7.179999828338623,6.909999847412109,6.96999979019165,20200,0.0,0.0
2022-03-01 00:00:00-05:00,7.119999885559082,7.119999885559082,6.96999979019165,6.980000019073486,63800,0.0,0.0
2022-03-02 00:00:00-05:00,7.019999980926514,7.059999942779541,6.96999979019165,7.0,12900,0.0,0.0
2022-03-03 00:00:00-05:00,7.019999980926514,7.090000152587891,6.820000171661377,6.849999904632568,10000,0.0,0.0
2022-03-04 00:00:00-05:00,6.849999904632568,7.039999961853027,6.760000228881836,7.0,14500,0.0,0.0
2022-03-07 00:00:00-05:00,7.050000190734863,7.050000190734863,6.659999847412109,6.659999847412109,14100,0.0,0.0
2022-03-08 00:00:00-05:00,6.679999828338623,7.010000228881836,6.679999828338623,6.869999885559082,28100,0.0,0.0
2022-03-09 00:00:00-05:00,6.940000057220459,7.130000114440918,6.940000057220459,7.0,31200,0.0,0.0
2022-03-10 00:00:00-05:00,6.940000057220459,7.170000076293945,6.800000190734863,6.96999979019165,31900,0.0,0.0
2022-03-11 00:00:00-05:00,7.050000190734863,7.139999866485596,6.659999847412109,6.909999847412109,25000,0.0,0.0
2022-03-14 00:00:00-04:00,6.880000114440918,7.179999828338623,6.679999828338623,6.739999771118164,93800,0.0,0.0
2022-03-15 00:00:00-04:00,6.760000228881836,7.0,6.619999885559082,6.619999885559082,25100,0.0,0.0
2022-03-16 00:00:00-04:00,6.71999979019165,6.949999809265137,6.650000095367432,6.739999771118164,17900,0.0,0.0
2022-03-17 00:00:00-04:00,6.699999809265137,6.730000019073486,6.329999923706055,6.480000019073486,144500,0.0,0.0
2022-03-18 00:00:00-04:00,6.320000171661377,6.559999942779541,6.320000171661377,6.559999942779541,18500,0.0,0.0
2022-03-21 00:00:00-04:00,6.519999980926514,6.519999980926514,6.170000076293945,6.329999923706055,12100,0.0,0.0
2022-03-22 00:00:00-04:00,6.349999904632568,6.349999904632568,6.210000038146973,6.260000228881836,20300,0.0,0.0
2022-03-23 00:00:00-04:00,6.25,6.360000133514404,6.03000020980835,6.269999980926514,52500,0.0,0.0
2022-03-24 00:00:00-04:00,6.239999771118164,6.239999771118164,6.090000152587891,6.159999847412109,14200,0.0,0.0
2022-03-25 00:00:00-04:00,6.210000038146973,6.269999980926514,6.0,6.039999961853027,22900,0.0,0.0
2022-03-28 00:00:00-04:00,6.130000114440918,6.139999866485596,5.929999828338623,6.0,41700,0.0,0.0
2022-03-29 00:00:00-04:00,5.980000019073486,6.25,5.980000019073486,6.150000095367432,44000,0.0,0.0
2022-03-30 00:00:00-04:00,6.159999847412109,6.210000038146973,5.989999771118164,5.989999771118164,19800,0.0,0.0
2022-03-31 00:00:00-04:00,6.0,6.059999942779541,5.820000171661377,5.949999809265137,25300,0.0,0.0
2022-04-01 00:00:00-04:00,5.96999979019165,6.090000152587891,5.650000095367432,5.769999980926514,43500,0.0,0.0
2022-04-04 00:00:00-04:00,5.880000114440918,6.230000019073486,5.840000152587891,6.210000038146973,51000,0.0,0.0
2022-04-05 00:00:00-04:00,6.699999809265137,7.150000095367432,6.690000057220459,6.739999771118164,183500,0.0,0.0
2022-04-06 00:00:00-04:00,6.639999866485596,6.989999771118164,6.639999866485596,6.75,145600,0.0,0.0
2022-04-07 00:00:00-04:00,6.75,6.75,6.510000228881836,6.510000228881836,82000,0.0,0.0
2022-04-08 00:00:00-04:00,6.550000190734863,6.71999979019165,6.519999980926514,6.519999980926514,29600,0.0,0.0
2022-04-11 00:00:00-04:00,6.570000171661377,6.739999771118164,6.25,6.300000190734863,43500,0.0,0.0
2022-04-12 00:00:00-04:00,6.400000095367432,6.699999809265137,5.980000019073486,6.079999923706055,71000,0.0,0.0
2022-04-13 00:00:00-04:00,6.03000020980835,6.28000020980835,5.679999828338623,5.710000038146973,71100,0.0,0.0
2022-04-14 00:00:00-04:00,5.75,5.769999980926514,5.5,5.5,67300,0.0,0.0
2022-04-18 00:00:00-04:00,5.559999942779541,5.710000038146973,5.5,5.550000190734863,17800,0.0,0.0
2022-04-19 00:00:00-04:00,5.570000171661377,5.940000057220459,5.519999980926514,5.940000057220459,28200,0.0,0.0
2022-04-20 00:00:00-04:00,5.889999866485596,6.340000152587891,5.829999923706055,6.119999885559082,42800,0.0,0.0
2022-04-21 00:00:00-04:00,6.159999847412109,6.159999847412109,6.010000228881836,6.059999942779541,8100,0.0,0.0
2022-04-22 00:00:00-04:00,5.989999771118164,6.159999847412109,5.940000057220459,6.039999961853027,59200,0.0,0.0
2022-04-25 00:00:00-04:00,5.960000038146973,6.079999923706055,5.900000095367432,6.0,87200,0.0,0.0
2022-04-26 00:00:00-04:00,5.920000076293945,5.960000038146973,5.71999979019165,5.800000190734863,98300,0.0,0.0
2022-04-27 00:00:00-04:00,5.800000190734863,6.090000152587891,5.659999847412109,6.050000190734863,112200,0.0,0.0
2022-04-28 00:00:00-04:00,6.019999980926514,6.210000038146973,5.940000057220459,6.090000152587891,17500,0.0,0.0
2022-04-29 00:00:00-04:00,6.150000095367432,6.239999771118164,5.900000095367432,6.059999942779541,15600,0.0,0.0
2022-05-02 00:00:00-04:00,6.010000228881836,6.190000057220459,6.010000228881836,6.099999904632568,13500,0.0,0.0
2022-05-03 00:00:00-04:00,6.25,6.25,6.03000020980835,6.070000171661377,11600,0.0,0.0
2022-05-04 00:00:00-04:00,6.099999904632568,6.170000076293945,5.880000114440918,6.039999961853027,8700,0.0,0.0
2022-05-05 00:00:00-04:00,6.059999942779541,6.090000152587891,5.960000038146973,6.0,10700,0.0,0.0
2022-05-06 00:00:00-04:00,6.039999961853027,6.050000190734863,5.820000171661377,6.050000190734863,28200,0.0,0.0
2022-05-09 00:00:00-04:00,6.110000133514404,6.110000133514404,5.920000076293945,6.070000171661377,22000,0.0,0.0
2022-05-10 00:00:00-04:00,5.96999979019165,6.070000171661377,5.809999942779541,6.0,73800,0.0,0.0
2022-05-11 00:00:00-04:00,6.090000152587891,6.110000133514404,5.889999866485596,6.0,35800,0.0,0.0
2022-05-12 00:00:00-04:00,5.949999809265137,6.019999980926514,5.940000057220459,5.949999809265137,12900,0.0,0.0
2022-05-13 00:00:00-04:00,5.940000057220459,6.099999904632568,5.940000057220459,6.0,8500,0.0,0.0
2022-05-16 00:00:00-04:00,5.940000057220459,6.099999904632568,5.929999828338623,5.940000057220459,45800,0.0,0.0
2022-05-17 00:00:00-04:00,6.059999942779541,6.079999923706055,5.949999809265137,5.96999979019165,31700,0.0,0.0
2022-05-18 00:00:00-04:00,6.010000228881836,6.150000095367432,5.909999847412109,6.099999904632568,12700,0.0,0.0
2022-05-19 00:00:00-04:00,6.139999866485596,6.21999979019165,6.019999980926514,6.039999961853027,8900,0.0,0.0
2022-05-20 00:00:00-04:00,6.110000133514404,6.150000095367432,5.96999979019165,6.130000114440918,10600,0.0,0.0
2022-05-23 00:00:00-04:00,6.070000171661377,6.099999904632568,5.920000076293945,5.949999809265137,28300,0.0,0.0
2022-05-24 00:00:00-04:00,5.880000114440918,6.019999980926514,5.800000190734863,5.989999771118164,47700,0.0,0.0
2022-05-25 00:00:00-04:00,6.039999961853027,6.039999961853027,5.929999828338623,5.940000057220459,88300,0.0,0.0
2022-05-26 00:00:00-04:00,6.199999809265137,6.199999809265137,5.920000076293945,6.0,39800,0.0,0.0
2022-05-27 00:00:00-04:00,5.949999809265137,6.190000057220459,5.949999809265137,6.099999904632568,22500,0.0,0.0
2022-05-31 00:00:00-04:00,6.119999885559082,6.119999885559082,5.900000095367432,5.940000057220459,42100,0.0,0.0
2022-06-01 00:00:00-04:00,5.949999809265137,6.059999942779541,5.869999885559082,5.949999809265137,58800,0.0,0.0
2022-06-02 00:00:00-04:00,5.960000038146973,6.019999980926514,5.78000020980835,5.929999828338623,49000,0.0,0.0
2022-06-03 00:00:00-04:00,6.059999942779541,6.059999942779541,5.900000095367432,5.949999809265137,19800,0.0,0.0
2022-06-06 00:00:00-04:00,5.96999979019165,6.010000228881836,5.860000133514404,5.880000114440918,44800,0.0,0.0
2022-06-07 00:00:00-04:00,5.820000171661377,6.059999942779541,5.820000171661377,5.909999847412109,64900,0.0,0.0
2022-06-08 00:00:00-04:00,5.929999828338623,6.019999980926514,5.809999942779541,5.949999809265137,59700,0.0,0.0
2022-06-09 00:00:00-04:00,5.980000019073486,6.0,5.849999904632568,5.900000095367432,35100,0.0,0.0
2022-06-10 00:00:00-04:00,5.849999904632568,5.989999771118164,5.769999980926514,5.949999809265137,39000,0.0,0.0
2022-06-13 00:00:00-04:00,5.900000095367432,5.940000057220459,5.53000020980835,5.630000114440918,53000,0.0,0.0
2022-06-14 00:00:00-04:00,5.679999828338623,5.840000152587891,5.590000152587891,5.789999961853027,26300,0.0,0.0
2022-06-15 00:00:00-04:00,5.840000152587891,5.860000133514404,5.510000228881836,5.670000076293945,88700,0.0,0.0
2022-06-16 00:00:00-04:00,5.510000228881836,5.71999979019165,5.5,5.570000171661377,28900,0.0,0.0
2022-06-17 00:00:00-04:00,5.510000228881836,5.590000152587891,5.5,5.590000152587891,36600,0.0,0.0
2022-06-21 00:00:00-04:00,5.599999904632568,5.889999866485596,5.519999980926514,5.739999771118164,23700,0.0,0.0
2022-06-22 00:00:00-04:00,5.690000057220459,5.949999809265137,5.599999904632568,5.679999828338623,13300,0.0,0.0
2022-06-23 00:00:00-04:00,5.630000114440918,5.929999828338623,5.630000114440918,5.699999809265137,14700,0.0,0.0
2022-06-24 00:00:00-04:00,5.690000057220459,5.820000171661377,5.690000057220459,5.690000057220459,15200,0.0,0.0
2022-06-27 00:00:00-04:00,5.730000019073486,5.730000019073486,5.550000190734863,5.639999866485596,11700,0.0,0.0
2022-06-28 00:00:00-04:00,5.650000095367432,5.699999809265137,5.5,5.690000057220459,50600,0.0,0.0
2022-06-29 00:00:00-04:00,5.679999828338623,5.699999809265137,5.519999980926514,5.519999980926514,122400,0.0,0.0
2022-06-30 00:00:00-04:00,5.559999942779541,5.699999809265137,5.53000020980835,5.699999809265137,40800,0.0,0.0
2022-07-01 00:00:00-04:00,5.650000095367432,5.699999809265137,5.539999961853027,5.659999847412109,52200,0.0,0.0
2022-07-05 00:00:00-04:00,5.71999979019165,5.71999979019165,5.5,5.519999980926514,11000,0.0,0.0
2022-07-06 00:00:00-04:00,5.599999904632568,5.670000076293945,5.449999809265137,5.510000228881836,22100,0.0,0.0
2022-07-07 00:00:00-04:00,5.489999771118164,5.519999980926514,5.389999866485596,5.489999771118164,14800,0.0,0.0
2022-07-08 00:00:00-04:00,5.429999828338623,5.5,5.349999904632568,5.489999771118164,22700,0.0,0.0
2022-07-11 00:00:00-04:00,5.440000057220459,5.599999904632568,5.440000057220459,5.5,30000,0.0,0.0
2022-07-12 00:00:00-04:00,5.440000057220459,5.550000190734863,5.360000133514404,5.489999771118164,73900,0.0,0.0
2022-07-13 00:00:00-04:00,5.409999847412109,5.579999923706055,5.340000152587891,5.570000171661377,48400,0.0,0.0
2022-07-14 00:00:00-04:00,5.539999961853027,5.679999828338623,5.46999979019165,5.510000228881836,18100,0.0,0.0
2022-07-15 00:00:00-04:00,5.659999847412109,5.659999847412109,5.480000019073486,5.610000133514404,96500,0.0,0.0
2022-07-18 00:00:00-04:00,5.599999904632568,5.690000057220459,5.510000228881836,5.510000228881836,31500,0.0,0.0
2022-07-19 00:00:00-04:00,5.559999942779541,5.75,5.559999942779541,5.699999809265137,21700,0.0,0.0
2022-07-20 00:00:00-04:00,5.75,5.769999980926514,5.679999828338623,5.679999828338623,38800,0.0,0.0
2022-07-21 00:00:00-04:00,5.699999809265137,5.739999771118164,5.699999809265137,5.710000038146973,36100,0.0,0.0
2022-07-22 00:00:00-04:00,5.699999809265137,5.760000228881836,5.619999885559082,5.650000095367432,54500,0.0,0.0
2022-07-25 00:00:00-04:00,5.670000076293945,5.730000019073486,5.559999942779541,5.610000133514404,54300,0.0,0.0
2022-07-26 00:00:00-04:00,5.570000171661377,5.760000228881836,5.570000171661377,5.710000038146973,8500,0.0,0.0
2022-07-27 00:00:00-04:00,5.760000228881836,5.800000190734863,5.619999885559082,5.75,51600,0.0,0.0
2022-07-28 00:00:00-04:00,5.730000019073486,5.789999961853027,5.730000019073486,5.739999771118164,14700,0.0,0.0
2022-07-29 00:00:00-04:00,5.75,6.0,5.619999885559082,5.699999809265137,41800,0.0,0.0
2022-08-01 00:00:00-04:00,5.659999847412109,5.699999809265137,5.449999809265137,5.449999809265137,36700,0.0,0.0
2022-08-02 00:00:00-04:00,5.409999847412109,5.409999847412109,5.21999979019165,5.21999979019165,16900,0.0,0.0
2022-08-03 00:00:00-04:00,5.28000020980835,5.480000019073486,5.269999980926514,5.28000020980835,32300,0.0,0.0
2022-08-04 00:00:00-04:00,5.260000228881836,5.349999904632568,5.139999866485596,5.179999828338623,141900,0.0,0.0
2022-08-05 00:00:00-04:00,5.150000095367432,5.320000171661377,5.150000095367432,5.170000076293945,16700,0.0,0.0
2022-08-08 00:00:00-04:00,5.199999809265137,5.25,5.03000020980835,5.179999828338623,124500,0.0,0.0
2022-08-09 00:00:00-04:00,5.010000228881836,5.480000019073486,5.010000228881836,5.320000171661377,54100,0.0,0.0
2022-08-10 00:00:00-04:00,5.28000020980835,5.5,5.260000228881836,5.420000076293945,24600,0.0,0.0
2022-08-11 00:00:00-04:00,5.449999809265137,5.940000057220459,5.449999809265137,5.75,165100,0.0,0.0
2022-08-12 00:00:00-04:00,5.809999942779541,5.869999885559082,5.539999961853027,5.599999904632568,494700,0.0,0.0
2022-08-15 00:00:00-04:00,5.539999961853027,5.789999961853027,5.25,5.309999942779541,102600,0.0,0.0
2022-08-16 00:00:00-04:00,5.579999923706055,5.760000228881836,5.0,5.309999942779541,153000,0.0,0.0
2022-08-17 00:00:00-04:00,5.210000038146973,5.570000171661377,5.050000190734863,5.53000020980835,36100,0.0,0.0
2022-08-18 00:00:00-04:00,5.559999942779541,5.559999942779541,5.329999923706055,5.369999885559082,167100,0.0,0.0
2022-08-19 00:00:00-04:00,5.730000019073486,5.730000019073486,5.369999885559082,5.579999923706055,64500,0.0,0.0
2022-08-22 00:00:00-04:00,5.489999771118164,5.739999771118164,5.300000190734863,5.369999885559082,177800,0.0,0.0
2022-08-23 00:00:00-04:00,5.320000171661377,5.590000152587891,5.320000171661377,5.46999979019165,33000,0.0,0.0
2022-08-24 00:00:00-04:00,5.440000057220459,5.5,5.25,5.420000076293945,211800,0.0,0.0
2022-08-25 00:00:00-04:00,5.53000020980835,5.71999979019165,5.46999979019165,5.579999923706055,28600,0.0,0.0
2022-08-26 00:00:00-04:00,5.53000020980835,5.679999828338623,5.46999979019165,5.519999980926514,23600,0.0,0.0
2022-08-29 00:00:00-04:00,5.510000228881836,5.670000076293945,5.489999771118164,5.610000133514404,11200,0.0,0.0
2022-08-30 00:00:00-04:00,5.650000095367432,5.679999828338623,5.519999980926514,5.519999980926514,9600,0.0,0.0
2022-08-31 00:00:00-04:00,5.5,5.650000095367432,5.349999904632568,5.440000057220459,30200,0.0,0.0
2022-09-01 00:00:00-04:00,5.5,5.639999866485596,5.260000228881836,5.510000228881836,39600,0.0,0.0
2022-09-02 00:00:00-04:00,5.510000228881836,5.559999942779541,5.289999961853027,5.400000095367432,10900,0.0,0.0
2022-09-06 00:00:00-04:00,5.369999885559082,5.650000095367432,5.190000057220459,5.190000057220459,7900,0.0,0.0
2022-09-07 00:00:00-04:00,5.139999866485596,5.429999828338623,5.139999866485596,5.429999828338623,31400,0.0,0.0
2022-09-08 00:00:00-04:00,5.46999979019165,5.599999904632568,5.199999809265137,5.300000190734863,55100,0.0,0.0
2022-09-09 00:00:00-04:00,5.360000133514404,5.590000152587891,5.360000133514404,5.449999809265137,23600,0.0,0.0
2022-09-12 00:00:00-04:00,5.480000019073486,5.690000057220459,5.46999979019165,5.519999980926514,149500,0.0,0.0
2022-09-13 00:00:00-04:00,5.519999980926514,5.550000190734863,5.210000038146973,5.300000190734863,79000,0.0,0.0
2022-09-14 00:00:00-04:00,5.360000133514404,5.409999847412109,5.150000095367432,5.150000095367432,23100,0.0,0.0
2022-09-15 00:00:00-04:00,5.179999828338623,5.309999942779541,5.150000095367432,5.28000020980835,52900,0.0,0.0
2022-09-16 00:00:00-04:00,5.260000228881836,5.369999885559082,5.050000190734863,5.159999847412109,73300,0.0,0.0
2022-09-19 00:00:00-04:00,5.099999904632568,5.300000190734863,5.039999961853027,5.300000190734863,50300,0.0,0.0
2022-09-20 00:00:00-04:00,5.400000095367432,5.400000095367432,5.170000076293945,5.349999904632568,29400,0.0,0.0
2022-09-21 00:00:00-04:00,5.360000133514404,5.380000114440918,5.25,5.300000190734863,46600,0.0,0.0
2022-09-22 00:00:00-04:00,5.25,5.389999866485596,5.210000038146973,5.389999866485596,37000,0.0,0.0
2022-09-23 00:00:00-04:00,5.349999904632568,5.349999904632568,5.130000114440918,5.329999923706055,32200,0.0,0.0
2022-09-26 00:00:00-04:00,5.190000057220459,5.329999923706055,5.139999866485596,5.300000190734863,67000,0.0,0.0
2022-09-27 00:00:00-04:00,5.320000171661377,5.429999828338623,5.269999980926514,5.349999904632568,164400,0.0,0.0
2022-09-28 00:00:00-04:00,5.389999866485596,5.800000190734863,5.389999866485596,5.650000095367432,32300,0.0,0.0
2022-09-29 00:00:00-04:00,5.650000095367432,5.710000038146973,5.559999942779541,5.690000057220459,6200,0.0,0.0
2022-09-30 00:00:00-04:00,5.639999866485596,5.909999847412109,5.619999885559082,5.71999979019165,31600,0.0,0.0
2022-10-03 00:00:00-04:00,5.630000114440918,5.710000038146973,5.210000038146973,5.369999885559082,50100,0.0,0.0
2022-10-04 00:00:00-04:00,5.309999942779541,5.489999771118164,5.099999904632568,5.199999809265137,58600,0.0,0.0
2022-10-05 00:00:00-04:00,5.199999809265137,5.309999942779541,5.139999866485596,5.25,16000,0.0,0.0
2022-10-06 00:00:00-04:00,5.340000152587891,5.519999980926514,5.159999847412109,5.510000228881836,22200,0.0,0.0
2022-10-07 00:00:00-04:00,5.380000114440918,5.400000095367432,5.150000095367432,5.150000095367432,6300,0.0,0.0
2022-10-10 00:00:00-04:00,5.010000228881836,5.309999942779541,4.869999885559082,5.070000171661377,59900,0.0,0.0
2022-10-11 00:00:00-04:00,5.099999904632568,5.199999809265137,5.050000190734863,5.050000190734863,22800,0.0,0.0
2022-10-12 00:00:00-04:00,5.090000152587891,5.199999809265137,5.079999923706055,5.170000076293945,19200,0.0,0.0
2022-10-13 00:00:00-04:00,5.150000095367432,5.150000095367432,4.920000076293945,5.110000133514404,39100,0.0,0.0
2022-10-14 00:00:00-04:00,5.150000095367432,5.150000095367432,5.0,5.039999961853027,21500,0.0,0.0
2022-10-17 00:00:00-04:00,5.050000190734863,5.150000095367432,5.050000190734863,5.099999904632568,39500,0.0,0.0
2022-10-18 00:00:00-04:00,5.059999942779541,5.309999942779541,5.059999942779541,5.260000228881836,61100,0.0,0.0
2022-10-19 00:00:00-04:00,5.260000228881836,5.389999866485596,5.179999828338623,5.25,33100,0.0,0.0
2022-10-20 00:00:00-04:00,5.269999980926514,5.429999828338623,5.25,5.309999942779541,13600,0.0,0.0
2022-10-21 00:00:00-04:00,5.360000133514404,5.46999979019165,5.360000133514404,5.420000076293945,13100,0.0,0.0
2022-10-24 00:00:00-04:00,5.510000228881836,5.539999961853027,5.349999904632568,5.510000228881836,65300,0.0,0.0
2022-10-25 00:00:00-04:00,5.46999979019165,5.789999961853027,5.46999979019165,5.75,155100,0.0,0.0
2022-10-26 00:00:00-04:00,5.800000190734863,6.289999961853027,5.800000190734863,5.960000038146973,430300,0.0,0.0
2022-10-27 00:00:00-04:00,6.210000038146973,6.300000190734863,5.829999923706055,5.989999771118164,115700,0.0,0.0
2022-10-28 00:00:00-04:00,5.949999809265137,6.099999904632568,5.760000228881836,6.099999904632568,118100,0.0,0.0
2022-10-31 00:00:00-04:00,6.059999942779541,6.639999866485596,5.989999771118164,6.599999904632568,73600,0.0,0.0
2022-11-01 00:00:00-04:00,6.650000095367432,6.730000019073486,6.329999923706055,6.730000019073486,24800,0.0,0.0
2022-11-02 00:00:00-04:00,6.670000076293945,6.730000019073486,6.489999771118164,6.599999904632568,42400,0.0,0.0
2022-11-03 00:00:00-04:00,6.099999904632568,6.71999979019165,6.099999904632568,6.650000095367432,48900,0.0,0.0
2022-11-04 00:00:00-04:00,6.46999979019165,6.679999828338623,6.46999979019165,6.650000095367432,28500,0.0,0.0
2022-11-07 00:00:00-05:00,6.599999904632568,6.71999979019165,6.400000095367432,6.659999847412109,35800,0.0,0.0
2022-11-08 00:00:00-05:00,7.059999942779541,7.059999942779541,6.590000152587891,6.639999866485596,142600,0.0,0.0
2022-11-09 00:00:00-05:00,6.690000057220459,6.789999961853027,6.630000114440918,6.659999847412109,40400,0.0,0.0
2022-11-10 00:00:00-05:00,6.75,6.840000152587891,6.630000114440918,6.710000038146973,79000,0.0,0.0
2022-11-11 00:00:00-05:00,6.639999866485596,6.840000152587891,6.599999904632568,6.739999771118164,96700,0.0,0.0
2022-11-14 00:00:00-05:00,6.789999961853027,6.989999771118164,6.590000152587891,6.739999771118164,192300,0.0,0.0
2022-11-15 00:00:00-05:00,6.75,7.050000190734863,6.619999885559082,6.940000057220459,100200,0.0,0.0
2022-11-16 00:00:00-05:00,7.0,7.0,6.860000133514404,6.96999979019165,35100,0.0,0.0
2022-11-17 00:00:00-05:00,6.960000038146973,7.03000020980835,6.659999847412109,6.789999961853027,32300,0.0,0.0
2022-11-18 00:00:00-05:00,6.880000114440918,7.0,6.690000057220459,6.989999771118164,20800,0.0,0.0
2022-11-21 00:00:00-05:00,6.909999847412109,7.179999828338623,6.809999942779541,7.150000095367432,166800,0.0,0.0
2022-11-22 00:00:00-05:00,7.179999828338623,8.050000190734863,7.179999828338623,7.980000019073486,584800,0.0,0.0
2022-11-23 00:00:00-05:00,8.0600004196167,8.119999885559082,7.75,7.989999771118164,223900,0.0,0.0
2022-11-25 00:00:00-05:00,8.039999961853027,8.069999694824219,7.920000076293945,7.980000019073486,98400,0.0,0.0
2022-11-28 00:00:00-05:00,7.949999809265137,8.079999923706055,7.829999923706055,7.920000076293945,96200,0.0,0.0
2022-11-29 00:00:00-05:00,7.900000095367432,8.100000381469727,7.900000095367432,7.929999828338623,89300,0.0,0.0
2022-11-30 00:00:00-05:00,7.989999771118164,7.989999771118164,7.730000019073486,7.849999904632568,64500,0.0,0.0
2022-12-01 00:00:00-05:00,7.849999904632568,8.850000381469727,7.840000152587891,8.779999732971191,334300,0.0,0.0
2022-12-02 00:00:00-05:00,8.779999732971191,9.390000343322754,8.779999732971191,8.979999542236328,163000,0.0,0.0
2022-12-05 00:00:00-05:00,8.979999542236328,9.039999961853027,8.5600004196167,8.6899995803833,59800,0.0,0.0
2022-12-06 00:00:00-05:00,8.710000038146973,8.710000038146973,8.130000114440918,8.15999984741211,45800,0.0,0.0
2022-12-07 00:00:00-05:00,8.170000076293945,8.520000457763672,8.119999885559082,8.359999656677246,39700,0.0,0.0
2022-12-08 00:00:00-05:00,8.34000015258789,8.550000190734863,8.199999809265137,8.229999542236328,31800,0.0,0.0
2022-12-09 00:00:00-05:00,8.210000038146973,8.34000015258789,7.829999923706055,7.860000133514404,49700,0.0,0.0
2022-12-12 00:00:00-05:00,7.849999904632568,8.199999809265137,7.849999904632568,8.119999885559082,55800,0.0,0.0
2022-12-13 00:00:00-05:00,8.1899995803833,8.489999771118164,8.050000190734863,8.25,72800,0.0,0.0
2022-12-14 00:00:00-05:00,8.229999542236328,8.539999961853027,8.199999809265137,8.40999984741211,69600,0.0,0.0
2022-12-15 00:00:00-05:00,8.0600004196167,8.579999923706055,7.900000095367432,8.5,76200,0.0,0.0
2022-12-16 00:00:00-05:00,8.399999618530273,8.84000015258789,8.170000076293945,8.8100004196167,131100,0.0,0.0
2022-12-19 00:00:00-05:00,8.979999542236328,9.350000381469727,8.8100004196167,9.09000015258789,107300,0.0,0.0
2022-12-20 00:00:00-05:00,9.079999923706055,9.539999961853027,9.0600004196167,9.289999961853027,133200,0.0,0.0
2022-12-21 00:00:00-05:00,9.40999984741211,10.520000457763672,9.40999984741211,10.5,364700,0.0,0.0
2022-12-22 00:00:00-05:00,9.989999771118164,10.4399995803833,9.680000305175781,9.90999984741211,309700,0.0,0.0
2022-12-23 00:00:00-05:00,9.819999694824219,10.050000190734863,9.420000076293945,9.460000038146973,77300,0.0,0.0
2022-12-27 00:00:00-05:00,9.600000381469727,10.1899995803833,9.600000381469727,9.699999809265137,103800,0.0,0.0
2022-12-28 00:00:00-05:00,9.6899995803833,9.930000305175781,8.140000343322754,8.279999732971191,166500,0.0,0.0
2022-12-29 00:00:00-05:00,8.270000457763672,9.199999809265137,8.270000457763672,9.09000015258789,96800,0.0,0.0
2022-12-30 00:00:00-05:00,9.079999923706055,9.34000015258789,8.850000381469727,9.34000015258789,107300,0.0,0.0
2023-01-03 00:00:00-05:00,9.579999923706055,9.829999923706055,9.109999656677246,9.489999771118164,97900,0.0,0.0
2023-01-04 00:00:00-05:00,9.670000076293945,10.289999961853027,9.630000114440918,9.949999809265137,140100,0.0,0.0
2023-01-05 00:00:00-05:00,10.109999656677246,10.119999885559082,9.630000114440918,9.630000114440918,68200,0.0,0.0
2023-01-06 00:00:00-05:00,9.729999542236328,10.050000190734863,9.510000228881836,9.9399995803833,93300,0.0,0.0
2023-01-09 00:00:00-05:00,9.9399995803833,10.350000381469727,9.779999732971191,9.920000076293945,194200,0.0,0.0
2023-01-10 00:00:00-05:00,9.859999656677246,10.300000190734863,9.859999656677246,10.119999885559082,112200,0.0,0.0
2023-01-11 00:00:00-05:00,10.279999732971191,10.899999618530273,10.039999961853027,10.170000076293945,173400,0.0,0.0
2023-01-12 00:00:00-05:00,10.149999618530273,10.359999656677246,10.079999923706055,10.1899995803833,156100,0.0,0.0
2023-01-13 00:00:00-05:00,10.1899995803833,10.1899995803833,9.760000228881836,9.829999923706055,101400,0.0,0.0
2023-01-17 00:00:00-05:00,9.819999694824219,9.829999923706055,9.4399995803833,9.789999961853027,135800,0.0,0.0
2023-01-18 00:00:00-05:00,9.869999885559082,9.989999771118164,9.569999694824219,9.640000343322754,66700,0.0,0.0
2023-01-19 00:00:00-05:00,9.649999618530273,9.779999732971191,9.40999984741211,9.65999984741211,57600,0.0,0.0
2023-01-20 00:00:00-05:00,9.680000305175781,10.100000381469727,9.680000305175781,9.920000076293945,58400,0.0,0.0
2023-01-23 00:00:00-05:00,9.859999656677246,10.079999923706055,9.699999809265137,10.0600004196167,100100,0.0,0.0
2023-01-24 00:00:00-05:00,10.0600004196167,10.399999618530273,9.960000038146973,10.260000228881836,81500,0.0,0.0
2023-01-25 00:00:00-05:00,10.140000343322754,10.380000114440918,9.90999984741211,10.199999809265137,118600,0.0,0.0
2023-01-26 00:00:00-05:00,10.279999732971191,10.279999732971191,9.760000228881836,10.140000343322754,232000,0.0,0.0
2023-01-27 00:00:00-05:00,10.09000015258789,10.390000343322754,9.979999542236328,10.0,66500,0.0,0.0
2023-01-30 00:00:00-05:00,9.970000267028809,10.569999694824219,9.949999809265137,10.539999961853027,67300,0.0,0.0
2023-01-31 00:00:00-05:00,10.380000114440918,10.859999656677246,10.380000114440918,10.630000114440918,73700,0.0,0.0
2023-02-01 00:00:00-05:00,10.720000267028809,11.0600004196167,10.239999771118164,10.930000305175781,88600,0.0,0.0
2023-02-02 00:00:00-05:00,10.9399995803833,11.229999542236328,10.739999771118164,10.880000114440918,156700,0.0,0.0
2023-02-03 00:00:00-05:00,10.760000228881836,11.029999732971191,10.529999732971191,10.899999618530273,90100,0.0,0.0
2023-02-06 00:00:00-05:00,10.779999732971191,11.079999923706055,10.729999542236328,10.979999542236328,89700,0.0,0.0
2023-02-07 00:00:00-05:00,10.90999984741211,11.079999923706055,10.600000381469727,10.850000381469727,92800,0.0,0.0
2023-02-08 00:00:00-05:00,10.720000267028809,10.890000343322754,10.65999984741211,10.729999542236328,57100,0.0,0.0
2023-02-09 00:00:00-05:00,10.789999961853027,10.949999809265137,10.65999984741211,10.710000038146973,29100,0.0,0.0
2023-02-10 00:00:00-05:00,10.65999984741211,10.880000114440918,10.640000343322754,10.699999809265137,35400,0.0,0.0
2023-02-13 00:00:00-05:00,10.640000343322754,10.9399995803833,10.579999923706055,10.880000114440918,83500,0.0,0.0
2023-02-14 00:00:00-05:00,10.859999656677246,11.050000190734863,10.6899995803833,10.720000267028809,96300,0.0,0.0
2023-02-15 00:00:00-05:00,10.699999809265137,10.699999809265137,10.210000038146973,10.600000381469727,130600,0.0,0.0
2023-02-16 00:00:00-05:00,10.449999809265137,10.850000381469727,10.170000076293945,10.819999694824219,49100,0.0,0.0
2023-02-17 00:00:00-05:00,10.899999618530273,11.460000038146973,10.670000076293945,11.279999732971191,110700,0.0,0.0
2023-02-21 00:00:00-05:00,11.130000114440918,11.9399995803833,11.0,11.229999542236328,186900,0.0,0.0
2023-02-22 00:00:00-05:00,11.25,11.300000190734863,10.699999809265137,10.9399995803833,104700,0.0,0.0
2023-02-23 00:00:00-05:00,11.069999694824219,11.390000343322754,10.949999809265137,11.180000305175781,108700,0.0,0.0
2023-02-24 00:00:00-05:00,11.029999732971191,11.199999809265137,10.779999732971191,10.960000038146973,68100,0.0,0.0
2023-02-27 00:00:00-05:00,11.199999809265137,11.34000015258789,10.970000267028809,11.260000228881836,71700,0.0,0.0
2023-02-28 00:00:00-05:00,13.390000343322754,13.6899995803833,12.399999618530273,13.350000381469727,707400,0.0,0.0
2023-03-01 00:00:00-05:00,13.350000381469727,13.670000076293945,13.09000015258789,13.289999961853027,531900,0.0,0.0
2023-03-02 00:00:00-05:00,13.289999961853027,14.600000381469727,13.0600004196167,14.40999984741211,722300,0.0,0.0
2023-03-03 00:00:00-05:00,14.770000457763672,14.829999923706055,14.140000343322754,14.300000190734863,603300,0.0,0.0
2023-03-06 00:00:00-05:00,14.510000228881836,14.75,13.869999885559082,14.25,638200,0.0,0.0
2023-03-07 00:00:00-05:00,14.140000343322754,14.430000305175781,13.739999771118164,14.039999961853027,298400,0.0,0.0
2023-03-08 00:00:00-05:00,14.119999885559082,14.829999923706055,14.010000228881836,14.649999618530273,291000,0.0,0.0
2023-03-09 00:00:00-05:00,14.720000267028809,14.720000267028809,13.449999809265137,14.130000114440918,400000,0.0,0.0
2023-03-10 00:00:00-05:00,13.960000038146973,14.149999618530273,13.260000228881836,13.539999961853027,278500,0.0,0.0
2023-03-13 00:00:00-04:00,13.529999732971191,13.859999656677246,13.149999618530273,13.550000190734863,253500,0.0,0.0
2023-03-14 00:00:00-04:00,13.699999809265137,13.989999771118164,13.640000343322754,13.930000305175781,248800,0.0,0.0
2023-03-15 00:00:00-04:00,13.770000457763672,13.84000015258789,13.479999542236328,13.479999542236328,201100,0.0,0.0
2023-03-16 00:00:00-04:00,13.399999618530273,13.989999771118164,13.199999809265137,13.729999542236328,328500,0.0,0.0
2023-03-17 00:00:00-04:00,13.600000381469727,13.970000267028809,13.420000076293945,13.5600004196167,436000,0.0,0.0
2023-03-20 00:00:00-04:00,13.5,13.609999656677246,13.029999732971191,13.369999885559082,442800,0.0,0.0
2023-03-21 00:00:00-04:00,13.640000343322754,13.880000114440918,13.539999961853027,13.75,333400,0.0,0.0
2023-03-22 00:00:00-04:00,13.75,13.930000305175781,13.369999885559082,13.510000228881836,230400,0.0,0.0
2023-03-23 00:00:00-04:00,14.050000190734863,14.3100004196167,13.550000190734863,13.920000076293945,466700,0.0,0.0
2023-03-24 00:00:00-04:00,13.829999923706055,14.109999656677246,13.699999809265137,14.0,333700,0.0,0.0
2023-03-27 00:00:00-04:00,14.100000381469727,14.649999618530273,14.0,14.579999923706055,429400,0.0,0.0
2023-03-28 00:00:00-04:00,14.65999984741211,14.670000076293945,14.210000038146973,14.25,378700,0.0,0.0
2023-03-29 00:00:00-04:00,14.489999771118164,14.800000190734863,14.260000228881836,14.619999885559082,410100,0.0,0.0
2023-03-30 00:00:00-04:00,14.729999542236328,14.75,14.0600004196167,14.350000381469727,333600,0.0,0.0
2023-03-31 00:00:00-04:00,14.420000076293945,14.619999885559082,14.319999694824219,14.5,752400,0.0,0.0
2023-04-03 00:00:00-04:00,14.5,14.5600004196167,13.510000228881836,14.40999984741211,503600,0.0,0.0
2023-04-04 00:00:00-04:00,14.470000267028809,14.75,13.850000381469727,14.109999656677246,306700,0.0,0.0
2023-04-05 00:00:00-04:00,14.069999694824219,14.25,13.880000114440918,13.970000267028809,149000,0.0,0.0
2023-04-06 00:00:00-04:00,13.970000267028809,14.479999542236328,13.699999809265137,14.270000457763672,174500,0.0,0.0
2023-04-10 00:00:00-04:00,14.199999809265137,15.329999923706055,14.09000015258789,15.239999771118164,642000,0.0,0.0
2023-04-11 00:00:00-04:00,15.319999694824219,15.65999984741211,15.010000228881836,15.1899995803833,808000,0.0,0.0
2023-04-12 00:00:00-04:00,15.399999618530273,15.59000015258789,14.850000381469727,15.399999618530273,400500,0.0,0.0
2023-04-13 00:00:00-04:00,15.5,15.949999809265137,15.300000190734863,15.829999923706055,475100,0.0,0.0
2023-04-14 00:00:00-04:00,15.90999984741211,16.18000030517578,15.729999542236328,15.979999542236328,452400,0.0,0.0
2023-04-17 00:00:00-04:00,16.040000915527344,16.700000762939453,15.710000038146973,16.690000534057617,843300,0.0,0.0
2023-04-18 00:00:00-04:00,16.770000457763672,17.139999389648438,16.520000457763672,16.829999923706055,792000,0.0,0.0
2023-04-19 00:00:00-04:00,16.700000762939453,17.020000457763672,15.770000457763672,16.6200008392334,717200,0.0,0.0
2023-04-20 00:00:00-04:00,16.450000762939453,17.0,16.06999969482422,16.68000030517578,414500,0.0,0.0
2023-04-21 00:00:00-04:00,16.639999389648438,16.739999771118164,13.699999809265137,14.619999885559082,1428100,0.0,0.0
2023-04-24 00:00:00-04:00,14.390000343322754,14.84000015258789,14.180000305175781,14.319999694824219,421800,0.0,0.0
2023-04-25 00:00:00-04:00,14.390000343322754,14.479999542236328,13.510000228881836,13.529999732971191,635500,0.0,0.0
2023-04-26 00:00:00-04:00,13.649999618530273,13.779999732971191,13.390000343322754,13.539999961853027,248000,0.0,0.0
2023-04-27 00:00:00-04:00,13.569999694824219,13.649999618530273,12.899999618530273,13.199999809265137,360000,0.0,0.0
2023-04-28 00:00:00-04:00,13.199999809265137,13.350000381469727,12.819999694824219,13.34000015258789,285100,0.0,0.0
2023-05-01 00:00:00-04:00,13.449999809265137,13.859999656677246,13.369999885559082,13.770000457763672,268600,0.0,0.0
2023-05-02 00:00:00-04:00,13.710000038146973,14.069999694824219,13.619999885559082,13.720000267028809,403700,0.0,0.0
2023-05-03 00:00:00-04:00,13.680000305175781,14.100000381469727,13.5,14.020000457763672,352900,0.0,0.0
2023-05-04 00:00:00-04:00,13.9399995803833,13.960000038146973,13.760000228881836,13.779999732971191,184300,0.0,0.0
2023-05-05 00:00:00-04:00,13.859999656677246,14.020000457763672,13.270000457763672,13.649999618530273,296800,0.0,0.0
2023-05-08 00:00:00-04:00,13.710000038146973,13.880000114440918,13.279999732971191,13.470000267028809,271900,0.0,0.0
2023-05-09 00:00:00-04:00,14.5,15.880000114440918,14.0600004196167,14.550000190734863,1141100,0.0,0.0
2023-05-10 00:00:00-04:00,14.6899995803833,14.739999771118164,13.710000038146973,13.819999694824219,306300,0.0,0.0
2023-05-11 00:00:00-04:00,13.710000038146973,13.970000267028809,12.880000114440918,13.119999885559082,436100,0.0,0.0
2023-05-12 00:00:00-04:00,13.119999885559082,13.460000038146973,12.960000038146973,13.199999809265137,195800,0.0,0.0
2023-05-15 00:00:00-04:00,13.130000114440918,13.34000015258789,12.5600004196167,12.630000114440918,291200,0.0,0.0
2023-05-16 00:00:00-04:00,12.529999732971191,13.109999656677246,12.3100004196167,12.680000305175781,214200,0.0,0.0
2023-05-17 00:00:00-04:00,12.720000267028809,13.050000190734863,12.65999984741211,12.890000343322754,170900,0.0,0.0
2023-05-18 00:00:00-04:00,12.899999618530273,13.390000343322754,12.680000305175781,13.359999656677246,198500,0.0,0.0
2023-05-19 00:00:00-04:00,13.460000038146973,13.619999885559082,13.329999923706055,13.359999656677246,215600,0.0,0.0
2023-05-22 00:00:00-04:00,13.390000343322754,13.529999732971191,13.1899995803833,13.1899995803833,181500,0.0,0.0
2023-05-23 00:00:00-04:00,13.199999809265137,13.40999984741211,12.770000457763672,12.869999885559082,139600,0.0,0.0
2023-05-24 00:00:00-04:00,12.779999732971191,12.859999656677246,12.539999961853027,12.5600004196167,159800,0.0,0.0
2023-05-25 00:00:00-04:00,12.5600004196167,12.5600004196167,11.770000457763672,11.9399995803833,372200,0.0,0.0
2023-05-26 00:00:00-04:00,11.970000267028809,12.1899995803833,11.869999885559082,11.899999618530273,244300,0.0,0.0
2023-05-30 00:00:00-04:00,11.859999656677246,11.949999809265137,11.449999809265137,11.649999618530273,210400,0.0,0.0
2023-05-31 00:00:00-04:00,11.569999694824219,11.869999885559082,11.510000228881836,11.8100004196167,218900,0.0,0.0
2023-06-01 00:00:00-04:00,11.829999923706055,12.270000457763672,11.6899995803833,12.260000228881836,252300,0.0,0.0
2023-06-02 00:00:00-04:00,12.300000190734863,12.699999809265137,12.199999809265137,12.539999961853027,202800,0.0,0.0
2023-06-05 00:00:00-04:00,12.609999656677246,12.609999656677246,12.229999542236328,12.279999732971191,208000,0.0,0.0
2023-06-06 00:00:00-04:00,12.289999961853027,12.789999961853027,12.279999732971191,12.6899995803833,128500,0.0,0.0
2023-06-07 00:00:00-04:00,12.65999984741211,12.84000015258789,12.1899995803833,12.770000457763672,229200,0.0,0.0
2023-06-08 00:00:00-04:00,12.800000190734863,12.880000114440918,12.210000038146973,12.229999542236328,146000,0.0,0.0
2023-06-09 00:00:00-04:00,12.229999542236328,12.390000343322754,11.90999984741211,11.930000305175781,178400,0.0,0.0
2023-06-12 00:00:00-04:00,11.8100004196167,12.390000343322754,11.75,12.079999923706055,190800,0.0,0.0
2023-06-13 00:00:00-04:00,12.119999885559082,12.470000267028809,12.079999923706055,12.229999542236328,172400,0.0,0.0
2023-06-14 00:00:00-04:00,12.140000343322754,12.25,11.75,11.760000228881836,119400,0.0,0.0
2023-06-15 00:00:00-04:00,11.6899995803833,11.890000343322754,11.550000190734863,11.670000076293945,167200,0.0,0.0
2023-06-16 00:00:00-04:00,11.539999961853027,11.720000267028809,11.270000457763672,11.550000190734863,322600,0.0,0.0
2023-06-20 00:00:00-04:00,11.569999694824219,12.079999923706055,11.569999694824219,12.039999961853027,207500,0.0,0.0
2023-06-21 00:00:00-04:00,12.039999961853027,12.390000343322754,11.899999618530273,12.300000190734863,186500,0.0,0.0
2023-06-22 00:00:00-04:00,12.279999732971191,12.390000343322754,12.100000381469727,12.260000228881836,150500,0.0,0.0
2023-06-23 00:00:00-04:00,12.140000343322754,12.180000305175781,11.760000228881836,11.850000381469727,2586300,0.0,0.0
2023-06-26 00:00:00-04:00,11.550000190734863,11.770000457763672,11.279999732971191,11.59000015258789,270800,0.0,0.0
2023-06-27 00:00:00-04:00,11.65999984741211,11.930000305175781,11.510000228881836,11.8100004196167,169000,0.0,0.0
2023-06-28 00:00:00-04:00,11.75,12.1899995803833,11.649999618530273,12.100000381469727,157800,0.0,0.0
2023-06-29 00:00:00-04:00,12.09000015258789,12.270000457763672,11.970000267028809,12.020000457763672,138700,0.0,0.0
2023-06-30 00:00:00-04:00,12.09000015258789,12.220000267028809,11.960000038146973,12.15999984741211,343600,0.0,0.0
2023-07-03 00:00:00-04:00,12.15999984741211,12.180000305175781,11.770000457763672,11.880000114440918,115800,0.0,0.0
2023-07-05 00:00:00-04:00,11.850000381469727,11.859999656677246,11.619999885559082,11.800000190734863,145300,0.0,0.0
2023-07-06 00:00:00-04:00,11.6899995803833,11.829999923706055,11.529999732971191,11.779999732971191,244500,0.0,0.0
2023-07-07 00:00:00-04:00,11.800000190734863,12.100000381469727,11.800000190734863,11.949999809265137,181600,0.0,0.0
2023-07-10 00:00:00-04:00,11.880000114440918,12.479999542236328,11.880000114440918,12.460000038146973,163300,0.0,0.0
2023-07-11 00:00:00-04:00,12.75,12.75,12.289999961853027,12.399999618530273,193300,0.0,0.0
2023-07-12 00:00:00-04:00,12.510000228881836,12.6899995803833,12.100000381469727,12.460000038146973,123000,0.0,0.0
2023-07-13 00:00:00-04:00,12.489999771118164,13.539999961853027,12.4399995803833,13.479999542236328,299000,0.0,0.0
2023-07-14 00:00:00-04:00,13.5,13.680000305175781,13.140000343322754,13.369999885559082,227000,0.0,0.0
2023-07-17 00:00:00-04:00,13.430000305175781,14.079999923706055,13.390000343322754,13.960000038146973,196500,0.0,0.0
2023-07-18 00:00:00-04:00,13.970000267028809,14.1899995803833,13.819999694824219,13.890000343322754,171600,0.0,0.0
2023-07-19 00:00:00-04:00,13.920000076293945,14.260000228881836,13.609999656677246,14.180000305175781,212600,0.0,0.0
2023-07-20 00:00:00-04:00,14.220000267028809,14.460000038146973,13.9399995803833,14.050000190734863,119300,0.0,0.0
2023-07-21 00:00:00-04:00,14.140000343322754,14.170000076293945,13.619999885559082,13.630000114440918,197300,0.0,0.0
2023-07-24 00:00:00-04:00,13.630000114440918,13.720000267028809,13.430000305175781,13.489999771118164,137100,0.0,0.0
2023-07-25 00:00:00-04:00,13.430000305175781,13.930000305175781,13.430000305175781,13.720000267028809,98100,0.0,0.0
2023-07-26 00:00:00-04:00,13.720000267028809,13.720000267028809,13.140000343322754,13.229999542236328,128000,0.0,0.0
2023-07-27 00:00:00-04:00,13.130000114440918,13.430000305175781,13.130000114440918,13.399999618530273,115900,0.0,0.0
2023-07-28 00:00:00-04:00,13.520000457763672,13.75,13.4399995803833,13.5600004196167,109800,0.0,0.0
2023-07-31 00:00:00-04:00,13.5600004196167,13.8100004196167,13.520000457763672,13.640000343322754,153500,0.0,0.0
2023-08-01 00:00:00-04:00,13.550000190734863,13.9399995803833,13.5,13.869999885559082,81600,0.0,0.0
2023-08-02 00:00:00-04:00,13.65999984741211,13.9399995803833,13.630000114440918,13.800000190734863,152200,0.0,0.0
2023-08-03 00:00:00-04:00,13.75,13.760000228881836,13.170000076293945,13.319999694824219,161900,0.0,0.0
2023-08-04 00:00:00-04:00,13.3100004196167,13.40999984741211,12.869999885559082,13.180000305175781,119200,0.0,0.0
2023-08-07 00:00:00-04:00,13.149999618530273,13.449999809265137,12.880000114440918,13.40999984741211,131800,0.0,0.0
2023-08-08 00:00:00-04:00,14.680000305175781,15.539999961853027,14.130000114440918,14.869999885559082,495300,0.0,0.0
2023-08-09 00:00:00-04:00,14.789999961853027,14.829999923706055,13.5600004196167,13.59000015258789,201400,0.0,0.0
2023-08-10 00:00:00-04:00,13.670000076293945,13.760000228881836,13.220000267028809,13.289999961853027,112300,0.0,0.0
2023-08-11 00:00:00-04:00,13.1899995803833,13.5600004196167,13.149999618530273,13.520000457763672,93900,0.0,0.0
2023-08-14 00:00:00-04:00,13.520000457763672,13.989999771118164,13.380000114440918,13.90999984741211,139200,0.0,0.0
2023-08-15 00:00:00-04:00,13.989999771118164,14.390000343322754,13.710000038146973,14.239999771118164,178400,0.0,0.0
2023-08-16 00:00:00-04:00,14.279999732971191,14.460000038146973,13.800000190734863,13.850000381469727,120800,0.0,0.0
2023-08-17 00:00:00-04:00,12.0,12.180000305175781,11.470000267028809,11.760000228881836,1725500,0.0,0.0
2023-08-18 00:00:00-04:00,11.739999771118164,11.989999771118164,11.699999809265137,11.890000343322754,236600,0.0,0.0
2023-08-21 00:00:00-04:00,11.880000114440918,11.979999542236328,11.569999694824219,11.649999618530273,235900,0.0,0.0
2023-08-22 00:00:00-04:00,11.739999771118164,12.100000381469727,11.619999885559082,11.880000114440918,405300,0.0,0.0
2023-08-23 00:00:00-04:00,11.9399995803833,11.979999542236328,11.739999771118164,11.90999984741211,176300,0.0,0.0
2023-08-24 00:00:00-04:00,11.850000381469727,11.899999618530273,11.59000015258789,11.649999618530273,128200,0.0,0.0
2023-08-25 00:00:00-04:00,11.649999618530273,11.859999656677246,11.399999618530273,11.760000228881836,222600,0.0,0.0
2023-08-28 00:00:00-04:00,11.819999694824219,12.0,11.579999923706055,11.829999923706055,191300,0.0,0.0
2023-08-29 00:00:00-04:00,11.84000015258789,11.90999984741211,11.579999923706055,11.8100004196167,103900,0.0,0.0
2023-08-30 00:00:00-04:00,12.609999656677246,12.609999656677246,11.8100004196167,12.0600004196167,410900,0.0,0.0
2023-08-31 00:00:00-04:00,12.039999961853027,12.65999984741211,11.970000267028809,12.539999961853027,367100,0.0,0.0
2023-09-01 00:00:00-04:00,12.640000343322754,12.9399995803833,12.359999656677246,12.609999656677246,234400,0.0,0.0
2023-09-05 00:00:00-04:00,12.520000457763672,12.520000457763672,11.930000305175781,12.050000190734863,247600,0.0,0.0
2023-09-06 00:00:00-04:00,12.0600004196167,12.229999542236328,11.729999542236328,11.920000076293945,187200,0.0,0.0
2023-09-07 00:00:00-04:00,11.789999961853027,11.930000305175781,11.600000381469727,11.649999618530273,224700,0.0,0.0
2023-09-08 00:00:00-04:00,11.84000015258789,12.010000228881836,11.529999732971191,11.5600004196167,185800,0.0,0.0
2023-09-11 00:00:00-04:00,11.59000015258789,11.710000038146973,11.470000267028809,11.670000076293945,124200,0.0,0.0
2023-09-12 00:00:00-04:00,11.640000343322754,11.859999656677246,11.460000038146973,11.470000267028809,144300,0.0,0.0
2023-09-13 00:00:00-04:00,11.489999771118164,11.550000190734863,11.020000457763672,11.0600004196167,271900,0.0,0.0
2023-09-14 00:00:00-04:00,11.149999618530273,11.539999961853027,11.149999618530273,11.329999923706055,334800,0.0,0.0
2023-09-15 00:00:00-04:00,11.229999542236328,11.279999732971191,9.130000114440918,9.720000267028809,1777800,0.0,0.0
2023-09-18 00:00:00-04:00,9.670000076293945,9.720000267028809,8.739999771118164,8.90999984741211,795600,0.0,0.0
2023-09-19 00:00:00-04:00,8.930000305175781,9.25,8.600000381469727,8.850000381469727,497500,0.0,0.0
2023-09-20 00:00:00-04:00,8.850000381469727,9.15999984741211,8.789999961853027,8.800000190734863,369100,0.0,0.0
2023-09-21 00:00:00-04:00,8.699999809265137,8.779999732971191,8.180000305175781,8.210000038146973,356700,0.0,0.0
2023-09-22 00:00:00-04:00,8.25,8.680000305175781,8.25,8.619999885559082,322500,0.0,0.0
2023-09-25 00:00:00-04:00,8.619999885559082,8.920000076293945,8.539999961853027,8.890000343322754,271600,0.0,0.0
2023-09-26 00:00:00-04:00,8.84000015258789,9.180000305175781,8.770000457763672,8.989999771118164,253200,0.0,0.0
2023-09-27 00:00:00-04:00,9.050000190734863,9.329999923706055,8.920000076293945,9.260000228881836,254000,0.0,0.0
2023-09-28 00:00:00-04:00,9.279999732971191,9.630000114440918,9.210000038146973,9.489999771118164,242300,0.0,0.0
2023-09-29 00:00:00-04:00,9.579999923706055,9.84000015258789,9.40999984741211,9.460000038146973,287000,0.0,0.0
2023-10-02 00:00:00-04:00,9.470000267028809,9.520000457763672,8.640000343322754,8.760000228881836,357500,0.0,0.0
2023-10-03 00:00:00-04:00,8.729999542236328,8.979999542236328,8.65999984741211,8.819999694824219,288100,0.0,0.0
2023-10-04 00:00:00-04:00,8.819999694824219,9.399999618530273,8.819999694824219,9.289999961853027,233100,0.0,0.0
2023-10-05 00:00:00-04:00,9.300000190734863,9.40999984741211,8.989999771118164,9.079999923706055,168300,0.0,0.0
2023-10-06 00:00:00-04:00,9.0,9.289999961853027,8.930000305175781,9.1899995803833,161100,0.0,0.0
2023-10-09 00:00:00-04:00,9.109999656677246,9.40999984741211,8.989999771118164,9.149999618530273,118400,0.0,0.0
2023-10-10 00:00:00-04:00,9.210000038146973,9.449999809265137,9.15999984741211,9.25,132500,0.0,0.0
2023-10-11 00:00:00-04:00,9.270000457763672,9.470000267028809,9.020000457763672,9.119999885559082,140200,0.0,0.0
2023-10-12 00:00:00-04:00,9.149999618530273,9.319999694824219,8.5,8.569999694824219,302000,0.0,0.0
2023-10-13 00:00:00-04:00,8.670000076293945,8.829999923706055,8.4399995803833,8.680000305175781,218300,0.0,0.0
2023-10-16 00:00:00-04:00,8.720000267028809,8.970000267028809,8.670000076293945,8.890000343322754,167800,0.0,0.0
2023-10-17 00:00:00-04:00,8.84000015258789,9.119999885559082,8.84000015258789,8.970000267028809,178400,0.0,0.0
2023-10-18 00:00:00-04:00,8.90999984741211,8.90999984741211,8.460000038146973,8.5,571400,0.0,0.0
2023-10-19 00:00:00-04:00,8.5600004196167,8.720000267028809,8.390000343322754,8.449999809265137,149800,0.0,0.0
2023-10-20 00:00:00-04:00,8.460000038146973,8.529999732971191,8.260000228881836,8.460000038146973,159500,0.0,0.0
2023-10-23 00:00:00-04:00,8.489999771118164,8.489999771118164,8.15999984741211,8.390000343322754,221000,0.0,0.0
2023-10-24 00:00:00-04:00,8.460000038146973,8.8100004196167,8.460000038146973,8.699999809265137,303400,0.0,0.0
2023-10-25 00:00:00-04:00,8.640000343322754,8.680000305175781,8.4399995803833,8.479999542236328,516400,0.0,0.0
2023-10-26 00:00:00-04:00,8.449999809265137,8.569999694824219,8.1899995803833,8.300000190734863,149000,0.0,0.0
2023-10-27 00:00:00-04:00,8.279999732971191,8.359999656677246,8.100000381469727,8.25,171000,0.0,0.0
2023-10-30 00:00:00-04:00,8.319999694824219,8.369999885559082,8.229999542236328,8.319999694824219,120100,0.0,0.0
2023-10-31 00:00:00-04:00,8.34000015258789,8.460000038146973,8.260000228881836,8.460000038146973,95700,0.0,0.0
2023-11-01 00:00:00-04:00,8.470000267028809,8.489999771118164,8.0600004196167,8.3100004196167,241400,0.0,0.0
2023-11-02 00:00:00-04:00,8.4399995803833,8.5600004196167,8.25,8.420000076293945,163400,0.0,0.0
2023-11-03 00:00:00-04:00,8.59000015258789,8.65999984741211,8.420000076293945,8.489999771118164,133600,0.0,0.0
2023-11-06 00:00:00-05:00,8.479999542236328,8.819999694824219,8.260000228881836,8.420000076293945,89900,0.0,0.0
2023-11-07 00:00:00-05:00,8.329999923706055,8.649999618530273,8.279999732971191,8.550000190734863,95200,0.0,0.0
2023-11-08 00:00:00-05:00,8.550000190734863,8.550000190734863,8.229999542236328,8.3100004196167,133900,0.0,0.0
2023-11-09 00:00:00-05:00,8.430000305175781,8.550000190734863,8.359999656677246,8.4399995803833,135200,0.0,0.0
2023-11-10 00:00:00-05:00,8.449999809265137,8.569999694824219,8.119999885559082,8.510000228881836,261800,0.0,0.0
2023-11-13 00:00:00-05:00,8.489999771118164,8.5600004196167,8.319999694824219,8.5600004196167,345600,0.0,0.0
2023-11-14 00:00:00-05:00,7.360000133514404,7.380000114440918,6.309999942779541,6.829999923706055,1587900,0.0,0.0
2023-11-15 00:00:00-05:00,6.860000133514404,7.150000095367432,6.760000228881836,6.989999771118164,712300,0.0,0.0
2023-11-16 00:00:00-05:00,7.039999961853027,7.369999885559082,6.699999809265137,7.269999980926514,634900,0.0,0.0
2023-11-17 00:00:00-05:00,7.360000133514404,7.369999885559082,6.909999847412109,7.139999866485596,498600,0.0,0.0
2023-11-20 00:00:00-05:00,7.199999809265137,7.860000133514404,7.179999828338623,7.75,582900,0.0,0.0
2023-11-21 00:00:00-05:00,7.739999771118164,8.0,7.679999828338623,7.829999923706055,602300,0.0,0.0
2023-11-22 00:00:00-05:00,7.869999885559082,8.029999732971191,7.78000020980835,7.900000095367432,511500,0.0,0.0
2023-11-24 00:00:00-05:00,7.929999828338623,8.149999618530273,7.900000095367432,8.079999923706055,256800,0.0,0.0
2023-11-27 00:00:00-05:00,8.079999923706055,8.09000015258789,7.739999771118164,7.800000190734863,461700,0.0,0.0
2023-11-28 00:00:00-05:00,7.789999961853027,7.809999942779541,7.539999961853027,7.570000171661377,534900,0.0,0.0
2023-11-29 00:00:00-05:00,7.579999923706055,7.769999980926514,7.5,7.559999942779541,514900,0.0,0.0
2023-11-30 00:00:00-05:00,7.599999904632568,8.020000457763672,7.599999904632568,7.96999979019165,310200,0.0,0.0
2023-12-01 00:00:00-05:00,7.949999809265137,8.350000381469727,7.929999828338623,8.050000190734863,313100,0.0,0.0
2023-12-04 00:00:00-05:00,8.0,8.289999961853027,7.909999847412109,8.029999732971191,310700,0.0,0.0
2023-12-05 00:00:00-05:00,8.029999732971191,8.329999923706055,8.029999732971191,8.170000076293945,256600,0.0,0.0
2023-12-06 00:00:00-05:00,8.210000038146973,8.420000076293945,7.949999809265137,7.96999979019165,350900,0.0,0.0
2023-12-07 00:00:00-05:00,8.100000381469727,8.100000381469727,7.599999904632568,7.610000133514404,195900,0.0,0.0
2023-12-08 00:00:00-05:00,7.71999979019165,7.840000152587891,7.630000114440918,7.78000020980835,161500,0.0,0.0
2023-12-11 00:00:00-05:00,7.889999866485596,7.909999847412109,7.599999904632568,7.610000133514404,136000,0.0,0.0
2023-12-12 00:00:00-05:00,7.610000133514404,7.730000019073486,7.539999961853027,7.599999904632568,152100,0.0,0.0
2023-12-13 00:00:00-05:00,7.599999904632568,7.900000095367432,7.539999961853027,7.860000133514404,327200,0.0,0.0
2023-12-14 00:00:00-05:00,7.920000076293945,8.119999885559082,7.75,7.96999979019165,351600,0.0,0.0
2023-12-15 00:00:00-05:00,8.069999694824219,8.239999771118164,7.78000020980835,7.860000133514404,840300,0.0,0.0
2023-12-18 00:00:00-05:00,7.849999904632568,8.550000190734863,7.800000190734863,8.289999961853027,582800,0.0,0.0
2023-12-19 00:00:00-05:00,8.289999961853027,8.59000015258789,8.289999961853027,8.5600004196167,435800,0.0,0.0
2023-12-20 00:00:00-05:00,8.539999961853027,8.800000190734863,8.420000076293945,8.520000457763672,288900,0.0,0.0
2023-12-21 00:00:00-05:00,8.600000381469727,8.989999771118164,8.600000381469727,8.930000305175781,250700,0.0,0.0
2023-12-22 00:00:00-05:00,8.930000305175781,9.149999618530273,8.899999618530273,9.109999656677246,167600,0.0,0.0
2023-12-26 00:00:00-05:00,9.170000076293945,9.470000267028809,9.0600004196167,9.420000076293945,278300,0.0,0.0
2023-12-27 00:00:00-05:00,9.449999809265137,9.5600004196167,9.319999694824219,9.529999732971191,205900,0.0,0.0
2023-12-28 00:00:00-05:00,9.529999732971191,9.550000190734863,9.4399995803833,9.510000228881836,194700,0.0,0.0
2023-12-29 00:00:00-05:00,9.520000457763672,9.989999771118164,9.319999694824219,9.520000457763672,459800,0.0,0.0
2024-01-02 00:00:00-05:00,9.4399995803833,9.510000228881836,9.0,9.039999961853027,267200,0.0,0.0
2024-01-03 00:00:00-05:00,9.100000381469727,9.100000381469727,8.670000076293945,8.770000457763672,325500,0.0,0.0
2024-01-04 00:00:00-05:00,8.75,8.84000015258789,8.399999618530273,8.4399995803833,219800,0.0,0.0
2024-01-05 00:00:00-05:00,8.369999885559082,8.569999694824219,8.300000190734863,8.380000114440918,205300,0.0,0.0
2024-01-08 00:00:00-05:00,8.399999618530273,8.729999542236328,8.260000228881836,8.710000038146973,235000,0.0,0.0
2024-01-09 00:00:00-05:00,8.609999656677246,8.90999984741211,8.40999984741211,8.609999656677246,227200,0.0,0.0
2024-01-10 00:00:00-05:00,8.619999885559082,8.619999885559082,8.390000343322754,8.420000076293945,165500,0.0,0.0
2024-01-11 00:00:00-05:00,8.4399995803833,8.449999809265137,8.149999618530273,8.170000076293945,296300,0.0,0.0
2024-01-12 00:00:00-05:00,8.210000038146973,8.59000015258789,8.170000076293945,8.489999771118164,331900,0.0,0.0
2024-01-16 00:00:00-05:00,8.40999984741211,8.5,8.15999984741211,8.270000457763672,214900,0.0,0.0
2024-01-17 00:00:00-05:00,8.180000305175781,8.289999961853027,8.029999732971191,8.229999542236328,235000,0.0,0.0
2024-01-18 00:00:00-05:00,8.289999961853027,8.550000190734863,8.140000343322754,8.270000457763672,299200,0.0,0.0
2024-01-19 00:00:00-05:00,8.479999542236328,8.479999542236328,8.09000015258789,8.369999885559082,225900,0.0,0.0
2024-01-22 00:00:00-05:00,8.369999885559082,9.039999961853027,8.369999885559082,8.989999771118164,329600,0.0,0.0
2024-01-23 00:00:00-05:00,9.020000457763672,9.050000190734863,8.739999771118164,8.760000228881836,167600,0.0,0.0
2024-01-24 00:00:00-05:00,8.90999984741211,8.960000038146973,8.630000114440918,8.779999732971191,212600,0.0,0.0
2024-01-25 00:00:00-05:00,8.880000114440918,8.949999809265137,8.699999809265137,8.890000343322754,115400,0.0,0.0
2024-01-26 00:00:00-05:00,8.989999771118164,9.109999656677246,8.699999809265137,8.710000038146973,133400,0.0,0.0
2024-01-29 00:00:00-05:00,8.760000228881836,9.069999694824219,8.739999771118164,9.050000190734863,102700,0.0,0.0
2024-01-30 00:00:00-05:00,9.079999923706055,9.130000114440918,8.949999809265137,9.09000015258789,122400,0.0,0.0
2024-01-31 00:00:00-05:00,9.0600004196167,9.130000114440918,8.800000190734863,8.84000015258789,141700,0.0,0.0
2024-02-01 00:00:00-05:00,8.949999809265137,9.140000343322754,8.850000381469727,9.050000190734863,121700,0.0,0.0
2024-02-02 00:00:00-05:00,9.079999923706055,9.1899995803833,8.880000114440918,9.140000343322754,130100,0.0,0.0
2024-02-05 00:00:00-05:00,9.100000381469727,9.329999923706055,8.890000343322754,9.260000228881836,239300,0.0,0.0
2024-02-06 00:00:00-05:00,9.239999771118164,9.4399995803833,9.15999984741211,9.359999656677246,126900,0.0,0.0
2024-02-07 00:00:00-05:00,9.350000381469727,9.520000457763672,9.220000267028809,9.5,224300,0.0,0.0
2024-02-08 00:00:00-05:00,9.510000228881836,9.90999984741211,9.510000228881836,9.75,259800,0.0,0.0
2024-02-09 00:00:00-05:00,9.760000228881836,9.920000076293945,9.65999984741211,9.819999694824219,202400,0.0,0.0
2024-02-12 00:00:00-05:00,9.800000190734863,9.899999618530273,9.640000343322754,9.800000190734863,390300,0.0,0.0
2024-02-13 00:00:00-05:00,9.510000228881836,9.829999923706055,9.479999542236328,9.710000038146973,289800,0.0,0.0
2024-02-14 00:00:00-05:00,9.880000114440918,10.260000228881836,9.779999732971191,10.170000076293945,168600,0.0,0.0
2024-02-15 00:00:00-05:00,10.210000038146973,10.520000457763672,10.140000343322754,10.220000267028809,200700,0.0,0.0
2024-02-16 00:00:00-05:00,10.149999618530273,10.430000305175781,10.050000190734863,10.40999984741211,233100,0.0,0.0
2024-02-20 00:00:00-05:00,10.289999961853027,10.399999618530273,10.119999885559082,10.15999984741211,176500,0.0,0.0
2024-02-21 00:00:00-05:00,10.1899995803833,10.1899995803833,9.949999809265137,10.15999984741211,231300,0.0,0.0
2024-02-22 00:00:00-05:00,10.119999885559082,10.270000457763672,9.949999809265137,9.989999771118164,189400,0.0,0.0
2024-02-23 00:00:00-05:00,9.960000038146973,10.020000457763672,9.670000076293945,9.949999809265137,342700,0.0,0.0
2024-02-26 00:00:00-05:00,9.970000267028809,10.300000190734863,9.899999618530273,10.270000457763672,308200,0.0,0.0
2024-02-27 00:00:00-05:00,9.220000267028809,10.010000228881836,8.869999885559082,9.020000457763672,756300,0.0,0.0
2024-02-28 00:00:00-05:00,8.9399995803833,9.180000305175781,8.800000190734863,8.970000267028809,195300,0.0,0.0
2024-02-29 00:00:00-05:00,9.149999618530273,9.380000114440918,9.020000457763672,9.319999694824219,256200,0.0,0.0
2024-03-01 00:00:00-05:00,9.239999771118164,9.649999618530273,9.220000267028809,9.579999923706055,176700,0.0,0.0
2024-03-04 00:00:00-05:00,9.65999984741211,9.6899995803833,9.300000190734863,9.420000076293945,192300,0.0,0.0
2024-03-05 00:00:00-05:00,9.40999984741211,9.40999984741211,9.029999732971191,9.140000343322754,164700,0.0,0.0
2024-03-06 00:00:00-05:00,9.270000457763672,9.550000190734863,9.25,9.470000267028809,281200,0.0,0.0
2024-03-07 00:00:00-05:00,9.569999694824219,9.630000114440918,9.100000381469727,9.15999984741211,320500,0.0,0.0
2024-03-08 00:00:00-05:00,9.180000305175781,9.329999923706055,9.109999656677246,9.25,147400,0.0,0.0
2024-03-11 00:00:00-04:00,9.260000228881836,9.260000228881836,8.970000267028809,8.970000267028809,141300,0.0,0.0
2024-03-12 00:00:00-04:00,8.989999771118164,9.0600004196167,8.899999618530273,8.979999542236328,96800,0.0,0.0
2024-03-13 00:00:00-04:00,8.979999542236328,9.100000381469727,8.6899995803833,8.729999542236328,172100,0.0,0.0
2024-03-14 00:00:00-04:00,8.75,8.760000228881836,8.149999618530273,8.239999771118164,229600,0.0,0.0
2024-03-15 00:00:00-04:00,8.199999809265137,8.319999694824219,8.039999961853027,8.220000267028809,329700,0.0,0.0
2024-03-18 00:00:00-04:00,8.260000228881836,8.479999542236328,8.100000381469727,8.3100004196167,210700,0.0,0.0
2024-03-19 00:00:00-04:00,8.279999732971191,8.489999771118164,8.239999771118164,8.270000457763672,214300,0.0,0.0
2024-03-20 00:00:00-04:00,8.270000457763672,8.470000267028809,8.1899995803833,8.319999694824219,178100,0.0,0.0
2024-03-21 00:00:00-04:00,8.369999885559082,8.539999961853027,8.329999923706055,8.380000114440918,209500,0.0,0.0
2024-03-22 00:00:00-04:00,8.390000343322754,8.59000015258789,8.109999656677246,8.149999618530273,216100,0.0,0.0
2024-03-25 00:00:00-04:00,8.050000190734863,8.289999961853027,7.949999809265137,8.100000381469727,285800,0.0,0.0
2024-03-26 00:00:00-04:00,8.100000381469727,8.109999656677246,7.599999904632568,7.650000095367432,408000,0.0,0.0
2024-03-27 00:00:00-04:00,7.690000057220459,7.909999847412109,7.619999885559082,7.900000095367432,205800,0.0,0.0
2024-03-28 00:00:00-04:00,7.909999847412109,7.920000076293945,7.699999809265137,7.78000020980835,233700,0.0,0.0
2024-04-01 00:00:00-04:00,7.78000020980835,7.889999866485596,7.460000038146973,7.539999961853027,206400,0.0,0.0
2024-04-02 00:00:00-04:00,7.5,7.550000190734863,7.320000171661377,7.409999847412109,179500,0.0,0.0
2024-04-03 00:00:00-04:00,7.389999866485596,7.679999828338623,7.349999904632568,7.440000057220459,179800,0.0,0.0
2024-04-04 00:00:00-04:00,7.489999771118164,7.659999847412109,7.449999809265137,7.53000020980835,155300,0.0,0.0
2024-04-05 00:00:00-04:00,7.510000228881836,7.570000171661377,7.420000076293945,7.510000228881836,135000,0.0,0.0
2024-04-08 00:00:00-04:00,7.550000190734863,7.809999942779541,7.480000019073486,7.760000228881836,174500,0.0,0.0
2024-04-09 00:00:00-04:00,7.800000190734863,7.980000019073486,7.739999771118164,7.940000057220459,142200,0.0,0.0
2024-04-10 00:00:00-04:00,7.78000020980835,7.78000020980835,7.53000020980835,7.610000133514404,167200,0.0,0.0
2024-04-11 00:00:00-04:00,7.639999866485596,7.639999866485596,7.380000114440918,7.440000057220459,139100,0.0,0.0
2024-04-12 00:00:00-04:00,7.389999866485596,7.480000019073486,7.210000038146973,7.300000190734863,104300,0.0,0.0
2024-04-15 00:00:00-04:00,7.329999923706055,7.440000057220459,7.150000095367432,7.179999828338623,122100,0.0,0.0
2024-04-16 00:00:00-04:00,7.159999847412109,7.25,7.0,7.099999904632568,92300,0.0,0.0
2024-04-17 00:00:00-04:00,7.119999885559082,7.199999809265137,7.050000190734863,7.059999942779541,158600,0.0,0.0
2024-04-18 00:00:00-04:00,7.079999923706055,7.110000133514404,6.929999828338623,6.949999809265137,155500,0.0,0.0
2024-04-19 00:00:00-04:00,6.949999809265137,7.03000020980835,6.909999847412109,6.989999771118164,138800,0.0,0.0
2024-04-22 00:00:00-04:00,7.070000171661377,7.230000019073486,6.900000095367432,6.920000076293945,142700,0.0,0.0
2024-04-23 00:00:00-04:00,6.929999828338623,7.179999828338623,6.920000076293945,7.03000020980835,127100,0.0,0.0
2024-04-24 00:00:00-04:00,7.039999961853027,7.210000038146973,7.03000020980835,7.199999809265137,243900,0.0,0.0
2024-04-25 00:00:00-04:00,7.090000152587891,7.130000114440918,6.989999771118164,7.059999942779541,248000,0.0,0.0
2024-04-26 00:00:00-04:00,7.079999923706055,7.360000133514404,7.079999923706055,7.269999980926514,142200,0.0,0.0
2024-04-29 00:00:00-04:00,7.269999980926514,7.519999980926514,7.260000228881836,7.510000228881836,172800,0.0,0.0
2024-04-30 00:00:00-04:00,7.480000019073486,7.489999771118164,7.320000171661377,7.389999866485596,245500,0.0,0.0
2024-05-01 00:00:00-04:00,7.360000133514404,7.590000152587891,7.230000019073486,7.460000038146973,204100,0.0,0.0
2024-05-02 00:00:00-04:00,7.630000114440918,8.09000015258789,7.619999885559082,7.960000038146973,352000,0.0,0.0
2024-05-03 00:00:00-04:00,7.550000190734863,7.550000190734863,6.889999866485596,7.039999961853027,575600,0.0,0.0
2024-05-06 00:00:00-04:00,7.110000133514404,7.389999866485596,7.050000190734863,7.300000190734863,290100,0.0,0.0
2024-05-07 00:00:00-04:00,7.28000020980835,7.380000114440918,7.230000019073486,7.289999961853027,108600,0.0,0.0
2024-05-08 00:00:00-04:00,7.329999923706055,7.53000020980835,7.190000057220459,7.239999771118164,417100,0.0,0.0
2024-05-09 00:00:00-04:00,7.21999979019165,7.590000152587891,7.21999979019165,7.550000190734863,203900,0.0,0.0
2024-05-10 00:00:00-04:00,7.539999961853027,7.599999904632568,7.409999847412109,7.460000038146973,99200,0.0,0.0
2024-05-13 00:00:00-04:00,7.489999771118164,7.590000152587891,7.329999923706055,7.369999885559082,174300,0.0,0.0
2024-05-14 00:00:00-04:00,7.440000057220459,7.519999980926514,7.380000114440918,7.409999847412109,107600,0.0,0.0
2024-05-15 00:00:00-04:00,7.5,7.630000114440918,7.409999847412109,7.599999904632568,124600,0.0,0.0
2024-05-16 00:00:00-04:00,7.550000190734863,7.670000076293945,7.309999942779541,7.630000114440918,113800,0.0,0.0
2024-05-17 00:00:00-04:00,7.639999866485596,7.639999866485596,7.46999979019165,7.46999979019165,100900,0.0,0.0
2024-05-20 00:00:00-04:00,7.480000019073486,7.650000095367432,7.449999809265137,7.650000095367432,160300,0.0,0.0
2024-05-21 00:00:00-04:00,7.599999904632568,7.610000133514404,7.489999771118164,7.559999942779541,55400,0.0,0.0
2024-05-22 00:00:00-04:00,7.550000190734863,7.650000095367432,7.480000019073486,7.519999980926514,56300,0.0,0.0
2024-05-23 00:00:00-04:00,7.570000171661377,7.570000171661377,7.369999885559082,7.420000076293945,94400,0.0,0.0
2024-05-24 00:00:00-04:00,7.449999809265137,7.559999942779541,7.400000095367432,7.539999961853027,54200,0.0,0.0
2024-05-28 00:00:00-04:00,7.550000190734863,7.840000152587891,7.460000038146973,7.650000095367432,105800,0.0,0.0
2024-05-29 00:00:00-04:00,7.599999904632568,7.690000057220459,7.449999809265137,7.460000038146973,84600,0.0,0.0
2024-05-30 00:00:00-04:00,7.46999979019165,7.670000076293945,7.409999847412109,7.519999980926514,116500,0.0,0.0
2024-05-31 00:00:00-04:00,7.550000190734863,7.659999847412109,7.480000019073486,7.570000171661377,79900,0.0,0.0
2024-06-03 00:00:00-04:00,7.659999847412109,8.010000228881836,7.599999904632568,7.619999885559082,181500,0.0,0.0
2024-06-04 00:00:00-04:00,7.599999904632568,7.739999771118164,7.440000057220459,7.659999847412109,120700,0.0,0.0
2024-06-05 00:00:00-04:00,7.659999847412109,7.679999828338623,7.489999771118164,7.570000171661377,42700,0.0,0.0
2024-06-06 00:00:00-04:00,7.579999923706055,7.670000076293945,7.559999942779541,7.630000114440918,66000,0.0,0.0
2024-06-07 00:00:00-04:00,7.590000152587891,7.710000038146973,7.539999961853027,7.690000057220459,86100,0.0,0.0
2024-06-10 00:00:00-04:00,7.630000114440918,8.0600004196167,7.619999885559082,7.960000038146973,146200,0.0,0.0
2024-06-11 00:00:00-04:00,7.880000114440918,8.109999656677246,7.579999923706055,7.989999771118164,89400,0.0,0.0
2024-06-12 00:00:00-04:00,8.1899995803833,8.300000190734863,7.949999809265137,8.020000457763672,131300,0.0,0.0
2024-06-13 00:00:00-04:00,8.029999732971191,8.039999961853027,7.909999847412109,7.980000019073486,60700,0.0,0.0
2024-06-14 00:00:00-04:00,7.889999866485596,8.020000457763672,7.869999885559082,7.989999771118164,95400,0.0,0.0
2024-06-17 00:00:00-04:00,7.989999771118164,8.079999923706055,7.53000020980835,7.619999885559082,94200,0.0,0.0
2024-06-18 00:00:00-04:00,7.639999866485596,8.029999732971191,7.550000190734863,7.829999923706055,115300,0.0,0.0
2024-06-20 00:00:00-04:00,7.829999923706055,8.229999542236328,7.800000190734863,8.079999923706055,109600,0.0,0.0
2024-06-21 00:00:00-04:00,8.0600004196167,8.25,7.960000038146973,8.020000457763672,169600,0.0,0.0
2024-06-24 00:00:00-04:00,8.020000457763672,8.270000457763672,7.849999904632568,7.980000019073486,68000,0.0,0.0
2024-06-25 00:00:00-04:00,7.989999771118164,8.069999694824219,7.829999923706055,7.889999866485596,35700,0.0,0.0
2024-06-26 00:00:00-04:00,7.820000171661377,8.270000457763672,7.769999980926514,8.170000076293945,100800,0.0,0.0
2024-06-27 00:00:00-04:00,8.180000305175781,8.329999923706055,8.130000114440918,8.239999771118164,47600,0.0,0.0
2024-06-28 00:00:00-04:00,8.329999923706055,8.479999542236328,8.1899995803833,8.399999618530273,414100,0.0,0.0
2024-07-01 00:00:00-04:00,8.4399995803833,8.600000381469727,8.380000114440918,8.420000076293945,94300,0.0,0.0
2024-07-02 00:00:00-04:00,8.430000305175781,8.430000305175781,8.039999961853027,8.25,115400,0.0,0.0
2024-07-03 00:00:00-04:00,8.260000228881836,8.329999923706055,8.069999694824219,8.079999923706055,29900,0.0,0.0
2024-07-05 00:00:00-04:00,8.079999923706055,8.199999809265137,7.820000171661377,7.989999771118164,85000,0.0,0.0
2024-07-08 00:00:00-04:00,8.0,8.3100004196167,7.980000019073486,8.170000076293945,90700,0.0,0.0
2024-07-09 00:00:00-04:00,8.170000076293945,8.350000381469727,8.020000457763672,8.1899995803833,57100,0.0,0.0
2024-07-10 00:00:00-04:00,8.229999542236328,8.529999732971191,8.229999542236328,8.420000076293945,59100,0.0,0.0
2024-07-11 00:00:00-04:00,8.59000015258789,8.829999923706055,8.550000190734863,8.770000457763672,95200,0.0,0.0
2024-07-12 00:00:00-04:00,8.869999885559082,9.079999923706055,8.869999885559082,8.90999984741211,80200,0.0,0.0
2024-07-15 00:00:00-04:00,8.989999771118164,9.300000190734863,8.84000015258789,9.069999694824219,177800,0.0,0.0
2024-07-16 00:00:00-04:00,9.210000038146973,9.550000190734863,9.210000038146973,9.479999542236328,228600,0.0,0.0
2024-07-17 00:00:00-04:00,9.350000381469727,9.649999618530273,9.050000190734863,9.619999885559082,190400,0.0,0.0
2024-07-18 00:00:00-04:00,9.699999809265137,10.09000015258789,9.59000015258789,9.710000038146973,175700,0.0,0.0
2024-07-19 00:00:00-04:00,9.710000038146973,9.8100004196167,9.630000114440918,9.800000190734863,86500,0.0,0.0
2024-07-22 00:00:00-04:00,9.869999885559082,9.979999542236328,9.729999542236328,9.9399995803833,115500,0.0,0.0
2024-07-23 00:00:00-04:00,9.9399995803833,10.329999923706055,9.869999885559082,10.100000381469727,189900,0.0,0.0
2024-07-24 00:00:00-04:00,10.020000457763672,10.260000228881836,9.949999809265137,10.130000114440918,132100,0.0,0.0
2024-07-25 00:00:00-04:00,10.199999809265137,10.300000190734863,10.029999732971191,10.039999961853027,94000,0.0,0.0
2024-07-26 00:00:00-04:00,10.170000076293945,10.229999542236328,10.100000381469727,10.229999542236328,58700,0.0,0.0
2024-07-29 00:00:00-04:00,10.210000038146973,10.380000114440918,10.149999618530273,10.260000228881836,142400,0.0,0.0
2024-07-30 00:00:00-04:00,10.279999732971191,10.40999984741211,10.220000267028809,10.300000190734863,108500,0.0,0.0
2024-07-31 00:00:00-04:00,10.329999923706055,10.470000267028809,10.229999542236328,10.300000190734863,103500,0.0,0.0
2024-08-01 00:00:00-04:00,10.34000015258789,10.34000015258789,9.399999618530273,9.989999771118164,275100,0.0,0.0
2024-08-02 00:00:00-04:00,8.989999771118164,9.3100004196167,8.15999984741211,9.0,296800,0.0,0.0
2024-08-05 00:00:00-04:00,8.470000267028809,8.960000038146973,7.949999809265137,8.760000228881836,218500,0.0,0.0
2024-08-06 00:00:00-04:00,8.729999542236328,8.760000228881836,8.239999771118164,8.3100004196167,126200,0.0,0.0
2024-08-07 00:00:00-04:00,8.380000114440918,8.520000457763672,8.039999961853027,8.100000381469727,102100,0.0,0.0
2024-08-08 00:00:00-04:00,8.130000114440918,8.319999694824219,7.949999809265137,8.210000038146973,370200,0.0,0.0
2024-08-09 00:00:00-04:00,8.260000228881836,8.260000228881836,8.050000190734863,8.1899995803833,66700,0.0,0.0
2024-08-12 00:00:00-04:00,8.239999771118164,8.239999771118164,7.989999771118164,8.039999961853027,97700,0.0,0.0
2024-08-13 00:00:00-04:00,8.079999923706055,8.199999809265137,8.020000457763672,8.050000190734863,111000,0.0,0.0
2024-08-14 00:00:00-04:00,8.069999694824219,8.149999618530273,7.989999771118164,8.100000381469727,95800,0.0,0.0
2024-08-15 00:00:00-04:00,8.289999961853027,8.489999771118164,8.140000343322754,8.229999542236328,86000,0.0,0.0
2024-08-16 00:00:00-04:00,8.229999542236328,8.380000114440918,8.229999542236328,8.260000228881836,89600,0.0,0.0
2024-08-19 00:00:00-04:00,8.270000457763672,8.460000038146973,8.270000457763672,8.4399995803833,87200,0.0,0.0
2024-08-20 00:00:00-04:00,8.449999809265137,8.609999656677246,8.369999885559082,8.369999885559082,73600,0.0,0.0
2024-08-21 00:00:00-04:00,8.430000305175781,8.489999771118164,8.359999656677246,8.449999809265137,102500,0.0,0.0
2024-08-22 00:00:00-04:00,8.420000076293945,8.680000305175781,8.40999984741211,8.630000114440918,106200,0.0,0.0
2024-08-23 00:00:00-04:00,8.680000305175781,8.930000305175781,8.649999618530273,8.770000457763672,123800,0.0,0.0
2024-08-26 00:00:00-04:00,8.850000381469727,8.899999618530273,8.699999809265137,8.729999542236328,73100,0.0,0.0
2024-08-27 00:00:00-04:00,8.6899995803833,8.8100004196167,8.6899995803833,8.770000457763672,42800,0.0,0.0
2024-08-28 00:00:00-04:00,8.75,8.789999961853027,8.649999618530273,8.720000267028809,48800,0.0,0.0
2024-08-29 00:00:00-04:00,8.779999732971191,8.779999732971191,8.630000114440918,8.640000343322754,55700,0.0,0.0
2024-08-30 00:00:00-04:00,8.649999618530273,8.670000076293945,8.470000267028809,8.59000015258789,78700,0.0,0.0
2024-09-03 00:00:00-04:00,8.479999542236328,8.579999923706055,8.369999885559082,8.390000343322754,49700,0.0,0.0
2024-09-04 00:00:00-04:00,8.34000015258789,8.569999694824219,8.34000015258789,8.550000190734863,43500,0.0,0.0
2024-09-05 00:00:00-04:00,8.579999923706055,8.670000076293945,8.420000076293945,8.550000190734863,45300,0.0,0.0
2024-09-06 00:00:00-04:00,8.569999694824219,8.649999618530273,8.300000190734863,8.579999923706055,69400,0.0,0.0
2024-09-09 00:00:00-04:00,8.569999694824219,8.859999656677246,8.569999694824219,8.65999984741211,212100,0.0,0.0
2024-09-10 00:00:00-04:00,8.670000076293945,8.779999732971191,8.600000381469727,8.649999618530273,84300,0.0,0.0
2024-09-11 00:00:00-04:00,8.579999923706055,8.579999923706055,8.350000381469727,8.569999694824219,42200,0.0,0.0
2024-09-12 00:00:00-04:00,8.579999923706055,8.880000114440918,8.470000267028809,8.699999809265137,130400,0.0,0.0
2024-09-13 00:00:00-04:00,8.729999542236328,9.130000114440918,8.670000076293945,9.130000114440918,141200,0.0,0.0
2024-09-16 00:00:00-04:00,9.199999809265137,9.369999885559082,9.100000381469727,9.15999984741211,140700,0.0,0.0
2024-09-17 00:00:00-04:00,9.25,9.40999984741211,9.149999618530273,9.369999885559082,134000,0.0,0.0
2024-09-18 00:00:00-04:00,9.319999694824219,9.420000076293945,9.100000381469727,9.100000381469727,90500,0.0,0.0
2024-09-19 00:00:00-04:00,9.34000015258789,9.34000015258789,9.15999984741211,9.1899995803833,195900,0.0,0.0
2024-09-20 00:00:00-04:00,9.180000305175781,9.319999694824219,8.75,9.210000038146973,182200,0.0,0.0
2024-09-23 00:00:00-04:00,9.270000457763672,9.510000228881836,9.100000381469727,9.329999923706055,73900,0.0,0.0
2024-09-24 00:00:00-04:00,9.380000114440918,9.380000114440918,9.119999885559082,9.15999984741211,73700,0.0,0.0
2024-09-25 00:00:00-04:00,9.180000305175781,9.350000381469727,9.140000343322754,9.180000305175781,54100,0.0,0.0
2024-09-26 00:00:00-04:00,9.300000190734863,9.300000190734863,9.15999984741211,9.180000305175781,51300,0.0,0.0
2024-09-27 00:00:00-04:00,9.300000190734863,9.430000305175781,9.170000076293945,9.170000076293945,128200,0.0,0.0
2024-09-30 00:00:00-04:00,9.130000114440918,9.140000343322754,8.960000038146973,9.050000190734863,70400,0.0,0.0
2024-10-01 00:00:00-04:00,9.050000190734863,9.0600004196167,8.84000015258789,8.859999656677246,56100,0.0,0.0
2024-10-02 00:00:00-04:00,8.819999694824219,8.890000343322754,8.600000381469727,8.600000381469727,35500,0.0,0.0
2024-10-03 00:00:00-04:00,8.59000015258789,8.640000343322754,8.5,8.550000190734863,46100,0.0,0.0
2024-10-04 00:00:00-04:00,8.680000305175781,8.84000015258789,8.609999656677246,8.670000076293945,45100,0.0,0.0
2024-10-07 00:00:00-04:00,8.640000343322754,8.8100004196167,8.569999694824219,8.65999984741211,37500,0.0,0.0
2024-10-08 00:00:00-04:00,8.710000038146973,9.0600004196167,8.529999732971191,8.550000190734863,42800,0.0,0.0
2024-10-09 00:00:00-04:00,8.609999656677246,8.770000457763672,8.510000228881836,8.550000190734863,33000,0.0,0.0
2024-10-10 00:00:00-04:00,8.5,8.569999694824219,8.390000343322754,8.539999961853027,47400,0.0,0.0
2024-10-11 00:00:00-04:00,8.539999961853027,8.609999656677246,8.399999618530273,8.529999732971191,69500,0.0,0.0
2024-10-14 00:00:00-04:00,8.539999961853027,8.710000038146973,8.359999656677246,8.579999923706055,51000,0.0,0.0
2024-10-15 00:00:00-04:00,8.579999923706055,8.90999984741211,8.569999694824219,8.729999542236328,55400,0.0,0.0
2024-10-16 00:00:00-04:00,8.989999771118164,9.369999885559082,8.9399995803833,9.1899995803833,105000,0.0,0.0
2024-10-17 00:00:00-04:00,9.210000038146973,9.270000457763672,9.100000381469727,9.229999542236328,54800,0.0,0.0
2024-10-18 00:00:00-04:00,9.289999961853027,9.380000114440918,9.199999809265137,9.359999656677246,53000,0.0,0.0
2024-10-21 00:00:00-04:00,9.399999618530273,9.75,9.380000114440918,9.65999984741211,174200,0.0,0.0
2024-10-22 00:00:00-04:00,9.640000343322754,9.720000267028809,9.569999694824219,9.600000381469727,40200,0.0,0.0
2024-10-23 00:00:00-04:00,9.600000381469727,9.6899995803833,9.550000190734863,9.609999656677246,95600,0.0,0.0
2024-10-24 00:00:00-04:00,9.600000381469727,9.6899995803833,9.539999961853027,9.600000381469727,78700,0.0,0.0
2024-10-25 00:00:00-04:00,9.670000076293945,9.75,9.569999694824219,9.710000038146973,88600,0.0,0.0
2024-10-28 00:00:00-04:00,9.680000305175781,9.819999694824219,9.420000076293945,9.630000114440918,89300,0.0,0.0
2024-10-29 00:00:00-04:00,9.600000381469727,9.789999961853027,9.569999694824219,9.619999885559082,51400,0.0,0.0
2024-10-30 00:00:00-04:00,9.640000343322754,9.680000305175781,9.529999732971191,9.649999618530273,65600,0.0,0.0
2024-10-31 00:00:00-04:00,9.600000381469727,10.09000015258789,9.600000381469727,9.920000076293945,155800,0.0,0.0
2024-11-01 00:00:00-04:00,8.0,8.720000267028809,7.510000228881836,8.510000228881836,468500,0.0,0.0
2024-11-04 00:00:00-05:00,8.420000076293945,8.600000381469727,8.260000228881836,8.3100004196167,143300,0.0,0.0
2024-11-05 00:00:00-05:00,8.239999771118164,8.800000190734863,8.180000305175781,8.779999732971191,87900,0.0,0.0
2024-11-06 00:00:00-05:00,9.15999984741211,10.039999961853027,9.020000457763672,9.649999618530273,222500,0.0,0.0
2024-11-07 00:00:00-05:00,9.649999618530273,9.65999984741211,9.130000114440918,9.15999984741211,94300,0.0,0.0
2024-11-08 00:00:00-05:00,9.229999542236328,9.470000267028809,8.84000015258789,9.390000343322754,114000,0.0,0.0
2024-11-11 00:00:00-05:00,9.5,9.579999923706055,9.170000076293945,9.3100004196167,113200,0.0,0.0
2024-11-12 00:00:00-05:00,9.210000038146973,9.319999694824219,8.90999984741211,8.960000038146973,101400,0.0,0.0
2024-11-13 00:00:00-05:00,9.039999961853027,9.420000076293945,8.84000015258789,9.130000114440918,127100,0.0,0.0
2024-11-14 00:00:00-05:00,9.199999809265137,9.300000190734863,8.640000343322754,8.649999618530273,85200,0.0,0.0
2024-11-15 00:00:00-05:00,8.729999542236328,8.75,8.470000267028809,8.65999984741211,62300,0.0,0.0
2024-11-18 00:00:00-05:00,8.710000038146973,8.84000015258789,8.59000015258789,8.609999656677246,50900,0.0,0.0
2024-11-19 00:00:00-05:00,8.59000015258789,8.800000190734863,8.510000228881836,8.779999732971191,57000,0.0,0.0
2024-11-20 00:00:00-05:00,8.789999961853027,9.010000228881836,8.609999656677246,8.970000267028809,65400,0.0,0.0
2024-11-21 00:00:00-05:00,9.039999961853027,9.640000343322754,9.039999961853027,9.520000457763672,100900,0.0,0.0
2024-11-22 00:00:00-05:00,9.579999923706055,9.770000457763672,9.380000114440918,9.649999618530273,93200,0.0,0.0
2024-11-25 00:00:00-05:00,9.640000343322754,9.979999542236328,9.229999542236328,9.770000457763672,122200,0.0,0.0
2024-11-26 00:00:00-05:00,9.720000267028809,9.859999656677246,9.460000038146973,9.649999618530273,93300,0.0,0.0
2024-11-27 00:00:00-05:00,9.75,9.84000015258789,9.619999885559082,9.819999694824219,58300,0.0,0.0
2024-11-29 00:00:00-05:00,9.829999923706055,9.930000305175781,9.739999771118164,9.789999961853027,28300,0.0,0.0
2024-12-02 00:00:00-05:00,9.609999656677246,9.800000190734863,9.329999923706055,9.6899995803833,80900,0.0,0.0
2024-12-03 00:00:00-05:00,9.739999771118164,9.75,9.479999542236328,9.630000114440918,38600,0.0,0.0
2024-12-04 00:00:00-05:00,9.699999809265137,9.699999809265137,9.390000343322754,9.420000076293945,123800,0.0,0.0
2024-12-05 00:00:00-05:00,9.4399995803833,9.569999694824219,9.3100004196167,9.430000305175781,68600,0.0,0.0
2024-12-06 00:00:00-05:00,9.489999771118164,9.539999961853027,9.0,9.079999923706055,77300,0.0,0.0
2024-12-09 00:00:00-05:00,9.180000305175781,9.260000228881836,8.949999809265137,9.020000457763672,116400,0.0,0.0
2024-12-10 00:00:00-05:00,9.0600004196167,9.289999961853027,8.960000038146973,9.130000114440918,92100,0.0,0.0
2024-12-11 00:00:00-05:00,9.220000267028809,9.680000305175781,9.09000015258789,9.539999961853027,210800,0.0,0.0
2024-12-12 00:00:00-05:00,9.5600004196167,9.6899995803833,9.399999618530273,9.460000038146973,91900,0.0,0.0
2024-12-13 00:00:00-05:00,9.430000305175781,9.720000267028809,9.289999961853027,9.699999809265137,142400,0.0,0.0
2024-12-16 00:00:00-05:00,9.770000457763672,9.770000457763672,9.369999885559082,9.5,162900,0.0,0.0
2024-12-17 00:00:00-05:00,9.5,9.5,9.239999771118164,9.319999694824219,115000,0.0,0.0
2024-12-18 00:00:00-05:00,9.420000076293945,9.539999961853027,9.020000457763672,9.130000114440918,148100,0.0,0.0
2024-12-19 00:00:00-05:00,9.25,9.300000190734863,9.010000228881836,9.140000343322754,76800,0.0,0.0
2024-12-20 00:00:00-05:00,9.050000190734863,9.210000038146973,9.020000457763672,9.119999885559082,330200,0.0,0.0
2024-12-23 00:00:00-05:00,9.109999656677246,9.1899995803833,9.029999732971191,9.100000381469727,130400,0.0,0.0
2024-12-24 00:00:00-05:00,9.140000343322754,9.149999618530273,9.039999961853027,9.140000343322754,87100,0.0,0.0
2024-12-26 00:00:00-05:00,9.09000015258789,9.5,9.079999923706055,9.489999771118164,194700,0.0,0.0
2024-12-27 00:00:00-05:00,9.470000267028809,9.609999656677246,9.199999809265137,9.350000381469727,82800,0.0,0.0
2024-12-30 00:00:00-05:00,9.260000228881836,9.510000228881836,9.119999885559082,9.40999984741211,85400,0.0,0.0
2024-12-31 00:00:00-05:00,9.449999809265137,9.670000076293945,9.34000015258789,9.40999984741211,85200,0.0,0.0
2025-01-02 00:00:00-05:00,9.550000190734863,9.739999771118164,9.430000305175781,9.470000267028809,137900,0.0,0.0
2025-01-03 00:00:00-05:00,9.470000267028809,9.670000076293945,9.350000381469727,9.649999618530273,93400,0.0,0.0
2025-01-06 00:00:00-05:00,9.670000076293945,10.069999694824219,9.630000114440918,10.0,131600,0.0,0.0
2025-01-07 00:00:00-05:00,10.109999656677246,11.470000267028809,10.050000190734863,11.369999885559082,475900,0.0,0.0
2025-01-08 00:00:00-05:00,11.380000114440918,11.449999809265137,11.010000228881836,11.329999923706055,186600,0.0,0.0
2025-01-10 00:00:00-05:00,11.25,11.449999809265137,11.050000190734863,11.25,119400,0.0,0.0
2025-01-13 00:00:00-05:00,11.149999618530273,11.510000228881836,11.010000228881836,11.4399995803833,134500,0.0,0.0
2025-01-14 00:00:00-05:00,11.640000343322754,11.729999542236328,11.520000457763672,11.710000038146973,145400,0.0,0.0
2025-01-15 00:00:00-05:00,11.949999809265137,12.390000343322754,11.819999694824219,12.119999885559082,194300,0.0,0.0
2025-01-16 00:00:00-05:00,12.149999618530273,12.260000228881836,11.760000228881836,11.960000038146973,106100,0.0,0.0
2025-01-17 00:00:00-05:00,12.0,12.180000305175781,11.960000038146973,12.140000343322754,82400,0.0,0.0
2025-01-21 00:00:00-05:00,12.220000267028809,12.489999771118164,12.010000228881836,12.399999618530273,162500,0.0,0.0
2025-01-22 00:00:00-05:00,12.3100004196167,12.6899995803833,12.020000457763672,12.619999885559082,169600,0.0,0.0
2025-01-23 00:00:00-05:00,12.59000015258789,12.739999771118164,12.510000228881836,12.510000228881836,135900,0.0,0.0
2025-01-24 00:00:00-05:00,12.399999618530273,12.449999809265137,12.079999923706055,12.210000038146973,73000,0.0,0.0
2025-01-27 00:00:00-05:00,12.09000015258789,12.25,11.90999984741211,12.229999542236328,88300,0.0,0.0
2025-01-28 00:00:00-05:00,12.199999809265137,12.399999618530273,12.119999885559082,12.130000114440918,93100,0.0,0.0
2025-01-29 00:00:00-05:00,12.170000076293945,12.420000076293945,11.960000038146973,12.34000015258789,131200,0.0,0.0
2025-01-30 00:00:00-05:00,12.369999885559082,12.59000015258789,11.84000015258789,11.890000343322754,68300,0.0,0.0
2025-01-31 00:00:00-05:00,11.850000381469727,12.020000457763672,11.739999771118164,11.819999694824219,67400,0.0,0.0
2025-02-03 00:00:00-05:00,11.609999656677246,11.720000267028809,11.5,11.649999618530273,78300,0.0,0.0
2025-02-04 00:00:00-05:00,11.630000114440918,12.020000457763672,11.630000114440918,11.949999809265137,48300,0.0,0.0
2025-02-05 00:00:00-05:00,12.020000457763672,12.069999694824219,11.770000457763672,11.8100004196167,53000,0.0,0.0
2025-02-06 00:00:00-05:00,11.800000190734863,11.859999656677246,11.5,11.619999885559082,53400,0.0,0.0
2025-02-07 00:00:00-05:00,11.59000015258789,11.770000457763672,11.1899995803833,11.260000228881836,53600,0.0,0.0
2025-02-10 00:00:00-05:00,11.34000015258789,11.550000190734863,11.270000457763672,11.4399995803833,93400,0.0,0.0
2025-02-11 00:00:00-05:00,11.350000381469727,11.529999732971191,11.350000381469727,11.430000305175781,43800,0.0,0.0
2025-02-12 00:00:00-05:00,11.270000457763672,11.59000015258789,11.239999771118164,11.569999694824219,51400,0.0,0.0
2025-02-13 00:00:00-05:00,11.569999694824219,12.0,10.979999542236328,11.90999984741211,70600,0.0,0.0
2025-02-14 00:00:00-05:00,12.0,12.180000305175781,11.699999809265137,11.720000267028809,53500,0.0,0.0
2025-02-18 00:00:00-05:00,11.779999732971191,11.819999694824219,11.539999961853027,11.609999656677246,36300,0.0,0.0
2025-02-19 00:00:00-05:00,11.609999656677246,11.8100004196167,11.489999771118164,11.569999694824219,35500,0.0,0.0
2025-02-20 00:00:00-05:00,11.489999771118164,11.6899995803833,11.390000343322754,11.40999984741211,34300,0.0,0.0
2025-02-21 00:00:00-05:00,11.5,11.800000190734863,10.850000381469727,11.25,91600,0.0,0.0
2025-02-24 00:00:00-05:00,11.270000457763672,11.40999984741211,11.119999885559082,11.199999809265137,84200,0.0,0.0
2025-02-25 00:00:00-05:00,11.270000457763672,11.5600004196167,11.220000267028809,11.489999771118164,50900,0.0,0.0
2025-02-26 00:00:00-05:00,11.399999618530273,11.550000190734863,11.15999984741211,11.260000228881836,47100,0.0,0.0
2025-02-27 00:00:00-05:00,11.289999961853027,11.289999961853027,10.520000457763672,10.569999694824219,98100,0.0,0.0
2025-02-28 00:00:00-05:00,10.5600004196167,10.5600004196167,10.119999885559082,10.489999771118164,228400,0.0,0.0
2025-03-03 00:00:00-05:00,10.470000267028809,10.850000381469727,10.239999771118164,10.3100004196167,87800,0.0,0.0
2025-03-04 00:00:00-05:00,10.229999542236328,10.390000343322754,10.039999961853027,10.220000267028809,83400,0.0,0.0
2025-03-05 00:00:00-05:00,10.15999984741211,10.279999732971191,9.84000015258789,9.9399995803833,81700,0.0,0.0
2025-03-06 00:00:00-05:00,9.8100004196167,10.010000228881836,9.6899995803833,9.6899995803833,127200,0.0,0.0
2025-03-07 00:00:00-05:00,9.119999885559082,11.1899995803833,9.119999885559082,10.9399995803833,280800,0.0,0.0
2025-03-10 00:00:00-04:00,10.819999694824219,10.819999694824219,10.029999732971191,10.119999885559082,91300,0.0,0.0
2025-03-11 00:00:00-04:00,10.0,10.0,9.319999694824219,9.380000114440918,170500,0.0,0.0
2025-03-12 00:00:00-04:00,9.380000114440918,9.470000267028809,9.119999885559082,9.260000228881836,92900,0.0,0.0
2025-03-13 00:00:00-04:00,9.25,9.65999984741211,9.0,9.15999984741211,66300,0.0,0.0
2025-03-14 00:00:00-04:00,9.199999809265137,9.529999732971191,9.199999809265137,9.529999732971191,64600,0.0,0.0
2025-03-17 00:00:00-04:00,9.479999542236328,9.699999809265137,9.430000305175781,9.529999732971191,70900,0.0,0.0
2025-03-18 00:00:00-04:00,9.449999809265137,10.100000381469727,9.34000015258789,9.880000114440918,160000,0.0,0.0
2025-03-19 00:00:00-04:00,9.859999656677246,10.390000343322754,9.699999809265137,10.319999694824219,68700,0.0,0.0
2025-03-20 00:00:00-04:00,10.1899995803833,10.539999961853027,10.149999618530273,10.5,206300,0.0,0.0
2025-03-21 00:00:00-04:00,10.359999656677246,10.399999618530273,9.579999923706055,10.069999694824219,184800,0.0,0.0
2025-03-24 00:00:00-04:00,10.0600004196167,10.0600004196167,9.75,9.890000343322754,69500,0.0,0.0
2025-03-25 00:00:00-04:00,9.859999656677246,9.880000114440918,9.6899995803833,9.819999694824219,72700,0.0,0.0
2025-03-26 00:00:00-04:00,9.829999923706055,9.949999809265137,9.829999923706055,9.949999809265137,43200,0.0,0.0
2025-03-27 00:00:00-04:00,9.970000267028809,9.970000267028809,9.649999618530273,9.779999732971191,66200,0.0,0.0
2025-03-28 00:00:00-04:00,9.819999694824219,9.819999694824219,9.470000267028809,9.609999656677246,52200,0.0,0.0
2025-03-31 00:00:00-04:00,9.460000038146973,9.649999618530273,9.359999656677246,9.550000190734863,77100,0.0,0.0
2025-04-01 00:00:00-04:00,9.5,9.619999885559082,9.399999618530273,9.569999694824219,49900,0.0,0.0
2025-04-02 00:00:00-04:00,9.520000457763672,9.890000343322754,9.399999618530273,9.800000190734863,66600,0.0,0.0
2025-04-03 00:00:00-04:00,9.319999694824219,9.319999694824219,8.899999618530273,9.140000343322754,84000,0.0,0.0
2025-04-04 00:00:00-04:00,8.75,9.15999984741211,8.630000114440918,9.039999961853027,198100,0.0,0.0
2025-04-07 00:00:00-04:00,8.579999923706055,9.300000190734863,8.449999809265137,8.920000076293945,113900,0.0,0.0
2025-04-08 00:00:00-04:00,9.25,9.289999961853027,8.75,8.819999694824219,105200,0.0,0.0
2025-04-09 00:00:00-04:00,8.779999732971191,9.699999809265137,8.3100004196167,9.329999923706055,128700,0.0,0.0
2025-04-10 00:00:00-04:00,9.109999656677246,9.319999694824219,8.84000015258789,9.15999984741211,82400,0.0,0.0
2025-04-11 00:00:00-04:00,9.130000114440918,9.520000457763672,8.84000015258789,9.1899995803833,55400,0.0,0.0
2025-04-14 00:00:00-04:00,9.319999694824219,9.520000457763672,9.050000190734863,9.319999694824219,44100,0.0,0.0
2025-04-15 00:00:00-04:00,9.3100004196167,9.649999618530273,9.199999809265137,9.199999809265137,45700,0.0,0.0
2025-04-16 00:00:00-04:00,9.119999885559082,9.369999885559082,8.930000305175781,9.130000114440918,33800,0.0,0.0
2025-04-17 00:00:00-04:00,9.09000015258789,9.859999656677246,8.970000267028809,9.680000305175781,187600,0.0,0.0
2025-04-21 00:00:00-04:00,9.5,9.5,8.970000267028809,9.109999656677246,58500,0.0,0.0
2025-04-22 00:00:00-04:00,9.220000267028809,9.399999618530273,9.119999885559082,9.359999656677246,46000,0.0,0.0
2025-04-23 00:00:00-04:00,9.59000015258789,9.720000267028809,9.270000457763672,9.399999618530273,51700,0.0,0.0
2025-04-24 00:00:00-04:00,9.399999618530273,9.84000015258789,9.399999618530273,9.729999542236328,58100,0.0,0.0
2025-04-25 00:00:00-04:00,9.5600004196167,9.609999656677246,9.359999656677246,9.609999656677246,39900,0.0,0.0
2025-04-28 00:00:00-04:00,9.600000381469727,9.84000015258789,9.479999542236328,9.819999694824219,55500,0.0,0.0
2025-04-29 00:00:00-04:00,9.760000228881836,10.199999809265137,9.720000267028809,10.0600004196167,66700,0.0,0.0
2025-04-30 00:00:00-04:00,9.920000076293945,10.289999961853027,9.710000038146973,10.15999984741211,60400,0.0,0.0
2025-05-01 00:00:00-04:00,10.15999984741211,10.229999542236328,9.770000457763672,9.819999694824219,107100,0.0,0.0
2025-05-02 00:00:00-04:00,9.510000228881836,10.4399995803833,9.510000228881836,10.149999618530273,99800,0.0,0.0
2025-05-05 00:00:00-04:00,10.109999656677246,10.5,9.6899995803833,9.75,61400,0.0,0.0
2025-05-06 00:00:00-04:00,9.579999923706055,9.819999694824219,9.1899995803833,9.729999542236328,88500,0.0,0.0
2025-05-07 00:00:00-04:00,9.789999961853027,9.869999885559082,9.5,9.670000076293945,86500,0.0,0.0
2025-05-08 00:00:00-04:00,9.649999618530273,10.25,9.59000015258789,10.140000343322754,88800,0.0,0.0
2025-05-09 00:00:00-04:00,10.109999656677246,10.300000190734863,9.920000076293945,9.979999542236328,42500,0.0,0.0
2025-05-12 00:00:00-04:00,10.40999984741211,10.40999984741211,9.890000343322754,10.029999732971191,50000,0.0,0.0
2025-05-13 00:00:00-04:00,10.0600004196167,10.359999656677246,9.859999656677246,9.90999984741211,61600,0.0,0.0
2025-05-14 00:00:00-04:00,9.850000381469727,9.90999984741211,9.649999618530273,9.680000305175781,41000,0.0,0.0
2025-05-15 00:00:00-04:00,9.65999984741211,10.149999618530273,9.569999694824219,10.0,188200,0.0,0.0
2025-05-16 00:00:00-04:00,10.0,10.119999885559082,9.869999885559082,9.930000305175781,57300,0.0,0.0
2025-05-19 00:00:00-04:00,9.869999885559082,10.0,9.609999656677246,9.970000267028809,36800,0.0,0.0
2025-05-20 00:00:00-04:00,9.890000343322754,10.020000457763672,9.649999618530273,9.739999771118164,38600,0.0,0.0
2025-05-21 00:00:00-04:00,9.649999618530273,9.720000267028809,9.430000305175781,9.520000457763672,31500,0.0,0.0
2025-05-22 00:00:00-04:00,9.420000076293945,9.850000381469727,9.420000076293945,9.5,35300,0.0,0.0
2025-05-23 00:00:00-04:00,9.329999923706055,9.510000228881836,9.319999694824219,9.4399995803833,54600,0.0,0.0
2025-05-27 00:00:00-04:00,9.539999961853027,9.75,9.270000457763672,9.710000038146973,65100,0.0,0.0
2025-05-28 00:00:00-04:00,9.729999542236328,9.829999923706055,9.34000015258789,9.520000457763672,43100,0.0,0.0
2025-05-29 00:00:00-04:00,9.5,9.640000343322754,9.420000076293945,9.640000343322754,23800,0.0,0.0
2025-05-30 00:00:00-04:00,9.579999923706055,9.800000190734863,9.539999961853027,9.699999809265137,35400,0.0,0.0
2025-06-02 00:00:00-04:00,9.760000228881836,9.760000228881836,9.539999961853027,9.609999656677246,40700,0.0,0.0
2025-06-03 00:00:00-04:00,9.569999694824219,9.829999923706055,9.5600004196167,9.739999771118164,42000,0.0,0.0
2025-06-04 00:00:00-04:00,9.84000015258789,9.960000038146973,9.569999694824219,9.770000457763672,46000,0.0,0.0
2025-06-05 00:00:00-04:00,9.680000305175781,9.710000038146973,9.510000228881836,9.59000015258789,40100,0.0,0.0
2025-06-06 00:00:00-04:00,9.75,10.069999694824219,9.59000015258789,9.930000305175781,79800,0.0,0.0
2025-06-09 00:00:00-04:00,9.960000038146973,10.010000228881836,9.850000381469727,9.880000114440918,45300,0.0,0.0
2025-06-10 00:00:00-04:00,9.869999885559082,10.100000381469727,9.779999732971191,9.920000076293945,41500,0.0,0.0
2025-06-11 00:00:00-04:00,9.960000038146973,10.100000381469727,9.800000190734863,9.829999923706055,64900,0.0,0.0
2025-06-12 00:00:00-04:00,9.770000457763672,9.829999923706055,9.479999542236328,9.75,83900,0.0,0.0
2025-06-13 00:00:00-04:00,9.510000228881836,9.75,9.329999923706055,9.59000015258789,100200,0.0,0.0
2025-06-16 00:00:00-04:00,9.710000038146973,9.90999984741211,9.65999984741211,9.760000228881836,38300,0.0,0.0
2025-06-17 00:00:00-04:00,9.649999618530273,9.800000190734863,9.5600004196167,9.600000381469727,45200,0.0,0.0
2025-06-18 00:00:00-04:00,9.5600004196167,9.779999732971191,9.149999618530273,9.149999618530273,213100,0.0,0.0
2025-06-20 00:00:00-04:00,9.229999542236328,9.390000343322754,8.960000038146973,9.300000190734863,102600,0.0,0.0
2025-06-23 00:00:00-04:00,9.279999732971191,9.75,9.199999809265137,9.529999732971191,62200,0.0,0.0
2025-06-24 00:00:00-04:00,9.609999656677246,9.789999961853027,9.539999961853027,9.720000267028809,52500,0.0,0.0
2025-06-25 00:00:00-04:00,9.670000076293945,9.720000267028809,9.529999732971191,9.680000305175781,63200,0.0,0.0
2025-06-26 00:00:00-04:00,9.6899995803833,9.989999771118164,9.670000076293945,9.970000267028809,43800,0.0,0.0
2025-06-27 00:00:00-04:00,9.869999885559082,10.130000114440918,9.729999542236328,9.869999885559082,195700,0.0,0.0
2025-06-30 00:00:00-04:00,9.9399995803833,9.960000038146973,9.729999542236328,9.760000228881836,37800,0.0,0.0
2025-07-01 00:00:00-04:00,9.75,10.1899995803833,9.539999961853027,10.109999656677246,35700,0.0,0.0
2025-07-02 00:00:00-04:00,10.170000076293945,10.920000076293945,10.020000457763672,10.8100004196167,128400,0.0,0.0
2025-07-03 00:00:00-04:00,10.9399995803833,11.470000267028809,10.84000015258789,11.350000381469727,57200,0.0,0.0
2025-07-07 00:00:00-04:00,11.239999771118164,11.479999542236328,10.760000228881836,10.789999961853027,131500,0.0,0.0
2025-07-08 00:00:00-04:00,10.869999885559082,11.229999542236328,10.789999961853027,10.819999694824219,70400,0.0,0.0
2025-07-09 00:00:00-04:00,10.90999984741211,10.9399995803833,10.569999694824219,10.670000076293945,55200,0.0,0.0
2025-07-10 00:00:00-04:00,10.670000076293945,10.670000076293945,10.390000343322754,10.420000076293945,52300,0.0,0.0
2025-07-11 00:00:00-04:00,10.270000457763672,10.359999656677246,10.109999656677246,10.140000343322754,45400,0.0,0.0
2025-07-14 00:00:00-04:00,10.149999618530273,10.25,9.859999656677246,10.029999732971191,62600,0.0,0.0
2025-07-15 00:00:00-04:00,10.069999694824219,10.539999961853027,10.069999694824219,10.260000228881836,78800,0.0,0.0
2025-07-16 00:00:00-04:00,10.289999961853027,10.529999732971191,9.960000038146973,10.15999984741211,45400,0.0,0.0
2025-07-17 00:00:00-04:00,10.119999885559082,10.430000305175781,9.899999618530273,10.199999809265137,50700,0.0,0.0
2025-07-18 00:00:00-04:00,10.260000228881836,10.270000457763672,10.039999961853027,10.039999961853027,48800,0.0,0.0
2025-07-21 00:00:00-04:00,10.050000190734863,10.430000305175781,10.050000190734863,10.210000038146973,41100,0.0,0.0
2025-07-22 00:00:00-04:00,10.239999771118164,10.449999809265137,10.180000305175781,10.270000457763672,47000,0.0,0.0
2025-07-23 00:00:00-04:00,10.380000114440918,10.680000305175781,10.329999923706055,10.5600004196167,52700,0.0,0.0
2025-07-24 00:00:00-04:00,10.520000457763672,10.569999694824219,10.34000015258789,10.399999618530273,102600,0.0,0.0
2025-07-25 00:00:00-04:00,10.470000267028809,10.630000114440918,10.34000015258789,10.460000038146973,73500,0.0,0.0
2025-07-28 00:00:00-04:00,10.489999771118164,10.510000228881836,10.34000015258789,10.380000114440918,43300,0.0,0.0
2025-07-29 00:00:00-04:00,10.489999771118164,10.5,10.100000381469727,10.149999618530273,47600,0.0,0.0
2025-07-30 00:00:00-04:00,10.210000038146973,10.239999771118164,9.6899995803833,9.699999809265137,110100,0.0,0.0
2025-07-31 00:00:00-04:00,9.800000190734863,10.25,9.5600004196167,9.699999809265137,87600,0.0,0.0
2025-08-01 00:00:00-04:00,9.420000076293945,9.420000076293945,7.699999809265137,8.369999885559082,462500,0.0,0.0
2025-08-04 00:00:00-04:00,8.470000267028809,8.470000267028809,7.920000076293945,8.270000457763672,135600,0.0,0.0
2025-08-05 00:00:00-04:00,8.3100004196167,8.59000015258789,7.960000038146973,8.15999984741211,168700,0.0,0.0
2025-08-06 00:00:00-04:00,8.210000038146973,8.359999656677246,8.029999732971191,8.1899995803833,201100,0.0,0.0
2025-08-07 00:00:00-04:00,8.539999961853027,8.850000381469727,8.170000076293945,8.260000228881836,212700,0.0,0.0
2025-08-08 00:00:00-04:00,8.3100004196167,8.760000228881836,8.15999984741211,8.210000038146973,122400,0.0,0.0
2025-08-11 00:00:00-04:00,8.210000038146973,8.300000190734863,7.949999809265137,8.210000038146973,84700,0.0,0.0
2025-08-12 00:00:00-04:00,8.270000457763672,8.369999885559082,8.029999732971191,8.300000190734863,94600,0.0,0.0
2025-08-13 00:00:00-04:00,8.319999694824219,8.600000381469727,8.300000190734863,8.369999885559082,150800,0.0,0.0
2025-08-14 00:00:00-04:00,8.319999694824219,8.550000190734863,8.109999656677246,8.300000190734863,94100,0.0,0.0
2025-08-15 00:00:00-04:00,8.319999694824219,8.569999694824219,8.100000381469727,8.300000190734863,76100,0.0,0.0
2025-08-18 00:00:00-04:00,8.34000015258789,8.5,8.210000038146973,8.25,74400,0.0,0.0
2025-08-19 00:00:00-04:00,8.270000457763672,8.4399995803833,8.229999542236328,8.319999694824219,77300,0.0,0.0
2025-08-20 00:00:00-04:00,8.34000015258789,8.4399995803833,8.119999885559082,8.260000228881836,102000,0.0,0.0
2025-08-21 00:00:00-04:00,8.199999809265137,8.4399995803833,8.170000076293945,8.399999618530273,72500,0.0,0.0
2025-08-22 00:00:00-04:00,8.479999542236328,8.699999809265137,8.1899995803833,8.65999984741211,170700,0.0,0.0
2025-08-25 00:00:00-04:00,8.609999656677246,8.609999656677246,8.369999885559082,8.380000114440918,98400,0.0,0.0
2025-08-26 00:00:00-04:00,8.369999885559082,8.5600004196167,8.100000381469727,8.399999618530273,217000,0.0,0.0
2025-08-27 00:00:00-04:00,8.390000343322754,8.6899995803833,8.239999771118164,8.380000114440918,90800,0.0,0.0
2025-08-28 00:00:00-04:00,8.470000267028809,8.520000457763672,8.239999771118164,8.399999618530273,72200,0.0,0.0
2025-08-29 00:00:00-04:00,8.390000343322754,8.489999771118164,8.3100004196167,8.399999618530273,69500,0.0,0.0
2025-09-02 00:00:00-04:00,8.279999732971191,8.4399995803833,8.260000228881836,8.279999732971191,96500,0.0,0.0
2025-09-03 00:00:00-04:00,8.239999771118164,8.239999771118164,7.940000057220459,8.020000457763672,100800,0.0,0.0
2025-09-04 00:00:00-04:00,8.069999694824219,8.119999885559082,7.929999828338623,8.069999694824219,108700,0.0,0.0
2025-09-05 00:00:00-04:00,8.119999885559082,8.399999618530273,7.929999828338623,8.029999732971191,297000,0.0,0.0
2025-09-08 00:00:00-04:00,8.109999656677246,8.369999885559082,7.920000076293945,8.359999656677246,100500,0.0,0.0
2025-09-09 00:00:00-04:00,8.390000343322754,8.430000305175781,8.09000015258789,8.109999656677246,55300,0.0,0.0
2025-09-10 00:00:00-04:00,8.069999694824219,8.109999656677246,7.78000020980835,7.96999979019165,140400,0.0,0.0
2025-09-11 00:00:00-04:00,7.929999828338623,8.100000381469727,7.929999828338623,8.029999732971191,59200,0.0,0.0
2025-09-12 00:00:00-04:00,7.949999809265137,8.010000228881836,7.809999942779541,7.829999923706055,99500,0.0,0.0
2025-09-15 00:00:00-04:00,7.840000152587891,8.020000457763672,7.820000171661377,8.010000228881836,78100,0.0,0.0
2025-09-16 00:00:00-04:00,7.960000038146973,8.050000190734863,7.820000171661377,8.039999961853027,167900,0.0,0.0
2025-09-17 00:00:00-04:00,8.09000015258789,8.09000015258789,7.809999942779541,7.840000152587891,96500,0.0,0.0
2025-09-18 00:00:00-04:00,7.909999847412109,8.100000381469727,7.909999847412109,8.100000381469727,170400,0.0,0.0
2025-09-19 00:00:00-04:00,8.050000190734863,8.3100004196167,7.809999942779541,7.809999942779541,222500,0.0,0.0
2025-09-22 00:00:00-04:00,7.800000190734863,8.180000305175781,7.760000228881836,8.09000015258789,88300,0.0,0.0
2025-09-23 00:00:00-04:00,8.069999694824219,8.1899995803833,8.0600004196167,8.100000381469727,45800,0.0,0.0
2025-09-24 00:00:00-04:00,8.050000190734863,8.289999961853027,8.039999961853027,8.149999618530273,90000,0.0,0.0
2025-09-25 00:00:00-04:00,8.109999656677246,8.199999809265137,8.050000190734863,8.100000381469727,59500,0.0,0.0
2025-09-26 00:00:00-04:00,8.140000343322754,8.210000038146973,8.100000381469727,8.15999984741211,54400,0.0,0.0
2025-09-29 00:00:00-04:00,8.1899995803833,8.279999732971191,8.069999694824219,8.239999771118164,92500,0.0,0.0
2025-09-30 00:00:00-04:00,8.199999809265137,8.300000190734863,8.109999656677246,8.199999809265137,127900,0.0,0.0
2025-10-01 00:00:00-04:00,8.140000343322754,8.1899995803833,7.989999771118164,8.029999732971191,148700,0.0,0.0
2025-10-02 00:00:00-04:00,8.050000190734863,8.180000305175781,8.0,8.15999984741211,112200,0.0,0.0
2025-10-03 00:00:00-04:00,8.15999984741211,8.319999694824219,8.100000381469727,8.319999694824219,69800,0.0,0.0
2025-10-06 00:00:00-04:00,8.319999694824219,8.470000267028809,8.229999542236328,8.3100004196167,101700,0.0,0.0
2025-10-07 00:00:00-04:00,8.350000381469727,8.489999771118164,8.050000190734863,8.149999618530273,78800,0.0,0.0
2025-10-08 00:00:00-04:00,8.15999984741211,8.369999885559082,8.15999984741211,8.350000381469727,62200,0.0,0.0
2025-10-09 00:00:00-04:00,8.34000015258789,8.449999809265137,8.180000305175781,8.260000228881836,62600,0.0,0.0
2025-10-10 00:00:00-04:00,8.239999771118164,8.319999694824219,8.0,8.0600004196167,161800,0.0,0.0
2025-10-13 00:00:00-04:00,8.140000343322754,8.25,8.09000015258789,8.220000267028809,56300,0.0,0.0
2025-10-14 00:00:00-04:00,8.109999656677246,8.4399995803833,8.100000381469727,8.350000381469727,54900,0.0,0.0
2025-10-15 00:00:00-04:00,8.380000114440918,8.550000190734863,8.380000114440918,8.550000190734863,74400,0.0,0.0
2025-10-16 00:00:00-04:00,8.529999732971191,8.670000076293945,8.430000305175781,8.460000038146973,102700,0.0,0.0
2025-10-17 00:00:00-04:00,8.420000076293945,8.460000038146973,8.289999961853027,8.369999885559082,93300,0.0,0.0
2025-10-20 00:00:00-04:00,8.460000038146973,8.6899995803833,8.380000114440918,8.600000381469727,94600,0.0,0.0
2025-10-21 00:00:00-04:00,8.600000381469727,8.680000305175781,8.5600004196167,8.569999694824219,65600,0.0,0.0
2025-10-22 00:00:00-04:00,8.529999732971191,8.5600004196167,8.470000267028809,8.529999732971191,64200,0.0,0.0
2025-10-23 00:00:00-04:00,8.539999961853027,8.600000381469727,8.4399995803833,8.460000038146973,54000,0.0,0.0
2025-10-24 00:00:00-04:00,8.539999961853027,8.619999885559082,8.460000038146973,8.510000228881836,41200,0.0,0.0
2025-10-27 00:00:00-04:00,8.510000228881836,8.739999771118164,8.34000015258789,8.34000015258789,109100,0.0,0.0
2025-10-28 00:00:00-04:00,8.319999694824219,8.449999809265137,8.199999809265137,8.199999809265137,86800,0.0,0.0
2025-10-29 00:00:00-04:00,8.210000038146973,8.25,8.020000457763672,8.140000343322754,102500,0.0,0.0
2025-10-30 00:00:00-04:00,8.050000190734863,8.3100004196167,8.010000228881836,8.119999885559082,82700,0.0,0.0
2025-10-31 00:00:00-04:00,8.199999809265137,8.850000381469727,8.010000228881836,8.850000381469727,215400,0.0,0.0
2025-11-03 00:00:00-05:00,8.90999984741211,8.90999984741211,8.260000228881836,8.460000038146973,164000,0.0,0.0
2025-11-04 00:00:00-05:00,8.390000343322754,8.399999618530273,8.069999694824219,8.15999984741211,145800,0.0,0.0
2025-11-05 00:00:00-05:00,8.149999618530273,8.300000190734863,8.149999618530273,8.239999771118164,69300,0.0,0.0
2025-11-06 00:00:00-05:00,8.210000038146973,8.229999542236328,8.039999961853027,8.15999984741211,85400,0.0,0.0
2025-11-07 00:00:00-05:00,8.15999984741211,8.220000267028809,7.940000057220459,8.069999694824219,90800,0.0,0.0
2025-11-10 00:00:00-05:00,8.100000381469727,8.229999542236328,8.029999732971191,8.15999984741211,76700,0.0,0.0
2025-11-11 00:00:00-05:00,8.0600004196167,8.399999618530273,8.050000190734863,8.3100004196167,86000,0.0,0.0
2025-11-12 00:00:00-05:00,8.3100004196167,8.380000114440918,8.149999618530273,8.199999809265137,82800,0.0,0.0
2025-11-13 00:00:00-05:00,8.1899995803833,8.270000457763672,8.09000015258789,8.149999618530273,122100,0.0,0.0
2025-11-14 00:00:00-05:00,8.079999923706055,8.220000267028809,8.050000190734863,8.15999984741211,57100,0.0,0.0
2025-11-17 00:00:00-05:00,8.140000343322754,8.1899995803833,7.949999809265137,7.989999771118164,100600,0.0,0.0
2025-11-18 00:00:00-05:00,7.920000076293945,7.96999979019165,7.630000114440918,7.739999771118164,123600,0.0,0.0
2025-11-19 00:00:00-05:00,7.739999771118164,8.020000457763672,7.730000019073486,7.96999979019165,151300,0.0,0.0
2025-11-20 00:00:00-05:00,8.020000457763672,8.029999732971191,7.659999847412109,7.690000057220459,101600,0.0,0.0
2025-11-21 00:00:00-05:00,7.690000057220459,8.029999732971191,7.630000114440918,8.0,118100,0.0,0.0
2025-11-24 00:00:00-05:00,7.980000019073486,8.069999694824219,7.670000076293945,7.789999961853027,175300,0.0,0.0
2025-11-25 00:00:00-05:00,7.840000152587891,8.130000114440918,7.840000152587891,8.029999732971191,75400,0.0,0.0
2025-11-26 00:00:00-05:00,7.989999771118164,8.09000015258789,7.989999771118164,8.050000190734863,59400,0.0,0.0
2025-11-28 00:00:00-05:00,8.020000457763672,8.199999809265137,7.949999809265137,8.0,27900,0.0,0.0
2025-12-01 00:00:00-05:00,7.949999809265137,8.050000190734863,7.900000095367432,7.920000076293945,36600,0.0,0.0
2025-12-02 00:00:00-05:00,7.960000038146973,8.15999984741211,7.889999866485596,8.0600004196167,88400,0.0,0.0
2025-12-03 00:00:00-05:00,8.069999694824219,8.170000076293945,8.069999694824219,8.109999656677246,237800,0.0,0.0
2025-12-04 00:00:00-05:00,8.109999656677246,8.289999961853027,8.0,8.279999732971191,155200,0.0,0.0
2025-12-05 00:00:00-05:00,8.300000190734863,8.350000381469727,8.170000076293945,8.1899995803833,53100,0.0,0.0
2025-12-08 00:00:00-05:00,8.25,8.3100004196167,8.109999656677246,8.130000114440918,56300,0.0,0.0
2025-12-09 00:00:00-05:00,8.100000381469727,8.420000076293945,7.989999771118164,8.359999656677246,73600,0.0,0.0
2025-12-10 00:00:00-05:00,8.359999656677246,8.609999656677246,8.350000381469727,8.4399995803833,139200,0.0,0.0
2025-12-11 00:00:00-05:00,8.449999809265137,8.850000381469727,8.40999984741211,8.770000457763672,74400,0.0,0.0
2025-12-12 00:00:00-05:00,8.760000228881836,8.970000267028809,8.670000076293945,8.90999984741211,90400,0.0,0.0
2025-12-15 00:00:00-05:00,8.920000076293945,8.989999771118164,8.619999885559082,8.869999885559082,194600,0.0,0.0
2025-12-16 00:00:00-05:00,8.8100004196167,9.010000228881836,8.770000457763672,8.989999771118164,94600,0.0,0.0
2025-12-17 00:00:00-05:00,9.010000228881836,9.170000076293945,8.880000114440918,8.930000305175781,83100,0.0,0.0
2025-12-18 00:00:00-05:00,8.970000267028809,9.0600004196167,8.8100004196167,8.899999618530273,89800,0.0,0.0
2025-12-19 00:00:00-05:00,8.890000343322754,9.0,8.729999542236328,8.859999656677246,153000,0.0,0.0
2025-12-22 00:00:00-05:00,8.859999656677246,9.0600004196167,8.850000381469727,8.920000076293945,68000,0.0,0.0
2025-12-23 00:00:00-05:00,8.84000015258789,9.0,8.6899995803833,8.979999542236328,79300,0.0,0.0
2025-12-24 00:00:00-05:00,8.949999809265137,9.170000076293945,8.899999618530273,9.020000457763672,51400,0.0,0.0
2025-12-26 00:00:00-05:00,9.069999694824219,9.390000343322754,8.829999923706055,9.3100004196167,88000,0.0,0.0
2025-12-29 00:00:00-05:00,9.289999961853027,9.449999809265137,9.25,9.430000305175781,58800,0.0,0.0
2025-12-30 00:00:00-05:00,9.390000343322754,9.550000190734863,9.25,9.430000305175781,66100,0.0,0.0
2025-12-31 00:00:00-05:00,9.430000305175781,9.460000038146973,9.3100004196167,9.420000076293945,110600,0.0,0.0
2026-01-02 00:00:00-05:00,9.420000076293945,9.420000076293945,9.069999694824219,9.09000015258789,93600,0.0,0.0
2026-01-05 00:00:00-05:00,9.0600004196167,9.380000114440918,9.0,9.239999771118164,64200,0.0,0.0
2026-01-06 00:00:00-05:00,9.180000305175781,9.5600004196167,9.180000305175781,9.380000114440918,73600,0.0,0.0
2026-01-07 00:00:00-05:00,9.390000343322754,9.5600004196167,9.279999732971191,9.380000114440918,53100,0.0,0.0
2026-01-08 00:00:00-05:00,9.329999923706055,9.609999656677246,9.329999923706055,9.5,76000,0.0,0.0
2026-01-09 00:00:00-05:00,9.489999771118164,9.539999961853027,9.350000381469727,9.4399995803833,54500,0.0,0.0
2026-01-12 00:00:00-05:00,9.420000076293945,9.729999542236328,9.380000114440918,9.6899995803833,48300,0.0,0.0
2026-01-13 00:00:00-05:00,9.729999542236328,9.789999961853027,9.40999984741211,9.489999771118164,66600,0.0,0.0
2026-01-14 00:00:00-05:00,9.449999809265137,10.029999732971191,9.449999809265137,9.920000076293945,63900,0.0,0.0
2026-01-15 00:00:00-05:00,9.880000114440918,10.180000305175781,9.859999656677246,10.119999885559082,79400,0.0,0.0
2026-01-16 00:00:00-05:00,10.119999885559082,10.199999809265137,9.930000305175781,10.0,94700,0.0,0.0
2026-01-20 00:00:00-05:00,9.800000190734863,9.869999885559082,8.949999809265137,9.180000305175781,109600,0.0,0.0
2026-01-21 00:00:00-05:00,9.239999771118164,9.760000228881836,9.010000228881836,9.539999961853027,76000,0.0,0.0
2026-01-22 00:00:00-05:00,9.5600004196167,9.739999771118164,8.930000305175781,9.40999984741211,61900,0.0,0.0
2026-01-23 00:00:00-05:00,9.369999885559082,9.390000343322754,9.0,9.1899995803833,77400,0.0,0.0
2026-01-26 00:00:00-05:00,9.180000305175781,9.609999656677246,9.09000015258789,9.510000228881836,93100,0.0,0.0
2026-01-27 00:00:00-05:00,9.489999771118164,9.829999923706055,9.489999771118164,9.6899995803833,55900,0.0,0.0
2026-01-28 00:00:00-05:00,9.75,10.010000228881836,9.75,9.8100004196167,60000,0.0,0.0
2026-01-29 00:00:00-05:00,9.850000381469727,9.970000267028809,9.5,9.859999656677246,79600,0.0,0.0
2026-01-30 00:00:00-05:00,9.729999542236328,9.800000190734863,9.449999809265137,9.619999885559082,100500,0.0,0.0
2026-02-02 00:00:00-05:00,9.619999885559082,10.0,9.600000381469727,9.869999885559082,71600,0.0,0.0
2026-02-03 00:00:00-05:00,9.859999656677246,9.899999618530273,9.25,9.489999771118164,113800,0.0,0.0
2026-02-04 00:00:00-05:00,9.539999961853027,9.539999961853027,9.180000305175781,9.229999542236328,119300,0.0,0.0
2026-02-05 00:00:00-05:00,9.180000305175781,9.399999618530273,8.9399995803833,9.220000267028809,76800,0.0,0.0
2026-02-06 00:00:00-05:00,9.3100004196167,9.619999885559082,8.8100004196167,8.90999984741211,58100,0.0,0.0
2026-02-09 00:00:00-05:00,8.930000305175781,8.9399995803833,8.529999732971191,8.529999732971191,74200,0.0,0.0
2026-02-10 00:00:00-05:00,8.600000381469727,8.739999771118164,8.289999961853027,8.65999984741211,81700,0.0,0.0
2026-02-11 00:00:00-05:00,8.6899995803833,8.6899995803833,7.75,7.809999942779541,94900,0.0,0.0
2026-02-12 00:00:00-05:00,7.880000114440918,7.880000114440918,6.96999979019165,7.409999847412109,159600,0.0,0.0
2026-02-13 00:00:00-05:00,7.449999809265137,7.639999866485596,7.320000171661377,7.429999828338623,189400,0.0,0.0
2026-02-17 00:00:00-05:00,7.380000114440918,7.460000038146973,7.059999942779541,7.150000095367432,124300,0.0,0.0
2026-02-18 00:00:00-05:00,7.190000057220459,7.619999885559082,7.170000076293945,7.570000171661377,174900,0.0,0.0
2026-02-19 00:00:00-05:00,7.480000019073486,7.730000019073486,7.420000076293945,7.630000114440918,100400,0.0,0.0
2026-02-20 00:00:00-05:00,7.610000133514404,7.869999885559082,7.53000020980835,7.829999923706055,101900,0.0,0.0
2026-02-23 00:00:00-05:00,7.739999771118164,7.949999809265137,6.840000152587891,6.920000076293945,388900,0.0,0.0
2026-02-24 00:00:00-05:00,6.920000076293945,7.389999866485596,6.800000190734863,6.989999771118164,208300,0.0,0.0
2026-02-25 00:00:00-05:00,7.090000152587891,7.449999809265137,6.889999866485596,7.420000076293945,136600,0.0,0.0
2026-02-26 00:00:00-05:00,7.429999828338623,7.980000019073486,7.340000152587891,7.760000228881836,155400,0.0,0.0
2026-02-27 00:00:00-05:00,8.289999961853027,9.350000381469727,8.029999732971191,9.140000343322754,386700,0.0,0.0
2026-03-02 00:00:00-05:00,8.979999542236328,9.369999885559082,8.510000228881836,9.289999961853027,255800,0.0,0.0
2026-03-03 00:00:00-05:00,9.069999694824219,9.670000076293945,8.960000038146973,9.430000305175781,334500,0.0,0.0
2026-03-04 00:00:00-05:00,9.5,9.569999694824219,9.279999732971191,9.390000343322754,190500,0.0,0.0
2026-03-05 00:00:00-05:00,9.220000267028809,9.460000038146973,8.829999923706055,9.350000381469727,185100,0.0,0.0
2026-03-06 00:00:00-05:00,9.3100004196167,9.550000190734863,9.149999618530273,9.449999809265137,156400,0.0,0.0
2026-03-09 00:00:00-04:00,9.289999961853027,9.359999656677246,9.050000190734863,9.34000015258789,105300,0.0,0.0
2026-03-10 00:00:00-04:00,9.279999732971191,9.59000015258789,9.15999984741211,9.350000381469727,116800,0.0,0.0
2026-03-11 00:00:00-04:00,9.3100004196167,9.470000267028809,9.0,9.25,127800,0.0,0.0
2026-03-12 00:00:00-04:00,9.140000343322754,9.25,8.850000381469727,8.9399995803833,74500,0.0,0.0
2026-03-13 00:00:00-04:00,8.979999542236328,9.109999656677246,8.90999984741211,8.949999809265137,80900,0.0,0.0
2026-03-16 00:00:00-04:00,9.0600004196167,9.220000267028809,8.699999809265137,8.729999542236328,58800,0.0,0.0
2026-03-17 00:00:00-04:00,8.729999542236328,8.850000381469727,8.619999885559082,8.739999771118164,69900,0.0,0.0
2026-03-18 00:00:00-04:00,8.6899995803833,8.770000457763672,8.359999656677246,8.380000114440918,85600,0.0,0.0
2026-03-19 00:00:00-04:00,8.220000267028809,8.399999618530273,8.050000190734863,8.170000076293945,71300,0.0,0.0
2026-03-20 00:00:00-04:00,8.1899995803833,8.390000343322754,7.829999923706055,8.369999885559082,355300,0.0,0.0
2026-03-23 00:00:00-04:00,8.399999618530273,8.819999694824219,8.039999961853027,8.5600004196167,86900,0.0,0.0
2026-03-24 00:00:00-04:00,8.449999809265137,8.5600004196167,8.0,8.09000015258789,83500,0.0,0.0
2026-03-25 00:00:00-04:00,8.199999809265137,8.380000114440918,7.889999866485596,7.989999771118164,83000,0.0,0.0
2026-03-26 00:00:00-04:00,7.949999809265137,8.1899995803833,7.900000095367432,7.949999809265137,81000,0.0,0.0
2026-03-27 00:00:00-04:00,7.880000114440918,8.140000343322754,7.699999809265137,7.909999847412109,112600,0.0,0.0
2026-03-30 00:00:00-04:00,7.909999847412109,8.369999885559082,7.75,8.350000381469727,106700,0.0,0.0
2026-03-31 00:00:00-04:00,8.449999809265137,8.739999771118164,8.34000015258789,8.600000381469727,165100,0.0,0.0
2026-04-01 00:00:00-04:00,8.680000305175781,8.779999732971191,8.34000015258789,8.34000015258789,78900,0.0,0.0
2026-04-02 00:00:00-04:00,8.220000267028809,8.520000457763672,8.170000076293945,8.449999809265137,64300,0.0,0.0
2026-04-06 00:00:00-04:00,8.420000076293945,8.649999618530273,8.420000076293945,8.550000190734863,44600,0.0,0.0
2026-04-07 00:00:00-04:00,8.5,8.649999618530273,8.319999694824219,8.600000381469727,77500,0.0,0.0
2026-04-08 00:00:00-04:00,8.800000190734863,8.920000076293945,8.5,8.600000381469727,96000,0.0,0.0
2026-04-09 00:00:00-04:00,8.5600004196167,8.649999618530273,8.239999771118164,8.600000381469727,67500,0.0,0.0
2026-04-10 00:00:00-04:00,8.5600004196167,8.720000267028809,8.489999771118164,8.619999885559082,97900,0.0,0.0
2026-04-13 00:00:00-04:00,8.550000190734863,8.90999984741211,8.279999732971191,8.850000381469727,64700,0.0,0.0
2026-04-14 00:00:00-04:00,8.829999923706055,8.920000076293945,8.739999771118164,8.779999732971191,65400,0.0,0.0
2026-04-15 00:00:00-04:00,8.779999732971191,8.8100004196167,8.489999771118164,8.5600004196167,100600,0.0,0.0
2026-04-16 00:00:00-04:00,8.539999961853027,8.949999809265137,8.529999732971191,8.90999984741211,52100,0.0,0.0
2026-04-17 00:00:00-04:00,8.979999542236328,9.680000305175781,8.979999542236328,9.149999618530273,112200,0.0,0.0
2026-04-20 00:00:00-04:00,9.119999885559082,9.390000343322754,9.029999732971191,9.079999923706055,65800,0.0,0.0
2026-04-21 00:00:00-04:00,9.100000381469727,9.390000343322754,8.9399995803833,9.079999923706055,42300,0.0,0.0
2026-04-22 00:00:00-04:00,9.100000381469727,9.529999732971191,9.100000381469727,9.329999923706055,52100,0.0,0.0
2026-04-23 00:00:00-04:00,9.300000190734863,9.510000228881836,8.920000076293945,9.039999961853027,63700,0.0,0.0
2026-04-24 00:00:00-04:00,8.949999809265137,9.239999771118164,8.930000305175781,9.079999923706055,57000,0.0,0.0
2026-04-27 00:00:00-04:00,9.010000228881836,9.329999923706055,8.970000267028809,9.0600004196167,68500,0.0,0.0
2026-04-28 00:00:00-04:00,9.1899995803833,9.59000015258789,9.1899995803833,9.210000038146973,65100,0.0,0.0
2026-04-29 00:00:00-04:00,9.100000381469727,9.359999656677246,9.039999961853027,9.229999542236328,108400,0.0,0.0
2026-04-30 00:00:00-04:00,9.149999618530273,9.279999732971191,8.960000038146973,9.050000190734863,63300,0.0,0.0
2026-05-01 00:00:00-04:00,9.140000343322754,9.470000267028809,8.930000305175781,9.1899995803833,115200,0.0,0.0
2026-05-04 00:00:00-04:00,9.09000015258789,9.149999618530273,8.449999809265137,8.539999961853027,69100,0.0,0.0
2026-05-05 00:00:00-04:00,8.59000015258789,8.8100004196167,8.4399995803833,8.680000305175781,46400,0.0,0.0
2026-05-06 00:00:00-04:00,8.710000038146973,8.859999656677246,8.229999542236328,8.6899995803833,66800,0.0,0.0
2026-05-07 00:00:00-04:00,8.770000457763672,9.279999732971191,8.710000038146973,9.180000305175781,74700,0.0,0.0
2026-05-08 00:00:00-04:00,9.079999923706055,9.369999885559082,8.800000190734863,9.199999809265137,42600,0.0,0.0
2026-05-11 00:00:00-04:00,9.1899995803833,9.199999809265137,8.869999885559082,8.880000114440918,63500,0.0,0.0
2026-05-12 00:00:00-04:00,8.880000114440918,8.880000114440918,8.579999923706055,8.579999923706055,46700,0.0,0.0
2026-05-13 00:00:00-04:00,8.550000190734863,8.670000076293945,8.279999732971191,8.479999542236328,54200,0.0,0.0
2026-05-14 00:00:00-04:00,8.510000228881836,8.920000076293945,8.430000305175781,8.579999923706055,108800,0.0,0.0
2026-05-15 00:00:00-04:00,8.460000038146973,8.9399995803833,8.460000038146973,8.529999732971191,47300,0.0,0.0
2026-05-18 00:00:00-04:00,8.550000190734863,8.720000267028809,8.010000228881836,8.59000015258789,39400,0.0,0.0
2026-05-19 00:00:00-04:00,8.569999694824219,8.779999732971191,8.329999923706055,8.630000114440918,74500,0.0,0.0
2026-05-20 00:00:00-04:00,8.609999656677246,8.890000343322754,8.569999694824219,8.739999771118164,70500,0.0,0.0
2026-05-21 00:00:00-04:00,8.640000343322754,8.899999618530273,8.609999656677246,8.789999961853027,83900,0.0,0.0
2026-05-22 00:00:00-04:00,8.789999961853027,8.920000076293945,8.619999885559082,8.680000305175781,93900,0.0,0.0
2026-05-26 00:00:00-04:00,8.729999542236328,8.859999656677246,8.579999923706055,8.789999961853027,121200,0.0,0.0
2026-05-27 00:00:00-04:00,8.84000015258789,8.949999809265137,8.670000076293945,8.800000190734863,89900,0.0,0.0
2026-05-28 00:00:00-04:00,8.779999732971191,8.920000076293945,8.729999542236328,8.8100004196167,96900,0.0,0.0
2026-05-29 00:00:00-04:00,8.770000457763672,9.289999961853027,8.579999923706055,9.25,151000,0.0,0.0
2026-06-01 00:00:00-04:00,9.369999885559082,9.789999961853027,9.199999809265137,9.65999984741211,291400,0.0,0.0
2026-06-02 00:00:00-04:00,9.569999694824219,9.640000343322754,9.229999542236328,9.34000015258789,77300,0.0,0.0
2026-06-03 00:00:00-04:00,9.34000015258789,9.420000076293945,8.949999809265137,8.989999771118164,75200,0.0,0.0
2026-06-04 00:00:00-04:00,9.069999694824219,9.369999885559082,8.9399995803833,9.100000381469727,109800,0.0,0.0
2026-06-05 00:00:00-04:00,9.149999618530273,9.149999618530273,8.789999961853027,8.859999656677246,38000,0.0,0.0
2026-06-08 00:00:00-04:00,8.930000305175781,9.0600004196167,8.779999732971191,8.989999771118164,66200,0.0,0.0
2026-06-09 00:00:00-04:00,9.029999732971191,9.180000305175781,8.8100004196167,8.920000076293945,60600,0.0,0.0
2026-06-10 00:00:00-04:00,8.989999771118164,9.050000190734863,8.8100004196167,8.869999885559082,92700,0.0,0.0
2026-06-11 00:00:00-04:00,8.949999809265137,8.949999809265137,8.619999885559082,8.670000076293945,115300,0.0,0.0
2026-06-12 00:00:00-04:00,8.609999656677246,8.979999542236328,8.609999656677246,8.789999961853027,86700,0.0,0.0
2026-06-15 00:00:00-04:00,8.890000343322754,9.029999732971191,8.3100004196167,8.479999542236328,94100,0.0,0.0
2026-06-16 00:00:00-04:00,8.550000190734863,8.609999656677246,8.270000457763672,8.34000015258789,72300,0.0,0.0
2026-06-17 00:00:00-04:00,8.260000228881836,8.470000267028809,8.069999694824219,8.15999984741211,132700,0.0,0.0
2026-06-18 00:00:00-04:00,8.199999809265137,8.34000015258789,8.09000015258789,8.270000457763672,203900,0.0,0.0
2026-06-22 00:00:00-04:00,8.260000228881836,8.329999923706055,7.769999980926514,7.840000152587891,112100,0.0,0.0
2026-06-23 00:00:00-04:00,7.829999923706055,7.829999923706055,7.46999979019165,7.710000038146973,147400,0.0,0.0
2026-06-24 00:00:00-04:00,7.739999771118164,8.020000457763672,7.590000152587891,7.940000057220459,125766,0.0,0.0
