Date,Open,High,Low,Close,Volume,Dividends,Stock Splits
2022-01-03 00:00:00-05:00,15.936685927492523,16.08665860507657,15.699884348004074,15.802498817443848,7100,0.0,0.0
2022-01-04 00:00:00-05:00,15.723568472931115,16.449757435747674,15.723568472931115,15.841968536376953,5300,0.0,0.0
2022-01-05 00:00:00-05:00,16.07876937963887,16.56815668600546,16.011675060138266,16.110342025756836,14100,0.0,0.0
2022-01-06 00:00:00-05:00,16.062979276790212,16.29977934743515,15.73935181099101,15.857751846313477,5600,0.0,0.0
2022-01-07 00:00:00-05:00,15.857751846313477,16.110338989811574,15.849858309886896,15.857751846313477,3500,0.0,0.0
2022-01-10 00:00:00-05:00,15.794606928175552,16.481328117574574,15.636739192052072,16.181381225585938,16700,0.0,0.0
2022-01-11 00:00:00-05:00,16.426073565235352,16.4734347856576,15.084203936240328,15.352578163146973,21500,0.0,0.0
2022-01-12 00:00:00-05:00,15.305217046701154,16.035353391686677,14.934229850769043,14.934229850769043,13200,0.0,0.0
2022-01-13 00:00:00-05:00,15.11577962457375,15.455194244992184,14.60271167755127,14.60271167755127,6500,0.0,0.0
2022-01-14 00:00:00-05:00,14.66585685288028,15.407832812553492,13.466066259693452,14.231722831726074,64500,0.0,0.0
2022-01-18 00:00:00-05:00,13.979133510894751,14.507988451775828,13.979133510894751,14.405375480651855,14300,0.0,0.0
2022-01-19 00:00:00-05:00,14.405378477333523,14.571138274140216,12.960894010786827,14.097537994384766,23100,0.0,0.0
2022-01-20 00:00:00-05:00,13.994922343210252,15.028953249135144,13.852841668775476,14.160683631896973,9300,0.0,0.0
2022-01-21 00:00:00-05:00,13.89230950951305,15.036845444382458,13.734441757202148,13.734441757202148,23500,0.0,0.0
2022-01-24 00:00:00-05:00,13.77390773659168,14.058067547689575,13.260838358101193,14.002814292907715,16400,0.0,0.0
2022-01-25 00:00:00-05:00,13.80548207213683,14.19225640856042,13.410814197557029,13.513428688049316,11200,0.0,0.0
2022-01-26 00:00:00-05:00,13.608147592347299,14.168576734788664,12.984573158250504,13.047719955444336,32600,0.0,0.0
2022-01-27 00:00:00-05:00,12.93721001457946,13.939666588865707,12.93721001457946,13.039824485778809,31500,0.0,0.0
2022-01-28 00:00:00-05:00,13.110865069710187,13.860733001940606,12.779344050612442,13.197690963745117,28600,0.0,0.0
2022-01-31 00:00:00-05:00,13.331879790047381,13.67918792738266,12.85038602602131,13.047719955444336,12300,0.0,0.0
2022-02-01 00:00:00-05:00,13.031932079264699,13.38713222708466,12.8464377152289,12.968785285949707,9600,0.0,0.0
2022-02-02 00:00:00-05:00,12.826705077668544,13.79758762375671,12.787238895029525,12.85827922821045,23300,0.0,0.0
2022-02-03 00:00:00-05:00,12.826704776068743,13.000358083350953,12.739877369658474,12.889851570129395,16600,0.0,0.0
2022-02-04 00:00:00-05:00,12.976679181785864,13.016145364121117,12.747771108734014,12.826704978942871,8500,0.0,0.0
2022-02-07 00:00:00-05:00,13.102971118440172,13.102971118440172,12.850383970076493,12.992463111877441,7200,0.0,0.0
2022-02-08 00:00:00-05:00,12.842491699319725,12.984572360663032,12.700411037976416,12.968785285949707,12300,0.0,0.0
2022-02-09 00:00:00-05:00,13.063505480972726,13.923881530761719,12.897745703481942,13.923881530761719,18000,0.0,0.0
2022-02-10 00:00:00-05:00,13.49763933578528,14.760576622593755,13.49763933578528,14.176466941833496,14100,0.0,0.0
2022-02-11 00:00:00-05:00,14.27908256845739,14.523776207652066,13.777854231104616,14.444842338562012,9400,0.0,0.0
2022-02-14 00:00:00-05:00,14.168576180632433,14.294869770080549,12.826704910823278,13.813374519348145,10000,0.0,0.0
2022-02-15 00:00:00-05:00,13.661031939868668,14.20883109258935,13.418706513256739,13.55289363861084,9200,0.0,0.0
2022-02-16 00:00:00-05:00,13.260840651422285,13.49764229141751,13.031934055519292,13.205587387084961,10800,0.0,0.0
2022-02-17 00:00:00-05:00,13.71076256693714,13.837056165821643,13.087186605098765,13.150333404541016,7600,0.0,0.0
2022-02-18 00:00:00-05:00,13.055612364084494,13.95387521300531,13.055612364084494,13.32398509979248,6400,0.0,0.0
2022-02-22 00:00:00-05:00,13.17401381817699,14.30276415835466,12.660945892333984,12.660945892333984,10200,0.0,0.0
2022-02-23 00:00:00-05:00,12.711462040320978,13.260839006784058,12.711462040320978,12.826704978942871,3700,0.0,0.0
2022-02-24 00:00:00-05:00,12.834599081627566,13.702868681078378,12.629371612263672,12.960892677307129,15400,0.0,0.0
2022-02-25 00:00:00-05:00,13.505533260741295,13.781799529872305,12.834597666698302,13.063504219055176,8400,0.0,0.0
2022-02-28 00:00:00-05:00,13.134545416665228,13.163751355137858,12.826704978942871,12.826704978942871,10300,0.0,0.0
2022-03-01 00:00:00-05:00,12.826704978942871,13.043771992863464,12.826704978942871,12.826704978942871,10500,0.0,0.0
2022-03-02 00:00:00-05:00,13.142438954239948,13.142438954239948,12.629371056189903,12.826704978942871,12000,0.0,0.0
2022-03-03 00:00:00-05:00,13.10928699974913,13.10928699974913,12.826704978942871,12.826704978942871,2700,0.0,0.0
2022-03-04 00:00:00-05:00,13.102972771904694,13.213479286874085,12.826704978942871,12.826704978942871,5500,0.0,0.0
2022-03-07 00:00:00-05:00,13.10297345991354,13.39897435958536,12.866171836853027,12.866171836853027,11100,0.0,0.0
2022-03-08 00:00:00-05:00,12.826705028366387,13.371347078813915,12.637264642458195,12.84249210357666,24700,0.0,0.0
2022-03-09 00:00:00-05:00,12.795131343792194,13.31609430592994,12.795131343792194,12.94510555267334,4500,0.0,0.0
2022-03-10 00:00:00-05:00,13.118759872344109,13.118759872344109,12.834598541259766,12.834598541259766,3700,0.0,0.0
2022-03-11 00:00:00-05:00,13.418705809710609,13.718652688902607,12.826704082811611,13.174012184143066,5500,0.0,0.0
2022-03-14 00:00:00-04:00,14.231723712274288,14.231723712274288,12.629371643066406,12.629371643066406,44900,0.0,0.0
2022-03-15 00:00:00-04:00,12.684624903118674,13.379241186588843,12.550437769189557,12.629371643066406,8900,0.0,0.0
2022-03-16 00:00:00-04:00,12.629371643066406,12.87406529710006,12.629371643066406,12.629371643066406,10900,0.0,0.0
2022-03-17 00:00:00-04:00,12.629370764166168,13.560787098909554,12.629370764166168,12.653051376342773,9900,0.0,0.0
2022-03-18 00:00:00-04:00,12.653051377857953,13.336615456290668,12.432036847464785,12.589903831481934,34200,0.0,0.0
2022-03-21 00:00:00-04:00,12.629370357784358,12.629370357784358,11.603233865660552,11.784781455993652,27800,0.0,0.0
2022-03-22 00:00:00-04:00,12.487290529203086,13.024039045921125,12.045262958892263,12.132089614868164,11000,0.0,0.0
2022-03-23 00:00:00-04:00,12.432036550528835,12.498340456401639,11.95843485702008,12.353102684020996,8600,0.0,0.0
2022-03-24 00:00:00-04:00,13.268730829743374,14.050172882200814,12.84249039455666,13.750226020812988,25800,0.0,0.0
2022-03-25 00:00:00-04:00,13.576574797305561,14.807938081821133,13.576574797305561,14.697431564331055,13300,0.0,0.0
2022-03-28 00:00:00-04:00,14.144896666684483,15.313113212585451,14.144896666684483,15.31311321258545,12300,0.0,0.0
2022-03-29 00:00:00-04:00,14.839509760617752,15.234177589416504,14.602709665553816,15.234177589416504,16100,0.0,0.0
2022-03-30 00:00:00-04:00,14.318549233724077,15.628846386033155,14.318549233724077,15.021059036254883,13400,0.0,0.0
2022-03-31 00:00:00-04:00,14.950019521941396,15.668314933776855,14.950019521941396,15.668314933776855,14000,0.0,0.0
2022-04-01 00:00:00-04:00,15.1868168774288,15.344684600830078,14.184360296568522,15.344684600830078,21400,0.0,0.0
2022-04-04 00:00:00-04:00,14.91844381901413,15.502552032470703,14.807937307304003,15.502552032470703,7300,0.0,0.0
2022-04-05 00:00:00-04:00,15.15524518019239,15.15524518019239,14.331967164508407,14.68164348602295,9100,0.0,0.0
2022-04-06 00:00:00-04:00,14.642175571269185,14.997377212733438,13.955454405155972,14.405375480651855,16300,0.0,0.0
2022-04-07 00:00:00-04:00,14.208042941266415,14.634284952162842,14.208042941266415,14.28697681427002,12800,0.0,0.0
2022-04-08 00:00:00-04:00,14.886871530975107,14.918444175559014,14.208042358730173,14.484310150146484,20200,0.0,0.0
2022-04-11 00:00:00-04:00,14.208041842616078,14.365909576416016,14.194622979855403,14.365909576416016,5000,0.0,0.0
2022-04-12 00:00:00-04:00,14.365909525089418,14.68164348602295,13.795218678152262,14.68164348602295,5700,0.0,0.0
2022-04-13 00:00:00-04:00,14.539561852896345,14.997376441955566,14.539561852896345,14.997376441955566,4500,0.0,0.0
2022-04-14 00:00:00-04:00,14.997377494352568,15.269697754229924,14.629547391064095,15.234177589416504,6100,0.0,0.0
2022-04-18 00:00:00-04:00,15.455191536126899,15.455191536126899,15.155244659921616,15.431510925292969,4500,0.0,0.0
2022-04-19 00:00:00-04:00,15.407833074635743,15.431512181859599,14.839510412649563,15.39993953704834,12100,0.0,0.0
2022-04-20 00:00:00-04:00,15.147350556080257,15.43151034776144,14.8631892588609,15.42361831665039,5800,0.0,0.0
2022-04-21 00:00:00-04:00,15.447299645358816,15.557806163283736,14.926338195800781,14.926338195800781,8100,0.0,0.0
2022-04-22 00:00:00-04:00,15.351792050993692,15.534129337899074,15.064473556634715,15.107887268066406,6700,0.0,0.0
2022-04-25 00:00:00-04:00,15.23417766080912,15.58937931060791,15.025004192337775,15.58937931060791,5700,0.0,0.0
2022-04-26 00:00:00-04:00,15.289434162389936,15.39994068577991,14.64217758178711,14.64217758178711,5900,0.0,0.0
2022-04-27 00:00:00-04:00,14.973696909994342,15.226285585539294,14.876609262280661,14.910550117492676,5600,0.0,0.0
2022-04-28 00:00:00-04:00,14.997378912962517,15.39204677909311,14.839511164294908,15.131566047668457,8500,0.0,0.0
2022-04-29 00:00:00-04:00,15.313112018857074,15.352579706509886,14.208042358730173,14.484310150146484,20200,0.0,0.0
2022-05-02 00:00:00-04:00,14.444845141214937,15.139461517333984,14.413272490776048,15.139461517333984,4200,0.0,0.0
2022-05-03 00:00:00-04:00,14.91054892742912,15.076310185477432,14.752682711543962,14.760576248168945,4400,0.0,0.0
2022-05-04 00:00:00-04:00,14.997377395619115,14.997377395619115,14.208041743218107,14.66585636138916,3900,0.0,0.0
2022-05-05 00:00:00-04:00,14.807936509148904,14.807936509148904,14.200147716426716,14.555349349975586,7400,0.0,0.0
2022-05-06 00:00:00-04:00,14.45273675248336,14.642177146464746,14.208043098449707,14.208043098449707,3500,0.0,0.0
2022-05-09 00:00:00-04:00,14.523775500514704,14.523775500514704,14.010707634717217,14.397481918334961,5500,0.0,0.0
2022-05-10 00:00:00-04:00,14.298815213818807,14.721109668923559,14.018601417541504,14.018601417541504,19900,0.0,0.0
2022-05-11 00:00:00-04:00,13.939669425827361,14.215937243423996,12.834599660979304,13.450282096862793,4000,0.0,0.0
2022-05-12 00:00:00-04:00,13.181908324346946,13.813376355527051,12.9451066835005,13.22137451171875,16400,0.0,0.0
2022-05-13 00:00:00-04:00,14.239615939649862,15.155245179057694,14.239615939649862,15.013164520263672,20300,0.0,0.0
2022-05-16 00:00:00-04:00,15.155244164612476,15.289431277209395,14.862400427351435,14.997376441955566,6700,0.0,0.0
2022-05-17 00:00:00-04:00,15.226286090521016,15.723566909771728,14.90186817239603,15.69199275970459,36100,0.0,0.0
2022-05-18 00:00:00-04:00,14.965801846046423,15.78671157036364,14.965801846046423,15.549911499023438,28800,0.0,0.0
2022-05-19 00:00:00-04:00,15.368367682357858,15.54202252414381,14.689539909362793,14.689539909362793,16900,0.0,0.0
2022-05-20 00:00:00-04:00,14.87897899801878,15.502553449651243,14.231723932195802,14.492204666137695,9700,0.0,0.0
2022-05-23 00:00:00-04:00,15.43940395764146,15.509655380276039,14.46062799156789,14.997376441955566,9000,0.0,0.0
2022-05-24 00:00:00-04:00,14.523777074299778,15.384153137090358,14.429057630170373,14.886872291564941,6400,0.0,0.0
2022-05-25 00:00:00-04:00,14.807934761047363,14.807934761047363,14.807934761047363,14.807934761047363,3200,0.0,0.0
2022-05-26 00:00:00-04:00,14.602710137995697,15.478873228047707,14.444842399153382,15.470979690551758,12000,0.0,0.0
2022-05-27 00:00:00-04:00,15.194711900346874,15.470979690551758,15.194711900346874,15.470979690551758,7100,0.0,0.0
2022-05-31 00:00:00-04:00,15.297326436596437,15.628847517540063,15.119727094211825,15.494660377502441,10400,0.0,0.0
2022-06-01 00:00:00-04:00,15.194710897849792,15.786712621142641,15.194710897849792,15.77881908416748,11300,0.0,0.0
2022-06-02 00:00:00-04:00,15.230229912835222,15.660417859538969,14.997375859013228,15.186816215515137,18000,0.0,0.0
2022-06-03 00:00:00-04:00,14.7171632834369,15.194710981527145,14.713215762158462,15.147351264953613,11800,0.0,0.0
2022-06-06 00:00:00-04:00,14.701375595674515,15.194710347207216,14.634282792124395,14.673748970031738,12600,0.0,0.0
2022-06-07 00:00:00-04:00,14.742422066491141,14.792149995965115,14.63428376826749,14.68164348602295,17600,0.0,0.0
2022-06-08 00:00:00-04:00,14.555349531376795,14.989483528424206,14.555349531376795,14.81583023071289,9000,0.0,0.0
2022-06-09 00:00:00-04:00,14.926336117313774,15.226284489254267,14.910549043940447,14.997376441955566,49300,0.0,0.0
2022-06-10 00:00:00-04:00,15.04474060831572,15.2894358013937,14.76058073120308,14.800046920776367,16700,0.0,0.0
2022-06-13 00:00:00-04:00,14.24751189720527,14.953967864461513,14.24751189720527,14.847407341003418,10300,0.0,0.0
2022-06-14 00:00:00-04:00,14.894765345933013,15.305218766398891,14.668225481755245,14.989484786987305,16300,0.0,0.0
2022-06-15 00:00:00-04:00,14.855297105352836,15.313111734866618,14.81583092397029,15.194711685180664,10900,0.0,0.0
2022-06-16 00:00:00-04:00,14.677694981067503,15.76855675923061,14.677694981067503,14.997376441955566,33200,0.0,0.0
2022-06-17 00:00:00-04:00,14.99737957876571,15.597274942580958,14.83951182308962,15.171032905578613,42000,0.0,0.0
2022-06-21 00:00:00-04:00,15.194714346110484,15.392048298657373,14.689539909362793,14.689539909362793,17100,0.0,0.0
2022-06-22 00:00:00-04:00,14.642178313090302,15.659633303404767,14.642178313090302,15.052633285522461,8200,0.0,0.0
2022-06-23 00:00:00-04:00,15.249967185002074,15.439407593478919,14.635864038222945,15.036846160888672,14900,0.0,0.0
2022-06-24 00:00:00-04:00,15.021059848501078,15.35258092336965,13.197693183954705,13.513428688049316,118400,0.0,0.0
2022-06-27 00:00:00-04:00,13.813375088853793,14.468523675703608,13.308200710233715,13.608147621154785,29200,0.0,0.0
2022-06-28 00:00:00-04:00,13.505534459834612,14.373802535115685,13.181906939657837,13.339773178100586,15800,0.0,0.0
2022-06-29 00:00:00-04:00,13.33977360702961,13.560788154602053,12.621478209342214,13.56078815460205,31700,0.0,0.0
2022-06-30 00:00:00-04:00,13.347666308867135,13.773908301296531,13.201639628737066,13.466066360473633,8900,0.0,0.0
2022-07-01 00:00:00-04:00,13.051666197858292,14.0975366441468,13.051666197858292,13.545001029968262,10000,0.0,0.0
2022-07-05 00:00:00-04:00,13.181907944526564,14.342230982963686,13.181907944526564,14.271190643310547,16100,0.0,0.0
2022-07-06 00:00:00-04:00,14.12121613180701,14.594817884460126,14.12121613180701,14.436951637268066,20600,0.0,0.0
2022-07-07 00:00:00-04:00,14.334333740091987,14.507987022399902,14.334333740091987,14.507987022399902,3500,0.0,0.0
2022-07-08 00:00:00-04:00,14.208042017698846,14.594816314182719,14.099113310145349,14.294869422912598,4300,0.0,0.0
2022-07-11 00:00:00-04:00,14.263293418798268,14.507987022399902,14.263293418798268,14.507987022399902,2700,0.0,0.0
2022-07-12 00:00:00-04:00,13.802323193343716,14.661910268317765,13.802323193343716,14.310654640197754,5900,0.0,0.0
2022-07-13 00:00:00-04:00,14.37380155676676,14.894764474229941,14.073854670264472,14.68164348602295,3600,0.0,0.0
2022-07-14 00:00:00-04:00,14.318548607535648,15.249964941331555,14.208042095233868,15.194711685180664,8600,0.0,0.0
2022-07-15 00:00:00-04:00,15.194712687678845,15.455193416388946,14.53956409695111,15.21049976348877,15800,0.0,0.0
2022-07-18 00:00:00-04:00,15.131566707433617,15.131566707433617,13.60814843685944,13.694975852966309,12500,0.0,0.0
2022-07-19 00:00:00-04:00,13.971242827794002,14.33433653585682,13.971242827794002,14.28697681427002,5800,0.0,0.0
2022-07-20 00:00:00-04:00,14.602709619404996,15.39204527450797,14.429056317276125,14.68164348602295,4600,0.0,0.0
2022-07-21 00:00:00-04:00,14.997376537671064,15.35257816314697,14.654015970069816,15.352578163146973,5100,0.0,0.0
2022-07-22 00:00:00-04:00,15.463087835166176,15.463087835166176,14.271190643310547,14.271190643310547,12300,0.0,0.0
2022-07-25 00:00:00-04:00,14.271188835809973,14.50246360870855,14.05806784384314,14.302762985229492,14000,0.0,0.0
2022-07-26 00:00:00-04:00,14.665856182546221,14.747158259612947,14.21593510705034,14.405375480651855,3100,0.0,0.0
2022-07-27 00:00:00-04:00,14.294869492528981,14.523776054382324,13.837054863283981,14.523776054382324,3900,0.0,0.0
2022-07-28 00:00:00-04:00,14.644545842030993,14.681645321027522,14.48431138258774,14.657964706420898,2700,0.0,0.0
2022-07-29 00:00:00-04:00,14.223829792048306,15.021059036254881,13.835476166777857,15.021059036254883,10800,0.0,0.0
2022-08-01 00:00:00-04:00,15.068416776128654,15.068416776128654,14.346173976992992,14.35012149810791,15500,0.0,0.0
2022-08-02 00:00:00-04:00,14.397482219853032,14.888448794328001,14.35801603917219,14.365909576416016,4500,0.0,0.0
2022-08-03 00:00:00-04:00,14.444843475953869,14.66585802570112,14.271190154712889,14.37380313873291,7700,0.0,0.0
2022-08-04 00:00:00-04:00,14.271189896443502,14.819777986303052,13.998869612383714,14.208043098449707,48600,0.0,0.0
2022-08-05 00:00:00-04:00,14.192255012133304,14.642176103998764,14.192255012133304,14.523776054382324,7000,0.0,0.0
2022-08-08 00:00:00-04:00,14.650070011261958,14.815831289340752,14.444842550827351,14.721110343933105,8100,0.0,0.0
2022-08-09 00:00:00-04:00,14.594816339668508,14.740843016888014,14.302762985229492,14.302762985229492,7500,0.0,0.0
2022-08-10 00:00:00-04:00,14.35249240896647,14.67927706066144,14.35249240896647,14.64217758178711,9800,0.0,0.0
2022-08-11 00:00:00-04:00,14.855296556147737,14.90265627316355,14.097535061741674,14.405375480651855,11000,0.0,0.0
2022-08-12 00:00:00-04:00,14.168575250880062,14.81583023071289,14.168575250880062,14.81583023071289,16400,0.0,0.0
2022-08-15 00:00:00-04:00,14.634285413763036,14.815832273520865,14.52377738585694,14.729004859924316,6200,0.0,0.0
2022-08-16 00:00:00-04:00,14.56324523509958,14.784258282243716,14.56324523509958,14.650071144104004,16100,0.0,0.0
2022-08-17 00:00:00-04:00,14.555349531376795,14.81583023071289,14.523775383317513,14.81583023071289,15800,0.0,0.0
2022-08-18 00:00:00-04:00,14.563246772259395,14.839513110349653,14.539566155192247,14.800046920776367,8500,0.0,0.0
2022-08-19 00:00:00-04:00,14.547456314636666,14.66585636138916,14.500096597043322,14.66585636138916,4400,0.0,0.0
2022-08-22 00:00:00-04:00,14.523778892010142,14.77084078866073,14.51588535308838,14.515885353088379,4800,0.0,0.0
2022-08-23 00:00:00-04:00,14.60271167755127,14.831619772452443,14.53167133813632,14.60271167755127,7100,0.0,0.0
2022-08-24 00:00:00-04:00,14.784256507626559,14.902656555175781,14.531669338044674,14.902656555175781,10300,0.0,0.0
2022-08-25 00:00:00-04:00,14.902655977930943,15.044736631701923,14.571134954311402,14.894763946533203,5700,0.0,0.0
2022-08-26 00:00:00-04:00,14.721110343933105,15.171031447158136,14.610603828906145,14.721110343933105,6700,0.0,0.0
2022-08-29 00:00:00-04:00,14.618497422564383,15.352579859290083,14.59481680973704,15.076312065124512,7400,0.0,0.0
2022-08-30 00:00:00-04:00,14.934231225049942,15.07631188928011,14.36591007366761,14.47641658782959,12500,0.0,0.0
2022-08-31 00:00:00-04:00,14.555350394982186,14.800044034806929,14.010708352950559,14.121214866638184,18900,0.0,0.0
2022-09-01 00:00:00-04:00,14.058069204928204,14.610604828959154,13.842581485876128,14.050175666809082,13000,0.0,0.0
2022-09-02 00:00:00-04:00,14.4132707021166,14.444843348637384,13.908096313476562,13.908096313476562,5500,0.0,0.0
2022-09-06 00:00:00-04:00,14.492202211074181,14.571134567260742,14.397481275896842,14.571134567260742,17100,0.0,0.0
2022-09-07 00:00:00-04:00,14.547456944852641,14.547456944852641,13.997289573833022,14.484310150146484,9300,0.0,0.0
2022-09-08 00:00:00-04:00,14.318548252771242,14.579028957841846,14.14884096706209,14.334335327148438,18300,0.0,0.0
2022-09-09 00:00:00-04:00,14.602709247927473,14.871083484278389,14.026494595689783,14.81583023071289,16500,0.0,0.0
2022-09-12 00:00:00-04:00,14.113320850804309,14.79609751734207,14.113320850804309,14.68164348602295,20100,0.0,0.0
2022-09-13 00:00:00-04:00,14.42116456088732,14.642177608063896,13.418707793786945,14.436951637268066,35200,0.0,0.0
2022-09-14 00:00:00-04:00,14.43695150695382,14.59166063858095,13.813375545389219,14.050175666809082,19600,0.0,0.0
2022-09-15 00:00:00-04:00,14.488256687427116,14.567190560034422,13.81337501243453,13.923881530761719,9300,0.0,0.0
2022-09-16 00:00:00-04:00,13.884414943349421,13.971242351245612,12.313637096863163,12.495183944702148,50400,0.0,0.0
2022-09-19 00:00:00-04:00,12.518864724925217,13.450281903649213,12.392571125358993,13.387133598327637,22800,0.0,0.0
2022-09-20 00:00:00-04:00,13.02403794170653,13.580519502630642,12.921424971875364,13.158225059509277,15600,0.0,0.0
2022-09-21 00:00:00-04:00,13.031931949691932,13.813374073772163,12.844859783367793,13.260838508605957,34100,0.0,0.0
2022-09-22 00:00:00-04:00,13.110866102110839,13.450280684763712,12.788816398524686,12.889851570129395,25800,0.0,0.0
2022-09-23 00:00:00-04:00,12.866171210853711,13.205585800182774,12.635685332721824,12.84249210357666,12600,0.0,0.0
2022-09-26 00:00:00-04:00,13.031933856136765,13.801536539654242,12.874066098555254,13.055614471435547,11900,0.0,0.0
2022-09-27 00:00:00-04:00,13.06350640850459,13.785749361665115,13.024040222167969,13.024040222167969,18500,0.0,0.0
2022-09-28 00:00:00-04:00,13.063503490810756,14.760576223942556,12.96089052593073,14.429055213928223,40200,0.0,0.0
2022-09-29 00:00:00-04:00,14.34223093474725,15.044739285023796,14.11332283984813,14.255403518676758,37100,0.0,0.0
2022-09-30 00:00:00-04:00,14.21593660893655,14.83951104972869,12.50307802293211,12.621478080749512,27700,0.0,0.0
2022-10-03 00:00:00-04:00,13.097447741794085,13.931774959722254,12.866171451695573,13.339773178100586,23700,0.0,0.0
2022-10-04 00:00:00-04:00,13.466066771070137,14.314603260276549,12.834598806222377,13.339773178100586,29200,0.0,0.0
2022-10-05 00:00:00-04:00,13.3003064586182,13.821267884997505,12.49202659287915,12.8819580078125,66800,0.0,0.0
2022-10-06 00:00:00-04:00,12.992465323457813,13.75022840307361,12.92931852561803,12.960892677307129,13600,0.0,0.0
2022-10-07 00:00:00-04:00,12.850385713475506,13.576574616311484,12.258383186835852,12.463610649108887,14600,0.0,0.0
2022-10-10 00:00:00-04:00,12.432037174152248,13.132967655484174,12.274170185986689,12.503077507019043,7200,0.0,0.0
2022-10-11 00:00:00-04:00,12.518864451894066,12.97667986949072,12.274170796263476,12.313637733459473,19100,0.0,0.0
2022-10-12 00:00:00-04:00,12.250491157898177,12.265487826480854,11.863716069664775,11.911076545715332,6200,0.0,0.0
2022-10-13 00:00:00-04:00,11.840033755345612,13.024037130880172,11.840033755345612,12.108407974243164,9600,0.0,0.0
2022-10-14 00:00:00-04:00,12.108409984477166,12.787239180921507,11.879502657314799,12.076836585998535,6700,0.0,0.0
2022-10-17 00:00:00-04:00,12.013688479795288,12.700410386443766,11.918968294681958,12.542543411254883,14600,0.0,0.0
2022-10-18 00:00:00-04:00,12.293902080021471,12.368889174386204,12.116302017918603,12.218914985656738,11600,0.0,0.0
2022-10-19 00:00:00-04:00,12.155768719101859,12.155768719101859,11.26382009628956,11.405900001525879,35700,0.0,0.0
2022-10-20 00:00:00-04:00,11.603232893218754,11.64269982283302,11.050698136926256,11.129631996154785,13400,0.0,0.0
2022-10-21 00:00:00-04:00,11.192781020794166,11.2480342816424,10.683659107769548,10.971766471862793,30300,0.0,0.0
2022-10-24 00:00:00-04:00,10.778377897417572,10.813898061254532,10.403443922027297,10.806004524230957,47600,0.0,0.0
2022-10-25 00:00:00-04:00,10.616564374278862,13.024038264664638,10.340297347598975,12.408356666564941,60200,0.0,0.0
2022-10-26 00:00:00-04:00,12.368889579290784,12.368889579290784,12.053155623370504,12.092621803283691,3200,0.0,0.0
2022-10-27 00:00:00-04:00,12.124195597303986,12.637264233496442,12.124195597303986,12.297849655151367,3200,0.0,0.0
2022-10-28 00:00:00-04:00,12.46360946085581,12.984571604520555,12.46360946085581,12.905637741088867,10200,0.0,0.0
2022-10-31 00:00:00-04:00,12.234704559483372,13.260840468708505,12.234704559483372,12.929319381713867,20700,0.0,0.0
2022-11-01 00:00:00-04:00,12.984571735923033,12.984571735923033,12.16366195678711,12.16366195678711,10800,0.0,0.0
2022-11-02 00:00:00-04:00,12.321530397434358,12.321530397434358,11.658489020696928,11.721635818481445,8700,0.0,0.0
2022-11-03 00:00:00-04:00,11.650593840251007,11.903970650566585,11.28749942779541,11.28749942779541,8000,0.0,0.0
2022-11-04 00:00:00-04:00,11.366432695801894,12.266275579054113,11.176992326517988,12.195235252380371,9700,0.0,0.0
2022-11-07 00:00:00-05:00,12.229967172517762,12.229967172517762,11.492727647208694,11.95843505859375,19000,0.0,0.0
2022-11-08 00:00:00-05:00,11.863715581690885,12.62937143575916,11.60639272283619,12.076836585998535,19200,0.0,0.0
2022-11-09 00:00:00-05:00,11.903183462596273,12.364944922471528,11.555876051769664,11.72952938079834,17100,0.0,0.0
2022-11-10 00:00:00-05:00,11.840034739645747,12.787238121032715,11.176992673782523,12.787238121032715,27200,0.0,0.0
2022-11-11 00:00:00-05:00,11.958434780054061,12.353102604514843,11.279606392978405,11.398006439208984,28300,0.0,0.0
2022-11-14 00:00:00-05:00,11.342754854969977,11.453262133088849,10.269258485353745,10.892833709716797,48000,0.0,0.0
2022-11-15 00:00:00-05:00,11.111478357091537,11.111478357091537,10.837578773498535,10.837578773498535,13500,0.0,0.0
2022-11-16 00:00:00-05:00,10.987551057472968,11.050697842063233,10.48237602798179,10.521842956542969,43100,0.0,0.0
2022-11-17 00:00:00-05:00,10.616565386898856,11.1138469856769,10.616565386898856,11.050700187683105,27700,0.0,0.0
2022-11-18 00:00:00-05:00,11.269284625911938,11.334050567388484,11.208566652286542,11.317858695983887,15600,0.35,0.0
2022-11-21 00:00:00-05:00,11.261187365450446,11.536442970380326,11.115463628235608,11.172134399414062,7500,0.0,0.0
2022-11-22 00:00:00-05:00,11.253093762233984,11.306525707340569,10.99402997312836,11.091178894042969,6000,0.0,0.0
2022-11-23 00:00:00-05:00,10.734965266574372,11.334050613716657,10.734965266574372,11.058794975280762,2300,0.0,0.0
2022-11-25 00:00:00-05:00,11.123561337027581,11.123561337027581,10.913071632385254,10.913071632385254,900,0.0,0.0
2022-11-28 00:00:00-05:00,10.856401469658968,11.172136022126821,10.362560959249095,10.726869583129883,16900,0.0,0.0
2022-11-29 00:00:00-05:00,10.614338949462898,10.866926597402106,10.33017823156677,10.459710121154785,7600,0.0,0.0
2022-11-30 00:00:00-05:00,10.637816331969598,11.706455140562287,10.483996641598877,11.188326835632324,66700,0.0,0.0
2022-12-01 00:00:00-05:00,11.180230325084526,11.819794500461285,11.172134390341203,11.334049224853516,102400,0.0,0.0
2022-12-02 00:00:00-05:00,11.38181415893996,11.415007028145087,10.994027686342244,11.334049224853516,41800,0.0,0.0
2022-12-05 00:00:00-05:00,11.900752537820022,11.900752537820022,11.022363617748471,11.301667213439941,32200,0.0,0.0
2022-12-06 00:00:00-05:00,11.495965012968835,11.67650066678059,11.269284225848176,11.431199073791504,48700,0.0,0.0
2022-12-07 00:00:00-05:00,11.34214784611816,11.831940433039902,11.264428089486744,11.277381896972656,43200,0.0,0.0
2022-12-08 00:00:00-05:00,11.455486094548291,11.62549687770739,11.33405015175075,11.528347969055176,13500,0.0,0.0
2022-12-09 00:00:00-05:00,11.374528126499301,11.520251091524967,11.08712861967797,11.334049224853516,23800,0.0,0.0
2022-12-12 00:00:00-05:00,11.374530197609124,11.487870216369629,11.294382282026634,11.487870216369629,21200,0.0,0.0
2022-12-13 00:00:00-05:00,11.495964072512216,11.495964072512216,10.977836601480302,11.107368469238281,37600,0.0,0.0
2022-12-14 00:00:00-05:00,11.172136509727583,11.33405137495561,10.987552868503752,11.131657600402832,22800,0.0,0.0
2022-12-15 00:00:00-05:00,10.931693162706235,11.253093969670495,10.848306405695714,11.050700187683105,22600,0.0,0.0
2022-12-16 00:00:00-05:00,10.848304902183614,11.30166725071322,10.119687696839527,11.042603492736816,127100,0.0,0.0
2022-12-19 00:00:00-05:00,10.88878327029746,10.92926217350238,10.726868429548633,10.79973030090332,7700,0.0,0.0
2022-12-20 00:00:00-05:00,10.888782709936374,10.896878644574896,10.524474143981934,10.524474143981934,11100,0.0,0.0
2022-12-21 00:00:00-05:00,10.628911602646498,11.301668798457746,10.605434467512591,11.115466117858887,15400,0.0,0.0
2022-12-22 00:00:00-05:00,10.977837194240148,11.172135006368428,10.68638970397685,10.92116641998291,21300,0.0,0.0
2022-12-23 00:00:00-05:00,11.147849277812227,11.285476331793584,10.678295018764272,11.139753341674805,16500,0.0,0.0
2022-12-27 00:00:00-05:00,11.244997613591975,11.301667619480702,11.03450791733253,11.188326835632324,24000,0.0,0.0
2022-12-28 00:00:00-05:00,11.36643488402997,11.393960759848765,11.265237991981245,11.277381896972656,3900,0.0,0.0
2022-12-29 00:00:00-05:00,11.374529052315928,11.6562608100915,11.35428921381022,11.560730934143066,5700,0.0,0.0
2022-12-30 00:00:00-05:00,11.738837447771067,11.738837447771067,11.43929479175231,11.63359260559082,5100,0.0,0.0
2023-01-03 00:00:00-05:00,11.552637107127799,11.717790039255101,10.734966066617092,10.807827949523926,19500,0.0,0.0
2023-01-04 00:00:00-05:00,10.93735936616449,11.382625808474838,10.93735936616449,11.212615013122559,12200,0.0,0.0
2023-01-05 00:00:00-05:00,11.261188858695377,11.463582621855455,11.200470884161541,11.382625579833984,13400,0.0,0.0
2023-01-06 00:00:00-05:00,11.3421463738866,12.03838062286377,11.3421463738866,12.03838062286377,13900,0.0,0.0
2023-01-09 00:00:00-05:00,12.095048330368975,12.370303912255535,12.005995371787757,12.281250953674316,10000,0.0,0.0
2023-01-10 00:00:00-05:00,12.378399846327673,12.378399846327673,12.103144264441113,12.281250953674316,2900,0.0,0.0
2023-01-11 00:00:00-05:00,12.370306151687567,12.750806629182714,12.127433490050857,12.66175365447998,8800,0.0,0.0
2023-01-12 00:00:00-05:00,12.60508230393254,12.74271011352539,12.426976362635454,12.74271011352539,6100,0.0,0.0
2023-01-13 00:00:00-05:00,12.637466490413033,12.750807277491836,12.099099102912882,12.346019744873047,23100,0.0,0.0
2023-01-17 00:00:00-05:00,12.507935560452022,12.507935560452022,12.232679893680887,12.378403663635254,6200,0.0,0.0
2023-01-18 00:00:00-05:00,12.28934707514917,12.385686067036097,11.787410736083984,11.787410736083984,5400,0.0,0.0
2023-01-19 00:00:00-05:00,11.844082986278236,12.507934275290479,11.69835923129665,12.062667846679688,24000,0.0,0.0
2023-01-20 00:00:00-05:00,12.289348033581415,12.33792209840166,12.103145392914902,12.30553913116455,11400,0.0,0.0
2023-01-23 00:00:00-05:00,12.265060419500834,12.346018224885803,12.216486353926534,12.329826354980469,6600,0.0,0.0
2023-01-24 00:00:00-05:00,12.18005599809039,12.315254875533487,12.18005599809039,12.184103965759277,1600,0.0,0.0
2023-01-25 00:00:00-05:00,12.062667453543796,12.111242294311523,11.88051353782434,12.111242294311523,9900,0.0,0.0
2023-01-26 00:00:00-05:00,12.10314839923098,12.361403071035868,12.045668482995204,12.297446250915527,7400,0.0,0.0
2023-01-27 00:00:00-05:00,12.063478849461807,12.346020547058222,12.038381909630548,12.192201614379883,2900,0.0,0.0
2023-01-30 00:00:00-05:00,12.167913436889648,12.21244031408668,12.167913436889648,12.167913436889648,4300,0.0,0.0
2023-01-31 00:00:00-05:00,12.3460201736068,12.3460201736068,12.159818272730076,12.167913436889648,5300,0.0,0.0
2023-02-01 00:00:00-05:00,12.321731000818525,12.346018033228649,12.24077319669033,12.30553913116455,7800,0.0,0.0
2023-02-02 00:00:00-05:00,12.313634501639408,12.362209336304236,12.127431869506836,12.127431869506836,22600,0.0,0.0
2023-02-03 00:00:00-05:00,12.28853813127038,12.362209902882624,12.258584098895534,12.30553913116455,5100,0.0,0.0
2023-02-06 00:00:00-05:00,12.281254741022678,12.386499600204054,12.258586736286844,12.378403663635254,7800,0.0,0.0
2023-02-07 00:00:00-05:00,12.3379228354692,12.507933616638184,12.190580055513296,12.507933616638184,18300,0.0,0.0
2023-02-08 00:00:00-05:00,12.4755519518349,13.285127037841796,12.313637089047715,12.596988677978516,22000,0.0,0.0
2023-02-09 00:00:00-05:00,12.750806483541274,12.750806483541274,12.177627224805425,12.402688980102539,66700,0.0,0.0
2023-02-10 00:00:00-05:00,12.516030317649363,12.588892195760854,12.224583577274332,12.483647346496582,5400,0.0,0.0
2023-02-13 00:00:00-05:00,12.520077499426622,12.72651921708989,12.520077499426622,12.669848442077637,2900,0.0,0.0
2023-02-14 00:00:00-05:00,12.669847871386606,12.750805676574146,12.548411935676144,12.564603805541992,10300,0.0,0.0
2023-02-15 00:00:00-05:00,12.67794415562812,12.937007904052734,12.617226186099959,12.937007904052734,30900,0.0,0.0
2023-02-16 00:00:00-05:00,12.726518643846225,12.986392287454628,12.564603805541992,12.564603805541992,15100,0.0,0.0
2023-02-17 00:00:00-05:00,12.532220240978253,12.750805854797363,12.313635399230002,12.750805854797363,18300,0.0,0.0
2023-02-21 00:00:00-05:00,12.356543449172557,12.750806870117597,12.356543449172557,12.394594192504883,16900,0.0,0.0
2023-02-22 00:00:00-05:00,13.147497607134742,13.147497607134742,12.70223120975028,12.74271011352539,14000,0.0,0.0
2023-02-23 00:00:00-05:00,12.890862800406582,12.890862800406582,12.548412308854068,12.67794418334961,10400,0.0,0.0
2023-02-24 00:00:00-05:00,12.491743816760955,12.885197357740145,12.491743816760955,12.629371643066406,6700,0.0,0.0
2023-02-27 00:00:00-05:00,12.815571791024317,12.856050694183876,12.588891014229981,12.750805854797363,5700,0.0,0.0
2023-02-28 00:00:00-05:00,12.300683508989506,12.880338923685251,12.285301539801484,12.548413276672363,9500,0.0,0.0
2023-03-01 00:00:00-05:00,12.710327342460548,12.74271031156975,12.623703305430647,12.702231407165527,6600,0.0,0.0
2023-03-02 00:00:00-05:00,12.746760211173429,12.937010087016255,12.629372219887301,12.637467384338379,12000,0.0,0.0
2023-03-03 00:00:00-05:00,12.753235992892703,12.764569994198151,12.143625769271956,12.451264381408691,16400,0.0,0.0
2023-03-06 00:00:00-05:00,12.708710580514646,12.708710580514646,12.062669343474651,12.143627166748047,47800,0.0,0.0
2023-03-07 00:00:00-05:00,12.184105078490076,12.337924003601074,12.070764289622893,12.337924003601074,7300,0.0,0.0
2023-03-08 00:00:00-05:00,12.297444353962101,12.621274828887948,12.167912472820127,12.232678413391113,8700,0.0,0.0
2023-03-09 00:00:00-05:00,12.232677889578026,12.256965695305306,11.860273361206055,11.860273361206055,8800,0.0,0.0
2023-03-10 00:00:00-05:00,11.819795039236292,12.629370020771082,11.738837232254467,11.835986137390137,17600,0.0,0.0
2023-03-13 00:00:00-04:00,11.860274144170349,12.443168394900317,11.544540369581101,11.738838195800781,13000,0.0,0.0
2023-03-14 00:00:00-04:00,11.997902764327893,12.269110454375095,11.593115213336308,11.649785995483398,15000,0.0,0.0
2023-03-15 00:00:00-04:00,11.495964813904587,11.601209656263054,11.33404996876498,11.471677780151367,8400,0.0,0.0
2023-03-16 00:00:00-04:00,11.527539171523173,11.98171066071299,11.415008291180609,11.779316902160645,17000,0.0,0.0
2023-03-17 00:00:00-04:00,11.334050377931908,11.64168898083857,10.92926286443434,11.293571472167969,62700,0.0,0.0
2023-03-20 00:00:00-04:00,11.293570945930886,11.293570945930886,10.92116641998291,10.92116641998291,22000,0.0,0.0
2023-03-21 00:00:00-04:00,10.856399734973362,10.856399734973362,10.645910066961136,10.718771934509277,20200,0.0,0.0
2023-03-22 00:00:00-04:00,10.686389770961746,10.686389770961746,10.338273048400879,10.338273048400879,5800,0.0,0.0
2023-03-23 00:00:00-04:00,10.484808385652386,10.629722263358293,10.24112577338624,10.508285522460938,7300,0.0,0.0
2023-03-24 00:00:00-04:00,10.168262831357255,10.55362041410522,10.152070959980337,10.378751754760742,8900,0.0,0.0
2023-03-27 00:00:00-04:00,10.386847506073108,10.516379386505458,10.257315625640759,10.322081565856934,8700,0.0,0.0
2023-03-28 00:00:00-04:00,10.354463763129422,11.2433767280959,10.176357054793002,10.443516731262207,15600,0.0,0.0
2023-03-29 00:00:00-04:00,10.581144142309942,11.070127476656825,10.253266510158028,10.524474143981934,13800,0.0,0.0
2023-03-30 00:00:00-04:00,10.573049542170116,10.605432510375977,10.386846895933271,10.605432510375977,92000,0.0,0.0
2023-03-31 00:00:00-04:00,10.605434556883031,10.92926430143034,10.536620639657851,10.79163646697998,34100,0.0,0.0
2023-04-03 00:00:00-04:00,10.68639047588637,10.77544422526427,10.516379684976023,10.767348289489746,47400,0.0,0.0
2023-04-04 00:00:00-04:00,10.62890907577807,10.686388976398261,10.331795377595881,10.524474143981934,153500,0.0,0.0
2023-04-05 00:00:00-04:00,10.50828419371481,10.524476065948793,10.451614185037792,10.459710121154785,7500,0.0,0.0
2023-04-06 00:00:00-04:00,10.508282979856634,11.325953903516908,10.322081103100604,11.018315315246582,51400,0.0,0.0
2023-04-10 00:00:00-04:00,10.72686955089455,11.188327088285426,10.710677679091601,10.888784408569336,15800,0.0,0.0
2023-04-11 00:00:00-04:00,11.0911779461514,11.14380075636052,10.929263091798205,11.058794975280762,13700,0.0,0.0
2023-04-12 00:00:00-04:00,11.18832741435741,11.25309335931486,11.010221451759907,11.139753341674805,10100,0.0,0.0
2023-04-13 00:00:00-04:00,11.010220716744884,11.277380414877186,11.010220716744884,11.034507751464844,249800,0.0,0.0
2023-04-14 00:00:00-04:00,11.244996897747713,11.244996897747713,10.726868625801233,10.759251594543457,139500,0.0,0.0
2023-04-17 00:00:00-04:00,10.678295135498047,10.913071881553092,10.532572143786243,10.678295135498047,196900,0.0,0.0
2023-04-18 00:00:00-04:00,10.670199157685692,11.30895349902609,10.5341903733312,10.937358856201172,63700,0.0,0.0
2023-04-19 00:00:00-04:00,10.799730620256955,11.317858125974498,10.799730620256955,11.244997024536133,13500,0.0,0.0
2023-04-20 00:00:00-04:00,11.131655488695417,11.431198125560904,10.953548784696459,11.334049224853516,8800,0.0,0.0
2023-04-21 00:00:00-04:00,11.269286125819313,11.536445862985937,11.212616112502461,11.366435050964355,11300,0.0,0.0
2023-04-24 00:00:00-04:00,11.525920788449074,11.722646785485443,11.164040320107242,11.39881706237793,9300,0.0,0.0
2023-04-25 00:00:00-04:00,11.447390742477525,11.706454494612172,11.334049964883176,11.504060745239258,4500,0.0,0.0
2023-04-26 00:00:00-04:00,11.447392376134195,11.447392376134195,11.010221845982956,11.091178894042969,8700,0.0,0.0
2023-04-27 00:00:00-04:00,11.266855099593187,11.439294815063477,10.874211503485537,11.439294815063477,5200,0.0,0.0
2023-04-28 00:00:00-04:00,11.617401794661339,11.647355829383288,10.977837562561035,10.977837562561035,10400,0.0,0.0
2023-05-01 00:00:00-04:00,11.200470890215472,11.576923413428041,11.200470890215472,11.350242614746094,8000,0.0,0.0
2023-05-02 00:00:00-04:00,11.178612555915725,11.487870216369629,11.139753451799683,11.487870216369629,14700,0.0,0.0
2023-05-03 00:00:00-04:00,11.131655996103373,12.143624723021862,11.131655996103373,11.835986137390137,24300,0.0,0.0
2023-05-04 00:00:00-04:00,11.916943414796476,12.07885824949395,11.042602535359292,11.107368469238281,27500,0.0,0.0
2023-05-05 00:00:00-04:00,11.374530553417884,11.941232981160452,10.868546105063627,11.544541358947754,11600,0.0,0.0
2023-05-08 00:00:00-04:00,11.69835738959275,11.83841412192314,11.544538495161254,11.674070358276367,19500,0.0,0.0
2023-05-09 00:00:00-04:00,11.892656880657656,12.208391421090854,11.593114211458891,11.973614692687988,22700,0.0,0.0
2023-05-10 00:00:00-04:00,12.248872299836636,12.248872299836636,11.576924976806144,11.90885066986084,11800,0.0,0.0
2023-05-11 00:00:00-04:00,12.491742725858996,12.556508665279566,11.963899470303366,12.402688980102539,8100,0.0,0.0
2023-05-12 00:00:00-04:00,12.520077110479987,12.92081663041083,12.516029142956944,12.750805854797363,22600,0.0,0.0
2023-05-15 00:00:00-04:00,12.953201544163225,12.953201544163225,12.629371814387534,12.718424797058105,22100,0.0,0.0
2023-05-16 00:00:00-04:00,12.710328570369288,13.026063128739391,11.933136464595231,12.337924003601074,18000,0.0,0.0
2023-05-17 00:00:00-04:00,12.337923572430178,12.734615161495775,12.337923572430178,12.580796241760254,19700,0.0,0.0
2023-05-18 00:00:00-04:00,12.580796976709918,12.686041831970215,11.98171159021682,12.686041831970215,5200,0.0,0.0
2023-05-19 00:00:00-04:00,12.799380887638893,12.80019001791329,12.62937010944013,12.74271011352539,20800,0.0,0.0
2023-05-22 00:00:00-04:00,13.024225875461022,13.05734608996926,12.541510435518196,12.982827186584473,23900,0.35,0.0
2023-05-23 00:00:00-04:00,12.717870966489343,12.792389869689941,12.585393267301335,12.792389869689941,7200,0.0,0.0
2023-05-24 00:00:00-04:00,12.788250397470586,13.330582087781005,12.788250397470586,13.156704902648926,13900,0.0,0.0
2023-05-25 00:00:00-04:00,12.69717162310568,13.140144225911603,12.69717162310568,12.875188827514648,18200,0.0,0.0
2023-05-26 00:00:00-04:00,13.00766633475957,13.438218850800975,12.626792560369797,13.015946388244629,30500,0.0,0.0
2023-05-30 00:00:00-04:00,13.015946641475741,13.231222508870054,12.577113273782212,13.00766658782959,9300,0.0,0.0
2023-05-31 00:00:00-04:00,12.875187828053377,13.396819320376762,12.676471294681416,13.198101997375488,33500,0.0,0.0
2023-06-01 00:00:00-04:00,13.247782707214355,13.280902922026598,13.123585060185974,13.247782707214355,13700,0.0,0.0
2023-06-02 00:00:00-04:00,13.247782707214355,13.574837721820813,13.140144377962713,13.247782707214355,32600,0.0,0.0
2023-06-05 00:00:00-04:00,13.314022715816193,13.314022715816193,13.123586201855314,13.189825057983398,18100,0.0,0.0
2023-06-06 00:00:00-04:00,13.24778222885589,13.85221191402535,13.040785631530017,13.206382751464844,131400,0.0,0.0
2023-06-07 00:00:00-04:00,13.23950220613323,13.421658643668996,12.999386184263942,13.231222152709961,82300,0.0,0.0
2023-06-08 00:00:00-04:00,13.330581217384749,13.330581217384749,13.024225557693077,13.314021110534668,38200,0.0,0.0
2023-06-09 00:00:00-04:00,13.305742655053335,13.918452468760917,13.256063907795665,13.777694702148438,29800,0.0,0.0
2023-06-12 00:00:00-04:00,14.00125049504199,14.556001469881556,13.92673158952184,14.531161308288574,45000,0.0,0.0
2023-06-13 00:00:00-04:00,14.531158738499489,14.903753200208097,14.357282375874483,14.771275520324707,23700,0.0,0.0
2023-06-14 00:00:00-04:00,14.779558684867663,15.317749570128516,14.750579284994615,14.845797538757324,39200,0.0,0.0
2023-06-15 00:00:00-04:00,14.82095554099485,15.185269981903055,14.754716695307781,14.978273391723633,26300,0.0,0.0
2023-06-16 00:00:00-04:00,15.069355255454315,15.168712753203922,14.804398243184474,15.143874168395996,30400,0.0,0.0
2023-06-20 00:00:00-04:00,15.143874580915282,15.268072246114913,14.49804451091461,14.56428337097168,45200,0.0,0.0
2023-06-21 00:00:00-04:00,14.502180843026657,15.143871546627825,14.502180843026657,14.887194633483887,53700,0.0,0.0
2023-06-22 00:00:00-04:00,14.98655447279338,14.98655447279338,14.33244444491581,14.572561264038086,18800,0.0,0.0
2023-06-23 00:00:00-04:00,14.572562268435474,15.066041183924582,14.166849085403015,14.705039978027344,66900,0.0,0.0
2023-06-26 00:00:00-04:00,14.514603945237932,15.363289793739959,14.514603945237932,14.936877250671387,31500,0.0,0.0
2023-06-27 00:00:00-04:00,14.90375468237142,15.027952322206113,14.870634469477542,14.92031478881836,20300,0.0,0.0
2023-06-28 00:00:00-04:00,14.812677069161719,15.152151386954891,14.812677069161719,14.854077339172363,17700,0.0,0.0
2023-06-29 00:00:00-04:00,14.903754560914757,15.181129234976513,14.903754560914757,15.110751152038574,13700,0.0,0.0
2023-06-30 00:00:00-04:00,15.119031205194565,15.29704839990174,15.048651542997964,15.110751152038574,13700,0.0,0.0
2023-07-03 00:00:00-04:00,15.110753355799496,15.715183111009342,14.993179110651171,15.317749977111816,11800,0.0,0.0
2023-07-05 00:00:00-04:00,15.276348986944768,15.276348986944768,14.969993338605418,14.978273391723633,15000,0.0,0.0
2023-07-06 00:00:00-04:00,14.98655580629931,15.234951121951234,13.992971385173814,14.912036895751953,20900,0.0,0.0
2023-07-07 00:00:00-04:00,15.044512237410702,15.317747673277193,14.854075753467711,14.978273391723633,40900,0.0,0.0
2023-07-10 00:00:00-04:00,14.978273640035521,15.08177193684104,14.680198039872847,14.887194633483887,13000,0.0,0.0
2023-07-11 00:00:00-04:00,15.036235036698477,15.210113026648719,14.729880909501745,15.143874168395996,22600,0.0,0.0
2023-07-12 00:00:00-04:00,15.193550172453513,15.433665398019087,15.094191113394837,15.243228912353516,15800,0.0,0.0
2023-07-13 00:00:00-04:00,15.276351333017054,15.48334795498607,15.276351333017054,15.450227737426758,8700,0.0,0.0
2023-07-14 00:00:00-04:00,15.483346364632375,15.93045820094626,15.347555381697479,15.822820663452148,31600,0.0,0.0
2023-07-17 00:00:00-04:00,15.797981764854093,16.062937182244365,15.748303018908132,15.86422061920166,21600,0.0,0.0
2023-07-18 00:00:00-04:00,15.773138953015389,15.89733816590824,15.582702476158957,15.889058113098145,13600,0.0,0.0
2023-07-19 00:00:00-04:00,15.872499210211634,15.872499210211634,15.429526616486234,15.797980308532715,12100,0.0,0.0
2023-07-20 00:00:00-04:00,15.570288582307848,15.78142447472735,15.425389976805826,15.731745719909668,10200,0.0,0.0
2023-07-21 00:00:00-04:00,15.748300355850638,15.748300355850638,15.499903509607336,15.72346019744873,10300,0.0,0.0
2023-07-24 00:00:00-04:00,15.607543753650049,15.83110045777588,15.607543753650049,15.665502548217773,13400,0.0,0.0
2023-07-25 00:00:00-04:00,15.657221048153257,15.839377468429728,15.541303469728097,15.764860153198242,14500,0.0,0.0
2023-07-26 00:00:00-04:00,15.771483890008527,15.922176745079934,15.665501425001326,15.889058113098145,64800,0.0,0.0
2023-07-27 00:00:00-04:00,15.897337782511322,16.01325536053989,15.690341205026844,15.922176361083984,13600,0.0,0.0
2023-07-28 00:00:00-04:00,15.980134528262434,16.079493576462383,15.938735846079911,16.04637336730957,13700,0.0,0.0
2023-07-31 00:00:00-04:00,16.170575435720053,16.899202794257583,15.897339978861133,16.832963943481445,24500,0.0,0.0
2023-08-01 00:00:00-04:00,16.75844335583019,16.79984362044401,16.220252549919472,16.28649139404297,7400,0.0,0.0
2023-08-02 00:00:00-04:00,16.178856657807867,16.501770881252995,15.731743198337176,16.154016494750977,27600,0.0,0.0
2023-08-03 00:00:00-04:00,16.11261400318984,16.559727401062695,15.91389746388813,16.319610595703125,22600,0.0,0.0
2023-08-04 00:00:00-04:00,16.683923678235793,17.131037039595387,16.418968314137604,16.799842834472656,35100,0.0,0.0
2023-08-07 00:00:00-04:00,16.96544178653303,17.006842055650147,16.038097867932624,16.39413070678711,23600,0.0,0.0
2023-08-08 00:00:00-04:00,16.501768999763655,16.84124329320739,15.988416743264585,16.741884231567383,40100,0.0,0.0
2023-08-09 00:00:00-04:00,16.849524944103734,17.031681398578673,16.591192938606202,16.866085052490234,43600,0.0,0.0
2023-08-10 00:00:00-04:00,17.122761119411916,18.09978544475978,16.625968902204313,17.379436492919922,44000,0.0,0.0
2023-08-11 00:00:00-04:00,17.379437145098855,19.308645704588866,17.23867937126229,19.242406845092773,78300,0.0,0.0
2023-08-14 00:00:00-04:00,19.45768421336884,21.45313170210126,19.44112410310125,20.351909637451172,253100,0.0,0.0
2023-08-15 00:00:00-04:00,21.10537489577759,21.10537489577759,19.55704108383106,20.467824935913086,82900,0.0,0.0
2023-08-16 00:00:00-04:00,21.163333000087107,21.163333000087107,19.92963339190659,20.004152297973633,68700,0.0,0.0
2023-08-17 00:00:00-04:00,19.598438003116854,19.64811674454912,18.47237600226073,18.902929306030273,58800,0.0,0.0
2023-08-18 00:00:00-04:00,18.787013166637458,20.003325159242397,18.787013166637458,19.888235092163086,35200,0.0,0.0
2023-08-21 00:00:00-04:00,19.929631206122163,21.113651940153318,19.929631206122163,20.50094223022461,134600,0.0,0.0
2023-08-22 00:00:00-04:00,20.661504340576645,21.00797523475271,20.33193324694504,20.39108657836914,65600,0.5,0.0
2023-08-23 00:00:00-04:00,20.517845559200662,20.661504340576645,20.28123062169687,20.39108657836914,70800,0.0,0.0
2023-08-24 00:00:00-04:00,20.458692356345114,20.484044477029546,19.706597172589806,19.850255966186523,31500,0.0,0.0
2023-08-25 00:00:00-04:00,19.85025372166396,20.26010409477795,19.140410540839085,20.002363204956055,72200,0.0,0.0
2023-08-28 00:00:00-04:00,20.09531908244576,20.484041879468304,19.985461518551677,20.28968048095703,63800,0.0,0.0
2023-08-29 00:00:00-04:00,20.28968354095999,20.81361448655586,20.238980910181454,20.281232833862305,37600,0.0,0.0
2023-08-30 00:00:00-04:00,20.247427644301204,21.413599298866465,20.247427644301204,21.12628173828125,128300,0.0,0.0
2023-08-31 00:00:00-04:00,21.379796848469372,22.406534287857784,20.94882211185878,21.041776657104492,167700,0.0,0.0
2023-09-01 00:00:00-04:00,21.134732357847426,22.55441874273554,21.134732357847426,21.88682746887207,110400,0.0,0.0
2023-09-05 00:00:00-04:00,21.80232142187234,22.303437157057257,21.12628107228224,21.320642471313477,87200,0.0,0.0
2023-09-06 00:00:00-04:00,21.557258643361198,21.929081662992466,21.25303966258949,21.515005111694336,60100,0.0,0.0
2023-09-07 00:00:00-04:00,21.379793493061886,21.844572593576284,20.289678345520095,21.337541580200195,137800,0.0,0.0
2023-09-08 00:00:00-04:00,17.653123399463766,17.94044100716292,16.917929577027667,17.22214698791504,609900,0.0,0.0
2023-09-11 00:00:00-04:00,17.746078889323048,18.244659329920065,17.450310585472813,17.729177474975586,339300,0.0,0.0
2023-09-12 00:00:00-04:00,17.79678304321166,18.092551372367186,17.77143253132912,18.05875015258789,156800,0.0,0.0
2023-09-13 00:00:00-04:00,18.134801983624026,19.469984721850327,18.01057997135532,18.962953567504883,150800,0.0,0.0
2023-09-14 00:00:00-04:00,19.09815708886847,19.22998518967855,18.59957676115225,18.91224479675293,92400,0.0,0.0
2023-09-15 00:00:00-04:00,18.844645168966796,18.844645168966796,18.084099247726485,18.379867553710938,173500,0.0,0.0
2023-09-18 00:00:00-04:00,18.210855207898774,18.624931770966132,18.01649379212918,18.565776824951172,75200,0.0,0.0
2023-09-19 00:00:00-04:00,18.90379567134583,19.328010436775877,18.38831393398004,18.954498291015625,71600,0.0,0.0
2023-09-20 00:00:00-04:00,18.912246562332935,19.326323099715772,18.548875873053756,18.57422637939453,66700,0.0,0.0
2023-09-21 00:00:00-04:00,18.50662222115041,18.802390483704993,18.16860204043404,18.413667678833008,52100,0.0,0.0
2023-09-22 00:00:00-04:00,18.36296003746392,19.106605908938366,18.36296003746392,18.979846954345703,67800,0.0,0.0
2023-09-25 00:00:00-04:00,18.97985177621106,19.00858385619969,18.46437156968333,18.565776824951172,79800,0.0,0.0
2023-09-26 00:00:00-04:00,18.56577869761707,18.86154701029511,18.36296655481695,18.430570602416992,44700,0.0,0.0
2023-09-27 00:00:00-04:00,18.565777182769207,18.85309476457802,18.379866469990123,18.591129302978516,62300,0.0,0.0
2023-09-28 00:00:00-04:00,18.62493061569082,18.8699946438934,18.540425167004376,18.57422637939453,49100,0.0,0.0
2023-09-29 00:00:00-04:00,18.608028799546627,19.630540032208923,18.285219249783488,19.486881256103516,139000,0.0,0.0
2023-10-02 00:00:00-04:00,19.48688338119769,20.072504628289195,18.75168962057146,18.929149627685547,85000,0.0,0.0
2023-10-03 00:00:00-04:00,18.92070140455648,19.03055899540657,17.991146101221574,18.05875015258789,94100,0.0,0.0
2023-10-04 00:00:00-04:00,18.084094714675118,18.362961536287973,17.859312083445865,18.303808212280273,59700,0.0,0.0
2023-10-05 00:00:00-04:00,18.193954630047454,18.75168834563913,17.96579039772157,18.599578857421875,89000,0.0,0.0
2023-10-06 00:00:00-04:00,18.531974536930612,19.21646561166301,18.41366787536899,18.88689613342285,64100,0.0,0.0
2023-10-09 00:00:00-04:00,18.92914620727384,19.013651648071153,18.684926788933442,18.91224479675293,50500,0.0,0.0
2023-10-10 00:00:00-04:00,19.005203541989843,19.21984632717712,18.66718334437967,18.717885971069336,56200,0.0,0.0
2023-10-11 00:00:00-04:00,18.751689536377782,19.613640671330764,18.61648145200055,18.83619499206543,39000,0.0,0.0
2023-10-12 00:00:00-04:00,18.819293549439777,18.886897591523763,18.456765805941938,18.591129302978516,67200,0.0,0.0
2023-10-13 00:00:00-04:00,18.734785343585198,18.85140282289787,18.00804078901404,18.447467803955078,82500,0.0,0.0
2023-10-16 00:00:00-04:00,18.56577846131119,19.081260325080194,18.56577846131119,19.055908203125,42800,0.0,0.0
2023-10-17 00:00:00-04:00,18.979854481008896,19.13196399739509,18.439022077687046,18.751691818237305,79600,0.0,0.0
2023-10-18 00:00:00-04:00,18.650282638326065,18.74830954702272,18.346063643044378,18.591129302978516,39600,0.0,0.0
2023-10-19 00:00:00-04:00,18.59112809674631,18.59112809674631,18.33845794540841,18.464370727539062,47700,0.0,0.0
2023-10-20 00:00:00-04:00,18.489717380108782,18.52352019781512,17.66156768798828,17.66156768798828,52900,0.0,0.0
2023-10-23 00:00:00-04:00,17.619320625340595,17.95734083636958,17.255948294056623,17.492563247680664,38000,0.0,0.0
2023-10-24 00:00:00-04:00,17.585516694679022,18.050295866006223,17.555940028808166,17.636220932006836,38900,0.0,0.0
2023-10-25 00:00:00-04:00,17.492561685493623,17.53481360367109,17.20524412882623,17.230594635009766,23900,0.0,0.0
2023-10-26 00:00:00-04:00,17.230594209225234,17.361577731230433,17.025246732814644,17.17989158630371,40000,0.0,0.0
2023-10-27 00:00:00-04:00,17.26440120795197,17.63960425429409,17.06665819065939,17.137643814086914,51900,0.0,0.0
2023-10-30 00:00:00-04:00,17.04468198505614,17.272846185402884,17.036231280027685,17.205242156982422,69900,0.0,0.0
2023-10-31 00:00:00-04:00,17.205247978787416,17.551718943154867,17.108067255787546,17.43341064453125,21200,0.0,0.0
2023-11-01 00:00:00-04:00,17.30664986297881,17.822131660611948,17.30664986297881,17.703824996948242,23200,0.0,0.0
2023-11-02 00:00:00-04:00,17.864380373403886,18.25732927782006,17.864380373403886,18.202402114868164,26900,0.0,0.0
2023-11-03 00:00:00-04:00,18.25310876443389,18.920698466536464,18.25310876443389,18.633380889892578,36900,0.0,0.0
2023-11-06 00:00:00-05:00,18.599579149948443,18.63338036352422,18.189728757117916,18.3122615814209,64300,0.0,0.0
2023-11-07 00:00:00-05:00,18.312261550352943,19.63054111372032,18.312261550352943,19.275619506835938,78200,0.0,0.0
2023-11-08 00:00:00-05:00,19.22491772601175,19.596740761908848,19.013654893857776,19.554487228393555,91800,0.0,0.0
2023-11-09 00:00:00-05:00,19.41927557843671,19.57983575269318,18.371412316808524,18.548873901367188,58500,0.0,0.0
2023-11-10 00:00:00-05:00,17.805231089421163,17.9573405852086,14.560233885314162,15.91231632232666,365700,0.0,0.0
2023-11-13 00:00:00-05:00,15.988369306007941,18.231134698854497,15.988369306007941,17.670021057128906,185500,0.0,0.0
2023-11-14 00:00:00-05:00,18.041844849288154,18.126350298239448,17.50946164916015,17.746076583862305,142700,0.0,0.0
2023-11-15 00:00:00-05:00,17.746076188322636,17.907480963617207,17.475660047151656,17.762977600097656,120200,0.0,0.0
2023-11-16 00:00:00-05:00,17.889737665351255,18.033396463510353,17.72072674570258,17.839035034179688,87700,0.0,0.0
2023-11-17 00:00:00-05:00,17.915817327118624,18.321056377819733,17.85609819638411,18.146163940429688,66400,0.2,0.0
2023-11-20 00:00:00-05:00,18.069377911126857,18.363708547682997,18.035251770945546,18.34238052368164,74600,0.0,0.0
2023-11-21 00:00:00-05:00,18.282663241739687,18.367976973537207,17.967002922256093,18.257068634033203,53500,0.0,0.0
2023-11-22 00:00:00-05:00,18.39356804216922,18.768947446726447,18.27583676429435,18.46181869506836,58600,0.0,0.0
2023-11-24 00:00:00-05:00,18.513009981708827,18.700698891427972,18.444759321154216,18.640979766845703,42700,0.0,0.0
2023-11-27 00:00:00-05:00,18.55566223163374,19.16138651651851,18.530067628961962,19.101667404174805,103900,0.0,0.0
2023-11-28 00:00:00-05:00,19.076078261944435,19.255235634976103,17.967002998329004,18.137630462646484,73600,0.0,0.0
2023-11-29 00:00:00-05:00,18.34238253889524,18.68790242368441,18.24000573432745,18.299726486206055,43200,0.0,0.0
2023-11-30 00:00:00-05:00,18.299726340196777,18.504478320474583,18.282663268367603,18.402101516723633,44900,0.0,0.0
2023-12-01 00:00:00-05:00,18.33384901184811,19.02062212523919,18.33384901184811,18.888385772705078,41800,0.0,0.0
2023-12-04 00:00:00-05:00,18.65804273112469,19.084609763935532,18.579553576966553,18.683635711669922,61000,0.0,0.0
2023-12-05 00:00:00-05:00,18.768951416015625,18.931047361140372,18.5130118203233,18.555667877197266,37300,0.0,0.0
2023-12-06 00:00:00-05:00,18.734823364856393,19.080343248430257,18.734823364856393,18.768949508666992,99800,0.0,0.0
2023-12-07 00:00:00-05:00,18.86279289298714,18.879854335964318,18.58979027866508,18.709228515625,47300,0.0,0.0
2023-12-08 00:00:00-05:00,18.717760083632143,18.7945422724482,18.24341779633006,18.64950942993164,54800,0.0,0.0
2023-12-11 00:00:00-05:00,18.717759947459196,18.803073670770146,18.653774248170002,18.75188446044922,55300,0.0,0.0
2023-12-12 00:00:00-05:00,18.777479056728875,18.777479056728875,18.38930316171037,18.54713249206543,45000,0.0,0.0
2023-12-13 00:00:00-05:00,18.547130775774814,18.965166191170812,18.423425969840874,18.922510147094727,375300,0.0,0.0
2023-12-14 00:00:00-05:00,19.263765492182902,19.92067905716746,18.977966385664658,19.912147521972656,176000,0.0,0.0
2023-12-15 00:00:00-05:00,20.2789972972836,20.2789972972836,19.818304116988223,20.040119171142578,182600,0.0,0.0
2023-12-18 00:00:00-05:00,20.12543305735276,20.12543305735276,19.528238551057328,19.86949348449707,68200,0.0,0.0
2023-12-19 00:00:00-05:00,20.023054312398965,20.688499415481044,20.023054312398965,20.679967880249023,54900,0.0,0.0
2023-12-20 00:00:00-05:00,20.586122719118663,20.978565205562933,20.31312009927429,20.364309310913086,72700,0.0,0.0
2023-12-21 00:00:00-05:00,20.5946522242238,20.615981873915995,20.35150918819182,20.406963348388672,45800,0.0,0.0
2023-12-22 00:00:00-05:00,20.611717329599617,20.901783020055863,20.55199820989815,20.637311935424805,50900,0.0,0.0
2023-12-26 00:00:00-05:00,20.63731190771214,21.06387890754863,20.564794671583474,21.038284301757812,67300,0.0,0.0
2023-12-27 00:00:00-05:00,20.935909310979536,21.422195434570312,20.935909310979536,21.422195434570312,42900,0.0,0.0
2023-12-28 00:00:00-05:00,21.35394650404416,21.55016695095328,21.140662985084475,21.447790145874023,49900,0.0,0.0
2023-12-29 00:00:00-05:00,21.345413171089575,21.440111097606852,21.132129670084822,21.200380325317383,67900,0.0,0.0
2024-01-02 00:00:00-05:00,20.987096573410728,21.05534722782735,20.21927630441774,20.867656707763672,65600,0.0,0.0
2024-01-03 00:00:00-05:00,20.84206367334626,20.84206367334626,19.946272005909147,20.108367919921875,51900,0.0,0.0
2024-01-04 00:00:00-05:00,19.920679238908733,20.474363348478665,19.878021562545523,20.296058654785156,53800,0.0,0.0
2024-01-05 00:00:00-05:00,20.253400802612305,20.526403420071187,20.253400802612305,20.253400802612305,46100,0.0,0.0
2024-01-08 00:00:00-05:00,20.176622400825234,20.219280084826323,19.681804656982422,19.681804656982422,61300,0.0,0.0
2024-01-09 00:00:00-05:00,19.622081683664142,19.672416601870463,19.204898891016093,19.536767959594727,46700,0.0,0.0
2024-01-10 00:00:00-05:00,19.536767959594727,19.677535848392854,19.374672046585232,19.536767959594727,36700,0.0,0.0
2024-01-11 00:00:00-05:00,19.570895997866977,19.805507541389776,19.400268533182707,19.74152183532715,64300,0.0,0.0
2024-01-12 00:00:00-05:00,19.784175948827855,20.274726973726562,19.494110287486098,20.133960723876953,47400,0.0,0.0
2024-01-16 00:00:00-05:00,20.133962623411772,20.159555601858735,19.741520139244095,19.792709350585938,33900,0.0,0.0
2024-01-17 00:00:00-05:00,19.51970486366975,19.835365154144345,19.51970486366975,19.801239013671875,20400,0.0,0.0
2024-01-18 00:00:00-05:00,19.826835706896965,20.277290394335623,19.826835706896965,20.261934280395508,35800,0.0,0.0
2024-01-19 00:00:00-05:00,20.30459019505933,20.30459019505933,19.92494579464009,20.227807998657227,29200,0.0,0.0
2024-01-22 00:00:00-05:00,20.236339564674708,20.4282950559651,20.21927811995653,20.304590225219727,40700,0.0,0.0
2024-01-23 00:00:00-05:00,20.47521594425072,20.662904837939056,20.227806303856852,20.347246170043945,21900,0.0,0.0
2024-01-24 00:00:00-05:00,20.586122429492114,20.586122429492114,20.04011719748512,20.159555435180664,24800,0.0,0.0
2024-01-25 00:00:00-05:00,20.45815463494272,20.586124420166016,20.168088920583724,20.586124420166016,33700,0.0,0.0
2024-01-26 00:00:00-05:00,20.731157464575215,21.11933340535195,20.61171921425133,20.910316467285156,37600,0.0,0.0
2024-01-29 00:00:00-05:00,20.910314667632143,21.208911894967102,20.70556270160291,21.140661239624023,34000,0.0,0.0
2024-01-30 00:00:00-05:00,21.285695818376936,21.41366560415949,21.029754619587713,21.302757263183594,34300,0.0,0.0
2024-01-31 00:00:00-05:00,21.31128896049086,21.32835203265077,20.577594757080078,20.577594757080078,29400,0.0,0.0
2024-02-01 00:00:00-05:00,20.81646919691918,21.046815766593845,20.75675007749774,21.021221160888672,28100,0.0,0.0
2024-02-02 00:00:00-05:00,20.790878129426225,21.301904607352522,20.654375180342633,21.166255950927734,31800,0.0,0.0
2024-02-05 00:00:00-05:00,21.149192590652916,21.149192590652916,20.47521595119201,20.688499450683594,28700,0.0,0.0
2024-02-06 00:00:00-05:00,20.722627448706554,21.01269153696285,20.39843558918181,20.952972412109375,22000,0.0,0.0
2024-02-07 00:00:00-05:00,20.782344926771486,21.251567979631194,20.688499665309955,21.149192810058594,29400,0.0,0.0
2024-02-08 00:00:00-05:00,21.32835014634019,22.492877869063484,21.31128707568936,22.16442108154297,87400,0.0,0.0
2024-02-09 00:00:00-05:00,22.659238816344008,23.196714153091662,22.48861299093166,22.795740127563477,94400,0.0,0.0
2024-02-12 00:00:00-05:00,22.949304510011505,23.350278535548775,22.65923881685756,22.863990783691406,101300,0.0,0.0
2024-02-13 00:00:00-05:00,22.437423880426934,22.62937935870619,21.976732359780712,22.20707893371582,74300,0.0,0.0
2024-02-14 00:00:00-05:00,22.275331435622956,22.78294562938459,22.181486165748453,22.60805320739746,36600,0.0,0.0
2024-02-15 00:00:00-05:00,22.87252275879949,24.211942917937975,22.87252275879949,24.203413009643555,59900,0.0,0.0
2024-02-16 00:00:00-05:00,24.20341106199569,24.664102552351405,23.981596038037797,24.126628875732422,68900,0.0,0.0
2024-02-20 00:00:00-05:00,24.118005533614046,24.118005533614046,23.195364875971467,23.876567840576172,68700,0.3,0.0
2024-02-21 00:00:00-05:00,23.876568494429378,23.876568494429378,23.350576400756836,23.350576400756836,29400,0.0,0.0
2024-02-22 00:00:00-05:00,23.333328739074076,23.660996515072803,23.040153000410317,23.57476806640625,48800,0.0,0.0
2024-02-23 00:00:00-05:00,23.57476783684442,23.94554901123047,23.385066567361932,23.94554901123047,48100,0.0,0.0
2024-02-26 00:00:00-05:00,24.00591205949863,24.963044850161076,23.94555263029849,24.75609588623047,120000,0.0,0.0
2024-02-27 00:00:00-05:00,24.747471548269715,25.16826388682714,24.547422003609395,24.635374069213867,49200,0.0,0.0
2024-02-28 00:00:00-05:00,24.531902253406418,24.760406258669445,24.240450111609757,24.342199325561523,44800,0.0,0.0
2024-02-29 00:00:00-05:00,24.50603299465569,25.60113056811224,24.3706551947381,25.514902114868164,47600,0.0,0.0
2024-03-01 00:00:00-05:00,25.514902499721234,26.0753849872553,25.368314620396543,25.954666137695312,86800,0.0,0.0
2024-03-04 00:00:00-05:00,26.178861792902765,26.678984900193413,25.47179136307852,25.592510223388672,80600,0.0,0.0
2024-03-05 00:00:00-05:00,25.514904414055906,26.006404503764728,24.833701381181505,24.945798873901367,52000,0.0,0.0
2024-03-06 00:00:00-05:00,25.118252763241138,25.445920568054383,24.7905866030989,25.00615692138672,70700,0.0,0.0
2024-03-07 00:00:00-05:00,25.2907094108647,25.514902736896524,25.075139094834597,25.376937866210938,25600,0.0,0.0
2024-03-08 00:00:00-05:00,25.506280241321058,25.60113170858204,25.006157163831276,25.230350494384766,29200,0.0,0.0
2024-03-11 00:00:00-04:00,25.1786130078148,25.816700931651557,24.850945213751817,25.33382225036621,29400,0.0,0.0
2024-03-12 00:00:00-04:00,25.411428034750646,25.558015914129665,25.06651586111501,25.359691619873047,31400,0.0,0.0
2024-03-13 00:00:00-04:00,25.187236493229605,25.52352732541088,25.170853924482838,25.351070404052734,52900,0.0,0.0
2024-03-14 00:00:00-04:00,25.325202886777326,25.549394580849537,24.790587749055465,24.928552627563477,49200,0.0,0.0
2024-03-15 00:00:00-04:00,23.971418521305267,23.992113416406823,21.332838309573166,22.35895347595215,207500,0.0,0.0
2024-03-18 00:00:00-04:00,22.264099923787423,22.77543302151705,21.983859525587842,22.54865264892578,84200,0.0,0.0
2024-03-19 00:00:00-04:00,22.548654406502642,23.7817168597714,22.47277422210814,23.523033142089844,73000,0.0,0.0
2024-03-20 00:00:00-04:00,23.643752596089328,24.557770285914074,23.538554504348944,24.411182403564453,58900,0.0,0.0
2024-03-21 00:00:00-04:00,24.488788345233427,25.342446626303392,24.13094246455464,25.066516876220703,69900,0.0,0.0
2024-03-22 00:00:00-04:00,25.187234064451314,25.747718182482846,24.618128581387207,24.69573402404785,47000,0.0,0.0
2024-03-25 00:00:00-04:00,24.644000245544746,24.687113654001234,24.15250015258789,24.15250015258789,31200,0.0,0.0
2024-03-26 00:00:00-04:00,24.445676805293967,24.445676805293967,23.790342776468403,24.23872947692871,37500,0.0,0.0
2024-03-27 00:00:00-04:00,24.316332166808692,24.575015886694985,24.05764680225142,24.359445571899414,37700,0.0,0.0
2024-03-28 00:00:00-04:00,24.350821782548664,24.84232182140373,24.314606128710576,24.66986656188965,45800,0.0,0.0
2024-04-01 00:00:00-04:00,24.894061251113982,25.385561317050495,24.575016454193765,24.83370018005371,83400,0.0,0.0
2024-04-02 00:00:00-04:00,24.712981044200056,24.712981044200056,24.186988943682657,24.19561195373535,50100,0.0,0.0
2024-04-03 00:00:00-04:00,24.049024202740156,24.53621358300081,24.049024202740156,24.411182403564453,30100,0.0,0.0
2024-04-04 00:00:00-04:00,24.704358688039704,25.040649510311994,24.152499187428216,24.26459503173828,32500,0.0,0.0
2024-04-05 00:00:00-04:00,24.204232301245504,24.894058227539062,24.087824145345888,24.894058227539062,23700,0.0,0.0
2024-04-08 00:00:00-04:00,24.695734780182956,25.00615656033004,24.36893043236725,24.773340225219727,28100,0.0,0.0
2024-04-09 00:00:00-04:00,24.833700145400165,24.833700145400165,23.893813420925,24.4198055267334,31000,0.0,0.0
2024-04-10 00:00:00-04:00,23.790338360274852,24.161119538186288,23.695486902296338,23.96279525756836,38100,0.0,0.0
2024-04-11 00:00:00-04:00,24.20423496472027,25.16136769988329,24.053336400469796,24.997533798217773,75000,0.0,0.0
2024-04-12 00:00:00-04:00,24.98890997750016,24.98890997750016,23.686865105810664,23.91105842590332,28800,0.0,0.0
2024-04-15 00:00:00-04:00,23.928304623085673,24.253385350801054,23.242790965394217,23.5144100189209,61900,0.0,0.0
2024-04-16 00:00:00-04:00,23.35057287631219,23.57045384025807,22.884941922503543,23.16949462890625,28200,0.0,0.0
2024-04-17 00:00:00-04:00,23.22985758411861,23.37644546397426,22.78147093459885,22.962549209594727,32800,0.0,0.0
2024-04-18 00:00:00-04:00,23.00221601039224,23.4454285370696,22.781471554671004,22.8245849609375,31100,0.0,0.0
2024-04-19 00:00:00-04:00,22.71249020685602,23.135007858276367,22.660753787921376,23.135007858276367,30300,0.0,0.0
2024-04-22 00:00:00-04:00,23.272972610394223,23.272972610394223,22.65213065258388,22.71249008178711,28100,0.0,0.0
2024-04-23 00:00:00-04:00,22.87631960360491,23.7041087218547,22.847863509771297,23.445425033569336,22200,0.0,0.0
2024-04-24 00:00:00-04:00,23.410937399127924,23.678244146564744,22.93668333322346,23.324708938598633,23300,0.0,0.0
2024-04-25 00:00:00-04:00,23.057402302478586,23.454052564959838,22.815962940765168,23.333332061767578,15600,0.0,0.0
2024-04-26 00:00:00-04:00,23.33333218047159,23.757575092105782,23.33333218047159,23.54890251159668,21800,0.0,0.0
2024-04-29 00:00:00-04:00,23.790339246198304,23.94641193817216,23.57476893888927,23.66099739074707,17900,0.0,0.0
2024-04-30 00:00:00-04:00,23.660998409228355,23.660998409228355,23.28159419152525,23.367822647094727,19100,0.0,0.0
2024-05-01 00:00:00-04:00,23.488543082029032,23.902437723068136,23.28159576150948,23.54890251159668,47800,0.0,0.0
2024-05-02 00:00:00-04:00,23.842078753043726,23.997289657592773,23.341955640980764,23.997289657592773,20000,0.0,0.0
2024-05-03 00:00:00-04:00,24.471542315880647,24.471542315880647,23.32470826459269,23.85070037841797,48400,0.0,0.0
2024-05-06 00:00:00-04:00,23.712736155213577,24.376693162280617,23.70497495235516,24.33357810974121,37800,0.0,0.0
2024-05-07 00:00:00-04:00,24.428430964371312,24.894063690145472,24.21717130663944,24.687114715576172,29800,0.0,0.0
2024-05-08 00:00:00-04:00,24.747474174804157,25.53215003279185,24.730228153938896,25.30795669555664,30500,0.0,0.0
2024-05-09 00:00:00-04:00,25.307955274249508,25.307955274249508,24.201647603472615,24.95442008972168,38100,0.0,0.0
2024-05-10 00:00:00-04:00,23.928309574904745,24.186993344873034,22.26410615934054,23.031536102294922,51400,0.0,0.0
2024-05-13 00:00:00-04:00,23.26434646016806,23.773092501466877,22.764223428258983,23.596324920654297,79100,0.0,0.0
2024-05-14 00:00:00-04:00,24.109387199912582,24.247353737269677,23.54028160641568,23.980045318603516,55200,0.0,0.0
2024-05-15 00:00:00-04:00,24.264594844067794,25.278638148802397,24.264594844067794,25.23897361755371,47800,0.0,0.0
2024-05-16 00:00:00-04:00,25.34369997330699,25.614241750477817,24.78516001661751,25.04697608947754,44400,0.35,0.0
2024-05-17 00:00:00-04:00,25.09933938001168,25.09933938001168,24.374984386802698,24.89861488342285,39700,0.0,0.0
2024-05-20 00:00:00-04:00,24.85497730313177,25.28260839110353,24.49280064951887,25.04697608947754,39300,0.0,0.0
2024-05-21 00:00:00-04:00,25.151701262429693,25.60551445842176,24.61934341080148,25.57933235168457,56100,0.0,0.0
2024-05-22 00:00:00-04:00,25.614239220612685,25.614239220612685,24.64552300940195,24.8026123046875,49600,0.0,0.0
2024-05-23 00:00:00-04:00,24.950974462024533,25.046973846600977,24.11316543430114,24.436071395874023,52300,0.0,0.0
2024-05-24 00:00:00-04:00,24.50589062564797,25.23024559020996,24.43607333983147,25.23024559020996,26300,0.0,0.0
2024-05-28 00:00:00-04:00,25.561879062600305,25.561879062600305,24.820069357064416,24.994611740112305,41300,0.0,0.0
2024-05-29 00:00:00-04:00,24.846248103388614,24.872430208117947,24.558251609667103,24.706613540649414,22600,0.0,0.0
2024-05-30 00:00:00-04:00,25.012064143543153,25.134243966731805,24.6280682733535,24.8026123046875,29900,0.0,0.0
2024-05-31 00:00:00-04:00,24.846249422472845,25.212790585266692,24.479708259678997,24.90734100341797,31800,0.0,0.0
2024-06-03 00:00:00-04:00,25.038247017071125,25.038247017071125,24.728431268703503,24.75897789001465,56000,0.0,0.0
2024-06-04 00:00:00-04:00,24.85497831365023,24.85497831365023,24.15680542012232,24.532073974609375,35600,0.0,0.0
2024-06-05 00:00:00-04:00,24.63679688149956,24.95097548788521,24.49716231523379,24.793886184692383,32100,0.0,0.0
2024-06-06 00:00:00-04:00,24.427345453475592,24.549525284921927,24.078259031789383,24.217893600463867,30900,0.0,0.0
2024-06-07 00:00:00-04:00,24.03462495736104,24.261529893448778,23.563357018004737,23.6506290435791,32100,0.0,0.0
2024-06-10 00:00:00-04:00,23.484811111891066,24.453527381530776,23.33644917568116,24.427345275878906,46000,0.0,0.0
2024-06-11 00:00:00-04:00,24.38371134447176,24.484073591072562,23.73790101988262,24.41861915588379,28000,0.0,0.0
2024-06-12 00:00:00-04:00,24.907340793009254,25.308789762662204,24.5320722646791,25.012065887451172,53900,0.0,0.0
2024-06-13 00:00:00-04:00,24.787775884043015,25.09060872897423,24.50588838940295,24.959701538085938,33600,0.0,0.0
2024-06-14 00:00:00-04:00,24.6280707535916,24.95970411360921,24.46225573815821,24.785160064697266,35700,0.0,0.0
2024-06-17 00:00:00-04:00,24.933521270751953,25.204063040460003,24.4448002786333,24.933521270751953,44200,0.0,0.0
2024-06-18 00:00:00-04:00,25.03825133146894,25.200575748867738,24.77207237869755,24.977161407470703,22600,0.0,0.0
2024-06-20 00:00:00-04:00,24.91606981889688,25.033886814283015,24.82007208028919,24.977161407470703,37100,0.0,0.0
2024-06-21 00:00:00-04:00,24.97715614251628,25.090608596801758,24.69788536163042,25.090608596801758,43100,0.0,0.0
2024-06-24 00:00:00-04:00,25.16915854926167,25.16915854926167,24.82007208028919,24.977161407470703,35700,0.0,0.0
2024-06-25 00:00:00-04:00,24.889884258640496,25.134243904411914,24.67170505230159,24.959701538085938,34100,0.0,0.0
2024-06-26 00:00:00-04:00,24.959701662649096,25.003336838304545,24.588796011276777,24.645523071289062,57700,0.0,0.0
2024-06-27 00:00:00-04:00,24.898613319868165,25.064428329467773,24.65425199290376,25.064428329467773,28200,0.0,0.0
2024-06-28 00:00:00-04:00,25.300063090308708,26.006963323259907,25.23024580390088,25.814966201782227,118000,0.0,0.0
2024-07-01 00:00:00-04:00,25.780059207507737,25.780059207507737,24.715343475341797,24.715343475341797,70700,0.0,0.0
2024-07-02 00:00:00-04:00,24.706613148818697,24.723195647590206,23.973530873776454,24.436071395874023,46600,0.0,0.0
2024-07-03 00:00:00-04:00,24.436073272564986,24.558253106263685,24.128003646652818,24.33134651184082,20000,0.0,0.0
2024-07-05 00:00:00-04:00,24.366257111620122,24.366257111620122,23.764081954956055,23.764081954956055,21600,0.0,0.0
2024-07-08 00:00:00-04:00,23.964804598618503,24.148076008025033,23.650627655397134,23.79026222229004,43200,0.0,0.0
2024-07-09 00:00:00-04:00,23.590412652938404,23.824300495776697,23.397541615681096,23.563358306884766,25400,0.0,0.0
2024-07-10 00:00:00-04:00,23.659356705650502,23.894989013671875,23.467357914093622,23.894989013671875,33600,0.0,0.0
2024-07-11 00:00:00-04:00,24.418618499660838,25.474606815846982,24.27025655985205,25.282608032226562,36100,0.0,0.0
2024-07-12 00:00:00-04:00,25.448426696204915,25.8847851809335,24.881160998972863,25.308792114257812,29000,0.0,0.0
2024-07-15 00:00:00-04:00,25.640424026241767,25.95460267031219,25.544426290778993,25.710241317749023,28500,0.0,0.0
2024-07-16 00:00:00-04:00,25.79751227591883,26.521867269412265,25.579333040956044,26.48695945739746,82200,0.0,0.0
2024-07-17 00:00:00-04:00,26.076778552124747,26.681572017151137,25.989508199432432,26.12914276123047,44700,0.0,0.0
2024-07-18 00:00:00-04:00,26.194600911297595,26.75750379060102,25.53570029138066,25.75387954711914,29100,0.0,0.0
2024-07-19 00:00:00-04:00,25.753873652936047,26.129142153252175,25.003336652303798,25.116790771484375,47800,0.0,0.0
2024-07-22 00:00:00-04:00,25.134246869147102,26.220780177291083,24.985884924753453,26.033145904541016,68700,0.0,0.0
2024-07-23 00:00:00-04:00,26.050600535148924,26.321142315724167,25.823693934978404,26.085508346557617,34600,0.0,0.0
2024-07-24 00:00:00-04:00,25.83242114059444,25.91969316542736,24.601890417718995,24.732797622680664,59300,0.0,0.0
2024-07-25 00:00:00-04:00,24.87243237461939,25.6212233235184,24.732797799717385,25.212791442871094,35800,0.0,0.0
2024-07-26 00:00:00-04:00,25.675331667456504,25.9371460757345,25.17788329298307,25.736421585083008,47700,0.0,0.0
2024-07-29 00:00:00-04:00,25.910968877582945,25.910968877582945,25.230249000431666,25.75387954711914,21800,0.0,0.0
2024-07-30 00:00:00-04:00,25.89351274831528,26.155327175323617,25.526971551758297,25.710241317749023,20200,0.0,0.0
2024-07-31 00:00:00-04:00,25.780057692515996,26.657137433291307,25.70151303936294,26.06805419921875,26000,0.0,0.0
2024-08-01 00:00:00-04:00,26.225142499896947,26.225142499896947,24.61934325109238,25.06006622314453,65000,0.0,0.0
2024-08-02 00:00:00-04:00,24.130620432401475,24.35752701186054,23.842623940121758,23.990985870361328,25800,0.0,0.0
2024-08-05 00:00:00-04:00,23.563354298349385,24.26152709321112,22.900089310943113,23.851350784301758,44600,0.0,0.0
2024-08-06 00:00:00-04:00,23.956079746617,24.654252605909956,23.956079746617,24.27898406982422,20700,0.0,0.0
2024-08-07 00:00:00-04:00,25.1691550650519,25.221517612005236,23.9560791290849,24.374982833862305,34300,0.0,0.0
2024-08-08 00:00:00-04:00,24.532072033911042,25.192718685557594,24.30516544532087,24.427345275878906,27600,0.0,0.0
2024-08-09 00:00:00-04:00,22.690638934585785,22.690638934585785,20.639753928736997,20.805570602416992,171000,0.0,0.0
2024-08-12 00:00:00-04:00,20.823026142149256,21.739378237842953,20.421575495331012,21.37283706665039,108400,0.0,0.0
2024-08-13 00:00:00-04:00,21.547380992273872,22.55536795885135,21.14593034775385,22.48118782043457,87900,0.0,0.0
2024-08-14 00:00:00-04:00,22.551005114072904,22.551005114072904,21.608470916748047,21.608470916748047,47200,0.0,0.0
2024-08-15 00:00:00-04:00,22.062282809338083,22.585911593423663,21.673050171121446,22.46373176574707,22800,0.0,0.0
2024-08-16 00:00:00-04:00,22.551005252993104,22.690639826451388,21.992466959159973,22.35028076171875,87300,0.0,0.0
2024-08-19 00:00:00-04:00,22.350282447396125,22.62955161537541,22.03610380113166,22.455007553100586,36500,0.0,0.0
2024-08-20 00:00:00-04:00,22.446278827335814,22.68191279779727,22.123374495585317,22.516096115112305,46200,0.0,0.0
2024-08-21 00:00:00-04:00,22.47159739141798,22.71188814715516,22.053314803538967,22.667388916015625,50200,0.5,0.0
2024-08-22 00:00:00-04:00,22.60509068514754,22.694087445998804,22.32030240840112,22.435997009277344,32500,0.0,0.0
2024-08-23 00:00:00-04:00,22.48049503788226,23.437205497892744,22.379038837778346,23.432756423950195,59700,0.0,0.0
2024-08-26 00:00:00-04:00,23.584053234550314,23.628550769211554,23.003796148319317,23.477256774902344,41800,0.0,0.0
2024-08-27 00:00:00-04:00,23.25031736427225,23.3259635150727,22.925480598094868,23.07677459716797,34900,0.0,0.0
2024-08-28 00:00:00-04:00,23.094575178596596,23.317066262407845,22.872084094785347,22.943281173706055,36300,0.0,0.0
2024-08-29 00:00:00-04:00,23.13907324278436,23.13907324278436,21.94652087062769,22.81868553161621,83800,0.0,0.0
2024-08-30 00:00:00-04:00,22.81868347357371,22.81868347357371,20.55817509718814,22.551694869995117,131700,0.0,0.0
2024-09-03 00:00:00-04:00,22.26690679639066,22.542795249179555,21.537136354997482,21.617233276367188,78100,0.0,0.0
2024-09-04 00:00:00-04:00,21.416098846193705,21.768524605534637,21.012056355692472,21.563833236694336,55700,0.0,0.0
2024-09-05 00:00:00-04:00,21.60833230972162,22.0444145826448,21.359141711991768,21.57273292541504,32300,0.0,0.0
2024-09-06 00:00:00-04:00,21.359141711991768,21.67952938086271,21.234547261862883,21.57273292541504,40400,0.0,0.0
2024-09-09 00:00:00-04:00,21.563833830504716,21.946518737770756,21.505987375199577,21.626131057739258,36400,0.0,0.0
2024-09-10 00:00:00-04:00,21.608333145609205,21.839724060136792,21.457039151397787,21.813024520874023,37900,0.0,0.0
2024-09-11 00:00:00-04:00,21.72402775413693,21.893121441190193,21.425890537660624,21.813024520874023,30700,0.0,0.0
2024-09-12 00:00:00-04:00,21.928718062624878,22.120060507686052,21.821923305713373,22.053314208984375,29700,0.0,0.0
2024-09-13 00:00:00-04:00,21.919819927060107,22.747486996332132,21.919819927060107,22.61399269104004,26400,0.0,0.0
2024-09-16 00:00:00-04:00,22.720787835566775,22.863181979280025,22.542794307189165,22.676288604736328,28200,0.0,0.0
2024-09-17 00:00:00-04:00,22.800883944094892,23.174668982439794,22.74748486899417,23.094572067260742,51400,0.0,0.0
2024-09-18 00:00:00-04:00,23.081225420810487,23.592955611665968,23.023378959040425,23.085676193237305,36900,0.0,0.0
2024-09-19 00:00:00-04:00,23.584054946899414,23.913342498706182,23.49950894591564,23.584054946899414,29500,0.0,0.0
2024-09-20 00:00:00-04:00,23.637447774746267,23.77094206015797,23.317061829252566,23.432756423950195,111800,0.0,0.0
2024-09-23 00:00:00-04:00,23.450561335455223,23.575155803248315,22.694091286413638,22.996679306030273,24600,0.0,0.0
2024-09-24 00:00:00-04:00,22.987778278455128,23.023377665981023,22.498298582279688,22.87208366394043,26400,0.0,0.0
2024-09-25 00:00:00-04:00,22.943279338980933,23.034944531059317,22.649591199734587,22.747486114501953,22500,0.0,0.0
2024-09-26 00:00:00-04:00,22.91658322627728,23.156874020897636,22.74927016405155,23.139074325561523,28600,0.0,0.0
2024-09-27 00:00:00-04:00,22.92548238298317,23.49505903679293,22.91658253558335,22.98777961730957,30500,0.0,0.0
2024-09-30 00:00:00-04:00,22.85161591655495,23.2387499548733,22.596195550081354,23.04117774963379,25300,0.0,0.0
2024-10-01 00:00:00-04:00,23.01447641220816,23.0411742537483,22.578394126507355,22.747486114501953,18900,0.0,0.0
2024-10-02 00:00:00-04:00,22.694088542624055,22.889880067980265,22.502746091662985,22.578393936157227,17200,0.0,0.0
2024-10-03 00:00:00-04:00,22.622892140929014,22.658489829562185,22.240207227657507,22.44489860534668,24100,0.0,0.0
2024-10-04 00:00:00-04:00,22.778636046549746,22.778636046549746,22.482277766499465,22.685190200805664,11200,0.0,0.0
2024-10-07 00:00:00-04:00,22.56949554508095,22.818684466606033,22.545466128370396,22.7830867767334,16900,0.0,0.0
2024-10-08 00:00:00-04:00,22.88988330056985,22.88988330056985,22.676292052524758,22.791988372802734,12100,0.0,0.0
2024-10-09 00:00:00-04:00,22.77418910889128,23.050077597321522,22.51609861836413,23.04117774963379,11800,0.0,0.0
2024-10-10 00:00:00-04:00,22.818684604284865,23.06787522478568,22.63001226364655,23.05007553100586,26100,0.0,0.0
2024-10-11 00:00:00-04:00,23.103469393419267,23.788742222242373,23.103469393419267,23.779842376708984,25500,0.0,0.0
2024-10-14 00:00:00-04:00,23.779844405808777,23.967627258400963,23.695298412235363,23.86884117126465,24800,0.0,0.0
2024-10-15 00:00:00-04:00,23.77984409207359,24.411719590748824,23.70686806939082,23.886640548706055,21000,0.0,0.0
2024-10-16 00:00:00-04:00,24.153630447025783,24.447318596767705,24.14473060037031,24.376121520996094,20700,0.0,0.0
2024-10-17 00:00:00-04:00,24.527416458679223,24.70541000366211,23.957839830689583,24.70541000366211,17400,0.0,0.0
2024-10-18 00:00:00-04:00,24.73210691411279,24.90119889664222,24.367220015960484,24.554113388061523,42500,0.0,0.0
2024-10-21 00:00:00-04:00,24.67870831265189,24.67870831265189,23.966737589692077,23.975637435913086,14800,0.0,0.0
2024-10-22 00:00:00-04:00,24.029035448110296,24.064634833931162,23.73712795325662,23.940038681030273,20300,0.0,0.0
2024-10-23 00:00:00-04:00,23.931138841886604,23.931138841886604,23.450559015463085,23.66415023803711,12200,0.0,0.0
2024-10-24 00:00:00-04:00,23.904440398687555,24.00233531231809,23.543114789450517,23.87774085998535,16400,0.0,0.0
2024-10-25 00:00:00-04:00,23.794974332698896,24.02903537105126,23.451448408495484,23.477256774902344,16900,0.0,0.0
2024-10-28 00:00:00-04:00,23.48615756324736,23.882191409020702,23.48615756324736,23.80654525756836,12200,0.0,0.0
2024-10-29 00:00:00-04:00,23.85104132128315,24.033483925401274,23.343761968246035,23.87774085998535,20800,0.0,0.0
2024-10-30 00:00:00-04:00,23.895541146226332,24.438418200217395,23.895541146226332,23.940038681030273,15200,0.0,0.0
2024-10-31 00:00:00-04:00,24.055736887645562,24.260428279867746,23.762048721313477,23.762048721313477,21400,0.0,0.0
2024-11-01 00:00:00-04:00,24.144730507547614,24.465118196024253,23.735347747802734,23.735347747802734,27700,0.0,0.0
2024-11-04 00:00:00-05:00,23.859942166077897,24.153630314204825,23.806544783910866,23.83324432373047,21700,0.0,0.0
2024-11-05 00:00:00-05:00,23.833242705136964,24.42061896150018,23.833242705136964,24.189228057861328,44800,0.0,0.0
2024-11-06 00:00:00-05:00,25.40847871125656,26.80572401253366,25.40847871125656,26.387439727783203,64000,0.0,0.0
2024-11-07 00:00:00-05:00,26.547635342967073,26.6811296501917,26.09464281586503,26.120452880859375,30000,0.0,0.0
2024-11-08 00:00:00-05:00,26.120451807357572,26.360742568969727,25.533075521731504,26.360742568969727,47100,0.0,0.0
2024-11-11 00:00:00-05:00,26.698929768310215,27.304105781320807,26.556535612010343,27.028217315673828,50500,0.0,0.0
2024-11-12 00:00:00-05:00,27.09941247829002,27.677888909552433,26.921418946760603,27.30410385131836,41700,0.0,0.0
2024-11-13 00:00:00-05:00,27.46429848413253,27.7757846271052,27.192859104565915,27.259605407714844,74300,0.0,0.0
2024-11-14 00:00:00-05:00,27.170609273236728,27.482986576869777,26.9125188249086,26.948118209838867,36000,0.0,0.0
2024-11-15 00:00:00-05:00,27.117211372468514,27.25070737427736,26.20944908449585,26.236146926879883,73300,0.0,0.0
2024-11-18 00:00:00-05:00,26.342942921116865,26.612601648735286,25.862361397070906,25.986957550048828,49400,0.0,0.0
2024-11-19 00:00:00-05:00,25.880162487555076,26.245047724788115,25.550874940615092,25.72886848449707,59000,0.0,0.0
2024-11-20 00:00:00-05:00,25.6386206207176,25.90033211289642,25.376910849826643,25.764963150024414,60200,0.4,0.0
2024-11-21 00:00:00-05:00,25.945456273549876,26.744125308003277,25.895821212229176,26.712539672851562,63800,0.0,0.0
2024-11-22 00:00:00-05:00,26.89302628378547,27.669134324402236,26.89302628378547,27.651084899902344,26000,0.0,0.0
2024-11-25 00:00:00-05:00,27.81352664567302,28.156458830554975,27.81352664567302,27.85865020751953,27700,0.0,0.0
2024-11-26 00:00:00-05:00,27.849626844998497,28.264753306379937,27.488645217881455,27.89474868774414,31100,0.0,0.0
2024-11-27 00:00:00-05:00,27.93986893305012,28.373046516566394,27.163762610212864,27.488643646240234,47300,0.0,0.0
2024-11-29 00:00:00-05:00,27.58791552104691,27.948895429278068,27.43449884488767,27.876699447631836,17200,0.0,0.0
2024-12-02 00:00:00-05:00,27.975970153105912,28.30987765100971,27.723283351414175,28.210607528686523,33700,0.0,0.0
2024-12-03 00:00:00-05:00,28.21060537354179,28.598659398845626,27.82255134823795,28.30987548828125,42700,0.0,0.0
2024-12-04 00:00:00-05:00,28.291826977641,28.598660322851224,28.012067770403892,28.463293075561523,26200,0.0,0.0
2024-12-05 00:00:00-05:00,28.336950138781344,28.336950138781344,27.786456411338285,28.12938690185547,36600,0.0,0.0
2024-12-06 00:00:00-05:00,28.30085053041247,28.427193059866426,27.790965474520927,28.165481567382812,26700,0.0,0.0
2024-12-09 00:00:00-05:00,28.49939076227869,28.58963616933277,28.129386142516136,28.40914535522461,28400,0.0,0.0
2024-12-10 00:00:00-05:00,28.32792416006209,28.986712693717504,27.795478161275405,28.607685089111328,31000,0.0,0.0
2024-12-11 00:00:00-05:00,28.90549269663465,29.510136411370887,28.621221986338156,29.212326049804688,86900,0.0,0.0
2024-12-12 00:00:00-05:00,29.24842567072021,29.474038335086327,28.923542883220833,28.950618743896484,19400,0.0,0.0
2024-12-13 00:00:00-05:00,28.8964698212701,29.36574456580469,28.697929579427317,29.275497436523438,41400,0.0,0.0
2024-12-16 00:00:00-05:00,29.419888789413818,29.909016859452773,29.17623015185792,29.185253143310547,46700,0.0,0.0
2024-12-17 00:00:00-05:00,29.176231602102085,29.176231602102085,28.29182864373226,28.31890106201172,55900,0.0,0.0
2024-12-18 00:00:00-05:00,28.57158634604141,29.076959929995922,26.685464422140463,26.802783966064453,47900,0.0,0.0
2024-12-19 00:00:00-05:00,27.073517900633803,27.21159273176461,26.734196972010114,26.83888053894043,34100,0.0,0.0
2024-12-20 00:00:00-05:00,26.47789937344599,27.4344964780528,26.270336159281012,27.172786712646484,111100,0.0,0.0
2024-12-23 00:00:00-05:00,27.353275914467595,27.353275914467595,26.856928796383077,27.235958099365234,22800,0.0,0.0
2024-12-24 00:00:00-05:00,27.0825427793407,27.362301984069976,26.82083127847711,27.272056579589844,15200,0.0,0.0
2024-12-26 00:00:00-05:00,27.136688470379575,27.768404560359635,27.136688470379575,27.714256286621094,18400,0.0,0.0
2024-12-27 00:00:00-05:00,27.416449916521827,27.81352868342358,26.93363895776238,27.10059356689453,17200,0.0,0.0
2024-12-30 00:00:00-05:00,27.100591908575517,27.396594904195737,26.55912120889512,27.00132179260254,19400,0.0,0.0
2024-12-31 00:00:00-05:00,27.362301613253564,27.822551620705752,26.92010103071038,27.308155059814453,37600,0.0,0.0
2025-01-02 00:00:00-05:00,26.757660639098233,27.696210113636525,26.703514083655783,26.929126739501953,33300,0.0,0.0
2025-01-03 00:00:00-05:00,27.0193713293854,27.398400648601594,26.694488563974975,27.29010581970215,31600,0.0,0.0
2025-01-06 00:00:00-05:00,27.317179974848607,27.72328171058537,26.820831113897572,26.83888053894043,43500,0.0,0.0
2025-01-07 00:00:00-05:00,26.893026298256874,27.105102733025078,25.972528025009225,26.071796417236328,78300,0.0,0.0
2025-01-08 00:00:00-05:00,25.719842944254882,26.333509647804583,25.399473383847837,26.089847564697266,37000,0.0,0.0
2025-01-10 00:00:00-05:00,25.71984358372935,25.72886829680452,25.06105502083418,25.15130043029785,40400,0.0,0.0
2025-01-13 00:00:00-05:00,24.91666312334121,25.83716148281822,24.91666312334121,25.66569709777832,23000,0.0,0.0
2025-01-14 00:00:00-05:00,25.972528514966417,26.37863024636624,25.83715954987858,26.116920471191406,28500,0.0,0.0
2025-01-15 00:00:00-05:00,26.820831886367554,26.837979357038506,26.2252146131022,26.33350944519043,29800,0.0,0.0
2025-01-16 00:00:00-05:00,26.243263549457694,26.635829081044683,26.180092282453803,26.28838539123535,22200,0.0,0.0
2025-01-17 00:00:00-05:00,26.586193696647708,27.001321865326325,26.394874266941816,26.694488525390625,24600,0.0,0.0
2025-01-21 00:00:00-05:00,26.76668553583062,27.804503415597427,26.76668553583062,27.73230743408203,35200,0.0,0.0
2025-01-22 00:00:00-05:00,27.524742428071455,28.165481507555928,27.398399898885867,28.021089553833008,51500,0.0,0.0
2025-01-23 00:00:00-05:00,27.682671911631573,28.345973664109824,27.429986841192576,28.300851821899414,77500,0.0,0.0
2025-01-24 00:00:00-05:00,28.165482115729265,28.598659707539433,27.91730854748971,28.354997634887695,37600,0.0,0.0
2025-01-27 00:00:00-05:00,28.753882011063023,28.761102814239653,28.374852671301976,28.598661422729492,29500,0.0,0.0
2025-01-28 00:00:00-05:00,28.589634686479506,28.734026641761695,28.158262730333433,28.30987548828125,26400,0.0,0.0
2025-01-29 00:00:00-05:00,28.458780448984605,28.458780448984605,27.876699380146505,27.95792007446289,15900,0.0,0.0
2025-01-30 00:00:00-05:00,27.930845327157954,28.52646255493164,27.930845327157954,28.52646255493164,17700,0.0,0.0
2025-01-31 00:00:00-05:00,28.345974000352477,28.68890620185607,27.732307299799068,27.89474868774414,27300,0.0,0.0
2025-02-03 00:00:00-05:00,27.244984888868032,27.53376881386641,26.802784288553273,27.443523406982422,26800,0.0,0.0
2025-02-04 00:00:00-05:00,26.817222089930304,27.61950063076492,26.817222089930304,27.47962188720703,10800,0.0,0.0
2025-02-05 00:00:00-05:00,27.795478465018586,28.1014098592658,27.308156024279615,27.60596466064453,28500,0.0,0.0
2025-02-06 00:00:00-05:00,27.876699362979714,27.876699362979714,27.06449414160401,27.362302780151367,18100,0.0,0.0
2025-02-07 00:00:00-05:00,27.425475719964428,27.425475719964428,26.613270449095392,26.865957260131836,27200,0.0,0.0
2025-02-10 00:00:00-05:00,26.856928676710186,27.416447055917246,26.658390174618624,27.398399353027344,17500,0.0,0.0
2025-02-11 00:00:00-05:00,27.272057373045627,27.5247441686841,27.16556817134421,27.362302780151367,12300,0.0,0.0
2025-02-12 00:00:00-05:00,26.983272125355985,27.172787643121968,26.775708904083434,26.87497901916504,13200,0.0,0.0
2025-02-13 00:00:00-05:00,27.244987892031396,27.84962994712828,26.992301069160643,27.723285675048828,24600,0.0,0.0
2025-02-14 00:00:00-05:00,28.670856514502763,29.040861129760742,27.73411267768739,29.040861129760742,37300,0.0,0.0
2025-02-18 00:00:00-05:00,29.23037718631298,30.584053216127362,29.176232348369155,30.195999145507812,49800,0.0,0.0
2025-02-19 00:00:00-05:00,29.94331054150557,30.083189279882696,28.36402202536108,28.96866226196289,72800,0.0,0.0
2025-02-20 00:00:00-05:00,28.96866611046836,29.33054972268647,28.597759505978335,28.761104583740234,29400,0.0,0.0
2025-02-21 00:00:00-05:00,29.031832017406533,29.104029712540587,27.84059930958708,27.966941833496094,59300,0.0,0.0
2025-02-24 00:00:00-05:00,28.20503911232163,28.44313381383061,27.83782499831696,27.957788467407227,34900,0.45,0.0
2025-02-25 00:00:00-05:00,27.83874108447972,28.232513035540507,27.747165927801493,27.811269760131836,38000,0.0,0.0
2025-02-26 00:00:00-05:00,28.031048751977938,28.388189937423718,27.71969427099671,27.948631286621094,25800,0.0,0.0
2025-02-27 00:00:00-05:00,27.948629265919287,28.232510655706513,26.556691892364697,26.758155822753906,89100,0.0,0.0
2025-02-28 00:00:00-05:00,26.739843904526307,27.444968579418163,26.337829516285666,27.390024185180664,37200,0.0,0.0
2025-03-03 00:00:00-05:00,27.56401447957201,28.29203419174841,26.708705854381332,26.868045806884766,24600,0.0,0.0
2025-03-04 00:00:00-05:00,26.593324462647566,27.527386155053154,26.14460637683848,26.959623336791992,37200,0.0,0.0
2025-03-05 00:00:00-05:00,27.060355162586745,27.545702275525247,27.060355162586745,27.243505477905273,21800,0.0,0.0
2025-03-06 00:00:00-05:00,27.106142263153398,27.47244112887491,26.620795174415665,27.13361358642578,18100,0.0,0.0
2025-03-07 00:00:00-05:00,27.060353734634475,27.472441049030234,26.694054869977556,27.335079193115234,23300,0.0,0.0
2025-03-10 00:00:00-04:00,27.216032057330374,27.738009925294026,26.689477964186228,26.721529006958008,18800,0.0,0.0
2025-03-11 00:00:00-04:00,26.7215275177459,27.106141756223252,26.144605286704508,26.64826774597168,24800,0.0,0.0
2025-03-12 00:00:00-04:00,26.91383362644242,27.27830199348515,26.67573893272741,27.04661750793457,30800,0.0,0.0
2025-03-13 00:00:00-04:00,26.59332368207714,26.84973201312671,26.144605609438887,26.510906219482422,24700,0.0,0.0
2025-03-14 00:00:00-04:00,26.419330819486873,27.36346715719483,25.471531755176915,25.952299118041992,47800,0.0,0.0
2025-03-17 00:00:00-04:00,25.952299812584638,26.46511823025486,25.72336280065051,26.3369140625,20300,0.0,0.0
2025-03-18 00:00:00-04:00,25.9889294864984,26.112555685681713,25.73252114447449,25.79662322998047,13400,0.0,0.0
2025-03-19 00:00:00-04:00,25.869882527843924,26.90467706043133,25.869882527843924,26.73068618774414,22800,0.0,0.0
2025-03-20 00:00:00-04:00,26.652845846466512,26.89552026079615,26.13544946996814,26.611637115478516,14900,0.0,0.0
2025-03-21 00:00:00-04:00,26.355229011585724,26.92299181377161,25.933984008258392,26.14460563659668,50600,0.0,0.0
2025-03-24 00:00:00-04:00,26.67574167076977,27.178488934091472,26.007245969791384,26.10797882080078,61000,0.0,0.0
2025-03-25 00:00:00-04:00,26.1171368684863,26.1171368684863,25.00908073218991,25.705049514770508,47600,0.0,0.0
2025-03-26 00:00:00-04:00,25.677576617414854,25.961458028905298,25.549370700410442,25.567686080932617,31700,0.0,0.0
2025-03-27 00:00:00-04:00,25.585999915616384,25.723361767932023,25.11896822042264,25.32958984375,27400,0.0,0.0
2025-03-28 00:00:00-04:00,25.38453493566333,25.769149180748414,24.569519742341672,24.954133987426758,30800,0.0,0.0
2025-03-31 00:00:00-04:00,24.56036120544053,24.78014051696016,24.322266514631586,24.3405818939209,36000,0.0,0.0
2025-04-01 00:00:00-04:00,24.212380970099858,24.722451950298588,23.855238012800644,24.450475692749023,38800,0.0,0.0
2025-04-02 00:00:00-04:00,24.05670242811172,24.789300191846984,23.85523673309639,24.638202667236328,32400,0.0,0.0
2025-04-03 00:00:00-04:00,23.42483515811282,24.15743290286075,23.003591891545458,23.260000228881836,47400,0.0,0.0
2025-04-04 00:00:00-04:00,22.344251782269556,23.195897737241374,22.206889925872662,22.838756561279297,46900,0.0,0.0
2025-04-07 00:00:00-04:00,21.977953229631694,23.269157842140494,21.06220517839704,22.435827255249023,51400,0.0,0.0
2025-04-08 00:00:00-04:00,23.150111332813648,23.818606990118017,21.584181259053928,21.7764892578125,42400,0.0,0.0
2025-04-09 00:00:00-04:00,21.666598926868296,23.507252734262956,21.50176399685522,22.829599380493164,79100,0.0,0.0
2025-04-10 00:00:00-04:00,22.362568161943503,22.847915272670694,22.09242240873747,22.554874420166016,54500,0.0,0.0
2025-04-11 00:00:00-04:00,22.463299866758685,23.205055284045887,22.14278770604298,22.609819412231445,27900,0.0,0.0
2025-04-14 00:00:00-04:00,22.893700520190208,23.040220063787366,22.472457269011063,22.646448135375977,29400,0.0,0.0
2025-04-15 00:00:00-04:00,22.609820056026,22.997181792226566,22.609820056026,22.829599380493164,50300,0.0,0.0
2025-04-16 00:00:00-04:00,22.88454567219742,22.985278525923544,22.24352302602005,22.399198532104492,35100,0.0,0.0
2025-04-17 00:00:00-04:00,22.408354226272237,22.87080797112364,22.261834677536356,22.335094451904297,65200,0.0,0.0
2025-04-21 00:00:00-04:00,22.24352053688744,22.490771178086373,22.124472314596517,22.34425163269043,53800,0.0,0.0
2025-04-22 00:00:00-04:00,22.64644856500303,23.510914936616548,22.096999392764687,22.838756561279297,51800,0.0,0.0
2025-04-23 00:00:00-04:00,23.388205728328085,23.650109024422058,22.6372908700002,22.70597267150879,66100,0.0,0.0
2025-04-24 00:00:00-04:00,22.756337439745224,23.736187489727566,22.6739199825831,23.72702980041504,37100,0.0,0.0
2025-04-25 00:00:00-04:00,23.32410299334175,23.92849658704548,23.32410299334175,23.91018295288086,24000,0.0,0.0
2025-04-28 00:00:00-04:00,23.80944722515964,23.988933044819053,23.511828436184892,23.827762603759766,22300,0.0,0.0
2025-04-29 00:00:00-04:00,23.64461296492935,24.281057542353444,23.64461296492935,24.047542572021484,36600,0.0,0.0
2025-04-30 00:00:00-04:00,23.62629689675725,24.294794241446414,23.237104708671286,24.15743064880371,52000,0.0,0.0
2025-05-01 00:00:00-04:00,24.075930885641537,24.514574259336094,23.988018463250324,24.047542572021484,40700,0.0,0.0
2025-05-02 00:00:00-04:00,24.37721477737123,24.917504540295358,23.9651274406951,24.633623123168945,98100,0.0,0.0
2025-05-05 00:00:00-04:00,24.432157936023923,24.73435471873153,24.26732300970145,24.358898162841797,47600,0.0,0.0
2025-05-06 00:00:00-04:00,24.267321650294537,24.860727002483898,23.653770429270118,24.249006271362305,76800,0.0,0.0
2025-05-07 00:00:00-04:00,24.23069188561956,24.922082622119976,24.23069188561956,24.59699249267578,26500,0.0,0.0
2025-05-08 00:00:00-04:00,24.96329075153485,25.594240370547205,24.656514262515337,25.036550521850586,35200,0.0,0.0
2025-05-09 00:00:00-04:00,26.66658471030244,27.93031628517068,26.610723323178938,27.71053695678711,66500,0.0,0.0
2025-05-12 00:00:00-04:00,28.86437796011359,29.22609884658966,28.058518725770675,28.104307174682617,44900,0.0,0.0
2025-05-13 00:00:00-04:00,28.507236279807888,28.507236279807888,27.61896129225511,27.719694137573242,66400,0.0,0.0
2025-05-14 00:00:00-04:00,27.719692684218966,28.3515575535834,26.82226005353994,27.545700073242188,113100,0.0,0.0
2025-05-15 00:00:00-04:00,27.573174720729167,28.32408785251302,27.573174720729167,27.948631286621094,106500,0.0,0.0
2025-05-16 00:00:00-04:00,27.90215532193891,29.0639705657959,27.48854937877212,29.0639705657959,96900,0.45,0.0
2025-05-19 00:00:00-04:00,28.52488787487624,29.249859440037763,28.25627483359608,29.231271743774414,45400,0.0,0.0
2025-05-20 00:00:00-04:00,28.93384677973548,29.23127297877657,28.580655716758972,28.887374877929688,67400,0.0,0.0
2025-05-21 00:00:00-04:00,28.88737518783793,29.268450459659796,28.153108849250465,28.655012130737305,65100,0.0,0.0
2025-05-22 00:00:00-04:00,28.51559445769567,29.203388889315455,28.38547171389419,29.175504684448242,60200,0.0,0.0
2025-05-23 00:00:00-04:00,28.60854061976137,29.268450860014944,28.57136167917778,28.78513526916504,72500,0.0,0.0
2025-05-27 00:00:00-04:00,29.03608882509816,30.207198902995177,28.859492396668816,30.14213752746582,70100,0.0,0.0
2025-05-28 00:00:00-04:00,30.14213917169032,30.374502252850082,29.327008731319086,29.49152183532715,39400,0.0,0.0
2025-05-29 00:00:00-04:00,29.51010795031017,29.637442095908508,29.045381840856468,29.32886505126953,18700,0.0,0.0
2025-05-30 00:00:00-04:00,29.1848015200518,29.711800443169267,29.1848015200518,29.240568161010742,22800,0.0,0.0
2025-06-02 00:00:00-04:00,28.905966642504413,29.668117238475965,28.905966642504413,29.314926147460938,39200,0.0,0.0
2025-06-03 00:00:00-04:00,29.277746845076013,29.863302774739672,29.14669337855027,29.32421875,57900,0.0,0.0
2025-06-04 00:00:00-04:00,29.24986209403104,29.598406692842236,28.469122050870812,28.613187789916992,54800,0.0,0.0
2025-06-05 00:00:00-04:00,28.53418431667009,29.166210347173106,27.52108123894354,28.720073699951172,72900,0.0,0.0
2025-06-06 00:00:00-04:00,29.036089395019182,29.546358504874462,28.775842115004085,29.017499923706055,58500,0.0,0.0
2025-06-09 00:00:00-04:00,29.07326594845284,29.528697321460495,28.98032037231488,29.110443115234375,36000,0.0,0.0
2025-06-10 00:00:00-04:00,29.1104441359911,29.53613343594242,28.682896952669726,28.775840759277344,43800,0.0,0.0
2025-06-11 00:00:00-04:00,25.058033228902183,25.141684077965174,24.305177360124834,24.537540435791016,715600,0.0,0.0
2025-06-12 00:00:00-04:00,24.59330612487335,25.039444560189974,24.53753948525484,24.79313850402832,160400,0.0,0.0
2025-06-13 00:00:00-04:00,24.630485115070325,25.04873934500808,24.305176466539795,24.574718475341797,239000,0.0,0.0
2025-06-16 00:00:00-04:00,24.723432841895868,25.05803448209219,24.565425871629113,25.002267837524414,81700,0.0,0.0
2025-06-17 00:00:00-04:00,24.769902026657842,25.262512355745514,24.73272485863037,24.890731811523438,131600,0.0,0.0
2025-06-18 00:00:00-04:00,25.039443469189543,25.35545736790783,24.742019040463962,24.834962844848633,100700,0.0,0.0
2025-06-20 00:00:00-04:00,25.03014797631625,25.197449655606093,24.63977798223641,25.085914611816406,191400,0.0,0.0
2025-06-23 00:00:00-04:00,25.076621069201302,25.773710250854492,24.92790885227178,25.773710250854492,141500,0.0,0.0
2025-06-24 00:00:00-04:00,25.820186655138308,26.30350052483782,25.559939361615765,26.18267250061035,155700,0.0,0.0
2025-06-25 00:00:00-04:00,26.368561609723347,26.470800153654274,25.10915243990638,25.1602725982666,82100,0.0,0.0
2025-06-26 00:00:00-04:00,25.160272191769057,25.715155299975386,25.10450555299958,25.615703582763672,79600,0.0,0.0
2025-06-27 00:00:00-04:00,25.6249988721344,26.170587256878623,25.51346559218367,25.671472549438477,181700,0.0,0.0
2025-06-30 00:00:00-04:00,25.922423542108966,26.191965554458,25.383341290200434,26.173376083374023,123700,0.0,0.0
2025-07-01 00:00:00-04:00,25.987484038879327,26.958761710286616,25.931717400303686,26.721752166748047,106400,0.0,0.0
2025-07-02 00:00:00-04:00,26.56374512494168,27.130711562404727,26.50797848655187,26.944820404052734,104300,0.0,0.0
2025-07-03 00:00:00-04:00,26.926231322765652,27.401182902388424,26.782167357111014,27.07494354248047,76600,0.0,0.0
2025-07-07 00:00:00-04:00,27.0470620199442,27.242246150095628,26.582335874490827,26.823993682861328,90600,0.0,0.0
2025-07-08 00:00:00-04:00,26.823993392297986,27.186479214532433,26.675281169186956,26.98200035095215,77200,0.0,0.0
2025-07-09 00:00:00-04:00,27.177184156413293,27.740433068672807,26.870464978288663,27.21436309814453,46200,0.0,0.0
2025-07-10 00:00:00-04:00,27.093532337044635,27.46531287705419,26.898348218335663,27.102827072143555,56800,0.0,0.0
2025-07-11 00:00:00-04:00,26.954113784898073,26.954113784898073,26.58233325966425,26.62880516052246,62800,0.0,0.0
2025-07-14 00:00:00-04:00,26.59163034977962,26.721753101939893,26.387149713196862,26.610218048095703,48800,0.0,0.0
2025-07-15 00:00:00-04:00,26.60092404807738,26.628806480859048,26.09437250333326,26.433622360229492,74800,0.0,0.0
2025-07-16 00:00:00-04:00,26.43362332750649,26.43362332750649,26.001427875680747,26.247732162475586,46800,0.0,0.0
2025-07-17 00:00:00-04:00,26.3127914008779,26.412243112906776,26.11760728896183,26.25702476501465,39100,0.0,0.0
2025-07-18 00:00:00-04:00,26.44291668120441,26.506118397603707,25.95960109561241,26.006072998046875,49500,0.0,0.0
2025-07-21 00:00:00-04:00,26.01536888997717,26.01536888997717,25.34616389209878,25.374046325683594,96900,0.0,0.0
2025-07-22 00:00:00-04:00,25.5134658467156,26.270968180039148,25.485581640054974,26.09902000427246,86900,0.0,0.0
2025-07-23 00:00:00-04:00,26.32208833711673,26.67528119696538,25.75047539654041,26.610218048095703,52200,0.0,0.0
2025-07-24 00:00:00-04:00,26.50797825371398,26.67527994020335,26.061841604935292,26.071134567260742,48600,0.0,0.0
2025-07-25 00:00:00-04:00,26.2012593877029,26.322087400008694,26.03395769928759,26.210554122924805,42700,0.0,0.0
2025-07-28 00:00:00-04:00,26.368561076118212,26.422468058499984,25.95960159030184,26.210554122924805,46400,0.0,0.0
2025-07-29 00:00:00-04:00,26.27561424680699,26.27561424680699,25.4298128825312,25.59711456298828,63600,0.0,0.0
2025-07-30 00:00:00-04:00,25.745827027413263,25.950305876213605,25.364751761637066,25.513463973999023,58000,0.0,0.0
2025-07-31 00:00:00-04:00,25.392633688509914,25.564581848236095,25.104504004386968,25.308982849121094,59300,0.0,0.0
2025-08-01 00:00:00-04:00,25.01156086275902,25.01156086275902,24.41671196728941,24.556129455566406,104400,0.0,0.0
2025-08-04 00:00:00-04:00,24.658369321329346,24.974383234440204,24.42600625420604,24.574718475341797,132900,0.0,0.0
2025-08-05 00:00:00-04:00,24.639780654277377,24.82567005036631,24.20107905577893,24.760608673095703,97900,0.0,0.0
2025-08-06 00:00:00-04:00,24.76990327480971,25.09521193219234,24.55612967270868,25.058032989501953,96200,0.0,0.0
2025-08-07 00:00:00-04:00,25.132388591095257,25.132388591095257,24.644424762967947,24.853551864624023,71300,0.0,0.0
2025-08-08 00:00:00-04:00,24.630483998478688,24.86284705506811,22.818051447965427,23.292072296142578,123400,0.0,0.0
2025-08-11 00:00:00-04:00,23.6917385472333,23.79397886594206,23.236307140023584,23.74750518798828,76300,0.0,0.0
2025-08-12 00:00:00-04:00,23.82186035207908,24.472477635228213,23.82186035207908,24.44459342956543,50300,0.0,0.0
2025-08-13 00:00:00-04:00,24.305175216658352,24.46318216508835,23.877628046076836,24.035634994506836,71700,0.0,0.0
2025-08-14 00:00:00-04:00,24.044932267301235,24.044932267301235,23.450081577774334,23.645267486572266,84600,0.0,0.0
2025-08-15 00:00:00-04:00,23.849744692553898,23.97057447831948,23.12477129632887,23.561614990234375,125100,0.0,0.0
2025-08-18 00:00:00-04:00,23.701031710302786,23.886922864205246,23.516071270850333,23.81256675720215,73300,0.0,0.0
2025-08-19 00:00:00-04:00,23.75679989440856,24.286587412904254,23.617382406297512,24.119287490844727,98200,0.0,0.0
2025-08-20 00:00:00-04:00,24.100367917908503,24.119285437503905,23.52339800284047,23.65581703186035,56900,0.45,0.0
2025-08-21 00:00:00-04:00,23.551771662414527,23.98686557766892,23.551771662414527,23.608522415161133,67600,0.0,0.0
2025-08-22 00:00:00-04:00,23.7504029330533,24.478709400026666,23.60852333952083,24.355749130249023,80800,0.0,0.0
2025-08-25 00:00:00-04:00,24.31791311042397,24.31791311042397,23.84309529246659,23.844985961914062,52700,0.0,0.0
2025-08-26 00:00:00-04:00,23.949030803753026,24.2044119000384,23.792965780961246,24.071992874145508,54900,0.0,0.0
2025-08-27 00:00:00-04:00,24.0814504231156,24.157120501575143,23.91119815880353,23.96794891357422,49000,0.0,0.0
2025-08-28 00:00:00-04:00,24.02470034017303,24.365208486467097,23.835530550956122,24.251705169677734,72900,0.0,0.0
2025-08-29 00:00:00-04:00,24.071992967593637,24.138202480797112,23.769318072261576,23.911197662353516,47300,0.0,0.0
2025-09-02 00:00:00-04:00,23.76931943165755,23.99632606715786,23.73148619512352,23.93011474609375,93900,0.0,0.0
2025-09-03 00:00:00-04:00,23.759861585561097,23.844986815592474,23.457186684256563,23.65581703186035,64000,0.0,0.0
2025-09-04 00:00:00-04:00,23.60852142628381,24.280078887939453,23.530017153710787,24.280078887939453,55600,0.0,0.0
2025-09-05 00:00:00-04:00,24.317914348094423,24.47870965893449,23.911198495098006,24.109827041625977,61400,0.0,0.0
2025-09-08 00:00:00-04:00,24.10982620196394,24.10982620196394,23.589607051873266,23.911197662353516,94000,0.0,0.0
2025-09-09 00:00:00-04:00,23.788236806460766,23.859176605129964,23.078846036064874,23.15451431274414,52400,0.0,0.0
2025-09-10 00:00:00-04:00,23.324766684050978,23.457185707557258,22.870757057108968,23.14505386352539,76000,0.0,0.0
2025-09-11 00:00:00-04:00,23.24909752315267,23.43826909584254,23.005067673723275,23.41935157775879,61200,0.0,0.0
2025-09-12 00:00:00-04:00,23.40989432492523,23.40989432492523,22.624835314676552,22.65321159362793,61100,0.0,0.0
2025-09-15 00:00:00-04:00,22.700504479554663,23.48650885542297,22.653212483518526,22.927509307861328,84400,0.0,0.0
2025-09-16 00:00:00-04:00,22.88967666917208,22.984260663712597,22.482958997981253,22.82346534729004,90800,0.0,0.0
2025-09-17 00:00:00-04:00,22.880216380743743,23.636899110973715,22.81400686735786,22.88967514038086,121600,0.0,0.0
2025-09-18 00:00:00-04:00,23.145053581380598,23.55177121041919,22.871702113014628,23.07884407043457,74900,0.0,0.0
2025-09-19 00:00:00-04:00,23.192348169507746,23.192348169507746,22.757254247751302,22.814006805419922,348200,0.0,0.0
2025-09-22 00:00:00-04:00,22.8234643177272,23.050470945791567,22.700504047926813,22.946426391601562,84900,0.0,0.0
2025-09-23 00:00:00-04:00,23.135595672707154,23.50448008222798,23.135595672707154,23.438270568847656,103500,0.0,0.0
2025-09-24 00:00:00-04:00,23.305850646542023,23.5423142344463,23.10722209865795,23.163972854614258,101500,0.0,0.0
2025-09-25 00:00:00-04:00,23.031553763842023,23.33422686693428,22.970072726003284,23.08830451965332,66600,0.0,0.0
2025-09-26 00:00:00-04:00,23.069385288151754,23.334225135745758,23.050469573667364,23.3153076171875,79600,0.0,0.0
2025-09-29 00:00:00-04:00,23.315307399866654,23.57068848580113,23.074115354755545,23.324766159057617,106000,0.0,0.0
2025-09-30 00:00:00-04:00,23.353143098559922,23.854444721373127,23.29166206411294,23.844985961914062,133000,0.0,0.0
2025-10-01 00:00:00-04:00,23.73148545651027,23.73148545651027,22.634294570061623,22.709962844848633,138000,0.0,0.0
2025-10-02 00:00:00-04:00,22.700503525638336,22.82346379260968,22.32310749576609,22.577543258666992,83500,0.0,0.0
2025-10-03 00:00:00-04:00,22.501874985744486,22.894403587756873,22.42620490874805,22.577543258666992,69600,0.0,0.0
2025-10-06 00:00:00-04:00,22.605918244002588,22.653212043193452,22.019489566627662,22.0856990814209,111200,0.0,0.0
2025-10-07 00:00:00-04:00,22.10461663850894,22.22757690846535,21.80194173539706,21.84923553466797,107500,0.0,0.0
2025-10-08 00:00:00-04:00,21.830318350872364,22.21811849049118,21.830318350872364,21.991113662719727,81700,0.0,0.0
2025-10-09 00:00:00-04:00,23.211266007725914,24.29899812095497,22.643753051757812,22.643753051757812,271900,0.0,0.0
2025-10-10 00:00:00-04:00,22.709962773794263,22.790359526221554,21.716814640738857,21.77356719970703,126400,0.0,0.0
2025-10-13 00:00:00-04:00,22.066780537230557,22.87075704540858,22.028947303708357,22.596458435058594,179500,0.0,0.0
2025-10-14 00:00:00-04:00,22.4640408333661,23.003177524715042,22.293786761556113,22.85184097290039,91700,0.0,0.0
2025-10-15 00:00:00-04:00,22.880217486309554,23.163973072838303,22.866028444131302,23.15451431274414,82900,0.0,0.0
2025-10-16 00:00:00-04:00,23.173432333153464,23.70311028134195,23.173432333153464,23.684194564819336,107500,0.0,0.0
2025-10-17 00:00:00-04:00,23.68419386597835,24.157121042496378,23.485563513722294,23.788236618041992,142800,0.0,0.0
2025-10-20 00:00:00-04:00,23.967948478043326,24.289539089356765,23.769318133844347,23.986865997314453,138600,0.0,0.0
2025-10-21 00:00:00-04:00,24.06253461105366,24.421958461924913,23.967948817432607,24.12874412536621,120100,0.0,0.0
2025-10-22 00:00:00-04:00,24.105096743608165,24.128742739636934,23.72202511327623,23.94902992248535,85700,0.0,0.0
2025-10-23 00:00:00-04:00,23.911197278127524,24.04361630240665,23.693649418716806,23.844985961914062,88100,0.0,0.0
2025-10-24 00:00:00-04:00,23.939573050931855,24.23846301056955,23.542314152472947,23.636899948120117,107500,0.0,0.0
2025-10-27 00:00:00-04:00,23.636898693571386,23.921601400177064,23.551771662414527,23.608522415161133,112800,0.0,0.0
2025-10-28 00:00:00-04:00,23.60852348892138,23.882822113807755,23.17343135795208,23.409894943237305,110500,0.0,0.0
2025-10-29 00:00:00-04:00,23.26801505837161,23.51393738142001,23.036279971859557,23.18288803100586,109800,0.0,0.0
2025-10-30 00:00:00-04:00,23.059927371001745,23.31530846864292,22.55862573941788,22.577543258666992,64000,0.0,0.0
2025-10-31 00:00:00-04:00,22.473499045002036,22.998448485582525,22.33445906498438,22.71942138671875,114100,0.0,0.0
2025-11-03 00:00:00-05:00,22.842381374415286,22.842381374415286,22.516062284807187,22.65321159362793,91600,0.0,0.0
2025-11-04 00:00:00-05:00,22.596459191870387,22.700503744670456,22.170825829102185,22.568084716796875,117900,0.0,0.0
2025-11-05 00:00:00-05:00,23.13559567085303,24.024699231782776,22.984259124831873,23.986865997314453,131500,0.0,0.0
2025-11-06 00:00:00-05:00,23.807151959579794,23.977406016198834,22.691043636476177,22.700502395629883,183200,0.0,0.0
2025-11-07 00:00:00-05:00,21.79248540557908,22.104617273436766,20.099405228602446,21.276994705200195,223300,0.0,0.0
2025-11-10 00:00:00-05:00,21.470892132332484,21.470892132332484,20.572329875893807,20.912837982177734,309200,0.0,0.0
2025-11-11 00:00:00-05:00,21.00742270734166,21.196594285101757,20.704749626184608,20.72366714477539,185200,0.0,0.0
2025-11-12 00:00:00-05:00,20.610166671462252,21.083093835425235,20.610166671462252,20.761503219604492,162300,0.0,0.0
2025-11-13 00:00:00-05:00,20.80879406451553,21.24861644702325,20.77947245207676,21.120925903320312,172200,0.0,0.0
2025-11-14 00:00:00-05:00,21.092550433273935,21.25334573845634,20.808794861339784,21.007423400878906,151200,0.0,0.0
2025-11-17 00:00:00-05:00,20.39261792266702,20.618677400345405,20.071027320759725,20.08994483947754,217700,0.0,0.0
2025-11-18 00:00:00-05:00,19.97644545515814,20.402078847032563,19.97644545515814,20.392620086669922,171500,0.0,0.0
2025-11-19 00:00:00-05:00,20.392620080532996,20.595978918083404,19.957527928426867,20.080488204956055,173500,0.0,0.0
2025-11-20 00:00:00-05:00,20.22236417366436,20.5817898185404,19.796730820404516,19.91969108581543,212000,0.0,0.0
2025-11-21 00:00:00-05:00,19.92935978757896,20.610746623559127,19.919694503814032,20.412612915039062,112700,0.45,0.0
2025-11-24 00:00:00-05:00,20.402947557649696,20.60591298558763,20.136190888400552,20.364286422729492,106500,0.0,0.0
2025-11-25 00:00:00-05:00,20.489933065734604,21.14715576171875,20.489933065734604,21.14715576171875,106600,0.0,0.0
2025-11-26 00:00:00-05:00,21.11815973252978,21.562751676379328,20.92485776526917,21.466100692749023,95300,0.0,0.0
2025-11-28 00:00:00-05:00,21.553087860512317,21.64490713076895,21.263136733352326,21.30179786682129,74200,0.0,0.0
2025-12-01 00:00:00-05:00,21.243805653740633,21.338522847602857,21.031174955187684,21.13749122619629,85300,0.0,0.0
2025-12-02 00:00:00-05:00,21.263135162903257,21.398445433122287,20.89586363939553,21.27280044555664,105900,0.0,0.0
2025-12-03 00:00:00-05:00,21.301798146117704,21.765720693042084,21.301798146117704,21.688400268554688,110600,0.0,0.0
2025-12-04 00:00:00-05:00,21.630407446446867,21.75605428189159,21.09882978608171,21.26313591003418,155200,0.0,0.0
2025-12-05 00:00:00-05:00,21.253469801099236,21.58691375581042,21.08916368353195,21.22447395324707,86400,0.0,0.0
2025-12-08 00:00:00-05:00,21.234139849930653,21.418742513293697,20.871700036885972,20.97318458557129,82400,0.0,0.0
2025-12-09 00:00:00-05:00,20.93452439838262,21.41777750424273,20.93452439838262,21.25347137451172,81400,0.0,0.0
2025-12-10 00:00:00-05:00,21.18581637190049,22.036341032600212,21.138457773687385,21.934858322143555,97100,0.0,0.0
2025-12-11 00:00:00-05:00,21.939691730295703,22.24413985951095,21.939691730295703,22.181318283081055,98200,0.0,0.0
2025-12-12 00:00:00-05:00,22.171652676745392,22.519593654131583,22.00734654950648,22.258638381958008,134600,0.0,0.0
2025-12-15 00:00:00-05:00,22.306962864972405,22.3939485698362,21.910695473243674,22.1619873046875,78200,0.0,0.0
2025-12-16 00:00:00-05:00,22.084666841521955,22.645240358778608,21.82854144725292,22.577585220336914,100600,0.0,0.0
2025-12-17 00:00:00-05:00,22.538924201644505,22.809546600242232,22.345624068472652,22.770885467529297,100000,0.0,0.0
2025-12-18 00:00:00-05:00,22.983517920356107,23.099497631111372,22.567919962643842,22.67423439025879,107000,0.0,0.0
2025-12-19 00:00:00-05:00,22.5775863575471,22.5775863575471,21.939692386589257,22.075002670288086,105300,0.0,0.0
2025-12-22 00:00:00-05:00,22.01701124370438,22.297297074752528,21.997680677848862,22.046005249023438,73900,0.0,0.0
2025-12-23 00:00:00-05:00,21.968685886556838,22.017012303521895,21.33079193033261,21.910696029663086,58000,0.0,0.0
2025-12-24 00:00:00-05:00,21.891364805583798,22.306962761683288,21.85270551663682,22.017011642456055,39700,0.0,0.0
2025-12-26 00:00:00-05:00,21.862370403788667,22.200646088939152,21.862370403788667,22.046005249023438,43600,0.0,0.0
2025-12-29 00:00:00-05:00,22.065337386671835,22.195815950294715,21.843041393891085,22.075002670288086,98000,0.0,0.0
2025-12-30 00:00:00-05:00,22.055670609486057,22.229642015868873,21.925192054698947,22.094331741333008,62800,0.0,0.0
2025-12-31 00:00:00-05:00,22.065336789217962,22.123326645880955,21.652638591646635,21.814044952392578,55000,0.0,0.0
2026-01-02 00:00:00-05:00,21.833375407520716,22.07983367967713,21.51442843230779,21.620744705200195,76900,0.0,0.0
2026-01-05 00:00:00-05:00,21.591748415887796,22.39394847924774,21.591748415887796,22.065336227416992,74700,0.0,0.0
2026-01-06 00:00:00-05:00,22.036340036591778,22.674233964150826,21.968684899345245,22.606578826904297,73500,0.0,0.0
2026-01-07 00:00:00-05:00,22.509930752551814,22.519594192504883,22.18615021019443,22.519594192504883,118700,0.0,0.0
2026-01-08 00:00:00-05:00,22.693564450374808,23.573084918419546,22.4567714708435,23.389450073242188,97100,0.0,0.0
2026-01-09 00:00:00-05:00,23.360455393861407,23.563420815048424,23.089832988814404,23.44744110107422,58700,0.0,0.0
2026-01-12 00:00:00-05:00,23.379786014925212,24.104665681070994,23.292800307510575,24.056339263916016,85800,0.0,0.0
2026-01-13 00:00:00-05:00,24.037010192871094,24.3076307511677,23.882367503676083,24.037010192871094,58600,0.0,0.0
2026-01-14 00:00:00-05:00,23.940359527150335,24.143324948617334,23.67940240515192,23.95969009399414,96800,0.0,0.0
2026-01-15 00:00:00-05:00,23.95968871954016,24.34629081691714,23.88236645660055,24.172319412231445,99800,0.0,0.0
2026-01-16 00:00:00-05:00,24.066003875941306,24.29699916614401,23.494799098394772,24.114330291748047,73700,0.0,0.0
2026-01-20 00:00:00-05:00,23.81471265327829,23.904598129860105,23.235776371780197,23.44744110107422,51400,0.0,0.0
2026-01-21 00:00:00-05:00,23.524762136611844,23.988684691501046,23.29280085916724,23.8050479888916,52000,0.0,0.0
2026-01-22 00:00:00-05:00,23.9016976731464,24.21097935946931,23.76348762696058,24.066003799438477,58100,0.0,0.0
2026-01-23 00:00:00-05:00,24.196483756602692,24.196483756602692,23.616579639459733,23.853374481201172,57900,0.0,0.0
2026-01-26 00:00:00-05:00,23.87270403619961,24.18198572730283,23.57308578491211,23.57308578491211,38400,0.0,0.0
2026-01-27 00:00:00-05:00,23.602082276835073,23.65040685108549,23.283135293775047,23.370121002197266,45000,0.0,0.0
2026-01-28 00:00:00-05:00,23.379784916264114,23.505429908034117,22.88686654523245,23.07050323486328,44300,0.0,0.0
2026-01-29 00:00:00-05:00,23.186482635852673,23.32662647195957,22.780549973536836,23.196147918701172,50000,0.0,0.0
2026-01-30 00:00:00-05:00,23.02701079021233,23.68423345307368,23.02701079021233,23.650405883789062,54500,0.0,0.0
2026-02-02 00:00:00-05:00,23.679401046776714,24.278635680309197,23.37011936887513,24.172319412231445,85700,0.0,0.0
2026-02-03 00:00:00-05:00,24.07566914176899,24.626577377319336,23.751890451686137,24.626577377319336,73200,0.0,0.0
2026-02-04 00:00:00-05:00,24.761888807685455,25.43844201845286,24.761888807685455,25.14849090576172,98100,0.0,0.0
2026-02-05 00:00:00-05:00,25.11949550739592,25.2064812114554,24.684568830562764,24.75222396850586,64400,0.0,0.0
2026-02-06 00:00:00-05:00,24.839210608080773,25.612414847214737,24.81021475781413,24.98418617248535,79200,0.0,0.0
2026-02-09 00:00:00-05:00,24.887533721036046,25.33212567157814,24.64590718005511,25.10016441345215,78300,0.0,0.0
2026-02-10 00:00:00-05:00,25.148492401636478,25.419112964654722,25.109831267797116,25.129161834716797,83500,0.0,0.0
2026-02-11 00:00:00-05:00,25.3127993803417,25.56409122831133,25.080838099938443,25.26447296142578,46700,0.0,0.0
2026-02-12 00:00:00-05:00,25.30313146440596,25.670402992639687,24.674902831565433,24.858537673950195,77700,0.0,0.0
2026-02-13 00:00:00-05:00,24.887535917170634,25.109831912057604,24.723229781066273,24.926197052001953,60400,0.0,0.0
2026-02-17 00:00:00-05:00,24.96485403403446,25.119494872126186,24.539590807550116,24.955188751220703,52000,0.0,0.0
2026-02-18 00:00:00-05:00,24.95518949880154,25.41428030715489,24.75222408402501,24.945524215698242,55600,0.0,0.0
2026-02-19 00:00:00-05:00,24.848873950173743,24.916530933862784,24.592750392618896,24.839210510253906,54700,0.0,0.0
2026-02-20 00:00:00-05:00,24.927743774073814,25.02611724966878,24.50473914243806,24.858882904052734,45700,0.45,0.0
2026-02-23 00:00:00-05:00,24.799859269625788,24.834291583143443,23.99320009583383,24.288320541381836,41600,0.0,0.0
2026-02-24 00:00:00-05:00,24.54900803171754,24.72116021321536,24.214539327963454,24.376855850219727,42500,0.0,0.0
2026-02-25 00:00:00-05:00,24.534252296161867,24.82937085322238,23.924338234900638,24.337505340576172,59500,0.0,0.0
2026-02-26 00:00:00-05:00,24.376856319602023,24.671974886800303,24.116166313048183,24.485065460205078,78500,0.0,0.0
2026-02-27 00:00:00-05:00,24.239132496070173,24.48506525881867,24.20175061105859,24.24897003173828,43000,0.0,0.0
2026-03-02 00:00:00-05:00,24.01287518837014,24.373905060254682,23.884990975277354,24.1063289642334,72800,0.0,0.0
2026-03-03 00:00:00-05:00,23.73742805022805,24.219457888256734,23.18653921917551,23.56035804748535,58400,0.0,0.0
2026-03-04 00:00:00-05:00,23.51117185931233,23.835803032686805,23.343937504766807,23.702999114990234,50700,0.0,0.0
2026-03-05 00:00:00-05:00,23.806291559960652,23.806291559960652,22.930769671651348,23.00946807861328,47900,0.0,0.0
2026-03-06 00:00:00-05:00,22.675000243845034,22.72418792276902,22.21264731986814,22.360206604003906,63400,0.0,0.0
2026-03-09 00:00:00-04:00,22.124110477758666,22.458579175618297,21.592896701128563,22.311019897460938,64500,0.0,0.0
2026-03-10 00:00:00-04:00,22.20280873935798,22.478254099417278,21.94703844994249,21.976551055908203,63900,0.0,0.0
2026-03-11 00:00:00-04:00,22.133948281931875,22.448741912841797,21.77980450899919,22.448741912841797,52300,0.0,0.0
2026-03-12 00:00:00-04:00,22.311019955477487,22.41431126282443,21.809316907383433,21.947038650512695,63400,0.0,0.0
2026-03-13 00:00:00-04:00,23.540683043870942,26.560736902583443,23.530845508748865,26.482038497924805,243500,0.0,0.0
2026-03-16 00:00:00-04:00,26.560738153527442,27.387072379520408,25.586844646389604,27.36739730834961,163800,0.0,0.0
2026-03-17 00:00:00-04:00,27.367397924653304,27.835653746418526,27.052604284103722,27.460853576660156,97500,0.0,0.0
2026-03-18 00:00:00-04:00,27.54446906012458,27.70186587607699,27.10178934255964,27.29853630065918,134500,0.0,0.0
2026-03-19 00:00:00-04:00,27.131302179176206,27.372317111075446,26.5115524456494,27.00341796875,124200,0.0,0.0
2026-03-20 00:00:00-04:00,26.98374282749653,26.98374282749653,26.27545527522586,26.570575714111328,121300,0.0,0.0
2026-03-23 00:00:00-04:00,26.718134478013187,27.645793614758684,26.718134478013187,27.259185791015625,86700,0.0,0.0
2026-03-24 00:00:00-04:00,27.003416702231526,27.844506256968298,26.828311203250443,27.711702346801758,73900,0.0,0.0
2026-03-25 00:00:00-04:00,28.00682188184271,28.056009559367496,27.68219071545129,27.928123474121094,72300,0.0,0.0
2026-03-26 00:00:00-04:00,27.534631153377937,27.9674733295707,27.042765641078255,27.259185791015625,80100,0.0,0.0
2026-03-27 00:00:00-04:00,27.09195284595199,27.416584003359525,27.003416905175573,27.150976181030273,62200,0.0,0.0
2026-03-30 00:00:00-04:00,27.347721320340167,27.524793202304863,26.919798856470813,27.052602767944336,89000,0.0,0.0
2026-03-31 00:00:00-04:00,27.37723477769921,27.888775368994022,26.895206793089198,27.465770721435547,127300,0.0,0.0
2026-04-01 00:00:00-04:00,27.770726523634625,28.19373116670059,27.716621016779484,27.859262466430664,67800,0.0,0.0
2026-04-02 00:00:00-04:00,27.436258751017988,27.711704124176375,26.92472002417827,27.377235412597656,51100,0.0,0.0
2026-04-06 00:00:00-04:00,27.1608139356586,27.788432927504193,26.511551615599014,27.652679443359375,62300,0.0,0.0
2026-04-07 00:00:00-04:00,27.652679286012614,27.90549812551116,27.362478563067707,27.849424362182617,54900,0.0,0.0
2026-04-08 00:00:00-04:00,28.538037259066506,29.00039016532028,28.183893489661386,28.85283088684082,104600,0.0,0.0
2026-04-09 00:00:00-04:00,28.911855192890695,29.38404752671109,28.213407042374964,29.33485984802246,74700,0.0,0.0
2026-04-10 00:00:00-04:00,29.40372038496651,29.610304880455566,28.749540214606963,29.29551124572754,56100,0.0,0.0
2026-04-13 00:00:00-04:00,29.2659980644614,29.2659980644614,28.793807621636837,29.020065307617188,77600,0.0,0.0
2026-04-14 00:00:00-04:00,29.138114936582014,29.17352856439527,28.587224189881425,28.60689926147461,70200,0.0,0.0
2026-04-15 00:00:00-04:00,28.626573350795507,28.887261473346793,27.99698421564356,28.12487030029297,44500,0.0,0.0
2026-04-16 00:00:00-04:00,28.036333863631537,28.40031516393229,27.810076181013287,28.28226661682129,80800,0.0,0.0
2026-04-17 00:00:00-04:00,28.81348222169006,30.200542797521493,28.81348222169006,29.708677291870117,264400,0.0,0.0
2026-04-20 00:00:00-04:00,29.610304071257314,29.71654682625869,29.088925955288587,29.315183639526367,126600,0.0,0.0
2026-04-21 00:00:00-04:00,29.29551127330183,29.29551127330183,27.878938039374297,27.96747398376465,90900,0.0,0.0
2026-04-22 00:00:00-04:00,28.1740562327909,28.51836247019223,27.544468971017977,27.928123474121094,74500,0.0,0.0
2026-04-23 00:00:00-04:00,28.05601032709674,28.813483694843686,28.05601032709674,28.439664840698242,109300,0.0,0.0
2026-04-24 00:00:00-04:00,28.419989535692782,29.19713796860412,28.036335025242824,28.734783172607422,81300,0.0,0.0
2026-04-27 00:00:00-04:00,28.902017121873154,29.403720177296844,28.793807983398438,28.793807983398438,64800,0.0,0.0
2026-04-28 00:00:00-04:00,28.823318569849718,28.9807153853163,28.164218701464147,28.1937313079834,42300,0.0,0.0
2026-04-29 00:00:00-04:00,28.016658445000225,28.577384815095893,27.775645400606532,27.977310180664062,64300,0.0,0.0
2026-04-30 00:00:00-04:00,27.888775013816396,28.429826328587385,27.829751677516548,28.223243713378906,41600,0.0,0.0
2026-05-01 00:00:00-04:00,28.223244251939928,28.66592209711308,28.051090192996423,28.498687744140625,36600,0.0,0.0
2026-05-04 00:00:00-04:00,28.29210479084836,28.646248563858745,28.105195368835318,28.459339141845703,61100,0.0,0.0
2026-05-05 00:00:00-04:00,28.03633456829337,29.049578212376368,27.89369311754186,28.892181396484375,85100,0.0,0.0
2026-05-06 00:00:00-04:00,29.24632363456119,29.66932828581471,29.118439423779417,29.1971378326416,50300,0.0,0.0
2026-05-07 00:00:00-04:00,29.275835524066224,30.289079155114482,28.689531172804255,29.915260314941406,122500,0.0,0.0
2026-05-08 00:00:00-04:00,30.42680020065095,30.42680020065095,27.05260256262858,27.61332893371582,152400,0.0,0.0
2026-05-11 00:00:00-04:00,27.633005166199272,27.79040198307763,26.329560782837433,26.570575714111328,127000,0.0,0.0
2026-05-12 00:00:00-04:00,26.678786029659914,27.30345357483453,26.477121246053475,26.757484436035156,72500,0.0,0.0
2026-05-13 00:00:00-04:00,26.58041232275273,26.905043480783057,26.354154640920253,26.78699493408203,97900,0.0,0.0
2026-05-14 00:00:00-04:00,26.78699624387919,27.15097756071337,25.77375445555562,25.81310272216797,94700,0.0,0.0
2026-05-15 00:00:00-04:00,25.655705345394026,26.61484348081621,25.626192738837727,26.33448028564453,123000,0.0,0.0
2026-05-18 00:00:00-04:00,26.393504419788822,27.78056507243129,26.393504419788822,27.013254165649414,315500,0.0,0.0
2026-05-19 00:00:00-04:00,26.914882530460925,26.944393261558172,26.42301699811372,26.580413818359375,176000,0.0,0.0
2026-05-20 00:00:00-04:00,26.55090110602775,27.3132923028897,26.541063570261507,27.21000099182129,162700,0.0,0.0
2026-05-21 00:00:00-04:00,27.059999465942383,27.329999923706055,25.90999984741211,26.719999313354492,169600,0.45,0.0
2026-05-22 00:00:00-04:00,26.65999984741211,26.65999984741211,26.309999465942383,26.549999237060547,71000,0.0,0.0
2026-05-26 00:00:00-04:00,26.690000534057617,26.985000610351562,26.360000610351562,26.459999084472656,46400,0.0,0.0
2026-05-27 00:00:00-04:00,26.610000610351562,27.399999618530273,26.610000610351562,27.31999969482422,64700,0.0,0.0
2026-05-28 00:00:00-04:00,27.15999984741211,27.510000228881836,27.05500030517578,27.350000381469727,74279,0.0,0.0
