Date,Open,High,Low,Close,Volume,Dividends,Stock Splits
2022-01-03 00:00:00-05:00,16.150690136774845,16.447266625088563,16.082901363692724,16.277793884277344,555300,0.0,0.0
2022-01-04 00:00:00-05:00,16.447266533206818,16.777736598109524,16.387951559117802,16.61673927307129,781900,0.0,0.0
2022-01-05 00:00:00-05:00,16.701479742697504,16.803163744658836,16.36253576318038,16.39643096923828,650500,0.0,0.0
2022-01-06 00:00:00-05:00,16.591319440505536,16.633686821357706,16.31169052473007,16.45574188232422,1269400,0.0,0.0
2022-01-07 00:00:00-05:00,16.404902090379156,16.735372214386764,16.379480689989293,16.54047966003418,1153400,0.0,0.0
2022-01-10 00:00:00-05:00,16.51505580496902,16.608265976332323,16.337110877324754,16.53200340270996,621200,0.0,0.0
2022-01-11 00:00:00-05:00,16.56589859887321,16.62521519675603,16.17611351005833,16.498109817504883,548800,0.0,0.0
2022-01-12 00:00:00-05:00,16.50658306258922,16.565898042267047,16.41337450147205,16.45574188232422,500700,0.0,0.0
2022-01-13 00:00:00-05:00,16.599791734086594,16.91331420286055,16.591317935442454,16.74384307861328,516800,0.0,0.0
2022-01-14 00:00:00-05:00,16.616743871086292,16.676058861588345,16.354060889988236,16.5065860748291,344100,0.0,0.0
2022-01-18 00:00:00-05:00,16.35405781514495,16.498109171942502,16.171875169306524,16.235427856445312,557800,0.0,0.0
2022-01-19 00:00:00-05:00,16.25237711495488,16.328639700824972,15.80327539996568,15.837170600891113,815000,0.0,0.0
2022-01-20 00:00:00-05:00,15.80327875149867,16.03630265053788,15.430439543308447,15.438913345336914,496600,0.0,0.0
2022-01-21 00:00:00-05:00,15.430434921315362,15.760906636587068,15.311804960875875,15.42196273803711,795800,0.0,0.0
2022-01-24 00:00:00-05:00,15.184703901078285,15.56601686488426,14.777971150493435,15.498228073120117,706600,0.0,0.0
2022-01-25 00:00:00-05:00,15.269438670568325,15.67617137788747,15.023703316430437,15.506698608398438,522200,0.0,0.0
2022-01-26 00:00:00-05:00,15.633806452975183,15.947329024774382,15.29486086067759,15.388071060180664,621500,0.0,0.0
2022-01-27 00:00:00-05:00,15.464332498886048,15.650751267721143,15.015230754068291,15.150808334350586,595100,0.0,0.0
2022-01-28 00:00:00-05:00,15.099967642148394,15.591436790879843,14.854233875888816,15.582962989807129,561400,0.0,0.0
2022-01-31 00:00:00-05:00,15.405016093038581,15.455857276916504,14.989809589576009,15.455857276916504,1258400,0.0,0.0
2022-02-01 00:00:00-05:00,15.396541445054881,15.540592804952073,15.083017326615579,15.34570026397705,855600,0.0,0.0
2022-02-02 00:00:00-05:00,15.28638399369665,15.625327865973453,15.28638399369665,15.515170097351074,698400,0.0,0.0
2022-02-03 00:00:00-05:00,15.405016573596543,15.523646545083043,15.193176415249422,15.210124015808105,630500,0.0,0.0
2022-02-04 00:00:00-05:00,14.989810102599304,15.167755060368211,14.667812155857257,14.947441101074219,622400,0.0,0.0
2022-02-07 00:00:00-05:00,14.97286441672597,15.04912701301147,14.862708231098226,14.913549423217773,406400,0.0,0.0
2022-02-08 00:00:00-05:00,14.879652459688211,15.1253878222893,14.879652459688211,14.964388847351074,481300,0.0,0.0
2022-02-09 00:00:00-05:00,15.091494722687282,15.24401991848176,15.053363423738663,15.201652526855469,747700,0.0,0.0
2022-02-10 00:00:00-05:00,14.922021204210745,15.405016504481257,14.828811017768317,14.9898099899292,798100,0.0,0.0
2022-02-11 00:00:00-05:00,15.040650993532067,15.244017348231553,14.735600653376778,14.87965202331543,698200,0.0,0.0
2022-02-14 00:00:00-05:00,14.888126867075652,14.964389457460296,14.37971013658211,14.676286697387695,985600,0.0,0.0
2022-02-15 00:00:00-05:00,14.845759651700162,14.964389630912544,14.727128056275529,14.820338249206543,760000,0.0,0.0
2022-02-16 00:00:00-05:00,15.854120261885118,16.00664546899756,15.515176255086633,15.820226669311523,4281900,0.0,0.0
2022-02-17 00:00:00-05:00,15.582958871806435,15.96427173825026,15.320277572818394,15.515170097351074,24270800,0.0,0.0
2022-02-18 00:00:00-05:00,15.41348945174279,15.735485762033198,15.29062177936127,15.37112045288086,1711800,0.0,0.0
2022-02-22 00:00:00-05:00,15.328756045512284,15.515174828052139,15.06607466643059,15.29486083984375,1064800,0.0,0.0
2022-02-23 00:00:00-05:00,15.413490420577254,15.515172791813159,14.922021316371318,14.947441101074219,716400,0.0,0.0
2022-02-24 00:00:00-05:00,14.608495969337124,15.354174172773666,14.557654787897548,15.30333137512207,974600,0.0,0.0
2022-02-25 00:00:00-05:00,15.413492919542447,15.701595711774075,15.23554631671119,15.693121910095215,901500,0.0,0.0
2022-02-28 00:00:00-05:00,15.40501975343552,15.650753547411194,15.218599341234167,15.438913345336914,1063500,0.0,0.0
2022-03-01 00:00:00-05:00,15.405015053806409,15.570250102421866,14.989808578353932,15.235542297363281,1012800,0.0,0.0
2022-03-02 00:00:00-05:00,15.354176284554741,15.650751230585913,15.218597088381896,15.574488639831543,652900,0.0,0.0
2022-03-03 00:00:00-05:00,15.710069246416676,15.76938424094807,15.455860049009072,15.752436637878418,788400,0.0,0.0
2022-03-04 00:00:00-05:00,15.582959916291868,15.743958872494144,15.362645980491905,15.701591491699219,618200,0.0,0.0
2022-03-07 00:00:00-05:00,15.727015014843396,15.727015014843396,15.260967250387576,15.29486083984375,738800,0.0,0.0
2022-03-08 00:00:00-05:00,15.388070716899573,15.760909890382113,15.294860519475856,15.743962287902832,851700,0.0,0.0
2022-03-09 00:00:00-05:00,15.938851410089965,16.20153434289683,15.659222494692315,15.701591491699219,811900,0.0,0.0
2022-03-10 00:00:00-05:00,15.464336389341279,15.62533541250958,15.320284972024936,15.591440200805664,689700,0.0,0.0
2022-03-11 00:00:00-05:00,15.684646581285996,15.794802759961046,15.447385006016017,15.55754280090332,687000,0.0,0.0
2022-03-14 00:00:00-04:00,15.668669011049474,15.677217307669027,15.343841891610806,15.514802932739258,582700,0.16,0.0
2022-03-15 00:00:00-04:00,15.7028579981085,15.839627446603323,15.506250489279314,15.745597839355469,859600,0.0,0.0
2022-03-16 00:00:00-04:00,15.96785303233463,16.070429331963606,15.625929316203235,15.976401329040527,727000,0.0,0.0
2022-03-17 00:00:00-04:00,15.890916847853795,16.113167626964685,15.80543552813106,15.933656692504883,614200,0.0,0.0
2022-03-18 00:00:00-04:00,15.97640012134199,16.138812855214137,15.771245907171304,16.130266189575195,1564600,0.0,0.0
2022-03-21 00:00:00-04:00,16.16445774339326,16.318323811626467,15.959303529222575,16.130266189575195,1164600,0.0,0.0
2022-03-22 00:00:00-04:00,16.292676483866643,16.50637896209834,16.23284005082905,16.284128189086914,779100,0.0,0.0
2022-03-23 00:00:00-04:00,16.198651202994117,16.22429446118839,16.019140243530273,16.019140243530273,528500,0.0,0.0
2022-03-24 00:00:00-04:00,16.06187705774867,16.06187705774867,15.784063218277579,15.83962631225586,506200,0.0,0.0
2022-03-25 00:00:00-04:00,15.831080500044003,16.220018958017143,15.831080500044003,16.173004150390625,427200,0.0,0.0
2022-03-28 00:00:00-04:00,16.18155347140439,16.18155347140439,15.976399268189107,16.155908584594727,445300,0.0,0.0
2022-03-29 00:00:00-04:00,16.378157692528713,16.72862962406869,16.318321259888304,16.720081329345703,1044300,0.0,0.0
2022-03-30 00:00:00-04:00,16.68589369065853,16.78846999052872,16.51920598055381,16.55767250061035,479000,0.0,0.0
2022-03-31 00:00:00-04:00,16.668793610002737,16.814111363101635,16.309773374724315,16.32686996459961,717400,0.0,0.0
2022-04-01 00:00:00-04:00,16.3354149515772,16.446539502422524,16.164452348285693,16.420894622802734,563000,0.0,0.0
2022-04-04 00:00:00-04:00,16.378158245353873,16.378158245353873,15.976398162335542,16.29267692565918,678300,0.0,0.0
2022-04-05 00:00:00-04:00,16.249935181971356,16.420896170960802,15.822530263867174,15.873818397521973,503800,0.0,0.0
2022-04-06 00:00:00-04:00,15.788342062352594,16.014867849006613,15.621654352639844,15.976401329040527,821500,0.0,0.0
2022-04-07 00:00:00-04:00,15.993489197412671,16.049052286143088,15.749868555836445,15.90800952911377,1286500,0.0,0.0
2022-04-08 00:00:00-04:00,15.908016659518198,16.08752599991104,15.77124717243197,15.959304809570312,901600,0.0,0.0
2022-04-11 00:00:00-04:00,16.010592076195586,16.155909852009025,15.831082745707649,15.942207336425781,640700,0.0,0.0
2022-04-12 00:00:00-04:00,15.993494976030648,16.386708440042437,15.95075512643884,16.24993896484375,1248400,0.0,0.0
2022-04-13 00:00:00-04:00,16.33541536110578,16.506376338263056,16.237112432395786,16.386703491210938,606000,0.0,0.0
2022-04-14 00:00:00-04:00,16.40380096435547,16.677339846922717,16.38670437658993,16.40380096435547,440400,0.0,0.0
2022-04-18 00:00:00-04:00,16.318324925827625,16.549124043936196,16.318324925827625,16.437997817993164,491700,0.0,0.0
2022-04-19 00:00:00-04:00,16.497831226504328,16.71153371197936,16.497831226504328,16.574764251708984,696200,0.0,0.0
2022-04-20 00:00:00-04:00,16.779915711552462,16.96797491163716,16.66024286089515,16.7542724609375,596500,0.0,0.0
2022-04-21 00:00:00-04:00,16.873947819205995,16.942332548375624,16.668793631697113,16.72863006591797,765000,0.0,0.0
2022-04-22 00:00:00-04:00,16.728633232253042,16.77992138123276,16.455094263800067,16.472190856933594,655500,0.0,0.0
2022-04-25 00:00:00-04:00,16.472189769646807,16.472189769646807,15.973835362603548,16.24993896484375,1549600,0.0,0.0
2022-04-26 00:00:00-04:00,16.15590802309856,16.403803695714373,16.108893214125175,16.224292755126953,1106600,0.0,0.0
2022-04-27 00:00:00-04:00,16.22429184719209,16.386706188078318,16.07042580113362,16.16445541381836,887600,0.0,0.0
2022-04-28 00:00:00-04:00,16.301224987591148,16.62177870904746,16.08752250662027,16.446542739868164,557900,0.0,0.0
2022-04-29 00:00:00-04:00,16.34396993528961,16.506382681438968,15.95075643892284,15.976401329040527,1323000,0.0,0.0
2022-05-02 00:00:00-04:00,16.03623598981108,16.14736057377143,15.36948359478685,15.643022537231445,857200,0.0,0.0
2022-05-03 00:00:00-04:00,15.660117226514618,16.0832488476253,15.59173249921012,16.00204086303711,769900,0.0,0.0
2022-05-04 00:00:00-04:00,16.078976953697758,16.591863321575083,15.916564214366245,16.50638198852539,1163900,0.0,0.0
2022-05-05 00:00:00-04:00,16.249939405181863,16.566218213741514,16.05333348305875,16.258487701416016,1174900,0.0,0.0
2022-05-06 00:00:00-04:00,16.33542294444116,16.53202889313083,15.899469560115584,16.147363662719727,852800,0.0,0.0
2022-05-09 00:00:00-04:00,15.993495336595545,16.121718149103188,15.31819624138036,15.378032684326172,855400,0.0,0.0
2022-05-10 00:00:00-04:00,15.548994268411846,15.66866714599912,14.813857150842766,15.053204536437988,1038100,0.0,0.0
2022-05-11 00:00:00-04:00,15.130136919685228,15.39512755033866,14.822404812848594,14.882241249084473,1026500,0.0,0.0
2022-05-12 00:00:00-04:00,14.916434485214083,15.241261553305083,14.779665021763071,15.224164962768555,1031000,0.0,0.0
2022-05-13 00:00:00-04:00,15.266902155147864,15.651565551757812,15.138679392524395,15.651565551757812,1187900,0.0,0.0
2022-05-16 00:00:00-04:00,15.634476999766797,16.228569738950288,15.566090628801561,16.10462188720703,1331100,0.0,0.0
2022-05-17 00:00:00-04:00,16.301223646521343,16.848301431065195,16.215742335081266,16.69443702697754,1072800,0.0,0.0
2022-05-18 00:00:00-04:00,16.549119481847676,16.685888929596793,16.117439587672923,16.181550979614258,1702800,0.0,0.0
2022-05-19 00:00:00-04:00,16.019139960672316,16.26703565497832,15.531898498535156,15.531898498535156,1320300,0.0,0.0
2022-05-20 00:00:00-04:00,15.685764479314589,15.702861071327536,14.608703638810129,14.950627326965332,1949000,0.0,0.0
2022-05-23 00:00:00-04:00,15.121593560375961,15.309651225705233,14.830957949144548,15.147236824035645,1244800,0.0,0.0
2022-05-24 00:00:00-04:00,15.130138741073969,15.643023473649382,14.779666746284395,15.6002836227417,1881000,0.0,0.0
2022-05-25 00:00:00-04:00,15.591733113809132,15.890916918967307,15.472060243914092,15.771244049072266,904100,0.0,0.0
2022-05-26 00:00:00-04:00,15.925112258517302,16.05333508439918,15.805439360143241,15.831084251403809,720000,0.0,0.0
2022-05-27 00:00:00-04:00,15.967848157233439,16.078972719641165,15.916560023077594,16.053329467773438,752000,0.0,0.0
2022-05-31 00:00:00-04:00,15.873821331108026,16.15163523138572,15.788340005605608,16.113168716430664,1465200,0.0,0.0
2022-06-01 00:00:00-04:00,16.164457070209185,16.164457070209185,15.395128391503341,15.617379188537598,1001000,0.0,0.0
2022-06-02 00:00:00-04:00,15.531899151496635,15.813986411457146,15.386581373309655,15.788341522216797,605300,0.0,0.0
2022-06-03 00:00:00-04:00,15.685763923746546,15.78834021134962,15.50625297481012,15.617379188537598,609500,0.0,0.0
2022-06-06 00:00:00-04:00,15.77979218805054,15.822533667306907,15.463513393657031,15.506253242492676,1064600,0.0,0.0
2022-06-07 00:00:00-04:00,15.378030472186824,15.566088070167288,15.185697911513309,15.548993110656738,1056700,0.0,0.0
2022-06-08 00:00:00-04:00,15.39512765685867,15.403675952154456,15.027559111242924,15.164328575134277,824800,0.0,0.0
2022-06-09 00:00:00-04:00,15.155779148594252,15.155779148594252,14.54031660702197,14.583056449890137,874500,0.0,0.0
2022-06-10 00:00:00-04:00,14.335164266438095,14.557415064803886,14.206943090955715,14.241134643554688,1259100,0.0,0.0
2022-06-13 00:00:00-04:00,13.907758048967805,13.941949598586524,13.112784547680713,13.155525207519531,875300,0.0,0.0
2022-06-14 00:00:00-04:00,13.1382504511989,13.190078231483197,12.740906881601363,12.87911319732666,1110500,0.16,0.0
2022-06-15 00:00:00-04:00,13.034594491032696,13.267817420986153,12.909344514302944,13.000042915344238,1633000,0.0,0.0
2022-06-16 00:00:00-04:00,12.67180470390971,12.775459448721433,12.434262683354682,12.550873756408691,995200,0.0,0.0
2022-06-17 00:00:00-04:00,12.697717636647841,12.887751739162471,12.520640685591475,12.79273509979248,1489200,0.0,0.0
2022-06-21 00:00:00-04:00,12.965492880454871,13.038915090490045,12.76682067880543,12.922303199768066,1118900,0.0,0.0
2022-06-22 00:00:00-04:00,12.689076792735857,13.05186871739769,12.654525220090658,12.861835479736328,987300,0.0,0.0
2022-06-23 00:00:00-04:00,12.896388276684476,13.082103306198483,12.810008924983922,13.069146156311035,1336200,0.0,0.0
2022-06-24 00:00:00-04:00,13.190078619197319,13.639249158507617,13.164164316406124,13.55286979675293,2153500,0.0,0.0
2022-06-27 00:00:00-04:00,13.578782604343855,13.829281737319668,13.431938199795148,13.6651611328125,830500,0.0,0.0
2022-06-28 00:00:00-04:00,13.855197408296618,14.027954482329061,13.50104268807381,13.544232368469238,788000,0.0,0.0
2022-06-29 00:00:00-04:00,13.466489567490866,13.526954618860438,13.181438862784958,13.293731689453125,784800,0.0,0.0
2022-06-30 00:00:00-04:00,13.138251304626465,13.293733831804484,12.93094181757222,13.138251304626465,916300,0.0,0.0
2022-07-01 00:00:00-04:00,13.04323392043221,13.354198133325797,13.00868234122181,13.31100845336914,703000,0.0,0.0
2022-07-05 00:00:00-04:00,13.06050883145253,13.26781829930703,12.85319936359803,13.259181022644043,782400,0.0,0.0
2022-07-06 00:00:00-04:00,13.146887290396952,13.362834843940647,12.835922286078326,12.870473861694336,640700,0.0,0.0
2022-07-07 00:00:00-04:00,13.000043153115515,13.086421682029256,12.89638842415429,12.974129676818848,411100,0.0,0.0
2022-07-08 00:00:00-04:00,13.017319672534603,13.017319672534603,12.689079256778253,12.784096717834473,686300,0.0,0.0
2022-07-11 00:00:00-04:00,12.749544164306332,12.827285417857826,12.576786280733327,12.654526710510254,557800,0.0,0.0
2022-07-12 00:00:00-04:00,12.576787401822921,13.043234140936189,12.576787401822921,12.922303199768066,531600,0.0,0.0
2022-07-13 00:00:00-04:00,12.714994386858265,12.79273565141073,12.516322174804785,12.550873756408691,1034000,0.0,0.0
2022-07-14 00:00:00-04:00,12.283097592313963,12.48176895450984,12.283097592313963,12.326287269592285,721000,0.0,0.0
2022-07-15 00:00:00-04:00,12.524958653889355,12.594061808146778,12.278778563875461,12.559510231018066,1039100,0.0,0.0
2022-07-18 00:00:00-04:00,12.671803019869685,12.896388682335747,12.619975242464218,12.853199005126953,810500,0.0,0.0
2022-07-19 00:00:00-04:00,13.06050859648029,13.354197415877696,13.06050859648029,13.285094261169434,538100,0.0,0.0
2022-07-20 00:00:00-04:00,13.20735111549958,13.570143037670292,13.181437642137235,13.483763694763184,589800,0.0,0.0
2022-07-21 00:00:00-04:00,13.345559142598782,13.475128173828125,13.069146527348835,13.475128173828125,600700,0.0,0.0
2022-07-22 00:00:00-04:00,13.535592468292327,13.630609093511604,13.388748068733289,13.518316268920898,655800,0.0,0.0
2022-07-25 00:00:00-04:00,13.49240188017818,13.665159743323812,13.431936834020826,13.647884368896484,618300,0.0,0.0
2022-07-26 00:00:00-04:00,13.587418981431941,13.699711802407556,13.466488884823201,13.5010404586792,848600,0.0,0.0
2022-07-27 00:00:00-04:00,13.466490096499953,13.751540812403611,13.466490096499953,13.708351135253906,815100,0.0,0.0
2022-07-28 00:00:00-04:00,13.812006778922774,14.14024801744272,13.812006778922774,14.131609916687012,546200,0.0,0.0
2022-07-29 00:00:00-04:00,14.07978111499328,14.34755729202284,14.071144661907763,14.1920747756958,568600,0.0,0.0
2022-08-01 00:00:00-04:00,14.027955224231093,14.192075853658709,13.907025101257775,14.062507629394531,453400,0.0,0.0
2022-08-02 00:00:00-04:00,13.941574917323628,14.002039974726761,13.604697227478027,13.604697227478027,710900,0.0,0.0
2022-08-03 00:00:00-04:00,13.66516363742337,14.01931756373717,13.55287078843551,13.587422370910645,1090400,0.0,0.0
2022-08-04 00:00:00-04:00,13.561506151873449,13.794729904322786,13.51831647655603,13.786091804504395,1189300,0.0,0.0
2022-08-05 00:00:00-04:00,13.742903750320238,13.803368808632447,13.50104269329676,13.77745532989502,1124000,0.0,0.0
2022-08-08 00:00:00-04:00,13.881109300079686,14.131609267846006,13.881109300079686,14.0452299118042,777400,0.0,0.0
2022-08-09 00:00:00-04:00,14.002037899165138,14.002037899165138,13.691074557536961,13.829280853271484,1313800,0.0,0.0
2022-08-10 00:00:00-04:00,14.036590652135702,14.26981439992142,13.88110815361189,14.200711250305176,1077300,0.0,0.0
2022-08-11 00:00:00-04:00,14.399383282915839,14.563503888874623,14.226624576901422,14.295727729797363,647500,0.0,0.0
2022-08-12 00:00:00-04:00,14.416661607955415,14.623971097199401,14.416661607955415,14.59805679321289,515000,0.0,0.0
2022-08-15 00:00:00-04:00,14.485762476296937,14.81400203704834,14.459848176415601,14.81400203704834,1342000,0.0,0.0
2022-08-16 00:00:00-04:00,14.736260576242096,15.146561257032042,14.706028050583276,14.969484329223633,1430900,0.0,0.0
2022-08-17 00:00:00-04:00,14.796726139385898,14.865829292931954,14.615330979158431,14.727622985839844,600600,0.0,0.0
2022-08-18 00:00:00-04:00,14.788090420567258,14.939253061590675,14.69307296189584,14.883106231689453,717100,0.0,0.0
2022-08-19 00:00:00-04:00,14.805362807462673,14.805362807462673,14.477123271755415,14.580777168273926,1167300,0.0,0.0
2022-08-22 00:00:00-04:00,14.442571952363853,14.464168026003437,14.05386734008789,14.05386734008789,1733800,0.0,0.0
2022-08-23 00:00:00-04:00,13.984764014124973,14.243900419085783,13.958849714609258,14.019314765930176,584200,0.0,0.0
2022-08-24 00:00:00-04:00,13.958851414915452,14.222307725661297,13.958851414915452,14.079781532287598,537600,0.0,0.0
2022-08-25 00:00:00-04:00,14.157523943265819,14.39074774362155,14.062508120844512,14.382109642028809,722800,0.0,0.0
2022-08-26 00:00:00-04:00,14.347556148055917,14.494400552039929,14.045229240141877,14.05386734008789,613600,0.0,0.0
2022-08-29 00:00:00-04:00,13.941573814746013,14.066823793775178,13.881108762124795,13.93293571472168,609300,0.0,0.0
2022-08-30 00:00:00-04:00,14.053868748433649,14.053868748433649,13.716990230751332,13.742903709411621,583900,0.0,0.0
2022-08-31 00:00:00-04:00,13.829284272011286,13.941576297224442,13.56150888999797,13.587422370910645,710700,0.0,0.0
2022-09-01 00:00:00-04:00,13.45785281054931,13.630610705825852,13.311008393620593,13.604697227478027,803200,0.0,0.0
2022-09-02 00:00:00-04:00,13.786092980903996,13.859515188076534,13.526955730661236,13.630610466003418,803900,0.0,0.0
2022-09-06 00:00:00-04:00,13.72562700889256,13.742902385076468,13.492403252100654,13.6651611328125,912200,0.0,0.0
2022-09-07 00:00:00-04:00,13.656523906205525,13.941573792584396,13.61333422992707,13.924299240112305,647900,0.0,0.0
2022-09-08 00:00:00-04:00,13.80336787438728,14.062505939321015,13.716989343183949,13.907023429870605,609700,0.0,0.0
2022-09-09 00:00:00-04:00,13.984764469946604,14.187754056347517,13.958850169586235,14.166159629821777,492200,0.0,0.0
2022-09-12 00:00:00-04:00,14.28709173148082,14.399383740675592,14.213668702448363,14.338918685913086,562500,0.0,0.0
2022-09-13 00:00:00-04:00,13.993403564072333,14.075463049718799,13.570145689640913,13.639248847961426,809900,0.0,0.0
2022-09-14 00:00:00-04:00,13.613067555163871,13.630519772701094,13.377456376857237,13.517077445983887,880900,0.16,0.0
2022-09-15 00:00:00-04:00,13.490901166282113,13.674154061014697,13.30764827154953,13.333827018737793,792100,0.0,0.0
2022-09-16 00:00:00-04:00,13.272741024835335,13.412362098693848,13.080761632176259,13.412362098693848,2645500,0.0,0.0
2022-09-19 00:00:00-04:00,13.237835307730586,13.538893758164436,13.185476990704483,13.517077445983887,612300,0.0,0.0
2022-09-20 00:00:00-04:00,13.4385428134498,13.4385428134498,13.019679530426238,13.106943130493164,559800,0.0,0.0
2022-09-21 00:00:00-04:00,13.237835855767027,13.342551661947171,12.853877067565918,12.853877067565918,648100,0.0,0.0
2022-09-22 00:00:00-04:00,12.792794633372356,12.836426432714665,12.295394284609163,12.382657051086426,722800,0.0,0.0
2022-09-23 00:00:00-04:00,12.190677479376278,12.229946012387085,11.959429544113442,12.15577220916748,790200,0.0,0.0
2022-09-26 00:00:00-04:00,12.05105669677297,12.094687661458254,11.510023746836545,11.632192611694336,951400,0.0,0.0
2022-09-27 00:00:00-04:00,11.754360988617803,11.819808265136258,11.553655064126298,11.71945571899414,1665000,0.0,0.0
2022-09-28 00:00:00-04:00,11.85907675118013,12.090323849456157,11.728181366447082,12.007424354553223,870100,0.0,0.0
2022-09-29 00:00:00-04:00,11.780540220506094,11.793630009234619,11.304955382064634,11.440213203430176,1231100,0.0,0.0
2022-09-30 00:00:00-04:00,11.510023345574947,11.776176548354558,11.407052674669407,11.640918731689453,1727700,0.0,0.0
2022-10-03 00:00:00-04:00,11.893982313054988,11.928887583400417,11.518750032686164,11.675824165344238,952300,0.0,0.0
2022-10-04 00:00:00-04:00,11.902708948276267,12.13831931722525,11.832898406942695,11.998698234558105,981300,0.0,0.0
2022-10-05 00:00:00-04:00,11.728182779513054,11.963794001095712,11.553656411048511,11.920162200927734,747200,0.0,0.0
2022-10-06 00:00:00-04:00,11.797993659973145,11.963793494948188,11.763087555549625,11.797993659973145,785200,0.0,0.0
2022-10-07 00:00:00-04:00,11.702003399463388,11.754361723274952,11.457666496826507,11.588561058044434,566500,0.0,0.0
2022-10-10 00:00:00-04:00,11.64091999904255,11.745635820010254,11.492572377953127,11.501298904418945,727900,0.0,0.0
2022-10-11 00:00:00-04:00,11.48384625658144,11.802356993952968,11.392220222080343,11.702004432678223,1042100,0.0,0.0
2022-10-12 00:00:00-04:00,11.702003562406484,11.763087580864429,11.536203727074628,11.623466491699219,619800,0.0,0.0
2022-10-13 00:00:00-04:00,11.422761824280588,11.972520508210428,11.265687676812815,11.9027099609375,810800,0.0,0.0
2022-10-14 00:00:00-04:00,12.068509063336712,12.173224877831169,11.588560956081633,11.649645805358887,657000,0.0,0.0
2022-10-17 00:00:00-04:00,11.937615234573965,12.068509802658863,11.797994140028107,11.9027099609375,1024400,0.0,0.0
2022-10-18 00:00:00-04:00,12.129593365170622,12.225583488199568,11.937614783527403,12.024877548217773,630100,0.0,0.0
2022-10-19 00:00:00-04:00,11.876529095163917,12.020513437344778,11.606013461833706,11.640918731689453,937200,0.0,0.0
2022-10-20 00:00:00-04:00,11.623465897658267,11.719456015709081,11.287502981102298,11.387855529785156,1351600,0.0,0.0
2022-10-21 00:00:00-04:00,11.448939255255315,11.754360988617803,11.339860183655466,11.71945571899414,999800,0.0,0.0
2022-10-24 00:00:00-04:00,11.815445899963379,11.859077698359247,11.636556275526923,11.815445899963379,970100,0.0,0.0
2022-10-25 00:00:00-04:00,11.841625511206884,12.395747477238864,11.841625511206884,12.312847137451172,751100,0.0,0.0
2022-10-26 00:00:00-04:00,12.43501429082957,12.469919560813784,12.199403094280674,12.234309196472168,663900,0.0,0.0
2022-10-27 00:00:00-04:00,12.382656565109459,12.54845722966165,12.251762004427054,12.27794075012207,662100,0.0,0.0
2022-10-28 00:00:00-04:00,12.269215135577808,12.44374149501695,12.208130285618614,12.391383171081543,1002800,0.0,0.0
2022-10-31 00:00:00-04:00,12.312844824978427,12.465555685735984,12.2517608135583,12.321571350097656,1816800,0.0,0.0
2022-11-01 00:00:00-04:00,12.443740349788433,12.557182681035325,12.2910294872558,12.339024543762207,1231300,0.0,0.0
2022-11-02 00:00:00-04:00,12.243036408170097,12.461194580678795,11.9899729613483,12.051057815551758,1220000,0.0,0.0
2022-11-03 00:00:00-04:00,11.440212841083603,12.17322434251821,11.326770505651362,12.042329788208008,1362700,0.0,0.0
2022-11-04 00:00:00-04:00,12.304120801606262,12.600815206053214,12.195041719436729,12.574636459350586,1124600,0.0,0.0
2022-11-07 00:00:00-05:00,12.705531118509844,12.766615134666674,12.299756823279926,12.513551712036133,1098900,0.0,0.0
2022-11-08 00:00:00-05:00,12.504825913338673,12.644447005362498,12.318082744367173,12.574636459350586,1704200,0.0,0.0
2022-11-09 00:00:00-05:00,12.548456510987448,12.626993575781851,12.33902489300722,12.426287651062012,1250000,0.0,0.0
2022-11-10 00:00:00-05:00,12.949867520390692,13.325099793200533,12.914962250748424,13.115667343139648,1226400,0.0,0.0
2022-11-11 00:00:00-05:00,13.150572295987093,13.298919896444888,13.063309540087202,13.237835884094238,832100,0.0,0.0
2022-11-14 00:00:00-05:00,13.133121328950743,13.255289365291626,13.045857732529543,13.09821605682373,738200,0.0,0.0
2022-11-15 00:00:00-05:00,13.30764827154953,13.412364092509954,13.176753703400843,13.333827018737793,611600,0.0,0.0
2022-11-16 00:00:00-05:00,13.281468387925269,13.298920607155013,13.019678441820725,13.089488983154297,689100,0.0,0.0
2022-11-17 00:00:00-05:00,12.932416174274092,13.067674840149639,12.80588486721868,13.063311576843262,1030100,0.0,0.0
2022-11-18 00:00:00-05:00,13.36873067763131,13.416725735185455,13.176752111829273,13.194204330444336,903600,0.0,0.0
2022-11-21 00:00:00-05:00,13.098216870084318,13.20729595627981,13.02404305818309,13.080763816833496,422900,0.0,0.0
2022-11-22 00:00:00-05:00,13.16802521944145,13.45163062974246,13.124393425808854,13.412362098693848,946800,0.0,0.0
2022-11-23 00:00:00-05:00,13.438542346119656,13.525805943151958,13.312011045850888,13.421090126037598,518400,0.0,0.0
2022-11-25 00:00:00-05:00,13.438542204376336,13.477810739405953,13.386184712475067,13.403636932373047,217100,0.0,0.0
2022-11-28 00:00:00-05:00,13.333827263518739,13.403637812107263,13.019679794870383,13.080763816833496,951200,0.0,0.0
2022-11-29 00:00:00-05:00,13.080763245202771,13.665427188237318,12.976047426896079,13.647974967956543,1119700,0.0,0.0
2022-11-30 00:00:00-05:00,13.595615494139068,13.73523657341944,13.41236261953176,13.726510047912598,1300800,0.0,0.0
2022-12-01 00:00:00-05:00,13.813775538607427,13.927217889178184,13.351280441824642,13.499628067016602,1114800,0.0,0.0
2022-12-02 00:00:00-05:00,13.325099321888292,13.5170778820268,13.29019322127339,13.394909858703613,683300,0.0,0.0
2022-12-05 00:00:00-05:00,13.229110394814677,13.255289140413979,12.936778433632636,12.967320442199707,759700,0.0,0.0
2022-12-06 00:00:00-05:00,12.91496278909994,13.037130821836735,12.86260446635038,12.932415008544922,888000,0.0,0.0
2022-12-07 00:00:00-05:00,12.888783963870708,13.089489063383077,12.801520370565234,13.01095199584961,993400,0.0,0.0
2022-12-08 00:00:00-05:00,13.002225008750457,13.159299138244302,12.98477279003296,13.115667343139648,909700,0.0,0.0
2022-12-09 00:00:00-05:00,13.063310179765649,13.202931261808182,13.010951857896053,13.185478210449219,866300,0.0,0.0
2022-12-12 00:00:00-05:00,13.298920526614893,13.298920526614893,12.984773092516336,13.168025970458984,818300,0.0,0.0
2022-12-13 00:00:00-05:00,13.630519897138761,13.735235699939736,13.18111384860326,13.342551231384277,1336700,0.0,0.0
2022-12-14 00:00:00-05:00,13.360191555649111,13.593884983916553,13.27641538033365,13.430740356445312,1240700,0.16,0.0
2022-12-15 00:00:00-05:00,13.183817977641775,13.219092373823111,12.848710793415103,12.980990409851074,1391700,0.0,0.0
2022-12-16 00:00:00-05:00,12.716433128716005,12.883986314960461,12.447465308710099,12.654703140258789,1867400,0.0,0.0
2022-12-19 00:00:00-05:00,12.645884643587493,12.707614633574533,12.443056212046018,12.478330612182617,594100,0.0,0.0
2022-12-20 00:00:00-05:00,12.381324877376043,12.540060081255206,12.293138466108076,12.41659927368164,676600,0.0,0.0
2022-12-21 00:00:00-05:00,12.531241456671548,12.689976662890901,12.407780647277832,12.407780647277832,607200,0.0,0.0
2022-12-22 00:00:00-05:00,12.257864444196738,12.28432087298996,11.953623082146438,12.160860061645508,1099400,0.0,0.0
2022-12-23 00:00:00-05:00,12.09912945801173,12.513603395823402,12.09912945801173,12.469511032104492,510800,0.0,0.0
2022-12-27 00:00:00-05:00,12.504785170689813,12.619427164220335,12.407779954082802,12.557696342468262,537500,0.0,0.0
2022-12-28 00:00:00-05:00,12.584152047637314,12.606198227779288,12.257862862682643,12.266681671142578,899500,0.0,0.0
2022-12-29 00:00:00-05:00,12.407780209083745,12.518012800396878,12.337231417923974,12.469511032104492,573000,0.0,0.0
2022-12-30 00:00:00-05:00,12.319594712726564,12.509194905455875,12.310775903528008,12.42541790008545,625600,0.0,0.0
2023-01-03 00:00:00-05:00,12.56651496887207,12.742886940584484,12.416598582664543,12.56651496887207,757600,0.0,0.0
2023-01-04 00:00:00-05:00,12.725250827284396,13.144134176811777,12.637064416327084,12.980990409851074,1061800,0.0,0.0
2023-01-05 00:00:00-05:00,12.945716132765579,12.945716132765579,12.518013128998223,12.575334548950195,715900,0.0,0.0
2023-01-06 00:00:00-05:00,12.654701531028373,12.972171084019188,12.628245104189872,12.919259071350098,781700,0.0,0.0
2023-01-09 00:00:00-05:00,12.857528417866273,12.963351596658473,12.667928240485633,12.707612037658691,566900,0.0,0.0
2023-01-10 00:00:00-05:00,12.58415332283579,12.601790100534995,12.33723170698333,12.495966911315918,821200,0.0,0.0
2023-01-11 00:00:00-05:00,12.68115853212096,13.232321537649472,12.663520912260205,13.219093322753906,1228100,0.0,0.0
2023-01-12 00:00:00-05:00,13.333734253804788,13.668841435069377,13.183817861107263,13.624748229980469,562100,0.0,0.0
2023-01-13 00:00:00-05:00,13.4924684422258,13.712933610102011,13.483649633668861,13.668840408325195,615200,0.0,0.0
2023-01-17 00:00:00-05:00,13.695298224590154,13.783484642513464,13.598293837680922,13.774665832519531,447700,0.0,0.0
2023-01-18 00:00:00-05:00,13.818758320563363,13.871669495750591,13.289641522643288,13.40428352355957,823900,0.0,0.0
2023-01-19 00:00:00-05:00,13.351371176173991,13.439556740746344,13.192635982532707,13.333733558654785,726500,0.0,0.0
2023-01-20 00:00:00-05:00,13.377827023356165,13.510105793308396,13.166180655029432,13.483650207519531,632400,0.0,0.0
2023-01-23 00:00:00-05:00,13.421919697411699,13.80111921544945,13.395463271658835,13.748208045959473,563100,0.0,0.0
2023-01-24 00:00:00-05:00,13.629158329904602,13.867261144927157,13.629158329904602,13.677660942077637,417200,0.0,0.0
2023-01-25 00:00:00-05:00,13.65120484870855,13.668842468480753,13.505697849619882,13.580656051635742,1352100,0.0,0.0
2023-01-26 00:00:00-05:00,13.695296398886521,13.748208410788472,13.474831224476207,13.730570793151855,793100,0.0,0.0
2023-01-27 00:00:00-05:00,13.730570802519479,14.003947989018254,13.712934025878727,13.933399200439453,722100,0.0,0.0
2023-01-30 00:00:00-05:00,13.809939723084849,13.889307328092366,13.65120451306981,13.677660942077637,445900,0.0,0.0
2023-01-31 00:00:00-05:00,13.677660640742813,13.964265220616191,13.624748624900853,13.889307022094727,1654600,0.0,0.0
2023-02-01 00:00:00-05:00,13.836394890135333,14.233232062091835,13.748209319149419,14.092134475708008,1501100,0.0,0.0
2023-02-02 00:00:00-05:00,14.26850703728682,14.594794569042774,14.21559586386994,14.383148193359375,1188300,0.0,0.0
2023-02-03 00:00:00-05:00,14.206776029680702,14.255278635986896,14.048040838866163,14.189138412475586,902000,0.0,0.0
2023-02-06 00:00:00-05:00,14.118591568057823,14.127410377873643,13.818758762383903,14.065679550170898,980200,0.0,0.0
2023-02-07 00:00:00-05:00,13.933400903218802,14.334646661666415,13.836395676312168,14.18032169342041,1465600,0.0,0.0
2023-02-08 00:00:00-05:00,14.065677391478722,14.206775803853155,14.01717562695138,14.118589401245117,862000,0.0,0.0
2023-02-09 00:00:00-05:00,14.197958938453167,14.206777748122443,13.677660942077637,13.677660942077637,1190000,0.0,0.0
2023-02-10 00:00:00-05:00,13.58947484668099,13.818758857421221,13.545381638306637,13.78348445892334,1340200,0.0,0.0
2023-02-13 00:00:00-05:00,13.871669544891631,14.034814157814123,13.783483972264527,14.003949165344238,626200,0.0,0.0
2023-02-14 00:00:00-05:00,13.809939195836094,14.233231951704688,13.704116006868944,14.056859970092773,1270000,0.0,0.0
2023-02-15 00:00:00-05:00,13.942219106169428,14.13181846476177,13.88930709006852,14.048042297363281,805700,0.0,0.0
2023-02-16 00:00:00-05:00,13.82757670672063,14.092134256572404,13.748209105361921,14.021585464477539,773600,0.0,0.0
2023-02-17 00:00:00-05:00,14.039221902781813,14.039221902781813,13.862849937371562,13.951035499572754,699600,0.0,0.0
2023-02-21 00:00:00-05:00,13.79230141915975,13.871668174380373,13.452784853519086,13.501287460327148,620100,0.0,0.0
2023-02-22 00:00:00-05:00,13.448375812798409,13.651203372192883,13.3998732046789,13.483650207519531,937500,0.0,0.0
2023-02-23 00:00:00-05:00,13.607110430442374,13.695295992988136,13.360188836895347,13.668840408325195,769700,0.0,0.0
2023-02-24 00:00:00-05:00,13.49246862214465,13.668840590595922,13.42191983476414,13.660021781921387,749000,0.0,0.0
2023-02-27 00:00:00-05:00,13.87166832927729,13.880487138069572,13.492468802295953,13.651203155517578,1267800,0.0,0.0
2023-02-28 00:00:00-05:00,13.64238687983045,13.814349467569421,13.580656051635742,13.580656051635742,962600,0.0,0.0
2023-03-01 00:00:00-05:00,13.53656148917141,13.571835881987822,13.263184314088331,13.554198265075684,555800,0.0,0.0
2023-03-02 00:00:00-05:00,13.448376581424183,13.53656299377113,13.395464565814422,13.492469787597656,575200,0.0,0.0
2023-03-03 00:00:00-05:00,13.633566856384277,13.673250656331371,13.496878679348688,13.633566856384277,898100,0.0,0.0
2023-03-06 00:00:00-05:00,13.63356785382963,13.686479871299493,13.430739434704472,13.510107040405273,1047100,0.0,0.0
2023-03-07 00:00:00-05:00,13.510106502581444,13.554199708549692,12.954534125800599,13.095632553100586,1312600,0.0,0.0
2023-03-08 00:00:00-05:00,13.077994639249193,13.23672984075038,13.007445847694871,13.104450225830078,1354100,0.0,0.0
2023-03-09 00:00:00-05:00,13.122087131547282,13.148542716691336,12.813435554504395,12.813435554504395,900800,0.0,0.0
2023-03-10 00:00:00-05:00,12.760525420807486,12.778162198666935,12.240227438330393,12.328413009643555,906600,0.0,0.0
2023-03-13 00:00:00-04:00,12.107946457719791,12.443053609429763,12.028579704768994,12.390142440795898,1638900,0.0,0.0
2023-03-14 00:00:00-04:00,12.845071442963787,12.898592949699978,12.461503905687135,12.595306396484375,845500,0.16,0.0
2023-03-15 00:00:00-04:00,12.274182428420744,12.595308982688572,12.274182428420744,12.58638858795166,1571800,0.0,0.0
2023-03-16 00:00:00-04:00,12.434743971473711,12.434743971473711,11.94859441921766,12.300941467285156,1866300,0.0,0.0
2023-03-17 00:00:00-04:00,12.220660347267525,12.220660347267525,11.948595125900475,11.98873519897461,2105400,0.0,0.0
2023-03-20 00:00:00-04:00,12.086856987119951,12.515025676361784,12.086856987119951,12.399063110351562,1153500,0.0,0.0
2023-03-21 00:00:00-04:00,12.59530776406322,12.876294216220183,12.581927173252456,12.711270332336426,1595100,0.0,0.0
2023-03-22 00:00:00-04:00,12.639908245651432,12.639908245651432,12.086856613782222,12.113616943359375,1263400,0.0,0.0
2023-03-23 00:00:00-04:00,12.14037998550144,12.586389548019877,12.113619649945138,12.21174144744873,1273400,0.0,0.0
2023-03-24 00:00:00-04:00,12.15821809873156,12.675589009256685,12.095777045953005,12.657748222351074,1518100,0.0,0.0
2023-03-27 00:00:00-04:00,12.845071442963787,12.862912228774348,12.528405151085755,12.595306396484375,1173800,0.0,0.0
2023-03-28 00:00:00-04:00,12.48826554427052,12.72911107381533,12.425824488771754,12.675589561462402,807800,0.0,0.0
2023-03-29 00:00:00-04:00,12.836154156174143,12.903055413327877,12.702350791171035,12.845073699951172,856600,0.0,0.0
2023-03-30 00:00:00-04:00,13.005636478858627,13.072537731285943,12.764791799981175,12.880753517150879,717000,0.0,0.0
2023-03-31 00:00:00-04:00,13.02347672369961,13.451645401943985,13.02347672369961,13.433805465698242,1359500,0.0,0.0
2023-04-03 00:00:00-04:00,13.451646536748143,13.612210229982988,13.184040664921943,13.23756217956543,1273200,0.0,0.0
2023-04-04 00:00:00-04:00,13.255399954563915,13.273240740099377,12.95657360240872,13.05915641784668,1169200,0.0,0.0
2023-04-05 00:00:00-04:00,12.97887656177056,13.050238013393985,12.889674321893477,12.996716499328613,589600,0.0,0.0
2023-04-06 00:00:00-04:00,13.085917294429072,13.16619913131565,12.943194406939826,13.148358345031738,585300,0.0,0.0
2023-04-10 00:00:00-04:00,13.085917748943231,13.210800705181647,12.88967334648159,13.09483814239502,840900,0.0,0.0
2023-04-11 00:00:00-04:00,13.157278186205296,13.21079969211621,12.983334780711916,13.05915641784668,746100,0.0,0.0
2023-04-12 00:00:00-04:00,13.21972204375663,13.21972204375663,12.809393246884643,12.853994369506836,890600,0.0,0.0
2023-04-13 00:00:00-04:00,12.93427622008765,12.93427622008765,12.622069212427961,12.853994369506836,718700,0.0,0.0
2023-04-14 00:00:00-04:00,12.88075323526734,12.978875863995952,12.5417867836275,12.666668891906738,846000,0.0,0.0
2023-04-17 00:00:00-04:00,12.720191453204023,12.92535541985459,12.613149272686908,12.871834754943848,1379800,0.0,0.0
2023-04-18 00:00:00-04:00,12.89859390258789,13.032396403269836,12.791551731903224,12.89859390258789,1014500,0.0,0.0
2023-04-19 00:00:00-04:00,12.782631269888666,13.201880407513555,12.7201902166642,13.166199684143066,2386700,0.0,0.0
2023-04-20 00:00:00-04:00,13.05023657255676,13.228640181918317,13.01009565411347,13.148358345031738,1147800,0.0,0.0
2023-04-21 00:00:00-04:00,13.192958224947404,13.192958224947404,12.94319319522373,13.139436721801758,712500,0.0,0.0
2023-04-24 00:00:00-04:00,13.157278489626496,13.157278489626496,12.8316918023552,12.969954490661621,473400,0.0,0.0
2023-04-25 00:00:00-04:00,12.853992690639714,12.961034860534744,12.787091440792263,12.827232360839844,695900,0.0,0.0
2023-04-26 00:00:00-04:00,12.684508573701155,12.88967250553374,12.506104969782497,12.559625625610352,580900,0.0,0.0
2023-04-27 00:00:00-04:00,12.568546538239772,12.831692183912725,12.559626145001074,12.746950149536133,573600,0.0,0.0
2023-04-28 00:00:00-04:00,12.711270389095219,13.210801389218352,12.711270389095219,13.085918426513672,1057700,0.0,0.0
2023-05-01 00:00:00-04:00,13.04131712258892,13.130519359068739,12.867373697218405,12.943195343017578,629900,0.0,0.0
2023-05-02 00:00:00-04:00,12.853992546411341,12.916433598808934,12.581926502629477,12.720190048217773,1085500,0.0,0.0
2023-05-03 00:00:00-04:00,12.809391708013948,13.090378151290176,12.720190324181528,12.729110717773438,1173700,0.0,0.0
2023-05-04 00:00:00-04:00,12.63098795735118,12.934274530734873,12.541786574453097,12.827232360839844,1087800,0.0,0.0
2023-05-05 00:00:00-04:00,13.023477726740571,13.094839178610744,12.81831291459212,13.032397270202637,685600,0.0,0.0
2023-05-08 00:00:00-04:00,12.99671476897091,13.063616865319311,12.827231556603849,12.934273719787598,766400,0.0,0.0
2023-05-09 00:00:00-04:00,12.70234835952289,12.853991633746174,12.506104822865504,12.75586986541748,1022600,0.0,0.0
2023-05-10 00:00:00-04:00,12.916435110297245,12.987797415139612,12.648830082594822,12.809392929077148,786300,0.0,0.0
2023-05-11 00:00:00-04:00,12.666669442947438,12.742491090856413,12.599768189073776,12.684510231018066,662300,0.0,0.0
2023-05-12 00:00:00-04:00,12.702349892291076,12.72911107381533,12.568547387452124,12.675589561462402,508400,0.0,0.0
2023-05-15 00:00:00-04:00,12.675588753225238,12.88075269432245,12.622067244285018,12.782630920410156,585800,0.0,0.0
2023-05-16 00:00:00-04:00,12.755872948869778,12.8361548017703,12.211740768408758,12.220661163330078,726500,0.0,0.0
2023-05-17 00:00:00-04:00,12.327702254624944,12.515026277845097,12.225120274234186,12.452585220336914,807300,0.0,0.0
2023-05-18 00:00:00-04:00,12.425824475083939,12.617608688985266,12.265260788897603,12.33662223815918,1020700,0.0,0.0
2023-05-19 00:00:00-04:00,12.479344153874942,12.479344153874942,12.11361654253825,12.131457328796387,965000,0.0,0.0
2023-05-22 00:00:00-04:00,12.238497673759637,12.403520668622374,12.118074936516852,12.372300148010254,675200,0.0,0.0
2023-05-23 00:00:00-04:00,12.38122335662156,12.657748759836272,12.300941513528391,12.33662223815918,743200,0.0,0.0
2023-05-24 00:00:00-04:00,12.300940521430398,12.300940521430398,11.95751304287251,11.99765396118164,889000,0.0,0.0
2023-05-25 00:00:00-04:00,11.899532901913636,11.935213625804261,11.712208888813963,11.81925106048584,910900,0.0,0.0
2023-05-26 00:00:00-04:00,11.801410015404496,11.970894088204453,11.738968962633745,11.944133758544922,649500,0.0,0.0
2023-05-30 00:00:00-04:00,11.99765444808272,12.060096351706287,11.783570108876177,11.8460111618042,584400,0.0,0.0
2023-05-31 00:00:00-04:00,11.828172496272032,11.908454344773187,11.747890647770877,11.890613555908203,1821800,0.0,0.0
2023-06-01 00:00:00-04:00,11.935214677375026,11.961975009976866,11.7077497235203,11.890613555908203,1484500,0.0,0.0
2023-06-02 00:00:00-04:00,12.095777380819714,12.470424558558536,12.015495538912978,12.399063110351562,769100,0.0,0.0
2023-06-05 00:00:00-04:00,12.238499965182113,12.35892187427619,12.086856678934936,12.283101081848145,1277000,0.0,0.0
2023-06-06 00:00:00-04:00,12.318780828277653,12.800470978547061,12.283100107913086,12.75586986541748,849600,0.0,0.0
2023-06-07 00:00:00-04:00,12.880753973819036,13.451646439543145,12.853993642038478,13.37136459350586,991900,0.0,0.0
2023-06-08 00:00:00-04:00,13.362443428111241,13.42488533292275,13.045777110014,13.30892276763916,821700,0.0,0.0
2023-06-09 00:00:00-04:00,13.246481391051594,13.31784283707419,13.188499684473522,13.264321327209473,678100,0.0,0.0
2023-06-12 00:00:00-04:00,13.246481666623842,13.36244338080131,13.139438644667544,13.273241996765137,583600,0.0,0.0
2023-06-13 00:00:00-04:00,13.228641600361447,13.456106545698214,13.224181403312222,13.300003051757812,875600,0.0,0.0
2023-06-14 00:00:00-04:00,13.381154028646083,13.584034889072663,13.363119715760147,13.471323013305664,1672100,0.16,0.0
2023-06-15 00:00:00-04:00,13.381154150254222,13.660679123139625,13.309018617901643,13.651662826538086,1223000,0.0,0.0
2023-06-16 00:00:00-04:00,13.841018281040075,13.841018281040075,13.584034489514554,13.768882751464844,2643700,0.0,0.0
2023-06-20 00:00:00-04:00,13.741833469540058,13.904138866872128,13.552477459293804,13.660680770874023,1829400,0.0,0.0
2023-06-21 00:00:00-04:00,13.570512778017555,13.647156903544916,13.363122437210299,13.39017391204834,2091100,0.0,0.0
2023-06-22 00:00:00-04:00,13.444271363783589,13.444271363783589,13.06555942171166,13.110644340515137,1426600,0.0,0.0
2023-06-23 00:00:00-04:00,12.930307788768852,13.070070287595101,12.740951784584743,12.867189407348633,1912800,0.0,0.0
2023-06-26 00:00:00-04:00,12.81308755947127,13.336070654966141,12.81308755947127,13.309020042419434,947700,0.0,0.0
2023-06-27 00:00:00-04:00,13.354103510563872,13.615595029734614,13.263933665364288,13.60657787322998,785900,0.0,0.0
2023-06-28 00:00:00-04:00,13.588544093980106,13.59305267240952,13.417222413279413,13.489357948303223,1115400,0.0,0.0
2023-06-29 00:00:00-04:00,13.444273255455506,13.886103630065918,13.39918833030837,13.886103630065918,882100,0.0,0.0
2023-06-30 00:00:00-04:00,14.039391356026611,14.061934247753289,13.732814907930923,13.913154602050781,1105200,0.0,0.0
2023-07-03 00:00:00-04:00,13.87708894819937,14.192681741115914,13.87708894819937,14.17464828491211,345300,0.0,0.0
2023-07-05 00:00:00-04:00,14.021358903018857,14.291867603576554,13.841020055954877,14.138579368591309,866900,0.0,0.0
2023-07-06 00:00:00-04:00,13.940206206859203,14.16112140200301,13.714782433048365,14.138579368591309,754600,0.0,0.0
2023-07-07 00:00:00-04:00,14.111527508883087,14.260307161113667,14.048409129125698,14.06644344329834,702400,0.0,0.0
2023-07-10 00:00:00-04:00,14.00332480480065,14.228748582095871,13.989799928513955,14.219732284545898,1010400,0.0,0.0
2023-07-11 00:00:00-04:00,14.400070584146683,14.859934418714937,14.309900732704746,14.787798881530762,1669000,0.0,0.0
2023-07-12 00:00:00-04:00,15.022240588245957,15.121427601972837,14.909528698046124,14.9320707321167,1351800,0.0,0.0
2023-07-13 00:00:00-04:00,14.932070259646231,14.936579698225836,14.688613891601562,14.688613891601562,1603800,0.0,0.0
2023-07-14 00:00:00-04:00,14.643527363332742,14.688613147610642,14.481221979625934,14.625493049621582,868600,0.0,0.0
2023-07-17 00:00:00-04:00,14.553358119648578,14.814850519790937,14.553358119648578,14.77878189086914,863000,0.0,0.0
2023-07-18 00:00:00-04:00,14.841898256773042,14.92305094098331,14.688611764205483,14.87796688079834,603800,0.0,0.0
2023-07-19 00:00:00-04:00,15.004204150660797,15.166509524765486,14.918543745370753,15.13044261932373,599900,0.0,0.0
2023-07-20 00:00:00-04:00,15.193562275275495,15.283732126255586,14.995188259149923,15.247663497924805,602000,0.0,0.0
2023-07-21 00:00:00-04:00,15.328815857603864,15.400951392845775,15.15749331646177,15.265697479248047,1046700,0.0,0.0
2023-07-24 00:00:00-04:00,15.319798363106944,15.473086587098758,15.310781206419568,15.418985366821289,618000,0.0,0.0
2023-07-25 00:00:00-04:00,15.328816580529125,15.428003591107087,15.189053221973532,15.319799423217773,745200,0.0,0.0
2023-07-26 00:00:00-04:00,15.238647275372106,15.42800414602754,15.19356320704065,15.382918357849121,590800,0.0,0.0
2023-07-27 00:00:00-04:00,15.418984783448954,15.513662345314124,15.013221347102908,15.076339721679688,890700,0.0,0.0
2023-07-28 00:00:00-04:00,15.24766519223387,15.261190069437356,15.085359786403824,15.166512489318848,603600,0.0,0.0
2023-07-31 00:00:00-04:00,15.166509916020239,15.346849607421436,15.085357226874375,15.3378324508667,726500,0.0,0.0
2023-08-01 00:00:00-04:00,15.31980040211126,15.563258505533348,15.193563631379961,15.5452241897583,1314900,0.0,0.0
2023-08-02 00:00:00-04:00,15.319800540398592,15.833766505697742,15.319800540398592,15.815733909606934,1233300,0.0,0.0
2023-08-03 00:00:00-04:00,15.851800033025675,15.851800033025675,15.558748433079428,15.806715965270996,1553800,0.0,0.0
2023-08-04 00:00:00-04:00,15.85179725548433,15.941967095041132,15.464068149282722,15.572272300720215,1135300,0.0,0.0
2023-08-07 00:00:00-04:00,15.518174155968124,15.68949673203341,15.409971690972176,15.662446975708008,919200,0.0,0.0
2023-08-08 00:00:00-04:00,15.446037910841317,15.50464857998708,15.337835450715241,15.464072227478027,664900,0.0,0.0
2023-08-09 00:00:00-04:00,15.400952323650145,15.689494482056727,15.337833941479571,15.536206245422363,694400,0.0,0.0
2023-08-10 00:00:00-04:00,15.518172716095732,15.707529592039693,15.437021734802048,15.5452241897583,744100,0.0,0.0
2023-08-11 00:00:00-04:00,15.482103743786134,15.482103743786134,15.310781206419568,15.418985366821289,889000,0.0,0.0
2023-08-14 00:00:00-04:00,15.391934861583076,15.459562681054162,15.265698099740396,15.283732414245605,564500,0.0,0.0
2023-08-15 00:00:00-04:00,15.166510130649632,15.19356160069666,14.945595811395984,15.004204750061035,616200,0.0,0.0
2023-08-16 00:00:00-04:00,15.022239307528476,15.085357685483727,14.670578790436759,14.679595947265625,934100,0.0,0.0
2023-08-17 00:00:00-04:00,14.742715507722068,14.77427469923103,14.29186794919752,14.300884246826172,1242900,0.0,0.0
2023-08-18 00:00:00-04:00,14.165630557069008,14.382037182351361,14.165630557069008,14.246783256530762,1305700,0.0,0.0
2023-08-21 00:00:00-04:00,14.210713862941915,14.219731019613226,13.70576426835267,13.868069648742676,1457800,0.0,0.0
2023-08-22 00:00:00-04:00,13.94922367679334,13.967257131942137,13.678714970173582,13.759867668151855,1356100,0.0,0.0
2023-08-23 00:00:00-04:00,13.841019630432129,13.949222935343958,13.732815465596873,13.841019630432129,1200200,0.0,0.0
2023-08-24 00:00:00-04:00,13.786917482680956,14.084476784759266,13.759866871562043,13.886103630065918,1397700,0.0,0.0
2023-08-25 00:00:00-04:00,13.931188555213055,14.03037556252144,13.82298525081398,13.886103630065918,780000,0.0,0.0
2023-08-28 00:00:00-04:00,13.913155948271983,14.34596919222202,13.913155948271983,14.165630340576172,944900,0.0,0.0
2023-08-29 00:00:00-04:00,14.147594702010908,14.418103384136641,14.084476324820148,14.409086227416992,632700,0.0,0.0
2023-08-30 00:00:00-04:00,14.382035344607496,14.679595491252705,14.382035344607496,14.652544021606445,1384800,0.0,0.0
2023-08-31 00:00:00-04:00,14.598442698339145,14.792307263141717,14.58942554185452,14.751730918884277,1203300,0.0,0.0
2023-09-01 00:00:00-04:00,14.859934874369902,14.959121885982121,14.760749582604605,14.814850807189941,1113200,0.0,0.0
2023-09-05 00:00:00-04:00,14.6795973330756,14.864444765900627,14.634511544675,14.697629928588867,1565700,0.0,0.0
2023-09-06 00:00:00-04:00,14.751731141728994,15.004204647725462,14.630002107117795,14.968137741088867,781500,0.0,0.0
2023-09-07 00:00:00-04:00,14.98617172241211,15.130442785456665,14.941085940306479,14.98617172241211,1127000,0.0,0.0
2023-09-08 00:00:00-04:00,15.004205089865609,15.089867220364486,14.832884268561502,14.850916862487793,666500,0.0,0.0
2023-09-11 00:00:00-04:00,14.923052068460185,14.968137851898161,14.711154905765438,14.733696937561035,705900,0.0,0.0
2023-09-12 00:00:00-04:00,14.715661512377803,14.87796688079834,14.679594608199158,14.87796688079834,662400,0.0,0.0
2023-09-13 00:00:00-04:00,14.832885069206196,14.900511169735436,14.693121709690702,14.72468090057373,1029800,0.0,0.0
2023-09-14 00:00:00-04:00,14.925015104987429,15.334793532945703,14.897697701033172,15.316580772399902,1366400,0.16,0.0
2023-09-15 00:00:00-04:00,15.271050741153829,15.302922203954864,15.16177591378995,15.207307815551758,2615300,0.0,0.0
2023-09-18 00:00:00-04:00,15.207308776170425,15.234626182088641,14.915909797081081,15.025184631347656,845900,0.0,0.0
2023-09-19 00:00:00-04:00,15.043395668950424,15.170881513595377,14.979652746627949,14.99786376953125,1075800,0.0,0.0
2023-09-20 00:00:00-04:00,15.152670825306856,15.275604365247975,14.865827635642184,14.888592720031738,585400,0.0,0.0
2023-09-21 00:00:00-04:00,14.75199992657428,14.911357248221671,14.606301307678223,14.606301307678223,981100,0.0,0.0
2023-09-22 00:00:00-04:00,14.64272584779662,14.77931809293555,14.333115832487238,14.342222213745117,946000,0.0,0.0
2023-09-25 00:00:00-04:00,14.232946994593137,14.460601295462958,14.228393804363872,14.442388534545898,948800,0.0,0.0
2023-09-26 00:00:00-04:00,14.342222293589767,14.41962479784802,14.12367435277787,14.196523666381836,1824100,0.0,0.0
2023-09-27 00:00:00-04:00,14.278477741818621,14.34222066688424,13.841381041338346,13.914230346679688,3783900,0.0,0.0
2023-09-28 00:00:00-04:00,13.959762130131995,14.09635436788244,13.92333747550306,13.977974891662598,2322300,0.0,0.0
2023-09-29 00:00:00-04:00,14.178311779832057,14.223842820755946,13.759427766510564,13.896020889282227,1158400,0.0,0.0
2023-10-02 00:00:00-04:00,13.823168773208849,13.941549108276469,13.458921387977975,13.568195343017578,1236700,0.0,0.0
2023-10-03 00:00:00-04:00,13.513560132135902,13.540878406481305,13.158419091916532,13.322330474853516,1339300,0.0,0.0
2023-10-04 00:00:00-04:00,13.386072114056025,13.559089861240036,13.276798158776115,13.495346069335938,748300,0.0,0.0
2023-10-05 00:00:00-04:00,13.458921611148334,13.704788665388458,13.413390578685473,13.650151252746582,1360400,0.0,0.0
2023-10-06 00:00:00-04:00,13.531771233784559,13.686576226737698,13.295011422590548,13.513559341430664,1104000,0.0,0.0
2023-10-09 00:00:00-04:00,13.395178450035655,13.768531346455118,13.331435526773461,13.604619979858398,744300,0.0,0.0
2023-10-10 00:00:00-04:00,13.559091452824807,13.941550775414196,13.559091452824807,13.777639389038086,899400,0.0,0.0
2023-10-11 00:00:00-04:00,13.886912971643051,14.087249008493366,13.884180883697345,14.023505210876465,1127300,0.0,0.0
2023-10-12 00:00:00-04:00,13.968868342358439,13.968868342358439,13.723001275255381,13.786745071411133,1138700,0.0,0.0
2023-10-13 00:00:00-04:00,13.94155089383109,13.977975550176021,13.490794577468147,13.559091567993164,1142300,0.0,0.0
2023-10-16 00:00:00-04:00,13.750320399964458,13.8595943623957,13.59096221242347,13.823169708251953,1304100,0.0,0.0
2023-10-17 00:00:00-04:00,13.650151832306666,14.251159054723887,13.650151832306666,14.078142166137695,1192600,0.0,0.0
2023-10-18 00:00:00-04:00,14.005293447054198,14.005293447054198,13.732108097629594,13.768532752990723,909500,0.0,0.0
2023-10-19 00:00:00-04:00,13.686577372393973,14.000740574794305,13.595516166137621,13.668365478515625,959900,0.0,0.0
2023-10-20 00:00:00-04:00,13.75942624421681,13.84138193512605,13.499900468625741,13.504453659057617,1253100,0.0,0.0
2023-10-23 00:00:00-04:00,13.431603527425004,13.549983866115872,13.203949230350004,13.213055610656738,827400,0.0,0.0
2023-10-24 00:00:00-04:00,13.340542277239141,13.509006849489495,13.272246157625535,13.504453659057617,1314000,0.0,0.0
2023-10-25 00:00:00-04:00,13.349648547163865,13.445263808574149,13.131100618843604,13.203949928283691,686400,0.0,0.0
2023-10-26 00:00:00-04:00,13.304117910800958,13.590962835205353,13.304117910800958,13.44071102142334,661800,0.0,0.0
2023-10-27 00:00:00-04:00,13.495347445789205,13.495347445789205,13.07646347360952,13.176631927490234,997500,0.0,0.0
2023-10-30 00:00:00-04:00,13.340542059755455,13.44526370111686,13.222162584185629,13.422497749328613,911200,0.0,0.0
2023-10-31 00:00:00-04:00,13.631939779245965,14.49702594886484,13.395179097917612,14.442388534545898,1904300,0.0,0.0
2023-11-01 00:00:00-04:00,14.405963984991915,14.797529663208996,14.29669002399855,14.779316902160645,1702200,0.0,0.0
2023-11-02 00:00:00-04:00,15.098032380550206,15.293815208085324,14.979652914462743,15.225518226623535,1046700,0.0,0.0
2023-11-03 00:00:00-04:00,15.553344518600404,15.826529033246908,15.43496502541753,15.471388816833496,1390300,0.0,0.0
2023-11-06 00:00:00-05:00,15.398536333292524,15.416749093690834,15.070713593580649,15.198201179504395,896900,0.0,0.0
2023-11-07 00:00:00-05:00,15.207308696523674,15.289264387578227,14.788423860371001,14.833955764770508,1048500,0.0,0.0
2023-11-08 00:00:00-05:00,14.843059068187081,14.970546652126691,14.751998741341591,14.934121131896973,775700,0.0,0.0
2023-11-09 00:00:00-05:00,14.997865978007495,15.025185121681817,14.519792253326907,14.597195625305176,806300,0.0,0.0
2023-11-10 00:00:00-05:00,14.73378702593261,14.792977632070636,14.588088408411718,14.715574264526367,664400,0.0,0.0
2023-11-13 00:00:00-05:00,14.569877669704008,14.665492075063897,14.437837736474771,14.497028350830078,590900,0.0,0.0
2023-11-14 00:00:00-05:00,15.161776186384632,15.617084791001975,15.098033259636523,15.371217727661133,1395400,0.0,0.0
2023-11-15 00:00:00-05:00,15.289264763414657,15.444068031584637,15.225520095688394,15.298369407653809,734900,0.0,0.0
2023-11-16 00:00:00-05:00,15.325687663843226,15.407643352168417,15.02518405227236,15.152669906616211,585100,0.0,0.0
2023-11-17 00:00:00-05:00,15.343899913218602,15.362112673764402,15.179988542035293,15.316580772399902,950300,0.0,0.0
2023-11-20 00:00:00-05:00,15.280157497899069,15.334794044494629,15.13445888240124,15.334794044494629,609400,0.0,0.0
2023-11-21 00:00:00-05:00,15.216412389726573,15.307474455970926,15.070713778481387,15.170882225036621,512100,0.0,0.0
2023-11-22 00:00:00-05:00,15.362116753910675,15.425859695886523,15.220970427489222,15.325691223144531,605000,0.0,0.0
2023-11-24 00:00:00-05:00,15.343903988527602,15.380327782428843,15.189098956501297,15.325691223144531,348300,0.0,0.0
2023-11-27 00:00:00-05:00,15.179986953735352,15.298366411167981,15.152667815775088,15.179986953735352,869500,0.0,0.0
2023-11-28 00:00:00-05:00,15.125352569673176,15.239179722095486,15.00697135850985,15.189095497131348,720800,0.0,0.0
2023-11-29 00:00:00-05:00,15.380325324868416,15.462281019131964,15.011526437547072,15.043397903442383,971600,0.0,0.0
2023-11-30 00:00:00-05:00,15.070713999604724,15.289263656543596,15.033380097706122,15.252838134765625,999200,0.0,0.0
2023-12-01 00:00:00-05:00,15.225518590441133,15.86750363143768,15.161775665881317,15.790102005004883,1418800,0.0,0.0
2023-12-04 00:00:00-05:00,15.717255810449627,16.081502406344942,15.68083028242771,16.063289642333984,807300,0.0,0.0
2023-12-05 00:00:00-05:00,16.008650403758946,16.008650403758946,15.771889721897168,15.88116455078125,692000,0.0,0.0
2023-12-06 00:00:00-05:00,15.999545022179452,16.12612076607109,15.790103468678755,15.808316230773926,819600,0.0,0.0
2023-12-07 00:00:00-05:00,15.790102260701318,15.899375351183535,15.662616409517247,15.799208641052246,1130800,0.0,0.0
2023-12-08 00:00:00-05:00,15.771888959155664,15.858398701090687,15.589766568975758,15.85384464263916,668200,0.0,0.0
2023-12-11 00:00:00-05:00,15.872058684426806,15.890271445974845,15.598872471799847,15.717253684997559,1417100,0.0,0.0
2023-12-12 00:00:00-05:00,15.699040736138494,15.826526591724605,15.607978666349338,15.744572639465332,689400,0.0,0.0
2023-12-13 00:00:00-05:00,15.753678531199734,16.591446513267957,15.61708628412805,16.463960647583008,1190500,0.0,0.0
2023-12-14 00:00:00-05:00,16.98764221494792,17.171392428338354,16.63851891235238,17.16220474243164,2022600,0.16,0.0
2023-12-15 00:00:00-05:00,17.162208691240803,17.21274009916841,16.79470993227498,17.00602149963379,2738300,0.0,0.0
2023-12-18 00:00:00-05:00,17.15302310018613,17.15302310018613,16.817680332110722,16.86821174621582,1240400,0.0,0.0
2023-12-19 00:00:00-05:00,16.91414643364982,17.006021561820315,16.730396177308826,16.9233341217041,1856300,0.0,0.0
2023-12-20 00:00:00-05:00,16.923334257641713,17.235708644507174,16.767147064208984,16.767147064208984,1495900,0.0,0.0
2023-12-21 00:00:00-05:00,17.17139636881168,17.17139636881168,16.859021985787752,16.99683380126953,1157000,0.0,0.0
2023-12-22 00:00:00-05:00,17.125459822307054,17.26327340539926,16.90496054268103,16.96927261352539,1075000,0.0,0.0
2023-12-26 00:00:00-05:00,17.03358440989228,17.231113567250333,16.941709282887327,17.14383316040039,1015600,0.0,0.0
2023-12-27 00:00:00-05:00,17.13464367549379,17.17598739069155,16.983051221350088,17.10708236694336,686500,0.0,0.0
2023-12-28 00:00:00-05:00,17.00602134607911,17.198957535654444,17.00602134607911,17.14383316040039,625500,0.0,0.0
2023-12-29 00:00:00-05:00,17.033582725286465,17.107082469146913,16.813081741333008,16.813081741333008,818800,0.0,0.0
2024-01-02 00:00:00-05:00,16.6385229351605,16.904040638284442,16.601772182648173,16.767147064208984,994600,0.0,0.0
2024-01-03 00:00:00-05:00,16.59258289022002,16.63392660661279,16.335334656995812,16.49152183532715,1124100,0.0,0.0
2024-01-04 00:00:00-05:00,16.59258465058439,16.707428124707096,16.39964845519697,16.629335403442383,2311000,0.0,0.0
2024-01-05 00:00:00-05:00,16.500709533691406,16.730396482116102,16.399648467997736,16.500709533691406,1096800,0.0,0.0
2024-01-08 00:00:00-05:00,16.528272585455248,16.71202284500052,16.46396052032611,16.629335403442383,764000,0.0,0.0
2024-01-09 00:00:00-05:00,16.381273161764955,16.578804078446606,16.36289778524286,16.56502342224121,890200,0.0,0.0
2024-01-10 00:00:00-05:00,16.50989715850238,16.638523040739386,16.50530419059536,16.583396911621094,860100,0.0,0.0
2024-01-11 00:00:00-05:00,16.463958706748905,16.565021513603526,16.362895899894284,16.4363956451416,744400,0.0,0.0
2024-01-12 00:00:00-05:00,16.629335491166508,16.64771086769244,16.353710100394608,16.427209854125977,576500,0.0,0.0
2024-01-16 00:00:00-05:00,16.271022901787813,16.37208572181981,16.11483745609819,16.225086212158203,839900,0.0,0.0
2024-01-17 00:00:00-05:00,15.949464712831789,16.22508839239091,15.852994847850741,16.022964477539062,729000,0.0,0.0
2024-01-18 00:00:00-05:00,16.068898324494686,16.068898324494686,15.76111866196552,15.903523445129395,565300,0.0,0.0
2024-01-19 00:00:00-05:00,16.013772864402732,16.14239698303338,15.830022621468508,16.059709548950195,846900,0.0,0.0
2024-01-22 00:00:00-05:00,16.16077432676765,16.326149215082655,16.041336128596857,16.105649948120117,720700,0.0,0.0
2024-01-23 00:00:00-05:00,16.23427406251975,16.23427406251975,15.967836353367233,16.0872745513916,754700,0.0,0.0
2024-01-24 00:00:00-05:00,16.307773923389853,16.307773923389853,15.83461935341405,15.894336700439453,935200,0.0,0.0
2024-01-25 00:00:00-05:00,16.15158252142625,16.362894046024778,16.078082784506243,16.35370635986328,993300,0.0,0.0
2024-01-26 00:00:00-05:00,16.46396085345141,16.468553821465417,16.179149522528594,16.225086212158203,576500,0.0,0.0
2024-01-29 00:00:00-05:00,16.188337146105738,16.33074193481072,16.073493670119205,16.30777359008789,664800,0.0,0.0
2024-01-30 00:00:00-05:00,16.215896706454174,16.330740170030158,16.105647962749657,16.169960021972656,750700,0.0,0.0
2024-01-31 00:00:00-05:00,16.169961255902887,16.2985853841642,15.830023806733582,15.866774559020996,853000,0.0,0.0
2024-02-01 00:00:00-05:00,15.839210287168493,16.04133415222168,15.696803761470814,16.04133415222168,908400,0.0,0.0
2024-02-02 00:00:00-05:00,15.7657107842212,15.995397714938145,15.618711288752134,15.857585906982422,665100,0.0,0.0
2024-02-05 00:00:00-05:00,15.59114946487347,15.770306757058753,15.46252533421236,15.572775840759277,617000,0.0,0.0
2024-02-06 00:00:00-05:00,15.526835086222379,16.009177256710437,15.499273777971233,15.98620891571045,800800,0.0,0.0
2024-02-07 00:00:00-05:00,15.98621183358092,16.022962587786473,15.848400010054926,15.894336700439453,686700,0.0,0.0
2024-02-08 00:00:00-05:00,15.931087257281677,16.179149587978777,15.848399813715975,16.142398834228516,1745100,0.0,0.0
2024-02-09 00:00:00-05:00,16.114835739135742,16.13320936160653,15.917304840504155,16.114835739135742,657600,0.0,0.0
2024-02-12 00:00:00-05:00,16.169961769378524,16.353710279533555,16.096462014842036,16.30777359008789,1332300,0.0,0.0
2024-02-13 00:00:00-05:00,15.839212228937628,16.179149693862705,15.627900650607867,16.09646224975586,2331600,0.0,0.0
2024-02-14 00:00:00-05:00,16.43639615345943,16.50070821349325,15.73814767582954,15.949460983276367,1582100,0.0,0.0
2024-02-15 00:00:00-05:00,15.949462718962293,16.124023543087034,15.940275030475874,16.078086853027344,1157900,0.0,0.0
2024-02-16 00:00:00-05:00,15.875963095289505,16.22968121927834,15.765712584909286,15.912712097167969,1620500,0.0,0.0
2024-02-20 00:00:00-05:00,15.756525126979657,15.921900018784422,15.673837681077275,15.69221305847168,1191700,0.0,0.0
2024-02-21 00:00:00-05:00,15.69221201150135,15.857586892272451,15.637087635368424,15.747336387634277,1118900,0.0,0.0
2024-02-22 00:00:00-05:00,15.701401710510254,15.751933125258946,15.595745912568697,15.701401710510254,1165100,0.0,0.0
2024-02-23 00:00:00-05:00,15.64627642583544,15.683025428389158,15.540620633981385,15.600337982177734,682100,0.0,0.0
2024-02-26 00:00:00-05:00,15.526838429053088,15.618713565205258,15.42577735642092,15.499277114868164,613700,0.0,0.0
2024-02-27 00:00:00-05:00,15.600337153116742,15.637087906089832,15.483657192409122,15.572775840759277,788100,0.0,0.0
2024-02-28 00:00:00-05:00,15.4165857066309,15.779489685014813,15.379834960663306,15.609521865844727,679100,0.0,0.0
2024-02-29 00:00:00-05:00,15.784087318045168,15.793275006233031,15.522244337994287,15.627900123596191,609000,0.0,0.0
2024-03-01 00:00:00-05:00,15.673836718300263,15.738148782857825,15.448744492348798,15.683024406433105,639900,0.0,0.0
2024-03-04 00:00:00-05:00,15.62790093223501,15.807056480237566,15.54521348663807,15.784088134765625,569800,0.0,0.0
2024-03-05 00:00:00-05:00,15.701399971420386,15.79327510148076,15.480900710698904,15.572775840759277,578900,0.0,0.0
2024-03-06 00:00:00-05:00,15.6830216054079,15.756521344971073,15.480897759702176,15.609521865844727,460200,0.0,0.0
2024-03-07 00:00:00-05:00,15.719775158964472,15.784087223522034,15.627900030008385,15.683024406433105,996400,0.0,0.0
2024-03-08 00:00:00-05:00,15.866776640010753,15.958651780406754,15.627901975930174,15.728964805603027,498900,0.0,0.0
2024-03-11 00:00:00-04:00,15.701399699585558,15.78408713997111,15.6095245711158,15.747336387634277,390600,0.0,0.0
2024-03-12 00:00:00-04:00,15.719777052490494,15.747338367836587,15.554402150923767,15.664650917053223,472000,0.0,0.0
2024-03-13 00:00:00-04:00,15.618711530153817,15.738147964928855,15.49927509537878,15.53602409362793,802100,0.0,0.0
2024-03-14 00:00:00-04:00,15.43393354216324,15.475697115341978,15.127667928908489,15.27616024017334,1016900,0.17,0.0
2024-03-15 00:00:00-04:00,15.192635978571758,15.378250496186197,15.11838981749236,15.285442352294922,1614000,0.0,0.0
2024-03-18 00:00:00-04:00,15.276162524522572,15.40145326279437,15.215838731041083,15.350410461425781,770600,0.0,0.0
2024-03-19 00:00:00-04:00,15.359687437560309,15.545303712342035,15.31328425394887,15.452495574951172,1041400,0.0,0.0
2024-03-20 00:00:00-04:00,15.341128539801579,15.777324521669561,15.294723582048727,15.647394180297852,919900,0.0,0.0
2024-03-21 00:00:00-04:00,15.730922654613671,16.018626336160025,15.670597089555017,15.972221374511719,1369000,0.0,0.0
2024-03-22 00:00:00-04:00,15.981500170440972,15.99078116149511,15.591707397007387,15.600988388061523,1023800,0.0,0.0
2024-03-25 00:00:00-04:00,15.638112394414117,15.684515579641795,15.34112776055366,15.368968963623047,678300,0.0,0.0
2024-03-26 00:00:00-04:00,15.424656049403666,15.461778246294141,15.257601737976074,15.257601737976074,471100,0.0,0.0
2024-03-27 00:00:00-04:00,15.42465649574828,15.84229051623419,15.359689551515679,15.814449310302734,991400,0.0,0.0
2024-03-28 00:00:00-04:00,15.89797619466843,16.055749533747335,15.828371403119982,16.027908325195312,917300,0.0,0.0
2024-04-01 00:00:00-04:00,16.009344418422984,16.009344418422984,15.693797778127568,15.730921745300293,594900,0.0,0.0
2024-04-02 00:00:00-04:00,15.600989736381063,15.619551720093563,15.35041003693509,15.387532234191895,982400,0.0,0.0
2024-04-03 00:00:00-04:00,15.331846733709135,15.503540642852684,15.30400376053665,15.480339050292969,628400,0.0,0.0
2024-04-04 00:00:00-04:00,15.628832082486563,15.689157642038433,15.322566444238173,15.40609359741211,542700,0.0,0.0
2024-04-05 00:00:00-04:00,15.396812968768778,15.480340123911104,15.27616184682179,15.433935165405273,369000,0.0,0.0
2024-04-08 00:00:00-04:00,15.508182070866544,15.610271214295862,15.480340864599096,15.536025047302246,683200,0.0,0.0
2024-04-09 00:00:00-04:00,15.545304211904739,15.600988388061523,15.4107324968718,15.600988388061523,603800,0.0,0.0
2024-04-10 00:00:00-04:00,15.304004876596604,15.304004876596604,14.705395071078302,14.784281730651855,1405400,0.0,0.0
2024-04-11 00:00:00-04:00,14.858527174933087,15.11838962040744,14.775000023536618,14.97917652130127,1245000,0.0,0.0
2024-04-12 00:00:00-04:00,14.91421258577561,15.118390870592462,14.91421258577561,15.109109878540039,669600,0.0,0.0
2024-04-15 00:00:00-04:00,15.192633934407622,15.229756124868487,14.877087349734849,15.044139862060547,1258500,0.0,0.0
2024-04-16 00:00:00-04:00,14.914211716957743,14.951335683004803,14.668271637484418,14.821404457092285,679900,0.0,0.0
2024-04-17 00:00:00-04:00,14.88637111286506,15.034863442704815,14.816764558804088,14.858528137207031,607000,0.0,0.0
2024-04-18 00:00:00-04:00,14.923492392694044,15.062703722088603,14.756438089353333,15.034862518310547,684800,0.0,0.0
2024-04-19 00:00:00-04:00,15.053423384262087,15.420014591377505,15.025582179275409,15.192636489868164,1415700,0.0,0.0
2024-04-22 00:00:00-04:00,15.192637135842954,15.350410461425781,15.15551316739135,15.350410461425781,1441600,0.0,0.0
2024-04-23 00:00:00-04:00,15.359688095864135,15.670595103923553,15.331846892571216,15.610269546508789,603300,0.0,0.0
2024-04-24 00:00:00-04:00,15.498900611616042,15.596348359821988,15.424654455339894,15.517460823059082,872400,0.0,0.0
2024-04-25 00:00:00-04:00,15.406094217904396,15.480340382586201,15.31328606951009,15.387532234191895,588200,0.0,0.0
2024-04-26 00:00:00-04:00,15.39681219210562,15.573147485196534,15.322566032409668,15.322566032409668,426900,0.0,0.0
2024-04-29 00:00:00-04:00,15.43393487940329,15.549944618265867,15.424655658042242,15.47105884552002,485200,0.0,0.0
2024-04-30 00:00:00-04:00,15.38753160338027,15.614911469116477,15.378250611904493,15.526742935180664,605500,0.0,0.0
2024-05-01 00:00:00-04:00,15.517462221051733,15.98614256303057,15.48497963539001,15.777324676513672,1589800,0.0,0.0
2024-05-02 00:00:00-04:00,15.962942080129839,16.14391700431874,15.856211553905755,15.907256126403809,1423400,0.0,0.0
2024-05-03 00:00:00-04:00,16.139274499697528,16.232082645945944,15.64739433386678,15.777324676513672,632900,0.0,0.0
2024-05-06 00:00:00-04:00,15.897974271822054,15.935098238959165,15.721640738425327,15.851571083068848,456700,0.0,0.0
2024-05-07 00:00:00-04:00,15.870133427170368,16.54299030038671,15.860852435175246,16.04646873474121,2069800,0.0,0.0
2024-05-08 00:00:00-04:00,15.851572492904868,15.935099656224075,15.763405718364966,15.823729515075684,917100,0.0,0.0
2024-05-09 00:00:00-04:00,15.870132357899003,15.981500714000411,15.75876223162949,15.925816535949707,959500,0.0,0.0
2024-05-10 00:00:00-04:00,15.897973561840303,15.962940501428912,15.860851366529202,15.925816535949707,888700,0.0,0.0
2024-05-13 00:00:00-04:00,16.037187771983987,16.06967035894202,15.921178027085816,16.055747985839844,870400,0.0,0.0
2024-05-14 00:00:00-04:00,16.21352248146179,16.26920843755847,15.962942759700155,16.120716094970703,1107700,0.0,0.0
2024-05-15 00:00:00-04:00,16.315610571826397,16.380575746220885,16.15783724679625,16.17639923095703,689000,0.0,0.0
2024-05-16 00:00:00-04:00,16.157835006713867,16.19495896988865,16.046466657525503,16.157835006713867,451700,0.0,0.0
2024-05-17 00:00:00-04:00,16.21352157569811,16.34345369583005,16.083591225734423,16.30632972717285,458000,0.0,0.0
2024-05-20 00:00:00-04:00,16.26920478776596,16.34345094240365,15.96757878883088,16.01862335205078,750000,0.0,0.0
2024-05-21 00:00:00-04:00,16.000063803935824,16.12071492992413,15.981501819911742,16.055747985839844,385100,0.0,0.0
2024-05-22 00:00:00-04:00,15.981503360661284,16.181040282736614,15.97222236775448,16.027908325195312,580700,0.0,0.0
2024-05-23 00:00:00-04:00,16.00006307443802,16.00006307443802,15.768043595220242,15.833008766174316,554900,0.0,0.0
2024-05-24 00:00:00-04:00,15.944378309849704,15.981500504674578,15.716998449688052,15.74020004272461,416700,0.0,0.0
2024-05-28 00:00:00-04:00,15.833007731099098,15.925815870752553,15.749480582427793,15.76804256439209,987100,0.0,0.0
2024-05-29 00:00:00-04:00,15.628832891613175,15.71699966000879,15.563867718040804,15.693798065185547,534100,0.0,0.0
2024-05-30 00:00:00-04:00,15.795887637627143,15.972221179229933,15.795887637627143,15.95366096496582,428300,0.0,0.0
2024-05-31 00:00:00-04:00,16.00006267737337,16.464101624293136,16.00006267737337,16.45482063293457,1173300,0.0,0.0
2024-06-03 00:00:00-04:00,16.631158111171317,16.775010840856947,16.524429351792303,16.70540428161621,1297000,0.0,0.0
2024-06-04 00:00:00-04:00,16.64972187110822,16.682204463504835,16.50122951438983,16.575475692749023,672000,0.0,0.0
2024-06-05 00:00:00-04:00,16.640436919769716,16.640436919769716,16.445539641576,16.45482063293457,412800,0.0,0.0
2024-06-06 00:00:00-04:00,16.41769946372858,16.603313991996014,16.37593588508897,16.519786834716797,386800,0.0,0.0
2024-06-07 00:00:00-04:00,16.3805744818179,16.45018103196383,16.287766338346028,16.334171295166016,570100,0.0,0.0
2024-06-10 00:00:00-04:00,16.167119121878848,16.259927277583422,15.94438061028887,16.111434936523438,732000,0.0,0.0
2024-06-11 00:00:00-04:00,15.96293830871582,16.074306649519368,15.949015938489481,15.96293830871582,634600,0.0,0.0
2024-06-12 00:00:00-04:00,16.36201076004791,16.807489447331424,16.36201076004791,16.464099884033203,1414000,0.0,0.0
2024-06-13 00:00:00-04:00,16.436260807398263,16.7610884669078,16.357375025749207,16.70540428161621,1631300,0.0,0.0
2024-06-14 00:00:00-04:00,16.583602452771373,16.91152535128637,16.536755047950827,16.799095153808594,1890700,0.17,0.0
2024-06-17 00:00:00-04:00,16.67729252913003,16.874048041608884,16.67729252913003,16.817832946777344,1123200,0.0,0.0
2024-06-18 00:00:00-04:00,16.855309427307095,16.930263484304437,16.780355370309756,16.902156829833984,945100,0.0,0.0
2024-06-20 00:00:00-04:00,16.770988543276882,17.009905866350834,16.770988543276882,16.949005126953125,587700,0.0,0.0
2024-06-21 00:00:00-04:00,16.949004389796333,17.0614345946681,16.855311361039266,16.930265426635742,2126500,0.0,0.0
2024-06-24 00:00:00-04:00,16.977113102067186,17.21134478412799,16.817835486784006,17.16449737548828,1250300,0.0,0.0
2024-06-25 00:00:00-04:00,17.155127623425162,17.211344512906933,16.808465740183678,16.930265426635742,1043300,0.0,0.0
2024-06-26 00:00:00-04:00,16.808464974682366,16.916211327379877,16.808464974682366,16.883419036865234,817200,0.0,0.0
2024-06-27 00:00:00-04:00,16.939633531228743,17.112964458759777,16.892787914181135,17.070802688598633,674200,0.0,0.0
2024-06-28 00:00:00-04:00,17.21134340178845,17.356565889293133,17.052065799297747,17.305034637451172,3247700,0.0,0.0
2024-07-01 00:00:00-04:00,17.230081590852212,17.26755951695986,16.81783512594335,17.052066802978516,1428800,0.0,0.0
2024-07-02 00:00:00-04:00,17.117648300213173,17.26755640352274,17.014585809045762,17.248817443847656,1010300,0.0,0.0
2024-07-03 00:00:00-04:00,17.286297484898814,17.361251545753376,17.075488630293556,17.12701988220215,421800,0.0,0.0
2024-07-05 00:00:00-04:00,17.098909611324373,17.164494184180242,16.99116327205465,17.005216598510742,737500,0.0,0.0
2024-07-08 00:00:00-04:00,17.070804818702577,17.141075040088083,16.892790022072298,16.949005126953125,893700,0.0,0.0
2024-07-09 00:00:00-04:00,16.902157394999804,17.10828061187331,16.845940510087786,17.070802688598633,787800,0.0,0.0
2024-07-10 00:00:00-04:00,17.20197241379054,17.25818750767246,17.10359376569016,17.23944854736328,762900,0.0,0.0
2024-07-11 00:00:00-04:00,17.56737588652482,17.820346528181794,17.473682857720846,17.764129638671875,806100,0.0,0.0
2024-07-12 00:00:00-04:00,17.95151413128037,18.270069329214955,17.84845162987632,18.148269653320312,1477700,0.0,0.0
2024-07-15 00:00:00-04:00,18.326286199568862,18.335655681243377,18.05457837919147,18.120162963867188,1419700,0.0,0.0
2024-07-16 00:00:00-04:00,18.307549472119938,18.462141455924918,18.213856440123553,18.41061019897461,1066300,0.0,0.0
2024-07-17 00:00:00-04:00,18.373132646627354,18.654209933972815,18.373132646627354,18.523040771484375,1088200,0.0,0.0
2024-07-18 00:00:00-04:00,18.373133625837497,18.72916499458643,18.345025180786568,18.448087692260742,814100,0.0,0.0
2024-07-19 00:00:00-04:00,18.46682245740642,18.560515474963644,18.307546650718514,18.33565330505371,625800,0.0,0.0
2024-07-22 00:00:00-04:00,18.382500660142465,18.597993349038646,18.223223066817965,18.48556137084961,914800,0.0,0.0
2024-07-23 00:00:00-04:00,18.485560935562873,18.766639980893956,18.354391786635745,18.701053619384766,991400,0.0,0.0
2024-07-24 00:00:00-04:00,18.71979561351648,18.883758863292645,18.279440694293875,18.32628631591797,832500,0.0,0.0
2024-07-25 00:00:00-04:00,18.410610678714235,18.64484237128578,18.134217209997974,18.195117950439453,1106300,0.0,0.0
2024-07-26 00:00:00-04:00,18.382500079740442,18.58393764809934,18.195114051023722,18.494930267333984,651900,0.0,0.0
2024-07-29 00:00:00-04:00,18.51367246029203,18.61673497278656,18.401240466021097,18.504302978515625,606300,0.0,0.0
2024-07-30 00:00:00-04:00,18.616734017165673,19.47402100467295,18.546463800972656,19.41312026977539,1921500,0.0,0.0
2024-07-31 00:00:00-04:00,19.834738376662514,19.937800885861066,19.00087418273491,19.019611358642578,1138500,0.0,0.0
2024-08-01 00:00:00-04:00,19.12267038580059,19.16951599760845,18.67762992544376,18.92591667175293,1170200,0.0,0.0
2024-08-02 00:00:00-04:00,18.682318107777895,19.127358628853926,18.61673352748063,18.794748306274414,1114700,0.0,0.0
2024-08-05 00:00:00-04:00,18.2419618153368,18.46682400407988,18.0077301453487,18.223224639892578,1077400,0.0,0.0
2024-08-06 00:00:00-04:00,18.22322421931563,18.64952577737345,18.129531196073582,18.46682357788086,1278800,0.0,0.0
2024-08-07 00:00:00-04:00,18.541779203659697,18.63078659179661,18.35439315942373,18.38250160217285,631200,0.0,0.0
2024-08-08 00:00:00-04:00,18.4574547165866,18.644838964174106,18.410607314405475,18.48556137084961,840600,0.0,0.0
2024-08-09 00:00:00-04:00,18.485560978971296,18.60736243501447,18.34502234949855,18.551145553588867,585500,0.0,0.0
2024-08-12 00:00:00-04:00,18.523041826558547,18.58862641153847,18.213856078048966,18.298179626464844,529800,0.0,0.0
2024-08-13 00:00:00-04:00,18.43871424009387,18.508982657021157,18.2513282208634,18.41997528076172,942800,0.0,0.0
2024-08-14 00:00:00-04:00,18.476193457944884,18.541779826562852,18.30754815692186,18.4012393951416,1146100,0.0,0.0
2024-08-15 00:00:00-04:00,18.6073640133628,18.88844129615035,18.419977966807245,18.76664161682129,654700,0.0,0.0
2024-08-16 00:00:00-04:00,18.776011342935675,18.935287161427397,18.55114736931556,18.672948837280273,1396800,0.0,0.0
2024-08-19 00:00:00-04:00,18.67294790917398,18.82285602610593,18.597993850708008,18.597993850708008,1302100,0.0,0.0
2024-08-20 00:00:00-04:00,18.588625630590386,18.850965746534524,18.513671567041467,18.757272720336914,1363800,0.0,0.0
2024-08-21 00:00:00-04:00,18.850965102632816,18.986818109580824,18.715110308639037,18.916549682617188,592200,0.0,0.0
2024-08-22 00:00:00-04:00,18.888440108538738,18.972763645482313,18.86033166720899,18.963394165039062,351000,0.0,0.0
2024-08-23 00:00:00-04:00,19.028982016460198,19.394384668459185,18.991505875282286,19.328798294067383,459700,0.0,0.0
2024-08-26 00:00:00-04:00,19.506814553154143,19.637983725654454,19.361592051327637,19.572399139404297,668100,0.0,0.0
2024-08-27 00:00:00-04:00,19.488075589355255,19.637983725654454,19.469338412602315,19.572399139404297,455900,0.0,0.0
2024-08-28 00:00:00-04:00,19.57239778407488,19.666090809535408,19.459967583158907,19.534921646118164,462900,0.0,0.0
2024-08-29 00:00:00-04:00,19.65672268945334,19.65672268945334,19.37564538065383,19.572399139404297,500700,0.0,0.0
2024-08-30 00:00:00-04:00,19.591135898251665,19.92843006048591,19.44122777882439,19.815998077392578,1018300,0.0,0.0
2024-09-03 00:00:00-04:00,19.656719805387983,19.797258439167685,19.422488153406583,19.469335556030273,864500,0.0,0.0
2024-09-04 00:00:00-04:00,19.441227388569757,19.67545904385373,19.21636521394263,19.403749465942383,848900,0.0,0.0
2024-09-05 00:00:00-04:00,19.516181255768682,19.591135313244127,19.310058044472623,19.3475341796875,679700,0.0,0.0
2024-09-06 00:00:00-04:00,19.3287956136859,19.43185811496363,19.010242203187495,19.281949996948242,1121000,0.0,0.0
2024-09-09 00:00:00-04:00,19.216366154273462,19.399066568407882,19.00087344975829,19.300689697265625,778800,0.0,0.0
2024-09-10 00:00:00-04:00,19.46933771241685,19.78789293735777,19.253843210571482,19.37564468383789,610300,0.0,0.0
2024-09-11 00:00:00-04:00,19.20699655956977,19.74104447066463,19.11330353601637,19.600505828857422,912400,0.0,0.0
2024-09-12 00:00:00-04:00,19.619245555869604,19.961223586183237,19.619245555869604,19.94717025756836,671500,0.0,0.0
2024-09-13 00:00:00-04:00,20.18328830865445,20.334403092128422,20.11717401463306,20.23995590209961,1124500,0.17,0.0
2024-09-16 00:00:00-04:00,20.362734101255672,20.409958592609254,20.202174433513793,20.306066513061523,754200,0.0,0.0
2024-09-17 00:00:00-04:00,20.38162425443275,20.457181640490425,20.02272712101633,20.060504913330078,737000,0.0,0.0
2024-09-18 00:00:00-04:00,20.06994981176606,20.38162425443275,19.961336181897536,20.060504913330078,674600,0.0,0.0
2024-09-19 00:00:00-04:00,20.391068699184554,20.391068699184554,19.928279494699183,20.107728958129883,828200,0.0,0.0
2024-09-20 00:00:00-04:00,19.966057699755076,20.14550716690294,19.947169704342283,19.99439239501953,1760700,0.0,0.0
2024-09-23 00:00:00-04:00,20.10773105078111,20.27773383224835,20.041616756319577,20.11717414855957,732100,0.0,0.0
2024-09-24 00:00:00-04:00,20.098283509208848,20.25411982208994,20.03689257313807,20.154951095581055,439400,0.0,0.0
2024-09-25 00:00:00-04:00,20.164395783551786,20.178562229639784,19.947168536862165,19.95661163330078,794500,0.0,0.0
2024-09-26 00:00:00-04:00,19.994393078566638,20.060505568347043,19.729941318014784,19.82438850402832,1813100,0.0,0.0
2024-09-27 00:00:00-04:00,20.051059659176943,20.136061942162613,19.84327730156205,19.918834686279297,687200,0.0,0.0
2024-09-30 00:00:00-04:00,19.814943304883133,20.21634338899775,19.814943304883133,20.20217514038086,631500,0.0,0.0
2024-10-01 00:00:00-04:00,20.15495209625972,20.306066868375073,19.97550262883642,20.060504913330078,532300,0.0,0.0
2024-10-02 00:00:00-04:00,19.9093900798952,20.036893506242986,19.758275308245267,19.928279876708984,562300,0.0,0.0
2024-10-03 00:00:00-04:00,19.862168391107843,19.928280881860527,19.729941608172208,19.833833694458008,406800,0.0,0.0
2024-10-04 00:00:00-04:00,19.871613026253257,19.89994592109679,19.588271467806234,19.890501022338867,605200,0.0,0.0
2024-10-07 00:00:00-04:00,19.76771956113005,19.82911049805502,19.597714998217896,19.777164459228516,690900,0.0,0.0
2024-10-08 00:00:00-04:00,19.862169075643543,20.136063946977153,19.748832086568385,20.11717414855957,1085400,0.0,0.0
2024-10-09 00:00:00-04:00,20.16439412542072,20.287174184757248,20.06994695593036,20.22106170654297,971300,0.0,0.0
2024-10-10 00:00:00-04:00,20.107730385627896,20.277733161471534,19.800777476502198,19.899946212768555,836800,0.0,0.0
2024-10-11 00:00:00-04:00,19.966057730400436,20.136062299387756,19.89994524277874,20.060504913330078,610700,0.0,0.0
2024-10-14 00:00:00-04:00,19.99439248648322,20.25884423920401,19.947169795589954,20.192729949951172,480500,0.0,0.0
2024-10-15 00:00:00-04:00,20.239955611852352,21.052198912449857,20.239955611852352,20.683855056762695,1180400,0.0,0.0
2024-10-16 00:00:00-04:00,20.778299659156453,20.948304217323816,20.745243417449473,20.853857040405273,493600,0.0,0.0
2024-10-17 00:00:00-04:00,20.778301239013672,20.87274842311341,20.664964257807945,20.778301239013672,419500,0.0,0.0
2024-10-18 00:00:00-04:00,20.825523575373374,21.066363980794048,20.778300884843528,21.023862838745117,342500,0.0,0.0
2024-10-21 00:00:00-04:00,20.98608298058375,21.03330747194836,20.523293773791444,20.69329833984375,500800,0.0,0.0
2024-10-22 00:00:00-04:00,20.57996184884003,20.853856675538566,20.57996184884003,20.712186813354492,349800,0.0,0.0
2024-10-23 00:00:00-04:00,20.59885042453481,20.825522570717368,20.59885042453481,20.731077194213867,532500,0.0,0.0
2024-10-24 00:00:00-04:00,20.731076971412215,20.962470663361074,20.731076971412215,20.853857040405273,859900,0.0,0.0
2024-10-25 00:00:00-04:00,20.967196002380895,20.967196002380895,20.579964161561005,20.598852157592773,566300,0.0,0.0
2024-10-28 00:00:00-04:00,20.77830377143766,20.995531060341207,20.702746375235105,20.929418563842773,663900,0.0,0.0
2024-10-29 00:00:00-04:00,20.81608250162442,21.052199580083336,20.81608250162442,20.90108299255371,567600,0.0,0.0
2024-10-30 00:00:00-04:00,20.778300570110638,21.61887669853474,20.778300570110638,21.33553695678711,867800,0.0,0.0
2024-10-31 00:00:00-04:00,21.203315566459864,21.46776555638841,20.9058075263598,21.004976272583008,752400,0.0,0.0
2024-11-01 00:00:00-04:00,21.35442517950313,21.35442517950313,20.679130316628115,20.76885414123535,902800,0.0,0.0
2024-11-04 00:00:00-05:00,20.93885956290773,21.458316339853415,20.91996976701841,21.118309020996094,1285800,0.0,0.0
2024-11-05 00:00:00-05:00,20.995527888134305,21.467761993408203,20.981361441433737,21.467761993408203,1273300,0.0,0.0
2024-11-06 00:00:00-05:00,21.939995743833396,22.223337283273175,21.160810563591784,21.71332359313965,1344300,0.0,0.0
2024-11-07 00:00:00-05:00,21.74165893421191,22.020277132161873,21.666101548399894,21.864439010620117,804100,0.0,0.0
2024-11-08 00:00:00-05:00,21.96833294904336,22.331953461954278,21.892775556843063,22.18556022644043,862500,0.0,0.0
2024-11-11 00:00:00-05:00,22.223341009942963,22.525570594882687,22.18556141111029,22.289453506469727,1014200,0.0,0.0
2024-11-12 00:00:00-05:00,22.327229174648043,22.430177310648197,21.98722182473068,22.024999618530273,660400,0.0,0.0
2024-11-13 00:00:00-05:00,22.157225266668014,22.261117355250565,21.666103123892118,21.788883209228516,890600,0.0,0.0
2024-11-14 00:00:00-05:00,21.760546465909222,21.85027028927447,21.57637366832268,21.722766876220703,600400,0.0,0.0
2024-11-15 00:00:00-05:00,21.85499623631712,22.09583666548361,21.656658754820338,21.675548553466797,1025300,0.0,0.0
2024-11-18 00:00:00-05:00,21.65665793510483,21.97777729421872,21.486653356582146,21.779438018798828,461800,0.0,0.0
2024-11-19 00:00:00-05:00,21.628323215120734,22.20444944140367,21.628323215120734,22.166669845581055,619400,0.0,0.0
2024-11-20 00:00:00-05:00,22.091110510962565,22.166667894527148,21.642489559352295,21.71332359313965,930900,0.0,0.0
2024-11-21 00:00:00-05:00,21.7227712486526,21.80305019075453,21.599991160311305,21.675548553466797,1008000,0.0,0.0
2024-11-22 00:00:00-05:00,21.77943884316163,21.81721844045455,21.599991160311305,21.675548553466797,1164700,0.0,0.0
2024-11-25 00:00:00-05:00,21.788881042274305,21.939995809858225,21.732213454787864,21.845548629760742,1056300,0.0,0.0
2024-11-26 00:00:00-05:00,21.779436024146367,22.006108174273592,21.628321257394884,21.96833038330078,2618200,0.0,0.0
2024-11-27 00:00:00-05:00,22.12888949369085,22.289449154520074,21.963606483214544,22.015552520751953,770900,0.0,0.0
2024-11-29 00:00:00-05:00,22.15722359244654,22.24222587642208,21.72276907562061,21.732213973999023,587000,0.0,0.0
2024-12-02 00:00:00-05:00,21.73221232969942,21.76999011892456,21.241088459762363,21.35442543029785,1123300,0.0,0.0
2024-12-03 00:00:00-05:00,21.429984493240195,21.514986777460187,21.26942482320578,21.47720718383789,1817400,0.0,0.0
2024-12-04 00:00:00-05:00,21.486652113063883,21.651933331823074,21.463040767731165,21.543319702148438,767100,0.0,0.0
2024-12-05 00:00:00-05:00,21.44887278013182,21.552764862574953,21.189144375454187,21.486652374267578,706800,0.0,0.0
2024-12-06 00:00:00-05:00,21.656656200708053,21.656656200708053,21.44887204296305,21.524431228637695,592100,0.0,0.0
2024-12-09 00:00:00-05:00,21.62832460237397,21.684992198312305,21.32609502212898,21.37331771850586,716800,0.0,0.0
2024-12-10 00:00:00-05:00,21.37331796516955,21.37331796516955,21.04275548385566,21.250537872314453,833000,0.0,0.0
2024-12-11 00:00:00-05:00,21.288315532137783,21.40165071500029,21.089976259983015,21.184423446655273,1225600,0.0,0.0
2024-12-12 00:00:00-05:00,21.11830982307359,21.3733148715442,21.11830982307359,21.21275520324707,580200,0.0,0.0
2024-12-13 00:00:00-05:00,21.12710748147293,21.260340907184375,20.965323258036477,21.250823974609375,1237900,0.17,0.0
2024-12-16 00:00:00-05:00,21.317438701300198,21.736174619739824,21.127105513041542,21.574390411376953,967900,0.0,0.0
2024-12-17 00:00:00-05:00,21.441159219617653,21.650526292945624,21.184207482917884,21.2032413482666,790500,0.0,0.0
2024-12-18 00:00:00-05:00,21.22227159588638,21.43164046660046,20.337218714376572,20.356250762939453,882500,0.0,0.0
2024-12-19 00:00:00-05:00,20.365767390926095,20.63223603369113,20.251567840576172,20.251567840576172,1062900,0.0,0.0
2024-12-20 00:00:00-05:00,20.25156789099397,20.85112006974652,20.25156789099397,20.527551651000977,2531200,0.0,0.0
2024-12-23 00:00:00-05:00,20.39431931456072,20.546586600231986,20.280117942722658,20.44190216064453,638600,0.0,0.0
2024-12-24 00:00:00-05:00,20.318186057512825,20.570378413850086,20.28011832778759,20.546586990356445,307200,0.0,0.0
2024-12-26 00:00:00-05:00,20.48948794579507,20.584653643182758,20.403837366010688,20.55610466003418,533800,0.0,0.0
2024-12-27 00:00:00-05:00,20.394319015779146,20.546586299219662,20.242051732338627,20.33721923828125,504600,0.0,0.0
2024-12-30 00:00:00-05:00,20.308670913008264,20.37528763072294,20.065993652568327,20.27060317993164,548000,0.0,0.0
2024-12-31 00:00:00-05:00,20.43238479650304,20.54182679231785,20.280117514050332,20.460935592651367,651500,0.0,0.0
2025-01-02 00:00:00-05:00,20.43238422416603,20.465692577821475,20.099300687611564,20.203983306884766,589200,0.0,0.0
2025-01-03 00:00:00-05:00,20.28963457772534,20.3657682194456,20.223017868116266,20.33721923828125,823300,0.0,0.0
2025-01-06 00:00:00-05:00,20.184952567402462,20.280120084791292,19.794767379760742,19.794767379760742,1030800,0.0,0.0
2025-01-07 00:00:00-05:00,19.79476451157541,19.93751667455912,19.285620454763027,19.356996536254883,1505800,0.0,0.0
2025-01-08 00:00:00-05:00,19.328445003549277,19.442646366547436,19.22376238723414,19.34747886657715,859800,0.0,0.0
2025-01-10 00:00:00-05:00,18.947778886550267,19.08101231194657,18.681310220588376,18.70034408569336,1378600,0.0,0.0
2025-01-13 00:00:00-05:00,18.70034162555254,18.881159689923606,18.605174127716765,18.84309196472168,786000,0.0,0.0
2025-01-14 00:00:00-05:00,18.871644753733833,19.033428972607766,18.695586043984594,18.919227600097656,1347800,0.0,0.0
2025-01-15 00:00:00-05:00,19.395064781073263,19.395064781073263,19.014396536064982,19.061981201171875,1126400,0.0,0.0
2025-01-16 00:00:00-05:00,19.081011383343547,19.442647542061554,19.052462402244736,19.337963104248047,660100,0.0,0.0
2025-01-17 00:00:00-05:00,19.499749389538884,19.566366106067132,19.1143217672648,19.214248657226562,832900,0.0,0.0
2025-01-21 00:00:00-05:00,19.27134565938246,19.461680663567467,19.22376281592077,19.328445434570312,386800,0.0,0.0
2025-01-22 00:00:00-05:00,19.185696482857608,19.223764212527882,18.8240621268363,18.871644973754883,726000,0.0,0.0
2025-01-23 00:00:00-05:00,18.84309296879879,19.081010818481445,18.671793641769355,19.081010818481445,459900,0.0,0.0
2025-01-24 00:00:00-05:00,18.957296261910653,19.32369000547806,18.957296261910653,19.280864715576172,356300,0.0,0.0
2025-01-27 00:00:00-05:00,19.34748092186347,19.923241725851693,19.34748092186347,19.899450302124023,525500,0.0,0.0
2025-01-28 00:00:00-05:00,19.80428201958825,20.05171681007733,19.5996725162063,19.613948822021484,557500,0.0,0.0
2025-01-29 00:00:00-05:00,19.52829767970001,19.647256605407,19.233278237024887,19.356996536254883,661200,0.0,0.0
2025-01-30 00:00:00-05:00,19.61394894940772,19.63298099866956,19.252312785894503,19.566364288330078,1257400,0.0,0.0
2025-01-31 00:00:00-05:00,19.461680971731163,19.632980300007137,19.257071474301608,19.356996536254883,651000,0.0,0.0
2025-02-03 00:00:00-05:00,19.21424548972606,19.271345263741654,18.881160146825103,19.147628784179688,518000,0.0,0.0
2025-02-04 00:00:00-05:00,19.033428844317097,19.119079419330063,18.871644626533634,18.966812133789062,472200,0.0,0.0
2025-02-05 00:00:00-05:00,19.100044821087188,19.461680971731163,18.99536038561091,19.356996536254883,514100,0.0,0.0
2025-02-06 00:00:00-05:00,19.471198391148413,19.471198391148413,19.185697661755313,19.46168327331543,513600,0.0,0.0
2025-02-07 00:00:00-05:00,19.44264848634256,19.794765914903497,19.352238534687473,19.699600219726562,719300,0.0,0.0
2025-02-10 00:00:00-05:00,19.775734801715586,19.775734801715586,19.328448026451863,19.46168327331543,621400,0.0,0.0
2025-02-11 00:00:00-05:00,19.337961958961124,19.7662148017721,19.337961958961124,19.747180938720703,1076300,0.0,0.0
2025-02-12 00:00:00-05:00,19.290382376118956,20.451420990905806,18.757445011640613,20.16592025756836,1192500,0.0,0.0
2025-02-13 00:00:00-05:00,19.851866841561254,20.60368633611806,19.851866841561254,20.56562042236328,957000,0.0,0.0
2025-02-14 00:00:00-05:00,20.603686029670488,20.6798196712169,19.66153153484519,19.7376651763916,1201800,0.0,0.0
2025-02-18 00:00:00-05:00,19.632980389095636,19.751939315342423,19.433130264282227,19.433130264282227,1030700,0.0,0.0
2025-02-19 00:00:00-05:00,19.26183011348756,19.518781843073494,19.20473033419155,19.271347045898438,901000,0.0,0.0
2025-02-20 00:00:00-05:00,19.166662953280223,19.304655752994808,19.071497257778443,19.176179885864258,916100,0.0,0.0
2025-02-21 00:00:00-05:00,19.356996395394518,19.4331300346862,18.928743539898075,19.081010818481445,749800,0.0,0.0
2025-02-24 00:00:00-05:00,19.13811181877779,19.518780003489844,19.090527161208104,19.34747886657715,632600,0.0,0.0
2025-02-25 00:00:00-05:00,19.385549052603338,19.80428320133821,19.27134767511335,19.604433059692383,847200,0.0,0.0
2025-02-26 00:00:00-05:00,19.518781442421652,19.63298099866956,19.395063138789,19.566364288330078,602000,0.0,0.0
2025-02-27 00:00:00-05:00,19.51878118360705,19.65011230520302,19.252312530613214,19.337963104248047,752900,0.0,0.0
2025-02-28 00:00:00-05:00,19.499748614924005,19.628224483911747,19.366515187160118,19.604433059692383,1224800,0.0,0.0
2025-03-03 00:00:00-05:00,19.585398890581864,19.786201993004966,19.490231380010645,19.575881958007812,626300,0.0,0.0
2025-03-04 00:00:00-05:00,19.56636504596328,19.632981758882245,19.176179885864258,19.176179885864258,765900,0.0,0.0
2025-03-05 00:00:00-05:00,19.042945979392922,19.43313112964389,19.042945979392922,19.395063400268555,834800,0.0,0.0
2025-03-06 00:00:00-05:00,19.166661389580735,19.266588265975997,18.923985981578845,19.081010818481445,851300,0.0,0.0
2025-03-07 00:00:00-05:00,19.03342649862623,19.27134432985906,18.857367811761257,18.985843658447266,1335900,0.0,0.0
2025-03-10 00:00:00-04:00,18.862130021531314,19.061981992942698,18.538561546041983,18.671796798706055,1007600,0.0,0.0
2025-03-11 00:00:00-04:00,18.776475160788042,18.843091864367587,18.062721653574588,18.16740608215332,1584200,0.0,0.0
2025-03-12 00:00:00-04:00,18.253058304483574,18.281607285654413,17.81528850311561,17.939006805419922,1235900,0.0,0.0
2025-03-13 00:00:00-04:00,18.081756304078375,18.100790167407467,17.387036629088584,17.45365333557129,830000,0.0,0.0
2025-03-14 00:00:00-04:00,17.70367930333793,17.77580257686269,17.304602203235074,17.742145538330078,1405300,0.19,0.0
2025-03-17 00:00:00-04:00,17.761376742024535,18.02101832454437,17.761376742024535,17.934471130371094,649900,0.0,0.0
2025-03-18 00:00:00-04:00,17.886391113904537,18.227770712155614,17.86715799548081,18.030635833740234,1263200,0.0,0.0
2025-03-19 00:00:00-04:00,17.982554871852045,18.146032710111466,17.847924877057086,18.030635833740234,644500,0.0,0.0
2025-03-20 00:00:00-04:00,17.934470470507097,18.155645810069526,17.896006071273657,18.040250778198242,499400,0.0,0.0
2025-03-21 00:00:00-04:00,17.896005412822973,18.04025011444034,17.448845553889516,17.953702926635742,1734800,0.0,0.0
2025-03-24 00:00:00-04:00,18.107565576283356,18.38644027709961,18.078715900076872,18.38644027709961,701300,0.0,0.0
2025-03-25 00:00:00-04:00,18.338357561700487,18.511451951336195,18.088332536023476,18.26142692565918,1244300,0.0,0.0
2025-03-26 00:00:00-04:00,18.242193586694185,18.434521091548632,18.174879510246434,18.319124221801758,356500,0.0,0.0
2025-03-27 00:00:00-04:00,18.386438873547785,18.52587437914089,18.13641386802399,18.14603042602539,768900,0.0,0.0
2025-03-28 00:00:00-04:00,18.232576590500017,18.261426265787172,17.896006216338076,18.17487907409668,529300,0.0,0.0
2025-03-31 00:00:00-04:00,18.194111240873003,18.40567001275179,18.011400308603985,18.271041870117188,1031700,0.0,0.0
2025-04-01 00:00:00-04:00,18.242194392933097,18.386440945034618,18.02582823312302,18.28066062927246,985500,0.0,0.0
2025-04-02 00:00:00-04:00,18.165262085516087,18.7326261801982,18.165262085516087,18.674928665161133,520000,0.0,0.0
2025-04-03 00:00:00-04:00,17.934472668091612,18.237387873670354,17.21324721092301,17.338260650634766,946100,0.0,0.0
2025-04-04 00:00:00-04:00,16.943987907259718,17.049766375178166,16.559332930269804,16.722810745239258,1378000,0.0,0.0
2025-04-07 00:00:00-04:00,16.10736728925264,16.790126455141245,15.73233066766149,16.261228561401367,1767600,0.0,0.0
2025-04-08 00:00:00-04:00,16.66511465073341,16.818975920956223,15.482305448081409,15.674631118774414,1847400,0.0,0.0
2025-04-09 00:00:00-04:00,15.540002866812078,16.97283708298527,15.059185941888014,16.895906448364258,2298100,0.0,0.0
2025-04-10 00:00:00-04:00,16.424705873287675,16.89109887147107,15.939081592321706,16.309309005737305,1795500,0.0,0.0
2025-04-11 00:00:00-04:00,16.24199390925865,16.562218133132564,15.86695732310183,16.338157653808594,2065700,0.0,0.0
2025-04-14 00:00:00-04:00,16.5016349088611,16.722810229894765,16.27084303028195,16.70357894897461,2350300,0.0,0.0
2025-04-15 00:00:00-04:00,16.70358056088014,16.992069978400778,16.607416810316266,16.953603744506836,1271500,0.0,0.0
2025-04-16 00:00:00-04:00,16.924755395732973,17.294984632090646,16.809358531682545,17.194011688232422,1246400,0.0,0.0
2025-04-17 00:00:00-04:00,17.22286137068314,17.684445158754595,17.22286137068314,17.57866668701172,1329800,0.0,0.0
2025-04-21 00:00:00-04:00,17.357491935522493,17.477696178383926,17.049769367264616,17.338260650634766,1008500,0.0,0.0
2025-04-22 00:00:00-04:00,17.713295573435698,17.809459325177983,17.453653993982833,17.54020118713379,756600,0.0,0.0
2025-04-23 00:00:00-04:00,17.732530008871255,17.91812428438524,17.545011687827568,17.71329689025879,1097400,0.0,0.0
2025-04-24 00:00:00-04:00,17.674828969376982,17.79022583588824,17.549817378646505,17.655597686767578,981000,0.0,0.0
2025-04-25 00:00:00-04:00,17.59789731843885,17.790224806775036,17.511350132104656,17.751758575439453,938300,0.0,0.0
2025-04-28 00:00:00-04:00,17.69406121201194,17.85753902822681,17.54981651162726,17.819074630737305,1295100,0.0,0.0
2025-04-29 00:00:00-04:00,17.722910720750118,17.809457907009314,17.309407905105267,17.49211883544922,1266000,0.0,0.0
2025-04-30 00:00:00-04:00,17.43441984979362,17.511350479821505,17.040150141629343,17.37672233581543,1431000,0.0,0.0
2025-05-01 00:00:00-04:00,17.376723430460636,17.7469526839708,17.256519198834127,17.607515335083008,1118300,0.0,0.0
2025-05-02 00:00:00-04:00,17.74214641048523,17.99216961354051,17.74214641048523,17.838308334350586,690500,0.0,0.0
2025-05-05 00:00:00-04:00,17.732528319718096,17.924853985008898,17.645981128377393,17.655597686767578,776700,0.0,0.0
2025-05-06 00:00:00-04:00,17.578667053817064,17.732528319718096,17.40557267113566,17.655597686767578,861400,0.0,0.0
2025-05-07 00:00:00-04:00,17.694063771646324,17.838308492897532,17.636366249980068,17.71329689025879,685200,0.0,0.0
2025-05-08 00:00:00-04:00,17.79022753053751,17.900815211302476,17.525778569215102,17.71329689025879,567300,0.0,0.0
2025-05-09 00:00:00-04:00,17.7613783734628,17.7613783734628,17.588285803388175,17.66521644592285,951800,0.0,0.0
2025-05-12 00:00:00-04:00,17.934472191824486,18.463371946872062,17.934472191824486,18.35759162902832,693500,0.0,0.0
2025-05-13 00:00:00-04:00,18.453753616440757,18.5306842490786,17.934470470507097,18.040250778198242,954500,0.0,0.0
2025-05-14 00:00:00-04:00,17.915239133176254,17.915239133176254,17.645982809286302,17.71329689025879,592200,0.0,0.0
2025-05-15 00:00:00-04:00,17.713292679276332,18.040248281276504,17.713292679276332,18.021015167236328,462900,0.0,0.0
2025-05-16 00:00:00-04:00,18.021018169433944,18.271043191096844,17.98255376911635,18.25181007385254,736200,0.0,0.0
2025-05-19 00:00:00-04:00,18.059484630778016,18.146031825293534,17.99216871957736,18.001785278320312,567500,0.0,0.0
2025-05-20 00:00:00-04:00,17.924853610979845,17.992167684135563,17.569050128822198,17.57866668701172,628100,0.0,0.0
2025-05-21 00:00:00-04:00,17.424806088300183,17.424806088300183,17.001686682692757,17.020919799804688,818500,0.0,0.0
2025-05-22 00:00:00-04:00,16.943990773238912,17.059385818517608,16.79012765591536,17.01130485534668,669200,0.0,0.0
2025-05-23 00:00:00-04:00,16.809359326419056,17.035343869026306,16.809359326419056,16.963220596313477,654400,0.0,0.0
2025-05-27 00:00:00-04:00,17.184396463119487,17.45269164222819,17.035342566853053,17.434419631958008,1248400,0.0,0.0
2025-05-28 00:00:00-04:00,17.434421399380145,17.47769499725271,17.24209572430181,17.299793243408203,898600,0.0,0.0
2025-05-29 00:00:00-04:00,17.328641386997578,17.626747349207026,17.256518118866968,17.569049835205078,640800,0.0,0.0
2025-05-30 00:00:00-04:00,17.540200820328764,17.60751489488937,17.309408921476262,17.46327018737793,824100,0.0,0.0
2025-06-02 00:00:00-04:00,17.319024462930827,17.530583232580604,17.184396321714686,17.49211883544922,783900,0.0,0.0
2025-06-03 00:00:00-04:00,17.482503304158378,17.511351145158088,17.328642038256714,17.46327018737793,1032400,0.0,0.0
2025-06-04 00:00:00-04:00,17.415189229525847,17.732528319718096,17.38153219224568,17.655597686767578,1420200,0.0,0.0
2025-06-05 00:00:00-04:00,17.674827946939153,17.770991691107245,17.463269177106042,17.751758575439453,2262400,0.0,0.0
2025-06-06 00:00:00-04:00,17.92485325264391,18.030633556443064,17.780608551026546,17.953702926635742,959000,0.0,0.0
2025-06-09 00:00:00-04:00,17.953702786083394,18.256617941028086,17.819074643517254,18.07871437072754,1040100,0.0,0.0
2025-06-10 00:00:00-04:00,18.184496068906256,18.525875647560433,18.14122247202256,18.319124221801758,833700,0.0,0.0
2025-06-11 00:00:00-04:00,18.328740938896487,18.47298565169867,17.968128239805505,18.001785278320312,693500,0.0,0.0
2025-06-12 00:00:00-04:00,17.963319124590555,18.06909942626953,17.896005054129702,18.06909942626953,666700,0.0,0.0
2025-06-13 00:00:00-04:00,18.020527691123398,18.375111147977478,17.62223044543483,17.8165225982666,812700,0.19,0.0
2025-06-16 00:00:00-04:00,17.90395254397832,18.0399559290541,17.733946459726443,17.83595085144043,810300,0.0,0.0
2025-06-17 00:00:00-04:00,17.758235602341614,17.933096315503057,17.699946845047183,17.845666885375977,593100,0.0,0.0
2025-06-18 00:00:00-04:00,17.81652139361374,18.243962989198067,17.767949285143615,18.137102127075195,786900,0.0,0.0
2025-06-20 00:00:00-04:00,18.273103909755985,18.36539350182137,18.03023968290099,18.04966926574707,1599500,0.0,0.0
2025-06-23 00:00:00-04:00,17.971953925858863,18.447967618303025,17.971953925858863,18.4188232421875,823100,0.0,0.0
2025-06-24 00:00:00-04:00,18.46739892367215,18.51597103548483,18.26825030058848,18.311965942382812,561700,0.0,0.0
2025-06-25 00:00:00-04:00,18.25367614614148,18.25367614614148,17.855377110159647,17.884521484375,1014700,0.0,0.0
2025-06-26 00:00:00-04:00,17.98167025061663,18.37511102363021,17.9039537605913,18.341108322143555,1237700,0.0,0.0
2025-06-27 00:00:00-04:00,18.428538412119508,18.52082801192425,18.20510374937346,18.33139419555664,1085800,0.0,0.0
2025-06-30 00:00:00-04:00,18.360537464939682,18.44796874572236,17.84080810301333,18.12738800048828,1055600,0.0,0.0
2025-07-01 00:00:00-04:00,18.098244203429502,18.51597103548483,18.064243354579165,18.311965942382812,706500,0.0,0.0
2025-07-02 00:00:00-04:00,18.253677906929187,18.467397779736643,18.156531836414096,18.43825340270996,693800,0.0,0.0
2025-07-03 00:00:00-04:00,18.506255582629723,18.55482954561761,18.321680081997435,18.486827850341797,421400,0.0,0.0
2025-07-07 00:00:00-04:00,18.370249971079385,18.642258572203502,18.001097161538873,18.04966926574707,940800,0.0,0.0
2025-07-08 00:00:00-04:00,17.933094424535238,18.229389091030104,17.91366669372628,18.010812759399414,696500,0.0,0.0
2025-07-09 00:00:00-04:00,18.088529355054693,18.370250909079786,18.047726487831696,18.14681625366211,920600,0.0,0.0
2025-07-10 00:00:00-04:00,18.049671947775384,18.51111441794772,18.020527569175655,18.341108322143555,758400,0.0,0.0
2025-07-11 00:00:00-04:00,18.127386465387417,18.433395922212668,18.059384775627823,18.370250701904297,669000,0.0,0.0
2025-07-14 00:00:00-04:00,18.282818573637464,18.613114068088667,18.282818573637464,18.6033992767334,1292600,0.0,0.0
2025-07-15 00:00:00-04:00,18.54511516471527,18.608260391547713,18.127388338282188,18.20510482788086,886500,0.0,0.0
2025-07-16 00:00:00-04:00,18.311964595232755,18.68111743541077,18.239104579966504,18.66168785095215,927100,0.0,0.0
2025-07-17 00:00:00-04:00,18.681118586341405,18.854039304606637,18.50625602125497,18.70054817199707,934000,0.0,0.0
2025-07-18 00:00:00-04:00,18.661689573762565,18.792836501604747,18.55483055518945,18.71997833251953,948400,0.0,0.0
2025-07-21 00:00:00-04:00,18.817122692992115,18.928840024382904,18.749119147317273,18.82683563232422,703600,0.0,0.0
2025-07-22 00:00:00-04:00,18.83655093915203,19.29799339213363,18.83655093915203,19.205705642700195,958100,0.0,0.0
2025-07-23 00:00:00-04:00,19.225134417764227,19.302850901620126,19.030842281670918,19.24456214904785,881800,0.0,0.0
2025-07-24 00:00:00-04:00,19.127990815863175,19.351425504142618,19.0891316424716,19.263994216918945,806700,0.0,0.0
2025-07-25 00:00:00-04:00,19.351422807038883,19.351422807038883,19.00655602933762,19.13770294189453,1152900,0.0,0.0
2025-07-28 00:00:00-04:00,19.089127708267142,19.234845872638786,18.894837440073946,18.962839126586914,1646600,0.0,0.0
2025-07-29 00:00:00-04:00,19.098842911893016,19.526284475796263,19.01141164080128,19.370851516723633,1586700,0.0,0.0
2025-07-30 00:00:00-04:00,20.30345023613435,20.30345023613435,19.195989886880128,19.467998504638672,2052100,0.0,0.0
2025-07-31 00:00:00-04:00,19.273706849265047,19.64285969055809,19.132845140875308,19.15713119506836,1472800,0.0,0.0
2025-08-01 00:00:00-04:00,19.263992729075706,19.273707521673284,18.486827850341797,18.486827850341797,1994500,0.0,0.0
2025-08-04 00:00:00-04:00,18.496541785195816,18.9628406908124,18.44796782446046,18.88512420654297,2042400,0.0,0.0
2025-08-05 00:00:00-04:00,18.972553416676035,19.317420162255814,18.923979461230825,19.273704528808594,1775000,0.0,0.0
2025-08-06 00:00:00-04:00,19.36113704355849,19.67200296681588,19.273705771028965,19.28342056274414,1188400,0.0,0.0
2025-08-07 00:00:00-04:00,19.43885440968414,19.43885440968414,18.914266750615496,19.05027198791504,947700,0.0,0.0
2025-08-08 00:00:00-04:00,19.08912843827588,19.22513366940993,18.739405200991172,18.758832931518555,729300,0.0,0.0
2025-08-11 00:00:00-04:00,18.67140248512168,19.108558867204188,18.67140248512168,18.88512420654297,914900,0.0,0.0
2025-08-12 00:00:00-04:00,18.962839561933453,19.064842094044668,18.715117009198185,19.011411666870117,946900,0.0,0.0
2025-08-13 00:00:00-04:00,19.059987301572637,19.17656110483937,18.885124743765342,19.069700241088867,1657800,0.0,0.0
2025-08-14 00:00:00-04:00,18.94341128628822,19.011412979055905,18.62768702368722,18.82683563232422,1115500,0.0,0.0
2025-08-15 00:00:00-04:00,18.855978361262054,18.957980891499815,18.778261883046568,18.93369483947754,1561100,0.0,0.0
2025-08-18 00:00:00-04:00,18.96284088985632,19.157131176115698,18.909410458940165,18.99198341369629,1154700,0.0,0.0
2025-08-19 00:00:00-04:00,19.07941564106654,19.60885980110586,19.07941564106654,19.58457374572754,1697100,0.0,0.0
2025-08-20 00:00:00-04:00,19.545715997963523,19.75943587466397,19.48742724284841,19.536001205444336,1124000,0.0,0.0
2025-08-21 00:00:00-04:00,19.477712526952086,19.60885944711619,19.30770828946559,19.34170913696289,1017200,0.0,0.0
2025-08-22 00:00:00-04:00,19.497141395701615,20.264593303373665,19.46799887200738,20.2063045501709,1260300,0.0,0.0
2025-08-25 00:00:00-04:00,20.099445432350915,20.264593193045318,19.963440195192078,20.070301055908203,1191200,0.0,0.0
2025-08-26 00:00:00-04:00,20.002300235490246,20.128588833098075,19.565143834333867,19.67200469970703,1695200,0.0,0.0
2025-08-27 00:00:00-04:00,19.691433849953423,20.24516404391727,19.691433849953423,20.118873596191406,1216600,0.0,0.0
2025-08-28 00:00:00-04:00,20.24516529268709,20.24516529268709,19.83715325308755,20.128589630126953,1033700,0.0,0.0
2025-08-29 00:00:00-04:00,20.186876619049972,20.20144788075299,19.973154898567618,20.099445343017578,721100,0.0,0.0
2025-09-02 00:00:00-04:00,19.74000608492255,20.128588517124335,19.74000608492255,19.924583435058594,568300,0.0,0.0
2025-09-03 00:00:00-04:00,19.827437253870787,20.352024924115614,19.827437253870787,20.284021377563477,932700,0.0,0.0
2025-09-04 00:00:00-04:00,20.458882532423104,20.50745649091766,20.206303506972564,20.49774169921875,1278500,0.0,0.0
2025-09-05 00:00:00-04:00,20.61431641849603,20.8766102474113,20.42002613452361,20.59488868713379,802000,0.0,0.0
2025-09-08 00:00:00-04:00,20.653175766637965,20.653175766637965,20.303450658376345,20.53660011291504,1417900,0.0,0.0
2025-09-09 00:00:00-04:00,20.400598196619516,20.54631638458534,20.30345212033987,20.48802947998047,915900,0.0,0.0
2025-09-10 00:00:00-04:00,20.420024871826172,20.624029935318383,20.332593600927503,20.420024871826172,917800,0.0,0.0
2025-09-11 00:00:00-04:00,20.47831231884827,20.67260444893866,20.429740212779212,20.60460090637207,798700,0.0,0.0
2025-09-12 00:00:00-04:00,20.604601715824757,20.682320053239742,20.410311431008743,20.565744400024414,819000,0.0,0.0
2025-09-15 00:00:00-04:00,20.565743968216054,20.600052734493907,20.207951212970194,20.242259979248047,1462000,0.19,0.0
2025-09-16 00:00:00-04:00,20.114827681889786,20.203050757926036,19.918775986323105,20.016801834106445,1074200,0.0,0.0
2025-09-17 00:00:00-04:00,20.085419793874422,20.47752132366042,20.075617021918823,20.11482810974121,902000,0.0,0.0
2025-09-18 00:00:00-04:00,20.04621156006104,20.42851033666331,20.04621156006104,20.35009002685547,753800,0.0,0.0
2025-09-19 00:00:00-04:00,20.369693653143578,20.40890286951062,19.987393042861868,20.124629974365234,1666500,0.0,0.0
2025-09-22 00:00:00-04:00,20.16384067801744,20.232458213986607,19.938382525636563,20.0266056060791,544400,0.0,0.0
2025-09-23 00:00:00-04:00,20.02660441919168,20.222654243243504,19.967789658944884,19.977590560913086,798300,0.0,0.0
2025-09-24 00:00:00-04:00,19.850159366381675,19.85996213857944,19.49726704601263,19.55608367919922,987900,0.0,0.0
2025-09-25 00:00:00-04:00,19.595292952897417,19.761936341348463,19.487464328109205,19.575687408447266,756000,0.0,0.0
2025-09-26 00:00:00-04:00,19.526674936340875,19.752133082904876,19.492366169241464,19.683515548706055,434200,0.0,0.0
2025-09-29 00:00:00-04:00,19.72272525290819,19.84035476908548,19.507068023770746,19.801145553588867,706600,0.0,0.0
2025-09-30 00:00:00-04:00,19.850157703354633,20.124629692834183,19.791342944783107,20.065813064575195,948500,0.0,0.0
2025-10-01 00:00:00-04:00,20.016801498040913,20.124630115760986,19.87956643526082,19.93838119506836,1026300,0.0,0.0
2025-10-02 00:00:00-04:00,19.938381092570435,19.96288708655697,19.5021680426726,19.693317413330078,601100,0.0,0.0
2025-10-03 00:00:00-04:00,19.693318172724354,19.96779017714497,19.63450341095121,19.644306182861328,541800,0.0,0.0
2025-10-06 00:00:00-04:00,19.663911347034908,19.73743120708801,19.458058730386558,19.546281814575195,729900,0.0,0.0
2025-10-07 00:00:00-04:00,19.47766410823786,19.5315765528339,19.19828976425055,19.281612396240234,614300,0.0,0.0
2025-10-08 00:00:00-04:00,19.23259816413592,19.291412923013254,19.046349246388974,19.203189849853516,403200,0.0,0.0
2025-10-09 00:00:00-04:00,19.252202653690485,19.311019284749406,19.075756499888833,19.173782348632812,541800,0.0,0.0
2025-10-10 00:00:00-04:00,19.271807414382188,19.320819401919092,18.77187728881836,18.77187728881836,756100,0.0,0.0
2025-10-13 00:00:00-04:00,18.860100130609702,19.012040281608865,18.722865071441074,18.938520431518555,960800,0.0,0.0
2025-10-14 00:00:00-04:00,18.90911418577937,19.203189849853516,18.884606322366963,19.203189849853516,488200,0.0,0.0
2025-10-15 00:00:00-04:00,19.222797291099894,19.51197253286221,19.222797291099894,19.42864990234375,715600,0.0,0.0
2025-10-16 00:00:00-04:00,19.350228114032713,19.536477035939093,19.110066752602464,19.30121612548828,716100,0.0,0.0
2025-10-17 00:00:00-04:00,19.154179987708073,19.565885215218767,19.154179987708073,19.487464904785156,486500,0.0,0.0
2025-10-20 00:00:00-04:00,19.516871023646246,19.678613947393647,19.26200457602722,19.634502410888672,566700,0.0,0.0
2025-10-21 00:00:00-04:00,19.693317506769507,19.899170100858125,19.624699975406635,19.712923049926758,525300,0.0,0.0
2025-10-22 00:00:00-04:00,19.830551581878915,20.02660326431249,19.7178225188702,19.928577423095703,487700,0.0,0.0
2025-10-23 00:00:00-04:00,19.879567524249836,20.036408138786562,19.67861537001918,19.967790603637695,828600,0.0,0.0
2025-10-24 00:00:00-04:00,19.967788188302865,20.173640768849214,19.85995957771913,20.07561492919922,576700,0.0,0.0
2025-10-27 00:00:00-04:00,20.00699849277593,20.183444639825154,19.90897264778331,20.105024337768555,883200,0.0,0.0
2025-10-28 00:00:00-04:00,20.046210576520117,20.046210576520117,19.761935798859465,19.88936996459961,1340600,0.0,0.0
2025-10-29 00:00:00-04:00,19.399243124448706,20.10012357676176,19.168882651295473,19.350229263305664,1324500,0.0,0.0
2025-10-30 00:00:00-04:00,19.340425823478963,19.502168755136477,18.948324296307423,18.96792984008789,959600,0.0,0.0
2025-10-31 00:00:00-04:00,18.879706242717088,18.967929317611503,18.742471179409115,18.850297927856445,1168400,0.0,0.0
2025-11-03 00:00:00-05:00,18.703259270193122,18.811087883584708,18.26214391512521,18.654247283935547,1249800,0.0,0.0
2025-11-04 00:00:00-05:00,18.654247340433646,18.727765320042675,18.49740674030946,18.673851013183594,926400,0.0,0.0
2025-11-05 00:00:00-05:00,18.811088019991885,18.811088019991885,18.42878741959833,18.467998504638672,796600,0.0,0.0
2025-11-06 00:00:00-05:00,18.418988814992268,18.68365619327053,18.281751869924186,18.340566635131836,762500,0.0,0.0
2025-11-07 00:00:00-05:00,18.448394201547156,18.791483739950348,18.369973895885362,18.762075424194336,757700,0.0,0.0
2025-11-10 00:00:00-05:00,18.77187804598544,18.77187804598544,18.487605141367734,18.497407913208008,569300,0.0,0.0
2025-11-11 00:00:00-05:00,18.595431566791756,18.90911465112797,18.595431566791756,18.869903564453125,453800,0.0,0.0
2025-11-12 00:00:00-05:00,18.82089090118025,18.987534274200137,18.713062286376953,18.713062286376953,926500,0.0,0.0
2025-11-13 00:00:00-05:00,18.65424752816036,18.830691802810136,18.615036442890997,18.713062286376953,502000,0.0,0.0
2025-11-14 00:00:00-05:00,18.762075760128443,18.77481955081965,18.48760562024157,18.61503791809082,461600,0.0,0.0
2025-11-17 00:00:00-05:00,18.575827932027877,18.703260224612855,18.17392364120696,18.213132858276367,696400,0.0,0.0
2025-11-18 00:00:00-05:00,18.252342809861467,18.428787080231444,18.095500342275805,18.389577865600586,766900,0.0,0.0
2025-11-19 00:00:00-05:00,18.340564811844505,18.55622204564625,18.09550113320615,18.13471221923828,514300,0.0,0.0
2025-11-20 00:00:00-05:00,18.262144847035007,18.752272213371494,18.164120869517728,18.213132858276367,485900,0.0,0.0
2025-11-21 00:00:00-05:00,18.399381828675647,18.77187780539413,18.213132905472644,18.664051055908203,908200,0.0,0.0
2025-11-24 00:00:00-05:00,18.615037677767635,18.77187828987461,18.438591521725396,18.556222915649414,626200,0.0,0.0
2025-11-25 00:00:00-05:00,18.556221365617617,19.065954247230245,18.556221365617617,18.86009979248047,667000,0.0,0.0
2025-11-26 00:00:00-05:00,18.722865636168684,19.09046115833291,18.644445332894485,18.850297927856445,1182900,0.0,0.0
2025-11-28 00:00:00-05:00,18.811089616643642,18.86500392830654,18.776780849164997,18.840496063232422,344100,0.0,0.0
2025-12-01 00:00:00-05:00,18.605234154175122,19.007138440173833,18.605234154175122,18.830692291259766,947900,0.0,0.0
2025-12-02 00:00:00-05:00,18.909113725787293,18.909113725787293,18.610135748428757,18.654247283935547,430500,0.0,0.0
2025-12-03 00:00:00-05:00,18.771879379214383,18.860102462355126,18.624841530542376,18.81109046936035,564000,0.0,0.0
2025-12-04 00:00:00-05:00,18.732668923056437,19.05615291667132,18.668951840616177,18.74247169494629,697200,0.0,0.0
2025-12-05 00:00:00-05:00,18.713063948603452,18.928719327678625,18.693458404227265,18.87970733642578,739800,0.0,0.0
2025-12-08 00:00:00-05:00,18.918916812595782,18.918916812595782,18.418988512022455,18.487606048583984,831000,0.0,0.0
2025-12-09 00:00:00-05:00,18.507208578161574,18.77678012609521,18.507208578161574,18.664051055908203,564500,0.0,0.0
2025-12-10 00:00:00-05:00,18.72286620620722,18.928718807436596,18.590531589836527,18.762075424194336,869000,0.0,0.0
2025-12-11 00:00:00-05:00,18.830693233138643,19.129671237121013,18.77187847045464,19.046350479125977,1061300,0.0,0.0
2025-12-12 00:00:00-05:00,19.12476888994218,19.31101780127937,19.0610518127002,19.271806716918945,872400,0.0,0.0
2025-12-15 00:00:00-05:00,19.41038362825098,19.553906188245726,19.336146324030917,19.469772338867188,901100,0.19,0.0
2025-12-16 00:00:00-05:00,19.529161520988257,19.603398827000678,19.252012939465867,19.26190948486328,1071000,0.0,0.0
2025-12-17 00:00:00-05:00,19.23221539914207,19.5588561358756,19.16292825618845,19.44007682800293,1190200,0.0,0.0
2025-12-18 00:00:00-05:00,19.59844735567352,19.59844735567352,19.331197225354682,19.35099220275879,657400,0.0,0.0
2025-12-19 00:00:00-05:00,19.222316831486168,19.29160397395436,19.063945680720863,19.143131256103516,1677500,0.0,0.0
2025-12-22 00:00:00-05:00,19.073845500778226,19.217369956576157,18.950117912248942,18.974863052368164,783300,0.0,0.0
2025-12-23 00:00:00-05:00,18.93526849395581,18.93526849395581,18.76699890536008,18.856082916259766,892400,0.0,0.0
2025-12-24 00:00:00-05:00,18.826389351469487,19.410383690203172,18.826389351469487,19.2025203704834,704400,0.0,0.0
2025-12-26 00:00:00-05:00,19.222317540531773,19.242114407090934,19.034251084085952,19.153030395507812,764700,0.0,0.0
2025-12-29 00:00:00-05:00,19.232215881347656,19.247062587229095,19.063946292269996,19.232215881347656,1045700,0.0,0.0
2025-12-30 00:00:00-05:00,19.172826766967773,19.271807321341395,19.12828476232642,19.172826766967773,495600,0.0,0.0
2025-12-31 00:00:00-05:00,19.202520860923688,19.202520860923688,18.964964123700277,18.994659423828125,933000,0.0,0.0
2026-01-02 00:00:00-05:00,18.905574798583984,19.054047518544472,18.638322769895268,18.905574798583984,810500,0.0,0.0
2026-01-05 00:00:00-05:00,18.82638865840181,18.846185523919296,18.52944133943857,18.549238204956055,1164600,0.0,0.0
2026-01-06 00:00:00-05:00,18.529441497029502,18.885777527642787,18.37107034740871,18.8461856842041,1166300,0.0,0.0
2026-01-07 00:00:00-05:00,18.95506458050011,18.95506458050011,18.697710991592924,18.925371170043945,791300,0.0,0.0
2026-01-08 00:00:00-05:00,18.806592782454917,19.261909385716987,18.776897482616175,19.153030395507812,716300,0.0,0.0
2026-01-09 00:00:00-05:00,19.083743011500886,19.182723567190962,18.851134552176433,18.93526840209961,678700,0.0,0.0
2026-01-12 00:00:00-05:00,18.905575074049185,18.92537194044785,18.63832304146645,18.668018341064453,1425700,0.0,0.0
2026-01-13 00:00:00-05:00,18.776896995263616,18.776896995263616,18.514595127928622,18.529441833496094,831100,0.0,0.0
2026-01-14 00:00:00-05:00,18.539341373194624,18.618526954169763,18.30673479104256,18.41066551208496,1240600,0.0,0.0
2026-01-15 00:00:00-05:00,18.47005271911621,18.757101606692963,18.460154286310146,18.47005271911621,885900,0.0,0.0
2026-01-16 00:00:00-05:00,18.410664147014703,18.84618575405253,18.311681706151603,18.766998291015625,1151100,0.0,0.0
2026-01-20 00:00:00-05:00,18.578934757096597,19.153030680317457,18.55913789024305,19.103538513183594,1194300,0.0,0.0
2026-01-21 00:00:00-05:00,19.172827355010504,19.29160477907505,18.85608315232777,19.07384490966797,767300,0.0,0.0
2026-01-22 00:00:00-05:00,19.162928921682937,19.27675807305026,18.974862464325437,19.07384490966797,1023400,0.0,0.0
2026-01-23 00:00:00-05:00,19.054047712034016,19.157978428268443,18.66306809808574,18.93526840209961,937800,0.0,0.0
2026-01-26 00:00:00-05:00,18.97486160562144,19.01445344920686,18.68781271591175,18.766998291015625,985600,0.0,0.0
2026-01-27 00:00:00-05:00,18.747204742578244,18.984761486002487,18.66801916143683,18.974863052368164,520900,0.0,0.0
2026-01-28 00:00:00-05:00,19.014453434590322,19.143131173993346,18.519543118588288,18.578933715820312,608400,0.0,0.0
2026-01-29 00:00:00-05:00,18.677915926857647,19.044148498951774,18.588831920038427,19.00455665588379,534000,0.0,0.0
2026-01-30 00:00:00-05:00,19.103538137264866,19.24211431457965,18.831337831150943,19.232215881347656,849200,0.0,0.0
2026-02-02 00:00:00-05:00,19.400484579177572,19.481648707258312,19.182722833943814,19.380687713623047,687100,0.0,0.0
2026-02-03 00:00:00-05:00,19.578654043758867,19.90529479787521,19.29160513575167,19.7766170501709,1574000,0.0,0.0
2026-02-04 00:00:00-05:00,19.61824574961687,20.365561426890864,19.598448882737248,20.311120986938477,1070500,0.0,0.0
2026-02-05 00:00:00-05:00,20.528879605485045,20.875317202995127,20.281424448396844,20.776334762573242,1044500,0.0,0.0
2026-02-06 00:00:00-05:00,20.825827846114258,21.102976426010727,20.667454801687995,20.815929412841797,1626100,0.0,0.0
2026-02-09 00:00:00-05:00,20.707048011960005,20.870367436999302,20.499184694352742,20.647659301757812,883900,0.0,0.0
2026-02-10 00:00:00-05:00,20.707047340412135,21.083178343405173,20.637760199434442,20.82582664489746,767900,0.0,0.0
2026-02-11 00:00:00-05:00,21.568192252081495,21.647377826296616,20.469490757905312,20.479389190673828,1095300,0.0,0.0
2026-02-12 00:00:00-05:00,20.73674327962618,20.766436690715782,20.330916965981793,20.459592819213867,1181700,0.0,0.0
2026-02-13 00:00:00-05:00,20.558574676513672,20.806029830863814,20.469490669912982,20.558574676513672,1119400,0.0,0.0
2026-02-17 00:00:00-05:00,20.6179643139204,20.88521634576405,20.568474035993688,20.78623390197754,797800,0.0,0.0
2026-02-18 00:00:00-05:00,20.72684534811912,20.855521204464598,20.429898014506854,20.439796447753906,948200,0.0,0.0
2026-02-19 00:00:00-05:00,20.35071224531381,20.608065843520603,20.32101883378466,20.41010284423828,941900,0.0,0.0
2026-02-20 00:00:00-05:00,20.499185003789968,20.85552104624817,20.41505115372794,20.78623390197754,1298700,0.0,0.0
2026-02-23 00:00:00-05:00,20.87531800493922,20.964402015947854,20.69714998292195,20.707048416137695,750600,0.0,0.0
2026-02-24 00:00:00-05:00,20.59816781629081,20.865419852918365,20.41999979187244,20.469491958618164,620600,0.0,0.0
2026-02-25 00:00:00-05:00,20.449694725863257,20.80603076832146,20.360610715248708,20.78623390197754,586800,0.0,0.0
2026-02-26 00:00:00-05:00,20.89511422531281,21.162364362142494,20.865418926583718,21.07328224182129,1052300,0.0,0.0
2026-02-27 00:00:00-05:00,20.984199219959553,21.335585109072543,20.934707053084615,21.033689498901367,1512100,0.0,0.0
2026-03-02 00:00:00-05:00,21.01389260766992,21.068333047202366,20.766437437382898,20.845623016357422,1289200,0.0,0.0
2026-03-03 00:00:00-05:00,20.588268103828227,21.12277214387553,20.291322673535063,20.746639251708984,724000,0.0,0.0
2026-03-04 00:00:00-05:00,20.716946637731983,20.885216224814652,20.6120247570633,20.677352905273438,961600,0.0,0.0
2026-03-05 00:00:00-05:00,20.548677729341623,20.62786330894102,20.231935410944033,20.49918556213379,693100,0.0,0.0
2026-03-06 00:00:00-05:00,20.439795921672673,20.439795921672673,20.058714747168413,20.271526336669922,617200,0.0,0.0
2026-03-09 00:00:00-04:00,20.053766654437105,20.182442508624398,19.647940337780096,20.113155364990234,813200,0.0,0.0
2026-03-10 00:00:00-04:00,20.202239283866565,20.533830182823106,19.89044525098299,20.192340850830078,942200,0.0,0.0
2026-03-11 00:00:00-04:00,20.35071215447268,20.55857547391431,19.96468270285219,20.489288330078125,1245900,0.0,0.0
2026-03-12 00:00:00-04:00,20.88521701051797,20.88521701051797,20.113156189929033,20.420000076293945,977700,0.0,0.0
2026-03-13 00:00:00-04:00,20.59000015258789,20.860000610351562,20.25,20.540000915527344,905000,0.21,0.0
2026-03-16 00:00:00-04:00,20.799999237060547,21.040000915527344,20.579999923706055,20.84000015258789,1055700,0.0,0.0
2026-03-17 00:00:00-04:00,20.989999771118164,21.15999984741211,20.920000076293945,20.959999084472656,959700,0.0,0.0
2026-03-18 00:00:00-04:00,20.8700008392334,20.950000762939453,20.670000076293945,20.709999084472656,887600,0.0,0.0
2026-03-19 00:00:00-04:00,20.68000030517578,20.8700008392334,20.579999923706055,20.770000457763672,1066600,0.0,0.0
2026-03-20 00:00:00-04:00,20.8799991607666,21.0,20.309999465942383,20.350000381469727,2374400,0.0,0.0
2026-03-23 00:00:00-04:00,20.700000762939453,20.8700008392334,20.239999771118164,20.239999771118164,1743100,0.0,0.0
2026-03-24 00:00:00-04:00,20.040000915527344,20.530000686645508,20.010000228881836,20.229999542236328,1074500,0.0,0.0
2026-03-25 00:00:00-04:00,20.329999923706055,20.43000030517578,20.049999237060547,20.18000030517578,953600,0.0,0.0
2026-03-26 00:00:00-04:00,20.170000076293945,20.399999618530273,20.149999618530273,20.170000076293945,644800,0.0,0.0
2026-03-27 00:00:00-04:00,20.149999618530273,20.43000030517578,19.959999084472656,20.0,881600,0.0,0.0
2026-03-30 00:00:00-04:00,20.1299991607666,20.389999389648438,20.030000686645508,20.049999237060547,912800,0.0,0.0
2026-03-31 00:00:00-04:00,20.299999237060547,20.440000534057617,19.829999923706055,19.979999542236328,1461800,0.0,0.0
2026-04-01 00:00:00-04:00,19.93000030517578,20.170000076293945,19.8700008392334,19.889999389648438,1029700,0.0,0.0
2026-04-02 00:00:00-04:00,19.950000762939453,20.3799991607666,19.815000534057617,20.3700008392334,903000,0.0,0.0
2026-04-06 00:00:00-04:00,20.309999465942383,20.420000076293945,20.174999237060547,20.420000076293945,851400,0.0,0.0
2026-04-07 00:00:00-04:00,20.40999984741211,20.600000381469727,20.360000610351562,20.40999984741211,815500,0.0,0.0
2026-04-08 00:00:00-04:00,20.6299991607666,20.770000457763672,20.559999465942383,20.6200008392334,945200,0.0,0.0
2026-04-09 00:00:00-04:00,20.459999084472656,20.979999542236328,20.459999084472656,20.829999923706055,666800,0.0,0.0
2026-04-10 00:00:00-04:00,20.81999969482422,21.05500030517578,20.809999465942383,20.950000762939453,609300,0.0,0.0
2026-04-13 00:00:00-04:00,20.889999389648438,20.954999923706055,20.732999801635742,20.93000030517578,586600,0.0,0.0
2026-04-14 00:00:00-04:00,20.84000015258789,21.295000076293945,20.829999923706055,21.239999771118164,511300,0.0,0.0
2026-04-15 00:00:00-04:00,21.18000030517578,21.434999465942383,21.079999923706055,21.420000076293945,618800,0.0,0.0
2026-04-16 00:00:00-04:00,21.5,21.829999923706055,21.360000610351562,21.760000228881836,1516800,0.0,0.0
2026-04-17 00:00:00-04:00,21.81999969482422,22.05500030517578,21.709999084472656,22.020000457763672,1052700,0.0,0.0
2026-04-20 00:00:00-04:00,21.950000762939453,22.0,21.625,21.709999084472656,806300,0.0,0.0
2026-04-21 00:00:00-04:00,21.729999542236328,21.770000457763672,21.545000076293945,21.600000381469727,842100,0.0,0.0
2026-04-22 00:00:00-04:00,21.43000030517578,21.674999237060547,21.15999984741211,21.350000381469727,676900,0.0,0.0
2026-04-23 00:00:00-04:00,21.43000030517578,21.6299991607666,21.385000228881836,21.59000015258789,404400,0.0,0.0
2026-04-24 00:00:00-04:00,21.510000228881836,21.799999237060547,21.510000228881836,21.700000762939453,717400,0.0,0.0
2026-04-27 00:00:00-04:00,21.719999313354492,21.940000534057617,21.579999923706055,21.81999969482422,781800,0.0,0.0
2026-04-28 00:00:00-04:00,22.18000030517578,22.260000228881836,21.864999771118164,22.1200008392334,1146600,0.0,0.0
2026-04-29 00:00:00-04:00,21.559999465942383,22.03499984741211,21.260000228881836,21.5,1875600,0.0,0.0
2026-04-30 00:00:00-04:00,21.31999969482422,21.93000030517578,21.31999969482422,21.920000076293945,1639200,0.0,0.0
2026-05-01 00:00:00-04:00,21.950000762939453,22.030000686645508,21.729999542236328,21.850000381469727,799600,0.0,0.0
2026-05-04 00:00:00-04:00,21.709999084472656,22.030000686645508,21.559999465942383,21.65999984741211,916100,0.0,0.0
2026-05-05 00:00:00-04:00,21.649999618530273,21.90999984741211,21.579999923706055,21.8700008392334,513200,0.0,0.0
2026-05-06 00:00:00-04:00,21.889999389648438,22.094999313354492,21.690000534057617,22.049999237060547,481800,0.0,0.0
2026-05-07 00:00:00-04:00,21.959999084472656,22.15999984741211,21.86199951171875,22.030000686645508,711100,0.0,0.0
2026-05-08 00:00:00-04:00,22.040000915527344,22.05500030517578,21.600000381469727,21.610000610351562,913900,0.0,0.0
2026-05-11 00:00:00-04:00,21.690000534057617,21.78499984741211,21.540000915527344,21.770000457763672,733600,0.0,0.0
2026-05-12 00:00:00-04:00,21.360000610351562,21.850000381469727,21.360000610351562,21.690000534057617,728700,0.0,0.0
2026-05-13 00:00:00-04:00,21.899999618530273,21.940000534057617,21.290000915527344,21.399999618530273,445200,0.0,0.0
2026-05-14 00:00:00-04:00,21.40999984741211,21.739999771118164,21.40999984741211,21.56999969482422,372100,0.0,0.0
2026-05-15 00:00:00-04:00,21.600000381469727,21.600000381469727,21.219999313354492,21.299999237060547,714500,0.0,0.0
2026-05-18 00:00:00-04:00,21.290000915527344,21.725000381469727,21.290000915527344,21.649999618530273,549500,0.0,0.0
2026-05-19 00:00:00-04:00,21.690000534057617,21.799999237060547,21.600000381469727,21.719999313354492,564800,0.0,0.0
2026-05-20 00:00:00-04:00,21.770000457763672,22.040000915527344,21.739999771118164,21.969999313354492,481200,0.0,0.0
2026-05-21 00:00:00-04:00,21.770000457763672,22.399999618530273,21.68000030517578,22.3799991607666,1137300,0.0,0.0
2026-05-22 00:00:00-04:00,22.520000457763672,22.530000686645508,22.25,22.280000686645508,632100,0.0,0.0
2026-05-26 00:00:00-04:00,22.385000228881836,22.6299991607666,22.28499984741211,22.6200008392334,984700,0.0,0.0
2026-05-27 00:00:00-04:00,22.84000015258789,22.93000030517578,22.360000610351562,22.68000030517578,759700,0.0,0.0
2026-05-28 00:00:00-04:00,22.68000030517578,22.69499969482422,22.510000228881836,22.649999618530273,461593,0.0,0.0
