Date,Open,High,Low,Close,Volume,Dividends,Stock Splits
2022-01-03 00:00:00-05:00,6.367128372192383,6.466974864454611,6.3517677677891164,6.367128372192383,308800,0.0,0.0
2022-01-04 00:00:00-05:00,6.428571953018196,6.543779776745269,6.41321134933588,6.420891284942627,380000,0.0,0.0
2022-01-05 00:00:00-05:00,6.466973781585693,6.582180858960222,6.443932512604534,6.466973781585693,346400,0.0,0.0
2022-01-06 00:00:00-05:00,6.466973575471784,6.543778779586042,6.390168371357527,6.436251640319824,275300,0.0,0.0
2022-01-07 00:00:00-05:00,6.420890851870024,6.459293457188891,6.328725038586007,6.374808311462402,279900,0.0,0.0
2022-01-10 00:00:00-05:00,6.359446338559575,6.390168273239817,6.267280534518851,6.305683135986328,329900,0.0,0.0
2022-01-11 00:00:00-05:00,6.313364780778496,6.313364780778496,6.251920901899727,6.282642841339111,424600,0.0,0.0
2022-01-12 00:00:00-05:00,6.32872522966642,6.32872522966642,6.198156807121341,6.213518142700195,435500,0.0,0.0
2022-01-13 00:00:00-05:00,6.259600071813166,6.367127212934065,6.205836867487078,6.336405277252197,617400,0.0,0.0
2022-01-14 00:00:00-05:00,6.2980033795236166,6.54377962495918,6.274962108300184,6.536098957061768,535200,0.0,0.0
2022-01-18 00:00:00-05:00,6.520737772518561,6.551459712352015,6.390169345109172,6.420891284942627,393600,0.0,0.0
2022-01-19 00:00:00-05:00,6.43625189141746,6.505376431323307,6.321044080751469,6.4285712242126465,399800,0.0,0.0
2022-01-20 00:00:00-05:00,6.428571788427547,6.459293727474428,6.1213520317243315,6.152074337005615,463600,0.0,0.0
2022-01-21 00:00:00-05:00,6.136712435946792,6.259600180814157,6.0752685635131085,6.129032135009766,486300,0.0,0.0
2022-01-24 00:00:00-05:00,6.098309893777523,6.321043737092099,6.044546324969925,6.305683135986328,585300,0.0,0.0
2022-01-25 00:00:00-05:00,6.228877889757694,6.382488294559936,6.113670818624708,6.344085693359375,501000,0.0,0.0
2022-01-26 00:00:00-05:00,6.428570663064495,6.459292596733302,6.1520732600452295,6.274960994720459,574400,0.0,0.0
2022-01-27 00:00:00-05:00,6.321045323468912,6.443933825499595,6.090630755540538,6.098311424255371,377400,0.0,0.0
2022-01-28 00:00:00-05:00,6.1443944521824685,6.1443944521824685,5.990784737371686,6.105991840362549,623100,0.0,0.0
2022-01-31 00:00:00-05:00,6.121351445440699,6.259600157910642,6.021505336218479,6.251920223236084,822500,0.0,0.0
2022-02-01 00:00:00-05:00,6.2519207040780325,6.298003245544571,6.152074220942145,6.259600639343262,450300,0.0,0.0
2022-02-02 00:00:00-05:00,6.2749618409590395,6.3133644463411756,6.14439342214104,6.1674346923828125,400300,0.0,0.0
2022-02-03 00:00:00-05:00,6.144393669126694,6.213518215099378,6.105991062200891,6.152074337005615,352200,0.0,0.0
2022-02-04 00:00:00-05:00,6.090629869581363,6.182796049580418,5.975422785492725,6.144393444061279,428800,0.0,0.0
2022-02-07 00:00:00-05:00,6.1443938337594854,6.182796441714247,6.090630255869701,6.121352195739746,297300,0.0,0.0
2022-02-08 00:00:00-05:00,6.136713155457862,6.228878974914551,6.129032853620344,6.228878974914551,515100,0.0,0.0
2022-02-09 00:00:00-05:00,6.244239623184741,6.305683496053795,6.167434415864052,6.190476417541504,517200,0.0,0.0
2022-02-10 00:00:00-05:00,6.129033620846217,6.221199818074582,6.044548092651239,6.090631008148193,598800,0.0,0.0
2022-02-11 00:00:00-05:00,6.121351738309381,6.305683729989481,6.090629800735096,6.205837249755859,453000,0.0,0.0
2022-02-14 00:00:00-05:00,6.190476351027221,6.282642159340516,6.159754414922789,6.251920223236084,552500,0.0,0.0
2022-02-15 00:00:00-05:00,6.3440860370612,6.490015050566852,6.3210440356113065,6.466973781585693,590400,0.0,0.0
2022-02-16 00:00:00-05:00,6.64362534009222,6.858679645187946,6.528418252159283,6.77419376373291,1006100,0.0,0.0
2022-02-17 00:00:00-05:00,6.697388272534135,6.850997944101014,6.643624338134209,6.827956676483154,1011200,0.0,0.0
2022-02-18 00:00:00-05:00,6.827955668943382,6.912440792721286,6.728109214041178,6.889399528503418,969600,0.0,0.0
2022-02-22 00:00:00-05:00,6.8356365524559095,6.874039153137531,6.628263680725051,6.658985614776611,745200,0.0,0.0
2022-02-23 00:00:00-05:00,6.697388508209734,6.720429776638396,6.574500766631912,6.605222702026367,673900,0.0,0.0
2022-02-24 00:00:00-05:00,6.528417859952589,6.597542401547089,6.313364300245403,6.4976959228515625,913400,0.0,0.0
2022-02-25 00:00:00-05:00,6.505376828784619,6.7434716669309,6.497696161110537,6.697389125823975,746700,0.0,0.0
2022-02-28 00:00:00-05:00,6.597542035060575,6.689707841243941,6.536098164271664,6.605222702026367,632500,0.0,0.0
2022-03-01 00:00:00-05:00,6.597541835826901,6.597541835826901,6.213517288758688,6.344085693359375,1350600,0.0,0.0
2022-03-02 00:00:00-05:00,6.374808816276812,6.628265005995981,6.359447479945309,6.551459789276123,925000,0.0,0.0
2022-03-03 00:00:00-05:00,6.5745022841306175,6.743472601566776,6.536099672906442,6.720431327819824,670600,0.0,0.0
2022-03-04 00:00:00-05:00,6.589860399955196,6.720428789316549,6.559138469074208,6.628262996673584,405000,0.0,0.0
2022-03-07 00:00:00-05:00,6.643626107275328,6.666668113497769,6.359447956085205,6.359447956085205,872000,0.0,0.0
2022-03-08 00:00:00-05:00,6.413209938882349,6.566819604266338,6.3364047399560235,6.397848606109619,592000,0.0,0.0
2022-03-09 00:00:00-05:00,6.5284176538479395,6.551458922829099,6.43625184545457,6.466973781585693,491300,0.0,0.0
2022-03-10 00:00:00-05:00,6.351766321503882,6.459292725249754,6.2980023871622555,6.390168190002441,540600,0.0,0.0
2022-03-11 00:00:00-05:00,6.451613527582487,6.474655532890671,6.3517677677891164,6.367128372192383,488400,0.0,0.0
2022-03-14 00:00:00-04:00,6.443932392986213,6.451612327524881,6.298002649720711,6.351766586303711,457000,0.0,0.0
2022-03-15 00:00:00-04:00,6.367126961092233,6.428570830025652,6.267280490958255,6.344085693359375,348500,0.0,0.0
2022-03-16 00:00:00-04:00,6.390168554681733,6.520736965940553,6.367127285773921,6.490015029907227,740300,0.0,0.0
2022-03-17 00:00:00-04:00,6.431896057970663,6.501639625843468,6.377650650165045,6.470642566680908,328700,0.075,0.0
2022-03-18 00:00:00-04:00,6.462892420647147,6.493889476469249,6.393148860290392,6.439644813537598,1061000,0.0,0.0
2022-03-21 00:00:00-04:00,6.43189605920895,6.555884295883058,6.43189605920895,6.486140727996826,394900,0.0,0.0
2022-03-22 00:00:00-04:00,6.532635870517513,6.586880532531726,6.41639635887951,6.4318952560424805,645500,0.0,0.0
2022-03-23 00:00:00-04:00,6.424146629812828,6.4473942395051065,6.27691078305748,6.2924089431762695,544800,0.0,0.0
2022-03-24 00:00:00-04:00,6.331155301705456,6.400898868154674,6.230414676726382,6.346653461456299,642300,0.0,0.0
2022-03-25 00:00:00-04:00,6.3389047510949625,6.424146477295023,6.315656402926443,6.346653461456299,377100,0.0,0.0
2022-03-28 00:00:00-04:00,6.331155301705456,6.354402910845805,6.245913575505395,6.346653461456299,396000,0.0,0.0
2022-03-29 00:00:00-04:00,6.416396578297814,6.493889588706473,6.3853995219399735,6.462892532348633,441600,0.0,0.0
2022-03-30 00:00:00-04:00,6.447393599249767,6.48614010424132,6.323405374499289,6.331154823303223,552500,0.0,0.0
2022-03-31 00:00:00-04:00,6.331155274027992,6.36215233242234,6.1684205327006225,6.199417591094971,582100,0.0,0.0
2022-04-01 00:00:00-04:00,6.230414867401123,6.245913766654462,6.114175709599754,6.230414867401123,1043300,0.0,0.0
2022-04-04 00:00:00-04:00,6.238164901733398,6.2459143520864275,6.083179220300007,6.238164901733398,458800,0.0,0.0
2022-04-05 00:00:00-04:00,6.230416306843789,6.315658055346383,6.090929506964307,6.0986785888671875,476800,0.0,0.0
2022-04-06 00:00:00-04:00,6.098677373898327,6.152922414468605,5.966939682166299,6.121925354003906,662100,0.0,0.0
2022-04-07 00:00:00-04:00,6.1219254938365815,6.1219254938365815,5.93594275728619,5.943692207336426,465700,0.0,0.0
2022-04-08 00:00:00-04:00,5.943692633161845,6.0521823550388945,5.904946119162971,6.0056867599487305,434400,0.0,0.0
2022-04-11 00:00:00-04:00,6.036684090005135,6.160672349055932,5.951441977150632,5.974689960479736,377300,0.0,0.0
2022-04-12 00:00:00-04:00,5.997936987879593,6.098677623266088,5.959190845471489,5.966939926147461,602400,0.0,0.0
2022-04-13 00:00:00-04:00,5.982438457013527,6.02893441912585,5.943692314605422,5.966939926147461,584000,0.0,0.0
2022-04-14 00:00:00-04:00,5.9979368797544055,6.090928432788563,5.943692207458106,5.951441287994385,593700,0.0,0.0
2022-04-18 00:00:00-04:00,5.951441116757555,6.005686157007214,5.8197037953182775,5.858449935913086,588600,0.0,0.0
2022-04-19 00:00:00-04:00,5.91269520606112,6.075429963623472,5.91269520606112,6.021184921264648,339600,0.0,0.0
2022-04-20 00:00:00-04:00,6.083178780497158,6.145172900782799,6.013435579932863,6.044432640075684,297100,0.0,0.0
2022-04-21 00:00:00-04:00,6.098677157782274,6.207167235078317,6.0676800984160035,6.090928077697754,567800,0.0,0.0
2022-04-22 00:00:00-04:00,6.090928602741721,6.106427133760845,6.021185028398601,6.036683559417725,316600,0.0,0.0
2022-04-25 00:00:00-04:00,6.02893421777265,6.090928339166448,5.897196525053773,6.067680358886719,723300,0.0,0.0
2022-04-26 00:00:00-04:00,5.982439471518203,6.044433975009648,5.889448270552316,5.904946804046631,544100,0.0,0.0
2022-04-27 00:00:00-04:00,5.873948180783129,5.928193218398356,5.610472811672152,5.749959945678711,784500,0.0,0.0
2022-04-28 00:00:00-04:00,5.842952303597422,5.982439096297594,5.726713124923531,5.91269588470459,722800,0.0,0.0
2022-04-29 00:00:00-04:00,5.842950563343279,5.873947619155652,5.6492187797589155,5.680215835571289,870700,0.0,0.0
2022-05-02 00:00:00-04:00,5.695715794377277,5.742211389776641,5.470986898523274,5.5407304763793945,863100,0.0,0.0
2022-05-03 00:00:00-04:00,5.563978089322004,5.625972586035302,5.525231944579606,5.5407304763793945,651500,0.0,0.0
2022-05-04 00:00:00-04:00,5.517481929004006,5.703464661073389,5.517481929004006,5.65696907043457,830000,0.0,0.0
2022-05-05 00:00:00-04:00,5.579476569499713,5.656969597295823,5.494234830146619,5.6104736328125,1091700,0.0,0.0
2022-05-06 00:00:00-04:00,5.618221947207429,5.664717532773665,5.47098574149065,5.517481327056885,858600,0.0,0.0
2022-05-09 00:00:00-04:00,5.463236984240516,5.618222278603246,5.463236984240516,5.556228160858154,1232100,0.0,0.0
2022-05-10 00:00:00-04:00,5.587225747283334,5.6492198708819865,5.393493926280484,5.501983642578125,852700,0.0,0.0
2022-05-11 00:00:00-04:00,5.556228685484008,5.641470790189217,5.486485111678462,5.501983642578125,673700,0.0,0.0
2022-05-12 00:00:00-04:00,5.501983337579194,5.618222497640085,5.439989217417146,5.594974517822266,948400,0.0,0.0
2022-05-13 00:00:00-04:00,5.594974792433769,5.757709550603513,5.579476261632561,5.695715427398682,595800,0.0,0.0
2022-05-16 00:00:00-04:00,5.656969391484972,5.749960578040144,5.6259723292999135,5.711214065551758,579800,0.0,0.0
2022-05-17 00:00:00-04:00,5.7887065778521825,5.897196662330913,5.7887065778521825,5.889447212219238,559100,0.0,0.0
2022-05-18 00:00:00-04:00,5.835203226536439,5.881698824138566,5.618223401545685,5.6492204666137695,514600,0.0,0.0
2022-05-19 00:00:00-04:00,5.602724551741374,5.680217210023343,5.571727488428587,5.6104736328125,488200,0.0,0.0
2022-05-20 00:00:00-04:00,5.656969321124721,5.66471840181754,5.439989519013939,5.494234561920166,534600,0.0,0.0
2022-05-23 00:00:00-04:00,5.556228901229243,5.618223027235092,5.4942347752233935,5.525231838226318,415200,0.0,0.0
2022-05-24 00:00:00-04:00,5.494234985521419,5.571727645994849,5.432240857142674,5.56397819519043,578800,0.0,0.0
2022-05-25 00:00:00-04:00,5.556228590926836,5.656969224817281,5.53298061021592,5.618222713470459,555300,0.0,0.0
2022-05-26 00:00:00-04:00,5.661287981386542,5.778742163249643,5.614306383316613,5.739590644836426,439800,0.075,0.0
2022-05-27 00:00:00-04:00,5.770913547689454,5.880537684800436,5.770913547689454,5.833555698394775,345200,0.0,0.0
2022-05-31 00:00:00-04:00,5.825724784799298,5.919687997446879,5.692610046860249,5.904027462005615,1571500,0.0,0.0
2022-06-01 00:00:00-04:00,5.849216023601472,5.864876560708942,5.575156437532423,5.590816974639893,1045100,0.0,0.0
2022-06-02 00:00:00-04:00,5.629967668683429,5.692609807818036,5.606476679819652,5.661288738250732,653100,0.0,0.0
2022-06-03 00:00:00-04:00,5.661289276614612,5.731761876530981,5.637798285516944,5.669119358062744,501200,0.0,0.0
2022-06-06 00:00:00-04:00,5.755252776992715,5.810064843328959,5.684780546990864,5.747422695159912,522200,0.0,0.0
2022-06-07 00:00:00-04:00,5.6926101119550285,5.84138538703658,5.6926101119550285,5.810064315795898,594300,0.0,0.0
2022-06-08 00:00:00-04:00,5.794403365243546,5.794403365243546,5.7082702388112745,5.716100692749023,556500,0.0,0.0
2022-06-09 00:00:00-04:00,5.6926100364502235,5.739591642688099,5.653458511230352,5.676949501037598,431700,0.0,0.0
2022-06-10 00:00:00-04:00,5.598646935984434,5.653458624336911,5.504683721628797,5.520344257354736,619600,0.0,0.0
2022-06-13 00:00:00-04:00,5.473362209533575,5.473362209533575,5.214963186542942,5.230623722076416,804300,0.0,0.0
2022-06-14 00:00:00-04:00,5.222792625427246,5.3167558203569705,5.167980575029967,5.222792625427246,623500,0.0,0.0
2022-06-15 00:00:00-04:00,5.261944377579614,5.379398571492997,5.254114297119569,5.2932658195495605,642700,0.0,0.0
2022-06-16 00:00:00-04:00,5.207133307416963,5.238454379698662,5.019206500350137,5.050527572631836,929400,0.0,0.0
2022-06-17 00:00:00-04:00,5.08184867733898,5.167981813351553,5.019206532375886,5.144491195678711,907600,0.0,0.0
2022-06-21 00:00:00-04:00,5.19930232166294,5.324586971371276,5.167981252580006,5.269774913787842,786600,0.0,0.0
2022-06-22 00:00:00-04:00,5.238453906634476,5.379398719173947,5.230623452582871,5.277605056762695,930100,0.0,0.0
2022-06-23 00:00:00-04:00,5.246283945664118,5.316756538062737,5.199302341857237,5.2384538650512695,425800,0.0,0.0
2022-06-24 00:00:00-04:00,5.269775367581501,5.418550645225154,5.254114831691465,5.301096439361572,857000,0.0,0.0
2022-06-27 00:00:00-04:00,5.363738514192555,5.449871647172384,5.332417442813822,5.395059585571289,532400,0.0,0.0
2022-06-28 00:00:00-04:00,5.442040793743984,5.5046833052864494,5.26194445982881,5.269774913787842,373100,0.0,0.0
2022-06-29 00:00:00-04:00,5.293266476654378,5.324587549135925,5.121000204629233,5.144491195678711,444800,0.0,0.0
2022-06-30 00:00:00-04:00,5.089679155783571,5.136660764724069,5.027037010529574,5.113170146942139,395700,0.0,0.0
2022-07-01 00:00:00-04:00,5.113170123197164,5.167981813351553,5.042697523425365,5.144491195678711,440000,0.0,0.0
2022-07-05 00:00:00-04:00,5.105339978320886,5.1758125823709005,4.980055680789,5.136661052703857,650700,0.0,0.0
2022-07-06 00:00:00-04:00,5.105339597052114,5.160151659817257,4.980055308876509,5.01137638092041,397600,0.0,0.0
2022-07-07 00:00:00-04:00,5.0270363785690835,5.1366601189825225,5.0270363785690835,5.105339050292969,621700,0.0,0.0
2022-07-08 00:00:00-04:00,5.120999502319875,5.19147209242685,5.066187446305941,5.1288299560546875,467400,0.0,0.0
2022-07-11 00:00:00-04:00,5.128830970796444,5.1679821270868285,5.105339978320886,5.136661052703857,458100,0.0,0.0
2022-07-12 00:00:00-04:00,5.13666049171836,5.261944775567685,5.105339420756029,5.160151481628418,471800,0.0,0.0
2022-07-13 00:00:00-04:00,5.144490304902969,5.175811371961228,5.050526730351616,5.152320384979248,449000,0.0,0.0
2022-07-14 00:00:00-04:00,5.089678120947068,5.089678120947068,5.011375455300117,5.081847667694092,447400,0.0,0.0
2022-07-15 00:00:00-04:00,5.167982015235012,5.230624162645175,5.050527802152628,5.191473007202148,473900,0.0,0.0
2022-07-18 00:00:00-04:00,5.2462839873094795,5.332417114994124,5.2462839873094795,5.277605056762695,434400,0.0,0.0
2022-07-19 00:00:00-04:00,5.332417214676161,5.551665078323803,5.332417214676161,5.536004543304443,371900,0.0,0.0
2022-07-20 00:00:00-04:00,5.5281741083826095,5.622137318826407,5.5125135733086434,5.606476783752441,360500,0.0,0.0
2022-07-21 00:00:00-04:00,5.5438353277366605,5.551665782928467,5.465532642701865,5.551665782928467,270900,0.0,0.0
2022-07-22 00:00:00-04:00,5.5751562857296575,5.606477359091773,5.434211455600137,5.4811930656433105,401400,0.0,0.0
2022-07-25 00:00:00-04:00,5.520344594034278,5.567326204077451,5.4577020739334,5.4811930656433105,359500,0.0,0.0
2022-07-26 00:00:00-04:00,5.496853019067741,5.55949515914518,5.465531949029021,5.536004543304443,305800,0.0,0.0
2022-07-27 00:00:00-04:00,5.5438345406850456,5.700440261898161,5.536004459981521,5.661288738250732,391300,0.0,0.0
2022-07-28 00:00:00-04:00,5.653458807745414,5.684780253590041,5.582986581380751,5.598647117614746,518200,0.0,0.0
2022-07-29 00:00:00-04:00,5.622137007141884,5.622137007141884,5.53600425569847,5.614306926727295,629000,0.0,0.0
2022-08-01 00:00:00-04:00,5.559495875230467,5.684780544899118,5.520344719327546,5.622138023376465,435700,0.0,0.0
2022-08-02 00:00:00-04:00,5.61430656594018,5.653457712250364,5.512512913455887,5.528173446655273,377300,0.0,0.0
2022-08-03 00:00:00-04:00,5.567326045146754,5.637798271511418,5.528174517873447,5.598647117614746,347400,0.0,0.0
2022-08-04 00:00:00-04:00,5.5986462455590225,5.661288380737749,5.543834190589348,5.575155258178711,428900,0.0,0.0
2022-08-05 00:00:00-04:00,5.536004972678763,5.606477199043426,5.520344436444767,5.598647117614746,319000,0.0,0.0
2022-08-08 00:00:00-04:00,5.637798560412964,5.684780544899118,5.614307941546542,5.622138023376465,415300,0.0,0.0
2022-08-09 00:00:00-04:00,5.214962790706408,5.254114313256645,5.050526993397954,5.105339050292969,1167700,0.0,0.0
2022-08-10 00:00:00-04:00,5.214962856204408,5.308926436829808,5.152320718038538,5.269774913787842,725600,0.0,0.0
2022-08-11 00:00:00-04:00,5.261944644360865,5.402889833553499,5.261944644360865,5.348077774047852,592300,0.0,0.0
2022-08-12 00:00:00-04:00,5.410719829613196,5.4811924231050595,5.39505929476796,5.473361968994141,611000,0.0,0.0
2022-08-15 00:00:00-04:00,5.449871025098369,5.536004148246556,5.426380037557379,5.512513160705566,483700,0.0,0.0
2022-08-16 00:00:00-04:00,5.5046834732657235,5.54383462412582,5.4577014948310385,5.536004543304443,610700,0.0,0.0
2022-08-17 00:00:00-04:00,5.442041152833044,5.473362223982676,5.340247858285047,5.355908393859863,773400,0.0,0.0
2022-08-18 00:00:00-04:00,5.355909351977055,5.4498725822350105,5.301097280971571,5.426381587982178,715500,0.0,0.0
2022-08-19 00:00:00-04:00,5.3950591057896755,5.3950591057896755,5.269774831416248,5.2932658195495605,556400,0.0,0.0
2022-08-22 00:00:00-04:00,5.2306239826050644,5.261945055232063,5.09750961062864,5.113170146942139,548400,0.0,0.0
2022-08-23 00:00:00-04:00,5.105338784391858,5.175811371961228,5.105338784391858,5.152320384979248,458300,0.0,0.0
2022-08-24 00:00:00-04:00,5.144490173588213,5.1523202534646275,5.058357054688288,5.081847667694092,626500,0.0,0.0
2022-08-25 00:00:00-04:00,5.133341004125409,5.188793897709897,5.085810114370962,5.172950267791748,688100,0.075,0.0
2022-08-26 00:00:00-04:00,5.180871469636073,5.196715098256842,4.951138665763977,4.9590606689453125,698200,0.0,0.0
2022-08-29 00:00:00-04:00,4.951138326491026,4.982825581561218,4.919451071420833,4.943216323852539,381800,0.0,0.0
2022-08-30 00:00:00-04:00,4.943216551259615,4.9749041855294385,4.8164675251479006,4.832311153411865,478100,0.0,0.0
2022-08-31 00:00:00-04:00,4.8323109660626224,4.848154593712327,4.681796314519484,4.6976399421691895,739100,0.0,0.0
2022-09-01 00:00:00-04:00,4.6659526780606315,4.6659526780606315,4.602578167581459,4.634265422821045,599700,0.0,0.0
2022-09-02 00:00:00-04:00,4.697640732093312,4.705562736121216,4.523360798640797,4.531282424926758,802500,0.0,0.0
2022-09-06 00:00:00-04:00,4.5550470829869525,4.626343592989362,4.380767186887784,4.436219692230225,682700,0.0,0.0
2022-09-07 00:00:00-04:00,4.436219633518734,4.523359769285986,4.396610755618606,4.491672515869141,615300,0.0,0.0
2022-09-08 00:00:00-04:00,4.444141694560209,4.452063319148331,4.3728451845578,4.436219692230225,486800,0.0,0.0
2022-09-09 00:00:00-04:00,4.459986371724624,4.5946574211120605,4.459986371724624,4.5946574211120605,874300,0.0,0.0
2022-09-12 00:00:00-04:00,4.665951880336832,4.673873881663266,4.570890130870496,4.610499382019043,530900,0.0,0.0
2022-09-13 00:00:00-04:00,4.539203369966161,4.555046996583735,4.33323584619585,4.364923477172852,627000,0.0,0.0
2022-09-14 00:00:00-04:00,4.380767224057158,4.380767224057158,4.214408951134616,4.2540178298950195,819100,0.0,0.0
2022-09-15 00:00:00-04:00,4.246096919283446,4.325315067867816,4.238174915554045,4.269862174987793,830000,0.0,0.0
2022-09-16 00:00:00-04:00,4.206486424811202,4.309470176696777,4.143111924494485,4.309470176696777,1802900,0.0,0.0
2022-09-19 00:00:00-04:00,4.269861118357986,4.412454128265381,4.261939494330817,4.412454128265381,1013100,0.0,0.0
2022-09-20 00:00:00-04:00,4.3728454725221955,4.3728454725221955,4.269861701901798,4.301548957824707,638600,0.0,0.0
2022-09-21 00:00:00-04:00,4.3649243310309656,4.388689586735312,4.269862174987793,4.269862174987793,498000,0.0,0.0
2022-09-22 00:00:00-04:00,4.261939509668872,4.301548385430934,4.1985650062561035,4.1985650062561035,474800,0.0,0.0
2022-09-23 00:00:00-04:00,4.151033131326504,4.166877132556485,3.9925968964444922,4.071815013885498,963600,0.0,0.0
2022-09-26 00:00:00-04:00,4.048050633130713,4.111425140635076,3.9846761256263505,4.000519752502441,730200,0.0,0.0
2022-09-27 00:00:00-04:00,4.040128454863251,4.103502959607483,3.9529883219690096,3.9767539501190186,598100,0.0,0.0
2022-09-28 00:00:00-04:00,4.008440918421134,4.111424670203187,3.960910043231376,4.063893795013428,525400,0.0,0.0
2022-09-29 00:00:00-04:00,4.024284894020009,4.032206896112591,3.9213011332675487,3.952988386154175,578100,0.0,0.0
2022-09-30 00:00:00-04:00,3.9688325472701176,4.000519801409682,3.881692409515381,3.881692409515381,550100,0.0,0.0
2022-10-03 00:00:00-04:00,3.9688324987502597,4.079737886882895,3.8737703597518545,4.000519752502441,939300,0.0,0.0
2022-10-04 00:00:00-04:00,4.08765932433549,4.238173961639404,4.08765932433549,4.238173961639404,788200,0.0,0.0
2022-10-05 00:00:00-04:00,4.158955985854915,4.1906432393373185,4.071815849907377,4.1827216148376465,634700,0.0,0.0
2022-10-06 00:00:00-04:00,4.151034522361169,4.166878528900565,4.071816378373724,4.127269268035889,370200,0.0,0.0
2022-10-07 00:00:00-04:00,4.079738018979366,4.087659643802973,3.929223369912111,3.9371449947357178,862000,0.0,0.0
2022-10-10 00:00:00-04:00,3.960910967491178,4.032207485783429,3.921301706719504,3.9846765995025635,537700,0.0,0.0
2022-10-11 00:00:00-04:00,4.000519992929779,4.079738132071165,3.952988731703064,4.016363620758057,581100,0.0,0.0
2022-10-12 00:00:00-04:00,4.024284828677193,4.032206830641145,3.9213010695968933,3.9767539501190186,717000,0.0,0.0
2022-10-13 00:00:00-04:00,3.469758050575987,3.731178110405072,3.469758050575987,3.675725221633911,1409100,0.0,0.0
2022-10-14 00:00:00-04:00,3.7311782802540514,3.7707875422853694,3.5965072426378715,3.6361165046691895,849200,0.0,0.0
2022-10-17 00:00:00-04:00,3.7074128910574964,3.739100151667582,3.596507478922197,3.6202731132507324,687100,0.0,0.0
2022-10-18 00:00:00-04:00,3.6836476344709035,3.754943781972625,3.61235110922724,3.6202731132507324,707000,0.0,0.0
2022-10-19 00:00:00-04:00,3.620272444290377,3.628194069108155,3.3905396584467162,3.4697577953338623,843300,0.0,0.0
2022-10-20 00:00:00-04:00,3.4935226265680677,3.5093662520363784,3.3984608737582027,3.430148124694824,644300,0.0,0.0
2022-10-21 00:00:00-04:00,3.438070121900759,3.4697573727968356,3.4063828710046824,3.414304494857788,669800,0.0,0.0
2022-10-24 00:00:00-04:00,3.430148120305826,3.4539137473487975,3.3826172439617115,3.414304494857788,839900,0.0,0.0
2022-10-25 00:00:00-04:00,3.4222264652531176,3.5648190929854806,3.4063828399495217,3.5489754676818848,1016900,0.0,0.0
2022-10-26 00:00:00-04:00,3.604429078204807,3.707412474752622,3.548976189492984,3.6281943321228027,876300,0.0,0.0
2022-10-27 00:00:00-04:00,3.651960373860818,3.7945530466062034,3.5806638486171543,3.6202731132507324,1465000,0.0,0.0
2022-10-28 00:00:00-04:00,3.6361165757776486,3.739099979137583,3.628194572119694,3.7232563495635986,781400,0.0,0.0
2022-10-31 00:00:00-04:00,3.7074119909565244,3.71533399305668,3.6440374851226807,3.6440374851226807,933800,0.0,0.0
2022-11-01 00:00:00-04:00,3.7074126503452316,3.747021912407088,3.675725391792514,3.71533465385437,839300,0.0,0.0
2022-11-02 00:00:00-04:00,3.6915690885338854,3.7787092400173417,3.604429314792354,3.6123509407043457,882700,0.0,0.0
2022-11-03 00:00:00-04:00,3.5885853783654236,3.6202726347876526,3.5331324907555763,3.604429006576538,693000,0.0,0.0
2022-11-04 00:00:00-04:00,3.6757249878192115,3.7628651281331793,3.6519597353875057,3.7074122428894043,809700,0.0,0.0
2022-11-07 00:00:00-05:00,3.7232558169763763,3.834161585871851,3.7232558169763763,3.8103959560394287,819200,0.0,0.0
2022-11-08 00:00:00-05:00,3.9609109863989467,4.388689342710681,3.929223728727108,4.28570556640625,1432600,0.0,0.0
2022-11-09 00:00:00-05:00,4.2540182984158,4.2540182984158,4.0322074952509555,4.127269268035889,1102500,0.0,0.0
2022-11-10 00:00:00-05:00,4.293627282716263,4.547125327147587,4.285705279956842,4.45206356048584,856000,0.0,0.0
2022-11-11 00:00:00-05:00,4.436219692230225,4.531281453738862,4.3728451845578,4.436219692230225,819200,0.0,0.0
2022-11-14 00:00:00-05:00,4.436220039773419,4.436220039773419,4.135190727004243,4.151034355163574,824100,0.0,0.0
2022-11-15 00:00:00-05:00,4.254017776639043,4.420376047478949,4.214408898374503,4.341157913208008,889700,0.0,0.0
2022-11-16 00:00:00-05:00,4.317392570269016,4.333236198173527,4.143112663319396,4.174799919128418,582000,0.0,0.0
2022-11-17 00:00:00-05:00,4.079737858142723,4.214408874511719,4.079737858142723,4.214408874511719,397800,0.0,0.0
2022-11-18 00:00:00-05:00,4.277782723470926,4.285704346763565,4.1906426008010955,4.206486225128174,588200,0.0,0.0
2022-11-21 00:00:00-05:00,4.206486948737417,4.2540178298950195,4.151034065182614,4.2540178298950195,504800,0.0,0.0
2022-11-22 00:00:00-05:00,4.301548175286278,4.349079050523817,4.24609567638006,4.309470176696777,616900,0.0,0.0
2022-11-23 00:00:00-05:00,4.289390121673589,4.401845932006836,4.281357372281356,4.401845932006836,466300,0.075,0.0
2022-11-25 00:00:00-05:00,4.425942846696754,4.458073071320624,4.377747126738458,4.417910099029541,251200,0.0,0.0
2022-11-28 00:00:00-05:00,4.369716122234963,4.417911474172311,4.321520770297615,4.377748489379883,597300,0.0,0.0
2022-11-29 00:00:00-05:00,4.409878327405629,4.52233452150172,4.385780845115449,4.498236656188965,621600,0.0,0.0
2022-11-30 00:00:00-05:00,4.4982362166604375,4.4982362166604375,4.305454845085615,4.4741387367248535,943500,0.0,0.0
2022-12-01 00:00:00-05:00,4.538399637369365,4.570529869104655,4.450041308586029,4.498236656188965,734000,0.0,0.0
2022-12-02 00:00:00-05:00,4.48217154032132,4.5464320037919,4.393813211537984,4.498236656188965,503700,0.0,0.0
2022-12-05 00:00:00-05:00,4.4821711023625355,4.5303664452562415,4.450040873766732,4.4741387367248535,454000,0.0,0.0
2022-12-06 00:00:00-05:00,4.498235879947606,4.674952507019043,4.482170766852248,4.674952507019043,1141900,0.0,0.0
2022-12-07 00:00:00-05:00,4.6428227047570285,4.707083163005977,4.602659726840163,4.666920185089111,1037200,0.0,0.0
2022-12-08 00:00:00-05:00,4.691018036025318,4.691018036025318,4.514301393285985,4.634789943695068,818200,0.0,0.0
2022-12-09 00:00:00-05:00,4.610692042749959,4.707083112103552,4.530366470807415,4.5383992195129395,805000,0.0,0.0
2022-12-12 00:00:00-05:00,4.538399691713089,4.538399691713089,4.47413922747304,4.522334575653076,699200,0.0,0.0
2022-12-13 00:00:00-05:00,4.618725267260421,4.699050847477825,4.4821715893795435,4.506269454956055,1101000,0.0,0.0
2022-12-14 00:00:00-05:00,4.490204338912574,4.546432053553468,4.458074106825612,4.506269454956055,503500,0.0,0.0
2022-12-15 00:00:00-05:00,4.433976640618382,4.442009390874923,4.361683420399961,4.385781288146973,618600,0.0,0.0
2022-12-16 00:00:00-05:00,4.305455700694624,4.401846405637443,4.305455700694624,4.385781288146973,989800,0.0,0.0
2022-12-19 00:00:00-05:00,4.409878233247191,4.474139078368268,4.289390058323769,4.345617771148682,634500,0.0,0.0
2022-12-20 00:00:00-05:00,4.353650584721159,4.458074028684746,4.313487603805141,4.401845932006836,372500,0.0,0.0
2022-12-21 00:00:00-05:00,4.458074521214753,4.530367358618927,4.450041770935059,4.450041770935059,475800,0.0,0.0
2022-12-22 00:00:00-05:00,4.4098788335450205,4.458074569702148,4.3456183626990095,4.458074569702148,413900,0.0,0.0
2022-12-23 00:00:00-05:00,4.442008464812944,4.5062689213779175,4.409877853507923,4.482171058654785,441000,0.0,0.0
2022-12-27 00:00:00-05:00,4.506268934466144,4.5624966426125395,4.458073591902433,4.514301300048828,399300,0.0,0.0
2022-12-28 00:00:00-05:00,4.5544652759711655,4.5624976433156075,4.4420094519906455,4.458074569702148,512200,0.0,0.0
2022-12-29 00:00:00-05:00,4.490203412457613,4.594626453683546,4.442008074271222,4.554463863372803,453300,0.0,0.0
2022-12-30 00:00:00-05:00,4.498237178451315,4.5384001642947895,4.474139693363325,4.490204811096191,385000,0.0,0.0
2023-01-03 00:00:00-05:00,4.538399775802493,4.658888339996338,4.51430190975469,4.658888339996338,591000,0.0,0.0
2023-01-04 00:00:00-05:00,4.682985379073891,4.771343702176007,4.674953013167817,4.755278587341309,372000,0.0,0.0
2023-01-05 00:00:00-05:00,4.723148289900703,4.723148289900703,4.634789968066417,4.699050426483154,313300,0.0,0.0
2023-01-06 00:00:00-05:00,4.7070836705885934,4.7954416186975966,4.658888321704796,4.763311386108398,357900,0.0,0.0
2023-01-09 00:00:00-05:00,4.787408754503693,4.8195389837535805,4.699050432555232,4.715115547180176,562100,0.0,0.0
2023-01-10 00:00:00-05:00,4.715116089927468,4.803474422046675,4.682985856979137,4.78740930557251,504800,0.0,0.0
2023-01-11 00:00:00-05:00,4.819539136506848,4.9159298273115715,4.819539136506848,4.875767230987549,541100,0.0,0.0
2023-01-12 00:00:00-05:00,4.923962080107274,4.948059558868408,4.891831853077416,4.948059558868408,395900,0.0,0.0
2023-01-13 00:00:00-05:00,4.931994029582548,4.980189366064431,4.875766328531594,4.972157001495361,286100,0.0,0.0
2023-01-17 00:00:00-05:00,4.996255369442911,5.012320484469187,4.899864679285247,4.915929794311523,342100,0.0,0.0
2023-01-18 00:00:00-05:00,4.940027572357554,4.948059938219574,4.803473905500285,4.811506271362305,417500,0.0,0.0
2023-01-19 00:00:00-05:00,4.755278561260522,4.82757176913144,4.715115582882778,4.811506271362305,386000,0.0,0.0
2023-01-20 00:00:00-05:00,4.827571847591198,4.907897422629621,4.74724588953022,4.899864673614502,321400,0.0,0.0
2023-01-23 00:00:00-05:00,4.891832313283385,4.9560927733884945,4.859702083230831,4.915929794311523,357400,0.0,0.0
2023-01-24 00:00:00-05:00,4.883799591452845,4.899864706568576,4.859702110290527,4.859702110290527,201400,0.0,0.0
2023-01-25 00:00:00-05:00,4.827571885585187,4.89986471217745,4.787408906238607,4.875767230987549,229500,0.0,0.0
2023-01-26 00:00:00-05:00,4.899864673614502,4.940027652644991,4.859702077606568,4.899864673614502,219300,0.0,0.0
2023-01-27 00:00:00-05:00,4.899863805261293,4.988222113655989,4.867733580940038,4.972157001495361,730600,0.0,0.0
2023-01-30 00:00:00-05:00,4.940028141655981,5.012320974835517,4.9159302752477405,4.931995391845703,288900,0.0,0.0
2023-01-31 00:00:00-05:00,4.931995017750725,5.116744036125263,4.9239626515723005,5.10067892074585,523700,0.0,0.0
2023-02-01 00:00:00-05:00,5.100678946921672,5.2452653691009505,5.076581465240169,5.181004524230957,441400,0.0,0.0
2023-02-02 00:00:00-05:00,5.205102497950407,5.317558308538675,5.205102497950407,5.22920036315918,546200,0.0,0.0
2023-02-03 00:00:00-05:00,5.172972675510157,5.261331010900929,5.156907558441162,5.156907558441162,406400,0.0,0.0
2023-02-06 00:00:00-05:00,5.124775870162732,5.124775870162732,5.068547784864506,5.092645645141602,487000,0.0,0.0
2023-02-07 00:00:00-05:00,5.060515913682686,5.156906598147252,5.02838568552783,5.140841484069824,320800,0.0,0.0
2023-02-08 00:00:00-05:00,5.100678959861532,5.124776824626734,5.068548728856308,5.0765814781188965,287100,0.0,0.0
2023-02-09 00:00:00-05:00,5.116744552247345,5.140842419258481,5.060516834259033,5.060516834259033,346200,0.0,0.0
2023-02-10 00:00:00-05:00,5.028385538286022,5.052483017185272,4.996254928049487,5.012320041656494,367900,0.0,0.0
2023-02-13 00:00:00-05:00,5.020352447332811,5.116743122396202,4.9882222223116806,5.092645645141602,397200,0.0,0.0
2023-02-14 00:00:00-05:00,5.05248388227063,5.068548998628303,4.578562375185384,4.658888339996338,970100,0.0,0.0
2023-02-15 00:00:00-05:00,4.59462640225262,4.610691514801589,4.458073137097631,4.546431064605713,683800,0.0,0.0
2023-02-16 00:00:00-05:00,4.498235380516313,4.707082210590563,4.482170269204637,4.682984352111816,625900,0.0,0.0
2023-02-17 00:00:00-05:00,4.715115541087338,4.747245770295707,4.658887831483966,4.699050426483154,503500,0.0,0.0
2023-02-21 00:00:00-05:00,4.650854427859071,4.650854427859071,4.4339752197265625,4.4339752197265625,660800,0.0,0.0
2023-02-22 00:00:00-05:00,4.442009457897593,4.562497649382779,4.425944340164727,4.490204811096191,430500,0.0,0.0
2023-02-23 00:00:00-05:00,4.5383987506440056,4.594626453683546,4.50626852518641,4.554463863372803,383800,0.0,0.0
2023-02-24 00:00:00-05:00,4.417911463811376,4.57856263655911,4.225130056514096,4.329553127288818,702200,0.0,0.0
2023-02-27 00:00:00-05:00,4.385779988209181,4.666919652474384,4.377747240333531,4.554463863372803,1227100,0.0,0.0
2023-02-28 00:00:00-05:00,4.530366002768356,4.586594088830397,4.50626852518641,4.554463863372803,753000,0.0,0.0
2023-03-01 00:00:00-05:00,4.5384001582596625,4.5865955113941705,4.4339767016235845,4.458074569702148,864800,0.0,0.0
2023-03-02 00:00:00-05:00,4.442008990782131,4.530366937509987,4.425943874738651,4.506269454956055,473600,0.0,0.0
2023-03-03 00:00:00-05:00,4.514301375046143,4.602659696058802,4.506269009330015,4.586594581604004,369500,0.0,0.0
2023-03-06 00:00:00-05:00,4.57856263655911,4.586595386707801,4.2893905256131895,4.329553127288818,960700,0.0,0.0
2023-03-07 00:00:00-05:00,4.33758544419189,4.401845906872536,4.265292232164878,4.3215203285217285,589900,0.0,0.0
2023-03-08 00:00:00-05:00,4.321519400280119,4.393812213756411,4.281356428220243,4.369714736938477,479400,0.0,0.0
2023-03-09 00:00:00-05:00,4.390077332305222,4.414512071508641,4.316773891448975,4.316773891448975,409600,0.075,0.0
2023-03-10 00:00:00-05:00,4.341207965750078,4.447091181592025,4.292338878833097,4.324918270111084,576500,0.0,0.0
2023-03-13 00:00:00-04:00,4.2027468196501525,4.251615923555722,4.105008611839012,4.121298313140869,706100,0.0,0.0
2023-03-14 00:00:00-04:00,4.227180160528503,4.324918335848045,4.162021376982143,4.186455726623535,697900,0.0,0.0
2023-03-15 00:00:00-04:00,4.0724280959564965,4.1701662770489705,4.047993356494874,4.1457319259643555,609500,0.0,0.0
2023-03-16 00:00:00-04:00,4.088717792805242,4.2190353675952075,4.039848702259005,4.1457319259643555,643600,0.0,0.0
2023-03-17 00:00:00-04:00,4.12129772822639,4.12129772822639,3.9095316413571193,3.9746904373168945,1756300,0.0,0.0
2023-03-20 00:00:00-04:00,3.990979778107707,4.064283222794781,3.876951895412351,3.885096549987793,859000,0.0,0.0
2023-03-21 00:00:00-04:00,3.9502556826595674,4.088718317842567,3.9502556826595674,3.9584007263183594,657900,0.0,0.0
2023-03-22 00:00:00-04:00,4.047993797926872,4.219035827679265,3.96654530480122,4.113152980804443,1030100,0.0,0.0
2023-03-23 00:00:00-04:00,4.113152853714126,4.202745999195523,4.015414276606271,4.06428337097168,778800,0.0,0.0
2023-03-24 00:00:00-04:00,4.031703472137451,4.072427906553785,3.9828343838640445,4.031703472137451,550900,0.0,0.0
2023-03-27 00:00:00-04:00,4.096862876878377,4.2353251073054485,4.096862876878377,4.194601058959961,901700,0.0,0.0
2023-03-28 00:00:00-04:00,4.186456043965071,4.243470178078413,4.153876649722309,4.227180480957031,862200,0.0,0.0
2023-03-29 00:00:00-04:00,4.243470205726585,4.3004843402113995,4.227180508499069,4.259759902954102,538500,0.0,0.0
2023-03-30 00:00:00-04:00,4.284194642983884,4.3004843402113995,4.235325162924319,4.259759902954102,351300,0.0,0.0
2023-03-31 00:00:00-04:00,4.267904896815332,4.333064079284668,4.267904896815332,4.333064079284668,726700,0.0,0.0
2023-04-03 00:00:00-04:00,4.349354013453973,4.406367767185182,4.300484915237049,4.390078067779541,947900,0.0,0.0
2023-04-04 00:00:00-04:00,4.390077087451902,4.390077087451902,4.145731650930923,4.153876304626465,762500,0.0,0.0
2023-04-05 00:00:00-04:00,4.10500809000281,4.194601629962283,4.05613899230957,4.05613899230957,508600,0.0,0.0
2023-04-06 00:00:00-04:00,4.088717460632324,4.105007156157673,4.039848374056278,4.088717460632324,539000,0.0,0.0
2023-04-10 00:00:00-04:00,4.088717792805242,4.2190353675952075,4.0724280959564965,4.1457319259643555,534900,0.0,0.0
2023-04-11 00:00:00-04:00,4.178312342287536,4.324919649807815,4.170167297681192,4.243471145629883,630800,0.0,0.0
2023-04-12 00:00:00-04:00,4.292339241041545,4.292339241041545,4.1701663192510585,4.194601058959961,431500,0.0,0.0
2023-04-13 00:00:00-04:00,4.210891743958709,4.284195591907401,4.170167297681192,4.243471145629883,394000,0.0,0.0
2023-04-14 00:00:00-04:00,4.227180410208084,4.284194543367198,4.105007489653987,4.1457319259643555,541100,0.0,0.0
2023-04-17 00:00:00-04:00,4.153876580200224,4.1946010165105925,4.105007489653987,4.1457319259643555,531000,0.0,0.0
2023-04-18 00:00:00-04:00,4.153877033178744,4.178311775304965,4.105007937303353,4.113152980804443,379100,0.0,0.0
2023-04-19 00:00:00-04:00,4.08871821388202,4.121297610934701,4.064283471903985,4.080573558807373,346500,0.0,0.0
2023-04-20 00:00:00-04:00,4.0479941033776194,4.07242884734762,3.958400948367469,3.9991250038146973,448200,0.0,0.0
2023-04-21 00:00:00-04:00,3.9991233160481445,4.015413009027645,3.9013851581711396,3.9421095848083496,421300,0.0,0.0
2023-04-24 00:00:00-04:00,3.9502548924501566,3.9583999344796132,3.860661372011033,3.8769514560699463,531000,0.0,0.0
2023-04-25 00:00:00-04:00,3.836227537225625,3.836227537225625,3.6733305585570974,3.68962025642395,485600,0.0,0.0
2023-04-26 00:00:00-04:00,3.6488958767947985,3.6977649711885676,3.5185782917447463,3.575592041015625,864100,0.0,0.0
2023-04-27 00:00:00-04:00,3.6000266345856793,3.6488957269729076,3.5511575421984514,3.632606029510498,781300,0.0,0.0
2023-04-28 00:00:00-04:00,3.6163164107822374,3.7710687342328932,3.6163164107822374,3.730344295501709,669600,0.0,0.0
2023-05-01 00:00:00-04:00,3.7384893500245084,3.771068745758214,3.665185515435155,3.68962025642395,421300,0.0,0.0
2023-05-02 00:00:00-04:00,3.7059102737059217,3.7059102737059217,3.5511579364440875,3.5918819904327393,861900,0.0,0.0
2023-05-03 00:00:00-04:00,3.616316065355943,3.7140542429225105,3.6000263690948486,3.6000263690948486,470600,0.0,0.0
2023-05-04 00:00:00-04:00,3.5674469765726595,3.6000263690948486,3.5022881915282813,3.6000263690948486,551500,0.0,0.0
2023-05-05 00:00:00-04:00,3.9665453401780177,4.186456467767145,3.9258212874405074,4.162022113800049,972600,0.0,0.0
2023-05-08 00:00:00-04:00,4.186456043965071,4.308628966563936,4.121297255479547,4.227180480957031,670600,0.0,0.0
2023-05-09 00:00:00-04:00,4.194600768755323,4.284194290320062,4.129441985208962,4.186455726623535,492300,0.0,0.0
2023-05-10 00:00:00-04:00,4.251614790088759,4.259759832756802,4.153876608334308,4.178311347961426,443100,0.0,0.0
2023-05-11 00:00:00-04:00,4.145732035712822,4.284194656781135,4.1212972956043465,4.276049613952637,490000,0.0,0.0
2023-05-12 00:00:00-04:00,4.300485292742987,4.349354395249747,4.227181444794296,4.243471145629883,317100,0.0,0.0
2023-05-15 00:00:00-04:00,4.267904638306609,4.3737878664817105,4.227180588654126,4.3574981689453125,636100,0.0,0.0
2023-05-16 00:00:00-04:00,4.284194615070372,4.324918663685318,4.202745741086453,4.227180480957031,490800,0.0,0.0
2023-05-17 00:00:00-04:00,4.2597597447060345,4.324918531195481,4.21903530896163,4.3004841804504395,381000,0.0,0.0
2023-05-18 00:00:00-04:00,4.263304723334954,4.345927225517585,4.230255880051217,4.3046159744262695,360900,0.075,0.0
2023-05-19 00:00:00-04:00,4.354188357744844,4.403761612633188,4.238517429672044,4.246779441833496,391700,0.0,0.0
2023-05-22 00:00:00-04:00,4.246780301693086,4.378976068801322,4.246780301693086,4.3046159744262695,384100,0.0,0.0
2023-05-23 00:00:00-04:00,4.30461553695253,4.436810896652596,4.279828710022143,4.329401969909668,437500,0.0,0.0
2023-05-24 00:00:00-04:00,4.321139373041941,4.321139373041941,4.2137304608121235,4.2385172843933105,435600,0.0,0.0
2023-05-25 00:00:00-04:00,4.205468334903369,4.255041586748377,4.089797019958496,4.089797019958496,367700,0.0,0.0
2023-05-26 00:00:00-04:00,4.089797740558286,4.172420235497446,4.089797740558286,4.139371395111084,386800,0.0,0.0
2023-05-30 00:00:00-04:00,4.147633068210615,4.147633068210615,3.974126473419131,3.9906508922576904,517800,0.0,0.0
2023-05-31 00:00:00-04:00,3.9823879195879615,4.015436749296316,3.93281467502543,3.9989123344421387,762400,0.0,0.0
2023-06-01 00:00:00-04:00,4.023700093012174,4.065011340822891,3.9410779913639966,4.015438079833984,591500,0.0,0.0
2023-06-02 00:00:00-04:00,4.081535258872352,4.246779441833496,4.081535258872352,4.246779441833496,652400,0.0,0.0
2023-06-05 00:00:00-04:00,4.238518332491377,4.304616019754874,4.172420645227879,4.18068265914917,407700,0.0,0.0
2023-06-06 00:00:00-04:00,4.188944457188396,4.337664231879618,4.180682050496711,4.321139812469482,369900,0.0,0.0
2023-06-07 00:00:00-04:00,4.345926974648159,4.469859932821476,4.345926974648159,4.461597919464111,397400,0.0,0.0
2023-06-08 00:00:00-04:00,4.461597723582983,4.469859736577613,4.30461553695253,4.329401969909668,724700,0.0,0.0
2023-06-09 00:00:00-04:00,4.312878033676165,4.3211404415707495,4.18068265914917,4.18068265914917,278900,0.0,0.0
2023-06-12 00:00:00-04:00,4.18068203756472,4.255042121666933,4.139371186153784,4.172420024871826,505100,0.0,0.0
2023-06-13 00:00:00-04:00,4.180682552634672,4.2963535023987545,4.180682552634672,4.197206974029541,318100,0.0,0.0
2023-06-14 00:00:00-04:00,4.230254788258935,4.279828040390112,4.122845878321459,4.131108283996582,477500,0.0,0.0
2023-06-15 00:00:00-04:00,4.114583831811978,4.221992740840822,4.089797008969481,4.213730335235596,723300,0.0,0.0
2023-06-16 00:00:00-04:00,4.370712965373708,4.4120242098901405,4.279828463821494,4.3376641273498535,1412500,0.0,0.0
2023-06-20 00:00:00-04:00,4.354188103255551,4.370712520585863,4.246779193621933,4.255041599273682,495700,0.0,0.0
2023-06-21 00:00:00-04:00,4.246779296271576,4.304614955312215,4.2302548785418495,4.2385172843933105,387200,0.0,0.0
2023-06-22 00:00:00-04:00,4.2302550235373815,4.263303860129611,4.172419756487586,4.246779441833496,560200,0.0,0.0
2023-06-23 00:00:00-04:00,4.172420111902936,4.246779803582958,4.0319623474348765,4.114584445953369,1209600,0.0,0.0
2023-06-26 00:00:00-04:00,4.122846167969495,4.238517491708512,4.122846167969495,4.205468654632568,384600,0.0,0.0
2023-06-27 00:00:00-04:00,4.230254819101624,4.288090477329602,4.1476327316139345,4.279828071594238,331100,0.0,0.0
2023-06-28 00:00:00-04:00,4.288090809769828,4.288090809769828,4.197206309500826,4.271566390991211,289600,0.0,0.0
2023-06-29 00:00:00-04:00,4.27982840339391,4.345926472481596,4.263303984615293,4.271566390991211,469700,0.0,0.0
2023-06-30 00:00:00-04:00,4.288091552784401,4.329402409902428,4.255042709500664,4.3046159744262695,636100,0.0,0.0
2023-07-03 00:00:00-04:00,4.3046157259415425,4.469859932821476,4.3046157259415425,4.461597919464111,319800,0.0,0.0
2023-07-05 00:00:00-04:00,4.453334830008791,4.569006151080441,4.337663902910346,4.494646072387695,1239600,0.0,0.0
2023-07-06 00:00:00-04:00,4.445073338167713,4.478122178349586,4.3376644105899995,4.41202449798584,1005800,0.0,0.0
2023-07-07 00:00:00-04:00,4.41202368078666,4.577267851089346,4.41202368078666,4.544219017028809,1066400,0.0,0.0
2023-07-10 00:00:00-04:00,4.5276950533358065,4.709463658868414,4.502908228322023,4.668152809143066,862400,0.0,0.0
2023-07-11 00:00:00-04:00,4.6846771240234375,4.767299215616586,4.635103869067549,4.6846771240234375,695500,0.0,0.0
2023-07-12 00:00:00-04:00,4.71772537834565,4.783823043461647,4.692938556940571,4.70120096206665,502200,0.0,0.0
2023-07-13 00:00:00-04:00,4.709463596343994,4.7177260025633,4.651628328701705,4.709463596343994,460100,0.0,0.0
2023-07-14 00:00:00-04:00,4.692940186851769,4.7012025948474765,4.5359579806929995,4.626842498779297,453100,0.0,0.0
2023-07-17 00:00:00-04:00,4.643366232135515,4.692939490837613,4.593792973433416,4.659890651702881,431800,0.0,0.0
2023-07-18 00:00:00-04:00,4.659890299558889,4.7425123911520375,4.643365881240259,4.6846771240234375,257500,0.0,0.0
2023-07-19 00:00:00-04:00,4.701201811357137,4.734250649885538,4.668152972828737,4.717726230621338,351000,0.0,0.0
2023-07-20 00:00:00-04:00,4.7177260651974136,4.750774902566979,4.643365984129284,4.668152809143066,301700,0.0,0.0
2023-07-21 00:00:00-04:00,4.70120096206665,4.70120096206665,4.651627713229653,4.70120096206665,339700,0.0,0.0
2023-07-24 00:00:00-04:00,4.676414759413197,4.783823676424895,4.676414759413197,4.709463596343994,746200,0.0,0.0
2023-07-25 00:00:00-04:00,4.692940611608798,4.792087546664571,4.684678596838595,4.750776290893555,380900,0.0,0.0
2023-07-26 00:00:00-04:00,4.717727029923703,4.87470923651698,4.717727029923703,4.858184814453125,903000,0.0,0.0
2023-07-27 00:00:00-04:00,4.899495085635902,4.932543925804155,4.849921825383523,4.874708652496338,1010900,0.0,0.0
2023-07-28 00:00:00-04:00,4.932543299824355,4.990378959765608,4.891232451843346,4.9738545417785645,576900,0.0,0.0
2023-07-31 00:00:00-04:00,4.9655938615330655,5.039953565431271,4.9655938615330655,5.031691551208496,432700,0.0,0.0
2023-08-01 00:00:00-04:00,5.00690381159811,5.106050328111363,4.965592960037538,5.056477069854736,505100,0.0,0.0
2023-08-02 00:00:00-04:00,4.998641450833664,5.106049972591178,4.9821170325653386,5.081263542175293,310400,0.0,0.0
2023-08-03 00:00:00-04:00,5.039952278137207,5.1060499509301085,4.998641429628247,5.039952278137207,323400,0.0,0.0
2023-08-04 00:00:00-04:00,5.064740396046211,5.130838085721642,5.023429143012414,5.031691551208496,434900,0.0,0.0
2023-08-07 00:00:00-04:00,5.056477240707069,5.073001660684285,4.965593127819005,4.9986419677734375,286800,0.0,0.0
2023-08-08 00:00:00-04:00,4.916019473914109,5.1473617475683815,4.874708620957693,4.9986419677734375,319600,0.0,0.0
2023-08-09 00:00:00-04:00,5.015166081567881,5.015166081567881,4.494646293104153,4.775561809539795,771300,0.0,0.0
2023-08-10 00:00:00-04:00,4.767298496947184,4.858182980985433,4.668152001981722,4.6764140129089355,379300,0.0,0.0
2023-08-11 00:00:00-04:00,4.668153018232164,4.7094638698078475,4.626841772683246,4.635104179382324,452800,0.0,0.0
2023-08-14 00:00:00-04:00,4.626841334692565,4.626841334692565,4.494645991807211,4.552481651306152,410800,0.0,0.0
2023-08-15 00:00:00-04:00,4.511171340942383,4.527695762214311,4.486384512047851,4.511171340942383,1001500,0.0,0.0
2023-08-16 00:00:00-04:00,4.527695013121368,4.610317105811441,4.478121757507324,4.478121757507324,484900,0.0,0.0
2023-08-17 00:00:00-04:00,4.486384231016868,4.527695478595556,4.428548957174613,4.4368109703063965,334000,0.0,0.0
2023-08-18 00:00:00-04:00,4.4120246035919335,4.486384298794394,4.362451342132539,4.395500183105469,616100,0.0,0.0
2023-08-21 00:00:00-04:00,4.408070368935933,4.4332112298165445,4.307505726593154,4.32426643371582,486700,0.075,0.0
2023-08-22 00:00:00-04:00,4.332647490935456,4.357788354739764,4.0979971643232425,4.123138427734375,588100,0.0,0.0
2023-08-23 00:00:00-04:00,4.114758000408544,4.123138555006553,4.005813587882296,4.072856426239014,709200,0.0,0.0
2023-08-24 00:00:00-04:00,4.0477144721551825,4.081235885620117,3.9639109384928455,4.081235885620117,1020500,0.0,0.0
2023-08-25 00:00:00-04:00,4.097996952759481,4.14827907737905,4.039334673840054,4.0644755363464355,598000,0.0,0.0
2023-08-28 00:00:00-04:00,4.097996929765533,4.1985615780472045,4.089616775512695,4.089616775512695,1071500,0.0,0.0
2023-08-29 00:00:00-04:00,4.114757720359331,4.265604496002197,4.089616857490061,4.265604496002197,454600,0.0,0.0
2023-08-30 00:00:00-04:00,4.240462762018589,4.416450380962228,4.240462762018589,4.399689674377441,600500,0.0,0.0
2023-08-31 00:00:00-04:00,4.399690145305614,4.4918742411924,4.341027466176421,4.466732978820801,1339200,0.0,0.0
2023-09-01 00:00:00-04:00,4.508635060364583,4.567297341328509,4.475113642783247,4.550536632537842,769200,0.0,0.0
2023-09-05 00:00:00-04:00,4.517015573071731,4.5421568380543755,4.408071157098537,4.424831867218018,808100,0.0,0.0
2023-09-06 00:00:00-04:00,4.424831272135401,4.458352687866164,4.341027333201699,4.4080705642700195,900900,0.0,0.0
2023-09-07 00:00:00-04:00,4.399689674377441,4.466732500716587,4.366168261207869,4.399689674377441,1104400,0.0,0.0
2023-09-08 00:00:00-04:00,4.4164502635940694,4.491873641024597,4.374548298442274,4.449971675872803,488700,0.0,0.0
2023-09-11 00:00:00-04:00,4.491874615279516,4.5086353250541595,4.374549247250176,4.382929801940918,698500,0.0,0.0
2023-09-12 00:00:00-04:00,4.408070462869658,4.550536276644809,4.408070462869658,4.500254154205322,446700,0.0,0.0
2023-09-13 00:00:00-04:00,4.491874359144508,4.533775931388389,4.408070815049928,4.483493804931641,668300,0.0,0.0
2023-09-14 00:00:00-04:00,4.525395946158404,4.843849825243687,4.525395946158404,4.810328006744385,591800,0.0,0.0
2023-09-15 00:00:00-04:00,4.793566563524297,4.8522292374097615,4.718143582365012,4.7349042892456055,1498600,0.0,0.0
2023-09-18 00:00:00-04:00,4.726523399353027,4.751664657686606,4.676241282292614,4.726523399353027,413300,0.0,0.0
2023-09-19 00:00:00-04:00,4.726524459513214,4.827089115797453,4.667862176254811,4.810328006744385,551500,0.0,0.0
2023-09-20 00:00:00-04:00,4.835469465020161,5.095260671679362,4.835469465020161,4.936033725738525,864800,0.0,0.0
2023-09-21 00:00:00-04:00,4.894131322481182,4.952793598175049,4.868990061750395,4.952793598175049,618900,0.0,0.0
2023-09-22 00:00:00-04:00,4.961173889510546,4.969554042906877,4.80194697891264,4.877370357513428,1478700,0.0,0.0
2023-09-25 00:00:00-04:00,4.835468765894025,4.919272304376103,4.801947350501194,4.9025115966796875,480200,0.0,0.0
2023-09-26 00:00:00-04:00,4.860610391988619,4.902511964570611,4.818708419799805,4.818708419799805,495200,0.0,0.0
2023-09-27 00:00:00-04:00,4.843849800394186,4.927653347195435,4.751665699109395,4.8354692459106445,511700,0.0,0.0
2023-09-28 00:00:00-04:00,4.843849928531412,4.927653477549566,4.751665824808022,4.785187244415283,727800,0.0,0.0
2023-09-29 00:00:00-04:00,4.818708561270919,4.868990689609621,4.776806587851916,4.810328006744385,647400,0.0,0.0
2023-10-02 00:00:00-04:00,4.7768063837810475,4.860610327038848,4.4918743353677035,4.5086350440979,721800,0.0,0.0
2023-10-03 00:00:00-04:00,4.4918743353677035,4.55891717028849,4.449972363738803,4.5086350440979,528300,0.0,0.0
2023-10-04 00:00:00-04:00,4.491874118239534,4.550536396156198,4.458352702399499,4.517014980316162,460600,0.0,0.0
2023-10-05 00:00:00-04:00,4.50863470774863,4.575677537667946,4.491874000268802,4.500254154205322,392300,0.0,0.0
2023-10-06 00:00:00-04:00,4.483493931310357,4.5002546406017165,4.382929675562201,4.433211803436279,438500,0.0,0.0
2023-10-09 00:00:00-04:00,4.416450616806178,4.550536276644809,4.416450616806178,4.500254154205322,320600,0.0,0.0
2023-10-10 00:00:00-04:00,4.542156241999588,4.634340335363084,4.500254272396144,4.517014980316162,805000,0.0,0.0
2023-10-11 00:00:00-04:00,4.542156579373679,4.609199416033437,4.500254606657918,4.52539587020874,372300,0.0,0.0
2023-10-12 00:00:00-04:00,4.5337754281224365,4.5337754281224365,4.41645047941353,4.441591739654541,411800,0.0,0.0
2023-10-13 00:00:00-04:00,4.491874391401673,4.491874391401673,4.374549029219901,4.39130973815918,399100,0.0,0.0
2023-10-16 00:00:00-04:00,4.4415915226064975,4.500253794290903,4.408070110327763,4.449971675872803,1058600,0.0,0.0
2023-10-17 00:00:00-04:00,4.433211440716073,4.550536396156198,4.433211440716073,4.517014980316162,454600,0.0,0.0
2023-10-18 00:00:00-04:00,4.475114037536703,4.475114037536703,4.3075065352384145,4.332647800445557,520100,0.0,0.0
2023-10-19 00:00:00-04:00,4.30750585023688,4.33264711144593,4.206941604614258,4.206941604614258,518600,0.0,0.0
2023-10-20 00:00:00-04:00,4.215323228273633,4.273985519974777,4.198562516415178,4.223703384399414,585100,0.0,0.0
2023-10-23 00:00:00-04:00,4.198561573154665,4.2823651136194005,4.148279049269022,4.1566596031188965,420500,0.0,0.0
2023-10-24 00:00:00-04:00,4.1901806590444854,4.223702072348299,4.123137832436856,4.173419952392578,546900,0.0,0.0
2023-10-25 00:00:00-04:00,4.1398990355359775,4.190181161521417,4.097997064078037,4.148279190063477,385700,0.0,0.0
2023-10-26 00:00:00-04:00,4.1734204226736,4.26560451945022,4.156659714133016,4.2404632568359375,571100,0.0,0.0
2023-10-27 00:00:00-04:00,4.232082769103514,4.240462922910485,4.072855850703265,4.097996711730957,602800,0.0,0.0
2023-10-30 00:00:00-04:00,4.156659714133016,4.248843810909635,4.156659714133016,4.2404632568359375,399800,0.0,0.0
2023-10-31 00:00:00-04:00,4.248843810909635,4.282365227990804,4.223702548295353,4.2404632568359375,347800,0.0,0.0
2023-11-01 00:00:00-04:00,4.22370266493986,4.2656046372519185,4.156659828926024,4.257224082946777,429400,0.0,0.0
2023-11-02 00:00:00-04:00,4.299125690674854,4.3745486749908205,4.290745137080419,4.34102725982666,564900,0.0,0.0
2023-11-03 00:00:00-04:00,4.282364966329934,4.533775579077018,4.223702290218887,4.232082843780518,1022600,0.0,0.0
2023-11-06 00:00:00-05:00,4.240463287506856,4.374548956801361,4.131518481401663,4.148279190063477,720000,0.0,0.0
2023-11-07 00:00:00-05:00,4.1482795508363255,4.1482795508363255,3.9890530045046924,4.022574424743652,1550200,0.0,0.0
2023-11-08 00:00:00-05:00,4.022573943062783,4.131518345990489,4.022573943062783,4.089616775512695,816900,0.0,0.0
2023-11-09 00:00:00-05:00,4.114757567616189,4.165039691095027,3.947150489353393,3.9555306434631348,707400,0.0,0.0
2023-11-10 00:00:00-05:00,3.9890521977228355,4.072855731371052,3.888487557738205,4.014193058013916,829800,0.0,0.0
2023-11-13 00:00:00-05:00,3.980672003176764,3.9890525570999817,3.8884879080553962,3.963911294937134,614500,0.0,0.0
2023-11-14 00:00:00-05:00,4.0873838904453805,4.266206961030184,4.070353141153737,4.257691383361816,769000,0.075,0.0
2023-11-15 00:00:00-05:00,4.266207840117202,4.445030541504794,4.266207840117202,4.419484615325928,596400,0.0,0.0
2023-11-16 00:00:00-05:00,4.37690709287543,4.436514924744239,4.283238164853902,4.402453422546387,464000,0.0,0.0
2023-11-17 00:00:00-05:00,4.479092198530288,4.572761130588263,4.427999536986653,4.538699626922607,587900,0.0,0.0
2023-11-20 00:00:00-05:00,4.538699371502014,4.598307202584986,4.470576368004406,4.564245700836182,626300,0.0,0.0
2023-11-21 00:00:00-05:00,4.538699626922607,4.564245957694425,4.479092198530288,4.538699626922607,415700,0.0,0.0
2023-11-22 00:00:00-05:00,4.547215314963104,4.572761240302694,4.462061147710708,4.487607479095459,239400,0.0,0.0
2023-11-24 00:00:00-05:00,4.504638567118959,4.521669320629902,4.419484799564244,4.427999973297119,209800,0.0,0.0
2023-11-27 00:00:00-05:00,4.436515004131218,4.5216687611495905,4.402453501323869,4.49612283706665,526200,0.0,0.0
2023-11-28 00:00:00-05:00,4.487606462472473,4.487606462472473,4.376906394958496,4.376906394958496,570900,0.0,0.0
2023-11-29 00:00:00-05:00,4.393938033320998,4.555730378755435,4.393938033320998,4.538699626922607,724000,0.0,0.0
2023-11-30 00:00:00-05:00,4.5557305618173825,4.606822819368894,4.487607551748701,4.581276893615723,774100,0.0,0.0
2023-12-01 00:00:00-05:00,4.555729666657441,4.67494491085291,4.49612224758225,4.657914161682129,545100,0.0,0.0
2023-12-04 00:00:00-05:00,4.657915226723991,4.674945979788888,4.598307794019439,4.606822967529297,529400,0.0,0.0
2023-12-05 00:00:00-05:00,4.581276594085023,4.581276594085023,4.479092085662976,4.49612283706665,493600,0.0,0.0
2023-12-06 00:00:00-05:00,4.547215461730957,4.657915151850771,4.5386998823128,4.547215461730957,402600,0.0,0.0
2023-12-07 00:00:00-05:00,4.547215245497593,4.649399757385254,4.5046381625218235,4.649399757385254,459600,0.0,0.0
2023-12-08 00:00:00-05:00,4.623853646621623,4.683461484417748,4.606822893829183,4.6408843994140625,274000,0.0,0.0
2023-12-11 00:00:00-05:00,4.640882945154709,4.71752151172794,4.606821450243283,4.6919755935668945,353100,0.0,0.0
2023-12-12 00:00:00-05:00,4.666430656201575,4.666430656201575,4.581276893615723,4.581276893615723,424200,0.0,0.0
2023-12-13 00:00:00-05:00,4.581276752838591,4.811192107777956,4.530184496857084,4.777130603790283,781800,0.0,0.0
2023-12-14 00:00:00-05:00,4.87931573844422,4.998531017615146,4.87931573844422,4.930408000946045,512000,0.0,0.0
2023-12-15 00:00:00-05:00,4.921891637189912,4.921891637189912,4.777130058736517,4.811191558837891,1111600,0.0,0.0
2023-12-18 00:00:00-05:00,4.845252320668308,4.845252320668308,4.666429269360801,4.6919755935668945,532500,0.0,0.0
2023-12-19 00:00:00-05:00,4.760099710125005,4.853768640280723,4.760099710125005,4.8452534675598145,476300,0.0,0.0
2023-12-20 00:00:00-05:00,4.81970673084068,4.955953137291287,4.777130058736517,4.811191558837891,506100,0.0,0.0
2023-12-21 00:00:00-05:00,4.85376843105102,4.955953341613086,4.845253258697172,4.947437763214111,349900,0.0,0.0
2023-12-22 00:00:00-05:00,4.972985089386837,5.015561771782421,4.896346492611495,4.930408000946045,435100,0.0,0.0
2023-12-26 00:00:00-05:00,4.921892278343212,4.98149970826286,4.887830367759633,4.964468955993652,282300,0.0,0.0
2023-12-27 00:00:00-05:00,4.972984716903471,5.083684407676597,4.972984716903471,5.007046222686768,319500,0.0,0.0
2023-12-28 00:00:00-05:00,4.9814999994833915,5.075169345462568,4.947438492953725,5.049623012542725,579200,0.0,0.0
2023-12-29 00:00:00-05:00,5.032592716849277,5.322115954720546,4.981500452409387,5.177354335784912,1739100,0.0,0.0
2024-01-02 00:00:00-05:00,5.177354243218478,5.5009389849309365,5.126261979692071,5.339146614074707,1203900,0.0,0.0
2024-01-03 00:00:00-05:00,5.288054168276474,5.466877287477724,5.202900398667595,5.330631256103516,1139700,0.0,0.0
2024-01-04 00:00:00-05:00,5.373207459390203,5.466876800641125,5.279538118139281,5.296568870544434,1112100,0.0,0.0
2024-01-05 00:00:00-05:00,5.2710226960314035,5.517968797266489,5.202899689627952,5.449845790863037,959800,0.0,0.0
2024-01-08 00:00:00-05:00,5.458361625671387,5.560546553715455,5.449846451860746,5.458361625671387,654800,0.0,0.0
2024-01-09 00:00:00-05:00,5.398753270662521,5.398753270662521,5.313599110799163,5.347661018371582,696600,0.0,0.0
2024-01-10 00:00:00-05:00,5.347661934307644,5.424300122847914,5.339146354444727,5.364692687988281,403100,0.0,0.0
2024-01-11 00:00:00-05:00,5.330630890262512,5.38172314852138,5.296568978711425,5.3732075691223145,399700,0.0,0.0
2024-01-12 00:00:00-05:00,5.432815333352188,5.458361259113765,5.262507402079277,5.279538154602051,358100,0.0,0.0
2024-01-16 00:00:00-05:00,5.228445820588828,5.228445820588828,5.049622718691679,5.092199802398682,449000,0.0,0.0
2024-01-17 00:00:00-05:00,5.024076975578416,5.041107728470065,4.972984716903471,5.007046222686768,316100,0.0,0.0
2024-01-18 00:00:00-05:00,5.0070461858627535,5.032592111989762,4.938923174797166,5.02407693862915,404500,0.0,0.0
2024-01-19 00:00:00-05:00,5.049622024877037,5.0751683528002225,4.998529775075772,5.066652774810791,326900,0.0,0.0
2024-01-22 00:00:00-05:00,5.049622437981433,5.245476281264767,5.03259168665441,5.228445529937744,406200,0.0,0.0
2024-01-23 00:00:00-05:00,5.313599583310706,5.34766149391208,5.202899896525606,5.219930648803711,415800,0.0,0.0
2024-01-24 00:00:00-05:00,5.288053054249647,5.288053054249647,5.126260723054741,5.143291473388672,437100,0.0,0.0
2024-01-25 00:00:00-05:00,5.1688378174823,5.271022319793701,5.1688378174823,5.271022319793701,550900,0.0,0.0
2024-01-26 00:00:00-05:00,5.3050838903459425,5.373206892782949,5.2369608879089355,5.2369608879089355,265200,0.0,0.0
2024-01-29 00:00:00-05:00,5.253991569408467,5.271022319793701,5.1858685678675345,5.271022319793701,416300,0.0,0.0
2024-01-30 00:00:00-05:00,5.253991569408467,5.296568242348992,5.202899318252768,5.271022319793701,1196900,0.0,0.0
2024-01-31 00:00:00-05:00,5.330631535149807,5.373208219160437,5.177354335784912,5.177354335784912,654700,0.0,0.0
2024-02-01 00:00:00-05:00,5.236960834052146,5.407268338393225,5.211414505378425,5.3987531661987305,483700,0.0,0.0
2024-02-02 00:00:00-05:00,5.296569267220536,5.407269369167276,5.288054093402816,5.364692687988281,634100,0.0,0.0
2024-02-05 00:00:00-05:00,5.322115859565905,5.424300386618718,5.228446506744884,5.339146614074707,575300,0.0,0.0
2024-02-06 00:00:00-05:00,5.347661934307644,5.424300122847914,5.330631180627007,5.364692687988281,512600,0.0,0.0
2024-02-07 00:00:00-05:00,5.364692763947067,5.364692763947067,5.296569342214761,5.330631256103516,424400,0.0,0.0
2024-02-08 00:00:00-05:00,5.3561761214188985,5.407268373048675,5.330630198626571,5.381722450256348,313100,0.0,0.0
2024-02-09 00:00:00-05:00,5.373206803304447,5.458360554932663,5.322114552327516,5.415783882141113,457300,0.0,0.0
2024-02-12 00:00:00-05:00,5.44133043405618,5.6116383630588285,5.44133043405618,5.569061279296875,627300,0.0,0.0
2024-02-13 00:00:00-05:00,5.432815702710831,5.458361630209188,5.305084847083453,5.364692687988281,637700,0.0,0.0
2024-02-14 00:00:00-05:00,5.432816095227093,5.53500062469366,5.3987545854049035,5.4924235343933105,309100,0.0,0.0
2024-02-15 00:00:00-05:00,5.4924224032812745,5.620153241832147,5.4924224032812745,5.611638069152832,491900,0.0,0.0
2024-02-16 00:00:00-05:00,5.5690608726794935,5.637183876888579,5.483907117418137,5.534999370574951,426600,0.0,0.0
2024-02-20 00:00:00-05:00,5.483907294064763,5.577576630892082,5.432815039262175,5.449845790863037,426300,0.0,0.0
2024-02-21 00:00:00-05:00,5.46687694672472,5.509453625852734,5.432815441004237,5.483907699584961,552100,0.0,0.0
2024-02-22 00:00:00-05:00,5.441330651157113,5.526484416033363,5.441330651157113,5.466876983642578,413800,0.0,0.0
2024-02-23 00:00:00-05:00,5.109230234415884,5.160322488034627,4.385422699082661,4.751584053039551,1518800,0.0,0.0
2024-02-26 00:00:00-05:00,4.717522669101954,4.964468770816865,4.65791483536054,4.955953598022461,1096600,0.0,0.0
2024-02-27 00:00:00-05:00,4.955953892806482,5.007046150747352,4.853768970879569,4.913376808166504,670000,0.0,0.0
2024-02-28 00:00:00-05:00,4.845254439629646,4.845254439629646,4.709008400399852,4.717523574829102,718500,0.0,0.0
2024-02-29 00:00:00-05:00,4.794161134077738,4.811191885283986,4.683461048214561,4.751584053039551,844900,0.0,0.0
2024-03-01 00:00:00-05:00,4.760100072450033,4.785645998602385,4.666430729119331,4.768615245819092,606200,0.0,0.0
2024-03-04 00:00:00-05:00,4.768615021254191,4.828222856211237,4.6153382534227,4.649399757385254,694300,0.0,0.0
2024-03-05 00:00:00-05:00,4.615338140743664,4.683461147005614,4.564245886047202,4.572761058807373,1070800,0.0,0.0
2024-03-06 00:00:00-05:00,4.623853313503835,4.632368892309152,4.5386995556763985,4.572761058807373,1218800,0.0,0.0
2024-03-07 00:00:00-05:00,4.62385349860153,4.64939982999498,4.56424606875875,4.615338325500488,604100,0.0,0.0
2024-03-08 00:00:00-05:00,4.674945682334591,4.691976840361024,4.5897919224282075,4.649399757385254,880700,0.0,0.0
2024-03-11 00:00:00-04:00,4.640884029049672,4.666430359222201,4.5642458506223695,4.589791774749756,529700,0.0,0.0
2024-03-12 00:00:00-04:00,4.572761023316451,4.606822526183061,4.521668769016535,4.589791774749756,1159900,0.0,0.0
2024-03-13 00:00:00-04:00,4.589792214464398,4.683461559343928,4.564246287889643,4.606822967529297,1616800,0.0,0.0
2024-03-14 00:00:00-04:00,4.611139870661385,4.611139870661385,4.516153730786365,4.533423900604248,1052600,0.075,0.0
2024-03-15 00:00:00-04:00,4.524788609818643,4.6284100404792685,4.524788609818643,4.533423900604248,1624200,0.0,0.0
2024-03-18 00:00:00-04:00,4.533423900604248,4.60250457987578,4.481613391150598,4.533423900604248,1617700,0.0,0.0
2024-03-19 00:00:00-04:00,4.5420598103389125,4.697491359880606,4.52478922641423,4.602505207061768,1558000,0.0,0.0
2024-03-20 00:00:00-04:00,4.61114011399279,4.904733016389798,4.585234652022263,4.8960981369018555,1052100,0.0,0.0
2024-03-21 00:00:00-04:00,4.88746292716111,4.93927344021278,4.852922585126663,4.922003269195557,988500,0.0,0.0
2024-03-22 00:00:00-04:00,4.93927418358588,4.965179649887231,4.818382968270887,4.8270182609558105,464600,0.0,0.0
2024-03-25 00:00:00-04:00,4.8356529185199575,4.878828556443376,4.77520751953125,4.77520751953125,363300,0.0,0.0
2024-03-26 00:00:00-04:00,4.801112737038326,4.878828723256323,4.78384256362915,4.78384256362915,488100,0.0,0.0
2024-03-27 00:00:00-04:00,4.827017863994783,4.8788283805833075,4.792477519602434,4.8529229164123535,543600,0.0,0.0
2024-03-28 00:00:00-04:00,4.844287872314453,4.9047332670795765,4.81838240901985,4.844287872314453,793800,0.0,0.0
2024-04-01 00:00:00-04:00,4.8356527959939335,4.8356527959939335,4.680221244564077,4.68885612487793,379100,0.0,0.0
2024-04-02 00:00:00-04:00,4.63704555553566,4.654315727722345,4.472978713885452,4.559329986572266,751400,0.0,0.0
2024-04-03 00:00:00-04:00,4.54205948469001,4.6543153898784295,4.46434350961442,4.628410339355469,513500,0.0,0.0
2024-04-04 00:00:00-04:00,4.697490719750801,4.7838415688402165,4.498883560968482,4.533423900604248,506400,0.0,0.0
2024-04-05 00:00:00-04:00,4.507518997392176,4.576600096959476,4.507518997392176,4.5161542892456055,397800,0.0,0.0
2024-04-08 00:00:00-04:00,4.542059898376465,4.576600243388549,4.507519141610988,4.542059898376465,332700,0.0,0.0
2024-04-09 00:00:00-04:00,4.550694070422131,4.611139870661385,4.516153730786365,4.533423900604248,387200,0.0,0.0
2024-04-10 00:00:00-04:00,4.498883825114514,4.498883825114514,4.283006483839358,4.421167850494385,692700,0.0,0.0
2024-04-11 00:00:00-04:00,4.447073540221972,4.5247891070662645,4.438438248487399,4.472978591918945,449500,0.0,0.0
2024-04-12 00:00:00-04:00,4.42116801944997,4.455708362433691,4.317546990498807,4.343452453613281,535300,0.0,0.0
2024-04-15 00:00:00-04:00,4.412533391543138,4.438438444383464,4.317547237037367,4.334817409515381,519900,0.0,0.0
2024-04-16 00:00:00-04:00,4.317547578260897,4.326182871059062,4.2571017639340125,4.265737056732178,544400,0.0,0.0
2024-04-17 00:00:00-04:00,4.31754703545225,4.31754703545225,4.179385662078857,4.179385662078857,729800,0.0,0.0
2024-04-18 00:00:00-04:00,4.205291107880333,4.2398314544612195,4.179386053821373,4.196656227111816,601500,0.0,0.0
2024-04-19 00:00:00-04:00,4.179385333604683,4.291641234771251,4.179385333604683,4.2484660148620605,659800,0.0,0.0
2024-04-22 00:00:00-04:00,4.317546530557859,4.377992330216865,4.283006191253662,4.283006191253662,717800,0.0,0.0
2024-04-23 00:00:00-04:00,4.28300658504665,4.360722561503204,4.274371293549983,4.300276756286621,574900,0.0,0.0
2024-04-24 00:00:00-04:00,4.291641484724737,4.30891165604493,4.1707502854833916,4.23983097076416,685700,0.0,0.0
2024-04-25 00:00:00-04:00,4.1966555204073686,4.257100910868389,4.1707500589574025,4.1880202293396,629400,0.0,0.0
2024-04-26 00:00:00-04:00,4.2052904825888255,4.265736285994297,4.170750141143799,4.170750141143799,411500,0.0,0.0
2024-04-29 00:00:00-04:00,4.196655503919028,4.274371064456907,4.196655503919028,4.2484660148620605,703800,0.0,0.0
2024-04-30 00:00:00-04:00,4.22256097006953,4.22256097006953,4.162115573883057,4.162115573883057,611700,0.0,0.0
2024-05-01 00:00:00-04:00,4.16211582851954,4.213926347743426,4.101670016881638,4.110305309295654,474400,0.0,0.0
2024-05-02 00:00:00-04:00,4.179385333604683,4.291641234771251,4.153479872256498,4.2484660148620605,764200,0.0,0.0
2024-05-03 00:00:00-04:00,4.360723484637022,4.490249590479876,4.144846092561,4.213926792144775,825200,0.0,0.0
2024-05-06 00:00:00-04:00,4.222561023246563,4.300277004183183,4.170750506539944,4.291641712188721,511900,0.0,0.0
2024-05-07 00:00:00-04:00,4.30891165604493,4.352087290222092,4.231196090980746,4.23983097076416,986200,0.0,0.0
2024-05-08 00:00:00-04:00,4.222561082531596,4.377993046587111,4.222561082531596,4.334817409515381,358800,0.0,0.0
2024-05-09 00:00:00-04:00,4.326182666395943,4.421168412161631,4.326182666395943,4.403898239135742,722300,0.0,0.0
2024-05-10 00:00:00-04:00,4.412532888801351,4.447073229822027,4.386627427159173,4.4384379386901855,375900,0.0,0.0
2024-05-13 00:00:00-04:00,4.498884058338122,4.5161542300652915,4.4211680796891715,4.429803371429443,585600,0.0,0.0
2024-05-14 00:00:00-04:00,4.490248118961625,4.516153578692677,4.4298027325113605,4.464343070983887,545600,0.0,0.0
2024-05-15 00:00:00-04:00,4.498883741353039,4.516153911863377,4.412532888801351,4.4384379386901855,352900,0.0,0.0
2024-05-16 00:00:00-04:00,4.425293993823783,4.5392121312018086,4.407768094392518,4.530449390411377,395700,0.075,0.0
2024-05-17 00:00:00-04:00,4.530449139120777,4.547975037579933,4.495397342202465,4.512923240661621,332700,0.0,0.0
2024-05-20 00:00:00-04:00,4.4866348229251285,4.539212525789434,4.390242576599121,4.390242576599121,414500,0.0,0.0
2024-05-21 00:00:00-04:00,4.390241719539594,4.41653035691448,4.355189506622484,4.3990044593811035,295900,0.0,0.0
2024-05-22 00:00:00-04:00,4.390242349463677,4.41653099061053,4.372716031565219,4.407768249511719,688300,0.0,0.0
2024-05-23 00:00:00-04:00,4.407768344680009,4.434056986394461,4.38147928511513,4.416531085968018,438400,0.0,0.0
2024-05-24 00:00:00-04:00,4.4252942451064525,4.504160588100235,4.407768344680009,4.416531085968018,492300,0.0,0.0
2024-05-28 00:00:00-04:00,4.460346067811739,4.495397868836354,4.407768366274817,4.451582908630371,383100,0.0,0.0
2024-05-29 00:00:00-04:00,4.363953516241749,4.40776847755389,4.311375813377444,4.390242576599121,567400,0.0,0.0
2024-05-30 00:00:00-04:00,4.425294288129035,4.486634731292725,4.407768387532205,4.486634731292725,619100,0.0,0.0
2024-05-31 00:00:00-04:00,4.5041607657932445,4.512923925277394,4.442820320805972,4.460346221923828,1231800,0.0,0.0
2024-06-03 00:00:00-04:00,4.5304496476651135,4.5304496476651135,4.399005185541574,4.416531085968018,537800,0.0,0.0
2024-06-04 00:00:00-04:00,4.381479701247998,4.758286805129158,4.337664737095332,4.477872371673584,1337500,0.0,0.0
2024-06-05 00:00:00-04:00,4.469109023543643,4.574264431662212,4.434057220837453,4.565501689910889,589000,0.0,0.0
2024-06-06 00:00:00-04:00,4.5392118794251655,4.583026834498245,4.5041600825068535,4.512923240661621,393800,0.0,0.0
2024-06-07 00:00:00-04:00,4.442820588358795,4.442820588358795,4.302612953122011,4.346427917480469,590000,0.0,0.0
2024-06-10 00:00:00-04:00,4.3026127070490565,4.346427668901669,4.250035003536187,4.328901767730713,669100,0.0,0.0
2024-06-11 00:00:00-04:00,4.276323817660008,4.311375617980957,4.241272017339059,4.311375617980957,443300,0.0,0.0
2024-06-12 00:00:00-04:00,4.4515827960077194,4.469108696076631,4.2500347362900275,4.2763237953186035,491600,0.0,0.0
2024-06-13 00:00:00-04:00,4.258797849637519,4.2675605906529155,4.136116132618654,4.2062201499938965,582100,0.0,0.0
2024-06-14 00:00:00-04:00,4.153641903176294,4.1886941196977725,4.101064205169678,4.101064205169678,541700,0.0,0.0
2024-06-17 00:00:00-04:00,4.109827787448347,4.171168650371615,4.048486924525078,4.162405490875244,567600,0.0,0.0
2024-06-18 00:00:00-04:00,4.153642155721694,4.162405314847471,4.07477581284182,4.118590354919434,960900,0.0,0.0
2024-06-20 00:00:00-04:00,4.1098276136440814,4.162405314847471,4.07477581284182,4.118590354919434,820300,0.0,0.0
2024-06-21 00:00:00-04:00,4.136116255320563,4.188694374374379,4.101064454518303,4.118590354919434,2351800,0.0,0.0
2024-06-24 00:00:00-04:00,4.153641604400586,4.214982456587862,4.127352966213447,4.14487886428833,1025900,0.0,0.0
2024-06-25 00:00:00-04:00,4.118590445629836,4.1273536049486195,4.013435040907047,4.02219820022583,911800,0.0,0.0
2024-06-26 00:00:00-04:00,4.013434708491984,4.118590104505217,3.9959088091564454,4.101064205169678,448700,0.0,0.0
2024-06-27 00:00:00-04:00,4.101064359540306,4.118590259535548,4.05724981847741,4.109827518463135,438400,0.0,0.0
2024-06-28 00:00:00-04:00,4.153642155721694,4.179931215248602,4.0835385541171725,4.118590354919434,1237700,0.0,0.0
2024-07-01 00:00:00-04:00,4.109827704161488,4.1273536049486195,4.004672299438698,4.02219820022583,516900,0.0,0.0
2024-07-02 00:00:00-04:00,4.03096001515067,4.074774965972552,4.004671378937811,4.057249069213867,433200,0.0,0.0
2024-07-03 00:00:00-04:00,4.066012743268441,4.109827704161488,4.02219820022583,4.02219820022583,215100,0.0,0.0
2024-07-05 00:00:00-04:00,4.004671602174946,4.030960239853243,3.917041695646324,3.925804853439331,936600,0.0,0.0
2024-07-08 00:00:00-04:00,3.943331973192089,4.013435585859425,3.934568812683426,3.978383779525757,355000,0.0,0.0
2024-07-09 00:00:00-04:00,3.9871457044392944,3.9959084443819393,3.9082789557036786,3.925804853439331,628600,0.0,0.0
2024-07-10 00:00:00-04:00,3.952094484872762,3.969620385162313,3.917042266443237,3.934568166732788,331000,0.0,0.0
2024-07-11 00:00:00-04:00,4.022197773010858,4.1624049644159005,4.022197773010858,4.092301368713379,447600,0.0,0.0
2024-07-12 00:00:00-04:00,4.144879162433725,4.21498275977588,4.101064205169678,4.101064205169678,458900,0.0,0.0
2024-07-15 00:00:00-04:00,4.162404858910517,4.232508452836107,4.127353061947722,4.153641700744629,481100,0.0,0.0
2024-07-16 00:00:00-04:00,4.197457036083293,4.293849695387515,4.162405235945469,4.2763237953186035,444200,0.0,0.0
2024-07-17 00:00:00-04:00,4.258797497445493,4.399004684900365,4.258797497445493,4.381478786468506,650000,0.0,0.0
2024-07-18 00:00:00-04:00,4.3727159899401595,4.407768207552988,4.2062201499938965,4.2062201499938965,370000,0.0,0.0
2024-07-19 00:00:00-04:00,4.18869425011269,4.214982891009294,4.1448792914844645,4.2062201499938965,448700,0.0,0.0
2024-07-22 00:00:00-04:00,4.223746433815447,4.320138682998977,4.144879668255785,4.302612781524658,368400,0.0,0.0
2024-07-23 00:00:00-04:00,4.258798163046887,4.346427668901669,4.23250910236523,4.328901767730713,335200,0.0,0.0
2024-07-24 00:00:00-04:00,4.293849515966022,4.36395311331234,4.232508659362793,4.232508659362793,349400,0.0,0.0
2024-07-25 00:00:00-04:00,4.267560412237459,4.4866343605188534,4.267560412237459,4.425293922424316,530100,0.0,0.0
2024-07-26 00:00:00-04:00,4.486635113793838,4.539212820066758,4.442820567491638,4.477872371673584,479000,0.0,0.0
2024-07-29 00:00:00-04:00,4.486634504494423,4.530449462696876,4.4515827050726235,4.504160404205322,550600,0.0,0.0
2024-07-30 00:00:00-04:00,4.5129234909801115,4.556738030633074,4.47787169211758,4.530449390411377,343100,0.0,0.0
2024-07-31 00:00:00-04:00,4.5304500779465045,4.618079588401371,4.477872371673584,4.477872371673584,564300,0.0,0.0
2024-08-01 00:00:00-04:00,4.504160308256371,4.51292346685035,4.276323616868119,4.363953113555908,640200,0.0,0.0
2024-08-02 00:00:00-04:00,4.250034197431802,4.328900946667665,4.030960265421396,4.074775218963623,986300,0.0,0.0
2024-08-05 00:00:00-04:00,3.943331652700753,4.0309611614129,3.8294130824497326,3.9871466159820557,836700,0.0,0.0
2024-08-06 00:00:00-04:00,3.9871457297295336,4.127352912504077,3.943330776187307,4.074775218963623,591700,0.0,0.0
2024-08-07 00:00:00-04:00,4.136115494377356,4.1886936037580975,4.048486008493368,4.066011905670166,1053100,0.0,0.0
2024-08-08 00:00:00-04:00,4.109827270875005,4.250034462390444,4.109827270875005,4.223745822906494,541000,0.0,0.0
2024-08-09 00:00:00-04:00,4.206219814039201,4.258797509483394,4.14487896042912,4.153641700744629,407100,0.0,0.0
2024-08-12 00:00:00-04:00,4.14487896042912,4.206219814039201,4.127353061947722,4.153641700744629,867400,0.0,0.0
2024-08-13 00:00:00-04:00,4.162405328562752,4.302612532233781,4.162405328562752,4.285086631774902,620800,0.0,0.0
2024-08-14 00:00:00-04:00,4.30261251022018,4.3376643109586,4.223746167483946,4.250034809112549,460600,0.0,0.0
2024-08-15 00:00:00-04:00,4.355189506622484,4.442819412139724,4.302611814022353,4.3990044593811035,640600,0.0,0.0
2024-08-16 00:00:00-04:00,4.394557743758644,4.56357924438643,4.385661674373422,4.536891460418701,738900,0.075,0.0
2024-08-19 00:00:00-04:00,4.519099627486992,4.697017192840576,4.519099627486992,4.697017192840576,629600,0.0,0.0
2024-08-20 00:00:00-04:00,4.670329603960047,4.714809103196748,4.643641819580438,4.688121318817139,446000,0.0,0.0
2024-08-21 00:00:00-04:00,4.750391640603182,4.75928728426681,4.670328726691216,4.723703861236572,356700,0.0,0.0
2024-08-22 00:00:00-04:00,4.741495909785147,4.759287622564931,4.634745633106447,4.6525373458862305,494100,0.0,0.0
2024-08-23 00:00:00-04:00,4.697017215766852,4.892726072004338,4.697017215766852,4.8482465744018555,614400,0.0,0.0
2024-08-26 00:00:00-04:00,4.901622141200006,4.9194138554034135,4.839350929394115,4.8482465744018555,422900,0.0,0.0
2024-08-27 00:00:00-04:00,4.84824628976596,4.9194135665893555,4.803767218962728,4.9194135665893555,654800,0.0,0.0
2024-08-28 00:00:00-04:00,4.866037916737577,4.892725698097144,4.723704213987604,4.768183708190918,537500,0.0,0.0
2024-08-29 00:00:00-04:00,4.839350929394115,4.901622141200006,4.768184072580484,4.8482465744018555,530800,0.0,0.0
2024-08-30 00:00:00-04:00,4.857142482857551,4.90162197898805,4.812662986727052,4.874934196472168,501100,0.0,0.0
2024-09-03 00:00:00-04:00,4.812663293101842,4.866038437343562,4.759288148860121,4.785975933074951,438700,0.0,0.0
2024-09-04 00:00:00-04:00,4.759288211811733,4.821559426344711,4.6970174214666995,4.705913066864014,495300,0.0,0.0
2024-09-05 00:00:00-04:00,4.741495378559309,4.794870510918636,4.714808024473567,4.73259973526001,325700,0.0,0.0
2024-09-06 00:00:00-04:00,4.71480848068029,4.759287549856285,4.6169538497924805,4.6169538497924805,465100,0.0,0.0
2024-09-09 00:00:00-04:00,4.625849599553822,4.705912519761373,4.5813705293624345,4.6703290939331055,447000,0.0,0.0
2024-09-10 00:00:00-04:00,4.6525374357480995,4.670329148871522,4.5457871570075605,4.590266227722168,561000,0.0,0.0
2024-09-11 00:00:00-04:00,4.554682801475322,4.608057940845591,4.510203730760715,4.590266227722168,403900,0.0,0.0
2024-09-12 00:00:00-04:00,4.616954113669485,4.6703292542440105,4.536891190713742,4.643641471862793,517500,0.0,0.0
2024-09-13 00:00:00-04:00,4.705911993897974,4.777078837601953,4.697016350528901,4.750391483306885,339500,0.0,0.0
2024-09-16 00:00:00-04:00,4.785975063633419,4.803766775148538,4.723703861236572,4.723703861236572,480600,0.0,0.0
2024-09-17 00:00:00-04:00,4.768183194232879,4.84824568130593,4.741495415749963,4.750391483306885,438800,0.0,0.0
2024-09-18 00:00:00-04:00,4.759288148860121,4.901622291025983,4.73260078883323,4.785975933074951,401700,0.0,0.0
2024-09-19 00:00:00-04:00,4.901621944240477,4.901621944240477,4.794871239121616,4.857142448425293,329700,0.0,0.0
2024-09-20 00:00:00-04:00,4.794871607959691,4.839351107196392,4.679225673482564,4.688121318817139,2084400,0.0,0.0
2024-09-23 00:00:00-04:00,4.74149649682916,4.812663356759452,4.705913066864014,4.705913066864014,375400,0.0,0.0
2024-09-24 00:00:00-04:00,4.741496222495389,4.830454792261285,4.73260057761276,4.8126630783081055,651300,0.0,0.0
2024-09-25 00:00:00-04:00,4.812662418812166,4.8215584866636565,4.7059121497214536,4.723703861236572,554400,0.0,0.0
2024-09-26 00:00:00-04:00,4.785975651157925,4.839350792255591,4.750392223759479,4.7770795822143555,426400,0.0,0.0
2024-09-27 00:00:00-04:00,4.821559147378655,4.857142575285013,4.777079650401747,4.8126630783081055,432900,0.0,0.0
2024-09-30 00:00:00-04:00,4.79487099527682,4.901621694966837,4.79487099527682,4.866037845611572,507000,0.0,0.0
2024-10-01 00:00:00-04:00,4.866037916737577,4.866037916737577,4.759287639675097,4.768183708190918,467400,0.0,0.0
2024-10-02 00:00:00-04:00,4.741495748473305,4.803766953177947,4.6703288997753605,4.679224967956543,612400,0.0,0.0
2024-10-03 00:00:00-04:00,4.6436411194196925,4.697016680131029,4.616953763251902,4.679224967956543,401900,0.0,0.0
2024-10-04 00:00:00-04:00,4.768183727054791,4.777079371417909,4.652537381018971,4.6703290939331055,359300,0.0,0.0
2024-10-07 00:00:00-04:00,4.652538051102509,4.688121482055694,4.634746335625916,4.661433696746826,1073400,0.0,0.0
2024-10-08 00:00:00-04:00,4.643641206460501,4.652537274808432,4.581370424776529,4.6169538497924805,715900,0.0,0.0
2024-10-09 00:00:00-04:00,4.625849407245206,4.705912324124333,4.625849407245206,4.679224967956543,569700,0.0,0.0
2024-10-10 00:00:00-04:00,4.643641277402392,4.6881207714457975,4.625849564622609,4.6525373458862305,462800,0.0,0.0
2024-10-11 00:00:00-04:00,4.66143302538209,4.7326003012265225,4.652537381018971,4.6703290939331055,626800,0.0,0.0
2024-10-14 00:00:00-04:00,4.670329148871522,4.6792252175271845,4.590266227722168,4.590266227722168,323500,0.0,0.0
2024-10-15 00:00:00-04:00,4.59916295833181,4.643642035448257,4.545787811279297,4.545787811279297,499700,0.0,0.0
2024-10-16 00:00:00-04:00,4.590266297031788,4.661433150600048,4.581370652429709,4.625849723815918,375000,0.0,0.0
2024-10-17 00:00:00-04:00,4.6525377289373715,4.72370458591579,4.608058231231896,4.714808940887451,395300,0.0,0.0
2024-10-18 00:00:00-04:00,4.732600193188265,4.732600193188265,4.60805778144455,4.6169538497924805,560500,0.0,0.0
2024-10-21 00:00:00-04:00,4.643641513243327,4.661433226926714,4.527995586395264,4.527995586395264,550800,0.0,0.0
2024-10-22 00:00:00-04:00,4.510203872711876,4.5546829448263875,4.501307803776225,4.527995586395264,367200,0.0,0.0
2024-10-23 00:00:00-04:00,4.492412206925256,4.527995634671411,4.305598999163982,4.332286357879639,574600,0.0,0.0
2024-10-24 00:00:00-04:00,4.3500780717527165,4.3678697856257935,4.261119502387328,4.332286357879639,446700,0.0,0.0
2024-10-25 00:00:00-04:00,4.376765262048362,4.385660905686484,4.2789106369018555,4.2789106369018555,345500,0.0,0.0
2024-10-28 00:00:00-04:00,4.305599375735084,4.474620884406035,4.305599375735084,4.394557952880859,784700,0.0,0.0
2024-10-29 00:00:00-04:00,4.3411824269101364,4.376765854656292,4.305598999163982,4.332286357879639,406100,0.0,0.0
2024-10-30 00:00:00-04:00,4.323389947557348,4.492411411519375,4.323389947557348,4.421244144439697,407400,0.0,0.0
2024-10-31 00:00:00-04:00,4.447932546033031,4.447932546033031,4.350077911247691,4.358973979949951,606700,0.0,0.0
2024-11-01 00:00:00-04:00,4.6703288997753605,4.72370403629882,4.456828353681526,4.679224967956543,1769400,0.0,0.0
2024-11-04 00:00:00-05:00,4.679225477008994,4.990580686028743,4.634745979639919,4.946101188659668,900800,0.0,0.0
2024-11-05 00:00:00-05:00,4.9372052908242186,5.186289275607234,4.910517508932087,5.168497562408447,1104300,0.0,0.0
2024-11-06 00:00:00-05:00,5.29303977425004,5.417582195992995,5.18628949063144,5.390894412994385,983700,0.0,0.0
2024-11-07 00:00:00-05:00,5.355311264598689,5.408686409193473,5.266352690274048,5.3997907638549805,1383000,0.0,0.0
2024-11-08 00:00:00-05:00,5.34641479609461,5.426477288565922,5.266351879435421,5.355310440063477,586600,0.0,0.0
2024-11-11 00:00:00-05:00,5.426476938968298,5.728936449805786,5.399789584593138,5.622186183929443,972300,0.0,0.0
2024-11-12 00:00:00-05:00,5.586603252498258,5.6399783901229945,5.497644265602478,5.524332046508789,618200,0.0,0.0
2024-11-13 00:00:00-05:00,5.577707450761152,5.604395232943203,5.435373743624634,5.551019668579102,660900,0.0,0.0
2024-11-14 00:00:00-05:00,5.559915634620021,5.568811703245605,5.319727296171952,5.364206790924072,542400,0.0,0.0
2024-11-15 00:00:00-05:00,5.422757861385081,5.431765971012397,5.242599964141846,5.242599964141846,509600,0.075,0.0
2024-11-18 00:00:00-05:00,5.287639744698361,5.323671327697334,5.179544995701441,5.197560787200928,444800,0.0,0.0
2024-11-19 00:00:00-05:00,5.143513202667236,5.161528993431049,5.080457720228727,5.143513202667236,428500,0.0,0.0
2024-11-20 00:00:00-05:00,5.098472820693547,5.143512506270173,5.026409667395165,5.089465141296387,550400,0.0,0.0
2024-11-21 00:00:00-05:00,5.107481479644775,5.197560430968339,5.089465689380063,5.107481479644775,376300,0.0,0.0
2024-11-22 00:00:00-05:00,5.143512905892912,5.2876392236875,5.125497116168589,5.242599964141846,523900,0.0,0.0
2024-11-25 00:00:00-05:00,5.350694728072832,5.476805256746111,5.350694728072832,5.368710517883301,536200,0.0,0.0
2024-11-26 00:00:00-05:00,5.341686738149323,5.368710638235987,5.233591996863306,5.278631687164307,763700,0.0,0.0
2024-11-27 00:00:00-05:00,5.332678609156656,5.386725975252534,5.215575767850447,5.233591556549072,438300,0.0,0.0
2024-11-29 00:00:00-05:00,5.2876392236875,5.31466312303914,5.242599964141846,5.242599964141846,262200,0.0,0.0
2024-12-02 00:00:00-05:00,5.305655418019972,5.6389481976322555,5.233592253627156,5.52184534072876,1043400,0.0,0.0
2024-12-03 00:00:00-05:00,5.539861131826964,5.548868812610896,5.332679319432448,5.52184534072876,600100,0.0,0.0
2024-12-04 00:00:00-05:00,5.557877298752157,5.6929959558906615,5.503829921802829,5.674980163574219,709700,0.0,0.0
2024-12-05 00:00:00-05:00,5.647955202106456,5.647955202106456,5.36871025875708,5.422757625579834,610900,0.0,0.0
2024-12-06 00:00:00-05:00,5.494821298258994,5.548868670166159,5.386726554444666,5.485813617706299,511500,0.0,0.0
2024-12-09 00:00:00-05:00,5.548868618997387,5.620931780875744,5.4858135671189885,5.593908309936523,666400,0.0,0.0
2024-12-10 00:00:00-05:00,5.60291543987207,5.665970915085059,5.494820707675761,5.575891971588135,752200,0.0,0.0
2024-12-11 00:00:00-05:00,5.6299398342768345,5.6299398342768345,5.395734130996364,5.404742240905762,1375600,0.0,0.0
2024-12-12 00:00:00-05:00,5.4407734870910645,5.512836643815932,5.3957337993728745,5.4407734870910645,640000,0.0,0.0
2024-12-13 00:00:00-05:00,5.4047425463833445,5.422758337690075,5.197560731590769,5.305655479431152,451000,0.0,0.0
2024-12-16 00:00:00-05:00,5.296647031759405,5.350694397855282,5.224583876964902,5.233591556549072,538000,0.0,0.0
2024-12-17 00:00:00-05:00,5.206568756470509,5.251608019232211,5.116489371886425,5.161529064178467,503300,0.0,0.0
2024-12-18 00:00:00-05:00,5.170536972713594,5.224584777657328,4.882284303842255,4.918315887451172,737700,0.0,0.0
2024-12-19 00:00:00-05:00,4.963355209693755,4.999386790601886,4.846252356977168,4.891291618347168,397700,0.0,0.0
2024-12-20 00:00:00-05:00,4.7922047850614335,4.9273229930470706,4.729149306345911,4.774188995361328,1877500,0.0,0.0
2024-12-23 00:00:00-05:00,4.774189652297609,4.85526050233841,4.738158067939393,4.765181541442871,669000,0.0,0.0
2024-12-24 00:00:00-05:00,4.783196783307204,4.801212573413566,4.7381575228064605,4.747165203094482,189000,0.0,0.0
2024-12-26 00:00:00-05:00,4.711133365186458,4.82823620923753,4.702125255860855,4.801212310791016,462300,0.0,0.0
2024-12-27 00:00:00-05:00,4.783197193373001,4.8642684705670645,4.6841101245280745,4.72914981842041,479000,0.0,0.0
2024-12-30 00:00:00-05:00,4.693118413924096,4.765181583273121,4.6120471336412585,4.720141887664795,491200,0.0,0.0
2024-12-31 00:00:00-05:00,4.756173720661883,4.79220530396361,4.6841101245280745,4.72914981842041,407900,0.0,0.0
2025-01-02 00:00:00-05:00,4.765180702078106,4.810220389357524,4.630062069770142,4.6751017570495605,366000,0.0,0.0
2025-01-03 00:00:00-05:00,4.684109946744444,4.783197011828559,4.6390706840919105,4.738157749176025,379800,0.0,0.0
2025-01-06 00:00:00-05:00,4.756173650133632,4.83724449659516,4.693118165525468,4.71113395690918,704100,0.0,0.0
2025-01-07 00:00:00-05:00,4.729149389453254,4.801212549520073,4.594030749562813,4.621054649353027,1003200,0.0,0.0
2025-01-08 00:00:00-05:00,4.594031154112193,4.648078528921706,4.53998377930268,4.603039264678955,548900,0.0,0.0
2025-01-10 00:00:00-05:00,4.53998320034699,4.567007099070734,4.467920043124069,4.52196741104126,673200,0.0,0.0
2025-01-13 00:00:00-05:00,4.467920148940952,4.539983307870595,4.440896249577182,4.494943618774414,790400,0.0,0.0
2025-01-14 00:00:00-05:00,4.539983555733442,4.6300625093134045,4.530975875140611,4.612046718597412,636400,0.0,0.0
2025-01-15 00:00:00-05:00,4.747164609564366,4.78319618527212,4.630061773749033,4.666093349456787,504000,0.0,0.0
2025-01-16 00:00:00-05:00,4.666094193961016,4.702125776190033,4.639070722054425,4.693118095397949,577500,0.0,0.0
2025-01-17 00:00:00-05:00,4.756173277220137,4.765180957440561,4.666093897834014,4.684109687805176,511200,0.0,0.0
2025-01-21 00:00:00-05:00,4.765180804127658,4.864267860546219,4.7291492253445995,4.819228172302246,738000,0.0,0.0
2025-01-22 00:00:00-05:00,4.819228776674728,4.819228776674728,4.720141707829801,4.72914981842041,454600,0.0,0.0
2025-01-23 00:00:00-05:00,4.6841102618717025,4.828237028834931,4.6841102618717025,4.765181541442871,641100,0.0,0.0
2025-01-24 00:00:00-05:00,4.765181583273121,4.783197375610377,4.711134206261352,4.720141887664795,470800,0.0,0.0
2025-01-27 00:00:00-05:00,4.720141115883685,4.891291329868364,4.720141115883685,4.819228172302246,715700,0.0,0.0
2025-01-28 00:00:00-05:00,4.792204893125544,4.855259943732649,4.702125513063421,4.747165203094482,470800,0.0,0.0
2025-01-29 00:00:00-05:00,4.729149234942806,4.792204712706286,4.702125336035515,4.756173133850098,577200,0.0,0.0
2025-01-30 00:00:00-05:00,4.81022064684263,4.882283806722918,4.765180957152294,4.792204856872559,605900,0.0,0.0
2025-01-31 00:00:00-05:00,4.80121280279564,4.819228593762721,4.693118056993153,4.738157749176025,549600,0.0,0.0
2025-02-03 00:00:00-05:00,4.621054985824692,4.6841100407092116,4.557999501409826,4.585023403167725,570300,0.0,0.0
2025-02-04 00:00:00-05:00,4.576014631509681,4.6660935751357995,4.5489911631869875,4.65708589553833,491200,0.0,0.0
2025-02-05 00:00:00-05:00,4.666094162091563,4.7021257440744835,4.603039108386621,4.630062580108643,487000,0.0,0.0
2025-02-06 00:00:00-05:00,4.666094018839639,4.666094018839639,4.585023176632162,4.594030857086182,433100,0.0,0.0
2025-02-07 00:00:00-05:00,4.576014887335417,4.594030677067828,4.458912039309593,4.494943618774414,428200,0.0,0.0
2025-02-10 00:00:00-05:00,4.494943618774414,4.548991417501955,4.476927829042004,4.494943618774414,606000,0.0,0.0
2025-02-11 00:00:00-05:00,4.476927934937765,4.612046575892052,4.476927934937765,4.576014995574951,753300,0.0,0.0
2025-02-12 00:00:00-05:00,4.503952127424375,4.612046875395277,4.4949440169949595,4.585023403167725,570900,0.0,0.0
2025-02-13 00:00:00-05:00,4.630061997685352,4.675101684263554,4.603038529362658,4.65708589553833,1089700,0.0,0.0
2025-02-14 00:00:00-05:00,4.693118641791892,4.882284685282958,4.693118641791892,4.837244987487793,652700,0.0,0.0
2025-02-18 00:00:00-05:00,4.8372436752217745,5.116488609018142,4.828235995824615,5.089465141296387,729300,0.0,0.0
2025-02-19 00:00:00-05:00,5.026410509513102,5.0624420921989755,4.927323442361779,5.008394718170166,790000,0.0,0.0
2025-02-20 00:00:00-05:00,4.954346729203745,5.071449573163104,4.954346729203745,4.972362518310547,876600,0.0,0.0
2025-02-21 00:00:00-05:00,4.197682977694029,4.197682977694029,3.9094303348153234,4.107604026794434,3297100,0.0,0.0
2025-02-24 00:00:00-05:00,4.116612286841823,4.188675450190683,3.9544697397765525,3.963477849960327,1586400,0.0,0.0
2025-02-25 00:00:00-05:00,3.990500789739229,4.152643315199921,3.873398379665735,4.062564373016357,1491200,0.0,0.0
2025-02-26 00:00:00-05:00,4.0445487698203015,4.17065973757642,4.035541088997918,4.098596572875977,1056900,0.0,0.0
2025-02-27 00:00:00-05:00,4.080579903785077,4.23371388106236,4.053556008071292,4.179666519165039,1058200,0.0,0.0
2025-02-28 00:00:00-05:00,4.215698467953002,4.305777841974325,4.161651101258381,4.206690788269043,1045300,0.0,0.0
2025-03-03 00:00:00-05:00,4.215698731502917,4.287762321131182,4.044548511505127,4.044548511505127,1350100,0.0,0.0
2025-03-04 00:00:00-05:00,3.9905010936877234,4.11661205188061,3.9634776237394695,3.972485303878784,1588200,0.0,0.0
2025-03-05 00:00:00-05:00,4.0355411559306225,4.1436359047741265,3.95446987953282,3.999509572982788,1367700,0.0,0.0
2025-03-06 00:00:00-05:00,3.97248571172184,4.179667530560527,3.945462238999168,4.071572780609131,919500,0.0,0.0
2025-03-07 00:00:00-05:00,4.053556962197039,4.341810056361977,4.044548851662032,4.242722988128662,933500,0.0,0.0
2025-03-10 00:00:00-04:00,4.188674857551023,4.4228801052980105,4.188674857551023,4.341809272766113,1203900,0.0,0.0
2025-03-11 00:00:00-04:00,4.359825878415221,4.404865142814421,4.287762711752218,4.305778503417969,1107800,0.0,0.0
2025-03-12 00:00:00-04:00,4.395857084866676,4.440896345404422,4.269746124488225,4.278754234313965,1557800,0.0,0.0
2025-03-13 00:00:00-04:00,4.2337148775936555,4.341810056361977,4.170659821970015,4.242722988128662,1035400,0.0,0.0
2025-03-14 00:00:00-04:00,4.274760981891365,4.302221728331905,4.128302503593301,4.137455940246582,803000,0.075,0.0
2025-03-17 00:00:00-04:00,4.137455641889968,4.238146056699335,4.119148333422871,4.19237756729126,816300,0.0,0.0
2025-03-18 00:00:00-04:00,4.174070381388034,4.201531563135359,4.055072654617422,4.082533836364746,937700,0.0,0.0
2025-03-19 00:00:00-04:00,4.064226040567799,4.201531059897373,4.045918733755897,4.174069881439209,564100,0.0,0.0
2025-03-20 00:00:00-04:00,4.1283018326497665,4.201531059897373,4.109994089357241,4.174069881439209,723100,0.0,0.0
2025-03-21 00:00:00-04:00,4.10999396901098,4.119147840389205,3.9543820839066566,3.972689390182495,2128600,0.0,0.0
2025-03-24 00:00:00-04:00,4.073380063837041,4.109994682747164,4.009304698984669,4.0642266273498535,989600,0.0,0.0
2025-03-25 00:00:00-04:00,4.055072094581251,4.091686707533811,3.9909967401545794,4.009304046630859,711500,0.0,0.0
2025-03-26 00:00:00-04:00,4.018457860142225,4.073379784744366,3.963535935540084,4.02761173248291,525700,0.0,0.0
2025-03-27 00:00:00-04:00,4.01845827707592,4.174070631167819,4.00930484026618,4.128302574157715,732600,0.0,0.0
2025-03-28 00:00:00-04:00,4.119147914890348,4.137455221497302,3.954382155427757,4.000150203704834,677500,0.0,0.0
2025-03-31 00:00:00-04:00,3.9543825693759413,4.045919111992839,3.807923664708241,3.8353848457336426,990600,0.0,0.0
2025-04-01 00:00:00-04:00,3.862845293860172,3.8994603445779132,3.7072334015927693,3.8903064727783203,952200,0.0,0.0
2025-04-02 00:00:00-04:00,3.826231021308662,3.926921437692768,3.8079237125552488,3.9177680015563965,576800,0.0,0.0
2025-04-03 00:00:00-04:00,3.7713089164462237,3.7896162243326366,3.652311415184541,3.67977237701416,1119700,0.0,0.0
2025-04-04 00:00:00-04:00,3.5607748525377034,3.6156967758388734,3.4692380954620963,3.551621198654175,1084900,0.0,0.0
2025-04-07 00:00:00-04:00,3.4051626225170137,3.6340041948508963,3.341087043370819,3.3960089683532715,1130800,0.0,0.0
2025-04-08 00:00:00-04:00,3.5424676086071467,3.560775136072304,3.222089478932513,3.231243133544922,1079800,0.0,0.0
2025-04-09 00:00:00-04:00,3.2037819145994506,3.6248504297224016,3.1763209529488656,3.551621198654175,1642800,0.0,0.0
2025-04-10 00:00:00-04:00,3.4509305630656955,3.496698829504171,3.277010932359179,3.322779417037964,682500,0.0,0.0
2025-04-11 00:00:00-04:00,3.331933210797828,3.3502405181450428,3.1946281874534006,3.3410868644714355,737100,0.0,0.0
2025-04-14 00:00:00-04:00,3.43262353495149,3.43262353495149,3.313625814317815,3.4051625728607178,600600,0.0,0.0
2025-04-15 00:00:00-04:00,3.3685481049054973,3.4692383036671957,3.3685481049054973,3.377701759338379,751100,0.0,0.0
2025-04-16 00:00:00-04:00,3.3777014660806786,3.4417770415477014,3.249550096906315,3.295318365097046,651800,0.0,0.0
2025-04-17 00:00:00-04:00,3.2953185538605823,3.3777016595633116,3.2861648996980937,3.3044722080230713,782100,0.0,0.0
2025-04-21 00:00:00-04:00,3.2770111068145993,3.3319332477049217,3.2037818766145967,3.2861647605895996,635800,0.0,0.0
2025-04-22 00:00:00-04:00,3.331933331740265,3.4783917958341273,3.3227796777343985,3.4509308338165283,780500,0.0,0.0
2025-04-23 00:00:00-04:00,3.588235665185532,3.606542972192371,3.4326233373870836,3.441776990890503,598500,0.0,0.0
2025-04-24 00:00:00-04:00,3.460084441578568,3.5699285064212316,3.405162518277398,3.551621198654175,625700,0.0,0.0
2025-04-25 00:00:00-04:00,3.5241599212771604,3.579082061299385,3.469237999495253,3.5699284076690674,434900,0.0,0.0
2025-04-28 00:00:00-04:00,3.579082198851688,3.615696814780143,3.4326235168975425,3.496699094772339,544000,0.0,0.0
2025-04-29 00:00:00-04:00,3.4875454429952986,3.5973895090904406,3.4875454429952986,3.588235855102539,536200,0.0,0.0
2025-04-30 00:00:00-04:00,3.5150064430465284,3.5424674053077907,3.460084518524003,3.533313751220703,573900,0.0,0.0
2025-05-01 00:00:00-04:00,3.5424674053077907,3.560774931722294,3.4875454807852657,3.533313751220703,474900,0.0,0.0
2025-05-02 00:00:00-04:00,3.405162582181474,3.432623544347414,3.2129356287795665,3.3593943119049072,1139900,0.0,0.0
2025-05-05 00:00:00-04:00,3.3410868225961052,3.3502404761549855,3.1580135331781802,3.1671671867370605,1204700,0.0,0.0
2025-05-06 00:00:00-04:00,3.1213990867585673,3.295318513727733,3.1213990867585673,3.267857551574707,799900,0.0,0.0
2025-05-07 00:00:00-04:00,3.3227795516497625,3.331933205308289,3.2129354895071307,3.2495501041412354,980700,0.0,0.0
2025-05-08 00:00:00-04:00,3.2953185062573,3.4509308430120056,3.267857544166527,3.4051625728607178,616900,0.0,0.0
2025-05-09 00:00:00-04:00,3.4234700703234235,3.4600846884701437,3.386855452176703,3.414316415786743,542000,0.0,0.0
2025-05-12 00:00:00-04:00,3.542467326530323,3.661465045256515,3.533313672646795,3.551621198654175,756600,0.0,0.0
2025-05-13 00:00:00-04:00,3.5973895090904406,3.6156968170662434,3.5516212391509336,3.588235855102539,495400,0.0,0.0
2025-05-14 00:00:00-04:00,3.5699285858093814,3.5882358939835566,3.505852788959441,3.533313751220703,932500,0.0,0.0
2025-05-15 00:00:00-04:00,3.5424672285377965,3.588235714929703,3.5150062676468425,3.5699284076690674,1037700,0.0,0.0
2025-05-16 00:00:00-04:00,3.579082239896469,3.6065432021577317,3.524160097133616,3.533313751220703,951700,0.0,0.0
2025-05-19 00:00:00-04:00,3.4783919356237334,3.4875455899974668,3.3777017375126657,3.46923828125,889300,0.0,0.0
2025-05-20 00:00:00-04:00,3.478391985753863,3.5058529492708272,3.450931022236899,3.4600846767425537,398700,0.0,0.0
2025-05-21 00:00:00-04:00,3.432623533100008,3.4509308411506487,3.286164850454557,3.3136258125305176,686600,0.0,0.0
2025-05-22 00:00:00-04:00,3.2953183778630804,3.3502405181450428,3.277011070515866,3.3410868644714355,552700,0.0,0.0
2025-05-23 00:00:00-04:00,3.2709940993469537,3.3364139189446314,3.2242656567771837,3.2336113452911377,1058200,0.075,0.0
2025-05-27 00:00:00-04:00,3.2896856536517194,3.345759787757205,3.2523028975813957,3.336414098739624,709600,0.0,0.0
2025-05-28 00:00:00-04:00,3.345759783534742,3.3551054725405285,3.2803399604942376,3.3083770275115967,677600,0.0,0.0
2025-05-29 00:00:00-04:00,3.35510516166687,3.3737965379465575,3.308376720967651,3.35510516166687,468800,0.0,0.0
2025-05-30 00:00:00-04:00,3.345759473527026,3.364450849806714,3.308376720967651,3.35510516166687,2456600,0.0,0.0
2025-06-02 00:00:00-04:00,3.327068069306999,3.327068069306999,3.233611188693401,3.2429568767547607,678800,0.0,0.0
2025-06-03 00:00:00-04:00,3.252302598673772,3.4018338320309827,3.2055741578805135,3.3831422328948975,812300,0.0,0.0
2025-06-04 00:00:00-04:00,3.3924884032139015,3.429871158706264,3.327068358283468,3.411179780960083,656400,0.0,0.0
2025-06-05 00:00:00-04:00,3.411179710138638,3.5326736629664115,3.401834021459578,3.4579081535339355,847800,0.0,0.0
2025-06-06 00:00:00-04:00,3.513982214597991,3.5607106570490035,3.485945149127383,3.504636526107788,502600,0.0,0.0
2025-06-09 00:00:00-04:00,3.551364980043418,3.6261307110256094,3.5326736030025674,3.5607106685638428,646000,0.0,0.0
2025-06-10 00:00:00-04:00,3.5700564333784617,3.607439188259054,3.5046366123374257,3.5420193672180176,764400,0.0,0.0
2025-06-11 00:00:00-04:00,3.5607105806119352,3.570056268901516,3.4859450742952913,3.5233278274536133,706700,0.0,0.0
2025-06-12 00:00:00-04:00,3.485945143354486,3.513982208778663,3.4579080779303095,3.4765994548797607,660700,0.0,0.0
2025-06-13 00:00:00-04:00,3.411179429984038,3.439216493718578,3.327068015961641,3.345759391784668,568000,0.0,0.0
2025-06-16 00:00:00-04:00,3.3924882902900593,3.3924882902900593,3.289685493289202,3.3177225589752197,969300,0.0,0.0
2025-06-17 00:00:00-04:00,3.280339865083031,3.32706830875283,3.2055743552113527,3.2149200439453125,641400,0.0,0.0
2025-06-18 00:00:00-04:00,3.2055744271461886,3.2523028718645994,3.1588459824277777,3.16819167137146,1065200,0.0,0.0
2025-06-20 00:00:00-04:00,3.1962285580924905,3.1962285580924905,3.1027714511032505,3.1494998931884766,2302000,0.0,0.0
2025-06-23 00:00:00-04:00,3.1401542373328075,3.2429570338050917,3.130808548818854,3.2336113452911377,815900,0.0,0.0
2025-06-24 00:00:00-04:00,3.270994023229917,3.317722464712302,3.242956958340486,3.252302646636963,679300,0.0,0.0
2025-06-25 00:00:00-04:00,3.26164833493344,3.289685399822871,3.233611270044009,3.252302646636963,662300,0.0,0.0
2025-06-26 00:00:00-04:00,3.280339884905255,3.3551053952287218,3.252302818533955,3.327068328857422,954000,0.0,0.0
2025-06-27 00:00:00-04:00,3.327068015961641,3.392488054161011,3.317722328050128,3.345759391784668,816400,0.0,0.0
2025-06-30 00:00:00-04:00,3.364450767607695,3.392488054161011,3.327068015961641,3.345759391784668,722000,0.0,0.0
2025-07-01 00:00:00-04:00,3.3364137048683835,3.6354761637635726,3.3270680169540823,3.588747501373291,1015400,0.0,0.0
2025-07-02 00:00:00-04:00,3.607439223670472,3.738279089855692,3.570056468422923,3.654167890548706,1247800,0.0,0.0
2025-07-03 00:00:00-04:00,3.691550343743219,3.7476246948451792,3.644821903507235,3.728933095932007,424500,0.0,0.0
2025-07-07 00:00:00-04:00,3.7008961473465307,3.7663161885383514,3.5887476644596856,3.6074390411376953,848900,0.0,0.0
2025-07-08 00:00:00-04:00,3.6354763507843018,3.7382789231301135,3.6261306623892278,3.6354763507843018,645200,0.0,0.0
2025-07-09 00:00:00-04:00,3.654167539592175,3.6635132275064763,3.5700561255446885,3.588747501373291,567400,0.0,0.0
2025-07-10 00:00:00-04:00,3.5887476859901457,3.6915504811547444,3.5794019975950717,3.6354763507843018,595200,0.0,0.0
2025-07-11 00:00:00-04:00,3.6074391933797005,3.6448221711321516,3.5513650609792173,3.570056438446045,401700,0.0,0.0
2025-07-14 00:00:00-04:00,3.5513648923223546,3.579401957191096,3.4765993860057107,3.5233278274536133,386700,0.0,0.0
2025-07-15 00:00:00-04:00,3.560710802929534,3.5700564918026245,3.411179780960083,3.411179780960083,473600,0.0,0.0
2025-07-16 00:00:00-04:00,3.4205254744168814,3.4765996077305683,3.3644511182843955,3.4392168521881104,465400,0.0,0.0
2025-07-17 00:00:00-04:00,3.448562480016538,3.560710744658314,3.448562480016538,3.5420193672180176,571400,0.0,0.0
2025-07-18 00:00:00-04:00,3.5607106570490035,3.588747722519611,3.4765994606371806,3.504636526107788,802600,0.0,0.0
2025-07-21 00:00:00-04:00,3.5139821391640327,3.5607105806119352,3.5046364508744525,3.5233278274536133,494200,0.0,0.0
2025-07-22 00:00:00-04:00,3.532673561446694,3.7008961756542855,3.532673561446694,3.663513422012329,500200,0.0,0.0
2025-07-23 00:00:00-04:00,3.6915505849732764,3.7569704055786133,3.654167830341655,3.7569704055786133,487400,0.0,0.0
2025-07-24 00:00:00-04:00,3.7195876349835117,3.756970389454696,3.6635135032767354,3.6728591918945312,544500,0.0,0.0
2025-07-25 00:00:00-04:00,3.7008961128070723,3.747624776884777,3.6448219832963673,3.738278865814209,343100,0.0,0.0
2025-07-28 00:00:00-04:00,3.738278865814209,3.7850075298919137,3.7008961128070723,3.738278865814209,437500,0.0,0.0
2025-07-29 00:00:00-04:00,3.7850075028668275,3.7850075028668275,3.6261305809020996,3.6261305809020996,395100,0.0,0.0
2025-07-30 00:00:00-04:00,3.644822082219811,3.672859147736112,3.513982220324948,3.5326735973358154,660100,0.0,0.0
2025-07-31 00:00:00-04:00,3.523327903088193,3.5513649685588007,3.4765994606371806,3.504636526107788,557800,0.0,0.0
2025-08-01 00:00:00-04:00,3.467253862581023,3.504636617516862,3.1775372890094733,3.2149200439453125,1464000,0.0,0.0
2025-08-04 00:00:00-04:00,3.242957039458672,3.3177225477006456,3.205574285337685,3.261648416519165,693400,0.0,0.0
2025-08-05 00:00:00-04:00,3.2709942714884512,3.3083770275115967,3.242957204471092,3.3083770275115967,753100,0.0,0.0
2025-08-06 00:00:00-04:00,3.3177224897145434,3.3831423082828835,3.2896854246138263,3.3644509315490723,560000,0.0,0.0
2025-08-07 00:00:00-04:00,3.392488054161011,3.429870805807065,3.327068015961641,3.345759391784668,454000,0.0,0.0
2025-08-08 00:00:00-04:00,3.373796722307472,3.4765995202821878,3.373796722307472,3.401834011077881,523900,0.0,0.0
2025-08-11 00:00:00-04:00,3.4111797049760773,3.457908148300655,3.364451038832706,3.429871082305908,438700,0.0,0.0
2025-08-12 00:00:00-04:00,3.457908247762898,3.5700565149676837,3.457908247762898,3.5513651371002197,496900,0.0,0.0
2025-08-13 00:00:00-04:00,3.5607107796110355,3.6822049569843682,3.5607107796110355,3.654167890548706,686700,0.0,0.0
2025-08-14 00:00:00-04:00,3.598093534858585,3.6635135793605933,3.523328024363486,3.654167890548706,563300,0.0,0.0
2025-08-15 00:00:00-04:00,3.682204792759671,3.682204792759671,3.5980933743852193,3.6354763507843018,398100,0.0,0.0
2025-08-18 00:00:00-04:00,3.644821851677874,3.6728589154207776,3.57940181345899,3.588747501373291,476200,0.0,0.0
2025-08-19 00:00:00-04:00,3.6074390627802932,3.672859104364597,3.6074390627802932,3.6354763507843018,424600,0.0,0.0
2025-08-20 00:00:00-04:00,3.635476269087155,3.6541676454572665,3.59809329352815,3.6261305809020996,584500,0.0,0.0
2025-08-21 00:00:00-04:00,3.5794020034991396,3.7289332408857527,3.5700563150886504,3.663513422012329,936700,0.0,0.0
2025-08-22 00:00:00-04:00,3.687333440912131,3.8588376177276715,3.6682774717470865,3.820725679397583,699300,0.075,0.0
2025-08-25 00:00:00-04:00,3.8111972293959657,3.849309165343516,3.7826132774353027,3.7826132774353027,345400,0.0,0.0
2025-08-26 00:00:00-04:00,3.7921413356742475,3.82072551535966,3.7254454464600943,3.734973430633545,288600,0.0,0.0
2025-08-27 00:00:00-04:00,3.7159173895270894,3.7921412614221905,3.7159173895270894,3.7826132774353027,481200,0.0,0.0
2025-08-28 00:00:00-04:00,3.7921414375305176,3.8207256179836966,3.754029499813036,3.7921414375305176,386200,0.0,0.0
2025-08-29 00:00:00-04:00,3.7826134406654086,3.8397815742187524,3.7730854562673626,3.8302533626556396,412800,0.0,0.0
2025-09-02 00:00:00-04:00,3.7635574340820312,3.8016693712915606,3.7349734811748845,3.7635574340820312,560000,0.0,0.0
2025-09-03 00:00:00-04:00,3.7445013523101807,3.801669256396734,3.7159174002669038,3.7445013523101807,393300,0.0,0.0
2025-09-04 00:00:00-04:00,3.754029437152781,3.8397815227508545,3.7445014528824467,3.8397815227508545,547000,0.0,0.0
2025-09-05 00:00:00-04:00,3.8588374172615154,3.944589046884356,3.8207254809113373,3.849309206008911,413300,0.0,0.0
2025-09-08 00:00:00-04:00,3.8588374172615154,3.8683651741840004,3.8207254809113373,3.849309206008911,420300,0.0,0.0
2025-09-09 00:00:00-04:00,3.830253249115003,3.8683651855774315,3.801669296768182,3.811197280883789,483300,0.0,0.0
2025-09-10 00:00:00-04:00,3.8111972923356134,3.8111972923356134,3.744501403325957,3.773085355758667,455800,0.0,0.0
2025-09-11 00:00:00-04:00,3.8016696751320347,3.944589451090332,3.8016696751320347,3.9350616931915283,644400,0.0,0.0
2025-09-12 00:00:00-04:00,3.9255332826402554,3.954117463552893,3.81119746764999,3.820725679397583,407900,0.0,0.0
2025-09-15 00:00:00-04:00,3.830253249115003,3.8397814603956704,3.782613328536968,3.811197280883789,517100,0.0,0.0
2025-09-16 00:00:00-04:00,3.8016693592071533,3.8207255549164083,3.7826133906629624,3.8016693592071533,434300,0.0,0.0
2025-09-17 00:00:00-04:00,3.8016696172183284,4.058925664354454,3.8016696172183284,3.906477451324463,650600,0.0,0.0
2025-09-18 00:00:00-04:00,3.925533268541562,4.058925506547931,3.925533268541562,4.0017571449279785,533300,0.0,0.0
2025-09-19 00:00:00-04:00,4.020813270349337,4.039869240186816,3.906477451324463,3.906477451324463,1580500,0.0,0.0
2025-09-22 00:00:00-04:00,3.8778933854366042,3.906477110534178,3.839781449086426,3.849309206008911,530200,0.0,0.0
2025-09-23 00:00:00-04:00,3.87789337423906,3.9541172467193166,3.8683651630139693,3.887421131134033,556400,0.0,0.0
2025-09-24 00:00:00-04:00,3.88742125651544,3.9160054367825237,3.849309319046083,3.8683652877807617,471100,0.0,0.0
2025-09-25 00:00:00-04:00,3.8397816485626275,3.877893586892716,3.820725679397583,3.820725679397583,353900,0.0,0.0
2025-09-26 00:00:00-04:00,3.8111973815767266,3.877893499313167,3.8111973815767266,3.8683652877807617,569500,0.0,0.0
2025-09-29 00:00:00-04:00,3.8874212176560135,3.8874212176560135,3.8016693592071533,3.8016693592071533,655500,0.0,0.0
2025-09-30 00:00:00-04:00,3.7921413749350577,3.8397815234605996,3.7826133906629624,3.8016693592071533,843200,0.0,0.0
2025-10-01 00:00:00-04:00,3.7826133783013334,3.9064771734337875,3.7826133783013334,3.8778934478759766,651500,0.0,0.0
2025-10-02 00:00:00-04:00,3.8683652877807617,3.88742125651544,3.8111973815767266,3.8683652877807617,493800,0.0,0.0
2025-10-03 00:00:00-04:00,3.86836557057924,4.001757361473651,3.839781842552663,3.9350616931915283,557400,0.0,0.0
2025-10-06 00:00:00-04:00,3.944589162719475,3.9636451314541534,3.8683652877807617,3.8683652877807617,602200,0.0,0.0
2025-10-07 00:00:00-04:00,3.877893344469236,3.9255330372386172,3.7826132774353027,3.7826132774353027,652200,0.0,0.0
2025-10-08 00:00:00-04:00,3.8016693592071533,3.8683652491118226,3.7730854063908668,3.8016693592071533,638800,0.0,0.0
2025-10-09 00:00:00-04:00,3.811197367956507,3.8302533366230844,3.725445508956909,3.725445508956909,717900,0.0,0.0
2025-10-10 00:00:00-04:00,3.7349734139163373,3.763557366308751,3.553941488265991,3.553941488265991,772600,0.0,0.0
2025-10-13 00:00:00-04:00,3.6206374671851194,3.677805373391053,3.6111094828174637,3.649221420288086,422600,0.0,0.0
2025-10-14 00:00:00-04:00,3.601581573486328,3.668277465449481,3.563469635221669,3.601581573486328,516000,0.0,0.0
2025-10-15 00:00:00-04:00,3.6301653385162354,3.6492213066581796,3.563469450019431,3.6301653385162354,636200,0.0,0.0
2025-10-16 00:00:00-04:00,3.6206373544452632,3.6492213066581796,3.592053402232347,3.6301653385162354,562600,0.0,0.0
2025-10-17 00:00:00-04:00,3.611109370374291,3.6873332429420675,3.611109370374291,3.6301653385162354,380200,0.0,0.0
2025-10-20 00:00:00-04:00,3.6682773142543303,3.734973430633545,3.6682773142543303,3.734973430633545,445900,0.0,0.0
2025-10-21 00:00:00-04:00,3.74450145357458,3.811197343479249,3.725445485030389,3.8016693592071533,459000,0.0,0.0
2025-10-22 00:00:00-04:00,3.7921414250634546,3.8493093314517317,3.7826134406654086,3.8302533626556396,388400,0.0,0.0
2025-10-23 00:00:00-04:00,3.849309194893905,3.9350612785992527,3.8397814379989317,3.887421131134033,450500,0.0,0.0
2025-10-24 00:00:00-04:00,3.944589376449585,3.982701315983965,3.9160056489638784,3.944589376449585,338100,0.0,0.0
2025-10-27 00:00:00-04:00,3.9827010473614513,3.9827010473614513,3.8588374793940607,3.8778934478759766,418900,0.0,0.0
2025-10-28 00:00:00-04:00,3.8302532995061234,3.8969494163578924,3.8111973310242075,3.8778934478759766,427300,0.0,0.0
2025-10-29 00:00:00-04:00,3.8493093052896614,3.877893485454593,3.6968615559570432,3.725445508956909,597300,0.0,0.0
2025-10-30 00:00:00-04:00,3.6873333444586893,3.7635574462900636,3.6873333444586893,3.725445508956909,360500,0.0,0.0
2025-10-31 00:00:00-04:00,3.6206374287808445,3.7159174986118266,3.2871577522850677,3.5825254917144775,1479600,0.0,0.0
2025-11-03 00:00:00-05:00,3.582525464141604,3.6206374009146436,3.468189653822487,3.477717638015747,678000,0.0,0.0
2025-11-04 00:00:00-05:00,3.4681896542201645,3.5063015909975737,3.4110215218889888,3.439605474472046,829500,0.0,0.0
2025-11-05 00:00:00-05:00,3.4681896310887503,3.553941488265991,3.411021499138863,3.553941488265991,724100,0.0,0.0
2025-11-06 00:00:00-05:00,3.525357663023043,3.553941616446397,3.2966858084711412,3.315741777420044,825800,0.0,0.0
2025-11-07 00:00:00-05:00,3.3157417903412467,3.325269774852828,3.2585738832717595,3.277629852294922,923100,0.0,0.0
2025-11-10 00:00:00-05:00,3.2966858213180843,3.3347977593644096,3.249045898760178,3.277629852294922,821300,0.0,0.0
2025-11-11 00:00:00-05:00,3.287157900007833,3.3347978234816993,3.268101930618286,3.268101930618286,590800,0.0,0.0
2025-11-12 00:00:00-05:00,3.2871577114998196,3.372909568835184,3.2871577114998196,3.2966856956481934,710300,0.0,0.0
2025-11-13 00:00:00-05:00,3.2871578239966897,3.391965653215655,3.2776298395222385,3.315741777420044,806000,0.0,0.0
2025-11-14 00:00:00-05:00,3.3062136914326063,3.3538536123421414,3.249045786341164,3.2585737705230713,869900,0.0,0.0
2025-11-17 00:00:00-05:00,3.2585739116104775,3.26810189620492,3.1632938385009766,3.1632938385009766,994200,0.0,0.0
2025-11-18 00:00:00-05:00,3.1632937134188683,3.191877666071938,3.144237744983488,3.182349681854248,1182800,0.0,0.0
2025-11-19 00:00:00-05:00,3.249045746213117,3.249045746213117,3.1347097102773027,3.1537656784057617,1287700,0.0,0.0
2025-11-20 00:00:00-05:00,3.191877626066814,3.239517773723232,3.1156537532806396,3.1156537532806396,1085000,0.0,0.0
2025-11-21 00:00:00-05:00,3.1205297896128283,3.286307774117366,3.1205297896128283,3.2375495433807373,1600000,0.075,0.0
2025-11-24 00:00:00-05:00,3.208294580276626,3.3253145656425867,3.179039642059531,3.2668044567108154,1302100,0.0,0.0
2025-11-25 00:00:00-05:00,3.266804536246604,3.3740728781518263,3.266804536246604,3.364321231842041,895800,0.0,0.0
2025-11-26 00:00:00-05:00,3.344817876815796,3.3740728151993205,3.325314584560113,3.344817876815796,369800,0.0,0.0
2025-11-28 00:00:00-05:00,3.3350661433745503,3.3643210809921684,3.305811205756932,3.354569435119629,359500,0.0,0.0
2025-12-01 00:00:00-05:00,3.3350662677547755,3.403327791408343,3.3350662677547755,3.393576145172119,891000,0.0,0.0
2025-12-02 00:00:00-05:00,3.3935760574916833,3.432582641428759,3.364321119538877,3.403327703475952,637500,0.0,0.0
2025-12-03 00:00:00-05:00,3.413079321004926,3.549602596144057,3.413079321004926,3.539850950241089,558100,0.0,0.0
2025-12-04 00:00:00-05:00,3.530099204474683,3.5593543757803507,3.4618376805891597,3.4715893268585205,650400,0.0,0.0
2025-12-05 00:00:00-05:00,3.452086009196643,3.51059588638699,3.452086009196643,3.5008442401885986,384300,0.0,0.0
2025-12-08 00:00:00-05:00,3.5008442915776583,3.5105959379191947,3.4325827671869065,3.4423344135284424,566400,0.0,0.0
2025-12-09 00:00:00-05:00,3.4618377169835655,3.5496027668280723,3.4520860706116854,3.5203475952148438,750000,0.0,0.0
2025-12-10 00:00:00-05:00,3.5008442690230366,3.725132365930949,3.5008442690230366,3.6568708419799805,1572100,0.0,0.0
2025-12-11 00:00:00-05:00,3.6763739973696206,3.7641388106034497,3.6763739973696206,3.7251322269439697,674000,0.0,0.0
2025-12-12 00:00:00-05:00,3.734883897531044,3.7641388354689087,3.6763740216553153,3.6958773136138916,590300,0.0,0.0
2025-12-15 00:00:00-05:00,3.715380605572468,3.725132251551756,3.647119083717451,3.6958773136138916,1072600,0.0,0.0
2025-12-16 00:00:00-05:00,3.6958774898950444,3.725132429228273,3.656870904117407,3.6763741970062256,797800,0.0,0.0
2025-12-17 00:00:00-05:00,3.6861257553100586,3.734883986366226,3.6763741090988247,3.6861257553100586,737600,0.0,0.0
2025-12-18 00:00:00-05:00,3.7348839358907706,3.7933940448650163,3.705628997652439,3.744635581970215,716400,0.0,0.0
2025-12-19 00:00:00-05:00,3.725132251551756,3.7543871894896204,3.6763740216553153,3.6958773136138916,2119000,0.0,0.0
2025-12-22 00:00:00-05:00,3.6958774152634906,3.7641389389959388,3.569106014046086,3.578857660293579,997100,0.0,0.0
2025-12-23 00:00:00-05:00,3.569106014046086,3.598360952788564,3.5300991965585298,3.578857660293579,861400,0.0,0.0
2025-12-24 00:00:00-05:00,3.58860936890287,3.608112661736778,3.5691060760689624,3.598361015319824,331200,0.0,0.0
2025-12-26 00:00:00-05:00,3.5886092563975693,3.656870779176202,3.5886092563975693,3.6373674869537354,457100,0.0,0.0
2025-12-29 00:00:00-05:00,3.627615903143851,3.6568708419799805,3.6081126105864314,3.6568708419799805,648100,0.0,0.0
2025-12-30 00:00:00-05:00,3.6471190452575684,3.6861256287633855,3.6373673993811138,3.6471190452575684,445000,0.0,0.0
2025-12-31 00:00:00-05:00,3.656870779176202,3.6763740713986683,3.6276158408425023,3.6373674869537354,313800,0.0,0.0
2026-01-02 00:00:00-05:00,3.6763741866554547,3.686125833072409,3.58860936890287,3.598361015319824,757800,0.0,0.0
2026-01-05 00:00:00-05:00,3.598361015319824,3.666622540238501,3.58860936890287,3.598361015319824,555600,0.0,0.0
2026-01-06 00:00:00-05:00,3.5788575858812046,3.6763740463285477,3.5398510017022673,3.6666224002838135,972300,0.0,0.0
2026-01-07 00:00:00-05:00,3.6958773136138916,3.725132251551756,3.647119083717451,3.6958773136138916,521200,0.0,0.0
2026-01-08 00:00:00-05:00,3.6763740351494767,3.7933940198280367,3.6763740351494767,3.773890495300293,551100,0.0,0.0
2026-01-09 00:00:00-05:00,3.7836423308571736,3.861655498092141,3.695877285220257,3.8324005603790283,603700,0.0,0.0
2026-01-12 00:00:00-05:00,3.8031457719528103,3.8616556496757553,3.7836424793784955,3.8421523571014404,671000,0.0,0.0
2026-01-13 00:00:00-05:00,3.8519038722553796,3.9396686858519545,3.8324005803450296,3.910413980484009,744700,0.0,0.0
2026-01-14 00:00:00-05:00,3.910414062418681,3.968923939375685,3.8811588914425954,3.9006621837615967,802200,0.0,0.0
2026-01-15 00:00:00-05:00,3.9201655304822065,4.037185286020141,3.9104141166849655,4.0274338722229,624300,0.0,0.0
2026-01-16 00:00:00-05:00,4.007930504404573,4.046937088851733,3.920165456900881,3.929917335510254,656300,0.0,0.0
2026-01-20 00:00:00-05:00,3.85190385218777,3.890910435805254,3.8324005603790283,3.8324005603790283,499600,0.0,0.0
2026-01-21 00:00:00-05:00,3.8519039341183516,3.939668749124461,3.8519039341183516,3.929917335510254,554100,0.0,0.0
2026-01-22 00:00:00-05:00,3.9104139502537216,4.0079304090516,3.9104139502537216,3.939668655395508,562500,0.0,0.0
2026-01-23 00:00:00-05:00,3.9299172519203154,3.9494205437290573,3.8324005603790283,3.8324005603790283,435700,0.0,0.0
2026-01-26 00:00:00-05:00,3.8519040656828216,3.8811590050174143,3.8128974799033646,3.8616557121276855,445500,0.0,0.0
2026-01-27 00:00:00-05:00,3.8616555865865614,3.8616555865865614,3.8031457098195127,3.8226490020751953,416600,0.0,0.0
2026-01-28 00:00:00-05:00,3.8226490469479217,3.8519039856748596,3.7446356445118347,3.76413893699646,622700,0.0,0.0
2026-01-29 00:00:00-05:00,3.7641389795114986,3.8128974437713623,3.7251323941016783,3.8128974437713623,482000,0.0,0.0
2026-01-30 00:00:00-05:00,3.7738906258639537,3.851904029181183,3.7641389795114986,3.8128974437713623,499800,0.0,0.0
2026-02-02 00:00:00-05:00,3.812897393094438,3.920165501545752,3.7933941006487446,3.8714072704315186,547300,0.0,0.0
2026-02-03 00:00:00-05:00,3.8811588287353516,3.9786752887548005,3.851903890729517,3.8811588287353516,578100,0.0,0.0
2026-02-04 00:00:00-05:00,3.9006622881223385,3.9786754594855562,3.9006622881223385,3.968924045562744,822700,0.0,0.0
2026-02-05 00:00:00-05:00,3.9689238562150586,3.9786752696726544,3.8616555182105547,3.910413980484009,788000,0.0,0.0
2026-02-06 00:00:00-05:00,3.920165426279285,3.9884271810261844,3.920165426279285,3.959172010421753,1031600,0.0,0.0
2026-02-09 00:00:00-05:00,3.968923983070215,4.007930568137648,3.9396688117720546,3.949420690536499,690100,0.0,0.0
2026-02-10 00:00:00-05:00,3.9689240246003594,4.1054470737649265,3.9689240246003594,4.0761919021606445,849600,0.0,0.0
2026-02-11 00:00:00-05:00,4.09569506851608,4.163956823489574,4.037185192108154,4.037185192108154,480700,0.0,0.0
2026-02-12 00:00:00-05:00,4.056688470777922,4.095695054920389,3.920165426279285,3.959172010421753,467100,0.0,0.0
2026-02-13 00:00:00-05:00,3.9689241687232046,4.066440635953279,3.939668996056585,4.007930755615234,351800,0.0,0.0
2026-02-17 00:00:00-05:00,3.9884273685159997,4.027433954492107,3.939668903548274,4.017682075500488,415100,0.0,0.0
2026-02-18 00:00:00-05:00,4.02743364944736,4.1347015202594095,4.017681771194366,4.105446815490723,629400,0.0,0.0
2026-02-19 00:00:00-05:00,4.076191776380105,4.105446947081649,4.037185192108154,4.037185192108154,628700,0.0,0.0
2026-02-20 00:00:00-05:00,4.105447198046627,4.193212250521153,4.037185438900308,4.115198612213135,603000,0.0,0.0
2026-02-23 00:00:00-05:00,4.105446899587508,4.105446899587508,3.910413980484009,3.910413980484009,656100,0.0,0.0
2026-02-24 00:00:00-05:00,3.9201655497325296,4.046937184685403,3.9201655497325296,3.998178720474243,619200,0.0,0.0
2026-02-25 00:00:00-05:00,4.037185192108154,4.066440362809699,3.9396687314282786,4.037185192108154,449000,0.0,0.0
2026-02-26 00:00:00-05:00,4.007930661504053,4.076191954464648,3.9981787825124346,4.017682075500488,916300,0.0,0.0
2026-02-27 00:00:00-05:00,3.988427338403549,4.017682045167166,3.9396688738039476,3.968924045562744,690700,0.0,0.0
2026-03-02 00:00:00-05:00,3.929917304812483,3.9786753024929866,3.8811588421368177,3.959172010421753,765600,0.0,0.0
2026-03-03 00:00:00-05:00,3.8811588914425954,3.9299173547376824,3.832400660645092,3.9006621837615967,575600,0.0,0.0
2026-03-04 00:00:00-05:00,3.9591719471550832,3.9981785306742346,3.8909104259965686,3.939668655395508,577000,0.0,0.0
2026-03-05 00:00:00-05:00,3.9104141249699405,3.9786754166807734,3.881158953525887,3.920165538787842,791600,0.0,0.0
2026-03-06 00:00:00-05:00,3.851904029181183,3.8909106145910033,3.8031457974189076,3.8128974437713623,876300,0.0,0.0
2026-03-09 00:00:00-04:00,3.481340965321067,3.627615891531042,3.325314625361185,3.578857660293579,1665000,0.0,0.0
2026-03-10 00:00:00-04:00,3.6081124715618658,3.617864117464834,3.4715891964227343,3.539850950241089,1715500,0.0,0.0
2026-03-11 00:00:00-04:00,3.5203475201414003,3.5691059834585857,3.3935761200104366,3.4228310585021973,1137900,0.0,0.0
2026-03-12 00:00:00-04:00,3.422831071702526,3.422831071702526,3.3155629634857178,3.3155629634857178,1406800,0.0,0.0
2026-03-13 00:00:00-04:00,3.3545694845569876,3.36432113057324,3.2668044379131347,3.2960596084594727,981600,0.0,0.0
2026-03-16 00:00:00-04:00,3.325314578040184,3.325314578040184,3.1497847155856142,3.159536361694336,2045400,0.0,0.0
2026-03-17 00:00:00-04:00,3.1985429716703937,3.2570528487899386,3.110778155991076,3.130281448364258,2644700,0.0,0.0
2026-03-18 00:00:00-04:00,3.120529678579125,3.130281324379471,2.9742547590763633,2.984006404876709,2468100,0.0,0.0
2026-03-19 00:00:00-04:00,2.964503225582346,2.9937581640916684,2.9157449947334753,2.944999933242798,1604700,0.0,0.0
2026-03-20 00:00:00-04:00,2.950000047683716,2.9800000190734863,2.8399999141693115,2.869999885559082,2821000,0.075,0.0
2026-03-23 00:00:00-04:00,2.9700000286102295,3.0,2.880000114440918,2.9100000858306885,1919500,0.0,0.0
2026-03-24 00:00:00-04:00,2.869999885559082,2.990000009536743,2.869999885559082,2.950000047683716,1108100,0.0,0.0
2026-03-25 00:00:00-04:00,3.0,3.0199999809265137,2.9200000762939453,3.0,984550,0.0,0.0
