Date,Open,High,Low,Close,Volume,Dividends,Stock Splits
2022-01-03 00:00:00-05:00,25.686079800883164,26.21047611187897,25.629894928369122,26.041919708251953,109600,0.0,0.0
2022-01-04 00:00:00-05:00,26.257295498995962,26.89406148642872,25.78908411094897,26.28538703918457,172000,0.0,0.0
2022-01-05 00:00:00-05:00,26.41648766607102,26.762964905463235,26.060647769960088,26.20111083984375,112500,0.0,0.0
2022-01-06 00:00:00-05:00,26.38839581611386,27.01579918795924,26.38839581611386,26.968976974487305,67300,0.0,0.0
2022-01-07 00:00:00-05:00,27.053254363618805,27.296724508137387,26.800421562770648,27.156261444091797,217000,0.0,0.0
2022-01-10 00:00:00-05:00,27.14689737235822,27.193719585069267,26.556951780877345,26.84724235534668,92000,0.0,0.0
2022-01-11 00:00:00-05:00,26.98770047937879,27.06261421991363,26.219834192375593,26.71613883972168,77800,0.0,0.0
2022-01-12 00:00:00-05:00,26.60377067919794,26.884696794986713,26.360300545341484,26.566314697265625,104600,0.0,0.0
2022-01-13 00:00:00-05:00,26.744234625424532,27.062618519805696,26.697414199932783,26.809783935546875,60700,0.0,0.0
2022-01-14 00:00:00-05:00,26.482042725701852,27.062623977661133,26.425856060478615,27.062623977661133,52600,0.0,0.0
2022-01-18 00:00:00-05:00,26.865973682277417,27.128170952951212,26.660897194392575,26.91279411315918,96900,0.0,0.0
2022-01-19 00:00:00-05:00,26.96897523707285,26.96897523707285,26.238566614813752,26.28538703918457,70900,0.0,0.0
2022-01-20 00:00:00-05:00,26.219838185048708,26.4633083253829,25.34428337433027,25.377058029174805,88200,0.0,0.0
2022-01-21 00:00:00-05:00,25.28341168228426,26.023186436975344,25.152313082145373,25.32086944580078,82600,0.0,0.0
2022-01-24 00:00:00-05:00,24.81520573745844,26.03255473844699,24.609193351685185,26.00446319580078,97000,0.0,0.0
2022-01-25 00:00:00-05:00,25.620528532198787,26.388394947000315,25.32087352018695,26.15428924560547,91900,0.0,0.0
2022-01-26 00:00:00-05:00,26.17301795352569,26.68336845056139,25.325554677212175,25.779720306396484,61000,0.0,0.0
2022-01-27 00:00:00-05:00,25.78908502115135,26.140243574580417,24.833933327163948,24.983760833740234,283600,0.0,0.0
2022-01-28 00:00:00-05:00,25.030581631882733,25.030581631882733,23.68213405264934,24.674741744995117,158700,0.0,0.0
2022-01-31 00:00:00-05:00,24.487455553685813,24.487455553685813,24.084793468994924,24.34699249267578,198200,0.0,0.0
2022-02-01 00:00:00-05:00,24.581102386889196,25.039949417114258,24.21121489374036,25.039949417114258,151100,0.0,0.0
2022-02-02 00:00:00-05:00,25.049311555608735,25.236596842421065,24.318901080342492,24.37508773803711,124300,0.0,0.0
2022-02-03 00:00:00-05:00,24.534277132201563,24.712196171387614,24.169071039689577,24.365720748901367,119100,0.0,0.0
2022-02-04 00:00:00-05:00,24.478093907432132,24.76370317622365,24.15970998019748,24.646650314331055,181200,0.0,0.0
2022-02-07 00:00:00-05:00,24.477513989083064,24.956728503574517,24.477513989083064,24.825180053710938,68900,0.09,0.0
2022-02-08 00:00:00-05:00,24.975519197191307,25.92455155904275,24.975519197191307,25.77420997619629,87700,0.0,0.0
2022-02-09 00:00:00-05:00,25.81179719030264,25.81179719030264,25.182241073845834,25.294998168945312,111600,0.0,0.0
2022-02-10 00:00:00-05:00,25.09767462572551,25.50171835909045,25.09767462572551,25.30439567565918,111900,0.0,0.0
2022-02-11 00:00:00-05:00,25.238619072040493,25.670850695371822,25.097672263185114,25.41714859008789,184900,0.0,0.0
2022-02-14 00:00:00-05:00,25.58628282218,25.58628282218,25.191635708039374,25.31378936767578,142800,0.0,0.0
2022-02-15 00:00:00-05:00,25.539302229238057,25.868175129250567,25.539302229238057,25.708436965942383,151200,0.0,0.0
2022-02-16 00:00:00-05:00,25.52050920395897,25.910458936796545,25.52050920395897,25.652057647705078,85900,0.0,0.0
2022-02-17 00:00:00-05:00,25.558095932006836,25.783608321780566,25.304393821431457,25.558095932006836,92400,0.0,0.0
2022-02-18 00:00:00-05:00,25.41714896493016,25.802399519133306,25.41714896493016,25.576887130737305,66900,0.0,0.0
2022-02-22 00:00:00-05:00,25.1446572985958,25.642664978705547,25.116467575951113,25.34197998046875,124000,0.0,0.0
2022-02-23 00:00:00-05:00,25.60507286191976,25.821188643100285,25.238615511899486,25.360767364501953,92700,0.0,0.0
2022-02-24 00:00:00-05:00,24.740609307901284,25.069482179935083,24.280188003939152,24.966121673583984,270900,0.0,0.0
2022-02-25 00:00:00-05:00,25.210429369179273,25.7554180815274,25.210429369179273,25.68964385986328,80000,0.0,0.0
2022-02-28 00:00:00-05:00,25.3795634168485,25.670850015826794,25.323185770126624,25.623868942260742,136400,0.0,0.0
2022-03-01 00:00:00-05:00,25.65205955446798,25.65205955446798,24.627856272051538,24.890954971313477,153600,0.0,0.0
2022-03-02 00:00:00-05:00,25.191636318539608,26.084291081651692,25.191636318539608,25.92455291748047,84100,0.0,0.0
2022-03-03 00:00:00-05:00,26.02791228829736,26.436653358086527,26.02791228829736,26.244028091430664,79800,0.0,0.0
2022-03-04 00:00:00-05:00,25.793002499683706,25.97153200487256,25.41714675942444,25.670848846435547,82000,0.0,0.0
2022-03-07 00:00:00-05:00,25.605078475984506,25.623871624263202,24.796991022133266,24.890954971313477,232600,0.0,0.0
2022-03-08 00:00:00-05:00,25.125865979998625,25.586287396779746,24.900353559057674,25.107072830200195,147300,0.0,0.0
2022-03-09 00:00:00-05:00,25.576887938808355,25.877572925049286,25.370168690967596,25.642663955688477,80100,0.0,0.0
2022-03-10 00:00:00-05:00,25.351378436684,25.75542219685292,25.351378436684,25.614477157592773,87000,0.0,0.0
2022-03-11 00:00:00-05:00,25.764814417400757,26.065497594929226,25.5205088876056,25.746021270751953,124400,0.0,0.0
2022-03-14 00:00:00-04:00,26.00912154696363,26.309804742986504,25.736626280434642,25.83998680114746,77500,0.0,0.0
2022-03-15 00:00:00-04:00,26.0842918278324,26.0842918278324,25.137139420731884,25.19163703918457,141800,0.0,0.0
2022-03-16 00:00:00-04:00,25.4923164189835,25.666150318422066,25.313786921708687,25.464128494262695,304800,0.0,0.0
2022-03-17 00:00:00-04:00,25.473528467012624,25.567490618242115,24.872160304307574,25.32318687438965,104900,0.0,0.0
2022-03-18 00:00:00-04:00,25.360770801114604,25.360770801114604,24.806385518814015,25.201032638549805,168500,0.0,0.0
2022-03-21 00:00:00-04:00,25.21982765197754,25.539304000754157,24.928541025344707,25.21982765197754,116500,0.0,0.0
2022-03-22 00:00:00-04:00,25.473528841335405,25.699041233583674,25.248016449087135,25.482925415039062,211300,0.0,0.0
2022-03-23 00:00:00-04:00,25.2762029455621,25.290298701425364,24.7500073934694,24.806385040283203,108600,0.0,0.0
2022-03-24 00:00:00-04:00,25.03189588954815,25.03189588954815,24.609060875972954,24.966121673583984,59200,0.0,0.0
2022-03-25 00:00:00-04:00,25.04129773808559,25.49232256447722,25.00371323199296,25.332584381103516,58100,0.0,0.0
2022-03-28 00:00:00-04:00,25.125859823302516,25.125859823302516,24.70302480972732,24.966121673583984,71000,0.0,0.0
2022-03-29 00:00:00-04:00,25.238620601052677,25.49232092949322,25.088279001897824,25.25741195678711,122000,0.0,0.0
2022-03-30 00:00:00-04:00,25.17284910198891,25.416213763081693,24.656048230731418,25.050695419311523,205800,0.0,0.0
2022-03-31 00:00:00-04:00,25.03190032100107,25.299696414671125,24.919145014304885,25.069486618041992,128000,0.0,0.0
2022-04-01 00:00:00-04:00,25.078879857114018,25.304392232729256,24.543287741001198,24.66543960571289,160200,0.0,0.0
2022-04-04 00:00:00-04:00,24.55268362989601,24.55268362989601,23.951317267781526,24.364757537841797,100600,0.0,0.0
2022-04-05 00:00:00-04:00,24.129849322062327,24.411739364935325,23.847957486976142,23.90433692932129,106200,0.0,0.0
2022-04-06 00:00:00-04:00,23.753998427353153,23.951321124616534,23.575467087771937,23.584863662719727,156500,0.0,0.0
2022-04-07 00:00:00-04:00,23.415724035536364,23.53787590006456,23.199608233256377,23.359346389770508,100100,0.0,0.0
2022-04-08 00:00:00-04:00,23.23719298070748,23.481498504580895,22.974096102853853,23.011680603027344,90700,0.0,0.0
2022-04-11 00:00:00-04:00,22.955303428776272,23.255986605200526,22.757978974114668,22.89892578125,73500,0.0,0.0
2022-04-12 00:00:00-04:00,23.039871199583786,23.265383585850536,22.710998297531518,22.767375946044922,65900,0.0,0.0
2022-04-13 00:00:00-04:00,22.882957343733057,23.171424865722656,22.607642876888228,23.171424865722656,116300,0.0,0.0
2022-04-14 00:00:00-04:00,23.12443762017325,23.255986058714367,22.67341107392232,22.757978439331055,140500,0.0,0.0
2022-04-18 00:00:00-04:00,22.55126022920908,23.021078150650936,22.55126022920908,23.00228500366211,83900,0.0,0.0
2022-04-19 00:00:00-04:00,23.18081450647807,23.603651319660607,23.18081450647807,23.528480529785156,140000,0.0,0.0
2022-04-20 00:00:00-04:00,23.753993725746817,23.951316383954307,23.51908477518758,23.53787612915039,84100,0.0,0.0
2022-04-21 00:00:00-04:00,23.716408759716398,23.72580533332983,23.133835533388858,23.199609756469727,78500,0.0,0.0
2022-04-22 00:00:00-04:00,23.049266549855318,23.199608132721462,22.833148956298828,22.833148956298828,137200,0.0,0.0
2022-04-25 00:00:00-04:00,22.664020336371205,22.757982499399,22.250580008638078,22.70160484313965,67700,0.0,0.0
2022-04-26 00:00:00-04:00,22.335148477029108,22.635831714675767,21.87472704535598,21.912311553955078,90100,0.0,0.0
2022-04-27 00:00:00-04:00,21.902913315953363,22.043858348873457,21.602230101133603,21.855932235717773,84900,0.0,0.0
2022-04-28 00:00:00-04:00,21.968683972409526,22.325746576099025,21.788274431300273,22.30695343017578,147900,0.0,0.0
2022-04-29 00:00:00-04:00,22.015665834377792,22.673409781812996,21.77605771530345,22.043853759765625,122900,0.0,0.0
2022-05-02 00:00:00-04:00,22.090839709192075,22.175407081598117,21.611625196295588,21.996875762939453,118400,0.0,0.0
2022-05-03 00:00:00-04:00,22.11903104489583,22.466695341524602,21.79015810511834,22.34454345703125,78900,0.0,0.0
2022-05-04 00:00:00-04:00,22.476088145044997,22.880131821077647,22.119027333791163,22.833148956298828,115400,0.0,0.0
2022-05-05 00:00:00-04:00,22.58884610542433,22.59448261564622,22.062648752747585,22.35393714904785,89400,0.0,0.0
2022-05-06 00:00:00-04:00,22.287914991826625,22.325644024265564,21.967227211192064,22.2313232421875,69300,0.09,0.0
2022-05-09 00:00:00-04:00,22.023813705172724,22.40109494443309,21.957789713179515,22.221885681152344,89500,0.0,0.0
2022-05-10 00:00:00-04:00,22.26904781274002,22.41052805800011,21.63710103816062,21.910629272460938,133700,0.0,0.0
2022-05-11 00:00:00-04:00,22.03324790468683,22.504849945119208,22.004951134614043,22.136999130249023,115500,0.0,0.0
2022-05-12 00:00:00-04:00,22.12757297183317,22.12757297183317,21.637108081867687,22.00495719909668,151500,0.0,0.0
2022-05-13 00:00:00-04:00,22.259621796267446,22.273769285053557,21.684266598706536,21.901203155517578,78600,0.0,0.0
2022-05-16 00:00:00-04:00,21.938927221062134,21.986086705678904,21.523916920162296,21.75971794128418,161600,0.0,0.0
2022-05-17 00:00:00-04:00,22.363368707849496,22.806675793365443,22.353938249834293,22.787811279296875,104100,0.0,0.0
2022-05-18 00:00:00-04:00,22.844401360322372,22.891562642062333,22.245466574867002,22.363367080688477,97600,0.0,0.0
2022-05-19 00:00:00-04:00,22.40109756522202,22.467121564939625,21.94836002514211,21.957792282104492,119700,0.0,0.0
2022-05-20 00:00:00-04:00,22.080407232488273,22.391664505004883,22.0426800050112,22.391664505004883,119900,0.0,0.0
2022-05-23 00:00:00-04:00,22.721791927453953,23.297147131116713,22.721791927453953,23.06134605407715,151000,0.0,0.0
2022-05-24 00:00:00-04:00,23.2782759350918,23.325435417362765,22.89156242360926,22.99531364440918,179400,0.0,0.0
2022-05-25 00:00:00-04:00,22.93872677736408,23.287713136947655,22.90099954333898,23.014183044433594,110000,0.0,0.0
2022-05-26 00:00:00-04:00,23.278278769247187,23.457488061929876,23.202822509015395,23.26884651184082,81500,0.0,0.0
2022-05-27 00:00:00-04:00,23.240548792852675,23.48578207837052,23.199049020778247,23.457487106323242,63800,0.0,0.0
2022-05-31 00:00:00-04:00,23.391460314053212,23.650842873601345,23.25469709058665,23.561237335205078,155600,0.0,0.0
2022-06-01 00:00:00-04:00,23.655561388008685,23.674425903872166,23.004749982872653,23.53294563293457,82400,0.0,0.0
2022-06-02 00:00:00-04:00,23.44805563498905,23.740448416395786,23.2122545985922,23.731016159057617,89000,0.0,0.0
2022-06-03 00:00:00-04:00,23.51407701818971,23.83476653589052,23.51407701818971,23.580101013183594,109500,0.0,0.0
2022-06-06 00:00:00-04:00,23.881929397583008,24.01397740625546,23.759313646532757,23.881929397583008,93300,0.0,0.0
2022-06-07 00:00:00-04:00,23.655562985765716,23.815907783396884,23.53294722240982,23.78761100769043,228900,0.0,0.0
2022-06-08 00:00:00-04:00,23.79703656647772,23.79703656647772,23.202818836092288,23.306570053100586,82200,0.0,0.0
2022-06-09 00:00:00-04:00,23.306574107328988,23.306574107328988,22.740653046240208,22.7595157623291,104600,0.0,0.0
2022-06-10 00:00:00-04:00,22.382231780569434,22.599168281330666,22.221887019350486,22.485984802246094,96800,0.0,0.0
2022-06-13 00:00:00-04:00,22.297343177631063,22.297343177631063,21.580507883384954,21.693693161010742,104000,0.0,0.0
2022-06-14 00:00:00-04:00,21.646531288968117,22.259613494309654,21.646531288968117,22.165292739868164,121400,0.0,0.0
2022-06-15 00:00:00-04:00,22.410532548233892,22.504853330311956,22.20302826687758,22.2313232421875,123700,0.0,0.0
2022-06-16 00:00:00-04:00,21.995519638061523,22.127567638259922,21.561646609398736,21.995519638061523,115200,0.0,0.0
2022-06-17 00:00:00-04:00,22.15586351509023,22.372800020665967,21.9577915227869,22.099271774291992,151000,0.0,0.0
2022-06-21 00:00:00-04:00,22.3822330286746,22.684058055089476,22.25961728632571,22.45768928527832,113100,0.0,0.0
2022-06-22 00:00:00-04:00,22.118138084407416,22.580307903013473,21.995520537194476,22.47655487060547,85900,0.0,0.0
2022-06-23 00:00:00-04:00,22.34451110757344,22.570879931156,22.014389231883225,22.25962257385254,94100,0.0,0.0
2022-06-24 00:00:00-04:00,22.165298686188333,22.702924792010247,22.165298686188333,22.6180362701416,215800,0.0,0.0
2022-06-27 00:00:00-04:00,22.806674273584708,22.872698269405937,22.495417008271076,22.570873260498047,80600,0.0,0.0
2022-06-28 00:00:00-04:00,22.797244070874445,23.0141805906924,22.589739808311936,22.60860252380371,92500,0.0,0.0
2022-06-29 00:00:00-04:00,22.57087456969343,22.6368985693443,22.363368514768908,22.45768928527832,78800,0.0,0.0
2022-06-30 00:00:00-04:00,22.155862788877926,22.552008559518942,22.061542024626455,22.44825553894043,89200,0.0,0.0
2022-07-01 00:00:00-04:00,22.353936298849806,22.698205554968524,22.31620727400555,22.665193557739258,117000,0.0,0.0
2022-07-05 00:00:00-04:00,22.335071914450886,22.70292091369629,22.061541879818915,22.70292091369629,107100,0.0,0.0
2022-07-06 00:00:00-04:00,22.674628324591854,22.72650304096814,22.382233746730307,22.60860252380371,86800,0.0,0.0
2022-07-07 00:00:00-04:00,22.740653046240208,23.004749061676524,22.721788531132134,22.7595157623291,84100,0.0,0.0
2022-07-08 00:00:00-04:00,22.816110087508186,22.96702261549261,22.514285031539337,22.6180362701416,232600,0.0,0.0
2022-07-11 00:00:00-04:00,22.570876779778686,22.72178930776311,22.54258000614939,22.6180362701416,129200,0.0,0.0
2022-07-12 00:00:00-04:00,22.618036754666008,22.84817989393874,22.514285513841177,22.52371597290039,67700,0.0,0.0
2022-07-13 00:00:00-04:00,22.33507095243988,22.353935464157615,22.080405441307065,22.221885681152344,52200,0.0,0.0
2022-07-14 00:00:00-04:00,21.854040264500934,21.920064267269773,21.62767148399956,21.684263229370117,153700,0.0,0.0
2022-07-15 00:00:00-04:00,22.061541439701923,22.50484848022461,21.882333971296354,22.50484848022461,146400,0.0,0.0
2022-07-18 00:00:00-04:00,22.750085235456414,22.99531673504802,22.353939414472723,22.42939567565918,111900,0.0,0.0
2022-07-19 00:00:00-04:00,22.68405593709044,22.929289197909988,22.68405593709044,22.7972412109375,309300,0.0,0.0
2022-07-20 00:00:00-04:00,22.75008206461992,22.87269779732592,22.523711513592207,22.665193557739258,219800,0.0,0.0
2022-07-21 00:00:00-04:00,22.561440253253927,22.801956487029663,22.396380269193997,22.712352752685547,137000,0.0,0.0
2022-07-22 00:00:00-04:00,22.759512521812063,23.108498805545775,22.561440538436468,22.665193557739258,209600,0.0,0.0
2022-07-25 00:00:00-04:00,22.84440213219389,23.349016170238297,22.721786393564923,22.891563415527344,316700,0.0,0.0
2022-07-26 00:00:00-04:00,22.891564809263052,23.608400168404465,22.891564809263052,23.485782623291016,224300,0.0,0.0
2022-07-27 00:00:00-04:00,23.466916079580525,23.976247132435205,23.466916079580525,23.94795036315918,224300,0.0,0.0
2022-07-28 00:00:00-04:00,23.910226106889716,24.023409600016894,23.448056278745508,23.759313583374023,292100,0.0,0.0
2022-07-29 00:00:00-04:00,23.485783155890672,23.74044871011461,22.948157074097356,23.099069595336914,188300,0.0,0.0
2022-08-01 00:00:00-04:00,22.967022619348878,23.070773857968565,22.193595463544035,22.410531997680664,230500,0.0,0.0
2022-08-02 00:00:00-04:00,22.467119812956852,22.467119812956852,21.571077059632696,21.618236541748047,161600,0.0,0.0
2022-08-03 00:00:00-04:00,21.750287713409403,21.750287713409403,21.418280521131535,21.589942932128906,88500,0.0,0.0
2022-08-04 00:00:00-04:00,21.684264198275354,21.684264198275354,20.957996537328427,21.08061408996582,166200,0.0,0.0
2022-08-05 00:00:00-04:00,20.92970068517336,21.721992318613424,20.92970068517336,21.599374771118164,120700,0.0,0.0
2022-08-08 00:00:00-04:00,21.59937716232667,21.892925463042303,21.571916949663898,21.78876304626465,102700,0.09,0.0
2022-08-09 00:00:00-04:00,21.713009053912987,21.930801556159313,21.50468422035768,21.78876304626465,120900,0.0,0.0
2022-08-10 00:00:00-04:00,22.053897235246062,22.442136571693013,22.053897235246062,22.366382598876953,100500,0.0,0.0
2022-08-11 00:00:00-04:00,22.574708056356776,22.603116476582354,22.404261147238056,22.593647003173828,66900,0.0,0.0
2022-08-12 00:00:00-04:00,22.66940170861822,23.12392561004538,22.508424267764752,23.076580047607422,124400,0.0,0.0
2022-08-15 00:00:00-04:00,22.90613193044017,23.17126995596053,22.801969531204406,22.98188591003418,127400,0.0,0.0
2022-08-16 00:00:00-04:00,22.80197347997928,23.057643882679265,22.80197347997928,22.83985137939453,103800,0.0,0.0
2022-08-17 00:00:00-04:00,22.62205695222417,22.6409959018332,22.375856025659694,22.404264450073242,88600,0.0,0.0
2022-08-18 00:00:00-04:00,22.536829512080658,22.858784374206152,22.413729973558475,22.726215362548828,73500,0.0,0.0
2022-08-19 00:00:00-04:00,22.716748322326506,22.716748322326506,22.233815977417294,22.555770874023438,194700,0.0,0.0
2022-08-22 00:00:00-04:00,22.43267090880964,22.43267090880964,21.855045639172477,21.968677520751953,79200,0.0,0.0
2022-08-23 00:00:00-04:00,21.902390557043702,22.219611604431915,21.72247597518151,21.741413116455078,78800,0.0,0.0
2022-08-24 00:00:00-04:00,21.836104215329822,21.836104215329822,21.324765321494198,21.381580352783203,66300,0.0,0.0
2022-08-25 00:00:00-04:00,21.267948998766418,21.608842806984555,21.267948998766418,21.570966720581055,64600,0.0,0.0
2022-08-26 00:00:00-04:00,21.400521539359943,21.52362108772833,21.163790110398256,21.315298080444336,77100,0.0,0.0
2022-08-29 00:00:00-04:00,21.267948036234223,21.267948036234223,20.775548098569494,20.83236312866211,63500,0.0,0.0
2022-08-30 00:00:00-04:00,21.050155256999,21.11643975876845,20.548285854391857,20.89864730834961,92300,0.0,0.0
2022-08-31 00:00:00-04:00,21.002813891514457,21.002813891514457,20.60510499541651,20.652450561523438,92100,0.0,0.0
2022-09-01 00:00:00-04:00,20.605102395563826,20.6098362291302,20.36363534297995,20.567224502563477,86000,0.0,0.0
2022-09-02 00:00:00-04:00,20.567224830566342,20.81342572064296,20.39677972769857,20.500940322875977,72200,0.0,0.0
2022-09-06 00:00:00-04:00,20.51988235864765,20.58616687631618,20.07482787850347,20.160051345825195,88700,0.0,0.0
2022-09-07 00:00:00-04:00,20.055887601369797,20.434657538775017,20.055887601369797,20.425188064575195,81800,0.0,0.0
2022-09-08 00:00:00-04:00,20.226331399536885,20.6145707511546,20.084291114603904,20.472532272338867,80000,0.0,0.0
2022-09-09 00:00:00-04:00,20.605102074186235,20.813425064086914,20.59563260108384,20.813425064086914,64700,0.0,0.0
2022-09-12 00:00:00-04:00,20.889180616509655,21.116442569736275,20.841835053548152,21.059627532958984,172300,0.0,0.0
2022-09-13 00:00:00-04:00,20.813427476180237,20.88918146366128,20.33996460289433,20.425188064575195,110900,0.0,0.0
2022-09-14 00:00:00-04:00,20.358902489794886,20.519879930563544,20.21686399643841,20.368371963500977,74400,0.0,0.0
2022-09-15 00:00:00-04:00,20.264209957752684,20.696955703440675,20.264209957752684,20.557756423950195,68400,0.0,0.0
2022-09-16 00:00:00-04:00,20.40625085018364,20.425189800192605,20.12217382451984,20.349435806274414,262700,0.0,0.0
2022-09-19 00:00:00-04:00,20.311556453268203,20.775549817331434,20.311556453268203,20.756610870361328,64700,0.0,0.0
2022-09-20 00:00:00-04:00,20.548288566709427,20.680857587747084,20.406248265749134,20.66191864013672,150700,0.0,0.0
2022-09-21 00:00:00-04:00,20.83236603305464,20.97440453114742,20.60510407488269,20.633512496948242,67000,0.0,0.0
2022-09-22 00:00:00-04:00,20.671384594777443,20.671384594777443,20.28314526544734,20.415714263916016,58300,0.0,0.0
2022-09-23 00:00:00-04:00,20.21686536255157,20.273680402509836,19.96119497356305,20.141111373901367,71600,0.0,0.0
2022-09-26 00:00:00-04:00,20.074824303928246,20.444124725818707,20.04641588450693,20.093761444091797,82000,0.0,0.0
2022-09-27 00:00:00-04:00,20.221600102164345,20.221600102164345,19.63924094969153,19.724464416503906,59500,0.0,0.0
2022-09-28 00:00:00-04:00,19.601361942482853,19.894908392239127,19.47826059489265,19.705522537231445,111500,0.0,0.0
2022-09-29 00:00:00-04:00,19.468792434365977,19.468792434365977,19.24153047670227,19.440385818481445,63400,0.0,0.0
2022-09-30 00:00:00-04:00,19.298344830443966,19.68658602623812,19.17524528503418,19.17524528503418,131700,0.0,0.0
2022-10-03 00:00:00-04:00,19.232058464143794,19.554013313199953,19.080550512366457,19.393035888671875,85800,0.0,0.0
2022-10-04 00:00:00-04:00,19.58242303686538,20.11270090343571,19.58242303686538,20.10323143005371,77800,0.0,0.0
2022-10-05 00:00:00-04:00,19.819151318069732,20.036943753053183,19.73392787722976,19.970659255981445,56800,0.0,0.0
2022-10-06 00:00:00-04:00,19.790745991562634,19.942253953123284,19.771807044838212,19.885438919067383,39000,0.0,0.0
2022-10-07 00:00:00-04:00,19.724459837026522,19.733929309597972,19.3078120744688,19.421443939208984,73900,0.0,0.0
2022-10-10 00:00:00-04:00,19.33622137670143,19.6960523202906,19.33622137670143,19.582422256469727,47500,0.0,0.0
2022-10-11 00:00:00-04:00,19.506668459560686,19.629767997528475,19.269937050600284,19.478260040283203,55500,0.0,0.0
2022-10-12 00:00:00-04:00,19.38357020539993,19.74340301580619,19.298346740099372,19.572956085205078,102900,0.0,0.0
2022-10-13 00:00:00-04:00,19.449853402140267,20.652447585465257,19.40250603673861,20.595632553100586,96500,0.0,0.0
2022-10-14 00:00:00-04:00,20.766081911298656,20.7850208596983,20.306822346253718,20.425188064575195,82900,0.0,0.0
2022-10-17 00:00:00-04:00,20.61457446986141,20.91759042762793,20.52935100597488,20.652450561523438,84800,0.0,0.0
2022-10-18 00:00:00-04:00,20.945998850962628,20.945998850962628,20.557757623192007,20.652450561523438,64000,0.0,0.0
2022-10-19 00:00:00-04:00,20.586163080020256,20.851302907917578,20.2452692735976,20.595632553100586,63700,0.0,0.0
2022-10-20 00:00:00-04:00,20.51987926967819,20.699795652064445,20.38257461453822,20.500940322875977,113100,0.0,0.0
2022-10-21 00:00:00-04:00,20.614571048489964,21.05489160345179,20.595632102743433,20.983871459960938,64600,0.0,0.0
2022-10-24 00:00:00-04:00,21.154319801589175,21.41945964176404,21.02175078456044,21.372112274169922,64200,0.0,0.0
2022-10-25 00:00:00-04:00,21.400518305307862,21.79822711810633,21.38157936038479,21.72247314453125,83900,0.0,0.0
2022-10-26 00:00:00-04:00,21.78875974418282,22.05105855766677,21.523619908075062,21.61831283569336,81300,0.0,0.0
2022-10-27 00:00:00-04:00,21.77929064363482,21.845575152267095,21.52362027652397,21.58990478515625,188100,0.0,0.0
2022-10-28 00:00:00-04:00,22.205408467080524,22.413731471625336,21.883453583436527,22.177000045776367,123300,0.0,0.0
2022-10-31 00:00:00-04:00,21.70353370770137,22.214872566214456,21.70353370770137,21.892919540405273,101900,0.0,0.0
2022-11-01 00:00:00-04:00,22.034958511293105,22.063365122560512,21.713003672069718,21.72247314453125,76500,0.0,0.0
2022-11-02 00:00:00-04:00,21.570969155403926,22.07283864513212,21.372113809458444,21.400522232055664,104700,0.0,0.0
2022-11-03 00:00:00-04:00,21.32476457388773,21.32476457388773,20.69979383326712,21.258480072021484,77000,0.0,0.0
2022-11-04 00:00:00-04:00,21.428929725075687,21.79823200947557,21.324769116860296,21.779293060302734,74100,0.0,0.0
2022-11-07 00:00:00-05:00,21.95991581791572,21.95991581791572,21.50360632154864,21.826824188232422,63700,0.09,0.0
2022-11-08 00:00:00-05:00,21.997942610574718,22.07399419989859,21.75077449196891,21.788801193237305,67100,0.0,0.0
2022-11-09 00:00:00-05:00,21.627188544225497,21.627188544225497,21.237423972661308,21.294462203979492,59500,0.0,0.0
2022-11-10 00:00:00-05:00,21.788798418584797,22.520796005870295,21.731760187158546,22.35918617248535,97700,0.0,0.0
2022-11-11 00:00:00-05:00,22.340172948386368,22.454251225085333,21.807811887954163,21.92188835144043,60300,0.0,0.0
2022-11-14 00:00:00-05:00,21.9599143092803,22.093004116607638,21.703239555252463,21.74126625061035,141900,0.0,0.0
2022-11-15 00:00:00-05:00,21.9599143092803,22.126276568439472,21.68422620757352,21.74126625061035,78000,0.0,0.0
2022-11-16 00:00:00-05:00,21.79830524776285,21.874356827943103,21.521667012897893,21.646202087402344,77700,0.0,0.0
2022-11-17 00:00:00-05:00,21.49409706530301,21.598666845735476,21.265942344524163,21.408538818359375,64300,0.0,0.0
2022-11-18 00:00:00-05:00,21.807812128373065,21.807812128373065,21.380020852551663,21.52261734008789,129800,0.0,0.0
2022-11-21 00:00:00-05:00,21.522617004786184,21.684226838332908,21.465578773302834,21.57015037536621,43800,0.0,0.0
2022-11-22 00:00:00-05:00,21.589161212310334,21.723202955835344,21.437058057797795,21.465578079223633,72900,0.0,0.0
2022-11-23 00:00:00-05:00,21.389526815549548,21.48364161838574,21.284955215334367,21.380020141601562,85400,0.0,0.0
2022-11-25 00:00:00-05:00,21.46557735664109,21.46557735664109,21.303967533760115,21.322980880737305,89500,0.0,0.0
2022-11-28 00:00:00-05:00,21.341992641373377,21.341992641373377,20.885681413901086,20.999759674072266,54700,0.0,0.0
2022-11-29 00:00:00-05:00,20.923710161115626,21.16137156438153,20.904696813683326,21.11383819580078,102500,0.0,0.0
2022-11-30 00:00:00-05:00,21.170878381267134,21.807811018855556,20.6622831198957,21.66521453857422,238700,0.0,0.0
2022-12-01 00:00:00-05:00,21.826819941216442,21.83632661385923,21.46557544685254,21.598665237426758,104500,0.0,0.0
2022-12-02 00:00:00-05:00,21.351501830837265,21.56064504802807,21.24693203545466,21.5416316986084,87900,0.0,0.0
2022-12-05 00:00:00-05:00,21.51311159541678,21.722254811838972,21.018777204811585,21.18989372253418,124600,0.0,0.0
2022-12-06 00:00:00-05:00,21.10433460654458,21.303969326971146,20.885684724327703,21.284955978393555,95500,0.0,0.0
2022-12-07 00:00:00-05:00,21.284953455796128,21.636693109944105,21.142356984789515,21.456069946289062,135100,0.0,0.0
2022-12-08 00:00:00-05:00,21.69373319568439,21.75552566992981,21.470330890252015,21.65570831298828,85600,0.0,0.0
2022-12-09 00:00:00-05:00,21.446562244156297,21.788795208722394,21.446562244156297,21.67471694946289,91600,0.0,0.0
2022-12-12 00:00:00-05:00,21.9123796015178,22.10250944026747,21.43705681785613,22.08349609375,167200,0.0,0.0
2022-12-13 00:00:00-05:00,22.539808385157468,23.40014338528762,22.14053893700536,22.577835083007812,294000,0.0,0.0
2022-12-14 00:00:00-05:00,22.425728766148612,22.84876574760671,22.035964234026828,22.16905403137207,206400,0.0,0.0
2022-12-15 00:00:00-05:00,21.90287573134253,21.90287573134253,21.189891523627672,21.313474655151367,173800,0.0,0.0
2022-12-16 00:00:00-05:00,21.151865650111453,21.522616872289845,21.037787374634355,21.494098663330078,286400,0.0,0.0
2022-12-19 00:00:00-05:00,21.37051123303222,21.71274420652325,21.37051123303222,21.703237533569336,96900,0.0,0.0
2022-12-20 00:00:00-05:00,21.63669353913822,21.78879668632412,21.389525471658,21.408538818359375,157100,0.0,0.0
2022-12-21 00:00:00-05:00,21.560646117555027,22.10251391040575,21.513112741647927,21.912384033203125,72000,0.0,0.0
2022-12-22 00:00:00-05:00,21.77928839121491,21.77928839121491,21.31347231099275,21.598665237426758,59200,0.0,0.0
2022-12-23 00:00:00-05:00,21.627189891834767,21.959916252813244,21.56064498228163,21.779293060302734,55200,0.0,0.0
2022-12-27 00:00:00-05:00,21.836328659026673,21.836328659026673,21.551135705881798,21.636693954467773,40100,0.0,0.0
2022-12-28 00:00:00-05:00,21.703235176591168,21.72224852043414,21.437053802426362,21.475080490112305,53600,0.0,0.0
2022-12-29 00:00:00-05:00,21.589161809384805,22.08825222547043,21.589161809384805,22.045473098754883,122800,0.0,0.0
2022-12-30 00:00:00-05:00,21.912380080991205,22.054978369779974,21.769783605415,21.836328506469727,67800,0.0,0.0
2023-01-03 00:00:00-05:00,21.91237966263933,22.04642139878512,21.43705687765182,21.608173370361328,90700,0.0,0.0
2023-01-04 00:00:00-05:00,21.779292690501133,21.912382507347605,21.551137941673133,21.589162826538086,73800,0.0,0.0
2023-01-05 00:00:00-05:00,21.53212298267129,21.560643004097123,21.189891791624397,21.465578079223633,83200,0.0,0.0
2023-01-06 00:00:00-05:00,21.570147276895426,22.064481567429652,21.570147276895426,21.95040512084961,89500,0.0,0.0
2023-01-09 00:00:00-05:00,22.083498810490934,22.083498810490934,21.64620266606747,21.71274757385254,52500,0.0,0.0
2023-01-10 00:00:00-05:00,21.80780996838054,22.059730465183062,21.693731701723006,21.883861541748047,64100,0.0,0.0
2023-01-11 00:00:00-05:00,21.893370009913664,22.054979843220146,21.81731843031136,21.845836639404297,70500,0.0,0.0
2023-01-12 00:00:00-05:00,21.940898145491158,22.178559521336258,21.912378127633282,22.03596305847168,151100,0.0,0.0
2023-01-13 00:00:00-05:00,21.8173160302281,22.11201564211607,21.693731093711783,22.054977416992188,59100,0.0,0.0
2023-01-17 00:00:00-05:00,22.073991060073954,22.088251977627575,21.864849672485004,21.931394577026367,88400,0.0,0.0
2023-01-18 00:00:00-05:00,21.988428662542695,21.988428662542695,21.437054369009513,21.50360107421875,65500,0.0,0.0
2023-01-19 00:00:00-05:00,21.389529407306615,21.532125907379417,21.208906206834197,21.484594345092773,62100,0.0,0.0
2023-01-20 00:00:00-05:00,21.712744793965335,21.817316386075124,21.446563383691565,21.76978302001953,82400,0.0,0.0
2023-01-23 00:00:00-05:00,21.798304322478785,22.07399060897524,21.789747772121473,21.940900802612305,58600,0.0,0.0
2023-01-24 00:00:00-05:00,21.779291132755603,21.95516006575425,21.636694651588794,21.74126625061035,33800,0.0,0.0
2023-01-25 00:00:00-05:00,21.712746860680923,21.84583667187963,21.57015037536621,21.57015037536621,54600,0.0,0.0
2023-01-26 00:00:00-05:00,21.684223622168883,21.74221378171172,21.494095607686265,21.67471694946289,89200,0.0,0.0
2023-01-27 00:00:00-05:00,22.454250402868848,23.385882677814422,22.454250402868848,23.043649673461914,119200,0.0,0.0
2023-01-30 00:00:00-05:00,22.97710197659861,23.290814921378477,22.920063753878384,23.062660217285156,75900,0.0,0.0
2023-01-31 00:00:00-05:00,23.186247081923877,23.60453168028956,23.186247081923877,23.576011657714844,113600,0.0,0.0
2023-02-01 00:00:00-05:00,23.556997134520174,24.032319904531548,23.423905525932508,23.71860694885254,141400,0.0,0.0
2023-02-02 00:00:00-05:00,23.747125384892076,24.37455130233474,23.747125384892076,24.346033096313477,90100,0.0,0.0
2023-02-03 00:00:00-05:00,24.707282207527,24.716788882374992,24.365049165850625,24.52665901184082,104800,0.0,0.0
2023-02-06 00:00:00-05:00,24.60297793339842,24.60297793339842,24.240466977151108,24.269086837768555,60300,0.09,0.0
2023-02-07 00:00:00-05:00,24.106908743834897,24.574355500972427,24.001971085446506,24.412179946899414,78100,0.0,0.0
2023-02-08 00:00:00-05:00,24.25954631951959,24.26908627283667,23.954275091613223,24.106910705566406,46200,0.0,0.0
2023-02-09 00:00:00-05:00,23.992434806254195,24.135530477154283,23.83025922735138,23.85887908935547,65500,0.0,0.0
2023-02-10 00:00:00-05:00,23.78255367017912,24.05920496949246,23.744393866378882,24.011507034301758,47900,0.0,0.0
2023-02-13 00:00:00-05:00,23.916115278344904,24.25954631951959,23.916115278344904,24.106910705566406,97000,0.0,0.0
2023-02-14 00:00:00-05:00,24.106909010504666,24.18322681211502,23.868415653027316,23.89703369140625,59100,0.0,0.0
2023-02-15 00:00:00-05:00,23.696699631220522,24.02105073592875,23.59176197394437,23.887495040893555,57100,0.0,0.0
2023-02-16 00:00:00-05:00,23.620384594960548,23.92565583050768,23.45820902363112,23.81117820739746,172100,0.0,0.0
2023-02-17 00:00:00-05:00,23.973352007346797,24.02105177160158,23.7205496252563,23.93519401550293,65400,0.0,0.0
2023-02-21 00:00:00-05:00,23.6967001394008,23.734858130417784,23.372349027736803,23.46774673461914,109700,0.0,0.0
2023-02-22 00:00:00-05:00,23.591762783831914,23.830256144330562,23.343729470566124,23.68716049194336,108900,0.0,0.0
2023-02-23 00:00:00-05:00,23.811175538550042,23.963812958775517,23.701468814294145,23.706239700317383,56400,0.0,0.0
2023-02-24 00:00:00-05:00,23.496362935952213,23.591760635375977,23.334187392799745,23.591760635375977,60600,0.0,0.0
2023-02-27 00:00:00-05:00,23.696700383110773,23.763478232747214,23.45820702323209,23.56314468383789,83800,0.0,0.0
2023-02-28 00:00:00-05:00,23.60130538154334,23.687163146509533,23.477289620792256,23.51544761657715,182500,0.0,0.0
2023-03-01 00:00:00-05:00,23.41050910967744,23.858875971793797,23.324651354444107,23.83979606628418,90900,0.0,0.0
2023-03-02 00:00:00-05:00,23.610838543170825,23.658536479070552,23.372345224552937,23.620378494262695,68800,0.0,0.0
2023-03-03 00:00:00-05:00,23.66808091837821,23.773018580728653,23.381889609589678,23.753938674926758,85400,0.0,0.0
2023-03-06 00:00:00-05:00,23.773017170923673,23.773017170923673,23.181552863060208,23.33418846130371,98400,0.0,0.0
2023-03-07 00:00:00-05:00,23.27695027450703,23.27695027450703,22.72364578293356,22.962139129638672,69700,0.0,0.0
2023-03-08 00:00:00-05:00,23.019374855019993,23.019374855019993,22.671174819977033,22.86673927307129,71500,0.0,0.0
2023-03-09 00:00:00-05:00,22.8095017167573,22.8095017167573,20.892015143610163,21.741052627563477,201100,0.0,0.0
2023-03-10 00:00:00-05:00,21.540717854625093,21.77921118863093,20.639213343212575,21.14004898071289,129800,0.0,0.0
2023-03-13 00:00:00-04:00,20.109761403372165,20.147921216943452,18.755118954112557,18.84097671508789,342100,0.0,0.0
2023-03-14 00:00:00-04:00,19.699549703662942,20.376871741745816,19.337040624091124,19.470596313476562,546000,0.0,0.0
2023-03-15 00:00:00-04:00,19.27980100099787,19.575534056803836,18.507083078101875,19.44197654724121,313600,0.0,0.0
2023-03-16 00:00:00-04:00,19.222561859622655,20.729839618760103,18.898210788201713,20.21469497680664,236900,0.0,0.0
2023-03-17 00:00:00-04:00,20.138379869725743,20.176537861095962,19.709091094561174,19.73771095275879,334900,0.0,0.0
2023-03-20 00:00:00-04:00,20.02390231870136,20.405491331388678,19.823568769375495,19.861726760864258,165600,0.0,0.0
2023-03-21 00:00:00-04:00,20.32917322480865,20.682144193490355,20.2337755181736,20.529508590698242,140100,0.0,0.0
2023-03-22 00:00:00-04:00,20.558125312589596,20.653523013116,19.852185239989858,19.928503036499023,147500,0.0,0.0
2023-03-23 00:00:00-04:00,20.090677804438155,20.090677804438155,19.60415118817567,19.823566436767578,155200,0.0,0.0
2023-03-24 00:00:00-04:00,19.54691698809587,20.500890497439112,19.499219040452733,20.405492782592773,170300,0.0,0.0
2023-03-27 00:00:00-04:00,20.748923414485557,20.97310776697024,20.577207895098137,20.643985748291016,106000,0.0,0.0
2023-03-28 00:00:00-04:00,20.624907294878472,20.853860710140214,20.510429677467602,20.729843139648438,90400,0.0,0.0
2023-03-29 00:00:00-04:00,20.77754345696757,20.825241404079105,20.348254654723597,20.615367889404297,106300,0.0,0.0
2023-03-30 00:00:00-04:00,20.682141681016894,20.682141681016894,20.090677427378797,20.21469497680664,131800,0.0,0.0
2023-03-31 00:00:00-04:00,20.271931817670534,20.624902725219727,20.03343850216853,20.624902725219727,191600,0.0,0.0
2023-04-03 00:00:00-04:00,20.60582334756141,20.72029912296162,20.22423439696131,20.4818058013916,129400,0.0,0.0
2023-04-04 00:00:00-04:00,20.36733191284725,20.36733191284725,19.728169679044402,19.899885177612305,109200,0.0,0.0
2023-04-05 00:00:00-04:00,19.632775329751894,19.632775329751894,19.34658399631451,19.55645751953125,109900,0.0,0.0
2023-04-06 00:00:00-04:00,19.394276973014605,19.532603537187555,19.174863552329025,19.232101440429688,100100,0.0,0.0
2023-04-10 00:00:00-04:00,19.184407544175787,19.47059886451562,19.184407544175787,19.327503204345703,74200,0.0,0.0
2023-04-11 00:00:00-04:00,19.356119925604684,19.585073308663716,19.27980031169193,19.461055755615234,75200,0.0,0.0
2023-04-12 00:00:00-04:00,19.575533477396306,19.65185127221899,19.089006853066778,19.127164840698242,66600,0.0,0.0
2023-04-13 00:00:00-04:00,19.098546363748508,19.317959791351,19.02222857068852,19.241641998291016,63200,0.0,0.0
2023-04-14 00:00:00-04:00,19.4705974569884,19.551686144277486,18.84097514210806,18.907752990722656,96600,0.0,0.0
2023-04-17 00:00:00-04:00,18.8314321615489,19.213021106246824,18.697876485794527,19.19394302368164,56300,0.0,0.0
2023-04-18 00:00:00-04:00,19.327505145179295,19.327505145179295,18.602484998678445,18.745580673217773,126800,0.0,0.0
2023-04-19 00:00:00-04:00,18.86005658133639,19.131938883987214,18.621563205708647,18.99361228942871,65900,0.0,0.0
2023-04-20 00:00:00-04:00,18.774198860898203,18.945914382848866,18.592943385554715,18.84097671508789,59400,0.0,0.0
2023-04-21 00:00:00-04:00,18.850513814872638,18.917291658953435,18.62156042678428,18.76465606689453,60800,0.0,0.0
2023-04-24 00:00:00-04:00,18.812349656221812,19.098542689812344,18.71695379791766,18.726491928100586,58700,0.0,0.0
2023-04-25 00:00:00-04:00,18.592937453738344,18.74557302020712,18.23996838861409,18.28766632080078,91400,0.0,0.0
2023-04-26 00:00:00-04:00,18.220890308298298,18.507081569129713,18.001476887023564,18.163652420043945,96400,0.0,0.0
2023-04-27 00:00:00-04:00,18.173192950382383,18.602481717849013,18.173192950382383,18.325828552246094,72700,0.0,0.0
2023-04-28 00:00:00-04:00,19.1939468268797,19.1939468268797,18.335369256736392,18.459386825561523,139900,0.0,0.0
2023-05-01 00:00:00-04:00,18.449846632238522,18.659720135783715,18.163655325625992,18.363988876342773,109200,0.0,0.0
2023-05-02 00:00:00-04:00,18.287670863131297,18.287670863131297,17.095204066681838,17.228759765625,247200,0.0,0.0
2023-05-03 00:00:00-04:00,17.24783914109034,17.467252588200765,16.694534637321507,16.76131248474121,152500,0.0,0.0
2023-05-04 00:00:00-04:00,16.51327760421324,16.69930210985836,15.645162031496222,16.093530654907227,174100,0.0,0.0
2023-05-05 00:00:00-04:00,16.913946706293412,17.543568958606354,16.913946706293412,17.534029006958008,220800,0.0,0.0
2023-05-08 00:00:00-04:00,17.744936789456336,17.744936789456336,17.19849657175807,17.217668533325195,172700,0.09,0.0
2023-05-09 00:00:00-04:00,17.188908427098706,17.22725417595852,16.733541002617226,16.75750732421875,131500,0.0,0.0
2023-05-10 00:00:00-04:00,16.94924212205288,16.94924212205288,16.38362813643927,16.556188583374023,117600,0.0,0.0
2023-05-11 00:00:00-04:00,16.27817367349127,16.546601231134897,16.19189345240986,16.306934356689453,93000,0.0,0.0
2023-05-12 00:00:00-04:00,16.374043683823466,16.56577794868276,16.172724351383323,16.54660415649414,92100,0.0,0.0
2023-05-15 00:00:00-04:00,16.450736110978102,16.872550373147977,16.450736110978102,16.786270141601562,150800,0.0,0.0
2023-05-16 00:00:00-04:00,16.87255190451527,17.169738379862842,16.613711186383423,16.632884979248047,132800,0.0,0.0
2023-05-17 00:00:00-04:00,16.671228061741918,17.553202278362427,16.671228061741918,17.447750091552734,166400,0.0,0.0
2023-05-18 00:00:00-04:00,17.524444549692397,17.562790303223064,17.17932362534964,17.428577423095703,97300,0.0,0.0
2023-05-19 00:00:00-04:00,17.69700687377825,17.70659377128845,16.92048646058948,17.016353607177734,111900,0.0,0.0
2023-05-22 00:00:00-04:00,17.18891254132318,17.49568591968145,17.045112748781936,17.457338333129883,67600,0.0,0.0
2023-05-23 00:00:00-04:00,17.505270580703264,18.11881725906313,17.505270580703264,17.783283233642578,81800,0.0,0.0
2023-05-24 00:00:00-04:00,17.687416749543676,17.687416749543676,17.399815391978215,17.418989181518555,62900,0.0,0.0
2023-05-25 00:00:00-04:00,17.179320729396093,17.409400697335094,17.093040512854838,17.188907623291016,53100,0.0,0.0
2023-05-26 00:00:00-04:00,17.169738748047394,17.462132695705613,17.10263230009572,17.457338333129883,48400,0.0,0.0
2023-05-30 00:00:00-04:00,17.438162140607982,17.534029255231026,17.20808216262055,17.30394744873047,60200,0.0,0.0
2023-05-31 00:00:00-04:00,17.179326987865164,17.246433441063612,16.767099542773305,16.987592697143555,132700,0.0,0.0
2023-06-01 00:00:00-04:00,17.05469699194051,17.409402969787237,16.86775527935756,17.150562286376953,60100,0.0,0.0
2023-06-02 00:00:00-04:00,17.457337631774536,18.166753326368948,17.36147232627418,18.10923194885254,95000,0.0,0.0
2023-06-05 00:00:00-04:00,17.994190488393663,17.994190488393663,17.46692223479915,17.572376251220703,65700,0.0,0.0
2023-06-06 00:00:00-04:00,17.438168745674208,18.809064067053196,17.438168745674208,18.502288818359375,137200,0.0,0.0
2023-06-07 00:00:00-04:00,18.741953294847814,19.230874054084747,18.48311439873356,18.991207122802734,160000,0.0,0.0
2023-06-08 00:00:00-04:00,19.01037797396177,19.01037797396177,18.43997142405581,18.655670166015625,108100,0.0,0.0
2023-06-09 00:00:00-04:00,18.66525917876824,18.66525917876824,18.16195900957405,18.300966262817383,104100,0.0,0.0
2023-06-12 00:00:00-04:00,18.368071181106707,18.67484452240491,18.137991175133052,18.166751861572266,67600,0.0,0.0
2023-06-13 00:00:00-04:00,18.30096367216077,18.823437559947944,18.253031026075547,18.761123657226562,105000,0.0,0.0
2023-06-14 00:00:00-04:00,18.856996728263642,19.06790299750894,18.37766280210393,18.502288818359375,70500,0.0,0.0
2023-06-15 00:00:00-04:00,18.281789518989694,18.741949494910283,18.267410091152552,18.703603744506836,82000,0.0,0.0
2023-06-16 00:00:00-04:00,18.87616701131545,18.87616701131545,18.262618456622462,18.272205352783203,149400,0.0,0.0
2023-06-20 00:00:00-04:00,18.272201865614605,18.272201865614605,17.917495917928687,18.04212188720703,74000,0.0,0.0
2023-06-21 00:00:00-04:00,17.9558443406389,18.00377881943269,17.725764327968907,17.773698806762695,84700,0.0,0.0
2023-06-22 00:00:00-04:00,17.716175605340975,17.716175605340975,17.371056536180916,17.418989181518555,76300,0.0,0.0
2023-06-23 00:00:00-04:00,17.27519278255064,17.629898815584802,16.9300718176408,17.457338333129883,253600,0.0,0.0
2023-06-26 00:00:00-04:00,17.50527054968511,17.735350553662375,17.150562734066,17.208084106445312,70900,0.0,0.0
2023-06-27 00:00:00-04:00,17.150563825978885,17.57237810771589,17.030730368662628,17.380643844604492,78000,0.0,0.0
2023-06-28 00:00:00-04:00,17.3518821476431,17.39022789688685,17.121802166641157,17.33270835876465,69200,0.0,0.0
2023-06-29 00:00:00-04:00,17.4573361196272,17.7257637059122,17.4573361196272,17.591550827026367,43600,0.0,0.0
2023-06-30 00:00:00-04:00,17.735346259161126,17.735346259161126,17.256012576481094,17.34229278564453,85600,0.0,0.0
2023-07-03 00:00:00-04:00,17.476508610563883,17.792868821916187,17.476508610563883,17.67782974243164,31000,0.0,0.0
2023-07-05 00:00:00-04:00,17.58196674370648,17.74014597219102,17.438166946398642,17.54361915588379,79400,0.0,0.0
2023-07-06 00:00:00-04:00,17.371058410908823,17.371058410908823,16.939657242259347,17.323123931884766,81200,0.0,0.0
2023-07-07 00:00:00-04:00,17.25601843365635,17.773699864352526,17.25601843365635,17.4669246673584,111100,0.0,0.0
2023-07-10 00:00:00-04:00,17.40940567845399,17.831219987953396,17.265605885912745,17.457338333129883,74800,0.0,0.0
2023-07-11 00:00:00-04:00,17.524446266743574,17.70659181375929,17.31353820186333,17.495685577392578,61100,0.0,0.0
2023-07-12 00:00:00-04:00,17.80245895486248,18.16675370602561,17.68166735087796,17.879152297973633,75800,0.0,0.0
2023-07-13 00:00:00-04:00,17.975017197776385,18.358483865626287,17.917497654727228,18.205097198486328,88500,0.0,0.0
2023-07-14 00:00:00-04:00,18.32972690563845,18.32972690563845,17.8551855979523,18.10923194885254,45000,0.0,0.0
2023-07-17 00:00:00-04:00,18.013363669739682,18.46872928123596,18.013363669739682,18.22426986694336,67500,0.0,0.0
2023-07-18 00:00:00-04:00,18.22427240974386,18.789886474609375,18.22427240974386,18.789886474609375,86200,0.0,0.0
2023-07-19 00:00:00-04:00,18.895341130727708,19.269222809595533,18.75154132893871,19.163768768310547,84600,0.0,0.0
2023-07-20 00:00:00-04:00,19.12541785783327,19.12541785783327,18.76112317431487,18.962444305419922,83800,0.0,0.0
2023-07-21 00:00:00-04:00,19.115829895317322,19.115829895317322,18.75153523214905,18.818641662597656,89200,0.0,0.0
2023-07-24 00:00:00-04:00,18.789886546093676,19.470539708615256,18.789886546093676,19.365087509155273,139900,0.0,0.0
2023-07-25 00:00:00-04:00,19.35549807117799,19.489710941144757,19.09665739751647,19.182937622070312,73500,0.0,0.0
2023-07-26 00:00:00-04:00,19.432191875821303,19.834832324074355,19.432191875821303,19.719791412353516,105700,0.0,0.0
2023-07-27 00:00:00-04:00,19.949874141657137,19.949874141657137,19.45136833190918,19.45136833190918,115200,0.0,0.0
2023-07-28 00:00:00-04:00,20.333337627446575,21.819273410219573,20.333337627446575,21.234485626220703,177400,0.0,0.0
2023-07-31 00:00:00-04:00,21.339945447670008,21.536472273531746,20.937304898524776,21.04275894165039,140700,0.0,0.0
2023-08-01 00:00:00-04:00,21.100273023879602,21.16642131897008,20.75515212028172,20.812671661376953,118500,0.0,0.0
2023-08-02 00:00:00-04:00,20.582591114230354,20.874985002070108,20.41194877741875,20.82225799560547,85700,0.0,0.0
2023-08-03 00:00:00-04:00,20.74556870692984,21.234489459574554,20.7072229492688,20.946889877319336,210900,0.0,0.0
2023-08-04 00:00:00-04:00,20.98523320774641,21.713820804170375,20.98523320774641,21.339941024780273,122900,0.0,0.0
2023-08-07 00:00:00-04:00,21.32068882820373,21.898224794363188,21.28218740962575,21.68646240234375,210000,0.09,0.0
2023-08-08 00:00:00-04:00,21.397696059399074,21.705714788591557,21.147430382946073,21.503578186035156,283800,0.0,0.0
2023-08-09 00:00:00-04:00,21.42657458013219,21.479515646109803,21.272565207799065,21.359195709228516,159300,0.0,0.0
2023-08-10 00:00:00-04:00,21.426572140356786,21.628708730051166,21.1859322939951,21.253311157226562,129800,0.0,0.0
2023-08-11 00:00:00-04:00,21.18592938829373,21.38806595026459,21.18592938829373,21.301435470581055,170600,0.0,0.0
2023-08-14 00:00:00-04:00,21.205187490884164,21.205187490884164,20.829788018948417,20.858665466308594,118700,0.0,0.0
2023-08-15 00:00:00-04:00,20.589145917766263,20.733531303102133,20.31963044847038,20.560270309448242,112900,0.0,0.0
2023-08-16 00:00:00-04:00,20.589147702982036,20.690217848667885,20.454389956649702,20.49289321899414,113000,0.0,0.0
2023-08-17 00:00:00-04:00,20.6276458152604,20.74796572614182,20.415881597109973,20.666147232055664,175500,0.0,0.0
2023-08-18 00:00:00-04:00,20.492890113566183,20.743153937134444,20.464012671183852,20.569894790649414,96600,0.0,0.0
2023-08-21 00:00:00-04:00,20.512139010260597,20.545828440267506,19.958668491621236,20.165618896484375,124600,0.0,0.0
2023-08-22 00:00:00-04:00,20.088612285805947,20.242621618398196,19.790217597464412,19.80946922302246,160800,0.0,0.0
2023-08-23 00:00:00-04:00,19.886477121474005,20.23299909409492,19.67471471372587,20.155994415283203,94700,0.0,0.0
2023-08-24 00:00:00-04:00,20.194496597833588,20.444762272388054,20.021235604993077,20.136743545532227,70900,0.0,0.0
2023-08-25 00:00:00-04:00,20.271500173225256,20.35813066491763,19.905728414030158,20.0212345123291,60600,0.0,0.0
2023-08-28 00:00:00-04:00,20.040484815783167,20.415882364341112,19.993319614570023,20.387006759643555,81700,0.0,0.0
2023-08-29 00:00:00-04:00,20.367753982543945,20.44475865061659,20.252247898403027,20.367753982543945,58800,0.0,0.0
2023-08-30 00:00:00-04:00,20.358133378640755,20.425512250952746,20.194498187624532,20.261877059936523,113200,0.0,0.0
2023-08-31 00:00:00-04:00,20.387006759643555,20.56026773157375,20.338877691920604,20.387006759643555,97200,0.0,0.0
2023-09-01 00:00:00-04:00,20.541015215542068,21.031920669454227,20.541015215542068,20.95491600036621,86200,0.0,0.0
2023-09-05 00:00:00-04:00,20.80090678067943,21.05117241562512,20.646897441626102,20.666147232055664,100800,0.0,0.0
2023-09-06 00:00:00-04:00,20.56026781995848,20.675773911117677,20.117489574684985,20.194494247436523,80900,0.0,0.0
2023-09-07 00:00:00-04:00,20.184869545503744,20.194495359619843,19.732467297665085,19.953855514526367,127100,0.0,0.0
2023-09-08 00:00:00-04:00,19.94423008985666,20.021234768352773,19.722841868672383,19.992359161376953,84600,0.0,0.0
2023-09-11 00:00:00-04:00,20.155993478147487,20.300377014714424,19.73727883538621,19.84797477722168,82800,0.0,0.0
2023-09-12 00:00:00-04:00,19.79984474182129,20.050110383098556,19.645835398871615,19.79984474182129,65300,0.0,0.0
2023-09-13 00:00:00-04:00,20.011611314898946,20.011611314898946,19.46295090079413,19.482202529907227,131000,0.0,0.0
2023-09-14 00:00:00-04:00,19.655464872899756,19.857601484690726,19.424450815451564,19.73246955871582,68900,0.0,0.0
2023-09-15 00:00:00-04:00,19.58808017595566,19.847971601758058,19.58808017595566,19.665084838867188,586900,0.0,0.0
2023-09-18 00:00:00-04:00,19.64583904356066,19.655464858772817,19.193436744208505,19.21268653869629,96000,0.0,0.0
2023-09-19 00:00:00-04:00,19.337821203926765,19.34744701958861,19.077929688866735,19.09718132019043,87300,0.0,0.0
2023-09-20 00:00:00-04:00,19.203058999902666,19.328190902592933,19.077925261276214,19.183807373046875,81100,0.0,0.0
2023-09-21 00:00:00-04:00,19.039422880110358,19.299312485768432,18.933540773697306,19.135677337646484,73300,0.0,0.0
2023-09-22 00:00:00-04:00,19.106801337059874,19.13567693934524,18.78915686036845,18.837284088134766,102200,0.0,0.0
2023-09-25 00:00:00-04:00,18.79878862936984,19.058678311962595,18.721783938983723,18.972047805786133,60900,0.0,0.0
2023-09-26 00:00:00-04:00,18.81803551537499,19.058675365116034,18.78915990840533,18.856538772583008,53900,0.0,0.0
2023-09-27 00:00:00-04:00,18.962421338426868,19.010548575128585,18.60627354465042,18.798786163330078,77400,0.0,0.0
2023-09-28 00:00:00-04:00,18.856540234830387,19.1453073425378,18.827662789685046,18.91429328918457,46800,0.0,0.0
2023-09-29 00:00:00-04:00,19.077929943543285,19.20306371288113,18.904668931190358,18.972047805786133,71700,0.0,0.0
2023-10-02 00:00:00-04:00,18.89504074485858,19.07792755005717,18.57739620737493,18.606273651123047,63500,0.0,0.0
2023-10-03 00:00:00-04:00,18.587022258156182,18.611085876950533,18.240502108457346,18.317506790161133,87100,0.0,0.0
2023-10-04 00:00:00-04:00,18.365629918047183,18.471512020172668,18.20199477655144,18.44263458251953,66500,0.0,0.0
2023-10-05 00:00:00-04:00,18.51001641819148,18.861350371226386,18.47151499771702,18.818035125732422,92500,0.0,0.0
2023-10-06 00:00:00-04:00,18.712155721781585,19.07792749519042,18.673652463561496,18.702529907226562,72000,0.0,0.0
2023-10-09 00:00:00-04:00,18.625525173705665,18.92391808031638,18.462852029280718,18.798786163330078,75800,0.0,0.0
2023-10-10 00:00:00-04:00,18.92391910423302,19.135681527489353,18.91429328918457,18.91429328918457,86900,0.0,0.0
2023-10-11 00:00:00-04:00,19.049049699082765,19.260812087156516,18.976857016181885,19.08755111694336,81000,0.0,0.0
2023-10-12 00:00:00-04:00,19.039423564154742,19.087550794651907,18.83728515700708,19.049049377441406,76600,0.0,0.0
2023-10-13 00:00:00-04:00,19.21268263509629,19.23193426160909,18.6929015708038,18.78915786743164,81300,0.0,0.0
2023-10-16 00:00:00-04:00,18.95279139297726,19.0875490951196,18.80840787840533,18.923913955688477,66500,0.0,0.0
2023-10-17 00:00:00-04:00,18.895037629890282,19.28968861897482,18.895037629890282,19.0394229888916,174500,0.0,0.0
2023-10-18 00:00:00-04:00,18.962419017598226,19.029797875108624,18.70733955367664,18.76028060913086,77100,0.0,0.0
2023-10-19 00:00:00-04:00,18.721780961455096,18.8950401103161,18.596647212018638,18.692903518676758,74100,0.0,0.0
2023-10-20 00:00:00-04:00,18.721779189713523,18.837285278023234,18.13461742700794,18.144243240356445,118300,0.0,0.0
2023-10-23 00:00:00-04:00,18.009485195257252,18.317505740355692,18.009485195257252,18.105741500854492,72900,0.0,0.0
2023-10-24 00:00:00-04:00,18.115365446230165,18.351193278818638,17.876651522036106,18.009483337402344,68100,0.0,0.0
2023-10-25 00:00:00-04:00,17.836222993243176,18.019107923022684,17.701463454114684,17.922853469848633,95300,0.0,0.0
2023-10-26 00:00:00-04:00,18.009485411171042,18.346381566832235,18.009485411171042,18.336755752563477,77900,0.0,0.0
2023-10-27 00:00:00-04:00,18.471513779254618,18.538892637592554,17.932479240678745,18.01910972595215,106900,0.0,0.0
2023-10-30 00:00:00-04:00,18.211621443915455,18.519640116262558,18.211621443915455,18.327129364013672,156200,0.0,0.0
2023-10-31 00:00:00-04:00,18.384884110915603,18.442637158352067,18.2405005743563,18.259750366210938,109500,0.0,0.0
2023-11-01 00:00:00-04:00,18.336753052787152,18.577392866266965,18.24049859614409,18.452260971069336,117600,0.0,0.0
2023-11-02 00:00:00-04:00,18.71215579948572,18.962421471146346,18.683278355700736,18.866165161132812,125800,0.0,0.0
2023-11-03 00:00:00-04:00,19.35706818714054,19.684338497311206,18.93931743459904,19.376317977905273,113500,0.0,0.0
2023-11-06 00:00:00-05:00,19.385991099630825,19.724400303532335,19.308640582526063,19.531024932861328,97300,0.09,0.0
2023-11-07 00:00:00-05:00,19.395656994386627,19.424664125157506,19.20228165512526,19.337644577026367,77100,0.0,0.0
2023-11-08 00:00:00-05:00,19.327977123334957,19.327977123334957,19.01857507972049,19.105594635009766,59200,0.0,0.0
2023-11-09 00:00:00-05:00,19.13460388907926,19.13460388907926,18.70917510986328,18.70917510986328,71500,0.0,0.0
2023-11-10 00:00:00-05:00,18.747846538509922,18.921885641374573,18.62215265543077,18.854204177856445,71100,0.0,0.0
2023-11-13 00:00:00-05:00,18.805859186056587,18.9412221014596,18.612482011896784,18.902545928955078,88900,0.0,0.0
2023-11-14 00:00:00-05:00,19.59870093901728,20.270683714742926,19.59870093901728,20.15949249267578,161000,0.0,0.0
2023-11-15 00:00:00-05:00,20.13049034931758,20.604262482278475,20.101485058924748,20.352872848510742,115400,0.0,0.0
2023-11-16 00:00:00-05:00,20.28518997927998,20.42055475377456,20.00479507446289,20.00479507446289,120100,0.0,0.0
2023-11-17 00:00:00-05:00,20.285187694927043,20.43988869620115,20.173996465522613,20.24651336669922,116800,0.0,0.0
2023-11-20 00:00:00-05:00,20.323866548559835,20.323866548559835,20.043469794145828,20.130489349365234,93000,0.0,0.0
2023-11-21 00:00:00-05:00,20.09181330476022,20.09181330476022,19.618041235685727,19.627708435058594,96300,0.0,0.0
2023-11-22 00:00:00-05:00,19.898436061079018,20.04346802558708,19.676053592554556,19.734066009521484,103900,0.0,0.0
2023-11-24 00:00:00-05:00,19.801746368408203,19.985454496795214,19.685721540929006,19.801746368408203,33000,0.0,0.0
2023-11-27 00:00:00-05:00,19.6567149343211,19.68088662033982,19.308636754271003,19.347312927246094,80100,0.0,0.0
2023-11-28 00:00:00-05:00,19.424662499248846,19.49717939801539,19.231285331992297,19.385986328125,96400,0.0,0.0
2023-11-29 00:00:00-05:00,19.48267877563486,19.850095097453494,19.48267877563486,19.569698333740234,116200,0.0,0.0
2023-11-30 00:00:00-05:00,19.72439975379119,19.72439975379119,19.23128952942369,19.327978134155273,236800,0.0,0.0
2023-12-01 00:00:00-05:00,19.37631999348636,20.46889605791258,19.37631999348636,20.401214599609375,122600,0.0,0.0
2023-12-04 00:00:00-05:00,20.217507869373865,20.77829950530564,20.20783882549106,20.749292373657227,105100,0.0,0.0
2023-12-05 00:00:00-05:00,20.691280082073405,20.87498822861587,20.4785666478853,20.64293670654297,66800,0.0,0.0
2023-12-06 00:00:00-05:00,21.020019592903232,21.609818347101346,20.836311451661253,20.91366195678711,98700,0.0,0.0
2023-12-07 00:00:00-05:00,20.720288028244628,21.165053001985683,20.691280895277398,21.078033447265625,75500,0.0,0.0
2023-12-08 00:00:00-05:00,21.058696617712158,21.32652157685702,21.058696617712158,21.16505241394043,55000,0.0,0.0
2023-12-11 00:00:00-05:00,21.281079098404057,21.348760562598844,21.14571617001448,21.16505241394043,72000,0.0,0.0
2023-12-12 00:00:00-05:00,21.20372980533248,21.35359538630065,21.145717381866792,21.17472267150879,75800,0.0,0.0
2023-12-13 00:00:00-05:00,21.22306742079097,22.18994972981686,21.09737168787588,22.180280685424805,167300,0.0,0.0
2023-12-14 00:00:00-05:00,22.28663386137456,23.263185099814624,22.28663386137456,22.84742546081543,200000,0.0,0.0
2023-12-15 00:00:00-05:00,22.92477368069381,23.00695961807808,22.238288275652412,22.615371704101562,306100,0.0,0.0
2023-12-18 00:00:00-05:00,22.66371952164849,22.847425813761163,22.426832568728567,22.60570526123047,164900,0.0,0.0
2023-12-19 00:00:00-05:00,22.712065097574282,23.195506249529924,22.712065097574282,23.127824783325195,112800,0.0,0.0
2023-12-20 00:00:00-05:00,23.13749269475754,23.630602866909353,22.750740160966377,22.82809066772461,123400,0.0,0.0
2023-12-21 00:00:00-05:00,22.944118697628408,23.166501204972242,22.789417662590804,23.098819732666016,99000,0.0,0.0
2023-12-22 00:00:00-05:00,23.292195995258936,23.46623511359868,23.137494966552882,23.243852615356445,102100,0.0,0.0
2023-12-26 00:00:00-05:00,23.359874145212743,23.707952332428174,23.25351651152326,23.4468936920166,84900,0.0,0.0
2023-12-27 00:00:00-05:00,23.543583280449063,23.543583280449063,23.292193672822048,23.301862716674805,64200,0.0,0.0
2023-12-28 00:00:00-05:00,23.23417952297007,23.475900068736454,23.176165264175523,23.27285385131836,68000,0.0,0.0
2023-12-29 00:00:00-05:00,23.19550476099898,23.19550476099898,22.731401727508157,22.77974510192871,92900,0.0,0.0
2024-01-02 00:00:00-05:00,22.586368789187404,23.10848421837601,22.56703070257782,22.741069793701172,100400,0.0,0.0
2024-01-03 00:00:00-05:00,22.615371738520718,22.857092263623954,22.170606857537766,22.325307846069336,107400,0.0,0.0
2024-01-04 00:00:00-05:00,22.431670279655812,22.721734234336385,22.325312635654836,22.36398696899414,62200,0.0,0.0
2024-01-05 00:00:00-05:00,22.13193773908722,22.741074689147183,22.13193773908722,22.30597686767578,203800,0.0,0.0
2024-01-08 00:00:00-05:00,22.296303316333887,22.37365381960984,22.06425180650604,22.315641403198242,75300,0.0,0.0
2024-01-09 00:00:00-05:00,22.035249295033573,22.16094318711611,21.8612101797026,22.09326171875,67500,0.0,0.0
2024-01-10 00:00:00-05:00,22.04491366578474,22.141602255688827,21.928888833245004,22.131933212280273,62200,0.0,0.0
2024-01-11 00:00:00-05:00,21.928888086525514,22.03524571621648,21.667829455928448,21.95789337158203,87200,0.0,0.0
2024-01-12 00:00:00-05:00,22.28663470452115,22.28663470452115,21.638823535471033,21.783857345581055,54000,0.0,0.0
2024-01-16 00:00:00-05:00,21.48412283557943,21.561473341468282,21.22306603081802,21.358428955078125,59900,0.0,0.0
2024-01-17 00:00:00-05:00,21.020023824730924,21.42128091872864,21.020023824730924,21.406776428222656,73000,0.0,0.0
2024-01-18 00:00:00-05:00,21.551810364249608,21.552776715560352,21.310089755467168,21.484127044677734,42000,0.0,0.0
2024-01-19 00:00:00-05:00,21.60014674691837,21.899879688283015,21.397100542381402,21.870874404907227,79600,0.0,0.0
2024-01-22 00:00:00-05:00,22.073919198603857,22.48000977146861,22.073919198603857,22.470340728759766,77400,0.0,0.0
2024-01-23 00:00:00-05:00,22.663721596725704,22.663721596725704,22.209285736083984,22.209285736083984,66500,0.0,0.0
2024-01-24 00:00:00-05:00,22.392992354547463,22.7120634174679,22.344648980600716,22.625043869018555,59500,0.0,0.0
2024-01-25 00:00:00-05:00,22.895770211377247,22.895770211377247,22.194780265289133,22.538022994995117,97200,0.0,0.0
2024-01-26 00:00:00-05:00,22.63471578515344,22.63471578515344,21.532470490487484,21.74518394470215,145500,0.0,0.0
2024-01-29 00:00:00-05:00,21.81286475076091,21.96756577533369,21.658163726188125,21.938560485839844,90800,0.0,0.0
2024-01-30 00:00:00-05:00,21.97723227402321,21.986901317461644,21.69683739103445,21.841869354248047,199100,0.0,0.0
2024-01-31 00:00:00-05:00,21.455119854038834,21.909553894446343,20.96200963444002,21.116710662841797,176400,0.0,0.0
2024-02-01 00:00:00-05:00,21.194058171677643,21.368097264995942,20.304526462414145,20.710617065429688,156800,0.0,0.0
2024-02-02 00:00:00-05:00,20.275518995833778,20.734788407987953,20.246513710216135,20.478565216064453,133300,0.0,0.0
2024-02-05 00:00:00-05:00,20.187261571394558,20.36689757163917,20.022190101641048,20.245521545410156,107600,0.09,0.0
2024-02-06 00:00:00-05:00,20.23581509280224,20.391176287783132,19.789150268193527,19.934803009033203,141700,0.0,0.0
2024-02-07 00:00:00-05:00,19.973640452970233,19.99306106348035,19.439586628301512,19.82798957824707,85200,0.0,0.0
2024-02-08 00:00:00-05:00,19.769731468176165,19.944513275191714,19.7017611770149,19.866830825805664,115300,0.0,0.0
2024-02-09 00:00:00-05:00,19.973640428867768,20.22610280904057,19.633787153556252,20.196971893310547,236500,0.0,0.0
2024-02-12 00:00:00-05:00,20.196973767625582,20.954360978430863,20.196973767625582,20.7018985748291,133300,0.0,0.0
2024-02-13 00:00:00-05:00,20.041612628954784,20.226104742107996,19.740600545848036,19.954221725463867,164500,0.0,0.0
2024-02-14 00:00:00-05:00,20.187265371284877,20.39117624474762,19.90081782138374,20.332916259765625,155200,0.0,0.0
2024-02-15 00:00:00-05:00,20.50769802718603,21.027187368064126,20.50769802718603,20.8281307220459,123800,0.0,0.0
2024-02-16 00:00:00-05:00,20.633928272405928,20.82813069108448,20.48342130532748,20.682477951049805,91500,0.0,0.0
2024-02-20 00:00:00-05:00,20.39117433628487,20.629072185110793,20.255233766699405,20.420305252075195,91900,0.0,0.0
2024-02-21 00:00:00-05:00,20.44943618774414,20.47856710620109,20.22610470239542,20.44943618774414,74400,0.0,0.0
2024-02-22 00:00:00-05:00,20.352334978272495,20.493131639403806,20.172698944583438,20.44943618774414,130600,0.0,0.0
2024-02-23 00:00:00-05:00,20.48827554120241,20.68247609035825,20.24552346571909,20.5076961517334,91500,0.0,0.0
2024-02-26 00:00:00-05:00,20.43972591205151,20.614507718950634,20.21639442636998,20.313495635986328,87500,0.0,0.0
2024-02-27 00:00:00-05:00,20.381465938575364,20.565958051745127,20.09501838867423,20.332916259765625,104000,0.0,0.0
2024-02-28 00:00:00-05:00,20.090164194254466,20.3270897386775,20.012483596801758,20.012483596801758,103800,0.0,0.0
2024-02-29 00:00:00-05:00,20.352333099839605,20.7407379018781,20.080451960874285,20.23581314086914,105600,0.0,0.0
2024-03-01 00:00:00-05:00,20.10957909386955,20.255231806675535,19.75516132028074,20.11928939819336,109400,0.0,0.0
2024-03-04 00:00:00-05:00,20.196970003484875,20.522258716519868,20.031898533896484,20.148420333862305,97300,0.0,0.0
2024-03-05 00:00:00-05:00,20.109579151557217,20.69218444829894,20.109579151557217,20.47856330871582,103500,0.0,0.0
2024-03-06 00:00:00-05:00,20.430015517448677,20.701896656088756,19.9736404312148,20.362043380737305,119700,0.0,0.0
2024-03-07 00:00:00-05:00,20.60479738785634,20.738797019923762,20.33291622372132,20.45914649963379,71400,0.0,0.0
2024-03-08 00:00:00-05:00,20.643636721347622,20.789287596227343,20.497985846467902,20.5076961517334,51100,0.0,0.0
2024-03-11 00:00:00-04:00,20.439725887323707,20.565958015287706,20.41739385001349,20.45914649963379,51200,0.0,0.0
2024-03-12 00:00:00-04:00,20.362045291778628,20.459146501285343,20.19211956418052,20.274654388427734,69300,0.0,0.0
2024-03-13 00:00:00-04:00,20.255235670157226,20.527116834877813,19.983352653385108,20.15813446044922,87300,0.0,0.0
2024-03-14 00:00:00-04:00,20.02219389195975,20.02219389195975,19.61437029254481,19.711469650268555,93600,0.0,0.0
2024-03-15 00:00:00-04:00,19.633789069886905,20.065889361159073,19.633789069886905,19.7406005859375,218500,0.0,0.0
2024-03-18 00:00:00-04:00,19.62407685638029,19.730888362049598,19.38132478135104,19.400745391845703,62600,0.0,0.0
2024-03-19 00:00:00-04:00,19.391035117435013,19.68233871916418,19.391035117435013,19.5269775390625,41600,0.0,0.0
2024-03-20 00:00:00-04:00,19.42016419664261,20.478563293523724,19.386179057462577,20.245521545410156,92800,0.0,0.0
2024-03-21 00:00:00-04:00,20.274654413237812,20.459146526321184,20.172698976554187,20.41059684753418,78600,0.0,0.0
2024-03-22 00:00:00-04:00,20.48827551237665,20.48827551237665,20.061031341552734,20.061031341552734,70700,0.0,0.0
2024-03-25 00:00:00-04:00,20.148424169618877,20.294075058266056,20.051322959836913,20.090164184570312,76300,0.0,0.0
2024-03-26 00:00:00-04:00,20.17755506719527,20.245525358356534,19.75031085582965,19.866830825805664,88600,0.0,0.0
2024-03-27 00:00:00-04:00,19.905670182801842,21.022329359231673,19.905670182801842,20.983489990234375,162300,0.0,0.0
2024-03-28 00:00:00-04:00,21.032037724825976,21.09029769897461,20.83783534159562,21.09029769897461,138600,0.0,0.0
2024-04-01 00:00:00-04:00,21.129140872314263,21.129140872314263,20.478565235936912,20.5076961517334,104800,0.0,0.0
2024-04-02 00:00:00-04:00,20.17755128207539,20.37175181295572,20.109579151613534,20.264942169189453,80000,0.0,0.0
2024-04-03 00:00:00-04:00,20.022191972596755,20.235813131983033,19.97849652498918,20.061031341552734,85900,0.0,0.0
2024-04-04 00:00:00-04:00,20.32320402498332,20.42030522543972,20.022191970414692,20.13871192932129,61700,0.0,0.0
2024-04-05 00:00:00-04:00,20.002773237320284,20.226104722895357,19.973642318833804,20.109582901000977,52200,0.0,0.0
2024-04-08 00:00:00-04:00,20.255233753541606,20.468854913044478,20.20668222725594,20.4008846282959,56000,0.0,0.0
2024-04-09 00:00:00-04:00,20.527116775512695,20.614507678792013,20.42030711198916,20.527116775512695,49400,0.0,0.0
2024-04-10 00:00:00-04:00,19.90567014340028,20.002771343778356,19.12886424447837,19.46871566772461,102600,0.0,0.0
2024-04-11 00:00:00-04:00,19.61436651396259,19.682336792095786,19.35802040668815,19.66291618347168,68500,0.0,0.0
2024-04-12 00:00:00-04:00,19.50755692626597,19.76487353351979,19.468715705219395,19.604658126831055,63300,0.0,0.0
2024-04-15 00:00:00-04:00,19.7211799988331,19.7211799988331,19.36190792955947,19.59494972229004,67200,0.0,0.0
2024-04-16 00:00:00-04:00,19.429876320878975,19.55610658507794,19.245384225156158,19.420166015625,49100,0.0,0.0
2024-04-17 00:00:00-04:00,19.45900725449641,19.599802050679852,19.245384242815646,19.284225463867188,64400,0.0,0.0
2024-04-18 00:00:00-04:00,19.352197621803708,19.536689735553267,19.26480671803031,19.497848510742188,82100,0.0,0.0
2024-04-19 00:00:00-04:00,19.42016415533956,20.158130615488602,19.42016415533956,20.11928939819336,92500,0.0,0.0
2024-04-22 00:00:00-04:00,20.245525333452004,20.507698043652823,20.041612608167522,20.29407501220703,86200,0.0,0.0
2024-04-23 00:00:00-04:00,20.34262649643963,20.77957916038908,20.34262649643963,20.682477951049805,80000,0.0,0.0
2024-04-24 00:00:00-04:00,20.439725872842594,20.84754947080772,20.439725872842594,20.8087100982666,92500,0.0,0.0
2024-04-25 00:00:00-04:00,20.808710118838956,20.808710118838956,20.32320592326008,20.468856811523438,87800,0.0,0.0
2024-04-26 00:00:00-04:00,20.633928271958833,21.342763951632584,20.633928271958833,21.148563385009766,92700,0.0,0.0
2024-04-29 00:00:00-04:00,21.167978281856513,21.614643022465856,21.061168637925885,21.09029769897461,286300,0.0,0.0
2024-04-30 00:00:00-04:00,20.973783471864827,21.216535591094623,20.973783471864827,21.0417537689209,102500,0.0,0.0
2024-05-01 00:00:00-04:00,21.216533580905153,21.876819578978772,21.216533580905153,21.73116683959961,154400,0.0,0.0
2024-05-02 00:00:00-04:00,21.88653173792396,22.23609352669289,21.79914082771881,22.138992309570312,129500,0.0,0.0
2024-05-03 00:00:00-04:00,22.449714642975017,22.624494596293832,22.211816774098402,22.60507583618164,97300,0.0,0.0
2024-05-06 00:00:00-04:00,22.71229845932266,22.926750542998136,22.517344216900344,22.69280433654785,85600,0.09,0.0
2024-05-07 00:00:00-04:00,22.800028676586162,22.946246683461542,22.556334477446118,22.575830459594727,94300,0.0,0.0
2024-05-08 00:00:00-04:00,22.419865471275475,22.848767766095527,22.332135414170487,22.839019775390625,82300,0.0,0.0
2024-05-09 00:00:00-04:00,22.7415406482521,22.994982816833637,22.644062605068584,22.93649673461914,75700,0.0,0.0
2024-05-10 00:00:00-04:00,23.053474784713288,23.053474784713288,22.731798461549456,22.8585205078125,142400,0.0,0.0
2024-05-13 00:00:00-04:00,23.014477636781425,23.13144979531194,22.6830534222134,22.712295532226562,74200,0.0,0.0
2024-05-14 00:00:00-04:00,22.936497858127346,23.004731933926436,22.731793771490945,22.80002784729004,181900,0.0,0.0
2024-05-15 00:00:00-04:00,23.0339733070276,23.082713259060867,22.702550929396708,22.9852352142334,139100,0.0,0.0
2024-05-16 00:00:00-04:00,23.01448317434608,23.238681414840173,22.91213018695583,23.189943313598633,100400,0.0,0.0
2024-05-17 00:00:00-04:00,23.248427166987703,23.511617350508583,23.18019308812804,23.38489532470703,126300,0.0,0.0
2024-05-20 00:00:00-04:00,23.4336351382128,23.618841391353335,23.170444956289902,23.180192947387695,199000,0.0,0.0
2024-05-21 00:00:00-04:00,23.18994011986194,23.31666028118157,22.95111899449451,23.082714080810547,117000,0.0,0.0
2024-05-22 00:00:00-04:00,23.09246351202036,23.14120160958982,22.868263429178793,23.072967529296875,119200,0.0,0.0
2024-05-23 00:00:00-04:00,23.072967202507957,23.072967202507957,22.595326787983044,22.66356086730957,118100,0.0,0.0
2024-05-24 00:00:00-04:00,22.741542432343635,22.741542432343635,22.458858130097564,22.69280433654785,50300,0.0,0.0
2024-05-28 00:00:00-04:00,22.712301045212612,22.834148157814052,22.468606820009732,22.546588897705078,109900,0.0,0.0
2024-05-29 00:00:00-04:00,22.15667677858688,22.234658850191103,21.93247855512964,22.146928787231445,97500,0.0,0.0
2024-05-30 00:00:00-04:00,22.449110308454575,22.556334491862074,22.18592012699771,22.254154205322266,90100,0.0,0.0
2024-05-31 00:00:00-04:00,22.41011748259369,22.722045748222207,22.38087351047635,22.517343521118164,179100,0.0,0.0
2024-06-03 00:00:00-04:00,22.790279705751985,22.790279705751985,22.053349832759416,22.273649215698242,92800,0.0,0.0
2024-06-04 00:00:00-04:00,22.02995808717139,22.146930272804372,21.747271896619512,21.815505981445312,95800,0.0,0.0
2024-06-05 00:00:00-04:00,22.00071231023347,22.00071231023347,21.727775993271987,21.73752212524414,88000,0.0,0.0
2024-06-06 00:00:00-04:00,21.679037520347478,22.059199907402938,21.679037520347478,22.010461807250977,84700,0.0,0.0
2024-06-07 00:00:00-04:00,21.805759217290078,21.98121749065916,21.709255400659735,21.922731399536133,88200,0.0,0.0
2024-06-10 00:00:00-04:00,21.942225123187892,21.942225123187892,21.406096788850835,21.834999084472656,137900,0.0,0.0
2024-06-11 00:00:00-04:00,21.698531636669205,21.83499979274135,21.5718096123972,21.688783645629883,100800,0.0,0.0
2024-06-12 00:00:00-04:00,22.244405627962728,22.71229803206136,22.127433456557643,22.3223876953125,174300,0.0,0.0
2024-06-13 00:00:00-04:00,22.215160221196896,22.222957869004084,21.82524808301577,21.971466064453125,82500,0.0,0.0
2024-06-14 00:00:00-04:00,21.640044847727555,21.93247713246477,21.625421932023308,21.834999084472656,127500,0.0,0.0
2024-06-17 00:00:00-04:00,21.727775819762737,22.224910352898156,21.640045758800206,22.176172256469727,96400,0.0,0.0
2024-06-18 00:00:00-04:00,22.185920471802998,22.517344736735286,22.185920471802998,22.34188461303711,125300,0.0,0.0
2024-06-20 00:00:00-04:00,22.205416193452773,22.293146254271427,21.89348605540912,22.215164184570312,213500,0.0,0.0
2024-06-21 00:00:00-04:00,22.127435850550764,22.127435850550764,21.776515579890745,22.010461807250977,196200,0.0,0.0
2024-06-24 00:00:00-04:00,22.146925910080682,22.361377973561844,22.020205757400998,22.16642189025879,109300,0.0,0.0
2024-06-25 00:00:00-04:00,22.020208237361267,22.146928404312433,21.903234202357783,22.098190307617188,97000,0.0,0.0
2024-06-26 00:00:00-04:00,21.912983126845894,22.507597599897156,21.796010946099628,22.400371551513672,138200,0.0,0.0
2024-06-27 00:00:00-04:00,22.43936037456683,22.741540634943775,22.234656298077333,22.61482048034668,122200,0.0,0.0
2024-06-28 00:00:00-04:00,22.839018849296064,23.37514530165251,22.839018849296064,23.141199111938477,1236700,0.0,0.0
2024-07-01 00:00:00-04:00,23.07296585586326,23.287416072550215,22.936497705175114,23.238677978515625,206300,0.0,0.0
2024-07-02 00:00:00-04:00,23.32641042390374,23.628590728188943,23.248428349919195,23.531112670898438,143600,0.0,0.0
2024-07-03 00:00:00-04:00,23.599346438093157,23.599346438093157,23.111958017388325,23.121706008911133,68100,0.0,0.0
2024-07-05 00:00:00-04:00,23.02422669180772,23.05346880317384,22.566080448522218,22.653810501098633,132600,0.0,0.0
2024-07-08 00:00:00-04:00,22.88775905064222,23.014481077105437,22.634316856955,22.702552795410156,118100,0.0,0.0
2024-07-09 00:00:00-04:00,22.712298220827247,22.936498293155456,22.57583006664072,22.84876823425293,87300,0.0,0.0
2024-07-10 00:00:00-04:00,22.809774622366014,23.384893029506255,22.809774622366014,23.33615493774414,138800,0.0,0.0
2024-07-11 00:00:00-04:00,23.784553734846178,24.33042822654398,23.648085576731532,24.271942138671875,231700,0.0,0.0
2024-07-12 00:00:00-04:00,24.36942147626376,24.75933184803612,24.26707035228089,24.661853790283203,395100,0.0,0.0
2024-07-15 00:00:00-04:00,24.85680872662411,25.679520222769504,24.739834691021798,25.441675186157227,278400,0.0,0.0
2024-07-16 00:00:00-04:00,25.73410681061171,26.933081812667993,25.58301759850655,26.83560562133789,287100,0.0,0.0
2024-07-17 00:00:00-04:00,26.465191096400353,27.66904110068608,26.455443104795044,27.556941986083984,277300,0.0,0.0
2024-07-18 00:00:00-04:00,27.284000512085033,28.024831051690583,26.991568236110844,27.206018447875977,203200,0.0,0.0
2024-07-19 00:00:00-04:00,27.2157707655764,27.527699072008783,26.874598483201222,26.894094467163086,173100,0.0,0.0
2024-07-22 00:00:00-04:00,26.99156995977806,27.83962472980297,26.7478757611577,27.644670486450195,167800,0.0,0.0
2024-07-23 00:00:00-04:00,27.459459458126776,28.57070429084099,27.459459458126776,28.024829864501953,215500,0.0,0.0
2024-07-24 00:00:00-04:00,27.878617674663065,28.609700296240387,27.57643737833143,27.62517547607422,172500,0.0,0.0
2024-07-25 00:00:00-04:00,27.751894108915067,28.62431976856857,27.751894108915067,27.995588302612305,229300,0.0,0.0
2024-07-26 00:00:00-04:00,28.726672261723028,28.74616824437142,27.810383388119213,28.385501861572266,266900,0.0,0.0
2024-07-29 00:00:00-04:00,28.63894152881658,28.63894152881658,27.537444564309446,27.566688537597656,196600,0.0,0.0
2024-07-30 00:00:00-04:00,27.634921088133524,27.74214526578362,27.137784725155143,27.29374885559082,155600,0.0,0.0
2024-07-31 00:00:00-04:00,27.488707253935747,28.14180780213017,27.186525099036167,27.34248924255371,427000,0.0,0.0
2024-08-01 00:00:00-04:00,27.22551529222209,27.22551529222209,26.11427037718907,26.299476623535156,217400,0.0,0.0
2024-08-02 00:00:00-04:00,25.461171391371998,25.894946779388416,25.18823321207168,25.60738754272461,183500,0.0,0.0
2024-08-05 00:00:00-04:00,24.515636046554995,25.090754504910738,23.911275474233523,24.78857421875,206900,0.0,0.0
2024-08-06 00:00:00-04:00,24.749443257442387,25.150521054481285,24.607600035935423,24.97443962097168,179400,0.09,0.0
2024-08-07 00:00:00-04:00,25.307040981314092,25.434211216425467,24.700532046720888,24.866832733154297,172700,0.0,0.0
2024-08-08 00:00:00-04:00,25.179870249918547,25.28747713106437,24.710316003570316,25.16030502319336,128200,0.0,0.0
2024-08-09 00:00:00-04:00,25.101607194070176,25.101607194070176,24.59292257563138,24.827699661254883,117900,0.0,0.0
2024-08-12 00:00:00-04:00,24.964660884000264,25.263024091353326,24.339566193756983,24.436410903930664,169100,0.0,0.0
2024-08-13 00:00:00-04:00,24.61249071972065,25.023351134774668,24.21141291762538,24.994003295898438,313200,0.0,0.0
2024-08-14 00:00:00-04:00,25.150521571893446,25.150521571893446,24.583143076665277,24.78857421875,86500,0.0,0.0
2024-08-15 00:00:00-04:00,25.346168000505337,25.668986740592786,25.26790896853997,25.424427032470703,134200,0.0,0.0
2024-08-16 00:00:00-04:00,25.228783454405548,26.13854411197881,25.228783454405548,25.92333221435547,100000,0.0,0.0
2024-08-19 00:00:00-04:00,26.011372651244788,26.324408802526918,25.92333100046636,26.17767333984375,92200,0.0,0.0
2024-08-20 00:00:00-04:00,26.158108644274265,26.158108644274265,25.532036329016613,25.668989181518555,109100,0.0,0.0
2024-08-21 00:00:00-04:00,25.815723597568653,25.835288823085644,25.42442841644178,25.82550621032715,75100,0.0,0.0
2024-08-22 00:00:00-04:00,25.864633877538644,26.02115193314328,25.727679179502786,25.884197235107422,65900,0.0,0.0
2024-08-23 00:00:00-04:00,26.089633498722474,27.615685774995853,26.011374455473653,27.14613151550293,150700,0.0,0.0
2024-08-26 00:00:00-04:00,27.185260079196915,27.447427762553435,26.921135126912137,26.930917739868164,108500,0.0,0.0
2024-08-27 00:00:00-04:00,26.803748552003498,26.989614486694336,26.50049498076054,26.989614486694336,100700,0.0,0.0
2024-08-28 00:00:00-04:00,26.96026491691177,27.283083695506825,26.68635920528125,26.9993953704834,160500,0.0,0.0
2024-08-29 00:00:00-04:00,27.243953530322745,27.243953530322745,26.740159231893237,26.911352157592773,102300,0.0,0.0
2024-08-30 00:00:00-04:00,27.07765508589056,27.263521013297545,26.65701202873711,27.14613151550293,110400,0.0,0.0
2024-09-03 00:00:00-04:00,26.813528239098822,27.28308246573715,26.676575389456634,26.82331085205078,203200,0.0,0.0
2024-09-04 00:00:00-04:00,26.627664066610418,26.97004807895641,26.34397573581592,26.38310432434082,189300,0.0,0.0
2024-09-05 00:00:00-04:00,26.65700892283337,26.72548534446731,26.099413071422674,26.216800689697266,86700,0.0,0.0
2024-09-06 00:00:00-04:00,26.30484501478998,26.45647272516344,25.590731022404153,25.61029624938965,147200,0.0,0.0
2024-09-09 00:00:00-04:00,25.610294865507132,25.972242215966794,25.434211563838044,25.53203582763672,182700,0.0,0.0
2024-09-10 00:00:00-04:00,25.668990242487475,25.74724928512934,25.214108974055776,25.620079040527344,73800,0.0,0.0
2024-09-11 00:00:00-04:00,25.365736530297113,25.414647731958016,24.729881579491675,25.17987060546875,106100,0.0,0.0
2024-09-12 00:00:00-04:00,25.33638417833784,25.44399104184238,25.101607093653545,25.35594940185547,104500,0.0,0.0
2024-09-13 00:00:00-04:00,25.708117379316306,26.05049948054125,25.6298583467731,25.972240447998047,92000,0.0,0.0
2024-09-16 00:00:00-04:00,26.099414469205183,26.343974197191223,25.717901890616606,26.079849243164062,105100,0.0,0.0
2024-09-17 00:00:00-04:00,26.4124504340314,26.989611537227645,26.00159001931276,26.392885208129883,88300,0.0,0.0
2024-09-18 00:00:00-04:00,26.339081277224622,27.25862635312937,25.983003874858166,26.36353874206543,159800,0.0,0.0
2024-09-19 00:00:00-04:00,27.00917727160725,27.097218923978915,26.412450931275444,26.960264205932617,115500,0.0,0.0
2024-09-20 00:00:00-04:00,26.65701016027243,26.979828924276887,26.17278108134443,26.392885208129883,717600,0.0,0.0
2024-09-23 00:00:00-04:00,26.383102614431657,26.5983163678201,25.986917051771364,26.17767333984375,73100,0.0,0.0
2024-09-24 00:00:00-04:00,26.18745681972256,26.334192287263324,25.869528418515323,25.903766632080078,88700,0.0,0.0
2024-09-25 00:00:00-04:00,25.95267709889095,25.95267709889095,25.398993930335283,25.54181671142578,108500,0.0,0.0
2024-09-26 00:00:00-04:00,25.923328375101498,25.923328375101498,25.4342089717977,25.600509643554688,102600,0.0,0.0
2024-09-27 00:00:00-04:00,25.893984217808203,25.92333205787899,25.5320368528154,25.590730667114258,64700,0.0,0.0
2024-09-30 00:00:00-04:00,25.610295023437015,26.265715169334452,25.580947184363644,26.187456130981445,122900,0.0,0.0
2024-10-01 00:00:00-04:00,26.138540932384988,26.138540932384988,25.336385388279353,25.424427032470703,116700,0.0,0.0
2024-10-02 00:00:00-04:00,25.189652024040118,25.610295055403576,24.729880406372644,24.78857421875,89100,0.0,0.0
2024-10-03 00:00:00-04:00,24.72988041656082,25.02335134441115,24.612490925915097,24.896181106567383,165200,0.0,0.0
2024-10-04 00:00:00-04:00,25.307043247213443,25.448886481349398,25.023353047255977,25.101612091064453,165300,0.0,0.0
2024-10-07 00:00:00-04:00,24.935306705235984,25.06247879368514,24.720094841654436,24.837482452392578,256500,0.0,0.0
2024-10-08 00:00:00-04:00,24.99400155306518,24.99400155306518,24.65161945259669,24.680965423583984,85500,0.0,0.0
2024-10-09 00:00:00-04:00,24.544015711687276,24.92552830988837,24.319021198176,24.6418399810791,123200,0.0,0.0
2024-10-10 00:00:00-04:00,24.407061306327,24.70053223004995,24.289671817332245,24.553796768188477,104300,0.0,0.0
2024-10-11 00:00:00-04:00,24.65162237483204,25.483123992642806,24.65162237483204,25.38530158996582,95400,0.0,0.0
2024-10-14 00:00:00-04:00,25.33638558477194,25.737463359935255,25.267909164501496,25.54181671142578,86500,0.0,0.0
2024-10-15 00:00:00-04:00,25.66898968702375,26.44179934900137,25.569210016213447,25.913549423217773,144000,0.0,0.0
2024-10-16 00:00:00-04:00,26.109197768145183,26.471145130201425,25.982025661379595,26.334192276000977,88200,0.0,0.0
2024-10-17 00:00:00-04:00,26.41245028537798,26.45158073696078,26.011372485867426,26.275497436523438,74300,0.0,0.0
2024-10-18 00:00:00-04:00,26.29506309215969,26.29506309215969,25.845074054727025,25.864639282226562,78500,0.0,0.0
2024-10-21 00:00:00-04:00,25.81572606261663,25.879312118697158,25.228784167802722,25.316823959350586,166600,0.0,0.0
2024-10-22 00:00:00-04:00,25.26791355568554,26.07006924541479,25.26791355568554,26.011375427246094,251500,0.0,0.0
2024-10-23 00:00:00-04:00,25.776596891076288,26.25593375612297,25.64942478178963,26.148326873779297,209000,0.0,0.0
2024-10-24 00:00:00-04:00,26.2852783049724,26.295059051376366,25.815722246354472,25.962459564208984,356000,0.0,0.0
2024-10-25 00:00:00-04:00,26.18745596388341,26.422233077444357,25.532035822168105,26.285280227661133,313300,0.0,0.0
2024-10-28 00:00:00-04:00,26.46136129309547,27.349603132853026,26.177672984537494,27.23417091369629,184800,0.0,0.0
2024-10-29 00:00:00-04:00,27.097218417177793,27.273299852785186,26.813528239098822,26.82331085205078,119500,0.0,0.0
2024-10-30 00:00:00-04:00,26.676573841488484,27.58633626896088,26.676573841488484,27.058086395263672,116500,0.0,0.0
2024-10-31 00:00:00-04:00,27.185260789045294,27.185260789045294,26.314626871651814,26.32440948486328,139500,0.0,0.0
2024-11-01 00:00:00-04:00,26.54940312225306,26.603206560233822,26.040720312804595,26.167890548706055,85600,0.0,0.0
2024-11-04 00:00:00-05:00,25.98202638498815,26.18256529815647,25.580948558651507,25.94289779663086,118300,0.0,0.0
2024-11-05 00:00:00-05:00,25.962527671405894,26.69870518338682,25.962527671405894,26.679073333740234,118900,0.09,0.0
2024-11-06 00:00:00-05:00,28.612763463411106,31.223739361960696,28.436080574123434,31.09613609313965,841800,0.0,0.0
2024-11-07 00:00:00-05:00,30.58572376566165,30.72314297875911,29.667956258396085,29.80046844482422,423600,0.0,0.0
2024-11-08 00:00:00-05:00,30.065488899875714,30.52682800765074,29.790650492380365,30.301067352294922,200500,0.0,0.0
2024-11-11 00:00:00-05:00,30.85074327130512,31.802867303828172,30.85074327130512,31.469133377075195,160700,0.0,0.0
2024-11-12 00:00:00-05:00,31.45931743361746,31.896115779657666,31.24337270978752,31.390607833862305,158000,0.0,0.0
2024-11-13 00:00:00-05:00,31.626186905693572,31.930471212240867,30.978348976974416,30.9881649017334,165500,0.0,0.0
2024-11-14 00:00:00-05:00,31.213924581790284,31.380791553099943,30.615168167723045,30.870376586914062,139200,0.0,0.0
2024-11-15 00:00:00-05:00,31.16484793763791,31.28263716305831,30.38940672809446,30.566089630126953,118000,0.0,0.0
2024-11-18 00:00:00-05:00,30.566090550156922,31.07160039556474,30.183278832361488,30.29125213623047,125500,0.0,0.0
2024-11-19 00:00:00-05:00,29.849543400327942,30.271618797759782,29.682676426278054,30.15382957458496,94100,0.0,0.0
2024-11-20 00:00:00-05:00,29.957517003731727,30.39922238269061,29.653228954182126,30.359960556030273,161800,0.0,0.0
2024-11-21 00:00:00-05:00,30.703510520579048,31.066690375065974,30.477747995896774,30.752588272094727,140300,0.0,0.0
2024-11-22 00:00:00-05:00,30.752588658175846,31.410240646601924,30.752588658175846,31.351346969604492,145900,0.0,0.0
2024-11-25 00:00:00-05:00,31.773421017092872,32.283837885143235,31.449504852294922,31.449504852294922,154300,0.0,0.0
2024-11-26 00:00:00-05:00,31.331711966188784,31.53784262322613,31.086319485837116,31.184476852416992,125700,0.0,0.0
2024-11-27 00:00:00-05:00,31.498581515681767,31.537845214418095,30.899823215326172,30.9390869140625,139500,0.0,0.0
2024-11-29 00:00:00-05:00,31.096137452365525,31.243372575808934,30.52682693544049,30.84092903137207,98900,0.0,0.0
2024-12-02 00:00:00-05:00,31.007796936543535,31.14521613959799,30.47774822956853,30.801666259765625,93200,0.0,0.0
2024-12-03 00:00:00-05:00,30.6053524017334,30.89000672356127,30.394314705390382,30.6053524017334,80000,0.0,0.0
2024-12-04 00:00:00-05:00,30.624986173769706,30.850746834946605,30.330514036751058,30.683879852294922,115800,0.0,0.0
2024-12-05 00:00:00-05:00,30.840930180988167,31.194295988181228,30.595537675369926,30.615169525146484,74200,0.0,0.0
2024-12-06 00:00:00-05:00,31.292450585392555,31.292450585392555,30.32069651598247,30.96853256225586,84700,0.0,0.0
2024-12-09 00:00:00-05:00,30.978349606967296,31.11086178561404,30.56609011968729,30.585721969604492,84400,0.0,0.0
2024-12-10 00:00:00-05:00,30.75258967646302,30.988166264449454,30.38940793319458,30.65443229675293,93700,0.0,0.0
2024-12-11 00:00:00-05:00,31.174663543701172,31.45931787124608,30.83111366795012,31.174663543701172,177600,0.0,0.0
2024-12-12 00:00:00-05:00,31.20411120925748,31.21392526172816,30.65443066108943,30.703510284423828,107500,0.0,0.0
2024-12-13 00:00:00-05:00,30.57590509976764,30.669155447894543,30.31088075066412,30.546459197998047,72900,0.0,0.0
2024-12-16 00:00:00-05:00,30.605351931546412,30.83013154430236,30.39922126452402,30.66424560546875,89900,0.0,0.0
2024-12-17 00:00:00-05:00,30.605350590485614,30.89491379352694,29.996776412634063,30.18327522277832,133500,0.0,0.0
2024-12-18 00:00:00-05:00,30.50719776990652,30.53664554606399,28.436084318406134,28.573505401611328,216800,0.0,0.0
2024-12-19 00:00:00-05:00,29.005395311512245,29.368577067337686,28.21032406554393,28.357559204101562,115900,0.0,0.0
2024-12-20 00:00:00-05:00,28.08271825960451,29.049563435151228,28.004192734602803,28.681474685668945,236300,0.0,0.0
2024-12-23 00:00:00-05:00,28.426264835827503,28.769814692555006,28.30356859215312,28.62257957458496,98700,0.0,0.0
2024-12-24 00:00:00-05:00,28.36737235123388,28.69129037321358,28.35755642666526,28.632396697998047,63100,0.0,0.0
2024-12-26 00:00:00-05:00,28.455713372298824,28.867972837001233,28.362464898593288,28.84834098815918,60200,0.0,0.0
2024-12-27 00:00:00-05:00,28.583320553628887,28.87779081845088,28.04345590519352,28.426267623901367,114500,0.0,0.0
2024-12-30 00:00:00-05:00,28.28884841661061,28.544056853147936,27.97474630154814,28.426267623901367,105400,0.0,0.0
2024-12-31 00:00:00-05:00,28.632395454184508,28.642211378326717,28.19068822876567,28.46552848815918,146900,0.0,0.0
2025-01-02 00:00:00-05:00,28.622580823113044,28.84343444579988,27.78824595529399,27.89621925354004,98100,0.0,0.0
2025-01-03 00:00:00-05:00,27.97474501521759,28.023822766365807,27.56248554010548,27.945297241210938,106700,0.0,0.0
2025-01-06 00:00:00-05:00,27.90603631485253,28.269216178334737,27.591934204101562,27.591934204101562,130600,0.0,0.0
2025-01-07 00:00:00-05:00,27.58211551265697,27.73916655228039,26.93427950616135,27.209117889404297,143000,0.0,0.0
2025-01-08 00:00:00-05:00,26.904833207793153,27.46040180574459,26.895017283254543,27.346540451049805,141800,0.0,0.0
2025-01-10 00:00:00-05:00,26.74778408260473,26.78704778358205,26.13920982283047,26.374788284301758,121400,0.0,0.0
2025-01-13 00:00:00-05:00,26.060682236106807,26.742874945270028,26.060682236106807,26.718334197998047,129900,0.0,0.0
2025-01-14 00:00:00-05:00,26.8852013209431,27.35635633715363,26.87538539641828,27.189489364624023,139300,0.0,0.0
2025-01-15 00:00:00-05:00,28.171058511888685,28.298661782519304,27.483958793180722,27.77842903137207,133900,0.0,0.0
2025-01-16 00:00:00-05:00,27.699903740712852,27.827508884603755,27.434881273008916,27.67045783996582,100500,0.0,0.0
2025-01-17 00:00:00-05:00,27.84714081639782,28.17105883095546,27.62137830088493,27.984560012817383,91500,0.0,0.0
2025-01-21 00:00:00-05:00,28.22995374866967,28.48516217626234,28.043454922314215,28.15142822265625,78300,0.0,0.0
2025-01-22 00:00:00-05:00,28.014009648843622,28.210322532184517,27.66064383775525,27.748985290527344,146600,0.0,0.0
2025-01-23 00:00:00-05:00,27.503593498394164,27.83732746817996,27.35635836400544,27.81769561767578,226300,0.0,0.0
2025-01-24 00:00:00-05:00,28.16124237235987,29.505992154601316,28.16124237235987,28.62257957458496,283900,0.0,0.0
2025-01-27 00:00:00-05:00,28.848342865647265,29.787706112497336,28.68147588402217,28.69129180908203,246300,0.0,0.0
2025-01-28 00:00:00-05:00,28.661846882473743,28.99558085709268,28.58332135151613,28.73055648803711,169800,0.0,0.0
2025-01-29 00:00:00-05:00,28.504793979768078,29.162444088945467,28.475346205487035,28.96613121032715,116400,0.0,0.0
2025-01-30 00:00:00-05:00,29.329313949439822,29.45691911167559,28.769819288458194,29.005395889282227,89300,0.0,0.0
2025-01-31 00:00:00-05:00,29.07410519097062,29.24097217140961,28.652029777378104,28.799264907836914,133000,0.0,0.0
2025-02-03 00:00:00-05:00,28.063086103630816,28.65693549697888,27.9649287304023,28.318294525146484,109000,0.0,0.0
2025-02-04 00:00:00-05:00,28.180396723210325,28.92405891902292,28.180396723210325,28.869884490966797,77600,0.1,0.0
2025-02-05 00:00:00-05:00,29.057033995103936,29.29342997843267,28.81078794429797,29.263879776000977,87300,0.0,0.0
2025-02-06 00:00:00-05:00,29.303276344717105,29.849942809052173,29.140753069932934,29.766218185424805,125400,0.0,0.0
2025-02-07 00:00:00-05:00,29.72682181499726,29.815470538398497,28.948683438188212,29.22447967529297,88400,0.0,0.0
2025-02-10 00:00:00-05:00,29.185080347421998,29.244180750731243,28.899435912926865,28.91913604736328,75800,0.0,0.0
2025-02-11 00:00:00-05:00,28.672889823603047,29.697272384679348,28.663039756446477,29.67757225036621,80900,0.0,0.0
2025-02-12 00:00:00-05:00,29.1259822845459,29.31805390157524,28.96838496397268,29.1259822845459,112900,0.0,0.0
2025-02-13 00:00:00-05:00,29.33282870023738,29.33282870023738,28.800936356788302,29.18507957458496,76600,0.0,0.0
2025-02-14 00:00:00-05:00,29.303277662244895,29.480575104996316,28.928984522098215,29.057031631469727,63300,0.0,0.0
2025-02-18 00:00:00-05:00,28.97823343535425,29.52489993291949,28.889584712575665,29.37222671508789,106100,0.0,0.0
2025-02-19 00:00:00-05:00,29.017633029434048,29.57907558992479,29.007784840901223,29.421478271484375,77300,0.0,0.0
2025-02-20 00:00:00-05:00,29.27372746221695,29.303277662244895,28.672888424647066,29.057031631469727,91500,0.0,0.0
2025-02-21 00:00:00-05:00,29.411626790409574,29.411626790409574,28.436492724919162,28.47589111328125,117300,0.0,0.0
2025-02-24 00:00:00-05:00,28.771385858922024,28.771385858922024,28.09174815425248,28.111448287963867,119300,0.0,0.0
2025-02-25 00:00:00-05:00,28.32814272263559,28.50544015985942,28.072046633168732,28.10159683227539,131900,0.0,0.0
2025-02-26 00:00:00-05:00,27.99325097650369,28.269047228221474,27.55985740343524,27.865203857421875,102000,0.0,0.0
2025-02-27 00:00:00-05:00,27.70760190028096,27.993248190998077,27.599254926826255,27.737152099609375,153500,0.0,0.0
2025-02-28 00:00:00-05:00,27.924300775121978,28.160696743534185,27.776553529702866,28.111448287963867,160500,0.0,0.0
2025-03-03 00:00:00-05:00,28.003100169824897,28.37739332667229,27.609106878746537,27.845502853393555,116900,0.0,0.0
2025-03-04 00:00:00-05:00,27.540156702546096,27.717454155098594,26.90484333584395,27.264362335205078,174100,0.0,0.0
2025-03-05 00:00:00-05:00,27.323459998615526,27.417032816198603,26.919616648844958,27.13631248474121,210400,0.0,0.0
2025-03-06 00:00:00-05:00,26.840819274418575,26.97379236599371,26.60442329340997,26.860519409179688,134800,0.0,0.0
2025-03-07 00:00:00-05:00,27.018114828244215,27.392407968820347,26.22520230764512,26.64381980895996,81600,0.0,0.0
2025-03-10 00:00:00-04:00,26.20057839542381,26.574871540501974,25.845983505249023,25.845983505249023,144200,0.0,0.0
2025-03-11 00:00:00-04:00,25.88538397883926,26.082379680400546,25.520939018953232,25.6982364654541,138300,0.0,0.0
2025-03-12 00:00:00-04:00,25.8361351759647,26.092231294012905,24.89055124351743,25.885385513305664,111400,0.0,0.0
2025-03-13 00:00:00-04:00,26.003581404115128,26.12178032974608,25.50123925792291,25.511089324951172,90400,0.0,0.0
2025-03-14 00:00:00-04:00,25.826283314599387,26.18087820399104,25.727786404175607,26.17102813720703,144700,0.0,0.0
2025-03-17 00:00:00-04:00,26.013431020265386,26.37787597916157,25.875533841676205,26.131629943847656,138800,0.0,0.0
2025-03-18 00:00:00-04:00,25.934630994299912,26.205501243096784,25.747483491307793,25.905080795288086,153700,0.0,0.0
2025-03-19 00:00:00-04:00,25.983881129156675,26.407424615534254,25.84598394892516,26.269527435302734,108800,0.0,0.0
2025-03-20 00:00:00-04:00,25.974031404215275,26.40742305321922,25.974031404215275,26.299076080322266,213000,0.0,0.0
2025-03-21 00:00:00-04:00,26.013430981671828,26.417274328690855,25.786885080409085,26.23997688293457,449500,0.0,0.0
2025-03-24 00:00:00-04:00,26.466525623961722,26.70292160065143,26.371966481802552,26.653671264648438,118600,0.0,0.0
2025-03-25 00:00:00-04:00,26.496072984726077,26.752169086517583,26.23997688293457,26.23997688293457,101700,0.0,0.0
2025-03-26 00:00:00-04:00,26.36802343629392,26.737392454580306,26.141477555968187,26.358173370361328,74300,0.0,0.0
2025-03-27 00:00:00-04:00,26.417272921162873,26.60442042379075,26.21042716460684,26.446823120117188,99300,0.0,0.0
2025-03-28 00:00:00-04:00,26.387725746806918,26.486222656849097,25.668685904025327,25.777034759521484,72000,0.0,0.0
2025-03-31 00:00:00-04:00,25.442140516861777,25.93463259181358,25.422440382973743,25.76718521118164,133100,0.0,0.0
2025-04-01 00:00:00-04:00,25.60958870410325,26.033132202495196,25.39584806868136,26.003582000732422,225200,0.0,0.0
2025-04-02 00:00:00-04:00,25.66868764819397,26.446826065616435,25.66868764819397,26.427125930786133,142200,0.0,0.0
2025-04-03 00:00:00-04:00,25.60958740234375,25.717936257924883,24.45223180006724,24.624603271484375,347000,0.0,0.0
2025-04-04 00:00:00-04:00,23.62976785014395,23.905564068836696,23.196374328971928,23.747966766357422,324200,0.0,0.0
2025-04-07 00:00:00-04:00,23.20622678046817,24.92994909737761,22.959980735195394,23.629770278930664,351300,0.0,0.0
2025-04-08 00:00:00-04:00,24.398056899040302,24.437455286582257,22.871330398596506,23.26532554626465,305500,0.0,0.0
2025-04-09 00:00:00-04:00,23.097878822254838,24.98904844520195,22.49211192321237,24.368507385253906,302200,0.0,0.0
2025-04-10 00:00:00-04:00,24.141962273688115,24.141962273688115,22.620161653271094,23.05847930908203,211300,0.0,0.0
2025-04-11 00:00:00-04:00,22.713733304567512,23.11757664388701,22.290189831937766,22.900880813598633,165400,0.0,0.0
2025-04-14 00:00:00-04:00,23.15697634130051,23.344123845731477,22.63493409365963,23.235774993896484,190200,0.0,0.0
2025-04-15 00:00:00-04:00,23.06832793045481,23.73811742582216,23.06832793045481,23.48202133178711,145900,0.0,0.0
2025-04-16 00:00:00-04:00,23.235776126503893,23.6494695424749,23.225926059610753,23.610069274902344,177800,0.0,0.0
2025-04-17 00:00:00-04:00,23.560821310990328,23.905566144614273,23.54604714969628,23.816917419433594,151700,0.0,0.0
2025-04-21 00:00:00-04:00,23.541121398819794,23.649470259219886,23.28502528796117,23.560821533203125,175500,0.0,0.0
2025-04-22 00:00:00-04:00,23.846467401639444,24.73295471514215,23.68887007450748,24.683704376220703,152900,0.0,0.0
2025-04-23 00:00:00-04:00,25.383044270023394,25.511091394361355,24.80190341917226,24.969350814819336,125600,0.0,0.0
2025-04-24 00:00:00-04:00,25.14664732327404,25.33379296875992,24.925025502347847,25.274694442749023,192600,0.0,0.0
2025-04-25 00:00:00-04:00,25.048145451384794,25.609586076310627,24.826523657675114,25.22544288635254,189800,0.0,0.0
2025-04-28 00:00:00-04:00,25.156497907614394,25.323943421634365,24.870851581727436,25.26484489440918,249700,0.0,0.0
2025-04-29 00:00:00-04:00,25.117095363165785,25.57018716205475,25.01859657423527,25.560338973999023,186700,0.0,0.0
2025-04-30 00:00:00-04:00,25.10724571333645,25.501238996893072,24.900399943984787,25.156496047973633,178600,0.0,0.0
2025-05-01 00:00:00-04:00,25.136793974256687,25.629286010372805,24.954570568223946,25.37318992614746,133300,0.0,0.0
2025-05-02 00:00:00-04:00,25.668687574617735,26.07253094393999,25.53079038861743,26.033132553100586,137800,0.0,0.0
2025-05-05 00:00:00-04:00,25.648986462908848,26.102078240012215,25.580035998877076,25.619436264038086,141800,0.0,0.0
2025-05-06 00:00:00-04:00,25.401907880393356,25.7380952052596,25.283252753869103,25.61944007873535,213600,0.1,0.0
2025-05-07 00:00:00-04:00,25.827082592379625,26.034726678319043,25.48100722985493,25.65898895263672,151800,0.0,0.0
2025-05-08 00:00:00-04:00,25.846858410278763,26.31158891096051,25.663933578073774,26.05450439453125,116400,0.0,0.0
2025-05-09 00:00:00-04:00,26.014950627014986,26.103941488798494,25.73809184454098,25.945735931396484,160400,0.0,0.0
2025-05-12 00:00:00-04:00,27.072951921296546,27.206438218517444,26.578559066089856,26.647775650024414,238900,0.0,0.0
2025-05-13 00:00:00-04:00,26.89497262414949,26.939468057460626,26.632943123113176,26.87519645690918,93000,0.0,0.0
2025-05-14 00:00:00-04:00,26.736766405729607,26.890026983204443,26.65766173869864,26.746652603149414,111700,0.0,0.0
2025-05-15 00:00:00-04:00,26.77631901956225,26.993851213619156,26.697216232090724,26.885086059570312,99800,0.0,0.0
2025-05-16 00:00:00-04:00,26.825755739828754,26.8554199903586,26.63294282628247,26.786205291748047,135000,0.0,0.0
2025-05-19 00:00:00-04:00,26.539009191484556,26.885084574794586,26.380803625278674,26.825756072998047,126200,0.0,0.0
2025-05-20 00:00:00-04:00,26.87519645690918,26.988906589602287,26.677438556424317,26.87519645690918,135800,0.0,0.0
2025-05-21 00:00:00-04:00,26.558785590016154,26.61811220637018,26.133607419900855,26.192934036254883,139600,0.0,0.0
2025-05-22 00:00:00-04:00,26.005063431327862,26.17315707754839,25.787531253966797,25.827083587646484,115600,0.0,0.0
2025-05-23 00:00:00-04:00,25.283250542747798,25.70842870383389,25.283250542747798,25.57988739013672,127200,0.0,0.0
2025-05-27 00:00:00-04:00,25.846857586855304,26.153382511655245,25.50078410072481,26.12371826171875,119700,0.0,0.0
2025-05-28 00:00:00-04:00,26.08416699727018,26.153383583291486,25.787532029586824,25.807308197021484,115300,0.0,0.0
2025-05-29 00:00:00-04:00,25.87652176264328,25.87652176264328,25.560110641396893,25.78753089904785,87600,0.0,0.0
2025-05-30 00:00:00-04:00,25.67876445330727,25.728204870851634,25.481008441007077,25.57988739013672,109200,0.0,0.0
2025-06-02 00:00:00-04:00,25.471119367916195,25.574941411787123,25.273361477340032,25.411792755126953,99800,0.0,0.0
2025-06-03 00:00:00-04:00,25.293138812261176,25.871579443049992,25.154709414037132,25.76775550842285,125200,0.0,0.0
2025-06-04 00:00:00-04:00,25.71831568108837,25.841913890694162,25.342576067749714,25.510669708251953,135900,0.0,0.0
2025-06-05 00:00:00-04:00,25.490897931811734,25.505729114914296,25.18437298399138,25.303028106689453,117500,0.0,0.0
2025-06-06 00:00:00-04:00,25.747980611418505,26.024839401245117,25.565053898472712,26.024839401245117,107900,0.0,0.0
2025-06-09 00:00:00-04:00,26.0940531539698,26.519231292620358,25.881464084644524,26.242372512817383,155900,0.0,0.0
2025-06-10 00:00:00-04:00,26.252261188406578,26.687327451120257,26.197879555781643,26.42035484313965,92300,0.0,0.0
2025-06-11 00:00:00-04:00,25.41179305706733,26.084165743905512,24.927286407994778,25.500783920288086,1681000,0.0,0.0
2025-06-12 00:00:00-04:00,25.421680117542145,25.421680117542145,24.83829827411602,25.382129669189453,565200,0.0,0.0
2025-06-13 00:00:00-04:00,25.02616700841771,25.243701082204666,24.759196287070605,24.927288055419922,515900,0.0,0.0
2025-06-16 00:00:00-04:00,25.263473791236837,25.31785730629788,24.85807180654783,24.966838836669922,268800,0.0,0.0
2025-06-17 00:00:00-04:00,24.769079780724454,25.1250432182688,24.531771451014542,24.56143569946289,327100,0.0,0.0
2025-06-18 00:00:00-04:00,24.511998931204122,25.045942239896668,24.47244659709996,24.709754943847656,268100,0.0,0.0
2025-06-20 00:00:00-04:00,24.818521532467965,25.06571795831733,24.71964258493641,24.769081115722656,299500,0.0,0.0
2025-06-23 00:00:00-04:00,24.650428599422412,25.32280319890611,24.650428599422412,25.23381233215332,454000,0.0,0.0
2025-06-24 00:00:00-04:00,25.461233139038086,25.73809382881564,25.342578018859374,25.461233139038086,363400,0.0,0.0
2025-06-25 00:00:00-04:00,25.500783952650693,25.500783952650693,25.253587529159123,25.451343536376953,301400,0.0,0.0
2025-06-26 00:00:00-04:00,25.569999038705415,26.262147903442383,25.55516597061798,26.262147903442383,260800,0.0,0.0
2025-06-27 00:00:00-04:00,26.331361269802162,26.48956871032715,26.183043798141398,26.48956871032715,610100,0.0,0.0
2025-06-30 00:00:00-04:00,26.64777468654307,26.71204439750566,26.36102593563057,26.430240631103516,315700,0.0,0.0
2025-07-01 00:00:00-04:00,26.311589560834264,27.478357054231708,26.242374859693594,27.33992576599121,227300,0.0,0.0
2025-07-02 00:00:00-04:00,27.488241797651614,27.725552026090135,27.21138300773844,27.666223526000977,212500,0.0,0.0
2025-07-03 00:00:00-04:00,27.73543785819025,28.21994450607524,27.66128006299408,28.061737060546875,122000,0.0,0.0
2025-07-07 00:00:00-04:00,27.81454166096491,28.23971982517974,27.631616829602404,27.794767379760742,162600,0.0,0.0
2025-07-08 00:00:00-04:00,27.893645427258306,28.269385072773574,27.794768359873505,27.962862014770508,322100,0.0,0.0
2025-07-09 00:00:00-04:00,27.962860740514834,28.101290137312727,27.824429457757855,28.091402053833008,208900,0.0,0.0
2025-07-10 00:00:00-04:00,28.01229941555063,28.328710544687272,27.943084716796875,27.943084716796875,223900,0.0,0.0
2025-07-11 00:00:00-04:00,27.80465408067413,27.80465408067413,27.547569578213192,27.636560440063477,208100,0.0,0.0
2025-07-14 00:00:00-04:00,27.527795224377723,28.14084132864185,27.527795224377723,28.12106704711914,249200,0.0,0.0
2025-07-15 00:00:00-04:00,28.022187418975044,28.06668285175513,27.221271514892578,27.221271514892578,175500,0.0,0.0
2025-07-16 00:00:00-04:00,27.51790627683745,27.606897141753155,26.73676654541623,27.41902732849121,436500,0.0,0.0
2025-07-17 00:00:00-04:00,27.419027451702878,27.883757945230812,27.419027451702878,27.70577621459961,201400,0.0,0.0
2025-07-18 00:00:00-04:00,27.765102704723507,27.83431740277815,27.31026218267352,27.41902732849121,383800,0.0,0.0
2025-07-21 00:00:00-04:00,27.419026908041413,27.79476652880362,27.419026908041413,27.478355407714844,155200,0.0,0.0
2025-07-22 00:00:00-04:00,27.508016890763304,27.873868416531742,27.36958750120935,27.597007751464844,288400,0.0,0.0
2025-07-23 00:00:00-04:00,27.725549987800807,27.725549987800807,27.211381007249088,27.379474639892578,204800,0.0,0.0
2025-07-24 00:00:00-04:00,27.250933957047504,27.250933957047504,26.71699064812495,26.736766815185547,192800,0.0,0.0
2025-07-25 00:00:00-04:00,27.191607285860513,27.22621463516579,26.28686744727061,26.786205291748047,392700,0.0,0.0
2025-07-28 00:00:00-04:00,26.825756245747804,27.10261693137055,26.712046112177514,27.063066482543945,276400,0.0,0.0
2025-07-29 00:00:00-04:00,27.320147220786733,27.41902616493694,26.944409496166735,27.01362419128418,202700,0.0,0.0
2025-07-30 00:00:00-04:00,27.142169083822274,27.211383783273213,26.361027450683704,26.44013023376465,163800,0.0,0.0
2025-07-31 00:00:00-04:00,26.2127080725674,26.361025544373636,25.935847408825836,26.005062103271484,185200,0.0,0.0
2025-08-01 00:00:00-04:00,25.846856787591786,25.846856787591786,25.174482230828893,25.32280158996582,233500,0.0,0.0
2025-08-04 00:00:00-04:00,25.33268987062518,25.5897724869613,25.2239228426652,25.510669708251953,155200,0.0,0.0
2025-08-05 00:00:00-04:00,25.629787585197633,26.00698924178379,25.262514380587277,25.99706268310547,273900,0.1,0.0
2025-08-06 00:00:00-04:00,25.957355868695963,25.957355868695963,25.331997832307678,25.451112747192383,266700,0.0,0.0
2025-08-07 00:00:00-04:00,25.71912346111591,25.75882969388566,25.19302723670109,25.302217483520508,149500,0.0,0.0
2025-08-08 00:00:00-04:00,25.600009685254197,25.7191246022537,25.40148229919173,25.550376892089844,191300,0.0,0.0
2025-08-11 00:00:00-04:00,25.71912358018971,25.90772440012441,25.555340102499688,25.82831382751465,139400,0.0,0.0
2025-08-12 00:00:00-04:00,26.09632475666402,26.850724236412088,25.907723940078323,26.811019897460938,209300,0.0,0.0
2025-08-13 00:00:00-04:00,26.920211210137165,27.3073375234215,26.81102096042212,27.29741096496582,192300,0.0,0.0
2025-08-14 00:00:00-04:00,26.72168382761844,27.33711719878854,26.72168382761844,27.29741096496582,157700,0.0,0.0
2025-08-15 00:00:00-04:00,27.396674526645768,27.396674526645768,26.791167716795243,26.850725173950195,241100,0.0,0.0
2025-08-18 00:00:00-04:00,26.880505920400058,27.347042824417905,26.811021902067345,27.257705688476562,200300,0.0,0.0
2025-08-19 00:00:00-04:00,27.257704409076375,27.66468572776077,27.227926627358613,27.644832611083984,199200,0.0,0.0
2025-08-20 00:00:00-04:00,27.73417024905264,27.79372770687265,27.371859382926598,27.505863189697266,263200,0.0,0.0
2025-08-21 00:00:00-04:00,27.38674831788208,27.555496026390024,27.252742617599527,27.347042083740234,172300,0.0,0.0
2025-08-22 00:00:00-04:00,27.57534925366667,28.77643444179592,27.490974452426762,28.716876983642578,200900,0.0,0.0
2025-08-25 00:00:00-04:00,28.69702367664743,28.80621392695409,28.5084228515625,28.5084228515625,147700,0.0,0.0
2025-08-26 00:00:00-04:00,28.42901334070721,29.064299856005665,25.768756146132006,28.915403366088867,231500,0.0,0.0
2025-08-27 00:00:00-04:00,28.79628768755637,29.2330468003256,28.79628768755637,29.084150314331055,153800,0.0,0.0
2025-08-28 00:00:00-04:00,29.27275000152201,29.27275000152201,28.706949435328905,28.83599090576172,181500,0.0,0.0
2025-08-29 00:00:00-04:00,28.845917981292377,29.00473912927203,28.58783314250109,28.697023391723633,123900,0.0,0.0
2025-09-02 00:00:00-04:00,28.369455738659006,28.71687772456262,28.220561142785314,28.627540588378906,178600,0.0,0.0
2025-09-03 00:00:00-04:00,28.56798312868893,28.865772320436314,28.354566847060887,28.627540588378906,164800,0.0,0.0
2025-09-04 00:00:00-04:00,28.766508999599655,28.965036392211914,28.627540960749595,28.965036392211914,133500,0.0,0.0
2025-09-05 00:00:00-04:00,29.054372402007278,29.530835853828926,28.553091607099066,28.716876983642578,200700,0.0,0.0
2025-09-08 00:00:00-04:00,28.82606686430125,29.242970959315524,28.53820234921337,29.223119735717773,226700,0.0,0.0
2025-09-09 00:00:00-04:00,29.08415068893285,29.213194059350528,28.58783411135176,28.657320022583008,169200,0.0,0.0
2025-09-10 00:00:00-04:00,28.6672432613018,28.796286625297157,28.49849555759068,28.597759246826172,125200,0.0,0.0
2025-09-11 00:00:00-04:00,28.548130673526476,28.77643585205078,28.40916263325908,28.77643585205078,159600,0.0,0.0
2025-09-12 00:00:00-04:00,28.746654502950996,28.87569786994913,28.381365481238415,28.826066970825195,204400,0.0,0.0
2025-09-15 00:00:00-04:00,28.965036767452915,29.113931367192265,28.498497956759376,28.538204193115234,160700,0.0,0.0
2025-09-16 00:00:00-04:00,28.548128713751577,28.548128713751577,27.917806456341594,28.091516494750977,201700,0.0,0.0
2025-09-17 00:00:00-04:00,28.101443287022875,28.86577124898058,27.972401813601508,28.141149520874023,278000,0.0,0.0
2025-09-18 00:00:00-04:00,28.240413906490335,29.089114796300752,28.240413906490335,29.054372787475586,251900,0.0,0.0
2025-09-19 00:00:00-04:00,29.094075391599468,29.094075391599468,28.24041222006244,28.260263442993164,1349300,0.0,0.0
2025-09-22 00:00:00-04:00,28.081592801781753,28.46871912552251,27.987291440554397,28.05181312561035,301500,0.0,0.0
2025-09-23 00:00:00-04:00,28.02203273401404,28.563017864215684,27.932695601078176,28.061738967895508,226500,0.0,0.0
2025-09-24 00:00:00-04:00,28.141149542361003,28.29004413282163,27.922769042607808,28.061738967895508,158300,0.0,0.0
2025-09-25 00:00:00-04:00,27.99225467691044,28.23544873050431,27.892990986479358,28.170927047729492,166100,0.0,0.0
2025-09-26 00:00:00-04:00,28.210633536816097,28.468718376956264,27.972401813601508,28.141149520874023,171200,0.0,0.0
2025-09-29 00:00:00-04:00,28.21063338638337,28.21063338638337,27.664685926923372,27.773874282836914,229900,0.0,0.0
2025-09-30 00:00:00-04:00,27.843357157173788,27.87313683118275,27.217999149364356,27.525714874267578,206800,0.0,0.0
2025-10-01 00:00:00-04:00,27.30733776493561,27.376821781442473,27.044290590074652,27.26763153076172,152500,0.0,0.0
2025-10-02 00:00:00-04:00,27.237854026789616,27.3569689439337,26.920211723342092,27.158443450927734,168000,0.0,0.0
2025-10-03 00:00:00-04:00,27.227927146061173,27.63490657920127,27.02939976210615,27.42645263671875,146200,0.0,0.0
2025-10-06 00:00:00-04:00,27.72424334239276,28.17092711037991,27.495938179201723,27.932695388793945,183400,0.0,0.0
2025-10-07 00:00:00-04:00,27.952548611582102,28.111369759908342,27.456232049738247,27.535642623901367,203400,0.0,0.0
2025-10-08 00:00:00-04:00,27.714316450756233,27.76692550564908,27.35696792602539,27.35696792602539,134100,0.0,0.0
2025-10-09 00:00:00-04:00,27.337117020112093,27.376821360377868,27.029399389889576,27.088958740234375,118400,0.0,0.0
2025-10-10 00:00:00-04:00,27.22792699472995,27.376821585219947,26.19558763317742,26.21544075012207,207400,0.0,0.0
2025-10-13 00:00:00-04:00,26.562860981462745,26.562860981462745,26.101286455905754,26.50330352783203,139100,0.0,0.0
2025-10-14 00:00:00-04:00,26.38418887209782,27.46615914971415,26.38418887209782,27.317264556884766,149700,0.0,0.0
2025-10-15 00:00:00-04:00,27.47608650473278,27.47608650473278,26.840801880488446,27.069107055664062,138100,0.0,0.0
2025-10-16 00:00:00-04:00,26.78124326598563,26.935102093483003,25.381630606265905,25.53052520751953,235700,0.0,0.0
2025-10-17 00:00:00-04:00,25.719124720005013,26.096326376591165,25.525561559021515,25.99706268310547,205700,0.0,0.0
2025-10-20 00:00:00-04:00,26.165809974955966,26.731610557475545,25.96728259116429,26.662126541137695,157400,0.0,0.0
2025-10-21 00:00:00-04:00,26.543009710486967,26.801094551886006,26.543009710486967,26.74153709411621,126400,0.0,0.0
2025-10-22 00:00:00-04:00,26.850725451144594,26.994657709610927,26.56286282750938,26.74153709411621,147800,0.0,0.0
2025-10-23 00:00:00-04:00,26.741538852264846,26.741538852264846,26.304779715543816,26.45367431640625,220200,0.0,0.0
2025-10-24 00:00:00-04:00,27.79372854275107,28.10640851898032,27.14851736595385,27.942623138427734,291600,0.0,0.0
2025-10-27 00:00:00-04:00,28.190780222545797,28.190780222545797,26.99962161481135,27.009546279907227,212600,0.0,0.0
2025-10-28 00:00:00-04:00,27.15844441042095,27.361934136587294,26.632348143438374,27.118738174438477,263700,0.0,0.0
2025-10-29 00:00:00-04:00,26.97976881849284,27.297411117661674,26.592642503043002,26.74153709411621,217400,0.0,0.0
2025-10-30 00:00:00-04:00,26.453671182159546,27.237852223514395,26.413966843505957,26.60256576538086,209100,0.0,0.0
2025-10-31 00:00:00-04:00,26.38418955609489,26.607532397777756,26.19558872386296,26.543010711669922,175200,0.0,0.0
2025-11-03 00:00:00-05:00,26.463598194375678,26.72168302659455,26.274997375966233,26.70182991027832,180600,0.0,0.0
2025-11-04 00:00:00-05:00,26.452746872149298,26.801465205943096,26.33318749507613,26.781538009643555,222600,0.1,0.0
2025-11-05 00:00:00-05:00,26.90109838694505,27.3295235912395,26.79150071132685,27.050548553466797,207700,0.0,0.0
2025-11-06 00:00:00-05:00,26.940953076700836,27.1252748874411,26.846299846577516,26.960878372192383,135800,0.0,0.0
2025-11-07 00:00:00-05:00,26.940953258474945,27.18007390924483,26.891135268504964,27.160146713256836,113500,0.0,0.0
2025-11-10 00:00:00-05:00,27.568644123547216,27.568644123547216,27.01069595067501,27.339487075805664,154100,0.0,0.0
2025-11-11 00:00:00-05:00,27.319561045591957,27.583589746627744,27.21992696395289,27.36937713623047,198900,0.0,0.0
2025-11-12 00:00:00-05:00,27.329523911485342,27.648351443897596,27.329523911485342,27.399267196655273,222500,0.0,0.0
2025-11-13 00:00:00-05:00,27.349450923219614,27.578607973052854,27.065495035304078,27.19999885559082,173800,0.0,0.0
2025-11-14 00:00:00-05:00,27.10036763365808,27.473994015186296,26.851283379305936,27.4191951751709,171800,0.0,0.0
2025-11-17 00:00:00-05:00,27.41919467500176,27.429158273037537,26.39296688166059,26.43282127380371,181300,0.0,0.0
2025-11-18 00:00:00-05:00,26.4029307810643,26.69685027520761,26.343151092529297,26.343151092529297,234800,0.0,0.0
2025-11-19 00:00:00-05:00,26.34315135080974,26.801465468008338,26.318243305372782,26.642051696777344,154500,0.0,0.0
2025-11-20 00:00:00-05:00,26.911062933563265,27.24981766981573,26.761612761772366,26.831356048583984,228300,0.0,0.0
2025-11-21 00:00:00-05:00,26.98080605889178,27.792821251257127,26.965861611910746,27.508865356445312,349300,0.0,0.0
2025-11-24 00:00:00-05:00,27.439121545961022,27.528790126496578,27.219926192495027,27.349451065063477,224400,0.0,0.0
2025-11-25 00:00:00-05:00,27.75794987533405,28.345788866833892,27.349451850781552,28.24615478515625,215900,0.0,0.0
2025-11-26 00:00:00-05:00,28.016996383666992,28.18637374428589,27.957214797310705,28.016996383666992,134300,0.0,0.0
2025-11-28 00:00:00-05:00,28.016998116069757,28.016998116069757,27.728059465234015,27.817729949951172,110400,0.0,0.0
2025-12-01 00:00:00-05:00,27.71809586612599,28.295971267419436,27.71809586612599,28.256118774414062,250700,0.0,0.0
2025-12-02 00:00:00-05:00,28.395604998569826,28.614798458288096,28.146520744196405,28.295970916748047,260500,0.0,0.0
2025-12-03 00:00:00-05:00,28.295969745100624,29.093040466308594,28.23120730954377,29.093040466308594,196200,0.0,0.0
2025-12-04 00:00:00-05:00,28.92366310433357,29.323193304428564,28.92366310433357,29.093040466308594,185100,0.0,0.0
2025-12-05 00:00:00-05:00,29.192674165251965,29.372015134380593,28.973480703184794,29.083078384399414,184300,0.0,0.0
2025-12-08 00:00:00-05:00,29.112966237393962,29.43677652010876,28.978460515359906,29.20263671875,185200,0.0,0.0
2025-12-09 00:00:00-05:00,29.35208741198515,29.660953253446397,29.197656391616558,29.362051010131836,171600,0.0,0.0
2025-12-10 00:00:00-05:00,29.451720997530302,30.328498616065765,29.357069667272427,30.07941436767578,271200,0.0,0.0
2025-12-11 00:00:00-05:00,30.208937143075353,31.125567247169073,30.208937143075353,30.70710563659668,327600,0.0,0.0
2025-12-12 00:00:00-05:00,30.866519704520194,30.866519704520194,30.109303358915053,30.617435455322266,199600,0.0,0.0
2025-12-15 00:00:00-05:00,30.74695998574371,30.886446555621,30.59750791760434,30.657289505004883,198900,0.0,0.0
2025-12-16 00:00:00-05:00,30.776849574406036,30.86652005717074,30.433113990716034,30.57758331298828,184400,0.0,0.0
2025-12-17 00:00:00-05:00,30.617434722428495,30.986080238576392,30.47794815433241,30.64732551574707,169800,0.0,0.0
2025-12-18 00:00:00-05:00,30.826667394456777,30.9860811628537,30.637362831849675,30.81670379638672,153800,0.0,0.0
2025-12-19 00:00:00-05:00,30.65728888214416,30.786811851489862,30.07941351821346,30.39824104309082,350700,0.0,0.0
2025-12-22 00:00:00-05:00,30.517800785378757,30.637362058840818,29.969816207885742,29.969816207885742,204800,0.0,0.0
2025-12-23 00:00:00-05:00,29.890110580088972,30.129231236686238,29.61113553054447,29.660953521728516,178600,0.0,0.0
2025-12-24 00:00:00-05:00,29.750622528455917,30.057492977321285,29.650988451396454,29.720731735229492,147000,0.0,0.0
2025-12-26 00:00:00-05:00,29.62109868970851,29.720732770237678,29.48161211718489,29.601171493530273,109900,0.0,0.0
2025-12-29 00:00:00-05:00,29.621099303153137,29.621099303153137,29.362051448557303,29.421833038330078,183200,0.0,0.0
2025-12-30 00:00:00-05:00,29.3720140834934,29.376996832658737,29.162784227237317,29.20263671875,146000,0.0,0.0
2025-12-31 00:00:00-05:00,29.2524541802069,29.277362224497665,28.993406338786638,29.043222427368164,156900,0.0,0.0
2026-01-02 00:00:00-05:00,28.943589780194415,29.13787709613249,28.639708584250577,28.93362808227539,170900,0.0,0.0
2026-01-05 00:00:00-05:00,28.86388196345447,29.86520170424755,28.86388196345447,29.591209411621094,228200,0.0,0.0
2026-01-06 00:00:00-05:00,29.381977564232766,29.690841498581243,29.28234348530558,29.491575241088867,237500,0.0,0.0
2026-01-07 00:00:00-05:00,29.441757202148438,29.631061761756925,28.933627011158375,29.441757202148438,210700,0.0,0.0
2026-01-08 00:00:00-05:00,29.3221985330706,30.487912911767545,29.3221985330706,30.238828659057617,203700,0.0,0.0
2026-01-09 00:00:00-05:00,30.258754567033655,30.358386743585957,29.63106121272721,29.670915603637695,137700,0.0,0.0
2026-01-12 00:00:00-05:00,29.38197713132867,29.621097777013595,29.23252696532084,29.431795120239258,139000,0.0,0.0
2026-01-13 00:00:00-05:00,29.47164774661765,29.715751142497837,29.3022703842662,29.58124542236328,166200,0.0,0.0
2026-01-14 00:00:00-05:00,29.56131842243817,30.238827876329864,29.56131842243817,30.218900680541992,249800,0.0,0.0
2026-01-15 00:00:00-05:00,30.19897291686682,31.03589612059928,30.19897291686682,30.83662986755371,173400,0.0,0.0
2026-01-16 00:00:00-05:00,30.63736339314704,30.986081730539826,30.537729310983096,30.587547302246094,273900,0.0,0.0
2026-01-20 00:00:00-05:00,30.24879173259545,30.567619266476708,29.9578615129107,30.07941436767578,182600,0.0,0.0
2026-01-21 00:00:00-05:00,30.238827507388006,31.663589682683526,30.238827507388006,31.474285125732422,271900,0.0,0.0
2026-01-22 00:00:00-05:00,31.613772563524584,32.022270581619814,31.434431599412136,31.59384536743164,194700,0.0,0.0
2026-01-23 00:00:00-05:00,30.567618430562145,31.982415098380123,30.567618430562145,30.83662986755371,431600,0.0,0.0
2026-01-26 00:00:00-05:00,30.746961069770187,31.30490926931257,30.443077974370567,31.02593421936035,280600,0.0,0.0
2026-01-27 00:00:00-05:00,31.354723735395226,31.922637404121563,31.354723735395226,31.763221740722656,269200,0.0,0.0
2026-01-28 00:00:00-05:00,31.633700277916514,31.743297957861373,30.82666782654978,30.876483917236328,203200,0.0,0.0
2026-01-29 00:00:00-05:00,31.006007656847533,31.783149285093273,31.006007656847533,31.723369598388672,283500,0.0,0.0
2026-01-30 00:00:00-05:00,31.603808027620275,32.18168339463276,31.474285057583838,31.813039779663086,290800,0.0,0.0
2026-02-02 00:00:00-05:00,31.793114435497557,32.75956256962024,31.758242791520146,32.63999938964844,192300,0.0,0.0
2026-02-03 00:00:00-05:00,32.72999954223633,33.30500030517578,32.2400016784668,32.68000030517578,237000,0.12,0.0
2026-02-04 00:00:00-05:00,32.869998931884766,33.47999954223633,32.869998931884766,33.099998474121094,175800,0.0,0.0
2026-02-05 00:00:00-05:00,33.11000061035156,33.41999816894531,32.86000061035156,33.2599983215332,205400,0.0,0.0
2026-02-06 00:00:00-05:00,33.529998779296875,33.88999938964844,33.32500076293945,33.5099983215332,179100,0.0,0.0
2026-02-09 00:00:00-05:00,33.4900016784668,33.72999954223633,33.42499923706055,33.52000045776367,140600,0.0,0.0
2026-02-10 00:00:00-05:00,33.400001525878906,33.709999084472656,32.83000183105469,33.060001373291016,157900,0.0,0.0
2026-02-11 00:00:00-05:00,33.349998474121094,33.66999816894531,32.58000183105469,32.689998626708984,134300,0.0,0.0
2026-02-12 00:00:00-05:00,33.0,33.29999923706055,32.0,32.5,157200,0.0,0.0
2026-02-13 00:00:00-05:00,32.54999923706055,33.08000183105469,32.29999923706055,32.880001068115234,141500,0.0,0.0
2026-02-17 00:00:00-05:00,33.08000183105469,33.529998779296875,32.7599983215332,33.16999816894531,168800,0.0,0.0
2026-02-18 00:00:00-05:00,33.20000076293945,33.595001220703125,32.65999984741211,32.959999084472656,180700,0.0,0.0
2026-02-19 00:00:00-05:00,32.709999084472656,32.91999816894531,32.415000915527344,32.849998474121094,185200,0.0,0.0
2026-02-20 00:00:00-05:00,32.91999816894531,33.16999816894531,32.5,33.130001068115234,112100,0.0,0.0
2026-02-23 00:00:00-05:00,33.25,33.439998626708984,31.530000686645508,31.8700008392334,215200,0.0,0.0
2026-02-24 00:00:00-05:00,31.65999984741211,31.979999542236328,31.520000457763672,31.8700008392334,191600,0.0,0.0
2026-02-25 00:00:00-05:00,31.989999771118164,32.45000076293945,31.729999542236328,32.369998931884766,125400,0.0,0.0
2026-02-26 00:00:00-05:00,32.400001525878906,32.83000183105469,32.119998931884766,32.529998779296875,184900,0.0,0.0
2026-02-27 00:00:00-05:00,31.8700008392334,31.950000762939453,31.0,31.200000762939453,214200,0.0,0.0
2026-03-02 00:00:00-05:00,30.729999542236328,31.915000915527344,30.549999237060547,31.719999313354492,159100,0.0,0.0
2026-03-03 00:00:00-05:00,31.309999465942383,31.915000915527344,30.899999618530273,31.760000228881836,134300,0.0,0.0
2026-03-04 00:00:00-05:00,32.0,32.16999816894531,31.570999145507812,31.920000076293945,161100,0.0,0.0
2026-03-05 00:00:00-05:00,31.639999389648438,31.735000610351562,31.09000015258789,31.360000610351562,139400,0.0,0.0
2026-03-06 00:00:00-05:00,30.520000457763672,30.899999618530273,30.239999771118164,30.81999969482422,144700,0.0,0.0
2026-03-09 00:00:00-04:00,30.350000381469727,31.059999465942383,29.719999313354492,30.950000762939453,187800,0.0,0.0
2026-03-10 00:00:00-04:00,30.829999923706055,31.68000030517578,30.65999984741211,30.940000534057617,310200,0.0,0.0
2026-03-11 00:00:00-04:00,30.649999618530273,30.979999542236328,30.350000381469727,30.610000610351562,148900,0.0,0.0
2026-03-12 00:00:00-04:00,30.0,30.614999771118164,29.93000030517578,30.489999771118164,121800,0.0,0.0
2026-03-13 00:00:00-04:00,30.719999313354492,30.889999389648438,30.25,30.5,172400,0.0,0.0
2026-03-16 00:00:00-04:00,30.81999969482422,30.899999618530273,30.549999237060547,30.549999237060547,177200,0.0,0.0
2026-03-17 00:00:00-04:00,30.889999389648438,30.889999389648438,30.290000915527344,30.309999465942383,157800,0.0,0.0
2026-03-18 00:00:00-04:00,30.25,30.329999923706055,29.8700008392334,30.010000228881836,149400,0.0,0.0
2026-03-19 00:00:00-04:00,29.950000762939453,30.594999313354492,29.809999465942383,30.389999389648438,139400,0.0,0.0
2026-03-20 00:00:00-04:00,30.479999542236328,30.780000686645508,29.75,30.260000228881836,540800,0.0,0.0
2026-03-23 00:00:00-04:00,30.84000015258789,31.59000015258789,30.709999084472656,30.940000534057617,156700,0.0,0.0
2026-03-24 00:00:00-04:00,30.709999084472656,31.420000076293945,30.709999084472656,31.1200008392334,122200,0.0,0.0
2026-03-25 00:00:00-04:00,31.6200008392334,31.649999618530273,30.93000030517578,31.079999923706055,68449,0.0,0.0
