Date,Open,High,Low,Close,Volume,Dividends,Stock Splits
2024-04-05 00:00:00-04:00,14.5,15.989999771118164,13.899999618530273,15.399999618530273,1583000,0.0,0.0
2024-04-08 00:00:00-04:00,15.6899995803833,15.755000114440918,15.199999809265137,15.25,177000,0.0,0.0
2024-04-09 00:00:00-04:00,15.100000381469727,15.59000015258789,14.470000267028809,15.210000038146973,305700,0.0,0.0
2024-04-10 00:00:00-04:00,15.050000190734863,15.050000190734863,14.539999961853027,14.75,122200,0.0,0.0
2024-04-11 00:00:00-04:00,14.619999885559082,15.949999809265137,14.510000228881836,15.920000076293945,209000,0.0,0.0
2024-04-12 00:00:00-04:00,15.449999809265137,15.699999809265137,14.319999694824219,15.5,103200,0.0,0.0
2024-04-15 00:00:00-04:00,15.420000076293945,15.670000076293945,14.59000015258789,14.609999656677246,47100,0.0,0.0
2024-04-16 00:00:00-04:00,14.739999771118164,16.0,14.739999771118164,15.550000190734863,181500,0.0,0.0
2024-04-17 00:00:00-04:00,15.600000381469727,16.049999237060547,15.239999771118164,15.390000343322754,46400,0.0,0.0
2024-04-18 00:00:00-04:00,15.479999542236328,15.930000305175781,15.270000457763672,15.479999542236328,24400,0.0,0.0
2024-04-19 00:00:00-04:00,15.25,15.979999542236328,15.100000381469727,15.420000076293945,23800,0.0,0.0
2024-04-22 00:00:00-04:00,15.149999618530273,16.0,14.593999862670898,15.739999771118164,46200,0.0,0.0
2024-04-23 00:00:00-04:00,15.829999923706055,16.0,15.649999618530273,15.90999984741211,25500,0.0,0.0
2024-04-24 00:00:00-04:00,15.6899995803833,16.0,15.649999618530273,15.930000305175781,20900,0.0,0.0
2024-04-25 00:00:00-04:00,15.75,16.0,14.960000038146973,15.989999771118164,31200,0.0,0.0
2024-04-26 00:00:00-04:00,15.54800033569336,16.020000457763672,15.54800033569336,15.720000267028809,18900,0.0,0.0
2024-04-29 00:00:00-04:00,15.729999542236328,16.0,15.536999702453613,16.0,33400,0.0,0.0
2024-04-30 00:00:00-04:00,15.550000190734863,16.059999465942383,15.550000190734863,15.600000381469727,88100,0.0,0.0
2024-05-01 00:00:00-04:00,15.760000228881836,16.0,15.175000190734863,15.449999809265137,43400,0.0,0.0
2024-05-02 00:00:00-04:00,15.449999809265137,15.90999984741211,13.800000190734863,14.899999618530273,92600,0.0,0.0
2024-05-03 00:00:00-04:00,14.899999618530273,15.149999618530273,13.649999618530273,14.09000015258789,99600,0.0,0.0
2024-05-06 00:00:00-04:00,13.970000267028809,15.324999809265137,13.270000457763672,14.819999694824219,34600,0.0,0.0
2024-05-07 00:00:00-04:00,14.6899995803833,15.680000305175781,13.319999694824219,14.8100004196167,77400,0.0,0.0
2024-05-08 00:00:00-04:00,15.199999809265137,15.899999618530273,14.664999961853027,15.6899995803833,114200,0.0,0.0
2024-05-09 00:00:00-04:00,16.0,16.09000015258789,15.744999885559082,16.020000457763672,147200,0.0,0.0
2024-05-10 00:00:00-04:00,16.0,16.020000457763672,15.699999809265137,15.8100004196167,74900,0.0,0.0
2024-05-13 00:00:00-04:00,15.9399995803833,15.9399995803833,15.270000457763672,15.479999542236328,27700,0.0,0.0
2024-05-14 00:00:00-04:00,15.460000038146973,15.649999618530273,15.020000457763672,15.460000038146973,33900,0.0,0.0
2024-05-15 00:00:00-04:00,15.75,15.892000198364258,15.25,15.3100004196167,28600,0.0,0.0
2024-05-16 00:00:00-04:00,15.119999885559082,15.890000343322754,14.960000038146973,14.960000038146973,26300,0.0,0.0
2024-05-17 00:00:00-04:00,14.75,15.65999984741211,14.75,15.5,63000,0.0,0.0
2024-05-20 00:00:00-04:00,15.5600004196167,16.049999237060547,15.449999809265137,15.710000038146973,50700,0.0,0.0
2024-05-21 00:00:00-04:00,15.710000038146973,16.0,15.710000038146973,16.0,25300,0.0,0.0
2024-05-22 00:00:00-04:00,15.800000190734863,16.0,15.649999618530273,15.859999656677246,25300,0.0,0.0
2024-05-23 00:00:00-04:00,15.699999809265137,16.461999893188477,15.628000259399414,16.110000610351562,118200,0.0,0.0
2024-05-24 00:00:00-04:00,16.0,16.049999237060547,15.380000114440918,15.760000228881836,29300,0.0,0.0
2024-05-28 00:00:00-04:00,15.149999618530273,15.779999732971191,14.699999809265137,14.699999809265137,25100,0.0,0.0
2024-05-29 00:00:00-04:00,14.600000381469727,15.449999809265137,14.600000381469727,15.350000381469727,15200,0.0,0.0
2024-05-30 00:00:00-04:00,14.835000038146973,15.699999809265137,14.835000038146973,15.0,14400,0.0,0.0
2024-05-31 00:00:00-04:00,15.1899995803833,16.0,14.894000053405762,15.319999694824219,20100,0.0,0.0
2024-06-03 00:00:00-04:00,16.0,16.0,15.194999694824219,15.729999542236328,29200,0.0,0.0
2024-06-04 00:00:00-04:00,15.699999809265137,16.19499969482422,15.579999923706055,15.729999542236328,21400,0.0,0.0
2024-06-05 00:00:00-04:00,15.675000190734863,16.420000076293945,15.675000190734863,16.09000015258789,152400,0.0,0.0
2024-06-06 00:00:00-04:00,15.779999732971191,16.399999618530273,15.739999771118164,16.1200008392334,20300,0.0,0.0
2024-06-07 00:00:00-04:00,15.5,16.399999618530273,15.220000267028809,16.309999465942383,24200,0.0,0.0
2024-06-10 00:00:00-04:00,16.309999465942383,18.5,15.649999618530273,17.920000076293945,56000,0.0,0.0
2024-06-11 00:00:00-04:00,18.030000686645508,18.030000686645508,15.949999809265137,15.949999809265137,26800,0.0,0.0
2024-06-12 00:00:00-04:00,16.229999542236328,16.798999786376953,16.0,16.65999984741211,21200,0.0,0.0
2024-06-13 00:00:00-04:00,16.149999618530273,17.290000915527344,16.149999618530273,16.59000015258789,21000,0.0,0.0
2024-06-14 00:00:00-04:00,17.155000686645508,17.200000762939453,16.0,16.0,20900,0.0,0.0
2024-06-17 00:00:00-04:00,16.139999389648438,16.530000686645508,15.300000190734863,16.0,104400,0.0,0.0
2024-06-18 00:00:00-04:00,15.529999732971191,19.239999771118164,14.6899995803833,19.049999237060547,206400,0.0,0.0
2024-06-20 00:00:00-04:00,19.260000228881836,20.825000762939453,18.204999923706055,19.68000030517578,159700,0.0,0.0
2024-06-21 00:00:00-04:00,19.739999771118164,20.0,17.360000610351562,18.59000015258789,501600,0.0,0.0
2024-06-24 00:00:00-04:00,18.389999389648438,19.239999771118164,17.809999465942383,19.190000534057617,110000,0.0,0.0
2024-06-25 00:00:00-04:00,19.920000076293945,19.989999771118164,18.799999237060547,19.93000030517578,136100,0.0,0.0
2024-06-26 00:00:00-04:00,19.59000015258789,21.350000381469727,19.200000762939453,20.799999237060547,64400,0.0,0.0
2024-06-27 00:00:00-04:00,20.6299991607666,21.200000762939453,17.700000762939453,18.75,63800,0.0,0.0
2024-06-28 00:00:00-04:00,18.139999389648438,19.700000762939453,16.719999313354492,17.610000610351562,983300,0.0,0.0
2024-07-01 00:00:00-04:00,17.59000015258789,22.0,17.59000015258789,21.0,117000,0.0,0.0
2024-07-02 00:00:00-04:00,20.649999618530273,21.3700008392334,20.485000610351562,20.690000534057617,195300,0.0,0.0
2024-07-03 00:00:00-04:00,20.709999084472656,20.985000610351562,19.839000701904297,20.09000015258789,13500,0.0,0.0
2024-07-05 00:00:00-04:00,20.020000457763672,20.440000534057617,19.399999618530273,20.030000686645508,60900,0.0,0.0
2024-07-08 00:00:00-04:00,20.260000228881836,21.229999542236328,20.260000228881836,20.889999389648438,98800,0.0,0.0
2024-07-09 00:00:00-04:00,20.530000686645508,21.0,18.579999923706055,20.6299991607666,45700,0.0,0.0
2024-07-10 00:00:00-04:00,20.479999542236328,21.15999984741211,19.790000915527344,21.059999465942383,57000,0.0,0.0
2024-07-11 00:00:00-04:00,21.18000030517578,21.190000534057617,20.709999084472656,21.0,175700,0.0,0.0
2024-07-12 00:00:00-04:00,21.309999465942383,21.5,20.5,20.770000457763672,168000,0.0,0.0
2024-07-15 00:00:00-04:00,20.770000457763672,21.43000030517578,20.399999618530273,21.0,74100,0.0,0.0
2024-07-16 00:00:00-04:00,21.299999237060547,21.920000076293945,21.299999237060547,21.75,123900,0.0,0.0
2024-07-17 00:00:00-04:00,21.639999389648438,21.639999389648438,20.350000381469727,21.059999465942383,38500,0.0,0.0
2024-07-18 00:00:00-04:00,21.450000762939453,21.59000015258789,20.639999389648438,21.030000686645508,146200,0.0,0.0
2024-07-19 00:00:00-04:00,21.079999923706055,21.549999237060547,20.139999389648438,20.149999618530273,22300,0.0,0.0
2024-07-22 00:00:00-04:00,20.93000030517578,21.65999984741211,20.700000762939453,21.389999389648438,43400,0.0,0.0
2024-07-23 00:00:00-04:00,21.010000228881836,21.59000015258789,21.010000228881836,21.489999771118164,29900,0.0,0.0
2024-07-24 00:00:00-04:00,21.459999084472656,21.59000015258789,21.0,21.079999923706055,20900,0.0,0.0
2024-07-25 00:00:00-04:00,20.93000030517578,21.579999923706055,20.93000030517578,21.049999237060547,29700,0.0,0.0
2024-07-26 00:00:00-04:00,21.239999771118164,21.239999771118164,20.75,21.0,31700,0.0,0.0
2024-07-29 00:00:00-04:00,21.0,21.25,21.0,21.190000534057617,28900,0.0,0.0
2024-07-30 00:00:00-04:00,21.0,21.389999389648438,21.0,21.190000534057617,48100,0.0,0.0
2024-07-31 00:00:00-04:00,21.059999465942383,21.229999542236328,20.0,20.059999465942383,71600,0.0,0.0
2024-08-01 00:00:00-04:00,20.25,20.479999542236328,19.25,19.5,90200,0.0,0.0
2024-08-02 00:00:00-04:00,19.25,19.600000381469727,18.739999771118164,18.760000228881836,58900,0.0,0.0
2024-08-05 00:00:00-04:00,17.81999969482422,18.135000228881836,16.75,16.889999389648438,29700,0.0,0.0
2024-08-06 00:00:00-04:00,17.170000076293945,18.6299991607666,16.809999465942383,18.149999618530273,46000,0.0,0.0
2024-08-07 00:00:00-04:00,18.600000381469727,18.600000381469727,16.719999313354492,16.860000610351562,26900,0.0,0.0
2024-08-08 00:00:00-04:00,16.81999969482422,17.950000762939453,16.31999969482422,16.610000610351562,29200,0.0,0.0
2024-08-09 00:00:00-04:00,16.450000762939453,16.565000534057617,15.949999809265137,16.309999465942383,16600,0.0,0.0
2024-08-12 00:00:00-04:00,16.489999771118164,17.6200008392334,15.960000038146973,17.31999969482422,42600,0.0,0.0
2024-08-13 00:00:00-04:00,17.610000610351562,17.610000610351562,16.049999237060547,16.270000457763672,16500,0.0,0.0
2024-08-14 00:00:00-04:00,16.3700008392334,18.75,16.3700008392334,17.280000686645508,29800,0.0,0.0
2024-08-15 00:00:00-04:00,17.709999084472656,18.65999984741211,17.55500030517578,18.59000015258789,11000,0.0,0.0
2024-08-16 00:00:00-04:00,18.690000534057617,19.579999923706055,16.329999923706055,17.139999389648438,68500,0.0,0.0
2024-08-19 00:00:00-04:00,17.489999771118164,18.65999984741211,17.389999389648438,18.59000015258789,13400,0.0,0.0
2024-08-20 00:00:00-04:00,18.200000762939453,18.75,17.530000686645508,17.600000381469727,59900,0.0,0.0
2024-08-21 00:00:00-04:00,17.760000228881836,18.6200008392334,17.65999984741211,18.5,16500,0.0,0.0
2024-08-22 00:00:00-04:00,18.260000228881836,18.40999984741211,17.809999465942383,18.239999771118164,12900,0.0,0.0
2024-08-23 00:00:00-04:00,18.559999465942383,20.059999465942383,18.559999465942383,20.059999465942383,43900,0.0,0.0
2024-08-26 00:00:00-04:00,20.06999969482422,20.549999237060547,19.149999618530273,19.860000610351562,52200,0.0,0.0
2024-08-27 00:00:00-04:00,19.950000762939453,20.31999969482422,18.90399932861328,19.8700008392334,61000,0.0,0.0
2024-08-28 00:00:00-04:00,19.8799991607666,19.940000534057617,17.84000015258789,18.479999542236328,37700,0.0,0.0
2024-08-29 00:00:00-04:00,18.639999389648438,19.56999969482422,18.424999237060547,18.90999984741211,49100,0.0,0.0
2024-08-30 00:00:00-04:00,18.899999618530273,19.68000030517578,18.739999771118164,19.489999771118164,43800,0.0,0.0
2024-09-03 00:00:00-04:00,20.06999969482422,20.06999969482422,16.899999618530273,17.170000076293945,63300,0.0,0.0
2024-09-04 00:00:00-04:00,17.0,17.81999969482422,16.520000457763672,17.670000076293945,25400,0.0,0.0
2024-09-05 00:00:00-04:00,17.700000762939453,18.100000381469727,17.559999465942383,17.739999771118164,21500,0.0,0.0
2024-09-06 00:00:00-04:00,17.84000015258789,18.0,16.441999435424805,16.649999618530273,46500,0.0,0.0
2024-09-09 00:00:00-04:00,16.610000610351562,17.530000686645508,16.459999084472656,17.440000534057617,41100,0.0,0.0
2024-09-10 00:00:00-04:00,17.253000259399414,18.55500030517578,16.899999618530273,18.020000457763672,35100,0.0,0.0
2024-09-11 00:00:00-04:00,18.264999389648438,18.709999084472656,17.520000457763672,17.899999618530273,42500,0.0,0.0
2024-09-12 00:00:00-04:00,17.84000015258789,18.299999237060547,17.600000381469727,18.049999237060547,46500,0.0,0.0
2024-09-13 00:00:00-04:00,18.040000915527344,19.670000076293945,18.040000915527344,19.170000076293945,58700,0.0,0.0
2024-09-16 00:00:00-04:00,19.299999237060547,19.59000015258789,18.940000534057617,19.1299991607666,23600,0.0,0.0
2024-09-17 00:00:00-04:00,19.389999389648438,19.389999389648438,18.104999542236328,18.399999618530273,20200,0.0,0.0
2024-09-18 00:00:00-04:00,18.219999313354492,18.75,18.06999969482422,18.489999771118164,24000,0.0,0.0
2024-09-19 00:00:00-04:00,19.100000381469727,20.170000076293945,18.719999313354492,20.079999923706055,206200,0.0,0.0
2024-09-20 00:00:00-04:00,19.90999984741211,20.299999237060547,18.649999618530273,19.84000015258789,278200,0.0,0.0
2024-09-23 00:00:00-04:00,20.0,20.18000030517578,18.309999465942383,18.809999465942383,68100,0.0,0.0
2024-09-24 00:00:00-04:00,19.040000915527344,19.69499969482422,18.399999618530273,18.809999465942383,58300,0.0,0.0
2024-09-25 00:00:00-04:00,18.670000076293945,19.059999465942383,18.0,18.190000534057617,25800,0.0,0.0
2024-09-26 00:00:00-04:00,18.530000686645508,18.719999313354492,17.8700008392334,18.670000076293945,45400,0.0,0.0
2024-09-27 00:00:00-04:00,18.809999465942383,19.21500015258789,18.809999465942383,18.84000015258789,19300,0.0,0.0
2024-09-30 00:00:00-04:00,18.850000381469727,19.780000686645508,18.530000686645508,19.139999389648438,49000,0.0,0.0
2024-10-01 00:00:00-04:00,19.299999237060547,19.299999237060547,18.600000381469727,18.700000762939453,30300,0.0,0.0
2024-10-02 00:00:00-04:00,18.860000610351562,18.860000610351562,16.829999923706055,17.80500030517578,551100,0.0,0.0
2024-10-03 00:00:00-04:00,17.479999542236328,17.75,17.0,17.6299991607666,73400,0.0,0.0
2024-10-04 00:00:00-04:00,17.93000030517578,17.93000030517578,16.735000610351562,17.0,101200,0.0,0.0
2024-10-07 00:00:00-04:00,17.0,18.0,16.729999542236328,17.290000915527344,233600,0.0,0.0
2024-10-08 00:00:00-04:00,16.959999084472656,17.59000015258789,16.959999084472656,17.170000076293945,122900,0.0,0.0
2024-10-09 00:00:00-04:00,16.899999618530273,17.079999923706055,15.5600004196167,16.219999313354492,98300,0.0,0.0
2024-10-10 00:00:00-04:00,16.260000228881836,16.799999237060547,15.890000343322754,16.530000686645508,66700,0.0,0.0
2024-10-11 00:00:00-04:00,16.440000534057617,16.8700008392334,16.290000915527344,16.81999969482422,59900,0.0,0.0
2024-10-14 00:00:00-04:00,17.06999969482422,17.06999969482422,16.329999923706055,16.459999084472656,50400,0.0,0.0
2024-10-15 00:00:00-04:00,16.440000534057617,17.104999542236328,16.3700008392334,16.440000534057617,73000,0.0,0.0
2024-10-16 00:00:00-04:00,16.600000381469727,16.844999313354492,16.360000610351562,16.56999969482422,53900,0.0,0.0
2024-10-17 00:00:00-04:00,16.81999969482422,17.110000610351562,16.459999084472656,16.479999542236328,38100,0.0,0.0
2024-10-18 00:00:00-04:00,16.59000015258789,16.700000762939453,16.200000762939453,16.3799991607666,83100,0.0,0.0
2024-10-21 00:00:00-04:00,16.299999237060547,16.639999389648438,15.970000267028809,16.06999969482422,67000,0.0,0.0
2024-10-22 00:00:00-04:00,16.3799991607666,16.510000228881836,16.09000015258789,16.280000686645508,71600,0.0,0.0
2024-10-23 00:00:00-04:00,16.299999237060547,17.0,15.930000305175781,16.260000228881836,77500,0.0,0.0
2024-10-24 00:00:00-04:00,16.5,16.719999313354492,16.200000762939453,16.270000457763672,45600,0.0,0.0
2024-10-25 00:00:00-04:00,16.489999771118164,16.979999542236328,16.34000015258789,16.690000534057617,95800,0.0,0.0
2024-10-28 00:00:00-04:00,16.90999984741211,17.209999084472656,16.850000381469727,17.06999969482422,77900,0.0,0.0
2024-10-29 00:00:00-04:00,17.040000915527344,17.43000030517578,16.889999389648438,17.149999618530273,75100,0.0,0.0
2024-10-30 00:00:00-04:00,17.25,17.399999618530273,16.979999542236328,17.1200008392334,47800,0.0,0.0
2024-10-31 00:00:00-04:00,17.190000534057617,17.190000534057617,16.40999984741211,16.760000228881836,57000,0.0,0.0
2024-11-01 00:00:00-04:00,17.1200008392334,17.200000762939453,16.489999771118164,16.649999618530273,255100,0.0,0.0
2024-11-04 00:00:00-05:00,16.459999084472656,16.65999984741211,16.420000076293945,16.559999465942383,40300,0.0,0.0
2024-11-05 00:00:00-05:00,16.700000762939453,16.8799991607666,16.5,16.600000381469727,41600,0.0,0.0
2024-11-06 00:00:00-05:00,17.06999969482422,17.725000381469727,17.06999969482422,17.239999771118164,88400,0.0,0.0
2024-11-07 00:00:00-05:00,17.34000015258789,18.715999603271484,17.34000015258789,18.549999237060547,125100,0.0,0.0
2024-11-08 00:00:00-05:00,18.549999237060547,18.854999542236328,18.030000686645508,18.399999618530273,44400,0.0,0.0
2024-11-11 00:00:00-05:00,18.59000015258789,19.360000610351562,18.219999313354492,19.34000015258789,50700,0.0,0.0
2024-11-12 00:00:00-05:00,19.049999237060547,19.639999389648438,18.079999923706055,19.635000228881836,79100,0.0,0.0
2024-11-13 00:00:00-05:00,19.43000030517578,20.239999771118164,18.469999313354492,18.729999542236328,72300,0.0,0.0
2024-11-14 00:00:00-05:00,18.790000915527344,19.204999923706055,18.09000015258789,18.149999618530273,44400,0.0,0.0
2024-11-15 00:00:00-05:00,18.190000534057617,18.190000534057617,17.024999618530273,17.209999084472656,39500,0.0,0.0
2024-11-18 00:00:00-05:00,17.209999084472656,17.485000610351562,15.6899995803833,15.829999923706055,52700,0.0,0.0
2024-11-19 00:00:00-05:00,15.5,15.5,13.010000228881836,13.300000190734863,157300,0.0,0.0
2024-11-20 00:00:00-05:00,13.109999656677246,13.84000015258789,12.329999923706055,13.649999618530273,80000,0.0,0.0
2024-11-21 00:00:00-05:00,13.770000457763672,14.510000228881836,13.489999771118164,14.34000015258789,55400,0.0,0.0
2024-11-22 00:00:00-05:00,14.430000305175781,14.8149995803833,13.920000076293945,14.09000015258789,136700,0.0,0.0
2024-11-25 00:00:00-05:00,14.5,16.25,14.350000381469727,15.359999656677246,94900,0.0,0.0
2024-11-26 00:00:00-05:00,15.329999923706055,15.350000381469727,14.515000343322754,14.529999732971191,48800,0.0,0.0
2024-11-27 00:00:00-05:00,14.59000015258789,15.130000114440918,14.59000015258789,14.770000457763672,27500,0.0,0.0
2024-11-29 00:00:00-05:00,15.0,15.15999984741211,14.760000228881836,14.90999984741211,33000,0.0,0.0
2024-12-02 00:00:00-05:00,14.760000228881836,15.399999618530273,14.609999656677246,15.140000343322754,55600,0.0,0.0
2024-12-03 00:00:00-05:00,15.079999923706055,15.244999885559082,14.3100004196167,14.329999923706055,46300,0.0,0.0
2024-12-04 00:00:00-05:00,14.359999656677246,14.604999542236328,13.725000381469727,14.130000114440918,75100,0.0,0.0
2024-12-05 00:00:00-05:00,13.885000228881836,14.380000114440918,13.630000114440918,14.25,64600,0.0,0.0
2024-12-06 00:00:00-05:00,14.279999732971191,14.75,13.760000228881836,14.6899995803833,48400,0.0,0.0
2024-12-09 00:00:00-05:00,14.850000381469727,15.09000015258789,14.5,14.5,80600,0.0,0.0
2024-12-10 00:00:00-05:00,14.170000076293945,14.779999732971191,14.029999732971191,14.420000076293945,57300,0.0,0.0
2024-12-11 00:00:00-05:00,14.710000038146973,14.710000038146973,14.079999923706055,14.25,47100,0.0,0.0
2024-12-12 00:00:00-05:00,14.109999656677246,14.265000343322754,13.720000267028809,13.800000190734863,137800,0.0,0.0
2024-12-13 00:00:00-05:00,13.680000305175781,14.039999961853027,12.949999809265137,14.029999732971191,171300,0.0,0.0
2024-12-16 00:00:00-05:00,14.0,14.604999542236328,13.229999542236328,13.65999984741211,189900,0.0,0.0
2024-12-17 00:00:00-05:00,13.399999618530273,14.300000190734863,13.279999732971191,14.0600004196167,166800,0.0,0.0
2024-12-18 00:00:00-05:00,14.050000190734863,14.279999732971191,13.420000076293945,13.75,214200,0.0,0.0
2024-12-19 00:00:00-05:00,13.6899995803833,13.859999656677246,12.640000343322754,13.350000381469727,193800,0.0,0.0
2024-12-20 00:00:00-05:00,13.109999656677246,13.869999885559082,13.0,13.5,796700,0.0,0.0
2024-12-23 00:00:00-05:00,13.15999984741211,14.28499984741211,13.010000228881836,14.140000343322754,60500,0.0,0.0
2024-12-24 00:00:00-05:00,14.149999618530273,14.565999984741211,14.079999923706055,14.40999984741211,44200,0.0,0.0
2024-12-26 00:00:00-05:00,14.229999542236328,14.770000457763672,13.8100004196167,14.539999961853027,45200,0.0,0.0
2024-12-27 00:00:00-05:00,14.420000076293945,14.770000457763672,14.180000305175781,14.399999618530273,51400,0.0,0.0
2024-12-30 00:00:00-05:00,14.229999542236328,14.539999961853027,13.979999542236328,14.470000267028809,70800,0.0,0.0
2024-12-31 00:00:00-05:00,14.640000343322754,14.970000267028809,13.9399995803833,14.649999618530273,111200,0.0,0.0
2025-01-02 00:00:00-05:00,14.829999923706055,15.020000457763672,14.25,14.479999542236328,76300,0.0,0.0
2025-01-03 00:00:00-05:00,14.119999885559082,14.699999809265137,13.720000267028809,14.520000457763672,55100,0.0,0.0
2025-01-06 00:00:00-05:00,14.399999618530273,15.25,14.149999618530273,14.220000267028809,60600,0.0,0.0
2025-01-07 00:00:00-05:00,14.270000457763672,14.899999618530273,13.645000457763672,13.770000457763672,94000,0.0,0.0
2025-01-08 00:00:00-05:00,13.619999885559082,13.619999885559082,12.989999771118164,13.369999885559082,198400,0.0,0.0
2025-01-10 00:00:00-05:00,12.9399995803833,13.569999694824219,12.8149995803833,13.289999961853027,164400,0.0,0.0
2025-01-13 00:00:00-05:00,13.079999923706055,13.380000114440918,12.949999809265137,13.229999542236328,154400,0.0,0.0
2025-01-14 00:00:00-05:00,13.3100004196167,13.399999618530273,12.569999694824219,12.770000457763672,88100,0.0,0.0
2025-01-15 00:00:00-05:00,13.100000381469727,13.5649995803833,12.850000381469727,12.960000038146973,70300,0.0,0.0
2025-01-16 00:00:00-05:00,12.800000190734863,13.305000305175781,12.1899995803833,12.479999542236328,57100,0.0,0.0
2025-01-17 00:00:00-05:00,12.640000343322754,12.762999534606934,12.289999961853027,12.4399995803833,102100,0.0,0.0
2025-01-21 00:00:00-05:00,12.40999984741211,12.524999618530273,11.25,11.279999732971191,62500,0.0,0.0
2025-01-22 00:00:00-05:00,11.279999732971191,11.755000114440918,11.149999618530273,11.210000038146973,54900,0.0,0.0
2025-01-23 00:00:00-05:00,11.180000305175781,11.479999542236328,11.079999923706055,11.279999732971191,57900,0.0,0.0
2025-01-24 00:00:00-05:00,11.239999771118164,11.619999885559082,11.140000343322754,11.180000305175781,44400,0.0,0.0
2025-01-27 00:00:00-05:00,11.050000190734863,11.300000190734863,10.760000228881836,10.779999732971191,34800,0.0,0.0
2025-01-28 00:00:00-05:00,10.800000190734863,10.800000190734863,10.460000038146973,10.470000267028809,50700,0.0,0.0
2025-01-29 00:00:00-05:00,10.380000114440918,10.869999885559082,10.220000267028809,10.350000381469727,64300,0.0,0.0
2025-01-30 00:00:00-05:00,10.390000343322754,10.670000076293945,10.039999961853027,10.220000267028809,44100,0.0,0.0
2025-01-31 00:00:00-05:00,10.010000228881836,10.390000343322754,9.760000228881836,9.789999961853027,42900,0.0,0.0
2025-02-03 00:00:00-05:00,9.479999542236328,9.539999961853027,9.194999694824219,9.369999885559082,47900,0.0,0.0
2025-02-04 00:00:00-05:00,9.380000114440918,9.399999618530273,8.960000038146973,9.300000190734863,79000,0.0,0.0
2025-02-05 00:00:00-05:00,9.359999656677246,9.694999694824219,9.15999984741211,9.520000457763672,155500,0.0,0.0
2025-02-06 00:00:00-05:00,9.640000343322754,9.729999542236328,9.369999885559082,9.470000267028809,50300,0.0,0.0
2025-02-07 00:00:00-05:00,9.380000114440918,9.399999618530273,8.3100004196167,8.40999984741211,44400,0.0,0.0
2025-02-10 00:00:00-05:00,8.390000343322754,9.0,8.229999542236328,8.25,41700,0.0,0.0
2025-02-11 00:00:00-05:00,8.180000305175781,8.399999618530273,7.75,7.880000114440918,84100,0.0,0.0
2025-02-12 00:00:00-05:00,7.710000038146973,8.279999732971191,7.710000038146973,7.789999961853027,46500,0.0,0.0
2025-02-13 00:00:00-05:00,7.800000190734863,7.90500020980835,7.679999828338623,7.690000057220459,27600,0.0,0.0
2025-02-14 00:00:00-05:00,7.789999961853027,8.118000030517578,7.534999847412109,7.730000019073486,48800,0.0,0.0
2025-02-18 00:00:00-05:00,7.809999942779541,7.96999979019165,7.320000171661377,7.360000133514404,30000,0.0,0.0
2025-02-19 00:00:00-05:00,7.269999980926514,7.489999771118164,7.039999961853027,7.409999847412109,34300,0.0,0.0
2025-02-20 00:00:00-05:00,7.300000190734863,8.130000114440918,7.059999942779541,7.900000095367432,86800,0.0,0.0
2025-02-21 00:00:00-05:00,8.010000228881836,8.145000457763672,7.409999847412109,7.590000152587891,65700,0.0,0.0
2025-02-24 00:00:00-05:00,7.650000095367432,7.801000118255615,7.25,7.639999866485596,42300,0.0,0.0
2025-02-25 00:00:00-05:00,7.699999809265137,7.75,7.510000228881836,7.53000020980835,40200,0.0,0.0
2025-02-26 00:00:00-05:00,7.53000020980835,7.769999980926514,7.304999828338623,7.320000171661377,17600,0.0,0.0
2025-02-27 00:00:00-05:00,7.300000190734863,7.5,7.119999885559082,7.139999866485596,30400,0.0,0.0
2025-02-28 00:00:00-05:00,7.119999885559082,7.409999847412109,6.909999847412109,7.039999961853027,44800,0.0,0.0
2025-03-03 00:00:00-05:00,7.039999961853027,7.449999809265137,6.489999771118164,6.590000152587891,56600,0.0,0.0
2025-03-04 00:00:00-05:00,6.789999961853027,6.789999961853027,6.210000038146973,6.25,60500,0.0,0.0
2025-03-05 00:00:00-05:00,6.25,6.440000057220459,5.920000076293945,6.099999904632568,74700,0.0,0.0
2025-03-06 00:00:00-05:00,6.0,6.650000095367432,5.96999979019165,6.440000057220459,53900,0.0,0.0
2025-03-07 00:00:00-05:00,6.400000095367432,6.78000020980835,6.320000171661377,6.769999980926514,42500,0.0,0.0
2025-03-10 00:00:00-04:00,6.599999904632568,7.440000057220459,6.539999961853027,7.400000095367432,38300,0.0,0.0
2025-03-11 00:00:00-04:00,7.5,7.880000114440918,7.025000095367432,7.570000171661377,50200,0.0,0.0
2025-03-12 00:00:00-04:00,7.579999923706055,7.849999904632568,7.25,7.559999942779541,37900,0.0,0.0
2025-03-13 00:00:00-04:00,7.559999942779541,7.75,6.989999771118164,7.139999866485596,27400,0.0,0.0
2025-03-14 00:00:00-04:00,7.179999828338623,7.276000022888184,6.420000076293945,6.670000076293945,61600,0.0,0.0
2025-03-17 00:00:00-04:00,6.840000152587891,7.300000190734863,6.809999942779541,7.059999942779541,61900,0.0,0.0
2025-03-18 00:00:00-04:00,7.0,7.53000020980835,6.730000019073486,7.489999771118164,146100,0.0,0.0
2025-03-19 00:00:00-04:00,7.340000152587891,7.590000152587891,7.067999839782715,7.489999771118164,28900,0.0,0.0
2025-03-20 00:00:00-04:00,7.369999885559082,7.599999904632568,6.9629998207092285,7.150000095367432,28300,0.0,0.0
2025-03-21 00:00:00-04:00,7.059999942779541,7.519999980926514,6.949999809265137,7.170000076293945,134800,0.0,0.0
2025-03-24 00:00:00-04:00,7.239999771118164,7.880000114440918,7.179999828338623,7.760000228881836,26600,0.0,0.0
2025-03-25 00:00:00-04:00,7.985000133514404,7.994999885559082,7.534999847412109,7.909999847412109,40400,0.0,0.0
2025-03-26 00:00:00-04:00,7.75,7.75,7.130000114440918,7.28000020980835,36200,0.0,0.0
2025-03-27 00:00:00-04:00,7.440000057220459,7.650000095367432,7.130000114440918,7.449999809265137,30600,0.0,0.0
2025-03-28 00:00:00-04:00,7.550000190734863,7.574999809265137,7.005000114440918,7.070000171661377,48900,0.0,0.0
2025-03-31 00:00:00-04:00,7.0,7.199999809265137,6.822000026702881,6.980000019073486,77500,0.0,0.0
2025-04-01 00:00:00-04:00,6.960000038146973,6.960000038146973,6.380000114440918,6.460000038146973,24700,0.0,0.0
2025-04-02 00:00:00-04:00,6.340000152587891,6.973999977111816,6.340000152587891,6.78000020980835,31000,0.0,0.0
2025-04-03 00:00:00-04:00,6.519999980926514,6.949999809265137,6.110000133514404,6.130000114440918,87600,0.0,0.0
2025-04-04 00:00:00-04:00,5.909999847412109,6.150000095367432,5.590000152587891,5.800000190734863,69500,0.0,0.0
2025-04-07 00:00:00-04:00,5.539999961853027,5.900000095367432,5.25,5.369999885559082,105300,0.0,0.0
2025-04-08 00:00:00-04:00,5.539999961853027,5.75,4.760000228881836,4.789999961853027,52000,0.0,0.0
2025-04-09 00:00:00-04:00,4.75,4.791999816894531,4.150000095367432,4.619999885559082,168600,0.0,0.0
2025-04-10 00:00:00-04:00,4.519999980926514,4.574999809265137,4.034999847412109,4.130000114440918,85600,0.0,0.0
2025-04-11 00:00:00-04:00,4.235000133514404,4.239999771118164,3.9100000858306885,4.010000228881836,66600,0.0,0.0
2025-04-14 00:00:00-04:00,4.210000038146973,4.210000038146973,3.9100000858306885,3.990000009536743,104600,0.0,0.0
2025-04-15 00:00:00-04:00,3.990000009536743,4.375,3.990000009536743,4.110000133514404,88600,0.0,0.0
2025-04-16 00:00:00-04:00,4.03000020980835,4.570000171661377,3.8499999046325684,4.380000114440918,174700,0.0,0.0
2025-04-17 00:00:00-04:00,4.369999885559082,4.880000114440918,4.300000190734863,4.619999885559082,139500,0.0,0.0
2025-04-21 00:00:00-04:00,4.610000133514404,5.0,4.34499979019165,4.949999809265137,153600,0.0,0.0
2025-04-22 00:00:00-04:00,5.0,5.255000114440918,4.849999904632568,4.900000095367432,63000,0.0,0.0
2025-04-23 00:00:00-04:00,5.090000152587891,5.25,4.71999979019165,4.739999771118164,52200,0.0,0.0
2025-04-24 00:00:00-04:00,4.800000190734863,4.800000190734863,4.46999979019165,4.519999980926514,58700,0.0,0.0
2025-04-25 00:00:00-04:00,4.519999980926514,4.610000133514404,4.355000019073486,4.409999847412109,48200,0.0,0.0
2025-04-28 00:00:00-04:00,4.449999809265137,4.510000228881836,4.309999942779541,4.5,51300,0.0,0.0
2025-04-29 00:00:00-04:00,4.489999771118164,4.760000228881836,4.300000190734863,4.409999847412109,43600,0.0,0.0
2025-04-30 00:00:00-04:00,4.340000152587891,4.429999828338623,4.099999904632568,4.110000133514404,46700,0.0,0.0
2025-05-01 00:00:00-04:00,4.099999904632568,4.099999904632568,3.690000057220459,3.9700000286102295,135400,0.0,0.0
2025-05-02 00:00:00-04:00,4.03000020980835,4.289999961853027,3.930000066757202,4.099999904632568,148400,0.0,0.0
2025-05-05 00:00:00-04:00,4.0,4.070000171661377,3.7149999141693115,3.9700000286102295,113100,0.0,0.0
2025-05-06 00:00:00-04:00,3.9200000762939453,4.079999923706055,3.744999885559082,3.819999933242798,64400,0.0,0.0
2025-05-07 00:00:00-04:00,3.9600000381469727,4.039999961853027,3.640000104904175,3.990000009536743,58100,0.0,0.0
2025-05-08 00:00:00-04:00,3.9200000762939453,4.164999961853027,3.869999885559082,3.950000047683716,98700,0.0,0.0
2025-05-09 00:00:00-04:00,3.9000000953674316,3.9000000953674316,3.744999885559082,3.869999885559082,56400,0.0,0.0
2025-05-12 00:00:00-04:00,4.050000190734863,4.09499979019165,3.7300000190734863,3.8299999237060547,67600,0.0,0.0
2025-05-13 00:00:00-04:00,3.8499999046325684,3.938999891281128,3.7100000381469727,3.809999942779541,67900,0.0,0.0
2025-05-14 00:00:00-04:00,3.799999952316284,4.429999828338623,3.75,3.8399999141693115,119000,0.0,0.0
2025-05-15 00:00:00-04:00,3.8399999141693115,4.090000152587891,3.619999885559082,3.940000057220459,90300,0.0,0.0
2025-05-16 00:00:00-04:00,3.869999885559082,3.990000009536743,3.490000009536743,3.509999990463257,126700,0.0,0.0
2025-05-19 00:00:00-04:00,3.509999990463257,4.400000095367432,3.424999952316284,4.369999885559082,202000,0.0,0.0
2025-05-20 00:00:00-04:00,4.369999885559082,4.369999885559082,3.7850000858306885,3.8299999237060547,158300,0.0,0.0
2025-05-21 00:00:00-04:00,3.759999990463257,4.114999771118164,3.6700000762939453,3.8550000190734863,83200,0.0,0.0
2025-05-22 00:00:00-04:00,3.8499999046325684,4.010000228881836,3.7100000381469727,3.9100000858306885,131700,0.0,0.0
2025-05-23 00:00:00-04:00,3.8499999046325684,3.8499999046325684,3.505000114440918,3.565000057220459,106100,0.0,0.0
2025-05-27 00:00:00-04:00,3.5799999237060547,3.5999999046325684,3.505000114440918,3.505000114440918,72400,0.0,0.0
2025-05-28 00:00:00-04:00,3.5,3.6059999465942383,3.3499999046325684,3.4000000953674316,135500,0.0,0.0
2025-05-29 00:00:00-04:00,3.4000000953674316,3.625,3.3499999046325684,3.569999933242798,81100,0.0,0.0
2025-05-30 00:00:00-04:00,3.569999933242798,3.684999942779541,3.424999952316284,3.6600000858306885,58800,0.0,0.0
2025-06-02 00:00:00-04:00,3.75,4.699999809265137,3.75,4.429999828338623,154900,0.0,0.0
2025-06-03 00:00:00-04:00,4.420000076293945,4.760000228881836,4.159999847412109,4.739999771118164,571900,0.0,0.0
2025-06-04 00:00:00-04:00,4.679999828338623,4.760000228881836,4.386000156402588,4.409999847412109,87100,0.0,0.0
2025-06-05 00:00:00-04:00,4.420000076293945,4.420000076293945,4.110000133514404,4.150000095367432,50000,0.0,0.0
2025-06-06 00:00:00-04:00,4.159999847412109,4.764999866485596,3.9800000190734863,4.75,67700,0.0,0.0
2025-06-09 00:00:00-04:00,4.800000190734863,4.800000190734863,4.429999828338623,4.480000019073486,56800,0.0,0.0
2025-06-10 00:00:00-04:00,4.489999771118164,5.019999980926514,4.489999771118164,4.880000114440918,103500,0.0,0.0
2025-06-11 00:00:00-04:00,4.96999979019165,4.96999979019165,4.460000038146973,4.570000171661377,118200,0.0,0.0
2025-06-12 00:00:00-04:00,4.619999885559082,4.879000186920166,4.440000057220459,4.630000114440918,115400,0.0,0.0
2025-06-13 00:00:00-04:00,4.519999980926514,4.619999885559082,4.182000160217285,4.429999828338623,145200,0.0,0.0
2025-06-16 00:00:00-04:00,4.429999828338623,4.519999980926514,4.160999774932861,4.289999961853027,71500,0.0,0.0
2025-06-17 00:00:00-04:00,4.239999771118164,4.489999771118164,3.9110000133514404,3.930000066757202,67000,0.0,0.0
2025-06-18 00:00:00-04:00,3.9700000286102295,4.050000190734863,3.569999933242798,3.6500000953674316,68500,0.0,0.0
2025-06-20 00:00:00-04:00,3.7100000381469727,4.869999885559082,3.7100000381469727,4.760000228881836,297700,0.0,0.0
2025-06-23 00:00:00-04:00,4.760000228881836,4.880000114440918,4.090000152587891,4.119999885559082,188800,0.0,0.0
2025-06-24 00:00:00-04:00,4.150000095367432,4.760000228881836,4.150000095367432,4.53000020980835,135100,0.0,0.0
2025-06-25 00:00:00-04:00,4.050000190734863,4.639999866485596,3.690000057220459,4.590000152587891,367000,0.0,0.0
2025-06-26 00:00:00-04:00,4.590000152587891,4.639999866485596,3.859999895095825,4.010000228881836,225100,0.0,0.0
2025-06-27 00:00:00-04:00,4.0,4.349999904632568,3.9700000286102295,4.110000133514404,1306100,0.0,0.0
2025-06-30 00:00:00-04:00,4.090000152587891,4.114999771118164,3.7799999713897705,3.9700000286102295,160700,0.0,0.0
2025-07-01 00:00:00-04:00,3.9000000953674316,4.099999904632568,3.799999952316284,3.8499999046325684,293300,0.0,0.0
2025-07-02 00:00:00-04:00,3.8499999046325684,4.199999809265137,3.8499999046325684,4.0,282800,0.0,0.0
2025-07-03 00:00:00-04:00,4.019999980926514,4.065999984741211,3.859999895095825,3.880000114440918,143900,0.0,0.0
2025-07-07 00:00:00-04:00,3.880000114440918,3.986999988555908,3.75,3.809999942779541,66100,0.0,0.0
2025-07-08 00:00:00-04:00,3.8299999237060547,3.9600000381469727,3.825000047683716,3.9200000762939453,73200,0.0,0.0
2025-07-09 00:00:00-04:00,3.930000066757202,4.190000057220459,3.9000000953674316,4.010000228881836,191300,0.0,0.0
2025-07-10 00:00:00-04:00,4.050000190734863,4.083000183105469,3.859999895095825,4.03000020980835,114700,0.0,0.0
2025-07-11 00:00:00-04:00,4.019999980926514,4.03000020980835,3.890000104904175,3.9200000762939453,58200,0.0,0.0
2025-07-14 00:00:00-04:00,3.940000057220459,4.019999980926514,3.7200000286102295,3.7300000190734863,182300,0.0,0.0
2025-07-15 00:00:00-04:00,3.8499999046325684,3.9200000762939453,3.7699999809265137,3.7699999809265137,118900,0.0,0.0
2025-07-16 00:00:00-04:00,3.9100000858306885,3.9100000858306885,3.7200000286102295,3.8299999237060547,115100,0.0,0.0
2025-07-17 00:00:00-04:00,3.8399999141693115,4.03000020980835,3.799999952316284,3.8399999141693115,146900,0.0,0.0
2025-07-18 00:00:00-04:00,3.869999885559082,4.409999847412109,3.859999895095825,4.349999904632568,2477500,0.0,0.0
2025-07-21 00:00:00-04:00,4.730000019073486,5.730000019073486,4.670000076293945,5.650000095367432,787300,0.0,0.0
2025-07-22 00:00:00-04:00,5.699999809265137,5.699999809265137,4.760000228881836,5.179999828338623,336700,0.0,0.0
2025-07-23 00:00:00-04:00,5.239999771118164,5.565000057220459,5.150000095367432,5.5,129200,0.0,0.0
2025-07-24 00:00:00-04:00,5.489999771118164,5.949999809265137,5.385000228881836,5.699999809265137,183800,0.0,0.0
2025-07-25 00:00:00-04:00,5.650000095367432,5.949999809265137,5.309999942779541,5.769999980926514,164800,0.0,0.0
2025-07-28 00:00:00-04:00,5.760000228881836,5.829999923706055,5.343999862670898,5.510000228881836,129100,0.0,0.0
2025-07-29 00:00:00-04:00,5.460000038146973,5.579999923706055,5.110000133514404,5.199999809265137,183100,0.0,0.0
2025-07-30 00:00:00-04:00,5.309999942779541,6.03000020980835,5.199999809265137,6.010000228881836,300200,0.0,0.0
2025-07-31 00:00:00-04:00,6.019999980926514,6.449999809265137,5.829999923706055,5.900000095367432,229000,0.0,0.0
2025-08-01 00:00:00-04:00,5.769999980926514,6.052000045776367,5.070000171661377,5.960000038146973,262500,0.0,0.0
2025-08-04 00:00:00-04:00,6.010000228881836,6.010000228881836,5.710000038146973,5.800000190734863,88100,0.0,0.0
2025-08-05 00:00:00-04:00,5.789999961853027,6.130000114440918,5.710000038146973,6.0,127300,0.0,0.0
2025-08-06 00:00:00-04:00,6.179999828338623,6.429999828338623,5.831999778747559,6.329999923706055,191400,0.0,0.0
2025-08-07 00:00:00-04:00,6.429999828338623,6.949999809265137,6.320000171661377,6.730000019073486,208600,0.0,0.0
2025-08-08 00:00:00-04:00,6.800000190734863,6.800000190734863,6.25,6.46999979019165,183800,0.0,0.0
2025-08-11 00:00:00-04:00,6.489999771118164,6.7779998779296875,6.190999984741211,6.429999828338623,107800,0.0,0.0
2025-08-12 00:00:00-04:00,6.510000228881836,6.889999866485596,6.230000019073486,6.75,82500,0.0,0.0
2025-08-13 00:00:00-04:00,6.760000228881836,7.199999809265137,6.650000095367432,6.949999809265137,80500,0.0,0.0
2025-08-14 00:00:00-04:00,6.829999923706055,7.300000190734863,6.559999942779541,7.260000228881836,74400,0.0,0.0
2025-08-15 00:00:00-04:00,7.260000228881836,7.440000057220459,7.199999809265137,7.380000114440918,70100,0.0,0.0
2025-08-18 00:00:00-04:00,7.440000057220459,8.890000343322754,7.260000228881836,8.100000381469727,335200,0.0,0.0
2025-08-19 00:00:00-04:00,8.180000305175781,9.479999542236328,8.118000030517578,9.300000190734863,533100,0.0,0.0
2025-08-20 00:00:00-04:00,9.399999618530273,9.489999771118164,8.539999961853027,8.869999885559082,454900,0.0,0.0
2025-08-21 00:00:00-04:00,8.890000343322754,10.399999618530273,8.65999984741211,10.039999961853027,316500,0.0,0.0
2025-08-22 00:00:00-04:00,10.239999771118164,10.670000076293945,9.829999923706055,9.9399995803833,214800,0.0,0.0
2025-08-25 00:00:00-04:00,9.779999732971191,10.5,9.71500015258789,10.390000343322754,226400,0.0,0.0
2025-08-26 00:00:00-04:00,10.5,10.800000190734863,9.399999618530273,9.800000190734863,176500,0.0,0.0
2025-08-27 00:00:00-04:00,9.760000228881836,10.255000114440918,9.319999694824219,10.010000228881836,1130300,0.0,0.0
2025-08-28 00:00:00-04:00,10.09000015258789,10.880000114440918,9.869999885559082,10.050000190734863,212400,0.0,0.0
2025-08-29 00:00:00-04:00,10.130000114440918,10.5600004196167,9.850000381469727,10.449999809265137,155700,0.0,0.0
2025-09-02 00:00:00-04:00,10.430000305175781,11.631999969482422,10.210000038146973,11.170000076293945,202700,0.0,0.0
2025-09-03 00:00:00-04:00,11.1899995803833,11.53499984741211,10.449999809265137,10.579999923706055,169700,0.0,0.0
2025-09-04 00:00:00-04:00,10.460000038146973,11.15999984741211,10.300000190734863,10.989999771118164,123300,0.0,0.0
2025-09-05 00:00:00-04:00,11.050000190734863,11.59000015258789,10.744999885559082,11.5,121200,0.0,0.0
2025-09-08 00:00:00-04:00,11.569999694824219,13.255000114440918,11.545999526977539,12.130000114440918,356600,0.0,0.0
2025-09-09 00:00:00-04:00,12.289999961853027,12.779999732971191,11.890000343322754,12.520000457763672,266700,0.0,0.0
2025-09-10 00:00:00-04:00,12.279999732971191,12.604999542236328,11.744999885559082,11.795000076293945,205300,0.0,0.0
2025-09-11 00:00:00-04:00,11.75,12.29699993133545,11.5,11.8100004196167,159500,0.0,0.0
2025-09-12 00:00:00-04:00,11.8100004196167,12.545000076293945,11.319999694824219,12.354999542236328,198600,0.0,0.0
2025-09-15 00:00:00-04:00,12.380000114440918,13.09000015258789,12.142000198364258,12.390000343322754,261800,0.0,0.0
2025-09-16 00:00:00-04:00,12.390000343322754,12.5600004196167,11.640000343322754,11.875,149900,0.0,0.0
2025-09-17 00:00:00-04:00,11.869999885559082,12.680000305175781,11.460000038146973,12.390000343322754,232300,0.0,0.0
2025-09-18 00:00:00-04:00,12.369999885559082,12.699999809265137,11.90999984741211,12.399999618530273,340500,0.0,0.0
2025-09-19 00:00:00-04:00,12.5,13.489999771118164,12.039999961853027,12.5,1055600,0.0,0.0
2025-09-22 00:00:00-04:00,12.5,12.5,11.199999809265137,11.270000457763672,157200,0.0,0.0
2025-09-23 00:00:00-04:00,11.199999809265137,11.668000221252441,11.010000228881836,11.0600004196167,119300,0.0,0.0
2025-09-24 00:00:00-04:00,11.15999984741211,11.244999885559082,10.279999732971191,10.5,205200,0.0,0.0
2025-09-25 00:00:00-04:00,11.050000190734863,11.364999771118164,10.260000228881836,10.859999656677246,172900,0.0,0.0
2025-09-26 00:00:00-04:00,11.010000228881836,11.9399995803833,10.979999542236328,11.920000076293945,106300,0.0,0.0
2025-09-29 00:00:00-04:00,12.050000190734863,12.279999732971191,10.890000343322754,11.819999694824219,158000,0.0,0.0
2025-09-30 00:00:00-04:00,11.579999923706055,11.9350004196167,11.479999542236328,11.75,93500,0.0,0.0
2025-10-01 00:00:00-04:00,11.619999885559082,12.119999885559082,10.90999984741211,11.010000228881836,96600,0.0,0.0
2025-10-02 00:00:00-04:00,11.050000190734863,11.5600004196167,10.649999618530273,10.75,86400,0.0,0.0
2025-10-03 00:00:00-04:00,10.800000190734863,11.569999694824219,10.800000190734863,11.350000381469727,88600,0.0,0.0
2025-10-06 00:00:00-04:00,11.34000015258789,12.138999938964844,11.0,11.079999923706055,105400,0.0,0.0
2025-10-07 00:00:00-04:00,11.220000267028809,11.989999771118164,11.170000076293945,11.390000343322754,78100,0.0,0.0
2025-10-08 00:00:00-04:00,11.390000343322754,12.678999900817871,11.281000137329102,12.15999984741211,131200,0.0,0.0
2025-10-09 00:00:00-04:00,12.199999809265137,12.800000190734863,11.859999656677246,12.15999984741211,137200,0.0,0.0
2025-10-10 00:00:00-04:00,12.295000076293945,12.329999923706055,11.704999923706055,11.880000114440918,73400,0.0,0.0
2025-10-13 00:00:00-04:00,12.109999656677246,12.109999656677246,11.760000228881836,11.930000305175781,67500,0.0,0.0
2025-10-14 00:00:00-04:00,12.0,12.0,11.5600004196167,11.670000076293945,71700,0.0,0.0
2025-10-15 00:00:00-04:00,11.789999961853027,12.5,11.579999923706055,12.319999694824219,115900,0.0,0.0
2025-10-16 00:00:00-04:00,12.239999771118164,12.869999885559082,12.0,12.460000038146973,92900,0.0,0.0
2025-10-17 00:00:00-04:00,12.420000076293945,12.489999771118164,11.210000038146973,11.699999809265137,102700,0.0,0.0
2025-10-20 00:00:00-04:00,11.710000038146973,12.0,10.59000015258789,11.09000015258789,121100,0.0,0.0
2025-10-21 00:00:00-04:00,11.039999961853027,11.100000381469727,10.15999984741211,11.0600004196167,141000,0.0,0.0
2025-10-22 00:00:00-04:00,10.989999771118164,11.350000381469727,10.630000114440918,11.029999732971191,159400,0.0,0.0
2025-10-23 00:00:00-04:00,11.119999885559082,11.194999694824219,10.890000343322754,11.119999885559082,84100,0.0,0.0
2025-10-24 00:00:00-04:00,11.050000190734863,11.244999885559082,10.765000343322754,11.050000190734863,50800,0.0,0.0
2025-10-27 00:00:00-04:00,11.020000457763672,11.335000038146973,10.979999542236328,11.210000038146973,79300,0.0,0.0
2025-10-28 00:00:00-04:00,11.140000343322754,11.229999542236328,10.86400032043457,11.029999732971191,57900,0.0,0.0
2025-10-29 00:00:00-04:00,11.029999732971191,11.119999885559082,10.739999771118164,10.899999618530273,29600,0.0,0.0
2025-10-30 00:00:00-04:00,10.779999732971191,10.920000076293945,10.420000076293945,10.539999961853027,71700,0.0,0.0
2025-10-31 00:00:00-04:00,10.630000114440918,11.010000228881836,10.354999542236328,11.010000228881836,82400,0.0,0.0
2025-11-03 00:00:00-05:00,11.0,11.0,10.489999771118164,10.649999618530273,109400,0.0,0.0
2025-11-04 00:00:00-05:00,10.760000228881836,11.300000190734863,10.149999618530273,10.390000343322754,190200,0.0,0.0
2025-11-05 00:00:00-05:00,10.390000343322754,10.979999542236328,10.289999961853027,10.4399995803833,117000,0.0,0.0
2025-11-06 00:00:00-05:00,10.5,11.649999618530273,10.289999961853027,11.010000228881836,243200,0.0,0.0
2025-11-07 00:00:00-05:00,10.8100004196167,11.199999809265137,10.069999694824219,10.925000190734863,136200,0.0,0.0
2025-11-10 00:00:00-05:00,10.979999542236328,11.199999809265137,10.5600004196167,10.850000381469727,63100,0.0,0.0
2025-11-11 00:00:00-05:00,10.789999961853027,11.34000015258789,10.739999771118164,10.960000038146973,98500,0.0,0.0
2025-11-12 00:00:00-05:00,10.960000038146973,11.585000038146973,10.960000038146973,11.470000267028809,125400,0.0,0.0
2025-11-13 00:00:00-05:00,11.430000305175781,11.75,10.84000015258789,10.899999618530273,101600,0.0,0.0
2025-11-14 00:00:00-05:00,10.739999771118164,11.0,10.600000381469727,10.65999984741211,61500,0.0,0.0
2025-11-17 00:00:00-05:00,10.609999656677246,11.34000015258789,10.529999732971191,11.149999618530273,96500,0.0,0.0
2025-11-18 00:00:00-05:00,11.100000381469727,11.75,10.461999893188477,11.510000228881836,204000,0.0,0.0
2025-11-19 00:00:00-05:00,11.579999923706055,13.085000038146973,11.425000190734863,12.430000305175781,135100,0.0,0.0
2025-11-20 00:00:00-05:00,12.550000190734863,12.949999809265137,12.03600025177002,12.220000267028809,644600,0.0,0.0
2025-11-21 00:00:00-05:00,10.970000267028809,11.699999809265137,10.210000038146973,10.944999694824219,687900,0.0,0.0
2025-11-24 00:00:00-05:00,10.869999885559082,10.890000343322754,10.1850004196167,10.359999656677246,180000,0.0,0.0
2025-11-25 00:00:00-05:00,10.289999961853027,10.944999694824219,10.239999771118164,10.710000038146973,198000,0.0,0.0
2025-11-26 00:00:00-05:00,10.770000457763672,10.989999771118164,10.5,10.760000228881836,117500,0.0,0.0
2025-11-28 00:00:00-05:00,10.800000190734863,11.145000457763672,10.630000114440918,11.069999694824219,76300,0.0,0.0
2025-12-01 00:00:00-05:00,10.9399995803833,10.989999771118164,10.420000076293945,10.989999771118164,135100,0.0,0.0
2025-12-02 00:00:00-05:00,10.920000076293945,11.140000343322754,10.4399995803833,10.489999771118164,113200,0.0,0.0
2025-12-03 00:00:00-05:00,10.529999732971191,11.149999618530273,10.463000297546387,11.119999885559082,138200,0.0,0.0
2025-12-04 00:00:00-05:00,11.079999923706055,11.430000305175781,10.854999542236328,10.979999542236328,86600,0.0,0.0
2025-12-05 00:00:00-05:00,11.020000457763672,11.050000190734863,10.885000228881836,11.039999961853027,54000,0.0,0.0
2025-12-08 00:00:00-05:00,11.039999961853027,12.34000015258789,11.039999961853027,12.25,152300,0.0,0.0
2025-12-09 00:00:00-05:00,12.260000228881836,13.0,12.045000076293945,12.5,321400,0.0,0.0
2025-12-10 00:00:00-05:00,12.5,12.800000190734863,12.104999542236328,12.520000457763672,107300,0.0,0.0
2025-12-11 00:00:00-05:00,12.600000381469727,13.479999542236328,12.40999984741211,13.069999694824219,79900,0.0,0.0
2025-12-12 00:00:00-05:00,12.329999923706055,12.649999618530273,11.5,11.630000114440918,1503800,0.0,0.0
2025-12-15 00:00:00-05:00,11.609999656677246,11.845000267028809,11.579999923706055,11.579999923706055,270300,0.0,0.0
2025-12-16 00:00:00-05:00,11.520000457763672,11.770000457763672,11.5,11.550000190734863,257500,0.0,0.0
2025-12-17 00:00:00-05:00,11.619999885559082,12.0,11.479999542236328,11.479999542236328,225000,0.0,0.0
2025-12-18 00:00:00-05:00,11.489999771118164,11.75,11.380000114440918,11.390000343322754,545200,0.0,0.0
2025-12-19 00:00:00-05:00,11.319999694824219,11.880000114440918,11.270000457763672,11.739999771118164,436900,0.0,0.0
2025-12-22 00:00:00-05:00,11.739999771118164,12.404999732971191,11.739999771118164,12.260000228881836,139500,0.0,0.0
2025-12-23 00:00:00-05:00,12.239999771118164,12.449999809265137,12.03499984741211,12.3100004196167,77100,0.0,0.0
2025-12-24 00:00:00-05:00,12.260000228881836,12.954999923706055,11.65999984741211,12.680000305175781,107000,0.0,0.0
2025-12-26 00:00:00-05:00,12.600000381469727,12.600000381469727,11.970000267028809,12.40999984741211,95800,0.0,0.0
2025-12-29 00:00:00-05:00,12.390000343322754,12.470000267028809,11.890000343322754,12.069999694824219,358100,0.0,0.0
2025-12-30 00:00:00-05:00,12.010000228881836,12.795999526977539,11.279999732971191,11.399999618530273,156200,0.0,0.0
2025-12-31 00:00:00-05:00,11.460000038146973,11.600000381469727,11.265000343322754,11.430000305175781,186900,0.0,0.0
2026-01-02 00:00:00-05:00,11.380000114440918,11.729999542236328,10.710000038146973,11.390000343322754,213200,0.0,0.0
2026-01-05 00:00:00-05:00,11.319999694824219,11.692000389099121,9.859999656677246,10.0,317100,0.0,0.0
2026-01-06 00:00:00-05:00,10.020000457763672,10.067000389099121,9.40999984741211,9.489999771118164,276000,0.0,0.0
2026-01-07 00:00:00-05:00,9.460000038146973,9.6899995803833,9.25,9.5600004196167,147900,0.0,0.0
2026-01-08 00:00:00-05:00,9.09000015258789,9.399999618530273,8.600000381469727,9.170000076293945,365000,0.0,0.0
2026-01-09 00:00:00-05:00,9.199999809265137,9.470000267028809,9.069999694824219,9.3100004196167,234900,0.0,0.0
2026-01-12 00:00:00-05:00,9.3100004196167,9.335000038146973,8.920000076293945,9.170000076293945,179500,0.0,0.0
2026-01-13 00:00:00-05:00,9.15999984741211,10.96500015258789,9.15999984741211,10.899999618530273,339400,0.0,0.0
2026-01-14 00:00:00-05:00,10.970000267028809,11.899999618530273,10.6899995803833,11.760000228881836,411700,0.0,0.0
2026-01-15 00:00:00-05:00,11.729999542236328,11.859999656677246,10.84000015258789,11.84000015258789,265200,0.0,0.0
2026-01-16 00:00:00-05:00,11.890000343322754,12.289999961853027,11.390000343322754,11.739999771118164,269400,0.0,0.0
2026-01-20 00:00:00-05:00,11.399999618530273,11.859999656677246,11.0,11.850000381469727,137500,0.0,0.0
2026-01-21 00:00:00-05:00,11.850000381469727,12.300000190734863,11.625,12.199999809265137,119800,0.0,0.0
2026-01-22 00:00:00-05:00,12.199999809265137,13.0,12.199999809265137,12.630000114440918,506400,0.0,0.0
2026-01-23 00:00:00-05:00,12.619999885559082,13.529999732971191,12.449999809265137,12.989999771118164,202900,0.0,0.0
2026-01-26 00:00:00-05:00,12.930000305175781,13.524999618530273,12.449999809265137,12.9399995803833,168000,0.0,0.0
2026-01-27 00:00:00-05:00,12.9399995803833,14.229999542236328,12.9399995803833,14.09000015258789,211400,0.0,0.0
2026-01-28 00:00:00-05:00,14.100000381469727,14.789999961853027,13.5600004196167,14.430000305175781,258800,0.0,0.0
2026-01-29 00:00:00-05:00,14.300000190734863,14.859999656677246,14.050000190734863,14.600000381469727,267200,0.0,0.0
2026-01-30 00:00:00-05:00,14.399999618530273,14.9399995803833,13.579999923706055,14.260000228881836,555300,0.0,0.0
2026-02-02 00:00:00-05:00,14.300000190734863,15.3100004196167,13.989999771118164,14.380000114440918,383700,0.0,0.0
2026-02-03 00:00:00-05:00,14.529999732971191,15.479999542236328,14.154999732971191,15.210000038146973,330000,0.0,0.0
2026-02-04 00:00:00-05:00,14.979999542236328,15.239999771118164,14.109999656677246,14.800000190734863,117900,0.0,0.0
2026-02-05 00:00:00-05:00,14.710000038146973,15.470000267028809,14.380000114440918,14.479999542236328,248800,0.0,0.0
2026-02-06 00:00:00-05:00,14.479999542236328,15.460000038146973,14.390000343322754,15.0,424000,0.0,0.0
2026-02-09 00:00:00-05:00,14.899999618530273,15.369999885559082,13.859999656677246,15.270000457763672,263600,0.0,0.0
2026-02-10 00:00:00-05:00,15.100000381469727,15.920000076293945,15.100000381469727,15.75,157900,0.0,0.0
2026-02-11 00:00:00-05:00,15.65999984741211,16.010000228881836,14.970000267028809,15.260000228881836,193700,0.0,0.0
2026-02-12 00:00:00-05:00,15.260000228881836,15.354999542236328,14.585000038146973,14.880000114440918,94100,0.0,0.0
2026-02-13 00:00:00-05:00,15.145000457763672,15.390000343322754,14.270000457763672,14.4399995803833,132700,0.0,0.0
2026-02-17 00:00:00-05:00,14.420000076293945,14.819999694824219,14.079999923706055,14.6899995803833,54900,0.0,0.0
2026-02-18 00:00:00-05:00,14.890000343322754,15.300000190734863,14.75,15.220000267028809,132000,0.0,0.0
2026-02-19 00:00:00-05:00,15.270000457763672,16.0,14.300000190734863,16.0,434600,0.0,0.0
2026-02-20 00:00:00-05:00,15.84000015258789,15.84000015258789,15.260000228881836,15.579999923706055,117700,0.0,0.0
2026-02-23 00:00:00-05:00,15.720000267028809,15.946000099182129,15.369999885559082,15.640000343322754,100600,0.0,0.0
2026-02-24 00:00:00-05:00,15.729999542236328,16.329999923706055,15.680000305175781,15.930000305175781,119700,0.0,0.0
2026-02-25 00:00:00-05:00,15.899999618530273,16.049999237060547,15.770000457763672,15.779999732971191,254900,0.0,0.0
2026-02-26 00:00:00-05:00,15.710000038146973,15.899999618530273,14.75,15.779999732971191,150500,0.0,0.0
2026-02-27 00:00:00-05:00,15.520000457763672,15.760000228881836,14.829999923706055,15.34000015258789,213500,0.0,0.0
2026-03-02 00:00:00-05:00,15.140000343322754,15.46500015258789,14.329999923706055,15.34000015258789,221200,0.0,0.0
2026-03-03 00:00:00-05:00,15.34000015258789,15.34000015258789,13.989999771118164,14.100000381469727,284700,0.0,0.0
2026-03-04 00:00:00-05:00,14.210000038146973,15.0,13.8100004196167,14.859999656677246,286700,0.0,0.0
2026-03-05 00:00:00-05:00,14.609999656677246,14.680000305175781,13.199999809265137,13.8100004196167,399400,0.0,0.0
2026-03-06 00:00:00-05:00,14.710000038146973,15.024999618530273,13.479999542236328,13.880000114440918,191900,0.0,0.0
2026-03-09 00:00:00-04:00,13.800000190734863,14.515000343322754,13.270000457763672,13.539999961853027,220100,0.0,0.0
2026-03-10 00:00:00-04:00,13.670000076293945,14.40999984741211,13.25,13.40999984741211,254700,0.0,0.0
2026-03-11 00:00:00-04:00,13.5,15.0,13.130000114440918,14.979999542236328,250500,0.0,0.0
2026-03-12 00:00:00-04:00,14.979999542236328,14.979999542236328,13.5600004196167,13.859999656677246,340400,0.0,0.0
2026-03-13 00:00:00-04:00,14.039999961853027,14.380000114440918,12.9399995803833,13.0,228100,0.0,0.0
2026-03-16 00:00:00-04:00,13.09000015258789,13.8149995803833,12.6899995803833,13.369999885559082,592000,0.0,0.0
2026-03-17 00:00:00-04:00,13.399999618530273,13.600000381469727,13.109999656677246,13.21500015258789,510200,0.0,0.0
2026-03-18 00:00:00-04:00,13.15999984741211,13.15999984741211,12.029999732971191,12.220000267028809,451500,0.0,0.0
2026-03-19 00:00:00-04:00,12.220000267028809,12.944999694824219,11.800000190734863,12.109999656677246,130100,0.0,0.0
2026-03-20 00:00:00-04:00,12.069999694824219,13.09000015258789,12.069999694824219,12.210000038146973,1404600,0.0,0.0
2026-03-23 00:00:00-04:00,12.229999542236328,12.880000114440918,11.880000114440918,12.420000076293945,828200,0.0,0.0
2026-03-24 00:00:00-04:00,12.279999732971191,12.949999809265137,12.010000228881836,12.329999923706055,681400,0.0,0.0
2026-03-25 00:00:00-04:00,12.460000038146973,13.59000015258789,12.460000038146973,13.279999732971191,116217,0.0,0.0
