Date,Open,High,Low,Close,Volume,Dividends,Stock Splits
2022-01-03 00:00:00-05:00,18.0,19.079999923706055,16.200000762939453,18.0,13236,0.0,0.0
2022-01-04 00:00:00-05:00,17.280000686645508,17.92799949645996,16.847999572753906,17.92799949645996,10194,0.0,0.0
2022-01-05 00:00:00-05:00,17.639999389648438,17.856000900268555,16.992000579833984,17.280000686645508,13474,0.0,0.0
2022-01-06 00:00:00-05:00,18.0,18.0,16.920000076293945,17.856000900268555,8263,0.0,0.0
2022-01-07 00:00:00-05:00,18.360000610351562,18.360000610351562,17.280000686645508,17.92799949645996,7894,0.0,0.0
2022-01-10 00:00:00-05:00,17.496000289916992,18.576000213623047,16.920000076293945,17.639999389648438,6339,0.0,0.0
2022-01-11 00:00:00-05:00,17.639999389648438,18.288000106811523,17.496000289916992,18.288000106811523,6157,0.0,0.0
2022-01-12 00:00:00-05:00,19.72800064086914,19.72800064086914,17.351999282836914,18.0,14490,0.0,0.0
2022-01-13 00:00:00-05:00,17.784000396728516,18.719999313354492,17.351999282836914,17.92799949645996,4174,0.0,0.0
2022-01-14 00:00:00-05:00,17.711999893188477,18.0,17.639999389648438,18.0,4965,0.0,0.0
2022-01-18 00:00:00-05:00,17.856000900268555,18.143999099731445,17.13599967956543,17.56800079345703,11703,0.0,0.0
2022-01-19 00:00:00-05:00,17.13599967956543,17.92799949645996,17.13599967956543,17.496000289916992,5704,0.0,0.0
2022-01-20 00:00:00-05:00,18.719999313354492,18.719999313354492,17.280000686645508,17.92799949645996,7760,0.0,0.0
2022-01-21 00:00:00-05:00,17.423999786376953,17.856000900268555,16.559999465942383,16.775999069213867,6089,0.0,0.0
2022-01-24 00:00:00-05:00,15.04800033569336,17.496000289916992,14.399999618530273,15.192000389099121,17210,0.0,0.0
2022-01-25 00:00:00-05:00,16.847999572753906,16.920000076293945,15.84000015258789,16.27199935913086,7550,0.0,0.0
2022-01-26 00:00:00-05:00,16.128000259399414,16.920000076293945,15.84000015258789,15.911999702453613,2463,0.0,0.0
2022-01-27 00:00:00-05:00,15.407999992370605,17.13599967956543,15.407999992370605,16.055999755859375,5167,0.0,0.0
2022-01-28 00:00:00-05:00,16.70400047302246,16.70400047302246,15.336000442504883,15.552000045776367,5026,0.0,0.0
2022-01-31 00:00:00-05:00,15.479999542236328,16.27199935913086,14.904000282287598,15.767999649047852,5872,0.0,0.0
2022-02-01 00:00:00-05:00,16.128000259399414,16.416000366210938,15.192000389099121,16.27199935913086,2001,0.0,0.0
2022-02-02 00:00:00-05:00,16.70400047302246,16.70400047302246,15.696000099182129,15.911999702453613,4217,0.0,0.0
2022-02-03 00:00:00-05:00,15.407999992370605,16.27199935913086,15.407999992370605,15.62399959564209,1254,0.0,0.0
2022-02-04 00:00:00-05:00,15.119999885559082,17.06399917602539,15.119999885559082,16.488000869750977,9608,0.0,0.0
2022-02-07 00:00:00-05:00,16.055999755859375,17.06399917602539,15.984000205993652,16.559999465942383,8014,0.0,0.0
2022-02-08 00:00:00-05:00,16.27199935913086,16.920000076293945,16.055999755859375,16.559999465942383,7940,0.0,0.0
2022-02-09 00:00:00-05:00,16.70400047302246,17.06399917602539,16.416000366210938,16.775999069213867,2118,0.0,0.0
2022-02-10 00:00:00-05:00,16.775999069213867,17.280000686645508,16.70400047302246,16.992000579833984,5381,0.0,0.0
2022-02-11 00:00:00-05:00,16.128000259399414,17.06399917602539,15.84000015258789,16.559999465942383,5026,0.0,0.0
2022-02-14 00:00:00-05:00,15.767999649047852,16.70400047302246,15.767999649047852,15.911999702453613,3788,0.0,0.0
2022-02-15 00:00:00-05:00,15.479999542236328,16.559999465942383,15.479999542236328,16.3439998626709,1614,0.0,0.0
2022-02-16 00:00:00-05:00,16.128000259399414,17.20800018310547,15.696000099182129,16.3439998626709,10261,0.0,0.0
2022-02-17 00:00:00-05:00,15.479999542236328,16.559999465942383,15.479999542236328,16.128000259399414,3656,0.0,0.0
2022-02-18 00:00:00-05:00,15.62399959564209,16.416000366210938,15.62399959564209,16.128000259399414,8067,0.0,0.0
2022-02-22 00:00:00-05:00,14.687999725341797,15.696000099182129,14.687999725341797,15.263999938964844,15786,0.0,0.0
2022-02-23 00:00:00-05:00,15.84000015258789,16.055999755859375,15.192000389099121,15.62399959564209,5543,0.0,0.0
2022-02-24 00:00:00-05:00,14.472000122070312,15.911999702453613,14.472000122070312,15.479999542236328,4897,0.0,0.0
2022-02-25 00:00:00-05:00,15.696000099182129,16.416000366210938,15.552000045776367,16.055999755859375,1846,0.0,0.0
2022-02-28 00:00:00-05:00,15.407999992370605,16.775999069213867,15.407999992370605,16.200000762939453,5308,0.0,0.0
2022-03-01 00:00:00-05:00,17.13599967956543,17.13599967956543,15.84000015258789,16.847999572753906,2843,0.0,0.0
2022-03-02 00:00:00-05:00,17.280000686645508,18.288000106811523,16.70400047302246,17.56800079345703,5878,0.0,0.0
2022-03-03 00:00:00-05:00,18.93600082397461,18.93600082397461,16.631999969482422,17.06399917602539,10814,0.0,0.0
2022-03-04 00:00:00-05:00,17.856000900268555,17.856000900268555,16.559999465942383,16.559999465942383,8522,0.0,0.0
2022-03-07 00:00:00-05:00,15.911999702453613,17.280000686645508,15.911999702453613,16.3439998626709,8954,0.0,0.0
2022-03-08 00:00:00-05:00,15.84000015258789,17.423999786376953,15.767999649047852,16.559999465942383,9800,0.0,0.0
2022-03-09 00:00:00-05:00,18.719999313354492,18.719999313354492,16.559999465942383,16.920000076293945,4060,0.0,0.0
2022-03-10 00:00:00-05:00,17.20800018310547,17.351999282836914,16.775999069213867,16.992000579833984,3047,0.0,0.0
2022-03-11 00:00:00-05:00,16.920000076293945,17.423999786376953,16.631999969482422,16.847999572753906,6032,0.0,0.0
2022-03-14 00:00:00-04:00,17.92799949645996,17.92799949645996,16.559999465942383,16.70400047302246,3431,0.0,0.0
2022-03-15 00:00:00-04:00,16.3439998626709,16.992000579833984,16.3439998626709,16.559999465942383,2651,0.0,0.0
2022-03-16 00:00:00-04:00,16.559999465942383,17.20800018310547,16.416000366210938,16.416000366210938,3175,0.0,0.0
2022-03-17 00:00:00-04:00,15.984000205993652,17.13599967956543,15.984000205993652,16.992000579833984,2444,0.0,0.0
2022-03-18 00:00:00-04:00,17.280000686645508,17.351999282836914,16.488000869750977,16.847999572753906,4224,0.0,0.0
2022-03-21 00:00:00-04:00,17.280000686645508,17.280000686645508,16.488000869750977,16.559999465942383,12449,0.0,0.0
2022-03-22 00:00:00-04:00,17.280000686645508,17.639999389648438,16.559999465942383,16.920000076293945,7688,0.0,0.0
2022-03-23 00:00:00-04:00,18.0,18.0,16.559999465942383,17.13599967956543,9613,0.0,0.0
2022-03-24 00:00:00-04:00,16.631999969482422,17.56800079345703,16.631999969482422,17.351999282836914,4908,0.0,0.0
2022-03-25 00:00:00-04:00,17.280000686645508,18.215999603271484,16.992000579833984,17.496000289916992,6061,0.0,0.0
2022-03-28 00:00:00-04:00,18.0,18.79199981689453,16.920000076293945,17.423999786376953,2317,0.0,0.0
2022-03-29 00:00:00-04:00,18.215999603271484,18.215999603271484,16.992000579833984,16.992000579833984,5347,0.0,0.0
2022-03-30 00:00:00-04:00,18.0,18.0,16.847999572753906,16.920000076293945,3204,0.0,0.0
2022-03-31 00:00:00-04:00,16.847999572753906,17.20800018310547,16.631999969482422,16.992000579833984,4811,0.0,0.0
2022-04-01 00:00:00-04:00,16.920000076293945,17.496000289916992,16.847999572753906,17.280000686645508,5899,0.0,0.0
2022-04-04 00:00:00-04:00,17.280000686645508,18.0,17.280000686645508,17.92799949645996,14629,0.0,0.0
2022-04-05 00:00:00-04:00,19.440000534057617,19.511999130249023,18.0,19.152000427246094,11313,0.0,0.0
2022-04-06 00:00:00-04:00,20.520000457763672,20.736000061035156,17.423999786376953,18.143999099731445,74421,0.0,0.0
2022-04-07 00:00:00-04:00,17.92799949645996,19.6560001373291,17.423999786376953,17.92799949645996,14335,0.0,0.0
2022-04-08 00:00:00-04:00,17.20800018310547,18.86400032043457,17.20800018310547,18.0,13276,0.0,0.0
2022-04-11 00:00:00-04:00,18.86400032043457,19.6560001373291,17.856000900268555,18.360000610351562,22460,0.0,0.0
2022-04-12 00:00:00-04:00,19.583999633789062,19.583999633789062,18.0,18.0,21374,0.0,0.0
2022-04-13 00:00:00-04:00,18.0,18.799999237060547,17.624000549316406,18.520000457763672,10225,0.0,0.05555555555555555
2022-04-14 00:00:00-04:00,18.479999542236328,19.719999313354492,18.200000762939453,19.639999389648438,16475,0.0,0.0
2022-04-18 00:00:00-04:00,20.15999984741211,20.920000076293945,19.639999389648438,20.15999984741211,14175,0.0,0.0
2022-04-19 00:00:00-04:00,20.799999237060547,21.079999923706055,20.0,20.68000030517578,12025,0.0,0.0
2022-04-20 00:00:00-04:00,20.719999313354492,21.440000534057617,20.0,20.239999771118164,12375,0.0,0.0
2022-04-21 00:00:00-04:00,20.760000228881836,20.760000228881836,18.079999923706055,18.200000762939453,22525,0.0,0.0
2022-04-22 00:00:00-04:00,18.399999618530273,18.964000701904297,17.775999069213867,17.799999237060547,10025,0.0,0.0
2022-04-25 00:00:00-04:00,19.200000762939453,19.200000762939453,16.8799991607666,16.8799991607666,22200,0.0,0.0
2022-04-26 00:00:00-04:00,16.280000686645508,20.31999969482422,16.280000686645508,18.600000381469727,57350,0.0,0.0
2022-04-27 00:00:00-04:00,20.799999237060547,20.799999237060547,16.719999313354492,19.399999618530273,60725,0.0,0.0
2022-04-28 00:00:00-04:00,19.399999618530273,19.399999618530273,16.8799991607666,17.84000015258789,59950,0.0,0.0
2022-04-29 00:00:00-04:00,17.84000015258789,22.31999969482422,16.8799991607666,17.520000457763672,344375,0.0,0.0
2022-05-02 00:00:00-04:00,17.600000381469727,17.72800064086914,16.280000686645508,16.86400032043457,53475,0.0,0.0
2022-05-03 00:00:00-04:00,16.520000457763672,16.8799991607666,16.440000534057617,16.559999465942383,26050,0.0,0.0
2022-05-04 00:00:00-04:00,16.760000228881836,17.172000885009766,16.399999618530273,16.760000228881836,15625,0.0,0.0
2022-05-05 00:00:00-04:00,16.600000381469727,17.479999542236328,16.079999923706055,16.304000854492188,19000,0.0,0.0
2022-05-06 00:00:00-04:00,16.200000762939453,16.280000686645508,15.600000381469727,15.899999618530273,27600,0.0,0.0
2022-05-09 00:00:00-04:00,16.280000686645508,16.280000686645508,13.880000114440918,14.336000442504883,32250,0.0,0.0
2022-05-10 00:00:00-04:00,14.15999984741211,15.319999694824219,14.119999885559082,14.84000015258789,19050,0.0,0.0
2022-05-11 00:00:00-04:00,17.600000381469727,18.600000381469727,15.0,15.720000267028809,491725,0.0,0.0
2022-05-12 00:00:00-04:00,15.84000015258789,15.84000015258789,13.319999694824219,13.920000076293945,76875,0.0,0.0
2022-05-13 00:00:00-04:00,14.399999618530273,15.015999794006348,14.0,14.760000228881836,18025,0.0,0.0
2022-05-16 00:00:00-04:00,14.760000228881836,15.260000228881836,14.196000099182129,15.15999984741211,10675,0.0,0.0
2022-05-17 00:00:00-04:00,14.4399995803833,15.680000305175781,14.4399995803833,15.520000457763672,9500,0.0,0.0
2022-05-18 00:00:00-04:00,15.399999618530273,15.640000343322754,14.4399995803833,15.0,17500,0.0,0.0
2022-05-19 00:00:00-04:00,15.319999694824219,15.640000343322754,14.800000190734863,15.399999618530273,19775,0.0,0.0
2022-05-20 00:00:00-04:00,15.0,15.5600004196167,14.84000015258789,15.279999732971191,12100,0.0,0.0
2022-05-23 00:00:00-04:00,15.279999732971191,15.520000457763672,14.199999809265137,15.039999961853027,23250,0.0,0.0
2022-05-24 00:00:00-04:00,15.279999732971191,15.279999732971191,14.399999618530273,14.600000381469727,15375,0.0,0.0
2022-05-25 00:00:00-04:00,14.680000305175781,15.0,14.279999732971191,14.920000076293945,4925,0.0,0.0
2022-05-26 00:00:00-04:00,14.600000381469727,15.399999618530273,14.552000045776367,15.319999694824219,9525,0.0,0.0
2022-05-27 00:00:00-04:00,16.360000610351562,16.360000610351562,15.319999694824219,16.0,8775,0.0,0.0
2022-05-31 00:00:00-04:00,16.0,16.0,15.600000381469727,15.720000267028809,8425,0.0,0.0
2022-06-01 00:00:00-04:00,15.600000381469727,15.880000114440918,15.199999809265137,15.520000457763672,8700,0.0,0.0
2022-06-02 00:00:00-04:00,15.800000190734863,15.800000190734863,15.359999656677246,15.399999618530273,3225,0.0,0.0
2022-06-03 00:00:00-04:00,15.199999809265137,15.520000457763672,15.039999961853027,15.399999618530273,14425,0.0,0.0
2022-06-06 00:00:00-04:00,15.399999618530273,16.079999923706055,15.199999809265137,15.680000305175781,11775,0.0,0.0
2022-06-07 00:00:00-04:00,15.680000305175781,15.960000038146973,15.411999702453613,15.720000267028809,4525,0.0,0.0
2022-06-08 00:00:00-04:00,15.800000190734863,16.0,15.239999771118164,15.359999656677246,16825,0.0,0.0
2022-06-09 00:00:00-04:00,15.15999984741211,15.239999771118164,14.800000190734863,15.039999961853027,13375,0.0,0.0
2022-06-10 00:00:00-04:00,14.800000190734863,15.46399974822998,14.399999618530273,15.039999961853027,18250,0.0,0.0
2022-06-13 00:00:00-04:00,15.199999809265137,15.359999656677246,14.399999618530273,14.4399995803833,18025,0.0,0.0
2022-06-14 00:00:00-04:00,14.520000457763672,14.520000457763672,13.600000381469727,13.699999809265137,40400,0.0,0.0
2022-06-15 00:00:00-04:00,13.920000076293945,13.920000076293945,13.600000381469727,13.760000228881836,5100,0.0,0.0
2022-06-16 00:00:00-04:00,13.84000015258789,13.84000015258789,12.883999824523926,13.0,10700,0.0,0.0
2022-06-17 00:00:00-04:00,13.079999923706055,13.520000457763672,12.279999732971191,13.119999885559082,16425,0.0,0.0
2022-06-21 00:00:00-04:00,13.15999984741211,13.960000038146973,13.119999885559082,13.600000381469727,8350,0.0,0.0
2022-06-22 00:00:00-04:00,14.680000305175781,14.680000305175781,12.720000267028809,12.920000076293945,9300,0.0,0.0
2022-06-23 00:00:00-04:00,12.960000038146973,13.520000457763672,12.720000267028809,13.039999961853027,9700,0.0,0.0
2022-06-24 00:00:00-04:00,13.039999961853027,13.640000343322754,13.039999961853027,13.640000343322754,3400,0.0,0.0
2022-06-27 00:00:00-04:00,13.880000114440918,13.880000114440918,13.039999961853027,13.319999694824219,10825,0.0,0.0
2022-06-28 00:00:00-04:00,13.359999656677246,13.420000076293945,12.760000228881836,12.800000190734863,7675,0.0,0.0
2022-06-29 00:00:00-04:00,12.800000190734863,13.199999809265137,11.4399995803833,11.680000305175781,16425,0.0,0.0
2022-06-30 00:00:00-04:00,11.640000343322754,11.652000427246094,11.0,11.15999984741211,13650,0.0,0.0
2022-07-01 00:00:00-04:00,10.920000076293945,12.239999771118164,10.760000228881836,11.479999542236328,7675,0.0,0.0
2022-07-05 00:00:00-04:00,11.640000343322754,12.199999809265137,11.399999618530273,12.079999923706055,9775,0.0,0.0
2022-07-06 00:00:00-04:00,12.119999885559082,12.600000381469727,11.479999542236328,11.600000381469727,5925,0.0,0.0
2022-07-07 00:00:00-04:00,11.5600004196167,12.119999885559082,11.5600004196167,11.880000114440918,6275,0.0,0.0
2022-07-08 00:00:00-04:00,11.960000038146973,11.960000038146973,11.600000381469727,11.680000305175781,4025,0.0,0.0
2022-07-11 00:00:00-04:00,11.399999618530273,11.720000267028809,11.17199993133545,11.479999542236328,5375,0.0,0.0
2022-07-12 00:00:00-04:00,11.960000038146973,11.960000038146973,10.15999984741211,10.399999618530273,76550,0.0,0.0
2022-07-13 00:00:00-04:00,10.399999618530273,11.220000267028809,10.359999656677246,11.220000267028809,12575,0.0,0.0
2022-07-14 00:00:00-04:00,10.880000114440918,11.119999885559082,10.600000381469727,10.600000381469727,7800,0.0,0.0
2022-07-15 00:00:00-04:00,10.640000343322754,10.720000267028809,10.479999542236328,10.479999542236328,11500,0.0,0.0
2022-07-18 00:00:00-04:00,10.5600004196167,11.399999618530273,10.5600004196167,11.0,12450,0.0,0.0
2022-07-19 00:00:00-04:00,11.15999984741211,11.5600004196167,11.0,11.119999885559082,9275,0.0,0.0
2022-07-20 00:00:00-04:00,11.239999771118164,11.479999542236328,11.039999961853027,11.119999885559082,8350,0.0,0.0
2022-07-21 00:00:00-04:00,11.5600004196167,11.600000381469727,11.239999771118164,11.479999542236328,7925,0.0,0.0
2022-07-22 00:00:00-04:00,11.199999809265137,11.880000114440918,11.199999809265137,11.880000114440918,4575,0.0,0.0
2022-07-25 00:00:00-04:00,12.199999809265137,13.079999923706055,11.920000076293945,12.720000267028809,7525,0.0,0.0
2022-07-26 00:00:00-04:00,13.199999809265137,13.96399974822998,12.800000190734863,13.640000343322754,15350,0.0,0.0
2022-07-27 00:00:00-04:00,15.15999984741211,15.15999984741211,13.680000305175781,14.399999618530273,20650,0.0,0.0
2022-07-28 00:00:00-04:00,14.800000190734863,15.720000267028809,14.479999542236328,15.680000305175781,17925,0.0,0.0
2022-07-29 00:00:00-04:00,15.800000190734863,17.440000534057617,15.520000457763672,15.880000114440918,31900,0.0,0.0
2022-08-01 00:00:00-04:00,16.399999618530273,17.559999465942383,16.399999618530273,16.799999237060547,16175,0.0,0.0
2022-08-02 00:00:00-04:00,16.799999237060547,16.799999237060547,16.15999984741211,16.600000381469727,12950,0.0,0.0
2022-08-03 00:00:00-04:00,16.399999618530273,16.399999618530273,14.880000114440918,15.279999732971191,20550,0.0,0.0
2022-08-04 00:00:00-04:00,14.960000038146973,16.399999618530273,14.800000190734863,15.199999809265137,15725,0.0,0.0
2022-08-05 00:00:00-04:00,15.5600004196167,16.0,15.163999557495117,15.760000228881836,8975,0.0,0.0
2022-08-08 00:00:00-04:00,15.760000228881836,17.0,15.680000305175781,16.600000381469727,16675,0.0,0.0
2022-08-09 00:00:00-04:00,16.280000686645508,17.600000381469727,16.280000686645508,17.1200008392334,20200,0.0,0.0
2022-08-10 00:00:00-04:00,18.0,18.0,16.959999084472656,16.959999084472656,16300,0.0,0.0
2022-08-11 00:00:00-04:00,17.0,17.959999084472656,17.0,17.15999984741211,13475,0.0,0.0
2022-08-12 00:00:00-04:00,17.15999984741211,17.15999984741211,15.0,15.039999961853027,34600,0.0,0.0
2022-08-15 00:00:00-04:00,15.039999961853027,15.800000190734863,14.600000381469727,15.119999885559082,7925,0.0,0.0
2022-08-16 00:00:00-04:00,15.15999984741211,15.47599983215332,14.760000228881836,15.039999961853027,22075,0.0,0.0
2022-08-17 00:00:00-04:00,14.800000190734863,15.039999961853027,13.800000190734863,13.800000190734863,12075,0.0,0.0
2022-08-18 00:00:00-04:00,13.720000267028809,14.300000190734863,13.600000381469727,13.600000381469727,7725,0.0,0.0
2022-08-19 00:00:00-04:00,13.520000457763672,14.960000038146973,13.520000457763672,14.119999885559082,5700,0.0,0.0
2022-08-22 00:00:00-04:00,14.119999885559082,14.680000305175781,14.0,14.199999809265137,11475,0.0,0.0
2022-08-23 00:00:00-04:00,14.039999961853027,14.239999771118164,13.5600004196167,13.760000228881836,14300,0.0,0.0
2022-08-24 00:00:00-04:00,13.720000267028809,14.119999885559082,13.680000305175781,13.779999732971191,8875,0.0,0.0
2022-08-25 00:00:00-04:00,13.84000015258789,14.039999961853027,13.760000228881836,13.960000038146973,7900,0.0,0.0
2022-08-26 00:00:00-04:00,14.0,14.36400032043457,13.399999618530273,13.680000305175781,7025,0.0,0.0
2022-08-29 00:00:00-04:00,13.359999656677246,14.319999694824219,13.319999694824219,13.4399995803833,5575,0.0,0.0
2022-08-30 00:00:00-04:00,13.4399995803833,14.4399995803833,13.319999694824219,13.600000381469727,7550,0.0,0.0
2022-08-31 00:00:00-04:00,13.5600004196167,13.97599983215332,13.199999809265137,13.279999732971191,15475,0.0,0.0
2022-09-01 00:00:00-04:00,13.279999732971191,13.800000190734863,12.199999809265137,12.199999809265137,18550,0.0,0.0
2022-09-02 00:00:00-04:00,12.399999618530273,12.760000228881836,12.319999694824219,12.479999542236328,6025,0.0,0.0
2022-09-06 00:00:00-04:00,12.600000381469727,12.720000267028809,11.600000381469727,11.600000381469727,17225,0.0,0.0
2022-09-07 00:00:00-04:00,11.800000190734863,12.116000175476074,11.680000305175781,11.84000015258789,5975,0.0,0.0
2022-09-08 00:00:00-04:00,11.960000038146973,12.15999984741211,11.720000267028809,12.15999984741211,6475,0.0,0.0
2022-09-09 00:00:00-04:00,12.479999542236328,12.479999542236328,11.800000190734863,12.039999961853027,10425,0.0,0.0
2022-09-12 00:00:00-04:00,12.920000076293945,13.199999809265137,12.039999961853027,12.359999656677246,12175,0.0,0.0
2022-09-13 00:00:00-04:00,11.800000190734863,12.399999618530273,11.640000343322754,11.920000076293945,7375,0.0,0.0
2022-09-14 00:00:00-04:00,11.640000343322754,12.239999771118164,11.640000343322754,11.880000114440918,2950,0.0,0.0
2022-09-15 00:00:00-04:00,12.0,12.180000305175781,11.84000015258789,12.0,4575,0.0,0.0
2022-09-16 00:00:00-04:00,12.0,12.184000015258789,11.824000358581543,12.0,8200,0.0,0.0
2022-09-19 00:00:00-04:00,11.640000343322754,12.031999588012695,11.640000343322754,11.880000114440918,5450,0.0,0.0
2022-09-20 00:00:00-04:00,12.199999809265137,12.199999809265137,11.640000343322754,11.640000343322754,4050,0.0,0.0
2022-09-21 00:00:00-04:00,11.640000343322754,12.031999588012695,11.640000343322754,11.640000343322754,2025,0.0,0.0
2022-09-22 00:00:00-04:00,11.800000190734863,16.200000762939453,11.680000305175781,13.15999984741211,503875,0.0,0.0
2022-09-23 00:00:00-04:00,12.880000114440918,13.0,11.84000015258789,12.359999656677246,49425,0.0,0.0
2022-09-26 00:00:00-04:00,12.84000015258789,12.84000015258789,11.319999694824219,11.680000305175781,16225,0.0,0.0
2022-09-27 00:00:00-04:00,12.199999809265137,12.640000343322754,11.199999809265137,11.760000228881836,16550,0.0,0.0
2022-09-28 00:00:00-04:00,11.760000228881836,12.15999984741211,11.239999771118164,11.760000228881836,13925,0.0,0.0
2022-09-29 00:00:00-04:00,12.119999885559082,12.119999885559082,11.199999809265137,11.720000267028809,10375,0.0,0.0
2022-09-30 00:00:00-04:00,11.600000381469727,11.760000228881836,11.0,11.140000343322754,12875,0.0,0.0
2022-10-03 00:00:00-04:00,11.199999809265137,11.800000190734863,11.199999809265137,11.600000381469727,9000,0.0,0.0
2022-10-04 00:00:00-04:00,12.15999984741211,12.67199993133545,11.760000228881836,12.279999732971191,6450,0.0,0.0
2022-10-05 00:00:00-04:00,12.520000457763672,12.84000015258789,12.239999771118164,12.800000190734863,18275,0.0,0.0
2022-10-06 00:00:00-04:00,12.600000381469727,12.680000305175781,12.279999732971191,12.4399995803833,7875,0.0,0.0
2022-10-07 00:00:00-04:00,12.319999694824219,12.640000343322754,12.199999809265137,12.239999771118164,3025,0.0,0.0
2022-10-10 00:00:00-04:00,12.520000457763672,12.5600004196167,11.640000343322754,12.199999809265137,6300,0.0,0.0
2022-10-11 00:00:00-04:00,12.520000457763672,12.680000305175781,11.680000305175781,11.843999862670898,6725,0.0,0.0
2022-10-12 00:00:00-04:00,11.84000015258789,12.319999694824219,11.399999618530273,12.119999885559082,9825,0.0,0.0
2022-10-13 00:00:00-04:00,12.0,12.15999984741211,11.680000305175781,12.119999885559082,9700,0.0,0.0
2022-10-14 00:00:00-04:00,12.0,12.079999923706055,11.399999618530273,11.479999542236328,17375,0.0,0.0
2022-10-17 00:00:00-04:00,12.15999984741211,12.15999984741211,11.5600004196167,11.932000160217285,8525,0.0,0.0
2022-10-18 00:00:00-04:00,11.800000190734863,12.0,11.720000267028809,11.920000076293945,11900,0.0,0.0
2022-10-19 00:00:00-04:00,12.039999961853027,12.039999961853027,11.479999542236328,11.640000343322754,7800,0.0,0.0
2022-10-20 00:00:00-04:00,11.800000190734863,11.920000076293945,11.479999542236328,11.680000305175781,10450,0.0,0.0
2022-10-21 00:00:00-04:00,11.760000228881836,11.920000076293945,11.520000457763672,11.880000114440918,7650,0.0,0.0
2022-10-24 00:00:00-04:00,12.0,12.0,11.520000457763672,11.880000114440918,17300,0.0,0.0
2022-10-25 00:00:00-04:00,11.479999542236328,11.928000450134277,11.479999542236328,11.600000381469727,7850,0.0,0.0
2022-10-26 00:00:00-04:00,11.960000038146973,11.960000038146973,11.399999618530273,11.760000228881836,6475,0.0,0.0
2022-10-27 00:00:00-04:00,11.600000381469727,11.920000076293945,11.600000381469727,11.720000267028809,3550,0.0,0.0
2022-10-28 00:00:00-04:00,11.640000343322754,12.079999923706055,11.640000343322754,11.920000076293945,6600,0.0,0.0
2022-10-31 00:00:00-04:00,12.199999809265137,12.199999809265137,11.640000343322754,11.680000305175781,5850,0.0,0.0
2022-11-01 00:00:00-04:00,12.119999885559082,12.359999656677246,11.680000305175781,12.079999923706055,4700,0.0,0.0
2022-11-02 00:00:00-04:00,12.15999984741211,12.15999984741211,11.800000190734863,11.960000038146973,8875,0.0,0.0
2022-11-03 00:00:00-04:00,11.720000267028809,11.920000076293945,11.720000267028809,11.720000267028809,5225,0.0,0.0
2022-11-04 00:00:00-04:00,11.84000015258789,12.119999885559082,11.800000190734863,11.84000015258789,6225,0.0,0.0
2022-11-07 00:00:00-05:00,12.0,12.119999885559082,11.800000190734863,12.079999923706055,11600,0.0,0.0
2022-11-08 00:00:00-05:00,12.119999885559082,12.359999656677246,12.0,12.359999656677246,12325,0.0,0.0
2022-11-09 00:00:00-05:00,10.0,10.800000190734863,9.279999732971191,9.399999618530273,205175,0.0,0.0
2022-11-10 00:00:00-05:00,10.399999618530273,11.751999855041504,9.84000015258789,10.359999656677246,25900,0.0,0.0
2022-11-11 00:00:00-05:00,10.399999618530273,10.399999618530273,9.640000343322754,9.880000114440918,40975,0.0,0.0
2022-11-14 00:00:00-05:00,10.279999732971191,10.319999694824219,9.520000457763672,10.039999961853027,41875,0.0,0.0
2022-11-15 00:00:00-05:00,10.0,10.479999542236328,9.795999526977539,10.479999542236328,69250,0.0,0.0
2022-11-16 00:00:00-05:00,10.760000228881836,11.399999618530273,10.520000457763672,10.520000457763672,52300,0.0,0.0
2022-11-17 00:00:00-05:00,10.720000267028809,10.86400032043457,9.960000038146973,10.119999885559082,29800,0.0,0.0
2022-11-18 00:00:00-05:00,10.600000381469727,10.600000381469727,9.520000457763672,9.600000381469727,32850,0.0,0.0
2022-11-21 00:00:00-05:00,9.520000457763672,9.767999649047852,9.4399995803833,9.5600004196167,20875,0.0,0.0
2022-11-22 00:00:00-05:00,9.5600004196167,9.680000305175781,9.520000457763672,9.600000381469727,7625,0.0,0.0
2022-11-23 00:00:00-05:00,9.520000457763672,9.65999984741211,9.0,9.279999732971191,29675,0.0,0.0
2022-11-25 00:00:00-05:00,9.399999618530273,9.399999618530273,9.079999923706055,9.319999694824219,16150,0.0,0.0
2022-11-28 00:00:00-05:00,9.319999694824219,9.319999694824219,9.04800033569336,9.119999885559082,14750,0.0,0.0
2022-11-29 00:00:00-05:00,9.0,9.239999771118164,8.920000076293945,9.119999885559082,15200,0.0,0.0
2022-11-30 00:00:00-05:00,9.119999885559082,9.319999694824219,8.880000114440918,8.960000038146973,7750,0.0,0.0
2022-12-01 00:00:00-05:00,9.119999885559082,9.399999618530273,9.119999885559082,9.319999694824219,17950,0.0,0.0
2022-12-02 00:00:00-05:00,9.399999618530273,9.399999618530273,8.800000190734863,9.15999984741211,13600,0.0,0.0
2022-12-05 00:00:00-05:00,9.399999618530273,9.399999618530273,8.880000114440918,9.15999984741211,19225,0.0,0.0
2022-12-06 00:00:00-05:00,9.119999885559082,9.236000061035156,8.680000305175781,8.84000015258789,6325,0.0,0.0
2022-12-07 00:00:00-05:00,8.84000015258789,8.920000076293945,8.119999885559082,8.279999732971191,30725,0.0,0.0
2022-12-08 00:00:00-05:00,8.399999618530273,8.479999542236328,7.920000076293945,8.119999885559082,35150,0.0,0.0
2022-12-09 00:00:00-05:00,8.0,8.119999885559082,8.0,8.039999961853027,9300,0.0,0.0
2022-12-12 00:00:00-05:00,7.960000038146973,8.079999923706055,7.480000019073486,7.599999904632568,23700,0.0,0.0
2022-12-13 00:00:00-05:00,8.15999984741211,8.15999984741211,7.5,7.840000152587891,17800,0.0,0.0
2022-12-14 00:00:00-05:00,8.0,8.0600004196167,7.679999828338623,7.840000152587891,11000,0.0,0.0
2022-12-15 00:00:00-05:00,7.800000190734863,7.883999824523926,7.440000057220459,7.519999980926514,19475,0.0,0.0
2022-12-16 00:00:00-05:00,7.400000095367432,7.751999855041504,6.960000038146973,7.039999961853027,23925,0.0,0.0
2022-12-19 00:00:00-05:00,7.0,7.1519999504089355,6.796000003814697,6.840000152587891,13550,0.0,0.0
2022-12-20 00:00:00-05:00,6.920000076293945,7.331999778747559,6.840000152587891,7.28000020980835,18175,0.0,0.0
2022-12-21 00:00:00-05:00,7.480000019073486,7.480000019073486,7.079999923706055,7.320000171661377,16625,0.0,0.0
2022-12-22 00:00:00-05:00,7.400000095367432,7.400000095367432,6.791999816894531,7.0,13725,0.0,0.0
2022-12-23 00:00:00-05:00,6.960000038146973,7.260000228881836,6.679999828338623,6.760000228881836,30100,0.0,0.0
2022-12-27 00:00:00-05:00,6.639999866485596,7.139999866485596,6.0,6.119999885559082,28900,0.0,0.0
2022-12-28 00:00:00-05:00,5.960000038146973,6.800000190734863,5.920000076293945,6.480000019073486,31350,0.0,0.0
2022-12-29 00:00:00-05:00,6.599999904632568,6.960000038146973,6.480000019073486,6.599999904632568,15575,0.0,0.0
2022-12-30 00:00:00-05:00,6.71999979019165,6.71999979019165,6.400000095367432,6.639999866485596,46975,0.0,0.0
2023-01-03 00:00:00-05:00,6.519999980926514,7.71999979019165,6.519999980926514,7.360000133514404,14400,0.0,0.0
2023-01-04 00:00:00-05:00,7.400000095367432,8.0,7.400000095367432,7.840000152587891,17625,0.0,0.0
2023-01-05 00:00:00-05:00,7.840000152587891,8.800000190734863,7.71999979019165,8.800000190734863,12050,0.0,0.0
2023-01-06 00:00:00-05:00,9.0,10.399999618530273,9.0,10.399999618530273,27200,0.0,0.0
2023-01-09 00:00:00-05:00,10.84000015258789,10.960000038146973,9.84000015258789,10.0,16050,0.0,0.0
2023-01-10 00:00:00-05:00,10.0,10.079999923706055,8.640000343322754,9.079999923706055,18275,0.0,0.0
2023-01-11 00:00:00-05:00,9.0,10.052000045776367,9.0,9.4399995803833,14500,0.0,0.0
2023-01-12 00:00:00-05:00,9.520000457763672,9.800000190734863,9.0,9.279999732971191,8575,0.0,0.0
2023-01-13 00:00:00-05:00,9.199999809265137,9.319999694824219,9.0,9.239999771118164,12425,0.0,0.0
2023-01-17 00:00:00-05:00,9.239999771118164,9.279999732971191,9.0,9.119999885559082,8175,0.0,0.0
2023-01-18 00:00:00-05:00,9.239999771118164,9.399999618530273,9.0,9.15999984741211,7125,0.0,0.0
2023-01-19 00:00:00-05:00,9.279999732971191,9.319999694824219,8.935999870300293,9.0,8125,0.0,0.0
2023-01-20 00:00:00-05:00,9.039999961853027,9.399999618530273,9.039999961853027,9.399999618530273,9875,0.0,0.0
2023-01-23 00:00:00-05:00,9.520000457763672,9.520000457763672,9.187999725341797,9.239999771118164,9900,0.0,0.0
2023-01-24 00:00:00-05:00,9.319999694824219,9.319999694824219,8.640000343322754,8.680000305175781,26450,0.0,0.0
2023-01-25 00:00:00-05:00,9.039999961853027,9.4399995803833,8.9399995803833,9.199999809265137,13875,0.0,0.0
2023-01-26 00:00:00-05:00,9.319999694824219,9.64799976348877,9.15999984741211,9.319999694824219,8500,0.0,0.0
2023-01-27 00:00:00-05:00,9.4399995803833,9.520000457763672,9.119999885559082,9.239999771118164,9125,0.0,0.0
2023-01-30 00:00:00-05:00,9.079999923706055,9.359999656677246,9.079999923706055,9.079999923706055,7925,0.0,0.0
2023-01-31 00:00:00-05:00,9.279999732971191,9.479999542236328,9.100000381469727,9.359999656677246,11800,0.0,0.0
2023-02-01 00:00:00-05:00,9.279999732971191,9.399999618530273,9.079999923706055,9.284000396728516,6350,0.0,0.0
2023-02-02 00:00:00-05:00,9.520000457763672,9.520000457763672,9.119999885559082,9.260000228881836,12775,0.0,0.0
2023-02-03 00:00:00-05:00,9.199999809265137,9.359999656677246,9.0,9.279999732971191,7250,0.0,0.0
2023-02-06 00:00:00-05:00,9.319999694824219,9.319999694824219,8.880000114440918,9.119999885559082,11200,0.0,0.0
2023-02-07 00:00:00-05:00,8.960000038146973,9.119999885559082,8.720000267028809,8.720000267028809,10900,0.0,0.0
2023-02-08 00:00:00-05:00,8.039999961853027,9.100000381469727,8.039999961853027,9.079999923706055,29450,0.0,0.0
2023-02-09 00:00:00-05:00,9.239999771118164,9.359999656677246,8.84000015258789,8.84000015258789,13575,0.0,0.0
2023-02-10 00:00:00-05:00,9.232000350952148,9.279999732971191,8.800000190734863,9.239999771118164,6525,0.0,0.0
2023-02-13 00:00:00-05:00,9.279999732971191,9.319999694824219,9.039999961853027,9.279999732971191,3875,0.0,0.0
2023-02-14 00:00:00-05:00,9.199999809265137,9.479999542236328,9.079999923706055,9.199999809265137,15275,0.0,0.0
2023-02-15 00:00:00-05:00,9.15999984741211,9.15999984741211,8.880000114440918,9.0,9025,0.0,0.0
2023-02-16 00:00:00-05:00,8.960000038146973,8.960000038146973,8.800000190734863,8.800000190734863,3250,0.0,0.0
2023-02-17 00:00:00-05:00,9.119999885559082,9.119999885559082,8.600000381469727,8.680000305175781,5400,0.0,0.0
2023-02-21 00:00:00-05:00,8.760000228881836,9.0,8.600000381469727,8.84000015258789,7525,0.0,0.0
2023-02-22 00:00:00-05:00,9.0,9.0,8.760000228881836,8.760000228881836,2850,0.0,0.0
2023-02-23 00:00:00-05:00,9.0,9.0,8.680000305175781,8.680000305175781,2625,0.0,0.0
2023-02-24 00:00:00-05:00,9.039999961853027,9.039999961853027,8.54800033569336,8.656000137329102,7125,0.0,0.0
2023-02-27 00:00:00-05:00,8.880000114440918,8.880000114440918,8.4399995803833,8.4399995803833,6450,0.0,0.0
2023-02-28 00:00:00-05:00,8.640000343322754,8.640000343322754,8.380000114440918,8.399999618530273,4200,0.0,0.0
2023-03-01 00:00:00-05:00,8.4399995803833,8.5600004196167,8.039999961853027,8.039999961853027,20925,0.0,0.0
2023-03-02 00:00:00-05:00,7.960000038146973,8.079999923706055,7.480000019073486,8.039999961853027,13225,0.0,0.0
2023-03-03 00:00:00-05:00,8.399999618530273,8.479999542236328,7.71999979019165,7.840000152587891,7600,0.0,0.0
2023-03-06 00:00:00-05:00,7.840000152587891,8.199999809265137,7.639999866485596,7.639999866485596,10375,0.0,0.0
2023-03-07 00:00:00-05:00,7.639999866485596,7.920000076293945,7.639999866485596,7.71999979019165,6275,0.0,0.0
2023-03-08 00:00:00-05:00,7.760000228881836,7.78000020980835,7.199999809265137,7.199999809265137,13375,0.0,0.0
2023-03-09 00:00:00-05:00,7.360000133514404,7.360000133514404,7.239999771118164,7.239999771118164,6850,0.0,0.0
2023-03-10 00:00:00-05:00,7.320000171661377,7.800000190734863,7.0,7.039999961853027,14725,0.0,0.0
2023-03-13 00:00:00-04:00,7.039999961853027,7.440000057220459,6.840000152587891,7.360000133514404,10950,0.0,0.0
2023-03-14 00:00:00-04:00,7.71999979019165,7.71999979019165,7.400000095367432,7.559999942779541,5650,0.0,0.0
2023-03-15 00:00:00-04:00,7.71999979019165,7.71999979019165,7.0,7.119999885559082,8725,0.0,0.0
2023-03-16 00:00:00-04:00,7.28000020980835,7.400000095367432,7.199999809265137,7.400000095367432,2075,0.0,0.0
2023-03-17 00:00:00-04:00,7.599999904632568,7.599999904632568,7.0,7.0,8575,0.0,0.0
2023-03-20 00:00:00-04:00,7.480000019073486,7.480000019073486,7.119999885559082,7.320000171661377,2525,0.0,0.0
2023-03-21 00:00:00-04:00,7.159999847412109,7.47599983215332,7.159999847412109,7.199999809265137,12225,0.0,0.0
2023-03-22 00:00:00-04:00,7.28000020980835,7.447999954223633,7.199999809265137,7.360000133514404,6525,0.0,0.0
2023-03-23 00:00:00-04:00,7.480000019073486,7.6479997634887695,7.320000171661377,7.440000057220459,4800,0.0,0.0
2023-03-24 00:00:00-04:00,7.880000114440918,7.880000114440918,7.199999809265137,7.320000171661377,5700,0.0,0.0
2023-03-27 00:00:00-04:00,7.239999771118164,7.480000019073486,7.239999771118164,7.28000020980835,2450,0.0,0.0
2023-03-28 00:00:00-04:00,7.519999980926514,7.519999980926514,7.199999809265137,7.320000171661377,3825,0.0,0.0
2023-03-29 00:00:00-04:00,7.519999980926514,8.383999824523926,7.320000171661377,7.800000190734863,11750,0.0,0.0
2023-03-30 00:00:00-04:00,7.679999828338623,8.399999618530273,7.679999828338623,7.920000076293945,7325,0.0,0.0
2023-03-31 00:00:00-04:00,8.279999732971191,8.755999565124512,8.039999961853027,8.199999809265137,29925,0.0,0.0
2023-04-03 00:00:00-04:00,8.279999732971191,8.279999732971191,7.599999904632568,7.800000190734863,13600,0.0,0.0
2023-04-04 00:00:00-04:00,8.0,8.199999809265137,7.71999979019165,7.840000152587891,2300,0.0,0.0
2023-04-05 00:00:00-04:00,7.960000038146973,7.960000038146973,7.199999809265137,7.320000171661377,11575,0.0,0.0
2023-04-06 00:00:00-04:00,7.239999771118164,7.71999979019165,7.239999771118164,7.599999904632568,1875,0.0,0.0
2023-04-10 00:00:00-04:00,7.599999904632568,7.679999828338623,7.504000186920166,7.519999980926514,4750,0.0,0.0
2023-04-11 00:00:00-04:00,7.679999828338623,7.760000228881836,7.480000019073486,7.71999979019165,4425,0.0,0.0
2023-04-12 00:00:00-04:00,7.960000038146973,8.039999961853027,7.760000228881836,7.800000190734863,4675,0.0,0.0
2023-04-13 00:00:00-04:00,8.479999542236328,9.119999885559082,8.15999984741211,8.319999694824219,96300,0.0,0.0
2023-04-14 00:00:00-04:00,8.239999771118164,8.67199993133545,8.12399959564209,8.479999542236328,18900,0.0,0.0
2023-04-17 00:00:00-04:00,8.239999771118164,9.880000114440918,8.079999923706055,8.119999885559082,60150,0.0,0.0
2023-04-18 00:00:00-04:00,8.119999885559082,8.5600004196167,8.0,8.199999809265137,8700,0.0,0.0
2023-04-19 00:00:00-04:00,8.039999961853027,8.239999771118164,8.039999961853027,8.119999885559082,3425,0.0,0.0
2023-04-20 00:00:00-04:00,8.15999984741211,8.199999809265137,7.519999980926514,7.599999904632568,8375,0.0,0.0
2023-04-21 00:00:00-04:00,7.599999904632568,8.199999809265137,7.599999904632568,7.679999828338623,5825,0.0,0.0
2023-04-24 00:00:00-04:00,8.079999923706055,8.079999923706055,7.400000095367432,7.400000095367432,4850,0.0,0.0
2023-04-25 00:00:00-04:00,7.400000095367432,7.771999835968018,7.400000095367432,7.480000019073486,3825,0.0,0.0
2023-04-26 00:00:00-04:00,8.039999961853027,8.039999961853027,7.360000133514404,7.360000133514404,5675,0.0,0.0
2023-04-27 00:00:00-04:00,7.480000019073486,7.639999866485596,7.360000133514404,7.440000057220459,4025,0.0,0.0
2023-04-28 00:00:00-04:00,7.320000171661377,7.515999794006348,7.320000171661377,7.440000057220459,8325,0.0,0.0
2023-05-01 00:00:00-04:00,7.519999980926514,7.880000114440918,7.360000133514404,7.400000095367432,7675,0.0,0.0
2023-05-02 00:00:00-04:00,7.880000114440918,7.880000114440918,7.360000133514404,7.400000095367432,11150,0.0,0.0
2023-05-03 00:00:00-04:00,7.639999866485596,7.760000228881836,7.355999946594238,7.360000133514404,2200,0.0,0.0
2023-05-04 00:00:00-04:00,7.440000057220459,7.559999942779541,7.360000133514404,7.360000133514404,1025,0.0,0.0
2023-05-05 00:00:00-04:00,7.639999866485596,7.639999866485596,7.400000095367432,7.480000019073486,4725,0.0,0.0
2023-05-08 00:00:00-04:00,7.639999866485596,7.639999866485596,7.480000019073486,7.639999866485596,1775,0.0,0.0
2023-05-09 00:00:00-04:00,7.639999866485596,7.639999866485596,7.480000019073486,7.519999980926514,2250,0.0,0.0
2023-05-10 00:00:00-04:00,7.480000019073486,7.559999942779541,7.427999973297119,7.519999980926514,3825,0.0,0.0
2023-05-11 00:00:00-04:00,7.360000133514404,7.360000133514404,5.880000114440918,5.920000076293945,67675,0.0,0.0
2023-05-12 00:00:00-04:00,5.840000152587891,5.840000152587891,4.519999980926514,4.639999866485596,131225,0.0,0.0
2023-05-15 00:00:00-04:00,5.28000020980835,5.28000020980835,4.323999881744385,4.679999828338623,67600,0.0,0.0
2023-05-16 00:00:00-04:00,4.639999866485596,4.639999866485596,3.5999999046325684,3.680000066757202,103250,0.0,0.0
2023-05-17 00:00:00-04:00,3.680000066757202,4.0,3.328000068664551,3.759999990463257,52150,0.0,0.0
2023-05-18 00:00:00-04:00,3.9800000190734863,5.796000003814697,3.9200000762939453,4.840000152587891,118200,0.0,0.0
2023-05-19 00:00:00-04:00,5.159999847412109,5.71999979019165,5.039999961853027,5.400000095367432,71475,0.0,0.0
2023-05-22 00:00:00-04:00,5.400000095367432,5.480000019073486,5.0,5.199999809265137,14900,0.0,0.0
2023-05-23 00:00:00-04:00,5.119999885559082,5.679999828338623,5.119999885559082,5.320000171661377,12950,0.0,0.0
2023-05-24 00:00:00-04:00,5.400000095367432,5.400000095367432,4.840000152587891,5.159999847412109,9550,0.0,0.0
2023-05-25 00:00:00-04:00,5.199999809265137,5.199999809265137,4.360000133514404,4.619999885559082,16450,0.0,0.0
2023-05-26 00:00:00-04:00,4.639999866485596,4.639999866485596,3.552000045776367,4.159999847412109,21900,0.0,0.0
2023-05-30 00:00:00-04:00,4.159999847412109,4.440000057220459,4.079999923706055,4.199999809265137,14475,0.0,0.0
2023-05-31 00:00:00-04:00,4.400000095367432,4.400000095367432,4.159999847412109,4.199999809265137,10875,0.0,0.0
2023-06-01 00:00:00-04:00,4.199999809265137,4.519999980926514,4.159999847412109,4.455999851226807,6475,0.0,0.0
2023-06-02 00:00:00-04:00,4.800000190734863,5.480000019073486,4.519999980926514,5.119999885559082,36125,0.0,0.0
2023-06-05 00:00:00-04:00,5.079999923706055,5.400000095367432,4.960000038146973,4.960000038146973,7075,0.0,0.0
2023-06-06 00:00:00-04:00,4.679999828338623,5.119999885559082,4.639999866485596,4.840000152587891,6625,0.0,0.0
2023-06-07 00:00:00-04:00,4.880000114440918,5.039999961853027,4.519999980926514,4.71999979019165,13750,0.0,0.0
2023-06-08 00:00:00-04:00,4.920000076293945,4.920000076293945,4.5879998207092285,4.639999866485596,9675,0.0,0.0
2023-06-09 00:00:00-04:00,4.679999828338623,4.840000152587891,4.579999923706055,4.639999866485596,5400,0.0,0.0
2023-06-12 00:00:00-04:00,4.71999979019165,5.0,4.519999980926514,4.559999942779541,14675,0.0,0.0
2023-06-13 00:00:00-04:00,4.880000114440918,4.960000038146973,4.599999904632568,4.71999979019165,6900,0.0,0.0
2023-06-14 00:00:00-04:00,4.71999979019165,4.739999771118164,4.440000057220459,4.440000057220459,11950,0.0,0.0
2023-06-15 00:00:00-04:00,4.400000095367432,4.760000228881836,4.400000095367432,4.639999866485596,14975,0.0,0.0
2023-06-16 00:00:00-04:00,4.639999866485596,4.760000228881836,4.400000095367432,4.420000076293945,14000,0.0,0.0
2023-06-20 00:00:00-04:00,4.480000019073486,4.519999980926514,4.239999771118164,4.28000020980835,12600,0.0,0.0
2023-06-21 00:00:00-04:00,4.440000057220459,4.559999942779541,4.159999847412109,4.320000171661377,10350,0.0,0.0
2023-06-22 00:00:00-04:00,4.28000020980835,4.440000057220459,4.079999923706055,4.28000020980835,4250,0.0,0.0
2023-06-23 00:00:00-04:00,4.480000019073486,4.480000019073486,4.099999904632568,4.239999771118164,9125,0.0,0.0
2023-06-26 00:00:00-04:00,4.559999942779541,4.559999942779541,4.0,4.119999885559082,9575,0.0,0.0
2023-06-27 00:00:00-04:00,4.239999771118164,4.28000020980835,3.880000114440918,3.9200000762939453,30875,0.0,0.0
2023-06-28 00:00:00-04:00,4.0,4.119999885559082,3.880000114440918,3.9800000190734863,10950,0.0,0.0
2023-06-29 00:00:00-04:00,4.119999885559082,4.159999847412109,3.9839999675750732,4.039999961853027,4100,0.0,0.0
2023-06-30 00:00:00-04:00,4.079999923706055,4.079999923706055,3.880000114440918,3.880000114440918,8575,0.0,0.0
2023-07-03 00:00:00-04:00,3.9600000381469727,4.320000171661377,3.9600000381469727,4.139999866485596,12175,0.0,0.0
2023-07-05 00:00:00-04:00,4.0,4.119999885559082,3.880000114440918,3.9600000381469727,22025,0.0,0.0
2023-07-06 00:00:00-04:00,3.9600000381469727,4.21999979019165,3.9600000381469727,4.21999979019165,13450,0.0,0.0
2023-07-07 00:00:00-04:00,4.360000133514404,4.360000133514404,4.0,4.119999885559082,10325,0.0,0.0
2023-07-10 00:00:00-04:00,4.039999961853027,4.199999809265137,4.039999961853027,4.039999961853027,7000,0.0,0.0
2023-07-11 00:00:00-04:00,4.039999961853027,4.159999847412109,3.9240000247955322,3.927999973297119,11000,0.0,0.0
2023-07-12 00:00:00-04:00,3.9800000190734863,4.239999771118164,3.7200000286102295,3.759999990463257,38525,0.0,0.0
2023-07-13 00:00:00-04:00,3.880000114440918,3.9600000381469727,3.559999942779541,3.9159998893737793,52950,0.0,0.0
2023-07-14 00:00:00-04:00,3.8399999141693115,4.079999923706055,3.759999990463257,4.079999923706055,21300,0.0,0.0
2023-07-17 00:00:00-04:00,3.9560000896453857,4.239999771118164,3.759999990463257,4.199999809265137,68100,0.0,0.0
2023-07-18 00:00:00-04:00,4.239999771118164,5.400000095367432,4.159999847412109,4.679999828338623,55675,0.0,0.0
2023-07-19 00:00:00-04:00,4.760000228881836,5.440000057220459,4.480000019073486,4.679999828338623,53175,0.0,0.0
2023-07-20 00:00:00-04:00,4.480000019073486,4.519999980926514,3.9200000762939453,4.28000020980835,49175,0.0,0.0
2023-07-21 00:00:00-04:00,4.400000095367432,4.400000095367432,4.0,4.059999942779541,23575,0.0,0.0
2023-07-24 00:00:00-04:00,4.079999923706055,5.519999980926514,4.079999923706055,4.920000076293945,213650,0.0,0.0
2023-07-25 00:00:00-04:00,8.0,10.640000343322754,7.920000076293945,8.399999618530273,16980050,0.0,0.0
2023-07-26 00:00:00-04:00,7.559999942779541,7.800000190734863,6.599999904632568,6.840000152587891,1004675,0.0,0.0
2023-07-27 00:00:00-04:00,6.440000057220459,6.480000019073486,5.760000228881836,6.0,501875,0.0,0.0
2023-07-28 00:00:00-04:00,6.119999885559082,6.519999980926514,5.840000152587891,5.880000114440918,321500,0.0,0.0
2023-07-31 00:00:00-04:00,6.079999923706055,6.360000133514404,5.71999979019165,6.119999885559082,338350,0.0,0.0
2023-08-01 00:00:00-04:00,5.71999979019165,6.800000190734863,5.71999979019165,5.920000076293945,620200,0.0,0.0
2023-08-02 00:00:00-04:00,6.0,7.199999809265137,5.840000152587891,7.039999961853027,435300,0.0,0.0
2023-08-03 00:00:00-04:00,6.519999980926514,7.0,5.039999961853027,5.199999809265137,526800,0.0,0.0
2023-08-04 00:00:00-04:00,5.28000020980835,5.28000020980835,4.480000019073486,5.039999961853027,246400,0.0,0.0
2023-08-07 00:00:00-04:00,4.840000152587891,5.199999809265137,4.840000152587891,4.960000038146973,83700,0.0,0.0
2023-08-08 00:00:00-04:00,4.679999828338623,4.71999979019165,4.239999771118164,4.559999942779541,189800,0.0,0.0
2023-08-09 00:00:00-04:00,4.519999980926514,4.519999980926514,3.2799999713897705,3.4800000190734863,693550,0.0,0.0
2023-08-10 00:00:00-04:00,3.6040000915527344,4.0,3.5399999618530273,3.944000005722046,176650,0.0,0.0
2023-08-11 00:00:00-04:00,3.700000047683716,3.9159998893737793,3.5,3.503999948501587,152775,0.0,0.0
2023-08-14 00:00:00-04:00,3.5399999618530273,3.799999952316284,3.3399999141693115,3.447999954223633,124575,0.0,0.0
2023-08-15 00:00:00-04:00,3.5199999809265137,3.5199999809265137,3.240000009536743,3.2639999389648438,113750,0.0,0.0
2023-08-16 00:00:00-04:00,3.2760000228881836,3.359999895095825,3.119999885559082,3.187999963760376,96100,0.0,0.0
2023-08-17 00:00:00-04:00,3.124000072479248,3.2760000228881836,3.055999994277954,3.115999937057495,90950,0.0,0.0
2023-08-18 00:00:00-04:00,3.200000047683716,3.240000009536743,3.0,3.0799999237060547,129550,0.0,0.0
2023-08-21 00:00:00-04:00,3.119999885559082,3.2799999713897705,2.75600004196167,2.8399999141693115,151000,0.0,0.0
2023-08-22 00:00:00-04:00,2.8239998817443848,2.8399999141693115,2.7200000286102295,2.812000036239624,87175,0.0,0.0
2023-08-23 00:00:00-04:00,2.759999990463257,2.9159998893737793,2.680000066757202,2.759999990463257,61200,0.0,0.0
2023-08-24 00:00:00-04:00,2.9040000438690186,2.9040000438690186,2.7119998931884766,2.799999952316284,46450,0.0,0.0
2023-08-25 00:00:00-04:00,2.9079999923706055,2.9079999923706055,2.7200000286102295,2.799999952316284,60050,0.0,0.0
2023-08-28 00:00:00-04:00,2.799999952316284,2.864000082015991,2.6679999828338623,2.7360000610351562,50800,0.0,0.0
2023-08-29 00:00:00-04:00,2.7039999961853027,2.759999990463257,2.6040000915527344,2.7039999961853027,167775,0.0,0.0
2023-08-30 00:00:00-04:00,2.6640000343322754,2.864000082015991,2.5959999561309814,2.7880001068115234,138075,0.0,0.0
2023-08-31 00:00:00-04:00,2.884000062942505,3.0759999752044678,2.7639999389648438,3.0199999809265137,62425,0.0,0.0
2023-09-01 00:00:00-04:00,3.128000020980835,3.131999969482422,2.759999990463257,2.9719998836517334,51450,0.0,0.0
2023-09-05 00:00:00-04:00,2.996000051498413,2.996000051498413,2.759999990463257,2.759999990463257,37175,0.0,0.0
2023-09-06 00:00:00-04:00,2.7200000286102295,2.799999952316284,2.7200000286102295,2.759999990463257,27375,0.0,0.0
2023-09-07 00:00:00-04:00,2.759999990463257,3.059999942779541,2.684000015258789,2.74399995803833,116350,0.0,0.0
2023-09-08 00:00:00-04:00,2.680000066757202,2.8239998817443848,2.624000072479248,2.7880001068115234,54175,0.0,0.0
2023-09-11 00:00:00-04:00,2.8359999656677246,2.880000114440918,2.680000066757202,2.75600004196167,38925,0.0,0.0
2023-09-12 00:00:00-04:00,2.75600004196167,2.7839999198913574,2.684000015258789,2.7200000286102295,27375,0.0,0.0
2023-09-13 00:00:00-04:00,2.759999990463257,2.7920000553131104,2.7200000286102295,2.759999990463257,16650,0.0,0.0
2023-09-14 00:00:00-04:00,2.819999933242798,2.819999933242798,2.691999912261963,2.740000009536743,13925,0.0,0.0
2023-09-15 00:00:00-04:00,2.7160000801086426,2.799999952316284,2.684000015258789,2.799999952316284,10325,0.0,0.0
2023-09-18 00:00:00-04:00,2.759999990463257,2.759999990463257,2.700000047683716,2.759999990463257,17100,0.0,0.0
2023-09-19 00:00:00-04:00,2.7119998931884766,2.740000009536743,2.680000066757202,2.7200000286102295,21475,0.0,0.0
2023-09-20 00:00:00-04:00,2.7799999713897705,2.7799999713897705,2.6760001182556152,2.696000099182129,13650,0.0,0.0
2023-09-21 00:00:00-04:00,2.6679999828338623,2.7639999389648438,2.5320000648498535,2.559999942779541,34375,0.0,0.0
2023-09-22 00:00:00-04:00,2.5999999046325684,2.5999999046325684,2.5239999294281006,2.559999942779541,12900,0.0,0.0
2023-09-25 00:00:00-04:00,2.5199999809265137,2.5280001163482666,2.359999895095825,2.496000051498413,31300,0.0,0.0
2023-09-26 00:00:00-04:00,2.4800000190734863,2.4839999675750732,2.4000000953674316,2.4000000953674316,20425,0.0,0.0
2023-09-27 00:00:00-04:00,2.4800000190734863,2.4800000190734863,2.2039999961853027,2.440000057220459,29875,0.0,0.0
2023-09-28 00:00:00-04:00,2.4000000953674316,2.440000057220459,2.3359999656677246,2.4040000438690186,11050,0.0,0.0
2023-09-29 00:00:00-04:00,2.4600000381469727,2.5199999809265137,2.319999933242798,2.4719998836517334,11000,0.0,0.0
2023-10-02 00:00:00-04:00,2.4800000190734863,2.4800000190734863,2.2920000553131104,2.364000082015991,29975,0.0,0.0
2023-10-03 00:00:00-04:00,2.364000082015991,2.380000114440918,2.2679998874664307,2.2799999713897705,17975,0.0,0.0
2023-10-04 00:00:00-04:00,2.319999933242798,2.319999933242798,2.140000104904175,2.2960000038146973,31775,0.0,0.0
2023-10-05 00:00:00-04:00,2.380000114440918,2.380000114440918,2.0280001163482666,2.1559998989105225,57075,0.0,0.0
2023-10-06 00:00:00-04:00,2.0799999237060547,2.140000104904175,1.9199999570846558,2.0399999618530273,71375,0.0,0.0
2023-10-09 00:00:00-04:00,2.200000047683716,2.2200000286102295,2.003999948501587,2.0920000076293945,33900,0.0,0.0
2023-10-10 00:00:00-04:00,2.059999942779541,2.059999942779541,1.8880000114440918,1.944000005722046,37200,0.0,0.0
2023-10-11 00:00:00-04:00,1.9279999732971191,1.9639999866485596,1.7640000581741333,1.7799999713897705,75550,0.0,0.0
2023-10-12 00:00:00-04:00,1.7999999523162842,1.840000033378601,1.6799999475479126,1.7999999523162842,26425,0.0,0.0
2023-10-13 00:00:00-04:00,1.840000033378601,1.8600000143051147,1.7599999904632568,1.7960000038146973,20550,0.0,0.0
2023-10-16 00:00:00-04:00,1.8880000114440918,2.0799999237060547,1.840000033378601,2.059999942779541,44750,0.0,0.0
2023-10-17 00:00:00-04:00,2.0799999237060547,2.2360000610351562,2.0,2.2360000610351562,42875,0.0,0.0
2023-10-18 00:00:00-04:00,2.4000000953674316,2.4000000953674316,2.200000047683716,2.2760000228881836,44150,0.0,0.0
2023-10-19 00:00:00-04:00,2.303999900817871,2.359999895095825,2.063999891281128,2.184000015258789,16400,0.0,0.0
2023-10-20 00:00:00-04:00,2.124000072479248,2.1600000858306885,2.0360000133514404,2.119999885559082,7025,0.0,0.0
2023-10-23 00:00:00-04:00,2.1440000534057617,2.184000015258789,2.059999942779541,2.0999999046325684,18075,0.0,0.0
2023-10-24 00:00:00-04:00,2.124000072479248,2.2320001125335693,2.0999999046325684,2.135999917984009,7175,0.0,0.0
2023-10-25 00:00:00-04:00,2.1600000858306885,2.359999895095825,2.0959999561309814,2.328000068664551,35350,0.0,0.0
2023-10-26 00:00:00-04:00,2.2799999713897705,2.328000068664551,2.2119998931884766,2.319999933242798,21250,0.0,0.0
2023-10-27 00:00:00-04:00,2.25600004196167,2.3559999465942383,2.191999912261963,2.2720000743865967,14425,0.0,0.0
2023-10-30 00:00:00-04:00,2.2799999713897705,2.308000087738037,2.0799999237060547,2.0920000076293945,13700,0.0,0.0
2023-10-31 00:00:00-04:00,2.0759999752044678,2.1600000858306885,2.0239999294281006,2.119999885559082,12800,0.0,0.0
2023-11-01 00:00:00-04:00,2.184000015258789,2.184000015258789,1.8880000114440918,1.9040000438690186,18625,0.0,0.0
2023-11-02 00:00:00-04:00,2.059999942779541,2.059999942779541,1.899999976158142,1.944000005722046,21475,0.0,0.0
2023-11-03 00:00:00-04:00,1.9600000381469727,2.0399999618530273,1.9600000381469727,1.9759999513626099,15650,0.0,0.0
2023-11-06 00:00:00-05:00,2.0399999618530273,2.1440000534057617,1.9800000190734863,2.140000104904175,45000,0.0,0.0
2023-11-07 00:00:00-05:00,2.1600000858306885,2.1600000858306885,2.055999994277954,2.128000020980835,19300,0.0,0.0
2023-11-08 00:00:00-05:00,2.140000104904175,2.140000104904175,1.944000005722046,2.0199999809265137,38450,0.0,0.0
2023-11-09 00:00:00-05:00,2.0799999237060547,2.119999885559082,2.0199999809265137,2.055999994277954,19675,0.0,0.0
2023-11-10 00:00:00-05:00,2.0399999618530273,2.0999999046325684,2.0,2.0,9600,0.0,0.0
2023-11-13 00:00:00-05:00,2.0999999046325684,2.0999999046325684,2.003999948501587,2.0840001106262207,9950,0.0,0.0
2023-11-14 00:00:00-05:00,2.0239999294281006,2.0840001106262207,2.003999948501587,2.0799999237060547,12825,0.0,0.0
2023-11-15 00:00:00-05:00,2.063999891281128,2.068000078201294,2.01200008392334,2.068000078201294,6250,0.0,0.0
2023-11-16 00:00:00-05:00,2.0799999237060547,2.0799999237060547,2.0,2.063999891281128,20350,0.0,0.0
2023-11-17 00:00:00-05:00,2.0399999618530273,2.119999885559082,2.0199999809265137,2.0199999809265137,12900,0.0,0.0
2023-11-20 00:00:00-05:00,2.0399999618530273,2.0399999618530273,1.968000054359436,1.972000002861023,26600,0.0,0.0
2023-11-21 00:00:00-05:00,1.8519999980926514,1.9800000190734863,1.8279999494552612,1.8519999980926514,35475,0.0,0.0
2023-11-22 00:00:00-05:00,1.8200000524520874,1.8799999952316284,1.7999999523162842,1.7999999523162842,26850,0.0,0.0
2023-11-24 00:00:00-05:00,1.8960000276565552,1.9119999408721924,1.840000033378601,1.840000033378601,12175,0.0,0.0
2023-11-27 00:00:00-05:00,1.840000033378601,1.9079999923706055,1.840000033378601,1.8760000467300415,9675,0.0,0.0
2023-11-28 00:00:00-05:00,1.8079999685287476,1.9600000381469727,1.8079999685287476,1.8480000495910645,24550,0.0,0.0
2023-11-29 00:00:00-05:00,1.940000057220459,1.940000057220459,1.8799999952316284,1.8799999952316284,13125,0.0,0.0
2023-11-30 00:00:00-05:00,1.899999976158142,1.9479999542236328,1.8799999952316284,1.9320000410079956,10700,0.0,0.0
2023-12-01 00:00:00-05:00,1.940000057220459,1.996000051498413,1.9160000085830688,1.940000057220459,14025,0.0,0.0
2023-12-04 00:00:00-05:00,1.8799999952316284,1.9199999570846558,1.8519999980926514,1.8799999952316284,21050,0.0,0.0
2023-12-05 00:00:00-05:00,1.8600000143051147,1.8680000305175781,1.815999984741211,1.8600000143051147,16325,0.0,0.0
2023-12-06 00:00:00-05:00,1.8079999685287476,1.8680000305175781,1.8079999685287476,1.8600000143051147,42825,0.0,0.0
2023-12-07 00:00:00-05:00,1.8240000009536743,1.8600000143051147,1.7599999904632568,1.7599999904632568,59750,0.0,0.0
2023-12-08 00:00:00-05:00,1.840000033378601,1.840000033378601,1.6920000314712524,1.7200000286102295,35150,0.0,0.0
2023-12-11 00:00:00-05:00,1.7200000286102295,1.7239999771118164,1.6399999856948853,1.6799999475479126,37900,0.0,0.0
2023-12-12 00:00:00-05:00,1.7599999904632568,1.7599999904632568,1.5,1.5199999809265137,73225,0.0,0.0
2023-12-13 00:00:00-05:00,1.5199999809265137,1.5920000076293945,1.4800000190734863,1.5759999752044678,39600,0.0,0.0
2023-12-14 00:00:00-05:00,1.503999948501587,1.6480000019073486,1.472000002861023,1.5,120600,0.0,0.0
2023-12-15 00:00:00-05:00,1.5199999809265137,1.5640000104904175,1.4600000381469727,1.4639999866485596,47450,0.0,0.0
2023-12-18 00:00:00-05:00,1.5,1.5160000324249268,1.399999976158142,1.4279999732971191,89700,0.0,0.0
2023-12-19 00:00:00-05:00,1.4600000381469727,1.4639999866485596,1.3600000143051147,1.3760000467300415,176575,0.0,0.0
2023-12-20 00:00:00-05:00,1.4359999895095825,1.4359999895095825,1.3200000524520874,1.3200000524520874,63900,0.0,0.0
2023-12-21 00:00:00-05:00,1.399999976158142,1.399999976158142,1.284000039100647,1.2879999876022339,53875,0.0,0.0
2023-12-22 00:00:00-05:00,1.3559999465942383,1.371999979019165,1.2719999551773071,1.2719999551773071,72775,0.0,0.0
2023-12-26 00:00:00-05:00,1.3359999656677246,1.3359999656677246,1.2400000095367432,1.312000036239624,53525,0.0,0.0
2023-12-27 00:00:00-05:00,1.3200000524520874,1.3600000143051147,1.2799999713897705,1.312000036239624,80300,0.0,0.0
2023-12-28 00:00:00-05:00,1.3200000524520874,1.4759999513626099,1.3040000200271606,1.4520000219345093,77775,0.0,0.0
2023-12-29 00:00:00-05:00,1.4800000190734863,1.496000051498413,1.4119999408721924,1.4600000381469727,59175,0.0,0.0
2024-01-02 00:00:00-05:00,1.5199999809265137,1.840000033378601,1.4880000352859497,1.8200000524520874,140725,0.0,0.0
2024-01-03 00:00:00-05:00,1.7599999904632568,1.815999984741211,1.600000023841858,1.7319999933242798,53175,0.0,0.0
2024-01-04 00:00:00-05:00,1.6959999799728394,1.7319999933242798,1.5199999809265137,1.5880000591278076,43300,0.0,0.0
2024-01-05 00:00:00-05:00,1.5440000295639038,1.600000023841858,1.4919999837875366,1.503999948501587,96725,0.0,0.0
2024-01-08 00:00:00-05:00,1.5080000162124634,1.5959999561309814,1.4839999675750732,1.5399999618530273,27550,0.0,0.0
2024-01-09 00:00:00-05:00,1.5759999752044678,1.5839999914169312,1.4800000190734863,1.503999948501587,25650,0.0,0.0
2024-01-10 00:00:00-05:00,1.5920000076293945,1.6319999694824219,1.503999948501587,1.555999994277954,10575,0.0,0.0
2024-01-11 00:00:00-05:00,1.628000020980835,1.628000020980835,1.472000002861023,1.4880000352859497,32550,0.0,0.0
2024-01-12 00:00:00-05:00,1.5119999647140503,1.531999945640564,1.4880000352859497,1.5199999809265137,22300,0.0,0.0
2024-01-16 00:00:00-05:00,1.559999942779541,1.5720000267028809,1.440000057220459,1.440000057220459,70825,0.0,0.0
2024-01-17 00:00:00-05:00,1.440000057220459,1.4559999704360962,1.399999976158142,1.4040000438690186,11625,0.0,0.0
2024-01-18 00:00:00-05:00,1.4160000085830688,1.4160000085830688,1.3200000524520874,1.3600000143051147,58800,0.0,0.0
2024-01-19 00:00:00-05:00,1.3200000524520874,1.3880000114440918,1.2400000095367432,1.2960000038146973,123825,0.0,0.0
2024-01-22 00:00:00-05:00,1.315999984741211,1.3200000524520874,1.2400000095367432,1.24399995803833,29175,0.0,0.0
2024-01-23 00:00:00-05:00,1.24399995803833,1.284000039100647,1.24399995803833,1.2680000066757202,22750,0.0,0.0
2024-01-24 00:00:00-05:00,1.2879999876022339,1.3919999599456787,1.2799999713897705,1.3279999494552612,12225,0.0,0.0
2024-01-25 00:00:00-05:00,1.3600000143051147,1.4040000438690186,1.2999999523162842,1.3960000276565552,19450,0.0,0.0
2024-01-26 00:00:00-05:00,1.3040000200271606,1.3480000495910645,1.2599999904632568,1.2920000553131104,32000,0.0,0.0
2024-01-29 00:00:00-05:00,1.3200000524520874,1.3600000143051147,1.2999999523162842,1.3559999465942383,16650,0.0,0.0
2024-01-30 00:00:00-05:00,1.3519999980926514,1.3919999599456787,1.284000039100647,1.371999979019165,12950,0.0,0.0
2024-01-31 00:00:00-05:00,1.3480000495910645,1.3799999952316284,1.3200000524520874,1.3559999465942383,11850,0.0,0.0
2024-02-01 00:00:00-05:00,1.3519999980926514,1.4479999542236328,1.3519999980926514,1.3639999628067017,26475,0.0,0.0
2024-02-02 00:00:00-05:00,1.472000002861023,1.6799999475479126,1.3600000143051147,1.5199999809265137,67325,0.0,0.0
2024-02-05 00:00:00-05:00,1.559999942779541,1.7200000286102295,1.5,1.6519999504089355,55200,0.0,0.0
2024-02-06 00:00:00-05:00,1.7079999446868896,1.7999999523162842,1.6519999504089355,1.7400000095367432,56450,0.0,0.0
2024-02-07 00:00:00-05:00,1.7039999961853027,1.7999999523162842,1.6519999504089355,1.715999960899353,19775,0.0,0.0
2024-02-08 00:00:00-05:00,1.7400000095367432,2.1600000858306885,1.7400000095367432,2.1080000400543213,251300,0.0,0.0
2024-02-09 00:00:00-05:00,2.2279999256134033,2.799999952316284,2.1440000534057617,2.4760000705718994,334725,0.0,0.0
2024-02-12 00:00:00-05:00,2.687999963760376,3.0,2.111999988555908,2.4679999351501465,248000,0.0,0.0
2024-02-13 00:00:00-05:00,2.507999897003174,2.680000066757202,2.3359999656677246,2.4800000190734863,79050,0.0,0.0
2024-02-14 00:00:00-05:00,2.4800000190734863,2.747999906539917,2.4800000190734863,2.7200000286102295,119200,0.0,0.0
2024-02-15 00:00:00-05:00,2.799999952316284,2.9200000762939453,2.628000020980835,2.880000114440918,152275,0.0,0.0
2024-02-16 00:00:00-05:00,2.9200000762939453,2.9200000762939453,2.7239999771118164,2.868000030517578,37425,0.0,0.0
2024-02-20 00:00:00-05:00,2.7799999713897705,2.819999933242798,2.5280001163482666,2.5920000076293945,35600,0.0,0.0
2024-02-21 00:00:00-05:00,2.5280001163482666,2.6480000019073486,2.5,2.5999999046325684,34100,0.0,0.0
2024-02-22 00:00:00-05:00,2.631999969482422,2.631999969482422,2.2360000610351562,2.2760000228881836,71375,0.0,0.0
2024-02-23 00:00:00-05:00,2.240000009536743,2.2839999198913574,2.0920000076293945,2.140000104904175,82050,0.0,0.0
2024-02-26 00:00:00-05:00,2.0840001106262207,2.2039999961853027,2.0399999618530273,2.200000047683716,78000,0.0,0.0
2024-02-27 00:00:00-05:00,2.1600000858306885,2.319999933242798,2.119999885559082,2.2760000228881836,26125,0.0,0.0
2024-02-28 00:00:00-05:00,2.247999906539917,2.4000000953674316,2.2160000801086426,2.252000093460083,70450,0.0,0.0
2024-02-29 00:00:00-05:00,2.2760000228881836,2.2920000553131104,2.119999885559082,2.1600000858306885,23925,0.0,0.0
2024-03-01 00:00:00-05:00,2.1600000858306885,2.2679998874664307,2.0959999561309814,2.1600000858306885,35100,0.0,0.0
2024-03-04 00:00:00-05:00,2.1600000858306885,2.200000047683716,2.0399999618530273,2.0999999046325684,45225,0.0,0.0
2024-03-05 00:00:00-05:00,2.0880000591278076,2.187999963760376,2.0799999237060547,2.187999963760376,21375,0.0,0.0
2024-03-06 00:00:00-05:00,2.1600000858306885,2.200000047683716,2.0999999046325684,2.0999999046325684,20250,0.0,0.0
2024-03-07 00:00:00-05:00,2.0999999046325684,2.1480000019073486,2.0399999618530273,2.111999988555908,27725,0.0,0.0
2024-03-08 00:00:00-05:00,2.063999891281128,2.0759999752044678,1.840000033378601,1.9839999675750732,50950,0.0,0.0
2024-03-11 00:00:00-04:00,1.9240000247955322,2.200000047683716,1.9240000247955322,2.072000026702881,38325,0.0,0.0
2024-03-12 00:00:00-04:00,2.131999969482422,2.1480000019073486,2.0399999618530273,2.0799999237060547,28925,0.0,0.0
2024-03-13 00:00:00-04:00,2.131999969482422,2.1600000858306885,2.0,2.0799999237060547,13400,0.0,0.0
2024-03-14 00:00:00-04:00,2.0799999237060547,2.131999969482422,1.968000054359436,2.0840001106262207,37300,0.0,0.0
2024-03-15 00:00:00-04:00,2.0840001106262207,2.0880000591278076,1.9559999704360962,2.0,31975,0.0,0.0
2024-03-18 00:00:00-04:00,2.0399999618530273,2.0480000972747803,1.944000005722046,1.9600000381469727,25425,0.0,0.0
2024-03-19 00:00:00-04:00,1.9600000381469727,2.0,1.9279999732971191,1.9600000381469727,9250,0.0,0.0
2024-03-20 00:00:00-04:00,1.996000051498413,2.072000026702881,1.9600000381469727,2.0160000324249268,33550,0.0,0.0
2024-03-21 00:00:00-04:00,2.0199999809265137,2.0199999809265137,1.9600000381469727,1.9600000381469727,13850,0.0,0.0
2024-03-22 00:00:00-04:00,2.0160000324249268,2.0160000324249268,1.8839999437332153,1.8839999437332153,15700,0.0,0.0
2024-03-25 00:00:00-04:00,1.9040000438690186,1.9279999732971191,1.8600000143051147,1.8600000143051147,10225,0.0,0.0
2024-03-26 00:00:00-04:00,1.940000057220459,1.940000057220459,1.75600004196167,1.7760000228881836,27575,0.0,0.0
2024-03-27 00:00:00-04:00,1.7999999523162842,1.840000033378601,1.7999999523162842,1.7999999523162842,12950,0.0,0.0
2024-03-28 00:00:00-04:00,1.8559999465942383,1.8559999465942383,1.812000036239624,1.815999984741211,10800,0.0,0.0
2024-04-01 00:00:00-04:00,1.9600000381469727,1.9600000381469727,1.815999984741211,1.8680000305175781,15850,0.0,0.0
2024-04-02 00:00:00-04:00,1.840000033378601,1.968000054359436,1.840000033378601,1.899999976158142,17000,0.0,0.0
2024-04-03 00:00:00-04:00,1.9600000381469727,2.0799999237060547,1.9079999923706055,1.9800000190734863,62125,0.0,0.0
2024-04-04 00:00:00-04:00,1.9639999866485596,2.0360000133514404,1.8839999437332153,1.8839999437332153,30075,0.0,0.0
2024-04-05 00:00:00-04:00,1.9160000085830688,1.9240000247955322,1.8519999980926514,1.8760000467300415,13150,0.0,0.0
2024-04-08 00:00:00-04:00,1.9559999704360962,1.9559999704360962,1.8799999952316284,1.8880000114440918,11900,0.0,0.0
2024-04-09 00:00:00-04:00,1.9559999704360962,1.9559999704360962,1.8799999952316284,1.8839999437332153,6275,0.0,0.0
2024-04-10 00:00:00-04:00,1.8799999952316284,1.9079999923706055,1.8639999628067017,1.8639999628067017,9025,0.0,0.0
2024-04-11 00:00:00-04:00,1.8799999952316284,1.899999976158142,1.840000033378601,1.840000033378601,5950,0.0,0.0
2024-04-12 00:00:00-04:00,1.8040000200271606,1.840000033378601,1.7599999904632568,1.7599999904632568,17875,0.0,0.0
2024-04-15 00:00:00-04:00,1.7599999904632568,1.840000033378601,1.7400000095367432,1.7400000095367432,6425,0.0,0.0
2024-04-16 00:00:00-04:00,1.7400000095367432,1.7799999713897705,1.600000023841858,1.6239999532699585,12925,0.0,0.0
2024-04-17 00:00:00-04:00,1.6200000047683716,1.7000000476837158,1.600000023841858,1.6200000047683716,11025,0.0,0.0
2024-04-18 00:00:00-04:00,1.6399999856948853,1.6799999475479126,1.6200000047683716,1.6799999475479126,7800,0.0,0.0
2024-04-19 00:00:00-04:00,1.6799999475479126,1.6959999799728394,1.6239999532699585,1.6319999694824219,17125,0.0,0.0
2024-04-22 00:00:00-04:00,1.6319999694824219,1.6480000019073486,1.600000023841858,1.600000023841858,3325,0.0,0.0
2024-04-23 00:00:00-04:00,1.6399999856948853,1.7000000476837158,1.628000020980835,1.6720000505447388,11675,0.0,0.0
2024-04-24 00:00:00-04:00,1.7200000286102295,1.7200000286102295,1.6399999856948853,1.6399999856948853,7575,0.0,0.0
2024-04-25 00:00:00-04:00,1.6640000343322754,1.7280000448226929,1.6239999532699585,1.6239999532699585,12050,0.0,0.0
2024-04-26 00:00:00-04:00,1.6959999799728394,1.7400000095367432,1.6239999532699585,1.6640000343322754,21475,0.0,0.0
2024-04-29 00:00:00-04:00,1.656000018119812,1.7799999713897705,1.656000018119812,1.687999963760376,19825,0.0,0.0
2024-04-30 00:00:00-04:00,1.687999963760376,1.7719999551773071,1.687999963760376,1.715999960899353,10425,0.0,0.0
2024-05-01 00:00:00-04:00,1.7599999904632568,1.784000039100647,1.7079999446868896,1.7079999446868896,6600,0.0,0.0
2024-05-02 00:00:00-04:00,1.7120000123977661,1.8200000524520874,1.7120000123977661,1.8200000524520874,13175,0.0,0.0
2024-05-03 00:00:00-04:00,1.8559999465942383,2.0,1.840000033378601,1.8799999952316284,26825,0.0,0.0
2024-05-06 00:00:00-04:00,1.9759999513626099,2.0,1.8919999599456787,1.940000057220459,31075,0.0,0.0
2024-05-07 00:00:00-04:00,1.9600000381469727,1.9600000381469727,1.843999981880188,1.8639999628067017,7775,0.0,0.0
2024-05-08 00:00:00-04:00,1.840000033378601,1.8799999952316284,1.7999999523162842,1.8200000524520874,34275,0.0,0.0
2024-05-09 00:00:00-04:00,1.8279999494552612,1.8799999952316284,1.7480000257492065,1.8040000200271606,9825,0.0,0.0
2024-05-10 00:00:00-04:00,1.8040000200271606,1.8919999599456787,1.8040000200271606,1.8320000171661377,5175,0.0,0.0
2024-05-13 00:00:00-04:00,1.840000033378601,1.8799999952316284,1.8320000171661377,1.8600000143051147,3950,0.0,0.0
2024-05-14 00:00:00-04:00,1.7999999523162842,1.9160000085830688,1.7999999523162842,1.8559999465942383,14475,0.0,0.0
2024-05-15 00:00:00-04:00,1.9119999408721924,1.9600000381469727,1.8919999599456787,1.9479999542236328,14525,0.0,0.0
2024-05-16 00:00:00-04:00,1.9199999570846558,1.996000051498413,1.9199999570846558,1.9600000381469727,15700,0.0,0.0
2024-05-17 00:00:00-04:00,1.9839999675750732,2.0,1.7999999523162842,1.9079999923706055,28875,0.0,0.0
2024-05-20 00:00:00-04:00,1.9199999570846558,1.9520000219345093,1.8799999952316284,1.9520000219345093,15200,0.0,0.0
2024-05-21 00:00:00-04:00,1.9520000219345093,2.0,1.8799999952316284,1.9479999542236328,14125,0.0,0.0
2024-05-22 00:00:00-04:00,1.8799999952316284,1.9160000085830688,1.843999981880188,1.843999981880188,12500,0.0,0.0
2024-05-23 00:00:00-04:00,1.8799999952316284,1.9240000247955322,1.843999981880188,1.843999981880188,14725,0.0,0.0
2024-05-24 00:00:00-04:00,1.9199999570846558,1.9199999570846558,1.8279999494552612,1.9079999923706055,9375,0.0,0.0
2024-05-28 00:00:00-04:00,1.9199999570846558,1.9199999570846558,1.8680000305175781,1.8880000114440918,18475,0.0,0.0
2024-05-29 00:00:00-04:00,1.8799999952316284,1.8880000114440918,1.7719999551773071,1.7999999523162842,16900,0.0,0.0
2024-05-30 00:00:00-04:00,1.8799999952316284,1.8799999952316284,1.8040000200271606,1.8519999980926514,7300,0.0,0.0
2024-05-31 00:00:00-04:00,1.9199999570846558,1.9199999570846558,1.8480000495910645,1.8799999952316284,2775,0.0,0.0
2024-06-03 00:00:00-04:00,1.8960000276565552,1.8960000276565552,1.8320000171661377,1.8760000467300415,5200,0.0,0.0
2024-06-04 00:00:00-04:00,1.8799999952316284,1.9160000085830688,1.8320000171661377,1.843999981880188,8825,0.0,0.0
2024-06-05 00:00:00-04:00,1.840000033378601,1.843999981880188,1.7719999551773071,1.7920000553131104,12225,0.0,0.0
2024-06-06 00:00:00-04:00,1.7920000553131104,1.7999999523162842,1.7359999418258667,1.7680000066757202,9225,0.0,0.0
2024-06-07 00:00:00-04:00,1.7799999713897705,1.7799999713897705,1.7200000286102295,1.7319999933242798,7675,0.0,0.0
2024-06-10 00:00:00-04:00,1.7319999933242798,1.996000051498413,1.7000000476837158,1.7799999713897705,140725,0.0,0.0
2024-06-11 00:00:00-04:00,1.8799999952316284,1.8799999952316284,1.7920000553131104,1.7920000553131104,10775,0.0,0.0
2024-06-12 00:00:00-04:00,1.8559999465942383,1.9600000381469727,1.7960000038146973,1.8839999437332153,13100,0.0,0.0
2024-06-13 00:00:00-04:00,1.8760000467300415,1.9119999408721924,1.8200000524520874,1.9040000438690186,14650,0.0,0.0
2024-06-14 00:00:00-04:00,1.840000033378601,1.8480000495910645,1.7519999742507935,1.7799999713897705,9675,0.0,0.0
2024-06-17 00:00:00-04:00,1.7799999713897705,1.8200000524520874,1.74399995803833,1.7599999904632568,11025,0.0,0.0
2024-06-18 00:00:00-04:00,1.7599999904632568,1.7960000038146973,1.6720000505447388,1.7400000095367432,25900,0.0,0.0
2024-06-20 00:00:00-04:00,1.7280000448226929,1.7960000038146973,1.5880000591278076,1.7319999933242798,24850,0.0,0.0
2024-06-21 00:00:00-04:00,1.7319999933242798,1.75600004196167,1.6799999475479126,1.7000000476837158,9275,0.0,0.0
2024-06-24 00:00:00-04:00,1.7200000286102295,1.840000033378601,1.6920000314712524,1.7999999523162842,9475,0.0,0.0
2024-06-25 00:00:00-04:00,1.7960000038146973,1.7960000038146973,1.7280000448226929,1.7359999418258667,5875,0.0,0.0
2024-06-26 00:00:00-04:00,1.7120000123977661,1.7960000038146973,1.4800000190734863,1.7200000286102295,18350,0.0,0.0
2024-06-27 00:00:00-04:00,1.7280000448226929,1.784000039100647,1.7200000286102295,1.7239999771118164,5550,0.0,0.0
2024-06-28 00:00:00-04:00,1.74399995803833,1.75600004196167,1.6720000505447388,1.6799999475479126,4175,0.0,0.0
2024-07-01 00:00:00-04:00,1.6799999475479126,1.7200000286102295,1.6399999856948853,1.6720000505447388,9200,0.0,0.0
2024-07-02 00:00:00-04:00,1.6679999828338623,1.7200000286102295,1.6679999828338623,1.6759999990463257,6225,0.0,0.0
2024-07-03 00:00:00-04:00,1.7319999933242798,1.7599999904632568,1.6480000019073486,1.6799999475479126,5875,0.0,0.0
2024-07-05 00:00:00-04:00,1.6799999475479126,1.7480000257492065,1.6799999475479126,1.7200000286102295,9775,0.0,0.0
2024-07-08 00:00:00-04:00,1.7599999904632568,1.8200000524520874,1.7200000286102295,1.7319999933242798,8675,0.0,0.0
2024-07-09 00:00:00-04:00,1.74399995803833,1.7599999904632568,1.6799999475479126,1.715999960899353,5300,0.0,0.0
2024-07-10 00:00:00-04:00,1.6799999475479126,1.7760000228881836,1.6039999723434448,1.7760000228881836,39075,0.0,0.0
2024-07-11 00:00:00-04:00,1.7719999551773071,1.7760000228881836,1.6039999723434448,1.7480000257492065,29800,0.0,0.0
2024-07-12 00:00:00-04:00,1.7200000286102295,1.7599999904632568,1.6119999885559082,1.7400000095367432,10925,0.0,0.0
2024-07-15 00:00:00-04:00,1.7400000095367432,1.7920000553131104,1.684000015258789,1.7200000286102295,4575,0.0,0.0
2024-07-16 00:00:00-04:00,1.7200000286102295,1.7359999418258667,1.6039999723434448,1.6399999856948853,20475,0.0,0.0
2024-07-17 00:00:00-04:00,1.6399999856948853,1.7200000286102295,1.6039999723434448,1.628000020980835,7400,0.0,0.0
2024-07-18 00:00:00-04:00,1.6399999856948853,1.6399999856948853,1.5800000429153442,1.5800000429153442,16650,0.0,0.0
2024-07-19 00:00:00-04:00,1.6440000534057617,1.6799999475479126,1.559999942779541,1.6039999723434448,5950,0.0,0.0
2024-07-22 00:00:00-04:00,1.6039999723434448,1.687999963760376,1.5240000486373901,1.5240000486373901,21350,0.0,0.0
2024-07-23 00:00:00-04:00,1.555999994277954,1.5640000104904175,1.5199999809265137,1.559999942779541,81650,0.0,0.0
2024-07-24 00:00:00-04:00,1.559999942779541,1.559999942779541,1.5199999809265137,1.559999942779541,6200,0.0,0.0
2024-07-25 00:00:00-04:00,1.559999942779541,1.559999942779541,1.5199999809265137,1.5399999618530273,10425,0.0,0.0
2024-07-26 00:00:00-04:00,1.5240000486373901,1.559999942779541,1.4839999675750732,1.5240000486373901,7325,0.0,0.0
2024-07-29 00:00:00-04:00,1.531999945640564,1.5399999618530273,1.440000057220459,1.4479999542236328,16750,0.0,0.0
2024-07-30 00:00:00-04:00,1.5199999809265137,1.531999945640564,1.4479999542236328,1.4479999542236328,14450,0.0,0.0
2024-07-31 00:00:00-04:00,1.4639999866485596,1.4639999866485596,1.440000057220459,1.4479999542236328,6300,0.0,0.0
2024-08-01 00:00:00-04:00,1.4479999542236328,1.4600000381469727,1.371999979019165,1.371999979019165,15700,0.0,0.0
2024-08-02 00:00:00-04:00,1.399999976158142,1.399999976158142,1.0479999780654907,1.3200000524520874,44500,0.0,0.0
2024-08-05 00:00:00-04:00,1.3600000143051147,1.3600000143051147,1.2359999418258667,1.2400000095367432,19050,0.0,0.0
2024-08-06 00:00:00-04:00,1.2599999904632568,1.2879999876022339,1.0440000295639038,1.2640000581741333,17200,0.0,0.0
2024-08-07 00:00:00-04:00,1.2799999713897705,1.3200000524520874,1.1959999799728394,1.2400000095367432,32100,0.0,0.0
2024-08-08 00:00:00-04:00,1.3079999685287476,1.340000033378601,1.2400000095367432,1.3040000200271606,13325,0.0,0.0
2024-08-09 00:00:00-04:00,1.2999999523162842,1.3320000171661377,1.2680000066757202,1.2879999876022339,5900,0.0,0.0
2024-08-12 00:00:00-04:00,1.3200000524520874,1.3559999465942383,1.315999984741211,1.3519999980926514,6500,0.0,0.0
2024-08-13 00:00:00-04:00,1.399999976158142,1.559999942779541,1.3559999465942383,1.4600000381469727,17875,0.0,0.0
2024-08-14 00:00:00-04:00,1.444000005722046,1.5080000162124634,1.444000005722046,1.4759999513626099,7250,0.0,0.0
2024-08-15 00:00:00-04:00,1.3880000114440918,1.5199999809265137,1.3639999628067017,1.4800000190734863,14775,0.0,0.0
2024-08-16 00:00:00-04:00,1.5199999809265137,1.5800000429153442,1.440000057220459,1.503999948501587,15175,0.0,0.0
2024-08-19 00:00:00-04:00,1.5160000324249268,2.7960000038146973,1.444000005722046,2.2360000610351562,3540775,0.0,0.0
2024-08-20 00:00:00-04:00,2.2160000801086426,2.2799999713897705,1.944000005722046,1.9600000381469727,506950,0.0,0.0
2024-08-21 00:00:00-04:00,2.0399999618530273,2.115999937057495,1.9800000190734863,2.0360000133514404,75975,0.0,0.0
2024-08-22 00:00:00-04:00,2.0799999237060547,2.2200000286102295,2.052000045776367,2.140000104904175,52100,0.0,0.0
2024-08-23 00:00:00-04:00,2.1440000534057617,2.171999931335449,2.063999891281128,2.1559998989105225,29900,0.0,0.0
2024-08-26 00:00:00-04:00,2.140000104904175,2.2360000610351562,2.1080000400543213,2.2360000610351562,31400,0.0,0.0
2024-08-27 00:00:00-04:00,2.200000047683716,2.3559999465942383,2.128000020980835,2.319999933242798,31325,0.0,0.0
2024-08-28 00:00:00-04:00,2.3559999465942383,2.563999891281128,2.319999933242798,2.4000000953674316,93875,0.0,0.0
2024-08-29 00:00:00-04:00,2.328000068664551,2.828000068664551,2.3239998817443848,2.680000066757202,142025,0.0,0.0
2024-08-30 00:00:00-04:00,2.7920000553131104,2.7960000038146973,2.680000066757202,2.7679998874664307,26325,0.0,0.0
2024-09-03 00:00:00-04:00,2.7200000286102295,2.7799999713897705,2.440000057220459,2.6040000915527344,54250,0.0,0.0
2024-09-04 00:00:00-04:00,2.5999999046325684,2.680000066757202,2.5360000133514404,2.6760001182556152,26275,0.0,0.0
2024-09-05 00:00:00-04:00,2.680000066757202,2.680000066757202,2.4040000438690186,2.492000102996826,39925,0.0,0.0
2024-09-06 00:00:00-04:00,2.492000102996826,2.5439999103546143,1.899999976158142,2.128000020980835,51375,0.0,0.0
2024-09-09 00:00:00-04:00,2.0,2.1600000858306885,2.0,2.072000026702881,30550,0.0,0.0
2024-09-10 00:00:00-04:00,2.200000047683716,2.7039999961853027,2.200000047683716,2.3440001010894775,172975,0.0,0.0
2024-09-11 00:00:00-04:00,2.380000114440918,2.5920000076293945,2.24399995803833,2.5399999618530273,20350,0.0,0.0
2024-09-12 00:00:00-04:00,2.5399999618530273,2.640000104904175,2.444000005722046,2.555999994277954,42375,0.0,0.0
2024-09-13 00:00:00-04:00,2.5199999809265137,2.635999917984009,2.4000000953674316,2.552000045776367,24225,0.0,0.0
2024-09-16 00:00:00-04:00,2.4760000705718994,2.5999999046325684,2.4240000247955322,2.4240000247955322,10525,0.0,0.0
2024-09-17 00:00:00-04:00,2.4679999351501465,2.552000045776367,2.4079999923706055,2.4600000381469727,14350,0.0,0.0
2024-09-18 00:00:00-04:00,2.4800000190734863,2.680000066757202,2.4000000953674316,2.635999917984009,48425,0.0,0.0
2024-09-19 00:00:00-04:00,2.6600000858306885,2.6600000858306885,2.5399999618530273,2.559999942779541,23325,0.0,0.0
2024-09-20 00:00:00-04:00,2.5439999103546143,2.640000104904175,2.4800000190734863,2.631999969482422,34525,0.0,0.0
2024-09-23 00:00:00-04:00,2.5480000972747803,2.680000066757202,2.444000005722046,2.563999891281128,40175,0.0,0.0
2024-09-24 00:00:00-04:00,2.5480000972747803,2.563999891281128,2.359999895095825,2.4800000190734863,43225,0.0,0.0
2024-09-25 00:00:00-04:00,2.4800000190734863,2.4800000190734863,2.240000009536743,2.319999933242798,16500,0.0,0.0
2024-09-26 00:00:00-04:00,2.3919999599456787,2.440000057220459,2.2799999713897705,2.3480000495910645,22650,0.0,0.0
2024-09-27 00:00:00-04:00,2.3480000495910645,2.359999895095825,2.252000093460083,2.359999895095825,5550,0.0,0.0
2024-09-30 00:00:00-04:00,2.359999895095825,2.4000000953674316,2.2799999713897705,2.2880001068115234,23450,0.0,0.0
2024-10-01 00:00:00-04:00,2.2799999713897705,2.4000000953674316,2.24399995803833,2.3399999141693115,8050,0.0,0.0
2024-10-02 00:00:00-04:00,2.4000000953674316,2.4000000953674316,2.2079999446868896,2.303999900817871,4850,0.0,0.0
2024-10-03 00:00:00-04:00,2.3959999084472656,2.4000000953674316,2.303999900817871,2.3959999084472656,7900,0.0,0.0
2024-10-04 00:00:00-04:00,2.359999895095825,2.384000062942505,2.2799999713897705,2.3559999465942383,10850,0.0,0.0
2024-10-07 00:00:00-04:00,2.3399999141693115,2.5999999046325684,2.3399999141693115,2.5999999046325684,29800,0.0,0.0
2024-10-08 00:00:00-04:00,2.5999999046325684,2.5999999046325684,2.5199999809265137,2.5480000972747803,8650,0.0,0.0
2024-10-09 00:00:00-04:00,2.5160000324249268,2.5199999809265137,2.447999954223633,2.496000051498413,4350,0.0,0.0
2024-10-10 00:00:00-04:00,2.5199999809265137,2.5199999809265137,2.3959999084472656,2.440000057220459,11150,0.0,0.0
2024-10-11 00:00:00-04:00,2.440000057220459,2.492000102996826,2.4040000438690186,2.4800000190734863,11150,0.0,0.0
2024-10-14 00:00:00-04:00,2.4800000190734863,2.5880000591278076,2.4679999351501465,2.5320000648498535,9625,0.0,0.0
2024-10-15 00:00:00-04:00,2.4800000190734863,2.51200008392334,2.4000000953674316,2.440000057220459,10975,0.0,0.0
2024-10-16 00:00:00-04:00,2.4800000190734863,2.4800000190734863,2.4200000762939453,2.4519999027252197,8000,0.0,0.0
2024-10-17 00:00:00-04:00,2.4519999027252197,2.4519999027252197,2.359999895095825,2.364000082015991,11050,0.0,0.0
2024-10-18 00:00:00-04:00,2.440000057220459,2.4639999866485596,2.371999979019165,2.4200000762939453,21500,0.0,0.0
2024-10-21 00:00:00-04:00,2.371999979019165,2.4719998836517334,2.3519999980926514,2.3519999980926514,7850,0.0,0.0
2024-10-22 00:00:00-04:00,2.3519999980926514,2.3959999084472656,2.2920000553131104,2.312000036239624,6675,0.0,0.0
2024-10-23 00:00:00-04:00,2.259999990463257,2.3519999980926514,2.1440000534057617,2.187999963760376,15800,0.0,0.0
2024-10-24 00:00:00-04:00,2.252000093460083,2.2799999713897705,2.0799999237060547,2.0840001106262207,17850,0.0,0.0
2024-10-25 00:00:00-04:00,2.2079999446868896,2.2880001068115234,2.0799999237060547,2.191999912261963,10725,0.0,0.0
2024-10-28 00:00:00-04:00,2.180000066757202,2.2720000743865967,2.01200008392334,2.1600000858306885,13400,0.0,0.0
2024-10-29 00:00:00-04:00,2.0920000076293945,2.2639999389648438,2.068000078201294,2.1440000534057617,9625,0.0,0.0
2024-10-30 00:00:00-04:00,2.128000020980835,2.135999917984009,2.01200008392334,2.0439999103546143,8450,0.0,0.0
2024-10-31 00:00:00-04:00,2.111999988555908,2.111999988555908,2.01200008392334,2.068000078201294,3225,0.0,0.0
2024-11-01 00:00:00-04:00,2.0160000324249268,2.068000078201294,2.0160000324249268,2.0399999618530273,7075,0.0,0.0
2024-11-04 00:00:00-05:00,2.0399999618530273,2.200000047683716,2.0399999618530273,2.0799999237060547,11650,0.0,0.0
2024-11-05 00:00:00-05:00,2.140000104904175,2.2799999713897705,2.0799999237060547,2.240000009536743,9275,0.0,0.0
2024-11-06 00:00:00-05:00,2.184000015258789,2.2799999713897705,2.119999885559082,2.2799999713897705,21075,0.0,0.0
2024-11-07 00:00:00-05:00,2.240000009536743,2.299999952316284,2.124000072479248,2.2839999198913574,8400,0.0,0.0
2024-11-08 00:00:00-05:00,2.319999933242798,2.319999933242798,2.200000047683716,2.240000009536743,9925,0.0,0.0
2024-11-11 00:00:00-05:00,2.240000009536743,2.240000009536743,2.0799999237060547,2.1679999828338623,16675,0.0,0.0
2024-11-12 00:00:00-05:00,2.0920000076293945,2.200000047683716,2.0840001106262207,2.1679999828338623,12525,0.0,0.0
2024-11-13 00:00:00-05:00,2.119999885559082,2.119999885559082,2.0399999618530273,2.0439999103546143,13775,0.0,0.0
2024-11-14 00:00:00-05:00,2.0399999618530273,2.1600000858306885,2.0199999809265137,2.055999994277954,39775,0.0,0.0
2024-11-15 00:00:00-05:00,2.0799999237060547,2.1600000858306885,2.01200008392334,2.052000045776367,8025,0.0,0.0
2024-11-18 00:00:00-05:00,2.0199999809265137,2.119999885559082,1.968000054359436,1.9839999675750732,16500,0.0,0.0
2024-11-19 00:00:00-05:00,2.0239999294281006,2.0920000076293945,1.8519999980926514,2.0399999618530273,17375,0.0,0.0
2024-11-20 00:00:00-05:00,2.007999897003174,2.01200008392334,1.9240000247955322,1.940000057220459,20225,0.0,0.0
2024-11-21 00:00:00-05:00,2.0320000648498535,2.0999999046325684,1.8960000276565552,2.0160000324249268,28525,0.0,0.0
2024-11-22 00:00:00-05:00,1.9600000381469727,2.0799999237060547,1.9040000438690186,1.9639999866485596,13050,0.0,0.0
2024-11-25 00:00:00-05:00,2.0160000324249268,2.0160000324249268,1.9240000247955322,2.0,19725,0.0,0.0
2024-11-26 00:00:00-05:00,1.996000051498413,1.996000051498413,1.8799999952316284,1.9040000438690186,13250,0.0,0.0
2024-11-27 00:00:00-05:00,1.8880000114440918,1.9600000381469727,1.8799999952316284,1.8880000114440918,11475,0.0,0.0
2024-11-29 00:00:00-05:00,1.9559999704360962,2.0,1.8880000114440918,1.9880000352859497,7325,0.0,0.0
2024-12-02 00:00:00-05:00,1.9600000381469727,1.9600000381469727,1.8919999599456787,1.8919999599456787,11675,0.0,0.0
2024-12-03 00:00:00-05:00,1.8960000276565552,1.9880000352859497,1.8760000467300415,1.8760000467300415,9875,0.0,0.0
2024-12-04 00:00:00-05:00,1.9600000381469727,1.9600000381469727,1.8040000200271606,1.8559999465942383,53250,0.0,0.0
2024-12-05 00:00:00-05:00,1.840000033378601,1.940000057220459,1.8320000171661377,1.9160000085830688,13125,0.0,0.0
2024-12-06 00:00:00-05:00,1.8680000305175781,1.9199999570846558,1.8200000524520874,1.8200000524520874,17975,0.0,0.0
2024-12-09 00:00:00-05:00,1.8760000467300415,1.9160000085830688,1.7239999771118164,1.7319999933242798,16975,0.0,0.0
2024-12-10 00:00:00-05:00,1.7799999713897705,1.7799999713897705,1.6399999856948853,1.6440000534057617,20150,0.0,0.0
2024-12-11 00:00:00-05:00,1.6959999799728394,1.7200000286102295,1.656000018119812,1.7200000286102295,10500,0.0,0.0
2024-12-12 00:00:00-05:00,1.7200000286102295,1.7680000066757202,1.715999960899353,1.715999960899353,6675,0.0,0.0
2024-12-13 00:00:00-05:00,1.7200000286102295,1.7879999876022339,1.684000015258789,1.684000015258789,9275,0.0,0.0
2024-12-16 00:00:00-05:00,1.684000015258789,1.7960000038146973,1.6440000534057617,1.6759999990463257,17500,0.0,0.0
2024-12-17 00:00:00-05:00,1.6399999856948853,1.7079999446868896,1.559999942779541,1.6319999694824219,35725,0.0,0.0
2024-12-18 00:00:00-05:00,1.6399999856948853,1.6799999475479126,1.559999942779541,1.5920000076293945,25075,0.0,0.0
2024-12-19 00:00:00-05:00,1.5920000076293945,1.6799999475479126,1.4800000190734863,1.531999945640564,18500,0.0,0.0
2024-12-20 00:00:00-05:00,1.5199999809265137,1.531999945640564,1.4800000190734863,1.503999948501587,18875,0.0,0.0
2024-12-23 00:00:00-05:00,1.5080000162124634,1.600000023841858,1.4600000381469727,1.4639999866485596,34550,0.0,0.0
2024-12-24 00:00:00-05:00,1.4800000190734863,1.600000023841858,1.468000054359436,1.600000023841858,20500,0.0,0.0
2024-12-26 00:00:00-05:00,1.559999942779541,1.6799999475479126,1.5119999647140503,1.6799999475479126,35950,0.0,0.0
2024-12-27 00:00:00-05:00,1.6360000371932983,2.0,1.600000023841858,1.9199999570846558,113050,0.0,0.0
2024-12-30 00:00:00-05:00,2.115999937057495,2.5880000591278076,2.0,2.2239999771118164,967575,0.0,0.0
2024-12-31 00:00:00-05:00,2.0759999752044678,2.1600000858306885,1.8040000200271606,1.8559999465942383,179525,0.0,0.0
2025-01-02 00:00:00-05:00,1.7899999618530273,2.1500000953674316,1.7899999618530273,1.9600000381469727,85800,0.0,0.25
2025-01-03 00:00:00-05:00,1.899999976158142,1.899999976158142,1.6399999856948853,1.7599999904632568,207700,0.0,0.0
2025-01-06 00:00:00-05:00,1.75,1.8799999952316284,1.7000000476837158,1.7719999551773071,75600,0.0,0.0
2025-01-07 00:00:00-05:00,1.7300000190734863,1.8200000524520874,1.7000000476837158,1.7300000190734863,38400,0.0,0.0
2025-01-08 00:00:00-05:00,1.7100000381469727,1.7869999408721924,1.6610000133514404,1.75,41400,0.0,0.0
2025-01-10 00:00:00-05:00,1.7300000190734863,1.7369999885559082,1.600000023841858,1.690000057220459,37900,0.0,0.0
2025-01-13 00:00:00-05:00,1.6299999952316284,1.649999976158142,1.590000033378601,1.590000033378601,30900,0.0,0.0
2025-01-14 00:00:00-05:00,1.690000057220459,1.690000057220459,1.5299999713897705,1.5299999713897705,25200,0.0,0.0
2025-01-15 00:00:00-05:00,1.5299999713897705,1.5499999523162842,1.4900000095367432,1.5,37600,0.0,0.0
2025-01-16 00:00:00-05:00,1.4800000190734863,1.5,1.4600000381469727,1.4800000190734863,25900,0.0,0.0
2025-01-17 00:00:00-05:00,1.4700000286102295,1.5099999904632568,1.4299999475479126,1.5099999904632568,25700,0.0,0.0
2025-01-21 00:00:00-05:00,1.5399999618530273,1.5399999618530273,1.4600000381469727,1.5099999904632568,32300,0.0,0.0
2025-01-22 00:00:00-05:00,1.5299999713897705,1.562999963760376,1.4700000286102295,1.4800000190734863,37900,0.0,0.0
2025-01-23 00:00:00-05:00,1.3700000047683716,1.4800000190734863,1.350000023841858,1.4040000438690186,34000,0.0,0.0
2025-01-24 00:00:00-05:00,1.440000057220459,1.5,1.399999976158142,1.4800000190734863,41700,0.0,0.0
2025-01-27 00:00:00-05:00,1.5,1.5,1.440000057220459,1.4600000381469727,11400,0.0,0.0
2025-01-28 00:00:00-05:00,1.4900000095367432,1.5399999618530273,1.4600000381469727,1.5099999904632568,41500,0.0,0.0
2025-01-29 00:00:00-05:00,1.5099999904632568,1.5199999809265137,1.4919999837875366,1.5,16300,0.0,0.0
2025-01-30 00:00:00-05:00,1.5,1.5490000247955322,1.4900000095367432,1.4900000095367432,8900,0.0,0.0
2025-01-31 00:00:00-05:00,1.4800000190734863,1.4900000095367432,1.440000057220459,1.4600000381469727,25000,0.0,0.0
2025-02-03 00:00:00-05:00,1.399999976158142,1.4800000190734863,1.3700000047683716,1.4600000381469727,16200,0.0,0.0
2025-02-04 00:00:00-05:00,1.4299999475479126,1.5700000524520874,1.402999997138977,1.5700000524520874,38800,0.0,0.0
2025-02-05 00:00:00-05:00,1.5720000267028809,1.590000033378601,1.5260000228881836,1.559999942779541,10500,0.0,0.0
2025-02-06 00:00:00-05:00,1.559999942779541,1.6799999475479126,1.5199999809265137,1.6799999475479126,35100,0.0,0.0
2025-02-07 00:00:00-05:00,1.7000000476837158,1.809999942779541,1.6699999570846558,1.809999942779541,39500,0.0,0.0
2025-02-10 00:00:00-05:00,1.7799999713897705,1.8020000457763672,1.690000057220459,1.7100000381469727,31400,0.0,0.0
2025-02-11 00:00:00-05:00,1.690000057220459,1.7899999618530273,1.6699999570846558,1.7000000476837158,19700,0.0,0.0
2025-02-12 00:00:00-05:00,1.6799999475479126,1.7899999618530273,1.6799999475479126,1.7200000286102295,30900,0.0,0.0
2025-02-13 00:00:00-05:00,1.659999966621399,1.75,1.659999966621399,1.7100000381469727,19500,0.0,0.0
2025-02-14 00:00:00-05:00,1.7100000381469727,1.7699999809265137,1.5700000524520874,1.649999976158142,36000,0.0,0.0
2025-02-18 00:00:00-05:00,1.6799999475479126,1.6799999475479126,1.600000023841858,1.600000023841858,22500,0.0,0.0
2025-02-19 00:00:00-05:00,1.5700000524520874,1.600000023841858,1.5099999904632568,1.5499999523162842,13700,0.0,0.0
2025-02-20 00:00:00-05:00,1.5499999523162842,1.6100000143051147,1.5199999809265137,1.5199999809265137,18400,0.0,0.0
2025-02-21 00:00:00-05:00,1.5099999904632568,1.590000033378601,1.5099999904632568,1.5399999618530273,18700,0.0,0.0
2025-02-24 00:00:00-05:00,1.5299999713897705,1.8200000524520874,1.5299999713897705,1.75,127800,0.0,0.0
2025-02-25 00:00:00-05:00,1.7109999656677246,1.7400000095367432,1.600000023841858,1.6050000190734863,21000,0.0,0.0
2025-02-26 00:00:00-05:00,1.7400000095367432,1.8200000524520874,1.7100000381469727,1.7389999628067017,86000,0.0,0.0
2025-02-27 00:00:00-05:00,1.7799999713897705,1.7799999713897705,1.690000057220459,1.7699999809265137,12800,0.0,0.0
2025-02-28 00:00:00-05:00,1.7000000476837158,1.7400000095367432,1.5800000429153442,1.6100000143051147,27200,0.0,0.0
2025-03-03 00:00:00-05:00,1.600000023841858,1.659999966621399,1.5700000524520874,1.649999976158142,11900,0.0,0.0
2025-03-04 00:00:00-05:00,1.6360000371932983,1.6449999809265137,1.5199999809265137,1.6080000400543213,58100,0.0,0.0
2025-03-05 00:00:00-05:00,1.7200000286102295,1.7200000286102295,1.5399999618530273,1.5750000476837158,13900,0.0,0.0
2025-03-06 00:00:00-05:00,1.5199999809265137,1.6100000143051147,1.5,1.5700000524520874,9900,0.0,0.0
2025-03-07 00:00:00-05:00,1.5299999713897705,1.5299999713897705,1.4800000190734863,1.5,16300,0.0,0.0
2025-03-10 00:00:00-04:00,1.5099999904632568,1.5099999904632568,1.3869999647140503,1.440000057220459,35600,0.0,0.0
2025-03-11 00:00:00-04:00,1.4900000095367432,1.5299999713897705,1.3700000047683716,1.4780000448226929,18900,0.0,0.0
2025-03-12 00:00:00-04:00,1.4700000286102295,1.5099999904632568,1.4600000381469727,1.4800000190734863,20900,0.0,0.0
2025-03-13 00:00:00-04:00,1.4600000381469727,1.5119999647140503,1.409999966621399,1.4199999570846558,26300,0.0,0.0
2025-03-14 00:00:00-04:00,1.4500000476837158,1.4980000257492065,1.409999966621399,1.4299999475479126,28100,0.0,0.0
2025-03-17 00:00:00-04:00,1.4199999570846558,1.4299999475479126,1.3799999952316284,1.3899999856948853,31100,0.0,0.0
2025-03-18 00:00:00-04:00,1.3799999952316284,1.409999966621399,1.3550000190734863,1.3600000143051147,82800,0.0,0.0
2025-03-19 00:00:00-04:00,1.3600000143051147,1.3600000143051147,1.2300000190734863,1.2699999809265137,33400,0.0,0.0
2025-03-20 00:00:00-04:00,1.2200000286102295,1.2999999523162842,1.1399999856948853,1.1699999570846558,60800,0.0,0.0
2025-03-21 00:00:00-04:00,1.159999966621399,1.7200000286102295,1.1200000047683716,1.2300000190734863,4924200,0.0,0.0
2025-03-24 00:00:00-04:00,1.1299999952316284,1.2000000476837158,1.1100000143051147,1.149999976158142,474900,0.0,0.0
2025-03-25 00:00:00-04:00,1.190000057220459,1.2000000476837158,1.1100000143051147,1.1299999952316284,115300,0.0,0.0
2025-03-26 00:00:00-04:00,1.159999966621399,1.159999966621399,1.100000023841858,1.1299999952316284,73700,0.0,0.0
2025-03-27 00:00:00-04:00,1.1100000143051147,1.149999976158142,1.0579999685287476,1.149999976158142,57000,0.0,0.0
2025-03-28 00:00:00-04:00,1.1399999856948853,1.1799999475479126,1.0800000429153442,1.0920000076293945,59800,0.0,0.0
2025-03-31 00:00:00-04:00,1.1100000143051147,1.1200000047683716,1.0299999713897705,1.0800000429153442,98000,0.0,0.0
2025-04-01 00:00:00-04:00,1.0800000429153442,1.100000023841858,1.0180000066757202,1.0299999713897705,105700,0.0,0.0
2025-04-02 00:00:00-04:00,1.059999942779541,1.059999942779541,1.0,1.0099999904632568,91400,0.0,0.0
2025-04-03 00:00:00-04:00,1.0399999618530273,1.0399999618530273,0.9700000286102295,0.9810000061988831,64000,0.0,0.0
2025-04-04 00:00:00-04:00,0.9480000138282776,1.149999976158142,0.9100000262260437,1.0499999523162842,82800,0.0,0.0
2025-04-07 00:00:00-04:00,1.0,1.100000023841858,0.9700000286102295,1.100000023841858,124900,0.0,0.0
2025-04-08 00:00:00-04:00,1.0800000429153442,1.090000033378601,1.0099999904632568,1.0290000438690186,47600,0.0,0.0
2025-04-09 00:00:00-04:00,1.0240000486373901,1.0800000429153442,0.9990000128746033,1.0770000219345093,72000,0.0,0.0
2025-04-10 00:00:00-04:00,1.0700000524520874,1.0989999771118164,1.0,1.0,68200,0.0,0.0
2025-04-11 00:00:00-04:00,1.059999942779541,1.090000033378601,1.0,1.0800000429153442,157400,0.0,0.0
2025-04-14 00:00:00-04:00,1.1100000143051147,1.1699999570846558,1.0499999523162842,1.0700000524520874,399200,0.0,0.0
2025-04-15 00:00:00-04:00,1.100000023841858,1.1399999856948853,1.0700000524520874,1.0800000429153442,524600,0.0,0.0
2025-04-16 00:00:00-04:00,1.1399999856948853,1.1399999856948853,1.0700000524520874,1.100000023841858,382800,0.0,0.0
2025-04-17 00:00:00-04:00,1.100000023841858,1.1200000047683716,1.059999942779541,1.0770000219345093,139600,0.0,0.0
2025-04-21 00:00:00-04:00,1.100000023841858,1.1039999723434448,1.0099999904632568,1.024999976158142,106200,0.0,0.0
2025-04-22 00:00:00-04:00,1.0299999713897705,1.059999942779541,1.0099999904632568,1.0269999504089355,96000,0.0,0.0
2025-04-23 00:00:00-04:00,1.0399999618530273,1.090000033378601,1.0399999618530273,1.0499999523162842,91400,0.0,0.0
2025-04-24 00:00:00-04:00,1.090000033378601,1.090000033378601,1.0099999904632568,1.059999942779541,86900,0.0,0.0
2025-04-25 00:00:00-04:00,1.0499999523162842,1.149999976158142,1.024999976158142,1.1399999856948853,190200,0.0,0.0
2025-04-28 00:00:00-04:00,1.1399999856948853,1.1690000295639038,1.1299999952316284,1.149999976158142,87300,0.0,0.0
2025-04-29 00:00:00-04:00,1.149999976158142,1.149999976158142,1.1269999742507935,1.1299999952316284,56800,0.0,0.0
2025-04-30 00:00:00-04:00,1.1200000047683716,1.1200000047683716,1.0499999523162842,1.090000033378601,86700,0.0,0.0
2025-05-01 00:00:00-04:00,1.100000023841858,1.100000023841858,1.0700000524520874,1.0800000429153442,18400,0.0,0.0
2025-05-02 00:00:00-04:00,1.0800000429153442,1.1200000047683716,1.0700000524520874,1.1100000143051147,41800,0.0,0.0
2025-05-05 00:00:00-04:00,1.1200000047683716,1.1399999856948853,1.0700000524520874,1.090000033378601,15500,0.0,0.0
2025-05-06 00:00:00-04:00,1.0800000429153442,1.100000023841858,1.0700000524520874,1.0850000381469727,24900,0.0,0.0
2025-05-07 00:00:00-04:00,1.090000033378601,1.093000054359436,1.0499999523162842,1.0700000524520874,42000,0.0,0.0
2025-05-08 00:00:00-04:00,1.0700000524520874,1.090000033378601,1.0499999523162842,1.059999942779541,18700,0.0,0.0
2025-05-09 00:00:00-04:00,1.0199999809265137,1.065999984741211,1.0199999809265137,1.0449999570846558,15300,0.0,0.0
2025-05-12 00:00:00-04:00,1.059999942779541,1.059999942779541,1.0199999809265137,1.0230000019073486,27000,0.0,0.0
2025-05-13 00:00:00-04:00,1.0499999523162842,1.0499999523162842,0.9900000095367432,1.0199999809265137,58000,0.0,0.0
2025-05-14 00:00:00-04:00,1.059999942779541,1.059999942779541,0.9549999833106995,1.0199999809265137,81800,0.0,0.0
2025-05-15 00:00:00-04:00,1.0299999713897705,1.0299999713897705,0.9800000190734863,1.0,37700,0.0,0.0
2025-05-16 00:00:00-04:00,1.0499999523162842,1.0499999523162842,0.9900000095367432,1.0299999713897705,48300,0.0,0.0
2025-05-19 00:00:00-04:00,1.0299999713897705,1.0299999713897705,1.0,1.0099999904632568,10700,0.0,0.0
2025-05-20 00:00:00-04:00,0.9900000095367432,1.0379999876022339,0.9900000095367432,1.0199999809265137,71900,0.0,0.0
2025-05-21 00:00:00-04:00,1.0399999618530273,1.093999981880188,1.0399999618530273,1.065000057220459,126800,0.0,0.0
2025-05-22 00:00:00-04:00,1.0700000524520874,1.090000033378601,1.0299999713897705,1.0549999475479126,43800,0.0,0.0
2025-05-23 00:00:00-04:00,1.059999942779541,1.0700000524520874,1.0299999713897705,1.0299999713897705,16900,0.0,0.0
2025-05-27 00:00:00-04:00,1.0199999809265137,1.0399999618530273,1.0,1.0049999952316284,30600,0.0,0.0
2025-05-28 00:00:00-04:00,1.0,1.0199999809265137,0.9900000095367432,1.0,27700,0.0,0.0
2025-05-29 00:00:00-04:00,1.0,1.0099999904632568,0.9900000095367432,1.0099999904632568,27000,0.0,0.0
2025-05-30 00:00:00-04:00,0.9900000095367432,1.0099999904632568,0.9900000095367432,0.9990000128746033,20100,0.0,0.0
2025-06-02 00:00:00-04:00,0.9900000095367432,1.0,0.9860000014305115,0.9900000095367432,23000,0.0,0.0
2025-06-03 00:00:00-04:00,0.9900000095367432,0.9950000047683716,0.9779999852180481,0.9879999756813049,44600,0.0,0.0
2025-06-04 00:00:00-04:00,1.0,1.0299999713897705,0.9819999933242798,1.0119999647140503,32100,0.0,0.0
2025-06-05 00:00:00-04:00,1.0299999713897705,1.0740000009536743,1.0199999809265137,1.0299999713897705,58500,0.0,0.0
2025-06-06 00:00:00-04:00,1.0800000429153442,1.2799999713897705,1.065000057220459,1.100000023841858,12206300,0.0,0.0
2025-06-09 00:00:00-04:00,1.100000023841858,1.1399999856948853,1.0499999523162842,1.1299999952316284,294700,0.0,0.0
2025-06-10 00:00:00-04:00,1.1200000047683716,1.1200000047683716,1.0800000429153442,1.090000033378601,171300,0.0,0.0
2025-06-11 00:00:00-04:00,1.090000033378601,1.1299999952316284,1.0099999904632568,1.059999942779541,130300,0.0,0.0
2025-06-12 00:00:00-04:00,1.0700000524520874,1.0800000429153442,1.0399999618530273,1.0700000524520874,68500,0.0,0.0
2025-06-13 00:00:00-04:00,1.0499999523162842,1.100000023841858,1.0299999713897705,1.090000033378601,63600,0.0,0.0
2025-06-16 00:00:00-04:00,1.0700000524520874,1.100000023841858,1.0700000524520874,1.090000033378601,93400,0.0,0.0
2025-06-17 00:00:00-04:00,1.059999942779541,1.090000033378601,1.059999942779541,1.0800000429153442,64300,0.0,0.0
2025-06-18 00:00:00-04:00,1.0399999618530273,1.0800000429153442,1.0199999809265137,1.0399999618530273,163000,0.0,0.0
2025-06-20 00:00:00-04:00,1.090000033378601,1.1399999856948853,1.059999942779541,1.059999942779541,251400,0.0,0.0
2025-06-23 00:00:00-04:00,1.0800000429153442,1.1100000143051147,1.0499999523162842,1.0809999704360962,86600,0.0,0.0
2025-06-24 00:00:00-04:00,1.149999976158142,1.149999976158142,1.0700000524520874,1.0950000286102295,109600,0.0,0.0
2025-06-25 00:00:00-04:00,1.1100000143051147,1.1100000143051147,1.059999942779541,1.0800000429153442,71100,0.0,0.0
2025-06-26 00:00:00-04:00,1.0700000524520874,1.100000023841858,1.0700000524520874,1.090000033378601,58800,0.0,0.0
2025-06-27 00:00:00-04:00,1.090000033378601,1.0950000286102295,1.0700000524520874,1.0800000429153442,52400,0.0,0.0
2025-06-30 00:00:00-04:00,1.0700000524520874,1.100000023841858,1.059999942779541,1.0750000476837158,110300,0.0,0.0
2025-07-01 00:00:00-04:00,1.0499999523162842,1.0750000476837158,1.0499999523162842,1.0700000524520874,31400,0.0,0.0
2025-07-02 00:00:00-04:00,1.059999942779541,1.1399999856948853,1.059999942779541,1.1299999952316284,97400,0.0,0.0
2025-07-03 00:00:00-04:00,1.1299999952316284,1.1299999952316284,1.065000057220459,1.0800000429153442,114400,0.0,0.0
2025-07-07 00:00:00-04:00,1.100000023841858,1.1299999952316284,1.090000033378601,1.125,117300,0.0,0.0
2025-07-08 00:00:00-04:00,1.1200000047683716,1.1200000047683716,1.0820000171661377,1.1050000190734863,54300,0.0,0.0
2025-07-09 00:00:00-04:00,1.1200000047683716,1.1399999856948853,1.0800000429153442,1.1399999856948853,153700,0.0,0.0
2025-07-10 00:00:00-04:00,1.149999976158142,1.149999976158142,1.128000020980835,1.149999976158142,54300,0.0,0.0
2025-07-11 00:00:00-04:00,1.1399999856948853,1.1699999570846558,1.1399999856948853,1.1690000295639038,63300,0.0,0.0
2025-07-14 00:00:00-04:00,1.2000000476837158,1.25,1.1299999952316284,1.2200000286102295,298900,0.0,0.0
2025-07-15 00:00:00-04:00,1.2100000381469727,1.2200000286102295,1.1699999570846558,1.1950000524520874,124500,0.0,0.0
2025-07-16 00:00:00-04:00,1.190000057220459,1.2000000476837158,1.159999966621399,1.1799999475479126,56700,0.0,0.0
2025-07-17 00:00:00-04:00,1.1699999570846558,1.2999999523162842,1.159999966621399,1.2699999809265137,378700,0.0,0.0
2025-07-18 00:00:00-04:00,1.2899999618530273,1.2899999618530273,1.2400000095367432,1.2699999809265137,279900,0.0,0.0
2025-07-21 00:00:00-04:00,1.2899999618530273,1.319000005722046,1.2400000095367432,1.2599999904632568,170300,0.0,0.0
2025-07-22 00:00:00-04:00,1.2699999809265137,1.2799999713897705,1.2300000190734863,1.25,102500,0.0,0.0
2025-07-23 00:00:00-04:00,1.2999999523162842,1.309999942779541,1.2300000190734863,1.2949999570846558,137000,0.0,0.0
2025-07-24 00:00:00-04:00,1.2699999809265137,1.3049999475479126,1.2599999904632568,1.2949999570846558,87400,0.0,0.0
2025-07-25 00:00:00-04:00,1.2999999523162842,1.309999942779541,1.2649999856948853,1.2899999618530273,73400,0.0,0.0
2025-07-28 00:00:00-04:00,1.2799999713897705,1.2799999713897705,1.2200000286102295,1.25,74000,0.0,0.0
2025-07-29 00:00:00-04:00,1.2899999618530273,1.2899999618530273,1.1699999570846558,1.2300000190734863,58200,0.0,0.0
2025-07-30 00:00:00-04:00,1.2100000381469727,1.2380000352859497,1.1299999952316284,1.1299999952316284,79900,0.0,0.0
2025-07-31 00:00:00-04:00,1.1399999856948853,1.1699999570846558,1.1299999952316284,1.1549999713897705,16900,0.0,0.0
2025-08-01 00:00:00-04:00,1.1399999856948853,1.1510000228881836,1.100000023841858,1.1050000190734863,89400,0.0,0.0
2025-08-04 00:00:00-04:00,1.100000023841858,1.1100000143051147,1.0700000524520874,1.090000033378601,84400,0.0,0.0
2025-08-05 00:00:00-04:00,1.1100000143051147,1.1699999570846558,1.1100000143051147,1.159999966621399,59500,0.0,0.0
2025-08-06 00:00:00-04:00,1.1799999475479126,1.1799999475479126,1.1150000095367432,1.1449999809265137,95300,0.0,0.0
2025-08-07 00:00:00-04:00,1.1399999856948853,1.2200000286102295,1.1299999952316284,1.1950000524520874,158600,0.0,0.0
2025-08-08 00:00:00-04:00,1.2000000476837158,1.2599999904632568,1.190000057220459,1.2400000095367432,239400,0.0,0.0
2025-08-11 00:00:00-04:00,1.2699999809265137,1.2999999523162842,1.190000057220459,1.2000000476837158,137800,0.0,0.0
2025-08-12 00:00:00-04:00,1.2100000381469727,1.2100000381469727,1.159999966621399,1.1699999570846558,43700,0.0,0.0
2025-08-13 00:00:00-04:00,1.1799999475479126,1.2050000429153442,1.159999966621399,1.184999942779541,94200,0.0,0.0
2025-08-14 00:00:00-04:00,1.159999966621399,1.159999966621399,1.1200000047683716,1.1299999952316284,58700,0.0,0.0
2025-08-15 00:00:00-04:00,1.100000023841858,1.2000000476837158,1.0199999809265137,1.065000057220459,124600,0.0,0.0
2025-08-18 00:00:00-04:00,1.090000033378601,1.1080000400543213,1.0299999713897705,1.0460000038146973,71200,0.0,0.0
2025-08-19 00:00:00-04:00,1.090000033378601,1.090000033378601,1.024999976158142,1.034999966621399,39200,0.0,0.0
2025-08-20 00:00:00-04:00,1.0800000429153442,1.0800000429153442,1.0299999713897705,1.0499999523162842,41400,0.0,0.0
2025-08-21 00:00:00-04:00,1.0399999618530273,1.090000033378601,0.7699999809265137,0.949999988079071,964000,0.0,0.0
2025-08-22 00:00:00-04:00,0.9800000190734863,1.0399999618530273,0.949999988079071,0.9549999833106995,193500,0.0,0.0
2025-08-25 00:00:00-04:00,0.9610000252723694,0.9890000224113464,0.8899999856948853,0.9300000071525574,124700,0.0,0.0
2025-08-26 00:00:00-04:00,0.949999988079071,0.9700000286102295,0.9020000100135803,0.9100000262260437,43900,0.0,0.0
2025-08-27 00:00:00-04:00,0.9100000262260437,0.9200000166893005,0.8920000195503235,0.8999999761581421,51500,0.0,0.0
2025-08-28 00:00:00-04:00,0.9100000262260437,0.9200000166893005,0.8999999761581421,0.8999999761581421,86100,0.0,0.0
2025-08-29 00:00:00-04:00,0.8899999856948853,0.9190000295639038,0.8899999856948853,0.9150000214576721,47800,0.0,0.0
2025-09-02 00:00:00-04:00,0.8999999761581421,0.921999990940094,0.8999999761581421,0.9100000262260437,36900,0.0,0.0
2025-09-03 00:00:00-04:00,0.9279999732971191,0.9300000071525574,0.8650000095367432,0.878000020980835,98400,0.0,0.0
2025-09-04 00:00:00-04:00,0.878000020980835,0.878000020980835,0.8349999785423279,0.8679999709129333,44700,0.0,0.0
2025-09-05 00:00:00-04:00,0.8700000047683716,0.8899999856948853,0.8500000238418579,0.8579999804496765,71700,0.0,0.0
2025-09-08 00:00:00-04:00,0.8519999980926514,0.8600000143051147,0.8349999785423279,0.8579999804496765,47300,0.0,0.0
2025-09-09 00:00:00-04:00,0.8600000143051147,0.8769999742507935,0.8500000238418579,0.8550000190734863,95800,0.0,0.0
2025-09-10 00:00:00-04:00,0.8500000238418579,0.8700000047683716,0.8399999737739563,0.8550000190734863,44700,0.0,0.0
2025-09-11 00:00:00-04:00,0.8550000190734863,0.8730000257492065,0.8349999785423279,0.8550000190734863,86100,0.0,0.0
2025-09-12 00:00:00-04:00,1.2699999809265137,1.2899999618530273,0.8899999856948853,0.8899999856948853,15509200,0.0,0.0
2025-09-15 00:00:00-04:00,0.8799999952316284,0.9639999866485596,0.8309999704360962,0.9020000100135803,1159200,0.0,0.0
2025-09-16 00:00:00-04:00,0.9200000166893005,1.0850000381469727,0.9200000166893005,1.0,1447300,0.0,0.0
2025-09-17 00:00:00-04:00,1.0499999523162842,1.0499999523162842,0.9300000071525574,0.9330000281333923,323900,0.0,0.0
2025-09-18 00:00:00-04:00,0.8999999761581421,1.100000023841858,0.8999999761581421,1.090000033378601,626400,0.0,0.0
2025-09-19 00:00:00-04:00,1.0299999713897705,1.149999976158142,0.9900000095367432,1.0700000524520874,390700,0.0,0.0
2025-09-22 00:00:00-04:00,1.0700000524520874,1.100000023841858,1.0499999523162842,1.0750000476837158,216500,0.0,0.0
2025-09-23 00:00:00-04:00,1.090000033378601,1.090000033378601,0.984000027179718,1.0199999809265137,488700,0.0,0.0
2025-09-24 00:00:00-04:00,1.0199999809265137,1.0399999618530273,0.9800000190734863,0.9919999837875366,203400,0.0,0.0
2025-09-25 00:00:00-04:00,1.0299999713897705,1.2200000286102295,1.0099999904632568,1.0499999523162842,10963800,0.0,0.0
2025-09-26 00:00:00-04:00,1.2799999713897705,1.2799999713897705,1.0099999904632568,1.059999942779541,20828300,0.0,0.0
2025-09-29 00:00:00-04:00,1.0700000524520874,1.149999976158142,1.059999942779541,1.1100000143051147,1747800,0.0,0.0
2025-09-30 00:00:00-04:00,1.100000023841858,1.2350000143051147,1.100000023841858,1.2200000286102295,1550900,0.0,0.0
2025-10-01 00:00:00-04:00,1.2050000429153442,1.590000033378601,1.2050000429153442,1.5,3419300,0.0,0.0
2025-10-02 00:00:00-04:00,1.5,1.5049999952316284,1.2050000429153442,1.2300000190734863,1715200,0.0,0.0
2025-10-03 00:00:00-04:00,1.2599999904632568,1.3300000429153442,1.1449999809265137,1.190000057220459,1319900,0.0,0.0
2025-10-06 00:00:00-04:00,1.309999942779541,1.4220000505447388,1.2699999809265137,1.409999966621399,1458400,0.0,0.0
2025-10-07 00:00:00-04:00,1.4900000095367432,1.649999976158142,1.4800000190734863,1.6399999856948853,3951600,0.0,0.0
2025-10-08 00:00:00-04:00,1.6799999475479126,2.390000104904175,1.6799999475479126,2.25,5933000,0.0,0.0
2025-10-09 00:00:00-04:00,2.069999933242798,2.3399999141693115,1.8300000429153442,1.8899999856948853,2769800,0.0,0.0
2025-10-10 00:00:00-04:00,2.049999952316284,2.319999933242798,1.6399999856948853,1.649999976158142,3138900,0.0,0.0
2025-10-13 00:00:00-04:00,3.299999952316284,8.699999809265137,3.2699999809265137,7.019999980926514,197012300,0.0,0.0
2025-10-14 00:00:00-04:00,6.21999979019165,6.320000171661377,4.210000038146973,4.710000038146973,21283800,0.0,0.0
2025-10-15 00:00:00-04:00,4.269999980926514,4.2820000648498535,2.1700000762939453,2.309999942779541,25420500,0.0,0.0
2025-10-16 00:00:00-04:00,2.3499999046325684,2.450000047683716,1.600000023841858,1.6399999856948853,26916300,0.0,0.0
2025-10-17 00:00:00-04:00,2.640000104904175,2.6500000953674316,1.850000023841858,2.2200000286102295,61264600,0.0,0.0
2025-10-20 00:00:00-04:00,2.174999952316284,2.5,1.8799999952316284,2.0799999237060547,11586200,0.0,0.0
2025-10-21 00:00:00-04:00,1.75,1.8079999685287476,1.600000023841858,1.649999976158142,9814100,0.0,0.0
2025-10-22 00:00:00-04:00,1.5,1.8049999475479126,1.4500000476837158,1.659999966621399,15440500,0.0,0.0
2025-10-23 00:00:00-04:00,1.840000033378601,1.909999966621399,1.559999942779541,1.7200000286102295,22352900,0.0,0.0
2025-10-24 00:00:00-04:00,1.6399999856948853,1.649999976158142,1.4299999475479126,1.4800000190734863,12442200,0.0,0.0
2025-10-27 00:00:00-04:00,1.5299999713897705,1.5399999618530273,1.309999942779541,1.5,9032500,0.0,0.0
2025-10-28 00:00:00-04:00,1.440000057220459,1.4600000381469727,1.350000023841858,1.409999966621399,3408400,0.0,0.0
2025-10-29 00:00:00-04:00,1.4199999570846558,1.5199999809265137,1.3700000047683716,1.4700000286102295,4381100,0.0,0.0
2025-10-30 00:00:00-04:00,1.4500000476837158,1.4800000190734863,1.3300000429153442,1.399999976158142,4683700,0.0,0.0
2025-10-31 00:00:00-04:00,1.3899999856948853,1.399999976158142,1.2400000095367432,1.2799999713897705,3977700,0.0,0.0
2025-11-03 00:00:00-05:00,1.274999976158142,1.2799999713897705,1.0099999904632568,1.0399999618530273,7097700,0.0,0.0
2025-11-04 00:00:00-05:00,1.0,1.0399999618530273,0.9700000286102295,0.9810000061988831,3365200,0.0,0.0
2025-11-05 00:00:00-05:00,1.0800000429153442,1.1200000047683716,1.0199999809265137,1.0499999523162842,6484900,0.0,0.0
2025-11-06 00:00:00-05:00,1.0199999809265137,1.0199999809265137,0.9200000166893005,0.9480000138282776,4228700,0.0,0.0
2025-11-07 00:00:00-05:00,0.9350000023841858,1.059999942779541,0.9200000166893005,1.0399999618530273,3357800,0.0,0.0
2025-11-10 00:00:00-05:00,1.100000023841858,1.149999976158142,1.059999942779541,1.100000023841858,5400000,0.0,0.0
2025-11-11 00:00:00-05:00,1.059999942779541,1.0800000429153442,1.0,1.0299999713897705,2406100,0.0,0.0
2025-11-12 00:00:00-05:00,1.0199999809265137,1.0399999618530273,1.0,1.0299999713897705,1772200,0.0,0.0
2025-11-13 00:00:00-05:00,1.0299999713897705,1.0299999713897705,0.9509999752044678,0.9629999995231628,1893400,0.0,0.0
2025-11-14 00:00:00-05:00,0.9200000166893005,0.949999988079071,0.8999999761581421,0.9390000104904175,2169700,0.0,0.0
2025-11-17 00:00:00-05:00,0.9330000281333923,0.9580000042915344,0.8650000095367432,0.8700000047683716,1533200,0.0,0.0
2025-11-18 00:00:00-05:00,0.8690000176429749,0.9100000262260437,0.8679999709129333,0.8999999761581421,1256800,0.0,0.0
2025-11-19 00:00:00-05:00,0.8999999761581421,0.949999988079071,0.8799999952316284,0.9459999799728394,1216100,0.0,0.0
2025-11-20 00:00:00-05:00,0.9750000238418579,1.0099999904632568,0.8799999952316284,0.8889999985694885,1420500,0.0,0.0
2025-11-21 00:00:00-05:00,0.8799999952316284,0.8999999761581421,0.8360000252723694,0.8500000238418579,1331800,0.0,0.0
2025-11-24 00:00:00-05:00,0.8629999756813049,0.9440000057220459,0.8500000238418579,0.921999990940094,1378800,0.0,0.0
2025-11-25 00:00:00-05:00,0.9449999928474426,0.9800000190734863,0.8999999761581421,0.9700000286102295,1323300,0.0,0.0
2025-11-26 00:00:00-05:00,0.9819999933242798,0.9900000095367432,0.9139999747276306,0.9350000023841858,1061800,0.0,0.0
2025-11-28 00:00:00-05:00,0.9399999976158142,1.0199999809265137,0.9300000071525574,1.0,994200,0.0,0.0
2025-12-01 00:00:00-05:00,0.9800000190734863,0.9950000047683716,0.949999988079071,0.9559999704360962,651500,0.0,0.0
2025-12-02 00:00:00-05:00,0.9599999785423279,0.9649999737739563,0.9300000071525574,0.9350000023841858,617200,0.0,0.0
2025-12-03 00:00:00-05:00,0.9300000071525574,1.0099999904632568,0.9300000071525574,0.9990000128746033,792000,0.0,0.0
2025-12-04 00:00:00-05:00,1.0,1.059999942779541,0.9800000190734863,1.0399999618530273,1189400,0.0,0.0
2025-12-05 00:00:00-05:00,1.0700000524520874,1.100000023841858,1.0049999952316284,1.0199999809265137,925500,0.0,0.0
2025-12-08 00:00:00-05:00,1.0,1.0700000524520874,0.9649999737739563,1.0499999523162842,946700,0.0,0.0
2025-12-09 00:00:00-05:00,1.0399999618530273,1.0499999523162842,1.0,1.0399999618530273,513900,0.0,0.0
2025-12-10 00:00:00-05:00,1.0299999713897705,1.0299999713897705,0.9800000190734863,0.9900000095367432,610800,0.0,0.0
2025-12-11 00:00:00-05:00,1.0199999809265137,1.0199999809265137,0.9599999785423279,0.9800000190734863,874100,0.0,0.0
2025-12-12 00:00:00-05:00,0.9800000190734863,0.9800000190734863,0.9200000166893005,0.9200000166893005,1078000,0.0,0.0
2025-12-15 00:00:00-05:00,0.9279999732971191,0.9319999814033508,0.8799999952316284,0.8799999952316284,1156900,0.0,0.0
2025-12-16 00:00:00-05:00,0.8980000019073486,0.9300000071525574,0.8610000014305115,0.9160000085830688,997000,0.0,0.0
2025-12-17 00:00:00-05:00,0.949999988079071,0.949999988079071,0.8600000143051147,0.8600000143051147,847400,0.0,0.0
2025-12-18 00:00:00-05:00,0.8859999775886536,0.8859999775886536,0.8399999737739563,0.8569999933242798,873800,0.0,0.0
2025-12-19 00:00:00-05:00,0.8579999804496765,0.9570000171661377,0.8550000190734863,0.9269999861717224,790800,0.0,0.0
2025-12-22 00:00:00-05:00,0.9300000071525574,0.9649999737739563,0.9100000262260437,0.9100000262260437,700500,0.0,0.0
2025-12-23 00:00:00-05:00,0.9200000166893005,0.9200000166893005,0.8510000109672546,0.8519999980926514,1155000,0.0,0.0
2025-12-24 00:00:00-05:00,0.8799999952316284,0.8989999890327454,0.8619999885559082,0.871999979019165,516100,0.0,0.0
2025-12-26 00:00:00-05:00,0.8899999856948853,0.9010000228881836,0.8500000238418579,0.8809999823570251,593000,0.0,0.0
2025-12-29 00:00:00-05:00,0.8650000095367432,0.8799999952316284,0.8299999833106995,0.8299999833106995,1160800,0.0,0.0
2025-12-30 00:00:00-05:00,0.8370000123977661,0.8550000190734863,0.8299999833106995,0.8299999833106995,541000,0.0,0.0
2025-12-31 00:00:00-05:00,0.8259999752044678,0.8709999918937683,0.7900000214576721,0.800000011920929,1237300,0.0,0.0
2026-01-02 00:00:00-05:00,0.8399999737739563,0.9089999794960022,0.8299999833106995,0.8799999952316284,692300,0.0,0.0
2026-01-05 00:00:00-05:00,0.9100000262260437,0.9559999704360962,0.9079999923706055,0.9079999923706055,1018500,0.0,0.0
2026-01-06 00:00:00-05:00,0.9399999976158142,0.949999988079071,0.8899999856948853,0.9120000004768372,600900,0.0,0.0
2026-01-07 00:00:00-05:00,0.9449999928474426,0.9649999737739563,0.9169999957084656,0.9350000023841858,767500,0.0,0.0
2026-01-08 00:00:00-05:00,0.949999988079071,0.949999988079071,0.9100000262260437,0.9100000262260437,451300,0.0,0.0
2026-01-09 00:00:00-05:00,0.9390000104904175,0.9679999947547913,0.9100000262260437,0.9100000262260437,639800,0.0,0.0
2026-01-12 00:00:00-05:00,0.9150000214576721,0.9509999752044678,0.9150000214576721,0.9459999799728394,851800,0.0,0.0
2026-01-13 00:00:00-05:00,0.949999988079071,0.949999988079071,0.9049999713897705,0.9049999713897705,481800,0.0,0.0
2026-01-14 00:00:00-05:00,0.9010000228881836,0.9350000023841858,0.8999999761581421,0.9010000228881836,800000,0.0,0.0
2026-01-15 00:00:00-05:00,0.9350000023841858,0.9350000023841858,0.8899999856948853,0.8899999856948853,905200,0.0,0.0
2026-01-16 00:00:00-05:00,0.8899999856948853,0.9350000023841858,0.8799999952316284,0.9169999957084656,935600,0.0,0.0
2026-01-20 00:00:00-05:00,0.9290000200271606,0.9789999723434448,0.9229999780654907,0.949999988079071,1282600,0.0,0.0
2026-01-21 00:00:00-05:00,0.9660000205039978,1.0989999771118164,0.9589999914169312,1.0399999618530273,4492300,0.0,0.0
2026-01-22 00:00:00-05:00,1.059999942779541,1.2100000381469727,1.0199999809265137,1.190000057220459,5126400,0.0,0.0
2026-01-23 00:00:00-05:00,1.2400000095367432,1.25,1.149999976158142,1.190000057220459,3406500,0.0,0.0
2026-01-26 00:00:00-05:00,1.2000000476837158,1.2300000190734863,1.0299999713897705,1.0399999618530273,3673000,0.0,0.0
2026-01-27 00:00:00-05:00,1.059999942779541,1.0800000429153442,0.9800000190734863,1.0299999713897705,1690700,0.0,0.0
2026-01-28 00:00:00-05:00,1.0499999523162842,1.065000057220459,1.0099999904632568,1.059999942779541,984400,0.0,0.0
2026-01-29 00:00:00-05:00,1.0399999618530273,1.059999942779541,0.949999988079071,1.0099999904632568,1549100,0.0,0.0
2026-01-30 00:00:00-05:00,0.9559999704360962,1.0099999904632568,0.8999999761581421,0.9100000262260437,1760900,0.0,0.0
2026-02-02 00:00:00-05:00,0.9399999976158142,0.949999988079071,0.8999999761581421,0.9120000004768372,788000,0.0,0.0
2026-02-03 00:00:00-05:00,0.949999988079071,0.9800000190734863,0.8920000195503235,0.9700000286102295,1992200,0.0,0.0
2026-02-04 00:00:00-05:00,0.9259999990463257,0.949999988079071,0.8799999952316284,0.9399999976158142,1188900,0.0,0.0
2026-02-05 00:00:00-05:00,0.8799999952316284,0.9089999794960022,0.8429999947547913,0.8579999804496765,1559500,0.0,0.0
2026-02-06 00:00:00-05:00,0.8650000095367432,0.9300000071525574,0.8429999947547913,0.8999999761581421,988300,0.0,0.0
2026-02-09 00:00:00-05:00,0.8980000019073486,0.9200000166893005,0.8799999952316284,0.9049999713897705,613400,0.0,0.0
2026-02-10 00:00:00-05:00,0.9129999876022339,0.9399999976158142,0.8899999856948853,0.8899999856948853,464900,0.0,0.0
2026-02-11 00:00:00-05:00,0.9279999732971191,0.9399999976158142,0.875,0.8799999952316284,426400,0.0,0.0
2026-02-12 00:00:00-05:00,0.8769999742507935,0.8870000243186951,0.8330000042915344,0.8399999737739563,545100,0.0,0.0
2026-02-13 00:00:00-05:00,0.8450000286102295,0.8849999904632568,0.8450000286102295,0.8610000014305115,371300,0.0,0.0
2026-02-17 00:00:00-05:00,0.8500000238418579,0.8550000190734863,0.824999988079071,0.8399999737739563,620700,0.0,0.0
2026-02-18 00:00:00-05:00,0.8550000190734863,0.8700000047683716,0.8399999737739563,0.8410000205039978,286300,0.0,0.0
2026-02-19 00:00:00-05:00,0.8450000286102295,0.8610000014305115,0.8420000076293945,0.8539999723434448,196700,0.0,0.0
2026-02-20 00:00:00-05:00,0.8529999852180481,0.8700000047683716,0.8230000138282776,0.8379999995231628,663900,0.0,0.0
2026-02-23 00:00:00-05:00,0.8080000281333923,0.8399999737739563,0.7900000214576721,0.8019999861717224,939700,0.0,0.0
2026-02-24 00:00:00-05:00,0.8100000023841858,0.8299999833106995,0.7799999713897705,0.7799999713897705,701600,0.0,0.0
2026-02-25 00:00:00-05:00,0.800000011920929,0.8100000023841858,0.7900000214576721,0.7990000247955322,555600,0.0,0.0
2026-02-26 00:00:00-05:00,0.8130000233650208,0.8130000233650208,0.7870000004768372,0.7879999876022339,458900,0.0,0.0
2026-02-27 00:00:00-05:00,0.8100000023841858,0.8100000023841858,0.7350000143051147,0.7350000143051147,1849300,0.0,0.0
2026-03-02 00:00:00-05:00,0.7369999885559082,0.7480000257492065,0.7250000238418579,0.7350000143051147,748600,0.0,0.0
2026-03-03 00:00:00-05:00,0.7450000047683716,0.7450000047683716,0.699999988079071,0.7269999980926514,1501600,0.0,0.0
2026-03-04 00:00:00-05:00,0.6940000057220459,0.746999979019165,0.6899999976158142,0.7459999918937683,845200,0.0,0.0
2026-03-05 00:00:00-05:00,0.7099999785423279,0.7450000047683716,0.7049999833106995,0.718999981880188,721400,0.0,0.0
2026-03-06 00:00:00-05:00,0.6899999976158142,0.718999981880188,0.6700000166893005,0.6949999928474426,1224900,0.0,0.0
2026-03-09 00:00:00-04:00,0.6830000281333923,0.6840000152587891,0.6420000195503235,0.6660000085830688,1183200,0.0,0.0
2026-03-10 00:00:00-04:00,0.6899999976158142,0.7699999809265137,0.6800000071525574,0.7250000238418579,1637000,0.0,0.0
2026-03-11 00:00:00-04:00,0.699999988079071,0.7379999756813049,0.699999988079071,0.7039999961853027,421500,0.0,0.0
2026-03-12 00:00:00-04:00,0.7300000190734863,0.7360000014305115,0.6819999814033508,0.6819999814033508,322400,0.0,0.0
2026-03-13 00:00:00-04:00,0.7009999752044678,0.7080000042915344,0.6449999809265137,0.6510000228881836,1011600,0.0,0.0
2026-03-16 00:00:00-04:00,0.6660000085830688,0.675000011920929,0.6499999761581421,0.652999997138977,500500,0.0,0.0
2026-03-17 00:00:00-04:00,0.6570000052452087,0.6700000166893005,0.6359999775886536,0.6359999775886536,625300,0.0,0.0
2026-03-18 00:00:00-04:00,0.6399999856948853,0.6399999856948853,0.5849999785423279,0.5950000286102295,1405700,0.0,0.0
2026-03-19 00:00:00-04:00,0.5789999961853027,0.5960000157356262,0.5569999814033508,0.5740000009536743,1194500,0.0,0.0
2026-03-20 00:00:00-04:00,0.574999988079071,0.5899999737739563,0.5350000262260437,0.5450000166893005,1254800,0.0,0.0
2026-03-23 00:00:00-04:00,0.5580000281333923,0.6000000238418579,0.5440000295639038,0.5809999704360962,862100,0.0,0.0
2026-03-24 00:00:00-04:00,0.5799999833106995,0.5910000205039978,0.5600000023841858,0.5640000104904175,643400,0.0,0.0
2026-03-25 00:00:00-04:00,0.5710999965667725,0.6040999889373779,0.5710999965667725,0.580299973487854,439548,0.0,0.0
