Date,Open,High,Low,Close,Volume,Dividends,Stock Splits
2022-01-03 00:00:00-05:00,66.32609533829992,68.43487660736693,66.12483908545136,67.49861145019531,3568200,0.0,0.0
2022-01-04 00:00:00-05:00,68.39985651594418,69.46737487848806,68.1373562687171,68.6973648071289,4171700,0.0,0.0
2022-01-05 00:00:00-05:00,69.34486918319621,69.8611243108882,68.11109606651732,68.42610168457031,3999800,0.0,0.0
2022-01-06 00:00:00-05:00,70.00113831779473,70.41239607354437,69.09112271856394,70.14114379882812,4248200,0.0,0.0
2022-01-07 00:00:00-05:00,70.50866284690953,71.25242376116027,69.95739949539873,70.87616729736328,3723200,0.0,0.0
2022-01-10 00:00:00-05:00,70.86738816221987,71.37489792861459,70.34238105166528,70.90238952636719,3975900,0.0,0.0
2022-01-11 00:00:00-05:00,71.57616654881913,73.57994325699613,71.05115267115009,73.36994171142578,4174000,0.0,0.0
2022-01-12 00:00:00-05:00,74.131227792806,74.50748428613302,73.16871320024386,73.8249740600586,3192500,0.0,0.0
2022-01-13 00:00:00-05:00,73.82495121789577,74.31495703867903,72.6874300758448,72.9411849975586,3033100,0.0,0.0
2022-01-14 00:00:00-05:00,72.73118400134133,74.66496461664799,72.59993053384034,74.55120849609375,3121300,0.0,0.0
2022-01-18 00:00:00-05:00,75.31247464834775,75.60123094698066,73.6412009373879,74.93621826171875,3513200,0.0,0.0
2022-01-19 00:00:00-05:00,75.69747162277271,75.75872234270928,73.21242810857198,73.6849365234375,2786800,0.0,0.0
2022-01-20 00:00:00-05:00,72.89743850046901,74.07871313484975,71.21741266271448,71.23491668701172,3868800,0.0,0.0
2022-01-21 00:00:00-05:00,70.56990276308171,70.65740285560084,68.72362210486284,69.3798828125,5994900,0.0,0.0
2022-01-24 00:00:00-05:00,67.48110669001086,69.01238174838413,65.66107530414527,68.76737213134766,5075700,0.0,0.0
2022-01-25 00:00:00-05:00,68.32985892692172,71.40116078438446,67.02608957607869,71.01615905761719,4948100,0.0,0.0
2022-01-26 00:00:00-05:00,72.13617226293559,73.46619089995896,70.25489041136595,71.13865661621094,4132200,0.0,0.0
2022-01-27 00:00:00-05:00,73.11619057452695,73.96495548815348,70.04489528041925,71.73367309570312,5821200,0.0,0.0
2022-01-28 00:00:00-05:00,71.2874154082449,72.8624371277038,69.41488535819636,71.23491668701172,4647900,0.0,0.0
2022-01-31 00:00:00-05:00,71.13865768634793,72.6436765144151,69.92238847290791,72.59992980957031,4649400,0.0,0.0
2022-02-01 00:00:00-05:00,72.30242940067104,75.97749347607876,71.77742215442119,75.73249053955078,6046800,0.0,0.0
2022-02-02 00:00:00-05:00,75.49352926408535,76.82108248618098,74.61733927585713,76.65292358398438,4797100,0.98,0.0
2022-02-03 00:00:00-05:00,76.6794706079905,76.6794706079905,74.79434753620897,75.30766296386719,3121900,0.0,0.0
2022-02-04 00:00:00-05:00,76.05994478803407,77.52910004763194,75.44926819848254,76.7325668334961,3717500,0.0,0.0
2022-02-07 00:00:00-05:00,76.51130885358886,79.95409607450517,75.81213681840929,79.32572174072266,5173800,0.0,0.0
2022-02-08 00:00:00-05:00,79.32574308191775,79.43194979101287,77.15740843477671,78.31680297851562,3128500,0.0,0.0
2022-02-09 00:00:00-05:00,78.33450739266702,79.25494528035756,77.99818952368642,78.6265640258789,2464600,0.0,0.0
2022-02-10 00:00:00-05:00,78.44955270100702,80.32583054779691,78.1751938339319,79.55584716796875,5166500,0.0,0.0
2022-02-11 00:00:00-05:00,79.87445147141166,82.98977336665975,79.2195271117595,81.42326354980469,6433600,0.0,0.0
2022-02-14 00:00:00-05:00,80.98075002253444,80.98075002253444,78.57345232947708,79.40538787841797,4349100,0.0,0.0
2022-02-15 00:00:00-05:00,77.6530092874188,78.98056247601109,77.0069371835833,78.35218811035156,3627000,0.0,0.0
2022-02-16 00:00:00-05:00,79.44963331901872,80.31697107407471,77.6441668534139,77.91852569580078,4920000,0.0,0.0
2022-02-17 00:00:00-05:00,77.5822174992816,78.2194374064847,76.75028194358462,77.03349304199219,3024400,0.0,0.0
2022-02-18 00:00:00-05:00,76.12190787119827,77.55566110918816,76.03340566860271,76.75028228759766,2655500,0.0,0.0
2022-02-22 00:00:00-05:00,78.55575193730138,78.75046082535361,75.04215996368156,75.97144317626953,3638800,0.0,0.0
2022-02-23 00:00:00-05:00,76.51132325253698,76.94499554873661,75.55548995709387,76.42282104492188,3544200,0.0,0.0
2022-02-24 00:00:00-05:00,77.14853202959675,77.14853202959675,72.84725956627872,74.20136260986328,5802200,0.0,0.0
2022-02-25 00:00:00-05:00,74.76778234262193,75.83867420563934,74.19250806849635,75.11294555664062,3275400,0.0,0.0
2022-02-28 00:00:00-05:00,74.17482361710202,75.0244568928166,72.48440931137507,73.90931701660156,6226900,0.0,0.0
2022-03-01 00:00:00-05:00,74.87399673911918,75.93604331658317,70.49307401989822,71.36040496826172,5799200,0.0,0.0
2022-03-02 00:00:00-05:00,72.93577598733464,74.47573580739088,71.92682934408705,74.00666809082031,4917700,0.0,0.0
2022-03-03 00:00:00-05:00,73.62609590087588,75.2014578071369,73.10392151209845,74.5111312866211,3359000,0.0,0.0
2022-03-04 00:00:00-05:00,73.80309941011707,76.46705778055517,73.4136816842329,76.09534454345703,5877000,0.0,0.0
2022-03-07 00:00:00-05:00,77.22819472133388,77.60876023228245,73.97126401786002,74.3518295288086,5611700,0.0,0.0
2022-03-08 00:00:00-05:00,76.61751200296175,81.97197871279268,76.22809427794596,80.131103515625,10814300,0.0,0.0
2022-03-09 00:00:00-05:00,77.44058436049406,80.29925118846315,76.51129464725489,77.1219711303711,7787100,0.0,0.0
2022-03-10 00:00:00-05:00,78.13978231729673,79.60893768369002,76.36971138045173,79.28147888183594,4537400,0.0,0.0
2022-03-11 00:00:00-05:00,78.55574551567989,82.85701818314628,78.33448666139576,81.13119506835938,6776800,0.0,0.0
2022-03-14 00:00:00-04:00,80.46743535290315,81.60027984365509,78.65311641928147,80.13997650146484,4747000,0.0,0.0
2022-03-15 00:00:00-04:00,78.09552150152955,78.23713040607504,73.57299008494172,74.70584106445312,6187600,0.0,0.0
2022-03-16 00:00:00-04:00,75.18374936137626,76.81221789663226,74.5376773450628,75.1749038696289,3399900,0.0,0.0
2022-03-17 00:00:00-04:00,76.20153985752422,78.8566458229591,76.12188991965732,78.84779357910156,4175700,0.0,0.0
2022-03-18 00:00:00-04:00,79.04251035082638,80.46741790191055,78.02472503058138,80.03375244140625,7593200,0.0,0.0
2022-03-21 00:00:00-04:00,81.41439743296208,84.04295342137286,81.20199084618369,83.42343139648438,4735700,0.0,0.0
2022-03-22 00:00:00-04:00,82.92782930533868,83.58276048165472,81.08696047151525,82.83047485351562,3529700,0.0,0.0
2022-03-23 00:00:00-04:00,84.21997530339019,85.77763280859735,83.95446197176297,84.53858184814453,3968100,0.0,0.0
2022-03-24 00:00:00-04:00,84.68903718949223,86.30864679391094,83.99871067739834,85.35281372070312,3398800,0.0,0.0
2022-03-25 00:00:00-04:00,84.5651370072845,86.42371003718742,84.5208825354098,86.06969451904297,3210700,0.0,0.0
2022-03-28 00:00:00-04:00,85.05190730834747,85.94579502360106,84.35272847684065,85.2908706665039,3087500,0.0,0.0
2022-03-29 00:00:00-04:00,83.76861036142846,85.82189242525628,82.88357487267017,85.56523132324219,2898500,0.0,0.0
2022-03-30 00:00:00-04:00,86.59186270991016,89.71604343096087,86.59186270991016,88.94606018066406,4192600,0.0,0.0
2022-03-31 00:00:00-04:00,87.99908297628888,91.23830950336549,87.66277190587093,89.86650848388672,5261500,0.0,0.0
2022-04-01 00:00:00-04:00,90.20280732567993,91.20290165998763,88.87525421128294,89.62753295898438,3301800,0.0,0.0
2022-04-04 00:00:00-04:00,90.0966200405728,90.93740109675767,88.59205558176137,89.15847778320312,2668100,0.0,0.0
2022-04-05 00:00:00-04:00,89.44168452651665,91.37991441181812,89.06111899543657,89.79570007324219,3818700,0.0,0.0
2022-04-06 00:00:00-04:00,90.89315232173092,92.71633022727397,88.89297675152483,91.42417907714844,3994300,0.0,0.0
2022-04-07 00:00:00-04:00,91.61001311876306,92.41539179497363,88.91065253700918,91.4507064819336,3700000,0.0,0.0
2022-04-08 00:00:00-04:00,92.06137199044906,92.68090077238088,91.13208894597688,91.35334777832031,3291200,0.0,0.0
2022-04-11 00:00:00-04:00,90.87544138557085,91.29140913251486,88.61859825960367,89.30007934570312,3705900,0.0,0.0
2022-04-12 00:00:00-04:00,90.80461705605738,92.39768323778671,88.93719210225149,89.20270538330078,4189900,0.0,0.0
2022-04-13 00:00:00-04:00,90.19395699304953,92.38884090978684,89.23811718142974,91.9905776977539,3899900,0.0,0.0
2022-04-14 00:00:00-04:00,92.04368617767045,93.3269848705799,91.52151850679758,92.80481719970703,3794100,0.0,0.0
2022-04-18 00:00:00-04:00,93.81375538024426,97.7787170692069,93.15883105407842,97.66365814208984,4813300,0.0,0.0
2022-04-19 00:00:00-04:00,96.89367272471792,98.69913888992018,95.03509309487845,95.35370635986328,5141800,0.0,0.0
2022-04-20 00:00:00-04:00,95.5307226708125,96.73437134786488,95.09705046573688,95.6457748413086,3289700,0.0,0.0
2022-04-21 00:00:00-04:00,96.46002286507549,97.65481950911528,92.65437404508626,92.84908294677734,3977500,0.0,0.0
2022-04-22 00:00:00-04:00,92.52162786652752,94.38905363235317,91.10557217384333,91.20292663574219,3767700,0.0,0.0
2022-04-25 00:00:00-04:00,88.0698848322192,89.9019080541293,85.59178272183455,89.28237915039062,6651200,0.0,0.0
2022-04-26 00:00:00-04:00,90.02580053482819,94.95544736423896,89.46822392024492,93.05261993408203,6731800,0.0,0.0
2022-04-27 00:00:00-04:00,93.68985391521966,97.4158523748199,91.70737638435848,96.92023468017578,5539700,0.0,0.0
2022-04-28 00:00:00-04:00,97.36275326773456,102.72606601787696,96.37151111741069,102.2481460571289,6427700,0.0,0.0
2022-04-29 00:00:00-04:00,101.44276031998766,102.11538236460511,98.26547971211424,98.66374969482422,5963400,0.0,0.0
2022-05-02 00:00:00-04:00,98.6726051193082,103.2659414838391,98.2477918643982,103.19513702392578,6708000,0.0,0.0
2022-05-03 00:00:00-04:00,102.7880321664152,107.74423008543414,102.75262993278753,107.44332122802734,5823700,0.0,0.0
2022-05-04 00:00:00-04:00,108.80624435745385,113.88633844927287,107.78845238940941,113.48807525634766,8342100,0.0,0.0
2022-05-05 00:00:00-04:00,113.1252323485256,114.2934788868881,108.64695507685018,111.364013671875,5801000,0.0,0.0
2022-05-06 00:00:00-04:00,113.53233860311919,114.40852849973922,110.03645151801972,114.32886505126953,4400100,0.0,0.0
2022-05-09 00:00:00-04:00,111.33745090057609,111.95697295117097,104.3810724363127,104.83243560791016,8179500,0.0,0.0
2022-05-10 00:00:00-04:00,106.56712642772018,109.81520505046478,104.54039434847026,107.062744140625,7048800,0.0,0.0
2022-05-11 00:00:00-04:00,109.27556250670324,110.19459324784002,106.94675314934045,107.44641876220703,5003800,0.98,0.0
2022-05-12 00:00:00-04:00,107.66947606793157,108.42789897135309,104.40379394948657,107.43749237060547,3800100,0.0,0.0
2022-05-13 00:00:00-04:00,109.37370197220596,111.81850296159938,108.93648779392642,111.26529693603516,3800700,0.0,0.0
2022-05-16 00:00:00-04:00,111.96125575882095,115.30723793659229,111.50619935075234,114.01345825195312,4599100,0.0,0.0
2022-05-17 00:00:00-04:00,115.99429195452151,117.50221992830868,113.13905056784472,114.26329803466797,5185000,0.0,0.0
2022-05-18 00:00:00-04:00,114.60236560423112,115.43216441000241,109.46292416737367,111.24745178222656,5436900,0.0,0.0
2022-05-19 00:00:00-04:00,108.4100609768265,112.83568898664284,106.35785133824254,110.87271118164062,5401700,0.0,0.0
2022-05-20 00:00:00-04:00,111.55973504407028,112.32708241002456,107.1697990486799,109.73059844970703,5095700,0.0,0.0
2022-05-23 00:00:00-04:00,111.08684187932003,111.5329737744177,108.56173371928342,110.60501861572266,5266200,0.0,0.0
2022-05-24 00:00:00-04:00,108.91865034510256,111.5240592118741,107.96392827644291,110.82809448242188,3677600,0.0,0.0
2022-05-25 00:00:00-04:00,110.85484855083187,115.66415651974461,110.66747397657797,113.62086486816406,5677200,0.0,0.0
2022-05-26 00:00:00-04:00,115.2983291202956,115.95860923247368,112.59477090028923,114.31683349609375,4887400,0.0,0.0
2022-05-27 00:00:00-04:00,114.66483264596619,118.74248533775358,114.38823300627887,117.60930633544922,4518900,0.0,0.0
2022-05-31 00:00:00-04:00,119.5008802830379,121.12480688096002,114.88787822198141,115.63739013671875,6325300,0.0,0.0
2022-06-01 00:00:00-04:00,116.28875017366576,119.2599904527179,114.95035438750891,118.26957702636719,3974000,0.0,0.0
2022-06-02 00:00:00-04:00,117.44870014306113,120.80360746655538,117.1096355082609,119.22429656982422,4476100,0.0,0.0
2022-06-03 00:00:00-04:00,119.40274652218851,121.63340598988866,118.87630054051394,120.83036041259766,4860400,0.0,0.0
2022-06-06 00:00:00-04:00,120.83037074711521,125.1132400143826,120.83037074711521,123.74807739257812,4451200,0.0,0.0
2022-06-07 00:00:00-04:00,122.95398049928593,129.70841182134473,122.85583091582768,129.4496612548828,5637700,0.0,0.0
2022-06-08 00:00:00-04:00,128.8696607687202,130.99325307938696,127.42419769466478,128.28077697753906,5828200,0.0,0.0
2022-06-09 00:00:00-04:00,127.67402562454065,130.27943432247082,126.47839538371902,127.95955657958984,4330800,0.0,0.0
2022-06-10 00:00:00-04:00,126.70144127201249,127.87923585277396,123.48036887536188,125.37196350097656,4770800,0.0,0.0
2022-06-13 00:00:00-04:00,120.50023702497664,121.04451852421195,115.5035539626569,117.43084716796875,6435900,0.0,0.0
2022-06-14 00:00:00-04:00,120.63407378659157,123.63208096633517,117.51115020831142,119.34029388427734,5183500,0.0,0.0
2022-06-15 00:00:00-04:00,119.46520681318614,119.92025647716765,111.64897354961623,114.47745513916016,8490700,0.0,0.0
2022-06-16 00:00:00-04:00,110.69423818250736,111.17606142237906,104.45731650223829,105.94739532470703,10800600,0.0,0.0
2022-06-17 00:00:00-04:00,104.18072852786356,105.5101997518479,98.46131400947678,100.3261489868164,15530900,0.0,0.0
2022-06-21 00:00:00-04:00,104.55548071387597,105.82249377737007,102.13744643948377,103.9219741821289,8833500,0.0,0.0
2022-06-22 00:00:00-04:00,98.80929300445234,102.99401247676616,97.92595373334885,100.94180297851562,8293700,0.0,0.0
2022-06-23 00:00:00-04:00,102.55679442265665,102.94046809555459,91.45703153852914,93.26832580566406,10350200,0.0,0.0
2022-06-24 00:00:00-04:00,94.85656425567718,96.77493282470036,92.04593867662781,92.73297882080078,15070000,0.0,0.0
2022-06-27 00:00:00-04:00,95.75775343379468,101.17379457964849,94.15167582570263,100.14768981933594,8892300,0.0,0.0
2022-06-28 00:00:00-04:00,101.5664005044367,106.3400109672318,100.88827804013967,103.72567749023438,8607800,0.0,0.0
2022-06-29 00:00:00-04:00,104.86775930534411,105.98308901259475,96.71246903052209,97.12290954589844,5579200,0.0,0.0
2022-06-30 00:00:00-04:00,94.93689285840163,98.05089237454028,93.8126382898566,94.82981872558594,6085100,0.0,0.0
2022-07-01 00:00:00-04:00,96.17712448366451,97.96165224443588,93.39325872618525,96.3466567993164,4355400,0.0,0.0
2022-07-05 00:00:00-04:00,93.90185570683052,95.0528770132765,89.50299418375728,92.42961883544922,5314100,0.0,0.0
2022-07-06 00:00:00-04:00,91.78718849501226,93.18804252513165,87.69169371432359,90.75215911865234,5496200,0.0,0.0
2022-07-07 00:00:00-04:00,93.24156164111913,95.89158606116114,93.17910345107308,94.8833236694336,4351400,0.0,0.0
2022-07-08 00:00:00-04:00,96.65894629882479,97.08722914261371,93.72339736093231,95.4990005493164,3675200,0.0,0.0
2022-07-11 00:00:00-04:00,94.48181380241834,97.16752976256038,93.53601634714077,96.17711639404297,2940100,0.0,0.0
2022-07-12 00:00:00-04:00,93.18804072551953,94.52643653000739,90.9573810513731,93.56278991699219,3152500,0.0,0.0
2022-07-13 00:00:00-04:00,92.11731725327411,94.4372018837899,90.70754555486013,91.35889434814453,3118800,0.0,0.0
2022-07-14 00:00:00-04:00,88.71780826349396,90.01158831822565,86.48714830193315,89.92236328125,5118100,0.0,0.0
2022-07-15 00:00:00-04:00,91.95672138790917,93.38434916750708,90.49340904051171,93.32188415527344,2791900,0.0,0.0
2022-07-18 00:00:00-04:00,95.42760034956846,97.66718415104047,94.4104202723519,94.85655212402344,3145000,0.0,0.0
2022-07-19 00:00:00-04:00,94.00891578064454,97.74750333145131,93.83938347797937,97.02476501464844,2933300,0.0,0.0
2022-07-20 00:00:00-04:00,96.04327963710337,97.98841508959487,95.28485673108304,97.506591796875,2720600,0.0,0.0
2022-07-21 00:00:00-04:00,93.2951077878228,94.28552122513439,89.4851440696687,92.92928314208984,4933800,0.0,0.0
2022-07-22 00:00:00-04:00,93.51816742258339,95.05286225963688,92.36714629479327,92.81327819824219,3855300,0.0,0.0
2022-07-25 00:00:00-04:00,94.46398198740036,97.68505522612533,93.49141079196659,97.54228973388672,3740200,0.0,0.0
2022-07-26 00:00:00-04:00,99.13051179416873,99.5052609751947,95.32946590930182,96.03435516357422,2853100,0.0,0.0
2022-07-27 00:00:00-04:00,97.01584382297266,100.34398391118143,95.90943183409856,99.48741149902344,4220500,0.0,0.0
2022-07-28 00:00:00-04:00,102.61034144866531,103.14569839038916,96.0075876809168,97.7118148803711,6920500,0.0,0.0
2022-07-29 00:00:00-04:00,97.98843436282685,99.92464565162705,96.75711246642184,98.8360824584961,6066700,0.0,0.0
2022-08-01 00:00:00-04:00,97.28351887276106,99.03235506518241,95.23131626261824,98.72898864746094,3960500,0.0,0.0
2022-08-02 00:00:00-04:00,99.37143139328668,102.56573093019277,99.04129130492764,100.81689453125,4282400,0.0,0.0
2022-08-03 00:00:00-04:00,102.1669880995485,102.66202267547915,95.97449965131877,97.03658294677734,5096200,0.98,0.0
2022-08-04 00:00:00-04:00,96.30754452259502,97.03659943789839,93.6703376549134,93.90435791015625,5451800,0.0,0.0
2022-08-05 00:00:00-04:00,92.7342605093663,96.7395782678807,92.43723560271607,94.49839782714844,3680500,0.0,0.0
2022-08-08 00:00:00-04:00,94.56139620841411,96.57755889516818,94.12936625196134,95.75849151611328,2959600,0.0,0.0
2022-08-09 00:00:00-04:00,96.66754453459411,99.75478571283895,96.37952233430558,99.61077117919922,3535800,0.0,0.0
2022-08-10 00:00:00-04:00,99.88983448463263,101.59996306726777,96.52356562192372,100.59188842773438,4384600,0.0,0.0
2022-08-11 00:00:00-04:00,101.81597094718258,103.35509058011273,99.90781913660048,102.68903350830078,3752300,0.0,0.0
2022-08-12 00:00:00-04:00,101.93297645928808,103.79612197949339,101.07791229538904,103.67911529541016,2413100,0.0,0.0
2022-08-15 00:00:00-04:00,99.87181064574561,100.92489136446315,97.66664091506435,100.76287841796875,3822600,0.0,0.0
2022-08-16 00:00:00-04:00,101.87896494719215,103.2110652174965,100.49285578642179,101.98696899414062,3353100,0.0,0.0
2022-08-17 00:00:00-04:00,101.32992192268699,107.13537294895146,101.2669172726978,105.98328399658203,4093900,0.0,0.0
2022-08-18 00:00:00-04:00,107.26138921320593,109.9345994321564,106.6673463128793,106.91936492919922,4531900,0.0,0.0
2022-08-19 00:00:00-04:00,106.44232501830842,107.52240672707275,105.7402712209124,106.7033462524414,2667500,0.0,0.0
2022-08-22 00:00:00-04:00,106.70335194412225,107.75643269638883,103.96713702004209,107.22538757324219,2774200,0.0,0.0
2022-08-23 00:00:00-04:00,108.6745014455845,111.23970078942783,108.63849780446132,109.90760040283203,3179400,0.0,0.0
2022-08-24 00:00:00-04:00,110.2676376595359,111.86075940545841,108.96253132875877,109.91661071777344,3423800,0.0,0.0
2022-08-25 00:00:00-04:00,110.66365216856548,112.53580023570787,110.0426082664113,111.03268432617188,4014700,0.0,0.0
2022-08-26 00:00:00-04:00,111.2216824700746,112.44577858092022,109.19652437202737,109.7005615234375,3077100,0.0,0.0
2022-08-29 00:00:00-04:00,109.50255872795486,112.8598171852557,108.94451265590598,111.08667755126953,3336000,0.0,0.0
2022-08-30 00:00:00-04:00,108.84553471044326,109.61059332439591,105.33525810096188,106.2353286743164,4032700,0.0,0.0
2022-08-31 00:00:00-04:00,103.68811918124301,107.02738678976131,102.92306062722118,105.416259765625,4688000,0.0,0.0
2022-09-01 00:00:00-04:00,103.77812521650873,104.24615882715906,98.73772522308481,99.58379364013672,4500700,0.0,0.0
2022-09-02 00:00:00-04:00,102.06800168039767,103.47210954009313,100.96991451135652,102.44602966308594,3772200,0.0,0.0
2022-09-06 00:00:00-04:00,103.508114095912,103.5171167242437,100.51087749183893,101.50995635986328,2637600,0.0,0.0
2022-09-07 00:00:00-04:00,99.87180852320876,101.88796425129665,98.44069991541645,101.36592864990234,3052800,0.0,0.0
2022-09-08 00:00:00-04:00,101.76196546791648,102.14899604594045,100.2318484107944,100.74488830566406,2714200,0.0,0.0
2022-09-09 00:00:00-04:00,103.1030689427015,103.15707097024654,101.20391981478812,101.99597930908203,2594400,0.0,0.0
2022-09-12 00:00:00-04:00,103.69711274262038,104.66919044878372,102.05898484534174,102.83304595947266,2516400,0.0,0.0
2022-09-13 00:00:00-04:00,101.03290475297635,103.37308647407889,99.75480640328857,100.20484161376953,2936900,0.0,0.0
2022-09-14 00:00:00-04:00,100.70887465061725,103.65210864989028,97.42361637776477,98.63871002197266,5043600,0.0,0.0
2022-09-15 00:00:00-04:00,96.69456209453834,96.77556513333315,93.10328316780124,94.65140533447266,6351600,0.0,0.0
2022-09-16 00:00:00-04:00,93.66132513609197,94.24637227891955,91.0061201600952,94.02135467529297,10339900,0.0,0.0
2022-09-19 00:00:00-04:00,91.11412047027433,94.35437221172018,90.99710693514152,94.21035766601562,3491600,0.0,0.0
2022-09-20 00:00:00-04:00,93.58933935221127,97.45963861941817,92.9682884716785,96.68557739257812,4195800,0.0,0.0
2022-09-21 00:00:00-04:00,98.61172686788791,99.1967740964569,94.93044162920368,94.98444366455078,4301300,0.0,0.0
2022-09-22 00:00:00-04:00,96.75758184846501,98.56672553415719,95.88451233678785,96.83858489990234,3026800,0.0,0.0
2022-09-23 00:00:00-04:00,93.01328041210093,93.51732455210914,89.6110150852613,90.52008819580078,5809100,0.0,0.0
2022-09-26 00:00:00-04:00,89.4940042002834,91.47415642317692,87.9638871977741,88.10789489746094,4691700,0.0,0.0
2022-09-27 00:00:00-04:00,90.10604721377474,92.55423977116104,89.37699239594724,91.06011962890625,3256400,0.0,0.0
2022-09-28 00:00:00-04:00,91.06010973336556,98.32367671032422,90.91610205757627,97.92765045166016,4073900,0.0,0.0
2022-09-29 00:00:00-04:00,97.1986124528172,97.45063109690007,95.0834481277011,96.5235595703125,3152900,0.0,0.0
2022-09-30 00:00:00-04:00,95.66847107936056,98.23367000916737,95.02942200330281,96.1725082397461,3718500,0.0,0.0
2022-10-03 00:00:00-04:00,99.00773849279953,101.41092467904672,97.08158849329895,101.08689880371094,3970400,0.0,0.0
2022-10-04 00:00:00-04:00,103.01305181667504,105.91127952696546,102.3560042875175,105.83027648925781,4324800,0.0,0.0
2022-10-05 00:00:00-04:00,105.19122655808215,107.53140814543937,103.10306357547219,106.289306640625,4207200,0.0,0.0
2022-10-06 00:00:00-04:00,105.33524006873088,107.48640782143255,105.06522306314456,107.306396484375,2858000,0.0,0.0
2022-10-07 00:00:00-04:00,107.81042577992417,108.17045529451019,101.55493957358543,102.41000366210938,4557800,0.0,0.0
2022-10-10 00:00:00-04:00,103.31908395814973,103.86812746170206,99.63779238297091,99.78180694580078,3494700,0.0,0.0
2022-10-11 00:00:00-04:00,98.54870342347999,100.93389129032556,97.27960776572696,98.72872161865234,2874900,0.0,0.0
2022-10-12 00:00:00-04:00,98.10767645591302,104.78619737024655,96.7395724295641,103.6881103515625,4252300,0.0,0.0
2022-10-13 00:00:00-04:00,102.08597573189728,109.98859217326134,101.65394581667918,108.78250122070312,4495600,0.0,0.0
2022-10-14 00:00:00-04:00,107.97244966294984,109.62858285112557,102.26600634283825,102.7160415649414,3737800,0.0,0.0
2022-10-17 00:00:00-04:00,104.85820027140828,106.82935661987051,103.81411532448097,103.9581298828125,3712400,0.0,0.0
2022-10-18 00:00:00-04:00,105.06522328735294,107.39640238208686,104.02113830261256,105.93828582763672,4929400,0.0,0.0
2022-10-19 00:00:00-04:00,106.52332801168014,111.96875655298244,106.39731870794351,111.57272338867188,4692900,0.0,0.0
2022-10-20 00:00:00-04:00,112.53580663796777,114.27294287147178,110.4836471221169,112.00476837158203,4177600,0.0,0.0
2022-10-21 00:00:00-04:00,112.65282190953818,115.47904260055923,111.70774518108523,114.9749984741211,3401900,0.0,0.0
2022-10-24 00:00:00-04:00,115.37100234403434,116.95513483270635,114.15591570172717,116.30708312988281,4596000,0.0,0.0
2022-10-25 00:00:00-04:00,114.80398961076098,115.74906633801402,111.91475739898485,114.12893676757812,4396400,0.0,0.0
2022-10-26 00:00:00-04:00,114.9299993416819,115.83906556289232,112.72482259243628,114.0749282836914,3306600,0.0,0.0
2022-10-27 00:00:00-04:00,116.31610157561872,118.74628906821702,115.07400681426732,115.45204162597656,3488600,0.0,0.0
2022-10-28 00:00:00-04:00,115.74005429493049,116.80214455315513,112.56280674836943,113.39087677001953,3505100,0.0,0.0
2022-10-31 00:00:00-04:00,112.41879047214542,115.40702382282875,111.22169523318398,113.00383758544922,4265100,0.0,0.0
2022-11-01 00:00:00-04:00,114.30894399789663,117.7562153744153,113.14785232537497,117.0091552734375,3974000,0.0,0.0
2022-11-02 00:00:00-04:00,116.37910474227488,116.85614095258633,112.61681021901748,113.255859375,4053600,0.0,0.0
2022-11-03 00:00:00-04:00,112.5087860669888,117.86420153698093,111.74372769513154,116.74812316894531,3218900,0.0,0.0
2022-11-04 00:00:00-04:00,119.13330331848809,119.95237057293878,115.02898502161263,115.85704803466797,3204000,0.0,0.0
2022-11-07 00:00:00-05:00,116.18108741664612,119.64635017260659,115.94707405982815,118.61127471923828,3767900,0.0,0.0
2022-11-08 00:00:00-05:00,118.6472933154011,119.80837815298764,116.58612429379839,119.03431701660156,3736900,0.0,0.0
2022-11-09 00:00:00-05:00,118.4222807580627,120.20441647968346,114.5429722832755,115.20902252197266,4125900,0.0,0.0
2022-11-10 00:00:00-05:00,117.65722202214238,119.34935903127783,115.38904041708648,119.21434020996094,2916300,0.0,0.0
2022-11-11 00:00:00-05:00,121.0054551981254,122.56257299565678,119.43932790770586,120.57342529296875,4438000,0.0,0.0
2022-11-14 00:00:00-05:00,120.87044559321188,126.18086908904483,120.83444882087375,123.12963104248047,4593700,0.0,0.0
2022-11-15 00:00:00-05:00,124.47072809442983,127.02693843789213,123.21963080265128,126.64891052246094,4765800,0.0,0.0
2022-11-16 00:00:00-05:00,124.66391938426665,125.92379127836237,122.08979482558743,122.84209442138672,4649700,0.98,0.0
2022-11-17 00:00:00-05:00,120.62146601209282,125.07181040418445,120.59427562520092,124.99929809570312,2897600,0.0,0.0
2022-11-18 00:00:00-05:00,121.90853906791214,125.34372527303964,120.84807239513701,124.7364501953125,3388300,0.0,0.0
2022-11-21 00:00:00-05:00,122.88741206616194,124.2741769865996,119.71507148183655,123.23184204101562,3927500,0.0,0.0
2022-11-22 00:00:00-05:00,125.53405376428793,128.85141908195385,124.67299262366306,128.68826293945312,3134400,0.0,0.0
2022-11-23 00:00:00-05:00,126.54918830098623,128.28944197751355,124.99020845591467,126.17758178710938,2878200,0.0,0.0
2022-11-25 00:00:00-05:00,126.44043970120997,127.78188278756087,125.3346512368249,125.44341278076172,998200,0.0,0.0
2022-11-28 00:00:00-05:00,122.64269886956953,125.23495516955387,121.99917459349076,122.2166976928711,3393000,0.0,0.0
2022-11-29 00:00:00-05:00,123.25904202797403,124.49172358998646,122.15325354600809,122.5429916381836,4075800,0.0,0.0
2022-11-30 00:00:00-05:00,123.9478999180077,124.1382464712254,119.83292636438418,121.11091613769531,8274300,0.0,0.0
2022-12-01 00:00:00-05:00,122.21668041640336,123.10494571433834,119.36157949815994,119.66974639892578,4563400,0.0,0.0
2022-12-02 00:00:00-05:00,119.2528258388285,121.21060273733013,114.63026670085726,115.1740951538086,5488000,0.0,0.0
2022-12-05 00:00:00-05:00,115.91733603308391,116.47023028648894,109.32793382919328,109.63610076904297,5081200,0.0,0.0
2022-12-06 00:00:00-05:00,108.76596501826984,111.69358528601262,106.59971010153494,107.7326889038086,4494800,0.0,0.0
2022-12-07 00:00:00-05:00,107.36107507775554,110.2796297566335,106.9532054501514,108.93818664550781,4990400,0.0,0.0
2022-12-08 00:00:00-05:00,110.5696709865922,111.24945830270111,105.5845640017935,105.95618438720703,4984300,0.0,0.0
2022-12-09 00:00:00-05:00,106.019648434756,106.7447508759224,103.88058344027776,103.91683959960938,4975100,0.0,0.0
2022-12-12 00:00:00-05:00,104.5603559087234,109.4820164625524,103.76274126301209,109.36418914794922,5807300,0.0,0.0
2022-12-13 00:00:00-05:00,111.42167395677092,111.6482697301382,108.20401120889368,109.24635314941406,3828800,0.0,0.0
2022-12-14 00:00:00-05:00,110.09835246714653,111.0319259215315,107.10728557421918,108.52124786376953,3607800,0.0,0.0
2022-12-15 00:00:00-05:00,107.76894328295106,108.77502899603644,106.36404682517488,108.69345092773438,3233600,0.0,0.0
2022-12-16 00:00:00-05:00,106.78098404024381,108.38528589819786,105.36702870657895,108.1949462890625,6945900,0.0,0.0
2022-12-19 00:00:00-05:00,108.94724620655754,110.2977620088397,107.80520847577229,108.50312042236328,3260800,0.0,0.0
2022-12-20 00:00:00-05:00,108.74782579883306,111.29475959152526,108.67531350558664,110.4699478149414,3156200,0.0,0.0
2022-12-21 00:00:00-05:00,112.21928637471954,112.68154367950854,109.3279290659239,111.19507598876953,3040100,0.0,0.0
2022-12-22 00:00:00-05:00,111.21321722932919,111.42168841053811,106.4456465181369,108.42156219482422,3035800,0.0,0.0
2022-12-23 00:00:00-05:00,109.55452685281638,112.94439768168424,108.50311914650258,112.72686767578125,3270300,0.0,0.0
2022-12-27 00:00:00-05:00,113.56074560017385,114.92938609179456,112.54559398355082,114.57589721679688,3484400,0.0,0.0
2022-12-28 00:00:00-05:00,114.5124372647231,114.83873573316608,111.86580027860049,113.61511993408203,3856300,0.0,0.0
2022-12-29 00:00:00-05:00,113.43384950420491,114.92938304384737,113.04410448375451,114.49431610107422,2456800,0.0,0.0
2022-12-30 00:00:00-05:00,114.23145740996063,115.60009778435136,113.91422471792411,114.98375701904297,2043500,0.0,0.0
2023-01-03 00:00:00-05:00,113.97766964137207,114.72996923979501,108.4396685990243,108.8022232055664,3671600,0.0,0.0
2023-01-04 00:00:00-05:00,106.9713435250259,109.3007481008089,106.69036694245116,108.42156219482422,3283700,0.0,0.0
2023-01-05 00:00:00-05:00,108.42155198282619,115.08346657351436,107.85959195545142,114.7390365600586,4974600,0.0,0.0
2023-01-06 00:00:00-05:00,115.80856471731413,119.2800205373173,113.66044121320803,115.61822509765625,4818800,0.0,0.0
2023-01-09 00:00:00-05:00,117.52164296264722,119.18032579263274,115.1197262236473,116.5427474975586,4438500,0.0,0.0
2023-01-10 00:00:00-05:00,117.87512347764073,119.71508004168516,116.08048883410304,119.65162658691406,3518100,0.0,0.0
2023-01-11 00:00:00-05:00,120.83899491920435,122.46141449410278,119.85102688322358,121.09278106689453,4172500,0.0,0.0
2023-01-12 00:00:00-05:00,121.66378072082894,124.41919266131328,121.2921742186512,122.65174865722656,3269400,0.0,0.0
2023-01-13 00:00:00-05:00,122.65175725750757,124.28323563395138,121.80881385472475,123.38592529296875,2604000,0.0,0.0
2023-01-17 00:00:00-05:00,124.73643769729658,126.75768196651444,123.31342342318648,124.72737884521484,2781100,0.0,0.0
2023-01-18 00:00:00-05:00,125.98722408609686,127.43744226956984,121.90850100417286,122.83301544189453,3564400,0.0,0.0
2023-01-19 00:00:00-05:00,122.07165940918698,125.8694065042756,121.41000367211821,125.5068588256836,3224800,0.0,0.0
2023-01-20 00:00:00-05:00,126.06885302734138,129.49498088051243,124.86336154858682,129.3680877685547,3709800,0.0,0.0
2023-01-23 00:00:00-05:00,130.12945076773875,133.15676752502256,129.5312344992041,129.68531799316406,3908300,0.0,0.0
2023-01-24 00:00:00-05:00,132.83950860528807,132.83950860528807,128.57045183092816,131.45274353027344,3142400,0.0,0.0
2023-01-25 00:00:00-05:00,130.53731354212,131.36211175070213,128.73360597854943,129.93003845214844,2955900,0.0,0.0
2023-01-26 00:00:00-05:00,131.61591382400266,135.95748337442265,127.89067822633106,135.92123413085938,4708100,0.0,0.0
2023-01-27 00:00:00-05:00,136.00278824876463,136.310955186499,129.7396776473481,129.80313110351562,3638500,0.0,0.0
2023-01-30 00:00:00-05:00,129.60371697452396,130.06596734995796,126.6670309209521,127.06584167480469,2991300,0.0,0.0
2023-01-31 00:00:00-05:00,127.08398592963381,128.42542910207672,125.14432656652924,126.92082977294922,5427300,0.0,0.0
2023-02-01 00:00:00-05:00,127.69125998897425,129.03270315108205,121.70912578906517,123.47657012939453,4159200,0.0,0.0
2023-02-02 00:00:00-05:00,122.58828549646685,122.70611969750311,118.59113364455463,120.59424591064453,4171100,0.0,0.0
2023-02-03 00:00:00-05:00,121.34656662492871,123.06868888021627,119.1893705497369,119.39783477783203,3027300,0.0,0.0
2023-02-06 00:00:00-05:00,119.37065352389742,120.34049009585684,114.25865330660582,116.0986099243164,4401800,0.0,0.0
2023-02-07 00:00:00-05:00,116.92342003989836,122.63363634279231,116.68776541252747,121.9266586303711,3591400,0.0,0.0
2023-02-08 00:00:00-05:00,122.03541761862722,124.48264917419337,120.17732953429261,121.56409454345703,4991100,0.0,0.0
2023-02-09 00:00:00-05:00,120.33142189625607,121.68193776733372,119.53381412965406,120.20452880859375,3822400,0.0,0.0
2023-02-10 00:00:00-05:00,122.74239815773024,128.0447448427971,122.74239815773024,127.55529022216797,4815400,0.0,0.0
2023-02-13 00:00:00-05:00,126.76097228685366,127.82005609514935,125.15409659691848,127.63745880126953,3072300,1.02,0.0
2023-02-14 00:00:00-05:00,126.23145031643364,129.02524368596838,126.14015862071774,127.53704833984375,3030100,0.0,0.0
2023-02-15 00:00:00-05:00,125.88449888710252,126.28622128980047,124.06762308627518,124.505859375,3976900,0.0,0.0
2023-02-16 00:00:00-05:00,123.97632025956987,124.88932067483854,122.15945834920488,122.31466674804688,2589800,0.0,0.0
2023-02-17 00:00:00-05:00,120.26041580838309,120.46127701423579,117.58531734749798,118.333984375,3380200,0.0,0.0
2023-02-21 00:00:00-05:00,118.58049292394611,121.3103551236733,118.4344095207334,120.69864654541016,3343400,0.0,0.0
2023-02-22 00:00:00-05:00,121.10038603453613,121.33776114980733,118.17878721423554,119.32003784179688,3245400,0.0,0.0
2023-02-23 00:00:00-05:00,121.06388324778491,121.65732805603271,118.80877068638993,120.90866088867188,2620300,0.0,0.0
2023-02-24 00:00:00-05:00,118.9456785389743,121.33773487841748,116.73621947414955,121.20079040527344,3012900,0.0,0.0
2023-02-27 00:00:00-05:00,121.52038706595856,123.63854124216277,120.99997002994714,123.30073547363281,2901900,0.0,0.0
2023-02-28 00:00:00-05:00,124.92584649531965,125.26365218555748,120.14171938055208,120.26953887939453,5428000,0.0,0.0
2023-03-01 00:00:00-05:00,120.97254039515106,127.60091759324,120.22387345814447,127.17180633544922,5042000,0.0,0.0
2023-03-02 00:00:00-05:00,126.45056373572167,127.56442541165076,125.3914798583987,127.11705017089844,3473400,0.0,0.0
2023-03-03 00:00:00-05:00,125.59231314337445,129.9108004588956,125.19059080122767,128.88824462890625,3703700,0.0,0.0
2023-03-06 00:00:00-05:00,127.08967305760287,128.07571531780053,126.25883921827668,127.53704833984375,3413900,0.0,0.0
2023-03-07 00:00:00-05:00,126.93445947073033,127.82007107769982,124.08590234472331,125.0445556640625,3577600,0.0,0.0
2023-03-08 00:00:00-05:00,124.58804423478686,126.00318374975618,118.80874986770267,121.21907043457031,5029800,0.0,0.0
2023-03-09 00:00:00-05:00,122.34205988117338,126.63315919522695,120.6347535035282,120.77169799804688,4912700,0.0,0.0
2023-03-10 00:00:00-05:00,121.22818803467004,124.67932831935329,120.23302097470837,120.6621322631836,3856000,0.0,0.0
2023-03-13 00:00:00-04:00,117.22924151565107,119.02785335261204,114.14330278373325,116.9644775390625,5199200,0.0,0.0
2023-03-14 00:00:00-04:00,117.9140084496448,122.9903029081214,117.83184174853773,120.16912078857422,4717300,0.0,0.0
2023-03-15 00:00:00-04:00,115.67715812174039,116.38930434784508,112.08906595386118,113.51335144042969,8770700,0.0,0.0
2023-03-16 00:00:00-04:00,111.61429446007679,116.66318535673369,110.33609255779454,116.10625457763672,7040500,0.0,0.0
2023-03-17 00:00:00-04:00,115.95105752872463,116.86405798170672,113.7507230935303,115.37586975097656,13800900,0.0,0.0
2023-03-20 00:00:00-04:00,116.069753734079,118.78137336175583,115.96932311951166,117.69490051269531,5343700,0.0,0.0
2023-03-21 00:00:00-04:00,120.36995847662327,121.55686167524388,118.79047182861913,120.68951416015625,6393200,0.0,0.0
2023-03-22 00:00:00-04:00,120.66213037254565,123.8941455024889,119.73086610882103,120.30606079101562,3910000,0.0,0.0
2023-03-23 00:00:00-04:00,120.56170390886192,123.11810777912629,117.63096653636049,119.03699493408203,3793700,0.0,0.0
2023-03-24 00:00:00-04:00,116.81839133295976,119.10089219499993,114.81892531444767,118.01441955566406,4362200,0.0,0.0
2023-03-27 00:00:00-04:00,119.86781333058377,121.52035571473304,116.38015913575641,120.406494140625,4003900,0.0,0.0
2023-03-28 00:00:00-04:00,120.15085737570676,125.12670673479575,119.95912116327871,124.18631744384766,4099700,0.0,0.0
2023-03-29 00:00:00-04:00,125.04453931052737,125.9940535845899,123.04506623115836,125.035400390625,4453900,0.0,0.0
2023-03-30 00:00:00-04:00,126.03970107439181,126.19490946210209,123.69328348842419,125.09931182861328,3254700,0.0,0.0
2023-03-31 00:00:00-04:00,124.77978842863702,127.66487362417719,123.34638475274915,127.45488739013672,3330600,0.0,0.0
2023-04-03 00:00:00-04:00,129.57300638160032,129.8834231532154,124.67019902135648,126.47793579101562,6276100,0.0,0.0
2023-04-04 00:00:00-04:00,124.67021765821715,124.89846777698676,115.74106716081172,116.3436508178711,8945000,0.0,0.0
2023-04-05 00:00:00-04:00,116.50797302060873,123.91240627653423,116.09712565712314,123.33721160888672,8034200,0.0,0.0
2023-04-06 00:00:00-04:00,123.72070086918286,124.12242334458439,120.44303220232139,121.05474090576172,3170500,0.0,0.0
2023-04-10 00:00:00-04:00,121.43819285745323,124.23198612119563,121.39255397696485,123.34637451171875,2369600,0.0,0.0
2023-04-11 00:00:00-04:00,124.6610694803174,126.0762228978583,123.54722180021335,124.81629180908203,2476300,0.0,0.0
2023-04-12 00:00:00-04:00,124.7341138163183,125.30930854305039,121.7760013503382,122.08641815185547,2968700,0.0,0.0
2023-04-13 00:00:00-04:00,120.96345543732299,122.2051368201008,119.10092639751441,121.54777526855469,3223100,0.0,0.0
2023-04-14 00:00:00-04:00,122.22335509893236,122.61595250237843,119.56653460946086,120.38822937011719,2463400,0.0,0.0
2023-04-17 00:00:00-04:00,119.21959452017467,119.39306682607649,116.48971829479895,117.13795471191406,3525900,0.0,0.0
2023-04-18 00:00:00-04:00,115.04718409225423,116.64493481638947,114.16157257637396,116.05148315429688,3828000,0.0,0.0
2023-04-19 00:00:00-04:00,115.00153369538178,115.03805454857566,111.56865011720367,113.57725524902344,4409200,0.0,0.0
2023-04-20 00:00:00-04:00,112.03429978101495,112.57297374268053,110.33611815337474,112.25341796875,3966600,0.0,0.0
2023-04-21 00:00:00-04:00,111.78777252421204,111.83341836536655,108.35488902932133,109.22223663330078,6644600,0.0,0.0
2023-04-24 00:00:00-04:00,108.25445253992706,110.82911327967304,108.01707049565546,109.56004333496094,5268600,0.0,0.0
2023-04-25 00:00:00-04:00,109.10355140713291,109.28614870691376,107.11321019070354,107.59709930419922,4058300,0.0,0.0
2023-04-26 00:00:00-04:00,107.49666199349711,108.22706507833561,105.73457099454127,106.49236297607422,5711800,0.0,0.0
2023-04-27 00:00:00-04:00,104.91289588364502,107.0401818578676,102.39301243112656,104.6663818359375,7742700,0.0,0.0
2023-04-28 00:00:00-04:00,104.53855532252572,105.53372250566922,102.80385301138183,104.69376373291016,4042800,0.0,0.0
2023-05-01 00:00:00-04:00,104.48377321892899,105.89891973016313,103.57077277336866,105.369384765625,3054200,0.0,0.0
2023-05-02 00:00:00-04:00,104.24639195788858,104.5202948799285,99.03316020934969,101.1421890258789,4598300,0.0,0.0
2023-05-03 00:00:00-04:00,100.19267604555107,101.53478793692643,97.57236898680985,97.74583435058594,4871900,0.0,0.0
2023-05-04 00:00:00-04:00,97.68191844528708,98.93273159823102,95.11638935069347,95.23507690429688,5083900,0.0,0.0
2023-05-05 00:00:00-04:00,98.13841699874422,98.94186185749133,97.2345484982944,97.72756958007812,3872100,0.0,0.0
2023-05-08 00:00:00-04:00,99.77268125577673,100.86828590042744,97.94668048033239,98.03797912597656,3180000,0.0,0.0
2023-05-09 00:00:00-04:00,96.97889726077841,100.06483590334967,96.31240394748058,98.96923828125,4146000,0.0,0.0
2023-05-10 00:00:00-04:00,99.2979369720763,102.76733471511211,98.01973487068793,101.35218811035156,6454000,0.0,0.0
2023-05-11 00:00:00-04:00,100.0191998859281,102.87688872400244,99.55356771628055,101.03263092041016,4411300,0.0,0.0
2023-05-12 00:00:00-04:00,101.80868351751452,102.70342006995088,100.46657172321927,100.9048080444336,3526800,0.0,0.0
2023-05-15 00:00:00-04:00,101.41609105952374,103.22382803910156,100.32961830142759,103.08688354492188,4612000,0.0,0.0
2023-05-16 00:00:00-04:00,103.0503585172818,103.26947666473467,99.36183603456352,100.10136413574219,4951700,0.0,0.0
2023-05-17 00:00:00-04:00,102.59386510134853,102.71255265456313,100.3022319761873,102.34735107421875,4231400,0.0,0.0
2023-05-18 00:00:00-04:00,101.77217312749046,102.32910402409696,100.32963057675094,101.84521484375,4692300,0.0,0.0
2023-05-19 00:00:00-04:00,102.78559684099687,103.06862476390566,101.0326375718647,101.58956146240234,3708300,0.0,0.0
2023-05-22 00:00:00-04:00,102.02264288398864,105.054205246635,101.76463877313955,103.93003845214844,3819400,1.02,0.0
2023-05-23 00:00:00-04:00,105.80056852847544,106.28893442568886,103.56145152363926,103.66281127929688,5606700,0.0,0.0
2023-05-24 00:00:00-04:00,104.72248462470556,105.90193601656529,102.80587259789108,105.77293395996094,4179200,0.0,0.0
2023-05-25 00:00:00-04:00,104.26175590116137,104.91598259349071,102.52943060251823,104.28939819335938,4426900,0.0,0.0
2023-05-26 00:00:00-04:00,105.28456654898298,105.73607374075945,103.81946174085257,104.8791275024414,3087300,0.0,0.0
2023-05-30 00:00:00-04:00,102.9993783811821,103.64439571118692,101.58956513272523,102.88880920410156,3515200,0.0,0.0
2023-05-31 00:00:00-04:00,100.81553856855047,101.34997258600636,98.4013444445517,98.63170623779297,11087000,0.0,0.0
2023-06-01 00:00:00-04:00,98.76071097518297,99.50708095602928,97.36011432728503,97.60890197753906,5241700,0.0,0.0
2023-06-02 00:00:00-04:00,99.38731678123497,101.36843009037172,98.46586938443515,100.68655395507812,4709600,0.0,0.0
2023-06-05 00:00:00-04:00,101.83834325982134,101.83834325982134,97.49832771433533,98.95421600341797,3946100,0.0,0.0
2023-06-06 00:00:00-04:00,97.48913739345478,100.82477247061524,97.4430622115805,100.68655395507812,3894900,0.0,0.0
2023-06-07 00:00:00-04:00,100.9537686452667,104.7777765245752,99.91253567855058,104.60269927978516,5141100,0.0,0.0
2023-06-08 00:00:00-04:00,104.20644841435575,105.38590659913469,101.77382865027536,103.60751342773438,5157500,0.0,0.0
2023-06-09 00:00:00-04:00,104.04061938329117,104.6856296897249,102.36357852639331,104.48291015625,3143700,0.0,0.0
2023-06-12 00:00:00-04:00,102.73213062813059,105.43197079190547,102.48334301546467,104.19723510742188,4113800,0.0,0.0
2023-06-13 00:00:00-04:00,105.95719533427409,107.51444311343856,104.16037638145596,104.19723510742188,3710000,0.0,0.0
2023-06-14 00:00:00-04:00,105.33985780100849,105.73608043154142,102.0595075771169,103.04545593261719,3399700,0.0,0.0
2023-06-15 00:00:00-04:00,102.93487443522436,105.39513697676139,102.8427311135725,105.0726318359375,3873700,0.0,0.0
2023-06-16 00:00:00-04:00,105.54256651662514,105.86507164095185,104.39075747968374,105.23848724365234,9938800,0.0,0.0
2023-06-20 00:00:00-04:00,105.20162675741257,105.28456066233397,101.68169868039139,102.24378204345703,4056800,0.0,0.0
2023-06-21 00:00:00-04:00,101.21176196912104,103.93003555865309,100.80632996196778,102.85194396972656,3776000,0.0,0.0
2023-06-22 00:00:00-04:00,101.52506380512254,102.49258628225107,99.7743125289345,101.71856689453125,3121700,0.0,0.0
2023-06-23 00:00:00-04:00,100.19816590347719,104.01295672409113,100.14288132146613,102.55707550048828,5722500,0.0,0.0
2023-06-26 00:00:00-04:00,102.6215863787153,104.9712727309446,102.40965041051152,104.11432647705078,3152500,0.0,0.0
2023-06-27 00:00:00-04:00,104.31705882407617,106.95239893819739,103.23896705832269,106.28895568847656,3740500,0.0,0.0
2023-06-28 00:00:00-04:00,106.02172521170813,106.72202713555185,104.78698919106648,106.60224151611328,2506100,0.0,0.0
2023-06-29 00:00:00-04:00,106.74043293977648,107.85539016164557,106.39028555866427,107.449951171875,2272800,0.0,0.0
2023-06-30 00:00:00-04:00,107.36701970635926,108.40825949366258,106.06778286983476,108.08575439453125,2975600,0.0,0.0
2023-07-03 00:00:00-04:00,109.02563863981844,109.51400455885329,108.10419138727431,108.20555114746094,1466100,0.0,0.0
2023-07-05 00:00:00-04:00,108.6109953656692,108.72156454199113,106.85102765497201,107.57897186279297,2753100,0.0,0.0
2023-07-06 00:00:00-04:00,106.51929792964212,106.87866178540929,103.78259854335018,104.54740142822266,4177600,0.0,0.0
2023-07-07 00:00:00-04:00,104.4829109415954,107.4776147284197,103.98532854571285,105.85586547851562,4587900,0.0,0.0
2023-07-10 00:00:00-04:00,105.08185299040298,106.13230237053689,103.34953456335946,103.7641830444336,4199300,0.0,0.0
2023-07-11 00:00:00-04:00,104.31705593724708,106.86946908956158,103.74575603688946,106.8418197631836,3682900,0.0,0.0
2023-07-12 00:00:00-04:00,107.800092005635,108.63861222353506,105.6346927719471,106.0032730102539,3032800,0.0,0.0
2023-07-13 00:00:00-04:00,106.46400551014952,107.65267318792816,105.32141300231797,106.43636322021484,2966100,0.0,0.0
2023-07-14 00:00:00-04:00,105.99408075778854,106.31658590361812,103.81946458864489,104.56584167480469,2335300,0.0,0.0
2023-07-17 00:00:00-04:00,104.32627138680766,105.45964770452836,104.27098679474874,104.77777862548828,2968600,0.0,0.0
2023-07-18 00:00:00-04:00,104.82383304032639,108.04889816648374,104.7685414291351,106.35343170166016,2858500,0.0,0.0
2023-07-19 00:00:00-04:00,106.58379933064002,108.88741740399225,106.42715498887235,108.74919891357422,2797300,0.0,0.0
2023-07-20 00:00:00-04:00,110.5736555048832,111.60567882042558,109.73513524286433,111.2463150024414,3947000,0.0,0.0
2023-07-21 00:00:00-04:00,112.1032768754296,113.5960169353699,111.24633064357752,113.32879638671875,3556400,0.0,0.0
2023-07-24 00:00:00-04:00,114.25944736139533,117.84387623637433,113.80794022331008,115.83512115478516,4398100,0.0,0.0
2023-07-25 00:00:00-04:00,115.45733613711724,116.7197142927346,114.35159528706275,114.75703430175781,3398200,0.0,0.0
2023-07-26 00:00:00-04:00,114.13967052035676,117.3739452249286,113.89087583226082,116.2682113647461,3849500,0.0,0.0
2023-07-27 00:00:00-04:00,117.49374406935236,118.29540572988101,115.0979825590301,115.6139907836914,4422400,0.0,0.0
2023-07-28 00:00:00-04:00,116.78421740393622,119.3826982544202,116.03784741361045,118.93119812011719,2958600,0.0,0.0
2023-07-31 00:00:00-04:00,119.95400328231301,121.17032047243889,118.3414705003604,118.78377532958984,4358800,0.0,0.0
2023-08-01 00:00:00-04:00,118.43360225878176,119.66833807779061,117.37393661958102,118.65475463867188,3344700,0.0,0.0
2023-08-02 00:00:00-04:00,118.2646681038842,119.96438188749305,116.50922832285059,117.3172836303711,4188700,1.02,0.0
2023-08-03 00:00:00-04:00,116.29559614158313,117.4473115943089,113.84355313321724,116.65782928466797,3445500,0.0,0.0
2023-08-04 00:00:00-04:00,117.82811692355192,119.23990346208369,116.80643358600751,117.8559799194336,2664700,0.0,0.0
2023-08-07 00:00:00-04:00,118.11604524655323,120.93961835351256,117.54019109566244,120.0851058959961,3045800,0.0,0.0
2023-08-08 00:00:00-04:00,118.39468296468173,122.58358517458124,117.07578258488473,121.98915100097656,4119000,0.0,0.0
2023-08-09 00:00:00-04:00,122.97371077863521,126.00162253493733,122.00776032941835,124.41336059570312,3898000,0.0,0.0
2023-08-10 00:00:00-04:00,125.11924519160512,127.19047500605267,124.09755469707213,125.25856018066406,3738700,0.0,0.0
2023-08-11 00:00:00-04:00,125.67649947994121,129.3917164409206,125.59291049970189,129.15951538085938,3420600,0.0,0.0
2023-08-14 00:00:00-04:00,127.9706909053877,128.30506111326414,125.57437344434527,126.78182220458984,3410300,0.0,0.0
2023-08-15 00:00:00-04:00,123.46596709869979,123.94894937457666,120.96749506616918,121.80341339111328,4969600,0.0,0.0
2023-08-16 00:00:00-04:00,122.13777343810088,123.80032700796711,121.18110608032687,121.61764526367188,3502600,0.0,0.0
2023-08-17 00:00:00-04:00,123.39167506909119,125.02636577540301,122.54645963041676,122.62076568603516,3311100,0.0,0.0
2023-08-18 00:00:00-04:00,121.39471835906726,124.5990903380303,121.33899236903066,124.0696792602539,3012100,0.0,0.0
2023-08-21 00:00:00-04:00,124.53409816890336,124.97063737951805,120.13156012187511,121.82199096679688,3734000,0.0,0.0
2023-08-22 00:00:00-04:00,122.04489027247448,122.89940277667976,121.26469799204025,121.57120513916016,2562600,0.0,0.0
2023-08-23 00:00:00-04:00,120.28017293845342,121.03250225449497,117.15009947774338,120.159423828125,4025800,0.0,0.0
2023-08-24 00:00:00-04:00,119.55569877311393,120.99534837065883,118.59903141274657,120.2430191040039,2764700,0.0,0.0
2023-08-25 00:00:00-04:00,121.25543575220735,126.11307953696858,119.89009194212741,123.6424560546875,5167200,0.0,0.0
2023-08-28 00:00:00-04:00,123.67030262464299,123.67030262464299,121.21825952728828,122.23066711425781,2680100,0.0,0.0
2023-08-29 00:00:00-04:00,122.44429788715587,122.82511113027849,120.12228665704012,122.0356216430664,3041800,0.0,0.0
2023-08-30 00:00:00-04:00,122.38855568280763,122.50000767192044,120.52164983058863,122.0913314819336,3167900,0.0,0.0
2023-08-31 00:00:00-04:00,122.43500456739511,122.69506866933193,119.2399151179649,120.65168762207031,4154100,0.0,0.0
2023-09-01 00:00:00-04:00,122.60216677543227,125.0170636081623,122.40711163787542,124.0696792602539,2999600,0.0,0.0
2023-09-05 00:00:00-04:00,124.831324734257,125.52792814052502,123.05731883067652,123.6424560546875,2997600,0.0,0.0
2023-09-06 00:00:00-04:00,123.50314035729606,125.40719249168615,122.43502080924999,124.4876708984375,3163400,0.0,0.0
2023-09-07 00:00:00-04:00,124.68272199750271,127.3112404503851,124.46908675695452,126.54961395263672,3691500,0.0,0.0
2023-09-08 00:00:00-04:00,128.4350589497026,132.9583314076308,127.68272972562482,131.94593811035156,5146900,0.0,0.0
2023-09-11 00:00:00-04:00,132.81901212773263,135.0852968400182,131.18432169592714,133.50633239746094,5554700,0.0,0.0
2023-09-12 00:00:00-04:00,133.7199830488008,136.82218663217876,132.98621956793914,135.84693908691406,4273900,0.0,0.0
2023-09-13 00:00:00-04:00,136.10696674774633,136.24629588684894,133.3484312005923,135.1224365234375,3184900,0.0,0.0
2023-09-14 00:00:00-04:00,136.534253237775,137.09154157302407,134.8809824616155,135.5590057373047,3737600,0.0,0.0
2023-09-15 00:00:00-04:00,134.4258547390214,134.9645629832785,132.89333317198816,133.4506072998047,8068000,0.0,0.0
2023-09-18 00:00:00-04:00,135.0667366674023,137.8531499193916,134.49088246383567,135.86550903320312,4418400,0.0,0.0
2023-09-19 00:00:00-04:00,137.1658225978582,137.2772887595423,131.77876858826954,132.50323486328125,4568700,0.0,0.0
2023-09-20 00:00:00-04:00,132.35459858723058,135.1502941289993,132.15026052930173,132.7911376953125,3719700,0.0,0.0
2023-09-21 00:00:00-04:00,138.01103470105352,141.36401896503529,134.5558813918701,135.8840789794922,6812000,0.0,0.0
2023-09-22 00:00:00-04:00,137.06368231271074,139.02344613704696,134.76023702511046,134.92742919921875,4114700,0.0,0.0
2023-09-25 00:00:00-04:00,134.927408083072,137.1379527364046,134.6766269473726,136.1069793701172,3241900,0.0,0.0
2023-09-26 00:00:00-04:00,134.69524257303863,134.85313764908648,130.7663890417725,131.50015258789062,4936800,0.0,0.0
2023-09-27 00:00:00-04:00,132.58682309460968,134.60232686582916,132.02953480667614,133.70138549804688,3644000,0.0,0.0
2023-09-28 00:00:00-04:00,133.31128584217848,137.72310645902425,133.31128584217848,136.701416015625,3587300,0.0,0.0
2023-09-29 00:00:00-04:00,136.67356424897957,136.81289341494355,131.04501175134396,131.62088012695312,4302200,0.0,0.0
2023-10-02 00:00:00-04:00,131.62087211940818,132.0759771855497,127.3205033965178,128.2585906982422,4109700,0.0,0.0
2023-10-03 00:00:00-04:00,127.25547118506181,127.25547118506181,121.45044434910385,124.0696792602539,5762100,0.0,0.0
2023-10-04 00:00:00-04:00,121.92415922702479,121.92415922702479,117.99531344325256,119.50926208496094,4097000,0.0,0.0
2023-10-05 00:00:00-04:00,118.3947016707906,120.34519664020769,117.26155913388061,118.40399169921875,3399500,0.0,0.0
2023-10-06 00:00:00-04:00,120.23371328908475,120.7074125504243,116.73212421091355,117.5216064453125,2829400,0.0,0.0
2023-10-09 00:00:00-04:00,118.84981474006233,119.13774893375158,114.81880689056757,117.9117202758789,3798900,0.0,0.0
2023-10-10 00:00:00-04:00,117.96745023392646,121.34829063710258,117.32657292270042,120.93962860107422,3998900,0.0,0.0
2023-10-11 00:00:00-04:00,119.80648326010837,121.31114183537348,119.31421806764682,120.37305450439453,3012300,0.0,0.0
2023-10-12 00:00:00-04:00,120.28016818635038,120.65168427239405,116.28630648544498,117.24298095703125,3961700,0.0,0.0
2023-10-13 00:00:00-04:00,117.95815169765979,118.88695604173584,116.70426725040005,117.07579040527344,3825100,0.0,0.0
2023-10-16 00:00:00-04:00,118.28323163265718,120.70741862036073,117.43802336558144,120.00151824951172,2852000,0.0,0.0
2023-10-17 00:00:00-04:00,119.7600440868493,121.92416008441455,119.7600440868493,121.41331481933594,2277900,0.0,0.0
2023-10-18 00:00:00-04:00,121.23685502055335,125.67653957141195,121.19041195923992,124.4876708984375,3780400,0.0,0.0
2023-10-19 00:00:00-04:00,124.06042033012977,124.86847568690949,121.78483803207344,122.9922866821289,2998600,0.0,0.0
2023-10-20 00:00:00-04:00,123.13160499351001,124.06969232692316,121.54334324805201,121.8405532836914,3075900,0.0,0.0
2023-10-23 00:00:00-04:00,121.84055895365206,121.9891710646027,119.50926492439154,121.42259979248047,2749000,0.0,0.0
2023-10-24 00:00:00-04:00,122.04489550845412,123.15947215395514,119.55570645767824,119.63001251220703,2913400,0.0,0.0
2023-10-25 00:00:00-04:00,119.527830987983,121.06964957062218,117.42873122695198,117.82811737060547,3056200,0.0,0.0
2023-10-26 00:00:00-04:00,117.02935551943725,117.72595882610057,112.55251855206295,116.43492126464844,3992500,0.0,0.0
2023-10-27 00:00:00-04:00,115.98909838568112,116.24916958683932,113.62065126498392,114.76307678222656,3674500,0.0,0.0
2023-10-30 00:00:00-04:00,115.66400743883514,116.62067480925505,113.25840751408721,115.3946533203125,2925400,0.0,0.0
2023-10-31 00:00:00-04:00,116.05410101382871,118.04174176134043,114.56801546702764,117.9581527709961,3914800,0.0,0.0
2023-11-01 00:00:00-04:00,118.75692670882901,122.07275092313776,116.8621649533562,118.63618469238281,3741700,0.0,0.0
2023-11-02 00:00:00-04:00,118.82194340482448,120.90246321066225,118.29252519707333,119.77861785888672,3569500,0.0,0.0
2023-11-03 00:00:00-04:00,119.63929339259934,120.01082365884064,115.95193876318385,117.42874145507812,3297600,0.0,0.0
2023-11-06 00:00:00-05:00,118.63618713393467,118.99841319072794,116.36061214049106,116.86216735839844,2073100,0.0,0.0
2023-11-07 00:00:00-05:00,115.2274702656615,115.3946553391793,113.55562661669856,114.28938293457031,2641500,0.0,0.0
2023-11-08 00:00:00-05:00,113.44417761403874,115.06029541076315,112.89618637708308,112.9240493774414,3278200,0.0,0.0
2023-11-09 00:00:00-05:00,113.64850231843876,114.67947572731218,111.34506438239514,111.38221740722656,2553300,0.0,0.0
2023-11-10 00:00:00-05:00,112.69183741377165,114.11290698500495,112.1995722249094,113.93643188476562,2965800,0.0,0.0
2023-11-13 00:00:00-05:00,113.98286581404336,115.65470931675117,113.49060066458694,115.4225082397461,2831700,0.0,0.0
2023-11-14 00:00:00-05:00,116.01697625216434,118.01390030562501,115.82192106666109,117.10367584228516,2847500,0.0,0.0
2023-11-15 00:00:00-05:00,116.86216672117155,119.71359588220065,116.57423963117468,117.67951202392578,3239000,0.0,0.0
2023-11-16 00:00:00-05:00,116.5652744220111,118.15706093909137,113.06335551439655,114.15887451171875,3365800,1.02,0.0
2023-11-17 00:00:00-05:00,115.21693672611272,117.6701492751018,114.79557835421393,116.20945739746094,3131200,0.0,0.0
2023-11-20 00:00:00-05:00,117.14580083428491,117.63269574984703,116.17200385943492,116.78999328613281,2324600,0.0,0.0
2023-11-21 00:00:00-05:00,115.99410222097036,116.24691868750503,114.5334102586851,115.32929992675781,2369700,0.0,0.0
2023-11-22 00:00:00-05:00,113.49406045762089,117.77314490257847,112.87607819374408,117.3798828125,2631200,0.0,0.0
2023-11-24 00:00:00-05:00,117.93232520317999,119.10275323077695,116.6495406569182,117.0053482055664,1204900,0.0,0.0
2023-11-27 00:00:00-05:00,116.28437850570249,117.88552333921709,115.91920549860582,117.61398315429688,2455000,0.0,0.0
2023-11-28 00:00:00-05:00,117.77316581665644,119.01850313344328,117.11772888346694,117.26753997802734,2045500,0.0,0.0
2023-11-29 00:00:00-05:00,118.46604432994177,119.31811939345914,115.54466044068451,116.1813735961914,3180500,0.0,0.0
2023-11-30 00:00:00-05:00,117.01470985118063,118.15704871222093,115.11393593874249,117.3798828125,4460700,0.0,0.0
2023-12-01 00:00:00-05:00,117.04281087715763,120.16083307341941,117.04281087715763,118.3349609375,2516500,0.0,0.0
2023-12-04 00:00:00-05:00,116.83681071846209,118.99975950956521,116.2281866922658,118.40986633300781,2960000,0.0,0.0
2023-12-05 00:00:00-05:00,118.4566909687462,120.6945418151748,117.52034847433072,117.65143585205078,3128600,0.0,0.0
2023-12-06 00:00:00-05:00,116.71509616956067,116.71509616956067,114.71132375473432,114.91732025146484,3454000,0.0,0.0
2023-12-07 00:00:00-05:00,115.56337721666436,116.77125976910828,113.99968712419825,114.29931640625,3277700,0.0,0.0
2023-12-08 00:00:00-05:00,115.46038115169465,116.28436705062067,114.32740768439709,114.92666625976562,2176100,0.0,0.0
2023-12-11 00:00:00-05:00,114.81431279954745,116.35927211372902,114.02778143360008,115.61956787109375,3293300,0.0,0.0
2023-12-12 00:00:00-05:00,114.68322680660455,114.68322680660455,112.55772543743872,113.20380401611328,4041600,0.0,0.0
2023-12-13 00:00:00-05:00,112.98844600697608,116.91172330708102,112.6794512722772,116.85554504394531,4238400,0.0,0.0
2023-12-14 00:00:00-05:00,118.76567291173684,121.29379466887873,118.1851451648059,120.95671081542969,4415300,0.0,0.0
2023-12-15 00:00:00-05:00,118.75631802916166,120.71327037639053,118.71886347284816,120.38555908203125,9641800,0.0,0.0
2023-12-18 00:00:00-05:00,122.21141938852206,124.3462790108088,121.8181572778326,123.52229309082031,3621100,0.0,0.0
2023-12-19 00:00:00-05:00,123.5316553031973,125.59162016872784,122.41741976450865,125.0953598022461,3741200,0.0,0.0
2023-12-20 00:00:00-05:00,125.68524236783746,128.02609847988998,123.64402269610456,124.10282135009766,4492200,0.0,0.0
2023-12-21 00:00:00-05:00,124.20581907220068,124.81445023126557,121.97733377829368,123.52229309082031,2977100,0.0,0.0
2023-12-22 00:00:00-05:00,124.62718638585737,125.7039744933522,123.68147136301818,123.78446960449219,2279000,0.0,0.0
2023-12-26 00:00:00-05:00,124.48672896176409,125.76952786559102,123.96237946273365,124.71145629882812,1807100,0.0,0.0
2023-12-27 00:00:00-05:00,124.30881503803012,124.76762796916664,123.08220874886582,123.42866516113281,1358000,0.0,0.0
2023-12-28 00:00:00-05:00,122.66085953351198,123.5972019726991,121.68706968323616,121.80878448486328,1661200,0.0,0.0
2023-12-29 00:00:00-05:00,122.42678232926589,122.67022623668622,121.08781940727495,121.72452545166016,1964000,0.0,0.0
2024-01-02 00:00:00-05:00,122.32377555944024,123.52229273738409,121.77133694987037,122.3425064086914,2638200,0.0,0.0
2024-01-03 00:00:00-05:00,122.27694578368506,126.51857554606777,122.21140924773411,125.22643280029297,3078000,0.0,0.0
2024-01-04 00:00:00-05:00,126.00359022206639,127.08037815254023,121.93985377989245,122.01476287841797,2586500,0.0,0.0
2024-01-05 00:00:00-05:00,122.20205718180969,122.98859575733202,119.91739343372065,120.7881851196289,2958000,0.0,0.0
2024-01-08 00:00:00-05:00,118.45667063676927,121.17206483324749,116.63079879981709,121.04097747802734,2756500,0.0,0.0
2024-01-09 00:00:00-05:00,120.60090393837214,120.66644047687628,118.6158554792748,119.07466125488281,2273300,0.0,0.0
2024-01-10 00:00:00-05:00,119.14957065469525,119.52410904424099,116.21882150817167,116.82743835449219,2714400,0.0,0.0
2024-01-11 00:00:00-05:00,117.67951540434797,119.93609691745769,117.50160805889891,119.8518295288086,2388100,0.0,0.0
2024-01-12 00:00:00-05:00,121.7245071469151,123.31628630596157,121.42487073288487,123.12902069091797,3276300,0.0,0.0
2024-01-16 00:00:00-05:00,124.07475113129512,127.09914797601263,120.80692464475496,121.06909942626953,3519400,0.0,0.0
2024-01-17 00:00:00-05:00,119.25257158146538,120.68517434585972,117.77314883842418,118.2694091796875,2764600,0.0,0.0
2024-01-18 00:00:00-05:00,117.86677943066474,118.40049431604196,116.12518198496527,117.94168853759766,2565600,0.0,0.0
2024-01-19 00:00:00-05:00,118.5690305078982,120.0109985999446,117.96977196883024,120.00164031982422,2964700,0.0,0.0
2024-01-22 00:00:00-05:00,119.58965428915245,121.37807172933056,118.46603910583444,120.90052795410156,2903000,0.0,0.0
2024-01-23 00:00:00-05:00,120.60089522068536,121.91176877052266,119.51473468656296,120.89115905761719,2883200,0.0,0.0
2024-01-24 00:00:00-05:00,122.1739544285441,122.55785824805899,121.04098810625567,121.86495971679688,3140800,0.0,0.0
2024-01-25 00:00:00-05:00,124.9829935649841,127.25831328157443,123.22267937107917,125.90061950683594,5293300,0.0,0.0
2024-01-26 00:00:00-05:00,125.9006030820332,129.19651798263624,125.34815021769978,129.1309814453125,5286000,0.0,0.0
2024-01-29 00:00:00-05:00,129.2152607292285,130.07669408626242,127.93247611861146,129.57107543945312,3464000,0.0,0.0
2024-01-30 00:00:00-05:00,128.75643602705145,132.97934932111173,128.40999391709917,132.8576202392578,4304100,0.0,0.0
2024-01-31 00:00:00-05:00,133.29162090929918,134.4520691372986,130.7631627349898,131.0461883544922,4273500,1.07,0.0
2024-02-01 00:00:00-05:00,131.68775569743863,133.3010594230941,126.25344749078809,130.47068786621094,4695200,0.0,0.0
2024-02-02 00:00:00-05:00,130.81032670496853,131.4518850461072,127.95165272239774,130.05557250976562,3639600,0.0,0.0
2024-02-05 00:00:00-05:00,129.3573987431775,133.03687553785122,128.10259911934972,132.47080993652344,3462400,0.0,0.0
2024-02-06 00:00:00-05:00,132.93310327822297,134.95210095176773,129.65930589973496,130.0366973876953,7278200,0.0,0.0
2024-02-07 00:00:00-05:00,130.48011898348372,133.21613879776416,129.25362188204278,133.197265625,3014900,0.0,0.0
2024-02-08 00:00:00-05:00,133.49918653869227,134.31998965132243,132.96140905385624,133.7822265625,2673500,0.0,0.0
2024-02-09 00:00:00-05:00,133.80110012885277,135.17853950820341,133.1784149538519,134.97097778320312,3795000,0.0,0.0
2024-02-12 00:00:00-05:00,135.6219661473918,136.0465189883026,134.216209802673,134.470947265625,2825000,0.0,0.0
2024-02-13 00:00:00-05:00,134.01808670973728,134.80115784647634,131.93304014131,133.5652313232422,2730300,0.0,0.0
2024-02-14 00:00:00-05:00,134.43320988435784,134.96154356691056,130.40464396087359,133.065185546875,4085300,0.0,0.0
2024-02-15 00:00:00-05:00,132.31040665129336,135.3200222018651,132.1405769159072,133.96145629882812,2729900,0.0,0.0
2024-02-16 00:00:00-05:00,134.21621384810044,134.21621384810044,131.2065975230114,131.65000915527344,3002100,0.0,0.0
2024-02-20 00:00:00-05:00,131.14998286228695,131.33868582294426,127.04595259625496,127.39502716064453,4060500,0.0,0.0
2024-02-21 00:00:00-05:00,127.63085124670278,129.41398425330578,127.50819724012892,129.39511108398438,3130200,0.0,0.0
2024-02-22 00:00:00-05:00,128.38564588137925,132.00851774637442,126.79120105435446,131.87643432617188,3467800,0.0,0.0
2024-02-23 00:00:00-05:00,131.14996953772402,133.90486261045595,130.63107963667863,133.5746612548828,2520800,0.0,0.0
2024-02-26 00:00:00-05:00,133.9143006398816,138.7447962972338,133.20670782776105,136.8861846923828,3350600,0.0,0.0
2024-02-27 00:00:00-05:00,138.08439778802196,138.64103408670346,134.82947329374835,134.8955078125,3047800,0.0,0.0
2024-02-28 00:00:00-05:00,134.2162014526243,134.23507462545012,130.57445648193047,131.3386688232422,3895200,0.0,0.0
2024-02-29 00:00:00-05:00,131.37639461884473,133.82938871483665,130.43293756592664,133.46144104003906,4222500,0.0,0.0
2024-03-01 00:00:00-05:00,134.39545673644386,135.9899014880364,134.31997844332565,135.17852783203125,2003800,0.0,0.0
2024-03-04 00:00:00-05:00,135.39551804364348,139.09386800622536,134.89548695150947,136.5182342529297,4296400,0.0,0.0
2024-03-05 00:00:00-05:00,136.41446592269926,139.24483737392845,134.9898508081455,136.15029907226562,2678100,0.0,0.0
2024-03-06 00:00:00-05:00,137.28241011129802,137.50884495278902,134.1595700352858,136.27291870117188,2885900,0.0,0.0
2024-03-07 00:00:00-05:00,137.15033752885162,141.990276476605,135.7917571648499,140.6033935546875,3613700,0.0,0.0
2024-03-08 00:00:00-05:00,140.25433123461107,142.17897731978118,139.94298867453708,141.07513427734375,2085700,0.0,0.0
2024-03-11 00:00:00-04:00,140.55623957213675,142.6318423844809,139.2731372960673,142.0280303955078,2795400,0.0,0.0
2024-03-12 00:00:00-04:00,141.79216720454502,143.73570100516037,139.82034523743062,142.20729064941406,2976300,0.0,0.0
2024-03-13 00:00:00-04:00,145.29238793933345,151.4059856866765,145.29238793933345,149.6605987548828,4772100,0.0,0.0
2024-03-14 00:00:00-04:00,150.3964976843411,151.99094246463378,148.73600399787648,150.37762451171875,3561400,0.0,0.0
2024-03-15 00:00:00-04:00,152.47208700788715,156.70821413884488,152.4626576204103,154.44390869140625,9134400,0.0,0.0
2024-03-18 00:00:00-04:00,156.00062889676414,157.86866982393306,153.87785053534105,156.88746643066406,4444500,0.0,0.0
2024-03-19 00:00:00-04:00,156.6987957851804,158.50080241048576,155.67043093886994,157.92529296875,3957000,0.0,0.0
2024-03-20 00:00:00-04:00,157.16106828416613,161.4821030578481,156.67046661485423,159.9820098876953,3952600,0.0,0.0
2024-03-21 00:00:00-04:00,160.7367617819954,162.13308848365745,159.31214691850104,161.31227111816406,3685700,0.0,0.0
2024-03-22 00:00:00-04:00,160.4159975924642,161.52928437332707,159.312154595345,160.0480499267578,3497500,0.0,0.0
2024-03-25 00:00:00-04:00,161.048151997365,162.70864599454515,158.90649997837403,158.96311950683594,2767900,0.0,0.0
2024-03-26 00:00:00-04:00,159.31217952179534,161.01983470920757,157.34035747644168,157.793212890625,3025300,0.0,0.0
2024-03-27 00:00:00-04:00,158.595143823124,160.07636398003856,156.26480364098578,158.321533203125,3098600,0.0,0.0
2024-03-28 00:00:00-04:00,158.5668282448564,161.55758527042136,156.62329469121042,161.03868103027344,3325900,0.0,0.0
2024-04-01 00:00:00-04:00,160.4914879153499,163.28412726661367,157.66111661431805,162.87843322753906,2775400,0.0,0.0
2024-04-02 00:00:00-04:00,163.3784439725602,167.2937990885138,162.98219376733317,167.19944763183594,3152100,0.0,0.0
2024-04-03 00:00:00-04:00,168.99203480066254,172.39791558117406,167.6900737637892,170.17135620117188,4127500,0.0,0.0
2024-04-04 00:00:00-04:00,170.47329019601474,173.39799898863004,169.92608327187034,170.39781188964844,3212800,0.0,0.0
2024-04-05 00:00:00-04:00,172.65263644069088,174.34141818966336,170.94498152024047,173.0205841064453,2418900,0.0,0.0
2024-04-08 00:00:00-04:00,172.68095443536478,173.01117018369226,170.529873366981,170.66195678710938,2539200,0.0,0.0
2024-04-09 00:00:00-04:00,171.70918024910455,171.80353171094288,166.1522188927075,166.29373168945312,3502100,0.0,0.0
2024-04-10 00:00:00-04:00,165.3314443868849,167.65234102976547,163.81247772385558,165.7654266357422,3472200,0.0,0.0
2024-04-11 00:00:00-04:00,166.18995635577173,167.2938137910726,164.58608222336989,167.02963256835938,2414400,0.0,0.0
2024-04-12 00:00:00-04:00,167.642894671391,168.30331176324825,162.63313976571354,163.7275390625,2452400,0.0,0.0
2024-04-15 00:00:00-04:00,164.23701332579276,165.04838700580672,160.28392578232985,161.0198211669922,2413500,0.0,0.0
2024-04-16 00:00:00-04:00,160.95378090224557,161.54814906337114,157.1516500854056,159.434814453125,2126300,0.0,0.0
2024-04-17 00:00:00-04:00,159.69900293919827,160.6613189100193,157.12335443961,157.82151794433594,2469700,0.0,0.0
2024-04-18 00:00:00-04:00,158.3498241081571,158.50078068766436,151.88715210463022,153.30233764648438,3115000,0.0,0.0
2024-04-19 00:00:00-04:00,153.78353830920625,156.18935727852275,153.0476427744999,154.6232147216797,2437500,0.0,0.0
2024-04-22 00:00:00-04:00,154.62318761166728,157.84037986236243,153.17969936236665,156.51953125,2130000,0.0,0.0
2024-04-23 00:00:00-04:00,155.38740315478586,158.14229654334935,154.22695479088065,158.0668182373047,1969300,0.0,0.0
2024-04-24 00:00:00-04:00,156.76482680395057,158.11396347468406,155.72701829106933,157.5573272705078,2350800,0.0,0.0
2024-04-25 00:00:00-04:00,155.6043755001906,158.9725243202065,152.96270708764456,157.67999267578125,3299400,0.0,0.0
2024-04-26 00:00:00-04:00,155.84970717004177,157.51018676600617,155.01946017405191,156.4252166748047,2065200,0.0,0.0
2024-04-29 00:00:00-04:00,155.52889789522283,159.30272603321055,155.40624387401442,158.03848266601562,2081800,0.0,0.0
2024-04-30 00:00:00-04:00,156.74595462228422,157.49127936187128,150.69839144158834,150.83047485351562,4144100,0.0,0.0
2024-05-01 00:00:00-04:00,151.2833518727467,153.29290570817602,145.83017098176543,146.85853576660156,3979500,0.0,0.0
2024-05-02 00:00:00-04:00,147.64159737527,149.3964280455474,146.51888119428446,148.4435272216797,2416100,0.0,0.0
2024-05-03 00:00:00-04:00,148.9341166313675,149.9058761507698,146.03769684727706,147.97178649902344,2356700,0.0,0.0
2024-05-06 00:00:00-04:00,149.20772234096458,151.1606852875073,148.9152529673691,149.25489807128906,2128400,0.0,0.0
2024-05-07 00:00:00-04:00,149.5473741702981,150.1511861159757,147.68876260081925,147.81141662597656,2267900,0.0,0.0
2024-05-08 00:00:00-04:00,147.27364256096607,149.94361318620614,146.4245226285335,148.1887969970703,2776400,0.0,0.0
2024-05-09 00:00:00-04:00,148.07558803271735,150.30214735052746,148.06615864434139,149.88702392578125,1676900,0.0,0.0
2024-05-10 00:00:00-04:00,150.75501371044447,151.30222059239333,146.707588816255,147.30197143554688,2036200,0.0,0.0
2024-05-13 00:00:00-04:00,148.00956179748653,148.55676867015504,146.69815693926816,147.11326599121094,1510400,0.0,0.0
2024-05-14 00:00:00-04:00,146.33020922785477,147.15101233885073,144.96218484817672,147.11326599121094,2436800,0.0,0.0
2024-05-15 00:00:00-04:00,146.59436114223297,149.1511216878238,144.707447040862,148.79261779785156,2799100,0.0,0.0
2024-05-16 00:00:00-04:00,147.5001079427807,149.99083459023709,147.1510333553315,149.53797912597656,2597600,0.0,0.0
2024-05-17 00:00:00-04:00,150.26440432903888,156.8308571580563,149.57567033599776,156.67047119140625,4098500,0.0,0.0
2024-05-20 00:00:00-04:00,156.6138851813847,157.43468828615318,153.3495171439605,154.5194091796875,3089100,0.0,0.0
2024-05-21 00:00:00-04:00,153.99106364694168,155.28359522217156,153.00043084726363,153.20799255371094,2206800,0.0,0.0
2024-05-22 00:00:00-04:00,152.62308149787245,154.9156756772628,150.00970091643157,152.84007263183594,2510000,0.0,0.0
2024-05-23 00:00:00-04:00,154.27410279925434,154.96282242358686,152.6419117169699,153.36837768554688,2251400,0.0,0.0
2024-05-24 00:00:00-04:00,154.61375128207513,155.19869006648312,152.14188393671247,153.23629760742188,1794500,0.0,0.0
2024-05-28 00:00:00-04:00,154.0193911009276,155.78365149486896,153.49105736130974,154.32130432128906,1912700,0.0,0.0
2024-05-29 00:00:00-04:00,153.2928923849822,153.2928923849822,146.15093023853441,146.88682556152344,3774100,0.0,0.0
2024-05-30 00:00:00-04:00,146.29783701347566,148.22630734172975,143.06789056597773,143.35287475585938,3969200,1.07,0.0
2024-05-31 00:00:00-04:00,143.90389767593996,149.4708170844257,143.63790271408507,149.28082275390625,4902500,0.0,0.0
2024-06-03 00:00:00-04:00,149.19530171724008,149.31879003815337,144.6163623155062,146.2408447265625,2887600,0.0,0.0
2024-06-04 00:00:00-04:00,144.94889201761123,148.8058335607368,144.16989639783503,147.60885620117188,2997200,0.0,0.0
2024-06-05 00:00:00-04:00,148.62533132274982,148.62533132274982,145.23388828092217,146.3358612060547,1939200,0.0,0.0
2024-06-06 00:00:00-04:00,146.16483251715474,148.3498030066616,145.33834941504887,147.97930908203125,1981000,0.0,0.0
2024-06-07 00:00:00-04:00,147.466321036146,148.75830256120818,145.34785633913148,146.70632934570312,1979600,0.0,0.0
2024-06-10 00:00:00-04:00,146.33584218492476,148.2833164522302,145.0438605998689,146.85833740234375,2285300,0.0,0.0
2024-06-11 00:00:00-04:00,145.52836418206616,146.17434773311467,143.48588549313808,145.91786193847656,2083400,0.0,0.0
2024-06-12 00:00:00-04:00,146.8678372527074,147.93181690407158,140.0754288470509,140.95892333984375,3793300,0.0,0.0
2024-06-13 00:00:00-04:00,140.95893729949944,143.81839014354009,139.88544840488527,142.32691955566406,2669100,0.0,0.0
2024-06-14 00:00:00-04:00,141.23440312202445,143.3623767731546,140.597914303505,142.56439208984375,2641800,0.0,0.0
2024-06-17 00:00:00-04:00,142.64039049504441,144.21737071623394,141.31041590827965,143.55238342285156,1804000,0.0,0.0
2024-06-18 00:00:00-04:00,144.65435632655075,147.33330901338988,141.6714011953312,142.44088745117188,2552000,0.0,0.0
2024-06-20 00:00:00-04:00,143.44787983195818,145.87984156808574,142.2224043227316,144.8443603515625,3204000,0.0,0.0
2024-06-21 00:00:00-04:00,145.8228660984179,145.9938566382169,142.09892233231918,142.69741821289062,7128100,0.0,0.0
2024-06-24 00:00:00-04:00,142.55490208726204,144.7113744454065,142.29840179904377,143.19139099121094,2851300,0.0,0.0
2024-06-25 00:00:00-04:00,142.94439686286142,146.5163390614861,140.92092201193753,146.0983428955078,4849300,0.0,0.0
2024-06-26 00:00:00-04:00,146.57333141989164,147.55183032157692,144.5783695464277,145.8988494873047,3843100,0.0,0.0
2024-06-27 00:00:00-04:00,147.32385492662115,149.2618203082886,145.85137348454742,146.3358612060547,2540100,0.0,0.0
2024-06-28 00:00:00-04:00,148.12181504544532,149.3283013214941,145.9178550681618,148.9197998046875,3898900,0.0,0.0
2024-07-01 00:00:00-04:00,150.43030109224446,151.4942808598879,147.7608280395208,150.07879638671875,2205500,0.0,0.0
2024-07-02 00:00:00-04:00,151.9502621107495,153.95473320742923,149.4518087169165,150.05979919433594,2927900,0.0,0.0
2024-07-03 00:00:00-04:00,150.0598287638512,151.14281246814676,148.45434974264998,150.57281494140625,1479900,0.0,0.0
2024-07-05 00:00:00-04:00,149.63226881756046,150.56326540485352,144.46435787310207,145.1388397216797,2416400,0.0,0.0
2024-07-08 00:00:00-04:00,144.39788930406993,145.3478754179125,140.43644894882297,140.55995178222656,2493700,0.0,0.0
2024-07-09 00:00:00-04:00,137.15898453590555,141.40542315324407,136.5604887119903,138.9829559326172,3027100,0.0,0.0
2024-07-10 00:00:00-04:00,138.29898272611896,139.49596003305794,136.8740035292515,137.65298461914062,2640100,0.0,0.0
2024-07-11 00:00:00-04:00,137.13050732064838,140.30345760050912,136.361006358492,139.30596923828125,2137000,0.0,0.0
2024-07-12 00:00:00-04:00,140.59792749908837,140.80692557799463,137.8524685486951,140.5219268798828,2311200,0.0,0.0
2024-07-15 00:00:00-04:00,141.15840831550167,142.54539417551064,140.13242175377624,141.31040954589844,2442100,0.0,0.0
2024-07-16 00:00:00-04:00,140.45543138292584,141.8709012002146,138.60294714597026,141.38641357421875,2483300,0.0,0.0
2024-07-17 00:00:00-04:00,142.6404000641709,146.55435245968673,141.86141903841758,142.54541015625,4185200,0.0,0.0
2024-07-18 00:00:00-04:00,143.46689116253026,144.49287779190232,140.3034360125421,140.38893127441406,2327700,0.0,0.0
2024-07-19 00:00:00-04:00,141.3009204618386,141.85191407196956,139.29644945601078,140.9114227294922,1582400,0.0,0.0
2024-07-22 00:00:00-04:00,140.12294219589552,142.18441018228415,138.81195680996746,141.56692504882812,2435400,0.0,0.0
2024-07-23 00:00:00-04:00,141.4529150750464,141.94691187293893,139.0969537626642,139.52444458007812,1793700,0.0,0.0
2024-07-24 00:00:00-04:00,139.82842570669098,142.11789518444482,137.8334495360375,141.3769073486328,3770300,0.0,0.0
2024-07-25 00:00:00-04:00,139.8664296861993,150.8957673289819,137.27297205833872,149.14779663085938,4181800,0.0,0.0
2024-07-26 00:00:00-04:00,149.869792090531,152.14976727841437,147.1433368009101,151.16177368164062,3151500,0.0,0.0
2024-07-29 00:00:00-04:00,151.18076546082548,152.65324660151978,147.37132697042546,149.57528686523438,2721300,0.0,0.0
2024-07-30 00:00:00-04:00,150.3068192120274,156.40572893694366,149.88882296058603,155.30374145507812,2954400,0.0,0.0
2024-07-31 00:00:00-04:00,157.69769916106853,159.3886733297711,153.52726058838147,153.6317596435547,2725100,0.0,0.0
2024-08-01 00:00:00-04:00,154.07162706920042,156.47196805447703,148.5441376954151,149.61520385742188,2412500,1.07,0.0
2024-08-02 00:00:00-04:00,147.41568831992265,147.41568831992265,141.6778085603328,142.0699005126953,3457700,0.0,0.0
2024-08-05 00:00:00-04:00,138.1298943749922,141.90732896388712,135.26095449600626,141.19009399414062,2684900,0.0,0.0
2024-08-06 00:00:00-04:00,141.7352043183845,145.2161842376867,141.34311235301166,142.3472442626953,2457000,0.0,0.0
2024-08-07 00:00:00-04:00,144.03988394041897,144.61367767508676,141.42915309126033,141.7925567626953,2148900,0.0,0.0
2024-08-08 00:00:00-04:00,142.4906854558811,145.75171739696185,142.3663600541055,144.98666381835938,2042100,0.0,0.0
2024-08-09 00:00:00-04:00,144.95796926381973,145.30224262956665,142.96883588308017,144.4798126220703,1568100,0.0,0.0
2024-08-12 00:00:00-04:00,145.4456969914975,146.8801670469938,143.9729808217489,144.87191772460938,1610400,0.0,0.0
2024-08-13 00:00:00-04:00,143.44701996994368,143.98255317641514,140.84584617378053,141.094482421875,2530900,0.0,0.0
2024-08-14 00:00:00-04:00,141.79258173303873,142.79671364944932,140.6736968863584,141.36224365234375,2672600,0.0,0.0
2024-08-15 00:00:00-04:00,142.48111785599465,144.33635332290174,142.03164945643456,142.77757263183594,1917700,0.0,0.0
2024-08-16 00:00:00-04:00,142.00295820759737,144.44154529493838,141.2092164676328,143.2748565673828,2005500,0.0,0.0
2024-08-19 00:00:00-04:00,143.43744495461544,143.97297809711654,141.33354390595582,141.74476623535156,2637900,0.0,0.0
2024-08-20 00:00:00-04:00,141.48656019204034,141.48656019204034,134.98362635673135,135.0888214111328,4084300,0.0,0.0
2024-08-21 00:00:00-04:00,136.0164398250121,139.06708165969482,135.3374655374019,137.5847930908203,2696200,0.0,0.0
2024-08-22 00:00:00-04:00,137.79518703646875,138.60805922047112,136.65717181573888,137.1640167236328,1176800,0.0,0.0
2024-08-23 00:00:00-04:00,138.0725388398989,139.90865888968978,137.17360187348163,139.4974365234375,1524000,0.0,0.0
2024-08-26 00:00:00-04:00,140.20510973804397,140.92234479612847,136.41810221079663,136.83888244628906,2752200,0.0,0.0
2024-08-27 00:00:00-04:00,136.51372105507284,136.51372105507284,134.31419758723757,134.77322387695312,2030300,0.0,0.0
2024-08-28 00:00:00-04:00,133.9412601734274,136.50418782078054,133.3292201459108,134.8880157470703,2139700,0.0,0.0
2024-08-29 00:00:00-04:00,135.7869358585665,136.45635227546163,133.13794383151347,135.6147918701172,2275000,0.0,0.0
2024-08-30 00:00:00-04:00,134.88800187477008,140.63543989508668,134.6297931826615,140.31985473632812,3359500,0.0,0.0
2024-09-03 00:00:00-04:00,138.19683888006446,138.30203393371693,134.52459906704306,135.1940155029297,3236300,0.0,0.0
2024-09-04 00:00:00-04:00,135.20359300371098,136.45636122149944,132.53547044920148,133.53004455566406,2558300,0.0,0.0
2024-09-05 00:00:00-04:00,133.74997496058725,134.83061362869782,129.3222398365983,129.59957885742188,3299700,0.0,0.0
2024-09-06 00:00:00-04:00,130.14468738090008,131.01493607887676,126.88365517783443,128.32769775390625,3462000,0.0,0.0
2024-09-09 00:00:00-04:00,128.96839702557796,130.0107748976326,127.80169376967382,128.29898071289062,2931000,0.0,0.0
2024-09-10 00:00:00-04:00,128.9397342373153,130.27856712684346,126.49157432950145,130.14468383789062,3028600,0.0,0.0
2024-09-11 00:00:00-04:00,130.20206615809172,130.20206615809172,124.67457576372651,127.09404754638672,4960900,0.0,0.0
2024-09-12 00:00:00-04:00,126.97928579707728,128.45201653177634,126.34811548220624,128.2607421875,2507200,0.0,0.0
2024-09-13 00:00:00-04:00,129.1022999221604,130.35506805332238,128.23205128722773,128.39462280273438,2130200,0.0,0.0
2024-09-16 00:00:00-04:00,129.5804467031889,131.11055375574523,127.35223505678805,127.90689849853516,2244500,0.0,0.0
2024-09-17 00:00:00-04:00,128.7293250047494,129.97253512731163,128.27985661742164,129.86734008789062,2395000,0.0,0.0
2024-09-18 00:00:00-04:00,130.05861849120436,132.28683039729958,128.77716207584166,130.68978881835938,2725500,0.0,0.0
2024-09-19 00:00:00-04:00,132.53545109404038,134.55327265469504,130.9288518227878,132.63108825683594,2538200,0.0,0.0
2024-09-20 00:00:00-04:00,130.68977804859028,131.03405141756025,127.0940307299744,128.5858917236328,7363200,0.0,0.0
2024-09-23 00:00:00-04:00,127.36178762269016,129.9438449901788,126.52979979087102,129.2744140625,2817500,0.0,0.0
2024-09-24 00:00:00-04:00,131.12011762957582,131.20618232476886,126.74975882823287,127.01753997802734,3062700,0.0,0.0
2024-09-25 00:00:00-04:00,127.27575457684209,129.54222739416446,126.62546842988738,127.00798797607422,3008500,0.0,0.0
2024-09-26 00:00:00-04:00,127.43830646929935,134.1133838811413,127.2853074297202,130.65151977539062,6296800,0.0,0.0
2024-09-27 00:00:00-04:00,131.0149240314984,132.09556274592833,129.41788254801583,130.02992248535156,2935800,0.0,0.0
2024-09-30 00:00:00-04:00,129.69521810565925,130.69935008997075,128.33725483430044,129.13099670410156,2623400,0.0,0.0
2024-10-01 00:00:00-04:00,127.50524964450099,131.95210049932902,127.3331056685003,131.46438598632812,3227000,0.0,0.0
2024-10-02 00:00:00-04:00,132.10513135851096,132.19119606164804,128.15555238090948,129.75259399414062,3024700,0.0,0.0
2024-10-03 00:00:00-04:00,129.90559969307893,138.46460110765952,129.40832726613604,137.73780822753906,5224700,0.0,0.0
2024-10-04 00:00:00-04:00,138.85668512289186,139.74606405985185,133.8456128824358,136.19813537597656,2916400,0.0,0.0
2024-10-07 00:00:00-04:00,135.80606383231304,138.65588833681852,135.5765579499852,137.69000244140625,1983100,0.0,0.0
2024-10-08 00:00:00-04:00,135.81562595702653,136.00688570845492,129.6282774195155,130.38375854492188,4177700,0.0,0.0
2024-10-09 00:00:00-04:00,129.60915327278943,134.06557719615742,128.9492946954094,133.27183532714844,2372300,0.0,0.0
2024-10-10 00:00:00-04:00,133.41526485495356,137.40308961346756,133.39614909509243,136.47547912597656,2300900,0.0,0.0
2024-10-11 00:00:00-04:00,135.89213719410407,137.77607572089994,135.24183650748486,136.12164306640625,1632000,0.0,0.0
2024-10-14 00:00:00-04:00,135.67217830691496,135.96863312817226,134.44809831400346,135.0027618408203,1379000,0.0,0.0
2024-10-15 00:00:00-04:00,130.5367635410002,131.59827187216376,128.51894192382196,128.767578125,3247800,0.0,0.0
2024-10-16 00:00:00-04:00,129.6378249677859,130.43156673552753,129.03534293622937,129.59957885742188,1525600,0.0,0.0
2024-10-17 00:00:00-04:00,129.81954532603115,130.75672838143132,128.62415356428133,130.6802215576172,2317400,0.0,0.0
2024-10-18 00:00:00-04:00,130.7280338385003,131.56003638721705,129.59959107410785,131.0531768798828,2083400,0.0,0.0
2024-10-21 00:00:00-04:00,131.2444500855129,131.82780181571525,128.92060104506675,129.58045959472656,2341400,0.0,0.0
2024-10-22 00:00:00-04:00,130.24986468169487,130.52720370209855,128.6719536203284,129.78128051757812,1966400,0.0,0.0
2024-10-23 00:00:00-04:00,129.1022865333981,129.76214499931788,125.73605986538298,127.08446502685547,3382000,0.0,0.0
2024-10-24 00:00:00-04:00,126.99843162094403,128.700668428648,124.23468627880129,125.621337890625,3784600,0.0,0.0
2024-10-25 00:00:00-04:00,127.18965373380512,128.2033433761827,126.08989940681386,126.61585998535156,2147800,0.0,0.0
2024-10-28 00:00:00-04:00,124.38768821564354,126.72108060306013,124.38768821564354,126.48200225830078,2507700,0.0,0.0
2024-10-29 00:00:00-04:00,125.19097802783277,125.5065631689603,121.52829632540373,122.29334259033203,3901800,0.0,0.0
2024-10-30 00:00:00-04:00,122.8862684406674,124.07210227647175,121.81519483622564,123.10621643066406,2523500,0.0,0.0
2024-10-31 00:00:00-04:00,123.68956717861002,125.33442733447139,122.16903242974941,124.09121704101562,2993600,0.0,0.0
2024-11-01 00:00:00-04:00,124.4067933226152,126.03252300931396,122.09251689460213,122.61849212646484,2169600,0.0,0.0
2024-11-04 00:00:00-05:00,122.94364370924356,126.3768051829901,122.68543501521896,124.27291870117188,2424100,0.0,0.0
2024-11-05 00:00:00-05:00,126.23337212542943,126.45332012741198,123.55569161645305,126.2907485961914,2534500,0.0,0.0
2024-11-06 00:00:00-05:00,130.87149453072877,133.76912296322524,129.58046560480344,132.65023803710938,3263000,0.0,0.0
2024-11-07 00:00:00-05:00,132.73630375794497,132.73630375794497,129.59002447852635,130.163818359375,2105900,0.0,0.0
2024-11-08 00:00:00-05:00,130.05861678951243,130.82367039494633,128.4137566450939,130.71847534179688,1702700,0.0,0.0
2024-11-11 00:00:00-05:00,130.64196638816944,132.08599428310404,129.19793849323483,131.99037170410156,1774200,0.0,0.0
2024-11-12 00:00:00-05:00,131.97124060232014,132.11468176610143,130.26900402859243,131.0340576171875,1680500,0.0,0.0
2024-11-13 00:00:00-05:00,131.79911309678667,133.87431131830343,129.92473250744501,133.4630889892578,2304000,0.0,0.0
2024-11-14 00:00:00-05:00,133.88386952504322,134.76367605943148,131.11056663604083,133.9029998779297,2544800,0.0,0.0
2024-11-15 00:00:00-05:00,133.35789160496893,136.25551984172418,132.7458516544506,134.03688049316406,2258600,0.0,0.0
2024-11-18 00:00:00-05:00,134.10381058299166,137.8908176887726,134.09425270313406,137.7186737060547,2465300,0.0,0.0
2024-11-19 00:00:00-05:00,135.91125584878836,138.36898829303126,135.04102174414237,135.80606079101562,2522200,0.0,0.0
2024-11-20 00:00:00-05:00,136.0373192590274,136.89491391234878,134.6690464563813,136.0565948486328,2728200,1.07,0.0
2024-11-21 00:00:00-05:00,136.90453140902213,137.791017308469,135.59407079615164,135.96986389160156,1600000,0.0,0.0
2024-11-22 00:00:00-05:00,135.51697642396564,137.27068725102748,134.3703216067275,135.7771453857422,2375200,0.0,0.0
2024-11-25 00:00:00-05:00,136.00839221996696,137.33812834099493,134.53412595663798,134.7268524169922,4237200,0.0,0.0
2024-11-26 00:00:00-05:00,135.28571585460926,135.91204746220214,133.60910734555898,134.70758056640625,1728600,0.0,0.0
2024-11-27 00:00:00-05:00,134.86176821634848,136.96235161768823,133.05024513411686,133.51275634765625,1907000,0.0,0.0
2024-11-29 00:00:00-05:00,133.80183708451293,134.37034200699537,131.681978003703,134.01382446289062,1554100,0.0,0.0
2024-12-02 00:00:00-05:00,133.55130517023838,135.3628135175563,130.99782634040685,135.0352020263672,2772400,0.0,0.0
2024-12-03 00:00:00-05:00,135.5458803306148,136.92379805929997,132.26973636376695,132.4624481201172,2070300,0.0,0.0
2024-12-04 00:00:00-05:00,132.44317833749864,132.44317833749864,128.35763599316493,129.18630981445312,2509300,0.0,0.0
2024-12-05 00:00:00-05:00,129.52355172025034,130.04388965843165,126.97971819737832,128.20346069335938,2525900,0.0,0.0
2024-12-06 00:00:00-05:00,128.84905346415636,129.0032287574961,125.68853346551789,126.72919464111328,1984200,0.0,0.0
2024-12-09 00:00:00-05:00,127.72168697785904,131.69160560926227,127.66387491281401,129.64883422851562,2730000,0.0,0.0
2024-12-10 00:00:00-05:00,129.2055679257074,130.05351731616508,126.93153386281494,127.50005340576172,2656300,0.0,0.0
2024-12-11 00:00:00-05:00,127.76985426520703,129.49464439173497,126.96044133648468,128.43470764160156,2349000,0.0,0.0
2024-12-12 00:00:00-05:00,127.67350725545577,127.82768256651404,124.76351074684031,124.95622253417969,2066900,0.0,0.0
2024-12-13 00:00:00-05:00,124.70568962102139,125.7174448097574,123.90592179384782,124.4358901977539,1718000,0.0,0.0
2024-12-16 00:00:00-05:00,123.2699580642899,124.11790009717312,120.13834419144342,120.5141372680664,4422200,0.0,0.0
2024-12-17 00:00:00-05:00,119.96490515151822,120.87066662722502,118.43282675901774,120.3406982421875,3710800,0.0,0.0
2024-12-18 00:00:00-05:00,119.87818979523733,121.28500630675063,117.01637515375145,117.3054428100586,4263700,0.0,0.0
2024-12-19 00:00:00-05:00,118.51954521546897,118.51954521546897,112.87300369269468,114.5978012084961,5060200,0.0,0.0
2024-12-20 00:00:00-05:00,114.76160430017394,115.0699475312746,113.01753858846234,114.27017974853516,7606100,0.0,0.0
2024-12-23 00:00:00-05:00,114.6941582313591,115.02177706041915,112.58392980896411,114.3280029296875,2832600,0.0,0.0
2024-12-24 00:00:00-05:00,113.692041828452,115.2433958419275,112.79591812719897,114.51107788085938,1170100,0.0,0.0
2024-12-26 00:00:00-05:00,114.66525763836708,115.56138137447415,113.31625313703086,115.32048797607422,1884400,0.0,0.0
2024-12-27 00:00:00-05:00,115.16630931020802,116.50568332957425,113.78839881752796,115.22412872314453,1697800,0.0,0.0
2024-12-30 00:00:00-05:00,115.45538216962467,116.72729895828996,113.70167860720004,115.23375701904297,2890200,0.0,0.0
2024-12-31 00:00:00-05:00,115.48429166027329,118.50991210202523,115.14704237883271,118.12448120117188,2689900,0.0,0.0
2025-01-02 00:00:00-05:00,118.8086228924849,120.62013853881041,117.90286139358072,118.6640853881836,2106800,0.0,0.0
2025-01-03 00:00:00-05:00,118.71225725552522,119.91672418121635,117.73905327263432,119.73365020751953,1932500,0.0,0.0
2025-01-06 00:00:00-05:00,119.45421761988119,120.4466972288093,117.15127735698499,117.6716079711914,2187500,0.0,0.0
2025-01-07 00:00:00-05:00,118.10520757294864,121.82460199615456,117.82577036637298,119.47348022460938,2776200,0.0,0.0
2025-01-08 00:00:00-05:00,117.7486932185164,120.80322717572862,117.3632696523737,120.6297836303711,2259000,0.0,0.0
2025-01-10 00:00:00-05:00,123.54940262309205,125.46691929409793,121.3235500594674,122.51837921142578,3031000,0.0,0.0
2025-01-13 00:00:00-05:00,123.24104357173647,131.42177996086826,123.24104357173647,128.49252319335938,5190300,0.0,0.0
2025-01-14 00:00:00-05:00,127.21098270990755,129.62954699924134,125.4379962242521,129.17666625976562,2957500,0.0,0.0
2025-01-15 00:00:00-05:00,130.29442865024453,133.6283852077387,129.79336624110138,132.88644409179688,4326500,0.0,0.0
2025-01-16 00:00:00-05:00,131.90358507744355,134.99666269866944,131.39289226286522,134.29324340820312,3212400,0.0,0.0
2025-01-17 00:00:00-05:00,134.27397629157662,136.43237157288291,133.2429455646943,135.91204833984375,2531300,0.0,0.0
2025-01-21 00:00:00-05:00,135.00630796660118,135.85425750413276,133.70547762633956,134.4474334716797,2663600,0.0,0.0
2025-01-22 00:00:00-05:00,133.62837129863755,133.9174463008604,129.70663464140216,130.15951538085938,4038200,0.0,0.0
2025-01-23 00:00:00-05:00,131.0460042003689,135.8349659712814,130.66058065743644,135.58444213867188,3884700,0.0,0.0
2025-01-24 00:00:00-05:00,135.51699681276205,137.2321567242207,134.1005423787083,134.54379272460938,2837300,0.0,0.0
2025-01-27 00:00:00-05:00,135.55551113672072,138.01262646994277,134.1005204639566,136.16256713867188,2945700,0.0,0.0
2025-01-28 00:00:00-05:00,136.67325315829007,136.83705887868337,131.94210404065336,133.09840393066406,2855400,0.0,0.0
2025-01-29 00:00:00-05:00,133.26222125658848,136.36492917886693,132.56844714334824,134.39923095703125,2585800,0.0,0.0
2025-01-30 00:00:00-05:00,139.78103143059138,139.78103143059138,130.18316306644596,131.5529022216797,3763400,1.13,0.0
2025-01-31 00:00:00-05:00,132.97123308278117,133.67067380986154,128.99801664551566,129.2020263671875,3433800,0.0,0.0
2025-02-03 00:00:00-05:00,129.91116458007338,133.81637248657992,127.66713195761334,132.29119873046875,4174300,0.0,0.0
2025-02-04 00:00:00-05:00,134.42839705356317,140.01419887307154,133.47637146215973,138.90675354003906,4523300,0.0,0.0
2025-02-05 00:00:00-05:00,138.33357345128277,139.2953080262529,136.43926124881506,136.5266876220703,2624700,0.0,0.0
2025-02-06 00:00:00-05:00,137.6244129246667,138.0032753354457,129.63914535312173,130.4551544189453,4068300,0.0,0.0
2025-02-07 00:00:00-05:00,131.3489038613838,131.56260782948917,129.19229774917966,129.27972412109375,2085300,0.0,0.0
2025-02-10 00:00:00-05:00,130.2997514358752,133.48608566456443,130.08603263076333,132.90321350097656,2533300,0.0,0.0
2025-02-11 00:00:00-05:00,133.63180734254954,135.43869341139853,131.3391993715697,132.98094177246094,3231400,0.0,0.0
2025-02-12 00:00:00-05:00,131.33918651408655,132.06776929595802,126.9191146727887,127.17169952392578,3131700,0.0,0.0
2025-02-13 00:00:00-05:00,127.17170288845998,129.28944311539507,124.63623414754511,127.24942016601562,3453900,0.0,0.0
2025-02-14 00:00:00-05:00,127.84199708902513,131.79576524745318,127.01626401325443,131.446044921875,3512800,0.0,0.0
2025-02-18 00:00:00-05:00,131.7277843228923,135.87583864838177,131.3683400396327,134.2438201904297,2826800,0.0,0.0
2025-02-19 00:00:00-05:00,134.06893211790484,134.6129530105014,132.04832755742154,133.23348999023438,3461200,0.0,0.0
2025-02-20 00:00:00-05:00,132.53405288309827,135.88554540557192,131.58204223623463,135.1666717529297,2538900,0.0,0.0
2025-02-21 00:00:00-05:00,134.22436322789645,134.59351654695948,130.73688418881696,130.89231872558594,2938900,0.0,0.0
2025-02-24 00:00:00-05:00,130.92147387939434,132.10663639987777,129.61001893233413,131.20318603515625,2920600,0.0,0.0
2025-02-25 00:00:00-05:00,131.6889072904831,133.14607285918518,129.5323010629596,129.84317016601562,2767400,0.0,0.0
2025-02-26 00:00:00-05:00,129.8140338836078,130.02775269581497,124.87909782337466,126.44312286376953,4532200,0.0,0.0
2025-02-27 00:00:00-05:00,127.2494095060932,128.32771255438195,125.74366887858314,125.9282455444336,2392000,0.0,0.0
2025-02-28 00:00:00-05:00,125.34538996639199,127.5019963476016,124.0145167288463,126.99684143066406,3847700,0.0,0.0
2025-03-03 00:00:00-05:00,127.99741941730764,129.00772918864755,122.64476984777575,124.73336791992188,3871000,0.0,0.0
2025-03-04 00:00:00-05:00,123.24706846974928,126.25854254498267,121.32360662676527,123.96593475341797,4290500,0.0,0.0
2025-03-05 00:00:00-05:00,122.36305016408532,122.81962989863668,116.24295917088702,118.28298950195312,6232100,0.0,0.0
2025-03-06 00:00:00-05:00,118.03041212899345,122.49905176432887,117.24354508648894,122.40190887451172,4179300,0.0,0.0
2025-03-07 00:00:00-05:00,121.50817854471276,125.99624364990166,121.43046127073296,123.22763061523438,3107600,0.0,0.0
2025-03-10 00:00:00-04:00,124.93738032135668,127.37569877883935,122.41162807305082,123.17906951904297,3844100,0.0,0.0
2025-03-11 00:00:00-04:00,124.79167091460688,124.8013800158278,119.1767198018893,119.5167236328125,3604800,0.0,0.0
2025-03-12 00:00:00-04:00,118.96299571712689,123.05277284271509,118.5258490126791,121.6053237915039,3453900,0.0,0.0
2025-03-13 00:00:00-04:00,121.90647374135096,124.3350831089615,120.91560438043801,122.20762634277344,3296200,0.0,0.0
2025-03-14 00:00:00-04:00,121.54704693293547,126.3265410816975,121.2458943249853,125.4522476196289,2833100,0.0,0.0
2025-03-17 00:00:00-04:00,126.07396750305085,129.86259216318533,125.48138622820365,129.1534423828125,3484000,0.0,0.0
2025-03-18 00:00:00-04:00,130.25118254300747,132.0386355234082,127.20084969619433,128.2597198486328,3139900,0.0,0.0
2025-03-19 00:00:00-04:00,128.35686021172214,131.11575674902068,127.99741596476073,130.0180206298828,3968300,0.0,0.0
2025-03-20 00:00:00-04:00,128.38601372772044,131.766633937073,127.78370850347899,130.97976684570312,2858100,0.0,0.0
2025-03-21 00:00:00-04:00,130.26088125560275,130.8437534007085,127.19111562774746,127.75455474853516,6736500,0.0,0.0
2025-03-24 00:00:00-04:00,127.54085036845056,130.4357635738712,126.81226751623069,128.1820068359375,4497100,0.0,0.0
2025-03-25 00:00:00-04:00,128.88144109810696,130.17346307003137,127.25913180726947,128.23057556152344,3103600,0.0,0.0
2025-03-26 00:00:00-04:00,129.94031263679932,133.53466642482257,129.30888011893336,130.67861938476562,2639800,0.0,0.0
2025-03-27 00:00:00-04:00,129.34772827853777,130.94089542200854,127.00656012655534,129.42544555664062,2405200,0.0,0.0
2025-03-28 00:00:00-04:00,129.10485870356644,130.9700436071088,127.10368710126303,127.72541046142578,1932300,0.0,0.0
2025-03-31 00:00:00-04:00,127.4631417611991,129.87231812589377,126.28768829416292,128.298583984375,2766700,0.0,0.0
2025-04-01 00:00:00-04:00,128.2985890791424,130.18317758946472,125.34539164238805,129.9208984375,2366400,0.0,0.0
2025-04-02 00:00:00-04:00,128.3568643641118,130.1928924148223,127.80313432477527,129.80430603027344,2411500,0.0,0.0
2025-04-03 00:00:00-04:00,122.80020697244994,123.47049811452949,110.76401219157246,111.02630615234375,9514600,0.0,0.0
2025-04-04 00:00:00-04:00,106.58679989226516,108.12168265860132,99.67011834342172,101.700439453125,7528900,0.0,0.0
2025-04-07 00:00:00-04:00,98.01867428090651,107.49025069107856,96.17292970328542,103.6239013671875,6630900,0.0,0.0
2025-04-08 00:00:00-04:00,106.39251490117373,106.78109387859335,100.69986141635721,102.17645263671875,5350700,0.0,0.0
2025-04-09 00:00:00-04:00,100.81641745792062,114.0377656875901,98.75696173179698,112.59031677246094,7800100,0.0,0.0
2025-04-10 00:00:00-04:00,108.61711737200955,109.26799028165316,102.84674685261751,105.89707946777344,4861600,0.0,0.0
2025-04-11 00:00:00-04:00,105.88737448887535,108.86970666655044,103.07990249213842,107.53882598876953,3777200,0.0,0.0
2025-04-14 00:00:00-04:00,110.75430322463647,110.84172960398111,104.99364153166634,107.17938995361328,3132800,0.0,0.0
2025-04-15 00:00:00-04:00,106.46051369057304,107.60681757634671,104.32334047171987,104.47877502441406,3107100,0.0,0.0
2025-04-16 00:00:00-04:00,104.40105735173489,107.42224790163037,103.21589483228684,104.07076263427734,4040600,0.0,0.0
2025-04-17 00:00:00-04:00,105.39192505538793,107.99539447075445,105.32392429277314,106.9170913696289,2662800,0.0,0.0
2025-04-21 00:00:00-04:00,105.08106806370222,105.86794253658526,103.77933700360664,105.73193359375,2274900,0.0,0.0
2025-04-22 00:00:00-04:00,108.06338799327628,110.51143010644817,106.69365632051192,109.24855041503906,3264600,0.0,0.0
2025-04-23 00:00:00-04:00,111.92974921326278,113.23148027087224,110.27829040385178,111.23030853271484,3652900,0.0,0.0
2025-04-24 00:00:00-04:00,112.6874746690777,112.6874746690777,106.85881218619437,110.12286376953125,4783000,0.0,0.0
2025-04-25 00:00:00-04:00,109.14170275568335,111.05544811018676,108.80169892883626,110.61830139160156,2865100,0.0,0.0
2025-04-28 00:00:00-04:00,110.74458462584252,112.86233224234165,110.43372293037143,111.4731674194336,2601000,0.0,0.0
2025-04-29 00:00:00-04:00,110.01600214695607,112.82347392670233,110.01600214695607,112.22117614746094,1428500,0.0,0.0
2025-04-30 00:00:00-04:00,109.95771393508832,113.35776685912666,109.0251288795925,112.77489471435547,3854300,0.0,0.0
2025-05-01 00:00:00-04:00,113.28005001330934,115.54351560435184,111.03601744664718,111.59944915771484,3995900,0.0,0.0
2025-05-02 00:00:00-04:00,113.21206334636659,116.0098188717647,111.48289453758754,115.5338134765625,2600500,0.0,0.0
2025-05-05 00:00:00-04:00,114.69835293953003,117.5155410431988,113.90176943270905,115.93208312988281,3776800,0.0,0.0
2025-05-06 00:00:00-04:00,116.74810391459386,117.30182652595715,113.62977053359764,113.6589126586914,3051600,0.0,0.0
2025-05-07 00:00:00-04:00,113.65891908535984,114.6012207114846,112.34747150129584,113.61034393310547,2500000,0.0,0.0
2025-05-08 00:00:00-04:00,114.65949166970708,119.43899260083909,114.34863000129671,118.25383758544922,3289400,0.0,0.0
2025-05-09 00:00:00-04:00,119.72071608955208,120.18701231329108,117.94297980214428,119.41957092285156,2167300,0.0,0.0
2025-05-12 00:00:00-04:00,124.82079983518396,128.0265520194394,124.82079983518396,126.76368713378906,4135300,0.0,0.0
2025-05-13 00:00:00-04:00,128.9105719600411,132.815779661341,127.94885221412494,131.2517547607422,3391900,0.0,0.0
2025-05-14 00:00:00-04:00,129.114574905091,131.95118849262414,129.114574905091,130.48431396484375,2931300,0.0,0.0
2025-05-15 00:00:00-04:00,128.67745842714348,131.65007422568917,128.2305877356168,131.5043487548828,2243800,0.0,0.0
2025-05-16 00:00:00-04:00,131.83462740689947,132.1843477221598,130.26087857670097,131.86376953125,2253000,0.0,0.0
2025-05-19 00:00:00-04:00,130.1928734150193,131.13517487833425,129.1048465201195,130.4940185546875,2282800,0.0,0.0
2025-05-20 00:00:00-04:00,129.82785460776088,130.79773314736073,129.10288235845488,129.52415466308594,1908600,1.13,0.0
2025-05-21 00:00:00-04:00,128.27013897583046,128.5248666214233,125.1057608803644,125.2037353515625,4223600,0.0,0.0
2025-05-22 00:00:00-04:00,124.39059292917814,127.16310298959509,123.07781127669696,126.10504150390625,3097200,0.0,0.0
2025-05-23 00:00:00-04:00,124.1652721849326,126.50672616193478,123.93014988273107,125.93850708007812,2053000,0.0,0.0
2025-05-27 00:00:00-04:00,126.4773180256527,128.88733434551895,125.74255440028789,128.0546112060547,2426400,0.0,0.0
2025-05-28 00:00:00-04:00,129.00491382430533,129.11267977242446,123.93015269187555,124.3514175415039,3125200,0.0,0.0
2025-05-29 00:00:00-04:00,124.31222842918773,126.75164944853556,123.05823283137535,126.53611755371094,2567600,0.0,0.0
2025-05-30 00:00:00-04:00,126.48713088792013,127.71173713733891,125.54662671089153,126.3499755859375,3870500,0.0,0.0
2025-06-02 00:00:00-04:00,128.54446738682785,128.54446738682785,122.55858433889804,125.6935806274414,2824500,0.0,0.0
2025-06-03 00:00:00-04:00,125.77195148237652,129.37718471707183,124.49835813034422,128.28973388671875,2310700,0.0,0.0
2025-06-04 00:00:00-04:00,127.74111525555448,129.15186392260722,122.95045662715768,123.96932983398438,4458400,0.0,0.0
2025-06-05 00:00:00-04:00,124.67470662786695,125.49764585802201,123.21497069657819,124.30242156982422,1845400,0.0,0.0
2025-06-06 00:00:00-04:00,125.50743920079647,127.79010692193933,125.24292007935087,125.74256896972656,2607400,0.0,0.0
2025-06-09 00:00:00-04:00,126.77122869164558,127.58436900773626,125.41927360299911,125.65438842773438,2615600,0.0,0.0
2025-06-10 00:00:00-04:00,127.31986649685642,130.65078944720378,127.01615159625322,129.2498321533203,2150600,0.0,0.0
2025-06-11 00:00:00-04:00,130.78794192554403,131.85579494231627,128.3387295299346,131.33656311035156,2400700,0.0,0.0
2025-06-12 00:00:00-04:00,130.06297632068404,130.86632520291948,128.6130466940621,130.78794860839844,2124600,0.0,0.0
2025-06-13 00:00:00-04:00,129.3478124395659,131.41494843682776,129.27924226130975,131.38555908203125,3758300,0.0,0.0
2025-06-16 00:00:00-04:00,132.2574701445099,135.63738028066393,131.2581872955301,134.96139526367188,3427800,0.0,0.0
2025-06-17 00:00:00-04:00,136.55828340989663,140.02636152564097,135.02018582498368,138.8899383544922,4292500,0.0,0.0
2025-06-18 00:00:00-04:00,138.39029376271392,139.63449786281578,136.4505217038258,136.58767700195312,2872700,0.0,0.0
2025-06-20 00:00:00-04:00,137.24405966866993,139.09566360747667,136.17620667169166,138.23355102539062,5438600,0.0,0.0
2025-06-23 00:00:00-04:00,139.34060483886228,139.58552610903124,133.34493692874452,134.275634765625,3229200,0.0,0.0
2025-06-24 00:00:00-04:00,133.16857160406306,134.64790548496816,132.01255050788123,133.0902099609375,2973200,0.0,0.0
2025-06-25 00:00:00-04:00,132.82568955127573,134.70668289308978,131.9243811759569,132.9628448486328,2327800,0.0,0.0
2025-06-26 00:00:00-04:00,133.31553518082669,135.0985540885487,131.80681192548604,134.1874542236328,2743700,0.0,0.0
2025-06-27 00:00:00-04:00,133.37430603063146,133.68781238426556,130.56261505970224,131.95376586914062,8049500,0.0,0.0
2025-06-30 00:00:00-04:00,131.34635876394896,132.93344348263173,131.03285242757437,131.68923950195312,2413500,0.0,0.0
2025-07-01 00:00:00-04:00,132.12031248491536,136.79341386545582,131.5227040695892,135.20631408691406,3578300,0.0,0.0
2025-07-02 00:00:00-04:00,136.87179108246733,139.5855076336125,135.10835518089604,139.17404174804688,3528100,0.0,0.0
2025-07-03 00:00:00-04:00,138.71358938214098,142.87725044663622,138.18456608318567,141.64285278320312,2224600,0.0,0.0
2025-07-07 00:00:00-04:00,140.7219565481426,142.3090415067735,139.83043958669631,140.81993103027344,2537500,0.0,0.0
2025-07-08 00:00:00-04:00,141.92695907962366,145.94367350008844,140.85910603303796,145.64976501464844,7593600,0.0,0.0
2025-07-09 00:00:00-04:00,145.7967200002608,147.30542823094538,144.85621588003767,146.04164123535156,3304000,0.0,0.0
2025-07-10 00:00:00-04:00,146.11021196454266,151.96872374457178,144.81703561171486,151.66502380371094,3762700,0.0,0.0
2025-07-11 00:00:00-04:00,150.14652138212557,151.36133619333847,149.10805764859532,149.9407958984375,3055000,0.0,0.0
2025-07-14 00:00:00-04:00,148.8239383659458,148.8239383659458,145.48320923288478,145.84568786621094,2626800,0.0,0.0
2025-07-15 00:00:00-04:00,146.10042796889644,147.38381291949142,144.81704301830146,145.77713012695312,2568400,0.0,0.0
2025-07-16 00:00:00-04:00,144.79744585588597,146.00245421910597,140.01657827668805,140.28109741210938,4002900,0.0,0.0
2025-07-17 00:00:00-04:00,141.0746461404819,142.37762904105296,140.69256957180372,141.7310333251953,2418800,0.0,0.0
2025-07-18 00:00:00-04:00,144.44474058271666,145.72812537912063,142.53435806330597,143.18093872070312,3417800,0.0,0.0
2025-07-21 00:00:00-04:00,142.47558087106185,144.50353597508857,141.82900013897822,143.30831909179688,2129200,0.0,0.0
2025-07-22 00:00:00-04:00,141.69183428308088,144.46434439114262,141.69183428308088,142.16207885742188,2818300,0.0,0.0
2025-07-23 00:00:00-04:00,142.71071836331052,144.69947780390657,142.03473329209962,144.542724609375,2949400,0.0,0.0
2025-07-24 00:00:00-04:00,141.6624506346079,142.06411010552486,136.7738173219943,137.48898315429688,6183700,0.0,0.0
2025-07-25 00:00:00-04:00,138.9977084052078,140.37905285259006,137.23427246845708,139.08587646484375,2792200,0.0,0.0
2025-07-28 00:00:00-04:00,139.96757483827224,142.02491907779262,139.83041955222453,141.80938720703125,2205700,0.0,0.0
2025-07-29 00:00:00-04:00,141.9955353334722,142.37761185603364,138.65480615357538,141.789794921875,3245700,0.0,0.0
2025-07-30 00:00:00-04:00,140.0067739806471,140.66316107604428,135.26510260718342,136.53868103027344,4629600,0.0,0.0
2025-07-31 00:00:00-04:00,135.62013244628906,137.01278328603163,134.80034539319948,135.62013244628906,3565500,1.13,0.0
2025-08-01 00:00:00-04:00,133.4965977011483,134.6028091064114,130.85945903760134,131.54095458984375,2250300,0.0,0.0
2025-08-04 00:00:00-04:00,131.95580163971277,133.99044697505408,131.03723923753418,133.37806701660156,2920300,0.0,0.0
2025-08-05 00:00:00-04:00,133.3385617796947,135.5608711426896,132.28172298187937,135.1460418701172,2178400,0.0,0.0
2025-08-06 00:00:00-04:00,136.36089909651153,136.45967442920514,131.2248982874395,131.81752014160156,2764100,0.0,0.0
2025-08-07 00:00:00-04:00,133.33856536766905,134.0793351752672,130.4643748971481,130.95822143554688,2060100,0.0,0.0
2025-08-08 00:00:00-04:00,131.91629379530394,133.2101694015443,130.86934147486525,131.6496124267578,2165600,0.0,0.0
2025-08-11 00:00:00-04:00,132.32123709228483,132.95336003178588,129.17049389956884,130.1483154296875,2122300,0.0,0.0
2025-08-12 00:00:00-04:00,131.01748331973442,133.56573331911906,129.90140036814003,131.73851013183594,1815000,0.0,0.0
2025-08-13 00:00:00-04:00,131.74836850095184,134.60280066451085,131.42242800284316,134.47439575195312,2093200,0.0,0.0
2025-08-14 00:00:00-04:00,133.22004935654186,134.77071967737734,131.68912204646819,134.1484832763672,1906000,0.0,0.0
2025-08-15 00:00:00-04:00,133.80277576544216,135.65964348158752,133.34843034113015,135.1164093017578,2037300,0.0,0.0
2025-08-18 00:00:00-04:00,134.0003122809605,135.36333349229602,133.3583178364617,135.12628173828125,1869700,0.0,0.0
2025-08-19 00:00:00-04:00,135.5806321954713,138.16838322105056,135.18554592412318,136.2324981689453,1540200,0.0,0.0
2025-08-20 00:00:00-04:00,136.60782474177077,139.4820151639269,136.3016423044758,138.78074645996094,2082900,0.0,0.0
2025-08-21 00:00:00-04:00,138.2671654242334,138.75112540804736,136.18313233623587,138.56346130371094,2394300,0.0,0.0
2025-08-22 00:00:00-04:00,139.23508926307665,143.9068731293958,138.40543072527362,143.5809326171875,2106400,0.0,0.0
2025-08-25 00:00:00-04:00,143.21549702152296,146.06992942828433,142.5241148776881,145.29953002929688,2040300,0.0,0.0
2025-08-26 00:00:00-04:00,144.8353123082556,145.39830459661377,143.35377269173458,145.14149475097656,2591800,0.0,0.0
2025-08-27 00:00:00-04:00,144.95383085372035,149.60587188721868,144.95383085372035,148.91448974609375,2149300,0.0,0.0
2025-08-28 00:00:00-04:00,148.98362883875456,149.98120855036046,147.67988173771673,149.29969787597656,2092900,0.0,0.0
2025-08-29 00:00:00-04:00,149.9614436692793,151.3639660486159,148.2527388433904,150.13922119140625,2242700,0.0,0.0
2025-09-02 00:00:00-04:00,150.46515964152044,152.4010447025018,149.38857780528605,152.38128662109375,3217100,0.0,0.0
2025-09-03 00:00:00-04:00,153.91220175501888,157.29998150557955,152.29238584042153,153.46774291992188,3080300,0.0,0.0
2025-09-04 00:00:00-04:00,153.6554232106286,155.21596505030743,152.84550763238957,153.47763061523438,2611300,0.0,0.0
2025-09-05 00:00:00-04:00,152.4603084630385,155.58142229540795,151.31458084290276,154.8406524658203,2599300,0.0,0.0
2025-09-08 00:00:00-04:00,154.93941057928967,155.61104971902992,151.72940802904722,155.4233856201172,2458900,0.0,0.0
2025-09-09 00:00:00-04:00,156.6481343587468,161.01373612664617,155.20609577692437,159.83837890625,3869200,0.0,0.0
2025-09-10 00:00:00-04:00,159.2457602261977,160.70755691978087,151.70967184070332,156.5493621826172,4199400,0.0,0.0
2025-09-11 00:00:00-04:00,156.13451823009132,158.42595825563373,155.11719560028155,155.65054321289062,2621100,0.0,0.0
2025-09-12 00:00:00-04:00,156.67775715403755,157.3197516237485,154.4258181509588,154.791259765625,1642600,0.0,0.0
2025-09-15 00:00:00-04:00,155.16658140896413,157.45802140707238,153.88257745272261,155.63079833984375,2080800,0.0,0.0
2025-09-16 00:00:00-04:00,157.40863672004642,161.3297793383184,156.6974965176243,160.63839721679688,2920600,0.0,0.0
2025-09-17 00:00:00-04:00,160.02604358097454,163.61135935960888,159.70997454837814,161.65573120117188,2892200,0.0,0.0
2025-09-18 00:00:00-04:00,162.3273578747366,162.3273578747366,158.37658569715617,161.83351135253906,2492500,0.0,0.0
2025-09-19 00:00:00-04:00,161.41866603472027,161.7149769604459,159.11735451768402,160.61863708496094,8119400,0.0,0.0
2025-09-22 00:00:00-04:00,160.6285240069523,165.0237550231885,159.93712682176925,164.39163208007812,2613000,0.0,0.0
2025-09-23 00:00:00-04:00,164.64843976811673,169.91284589595148,164.64843976811673,168.29302978515625,4022400,0.0,0.0
2025-09-24 00:00:00-04:00,168.8856498706796,171.62154892723188,168.6979857689015,168.7276153564453,3523400,0.0,0.0
2025-09-25 00:00:00-04:00,168.98440253287666,173.85373717042265,168.27326232183142,172.27342224121094,4094100,0.0,0.0
2025-09-26 00:00:00-04:00,172.67837891736573,176.23406487900897,171.93760912481508,173.46853637695312,3032400,0.0,0.0
2025-09-29 00:00:00-04:00,172.84628715651215,172.84628715651215,168.04609823606845,170.021484375,2604700,0.0,0.0
2025-09-30 00:00:00-04:00,168.21401474595044,169.96223580787432,166.67321587279764,168.1646270751953,2385700,0.0,0.0
2025-10-01 00:00:00-04:00,167.91768919771667,167.91768919771667,164.40150436797987,165.6064910888672,2458600,0.0,0.0
2025-10-02 00:00:00-04:00,164.80647063154822,165.54724045368374,160.36185169873517,162.6730499267578,3916300,0.0,0.0
2025-10-03 00:00:00-04:00,163.90766397584383,166.42628434963785,157.94200439063408,158.42596435546875,4487700,0.0,0.0
2025-10-06 00:00:00-04:00,159.8285134721916,163.03851622385307,158.82106223486664,161.4088134765625,2020700,0.0,0.0
2025-10-07 00:00:00-04:00,161.15200898777488,161.7643738839187,156.9147971707134,161.16188049316406,2173600,0.0,0.0
2025-10-08 00:00:00-04:00,160.67790889480878,161.8927822787456,158.67289307478413,160.4408721923828,1582400,0.0,0.0
2025-10-09 00:00:00-04:00,161.72486360716164,162.40635914432963,159.26550251486063,160.01614379882812,1655500,0.0,0.0
2025-10-10 00:00:00-04:00,158.76179810823638,159.80875040786063,155.6999433967683,156.0752716064453,2362700,0.0,0.0
2025-10-13 00:00:00-04:00,157.8827394672588,160.54950767786283,157.8827394672588,159.4235382080078,1382300,0.0,0.0
2025-10-14 00:00:00-04:00,157.1518577561535,161.64586460447845,157.1518577561535,160.19395446777344,1953400,0.0,0.0
2025-10-15 00:00:00-04:00,161.67549542106593,162.11008282188354,157.17161703259566,158.99884033203125,1756500,0.0,0.0
2025-10-16 00:00:00-04:00,159.8383694205473,159.96677434083617,153.378848380017,154.46531677246094,2661300,0.0,0.0
2025-10-17 00:00:00-04:00,155.66043261101456,158.28768470216716,154.24802369533094,155.82833862304688,2148700,0.0,0.0
2025-10-20 00:00:00-04:00,156.2234054351989,159.27537329431183,155.84807725942463,158.19879150390625,1354000,0.0,0.0
2025-10-21 00:00:00-04:00,157.64568212756154,158.89016989616977,155.36411368294682,155.7493133544922,1605200,0.0,0.0
2025-10-22 00:00:00-04:00,156.79627116924917,160.55937926595115,154.336910057318,159.87786865234375,3181400,0.0,0.0
2025-10-23 00:00:00-04:00,161.73473270635367,171.99686262454586,161.73473270635367,170.99929809570312,4679900,0.0,0.0
2025-10-24 00:00:00-04:00,172.07588569669346,174.05127181184687,168.69797724830116,168.9449005126953,2352900,0.0,0.0
2025-10-27 00:00:00-04:00,169.3695954423701,172.27341534269092,167.69052031669466,172.20428466796875,2614200,0.0,0.0
2025-10-28 00:00:00-04:00,170.84126622455838,171.02893031339758,167.2164345786106,167.2559356689453,1708100,0.0,0.0
2025-10-29 00:00:00-04:00,166.75221236943284,169.93258506125943,165.12250986343517,168.5596923828125,1569800,0.0,0.0
2025-10-30 00:00:00-04:00,168.14486821935884,171.66105302337675,166.93988150728535,168.006591796875,1849500,0.0,0.0
2025-10-31 00:00:00-04:00,167.75967551668896,168.90538803450625,164.96450229426338,167.47323608398438,1670100,0.0,0.0
2025-11-03 00:00:00-05:00,168.41154697566262,169.84371404379266,165.73490708390403,169.48814392089844,1658000,0.0,0.0
2025-11-04 00:00:00-05:00,166.9201312340671,167.77941939462292,163.01874656557743,167.02877807617188,2188300,0.0,0.0
2025-11-05 00:00:00-05:00,167.62139601959254,170.56471712159862,166.54479912910367,168.0460968017578,1762400,0.0,0.0
2025-11-06 00:00:00-05:00,169.91284250004975,176.895839939324,169.91284250004975,173.84385681152344,3111800,0.0,0.0
2025-11-07 00:00:00-05:00,174.58461815621192,176.79705601458005,172.11538553030996,173.45864868164062,2393400,0.0,0.0
2025-11-10 00:00:00-05:00,173.36976455512198,177.93290174695724,170.84127269001843,176.97483825683594,2145900,0.0,0.0
2025-11-11 00:00:00-05:00,177.88352921916933,180.7379616092295,177.7353662149999,178.63417053222656,1868800,0.0,0.0
2025-11-12 00:00:00-05:00,177.78475790100455,179.2662975501796,174.99945612647517,175.3550262451172,1800800,0.0,0.0
2025-11-13 00:00:00-05:00,175.9180260471184,177.3304200054768,172.9253170338542,173.61669921875,2308100,0.0,0.0
2025-11-14 00:00:00-05:00,174.32782643764938,181.6663786961004,174.13029083832234,179.52308654785156,3222400,0.0,0.0
2025-11-17 00:00:00-05:00,179.4934569799432,180.47127854256277,175.89825481622097,176.20443725585938,3014800,0.0,0.0
2025-11-18 00:00:00-05:00,175.5229420675429,183.3355827957962,174.62413775697388,183.14791870117188,3387500,0.0,0.0
2025-11-19 00:00:00-05:00,177.14275229901668,178.93047428548115,173.5179055890144,178.11068725585938,3768400,0.0,0.0
2025-11-20 00:00:00-05:00,179.0151690946797,181.82796824302076,169.5927992516322,169.78164672851562,3980500,1.13,0.0
2025-11-21 00:00:00-05:00,169.38406483877213,174.71148357292566,167.55525330051947,172.39564514160156,3735100,0.0,0.0
2025-11-24 00:00:00-05:00,171.8986769813054,173.95610124643161,167.4757304564633,173.31004333496094,3817000,0.0,0.0
2025-11-25 00:00:00-05:00,173.16096797191122,174.31392030559513,169.37413029200016,173.0417022705078,2646100,0.0,0.0
2025-11-26 00:00:00-05:00,172.94231011085645,175.37741431771593,172.94231011085645,173.40945434570312,1759900,0.0,0.0
2025-11-28 00:00:00-05:00,173.94615415341593,176.71920296021062,173.43925977087818,175.68551635742188,936200,0.0,0.0
2025-12-01 00:00:00-05:00,176.2421229353044,180.9433661907943,176.02345904751095,179.44253540039062,2573100,0.0,0.0
2025-12-02 00:00:00-05:00,178.34923517946723,178.72693011533417,172.59442253111925,177.44476318359375,3239000,0.0,0.0
2025-12-03 00:00:00-05:00,177.93179632638137,180.05878731314274,175.12893096565818,175.97377014160156,3138600,0.0,0.0
2025-12-04 00:00:00-05:00,176.30175691973986,176.7589522036836,170.60657721373826,173.8865203857422,3258900,0.0,0.0
2025-12-05 00:00:00-05:00,173.88652522775453,177.01738636522663,172.942303043197,173.08145141601562,2202900,0.0,0.0
2025-12-08 00:00:00-05:00,172.50497436523438,174.51269959074838,169.69217533212282,172.50497436523438,2040400,0.0,0.0
2025-12-09 00:00:00-05:00,172.13723052038682,175.36747471061096,171.3222077834641,174.25428771972656,2026200,0.0,0.0
2025-12-10 00:00:00-05:00,172.92242003176943,176.9080540704599,170.65628072686377,174.93014526367188,2895900,0.0,0.0
2025-12-11 00:00:00-05:00,171.23275150202892,172.91248083879228,168.78771372335947,170.86500549316406,2910900,0.0,0.0
2025-12-12 00:00:00-05:00,169.3144885881195,170.05992951498348,165.76618249655039,167.27694702148438,3234700,0.0,0.0
2025-12-15 00:00:00-05:00,167.27695688986387,167.29683956224287,165.02075130496274,166.87937927246094,3332600,0.0,0.0
2025-12-16 00:00:00-05:00,165.2692357610799,165.4382005654378,160.558043247792,161.8302764892578,4040500,0.0,0.0
2025-12-17 00:00:00-05:00,162.39680149086834,162.39680149086834,158.9280106750743,161.9197235107422,2924300,0.0,0.0
2025-12-18 00:00:00-05:00,162.85400543981805,162.85400543981805,159.74302702526634,160.9556121826172,2548500,0.0,0.0
2025-12-19 00:00:00-05:00,160.86615913182106,163.4404115095162,160.55803080724064,161.72093200683594,6529800,0.0,0.0
2025-12-22 00:00:00-05:00,163.4901203592453,164.48404166084097,161.81039093298293,162.5558319091797,2795800,0.0,0.0
2025-12-23 00:00:00-05:00,163.16212475686555,164.18586248577648,161.98928973286823,163.76841735839844,1970900,0.0,0.0
2025-12-24 00:00:00-05:00,163.13230051552324,163.55967937568417,161.76068432982586,163.47023010253906,881600,0.0,0.0
2025-12-26 00:00:00-05:00,163.0229799253694,163.8081710988343,161.23391850768485,163.01303100585938,2517800,0.0,0.0
2025-12-29 00:00:00-05:00,163.99700820526027,165.66678864547163,161.89983373611526,164.6529998779297,2811600,0.0,0.0
2025-12-30 00:00:00-05:00,165.6369768148832,165.7164923379608,162.65521294663304,163.8578643798828,2569000,0.0,0.0
2025-12-31 00:00:00-05:00,163.85786997569204,164.01690102727815,159.99151663446492,161.80044555664062,2321000,0.0,0.0
2026-01-02 00:00:00-05:00,162.2576545244327,164.66294228459495,161.09476840687714,164.3051300048828,1938600,0.0,0.0
2026-01-05 00:00:00-05:00,178.59771078503863,183.8555474934533,176.4309545864881,179.4723663330078,9056500,0.0,0.0
2026-01-06 00:00:00-05:00,181.58941969977744,182.95110220285233,176.17255161150254,177.1863555908203,5333000,0.0,0.0
2026-01-07 00:00:00-05:00,183.23933125487272,186.50932565489524,181.95717945246608,182.74237060546875,7565700,0.0,0.0
2026-01-08 00:00:00-05:00,182.99084903499894,190.83288739473494,179.9096869741907,190.1570281982422,5961700,0.0,0.0
2026-01-09 00:00:00-05:00,190.32599007992116,190.6838023449429,181.4999643200746,184.1537322998047,5472900,0.0,0.0
2026-01-12 00:00:00-05:00,184.23325086981774,184.4618485199643,177.2559191694678,178.52813720703125,3368500,0.0,0.0
2026-01-13 00:00:00-05:00,181.21173005267883,183.87543172993472,178.7865597697833,180.63525390625,3100300,0.0,0.0
2026-01-14 00:00:00-05:00,182.1460070825253,188.7953428273708,180.5855585698053,185.37625122070312,3963000,0.0,0.0
2026-01-15 00:00:00-05:00,183.37847703100906,185.4259524509685,182.14600917818242,183.45799255371094,2172200,0.0,0.0
2026-01-16 00:00:00-05:00,183.87543493909916,185.16753562322955,181.73851027513984,182.3448028564453,2374400,0.0,0.0
2026-01-20 00:00:00-05:00,183.4281723749595,185.85334268661788,181.98698957481216,183.60707092285156,2689800,0.0,0.0
2026-01-21 00:00:00-05:00,186.8373208802815,192.15480587758316,186.19127810462524,187.04605102539062,3130300,0.0,0.0
2026-01-22 00:00:00-05:00,186.4397601531671,188.15923976378616,184.24318739675255,185.7539520263672,2951500,0.0,0.0
2026-01-23 00:00:00-05:00,188.33814843843774,193.16860645642706,185.73406437702945,185.95272827148438,2846600,0.0,0.0
2026-01-26 00:00:00-05:00,187.52312872281342,188.71583124243026,180.42653129015264,182.1658935546875,3370600,0.0,0.0
2026-01-27 00:00:00-05:00,183.60707028807587,184.6705733169849,180.0388966011279,181.7981414794922,2359800,0.0,0.0
2026-01-28 00:00:00-05:00,183.8058545412831,185.63468121780022,181.4403322140857,182.90139770507812,2756700,0.0,0.0
2026-01-29 00:00:00-05:00,190.60429540514704,193.31769635687957,180.8936798815017,181.38070678710938,6555800,0.0,0.0
2026-01-30 00:00:00-05:00,182.04662793771539,182.04662793771539,176.82854114166932,180.32713317871094,3295500,0.0,0.0
2026-02-02 00:00:00-05:00,176.98757174854597,180.39671450045543,175.4271080403878,179.12449645996094,2781100,0.0,0.0
2026-02-03 00:00:00-05:00,181.4999591967315,191.8665505047061,179.85999520852818,191.1012420654297,5522900,0.0,0.0
2026-02-04 00:00:00-05:00,192.10510690761444,197.15422891200765,192.06535672882382,196.2100067138672,4467400,0.0,0.0
2026-02-05 00:00:00-05:00,192.6300048828125,194.8800048828125,190.11000061035156,194.13999938964844,2376300,1.2,0.0
2026-02-06 00:00:00-05:00,195.8800048828125,203.13999938964844,194.5,202.67999267578125,2871200,0.0,0.0
2026-02-09 00:00:00-05:00,202.9199981689453,204.13999938964844,199.89999389648438,201.3800048828125,1949000,0.0,0.0
2026-02-10 00:00:00-05:00,200.25,201.0,197.75,199.5,2033800,0.0,0.0
2026-02-11 00:00:00-05:00,203.1699981689453,204.3300018310547,200.50999450683594,203.9199981689453,2918200,0.0,0.0
2026-02-12 00:00:00-05:00,204.0800018310547,206.77000427246094,195.7100067138672,196.91000366210938,3189200,0.0,0.0
2026-02-13 00:00:00-05:00,196.9499969482422,201.50999450683594,195.99000549316406,200.1699981689453,2170700,0.0,0.0
2026-02-17 00:00:00-05:00,201.35000610351562,204.25,195.77000427246094,197.33999633789062,2203800,0.0,0.0
2026-02-18 00:00:00-05:00,199.5500030517578,200.44000244140625,196.99000549316406,199.4600067138672,2052200,0.0,0.0
2026-02-19 00:00:00-05:00,200.39999389648438,201.22999572753906,196.60000610351562,199.24000549316406,2187600,0.0,0.0
2026-02-20 00:00:00-05:00,198.5399932861328,201.7899932861328,198.0,200.75999450683594,1979000,0.0,0.0
2026-02-23 00:00:00-05:00,200.6300048828125,204.25999450683594,195.6999969482422,197.38999938964844,2016200,0.0,0.0
2026-02-24 00:00:00-05:00,197.41000366210938,199.5,194.5800018310547,199.3300018310547,1896700,0.0,0.0
2026-02-25 00:00:00-05:00,200.47000122070312,200.67999267578125,195.3699951171875,199.63999938964844,2260800,0.0,0.0
2026-02-26 00:00:00-05:00,198.0,205.99000549316406,196.8800048828125,203.7899932861328,2343000,0.0,0.0
2026-02-27 00:00:00-05:00,203.9600067138672,205.02999877929688,199.10000610351562,204.63999938964844,2993500,0.0,0.0
2026-03-02 00:00:00-05:00,214.99000549316406,216.17999267578125,207.49000549316406,214.91000366210938,5489300,0.0,0.0
2026-03-03 00:00:00-05:00,218.99000549316406,221.9499969482422,210.75999450683594,217.7100067138672,5393700,0.0,0.0
2026-03-04 00:00:00-05:00,217.25,225.9600067138672,216.44000244140625,225.60000610351562,4221400,0.0,0.0
2026-03-05 00:00:00-05:00,229.5,232.99000549316406,223.32000732421875,228.02999877929688,6138000,0.0,0.0
2026-03-06 00:00:00-05:00,226.97000122070312,230.49000549316406,221.32000732421875,224.6300048828125,4337300,0.0,0.0
2026-03-09 00:00:00-04:00,226.3699951171875,226.3699951171875,214.11000061035156,215.9499969482422,6476300,0.0,0.0
2026-03-10 00:00:00-04:00,216.00999450683594,220.91000366210938,213.8300018310547,217.02000427246094,3952900,0.0,0.0
2026-03-11 00:00:00-04:00,218.6300048828125,231.22999572753906,218.6300048828125,231.0500030517578,3757900,0.0,0.0
2026-03-12 00:00:00-04:00,232.38999938964844,240.27000427246094,230.83999633789062,235.80999755859375,4990000,0.0,0.0
2026-03-13 00:00:00-04:00,232.25999450683594,235.6999969482422,230.3000030517578,230.58999633789062,4088000,0.0,0.0
2026-03-16 00:00:00-04:00,232.58999633789062,234.97000122070312,230.0,232.57000732421875,2648700,0.0,0.0
2026-03-17 00:00:00-04:00,234.5,237.88999938964844,232.35000610351562,235.9600067138672,2500800,0.0,0.0
2026-03-18 00:00:00-04:00,239.30999755859375,242.55999755859375,236.74000549316406,238.4600067138672,3527500,0.0,0.0
2026-03-19 00:00:00-04:00,241.77999877929688,247.72999572753906,240.57000732421875,242.07000732421875,4205500,0.0,0.0
2026-03-20 00:00:00-04:00,243.2100067138672,244.74000549316406,237.94000244140625,239.86000061035156,19803100,0.0,0.0
2026-03-23 00:00:00-04:00,232.25,241.4499969482422,231.1999969482422,237.38999938964844,3904200,0.0,0.0
2026-03-24 00:00:00-04:00,238.74000549316406,246.25999450683594,236.3000030517578,241.75,3678300,0.0,0.0
2026-03-25 00:00:00-04:00,238.89999389648438,243.7449951171875,234.27000427246094,234.5399932861328,3552943,0.0,0.0
