Date,Open,High,Low,Close,Volume,Dividends,Stock Splits
2022-01-03 00:00:00-05:00,10.0,10.40999984741211,9.859999656677246,10.130000114440918,432900,0.0,0.0
2022-01-04 00:00:00-05:00,10.0600004196167,10.260000228881836,10.0600004196167,10.170000076293945,463600,0.0,0.0
2022-01-05 00:00:00-05:00,10.170000076293945,10.300000190734863,9.989999771118164,10.050000190734863,1062400,0.0,0.0
2022-01-06 00:00:00-05:00,9.989999771118164,10.199999809265137,9.90999984741211,9.979999542236328,841600,0.0,0.0
2022-01-07 00:00:00-05:00,9.930000305175781,10.420000076293945,9.920000076293945,10.369999885559082,523600,0.0,0.0
2022-01-10 00:00:00-05:00,10.399999618530273,10.40999984741211,10.109999656677246,10.239999771118164,524000,0.0,0.0
2022-01-11 00:00:00-05:00,10.239999771118164,10.760000228881836,10.140000343322754,10.6899995803833,739100,0.0,0.0
2022-01-12 00:00:00-05:00,10.6899995803833,10.800000190734863,10.5600004196167,10.720000267028809,663600,0.0,0.0
2022-01-13 00:00:00-05:00,10.699999809265137,10.930000305175781,10.630000114440918,10.800000190734863,596300,0.0,0.0
2022-01-14 00:00:00-05:00,10.680000305175781,10.989999771118164,10.630000114440918,10.949999809265137,474600,0.0,0.0
2022-01-18 00:00:00-05:00,10.880000114440918,11.069999694824219,10.699999809265137,10.710000038146973,542100,0.0,0.0
2022-01-19 00:00:00-05:00,10.670000076293945,10.8100004196167,10.489999771118164,10.510000228881836,648300,0.0,0.0
2022-01-20 00:00:00-05:00,10.520000457763672,10.609999656677246,10.109999656677246,10.109999656677246,513100,0.0,0.0
2022-01-21 00:00:00-05:00,10.109999656677246,10.350000381469727,9.9399995803833,9.989999771118164,975700,0.0,0.0
2022-01-24 00:00:00-05:00,9.829999923706055,10.180000305175781,9.649999618530273,10.170000076293945,1273900,0.0,0.0
2022-01-25 00:00:00-05:00,10.039999961853027,10.579999923706055,9.989999771118164,10.569999694824219,1008200,0.0,0.0
2022-01-26 00:00:00-05:00,10.579999923706055,10.859999656677246,10.489999771118164,10.59000015258789,840600,0.0,0.0
2022-01-27 00:00:00-05:00,10.569999694824219,10.710000038146973,10.119999885559082,10.199999809265137,725100,0.0,0.0
2022-01-28 00:00:00-05:00,10.199999809265137,10.199999809265137,9.579999923706055,9.970000267028809,768400,0.0,0.0
2022-01-31 00:00:00-05:00,9.819999694824219,10.1899995803833,9.720000267028809,10.109999656677246,901800,0.0,0.0
2022-02-01 00:00:00-05:00,10.069999694824219,10.329999923706055,10.029999732971191,10.289999961853027,571000,0.0,0.0
2022-02-02 00:00:00-05:00,10.220000267028809,10.300000190734863,10.050000190734863,10.279999732971191,616600,0.0,0.0
2022-02-03 00:00:00-05:00,10.210000038146973,10.210000038146973,9.869999885559082,9.9399995803833,724300,0.0,0.0
2022-02-04 00:00:00-05:00,9.869999885559082,9.90999984741211,9.489999771118164,9.729999542236328,628900,0.0,0.0
2022-02-07 00:00:00-05:00,9.760000228881836,9.930000305175781,9.539999961853027,9.869999885559082,1470700,0.0,0.0
2022-02-08 00:00:00-05:00,9.899999618530273,10.050000190734863,9.569999694824219,9.600000381469727,733000,0.0,0.0
2022-02-09 00:00:00-05:00,9.600000381469727,10.0600004196167,9.529999732971191,10.0600004196167,686700,0.0,0.0
2022-02-10 00:00:00-05:00,9.59000015258789,10.220000267028809,9.140000343322754,9.6899995803833,1138100,0.0,0.0
2022-02-11 00:00:00-05:00,9.779999732971191,9.779999732971191,9.270000457763672,9.720000267028809,975000,0.0,0.0
2022-02-14 00:00:00-05:00,9.739999771118164,10.039999961853027,9.729999542236328,9.739999771118164,778500,0.0,0.0
2022-02-15 00:00:00-05:00,9.920000076293945,10.010000228881836,9.75,9.779999732971191,509800,0.0,0.0
2022-02-16 00:00:00-05:00,9.789999961853027,9.90999984741211,9.6899995803833,9.84000015258789,417200,0.0,0.0
2022-02-17 00:00:00-05:00,9.800000190734863,9.899999618530273,9.65999984741211,9.84000015258789,352900,0.0,0.0
2022-02-18 00:00:00-05:00,9.720000267028809,9.970000267028809,9.680000305175781,9.869999885559082,668800,0.0,0.0
2022-02-22 00:00:00-05:00,9.800000190734863,9.800000190734863,9.210000038146973,9.239999771118164,707900,0.0,0.0
2022-02-23 00:00:00-05:00,9.229999542236328,9.380000114440918,9.010000228881836,9.0600004196167,792300,0.0,0.0
2022-02-24 00:00:00-05:00,8.899999618530273,9.09000015258789,8.770000457763672,9.0,2276100,0.0,0.0
2022-02-25 00:00:00-05:00,9.09000015258789,9.34000015258789,9.079999923706055,9.15999984741211,710200,0.0,0.0
2022-02-28 00:00:00-05:00,9.050000190734863,9.149999618530273,8.84000015258789,9.109999656677246,745300,0.0,0.0
2022-03-01 00:00:00-05:00,9.0600004196167,9.149999618530273,8.65999984741211,8.739999771118164,638100,0.0,0.0
2022-03-02 00:00:00-05:00,8.779999732971191,8.9399995803833,8.65999984741211,8.710000038146973,1138700,0.0,0.0
2022-03-03 00:00:00-05:00,8.6899995803833,8.850000381469727,8.630000114440918,8.8100004196167,596500,0.0,0.0
2022-03-04 00:00:00-05:00,8.699999809265137,8.770000457763672,8.529999732971191,8.729999542236328,611200,0.0,0.0
2022-03-07 00:00:00-05:00,8.75,8.84000015258789,8.569999694824219,8.59000015258789,699600,0.0,0.0
2022-03-08 00:00:00-05:00,8.65999984741211,8.760000228881836,8.390000343322754,8.399999618530273,717900,0.0,0.0
2022-03-09 00:00:00-05:00,8.630000114440918,8.970000267028809,8.5,8.930000305175781,852000,0.0,0.0
2022-03-10 00:00:00-05:00,8.710000038146973,8.989999771118164,8.630000114440918,8.90999984741211,531300,0.0,0.0
2022-03-11 00:00:00-05:00,8.930000305175781,9.119999885559082,8.8100004196167,8.850000381469727,761500,0.0,0.0
2022-03-14 00:00:00-04:00,8.930000305175781,9.020000457763672,8.699999809265137,8.850000381469727,491100,0.0,0.0
2022-03-15 00:00:00-04:00,8.9399995803833,9.479999542236328,8.819999694824219,9.430000305175781,995400,0.0,0.0
2022-03-16 00:00:00-04:00,9.449999809265137,9.529999732971191,9.1899995803833,9.399999618530273,632500,0.0,0.0
2022-03-17 00:00:00-04:00,9.369999885559082,9.430000305175781,9.270000457763672,9.380000114440918,747100,0.0,0.0
2022-03-18 00:00:00-04:00,9.470000267028809,9.520000457763672,9.210000038146973,9.470000267028809,1674600,0.0,0.0
2022-03-21 00:00:00-04:00,9.460000038146973,9.75,9.380000114440918,9.75,432300,0.0,0.0
2022-03-22 00:00:00-04:00,9.75,9.880000114440918,9.640000343322754,9.699999809265137,553700,0.0,0.0
2022-03-23 00:00:00-04:00,9.619999885559082,9.8100004196167,9.600000381469727,9.75,881300,0.0,0.0
2022-03-24 00:00:00-04:00,9.75,9.8100004196167,9.640000343322754,9.779999732971191,296500,0.0,0.0
2022-03-25 00:00:00-04:00,9.779999732971191,10.100000381469727,9.779999732971191,10.100000381469727,490800,0.0,0.0
2022-03-28 00:00:00-04:00,10.130000114440918,10.289999961853027,9.800000190734863,9.979999542236328,575400,0.0,0.0
2022-03-29 00:00:00-04:00,10.09000015258789,10.289999961853027,10.0,10.199999809265137,649100,0.0,0.0
2022-03-30 00:00:00-04:00,10.229999542236328,10.270000457763672,9.979999542236328,10.130000114440918,588200,0.0,0.0
2022-03-31 00:00:00-04:00,10.079999923706055,11.489999771118164,10.079999923706055,11.170000076293945,2845800,0.0,0.0
2022-04-01 00:00:00-04:00,11.100000381469727,11.510000228881836,10.9399995803833,11.489999771118164,1182500,0.0,0.0
2022-04-04 00:00:00-04:00,11.449999809265137,11.670000076293945,11.09000015258789,11.649999618530273,755300,0.0,0.0
2022-04-05 00:00:00-04:00,11.680000305175781,11.859999656677246,11.300000190734863,11.350000381469727,1443400,0.0,0.0
2022-04-06 00:00:00-04:00,11.300000190734863,11.5600004196167,11.0,11.40999984741211,691100,0.0,0.0
2022-04-07 00:00:00-04:00,11.449999809265137,11.449999809265137,11.119999885559082,11.210000038146973,612700,0.0,0.0
2022-04-08 00:00:00-04:00,11.1899995803833,11.380000114440918,11.109999656677246,11.170000076293945,511200,0.0,0.0
2022-04-11 00:00:00-04:00,11.220000267028809,11.300000190734863,10.960000038146973,11.09000015258789,905400,0.0,0.0
2022-04-12 00:00:00-04:00,11.180000305175781,11.5,10.979999542236328,11.470000267028809,615100,0.0,0.0
2022-04-13 00:00:00-04:00,11.529999732971191,11.760000228881836,11.430000305175781,11.699999809265137,1198700,0.0,0.0
2022-04-14 00:00:00-04:00,12.199999809265137,13.739999771118164,12.050000190734863,13.449999809265137,4925600,0.0,0.0
2022-04-18 00:00:00-04:00,13.380000114440918,13.770000457763672,13.050000190734863,13.140000343322754,1501400,0.0,0.0
2022-04-19 00:00:00-04:00,13.1899995803833,14.010000228881836,13.0,13.789999961853027,1481600,0.0,0.0
2022-04-20 00:00:00-04:00,13.789999961853027,14.239999771118164,13.630000114440918,13.8100004196167,1838600,0.0,0.0
2022-04-21 00:00:00-04:00,13.869999885559082,13.979999542236328,13.319999694824219,13.40999984741211,905400,0.0,0.0
2022-04-22 00:00:00-04:00,13.34000015258789,13.579999923706055,13.0,13.039999961853027,774400,0.0,0.0
2022-04-25 00:00:00-04:00,12.920000076293945,13.010000228881836,12.399999618530273,12.930000305175781,1077300,0.0,0.0
2022-04-26 00:00:00-04:00,12.8100004196167,12.930000305175781,12.449999809265137,12.489999771118164,1010600,0.0,0.0
2022-04-27 00:00:00-04:00,12.470000267028809,12.869999885559082,12.399999618530273,12.760000228881836,553400,0.0,0.0
2022-04-28 00:00:00-04:00,12.880000114440918,13.079999923706055,12.619999885559082,13.0,478200,0.0,0.0
2022-04-29 00:00:00-04:00,12.8100004196167,12.960000038146973,12.380000114440918,12.430000305175781,606800,0.0,0.0
2022-05-02 00:00:00-04:00,12.4399995803833,12.930000305175781,12.220000267028809,12.920000076293945,1086700,0.0,0.0
2022-05-03 00:00:00-04:00,12.989999771118164,13.260000228881836,12.739999771118164,13.220000267028809,580300,0.0,0.0
2022-05-04 00:00:00-04:00,13.270000457763672,13.800000190734863,13.100000381469727,13.729999542236328,803900,0.0,0.0
2022-05-05 00:00:00-04:00,11.0,12.34000015258789,10.399999618530273,11.989999771118164,3337600,0.0,0.0
2022-05-06 00:00:00-04:00,11.800000190734863,12.470000267028809,11.569999694824219,12.149999618530273,1103800,0.0,0.0
2022-05-09 00:00:00-04:00,11.890000343322754,12.140000343322754,11.550000190734863,11.619999885559082,964200,0.0,0.0
2022-05-10 00:00:00-04:00,11.619999885559082,11.890000343322754,10.550000190734863,10.789999961853027,1434500,0.0,0.0
2022-05-11 00:00:00-04:00,10.789999961853027,10.90999984741211,10.279999732971191,10.359999656677246,1068500,0.0,0.0
2022-05-12 00:00:00-04:00,10.359999656677246,10.539999961853027,10.010000228881836,10.40999984741211,1613900,0.0,0.0
2022-05-13 00:00:00-04:00,10.630000114440918,10.859999656677246,10.40999984741211,10.670000076293945,1264100,0.0,0.0
2022-05-16 00:00:00-04:00,11.109999656677246,11.640000343322754,10.979999542236328,11.329999923706055,1162100,0.0,0.0
2022-05-17 00:00:00-04:00,11.4399995803833,11.819999694824219,11.289999961853027,11.819999694824219,888800,0.0,0.0
2022-05-18 00:00:00-04:00,11.640000343322754,12.220000267028809,11.460000038146973,11.569999694824219,1012800,0.0,0.0
2022-05-19 00:00:00-04:00,11.329999923706055,12.359999656677246,11.260000228881836,12.100000381469727,1343500,0.0,0.0
2022-05-20 00:00:00-04:00,12.210000038146973,12.5600004196167,11.819999694824219,12.15999984741211,1484800,0.0,0.0
2022-05-23 00:00:00-04:00,12.319999694824219,12.640000343322754,12.119999885559082,12.420000076293945,1074800,0.0,0.0
2022-05-24 00:00:00-04:00,12.34000015258789,13.020000457763672,12.220000267028809,12.90999984741211,975700,0.0,0.0
2022-05-25 00:00:00-04:00,12.930000305175781,13.359999656677246,12.90999984741211,13.260000228881836,1154900,0.0,0.0
2022-05-26 00:00:00-04:00,13.359999656677246,13.510000228881836,12.979999542236328,13.029999732971191,735700,0.0,0.0
2022-05-27 00:00:00-04:00,13.050000190734863,13.140000343322754,12.869999885559082,13.0,933900,0.0,0.0
2022-05-31 00:00:00-04:00,12.920000076293945,13.100000381469727,12.829999923706055,12.869999885559082,1288800,0.0,0.0
2022-06-01 00:00:00-04:00,12.899999618530273,12.979999542236328,12.539999961853027,12.609999656677246,1174300,0.0,0.0
2022-06-02 00:00:00-04:00,12.75,12.869999885559082,12.520000457763672,12.680000305175781,794500,0.0,0.0
2022-06-03 00:00:00-04:00,12.569999694824219,12.579999923706055,12.359999656677246,12.430000305175781,949700,0.0,0.0
2022-06-06 00:00:00-04:00,12.5600004196167,12.84000015258789,12.350000381469727,12.8100004196167,1477200,0.0,0.0
2022-06-07 00:00:00-04:00,12.8100004196167,13.149999618530273,12.760000228881836,13.0600004196167,867600,0.0,0.0
2022-06-08 00:00:00-04:00,12.920000076293945,13.050000190734863,12.649999618530273,12.819999694824219,844800,0.0,0.0
2022-06-09 00:00:00-04:00,12.75,12.760000228881836,12.34000015258789,12.380000114440918,825100,0.0,0.0
2022-06-10 00:00:00-04:00,12.130000114440918,12.329999923706055,12.0600004196167,12.25,637500,0.0,0.0
2022-06-13 00:00:00-04:00,11.930000305175781,11.989999771118164,11.420000076293945,11.649999618530273,1142000,0.0,0.0
2022-06-14 00:00:00-04:00,11.640000343322754,11.699999809265137,11.300000190734863,11.510000228881836,666400,0.0,0.0
2022-06-15 00:00:00-04:00,11.59000015258789,11.760000228881836,11.369999885559082,11.539999961853027,599000,0.0,0.0
2022-06-16 00:00:00-04:00,11.25,11.329999923706055,10.670000076293945,10.75,2109400,0.0,0.0
2022-06-17 00:00:00-04:00,10.779999732971191,10.949999809265137,10.350000381469727,10.859999656677246,2443000,0.0,0.0
2022-06-21 00:00:00-04:00,11.0,11.399999618530273,10.880000114440918,11.100000381469727,743600,0.0,0.0
2022-06-22 00:00:00-04:00,10.979999542236328,11.199999809265137,10.8100004196167,11.0,858800,0.0,0.0
2022-06-23 00:00:00-04:00,11.0,11.109999656677246,10.789999961853027,11.09000015258789,575900,0.0,0.0
2022-06-24 00:00:00-04:00,11.220000267028809,11.75,11.220000267028809,11.670000076293945,894800,0.0,0.0
2022-06-27 00:00:00-04:00,11.670000076293945,11.949999809265137,11.609999656677246,11.630000114440918,560100,0.0,0.0
2022-06-28 00:00:00-04:00,11.770000457763672,11.890000343322754,11.350000381469727,11.399999618530273,664200,0.0,0.0
2022-06-29 00:00:00-04:00,11.359999656677246,11.359999656677246,10.920000076293945,11.279999732971191,852500,0.0,0.0
2022-06-30 00:00:00-04:00,10.979999542236328,11.1899995803833,10.9399995803833,11.109999656677246,967500,0.0,0.0
2022-07-01 00:00:00-04:00,11.100000381469727,11.279999732971191,10.979999542236328,11.140000343322754,612000,0.0,0.0
2022-07-05 00:00:00-04:00,10.880000114440918,11.1899995803833,10.670000076293945,11.140000343322754,961300,0.0,0.0
2022-07-06 00:00:00-04:00,11.109999656677246,11.170000076293945,10.34000015258789,10.760000228881836,958900,0.0,0.0
2022-07-07 00:00:00-04:00,10.920000076293945,10.979999542236328,10.739999771118164,10.770000457763672,572500,0.0,0.0
2022-07-08 00:00:00-04:00,10.789999961853027,11.1899995803833,10.789999961853027,11.050000190734863,416900,0.0,0.0
2022-07-11 00:00:00-04:00,11.069999694824219,11.300000190734863,11.010000228881836,11.210000038146973,518200,0.0,0.0
2022-07-12 00:00:00-04:00,11.140000343322754,11.359999656677246,11.010000228881836,11.109999656677246,538400,0.0,0.0
2022-07-13 00:00:00-04:00,10.949999809265137,10.979999542236328,10.680000305175781,10.920000076293945,453400,0.0,0.0
2022-07-14 00:00:00-04:00,10.649999618530273,10.829999923706055,10.630000114440918,10.729999542236328,366500,0.0,0.0
2022-07-15 00:00:00-04:00,10.930000305175781,11.199999809265137,10.770000457763672,10.989999771118164,563700,0.0,0.0
2022-07-18 00:00:00-04:00,11.050000190734863,11.15999984741211,10.930000305175781,10.979999542236328,471600,0.0,0.0
2022-07-19 00:00:00-04:00,11.199999809265137,11.5600004196167,11.050000190734863,11.289999961853027,1034400,0.0,0.0
2022-07-20 00:00:00-04:00,11.289999961853027,11.579999923706055,11.220000267028809,11.5600004196167,911900,0.0,0.0
2022-07-21 00:00:00-04:00,11.34000015258789,11.399999618530273,10.9399995803833,11.069999694824219,532900,0.0,0.0
2022-07-22 00:00:00-04:00,11.130000114440918,11.170000076293945,10.920000076293945,11.0,447700,0.0,0.0
2022-07-25 00:00:00-04:00,11.0600004196167,11.15999984741211,10.960000038146973,10.979999542236328,1050500,0.0,0.0
2022-07-26 00:00:00-04:00,10.979999542236328,11.199999809265137,10.979999542236328,11.119999885559082,1109100,0.0,0.0
2022-07-27 00:00:00-04:00,11.109999656677246,11.319999694824219,11.0,11.210000038146973,876000,0.0,0.0
2022-07-28 00:00:00-04:00,11.279999732971191,11.329999923706055,10.979999542236328,11.020000457763672,1337900,0.0,0.0
2022-07-29 00:00:00-04:00,10.989999771118164,10.989999771118164,10.5600004196167,10.770000457763672,723200,0.0,0.0
2022-08-01 00:00:00-04:00,10.619999885559082,10.84000015258789,10.569999694824219,10.630000114440918,847300,0.0,0.0
2022-08-02 00:00:00-04:00,10.779999732971191,11.029999732971191,10.710000038146973,10.899999618530273,1909600,0.0,0.0
2022-08-03 00:00:00-04:00,10.720000267028809,10.720000267028809,10.109999656677246,10.380000114440918,2877300,0.0,0.0
2022-08-04 00:00:00-04:00,10.34000015258789,10.4399995803833,9.770000457763672,9.819999694824219,1476200,0.0,0.0
2022-08-05 00:00:00-04:00,9.699999809265137,9.789999961853027,9.510000228881836,9.579999923706055,1532100,0.0,0.0
2022-08-08 00:00:00-04:00,9.640000343322754,9.75,9.539999961853027,9.619999885559082,1290000,0.0,0.0
2022-08-09 00:00:00-04:00,9.65999984741211,9.65999984741211,9.420000076293945,9.5,1284200,0.0,0.0
2022-08-10 00:00:00-04:00,9.619999885559082,9.760000228881836,9.529999732971191,9.600000381469727,1539200,0.0,0.0
2022-08-11 00:00:00-04:00,9.670000076293945,9.930000305175781,9.640000343322754,9.869999885559082,1470100,0.0,0.0
2022-08-12 00:00:00-04:00,9.989999771118164,10.149999618530273,9.979999542236328,10.069999694824219,2701400,0.0,0.0
2022-08-15 00:00:00-04:00,10.050000190734863,10.4399995803833,9.869999885559082,10.300000190734863,2097900,0.0,0.0
2022-08-16 00:00:00-04:00,10.300000190734863,10.350000381469727,10.050000190734863,10.109999656677246,2159100,0.0,0.0
2022-08-17 00:00:00-04:00,10.029999732971191,10.109999656677246,9.899999618530273,10.079999923706055,1980800,0.0,0.0
2022-08-18 00:00:00-04:00,10.199999809265137,10.199999809265137,9.9399995803833,9.979999542236328,1032100,0.0,0.0
2022-08-19 00:00:00-04:00,9.899999618530273,9.899999618530273,9.649999618530273,9.789999961853027,787400,0.0,0.0
2022-08-22 00:00:00-04:00,9.65999984741211,9.920000076293945,9.600000381469727,9.75,1925700,0.0,0.0
2022-08-23 00:00:00-04:00,9.739999771118164,9.880000114440918,9.6899995803833,9.789999961853027,1753100,0.0,0.0
2022-08-24 00:00:00-04:00,9.75,9.789999961853027,9.630000114440918,9.630000114440918,905000,0.0,0.0
2022-08-25 00:00:00-04:00,9.699999809265137,9.850000381469727,9.609999656677246,9.779999732971191,736100,0.0,0.0
2022-08-26 00:00:00-04:00,9.819999694824219,9.850000381469727,9.649999618530273,9.770000457763672,2087300,0.0,0.0
2022-08-29 00:00:00-04:00,9.6899995803833,10.130000114440918,9.65999984741211,10.0600004196167,910200,0.0,0.0
2022-08-30 00:00:00-04:00,10.100000381469727,10.100000381469727,9.649999618530273,9.65999984741211,664000,0.0,0.0
2022-08-31 00:00:00-04:00,9.579999923706055,9.65999984741211,9.510000228881836,9.529999732971191,1073300,0.0,0.0
2022-09-01 00:00:00-04:00,9.5,9.609999656677246,9.380000114440918,9.600000381469727,619100,0.0,0.0
2022-09-02 00:00:00-04:00,9.789999961853027,9.84000015258789,9.470000267028809,9.539999961853027,629700,0.0,0.0
2022-09-06 00:00:00-04:00,9.609999656677246,9.649999618530273,9.210000038146973,9.359999656677246,1179600,0.0,0.0
2022-09-07 00:00:00-04:00,9.300000190734863,9.649999618530273,9.289999961853027,9.59000015258789,690800,0.0,0.0
2022-09-08 00:00:00-04:00,9.529999732971191,9.609999656677246,9.260000228881836,9.380000114440918,670600,0.0,0.0
2022-09-09 00:00:00-04:00,9.430000305175781,9.760000228881836,9.420000076293945,9.670000076293945,652300,0.0,0.0
2022-09-12 00:00:00-04:00,9.6899995803833,9.899999618530273,9.6899995803833,9.869999885559082,595100,0.0,0.0
2022-09-13 00:00:00-04:00,9.619999885559082,9.850000381469727,9.430000305175781,9.5600004196167,903300,0.0,0.0
2022-09-14 00:00:00-04:00,9.5600004196167,9.65999984741211,9.329999923706055,9.65999984741211,894700,0.0,0.0
2022-09-15 00:00:00-04:00,9.600000381469727,9.869999885559082,9.529999732971191,9.579999923706055,925200,0.0,0.0
2022-09-16 00:00:00-04:00,9.619999885559082,9.859999656677246,9.539999961853027,9.739999771118164,3462000,0.0,0.0
2022-09-19 00:00:00-04:00,9.600000381469727,9.739999771118164,9.5600004196167,9.699999809265137,514300,0.0,0.0
2022-09-20 00:00:00-04:00,9.609999656677246,9.609999656677246,9.289999961853027,9.4399995803833,948400,0.0,0.0
2022-09-21 00:00:00-04:00,9.5600004196167,9.640000343322754,9.420000076293945,9.529999732971191,623100,0.0,0.0
2022-09-22 00:00:00-04:00,9.489999771118164,9.579999923706055,9.359999656677246,9.479999542236328,675900,0.0,0.0
2022-09-23 00:00:00-04:00,9.279999732971191,9.279999732971191,8.979999542236328,9.1899995803833,1140100,0.0,0.0
2022-09-26 00:00:00-04:00,9.109999656677246,9.220000267028809,8.890000343322754,8.930000305175781,988700,0.0,0.0
2022-09-27 00:00:00-04:00,9.039999961853027,9.199999809265137,8.859999656677246,8.890000343322754,839400,0.0,0.0
2022-09-28 00:00:00-04:00,8.9399995803833,9.180000305175781,8.850000381469727,9.109999656677246,702400,0.0,0.0
2022-09-29 00:00:00-04:00,9.0,9.029999732971191,8.699999809265137,8.819999694824219,569900,0.0,0.0
2022-09-30 00:00:00-04:00,8.84000015258789,8.960000038146973,8.720000267028809,8.84000015258789,1177500,0.0,0.0
2022-10-03 00:00:00-04:00,9.0600004196167,9.40999984741211,9.010000228881836,9.390000343322754,851800,0.0,0.0
2022-10-04 00:00:00-04:00,9.520000457763672,9.84000015258789,9.520000457763672,9.800000190734863,1369600,0.0,0.0
2022-10-05 00:00:00-04:00,9.65999984741211,9.760000228881836,9.25,9.739999771118164,695300,0.0,0.0
2022-10-06 00:00:00-04:00,9.630000114440918,9.720000267028809,9.569999694824219,9.640000343322754,570200,0.0,0.0
2022-10-07 00:00:00-04:00,9.510000228881836,9.5600004196167,9.3100004196167,9.430000305175781,935900,0.0,0.0
2022-10-10 00:00:00-04:00,9.489999771118164,9.65999984741211,9.449999809265137,9.539999961853027,544600,0.0,0.0
2022-10-11 00:00:00-04:00,9.489999771118164,9.819999694824219,9.399999618530273,9.619999885559082,601800,0.0,0.0
2022-10-12 00:00:00-04:00,9.5600004196167,9.5600004196167,9.119999885559082,9.170000076293945,756700,0.0,0.0
2022-10-13 00:00:00-04:00,9.0600004196167,9.59000015258789,8.960000038146973,9.569999694824219,695500,0.0,0.0
2022-10-14 00:00:00-04:00,9.579999923706055,9.649999618530273,9.319999694824219,9.399999618530273,525500,0.0,0.0
2022-10-17 00:00:00-04:00,9.600000381469727,9.890000343322754,9.420000076293945,9.520000457763672,754000,0.0,0.0
2022-10-18 00:00:00-04:00,9.710000038146973,9.829999923706055,9.470000267028809,9.5,749100,0.0,0.0
2022-10-19 00:00:00-04:00,9.470000267028809,9.670000076293945,9.40999984741211,9.630000114440918,671500,0.0,0.0
2022-10-20 00:00:00-04:00,9.65999984741211,9.720000267028809,9.470000267028809,9.529999732971191,625500,0.0,0.0
2022-10-21 00:00:00-04:00,9.619999885559082,9.619999885559082,9.399999618530273,9.550000190734863,944800,0.0,0.0
2022-10-24 00:00:00-04:00,9.640000343322754,9.760000228881836,9.489999771118164,9.670000076293945,1174800,0.0,0.0
2022-10-25 00:00:00-04:00,9.710000038146973,9.970000267028809,9.59000015258789,9.880000114440918,1037000,0.0,0.0
2022-10-26 00:00:00-04:00,9.989999771118164,10.199999809265137,9.90999984741211,10.0600004196167,761300,0.0,0.0
2022-10-27 00:00:00-04:00,10.1899995803833,10.449999809265137,10.0600004196167,10.319999694824219,897500,0.0,0.0
2022-10-28 00:00:00-04:00,10.380000114440918,10.5,10.199999809265137,10.359999656677246,762500,0.0,0.0
2022-10-31 00:00:00-04:00,10.319999694824219,10.510000228881836,10.270000457763672,10.470000267028809,748600,0.0,0.0
2022-11-01 00:00:00-04:00,10.550000190734863,10.569999694824219,10.140000343322754,10.210000038146973,995900,0.0,0.0
2022-11-02 00:00:00-04:00,10.119999885559082,10.359999656677246,9.9399995803833,9.949999809265137,851700,0.0,0.0
2022-11-03 00:00:00-04:00,9.350000381469727,10.59000015258789,9.15999984741211,10.5,1603400,0.0,0.0
2022-11-04 00:00:00-04:00,10.670000076293945,11.220000267028809,10.5600004196167,11.210000038146973,1168100,0.0,0.0
2022-11-07 00:00:00-05:00,11.229999542236328,11.949999809265137,11.229999542236328,11.90999984741211,1490100,0.0,0.0
2022-11-08 00:00:00-05:00,11.850000381469727,11.880000114440918,11.609999656677246,11.6899995803833,1424300,0.0,0.0
2022-11-09 00:00:00-05:00,11.199999809265137,11.279999732971191,10.8100004196167,10.930000305175781,2521900,0.0,0.0
2022-11-10 00:00:00-05:00,11.260000228881836,11.359999656677246,11.109999656677246,11.199999809265137,1398500,0.0,0.0
2022-11-11 00:00:00-05:00,11.119999885559082,11.130000114440918,10.720000267028809,10.779999732971191,928100,0.0,0.0
2022-11-14 00:00:00-05:00,10.75,11.25,10.430000305175781,11.029999732971191,1355000,0.0,0.0
2022-11-15 00:00:00-05:00,11.289999961853027,11.760000228881836,11.229999542236328,11.59000015258789,1262500,0.0,0.0
2022-11-16 00:00:00-05:00,11.609999656677246,12.3100004196167,11.609999656677246,11.869999885559082,1603100,0.0,0.0
2022-11-17 00:00:00-05:00,11.800000190734863,12.130000114440918,11.670000076293945,12.119999885559082,781000,0.0,0.0
2022-11-18 00:00:00-05:00,12.210000038146973,12.4399995803833,12.079999923706055,12.140000343322754,1264900,0.0,0.0
2022-11-21 00:00:00-05:00,12.010000228881836,12.279999732971191,11.869999885559082,12.170000076293945,975600,0.0,0.0
2022-11-22 00:00:00-05:00,12.25,12.260000228881836,11.890000343322754,12.010000228881836,856200,0.0,0.0
2022-11-23 00:00:00-05:00,11.989999771118164,12.220000267028809,11.970000267028809,12.149999618530273,423400,0.0,0.0
2022-11-25 00:00:00-05:00,12.140000343322754,12.359999656677246,12.140000343322754,12.1899995803833,327400,0.0,0.0
2022-11-28 00:00:00-05:00,12.119999885559082,12.529999732971191,12.010000228881836,12.149999618530273,889700,0.0,0.0
2022-11-29 00:00:00-05:00,12.479999542236328,13.470000267028809,12.420000076293945,13.050000190734863,1693700,0.0,0.0
2022-11-30 00:00:00-05:00,12.989999771118164,13.380000114440918,12.890000343322754,13.279999732971191,1366200,0.0,0.0
2022-12-01 00:00:00-05:00,13.239999771118164,13.5,13.09000015258789,13.149999618530273,865200,0.0,0.0
2022-12-02 00:00:00-05:00,13.020000457763672,13.149999618530273,12.680000305175781,12.779999732971191,687000,0.0,0.0
2022-12-05 00:00:00-05:00,12.75,12.920000076293945,12.609999656677246,12.739999771118164,717000,0.0,0.0
2022-12-06 00:00:00-05:00,12.899999618530273,13.09000015258789,12.75,12.84000015258789,692400,0.0,0.0
2022-12-07 00:00:00-05:00,12.760000228881836,12.850000381469727,11.890000343322754,11.960000038146973,1255800,0.0,0.0
2022-12-08 00:00:00-05:00,12.100000381469727,12.270000457763672,12.0,12.079999923706055,665700,0.0,0.0
2022-12-09 00:00:00-05:00,11.979999542236328,12.039999961853027,11.710000038146973,11.729999542236328,1023500,0.0,0.0
2022-12-12 00:00:00-05:00,11.729999542236328,11.729999542236328,11.449999809265137,11.609999656677246,824300,0.0,0.0
2022-12-13 00:00:00-05:00,11.640000343322754,11.930000305175781,11.569999694824219,11.720000267028809,942200,0.0,0.0
2022-12-14 00:00:00-05:00,11.739999771118164,11.930000305175781,11.630000114440918,11.850000381469727,721900,0.0,0.0
2022-12-15 00:00:00-05:00,11.619999885559082,11.680000305175781,11.449999809265137,11.550000190734863,823200,0.0,0.0
2022-12-16 00:00:00-05:00,11.359999656677246,11.569999694824219,11.300000190734863,11.399999618530273,4779400,0.0,0.0
2022-12-19 00:00:00-05:00,11.489999771118164,12.029999732971191,11.369999885559082,11.979999542236328,2026000,0.0,0.0
2022-12-20 00:00:00-05:00,11.869999885559082,12.039999961853027,11.380000114440918,11.390000343322754,1374900,0.0,0.0
2022-12-21 00:00:00-05:00,11.5600004196167,11.899999618530273,11.489999771118164,11.789999961853027,652600,0.0,0.0
2022-12-22 00:00:00-05:00,11.710000038146973,11.800000190734863,11.510000228881836,11.710000038146973,723300,0.0,0.0
2022-12-23 00:00:00-05:00,11.729999542236328,11.899999618530273,11.630000114440918,11.859999656677246,436600,0.0,0.0
2022-12-27 00:00:00-05:00,11.9399995803833,12.399999618530273,11.770000457763672,12.350000381469727,968900,0.0,0.0
2022-12-28 00:00:00-05:00,11.899999618530273,12.050000190734863,11.449999809265137,11.65999984741211,1747300,0.0,0.0
2022-12-29 00:00:00-05:00,11.6899995803833,11.819999694824219,11.550000190734863,11.640000343322754,532600,0.0,0.0
2022-12-30 00:00:00-05:00,11.550000190734863,11.680000305175781,11.489999771118164,11.5600004196167,765100,0.0,0.0
2023-01-03 00:00:00-05:00,11.670000076293945,11.779999732971191,11.399999618530273,11.479999542236328,808200,0.0,0.0
2023-01-04 00:00:00-05:00,11.529999732971191,11.609999656677246,11.300000190734863,11.350000381469727,757500,0.0,0.0
2023-01-05 00:00:00-05:00,11.350000381469727,11.479999542236328,11.109999656677246,11.359999656677246,848500,0.0,0.0
2023-01-06 00:00:00-05:00,11.449999809265137,11.569999694824219,11.380000114440918,11.489999771118164,614200,0.0,0.0
2023-01-09 00:00:00-05:00,11.489999771118164,11.489999771118164,11.1899995803833,11.359999656677246,968000,0.0,0.0
2023-01-10 00:00:00-05:00,11.350000381469727,11.350000381469727,11.0600004196167,11.1899995803833,720500,0.0,0.0
2023-01-11 00:00:00-05:00,11.229999542236328,11.460000038146973,10.949999809265137,11.420000076293945,864000,0.0,0.0
2023-01-12 00:00:00-05:00,11.510000228881836,11.65999984741211,11.420000076293945,11.579999923706055,781200,0.0,0.0
2023-01-13 00:00:00-05:00,11.550000190734863,11.619999885559082,11.449999809265137,11.5,527300,0.0,0.0
2023-01-17 00:00:00-05:00,11.449999809265137,11.600000381469727,11.279999732971191,11.279999732971191,614500,0.0,0.0
2023-01-18 00:00:00-05:00,11.279999732971191,11.329999923706055,10.979999542236328,11.039999961853027,833800,0.0,0.0
2023-01-19 00:00:00-05:00,10.949999809265137,11.050000190734863,10.75,11.0,1190000,0.0,0.0
2023-01-20 00:00:00-05:00,11.109999656677246,11.149999618530273,10.949999809265137,11.09000015258789,1041800,0.0,0.0
2023-01-23 00:00:00-05:00,11.140000343322754,11.140000343322754,10.699999809265137,10.710000038146973,999700,0.0,0.0
2023-01-24 00:00:00-05:00,10.609999656677246,10.8100004196167,10.59000015258789,10.609999656677246,994400,0.0,0.0
2023-01-25 00:00:00-05:00,10.5600004196167,11.010000228881836,10.5,11.0,1159300,0.0,0.0
2023-01-26 00:00:00-05:00,10.989999771118164,11.0,10.550000190734863,10.819999694824219,982900,0.0,0.0
2023-01-27 00:00:00-05:00,10.819999694824219,10.90999984741211,10.550000190734863,10.5600004196167,460900,0.0,0.0
2023-01-30 00:00:00-05:00,10.470000267028809,10.579999923706055,10.289999961853027,10.380000114440918,723800,0.0,0.0
2023-01-31 00:00:00-05:00,10.520000457763672,10.789999961853027,10.5,10.640000343322754,1282800,0.0,0.0
2023-02-01 00:00:00-05:00,10.5600004196167,10.779999732971191,10.380000114440918,10.609999656677246,1070600,0.0,0.0
2023-02-02 00:00:00-05:00,10.670000076293945,10.850000381469727,10.5,10.609999656677246,816700,0.0,0.0
2023-02-03 00:00:00-05:00,10.579999923706055,10.649999618530273,10.359999656677246,10.449999809265137,1140000,0.0,0.0
2023-02-06 00:00:00-05:00,10.399999618530273,10.420000076293945,10.0,10.109999656677246,1145000,0.0,0.0
2023-02-07 00:00:00-05:00,10.100000381469727,10.260000228881836,9.989999771118164,10.1899995803833,1293300,0.0,0.0
2023-02-08 00:00:00-05:00,10.09000015258789,10.15999984741211,10.0,10.079999923706055,1803600,0.0,0.0
2023-02-09 00:00:00-05:00,10.079999923706055,11.479999542236328,10.039999961853027,11.399999618530273,3629200,0.0,0.0
2023-02-10 00:00:00-05:00,11.319999694824219,11.539999961853027,11.170000076293945,11.539999961853027,1524200,0.0,0.0
2023-02-13 00:00:00-05:00,11.649999618530273,11.880000114440918,11.489999771118164,11.600000381469727,1522300,0.0,0.0
2023-02-14 00:00:00-05:00,11.420000076293945,11.550000190734863,10.649999618530273,10.890000343322754,2614300,0.0,0.0
2023-02-15 00:00:00-05:00,10.729999542236328,10.890000343322754,10.510000228881836,10.819999694824219,930200,0.0,0.0
2023-02-16 00:00:00-05:00,10.670000076293945,11.029999732971191,10.430000305175781,10.989999771118164,1152700,0.0,0.0
2023-02-17 00:00:00-05:00,11.020000457763672,11.050000190734863,10.5600004196167,10.5600004196167,872500,0.0,0.0
2023-02-21 00:00:00-05:00,10.430000305175781,10.550000190734863,10.25,10.5,1053000,0.0,0.0
2023-02-22 00:00:00-05:00,10.510000228881836,10.619999885559082,10.0600004196167,10.0600004196167,1462100,0.0,0.0
2023-02-23 00:00:00-05:00,10.15999984741211,10.239999771118164,10.0,10.140000343322754,767700,0.0,0.0
2023-02-24 00:00:00-05:00,10.0,10.149999618530273,9.960000038146973,10.039999961853027,718100,0.0,0.0
2023-02-27 00:00:00-05:00,10.149999618530273,10.15999984741211,9.789999961853027,9.8100004196167,656800,0.0,0.0
2023-02-28 00:00:00-05:00,9.789999961853027,9.829999923706055,9.65999984741211,9.710000038146973,1011600,0.0,0.0
2023-03-01 00:00:00-05:00,9.75,9.920000076293945,9.699999809265137,9.8100004196167,655200,0.0,0.0
2023-03-02 00:00:00-05:00,9.710000038146973,9.779999732971191,9.579999923706055,9.739999771118164,738900,0.0,0.0
2023-03-03 00:00:00-05:00,9.819999694824219,10.25,9.770000457763672,10.140000343322754,1133100,0.0,0.0
2023-03-06 00:00:00-05:00,10.029999732971191,10.039999961853027,9.59000015258789,9.680000305175781,1045300,0.0,0.0
2023-03-07 00:00:00-05:00,9.800000190734863,9.800000190734863,9.1899995803833,9.470000267028809,1091800,0.0,0.0
2023-03-08 00:00:00-05:00,9.449999809265137,9.829999923706055,9.4399995803833,9.829999923706055,851800,0.0,0.0
2023-03-09 00:00:00-05:00,9.75,9.880000114440918,9.510000228881836,9.550000190734863,1140900,0.0,0.0
2023-03-10 00:00:00-05:00,9.5,9.819999694824219,9.489999771118164,9.579999923706055,1311200,0.0,0.0
2023-03-13 00:00:00-04:00,9.390000343322754,9.550000190734863,9.270000457763672,9.270000457763672,1217700,0.0,0.0
2023-03-14 00:00:00-04:00,9.430000305175781,9.75,9.40999984741211,9.680000305175781,1550600,0.0,0.0
2023-03-15 00:00:00-04:00,9.399999618530273,9.510000228881836,9.300000190734863,9.399999618530273,1639400,0.0,0.0
2023-03-16 00:00:00-04:00,9.279999732971191,9.3100004196167,9.069999694824219,9.079999923706055,1209900,0.0,0.0
2023-03-17 00:00:00-04:00,8.949999809265137,9.229999542236328,8.890000343322754,8.979999542236328,3513000,0.0,0.0
2023-03-20 00:00:00-04:00,9.010000228881836,9.1899995803833,8.920000076293945,8.949999809265137,963900,0.0,0.0
2023-03-21 00:00:00-04:00,9.109999656677246,9.210000038146973,9.0,9.010000228881836,989000,0.0,0.0
2023-03-22 00:00:00-04:00,9.0600004196167,9.109999656677246,8.930000305175781,8.930000305175781,828400,0.0,0.0
2023-03-23 00:00:00-04:00,8.960000038146973,9.149999618530273,8.920000076293945,8.989999771118164,1113600,0.0,0.0
2023-03-24 00:00:00-04:00,8.899999618530273,9.100000381469727,8.84000015258789,9.010000228881836,606100,0.0,0.0
2023-03-27 00:00:00-04:00,9.130000114440918,9.180000305175781,8.979999542236328,9.09000015258789,705400,0.0,0.0
2023-03-28 00:00:00-04:00,9.079999923706055,9.239999771118164,9.020000457763672,9.100000381469727,525900,0.0,0.0
2023-03-29 00:00:00-04:00,9.180000305175781,9.199999809265137,8.970000267028809,9.079999923706055,936200,0.0,0.0
2023-03-30 00:00:00-04:00,9.130000114440918,9.180000305175781,9.020000457763672,9.109999656677246,524000,0.0,0.0
2023-03-31 00:00:00-04:00,9.149999618530273,9.220000267028809,9.029999732971191,9.199999809265137,963100,0.0,0.0
2023-04-03 00:00:00-04:00,9.199999809265137,9.359999656677246,9.180000305175781,9.25,618400,0.0,0.0
2023-04-04 00:00:00-04:00,9.3100004196167,9.3100004196167,9.0,9.09000015258789,524700,0.0,0.0
2023-04-05 00:00:00-04:00,9.079999923706055,9.130000114440918,8.989999771118164,9.109999656677246,564700,0.0,0.0
2023-04-06 00:00:00-04:00,9.140000343322754,9.359999656677246,9.109999656677246,9.34000015258789,583100,0.0,0.0
2023-04-10 00:00:00-04:00,9.3100004196167,9.520000457763672,9.3100004196167,9.510000228881836,901700,0.0,0.0
2023-04-11 00:00:00-04:00,9.569999694824219,9.65999984741211,9.479999542236328,9.569999694824219,1106400,0.0,0.0
2023-04-12 00:00:00-04:00,9.630000114440918,9.670000076293945,9.420000076293945,9.430000305175781,644400,0.0,0.0
2023-04-13 00:00:00-04:00,9.449999809265137,9.59000015258789,9.40999984741211,9.569999694824219,745900,0.0,0.0
2023-04-14 00:00:00-04:00,9.600000381469727,9.699999809265137,9.300000190734863,9.350000381469727,787300,0.0,0.0
2023-04-17 00:00:00-04:00,9.350000381469727,9.380000114440918,9.130000114440918,9.1899995803833,437000,0.0,0.0
2023-04-18 00:00:00-04:00,9.180000305175781,9.220000267028809,9.0,9.050000190734863,396200,0.0,0.0
2023-04-19 00:00:00-04:00,8.9399995803833,9.210000038146973,8.84000015258789,9.170000076293945,686700,0.0,0.0
2023-04-20 00:00:00-04:00,9.09000015258789,9.1899995803833,9.029999732971191,9.180000305175781,593200,0.0,0.0
2023-04-21 00:00:00-04:00,9.149999618530273,9.239999771118164,9.100000381469727,9.199999809265137,778000,0.0,0.0
2023-04-24 00:00:00-04:00,9.199999809265137,9.270000457763672,9.109999656677246,9.239999771118164,638000,0.0,0.0
2023-04-25 00:00:00-04:00,9.069999694824219,9.069999694824219,8.4399995803833,8.520000457763672,1605600,0.0,0.0
2023-04-26 00:00:00-04:00,8.470000267028809,8.619999885559082,8.260000228881836,8.329999923706055,940500,0.0,0.0
2023-04-27 00:00:00-04:00,8.369999885559082,8.600000381469727,8.350000381469727,8.5,844200,0.0,0.0
2023-04-28 00:00:00-04:00,8.470000267028809,8.800000190734863,8.470000267028809,8.789999961853027,677700,0.0,0.0
2023-05-01 00:00:00-04:00,8.739999771118164,8.890000343322754,8.720000267028809,8.789999961853027,562700,0.0,0.0
2023-05-02 00:00:00-04:00,8.680000305175781,8.75,8.5600004196167,8.670000076293945,831600,0.0,0.0
2023-05-03 00:00:00-04:00,8.600000381469727,8.739999771118164,8.520000457763672,8.529999732971191,1006100,0.0,0.0
2023-05-04 00:00:00-04:00,8.470000267028809,8.569999694824219,7.840000152587891,8.369999885559082,1903000,0.0,0.0
2023-05-05 00:00:00-04:00,8.510000228881836,8.90999984741211,8.510000228881836,8.720000267028809,923000,0.0,0.0
2023-05-08 00:00:00-04:00,8.65999984741211,9.300000190734863,8.449999809265137,9.279999732971191,1937000,0.0,0.0
2023-05-09 00:00:00-04:00,9.199999809265137,9.670000076293945,8.949999809265137,9.510000228881836,3196800,0.0,0.0
2023-05-10 00:00:00-04:00,9.729999542236328,9.729999542236328,9.140000343322754,9.180000305175781,1755900,0.0,0.0
2023-05-11 00:00:00-04:00,9.109999656677246,9.539999961853027,9.0,9.380000114440918,1803600,0.0,0.0
2023-05-12 00:00:00-04:00,9.420000076293945,9.470000267028809,8.869999885559082,9.210000038146973,1134900,0.0,0.0
2023-05-15 00:00:00-04:00,9.199999809265137,9.199999809265137,8.829999923706055,8.859999656677246,878900,0.0,0.0
2023-05-16 00:00:00-04:00,8.779999732971191,9.119999885559082,8.720000267028809,8.880000114440918,565300,0.0,0.0
2023-05-17 00:00:00-04:00,8.960000038146973,8.989999771118164,8.75,8.899999618530273,762900,0.0,0.0
2023-05-18 00:00:00-04:00,8.890000343322754,9.0600004196167,8.859999656677246,8.90999984741211,593800,0.0,0.0
2023-05-19 00:00:00-04:00,8.979999542236328,9.0,8.789999961853027,8.859999656677246,730000,0.0,0.0
2023-05-22 00:00:00-04:00,8.930000305175781,8.9399995803833,8.770000457763672,8.84000015258789,810300,0.0,0.0
2023-05-23 00:00:00-04:00,8.800000190734863,8.989999771118164,8.789999961853027,8.8100004196167,677200,0.0,0.0
2023-05-24 00:00:00-04:00,8.760000228881836,9.010000228881836,8.729999542236328,8.949999809265137,979500,0.0,0.0
2023-05-25 00:00:00-04:00,8.859999656677246,8.859999656677246,8.369999885559082,8.489999771118164,874400,0.0,0.0
2023-05-26 00:00:00-04:00,8.520000457763672,8.600000381469727,8.40999984741211,8.4399995803833,542200,0.0,0.0
2023-05-30 00:00:00-04:00,8.369999885559082,8.479999542236328,8.270000457763672,8.390000343322754,815100,0.0,0.0
2023-05-31 00:00:00-04:00,8.3100004196167,8.680000305175781,8.279999732971191,8.619999885559082,820900,0.0,0.0
2023-06-01 00:00:00-04:00,8.65999984741211,8.800000190734863,8.579999923706055,8.6899995803833,863500,0.0,0.0
2023-06-02 00:00:00-04:00,8.800000190734863,9.010000228881836,8.699999809265137,8.90999984741211,702000,0.0,0.0
2023-06-05 00:00:00-04:00,8.800000190734863,8.800000190734863,8.569999694824219,8.619999885559082,678000,0.0,0.0
2023-06-06 00:00:00-04:00,8.640000343322754,9.270000457763672,8.640000343322754,9.210000038146973,837300,0.0,0.0
2023-06-07 00:00:00-04:00,9.329999923706055,9.569999694824219,9.270000457763672,9.460000038146973,1008500,0.0,0.0
2023-06-08 00:00:00-04:00,9.40999984741211,9.510000228881836,9.260000228881836,9.399999618530273,634400,0.0,0.0
2023-06-09 00:00:00-04:00,9.420000076293945,9.420000076293945,9.130000114440918,9.239999771118164,865700,0.0,0.0
2023-06-12 00:00:00-04:00,9.140000343322754,9.670000076293945,9.100000381469727,9.260000228881836,1110900,0.0,0.0
2023-06-13 00:00:00-04:00,9.319999694824219,9.399999618530273,9.130000114440918,9.140000343322754,780700,0.0,0.0
2023-06-14 00:00:00-04:00,9.1899995803833,9.380000114440918,9.039999961853027,9.09000015258789,769200,0.0,0.0
2023-06-15 00:00:00-04:00,9.15999984741211,9.369999885559082,9.020000457763672,9.359999656677246,950400,0.0,0.0
2023-06-16 00:00:00-04:00,9.699999809265137,9.720000267028809,9.15999984741211,9.300000190734863,2672500,0.0,0.0
2023-06-20 00:00:00-04:00,9.300000190734863,9.40999984741211,9.180000305175781,9.359999656677246,788300,0.0,0.0
2023-06-21 00:00:00-04:00,9.289999961853027,9.579999923706055,9.25,9.5,910800,0.0,0.0
2023-06-22 00:00:00-04:00,9.5,9.5,9.369999885559082,9.420000076293945,964800,0.0,0.0
2023-06-23 00:00:00-04:00,9.3100004196167,9.520000457763672,9.289999961853027,9.449999809265137,1556500,0.0,0.0
2023-06-26 00:00:00-04:00,9.5,9.619999885559082,9.4399995803833,9.470000267028809,754000,0.0,0.0
2023-06-27 00:00:00-04:00,9.449999809265137,9.619999885559082,9.329999923706055,9.5600004196167,477300,0.0,0.0
2023-06-28 00:00:00-04:00,9.539999961853027,9.539999961853027,9.350000381469727,9.460000038146973,404100,0.0,0.0
2023-06-29 00:00:00-04:00,9.5,9.609999656677246,9.359999656677246,9.399999618530273,536000,0.0,0.0
2023-06-30 00:00:00-04:00,9.4399995803833,9.489999771118164,9.329999923706055,9.40999984741211,573300,0.0,0.0
2023-07-03 00:00:00-04:00,9.390000343322754,9.5600004196167,9.380000114440918,9.539999961853027,209800,0.0,0.0
2023-07-05 00:00:00-04:00,9.430000305175781,9.460000038146973,9.1899995803833,9.239999771118164,519800,0.0,0.0
2023-07-06 00:00:00-04:00,9.15999984741211,9.239999771118164,9.0600004196167,9.109999656677246,451500,0.0,0.0
2023-07-07 00:00:00-04:00,9.130000114440918,9.25,9.119999885559082,9.140000343322754,504500,0.0,0.0
2023-07-10 00:00:00-04:00,9.119999885559082,9.289999961853027,9.100000381469727,9.1899995803833,487100,0.0,0.0
2023-07-11 00:00:00-04:00,9.239999771118164,9.390000343322754,9.170000076293945,9.300000190734863,394400,0.0,0.0
2023-07-12 00:00:00-04:00,9.430000305175781,9.579999923706055,9.399999618530273,9.510000228881836,471100,0.0,0.0
2023-07-13 00:00:00-04:00,9.539999961853027,9.6899995803833,9.479999542236328,9.550000190734863,544700,0.0,0.0
2023-07-14 00:00:00-04:00,9.489999771118164,9.520000457763672,9.319999694824219,9.359999656677246,335500,0.0,0.0
2023-07-17 00:00:00-04:00,9.300000190734863,9.470000267028809,9.239999771118164,9.260000228881836,894800,0.0,0.0
2023-07-18 00:00:00-04:00,9.3100004196167,9.40999984741211,9.239999771118164,9.34000015258789,409400,0.0,0.0
2023-07-19 00:00:00-04:00,9.399999618530273,9.430000305175781,9.260000228881836,9.279999732971191,571800,0.0,0.0
2023-07-20 00:00:00-04:00,9.319999694824219,9.359999656677246,9.1899995803833,9.279999732971191,568600,0.0,0.0
2023-07-21 00:00:00-04:00,9.34000015258789,9.399999618530273,9.180000305175781,9.199999809265137,400600,0.0,0.0
2023-07-24 00:00:00-04:00,9.199999809265137,9.5,9.180000305175781,9.5,521800,0.0,0.0
2023-07-25 00:00:00-04:00,9.479999542236328,9.640000343322754,9.369999885559082,9.609999656677246,426100,0.0,0.0
2023-07-26 00:00:00-04:00,9.529999732971191,9.729999542236328,9.529999732971191,9.680000305175781,647500,0.0,0.0
2023-07-27 00:00:00-04:00,9.680000305175781,9.6899995803833,9.380000114440918,9.430000305175781,549800,0.0,0.0
2023-07-28 00:00:00-04:00,9.520000457763672,9.630000114440918,9.460000038146973,9.520000457763672,555400,0.0,0.0
2023-07-31 00:00:00-04:00,9.5,9.739999771118164,9.5,9.699999809265137,637200,0.0,0.0
2023-08-01 00:00:00-04:00,9.720000267028809,9.829999923706055,9.5600004196167,9.720000267028809,512500,0.0,0.0
2023-08-02 00:00:00-04:00,9.619999885559082,9.6899995803833,9.539999961853027,9.649999618530273,297600,0.0,0.0
2023-08-03 00:00:00-04:00,9.569999694824219,9.630000114440918,9.430000305175781,9.479999542236328,412000,0.0,0.0
2023-08-04 00:00:00-04:00,9.4399995803833,9.600000381469727,9.399999618530273,9.520000457763672,394700,0.0,0.0
2023-08-07 00:00:00-04:00,9.5600004196167,9.640000343322754,9.430000305175781,9.470000267028809,466100,0.0,0.0
2023-08-08 00:00:00-04:00,9.829999923706055,10.239999771118164,9.520000457763672,9.960000038146973,1374100,0.0,0.0
2023-08-09 00:00:00-04:00,10.0,10.649999618530273,9.979999542236328,10.569999694824219,1187400,0.0,0.0
2023-08-10 00:00:00-04:00,10.680000305175781,10.770000457763672,10.119999885559082,10.300000190734863,1118200,0.0,0.0
2023-08-11 00:00:00-04:00,10.300000190734863,10.720000267028809,10.199999809265137,10.489999771118164,800100,0.0,0.0
2023-08-14 00:00:00-04:00,10.25,10.5,10.100000381469727,10.460000038146973,656200,0.0,0.0
2023-08-15 00:00:00-04:00,10.359999656677246,10.539999961853027,10.260000228881836,10.319999694824219,589700,0.0,0.0
2023-08-16 00:00:00-04:00,10.329999923706055,10.489999771118164,10.229999542236328,10.239999771118164,730800,0.0,0.0
2023-08-17 00:00:00-04:00,10.270000457763672,10.279999732971191,10.130000114440918,10.270000457763672,590400,0.0,0.0
2023-08-18 00:00:00-04:00,10.199999809265137,10.510000228881836,10.199999809265137,10.329999923706055,630200,0.0,0.0
2023-08-21 00:00:00-04:00,10.329999923706055,10.399999618530273,10.229999542236328,10.319999694824219,385200,0.0,0.0
2023-08-22 00:00:00-04:00,10.300000190734863,10.380000114440918,10.1899995803833,10.239999771118164,385300,0.0,0.0
2023-08-23 00:00:00-04:00,10.260000228881836,10.399999618530273,10.1899995803833,10.350000381469727,321200,0.0,0.0
2023-08-24 00:00:00-04:00,10.319999694824219,10.479999542236328,10.270000457763672,10.270000457763672,455800,0.0,0.0
2023-08-25 00:00:00-04:00,10.300000190734863,10.369999885559082,10.079999923706055,10.15999984741211,446900,0.0,0.0
2023-08-28 00:00:00-04:00,10.15999984741211,10.34000015258789,10.140000343322754,10.25,441000,0.0,0.0
2023-08-29 00:00:00-04:00,10.25,10.470000267028809,10.229999542236328,10.430000305175781,402300,0.0,0.0
2023-08-30 00:00:00-04:00,10.40999984741211,10.949999809265137,10.34000015258789,10.859999656677246,673800,0.0,0.0
2023-08-31 00:00:00-04:00,10.819999694824219,10.880000114440918,10.699999809265137,10.760000228881836,477800,0.0,0.0
2023-09-01 00:00:00-04:00,10.800000190734863,11.020000457763672,10.75,11.0,619300,0.0,0.0
2023-09-05 00:00:00-04:00,10.84000015258789,10.84000015258789,10.369999885559082,10.649999618530273,646100,0.0,0.0
2023-09-06 00:00:00-04:00,10.680000305175781,10.739999771118164,10.40999984741211,10.579999923706055,596900,0.0,0.0
2023-09-07 00:00:00-04:00,10.59000015258789,10.609999656677246,10.329999923706055,10.600000381469727,516500,0.0,0.0
2023-09-08 00:00:00-04:00,10.579999923706055,10.579999923706055,10.050000190734863,10.109999656677246,563600,0.0,0.0
2023-09-11 00:00:00-04:00,10.069999694824219,10.380000114440918,9.9399995803833,10.170000076293945,891800,0.0,0.0
2023-09-12 00:00:00-04:00,10.220000267028809,10.239999771118164,10.020000457763672,10.09000015258789,426900,0.0,0.0
2023-09-13 00:00:00-04:00,10.140000343322754,10.15999984741211,10.020000457763672,10.109999656677246,478300,0.0,0.0
2023-09-14 00:00:00-04:00,10.25,10.40999984741211,10.199999809265137,10.34000015258789,437200,0.0,0.0
2023-09-15 00:00:00-04:00,10.270000457763672,10.380000114440918,10.149999618530273,10.34000015258789,2177600,0.0,0.0
2023-09-18 00:00:00-04:00,10.34000015258789,10.399999618530273,10.210000038146973,10.260000228881836,344800,0.0,0.0
2023-09-19 00:00:00-04:00,10.3100004196167,10.390000343322754,10.119999885559082,10.369999885559082,482500,0.0,0.0
2023-09-20 00:00:00-04:00,10.399999618530273,10.649999618530273,10.380000114440918,10.4399995803833,452000,0.0,0.0
2023-09-21 00:00:00-04:00,10.399999618530273,10.699999809265137,10.260000228881836,10.640000343322754,547700,0.0,0.0
2023-09-22 00:00:00-04:00,10.720000267028809,10.899999618530273,10.630000114440918,10.789999961853027,796800,0.0,0.0
2023-09-25 00:00:00-04:00,10.729999542236328,10.880000114440918,10.640000343322754,10.6899995803833,473100,0.0,0.0
2023-09-26 00:00:00-04:00,10.609999656677246,10.6899995803833,10.529999732971191,10.640000343322754,735500,0.0,0.0
2023-09-27 00:00:00-04:00,10.8100004196167,11.229999542236328,10.710000038146973,11.069999694824219,1027100,0.0,0.0
2023-09-28 00:00:00-04:00,11.050000190734863,11.279999732971191,11.050000190734863,11.15999984741211,677200,0.0,0.0
2023-09-29 00:00:00-04:00,11.140000343322754,11.34000015258789,11.140000343322754,11.25,832500,0.0,0.0
2023-10-02 00:00:00-04:00,11.25,11.470000267028809,11.220000267028809,11.430000305175781,914200,0.0,0.0
2023-10-03 00:00:00-04:00,11.359999656677246,11.470000267028809,10.989999771118164,11.109999656677246,772400,0.0,0.0
2023-10-04 00:00:00-04:00,11.079999923706055,11.180000305175781,10.829999923706055,11.039999961853027,572500,0.0,0.0
2023-10-05 00:00:00-04:00,10.989999771118164,11.170000076293945,10.9399995803833,11.130000114440918,864000,0.0,0.0
2023-10-06 00:00:00-04:00,11.09000015258789,11.329999923706055,11.079999923706055,11.229999542236328,1299400,0.0,0.0
2023-10-09 00:00:00-04:00,11.3100004196167,11.550000190734863,11.25,11.399999618530273,943000,0.0,0.0
2023-10-10 00:00:00-04:00,11.430000305175781,11.630000114440918,11.329999923706055,11.380000114440918,939200,0.0,0.0
2023-10-11 00:00:00-04:00,11.359999656677246,11.40999984741211,11.270000457763672,11.40999984741211,793800,0.0,0.0
2023-10-12 00:00:00-04:00,11.420000076293945,11.4399995803833,11.15999984741211,11.300000190734863,635200,0.0,0.0
2023-10-13 00:00:00-04:00,11.359999656677246,11.430000305175781,10.850000381469727,11.020000457763672,756800,0.0,0.0
2023-10-16 00:00:00-04:00,11.079999923706055,11.449999809265137,11.079999923706055,11.3100004196167,927700,0.0,0.0
2023-10-17 00:00:00-04:00,11.239999771118164,11.380000114440918,11.239999771118164,11.270000457763672,752700,0.0,0.0
2023-10-18 00:00:00-04:00,11.149999618530273,11.210000038146973,11.029999732971191,11.109999656677246,581200,0.0,0.0
2023-10-19 00:00:00-04:00,11.369999885559082,11.390000343322754,11.09000015258789,11.239999771118164,1168500,0.0,0.0
2023-10-20 00:00:00-04:00,11.25,11.569999694824219,11.229999542236328,11.40999984741211,1838300,0.0,0.0
2023-10-23 00:00:00-04:00,11.34000015258789,11.789999961853027,11.319999694824219,11.720000267028809,1201100,0.0,0.0
2023-10-24 00:00:00-04:00,11.720000267028809,12.539999961853027,11.720000267028809,12.520000457763672,2294400,0.0,0.0
2023-10-25 00:00:00-04:00,12.4399995803833,12.829999923706055,12.369999885559082,12.550000190734863,1616500,0.0,0.0
2023-10-26 00:00:00-04:00,12.670000076293945,12.90999984741211,12.550000190734863,12.8100004196167,1105800,0.0,0.0
2023-10-27 00:00:00-04:00,12.699999809265137,12.890000343322754,12.359999656677246,12.359999656677246,1109000,0.0,0.0
2023-10-30 00:00:00-04:00,12.479999542236328,12.649999618530273,12.40999984741211,12.5,812800,0.0,0.0
2023-10-31 00:00:00-04:00,12.5,12.739999771118164,12.5,12.699999809265137,788000,0.0,0.0
2023-11-01 00:00:00-04:00,12.739999771118164,13.039999961853027,12.710000038146973,13.0,976600,0.0,0.0
2023-11-02 00:00:00-04:00,13.039999961853027,13.5,13.010000228881836,13.260000228881836,1213300,0.0,0.0
2023-11-03 00:00:00-04:00,13.470000267028809,13.600000381469727,13.300000190734863,13.300000190734863,1003300,0.0,0.0
2023-11-06 00:00:00-05:00,13.260000228881836,13.479999542236328,13.1899995803833,13.420000076293945,1126900,0.0,0.0
2023-11-07 00:00:00-05:00,13.029999732971191,14.4399995803833,12.609999656677246,14.119999885559082,2514900,0.0,0.0
2023-11-08 00:00:00-05:00,14.210000038146973,14.369999885559082,13.84000015258789,14.130000114440918,1178000,0.0,0.0
2023-11-09 00:00:00-05:00,14.119999885559082,14.119999885559082,13.59000015258789,13.6899995803833,1018500,0.0,0.0
2023-11-10 00:00:00-05:00,13.710000038146973,13.819999694824219,13.619999885559082,13.630000114440918,830000,0.0,0.0
2023-11-13 00:00:00-05:00,13.539999961853027,13.600000381469727,13.319999694824219,13.569999694824219,577100,0.0,0.0
2023-11-14 00:00:00-05:00,13.9399995803833,14.079999923706055,13.600000381469727,13.90999984741211,1178100,0.0,0.0
2023-11-15 00:00:00-05:00,13.829999923706055,14.0,13.619999885559082,13.6899995803833,782900,0.0,0.0
2023-11-16 00:00:00-05:00,13.75,13.819999694824219,13.529999732971191,13.600000381469727,802400,0.0,0.0
2023-11-17 00:00:00-05:00,13.65999984741211,13.779999732971191,13.600000381469727,13.729999542236328,821800,0.0,0.0
2023-11-20 00:00:00-05:00,13.779999732971191,13.930000305175781,13.680000305175781,13.800000190734863,759300,0.0,0.0
2023-11-21 00:00:00-05:00,13.529999732971191,13.819999694824219,13.399999618530273,13.579999923706055,627100,0.0,0.0
2023-11-22 00:00:00-05:00,13.699999809265137,14.270000457763672,13.6899995803833,14.25,917100,0.0,0.0
2023-11-24 00:00:00-05:00,14.180000305175781,14.399999618530273,14.079999923706055,14.300000190734863,546300,0.0,0.0
2023-11-27 00:00:00-05:00,14.229999542236328,14.859999656677246,14.199999809265137,14.829999923706055,885800,0.0,0.0
2023-11-28 00:00:00-05:00,14.75,15.0600004196167,14.600000381469727,14.779999732971191,1445500,0.0,0.0
2023-11-29 00:00:00-05:00,14.800000190734863,14.880000114440918,14.619999885559082,14.6899995803833,1171800,0.0,0.0
2023-11-30 00:00:00-05:00,14.640000343322754,14.800000190734863,14.380000114440918,14.470000267028809,788700,0.0,0.0
2023-12-01 00:00:00-05:00,14.380000114440918,14.569999694824219,14.270000457763672,14.430000305175781,853000,0.0,0.0
2023-12-04 00:00:00-05:00,14.380000114440918,14.399999618530273,13.8100004196167,14.039999961853027,1065000,0.0,0.0
2023-12-05 00:00:00-05:00,14.0600004196167,14.1899995803833,13.8100004196167,13.989999771118164,656000,0.0,0.0
2023-12-06 00:00:00-05:00,13.989999771118164,14.130000114440918,13.579999923706055,13.729999542236328,882800,0.0,0.0
2023-12-07 00:00:00-05:00,13.800000190734863,13.920000076293945,13.649999618530273,13.75,3382800,0.0,0.0
2023-12-08 00:00:00-05:00,13.75,13.979999542236328,13.729999542236328,13.8100004196167,833900,0.0,0.0
2023-12-11 00:00:00-05:00,13.770000457763672,13.899999618530273,13.539999961853027,13.630000114440918,936900,0.0,0.0
2023-12-12 00:00:00-05:00,13.5600004196167,13.979999542236328,13.4399995803833,13.890000343322754,901700,0.0,0.0
2023-12-13 00:00:00-05:00,13.949999809265137,14.40999984741211,13.920000076293945,14.300000190734863,1149200,0.0,0.0
2023-12-14 00:00:00-05:00,14.399999618530273,14.550000190734863,14.279999732971191,14.329999923706055,1193400,0.0,0.0
2023-12-15 00:00:00-05:00,14.270000457763672,14.600000381469727,14.270000457763672,14.359999656677246,2829300,0.0,0.0
2023-12-18 00:00:00-05:00,14.4399995803833,14.4399995803833,14.210000038146973,14.260000228881836,802000,0.0,0.0
2023-12-19 00:00:00-05:00,14.289999961853027,14.430000305175781,14.260000228881836,14.34000015258789,772100,0.0,0.0
2023-12-20 00:00:00-05:00,14.300000190734863,14.460000038146973,14.220000267028809,14.25,691300,0.0,0.0
2023-12-21 00:00:00-05:00,14.329999923706055,14.59000015258789,14.300000190734863,14.59000015258789,710200,0.0,0.0
2023-12-22 00:00:00-05:00,14.640000343322754,14.699999809265137,14.5,14.619999885559082,709800,0.0,0.0
2023-12-26 00:00:00-05:00,14.65999984741211,14.779999732971191,14.5600004196167,14.6899995803833,367800,0.0,0.0
2023-12-27 00:00:00-05:00,14.800000190734863,14.829999923706055,14.539999961853027,14.619999885559082,454500,0.0,0.0
2023-12-28 00:00:00-05:00,14.640000343322754,14.670000076293945,14.539999961853027,14.609999656677246,447700,0.0,0.0
2023-12-29 00:00:00-05:00,14.630000114440918,14.630000114440918,14.359999656677246,14.529999732971191,876900,0.0,0.0
2024-01-02 00:00:00-05:00,14.449999809265137,14.539999961853027,14.300000190734863,14.449999809265137,814300,0.0,0.0
2024-01-03 00:00:00-05:00,14.390000343322754,14.760000228881836,14.279999732971191,14.5600004196167,765700,0.0,0.0
2024-01-04 00:00:00-05:00,14.649999618530273,14.670000076293945,14.0600004196167,14.069999694824219,1107900,0.0,0.0
2024-01-05 00:00:00-05:00,14.069999694824219,14.15999984741211,13.800000190734863,13.829999923706055,1012600,0.0,0.0
2024-01-08 00:00:00-05:00,13.9399995803833,14.039999961853027,13.829999923706055,13.970000267028809,701800,0.0,0.0
2024-01-09 00:00:00-05:00,13.8100004196167,13.819999694824219,13.5600004196167,13.609999656677246,763100,0.0,0.0
2024-01-10 00:00:00-05:00,13.59000015258789,14.130000114440918,13.569999694824219,13.880000114440918,1169100,0.0,0.0
2024-01-11 00:00:00-05:00,13.819999694824219,13.850000381469727,13.579999923706055,13.829999923706055,809700,0.0,0.0
2024-01-12 00:00:00-05:00,13.989999771118164,13.989999771118164,13.569999694824219,13.579999923706055,797900,0.0,0.0
2024-01-16 00:00:00-05:00,13.479999542236328,13.630000114440918,13.359999656677246,13.569999694824219,561500,0.0,0.0
2024-01-17 00:00:00-05:00,13.399999618530273,13.59000015258789,13.369999885559082,13.520000457763672,578500,0.0,0.0
2024-01-18 00:00:00-05:00,13.59000015258789,13.770000457763672,13.479999542236328,13.59000015258789,653400,0.0,0.0
2024-01-19 00:00:00-05:00,13.670000076293945,13.800000190734863,13.5,13.789999961853027,1122400,0.0,0.0
2024-01-22 00:00:00-05:00,13.899999618530273,14.630000114440918,13.899999618530273,14.449999809265137,1149400,0.0,0.0
2024-01-23 00:00:00-05:00,14.550000190734863,14.829999923706055,14.470000267028809,14.699999809265137,864800,0.0,0.0
2024-01-24 00:00:00-05:00,14.880000114440918,15.109999656677246,14.720000267028809,15.010000228881836,1061800,0.0,0.0
2024-01-25 00:00:00-05:00,15.079999923706055,15.119999885559082,14.350000381469727,14.470000267028809,923700,0.0,0.0
2024-01-26 00:00:00-05:00,14.460000038146973,14.680000305175781,14.420000076293945,14.539999961853027,604300,0.0,0.0
2024-01-29 00:00:00-05:00,14.569999694824219,14.880000114440918,14.449999809265137,14.880000114440918,637700,0.0,0.0
2024-01-30 00:00:00-05:00,14.84000015258789,14.989999771118164,14.5600004196167,14.579999923706055,533900,0.0,0.0
2024-01-31 00:00:00-05:00,14.59000015258789,14.59000015258789,14.039999961853027,14.220000267028809,900000,0.0,0.0
2024-02-01 00:00:00-05:00,14.289999961853027,14.670000076293945,14.109999656677246,14.670000076293945,988300,0.0,0.0
2024-02-02 00:00:00-05:00,14.579999923706055,14.720000267028809,14.420000076293945,14.489999771118164,868400,0.0,0.0
2024-02-05 00:00:00-05:00,14.399999618530273,14.550000190734863,14.210000038146973,14.40999984741211,978100,0.0,0.0
2024-02-06 00:00:00-05:00,14.350000381469727,14.350000381469727,14.050000190734863,14.119999885559082,745800,0.0,0.0
2024-02-07 00:00:00-05:00,14.199999809265137,14.489999771118164,14.109999656677246,14.149999618530273,1282200,0.0,0.0
2024-02-08 00:00:00-05:00,14.170000076293945,15.130000114440918,13.579999923706055,15.0,1523000,0.0,0.0
2024-02-09 00:00:00-05:00,15.050000190734863,15.170000076293945,14.609999656677246,14.84000015258789,1480200,0.0,0.0
2024-02-12 00:00:00-05:00,15.029999732971191,15.050000190734863,14.600000381469727,14.6899995803833,1375000,0.0,0.0
2024-02-13 00:00:00-05:00,14.34000015258789,14.920000076293945,14.170000076293945,14.329999923706055,1612000,0.0,0.0
2024-02-14 00:00:00-05:00,14.460000038146973,14.529999732971191,13.9399995803833,14.109999656677246,1299000,0.0,0.0
2024-02-15 00:00:00-05:00,14.25,14.619999885559082,14.079999923706055,14.239999771118164,1523700,0.0,0.0
2024-02-16 00:00:00-05:00,14.15999984741211,14.8100004196167,14.069999694824219,14.600000381469727,1443300,0.0,0.0
2024-02-20 00:00:00-05:00,14.390000343322754,14.460000038146973,14.229999542236328,14.260000228881836,1235900,0.0,0.0
2024-02-21 00:00:00-05:00,14.260000228881836,14.539999961853027,14.229999542236328,14.3100004196167,893800,0.0,0.0
2024-02-22 00:00:00-05:00,14.359999656677246,14.390000343322754,14.100000381469727,14.270000457763672,862200,0.0,0.0
2024-02-23 00:00:00-05:00,14.289999961853027,14.479999542236328,14.220000267028809,14.319999694824219,862400,0.0,0.0
2024-02-26 00:00:00-05:00,14.279999732971191,14.6899995803833,14.270000457763672,14.460000038146973,1083500,0.0,0.0
2024-02-27 00:00:00-05:00,14.510000228881836,14.819999694824219,14.510000228881836,14.619999885559082,1177800,0.0,0.0
2024-02-28 00:00:00-05:00,14.529999732971191,15.130000114440918,14.479999542236328,14.8100004196167,1345800,0.0,0.0
2024-02-29 00:00:00-05:00,15.140000343322754,15.380000114440918,15.050000190734863,15.229999542236328,1200800,0.0,0.0
2024-03-01 00:00:00-05:00,15.210000038146973,15.25,14.770000457763672,14.989999771118164,788900,0.0,0.0
2024-03-04 00:00:00-05:00,14.930000305175781,14.989999771118164,14.460000038146973,14.550000190734863,836400,0.0,0.0
2024-03-05 00:00:00-05:00,14.430000305175781,14.720000267028809,14.300000190734863,14.529999732971191,936200,0.0,0.0
2024-03-06 00:00:00-05:00,14.720000267028809,14.930000305175781,14.5600004196167,14.760000228881836,674600,0.0,0.0
2024-03-07 00:00:00-05:00,14.850000381469727,14.970000267028809,14.670000076293945,14.850000381469727,639100,0.0,0.0
2024-03-08 00:00:00-05:00,14.890000343322754,14.890000343322754,14.489999771118164,14.869999885559082,635000,0.0,0.0
2024-03-11 00:00:00-04:00,14.800000190734863,14.920000076293945,14.630000114440918,14.869999885559082,577300,0.0,0.0
2024-03-12 00:00:00-04:00,14.819999694824219,15.09000015258789,14.5600004196167,14.640000343322754,1188700,0.0,0.0
2024-03-13 00:00:00-04:00,14.600000381469727,15.029999732971191,14.5600004196167,14.760000228881836,832600,0.0,0.0
2024-03-14 00:00:00-04:00,14.819999694824219,14.890000343322754,14.5,14.579999923706055,744200,0.0,0.0
2024-03-15 00:00:00-04:00,14.5600004196167,14.899999618530273,14.539999961853027,14.850000381469727,2626700,0.0,0.0
2024-03-18 00:00:00-04:00,14.779999732971191,14.84000015258789,14.5,14.520000457763672,821400,0.0,0.0
2024-03-19 00:00:00-04:00,14.449999809265137,14.989999771118164,14.369999885559082,14.720000267028809,1484600,0.0,0.0
2024-03-20 00:00:00-04:00,14.680000305175781,15.710000038146973,14.680000305175781,15.680000305175781,1341300,0.0,0.0
2024-03-21 00:00:00-04:00,15.680000305175781,16.209999084472656,15.600000381469727,16.110000610351562,1265600,0.0,0.0
2024-03-22 00:00:00-04:00,16.1200008392334,16.149999618530273,15.880000114440918,16.09000015258789,632000,0.0,0.0
2024-03-25 00:00:00-04:00,16.100000381469727,16.239999771118164,15.819999694824219,15.829999923706055,941900,0.0,0.0
2024-03-26 00:00:00-04:00,15.970000267028809,16.040000915527344,15.649999618530273,15.649999618530273,770500,0.0,0.0
2024-03-27 00:00:00-04:00,15.770000457763672,15.850000381469727,15.539999961853027,15.649999618530273,634300,0.0,0.0
2024-03-28 00:00:00-04:00,15.640000343322754,15.869999885559082,15.539999961853027,15.609999656677246,762100,0.0,0.0
2024-04-01 00:00:00-04:00,15.640000343322754,15.9399995803833,15.470000267028809,15.539999961853027,758900,0.0,0.0
2024-04-02 00:00:00-04:00,15.4399995803833,15.4399995803833,14.970000267028809,15.260000228881836,853300,0.0,0.0
2024-04-03 00:00:00-04:00,15.149999618530273,15.5,15.149999618530273,15.380000114440918,410600,0.0,0.0
2024-04-04 00:00:00-04:00,15.520000457763672,15.710000038146973,15.260000228881836,15.359999656677246,465200,0.0,0.0
2024-04-05 00:00:00-04:00,15.289999961853027,15.9399995803833,15.289999961853027,15.619999885559082,902700,0.0,0.0
2024-04-08 00:00:00-04:00,15.699999809265137,16.100000381469727,15.619999885559082,16.09000015258789,745800,0.0,0.0
2024-04-09 00:00:00-04:00,16.190000534057617,16.239999771118164,15.880000114440918,15.970000267028809,508500,0.0,0.0
2024-04-10 00:00:00-04:00,15.609999656677246,15.90999984741211,15.399999618530273,15.710000038146973,844000,0.0,0.0
2024-04-11 00:00:00-04:00,15.770000457763672,15.869999885559082,15.4399995803833,15.720000267028809,476500,0.0,0.0
2024-04-12 00:00:00-04:00,15.579999923706055,15.6899995803833,15.199999809265137,15.380000114440918,366700,0.0,0.0
2024-04-15 00:00:00-04:00,15.430000305175781,15.489999771118164,15.119999885559082,15.199999809265137,328400,0.0,0.0
2024-04-16 00:00:00-04:00,15.079999923706055,15.319999694824219,15.039999961853027,15.119999885559082,401600,0.0,0.0
2024-04-17 00:00:00-04:00,15.199999809265137,15.270000457763672,14.84000015258789,14.869999885559082,403500,0.0,0.0
2024-04-18 00:00:00-04:00,14.890000343322754,14.970000267028809,14.489999771118164,14.699999809265137,652300,0.0,0.0
2024-04-19 00:00:00-04:00,14.699999809265137,14.9399995803833,14.59000015258789,14.729999542236328,818300,0.0,0.0
2024-04-22 00:00:00-04:00,14.84000015258789,15.100000381469727,14.8100004196167,14.9399995803833,462700,0.0,0.0
2024-04-23 00:00:00-04:00,14.9399995803833,15.270000457763672,14.9399995803833,15.130000114440918,439500,0.0,0.0
2024-04-24 00:00:00-04:00,15.130000114440918,15.15999984741211,14.989999771118164,15.119999885559082,542200,0.0,0.0
2024-04-25 00:00:00-04:00,14.9399995803833,15.09000015258789,14.859999656677246,14.970000267028809,429000,0.0,0.0
2024-04-26 00:00:00-04:00,14.979999542236328,15.149999618530273,14.899999618530273,15.0600004196167,576800,0.0,0.0
2024-04-29 00:00:00-04:00,15.140000343322754,15.199999809265137,14.979999542236328,15.100000381469727,591000,0.0,0.0
2024-04-30 00:00:00-04:00,15.100000381469727,15.100000381469727,14.869999885559082,14.899999618530273,606300,0.0,0.0
2024-05-01 00:00:00-04:00,14.869999885559082,15.140000343322754,14.84000015258789,14.84000015258789,614900,0.0,0.0
2024-05-02 00:00:00-04:00,14.960000038146973,15.369999885559082,14.930000305175781,15.289999961853027,481100,0.0,0.0
2024-05-03 00:00:00-04:00,15.430000305175781,15.449999809265137,15.149999618530273,15.260000228881836,543800,0.0,0.0
2024-05-06 00:00:00-04:00,15.390000343322754,15.470000267028809,15.220000267028809,15.289999961853027,626200,0.0,0.0
2024-05-07 00:00:00-04:00,15.220000267028809,15.359999656677246,15.029999732971191,15.3100004196167,1083800,0.0,0.0
2024-05-08 00:00:00-04:00,15.170000076293945,15.390000343322754,15.0,15.359999656677246,657000,0.0,0.0
2024-05-09 00:00:00-04:00,16.149999618530273,16.149999618530273,15.029999732971191,15.489999771118164,1272000,0.0,0.0
2024-05-10 00:00:00-04:00,15.470000267028809,15.630000114440918,15.359999656677246,15.5600004196167,746900,0.0,0.0
2024-05-13 00:00:00-04:00,15.5600004196167,15.609999656677246,15.039999961853027,15.229999542236328,904400,0.0,0.0
2024-05-14 00:00:00-04:00,15.420000076293945,15.420000076293945,15.0,15.149999618530273,785100,0.0,0.0
2024-05-15 00:00:00-04:00,15.199999809265137,15.239999771118164,14.859999656677246,14.899999618530273,637400,0.0,0.0
2024-05-16 00:00:00-04:00,14.84000015258789,15.40999984741211,14.8100004196167,15.109999656677246,772300,0.0,0.0
2024-05-17 00:00:00-04:00,15.1899995803833,15.199999809265137,15.029999732971191,15.029999732971191,491100,0.0,0.0
2024-05-20 00:00:00-04:00,15.229999542236328,15.300000190734863,15.079999923706055,15.100000381469727,767300,0.0,0.0
2024-05-21 00:00:00-04:00,15.029999732971191,15.550000190734863,15.029999732971191,15.539999961853027,914300,0.0,0.0
2024-05-22 00:00:00-04:00,15.520000457763672,15.899999618530273,15.520000457763672,15.640000343322754,793800,0.0,0.0
2024-05-23 00:00:00-04:00,15.59000015258789,15.6899995803833,15.1899995803833,15.359999656677246,577500,0.0,0.0
2024-05-24 00:00:00-04:00,15.300000190734863,15.569999694824219,15.260000228881836,15.539999961853027,530700,0.0,0.0
2024-05-28 00:00:00-04:00,15.649999618530273,15.770000457763672,15.15999984741211,15.170000076293945,668500,0.0,0.0
2024-05-29 00:00:00-04:00,15.069999694824219,15.25,15.050000190734863,15.0600004196167,520500,0.0,0.0
2024-05-30 00:00:00-04:00,15.140000343322754,15.729999542236328,15.140000343322754,15.600000381469727,694100,0.0,0.0
2024-05-31 00:00:00-04:00,15.630000114440918,16.06999969482422,15.630000114440918,16.049999237060547,663300,0.0,0.0
2024-06-03 00:00:00-04:00,16.170000076293945,16.540000915527344,16.110000610351562,16.43000030517578,870200,0.0,0.0
2024-06-04 00:00:00-04:00,16.43000030517578,16.450000762939453,16.06999969482422,16.3700008392334,889400,0.0,0.0
2024-06-05 00:00:00-04:00,16.350000381469727,16.350000381469727,15.789999961853027,15.800000190734863,786200,0.0,0.0
2024-06-06 00:00:00-04:00,15.65999984741211,15.979999542236328,15.539999961853027,15.579999923706055,598200,0.0,0.0
2024-06-07 00:00:00-04:00,15.489999771118164,15.5600004196167,15.329999923706055,15.420000076293945,431100,0.0,0.0
2024-06-10 00:00:00-04:00,15.260000228881836,15.319999694824219,14.699999809265137,14.789999961853027,2103800,0.0,0.0
2024-06-11 00:00:00-04:00,11.010000228881836,12.390000343322754,10.739999771118164,11.859999656677246,6251200,0.0,0.0
2024-06-12 00:00:00-04:00,11.850000381469727,11.960000038146973,11.319999694824219,11.40999984741211,1661700,0.0,0.0
2024-06-13 00:00:00-04:00,11.350000381469727,11.760000228881836,11.25,11.739999771118164,1342100,0.0,0.0
2024-06-14 00:00:00-04:00,11.670000076293945,11.859999656677246,11.569999694824219,11.609999656677246,843300,0.0,0.0
2024-06-17 00:00:00-04:00,11.529999732971191,11.800000190734863,11.430000305175781,11.550000190734863,1224800,0.0,0.0
2024-06-18 00:00:00-04:00,11.579999923706055,11.619999885559082,11.25,11.3100004196167,1274700,0.0,0.0
2024-06-20 00:00:00-04:00,11.260000228881836,11.539999961853027,11.239999771118164,11.329999923706055,1136900,0.0,0.0
2024-06-21 00:00:00-04:00,11.359999656677246,11.430000305175781,11.229999542236328,11.369999885559082,2382000,0.0,0.0
2024-06-24 00:00:00-04:00,11.470000267028809,11.630000114440918,11.350000381469727,11.4399995803833,671900,0.0,0.0
2024-06-25 00:00:00-04:00,11.460000038146973,12.239999771118164,11.460000038146973,12.199999809265137,1004500,0.0,0.0
2024-06-26 00:00:00-04:00,12.109999656677246,12.239999771118164,11.920000076293945,12.050000190734863,871400,0.0,0.0
2024-06-27 00:00:00-04:00,12.029999732971191,12.239999771118164,11.949999809265137,12.239999771118164,648800,0.0,0.0
2024-06-28 00:00:00-04:00,12.460000038146973,13.0600004196167,12.449999809265137,12.979999542236328,2207100,0.0,0.0
2024-07-01 00:00:00-04:00,12.989999771118164,13.59000015258789,12.819999694824219,13.539999961853027,1250800,0.0,0.0
2024-07-02 00:00:00-04:00,13.479999542236328,13.6899995803833,13.359999656677246,13.5600004196167,852600,0.0,0.0
2024-07-03 00:00:00-04:00,13.5600004196167,13.569999694824219,13.0600004196167,13.300000190734863,533800,0.0,0.0
2024-07-05 00:00:00-04:00,13.239999771118164,13.350000381469727,13.100000381469727,13.25,865100,0.0,0.0
2024-07-08 00:00:00-04:00,13.319999694824219,13.390000343322754,13.170000076293945,13.279999732971191,697200,0.0,0.0
2024-07-09 00:00:00-04:00,13.289999961853027,13.369999885559082,13.119999885559082,13.220000267028809,666500,0.0,0.0
2024-07-10 00:00:00-04:00,13.279999732971191,13.399999618530273,13.130000114440918,13.149999618530273,673100,0.0,0.0
2024-07-11 00:00:00-04:00,13.3100004196167,13.390000343322754,13.010000228881836,13.210000038146973,1071000,0.0,0.0
2024-07-12 00:00:00-04:00,13.300000190734863,13.399999618530273,13.09000015258789,13.34000015258789,820500,0.0,0.0
2024-07-15 00:00:00-04:00,14.430000305175781,14.600000381469727,13.869999885559082,14.40999984741211,1810600,0.0,0.0
2024-07-16 00:00:00-04:00,14.479999542236328,15.09000015258789,14.369999885559082,15.029999732971191,1171400,0.0,0.0
2024-07-17 00:00:00-04:00,14.899999618530273,15.220000267028809,14.699999809265137,14.699999809265137,1009500,0.0,0.0
2024-07-18 00:00:00-04:00,14.630000114440918,14.979999542236328,14.239999771118164,14.329999923706055,604600,0.0,0.0
2024-07-19 00:00:00-04:00,14.369999885559082,14.550000190734863,14.260000228881836,14.4399995803833,929100,0.0,0.0
2024-07-22 00:00:00-04:00,14.180000305175781,14.649999618530273,14.119999885559082,14.539999961853027,684100,0.0,0.0
2024-07-23 00:00:00-04:00,14.609999656677246,14.949999809265137,14.579999923706055,14.84000015258789,609500,0.0,0.0
2024-07-24 00:00:00-04:00,14.739999771118164,14.859999656677246,14.109999656677246,14.119999885559082,1036700,0.0,0.0
2024-07-25 00:00:00-04:00,14.180000305175781,14.569999694824219,14.09000015258789,14.329999923706055,687300,0.0,0.0
2024-07-26 00:00:00-04:00,14.5600004196167,14.6899995803833,14.40999984741211,14.619999885559082,784600,0.0,0.0
2024-07-29 00:00:00-04:00,14.729999542236328,14.779999732971191,14.09000015258789,14.229999542236328,757100,0.0,0.0
2024-07-30 00:00:00-04:00,14.350000381469727,14.460000038146973,13.90999984741211,14.0600004196167,740100,0.0,0.0
2024-07-31 00:00:00-04:00,14.199999809265137,14.369999885559082,13.850000381469727,13.9399995803833,686900,0.0,0.0
2024-08-01 00:00:00-04:00,13.9399995803833,13.9399995803833,13.380000114440918,13.4399995803833,833100,0.0,0.0
2024-08-02 00:00:00-04:00,13.079999923706055,13.3100004196167,12.859999656677246,12.989999771118164,768100,0.0,0.0
2024-08-05 00:00:00-04:00,12.390000343322754,12.390000343322754,11.819999694824219,12.199999809265137,1891200,0.0,0.0
2024-08-06 00:00:00-04:00,12.1899995803833,12.34000015258789,11.90999984741211,12.1899995803833,935600,0.0,0.0
2024-08-07 00:00:00-04:00,12.460000038146973,12.460000038146973,11.979999542236328,12.260000228881836,1362600,0.0,0.0
2024-08-08 00:00:00-04:00,13.0,13.1899995803833,12.210000038146973,12.670000076293945,1133400,0.0,0.0
2024-08-09 00:00:00-04:00,12.640000343322754,12.789999961853027,12.399999618530273,12.4399995803833,1145900,0.0,0.0
2024-08-12 00:00:00-04:00,12.5,12.699999809265137,12.199999809265137,12.609999656677246,619500,0.0,0.0
2024-08-13 00:00:00-04:00,12.579999923706055,12.579999923706055,12.279999732971191,12.430000305175781,678700,0.0,0.0
2024-08-14 00:00:00-04:00,12.5,12.90999984741211,12.380000114440918,12.890000343322754,1167200,0.0,0.0
2024-08-15 00:00:00-04:00,13.100000381469727,13.100000381469727,12.40999984741211,12.779999732971191,813600,0.0,0.0
2024-08-16 00:00:00-04:00,12.699999809265137,12.90999984741211,12.640000343322754,12.720000267028809,727000,0.0,0.0
2024-08-19 00:00:00-04:00,12.789999961853027,12.960000038146973,12.729999542236328,12.869999885559082,608200,0.0,0.0
2024-08-20 00:00:00-04:00,12.829999923706055,13.229999542236328,12.369999885559082,13.050000190734863,1623800,0.0,0.0
2024-08-21 00:00:00-04:00,13.149999618530273,13.489999771118164,13.069999694824219,13.420000076293945,707600,0.0,0.0
2024-08-22 00:00:00-04:00,13.390000343322754,13.600000381469727,13.260000228881836,13.449999809265137,761900,0.0,0.0
2024-08-23 00:00:00-04:00,13.5,13.829999923706055,13.479999542236328,13.819999694824219,778400,0.0,0.0
2024-08-26 00:00:00-04:00,13.859999656677246,13.9399995803833,13.399999618530273,13.579999923706055,944600,0.0,0.0
2024-08-27 00:00:00-04:00,13.520000457763672,13.600000381469727,13.369999885559082,13.59000015258789,847500,0.0,0.0
2024-08-28 00:00:00-04:00,13.59000015258789,13.960000038146973,13.579999923706055,13.789999961853027,978000,0.0,0.0
2024-08-29 00:00:00-04:00,13.9399995803833,13.9399995803833,13.529999732971191,13.630000114440918,753500,0.0,0.0
2024-08-30 00:00:00-04:00,13.6899995803833,13.890000343322754,13.619999885559082,13.779999732971191,678400,0.0,0.0
2024-09-03 00:00:00-04:00,13.640000343322754,13.739999771118164,13.09000015258789,13.239999771118164,1039700,0.0,0.0
2024-09-04 00:00:00-04:00,13.229999542236328,13.279999732971191,12.960000038146973,13.119999885559082,425300,0.0,0.0
2024-09-05 00:00:00-04:00,13.140000343322754,13.239999771118164,12.899999618530273,13.199999809265137,695300,0.0,0.0
2024-09-06 00:00:00-04:00,13.15999984741211,13.210000038146973,12.90999984741211,13.0600004196167,610200,0.0,0.0
2024-09-09 00:00:00-04:00,13.170000076293945,13.449999809265137,12.90999984741211,13.210000038146973,1038600,0.0,0.0
2024-09-10 00:00:00-04:00,13.279999732971191,13.279999732971191,12.869999885559082,13.149999618530273,701600,0.0,0.0
2024-09-11 00:00:00-04:00,12.680000305175781,12.869999885559082,12.130000114440918,12.800000190734863,1523300,0.0,0.0
2024-09-12 00:00:00-04:00,12.859999656677246,13.119999885559082,12.800000190734863,12.800000190734863,831500,0.0,0.0
2024-09-13 00:00:00-04:00,12.859999656677246,13.199999809265137,12.649999618530273,13.15999984741211,716500,0.0,0.0
2024-09-16 00:00:00-04:00,13.199999809265137,13.510000228881836,13.109999656677246,13.34000015258789,572700,0.0,0.0
2024-09-17 00:00:00-04:00,13.449999809265137,13.640000343322754,13.34000015258789,13.359999656677246,773200,0.0,0.0
2024-09-18 00:00:00-04:00,13.4399995803833,13.5,12.800000190734863,12.880000114440918,1256800,0.0,0.0
2024-09-19 00:00:00-04:00,13.140000343322754,13.140000343322754,12.680000305175781,12.729999542236328,996700,0.0,0.0
2024-09-20 00:00:00-04:00,12.649999618530273,12.869999885559082,12.319999694824219,12.369999885559082,4786400,0.0,0.0
2024-09-23 00:00:00-04:00,12.529999732971191,12.9399995803833,12.470000267028809,12.9399995803833,1141900,0.0,0.0
2024-09-24 00:00:00-04:00,12.960000038146973,13.210000038146973,12.899999618530273,13.039999961853027,1269500,0.0,0.0
2024-09-25 00:00:00-04:00,13.079999923706055,13.229999542236328,12.619999885559082,12.65999984741211,718800,0.0,0.0
2024-09-26 00:00:00-04:00,12.760000228881836,12.930000305175781,12.640000343322754,12.65999984741211,520300,0.0,0.0
2024-09-27 00:00:00-04:00,12.729999542236328,12.829999923706055,12.510000228881836,12.619999885559082,516200,0.0,0.0
2024-09-30 00:00:00-04:00,12.619999885559082,12.869999885559082,12.449999809265137,12.649999618530273,1870200,0.0,0.0
2024-10-01 00:00:00-04:00,12.579999923706055,12.609999656677246,12.40999984741211,12.430000305175781,952900,0.0,0.0
2024-10-02 00:00:00-04:00,12.399999618530273,12.739999771118164,12.399999618530273,12.520000457763672,679100,0.0,0.0
2024-10-03 00:00:00-04:00,12.430000305175781,12.579999923706055,12.239999771118164,12.510000228881836,631200,0.0,0.0
2024-10-04 00:00:00-04:00,12.680000305175781,12.680000305175781,12.329999923706055,12.609999656677246,844400,0.0,0.0
2024-10-07 00:00:00-04:00,12.460000038146973,12.739999771118164,12.380000114440918,12.720000267028809,453700,0.0,0.0
2024-10-08 00:00:00-04:00,12.800000190734863,12.800000190734863,12.609999656677246,12.720000267028809,515200,0.0,0.0
2024-10-09 00:00:00-04:00,12.720000267028809,12.880000114440918,12.609999656677246,12.720000267028809,403300,0.0,0.0
2024-10-10 00:00:00-04:00,12.619999885559082,12.880000114440918,12.449999809265137,12.880000114440918,516300,0.0,0.0
2024-10-11 00:00:00-04:00,12.880000114440918,13.1899995803833,12.859999656677246,13.0600004196167,574900,0.0,0.0
2024-10-14 00:00:00-04:00,13.119999885559082,13.729999542236328,13.119999885559082,13.720000267028809,636000,0.0,0.0
2024-10-15 00:00:00-04:00,13.729999542236328,13.960000038146973,13.619999885559082,13.789999961853027,849100,0.0,0.0
2024-10-16 00:00:00-04:00,13.789999961853027,14.09000015258789,13.75,13.899999618530273,414700,0.0,0.0
2024-10-17 00:00:00-04:00,13.869999885559082,14.050000190734863,13.779999732971191,13.9399995803833,504600,0.0,0.0
2024-10-18 00:00:00-04:00,13.949999809265137,13.949999809265137,13.680000305175781,13.869999885559082,512500,0.0,0.0
2024-10-21 00:00:00-04:00,13.850000381469727,13.890000343322754,13.510000228881836,13.680000305175781,461800,0.0,0.0
2024-10-22 00:00:00-04:00,13.630000114440918,13.960000038146973,13.579999923706055,13.819999694824219,331300,0.0,0.0
2024-10-23 00:00:00-04:00,13.739999771118164,13.989999771118164,13.40999984741211,13.579999923706055,526300,0.0,0.0
2024-10-24 00:00:00-04:00,13.609999656677246,13.8100004196167,13.520000457763672,13.670000076293945,522200,0.0,0.0
2024-10-25 00:00:00-04:00,13.729999542236328,13.989999771118164,13.670000076293945,13.6899995803833,394700,0.0,0.0
2024-10-28 00:00:00-04:00,13.859999656677246,14.489999771118164,13.779999732971191,14.449999809265137,1008200,0.0,0.0
2024-10-29 00:00:00-04:00,14.40999984741211,14.6899995803833,14.319999694824219,14.600000381469727,996400,0.0,0.0
2024-10-30 00:00:00-04:00,14.510000228881836,14.75,14.3100004196167,14.319999694824219,750700,0.0,0.0
2024-10-31 00:00:00-04:00,14.279999732971191,14.380000114440918,13.760000228881836,13.8100004196167,940100,0.0,0.0
2024-11-01 00:00:00-04:00,13.899999618530273,14.020000457763672,13.210000038146973,13.3100004196167,1305500,0.0,0.0
2024-11-04 00:00:00-05:00,13.1899995803833,13.25,12.65999984741211,13.1899995803833,2389000,0.0,0.0
2024-11-05 00:00:00-05:00,13.399999618530273,13.869999885559082,13.329999923706055,13.630000114440918,1181600,0.0,0.0
2024-11-06 00:00:00-05:00,16.959999084472656,18.239999771118164,16.5,17.579999923706055,6542300,0.0,0.0
2024-11-07 00:00:00-05:00,18.3799991607666,22.350000381469727,17.950000762939453,22.079999923706055,4078700,0.0,0.0
2024-11-08 00:00:00-05:00,22.549999237060547,24.989999771118164,21.860000610351562,22.520000457763672,4147800,0.0,0.0
2024-11-11 00:00:00-05:00,24.75,24.84000015258789,23.799999237060547,23.940000534057617,3264500,0.0,0.0
2024-11-12 00:00:00-05:00,23.440000534057617,23.850000381469727,21.959999084472656,22.1299991607666,2331500,0.0,0.0
2024-11-13 00:00:00-05:00,22.149999618530273,22.530000686645508,21.510000228881836,21.520000457763672,2355200,0.0,0.0
2024-11-14 00:00:00-05:00,22.0,22.09000015258789,21.149999618530273,21.43000030517578,1491500,0.0,0.0
2024-11-15 00:00:00-05:00,21.489999771118164,21.860000610351562,21.059999465942383,21.360000610351562,1088600,0.0,0.0
2024-11-18 00:00:00-05:00,21.200000762939453,21.360000610351562,20.559999465942383,21.139999389648438,1242200,0.0,0.0
2024-11-19 00:00:00-05:00,20.799999237060547,22.049999237060547,20.790000915527344,22.010000228881836,1181800,0.0,0.0
2024-11-20 00:00:00-05:00,22.0,22.15999984741211,21.170000076293945,21.469999313354492,726400,0.0,0.0
2024-11-21 00:00:00-05:00,21.540000915527344,21.889999389648438,21.219999313354492,21.799999237060547,702100,0.0,0.0
2024-11-22 00:00:00-05:00,22.0,23.09000015258789,21.40999984741211,22.010000228881836,2840100,0.0,0.0
2024-11-25 00:00:00-05:00,22.170000076293945,22.479999542236328,21.709999084472656,21.969999313354492,1228500,0.0,0.0
2024-11-26 00:00:00-05:00,21.75,22.34000015258789,21.700000762939453,21.940000534057617,781600,0.0,0.0
2024-11-27 00:00:00-05:00,22.139999389648438,22.979999542236328,21.959999084472656,22.489999771118164,1672800,0.0,0.0
2024-11-29 00:00:00-05:00,22.780000686645508,23.31999969482422,22.110000610351562,22.329999923706055,735900,0.0,0.0
2024-12-02 00:00:00-05:00,22.329999923706055,22.329999923706055,19.760000228881836,21.639999389648438,1788600,0.0,0.0
2024-12-03 00:00:00-05:00,21.450000762939453,21.489999771118164,21.110000610351562,21.350000381469727,1154200,0.0,0.0
2024-12-04 00:00:00-05:00,21.360000610351562,21.950000762939453,20.969999313354492,21.8799991607666,1328300,0.0,0.0
2024-12-05 00:00:00-05:00,21.8799991607666,22.1200008392334,21.260000228881836,21.3700008392334,868700,0.0,0.0
2024-12-06 00:00:00-05:00,21.559999465942383,21.579999923706055,21.010000228881836,21.520000457763672,792800,0.0,0.0
2024-12-09 00:00:00-05:00,21.3700008392334,22.329999923706055,21.15999984741211,21.93000030517578,1440500,0.0,0.0
2024-12-10 00:00:00-05:00,22.829999923706055,23.520000457763672,22.209999084472656,22.25,2322300,0.0,0.0
2024-12-11 00:00:00-05:00,22.239999771118164,22.549999237060547,21.739999771118164,21.860000610351562,963700,0.0,0.0
2024-12-12 00:00:00-05:00,21.81999969482422,22.270000457763672,21.700000762939453,22.020000457763672,698000,0.0,0.0
2024-12-13 00:00:00-05:00,22.020000457763672,22.030000686645508,21.510000228881836,21.8799991607666,555600,0.0,0.0
2024-12-16 00:00:00-05:00,21.8799991607666,22.1200008392334,21.389999389648438,21.75,742500,0.0,0.0
2024-12-17 00:00:00-05:00,21.34000015258789,21.809999465942383,21.059999465942383,21.389999389648438,1021600,0.0,0.0
2024-12-18 00:00:00-05:00,21.719999313354492,21.719999313354492,20.219999313354492,20.530000686645508,966400,0.0,0.0
2024-12-19 00:00:00-05:00,20.8799991607666,21.299999237060547,20.729999542236328,21.0,1065200,0.0,0.0
2024-12-20 00:00:00-05:00,20.670000076293945,21.31999969482422,20.3799991607666,20.850000381469727,3917100,0.0,0.0
2024-12-23 00:00:00-05:00,21.25,21.520000457763672,20.790000915527344,21.149999618530273,677700,0.0,0.0
2024-12-24 00:00:00-05:00,21.149999618530273,21.790000915527344,21.030000686645508,21.639999389648438,350600,0.0,0.0
2024-12-26 00:00:00-05:00,21.639999389648438,22.100000381469727,21.520000457763672,21.780000686645508,716900,0.0,0.0
2024-12-27 00:00:00-05:00,21.579999923706055,21.93000030517578,21.229999542236328,21.329999923706055,687100,0.0,0.0
2024-12-30 00:00:00-05:00,21.18000030517578,21.829999923706055,21.18000030517578,21.579999923706055,887600,0.0,0.0
2024-12-31 00:00:00-05:00,21.639999389648438,22.329999923706055,21.600000381469727,21.739999771118164,973300,0.0,0.0
2025-01-02 00:00:00-05:00,21.770000457763672,22.139999389648438,21.360000610351562,21.729999542236328,803700,0.0,0.0
2025-01-03 00:00:00-05:00,21.709999084472656,22.34000015258789,21.389999389648438,22.219999313354492,638900,0.0,0.0
2025-01-06 00:00:00-05:00,22.219999313354492,22.530000686645508,21.809999465942383,21.959999084472656,812000,0.0,0.0
2025-01-07 00:00:00-05:00,21.950000762939453,21.969999313354492,20.860000610351562,21.920000076293945,968100,0.0,0.0
2025-01-08 00:00:00-05:00,21.790000915527344,22.979999542236328,21.670000076293945,22.969999313354492,1450400,0.0,0.0
2025-01-10 00:00:00-05:00,22.639999389648438,22.989999771118164,21.8799991607666,22.079999923706055,993600,0.0,0.0
2025-01-13 00:00:00-05:00,21.799999237060547,22.110000610351562,21.299999237060547,22.09000015258789,555400,0.0,0.0
2025-01-14 00:00:00-05:00,22.239999771118164,22.6299991607666,21.950000762939453,22.34000015258789,839400,0.0,0.0
2025-01-15 00:00:00-05:00,23.34000015258789,23.450000762939453,22.450000762939453,22.81999969482422,1071300,0.0,0.0
2025-01-16 00:00:00-05:00,22.760000228881836,23.239999771118164,22.65999984741211,22.709999084472656,1052200,0.0,0.0
2025-01-17 00:00:00-05:00,23.040000915527344,23.610000610351562,22.8700008392334,23.049999237060547,1495100,0.0,0.0
2025-01-21 00:00:00-05:00,23.520000457763672,23.850000381469727,21.940000534057617,22.940000534057617,1573600,0.0,0.0
2025-01-22 00:00:00-05:00,22.600000381469727,22.889999389648438,21.56999969482422,22.239999771118164,1490100,0.0,0.0
2025-01-23 00:00:00-05:00,22.260000228881836,22.610000610351562,21.549999237060547,21.65999984741211,927800,0.0,0.0
2025-01-24 00:00:00-05:00,21.579999923706055,21.950000762939453,21.059999465942383,21.239999771118164,1162600,0.0,0.0
2025-01-27 00:00:00-05:00,21.1200008392334,21.709999084472656,20.68000030517578,20.8700008392334,1302500,0.0,0.0
2025-01-28 00:00:00-05:00,20.8799991607666,20.93000030517578,19.639999389648438,20.219999313354492,1299300,0.0,0.0
2025-01-29 00:00:00-05:00,20.219999313354492,20.760000228881836,20.18000030517578,20.510000228881836,1053300,0.0,0.0
2025-01-30 00:00:00-05:00,20.799999237060547,21.139999389648438,20.3700008392334,20.709999084472656,1168000,0.0,0.0
2025-01-31 00:00:00-05:00,20.600000381469727,20.829999923706055,20.299999237060547,20.459999084472656,1669000,0.0,0.0
2025-02-03 00:00:00-05:00,19.989999771118164,20.290000915527344,19.719999313354492,20.010000228881836,663900,0.0,0.0
2025-02-04 00:00:00-05:00,19.690000534057617,19.799999237060547,18.649999618530273,18.8799991607666,1861700,0.0,0.0
2025-02-05 00:00:00-05:00,19.170000076293945,19.40999984741211,18.700000762939453,19.25,1244500,0.0,0.0
2025-02-06 00:00:00-05:00,19.25,19.360000610351562,18.3799991607666,18.760000228881836,1238700,0.0,0.0
2025-02-07 00:00:00-05:00,18.670000076293945,18.719999313354492,18.139999389648438,18.43000030517578,939600,0.0,0.0
2025-02-10 00:00:00-05:00,18.479999542236328,19.020000457763672,18.3700008392334,18.84000015258789,1791400,0.0,0.0
2025-02-11 00:00:00-05:00,16.989999771118164,18.979999542236328,16.459999084472656,18.040000915527344,4415000,0.0,0.0
2025-02-12 00:00:00-05:00,18.010000228881836,19.5,18.0,19.18000030517578,2638700,0.0,0.0
2025-02-13 00:00:00-05:00,19.350000381469727,19.940000534057617,18.989999771118164,19.059999465942383,1560300,0.0,0.0
2025-02-14 00:00:00-05:00,19.030000686645508,19.239999771118164,18.65999984741211,18.829999923706055,979700,0.0,0.0
2025-02-18 00:00:00-05:00,18.729999542236328,19.200000762939453,18.360000610351562,19.190000534057617,1659600,0.0,0.0
2025-02-19 00:00:00-05:00,19.0,19.3700008392334,18.799999237060547,19.139999389648438,949400,0.0,0.0
2025-02-20 00:00:00-05:00,19.059999465942383,19.06999969482422,18.5,18.530000686645508,762000,0.0,0.0
2025-02-21 00:00:00-05:00,18.760000228881836,18.760000228881836,17.459999084472656,18.020000457763672,1240100,0.0,0.0
2025-02-24 00:00:00-05:00,18.200000762939453,18.479999542236328,17.860000610351562,18.229999542236328,1116000,0.0,0.0
2025-02-25 00:00:00-05:00,18.15999984741211,18.309999465942383,17.700000762939453,18.200000762939453,1110800,0.0,0.0
2025-02-26 00:00:00-05:00,18.09000015258789,18.649999618530273,18.030000686645508,18.15999984741211,1795600,0.0,0.0
2025-02-27 00:00:00-05:00,18.0,19.34000015258789,17.940000534057617,18.920000076293945,1723000,0.0,0.0
2025-02-28 00:00:00-05:00,18.780000686645508,18.889999389648438,18.260000228881836,18.760000228881836,1596500,0.0,0.0
2025-03-03 00:00:00-05:00,18.850000381469727,19.229999542236328,17.989999771118164,18.18000030517578,1131300,0.0,0.0
2025-03-04 00:00:00-05:00,17.93000030517578,18.299999237060547,17.540000915527344,18.030000686645508,1121500,0.0,0.0
2025-03-05 00:00:00-05:00,18.329999923706055,18.68000030517578,17.90999984741211,18.399999618530273,974200,0.0,0.0
2025-03-06 00:00:00-05:00,19.1200008392334,19.610000610351562,18.5,19.170000076293945,1473200,0.0,0.0
2025-03-07 00:00:00-05:00,19.1299991607666,19.440000534057617,18.149999618530273,19.06999969482422,2357600,0.0,0.0
2025-03-10 00:00:00-04:00,18.719999313354492,19.270000457763672,18.530000686645508,19.0,1404700,0.0,0.0
2025-03-11 00:00:00-04:00,18.940000534057617,19.229999542236328,18.530000686645508,18.729999542236328,1413000,0.0,0.0
2025-03-12 00:00:00-04:00,19.1200008392334,20.280000686645508,19.040000915527344,20.09000015258789,1917600,0.0,0.0
2025-03-13 00:00:00-04:00,19.979999542236328,20.280000686645508,19.5,19.860000610351562,1075000,0.0,0.0
2025-03-14 00:00:00-04:00,20.020000457763672,20.469999313354492,19.979999542236328,20.31999969482422,642600,0.0,0.0
2025-03-17 00:00:00-04:00,20.059999465942383,20.15999984741211,19.68000030517578,20.079999923706055,1012300,0.0,0.0
2025-03-18 00:00:00-04:00,20.0,20.290000915527344,19.729999542236328,19.829999923706055,1102900,0.0,0.0
2025-03-19 00:00:00-04:00,20.010000228881836,20.579999923706055,19.829999923706055,20.360000610351562,830800,0.0,0.0
2025-03-20 00:00:00-04:00,20.209999084472656,21.020000457763672,20.200000762939453,20.540000915527344,863900,0.0,0.0
2025-03-21 00:00:00-04:00,20.3799991607666,20.3799991607666,19.950000762939453,20.010000228881836,2439800,0.0,0.0
2025-03-24 00:00:00-04:00,20.329999923706055,20.459999084472656,20.020000457763672,20.3700008392334,889200,0.0,0.0
2025-03-25 00:00:00-04:00,20.260000228881836,20.420000076293945,20.059999465942383,20.25,677600,0.0,0.0
2025-03-26 00:00:00-04:00,20.18000030517578,20.530000686645508,20.049999237060547,20.510000228881836,1029000,0.0,0.0
2025-03-27 00:00:00-04:00,20.299999237060547,20.75,20.290000915527344,20.6200008392334,847100,0.0,0.0
2025-03-28 00:00:00-04:00,20.610000610351562,20.729999542236328,20.100000381469727,20.40999984741211,581100,0.0,0.0
2025-03-31 00:00:00-04:00,19.979999542236328,20.40999984741211,19.709999084472656,20.290000915527344,805700,0.0,0.0
2025-04-01 00:00:00-04:00,20.079999923706055,20.6299991607666,19.829999923706055,20.600000381469727,776100,0.0,0.0
2025-04-02 00:00:00-04:00,20.280000686645508,21.06999969482422,20.280000686645508,20.709999084472656,1038000,0.0,0.0
2025-04-03 00:00:00-04:00,19.809999465942383,20.75,19.520000457763672,20.450000762939453,938800,0.0,0.0
2025-04-04 00:00:00-04:00,19.809999465942383,20.0,19.06999969482422,19.40999984741211,987500,0.0,0.0
2025-04-07 00:00:00-04:00,18.540000915527344,20.149999618530273,18.280000686645508,19.5,1705000,0.0,0.0
2025-04-08 00:00:00-04:00,19.920000076293945,20.190000534057617,18.889999389648438,19.059999465942383,1126300,0.0,0.0
2025-04-09 00:00:00-04:00,19.020000457763672,21.440000534057617,18.969999313354492,20.3799991607666,1607800,0.0,0.0
2025-04-10 00:00:00-04:00,20.0,20.8799991607666,19.389999389648438,20.860000610351562,1146400,0.0,0.0
2025-04-11 00:00:00-04:00,20.950000762939453,21.579999923706055,20.81999969482422,21.479999542236328,1107200,0.0,0.0
2025-04-14 00:00:00-04:00,21.729999542236328,21.8799991607666,21.25,21.510000228881836,752200,0.0,0.0
2025-04-15 00:00:00-04:00,21.5,22.229999542236328,21.40999984741211,22.100000381469727,1217800,0.0,0.0
2025-04-16 00:00:00-04:00,21.969999313354492,22.149999618530273,21.59000015258789,21.950000762939453,764700,0.0,0.0
2025-04-17 00:00:00-04:00,21.8700008392334,22.399999618530273,21.719999313354492,22.209999084472656,707300,0.0,0.0
2025-04-21 00:00:00-04:00,22.219999313354492,22.43000030517578,21.31999969482422,21.510000228881836,1213100,0.0,0.0
2025-04-22 00:00:00-04:00,21.969999313354492,21.969999313354492,21.43000030517578,21.670000076293945,1093200,0.0,0.0
2025-04-23 00:00:00-04:00,21.920000076293945,22.1200008392334,21.3700008392334,21.6299991607666,1239200,0.0,0.0
2025-04-24 00:00:00-04:00,21.670000076293945,22.260000228881836,21.6299991607666,21.889999389648438,1059500,0.0,0.0
2025-04-25 00:00:00-04:00,21.799999237060547,22.579999923706055,21.719999313354492,22.25,2149800,0.0,0.0
2025-04-28 00:00:00-04:00,22.299999237060547,22.700000762939453,21.829999923706055,22.200000762939453,907900,0.0,0.0
2025-04-29 00:00:00-04:00,22.1200008392334,22.8700008392334,22.100000381469727,22.780000686645508,1151200,0.0,0.0
2025-04-30 00:00:00-04:00,22.6200008392334,22.719999313354492,22.030000686645508,22.639999389648438,1103500,0.0,0.0
2025-05-01 00:00:00-04:00,22.610000610351562,23.100000381469727,22.43000030517578,22.790000915527344,702000,0.0,0.0
2025-05-02 00:00:00-04:00,22.93000030517578,23.270000457763672,22.739999771118164,22.889999389648438,979300,0.0,0.0
2025-05-05 00:00:00-04:00,22.940000534057617,23.059999465942383,22.690000534057617,22.959999084472656,619600,0.0,0.0
2025-05-06 00:00:00-04:00,22.56999969482422,23.239999771118164,22.5,23.059999465942383,976300,0.0,0.0
2025-05-07 00:00:00-04:00,22.729999542236328,23.270000457763672,22.299999237060547,22.600000381469727,1992600,0.0,0.0
2025-05-08 00:00:00-04:00,22.979999542236328,23.540000915527344,21.899999618530273,22.020000457763672,2598600,0.0,0.0
2025-05-09 00:00:00-04:00,22.200000762939453,22.329999923706055,21.520000457763672,21.8799991607666,1081200,0.0,0.0
2025-05-12 00:00:00-04:00,22.09000015258789,22.329999923706055,21.389999389648438,21.639999389648438,1105100,0.0,0.0
2025-05-13 00:00:00-04:00,21.670000076293945,22.020000457763672,21.6299991607666,21.719999313354492,687300,0.0,0.0
2025-05-14 00:00:00-04:00,21.729999542236328,21.770000457763672,21.309999465942383,21.56999969482422,711400,0.0,0.0
2025-05-15 00:00:00-04:00,21.739999771118164,22.350000381469727,21.690000534057617,21.920000076293945,1117500,0.0,0.0
2025-05-16 00:00:00-04:00,21.8799991607666,22.0,21.65999984741211,21.889999389648438,748500,0.0,0.0
2025-05-19 00:00:00-04:00,22.079999923706055,22.709999084472656,21.84000015258789,22.709999084472656,855000,0.0,0.0
2025-05-20 00:00:00-04:00,22.760000228881836,23.200000762939453,22.3799991607666,22.56999969482422,877800,0.0,0.0
2025-05-21 00:00:00-04:00,22.309999465942383,22.68000030517578,22.149999618530273,22.350000381469727,817800,0.0,0.0
2025-05-22 00:00:00-04:00,22.5,22.600000381469727,22.219999313354492,22.399999618530273,727000,0.0,0.0
2025-05-23 00:00:00-04:00,22.34000015258789,22.34000015258789,21.979999542236328,22.110000610351562,568300,0.0,0.0
2025-05-27 00:00:00-04:00,22.190000534057617,22.5,22.040000915527344,22.420000076293945,957800,0.0,0.0
2025-05-28 00:00:00-04:00,22.459999084472656,22.5,21.760000228881836,21.889999389648438,910200,0.0,0.0
2025-05-29 00:00:00-04:00,21.90999984741211,21.979999542236328,21.65999984741211,21.920000076293945,504700,0.0,0.0
2025-05-30 00:00:00-04:00,21.920000076293945,22.100000381469727,21.59000015258789,21.959999084472656,1171400,0.0,0.0
2025-06-02 00:00:00-04:00,21.84000015258789,22.25,21.81999969482422,21.920000076293945,744400,0.0,0.0
2025-06-03 00:00:00-04:00,21.989999771118164,22.030000686645508,21.559999465942383,21.950000762939453,858500,0.0,0.0
2025-06-04 00:00:00-04:00,21.8799991607666,22.040000915527344,21.639999389648438,22.0,658300,0.0,0.0
2025-06-05 00:00:00-04:00,21.8700008392334,22.049999237060547,20.700000762939453,21.600000381469727,1279000,0.0,0.0
2025-06-06 00:00:00-04:00,21.780000686645508,22.06999969482422,21.6200008392334,21.979999542236328,572400,0.0,0.0
2025-06-09 00:00:00-04:00,22.299999237060547,22.649999618530273,22.06999969482422,22.290000915527344,1113700,0.0,0.0
2025-06-10 00:00:00-04:00,22.399999618530273,22.420000076293945,21.81999969482422,21.84000015258789,816000,0.0,0.0
2025-06-11 00:00:00-04:00,22.049999237060547,22.270000457763672,21.40999984741211,21.440000534057617,853600,0.0,0.0
2025-06-12 00:00:00-04:00,21.43000030517578,21.6299991607666,21.299999237060547,21.479999542236328,1157700,0.0,0.0
2025-06-13 00:00:00-04:00,21.139999389648438,21.290000915527344,20.3799991607666,20.610000610351562,1197700,0.0,0.0
2025-06-16 00:00:00-04:00,20.770000457763672,20.989999771118164,20.510000228881836,20.729999542236328,1095800,0.0,0.0
2025-06-17 00:00:00-04:00,20.559999465942383,20.690000534057617,20.350000381469727,20.469999313354492,793100,0.0,0.0
2025-06-18 00:00:00-04:00,20.350000381469727,20.65999984741211,20.200000762939453,20.649999618530273,810300,0.0,0.0
2025-06-20 00:00:00-04:00,20.75,20.93000030517578,20.450000762939453,20.489999771118164,1536200,0.0,0.0
2025-06-23 00:00:00-04:00,20.540000915527344,20.579999923706055,20.09000015258789,20.489999771118164,649300,0.0,0.0
2025-06-24 00:00:00-04:00,20.670000076293945,20.709999084472656,20.170000076293945,20.3700008392334,641800,0.0,0.0
2025-06-25 00:00:00-04:00,20.420000076293945,20.5,20.079999923706055,20.100000381469727,445800,0.0,0.0
2025-06-26 00:00:00-04:00,20.18000030517578,20.540000915527344,20.09000015258789,20.520000457763672,560600,0.0,0.0
2025-06-27 00:00:00-04:00,20.610000610351562,20.860000610351562,20.3700008392334,20.770000457763672,1393300,0.0,0.0
2025-06-30 00:00:00-04:00,21.0,21.149999618530273,20.520000457763672,21.06999969482422,965000,0.0,0.0
2025-07-01 00:00:00-04:00,21.06999969482422,21.549999237060547,20.540000915527344,21.059999465942383,1066700,0.0,0.0
2025-07-02 00:00:00-04:00,20.959999084472656,21.040000915527344,20.420000076293945,21.040000915527344,841600,0.0,0.0
2025-07-03 00:00:00-04:00,21.149999618530273,21.729999542236328,20.920000076293945,21.68000030517578,772800,0.0,0.0
2025-07-07 00:00:00-04:00,22.700000762939453,23.190000534057617,21.989999771118164,22.530000686645508,1886300,0.0,0.0
2025-07-08 00:00:00-04:00,22.479999542236328,22.479999542236328,21.6299991607666,22.059999465942383,1212000,0.0,0.0
2025-07-09 00:00:00-04:00,21.989999771118164,22.329999923706055,21.639999389648438,22.290000915527344,951200,0.0,0.0
2025-07-10 00:00:00-04:00,22.15999984741211,22.399999618530273,22.049999237060547,22.229999542236328,722600,0.0,0.0
2025-07-11 00:00:00-04:00,22.15999984741211,22.260000228881836,21.8700008392334,21.940000534057617,644800,0.0,0.0
2025-07-14 00:00:00-04:00,21.989999771118164,22.299999237060547,21.899999618530273,22.09000015258789,986000,0.0,0.0
2025-07-15 00:00:00-04:00,22.0,22.1200008392334,21.25,21.25,908100,0.0,0.0
2025-07-16 00:00:00-04:00,21.329999923706055,21.860000610351562,21.219999313354492,21.399999618530273,923000,0.0,0.0
2025-07-17 00:00:00-04:00,21.260000228881836,21.649999618530273,21.260000228881836,21.34000015258789,1087800,0.0,0.0
2025-07-18 00:00:00-04:00,21.3700008392334,21.469999313354492,20.770000457763672,20.809999465942383,1442300,0.0,0.0
2025-07-21 00:00:00-04:00,20.709999084472656,20.809999465942383,20.170000076293945,20.239999771118164,1418600,0.0,0.0
2025-07-22 00:00:00-04:00,20.170000076293945,20.610000610351562,19.729999542236328,19.729999542236328,1166100,0.0,0.0
2025-07-23 00:00:00-04:00,19.729999542236328,20.020000457763672,19.729999542236328,19.81999969482422,965000,0.0,0.0
2025-07-24 00:00:00-04:00,19.920000076293945,20.06999969482422,19.649999618530273,19.969999313354492,886500,0.0,0.0
2025-07-25 00:00:00-04:00,20.030000686645508,21.020000457763672,19.940000534057617,20.729999542236328,1114600,0.0,0.0
2025-07-28 00:00:00-04:00,20.65999984741211,20.65999984741211,20.100000381469727,20.1200008392334,972900,0.0,0.0
2025-07-29 00:00:00-04:00,20.270000457763672,20.360000610351562,19.81999969482422,19.959999084472656,597900,0.0,0.0
2025-07-30 00:00:00-04:00,19.959999084472656,20.1299991607666,19.59000015258789,19.799999237060547,568100,0.0,0.0
2025-07-31 00:00:00-04:00,19.600000381469727,20.1299991607666,19.450000762939453,20.040000915527344,636600,0.0,0.0
2025-08-01 00:00:00-04:00,19.979999542236328,19.979999542236328,19.450000762939453,19.610000610351562,705300,0.0,0.0
2025-08-04 00:00:00-04:00,19.68000030517578,19.81999969482422,19.270000457763672,19.65999984741211,560100,0.0,0.0
2025-08-05 00:00:00-04:00,19.719999313354492,20.15999984741211,19.520000457763672,20.110000610351562,736300,0.0,0.0
2025-08-06 00:00:00-04:00,20.290000915527344,20.65999984741211,19.479999542236328,19.600000381469727,2237300,0.0,0.0
2025-08-07 00:00:00-04:00,21.530000686645508,21.649999618530273,19.920000076293945,20.0,2005600,0.0,0.0
2025-08-08 00:00:00-04:00,20.190000534057617,21.079999923706055,20.170000076293945,20.5,1575600,0.0,0.0
2025-08-11 00:00:00-04:00,20.56999969482422,20.649999618530273,19.950000762939453,20.190000534057617,895600,0.0,0.0
2025-08-12 00:00:00-04:00,20.290000915527344,20.809999465942383,19.8799991607666,20.700000762939453,1281300,0.0,0.0
2025-08-13 00:00:00-04:00,20.719999313354492,20.8799991607666,20.299999237060547,20.65999984741211,994200,0.0,0.0
2025-08-14 00:00:00-04:00,20.670000076293945,20.719999313354492,20.450000762939453,20.459999084472656,1061900,0.0,0.0
2025-08-15 00:00:00-04:00,20.6299991607666,21.100000381469727,20.399999618530273,20.81999969482422,950900,0.0,0.0
2025-08-18 00:00:00-04:00,20.760000228881836,20.8799991607666,20.559999465942383,20.670000076293945,718000,0.0,0.0
2025-08-19 00:00:00-04:00,20.260000228881836,21.059999465942383,20.020000457763672,21.049999237060547,1397600,0.0,0.0
2025-08-20 00:00:00-04:00,21.149999618530273,21.149999618530273,20.739999771118164,20.979999542236328,1132900,0.0,0.0
2025-08-21 00:00:00-04:00,20.8700008392334,20.90999984741211,20.43000030517578,20.450000762939453,911500,0.0,0.0
2025-08-22 00:00:00-04:00,20.540000915527344,21.06999969482422,20.399999618530273,20.790000915527344,1229400,0.0,0.0
2025-08-25 00:00:00-04:00,20.770000457763672,21.020000457763672,20.43000030517578,20.540000915527344,1150100,0.0,0.0
2025-08-26 00:00:00-04:00,20.440000534057617,20.6299991607666,20.260000228881836,20.3700008392334,1448900,0.0,0.0
2025-08-27 00:00:00-04:00,20.389999389648438,20.690000534057617,20.34000015258789,20.540000915527344,617300,0.0,0.0
2025-08-28 00:00:00-04:00,20.540000915527344,20.540000915527344,20.110000610351562,20.18000030517578,642400,0.0,0.0
2025-08-29 00:00:00-04:00,20.100000381469727,20.3700008392334,19.93000030517578,20.280000686645508,1119600,0.0,0.0
2025-09-02 00:00:00-04:00,20.18000030517578,20.229999542236328,19.809999465942383,20.110000610351562,495200,0.0,0.0
2025-09-03 00:00:00-04:00,20.040000915527344,20.280000686645508,19.950000762939453,20.059999465942383,748200,0.0,0.0
2025-09-04 00:00:00-04:00,20.110000610351562,20.110000610351562,19.75,19.8700008392334,541700,0.0,0.0
2025-09-05 00:00:00-04:00,19.780000686645508,19.8799991607666,19.530000686645508,19.670000076293945,685200,0.0,0.0
2025-09-08 00:00:00-04:00,19.59000015258789,19.700000762939453,19.389999389648438,19.6200008392334,1049500,0.0,0.0
2025-09-09 00:00:00-04:00,19.600000381469727,20.530000686645508,19.510000228881836,20.43000030517578,1004100,0.0,0.0
2025-09-10 00:00:00-04:00,20.399999618530273,20.649999618530273,20.200000762939453,20.329999923706055,831600,0.0,0.0
2025-09-11 00:00:00-04:00,20.329999923706055,21.450000762939453,20.299999237060547,21.420000076293945,1426900,0.0,0.0
2025-09-12 00:00:00-04:00,21.290000915527344,21.420000076293945,20.989999771118164,21.100000381469727,1089300,0.0,0.0
2025-09-15 00:00:00-04:00,21.020000457763672,21.420000076293945,20.739999771118164,20.969999313354492,1024400,0.0,0.0
2025-09-16 00:00:00-04:00,20.90999984741211,21.010000228881836,20.530000686645508,20.6299991607666,699200,0.0,0.0
2025-09-17 00:00:00-04:00,20.739999771118164,21.030000686645508,20.600000381469727,20.670000076293945,849400,0.0,0.0
2025-09-18 00:00:00-04:00,20.639999389648438,21.030000686645508,20.639999389648438,20.93000030517578,792100,0.0,0.0
2025-09-19 00:00:00-04:00,21.0,21.170000076293945,20.809999465942383,20.90999984741211,2316400,0.0,0.0
2025-09-22 00:00:00-04:00,20.90999984741211,21.190000534057617,20.729999542236328,21.149999618530273,988700,0.0,0.0
2025-09-23 00:00:00-04:00,21.149999618530273,21.84000015258789,21.149999618530273,21.229999542236328,1042300,0.0,0.0
2025-09-24 00:00:00-04:00,21.1299991607666,21.68000030517578,21.1299991607666,21.540000915527344,832000,0.0,0.0
2025-09-25 00:00:00-04:00,21.6200008392334,21.75,21.270000457763672,21.3799991607666,1017700,0.0,0.0
2025-09-26 00:00:00-04:00,21.43000030517578,21.760000228881836,21.40999984741211,21.549999237060547,519900,0.0,0.0
2025-09-29 00:00:00-04:00,22.100000381469727,22.459999084472656,21.389999389648438,21.540000915527344,1214700,0.0,0.0
2025-09-30 00:00:00-04:00,21.489999771118164,21.540000915527344,20.31999969482422,20.350000381469727,761100,0.0,0.0
2025-10-01 00:00:00-04:00,20.219999313354492,21.020000457763672,20.0,20.549999237060547,791300,0.0,0.0
2025-10-02 00:00:00-04:00,20.540000915527344,20.559999465942383,19.479999542236328,19.479999542236328,971700,0.0,0.0
2025-10-03 00:00:00-04:00,19.5,20.040000915527344,19.5,19.81999969482422,895600,0.0,0.0
2025-10-06 00:00:00-04:00,19.739999771118164,19.889999389648438,19.030000686645508,19.09000015258789,693100,0.0,0.0
2025-10-07 00:00:00-04:00,19.0,19.100000381469727,18.719999313354492,18.93000030517578,1232900,0.0,0.0
2025-10-08 00:00:00-04:00,19.059999465942383,19.059999465942383,18.610000610351562,18.75,1128000,0.0,0.0
2025-10-09 00:00:00-04:00,18.75,18.790000915527344,18.260000228881836,18.309999465942383,684100,0.0,0.0
2025-10-10 00:00:00-04:00,18.260000228881836,18.579999923706055,17.860000610351562,17.989999771118164,884000,0.0,0.0
2025-10-13 00:00:00-04:00,18.0,18.100000381469727,17.780000686645508,17.93000030517578,962200,0.0,0.0
2025-10-14 00:00:00-04:00,17.950000762939453,18.3700008392334,17.799999237060547,18.170000076293945,1058000,0.0,0.0
2025-10-15 00:00:00-04:00,18.020000457763672,18.34000015258789,17.860000610351562,17.979999542236328,1050100,0.0,0.0
2025-10-16 00:00:00-04:00,17.8799991607666,17.959999084472656,17.579999923706055,17.739999771118164,1273700,0.0,0.0
2025-10-17 00:00:00-04:00,17.729999542236328,17.969999313354492,17.700000762939453,17.959999084472656,685200,0.0,0.0
2025-10-20 00:00:00-04:00,18.0,18.1299991607666,17.760000228881836,18.020000457763672,508000,0.0,0.0
2025-10-21 00:00:00-04:00,18.030000686645508,18.489999771118164,17.969999313354492,18.270000457763672,395000,0.0,0.0
2025-10-22 00:00:00-04:00,18.299999237060547,18.600000381469727,18.229999542236328,18.440000534057617,791600,0.0,0.0
2025-10-23 00:00:00-04:00,18.489999771118164,18.90999984741211,18.389999389648438,18.719999313354492,643400,0.0,0.0
2025-10-24 00:00:00-04:00,18.940000534057617,18.940000534057617,18.56999969482422,18.780000686645508,458400,0.0,0.0
2025-10-27 00:00:00-04:00,18.799999237060547,18.860000610351562,18.520000457763672,18.559999465942383,480800,0.0,0.0
2025-10-28 00:00:00-04:00,18.5,18.530000686645508,18.25,18.3700008392334,562600,0.0,0.0
2025-10-29 00:00:00-04:00,18.15999984741211,19.31999969482422,17.989999771118164,18.65999984741211,1108500,0.0,0.0
2025-10-30 00:00:00-04:00,18.56999969482422,18.700000762939453,18.200000762939453,18.31999969482422,1018600,0.0,0.0
2025-10-31 00:00:00-04:00,18.350000381469727,18.65999984741211,18.219999313354492,18.530000686645508,1145700,0.0,0.0
2025-11-03 00:00:00-05:00,18.489999771118164,19.100000381469727,18.209999084472656,18.850000381469727,925400,0.0,0.0
2025-11-04 00:00:00-05:00,18.81999969482422,18.84000015258789,18.309999465942383,18.43000030517578,553100,0.0,0.0
2025-11-05 00:00:00-05:00,18.389999389648438,19.010000228881836,18.239999771118164,18.639999389648438,1100800,0.0,0.0
2025-11-06 00:00:00-05:00,17.079999923706055,18.110000610351562,16.020000457763672,16.790000915527344,2642800,0.0,0.0
2025-11-07 00:00:00-05:00,16.700000762939453,16.959999084472656,16.280000686645508,16.950000762939453,1922600,0.0,0.0
2025-11-10 00:00:00-05:00,17.59000015258789,18.309999465942383,17.440000534057617,17.450000762939453,1821800,0.0,0.0
2025-11-11 00:00:00-05:00,17.34000015258789,17.469999313354492,17.010000228881836,17.229999542236328,1325100,0.0,0.0
2025-11-12 00:00:00-05:00,17.209999084472656,17.440000534057617,17.049999237060547,17.079999923706055,1299400,0.0,0.0
2025-11-13 00:00:00-05:00,17.010000228881836,17.1299991607666,16.709999084472656,16.75,1279300,0.0,0.0
2025-11-14 00:00:00-05:00,16.850000381469727,17.329999923706055,16.75,17.190000534057617,1185500,0.0,0.0
2025-11-17 00:00:00-05:00,17.100000381469727,17.18000030517578,16.170000076293945,16.219999313354492,1145100,0.0,0.0
2025-11-18 00:00:00-05:00,16.1299991607666,16.34000015258789,15.949999809265137,16.1299991607666,1031700,0.0,0.0
2025-11-19 00:00:00-05:00,16.100000381469727,17.579999923706055,16.079999923706055,16.760000228881836,2170400,0.0,0.0
2025-11-20 00:00:00-05:00,16.770000457763672,17.200000762939453,16.610000610351562,16.709999084472656,1141200,0.0,0.0
2025-11-21 00:00:00-05:00,16.790000915527344,17.280000686645508,16.760000228881836,17.06999969482422,948500,0.0,0.0
2025-11-24 00:00:00-05:00,17.030000686645508,17.43000030517578,17.0,17.34000015258789,1231700,0.0,0.0
2025-11-25 00:00:00-05:00,17.440000534057617,17.84000015258789,17.399999618530273,17.719999313354492,933600,0.0,0.0
2025-11-26 00:00:00-05:00,17.770000457763672,18.100000381469727,17.770000457763672,17.8799991607666,1405600,0.0,0.0
2025-11-28 00:00:00-05:00,17.84000015258789,18.1200008392334,17.84000015258789,18.049999237060547,492900,0.0,0.0
2025-12-01 00:00:00-05:00,17.899999618530273,18.25,17.8700008392334,17.93000030517578,816100,0.0,0.0
2025-12-02 00:00:00-05:00,18.1200008392334,18.40999984741211,17.959999084472656,18.280000686645508,884400,0.0,0.0
2025-12-03 00:00:00-05:00,18.270000457763672,18.649999618530273,18.190000534057617,18.600000381469727,878500,0.0,0.0
2025-12-04 00:00:00-05:00,18.559999465942383,18.709999084472656,18.459999084472656,18.610000610351562,735900,0.0,0.0
2025-12-05 00:00:00-05:00,18.700000762939453,18.940000534057617,18.549999237060547,18.639999389648438,785000,0.0,0.0
2025-12-08 00:00:00-05:00,18.639999389648438,18.8700008392334,18.5,18.579999923706055,985000,0.0,0.0
2025-12-09 00:00:00-05:00,18.700000762939453,18.940000534057617,18.479999542236328,18.780000686645508,885200,0.0,0.0
2025-12-10 00:00:00-05:00,18.780000686645508,18.940000534057617,18.559999465942383,18.59000015258789,1323900,0.0,0.0
2025-12-11 00:00:00-05:00,18.65999984741211,18.979999542236328,18.479999542236328,18.950000762939453,896300,0.0,0.0
2025-12-12 00:00:00-05:00,18.989999771118164,19.149999618530273,18.81999969482422,18.899999618530273,838800,0.0,0.0
2025-12-15 00:00:00-05:00,19.010000228881836,19.200000762939453,18.860000610351562,18.989999771118164,1042400,0.0,0.0
2025-12-16 00:00:00-05:00,19.139999389648438,19.459999084472656,18.969999313354492,19.020000457763672,878700,0.0,0.0
2025-12-17 00:00:00-05:00,18.93000030517578,19.549999237060547,18.899999618530273,19.469999313354492,898700,0.0,0.0
2025-12-18 00:00:00-05:00,19.559999465942383,19.809999465942383,19.559999465942383,19.6200008392334,781000,0.0,0.0
2025-12-19 00:00:00-05:00,19.469999313354492,19.600000381469727,18.93000030517578,18.969999313354492,2858300,0.0,0.0
2025-12-22 00:00:00-05:00,18.950000762939453,19.3700008392334,18.84000015258789,19.34000015258789,1003600,0.0,0.0
2025-12-23 00:00:00-05:00,19.25,19.34000015258789,18.950000762939453,18.989999771118164,703400,0.0,0.0
2025-12-24 00:00:00-05:00,18.899999618530273,19.190000534057617,18.860000610351562,19.100000381469727,329200,0.0,0.0
2025-12-26 00:00:00-05:00,19.049999237060547,19.290000915527344,19.049999237060547,19.219999313354492,520200,0.0,0.0
2025-12-29 00:00:00-05:00,19.1299991607666,19.350000381469727,19.110000610351562,19.350000381469727,580800,0.0,0.0
2025-12-30 00:00:00-05:00,19.280000686645508,19.420000076293945,19.09000015258789,19.1299991607666,649100,0.0,0.0
2025-12-31 00:00:00-05:00,19.219999313354492,19.25,19.010000228881836,19.110000610351562,931100,0.0,0.0
2026-01-02 00:00:00-05:00,19.040000915527344,19.09000015258789,18.860000610351562,19.020000457763672,649800,0.0,0.0
2026-01-05 00:00:00-05:00,18.969999313354492,19.84000015258789,18.969999313354492,19.6200008392334,687900,0.0,0.0
2026-01-06 00:00:00-05:00,19.440000534057617,19.450000762939453,18.56999969482422,18.959999084472656,843200,0.0,0.0
2026-01-07 00:00:00-05:00,19.059999465942383,19.06999969482422,18.68000030517578,18.950000762939453,691200,0.0,0.0
2026-01-08 00:00:00-05:00,18.899999618530273,19.760000228881836,18.84000015258789,19.709999084472656,825100,0.0,0.0
2026-01-09 00:00:00-05:00,19.739999771118164,20.329999923706055,19.739999771118164,20.299999237060547,881300,0.0,0.0
2026-01-12 00:00:00-05:00,20.209999084472656,20.459999084472656,20.100000381469727,20.18000030517578,697200,0.0,0.0
2026-01-13 00:00:00-05:00,20.1299991607666,20.200000762939453,19.90999984741211,19.940000534057617,547600,0.0,0.0
2026-01-14 00:00:00-05:00,19.979999542236328,20.1200008392334,19.450000762939453,19.93000030517578,832400,0.0,0.0
2026-01-15 00:00:00-05:00,19.90999984741211,20.200000762939453,19.649999618530273,19.90999984741211,655600,0.0,0.0
2026-01-16 00:00:00-05:00,19.84000015258789,20.079999923706055,19.719999313354492,20.010000228881836,651200,0.0,0.0
2026-01-20 00:00:00-05:00,19.770000457763672,20.979999542236328,19.68000030517578,20.170000076293945,1861100,0.0,0.0
2026-01-21 00:00:00-05:00,20.139999389648438,20.200000762939453,19.6299991607666,19.860000610351562,1033500,0.0,0.0
2026-01-22 00:00:00-05:00,19.959999084472656,20.290000915527344,19.959999084472656,20.1299991607666,694400,0.0,0.0
2026-01-23 00:00:00-05:00,20.020000457763672,20.200000762939453,19.979999542236328,20.06999969482422,354900,0.0,0.0
2026-01-26 00:00:00-05:00,20.15999984741211,20.200000762939453,18.1200008392334,18.65999984741211,1813600,0.0,0.0
2026-01-27 00:00:00-05:00,18.610000610351562,18.770000457763672,18.43000030517578,18.65999984741211,1190700,0.0,0.0
2026-01-28 00:00:00-05:00,18.65999984741211,18.65999984741211,18.280000686645508,18.469999313354492,987600,0.0,0.0
2026-01-29 00:00:00-05:00,18.479999542236328,18.809999465942383,18.31999969482422,18.75,1160500,0.0,0.0
2026-01-30 00:00:00-05:00,18.600000381469727,18.780000686645508,18.440000534057617,18.530000686645508,1058400,0.0,0.0
2026-02-02 00:00:00-05:00,18.59000015258789,18.75,18.399999618530273,18.510000228881836,1004300,0.0,0.0
2026-02-03 00:00:00-05:00,18.389999389648438,18.700000762939453,18.270000457763672,18.700000762939453,948800,0.0,0.0
2026-02-04 00:00:00-05:00,18.719999313354492,18.719999313354492,18.309999465942383,18.6200008392334,840600,0.0,0.0
2026-02-05 00:00:00-05:00,18.6200008392334,18.8700008392334,18.469999313354492,18.6299991607666,729100,0.0,0.0
2026-02-06 00:00:00-05:00,18.68000030517578,18.850000381469727,18.510000228881836,18.719999313354492,2095800,0.0,0.0
2026-02-09 00:00:00-05:00,18.68000030517578,18.93000030517578,18.350000381469727,18.889999389648438,570800,0.0,0.0
2026-02-10 00:00:00-05:00,18.84000015258789,18.93000030517578,18.65999984741211,18.690000534057617,507000,0.0,0.0
2026-02-11 00:00:00-05:00,18.719999313354492,18.950000762939453,18.43000030517578,18.5,663000,0.0,0.0
2026-02-12 00:00:00-05:00,19.450000762939453,19.690000534057617,16.15999984741211,17.860000610351562,2475100,0.0,0.0
2026-02-13 00:00:00-05:00,18.219999313354492,19.260000228881836,18.06999969482422,18.920000076293945,1829800,0.0,0.0
2026-02-17 00:00:00-05:00,19.229999542236328,19.299999237060547,18.350000381469727,18.690000534057617,888400,0.0,0.0
2026-02-18 00:00:00-05:00,18.639999389648438,18.940000534057617,18.450000762939453,18.559999465942383,762100,0.0,0.0
2026-02-19 00:00:00-05:00,18.540000915527344,18.799999237060547,18.459999084472656,18.65999984741211,754400,0.0,0.0
2026-02-20 00:00:00-05:00,18.520000457763672,18.520000457763672,16.3700008392334,16.739999771118164,3068300,0.0,0.0
2026-02-23 00:00:00-05:00,16.579999923706055,16.6299991607666,15.739999771118164,16.209999084472656,1522600,0.0,0.0
2026-02-24 00:00:00-05:00,16.139999389648438,16.600000381469727,16.09000015258789,16.469999313354492,1032100,0.0,0.0
2026-02-25 00:00:00-05:00,16.5,17.270000457763672,16.239999771118164,17.170000076293945,1127200,0.0,0.0
2026-02-26 00:00:00-05:00,17.229999542236328,17.579999923706055,17.110000610351562,17.479999542236328,1000500,0.0,0.0
2026-02-27 00:00:00-05:00,17.229999542236328,17.899999618530273,17.06999969482422,17.68000030517578,1076700,0.0,0.0
2026-03-02 00:00:00-05:00,17.479999542236328,18.43000030517578,17.459999084472656,18.190000534057617,1296000,0.0,0.0
2026-03-03 00:00:00-05:00,17.90999984741211,18.3799991607666,17.709999084472656,18.34000015258789,1519100,0.0,0.0
2026-03-04 00:00:00-05:00,18.5,18.6200008392334,18.0,18.459999084472656,745000,0.0,0.0
2026-03-05 00:00:00-05:00,18.40999984741211,18.510000228881836,18.09000015258789,18.389999389648438,714100,0.0,0.0
2026-03-06 00:00:00-05:00,18.110000610351562,18.190000534057617,17.690000534057617,18.059999465942383,824300,0.0,0.0
2026-03-09 00:00:00-04:00,17.889999389648438,18.010000228881836,17.440000534057617,17.920000076293945,943400,0.0,0.0
2026-03-10 00:00:00-04:00,17.649999618530273,18.06999969482422,17.149999618530273,17.719999313354492,1132000,0.0,0.0
2026-03-11 00:00:00-04:00,17.860000610351562,17.899999618530273,17.31999969482422,17.489999771118164,1065800,0.0,0.0
2026-03-12 00:00:00-04:00,17.309999465942383,17.8799991607666,17.219999313354492,17.639999389648438,747200,0.0,0.0
2026-03-13 00:00:00-04:00,17.65999984741211,18.219999313354492,17.3799991607666,18.209999084472656,802900,0.0,0.0
2026-03-16 00:00:00-04:00,18.229999542236328,19.229999542236328,17.969999313354492,19.0,1547900,0.0,0.0
2026-03-17 00:00:00-04:00,19.100000381469727,20.309999465942383,19.079999923706055,20.280000686645508,2105100,0.0,0.0
2026-03-18 00:00:00-04:00,20.049999237060547,20.719999313354492,19.780000686645508,20.219999313354492,1492300,0.0,0.0
2026-03-19 00:00:00-04:00,20.149999618530273,20.399999618530273,19.790000915527344,19.90999984741211,1144300,0.0,0.0
2026-03-20 00:00:00-04:00,19.90999984741211,19.90999984741211,19.399999618530273,19.459999084472656,4315000,0.0,0.0
2026-03-23 00:00:00-04:00,19.270000457763672,20.420000076293945,19.270000457763672,20.229999542236328,1468200,0.0,0.0
2026-03-24 00:00:00-04:00,20.549999237060547,20.600000381469727,19.889999389648438,19.940000534057617,2714600,0.0,0.0
2026-03-25 00:00:00-04:00,20.010000228881836,20.440000534057617,19.899999618530273,19.979999542236328,2334500,0.0,0.0
2026-03-26 00:00:00-04:00,19.889999389648438,20.170000076293945,19.739999771118164,19.790000915527344,995700,0.0,0.0
2026-03-27 00:00:00-04:00,19.43000030517578,19.780000686645508,19.329999923706055,19.440000534057617,1299600,0.0,0.0
2026-03-30 00:00:00-04:00,19.420000076293945,19.510000228881836,18.95009994506836,19.06999969482422,736901,0.0,0.0
