Date,Open,High,Low,Close,Volume,Dividends,Stock Splits
2022-01-03 00:00:00-05:00,11.819999694824219,12.399999618530273,11.630000114440918,12.369999885559082,348000,0.0,0.0
2022-01-04 00:00:00-05:00,12.380000114440918,12.380000114440918,11.524999618530273,11.699999809265137,279600,0.0,0.0
2022-01-05 00:00:00-05:00,11.65999984741211,11.996999740600586,11.260000228881836,11.260000228881836,342100,0.0,0.0
2022-01-06 00:00:00-05:00,11.239999771118164,11.550000190734863,11.079999923706055,11.260000228881836,338400,0.0,0.0
2022-01-07 00:00:00-05:00,11.25,11.359999656677246,10.90999984741211,10.960000038146973,322800,0.0,0.0
2022-01-10 00:00:00-05:00,10.960000038146973,11.210000038146973,10.5600004196167,11.109999656677246,279900,0.0,0.0
2022-01-11 00:00:00-05:00,11.399999618530273,12.239999771118164,11.390000343322754,11.989999771118164,577500,0.0,0.0
2022-01-12 00:00:00-05:00,12.149999618530273,12.149999618530273,11.260000228881836,11.3100004196167,267600,0.0,0.0
2022-01-13 00:00:00-05:00,11.710000038146973,11.710000038146973,10.824999809265137,10.890000343322754,316600,0.0,0.0
2022-01-14 00:00:00-05:00,10.645000457763672,11.369999885559082,10.645000457763672,11.329999923706055,376700,0.0,0.0
2022-01-18 00:00:00-05:00,11.300000190734863,11.390000343322754,10.770000457763672,10.90999984741211,409900,0.0,0.0
2022-01-19 00:00:00-05:00,10.890000343322754,11.569999694824219,10.890000343322754,11.079999923706055,299500,0.0,0.0
2022-01-20 00:00:00-05:00,11.109999656677246,11.420000076293945,10.539999961853027,10.649999618530273,357700,0.0,0.0
2022-01-21 00:00:00-05:00,10.770000457763672,10.960000038146973,10.350000381469727,10.369999885559082,487300,0.0,0.0
2022-01-24 00:00:00-05:00,10.199999809265137,10.788000106811523,9.960000038146973,10.699999809265137,624400,0.0,0.0
2022-01-25 00:00:00-05:00,10.529999732971191,11.0600004196167,10.25,10.899999618530273,357500,0.0,0.0
2022-01-26 00:00:00-05:00,11.079999923706055,11.760000228881836,10.930000305175781,11.15999984741211,510800,0.0,0.0
2022-01-27 00:00:00-05:00,11.369999885559082,11.479999542236328,10.489999771118164,10.609999656677246,397300,0.0,0.0
2022-01-28 00:00:00-05:00,10.600000381469727,11.140000343322754,10.300000190734863,11.100000381469727,908200,0.0,0.0
2022-01-31 00:00:00-05:00,10.970000267028809,11.520000457763672,10.6850004196167,11.229999542236328,359800,0.0,0.0
2022-02-01 00:00:00-05:00,11.229999542236328,11.859999656677246,10.904999732971191,11.4399995803833,236300,0.0,0.0
2022-02-02 00:00:00-05:00,11.329999923706055,11.335000038146973,10.829999923706055,10.930000305175781,226900,0.0,0.0
2022-02-03 00:00:00-05:00,10.819999694824219,11.039999961853027,10.449999809265137,10.449999809265137,289500,0.0,0.0
2022-02-04 00:00:00-05:00,10.380000114440918,10.734999656677246,10.119999885559082,10.300000190734863,428300,0.0,0.0
2022-02-07 00:00:00-05:00,10.300000190734863,11.119999885559082,10.300000190734863,10.800000190734863,251400,0.0,0.0
2022-02-08 00:00:00-05:00,10.760000228881836,10.914999961853027,10.380000114440918,10.789999961853027,214100,0.0,0.0
2022-02-09 00:00:00-05:00,10.9399995803833,11.479999542236328,10.899999618530273,11.180000305175781,256400,0.0,0.0
2022-02-10 00:00:00-05:00,10.880000114440918,11.539999961853027,10.638999938964844,10.770000457763672,246300,0.0,0.0
2022-02-11 00:00:00-05:00,10.779999732971191,11.020000457763672,10.600000381469727,10.710000038146973,149700,0.0,0.0
2022-02-14 00:00:00-05:00,10.680000305175781,10.989999771118164,10.40999984741211,10.529999732971191,170600,0.0,0.0
2022-02-15 00:00:00-05:00,10.6899995803833,11.414999961853027,10.6899995803833,11.369999885559082,295200,0.0,0.0
2022-02-16 00:00:00-05:00,11.130000114440918,11.654999732971191,10.899999618530273,11.359999656677246,264400,0.0,0.0
2022-02-17 00:00:00-05:00,11.180000305175781,11.40999984741211,10.819999694824219,10.9399995803833,290800,0.0,0.0
2022-02-18 00:00:00-05:00,10.850000381469727,11.130000114440918,10.680000305175781,10.720000267028809,194100,0.0,0.0
2022-02-22 00:00:00-05:00,10.859999656677246,10.859999656677246,10.350000381469727,10.619999885559082,532000,0.0,0.0
2022-02-23 00:00:00-05:00,10.680000305175781,10.6899995803833,9.989999771118164,9.989999771118164,448700,0.0,0.0
2022-02-24 00:00:00-05:00,9.550000190734863,10.479999542236328,9.5,10.460000038146973,362000,0.0,0.0
2022-02-25 00:00:00-05:00,10.569999694824219,10.640000343322754,10.09000015258789,10.359999656677246,306700,0.0,0.0
2022-02-28 00:00:00-05:00,10.4399995803833,10.729999542236328,10.199999809265137,10.239999771118164,336800,0.0,0.0
2022-03-01 00:00:00-05:00,10.239999771118164,10.880000114440918,10.239999771118164,10.390000343322754,359500,0.0,0.0
2022-03-02 00:00:00-05:00,10.449999809265137,10.739999771118164,10.34000015258789,10.390000343322754,222000,0.0,0.0
2022-03-03 00:00:00-05:00,10.4399995803833,10.4399995803833,9.680000305175781,9.859999656677246,357400,0.0,0.0
2022-03-04 00:00:00-05:00,9.760000228881836,9.90999984741211,9.520000457763672,9.569999694824219,243800,0.0,0.0
2022-03-07 00:00:00-05:00,9.550000190734863,9.904999732971191,9.380000114440918,9.6899995803833,268500,0.0,0.0
2022-03-08 00:00:00-05:00,9.640000343322754,10.1899995803833,9.449999809265137,9.8100004196167,187700,0.0,0.0
2022-03-09 00:00:00-05:00,10.010000228881836,10.3100004196167,9.829999923706055,9.949999809265137,415400,0.0,0.0
2022-03-10 00:00:00-05:00,9.640000343322754,9.90999984741211,9.571999549865723,9.890000343322754,191300,0.0,0.0
2022-03-11 00:00:00-05:00,10.0,10.180000305175781,9.550000190734863,9.640000343322754,271000,0.0,0.0
2022-03-14 00:00:00-04:00,9.59000015258789,9.680000305175781,9.180000305175781,9.300000190734863,604300,0.0,0.0
2022-03-15 00:00:00-04:00,9.399999618530273,9.510000228881836,9.04800033569336,9.5,648200,0.0,0.0
2022-03-16 00:00:00-04:00,9.699999809265137,10.145000457763672,9.489999771118164,10.130000114440918,572900,0.0,0.0
2022-03-17 00:00:00-04:00,10.109999656677246,10.850000381469727,10.005000114440918,10.850000381469727,417500,0.0,0.0
2022-03-18 00:00:00-04:00,10.850000381469727,11.279999732971191,10.789999961853027,10.979999542236328,2065700,0.0,0.0
2022-03-21 00:00:00-04:00,10.960000038146973,10.970000267028809,10.244999885559082,10.279999732971191,281900,0.0,0.0
2022-03-22 00:00:00-04:00,10.329999923706055,10.550000190734863,10.1850004196167,10.350000381469727,153700,0.0,0.0
2022-03-23 00:00:00-04:00,10.25,10.25,9.899999618530273,9.930000305175781,335900,0.0,0.0
2022-03-24 00:00:00-04:00,10.140000343322754,10.15999984741211,9.739999771118164,9.949999809265137,347700,0.0,0.0
2022-03-25 00:00:00-04:00,9.960000038146973,9.960000038146973,9.65999984741211,9.699999809265137,279400,0.0,0.0
2022-03-28 00:00:00-04:00,9.6899995803833,9.8100004196167,9.579999923706055,9.8100004196167,237400,0.0,0.0
2022-03-29 00:00:00-04:00,9.90999984741211,10.319999694824219,9.899999618530273,10.09000015258789,288300,0.0,0.0
2022-03-30 00:00:00-04:00,10.09000015258789,10.364999771118164,9.9399995803833,10.020000457763672,159900,0.0,0.0
2022-03-31 00:00:00-04:00,9.989999771118164,10.279999732971191,9.930000305175781,9.9399995803833,105900,0.0,0.0
2022-04-01 00:00:00-04:00,9.970000267028809,10.9399995803833,9.970000267028809,10.75,253100,0.0,0.0
2022-04-04 00:00:00-04:00,10.770000457763672,11.130000114440918,10.649999618530273,10.90999984741211,217800,0.0,0.0
2022-04-05 00:00:00-04:00,10.729999542236328,11.180000305175781,10.675999641418457,10.869999885559082,260000,0.0,0.0
2022-04-06 00:00:00-04:00,10.75,11.1899995803833,10.579999923706055,11.119999885559082,122700,0.0,0.0
2022-04-07 00:00:00-04:00,11.050000190734863,11.25,10.970000267028809,11.100000381469727,160700,0.0,0.0
2022-04-08 00:00:00-04:00,11.220000267028809,11.489999771118164,10.949999809265137,11.40999984741211,304800,0.0,0.0
2022-04-11 00:00:00-04:00,11.220000267028809,11.359999656677246,10.779999732971191,10.819999694824219,324500,0.0,0.0
2022-04-12 00:00:00-04:00,10.90999984741211,11.0,10.399999618530273,10.4399995803833,286100,0.0,0.0
2022-04-13 00:00:00-04:00,10.34000015258789,11.140000343322754,10.3100004196167,11.100000381469727,203500,0.0,0.0
2022-04-14 00:00:00-04:00,11.109999656677246,11.289999961853027,10.949999809265137,11.229999542236328,123300,0.0,0.0
2022-04-18 00:00:00-04:00,11.170000076293945,11.170000076293945,10.430000305175781,10.520000457763672,160100,0.0,0.0
2022-04-19 00:00:00-04:00,10.569999694824219,11.149999618530273,10.220000267028809,11.069999694824219,203200,0.0,0.0
2022-04-20 00:00:00-04:00,11.119999885559082,11.239999771118164,10.729999542236328,11.0,116200,0.0,0.0
2022-04-21 00:00:00-04:00,11.119999885559082,11.229999542236328,10.180000305175781,10.25,265200,0.0,0.0
2022-04-22 00:00:00-04:00,9.84000015258789,10.34000015258789,9.84000015258789,10.079999923706055,270000,0.0,0.0
2022-04-25 00:00:00-04:00,10.0,10.1850004196167,9.59000015258789,10.180000305175781,329900,0.0,0.0
2022-04-26 00:00:00-04:00,10.029999732971191,10.359999656677246,9.970000267028809,9.989999771118164,285400,0.0,0.0
2022-04-27 00:00:00-04:00,9.960000038146973,10.260000228881836,9.755000114440918,9.920000076293945,264000,0.0,0.0
2022-04-28 00:00:00-04:00,10.0,10.039999961853027,9.270000457763672,9.770000457763672,241300,0.0,0.0
2022-04-29 00:00:00-04:00,9.630000114440918,9.979999542236328,9.239999771118164,9.329999923706055,291600,0.0,0.0
2022-05-02 00:00:00-04:00,9.25,9.710000038146973,9.03499984741211,9.40999984741211,278400,0.0,0.0
2022-05-03 00:00:00-04:00,9.390000343322754,10.395000457763672,9.15999984741211,10.109999656677246,589900,0.0,0.0
2022-05-04 00:00:00-04:00,10.119999885559082,10.359999656677246,9.6899995803833,9.890000343322754,307100,0.0,0.0
2022-05-05 00:00:00-04:00,9.729999542236328,9.899999618530273,9.09000015258789,9.279999732971191,278200,0.0,0.0
2022-05-06 00:00:00-04:00,9.319999694824219,9.350000381469727,8.770000457763672,8.770000457763672,189100,0.0,0.0
2022-05-09 00:00:00-04:00,8.420000076293945,8.760000228881836,7.849999904632568,7.900000095367432,377000,0.0,0.0
2022-05-10 00:00:00-04:00,8.15999984741211,8.529999732971191,7.920000076293945,8.029999732971191,354900,0.0,0.0
2022-05-11 00:00:00-04:00,7.980000019073486,8.119999885559082,7.559999942779541,7.760000228881836,369200,0.0,0.0
2022-05-12 00:00:00-04:00,7.659999847412109,8.180000305175781,7.627999782562256,7.989999771118164,225500,0.0,0.0
2022-05-13 00:00:00-04:00,8.220000267028809,8.789999961853027,8.109999656677246,8.220000267028809,341500,0.0,0.0
2022-05-16 00:00:00-04:00,8.220000267028809,8.550000190734863,8.0,8.350000381469727,194600,0.0,0.0
2022-05-17 00:00:00-04:00,8.489999771118164,8.760000228881836,8.28499984741211,8.699999809265137,304500,0.0,0.0
2022-05-18 00:00:00-04:00,8.489999771118164,8.880000114440918,7.929999828338623,8.0600004196167,296500,0.0,0.0
2022-05-19 00:00:00-04:00,7.96999979019165,8.319999694824219,7.840000152587891,8.180000305175781,312400,0.0,0.0
2022-05-20 00:00:00-04:00,8.319999694824219,8.680000305175781,8.039999961853027,8.640000343322754,276900,0.0,0.0
2022-05-23 00:00:00-04:00,8.710000038146973,8.710000038146973,8.390000343322754,8.460000038146973,204600,0.0,0.0
2022-05-24 00:00:00-04:00,8.390000343322754,8.529999732971191,8.119999885559082,8.380000114440918,126900,0.0,0.0
2022-05-25 00:00:00-04:00,8.270000457763672,8.390000343322754,8.050000190734863,8.140000343322754,152400,0.0,0.0
2022-05-26 00:00:00-04:00,8.1899995803833,8.279999732971191,7.900000095367432,7.909999847412109,204400,0.0,0.0
2022-05-27 00:00:00-04:00,7.909999847412109,8.170000076293945,7.670000076293945,8.069999694824219,215300,0.0,0.0
2022-05-31 00:00:00-04:00,8.020000457763672,8.1899995803833,7.579999923706055,7.659999847412109,270800,0.0,0.0
2022-06-01 00:00:00-04:00,8.079999923706055,8.079999923706055,7.360000133514404,7.599999904632568,345900,0.0,0.0
2022-06-02 00:00:00-04:00,7.599999904632568,7.829999923706055,7.449999809265137,7.679999828338623,225700,0.0,0.0
2022-06-03 00:00:00-04:00,7.679999828338623,8.109999656677246,7.650000095367432,8.0,276400,0.0,0.0
2022-06-06 00:00:00-04:00,8.119999885559082,8.229999542236328,7.949999809265137,8.149999618530273,239300,0.0,0.0
2022-06-07 00:00:00-04:00,8.0600004196167,8.680000305175781,8.050000190734863,8.649999618530273,390300,0.0,0.0
2022-06-08 00:00:00-04:00,8.539999961853027,9.170000076293945,8.4399995803833,8.579999923706055,259500,0.0,0.0
2022-06-09 00:00:00-04:00,8.520000457763672,8.850000381469727,8.4399995803833,8.680000305175781,240100,0.0,0.0
2022-06-10 00:00:00-04:00,8.489999771118164,8.604999542236328,8.1850004196167,8.359999656677246,161500,0.0,0.0
2022-06-13 00:00:00-04:00,8.09000015258789,8.239999771118164,7.800000190734863,8.130000114440918,250700,0.0,0.0
2022-06-14 00:00:00-04:00,8.239999771118164,8.34000015258789,7.949999809265137,8.289999961853027,143100,0.0,0.0
2022-06-15 00:00:00-04:00,8.289999961853027,8.819999694824219,8.083999633789062,8.539999961853027,361000,0.0,0.0
2022-06-16 00:00:00-04:00,8.300000190734863,8.345000267028809,7.940000057220459,8.09000015258789,258000,0.0,0.0
2022-06-17 00:00:00-04:00,8.260000228881836,9.180000305175781,8.140000343322754,9.119999885559082,672200,0.0,0.0
2022-06-21 00:00:00-04:00,8.984999656677246,10.329999923706055,8.984999656677246,10.079999923706055,598900,0.0,0.0
2022-06-22 00:00:00-04:00,9.880000114440918,10.479999542236328,9.54800033569336,10.109999656677246,343200,0.0,0.0
2022-06-23 00:00:00-04:00,10.100000381469727,10.710000038146973,9.979999542236328,10.680000305175781,504000,0.0,0.0
2022-06-24 00:00:00-04:00,10.569999694824219,10.960000038146973,10.164999961853027,10.300000190734863,590300,0.0,0.0
2022-06-27 00:00:00-04:00,10.350000381469727,10.579999923706055,10.062000274658203,10.34000015258789,162800,0.0,0.0
2022-06-28 00:00:00-04:00,10.319999694824219,10.359999656677246,9.65999984741211,9.789999961853027,299400,0.0,0.0
2022-06-29 00:00:00-04:00,9.6899995803833,10.010000228881836,9.579999923706055,9.880000114440918,112700,0.0,0.0
2022-06-30 00:00:00-04:00,9.680000305175781,9.9399995803833,9.585000038146973,9.6899995803833,112900,0.0,0.0
2022-07-01 00:00:00-04:00,9.6899995803833,10.260000228881836,9.6899995803833,10.119999885559082,172800,0.0,0.0
2022-07-05 00:00:00-04:00,10.039999961853027,11.119000434875488,9.854999542236328,11.069999694824219,266700,0.0,0.0
2022-07-06 00:00:00-04:00,11.0600004196167,11.430000305175781,10.864999771118164,11.119999885559082,257600,0.0,0.0
2022-07-07 00:00:00-04:00,11.239999771118164,11.649999618530273,11.119999885559082,11.270000457763672,172700,0.0,0.0
2022-07-08 00:00:00-04:00,11.09000015258789,11.350000381469727,10.619999885559082,11.069999694824219,213400,0.0,0.0
2022-07-11 00:00:00-04:00,10.920000076293945,11.020000457763672,10.380000114440918,10.430000305175781,135600,0.0,0.0
2022-07-12 00:00:00-04:00,10.390000343322754,10.529999732971191,9.779999732971191,10.430000305175781,320800,0.0,0.0
2022-07-13 00:00:00-04:00,10.300000190734863,10.989999771118164,10.300000190734863,10.880000114440918,512900,0.0,0.0
2022-07-14 00:00:00-04:00,10.84000015258789,11.430000305175781,10.84000015258789,11.180000305175781,365500,0.0,0.0
2022-07-15 00:00:00-04:00,11.369999885559082,11.369999885559082,10.880000114440918,11.25,137700,0.0,0.0
2022-07-18 00:00:00-04:00,11.380000114440918,11.869999885559082,11.15999984741211,11.300000190734863,436500,0.0,0.0
2022-07-19 00:00:00-04:00,11.470000267028809,11.529999732971191,10.890000343322754,11.460000038146973,488400,0.0,0.0
2022-07-20 00:00:00-04:00,11.460000038146973,11.84000015258789,11.100000381469727,11.59000015258789,282800,0.0,0.0
2022-07-21 00:00:00-04:00,11.4399995803833,11.859999656677246,11.199999809265137,11.65999984741211,200900,0.0,0.0
2022-07-22 00:00:00-04:00,11.680000305175781,11.680000305175781,10.899999618530273,10.979999542236328,123200,0.0,0.0
2022-07-25 00:00:00-04:00,11.050000190734863,11.170000076293945,10.579999923706055,10.960000038146973,206300,0.0,0.0
2022-07-26 00:00:00-04:00,10.890000343322754,11.119999885559082,10.569999694824219,10.899999618530273,193300,0.0,0.0
2022-07-27 00:00:00-04:00,11.039999961853027,11.039999961853027,10.399999618530273,10.670000076293945,221200,0.0,0.0
2022-07-28 00:00:00-04:00,10.729999542236328,10.729999542236328,10.119999885559082,10.289999961853027,132200,0.0,0.0
2022-07-29 00:00:00-04:00,10.210000038146973,10.359999656677246,9.75,9.90999984741211,272100,0.0,0.0
2022-08-01 00:00:00-04:00,9.760000228881836,10.140000343322754,9.630000114440918,9.760000228881836,251300,0.0,0.0
2022-08-02 00:00:00-04:00,9.670000076293945,10.170000076293945,9.640000343322754,9.970000267028809,154200,0.0,0.0
2022-08-03 00:00:00-04:00,10.579999923706055,11.680000305175781,10.239999771118164,10.680000305175781,2102100,0.0,0.0
2022-08-04 00:00:00-04:00,10.819999694824219,11.920000076293945,10.729999542236328,11.6899995803833,1277600,0.0,0.0
2022-08-05 00:00:00-04:00,11.640000343322754,13.75,11.489999771118164,13.40999984741211,938700,0.0,0.0
2022-08-08 00:00:00-04:00,13.399999618530273,13.40999984741211,12.670000076293945,12.949999809265137,543100,0.0,0.0
2022-08-09 00:00:00-04:00,12.539999961853027,13.130000114440918,12.260000228881836,12.829999923706055,484700,0.0,0.0
2022-08-10 00:00:00-04:00,13.020000457763672,13.220000267028809,12.640000343322754,12.920000076293945,344000,0.0,0.0
2022-08-11 00:00:00-04:00,12.899999618530273,12.979999542236328,11.869999885559082,12.15999984741211,351100,0.0,0.0
2022-08-12 00:00:00-04:00,12.220000267028809,12.640000343322754,11.984999656677246,12.40999984741211,404900,0.0,0.0
2022-08-15 00:00:00-04:00,12.34000015258789,12.5,12.119999885559082,12.460000038146973,281400,0.0,0.0
2022-08-16 00:00:00-04:00,12.489999771118164,12.489999771118164,12.039999961853027,12.180000305175781,222900,0.0,0.0
2022-08-17 00:00:00-04:00,12.100000381469727,12.180000305175781,11.8100004196167,11.979999542236328,175900,0.0,0.0
2022-08-18 00:00:00-04:00,11.890000343322754,12.0,11.510000228881836,11.640000343322754,258300,0.0,0.0
2022-08-19 00:00:00-04:00,11.529999732971191,11.859999656677246,11.470000267028809,11.649999618530273,168700,0.0,0.0
2022-08-22 00:00:00-04:00,11.550000190734863,11.848999977111816,11.319999694824219,11.420000076293945,178900,0.0,0.0
2022-08-23 00:00:00-04:00,11.390000343322754,11.65999984741211,11.270000457763672,11.569999694824219,201500,0.0,0.0
2022-08-24 00:00:00-04:00,11.729999542236328,12.779999732971191,11.569999694824219,12.65999984741211,288500,0.0,0.0
2022-08-25 00:00:00-04:00,12.739999771118164,12.989999771118164,12.520000457763672,12.789999961853027,243900,0.0,0.0
2022-08-26 00:00:00-04:00,12.770000457763672,12.789999961853027,12.050000190734863,12.220000267028809,160500,0.0,0.0
2022-08-29 00:00:00-04:00,11.979999542236328,12.520000457763672,11.800000190734863,11.800000190734863,160200,0.0,0.0
2022-08-30 00:00:00-04:00,11.84000015258789,11.84000015258789,11.300000190734863,11.5,214900,0.0,0.0
2022-08-31 00:00:00-04:00,11.609999656677246,11.930000305175781,11.600000381469727,11.720000267028809,172700,0.0,0.0
2022-09-01 00:00:00-04:00,11.59000015258789,12.069999694824219,11.4399995803833,11.970000267028809,159600,0.0,0.0
2022-09-02 00:00:00-04:00,12.069999694824219,12.069999694824219,11.350000381469727,11.4399995803833,226900,0.0,0.0
2022-09-06 00:00:00-04:00,11.380000114440918,11.380000114440918,11.029999732971191,11.0600004196167,299500,0.0,0.0
2022-09-07 00:00:00-04:00,11.260000228881836,11.609999656677246,11.020000457763672,11.5600004196167,230400,0.0,0.0
2022-09-08 00:00:00-04:00,11.4399995803833,11.619999885559082,11.0649995803833,11.180000305175781,244400,0.0,0.0
2022-09-09 00:00:00-04:00,11.180000305175781,11.220000267028809,10.8100004196167,10.920000076293945,262400,0.0,0.0
2022-09-12 00:00:00-04:00,11.149999618530273,11.350000381469727,10.899999618530273,11.029999732971191,254600,0.0,0.0
2022-09-13 00:00:00-04:00,10.720000267028809,10.880000114440918,10.239999771118164,10.539999961853027,241900,0.0,0.0
2022-09-14 00:00:00-04:00,10.539999961853027,10.819999694824219,10.329999923706055,10.770000457763672,246900,0.0,0.0
2022-09-15 00:00:00-04:00,10.680000305175781,10.8100004196167,10.34000015258789,10.470000267028809,269100,0.0,0.0
2022-09-16 00:00:00-04:00,10.229999542236328,10.6899995803833,10.135000228881836,10.529999732971191,545700,0.0,0.0
2022-09-19 00:00:00-04:00,10.460000038146973,10.720000267028809,10.15999984741211,10.59000015258789,213900,0.0,0.0
2022-09-20 00:00:00-04:00,10.600000381469727,11.369999885559082,10.34000015258789,11.279999732971191,298600,0.0,0.0
2022-09-21 00:00:00-04:00,11.329999923706055,11.720000267028809,11.085000038146973,11.220000267028809,260800,0.0,0.0
2022-09-22 00:00:00-04:00,11.220000267028809,11.529999732971191,11.039999961853027,11.449999809265137,172600,0.0,0.0
2022-09-23 00:00:00-04:00,11.350000381469727,11.375,10.789999961853027,10.930000305175781,155100,0.0,0.0
2022-09-26 00:00:00-04:00,10.859999656677246,11.460000038146973,10.859999656677246,11.0600004196167,201600,0.0,0.0
2022-09-27 00:00:00-04:00,11.180000305175781,11.59000015258789,11.095000267028809,11.510000228881836,235300,0.0,0.0
2022-09-28 00:00:00-04:00,11.729999542236328,12.09000015258789,11.710000038146973,11.970000267028809,187600,0.0,0.0
2022-09-29 00:00:00-04:00,11.75,12.010000228881836,11.619999885559082,11.960000038146973,174400,0.0,0.0
2022-09-30 00:00:00-04:00,11.869999885559082,13.03499984741211,11.859999656677246,12.84000015258789,668900,0.0,0.0
2022-10-03 00:00:00-04:00,12.920000076293945,13.579999923706055,12.819999694824219,13.4399995803833,732300,0.0,0.0
2022-10-04 00:00:00-04:00,13.600000381469727,14.270000457763672,13.593999862670898,14.229999542236328,612300,0.0,0.0
2022-10-05 00:00:00-04:00,14.100000381469727,14.390000343322754,13.270000457763672,13.8100004196167,358300,0.0,0.0
2022-10-06 00:00:00-04:00,13.699999809265137,14.170000076293945,13.699999809265137,14.029999732971191,256300,0.0,0.0
2022-10-07 00:00:00-04:00,13.890000343322754,14.0,13.562000274658203,13.890000343322754,277900,0.0,0.0
2022-10-10 00:00:00-04:00,13.859999656677246,14.5,13.699999809265137,13.989999771118164,677800,0.0,0.0
2022-10-11 00:00:00-04:00,13.989999771118164,14.380000114440918,12.850000381469727,13.15999984741211,968800,0.0,0.0
2022-10-12 00:00:00-04:00,13.4399995803833,13.630000114440918,12.989999771118164,13.569999694824219,495300,0.0,0.0
2022-10-13 00:00:00-04:00,13.279999732971191,14.010000228881836,12.869999885559082,13.880000114440918,227700,0.0,0.0
2022-10-14 00:00:00-04:00,13.920000076293945,14.149999618530273,13.460000038146973,13.569999694824219,178300,0.0,0.0
2022-10-17 00:00:00-04:00,13.710000038146973,13.890000343322754,13.199999809265137,13.270000457763672,199800,0.0,0.0
2022-10-18 00:00:00-04:00,13.40999984741211,13.579999923706055,13.029999732971191,13.069999694824219,210200,0.0,0.0
2022-10-19 00:00:00-04:00,13.0,13.109999656677246,12.15999984741211,12.460000038146973,285000,0.0,0.0
2022-10-20 00:00:00-04:00,12.449999809265137,12.699999809265137,12.239999771118164,12.319999694824219,170400,0.0,0.0
2022-10-21 00:00:00-04:00,12.4399995803833,12.779999732971191,12.1899995803833,12.510000228881836,199200,0.0,0.0
2022-10-24 00:00:00-04:00,12.369999885559082,12.605999946594238,12.100000381469727,12.180000305175781,198000,0.0,0.0
2022-10-25 00:00:00-04:00,12.170000076293945,12.3100004196167,11.949999809265137,12.09000015258789,222500,0.0,0.0
2022-10-26 00:00:00-04:00,12.079999923706055,12.524999618530273,12.0,12.09000015258789,215700,0.0,0.0
2022-10-27 00:00:00-04:00,12.15999984741211,12.15999984741211,11.399999618530273,11.460000038146973,282200,0.0,0.0
2022-10-28 00:00:00-04:00,11.5,11.720000267028809,11.199999809265137,11.720000267028809,377500,0.0,0.0
2022-10-31 00:00:00-04:00,11.75,11.930000305175781,11.350000381469727,11.420000076293945,398400,0.0,0.0
2022-11-01 00:00:00-04:00,12.770000457763672,13.369999885559082,12.0,12.800000190734863,1278200,0.0,0.0
2022-11-02 00:00:00-04:00,12.789999961853027,13.050000190734863,12.210000038146973,12.399999618530273,605800,0.0,0.0
2022-11-03 00:00:00-04:00,12.4399995803833,13.3100004196167,12.288999557495117,13.239999771118164,476000,0.0,0.0
2022-11-04 00:00:00-04:00,13.449999809265137,14.420000076293945,13.449999809265137,13.895000457763672,489300,0.0,0.0
2022-11-07 00:00:00-05:00,13.899999618530273,15.470000267028809,13.899999618530273,15.239999771118164,861800,0.0,0.0
2022-11-08 00:00:00-05:00,15.220000267028809,15.260000228881836,14.359999656677246,14.640000343322754,608900,0.0,0.0
2022-11-09 00:00:00-05:00,14.619999885559082,15.779999732971191,14.529999732971191,14.890000343322754,376700,0.0,0.0
2022-11-10 00:00:00-05:00,15.109999656677246,15.289999961853027,14.520000457763672,14.890000343322754,354800,0.0,0.0
2022-11-11 00:00:00-05:00,14.949999809265137,15.40999984741211,14.579999923706055,15.390000343322754,388000,0.0,0.0
2022-11-14 00:00:00-05:00,15.6899995803833,16.399999618530273,15.520000457763672,15.59000015258789,546000,0.0,0.0
2022-11-15 00:00:00-05:00,15.880000114440918,16.239999771118164,15.350000381469727,15.760000228881836,395500,0.0,0.0
2022-11-16 00:00:00-05:00,15.760000228881836,16.66699981689453,15.520000457763672,15.850000381469727,332400,0.0,0.0
2022-11-17 00:00:00-05:00,15.789999961853027,16.170000076293945,15.40999984741211,15.720000267028809,233800,0.0,0.0
2022-11-18 00:00:00-05:00,15.979999542236328,16.610000610351562,15.545000076293945,16.110000610351562,236400,0.0,0.0
2022-11-21 00:00:00-05:00,16.030000686645508,16.229999542236328,15.819999694824219,15.9399995803833,237800,0.0,0.0
2022-11-22 00:00:00-05:00,15.890000343322754,16.229999542236328,15.109999656677246,15.859999656677246,294500,0.0,0.0
2022-11-23 00:00:00-05:00,16.020000457763672,16.780000686645508,15.539999961853027,15.600000381469727,332900,0.0,0.0
2022-11-25 00:00:00-05:00,15.529999732971191,16.239999771118164,15.229999542236328,15.760000228881836,157800,0.0,0.0
2022-11-28 00:00:00-05:00,15.75,16.1200008392334,15.529999732971191,15.84000015258789,226100,0.0,0.0
2022-11-29 00:00:00-05:00,15.859999656677246,16.280000686645508,15.760000228881836,16.09000015258789,220500,0.0,0.0
2022-11-30 00:00:00-05:00,16.229999542236328,16.93000030517578,15.9399995803833,16.829999923706055,473300,0.0,0.0
2022-12-01 00:00:00-05:00,16.780000686645508,17.19499969482422,16.610000610351562,17.049999237060547,280800,0.0,0.0
2022-12-02 00:00:00-05:00,16.780000686645508,16.899999618530273,16.1200008392334,16.670000076293945,256100,0.0,0.0
2022-12-05 00:00:00-05:00,16.889999389648438,16.889999389648438,15.579999923706055,15.729999542236328,286700,0.0,0.0
2022-12-06 00:00:00-05:00,15.649999618530273,15.789999961853027,15.350000381469727,15.359999656677246,224900,0.0,0.0
2022-12-07 00:00:00-05:00,15.34000015258789,15.539999961853027,15.109999656677246,15.34000015258789,190500,0.0,0.0
2022-12-08 00:00:00-05:00,15.40999984741211,15.40999984741211,14.949999809265137,15.239999771118164,201600,0.0,0.0
2022-12-09 00:00:00-05:00,15.180000305175781,15.779999732971191,14.899999618530273,15.600000381469727,358900,0.0,0.0
2022-12-12 00:00:00-05:00,15.609999656677246,16.204999923706055,15.5,15.65999984741211,417700,0.0,0.0
2022-12-13 00:00:00-05:00,16.030000686645508,16.184999465942383,15.720000267028809,15.850000381469727,318100,0.0,0.0
2022-12-14 00:00:00-05:00,15.84000015258789,16.100000381469727,15.329999923706055,15.640000343322754,623400,0.0,0.0
2022-12-15 00:00:00-05:00,15.390000343322754,16.149999618530273,15.34000015258789,15.779999732971191,369500,0.0,0.0
2022-12-16 00:00:00-05:00,15.739999771118164,16.049999237060547,15.59000015258789,15.869999885559082,1703300,0.0,0.0
2022-12-19 00:00:00-05:00,15.859999656677246,15.859999656677246,14.640000343322754,14.819999694824219,361600,0.0,0.0
2022-12-20 00:00:00-05:00,14.710000038146973,15.579999923706055,14.595000267028809,15.470000267028809,335700,0.0,0.0
2022-12-21 00:00:00-05:00,15.489999771118164,15.710000038146973,15.09000015258789,15.430000305175781,294500,0.0,0.0
2022-12-22 00:00:00-05:00,15.380000114440918,15.670000076293945,14.710000038146973,15.619999885559082,202600,0.0,0.0
2022-12-23 00:00:00-05:00,15.729999542236328,15.920000076293945,15.319999694824219,15.460000038146973,220900,0.0,0.0
2022-12-27 00:00:00-05:00,15.460000038146973,15.520000457763672,14.930000305175781,14.970000267028809,196300,0.0,0.0
2022-12-28 00:00:00-05:00,15.0,15.244999885559082,14.75,14.880000114440918,238900,0.0,0.0
2022-12-29 00:00:00-05:00,14.970000267028809,15.649999618530273,14.90999984741211,15.359999656677246,230200,0.0,0.0
2022-12-30 00:00:00-05:00,15.279999732971191,15.515000343322754,14.755000114440918,14.979999542236328,446300,0.0,0.0
2023-01-03 00:00:00-05:00,15.109999656677246,15.210000038146973,14.319999694824219,14.4399995803833,276900,0.0,0.0
2023-01-04 00:00:00-05:00,14.529999732971191,15.145000457763672,14.140000343322754,14.970000267028809,351500,0.0,0.0
2023-01-05 00:00:00-05:00,14.90999984741211,15.479999542236328,14.90999984741211,15.40999984741211,314200,0.0,0.0
2023-01-06 00:00:00-05:00,15.6899995803833,16.399999618530273,15.380000114440918,15.789999961853027,376800,0.0,0.0
2023-01-09 00:00:00-05:00,15.880000114440918,15.880000114440918,14.199999809265137,14.5600004196167,533600,0.0,0.0
2023-01-10 00:00:00-05:00,14.65999984741211,15.039999961853027,14.510000228881836,14.850000381469727,674200,0.0,0.0
2023-01-11 00:00:00-05:00,14.779999732971191,15.0,14.579999923706055,14.729999542236328,320900,0.0,0.0
2023-01-12 00:00:00-05:00,14.720000267028809,15.260000228881836,14.579999923706055,15.229999542236328,246600,0.0,0.0
2023-01-13 00:00:00-05:00,15.170000076293945,15.456000328063965,14.3100004196167,14.550000190734863,497300,0.0,0.0
2023-01-17 00:00:00-05:00,14.550000190734863,14.739999771118164,14.354999542236328,14.420000076293945,228100,0.0,0.0
2023-01-18 00:00:00-05:00,14.510000228881836,14.585000038146973,13.914999961853027,13.989999771118164,414400,0.0,0.0
2023-01-19 00:00:00-05:00,14.0,14.170000076293945,13.800000190734863,13.930000305175781,237100,0.0,0.0
2023-01-20 00:00:00-05:00,14.100000381469727,14.154999732971191,13.899999618530273,14.050000190734863,260800,0.0,0.0
2023-01-23 00:00:00-05:00,14.069999694824219,14.229999542236328,13.951000213623047,14.0,359200,0.0,0.0
2023-01-24 00:00:00-05:00,13.970000267028809,14.100000381469727,13.800000190734863,13.930000305175781,300700,0.0,0.0
2023-01-25 00:00:00-05:00,14.079999923706055,14.079999923706055,13.819999694824219,13.960000038146973,325000,0.0,0.0
2023-01-26 00:00:00-05:00,13.989999771118164,14.0,13.744999885559082,13.770000457763672,221500,0.0,0.0
2023-01-27 00:00:00-05:00,13.8100004196167,14.039999961853027,13.739999771118164,13.989999771118164,159100,0.0,0.0
2023-01-30 00:00:00-05:00,13.9399995803833,14.079999923706055,13.619999885559082,13.90999984741211,259700,0.0,0.0
2023-01-31 00:00:00-05:00,13.930000305175781,14.550000190734863,13.930000305175781,14.460000038146973,291700,0.0,0.0
2023-02-01 00:00:00-05:00,14.430000305175781,14.670000076293945,14.319999694824219,14.520000457763672,367600,0.0,0.0
2023-02-02 00:00:00-05:00,14.699999809265137,14.829999923706055,13.739999771118164,14.170000076293945,544700,0.0,0.0
2023-02-03 00:00:00-05:00,14.079999923706055,14.354999542236328,13.970000267028809,14.100000381469727,619400,0.0,0.0
2023-02-06 00:00:00-05:00,14.010000228881836,14.6899995803833,14.010000228881836,14.239999771118164,667700,0.0,0.0
2023-02-07 00:00:00-05:00,14.239999771118164,14.350000381469727,13.824999809265137,14.140000343322754,285900,0.0,0.0
2023-02-08 00:00:00-05:00,14.180000305175781,14.180000305175781,13.539999961853027,13.770000457763672,274700,0.0,0.0
2023-02-09 00:00:00-05:00,14.020000457763672,14.079999923706055,13.6850004196167,13.859999656677246,318300,0.0,0.0
2023-02-10 00:00:00-05:00,13.869999885559082,14.069999694824219,13.710000038146973,13.890000343322754,274600,0.0,0.0
2023-02-13 00:00:00-05:00,13.899999618530273,13.949999809265137,13.550000190734863,13.760000228881836,201500,0.0,0.0
2023-02-14 00:00:00-05:00,13.779999732971191,13.944999694824219,13.470000267028809,13.5,371800,0.0,0.0
2023-02-15 00:00:00-05:00,13.40999984741211,13.550000190734863,13.260000228881836,13.479999542236328,203000,0.0,0.0
2023-02-16 00:00:00-05:00,13.369999885559082,13.739999771118164,13.260000228881836,13.579999923706055,297800,0.0,0.0
2023-02-17 00:00:00-05:00,13.710000038146973,14.4399995803833,13.510000228881836,14.210000038146973,338900,0.0,0.0
2023-02-21 00:00:00-05:00,14.100000381469727,14.100000381469727,13.109999656677246,13.149999618530273,360300,0.0,0.0
2023-02-22 00:00:00-05:00,13.319999694824219,13.5,12.840999603271484,13.399999618530273,264300,0.0,0.0
2023-02-23 00:00:00-05:00,13.40999984741211,13.619999885559082,13.1899995803833,13.359999656677246,275700,0.0,0.0
2023-02-24 00:00:00-05:00,13.300000190734863,13.34000015258789,12.829999923706055,12.930000305175781,420600,0.0,0.0
2023-02-27 00:00:00-05:00,13.140000343322754,13.550000190734863,13.140000343322754,13.319999694824219,215000,0.0,0.0
2023-02-28 00:00:00-05:00,13.359999656677246,14.130000114440918,12.579999923706055,12.859999656677246,456100,0.0,0.0
2023-03-01 00:00:00-05:00,12.869999885559082,13.300000190734863,12.539999961853027,12.569999694824219,370300,0.0,0.0
2023-03-02 00:00:00-05:00,12.434000015258789,12.770000457763672,12.220000267028809,12.34000015258789,391200,0.0,0.0
2023-03-03 00:00:00-05:00,12.369999885559082,12.489999771118164,12.1899995803833,12.279999732971191,339200,0.0,0.0
2023-03-06 00:00:00-05:00,12.300000190734863,12.479999542236328,12.0,12.479999542236328,384800,0.0,0.0
2023-03-07 00:00:00-05:00,12.640000343322754,12.930000305175781,12.420000076293945,12.770000457763672,350600,0.0,0.0
2023-03-08 00:00:00-05:00,12.800000190734863,12.9350004196167,12.3100004196167,12.579999923706055,339000,0.0,0.0
2023-03-09 00:00:00-05:00,12.829999923706055,13.114999771118164,12.100000381469727,12.25,532500,0.0,0.0
2023-03-10 00:00:00-05:00,12.260000228881836,12.390000343322754,11.710000038146973,11.989999771118164,471900,0.0,0.0
2023-03-13 00:00:00-04:00,12.0600004196167,12.319999694824219,11.619999885559082,11.680000305175781,892300,0.0,0.0
2023-03-14 00:00:00-04:00,11.789999961853027,12.079999923706055,11.100000381469727,11.289999961853027,763300,0.0,0.0
2023-03-15 00:00:00-04:00,11.149999618530273,11.5600004196167,11.079999923706055,11.420000076293945,514100,0.0,0.0
2023-03-16 00:00:00-04:00,11.329999923706055,11.630000114440918,11.100000381469727,11.460000038146973,349600,0.0,0.0
2023-03-17 00:00:00-04:00,11.539999961853027,11.5600004196167,11.130000114440918,11.40999984741211,1212500,0.0,0.0
2023-03-20 00:00:00-04:00,11.380000114440918,11.454999923706055,11.020000457763672,11.119999885559082,391200,0.0,0.0
2023-03-21 00:00:00-04:00,11.140000343322754,11.454999923706055,11.140000343322754,11.319999694824219,390200,0.0,0.0
2023-03-22 00:00:00-04:00,11.3100004196167,11.4399995803833,11.100000381469727,11.109999656677246,391400,0.0,0.0
2023-03-23 00:00:00-04:00,11.15999984741211,11.270000457763672,10.850000381469727,11.229999542236328,456700,0.0,0.0
2023-03-24 00:00:00-04:00,11.220000267028809,11.470000267028809,10.76200008392334,11.40999984741211,232600,0.0,0.0
2023-03-27 00:00:00-04:00,11.420000076293945,11.550000190734863,11.34000015258789,11.359999656677246,235000,0.0,0.0
2023-03-28 00:00:00-04:00,11.3100004196167,11.390000343322754,10.920000076293945,10.9399995803833,281100,0.0,0.0
2023-03-29 00:00:00-04:00,11.010000228881836,11.270000457763672,11.010000228881836,11.149999618530273,273800,0.0,0.0
2023-03-30 00:00:00-04:00,11.180000305175781,11.3100004196167,10.390000343322754,10.699999809265137,446400,0.0,0.0
2023-03-31 00:00:00-04:00,10.760000228881836,11.039999961853027,10.640000343322754,10.760000228881836,800300,0.0,0.0
2023-04-03 00:00:00-04:00,10.850000381469727,11.029999732971191,10.609999656677246,10.970000267028809,454400,0.0,0.0
2023-04-04 00:00:00-04:00,11.0,11.050000190734863,10.399999618530273,10.550000190734863,367700,0.0,0.0
2023-04-05 00:00:00-04:00,10.5600004196167,10.604999542236328,10.319999694824219,10.4399995803833,251900,0.0,0.0
2023-04-06 00:00:00-04:00,10.460000038146973,10.9399995803833,10.289999961853027,10.710000038146973,545400,0.0,0.0
2023-04-10 00:00:00-04:00,10.670000076293945,10.890000343322754,10.289999961853027,10.800000190734863,449600,0.0,0.0
2023-04-11 00:00:00-04:00,10.699999809265137,10.789999961853027,10.484999656677246,10.760000228881836,363000,0.0,0.0
2023-04-12 00:00:00-04:00,10.819999694824219,10.869999885559082,10.600000381469727,10.65999984741211,180300,0.0,0.0
2023-04-13 00:00:00-04:00,10.739999771118164,11.770000457763672,10.739999771118164,11.630000114440918,331500,0.0,0.0
2023-04-14 00:00:00-04:00,11.75,11.75,11.260000228881836,11.350000381469727,202700,0.0,0.0
2023-04-17 00:00:00-04:00,11.470000267028809,12.029999732971191,11.470000267028809,11.829999923706055,525300,0.0,0.0
2023-04-18 00:00:00-04:00,11.829999923706055,11.829999923706055,11.4399995803833,11.760000228881836,177200,0.0,0.0
2023-04-19 00:00:00-04:00,11.699999809265137,11.90999984741211,11.15999984741211,11.819999694824219,191200,0.0,0.0
2023-04-20 00:00:00-04:00,11.619999885559082,11.645000457763672,11.430000305175781,11.449999809265137,259200,0.0,0.0
2023-04-21 00:00:00-04:00,11.430000305175781,11.850000381469727,11.289999961853027,11.65999984741211,505500,0.0,0.0
2023-04-24 00:00:00-04:00,11.609999656677246,11.71500015258789,11.32699966430664,11.539999961853027,388400,0.0,0.0
2023-04-25 00:00:00-04:00,11.479999542236328,11.630000114440918,11.010000228881836,11.069999694824219,290000,0.0,0.0
2023-04-26 00:00:00-04:00,11.029999732971191,11.329999923706055,10.859999656677246,11.149999618530273,220400,0.0,0.0
2023-04-27 00:00:00-04:00,11.270000457763672,11.270000457763672,10.694999694824219,10.760000228881836,194000,0.0,0.0
2023-04-28 00:00:00-04:00,10.720000267028809,10.829999923706055,10.64900016784668,10.75,197000,0.0,0.0
2023-05-01 00:00:00-04:00,10.760000228881836,11.300000190734863,10.645000457763672,10.979999542236328,369900,0.0,0.0
2023-05-02 00:00:00-04:00,11.010000228881836,13.069999694824219,11.010000228881836,12.59000015258789,1151700,0.0,0.0
2023-05-03 00:00:00-04:00,12.699999809265137,13.779999732971191,12.649999618530273,13.640000343322754,826000,0.0,0.0
2023-05-04 00:00:00-04:00,13.550000190734863,13.739999771118164,12.6899995803833,13.5600004196167,601300,0.0,0.0
2023-05-05 00:00:00-04:00,13.770000457763672,14.199999809265137,13.3100004196167,13.6899995803833,641600,0.0,0.0
2023-05-08 00:00:00-04:00,13.699999809265137,14.104999542236328,12.9399995803833,13.140000343322754,832900,0.0,0.0
2023-05-09 00:00:00-04:00,13.130000114440918,13.829999923706055,13.020000457763672,13.760000228881836,515000,0.0,0.0
2023-05-10 00:00:00-04:00,13.989999771118164,14.520000457763672,13.8100004196167,14.170000076293945,675400,0.0,0.0
2023-05-11 00:00:00-04:00,14.180000305175781,14.3100004196167,13.630000114440918,13.90999984741211,424300,0.0,0.0
2023-05-12 00:00:00-04:00,14.0,14.0,13.529999732971191,13.649999618530273,264000,0.0,0.0
2023-05-15 00:00:00-04:00,13.670000076293945,14.510000228881836,13.5600004196167,14.350000381469727,501300,0.0,0.0
2023-05-16 00:00:00-04:00,14.050000190734863,14.300000190734863,13.65999984741211,13.890000343322754,607400,0.0,0.0
2023-05-17 00:00:00-04:00,13.890000343322754,14.399999618530273,13.5,13.649999618530273,256400,0.0,0.0
2023-05-18 00:00:00-04:00,13.760000228881836,13.760000228881836,13.020000457763672,13.210000038146973,420100,0.0,0.0
2023-05-19 00:00:00-04:00,13.34000015258789,13.609999656677246,13.25,13.369999885559082,242300,0.0,0.0
2023-05-22 00:00:00-04:00,13.4399995803833,13.789999961853027,13.369999885559082,13.5600004196167,197300,0.0,0.0
2023-05-23 00:00:00-04:00,13.520000457763672,13.8100004196167,13.449999809265137,13.699999809265137,299600,0.0,0.0
2023-05-24 00:00:00-04:00,13.619999885559082,14.270000457763672,13.600000381469727,14.119999885559082,435400,0.0,0.0
2023-05-25 00:00:00-04:00,14.210000038146973,14.25,13.670000076293945,13.770000457763672,343600,0.0,0.0
2023-05-26 00:00:00-04:00,13.770000457763672,14.300000190734863,13.5,14.069999694824219,328600,0.0,0.0
2023-05-30 00:00:00-04:00,14.079999923706055,14.385000228881836,13.489999771118164,13.670000076293945,202300,0.0,0.0
2023-05-31 00:00:00-04:00,13.729999542236328,14.369999885559082,13.649999618530273,13.859999656677246,232000,0.0,0.0
2023-06-01 00:00:00-04:00,13.859999656677246,14.239999771118164,13.760000228881836,14.15999984741211,167600,0.0,0.0
2023-06-02 00:00:00-04:00,14.3100004196167,14.65999984741211,14.149999618530273,14.609999656677246,317700,0.0,0.0
2023-06-05 00:00:00-04:00,14.489999771118164,15.135000228881836,14.300000190734863,14.899999618530273,443700,0.0,0.0
2023-06-06 00:00:00-04:00,14.890000343322754,15.5,14.831000328063965,15.1899995803833,504900,0.0,0.0
2023-06-07 00:00:00-04:00,15.149999618530273,15.479999542236328,15.079999923706055,15.180000305175781,362600,0.0,0.0
2023-06-08 00:00:00-04:00,15.0,15.359999656677246,14.880000114440918,15.029999732971191,179800,0.0,0.0
2023-06-09 00:00:00-04:00,14.869999885559082,15.149999618530273,14.5600004196167,15.050000190734863,258000,0.0,0.0
2023-06-12 00:00:00-04:00,15.140000343322754,15.739999771118164,15.069999694824219,15.649999618530273,440700,0.0,0.0
2023-06-13 00:00:00-04:00,15.710000038146973,16.18000030517578,15.710000038146973,16.0,407000,0.0,0.0
2023-06-14 00:00:00-04:00,16.0,16.559999465942383,15.75,16.479999542236328,605300,0.0,0.0
2023-06-15 00:00:00-04:00,16.5,16.81999969482422,16.329999923706055,16.360000610351562,606600,0.0,0.0
2023-06-16 00:00:00-04:00,16.440000534057617,16.510000228881836,15.529999732971191,15.5600004196167,943800,0.0,0.0
2023-06-20 00:00:00-04:00,15.539999961853027,16.360000610351562,15.399999618530273,16.06999969482422,406200,0.0,0.0
2023-06-21 00:00:00-04:00,16.100000381469727,16.260000228881836,15.574999809265137,16.200000762939453,294800,0.0,0.0
2023-06-22 00:00:00-04:00,16.18000030517578,16.3700008392334,15.8100004196167,15.949999809265137,219700,0.0,0.0
2023-06-23 00:00:00-04:00,15.789999961853027,16.09000015258789,15.380000114440918,15.460000038146973,1270200,0.0,0.0
2023-06-26 00:00:00-04:00,15.479999542236328,15.489999771118164,14.460000038146973,14.5600004196167,344700,0.0,0.0
2023-06-27 00:00:00-04:00,14.630000114440918,14.699999809265137,14.420000076293945,14.5600004196167,374900,0.0,0.0
2023-06-28 00:00:00-04:00,14.579999923706055,14.680000305175781,14.380000114440918,14.449999809265137,452700,0.0,0.0
2023-06-29 00:00:00-04:00,14.399999618530273,14.5600004196167,14.3100004196167,14.350000381469727,247600,0.0,0.0
2023-06-30 00:00:00-04:00,14.460000038146973,14.489999771118164,14.039999961853027,14.079999923706055,252300,0.0,0.0
2023-07-03 00:00:00-04:00,14.229999542236328,14.289999961853027,13.600000381469727,13.960000038146973,269500,0.0,0.0
2023-07-05 00:00:00-04:00,14.0,14.1899995803833,13.760000228881836,13.850000381469727,245300,0.0,0.0
2023-07-06 00:00:00-04:00,13.739999771118164,13.899999618530273,13.600000381469727,13.84000015258789,258100,0.0,0.0
2023-07-07 00:00:00-04:00,13.8100004196167,13.890000343322754,13.5600004196167,13.619999885559082,422800,0.0,0.0
2023-07-10 00:00:00-04:00,13.5600004196167,14.0600004196167,13.5600004196167,13.979999542236328,311200,0.0,0.0
2023-07-11 00:00:00-04:00,13.979999542236328,14.050000190734863,13.760000228881836,14.0,242000,0.0,0.0
2023-07-12 00:00:00-04:00,14.130000114440918,14.210000038146973,13.890000343322754,14.050000190734863,546500,0.0,0.0
2023-07-13 00:00:00-04:00,14.119999885559082,14.279999732971191,13.829999923706055,13.90999984741211,541600,0.0,0.0
2023-07-14 00:00:00-04:00,13.9399995803833,14.640000343322754,13.90999984741211,14.529999732971191,379300,0.0,0.0
2023-07-17 00:00:00-04:00,14.609999656677246,15.579999923706055,14.597999572753906,15.260000228881836,597800,0.0,0.0
2023-07-18 00:00:00-04:00,15.319999694824219,16.010000228881836,15.239999771118164,15.920000076293945,689700,0.0,0.0
2023-07-19 00:00:00-04:00,15.920000076293945,15.979999542236328,15.59000015258789,15.65999984741211,801300,0.0,0.0
2023-07-20 00:00:00-04:00,15.65999984741211,15.779999732971191,14.960000038146973,15.1899995803833,287100,0.0,0.0
2023-07-21 00:00:00-04:00,15.350000381469727,15.699999809265137,15.149999618530273,15.59000015258789,447800,0.0,0.0
2023-07-24 00:00:00-04:00,15.420000076293945,15.479999542236328,14.720000267028809,14.9399995803833,275500,0.0,0.0
2023-07-25 00:00:00-04:00,16.84000015258789,20.0,16.010000228881836,19.479999542236328,4567500,0.0,0.0
2023-07-26 00:00:00-04:00,19.479999542236328,20.649999618530273,19.06999969482422,20.200000762939453,2134800,0.0,0.0
2023-07-27 00:00:00-04:00,20.479999542236328,20.479999542236328,18.0,18.510000228881836,910100,0.0,0.0
2023-07-28 00:00:00-04:00,18.6200008392334,19.049999237060547,18.18000030517578,18.950000762939453,645200,0.0,0.0
2023-07-31 00:00:00-04:00,19.040000915527344,19.239999771118164,18.520000457763672,18.84000015258789,614800,0.0,0.0
2023-08-01 00:00:00-04:00,18.950000762939453,19.170000076293945,18.665000915527344,18.899999618530273,512800,0.0,0.0
2023-08-02 00:00:00-04:00,18.8700008392334,19.15999984741211,18.621000289916992,19.0,961100,0.0,0.0
2023-08-03 00:00:00-04:00,18.899999618530273,19.149999618530273,18.6299991607666,18.799999237060547,649900,0.0,0.0
2023-08-04 00:00:00-04:00,18.899999618530273,19.06999969482422,18.184999465942383,18.299999237060547,382500,0.0,0.0
2023-08-07 00:00:00-04:00,18.3700008392334,18.3700008392334,17.8700008392334,18.010000228881836,606200,0.0,0.0
2023-08-08 00:00:00-04:00,18.06999969482422,18.229999542236328,17.68000030517578,17.809999465942383,273300,0.0,0.0
2023-08-09 00:00:00-04:00,17.790000915527344,18.0,17.329999923706055,17.479999542236328,673900,0.0,0.0
2023-08-10 00:00:00-04:00,17.600000381469727,17.639999389648438,17.25,17.399999618530273,496800,0.0,0.0
2023-08-11 00:00:00-04:00,17.43000030517578,17.860000610351562,16.989999771118164,17.100000381469727,461400,0.0,0.0
2023-08-14 00:00:00-04:00,17.0,17.016000747680664,16.639999389648438,17.0,344600,0.0,0.0
2023-08-15 00:00:00-04:00,17.059999465942383,17.094999313354492,16.510000228881836,16.600000381469727,340800,0.0,0.0
2023-08-16 00:00:00-04:00,16.600000381469727,17.049999237060547,16.260000228881836,16.43000030517578,433600,0.0,0.0
2023-08-17 00:00:00-04:00,16.450000762939453,16.700000762939453,16.34000015258789,16.3799991607666,393900,0.0,0.0
2023-08-18 00:00:00-04:00,16.229999542236328,16.8799991607666,16.209999084472656,16.81999969482422,335700,0.0,0.0
2023-08-21 00:00:00-04:00,17.010000228881836,17.290000915527344,16.6200008392334,17.209999084472656,387300,0.0,0.0
2023-08-22 00:00:00-04:00,17.299999237060547,18.239999771118164,17.299999237060547,18.040000915527344,480500,0.0,0.0
2023-08-23 00:00:00-04:00,18.149999618530273,18.649999618530273,17.959999084472656,18.040000915527344,397400,0.0,0.0
2023-08-24 00:00:00-04:00,17.889999389648438,18.020000457763672,17.59000015258789,17.649999618530273,319000,0.0,0.0
2023-08-25 00:00:00-04:00,17.649999618530273,17.79199981689453,17.360000610351562,17.450000762939453,197900,0.0,0.0
2023-08-28 00:00:00-04:00,17.459999084472656,17.6200008392334,17.149999618530273,17.209999084472656,296900,0.0,0.0
2023-08-29 00:00:00-04:00,17.209999084472656,17.84000015258789,17.0,17.489999771118164,175200,0.0,0.0
2023-08-30 00:00:00-04:00,17.489999771118164,17.84000015258789,17.350000381469727,17.520000457763672,197100,0.0,0.0
2023-08-31 00:00:00-04:00,17.510000228881836,17.690000534057617,17.229999542236328,17.229999542236328,196300,0.0,0.0
2023-09-01 00:00:00-04:00,17.3700008392334,17.889999389648438,17.260000228881836,17.760000228881836,251800,0.0,0.0
2023-09-05 00:00:00-04:00,17.639999389648438,17.639999389648438,16.59000015258789,16.899999618530273,324000,0.0,0.0
2023-09-06 00:00:00-04:00,16.979999542236328,17.399999618530273,16.829999923706055,17.280000686645508,233600,0.0,0.0
2023-09-07 00:00:00-04:00,17.18000030517578,17.239999771118164,16.8799991607666,17.079999923706055,231100,0.0,0.0
2023-09-08 00:00:00-04:00,17.059999465942383,17.649999618530273,16.948999404907227,17.280000686645508,196300,0.0,0.0
2023-09-11 00:00:00-04:00,17.3799991607666,17.761999130249023,17.280000686645508,17.43000030517578,224200,0.0,0.0
2023-09-12 00:00:00-04:00,17.440000534057617,17.68000030517578,17.110000610351562,17.15999984741211,175800,0.0,0.0
2023-09-13 00:00:00-04:00,17.190000534057617,17.44499969482422,16.8799991607666,16.920000076293945,257700,0.0,0.0
2023-09-14 00:00:00-04:00,17.040000915527344,17.260000228881836,16.790000915527344,17.260000228881836,276400,0.0,0.0
2023-09-15 00:00:00-04:00,17.309999465942383,17.709999084472656,17.09000015258789,17.139999389648438,688700,0.0,0.0
2023-09-18 00:00:00-04:00,17.049999237060547,17.479999542236328,16.75,17.34000015258789,226200,0.0,0.0
2023-09-19 00:00:00-04:00,17.34000015258789,18.0,17.34000015258789,17.540000915527344,239600,0.0,0.0
2023-09-20 00:00:00-04:00,17.5,17.549999237060547,16.90999984741211,16.93000030517578,207000,0.0,0.0
2023-09-21 00:00:00-04:00,16.799999237060547,17.290000915527344,16.510000228881836,17.139999389648438,460600,0.0,0.0
2023-09-22 00:00:00-04:00,17.149999618530273,17.18000030517578,16.520000457763672,16.639999389648438,207500,0.0,0.0
2023-09-25 00:00:00-04:00,16.56999969482422,16.905000686645508,16.15999984741211,16.329999923706055,179900,0.0,0.0
2023-09-26 00:00:00-04:00,16.329999923706055,16.940000534057617,16.280000686645508,16.68000030517578,279000,0.0,0.0
2023-09-27 00:00:00-04:00,16.729999542236328,17.709999084472656,16.729999542236328,17.610000610351562,252900,0.0,0.0
2023-09-28 00:00:00-04:00,17.639999389648438,17.944000244140625,17.170000076293945,17.420000076293945,206500,0.0,0.0
2023-09-29 00:00:00-04:00,17.559999465942383,17.59000015258789,17.149999618530273,17.3700008392334,394800,0.0,0.0
2023-10-02 00:00:00-04:00,17.3700008392334,17.639999389648438,16.760000228881836,16.899999618530273,324500,0.0,0.0
2023-10-03 00:00:00-04:00,16.81999969482422,16.829999923706055,15.489999771118164,15.529999732971191,371400,0.0,0.0
2023-10-04 00:00:00-04:00,15.720000267028809,16.219999313354492,15.239999771118164,16.010000228881836,337600,0.0,0.0
2023-10-05 00:00:00-04:00,15.970000267028809,16.440000534057617,15.800000190734863,16.350000381469727,292500,0.0,0.0
2023-10-06 00:00:00-04:00,16.18000030517578,16.75,15.96500015258789,16.459999084472656,199800,0.0,0.0
2023-10-09 00:00:00-04:00,16.459999084472656,16.625,16.219999313354492,16.549999237060547,190700,0.0,0.0
2023-10-10 00:00:00-04:00,16.530000686645508,17.149999618530273,16.510000228881836,16.8799991607666,221800,0.0,0.0
2023-10-11 00:00:00-04:00,17.15999984741211,17.15999984741211,16.520000457763672,16.610000610351562,202100,0.0,0.0
2023-10-12 00:00:00-04:00,16.530000686645508,16.610000610351562,15.755000114440918,15.920000076293945,300400,0.0,0.0
2023-10-13 00:00:00-04:00,16.0,16.360000610351562,15.8100004196167,16.309999465942383,259500,0.0,0.0
2023-10-16 00:00:00-04:00,16.40999984741211,16.450000762939453,15.760000228881836,16.34000015258789,221300,0.0,0.0
2023-10-17 00:00:00-04:00,16.25,16.780000686645508,16.18000030517578,16.6299991607666,329600,0.0,0.0
2023-10-18 00:00:00-04:00,16.559999465942383,16.790000915527344,16.280000686645508,16.649999618530273,641900,0.0,0.0
2023-10-19 00:00:00-04:00,16.639999389648438,16.639999389648438,15.784000396728516,15.819999694824219,291700,0.0,0.0
2023-10-20 00:00:00-04:00,15.90999984741211,15.9399995803833,15.539999961853027,15.569999694824219,197000,0.0,0.0
2023-10-23 00:00:00-04:00,15.520000457763672,15.529999732971191,15.25,15.25,216900,0.0,0.0
2023-10-24 00:00:00-04:00,15.359999656677246,15.640000343322754,15.260000228881836,15.329999923706055,306200,0.0,0.0
2023-10-25 00:00:00-04:00,15.149999618530273,15.460000038146973,14.949999809265137,15.170000076293945,278500,0.0,0.0
2023-10-26 00:00:00-04:00,15.25,15.270000457763672,14.710000038146973,15.149999618530273,413200,0.0,0.0
2023-10-27 00:00:00-04:00,15.199999809265137,15.470000267028809,14.649999618530273,15.25,325500,0.0,0.0
2023-10-30 00:00:00-04:00,15.5600004196167,15.819999694824219,15.289999961853027,15.680000305175781,412500,0.0,0.0
2023-10-31 00:00:00-04:00,14.899999618530273,16.81999969482422,14.5600004196167,15.25,826700,0.0,0.0
2023-11-01 00:00:00-04:00,15.359999656677246,15.619999885559082,14.170000076293945,15.140000343322754,801000,0.0,0.0
2023-11-02 00:00:00-04:00,15.199999809265137,16.040000915527344,15.0,15.949999809265137,657200,0.0,0.0
2023-11-03 00:00:00-04:00,16.299999237060547,16.75,16.079999923706055,16.200000762939453,592100,0.0,0.0
2023-11-06 00:00:00-05:00,16.229999542236328,16.5,15.970000267028809,16.1299991607666,362600,0.0,0.0
2023-11-07 00:00:00-05:00,16.139999389648438,16.649999618530273,15.989999771118164,16.510000228881836,438200,0.0,0.0
2023-11-08 00:00:00-05:00,16.559999465942383,16.559999465942383,15.119999885559082,15.260000228881836,465600,0.0,0.0
2023-11-09 00:00:00-05:00,15.4399995803833,15.460000038146973,14.329999923706055,14.369999885559082,683900,0.0,0.0
2023-11-10 00:00:00-05:00,14.5,14.699999809265137,14.119999885559082,14.4399995803833,653700,0.0,0.0
2023-11-13 00:00:00-05:00,14.430000305175781,15.199999809265137,14.180000305175781,15.199999809265137,554600,0.0,0.0
2023-11-14 00:00:00-05:00,15.84000015258789,16.219999313354492,15.59000015258789,15.949999809265137,654700,0.0,0.0
2023-11-15 00:00:00-05:00,15.899999618530273,16.18000030517578,15.6899995803833,15.729999542236328,279600,0.0,0.0
2023-11-16 00:00:00-05:00,15.739999771118164,15.739999771118164,15.050000190734863,15.5,268500,0.0,0.0
2023-11-17 00:00:00-05:00,15.699999809265137,15.850000381469727,15.510000228881836,15.710000038146973,384600,0.0,0.0
2023-11-20 00:00:00-05:00,15.710000038146973,16.0,15.630000114440918,15.84000015258789,180500,0.0,0.0
2023-11-21 00:00:00-05:00,15.789999961853027,16.100000381469727,15.510000228881836,15.920000076293945,261500,0.0,0.0
2023-11-22 00:00:00-05:00,15.989999771118164,16.059999465942383,15.520000457763672,15.789999961853027,229600,0.0,0.0
2023-11-24 00:00:00-05:00,15.880000114440918,16.190000534057617,15.859999656677246,15.970000267028809,76800,0.0,0.0
2023-11-27 00:00:00-05:00,16.049999237060547,16.100000381469727,15.649999618530273,15.829999923706055,437500,0.0,0.0
2023-11-28 00:00:00-05:00,15.779999732971191,15.899999618530273,15.520000457763672,15.699999809265137,384200,0.0,0.0
2023-11-29 00:00:00-05:00,15.8100004196167,16.1200008392334,15.75,15.819999694824219,450400,0.0,0.0
2023-11-30 00:00:00-05:00,15.979999542236328,16.6299991607666,15.819999694824219,16.170000076293945,391800,0.0,0.0
2023-12-01 00:00:00-05:00,16.040000915527344,16.829999923706055,16.040000915527344,16.809999465942383,426800,0.0,0.0
2023-12-04 00:00:00-05:00,16.649999618530273,17.09000015258789,16.469999313354492,17.059999465942383,271600,0.0,0.0
2023-12-05 00:00:00-05:00,16.850000381469727,17.489999771118164,16.70800018310547,17.09000015258789,533000,0.0,0.0
2023-12-06 00:00:00-05:00,17.299999237060547,17.30500030517578,16.979999542236328,17.170000076293945,238200,0.0,0.0
2023-12-07 00:00:00-05:00,17.25,17.829999923706055,17.219999313354492,17.799999237060547,542700,0.0,0.0
2023-12-08 00:00:00-05:00,17.860000610351562,17.959999084472656,17.239999771118164,17.270000457763672,574900,0.0,0.0
2023-12-11 00:00:00-05:00,17.25,17.270000457763672,16.68000030517578,17.079999923706055,248200,0.0,0.0
2023-12-12 00:00:00-05:00,17.0,17.649999618530273,16.690000534057617,17.649999618530273,261000,0.0,0.0
2023-12-13 00:00:00-05:00,17.65999984741211,17.950000762939453,16.780000686645508,17.559999465942383,625900,0.0,0.0
2023-12-14 00:00:00-05:00,17.790000915527344,17.8700008392334,16.889999389648438,17.049999237060547,456600,0.0,0.0
2023-12-15 00:00:00-05:00,17.049999237060547,18.0,17.0,17.989999771118164,1217500,0.0,0.0
2023-12-18 00:00:00-05:00,18.0,19.010000228881836,17.881000518798828,18.5,973100,0.0,0.0
2023-12-19 00:00:00-05:00,18.739999771118164,19.149999618530273,18.690000534057617,19.06999969482422,914800,0.0,0.0
2023-12-20 00:00:00-05:00,18.93000030517578,19.0,17.70800018310547,17.84000015258789,449600,0.0,0.0
2023-12-21 00:00:00-05:00,18.170000076293945,18.3700008392334,17.920000076293945,18.010000228881836,208700,0.0,0.0
2023-12-22 00:00:00-05:00,18.1299991607666,18.450000762939453,17.940000534057617,18.239999771118164,553900,0.0,0.0
2023-12-26 00:00:00-05:00,18.3799991607666,18.65999984741211,18.3799991607666,18.600000381469727,247200,0.0,0.0
2023-12-27 00:00:00-05:00,18.770000457763672,18.770000457763672,18.389999389648438,18.559999465942383,301600,0.0,0.0
2023-12-28 00:00:00-05:00,18.6200008392334,18.649999618530273,17.760000228881836,17.850000381469727,449200,0.0,0.0
2023-12-29 00:00:00-05:00,17.850000381469727,17.850000381469727,17.209999084472656,17.540000915527344,913600,0.0,0.0
2024-01-02 00:00:00-05:00,17.610000610351562,19.6200008392334,17.610000610351562,18.530000686645508,608500,0.0,0.0
2024-01-03 00:00:00-05:00,18.43000030517578,20.360000610351562,18.25,19.979999542236328,1299900,0.0,0.0
2024-01-04 00:00:00-05:00,19.950000762939453,19.950000762939453,17.801000595092773,19.125,1382300,0.0,0.0
2024-01-05 00:00:00-05:00,19.110000610351562,19.110000610351562,18.1299991607666,18.309999465942383,756500,0.0,0.0
2024-01-08 00:00:00-05:00,18.200000762939453,19.18000030517578,17.959999084472656,19.139999389648438,439400,0.0,0.0
2024-01-09 00:00:00-05:00,19.100000381469727,19.16900062561035,18.6200008392334,18.799999237060547,350100,0.0,0.0
2024-01-10 00:00:00-05:00,18.739999771118164,19.5,18.469999313354492,18.75,386800,0.0,0.0
2024-01-11 00:00:00-05:00,18.579999923706055,19.812999725341797,18.440000534057617,19.280000686645508,1086300,0.0,0.0
2024-01-12 00:00:00-05:00,19.280000686645508,19.78499984741211,18.709999084472656,18.8700008392334,318200,0.0,0.0
2024-01-16 00:00:00-05:00,18.690000534057617,18.989999771118164,18.270000457763672,18.40999984741211,319700,0.0,0.0
2024-01-17 00:00:00-05:00,18.260000228881836,18.889999389648438,18.260000228881836,18.8700008392334,299800,0.0,0.0
2024-01-18 00:00:00-05:00,18.940000534057617,18.940000534057617,18.350000381469727,18.760000228881836,222100,0.0,0.0
2024-01-19 00:00:00-05:00,19.020000457763672,19.219999313354492,18.610000610351562,18.8799991607666,274100,0.0,0.0
2024-01-22 00:00:00-05:00,18.920000076293945,19.350000381469727,18.8799991607666,19.280000686645508,223700,0.0,0.0
2024-01-23 00:00:00-05:00,19.649999618530273,19.649999618530273,18.440000534057617,18.68000030517578,370000,0.0,0.0
2024-01-24 00:00:00-05:00,18.860000610351562,18.979999542236328,18.260000228881836,18.350000381469727,328100,0.0,0.0
2024-01-25 00:00:00-05:00,18.350000381469727,18.93000030517578,18.270000457763672,18.350000381469727,252800,0.0,0.0
2024-01-26 00:00:00-05:00,18.469999313354492,18.649999618530273,18.170000076293945,18.219999313354492,206400,0.0,0.0
2024-01-29 00:00:00-05:00,18.3799991607666,18.44499969482422,18.069000244140625,18.389999389648438,262900,0.0,0.0
2024-01-30 00:00:00-05:00,18.31999969482422,18.31999969482422,17.56999969482422,17.950000762939453,343400,0.0,0.0
2024-01-31 00:00:00-05:00,17.950000762939453,18.229999542236328,17.600000381469727,17.6299991607666,278500,0.0,0.0
2024-02-01 00:00:00-05:00,17.690000534057617,18.450000762939453,17.520000457763672,18.209999084472656,425600,0.0,0.0
2024-02-02 00:00:00-05:00,18.100000381469727,18.59000015258789,17.81999969482422,18.3799991607666,260400,0.0,0.0
2024-02-05 00:00:00-05:00,18.3799991607666,18.700000762939453,17.989999771118164,18.489999771118164,235400,0.0,0.0
2024-02-06 00:00:00-05:00,18.389999389648438,18.68000030517578,18.25,18.489999771118164,191900,0.0,0.0
2024-02-07 00:00:00-05:00,18.489999771118164,18.520000457763672,18.079999923706055,18.1200008392334,151800,0.0,0.0
2024-02-08 00:00:00-05:00,18.139999389648438,19.030000686645508,18.139999389648438,19.020000457763672,264100,0.0,0.0
2024-02-09 00:00:00-05:00,19.25,20.290000915527344,19.12700080871582,20.280000686645508,392300,0.0,0.0
2024-02-12 00:00:00-05:00,20.280000686645508,20.940000534057617,20.209999084472656,20.549999237060547,658400,0.0,0.0
2024-02-13 00:00:00-05:00,20.049999237060547,20.2549991607666,19.559999465942383,19.860000610351562,431300,0.0,0.0
2024-02-14 00:00:00-05:00,20.0,20.152999877929688,19.530000686645508,19.889999389648438,197700,0.0,0.0
2024-02-15 00:00:00-05:00,20.0,20.510000228881836,19.649999618530273,20.170000076293945,344000,0.0,0.0
2024-02-16 00:00:00-05:00,20.09000015258789,20.209999084472656,19.724000930786133,19.940000534057617,203700,0.0,0.0
2024-02-20 00:00:00-05:00,19.850000381469727,20.219999313354492,19.690000534057617,19.920000076293945,166700,0.0,0.0
2024-02-21 00:00:00-05:00,19.860000610351562,20.079999923706055,19.670000076293945,19.959999084472656,200600,0.0,0.0
2024-02-22 00:00:00-05:00,20.0,20.049999237060547,19.40999984741211,19.719999313354492,260600,0.0,0.0
2024-02-23 00:00:00-05:00,19.780000686645508,20.03499984741211,19.739999771118164,20.0,214100,0.0,0.0
2024-02-26 00:00:00-05:00,20.0,20.219999313354492,19.84000015258789,20.15999984741211,250800,0.0,0.0
2024-02-27 00:00:00-05:00,20.299999237060547,21.110000610351562,19.81999969482422,20.889999389648438,653700,0.0,0.0
2024-02-28 00:00:00-05:00,21.920000076293945,21.979999542236328,19.20199966430664,20.360000610351562,625900,0.0,0.0
2024-02-29 00:00:00-05:00,20.81999969482422,21.420000076293945,20.549999237060547,21.139999389648438,558900,0.0,0.0
2024-03-01 00:00:00-05:00,21.350000381469727,22.079999923706055,21.204999923706055,21.739999771118164,661500,0.0,0.0
2024-03-04 00:00:00-05:00,22.0,22.09000015258789,20.0,20.190000534057617,407400,0.0,0.0
2024-03-05 00:00:00-05:00,20.25,20.360000610351562,19.799999237060547,20.18000030517578,369800,0.0,0.0
2024-03-06 00:00:00-05:00,20.31999969482422,21.0,20.290000915527344,21.0,418200,0.0,0.0
2024-03-07 00:00:00-05:00,21.0,21.3700008392334,20.649999618530273,21.260000228881836,719800,0.0,0.0
2024-03-08 00:00:00-05:00,21.399999618530273,21.520000457763672,20.510000228881836,20.809999465942383,304800,0.0,0.0
2024-03-11 00:00:00-04:00,20.81999969482422,20.90999984741211,20.110000610351562,20.34000015258789,586900,0.0,0.0
2024-03-12 00:00:00-04:00,20.350000381469727,20.6299991607666,20.09000015258789,20.440000534057617,339200,0.0,0.0
2024-03-13 00:00:00-04:00,20.5,20.899999618530273,20.25,20.459999084472656,416700,0.0,0.0
2024-03-14 00:00:00-04:00,20.309999465942383,20.3799991607666,19.780000686645508,20.350000381469727,342700,0.0,0.0
2024-03-15 00:00:00-04:00,20.290000915527344,20.579999923706055,19.93000030517578,19.989999771118164,785800,0.0,0.0
2024-03-18 00:00:00-04:00,19.889999389648438,19.90999984741211,19.43000030517578,19.579999923706055,360100,0.0,0.0
2024-03-19 00:00:00-04:00,19.610000610351562,19.84000015258789,19.329999923706055,19.700000762939453,301800,0.0,0.0
2024-03-20 00:00:00-04:00,19.700000762939453,19.790000915527344,19.149999618530273,19.780000686645508,364700,0.0,0.0
2024-03-21 00:00:00-04:00,19.959999084472656,20.09000015258789,19.684999465942383,19.799999237060547,438300,0.0,0.0
2024-03-22 00:00:00-04:00,20.030000686645508,20.1200008392334,19.540000915527344,19.969999313354492,350700,0.0,0.0
2024-03-25 00:00:00-04:00,20.049999237060547,20.31999969482422,19.65999984741211,19.959999084472656,235500,0.0,0.0
2024-03-26 00:00:00-04:00,20.209999084472656,20.25,19.850000381469727,19.969999313354492,406100,0.0,0.0
2024-03-27 00:00:00-04:00,20.1200008392334,20.163000106811523,19.875,19.989999771118164,358400,0.0,0.0
2024-03-28 00:00:00-04:00,20.059999465942383,20.125,19.469999313354492,19.729999542236328,359600,0.0,0.0
2024-04-01 00:00:00-04:00,19.639999389648438,19.729999542236328,19.200000762939453,19.700000762939453,301500,0.0,0.0
2024-04-02 00:00:00-04:00,19.510000228881836,19.510000228881836,18.450000762939453,18.729999542236328,425700,0.0,0.0
2024-04-03 00:00:00-04:00,18.610000610351562,18.610000610351562,17.84000015258789,18.239999771118164,474600,0.0,0.0
2024-04-04 00:00:00-04:00,18.440000534057617,18.549999237060547,18.020000457763672,18.059999465942383,368500,0.0,0.0
2024-04-05 00:00:00-04:00,18.010000228881836,18.18000030517578,17.6299991607666,17.899999618530273,251100,0.0,0.0
2024-04-08 00:00:00-04:00,17.860000610351562,17.8799991607666,17.6200008392334,17.68000030517578,312200,0.0,0.0
2024-04-09 00:00:00-04:00,17.719999313354492,18.0,17.520000457763672,17.729999542236328,342700,0.0,0.0
2024-04-10 00:00:00-04:00,17.360000610351562,17.450000762939453,17.000999450683594,17.450000762939453,399400,0.0,0.0
2024-04-11 00:00:00-04:00,17.6299991607666,17.84000015258789,17.469999313354492,17.700000762939453,291500,0.0,0.0
2024-04-12 00:00:00-04:00,17.709999084472656,17.709999084472656,17.1299991607666,17.290000915527344,257000,0.0,0.0
2024-04-15 00:00:00-04:00,17.190000534057617,17.540000915527344,17.190000534057617,17.440000534057617,314100,0.0,0.0
2024-04-16 00:00:00-04:00,17.3799991607666,17.610000610351562,17.329999923706055,17.459999084472656,305000,0.0,0.0
2024-04-17 00:00:00-04:00,17.540000915527344,17.56999969482422,16.920000076293945,16.950000762939453,389300,0.0,0.0
2024-04-18 00:00:00-04:00,16.989999771118164,17.049999237060547,16.799999237060547,16.8799991607666,409200,0.0,0.0
2024-04-19 00:00:00-04:00,16.8700008392334,17.145000457763672,16.559999465942383,16.90999984741211,376000,0.0,0.0
2024-04-22 00:00:00-04:00,17.100000381469727,17.43000030517578,16.8700008392334,17.094999313354492,361000,0.0,0.0
2024-04-23 00:00:00-04:00,17.100000381469727,18.139999389648438,17.040000915527344,17.68000030517578,611900,0.0,0.0
2024-04-24 00:00:00-04:00,18.209999084472656,18.610000610351562,17.639999389648438,17.860000610351562,443700,0.0,0.0
2024-04-25 00:00:00-04:00,17.709999084472656,18.110000610351562,17.5,17.610000610351562,477300,0.0,0.0
2024-04-26 00:00:00-04:00,17.84000015258789,18.051000595092773,17.450000762939453,17.8799991607666,331600,0.0,0.0
2024-04-29 00:00:00-04:00,18.0,18.649999618530273,17.790000915527344,18.549999237060547,398500,0.0,0.0
2024-04-30 00:00:00-04:00,18.489999771118164,18.84000015258789,18.260000228881836,18.719999313354492,672500,0.0,0.0
2024-05-01 00:00:00-04:00,18.809999465942383,19.920000076293945,18.809999465942383,19.399999618530273,579200,0.0,0.0
2024-05-02 00:00:00-04:00,19.559999465942383,19.75,19.239999771118164,19.3799991607666,411900,0.0,0.0
2024-05-03 00:00:00-04:00,20.1299991607666,20.399999618530273,19.6200008392334,20.079999923706055,403900,0.0,0.0
2024-05-06 00:00:00-04:00,20.139999389648438,20.299999237060547,19.8799991607666,19.989999771118164,296300,0.0,0.0
2024-05-07 00:00:00-04:00,20.010000228881836,20.440000534057617,19.93000030517578,20.329999923706055,332900,0.0,0.0
2024-05-08 00:00:00-04:00,20.309999465942383,20.3799991607666,20.016000747680664,20.260000228881836,272500,0.0,0.0
2024-05-09 00:00:00-04:00,20.270000457763672,20.3799991607666,20.0,20.190000534057617,344700,0.0,0.0
2024-05-10 00:00:00-04:00,20.25,20.514999389648438,19.530000686645508,19.530000686645508,333400,0.0,0.0
2024-05-13 00:00:00-04:00,19.729999542236328,19.899999618530273,19.469999313354492,19.579999923706055,194000,0.0,0.0
2024-05-14 00:00:00-04:00,19.770000457763672,19.850000381469727,19.3799991607666,19.479999542236328,205100,0.0,0.0
2024-05-15 00:00:00-04:00,19.799999237060547,20.270000457763672,19.719999313354492,20.100000381469727,255000,0.0,0.0
2024-05-16 00:00:00-04:00,20.079999923706055,20.229999542236328,19.8700008392334,20.110000610351562,303600,0.0,0.0
2024-05-17 00:00:00-04:00,20.18000030517578,20.18000030517578,19.719999313354492,19.770000457763672,257700,0.0,0.0
2024-05-20 00:00:00-04:00,19.729999542236328,19.979999542236328,19.6200008392334,19.670000076293945,195600,0.0,0.0
2024-05-21 00:00:00-04:00,19.450000762939453,19.594999313354492,19.219999313354492,19.3700008392334,239000,0.0,0.0
2024-05-22 00:00:00-04:00,19.3799991607666,19.604999542236328,19.200000762939453,19.270000457763672,296300,0.0,0.0
2024-05-23 00:00:00-04:00,19.229999542236328,19.43000030517578,19.010000228881836,19.170000076293945,279100,0.0,0.0
2024-05-24 00:00:00-04:00,19.290000915527344,19.520000457763672,19.030000686645508,19.049999237060547,194500,0.0,0.0
2024-05-28 00:00:00-04:00,19.209999084472656,19.209999084472656,18.719999313354492,19.040000915527344,284900,0.0,0.0
2024-05-29 00:00:00-04:00,19.06999969482422,19.079999923706055,18.621000289916992,18.670000076293945,241100,0.0,0.0
2024-05-30 00:00:00-04:00,18.709999084472656,18.760000228881836,18.329999923706055,18.56999969482422,306400,0.0,0.0
2024-05-31 00:00:00-04:00,18.579999923706055,19.06999969482422,18.326000213623047,19.010000228881836,667500,0.0,0.0
2024-06-03 00:00:00-04:00,19.15999984741211,19.84000015258789,18.979999542236328,19.709999084472656,408000,0.0,0.0
2024-06-04 00:00:00-04:00,19.65999984741211,19.809999465942383,19.15999984741211,19.31999969482422,280200,0.0,0.0
2024-06-05 00:00:00-04:00,19.3799991607666,19.739999771118164,18.969999313354492,19.709999084472656,410000,0.0,0.0
2024-06-06 00:00:00-04:00,19.760000228881836,19.760000228881836,19.3799991607666,19.520000457763672,164200,0.0,0.0
2024-06-07 00:00:00-04:00,19.350000381469727,19.6299991607666,19.040000915527344,19.059999465942383,141500,0.0,0.0
2024-06-10 00:00:00-04:00,18.770000457763672,19.229999542236328,18.59000015258789,19.219999313354492,229100,0.0,0.0
2024-06-11 00:00:00-04:00,19.139999389648438,19.270000457763672,18.610000610351562,18.760000228881836,239700,0.0,0.0
2024-06-12 00:00:00-04:00,19.149999618530273,19.489999771118164,18.860000610351562,18.93000030517578,200700,0.0,0.0
2024-06-13 00:00:00-04:00,18.8799991607666,19.110000610351562,18.485000610351562,18.760000228881836,407100,0.0,0.0
2024-06-14 00:00:00-04:00,18.56999969482422,18.864999771118164,18.40999984741211,18.770000457763672,259200,0.0,0.0
2024-06-17 00:00:00-04:00,18.729999542236328,18.770000457763672,18.34000015258789,18.530000686645508,347900,0.0,0.0
2024-06-18 00:00:00-04:00,18.520000457763672,18.6299991607666,18.040000915527344,18.200000762939453,481100,0.0,0.0
2024-06-20 00:00:00-04:00,18.15999984741211,18.15999984741211,17.729999542236328,17.979999542236328,367800,0.0,0.0
2024-06-21 00:00:00-04:00,18.170000076293945,18.6299991607666,18.0,18.610000610351562,1205300,0.0,0.0
2024-06-24 00:00:00-04:00,18.719999313354492,19.030000686645508,18.510000228881836,18.8700008392334,341900,0.0,0.0
2024-06-25 00:00:00-04:00,18.790000915527344,19.1200008392334,18.450000762939453,18.969999313354492,362000,0.0,0.0
2024-06-26 00:00:00-04:00,18.8700008392334,18.8700008392334,18.299999237060547,18.530000686645508,332700,0.0,0.0
2024-06-27 00:00:00-04:00,18.59000015258789,18.719999313354492,18.360000610351562,18.59000015258789,409500,0.0,0.0
2024-06-28 00:00:00-04:00,18.670000076293945,18.899999618530273,18.510000228881836,18.670000076293945,1825900,0.0,0.0
2024-07-01 00:00:00-04:00,18.469999313354492,18.540000915527344,17.3799991607666,18.0,530300,0.0,0.0
2024-07-02 00:00:00-04:00,18.100000381469727,19.0,18.09000015258789,18.450000762939453,413400,0.0,0.0
2024-07-03 00:00:00-04:00,18.5,19.1299991607666,18.117000579833984,19.100000381469727,221600,0.0,0.0
2024-07-05 00:00:00-04:00,19.059999465942383,19.440000534057617,18.959999084472656,19.360000610351562,308500,0.0,0.0
2024-07-08 00:00:00-04:00,19.600000381469727,19.979999542236328,19.3799991607666,19.860000610351562,545200,0.0,0.0
2024-07-09 00:00:00-04:00,19.8700008392334,20.239999771118164,19.704999923706055,20.229999542236328,343100,0.0,0.0
2024-07-10 00:00:00-04:00,20.34000015258789,20.979999542236328,20.040000915527344,20.959999084472656,523900,0.0,0.0
2024-07-11 00:00:00-04:00,20.899999618530273,22.1200008392334,20.649999618530273,21.600000381469727,547100,0.0,0.0
2024-07-12 00:00:00-04:00,21.700000762939453,21.940000534057617,21.100000381469727,21.209999084472656,584600,0.0,0.0
2024-07-15 00:00:00-04:00,21.350000381469727,21.860000610351562,21.219999313354492,21.610000610351562,383600,0.0,0.0
2024-07-16 00:00:00-04:00,21.850000381469727,22.649999618530273,21.635000228881836,22.350000381469727,391500,0.0,0.0
2024-07-17 00:00:00-04:00,22.020000457763672,22.299999237060547,21.110000610351562,21.40999984741211,414100,0.0,0.0
2024-07-18 00:00:00-04:00,21.360000610351562,21.46500015258789,20.940000534057617,21.15999984741211,304700,0.0,0.0
2024-07-19 00:00:00-04:00,21.290000915527344,21.5049991607666,21.09000015258789,21.229999542236328,249800,0.0,0.0
2024-07-22 00:00:00-04:00,20.8799991607666,21.479999542236328,20.829999923706055,21.389999389648438,454300,0.0,0.0
2024-07-23 00:00:00-04:00,23.25,27.8799991607666,23.190000534057617,26.290000915527344,3804500,0.0,0.0
2024-07-24 00:00:00-04:00,26.0,26.55900001525879,24.844999313354492,25.200000762939453,971200,0.0,0.0
2024-07-25 00:00:00-04:00,25.06999969482422,27.100000381469727,25.06999969482422,25.90999984741211,871700,0.0,0.0
2024-07-26 00:00:00-04:00,25.969999313354492,26.510000228881836,25.229999542236328,26.1200008392334,410200,0.0,0.0
2024-07-29 00:00:00-04:00,26.09000015258789,26.450000762939453,25.649999618530273,26.139999389648438,483100,0.0,0.0
2024-07-30 00:00:00-04:00,26.389999389648438,27.450000762939453,25.790000915527344,26.479999542236328,646800,0.0,0.0
2024-07-31 00:00:00-04:00,26.459999084472656,27.13800048828125,26.1299991607666,26.600000381469727,458200,0.0,0.0
2024-08-01 00:00:00-04:00,26.6200008392334,27.3799991607666,25.729999542236328,25.770000457763672,1071200,0.0,0.0
2024-08-02 00:00:00-04:00,25.059999465942383,25.81999969482422,24.420000076293945,25.110000610351562,443800,0.0,0.0
2024-08-05 00:00:00-04:00,23.829999923706055,24.540000915527344,23.34000015258789,24.110000610351562,388900,0.0,0.0
2024-08-06 00:00:00-04:00,24.270000457763672,25.139999389648438,23.799999237060547,24.280000686645508,235900,0.0,0.0
2024-08-07 00:00:00-04:00,24.579999923706055,24.618000030517578,23.89299964904785,24.010000228881836,223100,0.0,0.0
2024-08-08 00:00:00-04:00,24.260000228881836,24.90999984741211,24.100000381469727,24.770000457763672,205200,0.0,0.0
2024-08-09 00:00:00-04:00,24.81999969482422,25.229999542236328,24.510000228881836,25.170000076293945,288600,0.0,0.0
2024-08-12 00:00:00-04:00,25.200000762939453,25.899999618530273,24.920000076293945,25.290000915527344,343100,0.0,0.0
2024-08-13 00:00:00-04:00,25.530000686645508,25.770000457763672,25.260000228881836,25.719999313354492,299400,0.0,0.0
2024-08-14 00:00:00-04:00,25.68000030517578,25.68000030517578,24.899999618530273,25.440000534057617,342600,0.0,0.0
2024-08-15 00:00:00-04:00,25.989999771118164,26.190000534057617,25.540000915527344,26.170000076293945,246200,0.0,0.0
2024-08-16 00:00:00-04:00,26.059999465942383,26.315000534057617,25.559999465942383,26.0,511700,0.0,0.0
2024-08-19 00:00:00-04:00,26.030000686645508,26.670000076293945,25.799999237060547,26.6299991607666,294100,0.0,0.0
2024-08-20 00:00:00-04:00,26.59000015258789,26.790000915527344,26.049999237060547,26.329999923706055,379900,0.0,0.0
2024-08-21 00:00:00-04:00,26.459999084472656,26.709999084472656,25.950000762939453,26.43000030517578,201400,0.0,0.0
2024-08-22 00:00:00-04:00,26.40999984741211,26.40999984741211,25.950000762939453,26.209999084472656,163100,0.0,0.0
2024-08-23 00:00:00-04:00,26.510000228881836,27.434999465942383,26.059999465942383,27.3799991607666,379600,0.0,0.0
2024-08-26 00:00:00-04:00,27.5,27.920000076293945,27.200000762939453,27.549999237060547,338900,0.0,0.0
2024-08-27 00:00:00-04:00,27.479999542236328,27.479999542236328,26.559999465942383,27.059999465942383,159300,0.0,0.0
2024-08-28 00:00:00-04:00,26.93000030517578,26.979999542236328,26.305999755859375,26.3700008392334,221600,0.0,0.0
2024-08-29 00:00:00-04:00,26.479999542236328,27.350000381469727,26.263999938964844,26.760000228881836,189200,0.0,0.0
2024-08-30 00:00:00-04:00,26.68000030517578,27.110000610351562,26.479999542236328,26.739999771118164,227300,0.0,0.0
2024-09-03 00:00:00-04:00,26.540000915527344,27.25,25.84000015258789,26.010000228881836,504900,0.0,0.0
2024-09-04 00:00:00-04:00,25.809999465942383,26.06999969482422,25.510000228881836,25.739999771118164,169000,0.0,0.0
2024-09-05 00:00:00-04:00,25.739999771118164,25.860000610351562,25.030000686645508,25.3700008392334,198500,0.0,0.0
2024-09-06 00:00:00-04:00,25.389999389648438,25.815000534057617,24.520000457763672,24.93000030517578,161900,0.0,0.0
2024-09-09 00:00:00-04:00,24.579999923706055,24.59000015258789,23.155000686645508,24.040000915527344,668500,0.0,0.0
2024-09-10 00:00:00-04:00,24.100000381469727,24.309999465942383,23.760000228881836,24.1299991607666,295000,0.0,0.0
2024-09-11 00:00:00-04:00,24.25,24.889999389648438,24.0049991607666,24.34000015258789,192200,0.0,0.0
2024-09-12 00:00:00-04:00,24.3700008392334,24.860000610351562,24.1200008392334,24.489999771118164,271400,0.0,0.0
2024-09-13 00:00:00-04:00,26.09000015258789,26.139999389648438,24.790000915527344,25.260000228881836,310500,0.0,0.0
2024-09-16 00:00:00-04:00,25.3799991607666,25.40999984741211,24.610000610351562,25.15999984741211,383600,0.0,0.0
2024-09-17 00:00:00-04:00,25.360000610351562,25.739999771118164,24.889999389648438,25.389999389648438,296000,0.0,0.0
2024-09-18 00:00:00-04:00,25.389999389648438,26.149999618530273,25.079999923706055,25.270000457763672,400600,0.0,0.0
2024-09-19 00:00:00-04:00,25.850000381469727,26.780000686645508,25.65999984741211,26.25,424000,0.0,0.0
2024-09-20 00:00:00-04:00,26.229999542236328,26.25,25.450000762939453,25.639999389648438,3248000,0.0,0.0
2024-09-23 00:00:00-04:00,25.81999969482422,25.81999969482422,24.6200008392334,24.6200008392334,427800,0.0,0.0
2024-09-24 00:00:00-04:00,24.760000228881836,24.760000228881836,24.229999542236328,24.450000762939453,454900,0.0,0.0
2024-09-25 00:00:00-04:00,24.459999084472656,24.725000381469727,24.049999237060547,24.100000381469727,380900,0.0,0.0
2024-09-26 00:00:00-04:00,24.440000534057617,24.440000534057617,23.6200008392334,23.959999084472656,276800,0.0,0.0
2024-09-27 00:00:00-04:00,24.239999771118164,25.020000457763672,23.969999313354492,25.0,425100,0.0,0.0
2024-09-30 00:00:00-04:00,25.1299991607666,25.350000381469727,24.700000762939453,24.989999771118164,368700,0.0,0.0
2024-10-01 00:00:00-04:00,24.799999237060547,25.5,24.34000015258789,25.469999313354492,353500,0.0,0.0
2024-10-02 00:00:00-04:00,25.360000610351562,25.81999969482422,24.5,24.530000686645508,294000,0.0,0.0
2024-10-03 00:00:00-04:00,24.3700008392334,24.864999771118164,24.059999465942383,24.290000915527344,153600,0.0,0.0
2024-10-04 00:00:00-04:00,24.56999969482422,24.735000610351562,24.239999771118164,24.479999542236328,142100,0.0,0.0
2024-10-07 00:00:00-04:00,24.479999542236328,24.479999542236328,23.329999923706055,23.729999542236328,403500,0.0,0.0
2024-10-08 00:00:00-04:00,23.93000030517578,24.628999710083008,23.639999389648438,24.469999313354492,266100,0.0,0.0
2024-10-09 00:00:00-04:00,24.56999969482422,25.104999542236328,24.200000762939453,24.93000030517578,325300,0.0,0.0
2024-10-10 00:00:00-04:00,24.799999237060547,26.049999237060547,24.579999923706055,25.489999771118164,413800,0.0,0.0
2024-10-11 00:00:00-04:00,25.549999237060547,26.690000534057617,25.520000457763672,26.559999465942383,290500,0.0,0.0
2024-10-14 00:00:00-04:00,26.579999923706055,26.81999969482422,26.540000915527344,26.6299991607666,322300,0.0,0.0
2024-10-15 00:00:00-04:00,26.6299991607666,27.18000030517578,26.413000106811523,27.059999465942383,285500,0.0,0.0
2024-10-16 00:00:00-04:00,27.200000762939453,27.350000381469727,26.299999237060547,26.31999969482422,190700,0.0,0.0
2024-10-17 00:00:00-04:00,26.299999237060547,26.860000610351562,26.100000381469727,26.75,223000,0.0,0.0
2024-10-18 00:00:00-04:00,26.610000610351562,26.610000610351562,26.0,26.260000228881836,162000,0.0,0.0
2024-10-21 00:00:00-04:00,26.079999923706055,26.329999923706055,25.68000030517578,25.885000228881836,242700,0.0,0.0
2024-10-22 00:00:00-04:00,25.719999313354492,27.0,25.670000076293945,26.790000915527344,219800,0.0,0.0
2024-10-23 00:00:00-04:00,26.75,27.450000762939453,26.450000762939453,26.84000015258789,223100,0.0,0.0
2024-10-24 00:00:00-04:00,26.850000381469727,26.979999542236328,26.329999923706055,26.920000076293945,248800,0.0,0.0
2024-10-25 00:00:00-04:00,27.139999389648438,27.670000076293945,26.829999923706055,27.440000534057617,204300,0.0,0.0
2024-10-28 00:00:00-04:00,27.670000076293945,28.149999618530273,27.3700008392334,27.59000015258789,343400,0.0,0.0
2024-10-29 00:00:00-04:00,21.31999969482422,25.360000610351562,20.2549991607666,23.264999389648438,981700,0.0,0.0
2024-10-30 00:00:00-04:00,23.299999237060547,23.860000610351562,23.0,23.010000228881836,357700,0.0,0.0
2024-10-31 00:00:00-04:00,22.8700008392334,23.200000762939453,22.34000015258789,22.59000015258789,474400,0.0,0.0
2024-11-01 00:00:00-04:00,22.829999923706055,23.3700008392334,22.260000228881836,22.475000381469727,358300,0.0,0.0
2024-11-04 00:00:00-05:00,22.260000228881836,22.260000228881836,21.440000534057617,21.479999542236328,446200,0.0,0.0
2024-11-05 00:00:00-05:00,20.65999984741211,22.139999389648438,20.65999984741211,22.030000686645508,373500,0.0,0.0
2024-11-06 00:00:00-05:00,22.899999618530273,23.170000076293945,22.170000076293945,23.030000686645508,505800,0.0,0.0
2024-11-07 00:00:00-05:00,23.079999923706055,23.420000076293945,22.68000030517578,23.010000228881836,314300,0.0,0.0
2024-11-08 00:00:00-05:00,23.010000228881836,23.3700008392334,22.6200008392334,22.860000610351562,353800,0.0,0.0
2024-11-11 00:00:00-05:00,22.860000610351562,23.514999389648438,22.860000610351562,23.040000915527344,317300,0.0,0.0
2024-11-12 00:00:00-05:00,22.90999984741211,23.329999923706055,22.65999984741211,22.989999771118164,428600,0.0,0.0
2024-11-13 00:00:00-05:00,23.18000030517578,23.34000015258789,22.559999465942383,22.6200008392334,234100,0.0,0.0
2024-11-14 00:00:00-05:00,22.459999084472656,22.56999969482422,21.704999923706055,21.809999465942383,218400,0.0,0.0
2024-11-15 00:00:00-05:00,21.899999618530273,21.954999923706055,21.1299991607666,21.290000915527344,259900,0.0,0.0
2024-11-18 00:00:00-05:00,21.020000457763672,21.520000457763672,20.579999923706055,21.5,337600,0.0,0.0
2024-11-19 00:00:00-05:00,21.3799991607666,21.5,20.6200008392334,20.81999969482422,309200,0.0,0.0
2024-11-20 00:00:00-05:00,20.729999542236328,21.549999237060547,20.40999984741211,21.209999084472656,245600,0.0,0.0
2024-11-21 00:00:00-05:00,21.270000457763672,21.3799991607666,20.709999084472656,21.09000015258789,247600,0.0,0.0
2024-11-22 00:00:00-05:00,21.15999984741211,21.479999542236328,21.117000579833984,21.280000686645508,191900,0.0,0.0
2024-11-25 00:00:00-05:00,21.549999237060547,22.360000610351562,21.485000610351562,21.799999237060547,358000,0.0,0.0
2024-11-26 00:00:00-05:00,21.729999542236328,22.280000686645508,21.290000915527344,22.040000915527344,220200,0.0,0.0
2024-11-27 00:00:00-05:00,22.100000381469727,22.479999542236328,21.934999465942383,22.31999969482422,164000,0.0,0.0
2024-11-29 00:00:00-05:00,22.34000015258789,22.3799991607666,21.71500015258789,22.079999923706055,126000,0.0,0.0
2024-12-02 00:00:00-05:00,22.079999923706055,22.309999465942383,21.799999237060547,21.850000381469727,345800,0.0,0.0
2024-12-03 00:00:00-05:00,21.68000030517578,21.739999771118164,20.700000762939453,21.170000076293945,336800,0.0,0.0
2024-12-04 00:00:00-05:00,21.200000762939453,21.25,20.90999984741211,21.1299991607666,326400,0.0,0.0
2024-12-05 00:00:00-05:00,21.09000015258789,21.299999237060547,20.75,20.979999542236328,218100,0.0,0.0
2024-12-06 00:00:00-05:00,20.979999542236328,21.559999465942383,20.770000457763672,21.510000228881836,314400,0.0,0.0
2024-12-09 00:00:00-05:00,21.3700008392334,21.825000762939453,21.1299991607666,21.31999969482422,277800,0.0,0.0
2024-12-10 00:00:00-05:00,21.360000610351562,21.90999984741211,21.260000228881836,21.40999984741211,227400,0.0,0.0
2024-12-11 00:00:00-05:00,21.479999542236328,21.479999542236328,21.040000915527344,21.25,205600,0.0,0.0
2024-12-12 00:00:00-05:00,21.1299991607666,21.1299991607666,19.860000610351562,20.139999389648438,320600,0.0,0.0
2024-12-13 00:00:00-05:00,20.09000015258789,20.280000686645508,19.940000534057617,20.200000762939453,192500,0.0,0.0
2024-12-16 00:00:00-05:00,20.200000762939453,20.916000366210938,20.0,20.31999969482422,322100,0.0,0.0
2024-12-17 00:00:00-05:00,20.149999618530273,20.690000534057617,19.969999313354492,20.489999771118164,262300,0.0,0.0
2024-12-18 00:00:00-05:00,20.610000610351562,20.850000381469727,20.020000457763672,20.059999465942383,417500,0.0,0.0
2024-12-19 00:00:00-05:00,20.049999237060547,20.708999633789062,20.049999237060547,20.489999771118164,382900,0.0,0.0
2024-12-20 00:00:00-05:00,20.329999923706055,20.690000534057617,20.200000762939453,20.59000015258789,592600,0.0,0.0
2024-12-23 00:00:00-05:00,20.56999969482422,20.75,20.110000610351562,20.25,368800,0.0,0.0
2024-12-24 00:00:00-05:00,20.270000457763672,20.270000457763672,19.790000915527344,19.940000534057617,73900,0.0,0.0
2024-12-26 00:00:00-05:00,19.700000762939453,20.239999771118164,19.510000228881836,20.110000610351562,668900,0.0,0.0
2024-12-27 00:00:00-05:00,19.959999084472656,20.125,19.520000457763672,20.010000228881836,394400,0.0,0.0
2024-12-30 00:00:00-05:00,19.8700008392334,19.8700008392334,19.5,19.600000381469727,863400,0.0,0.0
2024-12-31 00:00:00-05:00,19.739999771118164,20.1299991607666,19.469999313354492,19.780000686645508,399200,0.0,0.0
2025-01-02 00:00:00-05:00,20.0,20.34000015258789,19.7549991607666,19.940000534057617,505300,0.0,0.0
2025-01-03 00:00:00-05:00,19.989999771118164,20.3799991607666,19.920000076293945,20.309999465942383,379600,0.0,0.0
2025-01-06 00:00:00-05:00,20.31999969482422,20.329999923706055,20.0,20.020000457763672,533300,0.0,0.0
2025-01-07 00:00:00-05:00,20.0,20.31999969482422,19.969999313354492,20.0,373600,0.0,0.0
2025-01-08 00:00:00-05:00,19.860000610351562,20.364999771118164,19.76099967956543,20.299999237060547,370100,0.0,0.0
2025-01-10 00:00:00-05:00,20.110000610351562,20.579999923706055,19.540000915527344,19.93000030517578,600000,0.0,0.0
2025-01-13 00:00:00-05:00,18.309999465942383,19.485000610351562,17.81999969482422,18.170000076293945,684100,0.0,0.0
2025-01-14 00:00:00-05:00,18.329999923706055,18.920000076293945,18.219999313354492,18.34000015258789,639200,0.0,0.0
2025-01-15 00:00:00-05:00,18.809999465942383,19.049999237060547,18.579999923706055,18.81999969482422,552300,0.0,0.0
2025-01-16 00:00:00-05:00,18.709999084472656,18.860000610351562,18.31999969482422,18.389999389648438,424400,0.0,0.0
2025-01-17 00:00:00-05:00,18.440000534057617,18.739999771118164,18.270000457763672,18.540000915527344,482300,0.0,0.0
2025-01-21 00:00:00-05:00,18.75,18.934999465942383,18.488000869750977,18.709999084472656,712000,0.0,0.0
2025-01-22 00:00:00-05:00,18.780000686645508,19.260000228881836,18.469999313354492,19.209999084472656,558700,0.0,0.0
2025-01-23 00:00:00-05:00,19.18000030517578,19.940000534057617,18.969999313354492,19.770000457763672,576900,0.0,0.0
2025-01-24 00:00:00-05:00,19.760000228881836,20.579999923706055,19.520000457763672,20.030000686645508,797400,0.0,0.0
2025-01-27 00:00:00-05:00,20.06999969482422,20.780000686645508,19.56999969482422,20.760000228881836,918800,0.0,0.0
2025-01-28 00:00:00-05:00,20.799999237060547,20.899999618530273,20.18000030517578,20.18000030517578,578300,0.0,0.0
2025-01-29 00:00:00-05:00,20.239999771118164,20.889999389648438,20.239999771118164,20.65999984741211,535600,0.0,0.0
2025-01-30 00:00:00-05:00,20.829999923706055,20.829999923706055,19.760000228881836,19.8799991607666,547200,0.0,0.0
2025-01-31 00:00:00-05:00,20.100000381469727,20.100000381469727,19.545000076293945,19.600000381469727,570300,0.0,0.0
2025-02-03 00:00:00-05:00,19.579999923706055,19.600000381469727,18.850000381469727,18.8799991607666,555400,0.0,0.0
2025-02-04 00:00:00-05:00,18.959999084472656,19.190000534057617,18.729999542236328,18.739999771118164,550000,0.0,0.0
2025-02-05 00:00:00-05:00,18.799999237060547,19.84000015258789,18.520000457763672,19.6299991607666,830800,0.0,0.0
2025-02-06 00:00:00-05:00,19.75,20.729999542236328,19.600000381469727,20.290000915527344,1684700,0.0,0.0
2025-02-07 00:00:00-05:00,20.299999237060547,20.360000610351562,19.389999389648438,19.489999771118164,379500,0.0,0.0
2025-02-10 00:00:00-05:00,19.6200008392334,19.959999084472656,19.3700008392334,19.600000381469727,357200,0.0,0.0
2025-02-11 00:00:00-05:00,19.200000762939453,19.75,18.1200008392334,19.700000762939453,569500,0.0,0.0
2025-02-12 00:00:00-05:00,19.209999084472656,19.905000686645508,19.165000915527344,19.280000686645508,244000,0.0,0.0
2025-02-13 00:00:00-05:00,19.280000686645508,19.68000030517578,19.174999237060547,19.649999618530273,268800,0.0,0.0
2025-02-14 00:00:00-05:00,19.920000076293945,20.31999969482422,19.579999923706055,19.739999771118164,640900,0.0,0.0
2025-02-18 00:00:00-05:00,19.700000762939453,20.010000228881836,19.426000595092773,19.549999237060547,244200,0.0,0.0
2025-02-19 00:00:00-05:00,19.56999969482422,20.200000762939453,19.53499984741211,19.719999313354492,460600,0.0,0.0
2025-02-20 00:00:00-05:00,19.6299991607666,19.809999465942383,19.309999465942383,19.690000534057617,215300,0.0,0.0
2025-02-21 00:00:00-05:00,19.899999618530273,20.09000015258789,19.5,20.020000457763672,404100,0.0,0.0
2025-02-24 00:00:00-05:00,20.020000457763672,20.040000915527344,19.6299991607666,19.6299991607666,383900,0.0,0.0
2025-02-25 00:00:00-05:00,19.200000762939453,20.149999618530273,19.200000762939453,19.719999313354492,713700,0.0,0.0
2025-02-26 00:00:00-05:00,19.969999313354492,20.15999984741211,19.665000915527344,19.690000534057617,1247500,0.0,0.0
2025-02-27 00:00:00-05:00,19.639999389648438,20.040000915527344,19.450000762939453,19.6299991607666,446900,0.0,0.0
2025-02-28 00:00:00-05:00,19.670000076293945,20.48900032043457,19.579999923706055,20.280000686645508,733800,0.0,0.0
2025-03-03 00:00:00-05:00,20.469999313354492,22.229999542236328,20.430999755859375,21.459999084472656,1356000,0.0,0.0
2025-03-04 00:00:00-05:00,21.360000610351562,21.950000762939453,20.8700008392334,21.329999923706055,1299000,0.0,0.0
2025-03-05 00:00:00-05:00,21.329999923706055,22.020000457763672,21.100000381469727,21.389999389648438,1238100,0.0,0.0
2025-03-06 00:00:00-05:00,21.360000610351562,21.579999923706055,20.68000030517578,21.270000457763672,733800,0.0,0.0
2025-03-07 00:00:00-05:00,21.18000030517578,22.139999389648438,21.05500030517578,21.510000228881836,822400,0.0,0.0
2025-03-10 00:00:00-04:00,21.31999969482422,21.68000030517578,20.700000762939453,20.860000610351562,673000,0.0,0.0
2025-03-11 00:00:00-04:00,20.75,21.549999237060547,20.389999389648438,21.549999237060547,582100,0.0,0.0
2025-03-12 00:00:00-04:00,21.649999618530273,22.6299991607666,21.594999313354492,22.5,611600,0.0,0.0
2025-03-13 00:00:00-04:00,22.940000534057617,22.940000534057617,22.1200008392334,22.15999984741211,500100,0.0,0.0
2025-03-14 00:00:00-04:00,22.360000610351562,22.860000610351562,22.020000457763672,22.610000610351562,595000,0.0,0.0
2025-03-17 00:00:00-04:00,22.729999542236328,23.1200008392334,22.719999313354492,22.969999313354492,374000,0.0,0.0
2025-03-18 00:00:00-04:00,22.729999542236328,23.030000686645508,22.329999923706055,22.610000610351562,366700,0.0,0.0
2025-03-19 00:00:00-04:00,22.68000030517578,23.110000610351562,22.540000915527344,23.079999923706055,396100,0.0,0.0
2025-03-20 00:00:00-04:00,23.030000686645508,24.309999465942383,22.979999542236328,23.809999465942383,592300,0.0,0.0
2025-03-21 00:00:00-04:00,23.649999618530273,23.860000610351562,23.280000686645508,23.360000610351562,435100,0.0,0.0
2025-03-24 00:00:00-04:00,23.469999313354492,23.860000610351562,23.079999923706055,23.40999984741211,460500,0.0,0.0
2025-03-25 00:00:00-04:00,23.229999542236328,23.6299991607666,23.010000228881836,23.190000534057617,363100,0.0,0.0
2025-03-26 00:00:00-04:00,23.09000015258789,23.100000381469727,22.6200008392334,22.760000228881836,211800,0.0,0.0
2025-03-27 00:00:00-04:00,23.110000610351562,23.420000076293945,22.719999313354492,23.360000610351562,526200,0.0,0.0
2025-03-28 00:00:00-04:00,23.209999084472656,23.3799991607666,22.829999923706055,23.09000015258789,1544600,0.0,0.0
2025-03-31 00:00:00-04:00,22.579999923706055,22.655000686645508,22.020000457763672,22.209999084472656,357500,0.0,0.0
2025-04-01 00:00:00-04:00,22.079999923706055,22.469999313354492,21.687999725341797,21.770000457763672,435900,0.0,0.0
2025-04-02 00:00:00-04:00,21.81999969482422,22.219999313354492,21.389999389648438,21.850000381469727,348600,0.0,0.0
2025-04-03 00:00:00-04:00,21.420000076293945,21.78499984741211,21.325000762939453,21.760000228881836,494000,0.0,0.0
2025-04-04 00:00:00-04:00,20.5,21.209999084472656,19.81999969482422,20.360000610351562,735500,0.0,0.0
2025-04-07 00:00:00-04:00,19.889999389648438,21.110000610351562,19.25,20.280000686645508,1050500,0.0,0.0
2025-04-08 00:00:00-04:00,20.700000762939453,21.309999465942383,19.309999465942383,19.479999542236328,643700,0.0,0.0
2025-04-09 00:00:00-04:00,19.68000030517578,20.15999984741211,18.2549991607666,19.899999618530273,876000,0.0,0.0
2025-04-10 00:00:00-04:00,19.59000015258789,19.719999313354492,18.290000915527344,18.649999618530273,1255400,0.0,0.0
2025-04-11 00:00:00-04:00,18.65999984741211,19.34000015258789,18.399999618530273,19.309999465942383,692400,0.0,0.0
2025-04-14 00:00:00-04:00,19.729999542236328,20.934999465942383,19.40999984741211,20.690000534057617,530600,0.0,0.0
2025-04-15 00:00:00-04:00,20.56999969482422,21.239999771118164,20.540000915527344,21.219999313354492,578000,0.0,0.0
2025-04-16 00:00:00-04:00,21.0,21.0,20.21500015258789,20.53499984741211,689100,0.0,0.0
2025-04-17 00:00:00-04:00,20.530000686645508,20.645000457763672,20.149999618530273,20.209999084472656,529800,0.0,0.0
2025-04-21 00:00:00-04:00,20.100000381469727,20.889999389648438,19.899999618530273,20.049999237060547,659000,0.0,0.0
2025-04-22 00:00:00-04:00,20.18000030517578,20.440000534057617,19.6200008392334,20.020000457763672,797900,0.0,0.0
2025-04-23 00:00:00-04:00,20.420000076293945,21.3799991607666,20.270000457763672,20.8799991607666,515700,0.0,0.0
2025-04-24 00:00:00-04:00,21.0,21.235000610351562,20.34000015258789,20.559999465942383,330600,0.0,0.0
2025-04-25 00:00:00-04:00,20.3799991607666,21.3799991607666,20.190000534057617,21.364999771118164,416000,0.0,0.0
2025-04-28 00:00:00-04:00,21.389999389648438,21.770000457763672,21.25,21.469999313354492,545100,0.0,0.0
2025-04-29 00:00:00-04:00,22.549999237060547,26.09000015258789,22.225000381469727,25.8799991607666,2017300,0.0,0.0
2025-04-30 00:00:00-04:00,26.020000457763672,27.527999877929688,25.600000381469727,26.969999313354492,1484600,0.0,0.0
2025-05-01 00:00:00-04:00,26.780000686645508,28.1200008392334,26.6299991607666,27.739999771118164,1095200,0.0,0.0
2025-05-02 00:00:00-04:00,27.780000686645508,28.05500030517578,27.43000030517578,27.649999618530273,662200,0.0,0.0
2025-05-05 00:00:00-04:00,27.770000457763672,28.559999465942383,27.559999465942383,27.780000686645508,565800,0.0,0.0
2025-05-06 00:00:00-04:00,27.520000457763672,27.709999084472656,26.559999465942383,26.940000534057617,562000,0.0,0.0
2025-05-07 00:00:00-04:00,27.0,27.0,26.389999389648438,26.770000457763672,441900,0.0,0.0
2025-05-08 00:00:00-04:00,26.65999984741211,27.0,25.969999313354492,26.719999313354492,373500,0.0,0.0
2025-05-09 00:00:00-04:00,26.860000610351562,27.139999389648438,26.010000228881836,26.030000686645508,272100,0.0,0.0
2025-05-12 00:00:00-04:00,26.0,26.90999984741211,26.0,26.84000015258789,309000,0.0,0.0
2025-05-13 00:00:00-04:00,26.950000762939453,27.190000534057617,25.3700008392334,25.600000381469727,414200,0.0,0.0
2025-05-14 00:00:00-04:00,25.600000381469727,25.844999313354492,24.850000381469727,25.030000686645508,555500,0.0,0.0
2025-05-15 00:00:00-04:00,25.280000686645508,25.950000762939453,24.850000381469727,25.8700008392334,295500,0.0,0.0
2025-05-16 00:00:00-04:00,25.889999389648438,26.399999618530273,25.399999618530273,26.25,541900,0.0,0.0
2025-05-19 00:00:00-04:00,26.25,26.780000686645508,25.959999084472656,26.739999771118164,426200,0.0,0.0
2025-05-20 00:00:00-04:00,26.770000457763672,27.059999465942383,26.329999923706055,26.700000762939453,308800,0.0,0.0
2025-05-21 00:00:00-04:00,26.540000915527344,26.6200008392334,26.0,26.1200008392334,374400,0.0,0.0
2025-05-22 00:00:00-04:00,25.90999984741211,26.260000228881836,25.77199935913086,25.950000762939453,369700,0.0,0.0
2025-05-23 00:00:00-04:00,25.93000030517578,27.030000686645508,25.700000762939453,26.889999389648438,590200,0.0,0.0
2025-05-27 00:00:00-04:00,27.010000228881836,27.09000015258789,26.40999984741211,26.489999771118164,646500,0.0,0.0
2025-05-28 00:00:00-04:00,26.459999084472656,27.860000610351562,26.280000686645508,27.260000228881836,720100,0.0,0.0
2025-05-29 00:00:00-04:00,27.899999618530273,27.899999618530273,27.079999923706055,27.18000030517578,523600,0.0,0.0
2025-05-30 00:00:00-04:00,27.139999389648438,27.6299991607666,26.579999923706055,27.360000610351562,543600,0.0,0.0
2025-06-02 00:00:00-04:00,27.540000915527344,28.28499984741211,27.20400047302246,27.920000076293945,654300,0.0,0.0
2025-06-03 00:00:00-04:00,27.920000076293945,29.709999084472656,27.700000762939453,29.110000610351562,1109600,0.0,0.0
2025-06-04 00:00:00-04:00,29.190000534057617,29.479999542236328,28.739999771118164,28.8799991607666,815700,0.0,0.0
2025-06-05 00:00:00-04:00,28.760000228881836,29.735000610351562,28.649999618530273,29.520000457763672,1058700,0.0,0.0
2025-06-06 00:00:00-04:00,29.3799991607666,30.270000457763672,29.3799991607666,30.229999542236328,1070400,0.0,0.0
2025-06-09 00:00:00-04:00,30.489999771118164,30.600000381469727,29.940000534057617,30.329999923706055,532400,0.0,0.0
2025-06-10 00:00:00-04:00,30.450000762939453,30.684999465942383,29.645000457763672,29.770000457763672,562300,0.0,0.0
2025-06-11 00:00:00-04:00,29.84000015258789,30.690000534057617,29.700000762939453,30.219999313354492,702200,0.0,0.0
2025-06-12 00:00:00-04:00,30.209999084472656,30.21500015258789,27.649999618530273,27.729999542236328,1336000,0.0,0.0
2025-06-13 00:00:00-04:00,27.290000915527344,28.31999969482422,26.540000915527344,28.299999237060547,907300,0.0,0.0
2025-06-16 00:00:00-04:00,28.059999465942383,28.684999465942383,27.649999618530273,28.40999984741211,674300,0.0,0.0
2025-06-17 00:00:00-04:00,28.149999618530273,28.280000686645508,27.649999618530273,27.950000762939453,597100,0.0,0.0
2025-06-18 00:00:00-04:00,27.950000762939453,28.239999771118164,27.6200008392334,27.93000030517578,487800,0.0,0.0
2025-06-20 00:00:00-04:00,28.1299991607666,28.520000457763672,27.799999237060547,28.440000534057617,654900,0.0,0.0
2025-06-23 00:00:00-04:00,28.610000610351562,29.290000915527344,28.25,28.719999313354492,701100,0.0,0.0
2025-06-24 00:00:00-04:00,28.920000076293945,29.200000762939453,28.479999542236328,29.059999465942383,686300,0.0,0.0
2025-06-25 00:00:00-04:00,28.90999984741211,29.229999542236328,28.219999313354492,28.3799991607666,584600,0.0,0.0
2025-06-26 00:00:00-04:00,28.639999389648438,28.704999923706055,27.940000534057617,28.489999771118164,432500,0.0,0.0
2025-06-27 00:00:00-04:00,28.5,28.858999252319336,27.90999984741211,28.040000915527344,8685900,0.0,0.0
2025-06-30 00:00:00-04:00,28.510000228881836,28.53499984741211,27.079999923706055,27.670000076293945,952400,0.0,0.0
2025-07-01 00:00:00-04:00,27.549999237060547,27.900999069213867,27.239999771118164,27.239999771118164,702000,0.0,0.0
2025-07-02 00:00:00-04:00,27.25,27.969999313354492,26.889999389648438,27.440000534057617,946600,0.0,0.0
2025-07-03 00:00:00-04:00,27.5,27.920000076293945,27.1200008392334,27.8799991607666,558100,0.0,0.0
2025-07-07 00:00:00-04:00,27.579999923706055,28.16699981689453,27.299999237060547,27.950000762939453,728400,0.0,0.0
2025-07-08 00:00:00-04:00,27.760000228881836,28.15999984741211,27.059999465942383,27.209999084472656,636700,0.0,0.0
2025-07-09 00:00:00-04:00,27.709999084472656,29.25,27.4950008392334,28.799999237060547,908900,0.0,0.0
2025-07-10 00:00:00-04:00,28.770000457763672,29.09000015258789,28.5,28.950000762939453,356600,0.0,0.0
2025-07-11 00:00:00-04:00,28.739999771118164,28.739999771118164,27.915000915527344,28.09000015258789,355300,0.0,0.0
2025-07-14 00:00:00-04:00,28.260000228881836,29.066999435424805,28.170000076293945,28.799999237060547,406700,0.0,0.0
2025-07-15 00:00:00-04:00,28.709999084472656,28.893999099731445,27.950000762939453,28.09000015258789,404500,0.0,0.0
2025-07-16 00:00:00-04:00,28.3799991607666,28.959999084472656,28.299999237060547,28.420000076293945,339700,0.0,0.0
2025-07-17 00:00:00-04:00,28.219999313354492,28.90999984741211,28.18600082397461,28.84000015258789,703100,0.0,0.0
2025-07-18 00:00:00-04:00,29.030000686645508,29.579999923706055,28.825000762939453,29.020000457763672,841400,0.0,0.0
2025-07-21 00:00:00-04:00,29.040000915527344,29.239999771118164,28.405000686645508,28.420000076293945,492500,0.0,0.0
2025-07-22 00:00:00-04:00,28.360000610351562,28.559999465942383,27.440000534057617,27.639999389648438,456500,0.0,0.0
2025-07-23 00:00:00-04:00,27.690000534057617,28.165000915527344,27.030000686645508,27.1200008392334,380500,0.0,0.0
2025-07-24 00:00:00-04:00,27.030000686645508,27.385000228881836,26.520000457763672,26.899999618530273,405700,0.0,0.0
2025-07-25 00:00:00-04:00,26.969999313354492,26.969999313354492,26.270000457763672,26.329999923706055,624500,0.0,0.0
2025-07-28 00:00:00-04:00,26.649999618530273,27.34000015258789,26.510000228881836,27.040000915527344,669900,0.0,0.0
2025-07-29 00:00:00-04:00,30.600000381469727,31.920000076293945,29.239999771118164,30.3700008392334,1679200,0.0,0.0
2025-07-30 00:00:00-04:00,30.829999923706055,31.049999237060547,29.65999984741211,30.059999465942383,1224900,0.0,0.0
2025-07-31 00:00:00-04:00,30.059999465942383,30.84000015258789,29.899999618530273,30.260000228881836,618600,0.0,0.0
2025-08-01 00:00:00-04:00,30.190000534057617,32.150001525878906,30.040000915527344,31.979999542236328,1072100,0.0,0.0
2025-08-04 00:00:00-04:00,32.88999938964844,33.099998474121094,32.02000045776367,32.95000076293945,848700,0.0,0.0
2025-08-05 00:00:00-04:00,33.0099983215332,33.97999954223633,32.81999969482422,33.06999969482422,1280200,0.0,0.0
2025-08-06 00:00:00-04:00,32.84000015258789,33.099998474121094,32.125,32.720001220703125,656000,0.0,0.0
2025-08-07 00:00:00-04:00,32.66999816894531,33.15999984741211,32.11399841308594,33.11000061035156,607000,0.0,0.0
2025-08-08 00:00:00-04:00,33.40999984741211,33.68000030517578,31.780000686645508,32.150001525878906,675900,0.0,0.0
2025-08-11 00:00:00-04:00,32.29999923706055,32.869998931884766,32.0,32.7400016784668,418500,0.0,0.0
2025-08-12 00:00:00-04:00,32.849998474121094,33.0,32.060001373291016,32.779998779296875,400800,0.0,0.0
2025-08-13 00:00:00-04:00,32.959999084472656,33.65999984741211,32.685001373291016,33.650001525878906,573100,0.0,0.0
2025-08-14 00:00:00-04:00,33.20000076293945,33.5,32.81999969482422,33.279998779296875,474100,0.0,0.0
2025-08-15 00:00:00-04:00,33.099998474121094,33.810001373291016,32.95500183105469,33.380001068115234,588600,0.0,0.0
2025-08-18 00:00:00-04:00,33.52000045776367,34.54600143432617,33.4109992980957,33.720001220703125,586400,0.0,0.0
2025-08-19 00:00:00-04:00,33.54999923706055,33.970001220703125,33.060001373291016,33.150001525878906,371500,0.0,0.0
2025-08-20 00:00:00-04:00,33.279998779296875,33.4900016784668,32.91999816894531,33.209999084472656,396800,0.0,0.0
2025-08-21 00:00:00-04:00,33.22999954223633,33.68000030517578,32.900001525878906,33.58000183105469,337400,0.0,0.0
2025-08-22 00:00:00-04:00,33.7599983215332,34.2400016784668,33.529998779296875,33.75,356200,0.0,0.0
2025-08-25 00:00:00-04:00,33.7400016784668,33.96500015258789,32.98500061035156,33.040000915527344,281600,0.0,0.0
2025-08-26 00:00:00-04:00,33.06999969482422,33.63999938964844,32.88999938964844,33.56999969482422,584600,0.0,0.0
2025-08-27 00:00:00-04:00,33.56999969482422,34.15999984741211,33.36000061035156,33.70000076293945,352400,0.0,0.0
2025-08-28 00:00:00-04:00,33.7400016784668,34.130001068115234,33.369998931884766,33.5,241800,0.0,0.0
2025-08-29 00:00:00-04:00,33.560001373291016,33.650001525878906,33.25,33.4900016784668,316900,0.0,0.0
2025-09-02 00:00:00-04:00,33.93000030517578,34.505001068115234,33.45000076293945,34.279998779296875,545400,0.0,0.0
2025-09-03 00:00:00-04:00,34.400001525878906,35.529998779296875,34.0,35.47999954223633,600300,0.0,0.0
2025-09-04 00:00:00-04:00,35.29999923706055,35.59000015258789,35.060001373291016,35.5099983215332,480800,0.0,0.0
2025-09-05 00:00:00-04:00,35.529998779296875,35.84000015258789,35.119998931884766,35.709999084472656,328200,0.0,0.0
2025-09-08 00:00:00-04:00,35.56999969482422,36.7400016784668,35.45000076293945,36.56999969482422,549500,0.0,0.0
2025-09-09 00:00:00-04:00,36.09000015258789,36.92499923706055,35.7599983215332,36.86000061035156,416000,0.0,0.0
2025-09-10 00:00:00-04:00,36.900001525878906,37.25,35.720001220703125,36.22999954223633,491800,0.0,0.0
2025-09-11 00:00:00-04:00,36.310001373291016,37.04999923706055,36.12099838256836,37.0099983215332,403200,0.0,0.0
2025-09-12 00:00:00-04:00,37.02000045776367,37.3390007019043,36.400001525878906,37.099998474121094,396000,0.0,0.0
2025-09-15 00:00:00-04:00,37.27000045776367,37.27000045776367,35.7400016784668,36.560001373291016,561500,0.0,0.0
2025-09-16 00:00:00-04:00,36.56999969482422,36.63999938964844,35.54100036621094,35.77000045776367,274200,0.0,0.0
2025-09-17 00:00:00-04:00,35.56999969482422,35.979000091552734,35.290000915527344,35.43000030517578,233800,0.0,0.0
2025-09-18 00:00:00-04:00,35.5,36.04999923706055,35.38999938964844,35.91999816894531,323200,0.0,0.0
2025-09-19 00:00:00-04:00,35.720001220703125,35.91999816894531,35.290000915527344,35.41999816894531,489200,0.0,0.0
2025-09-22 00:00:00-04:00,35.880001068115234,36.4900016784668,35.33000183105469,36.08000183105469,267100,0.0,0.0
2025-09-23 00:00:00-04:00,35.88999938964844,36.40999984741211,35.8849983215332,36.33000183105469,277300,0.0,0.0
2025-09-24 00:00:00-04:00,36.5,36.849998474121094,35.91999816894531,36.09000015258789,621200,0.0,0.0
2025-09-25 00:00:00-04:00,35.959999084472656,36.439998626708984,35.47999954223633,35.5099983215332,375300,0.0,0.0
2025-09-26 00:00:00-04:00,35.81999969482422,36.619998931884766,35.380001068115234,36.4900016784668,285300,0.0,0.0
2025-09-29 00:00:00-04:00,37.439998626708984,38.869998931884766,37.27000045776367,38.77000045776367,957700,0.0,0.0
2025-09-30 00:00:00-04:00,38.68000030517578,39.0,38.0,38.83000183105469,363000,0.0,0.0
2025-10-01 00:00:00-04:00,38.88999938964844,39.119998931884766,38.20000076293945,38.63999938964844,447100,0.0,0.0
2025-10-02 00:00:00-04:00,38.40999984741211,38.59000015258789,37.349998474121094,37.470001220703125,391100,0.0,0.0
2025-10-03 00:00:00-04:00,37.459999084472656,38.599998474121094,37.380001068115234,38.4900016784668,608900,0.0,0.0
2025-10-06 00:00:00-04:00,38.68000030517578,38.9900016784668,37.92499923706055,38.290000915527344,263700,0.0,0.0
2025-10-07 00:00:00-04:00,38.290000915527344,38.3650016784668,37.689998626708984,38.119998931884766,241800,0.0,0.0
2025-10-08 00:00:00-04:00,38.310001373291016,38.6349983215332,37.61000061035156,38.310001373291016,291000,0.0,0.0
2025-10-09 00:00:00-04:00,38.4900016784668,39.43000030517578,38.060001373291016,38.11000061035156,394600,0.0,0.0
2025-10-10 00:00:00-04:00,38.11000061035156,38.47999954223633,37.09000015258789,37.88999938964844,460200,0.0,0.0
2025-10-13 00:00:00-04:00,38.209999084472656,38.290000915527344,37.0,37.029998779296875,347000,0.0,0.0
2025-10-14 00:00:00-04:00,36.869998931884766,38.040000915527344,36.79999923706055,37.88999938964844,298900,0.0,0.0
2025-10-15 00:00:00-04:00,37.81999969482422,39.20000076293945,37.81999969482422,38.86000061035156,352600,0.0,0.0
2025-10-16 00:00:00-04:00,39.0,39.38999938964844,38.48500061035156,38.91999816894531,560500,0.0,0.0
2025-10-17 00:00:00-04:00,38.900001525878906,39.13999938964844,37.849998474121094,38.63999938964844,361400,0.0,0.0
2025-10-20 00:00:00-04:00,38.59000015258789,39.56999969482422,38.11000061035156,38.9900016784668,630500,0.0,0.0
2025-10-21 00:00:00-04:00,38.9900016784668,39.45000076293945,38.470001220703125,38.849998474121094,577700,0.0,0.0
2025-10-22 00:00:00-04:00,39.685001373291016,39.790000915527344,38.459999084472656,38.900001525878906,422000,0.0,0.0
2025-10-23 00:00:00-04:00,38.869998931884766,38.93000030517578,38.02000045776367,38.77000045776367,402000,0.0,0.0
2025-10-24 00:00:00-04:00,39.029998779296875,39.599998474121094,38.720001220703125,38.93000030517578,789400,0.0,0.0
2025-10-27 00:00:00-04:00,39.790000915527344,40.88999938964844,39.625,40.599998474121094,595800,0.0,0.0
2025-10-28 00:00:00-04:00,41.3650016784668,42.04999923706055,35.20000076293945,39.43000030517578,1310600,0.0,0.0
2025-10-29 00:00:00-04:00,39.290000915527344,39.43000030517578,36.77000045776367,37.380001068115234,1245800,0.0,0.0
2025-10-30 00:00:00-04:00,37.59000015258789,38.279998779296875,37.07500076293945,37.290000915527344,507600,0.0,0.0
2025-10-31 00:00:00-04:00,37.43000030517578,37.67499923706055,36.779998779296875,37.0099983215332,481700,0.0,0.0
2025-11-03 00:00:00-05:00,37.02000045776367,37.939998626708984,36.560001373291016,37.470001220703125,496900,0.0,0.0
2025-11-04 00:00:00-05:00,37.79999923706055,39.279998779296875,37.470001220703125,38.540000915527344,687200,0.0,0.0
2025-11-05 00:00:00-05:00,39.47999954223633,39.654998779296875,38.220001220703125,39.13999938964844,360900,0.0,0.0
2025-11-06 00:00:00-05:00,38.849998474121094,39.369998931884766,38.52000045776367,38.630001068115234,209000,0.0,0.0
2025-11-07 00:00:00-05:00,38.54999923706055,38.81999969482422,37.61000061035156,38.369998931884766,285400,0.0,0.0
2025-11-10 00:00:00-05:00,39.709999084472656,39.81999969482422,38.56999969482422,39.5,261500,0.0,0.0
2025-11-11 00:00:00-05:00,39.5,40.88999938964844,39.189998626708984,40.56999969482422,276800,0.0,0.0
2025-11-12 00:00:00-05:00,40.5,41.26499938964844,40.040000915527344,40.58000183105469,405300,0.0,0.0
2025-11-13 00:00:00-05:00,40.65999984741211,40.88999938964844,40.09000015258789,40.290000915527344,264600,0.0,0.0
2025-11-14 00:00:00-05:00,40.029998779296875,41.189998626708984,40.0,40.31999969482422,264900,0.0,0.0
2025-11-17 00:00:00-05:00,40.0,41.70000076293945,39.61000061035156,41.400001525878906,276400,0.0,0.0
2025-11-18 00:00:00-05:00,41.130001068115234,42.29999923706055,40.52000045776367,41.279998779296875,381000,0.0,0.0
2025-11-19 00:00:00-05:00,41.029998779296875,42.2599983215332,40.70000076293945,42.15999984741211,361900,0.0,0.0
2025-11-20 00:00:00-05:00,42.34000015258789,42.93000030517578,41.3849983215332,41.4900016784668,455600,0.0,0.0
2025-11-21 00:00:00-05:00,41.220001220703125,42.06999969482422,40.439998626708984,41.58000183105469,177800,0.0,0.0
2025-11-24 00:00:00-05:00,41.7400016784668,42.35499954223633,40.7599983215332,41.970001220703125,614000,0.0,0.0
2025-11-25 00:00:00-05:00,41.33000183105469,42.849998474121094,41.0,42.709999084472656,479100,0.0,0.0
2025-11-26 00:00:00-05:00,42.95000076293945,42.97999954223633,42.01100158691406,42.540000915527344,311900,0.0,0.0
2025-11-28 00:00:00-05:00,42.5,42.88999938964844,42.02000045776367,42.52000045776367,147800,0.0,0.0
2025-12-01 00:00:00-05:00,42.33000183105469,42.529998779296875,40.689998626708984,40.93000030517578,352900,0.0,0.0
2025-12-02 00:00:00-05:00,40.849998474121094,41.66999816894531,40.03499984741211,40.06999969482422,235500,0.0,0.0
2025-12-03 00:00:00-05:00,40.31999969482422,41.54999923706055,39.61000061035156,40.59000015258789,231800,0.0,0.0
2025-12-04 00:00:00-05:00,40.349998474121094,41.47999954223633,39.790000915527344,40.9900016784668,331100,0.0,0.0
2025-12-05 00:00:00-05:00,41.119998931884766,42.0,40.310001373291016,41.66999816894531,339500,0.0,0.0
2025-12-08 00:00:00-05:00,42.08000183105469,42.119998931884766,41.0,41.54999923706055,336900,0.0,0.0
2025-12-09 00:00:00-05:00,41.349998474121094,42.31999969482422,41.0,41.13999938964844,567400,0.0,0.0
2025-12-10 00:00:00-05:00,41.13999938964844,41.599998474121094,40.04999923706055,40.54499816894531,299600,0.0,0.0
2025-12-11 00:00:00-05:00,40.63999938964844,41.75,40.334999084472656,41.0099983215332,451400,0.0,0.0
2025-12-12 00:00:00-05:00,41.060001373291016,41.9900016784668,40.33000183105469,41.59000015258789,489800,0.0,0.0
2025-12-15 00:00:00-05:00,41.650001525878906,41.9900016784668,41.18000030517578,41.54999923706055,619400,0.0,0.0
2025-12-16 00:00:00-05:00,41.380001068115234,42.0,41.04999923706055,41.369998931884766,523000,0.0,0.0
2025-12-17 00:00:00-05:00,41.369998931884766,42.0,41.209999084472656,41.470001220703125,389900,0.0,0.0
2025-12-18 00:00:00-05:00,41.40999984741211,42.470001220703125,40.77000045776367,42.0,557200,0.0,0.0
2025-12-19 00:00:00-05:00,42.25,43.73099899291992,42.02000045776367,43.189998626708984,918900,0.0,0.0
2025-12-22 00:00:00-05:00,43.0,44.41999816894531,42.459999084472656,43.52000045776367,512600,0.0,0.0
2025-12-23 00:00:00-05:00,43.540000915527344,43.65999984741211,42.34299850463867,42.52000045776367,244000,0.0,0.0
2025-12-24 00:00:00-05:00,42.68000030517578,42.9900016784668,42.290000915527344,42.4900016784668,153800,0.0,0.0
2025-12-26 00:00:00-05:00,42.47999954223633,42.57500076293945,41.650001525878906,42.0,199900,0.0,0.0
2025-12-29 00:00:00-05:00,41.869998931884766,41.869998931884766,40.900001525878906,40.994998931884766,281100,0.0,0.0
2025-12-30 00:00:00-05:00,40.88999938964844,42.150001525878906,40.52000045776367,40.9900016784668,266000,0.0,0.0
2025-12-31 00:00:00-05:00,40.900001525878906,41.380001068115234,40.564998626708984,41.25,267100,0.0,0.0
2026-01-02 00:00:00-05:00,41.2599983215332,42.89500045776367,40.95000076293945,42.005001068115234,709300,0.0,0.0
2026-01-05 00:00:00-05:00,41.81999969482422,41.90999984741211,39.15999984741211,41.060001373291016,699900,0.0,0.0
2026-01-06 00:00:00-05:00,41.06999969482422,43.54999923706055,40.9900016784668,42.68000030517578,1124400,0.0,0.0
2026-01-07 00:00:00-05:00,42.93000030517578,43.2599983215332,41.560001373291016,42.41999816894531,557200,0.0,0.0
2026-01-08 00:00:00-05:00,42.2400016784668,42.35499954223633,41.33000183105469,41.72999954223633,336400,0.0,0.0
2026-01-09 00:00:00-05:00,42.22999954223633,42.689998626708984,41.310001373291016,42.66999816894531,482200,0.0,0.0
2026-01-12 00:00:00-05:00,42.59000015258789,43.0,41.0099983215332,41.119998931884766,870000,0.0,0.0
2026-01-13 00:00:00-05:00,41.54999923706055,42.38600158691406,38.20000076293945,38.599998474121094,580500,0.0,0.0
2026-01-14 00:00:00-05:00,38.439998626708984,39.689998626708984,37.560001373291016,39.560001373291016,988000,0.0,0.0
2026-01-15 00:00:00-05:00,39.560001373291016,39.74100112915039,37.02000045776367,37.91999816894531,1011400,0.0,0.0
2026-01-16 00:00:00-05:00,38.11000061035156,39.470001220703125,38.040000915527344,39.40999984741211,765500,0.0,0.0
2026-01-20 00:00:00-05:00,38.790000915527344,41.040000915527344,38.400001525878906,41.029998779296875,516800,0.0,0.0
2026-01-21 00:00:00-05:00,40.56999969482422,42.130001068115234,40.43000030517578,41.83000183105469,1317900,0.0,0.0
2026-01-22 00:00:00-05:00,41.83000183105469,42.75,41.220001220703125,42.439998626708984,904000,0.0,0.0
2026-01-23 00:00:00-05:00,42.38999938964844,43.0,41.650001525878906,42.20000076293945,597600,0.0,0.0
2026-01-26 00:00:00-05:00,42.09000015258789,43.400001525878906,41.5,43.20000076293945,735100,0.0,0.0
2026-01-27 00:00:00-05:00,43.2599983215332,44.65999984741211,43.25,44.63999938964844,341900,0.0,0.0
2026-01-28 00:00:00-05:00,45.0,45.0,42.98500061035156,43.279998779296875,713900,0.0,0.0
2026-01-29 00:00:00-05:00,43.34000015258789,44.154998779296875,43.14500045776367,43.959999084472656,485200,0.0,0.0
2026-01-30 00:00:00-05:00,44.02000045776367,44.560001373291016,43.18000030517578,43.91999816894531,987000,0.0,0.0
2026-02-02 00:00:00-05:00,43.650001525878906,45.02000045776367,43.650001525878906,44.66999816894531,383000,0.0,0.0
2026-02-03 00:00:00-05:00,44.369998931884766,45.5,44.2599983215332,44.959999084472656,435700,0.0,0.0
2026-02-04 00:00:00-05:00,44.970001220703125,45.084999084472656,43.09000015258789,43.52000045776367,523900,0.0,0.0
2026-02-05 00:00:00-05:00,43.40999984741211,44.3380012512207,41.97999954223633,42.58000183105469,334300,0.0,0.0
2026-02-06 00:00:00-05:00,42.77000045776367,43.7400016784668,42.689998626708984,43.09000015258789,312800,0.0,0.0
2026-02-09 00:00:00-05:00,43.150001525878906,44.43000030517578,42.0,44.349998474121094,403800,0.0,0.0
2026-02-10 00:00:00-05:00,44.220001220703125,45.0099983215332,43.94499969482422,44.709999084472656,386700,0.0,0.0
2026-02-11 00:00:00-05:00,44.439998626708984,44.97999954223633,43.11000061035156,44.97999954223633,350500,0.0,0.0
2026-02-12 00:00:00-05:00,45.0,45.5,43.5,44.709999084472656,312300,0.0,0.0
2026-02-13 00:00:00-05:00,44.7400016784668,46.650001525878906,44.29999923706055,45.369998931884766,510500,0.0,0.0
2026-02-17 00:00:00-05:00,44.970001220703125,45.58000183105469,43.54999923706055,45.380001068115234,552500,0.0,0.0
2026-02-18 00:00:00-05:00,45.36000061035156,45.8120002746582,44.88999938964844,45.38999938964844,255800,0.0,0.0
2026-02-19 00:00:00-05:00,46.25,47.5099983215332,45.494998931884766,47.16999816894531,631900,0.0,0.0
2026-02-20 00:00:00-05:00,47.459999084472656,47.85499954223633,46.75,47.77000045776367,468600,0.0,0.0
2026-02-23 00:00:00-05:00,47.779998779296875,49.119998931884766,47.275001525878906,47.38999938964844,846700,0.0,0.0
2026-02-24 00:00:00-05:00,42.75,46.33000183105469,41.119998931884766,43.5,1216000,0.0,0.0
2026-02-25 00:00:00-05:00,43.5,43.5,41.69499969482422,42.7599983215332,1108200,0.0,0.0
2026-02-26 00:00:00-05:00,42.72999954223633,44.29999923706055,42.42499923706055,43.4900016784668,814300,0.0,0.0
2026-02-27 00:00:00-05:00,43.86000061035156,44.560001373291016,43.029998779296875,44.4900016784668,569100,0.0,0.0
2026-03-02 00:00:00-05:00,44.130001068115234,46.16999816894531,43.5099983215332,46.0,803300,0.0,0.0
2026-03-03 00:00:00-05:00,45.83000183105469,46.25,44.939998626708984,45.369998931884766,842900,0.0,0.0
2026-03-04 00:00:00-05:00,44.66999816894531,47.459999084472656,43.33399963378906,47.27000045776367,836300,0.0,0.0
2026-03-05 00:00:00-05:00,46.68000030517578,46.720001220703125,44.83000183105469,46.02000045776367,729600,0.0,0.0
2026-03-06 00:00:00-05:00,46.02000045776367,47.40999984741211,44.941001892089844,46.15999984741211,1257700,0.0,0.0
2026-03-09 00:00:00-04:00,45.869998931884766,46.86000061035156,44.45000076293945,46.7400016784668,484400,0.0,0.0
2026-03-10 00:00:00-04:00,47.20000076293945,47.40999984741211,45.65999984741211,47.02000045776367,441200,0.0,0.0
2026-03-11 00:00:00-04:00,46.91999816894531,47.0,45.65999984741211,46.310001373291016,257700,0.0,0.0
2026-03-12 00:00:00-04:00,46.20000076293945,46.6619987487793,44.869998931884766,46.06999969482422,976000,0.0,0.0
2026-03-13 00:00:00-04:00,46.4900016784668,46.540000915527344,45.29499816894531,45.779998779296875,852900,0.0,0.0
2026-03-16 00:00:00-04:00,45.75,47.83000183105469,45.75,46.5,770600,0.0,0.0
2026-03-17 00:00:00-04:00,46.72999954223633,47.099998474121094,46.40999984741211,47.02000045776367,518200,0.0,0.0
2026-03-18 00:00:00-04:00,47.02000045776367,47.02000045776367,45.040000915527344,45.150001525878906,630100,0.0,0.0
2026-03-19 00:00:00-04:00,45.209999084472656,45.93000030517578,44.36000061035156,45.630001068115234,789000,0.0,0.0
2026-03-20 00:00:00-04:00,45.63999938964844,46.34000015258789,44.619998931884766,46.08000183105469,852500,0.0,0.0
2026-03-23 00:00:00-04:00,46.36000061035156,47.165000915527344,45.709999084472656,46.040000915527344,679400,0.0,0.0
2026-03-24 00:00:00-04:00,45.75,45.75,44.43000030517578,44.939998626708984,439300,0.0,0.0
2026-03-25 00:00:00-04:00,45.0,46.70000076293945,45.0,45.84000015258789,381000,0.0,0.0
2026-03-26 00:00:00-04:00,45.75,47.130001068115234,45.2400016784668,46.779998779296875,405500,0.0,0.0
2026-03-27 00:00:00-04:00,46.599998474121094,46.90800094604492,45.439998626708984,45.75,974300,0.0,0.0
2026-03-30 00:00:00-04:00,45.59000015258789,45.95000076293945,44.7599983215332,45.70000076293945,315342,0.0,0.0
