Date,Open,High,Low,Close,Volume,Dividends,Stock Splits
2022-01-03 00:00:00-05:00,24.940000534057617,25.420000076293945,24.350000381469727,25.010000228881836,2298800,0.0,0.0
2022-01-04 00:00:00-05:00,25.25,26.059999465942383,24.520000457763672,25.030000686645508,2346200,0.0,0.0
2022-01-05 00:00:00-05:00,25.0,25.549999237060547,22.709999084472656,22.950000762939453,2473900,0.0,0.0
2022-01-06 00:00:00-05:00,22.780000686645508,23.440000534057617,21.84000015258789,22.299999237060547,3594500,0.0,0.0
2022-01-07 00:00:00-05:00,22.350000381469727,23.440000534057617,22.139999389648438,22.43000030517578,1634600,0.0,0.0
2022-01-10 00:00:00-05:00,21.950000762939453,22.079999923706055,20.950000762939453,22.030000686645508,2157000,0.0,0.0
2022-01-11 00:00:00-05:00,22.530000686645508,24.860000610351562,22.110000610351562,24.520000457763672,3804600,0.0,0.0
2022-01-12 00:00:00-05:00,25.3700008392334,26.8700008392334,24.899999618530273,24.93000030517578,4280000,0.0,0.0
2022-01-13 00:00:00-05:00,24.8700008392334,25.469999313354492,24.31999969482422,24.43000030517578,1904600,0.0,0.0
2022-01-14 00:00:00-05:00,24.0,24.575000762939453,23.309999465942383,24.110000610351562,2092200,0.0,0.0
2022-01-18 00:00:00-05:00,23.770000457763672,24.440000534057617,22.459999084472656,22.520000457763672,3043800,0.0,0.0
2022-01-19 00:00:00-05:00,22.8700008392334,23.280000686645508,21.915000915527344,21.920000076293945,2514600,0.0,0.0
2022-01-20 00:00:00-05:00,22.110000610351562,23.6299991607666,21.920000076293945,21.979999542236328,2013600,0.0,0.0
2022-01-21 00:00:00-05:00,21.510000228881836,21.959999084472656,20.530000686645508,20.90999984741211,3033300,0.0,0.0
2022-01-24 00:00:00-05:00,20.0,21.1299991607666,18.84000015258789,21.059999465942383,3424600,0.0,0.0
2022-01-25 00:00:00-05:00,20.3700008392334,22.1299991607666,20.1200008392334,21.549999237060547,3183900,0.0,0.0
2022-01-26 00:00:00-05:00,22.399999618530273,23.84000015258789,22.100000381469727,22.5,7334100,0.0,0.0
2022-01-27 00:00:00-05:00,17.399999618530273,18.139999389648438,15.550000190734863,15.920000076293945,23526400,0.0,0.0
2022-01-28 00:00:00-05:00,15.739999771118164,17.170000076293945,15.470000267028809,16.8799991607666,8237700,0.0,0.0
2022-01-31 00:00:00-05:00,16.81999969482422,18.940000534057617,16.719999313354492,18.760000228881836,5081200,0.0,0.0
2022-02-01 00:00:00-05:00,19.020000457763672,19.969999313354492,18.399999618530273,19.43000030517578,3905600,0.0,0.0
2022-02-02 00:00:00-05:00,19.280000686645508,19.5,17.649999618530273,18.0,3262100,0.0,0.0
2022-02-03 00:00:00-05:00,17.649999618530273,18.25,17.1200008392334,17.190000534057617,2875800,0.0,0.0
2022-02-04 00:00:00-05:00,17.15999984741211,17.760000228881836,16.860000610351562,17.540000915527344,2875300,0.0,0.0
2022-02-07 00:00:00-05:00,17.3700008392334,18.06999969482422,17.301000595092773,17.43000030517578,1825500,0.0,0.0
2022-02-08 00:00:00-05:00,17.530000686645508,18.280000686645508,17.309999465942383,18.100000381469727,2548500,0.0,0.0
2022-02-09 00:00:00-05:00,18.40999984741211,19.079999923706055,18.329999923706055,19.079999923706055,1740600,0.0,0.0
2022-02-10 00:00:00-05:00,18.600000381469727,19.270000457763672,17.899999618530273,18.06999969482422,2532200,0.0,0.0
2022-02-11 00:00:00-05:00,17.959999084472656,18.479999542236328,17.18000030517578,17.489999771118164,1871000,0.0,0.0
2022-02-14 00:00:00-05:00,17.360000610351562,18.040000915527344,17.059999465942383,17.31999969482422,1298600,0.0,0.0
2022-02-15 00:00:00-05:00,17.700000762939453,18.423999786376953,17.549999237060547,18.389999389648438,2347200,0.0,0.0
2022-02-16 00:00:00-05:00,18.81999969482422,19.139999389648438,18.459999084472656,18.940000534057617,1764500,0.0,0.0
2022-02-17 00:00:00-05:00,18.719999313354492,18.90999984741211,17.860000610351562,18.020000457763672,2203100,0.0,0.0
2022-02-18 00:00:00-05:00,17.979999542236328,18.204999923706055,17.520000457763672,17.90999984741211,2176000,0.0,0.0
2022-02-22 00:00:00-05:00,17.6299991607666,18.51799964904785,17.229999542236328,17.6299991607666,1941700,0.0,0.0
2022-02-23 00:00:00-05:00,17.84000015258789,18.09000015258789,16.799999237060547,16.81999969482422,1501100,0.0,0.0
2022-02-24 00:00:00-05:00,15.949999809265137,18.149999618530273,15.899999618530273,18.059999465942383,2178500,0.0,0.0
2022-02-25 00:00:00-05:00,18.15999984741211,18.8799991607666,17.6200008392334,18.780000686645508,1752900,0.0,0.0
2022-02-28 00:00:00-05:00,18.579999923706055,19.06999969482422,18.200000762939453,18.579999923706055,2104600,0.0,0.0
2022-03-01 00:00:00-05:00,18.93000030517578,19.100000381469727,17.40999984741211,17.690000534057617,2040900,0.0,0.0
2022-03-02 00:00:00-05:00,17.770000457763672,18.2450008392334,17.44499969482422,18.020000457763672,1710300,0.0,0.0
2022-03-03 00:00:00-05:00,18.0,18.09000015258789,16.84000015258789,17.09000015258789,1518500,0.0,0.0
2022-03-04 00:00:00-05:00,16.760000228881836,17.06999969482422,15.550000190734863,15.8100004196167,1911600,0.0,0.0
2022-03-07 00:00:00-05:00,15.4399995803833,16.1200008392334,14.640000343322754,14.640000343322754,2103500,0.0,0.0
2022-03-08 00:00:00-05:00,14.699999809265137,15.449999809265137,14.25,14.710000038146973,2400100,0.0,0.0
2022-03-09 00:00:00-05:00,15.40999984741211,15.920000076293945,15.279999732971191,15.640000343322754,2413100,0.0,0.0
2022-03-10 00:00:00-05:00,15.319999694824219,15.454000473022461,14.699999809265137,15.079999923706055,2314300,0.0,0.0
2022-03-11 00:00:00-05:00,15.260000228881836,15.420000076293945,14.229999542236328,14.239999771118164,1758900,0.0,0.0
2022-03-14 00:00:00-04:00,14.25,14.369999885559082,13.289999961853027,13.569999694824219,3041100,0.0,0.0
2022-03-15 00:00:00-04:00,13.579999923706055,14.180000305175781,13.420000076293945,14.119999885559082,1852400,0.0,0.0
2022-03-16 00:00:00-04:00,14.6899995803833,15.529999732971191,14.569999694824219,15.359999656677246,2076200,0.0,0.0
2022-03-17 00:00:00-04:00,15.329999923706055,16.040000915527344,15.074999809265137,16.030000686645508,1477500,0.0,0.0
2022-03-18 00:00:00-04:00,16.1200008392334,16.75,15.899999618530273,16.440000534057617,2108700,0.0,0.0
2022-03-21 00:00:00-04:00,16.489999771118164,16.65999984741211,15.729999542236328,15.949999809265137,1260800,0.0,0.0
2022-03-22 00:00:00-04:00,16.0,16.829999923706055,15.960000038146973,16.600000381469727,1041100,0.0,0.0
2022-03-23 00:00:00-04:00,16.3799991607666,16.639999389648438,15.800000190734863,15.920000076293945,1779000,0.0,0.0
2022-03-24 00:00:00-04:00,15.930000305175781,16.219999313354492,15.609999656677246,16.200000762939453,1007400,0.0,0.0
2022-03-25 00:00:00-04:00,16.219999313354492,16.280000686645508,15.430000305175781,15.819999694824219,1272900,0.0,0.0
2022-03-28 00:00:00-04:00,15.8100004196167,16.1299991607666,15.454999923706055,16.1200008392334,1691100,0.0,0.0
2022-03-29 00:00:00-04:00,16.489999771118164,17.3799991607666,16.40999984741211,17.209999084472656,1564700,0.0,0.0
2022-03-30 00:00:00-04:00,17.200000762939453,17.200000762939453,16.094999313354492,16.25,2971400,0.0,0.0
2022-03-31 00:00:00-04:00,16.25,16.530000686645508,15.779999732971191,15.779999732971191,1318500,0.0,0.0
2022-04-01 00:00:00-04:00,15.90999984741211,16.09000015258789,15.529999732971191,15.649999618530273,1542800,0.0,0.0
2022-04-04 00:00:00-04:00,15.710000038146973,16.03499984741211,15.430000305175781,15.850000381469727,1690900,0.0,0.0
2022-04-05 00:00:00-04:00,15.979999542236328,15.979999542236328,15.279999732971191,15.300000190734863,1825900,0.0,0.0
2022-04-06 00:00:00-04:00,15.069999694824219,15.079999923706055,14.34000015258789,14.539999961853027,1895900,0.0,0.0
2022-04-07 00:00:00-04:00,14.5,14.746000289916992,13.9399995803833,14.619999885559082,1414800,0.0,0.0
2022-04-08 00:00:00-04:00,14.569999694824219,14.760000228881836,14.25,14.260000228881836,645200,0.0,0.0
2022-04-11 00:00:00-04:00,14.109999656677246,14.619999885559082,13.880000114440918,13.979999542236328,2450600,0.0,0.0
2022-04-12 00:00:00-04:00,14.300000190734863,14.670000076293945,13.569999694824219,13.720000267028809,1202300,0.0,0.0
2022-04-13 00:00:00-04:00,13.720000267028809,14.119999885559082,13.699999809265137,14.020000457763672,1407700,0.0,0.0
2022-04-14 00:00:00-04:00,14.029999732971191,14.079999923706055,13.460000038146973,13.520000457763672,1577800,0.0,0.0
2022-04-18 00:00:00-04:00,13.369999885559082,13.630000114440918,13.210000038146973,13.449999809265137,1541300,0.0,0.0
2022-04-19 00:00:00-04:00,13.449999809265137,14.430000305175781,13.359999656677246,14.149999618530273,1858500,0.0,0.0
2022-04-20 00:00:00-04:00,14.25,14.3100004196167,13.779999732971191,14.0,2346100,0.0,0.0
2022-04-21 00:00:00-04:00,14.329999923706055,14.625,13.270000457763672,13.479999542236328,1521600,0.0,0.0
2022-04-22 00:00:00-04:00,13.399999618530273,13.829999923706055,13.178999900817871,13.369999885559082,1611800,0.0,0.0
2022-04-25 00:00:00-04:00,13.119999885559082,14.449999809265137,13.081000328063965,14.420000076293945,2383900,0.0,0.0
2022-04-26 00:00:00-04:00,14.229999542236328,14.390000343322754,13.739999771118164,13.84000015258789,2914800,0.0,0.0
2022-04-27 00:00:00-04:00,13.800000190734863,14.130000114440918,13.449999809265137,13.75,2934300,0.0,0.0
2022-04-28 00:00:00-04:00,16.950000762939453,17.479999542236328,15.15999984741211,16.31999969482422,7990500,0.0,0.0
2022-04-29 00:00:00-04:00,16.239999771118164,16.700000762939453,15.109999656677246,15.25,2666200,0.0,0.0
2022-05-02 00:00:00-04:00,15.149999618530273,15.729999542236328,14.920000076293945,15.699999809265137,1915900,0.0,0.0
2022-05-03 00:00:00-04:00,15.550000190734863,15.850000381469727,15.260000228881836,15.65999984741211,1408600,0.0,0.0
2022-05-04 00:00:00-04:00,15.720000267028809,16.3799991607666,14.8100004196167,16.3700008392334,4463600,0.0,0.0
2022-05-05 00:00:00-04:00,15.970000267028809,16.040000915527344,15.109999656677246,15.420000076293945,2223300,0.0,0.0
2022-05-06 00:00:00-04:00,15.300000190734863,15.399999618530273,14.630000114440918,14.949999809265137,1887300,0.0,0.0
2022-05-09 00:00:00-04:00,14.489999771118164,14.779999732971191,13.649999618530273,13.899999618530273,2349400,0.0,0.0
2022-05-10 00:00:00-04:00,12.850000381469727,13.699999809265137,12.479999542236328,13.140000343322754,3350500,0.0,0.0
2022-05-11 00:00:00-04:00,13.149999618530273,13.699999809265137,12.739999771118164,13.0,2545800,0.0,0.0
2022-05-12 00:00:00-04:00,12.6899995803833,13.619999885559082,12.479999542236328,13.15999984741211,3104300,0.0,0.0
2022-05-13 00:00:00-04:00,13.670000076293945,14.460000038146973,13.579999923706055,14.180000305175781,2122800,0.0,0.0
2022-05-16 00:00:00-04:00,14.039999961853027,14.130000114440918,13.460000038146973,13.529999732971191,2244000,0.0,0.0
2022-05-17 00:00:00-04:00,14.010000228881836,14.430000305175781,13.729999542236328,14.079999923706055,2307200,0.0,0.0
2022-05-18 00:00:00-04:00,13.720000267028809,14.098999977111816,12.994999885559082,13.1899995803833,2266200,0.0,0.0
2022-05-19 00:00:00-04:00,13.199999809265137,13.604999542236328,13.050999641418457,13.380000114440918,1596600,0.0,0.0
2022-05-20 00:00:00-04:00,13.640000343322754,13.729999542236328,12.65999984741211,13.079999923706055,1599300,0.0,0.0
2022-05-23 00:00:00-04:00,13.279999732971191,13.425000190734863,12.75,13.399999618530273,1378200,0.0,0.0
2022-05-24 00:00:00-04:00,13.109999656677246,13.210000038146973,12.270000457763672,12.710000038146973,2036800,0.0,0.0
2022-05-25 00:00:00-04:00,12.770000457763672,13.619999885559082,12.770000457763672,13.520000457763672,1955700,0.0,0.0
2022-05-26 00:00:00-04:00,13.649999618530273,14.364999771118164,13.579000473022461,14.130000114440918,2472800,0.0,0.0
2022-05-27 00:00:00-04:00,14.3100004196167,15.664999961853027,14.3100004196167,15.640000343322754,2586100,0.0,0.0
2022-05-31 00:00:00-04:00,15.550000190734863,15.979999542236328,15.239999771118164,15.720000267028809,2104300,0.0,0.0
2022-06-01 00:00:00-04:00,15.699999809265137,16.170000076293945,15.109999656677246,15.390000343322754,1603400,0.0,0.0
2022-06-02 00:00:00-04:00,15.369999885559082,16.155000686645508,15.369999885559082,16.100000381469727,1377600,0.0,0.0
2022-06-03 00:00:00-04:00,15.850000381469727,15.930000305175781,15.510000228881836,15.670000076293945,898800,0.0,0.0
2022-06-06 00:00:00-04:00,15.90999984741211,16.149999618530273,15.656999588012695,15.829999923706055,976800,0.0,0.0
2022-06-07 00:00:00-04:00,15.569999694824219,16.40999984741211,15.5600004196167,16.40999984741211,1460300,0.0,0.0
2022-06-08 00:00:00-04:00,16.219999313354492,16.350000381469727,15.835000038146973,15.890000343322754,1123500,0.0,0.0
2022-06-09 00:00:00-04:00,15.65999984741211,15.751999855041504,14.960000038146973,14.989999771118164,1127500,0.0,0.0
2022-06-10 00:00:00-04:00,14.479999542236328,14.819999694824219,14.010000228881836,14.069999694824219,1189000,0.0,0.0
2022-06-13 00:00:00-04:00,13.229999542236328,13.489999771118164,12.640000343322754,12.970000267028809,1726500,0.0,0.0
2022-06-14 00:00:00-04:00,13.020000457763672,13.229999542236328,12.6899995803833,13.0,1458200,0.0,0.0
2022-06-15 00:00:00-04:00,13.289999961853027,13.506999969482422,12.729999542236328,13.199999809265137,1819400,0.0,0.0
2022-06-16 00:00:00-04:00,12.489999771118164,12.65999984741211,11.630000114440918,11.850000381469727,1932200,0.0,0.0
2022-06-17 00:00:00-04:00,11.829999923706055,12.430000305175781,11.75,12.180000305175781,2238200,0.0,0.0
2022-06-21 00:00:00-04:00,12.5600004196167,12.869999885559082,12.375,12.539999961853027,1367000,0.0,0.0
2022-06-22 00:00:00-04:00,12.239999771118164,12.555000305175781,12.178999900817871,12.34000015258789,1421100,0.0,0.0
2022-06-23 00:00:00-04:00,12.40999984741211,12.609999656677246,12.0,12.380000114440918,1427000,0.0,0.0
2022-06-24 00:00:00-04:00,12.640000343322754,13.109999656677246,12.475000381469727,13.069999694824219,2340100,0.0,0.0
2022-06-27 00:00:00-04:00,13.180000305175781,13.199999809265137,12.729999542236328,13.010000228881836,1094700,0.0,0.0
2022-06-28 00:00:00-04:00,13.170000076293945,13.390000343322754,12.609999656677246,12.760000228881836,1939600,0.0,0.0
2022-06-29 00:00:00-04:00,12.680000305175781,12.699999809265137,11.90999984741211,12.140000343322754,2018700,0.0,0.0
2022-06-30 00:00:00-04:00,11.729999542236328,11.984999656677246,11.350000381469727,11.6899995803833,2201900,0.0,0.0
2022-07-01 00:00:00-04:00,11.600000381469727,11.949999809265137,11.427000045776367,11.829999923706055,1535300,0.0,0.0
2022-07-05 00:00:00-04:00,11.399999618530273,12.34000015258789,11.164999961853027,12.220000267028809,2281000,0.0,0.0
2022-07-06 00:00:00-04:00,12.119999885559082,12.4399995803833,12.010000228881836,12.40999984741211,1714100,0.0,0.0
2022-07-07 00:00:00-04:00,12.670000076293945,13.125,12.65999984741211,12.970000267028809,1749100,0.0,0.0
2022-07-08 00:00:00-04:00,12.619999885559082,13.010000228881836,12.385000228881836,12.65999984741211,1960700,0.0,0.0
2022-07-11 00:00:00-04:00,12.460000038146973,12.510000228881836,12.119999885559082,12.289999961853027,998000,0.0,0.0
2022-07-12 00:00:00-04:00,12.130000114440918,12.670000076293945,12.130000114440918,12.399999618530273,1412000,0.0,0.0
2022-07-13 00:00:00-04:00,12.069999694824219,12.489999771118164,11.869999885559082,12.479999542236328,903300,0.0,0.0
2022-07-14 00:00:00-04:00,12.180000305175781,12.369999885559082,12.005000114440918,12.220000267028809,1065100,0.0,0.0
2022-07-15 00:00:00-04:00,12.65999984741211,12.949999809265137,12.420000076293945,12.90999984741211,1434200,0.0,0.0
2022-07-18 00:00:00-04:00,13.279999732971191,13.609999656677246,13.170000076293945,13.319999694824219,1037400,0.0,0.0
2022-07-19 00:00:00-04:00,13.630000114440918,14.359999656677246,13.579999923706055,14.1899995803833,2312000,0.0,0.0
2022-07-20 00:00:00-04:00,14.199999809265137,14.720000267028809,14.0649995803833,14.699999809265137,3051900,0.0,0.0
2022-07-21 00:00:00-04:00,14.529999732971191,14.6899995803833,14.260000228881836,14.579999923706055,1227300,0.0,0.0
2022-07-22 00:00:00-04:00,14.739999771118164,15.045000076293945,14.3149995803833,14.529999732971191,1472400,0.0,0.0
2022-07-25 00:00:00-04:00,14.600000381469727,14.789999961853027,14.25,14.770000457763672,1374500,0.0,0.0
2022-07-26 00:00:00-04:00,14.710000038146973,14.970000267028809,14.140000343322754,14.239999771118164,2322900,0.0,0.0
2022-07-27 00:00:00-04:00,14.579999923706055,15.324999809265137,14.399999618530273,15.210000038146973,2606600,0.0,0.0
2022-07-28 00:00:00-04:00,15.5,15.5,13.34000015258789,13.869999885559082,6278200,0.0,0.0
2022-07-29 00:00:00-04:00,13.960000038146973,14.008999824523926,13.510000228881836,13.850000381469727,2204600,0.0,0.0
2022-08-01 00:00:00-04:00,13.699999809265137,14.140000343322754,13.619999885559082,13.920000076293945,1806100,0.0,0.0
2022-08-02 00:00:00-04:00,13.770000457763672,14.09000015258789,13.550000190734863,13.699999809265137,1691700,0.0,0.0
2022-08-03 00:00:00-04:00,13.960000038146973,15.020000457763672,13.960000038146973,14.899999618530273,2503100,0.0,0.0
2022-08-04 00:00:00-04:00,15.050000190734863,15.170000076293945,14.5,15.15999984741211,1256200,0.0,0.0
2022-08-05 00:00:00-04:00,14.890000343322754,15.229999542236328,14.539999961853027,14.890000343322754,1704700,0.0,0.0
2022-08-08 00:00:00-04:00,14.960000038146973,15.460000038146973,14.960000038146973,15.010000228881836,1602500,0.0,0.0
2022-08-09 00:00:00-04:00,14.890000343322754,14.890000343322754,14.300000190734863,14.369999885559082,1720600,0.0,0.0
2022-08-10 00:00:00-04:00,14.859999656677246,15.600000381469727,14.854999542236328,15.229999542236328,2213500,0.0,0.0
2022-08-11 00:00:00-04:00,15.539999961853027,15.789999961853027,14.904999732971191,15.010000228881836,1724900,0.0,0.0
2022-08-12 00:00:00-04:00,15.140000343322754,15.449999809265137,14.979999542236328,15.4399995803833,1142000,0.0,0.0
2022-08-15 00:00:00-04:00,15.260000228881836,15.5649995803833,15.029999732971191,15.5600004196167,971100,0.0,0.0
2022-08-16 00:00:00-04:00,15.430000305175781,15.729999542236328,15.079999923706055,15.699999809265137,1235200,0.0,0.0
2022-08-17 00:00:00-04:00,15.369999885559082,15.640000343322754,15.085000038146973,15.25,1664500,0.0,0.0
2022-08-18 00:00:00-04:00,15.3100004196167,15.3100004196167,15.020000457763672,15.170000076293945,891100,0.0,0.0
2022-08-19 00:00:00-04:00,14.899999618530273,14.9399995803833,14.329999923706055,14.329999923706055,1123400,0.0,0.0
2022-08-22 00:00:00-04:00,13.970000267028809,14.204999923706055,13.75,13.880000114440918,1082900,0.0,0.0
2022-08-23 00:00:00-04:00,13.899999618530273,14.15999984741211,13.760000228881836,13.770000457763672,756700,0.0,0.0
2022-08-24 00:00:00-04:00,13.90999984741211,14.199999809265137,13.744999885559082,14.010000228881836,798500,0.0,0.0
2022-08-25 00:00:00-04:00,14.170000076293945,14.579999923706055,14.079999923706055,14.569999694824219,798200,0.0,0.0
2022-08-26 00:00:00-04:00,14.680000305175781,14.680000305175781,13.710000038146973,13.819999694824219,1621000,0.0,0.0
2022-08-29 00:00:00-04:00,13.630000114440918,13.770000457763672,13.460000038146973,13.649999618530273,1026800,0.0,0.0
2022-08-30 00:00:00-04:00,13.75,13.75,13.225000381469727,13.460000038146973,1067100,0.0,0.0
2022-08-31 00:00:00-04:00,13.529999732971191,13.729999542236328,13.020000457763672,13.069999694824219,1378100,0.0,0.0
2022-09-01 00:00:00-04:00,13.020000457763672,13.020000457763672,12.4399995803833,12.920000076293945,1867800,0.0,0.0
2022-09-02 00:00:00-04:00,13.229999542236328,13.300000190734863,12.59000015258789,12.699999809265137,1449100,0.0,0.0
2022-09-06 00:00:00-04:00,12.699999809265137,12.720000267028809,12.369999885559082,12.59000015258789,1220900,0.0,0.0
2022-09-07 00:00:00-04:00,12.569999694824219,13.0600004196167,12.569999694824219,13.0600004196167,997400,0.0,0.0
2022-09-08 00:00:00-04:00,12.859999656677246,13.229999542236328,12.760000228881836,13.220000267028809,954900,0.0,0.0
2022-09-09 00:00:00-04:00,13.510000228881836,13.970000267028809,13.300000190734863,13.899999618530273,1202500,0.0,0.0
2022-09-12 00:00:00-04:00,14.050000190734863,14.199999809265137,13.914999961853027,14.039999961853027,911900,0.0,0.0
2022-09-13 00:00:00-04:00,13.359999656677246,13.550000190734863,12.850000381469727,12.9399995803833,1320900,0.0,0.0
2022-09-14 00:00:00-04:00,13.0,13.0,12.329999923706055,12.770000457763672,1507900,0.0,0.0
2022-09-15 00:00:00-04:00,12.640000343322754,13.390000343322754,12.640000343322754,12.9399995803833,1230800,0.0,0.0
2022-09-16 00:00:00-04:00,12.630000114440918,12.75,12.359999656677246,12.65999984741211,1273600,0.0,0.0
2022-09-19 00:00:00-04:00,12.420000076293945,12.770000457763672,12.40999984741211,12.670000076293945,1216400,0.0,0.0
2022-09-20 00:00:00-04:00,12.4399995803833,12.510000228881836,12.210000038146973,12.319999694824219,1380900,0.0,0.0
2022-09-21 00:00:00-04:00,12.510000228881836,12.774999618530273,12.170000076293945,12.210000038146973,1380400,0.0,0.0
2022-09-22 00:00:00-04:00,12.079999923706055,12.140000343322754,11.494999885559082,11.5600004196167,1761500,0.0,0.0
2022-09-23 00:00:00-04:00,11.319999694824219,11.510000228881836,11.119999885559082,11.390000343322754,1706900,0.0,0.0
2022-09-26 00:00:00-04:00,11.319999694824219,11.75,11.109999656677246,11.119999885559082,1607300,0.0,0.0
2022-09-27 00:00:00-04:00,11.399999618530273,11.729999542236328,10.979999542236328,11.220000267028809,1146800,0.0,0.0
2022-09-28 00:00:00-04:00,11.210000038146973,11.789999961853027,11.1899995803833,11.609999656677246,1519100,0.0,0.0
2022-09-29 00:00:00-04:00,11.3100004196167,11.430000305175781,10.90999984741211,11.010000228881836,1897000,0.0,0.0
2022-09-30 00:00:00-04:00,11.050000190734863,11.430000305175781,10.960000038146973,11.050000190734863,2334900,0.0,0.0
2022-10-03 00:00:00-04:00,11.279999732971191,11.850000381469727,11.029999732971191,11.640000343322754,1568700,0.0,0.0
2022-10-04 00:00:00-04:00,11.899999618530273,12.289999961853027,11.899999618530273,12.09000015258789,3054400,0.0,0.0
2022-10-05 00:00:00-04:00,11.800000190734863,12.149999618530273,11.630000114440918,12.149999618530273,1415900,0.0,0.0
2022-10-06 00:00:00-04:00,12.039999961853027,12.329999923706055,11.800000190734863,12.109999656677246,1070800,0.0,0.0
2022-10-07 00:00:00-04:00,11.84000015258789,11.84000015258789,11.28499984741211,11.359999656677246,1403600,0.0,0.0
2022-10-10 00:00:00-04:00,11.449999809265137,11.475000381469727,11.079999923706055,11.390000343322754,1439600,0.0,0.0
2022-10-11 00:00:00-04:00,11.279999732971191,11.859999656677246,11.0600004196167,11.619999885559082,1393900,0.0,0.0
2022-10-12 00:00:00-04:00,11.649999618530273,11.729999542236328,11.3100004196167,11.579999923706055,1167000,0.0,0.0
2022-10-13 00:00:00-04:00,11.180000305175781,11.539999961853027,10.869999885559082,11.359999656677246,3490500,0.0,0.0
2022-10-14 00:00:00-04:00,11.619999885559082,11.899999618530273,10.930000305175781,10.949999809265137,2188700,0.0,0.0
2022-10-17 00:00:00-04:00,11.279999732971191,11.885000228881836,11.279999732971191,11.789999961853027,1760200,0.0,0.0
2022-10-18 00:00:00-04:00,12.300000190734863,12.380000114440918,11.8149995803833,12.020000457763672,1405500,0.0,0.0
2022-10-19 00:00:00-04:00,11.869999885559082,11.949999809265137,11.255000114440918,11.319999694824219,1275000,0.0,0.0
2022-10-20 00:00:00-04:00,11.3100004196167,11.800000190734863,11.1899995803833,11.289999961853027,1215400,0.0,0.0
2022-10-21 00:00:00-04:00,11.279999732971191,11.399999618530273,10.949999809265137,11.329999923706055,1526400,0.0,0.0
2022-10-24 00:00:00-04:00,11.380000114440918,11.380000114440918,10.975000381469727,11.109999656677246,2112000,0.0,0.0
2022-10-25 00:00:00-04:00,11.220000267028809,12.020000457763672,11.119999885559082,11.779999732971191,2693400,0.0,0.0
2022-10-26 00:00:00-04:00,11.640000343322754,12.229999542236328,11.609999656677246,11.65999984741211,4066500,0.0,0.0
2022-10-27 00:00:00-04:00,10.739999771118164,10.979999542236328,10.461000442504883,10.539999961853027,4354800,0.0,0.0
2022-10-28 00:00:00-04:00,10.399999618530273,10.960000038146973,10.300000190734863,10.760000228881836,3625500,0.0,0.0
2022-10-31 00:00:00-04:00,10.75,10.789999961853027,10.383000373840332,10.640000343322754,2708900,0.0,0.0
2022-11-01 00:00:00-04:00,11.039999961853027,11.260000228881836,10.25,10.34000015258789,2530400,0.0,0.0
2022-11-02 00:00:00-04:00,10.399999618530273,10.484999656677246,9.819999694824219,9.819999694824219,2108200,0.0,0.0
2022-11-03 00:00:00-04:00,9.779999732971191,9.795000076293945,9.34000015258789,9.350000381469727,2279400,0.0,0.0
2022-11-04 00:00:00-04:00,9.619999885559082,9.789999961853027,9.385000228881836,9.609999656677246,1903100,0.0,0.0
2022-11-07 00:00:00-05:00,9.8100004196167,10.170000076293945,9.420000076293945,9.859999656677246,2918700,0.0,0.0
2022-11-08 00:00:00-05:00,9.890000343322754,9.970000267028809,9.5,9.640000343322754,1698900,0.0,0.0
2022-11-09 00:00:00-05:00,9.579999923706055,10.050000190734863,9.430000305175781,9.65999984741211,1996500,0.0,0.0
2022-11-10 00:00:00-05:00,10.4399995803833,11.25,10.4399995803833,11.15999984741211,3614200,0.0,0.0
2022-11-11 00:00:00-05:00,11.149999618530273,11.774999618530273,11.109999656677246,11.430000305175781,2188200,0.0,0.0
2022-11-14 00:00:00-05:00,11.229999542236328,11.34000015258789,10.789999961853027,10.84000015258789,1680600,0.0,0.0
2022-11-15 00:00:00-05:00,11.210000038146973,11.40999984741211,10.873000144958496,11.079999923706055,1628800,0.0,0.0
2022-11-16 00:00:00-05:00,10.899999618530273,10.970000267028809,10.65999984741211,10.710000038146973,1323900,0.0,0.0
2022-11-17 00:00:00-05:00,10.380000114440918,10.5,10.260000228881836,10.470000267028809,976400,0.0,0.0
2022-11-18 00:00:00-05:00,10.770000457763672,10.800000190734863,10.180000305175781,10.3100004196167,861200,0.0,0.0
2022-11-21 00:00:00-05:00,10.180000305175781,10.420000076293945,10.079999923706055,10.180000305175781,871800,0.0,0.0
2022-11-22 00:00:00-05:00,10.210000038146973,10.390000343322754,10.045000076293945,10.390000343322754,1006600,0.0,0.0
2022-11-23 00:00:00-05:00,10.34000015258789,10.569999694824219,10.239999771118164,10.539999961853027,736700,0.0,0.0
2022-11-25 00:00:00-05:00,10.470000267028809,10.579999923706055,10.40999984741211,10.5600004196167,401300,0.0,0.0
2022-11-28 00:00:00-05:00,10.369999885559082,10.470000267028809,9.920000076293945,10.0600004196167,2000200,0.0,0.0
2022-11-29 00:00:00-05:00,10.039999961853027,10.4350004196167,10.039999961853027,10.260000228881836,859700,0.0,0.0
2022-11-30 00:00:00-05:00,10.140000343322754,10.395000457763672,9.930000305175781,10.3100004196167,1532500,0.0,0.0
2022-12-01 00:00:00-05:00,10.420000076293945,10.550000190734863,10.194999694824219,10.239999771118164,1034500,0.0,0.0
2022-12-02 00:00:00-05:00,10.1899995803833,10.375,9.989999771118164,10.180000305175781,1111000,0.0,0.0
2022-12-05 00:00:00-05:00,10.15999984741211,10.430000305175781,9.850000381469727,9.880000114440918,1283600,0.0,0.0
2022-12-06 00:00:00-05:00,9.880000114440918,9.899999618530273,9.34000015258789,9.5600004196167,1425400,0.0,0.0
2022-12-07 00:00:00-05:00,9.470000267028809,9.609999656677246,9.359999656677246,9.479999542236328,969100,0.0,0.0
2022-12-08 00:00:00-05:00,9.579999923706055,9.829999923706055,9.390000343322754,9.460000038146973,912400,0.0,0.0
2022-12-09 00:00:00-05:00,9.399999618530273,9.5600004196167,9.34000015258789,9.390000343322754,747900,0.0,0.0
2022-12-12 00:00:00-05:00,9.359999656677246,9.600000381469727,9.3100004196167,9.529999732971191,1220600,0.0,0.0
2022-12-13 00:00:00-05:00,10.119999885559082,10.305000305175781,9.279999732971191,9.449999809265137,2555700,0.0,0.0
2022-12-14 00:00:00-05:00,9.420000076293945,9.635000228881836,9.3100004196167,9.380000114440918,1194200,0.0,0.0
2022-12-15 00:00:00-05:00,9.199999809265137,9.234999656677246,8.979999542236328,9.069999694824219,1455600,0.0,0.0
2022-12-16 00:00:00-05:00,8.890000343322754,9.149999618530273,8.824999809265137,8.979999542236328,1863400,0.0,0.0
2022-12-19 00:00:00-05:00,8.930000305175781,8.949999809265137,8.475000381469727,8.619999885559082,1864600,0.0,0.0
2022-12-20 00:00:00-05:00,8.600000381469727,8.895000457763672,8.524999618530273,8.649999618530273,1191300,0.0,0.0
2022-12-21 00:00:00-05:00,8.789999961853027,8.90999984741211,8.65999984741211,8.710000038146973,1194800,0.0,0.0
2022-12-22 00:00:00-05:00,8.59000015258789,8.657999992370605,8.369999885559082,8.640000343322754,1857600,0.0,0.0
2022-12-23 00:00:00-05:00,8.609999656677246,8.720000267028809,8.520000457763672,8.670000076293945,1000900,0.0,0.0
2022-12-27 00:00:00-05:00,8.65999984741211,8.65999984741211,8.380000114440918,8.479999542236328,1044500,0.0,0.0
2022-12-28 00:00:00-05:00,8.460000038146973,8.520000457763672,8.239999771118164,8.350000381469727,1625400,0.0,0.0
2022-12-29 00:00:00-05:00,8.449999809265137,8.670000076293945,8.420000076293945,8.619999885559082,1138900,0.0,0.0
2022-12-30 00:00:00-05:00,8.430000305175781,8.824999809265137,8.430000305175781,8.800000190734863,1399600,0.0,0.0
2023-01-03 00:00:00-05:00,8.989999771118164,9.09000015258789,8.354999542236328,8.460000038146973,2065300,0.0,0.0
2023-01-04 00:00:00-05:00,8.600000381469727,8.850000381469727,8.539999961853027,8.65999984741211,1081100,0.0,0.0
2023-01-05 00:00:00-05:00,8.529999732971191,8.635000228881836,8.234999656677246,8.520000457763672,1222600,0.0,0.0
2023-01-06 00:00:00-05:00,8.569999694824219,8.899999618530273,8.460000038146973,8.59000015258789,1503500,0.0,0.0
2023-01-09 00:00:00-05:00,8.710000038146973,8.864999771118164,8.640000343322754,8.6899995803833,1280200,0.0,0.0
2023-01-10 00:00:00-05:00,8.609999656677246,8.770000457763672,8.390999794006348,8.760000228881836,939100,0.0,0.0
2023-01-11 00:00:00-05:00,8.84000015258789,9.3100004196167,8.770000457763672,9.260000228881836,1784300,0.0,0.0
2023-01-12 00:00:00-05:00,9.319999694824219,9.510000228881836,9.081999778747559,9.460000038146973,1281700,0.0,0.0
2023-01-13 00:00:00-05:00,9.350000381469727,9.710000038146973,9.270000457763672,9.579999923706055,2261200,0.0,0.0
2023-01-17 00:00:00-05:00,9.630000114440918,10.1899995803833,9.604999542236328,10.100000381469727,2233600,0.0,0.0
2023-01-18 00:00:00-05:00,10.15999984741211,10.350000381469727,9.779999732971191,9.8100004196167,2044700,0.0,0.0
2023-01-19 00:00:00-05:00,9.59000015258789,9.729999542236328,9.40999984741211,9.65999984741211,1662000,0.0,0.0
2023-01-20 00:00:00-05:00,9.779999732971191,10.375,9.640000343322754,10.319999694824219,1653400,0.0,0.0
2023-01-23 00:00:00-05:00,10.369999885559082,10.869999885559082,10.210000038146973,10.859999656677246,1956800,0.0,0.0
2023-01-24 00:00:00-05:00,10.800000190734863,10.800000190734863,10.21500015258789,10.239999771118164,1468700,0.0,0.0
2023-01-25 00:00:00-05:00,10.0,10.40999984741211,9.76200008392334,10.34000015258789,2952600,0.0,0.0
2023-01-26 00:00:00-05:00,9.15999984741211,9.824999809265137,8.729999542236328,9.170000076293945,9276500,0.0,0.0
2023-01-27 00:00:00-05:00,9.09000015258789,9.868000030517578,9.09000015258789,9.800000190734863,3615500,0.0,0.0
2023-01-30 00:00:00-05:00,9.600000381469727,9.9399995803833,9.470000267028809,9.470000267028809,2278700,0.0,0.0
2023-01-31 00:00:00-05:00,9.550000190734863,9.795000076293945,9.34000015258789,9.6899995803833,1844800,0.0,0.0
2023-02-01 00:00:00-05:00,9.579999923706055,9.944999694824219,9.265000343322754,9.819999694824219,4261800,0.0,0.0
2023-02-02 00:00:00-05:00,10.100000381469727,10.899999618530273,10.029999732971191,10.449999809265137,3164000,0.0,0.0
2023-02-03 00:00:00-05:00,10.119999885559082,10.520000457763672,9.989999771118164,10.09000015258789,3518200,0.0,0.0
2023-02-06 00:00:00-05:00,9.890000343322754,9.954999923706055,9.479999542236328,9.5,1883100,0.0,0.0
2023-02-07 00:00:00-05:00,9.40999984741211,10.369999885559082,9.369999885559082,10.270000457763672,2252200,0.0,0.0
2023-02-08 00:00:00-05:00,10.210000038146973,10.369999885559082,9.949999809265137,9.979999542236328,1412900,0.0,0.0
2023-02-09 00:00:00-05:00,10.069999694824219,10.140000343322754,9.729999542236328,9.859999656677246,1830700,0.0,0.0
2023-02-10 00:00:00-05:00,9.729999542236328,9.859999656677246,9.510000228881836,9.859999656677246,2168400,0.0,0.0
2023-02-13 00:00:00-05:00,9.819999694824219,10.015000343322754,9.699999809265137,10.0,1846200,0.0,0.0
2023-02-14 00:00:00-05:00,9.9399995803833,10.210000038146973,9.755000114440918,10.09000015258789,1683400,0.0,0.0
2023-02-15 00:00:00-05:00,10.100000381469727,10.529999732971191,10.069999694824219,10.40999984741211,2158800,0.0,0.0
2023-02-16 00:00:00-05:00,10.100000381469727,10.239999771118164,10.005000114440918,10.050000190734863,2683300,0.0,0.0
2023-02-17 00:00:00-05:00,10.0,10.0,9.640000343322754,9.920000076293945,2516000,0.0,0.0
2023-02-21 00:00:00-05:00,9.680000305175781,9.8100004196167,9.40999984741211,9.449999809265137,1351000,0.0,0.0
2023-02-22 00:00:00-05:00,9.5,9.649999618530273,9.4399995803833,9.579999923706055,1461100,0.0,0.0
2023-02-23 00:00:00-05:00,9.720000267028809,9.765000343322754,9.4350004196167,9.720000267028809,1260500,0.0,0.0
2023-02-24 00:00:00-05:00,9.5,9.630000114440918,9.359999656677246,9.609999656677246,981900,0.0,0.0
2023-02-27 00:00:00-05:00,9.720000267028809,9.739999771118164,9.359999656677246,9.359999656677246,961100,0.0,0.0
2023-02-28 00:00:00-05:00,9.319999694824219,9.604999542236328,9.319999694824219,9.399999618530273,1610300,0.0,0.0
2023-03-01 00:00:00-05:00,9.350000381469727,9.5649995803833,9.3100004196167,9.449999809265137,1141900,0.0,0.0
2023-03-02 00:00:00-05:00,9.229999542236328,9.380000114440918,9.09000015258789,9.319999694824219,1201800,0.0,0.0
2023-03-03 00:00:00-05:00,9.4399995803833,9.494999885559082,9.319999694824219,9.399999618530273,1769500,0.0,0.0
2023-03-06 00:00:00-05:00,9.479999542236328,9.520000457763672,8.9350004196167,8.989999771118164,1296100,0.0,0.0
2023-03-07 00:00:00-05:00,8.949999809265137,8.979999542236328,8.734999656677246,8.859999656677246,1395600,0.0,0.0
2023-03-08 00:00:00-05:00,8.819999694824219,8.970000267028809,8.739999771118164,8.829999923706055,939100,0.0,0.0
2023-03-09 00:00:00-05:00,8.800000190734863,8.920000076293945,8.260000228881836,8.260000228881836,1337400,0.0,0.0
2023-03-10 00:00:00-05:00,8.199999809265137,8.25,7.614999771118164,7.630000114440918,3328300,0.0,0.0
2023-03-13 00:00:00-04:00,7.320000171661377,7.454999923706055,6.739999771118164,7.329999923706055,3208600,0.0,0.0
2023-03-14 00:00:00-04:00,7.730000019073486,7.804999828338623,7.065000057220459,7.210000038146973,2894300,0.0,0.0
2023-03-15 00:00:00-04:00,6.900000095367432,7.150000095367432,6.769999980926514,7.019999980926514,2518600,0.0,0.0
2023-03-16 00:00:00-04:00,6.929999828338623,7.230000019073486,6.630000114440918,7.119999885559082,2093000,0.0,0.0
2023-03-17 00:00:00-04:00,7.039999961853027,7.039999961853027,6.599999904632568,6.630000114440918,3084000,0.0,0.0
2023-03-20 00:00:00-04:00,6.639999866485596,7.0,6.614999771118164,6.659999847412109,2364400,0.0,0.0
2023-03-21 00:00:00-04:00,6.960000038146973,7.159999847412109,6.900000095367432,7.050000190734863,2496800,0.0,0.0
2023-03-22 00:00:00-04:00,7.0,7.190000057220459,6.75,6.760000228881836,2776600,0.0,0.0
2023-03-23 00:00:00-04:00,6.800000190734863,6.869999885559082,6.559999942779541,6.71999979019165,2286500,0.0,0.0
2023-03-24 00:00:00-04:00,6.590000152587891,6.800000190734863,6.519999980926514,6.789999961853027,1236300,0.0,0.0
2023-03-27 00:00:00-04:00,6.920000076293945,6.989999771118164,6.730000019073486,6.880000114440918,1778600,0.0,0.0
2023-03-28 00:00:00-04:00,6.809999942779541,7.019999980926514,6.760000228881836,6.929999828338623,4474900,0.0,0.0
2023-03-29 00:00:00-04:00,7.110000133514404,7.190000057220459,6.940000057220459,7.139999866485596,1717900,0.0,0.0
2023-03-30 00:00:00-04:00,7.28000020980835,7.302999973297119,6.989999771118164,7.090000152587891,1953100,0.0,0.0
2023-03-31 00:00:00-04:00,7.150000095367432,7.239999771118164,7.0,7.210000038146973,2548900,0.0,0.0
2023-04-03 00:00:00-04:00,7.179999828338623,7.239999771118164,6.920000076293945,7.010000228881836,2020900,0.0,0.0
2023-04-04 00:00:00-04:00,7.059999942779541,7.079999923706055,6.769999980926514,6.820000171661377,1259800,0.0,0.0
2023-04-05 00:00:00-04:00,6.75,6.789999961853027,6.627999782562256,6.710000038146973,2001600,0.0,0.0
2023-04-06 00:00:00-04:00,6.730000019073486,6.800000190734863,6.670000076293945,6.75,1529000,0.0,0.0
2023-04-10 00:00:00-04:00,6.710000038146973,6.925000190734863,6.659999847412109,6.860000133514404,2138100,0.0,0.0
2023-04-11 00:00:00-04:00,7.329999923706055,7.400000095367432,7.070000171661377,7.150000095367432,3233900,0.0,0.0
2023-04-12 00:00:00-04:00,7.28000020980835,7.309999942779541,6.909999847412109,7.059999942779541,1965200,0.0,0.0
2023-04-13 00:00:00-04:00,7.079999923706055,7.320000171661377,7.03000020980835,7.21999979019165,1548400,0.0,0.0
2023-04-14 00:00:00-04:00,7.340000152587891,7.380000114440918,7.085000038146973,7.190000057220459,1318100,0.0,0.0
2023-04-17 00:00:00-04:00,7.179999828338623,7.289999961853027,7.065000057220459,7.25,1222400,0.0,0.0
2023-04-18 00:00:00-04:00,7.28000020980835,7.300000190734863,7.085000038146973,7.199999809265137,2453300,0.0,0.0
2023-04-19 00:00:00-04:00,7.130000114440918,7.494999885559082,7.079999923706055,7.409999847412109,2064400,0.0,0.0
2023-04-20 00:00:00-04:00,7.230000019073486,7.375,7.190000057220459,7.21999979019165,1795100,0.0,0.0
2023-04-21 00:00:00-04:00,7.210000038146973,7.309999942779541,7.144999980926514,7.25,1551300,0.0,0.0
2023-04-24 00:00:00-04:00,7.21999979019165,7.420000076293945,7.170000076293945,7.309999942779541,1503800,0.0,0.0
2023-04-25 00:00:00-04:00,7.199999809265137,7.230000019073486,7.079999923706055,7.159999847412109,1371800,0.0,0.0
2023-04-26 00:00:00-04:00,7.150000095367432,7.300000190734863,7.010000228881836,7.039999961853027,4202200,0.0,0.0
2023-04-27 00:00:00-04:00,7.21999979019165,7.440000057220459,6.940000057220459,7.119999885559082,3673800,0.0,0.0
2023-04-28 00:00:00-04:00,7.070000171661377,7.289999961853027,7.065000057220459,7.179999828338623,2290600,0.0,0.0
2023-05-01 00:00:00-04:00,7.190000057220459,7.349999904632568,7.070000171661377,7.329999923706055,1674600,0.0,0.0
2023-05-02 00:00:00-04:00,7.199999809265137,7.21999979019165,6.599999904632568,6.650000095367432,2738900,0.0,0.0
2023-05-03 00:00:00-04:00,6.699999809265137,6.855000019073486,6.605000019073486,6.650000095367432,2270300,0.0,0.0
2023-05-04 00:00:00-04:00,6.550000190734863,6.590000152587891,6.304999828338623,6.510000228881836,2281000,0.0,0.0
2023-05-05 00:00:00-04:00,6.739999771118164,6.875,6.699999809265137,6.789999961853027,1568800,0.0,0.0
2023-05-08 00:00:00-04:00,6.849999904632568,6.960000038146973,6.695000171661377,6.869999885559082,2883200,0.0,0.0
2023-05-09 00:00:00-04:00,6.760000228881836,6.929999828338623,6.699999809265137,6.860000133514404,1779800,0.0,0.0
2023-05-10 00:00:00-04:00,7.179999828338623,7.199999809265137,6.960000038146973,7.070000171661377,1778300,0.0,0.0
2023-05-11 00:00:00-04:00,6.989999771118164,7.114999771118164,6.90500020980835,7.050000190734863,1170900,0.0,0.0
2023-05-12 00:00:00-04:00,7.130000114440918,7.150000095367432,6.929999828338623,7.130000114440918,1679500,0.0,0.0
2023-05-15 00:00:00-04:00,7.110000133514404,7.489999771118164,7.070000171661377,7.440000057220459,1381200,0.0,0.0
2023-05-16 00:00:00-04:00,7.400000095367432,7.550000190734863,7.260000228881836,7.380000114440918,1519700,0.0,0.0
2023-05-17 00:00:00-04:00,7.46999979019165,7.900000095367432,7.389999866485596,7.800000190734863,2123800,0.0,0.0
2023-05-18 00:00:00-04:00,7.78000020980835,8.109999656677246,7.764999866485596,8.09000015258789,1599000,0.0,0.0
2023-05-19 00:00:00-04:00,8.100000381469727,8.130000114440918,7.835000038146973,7.880000114440918,1358300,0.0,0.0
2023-05-22 00:00:00-04:00,7.940000057220459,8.175000190734863,7.840000152587891,8.119999885559082,1763000,0.0,0.0
2023-05-23 00:00:00-04:00,8.09000015258789,8.614999771118164,8.09000015258789,8.289999961853027,2206900,0.0,0.0
2023-05-24 00:00:00-04:00,8.149999618530273,8.239999771118164,7.96999979019165,8.100000381469727,928300,0.0,0.0
2023-05-25 00:00:00-04:00,8.09000015258789,8.135000228881836,7.900000095367432,8.010000228881836,986400,0.0,0.0
2023-05-26 00:00:00-04:00,7.980000019073486,8.239999771118164,7.980000019073486,8.140000343322754,925900,0.0,0.0
2023-05-30 00:00:00-04:00,8.199999809265137,8.279999732971191,8.015000343322754,8.220000267028809,1895500,0.0,0.0
2023-05-31 00:00:00-04:00,8.119999885559082,8.3100004196167,7.945000171661377,8.199999809265137,2169200,0.0,0.0
2023-06-01 00:00:00-04:00,8.170000076293945,8.420000076293945,8.0600004196167,8.289999961853027,1000700,0.0,0.0
2023-06-02 00:00:00-04:00,8.479999542236328,8.890000343322754,8.4399995803833,8.829999923706055,2202800,0.0,0.0
2023-06-05 00:00:00-04:00,8.829999923706055,8.899999618530273,8.600000381469727,8.770000457763672,836000,0.0,0.0
2023-06-06 00:00:00-04:00,8.6899995803833,9.420000076293945,8.680000305175781,9.34000015258789,1768600,0.0,0.0
2023-06-07 00:00:00-04:00,9.460000038146973,9.5600004196167,9.270999908447266,9.4399995803833,1653800,0.0,0.0
2023-06-08 00:00:00-04:00,9.359999656677246,9.479999542236328,9.199999809265137,9.34000015258789,2124600,0.0,0.0
2023-06-09 00:00:00-04:00,9.390000343322754,9.430000305175781,9.119999885559082,9.199999809265137,1660000,0.0,0.0
2023-06-12 00:00:00-04:00,9.229999542236328,9.510000228881836,9.199999809265137,9.5,1557900,0.0,0.0
2023-06-13 00:00:00-04:00,9.59000015258789,9.710000038146973,9.489999771118164,9.520000457763672,1233900,0.0,0.0
2023-06-14 00:00:00-04:00,9.539999961853027,9.645000457763672,9.244999885559082,9.40999984741211,1650400,0.0,0.0
2023-06-15 00:00:00-04:00,9.289999961853027,9.710000038146973,9.225000381469727,9.640000343322754,1909900,0.0,0.0
2023-06-16 00:00:00-04:00,9.819999694824219,10.010000228881836,9.770000457763672,9.869999885559082,3618500,0.0,0.0
2023-06-20 00:00:00-04:00,9.710000038146973,10.170000076293945,9.680000305175781,10.09000015258789,1928800,0.0,0.0
2023-06-21 00:00:00-04:00,10.0,10.0,9.694999694824219,9.770000457763672,1168300,0.0,0.0
2023-06-22 00:00:00-04:00,9.630000114440918,9.630000114440918,9.430000305175781,9.510000228881836,1219500,0.0,0.0
2023-06-23 00:00:00-04:00,9.289999961853027,9.380000114440918,9.229999542236328,9.369999885559082,1525100,0.0,0.0
2023-06-26 00:00:00-04:00,9.380000114440918,9.5600004196167,9.300000190734863,9.3100004196167,1083700,0.0,0.0
2023-06-27 00:00:00-04:00,9.329999923706055,9.710000038146973,9.279999732971191,9.649999618530273,917500,0.0,0.0
2023-06-28 00:00:00-04:00,9.680000305175781,9.949999809265137,9.604999542236328,9.9399995803833,844100,0.0,0.0
2023-06-29 00:00:00-04:00,10.0,10.154999732971191,9.880000114440918,9.9399995803833,1072500,0.0,0.0
2023-06-30 00:00:00-04:00,10.069999694824219,10.069999694824219,9.75,9.75,1291200,0.0,0.0
2023-07-03 00:00:00-04:00,9.699999809265137,9.949999809265137,9.699999809265137,9.920000076293945,472300,0.0,0.0
2023-07-05 00:00:00-04:00,9.800000190734863,9.859999656677246,9.630000114440918,9.640000343322754,1159800,0.0,0.0
2023-07-06 00:00:00-04:00,9.470000267028809,9.470000267028809,9.010000228881836,9.350000381469727,1656700,0.0,0.0
2023-07-07 00:00:00-04:00,9.420000076293945,9.664999961853027,9.420000076293945,9.5,1068000,0.0,0.0
2023-07-10 00:00:00-04:00,9.399999618530273,9.649999618530273,9.34000015258789,9.600000381469727,880700,0.0,0.0
2023-07-11 00:00:00-04:00,9.710000038146973,9.914999961853027,9.609999656677246,9.760000228881836,1184800,0.0,0.0
2023-07-12 00:00:00-04:00,10.0,10.130000114440918,9.8100004196167,10.020000457763672,1272400,0.0,0.0
2023-07-13 00:00:00-04:00,10.069999694824219,10.130000114440918,9.90999984741211,10.119999885559082,907600,0.0,0.0
2023-07-14 00:00:00-04:00,10.130000114440918,10.15999984741211,9.75,9.880000114440918,963100,0.0,0.0
2023-07-17 00:00:00-04:00,9.869999885559082,10.354999542236328,9.800000190734863,10.329999923706055,1469700,0.0,0.0
2023-07-18 00:00:00-04:00,10.399999618530273,10.6899995803833,10.300000190734863,10.420000076293945,2081300,0.0,0.0
2023-07-19 00:00:00-04:00,10.550000190734863,10.920000076293945,10.414999961853027,10.779999732971191,3015300,0.0,0.0
2023-07-20 00:00:00-04:00,10.640000343322754,10.699999809265137,10.265000343322754,10.329999923706055,1864000,0.0,0.0
2023-07-21 00:00:00-04:00,10.460000038146973,10.489999771118164,10.119999885559082,10.220000267028809,1005300,0.0,0.0
2023-07-24 00:00:00-04:00,10.210000038146973,10.3100004196167,10.104999542236328,10.199999809265137,1408300,0.0,0.0
2023-07-25 00:00:00-04:00,10.260000228881836,10.34000015258789,10.109999656677246,10.119999885559082,1370300,0.0,0.0
2023-07-26 00:00:00-04:00,10.119999885559082,10.300999641418457,10.039999961853027,10.130000114440918,2384600,0.0,0.0
2023-07-27 00:00:00-04:00,8.899999618530273,9.25,7.96999979019165,8.039999961853027,8278000,0.0,0.0
2023-07-28 00:00:00-04:00,8.25,8.6899995803833,8.204999923706055,8.399999618530273,4190100,0.0,0.0
2023-07-31 00:00:00-04:00,8.5,8.744999885559082,8.329999923706055,8.390000343322754,3668900,0.0,0.0
2023-08-01 00:00:00-04:00,8.329999923706055,8.359999656677246,8.020000457763672,8.100000381469727,3958600,0.0,0.0
2023-08-02 00:00:00-04:00,7.980000019073486,7.980000019073486,7.630000114440918,7.730000019073486,2913200,0.0,0.0
2023-08-03 00:00:00-04:00,7.610000133514404,7.699999809265137,7.545000076293945,7.590000152587891,2378700,0.0,0.0
2023-08-04 00:00:00-04:00,7.599999904632568,7.78000020980835,7.5,7.579999923706055,1722800,0.0,0.0
2023-08-07 00:00:00-04:00,7.619999885559082,7.760000228881836,7.429999828338623,7.739999771118164,2118700,0.0,0.0
2023-08-08 00:00:00-04:00,7.539999961853027,7.610000133514404,7.369999885559082,7.570000171661377,1262400,0.0,0.0
2023-08-09 00:00:00-04:00,7.519999980926514,7.664999961853027,7.440000057220459,7.590000152587891,2040100,0.0,0.0
2023-08-10 00:00:00-04:00,7.599999904632568,7.659999847412109,7.364999771118164,7.46999979019165,1372500,0.0,0.0
2023-08-11 00:00:00-04:00,7.409999847412109,7.505000114440918,7.340000152587891,7.369999885559082,1210100,0.0,0.0
2023-08-14 00:00:00-04:00,7.300000190734863,7.300000190734863,7.130000114440918,7.239999771118164,1506100,0.0,0.0
2023-08-15 00:00:00-04:00,7.150000095367432,7.21999979019165,7.0,7.139999866485596,2767200,0.0,0.0
2023-08-16 00:00:00-04:00,7.090000152587891,7.099999904632568,6.849999904632568,6.849999904632568,2868000,0.0,0.0
2023-08-17 00:00:00-04:00,6.889999866485596,6.929999828338623,6.718999862670898,6.71999979019165,1990700,0.0,0.0
2023-08-18 00:00:00-04:00,6.599999904632568,6.820000171661377,6.570000171661377,6.710000038146973,2032700,0.0,0.0
2023-08-21 00:00:00-04:00,6.710000038146973,6.730000019073486,6.409999847412109,6.46999979019165,1810500,0.0,0.0
2023-08-22 00:00:00-04:00,6.590000152587891,6.610000133514404,6.230000019073486,6.28000020980835,2742000,0.0,0.0
2023-08-23 00:00:00-04:00,6.320000171661377,6.460999965667725,6.28000020980835,6.400000095367432,2844800,0.0,0.0
2023-08-24 00:00:00-04:00,6.5,7.050000190734863,6.460000038146973,6.880000114440918,2591600,0.0,0.0
2023-08-25 00:00:00-04:00,6.880000114440918,7.010000228881836,6.764999866485596,6.829999923706055,2222200,0.0,0.0
2023-08-28 00:00:00-04:00,6.889999866485596,7.025000095367432,6.824999809265137,6.840000152587891,1560400,0.0,0.0
2023-08-29 00:00:00-04:00,6.829999923706055,7.039999961853027,6.789999961853027,6.96999979019165,1501400,0.0,0.0
2023-08-30 00:00:00-04:00,6.960000038146973,7.099999904632568,6.940000057220459,7.070000171661377,1022600,0.0,0.0
2023-08-31 00:00:00-04:00,7.070000171661377,7.130000114440918,6.900000095367432,6.960000038146973,1089200,0.0,0.0
2023-09-01 00:00:00-04:00,7.059999942779541,7.09499979019165,6.960000038146973,7.010000228881836,961500,0.0,0.0
2023-09-05 00:00:00-04:00,6.960000038146973,7.03000020980835,6.929999828338623,6.960000038146973,1008500,0.0,0.0
2023-09-06 00:00:00-04:00,6.940000057220459,7.039999961853027,6.869999885559082,6.940000057220459,1573000,0.0,0.0
2023-09-07 00:00:00-04:00,6.840000152587891,6.885000228881836,6.761000156402588,6.849999904632568,1429000,0.0,0.0
2023-09-08 00:00:00-04:00,6.869999885559082,6.880000114440918,6.684999942779541,6.860000133514404,783800,0.0,0.0
2023-09-11 00:00:00-04:00,6.949999809265137,6.960000038146973,6.739999771118164,6.75,1277300,0.0,0.0
2023-09-12 00:00:00-04:00,6.710000038146973,6.800000190734863,6.590000152587891,6.630000114440918,1083600,0.0,0.0
2023-09-13 00:00:00-04:00,6.539999961853027,6.690000057220459,6.534999847412109,6.610000133514404,870800,0.0,0.0
2023-09-14 00:00:00-04:00,6.659999847412109,6.849999904632568,6.659999847412109,6.829999923706055,900300,0.0,0.0
2023-09-15 00:00:00-04:00,6.78000020980835,6.954999923706055,6.710000038146973,6.800000190734863,1608700,0.0,0.0
2023-09-18 00:00:00-04:00,6.75,6.75,6.550000190734863,6.550000190734863,862300,0.0,0.0
2023-09-19 00:00:00-04:00,6.539999961853027,6.679999828338623,6.519999980926514,6.610000133514404,1004100,0.0,0.0
2023-09-20 00:00:00-04:00,6.670000076293945,6.675000190734863,6.380000114440918,6.409999847412109,856000,0.0,0.0
2023-09-21 00:00:00-04:00,6.309999942779541,6.349999904632568,6.239999771118164,6.260000228881836,968400,0.0,0.0
2023-09-22 00:00:00-04:00,6.300000190734863,6.360000133514404,6.110000133514404,6.130000114440918,1349600,0.0,0.0
2023-09-25 00:00:00-04:00,6.099999904632568,6.199999809265137,6.070000171661377,6.139999866485596,1131000,0.0,0.0
2023-09-26 00:00:00-04:00,6.059999942779541,6.235000133514404,6.0,6.010000228881836,1860600,0.0,0.0
2023-09-27 00:00:00-04:00,5.96999979019165,6.059999942779541,5.929999828338623,6.03000020980835,1376600,0.0,0.0
2023-09-28 00:00:00-04:00,6.039999961853027,6.130000114440918,6.0,6.070000171661377,971900,0.0,0.0
2023-09-29 00:00:00-04:00,6.119999885559082,6.190000057220459,6.065000057220459,6.099999904632568,835300,0.0,0.0
2023-10-02 00:00:00-04:00,6.090000152587891,6.110000133514404,5.985000133514404,6.03000020980835,958700,0.0,0.0
2023-10-03 00:00:00-04:00,5.929999828338623,5.960000038146973,5.650000095367432,5.699999809265137,1391400,0.0,0.0
2023-10-04 00:00:00-04:00,5.71999979019165,5.800000190734863,5.574999809265137,5.690000057220459,896300,0.0,0.0
2023-10-05 00:00:00-04:00,5.659999847412109,5.769999980926514,5.599999904632568,5.739999771118164,913800,0.0,0.0
2023-10-06 00:00:00-04:00,5.639999866485596,5.7870001792907715,5.590000152587891,5.699999809265137,1376500,0.0,0.0
2023-10-09 00:00:00-04:00,5.599999904632568,5.809999942779541,5.590000152587891,5.769999980926514,1086700,0.0,0.0
2023-10-10 00:00:00-04:00,5.789999961853027,5.940000057220459,5.789999961853027,5.840000152587891,822500,0.0,0.0
2023-10-11 00:00:00-04:00,5.78000020980835,5.920000076293945,5.760000228881836,5.820000171661377,607400,0.0,0.0
2023-10-12 00:00:00-04:00,5.760000228881836,5.760000228881836,5.349999904632568,5.460000038146973,1798600,0.0,0.0
2023-10-13 00:00:00-04:00,5.78000020980835,5.815000057220459,5.400000095367432,5.400000095367432,1669700,0.0,0.0
2023-10-16 00:00:00-04:00,5.449999809265137,5.51800012588501,5.429999828338623,5.480000019073486,804100,0.0,0.0
2023-10-17 00:00:00-04:00,5.400000095367432,5.690000057220459,5.400000095367432,5.659999847412109,945400,0.0,0.0
2023-10-18 00:00:00-04:00,5.599999904632568,5.599999904632568,5.380000114440918,5.389999866485596,819200,0.0,0.0
2023-10-19 00:00:00-04:00,5.400000095367432,5.510000228881836,5.309999942779541,5.349999904632568,744100,0.0,0.0
2023-10-20 00:00:00-04:00,5.320000171661377,5.349999904632568,5.190000057220459,5.309999942779541,1329200,0.0,0.0
2023-10-23 00:00:00-04:00,5.239999771118164,5.445000171661377,5.21999979019165,5.320000171661377,1017900,0.0,0.0
2023-10-24 00:00:00-04:00,5.360000133514404,5.465000152587891,5.224999904632568,5.320000171661377,1271600,0.0,0.0
2023-10-25 00:00:00-04:00,5.199999809265137,5.25,5.085000038146973,5.179999828338623,2462800,0.0,0.0
2023-10-26 00:00:00-04:00,5.019999980926514,5.150000095367432,4.730000019073486,5.010000228881836,4107700,0.0,0.0
2023-10-27 00:00:00-04:00,5.070000171661377,5.264999866485596,4.974999904632568,5.139999866485596,1734000,0.0,0.0
2023-10-30 00:00:00-04:00,5.239999771118164,5.300000190734863,4.980000019073486,5.070000171661377,1665900,0.0,0.0
2023-10-31 00:00:00-04:00,5.099999904632568,5.25,5.099999904632568,5.190000057220459,1528400,0.0,0.0
2023-11-01 00:00:00-04:00,5.150000095367432,5.269999980926514,5.079999923706055,5.25,1622200,0.0,0.0
2023-11-02 00:00:00-04:00,5.380000114440918,5.570000171661377,5.300000190734863,5.559999942779541,2313300,0.0,0.0
2023-11-03 00:00:00-04:00,5.949999809265137,6.10099983215332,5.869999885559082,5.949999809265137,1939600,0.0,0.0
2023-11-06 00:00:00-05:00,5.929999828338623,5.940000057220459,5.670000076293945,5.730000019073486,1122500,0.0,0.0
2023-11-07 00:00:00-05:00,5.690000057220459,5.699999809265137,5.590000152587891,5.659999847412109,1013800,0.0,0.0
2023-11-08 00:00:00-05:00,5.610000133514404,5.650000095367432,5.46999979019165,5.489999771118164,791900,0.0,0.0
2023-11-09 00:00:00-05:00,5.559999942779541,5.559999942779541,5.300000190734863,5.329999923706055,1003200,0.0,0.0
2023-11-10 00:00:00-05:00,5.329999923706055,5.329999923706055,5.130000114440918,5.199999809265137,1175900,0.0,0.0
2023-11-13 00:00:00-05:00,5.110000133514404,5.239999771118164,5.050000190734863,5.190000057220459,992300,0.0,0.0
2023-11-14 00:00:00-05:00,5.5,5.684999942779541,5.48199987411499,5.659999847412109,1235100,0.0,0.0
2023-11-15 00:00:00-05:00,5.690000057220459,5.795000076293945,5.619999885559082,5.739999771118164,984700,0.0,0.0
2023-11-16 00:00:00-05:00,5.699999809265137,5.699999809265137,5.380000114440918,5.389999866485596,867500,0.0,0.0
2023-11-17 00:00:00-05:00,5.489999771118164,5.579999923706055,5.385000228881836,5.559999942779541,949900,0.0,0.0
2023-11-20 00:00:00-05:00,5.579999923706055,5.679999828338623,5.414999961853027,5.619999885559082,1105900,0.0,0.0
2023-11-21 00:00:00-05:00,5.539999961853027,5.550000190734863,5.409999847412109,5.480000019073486,1214100,0.0,0.0
2023-11-22 00:00:00-05:00,5.539999961853027,5.635000228881836,5.449999809265137,5.610000133514404,616300,0.0,0.0
2023-11-24 00:00:00-05:00,5.559999942779541,5.644999980926514,5.510000228881836,5.610000133514404,371700,0.0,0.0
2023-11-27 00:00:00-05:00,5.559999942779541,5.690000057220459,5.519999980926514,5.579999923706055,809700,0.0,0.0
2023-11-28 00:00:00-05:00,5.849999904632568,6.320000171661377,5.769999980926514,6.269999980926514,3357300,0.0,0.0
2023-11-29 00:00:00-05:00,6.369999885559082,6.724999904632568,6.360000133514404,6.380000114440918,1970000,0.0,0.0
2023-11-30 00:00:00-05:00,6.400000095367432,6.474999904632568,6.269999980926514,6.300000190734863,1283100,0.0,0.0
2023-12-01 00:00:00-05:00,6.239999771118164,6.78000020980835,6.159999847412109,6.75,1140900,0.0,0.0
2023-12-04 00:00:00-05:00,6.679999828338623,6.875,6.590000152587891,6.789999961853027,1312100,0.0,0.0
2023-12-05 00:00:00-05:00,6.769999980926514,6.818999767303467,6.619999885559082,6.699999809265137,1188200,0.0,0.0
2023-12-06 00:00:00-05:00,6.820000171661377,6.929999828338623,6.679999828338623,6.699999809265137,1478700,0.0,0.0
2023-12-07 00:00:00-05:00,6.710000038146973,6.900000095367432,6.659999847412109,6.829999923706055,864300,0.0,0.0
2023-12-08 00:00:00-05:00,6.820000171661377,6.989999771118164,6.715000152587891,6.900000095367432,1702200,0.0,0.0
2023-12-11 00:00:00-05:00,6.800000190734863,6.940000057220459,6.775000095367432,6.889999866485596,1176800,0.0,0.0
2023-12-12 00:00:00-05:00,6.840000152587891,6.840000152587891,6.670000076293945,6.71999979019165,1000000,0.0,0.0
2023-12-13 00:00:00-05:00,6.730000019073486,7.389999866485596,6.559999942779541,7.380000114440918,3132300,0.0,0.0
2023-12-14 00:00:00-05:00,7.739999771118164,8.354999542236328,7.699999809265137,8.34000015258789,4758800,0.0,0.0
2023-12-15 00:00:00-05:00,8.710000038146973,8.869999885559082,8.210000038146973,8.300000190734863,4839300,0.0,0.0
2023-12-18 00:00:00-05:00,8.399999618530273,8.604999542236328,8.199999809265137,8.420000076293945,1707100,0.0,0.0
2023-12-19 00:00:00-05:00,8.5,8.699999809265137,8.5,8.65999984741211,1704000,0.0,0.0
2023-12-20 00:00:00-05:00,8.680000305175781,8.975000381469727,8.449999809265137,8.460000038146973,1486500,0.0,0.0
2023-12-21 00:00:00-05:00,8.579999923706055,8.75,8.550000190734863,8.739999771118164,1992600,0.0,0.0
2023-12-22 00:00:00-05:00,8.779999732971191,8.859999656677246,8.645000457763672,8.65999984741211,1287300,0.0,0.0
2023-12-26 00:00:00-05:00,8.6899995803833,8.989999771118164,8.65999984741211,8.90999984741211,1858500,0.0,0.0
2023-12-27 00:00:00-05:00,8.920000076293945,9.039999961853027,8.875,8.970000267028809,1003000,0.0,0.0
2023-12-28 00:00:00-05:00,8.890000343322754,9.017999649047852,8.831999778747559,8.90999984741211,1270000,0.0,0.0
2023-12-29 00:00:00-05:00,8.90999984741211,9.020000457763672,8.71500015258789,8.739999771118164,1176200,0.0,0.0
2024-01-02 00:00:00-05:00,8.579999923706055,8.84000015258789,8.463000297546387,8.65999984741211,1708100,0.0,0.0
2024-01-03 00:00:00-05:00,8.4399995803833,8.71500015258789,8.329999923706055,8.470000267028809,2024500,0.0,0.0
2024-01-04 00:00:00-05:00,8.479999542236328,8.6899995803833,8.414999961853027,8.5,1177900,0.0,0.0
2024-01-05 00:00:00-05:00,8.430000305175781,8.6850004196167,8.359999656677246,8.5600004196167,1260800,0.0,0.0
2024-01-08 00:00:00-05:00,8.539999961853027,8.914999961853027,8.479999542236328,8.84000015258789,1951500,0.0,0.0
2024-01-09 00:00:00-05:00,8.65999984741211,8.880000114440918,8.550000190734863,8.720000267028809,1885600,0.0,0.0
2024-01-10 00:00:00-05:00,8.65999984741211,8.729999542236328,8.515000343322754,8.609999656677246,1427200,0.0,0.0
2024-01-11 00:00:00-05:00,8.579999923706055,8.579999923706055,8.220000267028809,8.5,2979400,0.0,0.0
2024-01-12 00:00:00-05:00,8.579999923706055,8.65999984741211,8.220000267028809,8.289999961853027,1475900,0.0,0.0
2024-01-16 00:00:00-05:00,8.180000305175781,8.220000267028809,7.989999771118164,8.010000228881836,1455000,0.0,0.0
2024-01-17 00:00:00-05:00,7.78000020980835,7.860000133514404,7.614999771118164,7.840000152587891,2061300,0.0,0.0
2024-01-18 00:00:00-05:00,7.869999885559082,7.90500020980835,7.635000228881836,7.71999979019165,1422000,0.0,0.0
2024-01-19 00:00:00-05:00,7.78000020980835,7.994999885559082,7.670000076293945,7.949999809265137,945600,0.0,0.0
2024-01-22 00:00:00-05:00,8.130000114440918,8.600000381469727,8.074999809265137,8.460000038146973,1804000,0.0,0.0
2024-01-23 00:00:00-05:00,8.630000114440918,8.720000267028809,8.5600004196167,8.600000381469727,1924300,0.0,0.0
2024-01-24 00:00:00-05:00,8.789999961853027,8.880000114440918,8.545000076293945,8.65999984741211,1735100,0.0,0.0
2024-01-25 00:00:00-05:00,8.800000190734863,8.960000038146973,8.699999809265137,8.819999694824219,1728000,0.0,0.0
2024-01-26 00:00:00-05:00,8.90999984741211,9.130000114440918,8.84000015258789,8.899999618530273,1483500,0.0,0.0
2024-01-29 00:00:00-05:00,8.979999542236328,9.079999923706055,8.760000228881836,9.0,3033900,0.0,0.0
2024-01-30 00:00:00-05:00,8.90999984741211,8.949999809265137,8.59000015258789,8.739999771118164,3377700,0.0,0.0
2024-01-31 00:00:00-05:00,8.979999542236328,9.979999542236328,8.960000038146973,9.020000457763672,6559200,0.0,0.0
2024-02-01 00:00:00-05:00,9.010000228881836,9.100000381469727,8.295000076293945,8.680000305175781,2716400,0.0,0.0
2024-02-02 00:00:00-05:00,8.470000267028809,9.15999984741211,8.380000114440918,9.039999961853027,2694100,0.0,0.0
2024-02-05 00:00:00-05:00,8.949999809265137,8.989999771118164,8.6899995803833,8.729999542236328,1692600,0.0,0.0
2024-02-06 00:00:00-05:00,8.720000267028809,8.90999984741211,8.579999923706055,8.680000305175781,1224700,0.0,0.0
2024-02-07 00:00:00-05:00,8.680000305175781,8.699999809265137,8.460000038146973,8.489999771118164,1006500,0.0,0.0
2024-02-08 00:00:00-05:00,8.449999809265137,8.680000305175781,8.364999771118164,8.59000015258789,1138900,0.0,0.0
2024-02-09 00:00:00-05:00,8.640000343322754,8.680000305175781,8.482999801635742,8.630000114440918,859400,0.0,0.0
2024-02-12 00:00:00-05:00,8.619999885559082,8.949999809265137,8.619999885559082,8.869999885559082,1675800,0.0,0.0
2024-02-13 00:00:00-05:00,8.479999542236328,8.59000015258789,8.25,8.479999542236328,2105200,0.0,0.0
2024-02-14 00:00:00-05:00,8.65999984741211,8.75,8.449999809265137,8.65999984741211,1387100,0.0,0.0
2024-02-15 00:00:00-05:00,8.760000228881836,8.890000343322754,8.654999732971191,8.880000114440918,1158300,0.0,0.0
2024-02-16 00:00:00-05:00,8.739999771118164,8.9399995803833,8.654999732971191,8.710000038146973,1289300,0.0,0.0
2024-02-20 00:00:00-05:00,8.579999923706055,8.609999656677246,8.34000015258789,8.359999656677246,1344800,0.0,0.0
2024-02-21 00:00:00-05:00,8.239999771118164,8.239999771118164,8.069999694824219,8.1899995803833,1636700,0.0,0.0
2024-02-22 00:00:00-05:00,8.130000114440918,8.199999809265137,7.925000190734863,7.960000038146973,1575900,0.0,0.0
2024-02-23 00:00:00-05:00,7.940000057220459,8.289999961853027,7.920000076293945,8.149999618530273,1501900,0.0,0.0
2024-02-26 00:00:00-05:00,8.109999656677246,8.335000038146973,8.015000343322754,8.119999885559082,947300,0.0,0.0
2024-02-27 00:00:00-05:00,8.229999542236328,8.364999771118164,8.180000305175781,8.300000190734863,744700,0.0,0.0
2024-02-28 00:00:00-05:00,8.180000305175781,8.319999694824219,8.010000228881836,8.029999732971191,1199800,0.0,0.0
2024-02-29 00:00:00-05:00,8.1899995803833,8.34000015258789,8.045000076293945,8.109999656677246,908100,0.0,0.0
2024-03-01 00:00:00-05:00,8.149999618530273,8.329999923706055,7.989999771118164,8.210000038146973,1255000,0.0,0.0
2024-03-04 00:00:00-05:00,8.239999771118164,8.3100004196167,8.020000457763672,8.039999961853027,824600,0.0,0.0
2024-03-05 00:00:00-05:00,7.929999828338623,8.170000076293945,7.9029998779296875,7.989999771118164,929600,0.0,0.0
2024-03-06 00:00:00-05:00,8.069999694824219,8.149999618530273,7.929999828338623,7.980000019073486,904300,0.0,0.0
2024-03-07 00:00:00-05:00,8.069999694824219,8.149999618530273,7.949999809265137,8.0,886900,0.0,0.0
2024-03-08 00:00:00-05:00,8.109999656677246,8.260000228881836,8.0649995803833,8.069999694824219,836400,0.0,0.0
2024-03-11 00:00:00-04:00,8.039999961853027,8.130000114440918,7.980000019073486,7.989999771118164,830600,0.0,0.0
2024-03-12 00:00:00-04:00,7.949999809265137,8.0,7.739999771118164,7.820000171661377,1144900,0.0,0.0
2024-03-13 00:00:00-04:00,7.789999961853027,8.039999961853027,7.789999961853027,7.989999771118164,1368100,0.0,0.0
2024-03-14 00:00:00-04:00,7.929999828338623,8.020000457763672,7.664999961853027,7.769999980926514,1014500,0.0,0.0
2024-03-15 00:00:00-04:00,7.690000057220459,7.980000019073486,7.690000057220459,7.760000228881836,1204900,0.0,0.0
2024-03-18 00:00:00-04:00,7.760000228881836,7.809999942779541,7.630000114440918,7.71999979019165,637400,0.0,0.0
2024-03-19 00:00:00-04:00,7.690000057220459,7.804999828338623,7.659999847412109,7.710000038146973,688500,0.0,0.0
2024-03-20 00:00:00-04:00,7.659999847412109,8.460000038146973,7.659999847412109,8.25,1486100,0.0,0.0
2024-03-21 00:00:00-04:00,8.350000381469727,8.619999885559082,8.3100004196167,8.550000190734863,1003900,0.0,0.0
2024-03-22 00:00:00-04:00,8.539999961853027,8.630000114440918,8.40999984741211,8.460000038146973,974600,0.0,0.0
2024-03-25 00:00:00-04:00,8.5,8.619999885559082,8.430000305175781,8.4399995803833,570700,0.0,0.0
2024-03-26 00:00:00-04:00,8.649999618530273,8.699999809265137,8.420000076293945,8.430000305175781,917500,0.0,0.0
2024-03-27 00:00:00-04:00,8.539999961853027,8.680000305175781,8.420000076293945,8.680000305175781,691700,0.0,0.0
2024-03-28 00:00:00-04:00,8.680000305175781,9.015000343322754,8.649999618530273,8.789999961853027,2086800,0.0,0.0
2024-04-01 00:00:00-04:00,8.829999923706055,8.960000038146973,8.664999961853027,8.760000228881836,1359200,0.0,0.0
2024-04-02 00:00:00-04:00,8.569999694824219,8.729999542236328,8.4399995803833,8.699999809265137,1126900,0.0,0.0
2024-04-03 00:00:00-04:00,8.609999656677246,9.029999732971191,8.5600004196167,8.739999771118164,2387100,0.0,0.0
2024-04-04 00:00:00-04:00,8.90999984741211,8.979999542236328,8.404999732971191,8.4399995803833,2117100,0.0,0.0
2024-04-05 00:00:00-04:00,8.369999885559082,8.529999732971191,8.3100004196167,8.479999542236328,704800,0.0,0.0
2024-04-08 00:00:00-04:00,8.569999694824219,8.755000114440918,8.555000305175781,8.680000305175781,449200,0.0,0.0
2024-04-09 00:00:00-04:00,8.739999771118164,8.8100004196167,8.600000381469727,8.8100004196167,629100,0.0,0.0
2024-04-10 00:00:00-04:00,8.5,8.550000190734863,8.279999732971191,8.329999923706055,1189700,0.0,0.0
2024-04-11 00:00:00-04:00,8.359999656677246,8.40999984741211,8.149999618530273,8.270000457763672,850500,0.0,0.0
2024-04-12 00:00:00-04:00,8.15999984741211,8.244999885559082,8.020000457763672,8.09000015258789,718700,0.0,0.0
2024-04-15 00:00:00-04:00,8.100000381469727,8.180000305175781,7.78000020980835,7.800000190734863,1202700,0.0,0.0
2024-04-16 00:00:00-04:00,7.71999979019165,7.860000133514404,7.614999771118164,7.679999828338623,1149800,0.0,0.0
2024-04-17 00:00:00-04:00,7.75,7.815000057220459,7.590000152587891,7.610000133514404,882700,0.0,0.0
2024-04-18 00:00:00-04:00,7.619999885559082,7.789999961853027,7.521999835968018,7.610000133514404,1444900,0.0,0.0
2024-04-19 00:00:00-04:00,7.590000152587891,7.929999828338623,7.559999942779541,7.900000095367432,1340200,0.0,0.0
2024-04-22 00:00:00-04:00,7.980000019073486,8.140000343322754,7.78000020980835,8.09000015258789,943900,0.0,0.0
2024-04-23 00:00:00-04:00,8.0600004196167,8.369999885559082,8.0600004196167,8.199999809265137,1166900,0.0,0.0
2024-04-24 00:00:00-04:00,8.149999618530273,8.265000343322754,8.079999923706055,8.1899995803833,1514600,0.0,0.0
2024-04-25 00:00:00-04:00,8.0600004196167,8.114999771118164,7.90500020980835,8.020000457763672,598000,0.0,0.0
2024-04-26 00:00:00-04:00,8.020000457763672,8.15999984741211,8.0,8.100000381469727,548500,0.0,0.0
2024-04-29 00:00:00-04:00,8.149999618530273,8.175000190734863,7.800000190734863,7.809999942779541,1538600,0.0,0.0
2024-04-30 00:00:00-04:00,7.659999847412109,7.715000152587891,7.480000019073486,7.519999980926514,2865900,0.0,0.0
2024-05-01 00:00:00-04:00,8.399999618530273,9.270000457763672,8.399999618530273,9.0,4471700,0.0,0.0
2024-05-02 00:00:00-04:00,9.199999809265137,9.380000114440918,8.869999885559082,9.329999923706055,2507500,0.0,0.0
2024-05-03 00:00:00-04:00,9.539999961853027,9.600000381469727,9.270000457763672,9.279999732971191,1670500,0.0,0.0
2024-05-06 00:00:00-04:00,9.34000015258789,9.359999656677246,9.09000015258789,9.149999618530273,2030200,0.0,0.0
2024-05-07 00:00:00-04:00,9.149999618530273,9.265000343322754,8.979999542236328,8.989999771118164,2254000,0.0,0.0
2024-05-08 00:00:00-04:00,8.869999885559082,9.220000267028809,8.8100004196167,9.170000076293945,1660200,0.0,0.0
2024-05-09 00:00:00-04:00,9.15999984741211,9.270000457763672,9.045000076293945,9.229999542236328,2013200,0.0,0.0
2024-05-10 00:00:00-04:00,9.210000038146973,9.234999656677246,8.90999984741211,9.010000228881836,3754800,0.0,0.0
2024-05-13 00:00:00-04:00,9.199999809265137,9.420000076293945,9.029999732971191,9.170000076293945,1497200,0.0,0.0
2024-05-14 00:00:00-04:00,9.359999656677246,9.520000457763672,9.239999771118164,9.25,1316400,0.0,0.0
2024-05-15 00:00:00-04:00,9.5,9.579999923706055,9.3100004196167,9.470000267028809,1193700,0.0,0.0
2024-05-16 00:00:00-04:00,9.449999809265137,9.5,9.34000015258789,9.369999885559082,680400,0.0,0.0
2024-05-17 00:00:00-04:00,9.380000114440918,9.649999618530273,9.3100004196167,9.5,751400,0.0,0.0
2024-05-20 00:00:00-04:00,9.5,9.640000343322754,9.329999923706055,9.380000114440918,1181500,0.0,0.0
2024-05-21 00:00:00-04:00,9.34000015258789,9.470000267028809,9.25,9.3100004196167,690800,0.0,0.0
2024-05-22 00:00:00-04:00,9.279999732971191,9.390000343322754,9.204999923706055,9.289999961853027,733700,0.0,0.0
2024-05-23 00:00:00-04:00,9.289999961853027,9.319999694824219,8.930000305175781,8.979999542236328,914300,0.0,0.0
2024-05-24 00:00:00-04:00,9.0600004196167,9.119999885559082,9.010000228881836,9.020000457763672,463800,0.0,0.0
2024-05-28 00:00:00-04:00,9.069999694824219,9.140000343322754,8.949999809265137,9.010000228881836,607100,0.0,0.0
2024-05-29 00:00:00-04:00,8.8100004196167,8.930000305175781,8.739999771118164,8.739999771118164,749700,0.0,0.0
2024-05-30 00:00:00-04:00,8.859999656677246,8.890000343322754,8.725000381469727,8.850000381469727,969400,0.0,0.0
2024-05-31 00:00:00-04:00,8.880000114440918,9.020000457763672,8.729999542236328,8.920000076293945,822100,0.0,0.0
2024-06-03 00:00:00-04:00,8.949999809265137,8.960000038146973,8.5600004196167,8.59000015258789,764700,0.0,0.0
2024-06-04 00:00:00-04:00,8.5,8.510000228881836,8.170000076293945,8.199999809265137,1427100,0.0,0.0
2024-06-05 00:00:00-04:00,8.3100004196167,8.5,8.199999809265137,8.470000267028809,668900,0.0,0.0
2024-06-06 00:00:00-04:00,8.359999656677246,8.449999809265137,8.279999732971191,8.329999923706055,768700,0.0,0.0
2024-06-07 00:00:00-04:00,8.329999923706055,8.510000228881836,8.170000076293945,8.369999885559082,796100,0.0,0.0
2024-06-10 00:00:00-04:00,8.1899995803833,8.319999694824219,8.135000228881836,8.170000076293945,652100,0.0,0.0
2024-06-11 00:00:00-04:00,8.119999885559082,8.204999923706055,8.039999961853027,8.170000076293945,604700,0.0,0.0
2024-06-12 00:00:00-04:00,8.699999809265137,9.03499984741211,8.635000228881836,8.65999984741211,1553300,0.0,0.0
2024-06-13 00:00:00-04:00,8.609999656677246,8.729999542236328,8.380000114440918,8.470000267028809,2001400,0.0,0.0
2024-06-14 00:00:00-04:00,8.350000381469727,8.430000305175781,8.229999542236328,8.350000381469727,1334300,0.0,0.0
2024-06-17 00:00:00-04:00,8.34000015258789,8.4350004196167,8.199999809265137,8.289999961853027,842800,0.0,0.0
2024-06-18 00:00:00-04:00,8.25,8.390000343322754,8.204999923706055,8.260000228881836,1458200,0.0,0.0
2024-06-20 00:00:00-04:00,8.210000038146973,8.260000228881836,8.039999961853027,8.050000190734863,889500,0.0,0.0
2024-06-21 00:00:00-04:00,7.809999942779541,8.0,7.809999942779541,7.920000076293945,2014200,0.0,0.0
2024-06-24 00:00:00-04:00,7.920000076293945,8.380000114440918,7.880000114440918,8.300000190734863,1713100,0.0,0.0
2024-06-25 00:00:00-04:00,8.3100004196167,8.3100004196167,8.095000267028809,8.199999809265137,967200,0.0,0.0
2024-06-26 00:00:00-04:00,8.130000114440918,8.260000228881836,8.095000267028809,8.229999542236328,895900,0.0,0.0
2024-06-27 00:00:00-04:00,8.270000457763672,8.279999732971191,8.109999656677246,8.1899995803833,582500,0.0,0.0
2024-06-28 00:00:00-04:00,8.289999961853027,8.539999961853027,8.289999961853027,8.460000038146973,2464400,0.0,0.0
2024-07-01 00:00:00-04:00,8.430000305175781,8.489999771118164,8.295000076293945,8.34000015258789,817100,0.0,0.0
2024-07-02 00:00:00-04:00,8.350000381469727,8.430000305175781,8.239999771118164,8.390000343322754,570200,0.0,0.0
2024-07-03 00:00:00-04:00,8.460000038146973,8.630000114440918,8.399999618530273,8.550000190734863,451100,0.0,0.0
2024-07-05 00:00:00-04:00,8.5,8.529999732971191,8.354000091552734,8.460000038146973,684000,0.0,0.0
2024-07-08 00:00:00-04:00,8.539999961853027,8.609999656677246,8.350000381469727,8.359999656677246,667100,0.0,0.0
2024-07-09 00:00:00-04:00,8.350000381469727,8.520000457763672,8.270000457763672,8.40999984741211,966100,0.0,0.0
2024-07-10 00:00:00-04:00,8.470000267028809,8.6850004196167,8.430000305175781,8.649999618530273,727500,0.0,0.0
2024-07-11 00:00:00-04:00,8.890000343322754,9.364999771118164,8.850000381469727,9.329999923706055,1322900,0.0,0.0
2024-07-12 00:00:00-04:00,9.479999542236328,9.670000076293945,9.40999984741211,9.619999885559082,1528600,0.0,0.0
2024-07-15 00:00:00-04:00,9.8100004196167,10.005000114440918,9.694999694824219,9.989999771118164,1853300,0.0,0.0
2024-07-16 00:00:00-04:00,10.170000076293945,10.699999809265137,10.119999885559082,10.680000305175781,2315200,0.0,0.0
2024-07-17 00:00:00-04:00,10.5,10.899999618530273,10.479999542236328,10.680000305175781,2282800,0.0,0.0
2024-07-18 00:00:00-04:00,10.619999885559082,10.819999694824219,10.255000114440918,10.3100004196167,1600900,0.0,0.0
2024-07-19 00:00:00-04:00,10.279999732971191,10.475000381469727,10.199999809265137,10.380000114440918,1113200,0.0,0.0
2024-07-22 00:00:00-04:00,10.399999618530273,10.569999694824219,10.154999732971191,10.5600004196167,1014700,0.0,0.0
2024-07-23 00:00:00-04:00,10.489999771118164,10.864999771118164,10.444999694824219,10.789999961853027,1257700,0.0,0.0
2024-07-24 00:00:00-04:00,10.680000305175781,10.84000015258789,10.430000305175781,10.4399995803833,657400,0.0,0.0
2024-07-25 00:00:00-04:00,10.460000038146973,10.989999771118164,10.380000114440918,10.800000190734863,1552000,0.0,0.0
2024-07-26 00:00:00-04:00,11.0,11.133000373840332,10.835000038146973,10.850000381469727,1516700,0.0,0.0
2024-07-29 00:00:00-04:00,10.869999885559082,11.145000457763672,10.8100004196167,11.130000114440918,2072900,0.0,0.0
2024-07-30 00:00:00-04:00,11.100000381469727,11.40999984741211,10.899999618530273,11.1899995803833,3756500,0.0,0.0
2024-07-31 00:00:00-04:00,11.649999618530273,12.869999885559082,11.600000381469727,12.510000228881836,6022600,0.0,0.0
2024-08-01 00:00:00-04:00,12.4399995803833,12.539999961853027,11.09000015258789,11.420000076293945,3555600,0.0,0.0
2024-08-02 00:00:00-04:00,11.0,11.050000190734863,10.46500015258789,10.640000343322754,2026800,0.0,0.0
2024-08-05 00:00:00-04:00,9.680000305175781,10.270000457763672,9.5,9.930000305175781,3314700,0.0,0.0
2024-08-06 00:00:00-04:00,9.930000305175781,10.21500015258789,9.649999618530273,10.029999732971191,1417900,0.0,0.0
2024-08-07 00:00:00-04:00,10.350000381469727,10.59000015258789,9.954999923706055,10.0,1924600,0.0,0.0
2024-08-08 00:00:00-04:00,10.130000114440918,10.4350004196167,9.979999542236328,10.359999656677246,1507300,0.0,0.0
2024-08-09 00:00:00-04:00,10.40999984741211,10.59000015258789,10.260000228881836,10.520000457763672,1261100,0.0,0.0
2024-08-12 00:00:00-04:00,10.510000228881836,10.640000343322754,10.199999809265137,10.229999542236328,901000,0.0,0.0
2024-08-13 00:00:00-04:00,10.420000076293945,10.744999885559082,10.3100004196167,10.729999542236328,1357800,0.0,0.0
2024-08-14 00:00:00-04:00,10.75,10.850000381469727,10.510000228881836,10.789999961853027,763200,0.0,0.0
2024-08-15 00:00:00-04:00,11.020000457763672,11.15999984741211,10.949999809265137,10.979999542236328,920900,0.0,0.0
2024-08-16 00:00:00-04:00,10.899999618530273,11.140000343322754,10.84000015258789,10.90999984741211,766300,0.0,0.0
2024-08-19 00:00:00-04:00,10.899999618530273,11.329999923706055,10.895000457763672,11.260000228881836,1153900,0.0,0.0
2024-08-20 00:00:00-04:00,11.319999694824219,11.373000144958496,11.079999923706055,11.270000457763672,869200,0.0,0.0
2024-08-21 00:00:00-04:00,11.329999923706055,11.40999984741211,11.1899995803833,11.369999885559082,773200,0.0,0.0
2024-08-22 00:00:00-04:00,11.399999618530273,11.84000015258789,11.3100004196167,11.8100004196167,1311400,0.0,0.0
2024-08-23 00:00:00-04:00,11.899999618530273,12.510000228881836,11.84000015258789,12.329999923706055,1734800,0.0,0.0
2024-08-26 00:00:00-04:00,12.449999809265137,12.489999771118164,12.244999885559082,12.25,990600,0.0,0.0
2024-08-27 00:00:00-04:00,12.130000114440918,12.204999923706055,11.9399995803833,12.020000457763672,842000,0.0,0.0
2024-08-28 00:00:00-04:00,11.920000076293945,11.954999923706055,11.65999984741211,11.760000228881836,819600,0.0,0.0
2024-08-29 00:00:00-04:00,11.9399995803833,12.260000228881836,11.75,12.119999885559082,959600,0.0,0.0
2024-08-30 00:00:00-04:00,12.220000267028809,12.220000267028809,11.925000190734863,12.149999618530273,822900,0.0,0.0
2024-09-03 00:00:00-04:00,11.869999885559082,11.970000267028809,11.609999656677246,11.75,1140200,0.0,0.0
2024-09-04 00:00:00-04:00,11.739999771118164,11.850000381469727,11.414999961853027,11.510000228881836,716100,0.0,0.0
2024-09-05 00:00:00-04:00,11.609999656677246,11.625,11.225000381469727,11.34000015258789,958200,0.0,0.0
2024-09-06 00:00:00-04:00,11.34000015258789,11.399999618530273,10.899999618530273,10.949999809265137,931400,0.0,0.0
2024-09-09 00:00:00-04:00,10.569999694824219,11.085000038146973,10.569999694824219,10.829999923706055,1088800,0.0,0.0
2024-09-10 00:00:00-04:00,10.960000038146973,10.960000038146973,9.880000114440918,10.289999961853027,2244100,0.0,0.0
2024-09-11 00:00:00-04:00,10.220000267028809,10.569999694824219,9.96500015258789,10.399999618530273,1729400,0.0,0.0
2024-09-12 00:00:00-04:00,10.479999542236328,10.930000305175781,10.369999885559082,10.729999542236328,1357000,0.0,0.0
2024-09-13 00:00:00-04:00,10.90999984741211,11.039999961853027,10.739999771118164,10.850000381469727,762900,0.0,0.0
2024-09-16 00:00:00-04:00,10.890000343322754,10.960000038146973,10.545000076293945,10.859999656677246,1277300,0.0,0.0
2024-09-17 00:00:00-04:00,11.050000190734863,11.25,10.899999618530273,10.899999618530273,660200,0.0,0.0
2024-09-18 00:00:00-04:00,10.9399995803833,11.430000305175781,10.800000190734863,10.9399995803833,1113100,0.0,0.0
2024-09-19 00:00:00-04:00,11.289999961853027,11.640000343322754,11.100000381469727,11.520000457763672,1430400,0.0,0.0
2024-09-20 00:00:00-04:00,11.369999885559082,11.470000267028809,11.109999656677246,11.180000305175781,2037700,0.0,0.0
2024-09-23 00:00:00-04:00,11.149999618530273,11.260000228881836,11.029999732971191,11.100000381469727,1058700,0.0,0.0
2024-09-24 00:00:00-04:00,11.1899995803833,11.1899995803833,10.819999694824219,10.890000343322754,1135500,0.0,0.0
2024-09-25 00:00:00-04:00,10.930000305175781,10.930000305175781,10.550000190734863,10.579999923706055,1459700,0.0,0.0
2024-09-26 00:00:00-04:00,10.800000190734863,10.829999923706055,10.569999694824219,10.800000190734863,1031300,0.0,0.0
2024-09-27 00:00:00-04:00,11.010000228881836,11.220000267028809,10.880000114440918,11.029999732971191,891100,0.0,0.0
2024-09-30 00:00:00-04:00,10.9399995803833,11.595000267028809,10.899999618530273,11.430000305175781,1140600,0.0,0.0
2024-10-01 00:00:00-04:00,11.430000305175781,11.484000205993652,10.989999771118164,11.149999618530273,1083800,0.0,0.0
2024-10-02 00:00:00-04:00,11.100000381469727,11.260000228881836,11.010000228881836,11.229999542236328,868700,0.0,0.0
2024-10-03 00:00:00-04:00,11.140000343322754,11.210000038146973,10.90999984741211,11.210000038146973,1216600,0.0,0.0
2024-10-04 00:00:00-04:00,11.59000015258789,11.800000190734863,11.319999694824219,11.59000015258789,949000,0.0,0.0
2024-10-07 00:00:00-04:00,11.479999542236328,11.539999961853027,11.135000228881836,11.270000457763672,852500,0.0,0.0
2024-10-08 00:00:00-04:00,11.329999923706055,11.539999961853027,11.220000267028809,11.430000305175781,865400,0.0,0.0
2024-10-09 00:00:00-04:00,11.5,11.930000305175781,11.4399995803833,11.880000114440918,1703500,0.0,0.0
2024-10-10 00:00:00-04:00,12.220000267028809,12.819999694824219,12.170000076293945,12.479999542236328,2217700,0.0,0.0
2024-10-11 00:00:00-04:00,12.449999809265137,12.633000373840332,12.064000129699707,12.430000305175781,1662000,0.0,0.0
2024-10-14 00:00:00-04:00,12.5,12.989999771118164,12.442000389099121,12.770000457763672,1626500,0.0,0.0
2024-10-15 00:00:00-04:00,12.789999961853027,13.630000114440918,12.729999542236328,13.270000457763672,2923000,0.0,0.0
2024-10-16 00:00:00-04:00,13.399999618530273,13.625,13.220000267028809,13.229999542236328,1555500,0.0,0.0
2024-10-17 00:00:00-04:00,13.220000267028809,13.225000381469727,12.824999809265137,12.920000076293945,1665600,0.0,0.0
2024-10-18 00:00:00-04:00,12.899999618530273,12.923999786376953,12.5600004196167,12.680000305175781,1018000,0.0,0.0
2024-10-21 00:00:00-04:00,12.6899995803833,12.800000190734863,12.270000457763672,12.279999732971191,938400,0.0,0.0
2024-10-22 00:00:00-04:00,12.1899995803833,12.479999542236328,12.140000343322754,12.399999618530273,1321900,0.0,0.0
2024-10-23 00:00:00-04:00,12.390000343322754,12.699999809265137,12.34000015258789,12.460000038146973,2561800,0.0,0.0
2024-10-24 00:00:00-04:00,14.720000267028809,15.515000343322754,13.539999961853027,13.819999694824219,8594900,0.0,0.0
2024-10-25 00:00:00-04:00,14.34000015258789,14.489999771118164,13.350000381469727,13.59000015258789,2429100,0.0,0.0
2024-10-28 00:00:00-04:00,13.770000457763672,14.59000015258789,13.699999809265137,14.229999542236328,2129100,0.0,0.0
2024-10-29 00:00:00-04:00,14.079999923706055,14.470000267028809,13.989999771118164,14.149999618530273,1759900,0.0,0.0
2024-10-30 00:00:00-04:00,14.109999656677246,15.164999961853027,14.109999656677246,14.550000190734863,2931700,0.0,0.0
2024-10-31 00:00:00-04:00,14.619999885559082,14.680000305175781,14.15999984741211,14.180000305175781,1793000,0.0,0.0
2024-11-01 00:00:00-04:00,14.270000457763672,14.390000343322754,13.920000076293945,14.210000038146973,1788000,0.0,0.0
2024-11-04 00:00:00-05:00,14.069999694824219,14.199999809265137,13.59000015258789,13.619999885559082,1836300,0.0,0.0
2024-11-05 00:00:00-05:00,13.65999984741211,14.289999961853027,13.65999984741211,14.0,1307800,0.0,0.0
2024-11-06 00:00:00-05:00,15.199999809265137,15.720000267028809,14.859000205993652,15.430000305175781,4355700,0.0,0.0
2024-11-07 00:00:00-05:00,15.149999618530273,15.300000190734863,14.614999771118164,14.920000076293945,2415300,0.0,0.0
2024-11-08 00:00:00-05:00,14.819999694824219,15.140000343322754,14.680000305175781,15.0600004196167,2887800,0.0,0.0
2024-11-11 00:00:00-05:00,15.069999694824219,15.59000015258789,15.020000457763672,15.489999771118164,2573600,0.0,0.0
2024-11-12 00:00:00-05:00,15.199999809265137,15.84000015258789,15.0,15.680000305175781,1974900,0.0,0.0
2024-11-13 00:00:00-05:00,15.75,16.15999984741211,15.34000015258789,15.550000190734863,2137100,0.0,0.0
2024-11-14 00:00:00-05:00,15.380000114440918,15.670000076293945,15.0600004196167,15.119999885559082,1500100,0.0,0.0
2024-11-15 00:00:00-05:00,15.329999923706055,15.329999923706055,14.795000076293945,14.920000076293945,1089700,0.0,0.0
2024-11-18 00:00:00-05:00,14.960000038146973,15.300000190734863,14.835000038146973,15.1899995803833,1648800,0.0,0.0
2024-11-19 00:00:00-05:00,14.880000114440918,15.210000038146973,14.729999542236328,15.069999694824219,1322500,0.0,0.0
2024-11-20 00:00:00-05:00,15.079999923706055,15.215999603271484,14.859999656677246,15.109999656677246,1065000,0.0,0.0
2024-11-21 00:00:00-05:00,15.199999809265137,15.970000267028809,15.00100040435791,15.899999618530273,1717100,0.0,0.0
2024-11-22 00:00:00-05:00,16.0,16.75,16.0,16.729999542236328,2106500,0.0,0.0
2024-11-25 00:00:00-05:00,17.0,17.06999969482422,16.375,16.579999923706055,1768200,0.0,0.0
2024-11-26 00:00:00-05:00,16.40999984741211,16.760000228881836,16.280000686645508,16.34000015258789,831600,0.0,0.0
2024-11-27 00:00:00-05:00,16.479999542236328,16.700000762939453,16.309999465942383,16.489999771118164,745600,0.0,0.0
2024-11-29 00:00:00-05:00,16.969999313354492,17.149999618530273,16.530000686645508,16.639999389648438,647900,0.0,0.0
2024-12-02 00:00:00-05:00,16.149999618530273,16.3799991607666,15.210000038146973,15.819999694824219,3359200,0.0,0.0
2024-12-03 00:00:00-05:00,15.800000190734863,15.920000076293945,15.414999961853027,15.739999771118164,810200,0.0,0.0
2024-12-04 00:00:00-05:00,15.880000114440918,15.9399995803833,15.369999885559082,15.880000114440918,840700,0.0,0.0
2024-12-05 00:00:00-05:00,16.190000534057617,16.3700008392334,15.645000457763672,15.6899995803833,887300,0.0,0.0
2024-12-06 00:00:00-05:00,15.699999809265137,16.149999618530273,15.65999984741211,16.1200008392334,888400,0.0,0.0
2024-12-09 00:00:00-05:00,16.040000915527344,16.040000915527344,15.470000267028809,15.630000114440918,829200,0.0,0.0
2024-12-10 00:00:00-05:00,15.65999984741211,15.970000267028809,15.390000343322754,15.399999618530273,1384100,0.0,0.0
2024-12-11 00:00:00-05:00,15.680000305175781,16.1299991607666,15.460000038146973,16.010000228881836,1016100,0.0,0.0
2024-12-12 00:00:00-05:00,15.859999656677246,17.0,15.859999656677246,16.329999923706055,2266300,0.0,0.0
2024-12-13 00:00:00-05:00,16.280000686645508,16.799999237060547,16.239999771118164,16.559999465942383,985100,0.0,0.0
2024-12-16 00:00:00-05:00,16.559999465942383,18.309999465942383,16.28499984741211,17.90999984741211,7129700,0.0,0.0
2024-12-17 00:00:00-05:00,18.25,18.75,17.40999984741211,17.790000915527344,3365700,0.0,0.0
2024-12-18 00:00:00-05:00,17.90999984741211,17.989999771118164,16.27400016784668,16.579999923706055,3885900,0.0,0.0
2024-12-19 00:00:00-05:00,17.219999313354492,17.43000030517578,16.167999267578125,16.299999237060547,2122100,0.0,0.0
2024-12-20 00:00:00-05:00,15.989999771118164,16.989999771118164,15.84000015258789,16.459999084472656,3411500,0.0,0.0
2024-12-23 00:00:00-05:00,16.350000381469727,16.350000381469727,15.770000457763672,16.31999969482422,1365000,0.0,0.0
2024-12-24 00:00:00-05:00,16.329999923706055,16.68000030517578,16.190000534057617,16.65999984741211,521300,0.0,0.0
2024-12-26 00:00:00-05:00,16.520000457763672,17.30500030517578,16.389999389648438,17.270000457763672,875600,0.0,0.0
2024-12-27 00:00:00-05:00,17.049999237060547,17.200000762939453,16.489999771118164,16.709999084472656,1131700,0.0,0.0
2024-12-30 00:00:00-05:00,16.389999389648438,16.593000411987305,16.219999313354492,16.40999984741211,915400,0.0,0.0
2024-12-31 00:00:00-05:00,16.5,16.670000076293945,16.110000610351562,16.190000534057617,1395900,0.0,0.0
2025-01-02 00:00:00-05:00,16.440000534057617,16.440000534057617,15.850000381469727,16.1299991607666,1243000,0.0,0.0
2025-01-03 00:00:00-05:00,16.5,17.520000457763672,16.43600082397461,17.510000228881836,1662600,0.0,0.0
2025-01-06 00:00:00-05:00,17.670000076293945,17.860000610351562,17.110000610351562,17.229999542236328,1429700,0.0,0.0
2025-01-07 00:00:00-05:00,17.280000686645508,17.378000259399414,15.90999984741211,16.290000915527344,1980400,0.0,0.0
2025-01-08 00:00:00-05:00,16.0,16.18000030517578,15.760000228881836,15.920000076293945,1318700,0.0,0.0
2025-01-10 00:00:00-05:00,15.600000381469727,15.600000381469727,14.454999923706055,14.9399995803833,2615700,0.0,0.0
2025-01-13 00:00:00-05:00,14.619999885559082,15.015000343322754,14.470000267028809,14.979999542236328,1849900,0.0,0.0
2025-01-14 00:00:00-05:00,15.329999923706055,15.597999572753906,15.229999542236328,15.420000076293945,1276200,0.0,0.0
2025-01-15 00:00:00-05:00,16.139999389648438,16.350000381469727,15.869999885559082,16.299999237060547,1462500,0.0,0.0
2025-01-16 00:00:00-05:00,16.149999618530273,16.530000686645508,16.020000457763672,16.329999923706055,1807900,0.0,0.0
2025-01-17 00:00:00-05:00,16.59000015258789,16.799999237060547,16.5,16.649999618530273,755500,0.0,0.0
2025-01-21 00:00:00-05:00,16.850000381469727,17.149999618530273,16.739999771118164,17.040000915527344,1146800,0.0,0.0
2025-01-22 00:00:00-05:00,17.010000228881836,17.290000915527344,16.84000015258789,17.09000015258789,946800,0.0,0.0
2025-01-23 00:00:00-05:00,16.889999389648438,17.100000381469727,16.704999923706055,16.940000534057617,1036000,0.0,0.0
2025-01-24 00:00:00-05:00,16.850000381469727,17.149999618530273,16.790000915527344,17.040000915527344,1275700,0.0,0.0
2025-01-27 00:00:00-05:00,16.399999618530273,16.959999084472656,16.260000228881836,16.639999389648438,2218800,0.0,0.0
2025-01-28 00:00:00-05:00,16.479999542236328,16.860000610351562,16.139999389648438,16.829999923706055,3951000,0.0,0.0
2025-01-29 00:00:00-05:00,14.0,14.670000076293945,13.520000457763672,14.420000076293945,11163700,0.0,0.0
2025-01-30 00:00:00-05:00,14.649999618530273,14.744999885559082,14.210000038146973,14.279999732971191,3435400,0.0,0.0
2025-01-31 00:00:00-05:00,14.390000343322754,14.390000343322754,13.4399995803833,13.489999771118164,4513100,0.0,0.0
2025-02-03 00:00:00-05:00,12.920000076293945,13.25,12.6899995803833,12.960000038146973,3483100,0.0,0.0
2025-02-04 00:00:00-05:00,12.970000267028809,13.279999732971191,12.75,13.180000305175781,2113400,0.0,0.0
2025-02-05 00:00:00-05:00,13.210000038146973,13.550000190734863,13.180000305175781,13.300000190734863,1565900,0.0,0.0
2025-02-06 00:00:00-05:00,13.75,13.960000038146973,13.609999656677246,13.640000343322754,1911400,0.0,0.0
2025-02-07 00:00:00-05:00,13.600000381469727,13.819999694824219,13.460000038146973,13.479999542236328,1333000,0.0,0.0
2025-02-10 00:00:00-05:00,13.550000190734863,13.619999885559082,13.225000381469727,13.289999961853027,1587700,0.0,0.0
2025-02-11 00:00:00-05:00,13.149999618530273,13.289999961853027,13.010000228881836,13.25,1013000,0.0,0.0
2025-02-12 00:00:00-05:00,13.09000015258789,13.420000076293945,13.0,13.15999984741211,1360400,0.0,0.0
2025-02-13 00:00:00-05:00,13.279999732971191,13.279999732971191,12.829999923706055,13.149999618530273,2589300,0.0,0.0
2025-02-14 00:00:00-05:00,13.270000457763672,14.25,13.211000442504883,14.09000015258789,2120900,0.0,0.0
2025-02-18 00:00:00-05:00,14.180000305175781,14.510000228881836,14.0649995803833,14.359999656677246,2320500,0.0,0.0
2025-02-19 00:00:00-05:00,14.210000038146973,14.34000015258789,13.949999809265137,14.270000457763672,1404200,0.0,0.0
2025-02-20 00:00:00-05:00,14.130000114440918,14.145000457763672,13.300000190734863,13.59000015258789,1741000,0.0,0.0
2025-02-21 00:00:00-05:00,13.829999923706055,13.850000381469727,12.859999656677246,13.029999732971191,1604700,0.0,0.0
2025-02-24 00:00:00-05:00,13.079999923706055,13.180000305175781,12.34000015258789,12.470000267028809,2559800,0.0,0.0
2025-02-25 00:00:00-05:00,12.550000190734863,12.609999656677246,11.960000038146973,12.229999542236328,2114400,0.0,0.0
2025-02-26 00:00:00-05:00,12.359999656677246,12.649999618530273,12.289999961853027,12.640000343322754,977100,0.0,0.0
2025-02-27 00:00:00-05:00,12.670000076293945,12.899999618530273,12.375,12.529999732971191,1371800,0.0,0.0
2025-02-28 00:00:00-05:00,12.5600004196167,12.949999809265137,12.432000160217285,12.789999961853027,1688600,0.0,0.0
2025-03-03 00:00:00-05:00,12.8100004196167,12.949999809265137,12.09000015258789,12.199999809265137,1197100,0.0,0.0
2025-03-04 00:00:00-05:00,11.899999618530273,12.15999984741211,11.289999961853027,11.710000038146973,2114100,0.0,0.0
2025-03-05 00:00:00-05:00,11.8100004196167,12.020000457763672,11.569999694824219,11.850000381469727,1634400,0.0,0.0
2025-03-06 00:00:00-05:00,11.5,11.920000076293945,11.350000381469727,11.399999618530273,1610300,0.0,0.0
2025-03-07 00:00:00-05:00,11.350000381469727,11.494999885559082,10.75,11.1899995803833,3544200,0.0,0.0
2025-03-10 00:00:00-04:00,10.824999809265137,10.949999809265137,10.050000190734863,10.25,2356200,0.0,0.0
2025-03-11 00:00:00-04:00,10.239999771118164,10.65999984741211,10.0600004196167,10.380000114440918,2583500,0.0,0.0
2025-03-12 00:00:00-04:00,10.859999656677246,11.229999542236328,10.449999809265137,10.75,2476400,0.0,0.0
2025-03-13 00:00:00-04:00,10.65999984741211,10.666999816894531,10.28499984741211,10.40999984741211,993800,0.0,0.0
2025-03-14 00:00:00-04:00,10.710000038146973,10.989999771118164,10.539999961853027,10.869999885559082,1145100,0.0,0.0
2025-03-17 00:00:00-04:00,10.760000228881836,11.0,10.680000305175781,10.819999694824219,1418000,0.0,0.0
2025-03-18 00:00:00-04:00,10.800000190734863,10.890000343322754,10.600000381469727,10.75,985000,0.0,0.0
2025-03-19 00:00:00-04:00,10.770000457763672,11.274999618530273,10.699999809265137,11.100000381469727,822700,0.0,0.0
2025-03-20 00:00:00-04:00,10.880000114440918,11.340999603271484,10.84000015258789,11.09000015258789,1094900,0.0,0.0
2025-03-21 00:00:00-04:00,10.859999656677246,11.100000381469727,10.829999923706055,11.079999923706055,1248000,0.0,0.0
2025-03-24 00:00:00-04:00,11.4399995803833,11.6899995803833,11.284000396728516,11.649999618530273,884000,0.0,0.0
2025-03-25 00:00:00-04:00,11.59000015258789,11.699999809265137,11.425000190734863,11.4399995803833,689600,0.0,0.0
2025-03-26 00:00:00-04:00,11.470000267028809,11.59000015258789,11.039999961853027,11.220000267028809,982100,0.0,0.0
2025-03-27 00:00:00-04:00,11.0600004196167,11.079999923706055,10.630000114440918,10.850000381469727,1347500,0.0,0.0
2025-03-28 00:00:00-04:00,10.8100004196167,10.914999961853027,10.265000343322754,10.40999984741211,1032900,0.0,0.0
2025-03-31 00:00:00-04:00,10.149999618530273,10.399999618530273,9.920000076293945,10.319999694824219,1230300,0.0,0.0
2025-04-01 00:00:00-04:00,10.220000267028809,10.609999656677246,10.109999656677246,10.510000228881836,1199000,0.0,0.0
2025-04-02 00:00:00-04:00,10.25,10.850000381469727,10.180000305175781,10.729999542236328,855900,0.0,0.0
2025-04-03 00:00:00-04:00,9.800000190734863,9.930000305175781,9.390000343322754,9.430000305175781,1728700,0.0,0.0
2025-04-04 00:00:00-04:00,8.850000381469727,9.069999694824219,8.0649995803833,8.6899995803833,2245200,0.0,0.0
2025-04-07 00:00:00-04:00,8.029999732971191,9.364999771118164,7.900000095367432,8.829999923706055,2281100,0.0,0.0
2025-04-08 00:00:00-04:00,9.40999984741211,9.4399995803833,8.380000114440918,8.5600004196167,1120800,0.0,0.0
2025-04-09 00:00:00-04:00,8.350000381469727,10.069999694824219,8.34000015258789,9.930000305175781,1815000,0.0,0.0
2025-04-10 00:00:00-04:00,9.569999694824219,9.579999923706055,8.78499984741211,9.220000267028809,1268400,0.0,0.0
2025-04-11 00:00:00-04:00,9.180000305175781,9.319999694824219,8.829999923706055,9.199999809265137,848600,0.0,0.0
2025-04-14 00:00:00-04:00,9.520000457763672,9.600000381469727,9.100000381469727,9.239999771118164,932800,0.0,0.0
2025-04-15 00:00:00-04:00,9.289999961853027,9.600000381469727,9.229000091552734,9.449999809265137,1138200,0.0,0.0
2025-04-16 00:00:00-04:00,9.270000457763672,9.479999542236328,9.194999694824219,9.380000114440918,781500,0.0,0.0
2025-04-17 00:00:00-04:00,9.399999618530273,9.595000267028809,9.210000038146973,9.5,1026100,0.0,0.0
2025-04-21 00:00:00-04:00,9.420000076293945,9.550000190734863,9.133000373840332,9.25,899400,0.0,0.0
2025-04-22 00:00:00-04:00,9.489999771118164,9.930000305175781,9.399999618530273,9.869999885559082,1118200,0.0,0.0
2025-04-23 00:00:00-04:00,10.34000015258789,10.697999954223633,10.225000381469727,10.25,1462800,0.0,0.0
2025-04-24 00:00:00-04:00,10.289999961853027,10.90999984741211,10.168000221252441,10.869999885559082,1312400,0.0,0.0
2025-04-25 00:00:00-04:00,10.880000114440918,11.079999923706055,10.805000305175781,10.960000038146973,1222200,0.0,0.0
2025-04-28 00:00:00-04:00,10.9399995803833,11.0600004196167,10.630000114440918,10.979999542236328,1244700,0.0,0.0
2025-04-29 00:00:00-04:00,10.90999984741211,11.109999656677246,10.819999694824219,11.010000228881836,2982600,0.0,0.0
2025-04-30 00:00:00-04:00,9.489999771118164,9.850000381469727,9.0,9.770000457763672,4604100,0.0,0.0
2025-05-01 00:00:00-04:00,9.789999961853027,10.08899974822998,9.539999961853027,9.890000343322754,2748800,0.0,0.0
2025-05-02 00:00:00-04:00,10.109999656677246,10.359999656677246,9.895000457763672,10.329999923706055,2257700,0.0,0.0
2025-05-05 00:00:00-04:00,10.220000267028809,10.555000305175781,10.220000267028809,10.300000190734863,1153900,0.0,0.0
2025-05-06 00:00:00-04:00,10.010000228881836,10.244999885559082,9.899999618530273,10.0,1047200,0.0,0.0
2025-05-07 00:00:00-04:00,10.09000015258789,10.460000038146973,10.09000015258789,10.279999732971191,1198800,0.0,0.0
2025-05-08 00:00:00-04:00,10.579999923706055,10.774999618530273,10.444999694824219,10.609999656677246,821500,0.0,0.0
2025-05-09 00:00:00-04:00,10.699999809265137,10.720000267028809,10.40999984741211,10.579999923706055,652900,0.0,0.0
2025-05-12 00:00:00-04:00,11.199999809265137,11.460000038146973,11.119999885559082,11.130000114440918,1118900,0.0,0.0
2025-05-13 00:00:00-04:00,11.270000457763672,11.479999542236328,11.1899995803833,11.399999618530273,1176700,0.0,0.0
2025-05-14 00:00:00-04:00,11.350000381469727,11.579999923706055,11.09000015258789,11.100000381469727,1242900,0.0,0.0
2025-05-15 00:00:00-04:00,11.010000228881836,11.050000190734863,10.489999771118164,10.59000015258789,2194700,0.0,0.0
2025-05-16 00:00:00-04:00,10.640000343322754,10.649999618530273,10.454999923706055,10.640000343322754,1893000,0.0,0.0
2025-05-19 00:00:00-04:00,10.329999923706055,10.59000015258789,10.289999961853027,10.569999694824219,1057100,0.0,0.0
2025-05-20 00:00:00-04:00,10.520000457763672,10.5649995803833,10.319999694824219,10.350000381469727,1217500,0.0,0.0
2025-05-21 00:00:00-04:00,10.180000305175781,10.229999542236328,9.880000114440918,9.880000114440918,1021700,0.0,0.0
2025-05-22 00:00:00-04:00,9.850000381469727,10.085000038146973,9.819999694824219,10.010000228881836,815200,0.0,0.0
2025-05-23 00:00:00-04:00,9.699999809265137,9.979999542236328,9.699999809265137,9.859999656677246,892900,0.0,0.0
2025-05-27 00:00:00-04:00,10.109999656677246,10.21500015258789,9.923999786376953,10.180000305175781,1045500,0.0,0.0
2025-05-28 00:00:00-04:00,10.1899995803833,10.210000038146973,9.960000038146973,10.079999923706055,653100,0.0,0.0
2025-05-29 00:00:00-04:00,10.25,10.279999732971191,9.949999809265137,10.130000114440918,882000,0.0,0.0
2025-05-30 00:00:00-04:00,9.989999771118164,10.104999542236328,9.835000038146973,10.029999732971191,901800,0.0,0.0
2025-06-02 00:00:00-04:00,10.0,10.104999542236328,9.779999732971191,10.069999694824219,803500,0.0,0.0
2025-06-03 00:00:00-04:00,10.130000114440918,10.479999542236328,9.975000381469727,10.460000038146973,1053900,0.0,0.0
2025-06-04 00:00:00-04:00,10.40999984741211,10.498000144958496,10.335000038146973,10.390000343322754,1352000,0.0,0.0
2025-06-05 00:00:00-04:00,10.319999694824219,10.449999809265137,10.114999771118164,10.15999984741211,1031700,0.0,0.0
2025-06-06 00:00:00-04:00,10.399999618530273,10.65999984741211,10.289999961853027,10.600000381469727,851000,0.0,0.0
2025-06-09 00:00:00-04:00,10.800000190734863,10.920000076293945,10.656000137329102,10.699999809265137,923400,0.0,0.0
2025-06-10 00:00:00-04:00,10.829999923706055,11.0600004196167,10.710000038146973,10.970000267028809,1397700,0.0,0.0
2025-06-11 00:00:00-04:00,11.050000190734863,11.239999771118164,10.859999656677246,10.970000267028809,1322800,0.0,0.0
2025-06-12 00:00:00-04:00,10.779999732971191,11.079999923706055,10.680000305175781,10.989999771118164,1313200,0.0,0.0
2025-06-13 00:00:00-04:00,10.770000457763672,10.819999694824219,10.414999961853027,10.460000038146973,1231600,0.0,0.0
2025-06-16 00:00:00-04:00,10.619999885559082,11.050000190734863,10.444999694824219,11.039999961853027,1502400,0.0,0.0
2025-06-17 00:00:00-04:00,10.835000038146973,11.0600004196167,10.835000038146973,11.0,1556100,0.0,0.0
2025-06-18 00:00:00-04:00,11.0,11.449999809265137,10.949999809265137,11.220000267028809,2226800,0.0,0.0
2025-06-20 00:00:00-04:00,11.369999885559082,11.420000076293945,11.0,11.010000228881836,1652000,0.0,0.0
2025-06-23 00:00:00-04:00,10.859999656677246,11.210000038146973,10.739999771118164,11.180000305175781,752500,0.0,0.0
2025-06-24 00:00:00-04:00,11.390000343322754,11.600000381469727,11.300000190734863,11.550000190734863,854700,0.0,0.0
2025-06-25 00:00:00-04:00,11.600000381469727,11.729999542236328,11.569999694824219,11.619999885559082,1158200,0.0,0.0
2025-06-26 00:00:00-04:00,11.649999618530273,12.010000228881836,11.579999923706055,11.949999809265137,1603600,0.0,0.0
2025-06-27 00:00:00-04:00,11.989999771118164,12.149999618530273,11.8100004196167,11.970000267028809,2125200,0.0,0.0
2025-06-30 00:00:00-04:00,12.170000076293945,12.25,11.979999542236328,12.029999732971191,1150100,0.0,0.0
2025-07-01 00:00:00-04:00,11.9399995803833,12.319999694824219,11.75,12.270000457763672,2097400,0.0,0.0
2025-07-02 00:00:00-04:00,12.210000038146973,12.579999923706055,12.140000343322754,12.449999809265137,1138300,0.0,0.0
2025-07-03 00:00:00-04:00,12.600000381469727,12.630000114440918,12.494999885559082,12.569999694824219,776100,0.0,0.0
2025-07-07 00:00:00-04:00,12.430000305175781,12.515000343322754,12.170000076293945,12.25,1031500,0.0,0.0
2025-07-08 00:00:00-04:00,12.369999885559082,12.604999542236328,12.354999542236328,12.399999618530273,1166600,0.0,0.0
2025-07-09 00:00:00-04:00,12.510000228881836,12.680000305175781,12.409000396728516,12.5,1364600,0.0,0.0
2025-07-10 00:00:00-04:00,12.539999961853027,12.805000305175781,12.46500015258789,12.6899995803833,1304100,0.0,0.0
2025-07-11 00:00:00-04:00,12.649999618530273,12.899999618530273,12.609999656677246,12.699999809265137,1879600,0.0,0.0
2025-07-14 00:00:00-04:00,12.6899995803833,12.8149995803833,12.444999694824219,12.699999809265137,1488400,0.0,0.0
2025-07-15 00:00:00-04:00,12.710000038146973,12.829999923706055,12.40999984741211,12.420000076293945,1494700,0.0,0.0
2025-07-16 00:00:00-04:00,12.630000114440918,12.65999984741211,12.25100040435791,12.65999984741211,1143400,0.0,0.0
2025-07-17 00:00:00-04:00,12.640000343322754,13.130000114440918,12.604999542236328,13.029999732971191,2246500,0.0,0.0
2025-07-18 00:00:00-04:00,13.069999694824219,13.17300033569336,12.729999542236328,13.039999961853027,1623400,0.0,0.0
2025-07-21 00:00:00-04:00,13.09000015258789,13.199999809265137,12.779999732971191,12.8100004196167,2056800,0.0,0.0
2025-07-22 00:00:00-04:00,12.800000190734863,13.119999885559082,12.635000228881836,12.970000267028809,1670000,0.0,0.0
2025-07-23 00:00:00-04:00,13.100000381469727,13.40999984741211,12.9399995803833,13.40999984741211,1449300,0.0,0.0
2025-07-24 00:00:00-04:00,13.350000381469727,13.420000076293945,13.170000076293945,13.170000076293945,1804300,0.0,0.0
2025-07-25 00:00:00-04:00,13.229999542236328,13.229999542236328,12.645000457763672,12.829999923706055,1535400,0.0,0.0
2025-07-28 00:00:00-04:00,12.90999984741211,13.010000228881836,12.835000038146973,12.949999809265137,1511300,0.0,0.0
2025-07-29 00:00:00-04:00,13.149999618530273,13.600000381469727,13.0,13.109999656677246,4797400,0.0,0.0
2025-07-30 00:00:00-04:00,16.700000762939453,17.239999771118164,14.899999618530273,15.890000343322754,10108000,0.0,0.0
2025-07-31 00:00:00-04:00,15.800000190734863,16.209999084472656,15.444999694824219,15.59000015258789,4571000,0.0,0.0
2025-08-01 00:00:00-04:00,15.244999885559082,15.734999656677246,14.65999984741211,15.59000015258789,4148100,0.0,0.0
2025-08-04 00:00:00-04:00,15.539999961853027,16.25,15.0,16.049999237060547,2952500,0.0,0.0
2025-08-05 00:00:00-04:00,16.34000015258789,16.350000381469727,15.569999694824219,15.880000114440918,1844000,0.0,0.0
2025-08-06 00:00:00-04:00,15.930000305175781,15.989999771118164,15.579999923706055,15.6899995803833,1752600,0.0,0.0
2025-08-07 00:00:00-04:00,15.850000381469727,15.90999984741211,15.09000015258789,15.300000190734863,1875200,0.0,0.0
2025-08-08 00:00:00-04:00,15.569999694824219,15.569999694824219,14.970999717712402,14.989999771118164,1209400,0.0,0.0
2025-08-11 00:00:00-04:00,15.050000190734863,15.15999984741211,14.800999641418457,14.859999656677246,1262500,0.0,0.0
2025-08-12 00:00:00-04:00,15.09000015258789,15.550999641418457,15.0,15.460000038146973,1184900,0.0,0.0
2025-08-13 00:00:00-04:00,15.5600004196167,15.774999618530273,15.40999984741211,15.770000457763672,1158200,0.0,0.0
2025-08-14 00:00:00-04:00,15.359999656677246,15.614999771118164,15.274999618530273,15.520000457763672,1041000,0.0,0.0
2025-08-15 00:00:00-04:00,15.539999961853027,15.539999961853027,15.140000343322754,15.5,915400,0.0,0.0
2025-08-18 00:00:00-04:00,15.449999809265137,15.949999809265137,15.40999984741211,15.9399995803833,1917400,0.0,0.0
2025-08-19 00:00:00-04:00,15.920000076293945,16.15999984741211,15.199999809265137,15.220000267028809,1946600,0.0,0.0
2025-08-20 00:00:00-04:00,15.109999656677246,15.1899995803833,14.609999656677246,15.180000305175781,1508800,0.0,0.0
2025-08-21 00:00:00-04:00,14.989999771118164,15.470000267028809,14.819999694824219,15.359999656677246,1378000,0.0,0.0
2025-08-22 00:00:00-04:00,15.369999885559082,16.610000610351562,15.1899995803833,16.309999465942383,2389400,0.0,0.0
2025-08-25 00:00:00-04:00,16.18000030517578,16.65999984741211,16.1200008392334,16.510000228881836,1218200,0.0,0.0
2025-08-26 00:00:00-04:00,16.440000534057617,16.760000228881836,16.299999237060547,16.549999237060547,1344800,0.0,0.0
2025-08-27 00:00:00-04:00,16.5,16.915000915527344,16.459999084472656,16.809999465942383,2175700,0.0,0.0
2025-08-28 00:00:00-04:00,16.90999984741211,17.440000534057617,16.836000442504883,17.25,1461600,0.0,0.0
2025-08-29 00:00:00-04:00,17.25,17.489999771118164,17.100000381469727,17.18000030517578,1487000,0.0,0.0
2025-09-02 00:00:00-04:00,16.600000381469727,16.860000610351562,16.31999969482422,16.6200008392334,2120200,0.0,0.0
2025-09-03 00:00:00-04:00,16.5,16.75,16.209999084472656,16.360000610351562,1402300,0.0,0.0
2025-09-04 00:00:00-04:00,16.43000030517578,16.739999771118164,16.3700008392334,16.690000534057617,778800,0.0,0.0
2025-09-05 00:00:00-04:00,16.81999969482422,16.989999771118164,16.25,16.600000381469727,1310500,0.0,0.0
2025-09-08 00:00:00-04:00,16.6299991607666,16.670000076293945,16.270000457763672,16.5,1343300,0.0,0.0
2025-09-09 00:00:00-04:00,16.5,16.600000381469727,16.239999771118164,16.479999542236328,829300,0.0,0.0
2025-09-10 00:00:00-04:00,16.450000762939453,16.719999313354492,16.170000076293945,16.219999313354492,1095000,0.0,0.0
2025-09-11 00:00:00-04:00,16.309999465942383,16.75,16.25,16.729999542236328,945100,0.0,0.0
2025-09-12 00:00:00-04:00,16.770000457763672,16.899999618530273,16.604999542236328,16.68000030517578,923500,0.0,0.0
2025-09-15 00:00:00-04:00,16.81999969482422,17.270000457763672,16.709999084472656,17.139999389648438,1384800,0.0,0.0
2025-09-16 00:00:00-04:00,17.149999618530273,17.219999313354492,16.65999984741211,17.200000762939453,1548900,0.0,0.0
2025-09-17 00:00:00-04:00,17.190000534057617,17.65999984741211,16.770000457763672,17.219999313354492,1444900,0.0,0.0
2025-09-18 00:00:00-04:00,17.40999984741211,17.81999969482422,17.259000778198242,17.639999389648438,1617300,0.0,0.0
2025-09-19 00:00:00-04:00,17.700000762939453,17.770000457763672,17.364999771118164,17.6200008392334,2033700,0.0,0.0
2025-09-22 00:00:00-04:00,17.440000534057617,17.920000076293945,17.290000915527344,17.670000076293945,1452600,0.0,0.0
2025-09-23 00:00:00-04:00,17.700000762939453,17.860000610351562,17.110000610351562,17.1299991607666,1201900,0.0,0.0
2025-09-24 00:00:00-04:00,17.309999465942383,17.399999618530273,16.639999389648438,16.700000762939453,1293300,0.0,0.0
2025-09-25 00:00:00-04:00,16.190000534057617,16.709999084472656,16.100000381469727,16.639999389648438,2162800,0.0,0.0
2025-09-26 00:00:00-04:00,16.700000762939453,16.7450008392334,16.34000015258789,16.540000915527344,1072700,0.0,0.0
2025-09-29 00:00:00-04:00,16.729999542236328,16.729999542236328,15.75,16.110000610351562,1491600,0.0,0.0
2025-09-30 00:00:00-04:00,15.979999542236328,16.110000610351562,14.880000114440918,15.1899995803833,2887800,0.0,0.0
2025-10-01 00:00:00-04:00,15.119999885559082,15.470000267028809,14.812000274658203,14.930000305175781,1588700,0.0,0.0
2025-10-02 00:00:00-04:00,15.079999923706055,15.199000358581543,14.795000076293945,14.970000267028809,1095000,0.0,0.0
2025-10-03 00:00:00-04:00,15.09000015258789,15.1850004196167,14.704999923706055,14.760000228881836,761300,0.0,0.0
2025-10-06 00:00:00-04:00,14.9399995803833,15.100000381469727,14.529999732971191,14.8100004196167,1201700,0.0,0.0
2025-10-07 00:00:00-04:00,15.0600004196167,15.569999694824219,14.979999542236328,15.399999618530273,1647500,0.0,0.0
2025-10-08 00:00:00-04:00,15.470000267028809,15.829999923706055,15.229999542236328,15.760000228881836,1591100,0.0,0.0
2025-10-09 00:00:00-04:00,15.729999542236328,15.979999542236328,15.630000114440918,15.949999809265137,1228900,0.0,0.0
2025-10-10 00:00:00-04:00,16.059999465942383,16.405000686645508,14.960000038146973,14.970000267028809,1264800,0.0,0.0
2025-10-13 00:00:00-04:00,15.329999923706055,15.460000038146973,15.149999618530273,15.329999923706055,920500,0.0,0.0
2025-10-14 00:00:00-04:00,15.039999961853027,16.139999389648438,15.010000228881836,16.06999969482422,1446700,0.0,0.0
2025-10-15 00:00:00-04:00,16.309999465942383,16.684999465942383,16.200000762939453,16.510000228881836,1960100,0.0,0.0
2025-10-16 00:00:00-04:00,16.5,16.684999465942383,15.449999809265137,15.5600004196167,1773700,0.0,0.0
2025-10-17 00:00:00-04:00,15.489999771118164,15.829999923706055,15.319999694824219,15.390000343322754,1643600,0.0,0.0
2025-10-20 00:00:00-04:00,15.600000381469727,16.389999389648438,15.460000038146973,16.360000610351562,1259500,0.0,0.0
2025-10-21 00:00:00-04:00,16.350000381469727,17.030000686645508,16.283000946044922,16.719999313354492,1434000,0.0,0.0
2025-10-22 00:00:00-04:00,16.739999771118164,16.850000381469727,16.040000915527344,16.520000457763672,3740300,0.0,0.0
2025-10-23 00:00:00-04:00,18.899999618530273,19.8799991607666,17.690000534057617,18.25,9909500,0.0,0.0
2025-10-24 00:00:00-04:00,18.56999969482422,18.950000762939453,18.399999618530273,18.43000030517578,3095400,0.0,0.0
2025-10-27 00:00:00-04:00,18.709999084472656,18.888999938964844,18.239999771118164,18.329999923706055,1736500,0.0,0.0
2025-10-28 00:00:00-04:00,18.399999618530273,18.499000549316406,17.969999313354492,18.020000457763672,1283700,0.0,0.0
2025-10-29 00:00:00-04:00,17.8700008392334,18.0,17.079999923706055,17.219999313354492,1915600,0.0,0.0
2025-10-30 00:00:00-04:00,17.110000610351562,17.420000076293945,16.795000076293945,16.84000015258789,1257300,0.0,0.0
2025-10-31 00:00:00-04:00,16.90999984741211,17.55500030517578,16.799999237060547,17.389999389648438,2091600,0.0,0.0
2025-11-03 00:00:00-05:00,17.469999313354492,18.1299991607666,17.3700008392334,17.579999923706055,1891600,0.0,0.0
2025-11-04 00:00:00-05:00,17.209999084472656,17.78499984741211,16.959999084472656,17.760000228881836,2480600,0.0,0.0
2025-11-05 00:00:00-05:00,18.56999969482422,19.18000030517578,18.19499969482422,19.149999618530273,4516500,0.0,0.0
2025-11-06 00:00:00-05:00,19.25,19.389999389648438,17.899999618530273,18.0,3684200,0.0,0.0
2025-11-07 00:00:00-05:00,17.709999084472656,18.149999618530273,17.1200008392334,18.149999618530273,2793500,0.0,0.0
2025-11-10 00:00:00-05:00,18.90999984741211,19.290000915527344,18.600000381469727,18.860000610351562,2352400,0.0,0.0
2025-11-11 00:00:00-05:00,18.670000076293945,18.8700008392334,18.260000228881836,18.290000915527344,1406300,0.0,0.0
2025-11-12 00:00:00-05:00,18.3700008392334,18.799999237060547,18.200000762939453,18.56999969482422,1190600,0.0,0.0
2025-11-13 00:00:00-05:00,18.309999465942383,18.5,17.3700008392334,17.479999542236328,1648800,0.0,0.0
2025-11-14 00:00:00-05:00,17.079999923706055,17.530000686645508,16.784000396728516,17.239999771118164,1571500,0.0,0.0
2025-11-17 00:00:00-05:00,17.100000381469727,17.149999618530273,16.15999984741211,16.190000534057617,1776600,0.0,0.0
2025-11-18 00:00:00-05:00,16.049999237060547,16.420000076293945,15.970000267028809,15.989999771118164,1775900,0.0,0.0
2025-11-19 00:00:00-05:00,16.030000686645508,16.19499969482422,15.699999809265137,15.960000038146973,1289000,0.0,0.0
2025-11-20 00:00:00-05:00,16.25,16.850000381469727,15.6850004196167,15.710000038146973,1465700,0.0,0.0
2025-11-21 00:00:00-05:00,15.800000190734863,16.514999389648438,15.5600004196167,16.299999237060547,1468500,0.0,0.0
2025-11-24 00:00:00-05:00,16.350000381469727,16.889999389648438,16.290000915527344,16.799999237060547,1334400,0.0,0.0
2025-11-25 00:00:00-05:00,16.899999618530273,17.510000228881836,16.760000228881836,17.40999984741211,920700,0.0,0.0
2025-11-26 00:00:00-05:00,17.399999618530273,17.899999618530273,17.399999618530273,17.6299991607666,1194800,0.0,0.0
2025-11-28 00:00:00-05:00,17.799999237060547,18.209999084472656,17.700000762939453,18.100000381469727,600000,0.0,0.0
2025-12-01 00:00:00-05:00,17.8700008392334,18.170000076293945,17.809999465942383,17.93000030517578,1079500,0.0,0.0
2025-12-02 00:00:00-05:00,18.18000030517578,18.559999465942383,17.91900062561035,18.40999984741211,1200300,0.0,0.0
2025-12-03 00:00:00-05:00,18.3700008392334,18.81999969482422,18.270000457763672,18.799999237060547,1327500,0.0,0.0
2025-12-04 00:00:00-05:00,19.0,19.799999237060547,18.895000457763672,19.530000686645508,2038300,0.0,0.0
2025-12-05 00:00:00-05:00,19.469999313354492,19.84000015258789,19.190000534057617,19.43000030517578,1643900,0.0,0.0
2025-12-08 00:00:00-05:00,19.700000762939453,19.700000762939453,18.979999542236328,19.1299991607666,1239200,0.0,0.0
2025-12-09 00:00:00-05:00,19.040000915527344,19.530000686645508,19.010000228881836,19.209999084472656,1012400,0.0,0.0
2025-12-10 00:00:00-05:00,19.030000686645508,20.0,19.030000686645508,19.760000228881836,2126600,0.0,0.0
2025-12-11 00:00:00-05:00,19.979999542236328,20.940000534057617,19.959999084472656,20.399999618530273,4049800,0.0,0.0
2025-12-12 00:00:00-05:00,20.5,20.649999618530273,19.790000915527344,19.899999618530273,1714900,0.0,0.0
2025-12-15 00:00:00-05:00,19.979999542236328,19.989999771118164,19.0,19.06999969482422,1411100,0.0,0.0
2025-12-16 00:00:00-05:00,19.020000457763672,19.440000534057617,18.799999237060547,18.979999542236328,1566700,0.0,0.0
2025-12-17 00:00:00-05:00,18.8799991607666,19.040000915527344,18.329999923706055,18.3799991607666,1831800,0.0,0.0
2025-12-18 00:00:00-05:00,18.93000030517578,19.760000228881836,18.610000610351562,19.6200008392334,1704700,0.0,0.0
2025-12-19 00:00:00-05:00,19.6299991607666,19.878000259399414,19.34000015258789,19.649999618530273,2562800,0.0,0.0
2025-12-22 00:00:00-05:00,19.700000762939453,20.299999237060547,19.44499969482422,19.940000534057617,1865300,0.0,0.0
2025-12-23 00:00:00-05:00,19.799999237060547,20.25,19.65999984741211,19.65999984741211,2385900,0.0,0.0
2025-12-24 00:00:00-05:00,19.540000915527344,19.854999542236328,19.540000915527344,19.75,510300,0.0,0.0
2025-12-26 00:00:00-05:00,19.700000762939453,19.736000061035156,19.5,19.639999389648438,557900,0.0,0.0
2025-12-29 00:00:00-05:00,19.59000015258789,19.6299991607666,19.350000381469727,19.520000457763672,957100,0.0,0.0
2025-12-30 00:00:00-05:00,19.479999542236328,19.594999313354492,19.239999771118164,19.260000228881836,1143300,0.0,0.0
2025-12-31 00:00:00-05:00,19.31999969482422,19.31999969482422,18.875,18.940000534057617,1274500,0.0,0.0
2026-01-02 00:00:00-05:00,19.079999923706055,19.290000915527344,18.739999771118164,19.1200008392334,1147600,0.0,0.0
2026-01-05 00:00:00-05:00,19.079999923706055,20.295000076293945,19.079999923706055,20.260000228881836,1663800,0.0,0.0
2026-01-06 00:00:00-05:00,20.219999313354492,20.239999771118164,19.25,19.979999542236328,1785800,0.0,0.0
2026-01-07 00:00:00-05:00,20.110000610351562,20.270000457763672,19.610000610351562,19.899999618530273,1396000,0.0,0.0
2026-01-08 00:00:00-05:00,19.780000686645508,21.190000534057617,19.780000686645508,20.670000076293945,3160200,0.0,0.0
2026-01-09 00:00:00-05:00,20.75,20.899999618530273,19.81999969482422,19.979999542236328,1288500,0.0,0.0
2026-01-12 00:00:00-05:00,19.6200008392334,20.149999618530273,19.100000381469727,20.09000015258789,2295000,0.0,0.0
2026-01-13 00:00:00-05:00,20.100000381469727,20.360000610351562,19.690000534057617,20.15999984741211,1798900,0.0,0.0
2026-01-14 00:00:00-05:00,20.040000915527344,20.114999771118164,19.389999389648438,19.989999771118164,2124800,0.0,0.0
2026-01-15 00:00:00-05:00,20.030000686645508,20.59000015258789,20.030000686645508,20.360000610351562,1426000,0.0,0.0
2026-01-16 00:00:00-05:00,20.3799991607666,21.006000518798828,20.3799991607666,20.700000762939453,1479900,0.0,0.0
2026-01-20 00:00:00-05:00,19.600000381469727,20.600000381469727,19.5,19.920000076293945,1198400,0.0,0.0
2026-01-21 00:00:00-05:00,20.200000762939453,20.799999237060547,20.0,20.559999465942383,1434100,0.0,0.0
2026-01-22 00:00:00-05:00,20.84000015258789,21.670000076293945,20.700000762939453,21.579999923706055,2414400,0.0,0.0
2026-01-23 00:00:00-05:00,21.3799991607666,21.40999984741211,20.829999923706055,21.049999237060547,1823100,0.0,0.0
2026-01-26 00:00:00-05:00,21.170000076293945,21.639999389648438,20.959999084472656,21.309999465942383,1833300,0.0,0.0
2026-01-27 00:00:00-05:00,21.260000228881836,21.3700008392334,20.714000701904297,20.809999465942383,2018000,0.0,0.0
2026-01-28 00:00:00-05:00,20.700000762939453,20.760000228881836,19.450000762939453,19.56999969482422,5117400,0.0,0.0
2026-01-29 00:00:00-05:00,18.219999313354492,18.40999984741211,16.399999618530273,16.440000534057617,8969100,0.0,0.0
2026-01-30 00:00:00-05:00,16.209999084472656,17.149999618530273,16.200000762939453,16.90999984741211,5805500,0.0,0.0
2026-02-02 00:00:00-05:00,16.68000030517578,17.7189998626709,16.649999618530273,16.860000610351562,3481900,0.0,0.0
2026-02-03 00:00:00-05:00,16.850000381469727,17.040000915527344,15.84000015258789,16.100000381469727,2907000,0.0,0.0
2026-02-04 00:00:00-05:00,15.9399995803833,16.31999969482422,15.734999656677246,16.030000686645508,2391100,0.0,0.0
2026-02-05 00:00:00-05:00,15.899999618530273,16.03499984741211,15.239999771118164,15.6899995803833,3316800,0.0,0.0
2026-02-06 00:00:00-05:00,16.0,17.09000015258789,15.890000343322754,16.940000534057617,3546500,0.0,0.0
2026-02-09 00:00:00-05:00,16.889999389648438,17.549999237060547,16.790000915527344,17.299999237060547,1419600,0.0,0.0
2026-02-10 00:00:00-05:00,17.329999923706055,17.6299991607666,17.075000762939453,17.260000228881836,2103100,0.0,0.0
2026-02-11 00:00:00-05:00,17.479999542236328,17.530000686645508,16.56999969482422,16.719999313354492,1490700,0.0,0.0
2026-02-12 00:00:00-05:00,17.0,17.100000381469727,15.104999542236328,15.199999809265137,1912000,0.0,0.0
2026-02-13 00:00:00-05:00,15.25,15.880000114440918,15.0,15.59000015258789,1853100,0.0,0.0
2026-02-17 00:00:00-05:00,15.470000267028809,15.789999961853027,15.289999961853027,15.510000228881836,1335400,0.0,0.0
2026-02-18 00:00:00-05:00,15.520000457763672,16.274999618530273,15.5,16.229999542236328,1752700,0.0,0.0
2026-02-19 00:00:00-05:00,16.079999923706055,16.59000015258789,15.970000267028809,16.579999923706055,1547200,0.0,0.0
2026-02-20 00:00:00-05:00,16.389999389648438,16.59000015258789,16.170000076293945,16.260000228881836,2127600,0.0,0.0
2026-02-23 00:00:00-05:00,15.920000076293945,15.989999771118164,14.654999732971191,14.75,2144200,0.0,0.0
2026-02-24 00:00:00-05:00,14.770000457763672,15.305000305175781,14.699999809265137,15.020000457763672,1758700,0.0,0.0
2026-02-25 00:00:00-05:00,15.25,16.440000534057617,15.199999809265137,16.100000381469727,2267700,0.0,0.0
2026-02-26 00:00:00-05:00,16.15999984741211,16.790000915527344,16.1299991607666,16.719999313354492,1929000,0.0,0.0
2026-02-27 00:00:00-05:00,16.170000076293945,16.5,14.710000038146973,14.90999984741211,3051200,0.0,0.0
2026-03-02 00:00:00-05:00,14.460000038146973,15.300000190734863,14.369999885559082,15.050000190734863,1950300,0.0,0.0
2026-03-03 00:00:00-05:00,14.5,15.085000038146973,14.260000228881836,14.859999656677246,2710300,0.0,0.0
2026-03-04 00:00:00-05:00,15.020000457763672,15.819999694824219,14.989999771118164,15.609999656677246,1931900,0.0,0.0
2026-03-05 00:00:00-05:00,15.460000038146973,15.770000457763672,14.9350004196167,15.140000343322754,1606700,0.0,0.0
2026-03-06 00:00:00-05:00,14.800000190734863,14.819999694824219,14.300000190734863,14.670000076293945,1905400,0.0,0.0
2026-03-09 00:00:00-04:00,14.300000190734863,14.84000015258789,13.920999526977539,14.760000228881836,1395500,0.0,0.0
2026-03-10 00:00:00-04:00,14.800000190734863,14.890000343322754,14.28499984741211,14.5600004196167,1176400,0.0,0.0
2026-03-11 00:00:00-04:00,14.529999732971191,14.800000190734863,14.270000457763672,14.59000015258789,905900,0.0,0.0
2026-03-12 00:00:00-04:00,14.09000015258789,14.430000305175781,14.0600004196167,14.130000114440918,1188700,0.0,0.0
2026-03-13 00:00:00-04:00,14.300000190734863,14.399999618530273,13.795000076293945,13.800000190734863,2580700,0.0,0.0
2026-03-16 00:00:00-04:00,14.109999656677246,14.300000190734863,13.800000190734863,13.869999885559082,1819800,0.0,0.0
2026-03-17 00:00:00-04:00,14.0,14.279999732971191,13.949999809265137,14.119999885559082,1896100,0.0,0.0
2026-03-18 00:00:00-04:00,13.960000038146973,14.260000228881836,13.239999771118164,13.319999694824219,3709900,0.0,0.0
2026-03-19 00:00:00-04:00,13.09000015258789,13.9399995803833,13.050000190734863,13.850000381469727,2496500,0.0,0.0
2026-03-20 00:00:00-04:00,13.880000114440918,14.170000076293945,13.600000381469727,13.979999542236328,2287700,0.0,0.0
2026-03-23 00:00:00-04:00,14.329999923706055,14.880000114440918,14.180000305175781,14.6899995803833,1926300,0.0,0.0
2026-03-24 00:00:00-04:00,14.449999809265137,14.800000190734863,14.329999923706055,14.609999656677246,1233300,0.0,0.0
2026-03-25 00:00:00-04:00,14.989999771118164,15.119999885559082,14.40999984741211,14.539999961853027,1408600,0.0,0.0
2026-03-26 00:00:00-04:00,14.289999961853027,14.619999885559082,14.239999771118164,14.390000343322754,848000,0.0,0.0
2026-03-27 00:00:00-04:00,14.109999656677246,14.175000190734863,13.765000343322754,13.869999885559082,1043400,0.0,0.0
2026-03-30 00:00:00-04:00,14.0,14.115400314331055,13.675000190734863,13.8100004196167,780150,0.0,0.0
