Date,Open,High,Low,Close,Volume,Dividends,Stock Splits
2024-03-21 00:00:00-04:00,5.260000228881836,5.789999961853027,3.4000000953674316,3.4700000286102295,1580100,0.0,0.0
2024-03-22 00:00:00-04:00,3.390000104904175,3.799999952316284,3.122999906539917,3.5,231800,0.0,0.0
2024-03-25 00:00:00-04:00,3.5,3.5840001106262207,2.5,2.569999933242798,351600,0.0,0.0
2024-03-26 00:00:00-04:00,2.6500000953674316,3.2899999618530273,2.430000066757202,3.2200000286102295,182700,0.0,0.0
2024-03-27 00:00:00-04:00,3.190000057220459,3.372999906539917,3.0,3.0920000076293945,100100,0.0,0.0
2024-03-28 00:00:00-04:00,3.1500000953674316,3.4579999446868896,2.7799999713897705,3.0399999618530273,60300,0.0,0.0
2024-04-01 00:00:00-04:00,3.180000066757202,3.180000066757202,2.9100000858306885,2.9800000190734863,43400,0.0,0.0
2024-04-02 00:00:00-04:00,3.049999952316284,4.190000057220459,3.009999990463257,3.6700000762939453,607700,0.0,0.0
2024-04-03 00:00:00-04:00,3.6700000762939453,3.7799999713897705,3.3519999980926514,3.490000009536743,209000,0.0,0.0
2024-04-04 00:00:00-04:00,3.759999990463257,4.0,3.3499999046325684,3.990000009536743,207800,0.0,0.0
2024-04-05 00:00:00-04:00,3.9000000953674316,4.150000095367432,3.759999990463257,4.03000020980835,138700,0.0,0.0
2024-04-08 00:00:00-04:00,4.130000114440918,4.590000152587891,4.03000020980835,4.519999980926514,224000,0.0,0.0
2024-04-09 00:00:00-04:00,4.599999904632568,4.699999809265137,4.059999942779541,4.375,149400,0.0,0.0
2024-04-10 00:00:00-04:00,4.210000038146973,4.438000202178955,4.083000183105469,4.131999969482422,37200,0.0,0.0
2024-04-11 00:00:00-04:00,4.269999980926514,4.269999980926514,3.75,3.8399999141693115,75200,0.0,0.0
2024-04-12 00:00:00-04:00,3.7100000381469727,3.940000057220459,3.680000066757202,3.8299999237060547,28400,0.0,0.0
2024-04-15 00:00:00-04:00,3.75,3.8299999237060547,3.3299999237060547,3.4040000438690186,56400,0.0,0.0
2024-04-16 00:00:00-04:00,3.3299999237060547,3.5899999141693115,3.0999999046325684,3.24399995803833,30100,0.0,0.0
2024-04-17 00:00:00-04:00,3.130000114440918,3.4079999923706055,3.130000114440918,3.200000047683716,19800,0.0,0.0
2024-04-18 00:00:00-04:00,3.200000047683716,3.5199999809265137,3.200000047683716,3.3399999141693115,42300,0.0,0.0
2024-04-19 00:00:00-04:00,3.440000057220459,3.440000057220459,2.9200000762939453,3.0810000896453857,30000,0.0,0.0
2024-04-22 00:00:00-04:00,2.950000047683716,3.2100000381469727,2.9000000953674316,2.9600000381469727,17600,0.0,0.0
2024-04-23 00:00:00-04:00,2.9210000038146973,3.0199999809265137,2.799999952316284,2.9000000953674316,21700,0.0,0.0
2024-04-24 00:00:00-04:00,2.819999933242798,3.0420000553131104,2.755000114440918,2.819999933242798,24500,0.0,0.0
2024-04-25 00:00:00-04:00,2.799999952316284,3.0,2.799999952316284,2.8499999046325684,5700,0.0,0.0
2024-04-26 00:00:00-04:00,2.937000036239624,3.1500000953674316,2.937000036239624,3.0950000286102295,17600,0.0,0.0
2024-04-29 00:00:00-04:00,3.188999891281128,3.369999885559082,3.0999999046325684,3.2950000762939453,12400,0.0,0.0
2024-04-30 00:00:00-04:00,3.430000066757202,3.430000066757202,3.0299999713897705,3.140000104904175,24100,0.0,0.0
2024-05-01 00:00:00-04:00,3.049999952316284,3.1500000953674316,3.009999990463257,3.109999895095825,7400,0.0,0.0
2024-05-02 00:00:00-04:00,3.2200000286102295,3.2200000286102295,3.0,3.0299999713897705,8300,0.0,0.0
2024-05-03 00:00:00-04:00,3.190000057220459,3.2100000381469727,3.0199999809265137,3.2100000381469727,6000,0.0,0.0
2024-05-06 00:00:00-04:00,3.25,3.25,3.049999952316284,3.069999933242798,7800,0.0,0.0
2024-05-07 00:00:00-04:00,3.109999895095825,3.190000057220459,3.109999895095825,3.190000057220459,5900,0.0,0.0
2024-05-08 00:00:00-04:00,3.109999895095825,3.240000009536743,3.0,3.0299999713897705,17500,0.0,0.0
2024-05-09 00:00:00-04:00,3.2300000190734863,3.2300000190734863,3.049999952316284,3.059999942779541,12200,0.0,0.0
2024-05-10 00:00:00-04:00,3.1470000743865967,3.1470000743865967,3.0,3.009999990463257,12500,0.0,0.0
2024-05-13 00:00:00-04:00,3.109999895095825,3.109999895095825,2.9000000953674316,2.9649999141693115,11900,0.0,0.0
2024-05-14 00:00:00-04:00,2.930000066757202,3.119999885559082,2.75,2.8399999141693115,14600,0.0,0.0
2024-05-15 00:00:00-04:00,3.0,3.25,2.799999952316284,3.25,16900,0.0,0.0
2024-05-16 00:00:00-04:00,3.259999990463257,3.259999990463257,3.0999999046325684,3.0999999046325684,6400,0.0,0.0
2024-05-17 00:00:00-04:00,3.2100000381469727,3.384000062942505,3.140000104904175,3.2249999046325684,31600,0.0,0.0
2024-05-20 00:00:00-04:00,3.430000066757202,3.450000047683716,3.2660000324249268,3.309999942779541,15800,0.0,0.0
2024-05-21 00:00:00-04:00,3.2899999618530273,3.4000000953674316,3.1649999618530273,3.25,21100,0.0,0.0
2024-05-22 00:00:00-04:00,3.2300000190734863,3.325000047683716,2.950000047683716,3.0299999713897705,23100,0.0,0.0
2024-05-23 00:00:00-04:00,2.950000047683716,3.2100000381469727,2.8299999237060547,2.9200000762939453,25700,0.0,0.0
2024-05-24 00:00:00-04:00,2.9800000190734863,3.0999999046325684,2.759999990463257,2.7799999713897705,22000,0.0,0.0
2024-05-28 00:00:00-04:00,2.8399999141693115,2.8499999046325684,2.5,2.5999999046325684,26200,0.0,0.0
2024-05-29 00:00:00-04:00,2.559999942779541,2.7209999561309814,2.502000093460083,2.609999895095825,12200,0.0,0.0
2024-05-30 00:00:00-04:00,2.619999885559082,2.7009999752044678,2.5250000953674316,2.5399999618530273,9400,0.0,0.0
2024-05-31 00:00:00-04:00,2.5999999046325684,2.5999999046325684,2.4000000953674316,2.509999990463257,6800,0.0,0.0
2024-06-03 00:00:00-04:00,2.4600000381469727,2.5999999046325684,2.375,2.5840001106262207,5300,0.0,0.0
2024-06-04 00:00:00-04:00,2.183000087738037,2.7200000286102295,2.183000087738037,2.700000047683716,65700,0.0,0.0
2024-06-05 00:00:00-04:00,2.3499999046325684,2.700000047683716,2.3499999046325684,2.640000104904175,8700,0.0,0.0
2024-06-06 00:00:00-04:00,2.759999990463257,2.86299991607666,2.6500000953674316,2.6700000762939453,13000,0.0,0.0
2024-06-07 00:00:00-04:00,2.569999933242798,2.5850000381469727,2.4000000953674316,2.450000047683716,18000,0.0,0.0
2024-06-10 00:00:00-04:00,2.690000057220459,2.690000057220459,2.436000108718872,2.509999990463257,2500,0.0,0.0
2024-06-11 00:00:00-04:00,2.5,2.690000057220459,2.5,2.609999895095825,4700,0.0,0.0
2024-06-12 00:00:00-04:00,2.5299999713897705,2.609999895095825,2.2899999618530273,2.2899999618530273,12700,0.0,0.0
2024-06-13 00:00:00-04:00,2.4000000953674316,2.450000047683716,2.325000047683716,2.4000000953674316,10200,0.0,0.0
2024-06-14 00:00:00-04:00,2.4600000381469727,2.4600000381469727,2.259999990463257,2.259999990463257,4600,0.0,0.0
2024-06-17 00:00:00-04:00,2.265000104904175,2.265000104904175,2.0199999809265137,2.059999942779541,13200,0.0,0.0
2024-06-18 00:00:00-04:00,2.0299999713897705,2.140000104904175,1.7599999904632568,2.0,56400,0.0,0.0
2024-06-20 00:00:00-04:00,2.140000104904175,3.2300000190734863,2.130000114440918,2.5899999141693115,264600,0.0,0.0
2024-06-21 00:00:00-04:00,2.5199999809265137,2.5899999141693115,2.369999885559082,2.509999990463257,28300,0.0,0.0
2024-06-24 00:00:00-04:00,2.5,2.700000047683716,2.430000066757202,2.569999933242798,10900,0.0,0.0
2024-06-25 00:00:00-04:00,2.5799999237060547,2.7799999713897705,2.440000057220459,2.4700000286102295,6900,0.0,0.0
2024-06-26 00:00:00-04:00,2.6040000915527344,2.8299999237060547,2.5,2.8299999237060547,5000,0.0,0.0
2024-06-27 00:00:00-04:00,2.890000104904175,2.890000104904175,2.440000057220459,2.6410000324249268,11000,0.0,0.0
2024-06-28 00:00:00-04:00,2.559999942779541,2.890000104904175,2.500999927520752,2.8499999046325684,6600,0.0,0.0
2024-07-01 00:00:00-04:00,2.6600000858306885,2.8399999141693115,2.559999942779541,2.7850000858306885,2100,0.0,0.0
2024-07-02 00:00:00-04:00,2.7100000381469727,2.9000000953674316,2.7100000381469727,2.7899999618530273,5000,0.0,0.0
2024-07-03 00:00:00-04:00,2.940000057220459,2.9700000286102295,2.8310000896453857,2.9000000953674316,4900,0.0,0.0
2024-07-05 00:00:00-04:00,2.8499999046325684,2.950000047683716,2.740000009536743,2.8350000381469727,15700,0.0,0.0
2024-07-08 00:00:00-04:00,2.869999885559082,3.0,2.740999937057495,2.75,25500,0.0,0.0
2024-07-09 00:00:00-04:00,2.890000104904175,2.9590001106262207,2.631999969482422,2.930000066757202,3500,0.0,0.0
2024-07-10 00:00:00-04:00,2.990000009536743,2.990000009536743,2.759999990463257,2.7829999923706055,12200,0.0,0.0
2024-07-11 00:00:00-04:00,2.809999942779541,2.933000087738037,2.680000066757202,2.690000057220459,5600,0.0,0.0
2024-07-12 00:00:00-04:00,2.686000108718872,2.8399999141693115,2.6500000953674316,2.8399999141693115,8500,0.0,0.0
2024-07-15 00:00:00-04:00,2.7780001163482666,2.940000057220459,2.7200000286102295,2.759999990463257,15600,0.0,0.0
2024-07-16 00:00:00-04:00,2.7300000190734863,2.8350000381469727,2.700000047683716,2.700000047683716,18300,0.0,0.0
2024-07-17 00:00:00-04:00,2.7300000190734863,2.7960000038146973,2.549999952316284,2.6549999713897705,10300,0.0,0.0
2024-07-18 00:00:00-04:00,2.700000047683716,2.700000047683716,2.4100000858306885,2.5,6300,0.0,0.0
2024-07-19 00:00:00-04:00,2.640000104904175,2.640000104904175,2.4100000858306885,2.4830000400543213,2800,0.0,0.0
2024-07-22 00:00:00-04:00,2.4800000190734863,2.4800000190734863,2.0,2.380000114440918,19400,0.0,0.0
2024-07-23 00:00:00-04:00,2.321000099182129,2.690000057220459,2.319999933242798,2.5999999046325684,28400,0.0,0.0
2024-07-24 00:00:00-04:00,2.7300000190734863,2.7300000190734863,2.609999895095825,2.6649999618530273,14800,0.0,0.0
2024-07-25 00:00:00-04:00,2.5810000896453857,2.6050000190734863,2.569999933242798,2.6050000190734863,1100,0.0,0.0
2024-07-26 00:00:00-04:00,2.619999885559082,2.6500000953674316,2.619999885559082,2.640000104904175,9800,0.0,0.0
2024-07-29 00:00:00-04:00,2.680000066757202,2.680000066757202,2.5799999237060547,2.5799999237060547,6700,0.0,0.0
2024-07-30 00:00:00-04:00,2.6050000190734863,2.6989998817443848,2.549999952316284,2.632999897003174,9300,0.0,0.0
2024-07-31 00:00:00-04:00,2.7699999809265137,2.809999942779541,2.6600000858306885,2.75,12800,0.0,0.0
2024-08-01 00:00:00-04:00,2.700000047683716,2.740000009536743,2.5409998893737793,2.640000104904175,2800,0.0,0.0
2024-08-02 00:00:00-04:00,2.690000057220459,2.7780001163482666,2.5299999713897705,2.734999895095825,10900,0.0,0.0
2024-08-05 00:00:00-04:00,2.619999885559082,2.619999885559082,2.434999942779541,2.569999933242798,9500,0.0,0.0
2024-08-06 00:00:00-04:00,2.440000057220459,2.7899999618530273,2.440000057220459,2.5299999713897705,5000,0.0,0.0
2024-08-07 00:00:00-04:00,2.444999933242798,2.640000104904175,2.444999933242798,2.5,6000,0.0,0.0
2024-08-08 00:00:00-04:00,2.6649999618530273,2.6649999618530273,2.5,2.5199999809265137,3500,0.0,0.0
2024-08-09 00:00:00-04:00,3.049999952316284,3.049999952316284,2.6010000705718994,2.759999990463257,93800,0.0,0.0
2024-08-12 00:00:00-04:00,2.7899999618530273,2.869999885559082,2.299999952316284,2.450000047683716,44500,0.0,0.0
2024-08-13 00:00:00-04:00,2.7300000190734863,2.7300000190734863,2.569999933242798,2.569999933242798,2800,0.0,0.0
2024-08-14 00:00:00-04:00,2.619999885559082,2.619999885559082,2.3399999141693115,2.369999885559082,4000,0.0,0.0
2024-08-15 00:00:00-04:00,2.680000066757202,2.700000047683716,2.4600000381469727,2.4600000381469727,14700,0.0,0.0
2024-08-16 00:00:00-04:00,2.440000057220459,2.4800000190734863,2.3320000171661377,2.4800000190734863,3700,0.0,0.0
2024-08-19 00:00:00-04:00,2.559999942779541,2.559999942779541,2.4000000953674316,2.4000000953674316,1300,0.0,0.0
2024-08-20 00:00:00-04:00,2.440000057220459,2.440000057220459,2.4100000858306885,2.4119999408721924,6700,0.0,0.0
2024-08-21 00:00:00-04:00,2.3299999237060547,2.3299999237060547,2.0199999809265137,2.2750000953674316,6700,0.0,0.0
2024-08-22 00:00:00-04:00,2.25,2.690000057220459,2.069999933242798,2.299999952316284,7800,0.0,0.0
2024-08-23 00:00:00-04:00,2.3269999027252197,2.3299999237060547,2.109999895095825,2.1500000953674316,8200,0.0,0.0
2024-08-26 00:00:00-04:00,2.180000066757202,2.180000066757202,2.059999942779541,2.125,1700,0.0,0.0
2024-08-27 00:00:00-04:00,2.1500000953674316,2.180000066757202,2.049999952316284,2.180000066757202,7300,0.0,0.0
2024-08-28 00:00:00-04:00,2.1500000953674316,2.1700000762939453,2.0399999618530273,2.0899999141693115,11700,0.0,0.0
2024-08-29 00:00:00-04:00,2.0999999046325684,2.200000047683716,2.0299999713897705,2.1010000705718994,9300,0.0,0.0
2024-08-30 00:00:00-04:00,2.0999999046325684,2.259999990463257,2.069999933242798,2.244999885559082,2200,0.0,0.0
2024-09-03 00:00:00-04:00,2.2799999713897705,2.450000047683716,2.119999885559082,2.430000066757202,7200,0.0,0.0
2024-09-04 00:00:00-04:00,2.4600000381469727,2.4600000381469727,2.2109999656677246,2.359999895095825,17600,0.0,0.0
2024-09-05 00:00:00-04:00,2.240000009536743,2.4010000228881836,2.1500000953674316,2.174999952316284,12000,0.0,0.0
2024-09-06 00:00:00-04:00,2.25,2.25,2.119999885559082,2.119999885559082,2200,0.0,0.0
2024-09-09 00:00:00-04:00,2.121000051498413,2.130000114440918,1.8899999856948853,1.8899999856948853,7000,0.0,0.0
2024-09-10 00:00:00-04:00,1.7599999904632568,1.9600000381469727,1.75,1.9500000476837158,84000,0.0,0.0
2024-09-11 00:00:00-04:00,1.9789999723434448,1.9789999723434448,1.809999942779541,1.899999976158142,17600,0.0,0.0
2024-09-12 00:00:00-04:00,1.899999976158142,2.0480000972747803,1.8300000429153442,1.9299999475479126,3200,0.0,0.0
2024-09-13 00:00:00-04:00,1.850000023841858,2.0,1.850000023841858,1.8600000143051147,7100,0.0,0.0
2024-09-16 00:00:00-04:00,1.7699999809265137,1.809999942779541,1.659999966621399,1.7999999523162842,3800,0.0,0.0
2024-09-17 00:00:00-04:00,1.7599999904632568,1.7599999904632568,1.5449999570846558,1.562000036239624,18000,0.0,0.0
2024-09-18 00:00:00-04:00,1.7999999523162842,1.7999999523162842,1.590000033378601,1.590000033378601,2000,0.0,0.0
2024-09-19 00:00:00-04:00,1.8200000524520874,1.8200000524520874,1.5800000429153442,1.600000023841858,14100,0.0,0.0
2024-09-20 00:00:00-04:00,1.6749999523162842,1.690000057220459,1.350000023841858,1.565999984741211,20900,0.0,0.0
2024-09-23 00:00:00-04:00,1.4550000429153442,1.9900000095367432,1.3600000143051147,1.9199999570846558,22500,0.0,0.0
2024-09-24 00:00:00-04:00,1.940000057220459,1.9900000095367432,1.7710000276565552,1.8799999952316284,26800,0.0,0.0
2024-09-25 00:00:00-04:00,1.850000023841858,2.065000057220459,1.850000023841858,1.8899999856948853,7700,0.0,0.0
2024-09-26 00:00:00-04:00,1.850000023841858,2.1600000858306885,1.7100000381469727,2.0399999618530273,19900,0.0,0.0
2024-09-27 00:00:00-04:00,1.8899999856948853,2.0299999713897705,1.8700000047683716,1.8799999952316284,5700,0.0,0.0
2024-09-30 00:00:00-04:00,1.8899999856948853,2.0999999046325684,1.8899999856948853,1.930999994277954,36900,0.0,0.0
2024-10-01 00:00:00-04:00,1.9600000381469727,2.059999942779541,1.9500000476837158,1.9500000476837158,4700,0.0,0.0
2024-10-02 00:00:00-04:00,2.0899999141693115,2.0899999141693115,1.809999942779541,1.840000033378601,20500,0.0,0.0
2024-10-03 00:00:00-04:00,1.9700000286102295,2.1500000953674316,1.9600000381469727,1.9900000095367432,9800,0.0,0.0
2024-10-04 00:00:00-04:00,2.075000047683716,2.190000057220459,2.000999927520752,2.0399999618530273,11000,0.0,0.0
2024-10-07 00:00:00-04:00,2.119999885559082,3.5199999809265137,2.119999885559082,3.200000047683716,1385900,0.0,0.0
2024-10-08 00:00:00-04:00,3.0899999141693115,3.390000104904175,2.6500000953674316,3.140000104904175,149900,0.0,0.0
2024-10-09 00:00:00-04:00,2.9800000190734863,3.2880001068115234,2.9000000953674316,2.950000047683716,101100,0.0,0.0
2024-10-10 00:00:00-04:00,3.049999952316284,3.049999952316284,2.700000047683716,2.7799999713897705,76400,0.0,0.0
2024-10-11 00:00:00-04:00,2.7799999713897705,2.8940000534057617,2.75,2.75,30100,0.0,0.0
2024-10-14 00:00:00-04:00,2.75,2.8499999046325684,2.0999999046325684,2.625,39100,0.0,0.0
2024-10-15 00:00:00-04:00,2.619999885559082,2.619999885559082,2.5,2.559999942779541,6000,0.0,0.0
2024-10-16 00:00:00-04:00,2.6519999504089355,2.674999952316284,2.2899999618530273,2.563999891281128,13600,0.0,0.0
2024-10-17 00:00:00-04:00,2.6500000953674316,2.819999933242798,2.5199999809265137,2.5799999237060547,56800,0.0,0.0
2024-10-18 00:00:00-04:00,2.559999942779541,2.700000047683716,2.4100000858306885,2.569999933242798,44400,0.0,0.0
2024-10-21 00:00:00-04:00,2.5299999713897705,2.5299999713897705,2.2899999618530273,2.2899999618530273,12200,0.0,0.0
2024-10-22 00:00:00-04:00,2.299999952316284,3.0,2.299999952316284,2.940000057220459,135900,0.0,0.0
2024-10-23 00:00:00-04:00,2.930000066757202,2.940000057220459,2.4200000762939453,2.5799999237060547,49500,0.0,0.0
2024-10-24 00:00:00-04:00,2.559999942779541,2.7200000286102295,2.556999921798706,2.630000114440918,11000,0.0,0.0
2024-10-25 00:00:00-04:00,2.5199999809265137,2.809999942779541,2.5199999809265137,2.7100000381469727,21800,0.0,0.0
2024-10-28 00:00:00-04:00,2.869999885559082,2.9000000953674316,2.609999895095825,2.7699999809265137,12000,0.0,0.0
2024-10-29 00:00:00-04:00,2.619999885559082,2.622999906539917,2.2960000038146973,2.450000047683716,28800,0.0,0.0
2024-10-30 00:00:00-04:00,2.640000104904175,2.934999942779541,2.450000047683716,2.559999942779541,26600,0.0,0.0
2024-10-31 00:00:00-04:00,2.4800000190734863,2.4800000190734863,2.2100000381469727,2.309999942779541,25000,0.0,0.0
2024-11-01 00:00:00-04:00,2.309999942779541,2.5,2.309999942779541,2.5,4600,0.0,0.0
2024-11-04 00:00:00-05:00,2.4800000190734863,2.549999952316284,2.3299999237060547,2.4000000953674316,22000,0.0,0.0
2024-11-05 00:00:00-05:00,2.5399999618530273,2.556999921798706,2.4000000953674316,2.4089999198913574,16700,0.0,0.0
2024-11-06 00:00:00-05:00,2.450000047683716,2.5399999618530273,2.450000047683716,2.450000047683716,8500,0.0,0.0
2024-11-07 00:00:00-05:00,2.450000047683716,2.5899999141693115,2.2699999809265137,2.490000009536743,42500,0.0,0.0
2024-11-08 00:00:00-05:00,2.450000047683716,2.549999952316284,2.450000047683716,2.5399999618530273,21900,0.0,0.0
2024-11-11 00:00:00-05:00,2.5190000534057617,2.5299999713897705,2.2149999141693115,2.4100000858306885,26800,0.0,0.0
2024-11-12 00:00:00-05:00,2.4000000953674316,2.609999895095825,2.3299999237060547,2.4100000858306885,20000,0.0,0.0
2024-11-13 00:00:00-05:00,2.359999895095825,2.4600000381469727,2.319999933242798,2.4600000381469727,11300,0.0,0.0
2024-11-14 00:00:00-05:00,2.5199999809265137,2.5199999809265137,2.3399999141693115,2.369999885559082,23300,0.0,0.0
2024-11-15 00:00:00-05:00,2.359999895095825,2.384000062942505,2.0999999046325684,2.1600000858306885,20800,0.0,0.0
2024-11-18 00:00:00-05:00,2.1600000858306885,2.2990000247955322,2.009999990463257,2.140000104904175,43200,0.0,0.0
2024-11-19 00:00:00-05:00,2.174999952316284,2.5,2.109999895095825,2.140000104904175,28500,0.0,0.0
2024-11-20 00:00:00-05:00,2.140000104904175,2.234999895095825,2.0999999046325684,2.109999895095825,19100,0.0,0.0
2024-11-21 00:00:00-05:00,2.0999999046325684,2.319999933242798,1.8899999856948853,2.319999933242798,39700,0.0,0.0
2024-11-22 00:00:00-05:00,2.1600000858306885,2.319999933242798,2.0,2.069999933242798,9600,0.0,0.0
2024-11-25 00:00:00-05:00,2.299999952316284,2.299999952316284,2.059999942779541,2.059999942779541,3900,0.0,0.0
2024-11-26 00:00:00-05:00,2.2300000190734863,2.359999895095825,2.1600000858306885,2.359999895095825,12200,0.0,0.0
2024-11-27 00:00:00-05:00,2.4700000286102295,2.4700000286102295,2.2200000286102295,2.2200000286102295,11900,0.0,0.0
2024-11-29 00:00:00-05:00,2.380000114440918,2.380000114440918,2.059999942779541,2.059999942779541,5100,0.0,0.0
2024-12-02 00:00:00-05:00,2.0199999809265137,2.2300000190734863,2.0199999809265137,2.2100000381469727,5900,0.0,0.0
2024-12-03 00:00:00-05:00,2.2899999618530273,2.2899999618530273,2.0899999141693115,2.119999885559082,3100,0.0,0.0
2024-12-04 00:00:00-05:00,2.2200000286102295,2.2200000286102295,2.0999999046325684,2.1089999675750732,9100,0.0,0.0
2024-12-05 00:00:00-05:00,2.190000057220459,2.259999990463257,2.0999999046325684,2.0999999046325684,4800,0.0,0.0
2024-12-06 00:00:00-05:00,2.2149999141693115,2.2149999141693115,2.0,2.055000066757202,11100,0.0,0.0
2024-12-09 00:00:00-05:00,2.0950000286102295,2.380000114440918,2.065999984741211,2.194000005722046,6800,0.0,0.0
2024-12-10 00:00:00-05:00,2.240000009536743,2.4000000953674316,2.049999952316284,2.4000000953674316,28400,0.0,0.0
2024-12-11 00:00:00-05:00,2.390000104904175,2.390000104904175,2.130000114440918,2.1989998817443848,6000,0.0,0.0
2024-12-12 00:00:00-05:00,2.190000057220459,2.190000057220459,2.1059999465942383,2.1059999465942383,3800,0.0,0.0
2024-12-13 00:00:00-05:00,2.2100000381469727,2.2100000381469727,2.059999942779541,2.0899999141693115,4400,0.0,0.0
2024-12-16 00:00:00-05:00,2.140000104904175,2.190000057220459,1.9500000476837158,2.059999942779541,82100,0.0,0.0
2024-12-17 00:00:00-05:00,2.0999999046325684,2.0999999046325684,1.9800000190734863,2.0,22300,0.0,0.0
2024-12-18 00:00:00-05:00,2.0,2.180999994277954,1.8899999856948853,1.9049999713897705,17200,0.0,0.0
2024-12-19 00:00:00-05:00,2.0199999809265137,2.0999999046325684,1.8700000047683716,1.8700000047683716,18900,0.0,0.0
2024-12-20 00:00:00-05:00,1.8700000047683716,1.9600000381469727,1.850000023841858,1.850000023841858,3300,0.0,0.0
2024-12-23 00:00:00-05:00,1.875,1.8910000324249268,1.75,1.75,16200,0.0,0.0
2024-12-24 00:00:00-05:00,1.7699999809265137,2.3499999046325684,1.7319999933242798,1.7999999523162842,48600,0.0,0.0
2024-12-26 00:00:00-05:00,1.8899999856948853,1.9600000381469727,1.7999999523162842,1.840000033378601,9700,0.0,0.0
2024-12-27 00:00:00-05:00,1.7999999523162842,1.9500000476837158,1.7999999523162842,1.9500000476837158,5000,0.0,0.0
2024-12-30 00:00:00-05:00,1.850000023841858,1.9249999523162842,1.7799999713897705,1.8799999952316284,4300,0.0,0.0
2024-12-31 00:00:00-05:00,1.690000057220459,1.8700000047683716,1.690000057220459,1.8049999475479126,43900,0.0,0.0
2025-01-02 00:00:00-05:00,1.809999942779541,1.850000023841858,1.7999999523162842,1.8200000524520874,15400,0.0,0.0
2025-01-03 00:00:00-05:00,1.899999976158142,1.9900000095367432,1.8949999809265137,1.899999976158142,8500,0.0,0.0
2025-01-06 00:00:00-05:00,2.0,2.009000062942505,1.8300000429153442,1.9700000286102295,26200,0.0,0.0
2025-01-07 00:00:00-05:00,1.9550000429153442,1.9600000381469727,1.8700000047683716,1.9500000476837158,19200,0.0,0.0
2025-01-08 00:00:00-05:00,1.9900000095367432,1.9900000095367432,1.7999999523162842,1.809999942779541,6300,0.0,0.0
2025-01-10 00:00:00-05:00,1.9500000476837158,1.9900000095367432,1.809999942779541,1.809999942779541,11000,0.0,0.0
2025-01-13 00:00:00-05:00,1.809999942779541,1.8799999952316284,1.7200000286102295,1.7200000286102295,18000,0.0,0.0
2025-01-14 00:00:00-05:00,1.6399999856948853,1.7599999904632568,1.6399999856948853,1.680999994277954,2000,0.0,0.0
2025-01-15 00:00:00-05:00,1.7300000190734863,1.7300000190734863,1.559999942779541,1.6299999952316284,7600,0.0,0.0
2025-01-16 00:00:00-05:00,1.649999976158142,1.7899999618530273,1.6100000143051147,1.7899999618530273,11100,0.0,0.0
2025-01-17 00:00:00-05:00,1.7899999618530273,1.7899999618530273,1.75,1.7899999618530273,2600,0.0,0.0
2025-01-21 00:00:00-05:00,1.7699999809265137,1.7799999713897705,1.7200000286102295,1.7799999713897705,3500,0.0,0.0
2025-01-22 00:00:00-05:00,1.7999999523162842,1.7999999523162842,1.3209999799728394,1.6100000143051147,68300,0.0,0.0
2025-01-23 00:00:00-05:00,1.7769999504089355,1.7899999618530273,1.6100000143051147,1.75,19200,0.0,0.0
2025-01-24 00:00:00-05:00,1.6100000143051147,1.7000000476837158,1.5,1.7000000476837158,20600,0.0,0.0
2025-01-27 00:00:00-05:00,1.590000033378601,1.6399999856948853,1.5299999713897705,1.5399999618530273,4200,0.0,0.0
2025-01-28 00:00:00-05:00,1.5,1.590999960899353,1.399999976158142,1.399999976158142,6300,0.0,0.0
2025-01-29 00:00:00-05:00,1.3899999856948853,1.4299999475479126,1.3899999856948853,1.3899999856948853,10000,0.0,0.0
2025-01-30 00:00:00-05:00,1.399999976158142,1.4800000190734863,1.399999976158142,1.409999966621399,27500,0.0,0.0
2025-01-31 00:00:00-05:00,1.3899999856948853,1.5099999904632568,1.3899999856948853,1.4700000286102295,14700,0.0,0.0
2025-02-03 00:00:00-05:00,1.5,1.5,1.5,1.5,1600,0.0,0.0
2025-02-04 00:00:00-05:00,1.406999945640564,1.4759999513626099,1.406999945640564,1.4759999513626099,2100,0.0,0.0
2025-02-05 00:00:00-05:00,1.399999976158142,1.4500000476837158,1.3969999551773071,1.4500000476837158,5300,0.0,0.0
2025-02-06 00:00:00-05:00,1.5099999904632568,1.5099999904632568,1.399999976158142,1.4079999923706055,8700,0.0,0.0
2025-02-07 00:00:00-05:00,1.4299999475479126,1.4299999475479126,1.409999966621399,1.409999966621399,3600,0.0,0.0
2025-02-10 00:00:00-05:00,1.399999976158142,1.465000033378601,1.399999976158142,1.409999966621399,2800,0.0,0.0
2025-02-11 00:00:00-05:00,1.399999976158142,1.4500000476837158,1.399999976158142,1.4450000524520874,2600,0.0,0.0
2025-02-12 00:00:00-05:00,1.4900000095367432,1.940000057220459,1.4500000476837158,1.5499999523162842,45200,0.0,0.0
2025-02-13 00:00:00-05:00,1.7000000476837158,1.7000000476837158,1.600000023841858,1.600000023841858,2800,0.0,0.0
2025-02-14 00:00:00-05:00,1.6299999952316284,1.6629999876022339,1.5720000267028809,1.5720000267028809,4000,0.0,0.0
2025-02-18 00:00:00-05:00,1.7300000190734863,1.7300000190734863,1.4800000190734863,1.5199999809265137,5600,0.0,0.0
2025-02-19 00:00:00-05:00,1.5199999809265137,1.5199999809265137,1.3899999856948853,1.4199999570846558,5200,0.0,0.0
2025-02-20 00:00:00-05:00,1.440000057220459,1.5,1.409999966621399,1.5,7000,0.0,0.0
2025-02-21 00:00:00-05:00,1.4800000190734863,1.600000023841858,1.4600000381469727,1.5,9800,0.0,0.0
2025-02-24 00:00:00-05:00,1.440000057220459,1.5199999809265137,1.3899999856948853,1.5,11900,0.0,0.0
2025-02-25 00:00:00-05:00,1.5,1.5099999904632568,1.5,1.5,3700,0.0,0.0
2025-02-26 00:00:00-05:00,1.5,1.5,1.399999976158142,1.4199999570846558,9900,0.0,0.0
2025-02-27 00:00:00-05:00,1.309999942779541,1.3899999856948853,1.309999942779541,1.3899999856948853,7300,0.0,0.0
2025-02-28 00:00:00-05:00,1.340000033378601,1.3550000190734863,1.25,1.2999999523162842,22700,0.0,0.0
2025-03-03 00:00:00-05:00,1.3700000047683716,1.4600000381469727,1.1950000524520874,1.2300000190734863,17200,0.0,0.0
2025-03-04 00:00:00-05:00,1.2599999904632568,1.378000020980835,1.2599999904632568,1.2899999618530273,4100,0.0,0.0
2025-03-05 00:00:00-05:00,1.3300000429153442,1.3849999904632568,1.3300000429153442,1.3700000047683716,1400,0.0,0.0
2025-03-06 00:00:00-05:00,1.3600000143051147,1.409999966621399,1.3200000524520874,1.3200000524520874,3200,0.0,0.0
2025-03-07 00:00:00-05:00,1.2699999809265137,1.3949999809265137,1.2300000190734863,1.2300000190734863,16100,0.0,0.0
2025-03-10 00:00:00-04:00,1.2400000095367432,1.3600000143051147,1.149999976158142,1.309999942779541,48000,0.0,0.0
2025-03-11 00:00:00-04:00,1.2999999523162842,1.340000033378601,1.159999966621399,1.2100000381469727,33000,0.0,0.0
2025-03-12 00:00:00-04:00,1.1799999475479126,1.2999999523162842,1.1799999475479126,1.2000000476837158,19700,0.0,0.0
2025-03-13 00:00:00-04:00,1.3600000143051147,1.3600000143051147,1.2100000381469727,1.2200000286102295,2300,0.0,0.0
2025-03-14 00:00:00-04:00,1.2599999904632568,1.2599999904632568,1.1799999475479126,1.1799999475479126,6400,0.0,0.0
2025-03-17 00:00:00-04:00,1.2009999752044678,1.2009999752044678,1.2009999752044678,1.2009999752044678,400,0.0,0.0
2025-03-18 00:00:00-04:00,1.2400000095367432,1.2400000095367432,1.2400000095367432,1.2400000095367432,600,0.0,0.0
2025-03-19 00:00:00-04:00,1.2400000095367432,1.3300000429153442,1.1399999856948853,1.1699999570846558,48800,0.0,0.0
2025-03-20 00:00:00-04:00,1.1699999570846558,1.284999966621399,1.100000023841858,1.2599999904632568,42200,0.0,0.0
2025-03-21 00:00:00-04:00,1.2899999618530273,1.350000023841858,1.2100000381469727,1.2599999904632568,24400,0.0,0.0
2025-03-24 00:00:00-04:00,1.2799999713897705,1.2799999713897705,1.2599999904632568,1.2599999904632568,1100,0.0,0.0
2025-03-25 00:00:00-04:00,1.2599999904632568,1.2599999904632568,1.0499999523162842,1.1299999952316284,25700,0.0,0.0
2025-03-26 00:00:00-04:00,1.100000023841858,1.1369999647140503,1.0080000162124634,1.0099999904632568,24400,0.0,0.0
2025-03-27 00:00:00-04:00,1.0099999904632568,1.0700000524520874,0.9309999942779541,1.0700000524520874,29900,0.0,0.0
2025-03-28 00:00:00-04:00,0.9700000286102295,1.0299999713897705,0.800000011920929,0.8809999823570251,56400,0.0,0.0
2025-03-31 00:00:00-04:00,0.8230000138282776,0.9409999847412109,0.8230000138282776,0.9409999847412109,8000,0.0,0.0
2025-04-01 00:00:00-04:00,0.9399999976158142,0.9800000190734863,0.9399999976158142,0.9800000190734863,1700,0.0,0.0
2025-04-02 00:00:00-04:00,0.996999979019165,0.996999979019165,0.9700000286102295,0.9700000286102295,3800,0.0,0.0
2025-04-03 00:00:00-04:00,0.8309999704360962,0.9610000252723694,0.8309999704360962,0.8399999737739563,18500,0.0,0.0
2025-04-04 00:00:00-04:00,0.8500000238418579,0.996999979019165,0.8399999737739563,0.8799999952316284,41500,0.0,0.0
2025-04-07 00:00:00-04:00,0.9599999785423279,0.9599999785423279,0.6600000262260437,0.6600000262260437,76200,0.0,0.0
2025-04-08 00:00:00-04:00,0.8199999928474426,0.8199999928474426,0.5509999990463257,0.5509999990463257,122100,0.0,0.0
2025-04-09 00:00:00-04:00,0.5350000262260437,0.6159999966621399,0.46000000834465027,0.5299999713897705,210000,0.0,0.0
2025-04-10 00:00:00-04:00,0.47699999809265137,0.5690000057220459,0.47699999809265137,0.47999998927116394,51400,0.0,0.0
2025-04-11 00:00:00-04:00,0.47999998927116394,0.5699999928474426,0.47999998927116394,0.5400000214576721,20500,0.0,0.0
2025-04-14 00:00:00-04:00,0.5799999833106995,0.6499999761581421,0.5789999961853027,0.5879999995231628,62400,0.0,0.0
2025-04-15 00:00:00-04:00,0.5879999995231628,0.722000002861023,0.5600000023841858,0.7099999785423279,56300,0.0,0.0
2025-04-16 00:00:00-04:00,0.6899999976158142,0.699999988079071,0.5849999785423279,0.6200000047683716,111400,0.0,0.0
2025-04-17 00:00:00-04:00,0.6510000228881836,0.781000018119812,0.5920000076293945,0.7300000190734863,62800,0.0,0.0
2025-04-21 00:00:00-04:00,0.7720000147819519,0.8100000023841858,0.699999988079071,0.8100000023841858,44300,0.0,0.0
2025-04-22 00:00:00-04:00,0.8100000023841858,0.8799999952316284,0.7400000095367432,0.800000011920929,26900,0.0,0.0
2025-04-23 00:00:00-04:00,0.800000011920929,0.800000011920929,0.75,0.800000011920929,13300,0.0,0.0
2025-04-24 00:00:00-04:00,0.800000011920929,0.9279999732971191,0.6309999823570251,0.7039999961853027,1025500,0.0,0.0
2025-04-25 00:00:00-04:00,0.6700000166893005,0.6980000138282776,0.5799999833106995,0.6600000262260437,92700,0.0,0.0
2025-04-28 00:00:00-04:00,0.6399999856948853,0.6700000166893005,0.6209999918937683,0.6449999809265137,37500,0.0,0.0
2025-04-29 00:00:00-04:00,0.6399999856948853,0.699999988079071,0.593999981880188,0.6549999713897705,95400,0.0,0.0
2025-04-30 00:00:00-04:00,0.6700000166893005,0.6700000166893005,0.6179999709129333,0.6499999761581421,59700,0.0,0.0
2025-05-01 00:00:00-04:00,0.6499999761581421,0.675000011920929,0.6230000257492065,0.6349999904632568,23500,0.0,0.0
2025-05-02 00:00:00-04:00,0.6159999966621399,0.6349999904632568,0.6150000095367432,0.6349999904632568,6500,0.0,0.0
2025-05-05 00:00:00-04:00,0.6499999761581421,0.6650000214576721,0.6100000143051147,0.6650000214576721,15000,0.0,0.0
2025-05-06 00:00:00-04:00,0.6919999718666077,0.8399999737739563,0.6499999761581421,0.8199999928474426,243200,0.0,0.0
2025-05-07 00:00:00-04:00,0.7400000095367432,0.7710000276565552,0.6919999718666077,0.7400000095367432,52900,0.0,0.0
2025-05-08 00:00:00-04:00,0.703000009059906,0.828000009059906,0.703000009059906,0.7400000095367432,54200,0.0,0.0
2025-05-09 00:00:00-04:00,0.703000009059906,0.7549999952316284,0.6850000023841858,0.7089999914169312,41200,0.0,0.0
2025-05-12 00:00:00-04:00,0.6930000185966492,0.8399999737739563,0.6930000185966492,0.7599999904632568,44000,0.0,0.0
2025-05-13 00:00:00-04:00,1.9800000190734863,2.4100000858306885,1.1100000143051147,1.2300000190734863,88520900,0.0,0.0
2025-05-14 00:00:00-04:00,1.159999966621399,1.2000000476837158,0.8130000233650208,0.8669999837875366,2940400,0.0,0.0
2025-05-15 00:00:00-04:00,1.3899999856948853,1.5800000429153442,0.9570000171661377,1.2000000476837158,63527600,0.0,0.0
2025-05-16 00:00:00-04:00,1.1699999570846558,1.190000057220459,1.0499999523162842,1.0700000524520874,1534900,0.0,0.0
2025-05-19 00:00:00-04:00,1.0199999809265137,1.2200000286102295,0.9900000095367432,1.1799999475479126,1079500,0.0,0.0
2025-05-20 00:00:00-04:00,1.1710000038146973,1.3200000524520874,1.149999976158142,1.2000000476837158,3435600,0.0,0.0
2025-05-21 00:00:00-04:00,1.149999976158142,1.184999942779541,1.059999942779541,1.090000033378601,648200,0.0,0.0
2025-05-22 00:00:00-04:00,1.0700000524520874,1.0800000429153442,0.9700000286102295,1.0299999713897705,516400,0.0,0.0
2025-05-23 00:00:00-04:00,1.0199999809265137,1.0499999523162842,0.9620000123977661,0.9729999899864197,217700,0.0,0.0
2025-05-27 00:00:00-04:00,0.9679999947547913,0.9829999804496765,0.8700000047683716,0.8999999761581421,343300,0.0,0.0
2025-05-28 00:00:00-04:00,0.8669999837875366,0.8679999709129333,0.8199999928474426,0.8299999833106995,405800,0.0,0.0
2025-05-29 00:00:00-04:00,0.8500000238418579,0.8500000238418579,0.7900000214576721,0.800000011920929,176800,0.0,0.0
2025-05-30 00:00:00-04:00,0.7799999713897705,0.7799999713897705,0.7099999785423279,0.722000002861023,280600,0.0,0.0
2025-06-02 00:00:00-04:00,0.7120000123977661,0.7599999904632568,0.7120000123977661,0.7379999756813049,95400,0.0,0.0
2025-06-03 00:00:00-04:00,0.734000027179718,0.746999979019165,0.671999990940094,0.6830000281333923,191000,0.0,0.0
2025-06-04 00:00:00-04:00,0.699999988079071,0.7319999933242798,0.6840000152587891,0.7170000076293945,191600,0.0,0.0
2025-06-05 00:00:00-04:00,0.7200000286102295,0.7200000286102295,0.6000000238418579,0.628000020980835,222600,0.0,0.0
2025-06-06 00:00:00-04:00,0.6200000047683716,0.6629999876022339,0.5920000076293945,0.6200000047683716,179700,0.0,0.0
2025-06-09 00:00:00-04:00,0.5799999833106995,0.6499999761581421,0.5799999833106995,0.6079999804496765,144700,0.0,0.0
2025-06-10 00:00:00-04:00,0.6299999952316284,0.6299999952316284,0.5799999833106995,0.5950000286102295,153200,0.0,0.0
2025-06-11 00:00:00-04:00,0.5799999833106995,0.6809999942779541,0.5799999833106995,0.6600000262260437,370800,0.0,0.0
2025-06-12 00:00:00-04:00,0.6800000071525574,0.6800000071525574,0.625,0.6259999871253967,91700,0.0,0.0
2025-06-13 00:00:00-04:00,0.6169999837875366,0.6349999904632568,0.6019999980926514,0.6019999980926514,69700,0.0,0.0
2025-06-16 00:00:00-04:00,0.609000027179718,0.6150000095367432,0.5830000042915344,0.6050000190734863,78800,0.0,0.0
2025-06-17 00:00:00-04:00,0.6000000238418579,0.6100000143051147,0.5879999995231628,0.5960000157356262,71500,0.0,0.0
2025-06-18 00:00:00-04:00,0.5989999771118164,0.6100000143051147,0.5799999833106995,0.5849999785423279,110100,0.0,0.0
2025-06-20 00:00:00-04:00,0.593999981880188,0.593999981880188,0.5580000281333923,0.5759999752044678,125100,0.0,0.0
2025-06-23 00:00:00-04:00,0.5590000152587891,0.5899999737739563,0.4869999885559082,0.4970000088214874,230400,0.0,0.0
2025-06-24 00:00:00-04:00,0.5,0.5350000262260437,0.47999998927116394,0.5249999761581421,361100,0.0,0.0
2025-06-25 00:00:00-04:00,0.5130000114440918,0.5370000004768372,0.5099999904632568,0.5120000243186951,92300,0.0,0.0
2025-06-26 00:00:00-04:00,0.5210000276565552,0.5299999713897705,0.4699999988079071,0.5,225400,0.0,0.0
2025-06-27 00:00:00-04:00,0.5189999938011169,0.5709999799728394,0.5,0.5299999713897705,157900,0.0,0.0
2025-06-30 00:00:00-04:00,0.5139999985694885,0.5199999809265137,0.4909999966621399,0.49300000071525574,167600,0.0,0.0
2025-07-01 00:00:00-04:00,0.48500001430511475,0.5,0.48500001430511475,0.5,81300,0.0,0.0
2025-07-02 00:00:00-04:00,0.5099999904632568,0.5189999938011169,0.48500001430511475,0.5189999938011169,192000,0.0,0.0
2025-07-03 00:00:00-04:00,0.5120000243186951,0.5329999923706055,0.5,0.5220000147819519,108800,0.0,0.0
2025-07-07 00:00:00-04:00,0.5170000195503235,0.5170000195503235,0.48500001430511475,0.5,103000,0.0,0.0
2025-07-08 00:00:00-04:00,0.48500001430511475,0.503000020980835,0.47699999809265137,0.5,258600,0.0,0.0
2025-07-09 00:00:00-04:00,0.492000013589859,0.5590000152587891,0.4909999966621399,0.515999972820282,369500,0.0,0.0
2025-07-10 00:00:00-04:00,0.5249999761581421,0.5249999761581421,0.5049999952316284,0.5149999856948853,71000,0.0,0.0
2025-07-11 00:00:00-04:00,0.5199999809265137,0.5199999809265137,0.4740000069141388,0.492000013589859,177400,0.0,0.0
2025-07-14 00:00:00-04:00,0.5,0.75,0.47999998927116394,0.6100000143051147,7245000,0.0,0.0
2025-07-15 00:00:00-04:00,0.5509999990463257,0.597000002861023,0.5360000133514404,0.5609999895095825,878300,0.0,0.0
2025-07-16 00:00:00-04:00,0.5789999961853027,0.597000002861023,0.5059999823570251,0.5260000228881836,2997100,0.0,0.0
2025-07-17 00:00:00-04:00,0.5149999856948853,0.5490000247955322,0.5149999856948853,0.5320000052452087,438600,0.0,0.0
2025-07-18 00:00:00-04:00,0.5249999761581421,0.5400000214576721,0.5149999856948853,0.5370000004768372,284800,0.0,0.0
2025-07-21 00:00:00-04:00,0.5400000214576721,0.5899999737739563,0.5299999713897705,0.5839999914169312,371900,0.0,0.0
2025-07-22 00:00:00-04:00,0.5950000286102295,0.6299999952316284,0.5189999938011169,0.5339999794960022,1582500,0.0,0.0
2025-07-23 00:00:00-04:00,0.5199999809265137,0.5350000262260437,0.4779999852180481,0.4909999966621399,654000,0.0,0.0
2025-07-24 00:00:00-04:00,0.5,0.5040000081062317,0.4189999997615814,0.4269999861717224,897600,0.0,0.0
2025-07-25 00:00:00-04:00,0.45500001311302185,0.49000000953674316,0.4399999976158142,0.4490000009536743,525900,0.0,0.0
2025-07-28 00:00:00-04:00,0.47699999809265137,0.4880000054836273,0.44999998807907104,0.453000009059906,248400,0.0,0.0
2025-07-29 00:00:00-04:00,0.4699999988079071,0.4699999988079071,0.42500001192092896,0.4359999895095825,216400,0.0,0.0
2025-07-30 00:00:00-04:00,0.43299999833106995,0.4699999988079071,0.4300000071525574,0.43700000643730164,181000,0.0,0.0
2025-07-31 00:00:00-04:00,0.43700000643730164,0.4390000104904175,0.3529999852180481,0.36000001430511475,549900,0.0,0.0
2025-08-01 00:00:00-04:00,0.49000000953674316,1.2699999809265137,0.4869999885559082,0.7860000133514404,427071400,0.0,0.0
2025-08-04 00:00:00-04:00,0.699999988079071,0.7400000095367432,0.5899999737739563,0.734000027179718,8209600,0.0,0.0
2025-08-05 00:00:00-04:00,1.0299999713897705,1.2200000286102295,0.7860000133514404,0.8169999718666077,93389200,0.0,0.0
2025-08-06 00:00:00-04:00,0.8040000200271606,0.8199999928474426,0.7300000190734863,0.7390000224113464,2867100,0.0,0.0
2025-08-07 00:00:00-04:00,0.7680000066757202,0.7889999747276306,0.7260000109672546,0.7599999904632568,1103200,0.0,0.0
2025-08-08 00:00:00-04:00,0.7200000286102295,0.800000011920929,0.7059999704360962,0.7409999966621399,934200,0.0,0.0
2025-08-11 00:00:00-04:00,0.7110000252723694,0.7269999980926514,0.6809999942779541,0.6899999976158142,654300,0.0,0.0
2025-08-12 00:00:00-04:00,0.6809999942779541,0.6980000138282776,0.6579999923706055,0.6769999861717224,471700,0.0,0.0
2025-08-13 00:00:00-04:00,0.6700000166893005,0.7099999785423279,0.6169999837875366,0.6359999775886536,680300,0.0,0.0
2025-08-14 00:00:00-04:00,0.6100000143051147,0.6290000081062317,0.5659999847412109,0.6159999966621399,488100,0.0,0.0
2025-08-15 00:00:00-04:00,0.6000000238418579,0.6370000243186951,0.5600000023841858,0.6269999742507935,364900,0.0,0.0
2025-08-18 00:00:00-04:00,0.6060000061988831,0.6499999761581421,0.6000000238418579,0.640999972820282,424900,0.0,0.0
2025-08-19 00:00:00-04:00,0.6269999742507935,0.6499999761581421,0.593999981880188,0.6050000190734863,214200,0.0,0.0
2025-08-20 00:00:00-04:00,0.6100000143051147,0.6200000047683716,0.5649999976158142,0.5759999752044678,196700,0.0,0.0
2025-08-21 00:00:00-04:00,0.5580000281333923,0.5799999833106995,0.5580000281333923,0.5680000185966492,196000,0.0,0.0
2025-08-22 00:00:00-04:00,0.5509999990463257,0.5920000076293945,0.4519999921321869,0.5450000166893005,991600,0.0,0.0
2025-08-25 00:00:00-04:00,0.550000011920929,0.5680000185966492,0.5299999713897705,0.5400000214576721,186100,0.0,0.0
2025-08-26 00:00:00-04:00,0.5249999761581421,0.550000011920929,0.5099999904632568,0.527999997138977,231800,0.0,0.0
2025-08-27 00:00:00-04:00,0.527999997138977,0.5299999713897705,0.5,0.5049999952316284,255700,0.0,0.0
2025-08-28 00:00:00-04:00,0.48100000619888306,0.5659999847412109,0.48100000619888306,0.550000011920929,311900,0.0,0.0
2025-08-29 00:00:00-04:00,0.5360000133514404,0.5590000152587891,0.5099999904632568,0.5099999904632568,164100,0.0,0.0
2025-09-02 00:00:00-04:00,0.5090000033378601,0.5260000228881836,0.5059999823570251,0.5220000147819519,98900,0.0,0.0
2025-09-03 00:00:00-04:00,0.5239999890327454,0.5889999866485596,0.5220000147819519,0.578000009059906,748500,0.0,0.0
2025-09-04 00:00:00-04:00,0.6000000238418579,0.6000000238418579,0.5270000100135803,0.5270000100135803,384000,0.0,0.0
2025-09-05 00:00:00-04:00,0.5230000019073486,0.5550000071525574,0.503000020980835,0.5299999713897705,272300,0.0,0.0
2025-09-08 00:00:00-04:00,0.5400000214576721,0.5659999847412109,0.5299999713897705,0.5550000071525574,247700,0.0,0.0
2025-09-09 00:00:00-04:00,0.5600000023841858,0.6100000143051147,0.5450000166893005,0.5849999785423279,3402600,0.0,0.0
2025-09-10 00:00:00-04:00,0.6000000238418579,0.6790000200271606,0.5839999914169312,0.6299999952316284,1062300,0.0,0.0
2025-09-11 00:00:00-04:00,0.6269999742507935,0.6449999809265137,0.5899999737739563,0.6110000014305115,756600,0.0,0.0
2025-09-12 00:00:00-04:00,0.6119999885559082,0.6740000247955322,0.6119999885559082,0.6430000066757202,463400,0.0,0.0
2025-09-15 00:00:00-04:00,0.6399999856948853,0.6850000023841858,0.621999979019165,0.6610000133514404,302400,0.0,0.0
2025-09-16 00:00:00-04:00,0.6600000262260437,0.6700000166893005,0.6209999918937683,0.6549999713897705,624300,0.0,0.0
2025-09-17 00:00:00-04:00,0.6340000033378601,0.6420000195503235,0.5899999737739563,0.6110000014305115,345900,0.0,0.0
2025-09-18 00:00:00-04:00,0.6299999952316284,0.7089999914169312,0.6000000238418579,0.6800000071525574,579700,0.0,0.0
2025-09-19 00:00:00-04:00,0.6600000262260437,0.7170000076293945,0.6600000262260437,0.6679999828338623,256100,0.0,0.0
2025-09-22 00:00:00-04:00,0.6809999942779541,0.7129999995231628,0.6499999761581421,0.6809999942779541,412600,0.0,0.0
2025-09-23 00:00:00-04:00,0.6970000267028809,0.7179999947547913,0.6970000267028809,0.7080000042915344,243300,0.0,0.0
2025-09-24 00:00:00-04:00,0.7200000286102295,0.7400000095367432,0.6899999976158142,0.699999988079071,361300,0.0,0.0
2025-09-25 00:00:00-04:00,0.7149999737739563,0.7149999737739563,0.6100000143051147,0.6499999761581421,284400,0.0,0.0
2025-09-26 00:00:00-04:00,0.6620000004768372,0.6800000071525574,0.6340000033378601,0.6499999761581421,105200,0.0,0.0
2025-09-29 00:00:00-04:00,0.656000018119812,0.6869999766349792,0.6480000019073486,0.6539999842643738,65400,0.0,0.0
2025-09-30 00:00:00-04:00,0.6499999761581421,0.6769999861717224,0.6499999761581421,0.671999990940094,144600,0.0,0.0
2025-10-01 00:00:00-04:00,0.671999990940094,0.7200000286102295,0.6430000066757202,0.703000009059906,174500,0.0,0.0
2025-10-02 00:00:00-04:00,0.7400000095367432,0.7850000262260437,0.7200000286102295,0.75,307000,0.0,0.0
2025-10-03 00:00:00-04:00,0.7599999904632568,0.7889999747276306,0.7129999995231628,0.7549999952316284,420000,0.0,0.0
2025-10-06 00:00:00-04:00,0.7599999904632568,0.8799999952316284,0.7350000143051147,0.8009999990463257,405500,0.0,0.0
2025-10-07 00:00:00-04:00,0.8050000071525574,0.8299999833106995,0.7559999823570251,0.800000011920929,222200,0.0,0.0
2025-10-08 00:00:00-04:00,0.8130000233650208,0.8180000185966492,0.7670000195503235,0.7900000214576721,129200,0.0,0.0
2025-10-09 00:00:00-04:00,0.8119999766349792,0.8119999766349792,0.7609999775886536,0.7900000214576721,150400,0.0,0.0
2025-10-10 00:00:00-04:00,0.7670000195503235,0.8199999928474426,0.7670000195503235,0.7979999780654907,242100,0.0,0.0
2025-10-13 00:00:00-04:00,0.7739999890327454,0.824999988079071,0.7670000195503235,0.8149999976158142,138700,0.0,0.0
2025-10-14 00:00:00-04:00,0.8050000071525574,0.8489999771118164,0.8009999990463257,0.8240000009536743,154900,0.0,0.0
2025-10-15 00:00:00-04:00,0.8370000123977661,0.996999979019165,0.8309999704360962,0.9300000071525574,728900,0.0,0.0
2025-10-16 00:00:00-04:00,1.0,1.2100000381469727,0.9990000128746033,1.1299999952316284,16590300,0.0,0.0
2025-10-17 00:00:00-04:00,1.0399999618530273,1.100000023841858,0.8899999856948853,1.059999942779541,1547900,0.0,0.0
2025-10-20 00:00:00-04:00,1.059999942779541,1.100000023841858,1.0199999809265137,1.0700000524520874,420200,0.0,0.0
2025-10-21 00:00:00-04:00,1.100000023841858,1.1200000047683716,0.9980000257492065,1.100000023841858,553800,0.0,0.0
2025-10-22 00:00:00-04:00,1.159999966621399,1.190000057220459,1.0499999523162842,1.0700000524520874,897500,0.0,0.0
2025-10-23 00:00:00-04:00,1.100000023841858,1.159999966621399,1.0499999523162842,1.159999966621399,272700,0.0,0.0
2025-10-24 00:00:00-04:00,1.1200000047683716,1.149999976158142,1.0700000524520874,1.090000033378601,306900,0.0,0.0
2025-10-27 00:00:00-04:00,1.0700000524520874,1.1200000047683716,1.0,1.0800000429153442,334100,0.0,0.0
2025-10-28 00:00:00-04:00,1.0800000429153442,1.0800000429153442,1.0460000038146973,1.0499999523162842,109800,0.0,0.0
2025-10-29 00:00:00-04:00,1.059999942779541,1.159999966621399,1.0399999618530273,1.1100000143051147,408300,0.0,0.0
2025-10-30 00:00:00-04:00,1.0820000171661377,1.1399999856948853,1.0750000476837158,1.090000033378601,92200,0.0,0.0
2025-10-31 00:00:00-04:00,1.100000023841858,1.100000023841858,1.0800000429153442,1.0800000429153442,57500,0.0,0.0
2025-11-03 00:00:00-05:00,1.0499999523162842,1.0549999475479126,0.8009999990463257,0.8410000205039978,362300,0.0,0.0
2025-11-04 00:00:00-05:00,0.824999988079071,0.8700000047683716,0.8100000023841858,0.8460000157356262,92300,0.0,0.0
2025-11-05 00:00:00-05:00,0.8610000014305115,0.9869999885559082,0.8299999833106995,0.8600000143051147,56500,0.0,0.0
2025-11-06 00:00:00-05:00,0.8399999737739563,0.8399999737739563,0.7170000076293945,0.7549999952316284,93300,0.0,0.0
2025-11-07 00:00:00-05:00,0.7329999804496765,0.75,0.7120000123977661,0.734000027179718,82600,0.0,0.0
2025-11-10 00:00:00-05:00,0.7300000190734863,0.734000027179718,0.6549999713897705,0.6579999923706055,112100,0.0,0.0
2025-11-11 00:00:00-05:00,0.6579999923706055,0.6850000023841858,0.6200000047683716,0.6800000071525574,92800,0.0,0.0
2025-11-12 00:00:00-05:00,0.6600000262260437,0.6830000281333923,0.6600000262260437,0.675000011920929,20300,0.0,0.0
2025-11-13 00:00:00-05:00,0.6600000262260437,0.6890000104904175,0.6499999761581421,0.6520000100135803,38000,0.0,0.0
2025-11-14 00:00:00-05:00,0.6200000047683716,0.6520000100135803,0.6200000047683716,0.6499999761581421,31900,0.0,0.0
2025-11-17 00:00:00-05:00,0.6330000162124634,0.6899999976158142,0.37700000405311584,0.39399999380111694,634000,0.0,0.0
2025-11-18 00:00:00-05:00,0.49000000953674316,0.6589999794960022,0.45100000500679016,0.503000020980835,123109000,0.0,0.0
2025-11-19 00:00:00-05:00,0.46000000834465027,0.5239999890327454,0.46000000834465027,0.5099999904632568,2556000,0.0,0.0
2025-11-20 00:00:00-05:00,0.47999998927116394,0.5299999713897705,0.47600001096725464,0.5070000290870667,1262900,0.0,0.0
2025-11-21 00:00:00-05:00,0.5109999775886536,0.5400000214576721,0.5,0.5130000114440918,712300,0.0,0.0
2025-11-24 00:00:00-05:00,0.49000000953674316,0.5289999842643738,0.49000000953674316,0.5170000195503235,384700,0.0,0.0
2025-11-25 00:00:00-05:00,0.5189999938011169,0.5429999828338623,0.5130000114440918,0.5419999957084656,380200,0.0,0.0
2025-11-26 00:00:00-05:00,0.5400000214576721,0.5559999942779541,0.5400000214576721,0.5410000085830688,392300,0.0,0.0
2025-11-28 00:00:00-05:00,0.5550000071525574,0.7200000286102295,0.550000011920929,0.652999997138977,818500,0.0,0.0
2025-12-01 00:00:00-05:00,0.6700000166893005,0.8600000143051147,0.6610000133514404,0.7260000109672546,2035000,0.0,0.0
2025-12-02 00:00:00-05:00,0.7409999966621399,0.878000020980835,0.7409999966621399,0.8460000157356262,1136200,0.0,0.0
2025-12-03 00:00:00-05:00,0.8059999942779541,0.8389999866485596,0.75,0.7979999780654907,296300,0.0,0.0
2025-12-04 00:00:00-05:00,0.800000011920929,0.8799999952316284,0.800000011920929,0.8539999723434448,278600,0.0,0.0
2025-12-05 00:00:00-05:00,0.8629999756813049,0.8640000224113464,0.8220000267028809,0.8550000190734863,74200,0.0,0.0
2025-12-08 00:00:00-05:00,0.8550000190734863,0.9570000171661377,0.7829999923706055,0.9350000023841858,337100,0.0,0.0
2025-12-09 00:00:00-05:00,0.8999999761581421,0.9580000042915344,0.843999981880188,0.949999988079071,503000,0.0,0.0
2025-12-10 00:00:00-05:00,0.9169999957084656,0.9169999957084656,0.8479999899864197,0.8500000238418579,125900,0.0,0.0
2025-12-11 00:00:00-05:00,0.8429999947547913,0.9229999780654907,0.8299999833106995,0.878000020980835,242800,0.0,0.0
2025-12-12 00:00:00-05:00,0.8999999761581421,1.0,0.8199999928474426,0.9990000128746033,804500,0.0,0.0
2025-12-15 00:00:00-05:00,0.8970000147819519,0.9290000200271606,0.7519999742507935,0.8050000071525574,414400,0.0,0.0
2025-12-16 00:00:00-05:00,0.7900000214576721,0.7929999828338623,0.7400000095367432,0.7570000290870667,115700,0.0,0.0
2025-12-17 00:00:00-05:00,0.7490000128746033,0.7490000128746033,0.6669999957084656,0.6959999799728394,227900,0.0,0.0
2025-12-18 00:00:00-05:00,0.6850000023841858,0.7620000243186951,0.6850000023841858,0.7160000205039978,136400,0.0,0.0
2025-12-19 00:00:00-05:00,0.6800000071525574,0.7149999737739563,0.652999997138977,0.6959999799728394,73200,0.0,0.0
2025-12-22 00:00:00-05:00,0.6959999799728394,0.7099999785423279,0.6840000152587891,0.7009999752044678,40500,0.0,0.0
2025-12-23 00:00:00-05:00,0.6800000071525574,0.7170000076293945,0.6679999828338623,0.6679999828338623,36500,0.0,0.0
2025-12-24 00:00:00-05:00,0.6669999957084656,0.6779999732971191,0.6549999713897705,0.6639999747276306,48700,0.0,0.0
2025-12-26 00:00:00-05:00,0.6100000143051147,0.6949999928474426,0.6100000143051147,0.6899999976158142,92300,0.0,0.0
2025-12-29 00:00:00-05:00,0.6800000071525574,0.6800000071525574,0.6309999823570251,0.6349999904632568,87200,0.0,0.0
2025-12-30 00:00:00-05:00,0.6159999966621399,0.6349999904632568,0.5870000123977661,0.6240000128746033,166600,0.0,0.0
2025-12-31 00:00:00-05:00,0.5899999737739563,0.6169999837875366,0.574999988079071,0.6129999756813049,54600,0.0,0.0
2026-01-02 00:00:00-05:00,0.6000000238418579,0.6370000243186951,0.593999981880188,0.6370000243186951,47100,0.0,0.0
2026-01-05 00:00:00-05:00,0.6240000128746033,0.6579999923706055,0.6240000128746033,0.6510000228881836,45300,0.0,0.0
2026-01-06 00:00:00-05:00,0.6499999761581421,0.6499999761581421,0.6110000014305115,0.6309999823570251,78900,0.0,0.0
2026-01-07 00:00:00-05:00,0.640999972820282,0.6650000214576721,0.640999972820282,0.6629999876022339,38500,0.0,0.0
2026-01-08 00:00:00-05:00,0.6449999809265137,0.652999997138977,0.5569999814033508,0.6000000238418579,379700,0.0,0.0
2026-01-09 00:00:00-05:00,0.6050000190734863,0.6200000047683716,0.5989999771118164,0.6060000061988831,33100,0.0,0.0
2026-01-12 00:00:00-05:00,0.628000020980835,0.6299999952316284,0.6010000109672546,0.6019999980926514,36600,0.0,0.0
2026-01-13 00:00:00-05:00,0.6019999980926514,0.6200000047683716,0.5910000205039978,0.6150000095367432,13800,0.0,0.0
2026-01-14 00:00:00-05:00,0.6050000190734863,0.6150000095367432,0.5730000138282776,0.574999988079071,33200,0.0,0.0
2026-01-15 00:00:00-05:00,0.6000000238418579,0.6000000238418579,0.5759999752044678,0.5809999704360962,26600,0.0,0.0
2026-01-16 00:00:00-05:00,0.6100000143051147,0.625,0.5910000205039978,0.5910000205039978,58800,0.0,0.0
2026-01-20 00:00:00-05:00,0.5809999704360962,0.5910000205039978,0.550000011920929,0.574999988079071,60800,0.0,0.0
2026-01-21 00:00:00-05:00,0.5709999799728394,0.5899999737739563,0.5690000057220459,0.5899999737739563,41900,0.0,0.0
2026-01-22 00:00:00-05:00,0.5630000233650208,0.6140000224113464,0.5630000233650208,0.6010000109672546,41700,0.0,0.0
2026-01-23 00:00:00-05:00,0.5799999833106995,0.6079999804496765,0.5799999833106995,0.6039999723434448,11100,0.0,0.0
2026-01-26 00:00:00-05:00,0.5979999899864197,0.6000000238418579,0.5709999799728394,0.5979999899864197,27000,0.0,0.0
2026-01-27 00:00:00-05:00,0.5799999833106995,0.6470000147819519,0.5799999833106995,0.6100000143051147,149800,0.0,0.0
2026-01-28 00:00:00-05:00,0.6200000047683716,0.6600000262260437,0.6129999756813049,0.6600000262260437,73800,0.0,0.0
2026-01-29 00:00:00-05:00,0.6800000071525574,0.7400000095367432,0.6039999723434448,0.6140000224113464,180200,0.0,0.0
2026-01-30 00:00:00-05:00,0.6140000224113464,0.6480000019073486,0.6010000109672546,0.6190000176429749,735500,0.0,0.0
2026-02-02 00:00:00-05:00,0.5789999961853027,0.6100000143051147,0.5789999961853027,0.5979999899864197,51100,0.0,0.0
2026-02-03 00:00:00-05:00,0.6029999852180481,0.6439999938011169,0.5920000076293945,0.6000000238418579,44100,0.0,0.0
2026-02-04 00:00:00-05:00,0.6000000238418579,0.6190000176429749,0.5920000076293945,0.5989999771118164,20800,0.0,0.0
2026-02-05 00:00:00-05:00,0.5799999833106995,0.6389999985694885,0.5659999847412109,0.6119999885559082,104800,0.0,0.0
2026-02-06 00:00:00-05:00,0.5950000286102295,0.6399999856948853,0.5799999833106995,0.6200000047683716,50200,0.0,0.0
2026-02-09 00:00:00-05:00,0.5830000042915344,0.6200000047683716,0.5649999976158142,0.6010000109672546,51900,0.0,0.0
2026-02-10 00:00:00-05:00,0.5609999895095825,0.6000000238418579,0.5609999895095825,0.5960000157356262,28400,0.0,0.0
2026-02-11 00:00:00-05:00,0.5809999704360962,0.6000000238418579,0.5659999847412109,0.5989999771118164,15100,0.0,0.0
2026-02-12 00:00:00-05:00,0.550000011920929,0.5839999914169312,0.550000011920929,0.5830000042915344,4000,0.0,0.0
2026-02-13 00:00:00-05:00,0.5559999942779541,0.5830000042915344,0.5559999942779541,0.5770000219345093,10700,0.0,0.0
2026-02-17 00:00:00-05:00,0.550000011920929,0.5720000267028809,0.550000011920929,0.5720000267028809,5600,0.0,0.0
2026-02-18 00:00:00-05:00,0.550000011920929,0.550000011920929,0.5130000114440918,0.5400000214576721,21200,0.0,0.0
2026-02-19 00:00:00-05:00,0.5509999990463257,0.5509999990463257,0.5199999809265137,0.5329999923706055,10700,0.0,0.0
2026-02-20 00:00:00-05:00,0.5199999809265137,0.5339999794960022,0.49000000953674316,0.527999997138977,14800,0.0,0.0
2026-02-23 00:00:00-05:00,0.47999998927116394,0.5289999842643738,0.47999998927116394,0.527999997138977,14900,0.0,0.0
2026-02-24 00:00:00-05:00,0.527999997138977,0.550000011920929,0.49000000953674316,0.550000011920929,13000,0.0,0.0
2026-02-25 00:00:00-05:00,0.5540000200271606,0.5799999833106995,0.550000011920929,0.5789999961853027,10200,0.0,0.0
2026-02-26 00:00:00-05:00,0.574999988079071,0.5789999961853027,0.5149999856948853,0.5659999847412109,4100,0.0,0.0
2026-02-27 00:00:00-05:00,0.5540000200271606,0.5540000200271606,0.5199999809265137,0.5339999794960022,9000,0.0,0.0
2026-03-02 00:00:00-05:00,0.49000000953674316,0.5609999895095825,0.49000000953674316,0.5590000152587891,47700,0.0,0.0
2026-03-03 00:00:00-05:00,0.5299999713897705,0.5440000295639038,0.5149999856948853,0.5440000295639038,9600,0.0,0.0
2026-03-04 00:00:00-05:00,0.5249999761581421,0.5529999732971191,0.5230000019073486,0.550000011920929,13800,0.0,0.0
2026-03-05 00:00:00-05:00,0.550000011920929,0.550000011920929,0.5,0.5230000019073486,26700,0.0,0.0
2026-03-06 00:00:00-05:00,0.5289999842643738,0.5419999957084656,0.5230000019073486,0.5419999957084656,2200,0.0,0.0
2026-03-09 00:00:00-04:00,0.5059999823570251,0.5460000038146973,0.5,0.5450000166893005,74800,0.0,0.0
2026-03-10 00:00:00-04:00,0.5490000247955322,0.5619999766349792,0.5299999713897705,0.550000011920929,4300,0.0,0.0
2026-03-11 00:00:00-04:00,0.550000011920929,0.5699999928474426,0.5339999794960022,0.5519999861717224,22700,0.0,0.0
2026-03-12 00:00:00-04:00,0.5529999732971191,0.5590000152587891,0.5419999957084656,0.5419999957084656,29000,0.0,0.0
2026-03-13 00:00:00-04:00,0.5600000023841858,0.5600000023841858,0.5299999713897705,0.5299999713897705,12700,0.0,0.0
2026-03-16 00:00:00-04:00,0.5099999904632568,0.5299999713897705,0.48500001430511475,0.5299999713897705,37600,0.0,0.0
2026-03-17 00:00:00-04:00,0.550000011920929,0.6399999856948853,0.5450000166893005,0.5899999737739563,209600,0.0,0.0
2026-03-18 00:00:00-04:00,0.578000009059906,0.6029999852180481,0.574999988079071,0.5799999833106995,226800,0.0,0.0
2026-03-19 00:00:00-04:00,0.5690000057220459,0.5799999833106995,0.5189999938011169,0.5389999747276306,51000,0.0,0.0
2026-03-20 00:00:00-04:00,0.5329999923706055,0.5329999923706055,0.48500001430511475,0.515999972820282,30200,0.0,0.0
2026-03-23 00:00:00-04:00,0.49000000953674316,0.5239999890327454,0.49000000953674316,0.5199999809265137,15200,0.0,0.0
2026-03-24 00:00:00-04:00,0.4009999930858612,0.4399999976158142,0.36500000953674316,0.4099999964237213,377600,0.0,0.0
2026-03-25 00:00:00-04:00,0.4099999964237213,0.4480000138282776,0.4099999964237213,0.4480000138282776,45900,0.0,0.0
2026-03-26 00:00:00-04:00,0.4000000059604645,0.44999998807907104,0.38999998569488525,0.4339999854564667,82400,0.0,0.0
2026-03-27 00:00:00-04:00,0.3970000147819519,0.4350000023841858,0.3970000147819519,0.4350000023841858,28300,0.0,0.0
2026-03-30 00:00:00-04:00,0.43389999866485596,0.4348999857902527,0.40290001034736633,0.42989999055862427,26377,0.0,0.0
