Date,Open,High,Low,Close,Volume,Dividends,Stock Splits
2022-01-03 00:00:00-05:00,10.451375445553813,10.546784038246882,10.440471309281556,10.473182678222656,274600,0.0,0.0
2022-01-04 00:00:00-05:00,10.48408726295173,10.58222241384843,10.48408726295173,10.554963111877441,495900,0.0,0.0
2022-01-05 00:00:00-05:00,10.55496266038891,10.636741602679495,10.462279581826069,10.473182678222656,445900,0.0,0.0
2022-01-06 00:00:00-05:00,10.522251555267143,10.576771203507677,10.424117436285139,10.440472602844238,393300,0.0,0.0
2022-01-07 00:00:00-05:00,10.467734763906401,10.565868899922666,10.467734763906401,10.544061660766602,422700,0.0,0.0
2022-01-10 00:00:00-05:00,10.544059497935704,10.674906025660382,10.500443988694144,10.582222938537598,489300,0.0,0.0
2022-01-11 00:00:00-05:00,10.647646561576094,10.688535515942583,10.59312691587836,10.680357933044434,675200,0.0,0.0
2022-01-12 00:00:00-05:00,10.734880943658347,10.871179580688478,10.702168522060342,10.871179580688477,618300,0.0,0.0
2022-01-13 00:00:00-05:00,10.871174693985225,10.871174693985225,10.745779213978226,10.756683349609375,436900,0.0,0.0
2022-01-14 00:00:00-05:00,10.762137587329008,10.838464472385157,10.740330351545458,10.773041725158691,318500,0.0,0.0
2022-01-18 00:00:00-05:00,10.8384648239137,10.862998614888294,10.71307035443282,10.843916893005371,585100,0.0,0.0
2022-01-19 00:00:00-05:00,10.865726735092728,10.882081904848624,10.778495696807946,10.827563285827637,433300,0.0,0.0
2022-01-20 00:00:00-05:00,10.800301550398817,10.865725340654329,10.723974661663943,10.745781898498535,347400,0.0,0.0
2022-01-21 00:00:00-05:00,10.713068322601075,10.723972458716347,10.563140090580864,10.571317672729492,582600,0.0,0.0
2022-01-24 00:00:00-05:00,10.50044372803648,10.565866470336914,10.342336861038238,10.565866470336914,1248900,0.0,0.0
2022-01-25 00:00:00-05:00,10.52225182880904,10.685810777782608,10.440472874260168,10.614934921264648,612900,0.0,0.0
2022-01-26 00:00:00-05:00,10.653099060058592,10.767589384756127,10.606756995388787,10.653099060058594,395700,0.0,0.0
2022-01-27 00:00:00-05:00,10.707616544105267,10.816655828455392,10.664001038340354,10.6967134475708,566300,0.0,0.0
2022-01-28 00:00:00-05:00,10.691261399787495,10.805751712685705,10.631289689292805,10.800299644470215,458900,0.0,0.0
2022-01-31 00:00:00-05:00,10.762135461892207,10.936597473209005,10.762135461892207,10.920242309570312,465100,0.0,0.0
2022-02-01 00:00:00-05:00,10.94205078447768,11.11651281561996,10.914791482065096,11.094705581665039,696900,0.0,0.0
2022-02-02 00:00:00-05:00,11.132867579521989,11.231002719302028,11.10560828063891,11.225550651550293,575300,0.0,0.0
2022-02-03 00:00:00-05:00,11.165581088149542,11.225552805047942,11.018378350240274,11.078350067138672,497200,0.0,0.0
2022-02-04 00:00:00-05:00,11.07835284225812,11.105613193075088,10.991121799395936,11.072900772094727,470900,0.0,0.0
2022-02-07 00:00:00-05:00,11.083801792922536,11.17648487986277,11.040186283766882,11.111061096191406,616000,0.0,0.0
2022-02-08 00:00:00-05:00,11.116510568657851,11.171030202338782,11.072895069688212,11.12741470336914,344700,0.0,0.0
2022-02-09 00:00:00-05:00,11.127414703369142,11.198290539117007,11.121962636013496,11.12741470336914,457100,0.0,0.0
2022-02-10 00:00:00-05:00,11.12196444387359,11.220099592475897,11.067444801330566,11.067444801330566,502300,0.0,0.0
2022-02-11 00:00:00-05:00,11.078349711635537,11.220100376198388,10.928421464076521,11.007474899291992,601800,0.0,0.0
2022-02-14 00:00:00-05:00,11.007474099436909,11.034733400693844,10.794847598105196,10.90933895111084,707600,0.0,0.0
2022-02-15 00:00:00-05:00,10.936596870422363,10.977486857016606,10.914789640147507,10.936596870422363,387100,0.0,0.0
2022-02-16 00:00:00-05:00,10.936598533726992,11.040185752944511,10.931146465360206,11.029281616210938,469500,0.0,0.0
2022-02-17 00:00:00-05:00,11.012926792766168,11.094705741054502,10.909339570333879,10.996570587158203,625700,0.0,0.0
2022-02-18 00:00:00-05:00,11.007474479130751,11.149225138282903,10.947502766445991,11.089253425598145,1052200,0.0,0.0
2022-02-22 00:00:00-05:00,11.061995765216038,11.138322654597236,10.991119905182746,11.018379211425781,551000,0.0,0.0
2022-02-23 00:00:00-05:00,11.040185752944511,11.12741676706167,10.985666109152358,11.029281616210938,452300,0.0,0.0
2022-02-24 00:00:00-05:00,10.86027387870157,10.96985808358426,10.751234568804346,10.942052841186523,773100,0.0,0.0
2022-02-25 00:00:00-05:00,10.767589830283583,10.914792573736142,10.63674329383992,10.78394603729248,984500,0.0,0.0
2022-02-28 00:00:00-05:00,10.64219519082994,10.786671377507886,10.61493484625573,10.773041725158691,850200,0.0,0.0
2022-03-01 00:00:00-05:00,10.740330427440465,10.740330427440465,10.52770389776241,10.614934921264648,650100,0.0,0.0
2022-03-02 00:00:00-05:00,10.647648974352744,10.794850699254333,10.609484485803163,10.762139320373535,500800,0.0,0.0
2022-03-03 00:00:00-05:00,10.794849481221203,10.805753619576432,10.718522592486327,10.745781898498535,295300,0.0,0.0
2022-03-04 00:00:00-05:00,10.729424603647999,10.751231836159134,10.467731574260405,10.522250175476074,674800,0.0,0.0
2022-03-07 00:00:00-05:00,10.467731374486357,10.500442742566602,10.369596230369977,10.407759666442871,832600,0.0,0.0
2022-03-08 00:00:00-05:00,10.40230872649933,10.516800087009345,10.249653925777894,10.418664932250977,856000,0.0,0.0
2022-03-09 00:00:00-05:00,10.522249470928017,10.620384610346354,10.467730873362802,10.484086036682129,484100,0.0,0.0
2022-03-10 00:00:00-05:00,10.418663828719476,10.560414477259101,10.41321176071307,10.516798973083496,300500,0.0,0.0
2022-03-11 00:00:00-05:00,10.560415784691179,10.620386460435023,10.522251303921381,10.53315544128418,272000,0.0,0.0
2022-03-14 00:00:00-04:00,10.565867149439544,10.647647142384965,10.358693732338136,10.39140510559082,519900,0.0,0.0
2022-03-15 00:00:00-04:00,10.413213298661871,10.533155692890409,10.402309161038604,10.440472602844238,375100,0.0,0.0
2022-03-16 00:00:00-04:00,10.49499095076717,10.565865756785497,10.379954704808902,10.473182678222656,489200,0.0,0.0
2022-03-17 00:00:00-04:00,10.494991761597586,10.691262070159132,10.467732458686594,10.680357933044434,546300,0.0,0.0
2022-03-18 00:00:00-04:00,10.669454487428771,10.68581069416088,10.562050913627138,10.664002418518066,1267200,0.0,0.0
2022-03-21 00:00:00-04:00,10.685811042785645,10.80302792850042,10.653099668130034,10.685811042785645,503000,0.0,0.0
2022-03-22 00:00:00-04:00,10.745780013121212,10.898434803683116,10.685809342441205,10.854819297790527,587700,0.0,0.0
2022-03-23 00:00:00-04:00,10.876629742550545,10.887532841294089,10.800301812090375,10.816658020019531,408000,0.0,0.0
2022-03-24 00:00:00-04:00,10.854819297790527,10.898434803683116,10.797574141283196,10.854819297790527,352900,0.0,0.0
2022-03-25 00:00:00-04:00,10.849367856313751,11.012926792766168,10.849367856313751,10.996570587158203,532500,0.0,0.0
2022-03-28 00:00:00-04:00,11.00202064099804,11.00910843278448,10.914789640147507,10.936596870422363,482300,0.0,0.0
2022-03-29 00:00:00-04:00,11.007472708535644,11.078347506773369,10.92024170768511,10.936596870422363,633000,0.0,0.0
2022-03-30 00:00:00-04:00,10.942176467742291,11.009100495900233,10.878039433795077,10.970061302185059,455500,0.45,0.0
2022-03-31 00:00:00-04:00,10.997945623430104,11.064870712203364,10.936598777770996,10.936598777770996,365100,0.0,0.0
2022-04-01 00:00:00-04:00,10.942178646843512,11.101124575045027,10.936601466096631,11.087181091308594,294900,0.0,0.0
2022-04-04 00:00:00-04:00,11.098334158270658,11.126220058752399,10.975639387366005,11.0369873046875,285500,0.0,0.0
2022-04-05 00:00:00-04:00,10.992368330456216,11.042561880582898,10.947751959647851,11.014677047729492,395800,0.0,0.0
2022-04-06 00:00:00-04:00,10.958906431536617,11.003522802806058,10.914290060267176,10.936598777770996,255900,0.0,0.0
2022-04-07 00:00:00-04:00,10.970060238608793,11.126218062067826,10.908712332296648,11.048138618469238,403200,0.0,0.0
2022-04-08 00:00:00-04:00,11.126219121720187,11.209874688643401,11.094429304222121,11.170835494995117,516500,0.0,0.0
2022-04-11 00:00:00-04:00,11.176412202708494,11.232181869143652,11.064870742361775,11.07044792175293,384500,0.0,0.0
2022-04-12 00:00:00-04:00,11.076026333266512,11.13737318591719,11.053717613220213,11.053717613220215,349800,0.0,0.0
2022-04-13 00:00:00-04:00,11.064873061923462,11.254492946020536,11.064873061923462,11.243338584899902,334300,0.0,0.0
2022-04-14 00:00:00-04:00,11.265644975462592,11.265644975462592,11.168045931465004,11.204297065734863,347700,0.0,0.0
2022-04-18 00:00:00-04:00,11.204298694640077,11.260069433069884,11.16079711444425,11.221030235290527,324500,0.0,0.0
2022-04-19 00:00:00-04:00,11.237760957009847,11.282377335977959,11.20987611905667,11.276800155639648,215500,0.0,0.0
2022-04-20 00:00:00-04:00,11.282376428233514,11.416225554368774,11.277915109817162,11.338147163391113,378700,0.0,0.0
2022-04-21 00:00:00-04:00,11.338148075622696,11.432958013897233,11.271222975301336,11.276800155639648,446100,0.0,0.0
2022-04-22 00:00:00-04:00,11.215450970661003,11.248912982004565,10.81111452186454,10.830634117126465,937600,0.0,0.0
2022-04-25 00:00:00-04:00,10.819480527299676,10.847366425181916,10.685631408679638,10.841789245605469,655100,0.0,0.0
2022-04-26 00:00:00-04:00,10.852944177700632,10.852944177700632,10.590823080507777,10.596400260925293,559200,0.0,0.0
2022-04-27 00:00:00-04:00,10.663322375887734,10.806652574888616,10.613128829925408,10.67447566986084,529000,0.0,0.0
2022-04-28 00:00:00-04:00,10.774863151448075,10.84178823639749,10.601974855624448,10.780440330505371,468800,0.0,0.0
2022-04-29 00:00:00-04:00,10.769288497897863,10.791597219358668,10.468128204345703,10.468128204345703,576200,0.0,0.0
2022-05-02 00:00:00-04:00,10.496011660733748,10.585244407353555,10.161388329040342,10.300814628601074,835100,0.0,0.0
2022-05-03 00:00:00-04:00,10.317546739388378,10.590822174026284,10.289661903425893,10.529474258422852,383600,0.0,0.0
2022-05-04 00:00:00-04:00,10.529474667010922,10.713517357224545,10.501589829966388,10.696786880493164,321300,0.0,0.0
2022-05-05 00:00:00-04:00,10.652170806896908,10.652170806896908,10.328701794755,10.473705291748047,421800,0.0,0.0
2022-05-06 00:00:00-04:00,10.52947370495491,10.632649932817051,10.429087662523644,10.562936782836914,532300,0.0,0.0
2022-05-09 00:00:00-04:00,10.245046724670525,10.456974268466539,10.038695297727877,10.111196517944336,1059700,0.0,0.0
2022-05-10 00:00:00-04:00,10.189276871914492,10.456975181257437,10.105621283212137,10.311971664428711,660900,0.0,0.0
2022-05-11 00:00:00-04:00,10.317547205048465,10.417934321025452,10.161389350891113,10.161389350891113,403500,0.0,0.0
2022-05-12 00:00:00-04:00,10.08888792526841,10.161389138772575,9.854651680791228,9.904845237731934,866100,0.0,0.0
2022-05-13 00:00:00-04:00,9.994079309617652,10.086100133653682,9.904846544117907,10.010810852050781,687600,0.0,0.0
2022-05-16 00:00:00-04:00,10.033116183202628,10.206004493269425,9.960614976961141,10.178119659423828,313100,0.0,0.0
2022-05-17 00:00:00-04:00,10.362162942186432,10.373317301880537,10.222736637224967,10.334278106689453,524400,0.0,0.0
2022-05-18 00:00:00-04:00,10.317544854974825,10.334276391739422,10.0470575278401,10.049846649169922,317400,0.0,0.0
2022-05-19 00:00:00-04:00,9.982924630995425,10.08331175492954,9.927153888394423,9.966194152832031,364600,0.0,0.0
2022-05-20 00:00:00-04:00,9.97734516931738,10.033115899167946,9.53675863734812,9.659453392028809,803200,0.0,0.0
2022-05-23 00:00:00-04:00,9.759841262490387,9.921576285434602,9.704070528242786,9.876958847045898,301100,0.0,0.0
2022-05-24 00:00:00-04:00,9.876957303273075,9.89313144128244,9.687338538449977,9.776571273803711,401900,0.0,0.0
2022-05-25 00:00:00-04:00,9.759841262490387,9.960615480286439,9.726379247437139,9.876958847045898,390400,0.0,0.0
2022-05-26 00:00:00-04:00,9.876957564101028,10.122348124673056,9.865804269690862,10.03311538696289,496700,0.0,0.0
2022-05-27 00:00:00-04:00,10.072155376081755,10.228313211336484,10.049847721752922,10.178119659423828,426700,0.0,0.0
2022-05-31 00:00:00-04:00,10.150236086904588,10.172543744005498,10.0163858893457,10.088888168334961,388300,0.0,0.0
2022-06-01 00:00:00-04:00,10.12792772780965,10.222737667286196,10.033117788333106,10.194852828979492,338200,0.0,0.0
2022-06-02 00:00:00-04:00,10.217160039389734,10.256199236804651,10.113984865687685,10.228314399719238,298200,0.0,0.0
2022-06-03 00:00:00-04:00,10.206004845703461,10.228313564540883,10.127926457249004,10.150235176086426,189700,0.0,0.0
2022-06-06 00:00:00-04:00,10.222737219554485,10.267353597134157,10.150236004889402,10.228314399719238,277000,0.0,0.0
2022-06-07 00:00:00-04:00,10.189275648570472,10.351009625478463,10.178121287752433,10.194852828979492,516900,0.0,0.0
2022-06-08 00:00:00-04:00,10.189274834900207,10.194852014863859,10.044271347060215,10.122349739074707,402500,0.0,0.0
2022-06-09 00:00:00-04:00,10.100043617550526,10.156929159841608,9.999656490428695,10.010810852050781,607100,0.0,0.0
2022-06-10 00:00:00-04:00,9.899269919373204,10.033119075141457,9.787728424363726,9.977348327636719,471700,0.0,0.0
2022-06-13 00:00:00-04:00,9.782149368091357,9.865804932346254,9.461468464086336,9.514450073242188,1231500,0.0,0.0
2022-06-14 00:00:00-04:00,9.564644628274216,9.687340461546325,9.430795498672364,9.575798988342285,919200,0.0,0.0
2022-06-15 00:00:00-04:00,9.625990187738353,9.79330129283565,9.480986733576266,9.609258651733398,421900,0.0,0.0
2022-06-16 00:00:00-04:00,9.480987381152742,9.497718918300505,9.129633610954803,9.218866348266602,680800,0.0,0.0
2022-06-17 00:00:00-04:00,9.25790584821092,9.395658877756953,9.174250287144128,9.335984230041504,974900,0.0,0.0
2022-06-21 00:00:00-04:00,9.63156819460667,9.647183870725497,9.453102716826834,9.480987548828125,453300,0.0,0.0
2022-06-22 00:00:00-04:00,9.414062970641025,9.586952342337788,9.400120553888245,9.514450073242188,368800,0.0,0.0
2022-06-23 00:00:00-04:00,9.547914742943487,9.567991741318155,9.43637326283483,9.46983528137207,300500,0.0,0.0
2022-06-24 00:00:00-04:00,9.547915103839916,9.743111105800589,9.547915103839916,9.709649085998535,332900,0.0,0.0
2022-06-27 00:00:00-04:00,9.759840666185259,9.879747365183162,9.659453563420666,9.84907341003418,368300,0.0,0.0
2022-06-28 00:00:00-04:00,9.899266018980565,10.127925036291773,9.759839737023093,9.776571273803711,776200,0.0,0.0
2022-06-29 00:00:00-04:00,9.76512517059196,9.857854170259596,9.622025442041462,9.656370162963867,334500,0.45,0.0
2022-06-30 00:00:00-04:00,9.616300582885742,9.70216128682917,9.478924985046142,9.616300582885742,393800,0.0,0.0
2022-07-01 00:00:00-04:00,9.330101515031156,9.673541069030762,9.192725911784164,9.673541069030762,844000,0.0,0.0
2022-07-05 00:00:00-04:00,9.587680958712495,9.719332435226633,9.461753601842124,9.690712928771973,350200,0.0,0.0
2022-07-06 00:00:00-04:00,9.690712565410898,9.690712565410898,9.375892547393121,9.5247163772583,413100,0.0,0.0
2022-07-07 00:00:00-04:00,9.570507726432373,9.650644302368164,9.537309363997862,9.650644302368164,349200,0.0,0.0
2022-07-08 00:00:00-04:00,9.650646042810134,9.673541431660784,9.501822194105902,9.656370162963867,299900,0.0,0.0
2022-07-11 00:00:00-04:00,9.616297804760618,9.667813775538155,9.421682157770787,9.461750984191895,249800,0.0,0.0
2022-07-12 00:00:00-04:00,9.4331328864645,9.53616485524433,9.4331328864645,9.478924751281738,185000,0.0,0.0
2022-07-13 00:00:00-04:00,9.438856838968393,9.478924583503751,9.278584769062805,9.301481246948242,468400,0.0,0.0
2022-07-14 00:00:00-04:00,9.215622692144706,9.232793960758034,9.083970658660395,9.152658462524414,442200,0.0,0.0
2022-07-15 00:00:00-04:00,9.23279340096196,9.347273613009719,9.141210213911547,9.284309387207031,265900,0.0,0.0
2022-07-18 00:00:00-04:00,9.370171430006891,9.456031055419722,9.324379557002423,9.341550827026367,302500,0.0,0.0
2022-07-19 00:00:00-04:00,9.433134207888193,9.556200066529765,9.381618216281753,9.536166191101074,342700,0.0,0.0
2022-07-20 00:00:00-04:00,9.547614431850134,9.627749933564896,9.496098440243694,9.536166191101074,254200,0.0,0.0
2022-07-21 00:00:00-04:00,9.559061050415039,9.576232316860315,9.467477323493087,9.559061050415039,248100,0.0,0.0
2022-07-22 00:00:00-04:00,9.644920197812493,9.656368436072622,9.51326873311328,9.541888236999512,193600,0.0,0.0
2022-07-25 00:00:00-04:00,9.524716571766373,9.599129034100644,9.487511432363409,9.513269424438477,278700,0.0,0.0
2022-07-26 00:00:00-04:00,9.490371859718817,9.622023318912548,9.490371859718817,9.593403816223145,195600,0.0,0.0
2022-07-27 00:00:00-04:00,9.650645948190808,9.896777653566764,9.644921828093198,9.879605293273926,459100,0.0,0.0
2022-07-28 00:00:00-04:00,9.931120229879662,10.081088230191979,9.872162781710463,10.028428077697754,476300,0.0,0.0
2022-07-29 00:00:00-04:00,9.99980819044535,10.13146076455941,9.959740442927076,10.074220657348633,467400,0.0,0.0
2022-08-01 00:00:00-04:00,10.05704767763557,10.127453365446488,10.005531693498272,10.062771797180176,339900,0.0,0.0
2022-08-02 00:00:00-04:00,10.057049546818567,10.079946029252492,9.91967392750814,9.994085311889648,262300,0.0,0.0
2022-08-03 00:00:00-04:00,10.04559934440649,10.074219941861317,9.936844349370627,10.028428077697754,285500,0.0,0.0
2022-08-04 00:00:00-04:00,10.0570452733186,10.086237948487817,9.925393830558775,9.971185684204102,240500,0.0,0.0
2022-08-05 00:00:00-04:00,9.982635813007514,10.120011399986373,9.911085959887433,10.079943656921387,372600,0.0,0.0
2022-08-08 00:00:00-04:00,10.171527320306874,10.337522410828266,10.142906724172764,10.303178787231445,316100,0.0,0.0
2022-08-09 00:00:00-04:00,10.234491496663738,10.291731603031346,10.137183643368068,10.154356002807617,204900,0.0,0.0
2022-08-10 00:00:00-04:00,10.27456158830659,10.303181099098342,10.102841248263005,10.177253723144531,594500,0.0,0.0
2022-08-11 00:00:00-04:00,10.17152684066975,10.26597207404848,10.17152684066975,10.211594581604004,279100,0.0,0.0
2022-08-12 00:00:00-04:00,10.257388131966126,10.348971866841913,10.253953441673119,10.331799507141113,282800,0.0,0.0
2022-08-15 00:00:00-04:00,10.274560474601476,10.303179982291034,10.223044487348881,10.2573881149292,305700,0.0,0.0
2022-08-16 00:00:00-04:00,10.24021596596596,10.363281816738967,10.222471521468758,10.320352554321289,349600,0.0,0.0
2022-08-17 00:00:00-04:00,10.23449075098864,10.245938989780898,10.034152030944824,10.034152030944824,343100,0.0,0.0
2022-08-18 00:00:00-04:00,10.07994312088744,10.223042819517806,10.034151260996287,10.211594581604004,254300,0.0,0.0
2022-08-19 00:00:00-04:00,10.148632155305789,10.148632155305789,9.999808311462402,9.999808311462402,338200,0.0,0.0
2022-08-22 00:00:00-04:00,9.919672034235614,9.931120273267561,9.808054433084544,9.81091594696045,239200,0.0,0.0
2022-08-23 00:00:00-04:00,9.879601976913449,9.988358038732565,9.856705504208831,9.971185684204102,227200,0.0,0.0
2022-08-24 00:00:00-04:00,9.942570692059338,10.016982078552246,9.934557141332958,10.016982078552246,213900,0.0,0.0
2022-08-25 00:00:00-04:00,10.045599965947112,10.10284007263416,10.005532218795445,10.039876937866211,265400,0.0,0.0
2022-08-26 00:00:00-04:00,10.04559776943902,10.057046006626075,9.902498079892801,9.908222198486328,250300,0.0,0.0
2022-08-29 00:00:00-04:00,9.828089754137494,9.936845857442961,9.816641513418112,9.896778106689453,256800,0.0,0.0
2022-08-30 00:00:00-04:00,9.931120154342437,9.931120154342437,9.673540238028977,9.702160835266113,274800,0.0,0.0
2022-08-31 00:00:00-04:00,9.753676746806276,9.820646651144,9.707883791563592,9.742228507995605,219100,0.0,0.0
2022-09-01 00:00:00-04:00,9.725057039970661,9.730781159899959,9.46175407380844,9.599129676818848,349900,0.0,0.0
2022-09-02 00:00:00-04:00,9.684989216862128,9.790882705319468,9.593405482234552,9.63919734954834,245400,0.0,0.0
2022-09-06 00:00:00-04:00,9.71933149256306,9.71933149256306,9.501820426016828,9.581955909729004,285000,0.0,0.0
2022-09-07 00:00:00-04:00,9.536165823264021,9.687851186162977,9.536165823264021,9.656370162963867,230800,0.0,0.0
2022-09-08 00:00:00-04:00,9.656366947223193,9.825224614350768,9.599126856512097,9.782294273376465,294000,0.0,0.0
2022-09-09 00:00:00-04:00,9.856705627066143,9.9236766096216,9.776570155128963,9.782294273376465,361200,0.0,0.0
2022-09-12 00:00:00-04:00,9.845260786457256,9.896776770977324,9.788020682350052,9.839536666870117,335000,0.0,0.0
2022-09-13 00:00:00-04:00,9.753676333414608,9.773710204602112,9.559060648938207,9.610576629638672,271300,0.0,0.0
2022-09-14 00:00:00-04:00,9.610576820812632,9.736504169605332,9.599128582259445,9.679264068603516,619600,0.0,0.0
2022-09-15 00:00:00-04:00,9.69071235992915,9.850983333490076,9.69071235992915,9.747952461242676,224200,0.0,0.0
2022-09-16 00:00:00-04:00,9.673540281582575,9.70216087894857,9.570508314593305,9.667816162109375,359400,0.0,0.0
2022-09-19 00:00:00-04:00,9.570507795499568,9.684987995225956,9.559060648938207,9.610576629638672,195000,0.0,0.0
2022-09-20 00:00:00-04:00,9.576232600488892,9.604853198352275,9.46747760390056,9.478924751281738,302500,0.0,0.0
2022-09-21 00:00:00-04:00,9.536164760524116,9.593404863918158,9.444581031799316,9.444581031799316,282500,0.0,0.0
2022-09-22 00:00:00-04:00,9.444581053958087,9.518992424310008,9.284308982431577,9.335824966430664,785700,0.0,0.0
2022-09-23 00:00:00-04:00,9.272861052575662,9.347272416647808,9.164104974226454,9.330100059509277,1056200,0.0,0.0
2022-09-26 00:00:00-04:00,9.290034772401512,9.370171368456209,8.723359938281954,8.746255874633789,1019600,0.0,0.0
2022-09-27 00:00:00-04:00,8.92369754093246,9.15265684672567,8.740530096297896,8.88362979888916,752800,0.0,0.0
2022-09-28 00:00:00-04:00,8.877907844449199,9.135487262741936,8.814943610592142,9.038179397583008,515900,0.0,0.0
2022-09-29 00:00:00-04:00,8.979258013671352,9.014609670938954,8.532652208546425,8.602176666259766,611900,0.45,0.0
2022-09-30 00:00:00-04:00,8.572717001185891,8.761257673916655,8.513797760009766,8.513797760009766,545600,0.0,0.0
2022-10-03 00:00:00-04:00,8.572721320164492,8.631051162319594,8.354720917016005,8.525586128234863,498800,0.0,0.0
2022-10-04 00:00:00-04:00,8.678771490036755,9.073528974162214,8.678771490036755,9.014610290527344,622800,0.0,0.0
2022-10-05 00:00:00-04:00,8.961584939786746,8.973368454198376,8.732978804106896,8.861422538757324,275200,0.0,0.0
2022-10-06 00:00:00-04:00,8.879097566976755,8.945087154230256,8.672881300837824,8.720016479492188,257400,0.0,0.0
2022-10-07 00:00:00-04:00,8.637528656705628,8.708231416671955,8.560933859601544,8.631636619567871,379300,0.0,0.0
2022-10-10 00:00:00-04:00,8.64341908261011,8.646365100629817,8.413634734132316,8.478446006774902,284900,0.0,0.0
2022-10-11 00:00:00-04:00,8.431310842250557,8.519689135259833,8.272229240559282,8.478446006774902,380400,0.0,0.0
2022-10-12 00:00:00-04:00,8.502014995860673,8.613960889655745,8.401852614198758,8.584501266479492,322500,0.0,0.0
2022-10-13 00:00:00-04:00,8.478449260669692,8.790719985961914,8.454881669362651,8.790719985961914,420100,0.0,0.0
2022-10-14 00:00:00-04:00,8.831962210688845,8.896773501456812,8.631637424489018,8.672881126403809,308900,0.0,0.0
2022-10-17 00:00:00-04:00,8.75536489955729,8.879094846083333,8.714121771347102,8.767148971557617,382700,0.0,0.0
2022-10-18 00:00:00-04:00,8.938017020736469,8.943909058673684,8.725908712057633,8.831962585449219,470100,0.0,0.0
2022-10-19 00:00:00-04:00,8.696447702634554,8.796610084071467,8.631636419413272,8.725907325744629,564500,0.0,0.0
2022-10-20 00:00:00-04:00,8.725908341797368,8.814286659522873,8.61985391101025,8.672881126403809,324100,0.0,0.0
2022-10-21 00:00:00-04:00,8.684664398671378,8.725318670930045,8.549150907003323,8.655204772949219,339300,0.0,0.0
2022-10-24 00:00:00-04:00,8.666989888829525,8.737103795230444,8.580378724897962,8.690557479858398,508900,0.0,0.0
2022-10-25 00:00:00-04:00,8.678770477869458,9.009895497817533,8.655202894784981,8.979257583618164,406100,0.0,0.0
2022-10-26 00:00:00-04:00,9.0146117200812,9.079422450926034,8.94390895136984,9.002827644348145,555900,0.0,0.0
2022-10-27 00:00:00-04:00,9.1029877237911,9.214934167182191,9.02050146223505,9.026392936706543,485700,0.0,0.0
2022-10-28 00:00:00-04:00,9.026393545397738,9.197258678294581,9.026393545397738,9.13833999633789,931700,0.0,0.0
2022-10-31 00:00:00-04:00,9.161909166640793,9.214936382903167,9.07942232335536,9.108881950378418,335100,0.0,0.0
2022-11-01 00:00:00-04:00,9.173692440918115,9.209044104802386,9.055854497796604,9.114773750305176,442700,0.0,0.0
2022-11-02 00:00:00-04:00,9.07352882436067,9.24439395930332,8.9674749708106,9.032285690307617,441800,0.0,0.0
2022-11-03 00:00:00-04:00,8.938016700812074,9.108881861605827,8.896773560519126,9.073530197143555,304600,0.0,0.0
2022-11-04 00:00:00-04:00,9.279747311643833,9.480072105417547,9.060568670833009,9.22082805633545,415900,0.0,0.0
2022-11-07 00:00:00-05:00,9.28563692819233,9.574339967749546,9.250285271846613,9.46828556060791,759600,0.0,0.0
2022-11-08 00:00:00-05:00,9.456502732442884,9.462394769591882,9.197259278738494,9.22671890258789,529600,0.0,0.0
2022-11-09 00:00:00-05:00,9.250287358834573,9.415260481245184,9.18547662979003,9.214936256408691,548900,0.0,0.0
2022-11-10 00:00:00-05:00,9.456501889365322,9.533097241682384,9.226718079996294,9.32688045501709,406800,0.0,0.0
2022-11-11 00:00:00-05:00,9.356340259783158,9.447664581659906,9.29152954133765,9.374015808105469,327800,0.0,0.0
2022-11-14 00:00:00-05:00,9.356339987346571,9.374015535154209,9.209042444526686,9.315096855163574,436600,0.0,0.0
2022-11-15 00:00:00-05:00,9.427043253269874,9.515421559011052,9.285637739325761,9.368124008178711,459000,0.0,0.0
2022-11-16 00:00:00-05:00,9.338666110515925,9.43882850250725,9.297422409057617,9.297422409057617,309300,0.0,0.0
2022-11-17 00:00:00-05:00,9.191366838279283,9.359285946123016,9.161907217523506,9.344555854797363,269600,0.0,0.0
2022-11-18 00:00:00-05:00,9.368123886425806,9.42115109393957,9.256177996482181,9.291529655456543,264700,0.0,0.0
2022-11-21 00:00:00-05:00,9.262071458019024,9.32334730173655,9.211990261207415,9.279747009277344,399000,0.0,0.0
2022-11-22 00:00:00-05:00,9.267961065590558,9.462393775924937,9.267961065590558,9.344555854797363,713800,0.0,0.0
2022-11-23 00:00:00-05:00,9.344555923259126,9.40936720177577,9.138339700248935,9.173690795898438,915900,0.0,0.0
2022-11-25 00:00:00-05:00,9.244393922858874,9.338664826158654,9.191367277240667,9.291529655456543,132900,0.0,0.0
2022-11-28 00:00:00-05:00,9.250286883782946,9.291530583689246,8.979259344222118,9.020503044128418,581300,0.0,0.0
2022-11-29 00:00:00-05:00,9.014610290527344,9.097096559995274,8.9704211373273,9.014610290527344,381700,0.0,0.0
2022-11-30 00:00:00-05:00,9.020504423884391,9.144234418737526,8.920342020341582,9.126558303833008,429200,0.0,0.0
2022-12-01 00:00:00-05:00,9.185475945564846,9.338665543054299,9.085313559659864,9.091205596923828,533200,0.0,0.0
2022-12-02 00:00:00-05:00,8.99693474162644,9.067637499125624,8.949799008064748,9.014610290527344,371300,0.0,0.0
2022-12-05 00:00:00-05:00,8.991044480839358,9.014612071328104,8.737692461663586,8.826070785522461,588000,0.0,0.0
2022-12-06 00:00:00-05:00,8.861421502219919,8.873205577148827,8.572718409209115,8.643421173095703,997100,0.0,0.0
2022-12-07 00:00:00-05:00,8.631636980168345,8.67288067996008,8.490231454328248,8.543258666992188,657600,0.0,0.0
2022-12-08 00:00:00-05:00,8.543259468532323,8.731800187341596,8.537367430595618,8.560935020446777,409500,0.0,0.0
2022-12-09 00:00:00-05:00,8.625744576436063,8.655203636394189,8.502014614167052,8.608068466186523,294700,0.0,0.0
2022-12-12 00:00:00-05:00,8.590394020080566,8.641653510211206,8.54915088133077,8.590394020080566,512900,0.0,0.0
2022-12-13 00:00:00-05:00,8.725907832075784,8.743583382209243,8.566826195187819,8.596285820007324,489700,0.0,0.0
2022-12-14 00:00:00-05:00,8.596285820007324,8.689377874823773,8.54915064505436,8.596285820007324,684800,0.0,0.0
2022-12-15 00:00:00-05:00,8.566829280699336,8.672883743488907,8.525586128234863,8.525586128234863,709300,0.0,0.0
2022-12-16 00:00:00-05:00,8.502018118865244,8.51380163532678,8.295801242778413,8.33115291595459,803200,0.0,0.0
2022-12-19 00:00:00-05:00,8.33704140657231,8.381231122685932,8.172068301940348,8.230987548828125,1048000,0.0,0.0
2022-12-20 00:00:00-05:00,8.23098704986884,8.348824974605524,8.189743354789341,8.337040901184082,666900,0.0,0.0
2022-12-21 00:00:00-05:00,8.40185308255917,8.507906945251836,8.372393457740692,8.390069007873535,610200,0.0,0.0
2022-12-22 00:00:00-05:00,8.331151504345245,8.413637791287082,8.21920502650177,8.407746315002441,827200,0.0,0.0
2022-12-23 00:00:00-05:00,8.372392991022505,8.613960889655745,8.372392991022505,8.584501266479492,579900,0.0,0.0
2022-12-27 00:00:00-05:00,8.584502633012848,8.666989478658,8.525583939176881,8.649313926696777,1303600,0.0,0.0
2022-12-28 00:00:00-05:00,8.631637220247516,8.720016097777444,8.525583353865482,8.53736686706543,1489600,0.0,0.0
2022-12-29 00:00:00-05:00,8.555607154340466,8.579930108656448,8.443113708093408,8.470477104187012,1301100,0.45,0.0
2022-12-30 00:00:00-05:00,8.427913039959726,8.49480161148569,8.233329369858922,8.342782974243164,2087600,0.0,0.0
2023-01-03 00:00:00-05:00,8.397508744531972,8.531284711335067,8.379266092772907,8.494800567626953,552200,0.0,0.0
2023-01-04 00:00:00-05:00,8.561688040048749,8.677222508007452,8.528243760391495,8.671141624450684,546800,0.0,0.0
2023-01-05 00:00:00-05:00,8.646819176398218,8.707626275811224,8.604253568913604,8.695465087890625,330200,0.0,0.0
2023-01-06 00:00:00-05:00,8.744111004683695,8.768433960444645,8.634657413806922,8.658980369567871,455000,0.0,0.0
2023-01-09 00:00:00-05:00,8.74411157483936,8.77998798041894,8.695465660145528,8.731949806213379,322700,0.0,0.0
2023-01-10 00:00:00-05:00,8.762354088722223,8.774515857960083,8.683304328391358,8.744112014770508,202100,0.0,0.0
2023-01-11 00:00:00-05:00,8.7441130551705,8.926535556108036,8.7441130551705,8.877889633178711,762000,0.0,0.0
2023-01-12 00:00:00-05:00,8.93261418160442,9.078552502851174,8.871807079331221,9.072471618652344,464500,0.0,0.0
2023-01-13 00:00:00-05:00,8.993422819896963,9.096795542646763,8.955722029742187,9.035987854003906,426100,0.0,0.0
2023-01-17 00:00:00-05:00,9.102877422581575,9.151523346851597,9.035988841781425,9.121119499206543,432200,0.0,0.0
2023-01-18 00:00:00-05:00,9.151522280425828,9.224491158327808,8.987341870217557,9.023826599121094,409600,0.0,0.0
2023-01-19 00:00:00-05:00,8.975181479037358,8.99950444050202,8.814041496893259,8.877889633178711,357800,0.0,0.0
2023-01-20 00:00:00-05:00,8.90829335108256,9.115038823951702,8.832284020169212,9.06639289855957,666800,0.0,0.0
2023-01-23 00:00:00-05:00,9.12719963054266,9.352187156677246,9.108956975519911,9.352187156677246,553900,0.0,0.0
2023-01-24 00:00:00-05:00,9.340026550250238,9.43427853989444,9.254896469158941,9.29746150970459,332200,0.0,0.0
2023-01-25 00:00:00-05:00,9.273137889059846,9.400833581548023,9.206249890101331,9.376510620117188,383600,0.0,0.0
2023-01-26 00:00:00-05:00,9.425155639648438,9.498124516947428,9.340024992847072,9.425155639648438,401000,0.0,0.0
2023-01-27 00:00:00-05:00,9.461639523000859,9.644061409999246,9.449477754584947,9.558931350708008,606600,0.0,0.0
2023-01-30 00:00:00-05:00,9.49812549213885,9.546771415332751,9.385632012217386,9.388671875,399200,0.0,0.0
2023-01-31 00:00:00-05:00,9.437316324746847,9.595415250775606,9.40083160033712,9.492042541503906,510100,0.0,0.0
2023-02-01 00:00:00-05:00,9.504204727020845,9.717030459058705,9.504204727020845,9.704869270324707,412600,0.0,0.0
2023-02-02 00:00:00-05:00,9.729191724920875,9.789999405163638,9.582645667861732,9.644061088562012,550000,0.0,0.0
2023-02-03 00:00:00-05:00,9.637981414794922,9.746218373623618,9.558931657271408,9.637981414794922,586400,0.0,0.0
2023-02-06 00:00:00-05:00,9.613658266950269,9.710950095853427,9.467112203205243,9.65622329711914,374000,0.0,0.0
2023-02-07 00:00:00-05:00,9.637981873822268,9.680546906860226,9.51028619480331,9.577174186706543,390100,0.0,0.0
2023-02-08 00:00:00-05:00,9.522450589070639,9.558935329600054,9.343068489603672,9.370431900024414,513600,0.0,0.0
2023-02-09 00:00:00-05:00,9.425156652164363,9.498125537302178,9.18192703503831,9.224492073059082,323100,0.0,0.0
2023-02-10 00:00:00-05:00,9.224490651837614,9.419074315558863,9.18800592493735,9.412993431091309,465300,0.0,0.0
2023-02-13 00:00:00-05:00,9.425157093910101,9.501166425312602,9.367389839670752,9.449480056762695,362100,0.0,0.0
2023-02-14 00:00:00-05:00,9.425155885884621,9.504205650000007,9.400832926149508,9.455559730529785,267200,0.0,0.0
2023-02-15 00:00:00-05:00,9.40691248438958,9.492042541503906,9.358266571779957,9.492042541503906,272100,0.0,0.0
2023-02-16 00:00:00-05:00,9.412991521391632,9.565010122808719,9.411167720345427,9.485960960388184,445800,0.0,0.0
2023-02-17 00:00:00-05:00,9.485964130124975,9.543730800434654,9.43731820780886,9.528529167175293,253000,0.0,0.0
2023-02-21 00:00:00-05:00,9.492044738479969,9.526705089715247,9.267057195609846,9.358268737792969,430000,0.0,0.0
2023-02-22 00:00:00-05:00,9.34002523685918,9.534001174192126,9.34002523685918,9.455559730529785,377300,0.0,0.0
2023-02-23 00:00:00-05:00,9.522447128664535,9.644061919726298,9.507853237756109,9.58325481414795,380800,0.0,0.0
2023-02-24 00:00:00-05:00,9.668384485779514,9.923775826602824,9.58933530972448,9.65622329711914,553200,0.0,0.0
2023-02-27 00:00:00-05:00,9.729192076175785,10.045391097005917,9.729192076175785,9.972421646118164,590600,0.0,0.0
2023-02-28 00:00:00-05:00,9.996746056009314,9.996746056009314,9.690276075232582,9.71095085144043,489500,0.0,0.0
2023-03-01 00:00:00-05:00,9.717031607054244,9.811283585426876,9.662305381428185,9.686628341674805,298500,0.0,0.0
2023-03-02 00:00:00-05:00,9.650141518897016,9.77114855333125,9.64406063517761,9.741353034973145,267300,0.0,0.0
2023-03-03 00:00:00-05:00,9.771758389936318,9.856888460649618,9.76567750491248,9.814323425292969,266600,0.0,0.0
2023-03-06 00:00:00-05:00,9.86296858882404,9.869049473381255,9.75959587097168,9.75959587097168,385500,0.0,0.0
2023-03-07 00:00:00-05:00,9.206249946805615,9.254895869966914,9.145442252901418,9.175846099853516,3580000,0.0,0.0
2023-03-08 00:00:00-05:00,9.230571564285599,9.254894522324484,9.154562247925947,9.212328910827637,1032500,0.0,0.0
2023-03-09 00:00:00-05:00,9.19408622593524,9.20320755205772,8.81708011144813,8.89004898071289,1613600,0.0,0.0
2023-03-10 00:00:00-05:00,8.853564140229153,8.87180621113544,8.324538864802077,8.482638359069824,1681900,0.0,0.0
2023-03-13 00:00:00-04:00,8.312379837036133,8.500882638485276,8.075230534023683,8.312379837036133,1258900,0.0,0.0
2023-03-14 00:00:00-04:00,8.555607417485545,8.6285762826778,8.403588803358765,8.427911758422852,916300,0.0,0.0
2023-03-15 00:00:00-04:00,8.324540320242404,8.37987544286325,8.139077977141978,8.342782974243164,1108400,0.0,0.0
2023-03-16 00:00:00-04:00,8.21508809442915,8.491761994716208,8.125700936831516,8.409671783447266,678100,0.0,0.0
2023-03-17 00:00:00-04:00,8.348862460464462,8.44007398181045,8.209005606267647,8.239409446716309,1297400,0.0,0.0
2023-03-20 00:00:00-04:00,8.330620965659467,8.458316640472058,8.21508705983144,8.275894165039062,584100,0.0,0.0
2023-03-21 00:00:00-04:00,8.391428867373865,8.531285734875974,8.37926709807538,8.506962776184082,677200,0.0,0.0
2023-03-22 00:00:00-04:00,8.573852602351705,8.60121600737302,8.36710713325961,8.373188018798828,421300,0.0,0.0
2023-03-23 00:00:00-04:00,8.440074171405183,8.555608071819384,8.336701459500617,8.348862648010254,463300,0.0,0.0
2023-03-24 00:00:00-04:00,8.275894913788619,8.385348524932084,8.20900691803712,8.330621719360352,648800,0.0,0.0
2023-03-27 00:00:00-04:00,8.470477104187012,8.482638291392515,8.363455641272706,8.470477104187012,561200,0.0,0.0
2023-03-28 00:00:00-04:00,8.482641011006613,8.573852553863555,8.403591239159327,8.537367820739746,575600,0.0,0.0
2023-03-29 00:00:00-04:00,8.537364957153377,8.598172631995345,8.500880236267202,8.57384967803955,743300,0.0,0.0
2023-03-30 00:00:00-04:00,8.661789561230618,8.693195734643586,8.511040647675893,8.567571640014648,655500,0.45,0.0
2023-03-31 00:00:00-04:00,8.611539109727468,8.661788742831263,8.511039843519878,8.573851585388184,845100,0.0,0.0
2023-04-03 00:00:00-04:00,8.611538842651678,8.6994759973675,8.555007857407423,8.598976135253906,439700,0.0,0.0
2023-04-04 00:00:00-04:00,8.63666284727733,8.63666284727733,8.435664339973446,8.511038780212402,533900,0.0,0.0
2023-04-05 00:00:00-04:00,8.479632641253442,8.517320161006825,8.404258200769481,8.454507827758789,573300,0.0,0.0
2023-04-06 00:00:00-04:00,8.435664105131528,8.539304032452694,8.410539292417997,8.479632377624512,514500,0.0,0.0
2023-04-10 00:00:00-04:00,8.479632377624512,8.533022679518615,8.347726961122774,8.479632377624512,437800,0.0,0.0
2023-04-11 00:00:00-04:00,8.479632161638508,8.536163138559742,8.432523213878405,8.517319679260254,328700,0.0,0.0
2023-04-12 00:00:00-04:00,8.567571597156146,8.6617895179008,8.523602714988769,8.555008888244629,626800,0.0,0.0
2023-04-13 00:00:00-04:00,8.598976641421938,8.705757264497068,8.573851824170314,8.674351692199707,401700,0.0,0.0
2023-04-14 00:00:00-04:00,8.724600589349839,8.772337318777467,8.583273129864326,8.636663436889648,433000,0.0,0.0
2023-04-17 00:00:00-04:00,8.611538777826922,8.718319393812735,8.567570500311419,8.712038040161133,304500,0.0,0.0
2023-04-18 00:00:00-04:00,8.712038105742412,8.712038105742412,8.573851319481221,8.598976135253906,460600,0.0,0.0
2023-04-19 00:00:00-04:00,8.573850763431276,8.721459570667749,8.567570009162582,8.705756187438965,510500,0.0,0.0
2023-04-20 00:00:00-04:00,8.668071019869096,8.720205184497832,8.605258672288437,8.630383491516113,296000,0.0,0.0
2023-04-21 00:00:00-04:00,8.655507629993819,8.718319972634328,8.592695886376204,8.674351692199707,345300,0.0,0.0
2023-04-24 00:00:00-04:00,8.686911582946777,8.718317746246873,8.61153715044019,8.686911582946777,374200,0.0,0.0
2023-04-25 00:00:00-04:00,8.617821008019435,8.680632753855635,8.576992804154136,8.592696189880371,427900,0.0,0.0
2023-04-26 00:00:00-04:00,8.59897508825809,8.683771555799805,8.438804781598568,8.479632377624512,810300,0.0,0.0
2023-04-27 00:00:00-04:00,8.492196574591246,8.69633578861023,8.479633866517268,8.661788940429688,864600,0.0,0.0
2023-04-28 00:00:00-04:00,8.655507242597677,8.944442927570863,8.655507242597677,8.730881690979004,1106800,0.0,0.0
2023-05-01 00:00:00-04:00,8.7434442868963,8.78113121109425,8.649226377378564,8.668069839477539,249800,0.0,0.0
2023-05-02 00:00:00-04:00,8.65550847936458,8.668071188734626,8.440063285070268,8.542447090148926,724100,0.0,0.0
2023-05-03 00:00:00-04:00,8.517322228094255,8.668071145647758,8.517322228094255,8.529884338378906,372300,0.0,0.0
2023-05-04 00:00:00-04:00,8.479631315682884,8.504127750426097,8.347725915700241,8.360288619995117,636600,0.0,0.0
2023-05-05 00:00:00-04:00,8.347726750038218,8.542444492911454,8.084544298592222,8.171853065490723,1138000,0.0,0.0
2023-05-08 00:00:00-04:00,8.196978260012637,8.303758866082765,8.184415553876011,8.209540367126465,586900,0.0,0.0
2023-05-09 00:00:00-04:00,8.196978305506585,8.302502761353281,8.146728678726788,8.222103118896484,663600,0.0,0.0
2023-05-10 00:00:00-04:00,8.310041090123017,8.310041090123017,8.165573538133193,8.21582317352295,483000,0.0,0.0
2023-05-11 00:00:00-04:00,8.178134773003352,8.278634025675494,8.178134773003352,8.266071319580078,294100,0.0,0.0
2023-05-12 00:00:00-04:00,8.291197626607584,8.3351665068408,8.178136246492086,8.21582317352295,337600,0.0,0.0
2023-05-15 00:00:00-04:00,8.240946269859592,8.297477247620677,8.215821457412751,8.234664916992188,290200,0.0,0.0
2023-05-16 00:00:00-04:00,8.22838533792223,8.240947446427766,8.008542748358154,8.03366756439209,1156100,0.0,0.0
2023-05-17 00:00:00-04:00,8.090197276480835,8.19069652479369,8.02110419302144,8.171853065490723,455100,0.0,0.0
2023-05-18 00:00:00-04:00,8.178134538253882,8.269211758740134,8.1247442369265,8.234664916992188,394200,0.0,0.0
2023-05-19 00:00:00-04:00,8.291196588474211,8.31004004963027,8.190697330278121,8.259790420532227,445300,0.0,0.0
2023-05-22 00:00:00-04:00,8.272352745676281,8.291824580882443,8.203259658609761,8.222103118896484,325600,0.0,0.0
2023-05-23 00:00:00-04:00,8.196978698381072,8.332024801457976,8.196978698381072,8.32888412475586,664600,0.0,0.0
2023-05-24 00:00:00-04:00,8.284915044407526,8.310039858378312,8.146728867079613,8.240946769714355,550800,0.0,0.0
2023-05-25 00:00:00-04:00,8.228384042422396,8.262930284640708,8.140446900637263,8.171853065490723,342700,0.0,0.0
2023-05-26 00:00:00-04:00,8.190697141772784,8.253509476211155,8.190697141772784,8.240946769714355,229400,0.0,0.0
2023-05-30 00:00:00-04:00,8.27863479155775,8.303759607050159,8.171854175959291,8.247228622436523,245400,0.0,0.0
2023-05-31 00:00:00-04:00,8.253509212507458,8.272352672627786,8.190696880075972,8.266071319580078,346800,0.0,0.0
2023-06-01 00:00:00-04:00,8.247228327569292,8.347727585945734,8.20954080616671,8.32888412475586,325400,0.0,0.0
2023-06-02 00:00:00-04:00,8.360290671725492,8.43566511892454,8.328884502303506,8.366571426391602,420300,0.0,0.0
2023-06-05 00:00:00-04:00,8.341446360067263,8.48591449545918,8.291196730110816,8.460789680480957,633100,0.0,0.0
2023-06-06 00:00:00-04:00,8.492195274389903,8.555007008074293,8.479632568239346,8.498476028442383,306200,0.0,0.0
2023-06-07 00:00:00-04:00,8.523601469301237,8.655506898480102,8.498476654173018,8.636663436889648,510000,0.0,0.0
2023-06-08 00:00:00-04:00,8.605256508214767,8.686912299925423,8.592694401271553,8.655506134033203,429300,0.0,0.0
2023-06-09 00:00:00-04:00,8.66806957430562,8.705756497350661,8.61153859071522,8.693194389343262,459200,0.0,0.0
2023-06-12 00:00:00-04:00,8.6994744349413,8.89733224873805,8.6994744349413,8.818817138671875,564400,0.0,0.0
2023-06-13 00:00:00-04:00,8.856504893999976,8.881629705938046,8.812536023841277,8.850223541259766,514600,0.0,0.0
2023-06-14 00:00:00-04:00,8.843942188519557,8.900473165135907,8.818817376581487,8.850223541259766,389100,0.0,0.0
2023-06-15 00:00:00-04:00,8.850224420115554,8.909896079027597,8.822586704923225,8.894192695617676,525400,0.0,0.0
2023-06-16 00:00:00-04:00,8.925597930323782,8.94130071306929,8.831380035805202,8.837660789489746,879600,0.0,0.0
2023-06-20 00:00:00-04:00,8.82509849124263,8.875348113763161,8.793692327411609,8.818817138671875,379900,0.0,0.0
2023-06-21 00:00:00-04:00,8.825098277238181,8.90675406160962,8.749723845285178,8.856504440307617,381400,0.0,0.0
2023-06-22 00:00:00-04:00,8.88162996968915,8.88162996968915,8.804998781833024,8.825098991394043,427900,0.0,0.0
2023-06-23 00:00:00-04:00,8.799973772746991,8.862785502048409,8.702614603942244,8.718317985534668,631700,0.0,0.0
2023-06-26 00:00:00-04:00,8.737161542263856,8.919316577616472,8.731508564436384,8.837660789489746,448600,0.0,0.0
2023-06-27 00:00:00-04:00,8.862787222348775,9.044942291018556,8.837662405946835,8.988411903381348,589000,0.0,0.0
2023-06-28 00:00:00-04:00,9.013537363761326,9.044942937240387,8.963287727367328,9.000974655151367,597300,0.0,0.0
2023-06-29 00:00:00-04:00,9.013943082519317,9.039882463047462,8.944555564289425,9.00097370147705,460900,0.45,0.0
2023-06-30 00:00:00-04:00,9.02042619691942,9.072304947132627,8.981517443481257,8.988001823425293,525300,0.0,0.0
2023-07-03 00:00:00-04:00,9.00097370147705,9.013943082519317,8.942609940677821,9.00097370147705,275700,0.0,0.0
2023-07-05 00:00:00-04:00,8.929639830145778,8.975033587750772,8.884245454097218,8.923154830932617,462500,0.0,0.0
2023-07-06 00:00:00-04:00,8.845337867736816,8.874519749619154,8.65727719474156,8.845337867736816,476700,0.0,0.0
2023-07-07 00:00:00-04:00,8.845336309557826,9.000972573217913,8.845336309557826,8.94909381866455,513800,0.0,0.0
2023-07-10 00:00:00-04:00,8.981518586963933,9.026912344568927,8.910184832506296,8.923154830932617,312500,0.0,0.0
2023-07-11 00:00:00-04:00,8.994486808776855,9.052850557292997,8.980868683248886,8.994486808776855,429000,0.0,0.0
2023-07-12 00:00:00-04:00,9.065820693969727,9.111215067970386,9.059336313492665,9.065820693969727,381900,0.0,0.0
2023-07-13 00:00:00-04:00,9.065820854030713,9.143639605564756,9.049608974886523,9.124184608459473,550900,0.0,0.0
2023-07-14 00:00:00-04:00,9.176063915047623,9.176063915047623,9.093706401374158,9.156609535217285,282300,0.0,0.0
2023-07-17 00:00:00-04:00,9.182549084619849,9.292791603107133,9.137155324693412,9.208488464355469,449700,0.0,0.0
2023-07-18 00:00:00-04:00,9.240914474622494,9.357642013256553,9.235726350382247,9.305763244628906,493700,0.0,0.0
2023-07-19 00:00:00-04:00,9.29927594801435,9.422487838473947,9.29927594801435,9.331700325012207,654400,0.0,0.0
2023-07-20 00:00:00-04:00,9.364124303008566,9.37060930224882,9.240912409661583,9.25388240814209,505700,0.0,0.0
2023-07-21 00:00:00-04:00,9.292793097364799,9.32845998215277,9.237671829257796,9.24739933013916,327300,0.0,0.0
2023-07-24 00:00:00-04:00,9.260366770358416,9.435458038832554,9.240912391120256,9.370609283447266,364400,0.0,0.0
2023-07-25 00:00:00-04:00,9.370609082654795,9.461397214560085,9.325215325923926,9.331700325012207,548000,0.0,0.0
2023-07-26 00:00:00-04:00,9.318730310990043,9.448427200317383,9.318730310990043,9.448427200317383,409300,0.0,0.0
2023-07-27 00:00:00-04:00,9.467883793673783,9.52624693987746,9.318731881970194,9.338186264038086,646400,0.0,0.0
2023-07-28 00:00:00-04:00,9.370609426910457,9.461397562151106,9.364124427583931,9.435458183288574,427900,0.0,0.0
2023-07-31 00:00:00-04:00,9.46788303900174,9.493822419172554,9.244155498501202,9.266852378845215,606100,0.0,0.0
2023-08-01 00:00:00-04:00,9.299276033841414,9.299276033841414,9.176063523801083,9.182548522949219,488300,0.0,0.0
2023-08-02 00:00:00-04:00,9.11121788072301,9.16309665121639,9.039884107461818,9.091763496398926,399800,0.0,0.0
2023-08-03 00:00:00-04:00,9.111214637756348,9.357639019111613,9.05285088711385,9.111214637756348,339800,0.0,0.0
2023-08-04 00:00:00-04:00,9.182549335457356,9.484095019648437,9.169579954457062,9.454913139343262,793600,0.0,0.0
2023-08-07 00:00:00-04:00,9.48085346102277,9.519114097359656,9.357641546291553,9.46139907836914,520300,0.0,0.0
2023-08-08 00:00:00-04:00,9.40951958884967,9.40951958884967,9.25388330269988,9.383580207824707,427300,0.0,0.0
2023-08-09 00:00:00-04:00,9.390064225237762,9.500306744931166,9.37385234464198,9.396549224853516,459400,0.0,0.0
2023-08-10 00:00:00-04:00,9.422486679284388,9.519759798311057,9.403032302856445,9.403032302856445,534700,0.0,0.0
2023-08-11 00:00:00-04:00,9.403034054313771,9.42897343386379,9.318730916165313,9.344670295715332,302900,0.0,0.0
2023-08-14 00:00:00-04:00,9.305762215121911,9.500307266730998,9.260367833761972,9.441944122314453,655900,0.0,0.0
2023-08-15 00:00:00-04:00,9.403033459652653,9.487336592469662,9.328457825468067,9.331700325012207,414300,0.0,0.0
2023-08-16 00:00:00-04:00,9.312245327747362,9.385524085803002,9.312245327747362,9.331700325012207,324700,0.0,0.0
2023-08-17 00:00:00-04:00,9.338185746976421,9.344670746787859,9.176064462352223,9.189034461975098,435700,0.0,0.0
2023-08-18 00:00:00-04:00,9.17606365414618,9.331700543694433,9.124184897111284,9.25388240814209,385600,0.0,0.0
2023-08-21 00:00:00-04:00,9.312245732225048,9.312245732225048,9.247397593856205,9.299276351928711,241700,0.0,0.0
2023-08-22 00:00:00-04:00,9.292790269854725,9.299275268469115,9.085275261742295,9.111214637756348,501800,0.0,0.0
2023-08-23 00:00:00-04:00,9.13715476579939,9.270094156118365,9.117700386798544,9.182548522949219,457000,0.0,0.0
2023-08-24 00:00:00-04:00,9.176064099228277,9.2863066178856,9.176064099228277,9.202003479003906,265600,0.0,0.0
2023-08-25 00:00:00-04:00,9.214974945644977,9.299278097952374,9.189035561738368,9.24739933013916,520900,0.0,0.0
2023-08-28 00:00:00-04:00,9.247399097249255,9.344671629838363,9.208489713147404,9.325217247009277,275700,0.0,0.0
2023-08-29 00:00:00-04:00,9.364124083566512,9.403033459652653,9.315487827291502,9.331700325012207,422400,0.0,0.0
2023-08-30 00:00:00-04:00,9.344669918828716,9.428973053577083,9.331700538798579,9.364124298095703,257100,0.0,0.0
2023-08-31 00:00:00-04:00,9.357640280555486,9.415355291739335,9.33818528208971,9.351155281066895,428600,0.0,0.0
2023-09-01 00:00:00-04:00,9.377093906337228,9.428972661185945,9.344669529945893,9.390063285827637,472800,0.0,0.0
2023-09-05 00:00:00-04:00,9.409517355469601,9.441941728665682,9.247396107932675,9.26036548614502,496500,0.0,0.0
2023-09-06 00:00:00-04:00,9.273338729335242,9.325217497233991,9.208489960239955,9.240914344787598,388200,0.0,0.0
2023-09-07 00:00:00-04:00,9.234426674649917,9.305760423721916,9.221457295646339,9.28630542755127,507800,0.0,0.0
2023-09-08 00:00:00-04:00,9.30576116029474,9.377094296569405,9.286306162584186,9.364124298095703,190500,0.0,0.0
2023-09-11 00:00:00-04:00,9.37709576640782,9.409520149230957,9.331702001521624,9.409520149230957,290300,0.0,0.0
2023-09-12 00:00:00-04:00,9.403034603538263,9.422488984726195,9.370610222595957,9.377095222473145,367300,0.0,0.0
2023-09-13 00:00:00-04:00,9.403034378454862,9.467883138787167,9.390064379010955,9.454913139343262,349300,0.0,0.0
2023-09-14 00:00:00-04:00,9.500306428959647,9.679288330673899,9.487337048603091,9.623518943786621,721200,0.0,0.0
2023-09-15 00:00:00-04:00,9.617034310430768,9.720791831006764,9.604064929580572,9.714306831359863,566900,0.0,0.0
2023-09-18 00:00:00-04:00,9.727276566495146,9.869943462634614,9.714306567553564,9.811579704284668,789600,0.0,0.0
2023-09-19 00:00:00-04:00,9.831034463342206,9.869943843223727,9.766186321464486,9.792125701904297,537500,0.0,0.0
2023-09-20 00:00:00-04:00,9.882911691477858,9.882911691477858,9.759699808108635,9.76618480682373,719700,0.0,0.0
2023-09-21 00:00:00-04:00,9.727276660670253,9.733761660203829,9.649458521598122,9.66242790222168,540500,0.0,0.0
2023-09-22 00:00:00-04:00,9.675398070365667,9.746731211150763,9.675398070365667,9.714306831359863,477300,0.0,0.0
2023-09-25 00:00:00-04:00,9.662428014347356,9.771373657690013,9.649458633573298,9.740246772766113,429500,0.0,0.0
2023-09-26 00:00:00-04:00,9.727276488851663,9.811579625968275,9.578125212875525,9.610548973083496,649500,0.0,0.0
2023-09-27 00:00:00-04:00,9.733761842285944,9.779155602982934,9.56515556192054,9.60406494140625,889700,0.0,0.0
2023-09-28 00:00:00-04:00,9.610752912957935,9.771266379746551,9.604064692385787,9.72445011138916,598600,0.45,0.0
2023-09-29 00:00:00-04:00,9.757891326460221,9.791331794067519,9.697698612331859,9.73782730102539,472200,0.0,0.0
2023-10-02 00:00:00-04:00,9.798017466597924,9.798017466597924,9.396733847037122,9.443550109863281,732700,0.0,0.0
2023-10-03 00:00:00-04:00,9.430176388766485,9.503744909128613,9.28303871021834,9.369983673095703,625700,0.0,0.0
2023-10-04 00:00:00-04:00,9.343229788687548,9.410110076072717,9.169339893403315,9.289725303649902,1050900,0.0,0.0
2023-10-05 00:00:00-04:00,9.269660683897047,9.376670292263693,9.269660683897047,9.3499174118042,334900,0.0,0.0
2023-10-06 00:00:00-04:00,9.3298545861128,9.47364814790947,9.3298545861128,9.416799545288086,393600,0.0,0.0
2023-10-09 00:00:00-04:00,9.376669494745732,9.483678456187121,9.376669494745732,9.42348575592041,271800,0.0,0.0
2023-10-10 00:00:00-04:00,9.436862409902268,9.533839688611206,9.403422584798006,9.430174827575684,302300,0.0,0.0
2023-10-11 00:00:00-04:00,9.463614029440304,9.501067677121512,9.403421965522401,9.450238227844238,381500,0.0,0.0
2023-10-12 00:00:00-04:00,9.450238800055972,9.450238800055972,9.219500308683049,9.3499174118042,468900,0.0,0.0
2023-10-13 00:00:00-04:00,9.396733152706865,9.456925850649247,9.336540454764483,9.363292694091797,296600,0.0,0.0
2023-10-16 00:00:00-04:00,9.43017593747884,9.584001192099299,9.43017593747884,9.523808479309082,434900,0.0,0.0
2023-10-17 00:00:00-04:00,9.490367662420123,9.543872790123263,9.450239613922557,9.463615417480469,230800,0.0,0.0
2023-10-18 00:00:00-04:00,9.476989532005211,9.476989532005211,9.326507792527094,9.343228340148926,376900,0.0,0.0
2023-10-19 00:00:00-04:00,9.336543013683233,9.363295260342685,9.196093559265137,9.196093559265137,347900,0.0,0.0
2023-10-20 00:00:00-04:00,9.216156834687423,9.256285520322406,9.08841475566647,9.182716369628906,462200,0.0,0.0
2023-10-23 00:00:00-04:00,9.122524112885422,9.19542354708935,9.035579160626261,9.048954963684082,483800,0.0,0.0
2023-10-24 00:00:00-04:00,9.236220466908106,9.236220466908106,9.072362270168096,9.08239459991455,453400,0.0,0.0
2023-10-25 00:00:00-04:00,9.06233097037989,9.188735524230347,8.995450044823698,9.035578727722168,487200,0.0,0.0
2023-10-26 00:00:00-04:00,9.069020823542779,9.196093839592821,9.069020823542779,9.115837097167969,378000,0.0,0.0
2023-10-27 00:00:00-04:00,9.122525479844521,9.209470445131895,8.955323770712777,9.002140045166016,580700,0.0,0.0
2023-10-30 00:00:00-04:00,9.062332001632774,9.189405009261344,9.062332001632774,9.176029205322266,631800,0.0,0.0
2023-10-31 00:00:00-04:00,9.26966205890229,9.356607019821201,9.095772774888337,9.155964851379395,408700,0.0,0.0
2023-11-01 00:00:00-04:00,9.169340421799632,9.373326681400512,9.169340421799632,9.29641342163086,427800,0.0,0.0
2023-11-02 00:00:00-04:00,9.36329338187274,9.61743999306242,9.349916942314668,9.59068775177002,682300,0.0,0.0
2023-11-03 00:00:00-04:00,9.784643049129947,9.858211563668187,9.64419360295779,9.751202583312988,1149000,0.0,0.0
2023-11-06 00:00:00-05:00,9.75120296261137,9.777955208740767,9.5706254606939,9.664258003234863,637000,0.0,0.0
2023-11-07 00:00:00-05:00,9.684321676881508,9.684321676881508,9.570625113326104,9.60406494140625,678500,0.0,0.0
2023-11-08 00:00:00-05:00,9.717761409314205,9.798018138731896,9.56393617071958,9.630816459655762,571900,0.0,0.0
2023-11-09 00:00:00-05:00,9.637504373542331,9.741169232683605,9.594032219006884,9.650880813598633,651700,0.0,0.0
2023-11-10 00:00:00-05:00,9.711074657746545,9.81808363945882,9.677634191505499,9.784643173217773,559700,0.0,0.0
2023-11-13 00:00:00-05:00,9.76457714391432,9.808049294626066,9.711072664042765,9.791329383850098,418500,0.0,0.0
2023-11-14 00:00:00-05:00,9.884961954159424,10.02541137398073,9.844833912966887,9.998659133911133,1384200,0.0,0.0
2023-11-15 00:00:00-05:00,9.99865923547144,10.058851935695358,9.978595214671373,9.991971015930176,495900,0.0,0.0
2023-11-16 00:00:00-05:00,9.965220186326755,9.995985617877674,9.838147186172138,9.878275871276855,512900,0.0,0.0
2023-11-17 00:00:00-05:00,9.938468501048055,9.958533163640574,9.884964009782363,9.925092697143555,319000,0.0,0.0
2023-11-20 00:00:00-05:00,9.938468727034875,9.978597415308538,9.885633311783737,9.951845169067383,368200,0.0,0.0
2023-11-21 00:00:00-05:00,9.931781751642523,9.95853399952085,9.88496483948753,9.891653060913086,456000,0.0,0.0
2023-11-22 00:00:00-05:00,9.89165171148677,9.958532640970587,9.878275908284294,9.938467979431152,330800,0.0,0.0
2023-11-24 00:00:00-05:00,10.01872496277785,10.052165428356412,9.945156448764077,10.005349159240723,209400,0.0,0.0
2023-11-27 00:00:00-05:00,10.005350095041576,10.005350095041576,9.938469157629076,9.965221405029297,307700,0.0,0.0
2023-11-28 00:00:00-05:00,9.971908444173062,10.012037129428114,9.925092176228677,9.938467979431152,506100,0.0,0.0
2023-11-29 00:00:00-05:00,9.97190859177724,9.99866083640199,9.8247709274292,9.8247709274292,454000,0.0,0.0
2023-11-30 00:00:00-05:00,9.824770203026464,9.878275326154734,9.798017960374217,9.851522445678711,546700,0.0,0.0
2023-12-01 00:00:00-05:00,9.878276426742037,9.931780918007728,9.818083714612172,9.925092697143555,419500,0.0,0.0
2023-12-04 00:00:00-05:00,9.931780396741821,10.032101153143733,9.9197414722534,9.938467979431152,400400,0.0,0.0
2023-12-05 00:00:00-05:00,9.925092116063496,9.93713040265513,9.82477072244591,9.838147163391113,547900,0.0,0.0
2023-12-06 00:00:00-05:00,9.844835257985027,9.905027965821176,9.791330770535962,9.804706573486328,469000,0.0,0.0
2023-12-07 00:00:00-05:00,9.851522368901014,9.931779734056045,9.804706104080386,9.89833927154541,418700,0.0,0.0
2023-12-08 00:00:00-05:00,9.898338493647387,10.008691564783332,9.884962054564863,9.991971015930176,382200,0.0,0.0
2023-12-11 00:00:00-05:00,10.01872245190936,10.025410670913653,9.884961260941855,9.918401718139648,484600,0.0,0.0
2023-12-12 00:00:00-05:00,9.951845600241132,9.998661873735548,9.905029326746714,9.965221405029297,369600,0.0,0.0
2023-12-13 00:00:00-05:00,9.978596543274032,10.098981959750615,9.918403835035738,10.092293739318848,517300,0.0,0.0
2023-12-14 00:00:00-05:00,10.098983036143318,10.190609624788301,9.965221164546287,10.12573528289795,954200,0.0,0.0
2023-12-15 00:00:00-05:00,10.1391109452977,10.165863191677488,10.012037934449673,10.052165985107422,864700,0.0,0.0
2023-12-18 00:00:00-05:00,10.132423314485875,10.205992474683779,10.088951150770304,10.179240226745605,624900,0.0,0.0
2023-12-19 00:00:00-05:00,10.185926979396493,10.23274388783691,10.145798929674822,10.212679862976074,745600,0.0,0.0
2023-12-20 00:00:00-05:00,10.199303607406616,10.286248567156159,10.14579911491826,10.159174919128418,786100,0.0,0.0
2023-12-21 00:00:00-05:00,10.239431916261205,10.259495940744898,10.192615008700805,10.246119499206543,758400,0.0,0.0
2023-12-22 00:00:00-05:00,10.252807514533297,10.333064248683746,10.2394317110868,10.259495735168457,614600,0.0,0.0
2023-12-26 00:00:00-05:00,10.279559986309392,10.359816722232585,10.266184182567446,10.286248207092285,866300,0.0,0.0
2023-12-27 00:00:00-05:00,10.359815469676892,10.366503689651145,10.292935183405659,10.326375007629395,944800,0.0,0.0
2023-12-28 00:00:00-05:00,10.347043102505161,10.388375795002666,10.20237736482129,10.20926570892334,1193500,0.45,0.0
2023-12-29 00:00:00-05:00,10.161044154275736,10.181710500807041,10.030156416949051,10.092155456542969,1441500,0.0,0.0
2024-01-02 00:00:00-05:00,10.0508216471806,10.126598680693377,9.988821957501399,10.057710647583008,630300,0.0,0.0
2024-01-03 00:00:00-05:00,10.047378936335251,10.099045134612165,9.98262389775124,10.030157089233398,647600,0.0,0.0
2024-01-04 00:00:00-05:00,10.050822581254394,10.288487861455017,10.050822581254394,10.202377319335938,770500,0.0,0.0
2024-01-05 00:00:00-05:00,10.202377319335938,10.223043665492554,10.149332799673184,10.202377319335938,717200,0.0,0.0
2024-01-08 00:00:00-05:00,10.216154709996692,10.250599058392147,10.161044015352484,10.20926570892334,626200,0.0,0.0
2024-01-09 00:00:00-05:00,10.174822017499187,10.223043711070043,10.147266013205781,10.20926570892334,593100,0.0,0.0
2024-01-10 00:00:00-05:00,10.181709143574002,10.254042332248446,10.181709143574002,10.223042488098145,492000,0.0,0.0
2024-01-11 00:00:00-05:00,10.216153609112625,10.264375297487154,10.071487887017812,10.250597953796387,393100,0.0,0.0
2024-01-12 00:00:00-05:00,10.26437507605053,10.312597420355974,10.247153232565799,10.27126407623291,386400,0.0,0.0
2024-01-16 00:00:00-05:00,10.264376476703752,10.264376476703752,10.198932936954519,10.22993278503418,410000,0.0,0.0
2024-01-17 00:00:00-05:00,10.195488822144362,10.250599519266386,10.167933473583352,10.2437105178833,407500,0.0,0.0
2024-01-18 00:00:00-05:00,10.264375806624178,10.295375652680105,10.174821425764014,10.29193115234375,441200,0.0,0.0
2024-01-19 00:00:00-05:00,10.312597420355974,10.312597420355974,10.229931389081065,10.27126407623291,457700,0.0,0.0
2024-01-22 00:00:00-05:00,10.305708858626266,10.374597549438477,10.27884201956043,10.374597549438477,397900,0.0,0.0
2024-01-23 00:00:00-05:00,10.367708834682936,10.450374871753006,10.354619996207331,10.436596870422363,347500,0.0,0.0
2024-01-24 00:00:00-05:00,10.45726490020752,10.526152942717586,10.429709551809227,10.45726490020752,579200,0.0,0.0
2024-01-25 00:00:00-05:00,10.498596653711509,10.56059634629572,10.443485961852494,10.533041000366211,385800,0.0,0.0
2024-01-26 00:00:00-05:00,10.53992951100362,10.601929200704957,10.529596010396318,10.567484855651855,480800,0.0,0.0
2024-01-29 00:00:00-05:00,10.567486078881647,10.601930427921824,10.471042032963416,10.55370807647705,572400,0.0,0.0
2024-01-30 00:00:00-05:00,10.53304089783655,10.629484936136665,10.526151897178414,10.581262588500977,726200,0.0,0.0
2024-01-31 00:00:00-05:00,10.574373861705102,10.58815120555096,10.409041136756146,10.422819137573242,537700,0.0,0.0
2024-02-01 00:00:00-05:00,10.436596582803972,10.443485583279443,10.26437551274469,10.374597549438477,518400,0.0,0.0
2024-02-02 00:00:00-05:00,10.333266218241857,10.48137647248541,10.31948821460461,10.402154922485352,404500,0.0,0.0
2024-02-05 00:00:00-05:00,10.381486999089248,10.381486999089248,10.250599260965464,10.33326530456543,487600,0.0,0.0
2024-02-06 00:00:00-05:00,10.326375331757479,10.326375331757479,10.203754275228118,10.257487297058105,523700,0.0,0.0
2024-02-07 00:00:00-05:00,10.271264641209479,10.312597987606106,10.209264950100167,10.257487297058105,379900,0.0,0.0
2024-02-08 00:00:00-05:00,10.257487222480945,10.291930911094582,10.209264875873606,10.236820220947266,442300,0.0,0.0
2024-02-09 00:00:00-05:00,10.236820415233788,10.285042762756348,10.188598724682489,10.285042762756348,653400,0.0,0.0
2024-02-12 00:00:00-05:00,10.285044519454235,10.436598617635726,10.264377513998362,10.402154922485352,334100,0.0,0.0
2024-02-13 00:00:00-05:00,10.347043803087,10.39871000069277,10.263688592580985,10.298821449279785,376600,0.0,0.0
2024-02-14 00:00:00-05:00,10.347042489658236,10.443485871087685,10.333264488327591,10.436596870422363,391100,0.0,0.0
2024-02-15 00:00:00-05:00,10.491707285010197,10.61570666582958,10.464151940047138,10.595040321350098,604800,0.0,0.0
2024-02-16 00:00:00-05:00,10.546818511408489,10.622595544948322,10.50548516595052,10.567484855651855,368000,0.0,0.0
2024-02-20 00:00:00-05:00,10.477931034165714,10.588152425517226,10.477931034165714,10.55370807647705,283300,0.0,0.0
2024-02-21 00:00:00-05:00,10.553707345570524,10.567485347020913,10.502041154074107,10.533041000366211,390200,0.0,0.0
2024-02-22 00:00:00-05:00,10.553709215312074,10.60537607293329,10.526153864500738,10.60193157196045,283800,0.0,0.0
2024-02-23 00:00:00-05:00,10.58126278179347,10.691484823423332,10.58126278179347,10.629485130310059,359100,0.0,0.0
2024-02-26 00:00:00-05:00,10.567485586090843,10.650151625749533,10.560596585209797,10.588151931762695,407200,0.0,0.0
2024-02-27 00:00:00-05:00,10.636374214740211,10.732818261517572,10.560597171753848,10.725929260253906,544800,0.0,0.0
2024-02-28 00:00:00-05:00,10.746596100295205,10.746596100295205,10.643263053828703,10.691485404968262,454000,0.0,0.0
2024-02-29 00:00:00-05:00,10.588151184826328,10.782416922745453,10.285042394127135,10.347042083740234,1042600,0.0,0.0
2024-03-01 00:00:00-05:00,10.374598072685604,10.505485803464687,10.333264724719365,10.491707801818848,525700,0.0,0.0
2024-03-04 00:00:00-05:00,10.498596386338345,10.567485077893325,10.450374696432611,10.546818733215332,505800,0.0,0.0
2024-03-05 00:00:00-05:00,10.539930731043768,10.595041426719524,10.505486382003593,10.55370807647705,377600,0.0,0.0
2024-03-06 00:00:00-05:00,10.574374244814102,10.63637327982354,10.56059624349783,10.581262588500977,472500,0.0,0.0
2024-03-07 00:00:00-05:00,10.636373400172284,10.650151401644452,10.581262708226154,10.608818054199219,295200,0.0,0.0
2024-03-08 00:00:00-05:00,10.698372451707456,10.725927796029147,10.650150763387307,10.684595108032227,404600,0.0,0.0
2024-03-11 00:00:00-04:00,10.698373092854498,10.71904009506275,10.605374210802447,10.608818054199219,498100,0.0,0.0
2024-03-12 00:00:00-04:00,10.608818705006534,10.698373749155646,10.560597010838285,10.691485404968262,607600,0.0,0.0
2024-03-13 00:00:00-04:00,10.705261231339504,10.743150075364953,10.54681816899893,10.560595512390137,2314300,0.0,0.0
2024-03-14 00:00:00-04:00,10.64326313230813,10.64326313230813,10.305709956698774,10.33326530456543,2177700,0.0,0.0
2024-03-15 00:00:00-04:00,10.402153181038281,10.49859656246773,10.340153488992913,10.436596870422363,1614300,0.0,0.0
2024-03-18 00:00:00-04:00,10.484818975702888,10.505485320249791,10.360819594478976,10.381485939025879,1014600,0.0,0.0
2024-03-19 00:00:00-04:00,10.35393103878557,10.444863747063977,10.298820346312068,10.340153694152832,1021300,0.0,0.0
2024-03-20 00:00:00-04:00,10.374597817896822,10.381486161579295,10.302264624975146,10.360819816589355,746700,0.0,0.0
2024-03-21 00:00:00-04:00,10.402153033638747,10.498596413701584,10.395264033071044,10.477930068969727,511400,0.0,0.0
2024-03-22 00:00:00-04:00,10.512374758431648,10.52615210304611,10.464152409852838,10.484819412231445,505200,0.0,0.0
2024-03-25 00:00:00-04:00,10.50548516595052,10.622595544948322,10.50548516595052,10.567484855651855,773400,0.0,0.0
2024-03-26 00:00:00-04:00,10.588150856143768,10.612261699806792,10.560595512390137,10.560595512390137,716400,0.0,0.0
2024-03-27 00:00:00-04:00,10.631567464053187,10.681248147616715,10.496721441442075,10.6173734664917,991600,0.45,0.0
2024-03-28 00:00:00-04:00,10.645762630073413,10.723831312365116,10.617373956800126,10.63156795501709,686600,0.0,0.0
2024-04-01 00:00:00-04:00,10.652861689566514,10.652861689566514,10.581889656491452,10.645764350891113,658200,0.0,0.0
2024-04-02 00:00:00-04:00,10.63156795501709,10.674151303346703,10.581887945998675,10.63156795501709,624400,0.0,0.0
2024-04-03 00:00:00-04:00,10.6173734664917,10.66989281419966,10.586855458001407,10.6173734664917,405400,0.0,0.0
2024-04-04 00:00:00-04:00,10.638665803364566,10.652860479102452,10.518013766950101,10.532208442687988,583400,0.0,0.0
2024-04-05 00:00:00-04:00,10.567694455193312,10.581888454091805,10.518013766950101,10.532208442687988,792000,0.0,0.0
2024-04-08 00:00:00-04:00,10.560594959087714,10.59253229613163,10.53220629025304,10.581886291503906,338700,0.0,0.0
2024-04-09 00:00:00-04:00,10.63156712192617,10.691893132509673,10.588984453772701,10.674150466918945,682400,0.0,0.0
2024-04-10 00:00:00-04:00,10.603178792090883,10.681248147616715,10.57479012012858,10.6173734664917,388400,0.0,0.0
2024-04-11 00:00:00-04:00,10.610277129466281,10.702540491250785,10.585437123762645,10.695443153381348,406900,0.0,0.0
2024-04-12 00:00:00-04:00,10.674150193678317,10.730927534322408,10.54640083880947,10.560595512390137,397400,0.0,0.0
2024-04-15 00:00:00-04:00,10.645761367571561,10.723830040604945,10.57620936319409,10.603178024291992,767300,0.0,0.0
2024-04-16 00:00:00-04:00,10.581887457328987,10.649310807054208,10.546401448166275,10.6173734664917,473400,0.0,0.0
2024-04-17 00:00:00-04:00,10.645762310703056,10.76996300636246,10.642213642045434,10.738025665283203,564300,0.0,0.0
2024-04-18 00:00:00-04:00,10.780609152565544,10.844483839565163,10.730929141272238,10.830289840698242,442800,0.0,0.0
2024-04-19 00:00:00-04:00,10.865775598328714,10.9012609330836,10.844483585268533,10.879969596862793,352700,0.0,0.0
2024-04-22 00:00:00-04:00,10.894163491664292,11.01481551633638,10.872871480129694,11.00062084197998,444900,0.0,0.0
2024-04-23 00:00:00-04:00,10.986424171228515,11.021910173831857,10.950938845464377,11.007716178894043,503100,0.0,0.0
2024-04-24 00:00:00-04:00,11.014815914172875,11.07159325997052,10.993523901869244,11.021912574768066,539300,0.0,0.0
2024-04-25 00:00:00-04:00,11.000621028051086,11.02900970040474,10.943843683343776,10.98642635345459,366900,0.0,0.0
2024-04-26 00:00:00-04:00,11.050301508589444,11.156759542103257,11.01481617425754,11.135467529296875,743100,0.0,0.0
2024-04-29 00:00:00-04:00,11.149663084936751,11.213537774721045,11.149663084936751,11.192246437072754,436400,0.0,0.0
2024-04-30 00:00:00-04:00,11.19224616223873,11.199342823387616,11.011268104573757,11.029010772705078,397600,0.0,0.0
2024-05-01 00:00:00-04:00,11.007718902793805,11.135467596202828,11.007718902793805,11.099982261657715,636200,0.0,0.0
2024-05-02 00:00:00-04:00,11.11417675150037,11.11417675150037,10.901261350619182,10.950942039489746,563500,0.0,0.0
2024-05-03 00:00:00-04:00,11.064496133651508,11.07869013195207,10.958038100620142,11.057398796081543,368000,0.0,0.0
2024-05-06 00:00:00-04:00,11.092884857362844,11.163856202866018,11.078690182158587,11.135467529296875,462600,0.0,0.0
2024-05-07 00:00:00-04:00,11.163856202866018,11.1851482156724,11.085787519760716,11.135467529296875,768200,0.0,0.0
2024-05-08 00:00:00-04:00,11.007719181145383,11.121273878975686,10.865775808857505,11.078690528869629,533700,0.0,0.0
2024-05-09 00:00:00-04:00,11.071594632964706,11.227732014851235,11.050302618020641,11.092885971069336,516900,0.0,0.0
2024-05-10 00:00:00-04:00,11.128371240138305,11.309349293999668,11.12127390229918,11.291605949401855,521500,0.0,0.0
2024-05-13 00:00:00-04:00,11.29870380215363,11.31289780163935,11.156760423099321,11.192246437072754,948000,0.0,0.0
2024-05-14 00:00:00-04:00,11.277411949114034,11.277411949114034,11.121273900870282,11.128371238708496,1024800,0.0,0.0
2024-05-15 00:00:00-04:00,11.178050945232082,11.192245620521625,11.078690248723401,11.099982261657715,1299600,0.0,0.0
2024-05-16 00:00:00-04:00,11.17095168539981,11.25611769196442,10.943842334560848,10.965133666992188,1483700,0.0,0.0
2024-05-17 00:00:00-04:00,11.021913367356834,11.050302042297094,10.894164668545365,10.901261329650879,855300,0.0,0.0
2024-05-20 00:00:00-04:00,10.936747555140842,10.943844893223725,10.75931816410523,10.773512840270996,1201400,0.0,0.0
2024-05-21 00:00:00-04:00,10.766414483446628,10.840934495747423,10.7167344752461,10.80899715423584,914500,0.0,0.0
2024-05-22 00:00:00-04:00,10.801901072841005,10.858678421497144,10.767124388396626,10.837387084960938,443100,0.0,0.0
2024-05-23 00:00:00-04:00,10.787706839597352,10.801901515763118,10.730929488613109,10.773512840270996,597700,0.0,0.0
2024-05-24 00:00:00-04:00,10.780609130859375,10.837387156730909,10.745123795343828,10.780609130859375,499600,0.0,0.0
2024-05-28 00:00:00-04:00,10.75931816410523,10.823192853172356,10.738026826695991,10.773512840270996,490000,0.0,0.0
2024-05-29 00:00:00-04:00,10.695443661564516,10.780609689526159,10.610277633602873,10.759318351745605,750900,0.0,0.0
2024-05-30 00:00:00-04:00,10.801901072841005,10.865775759289008,10.766415060721071,10.837387084960938,540600,0.0,0.0
2024-05-31 00:00:00-04:00,10.844482846150608,10.926100870306453,10.826740179982437,10.915454864501953,624800,0.0,0.0
2024-06-03 00:00:00-04:00,10.908357620239258,10.908357620239258,10.812545597700414,10.908357620239258,805700,0.0,0.0
2024-06-04 00:00:00-04:00,10.858677957300472,10.862226626044702,10.794803273583042,10.851580619812012,495800,0.0,0.0
2024-06-05 00:00:00-04:00,10.858678515271473,10.858678515271473,10.72738047234566,10.830289840698242,721300,0.0,0.0
2024-06-06 00:00:00-04:00,10.801901072841005,10.844483745913417,10.787706397257278,10.837387084960938,436800,0.0,0.0
2024-06-07 00:00:00-04:00,10.787707926194777,10.872164633473446,10.787707926194777,10.84448528289795,437700,0.0,0.0
2024-06-10 00:00:00-04:00,10.816096604546363,10.879971300047302,10.80190260379031,10.84448528289795,454100,0.0,0.0
2024-06-11 00:00:00-04:00,10.82319394334413,10.858679960493482,10.801192599174742,10.84448528289795,374900,0.0,0.0
2024-06-12 00:00:00-04:00,10.894163967903417,10.979329987246873,10.826740615441757,10.851580619812012,581400,0.0,0.0
2024-06-13 00:00:00-04:00,10.87287134316927,10.914744684418134,10.762865325650177,10.79480266571045,555300,0.0,0.0
2024-06-14 00:00:00-04:00,10.766415153698624,10.830289840698242,10.738026479125393,10.830289840698242,669300,0.0,0.0
2024-06-17 00:00:00-04:00,10.837386973059157,10.972233005515285,10.819643628762707,10.958038330078125,541400,0.0,0.0
2024-06-18 00:00:00-04:00,10.965135228970421,11.07159325997052,10.965135228970421,11.021912574768066,443100,0.0,0.0
2024-06-20 00:00:00-04:00,11.050301854412053,11.13546787778478,11.029010517778717,11.078690528869629,648800,0.0,0.0
2024-06-21 00:00:00-04:00,11.099983309384024,11.099983309384024,11.04888328572559,11.092885971069336,666900,0.0,0.0
2024-06-24 00:00:00-04:00,11.135469734505204,11.220636448917958,11.124824402833235,11.163858413696289,628800,0.0,0.0
2024-06-25 00:00:00-04:00,11.206439618971796,11.220634294261338,11.085787586368172,11.099982261657715,643300,0.0,0.0
2024-06-26 00:00:00-04:00,11.107079225193855,11.149662575383747,11.064496551843352,11.128371238708496,390500,0.0,0.0
2024-06-27 00:00:00-04:00,11.156760195204173,11.213537545666126,11.09998284474222,11.10707950592041,907100,0.0,0.0
2024-06-28 00:00:00-04:00,11.18745845932647,11.18745845932647,10.968239675547995,10.982853889465332,1003800,0.45,0.0
2024-07-01 00:00:00-04:00,11.026698591006317,11.085156843961263,10.986508280770787,11.077849388122559,779200,0.0,0.0
2024-07-02 00:00:00-04:00,11.085157751945038,11.28976165404643,11.063236079510668,11.275147438049316,703700,0.0,0.0
2024-07-03 00:00:00-04:00,11.25322495832353,11.33360558458988,11.25322495832353,11.289761543273926,300500,0.0,0.0
2024-07-05 00:00:00-04:00,11.289761543273926,11.309491536085455,11.25322495832353,11.289761543273926,324700,0.0,0.0
2024-07-08 00:00:00-04:00,11.355527508782332,11.399371551071162,11.31899092302121,11.392064094543457,454100,0.0,0.0
2024-07-09 00:00:00-04:00,11.384754651963707,11.39206210721664,11.297067279560377,11.333603858947754,459800,0.0,0.0
2024-07-10 00:00:00-04:00,11.318989428272781,11.413984259956035,11.311681972710073,11.38475513458252,409500,0.0,0.0
2024-07-11 00:00:00-04:00,11.377449000288905,11.428600498290795,11.340913111987067,11.348219871520996,413000,0.0,0.0
2024-07-12 00:00:00-04:00,11.392062512195187,11.42859909288141,11.311681895310036,11.32629680633545,446800,0.0,0.0
2024-07-15 00:00:00-04:00,11.370142240754976,11.370142240754976,11.32264447095875,11.348219871520996,458400,0.0,0.0
2024-07-16 00:00:00-04:00,11.392063249076571,11.399370705061951,11.242263885763057,11.25322437286377,717300,0.0,0.0
2024-07-17 00:00:00-04:00,11.253224445957972,11.267839358023664,11.121693721753566,11.209381103515625,733100,0.0,0.0
2024-07-18 00:00:00-04:00,11.238610490255164,11.238610490255164,11.034006594752977,11.08515739440918,658000,0.0,0.0
2024-07-19 00:00:00-04:00,11.121693388382397,11.165536729510547,11.048620223999023,11.048620223999023,343400,0.0,0.0
2024-07-22 00:00:00-04:00,11.070542699171014,11.18015245371252,11.063235939703496,11.158230781555176,341400,0.0,0.0
2024-07-23 00:00:00-04:00,11.165537321994265,11.165537321994265,11.077849938207613,11.08515739440918,370000,0.0,0.0
2024-07-24 00:00:00-04:00,11.143615428767426,11.143615428767426,10.997469792027916,11.012084007263184,557500,0.0,0.0
2024-07-25 00:00:00-04:00,11.041313245060321,11.074196100765317,10.924396734499165,10.997469902038574,729800,0.0,0.0
2024-07-26 00:00:00-04:00,11.180151641138158,11.180151641138158,10.990161971243262,11.048620223999023,625400,0.0,0.0
2024-07-29 00:00:00-04:00,11.063236055199601,11.085157727585798,10.96824121235621,11.019392013549805,596000,0.0,0.0
2024-07-30 00:00:00-04:00,11.055929522632082,11.06689070817982,10.902476409351074,10.990163803100586,1043100,0.0,0.0
2024-07-31 00:00:00-04:00,11.03400630134113,11.08515709963715,10.939011463878977,10.953625679016113,852600,0.0,0.0
2024-08-01 00:00:00-04:00,10.953626969892008,10.990163557356698,10.84401790437538,10.887861251831055,1087800,0.0,0.0
2024-08-02 00:00:00-04:00,10.822096926916803,10.822096926916803,10.639414674717433,10.65402889251709,1248100,0.0,0.0
2024-08-05 00:00:00-04:00,10.37634937226831,10.442115079265017,10.230203743874146,10.317891120910645,1077800,0.0,0.0
2024-08-06 00:00:00-04:00,10.522494975907609,10.5699927405723,10.442115054699249,10.515188217163086,886900,0.0,0.0
2024-08-07 00:00:00-04:00,10.566339750425943,10.639412917991212,10.412886656040772,10.442115783691406,785500,0.0,0.0
2024-08-08 00:00:00-04:00,10.471344180309318,10.529802431529458,10.445768782510173,10.515188217163086,672300,0.0,0.0
2024-08-09 00:00:00-04:00,10.120595123020449,10.19366759185627,9.901376322758274,10.010985374450684,2234500,0.0,0.0
2024-08-12 00:00:00-04:00,10.040214611633635,10.076751194891509,9.828303264990796,9.996371269226074,1034000,0.0,0.0
2024-08-13 00:00:00-04:00,10.003678802269611,10.018293715454329,9.92329887038591,9.95252799987793,933200,0.0,0.0
2024-08-14 00:00:00-04:00,9.996371598378378,10.032907485961914,9.901376757530937,10.032907485961914,596200,0.0,0.0
2024-08-15 00:00:00-04:00,10.069443484313634,10.19366744612367,10.032906901979388,10.12059497833252,828600,0.0,0.0
2024-08-16 00:00:00-04:00,10.12059538185389,10.179053637168556,10.084058798062882,10.113287925720215,762800,0.0,0.0
2024-08-19 00:00:00-04:00,10.16443872413828,10.244819347847942,10.127902140350015,10.21558952331543,828100,0.0,0.0
2024-08-20 00:00:00-04:00,10.215589486742388,10.237511855063287,10.149824472411805,10.186360359191895,559400,0.0,0.0
2024-08-21 00:00:00-04:00,10.230206982477739,10.310586929321289,10.200977847545762,10.310586929321289,446200,0.0,0.0
2024-08-22 00:00:00-04:00,10.354427702228516,10.366119213124586,10.266740325192018,10.317891120910645,607700,0.0,0.0
2024-08-23 00:00:00-04:00,10.325198761959145,10.405578684799986,10.288662179985186,10.361735343933105,584100,0.0,0.0
2024-08-26 00:00:00-04:00,10.39827259160718,10.485960678586162,10.343468059903387,10.354429244995117,508300,0.0,0.0
2024-08-27 00:00:00-04:00,10.390964837701288,10.409232780895799,10.288662543930881,10.325199127197266,478400,0.0,0.0
2024-08-28 00:00:00-04:00,10.310585911493042,10.350776229386131,10.237513429815357,10.252127647399902,682200,0.0,0.0
2024-08-29 00:00:00-04:00,10.303277271869302,10.33981315760543,10.266740689255824,10.281354904174805,426500,0.0,0.0
2024-08-30 00:00:00-04:00,10.310584215139766,10.369042469615039,10.288662543930881,10.325199127197266,547900,0.0,0.0
2024-09-03 00:00:00-04:00,10.317892547429155,10.40557993658903,10.31058509077981,10.369043350219727,522700,0.0,0.0
2024-09-04 00:00:00-04:00,10.369042910850219,10.44211608049248,10.339813782368791,10.347121238708496,396900,0.0,0.0
2024-09-05 00:00:00-04:00,10.376350849589508,10.398272522750375,10.281356003389186,10.295970916748047,380100,0.0,0.0
2024-09-06 00:00:00-04:00,10.295969737284091,10.30327719312641,10.105980066647883,10.12059497833252,610200,0.0,0.0
2024-09-09 00:00:00-04:00,10.17905312125965,10.244818829374761,10.120594868907848,10.135209083557129,508100,0.0,0.0
2024-09-10 00:00:00-04:00,10.149824509511223,10.149824509511223,10.05482967040555,10.113287925720215,419500,0.0,0.0
2024-09-11 00:00:00-04:00,10.09136585184059,10.127901737297492,10.018292687172096,10.12059497833252,324500,0.0,0.0
2024-09-12 00:00:00-04:00,10.113288681026832,10.354429176428642,10.113288681026832,10.295970916748047,554300,0.0,0.0
2024-09-13 00:00:00-04:00,10.339813888321698,10.434808731079102,10.332507128784513,10.434808731079102,451000,0.0,0.0
2024-09-16 00:00:00-04:00,10.449422510321098,10.533456159340382,10.449422510321098,10.515188217163086,369500,0.0,0.0
2024-09-17 00:00:00-04:00,10.58095351903189,10.58095351903189,10.412886216356732,10.420193672180176,508200,0.0,0.0
2024-09-18 00:00:00-04:00,10.420193709781802,10.4932661776479,10.38365712741008,10.449422836303711,543900,0.0,0.0
2024-09-19 00:00:00-04:00,10.580954593246075,10.580954593246075,10.478652988841224,10.507882118225098,504100,0.0,0.0
2024-09-20 00:00:00-04:00,10.485960006713867,10.515189134874905,10.456730878552829,10.485960006713867,760700,0.0,0.0
2024-09-23 00:00:00-04:00,10.515188548393445,10.602875927985822,10.50788109254141,10.551724433898926,567500,0.0,0.0
2024-09-24 00:00:00-04:00,10.580954593246075,10.624798635760593,10.493267205094453,10.507882118225098,537400,0.0,0.0
2024-09-25 00:00:00-04:00,10.529803650228317,10.533457378462115,10.376350548795758,10.390965461730957,508600,0.0,0.0
2024-09-26 00:00:00-04:00,10.42019374717366,10.515188582930076,10.412886291297623,10.478652000427246,552100,0.0,0.0
2024-09-27 00:00:00-04:00,10.48595953093272,10.588261126415913,10.459653107718175,10.537110328674316,863300,0.0,0.0
2024-09-30 00:00:00-04:00,10.559739447309703,10.597452946343699,10.363629827793055,10.378715515136719,812100,0.45,0.0
2024-10-01 00:00:00-04:00,10.408884610364286,10.408884610364286,10.190147211942739,10.242945671081543,983300,0.0,0.0
2024-10-02 00:00:00-04:00,10.182604437095142,10.341000534889625,10.182604437095142,10.31837272644043,522800,0.0,0.0
2024-10-03 00:00:00-04:00,10.280659254735873,10.3410005569458,10.25048860363091,10.3410005569458,907100,0.0,0.0
2024-10-04 00:00:00-04:00,10.341001277655375,10.359857666163261,10.25048931803231,10.348544120788574,661600,0.0,0.0
2024-10-07 00:00:00-04:00,10.303287485021922,10.33345813736199,10.258031866174367,10.280659675598145,441200,0.0,0.0
2024-10-08 00:00:00-04:00,10.280659654470048,10.288202497370836,10.220318349913923,10.258031845092773,508200,0.0,0.0
2024-10-09 00:00:00-04:00,10.22786119281471,10.258031845092773,10.220318349913923,10.258031845092773,423900,0.0,0.0
2024-10-10 00:00:00-04:00,10.24294756039728,10.24294756039728,10.182606247587222,10.220319747924805,674800,0.0,0.0
2024-10-11 00:00:00-04:00,10.220319027482882,10.235403994959446,10.159977718926353,10.212776184082031,484100,0.0,0.0
2024-10-14 00:00:00-04:00,10.242946562725486,10.273117216191867,10.09209329539358,10.167519569396973,791300,0.0,0.0
2024-10-15 00:00:00-04:00,10.205232875248418,10.310830520068894,10.167519379289311,10.227861404418945,542900,0.0,0.0
2024-10-16 00:00:00-04:00,10.280659068363699,10.393798828125,10.280659068363699,10.393798828125,504000,0.0,0.0
2024-10-17 00:00:00-04:00,10.408884701763233,10.408884701763233,10.280659254735873,10.3410005569458,595100,0.0,0.0
2024-10-18 00:00:00-04:00,10.333458179555976,10.386257360860505,10.29725382819512,10.325915336608887,568000,0.0,0.0
2024-10-21 00:00:00-04:00,10.348544141174882,10.378714794442004,10.246717916651422,10.371171951293945,518000,0.0,0.0
2024-10-22 00:00:00-04:00,10.333458523124628,10.35156105906948,10.159977445524218,10.167519569396973,765700,0.0,0.0
2024-10-23 00:00:00-04:00,10.152433627691046,10.16525631603143,10.09209232655106,10.144890785217285,390800,0.0,0.0
2024-10-24 00:00:00-04:00,10.144890785217285,10.190147120734801,10.09586374778794,10.144890785217285,663800,0.0,0.0
2024-10-25 00:00:00-04:00,10.22031875245698,10.25048940592336,10.129806792057837,10.167519569396973,619200,0.0,0.0
2024-10-28 00:00:00-04:00,10.19014679622596,10.341000044271954,10.175061111758847,10.3032865524292,753500,0.0,0.0
2024-10-29 00:00:00-04:00,10.295745500084559,10.30328834362942,10.152435069357972,10.159977912902832,479800,0.0,0.0
2024-10-30 00:00:00-04:00,10.175064086914062,10.25049109265418,10.15997911736118,10.175064086914062,412200,0.0,0.0
2024-10-31 00:00:00-04:00,10.144891185877242,10.1901475231821,10.031751421602712,10.061922073364258,570900,0.0,0.0
2024-11-01 00:00:00-04:00,10.077006950777468,10.077006950777468,9.907297305861265,9.9638671875,774700,0.0,0.0
2024-11-04 00:00:00-05:00,9.963868197591237,9.971411041061081,9.73004508530213,9.737587928771973,988500,0.0,0.0
2024-11-05 00:00:00-05:00,9.730042174153857,9.737585015366943,9.620673853863815,9.692329406738281,787100,0.0,0.0
2024-11-06 00:00:00-05:00,9.828097675891222,9.933695302678016,9.62444598341131,9.918609619140625,899700,0.0,0.0
2024-11-07 00:00:00-05:00,9.911069382391503,9.990267078056132,9.820557421921162,9.895983695983887,901600,0.0,0.0
2024-11-08 00:00:00-05:00,9.941240920112744,9.956325888536984,9.647076482925618,9.797929763793945,1100000,0.0,0.0
2024-11-11 00:00:00-05:00,9.843186089384185,9.926155213875939,9.726274886844624,9.775301933288574,1395100,0.0,0.0
2024-11-12 00:00:00-05:00,9.730046170690422,9.73758901500167,9.571650036780335,9.586735725402832,1087200,0.0,0.0
2024-11-13 00:00:00-05:00,9.616905503651443,9.760215935830239,9.564107036952702,9.684789657592773,1115700,0.0,0.0
2024-11-14 00:00:00-05:00,9.684789129601173,9.797928900451838,9.594277169055616,9.6244478225708,858400,0.0,0.0
2024-11-15 00:00:00-05:00,9.654618242496898,9.669703209226958,9.556563441113656,9.631990432739258,725500,0.0,0.0
2024-11-18 00:00:00-05:00,9.579191482635462,9.631990665780878,9.556563672330354,9.6244478225708,957400,0.0,0.0
2024-11-19 00:00:00-05:00,9.579188946516767,9.711185790446068,9.579188946516767,9.692329406738281,713100,0.0,0.0
2024-11-20 00:00:00-05:00,9.684788957428514,9.722502453483319,9.600310697492747,9.699873924255371,697800,0.0,0.0
2024-11-21 00:00:00-05:00,9.699873369846305,9.722501897780889,9.602573145432817,9.616904258728027,833800,0.0,0.0
2024-11-22 00:00:00-05:00,9.624447189995704,9.718730565949443,9.601818661852754,9.714959144592285,789000,0.0,0.0
2024-11-25 00:00:00-05:00,9.767758508811715,9.948782434756106,9.767758508811715,9.941240310668945,1150500,0.0,0.0
2024-11-26 00:00:00-05:00,9.933696446722124,9.941239289359514,9.824327386455163,9.865812301635742,616400,0.0,0.0
2024-11-27 00:00:00-05:00,9.918611465553393,9.918611465553393,9.805471695261195,9.850728034973145,1241600,0.0,0.0
2024-11-29 00:00:00-05:00,9.835643785317263,9.918612914362479,9.835643785317263,9.858271598815918,298400,0.0,0.0
2024-12-02 00:00:00-05:00,9.858270351181131,9.858270351181131,9.790386199951172,9.790386199951172,712000,0.0,0.0
2024-12-03 00:00:00-05:00,9.782844993426647,9.819049349972904,9.662162366288724,9.745131492614746,835500,0.0,0.0
2024-12-04 00:00:00-05:00,9.737586764823602,9.782843100907956,9.609361318463836,9.767757415771484,1704700,0.0,0.0
2024-12-05 00:00:00-05:00,9.805470999186753,9.903525795497629,9.797928156549363,9.865812301635742,1046000,0.0,0.0
2024-12-06 00:00:00-05:00,9.880899391107853,9.932943286321764,9.745131081640745,9.828100204467773,1350800,0.0,0.0
2024-12-09 00:00:00-05:00,9.843186089384185,9.918612370015275,9.775301933288574,9.775301933288574,884500,0.0,0.0
2024-12-10 00:00:00-05:00,9.767757648350866,9.813013985512814,9.69987350227048,9.760214805603027,785800,0.0,0.0
2024-12-11 00:00:00-05:00,9.767757604942355,9.767757604942355,9.673474228988615,9.714959144592285,1230700,0.0,0.0
2024-12-12 00:00:00-05:00,9.714958632333603,9.775299932216264,9.624446682509616,9.677245140075684,1589600,0.0,0.0
2024-12-13 00:00:00-05:00,9.677246832879177,9.707417488098145,9.616905522441245,9.707417488098145,623400,0.0,0.0
2024-12-16 00:00:00-05:00,9.71495950447254,9.71495950447254,9.579191207885742,9.579191207885742,1392300,0.0,0.0
2024-12-17 00:00:00-05:00,9.58673434591945,9.669703463428661,9.55656369234109,9.647075653076172,1257100,0.0,0.0
2024-12-18 00:00:00-05:00,9.647073877445454,9.782842153221267,9.541476249694824,9.541476249694824,1388600,0.0,0.0
2024-12-19 00:00:00-05:00,9.677244625812852,9.726272378940255,9.5867326807988,9.639531135559082,1035200,0.0,0.0
2024-12-20 00:00:00-05:00,9.616902433257271,9.7225000522657,9.586731787729853,9.692329406738281,1386800,0.0,0.0
2024-12-23 00:00:00-05:00,9.654617752627269,9.684788403881647,9.586733607473649,9.616904258728027,1054000,0.0,0.0
2024-12-24 00:00:00-05:00,9.616905503651443,9.692332501214068,9.605591238219503,9.684789657592773,501800,0.0,0.0
2024-12-26 00:00:00-05:00,9.662161319296063,9.69233197281125,9.6244478225708,9.6244478225708,1286600,0.0,0.0
2024-12-27 00:00:00-05:00,9.631990685949551,9.677246306654533,9.61690499949781,9.647075653076172,1018000,0.0,0.0
2024-12-30 00:00:00-05:00,9.616903979271974,9.62444682169765,9.526392028139009,9.571647644042969,1752900,0.0,0.0
2024-12-31 00:00:00-05:00,9.602929651987088,9.602929651987088,9.282310777586567,9.462170600891113,4050000,0.45,0.0
2025-01-02 00:00:00-05:00,9.501269035209393,9.595109388608956,9.462169758025636,9.532548904418945,1169500,0.0,0.0
2025-01-03 00:00:00-05:00,9.579469032258014,9.59510933966847,9.509089140452774,9.548189163208008,805500,0.0,0.0
2025-01-06 00:00:00-05:00,9.602929080310902,9.642029104420818,9.477809599775922,9.509089469909668,1109200,0.0,0.0
2025-01-07 00:00:00-05:00,9.54818877523537,9.57164848962691,9.348779338480117,9.391789436340332,981700,0.0,0.0
2025-01-08 00:00:00-05:00,9.383969006705694,9.383969006705694,9.227569672414768,9.305768966674805,1354600,0.0,0.0
2025-01-10 00:00:00-05:00,9.227570545185621,9.3644202552979,9.165010805552166,9.329230308532715,1113700,0.0,0.0
2025-01-13 00:00:00-05:00,9.329230333055651,9.337049741202195,9.208020184647662,9.321410179138184,1143900,0.0,0.0
2025-01-14 00:00:00-05:00,9.383969989374688,9.540369340043412,9.376149835398518,9.509089469909668,912900,0.0,0.0
2025-01-15 00:00:00-05:00,9.60292911529541,9.657669447557087,9.509089504552307,9.60292911529541,840800,0.0,0.0
2025-01-16 00:00:00-05:00,9.602928205157578,9.704587960270322,9.57946849113798,9.696767807006836,626400,0.0,0.0
2025-01-17 00:00:00-05:00,9.696768021533783,9.72257393125752,9.556008988531241,9.587288856506348,1092800,0.0,0.0
2025-01-21 00:00:00-05:00,9.610748939419702,9.66548852403156,9.548189201071608,9.64202880859375,870600,0.0,0.0
2025-01-22 00:00:00-05:00,9.618568118310144,9.688948003261448,9.610747965366482,9.649847984313965,595400,0.0,0.0
2025-01-23 00:00:00-05:00,9.634206837252943,9.864896108553435,9.634206837252943,9.837526321411133,906900,0.0,0.0
2025-01-24 00:00:00-05:00,9.837527274315597,9.962646739526155,9.837527274315597,9.947007179260254,787600,0.0,0.0
2025-01-27 00:00:00-05:00,10.009567236864438,10.134686706137478,9.962647063001615,10.017387390136719,1215600,0.0,0.0
2025-01-28 00:00:00-05:00,9.993927346195251,10.142507281467962,9.993927346195251,10.056487083435059,961200,0.0,0.0
2025-01-29 00:00:00-05:00,10.056488000080172,10.086986303582751,9.821889336932767,9.86098861694336,657900,0.0,0.0
2025-01-30 00:00:00-05:00,9.939187026241886,9.986107198581264,9.857076911090681,9.947007179260254,734800,0.0,0.0
2025-01-31 00:00:00-05:00,9.954827578091596,10.048667932117635,9.927457785571882,10.040847778320312,847000,0.0,0.0
2025-02-03 00:00:00-05:00,9.97046788568624,10.193337048513527,9.950135933275751,10.040847778320312,1975100,0.0,0.0
2025-02-04 00:00:00-05:00,10.072128320823822,10.115138423812395,9.974378629137766,10.064308166503906,702000,0.0,0.0
2025-02-05 00:00:00-05:00,10.07212678402405,10.126866364369397,10.009567050551981,10.119046211242676,619900,0.0,0.0
2025-02-06 00:00:00-05:00,10.11904775520139,10.150327626710089,10.048668603635038,10.064308166503906,798600,0.0,0.0
2025-02-07 00:00:00-05:00,10.064307418088823,10.072127571827206,9.825797949464487,9.853168487548828,947600,0.0,0.0
2025-02-10 00:00:00-05:00,9.860987058024595,9.931366944150879,9.79842732497253,9.92354679107666,555600,0.0,0.0
2025-02-11 00:00:00-05:00,9.892266600553835,10.025206215378075,9.876627040688478,9.962646484375,606400,0.0,0.0
2025-02-12 00:00:00-05:00,9.931367862470543,10.064307493941365,9.931367862470543,10.040847778320312,440200,0.0,0.0
2025-02-13 00:00:00-05:00,10.087766903573463,10.112791245811655,10.03693739697449,10.072127342224121,477100,0.0,0.0
2025-02-14 00:00:00-05:00,10.126868197690012,10.173788379173697,10.103408479833663,10.142508506774902,518600,0.0,0.0
2025-02-18 00:00:00-05:00,10.205067717162773,10.353646916833645,10.193337485963385,10.2832670211792,846400,0.0,0.0
2025-02-19 00:00:00-05:00,10.447485529842169,10.513955342072492,10.298906344382496,10.400566101074219,793700,0.0,0.0
2025-02-20 00:00:00-05:00,10.400567020969365,10.416206583351657,10.248076999559114,10.306727409362793,872900,0.0,0.0
2025-02-21 00:00:00-05:00,10.314547513547646,10.420117363391496,10.306728104714427,10.322367668151855,570500,0.0,0.0
2025-02-24 00:00:00-05:00,10.369285254901667,10.37710540754874,10.259805355155073,10.298905372619629,403000,0.0,0.0
2025-02-25 00:00:00-05:00,10.306726760350506,10.345826036729632,10.23712843753053,10.275446891784668,486700,0.0,0.0
2025-02-26 00:00:00-05:00,10.283267585200582,10.322367612238844,10.122958145537597,10.134688377380371,496500,0.0,0.0
2025-02-27 00:00:00-05:00,10.119047078980794,10.165967255993813,10.025207470725668,10.040847778320312,632800,0.0,0.0
2025-02-28 00:00:00-05:00,9.931368232344207,10.400567036865107,9.931368232344207,10.197247505187988,2112900,0.0,0.0
2025-03-03 00:00:00-05:00,10.205067878698438,10.216797364312548,9.896178497496964,9.986108779907227,1275400,0.0,0.0
2025-03-04 00:00:00-05:00,9.900086047956611,9.950916291881542,9.782786747126531,9.837526321411133,801600,0.0,0.0
2025-03-05 00:00:00-05:00,9.814068475556027,9.853168498520576,9.688948998686202,9.743688583374023,1054300,0.0,0.0
2025-03-06 00:00:00-05:00,9.743688904295531,9.814068798795592,9.591199630059355,9.60292911529541,735400,0.0,0.0
2025-03-07 00:00:00-05:00,9.618568511684552,9.759327541573006,9.595108797664954,9.696767807006836,838400,0.0,0.0
2025-03-10 00:00:00-04:00,9.665489165138075,9.681129473647964,9.481720014772604,9.571649551391602,1262100,0.0,0.0
2025-03-11 00:00:00-04:00,9.540369666336092,9.595110000270532,9.322192135872989,9.368330001831055,1217700,0.0,0.0
2025-03-12 00:00:00-04:00,9.391789436340332,9.469988732902415,9.344869261786382,9.391789436340332,793500,0.0,0.0
2025-03-13 00:00:00-04:00,9.376148759725016,9.46451440135942,9.227569580078125,9.227569580078125,948500,0.0,0.0
2025-03-14 00:00:00-04:00,9.368328697690433,9.43479850796627,9.29012940345294,9.41524887084961,825400,0.0,0.0
2025-03-17 00:00:00-04:00,9.454349580149492,9.579469056668344,9.446529426424336,9.540369033813477,658300,0.0,0.0
2025-03-18 00:00:00-04:00,9.579468767936806,9.68894867947646,9.55600905323934,9.673308372497559,798600,0.0,0.0
2025-03-19 00:00:00-04:00,9.673308639408033,9.720228815868495,9.536458932650167,9.548189163208008,619100,0.0,0.0
2025-03-20 00:00:00-04:00,9.501269580787174,9.634209219004095,9.501269580787174,9.595109939575195,537700,0.0,0.0
2025-03-21 00:00:00-04:00,9.587288856506348,9.622478801199703,9.548188835094743,9.587288856506348,774400,0.0,0.0
2025-03-24 00:00:00-04:00,9.610749502192565,9.626389810580886,9.493450172363964,9.595109939575195,785600,0.0,0.0
2025-03-25 00:00:00-04:00,9.626389198366445,9.688948936399182,9.603711050954034,9.657669067382812,798100,0.0,0.0
2025-03-26 00:00:00-04:00,9.642028832955216,9.673308702208294,9.618569117458133,9.634208679199219,374300,0.0,0.0
2025-03-27 00:00:00-04:00,9.66548852403156,9.681128831504036,9.579469070245654,9.64202880859375,838800,0.0,0.0
2025-03-28 00:00:00-04:00,9.657669749740881,9.67330931246862,9.423070342657157,9.469989776611328,1132100,0.0,0.0
2025-03-31 00:00:00-04:00,9.52698764676086,9.689841983793807,9.274563618497474,9.469988822937012,1092000,0.48,0.0
2025-04-01 00:00:00-04:00,9.412990915588356,9.559559444912965,9.380420045010576,9.50256061553955,679000,0.0,0.0
2025-04-02 00:00:00-04:00,9.40484762826239,9.502560236093982,9.3926332610769,9.445561408996582,677700,0.0,0.0
2025-04-03 00:00:00-04:00,9.298992083550615,9.36820527764428,9.168708606798017,9.282706260681152,1103100,0.0,0.0
2025-04-04 00:00:00-04:00,9.046568361577378,9.095425059557524,8.606861185959552,8.623147010803223,2119900,0.0,0.0
2025-04-07 00:00:00-04:00,8.27300991950795,8.549862742070768,7.979872047909565,8.183440208435059,2185800,0.0,0.0
2025-04-08 00:00:00-04:00,8.517291044235906,9.0302828523646,7.963585452626997,8.020585060119629,1834500,0.0,0.0
2025-04-09 00:00:00-04:00,7.926943087930873,8.67200244888246,7.7437322279563805,8.582432746887207,2103900,0.0,0.0
2025-04-10 00:00:00-04:00,8.468434499427836,8.53357624353491,8.106083450763393,8.305580139160156,1503400,0.0,0.0
2025-04-11 00:00:00-04:00,8.285222226070138,8.321864547966598,7.996155106281478,8.232294082641602,1492700,0.0,0.0
2025-04-14 00:00:00-04:00,8.346293923364788,8.492863235881122,8.175296650946011,8.305580139160156,1049100,0.0,0.0
2025-04-15 00:00:00-04:00,8.30558054912504,8.549862489859782,8.30558054912504,8.492863655090332,791000,0.0,0.0
2025-04-16 00:00:00-04:00,8.452148466830149,8.582431939863632,8.378863819111126,8.419577598571777,662700,0.0,0.0
2025-04-17 00:00:00-04:00,8.45214973269902,8.651646427728778,8.45214973269902,8.623147010803223,572000,0.0,0.0
2025-04-21 00:00:00-04:00,8.590575374779638,8.623146245023651,8.33000763627673,8.42772102355957,500500,0.0,0.0
2025-04-22 00:00:00-04:00,8.49286125772292,8.5905738511243,8.472503982086801,8.566145896911621,391200,0.0,0.0
2025-04-23 00:00:00-04:00,8.737143650667214,8.817757386988765,8.602788717715926,8.688287734985352,558900,0.0,0.0
2025-04-24 00:00:00-04:00,8.688288183968897,8.78600079693288,8.6068606182235,8.76157283782959,379800,0.0,0.0
2025-04-25 00:00:00-04:00,8.78599972789941,8.916283195999192,8.7127150829556,8.891855239868164,625100,0.0,0.0
2025-04-28 00:00:00-04:00,8.834855493686717,8.989566901753987,8.802284630064628,8.859283447265625,757600,0.0,0.0
2025-04-29 00:00:00-04:00,8.794144559475594,8.83485834628654,8.647575237576552,8.77785873413086,1058500,0.0,0.0
2025-04-30 00:00:00-04:00,8.655717778074662,8.672002826168287,8.549862247538087,8.639431953430176,648800,0.0,0.0
2025-05-01 00:00:00-04:00,8.65571605163649,8.69642982857622,8.484718809730193,8.525432586669922,725000,0.0,0.0
2025-05-02 00:00:00-04:00,8.57428933423389,8.663859807549608,8.501004683903131,8.655716896057129,691100,0.0,0.0
2025-05-05 00:00:00-04:00,8.549860954284668,8.606859778816995,8.484719218661796,8.549860954284668,542100,0.0,0.0
2025-05-06 00:00:00-04:00,8.517291004245056,8.631289442144235,8.48146327875712,8.582432746887207,511200,0.0,0.0
2025-05-07 00:00:00-04:00,8.606861217484607,8.623147042387929,8.501005685265625,8.509148597717285,658900,0.0,0.0
2025-05-08 00:00:00-04:00,8.558004287799712,8.696430676968747,8.509147595395612,8.655716896057129,667900,0.0,0.0
2025-05-09 00:00:00-04:00,8.696430960970318,8.948855013074429,8.696430960970318,8.810428619384766,960200,0.0,0.0
2025-05-12 00:00:00-04:00,8.997712135314941,9.193137367512978,8.973284175427898,8.997712135314941,1111700,0.0,0.0
2025-05-13 00:00:00-04:00,9.038426157832754,9.270493724256287,8.972469810192573,9.1849946975708,1271000,0.0,0.0
2025-05-14 00:00:00-04:00,9.201279184845724,9.217564230649131,9.070995712215463,9.127994537353516,620100,0.0,0.0
2025-05-15 00:00:00-04:00,9.111709627216731,9.111709627216731,9.046567884379947,9.07913875579834,389200,0.0,0.0
2025-05-16 00:00:00-04:00,9.127994479309065,9.20127912633526,9.091352155795967,9.193136215209961,419500,0.0,0.0
2025-05-19 00:00:00-04:00,9.136139794504189,9.225709510799474,9.111711054700152,9.201281547546387,407900,0.0,0.0
2025-05-20 00:00:00-04:00,9.21756659753146,9.21756659753146,9.127996881236177,9.201281547546387,394500,0.0,0.0
2025-05-21 00:00:00-04:00,9.127994610998424,9.160565479418771,8.940711535168358,8.948854446411133,486400,0.0,0.0
2025-05-22 00:00:00-04:00,8.932569400476337,9.013182358058005,8.891855620813214,8.948854446411133,313300,0.0,0.0
2025-05-23 00:00:00-04:00,8.891856130821907,9.005854565107091,8.891856130821907,8.956997871398926,357500,0.0,0.0
2025-05-27 00:00:00-04:00,9.038424815218281,9.18499333318428,8.997711036013547,9.160565376281738,721700,0.0,0.0
2025-05-28 00:00:00-04:00,9.233852424067486,9.266423300588585,9.164639214391281,9.201281547546387,616800,0.0,0.0
2025-05-29 00:00:00-04:00,9.24199431118769,9.315278192810167,9.20128052591907,9.266422271728516,599900,0.0,0.0
2025-05-30 00:00:00-04:00,9.250064404347928,9.290957078602487,9.169913109256129,9.2664213180542,432800,0.05,0.0
2025-06-02 00:00:00-04:00,9.24188545687262,9.299135824187825,9.151919702545573,9.2255277633667,664700,0.0,0.0
2025-06-03 00:00:00-04:00,9.250063690818573,9.340028659207777,9.168276788662784,9.299135208129883,454300,0.0,0.0
2025-06-04 00:00:00-04:00,9.282779148002932,9.323671822857767,9.25415318363566,9.2582426071167,454500,0.0,0.0
2025-06-05 00:00:00-04:00,9.25824233554736,9.327760972730298,9.184634275003338,9.2746000289917,449500,0.0,0.0
2025-06-06 00:00:00-04:00,9.315494285735214,9.438173877233242,9.307315438307926,9.4136381149292,407100,0.0,0.0
2025-06-09 00:00:00-04:00,9.413637903374594,9.528138644872136,9.405459056131113,9.462709426879883,674200,0.0,0.0
2025-06-10 00:00:00-04:00,9.479066403684826,9.524049280140417,9.42999410391711,9.495423316955566,437700,0.0,0.0
2025-06-11 00:00:00-04:00,9.519960167278448,9.58538938245058,9.462709019019506,9.487245559692383,578800,0.0,0.0
2025-06-12 00:00:00-04:00,9.470887629337954,9.487245322711274,9.425087335857057,9.454530715942383,397200,0.0,0.0
2025-06-13 00:00:00-04:00,9.397279126974896,9.409547396427667,9.311403580738627,9.340028762817383,457400,0.0,0.0
2025-06-16 00:00:00-04:00,9.413638507470866,9.454531966334708,9.307315826416016,9.307315826416016,663200,0.0,0.0
2025-06-17 00:00:00-04:00,9.307315243763012,9.438173679953076,9.200992569364136,9.3318510055542,738500,0.0,0.0
2025-06-18 00:00:00-04:00,9.446351869255723,9.503602236106843,9.372743809031281,9.454530715942383,623700,0.0,0.0
2025-06-20 00:00:00-04:00,9.487244772966985,9.540405713394332,9.429993629455566,9.429993629455566,626700,0.0,0.0
2025-06-23 00:00:00-04:00,9.421815939458932,9.471705655384499,9.266420975122509,9.323671340942383,853700,0.0,0.0
2025-06-24 00:00:00-04:00,9.413637262486832,9.536316842875735,9.372743809031281,9.454530715942383,630200,0.0,0.0
2025-06-25 00:00:00-04:00,9.438172950541354,9.54040619341116,9.438172950541354,9.495423316955566,811700,0.0,0.0
2025-06-26 00:00:00-04:00,9.511780976178365,9.64263940178717,9.511780976178365,9.544495582580566,815000,0.0,0.0
2025-06-27 00:00:00-04:00,9.569031103611414,9.623010241826988,9.454530374049721,9.511780738830566,1016500,0.0,0.0
2025-06-30 00:00:00-04:00,9.571496804740471,9.664482107641945,9.486189023195847,9.597088813781738,919800,0.48,0.0
2025-07-01 00:00:00-04:00,9.562965706099654,9.656803613406309,9.516899765163275,9.6226806640625,763300,0.0,0.0
2025-07-02 00:00:00-04:00,9.64827422901299,9.82315445955765,9.63974328763146,9.810358047485352,679600,0.0,0.0
2025-07-03 00:00:00-04:00,9.784766502797332,9.938319387199575,9.784766502797332,9.844481468200684,477500,0.0,0.0
2025-07-07 00:00:00-04:00,9.80182645855204,9.878603298802913,9.742111499937046,9.82741928100586,788700,0.0,0.0
2025-07-08 00:00:00-04:00,9.835948935694129,9.95111419053725,9.834242910323566,9.904194831848145,653100,0.0,0.0
2025-07-09 00:00:00-04:00,9.912726236822662,9.93831824569099,9.870072346338585,9.895665168762207,541100,0.0,0.0
2025-07-10 00:00:00-04:00,9.88713468230119,10.117464399811151,9.865807329301441,9.998034477233887,1269900,0.0,0.0
2025-07-11 00:00:00-04:00,9.963910567431313,10.117463426480596,9.963910567431313,10.066279411315918,1091400,0.0,0.0
2025-07-14 00:00:00-04:00,10.015095372910093,10.104668626849586,9.998034304360623,10.091872215270996,622300,0.0,0.0
2025-07-15 00:00:00-04:00,10.083341598510742,10.219833405517502,10.06628052941257,10.083341598510742,746800,0.0,0.0
2025-07-16 00:00:00-04:00,10.091872025442132,10.236894766383658,10.074810957213584,10.211302757263184,910100,0.0,0.0
2025-07-17 00:00:00-04:00,10.177180130569424,10.25395697392527,10.14305717947297,10.20277214050293,709900,0.0,0.0
2025-07-18 00:00:00-04:00,10.236895434149591,10.260781419360855,10.10466909592066,10.125995635986328,502700,0.0,0.0
2025-07-21 00:00:00-04:00,10.194241925957163,10.194241925957163,9.8914008150849,9.912727355957031,813900,0.0,0.0
2025-07-22 00:00:00-04:00,9.921257776851775,10.057749583800376,9.912726835528652,10.040688514709473,670000,0.0,0.0
2025-07-23 00:00:00-04:00,10.066280996003735,10.15585344342052,10.066280996003735,10.117465019226074,592800,0.0,0.0
2025-07-24 00:00:00-04:00,10.108934406810148,10.198506849936136,10.108934406810148,10.15158748626709,497900,0.0,0.0
2025-07-25 00:00:00-04:00,10.177180130569424,10.25395697392527,10.168649189406478,10.20277214050293,628300,0.0,0.0
2025-07-28 00:00:00-04:00,10.202772199836675,10.21556861165551,9.925523118871261,9.929788589477539,784600,0.0,0.0
2025-07-29 00:00:00-04:00,9.938317770984632,9.998033540232118,9.746376493307356,9.861541748046875,790000,0.0,0.0
2025-07-30 00:00:00-04:00,9.86154211190073,9.887134120490899,9.656803602513529,9.690926551818848,444700,0.0,0.0
2025-07-31 00:00:00-04:00,9.68239772065037,9.703724261737525,9.528844021445588,9.571497917175293,557400,0.0,0.0
2025-08-01 00:00:00-04:00,9.486188899718712,9.52031184918134,9.336900690736483,9.417943000793457,545400,0.0,0.0
2025-08-04 00:00:00-04:00,9.460597203272753,9.528843104450575,9.400882243130988,9.47765827178955,401600,0.0,0.0
2025-08-05 00:00:00-04:00,9.486188564856722,9.503250445763396,9.341165831371026,9.494719505310059,569700,0.0,0.0
2025-08-06 00:00:00-04:00,9.54590367776815,9.584292096883669,9.477657780130626,9.580026626586914,493600,0.0,0.0
2025-08-07 00:00:00-04:00,9.631212946109573,9.639743888022435,9.383821325524329,9.40941333770752,548600,0.0,0.0
2025-08-08 00:00:00-04:00,9.42647406424779,9.767703563315688,9.35822816443421,9.597088813781738,1233200,0.0,0.0
2025-08-11 00:00:00-04:00,9.580027255867606,9.63974303038943,9.507516696725617,9.588558197021484,794800,0.0,0.0
2025-08-12 00:00:00-04:00,9.562966935937439,9.725050762776375,9.511782098561495,9.707989692687988,642700,0.0,0.0
2025-08-13 00:00:00-04:00,9.912725637509896,9.912725637509896,9.665334063925634,9.725049018859863,1165000,0.0,0.0
2025-08-14 00:00:00-04:00,9.631212089235552,9.704576881470386,9.571497128269053,9.588558197021484,657600,0.0,0.0
2025-08-15 00:00:00-04:00,9.597088350084327,9.639742238795753,9.494719505310059,9.494719505310059,560100,0.0,0.0
2025-08-18 00:00:00-04:00,9.503251240486964,9.545904319210058,9.464862818791916,9.520312309265137,413900,0.0,0.0
2025-08-19 00:00:00-04:00,9.537374177208866,9.610738155888374,9.51178135374723,9.588558197021484,629800,0.0,0.0
2025-08-20 00:00:00-04:00,9.605619273064555,9.665334229018772,9.571496324868537,9.631211280822754,423700,0.0,0.0
2025-08-21 00:00:00-04:00,9.631211456592695,9.664481799485271,9.558700088658414,9.580026626586914,488400,0.0,0.0
2025-08-22 00:00:00-04:00,9.631212041591738,9.789031197936485,9.614150972923705,9.750642776489258,589000,0.0,0.0
2025-08-25 00:00:00-04:00,9.77623432442641,9.784765265135075,9.63121158660025,9.648273468017578,510400,0.0,0.0
2025-08-26 00:00:00-04:00,9.63974251659187,9.716519355773926,9.605619567350432,9.716519355773926,437800,0.0,0.0
2025-08-27 00:00:00-04:00,9.673865465833307,9.748082860094552,9.673865465833307,9.716519355773926,412000,0.0,0.0
2025-08-28 00:00:00-04:00,9.763437743900903,9.763437743900903,9.648273300553962,9.742111206054688,387100,0.0,0.0
2025-08-29 00:00:00-04:00,9.716451174119374,9.806260348644694,9.690791759554175,9.784876823425293,448200,0.03,0.0
2025-09-02 00:00:00-04:00,9.733557605913461,9.776323838947752,9.67368536908428,9.725004196166992,490400,0.0,0.0
2025-09-03 00:00:00-04:00,9.682238862006297,9.772048041285764,9.678817824069329,9.70789909362793,507500,0.0,0.0
2025-09-04 00:00:00-04:00,9.733558327379484,9.827643394470215,9.690792091175293,9.827643394470215,661900,0.0,0.0
2025-09-05 00:00:00-04:00,9.836196468253773,9.861855882818972,9.725004584207134,9.784876823425293,593700,0.0,0.0
2025-09-08 00:00:00-04:00,9.784875912074545,9.793429321365652,9.695067561611943,9.776323318481445,488000,0.0,0.0
2025-09-09 00:00:00-04:00,9.776324943136139,9.789154243506799,9.707899288832147,9.750664710998535,440200,0.0,0.0
2025-09-10 00:00:00-04:00,9.767772056997424,9.806261591572751,9.673686981201172,9.673686981201172,457300,0.0,0.0
2025-09-11 00:00:00-04:00,9.67368485408218,9.776323318481445,9.665131444791074,9.776323318481445,610800,0.0,0.0
2025-09-12 00:00:00-04:00,9.742110920211143,9.793429746791055,9.683093535516006,9.716450691223145,443800,0.0,0.0
2025-09-15 00:00:00-04:00,9.733558312229802,9.733558312229802,9.519727947239774,9.553940773010254,815800,0.0,0.0
2025-09-16 00:00:00-04:00,9.596707912050519,9.707899810190552,9.553941671889246,9.673686981201172,638800,0.0,0.0
2025-09-17 00:00:00-04:00,9.656578775626743,9.776324067786078,9.622365951538086,9.622365951538086,531000,0.0,0.0
2025-09-18 00:00:00-04:00,9.648026227412998,9.692502984270591,9.549664451334987,9.613813400268555,916900,0.0,0.0
2025-09-19 00:00:00-04:00,9.665132954013702,9.673686364640435,9.545387652333845,9.605259895324707,847900,0.0,0.0
2025-09-22 00:00:00-04:00,9.596708308612099,9.596708308612099,9.434196752423489,9.459856986999512,969100,0.0,0.0
2025-09-23 00:00:00-04:00,9.45130357547417,9.588154897086756,9.45130357547417,9.459856986999512,706600,0.0,0.0
2025-09-24 00:00:00-04:00,9.485514678748322,9.502620682986112,9.314450557880061,9.365769386291504,844200,0.0,0.0
2025-09-25 00:00:00-04:00,9.365770100647918,9.408536338051414,9.30162115239174,9.331557273864746,931400,0.0,0.0
2025-09-26 00:00:00-04:00,9.34866308707117,9.468407560051567,9.288790034882927,9.31445026397705,603700,0.0,0.0
2025-09-29 00:00:00-04:00,9.331557270213908,9.331557270213908,9.126280309595195,9.194705963134766,1169000,0.0,0.0
2025-09-30 00:00:00-04:00,9.257375651169006,9.27528115595238,9.02459811222993,9.105175018310547,1018300,0.48,0.0
2025-10-01 00:00:00-04:00,9.069363174011729,9.07831635333335,8.917162540832903,8.944021224975586,1301500,0.0,0.0
2025-10-02 00:00:00-04:00,8.917162953827246,9.105175459178088,8.872397908968052,9.069363594055176,836000,0.0,0.0
2025-10-03 00:00:00-04:00,9.105175747099148,9.132034433335095,8.944917581569817,8.970881462097168,714500,0.0,0.0
2025-10-06 00:00:00-04:00,8.997739804655001,9.078316714107366,8.885827620153874,8.917162895202637,1441100,0.0,0.0
2025-10-07 00:00:00-04:00,8.917163441493425,8.952975308574834,8.73810410608638,8.791821479797363,1109100,0.0,0.0
2025-10-08 00:00:00-04:00,8.80972856026809,8.881352300284714,8.720198458336144,8.738104820251465,1116000,0.0,0.0
2025-10-09 00:00:00-04:00,8.729151169875488,8.756009857481788,8.487420419951931,8.541138648986816,1328800,0.0,0.0
2025-10-10 00:00:00-04:00,8.451609139616421,8.65305144522821,8.398786566484649,8.567997932434082,1683500,0.0,0.0
2025-10-13 00:00:00-04:00,8.621715823548199,8.899257596034678,8.612762642804169,8.82763385772705,1105200,0.0,0.0
2025-10-14 00:00:00-04:00,8.720196864868155,8.957450993958014,8.720196864868155,8.944021224975586,772100,0.0,0.0
2025-10-15 00:00:00-04:00,9.051457624146714,9.051457624146714,8.818680917740457,8.881351470947266,918200,0.0,0.0
2025-10-16 00:00:00-04:00,8.90820994515821,8.90820994515821,8.66648006439209,8.66648006439209,682800,0.0,0.0
2025-10-17 00:00:00-04:00,8.59485683856747,8.742580900457428,8.576950477697277,8.702292442321777,1139500,0.0,0.0
2025-10-20 00:00:00-04:00,8.720198372126445,8.80077529230413,8.670957584990777,8.747057914733887,985000,0.0,0.0
2025-10-21 00:00:00-04:00,8.7291504037173,8.93059267763966,8.7291504037173,8.836585998535156,741500,0.0,0.0
2025-10-22 00:00:00-04:00,8.800775527954102,8.87239926918044,8.729151786727764,8.800775527954102,1121400,0.0,0.0
2025-10-23 00:00:00-04:00,8.827633346878773,8.86792180407314,8.756009612715955,8.791821479797363,774900,0.0,0.0
2025-10-24 00:00:00-04:00,8.836586713835372,8.87239858167354,8.729151110320865,8.782869338989258,706900,0.0,0.0
2025-10-27 00:00:00-04:00,8.80077419175836,9.006693056886782,8.75600914683286,8.988786697387695,1650900,0.0,0.0
2025-10-28 00:00:00-04:00,9.006692886352539,9.132033985184057,8.979833347612471,9.006692886352539,1502500,0.0,0.0
2025-10-29 00:00:00-04:00,8.99773996257439,9.069363693606402,8.926116231542377,8.979833602905273,1387700,0.0,0.0
2025-10-30 00:00:00-04:00,8.952975290692638,8.970881651108709,8.814204412757135,8.872398376464844,1109100,0.0,0.0
2025-10-31 00:00:00-04:00,8.845539842011926,8.988787312518633,8.782869287120809,8.93506908416748,1112700,0.0,0.0
2025-11-03 00:00:00-05:00,8.908210071678187,8.935068757962059,8.809727652755834,8.890304565429688,642500,0.0,0.0
2025-11-04 00:00:00-05:00,8.747056775986321,8.841062601407128,8.71482584134681,8.756009101867676,879500,0.0,0.0
2025-11-05 00:00:00-05:00,8.78286951120575,8.823157116219164,8.657527544403285,8.764963150024414,806900,0.0,0.0
2025-11-06 00:00:00-05:00,8.87239832497661,8.87239832497661,8.67543263065417,8.720197677612305,1285400,0.0,0.0
2025-11-07 00:00:00-05:00,8.908210603033165,9.060411257423933,8.764963129211806,8.845540046691895,1122200,0.0,0.0
2025-11-10 00:00:00-05:00,8.881351802106465,8.91268707987827,8.550091809655235,8.621715545654297,1462200,0.0,0.0
2025-11-11 00:00:00-05:00,8.621715611294993,8.724674625849728,8.594856923546429,8.693339347839355,1025800,0.0,0.0
2025-11-12 00:00:00-05:00,8.729150925860463,8.890304754637933,8.729150925860463,8.791821479797363,1078000,0.0,0.0
2025-11-13 00:00:00-05:00,8.791821665582091,8.87239858167354,8.72467452011331,8.782869338989258,728800,0.0,0.0
2025-11-14 00:00:00-05:00,8.729150429679999,8.79092617437622,8.590379559355306,8.675432205200195,1854300,0.0,0.0
2025-11-17 00:00:00-05:00,8.684385600735991,8.715720876702012,8.496373091117627,8.505326271057129,1279400,0.0,0.0
2025-11-18 00:00:00-05:00,8.451609350990275,8.550092637895691,8.371033280552703,8.478468894958496,1277900,0.0,0.0
2025-11-19 00:00:00-05:00,8.46951432011358,8.612761782418907,8.46951432011358,8.51427936553955,1501100,0.0,0.0
2025-11-20 00:00:00-05:00,8.550090800067501,8.621714527609292,8.460560713729173,8.469513893127441,1470600,0.0,0.0
2025-11-21 00:00:00-05:00,8.433703193747702,8.675433094119906,8.433703193747702,8.603809356689453,1625000,0.0,0.0
2025-11-24 00:00:00-05:00,8.621716053475128,8.684386612710044,8.578741467815565,8.657527923583984,1249600,0.0,0.0
2025-11-25 00:00:00-05:00,8.684385371883572,8.77839205112659,8.612761641899468,8.756009101867676,1415100,0.0,0.0
2025-11-26 00:00:00-05:00,8.764962690833013,8.908210157489863,8.764962690833013,8.881351470947266,1205300,0.0,0.0
2025-11-28 00:00:00-05:00,8.890340352098828,9.020683617770226,8.890340352098828,8.998210906982422,892100,0.04,0.0
2025-12-01 00:00:00-05:00,8.926298141479492,9.011695137267703,8.863373001560902,8.926298141479492,1661400,0.0,0.0
2025-12-02 00:00:00-05:00,8.94427661606391,8.953266044712924,8.822023472642082,8.890341758728027,827200,0.0,0.0
2025-12-03 00:00:00-05:00,8.953264735871514,9.115070998783564,8.944275308536628,9.061135292053223,1206500,0.0,0.0
2025-12-04 00:00:00-05:00,9.079115581920618,9.213953584142772,9.061136724408806,9.09709358215332,1230700,0.0,0.0
2025-12-05 00:00:00-05:00,9.097092144113791,9.134846710185544,9.047651151050893,9.061135292053223,932900,0.0,0.0
2025-12-08 00:00:00-05:00,9.025178722282533,9.065630289275791,8.962254443528133,9.043157577514648,1568900,0.0,0.0
2025-12-09 00:00:00-05:00,8.989221962141693,9.079114524674713,8.980232534432588,9.034168243408203,1101900,0.0,0.0
2025-12-10 00:00:00-05:00,9.079114443456145,9.119566010506238,9.02517873496302,9.115071296691895,1194700,0.0,0.0
2025-12-11 00:00:00-05:00,9.070124783650748,9.11507106336465,8.899329092193708,8.908318519592285,900200,0.0,0.0
2025-12-12 00:00:00-05:00,8.935286521911621,9.00720108846841,8.912813809241962,8.935286521911621,928700,0.0,0.0
2025-12-15 00:00:00-05:00,8.93528602421684,8.95775959291376,8.764491188515198,8.827415466308594,1627500,0.0,0.0
2025-12-16 00:00:00-05:00,8.836405659937615,8.917308799703159,8.777976090817534,8.8453950881958,1350500,0.0,0.0
2025-12-17 00:00:00-05:00,8.836405747129064,8.894836174104757,8.76449203491211,8.76449203491211,1450300,0.0,0.0
2025-12-18 00:00:00-05:00,8.764491458581052,8.800448312325095,8.697072464970846,8.737524032592773,1927900,0.0,0.0
2025-12-19 00:00:00-05:00,8.701567355553495,8.724040068120251,8.589202078161653,8.647631645202637,2726600,0.0,0.0
2025-12-22 00:00:00-05:00,8.620664312303319,8.683588593996936,8.575718029402575,8.638642311096191,1612100,0.0,0.0
2025-12-23 00:00:00-05:00,8.647631446068115,8.68358829971434,8.566728311044352,8.593696594238281,1568000,0.0,0.0
2025-12-24 00:00:00-05:00,8.548750791114234,8.647631929853436,8.548750791114234,8.629653930664062,968400,0.0,0.0
2025-12-26 00:00:00-05:00,8.620664125224602,8.692577833393562,8.593696698980997,8.656620979309082,1495800,0.0,0.0
2025-12-29 00:00:00-05:00,8.629653070221202,8.715050058094342,8.598190074538547,8.6206636428833,1723200,0.0,0.0
2025-12-30 00:00:00-05:00,8.611674697383727,8.701567261234437,8.584707271140122,8.656620979309082,1833300,0.0,0.0
2025-12-31 00:00:00-05:00,8.656620276435973,8.754250902147257,8.605479918161485,8.628725051879883,2500700,0.32,0.0
2026-01-02 00:00:00-05:00,8.656620276435973,8.73100576842886,8.540392834353963,8.628725051879883,1518300,0.0,0.0
2026-01-05 00:00:00-05:00,8.628725752488043,8.731006477341689,8.628725752488043,8.656620979309082,1385400,0.0,0.0
2026-01-06 00:00:00-05:00,8.647321952454739,8.656620360730647,8.461358220661685,8.535743713378906,1824000,0.0,0.0
2026-01-07 00:00:00-05:00,8.53574496556065,8.554340898095443,8.293991635392295,8.331184387207031,2217500,0.0,0.0
2026-01-08 00:00:00-05:00,8.303288599516653,8.628724899554246,8.295849695750682,8.554339408874512,1496000,0.0,0.0
2026-01-09 00:00:00-05:00,8.591532558388057,8.638023713936235,8.517147064208984,8.517147064208984,1322400,0.0,0.0
2026-01-12 00:00:00-05:00,8.479954551282566,8.54504163880029,8.461358620596814,8.498551368713379,1105800,0.0,0.0
2026-01-13 00:00:00-05:00,8.517147235995948,8.554339983835645,8.405568992476859,8.414867401123047,1232500,0.0,0.0
2026-01-14 00:00:00-05:00,8.396271243331993,8.638024566651529,8.396271243331993,8.619428634643555,929000,0.0,0.0
2026-01-15 00:00:00-05:00,8.61012956665038,8.796093306230777,8.568287614401658,8.76819896697998,1484600,0.0,0.0
2026-01-16 00:00:00-05:00,8.758900902861486,8.758900902861486,8.628725836662015,8.647322654724121,965000,0.0,0.0
2026-01-20 00:00:00-05:00,8.628725601852713,8.763549868898805,8.545041696340666,8.665918350219727,2103200,0.0,0.0
2026-01-21 00:00:00-05:00,8.675217681657024,8.777497528858094,8.628726519567387,8.758901596069336,1217300,0.0,0.0
2026-01-22 00:00:00-05:00,8.796093560081804,8.851883126938512,8.735655675503365,8.740303993225098,1346200,0.0,0.0
2026-01-23 00:00:00-05:00,8.74030486162689,8.790515920159239,8.703112108942124,8.749603271484375,1078900,0.0,0.0
2026-01-26 00:00:00-05:00,8.731006933085911,8.796094025575611,8.6194286802128,8.786795616149902,2648200,0.0,0.0
2026-01-27 00:00:00-05:00,8.772848576495688,8.879777620849913,8.721708213219713,8.731006622314453,1270200,0.0,0.0
2026-01-28 00:00:00-05:00,8.749603046905404,8.83328695998448,8.665919133826327,8.684515953063965,1036900,0.0,0.0
2026-01-29 00:00:00-05:00,8.731006471036547,8.777496742214542,8.628725746256766,8.740303993225098,925800,0.0,0.0
2026-01-30 00:00:00-05:00,8.731007253513619,8.779357920207614,8.572937834455955,8.758901596069336,1305600,0.0,0.0
2026-02-02 00:00:00-05:00,8.740303527539071,8.740303527539071,8.44090204713801,8.610129356384277,2120000,0.0,0.0
2026-02-03 00:00:00-05:00,8.600830562235595,8.647321715596679,8.498550734237208,8.554339408874512,2150500,0.0,0.0
2026-02-04 00:00:00-05:00,8.57293823515947,8.735656866706167,8.517148660695241,8.721709251403809,1939900,0.0,0.0
2026-02-05 00:00:00-05:00,8.600831031799316,8.693813343597867,8.51714712852963,8.600831031799316,2318700,0.0,0.0
2026-02-06 00:00:00-05:00,8.554339408874512,8.638023307575462,8.489252326215992,8.554339408874512,1495600,0.0,0.0
2026-02-09 00:00:00-05:00,8.545042469017122,8.703111885556456,8.461359442683193,8.684515953063965,1617400,0.0,0.0
2026-02-10 00:00:00-05:00,8.638024132042789,8.861180625381452,8.638024132042789,8.83328628540039,1768000,0.0,0.0
2026-02-11 00:00:00-05:00,8.861180947308757,8.87977776580181,8.749602696585779,8.805392265319824,871800,0.0,0.0
2026-02-12 00:00:00-05:00,8.786796024169142,8.861181529538678,8.665919356257355,8.749603271484375,1069500,0.0,0.0
2026-02-13 00:00:00-05:00,8.675216696246888,8.731006261766396,8.493902160112341,8.582234382629395,1956400,0.0,0.0
2026-02-17 00:00:00-05:00,8.6194279330735,8.693813428541109,8.491112377007589,8.591532707214355,1502300,0.0,0.0
2026-02-18 00:00:00-05:00,8.582234762152527,8.684515489003836,8.526446080910997,8.63802433013916,1039700,0.0,0.0
2026-02-19 00:00:00-05:00,8.572936628215807,8.638023713936235,8.447410774259234,8.517147064208984,1981900,0.0,0.0
2026-02-20 00:00:00-05:00,8.470656716167987,8.507849466803105,8.331184122972575,8.44276237487793,1455400,0.0,0.0
2026-02-23 00:00:00-05:00,8.442762459731481,8.549691508038991,8.414868118161074,8.433464050292969,1729400,0.0,0.0
2026-02-24 00:00:00-05:00,8.461358470362562,8.58688343881157,8.447410857537097,8.507848739624023,999900,0.0,0.0
2026-02-25 00:00:00-05:00,8.489252706922658,8.638023694953871,8.396270396030632,8.610129356384277,970700,0.0,0.0
2026-02-26 00:00:00-05:00,8.610129290608471,8.633374424781382,8.39627033188857,8.526445388793945,2020100,0.0,0.0
2026-02-27 00:00:00-05:00,8.5217963552836,8.735655318286636,8.414867317154606,8.424165725708008,2710900,0.0,0.0
2026-03-02 00:00:00-05:00,8.368376075850842,8.646391926850999,8.191710748861807,8.517147064208984,2275700,0.0,0.0
2026-03-03 00:00:00-05:00,8.405568740255745,8.596181678057707,8.39627033188857,8.526445388793945,1512600,0.0,0.0
2026-03-04 00:00:00-05:00,8.554340962484973,8.712410380573694,8.470657048585634,8.675217628479004,1339000,0.0,0.0
2026-03-05 00:00:00-05:00,8.675216995072189,8.823987992588675,8.647322654724121,8.647322654724121,1427600,0.0,0.0
2026-03-06 00:00:00-05:00,8.591533546332615,8.71241020995953,8.512498838835983,8.693814277648926,1970900,0.0,0.0
2026-03-09 00:00:00-04:00,8.56322042502351,8.6331811959627,8.427962163554875,8.535235404968262,2097000,0.03,0.0
2026-03-10 00:00:00-04:00,8.525907504005515,8.665829038489866,8.441954227475135,8.544563293457031,1237500,0.0,0.0
2026-03-11 00:00:00-04:00,8.5538911819458,8.656500242517241,8.479266248875776,8.5538911819458,1459000,0.0,0.0
2026-03-12 00:00:00-04:00,8.48859496943274,8.591204034615988,8.427961652588547,8.451282501220703,1976200,0.0,0.0
2026-03-13 00:00:00-04:00,8.516579125310201,8.553891593641048,8.432625849165944,8.507250785827637,1445000,0.0,0.0
2026-03-16 00:00:00-04:00,8.516579098191913,8.55389156640395,8.451282501220703,8.451282501220703,1566400,0.0,0.0
2026-03-17 00:00:00-04:00,8.535234625303877,8.796422784364092,8.535234625303877,8.665828704833984,1699500,0.0,0.0
2026-03-18 00:00:00-04:00,8.619188398353465,8.796423294392017,8.601464908749609,8.67515754699707,1232300,0.0,0.0
2026-03-19 00:00:00-04:00,8.647173366292687,8.749782433665947,8.605196727458301,8.656500816345215,1103800,0.0,0.0
2026-03-20 00:00:00-04:00,8.675158238361544,8.712470710564409,8.432626724243164,8.432626724243164,2418600,0.0,0.0
2026-03-23 00:00:00-04:00,8.581875839874604,8.689149076593173,8.42796179470466,8.61918830871582,1496300,0.0,0.0
2026-03-24 00:00:00-04:00,8.535235404968262,8.647173705990326,8.479267144056697,8.535235404968262,1328400,0.0,0.0
2026-03-25 00:00:00-04:00,8.600532531738281,8.693813259178736,8.544563383594465,8.600532531738281,670600,0.0,0.0
2026-03-26 00:00:00-04:00,8.581875735013638,8.712469819161894,8.479266669353917,8.488595008850098,853000,0.0,0.0
2026-03-27 00:00:00-04:00,8.507250156277614,8.516578495069867,8.35333612460283,8.385984420776367,1181400,0.0,0.0
2026-03-30 00:00:00-04:00,8.432626724243164,8.493259157973004,8.316025137409271,8.432626724243164,1389300,0.0,0.0
2026-03-31 00:00:00-04:00,8.471308498168622,8.664717178487358,8.41812076523897,8.587353706359863,1587700,0.32,0.0
2026-04-01 00:00:00-04:00,8.606694326647872,8.606694326647872,8.398780566553928,8.471308708190918,1605400,0.0,0.0
2026-04-02 00:00:00-04:00,8.403614278726993,8.742080141247685,8.374603208930878,8.732409477233887,1908000,0.0,0.0
2026-04-06 00:00:00-04:00,8.751751233593913,8.96933565108181,8.703398833403716,8.945159912109375,1236200,0.0,0.0
2026-04-07 00:00:00-04:00,8.993512363222894,9.07087583506713,8.858125826372818,8.877467155456543,1648000,0.0,0.0
2026-04-08 00:00:00-04:00,8.97417119569844,9.070875998367347,8.82911491394043,8.82911491394043,1115700,0.0,0.0
2026-04-09 00:00:00-04:00,8.78076242470784,8.858125897170392,8.717904949174017,8.742080688476562,1417700,0.0,0.0
2026-04-10 00:00:00-04:00,8.742080740066609,8.81944421298571,8.656980550957458,8.67438793182373,1101700,0.0,0.0
2026-04-13 00:00:00-04:00,8.626034786264668,8.800103046433298,8.597023716984983,8.78076171875,1521300,0.0,0.0
2026-04-14 00:00:00-04:00,8.809773261072568,9.177250206579627,8.800103518956965,9.148239135742188,1518800,0.0,0.0
2026-04-15 00:00:00-04:00,9.186920756272603,9.370658765610122,9.172414759912284,9.351318359375,1302700,0.0,0.0
2026-04-16 00:00:00-04:00,9.254613767872533,9.360989232396793,9.191756293399825,9.235273361206055,1267100,0.0,0.0
2026-04-17 00:00:00-04:00,9.29329509398847,9.515715755447719,9.29329509398847,9.467363357543945,1415900,0.0,0.0
2026-04-20 00:00:00-04:00,9.419010850653489,9.535056050932628,9.399670445062934,9.448022842407227,1739500,0.0,0.0
2026-04-21 00:00:00-04:00,9.525386737417383,9.544727143877271,9.322307397239342,9.370658874511719,1226600,0.0,0.0
2026-04-22 00:00:00-04:00,9.438352652777176,9.501210126911726,9.293295453455013,9.302966117858887,733600,0.0,0.0
2026-04-23 00:00:00-04:00,9.351318586932889,9.351318586932889,9.138568579697608,9.167579650878906,1095200,0.0,0.0
2026-04-24 00:00:00-04:00,9.215931783402459,9.29813058456705,9.167579384674116,9.1965913772583,786500,0.0,0.0
2026-04-27 00:00:00-04:00,9.206262084753027,9.409340500325667,9.186920756272603,9.351318359375,1603500,0.0,0.0
2026-04-28 00:00:00-04:00,9.360988711636555,9.539891382891584,9.346482715759686,9.448022842407227,1524000,0.0,0.0
2026-04-29 00:00:00-04:00,9.467363814807252,9.515716215046393,9.32230753633515,9.390000343322754,868300,0.0,0.0
2026-04-30 00:00:00-04:00,9.409340543140155,9.530221079956933,9.390000136817031,9.5060453414917,1209400,0.0,0.0
2026-05-01 00:00:00-04:00,9.573737879358148,9.767147470654498,9.535056145547934,9.757476806640625,2334800,0.0,0.0
2026-05-04 00:00:00-04:00,9.709124565124512,9.888028163280236,9.68011349486112,9.709124565124512,1561400,0.0,0.0
2026-05-05 00:00:00-04:00,9.718795724871903,9.820334937094078,9.539892117593581,9.78648853302002,1146900,0.0,0.0
2026-05-06 00:00:00-04:00,9.78648823486623,9.84451129882928,9.65593703263335,9.815499305725098,1189400,0.0,0.0
2026-05-07 00:00:00-04:00,9.718795546943662,9.781653021609664,9.535056610697826,9.612420082092285,1310000,0.0,0.0
2026-05-08 00:00:00-04:00,9.14823895081094,9.273954818225592,8.92581828623262,8.974170684814453,2838400,0.0,0.0
2026-05-11 00:00:00-04:00,8.974171014223279,9.090216221732097,8.626035391696822,8.655046463012695,2694400,0.0,0.0
2026-05-12 00:00:00-04:00,8.742080439659125,8.824279242091709,8.6743876337424,8.703398704528809,1403400,0.0,0.0
2026-05-13 00:00:00-04:00,8.684056874858827,8.795267663907396,8.6260347366333,8.6260347366333,2300700,0.0,0.0
2026-05-14 00:00:00-04:00,8.703398202430844,8.71693676283315,8.60185899941354,8.6260347366333,1525400,0.0,0.0
2026-05-15 00:00:00-04:00,8.606693954678752,8.645375690029734,8.509990077423955,8.635705947875977,1165400,0.0,0.0
2026-05-18 00:00:00-04:00,8.59702402890772,8.616364435047476,8.461637496948242,8.461637496948242,1466700,0.0,0.0
2026-05-19 00:00:00-04:00,8.461637496948242,8.548671630190386,8.364932699513572,8.461637496948242,1134000,0.0,0.0
2026-05-20 00:00:00-04:00,8.48097886865913,8.703398612751707,8.48097886865913,8.616364479064941,1021000,0.0,0.0
2026-05-21 00:00:00-04:00,8.635705400419308,8.711134917908701,8.577682339948522,8.6260347366333,716200,0.0,0.0
2026-05-22 00:00:00-04:00,8.645375708415317,8.701464824252978,8.514825427731441,8.568012237548828,1005000,0.0,0.0
2026-05-26 00:00:00-04:00,8.606693564754755,8.703398359873685,8.56801183115624,8.577682495117188,1024900,0.0,0.0
2026-05-27 00:00:00-04:00,8.558342477174012,8.669552351027422,8.558342477174012,8.635705947875977,713400,0.0,0.0
2026-05-28 00:00:00-04:00,8.635706215593213,8.703399023994661,8.59702447904305,8.606694221496582,729800,0.0,0.0
2026-05-29 00:00:00-04:00,8.616364322495327,8.780761922639629,8.5680119244096,8.664716720581055,835000,0.0,0.0
2026-06-01 00:00:00-04:00,8.70339888268435,8.896807562294937,8.688892885871557,8.877467155456543,848200,0.0,0.0
2026-06-02 00:00:00-04:00,8.800103436672122,8.945159711748296,8.800103436672122,8.838785171508789,766100,0.0,0.0
2026-06-03 00:00:00-04:00,8.761422089942577,8.796235007265981,8.568012484946419,8.606694221496582,1683100,0.0,0.0
2026-06-04 00:00:00-04:00,8.635706094222764,8.858125845698865,8.635706094222764,8.809773445129395,914200,0.0,0.0
2026-06-05 00:00:00-04:00,8.780762243554332,8.84845505000118,8.524495169905762,8.568012237548828,766200,0.0,0.0
2026-06-08 00:00:00-04:00,8.568011784989839,8.67438724349654,8.471307912637247,8.64537525177002,874100,0.0,0.0
2026-06-09 00:00:00-04:00,8.606693905580364,8.732409775315217,8.606693905580364,8.703398704528809,986600,0.0,0.0
2026-06-10 00:00:00-04:00,8.70339839208421,8.814608261310863,8.670518503393412,8.800103187561035,674200,0.0,0.0
2026-06-11 00:00:00-04:00,8.809772788029683,8.848454521151018,8.722739580190632,8.78076171875,1113000,0.0,0.0
2026-06-12 00:00:00-04:00,8.867795898089689,8.954830028657428,8.800103095312679,8.9354887008667,879900,0.0,0.0
2026-06-15 00:00:00-04:00,9.02252352425747,9.085381922158849,8.93548938700654,8.96450138092041,872200,0.0,0.0
2026-06-16 00:00:00-04:00,8.993511747314267,9.104721615193629,8.949994682101428,9.003182411193848,668000,0.0,0.0
2026-06-17 00:00:00-04:00,8.954830185558958,9.032193653586852,8.872631385498659,8.887136459350586,591500,0.0,0.0
2026-06-18 00:00:00-04:00,9.003182411193848,9.032193480587319,8.911312948828376,9.003182411193848,1186500,0.0,0.0
2026-06-22 00:00:00-04:00,9.022522926330566,9.148238791556734,9.00318252058169,9.022522926330566,852700,0.0,0.0
2026-06-23 00:00:00-04:00,8.964501417185232,9.211096910733321,8.964501417185232,9.11922836303711,1185400,0.0,0.0
2026-06-24 00:00:00-04:00,9.119228383354988,9.119228383354988,8.949995440110438,9.051534652709961,1231100,0.0,0.0
2026-06-25 00:00:00-04:00,9.099886996870444,9.099886996870444,8.872631911350501,8.96450138092041,768600,0.0,0.0
2026-06-26 00:00:00-04:00,8.954830061978583,9.157909393310547,8.954830061978583,9.157909393310547,738600,0.0,0.0
2026-06-29 00:00:00-04:00,9.177250335617725,9.45285781806191,9.17628382251523,9.390000343322754,1355100,0.0,0.0
2026-06-30 00:00:00-04:00,9.369999885559082,9.569999694824219,9.369999885559082,9.479999542236328,861400,0.32,0.0
2026-07-01 00:00:00-04:00,9.510000228881836,9.729999542236328,9.5,9.6899995803833,1169300,0.0,0.0
2026-07-02 00:00:00-04:00,9.729999542236328,9.789999961853027,9.579999923706055,9.579999923706055,734100,0.0,0.0
2026-07-06 00:00:00-04:00,9.550000190734863,9.609999656677246,9.170000076293945,9.180000305175781,1151600,0.0,0.0
2026-07-07 00:00:00-04:00,9.239999771118164,9.35200023651123,8.970000267028809,9.0,1357600,0.0,0.0
2026-07-08 00:00:00-04:00,8.989999771118164,9.055000305175781,8.854999542236328,8.930000305175781,1224300,0.0,0.0
2026-07-09 00:00:00-04:00,8.710000038146973,8.779999732971191,8.354999542236328,8.550000190734863,3238300,0.0,0.0
2026-07-10 00:00:00-04:00,8.640000343322754,8.954999923706055,8.630000114440918,8.819999694824219,1088500,0.0,0.0
2026-07-13 00:00:00-04:00,8.84000015258789,8.960000038146973,8.800000190734863,8.8100004196167,642600,0.0,0.0
2026-07-14 00:00:00-04:00,8.779999732971191,8.949999809265137,8.779999732971191,8.899999618530273,498000,0.0,0.0
2026-07-15 00:00:00-04:00,8.949999809265137,9.097999572753906,8.930000305175781,8.9399995803833,787500,0.0,0.0
2026-07-16 00:00:00-04:00,8.899999618530273,9.079999923706055,8.859999656677246,9.0600004196167,645900,0.0,0.0
2026-07-17 00:00:00-04:00,8.989999771118164,9.069999694824219,8.800000190734863,8.829999923706055,445800,0.0,0.0
2026-07-20 00:00:00-04:00,8.850000381469727,8.850000381469727,8.609999656677246,8.6899995803833,552100,0.0,0.0
2026-07-21 00:00:00-04:00,8.75,8.869999885559082,8.720000267028809,8.8100004196167,402300,0.0,0.0
2026-07-22 00:00:00-04:00,8.770000457763672,8.850000381469727,8.640000343322754,8.65999984741211,503300,0.0,0.0
2026-07-23 00:00:00-04:00,8.65999984741211,8.682999610900879,8.5600004196167,8.609999656677246,556300,0.0,0.0
2026-07-24 00:00:00-04:00,8.640000343322754,8.6899995803833,8.5600004196167,8.65999984741211,839900,0.0,0.0
2026-07-27 00:00:00-04:00,8.699999809265137,8.800000190734863,8.6899995803833,8.699999809265137,570500,0.0,0.0
2026-07-28 00:00:00-04:00,8.75,8.90999984741211,8.730999946594238,8.880000114440918,850500,0.0,0.0
2026-07-29 00:00:00-04:00,8.829999923706055,8.994999885559082,8.8100004196167,8.859999656677246,1114754,0.0,0.0
