Date,Open,High,Low,Close,Volume,Dividends,Stock Splits
2022-01-03 00:00:00-05:00,34.91999816894531,35.54999923706055,34.70000076293945,34.95000076293945,720100,0.0,0.0
2022-01-04 00:00:00-05:00,34.9900016784668,35.61000061035156,34.81999969482422,35.41999816894531,1135500,0.0,0.0
2022-01-05 00:00:00-05:00,35.33000183105469,35.869998931884766,34.75,34.7599983215332,630700,0.0,0.0
2022-01-06 00:00:00-05:00,34.65999984741211,35.310001373291016,34.52000045776367,34.61000061035156,497100,0.0,0.0
2022-01-07 00:00:00-05:00,34.43000030517578,34.75,33.79999923706055,34.060001373291016,508900,0.0,0.0
2022-01-10 00:00:00-05:00,33.68000030517578,34.59000015258789,33.029998779296875,34.529998779296875,510200,0.0,0.0
2022-01-11 00:00:00-05:00,34.61000061035156,35.33000183105469,34.34000015258789,35.25,583800,0.0,0.0
2022-01-12 00:00:00-05:00,35.34000015258789,35.720001220703125,34.470001220703125,34.869998931884766,708800,0.0,0.0
2022-01-13 00:00:00-05:00,34.95000076293945,35.70000076293945,34.56999969482422,34.7400016784668,560700,0.0,0.0
2022-01-14 00:00:00-05:00,34.459999084472656,34.75,34.16999816894531,34.54999923706055,690600,0.0,0.0
2022-01-18 00:00:00-05:00,34.130001068115234,34.31999969482422,33.38999938964844,33.45000076293945,487700,0.0,0.0
2022-01-19 00:00:00-05:00,33.470001220703125,34.02000045776367,32.720001220703125,33.439998626708984,769900,0.0,0.0
2022-01-20 00:00:00-05:00,33.58000183105469,34.40999984741211,33.099998474121094,33.16999816894531,512600,0.0,0.0
2022-01-21 00:00:00-05:00,33.0,34.040000915527344,32.84000015258789,33.279998779296875,722900,0.0,0.0
2022-01-24 00:00:00-05:00,32.58000183105469,33.88999938964844,32.20000076293945,33.869998931884766,859100,0.0,0.0
2022-01-25 00:00:00-05:00,34.77000045776367,34.77000045776367,31.899999618530273,32.61000061035156,719200,0.0,0.0
2022-01-26 00:00:00-05:00,33.08000183105469,33.66999816894531,31.809999465942383,32.22999954223633,822000,0.0,0.0
2022-01-27 00:00:00-05:00,32.68000030517578,33.31999969482422,31.950000762939453,32.29999923706055,523400,0.0,0.0
2022-01-28 00:00:00-05:00,32.16999816894531,34.369998931884766,32.16999816894531,34.36000061035156,1021900,0.0,0.0
2022-01-31 00:00:00-05:00,33.97999954223633,34.459999084472656,33.810001373291016,34.369998931884766,629500,0.0,0.0
2022-02-01 00:00:00-05:00,34.279998779296875,34.75,33.7400016784668,34.45000076293945,446100,0.0,0.0
2022-02-02 00:00:00-05:00,34.349998474121094,34.5,33.91999816894531,34.04999923706055,515300,0.0,0.0
2022-02-03 00:00:00-05:00,33.470001220703125,33.84000015258789,33.029998779296875,33.09000015258789,434800,0.0,0.0
2022-02-04 00:00:00-05:00,32.93000030517578,33.4900016784668,32.59000015258789,33.119998931884766,420700,0.0,0.0
2022-02-07 00:00:00-05:00,33.16999816894531,34.459999084472656,33.04999923706055,33.61000061035156,389200,0.0,0.0
2022-02-08 00:00:00-05:00,33.5099983215332,33.88999938964844,33.470001220703125,33.7400016784668,648400,0.0,0.0
2022-02-09 00:00:00-05:00,34.2400016784668,34.84000015258789,33.91999816894531,34.5,553800,0.0,0.0
2022-02-10 00:00:00-05:00,33.720001220703125,34.90999984741211,33.720001220703125,34.029998779296875,432800,0.0,0.0
2022-02-11 00:00:00-05:00,34.11000061035156,34.54999923706055,33.54999923706055,33.72999954223633,365300,0.0,0.0
2022-02-14 00:00:00-05:00,33.709999084472656,34.119998931884766,33.4900016784668,33.7599983215332,402500,0.0,0.0
2022-02-15 00:00:00-05:00,34.16999816894531,34.95000076293945,34.09000015258789,34.84000015258789,761900,0.0,0.0
2022-02-16 00:00:00-05:00,34.4900016784668,35.29999923706055,34.189998626708984,35.119998931884766,671500,0.0,0.0
2022-02-17 00:00:00-05:00,34.83000183105469,34.83000183105469,33.810001373291016,33.849998474121094,435900,0.0,0.0
2022-02-18 00:00:00-05:00,33.689998626708984,33.95000076293945,32.9900016784668,33.060001373291016,555400,0.0,0.0
2022-02-22 00:00:00-05:00,33.0,33.619998931884766,32.560001373291016,33.20000076293945,707200,0.0,0.0
2022-02-23 00:00:00-05:00,33.209999084472656,33.95000076293945,32.529998779296875,32.65999984741211,547600,0.0,0.0
2022-02-24 00:00:00-05:00,32.0,33.9900016784668,31.969999313354492,33.58000183105469,676100,0.0,0.0
2022-02-25 00:00:00-05:00,33.90999984741211,34.58000183105469,33.5099983215332,34.290000915527344,705100,0.0,0.0
2022-02-28 00:00:00-05:00,33.77000045776367,34.41999816894531,33.27000045776367,33.52000045776367,691600,0.0,0.0
2022-03-01 00:00:00-05:00,33.54999923706055,33.81999969482422,31.40999984741211,31.690000534057617,794500,0.0,0.0
2022-03-02 00:00:00-05:00,31.93000030517578,32.84000015258789,31.719999313354492,32.54999923706055,368400,0.0,0.0
2022-03-03 00:00:00-05:00,32.70000076293945,32.959999084472656,32.15999984741211,32.779998779296875,397900,0.0,0.0
2022-03-04 00:00:00-05:00,32.40999984741211,32.709999084472656,31.6299991607666,32.09000015258789,467000,0.0,0.0
2022-03-07 00:00:00-05:00,32.150001525878906,32.41999816894531,31.40999984741211,31.520000457763672,629800,0.0,0.0
2022-03-08 00:00:00-05:00,31.459999084472656,32.41999816894531,31.209999084472656,31.579999923706055,450800,0.0,0.0
2022-03-09 00:00:00-05:00,32.290000915527344,33.0099983215332,31.760000228881836,32.65999984741211,455200,0.0,0.0
2022-03-10 00:00:00-05:00,31.989999771118164,32.290000915527344,31.34000015258789,32.13999938964844,409600,0.0,0.0
2022-03-11 00:00:00-05:00,32.2599983215332,32.400001525878906,31.559999465942383,31.610000610351562,400700,0.0,0.0
2022-03-14 00:00:00-04:00,31.760000228881836,32.099998474121094,31.34000015258789,31.5,443100,0.0,0.0
2022-03-15 00:00:00-04:00,31.670000076293945,32.08000183105469,31.530000686645508,31.989999771118164,485300,0.0,0.0
2022-03-16 00:00:00-04:00,32.369998931884766,33.0,31.739999771118164,32.83000183105469,560500,0.0,0.0
2022-03-17 00:00:00-04:00,32.619998931884766,33.150001525878906,32.38999938964844,32.95000076293945,625000,0.0,0.0
2022-03-18 00:00:00-04:00,33.0,33.400001525878906,32.400001525878906,33.2599983215332,1013300,0.0,0.0
2022-03-21 00:00:00-04:00,33.25,34.09000015258789,33.09000015258789,33.61000061035156,579200,0.0,0.0
2022-03-22 00:00:00-04:00,33.720001220703125,34.20000076293945,33.29999923706055,33.470001220703125,399200,0.0,0.0
2022-03-23 00:00:00-04:00,33.25,33.25,32.52000045776367,32.59000015258789,379000,0.0,0.0
2022-03-24 00:00:00-04:00,32.650001525878906,33.529998779296875,32.380001068115234,32.630001068115234,371600,0.0,0.0
2022-03-25 00:00:00-04:00,32.630001068115234,32.7400016784668,32.349998474121094,32.560001373291016,322000,0.0,0.0
2022-03-28 00:00:00-04:00,32.459999084472656,32.709999084472656,32.04999923706055,32.5099983215332,280200,0.0,0.0
2022-03-29 00:00:00-04:00,32.97999954223633,33.59000015258789,32.83000183105469,33.2599983215332,542500,0.0,0.0
2022-03-30 00:00:00-04:00,33.15999984741211,33.310001373291016,32.290000915527344,32.290000915527344,948800,0.0,0.0
2022-03-31 00:00:00-04:00,32.2400016784668,32.650001525878906,31.31999969482422,31.489999771118164,2845500,0.0,0.0
2022-04-01 00:00:00-04:00,31.649999618530273,32.7400016784668,29.979999542236328,30.049999237060547,1658400,0.0,0.0
2022-04-04 00:00:00-04:00,29.219999313354492,30.139999389648438,29.219999313354492,29.6200008392334,1173000,0.0,0.0
2022-04-05 00:00:00-04:00,29.59000015258789,29.950000762939453,28.5,28.739999771118164,753000,0.0,0.0
2022-04-06 00:00:00-04:00,28.329999923706055,28.649999618530273,27.209999084472656,27.3700008392334,857000,0.0,0.0
2022-04-07 00:00:00-04:00,27.219999313354492,27.309999465942383,26.309999465942383,26.670000076293945,990100,0.0,0.0
2022-04-08 00:00:00-04:00,26.610000610351562,27.139999389648438,25.93000030517578,26.739999771118164,946800,0.0,0.0
2022-04-11 00:00:00-04:00,26.520000457763672,27.969999313354492,26.3799991607666,27.600000381469727,1549100,0.0,0.0
2022-04-12 00:00:00-04:00,27.950000762939453,27.950000762939453,27.059999465942383,27.139999389648438,882200,0.0,0.0
2022-04-13 00:00:00-04:00,27.06999969482422,27.56999969482422,26.729999542236328,27.309999465942383,519900,0.0,0.0
2022-04-14 00:00:00-04:00,27.329999923706055,27.649999618530273,26.40999984741211,27.489999771118164,789100,0.0,0.0
2022-04-18 00:00:00-04:00,27.43000030517578,28.1299991607666,27.270000457763672,27.81999969482422,564000,0.0,0.0
2022-04-19 00:00:00-04:00,27.700000762939453,28.709999084472656,27.700000762939453,28.559999465942383,1052200,0.0,0.0
2022-04-20 00:00:00-04:00,28.790000915527344,29.270000457763672,28.309999465942383,29.030000686645508,523900,0.0,0.0
2022-04-21 00:00:00-04:00,29.209999084472656,29.40999984741211,28.280000686645508,28.540000915527344,675300,0.0,0.0
2022-04-22 00:00:00-04:00,28.450000762939453,29.110000610351562,28.149999618530273,28.350000381469727,913300,0.0,0.0
2022-04-25 00:00:00-04:00,28.15999984741211,28.489999771118164,27.3700008392334,28.399999618530273,647700,0.0,0.0
2022-04-26 00:00:00-04:00,28.059999465942383,28.079999923706055,27.049999237060547,27.110000610351562,514300,0.0,0.0
2022-04-27 00:00:00-04:00,27.100000381469727,27.43000030517578,26.81999969482422,26.899999618530273,569800,0.0,0.0
2022-04-28 00:00:00-04:00,27.3799991607666,27.979999542236328,27.229999542236328,27.889999389648438,390600,0.0,0.0
2022-04-29 00:00:00-04:00,27.770000457763672,28.100000381469727,27.489999771118164,27.6200008392334,632400,0.0,0.0
2022-05-02 00:00:00-04:00,27.6200008392334,27.950000762939453,26.979999542236328,27.6299991607666,711900,0.0,0.0
2022-05-03 00:00:00-04:00,27.579999923706055,27.940000534057617,27.229999542236328,27.75,415000,0.0,0.0
2022-05-04 00:00:00-04:00,27.68000030517578,28.479999542236328,27.110000610351562,28.479999542236328,556800,0.0,0.0
2022-05-05 00:00:00-04:00,27.8700008392334,28.940000534057617,26.760000228881836,27.3700008392334,763500,0.0,0.0
2022-05-06 00:00:00-04:00,27.479999542236328,27.729999542236328,26.329999923706055,26.93000030517578,770400,0.0,0.0
2022-05-09 00:00:00-04:00,26.469999313354492,26.700000762939453,25.760000228881836,25.81999969482422,816000,0.0,0.0
2022-05-10 00:00:00-04:00,26.209999084472656,26.34000015258789,25.6200008392334,25.8700008392334,805800,0.0,0.0
2022-05-11 00:00:00-04:00,25.709999084472656,26.15999984741211,24.5,24.600000381469727,642500,0.0,0.0
2022-05-12 00:00:00-04:00,24.43000030517578,25.3799991607666,24.399999618530273,25.290000915527344,748200,0.0,0.0
2022-05-13 00:00:00-04:00,25.579999923706055,26.110000610351562,25.450000762939453,25.75,598700,0.0,0.0
2022-05-16 00:00:00-04:00,25.469999313354492,26.209999084472656,25.06999969482422,25.25,445300,0.0,0.0
2022-05-17 00:00:00-04:00,25.770000457763672,25.989999771118164,25.030000686645508,25.65999984741211,1213400,0.0,0.0
2022-05-18 00:00:00-04:00,25.40999984741211,25.860000610351562,24.940000534057617,25.110000610351562,496600,0.0,0.0
2022-05-19 00:00:00-04:00,25.040000915527344,26.15999984741211,24.829999923706055,25.770000457763672,785900,0.0,0.0
2022-05-20 00:00:00-04:00,26.040000915527344,26.479999542236328,25.459999084472656,25.860000610351562,693200,0.0,0.0
2022-05-23 00:00:00-04:00,26.100000381469727,26.290000915527344,25.799999237060547,26.0,708200,0.0,0.0
2022-05-24 00:00:00-04:00,25.81999969482422,25.969999313354492,24.780000686645508,25.549999237060547,577400,0.0,0.0
2022-05-25 00:00:00-04:00,25.56999969482422,26.1200008392334,24.899999618530273,25.920000076293945,536500,0.0,0.0
2022-05-26 00:00:00-04:00,25.959999084472656,26.450000762939453,25.93000030517578,26.200000762939453,428700,0.0,0.0
2022-05-27 00:00:00-04:00,26.260000228881836,26.670000076293945,26.219999313354492,26.350000381469727,531600,0.0,0.0
2022-05-31 00:00:00-04:00,26.149999618530273,26.709999084472656,26.0,26.639999389648438,1356500,0.0,0.0
2022-06-01 00:00:00-04:00,26.920000076293945,27.360000610351562,26.829999923706055,27.1299991607666,1092600,0.0,0.0
2022-06-02 00:00:00-04:00,27.09000015258789,28.030000686645508,26.93000030517578,27.860000610351562,710500,0.0,0.0
2022-06-03 00:00:00-04:00,27.65999984741211,27.770000457763672,27.299999237060547,27.530000686645508,619700,0.0,0.0
2022-06-06 00:00:00-04:00,27.559999465942383,27.81999969482422,27.43000030517578,27.729999542236328,554600,0.0,0.0
2022-06-07 00:00:00-04:00,27.729999542236328,28.40999984741211,27.709999084472656,28.3799991607666,589300,0.0,0.0
2022-06-08 00:00:00-04:00,28.18000030517578,29.559999465942383,27.56999969482422,27.709999084472656,578500,0.0,0.0
2022-06-09 00:00:00-04:00,27.59000015258789,28.010000228881836,27.559999465942383,27.6200008392334,564300,0.0,0.0
2022-06-10 00:00:00-04:00,27.100000381469727,27.389999389648438,26.950000762939453,27.059999465942383,506300,0.0,0.0
2022-06-13 00:00:00-04:00,26.290000915527344,26.690000534057617,25.8700008392334,26.0,791600,0.0,0.0
2022-06-14 00:00:00-04:00,26.170000076293945,26.90999984741211,25.760000228881836,26.020000457763672,548400,0.0,0.0
2022-06-15 00:00:00-04:00,26.239999771118164,26.290000915527344,25.479999542236328,25.829999923706055,653200,0.0,0.0
2022-06-16 00:00:00-04:00,25.280000686645508,25.34000015258789,23.6299991607666,24.079999923706055,1098900,0.0,0.0
2022-06-17 00:00:00-04:00,24.350000381469727,25.3700008392334,24.100000381469727,25.200000762939453,1511200,0.0,0.0
2022-06-21 00:00:00-04:00,25.6299991607666,25.790000915527344,25.25,25.5,611600,0.0,0.0
2022-06-22 00:00:00-04:00,25.190000534057617,25.950000762939453,24.770000457763672,25.610000610351562,614700,0.0,0.0
2022-06-23 00:00:00-04:00,25.729999542236328,26.270000457763672,25.559999465942383,26.239999771118164,379300,0.0,0.0
2022-06-24 00:00:00-04:00,26.350000381469727,27.350000381469727,25.3799991607666,27.34000015258789,1941600,0.0,0.0
2022-06-27 00:00:00-04:00,27.420000076293945,27.559999465942383,26.889999389648438,27.239999771118164,452700,0.0,0.0
2022-06-28 00:00:00-04:00,27.479999542236328,27.65999984741211,26.100000381469727,26.110000610351562,954800,0.0,0.0
2022-06-29 00:00:00-04:00,26.34000015258789,26.450000762939453,25.700000762939453,25.969999313354492,576100,0.0,0.0
2022-06-30 00:00:00-04:00,25.760000228881836,26.479999542236328,25.3799991607666,25.889999389648438,1241800,0.0,0.0
2022-07-01 00:00:00-04:00,26.110000610351562,26.329999923706055,25.65999984741211,25.8700008392334,565700,0.0,0.0
2022-07-05 00:00:00-04:00,25.469999313354492,26.25,25.100000381469727,26.229999542236328,562400,0.0,0.0
2022-07-06 00:00:00-04:00,26.260000228881836,27.040000915527344,25.690000534057617,26.030000686645508,412200,0.0,0.0
2022-07-07 00:00:00-04:00,26.170000076293945,27.15999984741211,25.8799991607666,27.149999618530273,597500,0.0,0.0
2022-07-08 00:00:00-04:00,26.940000534057617,27.75,26.6299991607666,27.110000610351562,584000,0.0,0.0
2022-07-11 00:00:00-04:00,26.860000610351562,27.280000686645508,26.709999084472656,27.15999984741211,658500,0.0,0.0
2022-07-12 00:00:00-04:00,27.170000076293945,27.489999771118164,26.829999923706055,27.0,562500,0.0,0.0
2022-07-13 00:00:00-04:00,26.530000686645508,26.59000015258789,25.959999084472656,26.239999771118164,550100,0.0,0.0
2022-07-14 00:00:00-04:00,25.780000686645508,26.229999542236328,25.739999771118164,26.030000686645508,516500,0.0,0.0
2022-07-15 00:00:00-04:00,26.989999771118164,27.09000015258789,26.59000015258789,26.81999969482422,722300,0.0,0.0
2022-07-18 00:00:00-04:00,27.0,27.200000762939453,26.34000015258789,26.450000762939453,391300,0.0,0.0
2022-07-19 00:00:00-04:00,26.799999237060547,27.329999923706055,26.459999084472656,27.25,601900,0.0,0.0
2022-07-20 00:00:00-04:00,27.450000762939453,27.59000015258789,27.010000228881836,27.290000915527344,533300,0.0,0.0
2022-07-21 00:00:00-04:00,27.239999771118164,27.459999084472656,26.979999542236328,27.450000762939453,483200,0.0,0.0
2022-07-22 00:00:00-04:00,27.559999465942383,27.790000915527344,27.209999084472656,27.479999542236328,399100,0.0,0.0
2022-07-25 00:00:00-04:00,27.59000015258789,27.600000381469727,27.229999542236328,27.329999923706055,297000,0.0,0.0
2022-07-26 00:00:00-04:00,27.149999618530273,27.510000228881836,27.149999618530273,27.479999542236328,419300,0.0,0.0
2022-07-27 00:00:00-04:00,27.799999237060547,28.15999984741211,27.610000610351562,27.899999618530273,868700,0.0,0.0
2022-07-28 00:00:00-04:00,27.959999084472656,28.209999084472656,27.530000686645508,27.860000610351562,632100,0.0,0.0
2022-07-29 00:00:00-04:00,27.969999313354492,28.59000015258789,27.6200008392334,28.530000686645508,783400,0.0,0.0
2022-08-01 00:00:00-04:00,28.260000228881836,28.959999084472656,28.190000534057617,28.639999389648438,675000,0.0,0.0
2022-08-02 00:00:00-04:00,28.450000762939453,29.350000381469727,28.079999923706055,28.3799991607666,396200,0.0,0.0
2022-08-03 00:00:00-04:00,28.459999084472656,29.030000686645508,28.440000534057617,28.5,793200,0.0,0.0
2022-08-04 00:00:00-04:00,28.459999084472656,28.459999084472656,26.030000686645508,27.190000534057617,1129200,0.0,0.0
2022-08-05 00:00:00-04:00,26.969999313354492,26.969999313354492,25.770000457763672,26.149999618530273,797000,0.0,0.0
2022-08-08 00:00:00-04:00,26.3700008392334,26.639999389648438,25.850000381469727,25.920000076293945,659400,0.0,0.0
2022-08-09 00:00:00-04:00,25.920000076293945,26.079999923706055,25.459999084472656,25.860000610351562,709500,0.0,0.0
2022-08-10 00:00:00-04:00,26.049999237060547,26.93000030517578,26.049999237060547,26.43000030517578,523700,0.0,0.0
2022-08-11 00:00:00-04:00,26.75,26.75,26.1200008392334,26.1299991607666,412400,0.0,0.0
2022-08-12 00:00:00-04:00,26.280000686645508,26.489999771118164,25.979999542236328,26.1299991607666,550600,0.0,0.0
2022-08-15 00:00:00-04:00,25.8700008392334,25.979999542236328,25.639999389648438,25.75,959000,0.0,0.0
2022-08-16 00:00:00-04:00,25.610000610351562,26.600000381469727,25.389999389648438,26.510000228881836,1044600,0.0,0.0
2022-08-17 00:00:00-04:00,26.350000381469727,26.5,25.700000762939453,25.799999237060547,594500,0.0,0.0
2022-08-18 00:00:00-04:00,25.75,25.979999542236328,25.5,25.790000915527344,591400,0.0,0.0
2022-08-19 00:00:00-04:00,25.760000228881836,25.920000076293945,25.1200008392334,25.170000076293945,617700,0.0,0.0
2022-08-22 00:00:00-04:00,24.799999237060547,24.950000762939453,24.450000762939453,24.719999313354492,554500,0.0,0.0
2022-08-23 00:00:00-04:00,24.700000762939453,25.020000457763672,24.56999969482422,24.65999984741211,858900,0.0,0.0
2022-08-24 00:00:00-04:00,24.579999923706055,24.809999465942383,24.399999618530273,24.56999969482422,392900,0.0,0.0
2022-08-25 00:00:00-04:00,24.600000381469727,24.93000030517578,24.520000457763672,24.829999923706055,521600,0.0,0.0
2022-08-26 00:00:00-04:00,24.850000381469727,24.850000381469727,24.100000381469727,24.1200008392334,548000,0.0,0.0
2022-08-29 00:00:00-04:00,23.84000015258789,24.049999237060547,23.610000610351562,23.6200008392334,508200,0.0,0.0
2022-08-30 00:00:00-04:00,23.790000915527344,24.1200008392334,23.6299991607666,24.09000015258789,789800,0.0,0.0
2022-08-31 00:00:00-04:00,24.299999237060547,24.709999084472656,23.700000762939453,23.700000762939453,772000,0.0,0.0
2022-09-01 00:00:00-04:00,23.420000076293945,23.600000381469727,22.940000534057617,23.260000228881836,563800,0.0,0.0
2022-09-02 00:00:00-04:00,23.299999237060547,23.31999969482422,22.420000076293945,22.649999618530273,800800,0.0,0.0
2022-09-06 00:00:00-04:00,22.649999618530273,22.790000915527344,21.84000015258789,21.860000610351562,501900,0.0,0.0
2022-09-07 00:00:00-04:00,21.719999313354492,22.239999771118164,21.6200008392334,22.020000457763672,1000700,0.0,0.0
2022-09-08 00:00:00-04:00,21.770000457763672,22.020000457763672,21.510000228881836,21.950000762939453,677200,0.0,0.0
2022-09-09 00:00:00-04:00,22.190000534057617,23.030000686645508,22.079999923706055,22.75,1047100,0.0,0.0
2022-09-12 00:00:00-04:00,23.1299991607666,23.770000457763672,23.1200008392334,23.399999618530273,791500,0.0,0.0
2022-09-13 00:00:00-04:00,22.739999771118164,23.170000076293945,22.59000015258789,22.690000534057617,1177100,0.0,0.0
2022-09-14 00:00:00-04:00,22.690000534057617,22.959999084472656,22.3700008392334,22.440000534057617,972600,0.0,0.0
2022-09-15 00:00:00-04:00,22.18000030517578,22.6200008392334,21.979999542236328,22.420000076293945,717000,0.0,0.0
2022-09-16 00:00:00-04:00,22.360000610351562,22.360000610351562,21.739999771118164,21.8799991607666,1571000,0.0,0.0
2022-09-19 00:00:00-04:00,21.700000762939453,22.0,21.420000076293945,21.950000762939453,986900,0.0,0.0
2022-09-20 00:00:00-04:00,21.760000228881836,21.81999969482422,21.3700008392334,21.739999771118164,574600,0.0,0.0
2022-09-21 00:00:00-04:00,21.90999984741211,22.100000381469727,21.40999984741211,21.459999084472656,738100,0.0,0.0
2022-09-22 00:00:00-04:00,21.299999237060547,21.489999771118164,20.68000030517578,20.899999618530273,695400,0.0,0.0
2022-09-23 00:00:00-04:00,20.719999313354492,20.940000534057617,20.420000076293945,20.780000686645508,994000,0.0,0.0
2022-09-26 00:00:00-04:00,20.739999771118164,21.020000457763672,20.190000534057617,20.440000534057617,1355900,0.0,0.0
2022-09-27 00:00:00-04:00,20.6200008392334,20.90999984741211,20.31999969482422,20.5,955800,0.0,0.0
2022-09-28 00:00:00-04:00,20.68000030517578,21.18000030517578,20.549999237060547,21.020000457763672,747000,0.0,0.0
2022-09-29 00:00:00-04:00,20.700000762939453,21.09000015258789,20.690000534057617,21.06999969482422,625300,0.0,0.0
2022-09-30 00:00:00-04:00,21.110000610351562,21.520000457763672,20.829999923706055,20.899999618530273,746600,0.0,0.0
2022-10-03 00:00:00-04:00,21.209999084472656,21.5,20.81999969482422,21.200000762939453,1573300,0.0,0.0
2022-10-04 00:00:00-04:00,21.56999969482422,22.420000076293945,21.559999465942383,22.219999313354492,1322300,0.0,0.0
2022-10-05 00:00:00-04:00,21.81999969482422,22.43000030517578,21.81999969482422,22.15999984741211,1074000,0.0,0.0
2022-10-06 00:00:00-04:00,22.079999923706055,22.299999237060547,21.950000762939453,22.1200008392334,493400,0.0,0.0
2022-10-07 00:00:00-04:00,21.860000610351562,22.0,21.59000015258789,21.93000030517578,875600,0.0,0.0
2022-10-10 00:00:00-04:00,21.959999084472656,22.110000610351562,21.530000686645508,21.75,752100,0.0,0.0
2022-10-11 00:00:00-04:00,21.75,21.90999984741211,21.0,21.610000610351562,745200,0.0,0.0
2022-10-12 00:00:00-04:00,21.670000076293945,21.75,21.399999618530273,21.6299991607666,476600,0.0,0.0
2022-10-13 00:00:00-04:00,21.190000534057617,22.209999084472656,21.020000457763672,21.8700008392334,976900,0.0,0.0
2022-10-14 00:00:00-04:00,22.139999389648438,22.280000686645508,21.56999969482422,21.610000610351562,448000,0.0,0.0
2022-10-17 00:00:00-04:00,21.969999313354492,22.360000610351562,21.899999618530273,22.219999313354492,968200,0.0,0.0
2022-10-18 00:00:00-04:00,22.670000076293945,22.940000534057617,22.200000762939453,22.420000076293945,594700,0.0,0.0
2022-10-19 00:00:00-04:00,22.219999313354492,22.440000534057617,21.899999618530273,22.1200008392334,581800,0.0,0.0
2022-10-20 00:00:00-04:00,22.219999313354492,22.360000610351562,21.670000076293945,21.790000915527344,620500,0.0,0.0
2022-10-21 00:00:00-04:00,21.90999984741211,22.549999237060547,21.5,22.510000228881836,830700,0.0,0.0
2022-10-24 00:00:00-04:00,22.68000030517578,22.920000076293945,22.459999084472656,22.860000610351562,558400,0.0,0.0
2022-10-25 00:00:00-04:00,22.969999313354492,23.719999313354492,22.790000915527344,23.610000610351562,586400,0.0,0.0
2022-10-26 00:00:00-04:00,23.6200008392334,24.110000610351562,23.360000610351562,23.530000686645508,487500,0.0,0.0
2022-10-27 00:00:00-04:00,23.719999313354492,24.1200008392334,23.670000076293945,23.860000610351562,421900,0.0,0.0
2022-10-28 00:00:00-04:00,24.0,24.829999923706055,23.950000762939453,24.739999771118164,501500,0.0,0.0
2022-10-31 00:00:00-04:00,24.610000610351562,24.84000015258789,24.270000457763672,24.329999923706055,832800,0.0,0.0
2022-11-01 00:00:00-04:00,24.690000534057617,24.690000534057617,24.270000457763672,24.6200008392334,704700,0.0,0.0
2022-11-02 00:00:00-04:00,23.770000457763672,24.06999969482422,20.020000457763672,20.040000915527344,2566800,0.0,0.0
2022-11-03 00:00:00-04:00,19.90999984741211,21.389999389648438,19.68000030517578,20.600000381469727,1416400,0.0,0.0
2022-11-04 00:00:00-04:00,20.610000610351562,20.65999984741211,19.899999618530273,20.540000915527344,1227300,0.0,0.0
2022-11-07 00:00:00-05:00,20.530000686645508,21.270000457763672,20.5,20.979999542236328,850500,0.0,0.0
2022-11-08 00:00:00-05:00,20.979999542236328,21.56999969482422,20.43000030517578,20.809999465942383,1413500,0.0,0.0
2022-11-09 00:00:00-05:00,20.639999389648438,20.649999618530273,19.959999084472656,20.0,980900,0.0,0.0
2022-11-10 00:00:00-05:00,20.90999984741211,21.40999984741211,20.25,20.40999984741211,2700200,0.0,0.0
2022-11-11 00:00:00-05:00,20.40999984741211,20.899999618530273,20.040000915527344,20.780000686645508,1418700,0.0,0.0
2022-11-14 00:00:00-05:00,20.639999389648438,21.25,20.389999389648438,20.760000228881836,991700,0.0,0.0
2022-11-15 00:00:00-05:00,21.09000015258789,21.940000534057617,20.8700008392334,21.610000610351562,1282500,0.0,0.0
2022-11-16 00:00:00-05:00,21.459999084472656,21.610000610351562,20.920000076293945,20.969999313354492,856500,0.0,0.0
2022-11-17 00:00:00-05:00,20.68000030517578,20.979999542236328,20.34000015258789,20.829999923706055,951400,0.0,0.0
2022-11-18 00:00:00-05:00,21.239999771118164,21.34000015258789,20.540000915527344,20.59000015258789,766400,0.0,0.0
2022-11-21 00:00:00-05:00,20.510000228881836,20.739999771118164,20.239999771118164,20.309999465942383,1057600,0.0,0.0
2022-11-22 00:00:00-05:00,20.450000762939453,20.5,20.100000381469727,20.40999984741211,961600,0.0,0.0
2022-11-23 00:00:00-05:00,20.360000610351562,20.670000076293945,20.110000610351562,20.639999389648438,1005400,0.0,0.0
2022-11-25 00:00:00-05:00,20.59000015258789,21.219999313354492,20.489999771118164,20.899999618530273,403000,0.0,0.0
2022-11-28 00:00:00-05:00,20.649999618530273,21.170000076293945,20.350000381469727,20.43000030517578,895500,0.0,0.0
2022-11-29 00:00:00-05:00,20.360000610351562,20.729999542236328,20.15999984741211,20.3700008392334,936700,0.0,0.0
2022-11-30 00:00:00-05:00,20.31999969482422,20.899999618530273,19.920000076293945,20.899999618530273,1150100,0.0,0.0
2022-12-01 00:00:00-05:00,20.920000076293945,21.850000381469727,20.350000381469727,21.579999923706055,1022400,0.0,0.0
2022-12-02 00:00:00-05:00,21.290000915527344,21.920000076293945,21.209999084472656,21.700000762939453,792800,0.0,0.0
2022-12-05 00:00:00-05:00,21.600000381469727,21.709999084472656,20.979999542236328,21.15999984741211,654600,0.0,0.0
2022-12-06 00:00:00-05:00,21.110000610351562,21.139999389648438,20.5,20.639999389648438,658700,0.0,0.0
2022-12-07 00:00:00-05:00,20.610000610351562,20.8700008392334,20.360000610351562,20.559999465942383,687800,0.0,0.0
2022-12-08 00:00:00-05:00,20.690000534057617,21.290000915527344,20.579999923706055,20.8799991607666,886400,0.0,0.0
2022-12-09 00:00:00-05:00,20.739999771118164,20.959999084472656,20.6200008392334,20.739999771118164,673200,0.0,0.0
2022-12-12 00:00:00-05:00,20.709999084472656,21.030000686645508,20.270000457763672,20.75,1391800,0.0,0.0
2022-12-13 00:00:00-05:00,21.6299991607666,21.829999923706055,20.56999969482422,20.780000686645508,1571900,0.0,0.0
2022-12-14 00:00:00-05:00,20.690000534057617,21.43000030517578,20.690000534057617,21.079999923706055,1136300,0.0,0.0
2022-12-15 00:00:00-05:00,20.829999923706055,21.010000228881836,20.06999969482422,20.219999313354492,1272300,0.0,0.0
2022-12-16 00:00:00-05:00,20.18000030517578,20.549999237060547,20.020000457763672,20.459999084472656,2415200,0.0,0.0
2022-12-19 00:00:00-05:00,20.459999084472656,20.780000686645508,20.139999389648438,20.6200008392334,954700,0.0,0.0
2022-12-20 00:00:00-05:00,20.549999237060547,21.219999313354492,20.34000015258789,20.8799991607666,1101100,0.0,0.0
2022-12-21 00:00:00-05:00,21.010000228881836,21.450000762939453,21.010000228881836,21.3700008392334,1094600,0.0,0.0
2022-12-22 00:00:00-05:00,21.229999542236328,21.34000015258789,20.920000076293945,21.309999465942383,933300,0.0,0.0
2022-12-23 00:00:00-05:00,21.34000015258789,21.979999542236328,21.239999771118164,21.969999313354492,681000,0.0,0.0
2022-12-27 00:00:00-05:00,21.899999618530273,22.280000686645508,21.700000762939453,22.260000228881836,902600,0.0,0.0
2022-12-28 00:00:00-05:00,22.299999237060547,22.549999237060547,22.079999923706055,22.09000015258789,798700,0.0,0.0
2022-12-29 00:00:00-05:00,22.25,23.229999542236328,22.200000762939453,23.139999389648438,776700,0.0,0.0
2022-12-30 00:00:00-05:00,22.8799991607666,23.100000381469727,22.760000228881836,23.0,883200,0.0,0.0
2023-01-03 00:00:00-05:00,23.209999084472656,23.420000076293945,22.829999923706055,23.030000686645508,748700,0.0,0.0
2023-01-04 00:00:00-05:00,23.139999389648438,26.25,22.860000610351562,26.110000610351562,3541200,0.0,0.0
2023-01-05 00:00:00-05:00,26.100000381469727,27.0,25.959999084472656,25.959999084472656,3180200,0.0,0.0
2023-01-06 00:00:00-05:00,26.479999542236328,27.34000015258789,25.93000030517578,27.280000686645508,1907100,0.0,0.0
2023-01-09 00:00:00-05:00,27.350000381469727,27.690000534057617,26.5,26.700000762939453,1340500,0.0,0.0
2023-01-10 00:00:00-05:00,26.649999618530273,27.06999969482422,26.43000030517578,26.719999313354492,774700,0.0,0.0
2023-01-11 00:00:00-05:00,26.809999465942383,27.040000915527344,26.520000457763672,26.799999237060547,809500,0.0,0.0
2023-01-12 00:00:00-05:00,26.850000381469727,27.149999618530273,26.75,26.969999313354492,688600,0.0,0.0
2023-01-13 00:00:00-05:00,26.829999923706055,27.040000915527344,26.700000762939453,26.8799991607666,521200,0.0,0.0
2023-01-17 00:00:00-05:00,26.8799991607666,27.1299991607666,26.639999389648438,27.010000228881836,760600,0.0,0.0
2023-01-18 00:00:00-05:00,27.190000534057617,27.639999389648438,26.209999084472656,26.3799991607666,977400,0.0,0.0
2023-01-19 00:00:00-05:00,26.5,28.549999237060547,26.440000534057617,28.459999084472656,2323100,0.0,0.0
2023-01-20 00:00:00-05:00,28.6200008392334,29.079999923706055,28.239999771118164,28.989999771118164,1620200,0.0,0.0
2023-01-23 00:00:00-05:00,28.989999771118164,29.139999389648438,28.760000228881836,28.799999237060547,871300,0.0,0.0
2023-01-24 00:00:00-05:00,28.770000457763672,28.979999542236328,27.889999389648438,27.959999084472656,532300,0.0,0.0
2023-01-25 00:00:00-05:00,27.68000030517578,28.010000228881836,27.559999465942383,27.809999465942383,740400,0.0,0.0
2023-01-26 00:00:00-05:00,28.079999923706055,28.110000610351562,27.450000762939453,27.739999771118164,575300,0.0,0.0
2023-01-27 00:00:00-05:00,27.639999389648438,28.280000686645508,27.469999313354492,27.860000610351562,852400,0.0,0.0
2023-01-30 00:00:00-05:00,27.399999618530273,27.989999771118164,26.899999618530273,27.790000915527344,477900,0.0,0.0
2023-01-31 00:00:00-05:00,27.719999313354492,27.979999542236328,27.520000457763672,27.93000030517578,744300,0.0,0.0
2023-02-01 00:00:00-05:00,27.920000076293945,28.31999969482422,27.530000686645508,28.200000762939453,598300,0.0,0.0
2023-02-02 00:00:00-05:00,28.479999542236328,28.899999618530273,28.31999969482422,28.440000534057617,807300,0.0,0.0
2023-02-03 00:00:00-05:00,28.149999618530273,28.510000228881836,28.100000381469727,28.15999984741211,604500,0.0,0.0
2023-02-06 00:00:00-05:00,27.940000534057617,28.219999313354492,27.829999923706055,27.950000762939453,445000,0.0,0.0
2023-02-07 00:00:00-05:00,27.850000381469727,28.829999923706055,27.850000381469727,28.770000457763672,556700,0.0,0.0
2023-02-08 00:00:00-05:00,28.549999237060547,28.6200008392334,27.709999084472656,27.850000381469727,438800,0.0,0.0
2023-02-09 00:00:00-05:00,28.139999389648438,28.25,27.229999542236328,27.299999237060547,490800,0.0,0.0
2023-02-10 00:00:00-05:00,27.219999313354492,27.5,27.010000228881836,27.40999984741211,319500,0.0,0.0
2023-02-13 00:00:00-05:00,27.479999542236328,27.479999542236328,27.030000686645508,27.229999542236328,371400,0.0,0.0
2023-02-14 00:00:00-05:00,27.18000030517578,27.489999771118164,26.799999237060547,26.829999923706055,434200,0.0,0.0
2023-02-15 00:00:00-05:00,26.6200008392334,27.18000030517578,26.5,26.959999084472656,323800,0.0,0.0
2023-02-16 00:00:00-05:00,26.600000381469727,26.889999389648438,26.5,26.59000015258789,367900,0.0,0.0
2023-02-17 00:00:00-05:00,26.540000915527344,26.540000915527344,25.8700008392334,25.989999771118164,820300,0.0,0.0
2023-02-21 00:00:00-05:00,25.690000534057617,26.0,25.5,25.729999542236328,663100,0.0,0.0
2023-02-22 00:00:00-05:00,25.809999465942383,26.09000015258789,25.700000762939453,26.06999969482422,666000,0.0,0.0
2023-02-23 00:00:00-05:00,26.280000686645508,26.479999542236328,25.799999237060547,26.149999618530273,620800,0.0,0.0
2023-02-24 00:00:00-05:00,25.719999313354492,26.200000762939453,25.700000762939453,26.100000381469727,616000,0.0,0.0
2023-02-27 00:00:00-05:00,26.260000228881836,26.389999389648438,26.010000228881836,26.06999969482422,696400,0.0,0.0
2023-02-28 00:00:00-05:00,25.950000762939453,26.200000762939453,25.84000015258789,25.850000381469727,739500,0.0,0.0
2023-03-01 00:00:00-05:00,26.420000076293945,27.229999542236328,25.3700008392334,25.799999237060547,782000,0.0,0.0
2023-03-02 00:00:00-05:00,26.040000915527344,26.209999084472656,25.600000381469727,26.0,961100,0.0,0.0
2023-03-03 00:00:00-05:00,26.290000915527344,26.290000915527344,25.850000381469727,25.8700008392334,748300,0.0,0.0
2023-03-06 00:00:00-05:00,25.850000381469727,26.110000610351562,25.56999969482422,25.670000076293945,419300,0.0,0.0
2023-03-07 00:00:00-05:00,25.709999084472656,25.799999237060547,25.059999465942383,25.200000762939453,490500,0.0,0.0
2023-03-08 00:00:00-05:00,25.25,25.5,25.1299991607666,25.489999771118164,447700,0.0,0.0
2023-03-09 00:00:00-05:00,25.469999313354492,25.520000457763672,24.639999389648438,24.68000030517578,600500,0.0,0.0
2023-03-10 00:00:00-05:00,24.5,24.520000457763672,23.510000228881836,23.760000228881836,685000,0.0,0.0
2023-03-13 00:00:00-04:00,23.450000762939453,23.709999084472656,22.950000762939453,22.979999542236328,795500,0.0,0.0
2023-03-14 00:00:00-04:00,23.510000228881836,23.809999465942383,23.139999389648438,23.479999542236328,778000,0.0,0.0
2023-03-15 00:00:00-04:00,22.920000076293945,23.18000030517578,22.540000915527344,22.700000762939453,918100,0.0,0.0
2023-03-16 00:00:00-04:00,22.440000534057617,26.5,22.329999923706055,25.780000686645508,3411000,0.0,0.0
2023-03-17 00:00:00-04:00,25.649999618530273,27.280000686645508,25.649999618530273,26.940000534057617,3891500,0.0,0.0
2023-03-20 00:00:00-04:00,26.989999771118164,27.15999984741211,26.079999923706055,26.149999618530273,1188500,0.0,0.0
2023-03-21 00:00:00-04:00,26.399999618530273,26.56999969482422,25.790000915527344,26.200000762939453,863200,0.0,0.0
2023-03-22 00:00:00-04:00,26.139999389648438,26.420000076293945,25.549999237060547,25.56999969482422,898200,0.0,0.0
2023-03-23 00:00:00-04:00,25.639999389648438,26.030000686645508,24.940000534057617,24.959999084472656,967100,0.0,0.0
2023-03-24 00:00:00-04:00,24.65999984741211,25.329999923706055,24.65999984741211,25.270000457763672,1420800,0.0,0.0
2023-03-27 00:00:00-04:00,25.40999984741211,26.329999923706055,25.399999618530273,26.260000228881836,539600,0.0,0.0
2023-03-28 00:00:00-04:00,26.059999465942383,26.09000015258789,25.719999313354492,25.93000030517578,725900,0.0,0.0
2023-03-29 00:00:00-04:00,26.059999465942383,26.40999984741211,25.920000076293945,26.239999771118164,565200,0.0,0.0
2023-03-30 00:00:00-04:00,26.440000534057617,26.540000915527344,26.260000228881836,26.31999969482422,382300,0.0,0.0
2023-03-31 00:00:00-04:00,26.43000030517578,27.06999969482422,26.350000381469727,26.979999542236328,1992800,0.0,0.0
2023-04-03 00:00:00-04:00,26.81999969482422,27.110000610351562,26.209999084472656,26.530000686645508,494500,0.0,0.0
2023-04-04 00:00:00-04:00,26.59000015258789,26.780000686645508,25.969999313354492,26.18000030517578,550300,0.0,0.0
2023-04-05 00:00:00-04:00,26.049999237060547,26.09000015258789,25.68000030517578,25.899999618530273,465800,0.0,0.0
2023-04-06 00:00:00-04:00,25.950000762939453,26.170000076293945,25.649999618530273,26.059999465942383,457700,0.0,0.0
2023-04-10 00:00:00-04:00,25.959999084472656,26.75,25.700000762939453,26.1200008392334,463600,0.0,0.0
2023-04-11 00:00:00-04:00,26.110000610351562,26.530000686645508,26.079999923706055,26.3700008392334,278300,0.0,0.0
2023-04-12 00:00:00-04:00,26.549999237060547,26.549999237060547,25.5,25.639999389648438,381800,0.0,0.0
2023-04-13 00:00:00-04:00,25.780000686645508,25.90999984741211,25.549999237060547,25.889999389648438,375300,0.0,0.0
2023-04-14 00:00:00-04:00,25.920000076293945,26.170000076293945,25.40999984741211,26.09000015258789,508800,0.0,0.0
2023-04-17 00:00:00-04:00,26.079999923706055,26.31999969482422,25.81999969482422,26.229999542236328,411500,0.0,0.0
2023-04-18 00:00:00-04:00,26.260000228881836,26.440000534057617,25.790000915527344,26.06999969482422,496300,0.0,0.0
2023-04-19 00:00:00-04:00,25.8799991607666,25.979999542236328,25.719999313354492,25.860000610351562,221800,0.0,0.0
2023-04-20 00:00:00-04:00,25.670000076293945,25.8799991607666,25.549999237060547,25.639999389648438,260400,0.0,0.0
2023-04-21 00:00:00-04:00,25.729999542236328,25.889999389648438,25.559999465942383,25.610000610351562,331800,0.0,0.0
2023-04-24 00:00:00-04:00,25.670000076293945,25.84000015258789,24.75,24.829999923706055,475500,0.0,0.0
2023-04-25 00:00:00-04:00,24.6299991607666,24.6299991607666,24.110000610351562,24.190000534057617,500200,0.0,0.0
2023-04-26 00:00:00-04:00,24.170000076293945,24.34000015258789,23.940000534057617,24.09000015258789,406700,0.0,0.0
2023-04-27 00:00:00-04:00,24.270000457763672,24.84000015258789,24.219999313354492,24.700000762939453,418500,0.0,0.0
2023-04-28 00:00:00-04:00,24.6200008392334,25.579999923706055,24.600000381469727,25.329999923706055,716700,0.0,0.0
2023-05-01 00:00:00-04:00,25.239999771118164,25.549999237060547,25.110000610351562,25.329999923706055,577600,0.0,0.0
2023-05-02 00:00:00-04:00,25.290000915527344,25.290000915527344,24.5,24.700000762939453,660000,0.0,0.0
2023-05-03 00:00:00-04:00,24.81999969482422,25.270000457763672,24.579999923706055,24.6200008392334,702000,0.0,0.0
2023-05-04 00:00:00-04:00,23.110000610351562,24.690000534057617,23.110000610351562,23.950000762939453,945600,0.0,0.0
2023-05-05 00:00:00-04:00,24.350000381469727,24.520000457763672,24.09000015258789,24.34000015258789,466200,0.0,0.0
2023-05-08 00:00:00-04:00,24.309999465942383,24.3799991607666,23.899999618530273,24.360000610351562,438100,0.0,0.0
2023-05-09 00:00:00-04:00,24.309999465942383,24.309999465942383,23.639999389648438,23.950000762939453,547100,0.0,0.0
2023-05-10 00:00:00-04:00,24.350000381469727,24.920000076293945,23.8700008392334,24.489999771118164,1045100,0.0,0.0
2023-05-11 00:00:00-04:00,24.399999618530273,25.420000076293945,24.389999389648438,25.030000686645508,869300,0.0,0.0
2023-05-12 00:00:00-04:00,25.040000915527344,25.40999984741211,24.739999771118164,25.15999984741211,1016500,0.0,0.0
2023-05-15 00:00:00-04:00,25.139999389648438,25.309999465942383,24.940000534057617,24.989999771118164,558900,0.0,0.0
2023-05-16 00:00:00-04:00,24.829999923706055,25.059999465942383,23.959999084472656,24.209999084472656,810000,0.0,0.0
2023-05-17 00:00:00-04:00,24.270000457763672,24.510000228881836,23.920000076293945,24.399999618530273,614500,0.0,0.0
2023-05-18 00:00:00-04:00,24.280000686645508,24.59000015258789,24.030000686645508,24.540000915527344,825000,0.0,0.0
2023-05-19 00:00:00-04:00,24.75,24.75,24.280000686645508,24.329999923706055,624100,0.0,0.0
2023-05-22 00:00:00-04:00,24.290000915527344,24.3799991607666,23.889999389648438,24.0,595500,0.0,0.0
2023-05-23 00:00:00-04:00,23.889999389648438,24.65999984741211,23.850000381469727,23.950000762939453,462100,0.0,0.0
2023-05-24 00:00:00-04:00,23.809999465942383,24.1299991607666,23.209999084472656,23.239999771118164,431500,0.0,0.0
2023-05-25 00:00:00-04:00,23.229999542236328,23.530000686645508,22.799999237060547,23.020000457763672,429700,0.0,0.0
2023-05-26 00:00:00-04:00,22.989999771118164,23.770000457763672,22.8799991607666,23.579999923706055,319600,0.0,0.0
2023-05-30 00:00:00-04:00,23.690000534057617,23.719999313354492,22.719999313354492,22.780000686645508,614200,0.0,0.0
2023-05-31 00:00:00-04:00,22.43000030517578,22.899999618530273,22.139999389648438,22.809999465942383,1820900,0.0,0.0
2023-06-01 00:00:00-04:00,22.75,23.399999618530273,22.559999465942383,22.739999771118164,538400,0.0,0.0
2023-06-02 00:00:00-04:00,22.940000534057617,23.75,22.809999465942383,23.690000534057617,737100,0.0,0.0
2023-06-05 00:00:00-04:00,23.34000015258789,23.56999969482422,22.90999984741211,22.940000534057617,514700,0.0,0.0
2023-06-06 00:00:00-04:00,22.81999969482422,23.84000015258789,22.81999969482422,23.65999984741211,626400,0.0,0.0
2023-06-07 00:00:00-04:00,23.75,24.559999465942383,23.75,24.139999389648438,679300,0.0,0.0
2023-06-08 00:00:00-04:00,24.06999969482422,24.06999969482422,23.209999084472656,23.260000228881836,605400,0.0,0.0
2023-06-09 00:00:00-04:00,23.959999084472656,24.0,22.90999984741211,23.549999237060547,948300,0.0,0.0
2023-06-12 00:00:00-04:00,23.540000915527344,23.860000610351562,23.3700008392334,23.56999969482422,483300,0.0,0.0
2023-06-13 00:00:00-04:00,23.700000762939453,23.950000762939453,23.200000762939453,23.290000915527344,624600,0.0,0.0
2023-06-14 00:00:00-04:00,23.299999237060547,23.719999313354492,22.770000457763672,22.920000076293945,584500,0.0,0.0
2023-06-15 00:00:00-04:00,22.860000610351562,23.149999618530273,22.610000610351562,23.149999618530273,857300,0.0,0.0
2023-06-16 00:00:00-04:00,23.479999542236328,23.479999542236328,22.770000457763672,22.90999984741211,2412200,0.0,0.0
2023-06-20 00:00:00-04:00,22.799999237060547,22.920000076293945,22.479999542236328,22.5,1129400,0.0,0.0
2023-06-21 00:00:00-04:00,22.360000610351562,22.389999389648438,21.920000076293945,21.969999313354492,1167200,0.0,0.0
2023-06-22 00:00:00-04:00,21.889999389648438,22.09000015258789,21.770000457763672,21.93000030517578,616200,0.0,0.0
2023-06-23 00:00:00-04:00,21.719999313354492,21.93000030517578,21.600000381469727,21.649999618530273,1317600,0.0,0.0
2023-06-26 00:00:00-04:00,21.600000381469727,21.889999389648438,21.540000915527344,21.559999465942383,331100,0.0,0.0
2023-06-27 00:00:00-04:00,21.6299991607666,22.020000457763672,21.489999771118164,21.959999084472656,444900,0.0,0.0
2023-06-28 00:00:00-04:00,21.93000030517578,22.489999771118164,21.65999984741211,22.450000762939453,617100,0.0,0.0
2023-06-29 00:00:00-04:00,22.469999313354492,23.329999923706055,22.459999084472656,23.18000030517578,677300,0.0,0.0
2023-06-30 00:00:00-04:00,23.329999923706055,23.56999969482422,23.100000381469727,23.170000076293945,717800,0.0,0.0
2023-07-03 00:00:00-04:00,23.100000381469727,23.3799991607666,23.0,23.299999237060547,175200,0.0,0.0
2023-07-05 00:00:00-04:00,23.15999984741211,23.3700008392334,22.8799991607666,23.020000457763672,506300,0.0,0.0
2023-07-06 00:00:00-04:00,22.84000015258789,23.040000915527344,22.31999969482422,22.729999542236328,363900,0.0,0.0
2023-07-07 00:00:00-04:00,22.690000534057617,23.149999618530273,22.690000534057617,22.829999923706055,353100,0.0,0.0
2023-07-10 00:00:00-04:00,22.700000762939453,23.100000381469727,22.34000015258789,22.440000534057617,645400,0.0,0.0
2023-07-11 00:00:00-04:00,22.530000686645508,22.75,22.489999771118164,22.6200008392334,466000,0.0,0.0
2023-07-12 00:00:00-04:00,23.040000915527344,23.899999618530273,22.989999771118164,23.809999465942383,594500,0.0,0.0
2023-07-13 00:00:00-04:00,23.84000015258789,24.3700008392334,23.84000015258789,24.229999542236328,374900,0.0,0.0
2023-07-14 00:00:00-04:00,24.15999984741211,24.200000762939453,23.739999771118164,24.100000381469727,443300,0.0,0.0
2023-07-17 00:00:00-04:00,24.049999237060547,24.459999084472656,24.020000457763672,24.25,415100,0.0,0.0
2023-07-18 00:00:00-04:00,24.239999771118164,24.649999618530273,24.110000610351562,24.34000015258789,293600,0.0,0.0
2023-07-19 00:00:00-04:00,24.440000534057617,24.639999389648438,24.209999084472656,24.329999923706055,313800,0.0,0.0
2023-07-20 00:00:00-04:00,24.3799991607666,24.559999465942383,23.940000534057617,23.979999542236328,339400,0.0,0.0
2023-07-21 00:00:00-04:00,24.049999237060547,24.09000015258789,23.1200008392334,23.200000762939453,541500,0.0,0.0
2023-07-24 00:00:00-04:00,23.200000762939453,23.440000534057617,23.030000686645508,23.309999465942383,339300,0.0,0.0
2023-07-25 00:00:00-04:00,23.270000457763672,23.530000686645508,23.1299991607666,23.420000076293945,301500,0.0,0.0
2023-07-26 00:00:00-04:00,23.350000381469727,23.549999237060547,23.049999237060547,23.34000015258789,436800,0.0,0.0
2023-07-27 00:00:00-04:00,23.6299991607666,23.719999313354492,22.579999923706055,22.75,668800,0.0,0.0
2023-07-28 00:00:00-04:00,22.969999313354492,23.149999618530273,22.760000228881836,22.8700008392334,431500,0.0,0.0
2023-07-31 00:00:00-04:00,22.90999984741211,23.360000610351562,22.90999984741211,23.190000534057617,636000,0.0,0.0
2023-08-01 00:00:00-04:00,23.09000015258789,23.299999237060547,22.84000015258789,23.299999237060547,366200,0.0,0.0
2023-08-02 00:00:00-04:00,23.049999237060547,23.149999618530273,22.559999465942383,22.610000610351562,396500,0.0,0.0
2023-08-03 00:00:00-04:00,23.299999237060547,24.010000228881836,22.59000015258789,23.799999237060547,525500,0.0,0.0
2023-08-04 00:00:00-04:00,23.84000015258789,24.209999084472656,23.459999084472656,23.8700008392334,911500,0.0,0.0
2023-08-07 00:00:00-04:00,23.90999984741211,24.25,23.799999237060547,24.18000030517578,304300,0.0,0.0
2023-08-08 00:00:00-04:00,23.790000915527344,23.81999969482422,23.190000534057617,23.75,486900,0.0,0.0
2023-08-09 00:00:00-04:00,23.709999084472656,23.809999465942383,23.290000915527344,23.649999618530273,567000,0.0,0.0
2023-08-10 00:00:00-04:00,23.860000610351562,24.18000030517578,23.399999618530273,23.540000915527344,364300,0.0,0.0
2023-08-11 00:00:00-04:00,23.350000381469727,23.610000610351562,23.309999465942383,23.510000228881836,319800,0.0,0.0
2023-08-14 00:00:00-04:00,23.34000015258789,23.75,23.299999237060547,23.700000762939453,251100,0.0,0.0
2023-08-15 00:00:00-04:00,23.549999237060547,23.639999389648438,23.3799991607666,23.510000228881836,236500,0.0,0.0
2023-08-16 00:00:00-04:00,23.43000030517578,23.559999465942383,23.209999084472656,23.239999771118164,240400,0.0,0.0
2023-08-17 00:00:00-04:00,23.25,23.40999984741211,22.600000381469727,22.690000534057617,451200,0.0,0.0
2023-08-18 00:00:00-04:00,22.459999084472656,22.920000076293945,22.399999618530273,22.760000228881836,333000,0.0,0.0
2023-08-21 00:00:00-04:00,22.709999084472656,22.799999237060547,22.5,22.600000381469727,264700,0.0,0.0
2023-08-22 00:00:00-04:00,22.68000030517578,22.940000534057617,22.559999465942383,22.8799991607666,255000,0.0,0.0
2023-08-23 00:00:00-04:00,22.8700008392334,23.649999618530273,22.770000457763672,23.3700008392334,381700,0.0,0.0
2023-08-24 00:00:00-04:00,23.280000686645508,23.510000228881836,23.100000381469727,23.25,301100,0.0,0.0
2023-08-25 00:00:00-04:00,23.3700008392334,23.420000076293945,22.940000534057617,23.260000228881836,399000,0.0,0.0
2023-08-28 00:00:00-04:00,23.290000915527344,23.780000686645508,23.290000915527344,23.65999984741211,328000,0.0,0.0
2023-08-29 00:00:00-04:00,23.6299991607666,24.110000610351562,23.6299991607666,23.899999618530273,688900,0.0,0.0
2023-08-30 00:00:00-04:00,23.770000457763672,24.610000610351562,23.770000457763672,24.520000457763672,617900,0.0,0.0
2023-08-31 00:00:00-04:00,24.559999465942383,25.079999923706055,24.239999771118164,24.280000686645508,1220200,0.0,0.0
2023-09-01 00:00:00-04:00,24.389999389648438,24.729999542236328,24.299999237060547,24.6200008392334,430500,0.0,0.0
2023-09-05 00:00:00-04:00,24.3799991607666,24.469999313354492,23.06999969482422,23.170000076293945,584100,0.0,0.0
2023-09-06 00:00:00-04:00,23.260000228881836,23.6299991607666,23.200000762939453,23.479999542236328,290700,0.0,0.0
2023-09-07 00:00:00-04:00,23.31999969482422,23.3700008392334,23.010000228881836,23.139999389648438,363500,0.0,0.0
2023-09-08 00:00:00-04:00,23.229999542236328,23.229999542236328,22.8700008392334,23.149999618530273,219800,0.0,0.0
2023-09-11 00:00:00-04:00,23.280000686645508,23.68000030517578,23.09000015258789,23.290000915527344,282400,0.0,0.0
2023-09-12 00:00:00-04:00,23.290000915527344,23.510000228881836,23.030000686645508,23.229999542236328,327700,0.0,0.0
2023-09-13 00:00:00-04:00,23.309999465942383,23.530000686645508,22.989999771118164,23.459999084472656,273800,0.0,0.0
2023-09-14 00:00:00-04:00,23.709999084472656,23.950000762939453,23.530000686645508,23.90999984741211,293100,0.0,0.0
2023-09-15 00:00:00-04:00,23.90999984741211,23.90999984741211,23.170000076293945,23.540000915527344,1057900,0.0,0.0
2023-09-18 00:00:00-04:00,23.540000915527344,23.65999984741211,23.3700008392334,23.5,257800,0.0,0.0
2023-09-19 00:00:00-04:00,23.510000228881836,23.8799991607666,23.329999923706055,23.56999969482422,326300,0.0,0.0
2023-09-20 00:00:00-04:00,23.65999984741211,24.030000686645508,23.329999923706055,23.329999923706055,282800,0.0,0.0
2023-09-21 00:00:00-04:00,23.139999389648438,23.489999771118164,22.989999771118164,23.399999618530273,349900,0.0,0.0
2023-09-22 00:00:00-04:00,23.420000076293945,23.65999984741211,23.190000534057617,23.309999465942383,326600,0.0,0.0
2023-09-25 00:00:00-04:00,23.1200008392334,23.329999923706055,22.889999389648438,23.020000457763672,367700,0.0,0.0
2023-09-26 00:00:00-04:00,22.889999389648438,23.510000228881836,22.229999542236328,22.270000457763672,329100,0.0,0.0
2023-09-27 00:00:00-04:00,22.309999465942383,22.350000381469727,22.0,22.139999389648438,375900,0.0,0.0
2023-09-28 00:00:00-04:00,22.030000686645508,22.649999618530273,22.030000686645508,22.43000030517578,360100,0.0,0.0
2023-09-29 00:00:00-04:00,22.610000610351562,22.950000762939453,22.469999313354492,22.559999465942383,525300,0.0,0.0
2023-10-02 00:00:00-04:00,22.479999542236328,22.639999389648438,22.030000686645508,22.079999923706055,543500,0.0,0.0
2023-10-03 00:00:00-04:00,21.8700008392334,21.8700008392334,20.6299991607666,20.739999771118164,672600,0.0,0.0
2023-10-04 00:00:00-04:00,20.809999465942383,21.75,20.719999313354492,20.8799991607666,407200,0.0,0.0
2023-10-05 00:00:00-04:00,20.8700008392334,21.149999618530273,20.700000762939453,21.030000686645508,532200,0.0,0.0
2023-10-06 00:00:00-04:00,20.8700008392334,21.469999313354492,20.8700008392334,21.09000015258789,300100,0.0,0.0
2023-10-09 00:00:00-04:00,20.809999465942383,21.579999923706055,20.809999465942383,21.09000015258789,253300,0.0,0.0
2023-10-10 00:00:00-04:00,21.09000015258789,21.790000915527344,21.040000915527344,21.1299991607666,303000,0.0,0.0
2023-10-11 00:00:00-04:00,21.209999084472656,21.450000762939453,20.989999771118164,21.260000228881836,253500,0.0,0.0
2023-10-12 00:00:00-04:00,21.239999771118164,21.239999771118164,20.459999084472656,20.6200008392334,350500,0.0,0.0
2023-10-13 00:00:00-04:00,20.600000381469727,20.600000381469727,19.950000762939453,20.260000228881836,334800,0.0,0.0
2023-10-16 00:00:00-04:00,20.540000915527344,20.950000762939453,20.510000228881836,20.790000915527344,482500,0.0,0.0
2023-10-17 00:00:00-04:00,20.6200008392334,21.809999465942383,20.6200008392334,21.770000457763672,917400,0.0,0.0
2023-10-18 00:00:00-04:00,21.610000610351562,22.1200008392334,21.34000015258789,21.93000030517578,641400,0.0,0.0
2023-10-19 00:00:00-04:00,21.84000015258789,22.25,21.350000381469727,21.469999313354492,675500,0.0,0.0
2023-10-20 00:00:00-04:00,21.540000915527344,21.540000915527344,20.93000030517578,21.15999984741211,287000,0.0,0.0
2023-10-23 00:00:00-04:00,20.989999771118164,21.43000030517578,20.25,20.729999542236328,251800,0.0,0.0
2023-10-24 00:00:00-04:00,20.889999389648438,21.059999465942383,20.56999969482422,20.81999969482422,292000,0.0,0.0
2023-10-25 00:00:00-04:00,20.559999465942383,20.68000030517578,20.15999984741211,20.280000686645508,323400,0.0,0.0
2023-10-26 00:00:00-04:00,20.309999465942383,20.700000762939453,20.209999084472656,20.31999969482422,413400,0.0,0.0
2023-10-27 00:00:00-04:00,20.270000457763672,20.290000915527344,19.559999465942383,19.75,511100,0.0,0.0
2023-10-30 00:00:00-04:00,19.93000030517578,20.010000228881836,19.68000030517578,19.920000076293945,482800,0.0,0.0
2023-10-31 00:00:00-04:00,19.93000030517578,20.450000762939453,19.68000030517578,20.3700008392334,398900,0.0,0.0
2023-11-01 00:00:00-04:00,20.309999465942383,20.670000076293945,19.829999923706055,20.239999771118164,585200,0.0,0.0
2023-11-02 00:00:00-04:00,20.6200008392334,23.06999969482422,20.6200008392334,23.030000686645508,971800,0.0,0.0
2023-11-03 00:00:00-04:00,23.350000381469727,24.270000457763672,23.030000686645508,24.09000015258789,786300,0.0,0.0
2023-11-06 00:00:00-05:00,23.93000030517578,24.780000686645508,23.899999618530273,24.100000381469727,1453800,0.0,0.0
2023-11-07 00:00:00-05:00,24.020000457763672,24.809999465942383,24.020000457763672,24.59000015258789,583200,0.0,0.0
2023-11-08 00:00:00-05:00,24.549999237060547,24.700000762939453,24.31999969482422,24.450000762939453,1041600,0.0,0.0
2023-11-09 00:00:00-05:00,25.5,26.670000076293945,25.469999313354492,26.040000915527344,3241800,0.0,0.0
2023-11-10 00:00:00-05:00,26.110000610351562,26.56999969482422,25.68000030517578,26.100000381469727,21710900,0.0,0.0
2023-11-13 00:00:00-05:00,25.90999984741211,26.219999313354492,25.700000762939453,25.959999084472656,1002700,0.0,0.0
2023-11-14 00:00:00-05:00,26.940000534057617,26.940000534057617,25.950000762939453,26.6200008392334,965400,0.0,0.0
2023-11-15 00:00:00-05:00,26.549999237060547,26.600000381469727,25.959999084472656,26.049999237060547,885700,0.0,0.0
2023-11-16 00:00:00-05:00,25.920000076293945,26.200000762939453,25.479999542236328,25.600000381469727,1284700,0.0,0.0
2023-11-17 00:00:00-05:00,25.84000015258789,26.239999771118164,25.610000610351562,25.729999542236328,1039300,0.0,0.0
2023-11-20 00:00:00-05:00,25.700000762939453,26.549999237060547,25.610000610351562,26.520000457763672,947600,0.0,0.0
2023-11-21 00:00:00-05:00,26.5,26.950000762939453,25.559999465942383,26.350000381469727,690300,0.0,0.0
2023-11-22 00:00:00-05:00,26.540000915527344,26.81999969482422,25.75,25.799999237060547,549000,0.0,0.0
2023-11-24 00:00:00-05:00,25.68000030517578,26.219999313354492,24.760000228881836,26.219999313354492,262500,0.0,0.0
2023-11-27 00:00:00-05:00,26.170000076293945,26.579999923706055,25.09000015258789,26.549999237060547,764200,0.0,0.0
2023-11-28 00:00:00-05:00,26.559999465942383,27.100000381469727,26.43000030517578,27.06999969482422,595900,0.0,0.0
2023-11-29 00:00:00-05:00,27.420000076293945,27.670000076293945,27.110000610351562,27.149999618530273,1655400,0.0,0.0
2023-11-30 00:00:00-05:00,27.040000915527344,27.040000915527344,26.43000030517578,26.739999771118164,1277600,0.0,0.0
2023-12-01 00:00:00-05:00,26.850000381469727,27.43000030517578,26.690000534057617,27.420000076293945,1152600,0.0,0.0
2023-12-04 00:00:00-05:00,27.360000610351562,27.90999984741211,27.219999313354492,27.600000381469727,597700,0.0,0.0
2023-12-05 00:00:00-05:00,27.510000228881836,27.950000762939453,27.25,27.420000076293945,361500,0.0,0.0
2023-12-06 00:00:00-05:00,27.399999618530273,27.950000762939453,27.1200008392334,27.1299991607666,569600,0.0,0.0
2023-12-07 00:00:00-05:00,27.049999237060547,27.639999389648438,26.8700008392334,27.43000030517578,515200,0.0,0.0
2023-12-08 00:00:00-05:00,27.280000686645508,27.8700008392334,27.280000686645508,27.829999923706055,487500,0.0,0.0
2023-12-11 00:00:00-05:00,27.719999313354492,28.200000762939453,27.719999313354492,28.0,495900,0.0,0.0
2023-12-12 00:00:00-05:00,27.899999618530273,28.520000457763672,27.850000381469727,28.31999969482422,584200,0.0,0.0
2023-12-13 00:00:00-05:00,28.290000915527344,29.329999923706055,28.110000610351562,29.239999771118164,653000,0.0,0.0
2023-12-14 00:00:00-05:00,29.68000030517578,30.43000030517578,29.489999771118164,29.639999389648438,1033400,0.0,0.0
2023-12-15 00:00:00-05:00,29.690000534057617,29.90999984741211,29.239999771118164,29.719999313354492,3214400,0.0,0.0
2023-12-18 00:00:00-05:00,29.770000457763672,29.979999542236328,29.399999618530273,29.729999542236328,628700,0.0,0.0
2023-12-19 00:00:00-05:00,29.90999984741211,30.520000457763672,29.90999984741211,30.360000610351562,652100,0.0,0.0
2023-12-20 00:00:00-05:00,30.360000610351562,30.90999984741211,29.670000076293945,29.690000534057617,917700,0.0,0.0
2023-12-21 00:00:00-05:00,30.010000228881836,30.360000610351562,29.68000030517578,30.09000015258789,395800,0.0,0.0
2023-12-22 00:00:00-05:00,30.229999542236328,30.43000030517578,29.709999084472656,30.309999465942383,441000,0.0,0.0
2023-12-26 00:00:00-05:00,30.469999313354492,30.770000457763672,30.350000381469727,30.559999465942383,313100,0.0,0.0
2023-12-27 00:00:00-05:00,30.56999969482422,30.770000457763672,30.440000534057617,30.600000381469727,474300,0.0,0.0
2023-12-28 00:00:00-05:00,30.43000030517578,30.780000686645508,30.43000030517578,30.559999465942383,337100,0.0,0.0
2023-12-29 00:00:00-05:00,30.579999923706055,30.850000381469727,30.3799991607666,30.600000381469727,586800,0.0,0.0
2024-01-02 00:00:00-05:00,30.280000686645508,30.65999984741211,30.010000228881836,30.3799991607666,553300,0.0,0.0
2024-01-03 00:00:00-05:00,30.030000686645508,30.260000228881836,29.510000228881836,29.530000686645508,781200,0.0,0.0
2024-01-04 00:00:00-05:00,29.600000381469727,29.790000915527344,29.280000686645508,29.329999923706055,913400,0.0,0.0
2024-01-05 00:00:00-05:00,29.049999237060547,29.489999771118164,28.940000534057617,29.309999465942383,730700,0.0,0.0
2024-01-08 00:00:00-05:00,29.299999237060547,30.020000457763672,29.299999237060547,30.020000457763672,616700,0.0,0.0
2024-01-09 00:00:00-05:00,29.65999984741211,29.8799991607666,29.469999313354492,29.770000457763672,907900,0.0,0.0
2024-01-10 00:00:00-05:00,29.639999389648438,30.420000076293945,29.510000228881836,30.40999984741211,669400,0.0,0.0
2024-01-11 00:00:00-05:00,30.420000076293945,30.829999923706055,30.139999389648438,30.809999465942383,630200,0.0,0.0
2024-01-12 00:00:00-05:00,31.0,31.1200008392334,30.18000030517578,30.190000534057617,425800,0.0,0.0
2024-01-16 00:00:00-05:00,29.81999969482422,30.200000762939453,29.15999984741211,30.049999237060547,648200,0.0,0.0
2024-01-17 00:00:00-05:00,29.510000228881836,29.760000228881836,29.440000534057617,29.540000915527344,704800,0.0,0.0
2024-01-18 00:00:00-05:00,29.81999969482422,29.889999389648438,29.18000030517578,29.610000610351562,683900,0.0,0.0
2024-01-19 00:00:00-05:00,29.780000686645508,30.020000457763672,29.329999923706055,30.010000228881836,485500,0.0,0.0
2024-01-22 00:00:00-05:00,30.3700008392334,30.770000457763672,30.260000228881836,30.6200008392334,629700,0.0,0.0
2024-01-23 00:00:00-05:00,30.93000030517578,30.93000030517578,30.3700008392334,30.760000228881836,505100,0.0,0.0
2024-01-24 00:00:00-05:00,30.959999084472656,31.229999542236328,30.200000762939453,30.40999984741211,664100,0.0,0.0
2024-01-25 00:00:00-05:00,30.829999923706055,30.8700008392334,29.959999084472656,30.299999237060547,599000,0.0,0.0
2024-01-26 00:00:00-05:00,30.510000228881836,30.719999313354492,30.3799991607666,30.530000686645508,450200,0.0,0.0
2024-01-29 00:00:00-05:00,30.6200008392334,31.34000015258789,30.43000030517578,31.34000015258789,462300,0.0,0.0
2024-01-30 00:00:00-05:00,31.440000534057617,31.489999771118164,30.780000686645508,30.8799991607666,503200,0.0,0.0
2024-01-31 00:00:00-05:00,30.649999618530273,31.09000015258789,29.989999771118164,30.06999969482422,614600,0.0,0.0
2024-02-01 00:00:00-05:00,30.270000457763672,30.549999237060547,29.56999969482422,29.709999084472656,988500,0.0,0.0
2024-02-02 00:00:00-05:00,29.3799991607666,29.809999465942383,29.06999969482422,29.479999542236328,831900,0.0,0.0
2024-02-05 00:00:00-05:00,29.18000030517578,29.280000686645508,28.790000915527344,28.920000076293945,610900,0.0,0.0
2024-02-06 00:00:00-05:00,28.979999542236328,29.260000228881836,28.8700008392334,29.209999084472656,548200,0.0,0.0
2024-02-07 00:00:00-05:00,29.399999618530273,29.6200008392334,29.0,29.110000610351562,682500,0.0,0.0
2024-02-08 00:00:00-05:00,28.950000762939453,29.760000228881836,28.93000030517578,29.729999542236328,993800,0.0,0.0
2024-02-09 00:00:00-05:00,29.799999237060547,30.639999389648438,29.719999313354492,30.559999465942383,498700,0.0,0.0
2024-02-12 00:00:00-05:00,30.450000762939453,31.260000228881836,30.450000762939453,31.09000015258789,529200,0.0,0.0
2024-02-13 00:00:00-05:00,29.899999618530273,30.450000762939453,29.639999389648438,30.010000228881836,954800,0.0,0.0
2024-02-14 00:00:00-05:00,30.459999084472656,31.389999389648438,30.360000610351562,31.31999969482422,724300,0.0,0.0
2024-02-15 00:00:00-05:00,31.649999618530273,31.8799991607666,31.079999923706055,31.84000015258789,584600,0.0,0.0
2024-02-16 00:00:00-05:00,31.489999771118164,31.6200008392334,30.81999969482422,30.81999969482422,488100,0.0,0.0
2024-02-20 00:00:00-05:00,30.350000381469727,30.770000457763672,30.309999465942383,30.559999465942383,415000,0.0,0.0
2024-02-21 00:00:00-05:00,30.25,30.420000076293945,29.979999542236328,30.309999465942383,451700,0.0,0.0
2024-02-22 00:00:00-05:00,30.329999923706055,30.59000015258789,30.020000457763672,30.559999465942383,689100,0.0,0.0
2024-02-23 00:00:00-05:00,30.709999084472656,31.149999618530273,30.610000610351562,30.899999618530273,447500,0.0,0.0
2024-02-26 00:00:00-05:00,30.8799991607666,31.399999618530273,30.790000915527344,31.020000457763672,587400,0.0,0.0
2024-02-27 00:00:00-05:00,31.219999313354492,31.309999465942383,30.979999542236328,31.219999313354492,589900,0.0,0.0
2024-02-28 00:00:00-05:00,30.799999237060547,31.34000015258789,30.6299991607666,30.969999313354492,503100,0.0,0.0
2024-02-29 00:00:00-05:00,31.540000915527344,33.43000030517578,31.399999618530273,32.90999984741211,1100800,0.0,0.0
2024-03-01 00:00:00-05:00,33.099998474121094,33.2599983215332,31.850000381469727,32.130001068115234,838100,0.0,0.0
2024-03-04 00:00:00-05:00,32.22999954223633,32.41999816894531,31.690000534057617,31.940000534057617,551300,0.0,0.0
2024-03-05 00:00:00-05:00,31.549999237060547,31.690000534057617,30.81999969482422,31.100000381469727,543600,0.0,0.0
2024-03-06 00:00:00-05:00,31.440000534057617,31.700000762939453,31.219999313354492,31.25,321200,0.0,0.0
2024-03-07 00:00:00-05:00,31.530000686645508,31.719999313354492,31.200000762939453,31.510000228881836,436900,0.0,0.0
2024-03-08 00:00:00-05:00,31.850000381469727,32.56999969482422,31.850000381469727,32.09000015258789,481700,0.0,0.0
2024-03-11 00:00:00-04:00,31.93000030517578,32.369998931884766,31.75,32.150001525878906,321600,0.0,0.0
2024-03-12 00:00:00-04:00,32.02000045776367,32.29999923706055,31.8799991607666,32.20000076293945,297100,0.0,0.0
2024-03-13 00:00:00-04:00,31.979999542236328,32.47999954223633,31.520000457763672,31.729999542236328,378100,0.0,0.0
2024-03-14 00:00:00-04:00,31.770000457763672,31.81999969482422,31.190000534057617,31.469999313354492,399200,0.0,0.0
2024-03-15 00:00:00-04:00,31.200000762939453,31.84000015258789,31.190000534057617,31.829999923706055,1218300,0.0,0.0
2024-03-18 00:00:00-04:00,31.81999969482422,32.220001220703125,31.700000762939453,31.739999771118164,537700,0.0,0.0
2024-03-19 00:00:00-04:00,31.479999542236328,32.04999923706055,31.389999389648438,31.940000534057617,493600,0.0,0.0
2024-03-20 00:00:00-04:00,31.969999313354492,32.439998626708984,31.600000381469727,32.150001525878906,452000,0.0,0.0
2024-03-21 00:00:00-04:00,32.38999938964844,32.79999923706055,32.38999938964844,32.56999969482422,452000,0.0,0.0
2024-03-22 00:00:00-04:00,32.689998626708984,32.689998626708984,31.940000534057617,32.029998779296875,257000,0.0,0.0
2024-03-25 00:00:00-04:00,32.15999984741211,32.279998779296875,31.90999984741211,32.06999969482422,372800,0.0,0.0
2024-03-26 00:00:00-04:00,32.400001525878906,32.5,31.979999542236328,32.040000915527344,276900,0.0,0.0
2024-03-27 00:00:00-04:00,32.41999816894531,32.68000030517578,32.25,32.540000915527344,416000,0.0,0.0
2024-03-28 00:00:00-04:00,32.70000076293945,33.33000183105469,32.599998474121094,33.209999084472656,658900,0.0,0.0
2024-04-01 00:00:00-04:00,33.380001068115234,33.560001373291016,32.08000183105469,32.38999938964844,604200,0.0,0.0
2024-04-02 00:00:00-04:00,32.0099983215332,32.380001068115234,31.770000457763672,32.34000015258789,639900,0.0,0.0
2024-04-03 00:00:00-04:00,32.029998779296875,32.68000030517578,32.029998779296875,32.529998779296875,372500,0.0,0.0
2024-04-04 00:00:00-04:00,32.90999984741211,33.119998931884766,32.11000061035156,32.13999938964844,420300,0.0,0.0
2024-04-05 00:00:00-04:00,32.06999969482422,32.529998779296875,32.040000915527344,32.36000061035156,352800,0.0,0.0
2024-04-08 00:00:00-04:00,32.52000045776367,33.130001068115234,32.310001373291016,33.0,615900,0.0,0.0
2024-04-09 00:00:00-04:00,33.150001525878906,33.83000183105469,32.97999954223633,33.83000183105469,586900,0.0,0.0
2024-04-10 00:00:00-04:00,32.90999984741211,33.349998474121094,32.66999816894531,33.060001373291016,610400,0.0,0.0
2024-04-11 00:00:00-04:00,33.0099983215332,33.189998626708984,32.72999954223633,32.849998474121094,437000,0.0,0.0
2024-04-12 00:00:00-04:00,32.560001373291016,32.709999084472656,31.809999465942383,32.0,407600,0.0,0.0
2024-04-15 00:00:00-04:00,31.889999389648438,32.2400016784668,31.350000381469727,31.5,376100,0.0,0.0
2024-04-16 00:00:00-04:00,31.40999984741211,31.690000534057617,31.219999313354492,31.399999618530273,527700,0.0,0.0
2024-04-17 00:00:00-04:00,31.600000381469727,31.719999313354492,31.190000534057617,31.489999771118164,626300,0.0,0.0
2024-04-18 00:00:00-04:00,31.670000076293945,32.04999923706055,31.299999237060547,31.510000228881836,772700,0.0,0.0
2024-04-19 00:00:00-04:00,31.450000762939453,32.349998474121094,31.450000762939453,31.950000762939453,720700,0.0,0.0
2024-04-22 00:00:00-04:00,32.279998779296875,32.65999984741211,31.969999313354492,32.25,674400,0.0,0.0
2024-04-23 00:00:00-04:00,32.25,33.630001068115234,32.25,33.459999084472656,660200,0.0,0.0
2024-04-24 00:00:00-04:00,33.349998474121094,33.459999084472656,33.040000915527344,33.33000183105469,448100,0.0,0.0
2024-04-25 00:00:00-04:00,32.72999954223633,33.220001220703125,32.58000183105469,32.77000045776367,561600,0.0,0.0
2024-04-26 00:00:00-04:00,32.88999938964844,33.45000076293945,32.88999938964844,33.29999923706055,387500,0.0,0.0
2024-04-29 00:00:00-04:00,33.38999938964844,33.54999923706055,33.02000045776367,33.099998474121094,451600,0.0,0.0
2024-04-30 00:00:00-04:00,33.97999954223633,36.369998931884766,33.65999984741211,34.099998474121094,1522900,0.0,0.0
2024-05-01 00:00:00-04:00,34.560001373291016,35.18000030517578,33.95000076293945,34.349998474121094,1210500,0.0,0.0
2024-05-02 00:00:00-04:00,34.75,35.630001068115234,34.52000045776367,35.459999084472656,839500,0.0,0.0
2024-05-03 00:00:00-04:00,36.040000915527344,36.040000915527344,35.0099983215332,35.119998931884766,596400,0.0,0.0
2024-05-06 00:00:00-04:00,35.41999816894531,35.86000061035156,35.349998474121094,35.5099983215332,598000,0.0,0.0
2024-05-07 00:00:00-04:00,35.5099983215332,36.27000045776367,35.279998779296875,35.880001068115234,462900,0.0,0.0
2024-05-08 00:00:00-04:00,35.58000183105469,35.93000030517578,35.459999084472656,35.88999938964844,360900,0.0,0.0
2024-05-09 00:00:00-04:00,35.790000915527344,36.459999084472656,35.790000915527344,36.16999816894531,426500,0.0,0.0
2024-05-10 00:00:00-04:00,36.27000045776367,36.27000045776367,35.599998474121094,35.93000030517578,595000,0.0,0.0
2024-05-13 00:00:00-04:00,36.130001068115234,36.5099983215332,36.06999969482422,36.459999084472656,561900,0.0,0.0
2024-05-14 00:00:00-04:00,36.90999984741211,36.93000030517578,36.08000183105469,36.560001373291016,401200,0.0,0.0
2024-05-15 00:00:00-04:00,36.88999938964844,37.470001220703125,36.650001525878906,36.709999084472656,417800,0.0,0.0
2024-05-16 00:00:00-04:00,36.65999984741211,37.0099983215332,36.36000061035156,36.939998626708984,388300,0.0,0.0
2024-05-17 00:00:00-04:00,37.13999938964844,37.59000015258789,37.0,37.5,370200,0.0,0.0
2024-05-20 00:00:00-04:00,37.369998931884766,37.849998474121094,37.189998626708984,37.290000915527344,336100,0.0,0.0
2024-05-21 00:00:00-04:00,37.02000045776367,37.29999923706055,36.68000030517578,36.7400016784668,275600,0.0,0.0
2024-05-22 00:00:00-04:00,36.540000915527344,36.880001068115234,35.84000015258789,36.06999969482422,459500,0.0,0.0
2024-05-23 00:00:00-04:00,36.279998779296875,36.4900016784668,35.290000915527344,35.470001220703125,618800,0.0,0.0
2024-05-24 00:00:00-04:00,35.7400016784668,35.7400016784668,35.04999923706055,35.41999816894531,630400,0.0,0.0
2024-05-28 00:00:00-04:00,35.439998626708984,35.529998779296875,34.52000045776367,34.7599983215332,431600,0.0,0.0
2024-05-29 00:00:00-04:00,34.279998779296875,35.029998779296875,33.959999084472656,34.7599983215332,502200,0.0,0.0
2024-05-30 00:00:00-04:00,34.7599983215332,35.099998474121094,34.380001068115234,34.900001525878906,583900,0.0,0.0
2024-05-31 00:00:00-04:00,35.130001068115234,36.08000183105469,35.099998474121094,36.0099983215332,779500,0.0,0.0
2024-06-03 00:00:00-04:00,36.099998474121094,36.099998474121094,35.029998779296875,35.36000061035156,667200,0.0,0.0
2024-06-04 00:00:00-04:00,34.959999084472656,35.38999938964844,34.56999969482422,34.75,891400,0.0,0.0
2024-06-05 00:00:00-04:00,34.959999084472656,35.400001525878906,34.720001220703125,35.25,612600,0.0,0.0
2024-06-06 00:00:00-04:00,35.36000061035156,36.2599983215332,35.279998779296875,35.33000183105469,467900,0.0,0.0
2024-06-07 00:00:00-04:00,35.04999923706055,35.47999954223633,34.810001373291016,34.90999984741211,425000,0.0,0.0
2024-06-10 00:00:00-04:00,34.439998626708984,34.7400016784668,33.31999969482422,34.439998626708984,604700,0.0,0.0
2024-06-11 00:00:00-04:00,34.13999938964844,34.59000015258789,34.040000915527344,34.349998474121094,486900,0.0,0.0
2024-06-12 00:00:00-04:00,35.209999084472656,35.630001068115234,34.5099983215332,35.25,465400,0.0,0.0
2024-06-13 00:00:00-04:00,36.36000061035156,36.38999938964844,35.22999954223633,35.470001220703125,517300,0.0,0.0
2024-06-14 00:00:00-04:00,34.97999954223633,35.790000915527344,34.959999084472656,35.790000915527344,506600,0.0,0.0
2024-06-17 00:00:00-04:00,35.650001525878906,36.29999923706055,35.29999923706055,36.27000045776367,407700,0.0,0.0
2024-06-18 00:00:00-04:00,36.15999984741211,36.45000076293945,35.849998474121094,36.02000045776367,511700,0.0,0.0
2024-06-20 00:00:00-04:00,36.02000045776367,36.560001373291016,35.9900016784668,36.52000045776367,489500,0.0,0.0
2024-06-21 00:00:00-04:00,36.43000030517578,37.13999938964844,36.16999816894531,37.13999938964844,2331000,0.0,0.0
2024-06-24 00:00:00-04:00,36.90999984741211,37.41999816894531,36.810001373291016,37.04999923706055,666400,0.0,0.0
2024-06-25 00:00:00-04:00,37.029998779296875,37.709999084472656,36.779998779296875,37.68000030517578,619000,0.0,0.0
2024-06-26 00:00:00-04:00,37.459999084472656,38.099998474121094,37.459999084472656,38.060001373291016,683700,0.0,0.0
2024-06-27 00:00:00-04:00,38.2400016784668,38.54999923706055,37.84000015258789,38.5,541500,0.0,0.0
2024-06-28 00:00:00-04:00,38.81999969482422,39.61000061035156,38.65999984741211,39.59000015258789,2102900,0.0,0.0
2024-07-01 00:00:00-04:00,39.58000183105469,39.72999954223633,39.0,39.18000030517578,1307300,0.0,0.0
2024-07-02 00:00:00-04:00,39.16999816894531,39.5099983215332,39.0099983215332,39.040000915527344,754900,0.0,0.0
2024-07-03 00:00:00-04:00,39.16999816894531,39.619998931884766,39.04999923706055,39.18000030517578,352400,0.0,0.0
2024-07-05 00:00:00-04:00,38.970001220703125,39.529998779296875,38.970001220703125,39.369998931884766,428200,0.0,0.0
2024-07-08 00:00:00-04:00,39.619998931884766,39.7599983215332,39.25,39.27000045776367,368400,0.0,0.0
2024-07-09 00:00:00-04:00,39.29999923706055,39.439998626708984,38.869998931884766,38.939998626708984,359000,0.0,0.0
2024-07-10 00:00:00-04:00,39.11000061035156,39.20000076293945,38.59000015258789,38.900001525878906,439500,0.0,0.0
2024-07-11 00:00:00-04:00,39.56999969482422,40.38999938964844,39.220001220703125,40.18000030517578,991200,0.0,0.0
2024-07-12 00:00:00-04:00,40.47999954223633,40.47999954223633,39.93000030517578,40.150001525878906,605200,0.0,0.0
2024-07-15 00:00:00-04:00,40.56999969482422,41.40999984741211,40.33000183105469,41.189998626708984,493000,0.0,0.0
2024-07-16 00:00:00-04:00,41.63999938964844,43.029998779296875,41.4900016784668,42.849998474121094,1227300,0.0,0.0
2024-07-17 00:00:00-04:00,42.349998474121094,43.099998474121094,42.13999938964844,42.52000045776367,1043400,0.0,0.0
2024-07-18 00:00:00-04:00,42.43000030517578,42.70000076293945,41.68000030517578,41.810001373291016,617700,0.0,0.0
2024-07-19 00:00:00-04:00,41.900001525878906,42.06999969482422,41.33000183105469,41.439998626708984,865900,0.0,0.0
2024-07-22 00:00:00-04:00,41.5,42.310001373291016,40.939998626708984,42.310001373291016,1305500,0.0,0.0
2024-07-23 00:00:00-04:00,42.459999084472656,43.279998779296875,42.31999969482422,42.650001525878906,675800,0.0,0.0
2024-07-24 00:00:00-04:00,42.2400016784668,42.75,41.47999954223633,41.4900016784668,488300,0.0,0.0
2024-07-25 00:00:00-04:00,41.7400016784668,43.16999816894531,41.41999816894531,42.599998474121094,1127300,0.0,0.0
2024-07-26 00:00:00-04:00,43.16999816894531,43.59000015258789,42.29999923706055,42.9900016784668,516100,0.0,0.0
2024-07-29 00:00:00-04:00,43.04999923706055,43.810001373291016,42.790000915527344,43.150001525878906,394800,0.0,0.0
2024-07-30 00:00:00-04:00,43.369998931884766,43.95000076293945,42.380001068115234,42.779998779296875,916800,0.0,0.0
2024-07-31 00:00:00-04:00,43.290000915527344,43.689998626708984,42.790000915527344,43.22999954223633,1311800,0.0,0.0
2024-08-01 00:00:00-04:00,48.25,48.79999923706055,45.43000030517578,45.75,1737100,0.0,0.0
2024-08-02 00:00:00-04:00,44.599998474121094,45.439998626708984,44.18000030517578,44.86000061035156,1151100,0.0,0.0
2024-08-05 00:00:00-04:00,42.2400016784668,44.060001373291016,41.790000915527344,43.54999923706055,894300,0.0,0.0
2024-08-06 00:00:00-04:00,43.720001220703125,46.31999969482422,43.599998474121094,45.790000915527344,1394400,0.0,0.0
2024-08-07 00:00:00-04:00,46.310001373291016,46.56999969482422,45.25,45.36000061035156,763000,0.0,0.0
2024-08-08 00:00:00-04:00,45.810001373291016,46.66999816894531,45.810001373291016,46.310001373291016,652200,0.0,0.0
2024-08-09 00:00:00-04:00,46.29999923706055,46.709999084472656,45.90999984741211,46.59000015258789,606900,0.0,0.0
2024-08-12 00:00:00-04:00,46.36000061035156,46.779998779296875,45.099998474121094,45.630001068115234,963300,0.0,0.0
2024-08-13 00:00:00-04:00,45.75,47.15999984741211,45.75,47.150001525878906,1223000,0.0,0.0
2024-08-14 00:00:00-04:00,47.34000015258789,47.5,46.380001068115234,46.81999969482422,587400,0.0,0.0
2024-08-15 00:00:00-04:00,47.540000915527344,47.689998626708984,46.66999816894531,47.13999938964844,573600,0.0,0.0
2024-08-16 00:00:00-04:00,47.099998474121094,47.5099983215332,46.869998931884766,47.5,649700,0.0,0.0
2024-08-19 00:00:00-04:00,47.66999816894531,47.970001220703125,47.15999984741211,47.849998474121094,524100,0.0,0.0
2024-08-20 00:00:00-04:00,47.790000915527344,47.970001220703125,47.459999084472656,47.79999923706055,382800,0.0,0.0
2024-08-21 00:00:00-04:00,47.88999938964844,48.439998626708984,47.7599983215332,48.08000183105469,755700,0.0,0.0
2024-08-22 00:00:00-04:00,48.08000183105469,48.41999816894531,47.90999984741211,48.08000183105469,428900,0.0,0.0
2024-08-23 00:00:00-04:00,48.40999984741211,49.52000045776367,47.900001525878906,49.47999954223633,518000,0.0,0.0
2024-08-26 00:00:00-04:00,49.58000183105469,50.06999969482422,49.08000183105469,49.220001220703125,433500,0.0,0.0
2024-08-27 00:00:00-04:00,49.13999938964844,49.56999969482422,48.61000061035156,49.13999938964844,432900,0.0,0.0
2024-08-28 00:00:00-04:00,48.790000915527344,49.29999923706055,48.689998626708984,48.88999938964844,518300,0.0,0.0
2024-08-29 00:00:00-04:00,49.0,49.86000061035156,48.88999938964844,49.66999816894531,716000,0.0,0.0
2024-08-30 00:00:00-04:00,49.66999816894531,50.52000045776367,49.47999954223633,50.36000061035156,714100,0.0,0.0
2024-09-03 00:00:00-04:00,50.06999969482422,50.52000045776367,48.72999954223633,48.95000076293945,743200,0.0,0.0
2024-09-04 00:00:00-04:00,48.849998474121094,49.75,48.540000915527344,48.58000183105469,720500,0.0,0.0
2024-09-05 00:00:00-04:00,48.310001373291016,49.220001220703125,47.970001220703125,49.0,670200,0.0,0.0
2024-09-06 00:00:00-04:00,49.06999969482422,49.279998779296875,47.65999984741211,47.81999969482422,636400,0.0,0.0
2024-09-09 00:00:00-04:00,47.849998474121094,48.349998474121094,47.2599983215332,47.66999816894531,986900,0.0,0.0
2024-09-10 00:00:00-04:00,47.7599983215332,47.790000915527344,46.349998474121094,47.060001373291016,734300,0.0,0.0
2024-09-11 00:00:00-04:00,46.75,47.09000015258789,46.18000030517578,47.029998779296875,572300,0.0,0.0
2024-09-12 00:00:00-04:00,47.22999954223633,47.709999084472656,46.97999954223633,47.380001068115234,418500,0.0,0.0
2024-09-13 00:00:00-04:00,47.630001068115234,48.970001220703125,47.54999923706055,48.529998779296875,741100,0.0,0.0
2024-09-16 00:00:00-04:00,48.54999923706055,49.04999923706055,48.36000061035156,48.939998626708984,506800,0.0,0.0
2024-09-17 00:00:00-04:00,49.36000061035156,49.5,48.560001373291016,48.97999954223633,572600,0.0,0.0
2024-09-18 00:00:00-04:00,48.91999816894531,50.61000061035156,48.709999084472656,49.15999984741211,650400,0.0,0.0
2024-09-19 00:00:00-04:00,50.400001525878906,50.400001525878906,48.970001220703125,49.459999084472656,1039500,0.0,0.0
2024-09-20 00:00:00-04:00,49.310001373291016,50.79999923706055,49.2400016784668,50.33000183105469,2429700,0.0,0.0
2024-09-23 00:00:00-04:00,50.45000076293945,51.0,50.029998779296875,50.34000015258789,714500,0.0,0.0
2024-09-24 00:00:00-04:00,50.36000061035156,50.58000183105469,49.90999984741211,50.20000076293945,586900,0.0,0.0
2024-09-25 00:00:00-04:00,50.189998626708984,50.54999923706055,48.86000061035156,49.15999984741211,759000,0.0,0.0
2024-09-26 00:00:00-04:00,49.59000015258789,49.630001068115234,49.040000915527344,49.470001220703125,600700,0.0,0.0
2024-09-27 00:00:00-04:00,49.709999084472656,50.93000030517578,49.5,50.22999954223633,556400,0.0,0.0
2024-09-30 00:00:00-04:00,50.0,51.189998626708984,49.97999954223633,50.900001525878906,890900,0.0,0.0
2024-10-01 00:00:00-04:00,50.70000076293945,50.869998931884766,49.58000183105469,50.459999084472656,671900,0.0,0.0
2024-10-02 00:00:00-04:00,49.90999984741211,50.560001373291016,49.779998779296875,50.119998931884766,546900,0.0,0.0
2024-10-03 00:00:00-04:00,50.119998931884766,50.380001068115234,49.54999923706055,50.029998779296875,549600,0.0,0.0
2024-10-04 00:00:00-04:00,50.75,52.099998474121094,50.5,51.88999938964844,638400,0.0,0.0
2024-10-07 00:00:00-04:00,51.58000183105469,51.65999984741211,49.93000030517578,50.18000030517578,910400,0.0,0.0
2024-10-08 00:00:00-04:00,50.310001373291016,51.060001373291016,50.18000030517578,50.849998474121094,868800,0.0,0.0
2024-10-09 00:00:00-04:00,50.61000061035156,52.099998474121094,50.470001220703125,51.66999816894531,599900,0.0,0.0
2024-10-10 00:00:00-04:00,50.93000030517578,51.61000061035156,50.189998626708984,51.54999923706055,822600,0.0,0.0
2024-10-11 00:00:00-04:00,51.77000045776367,52.720001220703125,51.77000045776367,52.65999984741211,915800,0.0,0.0
2024-10-14 00:00:00-04:00,52.849998474121094,52.88999938964844,52.40999984741211,52.65999984741211,367000,0.0,0.0
2024-10-15 00:00:00-04:00,52.77000045776367,53.290000915527344,52.599998474121094,52.630001068115234,323700,0.0,0.0
2024-10-16 00:00:00-04:00,53.119998931884766,53.27000045776367,52.619998931884766,52.869998931884766,406300,0.0,0.0
2024-10-17 00:00:00-04:00,52.7599983215332,52.90999984741211,51.84000015258789,51.939998626708984,536600,0.0,0.0
2024-10-18 00:00:00-04:00,51.47999954223633,51.720001220703125,50.58000183105469,50.65999984741211,613900,0.0,0.0
2024-10-21 00:00:00-04:00,50.650001525878906,50.66999816894531,48.970001220703125,49.02000045776367,617300,0.0,0.0
2024-10-22 00:00:00-04:00,48.959999084472656,49.47999954223633,48.709999084472656,48.90999984741211,517300,0.0,0.0
2024-10-23 00:00:00-04:00,48.779998779296875,49.47999954223633,48.720001220703125,49.16999816894531,590200,0.0,0.0
2024-10-24 00:00:00-04:00,49.27000045776367,49.54999923706055,48.86000061035156,49.0,412000,0.0,0.0
2024-10-25 00:00:00-04:00,49.209999084472656,49.59000015258789,48.52000045776367,48.79999923706055,458600,0.0,0.0
2024-10-28 00:00:00-04:00,49.2599983215332,49.91999816894531,49.25,49.560001373291016,424800,0.0,0.0
2024-10-29 00:00:00-04:00,49.20000076293945,49.939998626708984,49.029998779296875,49.88999938964844,464700,0.0,0.0
2024-10-30 00:00:00-04:00,49.65999984741211,50.459999084472656,49.63999938964844,49.900001525878906,293000,0.0,0.0
2024-10-31 00:00:00-04:00,49.720001220703125,49.939998626708984,49.060001373291016,49.20000076293945,484700,0.0,0.0
2024-11-01 00:00:00-04:00,49.40999984741211,50.04999923706055,49.27000045776367,49.4900016784668,440800,0.0,0.0
2024-11-04 00:00:00-05:00,49.380001068115234,50.15999984741211,49.13999938964844,50.150001525878906,460100,0.0,0.0
2024-11-05 00:00:00-05:00,50.279998779296875,51.4900016784668,50.279998779296875,51.16999816894531,525300,0.0,0.0
2024-11-06 00:00:00-05:00,53.22999954223633,54.470001220703125,52.88999938964844,54.41999816894531,1262900,0.0,0.0
2024-11-07 00:00:00-05:00,55.0,59.599998474121094,55.0,59.20000076293945,1188000,0.0,0.0
2024-11-08 00:00:00-05:00,58.84000015258789,59.0,57.720001220703125,58.0099983215332,1332100,0.0,0.0
2024-11-11 00:00:00-05:00,58.380001068115234,59.150001525878906,55.66999816894531,55.81999969482422,1200400,0.0,0.0
2024-11-12 00:00:00-05:00,55.31999969482422,57.279998779296875,55.119998931884766,56.77000045776367,1791500,0.0,0.0
2024-11-13 00:00:00-05:00,56.959999084472656,57.619998931884766,56.2599983215332,56.689998626708984,947900,0.0,0.0
2024-11-14 00:00:00-05:00,56.689998626708984,57.189998626708984,54.56999969482422,55.0,560200,0.0,0.0
2024-11-15 00:00:00-05:00,55.040000915527344,55.119998931884766,53.79999923706055,54.290000915527344,441800,0.0,0.0
2024-11-18 00:00:00-05:00,54.220001220703125,54.9900016784668,53.869998931884766,54.58000183105469,434000,0.0,0.0
2024-11-19 00:00:00-05:00,53.939998626708984,54.56999969482422,53.75,54.45000076293945,454100,0.0,0.0
2024-11-20 00:00:00-05:00,54.70000076293945,55.130001068115234,53.77000045776367,54.72999954223633,503800,0.0,0.0
2024-11-21 00:00:00-05:00,55.16999816894531,55.83000183105469,54.880001068115234,55.720001220703125,529800,0.0,0.0
2024-11-22 00:00:00-05:00,55.880001068115234,58.77000045776367,55.86000061035156,58.63999938964844,912100,0.0,0.0
2024-11-25 00:00:00-05:00,59.15999984741211,59.709999084472656,58.220001220703125,58.310001373291016,1149300,0.0,0.0
2024-11-26 00:00:00-05:00,58.130001068115234,58.15999984741211,56.779998779296875,57.29999923706055,674700,0.0,0.0
2024-11-27 00:00:00-05:00,57.45000076293945,57.63999938964844,56.209999084472656,56.65999984741211,468300,0.0,0.0
2024-11-29 00:00:00-05:00,57.08000183105469,57.279998779296875,56.47999954223633,56.81999969482422,317900,0.0,0.0
2024-12-02 00:00:00-05:00,56.790000915527344,57.40999984741211,55.380001068115234,57.13999938964844,789200,0.0,0.0
2024-12-03 00:00:00-05:00,57.150001525878906,57.70000076293945,56.02000045776367,56.52000045776367,532700,0.0,0.0
2024-12-04 00:00:00-05:00,56.61000061035156,57.810001373291016,56.209999084472656,56.43000030517578,769300,0.0,0.0
2024-12-05 00:00:00-05:00,56.400001525878906,56.709999084472656,54.810001373291016,55.220001220703125,594400,0.0,0.0
2024-12-06 00:00:00-05:00,55.40999984741211,56.220001220703125,55.189998626708984,55.83000183105469,448800,0.0,0.0
2024-12-09 00:00:00-05:00,56.02000045776367,56.66999816894531,53.5,53.869998931884766,791200,0.0,0.0
2024-12-10 00:00:00-05:00,54.0,54.470001220703125,53.130001068115234,53.40999984741211,916100,0.0,0.0
2024-12-11 00:00:00-05:00,55.060001373291016,56.290000915527344,54.61000061035156,55.849998474121094,1018000,0.0,0.0
2024-12-12 00:00:00-05:00,55.150001525878906,56.18000030517578,54.59000015258789,54.599998474121094,609600,0.0,0.0
2024-12-13 00:00:00-05:00,54.529998779296875,55.34000015258789,53.86000061035156,54.0099983215332,503400,0.0,0.0
2024-12-16 00:00:00-05:00,54.0099983215332,55.029998779296875,54.0099983215332,54.88999938964844,618400,0.0,0.0
2024-12-17 00:00:00-05:00,54.7400016784668,55.31999969482422,53.470001220703125,53.77000045776367,561600,0.0,0.0
2024-12-18 00:00:00-05:00,54.06999969482422,54.869998931884766,51.380001068115234,51.900001525878906,763900,0.0,0.0
2024-12-19 00:00:00-05:00,52.47999954223633,53.41999816894531,52.22999954223633,52.43000030517578,792900,0.0,0.0
2024-12-20 00:00:00-05:00,51.77000045776367,53.400001525878906,51.59000015258789,53.040000915527344,2203500,0.0,0.0
2024-12-23 00:00:00-05:00,52.83000183105469,53.0,51.529998779296875,52.11000061035156,525800,0.0,0.0
2024-12-24 00:00:00-05:00,52.27000045776367,53.0,52.16999816894531,52.88999938964844,255800,0.0,0.0
2024-12-26 00:00:00-05:00,52.560001373291016,53.0,52.33000183105469,52.900001525878906,375000,0.0,0.0
2024-12-27 00:00:00-05:00,52.439998626708984,52.47999954223633,51.33000183105469,51.900001525878906,454200,0.0,0.0
2024-12-30 00:00:00-05:00,51.08000183105469,52.060001373291016,50.599998474121094,51.4900016784668,1178500,0.0,0.0
2024-12-31 00:00:00-05:00,51.7599983215332,52.25,51.310001373291016,51.90999984741211,698300,0.0,0.0
2025-01-02 00:00:00-05:00,52.560001373291016,52.7599983215332,51.779998779296875,52.59000015258789,522300,0.0,0.0
2025-01-03 00:00:00-05:00,52.849998474121094,53.95000076293945,52.45000076293945,53.209999084472656,448700,0.0,0.0
2025-01-06 00:00:00-05:00,53.2599983215332,53.5,52.66999816894531,52.72999954223633,656500,0.0,0.0
2025-01-07 00:00:00-05:00,52.63999938964844,52.70000076293945,50.25,51.11000061035156,795000,0.0,0.0
2025-01-08 00:00:00-05:00,50.5099983215332,52.15999984741211,50.2599983215332,52.119998931884766,488500,0.0,0.0
2025-01-10 00:00:00-05:00,51.119998931884766,51.79999923706055,50.880001068115234,51.34000015258789,737400,0.0,0.0
2025-01-13 00:00:00-05:00,50.36000061035156,51.70000076293945,50.29999923706055,51.619998931884766,588600,0.0,0.0
2025-01-14 00:00:00-05:00,52.209999084472656,52.79999923706055,51.630001068115234,52.400001525878906,478000,0.0,0.0
2025-01-15 00:00:00-05:00,53.459999084472656,53.790000915527344,52.40999984741211,53.47999954223633,610800,0.0,0.0
2025-01-16 00:00:00-05:00,53.56999969482422,54.79999923706055,53.56999969482422,54.34000015258789,876400,0.0,0.0
2025-01-17 00:00:00-05:00,55.369998931884766,55.38999938964844,53.29999923706055,53.84000015258789,576300,0.0,0.0
2025-01-21 00:00:00-05:00,54.4900016784668,55.08000183105469,54.0,54.540000915527344,507400,0.0,0.0
2025-01-22 00:00:00-05:00,54.529998779296875,54.86000061035156,52.689998626708984,52.880001068115234,618300,0.0,0.0
2025-01-23 00:00:00-05:00,52.65999984741211,53.029998779296875,51.91999816894531,52.5,1095300,0.0,0.0
2025-01-24 00:00:00-05:00,52.5099983215332,52.560001373291016,51.709999084472656,52.189998626708984,565000,0.0,0.0
2025-01-27 00:00:00-05:00,51.689998626708984,53.619998931884766,51.54999923706055,53.25,595100,0.0,0.0
2025-01-28 00:00:00-05:00,53.130001068115234,54.38999938964844,52.63999938964844,53.939998626708984,481400,0.0,0.0
2025-01-29 00:00:00-05:00,53.630001068115234,54.310001373291016,53.2599983215332,53.689998626708984,493200,0.0,0.0
2025-01-30 00:00:00-05:00,53.88999938964844,55.33000183105469,53.86000061035156,54.349998474121094,619600,0.0,0.0
2025-01-31 00:00:00-05:00,54.470001220703125,54.709999084472656,53.2599983215332,53.54999923706055,527900,0.0,0.0
2025-02-03 00:00:00-05:00,52.310001373291016,53.650001525878906,51.599998474121094,53.40999984741211,1258100,0.0,0.0
2025-02-04 00:00:00-05:00,53.400001525878906,54.15999984741211,53.400001525878906,53.70000076293945,467800,0.0,0.0
2025-02-05 00:00:00-05:00,53.900001525878906,55.119998931884766,53.099998474121094,54.83000183105469,774900,0.0,0.0
2025-02-06 00:00:00-05:00,55.290000915527344,55.29999923706055,53.470001220703125,54.029998779296875,662000,0.0,0.0
2025-02-07 00:00:00-05:00,54.150001525878906,54.150001525878906,52.72999954223633,52.88999938964844,564600,0.0,0.0
2025-02-10 00:00:00-05:00,53.150001525878906,53.5099983215332,52.689998626708984,52.970001220703125,557500,0.0,0.0
2025-02-11 00:00:00-05:00,52.439998626708984,52.77000045776367,51.91999816894531,52.310001373291016,502500,0.0,0.0
2025-02-12 00:00:00-05:00,51.4900016784668,51.97999954223633,51.02000045776367,51.619998931884766,407900,0.0,0.0
2025-02-13 00:00:00-05:00,52.16999816894531,52.709999084472656,51.439998626708984,52.540000915527344,437500,0.0,0.0
2025-02-14 00:00:00-05:00,52.7400016784668,53.2400016784668,52.16999816894531,52.5099983215332,452600,0.0,0.0
2025-02-18 00:00:00-05:00,52.380001068115234,52.72999954223633,51.939998626708984,52.72999954223633,336700,0.0,0.0
2025-02-19 00:00:00-05:00,52.61000061035156,53.0,51.56999969482422,52.20000076293945,651900,0.0,0.0
2025-02-20 00:00:00-05:00,51.939998626708984,52.15999984741211,50.849998474121094,51.70000076293945,461400,0.0,0.0
2025-02-21 00:00:00-05:00,51.869998931884766,52.15999984741211,50.4900016784668,50.560001373291016,818500,0.0,0.0
2025-02-24 00:00:00-05:00,50.75,51.029998779296875,49.68000030517578,50.380001068115234,843700,0.0,0.0
2025-02-25 00:00:00-05:00,50.34000015258789,50.97999954223633,49.810001373291016,50.560001373291016,470500,0.0,0.0
2025-02-26 00:00:00-05:00,50.560001373291016,51.66999816894531,50.400001525878906,50.58000183105469,696000,0.0,0.0
2025-02-27 00:00:00-05:00,51.369998931884766,54.97999954223633,50.93000030517578,54.470001220703125,1530400,0.0,0.0
2025-02-28 00:00:00-05:00,54.5,57.380001068115234,54.25,57.349998474121094,1482200,0.0,0.0
2025-03-03 00:00:00-05:00,57.36000061035156,58.13999938964844,54.720001220703125,54.95000076293945,1110900,0.0,0.0
2025-03-04 00:00:00-05:00,54.380001068115234,55.16999816894531,53.130001068115234,53.70000076293945,839400,0.0,0.0
2025-03-05 00:00:00-05:00,53.630001068115234,54.63999938964844,53.209999084472656,54.20000076293945,644300,0.0,0.0
2025-03-06 00:00:00-05:00,53.220001220703125,54.779998779296875,52.34000015258789,52.880001068115234,700900,0.0,0.0
2025-03-07 00:00:00-05:00,52.779998779296875,53.689998626708984,51.599998474121094,53.209999084472656,553500,0.0,0.0
2025-03-10 00:00:00-04:00,52.27000045776367,52.38999938964844,51.2400016784668,51.689998626708984,812300,0.0,0.0
2025-03-11 00:00:00-04:00,51.689998626708984,52.619998931884766,51.56999969482422,51.77000045776367,636100,0.0,0.0
2025-03-12 00:00:00-04:00,51.900001525878906,52.68000030517578,51.27000045776367,51.61000061035156,650500,0.0,0.0
2025-03-13 00:00:00-04:00,51.38999938964844,51.560001373291016,50.709999084472656,51.060001373291016,494700,0.0,0.0
2025-03-14 00:00:00-04:00,51.66999816894531,53.290000915527344,51.25,52.91999816894531,551200,0.0,0.0
2025-03-17 00:00:00-04:00,52.7599983215332,53.65999984741211,52.41999816894531,53.2599983215332,488900,0.0,0.0
2025-03-18 00:00:00-04:00,53.0,53.150001525878906,52.380001068115234,52.52000045776367,877300,0.0,0.0
2025-03-19 00:00:00-04:00,52.58000183105469,53.900001525878906,52.529998779296875,53.540000915527344,448800,0.0,0.0
2025-03-20 00:00:00-04:00,53.06999969482422,54.04999923706055,53.06999969482422,53.5,411300,0.0,0.0
2025-03-21 00:00:00-04:00,52.91999816894531,53.36000061035156,52.20000076293945,53.04999923706055,1260100,0.0,0.0
2025-03-24 00:00:00-04:00,54.040000915527344,54.63999938964844,53.84000015258789,54.43000030517578,522300,0.0,0.0
2025-03-25 00:00:00-04:00,54.68000030517578,55.83000183105469,54.5,55.2599983215332,427500,0.0,0.0
2025-03-26 00:00:00-04:00,55.2599983215332,55.869998931884766,54.650001525878906,55.08000183105469,458500,0.0,0.0
2025-03-27 00:00:00-04:00,55.02000045776367,55.400001525878906,54.119998931884766,55.16999816894531,424500,0.0,0.0
2025-03-28 00:00:00-04:00,54.90999984741211,55.41999816894531,53.66999816894531,54.279998779296875,595500,0.0,0.0
2025-03-31 00:00:00-04:00,53.650001525878906,54.9900016784668,53.220001220703125,54.709999084472656,995400,0.0,0.0
2025-04-01 00:00:00-04:00,54.38999938964844,57.0,54.09000015258789,56.70000076293945,1310600,0.0,0.0
2025-04-02 00:00:00-04:00,55.68000030517578,57.4900016784668,55.0,57.16999816894531,929900,0.0,0.0
2025-04-03 00:00:00-04:00,54.59000015258789,55.869998931884766,53.33000183105469,53.459999084472656,1037100,0.0,0.0
2025-04-04 00:00:00-04:00,51.099998474121094,52.41999816894531,49.779998779296875,50.18000030517578,1012000,0.0,0.0
2025-04-07 00:00:00-04:00,47.810001373291016,52.470001220703125,47.0,49.70000076293945,1322900,0.0,0.0
2025-04-08 00:00:00-04:00,51.86000061035156,52.5099983215332,47.459999084472656,48.0,1714600,0.0,0.0
2025-04-09 00:00:00-04:00,47.61000061035156,53.86000061035156,47.220001220703125,53.349998474121094,1134200,0.0,0.0
2025-04-10 00:00:00-04:00,51.7400016784668,52.25,49.75,50.93000030517578,965600,0.0,0.0
2025-04-11 00:00:00-04:00,50.709999084472656,52.029998779296875,49.70000076293945,51.880001068115234,712300,0.0,0.0
2025-04-14 00:00:00-04:00,53.0,53.130001068115234,51.81999969482422,52.130001068115234,564500,0.0,0.0
2025-04-15 00:00:00-04:00,52.189998626708984,52.83000183105469,51.90999984741211,52.220001220703125,541400,0.0,0.0
2025-04-16 00:00:00-04:00,51.619998931884766,52.18000030517578,50.79999923706055,51.310001373291016,482100,0.0,0.0
2025-04-17 00:00:00-04:00,51.34000015258789,51.70000076293945,50.72999954223633,50.939998626708984,472900,0.0,0.0
2025-04-21 00:00:00-04:00,50.349998474121094,50.560001373291016,49.029998779296875,49.72999954223633,434600,0.0,0.0
2025-04-22 00:00:00-04:00,50.7400016784668,51.58000183105469,50.380001068115234,51.060001373291016,927900,0.0,0.0
2025-04-23 00:00:00-04:00,52.20000076293945,53.310001373291016,51.5099983215332,51.650001525878906,607700,0.0,0.0
2025-04-24 00:00:00-04:00,51.84000015258789,52.70000076293945,51.84000015258789,52.029998779296875,546200,0.0,0.0
2025-04-25 00:00:00-04:00,51.869998931884766,52.619998931884766,51.619998931884766,52.38999938964844,571000,0.0,0.0
2025-04-28 00:00:00-04:00,52.5,53.33000183105469,52.349998474121094,52.779998779296875,623900,0.0,0.0
2025-04-29 00:00:00-04:00,52.54999923706055,53.77000045776367,52.54999923706055,53.52000045776367,807300,0.0,0.0
2025-04-30 00:00:00-04:00,52.779998779296875,53.689998626708984,52.29999923706055,53.36000061035156,673700,0.0,0.0
2025-05-01 00:00:00-04:00,53.66999816894531,54.279998779296875,53.15999984741211,53.90999984741211,830800,0.0,0.0
2025-05-02 00:00:00-04:00,54.560001373291016,55.09000015258789,54.369998931884766,54.84000015258789,577800,0.0,0.0
2025-05-05 00:00:00-04:00,54.29999923706055,55.150001525878906,54.29999923706055,54.54999923706055,549800,0.0,0.0
2025-05-06 00:00:00-04:00,53.970001220703125,54.65999984741211,53.599998474121094,54.43000030517578,571300,0.0,0.0
2025-05-07 00:00:00-04:00,54.81999969482422,55.45000076293945,54.279998779296875,54.880001068115234,688700,0.0,0.0
2025-05-08 00:00:00-04:00,52.5099983215332,53.22999954223633,48.43000030517578,48.459999084472656,1767000,0.0,0.0
2025-05-09 00:00:00-04:00,48.75,49.02000045776367,46.22999954223633,46.560001373291016,1423900,0.0,0.0
2025-05-12 00:00:00-04:00,48.66999816894531,49.86000061035156,47.900001525878906,48.7599983215332,1752600,0.0,0.0
2025-05-13 00:00:00-04:00,48.86000061035156,49.470001220703125,48.25,49.15999984741211,1256300,0.0,0.0
2025-05-14 00:00:00-04:00,48.779998779296875,49.56999969482422,48.7599983215332,49.209999084472656,1090500,0.0,0.0
2025-05-15 00:00:00-04:00,49.16999816894531,49.599998474121094,48.560001373291016,48.77000045776367,1043500,0.0,0.0
2025-05-16 00:00:00-04:00,48.65999984741211,49.36000061035156,48.56999969482422,48.869998931884766,734500,0.0,0.0
2025-05-19 00:00:00-04:00,48.31999969482422,49.119998931884766,48.31999969482422,49.119998931884766,573000,0.0,0.0
2025-05-20 00:00:00-04:00,48.900001525878906,49.34000015258789,47.7599983215332,47.790000915527344,964000,0.0,0.0
2025-05-21 00:00:00-04:00,47.40999984741211,47.65999984741211,45.5099983215332,45.70000076293945,1328100,0.0,0.0
2025-05-22 00:00:00-04:00,45.720001220703125,46.77000045776367,45.56999969482422,46.470001220703125,1285300,0.0,0.0
2025-05-23 00:00:00-04:00,45.939998626708984,47.08000183105469,45.900001525878906,46.290000915527344,1011000,0.0,0.0
2025-05-27 00:00:00-04:00,46.790000915527344,47.459999084472656,46.099998474121094,46.59000015258789,791400,0.0,0.0
2025-05-28 00:00:00-04:00,46.5099983215332,47.04999923706055,46.2400016784668,46.2599983215332,687200,0.0,0.0
2025-05-29 00:00:00-04:00,46.650001525878906,46.650001525878906,45.7599983215332,46.13999938964844,478900,0.0,0.0
2025-05-30 00:00:00-04:00,46.13999938964844,46.470001220703125,45.66999816894531,46.2599983215332,655500,0.0,0.0
2025-06-02 00:00:00-04:00,45.95000076293945,46.470001220703125,45.29999923706055,46.119998931884766,709400,0.0,0.0
2025-06-03 00:00:00-04:00,46.119998931884766,47.150001525878906,45.91999816894531,46.790000915527344,626900,0.0,0.0
2025-06-04 00:00:00-04:00,47.22999954223633,47.650001525878906,46.36000061035156,46.619998931884766,470000,0.0,0.0
2025-06-05 00:00:00-04:00,46.650001525878906,47.220001220703125,46.470001220703125,46.970001220703125,560600,0.0,0.0
2025-06-06 00:00:00-04:00,47.47999954223633,47.47999954223633,46.779998779296875,47.29999923706055,560300,0.0,0.0
2025-06-09 00:00:00-04:00,47.119998931884766,47.95000076293945,47.0,47.790000915527344,546800,0.0,0.0
2025-06-10 00:00:00-04:00,47.70000076293945,47.90999984741211,47.0099983215332,47.380001068115234,743000,0.0,0.0
2025-06-11 00:00:00-04:00,47.40999984741211,47.93000030517578,46.90999984741211,47.060001373291016,457700,0.0,0.0
2025-06-12 00:00:00-04:00,47.060001373291016,47.27000045776367,46.65999984741211,46.880001068115234,371300,0.0,0.0
2025-06-13 00:00:00-04:00,46.310001373291016,46.61000061035156,44.959999084472656,45.06999969482422,645700,0.0,0.0
2025-06-16 00:00:00-04:00,45.33000183105469,46.0,45.16999816894531,45.560001373291016,722700,0.0,0.0
2025-06-17 00:00:00-04:00,45.11000061035156,45.650001525878906,44.959999084472656,44.9900016784668,397400,0.0,0.0
2025-06-18 00:00:00-04:00,44.970001220703125,45.63999938964844,44.599998474121094,44.779998779296875,439500,0.0,0.0
2025-06-20 00:00:00-04:00,44.939998626708984,45.2400016784668,44.209999084472656,44.59000015258789,1198700,0.0,0.0
2025-06-23 00:00:00-04:00,44.52000045776367,45.38999938964844,44.060001373291016,45.369998931884766,654000,0.0,0.0
2025-06-24 00:00:00-04:00,45.90999984741211,46.2599983215332,45.279998779296875,46.040000915527344,565800,0.0,0.0
2025-06-25 00:00:00-04:00,46.130001068115234,46.2400016784668,44.90999984741211,45.18000030517578,558500,0.0,0.0
2025-06-26 00:00:00-04:00,45.2599983215332,45.4900016784668,44.959999084472656,45.40999984741211,471200,0.0,0.0
2025-06-27 00:00:00-04:00,45.689998626708984,45.900001525878906,45.15999984741211,45.4900016784668,725700,0.0,0.0
2025-06-30 00:00:00-04:00,45.849998474121094,46.38999938964844,45.65999984741211,45.90999984741211,725300,0.0,0.0
2025-07-01 00:00:00-04:00,45.619998931884766,46.61000061035156,45.439998626708984,45.939998626708984,655400,0.0,0.0
2025-07-02 00:00:00-04:00,45.939998626708984,45.939998626708984,45.029998779296875,45.4900016784668,790000,0.0,0.0
2025-07-03 00:00:00-04:00,45.7400016784668,46.45000076293945,45.31999969482422,46.209999084472656,438500,0.0,0.0
2025-07-07 00:00:00-04:00,46.11000061035156,46.439998626708984,45.349998474121094,45.470001220703125,651400,0.0,0.0
2025-07-08 00:00:00-04:00,45.540000915527344,46.61000061035156,45.540000915527344,45.93000030517578,826300,0.0,0.0
2025-07-09 00:00:00-04:00,46.15999984741211,46.2599983215332,45.16999816894531,45.43000030517578,652800,0.0,0.0
2025-07-10 00:00:00-04:00,45.310001373291016,45.540000915527344,44.70000076293945,45.11000061035156,628300,0.0,0.0
2025-07-11 00:00:00-04:00,44.939998626708984,45.04999923706055,43.7400016784668,43.900001525878906,630100,0.0,0.0
2025-07-14 00:00:00-04:00,43.95000076293945,44.79999923706055,43.91999816894531,44.439998626708984,615900,0.0,0.0
2025-07-15 00:00:00-04:00,44.58000183105469,44.61000061035156,43.75,43.779998779296875,611300,0.0,0.0
2025-07-16 00:00:00-04:00,44.130001068115234,44.560001373291016,43.91999816894531,44.2599983215332,692600,0.0,0.0
2025-07-17 00:00:00-04:00,45.16999816894531,45.9900016784668,44.83000183105469,45.70000076293945,806900,0.0,0.0
2025-07-18 00:00:00-04:00,45.88999938964844,45.88999938964844,45.25,45.34000015258789,480700,0.0,0.0
2025-07-21 00:00:00-04:00,45.400001525878906,45.70000076293945,44.91999816894531,45.0,415400,0.0,0.0
2025-07-22 00:00:00-04:00,45.0099983215332,45.81999969482422,44.7599983215332,45.52000045776367,730500,0.0,0.0
2025-07-23 00:00:00-04:00,45.52000045776367,46.18000030517578,44.709999084472656,45.959999084472656,1009800,0.0,0.0
2025-07-24 00:00:00-04:00,45.970001220703125,46.16999816894531,44.90999984741211,44.95000076293945,616600,0.0,0.0
2025-07-25 00:00:00-04:00,45.16999816894531,45.45000076293945,44.54999923706055,44.79999923706055,886400,0.0,0.0
2025-07-28 00:00:00-04:00,44.97999954223633,45.20000076293945,44.45000076293945,44.52000045776367,1010200,0.0,0.0
2025-07-29 00:00:00-04:00,44.939998626708984,45.150001525878906,43.599998474121094,43.63999938964844,1057700,0.0,0.0
2025-07-30 00:00:00-04:00,43.70000076293945,44.4900016784668,43.38999938964844,43.709999084472656,787200,0.0,0.0
2025-07-31 00:00:00-04:00,43.650001525878906,43.7400016784668,42.5099983215332,42.560001373291016,904100,0.0,0.0
2025-08-01 00:00:00-04:00,41.86000061035156,42.130001068115234,40.45000076293945,40.7400016784668,1156600,0.0,0.0
2025-08-04 00:00:00-04:00,41.08000183105469,42.15999984741211,40.79999923706055,41.93000030517578,911000,0.0,0.0
2025-08-05 00:00:00-04:00,41.939998626708984,41.939998626708984,41.189998626708984,41.540000915527344,758300,0.0,0.0
2025-08-06 00:00:00-04:00,41.630001068115234,42.22999954223633,41.2599983215332,42.150001525878906,1159100,0.0,0.0
2025-08-07 00:00:00-04:00,45.20000076293945,46.36000061035156,42.79999923706055,43.7400016784668,1453800,0.0,0.0
2025-08-08 00:00:00-04:00,44.06999969482422,45.380001068115234,43.72999954223633,44.54999923706055,1228600,0.0,0.0
2025-08-11 00:00:00-04:00,44.58000183105469,45.130001068115234,44.290000915527344,44.38999938964844,935000,0.0,0.0
2025-08-12 00:00:00-04:00,44.529998779296875,46.4900016784668,44.4900016784668,46.34000015258789,1155600,0.0,0.0
2025-08-13 00:00:00-04:00,46.52000045776367,47.619998931884766,46.290000915527344,47.290000915527344,1117800,0.0,0.0
2025-08-14 00:00:00-04:00,47.029998779296875,47.029998779296875,46.290000915527344,46.61000061035156,919600,0.0,0.0
2025-08-15 00:00:00-04:00,46.83000183105469,46.83000183105469,45.939998626708984,46.560001373291016,763600,0.0,0.0
2025-08-18 00:00:00-04:00,46.560001373291016,47.36000061035156,46.22999954223633,47.25,573800,0.0,0.0
2025-08-19 00:00:00-04:00,47.349998474121094,47.77000045776367,46.970001220703125,47.029998779296875,520800,0.0,0.0
2025-08-20 00:00:00-04:00,46.97999954223633,47.25,46.779998779296875,47.09000015258789,823900,0.0,0.0
2025-08-21 00:00:00-04:00,46.959999084472656,47.90999984741211,46.619998931884766,47.869998931884766,1054700,0.0,0.0
2025-08-22 00:00:00-04:00,48.130001068115234,49.83000183105469,48.130001068115234,49.310001373291016,774000,0.0,0.0
2025-08-25 00:00:00-04:00,49.279998779296875,49.5099983215332,48.720001220703125,48.7599983215332,682700,0.0,0.0
2025-08-26 00:00:00-04:00,48.63999938964844,48.900001525878906,48.130001068115234,48.13999938964844,1607800,0.0,0.0
2025-08-27 00:00:00-04:00,48.099998474121094,48.5,47.810001373291016,48.4900016784668,692000,0.0,0.0
2025-08-28 00:00:00-04:00,48.540000915527344,49.220001220703125,48.18000030517578,49.20000076293945,849900,0.0,0.0
2025-08-29 00:00:00-04:00,49.290000915527344,49.41999816894531,48.880001068115234,49.349998474121094,789300,0.0,0.0
2025-09-02 00:00:00-04:00,48.7400016784668,49.209999084472656,48.45000076293945,48.97999954223633,756100,0.0,0.0
2025-09-03 00:00:00-04:00,48.9900016784668,49.220001220703125,48.56999969482422,49.16999816894531,1140300,0.0,0.0
2025-09-04 00:00:00-04:00,49.2400016784668,49.66999816894531,48.40999984741211,49.63999938964844,800800,0.0,0.0
2025-09-05 00:00:00-04:00,49.959999084472656,51.0,49.869998931884766,50.25,709400,0.0,0.0
2025-09-08 00:00:00-04:00,50.790000915527344,51.29999923706055,49.47999954223633,51.209999084472656,1432800,0.0,0.0
2025-09-09 00:00:00-04:00,51.349998474121094,51.349998474121094,50.27000045776367,51.22999954223633,725200,0.0,0.0
2025-09-10 00:00:00-04:00,51.22999954223633,51.63999938964844,49.880001068115234,50.09000015258789,1056800,0.0,0.0
2025-09-11 00:00:00-04:00,50.47999954223633,50.90999984741211,49.43000030517578,50.630001068115234,915100,0.0,0.0
2025-09-12 00:00:00-04:00,50.790000915527344,50.939998626708984,50.119998931884766,50.150001525878906,888500,0.0,0.0
2025-09-15 00:00:00-04:00,50.279998779296875,50.540000915527344,49.56999969482422,49.59000015258789,677200,0.0,0.0
2025-09-16 00:00:00-04:00,49.5099983215332,49.5099983215332,48.83000183105469,49.380001068115234,812600,0.0,0.0
2025-09-17 00:00:00-04:00,49.77000045776367,51.189998626708984,49.54999923706055,49.7599983215332,833500,0.0,0.0
2025-09-18 00:00:00-04:00,50.09000015258789,51.25,49.88999938964844,51.130001068115234,894200,0.0,0.0
2025-09-19 00:00:00-04:00,51.349998474121094,51.470001220703125,50.15999984741211,50.88999938964844,2918500,0.0,0.0
2025-09-22 00:00:00-04:00,50.79999923706055,53.02000045776367,50.15999984741211,52.900001525878906,1513100,0.0,0.0
2025-09-23 00:00:00-04:00,53.06999969482422,53.45000076293945,52.189998626708984,52.36000061035156,960100,0.0,0.0
2025-09-24 00:00:00-04:00,52.61000061035156,52.9900016784668,52.20000076293945,52.279998779296875,494500,0.0,0.0
2025-09-25 00:00:00-04:00,52.0099983215332,52.02000045776367,51.11000061035156,51.709999084472656,567000,0.0,0.0
2025-09-26 00:00:00-04:00,51.66999816894531,52.45000076293945,51.29999923706055,52.2599983215332,476000,0.0,0.0
2025-09-29 00:00:00-04:00,52.41999816894531,52.61000061035156,52.0,52.34000015258789,838100,0.0,0.0
2025-09-30 00:00:00-04:00,52.34000015258789,52.81999969482422,51.40999984741211,52.77000045776367,843500,0.0,0.0
2025-10-01 00:00:00-04:00,52.4900016784668,52.90999984741211,52.130001068115234,52.7400016784668,847100,0.0,0.0
2025-10-02 00:00:00-04:00,52.86000061035156,53.16999816894531,52.5099983215332,53.02000045776367,588300,0.0,0.0
2025-10-03 00:00:00-04:00,53.02000045776367,54.279998779296875,53.02000045776367,53.619998931884766,682400,0.0,0.0
2025-10-06 00:00:00-04:00,53.790000915527344,54.25,53.099998474121094,53.58000183105469,846100,0.0,0.0
2025-10-07 00:00:00-04:00,53.47999954223633,53.63999938964844,52.65999984741211,52.689998626708984,575200,0.0,0.0
2025-10-08 00:00:00-04:00,52.93000030517578,53.33000183105469,52.22999954223633,52.88999938964844,605000,0.0,0.0
2025-10-09 00:00:00-04:00,52.88999938964844,52.88999938964844,51.63999938964844,52.380001068115234,481400,0.0,0.0
2025-10-10 00:00:00-04:00,52.5,52.63999938964844,50.630001068115234,51.0099983215332,499300,0.0,0.0
2025-10-13 00:00:00-04:00,51.54999923706055,51.54999923706055,50.560001373291016,51.0,420600,0.0,0.0
2025-10-14 00:00:00-04:00,50.209999084472656,51.81999969482422,50.209999084472656,51.47999954223633,401000,0.0,0.0
2025-10-15 00:00:00-04:00,51.709999084472656,52.08000183105469,50.279998779296875,50.52000045776367,522700,0.0,0.0
2025-10-16 00:00:00-04:00,51.13999938964844,51.20000076293945,48.04999923706055,48.18000030517578,967300,0.0,0.0
2025-10-17 00:00:00-04:00,47.83000183105469,48.880001068115234,47.54999923706055,48.75,800800,0.0,0.0
2025-10-20 00:00:00-04:00,49.15999984741211,49.65999984741211,48.650001525878906,49.0099983215332,730200,0.0,0.0
2025-10-21 00:00:00-04:00,49.31999969482422,50.20000076293945,48.560001373291016,49.61000061035156,571800,0.0,0.0
2025-10-22 00:00:00-04:00,49.61000061035156,50.13999938964844,49.11000061035156,49.52000045776367,637800,0.0,0.0
2025-10-23 00:00:00-04:00,49.4900016784668,50.18000030517578,49.02000045776367,50.02000045776367,350300,0.0,0.0
2025-10-24 00:00:00-04:00,50.540000915527344,50.880001068115234,50.189998626708984,50.400001525878906,407700,0.0,0.0
2025-10-27 00:00:00-04:00,50.869998931884766,50.90999984741211,49.97999954223633,50.209999084472656,398600,0.0,0.0
2025-10-28 00:00:00-04:00,50.209999084472656,50.5,49.65999984741211,49.75,482200,0.0,0.0
2025-10-29 00:00:00-04:00,49.349998474121094,49.560001373291016,46.970001220703125,47.34000015258789,1037700,0.0,0.0
2025-10-30 00:00:00-04:00,47.22999954223633,48.529998779296875,46.66999816894531,47.22999954223633,1234400,0.0,0.0
2025-10-31 00:00:00-04:00,47.04999923706055,47.66999816894531,46.86000061035156,47.630001068115234,750600,0.0,0.0
2025-11-03 00:00:00-05:00,47.630001068115234,47.72999954223633,46.61000061035156,47.66999816894531,982600,0.0,0.0
2025-11-04 00:00:00-05:00,47.63999938964844,47.720001220703125,46.91999816894531,47.369998931884766,492800,0.0,0.0
2025-11-05 00:00:00-05:00,47.47999954223633,48.38999938964844,47.40999984741211,48.2400016784668,692300,0.0,0.0
2025-11-06 00:00:00-05:00,49.20000076293945,52.279998779296875,48.529998779296875,50.630001068115234,1521100,0.0,0.0
2025-11-07 00:00:00-05:00,50.5,50.5099983215332,48.91999816894531,48.959999084472656,831500,0.0,0.0
2025-11-10 00:00:00-05:00,48.97999954223633,49.150001525878906,47.349998474121094,47.47999954223633,885400,0.0,0.0
2025-11-11 00:00:00-05:00,47.630001068115234,48.77000045776367,47.13999938964844,48.0,883700,0.0,0.0
2025-11-12 00:00:00-05:00,48.220001220703125,48.77000045776367,47.470001220703125,47.56999969482422,872000,0.0,0.0
2025-11-13 00:00:00-05:00,47.11000061035156,47.58000183105469,46.77000045776367,47.15999984741211,668100,0.0,0.0
2025-11-14 00:00:00-05:00,46.7599983215332,47.099998474121094,46.40999984741211,46.970001220703125,612300,0.0,0.0
2025-11-17 00:00:00-05:00,46.779998779296875,47.130001068115234,46.02000045776367,46.29999923706055,943100,0.0,0.0
2025-11-18 00:00:00-05:00,46.029998779296875,46.61000061035156,45.72999954223633,46.2599983215332,723100,0.0,0.0
2025-11-19 00:00:00-05:00,46.41999816894531,46.66999816894531,45.90999984741211,46.31999969482422,584000,0.0,0.0
2025-11-20 00:00:00-05:00,47.04999923706055,47.540000915527344,45.61000061035156,45.65999984741211,710200,0.0,0.0
2025-11-21 00:00:00-05:00,45.65999984741211,47.290000915527344,45.65999984741211,46.61000061035156,778500,0.0,0.0
2025-11-24 00:00:00-05:00,46.619998931884766,47.0099983215332,46.15999984741211,46.75,817100,0.0,0.0
2025-11-25 00:00:00-05:00,47.08000183105469,47.83000183105469,47.08000183105469,47.220001220703125,610100,0.0,0.0
2025-11-26 00:00:00-05:00,47.20000076293945,47.5099983215332,46.7400016784668,46.86000061035156,884000,0.0,0.0
2025-11-28 00:00:00-05:00,47.130001068115234,47.20000076293945,46.709999084472656,46.86000061035156,259800,0.0,0.0
2025-12-01 00:00:00-05:00,46.349998474121094,46.79999923706055,46.0099983215332,46.15999984741211,706200,0.0,0.0
2025-12-02 00:00:00-05:00,46.59000015258789,46.900001525878906,46.20000076293945,46.5,567400,0.0,0.0
2025-12-03 00:00:00-05:00,46.41999816894531,47.130001068115234,46.209999084472656,47.08000183105469,606400,0.0,0.0
2025-12-04 00:00:00-05:00,46.959999084472656,47.13999938964844,46.22999954223633,46.349998474121094,581100,0.0,0.0
2025-12-05 00:00:00-05:00,46.25,46.91999816894531,45.83000183105469,45.90999984741211,853900,0.0,0.0
2025-12-08 00:00:00-05:00,46.34000015258789,46.34000015258789,45.119998931884766,45.2599983215332,620500,0.0,0.0
2025-12-09 00:00:00-05:00,45.43000030517578,45.970001220703125,45.33000183105469,45.470001220703125,447000,0.0,0.0
2025-12-10 00:00:00-05:00,45.099998474121094,47.33000183105469,45.099998474121094,46.79999923706055,686300,0.0,0.0
2025-12-11 00:00:00-05:00,46.88999938964844,47.77000045776367,46.29999923706055,47.459999084472656,1250200,0.0,0.0
2025-12-12 00:00:00-05:00,47.5,47.9900016784668,47.33000183105469,47.529998779296875,689400,0.0,0.0
2025-12-15 00:00:00-05:00,47.779998779296875,47.779998779296875,46.529998779296875,46.66999816894531,773900,0.0,0.0
2025-12-16 00:00:00-05:00,46.810001373291016,48.36000061035156,46.810001373291016,48.04999923706055,1359700,0.0,0.0
2025-12-17 00:00:00-05:00,48.029998779296875,48.869998931884766,47.7599983215332,48.20000076293945,687400,0.0,0.0
2025-12-18 00:00:00-05:00,48.209999084472656,48.79999923706055,48.060001373291016,48.29999923706055,685000,0.0,0.0
2025-12-19 00:00:00-05:00,48.13999938964844,48.56999969482422,47.91999816894531,48.13999938964844,2161900,0.0,0.0
2025-12-22 00:00:00-05:00,48.099998474121094,49.439998626708984,48.099998474121094,48.939998626708984,668500,0.0,0.0
2025-12-23 00:00:00-05:00,48.689998626708984,49.33000183105469,48.33000183105469,48.689998626708984,545100,0.0,0.0
2025-12-24 00:00:00-05:00,48.91999816894531,49.06999969482422,48.540000915527344,48.869998931884766,262200,0.0,0.0
2025-12-26 00:00:00-05:00,48.790000915527344,49.099998474121094,48.310001373291016,48.72999954223633,279100,0.0,0.0
2025-12-29 00:00:00-05:00,48.68000030517578,49.70000076293945,48.25,48.599998474121094,319300,0.0,0.0
2025-12-30 00:00:00-05:00,48.439998626708984,48.7599983215332,48.09000015258789,48.119998931884766,333200,0.0,0.0
2025-12-31 00:00:00-05:00,48.11000061035156,48.25,47.7599983215332,47.810001373291016,474200,0.0,0.0
2026-01-02 00:00:00-05:00,48.0099983215332,48.0099983215332,45.599998474121094,45.66999816894531,533900,0.0,0.0
2026-01-05 00:00:00-05:00,45.369998931884766,47.0099983215332,45.369998931884766,45.93000030517578,948300,0.0,0.0
2026-01-06 00:00:00-05:00,45.86000061035156,45.869998931884766,45.2400016784668,45.47999954223633,679400,0.0,0.0
2026-01-07 00:00:00-05:00,45.939998626708984,46.20000076293945,45.400001525878906,46.099998474121094,647800,0.0,0.0
2026-01-08 00:00:00-05:00,45.88999938964844,47.08000183105469,45.75,46.70000076293945,806700,0.0,0.0
2026-01-09 00:00:00-05:00,46.619998931884766,47.11000061035156,46.0,46.77000045776367,428200,0.0,0.0
2026-01-12 00:00:00-05:00,46.470001220703125,47.40999984741211,46.04999923706055,47.099998474121094,540400,0.0,0.0
2026-01-13 00:00:00-05:00,47.029998779296875,47.529998779296875,45.119998931884766,45.630001068115234,468700,0.0,0.0
2026-01-14 00:00:00-05:00,45.459999084472656,45.66999816894531,44.86000061035156,45.470001220703125,426300,0.0,0.0
2026-01-15 00:00:00-05:00,45.470001220703125,45.720001220703125,43.400001525878906,43.4900016784668,971200,0.0,0.0
2026-01-16 00:00:00-05:00,43.4900016784668,44.060001373291016,42.650001525878906,42.9900016784668,732500,0.0,0.0
2026-01-20 00:00:00-05:00,42.349998474121094,43.11000061035156,42.0,42.38999938964844,551900,0.0,0.0
2026-01-21 00:00:00-05:00,42.5,43.29999923706055,42.47999954223633,42.900001525878906,635300,0.0,0.0
2026-01-22 00:00:00-05:00,43.119998931884766,44.040000915527344,43.119998931884766,43.72999954223633,599000,0.0,0.0
2026-01-23 00:00:00-05:00,43.72999954223633,44.130001068115234,43.34000015258789,44.029998779296875,489100,0.0,0.0
2026-01-26 00:00:00-05:00,44.029998779296875,45.02000045776367,44.0099983215332,44.810001373291016,626300,0.0,0.0
2026-01-27 00:00:00-05:00,44.869998931884766,44.869998931884766,43.83000183105469,44.70000076293945,659200,0.0,0.0
2026-01-28 00:00:00-05:00,44.91999816894531,45.279998779296875,43.439998626708984,43.5,651500,0.0,0.0
2026-01-29 00:00:00-05:00,43.31999969482422,43.45000076293945,41.86000061035156,43.20000076293945,922800,0.0,0.0
2026-01-30 00:00:00-05:00,43.08000183105469,44.060001373291016,42.81999969482422,43.36000061035156,1140600,0.0,0.0
2026-02-02 00:00:00-05:00,43.36000061035156,44.5099983215332,43.04999923706055,43.45000076293945,982900,0.0,0.0
2026-02-03 00:00:00-05:00,42.77000045776367,42.83000183105469,38.88999938964844,39.52000045776367,2171000,0.0,0.0
2026-02-04 00:00:00-05:00,39.2599983215332,41.41999816894531,38.88999938964844,40.970001220703125,925200,0.0,0.0
2026-02-05 00:00:00-05:00,41.56999969482422,42.20000076293945,40.5,40.65999984741211,1072800,0.0,0.0
2026-02-06 00:00:00-05:00,41.16999816894531,42.400001525878906,41.16999816894531,42.279998779296875,951900,0.0,0.0
2026-02-09 00:00:00-05:00,41.93000030517578,42.150001525878906,41.45000076293945,41.83000183105469,611800,0.0,0.0
2026-02-10 00:00:00-05:00,41.970001220703125,42.7400016784668,41.83000183105469,42.41999816894531,506000,0.0,0.0
2026-02-11 00:00:00-05:00,42.45000076293945,42.63999938964844,40.279998779296875,40.33000183105469,1389100,0.0,0.0
2026-02-12 00:00:00-05:00,40.4900016784668,41.25,38.529998779296875,39.27000045776367,875900,0.0,0.0
2026-02-13 00:00:00-05:00,39.65999984741211,40.5,39.52000045776367,39.560001373291016,652100,0.0,0.0
2026-02-17 00:00:00-05:00,40.310001373291016,41.08000183105469,40.16999816894531,40.58000183105469,957800,0.0,0.0
2026-02-18 00:00:00-05:00,40.77000045776367,41.20000076293945,40.529998779296875,40.59000015258789,712300,0.0,0.0
2026-02-19 00:00:00-05:00,40.630001068115234,40.810001373291016,40.20000076293945,40.75,519500,0.0,0.0
2026-02-20 00:00:00-05:00,40.75,41.619998931884766,40.5099983215332,40.880001068115234,620000,0.0,0.0
2026-02-23 00:00:00-05:00,40.779998779296875,41.06999969482422,38.20000076293945,38.470001220703125,800700,0.0,0.0
2026-02-24 00:00:00-05:00,38.4900016784668,39.709999084472656,38.4900016784668,39.08000183105469,857200,0.0,0.0
2026-02-25 00:00:00-05:00,39.20000076293945,41.65999984741211,38.84000015258789,41.47999954223633,1756600,0.0,0.0
2026-02-26 00:00:00-05:00,40.22999954223633,41.06999969482422,38.04999923706055,39.79999923706055,2684400,0.0,0.0
2026-02-27 00:00:00-05:00,39.59000015258789,40.06999969482422,39.2400016784668,39.68000030517578,1381400,0.0,0.0
2026-03-02 00:00:00-05:00,39.08000183105469,41.15999984741211,38.7400016784668,40.349998474121094,1124200,0.0,0.0
2026-03-03 00:00:00-05:00,40.189998626708984,41.939998626708984,39.650001525878906,41.40999984741211,735600,0.0,0.0
2026-03-04 00:00:00-05:00,42.43000030517578,42.849998474121094,41.34000015258789,42.439998626708984,926200,0.0,0.0
2026-03-05 00:00:00-05:00,42.369998931884766,42.90999984741211,41.689998626708984,42.86000061035156,783200,0.0,0.0
2026-03-06 00:00:00-05:00,42.40999984741211,42.869998931884766,41.68000030517578,42.54999923706055,778700,0.0,0.0
2026-03-09 00:00:00-04:00,42.09000015258789,43.0099983215332,40.88999938964844,42.630001068115234,948600,0.0,0.0
2026-03-10 00:00:00-04:00,42.720001220703125,43.0,41.27000045776367,42.06999969482422,950100,0.0,0.0
2026-03-11 00:00:00-04:00,42.29999923706055,42.869998931884766,40.77000045776367,41.439998626708984,804200,0.0,0.0
2026-03-12 00:00:00-04:00,40.959999084472656,41.91999816894531,40.31999969482422,40.43000030517578,821600,0.0,0.0
2026-03-13 00:00:00-04:00,40.630001068115234,41.470001220703125,39.5099983215332,39.77000045776367,535600,0.0,0.0
2026-03-16 00:00:00-04:00,39.9900016784668,40.220001220703125,39.310001373291016,39.54999923706055,587700,0.0,0.0
2026-03-17 00:00:00-04:00,39.77000045776367,41.0099983215332,39.66999816894531,39.86000061035156,551200,0.0,0.0
2026-03-18 00:00:00-04:00,39.470001220703125,40.060001373291016,39.099998474121094,39.130001068115234,520858,0.0,0.0
