Date,Open,High,Low,Close,Volume,Dividends,Stock Splits
2022-01-03 00:00:00-05:00,183.13189791998607,183.84571298643039,170.39063420272825,172.49395751953125,318600,0.0,0.0
2022-01-04 00:00:00-05:00,172.0435160867821,172.82663799306323,165.45977629695557,165.72312927246094,299100,0.0,0.0
2022-01-05 00:00:00-05:00,164.9400148459853,164.9400148459853,155.20300765294718,155.75050354003906,434200,0.0,0.0
2022-01-06 00:00:00-05:00,155.9376169228206,160.07429139887935,150.39341459475617,157.54544067382812,265000,0.0,0.0
2022-01-07 00:00:00-05:00,157.0741779924616,159.39581694745658,153.1031460355202,154.25357055664062,306100,0.0,0.0
2022-01-10 00:00:00-05:00,149.90827764767167,151.45372086550765,145.97189963145394,147.54505920410156,374200,0.0,0.0
2022-01-11 00:00:00-05:00,145.93032990554676,151.41215151876574,143.0313956816249,149.5825653076172,250800,0.0,0.0
2022-01-12 00:00:00-05:00,151.08641975960916,155.00201847704554,149.37464667286565,149.43702697753906,179200,0.0,0.0
2022-01-13 00:00:00-05:00,150.1508280136025,152.46552942235348,145.5837949202031,146.0411834716797,131700,0.0,0.0
2022-01-14 00:00:00-05:00,144.23241718285252,146.73423885438098,142.3543246051033,145.4521484375,204100,0.0,0.0
2022-01-18 00:00:00-05:00,143.20674338825881,145.4174957226748,140.24752248272628,142.67311096191406,222100,0.0,0.0
2022-01-19 00:00:00-05:00,142.6731059321461,144.1492531099245,137.78034932142887,138.16844177246094,256500,0.0,0.0
2022-01-20 00:00:00-05:00,139.81087755106176,142.72158064938907,134.84881564955037,134.925048828125,139500,0.0,0.0
2022-01-21 00:00:00-05:00,131.67479116713264,134.83498446318774,129.9630180359819,130.35804748535156,342500,0.0,0.0
2022-01-24 00:00:00-05:00,124.73763878089551,135.80871260000984,123.84363014158333,134.88352966308594,429000,0.0,0.0
2022-01-25 00:00:00-05:00,132.80443120137855,134.79341027238522,128.86804230741998,131.84805297851562,214000,0.0,0.0
2022-01-26 00:00:00-05:00,135.12604794069566,136.45665503018137,126.0058445205922,127.1216049194336,260400,0.0,0.0
2022-01-27 00:00:00-05:00,127.93245714960837,131.13769872465548,123.3654130091283,124.48812103271484,215300,0.0,0.0
2022-01-28 00:00:00-05:00,124.46732738248177,129.5679931640625,123.35848285724569,129.5679931640625,236200,0.0,0.0
2022-01-31 00:00:00-05:00,130.22639315569265,137.35069274902344,130.22639315569265,137.35069274902344,211300,0.0,0.0
2022-02-01 00:00:00-05:00,138.5426732208521,139.5129042916276,133.76772991413623,137.36453247070312,229300,0.0,0.0
2022-02-02 00:00:00-05:00,140.8920223892557,141.89690679372902,135.81214650833246,136.92791748046875,194200,0.0,0.0
2022-02-03 00:00:00-05:00,134.44686276098983,135.66658306985926,133.09546599766682,133.34495544433594,113900,0.0,0.0
2022-02-04 00:00:00-05:00,132.22920065950822,135.7636225776571,130.98867971987016,133.5459442138672,183700,0.0,0.0
2022-02-07 00:00:00-05:00,133.06087701245661,133.73311249750824,126.84443831855263,129.05519104003906,300500,0.0,0.0
2022-02-08 00:00:00-05:00,128.81954941344608,130.2887597027775,128.2096837500736,129.13140869140625,202400,0.0,0.0
2022-02-09 00:00:00-05:00,131.6748029694551,135.54881173993786,131.6748029694551,135.424072265625,184300,0.0,0.0
2022-02-10 00:00:00-05:00,132.54800319450905,137.69857150008457,131.22433302690519,132.6588897705078,232500,0.0,0.0
2022-02-11 00:00:00-05:00,133.97564873227756,135.81908789249596,129.47791097477557,130.8916778564453,212000,0.0,0.0
2022-02-14 00:00:00-05:00,130.0323313098287,133.40736090038317,129.56106863999833,130.99563598632812,156600,0.0,0.0
2022-02-15 00:00:00-05:00,132.36091935945342,134.68601651727306,131.70253679749334,134.07269287109375,97000,0.0,0.0
2022-02-16 00:00:00-05:00,134.07265624286157,135.20921711733752,131.88269413176337,134.02413940429688,102200,0.0,0.0
2022-02-17 00:00:00-05:00,133.06082073169486,133.23407700868927,129.04127299048014,129.45709228515625,121300,0.0,0.0
2022-02-18 00:00:00-05:00,128.57697537964594,130.5430919297562,126.68224880635334,126.89292907714844,136100,0.0,0.0
2022-02-22 00:00:00-05:00,124.81383480395995,128.22351730192483,123.36540419137906,125.41676330566406,170500,0.0,0.0
2022-02-23 00:00:00-05:00,126.13060858712151,128.04752111120132,122.98427827854252,123.03971099853516,215700,0.0,0.0
2022-02-24 00:00:00-05:00,117.35691643114117,128.0496057133807,117.12129033762746,126.955322265625,282200,0.0,0.0
2022-02-25 00:00:00-05:00,125.35440318790506,132.40939473966094,124.7584010851757,132.02822875976562,209500,0.0,0.0
2022-02-28 00:00:00-05:00,130.55208540374613,133.09548651832725,126.47709400477616,130.60752868652344,247800,0.0,0.0
2022-03-01 00:00:00-05:00,130.6976135707284,132.3678067593961,126.89983862043937,128.20965576171875,176200,0.0,0.0
2022-03-02 00:00:00-05:00,128.80564378194688,133.21328378183765,128.54575937293143,131.85494995117188,143000,0.0,0.0
2022-03-03 00:00:00-05:00,133.8924806523812,133.8924806523812,128.29283517658175,129.92837524414062,183100,0.0,0.0
2022-03-04 00:00:00-05:00,128.5908496341671,129.63038760926187,124.54358432239937,126.4632568359375,161600,0.0,0.0
2022-03-07 00:00:00-05:00,127.09387626824825,130.9470942415047,125.4722000262186,125.63851928710938,280700,0.0,0.0
2022-03-08 00:00:00-05:00,125.43755991004431,129.57492115747516,124.49365993574226,126.60183715820312,173600,0.0,0.0
2022-03-09 00:00:00-05:00,129.35314628945397,132.36781006801343,128.99970725271788,129.7620391845703,152100,0.0,0.0
2022-03-10 00:00:00-05:00,126.93447786492355,131.72328376881867,126.93447786492355,131.1896514892578,99000,0.0,0.0
2022-03-11 00:00:00-05:00,132.43711768438482,133.3900273180841,128.4037060135133,129.53334045410156,143500,0.0,0.0
2022-03-14 00:00:00-04:00,129.54717704702756,132.49600223553406,125.63851590058877,127.17703247070312,231700,0.0,0.0
2022-03-15 00:00:00-04:00,128.2096560640384,130.6075277978988,125.65932852198382,128.56309509277344,157100,0.0,0.0
2022-03-16 00:00:00-04:00,129.59572423717705,134.64094730802594,128.8957725281451,133.87168884277344,247200,0.0,0.0
2022-03-17 00:00:00-04:00,132.9152938464708,138.85105617061268,132.9152938464708,138.32089233398438,245400,0.0,0.0
2022-03-18 00:00:00-04:00,139.45745213866422,142.22262637665077,138.6050341396285,141.75830078125,694900,0.0,0.0
2022-03-21 00:00:00-04:00,141.28012335249767,142.58994060995977,136.21411062958717,137.1081085205078,174700,0.0,0.0
2022-03-22 00:00:00-04:00,137.90512313155108,141.55735924276274,137.90512313155108,141.05838012695312,183300,0.0,0.0
2022-03-23 00:00:00-04:00,140.71183190186642,140.81926053657307,134.4122353741847,136.0477752685547,149100,0.0,0.0
2022-03-24 00:00:00-04:00,137.011087821406,138.82682114086526,135.1260583227882,138.6951446533203,143100,0.0,0.0
2022-03-25 00:00:00-04:00,139.74854645107482,140.02576291380024,135.74771489314725,137.2120819091797,179700,0.0,0.0
2022-03-28 00:00:00-04:00,137.79419814604415,141.56425682643902,137.55094774543065,140.71876525878906,139000,0.0,0.0
2022-03-29 00:00:00-04:00,142.70774815920967,146.34613046543504,142.0840297080326,145.60459899902344,241500,0.0,0.0
2022-03-30 00:00:00-04:00,144.9895925626709,145.709403149607,141.8238207717846,143.2424774169922,177500,1.75,0.0
2022-03-31 00:00:00-04:00,142.50870992022195,146.58298437704988,142.36195819588806,143.54299926757812,239300,0.0,0.0
2022-04-01 00:00:00-04:00,135.57616712694437,139.9160068594119,134.62573583806926,139.83213806152344,1420100,0.0,0.0
2022-04-04 00:00:00-04:00,139.83214866304633,145.77933729041453,138.74195017976533,143.43121337890625,976900,0.0,0.0
2022-04-05 00:00:00-04:00,143.2634501216903,144.98261621511048,139.31147628970973,140.5868682861328,488800,0.0,0.0
2022-04-06 00:00:00-04:00,138.9026199306747,138.92009747789618,134.52784803601537,135.91156005859375,659400,0.0,0.0
2022-04-07 00:00:00-04:00,134.7794897673353,136.66637253154656,131.73251965539538,134.59779357910156,304300,0.0,0.0
2022-04-08 00:00:00-04:00,134.60475659389124,136.41476555259584,132.00504807795235,132.0959014892578,227600,0.0,0.0
2022-04-11 00:00:00-04:00,130.16009089235303,131.12450195801085,128.4129755783617,129.503173828125,259400,0.0,0.0
2022-04-12 00:00:00-04:00,130.1950428424231,132.57111554111106,129.39486099665902,130.509521484375,258100,0.0,0.0
2022-04-13 00:00:00-04:00,131.13848666165748,132.68294147324954,127.61630646540885,128.19635009765625,290000,0.0,0.0
2022-04-14 00:00:00-04:00,124.97464835806359,127.56037677498394,118.05606562444169,118.5802001953125,1234600,0.0,0.0
2022-04-18 00:00:00-04:00,118.80383774902651,119.6284710337239,113.82805689799002,113.98180389404297,645100,0.0,0.0
2022-04-19 00:00:00-04:00,114.27533253364932,118.46840969416263,114.26135262398788,114.83441162109375,375800,0.0,0.0
2022-04-20 00:00:00-04:00,115.57518152437956,117.5878512169503,113.49960757302054,114.66667938232422,349700,0.0,0.0
2022-04-21 00:00:00-04:00,115.66603382314676,116.35789541856653,110.34082904875824,110.93485260009766,385800,0.0,0.0
2022-04-22 00:00:00-04:00,110.60636601699517,111.65044430672762,108.0276224166906,108.32113647460938,296800,0.0,0.0
2022-04-25 00:00:00-04:00,108.32116855268734,109.95646621545716,106.62646426681482,109.57909393310547,314700,0.0,0.0
2022-04-26 00:00:00-04:00,108.96409746313343,109.29325982200328,102.29710945367067,103.05186462402344,388800,0.0,0.0
2022-04-27 00:00:00-04:00,102.03156472475679,105.48386731955678,102.03156472475679,103.4432373046875,315800,0.0,0.0
2022-04-28 00:00:00-04:00,104.95971545510773,106.22462540674418,101.13702577982073,105.37203216552734,328200,0.0,0.0
2022-04-29 00:00:00-04:00,104.98765745047396,106.19666900597971,100.9832718700697,101.0461654663086,284700,0.0,0.0
2022-05-02 00:00:00-04:00,101.15100329484031,102.70942734225709,98.20885608726823,100.9832763671875,394000,0.0,0.0
2022-05-03 00:00:00-04:00,101.03219622061972,102.34112520521303,99.66245303132138,101.0461654663086,248500,0.0,0.0
2022-05-04 00:00:00-04:00,102.65350257417563,104.81992973633429,99.86510281336554,103.93937683105469,375000,0.0,0.0
2022-05-05 00:00:00-04:00,103.42923577894648,103.81360331488835,96.75525255374433,98.26476287841797,473600,0.0,0.0
2022-05-06 00:00:00-04:00,97.25144242185843,97.25144242185843,92.64604839664162,93.64539337158203,516100,0.0,0.0
2022-05-09 00:00:00-04:00,91.91225430194842,95.28418505093352,90.89193416806586,91.11557006835938,447600,0.0,0.0
2022-05-10 00:00:00-04:00,91.84934161288894,94.239404757909,87.16708001322786,89.87860107421875,380900,0.0,0.0
2022-05-11 00:00:00-04:00,89.29857688301185,91.16449517260956,85.60866937448523,85.90218353271484,393100,0.0,0.0
2022-05-12 00:00:00-04:00,85.24525667445906,89.43833362126078,84.58134962548496,88.68357849121094,411700,0.0,0.0
2022-05-13 00:00:00-04:00,90.65432233561161,96.92297307844454,89.90655184564564,96.76922607421875,622500,0.0,0.0
2022-05-16 00:00:00-04:00,96.79019317447661,97.51698848902501,92.98148373461618,93.05835723876953,222700,0.0,0.0
2022-05-17 00:00:00-04:00,94.28832905010916,95.25274022893565,92.40703412085098,95.06404876708984,279800,0.0,0.0
2022-05-18 00:00:00-04:00,93.26101044057596,94.30648574764865,87.90435974569264,89.5291748046875,299500,0.0,0.0
2022-05-19 00:00:00-04:00,89.52917629593634,93.34488077906717,89.52917629593634,90.93385314941406,279300,0.0,0.0
2022-05-20 00:00:00-04:00,92.21274938406965,92.80677289002821,87.97425101688064,91.69561004638672,265100,0.0,0.0
2022-05-23 00:00:00-04:00,91.93321718450625,92.12190863904867,88.62278316845838,90.14417266845703,195700,0.0,0.0
2022-05-24 00:00:00-04:00,89.62006320087677,89.71790126708807,85.13346540961356,86.74081420898438,239500,0.0,0.0
2022-05-25 00:00:00-04:00,86.21665342248555,89.31254215126673,86.21665342248555,88.70454406738281,220600,0.0,0.0
2022-05-26 00:00:00-04:00,88.85829931401751,91.71658317055821,88.85829931401751,90.85699462890625,181500,0.0,0.0
2022-05-27 00:00:00-04:00,91.89828220815286,94.83343433608398,91.7654997140039,93.00944519042969,249500,0.0,0.0
2022-05-31 00:00:00-04:00,93.00942498214599,93.70128646070958,90.99675546335733,92.98147583007812,329000,0.0,0.0
2022-06-01 00:00:00-04:00,93.60345162260124,94.42808493101731,91.23436368706518,92.82074737548828,189000,0.0,0.0
2022-06-02 00:00:00-04:00,91.69561614498456,95.72795110943751,91.6886208581963,95.50432586669922,212500,0.0,0.0
2022-06-03 00:00:00-04:00,94.2394360577311,95.0046736762031,92.88576246670367,93.35189819335938,132600,0.0,0.0
2022-06-06 00:00:00-04:00,93.64537798944424,94.66918497313767,92.35250843088828,94.14156341552734,175400,0.0,0.0
2022-06-07 00:00:00-04:00,93.60346331746254,95.81880452930925,92.94654617218336,95.50432586669922,123000,0.0,0.0
2022-06-08 00:00:00-04:00,95.5113160172575,95.97255710300297,91.82140865838883,93.8061294555664,194300,0.0,0.0
2022-06-09 00:00:00-04:00,93.44272259913228,93.62441875768201,90.93385683806716,91.15049743652344,138200,0.0,0.0
2022-06-10 00:00:00-04:00,90.67529265102075,91.3182298626394,86.85260315977838,90.3118896484375,247800,0.0,0.0
2022-06-13 00:00:00-04:00,86.2655816648195,87.57941067799817,81.31774900065676,82.11443328857422,449600,0.0,0.0
2022-06-14 00:00:00-04:00,82.24020581971429,83.6127373273139,78.46643597128305,79.86412811279297,371900,0.0,0.0
2022-06-15 00:00:00-04:00,80.48610536428693,83.77068528668464,80.15764683886988,81.49943542480469,238800,0.0,0.0
2022-06-16 00:00:00-04:00,79.06744615710417,79.73134780956808,75.46140310700248,76.76824188232422,410800,0.0,0.0
2022-06-17 00:00:00-04:00,77.85847615636288,78.1659649316423,75.13995888875016,75.7130126953125,816300,0.0,0.0
2022-06-21 00:00:00-04:00,76.4747340034778,79.66846067882287,75.8457714054483,75.87372589111328,349900,0.0,0.0
2022-06-22 00:00:00-04:00,75.9785532929115,78.6614214525049,75.71997830133623,77.52300262451172,276900,0.0,0.0
2022-06-23 00:00:00-04:00,77.5719398368124,79.79427129946232,77.01286066023383,79.46581268310547,190400,0.0,0.0
2022-06-24 00:00:00-04:00,79.73134566720437,83.91743747063887,79.59157858573775,83.39330291748047,637700,0.0,0.0
2022-06-27 00:00:00-04:00,84.54640386842524,84.54640386842524,81.59727246132675,81.9886245727539,212800,0.0,0.0
2022-06-28 00:00:00-04:00,82.68747829698835,83.85455011668779,78.94166241393036,79.4937515258789,196800,0.0,0.0
2022-06-29 00:00:00-04:00,78.90465164843268,81.62305558177597,76.83213710197609,78.53557586669922,330700,1.75,0.0
2022-06-30 00:00:00-04:00,77.49932318961794,79.49376319407125,75.94493448005021,77.98196411132812,268400,0.0,0.0
2022-07-01 00:00:00-04:00,77.92516709860413,80.26029660911651,77.92516709860413,79.45116424560547,184600,0.0,0.0
2022-07-05 00:00:00-04:00,79.23823994683094,80.64002607942334,77.11178041363448,80.45903778076172,190300,0.0,0.0
2022-07-06 00:00:00-04:00,80.45902549170835,81.48818340272959,78.49297182930457,79.23822784423828,144500,0.0,0.0
2022-07-07 00:00:00-04:00,80.22482849169607,83.29101656870533,80.22482849169607,82.48898315429688,175000,0.0,0.0
2022-07-08 00:00:00-04:00,82.09858623254733,83.82686916301621,80.99845279382207,81.39591979980469,136100,0.0,0.0
2022-07-11 00:00:00-04:00,80.98425125929563,81.14749972465486,78.5781463862757,78.93302917480469,128200,0.0,0.0
2022-07-12 00:00:00-04:00,78.81238325234206,80.56550538161777,77.68385298388725,78.7201156616211,187600,0.0,0.0
2022-07-13 00:00:00-04:00,77.95355988750427,81.08362347767613,76.72566297371058,79.2169418334961,143700,0.0,0.0
2022-07-14 00:00:00-04:00,77.36444936735205,79.59311288839767,76.66178294895403,78.96852111816406,153900,0.0,0.0
2022-07-15 00:00:00-04:00,71.26757704164409,71.66504410363638,67.1090589527608,67.92457580566406,1345100,0.0,0.0
2022-07-18 00:00:00-04:00,68.24396030882568,70.97655665710802,64.98187728833781,65.12808990478516,895800,0.0,0.0
2022-07-19 00:00:00-04:00,63.878910867954154,65.21326838998843,62.72908852290133,63.19753646850586,880400,0.0,0.0
2022-07-20 00:00:00-04:00,63.73695456656145,67.54839246383597,63.67165409373287,66.3346939086914,637800,0.0,0.0
2022-07-21 00:00:00-04:00,66.46956734410473,68.65564727783203,65.92304465313129,68.65564727783203,352100,0.0,0.0
2022-07-22 00:00:00-04:00,69.39378354723608,69.39378354723608,65.83076245265056,67.6335678100586,368200,0.0,0.0
2022-07-25 00:00:00-04:00,67.64777716747633,67.72230495966639,65.20618647960352,65.94434356689453,230700,0.0,0.0
2022-07-26 00:00:00-04:00,65.93722216057014,65.93722216057014,63.19752664276343,63.84341049194336,246000,0.0,0.0
2022-07-27 00:00:00-04:00,64.09184417632498,64.94356084099354,62.970413082948134,64.73062896728516,334600,0.0,0.0
2022-07-28 00:00:00-04:00,65.2771423899387,67.34255744767954,64.40412832877782,67.00897216796875,244100,0.0,0.0
2022-07-29 00:00:00-04:00,66.71796722739536,68.48528207708962,65.82934146494695,68.42850494384766,302700,0.0,0.0
2022-08-01 00:00:00-04:00,68.4568962501568,68.83307660142395,67.22119613301447,67.79681396484375,190000,0.0,0.0
2022-08-02 00:00:00-04:00,67.40645202988804,69.86933997155934,67.40645202988804,68.66273498535156,231300,0.0,0.0
2022-08-03 00:00:00-04:00,68.98922575995402,70.5450331699403,68.96651490311827,68.96793365478516,203400,0.0,0.0
2022-08-04 00:00:00-04:00,70.25970152510634,72.04121485700507,68.36462850287187,69.8409423828125,333300,0.0,0.0
2022-08-05 00:00:00-04:00,67.76842113512292,69.00341174949627,65.35450766259146,67.00897216796875,328800,0.0,0.0
2022-08-08 00:00:00-04:00,66.57602465356102,69.2873294039338,65.47943253443911,66.46955871582031,334000,0.0,0.0
2022-08-09 00:00:00-04:00,66.47664714438778,66.78539344035879,64.45381089951364,65.40489959716797,288300,0.0,0.0
2022-08-10 00:00:00-04:00,66.9025123712925,67.59807968297936,66.24668634804837,66.9734878540039,214500,0.0,0.0
2022-08-11 00:00:00-04:00,67.98845818372399,69.27313238926673,67.3425687867407,68.4001235961914,196900,0.0,0.0
2022-08-12 00:00:00-04:00,69.76996460343368,70.0680648727225,68.42495568269803,69.86933135986328,250700,0.0,0.0
2022-08-15 00:00:00-04:00,70.16743601264876,73.05618213236278,69.49316077831283,72.97100830078125,339200,0.0,0.0
2022-08-16 00:00:00-04:00,72.7793716020944,75.1861861378784,71.43507743155594,74.26277923583984,371100,0.0,0.0
2022-08-17 00:00:00-04:00,73.63818822662226,73.82982257479267,72.08379967725325,72.94971466064453,386700,0.0,0.0
2022-08-18 00:00:00-04:00,73.10585859913722,74.369240531816,71.90635297279118,72.1689682006836,229800,0.0,0.0
2022-08-19 00:00:00-04:00,70.97657373167942,72.63742295776096,69.22132336653964,72.48837280273438,465300,0.0,0.0
2022-08-22 00:00:00-04:00,71.23208659035939,71.6536886754484,67.63002780334787,67.92457580566406,358700,0.0,0.0
2022-08-23 00:00:00-04:00,67.78972476564832,69.08149814672016,67.45613401412118,67.75423431396484,172700,0.0,0.0
2022-08-24 00:00:00-04:00,67.8677880060553,69.87997281400051,67.8677880060553,68.7691879272461,152300,0.0,0.0
2022-08-25 00:00:00-04:00,70.37327559554274,71.47340926524653,69.52865261541507,71.26048278808594,217600,0.0,0.0
2022-08-26 00:00:00-04:00,71.25337942029793,71.28886987194385,67.91393044450777,68.38592529296875,182800,0.0,0.0
2022-08-29 00:00:00-04:00,67.96004862827556,68.78621673432427,67.43482365901605,67.57677459716797,207200,0.0,0.0
2022-08-30 00:00:00-04:00,68.49238199107113,68.6911154972746,66.0153015057517,66.34889221191406,210300,0.0,0.0
2022-08-31 00:00:00-04:00,67.20771347763525,67.52000669228194,65.08977188100266,65.0997085571289,392100,0.0,0.0
2022-09-01 00:00:00-04:00,64.28348255250569,64.3402651110582,62.08250047603197,62.97041702270508,396200,0.0,0.0
2022-09-02 00:00:00-04:00,64.2692863773708,64.68094636839702,62.99170594982029,64.0634536743164,209500,0.0,0.0
2022-09-06 00:00:00-04:00,64.34025577539208,64.69016754691174,62.48066786574165,62.686500549316406,276800,0.0,0.0
2022-09-07 00:00:00-04:00,62.6226332134961,63.75825730705639,62.239359066591476,63.72986602783203,185100,0.0,0.0
2022-09-08 00:00:00-04:00,63.01298614829491,65.49716563186641,62.48066197324387,65.38360595703125,159500,0.0,0.0
2022-09-09 00:00:00-04:00,66.10047667353868,67.30708159400496,65.41200850381131,67.2857894897461,159400,0.0,0.0
2022-09-12 00:00:00-04:00,67.427734375,69.14536588788032,67.427734375,68.31494140625,193200,0.0,0.0
2022-09-13 00:00:00-04:00,65.69589127184796,66.36023505527562,63.98535927631075,64.22667694091797,193000,0.0,0.0
2022-09-14 00:00:00-04:00,64.03505629668268,64.33315656302081,62.62262420277225,63.20463180541992,204800,0.0,0.0
2022-09-15 00:00:00-04:00,63.87890094391011,66.00109847015719,63.48143395975187,63.971168518066406,196300,0.0,0.0
2022-09-16 00:00:00-04:00,63.076878241206884,65.81302191861558,62.6510144990468,64.91516876220703,829800,0.0,0.0
2022-09-19 00:00:00-04:00,66.19983052757968,73.09165878977629,65.56813962069728,72.6161117553711,943300,0.0,0.0
2022-09-20 00:00:00-04:00,71.62244299454561,71.62244299454561,68.03812486382873,68.24395751953125,467100,0.0,0.0
2022-09-21 00:00:00-04:00,68.6272369335648,70.97655931403314,68.35113816115386,68.78338623046875,416400,0.0,0.0
2022-09-22 00:00:00-04:00,68.88983885493873,69.2056842911436,66.05787597856737,66.85990905761719,533900,0.0,0.0
2022-09-23 00:00:00-04:00,65.65332874702338,66.32051025306282,64.46446900638205,65.34812927246094,362800,0.0,0.0
2022-09-26 00:00:00-04:00,65.29843830354024,66.07917941763138,63.59499969956191,63.694366455078125,383400,0.0,0.0
2022-09-27 00:00:00-04:00,64.60996317290598,65.68810056618936,63.16913983850817,63.43175506591797,275900,0.0,0.0
2022-09-28 00:00:00-04:00,63.971171644875305,67.25029066970349,63.538214195220014,66.6895751953125,379900,0.0,0.0
2022-09-29 00:00:00-04:00,65.71268124050447,66.21922434053545,63.331943576641855,63.74441146850586,352800,1.8,0.0
2022-09-30 00:00:00-04:00,64.32332178464654,66.05641472593244,64.04110717773438,64.04110717773438,329100,0.0,0.0
2022-10-03 00:00:00-04:00,65.06864984775086,67.1476345709034,64.74808196409084,65.98042297363281,247000,0.0,0.0
2022-10-04 00:00:00-04:00,67.30466953998315,70.65868272606298,67.30466953998315,70.53205108642578,434100,0.0,0.0
2022-10-05 00:00:00-04:00,68.97625847814534,69.94592339951672,65.8429461988138,66.68235778808594,315200,0.0,0.0
2022-10-06 00:00:00-04:00,66.7908842180226,71.50169976504073,66.58103138019283,69.6709213256836,844400,0.0,0.0
2022-10-07 00:00:00-04:00,68.73022531013785,68.94007268000405,65.21556066761978,65.93701934814453,547300,0.0,0.0
2022-10-10 00:00:00-04:00,66.76918292495274,68.6795667765911,66.06871455089285,67.21783447265625,277000,0.0,0.0
2022-10-11 00:00:00-04:00,66.66788210406163,68.88942105788433,65.65480676682381,67.91976165771484,298700,0.0,0.0
2022-10-12 00:00:00-04:00,68.02106050549082,68.18749744441045,66.72576518017199,67.3553237915039,173900,0.0,0.0
2022-10-13 00:00:00-04:00,65.59690249543279,68.23814673339243,64.11708403725717,67.45662689208984,209700,0.0,0.0
2022-10-14 00:00:00-04:00,68.91836808341688,69.35254402437096,64.86605009976783,65.21339416503906,221100,0.0,0.0
2022-10-17 00:00:00-04:00,67.84739294743143,70.01104008217015,67.46024914554981,68.39734649658203,253100,0.0,0.0
2022-10-18 00:00:00-04:00,70.4886277480308,71.16159669441262,68.07170661595114,69.33081817626953,195600,0.0,0.0
2022-10-19 00:00:00-04:00,68.71574767628043,68.92343086840806,66.71853187796836,67.6954345703125,261700,0.0,0.0
2022-10-20 00:00:00-04:00,67.69543652521541,69.15716340999376,65.96813484744942,66.76195526123047,199600,0.0,0.0
2022-10-21 00:00:00-04:00,67.15993778790413,68.67232373889746,65.88635601120457,68.43352508544922,1804900,0.0,0.0
2022-10-24 00:00:00-04:00,69.04137985527679,69.2367570702239,67.35532456435531,69.07032012939453,172700,0.0,0.0
2022-10-25 00:00:00-04:00,69.72881756141972,73.90415007185933,69.69987176935425,73.24565124511719,271200,0.0,0.0
2022-10-26 00:00:00-04:00,72.73910857283957,75.39482842106348,72.73910857283957,72.8693618774414,205700,0.0,0.0
2022-10-27 00:00:00-04:00,73.79561540144748,73.8317935034195,72.10956016170239,72.8259506225586,582000,0.0,0.0
2022-10-28 00:00:00-04:00,72.36282847352,75.94478627462095,71.76945350087095,75.5902099609375,251300,0.0,0.0
2022-10-31 00:00:00-04:00,75.9809661777855,78.8175875900866,75.44548281913116,78.22421264648438,657700,0.0,0.0
2022-11-01 00:00:00-04:00,79.59910738754257,81.55290145144409,78.93337072348602,80.662841796875,385600,0.0,0.0
2022-11-02 00:00:00-04:00,80.26485411440292,80.74245146861034,75.63363163616052,76.93616485595703,340100,0.0,0.0
2022-11-03 00:00:00-04:00,77.50058926231077,83.12318420410156,76.79143662514079,83.12318420410156,389800,0.0,0.0
2022-11-04 00:00:00-04:00,84.40400180782675,85.02632256786345,79.75830959337708,81.14767456054688,271800,0.0,0.0
2022-11-07 00:00:00-05:00,81.69763728079248,83.19916381529286,78.57156320328252,79.66423797607422,185600,0.0,0.0
2022-11-08 00:00:00-05:00,80.64835999593245,81.71209432422303,78.2531524409686,79.2879409790039,232900,0.0,0.0
2022-11-09 00:00:00-05:00,77.97094684931233,78.42683067633288,74.38898908638286,75.08367156982422,260800,0.0,0.0
2022-11-10 00:00:00-05:00,78.05778406733546,84.26651047541372,78.05778406733546,83.17383575439453,349500,0.0,0.0
2022-11-11 00:00:00-05:00,82.58045421027853,84.25203362687664,80.54705516390267,81.68315124511719,232300,0.0,0.0
2022-11-14 00:00:00-05:00,81.7700002909925,81.7700002909925,78.88272483540405,79.87409210205078,165300,0.0,0.0
2022-11-15 00:00:00-05:00,81.40818987360062,83.51395103500393,80.32998517133386,82.53704833984375,204700,0.0,0.0
2022-11-16 00:00:00-05:00,81.8423496419871,82.67452318964048,80.53982217338825,82.38507080078125,142300,0.0,0.0
2022-11-17 00:00:00-05:00,80.47469435935918,82.03773397768805,79.54121328522031,81.42264556884766,225700,0.0,0.0
2022-11-18 00:00:00-05:00,83.5139455526279,83.76721435588372,80.99571661534445,81.2779312133789,188300,0.0,0.0
2022-11-21 00:00:00-05:00,81.2779278712719,82.40678621699165,79.9609246276503,81.14767456054688,173000,0.0,0.0
2022-11-22 00:00:00-05:00,81.053588837441,85.01183561386671,79.79447190923776,84.93946838378906,386600,0.0,0.0
2022-11-23 00:00:00-05:00,84.62833009874069,85.60523275068515,82.93504247428275,84.43295288085938,135600,0.0,0.0
2022-11-25 00:00:00-05:00,84.66450839641038,86.00321960449219,84.66450839641038,86.00321960449219,59800,0.0,0.0
2022-11-28 00:00:00-05:00,85.51115681368395,86.17689353968873,82.34166677573829,83.46328735351562,166500,0.0,0.0
2022-11-29 00:00:00-05:00,84.31715236661654,85.46048620601464,83.46327090085457,85.27957916259766,211200,0.0,0.0
2022-11-30 00:00:00-05:00,85.24341370902904,87.71098327636719,83.99877218238993,87.71098327636719,284800,0.0,0.0
2022-12-01 00:00:00-05:00,87.83399838217055,89.44769187102605,86.34332589639816,86.82815551757812,536800,0.0,0.0
2022-12-02 00:00:00-05:00,84.78027564321525,86.71959376093919,84.58489295348691,85.88018798828125,430300,0.0,0.0
2022-12-05 00:00:00-05:00,85.8223170938125,90.72851618840562,85.33024961855516,90.04830932617188,454900,0.0,0.0
2022-12-06 00:00:00-05:00,90.048300443402,90.38333846534529,83.99876788233968,85.42431640625,402600,0.0,0.0
2022-12-07 00:00:00-05:00,84.8960677052857,84.8960677052857,81.64697834600588,83.34750366210938,415100,0.0,0.0
2022-12-08 00:00:00-05:00,84.49805944006323,86.25647612353504,83.30769352312815,84.51253509521484,235300,0.0,0.0
2022-12-09 00:00:00-05:00,84.13625251310509,84.64641174413967,80.98123848547682,81.19108581542969,399800,0.0,0.0
2022-12-12 00:00:00-05:00,79.97539984730193,80.42043524105905,78.92614098704742,79.51951599121094,331000,0.0,0.0
2022-12-13 00:00:00-05:00,83.68761244894115,84.1036965053953,78.99126641477302,81.71210479736328,534400,0.0,0.0
2022-12-14 00:00:00-05:00,81.76999880905704,84.46189699831886,81.42989262094068,82.51533508300781,208800,0.0,0.0
2022-12-15 00:00:00-05:00,81.07531147842481,83.14488875812833,79.9681611162374,82.58045959472656,360000,0.0,0.0
2022-12-16 00:00:00-05:00,81.05360020485836,82.02905075715304,79.12874644840679,81.19108581542969,609100,0.0,0.0
2022-12-19 00:00:00-05:00,81.26346489037044,81.89301801360389,76.1763530163977,76.9651107788086,504000,0.0,0.0
2022-12-20 00:00:00-05:00,76.00992211276765,76.91445754510613,74.64950281003522,75.38036346435547,427100,0.0,0.0
2022-12-21 00:00:00-05:00,75.98096377671543,76.29212413492056,74.84486768203074,75.85794830322266,552600,0.0,0.0
2022-12-22 00:00:00-05:00,75.09814303877162,75.21392621515585,72.49308229942964,74.03440856933594,355200,0.0,0.0
2022-12-23 00:00:00-05:00,73.96204608364445,75.00768873090749,72.97791117788563,74.736328125,269000,0.0,0.0
2022-12-27 00:00:00-05:00,74.26596662956366,74.26596662956366,72.56544131601758,73.63641357421875,338000,0.0,0.0
2022-12-28 00:00:00-05:00,73.8100904085502,74.60608047545358,72.60163241019758,72.81148529052734,255100,0.0,0.0
2022-12-29 00:00:00-05:00,74.79350325998702,75.33874049249098,74.2114233190213,74.99243927001953,298000,1.8,0.0
2022-12-30 00:00:00-05:00,74.08614669201087,74.80821635908617,73.65879612579525,74.67559051513672,244000,0.0,0.0
2023-01-03 00:00:00-05:00,75.15453030138632,76.23027094289608,71.10944980327638,72.37676239013672,401500,0.0,0.0
2023-01-04 00:00:00-05:00,73.26829974558886,74.22614821637637,72.14834674966184,73.09883117675781,370300,0.0,0.0
2023-01-05 00:00:00-05:00,72.75254103340956,72.75254103340956,70.36528072723384,71.07998657226562,228300,0.0,0.0
2023-01-06 00:00:00-05:00,71.72099579236664,73.8577433274028,70.65999450061787,73.83563995361328,277800,0.0,0.0
2023-01-09 00:00:00-05:00,74.80085820402499,76.06817076977408,74.00510863930052,74.81559753417969,330800,0.0,0.0
2023-01-10 00:00:00-05:00,74.49878824532666,76.14923949164844,73.98302398754136,75.65557861328125,244300,0.0,0.0
2023-01-11 00:00:00-05:00,76.5102560375499,78.4259642395405,76.19490632243296,78.190185546875,302800,0.0,0.0
2023-01-12 00:00:00-05:00,79.11855582195554,81.82264937801688,77.37232192576317,81.46160888671875,324400,0.0,0.0
2023-01-13 00:00:00-05:00,80.77637604502206,83.03837965735448,79.96588719506649,82.47840881347656,217000,0.0,0.0
2023-01-17 00:00:00-05:00,82.52262095181223,84.53779433280346,82.3015759685569,84.19517517089844,295100,0.0,0.0
2023-01-18 00:00:00-05:00,84.73305891457412,85.13830622751142,81.2921612625724,81.69740295410156,234700,0.0,0.0
2023-01-19 00:00:00-05:00,71.10208377173288,71.8536266397349,67.72749647778117,67.85275268554688,1632500,0.0,0.0
2023-01-20 00:00:00-05:00,67.38119854342673,68.8400832209812,64.60343035543782,65.5981216430664,1238100,0.0,0.0
2023-01-23 00:00:00-05:00,65.11918640136719,66.36439558241231,64.22764806264868,65.11918640136719,718400,0.0,0.0
2023-01-24 00:00:00-05:00,65.25181197632497,65.74547834468042,62.849818362185935,63.20348358154297,690100,0.0,0.0
2023-01-25 00:00:00-05:00,62.99718126695071,63.76346344464979,59.68154014763752,63.70451736450195,780000,0.0,0.0
2023-01-26 00:00:00-05:00,64.10238798641363,64.61078803481129,62.737819546030074,63.6750373840332,245600,0.0,0.0
2023-01-27 00:00:00-05:00,63.159270921500664,64.59604628076632,62.820339442427915,64.40447998046875,447000,0.0,0.0
2023-01-30 00:00:00-05:00,63.991871828217526,64.8907798664113,63.32874248681168,63.873985290527344,363700,0.0,0.0
2023-01-31 00:00:00-05:00,63.918188062963154,66.3717636628175,63.918188062963154,66.15071868896484,370000,0.0,0.0
2023-02-01 00:00:00-05:00,65.87810252365097,68.57482083260598,64.61079000696103,67.39592742919922,309000,0.0,0.0
2023-02-02 00:00:00-05:00,68.7958612189537,70.5420950239816,68.49376681809677,69.70213317871094,441200,0.0,0.0
2023-02-03 00:00:00-05:00,68.09589999385027,70.12949481288496,67.56539650876229,68.61903381347656,282400,0.0,0.0
2023-02-06 00:00:00-05:00,67.53592526079008,68.70744903943358,67.13067800448786,67.77906799316406,213000,0.0,0.0
2023-02-07 00:00:00-05:00,67.45487383529924,68.5158750928614,65.83389047893968,67.4032974243164,276700,0.0,0.0
2023-02-08 00:00:00-05:00,67.56539553496471,68.03695293237813,66.49702453613281,66.49702453613281,145000,0.0,0.0
2023-02-09 00:00:00-05:00,67.04226198090642,67.6943396428892,64.58132215502154,64.82447052001953,179900,0.0,0.0
2023-02-10 00:00:00-05:00,64.61079432071243,65.49864504888566,63.80766944697235,65.03813934326172,288400,0.0,0.0
2023-02-13 00:00:00-05:00,65.605483024453,66.35702583401762,64.83404043295619,66.32755279541016,165600,0.0,0.0
2023-02-14 00:00:00-05:00,65.95914655053659,67.18962198980789,65.25181050634988,66.3791275024414,161900,0.0,0.0
2023-02-15 00:00:00-05:00,66.12861319634976,66.94647170342108,65.17812883349912,66.70332336425781,231100,0.0,0.0
2023-02-16 00:00:00-05:00,65.64968842100717,65.89283676846078,64.45606129970254,64.47816467285156,235800,0.0,0.0
2023-02-17 00:00:00-05:00,64.79500657249837,64.79500657249837,62.55510580113735,63.92557144165039,473700,0.0,0.0
2023-02-21 00:00:00-05:00,63.46136596403751,63.691989821414566,61.20673190961377,61.722496032714844,369100,0.0,0.0
2023-02-22 00:00:00-05:00,61.89195945890126,62.62139883567296,61.59723471814893,61.92143249511719,391300,0.0,0.0
2023-02-23 00:00:00-05:00,62.18669411545402,62.72824929678408,60.97095787937822,62.348793029785156,251500,0.0,0.0
2023-02-24 00:00:00-05:00,61.52356046959323,61.52356046959323,59.82889727396363,60.52149963378906,288100,0.0,0.0
2023-02-27 00:00:00-05:00,61.67092970623983,61.95828485344919,60.329937145460065,60.80149459838867,316700,0.0,0.0
2023-02-28 00:00:00-05:00,63.314014728213046,66.07704922591569,63.20717986772143,65.14130401611328,779900,0.0,0.0
2023-03-01 00:00:00-05:00,64.22029147516054,64.30133531408309,61.61566829929994,62.223533630371094,350300,0.0,0.0
2023-03-02 00:00:00-05:00,61.91407461195068,63.60136831188023,61.534618333252524,63.56452560424805,183500,0.0,0.0
2023-03-03 00:00:00-05:00,64.10977013882595,64.70068693556965,63.48348344239607,64.35291290283203,174000,0.0,0.0
2023-03-06 00:00:00-05:00,64.57394820266973,64.76035968822957,62.96770416149448,63.092960357666016,171000,0.0,0.0
2023-03-07 00:00:00-05:00,63.02665804982897,64.10239878007506,62.70246021117115,63.56452560424805,240800,0.0,0.0
2023-03-08 00:00:00-05:00,63.53504789458354,64.78025138690288,62.89402198688753,63.77819061279297,296100,0.0,0.0
2023-03-09 00:00:00-05:00,63.75608756547181,63.77082689477604,60.87516704127022,61.22883224487305,274600,0.0,0.0
2023-03-10 00:00:00-05:00,60.91938038206207,61.0520062531242,58.00161684010299,58.966835021972656,436100,0.0,0.0
2023-03-13 00:00:00-04:00,58.554219045835666,60.786749680116614,57.916880759547254,59.96889114379883,245300,0.0,0.0
2023-03-14 00:00:00-04:00,61.567774431545146,62.017228489450005,59.92690229081105,60.88254165649414,194100,0.0,0.0
2023-03-15 00:00:00-04:00,59.51206537393379,61.21409812712552,59.40154851192727,61.12567901611328,275700,0.0,0.0
2023-03-16 00:00:00-04:00,60.46991721446425,61.46460828639445,59.56363962894139,60.3741340637207,190700,0.0,0.0
2023-03-17 00:00:00-04:00,60.189936356784145,60.254037263558196,58.576322650945514,59.13629913330078,560500,0.0,0.0
2023-03-20 00:00:00-04:00,59.32051475772876,60.1788982152943,58.20793120748995,58.34055709838867,250000,0.0,0.0
2023-03-21 00:00:00-04:00,58.88578720194232,59.24461290604079,57.692159950634945,57.979515075683594,374700,0.0,0.0
2023-03-22 00:00:00-04:00,57.8763618794164,58.43633279469469,55.37120960625004,55.4522590637207,380500,0.0,0.0
2023-03-23 00:00:00-04:00,55.290150715216726,56.387994604449965,53.971261866703884,54.619651794433594,488000,0.0,0.0
2023-03-24 00:00:00-04:00,54.08915773096244,56.056436642514996,53.980108052411026,55.82802200317383,279300,0.0,0.0
2023-03-27 00:00:00-04:00,56.65325544350366,56.97008360481572,55.62909116839418,55.81329345703125,254800,0.0,0.0
2023-03-28 00:00:00-04:00,55.46698927175415,55.94591632073365,54.31756885132929,55.27541732788086,344700,0.0,0.0
2023-03-29 00:00:00-04:00,56.05644445702217,56.72546508708936,55.7543499912091,56.34379959106445,257100,0.0,0.0
2023-03-30 00:00:00-04:00,56.947455562194115,57.33228825756767,55.83823563588785,56.23060989379883,283800,1.8,0.0
2023-03-31 00:00:00-04:00,56.80408018159827,57.400191712905745,56.352093078678706,57.33982467651367,323000,0.0,0.0
2023-04-03 00:00:00-04:00,57.58128706516452,57.58128706516452,56.56261779294743,57.33982467651367,261100,0.0,0.0
2023-04-04 00:00:00-04:00,57.34738266714818,57.51338916966005,54.62338152990517,54.93275833129883,400000,0.0,0.0
2023-04-05 00:00:00-04:00,54.58563820745119,54.78937550738383,53.72542812464433,54.396995544433594,358400,0.0,0.0
2023-04-06 00:00:00-04:00,54.57055010128474,55.03838598469266,54.072536457453204,54.895015716552734,173400,0.0,0.0
2023-04-10 00:00:00-04:00,54.63092994550254,54.91766479209698,53.393434228951676,54.41965103149414,344000,0.0,0.0
2023-04-11 00:00:00-04:00,54.75165448064685,55.551503429836266,54.38191640683145,54.84220504760742,208300,0.0,0.0
2023-04-12 00:00:00-04:00,55.777864809362526,55.95141860355257,54.14044777064234,54.15553665161133,205400,0.0,0.0
2023-04-13 00:00:00-04:00,54.517738342285156,54.804473163497995,53.8725777984086,54.517738342285156,191500,0.0,0.0
2023-04-14 00:00:00-04:00,54.65356047429225,55.18930502401504,53.08405190904014,53.378334045410156,291300,0.0,0.0
2023-04-17 00:00:00-04:00,53.47643336975768,54.91766056915839,53.47643336975768,54.58564758300781,409500,0.0,0.0
2023-04-18 00:00:00-04:00,54.44228310336789,54.58564763732432,52.20120695845789,52.284210205078125,549400,0.0,0.0
2023-04-19 00:00:00-04:00,52.06537863913607,52.78221850603829,50.63169314841402,52.73694610595703,580700,0.0,0.0
2023-04-20 00:00:00-04:00,52.27665721822061,52.59357553082306,51.15989580516887,52.080467224121094,248300,0.0,0.0
2023-04-21 00:00:00-04:00,52.2917560174716,52.728648527142205,51.73336950959189,52.118202209472656,215600,0.0,0.0
2023-04-24 00:00:00-04:00,52.14083933559511,52.340800130165384,51.53039300710291,51.80128479003906,192800,0.0,0.0
2023-04-25 00:00:00-04:00,51.40135731819773,51.59754155201756,49.899757504706315,49.914852142333984,326600,0.0,0.0
2023-04-26 00:00:00-04:00,49.877121244678776,50.38268222316022,47.80884501865372,48.45853042602539,364800,0.0,0.0
2023-04-27 00:00:00-04:00,49.03200232650313,51.64281602910753,48.715078284991115,51.17498016357422,406500,0.0,0.0
2023-04-28 00:00:00-04:00,51.15989443838076,52.220065323329095,51.08443276480019,51.72582244873047,438800,0.0,0.0
2023-05-01 00:00:00-04:00,51.43908221277145,52.22383641597075,51.089717919954424,51.75600051879883,242000,0.0,0.0
2023-05-02 00:00:00-04:00,51.680538892959454,51.680538892959454,50.10348909889549,50.941062927246094,379700,0.0,0.0
2023-05-03 00:00:00-04:00,51.29572363457546,51.974832724118606,50.63924499017654,51.1599006652832,293700,0.0,0.0
2023-05-04 00:00:00-04:00,50.83543289542315,51.88428576489609,49.98276427363614,51.55227279663086,264300,0.0,0.0
2023-05-05 00:00:00-04:00,52.07292609270142,52.58603440364644,51.31835538583626,52.3370246887207,174600,0.0,0.0
2023-05-08 00:00:00-04:00,52.19365190292816,52.71430750784759,51.88578923392908,52.269107818603516,295100,0.0,0.0
2023-05-09 00:00:00-04:00,53.861248353545854,56.449425789780825,53.74052004890553,53.89897918701172,519200,0.0,0.0
2023-05-10 00:00:00-04:00,53.574518445355054,54.480000961382814,52.45020974062181,54.427181243896484,623800,0.0,0.0
2023-05-11 00:00:00-04:00,53.906528236839,54.63091535870269,52.97840381878163,53.468875885009766,331500,0.0,0.0
2023-05-12 00:00:00-04:00,53.408510256692864,53.690720097307,51.25798503259272,52.382293701171875,364100,0.0,0.0
2023-05-15 00:00:00-04:00,52.49547850442159,53.31041616656859,52.285707961369894,52.78976058959961,383800,0.0,0.0
2023-05-16 00:00:00-04:00,52.669043929077034,52.99350960203734,51.89560771083138,52.186119079589844,245400,0.0,0.0
2023-05-17 00:00:00-04:00,52.11819031666937,53.6952458402084,51.52207886093293,53.09158706665039,402000,0.0,0.0
2023-05-18 00:00:00-04:00,53.01613508454663,53.49905983638253,52.59357160900236,53.31041717529297,281100,0.0,0.0
2023-05-19 00:00:00-04:00,53.89143581804972,54.004622569824626,51.08443200723529,51.22780227661133,404700,0.0,0.0
2023-05-22 00:00:00-04:00,51.23534606671422,52.70675646770142,51.23534606671422,52.48793029785156,213900,0.0,0.0
2023-05-23 00:00:00-04:00,52.57093842809438,54.06499092271858,52.43511547403764,52.812400817871094,252300,0.0,0.0
2023-05-24 00:00:00-04:00,52.48038856682402,52.48038856682402,50.941063821663626,51.24289321899414,216900,0.0,0.0
2023-05-25 00:00:00-04:00,51.152347031925736,51.44662913624957,50.37891093439056,50.47323226928711,179500,0.0,0.0
2023-05-26 00:00:00-04:00,50.39777461533254,51.076889354559256,50.178948435086305,50.90333557128906,137400,0.0,0.0
2023-05-30 00:00:00-04:00,51.44663289965012,52.027649832071475,50.40532735870939,50.66942596435547,208200,0.0,0.0
2023-05-31 00:00:00-04:00,50.36759691899418,50.76751849027784,49.409294611781526,49.87712478637695,284700,0.0,0.0
2023-06-01 00:00:00-04:00,49.82429710183085,50.43549746162529,49.16782434706407,49.431922912597656,316800,0.0,0.0
2023-06-02 00:00:00-04:00,50.35250740472922,52.10311127009629,50.04313064174748,51.89182662963867,363000,0.0,0.0
2023-06-05 00:00:00-04:00,51.68809029954241,51.989919715448735,50.450594875552,50.96370315551758,234500,0.0,0.0
2023-06-06 00:00:00-04:00,51.06179391570747,53.68770228050568,51.06179391570747,53.28778076171875,408400,0.0,0.0
2023-06-07 00:00:00-04:00,53.815978358149366,54.31399774890036,53.1745944590538,53.748069763183594,329600,0.0,0.0
2023-06-08 00:00:00-04:00,53.71034839932919,53.96689970144086,52.94823029890175,53.74053192138672,207300,0.0,0.0
2023-06-09 00:00:00-04:00,53.74052770588919,53.89898686657275,53.00859318493345,53.28023910522461,171200,0.0,0.0
2023-06-12 00:00:00-04:00,53.33306097303896,53.921625238397205,52.81995263148496,53.514156341552734,187100,0.0,0.0
2023-06-13 00:00:00-04:00,53.57451791784304,54.800695264554236,53.44624228477034,54.57809829711914,220300,0.0,0.0
2023-06-14 00:00:00-04:00,54.80447595976829,55.50622704465057,54.30193152304127,54.827117919921875,278800,0.0,0.0
2023-06-15 00:00:00-04:00,54.62337698646103,55.81560017177218,54.16308836120696,55.68732452392578,265000,0.0,0.0
2023-06-16 00:00:00-04:00,56.23061282101321,56.74372118924967,55.7718382473825,56.34379959106445,605800,0.0,0.0
2023-06-20 00:00:00-04:00,56.21552175442159,56.616197493334695,55.521318035221945,55.68732452392578,310000,0.0,0.0
2023-06-21 00:00:00-04:00,55.51375726337512,56.10232139385264,54.61581643220644,55.875953674316406,242800,0.0,0.0
2023-06-22 00:00:00-04:00,55.83822350719248,55.97404644329745,54.42792859135388,54.925193786621094,245100,0.0,0.0
2023-06-23 00:00:00-04:00,54.32909182639868,55.08366254620977,53.212324628034466,53.26514434814453,1148100,0.0,0.0
2023-06-26 00:00:00-04:00,53.26514063630324,55.51150128917872,53.26514063630324,55.136478424072266,234100,0.0,0.0
2023-06-27 00:00:00-04:00,55.43831062551868,56.53243584516075,55.14704513590746,56.26833724975586,280700,0.0,0.0
2023-06-28 00:00:00-04:00,56.29097780773806,56.555076423588936,55.325128151530265,56.32870864868164,295000,0.0,0.0
2023-06-29 00:00:00-04:00,56.24363683508909,57.720479775427926,55.965279065173505,57.44985580444336,244700,1.8,0.0
2023-06-30 00:00:00-04:00,56.676648471238686,57.37640693707246,55.725591650270424,56.452415466308594,381800,0.0,0.0
2023-07-03 00:00:00-04:00,56.52973256070337,57.99110801063862,56.44467846368826,57.426658630371094,143200,0.0,0.0
2023-07-05 00:00:00-04:00,57.41120191850812,57.79007553866314,56.514269871752965,56.985931396484375,188200,0.0,0.0
2023-07-06 00:00:00-04:00,56.20498616839438,56.68437557292885,55.052891859391934,56.35962677001953,196600,0.0,0.0
2023-07-07 00:00:00-04:00,56.19725872983628,56.58386617682217,55.81065128285038,56.18179702758789,192600,0.0,0.0
2023-07-10 00:00:00-04:00,56.104474161603164,57.14831904998724,55.77044592101853,56.84675979614258,159500,0.0,0.0
2023-07-11 00:00:00-04:00,56.862221253262696,58.671541185822925,56.862221253262696,58.61741638183594,208400,0.0,0.0
2023-07-12 00:00:00-04:00,60.055591133538655,60.36101427815255,58.94989375136968,59.02721405029297,290300,0.0,0.0
2023-07-13 00:00:00-04:00,59.259179763148055,59.587798401516736,58.14961845101851,58.772056579589844,333900,0.0,0.0
2023-07-14 00:00:00-04:00,58.60195515079542,59.15093699540242,58.37772213271742,58.57102584838867,161600,0.0,0.0
2023-07-17 00:00:00-04:00,58.470516849957555,59.831370919384774,57.998855256852714,59.47569274902344,192700,0.0,0.0
2023-07-18 00:00:00-04:00,59.66898568926767,60.71282450673807,59.583931587924965,60.53498840332031,225200,0.0,0.0
2023-07-19 00:00:00-04:00,61.08397678175822,62.76958549094281,61.08397678175822,62.59174346923828,309800,0.0,0.0
2023-07-20 00:00:00-04:00,62.243801868009335,62.243801868009335,60.5427313815918,60.852012634277344,240000,0.0,0.0
2023-07-21 00:00:00-04:00,61.362330217620375,61.8107962409354,60.92159799447591,61.02211380004883,151200,0.0,0.0
2023-07-24 00:00:00-04:00,61.02985110697212,61.595846148924934,60.86670389888157,61.261817932128906,192800,0.0,0.0
2023-07-25 00:00:00-04:00,61.18448904905043,61.486042369072194,59.83909685978709,59.931884765625,204900,0.0,0.0
2023-07-26 00:00:00-04:00,59.72311901178617,60.57365424741093,59.72311901178617,60.17158508300781,179300,0.0,0.0
2023-07-27 00:00:00-04:00,60.55045835458811,60.55045835458811,57.692656677717736,57.92926025390625,292000,0.0,0.0
2023-07-28 00:00:00-04:00,58.29266964374198,59.475687472617665,58.29266964374198,59.37517166137695,177300,0.0,0.0
2023-07-31 00:00:00-04:00,59.74631156631763,61.35459994286249,59.69992056095084,61.261817932128906,299200,0.0,0.0
2023-08-01 00:00:00-04:00,60.86747313414761,60.92159793696826,59.4215592599945,60.13291549682617,193000,0.0,0.0
2023-08-02 00:00:00-04:00,59.34423554430989,59.684451942002184,58.50684377934908,59.197322845458984,315600,0.0,0.0
2023-08-03 00:00:00-04:00,58.787518221334544,61.07623324050344,58.34678603688581,60.14064407348633,283600,0.0,0.0
2023-08-04 00:00:00-04:00,60.310760449147104,61.5865661769421,59.90095750790974,60.71282958984375,186500,0.0,0.0
2023-08-07 00:00:00-04:00,61.06077506745779,63.01700761140625,60.69736315945265,62.63813400268555,221900,0.0,0.0
2023-08-08 00:00:00-04:00,62.20512518722841,63.372681128562114,61.50150282200538,63.326290130615234,223000,0.0,0.0
2023-08-09 00:00:00-04:00,63.54280363229573,63.90621559582912,62.576284962967286,63.31083679199219,212900,0.0,0.0
2023-08-10 00:00:00-04:00,63.65103891456433,64.37012887854331,62.79277005758425,63.326290130615234,202600,0.0,0.0
2023-08-11 00:00:00-04:00,62.785052241026804,64.00750608089997,62.785052241026804,63.63559341430664,139000,0.0,0.0
2023-08-14 00:00:00-04:00,63.403609820734445,63.403609820734445,62.13321972620951,63.15618133544922,150600,0.0,0.0
2023-08-15 00:00:00-04:00,62.38297616122041,62.55308437706882,61.718010898810086,62.13554763793945,122500,0.0,0.0
2023-08-16 00:00:00-04:00,62.0427723410069,62.359793334831195,61.230900099193214,61.370079040527344,149200,0.0,0.0
2023-08-17 00:00:00-04:00,61.377791533984286,61.70641019882022,60.53499019467111,60.77468490600586,176600,0.0,0.0
2023-08-18 00:00:00-04:00,60.032405308241465,60.51180067747943,58.91897394699801,58.97309875488281,337400,0.0,0.0
2023-08-21 00:00:00-04:00,58.826181450407944,59.50660832816199,57.84419538341912,59.28237533569336,257200,0.0,0.0
2023-08-22 00:00:00-04:00,59.63032830818428,59.91641401260023,58.68700529552869,58.756591796875,191300,0.0,0.0
2023-08-23 00:00:00-04:00,58.97309249177719,60.617725484961255,58.764327083296315,60.41900634765625,137500,0.0,0.0
2023-08-24 00:00:00-04:00,60.3107530783574,60.74529704922426,59.08907230533058,59.15866470336914,159600,0.0,0.0
2023-08-25 00:00:00-04:00,59.62259691892011,59.90868853406389,58.72566487089813,59.16639709472656,106900,0.0,0.0
2023-08-28 00:00:00-04:00,59.846823380009894,60.69735843299687,59.545270096670514,59.8004264831543,133100,0.0,0.0
2023-08-29 00:00:00-04:00,59.75403945379428,61.20768706915887,59.42155685019076,60.79787826538086,117500,0.0,0.0
2023-08-30 00:00:00-04:00,60.504060773947,65.54541889711659,60.44993597152141,64.9964370727539,654300,0.0,0.0
2023-08-31 00:00:00-04:00,64.8649929406338,69.24139179935149,64.8649929406338,67.48619079589844,574500,0.0,0.0
2023-09-01 00:00:00-04:00,67.84959625613473,68.58414793001272,67.03771838571335,67.82640075683594,251400,0.0,0.0
2023-09-05 00:00:00-04:00,66.0712003177214,67.09957738666124,65.08922014681866,66.32636260986328,254700,0.0,0.0
2023-09-06 00:00:00-04:00,66.3263615633368,68.18207817820371,66.10986237311508,67.95011138916016,261300,0.0,0.0
2023-09-07 00:00:00-04:00,67.6872332705499,68.98623454267414,67.37794612972763,68.33673095703125,213100,0.0,0.0
2023-09-08 00:00:00-04:00,68.28259531407187,68.96611925589623,68.28259531407187,68.50682830810547,175900,0.0,0.0
2023-09-11 00:00:00-04:00,68.60736196848018,69.12541454546634,68.00424937979297,69.07901763916016,215600,0.0,0.0
2023-09-12 00:00:00-04:00,68.89343666993457,69.51201086214446,66.79416134483007,67.06864929199219,274700,0.0,0.0
2023-09-13 00:00:00-04:00,67.02227007744105,67.43052746432232,65.5547061173597,66.31864166259766,217500,0.0,0.0
2023-09-14 00:00:00-04:00,66.82122641152112,67.50165925997713,65.99775660165825,66.90628051757812,205100,0.0,0.0
2023-09-15 00:00:00-04:00,66.72844183625867,67.92692127693267,66.59931510191048,67.35474395751953,514800,0.0,0.0
2023-09-18 00:00:00-04:00,67.43980057904672,67.48619158260281,66.24131519445069,66.28771209716797,155700,0.0,0.0
2023-09-19 00:00:00-04:00,66.34184172872801,67.03928190885838,65.2979968794659,65.54542541503906,175800,0.0,0.0
2023-09-20 00:00:00-04:00,66.34956894713521,66.74391019948058,65.48357203112847,65.5376968383789,138200,0.0,0.0
2023-09-21 00:00:00-04:00,64.98871387943248,64.98871387943248,62.92345284913421,63.01701354980469,217000,0.0,0.0
2023-09-22 00:00:00-04:00,63.248971305661215,63.728360693358795,62.634261072762875,63.02473831176758,167000,0.0,0.0
2023-09-25 00:00:00-04:00,62.75412331874042,64.26188999493006,62.08915804125128,63.01701354980469,206100,0.0,0.0
2023-09-26 00:00:00-04:00,62.475752997279976,63.22035680555846,61.34144476204989,61.416446685791016,247500,0.0,0.0
2023-09-27 00:00:00-04:00,62.05822235622234,62.622665864482116,58.687005309763755,59.93960952758789,492100,0.0,0.0
2023-09-28 00:00:00-04:00,60.08210352336367,60.63780031468483,57.56482942983477,58.023956298828125,595700,1.8,0.0
2023-09-29 00:00:00-04:00,59.037195744289335,60.477899359197856,58.79971467086926,59.892120361328125,268700,0.0,0.0
2023-10-02 00:00:00-04:00,59.567565605296124,60.374990415303294,58.1506088349411,58.79971694946289,231700,0.0,0.0
2023-10-03 00:00:00-04:00,58.269348226139016,58.64139909652047,56.99487892263409,57.477752685546875,195500,0.0,0.0
2023-10-04 00:00:00-04:00,57.62024181778943,58.000204306379075,56.282443382266806,57.58857727050781,261900,0.0,0.0
2023-10-05 00:00:00-04:00,57.42234637806107,57.66773908499876,56.48826331499458,57.113624572753906,153000,0.0,0.0
2023-10-06 00:00:00-04:00,56.83656469873052,58.578072547910416,56.36556436531913,58.14269256591797,209200,0.0,0.0
2023-10-09 00:00:00-04:00,57.70731467051218,59.74171491726243,57.52603620409056,59.32217025756836,190400,0.0,0.0
2023-10-10 00:00:00-04:00,59.46467273350934,60.873712150534,59.46467273350934,60.3195915222168,180600,0.0,0.0
2023-10-11 00:00:00-04:00,61.103257103375206,61.90276419072165,60.15333890265715,60.16917419433594,274600,0.0,0.0
2023-10-12 00:00:00-04:00,60.00294164945458,60.00294164945458,58.64139641557946,59.393409729003906,150200,0.0,0.0
2023-10-13 00:00:00-04:00,59.900032834301534,60.32749514900152,59.36966527397541,59.7496337890625,127000,0.0,0.0
2023-10-16 00:00:00-04:00,60.469982058368394,62.140249109953096,59.46861419599015,61.459476470947266,207400,0.0,0.0
2023-10-17 00:00:00-04:00,60.944950931545584,62.77670573915816,60.944950931545584,62.259002685546875,204700,0.0,0.0
2023-10-18 00:00:00-04:00,61.72070878421896,61.74762032848417,60.65284711213688,60.842037200927734,130500,0.0,0.0
2023-10-19 00:00:00-04:00,60.62830628634557,60.940989941656426,59.40133668583935,59.504241943359375,147800,0.0,0.0
2023-10-20 00:00:00-04:00,59.90795148871296,59.90795148871296,58.388089481580714,58.41975402832031,193900,0.0,0.0
2023-10-23 00:00:00-04:00,58.079372342210185,58.75222740587024,56.24287076029104,56.32202911376953,445400,0.0,0.0
2023-10-24 00:00:00-04:00,56.93946912388831,57.967748572069944,56.79698168088312,57.786476135253906,546500,0.0,0.0
2023-10-25 00:00:00-04:00,56.97112960221503,57.21573111609585,55.64124890894644,56.227027893066406,367800,0.0,0.0
2023-10-26 00:00:00-04:00,56.22703575818455,57.3313150269228,55.94206085266469,56.8919792175293,239100,0.0,0.0
2023-10-27 00:00:00-04:00,57.050294556210346,57.192782005550846,55.063387912460925,55.40377426147461,348200,0.0,0.0
2023-10-30 00:00:00-04:00,56.10828904596859,56.74235904702745,54.683420714240356,55.53834533691406,195000,0.0,0.0
2023-10-31 00:00:00-04:00,55.894565816917165,56.92759831682131,55.11088786369872,56.860313415527344,199800,0.0,0.0
2023-11-01 00:00:00-04:00,56.71782216955477,57.58857606366945,55.90247972217299,57.461917877197266,194400,0.0,0.0
2023-11-02 00:00:00-04:00,60.03460535341098,61.98984738489392,59.38154142148746,61.47531509399414,355000,0.0,0.0
2023-11-03 00:00:00-04:00,62.72603253076733,64.55462244084157,62.64687418006254,63.79468536376953,314100,0.0,0.0
2023-11-06 00:00:00-05:00,64.2538063136443,64.2538063136443,62.35397587536702,62.81310272216797,207700,0.0,0.0
2023-11-07 00:00:00-05:00,62.71020302081507,63.29598206091725,61.98984814172867,62.12442398071289,160900,0.0,0.0
2023-11-08 00:00:00-05:00,62.06109766002311,62.430769045052074,60.67580532850204,61.206172943115234,159700,0.0,0.0
2023-11-09 00:00:00-05:00,61.71278921385462,61.71278921385462,59.21926198870354,59.472572326660156,261400,0.0,0.0
2023-11-10 00:00:00-05:00,59.95544891830433,60.39874656009734,59.19551786873861,60.00294876098633,172100,0.0,0.0
2023-11-13 00:00:00-05:00,59.24300721527087,59.805045362395,57.81813886929885,58.86304473876953,233300,0.0,0.0
2023-11-14 00:00:00-05:00,61.18241662353137,63.8421779738065,61.18241662353137,63.0743293762207,267300,0.0,0.0
2023-11-15 00:00:00-05:00,63.25640233368577,64.98207480852129,63.16061753425241,63.88967514038086,312200,0.0,0.0
2023-11-16 00:00:00-05:00,63.660112333722715,64.00049865993871,61.86319310237431,61.886940002441406,203200,0.0,0.0
2023-11-17 00:00:00-05:00,62.74186034377295,63.058499748233906,62.17191062362208,62.306480407714844,166800,0.0,0.0
2023-11-20 00:00:00-05:00,62.22732988672159,63.945090869600406,61.64946244800363,63.770938873291016,181200,0.0,0.0
2023-11-21 00:00:00-05:00,63.48596758477649,63.62054343282288,62.73395414641361,62.80519485473633,121800,0.0,0.0
2023-11-22 00:00:00-05:00,63.628448484616094,64.0638284552675,63.03950482255459,63.32764434814453,175600,0.0,0.0
2023-11-24 00:00:00-05:00,63.485970317341604,64.03454674474098,63.13054584243843,63.636375427246094,47000,0.0,0.0
2023-11-27 00:00:00-05:00,63.28806130920593,64.13111249593464,63.12974461620843,63.27223205566406,140200,0.0,0.0
2023-11-28 00:00:00-05:00,62.749784905007175,63.385437327124635,61.82361943825246,63.30390548706055,145600,0.0,0.0
2023-11-29 00:00:00-05:00,64.11924196509578,65.29080608055725,63.69177962726774,63.81052017211914,150700,0.0,0.0
2023-11-30 00:00:00-05:00,64.4675487432282,64.70502380381487,63.51763038269585,64.6417007446289,212500,0.0,0.0
2023-12-01 00:00:00-05:00,64.3171449893113,66.69193188122433,63.984676273898366,66.4386215209961,237500,0.0,0.0
2023-12-04 00:00:00-05:00,66.09822249175667,69.12211697974391,66.03410224334405,69.08253479003906,348900,0.0,0.0
2023-12-05 00:00:00-05:00,68.53634060269275,69.0587904980258,66.38319985241172,67.06397247314453,273300,0.0,0.0
2023-12-06 00:00:00-05:00,67.78432379192202,68.79360931145321,67.16688023815556,67.42810821533203,270600,0.0,0.0
2023-12-07 00:00:00-05:00,67.41228735451544,68.41761115630098,66.97690733835118,67.98223114013672,281600,0.0,0.0
2023-12-08 00:00:00-05:00,67.75265247252595,70.17493868512759,67.75265247252595,69.5654067993164,390900,0.0,0.0
2023-12-11 00:00:00-05:00,69.26461685966032,70.27785828856125,68.93214814818883,70.09579467773438,371700,0.0,0.0
2023-12-12 00:00:00-05:00,70.05621429523275,70.05621429523275,68.91631463850038,69.61292266845703,268200,0.0,0.0
2023-12-13 00:00:00-05:00,69.86622171394323,74.12500340247674,69.70789898760337,73.6500473022461,417200,0.0,0.0
2023-12-14 00:00:00-05:00,75.99317061101718,78.49461537587257,75.99317061101718,78.20964050292969,403700,0.0,0.0
2023-12-15 00:00:00-05:00,77.89300875546884,78.6687690664628,76.9985018564269,77.81385040283203,739200,0.0,0.0
2023-12-18 00:00:00-05:00,78.04340103872565,78.8349965751658,77.14810909603032,77.97216033935547,298600,0.0,0.0
2023-12-19 00:00:00-05:00,78.36796715144698,80.04615205654918,78.28089114923819,79.3653793334961,253600,0.0,0.0
2023-12-20 00:00:00-05:00,79.15954759384074,81.11478938571167,77.71092642341885,77.78217315673828,303600,0.0,0.0
2023-12-21 00:00:00-05:00,79.11997474199595,79.3337089277849,77.9721635821787,78.88249969482422,158600,0.0,0.0
2023-12-22 00:00:00-05:00,79.56326722342612,81.01188243175794,79.11996962645637,79.74533081054688,192900,0.0,0.0
2023-12-26 00:00:00-05:00,80.251952040044,82.20719395041044,79.55535015318324,82.16761779785156,252400,0.0,0.0
2023-12-27 00:00:00-05:00,82.77715822203936,83.17295605346145,81.68475838149682,82.11222076416016,270000,0.0,0.0
2023-12-28 00:00:00-05:00,81.77380022197613,83.12743124197782,81.37899296742413,82.85348510742188,180900,1.82,0.0
2023-12-29 00:00:00-05:00,82.15250542914615,82.966297178118,81.23397064208984,81.23397064208984,207000,0.0,0.0
2024-01-02 00:00:00-05:00,80.55714592146828,81.90271785252766,79.65472322033324,81.5320816040039,212900,0.0,0.0
2024-01-03 00:00:00-05:00,80.16234056973715,80.57326594729903,77.93852285561339,78.13189697265625,333300,0.0,0.0
2024-01-04 00:00:00-05:00,77.86598957704291,78.76841220475825,76.22229451258883,76.81853485107422,337300,0.0,0.0
2024-01-05 00:00:00-05:00,75.69052283745745,77.35838908296185,75.07816433677773,76.38345336914062,185300,0.0,0.0
2024-01-08 00:00:00-05:00,75.85166964038093,77.8498892766331,75.49311886429513,77.2214126586914,257600,0.0,0.0
2024-01-09 00:00:00-05:00,76.37538986766738,76.54459296708232,75.5535392165073,75.67440032958984,135500,0.0,0.0
2024-01-10 00:00:00-05:00,75.94835863135492,77.00386639850397,75.613978855729,76.0289306640625,194800,0.0,0.0
2024-01-11 00:00:00-05:00,75.67441526276569,76.17397176003591,74.12740992233587,76.04505157470703,282200,0.0,0.0
2024-01-12 00:00:00-05:00,77.24558468303388,77.53564890370949,75.10233306884766,75.10233306884766,258700,0.0,0.0
2024-01-16 00:00:00-05:00,74.73170715479165,75.73887301941149,74.23698856071893,75.52938079833984,350400,0.0,0.0
2024-01-17 00:00:00-05:00,73.87762784590133,75.52132317177873,73.24109832162144,73.97431182861328,231300,0.0,0.0
2024-01-18 00:00:00-05:00,74.48192288427163,74.54557152982665,72.52399243685973,73.90179443359375,266600,0.0,0.0
2024-01-19 00:00:00-05:00,74.47385976080838,76.22633051403926,73.49247564721898,75.8516616821289,237500,0.0,0.0
2024-01-22 00:00:00-05:00,76.75409146146855,77.93851940196936,76.70897063124954,77.64039611816406,306300,0.0,0.0
2024-01-23 00:00:00-05:00,78.77646649210818,79.0262477557109,76.22229585581744,76.94745635986328,219100,0.0,0.0
2024-01-24 00:00:00-05:00,78.1882908829414,78.20440282987057,75.02176157407817,75.29570770263672,279400,0.0,0.0
2024-01-25 00:00:00-05:00,76.60905602844481,76.97163323455142,74.73169762095532,75.44879913330078,207900,0.0,0.0
2024-01-26 00:00:00-05:00,76.0289245026229,76.18604210520799,75.50519711158879,75.91612243652344,188800,0.0,0.0
2024-01-29 00:00:00-05:00,76.19812873768593,78.0513161036631,75.88147765793283,77.87405395507812,180500,0.0,0.0
2024-01-30 00:00:00-05:00,77.14083888963954,77.89822951535865,76.584887565055,77.29393005371094,121500,0.0,0.0
2024-01-31 00:00:00-05:00,77.35033060572054,77.84585443993289,75.03787580064298,75.11845397949219,265200,0.0,0.0
2024-02-01 00:00:00-05:00,75.44075473206546,76.70575489634057,73.79303274321008,76.58489990234375,246700,0.0,0.0
2024-02-02 00:00:00-05:00,75.36822498251982,76.50833730140086,74.7316955175305,76.02086639404297,143000,0.0,0.0
2024-02-05 00:00:00-05:00,74.5544366813461,74.6599911438498,73.12023363331089,73.2008056640625,242400,0.0,0.0
2024-02-06 00:00:00-05:00,73.20081344752217,74.35301143681426,72.93089373481509,73.0718994140625,219100,0.0,0.0
2024-02-07 00:00:00-05:00,72.91879995288026,73.2813771622535,72.08003202520501,72.48370361328125,153800,0.0,0.0
2024-02-08 00:00:00-05:00,72.47564113858355,73.79301559224187,72.30885390892901,73.56338500976562,163000,0.0,0.0
2024-02-09 00:00:00-05:00,73.4425223029461,74.30465587547228,72.91879492212145,73.80509948730469,190800,0.0,0.0
2024-02-12 00:00:00-05:00,73.82122240565596,75.18774419529873,73.47475714467271,74.42552185058594,193600,0.0,0.0
2024-02-13 00:00:00-05:00,71.69409045657184,72.84628833659372,70.51771543451989,71.56517028808594,325900,0.0,0.0
2024-02-14 00:00:00-05:00,72.51593204593924,73.21692160206061,71.35567516608366,72.31449890136719,190500,0.0,0.0
2024-02-15 00:00:00-05:00,73.17664142334979,75.4890964175842,73.17664142334979,75.23126220703125,215300,0.0,0.0
2024-02-16 00:00:00-05:00,73.58757143688854,74.53833630069857,73.1927579746116,74.12741088867188,173200,0.0,0.0
2024-02-20 00:00:00-05:00,72.99936758334785,73.47072038602519,72.55621837051729,73.34583282470703,151600,0.0,0.0
2024-02-21 00:00:00-05:00,73.07189191814697,73.9420784596781,72.37090233875197,72.83016967773438,157200,0.0,0.0
2024-02-22 00:00:00-05:00,72.75766557680161,73.37807705363593,72.09696500589573,73.3700180053711,160100,0.0,0.0
2024-02-23 00:00:00-05:00,73.28943580733093,73.6842430560548,72.7657083932472,73.09606170654297,135600,0.0,0.0
2024-02-26 00:00:00-05:00,72.60456312133108,73.42318648648964,71.94386265302481,72.31449890136719,204800,0.0,0.0
2024-02-27 00:00:00-05:00,74.11128533551998,77.76125293553443,72.92685746060103,76.80242919921875,449300,0.0,0.0
2024-02-28 00:00:00-05:00,76.54460300742574,78.79259787552462,76.36734083795342,78.5669937133789,301700,0.0,0.0
2024-02-29 00:00:00-05:00,79.96896787113104,80.37989325598164,78.83288185044185,78.95374298095703,342400,0.0,0.0
2024-03-01 00:00:00-05:00,79.0826623406915,79.27603645916228,77.57594004334013,79.1310043334961,222000,0.0,0.0
2024-03-04 00:00:00-05:00,79.06653944850218,80.16233629878288,78.40583894882576,78.6233901977539,195900,0.0,0.0
2024-03-05 00:00:00-05:00,77.91434319102767,78.95373902578591,77.44299033815803,77.7451400756836,172800,0.0,0.0
2024-03-06 00:00:00-05:00,78.72006729826913,78.72006729826913,77.48729748624626,77.92239379882812,199500,0.0,0.0
2024-03-07 00:00:00-05:00,78.83287614008607,78.98194085406651,76.85883369125611,77.81765747070312,192700,0.0,0.0
2024-03-08 00:00:00-05:00,78.58309936684218,79.61040965962448,77.30198748560326,78.05937194824219,259100,0.0,0.0
2024-03-11 00:00:00-04:00,77.61621295757521,78.88121273272854,77.14888663369662,78.87315368652344,170800,0.0,0.0
2024-03-12 00:00:00-04:00,78.7120224505928,79.590268065036,78.22857795565851,79.40495300292969,210200,0.0,0.0
2024-03-13 00:00:00-04:00,79.31632275879066,80.15831188917235,78.5589321128385,78.70396423339844,204400,0.0,0.0
2024-03-14 00:00:00-04:00,78.70396156781327,78.70396156781327,77.35033053751664,78.03520202636719,201300,0.0,0.0
2024-03-15 00:00:00-04:00,77.05220461327326,78.4944666729036,77.05220461327326,77.89016723632812,420100,0.0,0.0
2024-03-18 00:00:00-04:00,78.5830946701404,79.92866655419387,78.0150517466727,78.35749053955078,226300,0.0,0.0
2024-03-19 00:00:00-04:00,78.15605754783594,79.39688641564703,77.95462440982607,78.63949584960938,240300,0.0,0.0
2024-03-20 00:00:00-04:00,78.46224531079214,80.18651273543152,77.97880693750817,80.13011169433594,201200,0.0,0.0
2024-03-21 00:00:00-04:00,80.57326508095586,82.60370865620494,80.37183191825346,82.42645263671875,340100,0.0,0.0
2024-03-22 00:00:00-04:00,82.94211873570734,83.42555708330327,81.86243381706605,82.60370635986328,296100,0.0,0.0
2024-03-25 00:00:00-04:00,82.85348429697292,85.254563989866,82.59565011222094,83.44166564941406,429500,0.0,0.0
2024-03-26 00:00:00-04:00,83.79619278635529,84.77918756990941,83.15966327655792,83.4577865600586,296400,0.0,0.0
2024-03-27 00:00:00-04:00,84.51577991918361,85.58196258544922,83.81865302304362,85.58196258544922,226900,1.82,0.0
2024-03-28 00:00:00-04:00,86.08225044072259,86.12326011356711,84.48297331494695,84.91764831542969,255000,0.0,0.0
2024-04-01 00:00:00-04:00,85.29490280349249,85.29490280349249,82.53101764275002,82.73605346679688,210700,0.0,0.0
2024-04-02 00:00:00-04:00,82.01432295327075,82.01432295327075,80.55610839127674,81.46482849121094,210000,0.0,0.0
2024-04-03 00:00:00-04:00,80.99735085790881,81.93231368237075,80.57087285473877,81.89130401611328,146400,0.0,0.0
2024-04-04 00:00:00-04:00,82.86728004980053,84.09749500376337,82.18082175738923,82.41619873046875,156900,0.0,0.0
2024-04-05 00:00:00-04:00,82.01432189108027,83.29620864557688,82.01432189108027,82.8016586303711,120200,0.0,0.0
2024-04-08 00:00:00-04:00,83.24454419671288,84.4419526530138,83.18467533819701,84.35993957519531,112500,0.0,0.0
2024-04-09 00:00:00-04:00,84.47476222473684,84.78641443472263,83.5151960390569,84.3763427734375,140900,0.0,0.0
2024-04-10 00:00:00-04:00,82.1537515135766,82.26857107312009,79.41857440374301,80.20181274414062,409700,0.0,0.0
2024-04-11 00:00:00-04:00,80.96454876761126,81.57145306651975,79.75073391259738,81.17778778076172,162100,0.0,0.0
2024-04-12 00:00:00-04:00,80.84152260164957,81.48123335685919,79.87949739055748,80.62008666992188,137500,0.0,0.0
2024-04-15 00:00:00-04:00,80.89073504571364,81.33361319839301,78.38930162310977,79.32426452636719,279900,0.0,0.0
2024-04-16 00:00:00-04:00,78.74196750847554,79.03721962526136,76.9745595292587,77.49534606933594,186600,0.0,0.0
2024-04-17 00:00:00-04:00,77.91361776799714,78.04484370663998,76.74901571992913,76.78182220458984,117500,0.0,0.0
2024-04-18 00:00:00-04:00,77.05246593708297,77.90541577977804,76.6998040430571,76.99505615234375,126600,0.0,0.0
2024-04-19 00:00:00-04:00,76.80641988520048,78.03827419813008,76.70800043841798,77.2821044921875,161200,0.0,0.0
2024-04-22 00:00:00-04:00,77.91362189258318,79.42268272367947,77.18369477753373,79.14383697509766,138400,0.0,0.0
2024-04-23 00:00:00-04:00,79.53750786759967,81.11218165788827,79.34887213674338,80.89073944091797,119000,0.0,0.0
2024-04-24 00:00:00-04:00,80.78411218247835,81.19418381792241,80.2346176927105,80.93994140625,118300,0.0,0.0
2024-04-25 00:00:00-04:00,80.06239437495246,80.52987582421125,79.34886742305345,80.27562713623047,91100,0.0,0.0
2024-04-26 00:00:00-04:00,80.41505192294397,81.38282125345292,80.12799676627357,80.13619995117188,101500,0.0,0.0
2024-04-29 00:00:00-04:00,80.9071380086661,81.41152438747403,80.4847647086339,80.95634460449219,115600,0.0,0.0
2024-04-30 00:00:00-04:00,80.35764312314058,85.12267368411122,79.96397158677753,84.80281829833984,631200,0.0,0.0
2024-05-01 00:00:00-04:00,84.26152765206058,88.66569977909084,83.86293792621575,86.54972839355469,630800,0.0,0.0
2024-05-02 00:00:00-04:00,87.69792851988923,89.54325105431926,86.6776674910774,88.81332397460938,331800,0.0,0.0
2024-05-03 00:00:00-04:00,90.21576314535648,91.6198468253188,88.11619829627662,89.78929138183594,287300,0.0,0.0
2024-05-06 00:00:00-04:00,89.78930498176334,90.1337637187645,87.10743247620253,88.49347686767578,233000,0.0,0.0
2024-05-07 00:00:00-04:00,89.01835476201212,91.10151950023817,88.6214044526964,89.75648498535156,194200,0.0,0.0
2024-05-08 00:00:00-04:00,88.99374225795218,88.99374225795218,87.38626230296707,88.32942199707031,215600,0.0,0.0
2024-05-09 00:00:00-04:00,86.11505012208778,86.52102332525429,83.65462011859957,85.95922088623047,398500,0.0,0.0
2024-05-10 00:00:00-04:00,85.63117526361053,86.80397431686774,85.0406710153819,85.64757537841797,163100,0.0,0.0
2024-05-13 00:00:00-04:00,85.78697997329519,86.84496548304885,85.49993109635338,86.361083984375,137000,0.0,0.0
2024-05-14 00:00:00-04:00,87.5831101139622,90.59303474167181,87.08282216407947,90.39620208740234,433500,0.0,0.0
2024-05-15 00:00:00-04:00,91.80684923692606,93.21749680984419,91.80684923692606,92.71720886230469,295100,0.0,0.0
2024-05-16 00:00:00-04:00,92.3481335460757,94.2016591403855,91.91345860191029,93.25028991699219,227700,0.0,0.0
2024-05-17 00:00:00-04:00,93.95562239630362,94.93159500819425,93.09447561275071,93.43893432617188,180700,0.0,0.0
2024-05-20 00:00:00-04:00,93.39790974081251,93.5865454388198,92.18819971555463,92.54496002197266,127200,0.0,0.0
2024-05-21 00:00:00-04:00,92.07747908354544,93.06165472887648,91.5935975739182,92.29071807861328,181800,0.0,0.0
2024-05-22 00:00:00-04:00,92.18411349784111,92.67619825483443,91.0359115600586,91.0359115600586,109600,0.0,0.0
2024-05-23 00:00:00-04:00,91.4377760935261,91.4377760935261,87.76353756017161,88.54267120361328,230800,0.0,0.0
2024-05-24 00:00:00-04:00,89.16598874106072,89.74008660074557,88.41473710913176,89.6252670288086,99900,0.0,0.0
2024-05-28 00:00:00-04:00,89.65806211671861,90.05993056740968,86.90238022615804,86.94338989257812,174700,0.0,0.0
2024-05-29 00:00:00-04:00,86.11506012250793,87.51750463649645,85.37692978430401,86.9352035522461,208800,0.0,0.0
2024-05-30 00:00:00-04:00,87.67333361858738,88.74198165554688,87.12383902409418,87.73074340820312,134200,0.0,0.0
2024-05-31 00:00:00-04:00,88.35403900942586,88.80511406269108,87.18123385942157,88.3950424194336,132300,0.0,0.0
2024-06-03 00:00:00-04:00,89.51865270038932,89.77289515020865,88.2146214502762,88.66570281982422,172600,0.0,0.0
2024-06-04 00:00:00-04:00,88.0833855287334,89.58998701386697,87.89474982972176,88.47705078125,122900,0.0,0.0
2024-06-05 00:00:00-04:00,88.63288488420007,90.25677134761263,87.96036763832545,89.82209014892578,177300,0.0,0.0
2024-06-06 00:00:00-04:00,89.362818961646,89.54325150039624,88.26382987245417,88.6492919921875,120200,0.0,0.0
2024-06-07 00:00:00-04:00,87.34526915780776,88.27202891599909,87.07298095748871,87.65692138671875,128900,0.0,0.0
2024-06-10 00:00:00-04:00,86.70556412420935,88.58779178789445,86.53333475536212,87.73074340820312,123700,0.0,0.0
2024-06-11 00:00:00-04:00,87.00080655335545,88.32943475259205,86.56613158658313,87.29605865478516,199000,0.0,0.0
2024-06-12 00:00:00-04:00,89.62525322322495,90.21575736348281,87.33705280832395,87.39446258544922,124000,0.0,0.0
2024-06-13 00:00:00-04:00,87.5749063322497,88.37044638672022,86.82037594835492,87.15663146972656,143400,0.0,0.0
2024-06-14 00:00:00-04:00,86.5251170724192,87.82094497200825,86.5210186085611,87.44367980957031,144000,0.0,0.0
2024-06-17 00:00:00-04:00,86.84498313018847,88.78872521850448,86.68095695494722,88.15721130371094,141400,0.0,0.0
2024-06-18 00:00:00-04:00,88.16540355226793,89.65806408770219,87.48468312078832,88.96914672851562,135800,0.0,0.0
2024-06-20 00:00:00-04:00,89.02655312516313,89.42432310571866,88.32942635036918,89.14137268066406,136600,0.0,0.0
2024-06-21 00:00:00-04:00,88.87894094881804,89.37758327167063,87.87836501724847,88.35404968261719,368700,0.0,0.0
2024-06-24 00:00:00-04:00,88.35403988209869,90.19115911002241,88.16540417117054,90.14195251464844,115000,0.0,0.0
2024-06-25 00:00:00-04:00,89.98611671182093,90.35108020097208,88.76410504414123,89.6580581665039,111900,0.0,0.0
2024-06-26 00:00:00-04:00,88.87894346556618,90.05994571936131,88.79692411892685,89.35462188720703,109100,0.0,0.0
2024-06-27 00:00:00-04:00,90.14195542518911,90.62583698118159,89.22749111698451,90.22396850585938,143600,0.0,0.0
2024-06-28 00:00:00-04:00,91.00846402520025,91.62603456237512,89.57302464109162,91.15033721923828,439600,1.9,0.0
2024-07-01 00:00:00-04:00,90.9249965857548,91.68861712224559,89.3810671717593,89.92353057861328,162000,0.0,0.0
2024-07-02 00:00:00-04:00,90.0987777043073,90.71634813404827,89.53962601295851,89.76495361328125,128900,0.0,0.0
2024-07-03 00:00:00-04:00,90.13216457346579,91.1753609226957,89.78999311467906,90.74139404296875,68100,0.0,0.0
2024-07-05 00:00:00-04:00,90.20726960846193,91.30054368733168,90.20726960846193,90.7497329711914,122800,0.0,0.0
2024-07-08 00:00:00-04:00,90.99175852241653,91.99323085091892,90.77393779751195,91.116943359375,103600,0.0,0.0
2024-07-09 00:00:00-04:00,90.93333320988455,91.28384563430772,90.0528752886918,90.11547088623047,110800,0.0,0.0
2024-07-10 00:00:00-04:00,90.46599350767774,91.43407646051294,90.13216938467177,91.42573547363281,114100,0.0,0.0
2024-07-11 00:00:00-04:00,93.47039540198978,96.39134525830195,93.36190527093486,95.757080078125,282100,0.0,0.0
2024-07-12 00:00:00-04:00,96.6333591672186,98.88666059900824,96.31622978832789,96.87538146972656,283400,0.0,0.0
2024-07-15 00:00:00-04:00,97.64318369888466,99.7796479030083,97.11741500191641,99.00350952148438,224500,0.0,0.0
2024-07-16 00:00:00-04:00,99.87980247971153,101.66575431627369,99.02855696684671,101.56560516357422,294200,0.0,0.0
2024-07-17 00:00:00-04:00,101.20672295964432,103.31815748408155,99.89646874541792,100.28871154785156,209400,0.0,0.0
2024-07-18 00:00:00-04:00,100.68931352180743,102.32504464342364,97.40115657127191,98.31916809082031,218200,0.0,0.0
2024-07-19 00:00:00-04:00,98.47774316985995,99.20213561404607,97.59311463311525,98.71141815185547,129100,0.0,0.0
2024-07-22 00:00:00-04:00,99.31229634744375,101.88273378102672,98.56954102699157,101.5071792602539,152200,0.0,0.0
2024-07-23 00:00:00-04:00,101.23178266181962,103.48508437142802,100.76442633821152,101.88273620605469,191000,0.0,0.0
2024-07-24 00:00:00-04:00,100.79780740371935,102.99269669273974,99.25387801328787,99.73792266845703,178900,0.0,0.0
2024-07-25 00:00:00-04:00,99.97160044983548,102.50030756238458,99.8213799101214,100.7644271850586,172400,0.0,0.0
2024-07-26 00:00:00-04:00,102.23324985457106,102.85082035660045,100.92549769295306,102.59210968017578,143100,0.0,0.0
2024-07-29 00:00:00-04:00,103.05111123488133,103.73544778708919,101.74919785794631,103.08448791503906,119700,0.0,0.0
2024-07-30 00:00:00-04:00,103.08449872407895,103.59357910659533,102.14145141519032,103.11788177490234,133900,0.0,0.0
2024-07-31 00:00:00-04:00,103.40996885286957,104.691010635139,101.81596180444596,102.49195098876953,230000,0.0,0.0
2024-08-01 00:00:00-04:00,102.65052043907498,104.25954765458896,99.88813855255697,101.43206787109375,205200,0.0,0.0
2024-08-02 00:00:00-04:00,98.62796063835358,99.2705668188233,96.58329824242081,98.2357177734375,276900,0.0,0.0
2024-08-05 00:00:00-04:00,89.73575316554442,95.5643009012169,89.29760941600479,94.43848419189453,437600,0.0,0.0
2024-08-06 00:00:00-04:00,95.17290117829077,98.06046824510808,95.17290117829077,95.64025115966797,222300,0.0,0.0
2024-08-07 00:00:00-04:00,96.75020354189465,96.80862228341354,93.64565015336977,94.22149658203125,186800,0.0,0.0
2024-08-08 00:00:00-04:00,95.07273817209803,97.08402373077338,93.47039015470835,95.90729522705078,193800,0.0,0.0
2024-08-09 00:00:00-04:00,96.24947076547814,96.72516805232708,95.24799843668308,96.59998321533203,141200,0.0,0.0
2024-08-12 00:00:00-04:00,96.64171763746904,97.11741494410921,94.9392203381343,95.51506042480469,137000,0.0,0.0
2024-08-13 00:00:00-04:00,96.54155995409691,98.16894365735064,95.72369124222773,97.85181427001953,112700,0.0,0.0
2024-08-14 00:00:00-04:00,98.06045902323194,98.44435452428432,96.40803316750046,97.25928497314453,104400,0.0,0.0
2024-08-15 00:00:00-04:00,98.59456727249544,100.03417687957476,98.00203254370668,98.47772979736328,123000,0.0,0.0
2024-08-16 00:00:00-04:00,98.26074305485527,99.43747152489686,97.68490303309211,98.58621978759766,158700,0.0,0.0
2024-08-19 00:00:00-04:00,98.3859334631487,100.70850341828051,98.20232988715438,99.77130126953125,121000,0.0,0.0
2024-08-20 00:00:00-04:00,99.83806179332997,100.61420013712069,99.04523510939082,99.76295471191406,133700,0.0,0.0
2024-08-21 00:00:00-04:00,99.92986145558434,102.18316935759091,99.92986145558434,102.0997085571289,206100,0.0,0.0
2024-08-22 00:00:00-04:00,101.83265754921123,102.02460848943541,100.43894867915218,100.88961029052734,86300,0.0,0.0
2024-08-23 00:00:00-04:00,101.49884119713899,104.39474911134285,101.0314848711929,103.86898040771484,202300,0.0,0.0
2024-08-26 00:00:00-04:00,104.48654679261337,106.2875249947549,103.98581380403617,105.3962173461914,187100,0.0,0.0
2024-08-27 00:00:00-04:00,104.3196325835056,104.53661920208552,102.58375236919645,102.88419342041016,172800,0.0,0.0
2024-08-28 00:00:00-04:00,102.27497716181279,104.60338591346603,102.27497716181279,103.22637176513672,86000,0.0,0.0
2024-08-29 00:00:00-04:00,104.08596089548226,104.08596089548226,102.2465950894244,103.25140380859375,128800,0.0,0.0
2024-08-30 00:00:00-04:00,103.48508265504897,104.50574565402903,101.47379694398155,103.71875762939453,152100,0.0,0.0
2024-09-03 00:00:00-04:00,102.9342755714732,103.693725632344,101.25682028846019,102.24993896484375,155700,0.0,0.0
2024-09-04 00:00:00-04:00,102.26662815630924,103.69372003824863,101.22593407365588,101.4654541015625,99700,0.0,0.0
2024-09-05 00:00:00-04:00,102.04964171418456,102.70310390008514,100.76442300926182,101.62401580810547,141500,0.0,0.0
2024-09-06 00:00:00-04:00,101.6073321536339,102.14979556998172,99.72957858200617,100.70600891113281,125900,0.0,0.0
2024-09-09 00:00:00-04:00,100.63089915133547,102.59210711172685,100.63089915133547,102.39181518554688,122400,0.0,0.0
2024-09-10 00:00:00-04:00,102.6338355225421,104.25704883625949,102.43353723308431,104.17776489257812,140600,0.0,0.0
2024-09-11 00:00:00-04:00,103.47672741228205,104.78698173325711,101.6281865926674,104.77864074707031,139400,0.0,0.0
2024-09-12 00:00:00-04:00,104.81201938014406,105.93032916503088,104.102647143975,105.92198181152344,115000,0.0,0.0
2024-09-13 00:00:00-04:00,106.82330025057209,108.03340540185715,106.82330025057209,107.79138946533203,186000,0.0,0.0
2024-09-16 00:00:00-04:00,108.28378021646274,110.92098362325325,108.28378021646274,110.85421752929688,275300,0.0,0.0
2024-09-17 00:00:00-04:00,111.70546735831493,112.33805794108227,110.44527805018512,111.53020477294922,209400,0.0,0.0
2024-09-18 00:00:00-04:00,111.20473260444318,114.7265645544523,111.1212718014393,112.49829864501953,170100,0.0,0.0
2024-09-19 00:00:00-04:00,114.66814343070389,115.16888279746881,112.99902918726232,113.23270416259766,220600,0.0,0.0
2024-09-20 00:00:00-04:00,112.66521786781416,113.55820015154204,112.01426429443556,112.5901107788086,561200,0.0,0.0
2024-09-23 00:00:00-04:00,113.34118971098061,114.92685572962212,113.34118971098061,114.15071105957031,134500,0.0,0.0
2024-09-24 00:00:00-04:00,114.15071219100908,115.46097287096309,113.41629791259766,113.41629791259766,137800,0.0,0.0
2024-09-25 00:00:00-04:00,113.25775192696936,113.69171245899828,110.97940182932797,111.75554656982422,167300,0.0,0.0
2024-09-26 00:00:00-04:00,113.44132874891163,113.95876275670014,112.54835936618935,113.06578063964844,202700,0.0,0.0
2024-09-27 00:00:00-04:00,113.91704870746312,115.08542360047383,113.15259406765576,113.34955596923828,206600,0.0,0.0
2024-09-30 00:00:00-04:00,113.52728679539261,114.9407688961297,112.9940523034082,113.92509460449219,149900,1.9,0.0
2024-10-01 00:00:00-04:00,114.10283529563755,114.2636528734891,111.30972119795229,112.14765930175781,156200,0.0,0.0
2024-10-02 00:00:00-04:00,111.19123443175118,112.45575507490008,110.97710371851765,112.07149505615234,106200,0.0,0.0
2024-10-03 00:00:00-04:00,111.32664757041164,112.48620786083814,110.85690321859626,111.69060516357422,103500,0.0,0.0
2024-10-04 00:00:00-04:00,112.16459116232626,112.3761905200574,110.76802765230077,111.27587127685547,92500,0.0,0.0
2024-10-07 00:00:00-04:00,110.53950449752111,111.2589345313071,109.00751437028426,109.5153579711914,115100,0.0,0.0
2024-10-08 00:00:00-04:00,110.03166749670429,110.05536652176819,107.79717876567891,109.61692810058594,203900,0.0,0.0
2024-10-09 00:00:00-04:00,110.03166116779835,111.1573712510842,109.86491561193974,110.33636474609375,134200,0.0,0.0
2024-10-10 00:00:00-04:00,110.03165789401143,110.3448207875255,108.73667095353566,109.63385009765625,97300,0.0,0.0
2024-10-11 00:00:00-04:00,110.24325838877814,110.86959709735397,109.94701414073575,110.76802062988281,91400,0.0,0.0
2024-10-14 00:00:00-04:00,110.87806537983974,112.32541069449724,110.15947477504491,111.8768081665039,150500,0.0,0.0
2024-10-15 00:00:00-04:00,112.61318206847153,115.79139567610952,112.46420754334787,113.23104858398438,215500,0.0,0.0
2024-10-16 00:00:00-04:00,114.08590851250688,115.7702441155999,114.06644560695115,114.77996063232422,138800,0.0,0.0
2024-10-17 00:00:00-04:00,114.95769885969986,114.95769885969986,111.94451332496172,112.15611267089844,185200,0.0,0.0
2024-10-18 00:00:00-04:00,112.51160620508021,112.91788627762627,111.52979498392747,112.72320556640625,117000,0.0,0.0
2024-10-21 00:00:00-04:00,112.43543197174331,112.97712581260839,110.39138785234618,110.79341888427734,124400,0.0,0.0
2024-10-22 00:00:00-04:00,110.57336152232152,111.7329218873271,110.48871661195612,111.28433227539062,103600,0.0,0.0
2024-10-23 00:00:00-04:00,111.18276241388328,112.02070048501196,110.87805883483644,112.00376892089844,81600,0.0,0.0
2024-10-24 00:00:00-04:00,112.45236773367259,113.15064305940415,111.62712503917142,113.08716583251953,103000,0.0,0.0
2024-10-25 00:00:00-04:00,113.9251040565562,114.52434715979018,111.4705436568679,111.6229019165039,79400,0.0,0.0
2024-10-28 00:00:00-04:00,112.61318070566705,113.59076870464806,112.61318070566705,112.96866607666016,60500,0.0,0.0
2024-10-29 00:00:00-04:00,112.35080119127355,113.29876219427962,111.72446243428737,113.20565795898438,73800,0.0,0.0
2024-10-30 00:00:00-04:00,112.99406533520506,114.92385058638153,111.30127034890985,111.61443328857422,101100,0.0,0.0
2024-10-31 00:00:00-04:00,111.5213270262815,112.00377978783104,109.17681531156006,109.3460922241211,172200,0.0,0.0
2024-11-01 00:00:00-04:00,110.28558379027527,110.88651871180627,107.28087043762207,107.49246978759766,142900,0.0,0.0
2024-11-04 00:00:00-05:00,107.49247637650322,110.81120522770634,107.2326330303857,110.56490325927734,139800,0.0,0.0
2024-11-05 00:00:00-05:00,110.03167057802379,112.26954310172752,109.96226536589302,112.01223754882812,113200,0.0,0.0
2024-11-06 00:00:00-05:00,112.57086243668223,113.6796410454104,101.567695431593,104.10688781738281,747800,0.0,0.0
2024-11-07 00:00:00-05:00,95.81217762375707,96.05763363063542,89.59962416224725,93.16295623779297,859800,0.0,0.0
2024-11-08 00:00:00-05:00,93.52691479185138,95.34836239901041,89.01561499915034,90.03129577636719,652800,0.0,0.0
2024-11-11 00:00:00-05:00,89.72660050866706,93.37457165610941,89.67581226772208,91.19086456298828,383200,0.0,0.0
2024-11-12 00:00:00-05:00,90.1751849331182,90.1751849331182,86.4341097607545,87.9914779663086,470300,0.0,0.0
2024-11-13 00:00:00-05:00,88.78708023863447,89.32877400731735,85.75951407767646,87.22970581054688,478700,0.0,0.0
2024-11-14 00:00:00-05:00,87.60213496956943,89.0325487084194,86.75573753024992,87.57674407958984,217300,0.0,0.0
2024-11-15 00:00:00-05:00,88.28770805184271,88.39350772363622,86.18018039781599,86.52720642089844,217400,0.0,0.0
2024-11-18 00:00:00-05:00,86.33254036186419,88.70245581754286,86.00836739879988,88.6601333618164,211200,0.0,0.0
2024-11-19 00:00:00-05:00,88.03379939609056,90.71687772662831,87.66138245670993,89.88740539550781,227500,0.0,0.0
2024-11-20 00:00:00-05:00,89.89586677200414,90.1836452449209,87.9999384105808,89.12564849853516,165900,0.0,0.0
2024-11-21 00:00:00-05:00,89.07485556578561,91.26702806658115,88.74306925009743,89.52344512939453,284400,0.0,0.0
2024-11-22 00:00:00-05:00,90.16672168183304,90.90308980735992,89.67411773308405,90.66609954833984,161400,0.0,0.0
2024-11-25 00:00:00-05:00,91.26704393524831,95.49479531311586,91.26704393524831,94.62724304199219,329200,0.0,0.0
2024-11-26 00:00:00-05:00,94.36484415676824,94.93616498379257,92.18960310078255,92.38427734375,292000,0.0,0.0
2024-11-27 00:00:00-05:00,93.10371839517848,94.44102790010922,92.31656851771923,92.40120697021484,174600,0.0,0.0
2024-11-29 00:00:00-05:00,93.05292907579395,93.4422710917283,92.24884769848433,92.27423858642578,105100,0.0,0.0
2024-12-02 00:00:00-05:00,92.25731079464634,94.04320971286742,90.90899785820994,93.44226837158203,207300,0.0,0.0
2024-12-03 00:00:00-05:00,92.74823278966782,93.55992762260828,90.60684830510121,90.96233367919922,159100,0.0,0.0
2024-12-04 00:00:00-05:00,90.94540343423019,91.61405819473849,89.65888215132185,91.4532470703125,219400,0.0,0.0
2024-12-05 00:00:00-05:00,90.56452018313955,91.05543221617516,89.0917905415323,90.94539642333984,184200,0.0,0.0
2024-12-06 00:00:00-05:00,91.88489536694688,91.88489536694688,89.45150295610613,90.29367065429688,165500,0.0,0.0
2024-12-09 00:00:00-05:00,90.36984672901374,92.54085810652961,90.36984672901374,90.86922454833984,181600,0.0,0.0
2024-12-10 00:00:00-05:00,90.39524887112195,91.4109232127076,89.42527425688267,90.01436614990234,132500,0.0,0.0
2024-12-11 00:00:00-05:00,90.07361115547181,90.70840921531915,88.28771209716797,88.28771209716797,287300,0.0,0.0
2024-12-12 00:00:00-05:00,88.03379293230856,89.50652255922574,87.78833691823911,87.86450958251953,114900,0.0,0.0
2024-12-13 00:00:00-05:00,87.60212926548864,88.81247778320552,86.99272211565923,88.63473510742188,122300,0.0,0.0
2024-12-16 00:00:00-05:00,88.01686590021446,88.56702551473015,86.3833186212678,86.41717529296875,223000,0.0,0.0
2024-12-17 00:00:00-05:00,86.0447675456277,86.8403767545598,84.72438313745309,85.70620727539062,267800,0.0,0.0
2024-12-18 00:00:00-05:00,85.48613684672432,87.10275896986123,82.54913685453296,82.99772644042969,240700,0.0,0.0
2024-12-19 00:00:00-05:00,82.52375543396325,83.9837898155256,80.65744741511813,80.6955337524414,406700,0.0,0.0
2024-12-20 00:00:00-05:00,62.633406471665175,65.97667355843666,59.99264430653837,62.34563446044922,3148700,0.0,0.0
2024-12-23 00:00:00-05:00,60.69515901300175,62.345637878247885,58.23214584624972,59.62869644165039,1244800,0.0,0.0
2024-12-24 00:00:00-05:00,59.163179690823654,60.255033114294825,58.17289628029155,59.5440559387207,315600,0.0,0.0
2024-12-26 00:00:00-05:00,59.25628688419057,60.283810746921986,58.65534547363101,59.84876251220703,420700,0.0,0.0
2024-12-27 00:00:00-05:00,59.2732139203683,59.61177420060785,57.267256044886906,57.64813232421875,580000,0.0,0.0
2024-12-30 00:00:00-05:00,57.12336391965192,57.17415215937658,55.70988168273772,56.971012115478516,667600,0.0,0.0
2024-12-31 00:00:00-05:00,57.467474791585055,58.47345933018056,56.43971434384895,58.042320251464844,560800,1.9,0.0
2025-01-02 00:00:00-05:00,58.44297346180125,59.79300012766668,58.094578840441656,59.05266571044922,364700,0.0,0.0
2025-01-03 00:00:00-05:00,59.13104822208768,59.99331971934219,58.7042683197197,59.27911376953125,240300,0.0,0.0
2025-01-06 00:00:00-05:00,59.31395608219278,60.30687642354976,58.59975010603996,58.712982177734375,361000,0.0,0.0
2025-01-07 00:00:00-05:00,58.53007272475248,59.47073624536518,57.180052651629104,57.833290100097656,360000,0.0,0.0
2025-01-08 00:00:00-05:00,57.64167235760942,57.72789884969757,56.39616603119471,56.99714660644531,345300,0.0,0.0
2025-01-10 00:00:00-05:00,56.20454395159884,56.36132119094383,54.810972182462514,55.246463775634766,403500,0.0,0.0
2025-01-13 00:00:00-05:00,54.784849366443275,56.66181726222424,54.39290622790011,56.64004135131836,282600,0.0,0.0
2025-01-14 00:00:00-05:00,56.72713111815183,58.19909479274907,56.674874254699596,57.76360321044922,276500,0.0,0.0
2025-01-15 00:00:00-05:00,60.11526104225496,60.11526104225496,57.484894548852516,57.615543365478516,362600,0.0,0.0
2025-01-16 00:00:00-05:00,57.89425241664864,58.74781220264895,57.50666517151014,58.30361557006836,258000,0.0,0.0
2025-01-17 00:00:00-05:00,59.22686129332966,59.575255924070106,58.399429859761625,59.322669982910156,240900,0.0,0.0
2025-01-21 00:00:00-05:00,59.57525744894188,61.421737742500945,59.54041732046859,60.83818054199219,293500,0.0,0.0
2025-01-22 00:00:00-05:00,60.02815523237982,60.20496735802784,58.00747465315813,58.05973815917969,272600,0.0,0.0
2025-01-23 00:00:00-05:00,58.024902331964874,58.63458790506417,57.571987353313084,58.60845947265625,212100,0.0,0.0
2025-01-24 00:00:00-05:00,58.6084643028177,59.829583204211964,58.09458072450475,59.20073318481445,261400,0.0,0.0
2025-01-27 00:00:00-05:00,58.90458816395697,60.846883516301915,58.85233130127273,60.24590301513672,278800,0.0,0.0
2025-01-28 00:00:00-05:00,59.97590742364541,60.5507529160535,58.86104992133589,59.322669982910156,183800,0.0,0.0
2025-01-29 00:00:00-05:00,59.39234924238843,59.59267166628033,57.72876806490253,57.78102493286133,198000,0.0,0.0
2025-01-30 00:00:00-05:00,64.80115410384808,64.80115410384808,58.5126540751214,63.625328063964844,574100,0.0,0.0
2025-01-31 00:00:00-05:00,63.31177425392977,63.766423627444055,61.62206463091261,62.43207931518555,405200,0.0,0.0
2025-02-03 00:00:00-05:00,60.960107630088075,63.10272534028233,60.12832378816501,62.76304244995117,421900,0.0,0.0
2025-02-04 00:00:00-05:00,62.989514389955914,65.28019816399873,62.97209764712548,64.61825561523438,234700,0.0,0.0
2025-02-05 00:00:00-05:00,65.09728034701256,65.61116387339715,63.62532330651264,63.99113464355469,243400,0.0,0.0
2025-02-06 00:00:00-05:00,64.05210195104179,64.97534196798021,64.05210195104179,64.4788818359375,206000,0.0,0.0
2025-02-07 00:00:00-05:00,64.45275583725521,64.53985282693934,63.18112118165884,64.00855255126953,197800,0.0,0.0
2025-02-10 00:00:00-05:00,64.40049950261245,64.89695965748065,63.25602498061706,64.33953094482422,172300,0.0,0.0
2025-02-11 00:00:00-05:00,63.97370513954029,64.7924313684787,63.73593111574416,64.7575912475586,171000,0.0,0.0
2025-02-12 00:00:00-05:00,63.39015580775115,64.69663059899112,62.86756722027005,64.33953094482422,171000,0.0,0.0
2025-02-13 00:00:00-05:00,64.4701742508517,65.12341165805263,64.13485049960887,64.94050598144531,153500,0.0,0.0
2025-02-14 00:00:00-05:00,65.23664530649496,65.94301010170227,63.599192579980105,63.66887283325195,166400,0.0,0.0
2025-02-18 00:00:00-05:00,63.52951427030624,64.86211745140668,62.980790622741914,64.40049743652344,230200,0.0,0.0
2025-02-19 00:00:00-05:00,63.381446706838155,64.74889011178071,63.381446706838155,63.956298828125,314900,0.0,0.0
2025-02-20 00:00:00-05:00,65.33245525373304,65.75052349127922,62.18820519874172,63.46855163574219,358800,0.0,0.0
2025-02-21 00:00:00-05:00,64.45276284456423,64.55728323059326,62.4312113920257,63.29435348510742,581000,0.0,0.0
2025-02-24 00:00:00-05:00,63.58177104330979,65.0711514580113,63.35967272846741,63.738548278808594,326600,0.0,0.0
2025-02-25 00:00:00-05:00,63.77339045436181,65.09292946014445,63.6079015212688,64.26113891601562,314100,0.0,0.0
2025-02-26 00:00:00-05:00,63.97371955200131,64.28901507552565,63.05919109084307,63.38145065307617,273400,0.0,0.0
2025-02-27 00:00:00-05:00,63.059185204789415,64.13049082287371,62.579271280515044,63.14628219604492,291000,0.0,0.0
2025-02-28 00:00:00-05:00,63.16369262354877,64.26984490167337,62.34497301348222,62.667232513427734,408700,0.0,0.0
2025-03-03 00:00:00-05:00,62.85885368624148,63.0504710465551,60.380905508236566,60.91656494140625,390700,0.0,0.0
2025-03-04 00:00:00-05:00,60.37655044480988,62.37981430645183,59.68847297311675,61.88335418701172,422700,0.0,0.0
2025-03-05 00:00:00-05:00,61.83980567848997,63.69499745661791,61.83980567848997,63.08531188964844,554800,0.0,0.0
2025-03-06 00:00:00-05:00,62.71078774363724,63.947582240430066,62.71078774363724,63.3640251159668,238400,0.0,0.0
2025-03-07 00:00:00-05:00,63.364029620344134,64.61824759079958,63.364029620344134,63.7821044921875,257800,0.0,0.0
2025-03-10 00:00:00-04:00,64.01726386527554,65.25405838867118,62.24045737691203,62.30142593383789,266700,0.0,0.0
2025-03-11 00:00:00-04:00,62.527887933016935,63.37274274356892,62.527887933016935,62.719505310058594,365300,0.0,0.0
2025-03-12 00:00:00-04:00,62.841434243971825,63.4337030389802,61.16914822691545,61.51753616333008,497400,0.0,0.0
2025-03-13 00:00:00-04:00,61.60464360786054,62.249169304233654,59.12233621418931,59.40105056762695,304300,0.0,0.0
2025-03-14 00:00:00-04:00,60.019458227112736,61.13431571052638,59.62751178226981,60.637855529785156,272500,0.0,0.0
2025-03-17 00:00:00-04:00,57.88554700227526,57.88554700227526,55.08969151865828,55.92583465576172,764500,0.0,0.0
2025-03-18 00:00:00-04:00,56.80552690801964,57.382990539582565,56.11744936394711,56.89262390136719,528900,0.0,0.0
2025-03-19 00:00:00-04:00,56.82294194256251,57.26714523389494,55.30743303957914,55.629695892333984,528900,0.0,0.0
2025-03-20 00:00:00-04:00,55.69066749719384,56.21325943779143,55.133238751919684,55.202919006347656,335100,0.0,0.0
2025-03-21 00:00:00-04:00,54.88064830617934,56.16099795711008,53.75708253737257,55.40324020385742,1322700,0.0,0.0
2025-03-24 00:00:00-04:00,55.986798279801604,57.78102152124662,55.59485850310273,57.73747634887695,289600,0.0,0.0
2025-03-25 00:00:00-04:00,57.61554196486529,57.63295870562376,56.10438552996074,56.48326110839844,273300,0.0,0.0
2025-03-26 00:00:00-04:00,56.60519399982824,57.005845458086455,55.882283023554805,56.59648895263672,283300,0.0,0.0
2025-03-27 00:00:00-04:00,56.657462667871954,57.4152138371388,56.317779734392026,56.70100784301758,234900,0.0,0.0
2025-03-28 00:00:00-04:00,56.65745777923833,57.403885676646055,55.09839378739433,55.525177001953125,363700,0.0,0.0
2025-03-31 00:00:00-04:00,48.44201637082062,49.71231842192695,44.449770587782616,48.55872344970703,1098300,1.9,0.0
2025-04-01 00:00:00-04:00,48.38815148145761,50.83897945278182,47.61609510613715,50.129764556884766,717800,0.0,0.0
2025-04-02 00:00:00-04:00,50.09385643714716,51.018530322073715,49.47441750129084,50.71329879760742,377400,0.0,0.0
2025-04-03 00:00:00-04:00,49.25895606121663,50.11180910934315,46.85391505446889,47.05949401855469,413700,0.0,0.0
2025-04-04 00:00:00-04:00,45.24606771944268,49.618057695524904,44.931856870585776,47.966217041015625,741300,0.0,0.0
2025-04-07 00:00:00-04:00,45.78470922630516,48.540768899881094,44.5099209269513,46.79017639160156,836700,0.0,0.0
2025-04-08 00:00:00-04:00,48.07394549599765,48.11883178230084,42.26557374834111,43.11842346191406,782300,0.0,0.0
2025-04-09 00:00:00-04:00,42.56182384212956,46.888927377048155,40.793276168765175,46.502899169921875,786000,0.0,0.0
2025-04-10 00:00:00-04:00,45.838575209745095,45.94630297935628,42.58875610093709,43.71990966796875,640300,0.0,0.0
2025-04-11 00:00:00-04:00,43.746835545783824,44.31241226196289,42.28351953231898,44.31241226196289,289800,0.0,0.0
2025-04-14 00:00:00-04:00,44.976742561390274,46.251534289935854,44.70742142636358,45.63209533691406,267600,0.0,0.0
2025-04-15 00:00:00-04:00,45.78470741657107,48.05598690430419,44.474008771256514,45.3178825378418,364200,0.0,0.0
2025-04-16 00:00:00-04:00,45.093449028363366,46.556765189045926,44.88696938016707,45.74879837036133,216500,0.0,0.0
2025-04-17 00:00:00-04:00,45.81163832513836,47.1313162767609,45.439079094411476,46.33232879638672,194700,0.0,0.0
2025-04-21 00:00:00-04:00,45.97323226928711,46.14380494116106,44.88696845459095,45.97323226928711,224900,0.0,0.0
2025-04-22 00:00:00-04:00,46.6375608183237,47.42038760147067,45.98221149111671,46.99665451049805,202900,0.0,0.0
2025-04-23 00:00:00-04:00,48.28042212630686,48.738271121870696,46.377215624596815,46.48494338989258,206700,0.0,0.0
2025-04-24 00:00:00-04:00,46.91585891784909,48.18167131815524,46.64653778632514,47.921329498291016,219100,0.0,0.0
2025-04-25 00:00:00-04:00,47.678940470943296,48.25349314369436,47.07386430218438,48.082923889160156,137300,0.0,0.0
2025-04-28 00:00:00-04:00,48.02905628302926,48.55872264818141,47.21211359351703,48.28042221069336,138000,0.0,0.0
2025-04-29 00:00:00-04:00,47.8943932814539,48.231045540015025,46.81710879374141,47.355751037597656,332700,0.0,0.0
2025-04-30 00:00:00-04:00,46.6824464437519,49.187140065235056,45.82959337187797,48.7562255859375,459800,0.0,0.0
2025-05-01 00:00:00-04:00,49.1242977420961,49.555212214005245,48.415082842148124,49.3666877746582,236600,0.0,0.0
2025-05-02 00:00:00-04:00,49.96817120276635,50.61184945606255,49.743736369224536,50.129764556884766,260900,0.0,0.0
2025-05-05 00:00:00-04:00,49.618054147930444,49.8245337869057,49.043501513459496,49.13327407836914,193700,0.0,0.0
2025-05-06 00:00:00-04:00,49.06146014822298,49.0794119227794,47.36472978589882,47.5801887512207,275700,0.0,0.0
2025-05-07 00:00:00-04:00,48.37020255317107,48.62156850344469,47.47785000509549,47.912353515625,495800,0.0,0.0
2025-05-08 00:00:00-04:00,50.90182764803185,51.25194548661392,48.90435531120719,49.968177795410156,331700,0.0,0.0
2025-05-09 00:00:00-04:00,49.932262274917974,50.40806646474027,48.940260692462374,49.02554702758789,193200,0.0,0.0
2025-05-12 00:00:00-04:00,51.081370670007765,51.80853735582078,49.833510089874245,50.16567611694336,237100,0.0,0.0
2025-05-13 00:00:00-04:00,50.17465249617385,50.79499209517961,49.115319772893486,49.797603607177734,158900,0.0,0.0
2025-05-14 00:00:00-04:00,49.375664658594935,50.30033510087356,49.33077837564426,49.662940979003906,243000,0.0,0.0
2025-05-15 00:00:00-04:00,49.66294075232627,50.08487934426528,48.93577064327043,49.77964782714844,228000,0.0,0.0
2025-05-16 00:00:00-04:00,50.09385727734236,51.61103903819689,49.91430871442062,51.13523483276367,272900,0.0,0.0
2025-05-19 00:00:00-04:00,50.1207892841368,51.25193935221371,50.048968492714096,51.180118560791016,181500,0.0,0.0
2025-05-20 00:00:00-04:00,50.76716091965075,51.781607371257195,50.76716091965075,51.22500991821289,194800,0.0,0.0
2025-05-21 00:00:00-04:00,50.45295503061554,51.00955250045116,49.60907780177015,49.74374008178711,290300,0.0,0.0
2025-05-22 00:00:00-04:00,49.79760544611167,50.31649802305545,49.1961182693439,49.86044692993164,189300,0.0,0.0
2025-05-23 00:00:00-04:00,49.196114025563446,50.00408078298588,48.747244365796256,49.851463317871094,147300,0.0,0.0
2025-05-27 00:00:00-04:00,50.36318073048272,50.90182644407221,49.88737992772553,50.83000564575195,253300,0.0,0.0
2025-05-28 00:00:00-04:00,50.91079832914703,51.11368898630754,49.96368302953316,50.057945251464844,180800,0.0,0.0
2025-05-29 00:00:00-04:00,50.4439741712578,51.17114429675329,49.752714442612344,49.950218200683594,184900,0.0,0.0
2025-05-30 00:00:00-04:00,49.627028060516416,50.084877027313276,48.99861328193829,49.57316589355469,233400,0.0,0.0
2025-06-02 00:00:00-04:00,49.33078032044248,49.375666605162735,48.32531315937192,48.702362060546875,208400,0.0,0.0
2025-06-03 00:00:00-04:00,48.70236013683908,50.29135921032068,48.29837674110582,50.03999328613281,273500,0.0,0.0
2025-06-04 00:00:00-04:00,49.81555903406644,50.24557627350235,49.564189682311316,49.6808967590332,232100,0.0,0.0
2025-06-05 00:00:00-04:00,49.53725489659041,49.81555531272088,48.96090437504349,49.178157806396484,160200,0.0,0.0
2025-06-06 00:00:00-04:00,49.78862452429745,50.12976644300545,49.37387074449795,49.6808967590332,143500,0.0,0.0
2025-06-09 00:00:00-04:00,50.12976418436447,51.135231272271014,49.878398268538774,50.88386535644531,200700,0.0,0.0
2025-06-10 00:00:00-04:00,51.11727940317401,51.970132504747944,50.910799755357836,51.2519416809082,290500,0.0,0.0
2025-06-11 00:00:00-04:00,51.754676833619264,52.50877805281631,51.30580714182587,51.37762451171875,233100,0.0,0.0
2025-06-12 00:00:00-04:00,51.233988599563254,51.55717533979835,50.79409820004648,51.063419342041016,205300,0.0,0.0
2025-06-13 00:00:00-04:00,50.67738814390179,51.23847525040069,50.174652863621354,50.58761215209961,228800,0.0,0.0
2025-06-16 00:00:00-04:00,51.17114534815876,52.17212627714587,51.12625906347591,51.38660430908203,251000,0.0,0.0
2025-06-17 00:00:00-04:00,51.449447078811716,51.69183713168373,50.72676657615742,51.054439544677734,250300,0.0,0.0
2025-06-18 00:00:00-04:00,51.036481165579325,52.3741143166931,50.90182231655426,51.970130920410156,200500,0.0,0.0
2025-06-20 00:00:00-04:00,52.32923222088539,52.66139485125034,51.4674031895905,52.10479736328125,441800,0.0,0.0
2025-06-23 00:00:00-04:00,51.7995630496504,52.30857906033028,51.17114479704658,52.266387939453125,231600,0.0,0.0
2025-06-24 00:00:00-04:00,52.41900113286169,53.41549237896044,52.41900113286169,52.87685012817383,229700,0.0,0.0
2025-06-25 00:00:00-04:00,52.742187498424826,52.742187498424826,50.8748879823303,50.955684661865234,321100,0.0,0.0
2025-06-26 00:00:00-04:00,51.35068937836356,52.041949060189275,50.78511265239639,52.006038665771484,233900,0.0,0.0
2025-06-27 00:00:00-04:00,52.068885072559056,52.56623346605308,50.85693825536696,51.278873443603516,437500,0.0,0.0
2025-06-30 00:00:00-04:00,51.63174976805443,51.92891064255892,50.350244825167735,51.278873443603516,475800,1.9,0.0
2025-07-01 00:00:00-04:00,50.90742439079965,53.50758400861179,50.6102634940461,52.643959045410156,290600,0.0,0.0
2025-07-02 00:00:00-04:00,51.53889089564708,53.06184133910687,51.306733729450464,52.9968376159668,230500,0.0,0.0
2025-07-03 00:00:00-04:00,52.829682405183696,53.52615388046899,52.69967496325371,52.857540130615234,144100,0.0,0.0
2025-07-07 00:00:00-04:00,52.476804511842396,52.931834118197536,51.28816094943472,51.35316467285156,208200,0.0,0.0
2025-07-08 00:00:00-04:00,51.47388610848365,52.61609891746767,51.46459783826293,51.51103210449219,301900,0.0,0.0
2025-07-09 00:00:00-04:00,51.9196299483061,52.28179457084007,51.26958915641669,51.77104949951172,188500,0.0,0.0
2025-07-10 00:00:00-04:00,51.77104818664688,52.84361316348091,51.76361969576114,52.031063079833984,232400,0.0,0.0
2025-07-11 00:00:00-04:00,51.65961298054234,52.532522639461256,51.24172937802476,52.10535430908203,228700,0.0,0.0
2025-07-14 00:00:00-04:00,52.003205078411604,52.6903918470487,51.71904493452055,52.21678924560547,235700,0.0,0.0
2025-07-15 00:00:00-04:00,52.36536812662153,52.46751784319468,50.053084810748175,50.136661529541016,514900,0.0,0.0
2025-07-16 00:00:00-04:00,50.768125741885996,51.52960448113026,49.365898062625156,50.136661529541016,299700,0.0,0.0
2025-07-17 00:00:00-04:00,49.96022259975743,50.38739094514483,48.19583022176879,48.5579948425293,542000,0.0,0.0
2025-07-18 00:00:00-04:00,48.762289947004184,48.92480279835055,47.57364638191212,48.734432220458984,391100,0.0,0.0
2025-07-21 00:00:00-04:00,49.20803535198295,50.503469244294074,48.56727929510079,48.650856018066406,239900,0.0,0.0
2025-07-22 00:00:00-04:00,48.985161394842265,50.64740753216971,48.985161394842265,50.554542541503906,299000,0.0,0.0
2025-07-23 00:00:00-04:00,50.90742544376295,50.944571442234796,50.15523491567634,50.91671371459961,165300,0.0,0.0
2025-07-24 00:00:00-04:00,50.48953686093445,50.76348414472658,49.820926666259766,49.820926666259766,168100,0.0,0.0
2025-07-25 00:00:00-04:00,49.625913213687824,49.858070373535156,49.07802217475064,49.858070373535156,151500,0.0,0.0
2025-07-28 00:00:00-04:00,50.025223862180496,50.14594657730455,49.338040652108155,49.37518310546875,162100,0.0,0.0
2025-07-29 00:00:00-04:00,49.644485249421265,50.14594555515774,49.31946664890896,49.440189361572266,207800,0.0,0.0
2025-07-30 00:00:00-04:00,49.393754650605416,49.58412521664178,48.14939216747754,48.465126037597656,234500,0.0,0.0
2025-07-31 00:00:00-04:00,48.30726603758935,48.641572940798,47.63865223117205,48.01010513305664,289100,0.0,0.0
2025-08-01 00:00:00-04:00,48.28869231476978,48.41869976575034,46.89574926722835,47.70365524291992,291000,0.0,0.0
2025-08-04 00:00:00-04:00,47.91723455908323,48.37226413380722,47.70086604973284,47.96366882324219,195800,0.0,0.0
2025-08-05 00:00:00-04:00,48.28869167339655,48.85422762008785,47.95902891494949,48.5579948425293,224000,0.0,0.0
2025-08-06 00:00:00-04:00,48.1029635300921,48.94987524237793,47.93581008911133,47.93581008911133,223900,0.0,0.0
2025-08-07 00:00:00-04:00,46.3850026133537,46.8957476715865,42.43833077960632,42.80978012084961,1175800,0.0,0.0
2025-08-08 00:00:00-04:00,42.80977812466222,43.21837698614559,42.25260236755934,42.559051513671875,604400,0.0,0.0
2025-08-11 00:00:00-04:00,43.571254302018666,45.688530020454905,43.24623569340026,45.20564270019531,809700,0.0,0.0
2025-08-12 00:00:00-04:00,46.199274927436,49.653774608353814,46.16677306667197,48.69728469848633,814900,0.0,0.0
2025-08-13 00:00:00-04:00,49.16160003777128,51.01885735976027,48.316548097963775,50.75884246826172,468800,0.0,0.0
2025-08-14 00:00:00-04:00,49.50519485556988,49.92307491622024,48.6694276493948,49.39375686645508,361900,0.0,0.0
2025-08-15 00:00:00-04:00,49.42161825128372,49.62591414693403,48.362982149261526,48.52084732055664,325600,0.0,0.0
2025-08-18 00:00:00-04:00,48.511559805737186,49.076164041242585,48.11224922283537,48.35369110107422,255200,0.0,0.0
2025-08-19 00:00:00-04:00,48.75300494303082,49.68163360861235,48.4744170518438,48.92015838623047,252900,0.0,0.0
2025-08-20 00:00:00-04:00,48.83658114719442,49.40768932914841,48.58585098505149,49.00373458862305,198800,0.0,0.0
2025-08-21 00:00:00-04:00,48.604426095639084,48.87372926769342,48.20511547292054,48.381553649902344,226000,0.0,0.0
2025-08-22 00:00:00-04:00,48.96658687799429,51.538888589442706,48.7530027197431,51.000282287597656,337300,0.0,0.0
2025-08-25 00:00:00-04:00,50.981714601890374,51.176725769352664,50.27595483997371,51.13957977294922,252200,0.0,0.0
2025-08-26 00:00:00-04:00,51.260301231350255,51.60482095207399,50.717054331428734,51.00957107543945,323400,0.0,0.0
2025-08-27 00:00:00-04:00,50.96314069591958,52.699675258821244,50.6752645425764,52.56966781616211,253600,0.0,0.0
2025-08-28 00:00:00-04:00,52.65324455972724,52.72753300880807,51.41816676901969,52.28179168701172,305500,0.0,0.0
2025-08-29 00:00:00-04:00,52.244643638461596,52.62538122393839,51.65032189941849,52.61609649658203,238200,0.0,0.0
2025-09-02 00:00:00-04:00,52.06820848789137,52.091425621279335,50.36417575335522,50.65669250488281,320800,0.0,0.0
2025-09-03 00:00:00-04:00,50.53596975824075,51.306733243076735,50.35488745371899,50.9445686340332,240600,0.0,0.0
2025-09-04 00:00:00-04:00,51.306733788951156,53.02469540382349,51.20272783180643,52.606815338134766,265600,0.0,0.0
2025-09-05 00:00:00-04:00,52.87611183442598,53.57258329266759,52.45823179343063,53.210418701171875,197200,0.0,0.0
2025-09-08 00:00:00-04:00,53.024693073118,53.024693073118,51.52031569242682,52.7461051940918,265400,0.0,0.0
2025-09-09 00:00:00-04:00,52.6903897437488,52.83897018205858,52.02177600013624,52.7461051940918,190300,0.0,0.0
2025-09-10 00:00:00-04:00,52.6625318374808,53.12684617963973,52.05428118283253,52.346797943115234,221200,0.0,0.0
2025-09-11 00:00:00-04:00,52.36537059376469,53.56330243875573,52.24000728088762,53.015411376953125,218000,0.0,0.0
2025-09-12 00:00:00-04:00,52.950403347376806,53.44257537319386,52.65324247792836,52.90397262573242,192600,0.0,0.0
2025-09-15 00:00:00-04:00,53.18256097642205,53.74902499591516,52.92254609892503,53.210418701171875,226900,0.0,0.0
2025-09-16 00:00:00-04:00,53.210419734876126,54.214268473115375,52.755393690416675,53.136131286621094,276300,0.0,0.0
2025-09-17 00:00:00-04:00,53.24756910956177,54.69623113806328,52.58359945596992,52.643959045410156,274200,0.0,0.0
2025-09-18 00:00:00-04:00,53.006123492146116,54.269055443563026,52.84825478419583,54.10190200805664,241600,0.0,0.0
2025-09-19 00:00:00-04:00,54.11119061528264,54.38977849538381,53.25871021434948,53.33114242553711,603900,0.0,0.0
2025-09-22 00:00:00-04:00,53.089698164698866,53.20113615313728,50.84241853441511,52.003204345703125,382800,0.0,0.0
2025-09-23 00:00:00-04:00,52.300367326177465,52.7182509434772,51.585322812672864,51.66889953613281,218700,0.0,0.0
2025-09-24 00:00:00-04:00,51.41816799900063,51.6596134347725,50.44310861284427,50.47096633911133,285200,0.0,0.0
2025-09-25 00:00:00-04:00,50.53597027503632,51.23244177414611,50.12737493750265,50.76812744140625,283800,0.0,0.0
2025-09-26 00:00:00-04:00,50.99099991069681,51.195299350806074,50.52668557767556,50.573116302490234,255800,0.0,0.0
2025-09-29 00:00:00-04:00,52.021774873197884,53.2382796209318,50.331671095622625,51.06528854370117,664300,0.0,0.0
2025-09-30 00:00:00-04:00,51.22880639165345,51.61355294387652,49.978385600751054,51.53660583496094,406800,1.9,0.0
2025-10-01 00:00:00-04:00,51.65202722106932,53.306428553899394,51.24804298300984,53.152530670166016,442000,0.0,0.0
2025-10-02 00:00:00-04:00,53.258334344185094,54.72036602459887,53.229479638594874,54.47990036010742,402600,0.0,0.0
2025-10-03 00:00:00-04:00,54.6434206525008,55.879414060407164,54.249057096999564,54.306766510009766,324100,0.0,0.0
2025-10-06 00:00:00-04:00,54.34524145512678,54.63379952547031,52.618699704633976,52.83511734008789,258800,0.0,0.0
2025-10-07 00:00:00-04:00,52.902448123316375,53.652699849825524,52.2772359050821,52.76778793334961,299700,0.0,0.0
2025-10-08 00:00:00-04:00,52.84473555155665,53.114059603308206,52.08486680522642,52.3349494934082,196500,0.0,0.0
2025-10-09 00:00:00-04:00,52.42151582116717,52.77163230869862,51.074906607616356,51.34423065185547,302800,0.0,0.0
2025-10-10 00:00:00-04:00,51.815543357851155,51.940586538008056,49.2088962844257,49.247371673583984,330600,0.0,0.0
2025-10-13 00:00:00-04:00,49.949530865204515,50.493943310231,49.71964720371759,50.401607513427734,155900,0.0,0.0
2025-10-14 00:00:00-04:00,49.88220079730281,51.65202833294184,49.82448771370483,51.53660583496094,233200,0.0,0.0
2025-10-15 00:00:00-04:00,51.565458102960804,53.90759134599295,51.55583742154204,53.681556701660156,342200,0.0,0.0
2025-10-16 00:00:00-04:00,53.73926723682386,54.402954838429125,51.228805039411675,51.661643981933594,348400,0.0,0.0
2025-10-17 00:00:00-04:00,51.373085909990635,52.21952610100962,51.14223725090729,51.661643981933594,170900,0.0,0.0
2025-10-20 00:00:00-04:00,52.104098606925874,53.061154596855616,52.07620523552703,52.556175231933594,164700,0.0,0.0
2025-10-21 00:00:00-04:00,52.546560621852464,53.085201388563156,51.805925898410216,51.94058609008789,263300,0.0,0.0
2025-10-22 00:00:00-04:00,51.93096747105668,52.11372005850668,50.96910479543894,51.34423065185547,277700,0.0,0.0
2025-10-23 00:00:00-04:00,51.584698580825034,51.642407995592954,50.54588508442148,50.738258361816406,202000,0.0,0.0
2025-10-24 00:00:00-04:00,51.15185891391512,51.33461150683509,50.5939767841357,50.815208435058594,215700,0.0,0.0
2025-10-27 00:00:00-04:00,50.978720423259055,51.18071069904154,50.545881497143135,51.09414291381836,233600,0.0,0.0
2025-10-28 00:00:00-04:00,51.103765295201114,51.103765295201114,50.15921396979794,50.54588317871094,161200,0.0,0.0
2025-10-29 00:00:00-04:00,50.20923434557571,50.20923434557571,47.554491203298376,47.737247467041016,511200,0.0,0.0
2025-10-30 00:00:00-04:00,47.58334873881747,48.843386522109036,47.410213160023744,48.19894027709961,300400,0.0,0.0
2025-10-31 00:00:00-04:00,48.24703232615466,48.55482809305079,47.66991618052817,48.2374153137207,226900,0.0,0.0
2025-11-03 00:00:00-05:00,47.89114290412148,48.093133182878,46.515679001553984,47.60258483886719,530900,0.0,0.0
2025-11-04 00:00:00-05:00,47.82862056679119,50.2669423276626,47.7661008131537,47.86228561401367,423000,0.0,0.0
2025-11-05 00:00:00-05:00,48.6317780197676,51.3153720861839,48.3720746580083,50.978721618652344,308900,0.0,0.0
2025-11-06 00:00:00-05:00,50.78634893766336,51.012387255283286,48.91071597163406,49.01652145385742,307000,0.0,0.0
2025-11-07 00:00:00-05:00,48.5740645058944,50.25732416698975,48.314361146448185,49.49745178222656,323000,0.0,0.0
2025-11-10 00:00:00-05:00,49.82448505822505,49.939907550054315,49.16080114368821,49.51668930053711,221700,0.0,0.0
2025-11-11 00:00:00-05:00,49.920676334459664,50.34389460778849,49.65135227941853,49.997623443603516,218000,0.0,0.0
2025-11-12 00:00:00-05:00,49.61287997934014,50.01686055335558,48.54521179199219,48.54521179199219,209600,0.0,0.0
2025-11-13 00:00:00-05:00,48.41055142109523,49.045380655918436,47.93923708394368,48.17970275878906,186400,0.0,0.0
2025-11-14 00:00:00-05:00,47.467923564651855,47.59296674510612,46.462778787702995,46.583011627197266,359400,0.0,0.0
2025-11-17 00:00:00-05:00,46.457968094629564,46.46758877647663,45.57305616388188,45.851993560791016,323300,0.0,0.0
2025-11-18 00:00:00-05:00,46.05398469682053,46.41948986188618,45.63268912041889,45.76542663574219,235000,0.0,0.0
2025-11-19 00:00:00-05:00,46.1694081391958,46.40025679434633,44.13987731933594,44.13987731933594,294700,0.0,0.0
2025-11-20 00:00:00-05:00,44.515004502544926,44.957464132360066,42.87984085083008,42.87984085083008,514800,0.0,0.0
2025-11-21 00:00:00-05:00,43.74551571682289,46.486826648515,43.52428773329097,46.21750259399414,429700,0.0,0.0
2025-11-24 00:00:00-05:00,46.30407006728127,47.588155898833456,45.68847852268165,47.39097595214844,421800,0.0,0.0
2025-11-25 00:00:00-05:00,47.160126244373586,48.160464316811876,47.0735584560046,47.11203384399414,278500,0.0,0.0
2025-11-26 00:00:00-05:00,47.21783798768839,48.46825870817819,47.13127020177368,47.62181854248047,350300,0.0,0.0
2025-11-28 00:00:00-05:00,47.61220220194043,48.333599205000134,47.39866857161988,47.564109802246094,122800,0.0,0.0
2025-12-01 00:00:00-05:00,46.87156703556506,48.01618228136813,46.65995607597218,47.987327575683594,256800,0.0,0.0
2025-12-02 00:00:00-05:00,48.09313323115421,48.53078250478085,47.390012591987464,47.96809005737305,172400,0.0,0.0
2025-12-03 00:00:00-05:00,48.17008444614081,49.862961136907,47.94885280234489,49.44935989379883,233700,0.0,0.0
2025-12-04 00:00:00-05:00,49.314701076551124,49.5166913629692,48.8626244333359,48.929954528808594,224000,0.0,0.0
2025-12-05 00:00:00-05:00,48.699108979357916,49.59844824542137,48.13160984598717,48.2277946472168,292800,0.0,0.0
2025-12-08 00:00:00-05:00,48.31436051347856,48.81452953224279,47.62181823069504,48.03541946411133,194300,0.0,0.0
2025-12-09 00:00:00-05:00,47.612204667605724,49.35317751273258,47.612204667605724,49.20889663696289,217300,0.0,0.0
2025-12-10 00:00:00-05:00,49.43974379760135,50.78634936381325,49.24737052550966,50.4977912902832,516000,0.0,0.0
2025-12-11 00:00:00-05:00,50.45931587937155,51.315373087119596,50.016859922209754,50.12266540527344,200300,0.0,0.0
2025-12-12 00:00:00-05:00,53.229482176467066,56.14007965756181,51.94058600657241,54.60494613647461,1239300,0.0,0.0
2025-12-15 00:00:00-05:00,56.249728869364226,56.65371310139945,53.90278526012437,54.37409591674805,725700,0.0,0.0
2025-12-16 00:00:00-05:00,54.66265740795935,56.44210188337495,54.34524096499376,55.92269515991211,611800,0.0,0.0
2025-12-17 00:00:00-05:00,56.095831785096095,57.54824650170038,55.477352578410276,56.201637268066406,464200,0.0,0.0
2025-12-18 00:00:00-05:00,57.230830875187124,57.32701567787958,53.91240381328705,54.22019958496094,826000,0.0,0.0
2025-12-19 00:00:00-05:00,54.48952442527277,54.518379132654886,50.72864134584253,51.12300491333008,1306400,0.0,0.0
2025-12-22 00:00:00-05:00,51.22880379237827,51.35480830018412,49.093471176607565,49.1319465637207,534000,0.0,0.0
2025-12-23 00:00:00-05:00,48.91071411088522,48.91071411088522,47.3909730372812,47.67953109741211,740500,0.0,0.0
2025-12-24 00:00:00-05:00,47.929620094322,49.10309009306234,47.92769375644122,48.9395751953125,324800,0.0,0.0
2025-12-26 00:00:00-05:00,48.98766759646157,49.53592904183399,48.275887584124305,48.9395751953125,320500,0.0,0.0
2025-12-29 00:00:00-05:00,49.026141369213335,49.39164654127158,47.91999783316708,47.9488525390625,485400,0.0,0.0
2025-12-30 00:00:00-05:00,47.87190576904433,48.35283710648394,47.2274558688835,47.91999816894531,665900,0.0,0.0
2025-12-31 00:00:00-05:00,47.61000061035156,48.099998474121094,47.15999984741211,47.36000061035156,595800,1.9,0.0
2026-01-02 00:00:00-05:00,47.7400016784668,49.79999923706055,47.58000183105469,49.470001220703125,528900,0.0,0.0
2026-01-05 00:00:00-05:00,49.369998931884766,50.400001525878906,49.0,49.029998779296875,479600,0.0,0.0
2026-01-06 00:00:00-05:00,48.779998779296875,48.779998779296875,47.46099853515625,48.619998931884766,526900,0.0,0.0
2026-01-07 00:00:00-05:00,48.84000015258789,49.2400016784668,48.099998474121094,48.959999084472656,252300,0.0,0.0
2026-01-08 00:00:00-05:00,48.63999938964844,50.25,48.63999938964844,49.86000061035156,254400,0.0,0.0
2026-01-09 00:00:00-05:00,50.20000076293945,50.83000183105469,49.459999084472656,50.599998474121094,265800,0.0,0.0
2026-01-12 00:00:00-05:00,50.6150016784668,51.66999816894531,50.41999816894531,51.5099983215332,325200,0.0,0.0
2026-01-13 00:00:00-05:00,51.900001525878906,52.18000030517578,49.849998474121094,49.88999938964844,390600,0.0,0.0
2026-01-14 00:00:00-05:00,49.88999938964844,50.75,49.560001373291016,50.630001068115234,285000,0.0,0.0
2026-01-15 00:00:00-05:00,50.630001068115234,51.099998474121094,49.75,50.810001373291016,310700,0.0,0.0
2026-01-16 00:00:00-05:00,50.529998779296875,51.09000015258789,50.02000045776367,50.540000915527344,260100,0.0,0.0
2026-01-20 00:00:00-05:00,49.84000015258789,50.18000030517578,49.290000915527344,49.849998474121094,321400,0.0,0.0
2026-01-21 00:00:00-05:00,50.0,50.52000045776367,49.29999923706055,50.36000061035156,342400,0.0,0.0
2026-01-22 00:00:00-05:00,50.4900016784668,51.18000030517578,49.650001525878906,49.709999084472656,232200,0.0,0.0
2026-01-23 00:00:00-05:00,49.709999084472656,49.94499969482422,49.0,49.650001525878906,290400,0.0,0.0
2026-01-26 00:00:00-05:00,49.65999984741211,49.79999923706055,48.61000061035156,48.93000030517578,229700,0.0,0.0
2026-01-27 00:00:00-05:00,48.84000015258789,49.20000076293945,48.45000076293945,48.7599983215332,207400,0.0,0.0
2026-01-28 00:00:00-05:00,48.91999816894531,49.34000015258789,47.79999923706055,47.86000061035156,275100,0.0,0.0
2026-01-29 00:00:00-05:00,47.90999984741211,48.654998779296875,47.845001220703125,48.4900016784668,220100,0.0,0.0
2026-01-30 00:00:00-05:00,47.9900016784668,48.92499923706055,47.88999938964844,48.31999969482422,223300,0.0,0.0
2026-02-02 00:00:00-05:00,48.31999969482422,48.560001373291016,47.7400016784668,48.25,233500,0.0,0.0
2026-02-03 00:00:00-05:00,48.150001525878906,48.90999984741211,47.900001525878906,48.41999816894531,236300,0.0,0.0
2026-02-04 00:00:00-05:00,48.90999984741211,49.65999984741211,48.507999420166016,49.310001373291016,258300,0.0,0.0
2026-02-05 00:00:00-05:00,48.790000915527344,48.97999954223633,47.66999816894531,47.70000076293945,258500,0.0,0.0
2026-02-06 00:00:00-05:00,47.81999969482422,48.97999954223633,47.709999084472656,48.650001525878906,247600,0.0,0.0
2026-02-09 00:00:00-05:00,48.599998474121094,48.755001068115234,47.560001373291016,48.29999923706055,173200,0.0,0.0
2026-02-10 00:00:00-05:00,48.47999954223633,48.86199951171875,47.93000030517578,47.9900016784668,188800,0.0,0.0
2026-02-11 00:00:00-05:00,48.06999969482422,48.560001373291016,46.869998931884766,46.90999984741211,340600,0.0,0.0
2026-02-12 00:00:00-05:00,46.970001220703125,47.40999984741211,44.85300064086914,45.52000045776367,369600,0.0,0.0
2026-02-13 00:00:00-05:00,46.0,46.349998474121094,45.5,45.93000030517578,218300,0.0,0.0
2026-02-17 00:00:00-05:00,46.189998626708984,46.2599983215332,45.20000076293945,46.04999923706055,286600,0.0,0.0
2026-02-18 00:00:00-05:00,45.970001220703125,46.560001373291016,45.948001861572266,46.2599983215332,205300,0.0,0.0
2026-02-19 00:00:00-05:00,46.310001373291016,46.520999908447266,45.75,46.36000061035156,222600,0.0,0.0
2026-02-20 00:00:00-05:00,46.36000061035156,46.65999984741211,44.900001525878906,45.709999084472656,457200,0.0,0.0
2026-02-23 00:00:00-05:00,45.779998779296875,46.349998474121094,45.33000183105469,46.15999984741211,314600,0.0,0.0
2026-02-24 00:00:00-05:00,47.599998474121094,51.150001525878906,47.45000076293945,51.099998474121094,747400,0.0,0.0
2026-02-25 00:00:00-05:00,51.5099983215332,52.81999969482422,50.83000183105469,52.79999923706055,604600,0.0,0.0
2026-02-26 00:00:00-05:00,53.0099983215332,54.709999084472656,52.790000915527344,54.619998931884766,539900,0.0,0.0
2026-02-27 00:00:00-05:00,54.2599983215332,54.619998931884766,52.63999938964844,52.959999084472656,396700,0.0,0.0
2026-03-02 00:00:00-05:00,52.38999938964844,53.89500045776367,51.79999923706055,53.68000030517578,367700,0.0,0.0
2026-03-03 00:00:00-05:00,52.869998931884766,54.34000015258789,52.349998474121094,53.61000061035156,411300,0.0,0.0
2026-03-04 00:00:00-05:00,54.34000015258789,56.84000015258789,54.0,56.65999984741211,442100,0.0,0.0
2026-03-05 00:00:00-05:00,56.2400016784668,56.4900016784668,54.60499954223633,55.060001373291016,337000,0.0,0.0
2026-03-06 00:00:00-05:00,54.34000015258789,55.08000183105469,53.595001220703125,54.369998931884766,252500,0.0,0.0
2026-03-09 00:00:00-04:00,53.25,54.83000183105469,52.2599983215332,54.540000915527344,304500,0.0,0.0
2026-03-10 00:00:00-04:00,54.380001068115234,55.0,53.41999816894531,53.56999969482422,226800,0.0,0.0
2026-03-11 00:00:00-04:00,53.47999954223633,53.9900016784668,53.0,53.720001220703125,191600,0.0,0.0
2026-03-12 00:00:00-04:00,53.2599983215332,53.9900016784668,52.77000045776367,53.119998931884766,268100,0.0,0.0
2026-03-13 00:00:00-04:00,53.91999816894531,54.0,52.380001068115234,52.65999984741211,211000,0.0,0.0
2026-03-16 00:00:00-04:00,53.20000076293945,54.02000045776367,51.220001220703125,51.880001068115234,286700,0.0,0.0
2026-03-17 00:00:00-04:00,52.77000045776367,53.43000030517578,52.400001525878906,53.20000076293945,313500,0.0,0.0
2026-03-18 00:00:00-04:00,52.97999954223633,54.09000015258789,52.744998931884766,53.540000915527344,266471,0.0,0.0
