Date,Open,High,Low,Close,Volume,Dividends,Stock Splits
2022-01-04 00:00:00-05:00,9.550000190734863,9.789999961853027,9.220000267028809,9.5600004196167,100000,0.0,0.0
2022-01-05 00:00:00-05:00,9.59000015258789,10.199999809265137,9.279999732971191,9.489999771118164,95500,0.0,0.0
2022-01-06 00:00:00-05:00,9.520000457763672,9.520000457763672,9.010000228881836,9.289999961853027,19500,0.0,0.0
2022-01-07 00:00:00-05:00,9.279999732971191,9.5,9.020000457763672,9.479999542236328,23900,0.0,0.0
2022-01-10 00:00:00-05:00,9.510000228881836,9.510000228881836,8.930000305175781,9.329999923706055,46000,0.0,0.0
2022-01-11 00:00:00-05:00,9.399999618530273,9.800000190734863,9.25,9.75,50500,0.0,0.0
2022-01-12 00:00:00-05:00,9.800000190734863,10.25,9.770000457763672,10.170000076293945,84500,0.0,0.0
2022-01-13 00:00:00-05:00,10.199999809265137,10.600000381469727,10.079999923706055,10.149999618530273,84700,0.0,0.0
2022-01-14 00:00:00-05:00,10.029999732971191,10.5,10.0,10.470000267028809,54600,0.0,0.0
2022-01-17 00:00:00-05:00,10.600000381469727,10.880000114440918,10.399999618530273,10.720000267028809,31400,0.0,0.0
2022-01-18 00:00:00-05:00,10.75,10.890000343322754,10.380000114440918,10.779999732971191,52800,0.0,0.0
2022-01-19 00:00:00-05:00,10.829999923706055,10.829999923706055,10.210000038146973,10.550000190734863,44100,0.0,0.0
2022-01-20 00:00:00-05:00,10.539999961853027,10.649999618530273,10.15999984741211,10.239999771118164,30400,0.0,0.0
2022-01-21 00:00:00-05:00,9.6899995803833,9.890000343322754,9.010000228881836,9.489999771118164,94200,0.0,0.0
2022-01-24 00:00:00-05:00,9.0600004196167,9.069999694824219,7.940000057220459,8.869999885559082,181600,0.0,0.0
2022-01-25 00:00:00-05:00,8.84000015258789,9.130000114440918,8.529999732971191,8.829999923706055,33900,0.0,0.0
2022-01-26 00:00:00-05:00,9.020000457763672,9.119999885559082,8.8100004196167,8.899999618530273,73200,0.0,0.0
2022-01-27 00:00:00-05:00,9.15999984741211,9.15999984741211,8.149999618530273,8.210000038146973,101800,0.0,0.0
2022-01-28 00:00:00-05:00,8.15999984741211,8.390000343322754,8.010000228881836,8.3100004196167,26800,0.0,0.0
2022-01-31 00:00:00-05:00,8.489999771118164,9.050000190734863,8.390000343322754,8.880000114440918,48100,0.0,0.0
2022-02-01 00:00:00-05:00,8.970000267028809,9.460000038146973,8.930000305175781,9.34000015258789,40700,0.0,0.0
2022-02-02 00:00:00-05:00,9.479999542236328,9.65999984741211,9.170000076293945,9.359999656677246,41900,0.0,0.0
2022-02-03 00:00:00-05:00,9.300000190734863,9.5,8.850000381469727,8.859999656677246,56400,0.0,0.0
2022-02-04 00:00:00-05:00,8.90999984741211,9.15999984741211,8.90999984741211,8.979999542236328,26000,0.0,0.0
2022-02-07 00:00:00-05:00,9.039999961853027,9.109999656677246,8.800000190734863,8.880000114440918,30700,0.0,0.0
2022-02-08 00:00:00-05:00,8.890000343322754,9.15999984741211,8.850000381469727,9.039999961853027,17600,0.0,0.0
2022-02-09 00:00:00-05:00,9.0,9.199999809265137,8.800000190734863,8.90999984741211,50900,0.0,0.0
2022-02-10 00:00:00-05:00,9.149999618530273,9.84000015258789,9.050000190734863,9.539999961853027,104000,0.0,0.0
2022-02-11 00:00:00-05:00,9.779999732971191,9.84000015258789,9.239999771118164,9.489999771118164,44300,0.0,0.0
2022-02-14 00:00:00-05:00,9.699999809265137,9.699999809265137,8.90999984741211,9.069999694824219,55300,0.0,0.0
2022-02-15 00:00:00-05:00,9.34000015258789,9.789999961853027,9.199999809265137,9.619999885559082,50800,0.0,0.0
2022-02-16 00:00:00-05:00,9.680000305175781,9.680000305175781,9.399999618530273,9.520000457763672,17400,0.0,0.0
2022-02-17 00:00:00-05:00,9.40999984741211,9.529999732971191,9.149999618530273,9.390000343322754,24000,0.0,0.0
2022-02-18 00:00:00-05:00,9.40999984741211,9.420000076293945,9.0,9.289999961853027,40200,0.0,0.0
2022-02-22 00:00:00-05:00,8.90999984741211,9.199999809265137,8.510000228881836,8.729999542236328,80300,0.0,0.0
2022-02-23 00:00:00-05:00,8.989999771118164,9.0,8.539999961853027,8.619999885559082,36900,0.0,0.0
2022-02-24 00:00:00-05:00,8.420000076293945,8.449999809265137,8.100000381469727,8.359999656677246,65900,0.0,0.0
2022-02-25 00:00:00-05:00,8.399999618530273,9.260000228881836,8.399999618530273,8.850000381469727,54200,0.0,0.0
2022-02-28 00:00:00-05:00,8.979999542236328,9.0,8.739999771118164,8.75,17700,0.0,0.0
2022-03-01 00:00:00-05:00,8.600000381469727,9.180000305175781,8.600000381469727,9.180000305175781,21500,0.0,0.0
2022-03-02 00:00:00-05:00,9.1899995803833,9.1899995803833,8.899999618530273,8.899999618530273,16500,0.0,0.0
2022-03-03 00:00:00-05:00,9.010000228881836,9.020000457763672,8.760000228881836,8.930000305175781,8400,0.0,0.0
2022-03-04 00:00:00-05:00,8.859999656677246,9.039999961853027,8.8100004196167,9.039999961853027,31100,0.0,0.0
2022-03-07 00:00:00-05:00,9.050000190734863,9.119999885559082,8.180000305175781,8.180000305175781,61800,0.0,0.0
2022-03-08 00:00:00-05:00,8.470000267028809,9.050000190734863,8.289999961853027,8.550000190734863,31700,0.0,0.0
2022-03-09 00:00:00-05:00,8.65999984741211,8.710000038146973,8.550000190734863,8.609999656677246,25600,0.0,0.0
2022-03-10 00:00:00-05:00,8.579999923706055,8.75,8.279999732971191,8.5600004196167,66500,0.0,0.0
2022-03-11 00:00:00-05:00,8.640000343322754,8.649999618530273,8.399999618530273,8.489999771118164,33800,0.0,0.0
2022-03-14 00:00:00-04:00,8.670000076293945,8.670000076293945,8.039999961853027,8.149999618530273,89000,0.0,0.0
2022-03-15 00:00:00-04:00,8.34000015258789,8.510000228881836,8.199999809265137,8.329999923706055,16300,0.0,0.0
2022-03-16 00:00:00-04:00,8.430000305175781,8.630000114440918,8.149999618530273,8.239999771118164,107500,0.0,0.0
2022-03-17 00:00:00-04:00,8.350000381469727,8.420000076293945,8.069999694824219,8.069999694824219,52100,0.0,0.0
2022-03-18 00:00:00-04:00,8.119999885559082,8.710000038146973,8.119999885559082,8.529999732971191,63600,0.0,0.0
2022-03-21 00:00:00-04:00,8.550000190734863,8.699999809265137,8.369999885559082,8.539999961853027,35300,0.0,0.0
2022-03-22 00:00:00-04:00,8.649999618530273,8.6899995803833,8.5,8.539999961853027,25000,0.0,0.0
2022-03-23 00:00:00-04:00,8.59000015258789,8.720000267028809,8.510000228881836,8.59000015258789,22700,0.0,0.0
2022-03-24 00:00:00-04:00,8.680000305175781,8.760000228881836,8.40999984741211,8.649999618530273,76600,0.0,0.0
2022-03-25 00:00:00-04:00,8.550000190734863,8.760000228881836,8.170000076293945,8.199999809265137,134700,0.0,0.0
2022-03-28 00:00:00-04:00,8.260000228881836,8.470000267028809,8.09000015258789,8.380000114440918,56100,0.0,0.0
2022-03-29 00:00:00-04:00,8.319999694824219,8.539999961853027,8.229999542236328,8.380000114440918,34600,0.0,0.0
2022-03-30 00:00:00-04:00,8.359999656677246,8.6899995803833,8.25,8.630000114440918,67900,0.0,0.0
2022-03-31 00:00:00-04:00,8.699999809265137,8.949999809265137,8.550000190734863,8.619999885559082,103800,0.0,0.0
2022-04-01 00:00:00-04:00,8.800000190734863,8.949999809265137,8.510000228881836,8.880000114440918,58700,0.0,0.0
2022-04-04 00:00:00-04:00,9.0,9.039999961853027,8.369999885559082,8.600000381469727,108900,0.0,0.0
2022-04-05 00:00:00-04:00,8.670000076293945,8.710000038146973,8.119999885559082,8.3100004196167,168500,0.0,0.0
2022-04-06 00:00:00-04:00,8.270000457763672,8.449999809265137,8.069999694824219,8.229999542236328,45600,0.0,0.0
2022-04-07 00:00:00-04:00,8.300000190734863,8.449999809265137,8.0,8.050000190734863,101100,0.0,0.0
2022-04-08 00:00:00-04:00,8.09000015258789,8.180000305175781,7.840000152587891,8.029999732971191,124800,0.0,0.0
2022-04-11 00:00:00-04:00,8.029999732971191,8.050000190734863,7.860000133514404,7.949999809265137,59700,0.0,0.0
2022-04-12 00:00:00-04:00,8.140000343322754,8.140000343322754,7.744999885559082,7.880000114440918,65200,0.0,0.0
2022-04-13 00:00:00-04:00,7.960000038146973,8.25,7.949999809265137,8.0,28800,0.0,0.0
2022-04-14 00:00:00-04:00,8.380000114440918,8.380000114440918,7.800000190734863,8.100000381469727,50900,0.0,0.0
2022-04-18 00:00:00-04:00,8.180000305175781,8.180000305175781,7.800000190734863,8.0,68800,0.0,0.0
2022-04-19 00:00:00-04:00,7.929999828338623,8.199999809265137,7.909999847412109,7.949999809265137,53200,0.0,0.0
2022-04-20 00:00:00-04:00,7.960000038146973,8.359999656677246,7.849999904632568,8.329999923706055,79000,0.0,0.0
2022-04-21 00:00:00-04:00,8.350000381469727,8.350000381469727,7.880000114440918,7.989999771118164,89800,0.0,0.0
2022-04-22 00:00:00-04:00,7.989999771118164,8.229999542236328,7.849999904632568,8.020000457763672,56100,0.0,0.0
2022-04-25 00:00:00-04:00,7.920000076293945,8.0,7.630000114440918,7.860000133514404,114800,0.0,0.0
2022-04-26 00:00:00-04:00,7.960000038146973,8.029999732971191,7.449999809265137,7.559999942779541,82300,0.0,0.0
2022-04-27 00:00:00-04:00,7.579999923706055,7.78000020980835,7.579999923706055,7.760000228881836,103000,0.0,0.0
2022-04-28 00:00:00-04:00,7.920000076293945,8.010000228881836,7.699999809265137,7.840000152587891,18600,0.0,0.0
2022-04-29 00:00:00-04:00,7.75,7.96999979019165,7.75,7.800000190734863,49100,0.0,0.0
2022-05-02 00:00:00-04:00,7.690000057220459,7.900000095367432,7.690000057220459,7.809999942779541,13000,0.0,0.0
2022-05-03 00:00:00-04:00,7.860000133514404,7.920000076293945,7.789999961853027,7.840000152587891,6600,0.0,0.0
2022-05-04 00:00:00-04:00,7.880000114440918,8.180000305175781,7.75,7.920000076293945,54000,0.0,0.0
2022-05-05 00:00:00-04:00,7.949999809265137,8.260000228881836,7.730000019073486,7.800000190734863,48100,0.0,0.0
2022-05-06 00:00:00-04:00,7.809999942779541,8.0600004196167,7.579999923706055,7.639999866485596,80400,0.0,0.0
2022-05-09 00:00:00-04:00,7.630000114440918,7.630000114440918,6.960000038146973,7.070000171661377,60500,0.0,0.0
2022-05-10 00:00:00-04:00,7.309999942779541,7.369999885559082,6.869999885559082,7.130000114440918,81500,0.0,0.0
2022-05-11 00:00:00-04:00,7.139999866485596,7.150000095367432,6.610000133514404,6.869999885559082,47000,0.0,0.0
2022-05-12 00:00:00-04:00,6.809999942779541,6.809999942779541,6.46999979019165,6.699999809265137,40000,0.0,0.0
2022-05-13 00:00:00-04:00,6.949999809265137,6.949999809265137,6.400000095367432,6.480000019073486,53800,0.0,0.0
2022-05-16 00:00:00-04:00,6.849999904632568,6.920000076293945,6.460000038146973,6.739999771118164,50700,0.0,0.0
2022-05-17 00:00:00-04:00,7.070000171661377,7.5,6.989999771118164,7.409999847412109,109600,0.0,0.0
2022-05-18 00:00:00-04:00,7.420000076293945,7.46999979019165,7.070000171661377,7.119999885559082,16300,0.0,0.0
2022-05-19 00:00:00-04:00,7.099999904632568,7.5,7.090000152587891,7.489999771118164,17900,0.0,0.0
2022-05-20 00:00:00-04:00,7.489999771118164,7.5,6.949999809265137,7.25,36800,0.0,0.0
2022-05-24 00:00:00-04:00,6.989999771118164,6.989999771118164,6.559999942779541,6.800000190734863,38400,0.0,0.0
2022-05-25 00:00:00-04:00,6.849999904632568,6.929999828338623,6.699999809265137,6.75,6600,0.0,0.0
2022-05-26 00:00:00-04:00,7.010000228881836,7.039999961853027,6.789999961853027,6.900000095367432,16200,0.0,0.0
2022-05-27 00:00:00-04:00,6.920000076293945,7.099999904632568,6.800000190734863,7.099999904632568,66500,0.0,0.0
2022-05-30 00:00:00-04:00,7.110000133514404,7.329999923706055,7.110000133514404,7.21999979019165,17400,0.0,0.0
2022-05-31 00:00:00-04:00,7.300000190734863,7.300000190734863,6.920000076293945,6.949999809265137,33400,0.0,0.0
2022-06-01 00:00:00-04:00,7.0,7.099999904632568,6.820000171661377,6.869999885559082,22300,0.0,0.0
2022-06-02 00:00:00-04:00,6.860000133514404,7.050000190734863,6.860000133514404,6.869999885559082,24600,0.0,0.0
2022-06-03 00:00:00-04:00,6.869999885559082,6.920000076293945,6.659999847412109,6.71999979019165,35800,0.0,0.0
2022-06-06 00:00:00-04:00,6.829999923706055,6.929999828338623,6.730000019073486,6.880000114440918,12700,0.0,0.0
2022-06-07 00:00:00-04:00,7.010000228881836,7.110000133514404,6.900000095367432,6.989999771118164,21300,0.0,0.0
2022-06-08 00:00:00-04:00,6.900000095367432,7.070000171661377,6.889999866485596,7.070000171661377,14600,0.0,0.0
2022-06-09 00:00:00-04:00,7.190000057220459,7.369999885559082,6.949999809265137,7.369999885559082,22000,0.0,0.0
2022-06-10 00:00:00-04:00,7.420000076293945,7.619999885559082,7.070000171661377,7.590000152587891,80800,0.0,0.0
2022-06-13 00:00:00-04:00,7.429999828338623,7.449999809265137,6.829999923706055,7.179999828338623,43600,0.0,0.0
2022-06-14 00:00:00-04:00,7.059999942779541,7.400000095367432,6.599999904632568,6.849999904632568,59000,0.0,0.0
2022-06-15 00:00:00-04:00,6.880000114440918,6.920000076293945,6.650000095367432,6.820000171661377,16900,0.0,0.0
2022-06-16 00:00:00-04:00,6.579999923706055,6.75,6.510000228881836,6.710000038146973,21700,0.0,0.0
2022-06-17 00:00:00-04:00,6.880000114440918,6.880000114440918,6.53000020980835,6.53000020980835,23000,0.0,0.0
2022-06-20 00:00:00-04:00,6.539999961853027,6.699999809265137,6.539999961853027,6.699999809265137,1400,0.0,0.0
2022-06-21 00:00:00-04:00,6.929999828338623,7.019999980926514,6.769999980926514,6.78000020980835,21400,0.0,0.0
2022-06-22 00:00:00-04:00,6.599999904632568,6.75,6.480000019073486,6.53000020980835,28500,0.0,0.0
2022-06-23 00:00:00-04:00,6.590000152587891,6.619999885559082,6.25,6.429999828338623,47500,0.0,0.0
2022-06-24 00:00:00-04:00,6.380000114440918,6.679999828338623,6.050000190734863,6.070000171661377,57400,0.0,0.0
2022-06-27 00:00:00-04:00,6.21999979019165,6.980000019073486,6.21999979019165,6.699999809265137,26700,0.0,0.0
2022-06-28 00:00:00-04:00,6.880000114440918,6.960000038146973,6.5,6.800000190734863,18400,0.0,0.0
2022-06-29 00:00:00-04:00,6.75,6.929999828338623,6.28000020980835,6.320000171661377,45900,0.0,0.0
2022-06-30 00:00:00-04:00,6.639999866485596,6.639999866485596,6.150000095367432,6.210000038146973,22200,0.0,0.0
2022-07-04 00:00:00-04:00,6.21999979019165,6.449999809265137,6.21999979019165,6.449999809265137,11500,0.0,0.0
2022-07-05 00:00:00-04:00,6.460000038146973,7.050000190734863,6.389999866485596,6.590000152587891,42800,0.0,0.0
2022-07-06 00:00:00-04:00,6.590000152587891,6.860000133514404,6.199999809265137,6.199999809265137,23700,0.0,0.0
2022-07-07 00:00:00-04:00,6.670000076293945,6.670000076293945,6.199999809265137,6.389999866485596,42200,0.0,0.0
2022-07-08 00:00:00-04:00,6.5,6.5,6.150000095367432,6.190000057220459,40900,0.0,0.0
2022-07-11 00:00:00-04:00,6.21999979019165,6.21999979019165,5.579999923706055,5.670000076293945,40600,0.0,0.0
2022-07-12 00:00:00-04:00,5.690000057220459,5.769999980926514,5.099999904632568,5.190000057220459,67200,0.0,0.0
2022-07-13 00:00:00-04:00,5.260000228881836,5.389999866485596,5.099999904632568,5.210000038146973,22000,0.0,0.0
2022-07-14 00:00:00-04:00,5.269999980926514,5.269999980926514,4.949999809265137,5.110000133514404,47000,0.0,0.0
2022-07-15 00:00:00-04:00,5.010000228881836,5.099999904632568,4.730000019073486,4.940000057220459,37500,0.0,0.0
2022-07-18 00:00:00-04:00,4.960000038146973,5.150000095367432,4.909999847412109,5.099999904632568,10300,0.0,0.0
2022-07-19 00:00:00-04:00,5.230000019073486,5.599999904632568,5.190000057220459,5.599999904632568,42100,0.0,0.0
2022-07-20 00:00:00-04:00,5.5,5.659999847412109,5.329999923706055,5.46999979019165,79400,0.0,0.0
2022-07-21 00:00:00-04:00,5.460000038146973,5.460000038146973,5.179999828338623,5.340000152587891,41600,0.0,0.0
2022-07-22 00:00:00-04:00,5.510000228881836,5.510000228881836,4.909999847412109,4.909999847412109,34900,0.0,0.0
2022-07-25 00:00:00-04:00,4.929999828338623,4.929999828338623,4.590000152587891,4.739999771118164,47900,0.0,0.0
2022-07-26 00:00:00-04:00,4.75,4.880000114440918,4.360000133514404,4.420000076293945,45700,0.0,0.0
2022-07-27 00:00:00-04:00,4.429999828338623,5.090000152587891,4.429999828338623,5.090000152587891,20700,0.0,0.0
2022-07-28 00:00:00-04:00,5.050000190734863,5.179999828338623,4.989999771118164,5.170000076293945,45500,0.0,0.0
2022-07-29 00:00:00-04:00,5.239999771118164,6.099999904632568,5.239999771118164,6.050000190734863,90200,0.0,0.0
2022-08-02 00:00:00-04:00,6.099999904632568,6.28000020980835,5.679999828338623,5.880000114440918,57700,0.0,0.0
2022-08-03 00:00:00-04:00,5.929999828338623,6.75,5.880000114440918,6.75,78300,0.0,0.0
2022-08-04 00:00:00-04:00,6.75,6.920000076293945,6.349999904632568,6.400000095367432,19300,0.0,0.0
2022-08-05 00:00:00-04:00,6.389999866485596,6.46999979019165,6.199999809265137,6.340000152587891,9500,0.0,0.0
2022-08-08 00:00:00-04:00,6.28000020980835,6.900000095367432,6.28000020980835,6.789999961853027,30000,0.0,0.0
2022-08-09 00:00:00-04:00,6.789999961853027,6.949999809265137,6.650000095367432,6.840000152587891,21500,0.0,0.0
2022-08-10 00:00:00-04:00,6.980000019073486,7.260000228881836,6.480000019073486,6.480000019073486,160000,0.0,0.0
2022-08-11 00:00:00-04:00,6.510000228881836,6.900000095367432,6.449999809265137,6.610000133514404,83300,0.0,0.0
2022-08-12 00:00:00-04:00,6.699999809265137,7.119999885559082,6.380000114440918,7.099999904632568,37200,0.0,0.0
2022-08-15 00:00:00-04:00,7.010000228881836,7.199999809265137,7.010000228881836,7.099999904632568,17800,0.0,0.0
2022-08-16 00:00:00-04:00,7.139999866485596,7.380000114440918,7.139999866485596,7.349999904632568,16400,0.0,0.0
2022-08-17 00:00:00-04:00,7.349999904632568,7.349999904632568,6.96999979019165,7.199999809265137,17500,0.0,0.0
2022-08-18 00:00:00-04:00,7.340000152587891,8.149999618530273,7.289999961853027,8.039999961853027,54900,0.0,0.0
2022-08-19 00:00:00-04:00,8.0600004196167,8.100000381469727,7.679999828338623,8.100000381469727,25300,0.0,0.0
2022-08-22 00:00:00-04:00,8.0,8.0,7.579999923706055,7.75,32700,0.0,0.0
2022-08-23 00:00:00-04:00,7.789999961853027,8.039999961853027,7.610000133514404,8.020000457763672,31700,0.0,0.0
2022-08-24 00:00:00-04:00,8.100000381469727,8.199999809265137,7.960000038146973,8.079999923706055,35000,0.0,0.0
2022-08-25 00:00:00-04:00,8.3100004196167,8.3100004196167,7.940000057220459,8.100000381469727,37500,0.0,0.0
2022-08-26 00:00:00-04:00,8.050000190734863,8.050000190734863,7.670000076293945,7.760000228881836,16900,0.0,0.0
2022-08-29 00:00:00-04:00,7.389999866485596,7.760000228881836,7.28000020980835,7.630000114440918,40000,0.0,0.0
2022-08-30 00:00:00-04:00,7.820000171661377,7.820000171661377,7.360000133514404,7.489999771118164,17800,0.0,0.0
2022-08-31 00:00:00-04:00,7.599999904632568,7.710000038146973,7.5,7.650000095367432,6200,0.0,0.0
2022-09-01 00:00:00-04:00,7.639999866485596,9.0,7.070000171661377,7.960000038146973,155000,0.0,0.0
2022-09-02 00:00:00-04:00,8.220000267028809,8.300000190734863,7.769999980926514,7.829999923706055,42600,0.0,0.0
2022-09-06 00:00:00-04:00,7.900000095367432,8.100000381469727,7.809999942779541,7.940000057220459,37600,0.0,0.0
2022-09-07 00:00:00-04:00,7.909999847412109,8.1899995803833,7.809999942779541,8.100000381469727,31900,0.0,0.0
2022-09-08 00:00:00-04:00,8.010000228881836,8.710000038146973,8.010000228881836,8.539999961853027,138500,0.0,0.0
2022-09-09 00:00:00-04:00,8.5600004196167,8.899999618530273,8.430000305175781,8.550000190734863,35400,0.0,0.0
2022-09-12 00:00:00-04:00,8.609999656677246,8.869999885559082,8.5600004196167,8.800000190734863,20400,0.0,0.0
2022-09-13 00:00:00-04:00,8.75,9.0,8.59000015258789,8.850000381469727,45700,0.0,0.0
2022-09-14 00:00:00-04:00,8.979999542236328,8.979999542236328,8.100000381469727,8.449999809265137,80600,0.0,0.0
2022-09-15 00:00:00-04:00,8.579999923706055,8.579999923706055,7.880000114440918,8.069999694824219,79400,0.0,0.0
2022-09-16 00:00:00-04:00,8.0,8.0,7.449999809265137,7.769999980926514,29800,0.0,0.0
2022-09-19 00:00:00-04:00,7.46999979019165,7.46999979019165,7.010000228881836,7.269999980926514,56000,0.0,0.0
2022-09-20 00:00:00-04:00,7.239999771118164,7.300000190734863,6.849999904632568,6.849999904632568,32100,0.0,0.0
2022-09-21 00:00:00-04:00,7.090000152587891,7.679999828338623,6.889999866485596,7.619999885559082,23000,0.0,0.0
2022-09-22 00:00:00-04:00,7.610000133514404,7.610000133514404,7.269999980926514,7.420000076293945,7000,0.0,0.0
2022-09-23 00:00:00-04:00,7.230000019073486,7.230000019073486,6.909999847412109,7.210000038146973,16400,0.0,0.0
2022-09-26 00:00:00-04:00,7.170000076293945,7.260000228881836,6.96999979019165,7.039999961853027,8300,0.0,0.0
2022-09-27 00:00:00-04:00,7.320000171661377,7.449999809265137,7.210000038146973,7.210000038146973,13000,0.0,0.0
2022-09-28 00:00:00-04:00,7.25,7.400000095367432,7.139999866485596,7.25,16700,0.0,0.0
2022-09-29 00:00:00-04:00,7.010000228881836,7.449999809265137,6.909999847412109,7.380000114440918,42500,0.0,0.0
2022-09-30 00:00:00-04:00,7.420000076293945,7.449999809265137,7.320000171661377,7.449999809265137,20400,0.0,0.0
2022-10-03 00:00:00-04:00,7.539999961853027,7.599999904632568,7.449999809265137,7.480000019073486,10600,0.0,0.0
2022-10-04 00:00:00-04:00,7.699999809265137,7.849999904632568,7.550000190734863,7.579999923706055,16600,0.0,0.0
2022-10-05 00:00:00-04:00,7.400000095367432,7.650000095367432,7.400000095367432,7.639999866485596,6300,0.0,0.0
2022-10-06 00:00:00-04:00,7.400000095367432,7.659999847412109,7.400000095367432,7.539999961853027,23500,0.0,0.0
2022-10-07 00:00:00-04:00,7.309999942779541,7.590000152587891,7.309999942779541,7.559999942779541,7000,0.0,0.0
2022-10-11 00:00:00-04:00,7.590000152587891,7.670000076293945,7.340000152587891,7.619999885559082,8800,0.0,0.0
2022-10-12 00:00:00-04:00,7.690000057220459,7.690000057220459,7.320000171661377,7.449999809265137,6600,0.0,0.0
2022-10-13 00:00:00-04:00,7.409999847412109,7.679999828338623,7.289999961853027,7.679999828338623,24000,0.0,0.0
2022-10-14 00:00:00-04:00,7.599999904632568,7.599999904632568,7.369999885559082,7.369999885559082,1900,0.0,0.0
2022-10-17 00:00:00-04:00,7.5,7.5,6.849999904632568,6.96999979019165,20500,0.0,0.0
2022-10-18 00:00:00-04:00,7.389999866485596,7.389999866485596,6.5,6.579999923706055,33300,0.0,0.0
2022-10-19 00:00:00-04:00,6.590000152587891,6.900000095367432,6.579999923706055,6.829999923706055,8000,0.0,0.0
2022-10-20 00:00:00-04:00,7.409999847412109,7.409999847412109,6.639999866485596,6.650000095367432,45000,0.0,0.0
2022-10-21 00:00:00-04:00,6.889999866485596,7.070000171661377,6.650000095367432,6.929999828338623,23700,0.0,0.0
2022-10-24 00:00:00-04:00,7.230000019073486,7.269999980926514,6.679999828338623,6.75,17800,0.0,0.0
2022-10-25 00:00:00-04:00,6.96999979019165,6.96999979019165,6.599999904632568,6.739999771118164,19400,0.0,0.0
2022-10-26 00:00:00-04:00,6.949999809265137,6.949999809265137,6.320000171661377,6.400000095367432,19900,0.0,0.0
2022-10-27 00:00:00-04:00,6.679999828338623,6.679999828338623,6.380000114440918,6.440000057220459,16000,0.0,0.0
2022-10-28 00:00:00-04:00,6.699999809265137,6.699999809265137,6.28000020980835,6.449999809265137,11200,0.0,0.0
2022-10-31 00:00:00-04:00,6.53000020980835,6.550000190734863,6.369999885559082,6.429999828338623,11600,0.0,0.0
2022-11-01 00:00:00-04:00,6.389999866485596,6.420000076293945,6.300000190734863,6.349999904632568,6700,0.0,0.0
2022-11-02 00:00:00-04:00,6.309999942779541,6.449999809265137,6.260000228881836,6.340000152587891,6400,0.0,0.0
2022-11-03 00:00:00-04:00,6.21999979019165,6.400000095367432,6.21999979019165,6.360000133514404,8500,0.0,0.0
2022-11-04 00:00:00-04:00,6.489999771118164,6.53000020980835,6.389999866485596,6.5,7900,0.0,0.0
2022-11-07 00:00:00-05:00,6.579999923706055,6.579999923706055,6.489999771118164,6.539999961853027,6800,0.0,0.0
2022-11-08 00:00:00-05:00,6.519999980926514,6.579999923706055,6.300000190734863,6.400000095367432,18200,0.0,0.0
2022-11-09 00:00:00-05:00,6.380000114440918,6.380000114440918,6.099999904632568,6.099999904632568,12700,0.0,0.0
2022-11-10 00:00:00-05:00,6.150000095367432,6.28000020980835,6.099999904632568,6.28000020980835,5800,0.0,0.0
2022-11-11 00:00:00-05:00,6.369999885559082,6.570000171661377,6.289999961853027,6.480000019073486,9200,0.0,0.0
2022-11-14 00:00:00-05:00,6.539999961853027,6.699999809265137,6.480000019073486,6.590000152587891,17300,0.0,0.0
2022-11-15 00:00:00-05:00,6.690000057220459,6.75,6.400000095367432,6.510000228881836,12200,0.0,0.0
2022-11-16 00:00:00-05:00,6.510000228881836,6.510000228881836,6.349999904632568,6.429999828338623,5000,0.0,0.0
2022-11-17 00:00:00-05:00,6.320000171661377,6.420000076293945,6.309999942779541,6.320000171661377,7100,0.0,0.0
2022-11-18 00:00:00-05:00,6.489999771118164,6.78000020980835,6.349999904632568,6.739999771118164,39400,0.0,0.0
2022-11-21 00:00:00-05:00,6.71999979019165,6.75,6.460000038146973,6.460000038146973,16000,0.0,0.0
2022-11-22 00:00:00-05:00,6.510000228881836,6.559999942779541,6.409999847412109,6.449999809265137,6200,0.0,0.0
2022-11-23 00:00:00-05:00,6.519999980926514,6.519999980926514,6.300000190734863,6.349999904632568,11500,0.0,0.0
2022-11-24 00:00:00-05:00,6.300000190734863,6.409999847412109,6.289999961853027,6.349999904632568,10000,0.0,0.0
2022-11-25 00:00:00-05:00,6.349999904632568,6.349999904632568,6.199999809265137,6.340000152587891,20300,0.0,0.0
2022-11-28 00:00:00-05:00,6.130000114440918,6.349999904632568,6.099999904632568,6.170000076293945,17300,0.0,0.0
2022-11-29 00:00:00-05:00,6.289999961853027,6.289999961853027,6.150000095367432,6.150000095367432,7900,0.0,0.0
2022-11-30 00:00:00-05:00,6.159999847412109,6.349999904632568,6.159999847412109,6.320000171661377,10200,0.0,0.0
2022-12-01 00:00:00-05:00,6.320000171661377,6.489999771118164,6.320000171661377,6.420000076293945,9900,0.0,0.0
2022-12-02 00:00:00-05:00,6.340000152587891,6.559999942779541,6.340000152587891,6.510000228881836,14300,0.0,0.0
2022-12-05 00:00:00-05:00,6.429999828338623,6.429999828338623,6.289999961853027,6.329999923706055,8500,0.0,0.0
2022-12-06 00:00:00-05:00,6.28000020980835,6.289999961853027,6.179999828338623,6.199999809265137,15100,0.0,0.0
2022-12-07 00:00:00-05:00,6.199999809265137,6.289999961853027,6.119999885559082,6.230000019073486,10100,0.0,0.0
2022-12-08 00:00:00-05:00,6.199999809265137,6.289999961853027,6.190000057220459,6.230000019073486,31000,0.0,0.0
2022-12-09 00:00:00-05:00,6.159999847412109,6.269999980926514,6.159999847412109,6.25,28900,0.0,0.0
2022-12-12 00:00:00-05:00,6.269999980926514,6.309999942779541,6.099999904632568,6.099999904632568,38800,0.0,0.0
2022-12-13 00:00:00-05:00,6.179999828338623,6.289999961853027,6.099999904632568,6.119999885559082,31900,0.0,0.0
2022-12-14 00:00:00-05:00,6.170000076293945,6.21999979019165,6.119999885559082,6.130000114440918,22400,0.0,0.0
2022-12-15 00:00:00-05:00,6.130000114440918,6.159999847412109,6.099999904632568,6.130000114440918,20000,0.0,0.0
2022-12-16 00:00:00-05:00,6.119999885559082,6.119999885559082,6.0,6.039999961853027,23400,0.0,0.0
2022-12-19 00:00:00-05:00,6.0,6.0,5.659999847412109,5.699999809265137,38800,0.0,0.0
2022-12-20 00:00:00-05:00,5.699999809265137,5.809999942779541,5.650000095367432,5.679999828338623,15500,0.0,0.0
2022-12-21 00:00:00-05:00,5.679999828338623,5.820000171661377,5.5,5.510000228881836,45600,0.0,0.0
2022-12-22 00:00:00-05:00,5.5,5.5,4.960000038146973,5.110000133514404,52100,0.0,0.0
2022-12-23 00:00:00-05:00,5.25,5.300000190734863,5.110000133514404,5.199999809265137,17600,0.0,0.0
2022-12-28 00:00:00-05:00,5.099999904632568,5.119999885559082,4.809999942779541,4.949999809265137,70400,0.0,0.0
2022-12-29 00:00:00-05:00,4.909999847412109,5.25,4.909999847412109,5.190000057220459,93000,0.0,0.0
2022-12-30 00:00:00-05:00,5.199999809265137,5.21999979019165,5.159999847412109,5.159999847412109,20800,0.0,0.0
2023-01-03 00:00:00-05:00,5.170000076293945,5.320000171661377,5.170000076293945,5.260000228881836,23100,0.0,0.0
2023-01-04 00:00:00-05:00,5.289999961853027,5.989999771118164,5.28000020980835,5.980000019073486,46500,0.0,0.0
2023-01-05 00:00:00-05:00,6.050000190734863,6.090000152587891,5.949999809265137,6.03000020980835,24200,0.0,0.0
2023-01-06 00:00:00-05:00,6.110000133514404,6.389999866485596,6.099999904632568,6.329999923706055,25300,0.0,0.0
2023-01-09 00:00:00-05:00,6.340000152587891,6.650000095367432,6.329999923706055,6.349999904632568,48300,0.0,0.0
2023-01-10 00:00:00-05:00,6.349999904632568,6.679999828338623,6.349999904632568,6.650000095367432,28400,0.0,0.0
2023-01-11 00:00:00-05:00,6.769999980926514,6.989999771118164,6.739999771118164,6.760000228881836,60300,0.0,0.0
2023-01-12 00:00:00-05:00,6.78000020980835,6.909999847412109,6.78000020980835,6.860000133514404,30900,0.0,0.0
2023-01-13 00:00:00-05:00,6.800000190734863,6.929999828338623,6.800000190734863,6.880000114440918,18000,0.0,0.0
2023-01-16 00:00:00-05:00,6.929999828338623,6.929999828338623,6.739999771118164,6.78000020980835,12400,0.0,0.0
2023-01-17 00:00:00-05:00,6.760000228881836,6.960000038146973,6.760000228881836,6.900000095367432,24100,0.0,0.0
2023-01-18 00:00:00-05:00,6.900000095367432,6.960000038146973,6.639999866485596,6.789999961853027,31100,0.0,0.0
2023-01-19 00:00:00-05:00,6.840000152587891,6.840000152587891,6.360000133514404,6.440000057220459,21900,0.0,0.0
2023-01-20 00:00:00-05:00,6.480000019073486,6.554999828338623,6.409999847412109,6.5,20700,0.0,0.0
2023-01-23 00:00:00-05:00,6.5,6.599999904632568,6.480000019073486,6.53000020980835,18600,0.0,0.0
2023-01-24 00:00:00-05:00,6.519999980926514,6.579999923706055,6.349999904632568,6.519999980926514,27000,0.0,0.0
2023-01-25 00:00:00-05:00,6.5,6.599999904632568,6.400000095367432,6.550000190734863,37400,0.0,0.0
2023-01-26 00:00:00-05:00,6.599999904632568,6.739999771118164,6.599999904632568,6.71999979019165,31800,0.0,0.0
2023-01-27 00:00:00-05:00,6.679999828338623,6.769999980926514,6.550000190734863,6.570000171661377,21100,0.0,0.0
2023-01-30 00:00:00-05:00,6.519999980926514,6.579999923706055,6.429999828338623,6.440000057220459,22000,0.0,0.0
2023-01-31 00:00:00-05:00,6.420000076293945,6.619999885559082,6.380000114440918,6.5,26100,0.0,0.0
2023-02-01 00:00:00-05:00,6.539999961853027,6.539999961853027,6.420000076293945,6.429999828338623,32500,0.0,0.0
2023-02-02 00:00:00-05:00,6.449999809265137,7.429999828338623,6.449999809265137,7.25,61700,0.0,0.0
2023-02-03 00:00:00-05:00,7.389999866485596,7.550000190734863,7.070000171661377,7.070000171661377,42300,0.0,0.0
2023-02-06 00:00:00-05:00,7.099999904632568,7.5,7.070000171661377,7.440000057220459,28700,0.0,0.0
2023-02-07 00:00:00-05:00,7.409999847412109,7.550000190734863,7.25,7.25,38400,0.0,0.0
2023-02-08 00:00:00-05:00,7.300000190734863,8.0,7.300000190734863,7.71999979019165,69300,0.0,0.0
2023-02-09 00:00:00-05:00,7.900000095367432,8.0,7.420000076293945,7.449999809265137,69500,0.0,0.0
2023-02-10 00:00:00-05:00,7.460000038146973,7.610000133514404,7.239999771118164,7.489999771118164,54500,0.0,0.0
2023-02-13 00:00:00-05:00,7.590000152587891,7.639999866485596,7.460000038146973,7.5,66300,0.0,0.0
2023-02-14 00:00:00-05:00,7.5,7.789999961853027,7.5,7.699999809265137,95300,0.0,0.0
2023-02-15 00:00:00-05:00,7.699999809265137,7.699999809265137,7.039999961853027,7.050000190734863,58000,0.0,0.0
2023-02-16 00:00:00-05:00,7.190000057220459,7.449999809265137,7.190000057220459,7.449999809265137,58100,0.0,0.0
2023-02-17 00:00:00-05:00,7.46999979019165,7.46999979019165,7.179999828338623,7.239999771118164,36200,0.0,0.0
2023-02-21 00:00:00-05:00,7.360000133514404,7.480000019073486,7.260000228881836,7.480000019073486,25300,0.0,0.0
2023-02-22 00:00:00-05:00,7.559999942779541,7.559999942779541,7.28000020980835,7.460000038146973,15500,0.0,0.0
2023-02-23 00:00:00-05:00,7.5,7.599999904632568,7.369999885559082,7.5,90700,0.0,0.0
2023-02-24 00:00:00-05:00,7.579999923706055,7.579999923706055,7.119999885559082,7.239999771118164,32100,0.0,0.0
2023-02-27 00:00:00-05:00,7.369999885559082,7.570000171661377,7.199999809265137,7.360000133514404,34800,0.0,0.0
2023-02-28 00:00:00-05:00,7.5,7.570000171661377,7.190000057220459,7.380000114440918,19000,0.0,0.0
2023-03-01 00:00:00-05:00,7.449999809265137,7.739999771118164,7.440000057220459,7.449999809265137,43300,0.0,0.0
2023-03-02 00:00:00-05:00,7.710000038146973,7.710000038146973,7.360000133514404,7.409999847412109,18100,0.0,0.0
2023-03-03 00:00:00-05:00,7.579999923706055,7.650000095367432,7.409999847412109,7.409999847412109,21600,0.0,0.0
2023-03-06 00:00:00-05:00,7.5,7.550000190734863,7.420000076293945,7.53000020980835,22600,0.0,0.0
2023-03-07 00:00:00-05:00,7.53000020980835,7.599999904632568,7.46999979019165,7.590000152587891,10800,0.0,0.0
2023-03-08 00:00:00-05:00,7.579999923706055,7.820000171661377,7.579999923706055,7.739999771118164,32600,0.0,0.0
2023-03-09 00:00:00-05:00,7.820000171661377,7.849999904632568,7.5,7.519999980926514,32400,0.0,0.0
2023-03-10 00:00:00-05:00,7.5,7.559999942779541,7.360000133514404,7.360000133514404,34600,0.0,0.0
2023-03-13 00:00:00-04:00,7.300000190734863,7.300000190734863,6.900000095367432,7.039999961853027,63500,0.0,0.0
2023-03-14 00:00:00-04:00,7.300000190734863,7.300000190734863,7.059999942779541,7.090000152587891,40500,0.0,0.0
2023-03-15 00:00:00-04:00,7.090000152587891,7.179999828338623,6.889999866485596,6.940000057220459,41100,0.0,0.0
2023-03-16 00:00:00-04:00,6.809999942779541,7.019999980926514,6.630000114440918,6.849999904632568,61500,0.0,0.0
2023-03-17 00:00:00-04:00,6.880000114440918,6.920000076293945,6.650000095367432,6.670000076293945,39500,0.0,0.0
2023-03-20 00:00:00-04:00,6.670000076293945,6.699999809265137,6.309999942779541,6.320000171661377,45400,0.0,0.0
2023-03-21 00:00:00-04:00,6.329999923706055,6.800000190734863,6.329999923706055,6.789999961853027,23600,0.0,0.0
2023-03-22 00:00:00-04:00,6.690000057220459,6.800000190734863,6.650000095367432,6.650000095367432,13600,0.0,0.0
2023-03-23 00:00:00-04:00,6.650000095367432,6.71999979019165,6.130000114440918,6.380000114440918,41800,0.0,0.0
2023-03-24 00:00:00-04:00,6.440000057220459,6.440000057220459,6.110000133514404,6.210000038146973,25400,0.0,0.0
2023-03-27 00:00:00-04:00,6.389999866485596,6.389999866485596,6.150000095367432,6.179999828338623,17100,0.0,0.0
2023-03-28 00:00:00-04:00,6.179999828338623,6.489999771118164,6.179999828338623,6.320000171661377,22000,0.0,0.0
2023-03-29 00:00:00-04:00,6.349999904632568,6.489999771118164,6.349999904632568,6.489999771118164,19600,0.0,0.0
2023-03-30 00:00:00-04:00,6.5,7.090000152587891,6.46999979019165,7.0,57500,0.0,0.0
2023-03-31 00:00:00-04:00,7.0,7.139999866485596,6.800000190734863,6.920000076293945,30200,0.0,0.0
2023-04-03 00:00:00-04:00,7.25,7.25,6.860000133514404,6.860000133514404,26600,0.0,0.0
2023-04-04 00:00:00-04:00,6.960000038146973,6.960000038146973,6.71999979019165,6.789999961853027,17300,0.0,0.0
2023-04-05 00:00:00-04:00,6.789999961853027,6.800000190734863,6.519999980926514,6.650000095367432,11000,0.0,0.0
2023-04-06 00:00:00-04:00,6.599999904632568,6.690000057220459,6.539999961853027,6.599999904632568,16600,0.0,0.0
2023-04-10 00:00:00-04:00,6.590000152587891,6.619999885559082,6.5,6.570000171661377,12600,0.0,0.0
2023-04-11 00:00:00-04:00,6.570000171661377,6.800000190734863,6.550000190734863,6.800000190734863,10400,0.0,0.0
2023-04-12 00:00:00-04:00,6.099999904632568,6.130000114440918,5.710000038146973,5.940000057220459,137100,0.0,0.0
2023-04-13 00:00:00-04:00,6.0,6.0,5.820000171661377,5.900000095367432,43200,0.0,0.0
2023-04-14 00:00:00-04:00,5.949999809265137,5.949999809265137,5.71999979019165,5.789999961853027,48600,0.0,0.0
2023-04-17 00:00:00-04:00,5.789999961853027,5.789999961853027,5.400000095367432,5.460000038146973,89700,0.0,0.0
2023-04-18 00:00:00-04:00,5.489999771118164,5.619999885559082,5.489999771118164,5.610000133514404,31600,0.0,0.0
2023-04-19 00:00:00-04:00,5.650000095367432,5.849999904632568,5.559999942779541,5.849999904632568,43100,0.0,0.0
2023-04-20 00:00:00-04:00,5.769999980926514,5.96999979019165,5.760000228881836,5.829999923706055,32500,0.0,0.0
2023-04-21 00:00:00-04:00,5.849999904632568,5.849999904632568,5.570000171661377,5.599999904632568,48300,0.0,0.0
2023-04-24 00:00:00-04:00,5.710000038146973,5.710000038146973,5.349999904632568,5.550000190734863,48200,0.0,0.0
2023-04-25 00:00:00-04:00,5.650000095367432,5.650000095367432,5.320000171661377,5.420000076293945,26100,0.0,0.0
2023-04-26 00:00:00-04:00,5.5,5.5,5.329999923706055,5.420000076293945,22700,0.0,0.0
2023-04-27 00:00:00-04:00,5.659999847412109,5.659999847412109,5.429999828338623,5.53000020980835,18300,0.0,0.0
2023-04-28 00:00:00-04:00,5.53000020980835,5.53000020980835,5.400000095367432,5.409999847412109,14500,0.0,0.0
2023-05-01 00:00:00-04:00,5.409999847412109,5.440000057220459,5.179999828338623,5.239999771118164,57900,0.0,0.0
2023-05-02 00:00:00-04:00,5.25,5.25,5.019999980926514,5.170000076293945,35400,0.0,0.0
2023-05-03 00:00:00-04:00,5.150000095367432,5.269999980926514,5.090000152587891,5.21999979019165,16000,0.0,0.0
2023-05-04 00:00:00-04:00,5.0,5.0,4.599999904632568,4.619999885559082,172100,0.0,0.0
2023-05-05 00:00:00-04:00,4.869999885559082,4.980000019073486,4.739999771118164,4.900000095367432,83500,0.0,0.0
2023-05-08 00:00:00-04:00,5.0,5.0,4.730000019073486,4.789999961853027,52800,0.0,0.0
2023-05-09 00:00:00-04:00,4.869999885559082,4.980000019073486,4.710000038146973,4.949999809265137,28300,0.0,0.0
2023-05-10 00:00:00-04:00,5.0,5.119999885559082,4.920000076293945,5.090000152587891,38300,0.0,0.0
2023-05-11 00:00:00-04:00,5.019999980926514,5.050000190734863,4.599999904632568,4.599999904632568,46400,0.0,0.0
2023-05-12 00:00:00-04:00,4.929999828338623,4.929999828338623,4.659999847412109,4.769999980926514,18800,0.0,0.0
2023-05-15 00:00:00-04:00,4.820000171661377,4.980000019073486,4.809999942779541,4.929999828338623,11900,0.0,0.0
2023-05-16 00:00:00-04:00,4.929999828338623,4.929999828338623,4.789999961853027,4.889999866485596,21000,0.0,0.0
2023-05-17 00:00:00-04:00,4.889999866485596,4.920000076293945,4.690000057220459,4.769999980926514,23400,0.0,0.0
2023-05-18 00:00:00-04:00,4.800000190734863,4.800000190734863,4.510000228881836,4.599999904632568,71900,0.0,0.0
2023-05-19 00:00:00-04:00,4.519999980926514,4.590000152587891,4.349999904632568,4.5,53200,0.0,0.0
2023-05-23 00:00:00-04:00,4.5,4.590000152587891,4.380000114440918,4.539999961853027,51200,0.0,0.0
2023-05-24 00:00:00-04:00,4.409999847412109,4.409999847412109,4.239999771118164,4.300000190734863,72700,0.0,0.0
2023-05-25 00:00:00-04:00,4.269999980926514,4.304999828338623,4.119999885559082,4.199999809265137,29200,0.0,0.0
2023-05-26 00:00:00-04:00,4.380000114440918,4.380000114440918,4.150000095367432,4.28000020980835,18700,0.0,0.0
2023-05-29 00:00:00-04:00,4.400000095367432,4.804999828338623,4.389999866485596,4.760000228881836,64600,0.0,0.0
2023-05-30 00:00:00-04:00,4.789999961853027,4.789999961853027,4.25,4.309999942779541,91700,0.0,0.0
2023-05-31 00:00:00-04:00,4.28000020980835,4.335000038146973,4.150000095367432,4.159999847412109,37900,0.0,0.0
2023-06-01 00:00:00-04:00,4.159999847412109,4.25,4.119999885559082,4.190000057220459,26800,0.0,0.0
2023-06-02 00:00:00-04:00,4.300000190734863,4.349999904632568,4.199999809265137,4.210000038146973,74800,0.0,0.0
2023-06-05 00:00:00-04:00,4.329999923706055,4.349999904632568,4.170000076293945,4.269999980926514,30200,0.0,0.0
2023-06-06 00:00:00-04:00,4.449999809265137,4.590000152587891,4.360000133514404,4.429999828338623,34600,0.0,0.0
2023-06-07 00:00:00-04:00,4.550000190734863,4.610000133514404,4.480000019073486,4.489999771118164,48200,0.0,0.0
2023-06-08 00:00:00-04:00,4.389999866485596,4.420000076293945,4.289999961853027,4.369999885559082,50600,0.0,0.0
2023-06-09 00:00:00-04:00,4.449999809265137,4.449999809265137,4.329999923706055,4.369999885559082,24400,0.0,0.0
2023-06-12 00:00:00-04:00,4.420000076293945,4.510000228881836,4.340000152587891,4.440000057220459,45900,0.0,0.0
2023-06-13 00:00:00-04:00,4.590000152587891,4.590000152587891,4.309999942779541,4.340000152587891,24700,0.0,0.0
2023-06-14 00:00:00-04:00,4.329999923706055,4.460000038146973,4.309999942779541,4.309999942779541,26400,0.0,0.0
2023-06-15 00:00:00-04:00,4.340000152587891,4.429999828338623,4.159999847412109,4.360000133514404,70800,0.0,0.0
2023-06-16 00:00:00-04:00,4.409999847412109,4.409999847412109,4.28000020980835,4.349999904632568,12100,0.0,0.0
2023-06-19 00:00:00-04:00,4.369999885559082,4.599999904632568,4.329999923706055,4.389999866485596,40500,0.0,0.0
2023-06-20 00:00:00-04:00,4.5,4.5,4.260000228881836,4.300000190734863,34100,0.0,0.0
2023-06-21 00:00:00-04:00,4.320000171661377,4.329999923706055,4.190000057220459,4.239999771118164,21900,0.0,0.0
2023-06-22 00:00:00-04:00,4.300000190734863,4.300000190734863,4.130000114440918,4.130000114440918,30700,0.0,0.0
2023-06-23 00:00:00-04:00,4.239999771118164,4.239999771118164,3.9700000286102295,4.090000152587891,50600,0.0,0.0
2023-06-26 00:00:00-04:00,4.090000152587891,4.199999809265137,4.079999923706055,4.170000076293945,22400,0.0,0.0
2023-06-27 00:00:00-04:00,4.159999847412109,4.199999809265137,4.079999923706055,4.170000076293945,18000,0.0,0.0
2023-06-28 00:00:00-04:00,4.170000076293945,4.170000076293945,4.019999980926514,4.070000171661377,37000,0.0,0.0
2023-06-29 00:00:00-04:00,4.010000228881836,4.070000171661377,4.0,4.019999980926514,39400,0.0,0.0
2023-06-30 00:00:00-04:00,4.099999904632568,4.139999866485596,4.03000020980835,4.139999866485596,27100,0.0,0.0
2023-07-04 00:00:00-04:00,4.139999866485596,4.139999866485596,4.019999980926514,4.079999923706055,38900,0.0,0.0
2023-07-05 00:00:00-04:00,4.070000171661377,4.130000114440918,4.0,4.03000020980835,24900,0.0,0.0
2023-07-06 00:00:00-04:00,4.0,4.03000020980835,3.9200000762939453,3.990000009536743,43600,0.0,0.0
2023-07-07 00:00:00-04:00,4.039999961853027,4.050000190734863,3.930000066757202,3.9600000381469727,27700,0.0,0.0
2023-07-10 00:00:00-04:00,3.9600000381469727,4.03000020980835,3.950000047683716,4.019999980926514,37500,0.0,0.0
2023-07-11 00:00:00-04:00,4.019999980926514,4.079999923706055,3.950000047683716,3.990000009536743,27600,0.0,0.0
2023-07-12 00:00:00-04:00,3.990000009536743,4.090000152587891,3.9600000381469727,4.050000190734863,42400,0.0,0.0
2023-07-13 00:00:00-04:00,4.079999923706055,4.099999904632568,3.990000009536743,4.019999980926514,26400,0.0,0.0
2023-07-14 00:00:00-04:00,4.019999980926514,4.099999904632568,4.0,4.079999923706055,31300,0.0,0.0
2023-07-17 00:00:00-04:00,4.0,4.190000057220459,3.990000009536743,4.119999885559082,39300,0.0,0.0
2023-07-18 00:00:00-04:00,4.099999904632568,4.159999847412109,4.070000171661377,4.079999923706055,22800,0.0,0.0
2023-07-19 00:00:00-04:00,4.099999904632568,4.170000076293945,4.090000152587891,4.110000133514404,12200,0.0,0.0
2023-07-20 00:00:00-04:00,4.130000114440918,4.150000095367432,4.070000171661377,4.139999866485596,15600,0.0,0.0
2023-07-21 00:00:00-04:00,4.139999866485596,4.139999866485596,4.070000171661377,4.110000133514404,10100,0.0,0.0
2023-07-24 00:00:00-04:00,4.159999847412109,4.210000038146973,4.010000228881836,4.010000228881836,32000,0.0,0.0
2023-07-25 00:00:00-04:00,4.019999980926514,4.059999942779541,3.990000009536743,3.990000009536743,29600,0.0,0.0
2023-07-26 00:00:00-04:00,4.010000228881836,4.050000190734863,3.930000066757202,3.950000047683716,41600,0.0,0.0
2023-07-27 00:00:00-04:00,3.9100000858306885,3.930000066757202,3.759999990463257,3.819999933242798,57000,0.0,0.0
2023-07-28 00:00:00-04:00,3.75,3.819999933242798,3.5199999809265137,3.7100000381469727,90200,0.0,0.0
2023-07-31 00:00:00-04:00,3.700000047683716,3.8499999046325684,3.680000066757202,3.809999942779541,107600,0.0,0.0
2023-08-01 00:00:00-04:00,3.809999942779541,4.0,3.75,4.0,59600,0.0,0.0
2023-08-02 00:00:00-04:00,4.019999980926514,4.039999961853027,3.940000057220459,4.03000020980835,41800,0.0,0.0
2023-08-03 00:00:00-04:00,4.039999961853027,4.099999904632568,4.0,4.019999980926514,19300,0.0,0.0
2023-08-04 00:00:00-04:00,4.010000228881836,4.050000190734863,3.990000009536743,4.03000020980835,26000,0.0,0.0
2023-08-08 00:00:00-04:00,4.0,4.079999923706055,3.990000009536743,4.079999923706055,43300,0.0,0.0
2023-08-09 00:00:00-04:00,4.090000152587891,4.099999904632568,3.990000009536743,4.0,63400,0.0,0.0
2023-08-10 00:00:00-04:00,4.010000228881836,4.039999961853027,3.9800000190734863,3.990000009536743,24900,0.0,0.0
2023-08-11 00:00:00-04:00,4.010000228881836,4.059999942779541,3.9700000286102295,4.019999980926514,36600,0.0,0.0
2023-08-14 00:00:00-04:00,4.0,4.0,3.8499999046325684,3.9000000953674316,56700,0.0,0.0
2023-08-15 00:00:00-04:00,3.869999885559082,3.880000114440918,3.799999952316284,3.859999895095825,63800,0.0,0.0
2023-08-16 00:00:00-04:00,3.799999952316284,3.8399999141693115,3.799999952316284,3.799999952316284,49900,0.0,0.0
2023-08-17 00:00:00-04:00,3.880000114440918,3.930000066757202,3.6700000762939453,3.759999990463257,55900,0.0,0.0
2023-08-18 00:00:00-04:00,3.6500000953674316,3.7100000381469727,3.5999999046325684,3.640000104904175,36400,0.0,0.0
2023-08-21 00:00:00-04:00,3.640000104904175,3.6500000953674316,3.509999990463257,3.5199999809265137,26700,0.0,0.0
2023-08-22 00:00:00-04:00,3.559999942779541,3.559999942779541,3.4600000381469727,3.5,38800,0.0,0.0
2023-08-23 00:00:00-04:00,3.5799999237060547,3.740000009536743,3.509999990463257,3.6700000762939453,29200,0.0,0.0
2023-08-24 00:00:00-04:00,3.740000009536743,3.740000009536743,3.5399999618530273,3.549999952316284,33700,0.0,0.0
2023-08-25 00:00:00-04:00,3.549999952316284,3.5799999237060547,3.5,3.509999990463257,51200,0.0,0.0
2023-08-28 00:00:00-04:00,3.509999990463257,3.6500000953674316,3.509999990463257,3.6500000953674316,28600,0.0,0.0
2023-08-29 00:00:00-04:00,3.6600000858306885,3.940000057220459,3.6600000858306885,3.940000057220459,38000,0.0,0.0
2023-08-30 00:00:00-04:00,3.9100000858306885,4.070000171661377,3.9100000858306885,4.039999961853027,61200,0.0,0.0
2023-08-31 00:00:00-04:00,4.079999923706055,4.119999885559082,3.9600000381469727,4.119999885559082,67700,0.0,0.0
2023-09-01 00:00:00-04:00,4.050000190734863,4.150000095367432,3.9000000953674316,4.079999923706055,106000,0.0,0.0
2023-09-05 00:00:00-04:00,4.0,4.190000057220459,4.0,4.050000190734863,104800,0.0,0.0
2023-09-06 00:00:00-04:00,4.079999923706055,4.079999923706055,3.9100000858306885,3.930000066757202,22800,0.0,0.0
2023-09-07 00:00:00-04:00,3.9600000381469727,4.03000020980835,3.930000066757202,4.019999980926514,49800,0.0,0.0
2023-09-08 00:00:00-04:00,3.9600000381469727,4.090000152587891,3.9600000381469727,4.070000171661377,26600,0.0,0.0
2023-09-11 00:00:00-04:00,4.019999980926514,4.079999923706055,3.990000009536743,4.019999980926514,29500,0.0,0.0
2023-09-12 00:00:00-04:00,4.0,4.0,3.869999885559082,3.9000000953674316,54300,0.0,0.0
2023-09-13 00:00:00-04:00,3.9700000286102295,3.9700000286102295,3.700000047683716,3.740000009536743,28700,0.0,0.0
2023-09-14 00:00:00-04:00,3.7300000190734863,3.869999885559082,3.7300000190734863,3.809999942779541,28700,0.0,0.0
2023-09-15 00:00:00-04:00,3.819999933242798,3.9200000762939453,3.819999933242798,3.859999895095825,28700,0.0,0.0
2023-09-18 00:00:00-04:00,3.8299999237060547,3.890000104904175,3.680000066757202,3.690000057220459,70200,0.0,0.0
2023-09-19 00:00:00-04:00,3.700000047683716,3.7100000381469727,3.5199999809265137,3.5199999809265137,42300,0.0,0.0
2023-09-20 00:00:00-04:00,3.630000114440918,3.630000114440918,3.4000000953674316,3.440000057220459,41000,0.0,0.0
2023-09-21 00:00:00-04:00,3.4700000286102295,3.4700000286102295,3.25,3.4000000953674316,81900,0.0,0.0
2023-09-22 00:00:00-04:00,3.4100000858306885,3.5299999713897705,3.259999990463257,3.369999885559082,78300,0.0,0.0
2023-09-25 00:00:00-04:00,3.390000104904175,3.4800000190734863,3.259999990463257,3.259999990463257,99400,0.0,0.0
2023-09-26 00:00:00-04:00,3.2799999713897705,3.2899999618530273,3.180000066757202,3.25,45800,0.0,0.0
2023-09-27 00:00:00-04:00,3.25,3.25,3.049999952316284,3.140000104904175,70000,0.0,0.0
2023-09-28 00:00:00-04:00,3.140000104904175,3.2699999809265137,3.0899999141693115,3.2699999809265137,42900,0.0,0.0
2023-09-29 00:00:00-04:00,3.319999933242798,3.690000057220459,3.319999933242798,3.5999999046325684,133800,0.0,0.0
2023-10-02 00:00:00-04:00,3.680000066757202,3.759999990463257,3.5199999809265137,3.549999952316284,58700,0.0,0.0
2023-10-03 00:00:00-04:00,3.549999952316284,3.549999952316284,3.2300000190734863,3.25,55800,0.0,0.0
2023-10-04 00:00:00-04:00,3.25,3.3499999046325684,3.1600000858306885,3.2100000381469727,31500,0.0,0.0
2023-10-05 00:00:00-04:00,3.200000047683716,3.200000047683716,2.990000009536743,3.059999942779541,53200,0.0,0.0
2023-10-06 00:00:00-04:00,3.0999999046325684,3.0999999046325684,2.950000047683716,3.0799999237060547,67900,0.0,0.0
2023-10-10 00:00:00-04:00,3.190000057220459,3.190000057220459,2.990000009536743,3.0,58400,0.0,0.0
2023-10-11 00:00:00-04:00,3.0,3.0299999713897705,2.950000047683716,3.0199999809265137,68700,0.0,0.0
2023-10-12 00:00:00-04:00,3.0199999809265137,3.0199999809265137,2.799999952316284,2.9000000953674316,83600,0.0,0.0
2023-10-13 00:00:00-04:00,2.9000000953674316,2.9200000762939453,2.759999990463257,2.7699999809265137,49400,0.0,0.0
2023-10-16 00:00:00-04:00,2.890000104904175,2.890000104904175,2.799999952316284,2.819999933242798,21800,0.0,0.0
2023-10-17 00:00:00-04:00,2.8499999046325684,2.8499999046325684,2.7799999713897705,2.819999933242798,19000,0.0,0.0
2023-10-18 00:00:00-04:00,2.8399999141693115,2.8399999141693115,2.619999885559082,2.7799999713897705,112200,0.0,0.0
2023-10-19 00:00:00-04:00,2.7899999618530273,2.869999885559082,2.759999990463257,2.8399999141693115,88600,0.0,0.0
2023-10-20 00:00:00-04:00,3.259999990463257,4.099999904632568,3.25,3.740000009536743,462200,0.0,0.0
2023-10-23 00:00:00-04:00,4.0,4.21999979019165,3.4000000953674316,3.430000066757202,349900,0.0,0.0
2023-10-24 00:00:00-04:00,3.5299999713897705,3.5299999713897705,3.130000114440918,3.130000114440918,149000,0.0,0.0
2023-10-25 00:00:00-04:00,3.2200000286102295,3.2200000286102295,2.9800000190734863,3.0399999618530273,76400,0.0,0.0
2023-10-26 00:00:00-04:00,3.0199999809265137,3.240000009536743,2.9000000953674316,2.950000047683716,96400,0.0,0.0
2023-10-27 00:00:00-04:00,2.9600000381469727,3.1500000953674316,2.9600000381469727,3.109999895095825,23700,0.0,0.0
2023-10-30 00:00:00-04:00,3.2100000381469727,3.25,3.0799999237060547,3.1700000762939453,57100,0.0,0.0
2023-10-31 00:00:00-04:00,3.2200000286102295,3.5199999809265137,3.2200000286102295,3.4700000286102295,37900,0.0,0.0
2023-11-01 00:00:00-04:00,3.5,3.549999952316284,3.3299999237060547,3.5399999618530273,61700,0.0,0.0
2023-11-02 00:00:00-04:00,3.5299999713897705,3.7100000381469727,3.4700000286102295,3.5299999713897705,31100,0.0,0.0
2023-11-03 00:00:00-04:00,3.569999933242798,3.7300000190734863,3.369999885559082,3.7300000190734863,79200,0.0,0.0
2023-11-06 00:00:00-05:00,3.75,3.8499999046325684,3.5799999237060547,3.8399999141693115,54200,0.0,0.0
2023-11-07 00:00:00-05:00,3.6500000953674316,3.7899999618530273,3.6500000953674316,3.7799999713897705,37500,0.0,0.0
2023-11-08 00:00:00-05:00,3.799999952316284,3.930000066757202,3.799999952316284,3.859999895095825,40600,0.0,0.0
2023-11-09 00:00:00-05:00,3.9000000953674316,4.0,3.799999952316284,3.940000057220459,87100,0.0,0.0
2023-11-10 00:00:00-05:00,3.950000047683716,4.010000228881836,3.680000066757202,3.7300000190734863,117000,0.0,0.0
2023-11-13 00:00:00-05:00,3.7300000190734863,3.75,3.619999885559082,3.7300000190734863,45900,0.0,0.0
2023-11-14 00:00:00-05:00,3.7300000190734863,3.7300000190734863,3.559999942779541,3.680000066757202,41300,0.0,0.0
2023-11-15 00:00:00-05:00,3.680000066757202,3.680000066757202,3.450000047683716,3.5899999141693115,47400,0.0,0.0
2023-11-16 00:00:00-05:00,3.4700000286102295,3.4700000286102295,3.2799999713897705,3.4000000953674316,46800,0.0,0.0
2023-11-17 00:00:00-05:00,3.4000000953674316,3.4200000762939453,3.2699999809265137,3.4200000762939453,36700,0.0,0.0
2023-11-20 00:00:00-05:00,3.390000104904175,3.430000066757202,3.319999933242798,3.4200000762939453,25600,0.0,0.0
2023-11-21 00:00:00-05:00,3.4100000858306885,3.4100000858306885,3.2799999713897705,3.3399999141693115,39500,0.0,0.0
2023-11-22 00:00:00-05:00,3.3399999141693115,3.490000009536743,3.299999952316284,3.490000009536743,29600,0.0,0.0
2023-11-23 00:00:00-05:00,3.4700000286102295,3.5,3.4200000762939453,3.4800000190734863,28800,0.0,0.0
2023-11-24 00:00:00-05:00,3.4700000286102295,3.4800000190734863,3.3499999046325684,3.4800000190734863,28100,0.0,0.0
2023-11-27 00:00:00-05:00,3.5,3.5,3.369999885559082,3.5,37000,0.0,0.0
2023-11-28 00:00:00-05:00,3.4800000190734863,3.4800000190734863,3.4000000953674316,3.4600000381469727,15100,0.0,0.0
2023-11-29 00:00:00-05:00,3.4100000858306885,3.490000009536743,3.3499999046325684,3.4800000190734863,50100,0.0,0.0
2023-11-30 00:00:00-05:00,3.4200000762939453,3.450000047683716,3.390000104904175,3.4100000858306885,25500,0.0,0.0
2023-12-01 00:00:00-05:00,3.450000047683716,3.5,3.430000066757202,3.490000009536743,44400,0.0,0.0
2023-12-04 00:00:00-05:00,3.4600000381469727,3.4600000381469727,3.3399999141693115,3.4000000953674316,63100,0.0,0.0
2023-12-05 00:00:00-05:00,3.4000000953674316,3.4000000953674316,3.200000047683716,3.200000047683716,51700,0.0,0.0
2023-12-06 00:00:00-05:00,3.25,3.309999942779541,3.1600000858306885,3.2100000381469727,44800,0.0,0.0
2023-12-07 00:00:00-05:00,3.2200000286102295,3.7200000286102295,3.0899999141693115,3.7200000286102295,166500,0.0,0.0
2023-12-08 00:00:00-05:00,3.7200000286102295,4.199999809265137,3.609999895095825,4.199999809265137,105100,0.0,0.0
2023-12-11 00:00:00-05:00,4.190000057220459,4.190000057220459,3.809999942779541,3.950000047683716,102000,0.0,0.0
2023-12-12 00:00:00-05:00,3.9100000858306885,3.9100000858306885,3.609999895095825,3.619999885559082,42500,0.0,0.0
2023-12-13 00:00:00-05:00,3.630000114440918,3.819999933242798,3.619999885559082,3.799999952316284,46100,0.0,0.0
2023-12-14 00:00:00-05:00,3.799999952316284,3.8299999237060547,3.619999885559082,3.6600000858306885,37400,0.0,0.0
2023-12-15 00:00:00-05:00,3.75,3.75,3.509999990463257,3.5999999046325684,71800,0.0,0.0
2023-12-18 00:00:00-05:00,3.5899999141693115,3.6500000953674316,3.440000057220459,3.5199999809265137,58500,0.0,0.0
2023-12-19 00:00:00-05:00,3.509999990463257,3.509999990463257,3.4000000953674316,3.4800000190734863,20300,0.0,0.0
2023-12-20 00:00:00-05:00,3.4000000953674316,3.5999999046325684,3.4000000953674316,3.5,56600,0.0,0.0
2023-12-21 00:00:00-05:00,3.5,3.5,3.299999952316284,3.4800000190734863,57200,0.0,0.0
2023-12-22 00:00:00-05:00,3.3499999046325684,3.4800000190734863,3.299999952316284,3.369999885559082,77100,0.0,0.0
2023-12-27 00:00:00-05:00,3.369999885559082,3.430000066757202,3.309999942779541,3.380000114440918,51300,0.0,0.0
2023-12-28 00:00:00-05:00,3.380000114440918,3.4000000953674316,3.2899999618530273,3.369999885559082,44000,0.0,0.0
2023-12-29 00:00:00-05:00,3.3299999237060547,3.450000047683716,3.259999990463257,3.450000047683716,51400,0.0,0.0
2024-01-02 00:00:00-05:00,3.4000000953674316,3.490000009536743,3.380000114440918,3.4600000381469727,52000,0.0,0.0
2024-01-03 00:00:00-05:00,3.490000009536743,3.490000009536743,3.3399999141693115,3.450000047683716,31400,0.0,0.0
2024-01-04 00:00:00-05:00,3.4700000286102295,3.4700000286102295,3.3499999046325684,3.440000057220459,18200,0.0,0.0
2024-01-05 00:00:00-05:00,3.4000000953674316,3.4100000858306885,3.3299999237060547,3.359999895095825,34800,0.0,0.0
2024-01-08 00:00:00-05:00,3.369999885559082,3.380000114440918,3.309999942779541,3.3399999141693115,27200,0.0,0.0
2024-01-09 00:00:00-05:00,3.359999895095825,3.440000057220459,3.299999952316284,3.369999885559082,55700,0.0,0.0
2024-01-10 00:00:00-05:00,3.369999885559082,3.380000114440918,3.2799999713897705,3.380000114440918,41500,0.0,0.0
2024-01-11 00:00:00-05:00,3.380000114440918,3.380000114440918,3.259999990463257,3.3499999046325684,30900,0.0,0.0
2024-01-12 00:00:00-05:00,3.3499999046325684,3.3499999046325684,3.2200000286102295,3.3499999046325684,27400,0.0,0.0
2024-01-15 00:00:00-05:00,3.319999933242798,3.4200000762939453,3.2699999809265137,3.4100000858306885,32400,0.0,0.0
2024-01-16 00:00:00-05:00,3.4000000953674316,3.4100000858306885,3.3299999237060547,3.380000114440918,21400,0.0,0.0
2024-01-17 00:00:00-05:00,3.369999885559082,3.369999885559082,3.240000009536743,3.2699999809265137,56300,0.0,0.0
2024-01-18 00:00:00-05:00,3.2699999809265137,3.2699999809265137,3.0799999237060547,3.0899999141693115,52300,0.0,0.0
2024-01-19 00:00:00-05:00,3.0299999713897705,3.0299999713897705,2.9000000953674316,3.0,77400,0.0,0.0
2024-01-22 00:00:00-05:00,3.069999933242798,3.0999999046325684,2.930000066757202,3.0999999046325684,91400,0.0,0.0
2024-01-23 00:00:00-05:00,3.0999999046325684,3.0999999046325684,2.950000047683716,2.9600000381469727,39200,0.0,0.0
2024-01-24 00:00:00-05:00,3.069999933242798,3.069999933242798,2.9200000762939453,2.9600000381469727,53900,0.0,0.0
2024-01-25 00:00:00-05:00,2.9600000381469727,2.9600000381469727,2.809999942779541,2.8399999141693115,75400,0.0,0.0
2024-01-26 00:00:00-05:00,2.819999933242798,2.9100000858306885,2.819999933242798,2.859999895095825,40200,0.0,0.0
2024-01-29 00:00:00-05:00,2.859999895095825,2.9800000190734863,2.8299999237060547,2.9800000190734863,44000,0.0,0.0
2024-01-30 00:00:00-05:00,2.9800000190734863,2.9800000190734863,2.890000104904175,2.950000047683716,40900,0.0,0.0
2024-01-31 00:00:00-05:00,2.9200000762939453,2.990000009536743,2.7300000190734863,2.799999952316284,170300,0.0,0.0
2024-02-01 00:00:00-05:00,2.819999933242798,2.880000114440918,2.799999952316284,2.8399999141693115,43100,0.0,0.0
2024-02-02 00:00:00-05:00,2.859999895095825,2.859999895095825,2.75,2.7899999618530273,59000,0.0,0.0
2024-02-05 00:00:00-05:00,2.7699999809265137,2.7699999809265137,2.559999942779541,2.740000009536743,93200,0.0,0.0
2024-02-06 00:00:00-05:00,2.7200000286102295,2.799999952316284,2.5899999141693115,2.799999952316284,82700,0.0,0.0
2024-02-07 00:00:00-05:00,2.7699999809265137,2.7799999713897705,2.6500000953674316,2.7200000286102295,32600,0.0,0.0
2024-02-08 00:00:00-05:00,2.6500000953674316,2.6700000762939453,2.549999952316284,2.5999999046325684,45700,0.0,0.0
2024-02-09 00:00:00-05:00,2.6600000858306885,2.799999952316284,2.569999933242798,2.7100000381469727,46000,0.0,0.0
2024-02-12 00:00:00-05:00,2.700000047683716,2.799999952316284,2.690000057220459,2.799999952316284,115500,0.0,0.0
2024-02-13 00:00:00-05:00,2.7699999809265137,2.7899999618530273,2.7200000286102295,2.7899999618530273,40500,0.0,0.0
2024-02-14 00:00:00-05:00,2.7799999713897705,2.799999952316284,2.759999990463257,2.799999952316284,79500,0.0,0.0
2024-02-15 00:00:00-05:00,3.4000000953674316,3.799999952316284,3.1500000953674316,3.4000000953674316,589000,0.0,0.0
2024-02-16 00:00:00-05:00,3.5,4.139999866485596,3.4000000953674316,3.9200000762939453,525300,0.0,0.0
2024-02-20 00:00:00-05:00,4.090000152587891,4.099999904632568,3.6500000953674316,3.869999885559082,236200,0.0,0.0
2024-02-21 00:00:00-05:00,3.8499999046325684,3.8499999046325684,3.440000057220459,3.5799999237060547,107800,0.0,0.0
2024-02-22 00:00:00-05:00,3.5799999237060547,3.5899999141693115,3.4200000762939453,3.5899999141693115,69400,0.0,0.0
2024-02-23 00:00:00-05:00,3.5799999237060547,3.740000009536743,3.5399999618530273,3.740000009536743,92200,0.0,0.0
2024-02-26 00:00:00-05:00,3.690000057220459,3.7699999809265137,3.5,3.5899999141693115,93400,0.0,0.0
2024-02-27 00:00:00-05:00,3.569999933242798,3.5799999237060547,3.430000066757202,3.509999990463257,67000,0.0,0.0
2024-02-28 00:00:00-05:00,3.5199999809265137,3.5199999809265137,3.4000000953674316,3.450000047683716,52100,0.0,0.0
2024-02-29 00:00:00-05:00,3.4100000858306885,3.509999990463257,3.4000000953674316,3.4100000858306885,68800,0.0,0.0
2024-03-01 00:00:00-05:00,3.4600000381469727,3.490000009536743,3.3299999237060547,3.450000047683716,60500,0.0,0.0
2024-03-04 00:00:00-05:00,3.4000000953674316,3.4100000858306885,3.2300000190734863,3.2899999618530273,79100,0.0,0.0
2024-03-05 00:00:00-05:00,3.299999952316284,3.299999952316284,3.1500000953674316,3.1600000858306885,43300,0.0,0.0
2024-03-06 00:00:00-05:00,3.180000066757202,3.309999942779541,3.1700000762939453,3.2799999713897705,59100,0.0,0.0
2024-03-07 00:00:00-05:00,3.2799999713897705,3.3299999237060547,3.2200000286102295,3.319999933242798,28000,0.0,0.0
2024-03-08 00:00:00-05:00,3.2699999809265137,3.2699999809265137,3.2100000381469727,3.240000009536743,28600,0.0,0.0
2024-03-11 00:00:00-04:00,3.240000009536743,3.2699999809265137,3.200000047683716,3.2699999809265137,43500,0.0,0.0
2024-03-12 00:00:00-04:00,3.2200000286102295,3.240000009536743,3.140000104904175,3.1600000858306885,42200,0.0,0.0
2024-03-13 00:00:00-04:00,3.1600000858306885,3.180000066757202,3.0999999046325684,3.109999895095825,49000,0.0,0.0
2024-03-14 00:00:00-04:00,3.069999933242798,3.190000057220459,3.069999933242798,3.119999885559082,26200,0.0,0.0
2024-03-15 00:00:00-04:00,3.119999885559082,3.180000066757202,3.109999895095825,3.180000066757202,17200,0.0,0.0
2024-03-18 00:00:00-04:00,3.180000066757202,3.180000066757202,3.059999942779541,3.119999885559082,35800,0.0,0.0
2024-03-19 00:00:00-04:00,3.0799999237060547,3.1600000858306885,3.059999942779541,3.059999942779541,58800,0.0,0.0
2024-03-20 00:00:00-04:00,3.130000114440918,3.130000114440918,2.9200000762939453,2.950000047683716,84900,0.0,0.0
2024-03-21 00:00:00-04:00,2.990000009536743,3.0,2.930000066757202,2.940000057220459,27500,0.0,0.0
2024-03-22 00:00:00-04:00,2.930000066757202,3.0,2.859999895095825,3.0,49400,0.0,0.0
2024-03-25 00:00:00-04:00,3.0,3.009999990463257,2.890000104904175,2.9100000858306885,55600,0.0,0.0
2024-03-26 00:00:00-04:00,2.9100000858306885,2.9800000190734863,2.8399999141693115,2.859999895095825,63500,0.0,0.0
2024-03-27 00:00:00-04:00,2.8499999046325684,2.930000066757202,2.8399999141693115,2.930000066757202,39000,0.0,0.0
2024-03-28 00:00:00-04:00,2.990000009536743,3.119999885559082,2.990000009536743,3.119999885559082,48400,0.0,0.0
2024-04-01 00:00:00-04:00,3.1500000953674316,3.1500000953674316,3.0299999713897705,3.0299999713897705,23900,0.0,0.0
2024-04-02 00:00:00-04:00,2.9700000286102295,3.0299999713897705,2.9700000286102295,3.009999990463257,23800,0.0,0.0
2024-04-03 00:00:00-04:00,3.0299999713897705,3.140000104904175,2.9800000190734863,3.069999933242798,31300,0.0,0.0
2024-04-04 00:00:00-04:00,3.0299999713897705,3.0899999141693115,2.9700000286102295,3.0899999141693115,44800,0.0,0.0
2024-04-05 00:00:00-04:00,3.009999990463257,3.0899999141693115,3.009999990463257,3.059999942779541,14300,0.0,0.0
2024-04-08 00:00:00-04:00,3.0799999237060547,3.0899999141693115,2.9800000190734863,2.990000009536743,50600,0.0,0.0
2024-04-09 00:00:00-04:00,2.990000009536743,3.0899999141693115,2.9800000190734863,3.049999952316284,24900,0.0,0.0
2024-04-10 00:00:00-04:00,3.049999952316284,3.069999933242798,3.0,3.069999933242798,24300,0.0,0.0
2024-04-11 00:00:00-04:00,3.059999942779541,3.059999942779541,2.930000066757202,3.049999952316284,49000,0.0,0.0
2024-04-12 00:00:00-04:00,3.0199999809265137,3.0799999237060547,2.950000047683716,2.9800000190734863,28700,0.0,0.0
2024-04-15 00:00:00-04:00,2.9800000190734863,2.9800000190734863,2.869999885559082,2.890000104904175,29300,0.0,0.0
2024-04-16 00:00:00-04:00,2.869999885559082,2.9200000762939453,2.809999942779541,2.880000114440918,19700,0.0,0.0
2024-04-17 00:00:00-04:00,2.8299999237060547,2.880000114440918,2.799999952316284,2.8499999046325684,47000,0.0,0.0
2024-04-18 00:00:00-04:00,2.880000114440918,2.880000114440918,2.809999942779541,2.819999933242798,31600,0.0,0.0
2024-04-19 00:00:00-04:00,2.819999933242798,2.8499999046325684,2.7799999713897705,2.819999933242798,93300,0.0,0.0
2024-04-22 00:00:00-04:00,2.819999933242798,2.819999933242798,2.7200000286102295,2.740000009536743,109200,0.0,0.0
2024-04-23 00:00:00-04:00,2.7899999618530273,2.7899999618530273,2.6500000953674316,2.6700000762939453,101200,0.0,0.0
2024-04-24 00:00:00-04:00,2.7100000381469727,2.7200000286102295,2.6600000858306885,2.7100000381469727,17600,0.0,0.0
2024-04-25 00:00:00-04:00,2.7100000381469727,2.940000057220459,2.690000057220459,2.890000104904175,149100,0.0,0.0
2024-04-26 00:00:00-04:00,2.9200000762939453,3.0,2.9000000953674316,2.950000047683716,69400,0.0,0.0
2024-04-29 00:00:00-04:00,2.940000057220459,2.940000057220459,2.75,2.8299999237060547,42400,0.0,0.0
2024-04-30 00:00:00-04:00,2.8299999237060547,2.8299999237060547,2.740000009536743,2.75,27100,0.0,0.0
2024-05-01 00:00:00-04:00,2.75,2.8399999141693115,2.7300000190734863,2.8399999141693115,18200,0.0,0.0
2024-05-02 00:00:00-04:00,2.799999952316284,2.8399999141693115,2.7699999809265137,2.7899999618530273,15700,0.0,0.0
2024-05-03 00:00:00-04:00,2.75,2.799999952316284,2.75,2.799999952316284,23600,0.0,0.0
2024-05-06 00:00:00-04:00,2.7699999809265137,2.8399999141693115,2.7699999809265137,2.809999942779541,25700,0.0,0.0
2024-05-07 00:00:00-04:00,2.8399999141693115,2.8399999141693115,2.799999952316284,2.819999933242798,23300,0.0,0.0
2024-05-08 00:00:00-04:00,2.8299999237060547,2.8299999237060547,2.759999990463257,2.799999952316284,23500,0.0,0.0
2024-05-09 00:00:00-04:00,2.809999942779541,2.819999933242798,2.75,2.819999933242798,21500,0.0,0.0
2024-05-10 00:00:00-04:00,2.809999942779541,2.8299999237060547,2.7899999618530273,2.8299999237060547,9800,0.0,0.0
2024-05-13 00:00:00-04:00,2.8299999237060547,2.8399999141693115,2.819999933242798,2.8299999237060547,63200,0.0,0.0
2024-05-14 00:00:00-04:00,2.8299999237060547,2.8399999141693115,2.7899999618530273,2.8299999237060547,59700,0.0,0.0
2024-05-15 00:00:00-04:00,2.8399999141693115,2.8399999141693115,2.819999933242798,2.8399999141693115,59500,0.0,0.0
2024-05-16 00:00:00-04:00,2.8399999141693115,2.8399999141693115,2.7699999809265137,2.819999933242798,79800,0.0,0.0
2024-05-17 00:00:00-04:00,2.8299999237060547,2.8299999237060547,2.799999952316284,2.8299999237060547,49700,0.0,0.0
2024-05-21 00:00:00-04:00,2.8299999237060547,3.130000114440918,2.8299999237060547,3.109999895095825,191600,0.0,0.0
2024-05-22 00:00:00-04:00,3.0999999046325684,3.2100000381469727,2.9100000858306885,3.0799999237060547,115900,0.0,0.0
2024-05-23 00:00:00-04:00,3.059999942779541,3.0799999237060547,2.9200000762939453,3.009999990463257,32300,0.0,0.0
2024-05-24 00:00:00-04:00,3.009999990463257,3.009999990463257,2.7799999713897705,2.799999952316284,151200,0.0,0.0
2024-05-27 00:00:00-04:00,2.880000114440918,2.880000114440918,2.8299999237060547,2.8299999237060547,29700,0.0,0.0
2024-05-28 00:00:00-04:00,2.880000114440918,2.890000104904175,2.809999942779541,2.819999933242798,27200,0.0,0.0
2024-05-29 00:00:00-04:00,2.8499999046325684,2.8499999046325684,2.7899999618530273,2.8299999237060547,30200,0.0,0.0
2024-05-30 00:00:00-04:00,2.8399999141693115,2.9800000190734863,2.8399999141693115,2.9800000190734863,34000,0.0,0.0
2024-05-31 00:00:00-04:00,2.9200000762939453,3.0199999809265137,2.880000114440918,2.9800000190734863,29900,0.0,0.0
2024-06-03 00:00:00-04:00,2.9200000762939453,2.9700000286102295,2.890000104904175,2.890000104904175,14500,0.0,0.0
2024-06-04 00:00:00-04:00,2.890000104904175,2.9800000190734863,2.880000114440918,2.950000047683716,20100,0.0,0.0
2024-06-05 00:00:00-04:00,2.9600000381469727,3.0,2.930000066757202,3.0,13200,0.0,0.0
2024-06-06 00:00:00-04:00,2.9800000190734863,3.049999952316284,2.9200000762939453,2.9600000381469727,31500,0.0,0.0
2024-06-07 00:00:00-04:00,2.9800000190734863,2.9800000190734863,2.9100000858306885,2.950000047683716,22900,0.0,0.0
2024-06-10 00:00:00-04:00,2.869999885559082,2.9000000953674316,2.809999942779541,2.9000000953674316,54700,0.0,0.0
2024-06-11 00:00:00-04:00,2.9000000953674316,2.9000000953674316,2.7799999713897705,2.7799999713897705,45300,0.0,0.0
2024-06-12 00:00:00-04:00,2.8499999046325684,2.8499999046325684,2.7899999618530273,2.819999933242798,28800,0.0,0.0
2024-06-13 00:00:00-04:00,2.819999933242798,2.819999933242798,2.75,2.75,32600,0.0,0.0
2024-06-14 00:00:00-04:00,2.75,2.75,2.680000066757202,2.700000047683716,50200,0.0,0.0
2024-06-17 00:00:00-04:00,2.700000047683716,2.7200000286102295,2.609999895095825,2.609999895095825,48900,0.0,0.0
2024-06-18 00:00:00-04:00,2.5999999046325684,2.680000066757202,2.5999999046325684,2.6500000953674316,22100,0.0,0.0
2024-06-19 00:00:00-04:00,2.6500000953674316,2.6500000953674316,2.609999895095825,2.6500000953674316,16800,0.0,0.0
2024-06-20 00:00:00-04:00,2.6500000953674316,2.6500000953674316,2.569999933242798,2.630000114440918,34500,0.0,0.0
2024-06-21 00:00:00-04:00,2.640000104904175,2.640000104904175,2.569999933242798,2.630000114440918,22400,0.0,0.0
2024-06-24 00:00:00-04:00,2.630000114440918,2.6500000953674316,2.5899999141693115,2.6500000953674316,12000,0.0,0.0
2024-06-25 00:00:00-04:00,2.619999885559082,2.630000114440918,2.559999942779541,2.5799999237060547,17500,0.0,0.0
2024-06-26 00:00:00-04:00,2.569999933242798,2.609999895095825,2.569999933242798,2.609999895095825,26100,0.0,0.0
2024-06-27 00:00:00-04:00,2.569999933242798,2.619999885559082,2.559999942779541,2.569999933242798,16400,0.0,0.0
2024-06-28 00:00:00-04:00,2.5799999237060547,2.5999999046325684,2.549999952316284,2.5799999237060547,26200,0.0,0.0
2024-07-02 00:00:00-04:00,2.5799999237060547,2.5799999237060547,2.5,2.509999990463257,21700,0.0,0.0
2024-07-03 00:00:00-04:00,2.4800000190734863,2.5399999618530273,2.4800000190734863,2.5399999618530273,26000,0.0,0.0
2024-07-04 00:00:00-04:00,2.5399999618530273,2.569999933242798,2.5399999618530273,2.569999933242798,8800,0.0,0.0
2024-07-05 00:00:00-04:00,2.549999952316284,2.559999942779541,2.5299999713897705,2.5299999713897705,10900,0.0,0.0
2024-07-08 00:00:00-04:00,2.549999952316284,2.559999942779541,2.4000000953674316,2.4600000381469727,62400,0.0,0.0
2024-07-09 00:00:00-04:00,2.440000057220459,2.450000047683716,2.319999933242798,2.3499999046325684,44900,0.0,0.0
2024-07-10 00:00:00-04:00,2.3499999046325684,2.440000057220459,2.3499999046325684,2.4000000953674316,26800,0.0,0.0
2024-07-11 00:00:00-04:00,2.390000104904175,2.4000000953674316,2.3299999237060547,2.369999885559082,53700,0.0,0.0
2024-07-12 00:00:00-04:00,2.4000000953674316,2.490000009536743,2.390000104904175,2.490000009536743,26000,0.0,0.0
2024-07-15 00:00:00-04:00,2.490000009536743,2.490000009536743,2.4100000858306885,2.4100000858306885,11600,0.0,0.0
2024-07-16 00:00:00-04:00,2.4000000953674316,2.569999933242798,2.4000000953674316,2.559999942779541,29000,0.0,0.0
2024-07-17 00:00:00-04:00,2.549999952316284,2.549999952316284,2.440000057220459,2.450000047683716,56000,0.0,0.0
2024-07-18 00:00:00-04:00,2.490000009536743,2.490000009536743,2.369999885559082,2.369999885559082,36200,0.0,0.0
2024-07-19 00:00:00-04:00,2.4000000953674316,2.4200000762939453,2.359999895095825,2.4200000762939453,15400,0.0,0.0
2024-07-22 00:00:00-04:00,2.4600000381469727,2.4600000381469727,2.369999885559082,2.4000000953674316,15000,0.0,0.0
2024-07-23 00:00:00-04:00,2.4000000953674316,2.4000000953674316,2.3499999046325684,2.380000114440918,21400,0.0,0.0
2024-07-24 00:00:00-04:00,2.3499999046325684,2.359999895095825,2.3299999237060547,2.3499999046325684,22000,0.0,0.0
2024-07-25 00:00:00-04:00,2.2899999618530273,2.309999942779541,2.240000009536743,2.2799999713897705,58600,0.0,0.0
2024-07-26 00:00:00-04:00,2.2300000190734863,2.2799999713897705,2.2300000190734863,2.2300000190734863,47000,0.0,0.0
2024-07-29 00:00:00-04:00,2.240000009536743,2.25,2.2300000190734863,2.2300000190734863,22300,0.0,0.0
2024-07-30 00:00:00-04:00,2.25,2.25,2.109999895095825,2.1600000858306885,29500,0.0,0.0
2024-07-31 00:00:00-04:00,2.1600000858306885,2.1600000858306885,2.059999942779541,2.059999942779541,76400,0.0,0.0
2024-08-01 00:00:00-04:00,2.059999942779541,2.0899999141693115,1.9600000381469727,1.9700000286102295,56900,0.0,0.0
2024-08-02 00:00:00-04:00,1.9700000286102295,1.9700000286102295,1.8700000047683716,1.8799999952316284,65300,0.0,0.0
2024-08-06 00:00:00-04:00,1.7999999523162842,1.9299999475479126,1.7999999523162842,1.909999966621399,33800,0.0,0.0
2024-08-07 00:00:00-04:00,1.9199999570846558,2.0,1.9199999570846558,1.9500000476837158,24500,0.0,0.0
2024-08-08 00:00:00-04:00,1.9199999570846558,1.9199999570846558,1.8600000143051147,1.8899999856948853,25200,0.0,0.0
2024-08-09 00:00:00-04:00,1.899999976158142,1.9199999570846558,1.8600000143051147,1.9199999570846558,12400,0.0,0.0
2024-08-12 00:00:00-04:00,1.9199999570846558,2.119999885559082,1.9199999570846558,2.119999885559082,17200,0.0,0.0
2024-08-13 00:00:00-04:00,2.0399999618530273,2.2699999809265137,1.8700000047683716,2.2699999809265137,115800,0.0,0.0
2024-08-14 00:00:00-04:00,2.359999895095825,2.359999895095825,2.2799999713897705,2.3299999237060547,48300,0.0,0.0
2024-08-15 00:00:00-04:00,2.2799999713897705,2.3499999046325684,2.2799999713897705,2.309999942779541,11600,0.0,0.0
2024-08-16 00:00:00-04:00,2.319999933242798,2.359999895095825,2.2899999618530273,2.319999933242798,24000,0.0,0.0
2024-08-19 00:00:00-04:00,2.369999885559082,2.369999885559082,2.309999942779541,2.3499999046325684,11200,0.0,0.0
2024-08-20 00:00:00-04:00,2.369999885559082,2.369999885559082,2.259999990463257,2.259999990463257,28100,0.0,0.0
2024-08-21 00:00:00-04:00,2.2799999713897705,2.319999933242798,2.2200000286102295,2.2799999713897705,23600,0.0,0.0
2024-08-22 00:00:00-04:00,2.259999990463257,2.299999952316284,2.259999990463257,2.2799999713897705,9400,0.0,0.0
2024-08-23 00:00:00-04:00,2.2699999809265137,2.3499999046325684,2.2699999809265137,2.309999942779541,14700,0.0,0.0
2024-08-26 00:00:00-04:00,2.309999942779541,2.319999933242798,2.240000009536743,2.299999952316284,19300,0.0,0.0
2024-08-27 00:00:00-04:00,2.319999933242798,2.319999933242798,2.2300000190734863,2.2300000190734863,11900,0.0,0.0
2024-08-28 00:00:00-04:00,2.2300000190734863,2.2300000190734863,2.140000104904175,2.140000104904175,13600,0.0,0.0
2024-08-29 00:00:00-04:00,2.190000057220459,2.2200000286102295,2.0999999046325684,2.119999885559082,22800,0.0,0.0
2024-08-30 00:00:00-04:00,2.109999895095825,2.1700000762939453,2.0799999237060547,2.109999895095825,15800,0.0,0.0
2024-09-03 00:00:00-04:00,2.109999895095825,2.109999895095825,2.049999952316284,2.059999942779541,13100,0.0,0.0
2024-09-04 00:00:00-04:00,2.130000114440918,2.130000114440918,2.0,2.0,21800,0.0,0.0
2024-09-05 00:00:00-04:00,2.0,2.049999952316284,1.9800000190734863,2.049999952316284,12500,0.0,0.0
2024-09-06 00:00:00-04:00,2.0,2.0,1.940000057220459,1.940000057220459,26100,0.0,0.0
2024-09-09 00:00:00-04:00,1.9700000286102295,1.9700000286102295,1.8799999952316284,1.899999976158142,40700,0.0,0.0
2024-09-10 00:00:00-04:00,1.8600000143051147,1.9199999570846558,1.8200000524520874,1.8200000524520874,64600,0.0,0.0
2024-09-11 00:00:00-04:00,1.8200000524520874,1.9199999570846558,1.8200000524520874,1.8700000047683716,12100,0.0,0.0
2024-09-12 00:00:00-04:00,1.9299999475479126,2.0,1.840000033378601,2.0,23100,0.0,0.0
2024-09-13 00:00:00-04:00,1.9299999475479126,2.009999990463257,1.9299999475479126,2.0,18600,0.0,0.0
2024-09-16 00:00:00-04:00,2.0199999809265137,2.0299999713897705,1.940000057220459,1.9900000095367432,34600,0.0,0.0
2024-09-17 00:00:00-04:00,2.0,2.0,1.8899999856948853,1.9299999475479126,25700,0.0,0.0
2024-09-18 00:00:00-04:00,1.9299999475479126,1.9299999475479126,1.850000023841858,1.909999966621399,23700,0.0,0.0
2024-09-19 00:00:00-04:00,1.9199999570846558,1.9199999570846558,1.8600000143051147,1.899999976158142,15700,0.0,0.0
2024-09-20 00:00:00-04:00,1.8799999952316284,2.0,1.8600000143051147,1.9900000095367432,29100,0.0,0.0
2024-09-23 00:00:00-04:00,1.909999966621399,1.9900000095367432,1.909999966621399,1.940000057220459,19600,0.0,0.0
2024-09-24 00:00:00-04:00,1.9500000476837158,1.9500000476837158,1.899999976158142,1.899999976158142,20500,0.0,0.0
2024-09-25 00:00:00-04:00,1.9299999475479126,1.940000057220459,1.8799999952316284,1.8799999952316284,27200,0.0,0.0
2024-09-26 00:00:00-04:00,1.899999976158142,1.9500000476837158,1.8899999856948853,1.909999966621399,21300,0.0,0.0
2024-09-27 00:00:00-04:00,1.899999976158142,2.0999999046325684,1.8799999952316284,2.0999999046325684,45400,0.0,0.0
2024-09-30 00:00:00-04:00,2.109999895095825,2.140000104904175,2.049999952316284,2.140000104904175,42300,0.0,0.0
2024-10-01 00:00:00-04:00,2.1500000953674316,2.240000009536743,2.140000104904175,2.180000066757202,35400,0.0,0.0
2024-10-02 00:00:00-04:00,2.1700000762939453,2.1700000762939453,2.0799999237060547,2.119999885559082,26200,0.0,0.0
2024-10-03 00:00:00-04:00,2.130000114440918,2.130000114440918,2.0299999713897705,2.049999952316284,18100,0.0,0.0
2024-10-04 00:00:00-04:00,2.049999952316284,2.130000114440918,2.009999990463257,2.069999933242798,55000,0.0,0.0
2024-10-07 00:00:00-04:00,2.069999933242798,2.119999885559082,2.009999990463257,2.119999885559082,13300,0.0,0.0
2024-10-08 00:00:00-04:00,2.109999895095825,2.200000047683716,2.049999952316284,2.059999942779541,23000,0.0,0.0
2024-10-09 00:00:00-04:00,2.049999952316284,2.130000114440918,2.0399999618530273,2.119999885559082,17700,0.0,0.0
2024-10-10 00:00:00-04:00,2.140000104904175,2.1500000953674316,2.069999933242798,2.130000114440918,19200,0.0,0.0
2024-10-11 00:00:00-04:00,2.130000114440918,2.25,2.130000114440918,2.130000114440918,62300,0.0,0.0
2024-10-15 00:00:00-04:00,2.1500000953674316,2.2100000381469727,2.1500000953674316,2.200000047683716,40900,0.0,0.0
2024-10-16 00:00:00-04:00,2.2100000381469727,2.25,2.190000057220459,2.2200000286102295,31900,0.0,0.0
2024-10-17 00:00:00-04:00,2.240000009536743,2.299999952316284,2.240000009536743,2.299999952316284,26700,0.0,0.0
2024-10-18 00:00:00-04:00,2.2799999713897705,2.2799999713897705,2.2100000381469727,2.2200000286102295,26000,0.0,0.0
2024-10-21 00:00:00-04:00,2.240000009536743,2.240000009536743,2.1600000858306885,2.1600000858306885,30100,0.0,0.0
2024-10-22 00:00:00-04:00,2.1600000858306885,2.200000047683716,2.069999933242798,2.140000104904175,31600,0.0,0.0
2024-10-23 00:00:00-04:00,2.140000104904175,2.1600000858306885,2.0899999141693115,2.0899999141693115,15200,0.0,0.0
2024-10-24 00:00:00-04:00,2.0899999141693115,2.109999895095825,2.049999952316284,2.059999942779541,51000,0.0,0.0
2024-10-25 00:00:00-04:00,2.059999942779541,2.059999942779541,1.9500000476837158,2.0,48700,0.0,0.0
2024-10-28 00:00:00-04:00,2.009999990463257,2.009999990463257,1.9900000095367432,1.9900000095367432,33100,0.0,0.0
2024-10-29 00:00:00-04:00,1.9900000095367432,2.0,1.9500000476837158,2.0,24200,0.0,0.0
2024-10-30 00:00:00-04:00,1.9800000190734863,2.0,1.9600000381469727,2.0,23400,0.0,0.0
2024-10-31 00:00:00-04:00,1.9600000381469727,2.0,1.9500000476837158,2.0,33500,0.0,0.0
2024-11-01 00:00:00-04:00,1.9900000095367432,2.0,1.9600000381469727,1.9900000095367432,10200,0.0,0.0
2024-11-04 00:00:00-05:00,1.9700000286102295,1.9800000190734863,1.9500000476837158,1.9500000476837158,18700,0.0,0.0
2024-11-05 00:00:00-05:00,1.9600000381469727,1.9800000190734863,1.9500000476837158,1.9700000286102295,7300,0.0,0.0
2024-11-06 00:00:00-05:00,1.9900000095367432,1.9900000095367432,1.9500000476837158,1.9700000286102295,12600,0.0,0.0
2024-11-07 00:00:00-05:00,1.9900000095367432,2.0,1.9500000476837158,1.9800000190734863,14000,0.0,0.0
2024-11-08 00:00:00-05:00,1.9800000190734863,2.0,1.8899999856948853,1.899999976158142,38100,0.0,0.0
2024-11-11 00:00:00-05:00,1.9700000286102295,1.9700000286102295,1.8600000143051147,1.8899999856948853,56000,0.0,0.0
2024-11-12 00:00:00-05:00,1.8700000047683716,1.899999976158142,1.8200000524520874,1.8300000429153442,26300,0.0,0.0
2024-11-13 00:00:00-05:00,1.8300000429153442,1.8700000047683716,1.7699999809265137,1.7999999523162842,34400,0.0,0.0
2024-11-14 00:00:00-05:00,1.7599999904632568,1.850000023841858,1.7599999904632568,1.850000023841858,29500,0.0,0.0
2024-11-15 00:00:00-05:00,1.850000023841858,1.8700000047683716,1.7999999523162842,1.850000023841858,58400,0.0,0.0
2024-11-18 00:00:00-05:00,1.8700000047683716,1.8700000047683716,1.7599999904632568,1.7799999713897705,32700,0.0,0.0
2024-11-19 00:00:00-05:00,1.75,1.7799999713897705,1.75,1.7699999809265137,23100,0.0,0.0
2024-11-20 00:00:00-05:00,1.7699999809265137,1.7799999713897705,1.7200000286102295,1.7599999904632568,31000,0.0,0.0
2024-11-21 00:00:00-05:00,1.75,1.7699999809265137,1.7000000476837158,1.75,31300,0.0,0.0
2024-11-22 00:00:00-05:00,1.7400000095367432,1.75,1.7000000476837158,1.7300000190734863,35700,0.0,0.0
2024-11-25 00:00:00-05:00,1.7300000190734863,1.7999999523162842,1.7300000190734863,1.7999999523162842,35700,0.0,0.0
2024-11-26 00:00:00-05:00,1.7300000190734863,1.7949999570846558,1.7300000190734863,1.7699999809265137,29900,0.0,0.0
2024-11-27 00:00:00-05:00,1.7699999809265137,1.7999999523162842,1.75,1.7999999523162842,12800,0.0,0.0
2024-11-28 00:00:00-05:00,1.7999999523162842,1.7999999523162842,1.7400000095367432,1.7699999809265137,22400,0.0,0.0
2024-11-29 00:00:00-05:00,1.7699999809265137,1.7799999713897705,1.7400000095367432,1.7599999904632568,5300,0.0,0.0
2024-12-02 00:00:00-05:00,1.7000000476837158,1.7799999713897705,1.7000000476837158,1.7300000190734863,35000,0.0,0.0
2024-12-03 00:00:00-05:00,1.809999942779541,1.899999976158142,1.7799999713897705,1.899999976158142,129400,0.0,0.0
2024-12-04 00:00:00-05:00,1.899999976158142,1.9900000095367432,1.8300000429153442,1.899999976158142,86400,0.0,0.0
2024-12-05 00:00:00-05:00,1.940000057220459,1.940000057220459,1.7899999618530273,1.8600000143051147,41000,0.0,0.0
2024-12-06 00:00:00-05:00,1.8899999856948853,1.909999966621399,1.809999942779541,1.8600000143051147,12700,0.0,0.0
2024-12-09 00:00:00-05:00,1.8600000143051147,1.9700000286102295,1.8600000143051147,1.940000057220459,17800,0.0,0.0
2024-12-10 00:00:00-05:00,1.9199999570846558,1.9500000476837158,1.840000033378601,1.8600000143051147,24200,0.0,0.0
2024-12-11 00:00:00-05:00,1.840000033378601,1.9600000381469727,1.840000033378601,1.940000057220459,43700,0.0,0.0
2024-12-12 00:00:00-05:00,1.9600000381469727,1.9600000381469727,1.8700000047683716,1.9299999475479126,36000,0.0,0.0
2024-12-13 00:00:00-05:00,1.9299999475479126,1.940000057220459,1.8799999952316284,1.8899999856948853,29500,0.0,0.0
2024-12-16 00:00:00-05:00,1.850000023841858,1.8899999856948853,1.8200000524520874,1.8300000429153442,57700,0.0,0.0
2024-12-17 00:00:00-05:00,1.8700000047683716,2.0199999809265137,1.8700000047683716,2.0,99000,0.0,0.0
2024-12-18 00:00:00-05:00,2.2200000286102295,2.5999999046325684,2.130000114440918,2.4200000762939453,255500,0.0,0.0
2024-12-19 00:00:00-05:00,2.5,2.5,2.119999885559082,2.3299999237060547,108400,0.0,0.0
2024-12-20 00:00:00-05:00,2.4000000953674316,2.4000000953674316,2.0199999809265137,2.0199999809265137,69300,0.0,0.0
2024-12-23 00:00:00-05:00,2.0,2.2200000286102295,2.0,2.200000047683716,53400,0.0,0.0
2024-12-24 00:00:00-05:00,2.2100000381469727,2.319999933242798,2.190000057220459,2.319999933242798,21600,0.0,0.0
2024-12-27 00:00:00-05:00,2.5399999618530273,2.5399999618530273,2.25,2.2899999618530273,38200,0.0,0.0
2024-12-30 00:00:00-05:00,2.2799999713897705,2.299999952316284,2.119999885559082,2.200000047683716,92100,0.0,0.0
2024-12-31 00:00:00-05:00,2.200000047683716,2.2899999618530273,2.200000047683716,2.2699999809265137,9600,0.0,0.0
2025-01-02 00:00:00-05:00,2.299999952316284,2.305000066757202,2.180000066757202,2.25,31900,0.0,0.0
2025-01-03 00:00:00-05:00,2.2200000286102295,2.5199999809265137,2.2200000286102295,2.509999990463257,46800,0.0,0.0
2025-01-06 00:00:00-05:00,2.559999942779541,3.0299999713897705,2.5399999618530273,3.0299999713897705,146900,0.0,0.0
2025-01-07 00:00:00-05:00,3.0999999046325684,3.700000047683716,3.049999952316284,3.359999895095825,236700,0.0,0.0
2025-01-08 00:00:00-05:00,3.5,3.5399999618530273,2.9600000381469727,3.119999885559082,136000,0.0,0.0
2025-01-09 00:00:00-05:00,3.140000104904175,3.140000104904175,2.9200000762939453,3.0299999713897705,38800,0.0,0.0
2025-01-10 00:00:00-05:00,2.990000009536743,3.0,2.8499999046325684,2.9600000381469727,62300,0.0,0.0
2025-01-13 00:00:00-05:00,2.990000009536743,2.990000009536743,2.690000057220459,2.75,45000,0.0,0.0
2025-01-14 00:00:00-05:00,2.75,3.009999990463257,2.700000047683716,2.930000066757202,49800,0.0,0.0
2025-01-15 00:00:00-05:00,2.990000009536743,3.200000047683716,2.990000009536743,3.130000114440918,65700,0.0,0.0
2025-01-16 00:00:00-05:00,3.190000057220459,3.200000047683716,3.0,3.069999933242798,38300,0.0,0.0
2025-01-17 00:00:00-05:00,3.140000104904175,3.4000000953674316,2.950000047683716,3.240000009536743,108400,0.0,0.0
2025-01-20 00:00:00-05:00,3.380000114440918,3.5,3.2699999809265137,3.390000104904175,54700,0.0,0.0
2025-01-21 00:00:00-05:00,3.240000009536743,3.319999933242798,3.0899999141693115,3.119999885559082,44100,0.0,0.0
2025-01-22 00:00:00-05:00,3.240000009536743,3.240000009536743,2.6500000953674316,2.799999952316284,132100,0.0,0.0
2025-01-23 00:00:00-05:00,2.9000000953674316,3.1500000953674316,2.8499999046325684,3.0999999046325684,74700,0.0,0.0
2025-01-24 00:00:00-05:00,3.009999990463257,3.2100000381469727,3.009999990463257,3.190000057220459,51500,0.0,0.0
2025-01-27 00:00:00-05:00,3.1500000953674316,3.1700000762939453,2.950000047683716,3.059999942779541,46400,0.0,0.0
2025-01-28 00:00:00-05:00,3.0399999618530273,3.0399999618530273,2.930000066757202,3.0,12200,0.0,0.0
2025-01-29 00:00:00-05:00,2.990000009536743,3.0399999618530273,2.924999952316284,3.0299999713897705,19000,0.0,0.0
2025-01-30 00:00:00-05:00,3.0399999618530273,3.369999885559082,2.950000047683716,3.1600000858306885,98300,0.0,0.0
2025-01-31 00:00:00-05:00,3.0299999713897705,3.109999895095825,3.0,3.0299999713897705,46800,0.0,0.0
2025-02-03 00:00:00-05:00,2.9000000953674316,2.9200000762939453,2.740000009536743,2.8299999237060547,102900,0.0,0.0
2025-02-04 00:00:00-05:00,2.859999895095825,3.049999952316284,2.859999895095825,3.0199999809265137,25100,0.0,0.0
2025-02-05 00:00:00-05:00,2.9800000190734863,3.0199999809265137,2.940000057220459,2.9800000190734863,10100,0.0,0.0
2025-02-06 00:00:00-05:00,2.9600000381469727,2.990000009536743,2.8399999141693115,2.9600000381469727,19500,0.0,0.0
2025-02-07 00:00:00-05:00,3.0199999809265137,3.0299999713897705,2.9200000762939453,2.9800000190734863,16900,0.0,0.0
2025-02-10 00:00:00-05:00,3.0,3.0,2.8399999141693115,2.890000104904175,28500,0.0,0.0
2025-02-11 00:00:00-05:00,2.819999933242798,2.8499999046325684,2.799999952316284,2.799999952316284,29800,0.0,0.0
2025-02-12 00:00:00-05:00,2.7799999713897705,2.799999952316284,2.740000009536743,2.759999990463257,14400,0.0,0.0
2025-02-13 00:00:00-05:00,2.7300000190734863,2.890000104904175,2.7300000190734863,2.890000104904175,23200,0.0,0.0
2025-02-14 00:00:00-05:00,2.9200000762939453,2.9200000762939453,2.6600000858306885,2.7200000286102295,134200,0.0,0.0
2025-02-18 00:00:00-05:00,2.7100000381469727,2.7200000286102295,2.619999885559082,2.6500000953674316,19800,0.0,0.0
2025-02-19 00:00:00-05:00,2.7200000286102295,2.7200000286102295,2.5299999713897705,2.6500000953674316,20500,0.0,0.0
2025-02-20 00:00:00-05:00,2.609999895095825,2.6500000953674316,2.559999942779541,2.569999933242798,9100,0.0,0.0
2025-02-21 00:00:00-05:00,2.549999952316284,2.5999999046325684,2.380000114440918,2.4000000953674316,46200,0.0,0.0
2025-02-24 00:00:00-05:00,2.380000114440918,2.4000000953674316,2.2200000286102295,2.4000000953674316,31200,0.0,0.0
2025-02-25 00:00:00-05:00,2.369999885559082,2.369999885559082,2.2799999713897705,2.3399999141693115,9400,0.0,0.0
2025-02-26 00:00:00-05:00,2.359999895095825,2.4100000858306885,2.3399999141693115,2.3399999141693115,11600,0.0,0.0
2025-02-27 00:00:00-05:00,2.319999933242798,2.3499999046325684,2.259999990463257,2.259999990463257,17400,0.0,0.0
2025-02-28 00:00:00-05:00,2.299999952316284,2.299999952316284,2.25,2.2699999809265137,6400,0.0,0.0
2025-03-03 00:00:00-05:00,2.299999952316284,2.299999952316284,2.0299999713897705,2.055000066757202,25000,0.0,0.0
2025-03-04 00:00:00-05:00,1.9299999475479126,2.140000104904175,1.9299999475479126,2.119999885559082,39100,0.0,0.0
2025-03-05 00:00:00-05:00,2.119999885559082,2.369999885559082,2.0999999046325684,2.309999942779541,32600,0.0,0.0
2025-03-06 00:00:00-05:00,2.3399999141693115,2.390000104904175,2.2300000190734863,2.25,8800,0.0,0.0
2025-03-07 00:00:00-05:00,2.240000009536743,2.259999990463257,2.109999895095825,2.190000057220459,22800,0.0,0.0
2025-03-10 00:00:00-04:00,2.109999895095825,2.1600000858306885,2.0,2.0799999237060547,19600,0.0,0.0
2025-03-11 00:00:00-04:00,2.0799999237060547,2.109999895095825,2.0299999713897705,2.109999895095825,12900,0.0,0.0
2025-03-12 00:00:00-04:00,2.0799999237060547,2.259999990463257,2.0799999237060547,2.2100000381469727,7200,0.0,0.0
2025-03-13 00:00:00-04:00,2.180000066757202,2.180000066757202,2.109999895095825,2.130000114440918,9400,0.0,0.0
2025-03-14 00:00:00-04:00,2.119999885559082,2.200000047683716,2.119999885559082,2.1500000953674316,5700,0.0,0.0
2025-03-17 00:00:00-04:00,2.1700000762939453,2.2899999618530273,2.1700000762939453,2.2899999618530273,13800,0.0,0.0
2025-03-18 00:00:00-04:00,2.4200000762939453,2.4200000762939453,2.259999990463257,2.2899999618530273,31800,0.0,0.0
2025-03-19 00:00:00-04:00,2.359999895095825,2.359999895095825,2.2799999713897705,2.3399999141693115,4800,0.0,0.0
2025-03-20 00:00:00-04:00,2.3399999141693115,2.390000104904175,2.2899999618530273,2.359999895095825,25300,0.0,0.0
2025-03-21 00:00:00-04:00,2.4000000953674316,2.569999933242798,2.4000000953674316,2.5299999713897705,44100,0.0,0.0
2025-03-24 00:00:00-04:00,2.549999952316284,2.549999952316284,2.4000000953674316,2.440000057220459,11900,0.0,0.0
2025-03-25 00:00:00-04:00,2.450000047683716,2.4600000381469727,2.3499999046325684,2.369999885559082,6600,0.0,0.0
2025-03-26 00:00:00-04:00,2.309999942779541,2.369999885559082,2.2300000190734863,2.259999990463257,19600,0.0,0.0
2025-03-27 00:00:00-04:00,2.240000009536743,2.259999990463257,2.190000057220459,2.2200000286102295,9900,0.0,0.0
2025-03-28 00:00:00-04:00,2.190000057220459,2.2100000381469727,2.0899999141693115,2.1500000953674316,15700,0.0,0.0
2025-03-31 00:00:00-04:00,2.2300000190734863,2.2300000190734863,2.059999942779541,2.140000104904175,21100,0.0,0.0
2025-04-01 00:00:00-04:00,2.0899999141693115,2.180000066757202,2.0899999141693115,2.109999895095825,19900,0.0,0.0
2025-04-02 00:00:00-04:00,2.0399999618530273,2.1700000762939453,2.0399999618530273,2.1700000762939453,8300,0.0,0.0
2025-04-03 00:00:00-04:00,2.119999885559082,2.119999885559082,2.0299999713897705,2.0399999618530273,29200,0.0,0.0
2025-04-04 00:00:00-04:00,2.009999990463257,2.1500000953674316,1.899999976158142,1.909999966621399,40900,0.0,0.0
2025-04-07 00:00:00-04:00,1.899999976158142,2.0,1.8300000429153442,1.9700000286102295,30100,0.0,0.0
2025-04-08 00:00:00-04:00,1.9800000190734863,2.049999952316284,1.899999976158142,1.9199999570846558,42000,0.0,0.0
2025-04-09 00:00:00-04:00,2.059999942779541,2.069999933242798,1.899999976158142,2.0399999618530273,21900,0.0,0.0
2025-04-10 00:00:00-04:00,2.200000047683716,2.450000047683716,2.059999942779541,2.1700000762939453,75000,0.0,0.0
2025-04-11 00:00:00-04:00,2.359999895095825,2.359999895095825,2.200000047683716,2.299999952316284,24100,0.0,0.0
2025-04-14 00:00:00-04:00,2.2799999713897705,2.3299999237060547,2.25,2.2899999618530273,13400,0.0,0.0
2025-04-15 00:00:00-04:00,2.390000104904175,2.390000104904175,2.259999990463257,2.299999952316284,33500,0.0,0.0
2025-04-16 00:00:00-04:00,2.240000009536743,2.549999952316284,2.234999895095825,2.5199999809265137,66400,0.0,0.0
2025-04-17 00:00:00-04:00,2.640000104904175,2.8299999237060547,2.630000114440918,2.6700000762939453,115900,0.0,0.0
2025-04-21 00:00:00-04:00,2.6500000953674316,2.759999990463257,2.549999952316284,2.569999933242798,60700,0.0,0.0
2025-04-22 00:00:00-04:00,2.5799999237060547,2.6600000858306885,2.549999952316284,2.6500000953674316,27800,0.0,0.0
2025-04-23 00:00:00-04:00,2.7100000381469727,2.7100000381469727,2.5799999237060547,2.5799999237060547,18900,0.0,0.0
2025-04-24 00:00:00-04:00,2.630000114440918,2.630000114440918,2.4800000190734863,2.5199999809265137,42200,0.0,0.0
2025-04-25 00:00:00-04:00,2.4800000190734863,2.5199999809265137,2.309999942779541,2.4100000858306885,46900,0.0,0.0
2025-04-28 00:00:00-04:00,2.390000104904175,2.390000104904175,2.2200000286102295,2.25,63800,0.0,0.0
2025-04-29 00:00:00-04:00,2.25,2.325000047683716,2.2200000286102295,2.299999952316284,23400,0.0,0.0
2025-04-30 00:00:00-04:00,2.309999942779541,2.319999933242798,2.259999990463257,2.2799999713897705,12700,0.0,0.0
2025-05-01 00:00:00-04:00,2.240000009536743,2.359999895095825,2.240000009536743,2.2799999713897705,18200,0.0,0.0
2025-05-02 00:00:00-04:00,2.2699999809265137,2.2799999713897705,2.2200000286102295,2.259999990463257,15500,0.0,0.0
2025-05-05 00:00:00-04:00,2.259999990463257,2.309999942779541,2.200000047683716,2.299999952316284,12600,0.0,0.0
2025-05-06 00:00:00-04:00,2.359999895095825,2.5399999618530273,2.3399999141693115,2.5199999809265137,53100,0.0,0.0
2025-05-07 00:00:00-04:00,2.5199999809265137,2.5199999809265137,2.380000114440918,2.4000000953674316,29200,0.0,0.0
2025-05-08 00:00:00-04:00,2.450000047683716,2.5999999046325684,2.450000047683716,2.5199999809265137,33800,0.0,0.0
2025-05-09 00:00:00-04:00,2.5,2.5399999618530273,2.490000009536743,2.5199999809265137,12400,0.0,0.0
2025-05-12 00:00:00-04:00,2.5399999618530273,2.6600000858306885,2.5299999713897705,2.630000114440918,34400,0.0,0.0
2025-05-13 00:00:00-04:00,2.700000047683716,2.8499999046325684,2.680000066757202,2.7699999809265137,41800,0.0,0.0
2025-05-14 00:00:00-04:00,2.859999895095825,2.859999895095825,2.6700000762939453,2.7300000190734863,20700,0.0,0.0
2025-05-15 00:00:00-04:00,2.7200000286102295,2.7200000286102295,2.569999933242798,2.630000114440918,18900,0.0,0.0
2025-05-16 00:00:00-04:00,2.559999942779541,2.6700000762939453,2.559999942779541,2.615000009536743,13000,0.0,0.0
2025-05-20 00:00:00-04:00,2.640000104904175,2.640000104904175,2.4600000381469727,2.5,48400,0.0,0.0
2025-05-21 00:00:00-04:00,2.569999933242798,2.569999933242798,2.380000114440918,2.380000114440918,19900,0.0,0.0
2025-05-22 00:00:00-04:00,2.4200000762939453,2.4200000762939453,2.2899999618530273,2.3399999141693115,89500,0.0,0.0
2025-05-23 00:00:00-04:00,2.3399999141693115,2.5199999809265137,2.3399999141693115,2.509999990463257,18200,0.0,0.0
2025-05-26 00:00:00-04:00,2.450000047683716,2.509999990463257,2.4200000762939453,2.4700000286102295,6700,0.0,0.0
2025-05-27 00:00:00-04:00,2.490000009536743,2.490000009536743,2.4000000953674316,2.4200000762939453,13600,0.0,0.0
2025-05-28 00:00:00-04:00,2.440000057220459,2.4600000381469727,2.430000066757202,2.430000066757202,11400,0.0,0.0
2025-05-29 00:00:00-04:00,2.4100000858306885,2.430000066757202,2.380000114440918,2.4100000858306885,6700,0.0,0.0
2025-05-30 00:00:00-04:00,2.4000000953674316,2.4600000381469727,2.3499999046325684,2.450000047683716,34100,0.0,0.0
2025-06-02 00:00:00-04:00,2.3399999141693115,2.4700000286102295,2.3399999141693115,2.4200000762939453,23300,0.0,0.0
2025-06-03 00:00:00-04:00,2.4600000381469727,2.4800000190734863,2.4200000762939453,2.4200000762939453,12900,0.0,0.0
2025-06-04 00:00:00-04:00,2.4700000286102295,2.4700000286102295,2.3499999046325684,2.450000047683716,29800,0.0,0.0
2025-06-05 00:00:00-04:00,2.4700000286102295,2.4700000286102295,2.380000114440918,2.390000104904175,16900,0.0,0.0
2025-06-06 00:00:00-04:00,2.369999885559082,2.4100000858306885,2.369999885559082,2.369999885559082,22800,0.0,0.0
2025-06-09 00:00:00-04:00,2.359999895095825,2.380000114440918,2.319999933242798,2.369999885559082,22300,0.0,0.0
2025-06-10 00:00:00-04:00,2.3499999046325684,2.369999885559082,2.319999933242798,2.3299999237060547,19200,0.0,0.0
2025-06-11 00:00:00-04:00,2.4600000381469727,2.5799999237060547,2.4000000953674316,2.509999990463257,51200,0.0,0.0
2025-06-12 00:00:00-04:00,2.5299999713897705,2.5299999713897705,2.4800000190734863,2.4800000190734863,24000,0.0,0.0
2025-06-13 00:00:00-04:00,2.440000057220459,2.440000057220459,2.369999885559082,2.3949999809265137,24500,0.0,0.0
2025-06-16 00:00:00-04:00,2.390000104904175,2.390000104904175,2.319999933242798,2.359999895095825,10100,0.0,0.0
2025-06-17 00:00:00-04:00,2.3399999141693115,2.390000104904175,2.3399999141693115,2.369999885559082,13300,0.0,0.0
2025-06-18 00:00:00-04:00,2.3499999046325684,2.4100000858306885,2.3499999046325684,2.380000114440918,8800,0.0,0.0
2025-06-19 00:00:00-04:00,2.369999885559082,2.390000104904175,2.3399999141693115,2.3399999141693115,12400,0.0,0.0
2025-06-20 00:00:00-04:00,2.3499999046325684,2.369999885559082,2.3299999237060547,2.3399999141693115,11600,0.0,0.0
2025-06-23 00:00:00-04:00,2.319999933242798,2.3499999046325684,2.2699999809265137,2.2799999713897705,39600,0.0,0.0
2025-06-24 00:00:00-04:00,2.319999933242798,2.319999933242798,2.2300000190734863,2.25,23500,0.0,0.0
2025-06-25 00:00:00-04:00,2.2899999618530273,2.309999942779541,2.2699999809265137,2.2799999713897705,23500,0.0,0.0
2025-06-26 00:00:00-04:00,2.2799999713897705,2.319999933242798,2.25,2.259999990463257,13100,0.0,0.0
2025-06-27 00:00:00-04:00,2.309999942779541,2.309999942779541,2.240000009536743,2.25,18900,0.0,0.0
2025-06-30 00:00:00-04:00,2.25,2.259999990463257,2.2200000286102295,2.240000009536743,11000,0.0,0.0
2025-07-02 00:00:00-04:00,2.2300000190734863,2.25,2.2200000286102295,2.240000009536743,14100,0.0,0.0
2025-07-03 00:00:00-04:00,2.259999990463257,2.2699999809265137,2.2300000190734863,2.259999990463257,23300,0.0,0.0
2025-07-04 00:00:00-04:00,2.259999990463257,2.2899999618530273,2.240000009536743,2.240000009536743,21000,0.0,0.0
2025-07-07 00:00:00-04:00,2.240000009536743,2.2699999809265137,2.2300000190734863,2.25,11800,0.0,0.0
2025-07-08 00:00:00-04:00,2.259999990463257,2.2699999809265137,2.2300000190734863,2.2699999809265137,10100,0.0,0.0
2025-07-09 00:00:00-04:00,2.2699999809265137,2.299999952316284,2.25,2.2799999713897705,20000,0.0,0.0
2025-07-10 00:00:00-04:00,2.3499999046325684,2.5,2.319999933242798,2.5,36000,0.0,0.0
2025-07-11 00:00:00-04:00,2.490000009536743,2.5399999618530273,2.490000009536743,2.5399999618530273,45800,0.0,0.0
2025-07-14 00:00:00-04:00,2.509999990463257,2.5199999809265137,2.4200000762939453,2.4200000762939453,25200,0.0,0.0
2025-07-15 00:00:00-04:00,2.390000104904175,2.4100000858306885,2.3399999141693115,2.369999885559082,21300,0.0,0.0
2025-07-16 00:00:00-04:00,2.359999895095825,2.4200000762939453,2.359999895095825,2.359999895095825,15300,0.0,0.0
2025-07-17 00:00:00-04:00,2.359999895095825,3.0899999141693115,2.319999933242798,3.0,341100,0.0,0.0
2025-07-18 00:00:00-04:00,3.009999990463257,3.4100000858306885,2.880000114440918,2.9100000858306885,297300,0.0,0.0
2025-07-21 00:00:00-04:00,3.0,3.259999990463257,2.859999895095825,2.950000047683716,210500,0.0,0.0
2025-07-22 00:00:00-04:00,3.0,3.0,2.859999895095825,2.9800000190734863,38600,0.0,0.0
2025-07-23 00:00:00-04:00,2.9700000286102295,2.990000009536743,2.9100000858306885,2.950000047683716,61300,0.0,0.0
2025-07-24 00:00:00-04:00,2.950000047683716,2.9600000381469727,2.799999952316284,2.859999895095825,51700,0.0,0.0
2025-07-25 00:00:00-04:00,2.819999933242798,2.819999933242798,2.7200000286102295,2.7799999713897705,71100,0.0,0.0
2025-07-28 00:00:00-04:00,2.759999990463257,2.759999990463257,2.6500000953674316,2.690000057220459,35700,0.0,0.0
2025-07-29 00:00:00-04:00,2.6700000762939453,2.6700000762939453,2.5399999618530273,2.5399999618530273,49400,0.0,0.0
2025-07-30 00:00:00-04:00,2.5299999713897705,2.549999952316284,2.4100000858306885,2.4600000381469727,48500,0.0,0.0
2025-07-31 00:00:00-04:00,2.5,2.5299999713897705,2.4600000381469727,2.5,19200,0.0,0.0
2025-08-01 00:00:00-04:00,2.5199999809265137,2.5199999809265137,2.4100000858306885,2.430000066757202,24500,0.0,0.0
2025-08-05 00:00:00-04:00,2.450000047683716,2.680000066757202,2.450000047683716,2.680000066757202,37200,0.0,0.0
2025-08-06 00:00:00-04:00,2.700000047683716,2.7200000286102295,2.6500000953674316,2.690000057220459,22200,0.0,0.0
2025-08-07 00:00:00-04:00,2.680000066757202,2.700000047683716,2.615000009536743,2.640000104904175,22900,0.0,0.0
2025-08-08 00:00:00-04:00,2.5899999141693115,2.680000066757202,2.5899999141693115,2.6600000858306885,19900,0.0,0.0
2025-08-11 00:00:00-04:00,2.6600000858306885,2.7799999713897705,2.6600000858306885,2.7200000286102295,35700,0.0,0.0
2025-08-12 00:00:00-04:00,2.7100000381469727,2.859999895095825,2.7100000381469727,2.819999933242798,48600,0.0,0.0
2025-08-13 00:00:00-04:00,2.890000104904175,2.930000066757202,2.859999895095825,2.880000114440918,78800,0.0,0.0
2025-08-14 00:00:00-04:00,2.880000114440918,2.940000057220459,2.859999895095825,2.9200000762939453,22000,0.0,0.0
2025-08-15 00:00:00-04:00,2.950000047683716,2.950000047683716,2.744999885559082,2.7799999713897705,35300,0.0,0.0
2025-08-18 00:00:00-04:00,2.809999942779541,2.809999942779541,2.690000057220459,2.690000057220459,39000,0.0,0.0
2025-08-19 00:00:00-04:00,2.700000047683716,2.700000047683716,2.5199999809265137,2.5899999141693115,56000,0.0,0.0
2025-08-20 00:00:00-04:00,2.549999952316284,2.5799999237060547,2.5,2.509999990463257,21200,0.0,0.0
2025-08-21 00:00:00-04:00,2.5199999809265137,2.5899999141693115,2.5,2.559999942779541,14200,0.0,0.0
2025-08-22 00:00:00-04:00,2.569999933242798,2.6500000953674316,2.559999942779541,2.630000114440918,24600,0.0,0.0
2025-08-25 00:00:00-04:00,2.640000104904175,2.7200000286102295,2.630000114440918,2.700000047683716,32700,0.0,0.0
2025-08-26 00:00:00-04:00,2.7200000286102295,2.7200000286102295,2.6500000953674316,2.7100000381469727,22000,0.0,0.0
2025-08-27 00:00:00-04:00,2.7200000286102295,2.7200000286102295,2.6600000858306885,2.680000066757202,6300,0.0,0.0
2025-08-28 00:00:00-04:00,2.630000114440918,2.690000057220459,2.5999999046325684,2.640000104904175,18200,0.0,0.0
2025-08-29 00:00:00-04:00,2.690000057220459,2.690000057220459,2.609999895095825,2.680000066757202,29700,0.0,0.0
2025-09-02 00:00:00-04:00,2.609999895095825,2.690000057220459,2.609999895095825,2.680000066757202,11300,0.0,0.0
2025-09-03 00:00:00-04:00,2.640000104904175,2.680000066757202,2.640000104904175,2.6500000953674316,15900,0.0,0.0
2025-09-04 00:00:00-04:00,2.7200000286102295,2.7200000286102295,2.630000114440918,2.6500000953674316,16700,0.0,0.0
2025-09-05 00:00:00-04:00,2.6500000953674316,2.700000047683716,2.630000114440918,2.700000047683716,17100,0.0,0.0
2025-09-08 00:00:00-04:00,2.690000057220459,2.690000057220459,2.630000114440918,2.630000114440918,12200,0.0,0.0
2025-09-09 00:00:00-04:00,2.6500000953674316,2.690000057220459,2.6500000953674316,2.6500000953674316,9500,0.0,0.0
2025-09-10 00:00:00-04:00,2.690000057220459,2.7100000381469727,2.6500000953674316,2.6700000762939453,34800,0.0,0.0
2025-09-11 00:00:00-04:00,2.75,2.75,2.6700000762939453,2.700000047683716,39500,0.0,0.0
2025-09-12 00:00:00-04:00,2.809999942779541,3.0,2.7200000286102295,2.9700000286102295,65100,0.0,0.0
2025-09-15 00:00:00-04:00,3.0,3.0,2.8399999141693115,2.930000066757202,46900,0.0,0.0
2025-09-16 00:00:00-04:00,2.950000047683716,2.9700000286102295,2.869999885559082,2.9200000762939453,20500,0.0,0.0
2025-09-17 00:00:00-04:00,2.940000057220459,2.950000047683716,2.880000114440918,2.950000047683716,24200,0.0,0.0
2025-09-18 00:00:00-04:00,2.9100000858306885,3.180000066757202,2.9100000858306885,3.1600000858306885,84900,0.0,0.0
2025-09-19 00:00:00-04:00,3.140000104904175,3.140000104904175,3.0199999809265137,3.069999933242798,46400,0.0,0.0
2025-09-22 00:00:00-04:00,3.130000114440918,3.130000114440918,2.9800000190734863,2.990000009536743,71900,0.0,0.0
2025-09-23 00:00:00-04:00,2.990000009536743,3.0999999046325684,2.9800000190734863,3.009999990463257,70400,0.0,0.0
2025-09-24 00:00:00-04:00,3.119999885559082,3.5,3.0999999046325684,3.5,196500,0.0,0.0
2025-09-25 00:00:00-04:00,3.4800000190734863,3.490000009536743,3.319999933242798,3.380000114440918,77800,0.0,0.0
2025-09-26 00:00:00-04:00,3.5,3.5,3.2899999618530273,3.3299999237060547,26300,0.0,0.0
2025-09-29 00:00:00-04:00,3.380000114440918,3.8499999046325684,3.299999952316284,3.75,194300,0.0,0.0
2025-09-30 00:00:00-04:00,3.7100000381469727,3.9700000286102295,3.640000104904175,3.890000104904175,87900,0.0,0.0
2025-10-01 00:00:00-04:00,3.9600000381469727,3.990000009536743,3.700000047683716,3.809999942779541,78400,0.0,0.0
2025-10-02 00:00:00-04:00,3.8499999046325684,3.8499999046325684,3.5899999141693115,3.75,62100,0.0,0.0
2025-10-03 00:00:00-04:00,3.799999952316284,3.9600000381469727,3.7799999713897705,3.9100000858306885,45000,0.0,0.0
2025-10-06 00:00:00-04:00,3.930000066757202,4.110000133514404,3.865000009536743,4.070000171661377,118700,0.0,0.0
2025-10-07 00:00:00-04:00,4.179999828338623,4.550000190734863,4.159999847412109,4.269999980926514,200400,0.0,0.0
2025-10-08 00:00:00-04:00,4.46999979019165,5.0,4.409999847412109,4.960000038146973,235800,0.0,0.0
2025-10-09 00:00:00-04:00,5.579999923706055,5.579999923706055,4.800000190734863,4.920000076293945,364300,0.0,0.0
2025-10-10 00:00:00-04:00,5.309999942779541,5.53000020980835,4.440000057220459,4.670000076293945,311600,0.0,0.0
2025-10-14 00:00:00-04:00,7.5,7.960000038146973,6.230000019073486,6.610000133514404,817300,0.0,0.0
2025-10-15 00:00:00-04:00,6.610000133514404,6.65500020980835,5.099999904632568,5.460000038146973,438900,0.0,0.0
2025-10-16 00:00:00-04:00,5.460000038146973,5.659999847412109,4.590000152587891,4.599999904632568,451700,0.0,0.0
2025-10-17 00:00:00-04:00,3.9800000190734863,5.079999923706055,3.9800000190734863,4.739999771118164,364600,0.0,0.0
2025-10-20 00:00:00-04:00,4.989999771118164,4.989999771118164,4.25,4.53000020980835,147200,0.0,0.0
2025-10-21 00:00:00-04:00,4.480000019073486,4.480000019073486,4.130000114440918,4.190000057220459,124200,0.0,0.0
2025-10-22 00:00:00-04:00,4.090000152587891,4.320000171661377,3.8299999237060547,3.9100000858306885,162500,0.0,0.0
2025-10-23 00:00:00-04:00,4.0,4.260000228881836,4.0,4.099999904632568,97200,0.0,0.0
2025-10-24 00:00:00-04:00,4.190000057220459,4.230000019073486,4.010000228881836,4.099999904632568,70500,0.0,0.0
2025-10-27 00:00:00-04:00,3.9600000381469727,4.039999961853027,3.75,3.890000104904175,113900,0.0,0.0
2025-10-28 00:00:00-04:00,3.880000114440918,3.930000066757202,3.7100000381469727,3.75,95000,0.0,0.0
2025-10-29 00:00:00-04:00,3.7699999809265137,4.070000171661377,3.7699999809265137,3.859999895095825,98200,0.0,0.0
2025-10-30 00:00:00-04:00,4.010000228881836,4.230000019073486,3.880000114440918,3.9800000190734863,93700,0.0,0.0
2025-10-31 00:00:00-04:00,4.389999866485596,4.949999809265137,3.9800000190734863,4.239999771118164,511800,0.0,0.0
2025-11-03 00:00:00-05:00,4.539999961853027,4.539999961853027,3.440000057220459,3.440000057220459,560200,0.0,0.0
2025-11-04 00:00:00-05:00,3.4000000953674316,3.740000009536743,3.25,3.430000066757202,245300,0.0,0.0
2025-11-05 00:00:00-05:00,3.609999895095825,3.7100000381469727,3.4800000190734863,3.5,219500,0.0,0.0
2025-11-06 00:00:00-05:00,3.6600000858306885,3.859999895095825,3.5999999046325684,3.6500000953674316,209100,0.0,0.0
2025-11-07 00:00:00-05:00,3.630000114440918,3.674999952316284,3.359999895095825,3.5899999141693115,175700,0.0,0.0
2025-11-10 00:00:00-05:00,3.9000000953674316,4.070000171661377,3.859999895095825,3.9800000190734863,425300,0.0,0.0
2025-11-11 00:00:00-05:00,4.130000114440918,4.130000114440918,3.8499999046325684,3.890000104904175,164000,0.0,0.0
2025-11-12 00:00:00-05:00,4.190000057220459,4.5,4.119999885559082,4.349999904632568,515000,0.0,0.0
2025-11-13 00:00:00-05:00,5.0,5.0,4.130000114440918,4.170000076293945,913100,0.0,0.0
2025-11-14 00:00:00-05:00,4.269999980926514,4.510000228881836,4.070000171661377,4.150000095367432,554400,0.0,0.0
2025-11-17 00:00:00-05:00,4.0,4.0,3.690000057220459,3.7799999713897705,402500,0.0,0.0
2025-11-18 00:00:00-05:00,3.75,3.859999895095825,3.6600000858306885,3.7699999809265137,203400,0.0,0.0
2025-11-19 00:00:00-05:00,3.759999990463257,3.9600000381469727,3.680000066757202,3.759999990463257,155800,0.0,0.0
2025-11-20 00:00:00-05:00,3.7200000286102295,3.8499999046325684,3.5999999046325684,3.640000104904175,260500,0.0,0.0
2025-11-21 00:00:00-05:00,3.559999942779541,3.5899999141693115,3.440000057220459,3.559999942779541,217200,0.0,0.0
2025-11-24 00:00:00-05:00,3.5399999618530273,3.5999999046325684,3.494999885559082,3.549999952316284,123400,0.0,0.0
2025-11-25 00:00:00-05:00,3.5199999809265137,3.759999990463257,3.5,3.700000047683716,158200,0.0,0.0
2025-11-26 00:00:00-05:00,3.75,3.9200000762939453,3.7300000190734863,3.9000000953674316,176200,0.0,0.0
2025-11-27 00:00:00-05:00,3.869999885559082,3.9200000762939453,3.8299999237060547,3.9200000762939453,43900,0.0,0.0
2025-11-28 00:00:00-05:00,3.859999895095825,4.190000057220459,3.859999895095825,4.190000057220459,251200,0.0,0.0
2025-12-01 00:00:00-05:00,4.150000095367432,4.150000095367432,3.950000047683716,4.039999961853027,150100,0.0,0.0
2025-12-02 00:00:00-05:00,4.079999923706055,4.150000095367432,3.9800000190734863,4.119999885559082,128100,0.0,0.0
2025-12-03 00:00:00-05:00,4.110000133514404,4.340000152587891,4.099999904632568,4.260000228881836,182300,0.0,0.0
2025-12-04 00:00:00-05:00,4.28000020980835,4.53000020980835,4.239999771118164,4.5,243300,0.0,0.0
2025-12-05 00:00:00-05:00,4.559999942779541,4.559999942779541,4.239999771118164,4.25,191500,0.0,0.0
2025-12-08 00:00:00-05:00,4.269999980926514,4.320000171661377,4.15500020980835,4.300000190734863,157100,0.0,0.0
2025-12-09 00:00:00-05:00,4.340000152587891,4.389999866485596,4.190000057220459,4.21999979019165,119700,0.0,0.0
2025-12-10 00:00:00-05:00,4.179999828338623,4.210000038146973,3.990000009536743,4.03000020980835,158200,0.0,0.0
2025-12-11 00:00:00-05:00,3.950000047683716,4.059999942779541,3.869999885559082,3.950000047683716,112800,0.0,0.0
2025-12-12 00:00:00-05:00,4.0,4.230000019073486,3.9100000858306885,4.110000133514404,249100,0.0,0.0
2025-12-15 00:00:00-05:00,4.190000057220459,4.28000020980835,3.950000047683716,4.059999942779541,196600,0.0,0.0
2025-12-16 00:00:00-05:00,4.010000228881836,4.210000038146973,3.950000047683716,4.190000057220459,119200,0.0,0.0
2025-12-17 00:00:00-05:00,4.239999771118164,4.519999980926514,4.21999979019165,4.25,212900,0.0,0.0
2025-12-18 00:00:00-05:00,3.799999952316284,3.799999952316284,3.4600000381469727,3.5,734100,0.0,0.0
2025-12-19 00:00:00-05:00,3.5899999141693115,3.5899999141693115,3.3299999237060547,3.4600000381469727,333000,0.0,0.0
2025-12-22 00:00:00-05:00,3.4800000190734863,3.6700000762939453,3.4800000190734863,3.619999885559082,176800,0.0,0.0
2025-12-23 00:00:00-05:00,3.7100000381469727,3.7100000381469727,3.5,3.609999895095825,130800,0.0,0.0
2025-12-24 00:00:00-05:00,3.609999895095825,3.6500000953674316,3.5199999809265137,3.630000114440918,42600,0.0,0.0
2025-12-29 00:00:00-05:00,3.5899999141693115,3.5899999141693115,3.4100000858306885,3.450000047683716,203700,0.0,0.0
2025-12-30 00:00:00-05:00,3.490000009536743,3.5199999809265137,3.4100000858306885,3.4200000762939453,135100,0.0,0.0
2025-12-31 00:00:00-05:00,3.4200000762939453,3.509999990463257,3.3499999046325684,3.3499999046325684,145400,0.0,0.0
2026-01-02 00:00:00-05:00,3.4100000858306885,3.569999933242798,3.380000114440918,3.559999942779541,168700,0.0,0.0
2026-01-05 00:00:00-05:00,3.680000066757202,3.890000104904175,3.6600000858306885,3.799999952316284,258500,0.0,0.0
2026-01-06 00:00:00-05:00,3.75,3.950000047683716,3.680000066757202,3.880000114440918,207100,0.0,0.0
2026-01-07 00:00:00-05:00,3.9000000953674316,4.179999828338623,3.8399999141693115,4.159999847412109,291900,0.0,0.0
2026-01-08 00:00:00-05:00,4.119999885559082,4.119999885559082,3.890000104904175,3.930000066757202,157300,0.0,0.0
2026-01-09 00:00:00-05:00,3.9800000190734863,4.090000152587891,3.890000104904175,3.9600000381469727,214800,0.0,0.0
2026-01-12 00:00:00-05:00,4.059999942779541,4.260000228881836,4.014999866485596,4.239999771118164,338700,0.0,0.0
2026-01-13 00:00:00-05:00,4.260000228881836,4.480000019073486,4.199999809265137,4.25,280700,0.0,0.0
2026-01-14 00:00:00-05:00,4.25,4.309999942779541,4.130000114440918,4.28000020980835,192900,0.0,0.0
2026-01-15 00:00:00-05:00,4.300000190734863,4.300000190734863,4.099999904632568,4.139999866485596,173300,0.0,0.0
2026-01-16 00:00:00-05:00,4.130000114440918,4.300000190734863,4.079999923706055,4.25,202300,0.0,0.0
2026-01-19 00:00:00-05:00,4.269999980926514,4.269999980926514,4.130000114440918,4.170000076293945,93600,0.0,0.0
2026-01-20 00:00:00-05:00,4.170000076293945,4.28000020980835,4.139999866485596,4.179999828338623,194600,0.0,0.0
2026-01-21 00:00:00-05:00,4.210000038146973,4.269999980926514,4.039999961853027,4.139999866485596,183000,0.0,0.0
2026-01-22 00:00:00-05:00,4.25,4.289999961853027,4.184999942779541,4.239999771118164,301900,0.0,0.0
2026-01-23 00:00:00-05:00,4.25,4.260000228881836,4.179999828338623,4.21999979019165,190300,0.0,0.0
2026-01-26 00:00:00-05:00,4.329999923706055,4.380000114440918,3.950000047683716,3.9700000286102295,529000,0.0,0.0
2026-01-27 00:00:00-05:00,3.990000009536743,4.170000076293945,3.950000047683716,4.150000095367432,243700,0.0,0.0
2026-01-28 00:00:00-05:00,4.199999809265137,4.199999809265137,4.019999980926514,4.070000171661377,156400,0.0,0.0
2026-01-29 00:00:00-05:00,4.070000171661377,4.079999923706055,3.609999895095825,3.630000114440918,584500,0.0,0.0
2026-01-30 00:00:00-05:00,3.640000104904175,3.640000104904175,3.1700000762939453,3.1700000762939453,593200,0.0,0.0
2026-02-02 00:00:00-05:00,3.430000066757202,3.450000047683716,3.140000104904175,3.1700000762939453,453500,0.0,0.0
2026-02-03 00:00:00-05:00,3.3299999237060547,3.490000009536743,3.190000057220459,3.4200000762939453,583900,0.0,0.0
2026-02-04 00:00:00-05:00,3.5299999713897705,3.5299999713897705,3.0,3.009999990463257,723900,0.0,0.0
2026-02-05 00:00:00-05:00,3.0,3.009999990463257,2.700000047683716,2.7100000381469727,671400,0.0,0.0
2026-02-06 00:00:00-05:00,2.7300000190734863,2.944999933242798,2.7200000286102295,2.890000104904175,330200,0.0,0.0
2026-02-09 00:00:00-05:00,2.9000000953674316,3.130000114440918,2.859999895095825,3.0899999141693115,341000,0.0,0.0
2026-02-10 00:00:00-05:00,3.1500000953674316,3.1500000953674316,2.990000009536743,3.049999952316284,313600,0.0,0.0
2026-02-11 00:00:00-05:00,3.0899999141693115,3.1700000762939453,3.009999990463257,3.1600000858306885,243700,0.0,0.0
2026-02-12 00:00:00-05:00,3.140000104904175,3.140000104904175,2.934999942779541,3.009999990463257,254200,0.0,0.0
2026-02-13 00:00:00-05:00,3.0,3.0299999713897705,2.930000066757202,2.9700000286102295,225100,0.0,0.0
2026-02-17 00:00:00-05:00,2.990000009536743,3.0199999809265137,2.890000104904175,2.990000009536743,143200,0.0,0.0
2026-02-18 00:00:00-05:00,3.0399999618530273,3.0899999141693115,2.9200000762939453,2.9700000286102295,286400,0.0,0.0
2026-02-19 00:00:00-05:00,2.9200000762939453,3.0199999809265137,2.8399999141693115,3.009999990463257,426500,0.0,0.0
2026-02-20 00:00:00-05:00,3.0,3.0399999618530273,2.9000000953674316,2.9700000286102295,240100,0.0,0.0
2026-02-23 00:00:00-05:00,2.9700000286102295,2.9800000190734863,2.9000000953674316,2.950000047683716,222600,0.0,0.0
2026-02-24 00:00:00-05:00,2.940000057220459,3.1700000762939453,2.890000104904175,3.0899999141693115,186100,0.0,0.0
2026-02-25 00:00:00-05:00,3.0799999237060547,3.299999952316284,2.9700000286102295,3.25,408400,0.0,0.0
2026-02-26 00:00:00-05:00,3.240000009536743,3.3399999141693115,3.119999885559082,3.2799999713897705,304500,0.0,0.0
2026-02-27 00:00:00-05:00,3.2799999713897705,3.2799999713897705,2.990000009536743,3.0399999618530273,547900,0.0,0.0
2026-03-02 00:00:00-05:00,3.0799999237060547,3.2300000190734863,2.9600000381469727,3.2200000286102295,414100,0.0,0.0
2026-03-03 00:00:00-05:00,3.0999999046325684,3.109999895095825,2.950000047683716,3.0399999618530273,465400,0.0,0.0
2026-03-04 00:00:00-05:00,3.049999952316284,3.1500000953674316,3.0199999809265137,3.0899999141693115,183700,0.0,0.0
2026-03-05 00:00:00-05:00,3.0799999237060547,3.109999895095825,2.950000047683716,3.009999990463257,288000,0.0,0.0
2026-03-06 00:00:00-05:00,2.950000047683716,3.0,2.884999990463257,2.9100000858306885,317100,0.0,0.0
2026-03-09 00:00:00-04:00,2.869999885559082,2.950000047683716,2.7799999713897705,2.950000047683716,272700,0.0,0.0
2026-03-10 00:00:00-04:00,3.009999990463257,3.180000066757202,2.950000047683716,3.0999999046325684,528900,0.0,0.0
2026-03-11 00:00:00-04:00,3.0999999046325684,3.0999999046325684,2.990000009536743,3.0799999237060547,235800,0.0,0.0
2026-03-12 00:00:00-04:00,2.9800000190734863,3.130000114440918,2.9600000381469727,3.0399999618530273,402400,0.0,0.0
2026-03-13 00:00:00-04:00,3.0899999141693115,3.0899999141693115,2.930000066757202,2.9700000286102295,350700,0.0,0.0
2026-03-16 00:00:00-04:00,3.009999990463257,3.0299999713897705,2.8949999809265137,3.009999990463257,245000,0.0,0.0
2026-03-17 00:00:00-04:00,3.0399999618530273,3.25,3.009999990463257,3.2100000381469727,599400,0.0,0.0
2026-03-18 00:00:00-04:00,3.25,3.25,3.049999952316284,3.059999942779541,419363,0.0,0.0
