Date,Open,High,Low,Close,Volume,Dividends,Stock Splits
2022-01-03 00:00:00-05:00,3.6500000953674316,3.9000000953674316,3.6500000953674316,3.9000000953674316,146600,0.0,0.0
2022-01-04 00:00:00-05:00,3.759999990463257,3.759999990463257,3.5999999046325684,3.680000066757202,250600,0.0,0.0
2022-01-05 00:00:00-05:00,3.5999999046325684,3.680000066757202,3.109999895095825,3.359999895095825,638800,0.0,0.0
2022-01-06 00:00:00-05:00,3.2699999809265137,3.390000104904175,3.009999990463257,3.059999942779541,516800,0.0,0.0
2022-01-07 00:00:00-05:00,3.049999952316284,3.190000057220459,3.0,3.0999999046325684,204000,0.0,0.0
2022-01-10 00:00:00-05:00,3.186000108718872,3.186000108718872,3.0,3.0799999237060547,269000,0.0,0.0
2022-01-11 00:00:00-05:00,3.049999952316284,3.190999984741211,3.0,3.0999999046325684,241900,0.0,0.0
2022-01-12 00:00:00-05:00,3.0899999141693115,3.2170000076293945,3.0420000553131104,3.1600000858306885,125000,0.0,0.0
2022-01-13 00:00:00-05:00,3.2850000858306885,3.2850000858306885,3.075000047683716,3.1600000858306885,101700,0.0,0.0
2022-01-14 00:00:00-05:00,3.0299999713897705,3.130000114440918,2.9200000762939453,2.9800000190734863,199900,0.0,0.0
2022-01-18 00:00:00-05:00,2.930000066757202,2.9800000190734863,2.9000000953674316,2.9000000953674316,185600,0.0,0.0
2022-01-19 00:00:00-05:00,3.0,3.0,2.809999942779541,2.880000114440918,132700,0.0,0.0
2022-01-20 00:00:00-05:00,2.880000114440918,2.930000066757202,2.75,2.75,146100,0.0,0.0
2022-01-21 00:00:00-05:00,2.740000009536743,2.740000009536743,2.2200000286102295,2.2899999618530273,665800,0.0,0.0
2022-01-24 00:00:00-05:00,2.2300000190734863,2.2899999618530273,1.9600000381469727,2.2200000286102295,618000,0.0,0.0
2022-01-25 00:00:00-05:00,2.25,2.700000047683716,2.180000066757202,2.450000047683716,316700,0.0,0.0
2022-01-26 00:00:00-05:00,2.4800000190734863,2.9100000858306885,2.4800000190734863,2.609999895095825,540600,0.0,0.0
2022-01-27 00:00:00-05:00,2.6700000762939453,2.75,2.4800000190734863,2.5399999618530273,125700,0.0,0.0
2022-01-28 00:00:00-05:00,2.7899999618530273,2.7899999618530273,2.427999973297119,2.630000114440918,108700,0.0,0.0
2022-01-31 00:00:00-05:00,2.4100000858306885,2.7200000286102295,2.4100000858306885,2.6500000953674316,237300,0.0,0.0
2022-02-01 00:00:00-05:00,2.7200000286102295,2.7200000286102295,2.559999942779541,2.5850000381469727,106000,0.0,0.0
2022-02-02 00:00:00-05:00,2.549999952316284,2.61899995803833,2.5,2.509999990463257,72100,0.0,0.0
2022-02-03 00:00:00-05:00,2.569999933242798,2.569999933242798,2.450000047683716,2.490000009536743,86200,0.0,0.0
2022-02-04 00:00:00-05:00,2.5399999618530273,2.549999952316284,2.440000057220459,2.5199999809265137,101100,0.0,0.0
2022-02-07 00:00:00-05:00,2.5199999809265137,2.619999885559082,2.490000009536743,2.5299999713897705,73100,0.0,0.0
2022-02-08 00:00:00-05:00,2.609999895095825,2.609999895095825,2.5199999809265137,2.559999942779541,47300,0.0,0.0
2022-02-09 00:00:00-05:00,2.6500000953674316,2.680000066757202,2.5299999713897705,2.5899999141693115,88900,0.0,0.0
2022-02-10 00:00:00-05:00,2.509999990463257,2.640000104904175,2.509999990463257,2.559999942779541,101900,0.0,0.0
2022-02-11 00:00:00-05:00,2.559999942779541,2.6500000953674316,2.5,2.549999952316284,65500,0.0,0.0
2022-02-14 00:00:00-05:00,2.5999999046325684,2.609999895095825,2.5299999713897705,2.5999999046325684,75700,0.0,0.0
2022-02-15 00:00:00-05:00,2.559999942779541,2.75600004196167,2.430000066757202,2.640000104904175,164200,0.0,0.0
2022-02-16 00:00:00-05:00,2.5799999237060547,2.619999885559082,2.4600000381469727,2.5199999809265137,78200,0.0,0.0
2022-02-17 00:00:00-05:00,2.693000078201294,2.693000078201294,2.509999990463257,2.5899999141693115,80700,0.0,0.0
2022-02-18 00:00:00-05:00,2.5899999141693115,2.630000114440918,2.4779999256134033,2.5299999713897705,67600,0.0,0.0
2022-02-22 00:00:00-05:00,2.5399999618530273,2.569999933242798,2.3399999141693115,2.440000057220459,212400,0.0,0.0
2022-02-23 00:00:00-05:00,2.549999952316284,2.559999942779541,2.2100000381469727,2.25,148300,0.0,0.0
2022-02-24 00:00:00-05:00,2.25,2.4600000381469727,2.2100000381469727,2.4100000858306885,145500,0.0,0.0
2022-02-25 00:00:00-05:00,2.369999885559082,2.4200000762939453,2.309999942779541,2.309999942779541,54000,0.0,0.0
2022-02-28 00:00:00-05:00,2.259999990463257,2.3399999141693115,2.240000009536743,2.259999990463257,77800,0.0,0.0
2022-03-01 00:00:00-05:00,2.259999990463257,2.430000066757202,2.240000009536743,2.3399999141693115,107200,0.0,0.0
2022-03-02 00:00:00-05:00,2.390000104904175,2.5,2.299999952316284,2.4100000858306885,111000,0.0,0.0
2022-03-03 00:00:00-05:00,2.440000057220459,2.484999895095825,2.369999885559082,2.424999952316284,67100,0.0,0.0
2022-03-04 00:00:00-05:00,2.430000066757202,2.450000047683716,2.359999895095825,2.380000114440918,35700,0.0,0.0
2022-03-07 00:00:00-05:00,2.319999933242798,2.380000114440918,2.240000009536743,2.259999990463257,110900,0.0,0.0
2022-03-08 00:00:00-05:00,2.299999952316284,2.299999952316284,2.049999952316284,2.119999885559082,195500,0.0,0.0
2022-03-09 00:00:00-05:00,2.130000114440918,2.4189999103546143,2.049999952316284,2.259999990463257,87200,0.0,0.0
2022-03-10 00:00:00-05:00,2.2100000381469727,2.4100000858306885,2.0799999237060547,2.380000114440918,60900,0.0,0.0
2022-03-11 00:00:00-05:00,2.390000104904175,2.440000057220459,2.2799999713897705,2.3299999237060547,143400,0.0,0.0
2022-03-14 00:00:00-04:00,2.3299999237060547,2.4100000858306885,2.2799999713897705,2.2899999618530273,84400,0.0,0.0
2022-03-15 00:00:00-04:00,2.4200000762939453,2.559999942779541,2.3499999046325684,2.430000066757202,94000,0.0,0.0
2022-03-16 00:00:00-04:00,2.5199999809265137,2.5199999809265137,2.3499999046325684,2.4200000762939453,70400,0.0,0.0
2022-03-17 00:00:00-04:00,2.390000104904175,2.447999954223633,2.369999885559082,2.4200000762939453,110700,0.0,0.0
2022-03-18 00:00:00-04:00,2.5,2.5,2.375999927520752,2.450000047683716,86800,0.0,0.0
2022-03-21 00:00:00-04:00,2.549999952316284,2.549999952316284,2.311000108718872,2.390000104904175,173500,0.0,0.0
2022-03-22 00:00:00-04:00,2.390000104904175,2.4200000762939453,2.319999933242798,2.3399999141693115,57200,0.0,0.0
2022-03-23 00:00:00-04:00,2.369999885559082,2.369999885559082,2.259999990463257,2.309999942779541,53600,0.0,0.0
2022-03-24 00:00:00-04:00,2.369999885559082,2.369999885559082,2.2899999618530273,2.309999942779541,18000,0.0,0.0
2022-03-25 00:00:00-04:00,2.2899999618530273,2.380000114440918,2.2699999809265137,2.2699999809265137,47600,0.0,0.0
2022-03-28 00:00:00-04:00,2.2699999809265137,2.319999933242798,2.200000047683716,2.200000047683716,66600,0.0,0.0
2022-03-29 00:00:00-04:00,2.2200000286102295,2.305000066757202,2.2200000286102295,2.2799999713897705,44300,0.0,0.0
2022-03-30 00:00:00-04:00,2.319999933242798,2.369999885559082,2.259999990463257,2.2799999713897705,74100,0.0,0.0
2022-03-31 00:00:00-04:00,2.309999942779541,2.319999933242798,2.25,2.2699999809265137,28600,0.0,0.0
2022-04-01 00:00:00-04:00,2.2799999713897705,2.359999895095825,2.2699999809265137,2.359999895095825,64800,0.0,0.0
2022-04-04 00:00:00-04:00,2.2899999618530273,2.4100000858306885,2.2799999713897705,2.390000104904175,95600,0.0,0.0
2022-04-05 00:00:00-04:00,2.309999942779541,2.4000000953674316,2.309999942779541,2.3399999141693115,89700,0.0,0.0
2022-04-06 00:00:00-04:00,2.299999952316284,2.369999885559082,2.240000009536743,2.3299999237060547,76900,0.0,0.0
2022-04-07 00:00:00-04:00,2.309999942779541,2.309999942779541,2.1700000762939453,2.194999933242798,47800,0.0,0.0
2022-04-08 00:00:00-04:00,2.1600000858306885,2.2899999618530273,2.1600000858306885,2.240000009536743,59500,0.0,0.0
2022-04-11 00:00:00-04:00,2.240000009536743,2.25,2.190000057220459,2.190000057220459,50600,0.0,0.0
2022-04-12 00:00:00-04:00,2.1600000858306885,2.305000066757202,2.1600000858306885,2.259999990463257,35600,0.0,0.0
2022-04-13 00:00:00-04:00,2.2899999618530273,2.2899999618530273,2.234999895095825,2.2699999809265137,44200,0.0,0.0
2022-04-14 00:00:00-04:00,2.240000009536743,2.3350000381469727,2.2209999561309814,2.2699999809265137,44600,0.0,0.0
2022-04-18 00:00:00-04:00,2.240000009536743,2.2699999809265137,2.0799999237060547,2.0899999141693115,96400,0.0,0.0
2022-04-19 00:00:00-04:00,2.119999885559082,2.1679999828338623,2.059999942779541,2.0999999046325684,22500,0.0,0.0
2022-04-20 00:00:00-04:00,2.0999999046325684,2.0999999046325684,2.0299999713897705,2.0850000381469727,39400,0.0,0.0
2022-04-21 00:00:00-04:00,2.049999952316284,2.069999933242798,1.9500000476837158,1.9700000286102295,132000,0.0,0.0
2022-04-22 00:00:00-04:00,2.049999952316284,2.049999952316284,1.899999976158142,1.9500000476837158,135600,0.0,0.0
2022-04-25 00:00:00-04:00,1.9299999475479126,2.0199999809265137,1.899999976158142,1.9600000381469727,80900,0.0,0.0
2022-04-26 00:00:00-04:00,1.8899999856948853,1.9500000476837158,1.8600000143051147,1.940000057220459,42200,0.0,0.0
2022-04-27 00:00:00-04:00,1.9900000095367432,1.9900000095367432,1.9299999475479126,1.9500000476837158,43600,0.0,0.0
2022-04-28 00:00:00-04:00,1.940000057220459,1.9900000095367432,1.940000057220459,1.9500000476837158,56100,0.0,0.0
2022-04-29 00:00:00-04:00,1.9700000286102295,2.0,1.8700000047683716,1.909999966621399,63100,0.0,0.0
2022-05-02 00:00:00-04:00,1.8600000143051147,1.899999976158142,1.7599999904632568,1.8200000524520874,183300,0.0,0.0
2022-05-03 00:00:00-04:00,1.7999999523162842,1.8200000524520874,1.5700000524520874,1.600000023841858,285100,0.0,0.0
2022-05-04 00:00:00-04:00,1.6200000047683716,1.7100000381469727,1.600000023841858,1.6799999475479126,92700,0.0,0.0
2022-05-05 00:00:00-04:00,1.7100000381469727,1.8200000524520874,1.649999976158142,1.809999942779541,99900,0.0,0.0
2022-05-06 00:00:00-04:00,1.850000023841858,1.899999976158142,1.7799999713897705,1.850000023841858,149500,0.0,0.0
2022-05-09 00:00:00-04:00,1.9600000381469727,1.9600000381469727,1.809999942779541,1.8700000047683716,95300,0.0,0.0
2022-05-10 00:00:00-04:00,1.809999942779541,1.899999976158142,1.7999999523162842,1.840000033378601,40100,0.0,0.0
2022-05-11 00:00:00-04:00,1.840000033378601,1.840000033378601,1.7200000286102295,1.7699999809265137,117500,0.0,0.0
2022-05-12 00:00:00-04:00,1.7200000286102295,1.7200000286102295,1.6399999856948853,1.6699999570846558,55000,0.0,0.0
2022-05-13 00:00:00-04:00,1.649999976158142,1.75,1.6299999952316284,1.7200000286102295,56700,0.0,0.0
2022-05-16 00:00:00-04:00,1.7300000190734863,1.7699999809265137,1.6200000047683716,1.659999966621399,26400,0.0,0.0
2022-05-17 00:00:00-04:00,1.6699999570846558,1.690000057220459,1.6410000324249268,1.659999966621399,16300,0.0,0.0
2022-05-18 00:00:00-04:00,1.659999966621399,1.7000000476837158,1.6200000047683716,1.6380000114440918,61100,0.0,0.0
2022-05-19 00:00:00-04:00,1.600000023841858,1.690000057220459,1.5800000429153442,1.5800000429153442,21600,0.0,0.0
2022-05-20 00:00:00-04:00,1.5700000524520874,1.6100000143051147,1.5399999618530273,1.5800000429153442,51200,0.0,0.0
2022-05-23 00:00:00-04:00,1.590000033378601,1.6799999475479126,1.5800000429153442,1.6299999952316284,52800,0.0,0.0
2022-05-24 00:00:00-04:00,1.600000023841858,1.6030000448226929,1.5,1.5,55500,0.0,0.0
2022-05-25 00:00:00-04:00,1.4299999475479126,1.5,1.409999966621399,1.440000057220459,91200,0.0,0.0
2022-05-26 00:00:00-04:00,1.4199999570846558,1.5,1.4179999828338623,1.4600000381469727,95400,0.0,0.0
2022-05-27 00:00:00-04:00,1.4600000381469727,1.5490000247955322,1.440000057220459,1.5199999809265137,44000,0.0,0.0
2022-05-31 00:00:00-04:00,1.6399999856948853,1.6399999856948853,1.4500000476837158,1.4900000095367432,59400,0.0,0.0
2022-06-01 00:00:00-04:00,1.5499999523162842,1.5499999523162842,1.4429999589920044,1.4850000143051147,30200,0.0,0.0
2022-06-02 00:00:00-04:00,1.5,1.5,1.4529999494552612,1.4800000190734863,90500,0.0,0.0
2022-06-03 00:00:00-04:00,1.4800000190734863,1.4900000095367432,1.4299999475479126,1.440000057220459,54300,0.0,0.0
2022-06-06 00:00:00-04:00,1.440000057220459,1.4900000095367432,1.409999966621399,1.440000057220459,66000,0.0,0.0
2022-06-07 00:00:00-04:00,1.440000057220459,1.4500000476837158,1.399999976158142,1.409999966621399,48300,0.0,0.0
2022-06-08 00:00:00-04:00,1.4299999475479126,1.4299999475479126,1.3600000143051147,1.3799999952316284,50400,0.0,0.0
2022-06-09 00:00:00-04:00,1.3869999647140503,1.3869999647140503,1.2999999523162842,1.350000023841858,55300,0.0,0.0
2022-06-10 00:00:00-04:00,1.309999942779541,1.340000033378601,1.2300000190734863,1.2699999809265137,83600,0.0,0.0
2022-06-13 00:00:00-04:00,1.2400000095367432,1.25,1.0700000524520874,1.187000036239624,194300,0.0,0.0
2022-06-14 00:00:00-04:00,1.1299999952316284,1.184000015258789,1.0,1.0399999618530273,155400,0.0,0.0
2022-06-15 00:00:00-04:00,1.0800000429153442,1.2200000286102295,1.059999942779541,1.1699999570846558,96700,0.0,0.0
2022-06-16 00:00:00-04:00,1.2200000286102295,1.25,1.159999966621399,1.2200000286102295,61300,0.0,0.0
2022-06-17 00:00:00-04:00,1.1200000047683716,1.187999963760376,1.1100000143051147,1.1399999856948853,49600,0.0,0.0
2022-06-21 00:00:00-04:00,1.2000000476837158,1.2000000476837158,1.100000023841858,1.1299999952316284,54900,0.0,0.0
2022-06-22 00:00:00-04:00,1.100000023841858,1.1699999570846558,1.100000023841858,1.159999966621399,26000,0.0,0.0
2022-06-23 00:00:00-04:00,1.190000057220459,1.25,1.1399999856948853,1.1799999475479126,69100,0.0,0.0
2022-06-24 00:00:00-04:00,1.2100000381469727,1.25,1.159999966621399,1.2300000190734863,70100,0.0,0.0
2022-06-27 00:00:00-04:00,1.2899999618530273,1.2999999523162842,1.2000000476837158,1.2699999809265137,48100,0.0,0.0
2022-06-28 00:00:00-04:00,1.2300000190734863,1.5099999904632568,1.2100000381469727,1.5,95400,0.0,0.0
2022-06-29 00:00:00-04:00,1.600000023841858,1.600000023841858,1.5,1.559999942779541,50400,0.0,0.0
2022-06-30 00:00:00-04:00,1.5499999523162842,1.5499999523162842,1.4800000190734863,1.5199999809265137,81900,0.0,0.0
2022-07-01 00:00:00-04:00,1.5800000429153442,1.7400000095367432,1.524999976158142,1.7000000476837158,100500,0.0,0.0
2022-07-05 00:00:00-04:00,1.649999976158142,1.649999976158142,1.4500000476837158,1.590000033378601,81400,0.0,0.0
2022-07-06 00:00:00-04:00,1.6399999856948853,1.6399999856948853,1.5099999904632568,1.5299999713897705,45200,0.0,0.0
2022-07-07 00:00:00-04:00,1.590000033378601,1.659000039100647,1.5,1.649999976158142,95800,0.0,0.0
2022-07-08 00:00:00-04:00,1.6100000143051147,1.6399999856948853,1.5700000524520874,1.6200000047683716,44800,0.0,0.0
2022-07-11 00:00:00-04:00,1.5700000524520874,1.649999976158142,1.559999942779541,1.559999942779541,38000,0.0,0.0
2022-07-12 00:00:00-04:00,1.5499999523162842,1.6100000143051147,1.5499999523162842,1.559999942779541,25500,0.0,0.0
2022-07-13 00:00:00-04:00,1.5099999904632568,1.559999942779541,1.5,1.5199999809265137,12400,0.0,0.0
2022-07-14 00:00:00-04:00,1.4600000381469727,1.5399999618530273,1.4299999475479126,1.5099999904632568,22500,0.0,0.0
2022-07-15 00:00:00-04:00,1.5,1.5399999618530273,1.4700000286102295,1.5,18900,0.0,0.0
2022-07-18 00:00:00-04:00,1.5700000524520874,1.590000033378601,1.5010000467300415,1.5700000524520874,18400,0.0,0.0
2022-07-19 00:00:00-04:00,1.6399999856948853,1.6399999856948853,1.5499999523162842,1.559999942779541,18600,0.0,0.0
2022-07-20 00:00:00-04:00,1.6200000047683716,1.6200000047683716,1.5299999713897705,1.5499999523162842,6700,0.0,0.0
2022-07-21 00:00:00-04:00,1.5199999809265137,1.5299999713897705,1.4900000095367432,1.5,28200,0.0,0.0
2022-07-22 00:00:00-04:00,1.649999976158142,1.649999976158142,1.4800000190734863,1.4900000095367432,50700,0.0,0.0
2022-07-25 00:00:00-04:00,1.4900000095367432,1.5499999523162842,1.4600000381469727,1.4800000190734863,51000,0.0,0.0
2022-07-26 00:00:00-04:00,1.5099999904632568,1.5299999713897705,1.4500000476837158,1.4800000190734863,24000,0.0,0.0
2022-07-27 00:00:00-04:00,1.4500000476837158,1.5360000133514404,1.4500000476837158,1.4600000381469727,13200,0.0,0.0
2022-07-28 00:00:00-04:00,1.4700000286102295,1.600000023841858,1.4600000381469727,1.600000023841858,22100,0.0,0.0
2022-07-29 00:00:00-04:00,1.4800000190734863,1.590000033378601,1.4700000286102295,1.4800000190734863,37200,0.0,0.0
2022-08-01 00:00:00-04:00,1.5199999809265137,1.5729999542236328,1.4700000286102295,1.534999966621399,43300,0.0,0.0
2022-08-02 00:00:00-04:00,1.5499999523162842,1.5499999523162842,1.4800000190734863,1.4900000095367432,37800,0.0,0.0
2022-08-03 00:00:00-04:00,1.4900000095367432,1.559999942779541,1.4900000095367432,1.5199999809265137,30100,0.0,0.0
2022-08-04 00:00:00-04:00,1.5700000524520874,1.6299999952316284,1.5099999904632568,1.5199999809265137,103800,0.0,0.0
2022-08-05 00:00:00-04:00,1.5199999809265137,1.6299999952316284,1.5199999809265137,1.5299999713897705,87300,0.0,0.0
2022-08-08 00:00:00-04:00,1.6399999856948853,1.649999976158142,1.5499999523162842,1.6399999856948853,102300,0.0,0.0
2022-08-09 00:00:00-04:00,1.5399999618530273,1.6399999856948853,1.5399999618530273,1.600000023841858,41000,0.0,0.0
2022-08-10 00:00:00-04:00,1.6100000143051147,1.899999976158142,1.6100000143051147,1.8200000524520874,182900,0.0,0.0
2022-08-11 00:00:00-04:00,1.809999942779541,2.25,1.809999942779541,1.899999976158142,337300,0.0,0.0
2022-08-12 00:00:00-04:00,1.9900000095367432,1.9900000095367432,1.809999942779541,1.9299999475479126,89600,0.0,0.0
2022-08-15 00:00:00-04:00,1.9800000190734863,1.9800000190734863,1.840000033378601,1.940000057220459,98000,0.0,0.0
2022-08-16 00:00:00-04:00,1.9900000095367432,1.9900000095367432,1.809999942779541,1.850000023841858,38000,0.0,0.0
2022-08-17 00:00:00-04:00,1.7699999809265137,1.9199999570846558,1.75,1.7899999618530273,46900,0.0,0.0
2022-08-18 00:00:00-04:00,1.75,1.899999976158142,1.7100000381469727,1.8600000143051147,73600,0.0,0.0
2022-08-19 00:00:00-04:00,1.8799999952316284,2.0,1.8049999475479126,2.0,110500,0.0,0.0
2022-08-22 00:00:00-04:00,1.940000057220459,1.9700000286102295,1.8700000047683716,1.9600000381469727,50400,0.0,0.0
2022-08-23 00:00:00-04:00,1.9600000381469727,2.049999952316284,1.8700000047683716,2.0199999809265137,56600,0.0,0.0
2022-08-24 00:00:00-04:00,2.0899999141693115,2.0899999141693115,1.899999976158142,2.0,75400,0.0,0.0
2022-08-25 00:00:00-04:00,1.9500000476837158,1.9769999980926514,1.8799999952316284,1.8799999952316284,58800,0.0,0.0
2022-08-26 00:00:00-04:00,1.8799999952316284,1.9299999475479126,1.8200000524520874,1.8700000047683716,67400,0.0,0.0
2022-08-29 00:00:00-04:00,1.940000057220459,1.940000057220459,1.8300000429153442,1.8300000429153442,17900,0.0,0.0
2022-08-30 00:00:00-04:00,1.8700000047683716,1.8700000047683716,1.7699999809265137,1.7699999809265137,36300,0.0,0.0
2022-08-31 00:00:00-04:00,1.850000023841858,1.8700000047683716,1.7000000476837158,1.7300000190734863,107600,0.0,0.0
2022-09-01 00:00:00-04:00,1.7400000095367432,1.7599999904632568,1.7100000381469727,1.7300000190734863,45800,0.0,0.0
2022-09-02 00:00:00-04:00,1.659999966621399,1.899999976158142,1.659999966621399,1.8600000143051147,105600,0.0,0.0
2022-09-06 00:00:00-04:00,1.899999976158142,1.899999976158142,1.840000033378601,1.899999976158142,65800,0.0,0.0
2022-09-07 00:00:00-04:00,1.7799999713897705,1.9199999570846558,1.7799999713897705,1.899999976158142,33900,0.0,0.0
2022-09-08 00:00:00-04:00,1.840000033378601,1.9600000381469727,1.840000033378601,1.8799999952316284,43200,0.0,0.0
2022-09-09 00:00:00-04:00,1.9199999570846558,1.9500000476837158,1.8700000047683716,1.899999976158142,45200,0.0,0.0
2022-09-12 00:00:00-04:00,1.899999976158142,1.9830000400543213,1.8300000429153442,1.8600000143051147,36800,0.0,0.0
2022-09-13 00:00:00-04:00,1.8300000429153442,1.8899999856948853,1.8049999475479126,1.8200000524520874,49600,0.0,0.0
2022-09-14 00:00:00-04:00,1.8600000143051147,1.8700000047683716,1.7999999523162842,1.8700000047683716,26900,0.0,0.0
2022-09-15 00:00:00-04:00,1.8200000524520874,1.899999976158142,1.7899999618530273,1.7999999523162842,39700,0.0,0.0
2022-09-16 00:00:00-04:00,1.7899999618530273,1.8899999856948853,1.7829999923706055,1.809999942779541,30900,0.0,0.0
2022-09-19 00:00:00-04:00,1.7599999904632568,1.8200000524520874,1.7100000381469727,1.7100000381469727,53300,0.0,0.0
2022-09-20 00:00:00-04:00,1.6799999475479126,1.7599999904632568,1.6299999952316284,1.6299999952316284,37700,0.0,0.0
2022-09-21 00:00:00-04:00,1.600000023841858,1.649999976158142,1.5299999713897705,1.5299999713897705,64000,0.0,0.0
2022-09-22 00:00:00-04:00,1.5099999904632568,1.5299999713897705,1.3200000524520874,1.4600000381469727,113700,0.0,0.0
2022-09-23 00:00:00-04:00,1.5299999713897705,1.5299999713897705,1.3509999513626099,1.3600000143051147,100500,0.0,0.0
2022-09-26 00:00:00-04:00,1.309999942779541,1.4639999866485596,1.309999942779541,1.3799999952316284,52100,0.0,0.0
2022-09-27 00:00:00-04:00,1.350000023841858,1.465000033378601,1.309999942779541,1.465000033378601,61100,0.0,0.0
2022-09-28 00:00:00-04:00,1.5199999809265137,1.6299999952316284,1.434999942779541,1.559999942779541,33100,0.0,0.0
2022-09-29 00:00:00-04:00,1.5700000524520874,1.6299999952316284,1.4609999656677246,1.4900000095367432,30700,0.0,0.0
2022-09-30 00:00:00-04:00,1.4500000476837158,1.6100000143051147,1.4299999475479126,1.440000057220459,52400,0.0,0.0
2022-10-03 00:00:00-04:00,1.409999966621399,1.5800000429153442,1.409999966621399,1.5,47200,0.0,0.0
2022-10-04 00:00:00-04:00,1.4500000476837158,1.687000036239624,1.4500000476837158,1.559999942779541,101700,0.0,0.0
2022-10-05 00:00:00-04:00,1.590000033378601,1.649999976158142,1.5,1.5399999618530273,32400,0.0,0.0
2022-10-06 00:00:00-04:00,1.5199999809265137,1.5800000429153442,1.4199999570846558,1.559999942779541,33000,0.0,0.0
2022-10-07 00:00:00-04:00,1.5,1.6399999856948853,1.4800000190734863,1.559999942779541,54500,0.0,0.0
2022-10-10 00:00:00-04:00,1.5399999618530273,1.5399999618530273,1.4900000095367432,1.5199999809265137,14300,0.0,0.0
2022-10-11 00:00:00-04:00,1.5,1.5499999523162842,1.4800000190734863,1.5,16600,0.0,0.0
2022-10-12 00:00:00-04:00,1.4900000095367432,1.5800000429153442,1.4900000095367432,1.5399999618530273,19000,0.0,0.0
2022-10-13 00:00:00-04:00,1.5700000524520874,1.5850000381469727,1.5099999904632568,1.559999942779541,16500,0.0,0.0
2022-10-14 00:00:00-04:00,1.5499999523162842,1.5800000429153442,1.5199999809265137,1.5299999713897705,23900,0.0,0.0
2022-10-17 00:00:00-04:00,1.559999942779541,1.590000033378601,1.559999942779541,1.5700000524520874,27300,0.0,0.0
2022-10-18 00:00:00-04:00,1.559999942779541,1.6100000143051147,1.5499999523162842,1.5499999523162842,39500,0.0,0.0
2022-10-19 00:00:00-04:00,1.5700000524520874,1.5700000524520874,1.5099999904632568,1.5099999904632568,24100,0.0,0.0
2022-10-20 00:00:00-04:00,1.5099999904632568,1.5299999713897705,1.5,1.5,29900,0.0,0.0
2022-10-21 00:00:00-04:00,1.5,1.5,1.440000057220459,1.4600000381469727,34800,0.0,0.0
2022-10-24 00:00:00-04:00,1.4500000476837158,1.4500000476837158,1.350000023841858,1.3600000143051147,31200,0.0,0.0
2022-10-25 00:00:00-04:00,1.3600000143051147,1.4199999570846558,1.3600000143051147,1.3899999856948853,29400,0.0,0.0
2022-10-26 00:00:00-04:00,1.3899999856948853,1.4800000190734863,1.3799999952316284,1.4800000190734863,26300,0.0,0.0
2022-10-27 00:00:00-04:00,1.4700000286102295,1.5,1.4620000123977661,1.4700000286102295,29400,0.0,0.0
2022-10-28 00:00:00-04:00,1.4700000286102295,1.5299999713897705,1.4700000286102295,1.4900000095367432,84500,0.0,0.0
2022-10-31 00:00:00-04:00,1.4900000095367432,1.4919999837875366,1.4299999475479126,1.4500000476837158,25300,0.0,0.0
2022-11-01 00:00:00-04:00,1.4900000095367432,1.5,1.4500000476837158,1.4800000190734863,21100,0.0,0.0
2022-11-02 00:00:00-04:00,1.4600000381469727,1.5,1.4600000381469727,1.4700000286102295,30600,0.0,0.0
2022-11-03 00:00:00-04:00,1.5,1.5,1.4550000429153442,1.4700000286102295,80100,0.0,0.0
2022-11-04 00:00:00-04:00,1.4900000095367432,1.4900000095367432,1.4199999570846558,1.4199999570846558,64500,0.0,0.0
2022-11-07 00:00:00-05:00,1.4500000476837158,1.4869999885559082,1.409000039100647,1.4800000190734863,50600,0.0,0.0
2022-11-08 00:00:00-05:00,1.4299999475479126,1.5,1.399999976158142,1.399999976158142,88800,0.0,0.0
2022-11-09 00:00:00-05:00,1.399999976158142,1.4800000190734863,1.2699999809265137,1.309999942779541,90000,0.0,0.0
2022-11-10 00:00:00-05:00,1.2599999904632568,1.4800000190734863,1.2599999904632568,1.399999976158142,81200,0.0,0.0
2022-11-11 00:00:00-05:00,1.3799999952316284,1.4500000476837158,1.350000023841858,1.350000023841858,40800,0.0,0.0
2022-11-14 00:00:00-05:00,1.2999999523162842,1.409999966621399,1.2999999523162842,1.350000023841858,66800,0.0,0.0
2022-11-15 00:00:00-05:00,1.3799999952316284,1.399999976158142,1.3799999952316284,1.3899999856948853,91300,0.0,0.0
2022-11-16 00:00:00-05:00,1.3899999856948853,1.3899999856948853,1.3300000429153442,1.350000023841858,41100,0.0,0.0
2022-11-17 00:00:00-05:00,1.350000023841858,1.3600000143051147,1.2999999523162842,1.3200000524520874,110900,0.0,0.0
2022-11-18 00:00:00-05:00,1.3200000524520874,1.350000023841858,1.2799999713897705,1.2949999570846558,69400,0.0,0.0
2022-11-21 00:00:00-05:00,1.2799999713897705,1.3200000524520874,1.2799999713897705,1.2999999523162842,39000,0.0,0.0
2022-11-22 00:00:00-05:00,1.2899999618530273,1.3200000524520874,1.2599999904632568,1.2799999713897705,49000,0.0,0.0
2022-11-23 00:00:00-05:00,1.2000000476837158,1.3079999685287476,1.2000000476837158,1.2899999618530273,107100,0.0,0.0
2022-11-25 00:00:00-05:00,1.2699999809265137,1.3200000524520874,1.2699999809265137,1.309999942779541,11100,0.0,0.0
2022-11-28 00:00:00-05:00,1.2999999523162842,1.3200000524520874,1.2699999809265137,1.2699999809265137,22400,0.0,0.0
2022-11-29 00:00:00-05:00,1.3009999990463257,1.3009999990463257,1.2200000286102295,1.2519999742507935,95500,0.0,0.0
2022-11-30 00:00:00-05:00,1.2699999809265137,1.2699999809265137,1.2200000286102295,1.25,126400,0.0,0.0
2022-12-01 00:00:00-05:00,1.2899999618530273,1.2999999523162842,1.2300000190734863,1.2400000095367432,49700,0.0,0.0
2022-12-02 00:00:00-05:00,1.2400000095367432,1.2899999618530273,1.2400000095367432,1.25,58800,0.0,0.0
2022-12-05 00:00:00-05:00,1.2899999618530273,1.350000023841858,1.2100000381469727,1.2599999904632568,112300,0.0,0.0
2022-12-06 00:00:00-05:00,1.2400000095367432,1.2580000162124634,1.2400000095367432,1.2400000095367432,28000,0.0,0.0
2022-12-07 00:00:00-05:00,1.2999999523162842,1.2999999523162842,1.2699999809265137,1.2899999618530273,31800,0.0,0.0
2022-12-08 00:00:00-05:00,1.2799999713897705,1.2999999523162842,1.2200000286102295,1.25,48900,0.0,0.0
2022-12-09 00:00:00-05:00,1.25,1.2799999713897705,1.2100000381469727,1.2400000095367432,44500,0.0,0.0
2022-12-12 00:00:00-05:00,1.2400000095367432,1.2799999713897705,1.2100000381469727,1.2200000286102295,145900,0.0,0.0
2022-12-13 00:00:00-05:00,1.340000033378601,1.340000033378601,1.2200000286102295,1.2400000095367432,285300,0.0,0.0
2022-12-14 00:00:00-05:00,1.25,1.3140000104904175,1.2400000095367432,1.2599999904632568,55900,0.0,0.0
2022-12-15 00:00:00-05:00,1.2200000286102295,1.2990000247955322,1.2000000476837158,1.2000000476837158,49600,0.0,0.0
2022-12-16 00:00:00-05:00,1.2000000476837158,1.2400000095367432,1.159999966621399,1.1699999570846558,112000,0.0,0.0
2022-12-19 00:00:00-05:00,1.2400000095367432,1.2599999904632568,1.2100000381469727,1.25,87800,0.0,0.0
2022-12-20 00:00:00-05:00,1.2400000095367432,1.25,1.1649999618530273,1.1799999475479126,29500,0.0,0.0
2022-12-21 00:00:00-05:00,1.1699999570846558,1.190000057220459,1.1299999952316284,1.1299999952316284,65800,0.0,0.0
2022-12-22 00:00:00-05:00,1.1299999952316284,1.2200000286102295,1.0700000524520874,1.2000000476837158,132500,0.0,0.0
2022-12-23 00:00:00-05:00,1.190000057220459,1.190000057220459,1.0770000219345093,1.090000033378601,109500,0.0,0.0
2022-12-27 00:00:00-05:00,1.149999976158142,1.1610000133514404,1.125,1.149999976158142,105500,0.0,0.0
2022-12-28 00:00:00-05:00,1.149999976158142,1.184999942779541,1.0499999523162842,1.1200000047683716,69200,0.0,0.0
2022-12-29 00:00:00-05:00,1.1200000047683716,1.1399999856948853,1.0700000524520874,1.0700000524520874,100700,0.0,0.0
2022-12-30 00:00:00-05:00,1.100000023841858,1.149999976158142,1.0499999523162842,1.0499999523162842,180400,0.0,0.0
2023-01-03 00:00:00-05:00,1.0,1.1050000190734863,1.0,1.090000033378601,203900,0.0,0.0
2023-01-04 00:00:00-05:00,1.1299999952316284,1.190000057220459,1.100000023841858,1.1799999475479126,50900,0.0,0.0
2023-01-05 00:00:00-05:00,1.2200000286102295,1.253000020980835,1.1699999570846558,1.25,61400,0.0,0.0
2023-01-06 00:00:00-05:00,1.2300000190734863,1.2699999809265137,1.2300000190734863,1.2400000095367432,35700,0.0,0.0
2023-01-09 00:00:00-05:00,1.2000000476837158,1.2799999713897705,1.2000000476837158,1.2000000476837158,76700,0.0,0.0
2023-01-10 00:00:00-05:00,1.2100000381469727,1.2999999523162842,1.1100000143051147,1.2799999713897705,48500,0.0,0.0
2023-01-11 00:00:00-05:00,1.2899999618530273,1.2949999570846558,1.25,1.2599999904632568,29400,0.0,0.0
2023-01-12 00:00:00-05:00,1.2599999904632568,1.2999999523162842,1.2400000095367432,1.2899999618530273,61200,0.0,0.0
2023-01-13 00:00:00-05:00,1.2999999523162842,1.2999999523162842,1.2610000371932983,1.2899999618530273,22600,0.0,0.0
2023-01-17 00:00:00-05:00,1.2999999523162842,1.2999999523162842,1.2599999904632568,1.2999999523162842,77900,0.0,0.0
2023-01-18 00:00:00-05:00,1.2999999523162842,1.350000023841858,1.2599999904632568,1.2799999713897705,17600,0.0,0.0
2023-01-19 00:00:00-05:00,1.3600000143051147,1.3600000143051147,1.2599999904632568,1.2799999713897705,22300,0.0,0.0
2023-01-20 00:00:00-05:00,1.2799999713897705,1.2999999523162842,1.2799999713897705,1.2799999713897705,14600,0.0,0.0
2023-01-23 00:00:00-05:00,1.340000033378601,1.350000023841858,1.2699999809265137,1.3200000524520874,61000,0.0,0.0
2023-01-24 00:00:00-05:00,1.340000033378601,1.3600000143051147,1.2599999904632568,1.3600000143051147,52900,0.0,0.0
2023-01-25 00:00:00-05:00,1.350000023841858,1.3700000047683716,1.2999999523162842,1.2999999523162842,52600,0.0,0.0
2023-01-26 00:00:00-05:00,1.2999999523162842,1.3600000143051147,1.2999999523162842,1.350000023841858,95000,0.0,0.0
2023-01-27 00:00:00-05:00,1.3899999856948853,1.4199999570846558,1.3550000190734863,1.409999966621399,72800,0.0,0.0
2023-01-30 00:00:00-05:00,1.399999976158142,1.4170000553131104,1.3700000047683716,1.3799999952316284,35200,0.0,0.0
2023-01-31 00:00:00-05:00,1.3799999952316284,1.4199999570846558,1.3600000143051147,1.3700000047683716,33900,0.0,0.0
2023-02-01 00:00:00-05:00,1.3700000047683716,1.3799999952316284,1.3200000524520874,1.3200000524520874,136100,0.0,0.0
2023-02-02 00:00:00-05:00,1.3799999952316284,1.3799999952316284,1.3300000429153442,1.350000023841858,32100,0.0,0.0
2023-02-03 00:00:00-05:00,1.3200000524520874,1.399999976158142,1.3200000524520874,1.3600000143051147,143800,0.0,0.0
2023-02-06 00:00:00-05:00,1.3899999856948853,1.4500000476837158,1.3650000095367432,1.4299999475479126,106400,0.0,0.0
2023-02-07 00:00:00-05:00,1.5,1.5,1.3700000047683716,1.3899999856948853,151400,0.0,0.0
2023-02-08 00:00:00-05:00,1.4299999475479126,1.4500000476837158,1.3799999952316284,1.4299999475479126,50800,0.0,0.0
2023-02-09 00:00:00-05:00,1.4900000095367432,1.4900000095367432,1.3300000429153442,1.4199999570846558,119000,0.0,0.0
2023-02-10 00:00:00-05:00,1.4199999570846558,1.4299999475479126,1.4199999570846558,1.4299999475479126,9000,0.0,0.0
2023-02-13 00:00:00-05:00,1.4199999570846558,1.440000057220459,1.3980000019073486,1.4299999475479126,51600,0.0,0.0
2023-02-14 00:00:00-05:00,1.4299999475479126,1.4299999475479126,1.399999976158142,1.4199999570846558,14700,0.0,0.0
2023-02-15 00:00:00-05:00,1.4119999408721924,1.4210000038146973,1.399999976158142,1.4049999713897705,13400,0.0,0.0
2023-02-16 00:00:00-05:00,1.3300000429153442,1.4199999570846558,1.2999999523162842,1.4199999570846558,59500,0.0,0.0
2023-02-17 00:00:00-05:00,1.409999966621399,1.409999966621399,1.3700000047683716,1.399999976158142,14500,0.0,0.0
2023-02-21 00:00:00-05:00,1.3899999856948853,1.3899999856948853,1.2999999523162842,1.2999999523162842,36900,0.0,0.0
2023-02-22 00:00:00-05:00,1.2699999809265137,1.3200000524520874,1.2699999809265137,1.2699999809265137,53300,0.0,0.0
2023-02-23 00:00:00-05:00,1.309999942779541,1.3489999771118164,1.25,1.2799999713897705,32600,0.0,0.0
2023-02-24 00:00:00-05:00,1.2300000190734863,1.2699999809265137,1.2300000190734863,1.2300000190734863,36200,0.0,0.0
2023-02-27 00:00:00-05:00,1.3799999952316284,1.3799999952316284,1.25,1.3700000047683716,23400,0.0,0.0
2023-02-28 00:00:00-05:00,1.2699999809265137,1.4500000476837158,1.2699999809265137,1.3899999856948853,88800,0.0,0.0
2023-03-01 00:00:00-05:00,1.3799999952316284,1.5,1.3799999952316284,1.4500000476837158,71400,0.0,0.0
2023-03-02 00:00:00-05:00,1.440000057220459,1.440000057220459,1.340000033378601,1.340000033378601,20000,0.0,0.0
2023-03-03 00:00:00-05:00,1.309999942779541,1.4299999475479126,1.309999942779541,1.340000033378601,60700,0.0,0.0
2023-03-06 00:00:00-05:00,1.399999976158142,1.399999976158142,1.340000033378601,1.3799999952316284,49400,0.0,0.0
2023-03-07 00:00:00-05:00,1.399999976158142,1.399999976158142,1.340000033378601,1.399999976158142,38200,0.0,0.0
2023-03-08 00:00:00-05:00,1.399999976158142,1.399999976158142,1.340000033378601,1.3899999856948853,41700,0.0,0.0
2023-03-09 00:00:00-05:00,1.3700000047683716,1.3899999856948853,1.2899999618530273,1.2999999523162842,42500,0.0,0.0
2023-03-10 00:00:00-05:00,1.309999942779541,1.3899999856948853,1.309999942779541,1.3799999952316284,50000,0.0,0.0
2023-03-13 00:00:00-04:00,1.3899999856948853,1.3899999856948853,1.25,1.3700000047683716,147500,0.0,0.0
2023-03-14 00:00:00-04:00,1.350000023841858,1.3899999856948853,1.2999999523162842,1.2999999523162842,45600,0.0,0.0
2023-03-15 00:00:00-04:00,1.3200000524520874,1.3300000429153442,1.25,1.2649999856948853,82800,0.0,0.0
2023-03-16 00:00:00-04:00,1.309999942779541,1.399999976158142,1.2730000019073486,1.309999942779541,50900,0.0,0.0
2023-03-17 00:00:00-04:00,1.2799999713897705,1.350000023841858,1.25,1.25,37800,0.0,0.0
2023-03-20 00:00:00-04:00,1.3300000429153442,1.3320000171661377,1.149999976158142,1.2000000476837158,128200,0.0,0.0
2023-03-21 00:00:00-04:00,1.25,1.2949999570846558,1.2319999933242798,1.2599999904632568,87100,0.0,0.0
2023-03-22 00:00:00-04:00,1.2599999904632568,1.2799999713897705,1.215999960899353,1.2300000190734863,71600,0.0,0.0
2023-03-23 00:00:00-04:00,1.2400000095367432,1.2649999856948853,1.1399999856948853,1.1399999856948853,126300,0.0,0.0
2023-03-24 00:00:00-04:00,1.1699999570846558,1.2300000190734863,1.1299999952316284,1.1799999475479126,164600,0.0,0.0
2023-03-27 00:00:00-04:00,1.1699999570846558,1.2999999523162842,1.1699999570846558,1.2699999809265137,69200,0.0,0.0
2023-03-28 00:00:00-04:00,1.2699999809265137,1.2699999809265137,1.2200000286102295,1.2200000286102295,39100,0.0,0.0
2023-03-29 00:00:00-04:00,1.2200000286102295,1.2999999523162842,1.1699999570846558,1.2200000286102295,54700,0.0,0.0
2023-03-30 00:00:00-04:00,1.1799999475479126,1.2599999904632568,1.1799999475479126,1.2100000381469727,29200,0.0,0.0
2023-03-31 00:00:00-04:00,1.2799999713897705,1.2799999713897705,1.190000057220459,1.2100000381469727,60000,0.0,0.0
2023-04-03 00:00:00-04:00,1.2699999809265137,1.2699999809265137,1.1399999856948853,1.1699999570846558,183700,0.0,0.0
2023-04-04 00:00:00-04:00,1.1799999475479126,1.2680000066757202,1.1699999570846558,1.1799999475479126,95800,0.0,0.0
2023-04-05 00:00:00-04:00,1.2000000476837158,1.2200000286102295,1.1799999475479126,1.2000000476837158,70700,0.0,0.0
2023-04-06 00:00:00-04:00,1.2200000286102295,1.2200000286102295,1.1699999570846558,1.1699999570846558,62300,0.0,0.0
2023-04-10 00:00:00-04:00,1.1699999570846558,1.2599999904632568,1.159999966621399,1.190000057220459,90700,0.0,0.0
2023-04-11 00:00:00-04:00,1.2100000381469727,1.25,1.2000000476837158,1.2200000286102295,61600,0.0,0.0
2023-04-12 00:00:00-04:00,1.2400000095367432,1.2699999809265137,1.2200000286102295,1.2699999809265137,63200,0.0,0.0
2023-04-13 00:00:00-04:00,1.25,1.3300000429153442,1.25,1.2999999523162842,91800,0.0,0.0
2023-04-14 00:00:00-04:00,1.2799999713897705,1.3700000047683716,1.2799999713897705,1.3200000524520874,82400,0.0,0.0
2023-04-17 00:00:00-04:00,1.2999999523162842,1.3799999952316284,1.2899999618530273,1.3200000524520874,58000,0.0,0.0
2023-04-18 00:00:00-04:00,1.340000033378601,1.340000033378601,1.2000000476837158,1.2400000095367432,115400,0.0,0.0
2023-04-19 00:00:00-04:00,1.2300000190734863,1.2300000190734863,1.1699999570846558,1.2200000286102295,45300,0.0,0.0
2023-04-20 00:00:00-04:00,1.2000000476837158,1.2100000381469727,1.1799999475479126,1.190000057220459,37200,0.0,0.0
2023-04-21 00:00:00-04:00,1.2000000476837158,1.2200000286102295,1.190000057220459,1.2200000286102295,59400,0.0,0.0
2023-04-24 00:00:00-04:00,1.2200000286102295,1.25,1.190000057220459,1.2000000476837158,82500,0.0,0.0
2023-04-25 00:00:00-04:00,1.2000000476837158,1.2100000381469727,1.190000057220459,1.190000057220459,26600,0.0,0.0
2023-04-26 00:00:00-04:00,1.1799999475479126,1.2300000190734863,1.1799999475479126,1.2000000476837158,76700,0.0,0.0
2023-04-27 00:00:00-04:00,1.1799999475479126,1.215000033378601,1.1699999570846558,1.1799999475479126,112400,0.0,0.0
2023-04-28 00:00:00-04:00,1.2000000476837158,1.2100000381469727,1.190000057220459,1.190000057220459,41600,0.0,0.0
2023-05-01 00:00:00-04:00,1.1799999475479126,1.2100000381469727,1.1799999475479126,1.190000057220459,53100,0.0,0.0
2023-05-02 00:00:00-04:00,1.2100000381469727,1.215000033378601,1.1699999570846558,1.2000000476837158,100200,0.0,0.0
2023-05-03 00:00:00-04:00,1.1799999475479126,1.2400000095367432,1.1799999475479126,1.1799999475479126,98400,0.0,0.0
2023-05-04 00:00:00-04:00,1.190000057220459,1.2200000286102295,1.1799999475479126,1.190000057220459,65900,0.0,0.0
2023-05-05 00:00:00-04:00,1.2200000286102295,1.2489999532699585,1.2000000476837158,1.2200000286102295,125700,0.0,0.0
2023-05-08 00:00:00-04:00,1.2300000190734863,1.2300000190734863,1.159999966621399,1.190000057220459,122400,0.0,0.0
2023-05-09 00:00:00-04:00,1.1699999570846558,1.2100000381469727,1.159999966621399,1.1699999570846558,36300,0.0,0.0
2023-05-10 00:00:00-04:00,1.159999966621399,1.2200000286102295,1.159999966621399,1.2200000286102295,93400,0.0,0.0
2023-05-11 00:00:00-04:00,1.2100000381469727,1.218000054359436,1.090000033378601,1.149999976158142,292600,0.0,0.0
2023-05-12 00:00:00-04:00,1.1299999952316284,1.2200000286102295,1.1299999952316284,1.2200000286102295,180300,0.0,0.0
2023-05-15 00:00:00-04:00,1.2300000190734863,1.2300000190734863,1.100000023841858,1.1699999570846558,240300,0.0,0.0
2023-05-16 00:00:00-04:00,1.159999966621399,1.2100000381469727,1.1399999856948853,1.2000000476837158,92400,0.0,0.0
2023-05-17 00:00:00-04:00,1.1799999475479126,1.2100000381469727,1.1799999475479126,1.1799999475479126,37800,0.0,0.0
2023-05-18 00:00:00-04:00,1.2000000476837158,1.2300000190734863,1.1299999952316284,1.1799999475479126,203500,0.0,0.0
2023-05-19 00:00:00-04:00,1.2100000381469727,1.2100000381469727,1.149999976158142,1.190000057220459,211200,0.0,0.0
2023-05-22 00:00:00-04:00,1.159999966621399,1.159999966621399,1.1200000047683716,1.1299999952316284,90000,0.0,0.0
2023-05-23 00:00:00-04:00,1.1699999570846558,1.2000000476837158,1.149999976158142,1.190000057220459,151300,0.0,0.0
2023-05-24 00:00:00-04:00,1.2000000476837158,1.2000000476837158,1.1449999809265137,1.2000000476837158,124100,0.0,0.0
2023-05-25 00:00:00-04:00,1.159999966621399,1.1929999589920044,1.159999966621399,1.1699999570846558,31000,0.0,0.0
2023-05-26 00:00:00-04:00,1.1699999570846558,1.3350000381469727,1.1699999570846558,1.2999999523162842,292100,0.0,0.0
2023-05-30 00:00:00-04:00,1.3200000524520874,1.3300000429153442,1.25,1.309999942779541,113800,0.0,0.0
2023-05-31 00:00:00-04:00,1.2899999618530273,1.340000033378601,1.2599999904632568,1.2799999713897705,622500,0.0,0.0
2023-06-01 00:00:00-04:00,1.340000033378601,1.340000033378601,1.25,1.25,46000,0.0,0.0
2023-06-02 00:00:00-04:00,1.25,1.274999976158142,1.2300000190734863,1.2699999809265137,67500,0.0,0.0
2023-06-05 00:00:00-04:00,1.25,1.2899999618530273,1.2300000190734863,1.2599999904632568,88500,0.0,0.0
2023-06-06 00:00:00-04:00,1.2599999904632568,1.340000033378601,1.25,1.3200000524520874,151900,0.0,0.0
2023-06-07 00:00:00-04:00,1.3200000524520874,1.3899999856948853,1.2699999809265137,1.3300000429153442,111100,0.0,0.0
2023-06-08 00:00:00-04:00,1.309999942779541,1.409999966621399,1.309999942779541,1.409999966621399,111700,0.0,0.0
2023-06-09 00:00:00-04:00,1.4299999475479126,1.4299999475479126,1.350000023841858,1.399999976158142,97200,0.0,0.0
2023-06-12 00:00:00-04:00,1.399999976158142,1.409000039100647,1.3200000524520874,1.3300000429153442,70500,0.0,0.0
2023-06-13 00:00:00-04:00,1.3799999952316284,1.3899999856948853,1.3200000524520874,1.3799999952316284,69300,0.0,0.0
2023-06-14 00:00:00-04:00,1.440000057220459,1.440000057220459,1.3799999952316284,1.4199999570846558,94800,0.0,0.0
2023-06-15 00:00:00-04:00,1.409999966621399,1.600000023841858,1.4049999713897705,1.5299999713897705,530600,0.0,0.0
2023-06-16 00:00:00-04:00,1.5399999618530273,1.75,1.4800000190734863,1.7200000286102295,307300,0.0,0.0
2023-06-20 00:00:00-04:00,1.7300000190734863,1.850000023841858,1.690000057220459,1.8200000524520874,330100,0.0,0.0
2023-06-21 00:00:00-04:00,1.8200000524520874,1.899999976158142,1.7999999523162842,1.840000033378601,240800,0.0,0.0
2023-06-22 00:00:00-04:00,1.8600000143051147,1.899999976158142,1.8250000476837158,1.899999976158142,112400,0.0,0.0
2023-06-23 00:00:00-04:00,1.899999976158142,1.899999976158142,1.6699999570846558,1.7400000095367432,277400,0.0,0.0
2023-06-26 00:00:00-04:00,1.7999999523162842,1.7999999523162842,1.6699999570846558,1.6699999570846558,149600,0.0,0.0
2023-06-27 00:00:00-04:00,1.649999976158142,1.7599999904632568,1.6200000047683716,1.7300000190734863,82100,0.0,0.0
2023-06-28 00:00:00-04:00,1.690000057220459,1.8300000429153442,1.690000057220459,1.7599999904632568,109100,0.0,0.0
2023-06-29 00:00:00-04:00,1.7999999523162842,1.8899999856948853,1.7699999809265137,1.8899999856948853,158300,0.0,0.0
2023-06-30 00:00:00-04:00,1.899999976158142,1.9299999475479126,1.8600000143051147,1.909999966621399,178000,0.0,0.0
2023-07-03 00:00:00-04:00,1.9199999570846558,1.9199999570846558,1.840000033378601,1.899999976158142,151700,0.0,0.0
2023-07-05 00:00:00-04:00,1.9199999570846558,1.9800000190734863,1.8799999952316284,1.9800000190734863,108900,0.0,0.0
2023-07-06 00:00:00-04:00,1.9900000095367432,1.9900000095367432,1.8799999952316284,1.909999966621399,123600,0.0,0.0
2023-07-07 00:00:00-04:00,1.899999976158142,1.9500000476837158,1.8600000143051147,1.899999976158142,127200,0.0,0.0
2023-07-10 00:00:00-04:00,1.899999976158142,1.9500000476837158,1.8600000143051147,1.8700000047683716,74500,0.0,0.0
2023-07-11 00:00:00-04:00,1.8600000143051147,1.9199999570846558,1.5800000429153442,1.809999942779541,210300,0.0,0.0
2023-07-12 00:00:00-04:00,1.8300000429153442,1.8899999856948853,1.8200000524520874,1.840000033378601,89400,0.0,0.0
2023-07-13 00:00:00-04:00,1.840000033378601,1.9500000476837158,1.840000033378601,1.8799999952316284,78800,0.0,0.0
2023-07-14 00:00:00-04:00,1.850000023841858,1.8899999856948853,1.75,1.75,117000,0.0,0.0
2023-07-17 00:00:00-04:00,1.7100000381469727,1.7100000381469727,1.5499999523162842,1.600000023841858,246400,0.0,0.0
2023-07-18 00:00:00-04:00,1.6100000143051147,1.7899999618530273,1.6100000143051147,1.7799999713897705,119700,0.0,0.0
2023-07-19 00:00:00-04:00,1.7899999618530273,1.8799999952316284,1.7799999713897705,1.8200000524520874,91200,0.0,0.0
2023-07-20 00:00:00-04:00,1.7999999523162842,1.840000033378601,1.7100000381469727,1.7100000381469727,94300,0.0,0.0
2023-07-21 00:00:00-04:00,1.7200000286102295,1.7899999618530273,1.7120000123977661,1.7699999809265137,91500,0.0,0.0
2023-07-24 00:00:00-04:00,1.75,1.815000057220459,1.6699999570846558,1.7899999618530273,37800,0.0,0.0
2023-07-25 00:00:00-04:00,1.7699999809265137,1.809999942779541,1.659999966621399,1.7300000190734863,102200,0.0,0.0
2023-07-26 00:00:00-04:00,1.75,1.7699999809265137,1.7130000591278076,1.7300000190734863,22500,0.0,0.0
2023-07-27 00:00:00-04:00,1.7200000286102295,1.7599999904632568,1.6399999856948853,1.6799999475479126,69200,0.0,0.0
2023-07-28 00:00:00-04:00,1.690000057220459,1.718000054359436,1.659999966621399,1.690000057220459,121600,0.0,0.0
2023-07-31 00:00:00-04:00,1.659999966621399,1.7000000476837158,1.6399999856948853,1.6699999570846558,56800,0.0,0.0
2023-08-01 00:00:00-04:00,1.649999976158142,1.6799999475479126,1.6200000047683716,1.6399999856948853,76400,0.0,0.0
2023-08-02 00:00:00-04:00,1.6399999856948853,1.659999966621399,1.600000023841858,1.659999966621399,33000,0.0,0.0
2023-08-03 00:00:00-04:00,1.649999976158142,1.649999976158142,1.600000023841858,1.6299999952316284,39400,0.0,0.0
2023-08-04 00:00:00-04:00,1.6299999952316284,1.6799999475479126,1.6200000047683716,1.6399999856948853,30100,0.0,0.0
2023-08-07 00:00:00-04:00,1.6299999952316284,1.659999966621399,1.6100000143051147,1.6100000143051147,27500,0.0,0.0
2023-08-08 00:00:00-04:00,1.6299999952316284,1.6299999952316284,1.559999942779541,1.590000033378601,49500,0.0,0.0
2023-08-09 00:00:00-04:00,1.649999976158142,1.8650000095367432,1.649999976158142,1.8300000429153442,241300,0.0,0.0
2023-08-10 00:00:00-04:00,1.7599999904632568,1.9700000286102295,1.7599999904632568,1.8799999952316284,270700,0.0,0.0
2023-08-11 00:00:00-04:00,1.8600000143051147,1.899999976158142,1.7799999713897705,1.7799999713897705,67700,0.0,0.0
2023-08-14 00:00:00-04:00,1.7100000381469727,1.8200000524520874,1.659999966621399,1.7599999904632568,127900,0.0,0.0
2023-08-15 00:00:00-04:00,1.7799999713897705,1.8799999952316284,1.7300000190734863,1.7999999523162842,106600,0.0,0.0
2023-08-16 00:00:00-04:00,1.7699999809265137,1.7899999618530273,1.7100000381469727,1.7200000286102295,118000,0.0,0.0
2023-08-17 00:00:00-04:00,1.7200000286102295,1.75,1.6100000143051147,1.6100000143051147,130700,0.0,0.0
2023-08-18 00:00:00-04:00,1.6799999475479126,1.7300000190734863,1.659999966621399,1.6799999475479126,164700,0.0,0.0
2023-08-21 00:00:00-04:00,1.6699999570846558,1.75,1.6299999952316284,1.75,90600,0.0,0.0
2023-08-22 00:00:00-04:00,1.75,1.8200000524520874,1.690000057220459,1.8200000524520874,88700,0.0,0.0
2023-08-23 00:00:00-04:00,1.8300000429153442,1.850000023841858,1.7799999713897705,1.850000023841858,103400,0.0,0.0
2023-08-24 00:00:00-04:00,1.850000023841858,1.850000023841858,1.809999942779541,1.850000023841858,37700,0.0,0.0
2023-08-25 00:00:00-04:00,1.850000023841858,1.8669999837875366,1.7899999618530273,1.8200000524520874,140500,0.0,0.0
2023-08-28 00:00:00-04:00,1.8200000524520874,1.8700000047683716,1.8200000524520874,1.8600000143051147,119200,0.0,0.0
2023-08-29 00:00:00-04:00,1.8600000143051147,1.8700000047683716,1.840000033378601,1.8700000047683716,44500,0.0,0.0
2023-08-30 00:00:00-04:00,1.7999999523162842,1.840000033378601,1.7599999904632568,1.7899999618530273,147600,0.0,0.0
2023-08-31 00:00:00-04:00,1.7899999618530273,1.850000023841858,1.7699999809265137,1.7999999523162842,112100,0.0,0.0
2023-09-01 00:00:00-04:00,1.7899999618530273,1.850000023841858,1.7599999904632568,1.8200000524520874,87700,0.0,0.0
2023-09-05 00:00:00-04:00,1.809999942779541,1.8700000047683716,1.7799999713897705,1.850000023841858,133300,0.0,0.0
2023-09-06 00:00:00-04:00,1.8200000524520874,1.8600000143051147,1.7699999809265137,1.840000033378601,61000,0.0,0.0
2023-09-07 00:00:00-04:00,1.840000033378601,1.8600000143051147,1.8200000524520874,1.8300000429153442,31300,0.0,0.0
2023-09-08 00:00:00-04:00,1.840000033378601,1.840000033378601,1.7899999618530273,1.7999999523162842,70000,0.0,0.0
2023-09-11 00:00:00-04:00,1.7999999523162842,1.850000023841858,1.690000057220459,1.75,128200,0.0,0.0
2023-09-12 00:00:00-04:00,1.7300000190734863,1.7699999809265137,1.690000057220459,1.7400000095367432,99300,0.0,0.0
2023-09-13 00:00:00-04:00,1.7699999809265137,1.7799999713897705,1.649999976158142,1.7000000476837158,141800,0.0,0.0
2023-09-14 00:00:00-04:00,1.6699999570846558,1.7599999904632568,1.6519999504089355,1.7400000095367432,205800,0.0,0.0
2023-09-15 00:00:00-04:00,1.7400000095367432,1.7599999904632568,1.7100000381469727,1.75,137300,0.0,0.0
2023-09-18 00:00:00-04:00,1.690000057220459,1.75,1.6399999856948853,1.6799999475479126,54800,0.0,0.0
2023-09-19 00:00:00-04:00,1.659999966621399,1.7400000095367432,1.600000023841858,1.6200000047683716,191800,0.0,0.0
2023-09-20 00:00:00-04:00,1.690000057220459,1.7300000190734863,1.6200000047683716,1.6799999475479126,38900,0.0,0.0
2023-09-21 00:00:00-04:00,1.6200000047683716,1.7100000381469727,1.600000023841858,1.600000023841858,144000,0.0,0.0
2023-09-22 00:00:00-04:00,1.6200000047683716,1.6299999952316284,1.5499999523162842,1.590000033378601,135300,0.0,0.0
2023-09-25 00:00:00-04:00,1.5800000429153442,1.6699999570846558,1.5800000429153442,1.590000033378601,23200,0.0,0.0
2023-09-26 00:00:00-04:00,1.600000023841858,1.649999976158142,1.5199999809265137,1.5750000476837158,113800,0.0,0.0
2023-09-27 00:00:00-04:00,1.5700000524520874,1.6200000047683716,1.5499999523162842,1.5700000524520874,85100,0.0,0.0
2023-09-28 00:00:00-04:00,1.5700000524520874,1.61899995803833,1.4700000286102295,1.4900000095367432,108400,0.0,0.0
2023-09-29 00:00:00-04:00,1.4800000190734863,1.5290000438690186,1.3700000047683716,1.4500000476837158,159400,0.0,0.0
2023-10-02 00:00:00-04:00,1.4700000286102295,1.5199999809265137,1.409999966621399,1.4700000286102295,97400,0.0,0.0
2023-10-03 00:00:00-04:00,1.4500000476837158,1.600000023841858,1.4500000476837158,1.590000033378601,59800,0.0,0.0
2023-10-04 00:00:00-04:00,1.5499999523162842,1.6699999570846558,1.5,1.5,86900,0.0,0.0
2023-10-05 00:00:00-04:00,1.4600000381469727,1.6299999952316284,1.4600000381469727,1.5399999618530273,66300,0.0,0.0
2023-10-06 00:00:00-04:00,1.5299999713897705,1.600000023841858,1.5,1.590000033378601,56600,0.0,0.0
2023-10-09 00:00:00-04:00,1.5399999618530273,1.5700000524520874,1.4700000286102295,1.4700000286102295,63100,0.0,0.0
2023-10-10 00:00:00-04:00,1.4900000095367432,1.600000023841858,1.4500000476837158,1.4700000286102295,98400,0.0,0.0
2023-10-11 00:00:00-04:00,1.5099999904632568,1.527999997138977,1.4299999475479126,1.5,81300,0.0,0.0
2023-10-12 00:00:00-04:00,1.4900000095367432,1.590000033378601,1.4900000095367432,1.5099999904632568,47900,0.0,0.0
2023-10-13 00:00:00-04:00,1.5099999904632568,1.5499999523162842,1.4900000095367432,1.4900000095367432,50500,0.0,0.0
2023-10-16 00:00:00-04:00,1.4700000286102295,1.559999942779541,1.399999976158142,1.399999976158142,81000,0.0,0.0
2023-10-17 00:00:00-04:00,1.4199999570846558,1.4950000047683716,1.4010000228881836,1.4800000190734863,81700,0.0,0.0
2023-10-18 00:00:00-04:00,1.5,1.5499999523162842,1.4700000286102295,1.5299999713897705,76100,0.0,0.0
2023-10-19 00:00:00-04:00,1.5299999713897705,1.5299999713897705,1.440000057220459,1.5,70700,0.0,0.0
2023-10-20 00:00:00-04:00,1.4900000095367432,1.5199999809265137,1.4800000190734863,1.4800000190734863,55200,0.0,0.0
2023-10-23 00:00:00-04:00,1.4800000190734863,1.5,1.399999976158142,1.4700000286102295,158700,0.0,0.0
2023-10-24 00:00:00-04:00,1.5,1.5,1.409999966621399,1.4500000476837158,89400,0.0,0.0
2023-10-25 00:00:00-04:00,1.440000057220459,1.4700000286102295,1.399999976158142,1.4500000476837158,60200,0.0,0.0
2023-10-26 00:00:00-04:00,1.440000057220459,1.472000002861023,1.4199999570846558,1.440000057220459,44700,0.0,0.0
2023-10-27 00:00:00-04:00,1.4199999570846558,1.5,1.4199999570846558,1.4299999475479126,100600,0.0,0.0
2023-10-30 00:00:00-04:00,1.4199999570846558,1.5,1.4179999828338623,1.4500000476837158,78200,0.0,0.0
2023-10-31 00:00:00-04:00,1.4299999475479126,1.4800000190734863,1.3600000143051147,1.3799999952316284,126500,0.0,0.0
2023-11-01 00:00:00-04:00,1.399999976158142,1.4900000095367432,1.399999976158142,1.4700000286102295,57600,0.0,0.0
2023-11-02 00:00:00-04:00,1.4500000476837158,1.5299999713897705,1.4299999475479126,1.4299999475479126,180400,0.0,0.0
2023-11-03 00:00:00-04:00,1.4199999570846558,1.5199999809265137,1.4199999570846558,1.5,78000,0.0,0.0
2023-11-06 00:00:00-05:00,1.5,1.5299999713897705,1.399999976158142,1.399999976158142,190100,0.0,0.0
2023-11-07 00:00:00-05:00,1.409999966621399,1.524999976158142,1.309999942779541,1.4500000476837158,133400,0.0,0.0
2023-11-08 00:00:00-05:00,1.5,1.5399999618530273,1.3799999952316284,1.5199999809265137,205800,0.0,0.0
2023-11-09 00:00:00-05:00,1.4600000381469727,1.5160000324249268,1.3799999952316284,1.399999976158142,297400,0.0,0.0
2023-11-10 00:00:00-05:00,1.4299999475479126,1.5499999523162842,1.399999976158142,1.4700000286102295,176600,0.0,0.0
2023-11-13 00:00:00-05:00,1.4700000286102295,1.4800000190734863,1.399999976158142,1.399999976158142,99000,0.0,0.0
2023-11-14 00:00:00-05:00,1.4199999570846558,1.5,1.409999966621399,1.4199999570846558,89400,0.0,0.0
2023-11-15 00:00:00-05:00,1.4199999570846558,1.4299999475479126,1.2999999523162842,1.340000033378601,163200,0.0,0.0
2023-11-16 00:00:00-05:00,1.3799999952316284,1.4240000247955322,1.3600000143051147,1.3799999952316284,69700,0.0,0.0
2023-11-17 00:00:00-05:00,1.3700000047683716,1.4199999570846558,1.3700000047683716,1.3899999856948853,69900,0.0,0.0
2023-11-20 00:00:00-05:00,1.3600000143051147,1.4140000343322754,1.2999999523162842,1.3200000524520874,73800,0.0,0.0
2023-11-21 00:00:00-05:00,1.340000033378601,1.409999966621399,1.3200000524520874,1.3799999952316284,59200,0.0,0.0
2023-11-22 00:00:00-05:00,1.3600000143051147,1.4299999475479126,1.3600000143051147,1.399999976158142,93700,0.0,0.0
2023-11-24 00:00:00-05:00,1.4299999475479126,1.4500000476837158,1.4199999570846558,1.4500000476837158,43400,0.0,0.0
2023-11-27 00:00:00-05:00,1.4199999570846558,1.4500000476837158,1.3600000143051147,1.409999966621399,88400,0.0,0.0
2023-11-28 00:00:00-05:00,1.4299999475479126,1.4500000476837158,1.399999976158142,1.440000057220459,61400,0.0,0.0
2023-11-29 00:00:00-05:00,1.399999976158142,1.465999960899353,1.399999976158142,1.399999976158142,69000,0.0,0.0
2023-11-30 00:00:00-05:00,1.409999966621399,1.4800000190734863,1.3600000143051147,1.3899999856948853,119300,0.0,0.0
2023-12-01 00:00:00-05:00,1.3600000143051147,1.409999966621399,1.3600000143051147,1.3700000047683716,64700,0.0,0.0
2023-12-04 00:00:00-05:00,1.3600000143051147,1.409999966621399,1.3600000143051147,1.375,59200,0.0,0.0
2023-12-05 00:00:00-05:00,1.3600000143051147,1.3899999856948853,1.340000033378601,1.3600000143051147,48000,0.0,0.0
2023-12-06 00:00:00-05:00,1.350000023841858,1.3799999952316284,1.350000023841858,1.3700000047683716,59900,0.0,0.0
2023-12-07 00:00:00-05:00,1.340000033378601,1.3600000143051147,1.3300000429153442,1.3300000429153442,52600,0.0,0.0
2023-12-08 00:00:00-05:00,1.3300000429153442,1.340000033378601,1.2799999713897705,1.309999942779541,160700,0.0,0.0
2023-12-11 00:00:00-05:00,1.3600000143051147,1.3600000143051147,1.2999999523162842,1.3300000429153442,79200,0.0,0.0
2023-12-12 00:00:00-05:00,1.350000023841858,1.3700000047683716,1.3200000524520874,1.3600000143051147,85500,0.0,0.0
2023-12-13 00:00:00-05:00,1.340000033378601,1.5199999809265137,1.340000033378601,1.4800000190734863,269400,0.0,0.0
2023-12-14 00:00:00-05:00,1.4800000190734863,1.6200000047683716,1.4700000286102295,1.4800000190734863,222800,0.0,0.0
2023-12-15 00:00:00-05:00,1.5099999904632568,1.7000000476837158,1.5099999904632568,1.649999976158142,189400,0.0,0.0
2023-12-18 00:00:00-05:00,1.6100000143051147,1.6799999475479126,1.559999942779541,1.6399999856948853,215700,0.0,0.0
2023-12-19 00:00:00-05:00,1.6100000143051147,1.6959999799728394,1.600000023841858,1.6100000143051147,91100,0.0,0.0
2023-12-20 00:00:00-05:00,1.6200000047683716,1.649999976158142,1.590000033378601,1.6100000143051147,144600,0.0,0.0
2023-12-21 00:00:00-05:00,1.6100000143051147,1.6100000143051147,1.5299999713897705,1.5399999618530273,121500,0.0,0.0
2023-12-22 00:00:00-05:00,1.5800000429153442,1.5800000429153442,1.4600000381469727,1.5099999904632568,198900,0.0,0.0
2023-12-26 00:00:00-05:00,1.5199999809265137,1.5700000524520874,1.4600000381469727,1.559999942779541,62500,0.0,0.0
2023-12-27 00:00:00-05:00,1.5700000524520874,1.590000033378601,1.5099999904632568,1.5549999475479126,58400,0.0,0.0
2023-12-28 00:00:00-05:00,1.559999942779541,1.6299999952316284,1.559999942779541,1.600000023841858,74400,0.0,0.0
2023-12-29 00:00:00-05:00,1.590000033378601,1.649999976158142,1.5399999618530273,1.600000023841858,57500,0.0,0.0
2024-01-02 00:00:00-05:00,1.590000033378601,1.649999976158142,1.5199999809265137,1.5399999618530273,117500,0.0,0.0
2024-01-03 00:00:00-05:00,1.5700000524520874,1.6799999475479126,1.5399999618530273,1.649999976158142,189900,0.0,0.0
2024-01-04 00:00:00-05:00,1.649999976158142,1.7899999618530273,1.6200000047683716,1.7899999618530273,173800,0.0,0.0
2024-01-05 00:00:00-05:00,1.7899999618530273,1.8300000429153442,1.75,1.7699999809265137,252900,0.0,0.0
2024-01-08 00:00:00-05:00,1.7699999809265137,1.7999999523162842,1.7100000381469727,1.7649999856948853,125300,0.0,0.0
2024-01-09 00:00:00-05:00,1.7699999809265137,1.8899999856948853,1.7100000381469727,1.8200000524520874,95800,0.0,0.0
2024-01-10 00:00:00-05:00,1.7699999809265137,1.8600000143051147,1.75,1.809999942779541,159300,0.0,0.0
2024-01-11 00:00:00-05:00,1.8300000429153442,2.130000114440918,1.8300000429153442,2.069999933242798,523800,0.0,0.0
2024-01-12 00:00:00-05:00,2.0999999046325684,2.240000009536743,1.9600000381469727,2.2300000190734863,1400500,0.0,0.0
2024-01-16 00:00:00-05:00,2.309999942779541,2.4000000953674316,2.119999885559082,2.3499999046325684,741400,0.0,0.0
2024-01-17 00:00:00-05:00,2.3499999046325684,2.5959999561309814,2.325000047683716,2.5,571200,0.0,0.0
2024-01-18 00:00:00-05:00,2.5799999237060547,2.677000045776367,2.140000104904175,2.2300000190734863,866400,0.0,0.0
2024-01-19 00:00:00-05:00,2.2300000190734863,2.4800000190734863,2.1600000858306885,2.390000104904175,414100,0.0,0.0
2024-01-22 00:00:00-05:00,2.450000047683716,2.5899999141693115,2.4200000762939453,2.5899999141693115,524700,0.0,0.0
2024-01-23 00:00:00-05:00,2.569999933242798,2.7300000190734863,2.4600000381469727,2.700000047683716,610700,0.0,0.0
2024-01-24 00:00:00-05:00,2.690000057220459,2.8299999237060547,2.5999999046325684,2.7300000190734863,632400,0.0,0.0
2024-01-25 00:00:00-05:00,2.809999942779541,3.130000114440918,2.75,2.819999933242798,929300,0.0,0.0
2024-01-26 00:00:00-05:00,2.9200000762939453,2.9700000286102295,2.569999933242798,2.5899999141693115,433400,0.0,0.0
2024-01-29 00:00:00-05:00,2.6500000953674316,2.990000009536743,2.5899999141693115,2.940000057220459,801200,0.0,0.0
2024-01-30 00:00:00-05:00,2.990000009536743,3.049999952316284,2.880000114440918,2.950000047683716,432200,0.0,0.0
2024-01-31 00:00:00-05:00,2.9700000286102295,3.0,2.819999933242798,2.8499999046325684,299600,0.0,0.0
2024-02-01 00:00:00-05:00,2.930000066757202,2.9800000190734863,2.880000114440918,2.9100000858306885,185600,0.0,0.0
2024-02-02 00:00:00-05:00,2.9000000953674316,2.9000000953674316,2.8299999237060547,2.9000000953674316,251500,0.0,0.0
2024-02-05 00:00:00-05:00,2.9000000953674316,2.9000000953674316,2.809999942779541,2.880000114440918,241200,0.0,0.0
2024-02-06 00:00:00-05:00,2.880000114440918,2.9000000953674316,2.8499999046325684,2.890000104904175,195400,0.0,0.0
2024-02-07 00:00:00-05:00,2.9000000953674316,3.0999999046325684,2.890000104904175,3.0299999713897705,882100,0.0,0.0
2024-02-08 00:00:00-05:00,3.0999999046325684,3.0999999046325684,2.6500000953674316,2.9800000190734863,549400,0.0,0.0
2024-02-09 00:00:00-05:00,2.940000057220459,3.0,2.871999979019165,2.9700000286102295,327500,0.0,0.0
2024-02-12 00:00:00-05:00,2.890000104904175,3.0,2.825000047683716,2.859999895095825,424300,0.0,0.0
2024-02-13 00:00:00-05:00,2.8499999046325684,2.940000057220459,2.7200000286102295,2.809999942779541,352900,0.0,0.0
2024-02-14 00:00:00-05:00,2.859999895095825,2.9000000953674316,2.799999952316284,2.859999895095825,306500,0.0,0.0
2024-02-15 00:00:00-05:00,2.869999885559082,2.9800000190734863,2.809999942779541,2.9600000381469727,250800,0.0,0.0
2024-02-16 00:00:00-05:00,2.9600000381469727,3.2249999046325684,2.890000104904175,3.069999933242798,843500,0.0,0.0
2024-02-20 00:00:00-05:00,3.0299999713897705,3.25,2.8499999046325684,2.880000114440918,488600,0.0,0.0
2024-02-21 00:00:00-05:00,2.8499999046325684,2.9800000190734863,2.8499999046325684,2.890000104904175,131500,0.0,0.0
2024-02-22 00:00:00-05:00,2.9800000190734863,2.9800000190734863,2.8299999237060547,2.869999885559082,232600,0.0,0.0
2024-02-23 00:00:00-05:00,2.890000104904175,2.9700000286102295,2.8399999141693115,2.890000104904175,131900,0.0,0.0
2024-02-26 00:00:00-05:00,2.8499999046325684,3.0,2.8499999046325684,3.0,298400,0.0,0.0
2024-02-27 00:00:00-05:00,3.0899999141693115,3.0899999141693115,2.8949999809265137,2.950000047683716,170500,0.0,0.0
2024-02-28 00:00:00-05:00,3.0199999809265137,3.0199999809265137,2.9100000858306885,2.930000066757202,95500,0.0,0.0
2024-02-29 00:00:00-05:00,2.9600000381469727,3.009999990463257,2.9000000953674316,2.9200000762939453,238500,0.0,0.0
2024-03-01 00:00:00-05:00,2.9100000858306885,3.009999990463257,2.890000104904175,2.9800000190734863,229700,0.0,0.0
2024-03-04 00:00:00-05:00,3.0,3.0199999809265137,2.9100000858306885,2.940000057220459,137500,0.0,0.0
2024-03-05 00:00:00-05:00,2.940000057220459,2.9600000381469727,2.8499999046325684,2.869999885559082,198200,0.0,0.0
2024-03-06 00:00:00-05:00,2.9200000762939453,2.9700000286102295,2.7699999809265137,2.8399999141693115,313100,0.0,0.0
2024-03-07 00:00:00-05:00,3.049999952316284,3.5999999046325684,3.0299999713897705,3.430000066757202,2225500,0.0,0.0
2024-03-08 00:00:00-05:00,3.4200000762939453,3.5199999809265137,3.302999973297119,3.390000104904175,578500,0.0,0.0
2024-03-11 00:00:00-04:00,3.390000104904175,3.5,3.2699999809265137,3.299999952316284,746400,0.0,0.0
2024-03-12 00:00:00-04:00,3.299999952316284,3.369999885559082,3.2200000286102295,3.299999952316284,391300,0.0,0.0
2024-03-13 00:00:00-04:00,3.2699999809265137,3.380000114440918,3.2300000190734863,3.2300000190734863,254500,0.0,0.0
2024-03-14 00:00:00-04:00,3.240000009536743,3.299999952316284,3.1600000858306885,3.2100000381469727,324300,0.0,0.0
2024-03-15 00:00:00-04:00,3.180000066757202,3.240000009536743,2.9260001182556152,3.0399999618530273,606900,0.0,0.0
2024-03-18 00:00:00-04:00,2.940000057220459,3.0299999713897705,2.4600000381469727,2.700000047683716,1734300,0.0,0.0
2024-03-19 00:00:00-04:00,2.680000066757202,2.8399999141693115,2.5399999618530273,2.7799999713897705,435300,0.0,0.0
2024-03-20 00:00:00-04:00,2.7799999713897705,2.9800000190734863,2.75,2.8399999141693115,352800,0.0,0.0
2024-03-21 00:00:00-04:00,2.880000114440918,3.009999990463257,2.809999942779541,2.950000047683716,289200,0.0,0.0
2024-03-22 00:00:00-04:00,2.9700000286102295,3.0,2.9000000953674316,2.9200000762939453,222100,0.0,0.0
2024-03-25 00:00:00-04:00,2.9700000286102295,3.0299999713897705,2.9079999923706055,2.9600000381469727,282900,0.0,0.0
2024-03-26 00:00:00-04:00,2.950000047683716,3.0999999046325684,2.9000000953674316,3.0,279000,0.0,0.0
2024-03-27 00:00:00-04:00,3.0199999809265137,3.0999999046325684,2.9660000801086426,3.0299999713897705,329700,0.0,0.0
2024-03-28 00:00:00-04:00,3.059999942779541,3.119999885559082,3.0299999713897705,3.119999885559082,253700,0.0,0.0
2024-04-01 00:00:00-04:00,3.0899999141693115,3.240000009536743,3.009999990463257,3.119999885559082,378100,0.0,0.0
2024-04-02 00:00:00-04:00,3.0899999141693115,3.2100000381469727,3.0399999618530273,3.0899999141693115,305300,0.0,0.0
2024-04-03 00:00:00-04:00,3.0799999237060547,3.4000000953674316,3.0799999237060547,3.380000114440918,586700,0.0,0.0
2024-04-04 00:00:00-04:00,3.380000114440918,3.98799991607666,3.2699999809265137,3.7799999713897705,2391800,0.0,0.0
2024-04-05 00:00:00-04:00,3.7200000286102295,4.289999961853027,3.690000057220459,4.090000152587891,1999700,0.0,0.0
2024-04-08 00:00:00-04:00,4.170000076293945,4.269999980926514,3.7300000190734863,4.239999771118164,1260500,0.0,0.0
2024-04-09 00:00:00-04:00,4.239999771118164,4.579999923706055,4.090000152587891,4.349999904632568,1170500,0.0,0.0
2024-04-10 00:00:00-04:00,4.289999961853027,4.489999771118164,4.019999980926514,4.190000057220459,780100,0.0,0.0
2024-04-11 00:00:00-04:00,4.389999866485596,4.389999866485596,4.039999961853027,4.309999942779541,585700,0.0,0.0
2024-04-12 00:00:00-04:00,4.25,4.409999847412109,4.139999866485596,4.159999847412109,774900,0.0,0.0
2024-04-15 00:00:00-04:00,4.150000095367432,4.150000095367432,3.690000057220459,3.7300000190734863,909400,0.0,0.0
2024-04-16 00:00:00-04:00,3.6600000858306885,3.950000047683716,3.5799999237060547,3.7300000190734863,805900,0.0,0.0
2024-04-17 00:00:00-04:00,3.6700000762939453,3.7200000286102295,3.2799999713897705,3.359999895095825,882600,0.0,0.0
2024-04-18 00:00:00-04:00,3.3499999046325684,3.4049999713897705,3.0199999809265137,3.3399999141693115,1181200,0.0,0.0
2024-04-19 00:00:00-04:00,3.3399999141693115,3.640000104904175,3.25,3.4000000953674316,619400,0.0,0.0
2024-04-22 00:00:00-04:00,3.3499999046325684,3.627000093460083,3.3499999046325684,3.4800000190734863,437200,0.0,0.0
2024-04-23 00:00:00-04:00,3.4700000286102295,3.9149999618530273,3.4600000381469727,3.7300000190734863,697900,0.0,0.0
2024-04-24 00:00:00-04:00,3.7300000190734863,3.890000104904175,3.7100000381469727,3.8399999141693115,604300,0.0,0.0
2024-04-25 00:00:00-04:00,3.759999990463257,3.8299999237060547,3.6500000953674316,3.700000047683716,475000,0.0,0.0
2024-04-26 00:00:00-04:00,3.7200000286102295,3.940000057220459,3.680000066757202,3.8299999237060547,422200,0.0,0.0
2024-04-29 00:00:00-04:00,3.7100000381469727,3.890000104904175,3.6700000762939453,3.7100000381469727,358500,0.0,0.0
2024-04-30 00:00:00-04:00,3.6700000762939453,3.950000047683716,3.6600000858306885,3.859999895095825,452200,0.0,0.0
2024-05-01 00:00:00-04:00,3.8399999141693115,4.090000152587891,3.7699999809265137,3.990000009536743,578300,0.0,0.0
2024-05-02 00:00:00-04:00,4.059999942779541,4.130000114440918,3.9600000381469727,4.059999942779541,705900,0.0,0.0
2024-05-03 00:00:00-04:00,4.159999847412109,4.215000152587891,3.940000057220459,4.070000171661377,639600,0.0,0.0
2024-05-06 00:00:00-04:00,4.070000171661377,4.260000228881836,4.019999980926514,4.179999828338623,835300,0.0,0.0
2024-05-07 00:00:00-04:00,4.5,5.320000171661377,4.440000057220459,5.110000133514404,4037200,0.0,0.0
2024-05-08 00:00:00-04:00,4.760000228881836,5.320000171661377,4.760000228881836,4.980000019073486,1397900,0.0,0.0
2024-05-09 00:00:00-04:00,5.019999980926514,5.150000095367432,4.829999923706055,4.900000095367432,897800,0.0,0.0
2024-05-10 00:00:00-04:00,4.800000190734863,4.949999809265137,4.659999847412109,4.760000228881836,630500,0.0,0.0
2024-05-13 00:00:00-04:00,4.800000190734863,4.900000095367432,4.710000038146973,4.809999942779541,513300,0.0,0.0
2024-05-14 00:00:00-04:00,4.800000190734863,4.869999885559082,4.730000019073486,4.800000190734863,407500,0.0,0.0
2024-05-15 00:00:00-04:00,5.010000228881836,5.010000228881836,4.760000228881836,5.0,1002300,0.0,0.0
2024-05-16 00:00:00-04:00,5.0,5.199999809265137,4.949999809265137,4.96999979019165,1040900,0.0,0.0
2024-05-17 00:00:00-04:00,4.940000057220459,5.079999923706055,4.880000114440918,5.0,539800,0.0,0.0
2024-05-20 00:00:00-04:00,5.0,5.070000171661377,4.960000038146973,5.050000190734863,565600,0.0,0.0
2024-05-21 00:00:00-04:00,5.0,5.0269999504089355,4.6620001792907715,4.789999961853027,666400,0.0,0.0
2024-05-22 00:00:00-04:00,4.78000020980835,4.929999828338623,4.699999809265137,4.789999961853027,482800,0.0,0.0
2024-05-23 00:00:00-04:00,4.849999904632568,4.900000095367432,4.699999809265137,4.739999771118164,512600,0.0,0.0
2024-05-24 00:00:00-04:00,4.769999980926514,4.960000038146973,4.710000038146973,4.860000133514404,539700,0.0,0.0
2024-05-28 00:00:00-04:00,4.849999904632568,4.989999771118164,4.699999809265137,4.75,974700,0.0,0.0
2024-05-29 00:00:00-04:00,4.710000038146973,4.840000152587891,4.554999828338623,4.670000076293945,555500,0.0,0.0
2024-05-30 00:00:00-04:00,4.650000095367432,4.860000133514404,4.650000095367432,4.809999942779541,617100,0.0,0.0
2024-05-31 00:00:00-04:00,4.840000152587891,4.869999885559082,4.690000057220459,4.800000190734863,595600,0.0,0.0
2024-06-03 00:00:00-04:00,4.800000190734863,4.880000114440918,4.46999979019165,4.550000190734863,686100,0.0,0.0
2024-06-04 00:00:00-04:00,4.5,4.510000228881836,4.21999979019165,4.300000190734863,760700,0.0,0.0
2024-06-05 00:00:00-04:00,4.449999809265137,4.559999942779541,4.335000038146973,4.53000020980835,428500,0.0,0.0
2024-06-06 00:00:00-04:00,4.610000133514404,4.769999980926514,4.53000020980835,4.539999961853027,347800,0.0,0.0
2024-06-07 00:00:00-04:00,4.5,4.630000114440918,4.409999847412109,4.460000038146973,289100,0.0,0.0
2024-06-10 00:00:00-04:00,4.449999809265137,4.480000019073486,4.28000020980835,4.309999942779541,523700,0.0,0.0
2024-06-11 00:00:00-04:00,4.28000020980835,4.324999809265137,4.059999942779541,4.289999961853027,569400,0.0,0.0
2024-06-12 00:00:00-04:00,4.320000171661377,4.445000171661377,4.289999961853027,4.309999942779541,678400,0.0,0.0
2024-06-13 00:00:00-04:00,4.269999980926514,4.420000076293945,4.164999961853027,4.199999809265137,459100,0.0,0.0
2024-06-14 00:00:00-04:00,4.170000076293945,4.300000190734863,4.034999847412109,4.050000190734863,481100,0.0,0.0
2024-06-17 00:00:00-04:00,4.03000020980835,4.150000095367432,3.940000057220459,3.990000009536743,668800,0.0,0.0
2024-06-18 00:00:00-04:00,3.9700000286102295,4.019999980926514,3.694999933242798,3.8499999046325684,825000,0.0,0.0
2024-06-20 00:00:00-04:00,3.8499999046325684,3.9600000381469727,3.680000066757202,3.7300000190734863,585400,0.0,0.0
2024-06-21 00:00:00-04:00,3.7899999618530273,3.8450000286102295,3.7100000381469727,3.819999933242798,407000,0.0,0.0
2024-06-24 00:00:00-04:00,3.819999933242798,3.9700000286102295,3.7300000190734863,3.809999942779541,567900,0.0,0.0
2024-06-25 00:00:00-04:00,3.819999933242798,3.890000104904175,3.690000057220459,3.7300000190734863,947800,0.0,0.0
2024-06-26 00:00:00-04:00,3.7200000286102295,3.880000114440918,3.5450000762939453,3.859999895095825,755000,0.0,0.0
2024-06-27 00:00:00-04:00,3.799999952316284,4.159999847412109,3.75,3.9100000858306885,833300,0.0,0.0
2024-06-28 00:00:00-04:00,3.9200000762939453,4.179999828338623,3.759999990463257,4.059999942779541,13719700,0.0,0.0
2024-07-01 00:00:00-04:00,4.039999961853027,4.400000095367432,3.9700000286102295,4.400000095367432,1071400,0.0,0.0
2024-07-02 00:00:00-04:00,4.349999904632568,4.590000152587891,4.28000020980835,4.300000190734863,824000,0.0,0.0
2024-07-03 00:00:00-04:00,4.289999961853027,4.420000076293945,4.159999847412109,4.349999904632568,338100,0.0,0.0
2024-07-05 00:00:00-04:00,4.309999942779541,4.489999771118164,4.260000228881836,4.489999771118164,640300,0.0,0.0
2024-07-08 00:00:00-04:00,4.480000019073486,4.590000152587891,4.369999885559082,4.579999923706055,640900,0.0,0.0
2024-07-09 00:00:00-04:00,4.570000171661377,4.949999809265137,4.570000171661377,4.929999828338623,945200,0.0,0.0
2024-07-10 00:00:00-04:00,4.960000038146973,5.40500020980835,4.960000038146973,5.21999979019165,2115400,0.0,0.0
2024-07-11 00:00:00-04:00,5.300000190734863,5.420000076293945,5.130000114440918,5.28000020980835,1659700,0.0,0.0
2024-07-12 00:00:00-04:00,5.289999961853027,5.414999961853027,5.099999904632568,5.389999866485596,999400,0.0,0.0
2024-07-15 00:00:00-04:00,5.349999904632568,5.539999961853027,5.139999866485596,5.5,1670600,0.0,0.0
2024-07-16 00:00:00-04:00,5.400000095367432,5.71999979019165,5.316999912261963,5.670000076293945,1651500,0.0,0.0
2024-07-17 00:00:00-04:00,5.599999904632568,5.71999979019165,5.425000190734863,5.679999828338623,880600,0.0,0.0
2024-07-18 00:00:00-04:00,5.710000038146973,5.820000171661377,5.389999866485596,5.420000076293945,1043600,0.0,0.0
2024-07-19 00:00:00-04:00,5.420000076293945,5.820000171661377,5.389999866485596,5.78000020980835,859800,0.0,0.0
2024-07-22 00:00:00-04:00,5.800000190734863,6.025000095367432,5.710000038146973,5.934999942779541,1248800,0.0,0.0
2024-07-23 00:00:00-04:00,6.0,6.059999942779541,5.860000133514404,5.949999809265137,768500,0.0,0.0
2024-07-24 00:00:00-04:00,5.860000133514404,6.03000020980835,5.670000076293945,5.730000019073486,918000,0.0,0.0
2024-07-25 00:00:00-04:00,5.699999809265137,5.809999942779541,5.590000152587891,5.630000114440918,949500,0.0,0.0
2024-07-26 00:00:00-04:00,5.769999980926514,5.960000038146973,5.699999809265137,5.809999942779541,623300,0.0,0.0
2024-07-29 00:00:00-04:00,5.820000171661377,5.989999771118164,5.699999809265137,5.760000228881836,737600,0.0,0.0
2024-07-30 00:00:00-04:00,5.75,6.0,5.71999979019165,5.980000019073486,773000,0.0,0.0
2024-07-31 00:00:00-04:00,5.900000095367432,6.107999801635742,5.889999866485596,5.949999809265137,818200,0.0,0.0
2024-08-01 00:00:00-04:00,5.96999979019165,6.039999961853027,5.570000171661377,5.710000038146973,827300,0.0,0.0
2024-08-02 00:00:00-04:00,5.519999980926514,5.724999904632568,5.409999847412109,5.559999942779541,802600,0.0,0.0
2024-08-05 00:00:00-04:00,5.139999866485596,5.3979997634887695,5.010000228881836,5.269999980926514,1644200,0.0,0.0
2024-08-06 00:00:00-04:00,5.210000038146973,5.590000152587891,5.099999904632568,5.460000038146973,1194800,0.0,0.0
2024-08-07 00:00:00-04:00,5.980000019073486,6.199999809265137,5.230000019073486,5.449999809265137,2075000,0.0,0.0
2024-08-08 00:00:00-04:00,5.570000171661377,6.050000190734863,5.570000171661377,5.949999809265137,1270200,0.0,0.0
2024-08-09 00:00:00-04:00,5.900000095367432,6.03000020980835,5.590000152587891,5.920000076293945,2084500,0.0,0.0
2024-08-12 00:00:00-04:00,5.880000114440918,5.920000076293945,5.579999923706055,5.71999979019165,1185800,0.0,0.0
2024-08-13 00:00:00-04:00,5.75,5.949999809265137,5.739999771118164,5.829999923706055,778400,0.0,0.0
2024-08-14 00:00:00-04:00,5.849999904632568,6.0,5.769999980926514,5.949999809265137,938200,0.0,0.0
2024-08-15 00:00:00-04:00,5.949999809265137,6.230000019073486,5.889999866485596,6.099999904632568,1946400,0.0,0.0
2024-08-16 00:00:00-04:00,6.099999904632568,6.564000129699707,6.079999923706055,6.489999771118164,1887000,0.0,0.0
2024-08-19 00:00:00-04:00,6.510000228881836,6.639999866485596,6.230999946594238,6.400000095367432,1090000,0.0,0.0
2024-08-20 00:00:00-04:00,6.360000133514404,6.380000114440918,6.150000095367432,6.190000057220459,702000,0.0,0.0
2024-08-21 00:00:00-04:00,6.230000019073486,6.309999942779541,6.130000114440918,6.139999866485596,497100,0.0,0.0
2024-08-22 00:00:00-04:00,6.099999904632568,6.389999866485596,6.03000020980835,6.070000171661377,851700,0.0,0.0
2024-08-23 00:00:00-04:00,6.079999923706055,6.75,6.079999923706055,6.659999847412109,2287700,0.0,0.0
2024-08-26 00:00:00-04:00,6.670000076293945,6.670000076293945,6.400000095367432,6.5,1207800,0.0,0.0
2024-08-27 00:00:00-04:00,6.409999847412109,6.5,6.335000038146973,6.5,515600,0.0,0.0
2024-08-28 00:00:00-04:00,6.46999979019165,6.550000190734863,6.289999961853027,6.46999979019165,762500,0.0,0.0
2024-08-29 00:00:00-04:00,6.46999979019165,6.558000087738037,6.304999828338623,6.349999904632568,991800,0.0,0.0
2024-08-30 00:00:00-04:00,6.400000095367432,6.409999847412109,6.130000114440918,6.230000019073486,655800,0.0,0.0
2024-09-03 00:00:00-04:00,6.159999847412109,6.260000228881836,5.909999847412109,5.929999828338623,703200,0.0,0.0
2024-09-04 00:00:00-04:00,5.900000095367432,6.0,5.820000171661377,5.829999923706055,623900,0.0,0.0
2024-09-05 00:00:00-04:00,5.840000152587891,5.900000095367432,5.605000019073486,5.690000057220459,999500,0.0,0.0
2024-09-06 00:00:00-04:00,5.599999904632568,5.659999847412109,5.375,5.46999979019165,826000,0.0,0.0
2024-09-09 00:00:00-04:00,5.460000038146973,5.618000030517578,5.460000038146973,5.510000228881836,461000,0.0,0.0
2024-09-10 00:00:00-04:00,5.550000190734863,5.607999801635742,5.389999866485596,5.449999809265137,571700,0.0,0.0
2024-09-11 00:00:00-04:00,5.389999866485596,5.556000232696533,5.34499979019165,5.480000019073486,519800,0.0,0.0
2024-09-12 00:00:00-04:00,5.519999980926514,5.630000114440918,5.449999809265137,5.630000114440918,519100,0.0,0.0
2024-09-13 00:00:00-04:00,5.670000076293945,5.840000152587891,5.550000190734863,5.809999942779541,904500,0.0,0.0
2024-09-16 00:00:00-04:00,5.980000019073486,5.980000019073486,5.730000019073486,5.860000133514404,621900,0.0,0.0
2024-09-17 00:00:00-04:00,5.860000133514404,5.980000019073486,5.78000020980835,5.869999885559082,617900,0.0,0.0
2024-09-18 00:00:00-04:00,5.880000114440918,5.880000114440918,5.559999942779541,5.570000171661377,954300,0.0,0.0
2024-09-19 00:00:00-04:00,5.670000076293945,5.840000152587891,5.670000076293945,5.78000020980835,465100,0.0,0.0
2024-09-20 00:00:00-04:00,5.789999961853027,5.815000057220459,5.650000095367432,5.730000019073486,991300,0.0,0.0
2024-09-23 00:00:00-04:00,5.75,5.78000020980835,5.449999809265137,5.599999904632568,440800,0.0,0.0
2024-09-24 00:00:00-04:00,5.599999904632568,5.619999885559082,5.460000038146973,5.610000133514404,407400,0.0,0.0
2024-09-25 00:00:00-04:00,5.639999866485596,5.639999866485596,5.510000228881836,5.599999904632568,432400,0.0,0.0
2024-09-26 00:00:00-04:00,5.690000057220459,5.690000057220459,5.53000020980835,5.619999885559082,555300,0.0,0.0
2024-09-27 00:00:00-04:00,5.659999847412109,5.670000076293945,5.510000228881836,5.53000020980835,322300,0.0,0.0
2024-09-30 00:00:00-04:00,5.489999771118164,5.59499979019165,5.448999881744385,5.550000190734863,447200,0.0,0.0
2024-10-01 00:00:00-04:00,5.5,5.65500020980835,5.46999979019165,5.550000190734863,501900,0.0,0.0
2024-10-02 00:00:00-04:00,5.559999942779541,5.909999847412109,5.559999942779541,5.679999828338623,596600,0.0,0.0
2024-10-03 00:00:00-04:00,5.599999904632568,5.789999961853027,5.550000190734863,5.610000133514404,380400,0.0,0.0
2024-10-04 00:00:00-04:00,5.71999979019165,5.8480000495910645,5.690000057220459,5.75,513200,0.0,0.0
2024-10-07 00:00:00-04:00,5.710000038146973,5.710000038146973,5.179999828338623,5.199999809265137,786600,0.0,0.0
2024-10-08 00:00:00-04:00,5.230000019073486,5.429999828338623,5.199999809265137,5.349999904632568,561900,0.0,0.0
2024-10-09 00:00:00-04:00,5.309999942779541,5.400000095367432,5.25,5.320000171661377,426300,0.0,0.0
2024-10-10 00:00:00-04:00,5.239999771118164,5.264999866485596,5.0,5.039999961853027,904900,0.0,0.0
2024-10-11 00:00:00-04:00,5.059999942779541,5.190000057220459,5.059999942779541,5.159999847412109,393100,0.0,0.0
2024-10-14 00:00:00-04:00,5.159999847412109,5.28000020980835,5.159999847412109,5.239999771118164,388000,0.0,0.0
2024-10-15 00:00:00-04:00,5.260000228881836,5.519999980926514,5.25,5.400000095367432,561000,0.0,0.0
2024-10-16 00:00:00-04:00,5.420000076293945,5.46999979019165,5.360000133514404,5.400000095367432,435600,0.0,0.0
2024-10-17 00:00:00-04:00,5.309999942779541,5.349999904632568,5.054999828338623,5.199999809265137,566100,0.0,0.0
2024-10-18 00:00:00-04:00,5.199999809265137,5.285999774932861,5.072000026702881,5.139999866485596,542500,0.0,0.0
2024-10-21 00:00:00-04:00,5.079999923706055,5.260000228881836,5.079999923706055,5.159999847412109,363400,0.0,0.0
2024-10-22 00:00:00-04:00,5.139999866485596,5.369999885559082,5.139999866485596,5.329999923706055,356500,0.0,0.0
2024-10-23 00:00:00-04:00,5.309999942779541,5.420000076293945,5.139999866485596,5.179999828338623,510800,0.0,0.0
2024-10-24 00:00:00-04:00,5.179999828338623,5.284999847412109,5.139999866485596,5.159999847412109,308400,0.0,0.0
2024-10-25 00:00:00-04:00,5.159999847412109,5.269999980926514,5.099999904632568,5.130000114440918,486900,0.0,0.0
2024-10-28 00:00:00-04:00,5.130000114440918,5.46999979019165,5.130000114440918,5.389999866485596,565900,0.0,0.0
2024-10-29 00:00:00-04:00,5.349999904632568,5.449999809265137,5.300000190734863,5.349999904632568,302000,0.0,0.0
2024-10-30 00:00:00-04:00,5.320000171661377,5.744999885559082,5.320000171661377,5.639999866485596,629100,0.0,0.0
2024-10-31 00:00:00-04:00,5.590000152587891,5.679999828338623,5.380000114440918,5.460000038146973,564000,0.0,0.0
2024-11-01 00:00:00-04:00,5.489999771118164,5.679999828338623,5.329999923706055,5.329999923706055,509700,0.0,0.0
2024-11-04 00:00:00-05:00,5.340000152587891,5.440000057220459,5.25,5.300000190734863,546300,0.0,0.0
2024-11-05 00:00:00-05:00,5.28000020980835,5.510000228881836,5.28000020980835,5.480000019073486,474500,0.0,0.0
2024-11-06 00:00:00-05:00,5.650000095367432,5.880000114440918,5.440000057220459,5.639999866485596,998400,0.0,0.0
2024-11-07 00:00:00-05:00,5.71999979019165,6.449999809265137,5.510000228881836,6.230000019073486,2088200,0.0,0.0
2024-11-08 00:00:00-05:00,6.400000095367432,6.610000133514404,6.239999771118164,6.5,1703900,0.0,0.0
2024-11-11 00:00:00-05:00,6.400000095367432,6.434000015258789,5.860000133514404,5.960000038146973,1298700,0.0,0.0
2024-11-12 00:00:00-05:00,5.840000152587891,5.940000057220459,5.480000019073486,5.510000228881836,881500,0.0,0.0
2024-11-13 00:00:00-05:00,5.539999961853027,5.550000190734863,5.199999809265137,5.260000228881836,992200,0.0,0.0
2024-11-14 00:00:00-05:00,5.25,5.340000152587891,5.130000114440918,5.170000076293945,834900,0.0,0.0
2024-11-15 00:00:00-05:00,5.239999771118164,5.239999771118164,4.929999828338623,4.949999809265137,1064400,0.0,0.0
2024-11-18 00:00:00-05:00,4.949999809265137,5.0,4.71999979019165,4.840000152587891,1018700,0.0,0.0
2024-11-19 00:00:00-05:00,4.849999904632568,5.059999942779541,4.78000020980835,4.960000038146973,918300,0.0,0.0
2024-11-20 00:00:00-05:00,4.929999828338623,5.0,4.840000152587891,4.929999828338623,508700,0.0,0.0
2024-11-21 00:00:00-05:00,4.949999809265137,5.289999961853027,4.925000190734863,5.21999979019165,979200,0.0,0.0
2024-11-22 00:00:00-05:00,5.21999979019165,5.409999847412109,5.139999866485596,5.340000152587891,874100,0.0,0.0
2024-11-25 00:00:00-05:00,5.400000095367432,5.559999942779541,5.364999771118164,5.489999771118164,1632700,0.0,0.0
2024-11-26 00:00:00-05:00,5.460000038146973,5.539999961853027,5.260000228881836,5.389999866485596,680800,0.0,0.0
2024-11-27 00:00:00-05:00,5.449999809265137,5.559999942779541,5.329999923706055,5.349999904632568,491100,0.0,0.0
2024-11-29 00:00:00-05:00,5.360000133514404,5.440000057220459,5.25,5.260000228881836,323100,0.0,0.0
2024-12-02 00:00:00-05:00,5.269999980926514,5.494999885559082,5.239999771118164,5.429999828338623,797000,0.0,0.0
2024-12-03 00:00:00-05:00,5.260000228881836,5.400000095367432,5.150000095367432,5.230000019073486,672500,0.0,0.0
2024-12-04 00:00:00-05:00,5.230000019073486,5.25,5.119999885559082,5.239999771118164,648200,0.0,0.0
2024-12-05 00:00:00-05:00,5.210000038146973,5.5,5.204999923706055,5.429999828338623,948400,0.0,0.0
2024-12-06 00:00:00-05:00,5.460000038146973,5.565999984741211,5.130000114440918,5.21999979019165,1005900,0.0,0.0
2024-12-09 00:00:00-05:00,5.309999942779541,5.4629998207092285,5.025000095367432,5.050000190734863,711200,0.0,0.0
2024-12-10 00:00:00-05:00,5.010000228881836,5.179999828338623,5.010000228881836,5.090000152587891,688600,0.0,0.0
2024-12-11 00:00:00-05:00,5.190000057220459,5.34499979019165,5.170000076293945,5.28000020980835,747900,0.0,0.0
2024-12-12 00:00:00-05:00,5.269999980926514,5.289999961853027,5.110000133514404,5.150000095367432,559500,0.0,0.0
2024-12-13 00:00:00-05:00,5.170000076293945,5.244999885559082,5.090000152587891,5.159999847412109,913400,0.0,0.0
2024-12-16 00:00:00-05:00,5.150000095367432,5.195000171661377,5.010000228881836,5.03000020980835,665200,0.0,0.0
2024-12-17 00:00:00-05:00,5.0,5.010000228881836,4.829999923706055,4.980000019073486,1035900,0.0,0.0
2024-12-18 00:00:00-05:00,5.03000020980835,5.070000171661377,4.579999923706055,4.650000095367432,1150200,0.0,0.0
2024-12-19 00:00:00-05:00,4.75,4.860000133514404,4.599999904632568,4.610000133514404,995900,0.0,0.0
2024-12-20 00:00:00-05:00,4.539999961853027,4.78000020980835,4.441999912261963,4.710000038146973,1365100,0.0,0.0
2024-12-23 00:00:00-05:00,4.730000019073486,4.739999771118164,4.5,4.670000076293945,880900,0.0,0.0
2024-12-24 00:00:00-05:00,4.699999809265137,4.789999961853027,4.599999904632568,4.789999961853027,364400,0.0,0.0
2024-12-26 00:00:00-05:00,4.71999979019165,4.920000076293945,4.71999979019165,4.820000171661377,500300,0.0,0.0
2024-12-27 00:00:00-05:00,4.920000076293945,4.920000076293945,4.679999828338623,4.730000019073486,680300,0.0,0.0
2024-12-30 00:00:00-05:00,4.679999828338623,4.900000095367432,4.579999923706055,4.820000171661377,506700,0.0,0.0
2024-12-31 00:00:00-05:00,4.820000171661377,4.90500020980835,4.570000171661377,4.599999904632568,792600,0.0,0.0
2025-01-02 00:00:00-05:00,4.599999904632568,4.699999809265137,4.510000228881836,4.599999904632568,849600,0.0,0.0
2025-01-03 00:00:00-05:00,4.550000190734863,4.704999923706055,4.320000171661377,4.480000019073486,1088200,0.0,0.0
2025-01-06 00:00:00-05:00,4.550000190734863,4.627999782562256,4.340000152587891,4.440000057220459,1030700,0.0,0.0
2025-01-07 00:00:00-05:00,4.440000057220459,4.480000019073486,4.119999885559082,4.239999771118164,1585600,0.0,0.0
2025-01-08 00:00:00-05:00,4.190000057220459,4.289999961853027,4.050000190734863,4.199999809265137,961500,0.0,0.0
2025-01-10 00:00:00-05:00,4.110000133514404,4.28000020980835,4.059999942779541,4.260000228881836,1067300,0.0,0.0
2025-01-13 00:00:00-05:00,4.159999847412109,4.203999996185303,3.9800000190734863,4.150000095367432,954800,0.0,0.0
2025-01-14 00:00:00-05:00,4.150000095367432,4.244999885559082,4.079999923706055,4.099999904632568,503400,0.0,0.0
2025-01-15 00:00:00-05:00,4.300000190734863,4.630000114440918,4.300000190734863,4.460000038146973,1096900,0.0,0.0
2025-01-16 00:00:00-05:00,4.449999809265137,4.559999942779541,4.4019999504089355,4.420000076293945,606900,0.0,0.0
2025-01-17 00:00:00-05:00,4.519999980926514,4.690000057220459,4.465000152587891,4.539999961853027,863900,0.0,0.0
2025-01-21 00:00:00-05:00,4.5,4.610000133514404,4.460000038146973,4.599999904632568,828400,0.0,0.0
2025-01-22 00:00:00-05:00,4.599999904632568,4.815000057220459,4.519999980926514,4.71999979019165,985100,0.0,0.0
2025-01-23 00:00:00-05:00,4.739999771118164,4.789999961853027,4.599999904632568,4.75,701900,0.0,0.0
2025-01-24 00:00:00-05:00,4.699999809265137,4.869999885559082,4.699999809265137,4.769999980926514,591000,0.0,0.0
2025-01-27 00:00:00-05:00,4.650000095367432,4.835000038146973,4.639999866485596,4.800000190734863,736000,0.0,0.0
2025-01-28 00:00:00-05:00,4.789999961853027,5.010000228881836,4.78000020980835,4.989999771118164,626200,0.0,0.0
2025-01-29 00:00:00-05:00,4.940000057220459,5.026000022888184,4.880000114440918,4.980000019073486,479500,0.0,0.0
2025-01-30 00:00:00-05:00,5.039999961853027,5.175000190734863,4.980000019073486,5.150000095367432,699100,0.0,0.0
2025-01-31 00:00:00-05:00,5.139999866485596,5.269999980926514,5.105000019073486,5.119999885559082,995600,0.0,0.0
2025-02-03 00:00:00-05:00,4.909999847412109,5.079999923706055,4.809999942779541,5.0,1545800,0.0,0.0
2025-02-04 00:00:00-05:00,5.0,5.139999866485596,4.989999771118164,5.0,895800,0.0,0.0
2025-02-05 00:00:00-05:00,5.019999980926514,5.300000190734863,5.019999980926514,5.300000190734863,1436600,0.0,0.0
2025-02-06 00:00:00-05:00,5.320000171661377,5.420000076293945,5.28000020980835,5.409999847412109,943100,0.0,0.0
2025-02-07 00:00:00-05:00,5.389999866485596,5.489999771118164,5.25,5.28000020980835,1066200,0.0,0.0
2025-02-10 00:00:00-05:00,5.349999904632568,5.434999942779541,5.239999771118164,5.409999847412109,886700,0.0,0.0
2025-02-11 00:00:00-05:00,5.309999942779541,5.440000057220459,5.170000076293945,5.179999828338623,683000,0.0,0.0
2025-02-12 00:00:00-05:00,4.90500020980835,5.264999866485596,4.860000133514404,5.239999771118164,883500,0.0,0.0
2025-02-13 00:00:00-05:00,5.340000152587891,5.369999885559082,5.195000171661377,5.369999885559082,532100,0.0,0.0
2025-02-14 00:00:00-05:00,5.369999885559082,5.389999866485596,5.210999965667725,5.28000020980835,459400,0.0,0.0
2025-02-18 00:00:00-05:00,5.239999771118164,5.260000228881836,5.054999828338623,5.170000076293945,765800,0.0,0.0
2025-02-19 00:00:00-05:00,5.130000114440918,5.480000019073486,5.078999996185303,5.480000019073486,892500,0.0,0.0
2025-02-20 00:00:00-05:00,5.510000228881836,5.570000171661377,5.324999809265137,5.510000228881836,1001100,0.0,0.0
2025-02-21 00:00:00-05:00,5.610000133514404,5.650000095367432,5.210000038146973,5.239999771118164,801000,0.0,0.0
2025-02-24 00:00:00-05:00,5.239999771118164,5.285999774932861,4.994999885559082,5.019999980926514,997900,0.0,0.0
2025-02-25 00:00:00-05:00,5.03000020980835,5.179999828338623,5.019999980926514,5.130000114440918,814100,0.0,0.0
2025-02-26 00:00:00-05:00,5.130000114440918,5.289999961853027,5.09499979019165,5.159999847412109,592700,0.0,0.0
2025-02-27 00:00:00-05:00,5.159999847412109,5.170000076293945,5.0,5.010000228881836,652000,0.0,0.0
2025-02-28 00:00:00-05:00,5.0,5.170000076293945,4.929999828338623,5.159999847412109,975800,0.0,0.0
2025-03-03 00:00:00-05:00,5.150000095367432,5.150000095367432,4.75,4.760000228881836,1404100,0.0,0.0
2025-03-04 00:00:00-05:00,4.639999866485596,5.0,4.599999904632568,4.880000114440918,952300,0.0,0.0
2025-03-05 00:00:00-05:00,4.989999771118164,5.124000072479248,4.809999942779541,4.949999809265137,870200,0.0,0.0
2025-03-06 00:00:00-05:00,5.119999885559082,5.260000228881836,4.679999828338623,4.730000019073486,1849200,0.0,0.0
2025-03-07 00:00:00-05:00,4.699999809265137,4.795000076293945,4.364999771118164,4.519999980926514,999000,0.0,0.0
2025-03-10 00:00:00-04:00,4.420000076293945,4.550000190734863,4.204999923706055,4.329999923706055,1504300,0.0,0.0
2025-03-11 00:00:00-04:00,4.300000190734863,4.414999961853027,4.164999961853027,4.269999980926514,910600,0.0,0.0
2025-03-12 00:00:00-04:00,4.400000095367432,4.5,4.289999961853027,4.460000038146973,926800,0.0,0.0
2025-03-13 00:00:00-04:00,4.420000076293945,4.448999881744385,4.210000038146973,4.300000190734863,748000,0.0,0.0
2025-03-14 00:00:00-04:00,4.389999866485596,4.53000020980835,4.369999885559082,4.440000057220459,621700,0.0,0.0
2025-03-17 00:00:00-04:00,4.429999828338623,4.65500020980835,4.360000133514404,4.579999923706055,878700,0.0,0.0
2025-03-18 00:00:00-04:00,4.5,4.579999923706055,4.309999942779541,4.380000114440918,791500,0.0,0.0
2025-03-19 00:00:00-04:00,4.380000114440918,4.5,4.289999961853027,4.449999809265137,523800,0.0,0.0
2025-03-20 00:00:00-04:00,4.400000095367432,4.449999809265137,4.309999942779541,4.409999847412109,1368100,0.0,0.0
2025-03-21 00:00:00-04:00,4.340000152587891,4.480000019073486,4.260000228881836,4.46999979019165,947700,0.0,0.0
2025-03-24 00:00:00-04:00,4.480000019073486,4.550000190734863,4.460000038146973,4.5,1303600,0.0,0.0
2025-03-25 00:00:00-04:00,4.5,4.570000171661377,4.460000038146973,4.519999980926514,625900,0.0,0.0
2025-03-26 00:00:00-04:00,4.5,4.570000171661377,4.28000020980835,4.320000171661377,608400,0.0,0.0
2025-03-27 00:00:00-04:00,4.300000190734863,4.364999771118164,4.210000038146973,4.260000228881836,445400,0.0,0.0
2025-03-28 00:00:00-04:00,4.239999771118164,4.28000020980835,4.114999771118164,4.139999866485596,712600,0.0,0.0
2025-03-31 00:00:00-04:00,4.059999942779541,4.070000171661377,3.9700000286102295,4.059999942779541,755600,0.0,0.0
2025-04-01 00:00:00-04:00,4.059999942779541,4.239999771118164,3.9800000190734863,4.119999885559082,625300,0.0,0.0
2025-04-02 00:00:00-04:00,4.039999961853027,4.25,4.039999961853027,4.239999771118164,624400,0.0,0.0
2025-04-03 00:00:00-04:00,3.940000057220459,4.150000095367432,3.9000000953674316,4.119999885559082,1119700,0.0,0.0
2025-04-04 00:00:00-04:00,3.9200000762939453,4.264999866485596,3.9100000858306885,4.210000038146973,1108100,0.0,0.0
2025-04-07 00:00:00-04:00,3.9800000190734863,4.460000038146973,3.9600000381469727,4.329999923706055,1243200,0.0,0.0
2025-04-08 00:00:00-04:00,4.400000095367432,4.465000152587891,4.215000152587891,4.300000190734863,968400,0.0,0.0
2025-04-09 00:00:00-04:00,4.179999828338623,4.539999961853027,4.114999771118164,4.460000038146973,1282200,0.0,0.0
2025-04-10 00:00:00-04:00,4.349999904632568,4.375,4.184999942779541,4.269999980926514,829800,0.0,0.0
2025-04-11 00:00:00-04:00,4.260000228881836,4.400000095367432,4.190000057220459,4.315000057220459,737100,0.0,0.0
2025-04-14 00:00:00-04:00,4.360000133514404,4.510000228881836,4.355000019073486,4.460000038146973,1032400,0.0,0.0
2025-04-15 00:00:00-04:00,4.449999809265137,4.744999885559082,4.445000171661377,4.699999809265137,1025700,0.0,0.0
2025-04-16 00:00:00-04:00,4.590000152587891,4.7779998779296875,4.570000171661377,4.619999885559082,810600,0.0,0.0
2025-04-17 00:00:00-04:00,4.619999885559082,4.724999904632568,4.513999938964844,4.670000076293945,665000,0.0,0.0
2025-04-21 00:00:00-04:00,4.610000133514404,4.610000133514404,4.389999866485596,4.440000057220459,625700,0.0,0.0
2025-04-22 00:00:00-04:00,4.5,4.695000171661377,4.5,4.659999847412109,667100,0.0,0.0
2025-04-23 00:00:00-04:00,4.900000095367432,4.989999771118164,4.71999979019165,4.730000019073486,898800,0.0,0.0
2025-04-24 00:00:00-04:00,4.639999866485596,4.71999979019165,4.409999847412109,4.650000095367432,1231800,0.0,0.0
2025-04-25 00:00:00-04:00,4.630000114440918,4.630000114440918,4.510000228881836,4.590000152587891,698800,0.0,0.0
2025-04-28 00:00:00-04:00,4.570000171661377,4.605000019073486,4.46999979019165,4.559999942779541,439900,0.0,0.0
2025-04-29 00:00:00-04:00,4.53000020980835,4.579999923706055,4.474999904632568,4.550000190734863,475600,0.0,0.0
2025-04-30 00:00:00-04:00,4.46999979019165,4.474999904632568,4.389999866485596,4.409999847412109,472500,0.0,0.0
2025-05-01 00:00:00-04:00,4.429999828338623,4.480000019073486,4.34499979019165,4.380000114440918,582800,0.0,0.0
2025-05-02 00:00:00-04:00,4.420000076293945,4.480000019073486,4.364999771118164,4.380000114440918,348200,0.0,0.0
2025-05-05 00:00:00-04:00,4.329999923706055,4.349999904632568,4.15500020980835,4.170000076293945,619900,0.0,0.0
2025-05-06 00:00:00-04:00,4.110000133514404,4.34499979019165,4.050000190734863,4.230000019073486,651500,0.0,0.0
2025-05-07 00:00:00-04:00,4.25,4.519999980926514,4.21999979019165,4.46999979019165,1322100,0.0,0.0
2025-05-08 00:00:00-04:00,4.659999847412109,4.678999900817871,4.190000057220459,4.320000171661377,1065600,0.0,0.0
2025-05-09 00:00:00-04:00,4.380000114440918,4.389999866485596,4.090000152587891,4.139999866485596,1298900,0.0,0.0
2025-05-12 00:00:00-04:00,4.25,4.389999866485596,4.170000076293945,4.269999980926514,1068400,0.0,0.0
2025-05-13 00:00:00-04:00,4.300000190734863,4.440000057220459,4.275000095367432,4.389999866485596,975900,0.0,0.0
2025-05-14 00:00:00-04:00,4.340000152587891,4.389999866485596,4.284999847412109,4.340000152587891,623500,0.0,0.0
2025-05-15 00:00:00-04:00,4.329999923706055,4.448999881744385,4.230000019073486,4.369999885559082,888100,0.0,0.0
2025-05-16 00:00:00-04:00,4.340000152587891,4.389999866485596,4.28000020980835,4.329999923706055,4475900,0.0,0.0
2025-05-19 00:00:00-04:00,4.260000228881836,4.375,4.230000019073486,4.329999923706055,820200,0.0,0.0
2025-05-20 00:00:00-04:00,4.28000020980835,4.394999980926514,4.25,4.300000190734863,1458000,0.0,0.0
2025-05-21 00:00:00-04:00,4.25,4.309000015258789,4.130000114440918,4.150000095367432,1800200,0.0,0.0
2025-05-22 00:00:00-04:00,4.150000095367432,4.204999923706055,4.099999904632568,4.110000133514404,540700,0.0,0.0
2025-05-23 00:00:00-04:00,4.179999828338623,4.179999828338623,4.050000190734863,4.130000114440918,538500,0.0,0.0
2025-05-27 00:00:00-04:00,4.159999847412109,4.25,4.139999866485596,4.159999847412109,613500,0.0,0.0
2025-05-28 00:00:00-04:00,4.159999847412109,4.199999809265137,4.119999885559082,4.139999866485596,493900,0.0,0.0
2025-05-29 00:00:00-04:00,4.170000076293945,4.28000020980835,4.139999866485596,4.190000057220459,691700,0.0,0.0
2025-05-30 00:00:00-04:00,4.224999904632568,4.224999904632568,4.085000038146973,4.119999885559082,527200,0.0,0.0
2025-06-02 00:00:00-04:00,4.199999809265137,4.349999904632568,4.119999885559082,4.269999980926514,1342100,0.0,0.0
2025-06-03 00:00:00-04:00,4.25,4.429999828338623,4.090000152587891,4.409999847412109,1196500,0.0,0.0
2025-06-04 00:00:00-04:00,4.400000095367432,4.420000076293945,4.241000175476074,4.260000228881836,717600,0.0,0.0
2025-06-05 00:00:00-04:00,4.260000228881836,4.295000076293945,4.074999809265137,4.119999885559082,1275800,0.0,0.0
2025-06-06 00:00:00-04:00,4.139999866485596,4.21999979019165,4.039999961853027,4.199999809265137,1197200,0.0,0.0
2025-06-09 00:00:00-04:00,4.190000057220459,4.25,4.15500020980835,4.239999771118164,720400,0.0,0.0
2025-06-10 00:00:00-04:00,4.21999979019165,4.289999961853027,4.199999809265137,4.25,667000,0.0,0.0
2025-06-11 00:00:00-04:00,4.25,4.320000171661377,4.159999847412109,4.170000076293945,1995900,0.0,0.0
2025-06-12 00:00:00-04:00,4.139999866485596,4.230000019073486,4.132999897003174,4.159999847412109,760900,0.0,0.0
2025-06-13 00:00:00-04:00,4.099999904632568,4.190000057220459,4.079999923706055,4.099999904632568,791300,0.0,0.0
2025-06-16 00:00:00-04:00,4.110000133514404,4.159999847412109,4.0,4.010000228881836,801200,0.0,0.0
2025-06-17 00:00:00-04:00,3.9600000381469727,4.0,3.8550000190734863,3.9600000381469727,1317700,0.0,0.0
2025-06-18 00:00:00-04:00,3.9800000190734863,4.054999828338623,3.950000047683716,3.9600000381469727,1077100,0.0,0.0
2025-06-20 00:00:00-04:00,4.010000228881836,4.038000106811523,3.7950000762939453,3.950000047683716,1497900,0.0,0.0
2025-06-23 00:00:00-04:00,3.950000047683716,4.065000057220459,3.930000066757202,4.019999980926514,1150600,0.0,0.0
2025-06-24 00:00:00-04:00,4.03000020980835,4.15500020980835,4.025000095367432,4.099999904632568,957000,0.0,0.0
2025-06-25 00:00:00-04:00,4.199999809265137,4.429999828338623,4.199999809265137,4.289999961853027,1687300,0.0,0.0
2025-06-26 00:00:00-04:00,4.210000038146973,4.40500020980835,4.079999923706055,4.400000095367432,1175900,0.0,0.0
2025-06-27 00:00:00-04:00,4.409999847412109,4.614999771118164,4.349999904632568,4.5,3562700,0.0,0.0
2025-06-30 00:00:00-04:00,4.5,4.579999923706055,4.5,4.510000228881836,820000,0.0,0.0
2025-07-01 00:00:00-04:00,4.460000038146973,4.534999847412109,4.360000133514404,4.389999866485596,776000,0.0,0.0
2025-07-02 00:00:00-04:00,4.369999885559082,4.380000114440918,4.224999904632568,4.269999980926514,1037400,0.0,0.0
2025-07-03 00:00:00-04:00,4.260000228881836,4.364999771118164,4.255000114440918,4.289999961853027,344000,0.0,0.0
2025-07-07 00:00:00-04:00,4.239999771118164,4.289999961853027,4.099999904632568,4.119999885559082,705000,0.0,0.0
2025-07-08 00:00:00-04:00,4.090000152587891,4.190000057220459,4.070000171661377,4.110000133514404,569400,0.0,0.0
2025-07-09 00:00:00-04:00,4.119999885559082,4.340000152587891,4.10699987411499,4.239999771118164,1105200,0.0,0.0
2025-07-10 00:00:00-04:00,4.21999979019165,4.300000190734863,4.190000057220459,4.260000228881836,651800,0.0,0.0
2025-07-11 00:00:00-04:00,4.210000038146973,4.284999847412109,4.034999847412109,4.039999961853027,813500,0.0,0.0
2025-07-14 00:00:00-04:00,4.010000228881836,4.090000152587891,3.9600000381469727,4.059999942779541,644700,0.0,0.0
2025-07-15 00:00:00-04:00,4.099999904632568,4.099999904632568,3.940000057220459,3.950000047683716,611900,0.0,0.0
2025-07-16 00:00:00-04:00,3.950000047683716,3.990000009536743,3.880000114440918,3.9800000190734863,756300,0.0,0.0
2025-07-17 00:00:00-04:00,3.9800000190734863,4.039999961853027,3.940000057220459,3.950000047683716,445000,0.0,0.0
2025-07-18 00:00:00-04:00,3.9700000286102295,3.9700000286102295,3.809999942779541,3.8399999141693115,1193600,0.0,0.0
2025-07-21 00:00:00-04:00,3.9000000953674316,4.230000019073486,3.8499999046325684,4.150000095367432,1708200,0.0,0.0
2025-07-22 00:00:00-04:00,4.150000095367432,4.409999847412109,4.119999885559082,4.340000152587891,1472900,0.0,0.0
2025-07-23 00:00:00-04:00,4.349999904632568,4.375,4.260000228881836,4.320000171661377,865500,0.0,0.0
2025-07-24 00:00:00-04:00,4.269999980926514,4.288000106811523,4.150000095367432,4.199999809265137,733700,0.0,0.0
2025-07-25 00:00:00-04:00,4.199999809265137,4.210000038146973,4.099999904632568,4.139999866485596,865300,0.0,0.0
2025-07-28 00:00:00-04:00,4.139999866485596,4.150000095367432,4.070000171661377,4.119999885559082,513700,0.0,0.0
2025-07-29 00:00:00-04:00,4.170000076293945,4.170000076293945,4.050000190734863,4.079999923706055,750500,0.0,0.0
2025-07-30 00:00:00-04:00,4.079999923706055,4.110000133514404,3.950000047683716,3.9800000190734863,973600,0.0,0.0
2025-07-31 00:00:00-04:00,3.9800000190734863,3.990000009536743,3.9200000762939453,3.950000047683716,935800,0.0,0.0
2025-08-01 00:00:00-04:00,3.9000000953674316,3.9700000286102295,3.869999885559082,3.880000114440918,797500,0.0,0.0
2025-08-04 00:00:00-04:00,3.9000000953674316,4.025000095367432,3.8949999809265137,4.0,697200,0.0,0.0
2025-08-05 00:00:00-04:00,4.0,4.139999866485596,3.9600000381469727,4.119999885559082,799200,0.0,0.0
2025-08-06 00:00:00-04:00,4.090000152587891,4.150000095367432,4.039999961853027,4.110000133514404,556900,0.0,0.0
2025-08-07 00:00:00-04:00,4.489999771118164,4.570000171661377,3.869999885559082,4.090000152587891,2381300,0.0,0.0
2025-08-08 00:00:00-04:00,4.050000190734863,4.070000171661377,3.865000009536743,3.940000057220459,1398300,0.0,0.0
2025-08-11 00:00:00-04:00,3.9200000762939453,4.204999923706055,3.9000000953674316,4.090000152587891,1811800,0.0,0.0
2025-08-12 00:00:00-04:00,4.059999942779541,4.329999923706055,4.03000020980835,4.309999942779541,1358500,0.0,0.0
2025-08-13 00:00:00-04:00,4.309999942779541,4.579999923706055,4.300000190734863,4.5,3816700,0.0,0.0
2025-08-14 00:00:00-04:00,4.429999828338623,4.5279998779296875,4.385000228881836,4.46999979019165,1352800,0.0,0.0
2025-08-15 00:00:00-04:00,4.5,4.519999980926514,4.369999885559082,4.489999771118164,1223500,0.0,0.0
2025-08-18 00:00:00-04:00,4.46999979019165,4.619999885559082,4.460000038146973,4.519999980926514,2401600,0.0,0.0
2025-08-19 00:00:00-04:00,4.53000020980835,4.639999866485596,4.460000038146973,4.480000019073486,1323800,0.0,0.0
2025-08-20 00:00:00-04:00,4.480000019073486,4.5,4.300000190734863,4.369999885559082,956400,0.0,0.0
2025-08-21 00:00:00-04:00,4.349999904632568,4.480000019073486,4.281000137329102,4.460000038146973,702700,0.0,0.0
2025-08-22 00:00:00-04:00,4.460000038146973,4.71999979019165,4.409999847412109,4.630000114440918,4133100,0.0,0.0
2025-08-25 00:00:00-04:00,4.619999885559082,5.105000019073486,4.610000133514404,5.010000228881836,6586300,0.0,0.0
2025-08-26 00:00:00-04:00,5.010000228881836,5.369999885559082,5.010000228881836,5.130000114440918,5026300,0.0,0.0
2025-08-27 00:00:00-04:00,5.130000114440918,5.389999866485596,5.09499979019165,5.170000076293945,5626900,0.0,0.0
2025-08-28 00:00:00-04:00,5.199999809265137,5.289999961853027,5.050000190734863,5.21999979019165,2312900,0.0,0.0
2025-08-29 00:00:00-04:00,5.25,5.389999866485596,5.203000068664551,5.380000114440918,1830000,0.0,0.0
2025-09-02 00:00:00-04:00,5.260000228881836,5.300000190734863,5.150000095367432,5.25,1651700,0.0,0.0
2025-09-03 00:00:00-04:00,5.25,5.34499979019165,5.230000019073486,5.269999980926514,2098900,0.0,0.0
2025-09-04 00:00:00-04:00,5.269999980926514,5.309999942779541,5.199999809265137,5.25,1502800,0.0,0.0
2025-09-05 00:00:00-04:00,5.389999866485596,5.40500020980835,5.199999809265137,5.25,4058100,0.0,0.0
2025-09-08 00:00:00-04:00,5.25,5.309999942779541,5.070000171661377,5.079999923706055,1674900,0.0,0.0
2025-09-09 00:00:00-04:00,5.059999942779541,5.179999828338623,5.03000020980835,5.130000114440918,2707400,0.0,0.0
2025-09-10 00:00:00-04:00,5.130000114440918,5.199999809265137,4.945000171661377,5.039999961853027,1671600,0.0,0.0
2025-09-11 00:00:00-04:00,5.039999961853027,5.179999828338623,5.039999961853027,5.110000133514404,3884700,0.0,0.0
2025-09-12 00:00:00-04:00,5.110000133514404,5.150000095367432,4.849999904632568,4.96999979019165,2490700,0.0,0.0
2025-09-15 00:00:00-04:00,4.980000019073486,5.190000057220459,4.949999809265137,5.090000152587891,2926800,0.0,0.0
2025-09-16 00:00:00-04:00,5.090000152587891,5.199999809265137,5.0,5.050000190734863,2173200,0.0,0.0
2025-09-17 00:00:00-04:00,5.050000190734863,5.25,5.03000020980835,5.050000190734863,4806200,0.0,0.0
2025-09-18 00:00:00-04:00,5.159999847412109,5.159999847412109,4.909999847412109,4.96999979019165,1723700,0.0,0.0
2025-09-19 00:00:00-04:00,4.960000038146973,4.974999904632568,4.855000019073486,4.900000095367432,1831900,0.0,0.0
2025-09-22 00:00:00-04:00,5.0,5.065000057220459,4.869999885559082,5.019999980926514,1730100,0.0,0.0
2025-09-23 00:00:00-04:00,5.0,5.159999847412109,4.949999809265137,4.989999771118164,2764200,0.0,0.0
2025-09-24 00:00:00-04:00,4.96999979019165,4.998000144958496,4.684999942779541,4.690000057220459,1685400,0.0,0.0
2025-09-25 00:00:00-04:00,4.630000114440918,4.739999771118164,4.585000038146973,4.650000095367432,1227700,0.0,0.0
2025-09-26 00:00:00-04:00,4.619999885559082,4.630000114440918,4.489999771118164,4.53000020980835,1806500,0.0,0.0
2025-09-29 00:00:00-04:00,4.579999923706055,4.590000152587891,4.28000020980835,4.380000114440918,1773700,0.0,0.0
2025-09-30 00:00:00-04:00,4.369999885559082,4.380000114440918,4.150000095367432,4.179999828338623,1826500,0.0,0.0
2025-10-01 00:00:00-04:00,4.150000095367432,4.159999847412109,3.9700000286102295,4.059999942779541,2994300,0.0,0.0
2025-10-02 00:00:00-04:00,4.050000190734863,4.090000152587891,3.994999885559082,4.070000171661377,1642500,0.0,0.0
2025-10-03 00:00:00-04:00,4.199999809265137,4.238999843597412,4.099999904632568,4.110000133514404,2192300,0.0,0.0
2025-10-06 00:00:00-04:00,4.269999980926514,4.308000087738037,4.114999771118164,4.260000228881836,2750500,0.0,0.0
2025-10-07 00:00:00-04:00,4.269999980926514,4.300000190734863,4.090000152587891,4.139999866485596,1583100,0.0,0.0
2025-10-08 00:00:00-04:00,4.139999866485596,4.195000171661377,4.079999923706055,4.130000114440918,1303500,0.0,0.0
2025-10-09 00:00:00-04:00,4.150000095367432,4.159999847412109,4.03000020980835,4.039999961853027,1359400,0.0,0.0
2025-10-10 00:00:00-04:00,4.03000020980835,4.090000152587891,3.880000114440918,3.9200000762939453,1991000,0.0,0.0
2025-10-13 00:00:00-04:00,3.950000047683716,3.994999885559082,3.9040000438690186,3.930000066757202,1260300,0.0,0.0
2025-10-14 00:00:00-04:00,3.890000104904175,4.074999809265137,3.859999895095825,4.03000020980835,1275200,0.0,0.0
2025-10-15 00:00:00-04:00,4.050000190734863,4.079999923706055,3.9000000953674316,3.9200000762939453,1210500,0.0,0.0
2025-10-16 00:00:00-04:00,3.950000047683716,3.9649999141693115,3.680000066757202,3.690000057220459,1822800,0.0,0.0
2025-10-17 00:00:00-04:00,3.630000114440918,3.7249999046325684,3.5940001010894775,3.7100000381469727,2435200,0.0,0.0
2025-10-20 00:00:00-04:00,3.75,3.934999942779541,3.75,3.9100000858306885,1831500,0.0,0.0
2025-10-21 00:00:00-04:00,3.9100000858306885,4.065999984741211,3.9100000858306885,4.010000228881836,1585300,0.0,0.0
2025-10-22 00:00:00-04:00,3.9700000286102295,4.019999980926514,3.859999895095825,3.9100000858306885,1195000,0.0,0.0
2025-10-23 00:00:00-04:00,3.9000000953674316,3.984999895095825,3.8550000190734863,3.869999885559082,685900,0.0,0.0
2025-10-24 00:00:00-04:00,3.950000047683716,3.9749999046325684,3.890000104904175,3.9000000953674316,730500,0.0,0.0
2025-10-27 00:00:00-04:00,3.9100000858306885,3.950000047683716,3.859999895095825,3.890000104904175,939600,0.0,0.0
2025-10-28 00:00:00-04:00,3.880000114440918,3.9600000381469727,3.8450000286102295,3.859999895095825,1431000,0.0,0.0
2025-10-29 00:00:00-04:00,3.869999885559082,3.930000066757202,3.565000057220459,3.569999933242798,2439100,0.0,0.0
2025-10-30 00:00:00-04:00,3.6700000762939453,3.740000009536743,3.4200000762939453,3.4700000286102295,2618600,0.0,0.0
2025-10-31 00:00:00-04:00,3.5,3.7249999046325684,3.490000009536743,3.7200000286102295,2534300,0.0,0.0
2025-11-03 00:00:00-05:00,3.7200000286102295,3.7699999809265137,3.5799999237060547,3.690000057220459,2038200,0.0,0.0
2025-11-04 00:00:00-05:00,3.6600000858306885,3.878999948501587,3.6389999389648438,3.7200000286102295,2166700,0.0,0.0
2025-11-05 00:00:00-05:00,3.740000009536743,3.934999942779541,3.740000009536743,3.7899999618530273,2012900,0.0,0.0
2025-11-06 00:00:00-05:00,3.7699999809265137,3.7899999618530273,3.5950000286102295,3.630000114440918,1459500,0.0,0.0
2025-11-07 00:00:00-05:00,3.5999999046325684,3.7249999046325684,3.5999999046325684,3.6700000762939453,1194800,0.0,0.0
2025-11-10 00:00:00-05:00,3.690000057220459,3.7899999618530273,3.640000104904175,3.75,1508100,0.0,0.0
2025-11-11 00:00:00-05:00,3.740000009536743,4.0,3.740000009536743,3.990000009536743,1837100,0.0,0.0
2025-11-12 00:00:00-05:00,3.9700000286102295,4.114999771118164,3.9200000762939453,4.099999904632568,1707900,0.0,0.0
2025-11-13 00:00:00-05:00,4.050000190734863,4.15500020980835,3.8299999237060547,3.859999895095825,2098800,0.0,0.0
2025-11-14 00:00:00-05:00,3.759999990463257,3.7699999809265137,3.640000104904175,3.700000047683716,961600,0.0,0.0
2025-11-17 00:00:00-05:00,3.680000066757202,3.684999942779541,3.5950000286102295,3.619999885559082,1683700,0.0,0.0
2025-11-18 00:00:00-05:00,3.609999895095825,3.694999933242798,3.5899999141693115,3.6500000953674316,862200,0.0,0.0
2025-11-19 00:00:00-05:00,3.6500000953674316,3.690000057220459,3.5350000858306885,3.549999952316284,962000,0.0,0.0
2025-11-20 00:00:00-05:00,3.609999895095825,3.6600000858306885,3.440000057220459,3.4600000381469727,1330600,0.0,0.0
2025-11-21 00:00:00-05:00,3.430000066757202,3.744999885559082,3.430000066757202,3.7300000190734863,1711100,0.0,0.0
2025-11-24 00:00:00-05:00,3.7300000190734863,4.03000020980835,3.7149999141693115,3.930000066757202,2273400,0.0,0.0
2025-11-25 00:00:00-05:00,3.930000066757202,4.050000190734863,3.930000066757202,3.9800000190734863,1243200,0.0,0.0
2025-11-26 00:00:00-05:00,3.9800000190734863,4.005000114440918,3.930000066757202,3.9800000190734863,1140100,0.0,0.0
2025-11-28 00:00:00-05:00,3.9700000286102295,4.010000228881836,3.9000000953674316,3.9700000286102295,758800,0.0,0.0
2025-12-01 00:00:00-05:00,3.9149999618530273,3.950000047683716,3.8399999141693115,3.869999885559082,883300,0.0,0.0
2025-12-02 00:00:00-05:00,3.9000000953674316,3.9000000953674316,3.7300000190734863,3.7799999713897705,718600,0.0,0.0
2025-12-03 00:00:00-05:00,3.799999952316284,3.9200000762939453,3.7899999618530273,3.9000000953674316,669100,0.0,0.0
2025-12-04 00:00:00-05:00,3.869999885559082,3.934999942779541,3.8550000190734863,3.890000104904175,614700,0.0,0.0
2025-12-05 00:00:00-05:00,3.859999895095825,3.984999895095825,3.859999895095825,3.880000114440918,773400,0.0,0.0
2025-12-08 00:00:00-05:00,3.890000104904175,3.9700000286102295,3.890000104904175,3.9700000286102295,975000,0.0,0.0
2025-12-09 00:00:00-05:00,3.940000057220459,4.025000095367432,3.930000066757202,3.9800000190734863,1110500,0.0,0.0
2025-12-10 00:00:00-05:00,3.9700000286102295,4.105000019073486,3.9200000762939453,4.03000020980835,1465200,0.0,0.0
2025-12-11 00:00:00-05:00,4.019999980926514,4.28000020980835,4.019999980926514,4.269999980926514,2644200,0.0,0.0
2025-12-12 00:00:00-05:00,4.269999980926514,4.5,4.199999809265137,4.230000019073486,2781000,0.0,0.0
2025-12-15 00:00:00-05:00,4.230000019073486,4.269999980926514,3.9149999618530273,3.990000009536743,3821700,0.0,0.0
2025-12-16 00:00:00-05:00,3.9600000381469727,4.019999980926514,3.940000057220459,3.9700000286102295,1087600,0.0,0.0
2025-12-17 00:00:00-05:00,3.9700000286102295,4.010000228881836,3.7899999618530273,3.809999942779541,1156900,0.0,0.0
2025-12-18 00:00:00-05:00,3.859999895095825,3.984999895095825,3.859999895095825,3.930000066757202,1439700,0.0,0.0
2025-12-19 00:00:00-05:00,3.9100000858306885,3.984999895095825,3.865000009536743,3.869999885559082,4552200,0.0,0.0
2025-12-22 00:00:00-05:00,3.859999895095825,4.0,3.825000047683716,3.990000009536743,1498700,0.0,0.0
2025-12-23 00:00:00-05:00,3.9600000381469727,4.005000114440918,3.8399999141693115,3.930000066757202,1374800,0.0,0.0
2025-12-24 00:00:00-05:00,3.9200000762939453,3.930000066757202,3.809999942779541,3.880000114440918,631700,0.0,0.0
2025-12-26 00:00:00-05:00,3.8299999237060547,3.8399999141693115,3.559999942779541,3.690000057220459,1718400,0.0,0.0
2025-12-29 00:00:00-05:00,3.680000066757202,3.690999984741211,3.575000047683716,3.5899999141693115,1420600,0.0,0.0
2025-12-30 00:00:00-05:00,3.5999999046325684,3.625,3.390000104904175,3.4100000858306885,1588300,0.0,0.0
2025-12-31 00:00:00-05:00,3.4600000381469727,3.680000066757202,3.4000000953674316,3.6500000953674316,2819500,0.0,0.0
2026-01-02 00:00:00-05:00,3.6500000953674316,3.7799999713897705,3.549999952316284,3.690000057220459,2421700,0.0,0.0
2026-01-05 00:00:00-05:00,3.680000066757202,3.819999933242798,3.6640000343322754,3.740000009536743,1091600,0.0,0.0
2026-01-06 00:00:00-05:00,3.734999895095825,3.7899999618530273,3.6700000762939453,3.690000057220459,1053400,0.0,0.0
2026-01-07 00:00:00-05:00,3.7100000381469727,3.950000047683716,3.7100000381469727,3.8499999046325684,1262800,0.0,0.0
2026-01-08 00:00:00-05:00,3.809999942779541,3.9100000858306885,3.759999990463257,3.880000114440918,1073200,0.0,0.0
2026-01-09 00:00:00-05:00,3.930000066757202,4.320000171661377,3.930000066757202,4.119999885559082,3940300,0.0,0.0
2026-01-12 00:00:00-05:00,4.110000133514404,4.295000076293945,4.019999980926514,4.269999980926514,1814000,0.0,0.0
2026-01-13 00:00:00-05:00,4.260000228881836,4.270999908447266,4.019999980926514,4.079999923706055,1004900,0.0,0.0
2026-01-14 00:00:00-05:00,4.039999961853027,4.070000171661377,3.869999885559082,3.869999885559082,1495500,0.0,0.0
2026-01-15 00:00:00-05:00,3.890000104904175,3.930000066757202,3.7899999618530273,3.859999895095825,1665200,0.0,0.0
2026-01-16 00:00:00-05:00,3.859999895095825,3.875,3.75,3.7699999809265137,1013900,0.0,0.0
2026-01-20 00:00:00-05:00,3.6500000953674316,3.740000009536743,3.5250000953674316,3.569999933242798,1245800,0.0,0.0
2026-01-21 00:00:00-05:00,3.569999933242798,3.700000047683716,3.555000066757202,3.690000057220459,1248100,0.0,0.0
2026-01-22 00:00:00-05:00,3.7200000286102295,3.809999942779541,3.6410000324249268,3.6600000858306885,1181800,0.0,0.0
2026-01-23 00:00:00-05:00,3.640000104904175,3.740000009536743,3.609999895095825,3.680000066757202,788000,0.0,0.0
2026-01-26 00:00:00-05:00,3.690000057220459,3.700000047683716,3.619999885559082,3.630000114440918,719000,0.0,0.0
2026-01-27 00:00:00-05:00,3.5999999046325684,3.7300000190734863,3.5250000953674316,3.7100000381469727,1264300,0.0,0.0
2026-01-28 00:00:00-05:00,3.75,3.809999942779541,3.6500000953674316,3.6600000858306885,1156800,0.0,0.0
2026-01-29 00:00:00-05:00,3.6649999618530273,3.7200000286102295,3.569999933242798,3.5799999237060547,1187000,0.0,0.0
2026-01-30 00:00:00-05:00,3.549999952316284,3.565000057220459,3.444999933242798,3.5399999618530273,1448400,0.0,0.0
2026-02-02 00:00:00-05:00,3.5199999809265137,3.575000047683716,3.384999990463257,3.4000000953674316,1557900,0.0,0.0
2026-02-03 00:00:00-05:00,3.4049999713897705,3.4800000190734863,3.194999933242798,3.25,1956600,0.0,0.0
2026-02-04 00:00:00-05:00,3.25,3.2899999618530273,3.130000114440918,3.2200000286102295,1742200,0.0,0.0
2026-02-05 00:00:00-05:00,3.2100000381469727,3.2699999809265137,3.015000104904175,3.049999952316284,2269700,0.0,0.0
2026-02-06 00:00:00-05:00,3.0999999046325684,3.240000009536743,3.069999933242798,3.2200000286102295,1126500,0.0,0.0
2026-02-09 00:00:00-05:00,3.200000047683716,3.234999895095825,3.140000104904175,3.2200000286102295,1027000,0.0,0.0
2026-02-10 00:00:00-05:00,3.2200000286102295,3.2799999713897705,3.122999906539917,3.140000104904175,1508100,0.0,0.0
2026-02-11 00:00:00-05:00,3.200000047683716,3.2200000286102295,2.8399999141693115,2.880000114440918,3220000,0.0,0.0
2026-02-12 00:00:00-05:00,2.890000104904175,2.9000000953674316,2.549999952316284,2.6500000953674316,2822000,0.0,0.0
2026-02-13 00:00:00-05:00,2.7100000381469727,2.799999952316284,2.684999942779541,2.7200000286102295,3716700,0.0,0.0
2026-02-17 00:00:00-05:00,2.700000047683716,2.740000009536743,2.559999942779541,2.630000114440918,1684600,0.0,0.0
2026-02-18 00:00:00-05:00,2.630000114440918,2.700000047683716,2.559999942779541,2.5799999237060547,1191400,0.0,0.0
2026-02-19 00:00:00-05:00,2.5799999237060547,2.680000066757202,2.5,2.6600000858306885,1380200,0.0,0.0
2026-02-20 00:00:00-05:00,2.6500000953674316,2.7149999141693115,2.619999885559082,2.630000114440918,1098700,0.0,0.0
2026-02-23 00:00:00-05:00,2.619999885559082,2.6640000343322754,2.444999933242798,2.5,2166400,0.0,0.0
2026-02-24 00:00:00-05:00,2.4700000286102295,2.61899995803833,2.450000047683716,2.5899999141693115,2010300,0.0,0.0
2026-02-25 00:00:00-05:00,2.5799999237060547,2.740000009536743,2.559999942779541,2.7300000190734863,1459500,0.0,0.0
2026-02-26 00:00:00-05:00,2.7300000190734863,2.859999895095825,2.680000066757202,2.7699999809265137,1578400,0.0,0.0
2026-02-27 00:00:00-05:00,2.7200000286102295,2.7769999504089355,2.6050000190734863,2.6500000953674316,1201700,0.0,0.0
2026-03-02 00:00:00-05:00,2.5799999237060547,2.680000066757202,2.559999942779541,2.6500000953674316,1320700,0.0,0.0
2026-03-03 00:00:00-05:00,2.619999885559082,2.7699999809265137,2.559999942779541,2.740000009536743,1881500,0.0,0.0
2026-03-04 00:00:00-05:00,2.8499999046325684,2.9800000190734863,2.700000047683716,2.759999990463257,2418200,0.0,0.0
2026-03-05 00:00:00-05:00,2.7799999713897705,2.9000000953674316,2.5209999084472656,2.5999999046325684,3892600,0.0,0.0
2026-03-06 00:00:00-05:00,2.5399999618530273,2.7049999237060547,2.509999990463257,2.5299999713897705,2125900,0.0,0.0
2026-03-09 00:00:00-04:00,2.4700000286102295,2.5199999809265137,2.390000104904175,2.5199999809265137,1931800,0.0,0.0
2026-03-10 00:00:00-04:00,2.5299999713897705,2.5369999408721924,2.424999952316284,2.450000047683716,1762700,0.0,0.0
2026-03-11 00:00:00-04:00,2.450000047683716,2.4700000286102295,2.369999885559082,2.4000000953674316,1129500,0.0,0.0
2026-03-12 00:00:00-04:00,2.369999885559082,2.509999990463257,2.3499999046325684,2.4700000286102295,1906400,0.0,0.0
2026-03-13 00:00:00-04:00,2.4800000190734863,2.5199999809265137,2.3399999141693115,2.3499999046325684,1158600,0.0,0.0
2026-03-16 00:00:00-04:00,2.390000104904175,2.440000057220459,2.3550000190734863,2.380000114440918,1059900,0.0,0.0
2026-03-17 00:00:00-04:00,2.4000000953674316,2.5299999713897705,2.4000000953674316,2.490000009536743,937800,0.0,0.0
2026-03-18 00:00:00-04:00,2.440000057220459,2.484999895095825,2.384999990463257,2.4000000953674316,1078994,0.0,0.0
