Date,Open,High,Low,Close,Volume,Dividends,Stock Splits
2022-01-03 00:00:00-05:00,29.40999984741211,29.799999237060547,29.100000381469727,29.31999969482422,656300,0.0,0.0
2022-01-04 00:00:00-05:00,29.510000228881836,29.559999465942383,28.440000534057617,28.979999542236328,601300,0.0,0.0
2022-01-05 00:00:00-05:00,28.8799991607666,29.020000457763672,27.6200008392334,27.90999984741211,717400,0.0,0.0
2022-01-06 00:00:00-05:00,27.860000610351562,28.299999237060547,27.520000457763672,28.1299991607666,590200,0.0,0.0
2022-01-07 00:00:00-05:00,28.1299991607666,28.280000686645508,27.350000381469727,27.540000915527344,687800,0.0,0.0
2022-01-10 00:00:00-05:00,27.18000030517578,27.40999984741211,26.5,27.389999389648438,738900,0.0,0.0
2022-01-11 00:00:00-05:00,27.34000015258789,27.950000762939453,27.030000686645508,27.690000534057617,593200,0.0,0.0
2022-01-12 00:00:00-05:00,27.959999084472656,28.190000534057617,27.65999984741211,28.040000915527344,593000,0.0,0.0
2022-01-13 00:00:00-05:00,28.350000381469727,28.799999237060547,27.799999237060547,27.860000610351562,541200,0.0,0.0
2022-01-14 00:00:00-05:00,27.719999313354492,28.18000030517578,27.649999618530273,27.959999084472656,372500,0.0,0.0
2022-01-18 00:00:00-05:00,27.610000610351562,27.610000610351562,26.360000610351562,26.459999084472656,654700,0.0,0.0
2022-01-19 00:00:00-05:00,26.56999969482422,26.799999237060547,25.579999923706055,25.899999618530273,776300,0.0,0.0
2022-01-20 00:00:00-05:00,25.780000686645508,26.15999984741211,25.020000457763672,25.030000686645508,537000,0.0,0.0
2022-01-21 00:00:00-05:00,24.68000030517578,25.43000030517578,24.59000015258789,24.600000381469727,1103500,0.0,0.0
2022-01-24 00:00:00-05:00,24.219999313354492,24.93000030517578,23.559999465942383,24.90999984741211,964700,0.0,0.0
2022-01-25 00:00:00-05:00,24.290000915527344,24.709999084472656,23.920000076293945,24.329999923706055,3021700,0.0,0.0
2022-01-26 00:00:00-05:00,24.899999618530273,25.360000610351562,24.219999313354492,24.530000686645508,815100,0.0,0.0
2022-01-27 00:00:00-05:00,24.899999618530273,24.899999618530273,23.65999984741211,23.760000228881836,1219800,0.0,0.0
2022-01-28 00:00:00-05:00,23.6200008392334,24.139999389648438,22.829999923706055,24.139999389648438,1002900,0.0,0.0
2022-01-31 00:00:00-05:00,24.239999771118164,25.290000915527344,24.18000030517578,25.25,758100,0.0,0.0
2022-02-01 00:00:00-05:00,25.469999313354492,25.649999618530273,25.149999618530273,25.559999465942383,720200,0.0,0.0
2022-02-02 00:00:00-05:00,25.84000015258789,25.93000030517578,25.489999771118164,25.729999542236328,702200,0.0,0.0
2022-02-03 00:00:00-05:00,25.329999923706055,25.600000381469727,25.020000457763672,25.06999969482422,737600,0.0,0.0
2022-02-04 00:00:00-05:00,24.860000610351562,25.049999237060547,24.420000076293945,24.829999923706055,480300,0.0,0.0
2022-02-07 00:00:00-05:00,25.049999237060547,25.600000381469727,24.8700008392334,25.15999984741211,947200,0.0,0.0
2022-02-08 00:00:00-05:00,26.0,26.6200008392334,25.399999618530273,26.350000381469727,2997400,0.0,0.0
2022-02-09 00:00:00-05:00,26.719999313354492,27.239999771118164,26.559999465942383,27.139999389648438,865800,0.0,0.0
2022-02-10 00:00:00-05:00,26.559999465942383,27.440000534057617,26.479999542236328,27.040000915527344,1004100,0.0,0.0
2022-02-11 00:00:00-05:00,27.100000381469727,27.329999923706055,26.200000762939453,26.40999984741211,681500,0.0,0.0
2022-02-14 00:00:00-05:00,26.520000457763672,27.010000228881836,25.8799991607666,26.309999465942383,809200,0.0,0.0
2022-02-15 00:00:00-05:00,26.780000686645508,27.489999771118164,26.459999084472656,27.34000015258789,813400,0.0,0.0
2022-02-16 00:00:00-05:00,27.280000686645508,28.219999313354492,27.1200008392334,28.06999969482422,732400,0.0,0.0
2022-02-17 00:00:00-05:00,27.8700008392334,27.889999389648438,27.25,27.309999465942383,3000700,0.0,0.0
2022-02-18 00:00:00-05:00,27.299999237060547,27.75,26.530000686645508,26.739999771118164,1068300,0.0,0.0
2022-02-22 00:00:00-05:00,26.399999618530273,26.90999984741211,25.93000030517578,26.290000915527344,704000,0.0,0.0
2022-02-23 00:00:00-05:00,26.549999237060547,27.020000457763672,25.81999969482422,25.93000030517578,1279300,0.0,0.0
2022-02-24 00:00:00-05:00,25.079999923706055,26.959999084472656,24.959999084472656,26.760000228881836,884900,0.0,0.0
2022-02-25 00:00:00-05:00,26.899999618530273,27.219999313354492,26.59000015258789,27.200000762939453,531000,0.0,0.0
2022-02-28 00:00:00-05:00,26.940000534057617,27.3700008392334,26.56999969482422,27.0,903100,0.0,0.0
2022-03-01 00:00:00-05:00,26.860000610351562,27.239999771118164,26.459999084472656,26.68000030517578,1149100,0.0,0.0
2022-03-02 00:00:00-05:00,26.760000228881836,28.149999618530273,26.760000228881836,28.010000228881836,1086400,0.0,0.0
2022-03-03 00:00:00-05:00,28.299999237060547,29.010000228881836,28.299999237060547,28.829999923706055,1540300,0.0,0.0
2022-03-04 00:00:00-05:00,28.56999969482422,28.84000015258789,27.549999237060547,28.09000015258789,1313400,0.0,0.0
2022-03-07 00:00:00-05:00,28.15999984741211,28.299999237060547,27.030000686645508,27.190000534057617,1107100,0.0,0.0
2022-03-08 00:00:00-05:00,27.190000534057617,28.780000686645508,27.18000030517578,27.8700008392334,1201200,0.0,0.0
2022-03-09 00:00:00-05:00,28.43000030517578,28.899999618530273,28.170000076293945,28.739999771118164,1264900,0.0,0.0
2022-03-10 00:00:00-05:00,28.329999923706055,28.510000228881836,27.790000915527344,28.280000686645508,1118000,0.0,0.0
2022-03-11 00:00:00-05:00,28.6200008392334,28.850000381469727,27.649999618530273,27.729999542236328,827600,0.0,0.0
2022-03-14 00:00:00-04:00,27.639999389648438,27.8799991607666,25.670000076293945,25.780000686645508,2064400,0.0,0.0
2022-03-15 00:00:00-04:00,25.8799991607666,28.020000457763672,25.510000228881836,27.8700008392334,1706800,0.0,0.0
2022-03-16 00:00:00-04:00,28.219999313354492,29.030000686645508,28.170000076293945,29.010000228881836,1666400,0.0,0.0
2022-03-17 00:00:00-04:00,29.110000610351562,30.309999465942383,28.93000030517578,29.6299991607666,3518000,0.0,0.0
2022-03-18 00:00:00-04:00,29.739999771118164,31.549999237060547,29.600000381469727,31.229999542236328,4531900,0.0,0.0
2022-03-21 00:00:00-04:00,31.229999542236328,31.639999389648438,30.68000030517578,31.209999084472656,1562000,0.0,0.0
2022-03-22 00:00:00-04:00,31.209999084472656,31.850000381469727,30.940000534057617,31.389999389648438,1103900,0.0,0.0
2022-03-23 00:00:00-04:00,31.100000381469727,31.790000915527344,31.0,31.170000076293945,1176300,0.0,0.0
2022-03-24 00:00:00-04:00,31.459999084472656,32.4900016784668,31.34000015258789,32.43000030517578,1367700,0.0,0.0
2022-03-25 00:00:00-04:00,32.5,32.810001373291016,32.099998474121094,32.310001373291016,1237400,0.0,0.0
2022-03-28 00:00:00-04:00,32.130001068115234,32.91999816894531,31.93000030517578,32.91999816894531,1133100,0.0,0.0
2022-03-29 00:00:00-04:00,33.04999923706055,33.75,32.939998626708984,33.599998474121094,1560500,0.0,0.0
2022-03-30 00:00:00-04:00,33.4900016784668,33.709999084472656,31.979999542236328,32.29999923706055,1310200,0.0,0.0
2022-03-31 00:00:00-04:00,32.290000915527344,32.5099983215332,31.790000915527344,31.889999389648438,1242100,0.0,0.0
2022-04-01 00:00:00-04:00,31.950000762939453,32.209999084472656,30.540000915527344,31.43000030517578,1693000,0.0,0.0
2022-04-04 00:00:00-04:00,31.450000762939453,31.600000381469727,30.709999084472656,31.09000015258789,842200,0.0,0.0
2022-04-05 00:00:00-04:00,30.84000015258789,31.020000457763672,28.579999923706055,28.6200008392334,2156600,0.0,0.0
2022-04-06 00:00:00-04:00,28.079999923706055,28.420000076293945,27.43000030517578,27.479999542236328,1298300,0.0,0.0
2022-04-07 00:00:00-04:00,27.34000015258789,27.93000030517578,26.829999923706055,27.15999984741211,776000,0.0,0.0
2022-04-08 00:00:00-04:00,26.43000030517578,26.969999313354492,26.200000762939453,26.25,904900,0.0,0.0
2022-04-11 00:00:00-04:00,25.850000381469727,26.079999923706055,25.450000762939453,25.540000915527344,1292600,0.0,0.0
2022-04-12 00:00:00-04:00,26.06999969482422,26.260000228881836,25.350000381469727,25.3700008392334,695500,0.0,0.0
2022-04-13 00:00:00-04:00,25.450000762939453,26.290000915527344,25.420000076293945,26.200000762939453,1076000,0.0,0.0
2022-04-14 00:00:00-04:00,26.25,26.350000381469727,25.860000610351562,25.889999389648438,924500,0.0,0.0
2022-04-18 00:00:00-04:00,25.719999313354492,26.56999969482422,25.510000228881836,26.219999313354492,576400,0.0,0.0
2022-04-19 00:00:00-04:00,26.139999389648438,26.860000610351562,26.0,26.68000030517578,568900,0.0,0.0
2022-04-20 00:00:00-04:00,27.100000381469727,27.3700008392334,26.610000610351562,26.649999618530273,447100,0.0,0.0
2022-04-21 00:00:00-04:00,27.040000915527344,27.260000228881836,25.989999771118164,26.079999923706055,591300,0.0,0.0
2022-04-22 00:00:00-04:00,25.649999618530273,26.18000030517578,25.31999969482422,25.389999389648438,505900,0.0,0.0
2022-04-25 00:00:00-04:00,25.15999984741211,25.770000457763672,24.950000762939453,25.75,599200,0.0,0.0
2022-04-26 00:00:00-04:00,25.56999969482422,25.68000030517578,24.959999084472656,25.010000228881836,632000,0.0,0.0
2022-04-27 00:00:00-04:00,24.809999465942383,25.389999389648438,24.309999465942383,24.549999237060547,1166000,0.0,0.0
2022-04-28 00:00:00-04:00,25.110000610351562,25.84000015258789,24.709999084472656,25.610000610351562,588100,0.0,0.0
2022-04-29 00:00:00-04:00,24.719999313354492,25.8799991607666,24.389999389648438,24.90999984741211,725700,0.0,0.0
2022-05-02 00:00:00-04:00,24.90999984741211,25.549999237060547,24.510000228881836,25.510000228881836,846000,0.0,0.0
2022-05-03 00:00:00-04:00,25.790000915527344,26.959999084472656,25.219999313354492,26.25,1495000,0.0,0.0
2022-05-04 00:00:00-04:00,26.510000228881836,27.149999618530273,25.43000030517578,26.850000381469727,1059200,0.0,0.0
2022-05-05 00:00:00-04:00,26.3799991607666,26.829999923706055,25.290000915527344,25.8700008392334,1303300,0.0,0.0
2022-05-06 00:00:00-04:00,25.489999771118164,26.040000915527344,25.059999465942383,25.780000686645508,984000,0.0,0.0
2022-05-09 00:00:00-04:00,25.329999923706055,25.530000686645508,24.270000457763672,24.350000381469727,1085300,0.0,0.0
2022-05-10 00:00:00-04:00,24.920000076293945,25.290000915527344,24.18000030517578,24.610000610351562,846100,0.0,0.0
2022-05-11 00:00:00-04:00,24.540000915527344,24.899999618530273,23.600000381469727,23.65999984741211,655100,0.0,0.0
2022-05-12 00:00:00-04:00,23.3799991607666,24.020000457763672,23.280000686645508,23.729999542236328,604800,0.0,0.0
2022-05-13 00:00:00-04:00,24.149999618530273,24.81999969482422,23.899999618530273,24.420000076293945,1036200,0.0,0.0
2022-05-16 00:00:00-04:00,24.200000762939453,24.65999984741211,24.09000015258789,24.540000915527344,703400,0.0,0.0
2022-05-17 00:00:00-04:00,25.239999771118164,25.639999389648438,25.040000915527344,25.34000015258789,868000,0.0,0.0
2022-05-18 00:00:00-04:00,24.84000015258789,25.139999389648438,23.889999389648438,24.079999923706055,975800,0.0,0.0
2022-05-19 00:00:00-04:00,23.950000762939453,24.920000076293945,23.8799991607666,24.56999969482422,852900,0.0,0.0
2022-05-20 00:00:00-04:00,24.989999771118164,24.989999771118164,23.540000915527344,24.530000686645508,681000,0.0,0.0
2022-05-23 00:00:00-04:00,24.530000686645508,24.739999771118164,24.020000457763672,24.440000534057617,516200,0.0,0.0
2022-05-24 00:00:00-04:00,24.1299991607666,24.260000228881836,23.459999084472656,23.579999923706055,654600,0.0,0.0
2022-05-25 00:00:00-04:00,23.479999542236328,23.979999542236328,23.309999465942383,23.790000915527344,419000,0.0,0.0
2022-05-26 00:00:00-04:00,23.829999923706055,24.739999771118164,23.780000686645508,24.579999923706055,658000,0.0,0.0
2022-05-27 00:00:00-04:00,24.850000381469727,25.209999084472656,24.799999237060547,25.18000030517578,688500,0.0,0.0
2022-05-31 00:00:00-04:00,25.110000610351562,25.299999237060547,24.65999984741211,25.100000381469727,493000,0.0,0.0
2022-06-01 00:00:00-04:00,25.15999984741211,25.479999542236328,24.729999542236328,25.280000686645508,985000,0.0,0.0
2022-06-02 00:00:00-04:00,25.1299991607666,25.860000610351562,25.1299991607666,25.770000457763672,869800,0.0,0.0
2022-06-03 00:00:00-04:00,25.530000686645508,25.690000534057617,25.18000030517578,25.3700008392334,526600,0.0,0.0
2022-06-06 00:00:00-04:00,25.670000076293945,25.770000457763672,25.09000015258789,25.459999084472656,692900,0.0,0.0
2022-06-07 00:00:00-04:00,25.06999969482422,25.360000610351562,24.8799991607666,25.31999969482422,731700,0.0,0.0
2022-06-08 00:00:00-04:00,25.31999969482422,25.31999969482422,24.559999465942383,24.770000457763672,725800,0.0,0.0
2022-06-09 00:00:00-04:00,24.510000228881836,24.920000076293945,24.1299991607666,24.15999984741211,677400,0.0,0.0
2022-06-10 00:00:00-04:00,23.809999465942383,24.110000610351562,23.459999084472656,23.90999984741211,906900,0.0,0.0
2022-06-13 00:00:00-04:00,23.149999618530273,23.260000228881836,21.969999313354492,22.09000015258789,1277900,0.0,0.0
2022-06-14 00:00:00-04:00,22.229999542236328,22.309999465942383,21.729999542236328,22.079999923706055,1290500,0.0,0.0
2022-06-15 00:00:00-04:00,22.389999389648438,23.0,22.09000015258789,22.559999465942383,835400,0.0,0.0
2022-06-16 00:00:00-04:00,21.829999923706055,22.110000610351562,20.649999618530273,20.75,1041200,0.0,0.0
2022-06-17 00:00:00-04:00,21.139999389648438,21.270000457763672,20.459999084472656,20.920000076293945,1661300,0.0,0.0
2022-06-21 00:00:00-04:00,21.25,21.760000228881836,21.1299991607666,21.579999923706055,787800,0.0,0.0
2022-06-22 00:00:00-04:00,21.280000686645508,21.520000457763672,21.09000015258789,21.350000381469727,949500,0.0,0.0
2022-06-23 00:00:00-04:00,21.440000534057617,21.489999771118164,20.760000228881836,21.010000228881836,505000,0.0,0.0
2022-06-24 00:00:00-04:00,21.270000457763672,21.790000915527344,21.09000015258789,21.739999771118164,3067800,0.0,0.0
2022-06-27 00:00:00-04:00,22.049999237060547,22.34000015258789,21.649999618530273,22.010000228881836,542100,0.0,0.0
2022-06-28 00:00:00-04:00,22.139999389648438,22.43000030517578,21.6200008392334,21.65999984741211,831600,0.0,0.0
2022-06-29 00:00:00-04:00,21.43000030517578,21.6200008392334,21.06999969482422,21.600000381469727,592400,0.0,0.0
2022-06-30 00:00:00-04:00,21.350000381469727,21.850000381469727,21.040000915527344,21.489999771118164,970700,0.0,0.0
2022-07-01 00:00:00-04:00,21.100000381469727,21.299999237060547,20.15999984741211,20.59000015258789,714800,0.0,0.0
2022-07-05 00:00:00-04:00,20.079999923706055,21.010000228881836,20.0,21.0,999200,0.0,0.0
2022-07-06 00:00:00-04:00,21.049999237060547,21.479999542236328,20.739999771118164,20.860000610351562,657000,0.0,0.0
2022-07-07 00:00:00-04:00,21.290000915527344,21.690000534057617,21.139999389648438,21.469999313354492,579500,0.0,0.0
2022-07-08 00:00:00-04:00,21.299999237060547,21.6200008392334,20.5,21.420000076293945,623600,0.0,0.0
2022-07-11 00:00:00-04:00,21.1299991607666,21.280000686645508,20.950000762939453,21.139999389648438,350600,0.0,0.0
2022-07-12 00:00:00-04:00,21.25,21.459999084472656,21.0,21.100000381469727,459300,0.0,0.0
2022-07-13 00:00:00-04:00,20.780000686645508,21.479999542236328,20.780000686645508,21.329999923706055,526800,0.0,0.0
2022-07-14 00:00:00-04:00,21.280000686645508,21.639999389648438,20.889999389648438,21.459999084472656,446700,0.0,0.0
2022-07-15 00:00:00-04:00,22.0,22.110000610351562,21.709999084472656,22.059999465942383,440200,0.0,0.0
2022-07-18 00:00:00-04:00,22.450000762939453,22.450000762939453,21.889999389648438,22.0,344500,0.0,0.0
2022-07-19 00:00:00-04:00,22.389999389648438,23.1200008392334,22.389999389648438,23.020000457763672,567700,0.0,0.0
2022-07-20 00:00:00-04:00,23.0,23.889999389648438,22.799999237060547,23.760000228881836,705600,0.0,0.0
2022-07-21 00:00:00-04:00,24.040000915527344,24.459999084472656,23.790000915527344,24.450000762939453,592900,0.0,0.0
2022-07-22 00:00:00-04:00,24.34000015258789,24.420000076293945,23.559999465942383,23.790000915527344,885000,0.0,0.0
2022-07-25 00:00:00-04:00,23.68000030517578,23.81999969482422,23.510000228881836,23.770000457763672,390200,0.0,0.0
2022-07-26 00:00:00-04:00,23.6200008392334,23.989999771118164,23.6200008392334,23.739999771118164,298900,0.0,0.0
2022-07-27 00:00:00-04:00,24.020000457763672,24.600000381469727,23.899999618530273,24.489999771118164,524000,0.0,0.0
2022-07-28 00:00:00-04:00,24.559999465942383,25.25,24.489999771118164,25.059999465942383,513500,0.0,0.0
2022-07-29 00:00:00-04:00,24.979999542236328,25.479999542236328,24.75,25.280000686645508,545700,0.0,0.0
2022-08-01 00:00:00-04:00,25.100000381469727,25.520000457763672,24.84000015258789,25.260000228881836,576200,0.0,0.0
2022-08-02 00:00:00-04:00,25.200000762939453,26.450000762939453,25.15999984741211,26.229999542236328,915600,0.0,0.0
2022-08-03 00:00:00-04:00,26.059999465942383,26.719999313354492,26.059999465942383,26.540000915527344,529300,0.0,0.0
2022-08-04 00:00:00-04:00,26.540000915527344,27.110000610351562,26.299999237060547,27.06999969482422,522700,0.0,0.0
2022-08-05 00:00:00-04:00,26.860000610351562,27.1299991607666,26.40999984741211,26.8799991607666,513100,0.0,0.0
2022-08-08 00:00:00-04:00,26.709999084472656,26.93000030517578,26.270000457763672,26.520000457763672,435800,0.0,0.0
2022-08-09 00:00:00-04:00,26.030000686645508,26.200000762939453,25.209999084472656,25.540000915527344,762300,0.0,0.0
2022-08-10 00:00:00-04:00,26.219999313354492,26.219999313354492,25.719999313354492,26.040000915527344,508500,0.0,0.0
2022-08-11 00:00:00-04:00,26.079999923706055,26.639999389648438,26.049999237060547,26.25,352000,0.0,0.0
2022-08-12 00:00:00-04:00,26.489999771118164,27.59000015258789,26.219999313354492,27.540000915527344,717000,0.0,0.0
2022-08-15 00:00:00-04:00,27.600000381469727,28.040000915527344,27.5,27.90999984741211,823900,0.0,0.0
2022-08-16 00:00:00-04:00,27.739999771118164,28.25,27.649999618530273,27.93000030517578,879300,0.0,0.0
2022-08-17 00:00:00-04:00,27.65999984741211,27.809999465942383,27.239999771118164,27.670000076293945,623800,0.0,0.0
2022-08-18 00:00:00-04:00,27.780000686645508,28.790000915527344,27.59000015258789,28.649999618530273,785900,0.0,0.0
2022-08-19 00:00:00-04:00,28.34000015258789,28.3700008392334,27.799999237060547,27.860000610351562,749200,0.0,0.0
2022-08-22 00:00:00-04:00,27.420000076293945,27.709999084472656,27.25,27.360000610351562,740900,0.0,0.0
2022-08-23 00:00:00-04:00,27.510000228881836,28.020000457763672,27.440000534057617,27.6299991607666,568100,0.0,0.0
2022-08-24 00:00:00-04:00,27.510000228881836,27.940000534057617,27.510000228881836,27.81999969482422,492100,0.0,0.0
2022-08-25 00:00:00-04:00,27.75,28.549999237060547,27.75,28.389999389648438,713400,0.0,0.0
2022-08-26 00:00:00-04:00,28.34000015258789,28.34000015258789,26.25,26.329999923706055,509100,0.0,0.0
2022-08-29 00:00:00-04:00,26.040000915527344,26.280000686645508,25.65999984741211,25.850000381469727,433800,0.0,0.0
2022-08-30 00:00:00-04:00,26.079999923706055,26.1299991607666,25.3799991607666,25.729999542236328,445900,0.0,0.0
2022-08-31 00:00:00-04:00,25.75,26.0,25.540000915527344,25.790000915527344,574400,0.0,0.0
2022-09-01 00:00:00-04:00,25.34000015258789,25.34000015258789,24.1200008392334,24.56999969482422,753900,0.0,0.0
2022-09-02 00:00:00-04:00,25.0,25.25,24.43000030517578,24.68000030517578,374600,0.0,0.0
2022-09-06 00:00:00-04:00,24.670000076293945,24.809999465942383,24.290000915527344,24.59000015258789,447400,0.0,0.0
2022-09-07 00:00:00-04:00,24.649999618530273,24.760000228881836,24.309999465942383,24.68000030517578,484700,0.0,0.0
2022-09-08 00:00:00-04:00,24.420000076293945,25.200000762939453,24.239999771118164,25.06999969482422,392600,0.0,0.0
2022-09-09 00:00:00-04:00,25.34000015258789,25.65999984741211,25.34000015258789,25.540000915527344,352400,0.0,0.0
2022-09-12 00:00:00-04:00,25.84000015258789,26.440000534057617,25.770000457763672,26.239999771118164,407900,0.0,0.0
2022-09-13 00:00:00-04:00,25.360000610351562,25.899999618530273,24.84000015258789,24.8700008392334,702000,0.0,0.0
2022-09-14 00:00:00-04:00,25.079999923706055,25.520000457763672,24.84000015258789,25.34000015258789,419700,0.0,0.0
2022-09-15 00:00:00-04:00,25.1200008392334,25.440000534057617,24.700000762939453,25.1299991607666,756100,0.0,0.0
2022-09-16 00:00:00-04:00,24.950000762939453,25.329999923706055,24.670000076293945,25.290000915527344,897500,0.0,0.0
2022-09-19 00:00:00-04:00,24.940000534057617,25.809999465942383,24.850000381469727,25.549999237060547,421000,0.0,0.0
2022-09-20 00:00:00-04:00,25.34000015258789,25.780000686645508,25.34000015258789,25.559999465942383,407300,0.0,0.0
2022-09-21 00:00:00-04:00,25.610000610351562,26.40999984741211,25.3799991607666,25.3799991607666,561800,0.0,0.0
2022-09-22 00:00:00-04:00,25.34000015258789,25.34000015258789,24.510000228881836,24.940000534057617,631000,0.0,0.0
2022-09-23 00:00:00-04:00,24.670000076293945,24.719999313354492,23.84000015258789,24.6299991607666,691100,0.0,0.0
2022-09-26 00:00:00-04:00,24.6299991607666,25.360000610351562,24.329999923706055,24.850000381469727,511600,0.0,0.0
2022-09-27 00:00:00-04:00,25.40999984741211,25.969999313354492,25.18000030517578,25.440000534057617,858800,0.0,0.0
2022-09-28 00:00:00-04:00,25.579999923706055,26.09000015258789,25.31999969482422,25.940000534057617,903600,0.0,0.0
2022-09-29 00:00:00-04:00,25.520000457763672,25.850000381469727,25.170000076293945,25.770000457763672,711500,0.0,0.0
2022-09-30 00:00:00-04:00,25.40999984741211,26.260000228881836,25.399999618530273,25.420000076293945,1000100,0.0,0.0
2022-10-03 00:00:00-04:00,25.670000076293945,26.81999969482422,25.59000015258789,26.649999618530273,657800,0.0,0.0
2022-10-04 00:00:00-04:00,27.110000610351562,27.760000228881836,27.030000686645508,27.43000030517578,706300,0.0,0.0
2022-10-05 00:00:00-04:00,27.139999389648438,27.93000030517578,27.100000381469727,27.90999984741211,600500,0.0,0.0
2022-10-06 00:00:00-04:00,27.799999237060547,28.75,27.690000534057617,28.170000076293945,752300,0.0,0.0
2022-10-07 00:00:00-04:00,27.6200008392334,28.0,27.209999084472656,27.360000610351562,777000,0.0,0.0
2022-10-10 00:00:00-04:00,27.360000610351562,27.450000762939453,25.700000762939453,26.530000686645508,756200,0.0,0.0
2022-10-11 00:00:00-04:00,26.309999465942383,26.8799991607666,25.790000915527344,26.450000762939453,770700,0.0,0.0
2022-10-12 00:00:00-04:00,26.40999984741211,26.579999923706055,25.959999084472656,25.969999313354492,528200,0.0,0.0
2022-10-13 00:00:00-04:00,25.209999084472656,26.809999465942383,24.809999465942383,26.59000015258789,914700,0.0,0.0
2022-10-14 00:00:00-04:00,26.780000686645508,26.889999389648438,25.719999313354492,25.850000381469727,700000,0.0,0.0
2022-10-17 00:00:00-04:00,26.40999984741211,26.729999542236328,26.139999389648438,26.450000762939453,590300,0.0,0.0
2022-10-18 00:00:00-04:00,27.149999618530273,27.530000686645508,26.760000228881836,27.059999465942383,711600,0.0,0.0
2022-10-19 00:00:00-04:00,27.059999465942383,27.450000762939453,26.90999984741211,27.209999084472656,571200,0.0,0.0
2022-10-20 00:00:00-04:00,27.34000015258789,28.1299991607666,27.260000228881836,27.520000457763672,610300,0.0,0.0
2022-10-21 00:00:00-04:00,27.68000030517578,28.6299991607666,27.530000686645508,28.489999771118164,647800,0.0,0.0
2022-10-24 00:00:00-04:00,28.649999618530273,28.950000762939453,28.239999771118164,28.93000030517578,665800,0.0,0.0
2022-10-25 00:00:00-04:00,29.0,29.770000457763672,28.989999771118164,29.229999542236328,871400,0.0,0.0
2022-10-26 00:00:00-04:00,29.0,29.75,28.530000686645508,29.049999237060547,638400,0.0,0.0
2022-10-27 00:00:00-04:00,29.25,29.829999923706055,28.709999084472656,29.479999542236328,808400,0.0,0.0
2022-10-28 00:00:00-04:00,29.3700008392334,30.25,29.270000457763672,30.040000915527344,783500,0.0,0.0
2022-10-31 00:00:00-04:00,29.8799991607666,30.440000534057617,29.389999389648438,30.15999984741211,1190600,0.0,0.0
2022-11-01 00:00:00-04:00,32.31999969482422,32.869998931884766,31.170000076293945,32.83000183105469,2240200,0.0,0.0
2022-11-02 00:00:00-04:00,32.77000045776367,34.810001373291016,32.75,33.40999984741211,2238500,0.0,0.0
2022-11-03 00:00:00-04:00,33.02000045776367,34.36000061035156,32.720001220703125,33.9900016784668,1134900,0.0,0.0
2022-11-04 00:00:00-04:00,34.83000183105469,35.45000076293945,34.189998626708984,35.290000915527344,1390400,0.0,0.0
2022-11-07 00:00:00-05:00,35.36000061035156,36.75,34.40999984741211,36.56999969482422,1678400,0.0,0.0
2022-11-08 00:00:00-05:00,37.0,37.25,35.68000030517578,36.290000915527344,1270300,0.0,0.0
2022-11-09 00:00:00-05:00,35.869998931884766,37.38999938964844,35.810001373291016,36.06999969482422,1375000,0.0,0.0
2022-11-10 00:00:00-05:00,37.38999938964844,37.619998931884766,36.77000045776367,37.470001220703125,1351500,0.0,0.0
2022-11-11 00:00:00-05:00,37.689998626708984,37.95000076293945,37.060001373291016,37.4900016784668,875600,0.0,0.0
2022-11-14 00:00:00-05:00,37.18000030517578,38.880001068115234,37.0,37.65999984741211,1028900,0.0,0.0
2022-11-15 00:00:00-05:00,38.54999923706055,38.65999984741211,37.810001373291016,38.43000030517578,800500,0.0,0.0
2022-11-16 00:00:00-05:00,37.7400016784668,38.5,37.33000183105469,37.38999938964844,859700,0.0,0.0
2022-11-17 00:00:00-05:00,36.90999984741211,37.869998931884766,36.310001373291016,37.29999923706055,897500,0.0,0.0
2022-11-18 00:00:00-05:00,38.02000045776367,38.09000015258789,37.36000061035156,37.61000061035156,1184100,0.0,0.0
2022-11-21 00:00:00-05:00,37.36000061035156,37.61000061035156,36.66999816894531,36.97999954223633,998500,0.0,0.0
2022-11-22 00:00:00-05:00,37.0,37.31999969482422,36.529998779296875,37.25,840400,0.0,0.0
2022-11-23 00:00:00-05:00,37.25,37.880001068115234,37.209999084472656,37.75,600500,0.0,0.0
2022-11-25 00:00:00-05:00,37.689998626708984,37.689998626708984,37.279998779296875,37.29999923706055,210300,0.0,0.0
2022-11-28 00:00:00-05:00,36.90999984741211,37.290000915527344,36.70000076293945,36.790000915527344,702000,0.0,0.0
2022-11-29 00:00:00-05:00,36.939998626708984,37.439998626708984,36.869998931884766,37.130001068115234,630600,0.0,0.0
2022-11-30 00:00:00-05:00,37.150001525878906,38.380001068115234,36.83000183105469,38.380001068115234,1046300,0.0,0.0
2022-12-01 00:00:00-05:00,38.59000015258789,39.290000915527344,38.209999084472656,38.70000076293945,675500,0.0,0.0
2022-12-02 00:00:00-05:00,37.79999923706055,38.619998931884766,37.619998931884766,38.36000061035156,660800,0.0,0.0
2022-12-05 00:00:00-05:00,38.06999969482422,38.34000015258789,37.630001068115234,37.880001068115234,678800,0.0,0.0
2022-12-06 00:00:00-05:00,37.79999923706055,37.869998931884766,36.900001525878906,37.18000030517578,758300,0.0,0.0
2022-12-07 00:00:00-05:00,36.90999984741211,37.56999969482422,36.45000076293945,37.22999954223633,673600,0.0,0.0
2022-12-08 00:00:00-05:00,37.56999969482422,38.18000030517578,37.36000061035156,37.869998931884766,485400,0.0,0.0
2022-12-09 00:00:00-05:00,37.779998779296875,37.959999084472656,37.400001525878906,37.400001525878906,504500,0.0,0.0
2022-12-12 00:00:00-05:00,37.2599983215332,38.06999969482422,37.0099983215332,38.0099983215332,526500,0.0,0.0
2022-12-13 00:00:00-05:00,39.0,39.34000015258789,38.13999938964844,38.2400016784668,748100,0.0,0.0
2022-12-14 00:00:00-05:00,38.189998626708984,38.66999816894531,37.66999816894531,37.97999954223633,627600,0.0,0.0
2022-12-15 00:00:00-05:00,37.59000015258789,37.77000045776367,36.959999084472656,37.290000915527344,797400,0.0,0.0
2022-12-16 00:00:00-05:00,36.86000061035156,37.43000030517578,36.779998779296875,37.150001525878906,2934000,0.0,0.0
2022-12-19 00:00:00-05:00,37.0,37.099998474121094,36.04999923706055,36.279998779296875,786000,0.0,0.0
2022-12-20 00:00:00-05:00,36.0,36.75,35.88999938964844,36.47999954223633,541500,0.0,0.0
2022-12-21 00:00:00-05:00,36.709999084472656,37.25,36.560001373291016,37.0,564700,0.0,0.0
2022-12-22 00:00:00-05:00,36.470001220703125,36.709999084472656,35.41999816894531,36.25,673000,0.0,0.0
2022-12-23 00:00:00-05:00,36.150001525878906,36.25,35.58000183105469,35.9900016784668,350800,0.0,0.0
2022-12-27 00:00:00-05:00,36.0099983215332,36.209999084472656,35.75,35.97999954223633,395800,0.0,0.0
2022-12-28 00:00:00-05:00,35.83000183105469,36.220001220703125,35.310001373291016,35.349998474121094,329200,0.0,0.0
2022-12-29 00:00:00-05:00,35.65999984741211,36.349998474121094,35.560001373291016,36.18000030517578,339700,0.0,0.0
2022-12-30 00:00:00-05:00,35.880001068115234,35.9900016784668,35.38999938964844,35.81999969482422,570300,0.0,0.0
2023-01-03 00:00:00-05:00,36.18000030517578,36.33000183105469,34.77000045776367,35.02000045776367,661000,0.0,0.0
2023-01-04 00:00:00-05:00,35.34000015258789,36.060001373291016,35.16999816894531,35.810001373291016,638200,0.0,0.0
2023-01-05 00:00:00-05:00,35.810001373291016,35.88999938964844,35.41999816894531,35.59000015258789,457400,0.0,0.0
2023-01-06 00:00:00-05:00,35.900001525878906,37.040000915527344,35.22999954223633,36.779998779296875,671300,0.0,0.0
2023-01-09 00:00:00-05:00,37.5,37.939998626708984,37.279998779296875,37.4900016784668,730900,0.0,0.0
2023-01-10 00:00:00-05:00,37.47999954223633,38.099998474121094,37.22999954223633,37.9900016784668,624000,0.0,0.0
2023-01-11 00:00:00-05:00,38.09000015258789,38.209999084472656,37.66999816894531,38.06999969482422,656400,0.0,0.0
2023-01-12 00:00:00-05:00,38.13999938964844,39.59000015258789,37.880001068115234,39.040000915527344,792100,0.0,0.0
2023-01-13 00:00:00-05:00,38.75,39.369998931884766,38.33000183105469,39.31999969482422,682000,0.0,0.0
2023-01-17 00:00:00-05:00,39.11000061035156,39.86000061035156,39.11000061035156,39.41999816894531,638700,0.0,0.0
2023-01-18 00:00:00-05:00,40.0,41.900001525878906,39.95000076293945,41.77000045776367,1782700,0.0,0.0
2023-01-19 00:00:00-05:00,41.43000030517578,41.93000030517578,40.459999084472656,40.880001068115234,1415800,0.0,0.0
2023-01-20 00:00:00-05:00,41.45000076293945,42.11000061035156,41.0099983215332,42.0099983215332,1020200,0.0,0.0
2023-01-23 00:00:00-05:00,42.130001068115234,42.880001068115234,41.91999816894531,42.84000015258789,1221200,0.0,0.0
2023-01-24 00:00:00-05:00,42.599998474121094,43.369998931884766,42.45000076293945,42.79999923706055,799700,0.0,0.0
2023-01-25 00:00:00-05:00,42.310001373291016,43.18000030517578,41.56999969482422,43.150001525878906,709600,0.0,0.0
2023-01-26 00:00:00-05:00,43.439998626708984,44.02000045776367,42.9900016784668,43.20000076293945,796900,0.0,0.0
2023-01-27 00:00:00-05:00,42.970001220703125,43.15999984741211,42.2599983215332,42.279998779296875,716700,0.0,0.0
2023-01-30 00:00:00-05:00,41.83000183105469,41.91999816894531,40.84000015258789,41.189998626708984,897700,0.0,0.0
2023-01-31 00:00:00-05:00,41.0,41.040000915527344,39.93000030517578,40.470001220703125,1631100,0.0,0.0
2023-02-01 00:00:00-05:00,40.68000030517578,43.75,40.66999816894531,43.40999984741211,1495200,0.0,0.0
2023-02-02 00:00:00-05:00,43.2400016784668,44.38999938964844,43.150001525878906,44.34000015258789,1296000,0.0,0.0
2023-02-03 00:00:00-05:00,44.060001373291016,45.099998474121094,43.540000915527344,43.619998931884766,1938200,0.0,0.0
2023-02-06 00:00:00-05:00,43.119998931884766,44.099998474121094,42.720001220703125,43.119998931884766,1542400,0.0,0.0
2023-02-07 00:00:00-05:00,40.79999923706055,42.619998931884766,39.599998474121094,42.4900016784668,2287600,0.0,0.0
2023-02-08 00:00:00-05:00,42.47999954223633,44.56999969482422,42.400001525878906,43.709999084472656,1579000,0.0,0.0
2023-02-09 00:00:00-05:00,44.400001525878906,46.02000045776367,44.27000045776367,45.81999969482422,2153700,0.0,0.0
2023-02-10 00:00:00-05:00,44.95000076293945,45.630001068115234,44.70000076293945,45.29999923706055,1297600,0.0,0.0
2023-02-13 00:00:00-05:00,45.56999969482422,45.70000076293945,44.869998931884766,45.5,779700,0.0,0.0
2023-02-14 00:00:00-05:00,45.119998931884766,46.15999984741211,44.810001373291016,45.5099983215332,1154800,0.0,0.0
2023-02-15 00:00:00-05:00,45.119998931884766,45.75,44.630001068115234,45.560001373291016,856000,0.0,0.0
2023-02-16 00:00:00-05:00,45.029998779296875,45.5099983215332,44.79999923706055,45.02000045776367,503900,0.0,0.0
2023-02-17 00:00:00-05:00,45.060001373291016,45.25,44.0,44.209999084472656,564000,0.0,0.0
2023-02-21 00:00:00-05:00,43.97999954223633,44.20000076293945,43.189998626708984,43.20000076293945,573800,0.0,0.0
2023-02-22 00:00:00-05:00,43.20000076293945,43.540000915527344,42.75,43.08000183105469,822900,0.0,0.0
2023-02-23 00:00:00-05:00,44.29999923706055,44.38999938964844,43.16999816894531,43.650001525878906,567900,0.0,0.0
2023-02-24 00:00:00-05:00,43.099998474121094,43.869998931884766,42.810001373291016,43.65999984741211,422200,0.0,0.0
2023-02-27 00:00:00-05:00,44.130001068115234,44.560001373291016,43.970001220703125,44.0099983215332,580700,0.0,0.0
2023-02-28 00:00:00-05:00,43.869998931884766,44.9900016784668,43.7400016784668,44.22999954223633,1201800,0.0,0.0
2023-03-01 00:00:00-05:00,44.75,45.5099983215332,44.56999969482422,45.029998779296875,824100,0.0,0.0
2023-03-02 00:00:00-05:00,44.540000915527344,44.68000030517578,43.45000076293945,44.4900016784668,958700,0.0,0.0
2023-03-03 00:00:00-05:00,44.38999938964844,44.7400016784668,43.7400016784668,44.689998626708984,757000,0.0,0.0
2023-03-06 00:00:00-05:00,44.65999984741211,45.45000076293945,44.470001220703125,44.720001220703125,1134000,0.0,0.0
2023-03-07 00:00:00-05:00,44.56999969482422,44.779998779296875,42.63999938964844,43.15999984741211,851100,0.0,0.0
2023-03-08 00:00:00-05:00,43.400001525878906,43.77000045776367,43.09000015258789,43.63999938964844,685800,0.0,0.0
2023-03-09 00:00:00-05:00,43.72999954223633,44.29999923706055,42.72999954223633,42.75,574300,0.0,0.0
2023-03-10 00:00:00-05:00,42.70000076293945,42.97999954223633,41.13999938964844,41.29999923706055,1115400,0.0,0.0
2023-03-13 00:00:00-04:00,40.52000045776367,41.900001525878906,40.47999954223633,41.2400016784668,879900,0.0,0.0
2023-03-14 00:00:00-04:00,41.97999954223633,43.560001373291016,41.43000030517578,43.08000183105469,1397100,0.0,0.0
2023-03-15 00:00:00-04:00,42.459999084472656,42.86000061035156,41.2400016784668,42.060001373291016,954600,0.0,0.0
2023-03-16 00:00:00-04:00,41.689998626708984,45.02000045776367,41.61000061035156,44.900001525878906,991700,0.0,0.0
2023-03-17 00:00:00-04:00,44.880001068115234,45.220001220703125,43.709999084472656,44.08000183105469,2660800,0.0,0.0
2023-03-20 00:00:00-04:00,44.310001373291016,44.88999938964844,43.939998626708984,44.7400016784668,719600,0.0,0.0
2023-03-21 00:00:00-04:00,45.31999969482422,45.7599983215332,44.75,45.52000045776367,841000,0.0,0.0
2023-03-22 00:00:00-04:00,45.52000045776367,46.150001525878906,44.77000045776367,44.779998779296875,1213700,0.0,0.0
2023-03-23 00:00:00-04:00,45.540000915527344,46.290000915527344,44.65999984741211,45.599998474121094,810600,0.0,0.0
2023-03-24 00:00:00-04:00,45.02000045776367,45.2400016784668,43.849998474121094,44.34000015258789,1069200,0.0,0.0
2023-03-27 00:00:00-04:00,44.560001373291016,45.630001068115234,44.349998474121094,45.529998779296875,953800,0.0,0.0
2023-03-28 00:00:00-04:00,45.119998931884766,45.310001373291016,43.189998626708984,43.4900016784668,1421700,0.0,0.0
2023-03-29 00:00:00-04:00,44.130001068115234,47.88999938964844,44.130001068115234,47.70000076293945,2614200,0.0,0.0
2023-03-30 00:00:00-04:00,47.790000915527344,50.810001373291016,47.689998626708984,50.529998779296875,2821100,0.0,0.0
2023-03-31 00:00:00-04:00,50.58000183105469,51.310001373291016,50.130001068115234,51.2599983215332,1470800,0.0,0.0
2023-04-03 00:00:00-04:00,51.189998626708984,51.880001068115234,49.599998474121094,50.630001068115234,1189100,0.0,0.0
2023-04-04 00:00:00-04:00,50.7400016784668,50.88999938964844,48.47999954223633,48.79999923706055,1342800,0.0,0.0
2023-04-05 00:00:00-04:00,48.81999969482422,49.40999984741211,48.279998779296875,49.119998931884766,960000,0.0,0.0
2023-04-06 00:00:00-04:00,48.630001068115234,49.2400016784668,48.060001373291016,48.59000015258789,512500,0.0,0.0
2023-04-10 00:00:00-04:00,48.20000076293945,50.5,48.0,49.959999084472656,1550300,0.0,0.0
2023-04-11 00:00:00-04:00,50.400001525878906,50.9900016784668,49.7400016784668,49.970001220703125,983900,0.0,0.0
2023-04-12 00:00:00-04:00,50.130001068115234,50.61000061035156,49.08000183105469,49.61000061035156,873300,0.0,0.0
2023-04-13 00:00:00-04:00,50.0,51.13999938964844,49.66999816894531,50.689998626708984,990100,0.0,0.0
2023-04-14 00:00:00-04:00,50.58000183105469,51.060001373291016,49.43000030517578,50.060001373291016,799300,0.0,0.0
2023-04-17 00:00:00-04:00,49.70000076293945,50.20000076293945,49.06999969482422,49.41999816894531,784300,0.0,0.0
2023-04-18 00:00:00-04:00,49.91999816894531,50.779998779296875,49.400001525878906,49.529998779296875,713200,0.0,0.0
2023-04-19 00:00:00-04:00,49.220001220703125,49.459999084472656,48.66999816894531,49.119998931884766,824100,0.0,0.0
2023-04-20 00:00:00-04:00,48.65999984741211,51.060001373291016,48.59000015258789,49.36000061035156,1645600,0.0,0.0
2023-04-21 00:00:00-04:00,49.33000183105469,49.61000061035156,48.38999938964844,49.29999923706055,841300,0.0,0.0
2023-04-24 00:00:00-04:00,49.43000030517578,49.849998474121094,48.40999984741211,48.619998931884766,645000,0.0,0.0
2023-04-25 00:00:00-04:00,48.13999938964844,48.13999938964844,44.5,45.290000915527344,2079200,0.0,0.0
2023-04-26 00:00:00-04:00,45.04999923706055,47.06999969482422,45.04999923706055,45.95000076293945,1277900,0.0,0.0
2023-04-27 00:00:00-04:00,45.900001525878906,45.900001525878906,43.58000183105469,44.88999938964844,1260300,0.0,0.0
2023-04-28 00:00:00-04:00,44.5099983215332,44.84000015258789,43.9900016784668,44.34000015258789,1432500,0.0,0.0
2023-05-01 00:00:00-04:00,44.720001220703125,45.5,44.45000076293945,45.279998779296875,1315400,0.0,0.0
2023-05-02 00:00:00-04:00,44.779998779296875,49.779998779296875,44.5099983215332,48.5099983215332,3362600,0.0,0.0
2023-05-03 00:00:00-04:00,48.060001373291016,48.45000076293945,46.36000061035156,47.150001525878906,1418500,0.0,0.0
2023-05-04 00:00:00-04:00,47.0099983215332,47.34000015258789,45.77000045776367,46.72999954223633,984500,0.0,0.0
2023-05-05 00:00:00-04:00,46.959999084472656,48.540000915527344,46.959999084472656,48.33000183105469,889100,0.0,0.0
2023-05-08 00:00:00-04:00,48.36000061035156,48.90999984741211,47.45000076293945,48.4900016784668,580700,0.0,0.0
2023-05-09 00:00:00-04:00,48.029998779296875,48.029998779296875,46.88999938964844,47.47999954223633,768900,0.0,0.0
2023-05-10 00:00:00-04:00,48.18000030517578,49.5099983215332,47.93000030517578,49.2599983215332,973400,0.0,0.0
2023-05-11 00:00:00-04:00,49.09000015258789,49.619998931884766,48.220001220703125,49.290000915527344,967400,0.0,0.0
2023-05-12 00:00:00-04:00,49.650001525878906,50.599998474121094,48.970001220703125,49.599998474121094,859500,0.0,0.0
2023-05-15 00:00:00-04:00,49.599998474121094,51.040000915527344,49.189998626708984,50.79999923706055,854400,0.0,0.0
2023-05-16 00:00:00-04:00,50.470001220703125,53.02000045776367,50.40999984741211,52.59000015258789,1671200,0.0,0.0
2023-05-17 00:00:00-04:00,52.75,54.22999954223633,51.529998779296875,53.54999923706055,2027200,0.0,0.0
2023-05-18 00:00:00-04:00,55.709999084472656,59.18000030517578,54.880001068115234,58.709999084472656,3786100,0.0,0.0
2023-05-19 00:00:00-04:00,59.27000045776367,59.95000076293945,57.75,59.470001220703125,1947400,0.0,0.0
2023-05-22 00:00:00-04:00,59.04999923706055,59.61000061035156,58.27000045776367,58.70000076293945,1094400,0.0,0.0
2023-05-23 00:00:00-04:00,58.43000030517578,59.34000015258789,57.7400016784668,57.90999984741211,1191300,0.0,0.0
2023-05-24 00:00:00-04:00,56.7400016784668,57.81999969482422,56.099998474121094,57.33000183105469,1442200,0.0,0.0
2023-05-25 00:00:00-04:00,61.41999816894531,64.33999633789062,60.79999923706055,63.2400016784668,3798000,0.0,0.0
2023-05-26 00:00:00-04:00,64.0,66.97000122070312,62.880001068115234,66.5199966430664,2441800,0.0,0.0
2023-05-30 00:00:00-04:00,67.91999816894531,68.54000091552734,65.33999633789062,65.54000091552734,1698000,0.0,0.0
2023-05-31 00:00:00-04:00,64.0999984741211,65.51000213623047,63.02000045776367,63.959999084472656,2479000,0.0,0.0
2023-06-01 00:00:00-04:00,64.41000366210938,66.83999633789062,64.41000366210938,66.06999969482422,1541200,0.0,0.0
2023-06-02 00:00:00-04:00,66.4000015258789,66.79000091552734,62.900001525878906,63.86000061035156,2196700,0.0,0.0
2023-06-05 00:00:00-04:00,63.099998474121094,63.40999984741211,61.36000061035156,63.220001220703125,1784200,0.0,0.0
2023-06-06 00:00:00-04:00,63.15999984741211,64.16000366210938,62.529998779296875,63.119998931884766,1318500,0.0,0.0
2023-06-07 00:00:00-04:00,63.70000076293945,65.52999877929688,63.20000076293945,64.02999877929688,1291400,0.0,0.0
2023-06-08 00:00:00-04:00,63.939998626708984,65.1500015258789,63.810001373291016,64.44999694824219,1071700,0.0,0.0
2023-06-09 00:00:00-04:00,65.0999984741211,66.44999694824219,63.54999923706055,63.66999816894531,1435100,0.0,0.0
2023-06-12 00:00:00-04:00,64.41999816894531,64.87000274658203,63.18000030517578,63.400001525878906,1199500,0.0,0.0
2023-06-13 00:00:00-04:00,64.27999877929688,64.5,62.66999816894531,63.34000015258789,1211300,0.0,0.0
2023-06-14 00:00:00-04:00,62.65999984741211,63.25,60.84000015258789,62.369998931884766,1566900,0.0,0.0
2023-06-15 00:00:00-04:00,60.689998626708984,61.459999084472656,59.40999984741211,60.59000015258789,1850800,0.0,0.0
2023-06-16 00:00:00-04:00,61.34000015258789,61.43000030517578,59.77000045776367,60.380001068115234,2666200,0.0,0.0
2023-06-20 00:00:00-04:00,60.0,60.84000015258789,59.56999969482422,59.84000015258789,1051600,0.0,0.0
2023-06-21 00:00:00-04:00,59.630001068115234,60.40999984741211,59.0,59.060001373291016,1541700,0.0,0.0
2023-06-22 00:00:00-04:00,58.90999984741211,61.08000183105469,58.20000076293945,61.0,1852400,0.0,0.0
2023-06-23 00:00:00-04:00,59.720001220703125,59.90999984741211,58.900001525878906,59.27000045776367,2275200,0.0,0.0
2023-06-26 00:00:00-04:00,59.36000061035156,60.0099983215332,57.400001525878906,57.63999938964844,1281100,0.0,0.0
2023-06-27 00:00:00-04:00,57.75,60.0,57.06999969482422,59.70000076293945,1495400,0.0,0.0
2023-06-28 00:00:00-04:00,59.029998779296875,60.59000015258789,58.59000015258789,59.83000183105469,1554900,0.0,0.0
2023-06-29 00:00:00-04:00,61.290000915527344,64.48999786376953,61.290000915527344,63.099998474121094,2959100,0.0,0.0
2023-06-30 00:00:00-04:00,64.0999984741211,65.23999786376953,63.52000045776367,64.16999816894531,1888100,0.0,0.0
2023-07-03 00:00:00-04:00,64.69999694824219,65.23999786376953,63.25,63.91999816894531,717800,0.0,0.0
2023-07-05 00:00:00-04:00,63.81999969482422,64.5,62.58000183105469,62.599998474121094,1163400,0.0,0.0
2023-07-06 00:00:00-04:00,61.810001373291016,62.220001220703125,60.36000061035156,60.599998474121094,929300,0.0,0.0
2023-07-07 00:00:00-04:00,61.06999969482422,61.72999954223633,60.22999954223633,60.29999923706055,954200,0.0,0.0
2023-07-10 00:00:00-04:00,60.25,61.95000076293945,59.81999969482422,61.560001373291016,915100,0.0,0.0
2023-07-11 00:00:00-04:00,62.0,62.5099983215332,59.7599983215332,61.13999938964844,1100900,0.0,0.0
2023-07-12 00:00:00-04:00,62.040000915527344,62.119998931884766,61.0099983215332,61.400001525878906,913700,0.0,0.0
2023-07-13 00:00:00-04:00,61.7599983215332,65.08999633789062,61.7599983215332,64.88999938964844,2017300,0.0,0.0
2023-07-14 00:00:00-04:00,65.31999969482422,66.22000122070312,61.4900016784668,61.81999969482422,1796000,0.0,0.0
2023-07-17 00:00:00-04:00,61.66999816894531,63.790000915527344,61.31999969482422,63.72999954223633,984900,0.0,0.0
2023-07-18 00:00:00-04:00,63.65999984741211,63.65999984741211,61.779998779296875,63.0,840200,0.0,0.0
2023-07-19 00:00:00-04:00,63.150001525878906,63.470001220703125,60.02000045776367,60.25,1588700,0.0,0.0
2023-07-20 00:00:00-04:00,59.41999816894531,59.779998779296875,57.15999984741211,58.689998626708984,1689200,0.0,0.0
2023-07-21 00:00:00-04:00,60.279998779296875,61.380001068115234,60.0,60.529998779296875,1518500,0.0,0.0
2023-07-24 00:00:00-04:00,60.31999969482422,60.5,59.36000061035156,59.790000915527344,849400,0.0,0.0
2023-07-25 00:00:00-04:00,60.06999969482422,61.36000061035156,60.06999969482422,60.560001373291016,868000,0.0,0.0
2023-07-26 00:00:00-04:00,59.84000015258789,60.22999954223633,58.41999816894531,59.25,599800,0.0,0.0
2023-07-27 00:00:00-04:00,60.810001373291016,61.83000183105469,60.369998931884766,60.970001220703125,1209400,0.0,0.0
2023-07-28 00:00:00-04:00,61.95000076293945,62.939998626708984,61.5,62.560001373291016,1067300,0.0,0.0
2023-07-31 00:00:00-04:00,63.0,63.4900016784668,62.040000915527344,62.61000061035156,1804900,0.0,0.0
2023-08-01 00:00:00-04:00,52.54999923706055,55.7599983215332,48.5099983215332,54.869998931884766,9339100,0.0,0.0
2023-08-02 00:00:00-04:00,53.81999969482422,54.369998931884766,52.27000045776367,53.959999084472656,2221500,0.0,0.0
2023-08-03 00:00:00-04:00,53.40999984741211,53.81999969482422,52.279998779296875,53.619998931884766,1621100,0.0,0.0
2023-08-04 00:00:00-04:00,53.29999923706055,55.220001220703125,53.18000030517578,53.77000045776367,1658700,0.0,0.0
2023-08-07 00:00:00-04:00,54.0,54.47999954223633,53.0099983215332,53.709999084472656,1283800,0.0,0.0
2023-08-08 00:00:00-04:00,52.7599983215332,53.060001373291016,51.2400016784668,51.439998626708984,940800,0.0,0.0
2023-08-09 00:00:00-04:00,51.20000076293945,51.220001220703125,49.56999969482422,50.16999816894531,1499700,0.0,0.0
2023-08-10 00:00:00-04:00,50.86000061035156,50.86000061035156,48.81999969482422,49.279998779296875,921400,0.0,0.0
2023-08-11 00:00:00-04:00,49.29999923706055,53.25,49.08000183105469,52.29999923706055,2097200,0.0,0.0
2023-08-14 00:00:00-04:00,52.20000076293945,55.029998779296875,52.0099983215332,54.689998626708984,1542900,0.0,0.0
2023-08-15 00:00:00-04:00,54.61000061035156,55.31999969482422,53.540000915527344,53.720001220703125,1321900,0.0,0.0
2023-08-16 00:00:00-04:00,53.5,53.9900016784668,52.720001220703125,52.849998474121094,817700,0.0,0.0
2023-08-17 00:00:00-04:00,52.900001525878906,52.900001525878906,50.91999816894531,51.060001373291016,1139700,0.0,0.0
2023-08-18 00:00:00-04:00,50.5099983215332,52.060001373291016,50.41999816894531,51.7599983215332,783500,0.0,0.0
2023-08-21 00:00:00-04:00,52.09000015258789,53.709999084472656,52.0,53.560001373291016,753200,0.0,0.0
2023-08-22 00:00:00-04:00,54.150001525878906,54.29999923706055,53.27000045776367,53.56999969482422,764800,0.0,0.0
2023-08-23 00:00:00-04:00,53.33000183105469,55.93000030517578,53.27000045776367,55.72999954223633,854000,0.0,0.0
2023-08-24 00:00:00-04:00,56.790000915527344,56.97999954223633,52.88999938964844,52.959999084472656,1372900,0.0,0.0
2023-08-25 00:00:00-04:00,52.84000015258789,53.77000045776367,52.02000045776367,53.279998779296875,672100,0.0,0.0
2023-08-28 00:00:00-04:00,53.90999984741211,54.439998626708984,53.43000030517578,54.15999984741211,494400,0.0,0.0
2023-08-29 00:00:00-04:00,53.709999084472656,55.54999923706055,53.41999816894531,55.369998931884766,824700,0.0,0.0
2023-08-30 00:00:00-04:00,55.130001068115234,57.11000061035156,54.810001373291016,56.41999816894531,987200,0.0,0.0
2023-08-31 00:00:00-04:00,56.04999923706055,57.369998931884766,56.04999923706055,56.470001220703125,1173600,0.0,0.0
2023-09-01 00:00:00-04:00,57.06999969482422,57.65999984741211,56.45000076293945,57.2599983215332,658500,0.0,0.0
2023-09-05 00:00:00-04:00,56.599998474121094,57.68000030517578,56.310001373291016,57.20000076293945,906900,0.0,0.0
2023-09-06 00:00:00-04:00,57.04999923706055,57.86000061035156,56.540000915527344,57.029998779296875,509400,0.0,0.0
2023-09-07 00:00:00-04:00,55.72999954223633,56.13999938964844,54.150001525878906,56.02000045776367,819600,0.0,0.0
2023-09-08 00:00:00-04:00,56.02000045776367,56.529998779296875,54.83000183105469,55.25,607500,0.0,0.0
2023-09-11 00:00:00-04:00,56.0,57.02000045776367,55.560001373291016,56.599998474121094,1288500,0.0,0.0
2023-09-12 00:00:00-04:00,56.220001220703125,57.5,56.220001220703125,56.849998474121094,1094000,0.0,0.0
2023-09-13 00:00:00-04:00,56.88999938964844,58.91999816894531,56.689998626708984,58.689998626708984,1733400,0.0,0.0
2023-09-14 00:00:00-04:00,59.0099983215332,60.13999938964844,58.40999984741211,59.290000915527344,1753500,0.0,0.0
2023-09-15 00:00:00-04:00,59.20000076293945,59.97999954223633,54.34000015258789,55.54999923706055,7867000,0.0,0.0
2023-09-18 00:00:00-04:00,54.95000076293945,57.150001525878906,54.849998474121094,56.81999969482422,1759900,0.0,0.0
2023-09-19 00:00:00-04:00,56.72999954223633,56.72999954223633,55.220001220703125,55.84000015258789,1118500,0.0,0.0
2023-09-20 00:00:00-04:00,56.13999938964844,56.599998474121094,54.45000076293945,54.470001220703125,1013700,0.0,0.0
2023-09-21 00:00:00-04:00,53.709999084472656,54.779998779296875,52.959999084472656,53.0099983215332,1292600,0.0,0.0
2023-09-22 00:00:00-04:00,53.779998779296875,54.209999084472656,53.290000915527344,53.65999984741211,776500,0.0,0.0
2023-09-25 00:00:00-04:00,53.529998779296875,54.79999923706055,53.400001525878906,53.86000061035156,915800,0.0,0.0
2023-09-26 00:00:00-04:00,53.150001525878906,53.47999954223633,52.11000061035156,52.59000015258789,995300,0.0,0.0
2023-09-27 00:00:00-04:00,53.2400016784668,55.08000183105469,53.119998931884766,54.459999084472656,999100,0.0,0.0
2023-09-28 00:00:00-04:00,54.439998626708984,56.599998474121094,54.04999923706055,55.7400016784668,1105800,0.0,0.0
2023-09-29 00:00:00-04:00,56.369998931884766,56.84000015258789,55.5,55.790000915527344,1322800,0.0,0.0
2023-10-02 00:00:00-04:00,55.95000076293945,58.04999923706055,55.38999938964844,56.16999816894531,1211500,0.0,0.0
2023-10-03 00:00:00-04:00,55.59000015258789,56.4900016784668,54.20000076293945,54.72999954223633,1026800,0.0,0.0
2023-10-04 00:00:00-04:00,55.189998626708984,57.43000030517578,54.849998474121094,57.099998474121094,994500,0.0,0.0
2023-10-05 00:00:00-04:00,56.88999938964844,57.61000061035156,56.5,57.220001220703125,1040800,0.0,0.0
2023-10-06 00:00:00-04:00,56.630001068115234,59.61000061035156,56.119998931884766,59.36000061035156,1234400,0.0,0.0
2023-10-09 00:00:00-04:00,58.58000183105469,59.66999816894531,58.150001525878906,59.31999969482422,743900,0.0,0.0
2023-10-10 00:00:00-04:00,59.790000915527344,61.619998931884766,59.619998931884766,60.849998474121094,1329200,0.0,0.0
2023-10-11 00:00:00-04:00,60.880001068115234,61.779998779296875,60.349998474121094,60.869998931884766,986300,0.0,0.0
2023-10-12 00:00:00-04:00,60.939998626708984,61.93000030517578,59.619998931884766,60.290000915527344,1189100,0.0,0.0
2023-10-13 00:00:00-04:00,60.25,60.400001525878906,57.130001068115234,57.22999954223633,1121900,0.0,0.0
2023-10-16 00:00:00-04:00,57.56999969482422,58.970001220703125,57.2599983215332,58.88999938964844,858100,0.0,0.0
2023-10-17 00:00:00-04:00,57.86000061035156,59.970001220703125,56.540000915527344,58.970001220703125,1031500,0.0,0.0
2023-10-18 00:00:00-04:00,58.7599983215332,59.22999954223633,57.849998474121094,58.2599983215332,677400,0.0,0.0
2023-10-19 00:00:00-04:00,58.900001525878906,59.65999984741211,54.88999938964844,55.34000015258789,1264100,0.0,0.0
2023-10-20 00:00:00-04:00,55.5,56.040000915527344,54.529998779296875,54.77000045776367,1011900,0.0,0.0
2023-10-23 00:00:00-04:00,54.58000183105469,56.0,53.81999969482422,54.900001525878906,746400,0.0,0.0
2023-10-24 00:00:00-04:00,55.47999954223633,55.93000030517578,54.54999923706055,55.630001068115234,688800,0.0,0.0
2023-10-25 00:00:00-04:00,54.790000915527344,55.810001373291016,52.209999084472656,52.290000915527344,1499100,0.0,0.0
2023-10-26 00:00:00-04:00,52.08000183105469,52.08000183105469,48.130001068115234,48.22999954223633,2596900,0.0,0.0
2023-10-27 00:00:00-04:00,49.16999816894531,51.66999816894531,49.09000015258789,51.61000061035156,1655100,0.0,0.0
2023-10-30 00:00:00-04:00,50.86000061035156,51.08000183105469,48.779998779296875,49.619998931884766,1780400,0.0,0.0
2023-10-31 00:00:00-04:00,50.0,55.34000015258789,49.25,54.33000183105469,2717400,0.0,0.0
2023-11-01 00:00:00-04:00,54.38999938964844,55.11000061035156,52.619998931884766,54.189998626708984,1452100,0.0,0.0
2023-11-02 00:00:00-04:00,54.59000015258789,55.22999954223633,53.209999084472656,54.540000915527344,1290700,0.0,0.0
2023-11-03 00:00:00-04:00,54.9900016784668,58.5,54.869998931884766,58.06999969482422,2017100,0.0,0.0
2023-11-06 00:00:00-05:00,58.099998474121094,58.459999084472656,57.0,57.86000061035156,875700,0.0,0.0
2023-11-07 00:00:00-05:00,57.560001373291016,58.779998779296875,57.45000076293945,58.099998474121094,854400,0.0,0.0
2023-11-08 00:00:00-05:00,58.16999816894531,61.0099983215332,57.66999816894531,60.56999969482422,1492300,0.0,0.0
2023-11-09 00:00:00-05:00,60.529998779296875,61.439998626708984,59.04999923706055,59.31999969482422,1623100,0.0,0.0
2023-11-10 00:00:00-05:00,60.0,63.13999938964844,59.61000061035156,62.689998626708984,1284000,0.0,0.0
2023-11-13 00:00:00-05:00,62.27000045776367,62.939998626708984,61.04999923706055,62.61000061035156,908100,0.0,0.0
2023-11-14 00:00:00-05:00,64.9000015258789,67.33000183105469,64.4000015258789,67.25,1409600,0.0,0.0
2023-11-15 00:00:00-05:00,67.61000061035156,67.91000366210938,66.04000091552734,66.5199966430664,1104700,0.0,0.0
2023-11-16 00:00:00-05:00,66.0,66.6500015258789,65.06999969482422,65.37999725341797,1100100,0.0,0.0
2023-11-17 00:00:00-05:00,65.62999725341797,66.79000091552734,65.36000061035156,66.22000122070312,834900,0.0,0.0
2023-11-20 00:00:00-05:00,65.86000061035156,69.77999877929688,65.86000061035156,69.62000274658203,1528400,0.0,0.0
2023-11-21 00:00:00-05:00,69.0,69.08000183105469,65.94000244140625,66.93000030517578,1412800,0.0,0.0
2023-11-22 00:00:00-05:00,67.81999969482422,69.23999786376953,67.33000183105469,67.51000213623047,658500,0.0,0.0
2023-11-24 00:00:00-05:00,67.51000213623047,68.12999725341797,67.30000305175781,67.4800033569336,260100,0.0,0.0
2023-11-27 00:00:00-05:00,67.16000366210938,68.83000183105469,66.62000274658203,67.80000305175781,1003900,0.0,0.0
2023-11-28 00:00:00-05:00,67.25,68.55000305175781,66.1500015258789,67.70999908447266,1221300,0.0,0.0
2023-11-29 00:00:00-05:00,68.94000244140625,70.72000122070312,68.3499984741211,69.05000305175781,1349600,0.0,0.0
2023-11-30 00:00:00-05:00,69.58999633789062,69.62000274658203,66.20999908447266,67.66999816894531,1553000,0.0,0.0
2023-12-01 00:00:00-05:00,67.45999908447266,69.36000061035156,67.04000091552734,68.93000030517578,942100,0.0,0.0
2023-12-04 00:00:00-05:00,67.12999725341797,67.22000122070312,63.38999938964844,64.8499984741211,3220800,0.0,0.0
2023-12-05 00:00:00-05:00,64.5,65.16999816894531,63.54999923706055,64.55999755859375,1135800,0.0,0.0
2023-12-06 00:00:00-05:00,65.55999755859375,66.70999908447266,64.0199966430664,64.0999984741211,1342500,0.0,0.0
2023-12-07 00:00:00-05:00,64.63999938964844,64.94000244140625,63.279998779296875,64.66999816894531,1294100,0.0,0.0
2023-12-08 00:00:00-05:00,64.02999877929688,66.37000274658203,64.02999877929688,65.5199966430664,991200,0.0,0.0
2023-12-11 00:00:00-05:00,65.98999786376953,68.44000244140625,65.31999969482422,68.26000213623047,1354100,0.0,0.0
2023-12-12 00:00:00-05:00,67.9000015258789,68.66999816894531,67.18000030517578,67.37999725341797,1067200,0.0,0.0
2023-12-13 00:00:00-05:00,67.47000122070312,68.77999877929688,65.87000274658203,68.69999694824219,1511600,0.0,0.0
2023-12-14 00:00:00-05:00,69.70999908447266,71.9000015258789,68.91999816894531,69.98999786376953,1813700,0.0,0.0
2023-12-15 00:00:00-05:00,70.73999786376953,70.73999786376953,68.43000030517578,69.47000122070312,21389000,0.0,0.0
2023-12-18 00:00:00-05:00,69.4800033569336,69.9000015258789,68.30999755859375,68.62000274658203,1169900,0.0,0.0
2023-12-19 00:00:00-05:00,69.0199966430664,69.77999877929688,66.75,67.22000122070312,1580500,0.0,0.0
2023-12-20 00:00:00-05:00,66.58000183105469,68.31999969482422,64.8499984741211,64.91999816894531,1594400,0.0,0.0
2023-12-21 00:00:00-05:00,67.43000030517578,70.2699966430664,67.22000122070312,69.3499984741211,1872400,0.0,0.0
2023-12-22 00:00:00-05:00,69.83000183105469,70.87999725341797,69.30000305175781,69.6500015258789,1004200,0.0,0.0
2023-12-26 00:00:00-05:00,70.20999908447266,71.29000091552734,69.58000183105469,69.88999938964844,840800,0.0,0.0
2023-12-27 00:00:00-05:00,70.41000366210938,70.41000366210938,68.06999969482422,68.48999786376953,1548400,0.0,0.0
2023-12-28 00:00:00-05:00,68.5,69.16000366210938,67.55000305175781,68.5999984741211,1098200,0.0,0.0
2023-12-29 00:00:00-05:00,68.66000366210938,69.26000213623047,67.73999786376953,68.25,1206400,0.0,0.0
2024-01-02 00:00:00-05:00,67.0199966430664,67.30999755859375,64.25,65.25,1538200,0.0,0.0
2024-01-03 00:00:00-05:00,63.9900016784668,65.94999694824219,63.310001373291016,63.90999984741211,1342200,0.0,0.0
2024-01-04 00:00:00-05:00,63.0,64.12000274658203,62.25,62.7400016784668,1308300,0.0,0.0
2024-01-05 00:00:00-05:00,62.63999938964844,63.81999969482422,62.119998931884766,63.400001525878906,1092400,0.0,0.0
2024-01-08 00:00:00-05:00,63.88999938964844,66.91000366210938,63.88999938964844,66.58999633789062,1838500,0.0,0.0
2024-01-09 00:00:00-05:00,65.4800033569336,67.44000244140625,65.47000122070312,66.69999694824219,902900,0.0,0.0
2024-01-10 00:00:00-05:00,67.05000305175781,67.22000122070312,64.51000213623047,65.20999908447266,957600,0.0,0.0
2024-01-11 00:00:00-05:00,65.29000091552734,66.72000122070312,63.790000915527344,66.27999877929688,1263200,0.0,0.0
2024-01-12 00:00:00-05:00,66.5,66.5999984741211,65.16000366210938,65.97000122070312,641500,0.0,0.0
2024-01-16 00:00:00-05:00,66.0199966430664,71.93000030517578,65.41999816894531,68.87000274658203,2345100,0.0,0.0
2024-01-17 00:00:00-05:00,68.0999984741211,68.5,65.79000091552734,67.55999755859375,1207300,0.0,0.0
2024-01-18 00:00:00-05:00,69.45999908447266,70.08999633789062,67.44000244140625,69.18000030517578,1492300,0.0,0.0
2024-01-19 00:00:00-05:00,70.36000061035156,73.37999725341797,69.83000183105469,73.22000122070312,2313300,0.0,0.0
2024-01-22 00:00:00-05:00,74.62999725341797,76.37999725341797,72.0,73.98999786376953,1547000,0.0,0.0
2024-01-23 00:00:00-05:00,74.04000091552734,75.0,73.06999969482422,73.6500015258789,1001700,0.0,0.0
2024-01-24 00:00:00-05:00,74.95999908447266,75.9800033569336,72.80999755859375,73.37000274658203,1393900,0.0,0.0
2024-01-25 00:00:00-05:00,75.26000213623047,75.9000015258789,73.05000305175781,73.23999786376953,1525700,0.0,0.0
2024-01-26 00:00:00-05:00,72.25,73.19000244140625,70.44999694824219,71.27999877929688,1704600,0.0,0.0
2024-01-29 00:00:00-05:00,71.69000244140625,73.08999633789062,70.77999877929688,73.02999877929688,1283700,0.0,0.0
2024-01-30 00:00:00-05:00,73.01000213623047,73.62000274658203,70.86000061035156,71.43000030517578,763500,0.0,0.0
2024-01-31 00:00:00-05:00,69.73999786376953,70.87000274658203,68.23999786376953,68.52999877929688,1254700,0.0,0.0
2024-02-01 00:00:00-05:00,68.87000274658203,69.30000305175781,67.66000366210938,68.1500015258789,1215300,0.0,0.0
2024-02-02 00:00:00-05:00,67.9000015258789,69.06999969482422,67.33000183105469,68.8499984741211,1138200,0.0,0.0
2024-02-05 00:00:00-05:00,69.1500015258789,69.88999938964844,67.97000122070312,68.37000274658203,2505400,0.0,0.0
2024-02-06 00:00:00-05:00,62.54999923706055,62.54999923706055,54.81999969482422,55.2599983215332,8021900,0.0,0.0
2024-02-07 00:00:00-05:00,55.599998474121094,56.209999084472656,53.11000061035156,53.619998931884766,4257500,0.0,0.0
2024-02-08 00:00:00-05:00,53.810001373291016,57.36000061035156,53.810001373291016,56.25,2971500,0.0,0.0
2024-02-09 00:00:00-05:00,56.88999938964844,59.13999938964844,56.79999923706055,58.70000076293945,2570100,0.0,0.0
2024-02-12 00:00:00-05:00,58.79999923706055,59.7400016784668,57.65999984741211,58.040000915527344,1771900,0.0,0.0
2024-02-13 00:00:00-05:00,55.029998779296875,56.560001373291016,54.16999816894531,55.220001220703125,1979100,0.0,0.0
2024-02-14 00:00:00-05:00,56.29999923706055,57.18000030517578,55.56999969482422,57.02000045776367,1403200,0.0,0.0
2024-02-15 00:00:00-05:00,57.380001068115234,57.58000183105469,55.59000015258789,56.34000015258789,1345000,0.0,0.0
2024-02-16 00:00:00-05:00,56.290000915527344,57.119998931884766,55.099998474121094,56.09000015258789,1218800,0.0,0.0
2024-02-20 00:00:00-05:00,55.099998474121094,55.810001373291016,54.4900016784668,55.060001373291016,1292200,0.0,0.0
2024-02-21 00:00:00-05:00,54.34000015258789,56.310001373291016,54.099998474121094,56.310001373291016,1360000,0.0,0.0
2024-02-22 00:00:00-05:00,58.11000061035156,58.95000076293945,57.7400016784668,57.90999984741211,1891000,0.0,0.0
2024-02-23 00:00:00-05:00,58.04999923706055,58.04999923706055,55.36000061035156,56.040000915527344,1375900,0.0,0.0
2024-02-26 00:00:00-05:00,56.81999969482422,59.22999954223633,56.630001068115234,58.619998931884766,1478800,0.0,0.0
2024-02-27 00:00:00-05:00,58.84000015258789,59.47999954223633,57.61000061035156,57.650001525878906,1045800,0.0,0.0
2024-02-28 00:00:00-05:00,56.849998474121094,57.31999969482422,56.34000015258789,56.86000061035156,1210500,0.0,0.0
2024-02-29 00:00:00-05:00,58.0099983215332,59.72999954223633,57.70000076293945,59.2400016784668,1688400,0.0,0.0
2024-03-01 00:00:00-05:00,60.9900016784668,65.68000030517578,60.31999969482422,64.48999786376953,2898500,0.0,0.0
2024-03-04 00:00:00-05:00,65.43000030517578,65.62000274658203,62.619998931884766,63.09000015258789,1418200,0.0,0.0
2024-03-05 00:00:00-05:00,61.599998474121094,62.70000076293945,60.68000030517578,61.400001525878906,1451500,0.0,0.0
2024-03-06 00:00:00-05:00,63.689998626708984,64.12000274658203,62.150001525878906,63.68000030517578,1424600,0.0,0.0
2024-03-07 00:00:00-05:00,64.5999984741211,66.25,64.22000122070312,65.4000015258789,1176800,0.0,0.0
2024-03-08 00:00:00-05:00,65.5,66.66999816894531,63.5,63.7599983215332,1748900,0.0,0.0
2024-03-11 00:00:00-04:00,62.33000183105469,62.779998779296875,61.02000045776367,62.52000045776367,1735700,0.0,0.0
2024-03-12 00:00:00-04:00,63.119998931884766,63.63999938964844,62.130001068115234,63.400001525878906,1162100,0.0,0.0
2024-03-13 00:00:00-04:00,62.27000045776367,63.310001373291016,60.77000045776367,61.5099983215332,1519800,0.0,0.0
2024-03-14 00:00:00-04:00,61.29999923706055,61.88999938964844,60.36000061035156,60.9900016784668,1480900,0.0,0.0
2024-03-15 00:00:00-04:00,60.150001525878906,61.58000183105469,60.150001525878906,60.54999923706055,2522900,0.0,0.0
2024-03-18 00:00:00-04:00,61.25,61.939998626708984,60.43000030517578,60.4900016784668,1178000,0.0,0.0
2024-03-19 00:00:00-04:00,59.22999954223633,59.9900016784668,57.20000076293945,58.84000015258789,1504000,0.0,0.0
2024-03-20 00:00:00-04:00,58.939998626708984,60.68000030517578,58.279998779296875,60.529998779296875,1102800,0.0,0.0
2024-03-21 00:00:00-04:00,62.880001068115234,65.86000061035156,62.5,64.7300033569336,2369400,0.0,0.0
2024-03-22 00:00:00-04:00,63.97999954223633,64.7300033569336,62.04999923706055,63.36000061035156,1181000,0.0,0.0
2024-03-25 00:00:00-04:00,62.54999923706055,62.86000061035156,61.45000076293945,61.65999984741211,1498900,0.0,0.0
2024-03-26 00:00:00-04:00,62.150001525878906,63.16999816894531,61.72999954223633,62.09000015258789,1126100,0.0,0.0
2024-03-27 00:00:00-04:00,62.4900016784668,63.18000030517578,61.20000076293945,63.099998474121094,1119900,0.0,0.0
2024-03-28 00:00:00-04:00,63.0,63.4900016784668,61.70000076293945,61.810001373291016,1989700,0.0,0.0
2024-04-01 00:00:00-04:00,61.900001525878906,63.310001373291016,61.72999954223633,62.22999954223633,1235100,0.0,0.0
2024-04-02 00:00:00-04:00,61.0,61.0,59.20000076293945,59.47999954223633,1346700,0.0,0.0
2024-04-03 00:00:00-04:00,58.5099983215332,60.72999954223633,58.400001525878906,60.310001373291016,1072000,0.0,0.0
2024-04-04 00:00:00-04:00,61.400001525878906,61.66999816894531,58.52000045776367,58.93000030517578,1346800,0.0,0.0
2024-04-05 00:00:00-04:00,59.11000061035156,60.540000915527344,59.08000183105469,60.060001373291016,994000,0.0,0.0
2024-04-08 00:00:00-04:00,60.400001525878906,60.90999984741211,59.66999816894531,60.2599983215332,633600,0.0,0.0
2024-04-09 00:00:00-04:00,60.65999984741211,61.75,60.529998779296875,61.4900016784668,993900,0.0,0.0
2024-04-10 00:00:00-04:00,60.459999084472656,60.7400016784668,58.84000015258789,59.75,1162300,0.0,0.0
2024-04-11 00:00:00-04:00,60.0,62.369998931884766,59.81999969482422,62.33000183105469,947800,0.0,0.0
2024-04-12 00:00:00-04:00,60.810001373291016,61.939998626708984,60.0,60.13999938964844,1467800,0.0,0.0
2024-04-15 00:00:00-04:00,60.41999816894531,60.63999938964844,58.47999954223633,59.0,1003600,0.0,0.0
2024-04-16 00:00:00-04:00,58.65999984741211,59.040000915527344,58.119998931884766,58.720001220703125,843900,0.0,0.0
2024-04-17 00:00:00-04:00,58.81999969482422,58.9900016784668,56.90999984741211,57.25,1298600,0.0,0.0
2024-04-18 00:00:00-04:00,56.7599983215332,57.779998779296875,55.970001220703125,56.459999084472656,1387900,0.0,0.0
2024-04-19 00:00:00-04:00,55.84000015258789,56.34000015258789,53.939998626708984,54.68000030517578,1600900,0.0,0.0
2024-04-22 00:00:00-04:00,55.54999923706055,55.63999938964844,54.349998474121094,54.72999954223633,1539400,0.0,0.0
2024-04-23 00:00:00-04:00,54.880001068115234,56.95000076293945,54.54999923706055,56.439998626708984,1152300,0.0,0.0
2024-04-24 00:00:00-04:00,57.599998474121094,58.560001373291016,56.09000015258789,56.52000045776367,1305300,0.0,0.0
2024-04-25 00:00:00-04:00,56.25,58.38999938964844,55.380001068115234,58.119998931884766,1376200,0.0,0.0
2024-04-26 00:00:00-04:00,58.029998779296875,59.849998474121094,57.45000076293945,59.22999954223633,1329000,0.0,0.0
2024-04-29 00:00:00-04:00,59.22999954223633,60.61000061035156,58.70000076293945,60.47999954223633,1420300,0.0,0.0
2024-04-30 00:00:00-04:00,58.0,59.75,54.77000045776367,54.81999969482422,2821200,0.0,0.0
2024-05-01 00:00:00-04:00,54.0,55.40999984741211,52.52000045776367,52.75,2426900,0.0,0.0
2024-05-02 00:00:00-04:00,53.970001220703125,54.58000183105469,52.56999969482422,54.25,1785300,0.0,0.0
2024-05-03 00:00:00-04:00,55.900001525878906,56.40999984741211,55.29999923706055,56.08000183105469,1289800,0.0,0.0
2024-05-06 00:00:00-04:00,56.720001220703125,57.54999923706055,56.33000183105469,56.95000076293945,1112300,0.0,0.0
2024-05-07 00:00:00-04:00,56.779998779296875,57.56999969482422,56.290000915527344,56.34000015258789,1098600,0.0,0.0
2024-05-08 00:00:00-04:00,55.369998931884766,56.380001068115234,55.20000076293945,55.970001220703125,584800,0.0,0.0
2024-05-09 00:00:00-04:00,55.77000045776367,56.63999938964844,55.16999816894531,55.91999816894531,1038200,0.0,0.0
2024-05-10 00:00:00-04:00,56.59000015258789,57.439998626708984,56.290000915527344,56.70000076293945,867800,0.0,0.0
2024-05-13 00:00:00-04:00,57.310001373291016,57.459999084472656,56.38999938964844,56.939998626708984,831300,0.0,0.0
2024-05-14 00:00:00-04:00,57.2599983215332,58.22999954223633,57.04999923706055,58.099998474121094,897400,0.0,0.0
2024-05-15 00:00:00-04:00,59.0,59.599998474121094,57.79999923706055,59.52000045776367,1025500,0.0,0.0
2024-05-16 00:00:00-04:00,59.540000915527344,59.619998931884766,57.88999938964844,57.939998626708984,1113300,0.0,0.0
2024-05-17 00:00:00-04:00,58.619998931884766,58.650001525878906,57.25,57.970001220703125,740100,0.0,0.0
2024-05-20 00:00:00-04:00,57.93000030517578,60.0,57.599998474121094,59.45000076293945,1113100,0.0,0.0
2024-05-21 00:00:00-04:00,58.16999816894531,59.209999084472656,57.91999816894531,58.81999969482422,620400,0.0,0.0
2024-05-22 00:00:00-04:00,59.560001373291016,59.66999816894531,58.68000030517578,59.29999923706055,875800,0.0,0.0
2024-05-23 00:00:00-04:00,60.349998474121094,60.36000061035156,54.91999816894531,55.150001525878906,2275800,0.0,0.0
2024-05-24 00:00:00-04:00,55.61000061035156,56.220001220703125,55.0099983215332,55.70000076293945,1279200,0.0,0.0
2024-05-28 00:00:00-04:00,55.86000061035156,56.75,54.25,56.38999938964844,1363600,0.0,0.0
2024-05-29 00:00:00-04:00,55.13999938964844,55.97999954223633,54.939998626708984,55.040000915527344,1051600,0.0,0.0
2024-05-30 00:00:00-04:00,55.040000915527344,55.880001068115234,54.61000061035156,55.20000076293945,1451800,0.0,0.0
2024-05-31 00:00:00-04:00,55.36000061035156,55.36000061035156,52.58000183105469,55.2599983215332,2058600,0.0,0.0
2024-06-03 00:00:00-04:00,56.459999084472656,56.459999084472656,53.91999816894531,55.58000183105469,953500,0.0,0.0
2024-06-04 00:00:00-04:00,55.2599983215332,55.38999938964844,53.529998779296875,54.029998779296875,1230800,0.0,0.0
2024-06-05 00:00:00-04:00,54.880001068115234,57.369998931884766,54.400001525878906,56.970001220703125,2132300,0.0,0.0
2024-06-06 00:00:00-04:00,56.70000076293945,56.7400016784668,55.0,56.310001373291016,1122300,0.0,0.0
2024-06-07 00:00:00-04:00,55.95000076293945,56.400001525878906,54.84000015258789,55.56999969482422,1238100,0.0,0.0
2024-06-10 00:00:00-04:00,54.790000915527344,56.439998626708984,54.54999923706055,55.900001525878906,998600,0.0,0.0
2024-06-11 00:00:00-04:00,55.52000045776367,56.599998474121094,54.65999984741211,56.099998474121094,909000,0.0,0.0
2024-06-12 00:00:00-04:00,57.77000045776367,59.310001373291016,57.18000030517578,58.09000015258789,912800,0.0,0.0
2024-06-13 00:00:00-04:00,57.400001525878906,58.31999969482422,56.52000045776367,56.95000076293945,815200,0.0,0.0
2024-06-14 00:00:00-04:00,55.95000076293945,57.119998931884766,55.810001373291016,56.95000076293945,969900,0.0,0.0
2024-06-17 00:00:00-04:00,56.95000076293945,57.09000015258789,55.88999938964844,56.52000045776367,884200,0.0,0.0
2024-06-18 00:00:00-04:00,56.470001220703125,57.45000076293945,55.90999984741211,56.720001220703125,1144400,0.0,0.0
2024-06-20 00:00:00-04:00,56.439998626708984,56.7599983215332,54.2400016784668,54.56999969482422,1317900,0.0,0.0
2024-06-21 00:00:00-04:00,54.34000015258789,55.31999969482422,53.560001373291016,54.5099983215332,1995000,0.0,0.0
2024-06-24 00:00:00-04:00,54.209999084472656,54.720001220703125,53.33000183105469,53.41999816894531,1077400,0.0,0.0
2024-06-25 00:00:00-04:00,53.810001373291016,54.43000030517578,52.869998931884766,54.279998779296875,925600,0.0,0.0
2024-06-26 00:00:00-04:00,54.27000045776367,57.459999084472656,54.27000045776367,55.880001068115234,1554600,0.0,0.0
2024-06-27 00:00:00-04:00,55.880001068115234,57.869998931884766,55.68000030517578,56.61000061035156,1623200,0.0,0.0
2024-06-28 00:00:00-04:00,57.380001068115234,59.310001373291016,57.15999984741211,58.7599983215332,2531800,0.0,0.0
2024-07-01 00:00:00-04:00,58.459999084472656,58.459999084472656,56.84000015258789,58.0,1068700,0.0,0.0
2024-07-02 00:00:00-04:00,58.0,59.95000076293945,58.0,59.93000030517578,994000,0.0,0.0
2024-07-03 00:00:00-04:00,60.0,61.349998474121094,59.650001525878906,60.5099983215332,561800,0.0,0.0
2024-07-05 00:00:00-04:00,60.779998779296875,62.63999938964844,60.25,61.95000076293945,929100,0.0,0.0
2024-07-08 00:00:00-04:00,62.56999969482422,64.31999969482422,62.349998474121094,64.05000305175781,1042300,0.0,0.0
2024-07-09 00:00:00-04:00,64.5,65.16000366210938,63.560001373291016,63.880001068115234,1076600,0.0,0.0
2024-07-10 00:00:00-04:00,64.47000122070312,66.47000122070312,64.3499984741211,66.26000213623047,1089400,0.0,0.0
2024-07-11 00:00:00-04:00,67.41999816894531,67.4800033569336,64.61000061035156,65.22000122070312,1419500,0.0,0.0
2024-07-12 00:00:00-04:00,66.05000305175781,67.73999786376953,65.20999908447266,65.98999786376953,1251300,0.0,0.0
2024-07-15 00:00:00-04:00,66.76000213623047,66.76000213623047,64.63999938964844,64.88999938964844,1318900,0.0,0.0
2024-07-16 00:00:00-04:00,65.0,65.51000213623047,64.16000366210938,65.27999877929688,997400,0.0,0.0
2024-07-17 00:00:00-04:00,63.790000915527344,64.25,59.41999816894531,59.58000183105469,2519300,0.0,0.0
2024-07-18 00:00:00-04:00,60.0,60.959999084472656,58.02000045776367,59.72999954223633,1317500,0.0,0.0
2024-07-19 00:00:00-04:00,60.0,60.0,57.65999984741211,57.970001220703125,1601300,0.0,0.0
2024-07-22 00:00:00-04:00,59.220001220703125,63.38999938964844,58.68000030517578,63.27000045776367,1794400,0.0,0.0
2024-07-23 00:00:00-04:00,62.27000045776367,63.900001525878906,62.22999954223633,63.189998626708984,1013900,0.0,0.0
2024-07-24 00:00:00-04:00,62.08000183105469,62.75,59.22999954223633,59.40999984741211,1548200,0.0,0.0
2024-07-25 00:00:00-04:00,59.31999969482422,60.2400016784668,56.63999938964844,56.79999923706055,2172800,0.0,0.0
2024-07-26 00:00:00-04:00,58.36000061035156,59.7599983215332,56.86000061035156,59.0,1591400,0.0,0.0
2024-07-29 00:00:00-04:00,59.650001525878906,60.27000045776367,55.66999816894531,55.83000183105469,2240100,0.0,0.0
2024-07-30 00:00:00-04:00,52.720001220703125,52.83000183105469,48.099998474121094,48.58000183105469,3919500,0.0,0.0
2024-07-31 00:00:00-04:00,50.40999984741211,51.68000030517578,49.880001068115234,51.439998626708984,2792900,0.0,0.0
2024-08-01 00:00:00-04:00,50.880001068115234,51.25,44.34000015258789,44.880001068115234,4315000,0.0,0.0
2024-08-02 00:00:00-04:00,43.0099983215332,44.400001525878906,41.15999984741211,42.099998474121094,3240100,0.0,0.0
2024-08-05 00:00:00-04:00,39.08000183105469,42.66999816894531,38.90999984741211,41.31999969482422,2421500,0.0,0.0
2024-08-06 00:00:00-04:00,41.560001373291016,42.779998779296875,40.13999938964844,41.29999923706055,1789400,0.0,0.0
2024-08-07 00:00:00-04:00,42.790000915527344,42.97999954223633,40.16999816894531,40.310001373291016,1798000,0.0,0.0
2024-08-08 00:00:00-04:00,42.36000061035156,43.86000061035156,41.13999938964844,43.380001068115234,2191200,0.0,0.0
2024-08-09 00:00:00-04:00,42.9900016784668,43.79999923706055,42.5,42.84000015258789,1446400,0.0,0.0
2024-08-12 00:00:00-04:00,43.40999984741211,43.56999969482422,42.279998779296875,42.83000183105469,1729300,0.0,0.0
2024-08-13 00:00:00-04:00,43.040000915527344,44.20000076293945,42.939998626708984,43.95000076293945,2388500,0.0,0.0
2024-08-14 00:00:00-04:00,44.7599983215332,44.849998474121094,43.0,43.560001373291016,1097600,0.0,0.0
2024-08-15 00:00:00-04:00,45.20000076293945,47.150001525878906,44.75,46.66999816894531,2156100,0.0,0.0
2024-08-16 00:00:00-04:00,46.540000915527344,47.06999969482422,46.220001220703125,46.31999969482422,1138900,0.0,0.0
2024-08-19 00:00:00-04:00,46.18000030517578,47.15999984741211,45.560001373291016,46.970001220703125,1042100,0.0,0.0
2024-08-20 00:00:00-04:00,46.47999954223633,47.119998931884766,45.61000061035156,46.2599983215332,1061200,0.0,0.0
2024-08-21 00:00:00-04:00,46.70000076293945,47.97999954223633,46.52000045776367,47.630001068115234,939000,0.0,0.0
2024-08-22 00:00:00-04:00,47.849998474121094,47.869998931884766,45.150001525878906,45.54999923706055,1585600,0.0,0.0
2024-08-23 00:00:00-04:00,46.7599983215332,47.61000061035156,46.119998931884766,46.650001525878906,1449300,0.0,0.0
2024-08-26 00:00:00-04:00,46.560001373291016,46.77000045776367,44.79999923706055,44.869998931884766,1199100,0.0,0.0
2024-08-27 00:00:00-04:00,44.52000045776367,45.529998779296875,44.0,45.06999969482422,963500,0.0,0.0
2024-08-28 00:00:00-04:00,44.66999816894531,45.16999816894531,43.5099983215332,43.93000030517578,1013300,0.0,0.0
2024-08-29 00:00:00-04:00,44.56999969482422,45.400001525878906,43.709999084472656,43.90999984741211,1169800,0.0,0.0
2024-08-30 00:00:00-04:00,44.970001220703125,45.209999084472656,44.119998931884766,44.720001220703125,2293800,0.0,0.0
2024-09-03 00:00:00-04:00,43.40999984741211,43.75,40.380001068115234,40.58000183105469,2588400,0.0,0.0
2024-09-04 00:00:00-04:00,40.189998626708984,41.540000915527344,40.02000045776367,40.65999984741211,1605300,0.0,0.0
2024-09-05 00:00:00-04:00,40.06999969482422,41.060001373291016,39.56999969482422,39.9900016784668,1354500,0.0,0.0
2024-09-06 00:00:00-04:00,39.939998626708984,40.02000045776367,37.41999816894531,37.86000061035156,3323400,0.0,0.0
2024-09-09 00:00:00-04:00,38.59000015258789,39.33000183105469,38.15999984741211,38.7599983215332,2556200,0.0,0.0
2024-09-10 00:00:00-04:00,38.689998626708984,39.61000061035156,38.290000915527344,39.56999969482422,1925600,0.0,0.0
2024-09-11 00:00:00-04:00,39.869998931884766,41.380001068115234,38.83000183105469,41.27000045776367,2107400,0.0,0.0
2024-09-12 00:00:00-04:00,41.0099983215332,41.08000183105469,39.13999938964844,39.619998931884766,1698900,0.0,0.0
2024-09-13 00:00:00-04:00,40.2400016784668,41.45000076293945,39.970001220703125,40.869998931884766,1670200,0.0,0.0
2024-09-16 00:00:00-04:00,40.0,40.40999984741211,39.040000915527344,39.779998779296875,1989300,0.0,0.0
2024-09-17 00:00:00-04:00,40.56999969482422,40.56999969482422,38.29999923706055,38.650001525878906,2143000,0.0,0.0
2024-09-18 00:00:00-04:00,39.0,39.599998474121094,38.0099983215332,38.290000915527344,1761000,0.0,0.0
2024-09-19 00:00:00-04:00,40.08000183105469,40.279998779296875,38.81999969482422,39.2400016784668,2264800,0.0,0.0
2024-09-20 00:00:00-04:00,38.90999984741211,39.2599983215332,38.34000015258789,38.58000183105469,9582400,0.0,0.0
2024-09-23 00:00:00-04:00,38.97999954223633,38.97999954223633,38.349998474121094,38.58000183105469,1371000,0.0,0.0
2024-09-24 00:00:00-04:00,39.16999816894531,39.66999816894531,38.58000183105469,38.65999984741211,1795400,0.0,0.0
2024-09-25 00:00:00-04:00,38.47999954223633,39.029998779296875,38.150001525878906,38.34000015258789,1345800,0.0,0.0
2024-09-26 00:00:00-04:00,40.79999923706055,42.900001525878906,39.970001220703125,42.470001220703125,4079600,0.0,0.0
2024-09-27 00:00:00-04:00,42.86000061035156,42.86000061035156,41.68000030517578,42.119998931884766,2438100,0.0,0.0
2024-09-30 00:00:00-04:00,41.529998779296875,42.56999969482422,41.470001220703125,42.220001220703125,2019000,0.0,0.0
2024-10-01 00:00:00-04:00,42.220001220703125,42.349998474121094,39.959999084472656,40.130001068115234,1737300,0.0,0.0
2024-10-02 00:00:00-04:00,40.08000183105469,40.77000045776367,39.709999084472656,40.33000183105469,853100,0.0,0.0
2024-10-03 00:00:00-04:00,39.86000061035156,40.599998474121094,39.560001373291016,40.220001220703125,1033000,0.0,0.0
2024-10-04 00:00:00-04:00,41.59000015258789,41.81999969482422,40.650001525878906,41.04999923706055,871900,0.0,0.0
2024-10-07 00:00:00-04:00,40.790000915527344,41.369998931884766,40.59000015258789,41.04999923706055,716100,0.0,0.0
2024-10-08 00:00:00-04:00,40.88999938964844,41.529998779296875,40.279998779296875,41.16999816894531,936700,0.0,0.0
2024-10-09 00:00:00-04:00,41.2400016784668,42.310001373291016,40.900001525878906,42.189998626708984,733200,0.0,0.0
2024-10-10 00:00:00-04:00,41.130001068115234,42.459999084472656,41.04999923706055,42.439998626708984,872900,0.0,0.0
2024-10-11 00:00:00-04:00,41.880001068115234,44.119998931884766,41.880001068115234,44.04999923706055,1562100,0.0,0.0
2024-10-14 00:00:00-04:00,44.43000030517578,45.310001373291016,44.41999816894531,45.060001373291016,1232200,0.0,0.0
2024-10-15 00:00:00-04:00,45.060001373291016,45.59000015258789,42.79999923706055,43.27000045776367,1679400,0.0,0.0
2024-10-16 00:00:00-04:00,43.9900016784668,44.0,42.810001373291016,43.2599983215332,861900,0.0,0.0
2024-10-17 00:00:00-04:00,44.7599983215332,44.939998626708984,42.61000061035156,42.70000076293945,1172300,0.0,0.0
2024-10-18 00:00:00-04:00,43.33000183105469,43.470001220703125,41.099998474121094,41.18000030517578,1154400,0.0,0.0
2024-10-21 00:00:00-04:00,41.08000183105469,41.7599983215332,40.86000061035156,41.630001068115234,772000,0.0,0.0
2024-10-22 00:00:00-04:00,41.369998931884766,41.65999984741211,40.93000030517578,41.59000015258789,605100,0.0,0.0
2024-10-23 00:00:00-04:00,41.5,41.86000061035156,40.790000915527344,41.400001525878906,741600,0.0,0.0
2024-10-24 00:00:00-04:00,41.880001068115234,42.09000015258789,41.400001525878906,42.040000915527344,951000,0.0,0.0
2024-10-25 00:00:00-04:00,42.470001220703125,43.720001220703125,42.470001220703125,43.5,1132100,0.0,0.0
2024-10-28 00:00:00-04:00,43.59000015258789,44.869998931884766,43.5,44.79999923706055,2012600,0.0,0.0
2024-10-29 00:00:00-04:00,44.630001068115234,51.150001525878906,44.45000076293945,51.0,3512900,0.0,0.0
2024-10-30 00:00:00-04:00,49.91999816894531,51.470001220703125,49.630001068115234,49.88999938964844,2001400,0.0,0.0
2024-10-31 00:00:00-04:00,49.540000915527344,49.540000915527344,47.06999969482422,47.81999969482422,1528800,0.0,0.0
2024-11-01 00:00:00-04:00,47.83000183105469,48.29999923706055,47.369998931884766,47.95000076293945,1347800,0.0,0.0
2024-11-04 00:00:00-05:00,47.58000183105469,49.52000045776367,47.20000076293945,48.529998779296875,1096800,0.0,0.0
2024-11-05 00:00:00-05:00,48.529998779296875,50.279998779296875,48.529998779296875,50.2599983215332,819000,0.0,0.0
2024-11-06 00:00:00-05:00,54.880001068115234,57.849998474121094,53.529998779296875,57.70000076293945,2708200,0.0,0.0
2024-11-07 00:00:00-05:00,58.09000015258789,58.41999816894531,56.43000030517578,56.689998626708984,1276700,0.0,0.0
2024-11-08 00:00:00-05:00,56.040000915527344,56.2400016784668,54.369998931884766,55.779998779296875,873900,0.0,0.0
2024-11-11 00:00:00-05:00,55.790000915527344,55.91999816894531,54.119998931884766,55.88999938964844,750300,0.0,0.0
2024-11-12 00:00:00-05:00,56.11000061035156,56.81999969482422,55.20000076293945,55.369998931884766,871300,0.0,0.0
2024-11-13 00:00:00-05:00,55.0,55.630001068115234,54.06999969482422,54.31999969482422,571300,0.0,0.0
2024-11-14 00:00:00-05:00,54.56999969482422,55.630001068115234,53.220001220703125,53.349998474121094,762500,0.0,0.0
2024-11-15 00:00:00-05:00,53.08000183105469,53.16999816894531,51.04999923706055,51.310001373291016,870200,0.0,0.0
2024-11-18 00:00:00-05:00,51.2400016784668,52.66999816894531,51.11000061035156,52.59000015258789,1012600,0.0,0.0
2024-11-19 00:00:00-05:00,52.41999816894531,52.81999969482422,51.939998626708984,52.290000915527344,738300,0.0,0.0
2024-11-20 00:00:00-05:00,52.0,52.970001220703125,50.709999084472656,52.95000076293945,545500,0.0,0.0
2024-11-21 00:00:00-05:00,53.9900016784668,54.88999938964844,53.08000183105469,54.4900016784668,630000,0.0,0.0
2024-11-22 00:00:00-05:00,54.25,56.130001068115234,54.25,55.959999084472656,800900,0.0,0.0
2024-11-25 00:00:00-05:00,56.470001220703125,57.13999938964844,55.720001220703125,56.88999938964844,1461900,0.0,0.0
2024-11-26 00:00:00-05:00,60.720001220703125,60.84000015258789,57.209999084472656,57.77000045776367,1042300,0.0,0.0
2024-11-27 00:00:00-05:00,57.4900016784668,57.70000076293945,55.689998626708984,57.119998931884766,728300,0.0,0.0
2024-11-29 00:00:00-05:00,57.56999969482422,58.25,57.33000183105469,57.810001373291016,574100,0.0,0.0
2024-12-02 00:00:00-05:00,58.040000915527344,59.619998931884766,57.97999954223633,58.869998931884766,985600,0.0,0.0
2024-12-03 00:00:00-05:00,58.31999969482422,58.70000076293945,57.27000045776367,58.63999938964844,657700,0.0,0.0
2024-12-04 00:00:00-05:00,60.0,60.0,58.880001068115234,58.97999954223633,590900,0.0,0.0
2024-12-05 00:00:00-05:00,58.81999969482422,58.9900016784668,57.25,57.52000045776367,411200,0.0,0.0
2024-12-06 00:00:00-05:00,57.90999984741211,59.11000061035156,57.54999923706055,58.83000183105469,640900,0.0,0.0
2024-12-09 00:00:00-05:00,58.790000915527344,60.099998474121094,58.220001220703125,58.400001525878906,542500,0.0,0.0
2024-12-10 00:00:00-05:00,58.95000076293945,58.95000076293945,57.5,57.9900016784668,886000,0.0,0.0
2024-12-11 00:00:00-05:00,58.95000076293945,60.15999984741211,57.959999084472656,59.060001373291016,980900,0.0,0.0
2024-12-12 00:00:00-05:00,58.13999938964844,59.060001373291016,57.790000915527344,58.099998474121094,466800,0.0,0.0
2024-12-13 00:00:00-05:00,58.2400016784668,58.47999954223633,57.06999969482422,57.40999984741211,1238600,0.0,0.0
2024-12-16 00:00:00-05:00,57.459999084472656,59.66999816894531,56.470001220703125,59.13999938964844,762200,0.0,0.0
2024-12-17 00:00:00-05:00,58.15999984741211,59.130001068115234,57.630001068115234,58.18000030517578,742000,0.0,0.0
2024-12-18 00:00:00-05:00,58.91999816894531,59.290000915527344,53.88999938964844,54.83000183105469,1040800,0.0,0.0
2024-12-19 00:00:00-05:00,54.619998931884766,55.5,52.689998626708984,53.619998931884766,1611300,0.0,0.0
2024-12-20 00:00:00-05:00,52.08000183105469,54.08000183105469,52.08000183105469,52.58000183105469,3383100,0.0,0.0
2024-12-23 00:00:00-05:00,53.36000061035156,54.09000015258789,52.90999984741211,53.970001220703125,1161300,0.0,0.0
2024-12-24 00:00:00-05:00,53.97999954223633,54.40999984741211,53.650001525878906,54.13999938964844,343600,0.0,0.0
2024-12-26 00:00:00-05:00,53.5099983215332,55.290000915527344,53.09000015258789,54.68000030517578,455400,0.0,0.0
2024-12-27 00:00:00-05:00,54.150001525878906,54.650001525878906,53.0,54.2400016784668,511000,0.0,0.0
2024-12-30 00:00:00-05:00,53.22999954223633,54.290000915527344,52.220001220703125,53.599998474121094,525000,0.0,0.0
2024-12-31 00:00:00-05:00,53.779998779296875,54.20000076293945,52.5099983215332,52.86000061035156,627800,0.0,0.0
2025-01-02 00:00:00-05:00,53.7599983215332,54.810001373291016,53.13999938964844,53.5,637600,0.0,0.0
2025-01-03 00:00:00-05:00,54.09000015258789,55.31999969482422,53.599998474121094,55.150001525878906,528200,0.0,0.0
2025-01-06 00:00:00-05:00,56.58000183105469,58.5,56.5,57.349998474121094,942200,0.0,0.0
2025-01-07 00:00:00-05:00,58.0,58.0099983215332,56.220001220703125,56.529998779296875,583400,0.0,0.0
2025-01-08 00:00:00-05:00,56.13999938964844,57.119998931884766,55.09000015258789,57.08000183105469,568500,0.0,0.0
2025-01-10 00:00:00-05:00,55.959999084472656,56.58000183105469,55.06999969482422,56.22999954223633,693800,0.0,0.0
2025-01-13 00:00:00-05:00,55.13999938964844,56.209999084472656,54.43000030517578,56.04999923706055,756500,0.0,0.0
2025-01-14 00:00:00-05:00,56.88999938964844,57.4900016784668,55.84000015258789,56.650001525878906,525300,0.0,0.0
2025-01-15 00:00:00-05:00,58.2400016784668,59.16999816894531,57.689998626708984,58.900001525878906,517400,0.0,0.0
2025-01-16 00:00:00-05:00,59.720001220703125,60.43000030517578,58.88999938964844,59.66999816894531,601600,0.0,0.0
2025-01-17 00:00:00-05:00,61.15999984741211,62.099998474121094,60.439998626708984,61.91999816894531,704700,0.0,0.0
2025-01-21 00:00:00-05:00,62.4900016784668,63.7400016784668,61.75,63.04999923706055,761500,0.0,0.0
2025-01-22 00:00:00-05:00,63.72999954223633,65.06999969482422,63.630001068115234,64.5,851600,0.0,0.0
2025-01-23 00:00:00-05:00,62.970001220703125,63.90999984741211,62.349998474121094,63.900001525878906,735300,0.0,0.0
2025-01-24 00:00:00-05:00,63.529998779296875,63.790000915527344,62.369998931884766,62.970001220703125,924800,0.0,0.0
2025-01-27 00:00:00-05:00,59.779998779296875,60.209999084472656,56.84000015258789,57.959999084472656,2370100,0.0,0.0
2025-01-28 00:00:00-05:00,57.86000061035156,60.16999816894531,57.0099983215332,60.130001068115234,1221500,0.0,0.0
2025-01-29 00:00:00-05:00,60.77000045776367,61.2599983215332,57.689998626708984,59.290000915527344,1664600,0.0,0.0
2025-01-30 00:00:00-05:00,59.97999954223633,61.349998474121094,59.72999954223633,61.209999084472656,856900,0.0,0.0
2025-01-31 00:00:00-05:00,61.09000015258789,62.86000061035156,60.83000183105469,61.619998931884766,1232500,0.0,0.0
2025-02-03 00:00:00-05:00,59.31999969482422,61.720001220703125,59.31999969482422,60.349998474121094,1961400,0.0,0.0
2025-02-04 00:00:00-05:00,61.93000030517578,65.18000030517578,60.36000061035156,64.44000244140625,2081700,0.0,0.0
2025-02-05 00:00:00-05:00,64.01000213623047,67.9000015258789,63.02000045776367,67.75,1588000,0.0,0.0
2025-02-06 00:00:00-05:00,67.16999816894531,69.1500015258789,66.56999969482422,67.27999877929688,1160500,0.0,0.0
2025-02-07 00:00:00-05:00,67.8499984741211,67.9000015258789,66.25,67.0,1315400,0.0,0.0
2025-02-10 00:00:00-05:00,67.08000183105469,68.02999877929688,65.70999908447266,67.16999816894531,918000,0.0,0.0
2025-02-11 00:00:00-05:00,66.36000061035156,67.31999969482422,64.68000030517578,64.72000122070312,968800,0.0,0.0
2025-02-12 00:00:00-05:00,63.310001373291016,64.01000213623047,62.52000045776367,63.06999969482422,1036200,0.0,0.0
2025-02-13 00:00:00-05:00,63.06999969482422,63.709999084472656,61.689998626708984,62.599998474121094,999100,0.0,0.0
2025-02-14 00:00:00-05:00,62.869998931884766,63.06999969482422,61.59000015258789,62.959999084472656,872700,0.0,0.0
2025-02-18 00:00:00-05:00,63.86000061035156,68.66999816894531,63.709999084472656,68.58999633789062,1691600,0.0,0.0
2025-02-19 00:00:00-05:00,68.13999938964844,68.66000366210938,65.93000030517578,66.33000183105469,1390600,0.0,0.0
2025-02-20 00:00:00-05:00,66.16000366210938,66.91999816894531,64.33000183105469,64.94999694824219,672500,0.0,0.0
2025-02-21 00:00:00-05:00,65.73999786376953,65.73999786376953,62.279998779296875,62.72999954223633,834900,0.0,0.0
2025-02-24 00:00:00-05:00,62.959999084472656,63.22999954223633,60.060001373291016,60.15999984741211,833400,0.0,0.0
2025-02-25 00:00:00-05:00,60.25,60.369998931884766,57.220001220703125,57.43000030517578,1184500,0.0,0.0
2025-02-26 00:00:00-05:00,58.599998474121094,59.209999084472656,57.91999816894531,58.560001373291016,728000,0.0,0.0
2025-02-27 00:00:00-05:00,59.11000061035156,59.47999954223633,53.689998626708984,53.90999984741211,1003200,0.0,0.0
2025-02-28 00:00:00-05:00,53.470001220703125,55.939998626708984,52.619998931884766,55.88999938964844,1431300,0.0,0.0
2025-03-03 00:00:00-05:00,56.439998626708984,56.56999969482422,52.439998626708984,52.869998931884766,724900,0.0,0.0
2025-03-04 00:00:00-05:00,52.209999084472656,54.779998779296875,50.91999816894531,53.29999923706055,841200,0.0,0.0
2025-03-05 00:00:00-05:00,53.599998474121094,54.11000061035156,52.22999954223633,53.95000076293945,564300,0.0,0.0
2025-03-06 00:00:00-05:00,52.2599983215332,53.91999816894531,51.439998626708984,52.58000183105469,794300,0.0,0.0
2025-03-07 00:00:00-05:00,52.689998626708984,55.15999984741211,52.15999984741211,54.880001068115234,1004200,0.0,0.0
2025-03-10 00:00:00-04:00,53.41999816894531,53.56999969482422,51.119998931884766,51.97999954223633,1247000,0.0,0.0
2025-03-11 00:00:00-04:00,51.81999969482422,53.06999969482422,50.619998931884766,51.54999923706055,1101600,0.0,0.0
2025-03-12 00:00:00-04:00,52.9900016784668,54.16999816894531,52.040000915527344,52.54999923706055,941000,0.0,0.0
2025-03-13 00:00:00-04:00,52.61000061035156,53.810001373291016,51.54999923706055,51.95000076293945,670100,0.0,0.0
2025-03-14 00:00:00-04:00,53.27000045776367,54.56999969482422,52.529998779296875,54.43000030517578,677900,0.0,0.0
2025-03-17 00:00:00-04:00,54.150001525878906,55.52000045776367,53.939998626708984,54.5099983215332,554100,0.0,0.0
2025-03-18 00:00:00-04:00,54.15999984741211,54.810001373291016,53.349998474121094,54.33000183105469,550900,0.0,0.0
2025-03-19 00:00:00-04:00,54.43000030517578,57.310001373291016,53.849998474121094,56.959999084472656,845500,0.0,0.0
2025-03-20 00:00:00-04:00,55.4900016784668,57.56999969482422,55.43000030517578,56.81999969482422,741400,0.0,0.0
2025-03-21 00:00:00-04:00,56.470001220703125,56.959999084472656,55.099998474121094,56.720001220703125,1222900,0.0,0.0
2025-03-24 00:00:00-04:00,58.099998474121094,59.79999923706055,58.099998474121094,58.869998931884766,680200,0.0,0.0
2025-03-25 00:00:00-04:00,59.060001373291016,59.47999954223633,57.88999938964844,58.939998626708984,695800,0.0,0.0
2025-03-26 00:00:00-04:00,58.68000030517578,59.02000045776367,55.70000076293945,56.63999938964844,712500,0.0,0.0
2025-03-27 00:00:00-04:00,55.83000183105469,56.470001220703125,54.459999084472656,55.439998626708984,506200,0.0,0.0
2025-03-28 00:00:00-04:00,54.880001068115234,55.79999923706055,53.04999923706055,53.70000076293945,975800,0.0,0.0
2025-03-31 00:00:00-04:00,52.099998474121094,52.130001068115234,50.0099983215332,51.779998779296875,1020700,0.0,0.0
2025-04-01 00:00:00-04:00,51.349998474121094,52.40999984741211,50.18000030517578,52.290000915527344,976500,0.0,0.0
2025-04-02 00:00:00-04:00,51.16999816894531,53.81999969482422,51.11000061035156,52.68000030517578,973900,0.0,0.0
2025-04-03 00:00:00-04:00,49.08000183105469,49.54999923706055,45.52000045776367,46.150001525878906,1792200,0.0,0.0
2025-04-04 00:00:00-04:00,43.38999938964844,44.4900016784668,40.849998474121094,43.130001068115234,1796400,0.0,0.0
2025-04-07 00:00:00-04:00,40.5099983215332,47.880001068115234,40.119998931884766,44.7599983215332,1768200,0.0,0.0
2025-04-08 00:00:00-04:00,46.810001373291016,47.34000015258789,41.43000030517578,42.900001525878906,1543900,0.0,0.0
2025-04-09 00:00:00-04:00,42.90999984741211,52.709999084472656,42.18000030517578,52.290000915527344,1839000,0.0,0.0
2025-04-10 00:00:00-04:00,49.18000030517578,49.41999816894531,44.86000061035156,46.2400016784668,1506600,0.0,0.0
2025-04-11 00:00:00-04:00,45.810001373291016,47.40999984741211,44.810001373291016,47.040000915527344,992100,0.0,0.0
2025-04-14 00:00:00-04:00,48.849998474121094,49.2400016784668,45.86000061035156,47.2400016784668,879200,0.0,0.0
2025-04-15 00:00:00-04:00,47.31999969482422,48.33000183105469,47.220001220703125,47.470001220703125,591400,0.0,0.0
2025-04-16 00:00:00-04:00,45.40999984741211,46.52000045776367,44.560001373291016,45.91999816894531,1084800,0.0,0.0
2025-04-17 00:00:00-04:00,46.2400016784668,46.38999938964844,44.81999969482422,45.720001220703125,739100,0.0,0.0
2025-04-21 00:00:00-04:00,44.7400016784668,45.52000045776367,43.209999084472656,44.04999923706055,592500,0.0,0.0
2025-04-22 00:00:00-04:00,44.7400016784668,45.0,43.779998779296875,44.279998779296875,860100,0.0,0.0
2025-04-23 00:00:00-04:00,46.970001220703125,48.119998931884766,45.880001068115234,45.939998626708984,1308700,0.0,0.0
2025-04-24 00:00:00-04:00,46.86000061035156,49.779998779296875,46.08000183105469,49.36000061035156,1502500,0.0,0.0
2025-04-25 00:00:00-04:00,48.380001068115234,51.0,48.2599983215332,50.939998626708984,942500,0.0,0.0
2025-04-28 00:00:00-04:00,50.900001525878906,52.650001525878906,50.61000061035156,52.220001220703125,2024500,0.0,0.0
2025-04-29 00:00:00-04:00,52.0,52.119998931884766,49.22999954223633,49.27000045776367,2418000,0.0,0.0
2025-04-30 00:00:00-04:00,47.599998474121094,48.97999954223633,46.56999969482422,48.790000915527344,1402900,0.0,0.0
2025-05-01 00:00:00-04:00,50.04999923706055,51.0,48.79999923706055,48.880001068115234,1289300,0.0,0.0
2025-05-02 00:00:00-04:00,50.040000915527344,51.95000076293945,49.869998931884766,51.290000915527344,1026600,0.0,0.0
2025-05-05 00:00:00-04:00,50.310001373291016,51.70000076293945,50.290000915527344,50.720001220703125,907300,0.0,0.0
2025-05-06 00:00:00-04:00,49.5099983215332,50.470001220703125,49.290000915527344,50.16999816894531,704600,0.0,0.0
2025-05-07 00:00:00-04:00,50.150001525878906,51.20000076293945,49.61000061035156,50.869998931884766,963300,0.0,0.0
2025-05-08 00:00:00-04:00,52.02000045776367,52.45000076293945,51.150001525878906,51.599998474121094,1280800,0.0,0.0
2025-05-09 00:00:00-04:00,52.130001068115234,52.599998474121094,50.88999938964844,51.02000045776367,830100,0.0,0.0
2025-05-12 00:00:00-04:00,55.16999816894531,55.220001220703125,53.54999923706055,54.11000061035156,1533500,0.0,0.0
2025-05-13 00:00:00-04:00,54.25,57.34000015258789,54.25,56.66999816894531,1120200,0.0,0.0
2025-05-14 00:00:00-04:00,56.68000030517578,58.20000076293945,56.59000015258789,57.650001525878906,946100,0.0,0.0
2025-05-15 00:00:00-04:00,56.9900016784668,57.68000030517578,56.25,56.77000045776367,1155200,0.0,0.0
2025-05-16 00:00:00-04:00,56.70000076293945,56.900001525878906,55.709999084472656,56.349998474121094,870400,0.0,0.0
2025-05-19 00:00:00-04:00,54.790000915527344,55.84000015258789,54.790000915527344,55.810001373291016,619800,0.0,0.0
2025-05-20 00:00:00-04:00,55.150001525878906,55.880001068115234,54.91999816894531,55.650001525878906,564700,0.0,0.0
2025-05-21 00:00:00-04:00,55.0,56.189998626708984,54.31999969482422,54.630001068115234,1153200,0.0,0.0
2025-05-22 00:00:00-04:00,54.75,55.880001068115234,54.439998626708984,54.52000045776367,654700,0.0,0.0
2025-05-23 00:00:00-04:00,53.0,53.95000076293945,52.70000076293945,53.47999954223633,772100,0.0,0.0
2025-05-27 00:00:00-04:00,55.060001373291016,55.310001373291016,54.029998779296875,55.060001373291016,778200,0.0,0.0
2025-05-28 00:00:00-04:00,55.11000061035156,55.279998779296875,54.209999084472656,54.22999954223633,852900,0.0,0.0
2025-05-29 00:00:00-04:00,55.36000061035156,55.36000061035156,53.959999084472656,54.599998474121094,674800,0.0,0.0
2025-05-30 00:00:00-04:00,54.040000915527344,54.09000015258789,52.119998931884766,53.470001220703125,1374100,0.0,0.0
2025-06-02 00:00:00-04:00,53.16999816894531,55.02000045776367,53.11000061035156,54.75,907700,0.0,0.0
2025-06-03 00:00:00-04:00,54.790000915527344,56.40999984741211,54.04999923706055,56.29999923706055,1179500,0.0,0.0
2025-06-04 00:00:00-04:00,56.72999954223633,57.59000015258789,56.08000183105469,57.150001525878906,669900,0.0,0.0
2025-06-05 00:00:00-04:00,57.7400016784668,58.099998474121094,56.209999084472656,56.560001373291016,977200,0.0,0.0
2025-06-06 00:00:00-04:00,57.650001525878906,57.86000061035156,57.119998931884766,57.43000030517578,825400,0.0,0.0
2025-06-09 00:00:00-04:00,58.38999938964844,59.880001068115234,58.0099983215332,59.029998779296875,645000,0.0,0.0
2025-06-10 00:00:00-04:00,59.459999084472656,60.25,59.27000045776367,59.70000076293945,627800,0.0,0.0
2025-06-11 00:00:00-04:00,61.29999923706055,63.150001525878906,60.61000061035156,61.209999084472656,1286500,0.0,0.0
2025-06-12 00:00:00-04:00,60.470001220703125,61.380001068115234,60.29999923706055,60.65999984741211,713100,0.0,0.0
2025-06-13 00:00:00-04:00,59.4900016784668,59.880001068115234,57.97999954223633,58.099998474121094,893200,0.0,0.0
2025-06-16 00:00:00-04:00,58.90999984741211,60.56999969482422,58.810001373291016,60.369998931884766,967500,0.0,0.0
2025-06-17 00:00:00-04:00,59.75,60.95000076293945,59.75,59.939998626708984,745100,0.0,0.0
2025-06-18 00:00:00-04:00,60.09000015258789,61.11000061035156,59.869998931884766,60.54999923706055,595800,0.0,0.0
2025-06-20 00:00:00-04:00,61.04999923706055,61.54999923706055,58.91999816894531,59.380001068115234,1070500,0.0,0.0
2025-06-23 00:00:00-04:00,59.459999084472656,60.97999954223633,58.81999969482422,60.0,662800,0.0,0.0
2025-06-24 00:00:00-04:00,61.0099983215332,62.81999969482422,60.959999084472656,62.29999923706055,835600,0.0,0.0
2025-06-25 00:00:00-04:00,62.54999923706055,62.939998626708984,61.119998931884766,61.900001525878906,654500,0.0,0.0
2025-06-26 00:00:00-04:00,62.880001068115234,62.880001068115234,61.900001525878906,62.52000045776367,783900,0.0,0.0
2025-06-27 00:00:00-04:00,62.880001068115234,64.06999969482422,62.29999923706055,64.0,1940500,0.0,0.0
2025-06-30 00:00:00-04:00,64.51000213623047,64.9000015258789,63.279998779296875,64.0199966430664,1192500,0.0,0.0
2025-07-01 00:00:00-04:00,63.38999938964844,64.55999755859375,61.9900016784668,64.13999938964844,1125200,0.0,0.0
2025-07-02 00:00:00-04:00,63.689998626708984,65.41999816894531,63.59000015258789,65.0,1024200,0.0,0.0
2025-07-03 00:00:00-04:00,65.76000213623047,66.36000061035156,65.26000213623047,65.88999938964844,664700,0.0,0.0
2025-07-07 00:00:00-04:00,65.1500015258789,65.44000244140625,63.560001373291016,63.790000915527344,743200,0.0,0.0
2025-07-08 00:00:00-04:00,64.5,65.70999908447266,63.54999923706055,65.18000030517578,928900,0.0,0.0
2025-07-09 00:00:00-04:00,65.12999725341797,65.76000213623047,64.26000213623047,64.79000091552734,533400,0.0,0.0
2025-07-10 00:00:00-04:00,65.63999938964844,65.63999938964844,64.19000244140625,64.5999984741211,580200,0.0,0.0
2025-07-11 00:00:00-04:00,64.0,64.58000183105469,63.560001373291016,64.05999755859375,478500,0.0,0.0
2025-07-14 00:00:00-04:00,63.5,63.630001068115234,61.15999984741211,63.279998779296875,1023000,0.0,0.0
2025-07-15 00:00:00-04:00,64.7699966430664,65.44999694824219,64.11000061035156,64.52999877929688,814300,0.0,0.0
2025-07-16 00:00:00-04:00,64.30999755859375,66.86000061035156,63.720001220703125,66.79000091552734,1226700,0.0,0.0
2025-07-17 00:00:00-04:00,67.44999694824219,68.83000183105469,66.87999725341797,68.16999816894531,1651800,0.0,0.0
2025-07-18 00:00:00-04:00,68.94999694824219,69.43000030517578,67.56999969482422,68.20999908447266,1037500,0.0,0.0
2025-07-21 00:00:00-04:00,68.87999725341797,70.05000305175781,68.30999755859375,68.91000366210938,1729600,0.0,0.0
2025-07-22 00:00:00-04:00,68.51000213623047,68.69999694824219,65.18000030517578,66.61000061035156,1238700,0.0,0.0
2025-07-23 00:00:00-04:00,66.4000015258789,66.69000244140625,64.83999633789062,65.94999694824219,1087200,0.0,0.0
2025-07-24 00:00:00-04:00,65.66999816894531,65.91999816894531,63.0,64.20999908447266,1214200,0.0,0.0
2025-07-25 00:00:00-04:00,64.0199966430664,64.33999633789062,62.810001373291016,62.849998474121094,974100,0.0,0.0
2025-07-28 00:00:00-04:00,63.779998779296875,65.37999725341797,63.29999923706055,64.23999786376953,1885900,0.0,0.0
2025-07-29 00:00:00-04:00,68.0,73.30000305175781,65.30999755859375,73.1500015258789,3639100,0.0,0.0
2025-07-30 00:00:00-04:00,73.44000244140625,76.06999969482422,73.02999877929688,75.08999633789062,2295700,0.0,0.0
2025-07-31 00:00:00-04:00,74.0,74.94000244140625,73.1500015258789,73.93000030517578,1942200,0.0,0.0
2025-08-01 00:00:00-04:00,71.0,73.19000244140625,69.51000213623047,72.41000366210938,1910600,0.0,0.0
2025-08-04 00:00:00-04:00,73.0999984741211,75.7699966430664,72.41000366210938,75.7300033569336,1318700,0.0,0.0
2025-08-05 00:00:00-04:00,75.83000183105469,76.19999694824219,73.08000183105469,73.79000091552734,1459600,0.0,0.0
2025-08-06 00:00:00-04:00,73.02999877929688,73.41999816894531,70.91000366210938,71.55999755859375,1116300,0.0,0.0
2025-08-07 00:00:00-04:00,73.19999694824219,73.83000183105469,70.58000183105469,71.94999694824219,1067800,0.0,0.0
2025-08-08 00:00:00-04:00,72.5,73.97000122070312,72.02999877929688,72.86000061035156,896100,0.0,0.0
2025-08-11 00:00:00-04:00,73.83999633789062,74.87000274658203,72.43000030517578,72.7699966430664,1240600,0.0,0.0
2025-08-12 00:00:00-04:00,73.30000305175781,76.62999725341797,72.33999633789062,76.44000244140625,1108900,0.0,0.0
2025-08-13 00:00:00-04:00,77.75,78.16000366210938,75.4000015258789,76.79000091552734,1006300,0.0,0.0
2025-08-14 00:00:00-04:00,75.37000274658203,76.69999694824219,75.20999908447266,76.0,798700,0.0,0.0
2025-08-15 00:00:00-04:00,75.58000183105469,75.58000183105469,73.5999984741211,74.22000122070312,867600,0.0,0.0
2025-08-18 00:00:00-04:00,74.1500015258789,75.79000091552734,73.75,75.7699966430664,605500,0.0,0.0
2025-08-19 00:00:00-04:00,75.37000274658203,75.37000274658203,69.63999938964844,69.77999877929688,1753500,0.0,0.0
2025-08-20 00:00:00-04:00,69.63999938964844,69.87000274658203,67.1500015258789,69.68000030517578,1548600,0.0,0.0
2025-08-21 00:00:00-04:00,69.45999908447266,71.12999725341797,69.36000061035156,70.44000244140625,640900,0.0,0.0
2025-08-22 00:00:00-04:00,70.52999877929688,74.62999725341797,70.44999694824219,73.7699966430664,1005900,0.0,0.0
2025-08-25 00:00:00-04:00,73.5199966430664,74.38999938964844,73.12999725341797,73.30000305175781,563900,0.0,0.0
2025-08-26 00:00:00-04:00,73.88999938964844,75.69000244140625,73.83000183105469,75.02999877929688,1089200,0.0,0.0
2025-08-27 00:00:00-04:00,74.33000183105469,76.19000244140625,74.18000030517578,75.05000305175781,1041300,0.0,0.0
2025-08-28 00:00:00-04:00,77.8499984741211,81.88999938964844,76.48999786376953,81.08999633789062,2271300,0.0,0.0
2025-08-29 00:00:00-04:00,80.20999908447266,80.79000091552734,73.06999969482422,73.7699966430664,2313800,0.0,0.0
2025-09-02 00:00:00-04:00,71.72000122070312,73.9000015258789,70.9000015258789,73.48999786376953,1387300,0.0,0.0
2025-09-03 00:00:00-04:00,73.5199966430664,74.87000274658203,72.68000030517578,73.66999816894531,1027300,0.0,0.0
2025-09-04 00:00:00-04:00,73.48999786376953,75.5199966430664,73.0999984741211,75.4000015258789,1078700,0.0,0.0
2025-09-05 00:00:00-04:00,76.93000030517578,78.47000122070312,74.5999984741211,74.80999755859375,1354500,0.0,0.0
2025-09-08 00:00:00-04:00,75.95999908447266,76.95999908447266,72.44999694824219,73.27999877929688,1803900,0.0,0.0
2025-09-09 00:00:00-04:00,73.12999725341797,75.48999786376953,72.5,74.55000305175781,1171000,0.0,0.0
2025-09-10 00:00:00-04:00,75.44999694824219,77.5999984741211,75.0199966430664,77.11000061035156,1385900,0.0,0.0
2025-09-11 00:00:00-04:00,77.8499984741211,89.9800033569336,77.8499984741211,88.58000183105469,4971200,0.0,0.0
2025-09-12 00:00:00-04:00,88.19999694824219,88.29000091552734,85.61000061035156,86.02999877929688,2245600,0.0,0.0
2025-09-15 00:00:00-04:00,88.12999725341797,100.7300033569336,88.12999725341797,94.87999725341797,5403900,0.0,0.0
2025-09-16 00:00:00-04:00,94.95999908447266,98.8499984741211,94.5,97.05000305175781,2973500,0.0,0.0
2025-09-17 00:00:00-04:00,98.01000213623047,99.9000015258789,94.75,97.5199966430664,2425500,0.0,0.0
2025-09-18 00:00:00-04:00,101.4800033569336,107.4800033569336,99.69999694824219,107.37999725341797,4157500,0.0,0.0
2025-09-19 00:00:00-04:00,107.44999694824219,107.66999816894531,101.19999694824219,102.3499984741211,9564900,0.0,0.0
2025-09-22 00:00:00-04:00,102.3499984741211,108.61000061035156,102.29000091552734,106.94000244140625,2665200,0.0,0.0
2025-09-23 00:00:00-04:00,107.20999908447266,109.1500015258789,100.30999755859375,102.62000274658203,3773900,0.0,0.0
2025-09-24 00:00:00-04:00,102.5999984741211,102.7300033569336,97.76000213623047,100.7300033569336,2268000,0.0,0.0
2025-09-25 00:00:00-04:00,96.48999786376953,101.1500015258789,95.04000091552734,100.76000213623047,2072900,0.0,0.0
2025-09-26 00:00:00-04:00,100.0999984741211,102.97000122070312,99.16000366210938,102.62000274658203,1421700,0.0,0.0
2025-09-29 00:00:00-04:00,106.04000091552734,107.0,103.72000122070312,103.98999786376953,1610600,0.0,0.0
2025-09-30 00:00:00-04:00,103.98999786376953,106.61000061035156,102.5,104.19999694824219,1554900,0.0,0.0
2025-10-01 00:00:00-04:00,101.98999786376953,105.08000183105469,101.30000305175781,103.13999938964844,2222900,0.0,0.0
2025-10-02 00:00:00-04:00,104.7300033569336,105.58000183105469,102.6500015258789,103.70999908447266,2141400,0.0,0.0
2025-10-03 00:00:00-04:00,104.88999938964844,105.0,97.87999725341797,99.98999786376953,2061400,0.0,0.0
2025-10-06 00:00:00-04:00,100.91000366210938,104.12000274658203,100.52999877929688,101.0,2461100,0.0,0.0
2025-10-07 00:00:00-04:00,101.18000030517578,102.19999694824219,95.93000030517578,96.83999633789062,1756800,0.0,0.0
2025-10-08 00:00:00-04:00,96.63999938964844,100.12000274658203,95.55000305175781,99.43000030517578,1455600,0.0,0.0
2025-10-09 00:00:00-04:00,98.69999694824219,100.22000122070312,96.2699966430664,98.72000122070312,1423900,0.0,0.0
2025-10-10 00:00:00-04:00,96.66000366210938,97.44000244140625,89.3499984741211,89.56999969482422,3283200,0.0,0.0
2025-10-13 00:00:00-04:00,95.5999984741211,97.58999633789062,92.87999725341797,97.01000213623047,2090000,0.0,0.0
2025-10-14 00:00:00-04:00,93.45999908447266,97.08000183105469,93.0,94.8499984741211,1592200,0.0,0.0
2025-10-15 00:00:00-04:00,96.9000015258789,98.02999877929688,95.37000274658203,97.22000122070312,1521500,0.0,0.0
2025-10-16 00:00:00-04:00,97.7699966430664,101.0,96.31999969482422,98.1500015258789,1908600,0.0,0.0
2025-10-17 00:00:00-04:00,96.23999786376953,98.1500015258789,94.91000366210938,96.26000213623047,950300,0.0,0.0
2025-10-20 00:00:00-04:00,98.05000305175781,99.94000244140625,97.22000122070312,97.7699966430664,1140500,0.0,0.0
2025-10-21 00:00:00-04:00,97.58000183105469,97.98999786376953,96.12999725341797,97.51000213623047,981400,0.0,0.0
2025-10-22 00:00:00-04:00,96.52999877929688,97.30000305175781,92.01000213623047,94.44999694824219,1731800,0.0,0.0
2025-10-23 00:00:00-04:00,94.0,102.22000122070312,94.0,101.61000061035156,2621400,0.0,0.0
2025-10-24 00:00:00-04:00,103.79000091552734,108.31999969482422,103.1500015258789,105.41999816894531,2346600,0.0,0.0
2025-10-27 00:00:00-04:00,109.3499984741211,114.55000305175781,109.0,113.61000061035156,4871800,0.0,0.0
2025-10-28 00:00:00-04:00,96.80999755859375,107.80999755859375,95.25,103.72000122070312,5606200,0.0,0.0
2025-10-29 00:00:00-04:00,105.19000244140625,113.23999786376953,104.97000122070312,111.36000061035156,3231000,0.0,0.0
2025-10-30 00:00:00-04:00,109.36000061035156,111.16000366210938,106.3499984741211,107.75,1763700,0.0,0.0
2025-10-31 00:00:00-04:00,110.0,110.55000305175781,101.66000366210938,102.83999633789062,2125900,0.0,0.0
2025-11-03 00:00:00-05:00,104.0,106.12999725341797,102.76000213623047,105.76000213623047,1168900,0.0,0.0
2025-11-04 00:00:00-05:00,101.3499984741211,103.73999786376953,99.91000366210938,100.31999969482422,1528900,0.0,0.0
2025-11-05 00:00:00-05:00,102.05000305175781,110.26000213623047,102.05000305175781,108.61000061035156,2124900,0.0,0.0
2025-11-06 00:00:00-05:00,108.23999786376953,109.54000091552734,103.44000244140625,106.48999786376953,2200000,0.0,0.0
2025-11-07 00:00:00-05:00,103.23999786376953,107.76000213623047,100.66000366210938,107.66999816894531,1720800,0.0,0.0
2025-11-10 00:00:00-05:00,111.23999786376953,114.37000274658203,109.69000244140625,110.5999984741211,1629700,0.0,0.0
2025-11-11 00:00:00-05:00,109.51000213623047,109.63999938964844,103.0,104.93000030517578,1498700,0.0,0.0
2025-11-12 00:00:00-05:00,107.44999694824219,107.5,101.54000091552734,102.20999908447266,1772500,0.0,0.0
2025-11-13 00:00:00-05:00,100.75,100.9800033569336,90.4000015258789,92.37000274658203,2842700,0.0,0.0
2025-11-14 00:00:00-05:00,87.87999725341797,96.5,87.62000274658203,95.25,1418700,0.0,0.0
2025-11-17 00:00:00-05:00,94.04000091552734,95.5999984741211,89.05000305175781,91.12999725341797,1846300,0.0,0.0
2025-11-18 00:00:00-05:00,89.30000305175781,90.38999938964844,87.0999984741211,87.69999694824219,1728400,0.0,0.0
2025-11-19 00:00:00-05:00,88.25,92.29000091552734,88.0999984741211,90.22000122070312,1333400,0.0,0.0
2025-11-20 00:00:00-05:00,95.0199966430664,96.0,85.55999755859375,87.27999877929688,3481900,0.0,0.0
2025-11-21 00:00:00-05:00,87.25,89.83999633789062,82.51000213623047,88.1500015258789,2219700,0.0,0.0
2025-11-24 00:00:00-05:00,89.58999633789062,93.62000274658203,89.0,92.75,2023900,0.0,0.0
2025-11-25 00:00:00-05:00,91.08999633789062,92.58999633789062,88.30000305175781,92.44999694824219,1170000,0.0,0.0
2025-11-26 00:00:00-05:00,93.73999786376953,96.26000213623047,92.11000061035156,94.87000274658203,1245100,0.0,0.0
2025-11-28 00:00:00-05:00,94.93000030517578,95.62000274658203,94.11000061035156,95.56999969482422,674800,0.0,0.0
2025-12-01 00:00:00-05:00,93.41000366210938,95.22000122070312,92.02999877929688,94.19000244140625,990100,0.0,0.0
2025-12-02 00:00:00-05:00,95.91999816894531,99.76000213623047,95.70999908447266,96.20999908447266,1106800,0.0,0.0
2025-12-03 00:00:00-05:00,95.87999725341797,98.51000213623047,93.72000122070312,98.02999877929688,1337600,0.0,0.0
2025-12-04 00:00:00-05:00,97.45999908447266,99.8499984741211,96.55999755859375,98.80999755859375,986100,0.0,0.0
2025-12-05 00:00:00-05:00,100.0,103.76000213623047,99.41000366210938,101.5999984741211,1343300,0.0,0.0
2025-12-08 00:00:00-05:00,102.08999633789062,104.58999633789062,101.83999633789062,104.06999969482422,1205500,0.0,0.0
2025-12-09 00:00:00-05:00,102.62999725341797,105.37999725341797,102.08999633789062,104.70999908447266,926100,0.0,0.0
2025-12-10 00:00:00-05:00,104.48999786376953,107.66000366210938,102.75,106.83999633789062,1257100,0.0,0.0
2025-12-11 00:00:00-05:00,105.44000244140625,106.56999969482422,101.48999786376953,106.01000213623047,1088800,0.0,0.0
2025-12-12 00:00:00-05:00,104.69999694824219,105.0,92.87999725341797,94.2300033569336,2549400,0.0,0.0
2025-12-15 00:00:00-05:00,95.37000274658203,97.70999908447266,93.73999786376953,95.44999694824219,1281700,0.0,0.0
2025-12-16 00:00:00-05:00,94.87999725341797,97.16999816894531,93.19999694824219,94.69000244140625,1141700,0.0,0.0
2025-12-17 00:00:00-05:00,95.16000366210938,98.26000213623047,90.0999984741211,90.61000061035156,1952900,0.0,0.0
2025-12-18 00:00:00-05:00,95.16999816894531,96.31999969482422,90.1500015258789,91.48999786376953,2089300,0.0,0.0
2025-12-19 00:00:00-05:00,92.3499984741211,97.51000213623047,92.1500015258789,96.4000015258789,3087300,0.0,0.0
2025-12-22 00:00:00-05:00,98.94999694824219,99.0,94.55999755859375,95.26000213623047,1127000,0.0,0.0
2025-12-23 00:00:00-05:00,94.25,95.2300033569336,93.5,94.19000244140625,747700,0.0,0.0
2025-12-24 00:00:00-05:00,94.05000305175781,94.62999725341797,93.69999694824219,94.4800033569336,343000,0.0,0.0
2025-12-26 00:00:00-05:00,94.87999725341797,95.0,93.31999969482422,94.11000061035156,478800,0.0,0.0
2025-12-29 00:00:00-05:00,92.93000030517578,94.12000274658203,92.12999725341797,93.56999969482422,672100,0.0,0.0
2025-12-30 00:00:00-05:00,94.33999633789062,96.33000183105469,93.48999786376953,94.69000244140625,830600,0.0,0.0
2025-12-31 00:00:00-05:00,94.73999786376953,94.75,91.8499984741211,91.88999938964844,739500,0.0,0.0
2026-01-02 00:00:00-05:00,95.41999816894531,100.68000030517578,95.20999908447266,99.27999877929688,1598200,0.0,0.0
2026-01-05 00:00:00-05:00,102.19000244140625,102.69000244140625,97.02999877929688,97.5,1891800,0.0,0.0
2026-01-06 00:00:00-05:00,98.12000274658203,98.98999786376953,93.41000366210938,97.0,1985700,0.0,0.0
2026-01-07 00:00:00-05:00,95.80000305175781,96.47000122070312,90.08000183105469,91.6500015258789,2001700,0.0,0.0
2026-01-08 00:00:00-05:00,91.38999938964844,91.52999877929688,88.5,91.33999633789062,1930600,0.0,0.0
2026-01-09 00:00:00-05:00,92.16000366210938,95.3499984741211,91.19000244140625,93.37999725341797,1746400,0.0,0.0
2026-01-12 00:00:00-05:00,91.7699966430664,93.94000244140625,91.51000213623047,92.9000015258789,952900,0.0,0.0
2026-01-13 00:00:00-05:00,93.62999725341797,97.38999938964844,93.30000305175781,95.4800033569336,975500,0.0,0.0
2026-01-14 00:00:00-05:00,95.4800033569336,101.19000244140625,95.44999694824219,100.62000274658203,2020600,0.0,0.0
2026-01-15 00:00:00-05:00,103.7699966430664,108.22000122070312,102.63999938964844,103.06999969482422,2559400,0.0,0.0
2026-01-16 00:00:00-05:00,105.5199966430664,108.38999938964844,104.19999694824219,107.98999786376953,1796900,0.0,0.0
2026-01-20 00:00:00-05:00,106.37999725341797,114.05999755859375,106.0,110.0999984741211,2841200,0.0,0.0
2026-01-21 00:00:00-05:00,120.80999755859375,131.1199951171875,120.0,125.93000030517578,5947600,0.0,0.0
2026-01-22 00:00:00-05:00,133.0,135.75,122.27999877929688,124.7699966430664,3914100,0.0,0.0
2026-01-23 00:00:00-05:00,123.2300033569336,123.5,113.12999725341797,115.30999755859375,2901000,0.0,0.0
2026-01-26 00:00:00-05:00,115.0,118.41999816894531,112.68000030517578,114.19000244140625,1979900,0.0,0.0
2026-01-27 00:00:00-05:00,116.62999725341797,119.30999755859375,115.33000183105469,115.70999908447266,1808100,0.0,0.0
2026-01-28 00:00:00-05:00,117.73999786376953,125.19999694824219,115.5,124.44000244140625,2803500,0.0,0.0
2026-01-29 00:00:00-05:00,123.83999633789062,125.70999908447266,114.70999908447266,121.5999984741211,2633700,0.0,0.0
2026-01-30 00:00:00-05:00,125.87000274658203,127.02999877929688,112.83999633789062,113.83000183105469,3201500,0.0,0.0
2026-02-02 00:00:00-05:00,111.37999725341797,128.22999572753906,110.76000213623047,113.70999908447266,6884500,0.0,0.0
2026-02-03 00:00:00-05:00,108.3499984741211,112.94000244140625,91.73999786376953,98.44999694824219,12599600,0.0,0.0
2026-02-04 00:00:00-05:00,95.16000366210938,102.23999786376953,94.62999725341797,100.8499984741211,6972200,0.0,0.0
2026-02-05 00:00:00-05:00,95.80000305175781,102.12000274658203,95.80000305175781,98.0999984741211,3176500,0.0,0.0
2026-02-06 00:00:00-05:00,99.94999694824219,108.22000122070312,98.5,107.0999984741211,3525200,0.0,0.0
2026-02-09 00:00:00-05:00,106.44000244140625,112.66000366210938,106.44000244140625,110.91999816894531,2280400,0.0,0.0
2026-02-10 00:00:00-05:00,110.83999633789062,111.54000091552734,106.0199966430664,106.98999786376953,1589400,0.0,0.0
2026-02-11 00:00:00-05:00,107.44999694824219,107.58000183105469,96.37999725341797,99.37999725341797,3401400,0.0,0.0
2026-02-12 00:00:00-05:00,100.48999786376953,102.0,94.30000305175781,95.80000305175781,2216000,0.0,0.0
2026-02-13 00:00:00-05:00,95.87000274658203,102.56999969482422,95.76000213623047,101.94999694824219,1477300,0.0,0.0
2026-02-17 00:00:00-05:00,98.25,103.4000015258789,97.38999938964844,101.94999694824219,1480500,0.0,0.0
2026-02-18 00:00:00-05:00,102.38999938964844,106.13999938964844,101.7300033569336,104.33999633789062,1631600,0.0,0.0
2026-02-19 00:00:00-05:00,102.33000183105469,104.41000366210938,101.52999877929688,104.12999725341797,1734400,0.0,0.0
2026-02-20 00:00:00-05:00,103.33999633789062,106.77999877929688,102.19999694824219,102.63999938964844,1647200,0.0,0.0
2026-02-23 00:00:00-05:00,101.52999877929688,102.19999694824219,94.11000061035156,95.2699966430664,1929300,0.0,0.0
2026-02-24 00:00:00-05:00,97.08999633789062,101.43000030517578,95.80000305175781,98.56999969482422,1459400,0.0,0.0
2026-02-25 00:00:00-05:00,100.41000366210938,101.87000274658203,99.0999984741211,101.08999633789062,1030500,0.0,0.0
2026-02-26 00:00:00-05:00,101.5,103.27999877929688,98.79000091552734,102.16999816894531,1894100,0.0,0.0
2026-02-27 00:00:00-05:00,98.1500015258789,101.44999694824219,96.66000366210938,99.66000366210938,1426800,0.0,0.0
2026-03-02 00:00:00-05:00,95.58999633789062,102.56999969482422,95.58999633789062,98.87999725341797,1360500,0.0,0.0
2026-03-03 00:00:00-05:00,93.87999725341797,96.2699966430664,87.44999694824219,87.58999633789062,2854300,0.0,0.0
2026-03-04 00:00:00-05:00,90.80999755859375,92.37999725341797,88.77999877929688,92.04000091552734,2192400,0.0,0.0
2026-03-05 00:00:00-05:00,91.11000061035156,93.62999725341797,89.37000274658203,91.91000366210938,2031100,0.0,0.0
2026-03-06 00:00:00-05:00,88.20999908447266,91.87999725341797,87.20999908447266,88.12000274658203,2047900,0.0,0.0
2026-03-09 00:00:00-04:00,85.69000244140625,89.0199966430664,82.36000061035156,88.5199966430664,2543900,0.0,0.0
2026-03-10 00:00:00-04:00,88.36000061035156,92.22000122070312,88.13999938964844,89.61000061035156,1768300,0.0,0.0
2026-03-11 00:00:00-04:00,89.3499984741211,92.6500015258789,89.0,92.52999877929688,1241100,0.0,0.0
2026-03-12 00:00:00-04:00,90.36000061035156,91.18000030517578,87.01000213623047,89.77999877929688,2902300,0.0,0.0
2026-03-13 00:00:00-04:00,91.41999816894531,94.73999786376953,90.18000030517578,94.01000213623047,2069200,0.0,0.0
2026-03-16 00:00:00-04:00,96.13999938964844,98.3499984741211,92.69999694824219,92.77999877929688,1679700,0.0,0.0
2026-03-17 00:00:00-04:00,93.41999816894531,94.37000274658203,91.80000305175781,93.5,1298100,0.0,0.0
2026-03-18 00:00:00-04:00,93.58999633789062,95.15499877929688,92.12000274658203,93.31999969482422,1298692,0.0,0.0
