Date,Open,High,Low,Close,Volume,Dividends,Stock Splits
2022-01-03 00:00:00-05:00,24.393849439364683,24.506933013749155,24.014209084248556,24.191913604736328,6614600,0.0,0.0
2022-01-04 00:00:00-05:00,24.280765192919656,24.523089127531147,24.094984588171258,24.35346221923828,5934500,0.0,0.0
2022-01-05 00:00:00-05:00,24.377698090555953,24.426162267214266,23.432638172152647,23.448793411254883,6693600,0.0,0.0
2022-01-06 00:00:00-05:00,23.57803031458059,23.755733308227576,23.061073490124166,23.416481018066406,7199900,0.0,0.0
2022-01-07 00:00:00-05:00,23.359937105089823,23.513408768776216,23.04491770020819,23.061071395874023,5242000,0.0,0.0
2022-01-10 00:00:00-05:00,23.020686063559157,23.238777143390553,22.75413081287019,23.190311431884766,6352800,0.0,0.0
2022-01-11 00:00:00-05:00,23.18223433497011,23.452827612733152,22.88336862308064,23.39224624633789,3083700,0.0,0.0
2022-01-12 00:00:00-05:00,23.35993608699333,23.545716674562637,23.238774901215436,23.27108383178711,3102800,0.0,0.0
2022-01-13 00:00:00-05:00,23.28723884030808,23.359935859195517,22.883367197888138,22.939908981323242,4602800,0.0,0.0
2022-01-14 00:00:00-05:00,22.859134032926324,23.13376686927792,22.70566392016657,23.052993774414062,5975400,0.0,0.0
2022-01-18 00:00:00-05:00,22.91567711092331,23.004527822452,22.592578572334567,22.697586059570312,4155900,0.0,0.0
2022-01-19 00:00:00-05:00,22.79451732182067,22.89952482256875,22.455265045166016,22.455265045166016,3631000,0.0,0.0
2022-01-20 00:00:00-05:00,22.641046302636397,22.77836273162445,22.25332832978014,22.26948356628418,5159300,0.0,0.0
2022-01-21 00:00:00-05:00,22.21294157786993,22.269483364473533,21.788876637694766,21.954463958740234,6744500,0.0,0.0
2022-01-24 00:00:00-05:00,21.558668590172733,22.293714852252478,21.187105879967035,22.212940216064453,8413400,0.0,0.0
2022-01-25 00:00:00-05:00,22.002927653144564,22.527960498271717,21.687908254197893,22.390644073486328,5236300,0.0,0.0
2022-01-26 00:00:00-05:00,22.681431257177344,22.96414171351141,21.990811122033417,22.212940216064453,9617500,0.0,0.0
2022-01-27 00:00:00-05:00,22.431032856486038,22.78240077698528,22.192748510251345,22.2856388092041,5833600,0.0,0.0
2022-01-28 00:00:00-05:00,22.293715624686662,22.81067084916465,21.990811883972572,22.802593231201172,6480900,0.0,0.0
2022-01-31 00:00:00-05:00,22.762207250071747,23.19031022828303,22.657199754574094,23.11761474609375,5687700,0.0,0.0
2022-02-01 00:00:00-05:00,23.254932380559147,23.424557748884755,23.03684130072775,23.190311431884766,10106000,0.0,0.0
2022-02-02 00:00:00-05:00,23.36801022292466,23.36801022292466,23.12568634682748,23.238771438598633,5327000,0.0,0.0
2022-02-03 00:00:00-05:00,23.02068395690793,23.14992276113346,22.85509664270346,22.875289916992188,3556100,0.0,0.0
2022-02-04 00:00:00-05:00,22.762203197620764,22.980294227305336,22.564305439429685,22.72989273071289,4625700,0.0,0.0
2022-02-07 00:00:00-05:00,22.83490405338855,23.061071197243482,22.73797417698778,22.76220703125,8230400,0.0,0.0
2022-02-08 00:00:00-05:00,22.818750723891643,22.899525370866925,22.62085291583461,22.74605369567871,9697800,0.0,0.0
2022-02-09 00:00:00-05:00,22.980295431813413,23.424553590547376,22.86721033235638,23.31147003173828,5029400,0.0,0.0
2022-02-10 00:00:00-05:00,23.085305298695882,23.4245575734546,22.810672431479386,22.915679931640625,5989700,0.0,0.0
2022-02-11 00:00:00-05:00,22.91567834906447,23.109536558303127,22.53603800790502,22.818748474121094,9776800,0.0,0.0
2022-02-14 00:00:00-05:00,22.742015656621657,22.939911924030444,22.50776933445816,22.74605369567871,9146700,0.0,0.0
2022-02-15 00:00:00-05:00,22.8995208009578,23.35185657684212,22.8995208009578,23.31147003173828,9021300,0.0,0.0
2022-02-16 00:00:00-05:00,23.35186074249486,23.47302194006781,23.065112215420957,23.246854782104492,4384800,0.0,0.0
2022-02-17 00:00:00-05:00,23.07722746632216,23.198388661760035,22.5198841185301,22.544116973876953,16854000,0.0,0.0
2022-02-18 00:00:00-05:00,22.568347923522012,22.85913445988887,22.334101630227096,22.55219268798828,6953400,0.0,0.0
2022-02-22 00:00:00-05:00,22.431033883848198,22.495653292194447,22.01908457789777,22.059471130371094,8097000,0.0,0.0
2022-02-23 00:00:00-05:00,22.229097492275738,22.35025868735751,21.740413132411945,21.78483772277832,8576400,0.0,0.0
2022-02-24 00:00:00-05:00,21.40519878237305,22.326025708682813,21.372888308850797,22.23717498779297,8207900,0.0,0.0
2022-02-25 00:00:00-05:00,22.34218045938167,22.681432720743896,22.103896114607625,22.673355102539062,7524300,0.0,0.0
2022-02-28 00:00:00-05:00,22.536037101281565,22.8349027914062,22.225055755019454,22.584501266479492,13127000,0.0,0.0
2022-03-01 00:00:00-05:00,22.68143340621273,22.964143889333233,22.439111015336977,22.544116973876953,11712100,0.0,0.0
2022-03-02 00:00:00-05:00,22.61681219606803,23.368013704798265,22.584501724848288,23.27108383178711,10468700,0.0,0.0
2022-03-03 00:00:00-05:00,23.456865411325467,23.51340719398938,22.830863141594367,23.052993774414062,7945600,0.0,0.0
2022-03-04 00:00:00-05:00,22.8349073699165,23.01664995165905,22.277563966122123,22.511810302734375,11625800,0.0,0.0
2022-03-07 00:00:00-05:00,22.40680353121841,22.576430459982838,21.615215305380143,21.631370544433594,8733300,0.0,0.0
2022-03-08 00:00:00-05:00,21.566745091765306,22.22101668379811,21.46981522522624,21.69598388671875,8846200,0.0,0.0
2022-03-09 00:00:00-05:00,22.156402230757376,22.414879878346287,22.148324611689183,22.188711166381836,4441700,0.0,0.0
2022-03-10 00:00:00-05:00,21.96254469564256,22.362376838058196,21.82118866841259,22.09178352355957,7021700,0.0,0.0
2022-03-11 00:00:00-05:00,22.30987143866562,22.35025798888135,21.869651262462384,21.91407585144043,5085200,0.0,0.0
2022-03-14 00:00:00-04:00,22.002925974297856,22.156397623382794,21.441544661307148,21.623287200927734,6116400,0.0,0.0
2022-03-15 00:00:00-04:00,21.68791128415066,22.043318822774243,21.66367842675076,21.792917251586914,4771800,0.0,0.0
2022-03-16 00:00:00-04:00,21.994855888570225,22.245257491413394,21.671758785633813,22.04332160949707,12087100,0.0,0.0
2022-03-17 00:00:00-04:00,21.930230304110104,22.527960161702218,21.922152686225985,22.463340759277344,12574900,0.0,0.0
2022-03-18 00:00:00-04:00,22.301794397276524,22.576427259660992,22.16043838656936,22.24525260925293,19908800,0.0,0.0
2022-03-21 00:00:00-04:00,22.21293907082524,22.309868937383033,21.59905402435377,21.70406150817871,11635200,0.0,0.0
2022-03-22 00:00:00-04:00,21.85753616124972,22.350260132509387,21.841382464002997,22.301795959472656,13407900,0.0,0.0
2022-03-23 00:00:00-04:00,22.30179338545535,22.326346380500855,21.900770499055437,22.219951629638672,10899400,0.36,0.0
2022-03-24 00:00:00-04:00,22.301791368663935,22.350895793312677,21.95232839856065,22.21176528930664,5890200,0.0,0.0
2022-03-25 00:00:00-04:00,22.277241416074432,22.40000483595242,22.11765084343512,22.35908317565918,4810300,0.0,0.0
2022-03-28 00:00:00-04:00,22.301792113517504,22.801025390625,22.25268768722873,22.801025390625,5741700,0.0,0.0
2022-03-29 00:00:00-04:00,23.07110232805589,23.684913126858003,23.054733665447454,23.643991470336914,6781100,0.0,0.0
2022-03-30 00:00:00-04:00,23.48849814580322,23.90179680559335,23.463945147409028,23.684917449951172,8785800,0.0,0.0
2022-03-31 00:00:00-04:00,23.799493791822403,23.856782557529737,23.2757090070676,23.292076110839844,5773300,0.0,0.0
2022-04-01 00:00:00-04:00,23.406656180670876,23.668548583984375,23.34936741257128,23.668548583984375,3558400,0.0,0.0
2022-04-04 00:00:00-04:00,23.684916408113754,23.742205174178356,22.964710763582698,23.27570915222168,6585100,0.0,0.0
2022-04-05 00:00:00-04:00,23.259339566778984,23.39765212580491,22.95652552256294,23.14476203918457,9426700,0.0,0.0
2022-04-06 00:00:00-04:00,22.923787724027815,23.455756776299467,22.833761639750506,23.398468017578125,7847100,0.0,0.0
2022-04-07 00:00:00-04:00,23.292076055671334,23.382102150713504,22.60870069349277,22.751922607421875,5921600,0.0,0.0
2022-04-08 00:00:00-04:00,22.727371946216707,23.206143698533666,22.59642574587351,23.11202621459961,5592400,0.0,0.0
2022-04-11 00:00:00-04:00,22.972893224579998,23.25933859257011,22.90332874602614,23.038366317749023,3571900,0.0,0.0
2022-04-12 00:00:00-04:00,23.120208841175025,23.304352409632518,23.054735745834776,23.128393173217773,5444600,0.0,0.0
2022-04-13 00:00:00-04:00,23.12839456694664,23.660363693768115,23.12839456694664,23.594890594482422,6188900,0.0,0.0
2022-04-14 00:00:00-04:00,23.734016988975146,23.889516158052313,23.513044732023626,23.807674407958984,5128400,0.0,0.0
2022-04-18 00:00:00-04:00,23.758574067671375,24.180057045775357,23.746296788395252,24.126859664916992,6967300,0.0,0.0
2022-04-19 00:00:00-04:00,24.26598907995786,24.552434460868337,24.175964548415863,24.486961364746094,10184800,0.0,0.0
2022-04-20 00:00:00-04:00,24.503327714144614,24.838877495196225,24.421485961473138,24.69156265258789,9604200,0.0,0.0
2022-04-21 00:00:00-04:00,24.9370900450125,25.117142239771887,24.6220002651854,24.650646209716797,7107100,0.0,0.0
2022-04-22 00:00:00-04:00,24.617904224133156,24.617904224133156,24.27417012577685,24.290538787841797,7984800,0.0,0.0
2022-04-25 00:00:00-04:00,24.290540945294016,24.60153774714273,24.004095577721824,24.57698631286621,11444000,0.0,0.0
2022-04-26 00:00:00-04:00,24.5769851766384,24.72429845849203,24.10230488355022,24.19232940673828,10613700,0.0,0.0
2022-04-27 00:00:00-04:00,24.20870007913074,24.47468540758858,24.077753888167358,24.200515747070312,9987200,0.0,0.0
2022-04-28 00:00:00-04:00,24.33145694307963,25.34629049521364,24.16777501847819,25.076213836669922,40779700,0.0,0.0
2022-04-29 00:00:00-04:00,24.93299848946143,25.297192701287834,24.21688578409433,24.396936416625977,64837400,0.0,0.0
2022-05-02 00:00:00-04:00,24.5196955903037,24.612177132773756,23.046550239695947,23.774938583374023,38991800,0.0,0.0
2022-05-03 00:00:00-04:00,23.84041141644288,24.78977358170303,23.84041141644288,24.49514389038086,14946400,0.0,0.0
2022-05-04 00:00:00-04:00,24.413300642059234,25.11713750114625,24.102303867696097,25.084400177001953,14106200,0.0,0.0
2022-05-05 00:00:00-04:00,25.207160521113522,25.207160521113522,24.045012120146517,24.35601043701172,9929000,0.0,0.0
2022-05-06 00:00:00-04:00,24.24962215871097,24.3314639249969,23.51304938414129,23.668548583984375,12071800,0.0,0.0
2022-05-09 00:00:00-04:00,23.390285328270082,23.4884957508311,22.17903229569387,22.309978485107422,12655400,0.0,0.0
2022-05-10 00:00:00-04:00,22.481843200737803,22.719184128073998,21.62169073285776,21.835296630859375,11636200,0.0,0.0
2022-05-11 00:00:00-04:00,21.876218511211054,22.801027740815798,21.72890365615885,22.35908317565918,10322700,0.0,0.0
2022-05-12 00:00:00-04:00,22.277242273891364,22.51458322972612,22.048087211432197,22.457294464111328,12490200,0.0,0.0
2022-05-13 00:00:00-04:00,22.694629991412572,23.513044357299805,22.49821073091982,23.513044357299805,10260400,0.0,0.0
2022-05-16 00:00:00-04:00,23.472126160006564,24.08593698401928,23.45575749672583,23.75038719177246,9206100,0.0,0.0
2022-05-17 00:00:00-04:00,24.012280835968614,24.237344504530004,23.82404588124467,24.17596435546875,11779300,0.0,0.0
2022-05-18 00:00:00-04:00,24.085935955458375,24.19232914023646,23.7135574672327,23.9058837890625,7267700,0.0,0.0
2022-05-19 00:00:00-04:00,23.856783968434222,24.28235991171721,23.750390763114414,23.971363067626953,9337500,0.0,0.0
2022-05-20 00:00:00-04:00,24.143225374548578,24.184145471121738,23.18568044132133,23.693098068237305,9057000,0.0,0.0
2022-05-23 00:00:00-04:00,23.864965539902133,24.069569154998003,23.537600067949082,23.873149871826172,7353300,0.0,0.0
2022-05-24 00:00:00-04:00,23.758570913884853,23.81585967289603,23.189771586984275,23.70128059387207,8945100,0.0,0.0
2022-05-25 00:00:00-04:00,23.570336870878332,24.315093937689298,23.570336870878332,24.282358169555664,9314500,0.0,0.0
2022-05-26 00:00:00-04:00,24.364198327863658,24.976371668988907,24.347829664373258,24.601537704467773,10613500,0.0,0.0
2022-05-27 00:00:00-04:00,24.789775457245504,25.374940376891306,24.724300799996566,25.264455795288086,7772900,0.0,0.0
2022-05-31 00:00:00-04:00,25.117138840416363,25.395399866473888,24.957548279207234,25.248085021972656,14179500,0.0,0.0
2022-06-01 00:00:00-04:00,25.387217046539234,25.426501215545397,24.883892338526824,25.215349197387695,8539800,0.0,0.0
2022-06-02 00:00:00-04:00,25.248090195427796,25.91918990366575,25.223537195979358,25.71458625793457,15305400,0.0,0.0
2022-06-03 00:00:00-04:00,25.66548342634992,26.009217635131463,25.452695434151625,25.690034866333008,13982000,0.0,0.0
2022-06-06 00:00:00-04:00,27.425065809072425,27.785170151541603,26.532993967415162,26.55754852294922,57119300,0.0,0.0
2022-06-07 00:00:00-04:00,26.205631818104724,26.958571635220366,25.591820962933014,26.27928924560547,198882200,0.0,0.0
2022-06-08 00:00:00-04:00,26.066502901004846,26.254739427881933,25.616373976214035,25.7473201751709,13388400,0.0,0.0
2022-06-09 00:00:00-04:00,25.60000436173724,25.665477454795322,25.100771051543312,25.10895538330078,8525900,0.0,0.0
2022-06-10 00:00:00-04:00,24.87979820961088,24.896166872752463,24.388749242374807,24.503328323364258,10565600,0.0,0.0
2022-06-13 00:00:00-04:00,23.954988215959887,23.954988215959887,23.251151380821554,23.40665054321289,14163000,0.0,0.0
2022-06-14 00:00:00-04:00,23.496679710009793,23.508956989076843,22.711002533797128,23.02199935913086,12096300,0.0,0.0
2022-06-15 00:00:00-04:00,23.26752029842467,24.294629624284465,23.177494220101764,23.954988479614258,19125500,0.0,0.0
2022-06-16 00:00:00-04:00,23.48849703747778,23.668547667533755,23.095656886716522,23.537601470947266,23740600,0.0,0.0
2022-06-17 00:00:00-04:00,23.86496325978523,23.979540773771358,23.247061088072336,23.57851791381836,61550600,0.0,0.0
2022-06-21 00:00:00-04:00,23.758569015079107,24.658823546451206,23.6930959298702,24.43785285949707,26138900,0.0,0.0
2022-06-22 00:00:00-04:00,24.23075688516687,24.657383381118343,24.139632165623322,24.2556095123291,23956700,0.36,0.0
2022-06-23 00:00:00-04:00,24.313597943498678,24.313597943498678,23.609455958549223,24.17276954650879,11633400,0.0,0.0
2022-06-24 00:00:00-04:00,24.346733361749358,25.16270980677904,24.255610219600065,25.11714744567871,16266300,0.0,0.0
2022-06-27 00:00:00-04:00,25.158562951542915,25.480811195933825,24.984597754749206,25.340810775756836,6817400,0.0,0.0
2022-06-28 00:00:00-04:00,25.65560656839258,26.00353543358458,25.2206958819154,25.266258239746094,7680100,0.0,0.0
2022-06-29 00:00:00-04:00,25.117147538865893,25.15442569080889,24.578686573062573,24.744367599487305,7617700,0.0,0.0
2022-06-30 00:00:00-04:00,24.46270827645308,25.059157065897324,24.379867771795244,24.67809295654297,7646800,0.0,0.0
2022-07-01 00:00:00-04:00,24.595250625776202,25.531343992769923,24.537262750836472,25.448503494262695,6351200,0.0,0.0
2022-07-05 00:00:00-04:00,25.150281407738827,25.44022079968414,24.673949698026643,25.43193817138672,5533800,0.0,0.0
2022-07-06 00:00:00-04:00,25.531344902625275,25.829570075858644,25.30767602270025,25.564481735229492,6763100,0.0,0.0
2022-07-07 00:00:00-04:00,25.73016161078216,25.85442157513186,25.448504848895556,25.65560531616211,6394000,0.0,0.0
2022-07-08 00:00:00-04:00,25.655606124562475,26.04495602652464,25.572767199086563,25.945547103881836,5453400,0.0,0.0
2022-07-11 00:00:00-04:00,25.779867851789838,26.11868297786471,25.589334213739765,26.04495620727539,6081500,0.0,0.0
2022-07-12 00:00:00-04:00,25.879275836050592,26.256198647101865,25.821287954358283,26.111228942871094,4879700,0.0,0.0
2022-07-13 00:00:00-04:00,25.81300438163848,26.401170581978583,25.6804601973466,26.177501678466797,6409200,0.0,0.0
2022-07-14 00:00:00-04:00,25.69702657977806,26.206493544051607,25.663889746304406,25.95383071899414,8001800,0.0,0.0
2022-07-15 00:00:00-04:00,26.417736617021824,26.923062291807536,26.26862401921284,26.914779663085938,8523000,0.0,0.0
2022-07-18 00:00:00-04:00,26.92306333333215,26.997619635120866,26.58341866076191,26.674543380737305,5769400,0.0,0.0
2022-07-19 00:00:00-04:00,26.92306398317221,27.287559711768946,26.856790308825865,27.26270866394043,7371700,0.0,0.0
2022-07-20 00:00:00-04:00,27.29584173924443,27.594066912496626,27.047321814901697,27.337261199951172,6471300,0.0,0.0
2022-07-21 00:00:00-04:00,27.320691796935392,27.337260212640164,27.02246663445388,27.328977584838867,5303000,0.0,0.0
2022-07-22 00:00:00-04:00,27.511228920611153,27.552648387475028,27.138447398630767,27.38697052001953,4996600,0.0,0.0
2022-07-25 00:00:00-04:00,27.43667030334473,27.614776839937758,27.188150363008585,27.436670303344727,6442400,0.0,0.0
2022-07-26 00:00:00-04:00,27.337263256449628,27.515369794979083,27.2130017048793,27.237855911254883,7506700,0.0,0.0
2022-07-27 00:00:00-04:00,27.30412516347958,27.792882398315818,27.24613728477887,27.751462936401367,7491700,0.0,0.0
2022-07-28 00:00:00-04:00,28.008268622296526,28.04140229572627,27.022468365381282,27.999982833862305,6686800,0.0,0.0
2022-07-29 00:00:00-04:00,27.966846021546623,28.49702587815569,27.88400709775585,28.32305908203125,14825100,0.0,0.0
2022-08-01 00:00:00-04:00,28.190519419532382,28.57158674622239,27.99170470657514,28.339632034301758,6070700,0.0,0.0
2022-08-02 00:00:00-04:00,28.256790212068772,28.666848280763766,28.256790212068772,28.33134651184082,5781800,0.0,0.0
2022-08-03 00:00:00-04:00,28.57986708402711,28.72897968683894,28.173948740794323,28.198802947998047,6486300,0.0,0.0
2022-08-04 00:00:00-04:00,28.207088674952526,28.530164963160413,28.103538420521645,28.18223762512207,6291300,0.0,0.0
2022-08-05 00:00:00-04:00,27.99170316310124,28.555016752256897,27.958566326067913,28.538448333740234,4765500,0.0,0.0
2022-08-08 00:00:00-04:00,28.762113256686924,28.94435951490263,28.59643225458897,28.63785171508789,4213300,0.0,0.0
2022-08-09 00:00:00-04:00,28.695838464881792,28.82838262933451,28.617139280952877,28.728975296020508,5519400,0.0,0.0
2022-08-10 00:00:00-04:00,28.994065137843602,29.035484598877204,28.704125750506094,28.836669921875,8163100,0.0,0.0
2022-08-11 00:00:00-04:00,28.936078250440495,28.960929295890487,28.61714175335433,28.844953536987305,6738100,0.0,0.0
2022-08-12 00:00:00-04:00,28.96092941978721,29.333710903643947,28.919509957159224,29.317142486572266,7737600,0.0,0.0
2022-08-15 00:00:00-04:00,29.259151385546925,29.565659167371553,29.217731927479072,29.433115005493164,4925800,0.0,0.0
2022-08-16 00:00:00-04:00,29.341995594493703,29.486968464035034,29.14318089586428,29.217737197875977,5004300,0.0,0.0
2022-08-17 00:00:00-04:00,28.994065317949747,29.172171845592676,28.796906533335523,29.002347946166992,4580100,0.0,0.0
2022-08-18 00:00:00-04:00,29.027205951284344,29.118330674115814,28.94436385775449,29.06034278869629,3631300,0.0,0.0
2022-08-19 00:00:00-04:00,28.85323657250757,28.994063363423752,28.637850332150663,28.679269790649414,7939800,0.0,0.0
2022-08-22 00:00:00-04:00,28.397614941284672,28.52187648516451,28.04968767458486,28.107675552368164,5892300,0.0,0.0
2022-08-23 00:00:00-04:00,28.173943760796124,28.207080591142102,27.89228702305943,27.908855438232422,6001100,0.0,0.0
2022-08-24 00:00:00-04:00,27.97512973941719,28.381044860091656,27.884005033930475,28.157379150390625,8594600,0.0,0.0
2022-08-25 00:00:00-04:00,28.38104989058697,28.52187986769255,28.236080178936156,28.463891983032227,6600400,0.0,0.0
2022-08-26 00:00:00-04:00,28.46388964624809,28.46388964624809,27.859156641506335,27.86743927001953,5115100,0.0,0.0
2022-08-29 00:00:00-04:00,27.726609787903712,28.219506719468054,27.618916667013945,27.77631187438965,7851900,0.0,0.0
2022-08-30 00:00:00-04:00,27.809446192427774,27.925421930550918,27.312406411870914,27.411813735961914,4707900,0.0,0.0
2022-08-31 00:00:00-04:00,27.57749750020607,27.660336418627747,27.192290525351144,27.328977584838867,5664400,0.0,0.0
2022-09-01 00:00:00-04:00,27.1715809683965,27.46152352177945,26.92306103699853,27.428386688232422,5531800,0.0,0.0
2022-09-02 00:00:00-04:00,27.693473811595155,27.73489327164588,26.985190616390348,27.063886642456055,4385700,0.0,0.0
2022-09-06 00:00:00-04:00,27.22128582290674,27.569213089784398,27.11359269549599,27.47808837890625,4416800,0.0,0.0
2022-09-07 00:00:00-04:00,27.478088799581705,27.850870277016526,27.420100920880998,27.751462936401367,3871600,0.0,0.0
2022-09-08 00:00:00-04:00,27.60234937254789,27.826018251125294,27.42009995442506,27.68518829345703,4344700,0.0,0.0
2022-09-09 00:00:00-04:00,27.826018877925673,28.033119344965876,27.68933181125458,27.933712005615234,3650800,0.0,0.0
2022-09-12 00:00:00-04:00,28.03312192708461,28.298210296505058,27.975134043780304,28.198802947998047,4123700,0.0,0.0
2022-09-13 00:00:00-04:00,27.685187123042166,27.97512965417113,27.337259877809974,27.453235626220703,6236900,0.0,0.0
2022-09-14 00:00:00-04:00,27.270990968128476,27.556790655160768,27.158330147226348,27.519514083862305,4097800,0.0,0.0
2022-09-15 00:00:00-04:00,27.560930862318166,27.747320020841048,27.320693559255762,27.428386688232422,3822500,0.0,0.0
2022-09-16 00:00:00-04:00,27.41181732637505,27.72661091401387,27.014184817827093,27.68518829345703,16258800,0.0,0.0
2022-09-19 00:00:00-04:00,27.436668877725218,27.834301393622415,27.3621125834881,27.78459930419922,7968500,0.0,0.0
2022-09-20 00:00:00-04:00,27.5526454878359,27.5526454878359,27.196435582211887,27.320693969726562,5805400,0.0,0.0
2022-09-21 00:00:00-04:00,27.597337281234726,27.656022292492015,26.834470509917747,26.84285545349121,5156700,0.39,0.0
2022-09-22 00:00:00-04:00,26.859620551569744,27.002132604686444,26.323097720775348,26.39854621887207,5987600,0.0,0.0
2022-09-23 00:00:00-04:00,26.079992175046254,26.214122508914777,25.53089502148719,25.887178421020508,5924100,0.0,0.0
2022-09-26 00:00:00-04:00,25.836872279165494,26.155432926798742,25.39256627967171,25.56022834777832,5693100,0.0,0.0
2022-09-27 00:00:00-04:00,25.870407757675206,26.054836527290338,25.5392728676977,25.694360733032227,6173400,0.0,0.0
2022-09-28 00:00:00-04:00,25.912328458230746,25.9961603166385,25.493170765151685,25.887178421020508,9856200,0.0,0.0
2022-09-29 00:00:00-04:00,25.627292683588774,25.627292683588774,24.60454882394764,24.638080596923828,10084600,0.0,0.0
2022-09-30 00:00:00-04:00,24.86442990743725,25.22909658937726,24.66323444157519,25.023710250854492,8549900,0.0,0.0
2022-10-03 00:00:00-04:00,25.367421104359696,25.782386281370638,25.05724374061858,25.602149963378906,5596000,0.0,0.0
2022-10-04 00:00:00-04:00,25.84526026905398,26.444655827982867,25.828493579541117,26.289567947387695,8121200,0.0,0.0
2022-10-05 00:00:00-04:00,25.945858266986868,26.41950524366763,25.69855519817925,26.297950744628906,6047200,0.0,0.0
2022-10-06 00:00:00-04:00,26.239264270942158,26.45722640776094,25.862023402530625,25.95423698425293,4815900,0.0,0.0
2022-10-07 00:00:00-04:00,25.744657833895047,25.96261996769015,25.522504827835874,25.685976028442383,4691200,0.0,0.0
2022-10-10 00:00:00-04:00,25.761424428284812,25.866213823062047,25.4428653717041,25.4428653717041,4460500,0.0,0.0
2022-10-11 00:00:00-04:00,25.35065318866756,25.84525931838723,25.107542595511486,25.75304412841797,4567300,0.0,0.0
2022-10-12 00:00:00-04:00,25.685980983497224,25.87879472298483,25.43448702619629,25.644065856933594,3676500,0.0,0.0
2022-10-13 00:00:00-04:00,25.25005625320969,25.878792696179495,24.696766712353554,25.75304412841797,6231000,0.0,0.0
2022-10-14 00:00:00-04:00,26.021309947174114,26.063225076243064,24.83509292679853,24.856050491333008,5767800,0.0,0.0
2022-10-17 00:00:00-04:00,25.266818309009068,25.650766804243386,25.174604729072627,25.526697158813477,4262100,0.0,0.0
2022-10-18 00:00:00-04:00,25.91232732402004,26.130289506755876,25.417721139919422,25.66083335876465,6503400,0.0,0.0
2022-10-19 00:00:00-04:00,25.384187464134474,25.54346621740201,24.597008501489867,24.646469116210938,7166800,0.0,0.0
2022-10-20 00:00:00-04:00,24.70514939792934,25.14526617543811,24.57101908825638,24.88957977294922,5865200,0.0,0.0
2022-10-21 00:00:00-04:00,24.897964752739032,25.220714732306664,24.55425561175365,25.191373825073242,5383800,0.0,0.0
2022-10-24 00:00:00-04:00,25.40094861894327,25.51831382822217,24.939875922151078,25.057239532470703,5339200,0.0,0.0
2022-10-25 00:00:00-04:00,25.149458512157608,25.820110099564676,25.107543387554486,25.769811630249023,4785100,0.0,0.0
2022-10-26 00:00:00-04:00,25.7698105936651,25.954239373043563,25.568615125536013,25.70274543762207,4161700,0.0,0.0
2022-10-27 00:00:00-04:00,25.903936887262578,26.243455086475496,25.84525508469819,25.979385375976562,4659600,0.0,0.0
2022-10-28 00:00:00-04:00,25.92070591234144,26.989557466957347,25.65244530557847,26.935068130493164,5784600,0.0,0.0
2022-10-31 00:00:00-04:00,26.633276635020405,26.981178241182498,26.541061443226212,26.84285545349121,5135400,0.0,0.0
2022-11-01 00:00:00-04:00,27.04404592595837,27.471588452684024,26.976982375402894,27.412906646728516,5314900,0.0,0.0
2022-11-02 00:00:00-04:00,27.262013333224072,27.51769974986908,26.616510182834958,26.834470748901367,10103300,0.0,0.0
2022-11-03 00:00:00-04:00,26.574594558856138,27.03566731534805,26.314715675271735,26.817705154418945,5971300,0.0,0.0
2022-11-04 00:00:00-04:00,25.929091796551255,26.41531459368619,25.8871750732882,26.348249435424805,15811900,0.0,0.0
2022-11-07 00:00:00-05:00,26.490760391042738,26.809319460509343,26.25603156162148,26.658422470092773,8016300,0.0,0.0
2022-11-08 00:00:00-05:00,26.733872371651685,26.82189668666481,26.50752847307922,26.641658782958984,6130500,0.0,0.0
2022-11-09 00:00:00-05:00,26.482377780397112,26.809320202711348,26.35663081788851,26.432079315185547,6115900,0.0,0.0
2022-11-10 00:00:00-05:00,27.07758173922737,27.597336295044233,26.90153630550343,27.345842361450195,8508700,0.0,0.0
2022-11-11 00:00:00-05:00,27.471589344019097,27.55541958441302,26.830278731041425,26.935068130493164,6896300,0.0,0.0
2022-11-14 00:00:00-05:00,26.79255589627243,26.926686214732506,26.473996789669634,26.532678604125977,5706800,0.0,0.0
2022-11-15 00:00:00-05:00,26.85123375043984,26.901533811663253,26.205732287665576,26.70033836364746,8683300,0.0,0.0
2022-11-16 00:00:00-05:00,26.641660487224488,26.725490737042392,26.398548285665903,26.532678604125977,5474000,0.0,0.0
2022-11-17 00:00:00-05:00,26.239261922602978,26.683569500079994,26.197346807294966,26.675186157226562,4795300,0.0,0.0
2022-11-18 00:00:00-05:00,27.027280730680374,27.178174509384775,26.796742794751577,27.077577590942383,5958600,0.0,0.0
2022-11-21 00:00:00-05:00,26.951835253071085,27.40452303558933,26.943450310145177,27.38775634765625,5576400,0.0,0.0
2022-11-22 00:00:00-05:00,27.547036356390528,27.957808989290626,27.421287804651346,27.85721206665039,5260400,0.0,0.0
2022-11-23 00:00:00-05:00,27.790149370257176,28.037450812235775,27.74907210570673,27.848831176757812,2185000,0.0,0.0
2022-11-25 00:00:00-05:00,27.97458162107982,28.037455910311166,27.83206955021335,27.96619987487793,2709200,0.0,0.0
2022-11-28 00:00:00-05:00,27.790148280424155,28.041642183838256,27.731466476224814,27.865596771240234,5735200,0.0,0.0
2022-11-29 00:00:00-05:00,27.974578381519116,28.25960568816402,27.89912988276256,28.226072311401367,5154900,0.0,0.0
2022-11-30 00:00:00-05:00,28.242840866188562,28.712298578132973,27.91589841594402,28.67038345336914,7231000,0.0,0.0
2022-12-01 00:00:00-05:00,28.829659119553412,28.90510761521688,27.890746994122523,28.385353088378906,8627400,0.0,0.0
2022-12-02 00:00:00-05:00,28.09194393669799,28.578168339481696,28.09194393669799,28.527868270874023,5094100,0.0,0.0
2022-12-05 00:00:00-05:00,28.30990656281537,28.45241862125347,27.899130680524006,27.915897369384766,5025000,0.0,0.0
2022-12-06 00:00:00-05:00,28.00810836291218,28.159005342132343,27.87397807004075,28.117090225219727,6653000,0.0,0.0
2022-12-07 00:00:00-05:00,28.06679409770706,28.44822907025481,28.06679409770706,28.2763729095459,4497800,0.0,0.0
2022-12-08 00:00:00-05:00,28.3685873239897,28.553017696707165,28.14224182963248,28.23445701599121,4920600,0.0,0.0
2022-12-09 00:00:00-05:00,28.2679910500313,28.58654854023864,28.20092429551257,28.44403648376465,8135100,0.0,0.0
2022-12-12 00:00:00-05:00,28.477567077589494,28.57816400161624,28.238647384326878,28.569782257080078,5520400,0.0,0.0
2022-12-13 00:00:00-05:00,29.223673466206186,29.273970340285775,28.561403575524672,28.82966423034668,5229000,0.0,0.0
2022-12-14 00:00:00-05:00,28.846425297538055,29.089537467926693,28.477567768544642,28.66199493408203,5700500,0.0,0.0
2022-12-15 00:00:00-05:00,28.444039202711938,28.636851343505757,28.335057315160935,28.460805892944336,5851000,0.0,0.0
2022-12-16 00:00:00-05:00,28.12547781944783,28.184159634914813,27.484167123330707,27.949432373046875,11032500,0.0,0.0
2022-12-19 00:00:00-05:00,27.915895369099196,27.957810489288256,27.63925301751645,27.731468200683594,7016000,0.0,0.0
2022-12-20 00:00:00-05:00,27.597339496526573,27.865603347788728,27.505127495249326,27.765003204345703,4777600,0.0,0.0
2022-12-21 00:00:00-05:00,28.00252461687048,28.12128994178641,27.73955234461718,27.807415008544922,7093600,0.39,0.0
2022-12-22 00:00:00-05:00,27.578375646253154,27.60382697969676,26.611310730047887,27.323884963989258,9675700,0.0,0.0
2022-12-23 00:00:00-05:00,27.281469870713146,27.722588555058483,27.149983721849708,27.71410369873047,4467900,0.0,0.0
2022-12-27 00:00:00-05:00,27.739549029969048,27.85831110466967,27.502021644543973,27.756515502929688,3844600,0.0,0.0
2022-12-28 00:00:00-05:00,27.79893334907442,27.896486535084758,27.27298556930017,27.306915283203125,2797600,0.0,0.0
2022-12-29 00:00:00-05:00,27.46809553011783,27.654720285065647,27.353572631648873,27.49354362487793,3125200,0.0,0.0
2022-12-30 00:00:00-05:00,27.315402027512995,27.52323569714589,27.196639930579916,27.485063552856445,3433300,0.0,0.0
2023-01-03 00:00:00-05:00,27.61230914057535,27.726832053251474,26.84459465051365,26.933666229248047,5713800,0.0,0.0
2023-01-04 00:00:00-05:00,27.052423559912217,27.349332005985328,26.942144713038584,27.103322982788086,5880700,0.0,0.0
2023-01-05 00:00:00-05:00,26.976078763957123,27.09484247796526,26.615550047962515,26.696138381958008,4186400,0.0,0.0
2023-01-06 00:00:00-05:00,26.65372308818243,27.069392030924103,26.58161637612883,26.976078033447266,5124200,0.0,0.0
2023-01-09 00:00:00-05:00,26.88276720541554,27.311160220531736,26.780969964292147,27.128774642944336,4228000,0.0,0.0
2023-01-10 00:00:00-05:00,27.15422083974913,27.48930144657007,26.9675960831075,27.468095779418945,7059300,0.0,0.0
2023-01-11 00:00:00-05:00,27.79893088326675,28.452125549316406,27.705616897256238,28.452125549316406,7105300,0.0,0.0
2023-01-12 00:00:00-05:00,28.579373868880747,28.889854234947872,28.24005405289554,28.859315872192383,6683700,0.0,0.0
2023-01-13 00:00:00-05:00,27.985559743607116,28.18915095952525,27.781965291664953,28.121288299560547,20850100,0.0,0.0
2023-01-17 00:00:00-05:00,28.1128042726246,28.62602799106649,28.087356178891255,28.528474807739258,11974400,0.0,0.0
2023-01-18 00:00:00-05:00,28.67268993509013,28.799936897764628,27.722589851467855,27.73107147216797,6499900,0.0,0.0
2023-01-19 00:00:00-05:00,27.586857321540872,28.248533666330157,27.535957896547764,28.146738052368164,12170600,0.0,0.0
2023-01-20 00:00:00-05:00,28.13825132852012,28.511507281637503,28.019489247446046,28.486059188842773,4759700,0.0,0.0
2023-01-23 00:00:00-05:00,28.536956787109375,28.782965816383395,28.375780131390623,28.536956787109375,4472400,0.0,0.0
2023-01-24 00:00:00-05:00,27.52747451383193,28.944141107143402,27.518989658864452,28.808412551879883,3698700,0.0,0.0
2023-01-25 00:00:00-05:00,28.774480792961008,28.782965648279063,28.320638114169512,28.613304138183594,4320700,0.0,0.0
2023-01-26 00:00:00-05:00,28.749034709584986,28.880520851992834,28.511510520454845,28.825382232666016,3102300,0.0,0.0
2023-01-27 00:00:00-05:00,28.88476544726459,29.126532082490975,28.73207038964534,28.96111297607422,3671600,0.0,0.0
2023-01-30 00:00:00-05:00,28.791449093260784,29.088357563761086,28.655720523782584,28.74055290222168,3167400,0.0,0.0
2023-01-31 00:00:00-05:00,28.74055403495331,29.054425757487486,28.613307080291747,28.995044708251953,7365200,0.0,0.0
2023-02-01 00:00:00-05:00,28.952629012735436,29.436162244061215,28.672687017744536,29.241052627563477,4005300,0.0,0.0
2023-02-02 00:00:00-05:00,29.436159213850217,29.750030891903513,29.037455166036555,29.30891227722168,6654800,0.0,0.0
2023-02-03 00:00:00-05:00,29.113803889841968,29.291947019700597,28.935660759983335,29.274980545043945,5098400,0.0,0.0
2023-02-06 00:00:00-05:00,29.07987616095045,29.533718922411328,29.045946441570234,29.39375114440918,4889400,0.0,0.0
2023-02-07 00:00:00-05:00,29.198631814545216,29.40222626594607,28.867793662539846,29.30891227722168,3938700,0.0,0.0
2023-02-08 00:00:00-05:00,29.20711691634521,29.5040221229554,29.130769400927726,29.283464431762695,3748900,0.0,0.0
2023-02-09 00:00:00-05:00,29.436162954903267,29.605824479962326,29.045943712484544,29.096839904785156,4855600,0.0,0.0
2023-02-10 00:00:00-05:00,28.884763464990147,29.308915654596536,28.884763464990147,29.249534606933594,3493700,0.0,0.0
2023-02-13 00:00:00-05:00,29.317399649606998,29.376780695526115,29.14180002695005,29.291948318481445,4584500,0.0,0.0
2023-02-14 00:00:00-05:00,29.266501857907105,29.35133100366516,28.85507370532913,28.995044708251953,3579100,0.0,0.0
2023-02-15 00:00:00-05:00,28.84234863087713,29.15198115032403,28.774482727865724,29.113805770874023,4669500,0.0,0.0
2023-02-16 00:00:00-05:00,28.833866309154075,29.11380506220109,28.698137742459462,28.9186954498291,3475100,0.0,0.0
2023-02-17 00:00:00-05:00,28.91869832317223,29.033217998064544,28.645545485916013,28.74903678894043,6121600,0.0,0.0
2023-02-21 00:00:00-05:00,28.587858200073242,28.681172199463717,28.47757772479137,28.587858200073242,4067500,0.0,0.0
2023-02-22 00:00:00-05:00,28.655719211485877,28.825380724570017,28.316399421341803,28.384262084960938,4306800,0.0,0.0
2023-02-23 00:00:00-05:00,28.47757738097576,28.61330595044385,28.184911338425298,28.401229858398438,4376800,0.0,0.0
2023-02-24 00:00:00-05:00,28.94414216442246,28.986556732737135,28.02797519193373,28.24005126953125,10826600,0.0,0.0
2023-02-27 00:00:00-05:00,28.604825286491415,28.990802104179465,28.443645380095216,28.570892333984375,6495100,0.0,0.0
2023-02-28 00:00:00-05:00,28.621788021964182,28.8839124411647,28.36729414744744,28.443641662597656,9988000,0.0,0.0
2023-03-01 00:00:00-05:00,28.375782105467394,28.64723924768093,28.206120582577835,28.587858200073242,9864900,0.0,0.0
2023-03-02 00:00:00-05:00,28.58786028823739,28.804178826622902,28.34185122387933,28.67268943786621,11510500,0.0,0.0
2023-03-03 00:00:00-05:00,28.842347680150816,29.062905385618944,28.62178997468269,28.944143295288086,9922900,0.0,0.0
2023-03-06 00:00:00-05:00,28.986558206123892,29.13077162895312,28.693895404659678,28.79144859313965,5301900,0.0,0.0
2023-03-07 00:00:00-05:00,28.799933946971603,28.910214420922035,28.38002419080851,28.401229858398438,5566100,0.0,0.0
2023-03-08 00:00:00-05:00,28.375783499168097,28.6642071314392,28.350332166068743,28.638755798339844,4868100,0.0,0.0
2023-03-09 00:00:00-05:00,28.999287486179185,28.999287486179185,28.134016597706044,28.180673599243164,7366100,0.0,0.0
2023-03-10 00:00:00-05:00,28.078870224058328,28.180669067053497,26.87852051561695,27.0439395904541,8294200,0.0,0.0
2023-03-13 00:00:00-04:00,26.755520834689463,27.38326426167092,26.64524035956187,27.08635902404785,7349400,0.0,0.0
2023-03-14 00:00:00-04:00,27.47657410486163,27.756516060297788,27.14149515622601,27.400226593017578,6341400,0.0,0.0
2023-03-15 00:00:00-04:00,27.077874343607906,27.226328572523105,26.568891420778275,26.831865310668945,6480500,0.0,0.0
2023-03-16 00:00:00-04:00,26.56041512839802,27.0185003641299,26.372091413887695,26.848838806152344,7355800,0.0,0.0
2023-03-17 00:00:00-04:00,26.840349036762817,26.865798749671836,26.352575007764386,26.441646575927734,20970600,0.0,0.0
2023-03-20 00:00:00-04:00,26.551926648998126,26.840350269835557,26.475579124775734,26.747037887573242,5521800,0.0,0.0
2023-03-21 00:00:00-04:00,26.950630746162215,27.137257128699055,26.73007141152111,26.747037887573242,6695500,0.0,0.0
2023-03-22 00:00:00-04:00,26.643964337633538,26.768509372081752,26.01694688170808,26.059892654418945,6384400,0.39,0.0
2023-03-23 00:00:00-04:00,26.188730782029644,26.506535060171597,25.724910225981255,25.81939125061035,5227400,0.0,0.0
2023-03-24 00:00:00-04:00,25.690554276734076,26.71267976872718,25.467232644299163,26.678321838378906,7647900,0.0,0.0
2023-03-27 00:00:00-04:00,26.85869737498632,27.193679000494935,26.777098110523056,26.95317840576172,6407600,0.0,0.0
2023-03-28 00:00:00-04:00,26.738444736813076,27.16361508507313,26.738444736813076,27.107784271240234,4765900,0.0,0.0
2023-03-29 00:00:00-04:00,27.39123021378723,27.42988206305022,27.15932075648546,27.22803497314453,4254800,0.0,0.0
2023-03-30 00:00:00-04:00,27.356877233992098,27.537253098465055,27.236626111584677,27.322519302368164,4272400,0.0,0.0
2023-03-31 00:00:00-04:00,27.4427689327922,28.052607441474745,27.417000485475207,28.01824951171875,8389800,0.0,0.0
2023-04-03 00:00:00-04:00,28.078372593594548,28.34464161866203,27.77774891735088,27.90658950805664,6586600,0.0,0.0
2023-04-04 00:00:00-04:00,27.99248118964476,28.022543557418214,27.520071148968103,27.78633689880371,10437500,0.0,0.0
2023-04-05 00:00:00-04:00,27.93236177756997,27.983898679240447,27.55443432831204,27.588788986206055,6612300,0.0,0.0
2023-04-06 00:00:00-04:00,27.61455424509338,27.769161646508554,27.485713651729938,27.760570526123047,4631500,0.0,0.0
2023-04-10 00:00:00-04:00,27.683267470685017,28.026840209960938,27.64890954144693,28.026840209960938,5287800,0.0,0.0
2023-04-11 00:00:00-04:00,28.05260368070966,28.250156835493634,27.889408451075617,28.224390029907227,5202900,0.0,0.0
2023-04-12 00:00:00-04:00,28.42194736367944,28.53360899855871,28.091261296007545,28.1728572845459,3971000,0.0,0.0
2023-04-13 00:00:00-04:00,28.138500565935463,28.19776685129191,27.837876855107627,28.069787979125977,4261200,0.0,0.0
2023-04-14 00:00:00-04:00,28.138497468386564,28.258750216032713,27.614553812413906,27.78633689880371,2775200,0.0,0.0
2023-04-17 00:00:00-04:00,27.75198002702798,28.241568992482193,27.67467633371668,28.224390029907227,3435700,0.0,0.0
2023-04-18 00:00:00-04:00,28.21580444528948,28.370411862240605,28.018251251752535,28.15567970275879,3082000,0.0,0.0
2023-04-19 00:00:00-04:00,27.923764128238858,28.336052692120408,27.89370176176335,28.275924682617188,2577000,0.0,0.0
2023-04-20 00:00:00-04:00,28.104148152073932,28.550791469889262,28.09985259113305,28.447717666625977,4363200,0.0,0.0
2023-04-21 00:00:00-04:00,28.567963795702497,28.683920991577565,28.23298216593466,28.62809181213379,3074900,0.0,0.0
2023-04-24 00:00:00-04:00,28.628090044416904,28.645265731990907,28.172855686448713,28.507837295532227,3153200,0.0,0.0
2023-04-25 00:00:00-04:00,28.353230571903474,28.49925013218787,28.241572217244624,28.387588500976562,3065600,0.0,0.0
2023-04-26 00:00:00-04:00,28.29310442453468,28.490657592032722,28.06548888973372,28.181446075439453,4257400,0.0,0.0
2023-04-27 00:00:00-04:00,28.241572251813235,28.705391188657828,28.01824898911726,28.593732833862305,3422200,0.0,0.0
2023-04-28 00:00:00-04:00,28.507838325982583,29.152034759521484,28.507838325982583,29.152034759521484,4758300,0.0,0.0
2023-05-01 00:00:00-04:00,28.954483640559964,29.24651950894504,28.911537863911253,29.01460838317871,3688300,0.0,0.0
2023-05-02 00:00:00-04:00,28.73974594456617,28.73974594456617,27.794925934086216,28.08696174621582,5376300,0.0,0.0
2023-05-03 00:00:00-04:00,28.336059315939625,28.336059315939625,27.528664239200317,27.588788986206055,7546700,0.0,0.0
2023-05-04 00:00:00-04:00,27.485715725476503,28.08696641228183,27.33797924329185,27.829288482666016,3834700,0.0,0.0
2023-05-05 00:00:00-04:00,28.00106859506968,28.337770385414604,27.966713944260846,28.181446075439453,2767300,0.0,0.0
2023-05-08 00:00:00-04:00,28.147089895560967,28.430534622506908,28.112731966066764,28.318876266479492,2408400,0.0,0.0
2023-05-09 00:00:00-04:00,28.164270236552632,28.42624372778038,28.009662822826336,28.301698684692383,3894300,0.0,0.0
2023-05-10 00:00:00-04:00,28.499252018906613,28.57655572616252,27.85505555062491,27.958126068115234,4296700,0.0,0.0
2023-05-11 00:00:00-04:00,27.829288708561933,27.829288708561933,27.292456680664824,27.417001724243164,4469000,0.0,0.0
2023-05-12 00:00:00-04:00,27.44276582774581,27.571603134924544,27.292452359485136,27.399818420410156,4808000,0.0,0.0
2023-05-15 00:00:00-04:00,27.528659359133105,27.605963059658535,27.288160413743935,27.331106185913086,5042300,0.0,0.0
2023-05-16 00:00:00-04:00,27.27098020607583,27.288159169470653,26.695498038558306,26.712677001953125,4978100,0.0,0.0
2023-05-17 00:00:00-04:00,26.901642215728764,27.206561461100513,26.686910075899156,27.056249618530273,6599300,0.0,0.0
2023-05-18 00:00:00-04:00,26.910235495970902,27.094905293350376,26.712682292631698,26.94459342956543,4412600,0.0,0.0
2023-05-19 00:00:00-04:00,27.082018511492564,27.202267987530874,26.85869688579553,27.14214324951172,7978000,0.0,0.0
2023-05-22 00:00:00-04:00,27.322516767760067,27.45135572284521,27.116374111968597,27.150732040405273,6781400,0.0,0.0
2023-05-23 00:00:00-04:00,27.073429675950834,27.16791070726256,26.652554861485783,26.704090118408203,3710900,0.0,0.0
2023-05-24 00:00:00-04:00,26.58383919716148,26.609606005086547,26.248855949649926,26.29180335998535,4075400,0.0,0.0
2023-05-25 00:00:00-04:00,26.330456219327,26.36481251063594,25.999768519312685,26.008358001708984,6214400,0.0,0.0
2023-05-26 00:00:00-04:00,26.0856607812182,26.32186580478468,26.03412388866551,26.22308921813965,2870700,0.0,0.0
2023-05-30 00:00:00-04:00,26.29180986875679,26.472184121990257,26.11143397724673,26.214506149291992,4012700,0.0,0.0
2023-05-31 00:00:00-04:00,26.283213575520275,26.661142590742852,26.098543808893115,26.566659927368164,9560500,0.0,0.0
2023-06-01 00:00:00-04:00,26.643964846225117,26.755624840370512,26.36051848140469,26.57525062561035,3406500,0.0,0.0
2023-06-02 00:00:00-04:00,26.8329277554708,27.279570995490417,26.8329277554708,27.150732040405273,3907700,0.0,0.0
2023-06-05 00:00:00-04:00,27.116376627453608,27.571607753536288,27.116376627453608,27.322519302368164,2839100,0.0,0.0
2023-06-06 00:00:00-04:00,27.477122477620625,27.648907194399975,27.318221164073805,27.442766189575195,2836700,0.0,0.0
2023-06-07 00:00:00-04:00,27.571609330858337,28.018252637863043,27.438476433890173,27.91518211364746,4595600,0.0,0.0
2023-06-08 00:00:00-04:00,27.79492801905461,27.889410682500408,27.614553812413906,27.78633689880371,4491600,0.0,0.0
2023-06-09 00:00:00-04:00,27.81210880463447,27.902295913861874,27.683268204851,27.743392944335938,2428400,0.0,0.0
2023-06-12 00:00:00-04:00,27.769164057109187,27.794930867397696,27.270983881180136,27.57160758972168,3379900,0.0,0.0
2023-06-13 00:00:00-04:00,27.511480803354065,27.829286730538783,27.511480803354065,27.691858291625977,4661600,0.0,0.0
2023-06-14 00:00:00-04:00,27.87223373342357,28.112732692996747,27.64203953172311,27.812108993530273,4080200,0.0,0.0
2023-06-15 00:00:00-04:00,27.794926074349004,27.958121305622107,27.657497648921098,27.949533462524414,3774400,0.0,0.0
2023-06-16 00:00:00-04:00,28.164270459989556,28.25875313318882,27.709036059716073,27.777751922607422,7540900,0.0,0.0
2023-06-20 00:00:00-04:00,27.777750579806067,27.83787531865317,27.26239310096818,27.408411026000977,5047700,0.0,0.0
2023-06-21 00:00:00-04:00,27.417104231157886,27.477972892348802,27.060586365428254,27.07797622680664,5420100,0.39,0.0
2023-06-22 00:00:00-04:00,27.156238887899242,27.173630409412493,26.708417989487096,27.060588836669922,4616900,0.0,0.0
2023-06-23 00:00:00-04:00,26.912761753953824,26.95623889520486,26.521460848508006,26.634502410888672,11352200,0.0,0.0
2023-06-26 00:00:00-04:00,26.65189479837397,27.434494976193996,26.625809176192867,27.304061889648438,5636100,0.0,0.0
2023-06-27 00:00:00-04:00,27.40841145578985,27.40841145578985,26.947546078871582,27.034502029418945,5987900,0.0,0.0
2023-06-28 00:00:00-04:00,27.03450179663008,27.05624036944303,26.738852562442904,26.956241607666016,7672400,0.0,0.0
2023-06-29 00:00:00-04:00,26.860590256843814,27.32145563596718,26.85189449589279,27.286672592163086,5451400,0.0,0.0
2023-06-30 00:00:00-04:00,27.486672898005263,27.49536865931095,26.89537439759367,27.33015251159668,8205600,0.0,0.0
2023-07-03 00:00:00-04:00,27.199719438427596,27.95623408736902,27.182327915797476,27.677974700927734,3007100,0.0,0.0
2023-07-05 00:00:00-04:00,27.35623806701787,27.443194021305505,26.999720147130756,27.243196487426758,5436100,0.0,0.0
2023-07-06 00:00:00-04:00,26.90406608581543,27.00841188859269,26.46928803763472,26.90406608581543,5415500,0.0,0.0
2023-07-07 00:00:00-04:00,26.791024825898578,27.251890187787307,26.764939202567827,27.06928253173828,6264500,0.0,0.0
2023-07-10 00:00:00-04:00,26.96493889800337,27.4171085357666,26.8605914206169,27.4171085357666,4698200,0.0,0.0
2023-07-11 00:00:00-04:00,27.48667001392568,27.686667527330776,27.347541164726767,27.643190383911133,3380500,0.0,0.0
2023-07-12 00:00:00-04:00,27.93014553478851,28.121448969296715,27.721452235954306,27.747539520263672,6160200,0.0,0.0
2023-07-13 00:00:00-04:00,27.756238028294018,27.873628331482056,27.22580813801037,27.277982711791992,7813000,0.0,0.0
2023-07-14 00:00:00-04:00,27.225803524211234,27.45623703966215,27.008414479268687,27.399715423583984,4896000,0.0,0.0
2023-07-17 00:00:00-04:00,27.286675107897906,27.617107420314234,27.286675107897906,27.434499740600586,5074700,0.0,0.0
2023-07-18 00:00:00-04:00,27.469282787611554,27.525804409730895,27.16493776045345,27.434499740600586,4500200,0.0,0.0
2023-07-19 00:00:00-04:00,27.608406393978118,28.00840140704832,27.57362335359985,27.95623016357422,4504600,0.0,0.0
2023-07-20 00:00:00-04:00,28.07797186924418,28.464924131827992,27.756235329726263,28.44318389892578,6134100,0.0,0.0
2023-07-21 00:00:00-04:00,28.599703011802898,28.61274582412471,28.308402479636904,28.51274871826172,4616800,0.0,0.0
2023-07-24 00:00:00-04:00,28.591007232666016,28.773613228650408,28.399703817581337,28.591007232666016,5888400,0.0,0.0
2023-07-25 00:00:00-04:00,28.69535367784324,28.70839648968911,28.45622440369046,28.556224822998047,4918600,0.0,0.0
2023-07-26 00:00:00-04:00,28.49535783110826,28.773615557152976,28.39101201311493,28.47796630859375,6011400,0.0,0.0
2023-07-27 00:00:00-04:00,28.82579038853668,29.043179446317218,27.73449638969213,27.764930725097656,7399400,0.0,0.0
2023-07-28 00:00:00-04:00,27.94753370494206,28.138837116500593,27.38232254775314,27.643190383911133,6732400,0.0,0.0
2023-07-31 00:00:00-04:00,27.738840351722523,27.86927344015471,27.291019473304885,27.373626708984375,7956300,0.0,0.0
2023-08-01 00:00:00-04:00,27.347541871554085,27.56493091136438,27.195368548558825,27.51275634765625,3570300,0.0,0.0
2023-08-02 00:00:00-04:00,27.38232535086822,27.443194021305505,27.186674868357763,27.243196487426758,5045200,0.0,0.0
2023-08-03 00:00:00-04:00,27.09537276839659,27.138849917720243,26.68233321563415,27.025808334350586,5277900,0.0,0.0
2023-08-04 00:00:00-04:00,26.921459270089766,27.42580346043399,26.886677884386586,27.00841522216797,3666900,0.0,0.0
2023-08-07 00:00:00-04:00,27.07797947978836,27.26493419507527,27.02145952106205,27.199718475341797,3498700,0.0,0.0
2023-08-08 00:00:00-04:00,27.043194845503244,27.312756770154436,26.982326184312324,27.07797622680664,2968500,0.0,0.0
2023-08-09 00:00:00-04:00,26.999723293931225,27.399720066854965,26.973637665587486,27.277982711791992,3095400,0.0,0.0
2023-08-10 00:00:00-04:00,27.3736288207564,27.54319201465408,26.86928629030957,26.921459197998047,3550500,0.0,0.0
2023-08-11 00:00:00-04:00,26.817112835317158,26.964937452873286,26.704069602661225,26.8605899810791,2766000,0.0,0.0
2023-08-14 00:00:00-04:00,26.73015586741387,26.843199095765335,26.60841853707851,26.643199920654297,3468700,0.0,0.0
2023-08-15 00:00:00-04:00,26.477989346568574,26.52146649707942,26.104079881406165,26.121471405029297,3868600,0.0,0.0
2023-08-16 00:00:00-04:00,26.08668678948303,26.186685556483756,25.912774880801056,25.921470642089844,3038700,0.0,0.0
2023-08-17 00:00:00-04:00,25.956250668806046,26.146683340808583,25.79973030090332,25.79973030090332,3538100,0.0,0.0
2023-08-18 00:00:00-04:00,25.643209847806528,26.19103113364605,25.617122567060512,26.156248092651367,4144900,0.0,0.0
2023-08-21 00:00:00-04:00,26.16494618205763,26.230163560454862,25.76494946774515,25.964948654174805,3226400,0.0,0.0
2023-08-22 00:00:00-04:00,26.051903073778256,26.29537940795681,25.956253019157298,26.217119216918945,4645800,0.0,0.0
2023-08-23 00:00:00-04:00,26.304074267331387,26.669287926806454,26.212771267099313,26.617115020751953,4539700,0.0,0.0
2023-08-24 00:00:00-04:00,26.677982979533372,26.851893214615014,26.373637994957072,26.382333755493164,3722500,0.0,0.0
2023-08-25 00:00:00-04:00,26.52146688981562,26.777986062140965,26.39103377780462,26.53885841369629,4428100,0.0,0.0
2023-08-28 00:00:00-04:00,26.6258120351509,26.908416809919974,26.59102899044568,26.73015785217285,2680100,0.0,0.0
2023-08-29 00:00:00-04:00,26.79972147173056,26.86928590048823,26.617115468196733,26.85189437866211,3771400,0.0,0.0
2023-08-30 00:00:00-04:00,26.904067112745583,27.05623877199858,26.74754674405867,26.9388484954834,4113200,0.0,0.0
2023-08-31 00:00:00-04:00,26.912767505140152,26.956244655682138,26.738855585878248,26.817115783691406,6144600,0.0,0.0
2023-09-01 00:00:00-04:00,26.964937527020343,27.024066379077304,26.860590054939227,26.947546005249023,3024600,0.0,0.0
2023-09-05 00:00:00-04:00,26.999718284239737,27.15189160838036,26.769286431041383,26.799720764160156,4928200,0.0,0.0
2023-09-06 00:00:00-04:00,26.76493779450202,26.9823268230711,26.721458993660203,26.964935302734375,4158000,0.0,0.0
2023-09-07 00:00:00-04:00,27.060590564814067,27.425804247181727,26.930155803681636,27.147544860839844,4601300,0.0,0.0
2023-09-08 00:00:00-04:00,27.260584994290568,27.46058250604458,27.077977344632824,27.121456146240234,4218700,0.0,0.0
2023-09-11 00:00:00-04:00,27.13015316605258,27.330150687091283,27.05189297807278,27.234498977661133,3820200,0.0,0.0
2023-09-12 00:00:00-04:00,27.17362864608123,27.451886338049633,27.16493288588888,27.31275749206543,3284300,0.0,0.0
2023-09-13 00:00:00-04:00,27.36493295883739,27.399716002866036,27.104066762809847,27.199718475341797,3884000,0.0,0.0
2023-09-14 00:00:00-04:00,27.425802706053936,27.477975612447043,27.321455234720926,27.399715423583984,3562900,0.0,0.0
2023-09-15 00:00:00-04:00,27.29536835311411,27.373628543126507,27.138847973089312,27.286672592163086,8027700,0.0,0.0
2023-09-18 00:00:00-04:00,27.31275855123954,27.347541593357793,26.764938906250926,26.825807571411133,5029900,0.0,0.0
2023-09-19 00:00:00-04:00,26.78232986551509,27.038849006728245,26.78232986551509,26.947546005249023,5932000,0.0,0.0
2023-09-20 00:00:00-04:00,27.05771609675249,27.330936856725227,26.996019568060632,27.0224609375,3415200,0.415,0.0
2023-09-21 00:00:00-04:00,26.951955841447994,26.99602311524538,26.520090170210416,26.52890396118164,4216200,0.0,0.0
2023-09-22 00:00:00-04:00,26.555340122722736,26.652290129458766,26.18516935643615,26.202796936035156,4011600,0.0,0.0
2023-09-25 00:00:00-04:00,26.07059358684527,26.299747079649467,26.00008494914079,26.22042465209961,4395400,0.0,0.0
2023-09-26 00:00:00-04:00,26.026529846913046,26.088224703135698,25.638731446437998,25.72686767578125,5243400,0.0,0.0
2023-09-27 00:00:00-04:00,25.79737297317778,25.964829938020536,25.422794467373798,25.453641891479492,5099500,0.0,0.0
2023-09-28 00:00:00-04:00,25.515340813789923,25.991273745385097,25.515340813789923,25.97364616394043,6920400,0.0,0.0
2023-09-29 00:00:00-04:00,26.132287706724753,26.202796342465042,25.52855740813238,25.647541046142578,9368600,0.0,0.0
2023-10-02 00:00:00-04:00,25.532963421291218,25.744489328171497,25.162792663986114,25.25092887878418,6195500,0.0,0.0
2023-10-03 00:00:00-04:00,25.048218230914618,25.153982031088507,24.616352602233505,24.713302612304688,5800900,0.0,0.0
2023-10-04 00:00:00-04:00,24.73092969982458,25.00415216296163,24.41804770090749,24.98652458190918,6985000,0.0,0.0
2023-10-05 00:00:00-04:00,24.99533810193449,25.15398296757239,24.832285500551848,24.951269149780273,9849900,0.0,0.0
2023-10-06 00:00:00-04:00,24.783811626152875,25.369914387831493,24.457708111664896,25.21567726135254,5914600,0.0,0.0
2023-10-09 00:00:00-04:00,25.0746622683352,25.744493576802896,25.0570346862548,25.72686767578125,4093400,0.0,0.0
2023-10-10 00:00:00-04:00,25.682798762130147,25.919004327848643,25.532967676321846,25.762121200561523,4370000,0.0,0.0
2023-10-11 00:00:00-04:00,25.90313532179994,26.070593969201006,25.651948191227614,25.87669563293457,7321600,0.0,0.0
2023-10-12 00:00:00-04:00,25.83262645170206,25.841440241597763,25.339065984952416,25.453641891479492,4111500,0.0,0.0
2023-10-13 00:00:00-04:00,25.550592308799143,25.6651698982212,25.36110002565067,25.50652503967285,3736800,0.0,0.0
2023-10-16 00:00:00-04:00,25.700419130933703,25.903131225115043,25.48007945959095,25.8414363861084,4507900,0.0,0.0
2023-10-17 00:00:00-04:00,25.69161092046839,26.10144293263254,25.682797129974052,25.797374725341797,7010500,0.0,0.0
2023-10-18 00:00:00-04:00,25.700424391948314,25.79737440512396,25.29500012059311,25.33025360107422,5173800,0.0,0.0
2023-10-19 00:00:00-04:00,25.21567498368513,25.413979362371855,24.72652059666652,24.748554229736328,8399200,0.0,0.0
2023-10-20 00:00:00-04:00,24.766183329498272,24.814658333863754,24.188892693690764,24.24618148803711,9041000,0.0,0.0
2023-10-23 00:00:00-04:00,24.131606838465,24.501777657453694,24.03465849898472,24.043472290039062,8950200,0.0,0.0
2023-10-24 00:00:00-04:00,24.149233305459223,24.68686276753739,24.127199669370164,24.633981704711914,5687600,0.0,0.0
2023-10-25 00:00:00-04:00,24.45770751915463,24.585504952888954,24.248825906909598,24.29024887084961,4693000,0.0,0.0
2023-10-26 00:00:00-04:00,24.413638263988222,24.633977953442777,24.158043417312893,24.28143310546875,7094100,0.0,0.0
2023-10-27 00:00:00-04:00,24.378388122442832,24.42686313306556,23.972963817341398,24.09635353088379,4904300,0.0,0.0
2023-10-30 00:00:00-04:00,24.15804584089746,24.36957176226754,23.46617928108536,23.955333709716797,8433900,0.0,0.0
2023-10-31 00:00:00-04:00,24.175672470935027,24.616351876730974,24.109569887642223,24.58991050720215,6834900,0.0,0.0
2023-11-01 00:00:00-04:00,24.63398139102508,24.748557305864395,24.351945137077042,24.563472747802734,6074300,0.0,0.0
2023-11-02 00:00:00-04:00,24.854318251906584,25.286183852092574,24.660418244558024,25.198047637939453,6130800,0.0,0.0
2023-11-03 00:00:00-04:00,25.559408874931744,25.94720727338578,25.54178129294321,25.709239959716797,7338300,0.0,0.0
2023-11-06 00:00:00-05:00,25.673982189695504,25.7444908294339,25.365507941501633,25.559406280517578,4889900,0.0,0.0
2023-11-07 00:00:00-05:00,25.585844695518354,25.62991195986789,25.246521380640132,25.33906364440918,4296600,0.0,0.0
2023-11-08 00:00:00-05:00,25.36551018437269,25.462458521923747,25.1495765104851,25.206865310668945,4531200,0.0,0.0
2023-11-09 00:00:00-05:00,25.330253044768906,25.330253044768906,24.717708915467064,24.77499771118164,6333300,0.0,0.0
2023-11-10 00:00:00-05:00,24.968895390881904,25.127540248007374,24.757369475067463,25.083471298217773,9573700,0.0,0.0
2023-11-13 00:00:00-05:00,24.93364243586125,24.96448986083267,24.620758769487608,24.757369995117188,6918900,0.0,0.0
2023-11-14 00:00:00-05:00,25.312625758957605,26.05296733306195,25.224491218135487,25.69161033630371,10969400,0.0,0.0
2023-11-15 00:00:00-05:00,25.682797446185088,25.919002999800796,25.462457724289724,25.471271514892578,6788300,0.0,0.0
2023-11-16 00:00:00-05:00,25.497710288982564,25.625507718115895,25.26855679983061,25.294998168945312,5609100,0.0,0.0
2023-11-17 00:00:00-05:00,25.50652734032022,25.524153240925425,25.08611809103514,25.189237594604492,7728600,0.0,0.0
2023-11-20 00:00:00-05:00,25.16279635627417,25.352288657524895,24.977711790992288,25.206865310668945,7252000,0.0,0.0
2023-11-21 00:00:00-05:00,25.1099117944269,25.127539373729412,24.70448755682003,24.854318618774414,5695900,0.0,0.0
2023-11-22 00:00:00-05:00,25.04821860899068,25.23330316076542,24.911607381924608,25.21567726135254,6709200,0.0,0.0
2023-11-24 00:00:00-05:00,25.25092894720687,25.27296258070147,25.074658198191567,25.259742736816406,1617200,0.0,0.0
2023-11-27 00:00:00-05:00,25.25093130344555,25.46245723063711,25.127541599515133,25.347881317138672,5904100,0.0,0.0
2023-11-28 00:00:00-05:00,25.259743070585657,25.80177853079577,25.259743070585657,25.75330352783203,5243600,0.0,0.0
2023-11-29 00:00:00-05:00,25.947203459914707,26.211610426647745,25.854659508605497,26.10584831237793,8713200,0.0,0.0
2023-11-30 00:00:00-05:00,26.13228893270901,26.392289854397614,26.079407873687522,26.343814849853516,11846600,0.0,0.0
2023-12-01 00:00:00-05:00,26.2733049894987,26.899070602888912,26.264491199895065,26.88144302368164,6465100,0.0,0.0
2023-12-04 00:00:00-05:00,26.749241551700415,26.9519536846405,26.6258501690363,26.925512313842773,6126800,0.0,0.0
2023-12-05 00:00:00-05:00,26.846188815438765,26.885850029529617,26.65229048047157,26.669918060302734,7203600,0.0,0.0
2023-12-06 00:00:00-05:00,26.793309537490128,27.115005326023,26.60381724435919,26.652292251586914,6736700,0.0,0.0
2023-12-07 00:00:00-05:00,26.6611049716173,26.90788605256873,26.467206631550262,26.81974983215332,6833400,0.0,0.0
2023-12-08 00:00:00-05:00,26.81975014811124,27.040089861216252,26.665511340302572,26.8902587890625,7503800,0.0,0.0
2023-12-11 00:00:00-05:00,26.846191043739072,27.232227677426003,26.775682399620557,27.137041091918945,5441900,0.0,0.0
2023-12-12 00:00:00-05:00,27.137034953600658,27.36618673435835,26.925507388033363,27.084152221679688,4581300,0.0,0.0
2023-12-13 00:00:00-05:00,27.128228319010624,27.87738206047796,27.01365071735789,27.789247512817383,8340500,0.0,0.0
2023-12-14 00:00:00-05:00,28.25636799021542,28.300435263487277,27.709924723927347,28.14179039001465,11974100,0.0,0.0
2023-12-15 00:00:00-05:00,28.009586411099217,28.141789909717172,27.47195694485301,27.621788024902344,18229300,0.0,0.0
2023-12-18 00:00:00-05:00,27.736361501938998,27.859752880044404,27.493988162286136,27.52483558654785,6166400,0.0,0.0
2023-12-19 00:00:00-05:00,27.63941167822252,28.238735913243946,27.630597888759446,28.02720832824707,7017500,0.0,0.0
2023-12-20 00:00:00-05:00,28.00488648566797,28.299580689233025,27.76377258185465,27.790563583374023,7103400,0.415,0.0
2023-12-21 00:00:00-05:00,27.99595342279495,28.170090657478525,27.799489504044786,28.05846405029297,6926400,0.0,0.0
2023-12-22 00:00:00-05:00,28.12097781752071,28.2861847376805,27.835213943745813,27.98702621459961,5018400,0.0,0.0
2023-12-26 00:00:00-05:00,27.98702702674609,28.344231879330323,27.956664231036836,28.272790908813477,2353000,0.0,0.0
2023-12-27 00:00:00-05:00,28.22814229174688,28.42460454424755,28.134374629535788,28.415674209594727,3263000,0.0,0.0
2023-12-28 00:00:00-05:00,28.433533273748306,28.74608645251688,28.379952972143276,28.737157821655273,3932500,0.0,0.0
2023-12-29 00:00:00-05:00,28.6299959368843,28.692506569839857,28.460323002228495,28.46925163269043,5825600,0.0,0.0
2024-01-02 00:00:00-05:00,28.388885423919437,29.18366648628005,28.317442745400797,29.16580581665039,5872400,0.0,0.0
2024-01-03 00:00:00-05:00,29.094362131823427,29.13008005909083,28.74608423673167,28.969337463378906,7309800,0.0,0.0
2024-01-04 00:00:00-05:00,29.04971112433101,29.103293129451664,28.379953093193688,28.504974365234375,9334200,0.0,0.0
2024-01-05 00:00:00-05:00,28.299579747605147,28.50497230922516,28.098651501112975,28.2906494140625,4387900,0.0,0.0
2024-01-08 00:00:00-05:00,28.22813827499907,28.665712687712332,28.16562764461146,28.656784057617188,5006300,0.0,0.0
2024-01-09 00:00:00-05:00,28.38888367895032,28.460324649790522,28.201350065940364,28.26386070251465,5759600,0.0,0.0
2024-01-10 00:00:00-05:00,28.263859080304,28.263859080304,28.004886214604753,28.138837814331055,11231500,0.0,0.0
2024-01-11 00:00:00-05:00,28.031676985830224,28.12990895899286,27.692332801802976,27.826284408569336,4059300,0.0,0.0
2024-01-12 00:00:00-05:00,28.085256116077712,28.156697079258826,27.750376281799934,27.772701263427734,3665600,0.0,0.0
2024-01-16 00:00:00-05:00,27.594098003831487,27.915583189789967,27.522657040650373,27.772701263427734,5196900,0.0,0.0
2024-01-17 00:00:00-05:00,27.460146611365616,27.838783889320048,27.125266774641645,27.308334350585938,4672700,0.0,0.0
2024-01-18 00:00:00-05:00,27.29047476237279,27.451217362878836,26.909158199007702,27.022571563720703,6323100,0.0,0.0
2024-01-19 00:00:00-05:00,27.09401171179724,27.37531125418539,26.683224889214404,27.29047393798828,10323800,0.0,0.0
2024-01-22 00:00:00-05:00,27.32619271287648,27.656606503405847,27.30833204763522,27.442283630371094,5587200,0.0,0.0
2024-01-23 00:00:00-05:00,27.567310716233447,27.65214633391648,27.308336141274122,27.54051971435547,4882900,0.0,0.0
2024-01-24 00:00:00-05:00,27.808422897406885,27.897724533640588,27.035966895066366,27.094013214111328,5133800,0.0,0.0
2024-01-25 00:00:00-05:00,27.370849782489028,27.433360423784286,27.04490022195859,27.254758834838867,3876200,0.0,0.0
2024-01-26 00:00:00-05:00,27.370847698553654,27.460149337870817,27.085083815368414,27.147594451904297,3955800,0.0,0.0
2024-01-29 00:00:00-05:00,27.12973340012943,27.187779720358648,26.879690857518177,27.17438507080078,6263300,0.0,0.0
2024-01-30 00:00:00-05:00,27.01364339291338,27.192246675173116,26.73680983836921,27.00471305847168,4990100,0.0,0.0
2024-01-31 00:00:00-05:00,27.138662782910473,27.352985684758576,26.727877646856694,26.897550582885742,7096700,0.0,0.0
2024-02-01 00:00:00-05:00,26.888619321151943,27.74591089895966,26.790387355795534,27.728050231933594,10472000,0.0,0.0
2024-02-02 00:00:00-05:00,27.478007662083147,27.478007662083147,27.004710206382914,27.281543731689453,6077000,0.0,0.0
2024-02-05 00:00:00-05:00,26.924339514246345,26.924339514246345,26.442113417479693,26.459972381591797,6976900,0.0,0.0
2024-02-06 00:00:00-05:00,26.388534155228296,26.80378534729474,26.23672187314715,26.638578414916992,5909800,0.0,0.0
2024-02-07 00:00:00-05:00,26.71894797208383,26.79931927517018,26.433184095904387,26.522485733032227,6513400,0.0,0.0
2024-02-08 00:00:00-05:00,26.45104514656954,26.727878692711556,26.415323809886917,26.495695114135742,4405900,0.0,0.0
2024-02-09 00:00:00-05:00,26.486763938247112,26.54927457216811,26.196534048428735,26.54034423828125,4955200,0.0,0.0
2024-02-12 00:00:00-05:00,26.63857442080051,26.77699203183108,26.468901494906085,26.53141212463379,4119300,0.0,0.0
2024-02-13 00:00:00-05:00,26.075980551510742,26.15635185860651,25.82147198013653,26.10276985168457,6521900,0.0,0.0
2024-02-14 00:00:00-05:00,26.156348622591832,26.23671821645728,26.013464991764433,26.075977325439453,5426500,0.0,0.0
2024-02-15 00:00:00-05:00,26.281371101267936,26.513554670102504,26.174208799003132,26.334951400756836,5934300,0.0,0.0
2024-02-16 00:00:00-05:00,26.075979915565732,26.40639376709046,25.906306971025217,26.37067413330078,8178100,0.0,0.0
2024-02-20 00:00:00-05:00,26.29923257664965,26.486764482264398,26.15635063809925,26.397462844848633,6885700,0.0,0.0
2024-02-21 00:00:00-05:00,26.424254271627618,26.558205878259983,26.209931360358414,26.486764907836914,6078600,0.0,0.0
2024-02-22 00:00:00-05:00,26.53141436378666,26.71001763804234,26.459973394741798,26.522485733032227,5645200,0.0,0.0
2024-02-23 00:00:00-05:00,26.656435671635386,27.15652242370491,26.567134040086945,26.835037231445312,5775400,0.0,0.0
2024-02-26 00:00:00-05:00,26.745739189942434,26.83503912450352,26.317091668928693,26.388532638549805,7203200,0.0,0.0
2024-02-27 00:00:00-05:00,26.576066801040632,26.687693424850472,26.201001276908094,26.245651245117188,4676900,0.0,0.0
2024-02-28 00:00:00-05:00,26.12062930181812,26.59392678782073,26.12062930181812,26.397462844848633,5676500,0.0,0.0
2024-02-29 00:00:00-05:00,26.62964469807683,26.839503276934543,26.495693102262376,26.727876663208008,8643300,0.0,0.0
2024-03-01 00:00:00-05:00,26.620715829214628,26.63857649718241,25.995607779925717,26.41532325744629,12387600,0.0,0.0
2024-03-04 00:00:00-05:00,26.29923203648412,26.63857620774969,26.0804431144736,26.54034423828125,8525100,0.0,0.0
2024-03-05 00:00:00-05:00,26.442114794838954,26.473370112771953,25.750028375012903,25.82593536376953,6130500,0.0,0.0
2024-03-06 00:00:00-05:00,25.995606130538306,26.022395427503184,25.700911940916072,25.843793869018555,4697800,0.0,0.0
2024-03-07 00:00:00-05:00,25.897372946067517,26.156347493105883,25.71876969271093,25.915233612060547,4954800,0.0,0.0
2024-03-08 00:00:00-05:00,26.06704821571998,26.254580115687535,25.95095557958929,26.00453758239746,6314800,0.0,0.0
2024-03-11 00:00:00-04:00,25.942026569133034,26.5582060065632,25.933097938163222,26.477834701538086,7676700,0.0,0.0
2024-03-12 00:00:00-04:00,26.43318430911742,26.54927524601907,26.236720365194056,26.388532638549805,6704100,0.0,0.0
2024-03-13 00:00:00-04:00,26.45997154356493,26.607319490010255,26.11169705674789,26.17420768737793,8660400,0.0,0.0
2024-03-14 00:00:00-04:00,26.067050778112073,26.075981112791286,25.589288944140804,25.736635208129883,9440400,0.0,0.0
2024-03-15 00:00:00-04:00,25.566958768744165,25.88844396020006,25.540169471647474,25.834863662719727,10607800,0.0,0.0
2024-03-18 00:00:00-04:00,25.772352904967313,26.004536463955578,25.656260273829712,25.843793869018555,3987900,0.0,0.0
2024-03-19 00:00:00-04:00,25.977748706360472,25.977748706360472,25.68305447995321,25.870586395263672,5208800,0.0,0.0
2024-03-20 00:00:00-04:00,25.739215659527424,26.183151240297178,25.60331729448223,26.110671997070312,4609300,0.415,0.0
2024-03-21 00:00:00-04:00,26.219390677257,26.4821272754304,26.13785131588285,26.44588851928711,6200300,0.0,0.0
2024-03-22 00:00:00-04:00,26.445889577020495,26.50024857743028,26.069902314752607,26.110671997070312,4663700,0.0,0.0
2024-03-25 00:00:00-04:00,26.21939172593135,26.309991211975298,26.060842193344065,26.110671997070312,3954900,0.0,0.0
2024-03-26 00:00:00-04:00,26.14691040015959,26.450416666985525,26.06990023834141,26.40964698791504,5271300,0.0,0.0
2024-03-27 00:00:00-04:00,26.59991093900274,26.962307192659114,26.54555020492305,26.9532470703125,5762300,0.0,0.0
2024-03-28 00:00:00-04:00,27.025721634699575,27.12538123518941,26.839993478903917,26.989482879638672,7192100,0.0,0.0
2024-04-01 00:00:00-04:00,27.08008318800749,27.08008318800749,26.790166207983127,26.817346572875977,5636000,0.0,0.0
2024-04-02 00:00:00-04:00,26.6361467660529,26.80375469089712,26.56366752330609,26.699565887451172,5073400,0.0,0.0
2024-04-03 00:00:00-04:00,26.645207708833055,26.744867318697818,26.491189097242746,26.59990882873535,4334000,0.0,0.0
2024-04-04 00:00:00-04:00,26.862643944890948,26.953243428072586,26.391528014779574,26.509307861328125,4908100,0.0,0.0
2024-04-05 00:00:00-04:00,26.50024817650443,26.58178753990622,26.23750984375612,26.56366729736328,5480500,0.0,0.0
2024-04-08 00:00:00-04:00,26.590846008527162,26.871702838321408,26.56366564640204,26.84452247619629,5319900,0.0,0.0
2024-04-09 00:00:00-04:00,26.971364149835825,27.143501270095772,26.844524179909907,26.99854278564453,4761200,0.0,0.0
2024-04-10 00:00:00-04:00,26.464007822886707,26.5093084294691,25.43117818538838,25.467418670654297,7356400,0.0,0.0
2024-04-11 00:00:00-04:00,25.58519467157996,25.739213265114522,25.38587720325812,25.5489559173584,12410800,0.0,0.0
2024-04-12 00:00:00-04:00,25.53083799777986,25.53083799777986,25.231860904090063,25.313400268554688,4746800,0.0,0.0
2024-04-15 00:00:00-04:00,25.394940488399353,25.503658492653166,24.806044674532032,24.98724365234375,3962800,0.0,0.0
2024-04-16 00:00:00-04:00,24.83322760572008,24.88758661346409,24.52972127377084,24.59766960144043,5310100,0.0,0.0
2024-04-17 00:00:00-04:00,24.633907102589607,24.91023476115477,24.62031605627163,24.642967224121094,4059500,0.0,0.0
2024-04-18 00:00:00-04:00,24.760743469007227,24.946471626205238,24.597664749898467,24.93288230895996,4866100,0.0,0.0
2024-04-19 00:00:00-04:00,25.005364119196102,25.34057998468949,24.973654557001904,25.26810073852539,5453800,0.0,0.0
2024-04-22 00:00:00-04:00,25.358700626372173,25.422119751756245,25.159383128301997,25.404001235961914,9231000,0.0,0.0
2024-04-23 00:00:00-04:00,25.467418915214814,25.90229437433317,25.38587955062494,25.893234252929688,8838600,0.0,0.0
2024-04-24 00:00:00-04:00,25.702976662937466,26.029132390404904,25.503657449885832,25.757335662841797,5648500,0.0,0.0
2024-04-25 00:00:00-04:00,25.54895703410961,25.88870379398851,25.4764777944571,25.866052627563477,5195400,0.0,0.0
2024-04-26 00:00:00-04:00,25.875114653482505,26.01101302183079,25.684857283403208,25.793575286865234,6652200,0.0,0.0
2024-04-29 00:00:00-04:00,26.020074623959566,26.31905174255371,25.956655496991356,26.31905174255371,4357800,0.0,0.0
2024-04-30 00:00:00-04:00,26.101610588444476,26.21939043290567,25.702975634376365,25.866052627563477,7194400,0.0,0.0
2024-05-01 00:00:00-04:00,25.76639415150683,26.36434829669012,25.702975034296685,26.183149337768555,7483100,0.0,0.0
2024-05-02 00:00:00-04:00,25.86605243943803,26.219390242210373,25.639554601166097,26.09255027770996,12249000,0.0,0.0
2024-05-03 00:00:00-04:00,26.436827959586463,26.54554595425382,25.875112560333868,26.09255027770996,6018500,0.0,0.0
2024-05-06 00:00:00-04:00,26.24657249344124,26.32811186469797,26.024605549052502,26.31905174255371,4726600,0.0,0.0
2024-05-07 00:00:00-04:00,26.427767281571896,26.772043228149414,26.282808806377012,26.772043228149414,5554800,0.0,0.0
2024-05-08 00:00:00-04:00,26.69956522077229,26.726745584139202,26.374314994276183,26.509307861328125,5904600,0.0,0.0
2024-05-09 00:00:00-04:00,26.681445661472964,26.799223775366805,26.409647222574236,26.54554557800293,7637100,0.0,0.0
2024-05-10 00:00:00-04:00,26.726749420166016,26.94871809941759,26.57273079506373,26.726749420166016,9458800,0.0,0.0
2024-05-13 00:00:00-04:00,26.853583206233697,26.962302929159783,26.59990673280845,26.826404571533203,5470500,0.0,0.0
2024-05-14 00:00:00-04:00,27.034782846896572,27.135347945111473,26.880764243576824,27.089141845703125,4316200,0.0,0.0
2024-05-15 00:00:00-04:00,27.514957876877197,27.72333547126166,27.188800440072747,27.641796112060547,5923900,0.0,0.0
2024-05-16 00:00:00-04:00,27.68709474203853,27.732395345659615,27.39717779102891,27.43341827392578,4401900,0.0,0.0
2024-05-17 00:00:00-04:00,27.587438182069864,27.587438182069864,27.379058851586095,27.524017333984375,7233400,0.0,0.0
2024-05-20 00:00:00-04:00,27.451539991451373,27.50590072214161,27.279402861723558,27.379060745239258,2405600,0.0,0.0
2024-05-21 00:00:00-04:00,27.35188080659373,27.46965892806922,27.234100957076787,27.288461685180664,3317100,0.0,0.0
2024-05-22 00:00:00-04:00,27.24315975638979,27.379058113971787,26.708624718931414,26.753925323486328,5505600,0.0,0.0
2024-05-23 00:00:00-04:00,26.63614648475513,26.73127516584791,25.893233822435704,25.911354064941406,5102600,0.0,0.0
2024-05-24 00:00:00-04:00,25.938532059201666,26.001952906403233,25.449297619936473,25.639554977416992,9765600,0.0,0.0
2024-05-28 00:00:00-04:00,25.684854711847144,25.974771662774867,25.585195111950238,25.603315353393555,8958200,0.0,0.0
2024-05-29 00:00:00-04:00,25.358697667177815,25.44929714774337,25.213739189489477,25.295278549194336,5938500,0.0,0.0
2024-05-30 00:00:00-04:00,25.440237475317154,25.567075713519884,25.277158753032847,25.422117233276367,7397300,0.0,0.0
2024-05-31 00:00:00-04:00,25.54895705060011,26.02460216912929,25.467417689933235,26.011011123657227,15486000,0.0,0.0
2024-06-03 00:00:00-04:00,26.047252224676516,26.33716919034281,25.915883059596034,26.065372467041016,5194800,0.0,0.0
2024-06-04 00:00:00-04:00,25.956652125893104,26.27374944759302,25.956652125893104,26.011011123657227,6097500,0.0,0.0
2024-06-05 00:00:00-04:00,26.056313845385283,26.056313845385283,25.702977739150366,25.7120361328125,5713300,0.0,0.0
2024-06-06 00:00:00-04:00,25.61237885965203,25.9385346085375,25.530839490420274,25.76639747619629,4989800,0.0,0.0
2024-06-07 00:00:00-04:00,25.449301795202825,25.866057062652803,25.43118155017239,25.702980041503906,6298200,0.0,0.0
2024-06-10 00:00:00-04:00,25.585196791685625,25.585196791685625,25.177501700692762,25.467418670654297,6332100,0.0,0.0
2024-06-11 00:00:00-04:00,25.33151965413633,25.603318121042747,25.268100530270623,25.494598388671875,4876400,0.0,0.0
2024-06-12 00:00:00-04:00,25.974776804793745,26.260164615877247,25.60784961911495,25.702980041503906,4933700,0.0,0.0
2024-06-13 00:00:00-04:00,25.675795856559283,25.856994823840182,25.49459688927838,25.630496978759766,4586700,0.0,0.0
2024-06-14 00:00:00-04:00,25.567076130582457,25.630496978759766,25.33604908893866,25.630496978759766,4649700,0.0,0.0
2024-06-17 00:00:00-04:00,25.52177555566125,25.693914390327247,25.38587720325812,25.5489559173584,9933600,0.0,0.0
2024-06-18 00:00:00-04:00,25.599531379027567,26.105268543194352,25.599531379027567,25.847803115844727,5399800,0.415,0.0
2024-06-20 00:00:00-04:00,25.74665533035,25.99032847135112,25.66389808362288,25.82021713256836,6255800,0.0,0.0
2024-06-21 00:00:00-04:00,25.91216958963953,25.985731391193124,25.746655097681025,25.838607788085938,9724100,0.0,0.0
2024-06-24 00:00:00-04:00,25.89377616842285,26.316757801377925,25.84780070464256,26.142047882080078,4847300,0.0,0.0
2024-06-25 00:00:00-04:00,26.059293344483148,26.08687967792076,25.535165286130482,25.700679779052734,5046200,0.0,0.0
2024-06-26 00:00:00-04:00,25.571944693806586,25.801825538690483,25.4707983146768,25.737459182739258,4066100,0.0,0.0
2024-06-27 00:00:00-04:00,25.783434353809543,26.142047882080078,25.636309011239263,26.142047882080078,5834400,0.0,0.0
2024-06-28 00:00:00-04:00,26.27997694842554,26.390320520758078,25.93055885143373,26.335147857666016,9594600,0.0,0.0
2024-07-01 00:00:00-04:00,26.289174792943374,26.298370237631758,25.57194589191507,25.65470314025879,7503200,0.0,0.0
2024-07-02 00:00:00-04:00,25.599532145507776,25.774242086334393,25.49838400810525,25.535165786743164,5755500,0.0,0.0
2024-07-03 00:00:00-04:00,25.7006785973014,25.82941130638754,25.40642964905196,25.516773223876953,2866900,0.0,0.0
2024-07-05 00:00:00-04:00,25.55355500010249,25.562748690307256,25.31447871619136,25.516773223876953,5528900,0.0,0.0
2024-07-08 00:00:00-04:00,25.544362281959422,25.774243146345427,25.51677594684645,25.5903377532959,3899400,0.0,0.0
2024-07-09 00:00:00-04:00,25.516772747410172,25.553554522948897,25.319075088518506,25.415624618530273,5528600,0.0,0.0
2024-07-10 00:00:00-04:00,25.53516408429766,25.65470134919778,25.36045415511906,25.645505905151367,8415100,0.0,0.0
2024-07-11 00:00:00-04:00,26.004121840928505,27.070768822369615,25.967340063846976,27.033987045288086,10526300,0.0,0.0
2024-07-12 00:00:00-04:00,27.245476415833338,27.39260176714276,27.0385850626813,27.07996368408203,8344600,0.0,0.0
2024-07-15 00:00:00-04:00,27.15352561809371,27.88914360904766,27.070768374879936,27.85236358642578,9542100,0.0,0.0
2024-07-16 00:00:00-04:00,27.97190108613383,28.008681109063225,27.475357622699597,27.833972930908203,7054800,0.0,0.0
2024-07-17 00:00:00-04:00,27.83397437829459,28.413273361906835,27.829375779032006,28.38568878173828,7342100,0.0,0.0
2024-07-18 00:00:00-04:00,28.25695387727191,28.91901185280246,28.155807495117188,28.155807495117188,6279900,0.0,0.0
2024-07-19 00:00:00-04:00,28.137418799973197,28.206382008566994,27.769609759250717,27.870756149291992,5378900,0.0,0.0
2024-07-22 00:00:00-04:00,27.815583677508528,28.07764771399675,27.696046403647063,27.981098175048828,4012200,0.0,0.0
2024-07-23 00:00:00-04:00,27.91673348419889,28.266151635782307,27.76041442205192,27.99949073791504,3706400,0.0,0.0
2024-07-24 00:00:00-04:00,28.045463591169497,28.275344440277443,27.76960727378064,27.77880096435547,3905500,0.0,0.0
2024-07-25 00:00:00-04:00,27.85236472267257,28.519017786860836,27.797192055711506,28.02707290649414,5329200,0.0,0.0
2024-07-26 00:00:00-04:00,28.201779338645075,28.597174633459264,28.146608432393545,28.394878387451172,5112200,0.0,0.0
2024-07-29 00:00:00-04:00,28.486834128674634,28.771887641621362,28.256953281760506,28.70751953125,3466900,0.0,0.0
2024-07-30 00:00:00-04:00,28.71671614458053,28.98337877970495,28.661545230153727,28.89142608642578,5295400,0.0,0.0
2024-07-31 00:00:00-04:00,28.882230913926637,29.236247646384406,28.698325525634996,28.74430274963379,7495300,0.0,0.0
2024-08-01 00:00:00-04:00,29.45233139753689,29.479919482918657,28.367295331789943,28.817861557006836,6204000,0.0,0.0
2024-08-02 00:00:00-04:00,28.679936929744954,29.571874045889775,28.643155149853555,28.964988708496094,6122700,0.0,0.0
2024-08-05 00:00:00-04:00,28.34890653418934,28.81786368166793,28.13741657175342,28.2845401763916,7951600,0.0,0.0
2024-08-06 00:00:00-04:00,28.284540995316746,29.194868983066694,28.284540995316746,28.873035430908203,5381700,0.0,0.0
2024-08-07 00:00:00-04:00,29.020159859505263,29.443141562422923,28.919013471688366,28.946598052978516,6440800,0.0,0.0
2024-08-08 00:00:00-04:00,28.937401946738362,28.983379170924426,28.66614246252179,28.735107421875,3644600,0.0,0.0
2024-08-09 00:00:00-04:00,28.781081803128913,28.845449914553704,28.528213218155354,28.80866813659668,3523100,0.0,0.0
2024-08-12 00:00:00-04:00,28.551201068176805,28.82705914241747,28.3305156610953,28.79947280883789,3117900,0.0,0.0
2024-08-13 00:00:00-04:00,28.98337866241575,28.98981529830369,28.68913144819455,28.90062141418457,2924100,0.0,0.0
2024-08-14 00:00:00-04:00,28.882228128589286,29.23624482690648,28.845448106789,29.066133499145508,2526900,0.0,0.0
2024-08-15 00:00:00-04:00,29.167281637652,29.341991574856493,29.02935347832285,29.204063415527344,4802900,0.0,0.0
2024-08-16 00:00:00-04:00,29.240843825817837,29.42015236455124,28.951195213555923,29.047744750976562,3777100,0.0,0.0
2024-08-19 00:00:00-04:00,29.1121100826882,29.516699107284506,29.085444522012814,29.507505416870117,3468900,0.0,0.0
2024-08-20 00:00:00-04:00,29.49831304873505,29.673021236066443,29.369578577091385,29.41555404663086,3240000,0.0,0.0
2024-08-21 00:00:00-04:00,29.470725040761906,29.68221500737975,29.25003962944088,29.67302131652832,4136100,0.0,0.0
2024-08-22 00:00:00-04:00,29.654629727191935,29.73738697371549,29.489115234144823,29.728193283081055,5544000,0.0,0.0
2024-08-23 00:00:00-04:00,29.847730584460574,30.39944676350621,29.746582442917028,30.252323150634766,2679700,0.0,0.0
2024-08-26 00:00:00-04:00,30.408639169896833,30.58334735664271,30.31668823112605,30.454614639282227,3483400,0.0,0.0
2024-08-27 00:00:00-04:00,30.29829714585175,30.537371689731454,30.24312447832407,30.482202529907227,4226600,0.0,0.0
2024-08-28 00:00:00-04:00,30.48220299778843,30.523579868291712,30.146575403657774,30.44542121887207,4313100,0.0,0.0
2024-08-29 00:00:00-04:00,30.381055597521897,30.574154679967567,30.224734787182364,30.399446487426758,3986700,0.0,0.0
2024-08-30 00:00:00-04:00,30.528177197604457,30.81322720308936,30.40863817495088,30.785642623901367,5545600,0.0,0.0
2024-09-03 00:00:00-04:00,30.675300799446028,30.960350804930933,30.64771622025803,30.785642623901367,5740900,0.0,0.0
2024-09-04 00:00:00-04:00,30.85920614685667,31.107477882402723,30.748860814811746,30.91437530517578,4272200,0.0,0.0
2024-09-05 00:00:00-04:00,31.144258582722195,31.282188504691504,30.67070456243978,30.88679313659668,4597900,0.0,0.0
2024-09-06 00:00:00-04:00,30.997129012287854,31.135058907748757,30.597138629316543,30.776445388793945,5246900,0.0,0.0
2024-09-09 00:00:00-04:00,30.831616874140725,31.24080448521816,30.822423184008933,31.135061264038086,4823500,0.0,0.0
2024-09-10 00:00:00-04:00,31.245404264567483,31.42011244529762,31.061498885654878,31.318967819213867,4454800,0.0,0.0
2024-09-11 00:00:00-04:00,30.99713132102044,31.14885351578744,30.509785067445105,31.125864028930664,6807300,0.0,0.0
2024-09-12 00:00:00-04:00,31.125866005903948,31.250003630490045,30.73047065923557,30.86840057373047,7102800,0.0,0.0
2024-09-13 00:00:00-04:00,31.043107259732416,31.263794410726984,30.937364037068786,31.227012634277344,3787000,0.0,0.0
2024-09-16 00:00:00-04:00,31.392526187034015,31.530456090766716,31.21781801564867,31.300575256347656,8744000,0.0,0.0
2024-09-17 00:00:00-04:00,31.355746823044743,31.420113181015825,30.882192828956033,30.997133255004883,5656000,0.0,0.0
2024-09-18 00:00:00-04:00,31.018557167666966,31.344580178275447,30.75774160185665,30.795001983642578,6176500,0.433,0.0
2024-09-19 00:00:00-04:00,30.953351391916193,30.99992508964062,30.375829722773545,30.5621280670166,4973600,0.0,0.0
2024-09-20 00:00:00-04:00,30.3478920811029,30.813636255066935,30.26405798765553,30.804319381713867,11124300,0.0,0.0
2024-09-23 00:00:00-04:00,30.98129653930664,31.139651383963717,30.85088875743937,30.98129653930664,3663500,0.0,0.0
2024-09-24 00:00:00-04:00,30.906779778979192,31.18156710143056,30.75867278074954,30.850889205932617,5255300,0.0,0.0
2024-09-25 00:00:00-04:00,30.906782612613807,30.953356317749844,30.65528034086409,30.77637481689453,3118000,0.0,0.0
2024-09-26 00:00:00-04:00,30.79500302939548,30.869520242152245,30.515553709856928,30.636648178100586,2803400,0.0,0.0
2024-09-27 00:00:00-04:00,30.869519396948142,31.06978950868302,30.673907721303546,30.850889205932617,3886200,0.0,0.0
2024-09-30 00:00:00-04:00,30.822943552001203,31.074445783197575,30.581689168821477,31.02787208557129,7615600,0.0,0.0
2024-10-01 00:00:00-04:00,31.11170850241506,31.15828220354395,30.515553046590085,30.524869918823242,5449200,0.0,0.0
2024-10-02 00:00:00-04:00,30.319941369841356,30.673907894443076,30.254737477591778,30.524869918823242,3511800,0.0,0.0
2024-10-03 00:00:00-04:00,30.478296205136655,30.487609524020346,30.175561817905137,30.338571548461914,2352300,0.0,0.0
2024-10-04 00:00:00-04:00,30.1243296060947,30.26405426242349,29.924059493807764,30.1988468170166,3421500,0.0,0.0
2024-10-07 00:00:00-04:00,30.087069223960942,30.24542407135661,29.9566614398384,30.1988468170166,2483600,0.0,0.0
2024-10-08 00:00:00-04:00,30.291997897276048,30.357201789606222,30.040495646854396,30.10569953918457,2581600,0.0,0.0
2024-10-09 00:00:00-04:00,30.115015416152456,30.197914966985604,29.947347254745985,30.03118133544922,4125100,0.0,0.0
2024-10-10 00:00:00-04:00,30.040497484220648,30.096388061070215,29.784338558682034,29.96597671508789,2941300,0.0,0.0
2024-10-11 00:00:00-04:00,30.04049292452747,30.329255531068327,30.012549417017016,30.31993865966797,3381900,0.0,0.0
2024-10-14 00:00:00-04:00,30.29199623000156,30.636645863826583,30.180218642637172,30.534181594848633,2654000,0.0,0.0
2024-10-15 00:00:00-04:00,30.645964322070338,30.930068517727754,30.50623966562237,30.571443557739258,5124700,0.0,0.0
2024-10-16 00:00:00-04:00,30.664592156310515,30.962671671920003,30.56213143137579,30.87883758544922,3977600,0.0,0.0
2024-10-17 00:00:00-04:00,30.86952249156985,30.962673455985712,30.673910796315486,30.785688400268555,3045200,0.0,0.0
2024-10-18 00:00:00-04:00,30.888150315785026,30.916093826293945,30.711168826985716,30.916093826293945,3576600,0.0,0.0
2024-10-21 00:00:00-04:00,30.83225804175048,30.9580109387997,30.35254218661535,30.357200622558594,3822500,0.0,0.0
2024-10-22 00:00:00-04:00,30.385145262090933,30.785685487821546,30.338571560962038,30.524869918823242,4203100,0.0,0.0
2024-10-23 00:00:00-04:00,30.543498932502445,30.7623992280499,30.487608361294956,30.590072631835938,3439300,0.0,0.0
2024-10-24 00:00:00-04:00,30.552811195464496,30.706507595965924,30.34322777903191,30.5621280670166,3280900,0.0,0.0
2024-10-25 00:00:00-04:00,30.61801653710374,30.673907109034705,29.844883168792503,29.90077018737793,3824500,0.0,0.0
2024-10-28 00:00:00-04:00,29.993921620538053,30.25939562310338,29.993921620538053,30.142959594726562,3445200,0.0,0.0
2024-10-29 00:00:00-04:00,30.087070200876898,30.296657192175292,29.947349093357033,30.077756881713867,5000600,0.0,0.0
2024-10-30 00:00:00-04:00,30.16158998822846,30.69253799692487,30.138301361058456,30.1988468170166,4583400,0.0,0.0
2024-10-31 00:00:00-04:00,30.049810666584108,30.212823959981783,29.574753202240753,29.584068298339844,5129600,0.0,0.0
2024-11-01 00:00:00-04:00,29.686531908555033,30.217478160833412,29.230101093368397,29.285991668701172,6317500,0.0,0.0
2024-11-04 00:00:00-05:00,29.435027689885004,29.825321831278497,29.41639749934775,29.518861770629883,4448700,0.0,0.0
2024-11-05 00:00:00-05:00,29.379142617379067,29.844886779785156,29.18352914529856,29.844886779785156,3328600,0.0,0.0
2024-11-06 00:00:00-05:00,29.910089751643255,29.984606967579793,28.550115915679356,28.978601455688477,9271500,0.0,0.0
2024-11-07 00:00:00-05:00,29.015858936974343,29.21147239539912,28.755043361305116,28.810932159423828,5265800,0.0,0.0
2024-11-08 00:00:00-05:00,29.015857258869392,29.375411407870963,28.848189097537333,29.23941421508789,4395800,0.0,0.0
2024-11-11 00:00:00-05:00,29.318591360710307,29.32324801996006,29.039143835560903,29.136951446533203,5103800,0.0,0.0
2024-11-12 00:00:00-05:00,29.090378661575322,29.29530722097563,28.90408207091575,29.062435150146484,5025700,0.0,0.0
2024-11-13 00:00:00-05:00,29.332564177178405,29.388452973562757,28.978599431180424,29.16489601135254,3603100,0.0,0.0
2024-11-14 00:00:00-05:00,29.127637011152892,29.28505732611343,28.86681967044003,29.155580520629883,4972300,0.0,0.0
2024-11-15 00:00:00-05:00,29.14626983075624,29.54680830832604,29.127639638309383,29.500234603881836,11472500,0.0,0.0
2024-11-18 00:00:00-05:00,29.462971087592482,29.79365075002348,29.42571248333164,29.705158233642578,4798000,0.0,0.0
2024-11-19 00:00:00-05:00,29.66790271590042,30.13364508931486,29.421057108216516,30.012554168701172,4669400,0.0,0.0
2024-11-20 00:00:00-05:00,29.891457658791953,30.04049563453489,29.761049874185087,29.919401168823242,2542500,0.0,0.0
2024-11-21 00:00:00-05:00,29.96597671595777,30.250080929929414,29.82625560384857,30.15227508544922,2945200,0.0,0.0
2024-11-22 00:00:00-05:00,30.273368098407115,30.36651550198702,29.938031760166375,30.021865844726562,3346500,0.0,0.0
2024-11-25 00:00:00-05:00,30.049811131718826,30.46432669618948,30.031184492578156,30.301313400268555,6375900,0.0,0.0
2024-11-26 00:00:00-05:00,30.23610587648542,30.301309765694377,30.105698098067514,30.161588668823242,3589500,0.0,0.0
2024-11-27 00:00:00-05:00,30.226795005098733,30.622676808301154,30.217478132545782,30.36651611328125,4634200,0.0,0.0
2024-11-29 00:00:00-05:00,30.310625809228075,30.776369892762574,30.273365429742427,30.375829696655273,4689800,0.0,0.0
2024-12-02 00:00:00-05:00,30.357203313437076,30.366516632803613,29.78433823205815,30.003236770629883,6723900,0.0,0.0
2024-12-03 00:00:00-05:00,30.105698891595022,30.217476482707262,29.467629960367052,29.48160171508789,4696200,0.0,0.0
2024-12-04 00:00:00-05:00,29.537493211722644,29.67721787839934,29.341881521051977,29.5933837890625,4076300,0.0,0.0
2024-12-05 00:00:00-05:00,29.50954700120234,29.612011273615874,29.272016510911467,29.48160171508789,3282100,0.0,0.0
2024-12-06 00:00:00-05:00,29.57475089212994,29.723788864728114,29.355850592582037,29.48160171508789,4069300,0.0,0.0
2024-12-09 00:00:00-05:00,29.49557755040783,29.691189238470045,29.062435353501023,29.584068298339844,5842700,0.0,0.0
2024-12-10 00:00:00-05:00,29.435029649576162,29.630641333222254,29.1648971988197,29.285991668701172,4615900,0.0,0.0
2024-12-11 00:00:00-05:00,29.27667538079405,29.462971960966165,29.015858036545726,29.16489601135254,4546700,0.0,0.0
2024-12-12 00:00:00-05:00,29.118321633529447,29.44434286209225,28.95996856689453,28.95996856689453,3738800,0.0,0.0
2024-12-13 00:00:00-05:00,28.959970016072965,29.20215717579105,28.764356558477537,28.997228622436523,3346000,0.0,0.0
2024-12-16 00:00:00-05:00,28.969285234654226,29.21612905496199,28.77367177622945,28.810932159423828,4715400,0.0,0.0
2024-12-17 00:00:00-05:00,28.577586707563267,28.733465318152028,28.341408305021424,28.388643264770508,9310000,0.433,0.0
2024-12-18 00:00:00-05:00,28.34140828173288,28.577586684080654,27.28332824637964,27.311670303344727,6330600,0.0,0.0
2024-12-19 00:00:00-05:00,27.283328213936112,27.557296025244888,26.659817376631285,26.707054138183594,7214100,0.0,0.0
2024-12-20 00:00:00-05:00,26.848758425918167,27.500611262052402,26.829863722981393,27.19830322265625,15157400,0.0,0.0
2024-12-23 00:00:00-05:00,27.07549192086965,27.533678598368052,27.028256961124708,27.37779998779297,6208700,0.0,0.0
2024-12-24 00:00:00-05:00,27.31167101028526,27.63759656527815,27.23609399165365,27.62342643737793,2029800,0.0,0.0
2024-12-26 00:00:00-05:00,27.45337679058092,27.651767584139684,27.32111746280721,27.519506454467773,3147200,0.0,0.0
2024-12-27 00:00:00-05:00,27.387246555070647,27.69900196538618,27.250262653079446,27.340011596679688,3356200,0.0,0.0
2024-12-30 00:00:00-05:00,27.283329404977383,27.453378150192684,26.976298550026012,27.406143188476562,4120400,0.0,0.0
2024-12-31 00:00:00-05:00,27.510060670916374,27.595083236694336,27.25026299085139,27.595083236694336,5769200,0.0,0.0
2025-01-02 00:00:00-05:00,27.77457951795402,27.77457951795402,27.302222717302087,27.38724708557129,5634500,0.0,0.0
2025-01-03 00:00:00-05:00,27.491165024006445,27.93045697463893,27.25498663342546,27.831260681152344,6151900,0.0,0.0
2025-01-06 00:00:00-05:00,27.86905125470441,28.1193997825884,27.700892709275454,27.92573356628418,16990400,0.0,0.0
2025-01-07 00:00:00-05:00,28.001311272350897,28.278113474484343,27.439207314079805,27.63287353515625,6438800,0.0,0.0
2025-01-08 00:00:00-05:00,27.472271925498966,27.613978607747804,26.981020411931325,27.236093521118164,8741200,0.0,0.0
2025-01-10 00:00:00-05:00,26.943232155917183,27.028256523600298,26.43308594981849,26.65036964416504,7473100,0.0,0.0
2025-01-13 00:00:00-05:00,26.716500607455924,27.19830474797557,26.6125815373738,27.141620635986328,5434200,0.0,0.0
2025-01-14 00:00:00-05:00,27.17940935319839,27.425035093214596,27.08493763751553,27.368350982666016,6630400,0.0,0.0
2025-01-15 00:00:00-05:00,27.963523418970993,28.03910043624261,27.042427282168156,27.169963836669922,8143600,0.0,0.0
2025-01-16 00:00:00-05:00,27.160515972318173,27.670662180709368,27.151068620100016,27.66121482849121,4812900,0.0,0.0
2025-01-17 00:00:00-05:00,27.70844790244008,27.887943978575972,27.571464007444316,27.72734260559082,10796200,0.0,0.0
2025-01-21 00:00:00-05:00,27.80292014152736,28.681504033755555,27.80292014152736,28.587032318115234,11045500,0.0,0.0
2025-01-22 00:00:00-05:00,28.341407235955923,28.45666204699066,27.774578730857176,27.821815490722656,5900700,0.0,0.0
2025-01-23 00:00:00-05:00,27.869050915331957,27.883221042579795,27.453376431046365,27.67066192626953,5318400,0.0,0.0
2025-01-24 00:00:00-05:00,27.670661256014224,28.152463589751946,27.642319200306893,27.96352195739746,6600100,0.0,0.0
2025-01-27 00:00:00-05:00,28.218596319912134,28.951693201851683,28.190254262932417,28.861000061035156,6206300,0.0,0.0
2025-01-28 00:00:00-05:00,28.70984524276216,28.90823603240033,28.341407521588916,28.350854873657227,4145400,0.0,0.0
2025-01-29 00:00:00-05:00,28.426432186554198,28.43587953872163,27.7556845978521,28.001310348510742,4102800,0.0,0.0
2025-01-30 00:00:00-05:00,28.275280493412744,28.45194220956353,27.821818363273877,28.190256118774414,5734700,0.0,0.0
2025-01-31 00:00:00-05:00,28.095782470069942,28.289448687526328,27.935181084723315,28.12412452697754,5285600,0.0,0.0
2025-02-03 00:00:00-05:00,27.878498268542533,28.2185957376892,27.604530462419234,28.14301872253418,5964700,0.0,0.0
2025-02-04 00:00:00-05:00,27.916285518385653,28.265830335196597,27.86527197980454,28.152463912963867,3920200,0.0,0.0
2025-02-05 00:00:00-05:00,28.369750066294973,28.44060250518006,28.15246456877873,28.265830993652344,3581700,0.0,0.0
2025-02-06 00:00:00-05:00,28.435879792140394,28.502009456003567,28.143019079932824,28.46422004699707,3478400,0.0,0.0
2025-02-07 00:00:00-05:00,28.464220661802184,28.549245032005068,28.232766833281854,28.445327758789062,5781200,0.0,0.0
2025-02-10 00:00:00-05:00,28.450049089847603,28.483113920814883,28.16191116122004,28.294172286987305,6164000,0.0,0.0
2025-02-11 00:00:00-05:00,28.19970299519106,28.379199094383026,28.020206895999095,28.34140968322754,6094300,0.0,0.0
2025-02-12 00:00:00-05:00,27.916285875170953,28.2185957376892,27.859603564279233,28.14301872253418,5957200,0.0,0.0
2025-02-13 00:00:00-05:00,28.22804133104982,28.818487325943668,28.1052293569471,28.747634887695312,4549600,0.0,0.0
2025-02-14 00:00:00-05:00,28.927132619763047,29.163311031152073,28.690954208374023,28.690954208374023,4791000,0.0,0.0
2025-02-18 00:00:00-05:00,28.643715794690834,28.84682936093516,28.51145646854036,28.68150520324707,4435800,0.0,0.0
2025-02-19 00:00:00-05:00,28.53035171922001,28.8987894502086,28.426432645598325,28.794870376586914,6814700,0.0,0.0
2025-02-20 00:00:00-05:00,28.77597585601058,29.08773307886978,28.738188248387118,29.059391021728516,4581900,0.0,0.0
2025-02-21 00:00:00-05:00,29.16330958226703,29.67345398853534,29.012153748741326,29.550642013549805,8772100,0.0,0.0
2025-02-24 00:00:00-05:00,29.550643171441116,30.38199037796735,29.238887743756496,30.18360137939453,11643300,0.0,0.0
2025-02-25 00:00:00-05:00,30.381989535115355,30.925200581296863,30.381989535115355,30.816556930541992,7878900,0.0,0.0
2025-02-26 00:00:00-05:00,30.816557745342934,30.882687411447808,30.448120004531052,30.589828491210938,4759300,0.0,0.0
2025-02-27 00:00:00-05:00,30.589827962464,30.712638138080834,30.306414597799563,30.542593002319336,6158900,0.0,0.0
2025-02-28 00:00:00-05:00,30.712637667503714,30.892135558618218,30.481183843683663,30.69374656677246,9669100,0.0,0.0
2025-03-03 00:00:00-05:00,30.693746101094035,31.11886433322903,30.637061988371073,30.844900131225586,6389700,0.0,0.0
2025-03-04 00:00:00-05:00,30.92047445941592,31.10941789262168,30.391433567199044,30.400882720947266,6886900,0.0,0.0
2025-03-05 00:00:00-05:00,30.28751991226434,30.71263815763341,30.203439737103224,30.608722686767578,5401900,0.0,0.0
2025-03-06 00:00:00-05:00,30.45756857838415,30.570933203289062,30.013552025461614,30.20249366760254,12094200,0.0,0.0
2025-03-07 00:00:00-05:00,30.183599897976425,30.95826475287516,30.122193010142304,30.844900131225586,10923700,0.0,0.0
2025-03-10 00:00:00-04:00,30.939368284251053,32.14860045634442,30.77876871305571,30.83544921875,11500800,0.0,0.0
2025-03-11 00:00:00-04:00,31.02439463079971,31.14720840731897,30.419778506083905,30.56148338317871,12071400,0.0,0.0
2025-03-12 00:00:00-04:00,30.46701286916468,30.58037748938233,30.05606296755394,30.315858840942383,10598000,0.0,0.0
2025-03-13 00:00:00-04:00,30.268624907805993,30.710749464283676,29.749031341536224,29.805713653564453,10462200,0.0,0.0
2025-03-14 00:00:00-04:00,29.95686621648709,30.467012405395508,29.76792458503436,30.467012405395508,8509000,0.0,0.0
2025-03-17 00:00:00-04:00,30.56148363507889,30.859070726643925,30.542592534347637,30.69374656677246,7986600,0.0,0.0
2025-03-18 00:00:00-04:00,30.674852429048997,30.94881664027122,30.570933354124907,30.873241424560547,7089800,0.0,0.0
2025-03-19 00:00:00-04:00,30.87324186077419,30.939371526879064,30.542593530249814,30.589828491210938,7773100,0.0,0.0
2025-03-20 00:00:00-04:00,30.67887832354904,30.741115680072845,30.420348019106385,30.650150299072266,6805500,0.433,0.0
2025-03-21 00:00:00-04:00,30.583124442267003,30.774626940281145,30.137878440561256,30.190542221069336,14681100,0.0,0.0
2025-03-24 00:00:00-04:00,30.305443373110645,30.698027420868517,30.238417407448758,30.611848831176758,5507000,0.0,0.0
2025-03-25 00:00:00-04:00,30.678878499600057,30.678878499600057,30.075641119105512,30.295869827270508,7513400,0.0,0.0
2025-03-26 00:00:00-04:00,30.410770762304995,30.602273259353623,30.2767188317389,30.544822692871094,4999300,0.0,0.0
2025-03-27 00:00:00-04:00,30.554399109956567,30.975705713296755,30.468222344200473,30.525672912597656,4603900,0.0,0.0
2025-03-28 00:00:00-04:00,30.75547786599054,30.75547786599054,30.354279041771882,30.650150299072266,4731100,0.0,0.0
2025-03-31 00:00:00-04:00,30.640575633392377,31.425740091786757,30.640575633392377,31.234235763549805,9749700,0.0,0.0
2025-04-01 00:00:00-04:00,31.43531710021652,31.483192268785057,30.520885674200144,31.06188201904297,7166600,0.0,0.0
2025-04-02 00:00:00-04:00,30.985282090487413,31.052308056169334,30.611848840327195,30.82250213623047,5937700,0.0,0.0
2025-04-03 00:00:00-04:00,30.822502976583586,31.34914079650164,30.247993640034608,30.315019607543945,10232300,0.0,0.0
2025-04-04 00:00:00-04:00,30.133090884035116,30.36289498549826,29.17078609501315,29.290475845336914,11169000,0.0,0.0
2025-04-07 00:00:00-04:00,28.505310567369975,29.41495154825213,27.911648619011856,28.49573516845703,12740200,0.0,0.0
2025-04-08 00:00:00-04:00,29.185146476817405,29.185146476817405,27.87334791708532,28.160602569580078,9788800,0.0,0.0
2025-04-09 00:00:00-04:00,27.75844771264132,29.58730701978636,27.413740634412274,29.48198127746582,12178200,0.0,0.0
2025-04-10 00:00:00-04:00,29.39580314950034,29.66199303497654,28.332957591623043,28.802141189575195,11207800,0.0,0.0
2025-04-11 00:00:00-04:00,28.86916828011041,29.807535512522033,28.36168489233714,29.730934143066406,11221100,0.0,0.0
2025-04-14 00:00:00-04:00,29.970312375329655,30.47301078145247,29.77880987300154,30.24799346923828,7669900,0.0,0.0
2025-04-15 00:00:00-04:00,30.3533219214994,30.784205760416853,30.12351598986297,30.688451766967773,6220600,0.0,0.0
2025-04-16 00:00:00-04:00,30.851231729510527,31.1863615749789,30.516100057721474,30.688451766967773,6785700,0.0,0.0
2025-04-17 00:00:00-04:00,30.84165394872353,31.435317739498338,30.80239536001223,31.157636642456055,8361700,0.0,0.0
2025-04-21 00:00:00-04:00,31.052306424322012,31.234233514092224,30.41555613116478,30.784202575683594,8179100,0.0,0.0
2025-04-22 00:00:00-04:00,31.109762058761255,31.71299578110654,31.033158863938212,31.56937026977539,5885400,0.0,0.0
2025-04-23 00:00:00-04:00,31.7991721653492,32.03568069123876,30.9517703355299,31.32999038696289,6592900,0.0,0.0
2025-04-24 00:00:00-04:00,31.4544651458865,31.48319316996292,30.985283366787197,31.08103370666504,5595900,0.0,0.0
2025-04-25 00:00:00-04:00,31.200724569065223,31.200724569065223,30.698029787840767,30.851232528686523,5568900,0.0,0.0
2025-04-28 00:00:00-04:00,30.832078806870204,30.975704308187748,30.592699318699847,30.870380401611328,5523100,0.0,0.0
2025-04-29 00:00:00-04:00,30.717180296126767,30.985284176907463,30.573551129913437,30.889530181884766,6234500,0.0,0.0
2025-04-30 00:00:00-04:00,30.9852833658301,31.023584962836587,30.348533013002235,30.659727096557617,13347700,0.0,0.0
2025-05-01 00:00:00-04:00,30.73632832442266,30.79856933613368,30.008616204576704,30.17139434814453,8722400,0.0,0.0
2025-05-02 00:00:00-04:00,30.43949835136817,30.611850058701158,30.123515655456032,30.343746185302734,6370900,0.0,0.0
2025-05-05 00:00:00-04:00,30.334169903535624,30.736325701933126,30.133090178016268,30.535247802734375,5810200,0.0,0.0
2025-05-06 00:00:00-04:00,30.429923122606763,30.492160478525406,30.171392820677926,30.200119018554688,5272400,0.0,0.0
2025-05-07 00:00:00-04:00,30.171392273406703,30.55439910654623,30.152241475169564,30.315019607543945,4325900,0.0,0.0
2025-05-08 00:00:00-04:00,30.39162131407079,30.49694887923238,30.17617939729511,30.238418579101562,4434900,0.0,0.0
2025-05-09 00:00:00-04:00,30.247992841906417,30.639618071815367,30.171391477299725,30.50652313232422,4477500,0.0,0.0
2025-05-12 00:00:00-04:00,30.53524796270664,30.53524796270664,29.927223822964063,30.180967330932617,7507800,0.0,0.0
2025-05-13 00:00:00-04:00,30.180968009011714,30.238418578043,29.83626094218269,30.02776527404785,6201800,0.0,0.0
2025-05-14 00:00:00-04:00,29.89371163965488,29.946375422460108,29.577730769144193,29.778810501098633,4917500,0.0,0.0
2025-05-15 00:00:00-04:00,29.92243699945288,30.295868428783457,29.884135403459684,30.286293029785156,4235600,0.0,0.0
2025-05-16 00:00:00-04:00,30.31502149546917,30.769841110841753,30.21926932464098,30.736328125,5674900,0.0,0.0
2025-05-19 00:00:00-04:00,30.688448592140595,30.8320777411346,30.61663584396409,30.784202575683594,4508900,0.0,0.0
2025-05-20 00:00:00-04:00,30.64057765893631,30.765056028415355,30.525674689134167,30.563976287841797,4050900,0.0,0.0
2025-05-21 00:00:00-04:00,30.55439944719605,30.621425415452656,29.989463677146553,30.02776527404785,7719000,0.0,0.0
2025-05-22 00:00:00-04:00,30.037341355046937,30.037341355046937,29.69263428039391,29.874563217163086,5617800,0.0,0.0
2025-05-23 00:00:00-04:00,29.941590362837008,30.2192696522967,29.70221084633141,30.133092880249023,5210400,0.0,0.0
2025-05-27 00:00:00-04:00,30.34374495933321,30.525672058554463,30.180966831494846,30.401195526123047,5866100,0.0,0.0
2025-05-28 00:00:00-04:00,30.362893921385886,30.420346314478657,30.08042787378907,30.190542221069336,4505600,0.0,0.0
2025-05-29 00:00:00-04:00,30.123514772207024,30.4490710314915,30.003825024714807,30.324594497680664,4336000,0.0,0.0
2025-05-30 00:00:00-04:00,30.27671912084118,30.49694781639425,30.09957698082099,30.36289405822754,10946900,0.0,0.0
2025-06-02 00:00:00-04:00,30.27672177775178,30.42034912109375,29.90807710650424,30.42034912109375,4294000,0.0,0.0
2025-06-03 00:00:00-04:00,30.372469837962292,30.55439876654938,30.171391937671793,30.391620635986328,4270600,0.0,0.0
2025-06-04 00:00:00-04:00,30.39162213042157,30.468223499963777,30.04691505432129,30.04691505432129,4155400,0.0,0.0
2025-06-05 00:00:00-04:00,30.085214995760023,30.219266928497806,29.797960332373176,30.113941192626953,6945400,0.0,0.0
2025-06-06 00:00:00-04:00,30.305446424344375,30.410773996029487,29.951165762655727,30.133092880249023,3903900,0.0,0.0
2025-06-09 00:00:00-04:00,30.11394212345983,30.71717949206735,30.06606512720172,30.659727096557617,5213100,0.0,0.0
2025-06-10 00:00:00-04:00,30.736325335880437,31.08582100163701,30.659725797753698,31.07145881652832,4479100,0.0,0.0
2025-06-11 00:00:00-04:00,31.066672409107635,31.44489247192826,30.913469669338394,31.10018539428711,7661100,0.0,0.0
2025-06-12 00:00:00-04:00,31.109760756261082,31.234235463674974,30.9278300024941,31.20551109313965,5234300,0.0,0.0
2025-06-13 00:00:00-04:00,31.224661407706016,31.262963002921044,30.56588931110038,30.755475997924805,5540400,0.0,0.0
2025-06-16 00:00:00-04:00,30.927832335040346,31.167211847931743,30.69803004814384,30.774629592895508,4116500,0.0,0.0
2025-06-17 00:00:00-04:00,30.803352269172326,30.97092084108104,30.563974595784856,30.94698143005371,6005700,0.0,0.0
2025-06-18 00:00:00-04:00,30.979009470494386,31.454564217165053,30.847989001852365,31.376924514770508,8034400,0.433,0.0
2025-06-20 00:00:00-04:00,31.44485993222399,31.716604437826916,31.30898397718131,31.31869125366211,13667000,0.0,0.0
2025-06-23 00:00:00-04:00,31.42544751605504,31.881589527417205,31.34780411704129,31.842771530151367,4902900,0.0,0.0
2025-06-24 00:00:00-04:00,31.83306425415413,31.978643776184395,31.72630643163074,31.842771530151367,3630600,0.0,0.0
2025-06-25 00:00:00-04:00,31.706896018949116,31.706896018949116,31.308982849121094,31.308982849121094,5025800,0.0,0.0
2025-06-26 00:00:00-04:00,31.386628346631678,31.4836789009811,31.037240427387623,31.24104881286621,5841700,0.0,0.0
2025-06-27 00:00:00-04:00,31.24104886355313,31.575879570412148,31.124587457696602,31.32839584350586,7585300,0.0,0.0
2025-06-30 00:00:00-04:00,31.32354375306831,31.653520798835366,30.930482370313882,31.638959884643555,6433900,0.0,0.0
2025-07-01 00:00:00-04:00,31.638960343097946,32.21642110711807,31.483677242971666,32.00775909423828,5886800,0.0,0.0
2025-07-02 00:00:00-04:00,32.007759962061,32.40081951004737,31.833066006902335,32.328033447265625,5730100,0.0,0.0
2025-07-03 00:00:00-04:00,32.28921304420365,32.5803684137638,32.22127691471432,32.444496154785156,2842800,0.0,0.0
2025-07-07 00:00:00-04:00,32.39597148084607,32.50272931553137,31.80395345376685,31.91071128845215,4780700,0.0,0.0
2025-07-08 00:00:00-04:00,31.81365364329039,32.18730602492803,31.653520610543897,32.03687286376953,6717600,0.0,0.0
2025-07-09 00:00:00-04:00,32.07569587593273,32.11451757731949,31.765129669321045,31.97864532470703,6627800,0.0,0.0
2025-07-10 00:00:00-04:00,31.90100187935282,32.79873243483649,31.881591028685346,32.63859939575195,7698700,0.0,0.0
2025-07-11 00:00:00-04:00,32.405673324972724,32.61918898293979,32.245536581497426,32.43478775024414,6933500,0.0,0.0
2025-07-14 00:00:00-04:00,32.43478406058768,32.64829969426602,32.25038655110964,32.60947799682617,6614000,0.0,0.0
2025-07-15 00:00:00-04:00,32.55125106209042,32.68712330885819,32.07569449616218,32.10481262207031,5139700,0.0,0.0
2025-07-16 00:00:00-04:00,32.1242219862257,32.342591285519205,31.871888325137807,32.0562858581543,6522800,0.0,0.0
2025-07-17 00:00:00-04:00,32.00775945840749,32.177599772627794,31.82821186780821,31.87188720703125,3712600,0.0,0.0
2025-07-18 00:00:00-04:00,31.96893655812721,32.0514335952891,31.73601376514588,31.930118560791016,6092000,0.0,0.0
2025-07-21 00:00:00-04:00,32.06599195504104,32.172749781579874,31.76512932590807,31.7845401763916,5135900,0.0,0.0
2025-07-22 00:00:00-04:00,31.862187518730096,32.5658133501301,31.78454410719379,32.46390914916992,5535900,0.0,0.0
2025-07-23 00:00:00-04:00,32.42508464741133,32.56095690364207,32.28921239118059,32.473609924316406,5711300,0.0,0.0
2025-07-24 00:00:00-04:00,32.34744346136108,32.633745173540184,32.27950363412011,32.42508316040039,5170600,0.0,0.0
2025-07-25 00:00:00-04:00,32.42508381581724,32.51243079290274,31.881591102591727,32.39596939086914,5276400,0.0,0.0
2025-07-28 00:00:00-04:00,32.30862106658288,32.44449331366337,31.527351943629004,31.53220558166504,6285900,0.0,0.0
2025-07-29 00:00:00-04:00,31.63896005332912,31.949526250737325,31.551613078917995,31.9010009765625,5425100,0.0,0.0
2025-07-30 00:00:00-04:00,31.901000988691855,32.1824527621504,31.46426611647017,31.57102394104004,5558200,0.0,0.0
2025-07-31 00:00:00-04:00,31.901000806479843,32.0756947543707,31.483676786767358,31.638959884643555,8836900,0.0,0.0
2025-08-01 00:00:00-04:00,31.988346871747563,32.26979863560344,31.65836983535401,32.13392639160156,8682400,0.0,0.0
2025-08-04 00:00:00-04:00,32.2309765857481,32.97827762186285,32.187304951611985,32.929752349853516,7436100,0.0,0.0
2025-08-05 00:00:00-04:00,33.00739415734395,33.00739415734395,32.46390515246649,32.53184127807617,7546700,0.0,0.0
2025-08-06 00:00:00-04:00,32.706534227448024,32.72594507734722,31.978644016313012,32.03687286376953,6687100,0.0,0.0
2025-08-07 00:00:00-04:00,32.14363068709457,32.221274086691345,31.871886192987972,32.03687286376953,6726100,0.0,0.0
2025-08-08 00:00:00-04:00,32.07569438084409,32.2212739031382,31.90100043498757,31.930118560791016,4523700,0.0,0.0
2025-08-11 00:00:00-04:00,31.930121433483652,32.10481539505706,31.823363601161976,31.85247802734375,6093700,0.0,0.0
2025-08-12 00:00:00-04:00,31.91070825274213,32.007758801091775,31.706896177622095,31.9010009765625,6122800,0.0,0.0
2025-08-13 00:00:00-04:00,32.02717208862305,32.11937270814087,31.891299829696603,32.02717208862305,8763900,0.0,0.0
2025-08-14 00:00:00-04:00,31.842775013057388,31.891300291628074,31.60984849278008,31.648670196533203,5101100,0.0,0.0
2025-08-15 00:00:00-04:00,31.706896847637836,31.72630769816617,31.512795746836886,31.54191017150879,8748200,0.0,0.0
2025-08-18 00:00:00-04:00,31.551614242381316,31.628287658511503,31.24202172296776,31.250755310058594,4895300,0.0,0.0
2025-08-19 00:00:00-04:00,31.328395169245336,31.687490358123174,31.304134382261434,31.51279640197754,9386300,0.0,0.0
2025-08-20 00:00:00-04:00,31.64867038768631,32.15819136911809,31.580734256828737,31.998058319091797,11515600,0.0,0.0
2025-08-21 00:00:00-04:00,31.77483606000939,32.19215638043932,31.77483606000939,31.98834800720215,9296800,0.0,0.0
2025-08-22 00:00:00-04:00,32.124223307553336,32.59007635097767,32.124223307553336,32.415382385253906,11904700,0.0,0.0
2025-08-25 00:00:00-04:00,32.366852563320236,32.6288935050986,32.347445414069725,32.51243209838867,9778100,0.0,0.0
2025-08-26 00:00:00-04:00,32.50273085493807,32.64345305942477,32.28921517545487,32.46390914916992,10022400,0.0,0.0
2025-08-27 00:00:00-04:00,32.6288896200204,32.890930530597906,32.59977519736987,32.75505828857422,8722000,0.0,0.0
2025-08-28 00:00:00-04:00,32.7647667860929,32.76865043740906,32.376560850861026,32.52213668823242,7280200,0.0,0.0
2025-08-29 00:00:00-04:00,32.60947812120068,32.91519436190449,32.531838428265694,32.78417205810547,7845500,0.0,0.0
2025-09-02 00:00:00-04:00,32.5318411684161,32.75020675681955,32.20186411560658,32.357147216796875,6309000,0.0,0.0
2025-09-03 00:00:00-04:00,32.39597153325777,32.51728658155252,32.26980284640362,32.415382385253906,7174400,0.0,0.0
2025-09-04 00:00:00-04:00,32.61918993047335,32.83270559464269,32.376559840186864,32.51243209838867,7529300,0.0,0.0
2025-09-05 00:00:00-04:00,32.56095272614678,32.82299363050452,32.49301660674745,32.60947799682617,5766400,0.0,0.0
2025-09-08 00:00:00-04:00,32.52213455100526,32.65801050676074,32.18245391721966,32.328033447265625,10604700,0.0,0.0
2025-09-09 00:00:00-04:00,32.318328765326086,32.35715047008721,32.01746980903124,32.14363479614258,9045900,0.0,0.0
2025-09-10 00:00:00-04:00,32.15334040126522,32.32803436136347,32.04658256984502,32.16304397583008,6106700,0.0,0.0
2025-09-11 00:00:00-04:00,32.12422339912169,32.400821561932496,32.1048162493117,32.172752380371094,7248200,0.0,0.0
2025-09-12 00:00:00-04:00,32.21156757994119,32.32803268211793,32.06599175558198,32.18245315551758,5162300,0.0,0.0
2025-09-15 00:00:00-04:00,32.1727487454542,32.26009571869648,32.041726434470235,32.10481262207031,6068200,0.0,0.0
2025-09-16 00:00:00-04:00,32.114518868623335,32.187308636090044,31.653523178403127,31.677783966064453,7867000,0.0,0.0
2025-09-17 00:00:00-04:00,31.736014134716857,32.11451645440002,31.566173824889937,31.638959884643555,11692300,0.0,0.0
2025-09-18 00:00:00-04:00,31.638963632558085,31.737372588572654,31.47166390246007,31.609437942504883,6776900,0.45,0.0
2025-09-19 00:00:00-04:00,31.60943708014052,31.638962769388204,31.284684530903466,31.33388900756836,19309100,0.0,0.0
2025-09-22 00:00:00-04:00,31.41261757880064,31.41261757880064,30.91072402877951,30.93040657043457,9556000,0.0,0.0
2025-09-23 00:00:00-04:00,30.93040637263471,31.42245864868164,30.93040637263471,31.42245864868164,10957700,0.0,0.0
2025-09-24 00:00:00-04:00,31.363414122332625,31.530711977783934,31.146909911142377,31.383094787597656,12409000,0.0,0.0
2025-09-25 00:00:00-04:00,31.427379718657786,31.673407744461052,31.38801651091004,31.530712127685547,9043200,0.0,0.0
2025-09-26 00:00:00-04:00,31.668485269924787,32.07196799227744,31.614359218408854,31.953876495361328,7786000,0.0,0.0
2025-09-29 00:00:00-04:00,31.98339851083879,32.180220175563846,31.825941929870943,32.04244613647461,10006700,0.0,0.0
2025-09-30 00:00:00-04:00,32.0030823514863,32.1457779703514,31.698008571078716,32.091651916503906,13903600,0.0,0.0
2025-10-01 00:00:00-04:00,32.20974365067041,32.47545234763843,32.07196960499689,32.38688278198242,6902200,0.0,0.0
2025-10-02 00:00:00-04:00,32.30815368770259,32.47544965671219,31.96863642181021,32.22942352294922,5321500,0.0,0.0
2025-10-03 00:00:00-04:00,32.219584038898695,32.4803711393053,32.111331939697266,32.111331939697266,4206300,0.0,0.0
2025-10-06 00:00:00-04:00,32.003081421810485,32.06507974011567,31.658642566053953,31.7275333404541,6579100,0.0,0.0
2025-10-07 00:00:00-04:00,31.737371849453847,31.816102015680816,31.225637031161387,31.481504440307617,8514300,0.0,0.0
2025-10-08 00:00:00-04:00,31.39293503714558,31.471663326735335,30.866439248570867,30.93040657043457,9575700,0.0,0.0
2025-10-09 00:00:00-04:00,31.028816991036265,31.097704008886822,30.261214769921914,30.487558364868164,9397700,0.0,0.0
2025-10-10 00:00:00-04:00,30.664698098157107,30.704063181735496,30.34486336368946,30.467876434326172,7893800,0.0,0.0
2025-10-13 00:00:00-04:00,30.36454650916438,30.605652958299256,30.320261727773506,30.418672561645508,6242000,0.0,0.0
2025-10-14 00:00:00-04:00,30.438355295528016,30.75326846427733,30.408831482071314,30.625335693359375,5394800,0.0,0.0
2025-10-15 00:00:00-04:00,30.566287577818645,30.881200741533814,30.487559286889855,30.792633056640625,6211700,0.0,0.0
2025-10-16 00:00:00-04:00,30.841837673600857,30.974692017085243,30.0643941547731,30.241533279418945,8571100,0.0,0.0
2025-10-17 00:00:00-04:00,30.38914935450736,30.556447212317472,30.08407745274677,30.369468688964844,7112200,0.0,0.0
2025-10-20 00:00:00-04:00,30.50724236369943,30.77295105412866,30.39899025788814,30.713903427124023,9732000,0.0,0.0
2025-10-21 00:00:00-04:00,30.67453895505848,30.80247172090062,30.566286853709418,30.69422149658203,8782000,0.0,0.0
2025-10-22 00:00:00-04:00,30.772951126098633,31.018977274768375,30.704064104795993,30.772951126098633,11718200,0.0,0.0
2025-10-23 00:00:00-04:00,30.881201473924637,31.078023144429775,30.640096898437932,30.92056655883789,8748100,0.0,0.0
2025-10-24 00:00:00-04:00,31.009134652836966,31.186273772487986,30.69422149658203,30.69422149658203,5885100,0.0,0.0
2025-10-27 00:00:00-04:00,30.625335542798734,30.68438129239131,30.389148790367347,30.477718353271484,7498800,0.0,0.0
2025-10-28 00:00:00-04:00,30.389147642221708,30.389147642221708,29.82328865285818,29.87741470336914,14329800,0.0,0.0
2025-10-29 00:00:00-04:00,29.759322685275226,29.798687769993965,29.036005208328117,29.227907180786133,18979500,0.0,0.0
2025-10-30 00:00:00-04:00,29.282031200440898,29.41488554511172,28.90315258571328,29.05076789855957,11161200,0.0,0.0
2025-10-31 00:00:00-04:00,28.82442404757586,29.73472003321316,28.499667734244568,29.513296127319336,12147600,0.0,0.0
2025-11-03 00:00:00-05:00,29.326316451215735,29.710118523193533,29.227907492430703,29.61170768737793,10116700,0.0,0.0
2025-11-04 00:00:00-05:00,29.78884567352794,29.82328918318732,29.51329571922242,29.769163131713867,9400200,0.0,0.0
2025-11-05 00:00:00-05:00,29.89709647145615,29.995507305378876,29.582183304527845,29.6904354095459,10367500,0.0,0.0
2025-11-06 00:00:00-05:00,29.64123060843071,29.818367855126695,29.282030786968352,29.3066349029541,7974500,0.0,0.0
2025-11-07 00:00:00-05:00,29.44440877877694,29.89217628257879,29.375521759273656,29.85773277282715,8660800,0.0,0.0
2025-11-10 00:00:00-05:00,29.74948074880936,30.10080642624215,29.59202416751671,29.94630241394043,9783900,0.0,0.0
2025-11-11 00:00:00-05:00,30.15296299016237,30.271056362756088,30.02503022379711,30.14312171936035,4521400,0.0,0.0
2025-11-12 00:00:00-05:00,30.07423530468042,30.17264613764624,29.916778722747317,30.093917846679688,11100100,0.0,0.0
2025-11-13 00:00:00-05:00,30.01518882124605,30.339943248165195,29.882334481547694,29.965984344482422,7300300,0.0,0.0
2025-11-14 00:00:00-05:00,30.05455382248484,30.11359956984659,29.64614953374248,29.87741470336914,10511900,0.0,0.0
2025-11-17 00:00:00-05:00,29.87741511702292,29.91677832346558,29.478852093494474,29.65106964111328,9006300,0.0,0.0
2025-11-18 00:00:00-05:00,29.242667384066987,29.43456747447444,28.85886720325207,29.099971771240234,11020300,0.0,0.0
2025-11-19 00:00:00-05:00,29.03108438496512,29.09308270166435,28.657125479797962,28.686647415161133,9288400,0.0,0.0
2025-11-20 00:00:00-05:00,28.824423659114746,28.943498719961504,28.293006292131377,28.34221076965332,17181400,0.0,0.0
2025-11-21 00:00:00-05:00,28.450462259450283,28.612840410427882,28.25364059954358,28.361892700195312,23203000,0.0,0.0
2025-11-24 00:00:00-05:00,28.430780902265276,28.534113310387095,28.12078930899143,28.26348304748535,21901100,0.0,0.0
2025-11-25 00:00:00-05:00,28.401259002271715,28.504589533495068,28.16507412646239,28.293006896972656,15698900,0.0,0.0
2025-11-26 00:00:00-05:00,28.34221080637091,28.612841064183694,28.26840408999238,28.371734619140625,10995800,0.0,0.0
2025-11-28 00:00:00-05:00,28.371733970893693,28.51442958047453,28.33237076513063,28.361892700195312,6014300,0.0,0.0
2025-12-01 00:00:00-05:00,28.169993054755913,28.169993054755913,27.928886611450615,28.135549545288086,14828700,0.0,0.0
2025-12-02 00:00:00-05:00,28.194595821132992,28.229039331245556,27.727145770566118,27.99777603149414,23515100,0.0,0.0
2025-12-03 00:00:00-05:00,27.94856952420535,28.184754396704886,27.668099870797747,27.85015869140625,12220800,0.0,0.0
2025-12-04 00:00:00-05:00,27.771430154543328,27.83539747685063,27.49588207758357,27.554927825927734,13809900,0.0,0.0
2025-12-05 00:00:00-05:00,27.515562500106608,27.741907974655806,27.225253457874217,27.28921890258789,16346500,0.0,0.0
2025-12-08 00:00:00-05:00,27.43683501936293,27.545087124423684,27.24493492550471,27.476200103759766,15862900,0.0,0.0
2025-12-09 00:00:00-05:00,27.505723143641497,27.673020993562822,27.19080810841334,27.318742752075195,21776500,0.0,0.0
2025-12-10 00:00:00-05:00,27.33842529372017,27.456516789529058,27.279377668785244,27.318742752075195,14648300,0.0,0.0
2025-12-11 00:00:00-05:00,27.35810627762486,27.6927019813725,27.348266883718022,27.67302131652832,12216400,0.0,0.0
2025-12-12 00:00:00-05:00,27.840319610547482,28.361893839296496,27.840319610547482,28.204437255859375,11927400,0.0,0.0
2025-12-15 00:00:00-05:00,28.263482963119355,28.312689318513943,27.62381535923393,28.1453914642334,14537200,0.0,0.0
2025-12-16 00:00:00-05:00,28.155233115615324,28.263483344884534,27.830478673746576,27.860000610351562,16615600,0.0,0.0
2025-12-17 00:00:00-05:00,27.899999618530273,28.395000457763672,27.8799991607666,28.389999389648438,28634600,0.45,0.0
2025-12-18 00:00:00-05:00,28.34000015258789,28.389999389648438,28.049999237060547,28.100000381469727,16031700,0.0,0.0
2025-12-19 00:00:00-05:00,28.18000030517578,28.18000030517578,27.649999618530273,27.700000762939453,24121100,0.0,0.0
2025-12-22 00:00:00-05:00,27.639999389648438,27.899999618530273,27.559999465942383,27.860000610351562,14371500,0.0,0.0
2025-12-23 00:00:00-05:00,27.860000610351562,27.8799991607666,27.59000015258789,27.760000228881836,12408200,0.0,0.0
2025-12-24 00:00:00-05:00,27.799999237060547,28.0,27.790000915527344,27.959999084472656,5211500,0.0,0.0
2025-12-26 00:00:00-05:00,27.950000762939453,28.149999618530273,27.8799991607666,28.1299991607666,4764100,0.0,0.0
2025-12-29 00:00:00-05:00,28.219999313354492,28.309999465942383,28.1299991607666,28.299999237060547,6431100,0.0,0.0
2025-12-30 00:00:00-05:00,28.229999542236328,28.399999618530273,28.229999542236328,28.34000015258789,6629900,0.0,0.0
2025-12-31 00:00:00-05:00,28.290000915527344,28.299999237060547,28.09000015258789,28.1200008392334,7817600,0.0,0.0
2026-01-02 00:00:00-05:00,28.15999984741211,28.256000518798828,27.760000228881836,28.149999618530273,8304000,0.0,0.0
2026-01-05 00:00:00-05:00,28.100000381469727,28.450000762939453,27.735000610351562,28.1299991607666,20166300,0.0,0.0
2026-01-06 00:00:00-05:00,28.030000686645508,28.075000762939453,27.604999542236328,27.850000381469727,23564800,0.0,0.0
2026-01-07 00:00:00-05:00,28.0,28.10300064086914,27.545000076293945,27.559999465942383,10672900,0.0,0.0
2026-01-08 00:00:00-05:00,27.5,28.21500015258789,27.479999542236328,27.860000610351562,8847800,0.0,0.0
2026-01-09 00:00:00-05:00,27.920000076293945,28.06999969482422,27.760000228881836,27.760000228881836,11313200,0.0,0.0
2026-01-12 00:00:00-05:00,27.790000915527344,27.979999542236328,27.700000762939453,27.889999389648438,9322100,0.0,0.0
2026-01-13 00:00:00-05:00,27.90999984741211,27.979999542236328,27.559999465942383,27.809999465942383,9092500,0.0,0.0
2026-01-14 00:00:00-05:00,27.829999923706055,28.165000915527344,27.829999923706055,28.149999618530273,8145200,0.0,0.0
2026-01-15 00:00:00-05:00,28.200000762939453,28.545000076293945,28.1200008392334,28.420000076293945,9238000,0.0,0.0
2026-01-16 00:00:00-05:00,28.459999084472656,28.9950008392334,28.399999618530273,28.979999542236328,9501800,0.0,0.0
2026-01-20 00:00:00-05:00,28.829999923706055,28.979999542236328,28.56599998474121,28.81999969482422,11476600,0.0,0.0
2026-01-21 00:00:00-05:00,28.8700008392334,28.951000213623047,28.2549991607666,28.3700008392334,12269300,0.0,0.0
2026-01-22 00:00:00-05:00,28.329999923706055,28.600000381469727,28.139999389648438,28.190000534057617,7437500,0.0,0.0
2026-01-23 00:00:00-05:00,28.209999084472656,28.600000381469727,28.18000030517578,28.540000915527344,9379000,0.0,0.0
2026-01-26 00:00:00-05:00,28.649999618530273,28.719999313354492,28.413000106811523,28.510000228881836,7061700,0.0,0.0
2026-01-27 00:00:00-05:00,28.530000686645508,28.625,28.31999969482422,28.5,7979600,0.0,0.0
2026-01-28 00:00:00-05:00,28.479999542236328,28.614999771118164,27.81999969482422,27.889999389648438,9103500,0.0,0.0
2026-01-29 00:00:00-05:00,28.010000228881836,28.34000015258789,27.920000076293945,28.110000610351562,13547300,0.0,0.0
2026-01-30 00:00:00-05:00,27.860000610351562,28.079999923706055,27.579999923706055,28.079999923706055,15623900,0.0,0.0
2026-02-02 00:00:00-05:00,27.959999084472656,28.190000534057617,27.80500030517578,27.950000762939453,14809900,0.0,0.0
2026-02-03 00:00:00-05:00,27.920000076293945,28.229999542236328,27.850000381469727,28.049999237060547,9424300,0.0,0.0
2026-02-04 00:00:00-05:00,28.200000762939453,28.924999237060547,28.190000534057617,28.850000381469727,12966000,0.0,0.0
2026-02-05 00:00:00-05:00,28.84000015258789,28.920000076293945,28.559999465942383,28.739999771118164,8800000,0.0,0.0
2026-02-06 00:00:00-05:00,28.899999618530273,29.075000762939453,28.510000228881836,28.760000228881836,5610700,0.0,0.0
2026-02-09 00:00:00-05:00,28.68000030517578,29.15999984741211,28.59000015258789,29.059999465942383,8764300,0.0,0.0
2026-02-10 00:00:00-05:00,29.1200008392334,29.31999969482422,28.84000015258789,29.25,13573700,0.0,0.0
2026-02-11 00:00:00-05:00,29.299999237060547,29.5,29.1299991607666,29.170000076293945,8459000,0.0,0.0
2026-02-12 00:00:00-05:00,29.399999618530273,29.665000915527344,29.040000915527344,29.059999465942383,9645600,0.0,0.0
2026-02-13 00:00:00-05:00,29.184999465942383,29.40999984741211,29.079999923706055,29.299999237060547,7497500,0.0,0.0
2026-02-17 00:00:00-05:00,29.56999969482422,29.895000457763672,29.184999465942383,29.860000610351562,7937000,0.0,0.0
2026-02-18 00:00:00-05:00,29.799999237060547,29.84000015258789,29.530000686645508,29.719999313354492,11609900,0.0,0.0
2026-02-19 00:00:00-05:00,29.700000762939453,29.8799991607666,29.489999771118164,29.8700008392334,5163100,0.0,0.0
2026-02-20 00:00:00-05:00,29.950000762939453,30.155000686645508,29.79199981689453,30.09000015258789,10798700,0.0,0.0
2026-02-23 00:00:00-05:00,30.149999618530273,30.459999084472656,30.010000228881836,30.219999313354492,8691200,0.0,0.0
2026-02-24 00:00:00-05:00,30.149999618530273,30.329999923706055,29.950000762939453,30.280000686645508,5566300,0.0,0.0
2026-02-25 00:00:00-05:00,30.229999542236328,30.302000045776367,29.823999404907227,30.239999771118164,7417100,0.0,0.0
2026-02-26 00:00:00-05:00,29.80500030517578,29.940000534057617,28.920000076293945,29.780000686645508,19714900,0.0,0.0
2026-02-27 00:00:00-05:00,29.780000686645508,30.485000610351562,29.670000076293945,30.209999084472656,14681600,0.0,0.0
2026-03-02 00:00:00-05:00,30.079999923706055,30.44499969482422,29.809999465942383,30.360000610351562,7327700,0.0,0.0
2026-03-03 00:00:00-05:00,30.170000076293945,30.354999542236328,29.584999084472656,30.200000762939453,9751200,0.0,0.0
2026-03-04 00:00:00-05:00,30.100000381469727,30.21500015258789,29.729999542236328,29.889999389648438,7970300,0.0,0.0
2026-03-05 00:00:00-05:00,29.610000610351562,29.799999237060547,29.4950008392334,29.690000534057617,8515000,0.0,0.0
2026-03-06 00:00:00-05:00,29.600000381469727,29.670000076293945,29.312000274658203,29.670000076293945,6845200,0.0,0.0
2026-03-09 00:00:00-04:00,29.34000015258789,29.604999542236328,28.93000030517578,29.5,10246600,0.0,0.0
2026-03-10 00:00:00-04:00,29.40999984741211,29.704999923706055,29.260000228881836,29.309999465942383,7529400,0.0,0.0
2026-03-11 00:00:00-04:00,29.100000381469727,29.18000030517578,27.959999084472656,28.420000076293945,15281400,0.0,0.0
2026-03-12 00:00:00-04:00,28.329999923706055,28.940000534057617,28.165000915527344,28.68000030517578,9192100,0.0,0.0
2026-03-13 00:00:00-04:00,28.979999542236328,29.084999084472656,28.385000228881836,28.420000076293945,9599800,0.0,0.0
2026-03-16 00:00:00-04:00,28.81999969482422,29.030000686645508,28.610000610351562,28.6200008392334,9174800,0.0,0.0
2026-03-17 00:00:00-04:00,28.809999465942383,29.0049991607666,28.6200008392334,28.6200008392334,9949300,0.0,0.0
2026-03-18 00:00:00-04:00,28.489999771118164,28.540000915527344,28.059999465942383,28.100000381469727,12137976,0.0,0.0
