Date,Open,High,Low,Close,Volume,Dividends,Stock Splits
2022-01-03 00:00:00-05:00,165.10000610351562,177.0,161.1999969482422,172.89999389648438,32860,0.0,0.0
2022-01-04 00:00:00-05:00,171.5,178.60000610351562,165.10000610351562,173.3000030517578,28650,0.0,0.0
2022-01-05 00:00:00-05:00,169.60000610351562,171.60000610351562,159.89999389648438,163.10000610351562,45340,0.0,0.0
2022-01-06 00:00:00-05:00,161.3000030517578,173.0,157.10000610351562,160.10000610351562,68720,0.0,0.0
2022-01-07 00:00:00-05:00,160.0,168.60000610351562,156.0,158.89999389648438,26150,0.0,0.0
2022-01-10 00:00:00-05:00,153.39999389648438,160.0,152.10000610351562,159.60000610351562,19140,0.0,0.0
2022-01-11 00:00:00-05:00,159.6999969482422,167.39999389648438,157.1999969482422,158.8000030517578,29060,0.0,0.0
2022-01-12 00:00:00-05:00,163.0,166.39999389648438,156.0,159.89999389648438,22910,0.0,0.0
2022-01-13 00:00:00-05:00,160.0,163.1999969482422,147.3000030517578,147.89999389648438,28130,0.0,0.0
2022-01-14 00:00:00-05:00,146.39999389648438,152.5,140.3000030517578,145.89999389648438,23150,0.0,0.0
2022-01-18 00:00:00-05:00,145.0,147.60000610351562,141.5,142.39999389648438,23610,0.0,0.0
2022-01-19 00:00:00-05:00,143.3000030517578,148.6999969482422,142.10000610351562,145.10000610351562,16700,0.0,0.0
2022-01-20 00:00:00-05:00,147.10000610351562,153.1999969482422,140.3000030517578,141.8000030517578,24840,0.0,0.0
2022-01-21 00:00:00-05:00,137.5,141.5,119.5,119.69999694824219,62430,0.0,0.0
2022-01-24 00:00:00-05:00,108.19999694824219,115.80000305175781,98.5,114.9000015258789,70180,0.0,0.0
2022-01-25 00:00:00-05:00,112.4000015258789,116.19999694824219,109.0999984741211,113.0,30440,0.0,0.0
2022-01-26 00:00:00-05:00,120.0,121.5999984741211,109.0,112.4000015258789,35810,0.0,0.0
2022-01-27 00:00:00-05:00,114.9000015258789,114.9000015258789,103.0999984741211,107.30000305175781,39000,0.0,0.0
2022-01-28 00:00:00-05:00,106.0999984741211,114.30000305175781,101.69999694824219,110.19999694824219,23520,0.0,0.0
2022-01-31 00:00:00-05:00,109.0999984741211,120.0,109.0999984741211,115.9000015258789,26150,0.0,0.0
2022-02-01 00:00:00-05:00,117.30000305175781,139.8000030517578,117.0999984741211,126.5999984741211,79830,0.0,0.0
2022-02-02 00:00:00-05:00,128.0,128.0,110.5999984741211,111.5,37720,0.0,0.0
2022-02-03 00:00:00-05:00,109.0999984741211,116.30000305175781,109.0999984741211,109.5,23430,0.0,0.0
2022-02-04 00:00:00-05:00,108.5999984741211,129.8000030517578,108.19999694824219,120.5,53040,0.0,0.0
2022-02-07 00:00:00-05:00,127.0,135.8000030517578,124.5999984741211,125.19999694824219,38700,0.0,0.0
2022-02-08 00:00:00-05:00,123.19999694824219,129.0,121.19999694824219,126.9000015258789,20950,0.0,0.0
2022-02-09 00:00:00-05:00,130.0,133.60000610351562,125.9000015258789,129.5,28180,0.0,0.0
2022-02-10 00:00:00-05:00,125.0999984741211,135.5,123.0999984741211,124.30000305175781,30990,0.0,0.0
2022-02-11 00:00:00-05:00,124.4000015258789,127.5999984741211,115.0999984741211,115.5,30870,0.0,0.0
2022-02-14 00:00:00-05:00,114.69999694824219,120.19999694824219,110.5,111.5999984741211,20620,0.0,0.0
2022-02-15 00:00:00-05:00,115.80000305175781,119.5,114.5,117.0999984741211,25860,0.0,0.0
2022-02-16 00:00:00-05:00,115.5999984741211,119.30000305175781,112.5,115.0,20760,0.0,0.0
2022-02-17 00:00:00-05:00,114.0,114.9000015258789,103.5,104.0999984741211,19930,0.0,0.0
2022-02-18 00:00:00-05:00,105.19999694824219,107.80000305175781,95.0,96.0999984741211,52040,0.0,0.0
2022-02-22 00:00:00-05:00,91.69999694824219,96.80000305175781,87.19999694824219,87.30000305175781,43490,0.0,0.0
2022-02-23 00:00:00-05:00,90.0,93.80000305175781,86.0999984741211,86.5,28170,0.0,0.0
2022-02-24 00:00:00-05:00,80.80000305175781,90.30000305175781,78.0999984741211,89.5999984741211,37220,0.0,0.0
2022-02-25 00:00:00-05:00,91.4000015258789,91.80000305175781,86.0,90.30000305175781,18960,0.0,0.0
2022-02-28 00:00:00-05:00,90.9000015258789,97.80000305175781,90.19999694824219,95.80000305175781,22850,0.0,0.0
2022-03-01 00:00:00-05:00,98.0999984741211,100.80000305175781,92.5999984741211,97.5,28210,0.0,0.0
2022-03-02 00:00:00-05:00,97.5,99.0,94.0999984741211,96.4000015258789,18540,0.0,0.0
2022-03-03 00:00:00-05:00,96.80000305175781,97.19999694824219,88.80000305175781,90.0,16730,0.0,0.0
2022-03-04 00:00:00-05:00,88.5,89.69999694824219,83.0,83.4000015258789,21700,0.0,0.0
2022-03-07 00:00:00-05:00,85.19999694824219,86.80000305175781,80.4000015258789,81.4000015258789,20150,0.0,0.0
2022-03-08 00:00:00-05:00,81.4000015258789,83.69999694824219,77.9000015258789,80.69999694824219,29510,0.0,0.0
2022-03-09 00:00:00-05:00,86.0,94.0,86.0,90.80000305175781,41240,0.0,0.0
2022-03-10 00:00:00-05:00,88.0,90.80000305175781,86.0,87.80000305175781,15600,0.0,0.0
2022-03-11 00:00:00-05:00,88.19999694824219,88.30000305175781,78.9000015258789,79.80000305175781,21360,0.0,0.0
2022-03-14 00:00:00-04:00,80.80000305175781,82.0,72.5999984741211,72.80000305175781,34090,0.0,0.0
2022-03-15 00:00:00-04:00,73.0,75.5999984741211,70.0999984741211,73.5999984741211,34440,0.0,0.0
2022-03-16 00:00:00-04:00,75.5,79.4000015258789,74.0,78.4000015258789,35760,0.0,0.0
2022-03-17 00:00:00-04:00,79.19999694824219,84.5,75.5,83.9000015258789,21030,0.0,0.0
2022-03-18 00:00:00-04:00,83.5,90.9000015258789,81.30000305175781,82.19999694824219,53420,0.0,0.0
2022-03-21 00:00:00-04:00,83.9000015258789,88.4000015258789,81.0999984741211,84.0,24720,0.0,0.0
2022-03-22 00:00:00-04:00,87.30000305175781,95.69999694824219,87.19999694824219,88.0999984741211,37750,0.0,0.0
2022-03-23 00:00:00-04:00,86.9000015258789,89.69999694824219,84.0,84.4000015258789,18450,0.0,0.0
2022-03-24 00:00:00-04:00,86.0999984741211,88.19999694824219,82.69999694824219,85.5999984741211,29610,0.0,0.0
2022-03-25 00:00:00-04:00,85.5999984741211,87.5,79.4000015258789,82.0999984741211,32180,0.0,0.0
2022-03-28 00:00:00-04:00,86.0999984741211,92.19999694824219,82.0999984741211,91.0,83050,0.0,0.0
2022-03-29 00:00:00-04:00,90.0,92.5999984741211,83.5999984741211,89.4000015258789,70290,0.0,0.0
2022-03-30 00:00:00-04:00,88.4000015258789,91.4000015258789,83.5999984741211,84.5,34720,0.0,0.0
2022-03-31 00:00:00-04:00,84.0,87.80000305175781,81.69999694824219,86.0,39860,0.0,0.0
2022-04-01 00:00:00-04:00,85.9000015258789,126.80000305175781,83.5,115.19999694824219,2096830,0.0,0.0
2022-04-04 00:00:00-04:00,114.5,118.30000305175781,100.0,110.30000305175781,268000,0.0,0.0
2022-04-05 00:00:00-04:00,108.19999694824219,117.0,105.30000305175781,107.4000015258789,114480,0.0,0.0
2022-04-06 00:00:00-04:00,103.80000305175781,103.80000305175781,88.30000305175781,89.5,169920,0.0,0.0
2022-04-07 00:00:00-04:00,91.4000015258789,91.4000015258789,84.30000305175781,86.80000305175781,53460,0.0,0.0
2022-04-08 00:00:00-04:00,86.4000015258789,92.0999984741211,82.0,85.4000015258789,77950,0.0,0.0
2022-04-11 00:00:00-04:00,83.19999694824219,89.5,81.0,86.19999694824219,51780,0.0,0.0
2022-04-12 00:00:00-04:00,87.0999984741211,89.0,81.0,81.5999984741211,51640,0.0,0.0
2022-04-13 00:00:00-04:00,80.5999984741211,85.9000015258789,80.5999984741211,84.9000015258789,37060,0.0,0.0
2022-04-14 00:00:00-04:00,84.0999984741211,84.80000305175781,80.9000015258789,81.9000015258789,28010,0.0,0.0
2022-04-18 00:00:00-04:00,80.5,82.0,77.0,78.5999984741211,38850,0.0,0.0
2022-04-19 00:00:00-04:00,78.0,87.80000305175781,77.4000015258789,84.69999694824219,40560,0.0,0.0
2022-04-20 00:00:00-04:00,83.9000015258789,84.0999984741211,79.19999694824219,80.5,31590,0.0,0.0
2022-04-21 00:00:00-04:00,83.0,83.0999984741211,73.5999984741211,74.4000015258789,37860,0.0,0.0
2022-04-22 00:00:00-04:00,74.5,76.19999694824219,66.80000305175781,69.0999984741211,44250,0.0,0.0
2022-04-25 00:00:00-04:00,68.0999984741211,72.9000015258789,66.5,67.30000305175781,31510,0.0,0.0
2022-04-26 00:00:00-04:00,67.9000015258789,68.4000015258789,62.70000076293945,64.0,35310,0.0,0.0
2022-04-27 00:00:00-04:00,63.20000076293945,66.4000015258789,62.599998474121094,64.30000305175781,39520,0.0,0.0
2022-04-28 00:00:00-04:00,64.80000305175781,66.19999694824219,62.29999923706055,65.4000015258789,33640,0.0,0.0
2022-04-29 00:00:00-04:00,64.80000305175781,67.80000305175781,62.29999923706055,62.70000076293945,29820,0.0,0.0
2022-05-02 00:00:00-04:00,62.29999923706055,67.19999694824219,61.20000076293945,65.4000015258789,24780,0.0,0.0
2022-05-03 00:00:00-04:00,64.69999694824219,66.69999694824219,63.400001525878906,64.80000305175781,18480,0.0,0.0
2022-05-04 00:00:00-04:00,64.80000305175781,69.5,61.79999923706055,68.9000015258789,52280,0.0,0.0
2022-05-05 00:00:00-04:00,66.9000015258789,66.9000015258789,61.400001525878906,62.900001525878906,22680,0.0,0.0
2022-05-06 00:00:00-04:00,62.099998474121094,63.29999923706055,59.5,60.5,18040,0.0,0.0
2022-05-09 00:00:00-04:00,58.29999923706055,58.5,52.900001525878906,55.20000076293945,29240,0.0,0.0
2022-05-10 00:00:00-04:00,56.5,57.900001525878906,51.79999923706055,53.400001525878906,22370,0.0,0.0
2022-05-11 00:00:00-04:00,51.099998474121094,53.5,45.79999923706055,45.79999923706055,37260,0.0,0.0
2022-05-12 00:00:00-04:00,44.099998474121094,50.20000076293945,43.099998474121094,47.400001525878906,46180,0.0,0.0
2022-05-13 00:00:00-04:00,49.0,53.0,47.900001525878906,51.20000076293945,60820,0.0,0.0
2022-05-16 00:00:00-04:00,49.900001525878906,53.20000076293945,49.099998474121094,51.599998474121094,30950,0.0,0.0
2022-05-17 00:00:00-04:00,54.5,56.70000076293945,52.900001525878906,55.0,26440,0.0,0.0
2022-05-18 00:00:00-04:00,53.20000076293945,55.79999923706055,50.79999923706055,51.70000076293945,25090,0.0,0.0
2022-05-19 00:00:00-04:00,50.900001525878906,54.099998474121094,50.900001525878906,52.099998474121094,23690,0.0,0.0
2022-05-20 00:00:00-04:00,53.5,53.70000076293945,46.79999923706055,48.0,42350,0.0,0.0
2022-05-23 00:00:00-04:00,49.099998474121094,49.79999923706055,47.0,48.29999923706055,29380,0.0,0.0
2022-05-24 00:00:00-04:00,46.79999923706055,46.79999923706055,43.29999923706055,45.099998474121094,35000,0.0,0.0
2022-05-25 00:00:00-04:00,43.79999923706055,45.70000076293945,43.099998474121094,44.599998474121094,33380,0.0,0.0
2022-05-26 00:00:00-04:00,44.0,47.79999923706055,43.099998474121094,45.099998474121094,26710,0.0,0.0
2022-05-27 00:00:00-04:00,45.70000076293945,47.20000076293945,44.70000076293945,47.0,23940,0.0,0.0
2022-05-31 00:00:00-04:00,48.70000076293945,49.79999923706055,46.5,47.79999923706055,29520,0.0,0.0
2022-06-01 00:00:00-04:00,47.099998474121094,48.0,44.29999923706055,45.400001525878906,30340,0.0,0.0
2022-06-02 00:00:00-04:00,45.29999923706055,47.599998474121094,44.5,46.400001525878906,30390,0.0,0.0
2022-06-03 00:00:00-04:00,46.29999923706055,46.29999923706055,41.900001525878906,42.79999923706055,58170,0.0,0.0
2022-06-06 00:00:00-04:00,43.900001525878906,44.099998474121094,41.599998474121094,43.20000076293945,40330,0.0,0.0
2022-06-07 00:00:00-04:00,42.900001525878906,43.599998474121094,41.900001525878906,43.29999923706055,27000,0.0,0.0
2022-06-08 00:00:00-04:00,43.29999923706055,44.79999923706055,40.70000076293945,41.099998474121094,47170,0.0,0.0
2022-06-09 00:00:00-04:00,40.5,41.0,38.70000076293945,39.0,29450,0.0,0.0
2022-06-10 00:00:00-04:00,37.5,39.0,36.599998474121094,37.0,34010,0.0,0.0
2022-06-13 00:00:00-04:00,33.400001525878906,34.5,29.5,30.0,73080,0.0,0.0
2022-06-14 00:00:00-04:00,30.899999618530273,32.5,29.5,30.5,39170,0.0,0.0
2022-06-15 00:00:00-04:00,30.5,33.79999923706055,30.100000381469727,32.29999923706055,50950,0.0,0.0
2022-06-16 00:00:00-04:00,31.299999237060547,32.79999923706055,30.600000381469727,31.200000762939453,30610,0.0,0.0
2022-06-17 00:00:00-04:00,32.099998474121094,33.29999923706055,30.899999618530273,30.899999618530273,43300,0.0,0.0
2022-06-21 00:00:00-04:00,32.29999923706055,37.20000076293945,32.29999923706055,33.099998474121094,65540,0.0,0.0
2022-06-22 00:00:00-04:00,32.099998474121094,34.79999923706055,31.299999237060547,31.299999237060547,32210,0.0,0.0
2022-06-23 00:00:00-04:00,31.299999237060547,32.29999923706055,30.0,31.700000762939453,54010,0.0,0.0
2022-06-24 00:00:00-04:00,32.0,33.599998474121094,31.100000381469727,31.700000762939453,164510,0.0,0.0
2022-06-27 00:00:00-04:00,31.799999237060547,32.29999923706055,30.200000762939453,30.799999237060547,23110,0.0,0.0
2022-06-28 00:00:00-04:00,30.799999237060547,31.299999237060547,29.600000381469727,29.899999618530273,28680,0.0,0.0
2022-06-29 00:00:00-04:00,29.600000381469727,30.100000381469727,26.5,27.399999618530273,44080,0.0,0.0
2022-06-30 00:00:00-04:00,26.700000762939453,27.399999618530273,25.0,25.399999618530273,68650,0.0,0.0
2022-07-01 00:00:00-04:00,24.799999237060547,25.899999618530273,24.700000762939453,25.600000381469727,28960,0.0,0.0
2022-07-05 00:00:00-04:00,25.600000381469727,26.899999618530273,24.0,26.799999237060547,30510,0.0,0.0
2022-07-06 00:00:00-04:00,26.799999237060547,27.399999618530273,24.799999237060547,24.899999618530273,38870,0.0,0.0
2022-07-07 00:00:00-04:00,24.899999618530273,29.5,24.899999618530273,29.100000381469727,148510,0.0,0.0
2022-07-08 00:00:00-04:00,28.299999237060547,30.799999237060547,27.200000762939453,28.100000381469727,129080,0.0,0.0
2022-07-11 00:00:00-04:00,28.0,28.0,26.200000762939453,27.0,32120,0.0,0.0
2022-07-12 00:00:00-04:00,27.0,27.600000381469727,25.899999618530273,26.100000381469727,18450,0.0,0.0
2022-07-13 00:00:00-04:00,25.100000381469727,27.0,24.899999618530273,25.799999237060547,27770,0.0,0.0
2022-07-14 00:00:00-04:00,25.899999618530273,26.200000762939453,24.200000762939453,25.600000381469727,41730,0.0,0.0
2022-07-15 00:00:00-04:00,25.700000762939453,26.799999237060547,25.200000762939453,26.100000381469727,26690,0.0,0.0
2022-07-18 00:00:00-04:00,27.100000381469727,30.899999618530273,27.100000381469727,27.799999237060547,91820,0.0,0.0
2022-07-19 00:00:00-04:00,28.799999237060547,31.399999618530273,28.200000762939453,31.0,83540,0.0,0.0
2022-07-20 00:00:00-04:00,31.200000762939453,33.900001525878906,30.700000762939453,33.099998474121094,113330,0.0,0.0
2022-07-21 00:00:00-04:00,32.29999923706055,34.400001525878906,31.700000762939453,33.099998474121094,63460,0.0,0.0
2022-07-22 00:00:00-04:00,33.20000076293945,33.20000076293945,29.5,29.799999237060547,29460,0.0,0.0
2022-07-25 00:00:00-04:00,29.0,29.299999237060547,28.200000762939453,28.600000381469727,27860,0.0,0.0
2022-07-26 00:00:00-04:00,28.0,28.200000762939453,26.200000762939453,26.200000762939453,21510,0.0,0.0
2022-07-27 00:00:00-04:00,26.700000762939453,28.399999618530273,26.399999618530273,28.200000762939453,33550,0.0,0.0
2022-07-28 00:00:00-04:00,28.700000762939453,29.600000381469727,27.299999237060547,29.399999618530273,37240,0.0,0.0
2022-07-29 00:00:00-04:00,29.100000381469727,30.200000762939453,27.799999237060547,29.799999237060547,32830,0.0,0.0
2022-08-01 00:00:00-04:00,29.600000381469727,30.0,28.700000762939453,29.600000381469727,18830,0.0,0.0
2022-08-02 00:00:00-04:00,29.0,31.200000762939453,29.0,30.299999237060547,22020,0.0,0.0
2022-08-03 00:00:00-04:00,30.600000381469727,32.5,30.399999618530273,31.700000762939453,25900,0.0,0.0
2022-08-04 00:00:00-04:00,31.799999237060547,33.20000076293945,31.399999618530273,32.5,20920,0.0,0.0
2022-08-05 00:00:00-04:00,31.200000762939453,34.5,30.700000762939453,34.099998474121094,45710,0.0,0.0
2022-08-08 00:00:00-04:00,34.79999923706055,39.900001525878906,34.79999923706055,38.29999923706055,65510,0.0,0.0
2022-08-09 00:00:00-04:00,36.20000076293945,37.5,34.900001525878906,36.400001525878906,27080,0.0,0.0
2022-08-10 00:00:00-04:00,37.5,41.29999923706055,36.70000076293945,40.099998474121094,60010,0.0,0.0
2022-08-11 00:00:00-04:00,42.20000076293945,42.79999923706055,39.0,39.400001525878906,67560,0.0,0.0
2022-08-12 00:00:00-04:00,39.599998474121094,41.70000076293945,38.0,41.599998474121094,36460,0.0,0.0
2022-08-15 00:00:00-04:00,41.5,48.900001525878906,41.20000076293945,46.5,105950,0.0,0.0
2022-08-16 00:00:00-04:00,40.70000076293945,40.79999923706055,36.0,37.599998474121094,123330,0.0,0.0
2022-08-17 00:00:00-04:00,36.599998474121094,37.400001525878906,35.0,36.20000076293945,46210,0.0,0.0
2022-08-18 00:00:00-04:00,35.70000076293945,37.79999923706055,32.099998474121094,32.70000076293945,70450,0.0,0.0
2022-08-19 00:00:00-04:00,31.200000762939453,31.299999237060547,30.200000762939453,30.399999618530273,29860,0.0,0.0
2022-08-22 00:00:00-04:00,29.5,30.299999237060547,28.0,28.700000762939453,31640,0.0,0.0
2022-08-23 00:00:00-04:00,28.399999618530273,29.399999618530273,27.600000381469727,27.799999237060547,22840,0.0,0.0
2022-08-24 00:00:00-04:00,28.100000381469727,28.399999618530273,27.200000762939453,27.799999237060547,25910,0.0,0.0
2022-08-25 00:00:00-04:00,28.399999618530273,28.399999618530273,27.299999237060547,28.0,34640,0.0,0.0
2022-08-26 00:00:00-04:00,28.0,28.0,25.899999618530273,26.200000762939453,38920,0.0,0.0
2022-08-29 00:00:00-04:00,25.100000381469727,26.600000381469727,25.100000381469727,26.0,29920,0.0,0.0
2022-08-30 00:00:00-04:00,26.0,26.399999618530273,24.5,24.799999237060547,22000,0.0,0.0
2022-08-31 00:00:00-04:00,24.700000762939453,25.200000762939453,24.0,24.299999237060547,17810,0.0,0.0
2022-09-01 00:00:00-04:00,24.0,24.0,21.899999618530273,22.799999237060547,32220,0.0,0.0
2022-09-02 00:00:00-04:00,23.0,23.299999237060547,21.899999618530273,22.0,23590,0.0,0.0
2022-09-06 00:00:00-04:00,22.0,23.0,20.899999618530273,21.200000762939453,20170,0.0,0.0
2022-09-07 00:00:00-04:00,21.0,22.399999618530273,21.0,22.100000381469727,16330,0.0,0.0
2022-09-08 00:00:00-04:00,22.0,23.200000762939453,21.600000381469727,23.100000381469727,18200,0.0,0.0
2022-09-09 00:00:00-04:00,24.0,25.0,23.799999237060547,24.299999237060547,44250,0.0,0.0
2022-09-12 00:00:00-04:00,24.5,25.0,22.700000762939453,23.700000762939453,43840,0.0,0.0
2022-09-13 00:00:00-04:00,22.399999618530273,23.200000762939453,21.299999237060547,21.899999618530273,36170,0.0,0.0
2022-09-14 00:00:00-04:00,22.100000381469727,22.299999237060547,21.0,21.600000381469727,18320,0.0,0.0
2022-09-15 00:00:00-04:00,21.5,22.299999237060547,21.0,21.100000381469727,21720,0.0,0.0
2022-09-16 00:00:00-04:00,20.899999618530273,21.700000762939453,20.200000762939453,21.5,50740,0.0,0.0
2022-09-19 00:00:00-04:00,20.799999237060547,22.0,20.799999237060547,21.600000381469727,17370,0.0,0.0
2022-09-20 00:00:00-04:00,21.0,22.0,21.0,21.600000381469727,12590,0.0,0.0
2022-09-21 00:00:00-04:00,21.299999237060547,22.399999618530273,21.100000381469727,21.399999618530273,9960,0.0,0.0
2022-09-22 00:00:00-04:00,21.200000762939453,21.299999237060547,19.799999237060547,20.100000381469727,25010,0.0,0.0
2022-09-23 00:00:00-04:00,19.600000381469727,20.0,18.700000762939453,19.399999618530273,18290,0.0,0.0
2022-09-26 00:00:00-04:00,19.299999237060547,21.0,19.299999237060547,19.899999618530273,9140,0.0,0.0
2022-09-27 00:00:00-04:00,21.5,22.299999237060547,20.600000381469727,21.600000381469727,17680,0.0,0.0
2022-09-28 00:00:00-04:00,21.399999618530273,22.0,20.100000381469727,20.700000762939453,43540,0.0,0.0
2022-09-29 00:00:00-04:00,20.700000762939453,20.899999618530273,19.399999618530273,19.700000762939453,26380,0.0,0.0
2022-09-30 00:00:00-04:00,20.200000762939453,21.299999237060547,19.600000381469727,20.0,12010,0.0,0.0
2022-10-03 00:00:00-04:00,20.0,21.399999618530273,19.700000762939453,20.200000762939453,16750,0.0,0.0
2022-10-04 00:00:00-04:00,20.299999237060547,21.299999237060547,20.0,20.5,27810,0.0,0.0
2022-10-05 00:00:00-04:00,19.899999618530273,20.0,18.5,18.899999618530273,25160,0.0,0.0
2022-10-06 00:00:00-04:00,18.899999618530273,19.5,18.200000762939453,18.399999618530273,16580,0.0,0.0
2022-10-07 00:00:00-04:00,17.899999618530273,18.299999237060547,17.100000381469727,17.399999618530273,21540,0.0,0.0
2022-10-10 00:00:00-04:00,17.0,17.200000762939453,13.100000381469727,13.199999809265137,86300,0.0,0.0
2022-10-11 00:00:00-04:00,13.699999809265137,13.899999618530273,12.0,12.399999618530273,69980,0.0,0.0
2022-10-12 00:00:00-04:00,12.5,12.899999618530273,11.399999618530273,12.100000381469727,66560,0.0,0.0
2022-10-13 00:00:00-04:00,11.800000190734863,12.600000381469727,11.399999618530273,12.199999809265137,58360,0.0,0.0
2022-10-14 00:00:00-04:00,12.300000190734863,12.399999618530273,10.800000190734863,10.899999618530273,36350,0.0,0.0
2022-10-17 00:00:00-04:00,10.800000190734863,11.899999618530273,10.800000190734863,11.399999618530273,31440,0.0,0.0
2022-10-18 00:00:00-04:00,12.100000381469727,12.100000381469727,10.899999618530273,11.199999809265137,30630,0.0,0.0
2022-10-19 00:00:00-04:00,10.699999809265137,11.199999809265137,10.199999809265137,10.300000190734863,28440,0.0,0.0
2022-10-20 00:00:00-04:00,10.399999618530273,11.0,10.100000381469727,10.199999809265137,19350,0.0,0.0
2022-10-21 00:00:00-04:00,10.199999809265137,10.5,9.899999618530273,10.5,44080,0.0,0.0
2022-10-24 00:00:00-04:00,10.399999618530273,10.399999618530273,9.399999618530273,9.899999618530273,57940,0.0,0.0
2022-10-25 00:00:00-04:00,9.800000190734863,11.600000381469727,9.800000190734863,11.399999618530273,120920,0.0,0.0
2022-10-26 00:00:00-04:00,11.199999809265137,11.699999809265137,10.5,10.5,87750,0.0,0.0
2022-10-27 00:00:00-04:00,10.300000190734863,10.800000190734863,9.300000190734863,9.600000381469727,51360,0.0,0.0
2022-10-28 00:00:00-04:00,10.0,10.399999618530273,9.399999618530273,10.100000381469727,66720,0.0,0.0
2022-10-31 00:00:00-04:00,10.100000381469727,10.399999618530273,9.5,9.699999809265137,46400,0.0,0.0
2022-11-01 00:00:00-04:00,9.800000190734863,10.0,8.699999809265137,8.899999618530273,61650,0.0,0.0
2022-11-02 00:00:00-04:00,8.800000190734863,9.0,8.199999809265137,8.199999809265137,39540,0.0,0.0
2022-11-03 00:00:00-04:00,8.0,8.5,8.0,8.300000190734863,46350,0.0,0.0
2022-11-04 00:00:00-04:00,8.399999618530273,8.5,7.900000095367432,8.100000381469727,47430,0.0,0.0
2022-11-07 00:00:00-05:00,8.199999809265137,8.300000190734863,7.699999809265137,7.900000095367432,37300,0.0,0.0
2022-11-08 00:00:00-05:00,8.0,8.0,7.099999904632568,7.099999904632568,66810,0.0,0.0
2022-11-09 00:00:00-05:00,7.199999809265137,7.199999809265137,6.199999809265137,6.5,66180,0.0,0.0
2022-11-10 00:00:00-05:00,6.800000190734863,7.5,6.800000190734863,7.199999809265137,33890,0.0,0.0
2022-11-11 00:00:00-05:00,7.099999904632568,9.300000190734863,7.099999904632568,9.300000190734863,86440,0.0,0.0
2022-11-14 00:00:00-05:00,9.0,9.100000381469727,8.300000190734863,8.5,35260,0.0,0.0
2022-11-15 00:00:00-05:00,8.199999809265137,8.600000381469727,7.599999904632568,7.599999904632568,38990,0.0,0.0
2022-11-16 00:00:00-05:00,7.599999904632568,7.800000190734863,6.900000095367432,6.900000095367432,38140,0.0,0.0
2022-11-17 00:00:00-05:00,6.699999809265137,6.800000190734863,6.300000190734863,6.400000095367432,49970,0.0,0.0
2022-11-18 00:00:00-05:00,6.599999904632568,6.699999809265137,5.599999904632568,5.599999904632568,70900,0.0,0.0
2022-11-21 00:00:00-05:00,5.599999904632568,6.099999904632568,5.300000190734863,5.699999809265137,39040,0.0,0.0
2022-11-22 00:00:00-05:00,5.900000095367432,6.0,5.5,5.5,26610,0.0,0.0
2022-11-23 00:00:00-05:00,5.5,6.199999809265137,5.5,6.0,38000,0.0,0.0
2022-11-25 00:00:00-05:00,5.900000095367432,6.199999809265137,5.800000190734863,5.900000095367432,14950,0.0,0.0
2022-11-28 00:00:00-05:00,5.800000190734863,6.300000190734863,5.599999904632568,5.800000190734863,23510,0.0,0.0
2022-11-29 00:00:00-05:00,5.800000190734863,5.900000095367432,5.599999904632568,5.599999904632568,20940,0.0,0.0
2022-11-30 00:00:00-05:00,6.0,6.400000095367432,5.599999904632568,6.400000095367432,44950,0.0,0.0
2022-12-01 00:00:00-05:00,6.400000095367432,6.5,6.099999904632568,6.199999809265137,24610,0.0,0.0
2022-12-02 00:00:00-05:00,6.199999809265137,6.400000095367432,5.800000190734863,5.800000190734863,41320,0.0,0.0
2022-12-05 00:00:00-05:00,6.199999809265137,6.199999809265137,5.5,5.5,37450,0.0,0.0
2022-12-06 00:00:00-05:00,5.699999809265137,5.699999809265137,4.800000190734863,4.900000095367432,53790,0.0,0.0
2022-12-07 00:00:00-05:00,4.800000190734863,5.0,4.800000190734863,4.900000095367432,16190,0.0,0.0
2022-12-08 00:00:00-05:00,4.900000095367432,5.199999809265137,4.800000190734863,4.900000095367432,12460,0.0,0.0
2022-12-09 00:00:00-05:00,4.900000095367432,5.599999904632568,4.800000190734863,5.0,26780,0.0,0.0
2022-12-12 00:00:00-05:00,4.900000095367432,5.199999809265137,4.699999809265137,4.800000190734863,57290,0.0,0.0
2022-12-13 00:00:00-05:00,5.0,5.199999809265137,3.299999952316284,4.400000095367432,73960,0.0,0.0
2022-12-14 00:00:00-05:00,4.400000095367432,4.699999809265137,4.400000095367432,4.400000095367432,37150,0.0,0.0
2022-12-15 00:00:00-05:00,4.400000095367432,4.5,4.0,4.099999904632568,39700,0.0,0.0
2022-12-16 00:00:00-05:00,4.099999904632568,4.199999809265137,2.5,2.5,134350,0.0,0.0
2022-12-19 00:00:00-05:00,3.0999999046325684,4.5,3.0999999046325684,3.700000047683716,239700,0.0,0.0
2022-12-20 00:00:00-05:00,3.5,3.5999999046325684,2.9000000953674316,3.0,191400,0.0,0.0
2022-12-21 00:00:00-05:00,3.299999952316284,3.4000000953674316,2.799999952316284,2.799999952316284,73900,0.0,0.0
2022-12-22 00:00:00-05:00,2.9000000953674316,2.9000000953674316,2.5,2.5999999046325684,74070,0.0,0.0
2022-12-23 00:00:00-05:00,2.700000047683716,2.799999952316284,2.5,2.5,83180,0.0,0.0
2022-12-27 00:00:00-05:00,2.5,2.799999952316284,2.200000047683716,2.4000000953674316,65850,0.0,0.0
2022-12-28 00:00:00-05:00,2.299999952316284,3.200000047683716,2.200000047683716,2.9000000953674316,144750,0.0,0.0
2022-12-29 00:00:00-05:00,2.799999952316284,3.200000047683716,2.700000047683716,2.799999952316284,80530,0.0,0.0
2022-12-30 00:00:00-05:00,2.799999952316284,3.0,2.5999999046325684,2.9000000953674316,45510,0.0,0.0
2023-01-03 00:00:00-05:00,3.0,3.0999999046325684,2.700000047683716,2.799999952316284,43360,0.0,0.0
2023-01-04 00:00:00-05:00,3.0,4.800000190734863,2.799999952316284,3.700000047683716,501010,0.0,0.0
2023-01-05 00:00:00-05:00,3.700000047683716,4.199999809265137,3.5,4.0,107370,0.0,0.0
2023-01-06 00:00:00-05:00,4.099999904632568,4.099999904632568,3.5,3.9000000953674316,98310,0.0,0.0
2023-01-09 00:00:00-05:00,3.9000000953674316,6.5,3.9000000953674316,5.400000095367432,630890,0.0,0.0
2023-01-10 00:00:00-05:00,5.5,6.199999809265137,5.099999904632568,5.900000095367432,239140,0.0,0.0
2023-01-11 00:00:00-05:00,6.099999904632568,6.900000095367432,5.900000095367432,6.599999904632568,212890,0.0,0.0
2023-01-12 00:00:00-05:00,7.300000190734863,12.0,7.099999904632568,10.600000381469727,1052420,0.0,0.0
2023-01-13 00:00:00-05:00,10.600000381469727,13.899999618530273,9.5,10.600000381469727,841410,0.0,0.0
2023-01-17 00:00:00-05:00,11.100000381469727,11.5,9.5,9.800000190734863,310400,0.0,0.0
2023-01-18 00:00:00-05:00,9.699999809265137,9.800000190734863,7.199999809265137,7.699999809265137,307810,0.0,0.0
2023-01-19 00:00:00-05:00,7.5,9.0,7.400000095367432,8.800000190734863,208430,0.0,0.0
2023-01-20 00:00:00-05:00,8.600000381469727,9.600000381469727,8.5,9.300000190734863,143450,0.0,0.0
2023-01-23 00:00:00-05:00,9.399999618530273,10.5,9.0,9.800000190734863,161870,0.0,0.0
2023-01-24 00:00:00-05:00,9.800000190734863,9.800000190734863,8.199999809265137,8.800000190734863,109040,0.0,0.0
2023-01-25 00:00:00-05:00,8.5,9.0,8.199999809265137,8.800000190734863,62790,0.0,0.0
2023-01-26 00:00:00-05:00,8.899999618530273,9.300000190734863,8.5,8.800000190734863,52090,0.0,0.0
2023-01-27 00:00:00-05:00,8.800000190734863,9.199999809265137,8.5,8.800000190734863,76370,0.0,0.0
2023-01-30 00:00:00-05:00,9.0,9.0,8.0,8.100000381469727,63520,0.0,0.0
2023-01-31 00:00:00-05:00,8.300000190734863,8.800000190734863,8.199999809265137,8.399999618530273,335520,0.0,0.0
2023-02-01 00:00:00-05:00,8.399999618530273,8.699999809265137,7.800000190734863,8.600000381469727,175750,0.0,0.0
2023-02-02 00:00:00-05:00,9.0,10.5,8.800000190734863,9.100000381469727,708990,0.0,0.0
2023-02-03 00:00:00-05:00,8.800000190734863,8.899999618530273,8.300000190734863,8.600000381469727,168210,0.0,0.0
2023-02-06 00:00:00-05:00,8.300000190734863,8.5,7.800000190734863,8.100000381469727,138150,0.0,0.0
2023-02-07 00:00:00-05:00,8.0,8.0,7.099999904632568,7.400000095367432,141850,0.0,0.0
2023-02-08 00:00:00-05:00,7.5,7.599999904632568,7.0,7.199999809265137,61120,0.0,0.0
2023-02-09 00:00:00-05:00,7.300000190734863,7.5,6.0,6.300000190734863,96280,0.0,0.0
2023-02-10 00:00:00-05:00,6.099999904632568,6.599999904632568,6.0,6.400000095367432,71780,0.0,0.0
2023-02-13 00:00:00-05:00,6.099999904632568,6.400000095367432,5.800000190734863,5.800000190734863,72760,0.0,0.0
2023-02-14 00:00:00-05:00,6.0,6.199999809265137,5.800000190734863,6.0,89060,0.0,0.0
2023-02-15 00:00:00-05:00,6.5,6.599999904632568,6.0,6.5,318900,0.0,0.0
2023-02-16 00:00:00-05:00,6.5,7.300000190734863,6.199999809265137,6.300000190734863,708940,0.0,0.0
2023-02-17 00:00:00-05:00,6.099999904632568,6.199999809265137,5.599999904632568,6.099999904632568,379460,0.0,0.0
2023-02-21 00:00:00-05:00,6.099999904632568,6.099999904632568,5.5,5.599999904632568,89090,0.0,0.0
2023-02-22 00:00:00-05:00,5.0,5.800000190734863,5.0,5.5,73470,0.0,0.0
2023-02-23 00:00:00-05:00,5.5,5.599999904632568,5.199999809265137,5.300000190734863,41280,0.0,0.0
2023-02-24 00:00:00-05:00,5.099999904632568,5.400000095367432,4.900000095367432,5.199999809265137,74920,0.0,0.0
2023-02-27 00:00:00-05:00,5.300000190734863,5.5,4.900000095367432,5.0,35570,0.0,0.0
2023-02-28 00:00:00-05:00,5.0,5.199999809265137,5.0,5.199999809265137,109960,0.0,0.0
2023-03-01 00:00:00-05:00,5.099999904632568,5.300000190734863,4.900000095367432,5.0,33570,0.0,0.0
2023-03-02 00:00:00-05:00,4.900000095367432,5.099999904632568,4.800000190734863,5.0,28550,0.0,0.0
2023-03-03 00:00:00-05:00,4.900000095367432,5.099999904632568,4.800000190734863,5.099999904632568,60030,0.0,0.0
2023-03-06 00:00:00-05:00,5.099999904632568,5.300000190734863,4.900000095367432,5.0,22480,0.0,0.0
2023-03-07 00:00:00-05:00,5.0,5.199999809265137,4.699999809265137,4.800000190734863,45450,0.0,0.0
2023-03-08 00:00:00-05:00,4.800000190734863,4.800000190734863,4.199999809265137,4.400000095367432,70760,0.0,0.0
2023-03-09 00:00:00-05:00,4.199999809265137,4.5,4.0,4.099999904632568,46280,0.0,0.0
2023-03-10 00:00:00-05:00,4.0,4.300000190734863,3.700000047683716,3.9000000953674316,59790,0.0,0.0
2023-03-13 00:00:00-04:00,4.199999809265137,4.699999809265137,4.099999904632568,4.5,70030,0.0,0.0
2023-03-14 00:00:00-04:00,5.199999809265137,5.300000190734863,4.300000190734863,4.5,84900,0.0,0.0
2023-03-15 00:00:00-04:00,4.400000095367432,4.599999904632568,4.199999809265137,4.300000190734863,34500,0.0,0.0
2023-03-16 00:00:00-04:00,4.599999904632568,4.599999904632568,4.199999809265137,4.5,62770,0.0,0.0
2023-03-17 00:00:00-04:00,4.900000095367432,4.900000095367432,4.300000190734863,4.5,147300,0.0,0.0
2023-03-20 00:00:00-04:00,4.900000095367432,4.900000095367432,4.099999904632568,4.300000190734863,105020,0.0,0.0
2023-03-21 00:00:00-04:00,4.400000095367432,4.599999904632568,4.099999904632568,4.400000095367432,258920,0.0,0.0
2023-03-22 00:00:00-04:00,4.400000095367432,4.400000095367432,4.099999904632568,4.199999809265137,125860,0.0,0.0
2023-03-23 00:00:00-04:00,4.300000190734863,4.400000095367432,3.799999952316284,3.799999952316284,83420,0.0,0.0
2023-03-24 00:00:00-04:00,4.099999904632568,4.199999809265137,3.9000000953674316,3.9000000953674316,73330,0.0,0.0
2023-03-27 00:00:00-04:00,3.9000000953674316,4.0,3.4000000953674316,3.799999952316284,68490,0.0,0.0
2023-03-28 00:00:00-04:00,3.9000000953674316,4.0,3.799999952316284,3.9000000953674316,27500,0.0,0.0
2023-03-29 00:00:00-04:00,4.099999904632568,4.199999809265137,3.9000000953674316,3.9000000953674316,49620,0.0,0.0
2023-03-30 00:00:00-04:00,4.0,4.099999904632568,3.799999952316284,4.0,36910,0.0,0.0
2023-03-31 00:00:00-04:00,4.099999904632568,4.599999904632568,3.799999952316284,4.5,99050,0.0,0.0
2023-04-03 00:00:00-04:00,4.599999904632568,4.699999809265137,4.099999904632568,4.599999904632568,37660,0.0,0.0
2023-04-04 00:00:00-04:00,4.300000190734863,4.599999904632568,4.300000190734863,4.400000095367432,26900,0.0,0.0
2023-04-05 00:00:00-04:00,4.400000095367432,4.599999904632568,4.0,4.099999904632568,20680,0.0,0.0
2023-04-06 00:00:00-04:00,4.0,4.199999809265137,4.0,4.099999904632568,13510,0.0,0.0
2023-04-10 00:00:00-04:00,3.799999952316284,4.599999904632568,3.5999999046325684,4.5,83090,0.0,0.0
2023-04-11 00:00:00-04:00,4.800000190734863,6.599999904632568,4.699999809265137,5.699999809265137,365160,0.0,0.0
2023-04-12 00:00:00-04:00,5.900000095367432,6.099999904632568,5.099999904632568,5.199999809265137,133140,0.0,0.0
2023-04-13 00:00:00-04:00,5.400000095367432,6.699999809265137,5.400000095367432,6.400000095367432,351370,0.0,0.0
2023-04-14 00:00:00-04:00,7.099999904632568,7.800000190734863,6.300000190734863,6.800000190734863,331680,0.0,0.0
2023-04-17 00:00:00-04:00,6.699999809265137,6.800000190734863,6.300000190734863,6.599999904632568,84330,0.0,0.0
2023-04-18 00:00:00-04:00,7.400000095367432,7.699999809265137,6.800000190734863,7.0,119820,0.0,0.0
2023-04-19 00:00:00-04:00,6.5,6.800000190734863,6.300000190734863,6.400000095367432,91660,0.0,0.0
2023-04-20 00:00:00-04:00,6.199999809265137,6.199999809265137,5.5,5.900000095367432,57880,0.0,0.0
2023-04-21 00:00:00-04:00,5.699999809265137,5.900000095367432,5.5,5.800000190734863,33930,0.0,0.0
2023-04-24 00:00:00-04:00,5.599999904632568,5.800000190734863,5.099999904632568,5.400000095367432,64060,0.0,0.0
2023-04-25 00:00:00-04:00,5.199999809265137,5.599999904632568,5.199999809265137,5.300000190734863,30970,0.0,0.0
2023-04-26 00:00:00-04:00,5.900000095367432,6.0,5.5,5.599999904632568,100520,0.0,0.0
2023-04-27 00:00:00-04:00,5.699999809265137,5.900000095367432,5.199999809265137,5.400000095367432,132480,0.0,0.0
2023-04-28 00:00:00-04:00,5.099999904632568,5.199999809265137,4.800000190734863,4.900000095367432,88800,0.0,0.0
2023-05-01 00:00:00-04:00,4.900000095367432,5.0,4.400000095367432,4.599999904632568,44860,0.0,0.0
2023-05-02 00:00:00-04:00,4.699999809265137,4.800000190734863,4.5,4.699999809265137,87730,0.0,0.0
2023-05-03 00:00:00-04:00,4.800000190734863,4.900000095367432,4.599999904632568,4.599999904632568,56640,0.0,0.0
2023-05-04 00:00:00-04:00,4.5,4.699999809265137,4.300000190734863,4.400000095367432,49450,0.0,0.0
2023-05-05 00:00:00-04:00,4.599999904632568,4.699999809265137,4.400000095367432,4.5,68540,0.0,0.0
2023-05-08 00:00:00-04:00,4.5,4.5,4.199999809265137,4.199999809265137,51440,0.0,0.0
2023-05-09 00:00:00-04:00,4.099999904632568,4.400000095367432,4.0,4.099999904632568,43930,0.0,0.0
2023-05-10 00:00:00-04:00,4.099999904632568,4.300000190734863,4.0,4.199999809265137,72040,0.0,0.0
2023-05-11 00:00:00-04:00,4.0,4.199999809265137,4.0,4.099999904632568,45450,0.0,0.0
2023-05-12 00:00:00-04:00,4.0,4.099999904632568,3.799999952316284,3.9000000953674316,31520,0.0,0.0
2023-05-15 00:00:00-04:00,3.9000000953674316,4.0,3.200000047683716,3.4000000953674316,216390,0.0,0.0
2023-05-16 00:00:00-04:00,3.109999895095825,4.050000190734863,3.109999895095825,3.859999895095825,542100,0.0,0.1
2023-05-17 00:00:00-04:00,3.890000104904175,4.289999961853027,3.4100000858306885,3.569999933242798,285700,0.0,0.0
2023-05-18 00:00:00-04:00,3.5199999809265137,3.609999895095825,3.2100000381469727,3.2699999809265137,114700,0.0,0.0
2023-05-19 00:00:00-04:00,3.309999942779541,3.5,3.0999999046325684,3.0999999046325684,166100,0.0,0.0
2023-05-22 00:00:00-04:00,3.109999895095825,3.1600000858306885,2.9600000381469727,2.9700000286102295,158500,0.0,0.0
2023-05-23 00:00:00-04:00,2.9800000190734863,3.059999942779541,2.9700000286102295,3.0299999713897705,107900,0.0,0.0
2023-05-24 00:00:00-04:00,2.9800000190734863,3.0,2.809999942779541,2.859999895095825,81100,0.0,0.0
2023-05-25 00:00:00-04:00,2.859999895095825,2.859999895095825,2.4200000762939453,2.5799999237060547,165200,0.0,0.0
2023-05-26 00:00:00-04:00,2.5899999141693115,2.75,2.5,2.5399999618530273,94000,0.0,0.0
2023-05-30 00:00:00-04:00,2.6700000762939453,2.859999895095825,2.5199999809265137,2.569999933242798,181800,0.0,0.0
2023-05-31 00:00:00-04:00,2.549999952316284,2.559999942779541,2.359999895095825,2.359999895095825,125200,0.0,0.0
2023-06-01 00:00:00-04:00,2.359999895095825,2.380000114440918,2.1600000858306885,2.2300000190734863,306200,0.0,0.0
2023-06-02 00:00:00-04:00,2.299999952316284,2.390000104904175,2.1500000953674316,2.180000066757202,144300,0.0,0.0
2023-06-05 00:00:00-04:00,2.2200000286102295,2.2200000286102295,2.0,2.009999990463257,202500,0.0,0.0
2023-06-06 00:00:00-04:00,2.009999990463257,2.140000104904175,1.9700000286102295,2.059999942779541,305000,0.0,0.0
2023-06-07 00:00:00-04:00,2.0799999237060547,2.119999885559082,1.899999976158142,1.9299999475479126,208500,0.0,0.0
2023-06-08 00:00:00-04:00,2.0,2.009999990463257,1.8200000524520874,1.840000033378601,173100,0.0,0.0
2023-06-09 00:00:00-04:00,1.8700000047683716,1.899999976158142,1.690000057220459,1.7000000476837158,243400,0.0,0.0
2023-06-12 00:00:00-04:00,1.7999999523162842,1.7999999523162842,1.6100000143051147,1.6200000047683716,219900,0.0,0.0
2023-06-13 00:00:00-04:00,1.649999976158142,1.7000000476837158,1.5499999523162842,1.590000033378601,283000,0.0,0.0
2023-06-14 00:00:00-04:00,1.590000033378601,3.1500000953674316,1.590000033378601,2.4000000953674316,26395100,0.0,0.0
2023-06-15 00:00:00-04:00,2.0999999046325684,2.380000114440918,1.940000057220459,2.369999885559082,1044300,0.0,0.0
2023-06-16 00:00:00-04:00,2.380000114440918,3.200000047683716,2.3399999141693115,2.890000104904175,4402900,0.0,0.0
2023-06-20 00:00:00-04:00,2.950000047683716,3.390000104904175,2.5999999046325684,3.0999999046325684,1574300,0.0,0.0
2023-06-21 00:00:00-04:00,3.2300000190734863,3.799999952316284,3.009999990463257,3.0799999237060547,3030000,0.0,0.0
2023-06-22 00:00:00-04:00,2.9600000381469727,3.200000047683716,2.6500000953674316,3.049999952316284,663200,0.0,0.0
2023-06-23 00:00:00-04:00,2.9600000381469727,3.450000047683716,2.7300000190734863,2.940000057220459,1092200,0.0,0.0
2023-06-26 00:00:00-04:00,2.9200000762939453,3.130000114440918,2.619999885559082,2.6500000953674316,416800,0.0,0.0
2023-06-27 00:00:00-04:00,2.7899999618530273,2.9800000190734863,2.7100000381469727,2.759999990463257,612400,0.0,0.0
2023-06-28 00:00:00-04:00,2.759999990463257,2.890000104904175,2.5199999809265137,2.559999942779541,418000,0.0,0.0
2023-06-29 00:00:00-04:00,2.559999942779541,2.819999933242798,2.440000057220459,2.4700000286102295,549300,0.0,0.0
2023-06-30 00:00:00-04:00,2.5999999046325684,2.9600000381469727,2.4000000953674316,2.819999933242798,771800,0.0,0.0
2023-07-03 00:00:00-04:00,2.8499999046325684,3.7799999713897705,2.8299999237060547,3.559999942779541,1100000,0.0,0.0
2023-07-05 00:00:00-04:00,3.3499999046325684,3.940000057220459,3.1500000953674316,3.7799999713897705,1011600,0.0,0.0
2023-07-06 00:00:00-04:00,3.940000057220459,4.159999847412109,3.5,3.869999885559082,777600,0.0,0.0
2023-07-07 00:00:00-04:00,3.9000000953674316,5.610000133514404,3.9000000953674316,5.170000076293945,2381800,0.0,0.0
2023-07-10 00:00:00-04:00,5.369999885559082,6.909999847412109,4.940000057220459,6.539999961853027,2488400,0.0,0.0
2023-07-11 00:00:00-04:00,7.090000152587891,7.949999809265137,5.710000038146973,6.0,3442700,0.0,0.0
2023-07-12 00:00:00-04:00,6.340000152587891,6.889999866485596,5.849999904632568,6.130000114440918,987800,0.0,0.0
2023-07-13 00:00:00-04:00,6.019999980926514,8.34000015258789,6.019999980926514,8.199999809265137,3041200,0.0,0.0
2023-07-14 00:00:00-04:00,7.980000019073486,8.989999771118164,7.300000190734863,7.800000190734863,1627900,0.0,0.0
2023-07-17 00:00:00-04:00,8.25,8.5,7.769999980926514,8.289999961853027,640200,0.0,0.0
2023-07-18 00:00:00-04:00,8.149999618530273,8.4399995803833,7.800000190734863,7.980000019073486,413400,0.0,0.0
2023-07-19 00:00:00-04:00,8.100000381469727,8.470000267028809,7.880000114440918,8.149999618530273,451100,0.0,0.0
2023-07-20 00:00:00-04:00,8.5,8.5,6.889999866485596,7.139999866485596,625700,0.0,0.0
2023-07-21 00:00:00-04:00,7.460000038146973,7.539999961853027,6.400000095367432,7.010000228881836,526100,0.0,0.0
2023-07-24 00:00:00-04:00,6.699999809265137,6.889999866485596,6.090000152587891,6.550000190734863,357100,0.0,0.0
2023-07-25 00:00:00-04:00,6.510000228881836,6.989999771118164,6.510000228881836,6.610000133514404,247600,0.0,0.0
2023-07-26 00:00:00-04:00,6.650000095367432,6.809999942779541,6.300000190734863,6.619999885559082,242700,0.0,0.0
2023-07-27 00:00:00-04:00,6.670000076293945,6.989999771118164,6.050000190734863,6.21999979019165,232100,0.0,0.0
2023-07-28 00:00:00-04:00,6.409999847412109,6.53000020980835,5.980000019073486,6.239999771118164,296700,0.0,0.0
2023-07-31 00:00:00-04:00,6.199999809265137,6.5,6.010000228881836,6.010000228881836,260400,0.0,0.0
2023-08-01 00:00:00-04:00,5.769999980926514,5.789999961853027,5.099999904632568,5.119999885559082,406000,0.0,0.0
2023-08-02 00:00:00-04:00,5.380000114440918,5.659999847412109,5.25,5.550000190734863,348100,0.0,0.0
2023-08-03 00:00:00-04:00,5.650000095367432,6.119999885559082,5.309999942779541,6.03000020980835,346900,0.0,0.0
2023-08-04 00:00:00-04:00,6.28000020980835,7.119999885559082,6.070000171661377,6.440000057220459,572800,0.0,0.0
2023-08-07 00:00:00-04:00,6.440000057220459,6.550000190734863,5.53000020980835,6.019999980926514,251400,0.0,0.0
2023-08-08 00:00:00-04:00,6.25,7.190000057220459,5.840000152587891,7.039999961853027,445200,0.0,0.0
2023-08-09 00:00:00-04:00,7.150000095367432,7.460000038146973,6.559999942779541,6.710000038146973,413700,0.0,0.0
2023-08-10 00:00:00-04:00,6.599999904632568,7.130000114440918,6.449999809265137,6.840000152587891,254600,0.0,0.0
2023-08-11 00:00:00-04:00,6.670000076293945,7.099999904632568,6.449999809265137,6.829999923706055,229500,0.0,0.0
2023-08-14 00:00:00-04:00,6.53000020980835,6.789999961853027,6.199999809265137,6.590000152587891,151100,0.0,0.0
2023-08-15 00:00:00-04:00,6.360000133514404,6.460000038146973,4.599999904632568,5.019999980926514,586200,0.0,0.0
2023-08-16 00:00:00-04:00,5.199999809265137,5.329999923706055,4.769999980926514,5.28000020980835,259300,0.0,0.0
2023-08-17 00:00:00-04:00,5.050000190734863,5.150000095367432,4.730000019073486,4.869999885559082,254600,0.0,0.0
2023-08-18 00:00:00-04:00,4.460000038146973,5.039999961853027,4.409999847412109,4.550000190734863,226400,0.0,0.0
2023-08-21 00:00:00-04:00,4.409999847412109,4.789999961853027,4.409999847412109,4.610000133514404,148600,0.0,0.0
2023-08-22 00:00:00-04:00,4.78000020980835,4.849999904632568,4.510000228881836,4.760000228881836,300900,0.0,0.0
2023-08-23 00:00:00-04:00,4.610000133514404,5.360000133514404,4.570000171661377,4.989999771118164,547000,0.0,0.0
2023-08-24 00:00:00-04:00,4.949999809265137,5.039999961853027,4.550000190734863,4.650000095367432,87900,0.0,0.0
2023-08-25 00:00:00-04:00,4.579999923706055,4.690000057220459,4.320000171661377,4.510000228881836,182100,0.0,0.0
2023-08-28 00:00:00-04:00,4.460000038146973,4.599999904632568,4.340000152587891,4.429999828338623,68400,0.0,0.0
2023-08-29 00:00:00-04:00,4.449999809265137,5.579999923706055,4.409999847412109,5.150000095367432,612000,0.0,0.0
2023-08-30 00:00:00-04:00,5.079999923706055,5.300000190734863,4.71999979019165,5.210000038146973,150900,0.0,0.0
2023-08-31 00:00:00-04:00,5.119999885559082,5.269999980926514,4.650000095367432,4.659999847412109,130300,0.0,0.0
2023-09-01 00:00:00-04:00,4.699999809265137,4.880000114440918,4.460000038146973,4.519999980926514,82700,0.0,0.0
2023-09-05 00:00:00-04:00,4.590000152587891,4.699999809265137,4.420000076293945,4.690000057220459,72200,0.0,0.0
2023-09-06 00:00:00-04:00,4.539999961853027,4.920000076293945,4.519999980926514,4.630000114440918,109500,0.0,0.0
2023-09-07 00:00:00-04:00,4.610000133514404,4.699999809265137,4.340000152587891,4.460000038146973,83400,0.0,0.0
2023-09-08 00:00:00-04:00,4.460000038146973,4.599999904632568,4.400000095367432,4.429999828338623,67300,0.0,0.0
2023-09-11 00:00:00-04:00,4.440000057220459,4.440000057220459,4.010000228881836,4.019999980926514,120500,0.0,0.0
2023-09-12 00:00:00-04:00,4.199999809265137,4.489999771118164,4.150000095367432,4.329999923706055,108300,0.0,0.0
2023-09-13 00:00:00-04:00,4.420000076293945,4.440000057220459,4.079999923706055,4.239999771118164,100400,0.0,0.0
2023-09-14 00:00:00-04:00,4.340000152587891,4.619999885559082,4.28000020980835,4.5,103200,0.0,0.0
2023-09-15 00:00:00-04:00,4.360000133514404,4.449999809265137,4.269999980926514,4.329999923706055,75200,0.0,0.0
2023-09-18 00:00:00-04:00,4.550000190734863,4.650000095367432,4.210000038146973,4.210000038146973,99500,0.0,0.0
2023-09-19 00:00:00-04:00,4.260000228881836,4.440000057220459,4.150000095367432,4.28000020980835,42400,0.0,0.0
2023-09-20 00:00:00-04:00,4.25,4.440000057220459,4.210000038146973,4.289999961853027,41400,0.0,0.0
2023-09-21 00:00:00-04:00,4.170000076293945,4.25,4.010000228881836,4.070000171661377,49600,0.0,0.0
2023-09-22 00:00:00-04:00,4.050000190734863,4.070000171661377,3.7200000286102295,3.759999990463257,93800,0.0,0.0
2023-09-25 00:00:00-04:00,3.700000047683716,4.050000190734863,3.549999952316284,4.050000190734863,110800,0.0,0.0
2023-09-26 00:00:00-04:00,4.0,4.25,3.950000047683716,4.010000228881836,39900,0.0,0.0
2023-09-27 00:00:00-04:00,4.050000190734863,4.139999866485596,3.7100000381469727,3.799999952316284,65600,0.0,0.0
2023-09-28 00:00:00-04:00,3.799999952316284,4.349999904632568,3.609999895095825,4.28000020980835,315100,0.0,0.0
2023-09-29 00:00:00-04:00,4.269999980926514,4.409999847412109,4.070000171661377,4.090000152587891,52600,0.0,0.0
2023-10-02 00:00:00-04:00,4.449999809265137,4.809999942779541,4.199999809265137,4.5,211300,0.0,0.0
2023-10-03 00:00:00-04:00,4.420000076293945,4.420000076293945,4.019999980926514,4.039999961853027,74300,0.0,0.0
2023-10-04 00:00:00-04:00,4.239999771118164,4.389999866485596,4.050000190734863,4.309999942779541,78300,0.0,0.0
2023-10-05 00:00:00-04:00,4.340000152587891,4.550000190734863,4.099999904632568,4.150000095367432,99900,0.0,0.0
2023-10-06 00:00:00-04:00,4.099999904632568,4.489999771118164,3.9700000286102295,4.239999771118164,169700,0.0,0.0
2023-10-09 00:00:00-04:00,4.0,4.179999828338623,3.75,3.7799999713897705,139300,0.0,0.0
2023-10-10 00:00:00-04:00,3.799999952316284,4.090000152587891,3.799999952316284,4.019999980926514,65300,0.0,0.0
2023-10-11 00:00:00-04:00,4.0,4.239999771118164,3.809999942779541,3.9000000953674316,74700,0.0,0.0
2023-10-12 00:00:00-04:00,3.9100000858306885,3.9700000286102295,3.809999942779541,3.9100000858306885,22400,0.0,0.0
2023-10-13 00:00:00-04:00,3.9000000953674316,4.050000190734863,3.5999999046325684,3.7300000190734863,64600,0.0,0.0
2023-10-16 00:00:00-04:00,3.880000114440918,4.269999980926514,3.7100000381469727,4.199999809265137,251600,0.0,0.0
2023-10-17 00:00:00-04:00,4.019999980926514,4.400000095367432,3.9200000762939453,4.309999942779541,133400,0.0,0.0
2023-10-18 00:00:00-04:00,4.320000171661377,4.360000133514404,3.9800000190734863,4.050000190734863,59400,0.0,0.0
2023-10-19 00:00:00-04:00,4.079999923706055,4.199999809265137,3.950000047683716,4.03000020980835,33400,0.0,0.0
2023-10-20 00:00:00-04:00,4.099999904632568,4.25,3.799999952316284,3.9800000190734863,121400,0.0,0.0
2023-10-23 00:00:00-04:00,4.019999980926514,4.989999771118164,3.9000000953674316,4.840000152587891,444700,0.0,0.0
2023-10-24 00:00:00-04:00,5.329999923706055,5.789999961853027,5.050000190734863,5.210000038146973,512400,0.0,0.0
2023-10-25 00:00:00-04:00,5.119999885559082,5.670000076293945,4.880000114440918,5.28000020980835,210300,0.0,0.0
2023-10-26 00:00:00-04:00,5.119999885559082,5.230000019073486,4.679999828338623,4.900000095367432,206900,0.0,0.0
2023-10-27 00:00:00-04:00,4.96999979019165,5.230000019073486,4.75,4.900000095367432,106500,0.0,0.0
2023-10-30 00:00:00-04:00,4.949999809265137,5.269999980926514,4.849999904632568,5.130000114440918,135900,0.0,0.0
2023-10-31 00:00:00-04:00,5.119999885559082,5.340000152587891,5.059999942779541,5.059999942779541,95000,0.0,0.0
2023-11-01 00:00:00-04:00,5.210000038146973,5.269999980926514,4.989999771118164,5.25,78000,0.0,0.0
2023-11-02 00:00:00-04:00,5.320000171661377,6.050000190734863,5.320000171661377,5.880000114440918,292700,0.0,0.0
2023-11-03 00:00:00-04:00,6.0,6.0,5.5,5.659999847412109,101400,0.0,0.0
2023-11-06 00:00:00-05:00,5.840000152587891,6.099999904632568,5.599999904632568,5.980000019073486,116300,0.0,0.0
2023-11-07 00:00:00-05:00,5.960000038146973,6.340000152587891,5.699999809265137,6.230000019073486,158200,0.0,0.0
2023-11-08 00:00:00-05:00,6.440000057220459,6.440000057220459,5.809999942779541,6.039999961853027,98300,0.0,0.0
2023-11-09 00:00:00-05:00,6.349999904632568,6.900000095367432,5.320000171661377,5.840000152587891,416500,0.0,0.0
2023-11-10 00:00:00-05:00,5.840000152587891,6.0,5.510000228881836,5.829999923706055,106400,0.0,0.0
2023-11-13 00:00:00-05:00,5.599999904632568,5.650000095367432,5.019999980926514,5.199999809265137,118900,0.0,0.0
2023-11-14 00:00:00-05:00,5.360000133514404,5.579999923706055,5.0,5.179999828338623,104400,0.0,0.0
2023-11-15 00:00:00-05:00,5.400000095367432,5.420000076293945,4.920000076293945,5.300000190734863,251900,0.0,0.0
2023-11-16 00:00:00-05:00,5.179999828338623,5.260000228881836,4.829999923706055,4.96999979019165,68500,0.0,0.0
2023-11-17 00:00:00-05:00,4.960000038146973,5.050000190734863,4.75,4.960000038146973,100700,0.0,0.0
2023-11-20 00:00:00-05:00,4.869999885559082,5.079999923706055,4.769999980926514,4.940000057220459,141700,0.0,0.0
2023-11-21 00:00:00-05:00,4.809999942779541,4.880000114440918,4.510000228881836,4.550000190734863,92100,0.0,0.0
2023-11-22 00:00:00-05:00,4.619999885559082,5.050000190734863,4.510000228881836,4.900000095367432,99800,0.0,0.0
2023-11-24 00:00:00-05:00,4.949999809265137,5.090000152587891,4.730000019073486,5.010000228881836,88700,0.0,0.0
2023-11-27 00:00:00-05:00,4.96999979019165,5.070000171661377,4.5,4.559999942779541,191600,0.0,0.0
2023-11-28 00:00:00-05:00,4.650000095367432,4.909999847412109,4.559999942779541,4.610000133514404,258200,0.0,0.0
2023-11-29 00:00:00-05:00,4.929999828338623,5.110000133514404,4.710000038146973,5.03000020980835,253900,0.0,0.0
2023-11-30 00:00:00-05:00,5.199999809265137,5.199999809265137,4.559999942779541,4.78000020980835,157100,0.0,0.0
2023-12-01 00:00:00-05:00,4.760000228881836,5.400000095367432,4.760000228881836,5.349999904632568,477500,0.0,0.0
2023-12-04 00:00:00-05:00,5.849999904632568,6.03000020980835,5.349999904632568,5.670000076293945,375900,0.0,0.0
2023-12-05 00:00:00-05:00,5.659999847412109,5.900000095367432,5.25,5.309999942779541,791500,0.0,0.0
2023-12-06 00:00:00-05:00,5.440000057220459,5.550000190734863,4.909999847412109,4.949999809265137,284800,0.0,0.0
2023-12-07 00:00:00-05:00,4.869999885559082,5.079999923706055,4.5,4.5,236900,0.0,0.0
2023-12-08 00:00:00-05:00,4.519999980926514,5.340000152587891,4.5,5.340000152587891,285600,0.0,0.0
2023-12-11 00:00:00-05:00,5.21999979019165,5.21999979019165,4.739999771118164,4.829999923706055,174600,0.0,0.0
2023-12-12 00:00:00-05:00,5.059999942779541,5.289999961853027,4.849999904632568,5.079999923706055,121500,0.0,0.0
2023-12-13 00:00:00-05:00,5.090000152587891,5.349999904632568,4.929999828338623,5.300000190734863,207500,0.0,0.0
2023-12-14 00:00:00-05:00,5.28000020980835,5.480000019073486,4.75,4.760000228881836,348400,0.0,0.0
2023-12-15 00:00:00-05:00,4.829999923706055,5.179999828338623,4.769999980926514,5.070000171661377,155100,0.0,0.0
2023-12-18 00:00:00-05:00,4.989999771118164,5.28000020980835,4.909999847412109,5.099999904632568,327100,0.0,0.0
2023-12-19 00:00:00-05:00,5.210000038146973,5.25,4.920000076293945,5.090000152587891,409100,0.0,0.0
2023-12-20 00:00:00-05:00,5.25,5.320000171661377,4.690000057220459,4.869999885559082,929900,0.0,0.0
2023-12-21 00:00:00-05:00,5.010000228881836,5.199999809265137,4.75,5.150000095367432,390300,0.0,0.0
2023-12-22 00:00:00-05:00,5.170000076293945,6.289999961853027,5.050000190734863,5.960000038146973,1614200,0.0,0.0
2023-12-26 00:00:00-05:00,6.0,6.769999980926514,5.980000019073486,6.639999866485596,1178700,0.0,0.0
2023-12-27 00:00:00-05:00,7.0,9.260000228881836,6.889999866485596,8.369999885559082,3977200,0.0,0.0
2023-12-28 00:00:00-05:00,8.350000381469727,8.579999923706055,6.800000190734863,7.599999904632568,1224600,0.0,0.0
2023-12-29 00:00:00-05:00,7.96999979019165,8.390000343322754,6.050000190734863,6.710000038146973,1324100,0.0,0.0
2024-01-02 00:00:00-05:00,7.510000228881836,7.519999980926514,6.610000133514404,6.820000171661377,745100,0.0,0.0
2024-01-03 00:00:00-05:00,6.099999904632568,6.710000038146973,5.599999904632568,6.050000190734863,835200,0.0,0.0
2024-01-04 00:00:00-05:00,6.239999771118164,6.849999904632568,6.070000171661377,6.659999847412109,464200,0.0,0.0
2024-01-05 00:00:00-05:00,6.539999961853027,6.659999847412109,6.070000171661377,6.329999923706055,398700,0.0,0.0
2024-01-08 00:00:00-05:00,6.349999904632568,6.739999771118164,5.800000190734863,6.489999771118164,450500,0.0,0.0
2024-01-09 00:00:00-05:00,6.320000171661377,6.53000020980835,5.920000076293945,5.940000057220459,391700,0.0,0.0
2024-01-10 00:00:00-05:00,6.059999942779541,6.309999942779541,5.53000020980835,5.75,572800,0.0,0.0
2024-01-11 00:00:00-05:00,6.349999904632568,6.75,5.380000114440918,5.610000133514404,856900,0.0,0.0
2024-01-12 00:00:00-05:00,5.300000190734863,5.539999961853027,4.539999961853027,4.579999923706055,783600,0.0,0.0
2024-01-16 00:00:00-05:00,4.5,4.570000171661377,4.099999904632568,4.199999809265137,522400,0.0,0.0
2024-01-17 00:00:00-05:00,4.150000095367432,4.159999847412109,3.8499999046325684,4.03000020980835,684300,0.0,0.0
2024-01-18 00:00:00-05:00,4.039999961853027,4.139999866485596,3.5999999046325684,3.630000114440918,452000,0.0,0.0
2024-01-19 00:00:00-05:00,3.7100000381469727,3.9800000190734863,3.4100000858306885,3.859999895095825,416200,0.0,0.0
2024-01-22 00:00:00-05:00,3.859999895095825,4.199999809265137,3.7799999713897705,3.950000047683716,317400,0.0,0.0
2024-01-23 00:00:00-05:00,3.8499999046325684,3.869999885559082,3.5199999809265137,3.5399999618530273,299300,0.0,0.0
2024-01-24 00:00:00-05:00,3.630000114440918,3.7300000190734863,3.359999895095825,3.430000066757202,249900,0.0,0.0
2024-01-25 00:00:00-05:00,3.4600000381469727,3.6500000953674316,3.369999885559082,3.630000114440918,155000,0.0,0.0
2024-01-26 00:00:00-05:00,3.75,4.230000019073486,3.75,3.880000114440918,434600,0.0,0.0
2024-01-29 00:00:00-05:00,3.8399999141693115,4.25,3.819999933242798,4.070000171661377,273600,0.0,0.0
2024-01-30 00:00:00-05:00,4.150000095367432,4.159999847412109,3.6600000858306885,3.75,294100,0.0,0.0
2024-01-31 00:00:00-05:00,3.6500000953674316,3.8299999237060547,3.5799999237060547,3.6500000953674316,148000,0.0,0.0
2024-02-01 00:00:00-05:00,3.700000047683716,3.9700000286102295,3.619999885559082,3.740000009536743,308800,0.0,0.0
2024-02-02 00:00:00-05:00,3.700000047683716,3.7100000381469727,3.1500000953674316,3.390000104904175,367700,0.0,0.0
2024-02-05 00:00:00-05:00,3.440000057220459,3.5399999618530273,3.2100000381469727,3.309999942779541,167900,0.0,0.0
2024-02-06 00:00:00-05:00,3.299999952316284,3.390000104904175,3.130000114440918,3.309999942779541,208200,0.0,0.0
2024-02-07 00:00:00-05:00,3.299999952316284,3.5799999237060547,3.180000066757202,3.390000104904175,304900,0.0,0.0
2024-02-08 00:00:00-05:00,3.609999895095825,4.570000171661377,3.5299999713897705,4.409999847412109,823900,0.0,0.0
2024-02-09 00:00:00-05:00,4.960000038146973,5.059999942779541,4.449999809265137,4.760000228881836,791000,0.0,0.0
2024-02-12 00:00:00-05:00,4.710000038146973,5.449999809265137,4.699999809265137,5.070000171661377,879200,0.0,0.0
2024-02-13 00:00:00-05:00,4.420000076293945,4.710000038146973,4.070000171661377,4.349999904632568,340800,0.0,0.0
2024-02-14 00:00:00-05:00,5.010000228881836,5.039999961853027,4.400000095367432,4.579999923706055,529300,0.0,0.0
2024-02-15 00:00:00-05:00,4.579999923706055,4.579999923706055,4.03000020980835,4.03000020980835,596600,0.0,0.0
2024-02-16 00:00:00-05:00,4.039999961853027,4.28000020980835,3.9200000762939453,4.03000020980835,267600,0.0,0.0
2024-02-20 00:00:00-05:00,4.119999885559082,4.119999885559082,3.7899999618530273,3.9100000858306885,188500,0.0,0.0
2024-02-21 00:00:00-05:00,3.8299999237060547,4.170000076293945,3.819999933242798,4.070000171661377,139500,0.0,0.0
2024-02-22 00:00:00-05:00,4.010000228881836,4.159999847412109,3.869999885559082,3.869999885559082,339400,0.0,0.0
2024-02-23 00:00:00-05:00,3.869999885559082,3.950000047683716,3.7200000286102295,3.7899999618530273,114700,0.0,0.0
2024-02-26 00:00:00-05:00,3.819999933242798,4.320000171661377,3.7799999713897705,4.239999771118164,372500,0.0,0.0
2024-02-27 00:00:00-05:00,4.400000095367432,4.519999980926514,3.890000104904175,4.139999866485596,445100,0.0,0.0
2024-02-28 00:00:00-05:00,4.309999942779541,4.489999771118164,3.880000114440918,3.890000104904175,786600,0.0,0.0
2024-02-29 00:00:00-05:00,3.950000047683716,4.010000228881836,3.609999895095825,3.700000047683716,398400,0.0,0.0
2024-03-01 00:00:00-05:00,3.700000047683716,3.819999933242798,3.509999990463257,3.7699999809265137,226000,0.0,0.0
2024-03-04 00:00:00-05:00,3.8499999046325684,4.0,3.680000066757202,3.859999895095825,451000,0.0,0.0
2024-03-05 00:00:00-05:00,3.759999990463257,4.380000114440918,3.680000066757202,3.7100000381469727,816000,0.0,0.0
2024-03-06 00:00:00-05:00,3.7300000190734863,3.809999942779541,3.450000047683716,3.549999952316284,344100,0.0,0.0
2024-03-07 00:00:00-05:00,3.630000114440918,3.7699999809265137,3.5799999237060547,3.6600000858306885,177100,0.0,0.0
2024-03-08 00:00:00-05:00,3.7200000286102295,3.990000009536743,3.6500000953674316,3.7699999809265137,291500,0.0,0.0
2024-03-11 00:00:00-04:00,3.8499999046325684,4.0,3.6600000858306885,3.700000047683716,375000,0.0,0.0
2024-03-12 00:00:00-04:00,3.640000104904175,3.680000066757202,3.359999895095825,3.440000057220459,325200,0.0,0.0
2024-03-13 00:00:00-04:00,3.430000066757202,3.559999942779541,3.390000104904175,3.5299999713897705,244500,0.0,0.0
2024-03-14 00:00:00-04:00,3.5199999809265137,3.5199999809265137,3.25,3.359999895095825,171300,0.0,0.0
2024-03-15 00:00:00-04:00,3.259999990463257,3.630000114440918,3.259999990463257,3.490000009536743,218000,0.0,0.0
2024-03-18 00:00:00-04:00,3.490000009536743,3.569999933242798,3.319999933242798,3.4200000762939453,104900,0.0,0.0
2024-03-19 00:00:00-04:00,3.3399999141693115,3.4200000762939453,3.1500000953674316,3.2899999618530273,160300,0.0,0.0
2024-03-20 00:00:00-04:00,3.359999895095825,3.6500000953674316,3.2300000190734863,3.5999999046325684,291000,0.0,0.0
2024-03-21 00:00:00-04:00,3.6700000762939453,3.759999990463257,3.4800000190734863,3.509999990463257,263000,0.0,0.0
2024-03-22 00:00:00-04:00,3.430000066757202,3.509999990463257,3.309999942779541,3.309999942779541,190600,0.0,0.0
2024-03-25 00:00:00-04:00,3.359999895095825,3.569999933242798,3.3499999046325684,3.380000114440918,278200,0.0,0.0
2024-03-26 00:00:00-04:00,3.450000047683716,3.450000047683716,3.2300000190734863,3.25,203000,0.0,0.0
2024-03-27 00:00:00-04:00,3.299999952316284,3.5,3.240000009536743,3.490000009536743,276500,0.0,0.0
2024-03-28 00:00:00-04:00,3.380000114440918,3.6500000953674316,3.380000114440918,3.5,274200,0.0,0.0
2024-04-01 00:00:00-04:00,3.4800000190734863,3.5399999618530273,3.3399999141693115,3.369999885559082,188700,0.0,0.0
2024-04-02 00:00:00-04:00,3.299999952316284,3.309999942779541,3.0999999046325684,3.1500000953674316,245500,0.0,0.0
2024-04-03 00:00:00-04:00,3.1600000858306885,3.3299999237060547,3.119999885559082,3.2200000286102295,126400,0.0,0.0
2024-04-04 00:00:00-04:00,3.309999942779541,3.3499999046325684,3.1700000762939453,3.190000057220459,115700,0.0,0.0
2024-04-05 00:00:00-04:00,3.2200000286102295,3.25,3.130000114440918,3.2200000286102295,78600,0.0,0.0
2024-04-08 00:00:00-04:00,3.2300000190734863,3.430000066757202,3.2300000190734863,3.3399999141693115,142600,0.0,0.0
2024-04-09 00:00:00-04:00,3.369999885559082,3.5799999237060547,3.319999933242798,3.490000009536743,180400,0.0,0.0
2024-04-10 00:00:00-04:00,3.4000000953674316,3.4000000953674316,3.130000114440918,3.2100000381469727,243900,0.0,0.0
2024-04-11 00:00:00-04:00,3.259999990463257,3.2699999809265137,3.140000104904175,3.1700000762939453,86500,0.0,0.0
2024-04-12 00:00:00-04:00,3.1700000762939453,3.1700000762939453,2.75,2.799999952316284,273500,0.0,0.0
2024-04-15 00:00:00-04:00,2.8499999046325684,2.859999895095825,2.4700000286102295,2.5399999618530273,151600,0.0,0.0
2024-04-16 00:00:00-04:00,2.5,2.5,2.1700000762939453,2.240000009536743,249500,0.0,0.0
2024-04-17 00:00:00-04:00,2.369999885559082,2.440000057220459,2.259999990463257,2.3399999141693115,133300,0.0,0.0
2024-04-18 00:00:00-04:00,2.369999885559082,2.559999942779541,2.3499999046325684,2.4600000381469727,96400,0.0,0.0
2024-04-19 00:00:00-04:00,2.4600000381469727,2.549999952316284,2.4100000858306885,2.5,102300,0.0,0.0
2024-04-22 00:00:00-04:00,2.569999933242798,2.9200000762939453,2.509999990463257,2.890000104904175,189600,0.0,0.0
2024-04-23 00:00:00-04:00,2.9100000858306885,3.0199999809265137,2.869999885559082,2.950000047683716,117000,0.0,0.0
2024-04-24 00:00:00-04:00,2.890000104904175,2.940000057220459,2.700000047683716,2.799999952316284,126000,0.0,0.0
2024-04-25 00:00:00-04:00,2.759999990463257,2.940000057220459,2.700000047683716,2.930000066757202,84200,0.0,0.0
2024-04-26 00:00:00-04:00,2.9800000190734863,2.9800000190734863,2.75,2.7899999618530273,71100,0.0,0.0
2024-04-29 00:00:00-04:00,2.8399999141693115,2.880000114440918,2.640000104904175,2.809999942779541,81800,0.0,0.0
2024-04-30 00:00:00-04:00,2.799999952316284,2.859999895095825,2.6500000953674316,2.680000066757202,72300,0.0,0.0
2024-05-01 00:00:00-04:00,2.7100000381469727,2.8299999237060547,2.609999895095825,2.680000066757202,53800,0.0,0.0
2024-05-02 00:00:00-04:00,2.75,2.7899999618530273,2.299999952316284,2.319999933242798,355000,0.0,0.0
2024-05-03 00:00:00-04:00,2.4800000190734863,2.5799999237060547,2.3299999237060547,2.5299999713897705,155800,0.0,0.0
2024-05-06 00:00:00-04:00,2.5799999237060547,2.680000066757202,2.5199999809265137,2.559999942779541,134100,0.0,0.0
2024-05-07 00:00:00-04:00,2.5799999237060547,2.5899999141693115,2.3299999237060547,2.440000057220459,145100,0.0,0.0
2024-05-08 00:00:00-04:00,2.380000114440918,2.6500000953674316,2.259999990463257,2.640000104904175,139600,0.0,0.0
2024-05-09 00:00:00-04:00,2.640000104904175,2.640000104904175,2.5,2.5399999618530273,46900,0.0,0.0
2024-05-10 00:00:00-04:00,2.5299999713897705,2.5799999237060547,2.440000057220459,2.490000009536743,62300,0.0,0.0
2024-05-13 00:00:00-04:00,2.5299999713897705,2.569999933242798,2.3499999046325684,2.390000104904175,171700,0.0,0.0
2024-05-14 00:00:00-04:00,2.390000104904175,2.7300000190734863,2.3299999237060547,2.490000009536743,303200,0.0,0.0
2024-05-15 00:00:00-04:00,2.559999942779541,2.609999895095825,2.4100000858306885,2.509999990463257,259900,0.0,0.0
2024-05-16 00:00:00-04:00,2.5,2.640000104904175,2.4800000190734863,2.4800000190734863,149200,0.0,0.0
2024-05-17 00:00:00-04:00,2.4800000190734863,2.5899999141693115,2.430000066757202,2.4700000286102295,128000,0.0,0.0
2024-05-20 00:00:00-04:00,2.5299999713897705,2.8499999046325684,2.4100000858306885,2.8499999046325684,288600,0.0,0.0
2024-05-21 00:00:00-04:00,2.7200000286102295,2.9600000381469727,2.690000057220459,2.740000009536743,154100,0.0,0.0
2024-05-22 00:00:00-04:00,2.7200000286102295,3.130000114440918,2.6500000953674316,2.9100000858306885,240500,0.0,0.0
2024-05-23 00:00:00-04:00,2.9200000762939453,2.9600000381469727,2.700000047683716,2.809999942779541,109000,0.0,0.0
2024-05-24 00:00:00-04:00,2.8299999237060547,2.950000047683716,2.7799999713897705,2.930000066757202,160900,0.0,0.0
2024-05-28 00:00:00-04:00,2.930000066757202,3.049999952316284,2.799999952316284,2.8299999237060547,78600,0.0,0.0
2024-05-29 00:00:00-04:00,2.7799999713897705,2.819999933242798,2.680000066757202,2.75,56900,0.0,0.0
2024-05-30 00:00:00-04:00,2.8499999046325684,2.9200000762939453,2.7799999713897705,2.8399999141693115,107100,0.0,0.0
2024-05-31 00:00:00-04:00,2.809999942779541,2.950000047683716,2.559999942779541,2.619999885559082,219300,0.0,0.0
2024-06-03 00:00:00-04:00,2.6500000953674316,2.8399999141693115,2.559999942779541,2.700000047683716,232700,0.0,0.0
2024-06-04 00:00:00-04:00,2.619999885559082,2.9200000762939453,2.619999885559082,2.7699999809265137,260700,0.0,0.0
2024-06-05 00:00:00-04:00,2.809999942779541,2.9800000190734863,2.700000047683716,2.9000000953674316,266400,0.0,0.0
2024-06-06 00:00:00-04:00,2.880000114440918,3.0799999237060547,2.7799999713897705,2.9800000190734863,304100,0.0,0.0
2024-06-07 00:00:00-04:00,2.9800000190734863,3.069999933242798,2.609999895095825,2.690000057220459,423600,0.0,0.0
2024-06-10 00:00:00-04:00,2.75,2.869999885559082,2.619999885559082,2.7100000381469727,270900,0.0,0.0
2024-06-11 00:00:00-04:00,2.6500000953674316,2.950000047683716,2.6500000953674316,2.9100000858306885,328500,0.0,0.0
2024-06-12 00:00:00-04:00,3.009999990463257,3.2799999713897705,3.0,3.0399999618530273,490800,0.0,0.0
2024-06-13 00:00:00-04:00,3.049999952316284,3.380000114440918,3.049999952316284,3.369999885559082,406900,0.0,0.0
2024-06-14 00:00:00-04:00,3.380000114440918,3.5899999141693115,3.1500000953674316,3.259999990463257,549200,0.0,0.0
2024-06-17 00:00:00-04:00,3.190000057220459,3.3499999046325684,2.9600000381469727,3.200000047683716,432100,0.0,0.0
2024-06-18 00:00:00-04:00,3.1600000858306885,3.2100000381469727,2.9800000190734863,3.0,371500,0.0,0.0
2024-06-20 00:00:00-04:00,3.1500000953674316,3.4000000953674316,3.049999952316284,3.25,362900,0.0,0.0
2024-06-21 00:00:00-04:00,3.130000114440918,3.1700000762939453,2.690000057220459,2.759999990463257,419400,0.0,0.0
2024-06-24 00:00:00-04:00,2.690000057220459,2.8399999141693115,2.4600000381469727,2.4800000190734863,216000,0.0,0.0
2024-06-25 00:00:00-04:00,2.559999942779541,2.680000066757202,2.5399999618530273,2.559999942779541,202400,0.0,0.0
2024-06-26 00:00:00-04:00,2.509999990463257,2.75,2.509999990463257,2.6700000762939453,210400,0.0,0.0
2024-06-27 00:00:00-04:00,2.630000114440918,2.8299999237060547,2.630000114440918,2.7799999713897705,111900,0.0,0.0
2024-06-28 00:00:00-04:00,2.819999933242798,2.8399999141693115,2.5999999046325684,2.690000057220459,146400,0.0,0.0
2024-07-01 00:00:00-04:00,2.799999952316284,3.25,2.7699999809265137,3.180000066757202,327600,0.0,0.0
2024-07-02 00:00:00-04:00,3.180000066757202,3.240000009536743,2.9800000190734863,3.049999952316284,201100,0.0,0.0
2024-07-03 00:00:00-04:00,3.119999885559082,3.180000066757202,2.9800000190734863,3.180000066757202,145800,0.0,0.0
2024-07-05 00:00:00-04:00,2.990000009536743,3.2200000286102295,2.990000009536743,3.0999999046325684,210000,0.0,0.0
2024-07-08 00:00:00-04:00,3.140000104904175,3.369999885559082,3.059999942779541,3.0899999141693115,101400,0.0,0.0
2024-07-09 00:00:00-04:00,3.049999952316284,3.119999885559082,2.9100000858306885,2.930000066757202,220900,0.0,0.0
2024-07-10 00:00:00-04:00,2.9600000381469727,3.0199999809265137,2.8399999141693115,2.890000104904175,53200,0.0,0.0
2024-07-11 00:00:00-04:00,2.9100000858306885,2.950000047683716,2.7200000286102295,2.799999952316284,216500,0.0,0.0
2024-07-12 00:00:00-04:00,2.740000009536743,2.990000009536743,2.7200000286102295,2.950000047683716,199300,0.0,0.0
2024-07-15 00:00:00-04:00,3.0999999046325684,3.2300000190734863,3.0199999809265137,3.0799999237060547,226600,0.0,0.0
2024-07-16 00:00:00-04:00,3.109999895095825,3.569999933242798,3.0899999141693115,3.4700000286102295,373600,0.0,0.0
2024-07-17 00:00:00-04:00,3.440000057220459,3.640000104904175,3.130000114440918,3.240000009536743,228900,0.0,0.0
2024-07-18 00:00:00-04:00,3.200000047683716,3.25,2.9000000953674316,2.9600000381469727,190800,0.0,0.0
2024-07-19 00:00:00-04:00,3.009999990463257,3.2100000381469727,2.940000057220459,3.140000104904175,238500,0.0,0.0
2024-07-22 00:00:00-04:00,3.2699999809265137,3.2699999809265137,3.009999990463257,3.0299999713897705,191800,0.0,0.0
2024-07-23 00:00:00-04:00,2.9700000286102295,3.1700000762939453,2.9000000953674316,2.9100000858306885,165500,0.0,0.0
2024-07-24 00:00:00-04:00,2.859999895095825,3.0,2.6500000953674316,2.690000057220459,251500,0.0,0.0
2024-07-25 00:00:00-04:00,2.75,2.819999933242798,2.609999895095825,2.6500000953674316,146800,0.0,0.0
2024-07-26 00:00:00-04:00,2.7899999618530273,2.7899999618530273,2.630000114440918,2.7699999809265137,162700,0.0,0.0
2024-07-29 00:00:00-04:00,2.940000057220459,3.0299999713897705,2.7200000286102295,2.75,207400,0.0,0.0
2024-07-30 00:00:00-04:00,2.7300000190734863,2.759999990463257,2.619999885559082,2.640000104904175,189600,0.0,0.0
2024-07-31 00:00:00-04:00,2.640000104904175,2.809999942779541,2.619999885559082,2.740000009536743,151500,0.0,0.0
2024-08-01 00:00:00-04:00,2.740000009536743,2.759999990463257,2.4600000381469727,2.5,240800,0.0,0.0
2024-08-02 00:00:00-04:00,2.4000000953674316,2.450000047683716,2.2699999809265137,2.2899999618530273,224600,0.0,0.0
2024-08-05 00:00:00-04:00,1.9800000190734863,2.180000066757202,1.899999976158142,2.0399999618530273,251300,0.0,0.0
2024-08-06 00:00:00-04:00,2.0999999046325684,2.1600000858306885,2.0199999809265137,2.049999952316284,113300,0.0,0.0
2024-08-07 00:00:00-04:00,2.130000114440918,2.130000114440918,1.899999976158142,1.9500000476837158,200200,0.0,0.0
2024-08-08 00:00:00-04:00,1.9600000381469727,2.130000114440918,1.9600000381469727,2.069999933242798,154800,0.0,0.0
2024-08-09 00:00:00-04:00,2.0199999809265137,2.0999999046325684,2.0,2.0199999809265137,90500,0.0,0.0
2024-08-12 00:00:00-04:00,2.0399999618530273,2.069999933242798,1.850000023841858,1.8700000047683716,152800,0.0,0.0
2024-08-13 00:00:00-04:00,1.8799999952316284,1.9199999570846558,1.840000033378601,1.899999976158142,187800,0.0,0.0
2024-08-14 00:00:00-04:00,1.8600000143051147,1.9900000095367432,1.75,1.8300000429153442,196900,0.0,0.0
2024-08-15 00:00:00-04:00,1.8300000429153442,1.8899999856948853,1.649999976158142,1.690000057220459,380200,0.0,0.0
2024-08-16 00:00:00-04:00,1.6399999856948853,1.8700000047683716,1.6399999856948853,1.840000033378601,171000,0.0,0.0
2024-08-19 00:00:00-04:00,1.850000023841858,1.9199999570846558,1.809999942779541,1.909999966621399,133600,0.0,0.0
2024-08-20 00:00:00-04:00,1.9500000476837158,2.0399999618530273,1.840000033378601,1.9500000476837158,96800,0.0,0.0
2024-08-21 00:00:00-04:00,1.9199999570846558,2.2300000190734863,1.8799999952316284,2.2100000381469727,227600,0.0,0.0
2024-08-22 00:00:00-04:00,2.1500000953674316,2.1500000953674316,2.0199999809265137,2.0299999713897705,146900,0.0,0.0
2024-08-23 00:00:00-04:00,2.0899999141693115,2.309999942779541,2.059999942779541,2.180000066757202,215300,0.0,0.0
2024-08-26 00:00:00-04:00,2.25,2.299999952316284,2.109999895095825,2.190000057220459,159000,0.0,0.0
2024-08-27 00:00:00-04:00,2.140000104904175,2.1700000762939453,1.9500000476837158,2.0399999618530273,166100,0.0,0.0
2024-08-28 00:00:00-04:00,2.0299999713897705,2.0299999713897705,1.8899999856948853,1.899999976158142,116100,0.0,0.0
2024-08-29 00:00:00-04:00,1.9299999475479126,2.0199999809265137,1.909999966621399,1.9700000286102295,91600,0.0,0.0
2024-08-30 00:00:00-04:00,1.9900000095367432,1.9900000095367432,1.8799999952316284,1.899999976158142,40100,0.0,0.0
2024-09-03 00:00:00-04:00,1.909999966621399,1.909999966621399,1.7100000381469727,1.7699999809265137,94600,0.0,0.0
2024-09-04 00:00:00-04:00,1.7899999618530273,1.7899999618530273,1.690000057220459,1.7000000476837158,97400,0.0,0.0
2024-09-05 00:00:00-04:00,1.75,1.7699999809265137,1.6399999856948853,1.690000057220459,91800,0.0,0.0
2024-09-06 00:00:00-04:00,1.7999999523162842,1.8600000143051147,1.6200000047683716,1.7000000476837158,108000,0.0,0.0
2024-09-09 00:00:00-04:00,1.850000023841858,1.940000057220459,1.7200000286102295,1.8899999856948853,126700,0.0,0.0
2024-09-10 00:00:00-04:00,1.9199999570846558,2.0299999713897705,1.8600000143051147,1.9700000286102295,105600,0.0,0.0
2024-09-11 00:00:00-04:00,1.9299999475479126,1.9299999475479126,1.8200000524520874,1.8700000047683716,74500,0.0,0.0
2024-09-12 00:00:00-04:00,1.8899999856948853,1.909999966621399,1.7899999618530273,1.7999999523162842,198400,0.0,0.0
2024-09-13 00:00:00-04:00,1.809999942779541,1.9700000286102295,1.809999942779541,1.8899999856948853,113800,0.0,0.0
2024-09-16 00:00:00-04:00,1.850000023841858,1.850000023841858,1.7899999618530273,1.7999999523162842,83500,0.0,0.0
2024-09-17 00:00:00-04:00,1.850000023841858,1.9500000476837158,1.7999999523162842,1.8799999952316284,101900,0.0,0.0
2024-09-18 00:00:00-04:00,1.8700000047683716,1.9199999570846558,1.7699999809265137,1.7699999809265137,110400,0.0,0.0
2024-09-19 00:00:00-04:00,1.850000023841858,1.8799999952316284,1.7599999904632568,1.7699999809265137,219500,0.0,0.0
2024-09-20 00:00:00-04:00,1.7599999904632568,1.8600000143051147,1.7400000095367432,1.7899999618530273,143600,0.0,0.0
2024-09-23 00:00:00-04:00,1.7899999618530273,1.809999942779541,1.7200000286102295,1.7699999809265137,97600,0.0,0.0
2024-09-24 00:00:00-04:00,1.809999942779541,1.850000023841858,1.7400000095367432,1.8300000429153442,82300,0.0,0.0
2024-09-25 00:00:00-04:00,1.840000033378601,1.850000023841858,1.7799999713897705,1.8300000429153442,61800,0.0,0.0
2024-09-26 00:00:00-04:00,1.8300000429153442,1.9800000190734863,1.8300000429153442,1.9500000476837158,289200,0.0,0.0
2024-09-27 00:00:00-04:00,1.9500000476837158,2.0999999046325684,1.8899999856948853,1.9600000381469727,238500,0.0,0.0
2024-09-30 00:00:00-04:00,1.9500000476837158,1.9500000476837158,1.7999999523162842,1.809999942779541,136700,0.0,0.0
2024-10-01 00:00:00-04:00,1.8200000524520874,1.8300000429153442,1.7300000190734863,1.7599999904632568,89400,0.0,0.0
2024-10-02 00:00:00-04:00,1.7599999904632568,1.850000023841858,1.75,1.809999942779541,70800,0.0,0.0
2024-10-03 00:00:00-04:00,1.809999942779541,1.899999976158142,1.7999999523162842,1.8899999856948853,53000,0.0,0.0
2024-10-04 00:00:00-04:00,1.8899999856948853,1.9700000286102295,1.809999942779541,1.9199999570846558,142300,0.0,0.0
2024-10-07 00:00:00-04:00,1.9199999570846558,2.0399999618530273,1.7799999713897705,1.8899999856948853,196400,0.0,0.0
2024-10-08 00:00:00-04:00,1.8600000143051147,1.8899999856948853,1.840000033378601,1.8799999952316284,60900,0.0,0.0
2024-10-09 00:00:00-04:00,1.8700000047683716,1.9299999475479126,1.850000023841858,1.8899999856948853,40900,0.0,0.0
2024-10-10 00:00:00-04:00,1.8600000143051147,1.8899999856948853,1.840000033378601,1.8899999856948853,40400,0.0,0.0
2024-10-11 00:00:00-04:00,1.8899999856948853,2.1500000953674316,1.8899999856948853,2.130000114440918,253800,0.0,0.0
2024-10-14 00:00:00-04:00,2.1700000762939453,2.5,2.1600000858306885,2.2200000286102295,389600,0.0,0.0
2024-10-15 00:00:00-04:00,2.240000009536743,2.440000057220459,2.180000066757202,2.3299999237060547,417000,0.0,0.0
2024-10-16 00:00:00-04:00,2.359999895095825,2.4700000286102295,2.309999942779541,2.4100000858306885,317900,0.0,0.0
2024-10-17 00:00:00-04:00,2.390000104904175,2.390000104904175,2.1700000762939453,2.190000057220459,182100,0.0,0.0
2024-10-18 00:00:00-04:00,2.2799999713897705,2.5899999141693115,2.2799999713897705,2.5899999141693115,436300,0.0,0.0
2024-10-21 00:00:00-04:00,2.5399999618530273,2.5799999237060547,2.359999895095825,2.4000000953674316,264000,0.0,0.0
2024-10-22 00:00:00-04:00,2.390000104904175,2.5399999618530273,2.2899999618530273,2.5199999809265137,215600,0.0,0.0
2024-10-23 00:00:00-04:00,2.440000057220459,2.5399999618530273,2.259999990463257,2.359999895095825,196300,0.0,0.0
2024-10-24 00:00:00-04:00,2.369999885559082,2.4800000190734863,2.25,2.3399999141693115,208600,0.0,0.0
2024-10-25 00:00:00-04:00,2.3399999141693115,2.3499999046325684,2.200000047683716,2.25,256300,0.0,0.0
2024-10-28 00:00:00-04:00,2.299999952316284,2.4200000762939453,2.2699999809265137,2.3499999046325684,571000,0.0,0.0
2024-10-29 00:00:00-04:00,2.369999885559082,2.819999933242798,2.2899999618530273,2.7300000190734863,1270800,0.0,0.0
2024-10-30 00:00:00-04:00,2.700000047683716,2.700000047683716,2.4000000953674316,2.450000047683716,472400,0.0,0.0
2024-10-31 00:00:00-04:00,2.450000047683716,2.490000009536743,2.2100000381469727,2.319999933242798,288100,0.0,0.0
2024-11-01 00:00:00-04:00,2.380000114440918,2.440000057220459,2.2200000286102295,2.2799999713897705,183400,0.0,0.0
2024-11-04 00:00:00-05:00,2.240000009536743,2.2899999618530273,2.1600000858306885,2.2100000381469727,157600,0.0,0.0
2024-11-05 00:00:00-05:00,2.2899999618530273,2.3499999046325684,2.2100000381469727,2.309999942779541,220500,0.0,0.0
2024-11-06 00:00:00-05:00,2.430000066757202,2.5399999618530273,2.359999895095825,2.4800000190734863,1281500,0.0,0.0
2024-11-07 00:00:00-05:00,2.5,2.5299999713897705,2.359999895095825,2.430000066757202,576300,0.0,0.0
2024-11-08 00:00:00-05:00,2.440000057220459,2.440000057220459,2.2200000286102295,2.25,694800,0.0,0.0
2024-11-11 00:00:00-05:00,2.380000114440918,2.6500000953674316,2.2899999618530273,2.6500000953674316,1525100,0.0,0.0
2024-11-12 00:00:00-05:00,2.5899999141693115,3.0899999141693115,2.450000047683716,2.680000066757202,1369900,0.0,0.0
2024-11-13 00:00:00-05:00,2.740000009536743,2.950000047683716,2.4100000858306885,2.4200000762939453,927200,0.0,0.0
2024-11-14 00:00:00-05:00,2.619999885559082,2.690000057220459,2.259999990463257,2.4700000286102295,2023100,0.0,0.0
2024-11-15 00:00:00-05:00,3.809999942779541,3.8399999141693115,2.5799999237060547,2.6700000762939453,40205100,0.0,0.0
2024-11-18 00:00:00-05:00,2.4100000858306885,2.8499999046325684,2.380000114440918,2.700000047683716,2696000,0.0,0.0
2024-11-19 00:00:00-05:00,2.6700000762939453,2.759999990463257,2.4800000190734863,2.619999885559082,1590200,0.0,0.0
2024-11-20 00:00:00-05:00,2.640000104904175,2.640000104904175,2.359999895095825,2.380000114440918,1479000,0.0,0.0
2024-11-21 00:00:00-05:00,2.5,2.5299999713897705,2.069999933242798,2.119999885559082,1796600,0.0,0.0
2024-11-22 00:00:00-05:00,2.0299999713897705,2.2300000190734863,1.9500000476837158,2.1600000858306885,1210900,0.0,0.0
2024-11-25 00:00:00-05:00,2.1500000953674316,2.240000009536743,2.0399999618530273,2.140000104904175,873600,0.0,0.0
2024-11-26 00:00:00-05:00,2.069999933242798,2.1600000858306885,2.0299999713897705,2.0399999618530273,397800,0.0,0.0
2024-11-27 00:00:00-05:00,2.059999942779541,2.259999990463257,2.059999942779541,2.2300000190734863,620600,0.0,0.0
2024-11-29 00:00:00-05:00,2.259999990463257,2.549999952316284,2.259999990463257,2.4100000858306885,708500,0.0,0.0
2024-12-02 00:00:00-05:00,2.369999885559082,2.4600000381469727,2.2799999713897705,2.299999952316284,673800,0.0,0.0
2024-12-03 00:00:00-05:00,2.2300000190734863,2.369999885559082,2.190000057220459,2.299999952316284,406200,0.0,0.0
2024-12-04 00:00:00-05:00,2.299999952316284,2.4000000953674316,2.2799999713897705,2.380000114440918,728200,0.0,0.0
2024-12-05 00:00:00-05:00,2.4800000190734863,2.490000009536743,2.259999990463257,2.2699999809265137,690400,0.0,0.0
2024-12-06 00:00:00-05:00,2.2899999618530273,2.4100000858306885,2.2300000190734863,2.369999885559082,547900,0.0,0.0
2024-12-09 00:00:00-05:00,2.319999933242798,2.430000066757202,2.2699999809265137,2.309999942779541,442400,0.0,0.0
2024-12-10 00:00:00-05:00,2.2799999713897705,2.299999952316284,2.190000057220459,2.200000047683716,317800,0.0,0.0
2024-12-11 00:00:00-05:00,2.2300000190734863,2.25,2.130000114440918,2.25,342700,0.0,0.0
2024-12-12 00:00:00-05:00,2.25,2.299999952316284,2.130000114440918,2.1500000953674316,347900,0.0,0.0
2024-12-13 00:00:00-05:00,2.059999942779541,2.2100000381469727,2.059999942779541,2.140000104904175,217800,0.0,0.0
2024-12-16 00:00:00-05:00,2.1500000953674316,2.240000009536743,2.1500000953674316,2.180000066757202,342600,0.0,0.0
2024-12-17 00:00:00-05:00,2.200000047683716,2.2300000190734863,2.069999933242798,2.200000047683716,353500,0.0,0.0
2024-12-18 00:00:00-05:00,2.140000104904175,2.2300000190734863,1.9500000476837158,2.0,357900,0.0,0.0
2024-12-19 00:00:00-05:00,2.009999990463257,2.049999952316284,1.8799999952316284,1.8899999856948853,330400,0.0,0.0
2024-12-20 00:00:00-05:00,1.7999999523162842,1.940000057220459,1.7999999523162842,1.899999976158142,377800,0.0,0.0
2024-12-23 00:00:00-05:00,1.899999976158142,1.899999976158142,1.7200000286102295,1.7300000190734863,491000,0.0,0.0
2024-12-24 00:00:00-05:00,1.7300000190734863,1.7799999713897705,1.7100000381469727,1.7300000190734863,253100,0.0,0.0
2024-12-26 00:00:00-05:00,1.7000000476837158,1.75,1.659999966621399,1.7300000190734863,336300,0.0,0.0
2024-12-27 00:00:00-05:00,1.6799999475479126,1.7300000190734863,1.5800000429153442,1.649999976158142,424100,0.0,0.0
2024-12-30 00:00:00-05:00,1.600000023841858,1.7599999904632568,1.5199999809265137,1.6699999570846558,734700,0.0,0.0
2024-12-31 00:00:00-05:00,1.6699999570846558,1.7100000381469727,1.5399999618530273,1.5499999523162842,401200,0.0,0.0
2025-01-02 00:00:00-05:00,1.600000023841858,1.7100000381469727,1.5800000429153442,1.649999976158142,381000,0.0,0.0
2025-01-03 00:00:00-05:00,1.6699999570846558,1.809999942779541,1.6399999856948853,1.7899999618530273,259200,0.0,0.0
2025-01-06 00:00:00-05:00,1.8300000429153442,1.9199999570846558,1.809999942779541,1.850000023841858,294800,0.0,0.0
2025-01-07 00:00:00-05:00,1.8799999952316284,1.8799999952316284,1.7300000190734863,1.7699999809265137,309000,0.0,0.0
2025-01-08 00:00:00-05:00,1.7200000286102295,1.7300000190734863,1.6399999856948853,1.6699999570846558,276100,0.0,0.0
2025-01-10 00:00:00-05:00,1.6699999570846558,1.6799999475479126,1.5800000429153442,1.649999976158142,229600,0.0,0.0
2025-01-13 00:00:00-05:00,1.6100000143051147,1.6100000143051147,1.5099999904632568,1.600000023841858,292900,0.0,0.0
2025-01-14 00:00:00-05:00,1.6299999952316284,1.7000000476837158,1.590000033378601,1.6699999570846558,162300,0.0,0.0
2025-01-15 00:00:00-05:00,1.6799999475479126,1.7999999523162842,1.6799999475479126,1.7799999713897705,139500,0.0,0.0
2025-01-16 00:00:00-05:00,1.7999999523162842,1.7999999523162842,1.7000000476837158,1.7300000190734863,134100,0.0,0.0
2025-01-17 00:00:00-05:00,1.8200000524520874,2.0399999618530273,1.7599999904632568,1.909999966621399,738500,0.0,0.0
2025-01-21 00:00:00-05:00,1.8899999856948853,1.909999966621399,1.7599999904632568,1.8899999856948853,306600,0.0,0.0
2025-01-22 00:00:00-05:00,1.8899999856948853,1.8899999856948853,1.7799999713897705,1.840000033378601,204400,0.0,0.0
2025-01-23 00:00:00-05:00,1.8300000429153442,1.940000057220459,1.7899999618530273,1.8200000524520874,283300,0.0,0.0
2025-01-24 00:00:00-05:00,1.840000033378601,1.850000023841858,1.7000000476837158,1.7100000381469727,284200,0.0,0.0
2025-01-27 00:00:00-05:00,1.649999976158142,1.6699999570846558,1.5299999713897705,1.5800000429153442,415900,0.0,0.0
2025-01-28 00:00:00-05:00,1.6100000143051147,1.6200000047683716,1.5,1.5099999904632568,271900,0.0,0.0
2025-01-29 00:00:00-05:00,1.5099999904632568,1.5499999523162842,1.399999976158142,1.4800000190734863,472100,0.0,0.0
2025-01-30 00:00:00-05:00,1.5,1.559999942779541,1.440000057220459,1.4600000381469727,439900,0.0,0.0
2025-01-31 00:00:00-05:00,1.4600000381469727,1.5099999904632568,1.350000023841858,1.3600000143051147,420700,0.0,0.0
2025-02-03 00:00:00-05:00,1.2899999618530273,1.3600000143051147,1.2599999904632568,1.3300000429153442,261700,0.0,0.0
2025-02-04 00:00:00-05:00,1.3300000429153442,1.3300000429153442,1.2400000095367432,1.2799999713897705,275400,0.0,0.0
2025-02-05 00:00:00-05:00,1.2799999713897705,1.2799999713897705,1.1699999570846558,1.190000057220459,341300,0.0,0.0
2025-02-06 00:00:00-05:00,1.2000000476837158,1.2599999904632568,1.1699999570846558,1.190000057220459,310100,0.0,0.0
2025-02-07 00:00:00-05:00,1.190000057220459,1.2000000476837158,1.090000033378601,1.1399999856948853,393400,0.0,0.0
2025-02-10 00:00:00-05:00,1.1299999952316284,1.190000057220459,1.0700000524520874,1.0800000429153442,372300,0.0,0.0
2025-02-11 00:00:00-05:00,1.0800000429153442,1.1299999952316284,1.0299999713897705,1.0499999523162842,262600,0.0,0.0
2025-02-12 00:00:00-05:00,1.0,1.1200000047683716,1.0,1.090000033378601,169200,0.0,0.0
2025-02-13 00:00:00-05:00,1.0800000429153442,1.100000023841858,1.0299999713897705,1.090000033378601,196200,0.0,0.0
2025-02-14 00:00:00-05:00,1.0800000429153442,1.1100000143051147,1.059999942779541,1.090000033378601,139500,0.0,0.0
2025-02-18 00:00:00-05:00,1.090000033378601,1.1299999952316284,1.059999942779541,1.0700000524520874,172200,0.0,0.0
2025-02-19 00:00:00-05:00,1.0700000524520874,1.1100000143051147,1.059999942779541,1.100000023841858,98900,0.0,0.0
2025-02-20 00:00:00-05:00,1.090000033378601,1.1299999952316284,1.090000033378601,1.1100000143051147,88800,0.0,0.0
2025-02-21 00:00:00-05:00,1.1299999952316284,1.159999966621399,1.059999942779541,1.0800000429153442,114400,0.0,0.0
2025-02-24 00:00:00-05:00,1.0700000524520874,1.100000023841858,1.0199999809265137,1.059999942779541,194000,0.0,0.0
2025-02-25 00:00:00-05:00,1.0399999618530273,1.0399999618530273,0.9399999976158142,0.949999988079071,348300,0.0,0.0
2025-02-26 00:00:00-05:00,0.949999988079071,1.0399999618530273,0.9300000071525574,0.949999988079071,165400,0.0,0.0
2025-02-27 00:00:00-05:00,0.949999988079071,0.9700000286102295,0.9100000262260437,0.9100000262260437,136000,0.0,0.0
2025-02-28 00:00:00-05:00,0.9100000262260437,0.9399999976158142,0.8600000143051147,0.8600000143051147,150500,0.0,0.0
2025-03-03 00:00:00-05:00,1.0,1.0,0.8100000023841858,0.8100000023841858,276800,0.0,0.0
2025-03-04 00:00:00-05:00,0.800000011920929,0.8299999833106995,0.7300000190734863,0.8100000023841858,218200,0.0,0.0
2025-03-05 00:00:00-05:00,0.8299999833106995,0.8899999856948853,0.8100000023841858,0.8700000047683716,89700,0.0,0.0
2025-03-06 00:00:00-05:00,0.8899999856948853,0.949999988079071,0.8199999928474426,0.9399999976158142,135800,0.0,0.0
2025-03-07 00:00:00-05:00,0.9599999785423279,0.9900000095367432,0.8500000238418579,0.8600000143051147,203400,0.0,0.0
2025-03-10 00:00:00-04:00,0.8399999737739563,0.8600000143051147,0.75,0.7699999809265137,100100,0.0,0.0
2025-03-11 00:00:00-04:00,0.800000011920929,0.8199999928474426,0.7699999809265137,0.8100000023841858,96200,0.0,0.0
2025-03-12 00:00:00-04:00,0.8199999928474426,0.8299999833106995,0.7400000095367432,0.7900000214576721,159000,0.0,0.0
2025-03-13 00:00:00-04:00,0.7699999809265137,0.8100000023841858,0.75,0.7599999904632568,66800,0.0,0.0
2025-03-14 00:00:00-04:00,0.7699999809265137,0.8100000023841858,0.7699999809265137,0.8100000023841858,69100,0.0,0.0
2025-03-17 00:00:00-04:00,0.8199999928474426,0.9200000166893005,0.8199999928474426,0.8899999856948853,161400,0.0,0.0
2025-03-18 00:00:00-04:00,0.8799999952316284,0.8799999952316284,0.8399999737739563,0.8500000238418579,60500,0.0,0.0
2025-03-19 00:00:00-04:00,0.8600000143051147,0.9599999785423279,0.8500000238418579,0.9399999976158142,114900,0.0,0.0
2025-03-20 00:00:00-04:00,0.9100000262260437,0.9399999976158142,0.8999999761581421,0.9300000071525574,108100,0.0,0.0
2025-03-21 00:00:00-04:00,0.8600000143051147,0.949999988079071,0.8600000143051147,0.8899999856948853,125100,0.0,0.0
2025-03-24 00:00:00-04:00,0.9100000262260437,0.9300000071525574,0.8399999737739563,0.8799999952316284,276400,0.0,0.0
2025-03-25 00:00:00-04:00,0.8700000047683716,0.8799999952316284,0.8399999737739563,0.8799999952316284,151900,0.0,0.0
2025-03-26 00:00:00-04:00,0.8700000047683716,0.8700000047683716,0.8500000238418579,0.8500000238418579,88100,0.0,0.0
2025-03-27 00:00:00-04:00,0.800000011920929,0.8999999761581421,0.800000011920929,0.8600000143051147,150400,0.0,0.0
2025-03-28 00:00:00-04:00,0.8100000023841858,0.8700000047683716,0.800000011920929,0.8199999928474426,173200,0.0,0.0
2025-03-31 00:00:00-04:00,0.8199999928474426,0.8199999928474426,0.7099999785423279,0.7300000190734863,294900,0.0,0.0
2025-04-01 00:00:00-04:00,0.75,0.7900000214576721,0.7300000190734863,0.75,159300,0.0,0.0
2025-04-02 00:00:00-04:00,0.75,0.7799999713897705,0.75,0.7599999904632568,74000,0.0,0.0
2025-04-03 00:00:00-04:00,0.7200000286102295,0.75,0.699999988079071,0.7300000190734863,123300,0.0,0.0
2025-04-04 00:00:00-04:00,0.7200000286102295,0.7300000190734863,0.6700000166893005,0.6800000071525574,164100,0.0,0.0
2025-04-07 00:00:00-04:00,0.6000000238418579,0.6700000166893005,0.5799999833106995,0.6000000238418579,339400,0.0,0.0
2025-04-08 00:00:00-04:00,0.6399999856948853,0.6399999856948853,0.5899999737739563,0.6000000238418579,79200,0.0,0.0
2025-04-09 00:00:00-04:00,0.6100000143051147,0.6399999856948853,0.5799999833106995,0.6000000238418579,212600,0.0,0.0
2025-04-10 00:00:00-04:00,0.6100000143051147,0.6399999856948853,0.5899999737739563,0.6000000238418579,163600,0.0,0.0
2025-04-11 00:00:00-04:00,0.6000000238418579,0.6600000262260437,0.6000000238418579,0.6499999761581421,198900,0.0,0.0
2025-04-14 00:00:00-04:00,0.6499999761581421,0.6800000071525574,0.6499999761581421,0.6800000071525574,31500,0.0,0.0
2025-04-15 00:00:00-04:00,0.6800000071525574,0.6899999976158142,0.6299999952316284,0.6499999761581421,81800,0.0,0.0
2025-04-16 00:00:00-04:00,0.6299999952316284,0.6499999761581421,0.6200000047683716,0.6399999856948853,66700,0.0,0.0
2025-04-17 00:00:00-04:00,0.6399999856948853,0.6600000262260437,0.6299999952316284,0.6600000262260437,55500,0.0,0.0
2025-04-21 00:00:00-04:00,0.6600000262260437,0.6800000071525574,0.6100000143051147,0.6299999952316284,56000,0.0,0.0
2025-04-22 00:00:00-04:00,0.6200000047683716,0.7300000190734863,0.6200000047683716,0.7200000286102295,152000,0.0,0.0
2025-04-23 00:00:00-04:00,0.7400000095367432,0.8700000047683716,0.6499999761581421,0.800000011920929,362500,0.0,0.0
2025-04-24 00:00:00-04:00,0.7900000214576721,0.8600000143051147,0.7900000214576721,0.8600000143051147,169500,0.0,0.0
2025-04-25 00:00:00-04:00,0.8899999856948853,1.3600000143051147,0.8899999856948853,1.340000033378601,5835300,0.0,0.0
2025-04-28 00:00:00-04:00,1.3899999856948853,1.3899999856948853,1.0499999523162842,1.1100000143051147,1128400,0.0,0.0
2025-04-29 00:00:00-04:00,1.0800000429153442,1.1100000143051147,1.0399999618530273,1.0700000524520874,194000,0.0,0.0
2025-04-30 00:00:00-04:00,1.0499999523162842,1.090000033378601,0.9599999785423279,1.0700000524520874,142600,0.0,0.0
2025-05-01 00:00:00-04:00,1.090000033378601,1.1299999952316284,1.0800000429153442,1.0800000429153442,165700,0.0,0.0
2025-05-02 00:00:00-04:00,1.0800000429153442,1.1100000143051147,1.0099999904632568,1.100000023841858,231900,0.0,0.0
2025-05-05 00:00:00-04:00,1.1100000143051147,1.1100000143051147,1.0099999904632568,1.0399999618530273,106800,0.0,0.0
2025-05-06 00:00:00-04:00,1.0099999904632568,1.0399999618530273,0.9900000095367432,1.0,103400,0.0,0.0
2025-05-07 00:00:00-04:00,1.0,1.0700000524520874,0.9399999976158142,0.949999988079071,99100,0.0,0.0
2025-05-08 00:00:00-04:00,0.9599999785423279,0.9800000190734863,0.8700000047683716,0.9200000166893005,379100,0.0,0.0
2025-05-09 00:00:00-04:00,0.9399999976158142,1.0299999713897705,0.8799999952316284,1.0,854500,0.0,0.0
2025-05-12 00:00:00-04:00,1.0499999523162842,1.1699999570846558,0.9900000095367432,1.100000023841858,647600,0.0,0.0
2025-05-13 00:00:00-04:00,1.1200000047683716,1.1399999856948853,1.0499999523162842,1.059999942779541,413100,0.0,0.0
2025-05-14 00:00:00-04:00,1.0800000429153442,1.100000023841858,0.9800000190734863,1.0299999713897705,243600,0.0,0.0
2025-05-15 00:00:00-04:00,1.0099999904632568,1.0499999523162842,0.9700000286102295,1.0199999809265137,78600,0.0,0.0
2025-05-16 00:00:00-04:00,1.0099999904632568,1.159999966621399,1.0099999904632568,1.1399999856948853,374400,0.0,0.0
2025-05-19 00:00:00-04:00,1.1100000143051147,1.2400000095367432,1.090000033378601,1.2200000286102295,361000,0.0,0.0
2025-05-20 00:00:00-04:00,1.2200000286102295,1.440000057220459,1.2100000381469727,1.2599999904632568,976700,0.0,0.0
2025-05-21 00:00:00-04:00,1.2999999523162842,1.6100000143051147,1.2999999523162842,1.3899999856948853,1853800,0.0,0.0
2025-05-22 00:00:00-04:00,1.5099999904632568,1.840000033378601,1.5099999904632568,1.7799999713897705,1616200,0.0,0.0
2025-05-23 00:00:00-04:00,1.6699999570846558,1.7999999523162842,1.5399999618530273,1.590000033378601,708200,0.0,0.0
2025-05-27 00:00:00-04:00,1.6699999570846558,1.7100000381469727,1.5700000524520874,1.659999966621399,274600,0.0,0.0
2025-05-28 00:00:00-04:00,1.659999966621399,1.6699999570846558,1.4299999475479126,1.5099999904632568,370600,0.0,0.0
2025-05-29 00:00:00-04:00,1.5199999809265137,1.5199999809265137,1.3899999856948853,1.4600000381469727,246100,0.0,0.0
2025-05-30 00:00:00-04:00,1.409999966621399,1.440000057220459,1.350000023841858,1.399999976158142,245500,0.0,0.0
2025-06-02 00:00:00-04:00,1.3799999952316284,1.4199999570846558,1.309999942779541,1.340000033378601,145800,0.0,0.0
2025-06-03 00:00:00-04:00,1.350000023841858,1.5499999523162842,1.340000033378601,1.5299999713897705,351100,0.0,0.0
2025-06-04 00:00:00-04:00,1.5499999523162842,1.6100000143051147,1.5099999904632568,1.590000033378601,240900,0.0,0.0
2025-06-05 00:00:00-04:00,1.6200000047683716,1.6200000047683716,1.3700000047683716,1.409999966621399,161500,0.0,0.0
2025-06-06 00:00:00-04:00,1.440000057220459,1.590000033378601,1.440000057220459,1.5099999904632568,203300,0.0,0.0
2025-06-09 00:00:00-04:00,1.5399999618530273,1.649999976158142,1.5099999904632568,1.590000033378601,279600,0.0,0.0
2025-06-10 00:00:00-04:00,1.600000023841858,1.659999966621399,1.4700000286102295,1.5199999809265137,260300,0.0,0.0
2025-06-11 00:00:00-04:00,1.5199999809265137,1.559999942779541,1.2200000286102295,1.4700000286102295,308200,0.0,0.0
2025-06-12 00:00:00-04:00,1.4199999570846558,1.5299999713897705,1.4199999570846558,1.4900000095367432,123300,0.0,0.0
2025-06-13 00:00:00-04:00,1.4500000476837158,1.4700000286102295,1.3700000047683716,1.3899999856948853,150300,0.0,0.0
2025-06-16 00:00:00-04:00,1.409999966621399,1.4900000095367432,1.3899999856948853,1.4700000286102295,112900,0.0,0.0
2025-06-17 00:00:00-04:00,1.4600000381469727,1.4600000381469727,1.3300000429153442,1.3899999856948853,184600,0.0,0.0
2025-06-18 00:00:00-04:00,1.3700000047683716,1.409999966621399,1.350000023841858,1.3700000047683716,101300,0.0,0.0
2025-06-20 00:00:00-04:00,1.399999976158142,1.409999966621399,1.2799999713897705,1.2799999713897705,153800,0.0,0.0
2025-06-23 00:00:00-04:00,1.2400000095367432,1.3300000429153442,1.159999966621399,1.159999966621399,250300,0.0,0.0
2025-06-24 00:00:00-04:00,1.2100000381469727,1.2599999904632568,1.190000057220459,1.2100000381469727,156400,0.0,0.0
2025-06-25 00:00:00-04:00,1.25,1.3200000524520874,1.2200000286102295,1.2400000095367432,180600,0.0,0.0
2025-06-26 00:00:00-04:00,1.2400000095367432,1.2999999523162842,1.1299999952316284,1.1699999570846558,344200,0.0,0.0
2025-06-27 00:00:00-04:00,1.149999976158142,1.190000057220459,1.1100000143051147,1.149999976158142,244900,0.0,0.0
2025-06-30 00:00:00-04:00,1.1399999856948853,1.2999999523162842,1.1299999952316284,1.2899999618530273,206800,0.0,0.0
2025-07-01 00:00:00-04:00,1.2699999809265137,1.340000033378601,1.2300000190734863,1.2699999809265137,282300,0.0,0.0
2025-07-02 00:00:00-04:00,1.3200000524520874,1.5499999523162842,1.309999942779541,1.4800000190734863,809500,0.0,0.0
2025-07-03 00:00:00-04:00,1.5,1.5499999523162842,1.440000057220459,1.5199999809265137,256800,0.0,0.0
2025-07-07 00:00:00-04:00,1.5,1.7100000381469727,1.4600000381469727,1.5700000524520874,476800,0.0,0.0
2025-07-08 00:00:00-04:00,1.5800000429153442,1.7200000286102295,1.5800000429153442,1.690000057220459,397700,0.0,0.0
2025-07-09 00:00:00-04:00,1.6799999475479126,1.75,1.600000023841858,1.6799999475479126,200500,0.0,0.0
2025-07-10 00:00:00-04:00,1.6799999475479126,1.899999976158142,1.6200000047683716,1.840000033378601,483600,0.0,0.0
2025-07-11 00:00:00-04:00,1.9800000190734863,1.9800000190734863,1.7200000286102295,1.7799999713897705,459200,0.0,0.0
2025-07-14 00:00:00-04:00,1.8799999952316284,1.940000057220459,1.7200000286102295,1.7699999809265137,243500,0.0,0.0
2025-07-15 00:00:00-04:00,1.75,1.7899999618530273,1.6299999952316284,1.649999976158142,183600,0.0,0.0
2025-07-16 00:00:00-04:00,1.6699999570846558,1.8799999952316284,1.659999966621399,1.8799999952316284,340600,0.0,0.0
2025-07-17 00:00:00-04:00,1.8700000047683716,1.9900000095367432,1.7799999713897705,1.9900000095367432,306500,0.0,0.0
2025-07-18 00:00:00-04:00,2.0299999713897705,2.1500000953674316,1.850000023841858,1.9500000476837158,364200,0.0,0.0
2025-07-21 00:00:00-04:00,1.9600000381469727,2.0799999237060547,1.8600000143051147,1.9199999570846558,343700,0.0,0.0
2025-07-22 00:00:00-04:00,1.9900000095367432,2.0199999809265137,1.850000023841858,1.9900000095367432,132500,0.0,0.0
2025-07-23 00:00:00-04:00,2.0,2.0299999713897705,1.850000023841858,1.9299999475479126,201800,0.0,0.0
2025-07-24 00:00:00-04:00,1.9500000476837158,1.9800000190734863,1.7899999618530273,1.8600000143051147,218800,0.0,0.0
2025-07-25 00:00:00-04:00,1.8300000429153442,1.840000033378601,1.659999966621399,1.7300000190734863,218500,0.0,0.0
2025-07-28 00:00:00-04:00,1.7799999713897705,1.7799999713897705,1.6299999952316284,1.6399999856948853,126900,0.0,0.0
2025-07-29 00:00:00-04:00,1.6299999952316284,1.6699999570846558,1.4500000476837158,1.5299999713897705,143200,0.0,0.0
2025-07-30 00:00:00-04:00,1.5099999904632568,1.6100000143051147,1.5099999904632568,1.5399999618530273,126200,0.0,0.0
2025-07-31 00:00:00-04:00,1.559999942779541,1.649999976158142,1.5399999618530273,1.5700000524520874,147700,0.0,0.0
2025-08-01 00:00:00-04:00,1.590000033378601,1.590000033378601,1.4500000476837158,1.5,161400,0.0,0.0
2025-08-04 00:00:00-04:00,1.5,1.590000033378601,1.4600000381469727,1.5099999904632568,177000,0.0,0.0
2025-08-05 00:00:00-04:00,1.5099999904632568,1.6200000047683716,1.4600000381469727,1.5299999713897705,95000,0.0,0.0
2025-08-06 00:00:00-04:00,1.5299999713897705,1.5700000524520874,1.4600000381469727,1.5399999618530273,64100,0.0,0.0
2025-08-07 00:00:00-04:00,1.5700000524520874,1.6299999952316284,1.5199999809265137,1.5700000524520874,185700,0.0,0.0
2025-08-08 00:00:00-04:00,1.590000033378601,1.590000033378601,1.4500000476837158,1.5,115900,0.0,0.0
2025-08-11 00:00:00-04:00,1.5299999713897705,1.5299999713897705,1.3300000429153442,1.350000023841858,221800,0.0,0.0
2025-08-12 00:00:00-04:00,1.340000033378601,1.399999976158142,1.2999999523162842,1.3600000143051147,80400,0.0,0.0
2025-08-13 00:00:00-04:00,1.3600000143051147,1.5,1.3600000143051147,1.4700000286102295,264400,0.0,0.0
2025-08-14 00:00:00-04:00,1.4700000286102295,1.5,1.3600000143051147,1.399999976158142,93400,0.0,0.0
2025-08-15 00:00:00-04:00,1.4299999475479126,1.4700000286102295,1.3600000143051147,1.4600000381469727,95200,0.0,0.0
2025-08-18 00:00:00-04:00,1.4700000286102295,1.5,1.409999966621399,1.4900000095367432,69500,0.0,0.0
2025-08-19 00:00:00-04:00,1.4299999475479126,1.4600000381469727,1.3700000047683716,1.3899999856948853,123600,0.0,0.0
2025-08-20 00:00:00-04:00,1.3899999856948853,1.3899999856948853,1.3200000524520874,1.340000033378601,66600,0.0,0.0
2025-08-21 00:00:00-04:00,1.340000033378601,1.3700000047683716,1.3200000524520874,1.3200000524520874,74300,0.0,0.0
2025-08-22 00:00:00-04:00,1.3300000429153442,1.409999966621399,1.2599999904632568,1.3799999952316284,77800,0.0,0.0
2025-08-25 00:00:00-04:00,1.350000023841858,1.3799999952316284,1.2799999713897705,1.3300000429153442,162100,0.0,0.0
2025-08-26 00:00:00-04:00,1.2999999523162842,1.3899999856948853,1.2999999523162842,1.340000033378601,64900,0.0,0.0
2025-08-27 00:00:00-04:00,1.340000033378601,1.3899999856948853,1.309999942779541,1.309999942779541,98300,0.0,0.0
2025-08-28 00:00:00-04:00,1.3200000524520874,1.3200000524520874,1.2300000190734863,1.25,179900,0.0,0.0
2025-08-29 00:00:00-04:00,1.2599999904632568,1.2899999618530273,1.190000057220459,1.2300000190734863,129900,0.0,0.0
2025-09-02 00:00:00-04:00,1.2200000286102295,1.2400000095367432,1.1799999475479126,1.190000057220459,94600,0.0,0.0
2025-09-03 00:00:00-04:00,1.2000000476837158,1.2400000095367432,1.190000057220459,1.2100000381469727,86100,0.0,0.0
2025-09-04 00:00:00-04:00,1.190000057220459,1.2000000476837158,1.1299999952316284,1.1299999952316284,94500,0.0,0.0
2025-09-05 00:00:00-04:00,1.1399999856948853,1.190000057220459,1.1200000047683716,1.1799999475479126,73600,0.0,0.0
2025-09-08 00:00:00-04:00,1.190000057220459,1.3200000524520874,1.190000057220459,1.2599999904632568,225100,0.0,0.0
2025-09-09 00:00:00-04:00,1.2999999523162842,1.3899999856948853,1.2699999809265137,1.350000023841858,137400,0.0,0.0
2025-09-10 00:00:00-04:00,1.3700000047683716,1.4299999475479126,1.3600000143051147,1.3799999952316284,177900,0.0,0.0
2025-09-11 00:00:00-04:00,1.399999976158142,1.5,1.399999976158142,1.4800000190734863,186200,0.0,0.0
2025-09-12 00:00:00-04:00,1.4800000190734863,1.5,1.3700000047683716,1.5,242700,0.0,0.0
2025-09-15 00:00:00-04:00,1.5,1.5399999618530273,1.4199999570846558,1.4800000190734863,174400,0.0,0.0
2025-09-16 00:00:00-04:00,1.4600000381469727,1.5199999809265137,1.399999976158142,1.5099999904632568,190300,0.0,0.0
2025-09-17 00:00:00-04:00,1.5499999523162842,1.7300000190734863,1.5199999809265137,1.590000033378601,609500,0.0,0.0
2025-09-18 00:00:00-04:00,1.6699999570846558,1.6799999475479126,1.5,1.5399999618530273,295300,0.0,0.0
2025-09-19 00:00:00-04:00,1.5399999618530273,1.6399999856948853,1.5099999904632568,1.6299999952316284,215300,0.0,0.0
2025-09-22 00:00:00-04:00,1.6799999475479126,1.9299999475479126,1.5700000524520874,1.850000023841858,837200,0.0,0.0
2025-09-23 00:00:00-04:00,1.8700000047683716,2.0,1.75,1.7999999523162842,491100,0.0,0.0
2025-09-24 00:00:00-04:00,1.809999942779541,1.9500000476837158,1.7799999713897705,1.8899999856948853,203300,0.0,0.0
2025-09-25 00:00:00-04:00,1.8300000429153442,1.840000033378601,1.649999976158142,1.7100000381469727,285300,0.0,0.0
2025-09-26 00:00:00-04:00,1.7000000476837158,1.75,1.600000023841858,1.690000057220459,164600,0.0,0.0
2025-09-29 00:00:00-04:00,1.7000000476837158,1.7200000286102295,1.649999976158142,1.7000000476837158,208900,0.0,0.0
2025-09-30 00:00:00-04:00,1.7300000190734863,1.8799999952316284,1.7100000381469727,1.8200000524520874,275600,0.0,0.0
2025-10-01 00:00:00-04:00,1.840000033378601,1.899999976158142,1.8200000524520874,1.899999976158142,203000,0.0,0.0
2025-10-02 00:00:00-04:00,1.899999976158142,2.109999895095825,1.899999976158142,2.069999933242798,503900,0.0,0.0
2025-10-03 00:00:00-04:00,2.069999933242798,2.180000066757202,1.8899999856948853,1.9199999570846558,718200,0.0,0.0
2025-10-06 00:00:00-04:00,1.9299999475479126,2.25,1.9299999475479126,2.200000047683716,538900,0.0,0.0
2025-10-07 00:00:00-04:00,2.299999952316284,2.3399999141693115,1.9800000190734863,2.119999885559082,656100,0.0,0.0
2025-10-08 00:00:00-04:00,2.1500000953674316,2.2200000286102295,2.0899999141693115,2.1600000858306885,186000,0.0,0.0
2025-10-09 00:00:00-04:00,2.200000047683716,2.309999942779541,2.0999999046325684,2.25,328200,0.0,0.0
2025-10-10 00:00:00-04:00,2.319999933242798,2.4200000762939453,1.9500000476837158,2.0199999809265137,669700,0.0,0.0
2025-10-13 00:00:00-04:00,2.069999933242798,2.109999895095825,1.899999976158142,2.009999990463257,413600,0.0,0.0
2025-10-14 00:00:00-04:00,1.9299999475479126,2.069999933242798,1.7999999523162842,1.9900000095367432,449500,0.0,0.0
2025-10-15 00:00:00-04:00,2.0199999809265137,2.1500000953674316,1.899999976158142,2.0,299700,0.0,0.0
2025-10-16 00:00:00-04:00,2.0,2.0299999713897705,1.7999999523162842,1.7999999523162842,339400,0.0,0.0
2025-10-17 00:00:00-04:00,1.7300000190734863,1.7899999618530273,1.6699999570846558,1.7300000190734863,279800,0.0,0.0
2025-10-20 00:00:00-04:00,1.8300000429153442,2.200000047683716,1.8300000429153442,2.180000066757202,601100,0.0,0.0
2025-10-21 00:00:00-04:00,2.0999999046325684,2.2300000190734863,2.0299999713897705,2.180000066757202,383500,0.0,0.0
2025-10-22 00:00:00-04:00,2.069999933242798,2.1700000762939453,1.8300000429153442,1.9500000476837158,374500,0.0,0.0
2025-10-23 00:00:00-04:00,1.940000057220459,1.9800000190734863,1.8700000047683716,1.899999976158142,125800,0.0,0.0
2025-10-24 00:00:00-04:00,1.9800000190734863,2.130000114440918,1.9199999570846558,2.069999933242798,224900,0.0,0.0
2025-10-27 00:00:00-04:00,2.140000104904175,2.1500000953674316,2.009999990463257,2.069999933242798,236500,0.0,0.0
2025-10-28 00:00:00-04:00,2.069999933242798,2.1500000953674316,1.9500000476837158,1.9700000286102295,260600,0.0,0.0
2025-10-29 00:00:00-04:00,1.9500000476837158,2.0399999618530273,1.840000033378601,1.899999976158142,128400,0.0,0.0
2025-10-30 00:00:00-04:00,1.840000033378601,1.8799999952316284,1.7100000381469727,1.75,213800,0.0,0.0
2025-10-31 00:00:00-04:00,1.809999942779541,1.850000023841858,1.7699999809265137,1.8300000429153442,116300,0.0,0.0
2025-11-03 00:00:00-05:00,1.8600000143051147,1.899999976158142,1.7799999713897705,1.8300000429153442,114600,0.0,0.0
2025-11-04 00:00:00-05:00,1.7400000095367432,1.7799999713897705,1.5800000429153442,1.6299999952316284,250400,0.0,0.0
2025-11-05 00:00:00-05:00,1.6399999856948853,1.6399999856948853,1.5299999713897705,1.6200000047683716,157900,0.0,0.0
2025-11-06 00:00:00-05:00,1.5800000429153442,1.6100000143051147,1.4500000476837158,1.4600000381469727,151100,0.0,0.0
2025-11-07 00:00:00-05:00,1.409999966621399,1.5299999713897705,1.350000023841858,1.5099999904632568,16206300,0.0,0.0
2025-11-10 00:00:00-05:00,1.9299999475479126,2.180000066757202,1.809999942779541,2.0999999046325684,31462500,0.0,0.0
2025-11-11 00:00:00-05:00,1.9199999570846558,1.940000057220459,1.600000023841858,1.7200000286102295,2055900,0.0,0.0
2025-11-12 00:00:00-05:00,1.649999976158142,1.659999966621399,1.5,1.559999942779541,853100,0.0,0.0
2025-11-13 00:00:00-05:00,1.7100000381469727,1.7400000095367432,1.4199999570846558,1.4199999570846558,1424400,0.0,0.0
2025-11-14 00:00:00-05:00,1.2899999618530273,1.4600000381469727,1.2899999618530273,1.309999942779541,776000,0.0,0.0
2025-11-17 00:00:00-05:00,1.2699999809265137,1.350000023841858,1.1799999475479126,1.2100000381469727,397900,0.0,0.0
2025-11-18 00:00:00-05:00,1.190000057220459,1.3600000143051147,1.1699999570846558,1.3200000524520874,419900,0.0,0.0
2025-11-19 00:00:00-05:00,1.3200000524520874,1.350000023841858,1.2400000095367432,1.2799999713897705,244300,0.0,0.0
2025-11-20 00:00:00-05:00,1.3200000524520874,1.4900000095367432,1.2899999618530273,1.2999999523162842,725400,0.0,0.0
2025-11-21 00:00:00-05:00,1.2899999618530273,1.3899999856948853,1.2599999904632568,1.3600000143051147,325000,0.0,0.0
2025-11-24 00:00:00-05:00,1.3600000143051147,1.4500000476837158,1.340000033378601,1.4299999475479126,222400,0.0,0.0
2025-11-25 00:00:00-05:00,1.399999976158142,1.5299999713897705,1.3700000047683716,1.5,252200,0.0,0.0
2025-11-26 00:00:00-05:00,1.559999942779541,1.6100000143051147,1.5199999809265137,1.5700000524520874,244700,0.0,0.0
2025-11-28 00:00:00-05:00,1.5800000429153442,1.6200000047683716,1.5,1.559999942779541,282500,0.0,0.0
2025-12-01 00:00:00-05:00,1.5,1.5399999618530273,1.4199999570846558,1.4600000381469727,163900,0.0,0.0
2025-12-02 00:00:00-05:00,1.4800000190734863,1.600000023841858,1.4800000190734863,1.5199999809265137,298700,0.0,0.0
2025-12-03 00:00:00-05:00,1.5499999523162842,1.659999966621399,1.5,1.649999976158142,347800,0.0,0.0
2025-12-04 00:00:00-05:00,1.649999976158142,1.7699999809265137,1.600000023841858,1.7300000190734863,350200,0.0,0.0
2025-12-05 00:00:00-05:00,1.7000000476837158,1.7999999523162842,1.690000057220459,1.7300000190734863,313500,0.0,0.0
2025-12-08 00:00:00-05:00,1.75,1.7599999904632568,1.659999966621399,1.7400000095367432,192700,0.0,0.0
2025-12-09 00:00:00-05:00,1.7000000476837158,1.9500000476837158,1.7000000476837158,1.8899999856948853,491400,0.0,0.0
2025-12-10 00:00:00-05:00,1.8700000047683716,1.9299999475479126,1.840000033378601,1.8899999856948853,202500,0.0,0.0
2025-12-11 00:00:00-05:00,1.840000033378601,1.9500000476837158,1.7999999523162842,1.9299999475479126,336900,0.0,0.0
2025-12-12 00:00:00-05:00,1.940000057220459,2.0199999809265137,1.7599999904632568,1.8200000524520874,488900,0.0,0.0
2025-12-15 00:00:00-05:00,1.8200000524520874,1.8200000524520874,1.5399999618530273,1.559999942779541,356300,0.0,0.0
2025-12-16 00:00:00-05:00,1.5099999904632568,1.6299999952316284,1.5099999904632568,1.6299999952316284,143200,0.0,0.0
2025-12-17 00:00:00-05:00,1.6200000047683716,1.6799999475479126,1.5099999904632568,1.5299999713897705,290700,0.0,0.0
2025-12-18 00:00:00-05:00,1.5800000429153442,1.6100000143051147,1.5099999904632568,1.5299999713897705,129300,0.0,0.0
2025-12-19 00:00:00-05:00,1.5299999713897705,1.7400000095367432,1.5299999713897705,1.690000057220459,356700,0.0,0.0
2025-12-22 00:00:00-05:00,1.7100000381469727,1.7899999618530273,1.6200000047683716,1.6299999952316284,333700,0.0,0.0
2025-12-23 00:00:00-05:00,1.6200000047683716,1.649999976158142,1.5299999713897705,1.600000023841858,229600,0.0,0.0
2025-12-24 00:00:00-05:00,1.590000033378601,1.6100000143051147,1.5499999523162842,1.5800000429153442,93500,0.0,0.0
2025-12-26 00:00:00-05:00,1.600000023841858,1.600000023841858,1.5,1.5399999618530273,235600,0.0,0.0
2025-12-29 00:00:00-05:00,1.5099999904632568,1.590000033378601,1.5,1.559999942779541,158900,0.0,0.0
2025-12-30 00:00:00-05:00,1.5800000429153442,1.6200000047683716,1.5199999809265137,1.5199999809265137,111300,0.0,0.0
2025-12-31 00:00:00-05:00,1.5099999904632568,1.5700000524520874,1.4500000476837158,1.4800000190734863,266400,0.0,0.0
2026-01-02 00:00:00-05:00,1.5,1.6699999570846558,1.5,1.6399999856948853,208300,0.0,0.0
2026-01-05 00:00:00-05:00,1.6699999570846558,1.75,1.6399999856948853,1.690000057220459,217900,0.0,0.0
2026-01-06 00:00:00-05:00,1.6799999475479126,1.6799999475479126,1.5800000429153442,1.6399999856948853,107900,0.0,0.0
2026-01-07 00:00:00-05:00,1.6299999952316284,1.6299999952316284,1.5800000429153442,1.6100000143051147,113900,0.0,0.0
2026-01-08 00:00:00-05:00,1.5800000429153442,1.6399999856948853,1.5700000524520874,1.600000023841858,57700,0.0,0.0
2026-01-09 00:00:00-05:00,1.6100000143051147,1.6299999952316284,1.5299999713897705,1.6200000047683716,119000,0.0,0.0
2026-01-12 00:00:00-05:00,1.6200000047683716,1.6699999570846558,1.590000033378601,1.6299999952316284,78100,0.0,0.0
2026-01-13 00:00:00-05:00,1.6699999570846558,1.6699999570846558,1.5299999713897705,1.6200000047683716,254800,0.0,0.0
2026-01-14 00:00:00-05:00,1.6200000047683716,1.7300000190734863,1.6100000143051147,1.649999976158142,391300,0.0,0.0
2026-01-15 00:00:00-05:00,1.649999976158142,1.649999976158142,1.5499999523162842,1.5700000524520874,270600,0.0,0.0
2026-01-16 00:00:00-05:00,1.5700000524520874,1.6200000047683716,1.5299999713897705,1.5299999713897705,192200,0.0,0.0
2026-01-20 00:00:00-05:00,1.4900000095367432,1.5299999713897705,1.4500000476837158,1.4600000381469727,191900,0.0,0.0
2026-01-21 00:00:00-05:00,1.4600000381469727,1.4800000190734863,1.3799999952316284,1.440000057220459,127200,0.0,0.0
2026-01-22 00:00:00-05:00,1.4600000381469727,1.4800000190734863,1.3899999856948853,1.409999966621399,245100,0.0,0.0
2026-01-23 00:00:00-05:00,1.409999966621399,1.4299999475479126,1.3799999952316284,1.3899999856948853,57400,0.0,0.0
2026-01-26 00:00:00-05:00,1.3799999952316284,1.3799999952316284,1.2999999523162842,1.3200000524520874,108300,0.0,0.0
2026-01-27 00:00:00-05:00,1.350000023841858,1.3899999856948853,1.3200000524520874,1.350000023841858,87900,0.0,0.0
2026-01-28 00:00:00-05:00,1.3700000047683716,1.399999976158142,1.350000023841858,1.350000023841858,85400,0.0,0.0
2026-01-29 00:00:00-05:00,1.350000023841858,1.350000023841858,1.2799999713897705,1.3200000524520874,133700,0.0,0.0
2026-01-30 00:00:00-05:00,1.309999942779541,1.3799999952316284,1.25,1.2899999618530273,103200,0.0,0.0
2026-02-02 00:00:00-05:00,1.2799999713897705,1.3899999856948853,1.25,1.309999942779541,165200,0.0,0.0
2026-02-03 00:00:00-05:00,1.2999999523162842,1.2999999523162842,1.2000000476837158,1.2300000190734863,149600,0.0,0.0
2026-02-04 00:00:00-05:00,1.2400000095367432,1.25,1.149999976158142,1.2200000286102295,114300,0.0,0.0
2026-02-05 00:00:00-05:00,1.1699999570846558,1.2100000381469727,1.0199999809265137,1.0299999713897705,204900,0.0,0.0
2026-02-06 00:00:00-05:00,1.1299999952316284,1.25,1.1100000143051147,1.2100000381469727,126000,0.0,0.0
2026-02-09 00:00:00-05:00,1.2100000381469727,1.2799999713897705,1.1799999475479126,1.2400000095367432,56400,0.0,0.0
2026-02-10 00:00:00-05:00,1.2599999904632568,1.2999999523162842,1.190000057220459,1.25,75600,0.0,0.0
2026-02-11 00:00:00-05:00,1.25,1.2699999809265137,1.1200000047683716,1.159999966621399,94300,0.0,0.0
2026-02-12 00:00:00-05:00,1.159999966621399,1.2300000190734863,1.090000033378601,1.1200000047683716,97400,0.0,0.0
2026-02-13 00:00:00-05:00,1.149999976158142,1.350000023841858,1.1399999856948853,1.2699999809265137,266800,0.0,0.0
2026-02-17 00:00:00-05:00,1.2400000095367432,1.2699999809265137,1.1799999475479126,1.2000000476837158,81400,0.0,0.0
2026-02-18 00:00:00-05:00,1.2000000476837158,1.3200000524520874,1.2000000476837158,1.2699999809265137,85300,0.0,0.0
2026-02-19 00:00:00-05:00,1.2699999809265137,1.2799999713897705,1.2200000286102295,1.2699999809265137,82100,0.0,0.0
2026-02-20 00:00:00-05:00,1.2699999809265137,1.350000023841858,1.2699999809265137,1.2799999713897705,62500,0.0,0.0
2026-02-23 00:00:00-05:00,1.2599999904632568,1.3200000524520874,1.2300000190734863,1.2899999618530273,38700,0.0,0.0
2026-02-24 00:00:00-05:00,1.2599999904632568,1.3300000429153442,1.2599999904632568,1.2799999713897705,72300,0.0,0.0
2026-02-25 00:00:00-05:00,1.309999942779541,1.4199999570846558,1.2899999618530273,1.3600000143051147,114400,0.0,0.0
2026-02-26 00:00:00-05:00,1.340000033378601,1.3700000047683716,1.2899999618530273,1.2999999523162842,58800,0.0,0.0
2026-02-27 00:00:00-05:00,1.2699999809265137,1.2899999618530273,1.190000057220459,1.2200000286102295,93400,0.0,0.0
2026-03-02 00:00:00-05:00,1.2000000476837158,1.2999999523162842,1.2000000476837158,1.25,74600,0.0,0.0
2026-03-03 00:00:00-05:00,1.190000057220459,1.2899999618530273,1.190000057220459,1.25,38900,0.0,0.0
2026-03-04 00:00:00-05:00,1.2799999713897705,1.3799999952316284,1.25,1.3300000429153442,63000,0.0,0.0
2026-03-05 00:00:00-05:00,1.3300000429153442,1.4299999475479126,1.2200000286102295,1.2400000095367432,168000,0.0,0.0
2026-03-06 00:00:00-05:00,1.2000000476837158,1.5199999809265137,1.1799999475479126,1.5099999904632568,611800,0.0,0.0
2026-03-09 00:00:00-04:00,1.4900000095367432,1.6100000143051147,1.4800000190734863,1.600000023841858,338600,0.0,0.0
2026-03-10 00:00:00-04:00,1.590000033378601,1.7799999713897705,1.159999966621399,1.2899999618530273,794800,0.0,0.0
2026-03-11 00:00:00-04:00,1.2599999904632568,1.4600000381469727,1.2599999904632568,1.3799999952316284,136000,0.0,0.0
2026-03-12 00:00:00-04:00,1.3799999952316284,1.399999976158142,1.309999942779541,1.3600000143051147,100200,0.0,0.0
2026-03-13 00:00:00-04:00,1.3799999952316284,1.4700000286102295,1.340000033378601,1.3600000143051147,220400,0.0,0.0
2026-03-16 00:00:00-04:00,1.399999976158142,1.4299999475479126,1.309999942779541,1.340000033378601,214200,0.0,0.0
2026-03-17 00:00:00-04:00,1.340000033378601,1.399999976158142,1.2899999618530273,1.3300000429153442,74900,0.0,0.0
2026-03-18 00:00:00-04:00,1.350000023841858,1.3600000143051147,1.2899999618530273,1.2899999618530273,83800,0.0,0.0
2026-03-19 00:00:00-04:00,1.2599999904632568,1.309999942779541,1.25,1.2599999904632568,70800,0.0,0.0
2026-03-20 00:00:00-04:00,1.2699999809265137,1.2999999523162842,1.2100000381469727,1.2699999809265137,137300,0.0,0.0
2026-03-23 00:00:00-04:00,1.25,1.3200000524520874,1.25,1.2799999713897705,74300,0.0,0.0
2026-03-24 00:00:00-04:00,1.2899999618530273,1.2999999523162842,1.2000000476837158,1.2000000476837158,115500,0.0,0.0
2026-03-25 00:00:00-04:00,1.2200000286102295,1.2899999618530273,1.2200000286102295,1.2799999713897705,47800,0.0,0.0
2026-03-26 00:00:00-04:00,1.2599999904632568,1.2899999618530273,1.2300000190734863,1.2300000190734863,50800,0.0,0.0
2026-03-27 00:00:00-04:00,1.25,1.2699999809265137,1.090000033378601,1.1100000143051147,165900,0.0,0.0
2026-03-30 00:00:00-04:00,1.1100000143051147,1.2000000476837158,1.0299999713897705,1.0700000524520874,233800,0.0,0.0
2026-03-31 00:00:00-04:00,1.0700000524520874,1.1100000143051147,1.0199999809265137,1.100000023841858,83000,0.0,0.0
2026-04-01 00:00:00-04:00,1.2200000286102295,1.2200000286102295,1.0399999618530273,1.0399999618530273,118000,0.0,0.0
2026-04-02 00:00:00-04:00,1.1799999475479126,1.1799999475479126,1.0,1.0499999523162842,183500,0.0,0.0
2026-04-06 00:00:00-04:00,1.1100000143051147,1.149999976158142,1.0800000429153442,1.100000023841858,123300,0.0,0.0
2026-04-07 00:00:00-04:00,1.100000023841858,1.1100000143051147,1.0499999523162842,1.0700000524520874,68600,0.0,0.0
2026-04-08 00:00:00-04:00,1.149999976158142,1.149999976158142,1.1100000143051147,1.1200000047683716,85900,0.0,0.0
2026-04-09 00:00:00-04:00,1.1100000143051147,1.190000057220459,1.090000033378601,1.149999976158142,90400,0.0,0.0
2026-04-10 00:00:00-04:00,1.190000057220459,1.2699999809265137,1.1399999856948853,1.2000000476837158,144200,0.0,0.0
2026-04-13 00:00:00-04:00,1.190000057220459,1.2699999809265137,1.1699999570846558,1.2200000286102295,67800,0.0,0.0
2026-04-14 00:00:00-04:00,1.2400000095367432,1.2699999809265137,1.149999976158142,1.2100000381469727,121400,0.0,0.0
2026-04-15 00:00:00-04:00,1.190000057220459,1.2599999904632568,1.190000057220459,1.2200000286102295,75800,0.0,0.0
2026-04-16 00:00:00-04:00,1.2300000190734863,1.2400000095367432,1.159999966621399,1.190000057220459,117200,0.0,0.0
2026-04-17 00:00:00-04:00,1.2200000286102295,1.350000023841858,1.2200000286102295,1.3200000524520874,339700,0.0,0.0
2026-04-20 00:00:00-04:00,1.2999999523162842,1.3300000429153442,1.25,1.2899999618530273,119900,0.0,0.0
2026-04-21 00:00:00-04:00,1.3200000524520874,1.3200000524520874,1.25,1.2599999904632568,88800,0.0,0.0
2026-04-22 00:00:00-04:00,1.2999999523162842,1.309999942779541,1.2599999904632568,1.2999999523162842,76300,0.0,0.0
2026-04-23 00:00:00-04:00,1.309999942779541,1.309999942779541,1.1799999475479126,1.2000000476837158,205500,0.0,0.0
2026-04-24 00:00:00-04:00,1.2100000381469727,1.2400000095367432,1.159999966621399,1.2000000476837158,84300,0.0,0.0
2026-04-27 00:00:00-04:00,1.2100000381469727,1.2200000286102295,1.1699999570846558,1.1799999475479126,87200,0.0,0.0
2026-04-28 00:00:00-04:00,1.1799999475479126,1.2200000286102295,1.100000023841858,1.1200000047683716,237300,0.0,0.0
2026-04-29 00:00:00-04:00,1.1399999856948853,1.1399999856948853,1.0800000429153442,1.1100000143051147,121200,0.0,0.0
2026-04-30 00:00:00-04:00,1.1299999952316284,1.1699999570846558,1.100000023841858,1.159999966621399,110600,0.0,0.0
2026-05-01 00:00:00-04:00,1.1399999856948853,1.25,1.1399999856948853,1.25,137900,0.0,0.0
2026-05-04 00:00:00-04:00,1.2400000095367432,1.2599999904632568,1.149999976158142,1.1699999570846558,140000,0.0,0.0
2026-05-05 00:00:00-04:00,1.1699999570846558,1.2100000381469727,1.159999966621399,1.1699999570846558,85800,0.0,0.0
2026-05-06 00:00:00-04:00,1.1799999475479126,1.2599999904632568,1.1799999475479126,1.2400000095367432,138600,0.0,0.0
2026-05-07 00:00:00-04:00,1.25,1.25,1.159999966621399,1.2200000286102295,140700,0.0,0.0
2026-05-08 00:00:00-04:00,1.190000057220459,1.2200000286102295,1.159999966621399,1.2100000381469727,78700,0.0,0.0
2026-05-11 00:00:00-04:00,1.2200000286102295,1.340000033378601,1.2100000381469727,1.2799999713897705,258400,0.0,0.0
2026-05-12 00:00:00-04:00,1.2799999713897705,1.2899999618530273,1.2200000286102295,1.25,202800,0.0,0.0
2026-05-13 00:00:00-04:00,1.2300000190734863,1.4600000381469727,1.2000000476837158,1.340000033378601,468002,0.0,0.0
