Date,Open,High,Low,Close,Volume,Dividends,Stock Splits
2022-01-03 00:00:00-05:00,19.059999465942383,19.684999465942383,19.059999465942383,19.3700008392334,8600,0.0,0.0
2022-01-04 00:00:00-05:00,19.6299991607666,19.6299991607666,18.850000381469727,18.850000381469727,2200,0.0,0.0
2022-01-05 00:00:00-05:00,18.7549991607666,18.950000762939453,18.579999923706055,18.610000610351562,8300,0.0,0.0
2022-01-06 00:00:00-05:00,18.469999313354492,18.65999984741211,18.450000762939453,18.65999984741211,3400,0.0,0.0
2022-01-07 00:00:00-05:00,19.079999923706055,19.1299991607666,18.520000457763672,18.520000457763672,6600,0.0,0.0
2022-01-10 00:00:00-05:00,18.40999984741211,18.75,18.399999618530273,18.75,3000,0.0,0.0
2022-01-11 00:00:00-05:00,18.479999542236328,18.559999465942383,18.479999542236328,18.559999465942383,1800,0.0,0.0
2022-01-12 00:00:00-05:00,18.530000686645508,18.86400032043457,18.459999084472656,18.459999084472656,6700,0.0,0.0
2022-01-13 00:00:00-05:00,18.549999237060547,18.549999237060547,18.06999969482422,18.31999969482422,12100,0.0,0.0
2022-01-14 00:00:00-05:00,18.209999084472656,18.350000381469727,18.110000610351562,18.329999923706055,5500,0.0,0.0
2022-01-18 00:00:00-05:00,18.200000762939453,18.360000610351562,18.059999465942383,18.059999465942383,12600,0.0,0.0
2022-01-19 00:00:00-05:00,18.100000381469727,18.200000762939453,18.010000228881836,18.010000228881836,8100,0.0,0.0
2022-01-20 00:00:00-05:00,18.229999542236328,18.229999542236328,18.010000228881836,18.010000228881836,6900,0.0,0.0
2022-01-21 00:00:00-05:00,18.0,18.059999465942383,17.809999465942383,17.809999465942383,18100,0.0,0.0
2022-01-24 00:00:00-05:00,17.959999084472656,18.97800064086914,17.959999084472656,18.0,9300,0.0,0.0
2022-01-25 00:00:00-05:00,17.780000686645508,17.799999237060547,17.610000610351562,17.649999618530273,21000,0.0,0.0
2022-01-26 00:00:00-05:00,17.84000015258789,19.549999237060547,17.559999465942383,17.610000610351562,15800,0.0,0.0
2022-01-27 00:00:00-05:00,18.0,18.25,17.559999465942383,17.649999618530273,22400,0.0,0.0
2022-01-28 00:00:00-05:00,18.0,18.43000030517578,17.770000457763672,18.43000030517578,7600,0.0,0.0
2022-01-31 00:00:00-05:00,18.389999389648438,19.530000686645508,17.93000030517578,19.299999237060547,14000,0.0,0.0
2022-02-01 00:00:00-05:00,19.15999984741211,19.15999984741211,18.100000381469727,18.469999313354492,14400,0.0,0.0
2022-02-02 00:00:00-05:00,18.309999465942383,18.34000015258789,17.899999618530273,18.010000228881836,6300,0.0,0.0
2022-02-03 00:00:00-05:00,18.040000915527344,18.25,17.75,17.850000381469727,9400,0.0,0.0
2022-02-04 00:00:00-05:00,17.760000228881836,18.239999771118164,17.760000228881836,18.059999465942383,7100,0.0,0.0
2022-02-07 00:00:00-05:00,17.889999389648438,17.889999389648438,17.850000381469727,17.850000381469727,1500,0.0,0.0
2022-02-08 00:00:00-05:00,17.81999969482422,18.030000686645508,17.81999969482422,17.989999771118164,2500,0.0,0.0
2022-02-09 00:00:00-05:00,17.989999771118164,18.100000381469727,17.75,17.760000228881836,14500,0.0,0.0
2022-02-10 00:00:00-05:00,17.549999237060547,17.80500030517578,17.549999237060547,17.700000762939453,8500,0.0,0.0
2022-02-11 00:00:00-05:00,17.68000030517578,17.770000457763672,17.520000457763672,17.520000457763672,3100,0.0,0.0
2022-02-14 00:00:00-05:00,17.5,17.510000228881836,17.5,17.510000228881836,3300,0.0,0.0
2022-02-15 00:00:00-05:00,17.600000381469727,17.780000686645508,17.559999465942383,17.780000686645508,3900,0.0,0.0
2022-02-16 00:00:00-05:00,17.799999237060547,17.979999542236328,17.600000381469727,17.790000915527344,4500,0.0,0.0
2022-02-17 00:00:00-05:00,17.610000610351562,17.75,17.610000610351562,17.610000610351562,4700,0.0,0.0
2022-02-18 00:00:00-05:00,17.600000381469727,17.959999084472656,17.600000381469727,17.649999618530273,5400,0.0,0.0
2022-02-22 00:00:00-05:00,17.610000610351562,17.610000610351562,17.610000610351562,17.610000610351562,2500,0.0,0.0
2022-02-23 00:00:00-05:00,17.600000381469727,17.600000381469727,17.600000381469727,17.600000381469727,2500,0.0,0.0
2022-02-24 00:00:00-05:00,17.520000457763672,17.520000457763672,17.31999969482422,17.31999969482422,4600,0.0,0.0
2022-02-25 00:00:00-05:00,17.450000762939453,17.84000015258789,17.43899917602539,17.770000457763672,3500,0.0,0.0
2022-02-28 00:00:00-05:00,17.90999984741211,18.020000457763672,17.90999984741211,17.93000030517578,10800,0.0,0.0
2022-03-01 00:00:00-05:00,17.979999542236328,18.354999542236328,17.85300064086914,18.100000381469727,7000,0.0,0.0
2022-03-02 00:00:00-05:00,18.219999313354492,18.479999542236328,18.219999313354492,18.479999542236328,2900,0.0,0.0
2022-03-03 00:00:00-05:00,18.3700008392334,18.5,18.3700008392334,18.5,1900,0.0,0.0
2022-03-04 00:00:00-05:00,18.469999313354492,18.655000686645508,18.125,18.15999984741211,6800,0.0,0.0
2022-03-07 00:00:00-05:00,19.059999465942383,19.059999465942383,18.3700008392334,18.3700008392334,5000,0.0,0.0
2022-03-08 00:00:00-05:00,18.350000381469727,18.350000381469727,17.579999923706055,17.90999984741211,10200,0.0,0.0
2022-03-09 00:00:00-05:00,18.040000915527344,18.040000915527344,17.979999542236328,17.979999542236328,2900,0.0,0.0
2022-03-10 00:00:00-05:00,17.989999771118164,17.989999771118164,17.450000762939453,17.450000762939453,4500,0.0,0.0
2022-03-11 00:00:00-05:00,17.309999465942383,17.450000762939453,17.309999465942383,17.450000762939453,1400,0.0,0.0
2022-03-14 00:00:00-04:00,17.299999237060547,17.520000457763672,17.149999618530273,17.149999618530273,6000,0.0,0.0
2022-03-15 00:00:00-04:00,17.030000686645508,17.46500015258789,17.030000686645508,17.309999465942383,4300,0.0,0.0
2022-03-16 00:00:00-04:00,17.63800048828125,17.63800048828125,17.420000076293945,17.420000076293945,9700,0.0,0.0
2022-03-17 00:00:00-04:00,18.065000534057617,18.065000534057617,17.139999389648438,17.899999618530273,9600,0.0,0.0
2022-03-18 00:00:00-04:00,17.899999618530273,18.399999618530273,17.6200008392334,18.190000534057617,58500,0.0,0.0
2022-03-21 00:00:00-04:00,17.950000762939453,17.950000762939453,17.559999465942383,17.559999465942383,5800,0.0,0.0
2022-03-22 00:00:00-04:00,17.895000457763672,17.895000457763672,17.329999923706055,17.479999542236328,9700,0.0,0.0
2022-03-23 00:00:00-04:00,17.59000015258789,17.649999618530273,17.100000381469727,17.110000610351562,7500,0.0,0.0
2022-03-24 00:00:00-04:00,17.25200080871582,17.260000228881836,17.170000076293945,17.170000076293945,2300,0.0,0.0
2022-03-25 00:00:00-04:00,17.729000091552734,17.729000091552734,17.25,17.260000228881836,8800,0.0,0.0
2022-03-28 00:00:00-04:00,17.18000030517578,17.200000762939453,16.899999618530273,17.200000762939453,13300,0.0,0.0
2022-03-29 00:00:00-04:00,17.209999084472656,18.2450008392334,17.209999084472656,17.270000457763672,13900,0.0,0.0
2022-03-30 00:00:00-04:00,17.309999465942383,17.790000915527344,17.25,17.25,6000,0.0,0.0
2022-03-31 00:00:00-04:00,17.299999237060547,17.84000015258789,16.81999969482422,16.959999084472656,28300,0.0,0.0
2022-04-01 00:00:00-04:00,17.149999618530273,17.524999618530273,17.114999771118164,17.15999984741211,6900,0.0,0.0
2022-04-04 00:00:00-04:00,17.170000076293945,17.305999755859375,17.09000015258789,17.219999313354492,13300,0.0,0.0
2022-04-05 00:00:00-04:00,17.156999588012695,17.156999588012695,17.149999618530273,17.149999618530273,7000,0.0,0.0
2022-04-06 00:00:00-04:00,17.010000228881836,17.280000686645508,17.010000228881836,17.1299991607666,4500,0.0,0.0
2022-04-07 00:00:00-04:00,17.059999465942383,17.059999465942383,16.979999542236328,16.979999542236328,4500,0.0,0.0
2022-04-08 00:00:00-04:00,16.969999313354492,17.389999389648438,16.93000030517578,17.260000228881836,4400,0.0,0.0
2022-04-11 00:00:00-04:00,17.229999542236328,17.334999084472656,16.760000228881836,16.809999465942383,3600,0.0,0.0
2022-04-12 00:00:00-04:00,16.940000534057617,16.950000762939453,16.360000610351562,16.5,16500,0.0,0.0
2022-04-13 00:00:00-04:00,16.472000122070312,16.604000091552734,15.760000228881836,16.25,31400,0.0,0.0
2022-04-14 00:00:00-04:00,16.280000686645508,16.451000213623047,15.84000015258789,16.0,20800,0.0,0.0
2022-04-18 00:00:00-04:00,15.960000038146973,16.200000762939453,15.710000038146973,16.030000686645508,28900,0.0,0.0
2022-04-19 00:00:00-04:00,16.200000762939453,16.450000762939453,16.200000762939453,16.450000762939453,3700,0.0,0.0
2022-04-20 00:00:00-04:00,16.1299991607666,16.575000762939453,16.100000381469727,16.350000381469727,7000,0.0,0.0
2022-04-21 00:00:00-04:00,16.059999465942383,16.059999465942383,15.770000457763672,15.819999694824219,5400,0.0,0.0
2022-04-22 00:00:00-04:00,15.873000144958496,15.899999618530273,15.869999885559082,15.869999885559082,4600,0.0,0.0
2022-04-25 00:00:00-04:00,16.15999984741211,16.350000381469727,16.010000228881836,16.1299991607666,8400,0.0,0.0
2022-04-26 00:00:00-04:00,15.949999809265137,16.2549991607666,15.760000228881836,15.930000305175781,6600,0.0,0.0
2022-04-27 00:00:00-04:00,16.02899932861328,16.09000015258789,15.65999984741211,15.65999984741211,5600,0.0,0.0
2022-04-28 00:00:00-04:00,15.949999809265137,15.949999809265137,15.720000267028809,15.770000457763672,6600,0.0,0.0
2022-04-29 00:00:00-04:00,16.18000030517578,16.18000030517578,15.800000190734863,15.850000381469727,6500,0.0,0.0
2022-05-02 00:00:00-04:00,15.800000190734863,15.859999656677246,15.529999732971191,15.65999984741211,11500,0.0,0.0
2022-05-03 00:00:00-04:00,15.65999984741211,15.65999984741211,15.510000228881836,15.569999694824219,7100,0.0,0.0
2022-05-04 00:00:00-04:00,15.359999656677246,15.699999809265137,15.359999656677246,15.699999809265137,6100,0.0,0.0
2022-05-05 00:00:00-04:00,15.460000038146973,15.59000015258789,15.460000038146973,15.59000015258789,9800,0.0,0.0
2022-05-06 00:00:00-04:00,15.069999694824219,15.579999923706055,15.069999694824219,15.5600004196167,7800,0.0,0.0
2022-05-09 00:00:00-04:00,15.470000267028809,16.489999771118164,15.470000267028809,16.219999313354492,20700,0.0,0.0
2022-05-10 00:00:00-04:00,16.420000076293945,17.34000015258789,16.420000076293945,17.34000015258789,8900,0.0,0.0
2022-05-11 00:00:00-04:00,17.34000015258789,17.420000076293945,17.0,17.25,6000,0.0,0.0
2022-05-12 00:00:00-04:00,17.40999984741211,17.40999984741211,16.799999237060547,17.389999389648438,4700,0.0,0.0
2022-05-13 00:00:00-04:00,17.135000228881836,17.459999084472656,17.100000381469727,17.239999771118164,6500,0.0,0.0
2022-05-16 00:00:00-04:00,17.299999237060547,17.299999237060547,16.93000030517578,16.93000030517578,5200,0.0,0.0
2022-05-17 00:00:00-04:00,17.1299991607666,17.3700008392334,17.100000381469727,17.239999771118164,4300,0.0,0.0
2022-05-18 00:00:00-04:00,17.149999618530273,17.489999771118164,16.889999389648438,17.040000915527344,6300,0.0,0.0
2022-05-19 00:00:00-04:00,17.290000915527344,17.3799991607666,16.25,16.25,15500,0.0,0.0
2022-05-20 00:00:00-04:00,16.510000228881836,16.6299991607666,15.800000190734863,15.800000190734863,7300,0.0,0.0
2022-05-23 00:00:00-04:00,16.25,16.65999984741211,15.77299976348877,16.34000015258789,9400,0.0,0.0
2022-05-24 00:00:00-04:00,16.19499969482422,16.600000381469727,16.19499969482422,16.520000457763672,10400,0.0,0.0
2022-05-25 00:00:00-04:00,16.600000381469727,16.84000015258789,16.459999084472656,16.59000015258789,8200,0.0,0.0
2022-05-26 00:00:00-04:00,16.770000457763672,16.889999389648438,16.739999771118164,16.760000228881836,3800,0.0,0.0
2022-05-27 00:00:00-04:00,16.670000076293945,16.969999313354492,16.549999237060547,16.75,16000,0.0,0.0
2022-05-31 00:00:00-04:00,16.969999313354492,16.969999313354492,16.649999618530273,16.700000762939453,7100,0.0,0.0
2022-06-01 00:00:00-04:00,16.8700008392334,16.8700008392334,16.6200008392334,16.6200008392334,3800,0.0,0.0
2022-06-02 00:00:00-04:00,16.725000381469727,17.25,16.68400001525879,17.100000381469727,7200,0.0,0.0
2022-06-03 00:00:00-04:00,17.040000915527344,17.479999542236328,16.6200008392334,17.479999542236328,5300,0.0,0.0
2022-06-06 00:00:00-04:00,17.479999542236328,18.190000534057617,17.200000762939453,17.40999984741211,8500,0.0,0.0
2022-06-07 00:00:00-04:00,17.739999771118164,17.739999771118164,17.5,17.5,8000,0.0,0.0
2022-06-08 00:00:00-04:00,17.350000381469727,17.350000381469727,17.350000381469727,17.350000381469727,2800,0.0,0.0
2022-06-09 00:00:00-04:00,16.850000381469727,16.850000381469727,16.850000381469727,16.850000381469727,2400,0.0,0.0
2022-06-10 00:00:00-04:00,16.579999923706055,16.832000732421875,16.549999237060547,16.6200008392334,4500,0.0,0.0
2022-06-13 00:00:00-04:00,16.450000762939453,17.0,15.65999984741211,16.81999969482422,8000,0.0,0.0
2022-06-14 00:00:00-04:00,16.899999618530273,17.270000457763672,16.18000030517578,17.0,4200,0.0,0.0
2022-06-15 00:00:00-04:00,16.809999465942383,17.350000381469727,16.700000762939453,16.850000381469727,9300,0.0,0.0
2022-06-16 00:00:00-04:00,16.280000686645508,17.0,16.059999465942383,16.350000381469727,14100,0.0,0.0
2022-06-17 00:00:00-04:00,16.3799991607666,16.447999954223633,15.8100004196167,16.0,29600,0.0,0.0
2022-06-21 00:00:00-04:00,16.329999923706055,16.940000534057617,16.209999084472656,16.68000030517578,16900,0.0,0.0
2022-06-22 00:00:00-04:00,16.100000381469727,16.6299991607666,15.859999656677246,16.0,10800,0.0,0.0
2022-06-23 00:00:00-04:00,16.110000610351562,16.34000015258789,16.094999313354492,16.34000015258789,6300,0.0,0.0
2022-06-24 00:00:00-04:00,16.100000381469727,17.200000762939453,16.100000381469727,17.170000076293945,31300,0.0,0.0
2022-06-27 00:00:00-04:00,16.920000076293945,16.920000076293945,16.399999618530273,16.790000915527344,8300,0.0,0.0
2022-06-28 00:00:00-04:00,16.709999084472656,16.75,16.260000228881836,16.309999465942383,5000,0.0,0.0
2022-06-29 00:00:00-04:00,16.59000015258789,16.59000015258789,16.280000686645508,16.3799991607666,6000,0.0,0.0
2022-06-30 00:00:00-04:00,16.209999084472656,16.937000274658203,16.049999237060547,16.43000030517578,19800,0.0,0.0
2022-07-01 00:00:00-04:00,16.649999618530273,17.149999618530273,16.400999069213867,17.139999389648438,16100,0.0,0.0
2022-07-05 00:00:00-04:00,16.899999618530273,17.43000030517578,16.799999237060547,17.43000030517578,8300,0.0,0.0
2022-07-06 00:00:00-04:00,17.5,18.100000381469727,17.399999618530273,17.440000534057617,15300,0.0,0.0
2022-07-07 00:00:00-04:00,17.5,17.65999984741211,17.1200008392334,17.309999465942383,13900,0.0,0.0
2022-07-08 00:00:00-04:00,17.219999313354492,17.719999313354492,17.110000610351562,17.399999618530273,9000,0.0,0.0
2022-07-11 00:00:00-04:00,17.059999465942383,17.399999618530273,17.059999465942383,17.219999313354492,4600,0.0,0.0
2022-07-12 00:00:00-04:00,17.010000228881836,17.360000610351562,16.850000381469727,16.850000381469727,3800,0.0,0.0
2022-07-13 00:00:00-04:00,16.850000381469727,16.93000030517578,16.639999389648438,16.850000381469727,3400,0.0,0.0
2022-07-14 00:00:00-04:00,16.540000915527344,16.649999618530273,16.510000228881836,16.610000610351562,3700,0.0,0.0
2022-07-15 00:00:00-04:00,16.8700008392334,17.360000610351562,16.59000015258789,16.829999923706055,14600,0.0,0.0
2022-07-18 00:00:00-04:00,16.8799991607666,16.899999618530273,16.43000030517578,16.43000030517578,8500,0.0,0.0
2022-07-19 00:00:00-04:00,16.31999969482422,16.649999618530273,16.31999969482422,16.510000228881836,6400,0.0,0.0
2022-07-20 00:00:00-04:00,16.25,16.600000381469727,16.25,16.600000381469727,3300,0.0,0.0
2022-07-21 00:00:00-04:00,16.280000686645508,16.6299991607666,16.280000686645508,16.6200008392334,3600,0.0,0.0
2022-07-22 00:00:00-04:00,16.649999618530273,16.649999618530273,16.110000610351562,16.309999465942383,8600,0.0,0.0
2022-07-25 00:00:00-04:00,16.299999237060547,16.299999237060547,14.199999809265137,14.199999809265137,15600,0.0,0.0
2022-07-26 00:00:00-04:00,14.319999694824219,15.350000381469727,14.079999923706055,15.010000228881836,15800,0.0,0.0
2022-07-27 00:00:00-04:00,15.010000228881836,15.539999961853027,15.010000228881836,15.539999961853027,6100,0.0,0.0
2022-07-28 00:00:00-04:00,15.239999771118164,15.239999771118164,14.760000228881836,14.760000228881836,6100,0.0,0.0
2022-07-29 00:00:00-04:00,14.34000015258789,14.84000015258789,14.329999923706055,14.84000015258789,5400,0.0,0.0
2022-08-01 00:00:00-04:00,15.069999694824219,15.359999656677246,15.069999694824219,15.09000015258789,3000,0.0,0.0
2022-08-02 00:00:00-04:00,15.270000457763672,15.270000457763672,14.6850004196167,14.8100004196167,3600,0.0,0.0
2022-08-03 00:00:00-04:00,14.630000114440918,14.949999809265137,14.32800006866455,14.850000381469727,4800,0.0,0.0
2022-08-04 00:00:00-04:00,15.0,15.0,14.829999923706055,14.829999923706055,3500,0.0,0.0
2022-08-05 00:00:00-04:00,15.20300006866455,15.395000457763672,14.619999885559082,14.619999885559082,5600,0.0,0.0
2022-08-08 00:00:00-04:00,14.829000473022461,14.829000473022461,14.350000381469727,14.350000381469727,5500,0.0,0.0
2022-08-09 00:00:00-04:00,14.210000038146973,14.220000267028809,13.6899995803833,13.850000381469727,8900,0.0,0.0
2022-08-10 00:00:00-04:00,14.1899995803833,14.949999809265137,14.1899995803833,14.670000076293945,12400,0.0,0.0
2022-08-11 00:00:00-04:00,14.187999725341797,14.399999618530273,14.187999725341797,14.399999618530273,2800,0.0,0.0
2022-08-12 00:00:00-04:00,14.718999862670898,14.970000267028809,14.5,14.930000305175781,11100,0.0,0.0
2022-08-15 00:00:00-04:00,14.5600004196167,14.630000114440918,14.5600004196167,14.59000015258789,6700,0.0,0.0
2022-08-16 00:00:00-04:00,14.289999961853027,14.515000343322754,14.270000457763672,14.279999732971191,3700,0.0,0.0
2022-08-17 00:00:00-04:00,14.199999809265137,14.28499984741211,13.930000305175781,13.930000305175781,13700,0.0,0.0
2022-08-18 00:00:00-04:00,13.741000175476074,14.25,13.739999771118164,13.989999771118164,12300,0.0,0.0
2022-08-19 00:00:00-04:00,13.84000015258789,13.90999984741211,13.84000015258789,13.899999618530273,4800,0.0,0.0
2022-08-22 00:00:00-04:00,13.899999618530273,14.0,13.204999923706055,13.65999984741211,7700,0.0,0.0
2022-08-23 00:00:00-04:00,13.619999885559082,13.772000312805176,13.4399995803833,13.4399995803833,2700,0.0,0.0
2022-08-24 00:00:00-04:00,13.529999732971191,13.779999732971191,13.411999702453613,13.779999732971191,5600,0.0,0.0
2022-08-25 00:00:00-04:00,13.520000457763672,13.579999923706055,13.420000076293945,13.5600004196167,4500,0.0,0.0
2022-08-26 00:00:00-04:00,13.25,13.300000190734863,13.25,13.300000190734863,4600,0.0,0.0
2022-08-29 00:00:00-04:00,12.970000267028809,13.069999694824219,12.970000267028809,13.069999694824219,2500,0.0,0.0
2022-08-30 00:00:00-04:00,13.21399974822998,13.265000343322754,13.079999923706055,13.079999923706055,3100,0.0,0.0
2022-08-31 00:00:00-04:00,13.170000076293945,13.26200008392334,13.130000114440918,13.130000114440918,2700,0.0,0.0
2022-09-01 00:00:00-04:00,13.149999618530273,13.220000267028809,13.055000305175781,13.100000381469727,5500,0.0,0.0
2022-09-02 00:00:00-04:00,13.149999618530273,13.199999809265137,13.010000228881836,13.010000228881836,4400,0.0,0.0
2022-09-06 00:00:00-04:00,13.170000076293945,13.170000076293945,12.859999656677246,12.859999656677246,10500,0.0,0.0
2022-09-07 00:00:00-04:00,12.850000381469727,12.90999984741211,12.800000190734863,12.890000343322754,6000,0.0,0.0
2022-09-08 00:00:00-04:00,12.710000038146973,12.989999771118164,12.710000038146973,12.970000267028809,7300,0.0,0.0
2022-09-09 00:00:00-04:00,12.97599983215332,13.114999771118164,12.890000343322754,13.010000228881836,7400,0.0,0.0
2022-09-12 00:00:00-04:00,12.960000038146973,12.960000038146973,12.859999656677246,12.859999656677246,3400,0.0,0.0
2022-09-13 00:00:00-04:00,13.100000381469727,13.100000381469727,12.760000228881836,12.760000228881836,10300,0.0,0.0
2022-09-14 00:00:00-04:00,12.84000015258789,12.84000015258789,12.699999809265137,12.710000038146973,5800,0.0,0.0
2022-09-15 00:00:00-04:00,12.600000381469727,12.859999656677246,12.600000381469727,12.859999656677246,7800,0.0,0.0
2022-09-16 00:00:00-04:00,12.859999656677246,12.890000343322754,12.755000114440918,12.829999923706055,28100,0.0,0.0
2022-09-19 00:00:00-04:00,12.829999923706055,12.84000015258789,12.699999809265137,12.75,5000,0.0,0.0
2022-09-20 00:00:00-04:00,12.75,12.84000015258789,12.75,12.84000015258789,10300,0.0,0.0
2022-09-21 00:00:00-04:00,12.864999771118164,13.199999809265137,12.75,12.949999809265137,17900,0.0,0.0
2022-09-22 00:00:00-04:00,12.770000457763672,13.010000228881836,12.760000228881836,12.800000190734863,8400,0.0,0.0
2022-09-23 00:00:00-04:00,12.755000114440918,12.819999694824219,12.75,12.819999694824219,4000,0.0,0.0
2022-09-26 00:00:00-04:00,12.859999656677246,12.970000267028809,12.550000190734863,12.800000190734863,11300,0.0,0.0
2022-09-27 00:00:00-04:00,12.800000190734863,12.850000381469727,12.550000190734863,12.800000190734863,10200,0.0,0.0
2022-09-28 00:00:00-04:00,12.850000381469727,13.0600004196167,12.760000228881836,13.050000190734863,13500,0.0,0.0
2022-09-29 00:00:00-04:00,12.90999984741211,13.0,12.699999809265137,12.84000015258789,8700,0.0,0.0
2022-09-30 00:00:00-04:00,13.430000305175781,13.930000305175781,13.229999542236328,13.359999656677246,10400,0.0,0.0
2022-10-03 00:00:00-04:00,13.260000228881836,13.479999542236328,12.819999694824219,13.300000190734863,13300,0.0,0.0
2022-10-04 00:00:00-04:00,13.210000038146973,14.0,13.210000038146973,13.989999771118164,8400,0.0,0.0
2022-10-05 00:00:00-04:00,13.84000015258789,13.920000076293945,13.010000228881836,13.609999656677246,4500,0.0,0.0
2022-10-06 00:00:00-04:00,13.6899995803833,13.930000305175781,13.430000305175781,13.430000305175781,3800,0.0,0.0
2022-10-07 00:00:00-04:00,13.647000312805176,13.770000457763672,13.149999618530273,13.210000038146973,7200,0.0,0.0
2022-10-10 00:00:00-04:00,13.364999771118164,13.510000228881836,13.260000228881836,13.510000228881836,7500,0.0,0.0
2022-10-11 00:00:00-04:00,14.789999961853027,14.789999961853027,13.510000228881836,13.720000267028809,10000,0.0,0.0
2022-10-12 00:00:00-04:00,13.699999809265137,14.119999885559082,13.489999771118164,13.989999771118164,9100,0.0,0.0
2022-10-13 00:00:00-04:00,13.9350004196167,14.449999809265137,13.9350004196167,14.25,12400,0.0,0.0
2022-10-14 00:00:00-04:00,14.329999923706055,14.329999923706055,13.600000381469727,13.880000114440918,10700,0.0,0.0
2022-10-17 00:00:00-04:00,13.98900032043457,14.300000190734863,13.829999923706055,14.300000190734863,11900,0.0,0.0
2022-10-18 00:00:00-04:00,14.359999656677246,14.359999656677246,14.0600004196167,14.180000305175781,3800,0.0,0.0
2022-10-19 00:00:00-04:00,13.569999694824219,14.399999618530273,13.569999694824219,14.399999618530273,6400,0.0,0.0
2022-10-20 00:00:00-04:00,14.25,14.40999984741211,13.979999542236328,13.979999542236328,4000,0.0,0.0
2022-10-21 00:00:00-04:00,14.229999542236328,14.46500015258789,14.069999694824219,14.109999656677246,7600,0.0,0.0
2022-10-24 00:00:00-04:00,14.149999618530273,14.149999618530273,14.079999923706055,14.100000381469727,4000,0.0,0.0
2022-10-25 00:00:00-04:00,13.609999656677246,14.300000190734863,13.59000015258789,13.989999771118164,18300,0.0,0.0
2022-10-26 00:00:00-04:00,14.039999961853027,14.149999618530273,13.770000457763672,13.8100004196167,12500,0.0,0.0
2022-10-27 00:00:00-04:00,13.8100004196167,13.8100004196167,13.75,13.75,6200,0.0,0.0
2022-10-28 00:00:00-04:00,14.0,14.210000038146973,13.40999984741211,13.720000267028809,24100,0.0,0.0
2022-10-31 00:00:00-04:00,13.6899995803833,13.699999809265137,13.538000106811523,13.579999923706055,5600,0.0,0.0
2022-11-01 00:00:00-04:00,13.5600004196167,13.630000114440918,13.350000381469727,13.359999656677246,12200,0.0,0.0
2022-11-02 00:00:00-04:00,13.600000381469727,14.119999885559082,13.40999984741211,13.640000343322754,21500,0.0,0.0
2022-11-03 00:00:00-04:00,13.359999656677246,13.359999656677246,13.270000457763672,13.270000457763672,1600,0.0,0.0
2022-11-04 00:00:00-04:00,13.5,13.5,13.220000267028809,13.5,4900,0.0,0.0
2022-11-07 00:00:00-05:00,13.475000381469727,14.0,13.270000457763672,14.0,6900,0.0,0.0
2022-11-08 00:00:00-05:00,14.149999618530273,14.149999618530273,13.510000228881836,13.90999984741211,7700,0.0,0.0
2022-11-09 00:00:00-05:00,13.859999656677246,13.859999656677246,13.100000381469727,13.170000076293945,37800,0.0,0.0
2022-11-10 00:00:00-05:00,13.479999542236328,13.680000305175781,13.149999618530273,13.680000305175781,16500,0.0,0.0
2022-11-11 00:00:00-05:00,13.600000381469727,13.949999809265137,13.470000267028809,13.520000457763672,17000,0.0,0.0
2022-11-14 00:00:00-05:00,13.890000343322754,13.890000343322754,13.380000114440918,13.380000114440918,3300,0.0,0.0
2022-11-15 00:00:00-05:00,13.489999771118164,13.600000381469727,13.350000381469727,13.399999618530273,5000,0.0,0.0
2022-11-16 00:00:00-05:00,13.479999542236328,13.505000114440918,13.175000190734863,13.399999618530273,8700,0.0,0.0
2022-11-17 00:00:00-05:00,13.25,13.539999961853027,13.050000190734863,13.489999771118164,3800,0.0,0.0
2022-11-18 00:00:00-05:00,13.819999694824219,13.819999694824219,13.121000289916992,13.5,15200,0.0,0.0
2022-11-21 00:00:00-05:00,13.5,13.5,13.399999618530273,13.399999618530273,5900,0.0,0.0
2022-11-22 00:00:00-05:00,12.982999801635742,13.369999885559082,12.982999801635742,13.369999885559082,2400,0.0,0.0
2022-11-23 00:00:00-05:00,13.130000114440918,13.380000114440918,13.100000381469727,13.300000190734863,4000,0.0,0.0
2022-11-25 00:00:00-05:00,13.229999542236328,13.229999542236328,13.229999542236328,13.229999542236328,500,0.0,0.0
2022-11-28 00:00:00-05:00,13.109999656677246,13.109999656677246,12.90999984741211,12.90999984741211,3200,0.0,0.0
2022-11-29 00:00:00-05:00,13.130000114440918,13.585000038146973,13.130000114440918,13.1899995803833,9200,0.0,0.0
2022-11-30 00:00:00-05:00,13.239999771118164,13.510000228881836,13.239999771118164,13.5,9300,0.0,0.0
2022-12-01 00:00:00-05:00,13.5,13.5,13.092000007629395,13.130000114440918,43800,0.0,0.0
2022-12-02 00:00:00-05:00,13.100000381469727,13.399999618530273,13.100000381469727,13.399999618530273,13900,0.0,0.0
2022-12-05 00:00:00-05:00,13.15999984741211,13.569999694824219,13.119999885559082,13.34000015258789,8700,0.0,0.0
2022-12-06 00:00:00-05:00,13.460000038146973,13.984999656677246,13.460000038146973,13.979999542236328,20600,0.0,0.0
2022-12-07 00:00:00-05:00,14.0,14.0,13.739999771118164,13.739999771118164,8800,0.0,0.0
2022-12-08 00:00:00-05:00,13.899999618530273,13.989999771118164,13.899999618530273,13.989999771118164,3600,0.0,0.0
2022-12-09 00:00:00-05:00,14.0,14.0,13.38700008392334,13.710000038146973,6200,0.0,0.0
2022-12-12 00:00:00-05:00,13.78499984741211,13.78499984741211,13.649999618530273,13.649999618530273,3700,0.0,0.0
2022-12-13 00:00:00-05:00,13.92199993133545,13.989999771118164,13.5600004196167,13.970000267028809,5000,0.0,0.0
2022-12-14 00:00:00-05:00,13.670000076293945,13.9399995803833,13.600000381469727,13.9399995803833,19400,0.0,0.0
2022-12-15 00:00:00-05:00,13.824999809265137,13.920000076293945,13.510000228881836,13.850000381469727,5800,0.0,0.0
2022-12-16 00:00:00-05:00,13.6899995803833,13.6899995803833,13.260000228881836,13.390000343322754,31400,0.0,0.0
2022-12-19 00:00:00-05:00,13.350000381469727,13.64799976348877,13.220000267028809,13.369999885559082,5000,0.0,0.0
2022-12-20 00:00:00-05:00,13.390000343322754,13.390000343322754,13.180000305175781,13.350000381469727,4600,0.0,0.0
2022-12-21 00:00:00-05:00,13.369999885559082,13.789999961853027,13.239999771118164,13.789999961853027,6800,0.0,0.0
2022-12-22 00:00:00-05:00,13.399999618530273,13.399999618530273,13.3100004196167,13.3100004196167,3800,0.0,0.0
2022-12-23 00:00:00-05:00,13.180000305175781,13.359999656677246,13.180000305175781,13.359999656677246,7300,0.0,0.0
2022-12-27 00:00:00-05:00,13.460000038146973,13.460000038146973,13.460000038146973,13.460000038146973,1400,0.0,0.0
2022-12-28 00:00:00-05:00,13.460000038146973,13.460000038146973,13.460000038146973,13.460000038146973,1900,0.0,0.0
2022-12-29 00:00:00-05:00,13.649999618530273,13.770000457763672,13.600000381469727,13.680000305175781,4200,0.0,0.0
2022-12-30 00:00:00-05:00,13.449999809265137,13.470000267028809,13.220000267028809,13.270000457763672,3900,0.0,0.0
2023-01-03 00:00:00-05:00,13.449999809265137,13.449999809265137,13.369999885559082,13.430000305175781,3400,0.0,0.0
2023-01-04 00:00:00-05:00,13.319999694824219,13.800999641418457,13.319999694824219,13.359999656677246,3300,0.0,0.0
2023-01-05 00:00:00-05:00,13.359999656677246,13.704999923706055,13.350000381469727,13.350000381469727,4200,0.0,0.0
2023-01-06 00:00:00-05:00,13.666000366210938,13.699999809265137,13.295000076293945,13.359999656677246,4500,0.0,0.0
2023-01-09 00:00:00-05:00,13.350000381469727,13.371000289916992,13.109999656677246,13.109999656677246,4200,0.0,0.0
2023-01-10 00:00:00-05:00,13.15999984741211,13.630000114440918,13.15999984741211,13.630000114440918,7300,0.0,0.0
2023-01-11 00:00:00-05:00,13.270000457763672,13.270000457763672,13.270000457763672,13.270000457763672,1300,0.0,0.0
2023-01-12 00:00:00-05:00,13.180000305175781,13.449999809265137,13.180000305175781,13.449999809265137,8300,0.0,0.0
2023-01-13 00:00:00-05:00,13.199999809265137,13.479999542236328,13.199999809265137,13.380000114440918,5300,0.0,0.0
2023-01-17 00:00:00-05:00,13.53499984741211,13.53499984741211,13.260000228881836,13.270000457763672,5200,0.0,0.0
2023-01-18 00:00:00-05:00,13.40999984741211,13.940999984741211,13.25,13.350000381469727,9600,0.0,0.0
2023-01-19 00:00:00-05:00,12.994999885559082,13.725000381469727,12.994999885559082,13.350000381469727,9600,0.0,0.0
2023-01-20 00:00:00-05:00,13.489999771118164,13.640000343322754,13.390000343322754,13.600000381469727,6500,0.0,0.0
2023-01-23 00:00:00-05:00,13.600000381469727,14.100000381469727,13.59000015258789,13.8100004196167,10500,0.0,0.0
2023-01-24 00:00:00-05:00,13.800000190734863,14.0,13.680000305175781,13.899999618530273,6900,0.0,0.0
2023-01-25 00:00:00-05:00,13.890000343322754,13.949999809265137,13.4399995803833,13.720000267028809,6600,0.0,0.0
2023-01-26 00:00:00-05:00,13.720000267028809,13.720000267028809,13.3100004196167,13.34000015258789,10600,0.0,0.0
2023-01-27 00:00:00-05:00,13.3100004196167,13.350000381469727,13.220000267028809,13.220000267028809,3900,0.0,0.0
2023-01-30 00:00:00-05:00,13.010000228881836,13.010000228881836,13.010000228881836,13.010000228881836,3000,0.0,0.0
2023-01-31 00:00:00-05:00,13.175000190734863,13.46500015258789,13.095000267028809,13.25,118500,0.0,0.0
2023-02-01 00:00:00-05:00,13.300000190734863,13.829999923706055,13.270000457763672,13.779999732971191,15600,0.0,0.0
2023-02-02 00:00:00-05:00,13.899999618530273,13.899999618530273,13.899999618530273,13.899999618530273,11000,0.0,0.0
2023-02-03 00:00:00-05:00,13.819999694824219,13.819999694824219,13.645000457763672,13.8100004196167,4800,0.0,0.0
2023-02-06 00:00:00-05:00,13.829999923706055,13.829999923706055,13.829999923706055,13.829999923706055,2500,0.0,0.0
2023-02-07 00:00:00-05:00,13.734999656677246,13.734999656677246,13.704999923706055,13.710000038146973,4500,0.0,0.0
2023-02-08 00:00:00-05:00,13.822999954223633,13.899999618530273,13.8100004196167,13.84000015258789,5000,0.0,0.0
2023-02-09 00:00:00-05:00,13.869999885559082,13.869999885559082,13.649999618530273,13.729999542236328,7000,0.0,0.0
2023-02-10 00:00:00-05:00,13.789999961853027,13.789999961853027,13.789999961853027,13.789999961853027,2300,0.0,0.0
2023-02-13 00:00:00-05:00,13.720000267028809,13.800000190734863,13.5600004196167,13.800000190734863,3100,0.0,0.0
2023-02-14 00:00:00-05:00,13.630000114440918,14.0,13.630000114440918,13.770000457763672,7700,0.0,0.0
2023-02-15 00:00:00-05:00,13.699999809265137,13.899999618530273,13.699999809265137,13.850000381469727,3800,0.0,0.0
2023-02-16 00:00:00-05:00,13.739999771118164,13.96500015258789,13.699999809265137,13.880000114440918,9100,0.0,0.0
2023-02-17 00:00:00-05:00,13.920000076293945,13.920000076293945,13.890000343322754,13.890000343322754,12200,0.0,0.0
2023-02-21 00:00:00-05:00,13.779999732971191,13.779999732971191,13.75,13.75,5300,0.0,0.0
2023-02-22 00:00:00-05:00,13.710000038146973,13.710000038146973,13.710000038146973,13.710000038146973,5100,0.0,0.0
2023-02-23 00:00:00-05:00,13.739999771118164,13.880000114440918,13.739999771118164,13.880000114440918,3100,0.0,0.0
2023-02-24 00:00:00-05:00,13.720000267028809,13.789999961853027,13.640999794006348,13.789999961853027,4000,0.0,0.0
2023-02-27 00:00:00-05:00,13.850000381469727,13.850000381469727,13.800000190734863,13.800000190734863,2200,0.0,0.0
2023-02-28 00:00:00-05:00,13.850000381469727,13.949999809265137,13.8100004196167,13.84000015258789,9900,0.0,0.0
2023-03-01 00:00:00-05:00,13.800000190734863,14.039999961853027,13.449999809265137,13.850000381469727,12300,0.0,0.0
2023-03-02 00:00:00-05:00,13.789999961853027,13.899999618530273,13.460000038146973,13.460000038146973,14100,0.0,0.0
2023-03-03 00:00:00-05:00,13.65999984741211,13.65999984741211,13.510000228881836,13.510000228881836,3300,0.0,0.0
2023-03-06 00:00:00-05:00,13.819999694824219,13.819999694824219,13.170000076293945,13.420000076293945,23600,0.0,0.0
2023-03-07 00:00:00-05:00,13.404000282287598,13.800000190734863,13.404000282287598,13.640000343322754,10400,0.0,0.0
2023-03-08 00:00:00-05:00,13.770000457763672,14.0,13.75,13.819999694824219,10700,0.0,0.0
2023-03-09 00:00:00-05:00,13.869999885559082,13.90999984741211,13.699999809265137,13.699999809265137,5300,0.0,0.0
2023-03-10 00:00:00-05:00,13.609999656677246,13.609999656677246,12.704999923706055,12.819999694824219,10100,0.0,0.0
2023-03-13 00:00:00-04:00,12.600000381469727,12.890000343322754,12.279999732971191,12.350000381469727,8400,0.0,0.0
2023-03-14 00:00:00-04:00,12.699999809265137,13.0,12.5649995803833,12.760000228881836,8900,0.0,0.0
2023-03-15 00:00:00-04:00,12.680000305175781,12.949999809265137,12.369999885559082,12.699999809265137,11800,0.0,0.0
2023-03-16 00:00:00-04:00,12.5,12.9399995803833,12.5,12.9399995803833,7900,0.0,0.0
2023-03-17 00:00:00-04:00,12.869999885559082,12.972000122070312,12.710000038146973,12.710000038146973,28300,0.0,0.0
2023-03-20 00:00:00-04:00,12.729999542236328,12.729999542236328,12.260000228881836,12.34000015258789,10400,0.0,0.0
2023-03-21 00:00:00-04:00,12.595000267028809,12.9399995803833,12.390000343322754,12.800000190734863,4100,0.0,0.0
2023-03-22 00:00:00-04:00,12.789999961853027,12.789999961853027,12.529999732971191,12.529999732971191,2700,0.0,0.0
2023-03-23 00:00:00-04:00,12.744000434875488,13.180000305175781,12.600000381469727,12.960000038146973,10000,0.0,0.0
2023-03-24 00:00:00-04:00,12.899999618530273,13.0,12.760000228881836,12.760000228881836,8300,0.0,0.0
2023-03-27 00:00:00-04:00,12.760000228881836,12.800000190734863,12.229999542236328,12.699999809265137,7800,0.0,0.0
2023-03-28 00:00:00-04:00,12.800000190734863,12.9399995803833,12.800000190734863,12.9399995803833,4100,0.0,0.0
2023-03-29 00:00:00-04:00,13.0,13.25,13.0,13.25,6200,0.0,0.0
2023-03-30 00:00:00-04:00,13.0,13.0,12.920000076293945,12.920000076293945,5500,0.0,0.0
2023-03-31 00:00:00-04:00,13.0,13.020000457763672,12.890000343322754,13.0,12300,0.0,0.0
2023-04-03 00:00:00-04:00,13.0,13.0,12.880000114440918,12.979999542236328,10800,0.0,0.0
2023-04-04 00:00:00-04:00,13.0,13.0,12.899999618530273,13.0,24800,0.0,0.0
2023-04-05 00:00:00-04:00,13.0,13.0,12.979999542236328,12.989999771118164,15900,0.0,0.0
2023-04-06 00:00:00-04:00,13.0,13.0,12.989999771118164,13.0,12500,0.0,0.0
2023-04-10 00:00:00-04:00,13.0649995803833,13.25,12.970000267028809,12.970000267028809,20000,0.0,0.0
2023-04-11 00:00:00-04:00,13.0,13.350000381469727,13.0,13.09000015258789,20800,0.0,0.0
2023-04-12 00:00:00-04:00,13.489999771118164,13.6899995803833,13.15999984741211,13.489999771118164,7600,0.0,0.0
2023-04-13 00:00:00-04:00,13.625,13.729999542236328,13.550000190734863,13.579999923706055,13300,0.0,0.0
2023-04-14 00:00:00-04:00,13.5,13.550000190734863,13.390000343322754,13.390000343322754,8100,0.0,0.0
2023-04-17 00:00:00-04:00,13.470000267028809,13.6899995803833,13.40999984741211,13.5,8700,0.0,0.0
2023-04-18 00:00:00-04:00,13.449999809265137,13.843000411987305,13.449999809265137,13.739999771118164,11700,0.0,0.0
2023-04-19 00:00:00-04:00,13.930000305175781,13.9399995803833,13.149999618530273,13.149999618530273,13000,0.0,0.0
2023-04-20 00:00:00-04:00,13.210000038146973,13.5,13.210000038146973,13.489999771118164,9000,0.0,0.0
2023-04-21 00:00:00-04:00,13.369999885559082,13.5,13.359999656677246,13.5,5400,0.0,0.0
2023-04-24 00:00:00-04:00,13.59000015258789,13.59000015258789,13.4399995803833,13.4399995803833,3100,0.0,0.0
2023-04-25 00:00:00-04:00,12.779999732971191,13.5,12.779999732971191,13.204999923706055,4000,0.0,0.0
2023-04-26 00:00:00-04:00,13.100000381469727,13.289999961853027,13.100000381469727,13.279999732971191,6500,0.0,0.0
2023-04-27 00:00:00-04:00,13.289999961853027,13.479999542236328,13.289999961853027,13.479999542236328,3400,0.0,0.0
2023-04-28 00:00:00-04:00,13.319999694824219,13.585000038146973,13.114999771118164,13.489999771118164,8200,0.0,0.0
2023-05-01 00:00:00-04:00,13.630000114440918,13.640000343322754,12.9399995803833,13.0,11700,0.0,0.0
2023-05-02 00:00:00-04:00,13.0,13.100000381469727,12.0600004196167,12.149999618530273,19700,0.0,0.0
2023-05-03 00:00:00-04:00,12.899999618530273,13.4399995803833,12.800000190734863,13.039999961853027,11900,0.0,0.0
2023-05-04 00:00:00-04:00,13.039999961853027,13.039999961853027,12.319999694824219,12.880000114440918,4600,0.0,0.0
2023-05-05 00:00:00-04:00,12.15999984741211,13.5,12.15999984741211,13.140000343322754,4700,0.0,0.0
2023-05-08 00:00:00-04:00,13.050000190734863,13.279999732971191,13.050000190734863,13.279999732971191,3100,0.0,0.0
2023-05-09 00:00:00-04:00,13.244999885559082,13.350000381469727,13.244999885559082,13.350000381469727,2400,0.0,0.0
2023-05-10 00:00:00-04:00,13.489999771118164,13.489999771118164,12.829999923706055,13.420000076293945,8900,0.0,0.0
2023-05-11 00:00:00-04:00,13.229999542236328,13.229999542236328,12.9399995803833,13.0600004196167,2900,0.0,0.0
2023-05-12 00:00:00-04:00,12.539999961853027,13.149999618530273,12.539999961853027,13.100000381469727,3100,0.0,0.0
2023-05-15 00:00:00-04:00,13.479999542236328,13.479999542236328,13.279999732971191,13.399999618530273,6300,0.0,0.0
2023-05-16 00:00:00-04:00,13.239999771118164,13.239999771118164,13.119999885559082,13.210000038146973,5400,0.0,0.0
2023-05-17 00:00:00-04:00,13.25,13.25,12.859999656677246,13.119999885559082,4000,0.0,0.0
2023-05-18 00:00:00-04:00,12.9399995803833,12.9399995803833,12.710000038146973,12.9399995803833,7000,0.0,0.0
2023-05-19 00:00:00-04:00,13.220000267028809,13.220000267028809,13.100000381469727,13.100000381469727,5000,0.0,0.0
2023-05-22 00:00:00-04:00,13.09000015258789,13.100000381469727,13.050000190734863,13.050000190734863,4400,0.0,0.0
2023-05-23 00:00:00-04:00,13.029999732971191,13.569999694824219,13.020000457763672,13.569999694824219,116100,0.0,0.0
2023-05-24 00:00:00-04:00,13.420000076293945,13.934000015258789,12.779999732971191,13.359999656677246,11700,0.0,0.0
2023-05-25 00:00:00-04:00,13.460000038146973,13.460000038146973,13.210000038146973,13.300000190734863,6500,0.0,0.0
2023-05-26 00:00:00-04:00,13.369999885559082,13.369999885559082,13.239999771118164,13.239999771118164,3400,0.0,0.0
2023-05-30 00:00:00-04:00,13.381999969482422,13.399999618530273,13.381999969482422,13.399999618530273,2000,0.0,0.0
2023-05-31 00:00:00-04:00,13.96500015258789,13.96500015258789,13.520000457763672,13.699999809265137,10100,0.0,0.0
2023-06-01 00:00:00-04:00,13.699999809265137,13.699999809265137,13.255000114440918,13.399999618530273,5900,0.0,0.0
2023-06-02 00:00:00-04:00,13.609999656677246,13.699999809265137,13.520000457763672,13.699999809265137,14300,0.0,0.0
2023-06-05 00:00:00-04:00,13.649999618530273,13.871999740600586,13.40999984741211,13.40999984741211,11800,0.0,0.0
2023-06-06 00:00:00-04:00,13.4399995803833,14.600000381469727,13.4399995803833,14.220000267028809,18500,0.0,0.0
2023-06-07 00:00:00-04:00,14.359999656677246,15.279999732971191,14.359999656677246,14.609999656677246,24500,0.0,0.0
2023-06-08 00:00:00-04:00,14.75,14.84000015258789,13.9399995803833,14.75,4700,0.0,0.0
2023-06-09 00:00:00-04:00,14.710000038146973,14.75,14.5649995803833,14.739999771118164,2200,0.0,0.0
2023-06-12 00:00:00-04:00,14.65999984741211,14.850000381469727,14.520000457763672,14.649999618530273,17000,0.0,0.0
2023-06-13 00:00:00-04:00,14.350000381469727,14.824999809265137,14.350000381469727,14.800000190734863,13000,0.0,0.0
2023-06-14 00:00:00-04:00,14.789999961853027,14.789999961853027,14.319999694824219,14.319999694824219,7900,0.0,0.0
2023-06-15 00:00:00-04:00,13.720000267028809,14.600000381469727,13.720000267028809,14.600000381469727,8900,0.0,0.0
2023-06-16 00:00:00-04:00,14.640000343322754,14.640000343322754,14.229999542236328,14.5,24000,0.0,0.0
2023-06-20 00:00:00-04:00,14.399999618530273,14.399999618530273,14.399999618530273,14.399999618530273,4100,0.0,0.0
2023-06-21 00:00:00-04:00,14.399999618530273,14.399999618530273,14.119999885559082,14.34000015258789,8300,0.0,0.0
2023-06-22 00:00:00-04:00,13.960000038146973,14.449999809265137,13.960000038146973,14.210000038146973,22100,0.0,0.0
2023-06-23 00:00:00-04:00,14.170000076293945,14.449999809265137,14.140000343322754,14.329999923706055,45700,0.0,0.0
2023-06-26 00:00:00-04:00,14.039999961853027,14.1899995803833,14.020000457763672,14.1899995803833,4500,0.0,0.0
2023-06-27 00:00:00-04:00,14.430000305175781,14.430000305175781,14.25,14.359999656677246,5400,0.0,0.0
2023-06-28 00:00:00-04:00,14.220000267028809,14.350000381469727,14.220000267028809,14.350000381469727,1500,0.0,0.0
2023-06-29 00:00:00-04:00,14.25,14.930000305175781,14.25,14.930000305175781,13500,0.0,0.0
2023-06-30 00:00:00-04:00,14.989999771118164,15.0,14.770000457763672,14.850000381469727,9200,0.0,0.0
2023-07-03 00:00:00-04:00,14.6899995803833,14.979999542236328,14.640000343322754,14.979999542236328,2000,0.0,0.0
2023-07-05 00:00:00-04:00,14.65999984741211,14.890000343322754,14.444999694824219,14.5,8600,0.0,0.0
2023-07-06 00:00:00-04:00,14.140000343322754,14.140000343322754,13.829999923706055,13.829999923706055,5700,0.0,0.0
2023-07-07 00:00:00-04:00,13.960000038146973,14.199999809265137,13.619999885559082,13.960000038146973,12300,0.0,0.0
2023-07-10 00:00:00-04:00,13.90999984741211,14.050000190734863,13.90999984741211,14.050000190734863,2300,0.0,0.0
2023-07-11 00:00:00-04:00,14.0600004196167,14.119999885559082,13.687000274658203,14.119999885559082,8600,0.0,0.0
2023-07-12 00:00:00-04:00,14.210000038146973,14.229999542236328,13.680000305175781,13.989999771118164,8800,0.0,0.0
2023-07-13 00:00:00-04:00,13.920000076293945,13.9399995803833,13.920000076293945,13.9399995803833,2000,0.0,0.0
2023-07-14 00:00:00-04:00,13.78499984741211,13.850000381469727,13.670000076293945,13.850000381469727,3400,0.0,0.0
2023-07-17 00:00:00-04:00,13.848999977111816,14.010000228881836,13.765999794006348,13.9399995803833,8800,0.0,0.0
2023-07-18 00:00:00-04:00,13.920000076293945,13.979999542236328,13.920000076293945,13.979999542236328,3100,0.0,0.0
2023-07-19 00:00:00-04:00,14.0,14.100000381469727,14.0,14.069999694824219,7900,0.0,0.0
2023-07-20 00:00:00-04:00,13.850000381469727,14.050000190734863,13.850000381469727,14.050000190734863,8100,0.0,0.0
2023-07-21 00:00:00-04:00,14.050000190734863,14.050000190734863,13.739999771118164,13.920000076293945,7000,0.0,0.0
2023-07-24 00:00:00-04:00,13.989999771118164,14.0600004196167,13.989999771118164,13.989999771118164,2700,0.0,0.0
2023-07-25 00:00:00-04:00,13.75,13.960000038146973,13.710000038146973,13.880000114440918,7400,0.0,0.0
2023-07-26 00:00:00-04:00,14.010000228881836,14.15999984741211,14.010000228881836,14.069999694824219,4000,0.0,0.0
2023-07-27 00:00:00-04:00,14.069999694824219,14.069999694824219,13.920000076293945,13.949999809265137,6600,0.0,0.0
2023-07-28 00:00:00-04:00,13.989999771118164,14.020000457763672,13.920000076293945,13.949999809265137,5400,0.0,0.0
2023-07-31 00:00:00-04:00,14.050000190734863,14.050000190734863,13.928999900817871,13.930000305175781,4600,0.0,0.0
2023-08-01 00:00:00-04:00,13.850000381469727,13.932999610900879,13.800000190734863,13.829999923706055,6100,0.0,0.0
2023-08-02 00:00:00-04:00,13.699999809265137,13.699999809265137,13.270000457763672,13.420000076293945,12000,0.0,0.0
2023-08-03 00:00:00-04:00,13.5600004196167,13.6899995803833,13.329999923706055,13.329999923706055,4200,0.0,0.0
2023-08-04 00:00:00-04:00,13.329999923706055,13.329999923706055,13.3100004196167,13.3100004196167,1700,0.0,0.0
2023-08-07 00:00:00-04:00,13.319999694824219,13.529999732971191,13.307000160217285,13.529999732971191,2700,0.0,0.0
2023-08-08 00:00:00-04:00,13.279999732971191,13.595000267028809,13.279999732971191,13.40999984741211,2700,0.0,0.0
2023-08-09 00:00:00-04:00,13.140000343322754,13.270000457763672,13.100000381469727,13.1899995803833,8100,0.0,0.0
2023-08-10 00:00:00-04:00,13.210000038146973,13.255000114440918,13.069999694824219,13.069999694824219,7000,0.0,0.0
2023-08-11 00:00:00-04:00,13.105999946594238,13.15999984741211,13.105999946594238,13.15999984741211,3400,0.0,0.0
2023-08-14 00:00:00-04:00,13.15999984741211,13.15999984741211,13.010000228881836,13.010000228881836,3700,0.0,0.0
2023-08-15 00:00:00-04:00,13.199999809265137,13.579999923706055,13.010000228881836,13.25,7700,0.0,0.0
2023-08-16 00:00:00-04:00,13.149999618530273,13.25,13.119999885559082,13.170000076293945,5500,0.0,0.0
2023-08-17 00:00:00-04:00,13.048999786376953,13.07699966430664,12.890000343322754,12.9399995803833,10900,0.0,0.0
2023-08-18 00:00:00-04:00,12.84000015258789,13.09000015258789,12.84000015258789,13.010000228881836,9400,0.0,0.0
2023-08-21 00:00:00-04:00,13.010000228881836,13.093999862670898,12.925000190734863,13.010000228881836,6300,0.0,0.0
2023-08-22 00:00:00-04:00,12.859999656677246,12.904999732971191,12.859999656677246,12.899999618530273,2100,0.0,0.0
2023-08-23 00:00:00-04:00,12.899999618530273,12.9399995803833,12.880000114440918,12.9399995803833,3500,0.0,0.0
2023-08-24 00:00:00-04:00,12.920000076293945,12.920000076293945,12.760000228881836,12.760000228881836,17000,0.0,0.0
2023-08-25 00:00:00-04:00,12.532999992370605,12.75,12.532999992370605,12.75,5800,0.0,0.0
2023-08-28 00:00:00-04:00,12.729999542236328,12.75,12.729999542236328,12.729999542236328,3900,0.0,0.0
2023-08-29 00:00:00-04:00,12.800000190734863,12.800000190734863,12.800000190734863,12.800000190734863,4900,0.0,0.0
2023-08-30 00:00:00-04:00,12.789999961853027,12.819999694824219,12.789999961853027,12.819999694824219,1900,0.0,0.0
2023-08-31 00:00:00-04:00,12.920000076293945,13.579999923706055,12.760000228881836,12.760000228881836,12000,0.0,0.0
2023-09-01 00:00:00-04:00,12.779999732971191,12.899999618530273,12.760000228881836,12.760000228881836,7900,0.0,0.0
2023-09-05 00:00:00-04:00,12.720000267028809,12.720000267028809,12.15999984741211,12.470000267028809,8400,0.0,0.0
2023-09-06 00:00:00-04:00,12.479999542236328,12.494999885559082,12.350000381469727,12.40999984741211,5800,0.0,0.0
2023-09-07 00:00:00-04:00,12.850000381469727,12.850000381469727,12.40999984741211,12.420000076293945,8100,0.0,0.0
2023-09-08 00:00:00-04:00,12.420000076293945,12.729999542236328,12.350000381469727,12.699999809265137,232700,0.0,0.0
2023-09-11 00:00:00-04:00,12.579999923706055,12.6850004196167,12.479999542236328,12.479999542236328,208900,0.0,0.0
2023-09-12 00:00:00-04:00,12.460000038146973,12.550000190734863,12.42199993133545,12.550000190734863,4900,0.0,0.0
2023-09-13 00:00:00-04:00,12.529999732971191,12.640000343322754,12.329999923706055,12.430000305175781,19800,0.0,0.0
2023-09-14 00:00:00-04:00,12.460000038146973,12.5,12.350000381469727,12.5,63500,0.0,0.0
2023-09-15 00:00:00-04:00,12.489999771118164,12.9399995803833,12.489999771118164,12.699999809265137,44700,0.0,0.0
2023-09-18 00:00:00-04:00,12.729999542236328,12.9399995803833,12.670000076293945,12.84000015258789,9300,0.0,0.0
2023-09-19 00:00:00-04:00,12.800000190734863,13.239999771118164,12.800000190734863,13.079999923706055,15800,0.0,0.0
2023-09-20 00:00:00-04:00,13.069999694824219,13.550000190734863,12.960000038146973,12.960000038146973,8400,0.0,0.0
2023-09-21 00:00:00-04:00,13.520000457763672,13.520000457763672,12.770000457763672,12.789999961853027,12300,0.0,0.0
2023-09-22 00:00:00-04:00,12.90999984741211,12.90999984741211,12.800000190734863,12.800000190734863,15300,0.0,0.0
2023-09-25 00:00:00-04:00,12.8100004196167,13.015000343322754,12.800000190734863,13.015000343322754,22200,0.0,0.0
2023-09-26 00:00:00-04:00,13.100000381469727,13.100000381469727,12.8100004196167,12.90999984741211,14800,0.0,0.0
2023-09-27 00:00:00-04:00,12.8100004196167,13.100000381469727,12.630000114440918,12.739999771118164,18900,0.0,0.0
2023-09-28 00:00:00-04:00,12.800000190734863,13.140000343322754,12.670999526977539,12.960000038146973,15300,0.0,0.0
2023-09-29 00:00:00-04:00,12.800000190734863,13.00100040435791,12.800000190734863,12.869999885559082,18300,0.0,0.0
2023-10-02 00:00:00-04:00,12.819999694824219,12.859999656677246,12.800000190734863,12.800000190734863,3900,0.0,0.0
2023-10-03 00:00:00-04:00,12.899999618530273,12.979999542236328,12.520000457763672,12.699999809265137,21800,0.0,0.0
2023-10-04 00:00:00-04:00,12.770000457763672,12.970000267028809,12.625,12.65999984741211,10300,0.0,0.0
2023-10-05 00:00:00-04:00,12.760000228881836,12.859999656677246,12.380000114440918,12.800000190734863,20700,0.0,0.0
2023-10-06 00:00:00-04:00,12.800000190734863,12.850000381469727,12.654999732971191,12.800000190734863,9400,0.0,0.0
2023-10-09 00:00:00-04:00,12.710000038146973,12.829999923706055,12.699999809265137,12.699999809265137,5900,0.0,0.0
2023-10-10 00:00:00-04:00,12.930000305175781,12.979999542236328,12.800000190734863,12.800000190734863,7000,0.0,0.0
2023-10-11 00:00:00-04:00,12.819999694824219,12.819999694824219,12.649999618530273,12.6850004196167,5100,0.0,0.0
2023-10-12 00:00:00-04:00,12.595000267028809,12.75,12.460000038146973,12.529999732971191,4300,0.0,0.0
2023-10-13 00:00:00-04:00,12.545000076293945,12.595000267028809,12.260000228881836,12.260000228881836,21500,0.0,0.0
2023-10-16 00:00:00-04:00,12.229999542236328,12.819999694824219,12.227999687194824,12.710000038146973,24800,0.0,0.0
2023-10-17 00:00:00-04:00,12.800000190734863,12.850000381469727,12.489999771118164,12.489999771118164,12100,0.0,0.0
2023-10-18 00:00:00-04:00,12.489999771118164,12.489999771118164,12.229999542236328,12.369999885559082,4000,0.0,0.0
2023-10-19 00:00:00-04:00,12.369999885559082,12.4350004196167,12.15999984741211,12.300000190734863,30900,0.0,0.0
2023-10-20 00:00:00-04:00,12.34000015258789,12.479999542236328,12.0600004196167,12.270000457763672,20700,0.0,0.0
2023-10-23 00:00:00-04:00,12.119999885559082,12.119999885559082,12.010000228881836,12.079999923706055,16500,0.0,0.0
2023-10-24 00:00:00-04:00,12.079999923706055,12.170000076293945,12.079999923706055,12.170000076293945,2500,0.0,0.0
2023-10-25 00:00:00-04:00,12.300000190734863,12.300000190734863,12.180000305175781,12.199999809265137,3200,0.0,0.0
2023-10-26 00:00:00-04:00,12.399999618530273,12.399999618530273,12.260000228881836,12.380000114440918,5300,0.0,0.0
2023-10-27 00:00:00-04:00,12.130000114440918,12.369999885559082,12.130000114440918,12.289999961853027,5800,0.0,0.0
2023-10-30 00:00:00-04:00,12.229999542236328,12.350000381469727,12.229999542236328,12.300000190734863,5400,0.0,0.0
2023-10-31 00:00:00-04:00,12.1899995803833,12.699999809265137,12.1899995803833,12.6899995803833,11800,0.0,0.0
2023-11-01 00:00:00-04:00,12.574999809265137,12.652999877929688,12.359999656677246,12.40999984741211,14700,0.0,0.0
2023-11-02 00:00:00-04:00,12.430000305175781,12.854999542236328,12.430000305175781,12.649999618530273,7600,0.0,0.0
2023-11-03 00:00:00-04:00,12.8100004196167,12.930000305175781,12.619999885559082,12.930000305175781,9000,0.0,0.0
2023-11-06 00:00:00-05:00,12.619999885559082,12.824999809265137,12.460000038146973,12.460000038146973,4700,0.0,0.0
2023-11-07 00:00:00-05:00,12.5,12.600000381469727,12.291000366210938,12.600000381469727,12000,0.0,0.0
2023-11-08 00:00:00-05:00,12.319999694824219,12.5,12.260000228881836,12.449999809265137,15400,0.0,0.0
2023-11-09 00:00:00-05:00,12.020000457763672,12.449999809265137,12.020000457763672,12.359999656677246,4500,0.0,0.0
2023-11-10 00:00:00-05:00,12.479999542236328,12.800000190734863,12.399999618530273,12.6899995803833,9900,0.0,0.0
2023-11-13 00:00:00-05:00,12.489999771118164,12.9350004196167,12.489999771118164,12.75,4800,0.0,0.0
2023-11-14 00:00:00-05:00,13.010000228881836,13.145000457763672,12.850000381469727,13.039999961853027,18800,0.0,0.0
2023-11-15 00:00:00-05:00,13.069000244140625,13.140000343322754,13.0,13.119999885559082,6900,0.0,0.0
2023-11-16 00:00:00-05:00,13.270000457763672,13.289999961853027,13.0,13.039999961853027,5400,0.0,0.0
2023-11-17 00:00:00-05:00,13.149999618530273,13.149999618530273,12.850000381469727,12.979999542236328,11500,0.0,0.0
2023-11-20 00:00:00-05:00,13.039999961853027,13.039999961853027,12.84000015258789,13.0,9000,0.0,0.0
2023-11-21 00:00:00-05:00,12.800000190734863,12.8100004196167,12.649999618530273,12.649999618530273,4400,0.0,0.0
2023-11-22 00:00:00-05:00,12.779999732971191,12.819999694824219,12.550000190734863,12.649999618530273,10200,0.0,0.0
2023-11-24 00:00:00-05:00,12.600000381469727,12.699999809265137,12.5,12.699999809265137,5300,0.0,0.0
2023-11-27 00:00:00-05:00,12.6899995803833,12.8100004196167,12.6899995803833,12.8100004196167,12800,0.0,0.0
2023-11-28 00:00:00-05:00,13.305999755859375,13.305999755859375,12.859999656677246,12.920000076293945,4900,0.0,0.0
2023-11-29 00:00:00-05:00,13.0,13.180000305175781,12.649999618530273,13.180000305175781,13300,0.0,0.0
2023-11-30 00:00:00-05:00,13.020000457763672,13.319999694824219,13.0,13.319999694824219,8800,0.0,0.0
2023-12-01 00:00:00-05:00,13.125,13.489999771118164,13.0,13.010000228881836,16800,0.0,0.0
2023-12-04 00:00:00-05:00,13.0,13.15999984741211,12.949999809265137,13.149999618530273,7400,0.0,0.0
2023-12-05 00:00:00-05:00,13.279999732971191,13.279999732971191,12.970000267028809,13.0600004196167,7600,0.0,0.0
2023-12-06 00:00:00-05:00,12.9399995803833,13.380000114440918,12.9399995803833,13.130000114440918,6100,0.0,0.0
2023-12-07 00:00:00-05:00,13.279999732971191,13.470000267028809,12.90999984741211,13.069999694824219,8200,0.0,0.0
2023-12-08 00:00:00-05:00,12.989999771118164,13.104999542236328,12.949999809265137,13.010000228881836,5000,0.0,0.0
2023-12-11 00:00:00-05:00,13.100000381469727,13.130000114440918,13.029999732971191,13.029999732971191,8700,0.0,0.0
2023-12-12 00:00:00-05:00,12.899999618530273,13.336000442504883,12.899999618530273,12.960000038146973,8600,0.0,0.0
2023-12-13 00:00:00-05:00,13.116000175476074,13.420000076293945,13.0,13.329999923706055,10600,0.0,0.0
2023-12-14 00:00:00-05:00,13.470000267028809,13.539999961853027,13.118000030517578,13.460000038146973,12600,0.0,0.0
2023-12-15 00:00:00-05:00,13.300000190734863,13.539999961853027,13.0,13.0,33900,0.0,0.0
2023-12-18 00:00:00-05:00,13.180000305175781,13.180000305175781,12.875,12.970000267028809,10600,0.0,0.0
2023-12-19 00:00:00-05:00,12.84000015258789,13.074999809265137,12.75,12.800000190734863,22700,0.0,0.0
2023-12-20 00:00:00-05:00,12.835000038146973,13.074000358581543,12.770000457763672,12.869999885559082,18600,0.0,0.0
2023-12-21 00:00:00-05:00,13.079999923706055,13.079999923706055,12.869999885559082,12.920000076293945,7200,0.0,0.0
2023-12-22 00:00:00-05:00,12.890000343322754,13.149999618530273,12.880000114440918,12.930000305175781,7300,0.0,0.0
2023-12-26 00:00:00-05:00,13.109999656677246,13.220000267028809,12.960000038146973,12.960000038146973,6400,0.0,0.0
2023-12-27 00:00:00-05:00,13.0,13.079999923706055,12.930000305175781,13.0,10300,0.0,0.0
2023-12-28 00:00:00-05:00,13.180000305175781,13.229999542236328,13.0,13.0,10000,0.0,0.0
2023-12-29 00:00:00-05:00,13.149999618530273,13.149999618530273,12.90999984741211,12.989999771118164,11700,0.0,0.0
2024-01-02 00:00:00-05:00,13.100000381469727,13.100000381469727,12.899999618530273,12.949999809265137,24200,0.0,0.0
2024-01-03 00:00:00-05:00,12.989999771118164,12.989999771118164,12.819999694824219,12.949999809265137,10400,0.0,0.0
2024-01-04 00:00:00-05:00,12.989999771118164,12.989999771118164,12.90999984741211,12.9399995803833,12300,0.0,0.0
2024-01-05 00:00:00-05:00,12.899999618530273,12.984999656677246,12.850000381469727,12.850000381469727,68000,0.0,0.0
2024-01-08 00:00:00-05:00,12.789999961853027,13.0,12.789999961853027,12.899999618530273,14600,0.0,0.0
2024-01-09 00:00:00-05:00,12.800000190734863,12.949999809265137,12.800000190734863,12.84000015258789,15000,0.0,0.0
2024-01-10 00:00:00-05:00,12.824999809265137,12.835000038146973,12.8100004196167,12.8100004196167,8600,0.0,0.0
2024-01-11 00:00:00-05:00,12.821000099182129,12.859999656677246,12.800000190734863,12.8100004196167,9300,0.0,0.0
2024-01-12 00:00:00-05:00,12.920000076293945,12.9399995803833,12.8100004196167,12.8100004196167,3900,0.0,0.0
2024-01-16 00:00:00-05:00,12.8100004196167,12.8100004196167,12.760000228881836,12.760000228881836,5700,0.0,0.0
2024-01-17 00:00:00-05:00,12.710000038146973,12.760000228881836,12.710000038146973,12.710000038146973,9200,0.0,0.0
2024-01-18 00:00:00-05:00,12.710000038146973,12.779999732971191,12.710000038146973,12.710000038146973,5800,0.0,0.0
2024-01-19 00:00:00-05:00,12.760000228881836,12.864999771118164,12.760000228881836,12.824999809265137,17500,0.0,0.0
2024-01-22 00:00:00-05:00,12.845000267028809,13.234999656677246,12.845000267028809,13.010000228881836,14800,0.0,0.0
2024-01-23 00:00:00-05:00,13.140000343322754,13.140000343322754,13.100000381469727,13.100000381469727,13200,0.0,0.0
2024-01-24 00:00:00-05:00,13.25,13.550000190734863,13.210000038146973,13.25,19600,0.0,0.0
2024-01-25 00:00:00-05:00,13.300000190734863,13.470000267028809,13.234999656677246,13.470000267028809,9600,0.0,0.0
2024-01-26 00:00:00-05:00,13.5,13.5,13.350000381469727,13.369999885559082,4000,0.0,0.0
2024-01-29 00:00:00-05:00,13.5,13.600000381469727,13.210000038146973,13.59000015258789,31800,0.0,0.0
2024-01-30 00:00:00-05:00,13.510000228881836,13.600000381469727,13.510000228881836,13.539999961853027,7300,0.0,0.0
2024-01-31 00:00:00-05:00,13.550000190734863,13.550000190734863,13.350000381469727,13.359999656677246,23200,0.0,0.0
2024-02-01 00:00:00-05:00,13.489999771118164,13.5,13.420000076293945,13.420000076293945,11800,0.0,0.0
2024-02-02 00:00:00-05:00,13.420000076293945,13.5,13.399999618530273,13.4399995803833,12000,0.0,0.0
2024-02-05 00:00:00-05:00,13.329999923706055,13.4399995803833,13.289999961853027,13.430000305175781,11300,0.0,0.0
2024-02-06 00:00:00-05:00,13.4399995803833,13.59000015258789,13.4399995803833,13.59000015258789,12600,0.0,0.0
2024-02-07 00:00:00-05:00,13.550000190734863,13.600000381469727,13.510000228881836,13.510000228881836,6200,0.0,0.0
2024-02-08 00:00:00-05:00,13.57800006866455,13.600000381469727,13.5600004196167,13.59000015258789,9900,0.0,0.0
2024-02-09 00:00:00-05:00,13.649999618530273,13.77400016784668,13.640000343322754,13.699999809265137,12200,0.0,0.0
2024-02-12 00:00:00-05:00,13.670000076293945,13.770000457763672,13.649999618530273,13.760000228881836,18800,0.0,0.0
2024-02-13 00:00:00-05:00,13.579999923706055,13.6899995803833,13.15999984741211,13.260000228881836,17500,0.0,0.0
2024-02-14 00:00:00-05:00,13.489999771118164,13.5,13.404999732971191,13.489999771118164,9800,0.0,0.0
2024-02-15 00:00:00-05:00,13.5,13.75,13.404999732971191,13.6899995803833,15600,0.0,0.0
2024-02-16 00:00:00-05:00,13.65999984741211,13.819999694824219,13.579999923706055,13.630000114440918,6400,0.0,0.0
2024-02-20 00:00:00-05:00,13.510000228881836,13.729999542236328,13.420000076293945,13.5,12900,0.0,0.0
2024-02-21 00:00:00-05:00,13.5,13.50100040435791,13.420000076293945,13.479999542236328,9800,0.0,0.0
2024-02-22 00:00:00-05:00,13.430000305175781,13.5,13.40999984741211,13.5,10400,0.0,0.0
2024-02-23 00:00:00-05:00,13.5,13.5,13.479999542236328,13.5,6600,0.0,0.0
2024-02-26 00:00:00-05:00,13.47599983215332,13.729999542236328,13.47599983215332,13.729999542236328,5600,0.0,0.0
2024-02-27 00:00:00-05:00,13.765000343322754,14.109999656677246,13.765000343322754,13.989999771118164,4300,0.0,0.0
2024-02-28 00:00:00-05:00,13.899999618530273,13.989999771118164,13.850000381469727,13.899999618530273,4900,0.0,0.0
2024-02-29 00:00:00-05:00,14.039999961853027,14.109999656677246,13.899999618530273,14.0,7200,0.0,0.0
2024-03-01 00:00:00-05:00,14.0,14.204999923706055,14.0,14.1899995803833,3800,0.0,0.0
2024-03-04 00:00:00-05:00,14.149999618530273,14.215999603271484,14.079999923706055,14.149999618530273,2400,0.0,0.0
2024-03-05 00:00:00-05:00,14.074999809265137,14.180000305175781,13.770000457763672,13.800000190734863,10500,0.0,0.0
2024-03-06 00:00:00-05:00,14.539999961853027,14.539999961853027,14.029999732971191,14.210000038146973,6400,0.0,0.0
2024-03-07 00:00:00-05:00,14.1899995803833,14.510000228881836,14.140000343322754,14.140000343322754,5900,0.0,0.0
2024-03-08 00:00:00-05:00,14.899999618530273,14.899999618530273,14.225000381469727,14.239999771118164,5400,0.0,0.0
2024-03-11 00:00:00-04:00,14.140000343322754,14.479999542236328,14.140000343322754,14.279999732971191,7000,0.0,0.0
2024-03-12 00:00:00-04:00,14.390000343322754,14.390000343322754,14.390000343322754,14.390000343322754,2700,0.0,0.0
2024-03-13 00:00:00-04:00,14.380000114440918,14.899999618530273,14.380000114440918,14.829999923706055,27000,0.0,0.0
2024-03-14 00:00:00-04:00,14.630000114440918,14.979999542236328,14.630000114440918,14.9399995803833,12000,0.0,0.0
2024-03-15 00:00:00-04:00,14.739999771118164,16.549999237060547,14.604999542236328,16.139999389648438,302300,0.0,0.0
2024-03-18 00:00:00-04:00,16.200000762939453,16.200000762939453,15.619999885559082,15.779999732971191,78700,0.0,0.0
2024-03-19 00:00:00-04:00,16.34000015258789,16.34000015258789,15.569999694824219,15.569999694824219,15500,0.0,0.0
2024-03-20 00:00:00-04:00,15.470000267028809,15.470000267028809,15.289999961853027,15.369999885559082,13500,0.0,0.0
2024-03-21 00:00:00-04:00,15.399999618530273,15.399999618530273,15.15999984741211,15.270000457763672,9300,0.0,0.0
2024-03-22 00:00:00-04:00,15.029999732971191,15.029999732971191,14.9399995803833,14.9399995803833,6600,0.0,0.0
2024-03-25 00:00:00-04:00,14.890000343322754,15.180000305175781,14.720000267028809,15.029999732971191,9500,0.0,0.0
2024-03-26 00:00:00-04:00,14.850000381469727,14.850000381469727,14.75,14.75,3400,0.0,0.0
2024-03-27 00:00:00-04:00,15.0,15.0,14.65999984741211,14.880000114440918,9800,0.0,0.0
2024-03-28 00:00:00-04:00,14.8100004196167,15.149999618530273,14.8100004196167,15.149999618530273,5600,0.0,0.0
2024-04-01 00:00:00-04:00,15.324999809265137,15.335000038146973,15.020000457763672,15.020000457763672,12000,0.0,0.0
2024-04-02 00:00:00-04:00,15.140000343322754,15.140000343322754,14.8100004196167,14.8100004196167,5700,0.0,0.0
2024-04-03 00:00:00-04:00,14.720000267028809,14.949999809265137,14.710000038146973,14.949999809265137,6000,0.0,0.0
2024-04-04 00:00:00-04:00,14.729999542236328,14.829999923706055,14.729999542236328,14.819999694824219,8800,0.0,0.0
2024-04-05 00:00:00-04:00,14.859999656677246,15.1899995803833,14.850000381469727,15.020000457763672,7600,0.0,0.0
2024-04-08 00:00:00-04:00,15.005000114440918,15.199999809265137,14.881999969482422,15.149999618530273,6700,0.0,0.0
2024-04-09 00:00:00-04:00,15.130000114440918,15.130000114440918,14.8100004196167,15.029999732971191,6700,0.0,0.0
2024-04-10 00:00:00-04:00,14.779999732971191,14.960000038146973,14.75,14.960000038146973,7700,0.0,0.0
2024-04-11 00:00:00-04:00,15.239999771118164,15.239999771118164,14.829999923706055,14.829999923706055,6400,0.0,0.0
2024-04-12 00:00:00-04:00,14.850000381469727,15.010000228881836,14.75,14.760000228881836,7700,0.0,0.0
2024-04-15 00:00:00-04:00,14.729999542236328,14.984999656677246,14.51099967956543,14.65999984741211,9400,0.0,0.0
2024-04-16 00:00:00-04:00,14.699999809265137,14.699999809265137,14.699999809265137,14.699999809265137,2600,0.0,0.0
2024-04-17 00:00:00-04:00,14.717000007629395,14.8100004196167,14.699999809265137,14.699999809265137,3500,0.0,0.0
2024-04-18 00:00:00-04:00,15.074999809265137,15.074999809265137,14.680000305175781,14.680000305175781,8200,0.0,0.0
2024-04-19 00:00:00-04:00,14.640000343322754,15.239999771118164,14.640000343322754,15.15999984741211,11900,0.0,0.0
2024-04-22 00:00:00-04:00,15.3100004196167,15.312000274658203,14.489999771118164,14.829999923706055,13200,0.0,0.0
2024-04-23 00:00:00-04:00,15.09000015258789,15.34000015258789,15.09000015258789,15.279999732971191,3300,0.0,0.0
2024-04-24 00:00:00-04:00,15.25,15.25,15.109999656677246,15.109999656677246,4000,0.0,0.0
2024-04-25 00:00:00-04:00,14.680000305175781,14.9399995803833,14.680000305175781,14.850000381469727,8400,0.0,0.0
2024-04-26 00:00:00-04:00,15.020000457763672,15.020000457763672,14.670000076293945,14.970000267028809,5100,0.0,0.0
2024-04-29 00:00:00-04:00,14.970000267028809,15.215999603271484,14.600000381469727,14.970000267028809,9600,0.0,0.0
2024-04-30 00:00:00-04:00,14.899999618530273,14.899999618530273,14.859999656677246,14.869999885559082,7800,0.0,0.0
2024-05-01 00:00:00-04:00,14.75,14.885000228881836,14.75,14.880000114440918,6400,0.0,0.0
2024-05-02 00:00:00-04:00,14.824999809265137,14.899999618530273,14.699999809265137,14.8100004196167,9400,0.0,0.0
2024-05-03 00:00:00-04:00,15.25,15.25,14.819999694824219,14.930000305175781,3500,0.0,0.0
2024-05-06 00:00:00-04:00,14.9399995803833,15.125,14.8100004196167,14.819999694824219,6300,0.0,0.0
2024-05-07 00:00:00-04:00,14.949999809265137,14.949999809265137,14.5600004196167,14.65999984741211,10400,0.0,0.0
2024-05-08 00:00:00-04:00,14.520000457763672,14.699999809265137,14.520000457763672,14.550000190734863,5300,0.0,0.0
2024-05-09 00:00:00-04:00,14.430000305175781,14.699999809265137,14.399999618530273,14.680000305175781,7700,0.0,0.0
2024-05-10 00:00:00-04:00,15.0,15.194999694824219,15.0,15.0600004196167,3600,0.0,0.0
2024-05-13 00:00:00-04:00,15.5,15.899999618530273,15.489999771118164,15.619999885559082,11000,0.0,0.0
2024-05-14 00:00:00-04:00,15.989999771118164,16.114999771118164,15.819999694824219,15.819999694824219,5400,0.0,0.0
2024-05-15 00:00:00-04:00,16.0,16.1200008392334,15.8100004196167,15.8100004196167,5200,0.0,0.0
2024-05-16 00:00:00-04:00,16.219999313354492,16.219999313354492,16.18000030517578,16.18000030517578,5200,0.0,0.0
2024-05-17 00:00:00-04:00,16.299999237060547,16.299999237060547,15.640000343322754,16.09000015258789,6700,0.0,0.0
2024-05-20 00:00:00-04:00,15.989999771118164,16.25,15.6899995803833,15.890000343322754,5900,0.0,0.0
2024-05-21 00:00:00-04:00,15.920000076293945,15.920000076293945,15.350000381469727,15.479999542236328,3800,0.0,0.0
2024-05-22 00:00:00-04:00,15.444999694824219,15.444999694824219,15.25,15.300000190734863,5500,0.0,0.0
2024-05-23 00:00:00-04:00,15.744999885559082,15.744999885559082,15.270000457763672,15.34000015258789,11100,0.0,0.0
2024-05-24 00:00:00-04:00,15.875,15.875,15.489999771118164,15.489999771118164,5200,0.0,0.0
2024-05-28 00:00:00-04:00,15.390000343322754,15.510000228881836,15.25,15.25,7900,0.0,0.0
2024-05-29 00:00:00-04:00,15.25,15.3100004196167,15.109999656677246,15.109999656677246,7300,0.0,0.0
2024-05-30 00:00:00-04:00,15.460000038146973,15.800000190734863,15.460000038146973,15.510000228881836,9100,0.0,0.0
2024-05-31 00:00:00-04:00,15.510000228881836,16.43000030517578,15.460000038146973,15.460000038146973,6200,0.0,0.0
2024-06-03 00:00:00-04:00,15.649999618530273,15.649999618530273,15.3100004196167,15.3100004196167,3100,0.0,0.0
2024-06-04 00:00:00-04:00,15.130000114440918,15.300000190734863,15.130000114440918,15.300000190734863,6100,0.0,0.0
2024-06-05 00:00:00-04:00,15.460000038146973,15.460000038146973,15.220000267028809,15.220000267028809,5500,0.0,0.0
2024-06-06 00:00:00-04:00,15.199999809265137,15.199999809265137,15.199999809265137,15.199999809265137,3600,0.0,0.0
2024-06-07 00:00:00-04:00,15.199999809265137,15.229999542236328,15.199999809265137,15.199999809265137,3500,0.0,0.0
2024-06-10 00:00:00-04:00,15.25,15.260000228881836,15.149999618530273,15.149999618530273,12700,0.0,0.0
2024-06-11 00:00:00-04:00,15.149999618530273,15.350000381469727,15.149999618530273,15.300000190734863,8900,0.0,0.0
2024-06-12 00:00:00-04:00,15.300000190734863,15.399999618530273,15.199999809265137,15.199999809265137,7400,0.0,0.0
2024-06-13 00:00:00-04:00,15.140000343322754,15.260000228881836,15.140000343322754,15.260000228881836,4300,0.0,0.0
2024-06-14 00:00:00-04:00,15.140000343322754,15.15999984741211,15.140000343322754,15.15999984741211,5500,0.0,0.0
2024-06-17 00:00:00-04:00,15.270000457763672,15.270000457763672,15.20300006866455,15.270000457763672,10100,0.0,0.0
2024-06-18 00:00:00-04:00,15.15999984741211,15.229999542236328,15.140000343322754,15.140000343322754,8200,0.0,0.0
2024-06-20 00:00:00-04:00,15.140000343322754,15.1899995803833,15.100000381469727,15.1899995803833,4800,0.0,0.0
2024-06-21 00:00:00-04:00,15.020000457763672,15.270000457763672,15.020000457763672,15.1899995803833,35400,0.0,0.0
2024-06-24 00:00:00-04:00,15.40999984741211,15.649999618530273,15.40999984741211,15.520000457763672,8100,0.0,0.0
2024-06-25 00:00:00-04:00,15.649999618530273,15.649999618530273,15.430000305175781,15.430000305175781,2600,0.0,0.0
2024-06-26 00:00:00-04:00,15.34000015258789,15.404000282287598,15.010000228881836,15.010000228881836,14400,0.0,0.0
2024-06-27 00:00:00-04:00,15.0600004196167,15.300000190734863,15.0600004196167,15.300000190734863,5300,0.0,0.0
2024-06-28 00:00:00-04:00,15.300000190734863,15.390000343322754,15.102999687194824,15.300000190734863,65500,0.0,0.0
2024-07-01 00:00:00-04:00,15.25,15.300000190734863,15.010000228881836,15.010000228881836,15800,0.0,0.0
2024-07-02 00:00:00-04:00,15.010000228881836,15.010000228881836,14.946000099182129,15.0,6300,0.0,0.0
2024-07-03 00:00:00-04:00,15.121999740600586,15.121999740600586,14.90999984741211,14.920000076293945,9800,0.0,0.0
2024-07-05 00:00:00-04:00,14.8100004196167,14.920000076293945,14.75,14.920000076293945,19700,0.0,0.0
2024-07-08 00:00:00-04:00,15.199999809265137,15.300000190734863,15.010000228881836,15.180000305175781,9600,0.0,0.0
2024-07-09 00:00:00-04:00,15.010000228881836,15.020000457763672,15.010000228881836,15.020000457763672,2400,0.0,0.0
2024-07-10 00:00:00-04:00,14.890000343322754,15.074999809265137,14.890000343322754,15.039999961853027,7400,0.0,0.0
2024-07-11 00:00:00-04:00,15.0,15.25,15.0,15.140000343322754,27400,0.0,0.0
2024-07-12 00:00:00-04:00,15.149999618530273,15.305000305175781,15.130000114440918,15.149999618530273,23200,0.0,0.0
2024-07-15 00:00:00-04:00,15.289999961853027,15.5,15.229000091552734,15.390000343322754,31200,0.0,0.0
2024-07-16 00:00:00-04:00,15.489999771118164,15.781000137329102,15.479999542236328,15.649999618530273,26600,0.0,0.0
2024-07-17 00:00:00-04:00,15.600000381469727,16.0,15.600000381469727,15.989999771118164,20200,0.0,0.0
2024-07-18 00:00:00-04:00,15.710000038146973,16.100000381469727,15.710000038146973,16.040000915527344,13700,0.0,0.0
2024-07-19 00:00:00-04:00,16.0,16.0,15.600000381469727,15.600000381469727,15100,0.0,0.0
2024-07-22 00:00:00-04:00,15.720000267028809,15.720000267028809,15.520000457763672,15.630000114440918,15300,0.0,0.0
2024-07-23 00:00:00-04:00,15.609999656677246,15.994999885559082,15.59000015258789,15.899999618530273,31500,0.0,0.0
2024-07-24 00:00:00-04:00,15.989999771118164,16.200000762939453,15.880000114440918,15.989999771118164,11600,0.0,0.0
2024-07-25 00:00:00-04:00,15.920000076293945,16.299999237060547,15.920000076293945,16.200000762939453,24000,0.0,0.0
2024-07-26 00:00:00-04:00,16.200000762939453,16.266000747680664,16.020000457763672,16.139999389648438,22400,0.0,0.0
2024-07-29 00:00:00-04:00,16.09000015258789,16.09000015258789,15.770000457763672,15.850000381469727,17300,0.0,0.0
2024-07-30 00:00:00-04:00,15.899999618530273,16.049999237060547,15.899999618530273,16.049999237060547,6600,0.0,0.0
2024-07-31 00:00:00-04:00,16.010000228881836,16.5,15.9399995803833,16.420000076293945,21900,0.0,0.0
2024-08-01 00:00:00-04:00,16.299999237060547,16.299999237060547,15.510000228881836,15.510000228881836,14200,0.0,0.0
2024-08-02 00:00:00-04:00,15.260000228881836,15.779999732971191,15.010000228881836,15.09000015258789,21000,0.0,0.0
2024-08-05 00:00:00-04:00,14.869999885559082,14.920000076293945,14.40999984741211,14.520000457763672,31600,0.0,0.0
2024-08-06 00:00:00-04:00,14.5600004196167,14.800000190734863,14.277000427246094,14.59000015258789,11900,0.0,0.0
2024-08-07 00:00:00-04:00,14.75,14.869999885559082,14.510000228881836,14.579999923706055,12100,0.0,0.0
2024-08-08 00:00:00-04:00,14.979999542236328,15.539999961853027,14.979999542236328,15.289999961853027,7100,0.0,0.0
2024-08-09 00:00:00-04:00,15.239999771118164,15.260000228881836,14.73799991607666,14.739999771118164,8200,0.0,0.0
2024-08-12 00:00:00-04:00,14.520000457763672,14.520000457763672,13.600000381469727,13.649999618530273,65100,0.0,0.0
2024-08-13 00:00:00-04:00,13.539999961853027,13.779999732971191,13.510000228881836,13.779999732971191,17500,0.0,0.0
2024-08-14 00:00:00-04:00,13.670000076293945,13.75,13.470000267028809,13.670000076293945,13800,0.0,0.0
2024-08-15 00:00:00-04:00,13.779999732971191,13.960000038146973,13.619999885559082,13.75,21700,0.0,0.0
2024-08-16 00:00:00-04:00,13.760000228881836,14.255000114440918,13.760000228881836,14.0,15800,0.0,0.0
2024-08-19 00:00:00-04:00,13.979999542236328,14.869999885559082,13.979999542236328,14.869999885559082,38000,0.0,0.0
2024-08-20 00:00:00-04:00,14.890000343322754,15.479999542236328,14.875,15.4399995803833,25300,0.0,0.0
2024-08-21 00:00:00-04:00,15.699999809265137,16.239999771118164,15.609999656677246,15.680000305175781,47800,0.0,0.0
2024-08-22 00:00:00-04:00,15.680000305175781,15.680000305175781,15.119999885559082,15.119999885559082,6400,0.0,0.0
2024-08-23 00:00:00-04:00,15.354999542236328,15.5,15.270000457763672,15.449999809265137,14000,0.0,0.0
2024-08-26 00:00:00-04:00,15.449999809265137,15.479999542236328,15.0,15.100000381469727,13800,0.0,0.0
2024-08-27 00:00:00-04:00,15.100000381469727,15.199999809265137,14.800000190734863,14.960000038146973,10300,0.0,0.0
2024-08-28 00:00:00-04:00,14.960000038146973,14.989999771118164,14.90999984741211,14.960000038146973,7700,0.0,0.0
2024-08-29 00:00:00-04:00,15.050000190734863,15.380000114440918,15.050000190734863,15.319999694824219,148000,0.0,0.0
2024-08-30 00:00:00-04:00,15.244999885559082,15.539999961853027,15.22599983215332,15.539999961853027,4400,0.0,0.0
2024-09-03 00:00:00-04:00,15.5,15.75,15.079999923706055,15.079999923706055,14800,0.0,0.0
2024-09-04 00:00:00-04:00,15.109999656677246,15.109999656677246,15.020000457763672,15.039999961853027,8800,0.0,0.0
2024-09-05 00:00:00-04:00,15.75,15.75,15.220000267028809,15.359999656677246,13500,0.0,0.0
2024-09-06 00:00:00-04:00,15.100000381469727,15.279999732971191,15.0,15.199999809265137,19700,0.0,0.0
2024-09-09 00:00:00-04:00,15.210000038146973,15.494999885559082,15.100000381469727,15.109999656677246,15100,0.0,0.0
2024-09-10 00:00:00-04:00,15.390000343322754,15.470000267028809,15.100000381469727,15.15999984741211,5100,0.0,0.0
2024-09-11 00:00:00-04:00,15.25,15.25,15.0600004196167,15.0600004196167,14700,0.0,0.0
2024-09-12 00:00:00-04:00,15.0,15.350000381469727,14.859999656677246,15.350000381469727,10300,0.0,0.0
2024-09-13 00:00:00-04:00,15.449999809265137,15.515000343322754,15.270000457763672,15.449999809265137,10200,0.0,0.0
2024-09-16 00:00:00-04:00,15.1899995803833,15.204999923706055,15.100000381469727,15.149999618530273,17300,0.0,0.0
2024-09-17 00:00:00-04:00,15.149999618530273,15.199999809265137,15.149999618530273,15.1899995803833,11100,0.0,0.0
2024-09-18 00:00:00-04:00,15.130000114440918,15.279999732971191,15.050000190734863,15.149999618530273,280000,0.0,0.0
2024-09-19 00:00:00-04:00,15.350000381469727,15.4399995803833,15.260000228881836,15.34000015258789,9800,0.0,0.0
2024-09-20 00:00:00-04:00,15.069999694824219,15.270000457763672,14.300000190734863,14.850000381469727,137900,0.0,0.0
2024-09-23 00:00:00-04:00,14.765000343322754,15.329999923706055,14.765000343322754,15.15999984741211,7400,0.0,0.0
2024-09-24 00:00:00-04:00,15.295000076293945,15.350000381469727,15.220000267028809,15.229999542236328,5800,0.0,0.0
2024-09-25 00:00:00-04:00,15.300000190734863,15.399999618530273,15.225000381469727,15.390000343322754,9900,0.0,0.0
2024-09-26 00:00:00-04:00,15.399999618530273,15.5,15.229999542236328,15.270000457763672,12500,0.0,0.0
2024-09-27 00:00:00-04:00,15.319999694824219,15.5600004196167,15.0600004196167,15.5,23700,0.0,0.0
2024-09-30 00:00:00-04:00,15.149999618530273,15.680000305175781,15.149999618530273,15.680000305175781,15500,0.0,0.0
2024-10-01 00:00:00-04:00,15.532999992370605,15.670000076293945,15.430000305175781,15.430000305175781,7200,0.0,0.0
2024-10-02 00:00:00-04:00,15.399999618530273,15.399999618530273,15.289999961853027,15.289999961853027,4100,0.0,0.0
2024-10-03 00:00:00-04:00,15.25,15.520999908447266,15.010000228881836,15.050000190734863,10300,0.0,0.0
2024-10-04 00:00:00-04:00,15.194999694824219,15.34000015258789,15.1899995803833,15.34000015258789,4600,0.0,0.0
2024-10-07 00:00:00-04:00,15.390000343322754,15.579999923706055,15.119999885559082,15.579999923706055,24200,0.0,0.0
2024-10-08 00:00:00-04:00,15.59000015258789,15.789999961853027,15.479999542236328,15.550000190734863,87600,0.0,0.0
2024-10-09 00:00:00-04:00,15.6899995803833,15.6899995803833,15.380000114440918,15.5,3200,0.0,0.0
2024-10-10 00:00:00-04:00,15.270000457763672,15.420000076293945,15.270000457763672,15.350000381469727,10000,0.0,0.0
2024-10-11 00:00:00-04:00,15.550000190734863,15.600000381469727,15.4350004196167,15.489999771118164,6200,0.0,0.0
2024-10-14 00:00:00-04:00,15.515000343322754,15.515000343322754,15.085000038146973,15.210000038146973,11200,0.0,0.0
2024-10-15 00:00:00-04:00,15.300000190734863,15.300000190734863,15.15999984741211,15.260000228881836,26400,0.0,0.0
2024-10-16 00:00:00-04:00,15.09000015258789,15.59000015258789,15.067000389099121,15.449999809265137,38300,0.0,0.0
2024-10-17 00:00:00-04:00,15.5,15.569999694824219,15.430000305175781,15.569999694824219,35400,0.0,0.0
2024-10-18 00:00:00-04:00,15.550000190734863,15.859999656677246,15.4399995803833,15.649999618530273,20000,0.0,0.0
2024-10-21 00:00:00-04:00,15.600000381469727,15.6899995803833,15.329999923706055,15.329999923706055,43900,0.0,0.0
2024-10-22 00:00:00-04:00,15.5600004196167,15.579999923706055,15.239999771118164,15.550000190734863,18900,0.0,0.0
2024-10-23 00:00:00-04:00,15.449999809265137,15.600000381469727,15.300000190734863,15.600000381469727,228300,0.0,0.0
2024-10-24 00:00:00-04:00,15.600000381469727,15.649999618530273,15.510000228881836,15.649999618530273,3900,0.0,0.0
2024-10-25 00:00:00-04:00,15.680000305175781,15.699999809265137,15.569999694824219,15.600000381469727,7900,0.0,0.0
2024-10-28 00:00:00-04:00,15.609999656677246,16.100000381469727,15.510000228881836,15.850000381469727,35200,0.0,0.0
2024-10-29 00:00:00-04:00,15.84000015258789,15.920000076293945,15.75,15.899999618530273,17000,0.0,0.0
2024-10-30 00:00:00-04:00,15.899999618530273,15.899999618530273,15.770000457763672,15.850000381469727,24000,0.0,0.0
2024-10-31 00:00:00-04:00,15.692999839782715,15.800000190734863,15.692999839782715,15.699999809265137,10200,0.0,0.0
2024-11-01 00:00:00-04:00,15.755000114440918,15.755000114440918,15.5600004196167,15.600000381469727,8800,0.0,0.0
2024-11-04 00:00:00-05:00,15.600000381469727,15.600000381469727,15.369999885559082,15.4399995803833,14200,0.0,0.0
2024-11-05 00:00:00-05:00,15.569999694824219,15.75,15.569999694824219,15.75,19400,0.0,0.0
2024-11-06 00:00:00-05:00,15.899999618530273,16.09000015258789,15.829999923706055,15.899999618530273,45700,0.0,0.0
2024-11-07 00:00:00-05:00,15.6850004196167,16.0,15.6850004196167,15.850000381469727,22200,0.0,0.0
2024-11-08 00:00:00-05:00,15.677000045776367,15.869999885559082,15.260000228881836,15.850000381469727,25200,0.0,0.0
2024-11-11 00:00:00-05:00,15.850000381469727,15.899999618530273,15.729999542236328,15.729999542236328,12100,0.0,0.0
2024-11-12 00:00:00-05:00,15.729999542236328,15.789999961853027,15.609999656677246,15.609999656677246,18100,0.0,0.0
2024-11-13 00:00:00-05:00,15.779999732971191,15.779999732971191,15.489999771118164,15.5,16200,0.0,0.0
2024-11-14 00:00:00-05:00,15.449999809265137,15.585000038146973,15.260000228881836,15.5600004196167,23500,0.0,0.0
2024-11-15 00:00:00-05:00,15.65999984741211,15.800000190734863,15.5,15.739999771118164,34300,0.0,0.0
2024-11-18 00:00:00-05:00,15.600000381469727,15.895000457763672,15.600000381469727,15.859999656677246,46000,0.0,0.0
2024-11-19 00:00:00-05:00,15.930000305175781,15.930000305175781,15.75,15.890000343322754,18800,0.0,0.0
2024-11-20 00:00:00-05:00,15.850000381469727,16.020000457763672,15.770000457763672,16.020000457763672,7000,0.0,0.0
2024-11-21 00:00:00-05:00,16.0,16.489999771118164,15.989999771118164,16.489999771118164,33600,0.0,0.0
2024-11-22 00:00:00-05:00,16.489999771118164,16.729999542236328,16.350000381469727,16.700000762939453,12800,0.0,0.0
2024-11-25 00:00:00-05:00,16.739999771118164,16.739999771118164,16.1200008392334,16.170000076293945,18000,0.0,0.0
2024-11-26 00:00:00-05:00,16.149999618530273,16.280000686645508,15.8100004196167,16.030000686645508,18500,0.0,0.0
2024-11-27 00:00:00-05:00,16.030000686645508,16.030000686645508,15.899999618530273,15.920000076293945,64500,0.0,0.0
2024-11-29 00:00:00-05:00,16.114999771118164,16.200000762939453,16.084999084472656,16.139999389648438,6500,0.0,0.0
2024-12-02 00:00:00-05:00,16.059999465942383,16.190000534057617,15.789999961853027,15.789999961853027,62000,0.0,0.0
2024-12-03 00:00:00-05:00,15.869999885559082,16.350000381469727,15.75,16.1299991607666,30300,0.0,0.0
2024-12-04 00:00:00-05:00,16.209999084472656,16.649999618530273,16.18000030517578,16.649999618530273,16900,0.0,0.0
2024-12-05 00:00:00-05:00,16.600000381469727,16.950000762939453,16.44499969482422,16.950000762939453,24900,0.0,0.0
2024-12-06 00:00:00-05:00,16.989999771118164,16.989999771118164,16.674999237060547,16.709999084472656,13600,0.0,0.0
2024-12-09 00:00:00-05:00,16.667999267578125,16.95599937438965,16.5,16.90999984741211,14100,0.0,0.0
2024-12-10 00:00:00-05:00,16.81999969482422,17.239999771118164,16.764999389648438,17.010000228881836,77100,0.0,0.0
2024-12-11 00:00:00-05:00,17.09000015258789,17.15999984741211,16.760000228881836,16.760000228881836,17600,0.0,0.0
2024-12-12 00:00:00-05:00,16.940000534057617,17.059999465942383,16.7450008392334,16.899999618530273,11500,0.0,0.0
2024-12-13 00:00:00-05:00,16.709999084472656,16.81800079345703,16.6299991607666,16.68000030517578,6800,0.0,0.0
2024-12-16 00:00:00-05:00,16.829999923706055,16.899999618530273,16.75,16.75,5000,0.0,0.0
2024-12-17 00:00:00-05:00,16.479999542236328,16.600000381469727,16.459999084472656,16.5,10400,0.0,0.0
2024-12-18 00:00:00-05:00,16.489999771118164,16.510000228881836,15.59000015258789,15.779999732971191,20400,0.0,0.0
2024-12-19 00:00:00-05:00,16.1299991607666,16.1299991607666,15.609999656677246,15.65999984741211,13400,0.0,0.0
2024-12-20 00:00:00-05:00,15.489999771118164,15.789999961853027,15.25,15.3100004196167,90600,0.0,0.0
2024-12-23 00:00:00-05:00,15.170000076293945,15.550000190734863,15.170000076293945,15.40999984741211,11200,0.0,0.0
2024-12-24 00:00:00-05:00,15.319999694824219,15.65999984741211,15.300000190734863,15.65999984741211,5800,0.0,0.0
2024-12-26 00:00:00-05:00,15.460000038146973,16.030000686645508,15.460000038146973,15.8100004196167,8200,0.0,0.0
2024-12-27 00:00:00-05:00,15.760000228881836,16.0,15.510000228881836,15.680000305175781,16900,0.0,0.0
2024-12-30 00:00:00-05:00,15.75,16.042999267578125,15.670000076293945,15.670000076293945,9100,0.0,0.0
2024-12-31 00:00:00-05:00,16.25,16.25,15.670000076293945,15.699999809265137,8200,0.0,0.0
2025-01-02 00:00:00-05:00,15.720000267028809,15.720000267028809,15.4399995803833,15.5600004196167,8900,0.0,0.0
2025-01-03 00:00:00-05:00,15.725000381469727,15.725000381469727,15.5600004196167,15.619999885559082,3100,0.0,0.0
2025-01-06 00:00:00-05:00,15.449999809265137,15.630000114440918,15.300000190734863,15.329999923706055,15900,0.0,0.0
2025-01-07 00:00:00-05:00,15.25,15.25,15.010000228881836,15.119999885559082,11000,0.0,0.0
2025-01-08 00:00:00-05:00,15.010000228881836,15.170000076293945,15.010000228881836,15.130000114440918,8700,0.0,0.0
2025-01-10 00:00:00-05:00,15.020000457763672,15.020000457763672,14.550000190734863,14.600000381469727,17000,0.0,0.0
2025-01-13 00:00:00-05:00,14.399999618530273,14.699999809265137,14.350000381469727,14.539999961853027,16900,0.0,0.0
2025-01-14 00:00:00-05:00,14.460000038146973,14.720000267028809,14.460000038146973,14.65999984741211,8400,0.0,0.0
2025-01-15 00:00:00-05:00,14.869999885559082,15.118000030517578,14.869999885559082,15.010000228881836,3800,0.0,0.0
2025-01-16 00:00:00-05:00,14.890000343322754,15.09000015258789,14.710000038146973,14.789999961853027,8700,0.0,0.0
2025-01-17 00:00:00-05:00,14.819999694824219,14.90999984741211,14.579999923706055,14.640000343322754,8800,0.0,0.0
2025-01-21 00:00:00-05:00,14.550000190734863,14.9399995803833,14.539999961853027,14.739999771118164,6400,0.0,0.0
2025-01-22 00:00:00-05:00,14.75,14.75,14.460000038146973,14.5,14300,0.0,0.0
2025-01-23 00:00:00-05:00,14.34000015258789,14.529999732971191,14.34000015258789,14.529999732971191,7400,0.0,0.0
2025-01-24 00:00:00-05:00,14.59000015258789,14.699999809265137,14.510000228881836,14.510000228881836,5700,0.0,0.0
2025-01-27 00:00:00-05:00,14.539999961853027,14.770000457763672,14.539999961853027,14.720000267028809,9500,0.0,0.0
2025-01-28 00:00:00-05:00,14.640000343322754,15.029999732971191,14.640000343322754,15.029999732971191,5300,0.0,0.0
2025-01-29 00:00:00-05:00,15.40999984741211,15.40999984741211,15.0600004196167,15.270000457763672,5900,0.0,0.0
2025-01-30 00:00:00-05:00,15.180000305175781,15.359999656677246,15.109999656677246,15.359999656677246,4900,0.0,0.0
2025-01-31 00:00:00-05:00,15.199999809265137,15.199999809265137,15.0,15.100000381469727,49000,0.0,0.0
2025-02-03 00:00:00-05:00,15.09000015258789,15.114999771118164,15.0,15.010000228881836,4400,0.0,0.0
2025-02-04 00:00:00-05:00,15.199999809265137,15.199999809265137,14.949999809265137,14.970000267028809,6400,0.0,0.0
2025-02-05 00:00:00-05:00,15.15999984741211,15.180000305175781,14.885000228881836,14.899999618530273,5800,0.0,0.0
2025-02-06 00:00:00-05:00,14.989999771118164,15.0600004196167,14.850000381469727,14.850000381469727,5300,0.0,0.0
2025-02-07 00:00:00-05:00,14.895000457763672,14.895000457763672,14.744999885559082,14.760000228881836,8800,0.0,0.0
2025-02-10 00:00:00-05:00,14.550000190734863,14.9399995803833,14.550000190734863,14.770000457763672,7700,0.0,0.0
2025-02-11 00:00:00-05:00,14.670000076293945,14.699999809265137,14.350000381469727,14.350000381469727,16000,0.0,0.0
2025-02-12 00:00:00-05:00,14.25,14.369999885559082,14.020000457763672,14.050000190734863,22500,0.0,0.0
2025-02-13 00:00:00-05:00,14.289999961853027,15.029999732971191,14.010000228881836,14.460000038146973,11100,0.0,0.0
2025-02-14 00:00:00-05:00,14.5,14.710000038146973,14.329999923706055,14.550000190734863,6400,0.0,0.0
2025-02-18 00:00:00-05:00,14.75,15.270000457763672,14.75,14.760000228881836,6900,0.0,0.0
2025-02-19 00:00:00-05:00,14.649999618530273,14.829999923706055,14.515000343322754,14.789999961853027,5100,0.0,0.0
2025-02-20 00:00:00-05:00,14.789999961853027,14.789999961853027,14.510000228881836,14.520000457763672,4700,0.0,0.0
2025-02-21 00:00:00-05:00,14.630000114440918,14.779999732971191,14.350000381469727,14.350000381469727,9500,0.0,0.0
2025-02-24 00:00:00-05:00,14.520000457763672,14.75,14.449999809265137,14.510000228881836,8000,0.0,0.0
2025-02-25 00:00:00-05:00,14.649999618530273,14.869999885559082,14.359999656677246,14.449999809265137,19300,0.0,0.0
2025-02-26 00:00:00-05:00,14.359999656677246,14.670000076293945,14.350000381469727,14.5,44300,0.0,0.0
2025-02-27 00:00:00-05:00,14.449999809265137,14.510000228881836,14.350000381469727,14.359999656677246,7100,0.0,0.0
2025-02-28 00:00:00-05:00,14.699999809265137,14.699999809265137,14.020000457763672,14.239999771118164,18900,0.0,0.0
2025-03-03 00:00:00-05:00,14.34000015258789,14.34000015258789,14.149999618530273,14.149999618530273,9300,0.0,0.0
2025-03-04 00:00:00-05:00,14.149999618530273,14.289999961853027,14.031000137329102,14.09000015258789,20900,0.0,0.0
2025-03-05 00:00:00-05:00,14.364999771118164,14.369999885559082,14.010000228881836,14.300000190734863,31000,0.0,0.0
2025-03-06 00:00:00-05:00,14.300000190734863,14.359999656677246,14.199999809265137,14.25,12400,0.0,0.0
2025-03-07 00:00:00-05:00,14.149999618530273,14.899999618530273,14.020000457763672,14.850000381469727,37500,0.0,0.0
2025-03-10 00:00:00-04:00,14.399999618530273,14.420000076293945,13.904999732971191,14.0,36700,0.0,0.0
2025-03-11 00:00:00-04:00,14.0,14.048999786376953,13.850000381469727,13.930000305175781,22900,0.0,0.0
2025-03-12 00:00:00-04:00,13.880000114440918,14.109999656677246,13.829999923706055,14.109999656677246,27800,0.0,0.0
2025-03-13 00:00:00-04:00,13.970000267028809,14.17300033569336,13.970000267028809,14.039999961853027,10800,0.0,0.0
2025-03-14 00:00:00-04:00,14.460000038146973,14.460000038146973,14.005000114440918,14.135000228881836,16300,0.0,0.0
2025-03-17 00:00:00-04:00,14.0,14.194999694824219,13.90999984741211,13.920000076293945,32300,0.0,0.0
2025-03-18 00:00:00-04:00,14.100000381469727,14.300000190734863,13.970000267028809,14.109999656677246,20900,0.0,0.0
2025-03-19 00:00:00-04:00,14.260000228881836,14.260000228881836,14.100000381469727,14.15999984741211,6100,0.0,0.0
2025-03-20 00:00:00-04:00,14.25,14.300000190734863,14.010000228881836,14.020000457763672,24100,0.0,0.0
2025-03-21 00:00:00-04:00,14.0,14.1899995803833,13.760000228881836,14.100000381469727,48400,0.0,0.0
2025-03-24 00:00:00-04:00,14.362000465393066,14.362000465393066,14.15999984741211,14.279999732971191,6500,0.0,0.0
2025-03-25 00:00:00-04:00,14.1850004196167,14.1850004196167,14.020000457763672,14.079999923706055,23200,0.0,0.0
2025-03-26 00:00:00-04:00,14.22599983215332,14.22599983215332,14.100000381469727,14.100000381469727,7600,0.0,0.0
2025-03-27 00:00:00-04:00,14.085000038146973,14.229999542236328,13.994999885559082,14.199999809265137,8400,0.0,0.0
2025-03-28 00:00:00-04:00,14.0,14.25,14.0,14.25,16600,0.0,0.0
2025-03-31 00:00:00-04:00,14.154999732971191,14.479999542236328,14.154999732971191,14.260000228881836,13100,0.0,0.0
2025-04-01 00:00:00-04:00,14.300000190734863,14.329999923706055,14.03499984741211,14.109999656677246,26300,0.0,0.0
2025-04-02 00:00:00-04:00,14.0,14.180000305175781,14.0,14.149999618530273,12200,0.0,0.0
2025-04-03 00:00:00-04:00,13.75,14.015999794006348,13.529999732971191,13.760000228881836,43400,0.0,0.0
2025-04-04 00:00:00-04:00,13.510000228881836,13.5600004196167,13.130000114440918,13.460000038146973,19100,0.0,0.0
2025-04-07 00:00:00-04:00,13.329999923706055,13.329999923706055,13.0,13.15999984741211,41100,0.0,0.0
2025-04-08 00:00:00-04:00,13.4399995803833,13.755000114440918,13.25,13.520000457763672,39700,0.0,0.0
2025-04-09 00:00:00-04:00,13.505000114440918,14.145000457763672,13.329999923706055,13.90999984741211,27700,0.0,0.0
2025-04-10 00:00:00-04:00,13.680000305175781,13.680000305175781,13.279999732971191,13.329999923706055,11300,0.0,0.0
2025-04-11 00:00:00-04:00,13.170000076293945,13.225000381469727,12.930000305175781,13.085000038146973,16300,0.0,0.0
2025-04-14 00:00:00-04:00,12.970000267028809,13.369999885559082,12.829999923706055,12.930000305175781,25900,0.0,0.0
2025-04-15 00:00:00-04:00,13.100000381469727,13.25,12.960000038146973,12.960000038146973,19900,0.0,0.0
2025-04-16 00:00:00-04:00,13.220000267028809,13.229999542236328,12.899999618530273,12.930000305175781,8700,0.0,0.0
2025-04-17 00:00:00-04:00,12.920000076293945,13.140000343322754,12.890000343322754,13.079999923706055,8600,0.0,0.0
2025-04-21 00:00:00-04:00,13.010000228881836,13.279999732971191,12.890000343322754,13.020000457763672,15800,0.0,0.0
2025-04-22 00:00:00-04:00,13.475000381469727,13.475000381469727,12.979999542236328,13.1899995803833,15100,0.0,0.0
2025-04-23 00:00:00-04:00,13.289999961853027,13.430000305175781,12.800000190734863,13.029999732971191,18000,0.0,0.0
2025-04-24 00:00:00-04:00,12.909000396728516,13.079999923706055,12.880000114440918,12.960000038146973,8900,0.0,0.0
2025-04-25 00:00:00-04:00,12.84000015258789,12.869999885559082,12.630000114440918,12.649999618530273,18500,0.0,0.0
2025-04-28 00:00:00-04:00,12.649999618530273,12.788999557495117,12.5600004196167,12.649999618530273,13500,0.0,0.0
2025-04-29 00:00:00-04:00,12.550000190734863,13.170000076293945,12.529999732971191,12.600000381469727,15400,0.0,0.0
2025-04-30 00:00:00-04:00,12.5600004196167,12.61400032043457,12.399999618530273,12.5,26200,0.0,0.0
2025-05-01 00:00:00-04:00,12.5,12.664999961853027,12.300000190734863,12.630000114440918,10400,0.0,0.0
2025-05-02 00:00:00-04:00,12.770000457763672,12.90999984741211,12.770000457763672,12.90999984741211,6000,0.0,0.0
2025-05-05 00:00:00-04:00,12.779999732971191,12.779999732971191,12.359999656677246,12.539999961853027,8200,0.0,0.0
2025-05-06 00:00:00-04:00,12.460000038146973,13.069999694824219,12.1899995803833,12.270000457763672,14600,0.0,0.0
2025-05-07 00:00:00-04:00,12.664999961853027,12.664999961853027,12.1899995803833,12.390000343322754,12300,0.0,0.0
2025-05-08 00:00:00-04:00,12.345000267028809,12.449999809265137,12.020000457763672,12.1899995803833,19000,0.0,0.0
2025-05-09 00:00:00-04:00,12.668000221252441,13.112000465393066,12.010000228881836,12.555000305175781,22100,0.0,0.0
2025-05-12 00:00:00-04:00,12.760000228881836,13.25,12.760000228881836,12.859999656677246,11900,0.0,0.0
2025-05-13 00:00:00-04:00,12.732000350952148,13.01099967956543,12.699999809265137,12.800000190734863,21200,0.0,0.0
2025-05-14 00:00:00-04:00,12.802000045776367,13.095000267028809,12.59000015258789,12.920000076293945,14600,0.0,0.0
2025-05-15 00:00:00-04:00,13.130000114440918,13.26200008392334,12.8100004196167,12.8100004196167,19900,0.0,0.0
2025-05-16 00:00:00-04:00,12.8100004196167,12.829999923706055,12.680000305175781,12.6899995803833,14100,0.0,0.0
2025-05-19 00:00:00-04:00,12.800000190734863,13.140000343322754,12.699999809265137,13.140000343322754,12200,0.0,0.0
2025-05-20 00:00:00-04:00,13.199999809265137,13.609999656677246,13.199999809265137,13.40999984741211,26300,0.0,0.0
2025-05-21 00:00:00-04:00,13.329999923706055,13.420000076293945,13.180000305175781,13.180000305175781,10700,0.0,0.0
2025-05-22 00:00:00-04:00,13.039999961853027,13.40999984741211,12.800000190734863,12.800000190734863,12800,0.0,0.0
2025-05-23 00:00:00-04:00,12.670000076293945,13.194999694824219,12.670000076293945,12.75,14100,0.0,0.0
2025-05-27 00:00:00-04:00,13.114999771118164,13.114999771118164,12.960000038146973,13.100000381469727,12300,0.0,0.0
2025-05-28 00:00:00-04:00,13.109999656677246,13.28499984741211,12.875,13.109999656677246,24100,0.0,0.0
2025-05-29 00:00:00-04:00,13.25,13.25,13.005000114440918,13.220000267028809,5800,0.0,0.0
2025-05-30 00:00:00-04:00,13.020000457763672,13.279999732971191,13.020000457763672,13.279999732971191,5500,0.0,0.0
2025-06-02 00:00:00-04:00,13.25,13.25,13.140000343322754,13.149999618530273,8200,0.0,0.0
2025-06-03 00:00:00-04:00,13.079999923706055,13.406999588012695,13.079999923706055,13.180000305175781,19500,0.0,0.0
2025-06-04 00:00:00-04:00,13.0,13.020000457763672,12.5,12.630000114440918,35400,0.0,0.0
2025-06-05 00:00:00-04:00,12.550000190734863,12.960000038146973,12.550000190734863,12.84000015258789,17100,0.0,0.0
2025-06-06 00:00:00-04:00,13.029999732971191,13.029999732971191,12.670000076293945,13.0,19700,0.0,0.0
2025-06-09 00:00:00-04:00,12.890000343322754,12.979999542236328,12.649999618530273,12.869999885559082,17900,0.0,0.0
2025-06-10 00:00:00-04:00,12.925000190734863,13.135000228881836,12.779999732971191,12.779999732971191,24200,0.0,0.0
2025-06-11 00:00:00-04:00,13.156999588012695,13.156999588012695,12.4399995803833,12.5600004196167,25700,0.0,0.0
2025-06-12 00:00:00-04:00,12.50100040435791,12.84000015258789,12.430000305175781,12.569999694824219,20700,0.0,0.0
2025-06-13 00:00:00-04:00,12.5,12.880000114440918,12.079999923706055,12.180000305175781,20700,0.0,0.0
2025-06-16 00:00:00-04:00,12.3149995803833,12.86299991607666,12.25,12.34000015258789,7500,0.0,0.0
2025-06-17 00:00:00-04:00,12.472000122070312,12.472000122070312,12.265000343322754,12.4399995803833,16800,0.0,0.0
2025-06-18 00:00:00-04:00,13.329999923706055,13.329999923706055,12.34000015258789,12.510000228881836,11700,0.0,0.0
2025-06-20 00:00:00-04:00,12.550000190734863,12.880000114440918,12.380000114440918,12.430000305175781,20500,0.0,0.0
2025-06-23 00:00:00-04:00,12.430000305175781,12.869999885559082,12.350000381469727,12.869999885559082,13200,0.0,0.0
2025-06-24 00:00:00-04:00,12.635000228881836,12.949999809265137,12.635000228881836,12.920000076293945,12600,0.0,0.0
2025-06-25 00:00:00-04:00,12.420000076293945,12.880000114440918,12.420000076293945,12.819999694824219,10600,0.0,0.0
2025-06-26 00:00:00-04:00,12.739999771118164,12.739999771118164,12.494999885559082,12.699999809265137,16100,0.0,0.0
2025-06-27 00:00:00-04:00,13.260000228881836,13.359999656677246,12.460000038146973,13.289999961853027,93600,0.0,0.0
2025-06-30 00:00:00-04:00,13.029999732971191,13.050000190734863,12.680000305175781,12.739999771118164,16300,0.0,0.0
2025-07-01 00:00:00-04:00,12.913999557495117,13.109999656677246,12.800000190734863,12.800000190734863,11500,0.0,0.0
2025-07-02 00:00:00-04:00,12.8100004196167,12.904999732971191,12.760000228881836,12.760000228881836,9200,0.0,0.0
2025-07-03 00:00:00-04:00,13.008000373840332,13.194999694824219,12.984999656677246,13.119999885559082,7800,0.0,0.0
2025-07-07 00:00:00-04:00,12.989999771118164,13.079999923706055,12.984999656677246,13.029999732971191,13300,0.0,0.0
2025-07-08 00:00:00-04:00,13.0,13.210000038146973,13.0,13.079999923706055,16300,0.0,0.0
2025-07-09 00:00:00-04:00,12.984999656677246,13.220000267028809,12.984999656677246,13.149999618530273,7800,0.0,0.0
2025-07-10 00:00:00-04:00,13.0,13.170000076293945,13.0,13.170000076293945,8700,0.0,0.0
2025-07-11 00:00:00-04:00,13.100000381469727,13.15999984741211,13.0649995803833,13.09000015258789,9100,0.0,0.0
2025-07-14 00:00:00-04:00,12.920000076293945,13.239999771118164,12.920000076293945,13.220000267028809,7700,0.0,0.0
2025-07-15 00:00:00-04:00,13.095000267028809,13.1899995803833,13.010000228881836,13.029999732971191,9400,0.0,0.0
2025-07-16 00:00:00-04:00,13.0600004196167,13.220000267028809,12.989999771118164,13.140000343322754,7300,0.0,0.0
2025-07-17 00:00:00-04:00,13.140000343322754,13.489999771118164,13.140000343322754,13.34000015258789,42800,0.0,0.0
2025-07-18 00:00:00-04:00,13.479999542236328,13.5,13.125,13.149999618530273,10900,0.0,0.0
2025-07-21 00:00:00-04:00,13.479999542236328,13.479999542236328,13.201000213623047,13.289999961853027,18000,0.0,0.0
2025-07-22 00:00:00-04:00,13.255000114440918,13.65999984741211,13.1850004196167,13.350000381469727,10200,0.0,0.0
2025-07-23 00:00:00-04:00,13.210000038146973,13.380000114440918,13.210000038146973,13.329999923706055,8200,0.0,0.0
2025-07-24 00:00:00-04:00,13.460000038146973,13.489999771118164,13.220000267028809,13.25,8900,0.0,0.0
2025-07-25 00:00:00-04:00,13.244999885559082,13.260000228881836,13.039999961853027,13.210000038146973,6000,0.0,0.0
2025-07-28 00:00:00-04:00,13.204999923706055,13.25,13.050000190734863,13.130000114440918,6000,0.0,0.0
2025-07-29 00:00:00-04:00,13.130000114440918,13.15999984741211,12.970000267028809,13.020000457763672,6000,0.0,0.0
2025-07-30 00:00:00-04:00,13.100000381469727,13.109999656677246,12.699999809265137,12.880000114440918,13400,0.0,0.0
2025-07-31 00:00:00-04:00,12.75,13.079999923706055,12.65999984741211,12.739999771118164,8300,0.0,0.0
2025-08-01 00:00:00-04:00,12.65999984741211,12.9399995803833,12.510000228881836,12.510000228881836,14800,0.0,0.0
2025-08-04 00:00:00-04:00,12.779999732971191,12.789999961853027,12.640000343322754,12.65999984741211,6000,0.0,0.0
2025-08-05 00:00:00-04:00,13.489999771118164,13.489999771118164,12.449999809265137,12.449999809265137,20200,0.0,0.0
2025-08-06 00:00:00-04:00,12.449999809265137,13.479999542236328,12.449999809265137,12.770000457763672,8900,0.0,0.0
2025-08-07 00:00:00-04:00,13.399999618530273,13.399999618530273,12.779999732971191,12.960000038146973,10800,0.0,0.0
2025-08-08 00:00:00-04:00,12.670000076293945,13.069999694824219,12.670000076293945,12.829999923706055,4100,0.0,0.0
2025-08-11 00:00:00-04:00,13.010000228881836,13.029999732971191,12.470000267028809,12.640000343322754,17000,0.0,0.0
2025-08-12 00:00:00-04:00,12.710000038146973,12.84000015258789,12.569999694824219,12.84000015258789,6900,0.0,0.0
2025-08-13 00:00:00-04:00,12.930000305175781,13.140000343322754,12.819999694824219,12.979999542236328,17100,0.0,0.0
2025-08-14 00:00:00-04:00,12.65999984741211,12.765000343322754,12.550000190734863,12.550000190734863,5800,0.0,0.0
2025-08-15 00:00:00-04:00,12.819999694824219,12.819999694824219,12.4399995803833,12.4399995803833,14700,0.0,0.0
2025-08-18 00:00:00-04:00,12.230999946594238,12.395000457763672,12.230999946594238,12.239999771118164,4900,0.0,0.0
2025-08-19 00:00:00-04:00,12.220000267028809,12.404999732971191,12.220000267028809,12.289999961853027,7100,0.0,0.0
2025-08-20 00:00:00-04:00,12.774999618530273,12.774999618530273,12.239999771118164,12.510000228881836,7500,0.0,0.0
2025-08-21 00:00:00-04:00,12.3100004196167,12.65999984741211,12.3100004196167,12.430000305175781,21300,0.0,0.0
2025-08-22 00:00:00-04:00,12.619999885559082,12.979999542236328,12.489999771118164,12.829999923706055,45400,0.0,0.0
2025-08-25 00:00:00-04:00,12.600000381469727,12.850000381469727,12.550000190734863,12.550000190734863,27700,0.0,0.0
2025-08-26 00:00:00-04:00,12.949999809265137,13.1899995803833,12.75,13.140000343322754,14700,0.0,0.0
2025-08-27 00:00:00-04:00,13.279999732971191,13.380000114440918,13.0600004196167,13.300000190734863,10400,0.0,0.0
2025-08-28 00:00:00-04:00,13.234999656677246,13.32699966430664,13.095000267028809,13.220000267028809,6900,0.0,0.0
2025-08-29 00:00:00-04:00,13.319999694824219,13.399999618530273,13.265000343322754,13.390000343322754,9800,0.0,0.0
2025-09-02 00:00:00-04:00,13.300000190734863,13.380000114440918,13.069999694824219,13.069999694824219,7400,0.0,0.0
2025-09-03 00:00:00-04:00,13.069999694824219,13.390000343322754,12.850000381469727,12.850000381469727,8600,0.0,0.0
2025-09-04 00:00:00-04:00,13.100000381469727,13.390000343322754,13.079999923706055,13.390000343322754,5000,0.0,0.0
2025-09-05 00:00:00-04:00,13.270000457763672,13.34000015258789,13.15999984741211,13.34000015258789,5500,0.0,0.0
2025-09-08 00:00:00-04:00,13.199999809265137,13.399999618530273,13.199999809265137,13.399999618530273,8700,0.0,0.0
2025-09-09 00:00:00-04:00,13.399999618530273,13.5,13.25,13.25,6600,0.0,0.0
2025-09-10 00:00:00-04:00,13.470000267028809,13.489999771118164,13.319999694824219,13.319999694824219,4400,0.0,0.0
2025-09-11 00:00:00-04:00,13.359999656677246,13.595000267028809,13.359999656677246,13.579999923706055,11500,0.0,0.0
2025-09-12 00:00:00-04:00,13.300000190734863,13.350000381469727,13.130000114440918,13.350000381469727,3100,0.0,0.0
2025-09-15 00:00:00-04:00,13.350000381469727,13.640000343322754,13.350000381469727,13.510000228881836,4600,0.0,0.0
2025-09-16 00:00:00-04:00,13.369999885559082,13.800000190734863,13.369999885559082,13.800000190734863,3900,0.0,0.0
2025-09-17 00:00:00-04:00,13.609999656677246,14.34000015258789,13.609999656677246,13.699999809265137,13300,0.0,0.0
2025-09-18 00:00:00-04:00,13.869999885559082,14.180000305175781,13.789999961853027,14.15999984741211,13300,0.0,0.0
2025-09-19 00:00:00-04:00,14.15999984741211,14.15999984741211,13.770000457763672,13.979999542236328,56100,0.0,0.0
2025-09-22 00:00:00-04:00,13.800000190734863,13.800000190734863,13.760000228881836,13.760000228881836,6500,0.0,0.0
2025-09-23 00:00:00-04:00,13.949999809265137,13.949999809265137,13.649999618530273,13.75,5200,0.0,0.0
2025-09-24 00:00:00-04:00,13.600000381469727,13.850000381469727,13.539999961853027,13.850000381469727,2900,0.0,0.0
2025-09-25 00:00:00-04:00,13.800000190734863,13.819999694824219,13.630000114440918,13.630000114440918,3500,0.0,0.0
2025-09-26 00:00:00-04:00,13.470000267028809,13.630000114440918,13.470000267028809,13.630000114440918,5900,0.0,0.0
2025-09-29 00:00:00-04:00,13.986000061035156,13.986000061035156,13.369999885559082,13.569999694824219,3800,0.0,0.0
2025-09-30 00:00:00-04:00,13.449999809265137,13.619999885559082,13.25,13.5600004196167,9700,0.0,0.0
2025-10-01 00:00:00-04:00,13.460000038146973,13.460000038146973,13.199999809265137,13.34000015258789,4200,0.0,0.0
2025-10-02 00:00:00-04:00,13.119999885559082,13.1899995803833,13.079999923706055,13.079999923706055,4500,0.0,0.0
2025-10-03 00:00:00-04:00,13.199999809265137,13.300000190734863,13.079999923706055,13.300000190734863,1800,0.0,0.0
2025-10-06 00:00:00-04:00,13.5,13.503999710083008,13.0600004196167,13.140000343322754,4400,0.0,0.0
2025-10-07 00:00:00-04:00,13.270000457763672,13.444999694824219,13.199999809265137,13.220000267028809,8600,0.0,0.0
2025-10-08 00:00:00-04:00,13.375,13.770000457763672,13.357999801635742,13.520000457763672,7900,0.0,0.0
2025-10-09 00:00:00-04:00,13.520000457763672,13.520000457763672,13.300000190734863,13.319999694824219,6600,0.0,0.0
2025-10-10 00:00:00-04:00,13.15999984741211,13.15999984741211,12.989999771118164,12.989999771118164,6500,0.0,0.0
2025-10-13 00:00:00-04:00,13.020000457763672,13.489999771118164,13.020000457763672,13.489999771118164,12000,0.0,0.0
2025-10-14 00:00:00-04:00,13.170000076293945,13.520000457763672,13.170000076293945,13.5,19400,0.0,0.0
2025-10-15 00:00:00-04:00,13.600000381469727,13.670000076293945,13.5,13.510000228881836,25100,0.0,0.0
2025-10-16 00:00:00-04:00,13.550000190734863,13.75,13.510000228881836,13.550000190734863,12200,0.0,0.0
2025-10-17 00:00:00-04:00,13.550000190734863,13.789999961853027,13.449999809265137,13.5,7700,0.0,0.0
2025-10-20 00:00:00-04:00,13.494999885559082,13.550000190734863,13.449999809265137,13.539999961853027,18300,0.0,0.0
2025-10-21 00:00:00-04:00,13.725000381469727,13.725000381469727,13.539999961853027,13.539999961853027,3500,0.0,0.0
2025-10-22 00:00:00-04:00,13.682000160217285,13.682000160217285,13.520000457763672,13.65999984741211,6500,0.0,0.0
2025-10-23 00:00:00-04:00,13.470000267028809,13.579999923706055,13.470000267028809,13.550000190734863,3400,0.0,0.0
2025-10-24 00:00:00-04:00,13.550000190734863,13.79800033569336,13.550000190734863,13.649999618530273,4800,0.0,0.0
2025-10-27 00:00:00-04:00,13.579999923706055,13.600000381469727,13.460000038146973,13.470000267028809,9500,0.0,0.0
2025-10-28 00:00:00-04:00,13.40999984741211,13.513999938964844,13.15999984741211,13.1899995803833,18600,0.0,0.0
2025-10-29 00:00:00-04:00,13.345000267028809,13.345000267028809,13.170000076293945,13.210000038146973,9300,0.0,0.0
2025-10-30 00:00:00-04:00,13.260000228881836,13.40999984741211,13.210000038146973,13.34000015258789,5500,0.0,0.0
2025-10-31 00:00:00-04:00,13.260000228881836,13.28600025177002,13.079999923706055,13.199999809265137,10900,0.0,0.0
2025-11-03 00:00:00-05:00,13.342000007629395,13.342000007629395,13.15999984741211,13.260000228881836,3300,0.0,0.0
2025-11-04 00:00:00-05:00,13.109999656677246,13.220000267028809,13.109999656677246,13.149999618530273,8000,0.0,0.0
2025-11-05 00:00:00-05:00,13.279999732971191,13.34000015258789,13.15999984741211,13.34000015258789,8600,0.0,0.0
2025-11-06 00:00:00-05:00,13.239999771118164,13.260000228881836,13.15999984741211,13.239999771118164,11100,0.0,0.0
2025-11-07 00:00:00-05:00,13.229999542236328,13.239999771118164,13.050000190734863,13.199999809265137,11200,0.0,0.0
2025-11-10 00:00:00-05:00,13.25,13.449999809265137,13.079999923706055,13.09000015258789,15100,0.0,0.0
2025-11-11 00:00:00-05:00,13.16100025177002,13.399999618530273,13.15999984741211,13.399999618530273,4300,0.0,0.0
2025-11-12 00:00:00-05:00,13.329999923706055,13.34000015258789,13.25,13.3100004196167,15700,0.0,0.0
2025-11-13 00:00:00-05:00,13.180000305175781,13.489999771118164,13.170000076293945,13.420000076293945,11700,0.0,0.0
2025-11-14 00:00:00-05:00,13.25,13.680000305175781,13.25,13.680000305175781,19800,0.0,0.0
2025-11-17 00:00:00-05:00,13.765000343322754,13.829999923706055,13.597999572753906,13.630000114440918,9800,0.0,0.0
2025-11-18 00:00:00-05:00,13.34000015258789,13.550000190734863,13.34000015258789,13.550000190734863,2600,0.0,0.0
2025-11-19 00:00:00-05:00,13.567000389099121,13.567000389099121,13.399999618530273,13.449999809265137,6000,0.0,0.0
2025-11-20 00:00:00-05:00,13.40999984741211,13.454999923706055,13.329999923706055,13.369999885559082,24900,0.0,0.0
2025-11-21 00:00:00-05:00,13.300000190734863,13.699999809265137,13.300000190734863,13.6899995803833,14200,0.0,0.0
2025-11-24 00:00:00-05:00,13.460000038146973,13.6899995803833,13.399999618530273,13.449999809265137,6800,0.0,0.0
2025-11-25 00:00:00-05:00,13.489999771118164,13.600000381469727,13.489999771118164,13.520000457763672,5300,0.0,0.0
2025-11-26 00:00:00-05:00,13.420000076293945,13.630000114440918,13.420000076293945,13.539999961853027,11100,0.0,0.0
2025-11-28 00:00:00-05:00,13.600000381469727,13.600000381469727,13.5,13.579999923706055,5500,0.0,0.0
2025-12-01 00:00:00-05:00,12.369999885559082,13.5,12.369999885559082,13.319999694824219,59200,0.0,0.0
2025-12-02 00:00:00-05:00,13.270000457763672,13.342000007629395,13.149999618530273,13.149999618530273,8900,0.0,0.0
2025-12-03 00:00:00-05:00,13.270000457763672,13.399999618530273,13.210000038146973,13.25,8000,0.0,0.0
2025-12-04 00:00:00-05:00,13.460000038146973,13.460000038146973,13.119999885559082,13.199999809265137,5400,0.0,0.0
2025-12-05 00:00:00-05:00,13.0,13.270000457763672,13.0,13.260000228881836,6400,0.0,0.0
2025-12-08 00:00:00-05:00,13.244999885559082,13.4399995803833,13.199999809265137,13.3100004196167,10700,0.0,0.0
2025-12-09 00:00:00-05:00,13.359999656677246,13.75,13.350000381469727,13.569999694824219,11200,0.0,0.0
2025-12-10 00:00:00-05:00,13.520000457763672,14.079999923706055,13.520000457763672,13.920000076293945,14900,0.0,0.0
2025-12-11 00:00:00-05:00,14.039999961853027,14.039999961853027,13.539999961853027,13.819999694824219,11800,0.0,0.0
2025-12-12 00:00:00-05:00,14.0,14.0,13.3100004196167,13.880000114440918,26400,0.0,0.0
2025-12-15 00:00:00-05:00,13.960000038146973,14.430000305175781,13.960000038146973,14.380000114440918,12300,0.0,0.0
2025-12-16 00:00:00-05:00,14.342000007629395,14.684000015258789,14.342000007629395,14.510000228881836,9600,0.0,0.0
2025-12-17 00:00:00-05:00,14.470000267028809,14.470000267028809,13.914999961853027,14.279999732971191,15500,0.0,0.0
2025-12-18 00:00:00-05:00,14.46500015258789,14.699999809265137,14.25,14.6899995803833,15400,0.0,0.0
2025-12-19 00:00:00-05:00,14.640000343322754,14.640000343322754,13.920000076293945,13.920000076293945,78100,0.0,0.0
2025-12-22 00:00:00-05:00,13.960000038146973,14.168999671936035,13.619999885559082,13.869999885559082,10000,0.0,0.0
2025-12-23 00:00:00-05:00,13.678000450134277,13.914999961853027,13.529999732971191,13.539999961853027,7500,0.0,0.0
2025-12-24 00:00:00-05:00,14.125,14.125,13.390000343322754,13.529999732971191,7500,0.0,0.0
2025-12-26 00:00:00-05:00,13.595000267028809,13.595000267028809,13.444000244140625,13.529999732971191,3800,0.0,0.0
2025-12-29 00:00:00-05:00,13.65999984741211,13.65999984741211,13.359999656677246,13.449999809265137,9200,0.0,0.0
2025-12-30 00:00:00-05:00,13.390000343322754,13.654999732971191,13.260000228881836,13.359999656677246,8600,0.0,0.0
2025-12-31 00:00:00-05:00,13.319999694824219,13.329999923706055,13.010000228881836,13.300000190734863,14100,0.0,0.0
2026-01-02 00:00:00-05:00,13.140000343322754,13.54800033569336,13.140000343322754,13.270000457763672,8700,0.0,0.0
2026-01-05 00:00:00-05:00,13.210000038146973,13.449999809265137,13.210000038146973,13.449999809265137,5300,0.0,0.0
2026-01-06 00:00:00-05:00,13.399999618530273,13.40999984741211,13.199999809265137,13.399999618530273,13400,0.0,0.0
2026-01-07 00:00:00-05:00,13.380000114440918,13.40999984741211,13.25,13.390000343322754,10700,0.0,0.0
2026-01-08 00:00:00-05:00,13.625,13.625,13.350000381469727,13.359999656677246,5400,0.0,0.0
2026-01-09 00:00:00-05:00,13.350000381469727,13.609999656677246,13.210000038146973,13.300000190734863,8000,0.0,0.0
2026-01-12 00:00:00-05:00,13.270000457763672,13.694000244140625,13.260000228881836,13.3100004196167,3000,0.0,0.0
2026-01-13 00:00:00-05:00,13.677000045776367,13.677000045776367,13.300000190734863,13.300000190734863,6500,0.0,0.0
2026-01-14 00:00:00-05:00,13.350000381469727,13.430000305175781,13.300000190734863,13.300000190734863,8700,0.0,0.0
2026-01-15 00:00:00-05:00,13.3100004196167,13.510000228881836,13.270000457763672,13.3100004196167,3800,0.0,0.0
2026-01-16 00:00:00-05:00,13.270000457763672,13.3100004196167,13.260000228881836,13.300000190734863,7400,0.0,0.0
2026-01-20 00:00:00-05:00,13.140000343322754,13.256999969482422,13.020000457763672,13.100000381469727,14600,0.0,0.0
2026-01-21 00:00:00-05:00,13.0,13.350000381469727,13.0,13.239999771118164,10800,0.0,0.0
2026-01-22 00:00:00-05:00,13.274999618530273,13.399999618530273,13.15999984741211,13.399999618530273,5200,0.0,0.0
2026-01-23 00:00:00-05:00,13.300000190734863,13.300000190734863,13.25,13.25,5900,0.0,0.0
2026-01-26 00:00:00-05:00,13.180000305175781,13.180000305175781,13.119999885559082,13.15999984741211,3400,0.0,0.0
2026-01-27 00:00:00-05:00,13.109999656677246,13.210000038146973,13.109999656677246,13.210000038146973,3300,0.0,0.0
2026-01-28 00:00:00-05:00,13.069999694824219,13.489999771118164,13.069999694824219,13.489999771118164,17000,0.0,0.0
2026-01-29 00:00:00-05:00,13.300000190734863,13.63599967956543,13.300000190734863,13.4399995803833,17500,0.0,0.0
2026-01-30 00:00:00-05:00,13.40999984741211,13.760000228881836,13.170000076293945,13.619999885559082,26800,0.0,0.0
2026-02-02 00:00:00-05:00,13.279999732971191,13.869999885559082,13.279999732971191,13.510000228881836,13400,0.0,0.0
2026-02-03 00:00:00-05:00,13.380000114440918,13.569999694824219,13.3100004196167,13.569999694824219,4800,0.0,0.0
2026-02-04 00:00:00-05:00,13.350000381469727,13.680000305175781,13.3100004196167,13.680000305175781,7300,0.0,0.0
2026-02-05 00:00:00-05:00,13.350000381469727,13.84000015258789,13.350000381469727,13.779999732971191,8200,0.0,0.0
2026-02-06 00:00:00-05:00,13.829999923706055,13.829999923706055,13.5600004196167,13.569999694824219,10300,0.0,0.0
2026-02-09 00:00:00-05:00,13.369999885559082,13.515000343322754,13.369999885559082,13.399999618530273,4700,0.0,0.0
2026-02-10 00:00:00-05:00,13.100000381469727,13.899999618530273,13.100000381469727,13.329999923706055,9700,0.0,0.0
2026-02-11 00:00:00-05:00,13.300000190734863,13.34000015258789,13.199999809265137,13.270000457763672,6200,0.0,0.0
2026-02-12 00:00:00-05:00,13.585000038146973,13.585000038146973,13.039999961853027,13.260000228881836,7600,0.0,0.0
2026-02-13 00:00:00-05:00,13.383999824523926,13.579999923706055,13.100000381469727,13.3100004196167,14200,0.0,0.0
2026-02-17 00:00:00-05:00,13.34000015258789,13.625,13.210000038146973,13.460000038146973,13400,0.0,0.0
2026-02-18 00:00:00-05:00,13.0,13.529999732971191,13.0,13.40999984741211,4600,0.0,0.0
2026-02-19 00:00:00-05:00,13.279999732971191,13.399999618530273,13.25,13.390000343322754,7200,0.0,0.0
2026-02-20 00:00:00-05:00,13.380000114440918,13.560999870300293,13.380000114440918,13.449999809265137,7500,0.0,0.0
2026-02-23 00:00:00-05:00,13.354999542236328,13.670000076293945,13.354999542236328,13.449999809265137,39600,0.0,0.0
2026-02-24 00:00:00-05:00,13.520000457763672,13.529999732971191,13.140000343322754,13.25,40900,0.0,0.0
2026-02-25 00:00:00-05:00,13.619999885559082,13.619999885559082,13.350000381469727,13.460000038146973,5200,0.0,0.0
2026-02-26 00:00:00-05:00,13.619999885559082,13.619999885559082,13.399999618530273,13.470000267028809,26000,0.0,0.0
2026-02-27 00:00:00-05:00,13.574999809265137,13.652999877929688,13.279999732971191,13.279999732971191,8400,0.0,0.0
2026-03-02 00:00:00-05:00,13.229999542236328,13.800000190734863,13.229999542236328,13.3100004196167,9800,0.0,0.0
2026-03-03 00:00:00-05:00,13.260000228881836,13.619999885559082,13.260000228881836,13.289999961853027,9800,0.0,0.0
2026-03-04 00:00:00-05:00,13.270999908447266,13.3100004196167,13.109999656677246,13.229999542236328,11400,0.0,0.0
2026-03-05 00:00:00-05:00,13.079999923706055,13.449999809265137,13.079999923706055,13.3100004196167,24200,0.0,0.0
2026-03-06 00:00:00-05:00,13.170000076293945,13.255000114440918,13.050000190734863,13.100000381469727,21600,0.0,0.0
2026-03-09 00:00:00-04:00,12.890000343322754,12.98799991607666,12.529999732971191,12.914999961853027,12200,0.0,0.0
2026-03-10 00:00:00-04:00,12.800000190734863,13.069999694824219,12.600000381469727,12.649999618530273,49100,0.0,0.0
2026-03-11 00:00:00-04:00,12.520000457763672,13.015999794006348,12.520000457763672,13.0,19900,0.0,0.0
2026-03-12 00:00:00-04:00,12.850000381469727,12.9399995803833,12.729999542236328,12.899999618530273,33700,0.0,0.0
2026-03-13 00:00:00-04:00,12.979999542236328,13.239999771118164,12.899999618530273,13.229999542236328,22000,0.0,0.0
2026-03-16 00:00:00-04:00,13.168000221252441,13.479999542236328,13.130000114440918,13.170000076293945,16000,0.0,0.0
2026-03-17 00:00:00-04:00,13.300000190734863,13.305000305175781,13.149999618530273,13.149999618530273,24500,0.0,0.0
2026-03-18 00:00:00-04:00,13.204999923706055,13.204999923706055,12.859999656677246,12.960000038146973,28900,0.0,0.0
2026-03-19 00:00:00-04:00,13.125,13.125,12.880000114440918,13.020000457763672,19200,0.0,0.0
2026-03-20 00:00:00-04:00,13.039999961853027,13.649999618530273,13.039999961853027,13.130000114440918,88000,0.0,0.0
2026-03-23 00:00:00-04:00,13.359999656677246,13.399999618530273,12.4350004196167,13.170000076293945,33600,0.0,0.0
2026-03-24 00:00:00-04:00,13.350000381469727,13.524999618530273,13.029999732971191,13.09000015258789,16000,0.0,0.0
2026-03-25 00:00:00-04:00,13.380000114440918,13.380000114440918,12.904999732971191,12.949999809265137,14500,0.0,0.0
2026-03-26 00:00:00-04:00,13.430000305175781,13.430000305175781,12.859999656677246,12.90999984741211,10700,0.0,0.0
2026-03-27 00:00:00-04:00,12.770000457763672,13.380000114440918,12.479999542236328,12.479999542236328,63400,0.0,0.0
2026-03-30 00:00:00-04:00,12.600000381469727,13.020000457763672,12.600000381469727,12.930000305175781,17500,0.0,0.0
2026-03-31 00:00:00-04:00,13.010000228881836,13.109999656677246,12.789999961853027,12.890000343322754,12200,0.0,0.0
2026-04-01 00:00:00-04:00,13.25,13.25,12.489999771118164,12.670000076293945,35800,0.0,0.0
2026-04-02 00:00:00-04:00,12.59000015258789,12.880000114440918,12.420000076293945,12.819999694824219,11100,0.0,0.0
2026-04-06 00:00:00-04:00,12.6899995803833,12.720000267028809,12.539999961853027,12.65999984741211,10800,0.0,0.0
2026-04-07 00:00:00-04:00,12.649999618530273,12.765000343322754,12.649999618530273,12.710000038146973,16500,0.0,0.0
2026-04-08 00:00:00-04:00,12.890000343322754,13.515000343322754,12.850000381469727,13.399999618530273,17800,0.0,0.0
2026-04-09 00:00:00-04:00,13.319999694824219,13.619999885559082,13.069999694824219,13.140000343322754,20300,0.0,0.0
2026-04-10 00:00:00-04:00,13.0,13.0,12.678000450134277,12.890000343322754,6700,0.0,0.0
2026-04-13 00:00:00-04:00,12.779999732971191,12.90999984741211,12.65999984741211,12.90999984741211,9100,0.0,0.0
2026-04-14 00:00:00-04:00,12.819999694824219,12.880000114440918,12.760000228881836,12.819999694824219,11900,0.0,0.0
2026-04-15 00:00:00-04:00,12.8100004196167,12.989999771118164,12.734999656677246,12.979999542236328,7900,0.0,0.0
2026-04-16 00:00:00-04:00,12.899999618530273,13.210000038146973,12.760000228881836,12.960000038146973,6600,0.0,0.0
2026-04-17 00:00:00-04:00,13.010000228881836,13.039999961853027,12.960000038146973,13.020000457763672,15100,0.0,0.0
2026-04-20 00:00:00-04:00,13.015000343322754,13.119999885559082,12.859999656677246,12.9399995803833,5900,0.0,0.0
2026-04-21 00:00:00-04:00,12.880000114440918,12.949999809265137,12.819999694824219,12.869999885559082,7700,0.0,0.0
2026-04-22 00:00:00-04:00,12.859999656677246,13.050000190734863,12.859999656677246,13.050000190734863,7100,0.0,0.0
2026-04-23 00:00:00-04:00,13.029999732971191,13.119999885559082,12.770000457763672,13.050000190734863,6200,0.0,0.0
2026-04-24 00:00:00-04:00,13.010000228881836,13.239999771118164,12.960000038146973,13.239999771118164,16600,0.0,0.0
2026-04-27 00:00:00-04:00,13.100000381469727,13.142000198364258,12.954999923706055,12.960000038146973,14900,0.0,0.0
2026-04-28 00:00:00-04:00,13.050000190734863,13.196000099182129,12.899999618530273,13.130000114440918,12500,0.0,0.0
2026-04-29 00:00:00-04:00,13.069999694824219,13.09000015258789,12.96500015258789,13.020000457763672,6500,0.0,0.0
2026-04-30 00:00:00-04:00,12.880000114440918,13.104999542236328,12.880000114440918,12.880000114440918,9200,0.0,0.0
2026-05-01 00:00:00-04:00,12.800000190734863,13.015000343322754,12.770000457763672,12.899999618530273,4600,0.0,0.0
2026-05-04 00:00:00-04:00,12.770000457763672,13.050000190734863,12.770000457763672,12.880000114440918,11000,0.0,0.0
2026-05-05 00:00:00-04:00,13.045000076293945,13.045000076293945,12.84000015258789,12.880000114440918,11500,0.0,0.0
2026-05-06 00:00:00-04:00,12.899999618530273,12.9350004196167,12.800999641418457,12.899999618530273,10300,0.0,0.0
2026-05-07 00:00:00-04:00,13.029999732971191,13.069999694824219,12.800000190734863,12.920000076293945,13300,0.0,0.0
2026-05-08 00:00:00-04:00,12.850000381469727,13.005000114440918,12.8100004196167,12.8100004196167,23700,0.0,0.0
2026-05-11 00:00:00-04:00,13.260000228881836,13.697999954223633,13.100000381469727,13.369999885559082,58300,0.0,0.0
2026-05-12 00:00:00-04:00,13.555000305175781,13.699999809265137,13.460000038146973,13.680000305175781,29600,0.0,0.0
2026-05-13 00:00:00-04:00,13.529999732971191,13.850000381469727,13.399999618530273,13.720000267028809,18039,0.0,0.0
