Date,Open,High,Low,Close,Volume,Dividends,Stock Splits
2022-01-03 00:00:00-05:00,44.92093501699855,45.13860309832473,44.2225877248779,44.67605972290039,19300,0.0,0.0
2022-01-04 00:00:00-05:00,44.875588006042534,45.12046329739541,43.46075414257593,43.63307571411133,25800,0.0,0.0
2022-01-05 00:00:00-05:00,43.80539779231162,43.80539779231162,42.86217513126264,43.016357421875,27300,0.0,0.0
2022-01-06 00:00:00-05:00,43.13426235746514,43.261233977074305,42.61730450064661,42.96194076538086,20200,0.0,0.0
2022-01-07 00:00:00-05:00,42.85310661265962,43.16146772984839,42.091273467823655,42.11848068237305,20200,0.0,0.0
2022-01-10 00:00:00-05:00,41.93709547144401,42.49939982816623,41.59245575487107,41.79198455810547,18400,0.0,0.0
2022-01-11 00:00:00-05:00,42.000577885252525,42.000577885252525,40.81247999976142,41.7647705078125,30700,0.0,0.0
2022-01-12 00:00:00-05:00,41.86454126889667,41.86454126889667,41.10270805463884,41.356651306152344,28300,0.0,0.0
2022-01-13 00:00:00-05:00,41.28409070791224,41.89174151860453,41.28409070791224,41.63779830932617,20600,0.0,0.0
2022-01-14 00:00:00-05:00,41.83733623818567,41.98244716945044,41.06643160482113,41.4292106628418,20700,0.0,0.0
2022-01-18 00:00:00-05:00,41.31130685871522,41.31130685871522,40.41343405466081,40.52226638793945,28200,0.0,0.0
2022-01-19 00:00:00-05:00,40.948529044161496,40.948529044161496,40.41343186657985,40.458778381347656,20000,0.0,0.0
2022-01-20 00:00:00-05:00,41.18432770680971,41.45641022018586,40.17761929357278,40.3590087890625,29100,0.0,0.0
2022-01-21 00:00:00-05:00,40.22297055924188,41.10270746758782,40.22297055924188,40.4769172668457,39300,0.0,0.0
2022-01-24 00:00:00-05:00,40.4678397486767,41.655937617657266,40.359007438910446,41.33850860595703,36300,0.0,0.0
2022-01-25 00:00:00-05:00,41.09362975801977,41.628726802662854,40.6492257203807,41.16618347167969,19800,0.0,0.0
2022-01-26 00:00:00-05:00,41.38385331302352,41.94615759202296,40.36807360033966,41.25688171386719,41800,0.0,0.0
2022-01-27 00:00:00-05:00,41.32944336171287,41.70129031333473,40.32273483276367,40.32273483276367,23700,0.0,0.0
2022-01-28 00:00:00-05:00,40.33180089293073,40.848758697509766,39.77856449792448,40.848758697509766,16700,0.0,0.0
2022-01-31 00:00:00-05:00,40.69458274969367,41.35665155927558,40.11413905141458,41.19340133666992,29500,0.0,0.0
2022-02-01 00:00:00-05:00,41.00293374033132,41.030144410503674,39.7785608337867,39.92367172241211,34700,0.0,0.0
2022-02-02 00:00:00-05:00,40.195760086251916,40.195760086251916,39.551830640010195,39.8420524597168,26300,0.0,0.0
2022-02-03 00:00:00-05:00,39.45206677970454,39.95088532290682,39.15277357795295,39.207191467285156,22100,0.0,0.0
2022-02-04 00:00:00-05:00,39.06208257890822,39.46113674219808,38.20955636017739,39.12556838989258,28400,0.0,0.0
2022-02-07 00:00:00-05:00,38.9079017252506,39.37044167556475,38.5541906341668,39.207191467285156,23600,0.0,0.0
2022-02-08 00:00:00-05:00,39.01673827846103,39.83298594872461,39.01673827846103,39.6515998840332,24600,0.0,0.0
2022-02-09 00:00:00-05:00,39.78763930418196,39.87833579595246,39.12557048298564,39.49741744995117,30900,0.0,0.0
2022-02-10 00:00:00-05:00,39.11649475124299,39.51554885618109,38.20955077297908,38.2821044921875,30600,0.0,0.0
2022-02-11 00:00:00-05:00,38.20956060390817,39.03487969808582,38.18234992495186,38.799072265625,21200,0.0,0.0
2022-02-14 00:00:00-05:00,38.79906908663391,38.907904874106514,38.182346796491736,38.62675094604492,34500,0.0,0.0
2022-02-15 00:00:00-05:00,38.86255620004701,39.57904292282512,38.86255620004701,39.02580642700195,30600,0.0,0.0
2022-02-16 00:00:00-05:00,39.02579954230453,39.388578529253444,38.71743844131301,39.30695343017578,20500,0.0,0.0
2022-02-17 00:00:00-05:00,38.99858495589809,39.261599498723236,38.94416708022924,39.14369583129883,16300,0.0,0.0
2022-02-18 00:00:00-05:00,39.01673620057486,39.66066569120136,39.01673620057486,39.27975082397461,18800,0.0,0.0
2022-02-22 00:00:00-05:00,39.098361556930676,39.64252664490704,38.77186112025795,39.11650085449219,19500,0.0,0.0
2022-02-23 00:00:00-05:00,39.179986666098856,39.660665942468555,38.681168092167646,39.11650085449219,36400,0.0,0.0
2022-02-24 00:00:00-05:00,38.5995458096789,39.225336052650626,38.38187768271796,38.998600006103516,32600,0.0,0.0
2022-02-25 00:00:00-05:00,39.139812108302294,40.0508878285634,38.91204317823702,39.959781646728516,42100,0.195,0.0
2022-02-28 00:00:00-05:00,39.78666774730939,40.916402962694576,39.78666774730939,40.87995910644531,70500,0.0,0.0
2022-03-01 00:00:00-05:00,40.52464951955814,41.10773745177825,39.51335486659216,39.75023651123047,34500,0.0,0.0
2022-03-02 00:00:00-05:00,39.97800007026503,40.73419104448011,39.97800007026503,40.63397216796875,17700,0.0,0.0
2022-03-03 00:00:00-05:00,40.52465107133996,42.146364879361066,40.52465107133996,41.78193664550781,41800,0.0,0.0
2022-03-04 00:00:00-05:00,41.92770475546644,42.63834269989668,40.870857066746446,42.529014587402344,42100,0.0,0.0
2022-03-07 00:00:00-05:00,42.40146814844793,43.68608487477495,40.98018866327574,43.440093994140625,29200,0.0,0.0
2022-03-08 00:00:00-05:00,43.67697869775741,43.67697869775741,41.45395468661464,42.08259582519531,37300,0.0,0.0
2022-03-09 00:00:00-05:00,42.365025183063224,43.257879060186504,40.524651629021136,40.71597671508789,23000,0.0,0.0
2022-03-10 00:00:00-05:00,40.31510548424066,40.34243664699212,39.52247048514211,40.23310852050781,18300,0.0,0.0
2022-03-11 00:00:00-05:00,40.114665573235335,40.34243451875764,39.577130722783565,39.85045623779297,24800,0.0,0.0
2022-03-14 00:00:00-04:00,39.795789604282994,40.3424336718698,39.212701672062884,39.75023651123047,35500,0.0,0.0
2022-03-15 00:00:00-04:00,40.08732807773981,40.24220926799267,39.64089948584568,40.13288116455078,40600,0.0,0.0
2022-03-16 00:00:00-04:00,40.31510381420254,40.998410658511055,39.44958111631608,40.03266906738281,44500,0.0,0.0
2022-03-17 00:00:00-04:00,39.959778130814186,40.54286598440105,39.57712455472422,39.88689041137695,30700,0.0,0.0
2022-03-18 00:00:00-04:00,40.03266412799372,40.32420806755524,39.085148062157735,39.25825119018555,319000,0.0,0.0
2022-03-21 00:00:00-04:00,39.64089748049446,40.30598572110466,39.568013240379514,40.08732604980469,79800,0.0,0.0
2022-03-22 00:00:00-04:00,40.269555167105636,40.63398343903116,39.73202025119767,40.041786193847656,90100,0.0,0.0
2022-03-23 00:00:00-04:00,39.7229073426412,40.72509290513291,39.7229073426412,40.369773864746094,80600,0.0,0.0
2022-03-24 00:00:00-04:00,40.670424548526825,40.86174963896321,39.84134568115732,40.1511116027832,50400,0.0,0.0
2022-03-25 00:00:00-04:00,40.46998264201479,41.289952196979115,40.342432594682144,40.7250862121582,29200,0.0,0.0
2022-03-28 00:00:00-04:00,40.77064022123363,40.96196529653694,40.42443045962892,40.661312103271484,24600,0.0,0.0
2022-03-29 00:00:00-04:00,40.961970977032955,41.62705595637537,40.870864778676506,41.45395278930664,21000,0.0,0.0
2022-03-30 00:00:00-04:00,41.599715102437784,41.699933982573825,41.253505373461806,41.408390045166016,23300,0.0,0.0
2022-03-31 00:00:00-04:00,41.53593908130038,41.69082027379022,40.861741570136026,40.971073150634766,29400,0.0,0.0
2022-04-01 00:00:00-04:00,38.72071758939774,40.06910922015941,38.62961140879037,39.78667449951172,358100,0.0,0.0
2022-04-04 00:00:00-04:00,39.74112324102423,39.832232901309204,38.53850352908796,39.0760383605957,82300,0.0,0.0
2022-04-05 00:00:00-04:00,38.93026512938142,39.81400969063446,38.93026512938142,39.29469680786133,67000,0.0,0.0
2022-04-06 00:00:00-04:00,39.21269983415265,40.08733169148858,39.06692785793,39.959781646728516,61100,0.0,0.0
2022-04-07 00:00:00-04:00,39.9324509038653,40.44265108822818,39.63179424481309,39.64090347290039,68600,0.0,0.0
2022-04-08 00:00:00-04:00,39.823118231575165,40.34243110538875,39.34935844791614,39.44957733154297,45600,0.0,0.0
2022-04-11 00:00:00-04:00,39.449583177576116,39.449583177576116,38.966714094521016,38.99404525756836,34400,0.0,0.0
2022-04-12 00:00:00-04:00,39.076038206716184,39.640904196345915,38.966710090282916,39.40402603149414,45000,0.0,0.0
2022-04-13 00:00:00-04:00,39.63179774043164,39.63179774043164,38.44739988236499,38.711612701416016,53300,0.0,0.0
2022-04-14 00:00:00-04:00,38.839160240326144,39.06692917808824,37.71853748359403,37.82786560058594,48900,0.0,0.0
2022-04-18 00:00:00-04:00,37.73675201707374,37.88252745854569,36.86212022110897,37.40876770019531,51000,0.0,0.0
2022-04-19 00:00:00-04:00,37.49077503101654,38.38362900443317,37.35411225452797,38.137638092041016,47200,0.0,0.0
2022-04-20 00:00:00-04:00,38.25607332979251,39.13981446840976,38.25607332979251,38.68427658081055,34700,0.0,0.0
2022-04-21 00:00:00-04:00,38.60227584325391,38.60227584325391,37.891637920316406,37.937191009521484,37600,0.0,0.0
2022-04-22 00:00:00-04:00,37.89164282304797,38.101189840886605,37.47254878737068,37.545433044433594,56000,0.0,0.0
2022-04-25 00:00:00-04:00,37.472546193312304,37.472546193312304,35.91460403513625,36.242591857910156,42100,0.0,0.0
2022-04-26 00:00:00-04:00,36.19704271644376,36.43392438117914,35.85083292401125,35.996604919433594,42000,0.0,0.0
2022-04-27 00:00:00-04:00,35.92371104452495,36.215254957338274,35.41350745936285,35.86904525756836,61500,0.0,0.0
2022-04-28 00:00:00-04:00,36.260811763419696,36.734571539231524,36.01482091008599,36.19703674316406,46900,0.0,0.0
2022-04-29 00:00:00-04:00,36.17882066606317,36.17882066606317,35.149307472230376,35.240413665771484,50900,0.0,0.0
2022-05-02 00:00:00-04:00,35.21307509020319,36.242588067316206,35.15840930029896,35.413509368896484,96400,0.0,0.0
2022-05-03 00:00:00-04:00,35.295072975702894,35.969267025057505,34.73020355810779,35.267738342285156,73700,0.0,0.0
2022-05-04 00:00:00-04:00,35.56839678960161,36.56146945914021,35.3588497919622,36.470359802246094,40700,0.0,0.0
2022-05-05 00:00:00-04:00,36.47036465596891,36.634358584725696,34.9944227726363,35.240413665771484,48700,0.0,0.0
2022-05-06 00:00:00-04:00,35.20396322954773,35.513729095458984,34.71198153507495,35.513729095458984,36000,0.0,0.0
2022-05-09 00:00:00-04:00,35.41350625716693,36.388356834194894,35.11285312780602,36.087703704833984,56600,0.0,0.0
2022-05-10 00:00:00-04:00,36.34280950190808,36.67990654134516,35.632171560533145,35.796165466308594,46800,0.0,0.0
2022-05-11 00:00:00-04:00,35.76883198101571,36.79834853913571,35.76883198101571,36.406585693359375,51200,0.0,0.0
2022-05-12 00:00:00-04:00,36.397481201791564,36.68902519814984,35.85994630685376,36.34281539916992,43900,0.0,0.0
2022-05-13 00:00:00-04:00,36.37925821559838,36.6890241372063,35.82350140252428,36.1514892578125,28300,0.0,0.0
2022-05-16 00:00:00-04:00,35.9510535684847,36.5250323488574,35.9510535684847,36.033050537109375,28300,0.0,0.0
2022-05-17 00:00:00-04:00,36.087717430328716,36.33370834362571,35.76883877584204,36.14237976074219,56300,0.0,0.0
2022-05-18 00:00:00-04:00,36.41569337840825,37.590978278287906,36.096814828443414,36.543243408203125,71000,0.0,0.0
2022-05-19 00:00:00-04:00,36.44302541132046,36.734569336572804,35.869046787958396,36.561466217041016,47200,0.0,0.0
2022-05-20 00:00:00-04:00,36.57969609439139,36.67991151664479,35.914607677712134,36.48858642578125,33800,0.0,0.0
2022-05-23 00:00:00-04:00,36.461259624349154,36.84390985184798,36.32459684282592,36.5797004699707,24800,0.0,0.0
2022-05-24 00:00:00-04:00,36.39747507591505,37.07166915071887,35.91460258939015,36.95323181152344,25400,0.0,0.0
2022-05-25 00:00:00-04:00,36.95323120291496,37.335881324126674,36.816568459351956,36.94411849975586,30900,0.0,0.0
2022-05-26 00:00:00-04:00,37.035233964133226,37.035233964133226,36.45214251220184,36.57058334350586,24600,0.0,0.0
2022-05-27 00:00:00-04:00,36.67079362799155,37.3176564827185,36.48857780927867,36.798343658447266,30900,0.0,0.0
2022-05-31 00:00:00-04:00,36.652569786917304,37.363207619808016,36.05126004936113,37.33587646484375,41500,0.0,0.0
2022-06-01 00:00:00-04:00,37.27210637308703,37.49987529579606,36.91678740973741,37.44520950317383,28800,0.0,0.0
2022-06-02 00:00:00-04:00,37.34499933327097,38.064746588594545,35.54106615403902,38.05563735961914,25500,0.0,0.0
2022-06-03 00:00:00-04:00,37.76408777542562,38.12851596353168,37.518096923828125,37.518096923828125,22400,0.0,0.0
2022-06-06 00:00:00-04:00,37.80053340460506,38.128517746595186,37.42699249592807,37.554542541503906,32700,0.0,0.0
2022-06-07 00:00:00-04:00,37.52720436415867,37.672976327554046,36.98966959748612,37.56364822387695,25900,0.0,0.0
2022-06-08 00:00:00-04:00,37.39965896736833,37.445212059924906,36.80746181317652,37.08078384399414,35300,0.0,0.0
2022-06-09 00:00:00-04:00,37.08078816954715,37.0898973989298,36.588806371397794,36.67991256713867,29800,0.0,0.0
2022-06-10 00:00:00-04:00,36.780127412896746,36.780127412896746,36.0421582725091,36.588802337646484,23800,0.0,0.0
2022-06-13 00:00:00-04:00,36.06038222963564,36.06038222963564,34.866871667310264,35.04908752441406,45000,0.0,0.0
2022-06-14 00:00:00-04:00,34.87598006655257,35.47728994785595,34.18356399660378,34.94886779785156,66300,0.0,0.0
2022-06-15 00:00:00-04:00,35.09464254178265,35.75061827308954,34.620882677558626,35.258636474609375,36300,0.0,0.0
2022-06-16 00:00:00-04:00,34.97618857020966,35.63216405513983,34.52976351278118,35.386173248291016,41400,0.0,0.0
2022-06-17 00:00:00-04:00,35.70506199972751,36.07860296642077,34.72110186997788,34.76665496826172,214700,0.0,0.0
2022-06-21 00:00:00-04:00,35.02175048839824,35.62306034282647,34.71198459517896,35.08552551269531,76000,0.0,0.0
2022-06-22 00:00:00-04:00,34.912419892405055,35.777942486298166,34.70287290238511,35.52284240722656,42600,0.0,0.0
2022-06-23 00:00:00-04:00,35.58661654006414,36.2790325126347,35.58661654006414,36.25170135498047,44800,0.0,0.0
2022-06-24 00:00:00-04:00,36.43392013448724,36.69812945600285,36.0785976788001,36.233482360839844,174100,0.0,0.0
2022-06-27 00:00:00-04:00,36.43392274190525,37.04434185918465,36.4157008088625,36.871238708496094,35400,0.0,0.0
2022-06-28 00:00:00-04:00,36.59790991847598,37.2994386382907,36.28814751086023,36.306365966796875,38500,0.0,0.0
2022-06-29 00:00:00-04:00,36.33841213295682,36.38419272165803,35.98134589352617,36.256011962890625,27700,0.195,0.0
2022-06-30 00:00:00-04:00,36.18277060827307,37.015926361083984,36.18277060827307,37.015926361083984,36100,0.0,0.0
2022-07-01 00:00:00-04:00,36.88774195163816,37.80329770029594,36.88774195163816,37.62018585205078,40900,0.0,0.0
2022-07-05 00:00:00-04:00,37.52863509542708,37.52863509542708,36.082055204240895,37.49201202392578,52000,0.0,0.0
2022-07-06 00:00:00-04:00,37.34552183116455,38.13290037609792,37.00676367132321,38.059654235839844,26800,0.0,0.0
2022-07-07 00:00:00-04:00,38.03219458233276,38.97521608282438,37.95894843070647,38.123748779296875,52400,0.0,0.0
2022-07-08 00:00:00-04:00,37.84907387612793,37.98640863214068,37.180718614839606,37.94062805175781,31500,0.0,0.0
2022-07-11 00:00:00-04:00,37.784989875631126,37.995567299387,37.44623519329067,37.51947784423828,23000,0.0,0.0
2022-07-12 00:00:00-04:00,37.40960883963365,37.8032980950732,36.91520789197913,37.07085418701172,16000,0.0,0.0
2022-07-13 00:00:00-04:00,36.70463513113227,37.85823399572918,36.640546499352915,37.42792510986328,16600,0.0,0.0
2022-07-14 00:00:00-04:00,37.162417479187575,37.400460497970094,36.722951026579835,37.28144073486328,23600,0.0,0.0
2022-07-15 00:00:00-04:00,37.638496532556275,37.99556270762429,37.17156115549201,37.73920822143555,38200,0.0,0.0
2022-07-18 00:00:00-04:00,37.76668094176287,38.0505045285893,37.40961469894263,37.81245803833008,31300,0.0,0.0
2022-07-19 00:00:00-04:00,37.849077927020815,38.6730795661523,37.849077927020815,38.14205551147461,34300,0.0,0.0
2022-07-20 00:00:00-04:00,38.16036494208266,38.17867647667197,37.839921818190106,38.077964782714844,26500,0.0,0.0
2022-07-21 00:00:00-04:00,37.79413927520925,38.05049725359518,37.39129601284267,37.94062805175781,39600,0.0,0.0
2022-07-22 00:00:00-04:00,38.10543441772461,38.42588106849096,37.58356785004895,38.10543441772461,32500,0.0,0.0
2022-07-25 00:00:00-04:00,38.233609726267545,38.81041087410258,38.233609726267545,38.61814498901367,32000,0.0,0.0
2022-07-26 00:00:00-04:00,38.60898807971616,38.77378841025055,38.242767839415116,38.471656799316406,19900,0.0,0.0
2022-07-27 00:00:00-04:00,38.37093932606011,38.590674231240996,38.041338714572696,38.50827407836914,44200,0.0,0.0
2022-07-28 00:00:00-04:00,38.608994105604104,39.204106891256856,38.590686059414736,38.938594818115234,20200,0.0,0.0
2022-07-29 00:00:00-04:00,38.746332094737184,39.7259767973811,38.72802055446908,39.35975646972656,52300,0.0,0.0
2022-08-01 00:00:00-04:00,39.249884517412205,39.7809086708057,39.066772619946555,39.44215393066406,43600,0.0,0.0
2022-08-02 00:00:00-04:00,39.24987964790152,39.625257419479084,39.085079309885174,39.185791015625,14900,0.0,0.0
2022-08-03 00:00:00-04:00,39.1400134227141,39.268190685638345,38.792101214370796,38.95690155029297,30700,0.0,0.0
2022-08-04 00:00:00-04:00,39.17663465924019,39.70765522254365,38.8104109315653,39.5703239440918,27200,0.0,0.0
2022-08-05 00:00:00-04:00,39.49707974069819,39.49707974069819,38.37094643777589,38.7554817199707,31300,0.0,0.0
2022-08-08 00:00:00-04:00,38.98437109693176,39.79005775771782,38.764636148719234,39.66188049316406,38100,0.0,0.0
2022-08-09 00:00:00-04:00,39.56117037538919,39.72597072002146,38.87450343694428,39.194950103759766,31900,0.0,0.0
2022-08-10 00:00:00-04:00,39.20409656933978,39.606939838251826,39.08507334503268,39.497074127197266,25700,0.0,0.0
2022-08-11 00:00:00-04:00,39.46044989431556,40.586586496507344,39.46044989431556,39.96400833129883,52800,0.0,0.0
2022-08-12 00:00:00-04:00,40.10135624264774,41.35566711425781,40.028113571220025,41.35566711425781,54200,0.0,0.0
2022-08-15 00:00:00-04:00,41.364816700611506,42.3810843295318,41.364816700611506,42.280372619628906,50200,0.0,0.0
2022-08-16 00:00:00-04:00,42.28037960717093,42.8846464738849,42.11557923510628,42.4268684387207,31400,0.0,0.0
2022-08-17 00:00:00-04:00,42.14303322852283,42.14303322852283,41.373966200904356,41.54792404174805,35400,0.0,0.0
2022-08-18 00:00:00-04:00,41.58454938877087,42.05148487704562,41.47468365317571,41.987396240234375,22900,0.0,0.0
2022-08-19 00:00:00-04:00,41.93245209303715,42.18881007456927,41.24578528968206,41.64863204956055,33100,0.0,0.0
2022-08-22 00:00:00-04:00,41.43805493714703,41.43805493714703,40.68729944305317,40.99858856201172,31100,0.0,0.0
2022-08-23 00:00:00-04:00,40.74223968964658,40.76055122771647,39.73512954378395,40.256996154785156,33300,0.0,0.0
2022-08-24 00:00:00-04:00,40.13797820792301,40.41264433013147,39.854154569185035,40.29362106323242,41300,0.0,0.0
2022-08-25 00:00:00-04:00,40.21121265296696,40.98943724805246,40.09219290298009,40.91619110107422,17400,0.0,0.0
2022-08-26 00:00:00-04:00,41.03521795170189,41.09015256676577,40.33023944160852,40.41263961791992,28400,0.0,0.0
2022-08-29 00:00:00-04:00,40.50419825068989,41.41059671860401,40.42179807246416,40.870418548583984,143400,0.0,0.0
2022-08-30 00:00:00-04:00,40.97112518087598,41.886681050839684,40.376012468372174,40.385169982910156,35400,0.0,0.0
2022-08-31 00:00:00-04:00,40.348550352565844,40.87957447888638,40.00979562969478,40.256996154785156,82400,0.0,0.0
2022-09-01 00:00:00-04:00,40.13796702034503,40.467567672153926,39.5428543442936,40.018943786621094,67800,0.0,0.0
2022-09-02 00:00:00-04:00,39.98232499594192,40.59574927304604,39.71681643584507,39.94570541381836,26100,0.0,0.0
2022-09-06 00:00:00-04:00,39.90908468622404,40.11966213923553,39.59779551817035,39.735130310058594,23600,0.0,0.0
2022-09-07 00:00:00-04:00,39.87245541118799,40.70561107079246,39.73512413321679,40.62321090698242,28900,0.0,0.0
2022-09-08 00:00:00-04:00,40.53165297359299,40.74223037439745,40.1654292810656,40.24782943725586,22300,0.0,0.0
2022-09-09 00:00:00-04:00,40.266145635266916,40.513346132471554,40.119656839801394,40.30276870727539,24000,0.0,0.0
2022-09-12 00:00:00-04:00,40.27530623210581,40.4034835013774,40.07388281321122,40.348548889160156,32900,0.0,0.0
2022-09-13 00:00:00-04:00,39.88161857584453,41.02606351726211,39.826683961331725,40.76055145263672,64600,0.0,0.0
2022-09-14 00:00:00-04:00,40.77885424278824,42.30783068008785,40.77885424278824,42.20711898803711,79700,0.0,0.0
2022-09-15 00:00:00-04:00,42.20712635871585,42.55503858494705,41.29157044210536,41.40143966674805,53400,0.0,0.0
2022-09-16 00:00:00-04:00,41.45637232930186,43.21424157074888,40.61406253110656,40.65983963012695,350900,0.0,0.0
2022-09-19 00:00:00-04:00,40.81547966685848,40.94365692138672,39.85414327276021,40.94365692138672,58200,0.0,0.0
2022-09-20 00:00:00-04:00,40.80632534463479,40.80632534463479,39.46961459633342,39.66188049316406,33300,0.0,0.0
2022-09-21 00:00:00-04:00,39.964012548484746,40.156278430584656,38.654767459306456,38.76463317871094,82100,0.0,0.0
2022-09-22 00:00:00-04:00,38.67307971862861,39.094234561370385,38.15120968340889,38.71885681152344,56700,0.0,0.0
2022-09-23 00:00:00-04:00,38.58152042389754,38.58152042389754,37.65681061291667,38.23360824584961,47400,0.0,0.0
2022-09-26 00:00:00-04:00,38.05050353048224,38.11459216250893,37.02507843291818,37.354679107666016,51400,0.0,0.0
2022-09-27 00:00:00-04:00,37.391300495920916,37.519477754197894,36.19192109298794,36.265167236328125,44800,0.0,0.0
2022-09-28 00:00:00-04:00,36.448281834221845,37.208191419212135,36.054592515678806,36.96099090576172,44700,0.0,0.0
2022-09-29 00:00:00-04:00,36.643595388195415,36.643595388195415,35.281992533777235,35.52119445800781,65900,0.195,0.0
2022-09-30 00:00:00-04:00,35.456791354756696,35.870791945882715,35.23598986964931,35.3555908203125,70900,0.0,0.0
2022-10-03 00:00:00-04:00,35.76959150852442,36.6159895997722,35.47519186726254,36.29399108886719,139400,0.0,0.0
2022-10-04 00:00:00-04:00,36.53319464485597,37.25079694268687,36.53319464485597,37.057594299316406,83300,0.0,0.0
2022-10-05 00:00:00-04:00,36.62519327887266,36.75399268927002,35.318791738726404,35.69599151611328,65100,0.0,0.0
2022-10-06 00:00:00-04:00,35.42919199341976,35.67759236925337,34.9599936231924,35.13479232788086,54400,0.0,0.0
2022-10-07 00:00:00-04:00,34.766793153889786,34.766793153889786,33.901991099040025,34.49999237060547,61500,0.0,0.0
2022-10-10 00:00:00-04:00,34.444792453738906,35.51199211869763,34.444792453738906,35.13479232788086,47200,0.0,0.0
2022-10-11 00:00:00-04:00,34.94159149240919,36.06399235570154,34.803593630058586,35.6039924621582,91400,0.0,0.0
2022-10-12 00:00:00-04:00,35.86158675879555,35.86158675879555,34.50918611921473,34.57358932495117,38300,0.0,0.0
2022-10-13 00:00:00-04:00,34.11358851972208,35.99958708998802,33.901985513003346,35.58558654785156,77500,0.0,0.0
2022-10-14 00:00:00-04:00,36.11918544286895,36.65278693519448,35.13478607828793,35.576385498046875,71600,0.0,0.0
2022-10-17 00:00:00-04:00,35.80639216889823,38.61239449483657,35.80639216889823,37.333595275878906,161300,0.0,0.0
2022-10-18 00:00:00-04:00,37.51758743459739,38.492788400602045,37.3519872043415,38.023590087890625,94400,0.0,0.0
2022-10-19 00:00:00-04:00,37.71079177845434,38.30878951788161,37.499188744872995,38.299591064453125,82300,0.0,0.0
2022-10-20 00:00:00-04:00,38.04197826815654,38.22597887173865,36.98398093921875,37.121978759765625,85200,0.0,0.0
2022-10-21 00:00:00-04:00,37.4991896242954,38.538790362122796,37.140390270320445,38.225990295410156,377900,0.0,0.0
2022-10-24 00:00:00-04:00,38.43758729136569,38.82398899985037,38.05118909240143,38.474388122558594,51900,0.0,0.0
2022-10-25 00:00:00-04:00,38.72278436231513,39.43118449481153,38.520383321739004,39.32078552246094,92200,0.0,0.0
2022-10-26 00:00:00-04:00,39.52318519733076,39.60598530846496,38.6583867662227,38.87918472290039,31800,0.0,0.0
2022-10-27 00:00:00-04:00,39.09998790114703,40.22238867688531,39.09998790114703,39.449588775634766,46900,0.0,0.0
2022-10-28 00:00:00-04:00,39.45878983848481,40.397190031322516,39.45878983848481,40.139591217041016,46800,0.0,0.0
2022-10-31 00:00:00-04:00,40.415598126386094,40.452398966709566,39.863599559619274,40.075199127197266,38600,0.0,0.0
2022-11-01 00:00:00-04:00,40.32359404033292,40.32359404033292,39.440391540527344,39.440391540527344,24700,0.0,0.0
2022-11-02 00:00:00-04:00,39.21959005665814,39.973989565731685,38.85158875536936,38.888389587402344,36000,0.0,0.0
2022-11-03 00:00:00-04:00,38.73198780602244,38.980388157964285,38.06959037703134,38.888389587402344,35000,0.0,0.0
2022-11-04 00:00:00-04:00,39.311585203877044,40.912386162705154,39.19198426494524,40.893985748291016,42000,0.0,0.0
2022-11-07 00:00:00-05:00,40.7099802002799,40.903179264030385,39.26558118354003,40.157981872558594,34000,0.0,0.0
2022-11-08 00:00:00-05:00,39.99239867488225,40.31439725136227,39.73479630417696,39.881996154785156,33400,0.0,0.0
2022-11-09 00:00:00-05:00,39.55998831286197,40.820386957838586,39.55998831286197,40.28678894042969,46300,0.0,0.0
2022-11-10 00:00:00-05:00,41.22518515224944,41.777183532714844,40.75598337028574,41.777183532714844,50800,0.0,0.0
2022-11-11 00:00:00-05:00,41.933583110503534,41.933583110503534,39.8083827884123,40.30518341064453,36000,0.0,0.0
2022-11-14 00:00:00-05:00,40.25919331365085,40.930796316248355,40.25919331365085,40.61799621582031,34600,0.0,0.0
2022-11-15 00:00:00-05:00,40.755990702727296,40.86638969677832,40.29599079974049,40.51679229736328,25700,0.0,0.0
2022-11-16 00:00:00-05:00,40.29598331355032,40.88478251846297,40.29598331355032,40.774383544921875,44100,0.0,0.0
2022-11-17 00:00:00-05:00,40.43398757635859,40.48918531234674,39.84518832901607,40.42478561401367,38000,0.0,0.0
2022-11-18 00:00:00-05:00,41.0135943734712,41.30799404022969,40.617994163229326,41.08719253540039,88200,0.0,0.0
2022-11-21 00:00:00-05:00,41.050393431669804,41.657593208668196,40.9583948479965,41.49199295043945,54900,0.0,0.0
2022-11-22 00:00:00-05:00,41.75879375642143,41.75879375642143,41.16079594350297,41.49199295043945,35000,0.0,0.0
2022-11-23 00:00:00-05:00,41.62998193874903,41.62998193874903,40.884780998628216,41.501182556152344,30800,0.0,0.0
2022-11-25 00:00:00-05:00,41.56558411132817,42.20038260095739,41.56558411132817,41.97038269042969,11400,0.0,0.0
2022-11-28 00:00:00-05:00,41.87838407987832,42.1267844040932,41.26198249545174,41.841583251953125,91100,0.0,0.0
2022-11-29 00:00:00-05:00,41.69438411853264,41.823183508816584,41.188385009765625,41.188385009765625,35500,0.0,0.0
2022-11-30 00:00:00-05:00,41.041188345073884,42.329185855971595,40.58118848199889,42.034786224365234,86000,0.0,0.0
2022-12-01 00:00:00-05:00,42.393588615331744,42.46718676769149,41.97958804105694,42.07158660888672,30300,0.0,0.0
2022-12-02 00:00:00-05:00,41.905988518784376,42.54998905503497,41.7495902435844,42.11758804321289,27800,0.0,0.0
2022-12-05 00:00:00-05:00,42.117591406673746,42.31079403964226,41.75879203183643,42.15439224243164,42400,0.0,0.0
2022-12-06 00:00:00-05:00,42.310795263503955,42.46719355571762,41.9151950414658,42.14519500732422,37000,0.0,0.0
2022-12-07 00:00:00-05:00,42.007186949026725,42.50398763862393,41.93358879659773,42.20038604736328,21500,0.0,0.0
2022-12-08 00:00:00-05:00,42.09919021475472,42.87199020385742,41.583992561700114,42.87199020385742,27000,0.0,0.0
2022-12-09 00:00:00-05:00,42.59598752594486,43.21238918054258,42.347587173452084,42.513187408447266,20300,0.0,0.0
2022-12-12 00:00:00-05:00,42.77998172413249,42.77998172413249,42.191182537194514,42.50398254394531,31300,0.0,0.0
2022-12-13 00:00:00-05:00,42.77998686897012,43.35958767373156,42.5591853925542,42.75238800048828,77700,0.0,0.0
2022-12-14 00:00:00-05:00,42.75238710177124,43.451585328269424,42.08078774317473,42.33838653564453,46300,0.0,0.0
2022-12-15 00:00:00-05:00,42.00718979593916,42.00718979593916,41.06878959960951,41.39999008178711,27900,0.0,0.0
2022-12-16 00:00:00-05:00,41.344784643116746,41.94278584308093,40.91238717698538,41.62998580932617,101700,0.0,0.0
2022-12-19 00:00:00-05:00,41.629988315525324,42.12678901837121,40.89398922400577,41.31718826293945,37600,0.0,0.0
2022-12-20 00:00:00-05:00,41.133183446703654,41.8415835972695,40.89398508225604,41.547183990478516,22200,0.0,0.0
2022-12-21 00:00:00-05:00,41.81398781134702,42.44878635222145,41.777186980406945,42.07158660888672,31200,0.0,0.0
2022-12-22 00:00:00-05:00,42.0255902438992,42.0255902438992,40.92158980566047,41.52878952026367,19500,0.0,0.0
2022-12-23 00:00:00-05:00,41.61159639352655,42.10839719778204,41.38159641113285,41.8599967956543,25100,0.0,0.0
2022-12-27 00:00:00-05:00,41.94279010260665,42.18198850117209,41.40918854573819,42.08079147338867,21200,0.0,0.0
2022-12-28 00:00:00-05:00,41.942779381649,42.430378017275025,41.583980120752884,41.62078094482422,34700,0.0,0.0
2022-12-29 00:00:00-05:00,41.80839397937442,42.22425713153209,41.60508059807812,41.94701385498047,29100,0.203,0.0
2022-12-30 00:00:00-05:00,41.845354679768064,41.96549471843162,41.503421443167966,41.568111419677734,24600,0.0,0.0
2023-01-03 00:00:00-05:00,41.83610381390421,42.09486365220727,41.207684042021,41.799137115478516,32900,0.0,0.0
2023-01-04 00:00:00-05:00,41.72522735595703,42.13185065862111,41.22618726268286,41.72522735595703,44700,0.0,0.0
2023-01-05 00:00:00-05:00,41.39252598638096,41.39252598638096,40.6254826361147,40.773345947265625,35400,0.0,0.0
2023-01-06 00:00:00-05:00,41.179973344752064,41.706736619347645,41.03211003127505,41.30010986328125,39700,0.0,0.0
2023-01-09 00:00:00-05:00,41.152239609690845,41.89155957773287,40.86575647114649,41.17072296142578,46300,0.0,0.0
2023-01-10 00:00:00-05:00,40.995148869735246,41.355565524779486,40.69942220275843,41.096805572509766,52000,0.0,0.0
2023-01-11 00:00:00-05:00,41.2631410566386,41.82686743878872,40.8380310036432,41.447967529296875,30400,0.0,0.0
2023-01-12 00:00:00-05:00,41.521902309680314,42.01169882400795,41.34631574472151,41.84535217285156,27700,0.0,0.0
2023-01-13 00:00:00-05:00,41.715974924479696,42.13184157925603,41.33707497798111,41.983978271484375,36400,0.0,0.0
2023-01-17 00:00:00-05:00,42.298186165988355,43.32398935566359,42.24273610629215,43.092952728271484,45400,0.0,0.0
2023-01-18 00:00:00-05:00,43.04674769134423,43.092954313454534,42.168807769891174,42.40908432006836,41500,0.0,0.0
2023-01-19 00:00:00-05:00,42.3536444718005,42.917370991108065,42.3536444718005,42.898887634277344,32900,0.0,0.0
2023-01-20 00:00:00-05:00,43.12067814831077,43.12067814831077,41.734458314749126,42.10411834716797,47400,0.0,0.0
2023-01-23 00:00:00-05:00,42.104119771965294,42.104119771965294,41.392526476949385,41.78066635131836,45200,0.0,0.0
2023-01-24 00:00:00-05:00,41.568107130270015,42.10411376642827,41.27238054664441,41.99321365356445,20200,0.0,0.0
2023-01-25 00:00:00-05:00,41.73445772887974,42.298187684002116,41.577354508777724,42.288944244384766,21000,0.0,0.0
2023-01-26 00:00:00-05:00,42.168808753065065,42.28894526828501,41.90080540310171,42.09487533569336,28700,0.0,0.0
2023-01-27 00:00:00-05:00,42.01169158582148,42.23348825759639,41.35554853338422,41.42023849487305,33800,0.0,0.0
2023-01-30 00:00:00-05:00,41.2908648516214,41.97473127003448,41.133758117441715,41.143001556396484,34400,0.0,0.0
2023-01-31 00:00:00-05:00,41.475701006693136,42.04867092004705,41.392527670453084,42.002464294433594,38100,0.0,0.0
2023-02-01 00:00:00-05:00,41.7344551385833,42.806464920606324,41.568108489188425,42.39059829711914,41800,0.0,0.0
2023-02-02 00:00:00-05:00,42.40908430886963,43.10219421635912,42.11335769703459,43.06522750854492,37500,0.0,0.0
2023-02-03 00:00:00-05:00,42.80647437546361,42.9543377047695,42.14108763091718,42.898887634277344,39600,0.0,0.0
2023-02-06 00:00:00-05:00,42.898872480670526,43.06521910804682,42.20576270838218,42.538455963134766,49200,0.0,0.0
2023-02-07 00:00:00-05:00,42.335157639393785,42.418330975633836,41.27238762358645,42.002464294433594,53800,0.0,0.0
2023-02-08 00:00:00-05:00,41.61431723847642,41.97473382216738,40.856517363705876,40.865760803222656,50500,0.0,0.0
2023-02-09 00:00:00-05:00,40.93044904603057,41.401762206598995,39.57195257238299,39.876922607421875,48500,0.0,0.0
2023-02-10 00:00:00-05:00,40.08023528115757,40.449895314934096,39.932371972714826,40.19113540649414,58900,0.0,0.0
2023-02-13 00:00:00-05:00,40.23734096649767,40.93969078171303,39.830714235016806,40.921207427978516,62500,0.0,0.0
2023-02-14 00:00:00-05:00,40.92120898481244,41.29086902288786,40.49610240876328,41.07831573486328,44500,0.0,0.0
2023-02-15 00:00:00-05:00,40.66244922648217,41.45721584359953,40.66244922648217,41.37404251098633,45000,0.0,0.0
2023-02-16 00:00:00-05:00,41.18920750631031,41.72521414613368,40.819547511581156,41.27238082885742,46800,0.0,0.0
2023-02-17 00:00:00-05:00,41.52190664591512,42.64012317575851,41.37404333226094,42.316673278808594,44900,0.0,0.0
2023-02-21 00:00:00-05:00,42.22425218358095,42.455288807857066,41.90080231973003,42.08563232421875,65300,0.0,0.0
2023-02-22 00:00:00-05:00,42.30742853500644,42.603155153202025,41.965495293718924,42.0394287109375,53400,0.0,0.0
2023-02-23 00:00:00-05:00,42.25198277219862,42.640122643695314,41.89156616999757,41.96549606323242,33200,0.0,0.0
2023-02-24 00:00:00-05:00,41.74369382911166,41.910040473632236,41.33707065658302,41.63279724121094,50700,0.0,0.0
2023-02-27 00:00:00-05:00,41.72842165201149,41.96050408217696,40.92077578659876,40.930057525634766,39700,0.203,0.0
2023-02-28 00:00:00-05:00,40.97647078223459,41.38493810062389,40.363773345947266,40.363773345947266,97900,0.0,0.0
2023-03-01 00:00:00-05:00,40.2802243203345,40.308073077569155,39.21264731121108,39.50042724609375,64000,0.0,0.0
2023-03-02 00:00:00-05:00,39.28690886073419,40.140973944470026,39.23120780919823,39.87175750732422,53300,0.0,0.0
2023-03-03 00:00:00-05:00,40.085281593957205,40.42876263307814,39.639683708836124,40.30807876586914,49100,0.0,0.0
2023-03-06 00:00:00-05:00,40.540158218031465,40.79080767385086,39.862477929910995,40.44732666015625,61700,0.0,0.0
2023-03-07 00:00:00-05:00,40.72582041800163,42.41538008376122,40.58657309642819,42.08118438720703,155100,0.0,0.0
2023-03-08 00:00:00-05:00,41.85838737709203,42.06262104949081,39.64896164344979,40.46589279174805,95500,0.0,0.0
2023-03-09 00:00:00-05:00,40.44732341981282,41.03217210320428,40.1502582088545,40.512306213378906,59000,0.0,0.0
2023-03-10 00:00:00-05:00,40.59585099206577,41.041448753256354,40.31735283398368,40.846500396728516,74800,0.0,0.0
2023-03-13 00:00:00-04:00,40.660838511126926,41.774834814437924,40.41947435703624,40.52159118652344,70800,0.0,0.0
2023-03-14 00:00:00-04:00,40.874358658062356,41.56132424633855,40.874358658062356,41.42207336425781,52800,0.0,0.0
2023-03-15 00:00:00-04:00,41.189987385451005,41.86766763471717,40.642272726277426,41.57060241699219,37200,0.0,0.0
2023-03-16 00:00:00-04:00,41.217837579508746,42.15544896108196,41.217837579508746,41.84910202026367,41200,0.0,0.0
2023-03-17 00:00:00-04:00,41.7098554001249,41.9512195737676,41.03217511652768,41.37565612792969,143200,0.0,0.0
2023-03-20 00:00:00-04:00,41.47777378411707,41.774839022752886,41.23640606441485,41.58917236328125,57600,0.0,0.0
2023-03-21 00:00:00-04:00,41.75627967131224,41.821262482867006,40.69798412165162,40.97648239135742,94200,0.0,0.0
2023-03-22 00:00:00-04:00,40.87435223574708,41.162135694224496,40.001723663536275,40.01100540161133,50700,0.0,0.0
2023-03-23 00:00:00-04:00,40.04814748433276,40.24309589475285,39.62111662113716,39.69538116455078,38200,0.0,0.0
2023-03-24 00:00:00-04:00,39.54684437801502,41.18070665687784,39.454012823185074,41.013607025146484,55500,0.0,0.0
2023-03-27 00:00:00-04:00,41.199272784854834,41.48705272338031,41.00432085785436,41.03217315673828,30500,0.0,0.0
2023-03-28 00:00:00-04:00,40.89292254254375,41.44992248685602,40.89292254254375,41.18070602416992,30800,0.0,0.0
2023-03-29 00:00:00-04:00,41.11572905015551,41.54275992235102,40.89292833262462,41.292110443115234,39700,0.0,0.0
2023-03-30 00:00:00-04:00,41.25496642913265,41.5984509331973,40.95790123842017,41.33851623535156,21000,0.0,0.0
2023-03-31 00:00:00-04:00,41.47777087185178,41.70985329457194,40.883640436295636,41.496337890625,45100,0.0,0.0
2023-04-03 00:00:00-04:00,41.36637167635263,41.7005673853379,41.07858820165502,41.66343688964844,46000,0.0,0.0
2023-04-04 00:00:00-04:00,41.75626719577886,42.174016246175356,41.52418478348042,41.99763488769531,38500,0.0,0.0
2023-04-05 00:00:00-04:00,41.91408986321487,42.703168738605086,41.90480458253669,42.66603469848633,55000,0.0,0.0
2023-04-06 00:00:00-04:00,42.70316544049039,43.00023065590311,42.66603140323962,42.963096618652344,32700,0.0,0.0
2023-04-10 00:00:00-04:00,42.963093347208535,43.20446102966276,42.61961238203522,43.18589401245117,26400,0.0,0.0
2023-04-11 00:00:00-04:00,43.08377718843565,43.306577853678284,42.78671199564309,43.18589401245117,26700,0.0,0.0
2023-04-12 00:00:00-04:00,43.37157166799854,43.45512149604021,42.628904955940406,42.88883972167969,22900,0.0,0.0
2023-04-13 00:00:00-04:00,42.8424186706543,42.90740146877611,42.368968522856115,42.8424186706543,20800,0.0,0.0
2023-04-14 00:00:00-04:00,42.693883391132616,42.805281960777535,41.375653408697126,41.737701416015625,44900,0.0,0.0
2023-04-17 00:00:00-04:00,41.737700896074664,41.84910300562849,41.032171908716954,41.366371154785156,29600,0.0,0.0
2023-04-18 00:00:00-04:00,41.3663718819122,41.3663718819122,40.63299058362654,40.80937194824219,29100,0.0,0.0
2023-04-19 00:00:00-04:00,40.651559380845576,40.837226033525745,40.53087552540894,40.697975158691406,25200,0.0,0.0
2023-04-20 00:00:00-04:00,40.549438394578594,41.14356878930852,40.530871377081226,41.087867736816406,24900,0.0,0.0
2023-04-21 00:00:00-04:00,41.0507380917353,41.514902914875506,40.948621264037,41.152854919433594,25000,0.0,0.0
2023-04-24 00:00:00-04:00,41.03217621708385,41.18999057691061,40.54015903480105,40.66084289550781,16400,0.0,0.0
2023-04-25 00:00:00-04:00,40.475176644452496,41.106441172743885,40.23381246189263,40.27094650268555,21900,0.0,0.0
2023-04-26 00:00:00-04:00,40.15026664181657,40.26166523399938,39.28691958448065,39.806785583496094,36100,0.0,0.0
2023-04-27 00:00:00-04:00,39.816057693018216,39.86247346675894,39.472576717781024,39.537559509277344,23700,0.0,0.0
2023-04-28 00:00:00-04:00,39.46329004639247,39.87175734001596,38.92486071565663,39.0269775390625,36200,0.0,0.0
2023-05-01 00:00:00-04:00,39.07339269946864,39.68609008901562,39.07339269946864,39.19407653808594,40800,0.0,0.0
2023-05-02 00:00:00-04:00,38.897020846172296,39.073402236976754,38.14507241765329,38.767051696777344,33400,0.0,0.0
2023-05-03 00:00:00-04:00,38.85988146753547,39.76036240184695,38.609232025779804,38.878448486328125,35000,0.0,0.0
2023-05-04 00:00:00-04:00,38.934145580285,39.58397706581201,38.72991545836834,39.42616271972656,36500,0.0,0.0
2023-05-05 00:00:00-04:00,39.528288071029344,39.66753542853553,39.12910593850951,39.481868743896484,29800,0.0,0.0
2023-05-08 00:00:00-04:00,39.676817053210925,39.89033248141061,39.39831528127495,39.78821563720703,39300,0.0,0.0
2023-05-09 00:00:00-04:00,39.78821563720703,39.99244932561418,39.6211159905643,39.78821563720703,37900,0.0,0.0
2023-05-10 00:00:00-04:00,39.85319569423617,40.20596198410245,39.50971468481991,40.15026092529297,42000,0.0,0.0
2023-05-11 00:00:00-04:00,39.99244695633847,40.085278513952744,39.5654125839408,39.83462905883789,36400,0.0,0.0
2023-05-12 00:00:00-04:00,39.72323544184173,40.67013232119725,39.72323544184173,40.57729721069336,52800,0.0,0.0
2023-05-15 00:00:00-04:00,40.71654108214635,40.72582282094694,40.19667517689416,40.41019058227539,28300,0.0,0.0
2023-05-16 00:00:00-04:00,40.43803875772729,40.68868817534521,40.168822323104735,40.419471740722656,34400,0.0,0.0
2023-05-17 00:00:00-04:00,40.60514346517894,40.60514346517894,39.59326392986819,40.159542083740234,37500,0.0,0.0
2023-05-18 00:00:00-04:00,39.91817443409201,40.00172424316406,39.7046590423071,40.00172424316406,24200,0.0,0.0
2023-05-19 00:00:00-04:00,40.215241902531396,40.215241902531396,39.0641150696272,39.18479537963867,33000,0.0,0.0
2023-05-22 00:00:00-04:00,39.324043503490834,39.76035956069851,38.90629446374906,39.70465850830078,29200,0.0,0.0
2023-05-23 00:00:00-04:00,39.741797183772626,40.38234342530716,39.741797183772626,39.91817855834961,27800,0.0,0.0
2023-05-24 00:00:00-04:00,39.76964549144958,39.76964549144958,39.34261466860389,39.463294982910156,24400,0.0,0.0
2023-05-25 00:00:00-04:00,39.26834821252728,39.26834821252728,38.71135177201364,38.89701843261719,21400,0.0,0.0
2023-05-26 00:00:00-04:00,38.832030580193354,39.42616098378522,38.655645681985646,39.37974166870117,29500,0.0,0.0
2023-05-30 00:00:00-04:00,39.259073133594164,39.918186526326735,39.18480504023396,39.22193908691406,26200,0.0,0.0
2023-05-31 00:00:00-04:00,39.0826770424588,39.45401032082045,38.85059462880691,39.370460510253906,53300,0.0,0.0
2023-06-01 00:00:00-04:00,39.4818636327674,39.4818636327674,38.61851667106337,38.89701843261719,32500,0.0,0.0
2023-06-02 00:00:00-04:00,38.98056249304923,40.187390296705686,38.887727405816285,40.01100540161133,38600,0.0,0.0
2023-06-05 00:00:00-04:00,39.88104574045253,39.93674680106018,39.48186365934019,39.741798400878906,28500,0.0,0.0
2023-06-06 00:00:00-04:00,39.602543562156995,40.80008968581206,39.56540952546304,40.512306213378906,44600,0.0,0.0
2023-06-07 00:00:00-04:00,40.512309068432224,42.09047032617757,40.30807539351903,41.76555633544922,52700,0.0,0.0
2023-06-08 00:00:00-04:00,41.57988583729882,42.34111586633396,41.394219199200755,41.99763488769531,38500,0.0,0.0
2023-06-09 00:00:00-04:00,41.960500042980144,42.0069158162858,41.35708436611711,41.700565338134766,18400,0.0,0.0
2023-06-12 00:00:00-04:00,41.53347194149179,41.719135046690084,40.26165771484375,40.26165771484375,40400,0.0,0.0
2023-06-13 00:00:00-04:00,40.24308630345977,40.46588696319405,39.918172363530964,40.19667053222656,46800,0.0,0.0
2023-06-14 00:00:00-04:00,40.19667121504934,40.233805249185245,39.39830718760946,39.49114227294922,66300,0.0,0.0
2023-06-15 00:00:00-04:00,39.29619877456372,39.992446065044604,39.29619877456372,39.85319519042969,67300,0.0,0.0
2023-06-16 00:00:00-04:00,40.243092350919866,40.71654249601598,39.75107872757795,40.61442565917969,203400,0.0,0.0
2023-06-20 00:00:00-04:00,40.4101952864402,40.735112843032866,39.97388268608584,40.39162826538086,67000,0.0,0.0
2023-06-21 00:00:00-04:00,40.39162059816401,40.772235604388435,40.0388578888902,40.5494384765625,68300,0.0,0.0
2023-06-22 00:00:00-04:00,40.63298565043801,40.63298565043801,40.168820866048215,40.37305450439453,30200,0.0,0.0
2023-06-23 00:00:00-04:00,40.29879026162199,40.568006712015766,38.5442477768084,38.90629577636719,139500,0.0,0.0
2023-06-26 00:00:00-04:00,38.98984204233471,39.556123648128406,38.767041386779574,39.05482482910156,36100,0.0,0.0
2023-06-27 00:00:00-04:00,39.0176975977873,39.1755154940861,38.794900444690846,38.84131622314453,38700,0.0,0.0
2023-06-28 00:00:00-04:00,38.66492901590732,38.794894592491126,38.442128355123394,38.72991180419922,38400,0.0,0.0
2023-06-29 00:00:00-04:00,38.64875568714648,39.09653229591268,38.434196284525946,38.44352340698242,35000,0.203,0.0
2023-06-30 00:00:00-04:00,38.49949264526367,38.5368082482699,38.200974938437376,38.49949264526367,32900,0.0,0.0
2023-07-03 00:00:00-04:00,38.518152401734184,39.03122951396958,38.50882172120317,38.73271179199219,13800,0.0,0.0
2023-07-05 00:00:00-04:00,38.73271145870833,38.7700270632874,38.284934879595234,38.303592681884766,35100,0.0,0.0
2023-07-06 00:00:00-04:00,38.0703701819044,38.089027981591926,37.63192078577609,37.9957389831543,29900,0.0,0.0
2023-07-07 00:00:00-04:00,37.771856604256115,37.78118372580663,37.38938056567267,37.482666015625,41100,0.0,0.0
2023-07-10 00:00:00-04:00,37.398708648347764,37.92111643389709,37.24011910901898,37.370723724365234,41800,0.0,0.0
2023-07-11 00:00:00-04:00,37.50132467811256,38.424862753118916,37.12817575251467,38.33157730102539,80100,0.0,0.0
2023-07-12 00:00:00-04:00,38.60211309145186,39.12451735751723,38.47151202493552,38.919288635253906,49500,0.0,0.0
2023-07-13 00:00:00-04:00,38.91928678951032,39.618938377191675,38.891298306146915,39.6096076965332,42600,0.0,0.0
2023-07-14 00:00:00-04:00,39.637594641100264,39.9361123555664,39.180487389104826,39.32974624633789,31900,0.0,0.0
2023-07-17 00:00:00-04:00,39.292438440577655,39.53498635585124,38.83533465647465,38.8539924621582,34400,0.0,0.0
2023-07-18 00:00:00-04:00,38.648755927049926,38.788687675050774,37.79051475262826,38.40620803833008,78300,0.0,0.0
2023-07-19 00:00:00-04:00,38.48084086905674,39.161834716796875,38.48084086905674,39.161834716796875,47500,0.0,0.0
2023-07-20 00:00:00-04:00,39.33907217704913,40.113354922050256,39.068542953050006,39.96409606933594,41400,0.0,0.0
2023-07-21 00:00:00-04:00,40.16933330943232,40.43986256699147,39.76819942576093,39.805511474609375,27800,0.0,0.0
2023-07-24 00:00:00-04:00,39.73088687677789,39.749544681944485,39.39505350100412,39.451026916503906,19900,0.0,0.0
2023-07-25 00:00:00-04:00,39.24579196192958,39.37639303064353,38.98458982450167,39.29243469238281,25600,0.0,0.0
2023-07-26 00:00:00-04:00,39.199151064233575,39.665585507798546,38.947276037675,39.08720779418945,20300,0.0,0.0
2023-07-27 00:00:00-04:00,39.00325133630471,39.00325133630471,38.0517245984291,38.38755798339844,53000,0.0,0.0
2023-07-28 00:00:00-04:00,38.39688491821289,38.779361036189776,38.28494164331082,38.39688491821289,25700,0.0,0.0
2023-07-31 00:00:00-04:00,38.35022964779943,38.89129159847657,38.35022964779943,38.55546188354492,43700,0.0,0.0
2023-08-01 00:00:00-04:00,38.66740899154265,38.74203663834768,37.99574237723875,38.04238510131836,30600,0.0,0.0
2023-08-02 00:00:00-04:00,37.949101721130425,38.40620542407609,37.82782778502544,38.2569465637207,35900,0.0,0.0
2023-08-03 00:00:00-04:00,38.14501029983188,38.238299328785715,37.557301872566796,37.88380813598633,56400,0.0,0.0
2023-08-04 00:00:00-04:00,37.949105997516874,38.89130199244417,37.949105997516874,38.21963882446289,39600,0.0,0.0
2023-08-07 00:00:00-04:00,38.33158354413564,39.143178497092805,38.33158354413564,38.95660400390625,46600,0.0,0.0
2023-08-08 00:00:00-04:00,38.42486795750679,38.89130239837359,38.033064735312614,38.63010025024414,45200,0.0,0.0
2023-08-09 00:00:00-04:00,38.57412345125861,38.98458800071396,38.25694791695768,38.58345413208008,37700,0.0,0.0
2023-08-10 00:00:00-04:00,38.555470177266464,38.71405616910245,38.25694887987069,38.47151184082031,36000,0.0,0.0
2023-08-11 00:00:00-04:00,38.41554129368643,39.087208035319485,38.41554129368643,39.04989242553711,58300,0.0,0.0
2023-08-14 00:00:00-04:00,38.90062898680538,39.63759617989662,38.7980128512342,39.6096076965332,51000,0.0,0.0
2023-08-15 00:00:00-04:00,39.49766894519907,39.61894289731132,38.965933962584636,39.06855010986328,27400,0.0,0.0
2023-08-16 00:00:00-04:00,39.03122915738198,39.11518748833433,38.60211038078638,38.7886848449707,48600,0.0,0.0
2023-08-17 00:00:00-04:00,38.96592669974067,39.105854871992975,38.49949234167619,38.5274772644043,39600,0.0,0.0
2023-08-18 00:00:00-04:00,38.630100525760525,39.23646672665703,38.630100525760525,39.05921936035156,33000,0.0,0.0
2023-08-21 00:00:00-04:00,39.087202153906844,39.47900532183028,38.172987644861735,38.35023498535156,51300,0.0,0.0
2023-08-22 00:00:00-04:00,38.43419526644506,38.947272394652195,38.43419526644506,38.58345413208008,30700,0.0,0.0
2023-08-23 00:00:00-04:00,38.7793544006022,38.872639853956294,38.57412213288886,38.75136947631836,40800,0.0,0.0
2023-08-24 00:00:00-04:00,38.536804084057934,38.96592279642452,38.434187966185185,38.55546188354492,26100,0.0,0.0
2023-08-25 00:00:00-04:00,38.79802064226781,38.94727953526804,38.3968867000898,38.64876174926758,21900,0.0,0.0
2023-08-28 00:00:00-04:00,38.80733965821867,38.92861359551022,38.21030421095561,38.2382926940918,26800,0.0,0.0
2023-08-29 00:00:00-04:00,38.266280155060564,38.49016668331834,37.80917285873162,38.37822341918945,70400,0.0,0.0
2023-08-30 00:00:00-04:00,38.46218563465441,38.46218563465441,37.799849547081884,37.92112350463867,31000,0.0,0.0
2023-08-31 00:00:00-04:00,37.91178834472274,38.21030608297944,37.846487811892345,38.00507736206055,41700,0.0,0.0
2023-09-01 00:00:00-04:00,38.1263504356351,38.26628219220477,37.61327325923364,37.669246673583984,29200,0.0,0.0
2023-09-05 00:00:00-04:00,37.641258911461954,37.66924739848192,36.969595719394434,37.55730056762695,57800,0.0,0.0
2023-09-06 00:00:00-04:00,37.743868477525346,37.781184081302115,37.32407683156629,37.426692962646484,37300,0.0,0.0
2023-09-07 00:00:00-04:00,37.54796927446766,37.96776094702263,37.54796927446766,37.6132698059082,65700,0.0,0.0
2023-09-08 00:00:00-04:00,37.82783279734905,37.82783279734905,37.510657232240455,37.65058898925781,32200,0.0,0.0
2023-09-11 00:00:00-04:00,37.659917026947575,37.96776547641693,37.45468828591383,37.52931594848633,36400,0.0,0.0
2023-09-12 00:00:00-04:00,37.60394292134446,37.77185959142772,37.380052841696084,37.57595443725586,23400,0.0,0.0
2023-09-13 00:00:00-04:00,37.46401039940488,37.92111767150534,37.44535259660363,37.67856979370117,29600,0.0,0.0
2023-09-14 00:00:00-04:00,37.73454736492785,38.29426727626468,37.73454736492785,38.11702346801758,36100,0.0,0.0
2023-09-15 00:00:00-04:00,38.303590831654276,38.66740906219641,37.91178411972383,38.05171585083008,148400,0.0,0.0
2023-09-18 00:00:00-04:00,37.99574575243,38.21963582995687,37.60394256502304,37.631927490234375,28500,0.0,0.0
2023-09-19 00:00:00-04:00,37.5572963180021,37.69722806143125,37.109519721085725,37.14683532714844,42400,0.0,0.0
2023-09-20 00:00:00-04:00,37.240121932478424,37.380053680224194,36.521816065979195,36.53114318847656,28400,0.0,0.0
2023-09-21 00:00:00-04:00,36.52180802266667,36.801667897911614,36.111343550936795,36.57777786254883,31400,0.0,0.0
2023-09-22 00:00:00-04:00,36.57778720737783,36.671076228700386,35.896793365478516,35.896793365478516,29700,0.0,0.0
2023-09-25 00:00:00-04:00,35.86880560875307,36.29792439714741,35.67290401734852,36.24195098876953,66900,0.0,0.0
2023-09-26 00:00:00-04:00,36.26994276644288,36.51248710755181,35.77551984406291,35.85015106201172,37200,0.0,0.0
2023-09-27 00:00:00-04:00,35.868809227733614,36.046053034228535,35.12251483379136,35.7941780090332,72400,0.0,0.0
2023-09-28 00:00:00-04:00,35.91890395257639,35.91890395257639,34.727858903729484,35.159263610839844,50300,0.203,0.0
2023-09-29 00:00:00-04:00,35.2249114532729,35.28117898819318,34.7653729787024,35.159263610839844,45500,0.0,0.0
2023-10-02 00:00:00-04:00,35.02797026370244,35.02797026370244,34.30584387499138,34.5965690612793,47900,0.0,0.0
2023-10-03 00:00:00-04:00,34.474643815831,34.474643815831,34.0057286173823,34.108890533447266,41300,0.0,0.0
2023-10-04 00:00:00-04:00,34.21205414328083,34.50278286862646,33.87443461127667,34.315216064453125,65200,0.0,0.0
2023-10-05 00:00:00-04:00,34.32459592996349,34.81226823434226,34.31521919879101,34.73724365234375,41600,0.0,0.0
2023-10-06 00:00:00-04:00,34.59656926124668,35.31869923167134,34.39962569955079,35.281185150146484,24400,0.0,0.0
2023-10-09 00:00:00-04:00,35.23428820772208,35.600041495114354,35.05610171778559,35.49687957763672,29300,0.0,0.0
2023-10-10 00:00:00-04:00,35.534386888311616,35.75008741218634,35.374957466223584,35.41246795654297,41800,0.0,0.0
2023-10-11 00:00:00-04:00,35.57190605182827,35.57190605182827,35.10299086904914,35.29993438720703,27800,0.0,0.0
2023-10-12 00:00:00-04:00,35.309315860883736,35.309315860883736,34.57780571885314,34.83102035522461,38000,0.0,0.0
2023-10-13 00:00:00-04:00,34.83102452724148,34.868538606205995,34.39024304325722,34.455894470214844,22100,0.0,0.0
2023-10-16 00:00:00-04:00,34.709105559376574,34.709105559376574,34.37148958131444,34.455894470214844,30300,0.0,0.0
2023-10-17 00:00:00-04:00,34.24019337027403,34.80289387249867,34.230816638463196,34.52154541015625,44500,0.0,0.0
2023-10-18 00:00:00-04:00,34.67159329118042,34.67159329118042,33.76189659911394,33.893192291259766,33100,0.0,0.0
2023-10-19 00:00:00-04:00,33.84630275576673,34.390242583319484,33.71500705868639,33.78065490722656,29800,0.0,0.0
2023-10-20 00:00:00-04:00,33.855683500908896,34.08076442083424,33.330500650316175,33.4149055480957,38700,0.0,0.0
2023-10-23 00:00:00-04:00,33.37738686916462,33.48054879419432,33.058524363408885,33.12417221069336,50200,0.0,0.0
2023-10-24 00:00:00-04:00,33.311743577869464,33.60247235384843,33.152310514416534,33.40552520751953,33200,0.0,0.0
2023-10-25 00:00:00-04:00,33.26484913662089,33.50868349365295,33.14293016933512,33.38676452636719,32600,0.0,0.0
2023-10-26 00:00:00-04:00,33.414896201414564,34.07137815856681,33.414896201414564,33.921321868896484,28300,0.0,0.0
2023-10-27 00:00:00-04:00,33.92132952685479,33.92132952685479,33.414903745043986,33.58371353149414,27300,0.0,0.0
2023-10-30 00:00:00-04:00,33.45240947749991,33.75251850425253,33.23670890947393,33.311737060546875,41700,0.0,0.0
2023-10-31 00:00:00-04:00,33.40552450113196,33.85568275350503,33.04915145396564,33.82754898071289,48200,0.0,0.0
2023-11-01 00:00:00-04:00,33.790026192973805,34.061997851692986,33.48992076871087,33.921321868896484,44900,0.0,0.0
2023-11-02 00:00:00-04:00,33.97760013761698,34.37149082592839,33.89319524566022,34.33397674560547,54200,0.0,0.0
2023-11-03 00:00:00-04:00,34.78413380984979,36.2190133474347,34.0526271557931,35.506263732910156,49700,0.0,0.0
2023-11-06 00:00:00-05:00,35.68444623648571,36.50973799556208,35.24366837834666,35.52501678466797,36300,0.0,0.0
2023-11-07 00:00:00-05:00,35.68444469398436,35.68444469398436,35.074857102894846,35.29993438720703,32100,0.0,0.0
2023-11-08 00:00:00-05:00,35.10299079490481,35.10299079490481,34.521536971197726,34.952938079833984,54800,0.0,0.0
2023-11-09 00:00:00-05:00,35.01858708671158,35.01858708671158,34.024485580259054,34.48402404785156,46600,0.0,0.0
2023-11-10 00:00:00-05:00,34.60593760349443,34.60593760349443,34.165156241851086,34.25893783569336,26900,0.0,0.0
2023-11-13 00:00:00-05:00,34.07138350199225,34.41837978242727,33.92132718878855,34.14640808105469,23700,0.0,0.0
2023-11-14 00:00:00-05:00,34.71848395643555,36.406578063964844,34.28708280471326,36.406578063964844,65200,0.0,0.0
2023-11-15 00:00:00-05:00,36.38781948150701,36.969273338614336,35.72196074372773,35.84387969970703,38800,0.0,0.0
2023-11-16 00:00:00-05:00,36.03144220095445,36.0877133127907,35.69382626255415,35.90952682495117,38000,0.0,0.0
2023-11-17 00:00:00-05:00,36.11585328738128,36.11585328738128,35.543779650979566,35.69383239746094,40400,0.0,0.0
2023-11-20 00:00:00-05:00,35.58128638119933,35.60942372773926,34.80288895935413,34.962318420410156,22900,0.0,0.0
2023-11-21 00:00:00-05:00,34.86853752558428,35.02796698993329,34.68097071411416,34.896671295166016,18600,0.0,0.0
2023-11-22 00:00:00-05:00,35.27180024782783,35.42185296162782,35.06547642477574,35.328067779541016,21300,0.0,0.0
2023-11-24 00:00:00-05:00,35.51563653542875,35.881389822000166,35.393721158264334,35.872013092041016,13500,0.0,0.0
2023-11-27 00:00:00-05:00,35.88139488531905,35.88139488531905,35.496884507030956,35.750099182128906,25700,0.0,0.0
2023-11-28 00:00:00-05:00,35.8063632643365,35.8063632643365,35.262419940849696,35.328067779541016,29300,0.0,0.0
2023-11-29 00:00:00-05:00,35.58128431940878,36.05019952245731,35.32806968045788,35.52501678466797,36500,0.0,0.0
2023-11-30 00:00:00-05:00,35.71258544921875,36.06895844634636,35.34682856657841,35.71258544921875,63600,0.0,0.0
2023-12-01 00:00:00-05:00,35.50625882711869,36.387818098090804,35.3749631460738,36.32217025756836,53200,0.0,0.0
2023-12-04 00:00:00-05:00,36.46285341113521,37.08182144165039,36.2377725011571,37.08182144165039,34100,0.0,0.0
2023-12-05 00:00:00-05:00,37.081810230012884,37.081810230012884,36.6035147824988,36.69729995727539,22000,0.0,0.0
2023-12-06 00:00:00-05:00,36.725434494351234,37.166215881237235,36.725434494351234,36.969268798828125,28600,0.0,0.0
2023-12-07 00:00:00-05:00,36.81921609356419,37.10056804628043,36.70667745900091,36.969268798828125,34300,0.0,0.0
2023-12-08 00:00:00-05:00,37.0255497624611,37.16622577627242,36.65979641959924,36.781715393066406,20500,0.0,0.0
2023-12-11 00:00:00-05:00,36.64103508109375,36.69730619552535,35.89077144303524,36.10647201538086,35000,0.0,0.0
2023-12-12 00:00:00-05:00,36.21900507833273,36.34092401868689,35.637551295744565,36.27527618408203,28400,0.0,0.0
2023-12-13 00:00:00-05:00,36.22839055138255,37.81332269186464,36.031443441942,37.5882453918457,91600,0.0,0.0
2023-12-14 00:00:00-05:00,37.982125765874954,38.404150101003495,37.231862268723404,37.4756965637207,69400,0.0,0.0
2023-12-15 00:00:00-05:00,37.841457623241155,37.841457623241155,36.012691088598466,36.03144454956055,153200,0.0,0.0
2023-12-18 00:00:00-05:00,36.03144732331637,36.181503642878916,35.70320806812222,36.14398956298828,90100,0.0,0.0
2023-12-19 00:00:00-05:00,36.20025801512979,36.80047257584686,36.125233431002435,36.753578186035156,62800,0.0,0.0
2023-12-20 00:00:00-05:00,36.89425437128103,37.10995497076329,35.97518085184111,36.040828704833984,68500,0.0,0.0
2023-12-21 00:00:00-05:00,36.17211637886666,36.622274518378006,35.70320120301665,36.06895446777344,36400,0.0,0.0
2023-12-22 00:00:00-05:00,36.20963593290557,36.64103710138313,35.93766423113256,36.26590347290039,30400,0.0,0.0
2023-12-26 00:00:00-05:00,36.425335720132246,37.241247230059145,36.10647321616068,37.053680419921875,40200,0.0,0.0
2023-12-27 00:00:00-05:00,37.04430337757874,37.400679956086705,36.59414518356098,37.1005744934082,46400,0.0,0.0
2023-12-28 00:00:00-05:00,37.007224783885846,37.110939874679346,36.72436773418154,36.87522506713867,36700,0.211,0.0
2023-12-29 00:00:00-05:00,36.85637212664529,36.85637212664529,36.09265475850579,36.41322708129883,43300,0.0,0.0
2024-01-02 00:00:00-05:00,36.30008291695854,36.84694303538121,36.0266528577472,36.16808319091797,42000,0.0,0.0
2024-01-03 00:00:00-05:00,36.16808448144282,36.48865679757526,35.46093998380269,35.61179733276367,47200,0.0,0.0
2024-01-04 00:00:00-05:00,35.82865519270803,35.89465505927255,35.13093769323929,35.244083404541016,61600,0.0,0.0
2024-01-05 00:00:00-05:00,35.046082208658724,35.44208502737382,34.81979796658425,34.90465545654297,57400,0.0,0.0
2024-01-08 00:00:00-05:00,35.16864933415129,35.33836428702661,34.70665031544161,35.1497917175293,55000,0.0,0.0
2024-01-09 00:00:00-05:00,35.00836717540356,35.055509421542865,34.46150704936372,34.763221740722656,51300,0.0,0.0
2024-01-10 00:00:00-05:00,34.77265376444899,35.81922821629877,34.69722329017518,35.60236740112305,86500,0.0,0.0
2024-01-11 00:00:00-05:00,35.43265708452045,35.715514178039804,34.17865238772977,34.5557975769043,145100,0.0,0.0
2024-01-12 00:00:00-05:00,34.89522461874301,35.1215124560516,34.52751003024932,34.77265548706055,45400,0.0,0.0
2024-01-16 00:00:00-05:00,34.87636624327026,35.10265045561463,34.254079264239195,34.28236389160156,55000,0.0,0.0
2024-01-17 00:00:00-05:00,33.96178838200542,34.404933351298816,33.57521625880981,33.86750030517578,58100,0.0,0.0
2024-01-18 00:00:00-05:00,33.933511394487105,33.933511394487105,33.29236671463723,33.6883659362793,54300,0.0,0.0
2024-01-19 00:00:00-05:00,33.90522429327835,33.90522429327835,33.33951007307181,33.81093978881836,47800,0.0,0.0
2024-01-22 00:00:00-05:00,33.999506191791504,34.48979343832959,33.89579109777271,34.4709358215332,41000,0.0,0.0
2024-01-23 00:00:00-05:00,34.687793668501484,34.980077742506516,34.15979117849346,34.28236389160156,35200,0.0,0.0
2024-01-24 00:00:00-05:00,34.40493669665725,34.40493669665725,33.405504565417644,33.42436218261719,43400,0.0,0.0
2024-01-25 00:00:00-05:00,33.848654808777205,33.848654808777205,33.28293699553286,33.63179397583008,47400,0.0,0.0
2024-01-26 00:00:00-05:00,33.8203677062729,34.00894031696609,33.433795472877385,33.575225830078125,43600,0.0,0.0
2024-01-29 00:00:00-05:00,33.414933422993876,33.952362954363096,33.320648928506365,33.942935943603516,64200,0.0,0.0
2024-01-30 00:00:00-05:00,34.018370698368436,34.018370698368436,33.48093750263109,33.62236785888672,49100,0.0,0.0
2024-01-31 00:00:00-05:00,33.82979202270508,34.50864825952137,33.660077064320326,33.82979202270508,74600,0.0,0.0
2024-02-01 00:00:00-05:00,33.990075373496936,34.52750486032,33.905217896802625,34.5180778503418,55500,0.0,0.0
2024-02-02 00:00:00-05:00,34.386080980485225,34.386080980485225,33.71664812142141,33.942935943603516,54600,0.0,0.0
2024-02-05 00:00:00-05:00,33.754358327168276,33.88635803846677,33.38664381805894,33.462074279785156,68900,0.0,0.0
2024-02-06 00:00:00-05:00,33.37722819517041,33.9523694767885,33.37722819517041,33.820369720458984,49100,0.0,0.0
2024-02-07 00:00:00-05:00,33.726084551676884,33.820369062442516,33.490369678039265,33.603511810302734,63800,0.0,0.0
2024-02-08 00:00:00-05:00,33.66950766182188,34.05607986450195,33.509223293338415,34.05607986450195,35200,0.0,0.0
2024-02-09 00:00:00-05:00,34.00893299017596,34.71607743038764,33.82036042010832,34.5180778503418,58300,0.0,0.0
2024-02-12 00:00:00-05:00,34.555789434964574,35.2723608094919,34.50864359988381,35.10264587402344,50400,0.0,0.0
2024-02-13 00:00:00-05:00,34.59350916673232,34.60293977464528,33.377223306744916,33.51865005493164,68900,0.0,0.0
2024-02-14 00:00:00-05:00,33.858080689806876,34.24465289742241,33.4337932432232,33.78265380859375,41100,0.0,0.0
2024-02-15 00:00:00-05:00,33.895795531335644,34.98008166353237,33.87693791207269,34.866939544677734,66200,0.0,0.0
2024-02-16 00:00:00-05:00,34.810363280971345,34.857509122877445,34.25407975239602,34.546363830566406,43400,0.0,0.0
2024-02-20 00:00:00-05:00,34.235223690531456,34.970652819631205,34.235223690531456,34.52750778198242,37900,0.0,0.0
2024-02-21 00:00:00-05:00,34.44265049767835,34.69722295077785,34.19750865213232,34.30122375488281,78800,0.0,0.0
2024-02-22 00:00:00-05:00,34.13151213939494,34.13151213939494,33.377225313545125,33.81093978881836,47800,0.0,0.0
2024-02-23 00:00:00-05:00,33.78265064442017,33.80150466541517,33.38664786579171,33.594078063964844,45400,0.0,0.0
2024-02-26 00:00:00-05:00,33.53750767403449,33.71664966042691,32.9812204990313,33.51865005493164,56700,0.0,0.0
2024-02-27 00:00:00-05:00,33.61293701639722,33.75436375981243,33.377222180648914,33.39607620239258,40000,0.0,0.0
2024-02-28 00:00:00-05:00,33.32114537431621,33.48239027976928,33.093501463837356,33.15989685058594,42600,0.211,0.0
2024-02-29 00:00:00-05:00,33.586727309600846,33.785913472149346,33.4159952793372,33.57724380493164,85400,0.0,0.0
2024-03-01 00:00:00-05:00,33.624672217805596,34.260172029722895,33.18835859007632,34.02304458618164,83100,0.0,0.0
2024-03-04 00:00:00-05:00,34.00406720934739,34.1273744686397,33.766939812857444,33.92818832397461,77900,0.0,0.0
2024-03-05 00:00:00-05:00,33.795399473764775,34.33604967890179,33.245262145996094,33.245262145996094,121800,0.0,0.0
2024-03-06 00:00:00-05:00,33.842826333308274,33.842826333308274,33.27372196149624,33.44445037841797,67400,0.0,0.0
2024-03-07 00:00:00-05:00,33.586724754089566,33.83333565777471,33.254747841767845,33.415992736816406,51500,0.0,0.0
2024-03-08 00:00:00-05:00,33.577250838809476,33.7574664114945,33.42548940436998,33.643646240234375,39200,0.0,0.0
2024-03-11 00:00:00-04:00,33.510851204555095,34.27914178636392,33.510851204555095,34.12738037109375,46700,0.0,0.0
2024-03-12 00:00:00-04:00,34.15583435150724,34.15583435150724,33.39702727858292,33.71003723144531,63000,0.0,0.0
2024-03-13 00:00:00-04:00,33.98510042376274,34.58265886166233,33.909217919617234,34.34553146362305,78900,0.0,0.0
2024-03-14 00:00:00-04:00,34.355023268111395,34.355023268111395,33.472908937717555,33.81437301635742,76700,0.0,0.0
2024-03-15 00:00:00-04:00,33.672094943814514,34.44038911694339,33.62467018163364,33.823856353759766,227300,0.0,0.0
2024-03-18 00:00:00-04:00,33.67209076272615,33.91870166641129,33.40650923286877,33.415992736816406,54200,0.0,0.0
2024-03-19 00:00:00-04:00,33.41599624531057,33.74797681076539,33.29268897138294,33.44445037841797,51300,0.0,0.0
2024-03-20 00:00:00-04:00,33.368573559336234,33.78591655006912,33.24526627773973,33.65312576293945,48800,0.0,0.0
2024-03-21 00:00:00-04:00,33.8238545014956,34.33605058886594,33.776429741911805,34.05149841308594,101500,0.0,0.0
2024-03-22 00:00:00-04:00,34.23171757877015,34.43090376112191,33.60570127832349,33.61518478393555,44300,0.0,0.0
2024-03-25 00:00:00-04:00,33.75745933986449,33.82385472738065,33.53930254970033,33.57724380493164,32900,0.0,0.0
2024-03-26 00:00:00-04:00,33.58672803136077,33.72900593239703,33.406512492555194,33.491878509521484,39800,0.0,0.0
2024-03-27 00:00:00-04:00,33.634155032569126,34.117897033691406,33.634155032569126,34.117897033691406,54000,0.0,0.0
2024-03-28 00:00:00-04:00,34.0514991761094,34.601632912507796,34.0514991761094,34.40244674682617,64700,0.0,0.0
2024-04-01 00:00:00-04:00,34.620607357357756,34.68700275323842,33.643643430875706,33.95664978027344,71500,0.0,0.0
2024-04-02 00:00:00-04:00,33.586724479664014,34.00406739721235,33.45393371582031,33.45393371582031,60100,0.0,0.0
2024-04-03 00:00:00-04:00,33.529811456635365,33.83333422599254,33.06504379905331,33.121952056884766,60300,0.0,0.0
2024-04-04 00:00:00-04:00,33.28320677178433,33.40651405054799,33.093504100981185,33.29269027709961,52300,0.0,0.0
2024-04-05 00:00:00-04:00,33.19783690711185,33.21680753382345,32.67615733651265,32.86585998535156,71700,0.0,0.0
2024-04-08 00:00:00-04:00,32.875347599680914,33.321148337445294,32.875347599680914,33.26423645019531,44900,0.0,0.0
2024-04-09 00:00:00-04:00,33.340116221113135,33.67209315704067,33.216808951364094,33.586727142333984,38900,0.0,0.0
2024-04-10 00:00:00-04:00,33.16938719020831,33.17887069568759,32.54337089852656,32.789981842041016,94400,0.0,0.0
2024-04-11 00:00:00-04:00,32.979681571108024,33.046076958366704,32.53388086956216,32.69512939453125,67600,0.0,0.0
2024-04-12 00:00:00-04:00,32.5433714788203,32.7235870323606,32.05962947036733,32.28727340698242,73000,0.0,0.0
2024-04-15 00:00:00-04:00,32.420056640652994,32.420056640652994,31.97425599523685,32.25880813598633,63100,0.0,0.0
2024-04-16 00:00:00-04:00,32.154474995081976,32.154474995081976,31.604337722683542,31.61382484436035,54600,0.0,0.0
2024-04-17 00:00:00-04:00,31.79404597152219,32.08808528473964,31.613830428872564,32.059627532958984,55000,0.0,0.0
2024-04-18 00:00:00-04:00,32.249326443124204,32.62873173094234,32.13550630408956,32.49593734741211,62500,0.0,0.0
2024-04-19 00:00:00-04:00,32.48645874916652,33.321148337445294,32.48645874916652,33.26423645019531,58900,0.0,0.0
2024-04-22 00:00:00-04:00,33.5013647648073,33.66261330710515,33.29269145769631,33.596214294433594,65600,0.0,0.0
2024-04-23 00:00:00-04:00,33.59621328940012,34.042014025518306,33.52981789699241,33.719520568847656,56100,0.0,0.0
2024-04-24 00:00:00-04:00,33.67209594484676,33.86179861748732,33.31166122865745,33.7005500793457,39400,0.0,0.0
2024-04-25 00:00:00-04:00,33.510844715869275,33.72900148193623,33.292684331525464,33.54878234863281,44700,0.0,0.0
2024-04-26 00:00:00-04:00,33.74797210745643,33.74797210745643,33.45393283930869,33.54878234863281,35400,0.0,0.0
2024-04-29 00:00:00-04:00,33.567755660634774,33.82385369823806,33.52981440655789,33.691062927246094,38600,0.0,0.0
2024-04-30 00:00:00-04:00,33.33062822093489,33.81437016429952,33.311657593913026,33.681575775146484,53800,0.0,0.0
2024-05-01 00:00:00-04:00,33.85230688101352,34.563689092772975,33.84282337689862,34.24119567871094,56300,0.0,0.0
2024-05-02 00:00:00-04:00,34.478321771625254,34.89566830235223,34.12737424028594,34.85772705078125,55600,0.0,0.0
2024-05-03 00:00:00-04:00,35.161256365840316,35.161256365840316,34.743913375775705,35.0000114440918,41000,0.0,0.0
2024-05-06 00:00:00-04:00,35.16125350590753,35.16125350590753,34.819789442593276,34.86721420288086,36100,0.0,0.0
2024-05-07 00:00:00-04:00,35.08537375162109,35.3225011655139,34.89567109685141,34.97154998779297,52600,0.0,0.0
2024-05-08 00:00:00-04:00,34.6490562109549,35.51219984409437,34.6490562109549,35.46477508544922,43400,0.0,0.0
2024-05-09 00:00:00-04:00,35.45529903161442,36.43226301445708,35.45529903161442,36.365867614746094,61900,0.0,0.0
2024-05-10 00:00:00-04:00,36.308947252662755,36.58401591203798,36.081306969114145,36.47019577026367,43700,0.0,0.0
2024-05-13 00:00:00-04:00,36.48917150102809,36.73578244574776,36.20461567937318,36.30895233154297,54500,0.0,0.0
2024-05-14 00:00:00-04:00,36.7168102121988,37.02033303164354,36.35637912553156,36.498653411865234,41100,0.0,0.0
2024-05-15 00:00:00-04:00,36.650411296262746,36.78320206471228,36.346888506013215,36.47019577026367,37900,0.0,0.0
2024-05-16 00:00:00-04:00,36.12872698315204,36.6219523571189,36.024390359275664,36.59349822998047,53600,0.0,0.0
2024-05-17 00:00:00-04:00,36.69784048230875,36.69784048230875,36.233072736649724,36.403804779052734,36500,0.0,0.0
2024-05-20 00:00:00-04:00,36.37534212112379,36.37534212112379,36.06233583111329,36.08130645751953,37600,0.0,0.0
2024-05-21 00:00:00-04:00,36.1192513934157,36.52710723876953,35.948519356626946,36.52710723876953,34300,0.0,0.0
2024-05-22 00:00:00-04:00,36.375344999521694,36.53659352759595,35.7303581237793,35.7303581237793,43200,0.0,0.0
2024-05-23 00:00:00-04:00,35.66396111824085,35.66396111824085,34.47832406486479,34.59214782714844,44900,0.0,0.0
2024-05-24 00:00:00-04:00,34.68700232263916,34.68700232263916,34.18429329770393,34.44987487792969,32200,0.0,0.0
2024-05-28 00:00:00-04:00,34.44987133987204,34.72494001587167,34.21274391951594,34.411930084228516,57300,0.0,0.0
2024-05-29 00:00:00-04:00,34.16531688436006,34.16531688436006,33.75745745904082,33.7953987121582,42100,0.0,0.0
2024-05-30 00:00:00-04:00,34.146346057542694,34.36450283427264,34.03252591713512,34.2696533203125,33200,0.0,0.0
2024-05-31 00:00:00-04:00,34.298115209486795,35.21817089979122,34.298115209486795,35.13280487060547,55400,0.0,0.0
2024-06-03 00:00:00-04:00,35.41735426408224,35.59756981427888,34.9715535230493,35.00949478149414,54800,0.0,0.0
2024-06-04 00:00:00-04:00,34.93361385987287,35.28456143447031,34.79133595808284,35.246620178222656,33400,0.0,0.0
2024-06-05 00:00:00-04:00,35.41734984912042,35.41734984912042,35.08537292480469,35.08537292480469,35000,0.0,0.0
2024-06-06 00:00:00-04:00,35.01897279679076,35.18970481474808,34.72493713563525,34.75339126586914,31300,0.0,0.0
2024-06-07 00:00:00-04:00,34.55421212459994,34.68700291698814,34.23171864953815,34.383480072021484,34400,0.0,0.0
2024-06-10 00:00:00-04:00,34.31707760685131,34.487809624260684,34.07046308469246,34.30759048461914,30800,0.0,0.0
2024-06-11 00:00:00-04:00,34.1842848595194,34.630081885102086,33.80487959432708,34.544715881347656,35000,0.0,0.0
2024-06-12 00:00:00-04:00,35.142280537261655,35.142280537261655,34.24119567871094,34.24119567871094,50800,0.0,0.0
2024-06-13 00:00:00-04:00,34.09892682918094,34.55421108290563,33.842828758033754,34.49729919433594,35900,0.0,0.0
2024-06-14 00:00:00-04:00,34.269655340741636,34.411929620069884,33.84282526620241,34.032527923583984,38700,0.0,0.0
2024-06-17 00:00:00-04:00,33.97561447519175,34.45935641013639,33.58672567370541,34.22222900390625,31800,0.0,0.0
2024-06-18 00:00:00-04:00,34.03253629347094,34.40245457628941,33.89025836087393,33.94717025756836,47100,0.0,0.0
2024-06-20 00:00:00-04:00,34.02304679042243,34.53524297004167,34.02304679042243,34.21274948120117,40100,0.0,0.0
2024-06-21 00:00:00-04:00,34.288622261941136,34.51626253157087,33.99458299386948,34.013553619384766,137700,0.0,0.0
2024-06-24 00:00:00-04:00,34.20325894454354,35.41735012673129,34.20325894454354,35.04743194580078,60800,0.0,0.0
2024-06-25 00:00:00-04:00,35.01897519083533,35.01897519083533,34.73442301421227,34.92412567138672,28300,0.0,0.0
2024-06-26 00:00:00-04:00,34.60163471961441,35.16125560833527,34.554209956491114,35.075889587402344,78200,0.0,0.0
2024-06-27 00:00:00-04:00,35.275075534211005,35.68293500731989,35.0569187306398,35.55963134765625,59800,0.0,0.0
2024-06-28 00:00:00-04:00,35.85628793807683,35.85628793807683,35.121801159307175,35.37934875488281,823300,0.211,0.0
2024-07-01 00:00:00-04:00,35.45565927661802,35.531971297148345,34.702098087046885,35.121803283691406,39100,0.0,0.0
2024-07-02 00:00:00-04:00,35.102719937298716,35.684586269654176,35.102719937298716,35.46519470214844,36300,0.0,0.0
2024-07-03 00:00:00-04:00,35.4651953622852,35.493810546783884,34.68301545009443,34.7402458190918,41400,0.0,0.0
2024-07-05 00:00:00-04:00,34.64485542431001,35.18856569922777,34.415926697374374,35.15040969848633,79100,0.0,0.0
2024-07-08 00:00:00-04:00,35.27442112742261,35.53196871989553,35.18857192993164,35.18857192993164,31100,0.0,0.0
2024-07-09 00:00:00-04:00,35.1313397181571,35.38888365838927,34.84517331566453,35.236263275146484,28500,0.0,0.0
2024-07-10 00:00:00-04:00,35.264878390477385,35.980287043968225,35.13133602402681,35.94213104248047,31900,0.0,0.0
2024-07-11 00:00:00-04:00,36.36183741493629,37.430183661437205,36.36183741493629,37.22032928466797,56300,0.0,0.0
2024-07-12 00:00:00-04:00,37.57325777286955,38.09789000006345,37.477871418382,37.66864776611328,48700,0.0,0.0
2024-07-15 00:00:00-04:00,37.79265509857211,37.897582287863465,37.19171442332358,37.51603317260742,52700,0.0,0.0
2024-07-16 00:00:00-04:00,37.487416062207856,38.53668436426493,37.487416062207856,38.3745231628418,67000,0.0,0.0
2024-07-17 00:00:00-04:00,38.19328900886976,39.50010129535566,38.19328900886976,39.2425537109375,65200,0.0,0.0
2024-07-18 00:00:00-04:00,39.09947499330546,39.58595134858433,38.70838501709865,38.918235778808594,37700,0.0,0.0
2024-07-19 00:00:00-04:00,38.94685205339539,39.566870754280735,38.20282451807334,38.384063720703125,34900,0.0,0.0
2024-07-22 00:00:00-04:00,38.384064721649466,38.87054105776102,37.9166627495951,38.86100387573242,28700,0.0,0.0
2024-07-23 00:00:00-04:00,38.66068666556228,39.39517339950087,38.46991391493468,38.86100387573242,52800,0.0,0.0
2024-07-24 00:00:00-04:00,38.77515021757871,39.547789229421056,38.240977116562085,39.280704498291016,44800,0.0,0.0
2024-07-25 00:00:00-04:00,39.24254672262168,40.02472651878307,38.74652964526825,38.82284164428711,69500,0.0,0.0
2024-07-26 00:00:00-04:00,39.1471673339339,39.40471491835206,38.91823493486541,39.2425537109375,32200,0.0,0.0
2024-07-29 00:00:00-04:00,39.50963862145416,39.843498219696805,38.43175873011093,38.937313079833984,40000,0.0,0.0
2024-07-30 00:00:00-04:00,38.89915749267995,39.3665594797549,38.73699992168394,39.32840347290039,34300,0.0,0.0
2024-07-31 00:00:00-04:00,39.55734071372517,39.89119671764494,38.90870307288887,39.404720306396484,47700,0.0,0.0
2024-08-01 00:00:00-04:00,39.67179897550589,39.967502560940154,38.794229039987044,39.26163101196289,34600,0.0,0.0
2024-08-02 00:00:00-04:00,38.2600587043301,39.86257451887061,37.82127556526129,39.18532180786133,68300,0.0,0.0
2024-08-05 00:00:00-04:00,38.164664921557694,38.24097692364219,36.714773269517785,36.9627799987793,79100,0.0,0.0
2024-08-06 00:00:00-04:00,36.924626792994275,37.17263717978713,36.41907247656109,36.6861572265625,64800,0.0,0.0
2024-08-07 00:00:00-04:00,37.02001893407428,37.086790125418666,36.23783900224828,36.428611755371094,40200,0.0,0.0
2024-08-08 00:00:00-04:00,36.58123585241642,36.69570388241171,36.22830185682442,36.333229064941406,30700,0.0,0.0
2024-08-09 00:00:00-04:00,36.39999433488798,36.46676552213206,35.88489920007071,36.39045715332031,29800,0.0,0.0
2024-08-12 00:00:00-04:00,36.39046195517291,36.399999137999046,35.85628874797743,36.161529541015625,34800,0.0,0.0
2024-08-13 00:00:00-04:00,36.36184381287373,36.45723383671504,36.104296206638224,36.34276580810547,29200,0.0,0.0
2024-08-14 00:00:00-04:00,36.066136024115856,36.71477349071576,36.066136024115856,36.5526123046875,28200,0.0,0.0
2024-08-15 00:00:00-04:00,36.91508961700854,37.24894555456111,36.5335368551569,36.886470794677734,32600,0.0,0.0
2024-08-16 00:00:00-04:00,36.781546282028735,37.17263621527907,36.50492071884377,36.91508865356445,27100,0.0,0.0
2024-08-19 00:00:00-04:00,36.76247093982964,37.2871032825658,36.76247093982964,37.144020080566406,23800,0.0,0.0
2024-08-20 00:00:00-04:00,36.9150894825143,36.95324548631181,36.68615709848603,36.79108428955078,38000,0.0,0.0
2024-08-21 00:00:00-04:00,37.01047927490023,37.33479805964901,36.67662330769875,37.10586929321289,37200,0.0,0.0
2024-08-22 00:00:00-04:00,37.21079272493068,37.287104739313605,36.27599238128253,36.30461120605469,32200,0.0,0.0
2024-08-23 00:00:00-04:00,36.49537644134571,37.22032587351408,36.094749364691914,36.39999008178711,110700,0.0,0.0
2024-08-26 00:00:00-04:00,36.75293324618577,36.90555364321772,36.19014484986343,36.25691604614258,61100,0.0,0.0
2024-08-27 00:00:00-04:00,36.44768949086833,36.89601346268119,36.037521524902736,36.638465881347656,43100,0.0,0.0
2024-08-28 00:00:00-04:00,36.810162993050156,37.36341050363175,36.43815104582589,36.77200698852539,42100,0.0,0.0
2024-08-29 00:00:00-04:00,36.97231717966159,37.15355636523398,36.60030526639105,36.9627799987793,39000,0.0,0.0
2024-08-30 00:00:00-04:00,36.92462332372081,37.210786048801,36.55261141724092,37.18217086791992,60400,0.0,0.0
2024-09-03 00:00:00-04:00,37.182176804290584,37.35387519450273,36.71477846107967,36.72431564331055,31300,0.0,0.0
2024-09-04 00:00:00-04:00,36.60985462699022,36.943710617106035,36.5240054239951,36.733856201171875,23900,0.0,0.0
2024-09-05 00:00:00-04:00,37.00094367872135,37.08679287950463,36.51446366136364,36.56216049194336,24600,0.0,0.0
2024-09-06 00:00:00-04:00,36.676619719414425,36.81969927474942,36.14244658539615,36.19013977050781,25900,0.0,0.0
2024-09-09 00:00:00-04:00,36.09475049197939,36.390454037856486,35.86581812762994,36.371376037597656,27200,0.0,0.0
2024-09-10 00:00:00-04:00,36.49538322860478,37.229869977823235,36.42861203674465,37.124942779541016,35600,0.0,0.0
2024-09-11 00:00:00-04:00,36.99139680842743,36.99139680842743,36.199679765112926,36.314144134521484,27100,0.0,0.0
2024-09-12 00:00:00-04:00,36.53353474171283,36.62892474603589,36.26645000712147,36.54307556152344,27100,0.0,0.0
2024-09-13 00:00:00-04:00,36.88647713388566,37.33480116029554,36.55262113895753,37.32526397705078,24300,0.0,0.0
2024-09-16 00:00:00-04:00,37.49695740527595,37.63049978551048,37.277565832211074,37.5541877746582,23200,0.0,0.0
2024-09-17 00:00:00-04:00,37.678189268263104,37.954814822268396,37.36340771258331,37.449256896972656,45300,0.0,0.0
2024-09-18 00:00:00-04:00,37.64957934452855,37.8975861125363,37.058172152247494,37.210792541503906,35400,0.0,0.0
2024-09-19 00:00:00-04:00,37.48741132948971,37.48741132948971,36.76246552180201,37.19171142578125,35500,0.0,0.0
2024-09-20 00:00:00-04:00,37.039098829994366,37.039098829994366,36.15199165536164,36.180606842041016,177600,0.0,0.0
2024-09-23 00:00:00-04:00,36.32369031760091,36.47631071226489,36.123373093114175,36.17106628417969,31700,0.0,0.0
2024-09-24 00:00:00-04:00,36.142448998803324,36.30461020551941,35.961213427774304,36.027984619140625,51500,0.0,0.0
2024-09-25 00:00:00-04:00,36.0279816199917,36.0279816199917,35.551042499216734,35.70366287231445,64400,0.0,0.0
2024-09-26 00:00:00-04:00,35.84675274814135,35.84675274814135,35.41750673165405,35.42704391479492,40600,0.0,0.0
2024-09-27 00:00:00-04:00,35.655966460053754,35.98982235886957,35.38887810224471,35.78950881958008,41100,0.0,0.0
2024-09-30 00:00:00-04:00,35.876810283037685,36.01110791237555,35.59862024550299,35.934364318847656,38500,0.211,0.0
2024-10-01 00:00:00-04:00,35.934365292597214,36.03988590688949,35.550658292567896,35.761695861816406,27200,0.0,0.0
2024-10-02 00:00:00-04:00,35.71372975668126,35.89599029097773,35.45472563362688,35.51228332519531,20600,0.0,0.0
2024-10-03 00:00:00-04:00,35.37798573486438,35.42594864821178,34.93671741779539,34.984683990478516,26900,0.0,0.0
2024-10-04 00:00:00-04:00,35.080608844770794,35.262869374173114,34.62015830259469,34.9942741394043,33000,0.0,0.0
2024-10-07 00:00:00-04:00,34.831201814954206,34.831201814954206,34.23644995664362,34.36115646362305,32300,0.0,0.0
2024-10-08 00:00:00-04:00,34.361161027592736,34.370755807507955,33.92948741481668,34.15011978149414,36100,0.0,0.0
2024-10-09 00:00:00-04:00,34.12133798583309,34.85038746524729,33.99663147973984,34.322784423828125,39700,0.0,0.0
2024-10-10 00:00:00-04:00,34.11174831398183,34.50505008742319,34.015818820864425,34.22686004638672,38100,0.0,0.0
2024-10-11 00:00:00-04:00,34.14052630214208,34.78323745727539,34.14052630214208,34.78323745727539,28300,0.0,0.0
2024-10-14 00:00:00-04:00,34.84079039676618,35.26286914282458,34.735269795417686,35.118980407714844,27000,0.0,0.0
2024-10-15 00:00:00-04:00,35.330023133933835,36.03029192113829,35.330023133933835,35.75210189819336,44600,0.0,0.0
2024-10-16 00:00:00-04:00,36.011105283212984,36.54829576134429,36.011105283212984,36.49074172973633,44000,0.0,0.0
2024-10-17 00:00:00-04:00,36.6250380163696,36.6250380163696,36.07825277997907,36.26051330566406,22400,0.0,0.0
2024-10-18 00:00:00-04:00,36.318075388572076,36.509930715278564,35.96314541273346,36.37562942504883,35500,0.0,0.0
2024-10-21 00:00:00-04:00,36.21254846443656,36.366031967183936,35.73291206093408,35.9151725769043,26700,0.0,0.0
2024-10-22 00:00:00-04:00,35.7904714119173,35.92476902565272,35.56983909516118,35.694541931152344,26400,0.0,0.0
2024-10-23 00:00:00-04:00,35.51228405076039,35.713730486362174,35.214908127251256,35.46432113647461,18400,0.0,0.0
2024-10-24 00:00:00-04:00,35.387575653703685,35.46431923992551,34.53382338333168,34.59138107299805,20400,0.0,0.0
2024-10-25 00:00:00-04:00,34.62015819395231,34.754455810915275,34.054187051511505,34.102149963378906,34400,0.0,0.0
2024-10-28 00:00:00-04:00,34.10214879043409,34.75445461553437,34.063776998525725,34.3995246887207,38400,0.0,0.0
2024-10-29 00:00:00-04:00,34.236445790257896,34.24604056773107,33.94866467476478,34.121334075927734,31100,0.0,0.0
2024-10-30 00:00:00-04:00,34.15011262805463,34.485860327367384,34.01581501206376,34.063777923583984,26500,0.0,0.0
2024-10-31 00:00:00-04:00,33.9294804281686,34.265228128674515,33.73762512207031,33.73762512207031,36200,0.0,0.0
2024-11-01 00:00:00-04:00,34.03500642906499,34.2364528857262,33.76641115351672,33.8431510925293,39700,0.0,0.0
2024-11-04 00:00:00-05:00,33.967850793679325,33.99662780761719,33.73762370417007,33.99662780761719,31300,0.0,0.0
2024-11-05 00:00:00-05:00,33.99662902385108,35.24368667602539,33.90070320106947,35.24368667602539,50400,0.0,0.0
2024-11-06 00:00:00-05:00,35.828838876342815,36.93200409887455,35.65616947352332,36.59626007080078,80500,0.0,0.0
2024-11-07 00:00:00-05:00,36.28929325264112,36.66340907432435,35.656169665995066,35.78087615966797,52600,0.0,0.0
2024-11-08 00:00:00-05:00,36.068663165374545,36.14540676149227,35.7425102005464,35.9631462097168,32300,0.0,0.0
2024-11-11 00:00:00-05:00,35.924768409352815,36.08784303485237,35.368388408467474,35.416351318359375,34100,0.0,0.0
2024-11-12 00:00:00-05:00,35.28205505231647,35.30124094887193,34.553009279887135,34.59138107299805,52100,0.0,0.0
2024-11-13 00:00:00-05:00,34.773646423382054,34.773646423382054,34.19808408424672,34.255638122558594,33200,0.0,0.0
2024-11-14 00:00:00-05:00,34.13093184345431,34.19808065430746,33.90070473528943,33.96785354614258,43300,0.0,0.0
2024-11-15 00:00:00-05:00,34.14052340544583,34.43789932832266,33.574552235671085,34.40911865234375,35600,0.0,0.0
2024-11-18 00:00:00-05:00,34.47626761173821,34.59138299747534,34.20767236368984,34.24604415893555,36700,0.0,0.0
2024-11-19 00:00:00-05:00,34.25562896324968,34.31318664550781,33.9198849650817,34.31318664550781,39600,0.0,0.0
2024-11-20 00:00:00-05:00,34.169299497451505,34.2940059984234,33.9582619488864,34.0541877746582,25800,0.0,0.0
2024-11-21 00:00:00-05:00,34.25563313689866,34.28441381120188,33.86233140855332,34.02540969848633,50700,0.0,0.0
2024-11-22 00:00:00-05:00,34.054187521153224,34.71608449645706,34.054187521153224,34.70649337768555,50400,0.0,0.0
2024-11-25 00:00:00-05:00,34.85997917241258,35.10938852946962,34.428305612760106,34.600975036621094,66900,0.0,0.0
2024-11-26 00:00:00-05:00,34.4762705550225,34.56260527202796,34.11174944707601,34.45708465576172,54000,0.0,0.0
2024-11-27 00:00:00-05:00,34.32278168993171,34.95590162986926,34.21726109005286,34.5146369934082,51700,0.0,0.0
2024-11-29 00:00:00-05:00,34.4378982670201,34.764051196488715,34.30359698837424,34.380340576171875,28200,0.0,0.0
2024-12-02 00:00:00-05:00,34.34196998771402,34.38034178295973,33.804779491617275,34.24604415893555,56500,0.0,0.0
2024-12-03 00:00:00-05:00,34.08296458090591,34.19807996232692,33.64169993013237,33.65129470825195,45900,0.0,0.0
2024-12-04 00:00:00-05:00,33.67048207041572,33.67048207041572,33.4210726913818,33.55537033081055,66900,0.0,0.0
2024-12-05 00:00:00-05:00,33.40188492861849,33.53618256055699,33.238810278217755,33.37310791015625,48500,0.0,0.0
2024-12-06 00:00:00-05:00,33.353917115280474,33.421065921392746,32.960615396907684,33.18124771118164,72700,0.0,0.0
2024-12-09 00:00:00-05:00,33.37310301121762,33.5649583112536,33.05654121725793,33.18124771118164,71600,0.0,0.0
2024-12-10 00:00:00-05:00,33.2100226011581,33.63210496610608,32.74957210612551,33.48821258544922,79800,0.0,0.0
2024-12-11 00:00:00-05:00,33.35391855115872,33.718443270986235,33.046951521620485,33.61292266845703,82900,0.0,0.0
2024-12-12 00:00:00-05:00,33.5169935578341,33.804778353149196,33.21962130303417,33.32514190673828,42300,0.0,0.0
2024-12-13 00:00:00-05:00,33.26758835013694,33.44984890506267,33.1812536326803,33.401885986328125,39700,0.0,0.0
2024-12-16 00:00:00-05:00,33.44984890506267,33.86233659298481,33.38270008696708,33.401885986328125,47700,0.0,0.0
2024-12-17 00:00:00-05:00,33.200433275076016,33.910293120973584,33.200433275076016,33.63210678100586,85300,0.0,0.0
2024-12-18 00:00:00-05:00,33.79518558857058,33.833557384810284,32.23156965549397,32.289127349853516,104200,0.0,0.0
2024-12-19 00:00:00-05:00,32.337082229067455,32.86468148856858,32.0109293607574,32.04930114746094,84000,0.0,0.0
2024-12-20 00:00:00-05:00,31.86704646147381,32.538534554575435,31.86704646147381,32.0684928894043,310500,0.0,0.0
2024-12-23 00:00:00-05:00,31.847860814626824,31.876637830461174,31.425778399266015,31.761526107788086,78800,0.0,0.0
2024-12-24 00:00:00-05:00,31.608041041541913,31.78071044675435,31.416185740268592,31.656003952026367,29100,0.0,0.0
2024-12-26 00:00:00-05:00,31.464153247755693,32.020533336803496,31.377818532535727,31.972570419311523,53300,0.0,0.0
2024-12-27 00:00:00-05:00,31.809488187541664,31.97256647811528,31.46414936923104,31.608041763305664,52000,0.0,0.0
2024-12-30 00:00:00-05:00,31.44496441786514,31.87663795372812,31.36822448889822,31.780712127685547,79500,0.0,0.0
2024-12-31 00:00:00-05:00,31.90528312503738,32.06944291803512,31.461082137728663,31.59627342224121,62900,0.219,0.0
2025-01-02 00:00:00-05:00,31.866655262103972,32.28188773142628,31.287263003540176,31.37417221069336,49900,0.0,0.0
2025-01-03 00:00:00-05:00,31.4803919257093,31.567301134588238,31.190695790674912,31.2679500579834,53000,0.0,0.0
2025-01-06 00:00:00-05:00,31.21000918854254,31.23897769678329,30.273323304615328,30.29263687133789,68700,0.0,0.0
2025-01-07 00:00:00-05:00,30.29263582895301,30.456797456759727,29.780837379474875,30.205726623535156,75800,0.0,0.0
2025-01-08 00:00:00-05:00,30.00293756328574,30.06087641903667,29.703584659755762,30.02225112915039,47300,0.0,0.0
2025-01-10 00:00:00-05:00,29.713240594230232,29.858088650392943,29.26903780124256,29.471826553344727,83500,0.0,0.0
2025-01-13 00:00:00-05:00,29.26904007032889,29.442858487936626,28.989000718949956,29.34629249572754,71700,0.0,0.0
2025-01-14 00:00:00-05:00,29.55873508188386,29.751865205085814,29.394573464148596,29.732553482055664,48100,0.0,0.0
2025-01-15 00:00:00-05:00,30.176757040573975,30.244352681649968,29.78083813554909,29.790494918823242,47900,0.0,0.0
2025-01-16 00:00:00-05:00,29.790494754345254,30.43748449539675,29.790494754345254,30.418170928955078,47600,0.0,0.0
2025-01-17 00:00:00-05:00,30.611300678005943,30.64992596623029,30.19606823899733,30.23469352722168,39900,0.0,0.0
2025-01-21 00:00:00-05:00,30.418170436701608,30.910653480092996,30.360231580157276,30.37954330444336,55300,0.0,0.0
2025-01-22 00:00:00-05:00,30.1767571631483,30.1767571631483,28.98900044324912,28.9986572265625,94700,0.0,0.0
2025-01-23 00:00:00-05:00,28.97934077187305,29.23041158747006,28.834492720294023,29.07590675354004,106300,0.0,0.0
2025-01-24 00:00:00-05:00,28.969683136348014,29.326976705440494,28.931056008081647,29.16281509399414,49000,0.0,0.0
2025-01-27 00:00:00-05:00,29.21109876309689,30.47610781365051,29.21109876309689,30.25400733947754,113400,0.0,0.0
2025-01-28 00:00:00-05:00,30.26366424560547,30.42782586671709,30.118816189764146,30.26366424560547,61200,0.0,0.0
2025-01-29 00:00:00-05:00,30.1381279146591,30.41816908556319,29.78083616635597,29.944997787475586,48200,0.0,0.0
2025-01-30 00:00:00-05:00,30.157443904623126,30.418171531218775,29.703586135316076,29.829120635986328,35300,0.0,0.0
2025-01-31 00:00:00-05:00,29.703584726616423,30.012594413774284,29.645645870735077,29.867746353149414,59600,0.0,0.0
2025-02-03 00:00:00-05:00,29.57804925655704,30.582332611083984,29.41388762521487,30.582332611083984,73900,0.0,0.0
2025-02-04 00:00:00-05:00,30.582331567605447,30.582331567605447,30.12847382201254,30.49542236328125,46800,0.0,0.0
2025-02-05 00:00:00-05:00,30.611301726454588,30.929966351209377,30.456796884579482,30.640270233154297,42900,0.0,0.0
2025-02-06 00:00:00-05:00,30.76580508458789,30.76580508458789,30.379541156685463,30.514734268188477,36800,0.0,0.0
2025-02-07 00:00:00-05:00,30.408511804477115,30.456795716863752,30.128472480006334,30.22503662109375,34700,0.0,0.0
2025-02-10 00:00:00-05:00,30.31194717172539,30.514735929096187,30.12847382201254,30.49542236328125,40700,0.0,0.0
2025-02-11 00:00:00-05:00,30.447141534897856,31.13275841460369,30.25400955254163,31.08447265625,34200,0.0,0.0
2025-02-12 00:00:00-05:00,30.70786622935169,31.210007892223143,30.70786622935169,30.98790740966797,45700,0.0,0.0
2025-02-13 00:00:00-05:00,31.055501037759527,31.789398076784828,30.94927827391825,31.77008819580078,57500,0.0,0.0
2025-02-14 00:00:00-05:00,31.866656789637425,31.992193135695437,31.412797165672057,31.663869857788086,51500,0.0,0.0
2025-02-18 00:00:00-05:00,31.770088139310623,32.08875274658203,31.663865375658222,32.08875274658203,74100,0.0,0.0
2025-02-19 00:00:00-05:00,31.86665058274896,32.37844712545008,31.86665058274896,32.262569427490234,29900,0.0,0.0
2025-02-20 00:00:00-05:00,32.050125258571015,32.581239070888216,32.050125258571015,32.378448486328125,67600,0.0,0.0
2025-02-21 00:00:00-05:00,32.658490574917835,32.658490574917835,31.972875595092773,31.972875595092773,55400,0.0,0.0
2025-02-24 00:00:00-05:00,32.175665694062474,32.3205156038609,31.403141437072048,31.59627342224121,85100,0.0,0.0
2025-02-25 00:00:00-05:00,31.644555959400474,32.803344203639405,31.644555959400474,32.446048736572266,67900,0.0,0.0
2025-02-26 00:00:00-05:00,32.272230660446226,32.378453439158235,32.01150671011753,32.146697998046875,32900,0.0,0.0
2025-02-27 00:00:00-05:00,32.108067234984176,32.108067234984176,30.176754920097906,31.210006713867188,168600,0.0,0.0
2025-02-28 00:00:00-05:00,31.403484308610246,31.675715183983648,31.043755022972555,31.160423278808594,94200,0.219,0.0
2025-03-03 00:00:00-05:00,31.30626198210853,32.550733291797684,31.30626198210853,32.49239730834961,110600,0.0,0.0
2025-03-04 00:00:00-05:00,32.618792631803025,33.134084587121926,31.95766626970195,32.628517150878906,119100,0.0,0.0
2025-03-05 00:00:00-05:00,32.62851374475049,32.91046171862342,32.35628287130438,32.50212097167969,72900,0.0,0.0
2025-03-06 00:00:00-05:00,32.37572959531523,32.71601727459882,31.85071686189514,32.60906982421875,62200,0.0,0.0
2025-03-07 00:00:00-05:00,32.774351253576675,33.88270905363402,32.774351253576675,33.522979736328125,89900,0.0,0.0
2025-03-10 00:00:00-04:00,33.51325340806507,34.41744066635313,33.51325340806507,34.028541564941406,100200,0.0,0.0
2025-03-11 00:00:00-04:00,34.02854105073481,34.02854105073481,33.50352838440748,33.6688117980957,89800,0.0,0.0
2025-03-12 00:00:00-04:00,33.58131419232446,33.61048033031671,32.53128871879794,32.891021728515625,73700,0.0,0.0
2025-03-13 00:00:00-04:00,32.86184804558485,33.74658997996848,32.86184804558485,33.5813102722168,53100,0.0,0.0
2025-03-14 00:00:00-04:00,33.513257730936886,33.7952057215713,33.114637769539435,33.69798278808594,49800,0.0,0.0
2025-03-17 00:00:00-04:00,33.69798112100854,33.921596824016085,33.445199281161706,33.51325607299805,45000,0.0,0.0
2025-03-18 00:00:00-04:00,33.347970069066335,33.63964254139188,33.260467956487,33.5813102722168,76100,0.0,0.0
2025-03-19 00:00:00-04:00,33.542419246531956,33.69797814396031,33.28963742901714,33.5035285949707,70300,0.0,0.0
2025-03-20 00:00:00-04:00,33.36741528631016,33.561864836832335,32.60906611897206,33.09518814086914,104900,0.0,0.0
2025-03-21 00:00:00-04:00,33.1049162218742,33.484090888839866,32.3854575483541,32.53129196166992,168500,0.0,0.0
2025-03-24 00:00:00-04:00,32.57017861961371,32.86185111921998,32.35628372245449,32.49239730834961,66300,0.0,0.0
2025-03-25 00:00:00-04:00,32.31739428677942,32.31739428677942,31.704879488605943,32.11322021484375,52200,0.0,0.0
2025-03-26 00:00:00-04:00,31.996553769148655,32.58962327443041,31.86044018606438,32.541011810302734,49200,0.0,0.0
2025-03-27 00:00:00-04:00,32.531288538487644,32.9007423558826,32.44378641617876,32.85213088989258,42700,0.0,0.0
2025-03-28 00:00:00-04:00,33.027135645875745,33.970209968898686,33.027135645875745,33.69798278808594,91400,0.0,0.0
2025-03-31 00:00:00-04:00,33.824373746411325,34.329941132695964,33.445199133902086,33.71742630004883,93400,0.0,0.0
2025-04-01 00:00:00-04:00,33.484082745578775,34.11604284270848,33.47436193724881,33.83409118652344,45800,0.0,0.0
2025-04-02 00:00:00-04:00,33.71742607815814,33.71742607815814,33.260470159004456,33.43547439575195,42700,0.0,0.0
2025-04-03 00:00:00-04:00,33.347973934008934,34.543833805312396,33.32852860575801,34.31049728393555,53400,0.0,0.0
2025-04-04 00:00:00-04:00,34.22299719321285,34.98134649594046,33.172971658220135,33.6396484375,85400,0.0,0.0
2025-04-07 00:00:00-04:00,32.99796570543331,33.581314431146836,32.07433671348359,32.725738525390625,75900,0.0,0.0
2025-04-08 00:00:00-04:00,33.07574211099964,33.29935779125519,32.32711376815285,32.69656753540039,82300,0.0,0.0
2025-04-09 00:00:00-04:00,32.42433801830592,33.67853374972221,31.549320586874856,32.11322021484375,136500,0.0,0.0
2025-04-10 00:00:00-04:00,31.840991633029734,32.978515355412874,31.840991633029734,32.90073776245117,63200,0.0,0.0
2025-04-11 00:00:00-04:00,32.90074043559592,33.46464008403835,32.35628240536108,33.31880569458008,63800,0.0,0.0
2025-04-14 00:00:00-04:00,33.250750038656456,34.07715606689453,33.11463645365885,34.07715606689453,72200,0.0,0.0
2025-04-15 00:00:00-04:00,34.07715824538501,34.398000609519116,33.83409719697453,34.135494232177734,60800,0.0,0.0
2025-04-16 00:00:00-04:00,34.25216191792356,34.58272508652642,34.05771234071884,34.46605682373047,77200,0.0,0.0
2025-04-17 00:00:00-04:00,34.28132771840423,34.767449802214266,34.04799119511303,34.6313362121582,68100,0.0,0.0
2025-04-21 00:00:00-04:00,34.6605044259114,34.854950283219004,34.339662085483255,34.68967056274414,45900,0.0,0.0
2025-04-22 00:00:00-04:00,34.9035677629478,35.36052000839854,34.689672855193905,35.27301788330078,93600,0.0,0.0
2025-04-23 00:00:00-04:00,35.22440593252529,35.467466975704866,34.096602840524774,34.67022705078125,72400,0.0,0.0
2025-04-24 00:00:00-04:00,34.58272199377987,34.58272199377987,34.07715462178757,34.174381256103516,52300,0.0,0.0
2025-04-25 00:00:00-04:00,33.892428980638236,33.91187430715765,33.28963869380341,33.81464767456055,51200,0.0,0.0
2025-04-28 00:00:00-04:00,33.697982529966204,33.75631851490088,33.23130577694021,33.62020492553711,36200,0.0,0.0
2025-04-29 00:00:00-04:00,33.45491533132179,34.51466142192511,33.45491533132179,34.41743850708008,57500,0.0,0.0
2025-04-30 00:00:00-04:00,34.44660763399361,34.44660763399361,33.82437202373891,34.222991943359375,62500,0.0,0.0
2025-05-01 00:00:00-04:00,34.3104940087625,34.3104940087625,33.40630672989957,33.97993087768555,54000,0.0,0.0
2025-05-02 00:00:00-04:00,34.193827367403415,34.222997215939714,33.65909378925788,34.125770568847656,66000,0.0,0.0
2025-05-05 00:00:00-04:00,33.89243210426465,33.89243210426465,33.4063100229271,33.62020492553711,43500,0.0,0.0
2025-05-06 00:00:00-04:00,33.406307172376664,34.28132461882898,33.25074826797513,34.09659957885742,57000,0.0,0.0
2025-05-07 00:00:00-04:00,33.85353565169992,34.125762783820434,32.21044463326086,32.259056091308594,81700,0.0,0.0
2025-05-08 00:00:00-04:00,32.23961546224338,32.41461970375897,31.520153168366253,31.78265953063965,72700,0.0,0.0
2025-05-09 00:00:00-04:00,31.704882383170318,31.96738874921074,31.490987482955802,31.879886627197266,61700,0.0,0.0
2025-05-12 00:00:00-04:00,31.782658130468803,31.840994111343054,31.072920386174758,31.209033966064453,84200,0.0,0.0
2025-05-13 00:00:00-04:00,31.354872788468175,31.49098637150352,31.08264376798899,31.3840389251709,107800,0.0,0.0
2025-05-14 00:00:00-04:00,31.38403941591517,31.403484743626706,30.343738490658694,30.790971755981445,88300,0.0,0.0
2025-05-15 00:00:00-04:00,31.092365048288244,31.743770506596,30.98541946112248,31.72432518005371,79000,0.0,0.0
2025-05-16 00:00:00-04:00,31.724326166433336,32.20072370067277,31.724326166433336,31.977108001708984,86500,0.0,0.0
2025-05-19 00:00:00-04:00,31.947946890771593,32.647963942903594,31.792387957944204,32.53129196166992,53200,0.0,0.0
2025-05-20 00:00:00-04:00,32.41461970590257,32.77434899845639,32.395174378086544,32.49239730834961,34100,0.0,0.0
2025-05-21 00:00:00-04:00,32.22989340081675,32.599343488494824,31.76321296902471,32.181278228759766,51600,0.0,0.0
2025-05-22 00:00:00-04:00,31.938213780995092,31.99654975592159,31.442370974977674,31.568763732910156,51200,0.0,0.0
2025-05-23 00:00:00-04:00,31.568766276532234,31.9284955455225,31.325705257978868,31.72432518005371,44400,0.0,0.0
2025-05-27 00:00:00-04:00,31.79238021182885,32.122943327148555,31.656266642370724,31.98682975769043,44200,0.0,0.0
2025-05-28 00:00:00-04:00,31.850715563170887,31.86044008125462,31.267370577923856,31.364593505859375,53700,0.0,0.0
2025-05-29 00:00:00-04:00,31.277090486730984,31.81182770143227,31.267369677744078,31.597932815551758,67000,0.0,0.0
2025-05-30 00:00:00-04:00,31.646543009345528,31.977106133900257,31.092364198888593,31.753490447998047,149600,0.0,0.0
2025-06-02 00:00:00-04:00,31.73404909263791,32.142393572330086,31.403485926722215,31.54932403564453,62300,0.0,0.0
2025-06-03 00:00:00-04:00,31.510429288932954,31.617376727086032,31.228477626314238,31.490983963012695,50600,0.0,0.0
2025-06-04 00:00:00-04:00,31.588211225646827,31.588211225646827,30.936805775122306,31.179866790771484,101200,0.0,0.0
2025-06-05 00:00:00-04:00,31.09236549875613,31.286815058179382,30.781247687205678,30.90764045715332,73000,0.0,0.0
2025-06-06 00:00:00-04:00,31.024309066061306,31.31598155414199,30.888195485544777,31.004863739013672,71500,0.0,0.0
2025-06-09 00:00:00-04:00,30.9173627797036,31.33542805484389,30.693747073505747,31.296537399291992,64800,0.0,0.0
2025-06-10 00:00:00-04:00,31.471536987222454,31.977104308195152,31.471536987222454,31.772933959960938,61300,0.0,0.0
2025-06-11 00:00:00-04:00,31.947943745771905,32.200725595925654,31.714603515092403,31.73404884338379,48000,0.0,0.0
2025-06-12 00:00:00-04:00,31.73404606850132,31.831272701456587,31.403482934087066,31.763212203979492,48900,0.0,0.0
2025-06-13 00:00:00-04:00,31.607654627131392,31.69515674605654,31.325706651765447,31.3840389251709,53400,0.0,0.0
2025-06-16 00:00:00-04:00,31.413209703418953,31.5590441000797,30.985421759794967,31.131258010864258,56400,0.0,0.0
2025-06-17 00:00:00-04:00,30.956253086198554,31.325706892141607,30.57707847088566,31.19931411743164,112900,0.0,0.0
2025-06-18 00:00:00-04:00,31.15070065571495,31.559041381773522,30.98541909089717,31.179866790771484,99900,0.0,0.0
2025-06-20 00:00:00-04:00,31.3743178153702,31.617378842410115,30.761802988760873,30.839582443237305,225000,0.0,0.0
2025-06-23 00:00:00-04:00,30.868752735271748,31.88960838317871,30.868752735271748,31.88960838317871,109500,0.0,0.0
2025-06-24 00:00:00-04:00,31.986833355865823,32.03544482059533,31.539598237430052,31.70488166809082,98800,0.0,0.0
2025-06-25 00:00:00-04:00,31.55904304898642,31.55904304898642,30.75208050857696,30.87847328186035,55900,0.0,0.0
2025-06-26 00:00:00-04:00,30.78124791278712,31.20903397959982,30.625689005871873,31.189592361450195,97500,0.0,0.0
2025-06-27 00:00:00-04:00,31.11181196322124,31.6076548345056,30.800694140294386,30.956253051757812,202700,0.0,0.0
2025-06-30 00:00:00-04:00,31.08253809672322,31.15106622841244,30.465783044268683,30.935691833496094,146300,0.219,0.0
2025-07-01 00:00:00-04:00,30.916113121731204,32.02235700919546,30.818214986417605,31.64055633544922,83200,0.0,0.0
2025-07-02 00:00:00-04:00,31.728665692866926,31.846141965967767,31.36644500567902,31.444761276245117,75300,0.0,0.0
2025-07-03 00:00:00-04:00,31.474132768456354,31.718877179612303,31.346864628994325,31.660137176513672,35100,0.0,0.0
2025-07-07 00:00:00-04:00,31.386023511400026,31.679716047409354,31.200017242726595,31.229385375976562,69000,0.0,0.0
2025-07-08 00:00:00-04:00,31.32728301821524,31.562239284033243,30.837794221055628,31.307703018188477,123400,0.0,0.0
2025-07-09 00:00:00-04:00,31.297913348991134,31.767824018342473,31.219595215307844,31.718875885009766,60600,0.0,0.0
2025-07-10 00:00:00-04:00,31.54266120685113,31.963621896830464,31.454553068611187,31.532869338989258,66600,0.0,0.0
2025-07-11 00:00:00-04:00,31.297913581763957,31.855932389065615,31.053169178776983,31.141277313232422,66000,0.0,0.0
2025-07-14 00:00:00-04:00,31.14127872622953,31.699297558850603,31.14127872622953,31.669925689697266,73800,0.0,0.0
2025-07-15 00:00:00-04:00,31.591609808583968,31.7678260876628,30.544104002117265,30.553892135620117,78900,0.0,0.0
2025-07-16 00:00:00-04:00,30.61262949575951,31.01401015576614,30.367885099791977,30.446203231811523,107400,0.0,0.0
2025-07-17 00:00:00-04:00,30.504943352742767,30.98464217604228,30.504943352742767,30.583261489868164,115100,0.0,0.0
2025-07-18 00:00:00-04:00,30.75947718834186,31.062959730604717,30.446204645715472,30.52452278137207,95600,0.0,0.0
2025-07-21 00:00:00-04:00,30.54410270156426,30.808425241676066,30.348306429313197,30.387466430664062,121900,0.0,0.0
2025-07-22 00:00:00-04:00,30.377677758870796,31.327285426140048,30.377677758870796,31.004222869873047,168700,0.0,0.0
2025-07-23 00:00:00-04:00,31.092328960307267,31.092328960307267,30.455993890478176,30.641998291015625,79600,0.0,0.0
2025-07-24 00:00:00-04:00,30.446203301196615,30.57346956579908,30.348305169136186,30.358095169067383,80200,0.0,0.0
2025-07-25 00:00:00-04:00,30.35809788244254,30.49515415922615,29.81965904161086,29.92734718322754,116400,0.0,0.0
2025-07-28 00:00:00-04:00,29.95671498405101,29.986083117059604,29.47701618331093,29.51617431640625,89000,0.0,0.0
2025-07-29 00:00:00-04:00,29.604285376890076,30.04482608809079,29.516177234649934,30.035036087036133,91800,0.0,0.0
2025-07-30 00:00:00-04:00,30.035034599649887,30.52452342463179,29.986084596800687,30.044824600219727,99100,0.0,0.0
2025-07-31 00:00:00-04:00,30.01545583016723,30.054615834053486,29.369330704058093,29.623865127563477,124800,0.0,0.0
2025-08-01 00:00:00-04:00,29.937136037338004,30.39725485409579,29.721761629605954,29.80986976623535,141800,0.0,0.0
2025-08-04 00:00:00-04:00,29.770711660315705,30.191672369407105,29.741341657151732,30.035036087036133,89600,0.0,0.0
2025-08-05 00:00:00-04:00,29.9175554097258,29.95671541063034,29.44764660238101,29.525964736938477,111800,0.0,0.0
2025-08-06 00:00:00-04:00,29.57491315358734,30.00566383139767,29.437856883614266,29.937135696411133,69800,0.0,0.0
2025-08-07 00:00:00-04:00,30.025242932740888,30.318935464530025,29.800078533885777,30.23082733154297,89200,0.0,0.0
2025-08-08 00:00:00-04:00,30.34830566023122,30.436413793786212,29.9273449926355,30.27977752685547,84600,0.0,0.0
2025-08-11 00:00:00-04:00,30.27977710627688,30.7105277679792,29.907764577044833,30.269987106323242,98100,0.0,0.0
2025-08-12 00:00:00-04:00,30.377677609036294,31.39581340939311,29.780500636025458,31.180438995361328,188400,0.0,0.0
2025-08-13 00:00:00-04:00,31.170648451934472,31.327284726185265,30.504943352742767,30.583261489868164,133900,0.0,0.0
2025-08-14 00:00:00-04:00,30.55389070437651,30.55389070437651,29.917555623151177,30.025243759155273,101600,0.0,0.0
2025-08-15 00:00:00-04:00,30.103564218164152,30.338518641650342,29.80008165456763,30.26020050048828,169500,0.0,0.0
2025-08-18 00:00:00-04:00,30.25040789605836,30.397254164693027,29.819657223111925,30.064401626586914,96500,0.0,0.0
2025-08-19 00:00:00-04:00,30.113354132095086,30.63221298282501,29.858819707241828,30.57347297668457,90800,0.0,0.0
2025-08-20 00:00:00-04:00,30.818215627375128,31.004221901614358,30.211250536860085,30.397254943847656,93200,0.0,0.0
2025-08-21 00:00:00-04:00,30.318937226273125,30.485363501891257,30.19167095303652,30.407045364379883,64500,0.0,0.0
2025-08-22 00:00:00-04:00,30.641999406816975,31.170648229072455,30.53431313607178,31.072750091552734,93400,0.0,0.0
2025-08-25 00:00:00-04:00,31.09233058711567,31.09233058711567,30.53431362180365,30.544103622436523,78000,0.0,0.0
2025-08-26 00:00:00-04:00,30.544103774715136,30.544103774715136,30.13293308234295,30.367887496948242,481200,0.0,0.0
2025-08-27 00:00:00-04:00,30.31893832471797,30.818217169661075,30.191672046870554,30.612632751464844,94800,0.0,0.0
2025-08-28 00:00:00-04:00,30.700740475434262,30.730108610633508,30.181881635644103,30.37767791748047,73700,0.0,0.0
2025-08-29 00:00:00-04:00,30.46578578856483,30.612632065019568,30.348307647050014,30.41683578491211,89000,0.0,0.0
2025-09-02 00:00:00-04:00,30.387468317541124,30.534314597221865,29.643445050940056,29.711973190307617,94400,0.0,0.0
2025-09-03 00:00:00-04:00,29.65323223892189,30.015452903289972,29.369327840186006,29.780498504638672,153200,0.0,0.0
2025-09-04 00:00:00-04:00,29.8686084756923,30.103562888803,29.72176220090458,30.093772888183594,68900,0.0,0.0
2025-09-05 00:00:00-04:00,30.21124890460252,30.446203301196615,30.005662640550465,30.358095169067383,95800,0.0,0.0
2025-09-08 00:00:00-04:00,30.407045943767038,30.407045943767038,29.68260269117008,29.79029083251953,90900,0.0,0.0
2025-09-09 00:00:00-04:00,29.702183520184878,30.04482608809079,29.702183520184878,30.035036087036133,103900,0.0,0.0
2025-09-10 00:00:00-04:00,30.054615174380505,30.27977959002903,29.555336339300048,29.878398895263672,110800,0.0,0.0
2025-09-11 00:00:00-04:00,29.84902956655776,30.318938409971995,29.83923956558016,30.299360275268555,72600,0.0,0.0
2025-09-12 00:00:00-04:00,30.309148488052244,30.407046630831836,30.005665925962088,30.211252212524414,96800,0.0,0.0
2025-09-15 00:00:00-04:00,30.211250677960344,30.299358815261396,29.60428371735883,29.770709991455078,95600,0.0,0.0
2025-09-16 00:00:00-04:00,29.7315535813053,29.90776799887731,29.447649151922136,29.496597290039062,66900,0.0,0.0
2025-09-17 00:00:00-04:00,29.60428349168287,30.17209044593251,29.60428349168287,29.80986976623535,123800,0.0,0.0
2025-09-18 00:00:00-04:00,29.78050188916132,30.083984455169944,29.6140756044627,29.99587631225586,83700,0.0,0.0
2025-09-19 00:00:00-04:00,29.995876082817503,30.181882368352447,29.829449799391874,30.035036087036133,428800,0.0,0.0
2025-09-22 00:00:00-04:00,29.966505133970905,30.230827668627793,29.819656999187345,30.103561401367188,148300,0.0,0.0
2025-09-23 00:00:00-04:00,30.132933007011296,30.544103698355563,29.976296730999355,30.455995559692383,73900,0.0,0.0
2025-09-24 00:00:00-04:00,30.377675464689116,30.51473173055717,30.12314106575446,30.23082733154297,82600,0.0,0.0
2025-09-25 00:00:00-04:00,30.250408311498152,30.563680853488165,29.829447632979708,29.849027633666992,77600,0.0,0.0
2025-09-26 00:00:00-04:00,29.84902699959438,30.250407668899147,29.84902699959438,30.103561401367188,76800,0.0,0.0
2025-09-29 00:00:00-04:00,30.0741910361399,30.211249169125175,29.69239037173799,29.780498504638672,77300,0.0,0.0
2025-09-30 00:00:00-04:00,29.838678317726917,30.065475485674853,29.79923435071413,29.996450424194336,86700,0.219,0.0
2025-10-01 00:00:00-04:00,29.907703508278285,29.907703508278285,29.50341224861176,29.532995223999023,110400,0.0,0.0
2025-10-02 00:00:00-04:00,29.532997052262726,29.759794235229492,29.266755899671132,29.759794235229492,171400,0.0,0.0
2025-10-03 00:00:00-04:00,29.77951433083773,30.262691643337252,29.582298256808922,29.651323318481445,87000,0.0,0.0
2025-10-06 00:00:00-04:00,29.63160318843472,29.858402251992132,29.572439114842,29.799236297607422,79400,0.0,0.0
2025-10-07 00:00:00-04:00,29.74993129575201,30.114780467735052,29.592159189162548,29.947147369384766,98000,0.0,0.0
2025-10-08 00:00:00-04:00,29.957006395065285,30.282411599078593,29.91756430892615,30.242969512939453,72700,0.0,0.0
2025-10-09 00:00:00-04:00,30.2035255022235,30.5683746726389,30.045753396311937,30.371158599853516,57100,0.0,0.0
2025-10-10 00:00:00-04:00,30.43032641044442,30.73600964923625,30.233110325602738,30.588098526000977,79900,0.0,0.0
2025-10-13 00:00:00-04:00,30.59795964792347,30.80503484517155,29.858402147822638,30.12464141845703,66800,0.0,0.0
2025-10-14 00:00:00-04:00,30.124639472809918,30.51907161868893,30.124639472809918,30.331716537475586,79600,0.0,0.0
2025-10-15 00:00:00-04:00,30.302133457716767,30.814893740956325,30.223247404971595,30.706424713134766,77400,0.0,0.0
2025-10-16 00:00:00-04:00,30.676845524994743,31.002250747887032,30.568376490433323,30.7557315826416,99800,0.0,0.0
2025-10-17 00:00:00-04:00,30.75572967085447,30.903640784649127,30.469766554165194,30.696563720703125,48600,0.0,0.0
2025-10-20 00:00:00-04:00,30.883922166935676,32.027770996763515,30.736011037021953,32.00804901123047,96100,0.0,0.0
2025-10-21 00:00:00-04:00,32.008045301031906,32.008045301031906,31.140298726875,31.662919998168945,113800,0.0,0.0
2025-10-22 00:00:00-04:00,31.731946946077002,32.06721315804909,31.317794677216888,31.771390914916992,63400,0.0,0.0
2025-10-23 00:00:00-04:00,31.968601297461568,32.03763011953779,31.36709585546099,31.860136032104492,88500,0.0,0.0
2025-10-24 00:00:00-04:00,31.86013606253335,32.02776727772285,31.47556491246331,31.58403205871582,44000,0.0,0.0
2025-10-27 00:00:00-04:00,31.51501060036846,32.333456071373554,31.15016327263063,32.16582107543945,140800,0.0,0.0
2025-10-28 00:00:00-04:00,31.97846791372296,32.215124216951274,31.386821513275994,32.00804901123047,137100,0.0,0.0
2025-10-29 00:00:00-04:00,31.830553492170093,31.929163415464572,30.32185740081216,30.469768524169922,86100,0.0,0.0
2025-10-30 00:00:00-04:00,30.47962763296343,30.854337795158738,30.1838054045287,30.440185546875,109800,0.0,0.0
2025-10-31 00:00:00-04:00,30.173946226855538,30.73600962314769,29.917566069095752,30.637401580810547,138000,0.0,0.0
2025-11-03 00:00:00-05:00,30.568374570533443,30.81489372029581,29.97672823494539,30.785310745239258,103500,0.0,0.0
2025-11-04 00:00:00-05:00,30.785310471017528,32.017908089641786,30.785310471017528,31.93902015686035,192400,0.0,0.0
2025-11-05 00:00:00-05:00,31.899578070201716,32.294010234184086,31.672780892466218,31.988325119018555,112300,0.0,0.0
2025-11-06 00:00:00-05:00,32.027769114567924,32.77718947444555,31.702365776356142,31.998188018798828,103900,0.0,0.0
2025-11-07 00:00:00-05:00,32.09679234157049,32.3038675232671,31.36709588863336,31.623476028442383,71400,0.0,0.0
2025-11-10 00:00:00-05:00,31.57417490614806,31.869997149972047,31.248769685624893,31.505149841308594,69500,0.0,0.0
2025-11-11 00:00:00-05:00,31.662921854245017,32.185541275383,31.258630577941616,31.741806030273438,76100,0.0,0.0
2025-11-12 00:00:00-05:00,31.593896864190107,31.82069404298494,31.31779472427121,31.5150089263916,59200,0.0,0.0
2025-11-13 00:00:00-05:00,31.436120952412345,31.89957627396535,31.436120952412345,31.662919998168945,89700,0.0,0.0
2025-11-14 00:00:00-05:00,31.69250107300007,31.948883093471434,31.16002069119786,31.751667022705078,89600,0.0,0.0
2025-11-17 00:00:00-05:00,31.593894977094664,31.939020280389094,31.357234939418706,31.49528694152832,48400,0.0,0.0
2025-11-18 00:00:00-05:00,31.59389503438353,31.65305722272203,31.090995744795944,31.20932388305664,72700,0.0,0.0
2025-11-19 00:00:00-05:00,31.209325970019364,31.298073020045315,30.64726257371634,30.68670654296875,81000,0.0,0.0
2025-11-20 00:00:00-05:00,30.874059728715903,31.05155382861933,30.49935142509132,30.7557315826416,68200,0.0,0.0
2025-11-21 00:00:00-05:00,30.745870365908623,31.633340858947697,30.657123316604718,31.475566864013672,97000,0.0,0.0
2025-11-24 00:00:00-05:00,31.298072865882315,31.298072865882315,30.874059602467312,31.169883728027344,53100,0.0,0.0
2025-11-25 00:00:00-05:00,31.337516634307367,31.85027506323637,31.268489688897585,31.722084045410156,79100,0.0,0.0
2025-11-26 00:00:00-05:00,31.722085805088053,32.343315182693075,31.722085805088053,32.185543060302734,78800,0.0,0.0
2025-11-28 00:00:00-05:00,32.244707132283764,32.244707132283764,31.85027496856804,32.175682067871094,47600,0.0,0.0
2025-12-01 00:00:00-05:00,31.80097198486328,32.1362381965624,31.57417480659386,31.80097198486328,74900,0.0,0.0
2025-12-02 00:00:00-05:00,31.850275113979563,32.04749119673781,31.42626373339566,31.603755950927734,41300,0.0,0.0
2025-12-03 00:00:00-05:00,31.781249925640562,32.0770721678354,31.495288675624487,31.988325119018555,56900,0.0,0.0
2025-12-04 00:00:00-05:00,31.98832321670578,32.32358940767769,31.731944958472518,32.047489166259766,65400,0.0,0.0
2025-12-05 00:00:00-05:00,32.017911654320045,33.003988354369724,31.879861518166546,32.67858123779297,140800,0.0,0.0
2025-12-08 00:00:00-05:00,32.68844237659503,32.69830148797533,32.09679413101191,32.195404052734375,69300,0.0,0.0
2025-12-09 00:00:00-05:00,32.27428822800808,32.85607360061763,32.06721303477008,32.175682067871094,69600,0.0,0.0
2025-12-10 00:00:00-05:00,32.185539165672424,32.747602518774215,32.04748904548372,32.481361389160156,147800,0.0,0.0
2025-12-11 00:00:00-05:00,32.55039015670668,33.102594461940576,32.48136508875046,32.83635330200195,75100,0.0,0.0
2025-12-12 00:00:00-05:00,32.964544268560594,33.38855754902912,32.737747079730646,33.01384735107422,64300,0.0,0.0
2025-12-15 00:00:00-05:00,33.09273517959956,33.5068855852037,32.648999915320786,33.32939147949219,131100,0.0,0.0
2025-12-16 00:00:00-05:00,33.28994562861259,33.36883356517689,32.974401405523096,33.280086517333984,90200,0.0,0.0
2025-12-17 00:00:00-05:00,33.28008647022157,33.65479664520384,33.18148031123964,33.43785858154297,68000,0.0,0.0
2025-12-18 00:00:00-05:00,33.5956306473057,33.82242782192366,33.378692583939014,33.635074615478516,85100,0.0,0.0
2025-12-19 00:00:00-05:00,33.497024825903495,33.516746810188586,32.44192311694648,32.510948181152344,244900,0.0,0.0
2025-12-22 00:00:00-05:00,32.41233825625563,32.787048434464424,32.303869223491205,32.392616271972656,85900,0.0,0.0
2025-12-23 00:00:00-05:00,32.27428817583728,32.46164138442825,32.12637893587089,32.21512222290039,59600,0.0,0.0
2025-12-24 00:00:00-05:00,32.33345606883093,32.53067216220325,32.057352033476015,32.24470901489258,33000,0.0,0.0
2025-12-26 00:00:00-05:00,32.353176187256615,32.40247926735844,31.948884911887436,31.988325119018555,49900,0.0,0.0
2025-12-29 00:00:00-05:00,31.98832322172308,32.34331139593533,31.98832322172308,32.10665512084961,59800,0.0,0.0
2025-12-30 00:00:00-05:00,32.03763395621355,32.294012245662245,31.800973890766638,31.840417861938477,48700,0.0,0.0
2025-12-31 00:00:00-05:00,31.91787524008788,32.07676930558614,31.58022487736241,31.619949340820312,44300,0.228,0.0
2026-01-02 00:00:00-05:00,31.570295560587667,31.788772532281467,31.292229999719797,31.490846633911133,72900,0.0,0.0
2026-01-05 00:00:00-05:00,31.302160824643803,31.580224488760788,31.173058214160935,31.272367477416992,74100,0.0,0.0
2026-01-06 00:00:00-05:00,31.15319740273681,31.48091664057774,31.09361070919001,31.43126106262207,83600,0.0,0.0
2026-01-07 00:00:00-05:00,31.451123082289662,31.70932640342281,31.034025701100212,31.341882705688477,62400,0.0,0.0
2026-01-08 00:00:00-05:00,31.292229399268155,32.166146740107514,31.292229399268155,31.858291625976562,68200,0.0,0.0
2026-01-09 00:00:00-05:00,31.91787395650114,32.01718511115207,31.56036327059079,31.88808250427246,79600,0.0,0.0
2026-01-12 00:00:00-05:00,32.01718731574267,32.78186242337507,31.878151689657873,32.57331466674805,70100,0.0,0.0
2026-01-13 00:00:00-05:00,32.5832447513018,32.79179248920259,32.28531508191996,32.762001037597656,41500,0.0,0.0
2026-01-14 00:00:00-05:00,32.791792588391,33.685570234240664,32.771930357816586,33.526676177978516,78900,0.0,0.0
2026-01-15 00:00:00-05:00,33.49688651873899,33.89412357481752,33.337992453974245,33.566402435302734,61800,0.0,0.0
2026-01-16 00:00:00-05:00,33.4273692369473,33.81467326722241,33.298266630744536,33.7054328918457,71200,0.0,0.0
2026-01-20 00:00:00-05:00,33.51674790770577,33.5266771291081,33.059927956534054,33.20888900756836,47000,0.0,0.0
2026-01-21 00:00:00-05:00,33.22875255112963,33.695505530472076,32.96061810267759,33.407508850097656,63200,0.0,0.0
2026-01-22 00:00:00-05:00,33.40750657410951,33.854397291083785,33.24861251788901,33.69550323486328,67200,0.0,0.0
2026-01-23 00:00:00-05:00,33.6359173316489,33.6359173316489,32.8315178105716,32.950687408447266,34400,0.0,0.0
2026-01-26 00:00:00-05:00,33.0698558824827,33.50681737373257,32.99041074937651,33.01027297973633,43700,0.0,0.0
2026-01-27 00:00:00-05:00,33.01027427285595,33.3082001632578,32.78186050893686,33.20888900756836,38000,0.0,0.0
2026-01-28 00:00:00-05:00,33.1989592341011,33.31812883061353,32.3846267126554,32.43428039550781,73000,0.0,0.0
2026-01-29 00:00:00-05:00,32.46407270403777,32.98047935365996,32.424352029707805,32.62296676635742,115500,0.0,0.0
2026-01-30 00:00:00-05:00,32.51372854637166,33.36778172081128,32.34490148268415,33.347923278808594,86500,0.0,0.0
2026-02-02 00:00:00-05:00,33.40750618833239,33.57633325205451,33.049993618881395,33.17909622192383,83700,0.0,0.0
2026-02-03 00:00:00-05:00,33.04999567507832,33.70543416373873,32.83151870441373,32.970550537109375,81800,0.0,0.0
2026-02-04 00:00:00-05:00,33.14930558944443,33.14930558944443,32.24559492248983,32.26545715332031,89800,0.0,0.0
2026-02-05 00:00:00-05:00,32.37469551349464,32.88117295657797,32.275388142236494,32.305179595947266,130900,0.0,0.0
2026-02-06 00:00:00-05:00,32.44420973996509,32.66269049134528,31.570294311110707,31.59015464782715,92800,0.0,0.0
2026-02-09 00:00:00-05:00,31.619948638853746,31.888083078741943,31.11347310600936,31.858291625976562,83900,0.0,0.0
2026-02-10 00:00:00-05:00,31.848360081713643,32.513731601313474,31.81856862757737,32.31511306762695,57900,0.0,0.0
2026-02-11 00:00:00-05:00,32.3349738840039,32.36476533683572,31.86822091852792,31.987390518188477,56600,0.0,0.0
2026-02-12 00:00:00-05:00,32.235661408029905,32.86130841022513,31.93773552690513,32.59317398071289,71700,0.0,0.0
2026-02-13 00:00:00-05:00,32.762003834909144,33.31813118346164,32.47400715036106,33.24861526489258,53800,0.0,0.0
2026-02-17 00:00:00-05:00,33.3975776570279,33.57633394544493,33.05992731094387,33.109580993652344,57300,0.0,0.0
2026-02-18 00:00:00-05:00,32.98048051744786,33.00034274948035,32.55345199958268,32.563385009765625,76600,0.0,0.0
2026-02-19 00:00:00-05:00,32.54352162936423,32.97055013216079,32.4541434825386,32.62296676635742,168600,0.0,0.0
2026-02-20 00:00:00-05:00,32.77193005152813,32.93082410630525,32.32503933861341,32.5037956237793,69000,0.0,0.0
2026-02-23 00:00:00-05:00,32.61303885403299,33.447233661781304,32.61303885403299,32.82158660888672,64800,0.0,0.0
2026-02-24 00:00:00-05:00,32.90103442798666,32.90103442798666,32.503797375469475,32.712345123291016,68300,0.0,0.0
2026-02-25 00:00:00-05:00,32.75206973491741,33.14930678923822,32.30517899588985,33.139373779296875,61300,0.0,0.0
2026-02-26 00:00:00-05:00,32.96061576607473,33.08971837025132,32.70241434605467,32.762001037597656,134400,0.0,0.0
2026-02-27 00:00:00-05:00,32.86000061035156,33.290000915527344,32.689998626708984,32.880001068115234,53600,0.228,0.0
2026-03-02 00:00:00-05:00,32.52000045776367,33.20000076293945,32.52000045776367,33.09000015258789,77800,0.0,0.0
2026-03-03 00:00:00-05:00,32.83000183105469,33.43000030517578,32.45000076293945,33.25,83500,0.0,0.0
2026-03-04 00:00:00-05:00,33.369998931884766,33.7599983215332,32.9900016784668,33.310001373291016,83600,0.0,0.0
2026-03-05 00:00:00-05:00,33.029998779296875,33.130001068115234,32.54999923706055,32.599998474121094,86300,0.0,0.0
2026-03-06 00:00:00-05:00,32.310001373291016,32.709999084472656,32.06999969482422,32.70000076293945,116100,0.0,0.0
2026-03-09 00:00:00-04:00,32.54999923706055,32.63999938964844,32.099998474121094,32.4900016784668,87600,0.0,0.0
2026-03-10 00:00:00-04:00,32.20000076293945,32.38999938964844,31.670000076293945,31.729999542236328,132600,0.0,0.0
2026-03-11 00:00:00-04:00,31.639999389648438,31.65999984741211,30.8799991607666,31.06999969482422,149300,0.0,0.0
2026-03-12 00:00:00-04:00,30.889999389648438,31.540000915527344,30.81999969482422,31.299999237060547,151600,0.0,0.0
2026-03-13 00:00:00-04:00,31.540000915527344,31.540000915527344,31.110000610351562,31.469999313354492,141200,0.0,0.0
2026-03-16 00:00:00-04:00,31.700000762939453,31.790000915527344,31.049999237060547,31.549999237060547,157700,0.0,0.0
2026-03-17 00:00:00-04:00,31.639999389648438,31.780000686645508,31.100000381469727,31.149999618530273,149500,0.0,0.0
2026-03-18 00:00:00-04:00,31.0,31.06999969482422,29.8799991607666,30.149999618530273,219900,0.0,0.0
2026-03-19 00:00:00-04:00,30.200000762939453,30.290000915527344,29.860000610351562,30.239999771118164,200400,0.0,0.0
2026-03-20 00:00:00-04:00,30.270000457763672,30.420000076293945,29.75,29.8700008392334,1250100,0.0,0.0
2026-03-23 00:00:00-04:00,30.350000381469727,30.780000686645508,29.829999923706055,30.360000610351562,388900,0.0,0.0
2026-03-24 00:00:00-04:00,30.239999771118164,30.81999969482422,30.06999969482422,30.200000762939453,145300,0.0,0.0
2026-03-25 00:00:00-04:00,30.440000534057617,30.440000534057617,29.690000534057617,30.170000076293945,153200,0.0,0.0
2026-03-26 00:00:00-04:00,30.09000015258789,30.670000076293945,30.09000015258789,30.469999313354492,120100,0.0,0.0
2026-03-27 00:00:00-04:00,30.31999969482422,30.56999969482422,30.1200008392334,30.229999542236328,149600,0.0,0.0
2026-03-30 00:00:00-04:00,30.239999771118164,30.90999984741211,30.200000762939453,30.860000610351562,133100,0.0,0.0
2026-03-31 00:00:00-04:00,30.93000030517578,30.979999542236328,30.34000015258789,30.450000762939453,116800,0.0,0.0
2026-04-01 00:00:00-04:00,30.350000381469727,31.049999237060547,30.25,30.969999313354492,129000,0.0,0.0
2026-04-02 00:00:00-04:00,30.889999389648438,31.3700008392334,30.850000381469727,31.290000915527344,94700,0.0,0.0
2026-04-06 00:00:00-04:00,31.270000457763672,31.270000457763672,31.049999237060547,31.149999618530273,82400,0.0,0.0
2026-04-07 00:00:00-04:00,31.219999313354492,31.649999618530273,31.079999923706055,31.459999084472656,98200,0.0,0.0
2026-04-08 00:00:00-04:00,31.65999984741211,31.850000381469727,31.06999969482422,31.600000381469727,101500,0.0,0.0
2026-04-09 00:00:00-04:00,31.350000381469727,32.34000015258789,31.350000381469727,32.31999969482422,148900,0.0,0.0
2026-04-10 00:00:00-04:00,32.290000915527344,32.4900016784668,32.189998626708984,32.279998779296875,78300,0.0,0.0
2026-04-13 00:00:00-04:00,32.22999954223633,32.25,31.270000457763672,31.389999389648438,88200,0.0,0.0
2026-04-14 00:00:00-04:00,31.299999237060547,31.559999465942383,31.0,31.450000762939453,87700,0.0,0.0
2026-04-15 00:00:00-04:00,31.299999237060547,31.299999237060547,30.81999969482422,30.84000015258789,92400,0.0,0.0
2026-04-16 00:00:00-04:00,28.5,30.450000762939453,28.260000228881836,30.15999984741211,734800,0.0,0.0
2026-04-17 00:00:00-04:00,30.700000762939453,30.700000762939453,29.899999618530273,30.079999923706055,258400,0.0,0.0
2026-04-20 00:00:00-04:00,30.040000915527344,30.559999465942383,30.040000915527344,30.25,197400,0.0,0.0
2026-04-21 00:00:00-04:00,30.200000762939453,30.3700008392334,29.40999984741211,29.850000381469727,431400,0.0,0.0
2026-04-22 00:00:00-04:00,29.84000015258789,30.010000228881836,29.459999084472656,29.579999923706055,164100,0.0,0.0
2026-04-23 00:00:00-04:00,29.770000457763672,30.3799991607666,29.770000457763672,30.18000030517578,132300,0.0,0.0
2026-04-24 00:00:00-04:00,30.030000686645508,30.280000686645508,29.520000457763672,29.549999237060547,134000,0.0,0.0
2026-04-27 00:00:00-04:00,29.850000381469727,30.139999389648438,29.540000915527344,29.739999771118164,222400,0.0,0.0
2026-04-28 00:00:00-04:00,30.040000915527344,30.15999984741211,29.600000381469727,29.739999771118164,130700,0.0,0.0
2026-04-29 00:00:00-04:00,29.549999237060547,29.6200008392334,28.989999771118164,29.100000381469727,194400,0.0,0.0
2026-04-30 00:00:00-04:00,29.18000030517578,29.309999465942383,28.719999313354492,29.020000457763672,194000,0.0,0.0
2026-05-01 00:00:00-04:00,29.059999465942383,29.239999771118164,28.850000381469727,29.149999618530273,147100,0.0,0.0
2026-05-04 00:00:00-04:00,29.329999923706055,29.469999313354492,28.899999618530273,29.139999389648438,143400,0.0,0.0
2026-05-05 00:00:00-04:00,29.280000686645508,29.6200008392334,29.110000610351562,29.110000610351562,133200,0.0,0.0
2026-05-06 00:00:00-04:00,29.1299991607666,29.25,28.530000686645508,29.010000228881836,152700,0.0,0.0
2026-05-07 00:00:00-04:00,28.920000076293945,29.270000457763672,28.700000762939453,29.18000030517578,114400,0.0,0.0
2026-05-08 00:00:00-04:00,29.200000762939453,29.68000030517578,29.200000762939453,29.6200008392334,169400,0.0,0.0
2026-05-11 00:00:00-04:00,29.729999542236328,29.780000686645508,29.43000030517578,29.559999465942383,146100,0.0,0.0
2026-05-12 00:00:00-04:00,29.610000610351562,29.93000030517578,29.530000686645508,29.579999923706055,131200,0.0,0.0
2026-05-13 00:00:00-04:00,29.360000610351562,29.549999237060547,29.155000686645508,29.549999237060547,120594,0.0,0.0
