Date,Open,High,Low,Close,Volume,Dividends,Stock Splits
2022-01-03 00:00:00-05:00,9.395055770874023,9.477068133503826,9.085228393021437,9.395055770874023,477300,0.0,0.0
2022-01-04 00:00:00-05:00,9.158128481334924,9.406901303419952,9.039665025808251,9.203691482543945,308900,0.0,0.0
2022-01-05 00:00:00-05:00,9.09434104249196,9.376830989247823,8.884752427997345,8.921202659606934,240400,0.0,0.0
2022-01-06 00:00:00-05:00,9.121678666835063,9.385943042952189,9.030552660294536,9.194579124450684,279600,0.0,0.0
2022-01-07 00:00:00-05:00,9.240142323135192,9.723108082313132,9.231029548480018,9.568194389343262,1082400,0.0,0.0
2022-01-10 00:00:00-05:00,9.59553118238561,9.672988023527724,8.9849892272753,9.103452682495117,408900,0.0,0.0
2022-01-11 00:00:00-05:00,9.139903436491448,9.422393364308139,9.062446590883809,9.331267356872559,322900,0.0,0.0
2022-01-12 00:00:00-05:00,9.686657414743204,9.841571100708508,9.149015900986203,9.258366584777832,205600,0.0,0.0
2022-01-13 00:00:00-05:00,9.0396661576942,9.185467084585706,8.62048805836008,8.70250129699707,333300,0.0,0.0
2022-01-14 00:00:00-05:00,8.711614072188308,8.957652919057209,8.48379990665981,8.70250129699707,321000,0.0,0.0
2022-01-18 00:00:00-05:00,8.456460861719682,9.139903300166727,8.4382361819296,8.857414245605469,620600,0.0,0.0
2022-01-19 00:00:00-05:00,8.884751418763335,9.057889781981281,8.62048705235154,8.802738189697266,480800,0.0,0.0
2022-01-20 00:00:00-05:00,9.24925422668457,9.586419936514606,9.112566083055547,9.24925422668457,619000,0.0,0.0
2022-01-21 00:00:00-05:00,9.139903233766766,9.258366693188677,8.839188632558072,8.95765209197998,391500,0.0,0.0
2022-01-24 00:00:00-05:00,8.702501686581245,9.395056989361544,8.611375668673585,9.349493980407715,635500,0.0,0.0
2022-01-25 00:00:00-05:00,9.1763537283578,9.258366961801803,8.74897450602958,8.912089347839355,369600,0.0,0.0
2022-01-26 00:00:00-05:00,9.003215894188171,9.003215894188171,8.201309930073695,8.265097618103027,459400,0.0,0.0
2022-01-27 00:00:00-05:00,8.360778893267709,8.543030026695488,8.110182824392803,8.228646278381348,320200,0.0,0.0
2022-01-28 00:00:00-05:00,8.146632409258348,8.529360193825037,8.082844734844528,8.502022743225098,161900,0.0,0.0
2022-01-31 00:00:00-05:00,8.602262000025945,9.376830464702477,8.602262000025945,9.24925422668457,664000,0.0,0.0
2022-02-01 00:00:00-05:00,9.139902872160503,9.231028873969633,8.975877285562815,9.085227966308594,122700,0.0,0.0
2022-02-02 00:00:00-05:00,9.039665271369133,9.039665271369133,8.593149759283522,8.620487213134766,122000,0.0,0.0
2022-02-03 00:00:00-05:00,8.492910442562328,8.629599441251262,8.29243463495232,8.392672538757324,182300,0.0,0.0
2022-02-04 00:00:00-05:00,8.383560665958942,8.656937823672804,8.265097201981535,8.59315013885498,226000,0.0,0.0
2022-02-07 00:00:00-05:00,8.5749242171016,8.725281516958887,8.35622284804409,8.401785850524902,192300,0.0,0.0
2022-02-08 00:00:00-05:00,8.356222994207583,8.711613376923866,8.356222994207583,8.656937599182129,686100,0.0,0.0
2022-02-09 00:00:00-05:00,8.702499670214808,9.139902369124437,8.666049445305672,9.094339370727539,201700,0.0,0.0
2022-02-10 00:00:00-05:00,9.03966448461507,9.513517409310824,8.939426583189908,8.975876808166504,391900,0.0,0.0
2022-02-11 00:00:00-05:00,9.112566274717327,9.19457951023651,8.802738882330212,8.848301887512207,229700,0.0,0.0
2022-02-14 00:00:00-05:00,8.766288389801366,8.948539536036341,8.547587014319399,8.57492446899414,1067700,0.0,0.0
2022-02-15 00:00:00-05:00,8.656938043762432,8.984990119934082,8.656938043762432,8.984990119934082,1179500,0.0,0.0
2022-02-16 00:00:00-05:00,8.912090157072774,9.385944051535105,8.912090157072774,9.212804794311523,420200,0.0,0.0
2022-02-17 00:00:00-05:00,9.112565678069164,9.440617729624538,9.021439673671678,9.039665222167969,713300,0.0,0.0
2022-02-18 00:00:00-05:00,8.957652302836868,9.267479685688523,8.893864618970474,9.112565994262695,191200,0.0,0.0
2022-02-22 00:00:00-05:00,8.948539875070606,9.367717961813497,8.702501035592197,8.748064041137695,515200,0.0,0.0
2022-02-23 00:00:00-05:00,8.89842092430672,8.89842092430672,7.335615731635884,7.362953186035156,826000,0.0,0.0
2022-02-24 00:00:00-05:00,6.9711134268608275,7.955270100222075,6.925550420765118,7.900595188140869,633800,0.0,0.0
2022-02-25 00:00:00-05:00,7.900593956306803,8.055507631453363,7.608992153227128,7.955268859863281,409400,0.0,0.0
2022-02-28 00:00:00-05:00,7.809467958323443,8.164858307608242,7.618104057791925,7.955268859863281,726000,0.0,0.0
2022-03-01 00:00:00-05:00,8.08284469530221,8.52024824797083,8.02816979436981,8.064620018005371,857100,0.0,0.0
2022-03-02 00:00:00-05:00,8.155746246355534,8.155746246355534,7.700117954726264,8.000832557678223,473700,0.0,0.0
2022-03-03 00:00:00-05:00,8.766288230717382,9.294816979728473,8.474686402033196,9.076115608215332,1057200,0.0,0.0
2022-03-04 00:00:00-05:00,8.93031548031261,8.957652936898699,8.210422750570382,8.383561134338379,963900,0.0,0.0
2022-03-07 00:00:00-05:00,8.201310130528041,8.456461757923794,7.964383184853795,7.973495960235596,716600,0.0,0.0
2022-03-08 00:00:00-05:00,7.973494526207865,8.246871655200522,7.74568039688764,7.8641438484191895,955900,0.0,0.0
2022-03-09 00:00:00-05:00,8.160303029486004,8.989546421438554,8.028171270404464,8.848301887512207,540100,0.0,0.0
2022-03-10 00:00:00-05:00,8.401786163551067,8.584037311222474,8.246872470769866,8.474686622619629,810600,0.0,0.0
2022-03-11 00:00:00-05:00,8.565811416587033,8.565811416587033,6.633948025593904,6.679510593414307,1171800,0.0,0.0
2022-03-14 00:00:00-04:00,6.278557562200655,6.433471246565422,5.631565371336619,5.904942512512207,2567600,0.0,0.0
2022-03-15 00:00:00-04:00,5.822929720998412,6.629392043928111,5.686241140134952,6.551935195922852,1776900,0.0,0.0
2022-03-16 00:00:00-04:00,7.526979756015204,7.70011812836003,6.943775216723652,7.280940055847168,976200,0.0,0.0
2022-03-17 00:00:00-04:00,7.180701879186555,7.654554843902588,6.98933796463689,7.654554843902588,330400,0.0,0.0
2022-03-18 00:00:00-04:00,7.58165445280934,8.383560345939864,7.448611075815279,8.201309204101562,812800,0.0,0.0
2022-03-21 00:00:00-04:00,8.228646762130776,8.410897906272817,7.5087540909882025,7.5816545486450195,327500,0.0,0.0
2022-03-22 00:00:00-04:00,7.836806865373362,8.219534695066228,7.6363301762385305,8.082845687866211,353800,0.0,0.0
2022-03-23 00:00:00-04:00,7.900594173393247,8.110182757855197,7.736567720132975,7.891481399536133,404000,0.0,0.0
2022-03-24 00:00:00-04:00,7.955270273515105,7.955270273515105,7.563430498257329,7.618105411529541,166600,0.0,0.0
2022-03-25 00:00:00-04:00,7.390290444828385,7.516955052010932,7.2627146471261135,7.3082780838012695,175400,0.0,0.0
2022-03-28 00:00:00-04:00,7.417628152108685,7.517866053297564,6.98022458437867,7.18070125579834,348700,0.0,0.0
2022-03-29 00:00:00-04:00,7.344727652910834,7.927931247237752,7.246311698751404,7.918818473815918,1214900,0.0,0.0
2022-03-30 00:00:00-04:00,7.654554584730104,8.173971403230746,7.19892674946853,7.372065544128418,379000,0.0,0.0
2022-03-31 00:00:00-04:00,7.444965765369968,7.549760055578651,7.071350734857667,7.1078009605407715,627000,0.0,0.0
2022-04-01 00:00:00-04:00,7.5178662914769525,7.6454425171571145,7.417628387112358,7.444965839385986,525000,0.0,0.0
2022-04-04 00:00:00-04:00,7.727454849401893,8.009944752137423,7.681892718771397,7.8641438484191895,1252500,0.0,0.0
2022-04-05 00:00:00-04:00,7.82769463885375,7.845919319663891,7.472304238114474,7.554317474365234,1583400,0.0,0.0
2022-04-06 00:00:00-04:00,7.417629056307336,7.417629056307336,7.04401355385327,7.162477016448975,435000,0.0,0.0
2022-04-07 00:00:00-04:00,7.162476872704936,7.353840355606964,6.743298809256491,7.244489669799805,904600,0.0,0.0
2022-04-08 00:00:00-04:00,7.271827704450698,7.417629056307336,7.062238668520225,7.162477016448975,404700,0.0,0.0
2022-04-11 00:00:00-04:00,7.044013201617275,7.244489452928948,6.980225086212158,6.980225086212158,368000,0.0,0.0
2022-04-12 00:00:00-04:00,7.126026630401611,7.244489655871103,7.016675510283697,7.126026630401611,385700,0.0,0.0
2022-04-13 00:00:00-04:00,6.961999604008451,7.773017774993123,6.961999604008451,7.526978969573975,405500,0.0,0.0
2022-04-14 00:00:00-04:00,7.444966059261822,7.6089925158317415,7.372065605017851,7.381178379058838,362800,0.0,0.0
2022-04-18 00:00:00-04:00,7.290052906801688,7.317390361870427,6.943775289443565,7.071351528167725,494300,0.0,0.0
2022-04-19 00:00:00-04:00,7.107801067095022,7.508753555619915,7.053125293229747,7.46319055557251,390800,0.0,0.0
2022-04-20 00:00:00-04:00,7.4723034689227426,7.4723034689227426,7.144251426731116,7.271827220916748,474800,0.0,0.0
2022-04-21 00:00:00-04:00,7.326502859782732,7.326502859782732,6.6066101971948985,6.688623428344727,985800,0.0,0.0
2022-04-22 00:00:00-04:00,6.75241118006369,7.062238559123573,6.75241118006369,6.9255499839782715,397200,0.0,0.0
2022-04-25 00:00:00-04:00,6.925550424845873,6.925550424845873,6.551935338916611,6.6977362632751465,437900,0.0,0.0
2022-04-26 00:00:00-04:00,6.542822026762917,6.643060371291045,6.333232997942828,6.460809230804443,301600,0.0,0.0
2022-04-27 00:00:00-04:00,6.6521733737142235,7.034900781861842,6.488146907129949,6.734186172485352,350500,0.0,0.0
2022-04-28 00:00:00-04:00,6.788861733831182,6.889100085005841,6.57016035074577,6.779749393463135,242900,0.0,0.0
2022-04-29 00:00:00-04:00,7.226265048595867,7.431297707105314,6.652173691673618,6.6977362632751465,633600,0.0,0.0
2022-05-02 00:00:00-04:00,6.679510491984154,7.007562974106062,6.551934695694908,6.980225086212158,496100,0.0,0.0
2022-05-03 00:00:00-04:00,6.993894248670311,7.290052455882128,6.661285379419776,6.870874404907227,472000,0.0,0.0
2022-05-04 00:00:00-04:00,6.7888610347672005,6.7888610347672005,6.342345539685989,6.624835014343262,541500,0.0,0.0
2022-05-05 00:00:00-04:00,6.433471060219918,6.46080894735403,6.132756474349563,6.296782493591309,181600,0.0,0.0
2022-05-06 00:00:00-04:00,6.260332586739165,6.260332586739165,5.46753946814341,5.5039896965026855,638000,0.0,0.0
2022-05-09 00:00:00-04:00,5.21238716281757,5.403751068967609,4.948122803757225,5.1212615966796875,441100,0.0,0.0
2022-05-10 00:00:00-04:00,5.13037453076785,5.394638898080774,5.0119110738286805,5.048361301422119,218100,0.0,0.0
2022-05-11 00:00:00-04:00,5.057474097954649,5.175937120896897,4.8205471830281725,4.838772296905518,500000,0.0,0.0
2022-05-12 00:00:00-04:00,4.838772278455688,4.957235735467235,4.674746254185,4.829659938812256,270700,0.0,0.0
2022-05-13 00:00:00-04:00,4.939010383563259,5.166824512439638,4.82054693226251,4.993685722351074,402300,0.0,0.0
2022-05-16 00:00:00-04:00,4.893447673048327,5.244281660812695,4.866110219300008,5.166824817657471,1972800,0.0,0.0
2022-05-17 00:00:00-04:00,5.166824659128274,5.349075793595188,5.130374432234891,5.239725112915039,303200,0.0,0.0
2022-05-18 00:00:00-04:00,5.103036704131331,5.2670631647937665,4.902560449958458,5.057474136352539,326400,0.0,0.0
2022-05-19 00:00:00-04:00,5.039249040583736,5.3217385261107095,4.9298979215724925,5.066586494445801,364200,0.0,0.0
2022-05-20 00:00:00-04:00,5.103036920745537,5.112149695400712,4.620071161567596,4.784097194671631,712400,0.0,0.0
2022-05-23 00:00:00-04:00,4.793210114232132,4.961792539760232,4.647408756988648,4.929898262023926,404300,0.0,0.0
2022-05-24 00:00:00-04:00,4.838772217459952,4.866110105087616,4.711196422413144,4.820547103881836,364700,0.0,0.0
2022-05-25 00:00:00-04:00,4.8661101849820305,4.939010640491411,4.747646727518792,4.838772296905518,233900,0.0,0.0
2022-05-26 00:00:00-04:00,4.893447616889511,5.112149416971131,4.884335277251645,5.048361301422119,1472400,0.0,0.0
2022-05-27 00:00:00-04:00,5.011911358885203,5.248838286238953,5.011911358885203,5.221500396728516,190300,0.0,0.0
2022-05-31 00:00:00-04:00,5.312626006221267,5.312626006221267,4.993686277257439,5.011911392211914,1207600,0.0,0.0
2022-06-01 00:00:00-04:00,5.011911013886752,5.030136127465501,4.629183194212043,4.711196422576904,322000,0.0,0.0
2022-06-02 00:00:00-04:00,4.692971538261952,4.9207856863861155,4.647408534828719,4.875222682952881,472200,0.0,0.0
2022-06-03 00:00:00-04:00,4.7932101539943295,4.866110615960308,4.674746686039102,4.720309257507324,189100,0.0,0.0
2022-06-06 00:00:00-04:00,4.8843356909336695,5.095747115785441,4.866110575593362,4.929898262023926,815000,0.0,0.0
2022-06-07 00:00:00-04:00,4.902560470860612,5.1212618399816385,4.848796319106878,4.957235813140869,1014200,0.0,0.0
2022-06-08 00:00:00-04:00,5.0119109082994475,6.66128517325184,4.9572355687150615,6.287670135498047,4066800,0.0,0.0
2022-06-09 00:00:00-04:00,6.160094129044476,6.160094129044476,5.239724858391701,5.285287857055664,1391500,0.0,0.0
2022-06-10 00:00:00-04:00,5.403751607233142,5.740916887309665,5.330851147061251,5.4584269523620605,1124900,0.0,0.0
2022-06-13 00:00:00-04:00,5.212387727346333,5.303513737874611,5.057474465394507,5.139487266540527,673100,0.0,0.0
2022-06-14 00:00:00-04:00,5.230612835922181,5.768254385465499,5.212387720743815,5.686241149902344,1757200,0.0,0.0
2022-06-15 00:00:00-04:00,5.768254177669613,6.1054190135838455,5.695353719582321,5.85026741027832,568800,0.0,0.0
2022-06-16 00:00:00-04:00,5.786478817442124,5.813816704242435,5.533149616016771,5.7409162521362305,254100,0.0,0.0
2022-06-17 00:00:00-04:00,6.00518131043232,7.107801863764042,5.914055300123764,6.989338397979736,2627300,0.0,0.0
2022-06-21 00:00:00-04:00,6.879987870246427,7.6545555000758005,6.834424864011273,7.472304344177246,1839300,0.0,0.0
2022-06-22 00:00:00-04:00,7.126026156543936,7.472303304574524,7.044012930539364,7.235376834869385,1595600,0.0,0.0
2022-06-23 00:00:00-04:00,7.290052875686929,7.590767487285653,7.171589412171974,7.508754253387451,919800,0.0,0.0
2022-06-24 00:00:00-04:00,7.663667749272695,8.246872277172336,7.508754060128134,7.991720676422119,1960700,0.0,0.0
2022-06-27 00:00:00-04:00,7.8732580381620725,8.347111060468471,7.572543402899412,7.973495960235596,3709700,0.0,0.0
2022-06-28 00:00:00-04:00,8.073731848815028,8.775399733730069,7.8185802856831375,7.9461565017700195,1936200,0.0,0.0
2022-06-29 00:00:00-04:00,7.627217340315849,7.745680797981785,6.980225144781574,7.09868860244751,1545100,0.0,0.0
2022-06-30 00:00:00-04:00,6.8890993445946895,7.162476478591064,6.70684821161109,7.1533637046813965,1986200,0.0,0.0
2022-07-01 00:00:00-04:00,7.14425120914929,7.326502338149642,6.9802247585280055,7.226263999938965,723400,0.0,0.0
2022-07-05 00:00:00-04:00,7.025788872720709,7.153364683261598,6.3970217261304905,6.6066107749938965,2573300,0.0,0.0
2022-07-06 00:00:00-04:00,6.697736095038709,7.244489982170662,6.652173524581641,7.089576721191406,2276900,0.0,0.0
2022-07-07 00:00:00-04:00,7.1442513800948895,7.230820559811217,6.734185678250712,6.834424018859863,2101100,0.0,0.0
2022-07-08 00:00:00-04:00,6.715960483828804,6.9847812281816815,6.6521728051830165,6.70684814453125,384100,0.0,0.0
2022-07-11 00:00:00-04:00,6.5245974541124685,6.606610691397233,6.260333061218262,6.260333061218262,523400,0.0,0.0
2022-07-12 00:00:00-04:00,6.2603325660871025,6.397021139243968,6.187432109609039,6.251220226287842,1648400,0.0,0.0
2022-07-13 00:00:00-04:00,6.260332180938731,6.415245858684508,6.041630824959494,6.059855937957764,1349300,0.0,0.0
2022-07-14 00:00:00-04:00,6.087193630189052,6.1600945195772985,5.914054832618816,6.005180835723877,912300,0.0,0.0
2022-07-15 00:00:00-04:00,5.977843073668818,6.488146702997997,5.895829842957005,6.469921588897705,992900,0.0,0.0
2022-07-18 00:00:00-04:00,6.515484115929971,6.701380439995238,6.424358552078559,6.5792717933654785,775700,0.0,0.0
2022-07-19 00:00:00-04:00,6.6248358907854525,6.962000750189747,6.556491815197378,6.6066107749938965,712300,0.0,0.0
2022-07-20 00:00:00-04:00,6.715961110338411,6.861762463389328,6.670398540558322,6.852649688720703,482000,0.0,0.0
2022-07-21 00:00:00-04:00,6.934662440093215,6.934662440093215,6.63394784929055,6.743298530578613,531900,0.0,0.0
2022-07-22 00:00:00-04:00,6.670398095320573,6.670398095320573,6.488146524802163,6.533709526062012,545700,0.0,0.0
2022-07-25 00:00:00-04:00,6.67039825659193,6.67039825659193,6.415246225505696,6.570159912109375,264200,0.0,0.0
2022-07-26 00:00:00-04:00,6.3787959309689155,6.3787959309689155,5.503989597102929,5.586002826690674,2964200,0.0,0.0
2022-07-27 00:00:00-04:00,5.704466265514205,5.713578605149464,4.929897843072732,5.157711982727051,2801000,0.0,0.0
2022-07-28 00:00:00-04:00,5.15771188574687,5.453870522441421,5.002798204171409,5.349075794219971,2216400,0.0,0.0
2022-07-29 00:00:00-04:00,5.31262556732233,5.604227817024432,5.24883788751195,5.349075794219971,1125900,0.0,0.0
2022-08-01 00:00:00-04:00,5.330851024105577,5.421976597218636,5.185050107124681,5.212387561798096,693200,0.0,0.0
2022-08-02 00:00:00-04:00,5.1485994537668605,5.604227716321079,5.1485994537668605,5.431088924407959,612600,0.0,0.0
2022-08-03 00:00:00-04:00,5.604228013279644,5.89582983867241,5.531327556931453,5.822929382324219,864700,0.0,0.0
2022-08-04 00:00:00-04:00,6.059855944357425,6.305895187354387,6.04618721822453,6.278557300567627,813300,0.0,0.0
2022-08-05 00:00:00-04:00,6.296782391051166,6.296782391051166,5.996067810077806,6.160094261169434,539900,0.0,0.0
2022-08-08 00:00:00-04:00,6.059856017743219,6.251219924005077,5.9988019101212116,6.078081130981445,621700,0.0,0.0
2022-08-09 00:00:00-04:00,6.242106923415796,6.242106923415796,5.668015225480898,5.713578224182129,543600,0.0,0.0
2022-08-10 00:00:00-04:00,5.458426456865433,5.50854584457471,5.358188550488833,5.449314117431641,550400,0.0,0.0
2022-08-11 00:00:00-04:00,5.449314612101083,5.576890417401892,5.330851147061251,5.4584269523620605,294100,0.0,0.0
2022-08-12 00:00:00-04:00,5.394638698165299,5.485764263771949,5.30351313255865,5.431088924407959,185400,0.0,0.0
2022-08-15 00:00:00-04:00,5.3490758360499155,5.599671473821593,5.294400495275893,5.567777633666992,335400,0.0,0.0
2022-08-16 00:00:00-04:00,5.5860027664668905,5.5860027664668905,5.312625627135731,5.467539310455322,502900,0.0,0.0
2022-08-17 00:00:00-04:00,5.531327847054969,5.531327847054969,5.349076262104224,5.4584269523620605,382100,0.0,0.0
2022-08-18 00:00:00-04:00,5.367301300211454,5.513102652986315,5.313537146427196,5.440201759338379,324300,0.0,0.0
2022-08-19 00:00:00-04:00,5.431088757546813,5.440201096567031,5.230612084850525,5.285287857055664,391200,0.0,0.0
2022-08-22 00:00:00-04:00,5.248838024697953,5.4629830046883345,5.230612476251802,5.376413822174072,280000,0.0,0.0
2022-08-23 00:00:00-04:00,5.403751195405789,5.494877198196832,5.285288173915205,5.467539310455322,456500,0.0,0.0
2022-08-24 00:00:00-04:00,5.358189011067052,5.7044666297359665,5.358189011067052,5.5586652755737305,875800,0.0,0.0
2022-08-25 00:00:00-04:00,5.923167586616541,6.6430602277667194,5.522214651687673,6.32412052154541,1816200,0.0,0.0
2022-08-26 00:00:00-04:00,6.38790824319113,6.743298154835136,6.014292784493677,6.132756233215332,1423000,0.0,0.0
2022-08-29 00:00:00-04:00,6.087193894386272,6.64306053865641,6.087193894386272,6.387908935546875,1284500,0.0,0.0
2022-08-30 00:00:00-04:00,6.492536426246118,6.492536426246118,5.988080380387176,6.053472995758057,675500,0.172,0.0
2022-08-31 00:00:00-04:00,6.0721568421473195,6.221625175717468,5.997422675362245,6.165574550628662,637000,0.0,0.0
2022-09-01 00:00:00-04:00,5.978739015756149,6.034789639739551,5.847954226461543,5.894662857055664,839200,0.0,0.0
2022-09-02 00:00:00-04:00,5.847953547674678,5.847953547674678,5.474282319040872,5.54901647567749,883800,0.0,0.0
2022-09-06 00:00:00-04:00,5.50230781740414,5.539674898522786,5.063244391534681,5.137978553771973,855400,0.0,0.0
2022-09-07 00:00:00-04:00,5.100611360970685,5.371522915874378,5.063244280670227,5.3248138427734375,730400,0.0,0.0
2022-09-08 00:00:00-04:00,5.044560864306655,5.175345648567541,5.007193783089259,5.091269493103027,437100,0.0,0.0
2022-09-09 00:00:00-04:00,5.259421187976893,5.41823148727417,5.208041123233249,5.41823148727417,501500,0.0,0.0
2022-09-12 00:00:00-04:00,5.427574049331389,5.511650210679543,5.376194420424614,5.446257591247559,284600,0.0,0.0
2022-09-13 00:00:00-04:00,5.222054709014297,5.278105330692266,5.109953020207616,5.137978553771973,491100,0.0,0.0
2022-09-14 00:00:00-04:00,5.231395868451865,5.2500794076250585,4.95114278085397,5.166003704071045,453500,0.0,0.0
2022-09-15 00:00:00-04:00,5.137978553771973,5.2967888712515885,5.109953020207616,5.137978553771973,332400,0.0,0.0
2022-09-16 00:00:00-04:00,5.063244023132795,5.072585570007393,4.9231172564081325,4.95114278793335,992400,0.0,0.0
2022-09-19 00:00:00-04:00,4.923117685292098,5.044560923396544,4.857725069670301,4.997851848602295,461500,0.0,0.0
2022-09-20 00:00:00-04:00,4.932459365563161,4.985707208546229,4.867066754089246,4.8857502937316895,631000,0.0,0.0
2022-09-21 00:00:00-04:00,4.820357487252002,4.848383018307266,4.633522098385918,4.6615471839904785,472800,0.0,0.0
2022-09-22 00:00:00-04:00,4.670889291283134,4.670889291283134,4.418661287371874,4.428002834320068,363100,0.0,0.0
2022-09-23 00:00:00-04:00,4.381294477703788,4.390636025225585,4.231826153749102,4.297218322753906,352200,0.0,0.0
2022-09-26 00:00:00-04:00,4.278534935534576,4.446687251458259,4.2505098465144675,4.353269100189209,672500,0.0,0.0
2022-09-27 00:00:00-04:00,4.428003167276984,4.451357704579651,4.203800678253174,4.203800678253174,706100,0.0,0.0
2022-09-28 00:00:00-04:00,4.213142836107477,4.55878857626087,4.157091766208926,4.5494465827941895,1189600,0.0,0.0
2022-09-29 00:00:00-04:00,4.530762710564424,4.811016257795515,4.306560229140137,4.652205944061279,710400,0.0,0.0
2022-09-30 00:00:00-04:00,4.642863879175539,5.3808648160299155,4.568129719861355,5.128636360168457,1455200,0.0,0.0
2022-10-03 00:00:00-04:00,5.025876949808015,5.3528391088619145,4.969826332151693,5.28744649887085,2077000,0.0,0.0
2022-10-04 00:00:00-04:00,5.4555992813465055,5.838612092040096,5.408890206429884,5.670460224151611,449100,0.0,0.0
2022-10-05 00:00:00-04:00,5.605067563619194,5.782561423254559,5.511649859982358,5.717168807983398,281900,0.0,0.0
2022-10-06 00:00:00-04:00,5.689143460152447,5.754535626990513,5.474282528861529,5.5116496086120605,227000,0.0,0.0
2022-10-07 00:00:00-04:00,5.446257267135556,5.474282801067373,5.334156022309787,5.380865097045898,447200,0.0,0.0
2022-10-10 00:00:00-04:00,5.240738072688218,5.385535395773084,5.128636387665193,5.296788692474365,366700,0.0,0.0
2022-10-11 00:00:00-04:00,5.166004239944381,5.166004239944381,4.820358061210117,4.857725143432617,336900,0.0,0.0
2022-10-12 00:00:00-04:00,4.792333186174789,4.867067353955555,4.6708899408056554,4.8203582763671875,1102200,0.0,0.0
2022-10-13 00:00:00-04:00,4.68490239926823,4.7755177764795915,4.60549723610684,4.670889854431152,344100,0.0,0.0
2022-10-14 00:00:00-04:00,4.7175985630931665,4.820357811148918,4.484054088592529,4.484054088592529,873200,0.0,0.0
2022-10-17 00:00:00-04:00,4.586813228048351,4.764307077920481,4.474711989850393,4.502737522125244,269800,0.0,0.0
2022-10-18 00:00:00-04:00,4.577472146432683,4.745624020829927,4.46537089683452,4.670889854431152,240700,0.0,0.0
2022-10-19 00:00:00-04:00,4.5961552730058575,4.73628204507569,4.530762660586408,4.577471733093262,357900,0.0,0.0
2022-10-20 00:00:00-04:00,4.614838812918453,4.782056561953795,4.54010465326807,4.577471733093262,232800,0.0,0.0
2022-10-21 00:00:00-04:00,4.5681304058516226,4.745624283602199,4.540105314625675,4.70825719833374,187200,0.0,0.0
2022-10-24 00:00:00-04:00,4.4186615588186,4.68023157119751,4.157091546439689,4.68023157119751,1042000,0.0,0.0
2022-10-25 00:00:00-04:00,4.577472399894134,5.044561411200663,4.540105314625675,4.70825719833374,571300,0.0,0.0
2022-10-26 00:00:00-04:00,4.717598893705578,5.306130672149317,4.686771028038268,5.222054958343506,457500,0.0,0.0
2022-10-27 00:00:00-04:00,5.212712225900683,5.222054218027365,4.820357465594059,4.9698262214660645,482400,0.0,0.0
2022-10-28 00:00:00-04:00,4.876408761567944,4.951143372644154,4.596155640472525,4.932459831237793,520200,0.0,0.0
2022-10-31 00:00:00-04:00,4.736281935598982,4.899762794692738,4.652205785210314,4.764307022094727,399500,0.0,0.0
2022-11-01 00:00:00-04:00,5.08192796617951,5.623751091484733,5.08192796617951,5.2594218254089355,934300,0.0,0.0
2022-11-02 00:00:00-04:00,5.334155860339695,5.932029593373615,5.334155860339695,5.492966175079346,706800,0.0,0.0
2022-11-03 00:00:00-04:00,5.343497525508492,6.073090611927123,5.315472437260699,5.932029724121094,486800,0.0,0.0
2022-11-04 00:00:00-04:00,6.436485655153249,6.539245349659824,6.0908399364365495,6.333726406097412,1469800,0.0,0.0
2022-11-07 00:00:00-05:00,6.333726047292802,6.679371746428726,6.333726047292802,6.436485290527344,719800,0.0,0.0
2022-11-08 00:00:00-05:00,6.324384596216944,6.422473297118234,6.137549187571986,6.296359062194824,359100,0.0,0.0
2022-11-09 00:00:00-05:00,6.137548993091654,6.137548993091654,5.894662524098795,5.997422218322754,278400,0.0,0.0
2022-11-10 00:00:00-05:00,6.221624521248593,6.548587134715402,6.221624521248593,6.3243842124938965,500100,0.0,0.0
2022-11-11 00:00:00-05:00,6.455169328547593,6.800815499840375,6.324384543584532,6.60463809967041,1023900,0.0,0.0
2022-11-14 00:00:00-05:00,7.323954548964047,8.958765800397043,7.193169328124893,8.519701957702637,4045300,0.0,0.0
2022-11-15 00:00:00-05:00,8.725221744994359,10.630944628951262,8.538386342822402,10.219905853271484,4397200,0.0,0.0
2022-11-16 00:00:00-05:00,10.051754285956775,10.051754285956775,9.019487256729358,9.108234405517578,1505800,0.0,0.0
2022-11-17 00:00:00-05:00,8.753246962684917,9.734133952292401,8.697196786651052,9.36046314239502,1099900,0.0,0.0
2022-11-18 00:00:00-05:00,9.04284243772678,9.201652753415066,8.622461666256916,9.117576599121094,623400,0.0,0.0
2022-11-21 00:00:00-05:00,8.678513002831393,8.762589159741841,8.426285423001552,8.603778839111328,854800,0.0,0.0
2022-11-22 00:00:00-05:00,8.454310497615873,8.734564056550946,8.28615818407453,8.650487899780273,645500,0.0,0.0
2022-11-23 00:00:00-05:00,8.781271676953123,9.070867210473937,8.482335041758567,9.005475044250488,701200,0.0,0.0
2022-11-25 00:00:00-05:00,8.856005668640137,9.038170956813152,8.435625810604941,8.856005668640137,304600,0.0,0.0
2022-11-28 00:00:00-05:00,8.837323048441677,9.509931391891982,8.687854725653049,9.117576599121094,458500,0.0,0.0
2022-11-29 00:00:00-05:00,9.57532338351304,10.182538656350841,9.453880150765187,9.82755184173584,1307300,0.0,0.0
2022-11-30 00:00:00-05:00,10.799096935407844,11.060666498425599,10.303982006068825,11.032641410827637,1314000,0.0,0.0
2022-12-01 00:00:00-05:00,10.64028594276799,10.892513496878687,10.154513037219367,10.425424575805664,970300,0.0,0.0
2022-12-02 00:00:00-05:00,10.537526386647242,11.228818704753076,10.369374971671412,11.172767639160156,1080300,0.0,0.0
2022-12-05 00:00:00-05:00,12.125628678506535,12.144312664083984,9.818209913779635,10.406742095947266,2174900,0.0,0.0
2022-12-06 00:00:00-05:00,10.509501320818265,11.116716596327178,10.313323927193599,10.789754867553711,1268600,0.0,0.0
2022-12-07 00:00:00-05:00,10.303982934608696,10.406743083230541,9.556640367738549,10.313324928283691,1286100,0.0,0.0
2022-12-08 00:00:00-05:00,10.82712269871496,11.546439264630934,10.724362552940159,11.453022003173828,928400,0.0,0.0
2022-12-09 00:00:00-05:00,11.415654409882135,11.616502804839826,11.060666694057156,11.331578254699707,635700,0.0,0.0
2022-12-12 00:00:00-05:00,11.004616533402842,11.004616533402842,10.154514700361498,10.416084289550781,403500,0.0,0.0
2022-12-13 00:00:00-05:00,10.897185795170834,10.98593295023206,10.397400732444465,10.584236145019531,1153600,0.0,0.0
2022-12-14 00:00:00-05:00,10.509501220811936,10.789754764880547,10.247931662101914,10.640286445617676,343700,0.0,0.0
2022-12-15 00:00:00-05:00,10.658969703470769,10.658969703470769,9.986361365575691,10.26661491394043,486500,0.0,0.0
2022-12-16 00:00:00-05:00,10.023728942406205,10.42542574465375,9.96300776785557,10.38805866241455,712500,0.0,0.0
2022-12-19 00:00:00-05:00,10.350690516664482,10.350690516664482,9.864918497466885,9.9022855758667,332600,0.0,0.0
2022-12-20 00:00:00-05:00,9.804196224470104,10.39739936067093,9.70610797989747,10.36937427520752,510900,0.0,0.0
2022-12-21 00:00:00-05:00,10.472134461106785,10.743046020777284,10.191880908471429,10.705678939819336,364100,0.0,0.0
2022-12-22 00:00:00-05:00,10.696335768220596,10.995273273845616,10.644956594378339,10.83646297454834,409700,0.0,0.0
2022-12-23 00:00:00-05:00,10.509500503540039,10.556209572847164,10.219904986556989,10.509500503540039,294100,0.0,0.0
2022-12-27 00:00:00-05:00,10.761729360457585,11.2194762974298,10.528184895769545,11.20079231262207,557100,0.0,0.0
2022-12-28 00:00:00-05:00,11.196122002676878,11.196122002676878,10.640286784098926,10.65896987915039,484500,0.0,0.0
2022-12-29 00:00:00-05:00,10.616931067162302,10.649627149416514,9.902285581030489,10.2385892868042,540000,0.0,0.0
2022-12-30 00:00:00-05:00,9.90228602849214,10.182538683850165,9.69676664244832,10.023728370666504,500700,0.0,0.0
2023-01-03 00:00:00-05:00,10.27595724061478,10.602919872813123,9.80886827513229,10.042412757873535,500100,0.0,0.0
2023-01-04 00:00:00-05:00,10.481476728317105,11.18211018278667,10.332008400574505,10.911198616027832,763800,0.0,0.0
2023-01-05 00:00:00-05:00,10.892514402406473,11.070008706074654,10.612260848284048,10.995274543762207,404100,0.0,0.0
2023-01-06 00:00:00-05:00,10.869159760705942,11.775311655611258,10.780412613363165,11.686565399169922,796100,0.0,0.0
2023-01-09 00:00:00-05:00,11.985502568335825,12.45726252193161,11.798667163669545,12.050894737243652,1729600,0.0,0.0
2023-01-10 00:00:00-05:00,12.050895530362524,12.760871005722274,12.027541437330267,12.331149101257324,1146000,0.0,0.0
2023-01-11 00:00:00-05:00,12.415225261615918,12.447921348221696,11.784654949828004,12.331149101257324,1266300,0.0,0.0
2023-01-12 00:00:00-05:00,12.14431287578747,12.14431287578747,11.602489757216764,11.808009147644043,851200,0.0,0.0
2023-01-13 00:00:00-05:00,11.864059491633801,13.606301111219278,11.84537639636744,13.45216178894043,1951300,0.0,0.0
2023-01-17 00:00:00-05:00,13.400782079608529,13.424136170494645,12.639426600461311,13.0878324508667,1100100,0.0,0.0
2023-01-18 00:00:00-05:00,13.143883082955476,13.965959761567897,12.742187182140281,12.91968059539795,1098400,0.0,0.0
2023-01-19 00:00:00-05:00,13.07381933592815,13.793136731834085,12.90099692687121,13.65768051147461,859700,0.0,0.0
2023-01-20 00:00:00-05:00,13.984644258491281,14.236871843481707,13.24664370848,14.050036430358887,1533100,0.0,0.0
2023-01-23 00:00:00-05:00,14.124769950636884,14.250884182824176,13.811820313858126,14.162137031555176,593200,0.0,0.0
2023-01-24 00:00:00-05:00,13.816491213448414,14.022010602508574,13.657680897933945,14.01266860961914,582000,0.0,0.0
2023-01-25 00:00:00-05:00,13.802478489494911,14.395681685857344,13.695048241905287,14.264897346496582,582100,0.0,0.0
2023-01-26 00:00:00-05:00,14.400353023453638,14.47975818461825,13.559593227158992,14.283580780029297,637300,0.0,0.0
2023-01-27 00:00:00-05:00,14.152794813031983,14.264896944901652,13.928592331095581,14.24621295928955,542400,0.0,0.0
2023-01-30 00:00:00-05:00,13.657680054729,14.489098661627047,12.80757835410703,14.25555419921875,1173600,0.0,0.0
2023-01-31 00:00:00-05:00,14.292921489962419,14.376997640223015,13.79780747175178,14.21818733215332,1046200,0.0,0.0
2023-02-01 00:00:00-05:00,14.484428430435027,14.825403149742655,14.106086630804668,14.24621295928955,1151500,0.0,0.0
2023-02-02 00:00:00-05:00,14.3302895407376,15.38590981410794,14.29292245929884,15.180391311645508,1821500,0.0,0.0
2023-02-03 00:00:00-05:00,15.068288924814617,15.18039105816049,14.072456176555194,14.302264213562012,1442300,0.0,0.0
2023-02-06 00:00:00-05:00,14.180821462775398,14.255555626958808,13.741757580021734,14.040694236755371,1178200,0.0,0.0
2023-02-07 00:00:00-05:00,14.236871913627962,14.96553136474941,14.199504830819286,14.918822288513184,1643000,0.0,0.0
2023-02-08 00:00:00-05:00,14.932832488247696,15.012237640478226,14.405022399351651,14.872111320495605,1265300,0.0,0.0
2023-02-09 00:00:00-05:00,15.189733861601457,15.451304332163708,14.783366056518283,14.918822288513184,1595700,0.0,0.0
2023-02-10 00:00:00-05:00,14.741325991997366,15.189731816222745,14.51712352533538,14.72264289855957,1406300,0.0,0.0
2023-02-13 00:00:00-05:00,14.834745859494618,15.638138570711153,14.81606187297954,15.628796577453613,2552200,0.0,0.0
2023-02-14 00:00:00-05:00,15.65682331235683,15.862341828525784,15.320518666077534,15.619455337524414,1467400,0.0,0.0
2023-02-15 00:00:00-05:00,15.3765676362503,15.628796101107147,14.834745407349837,15.6007719039917,1247400,0.0,0.0
2023-02-16 00:00:00-05:00,15.507353263498295,16.348113004512648,15.378436259092592,16.011808395385742,2078600,0.0,0.0
2023-02-17 00:00:00-05:00,15.852997937864425,15.867945482369405,14.900136966195069,15.143022537231445,2702200,0.0,0.0
2023-02-21 00:00:00-05:00,14.848758209362915,14.974872440199311,14.442390429190572,14.489099502563477,1497000,0.0,0.0
2023-02-22 00:00:00-05:00,14.535809569830958,15.16170798857873,14.535809569830958,15.021581649780273,1269800,0.0,0.0
2023-02-23 00:00:00-05:00,15.133681538953878,15.638136639957512,15.086971578433205,15.339200019836426,1879600,0.0,0.0
2023-02-24 00:00:00-05:00,15.161707270797043,15.395251751672424,15.021580938632411,15.367227554321289,1914100,0.0,0.0
2023-02-27 00:00:00-05:00,15.48867104025835,16.422849032509884,15.48867104025835,15.86234188079834,2214400,0.0,0.0
2023-02-28 00:00:00-05:00,16.721784591674805,17.226241529171478,16.385481748480018,16.721784591674805,13542200,0.0,0.0
2023-03-01 00:00:00-05:00,17.469128437860167,17.972649941265278,16.785309848254304,16.9366455078125,2842600,0.0,0.0
2023-03-02 00:00:00-05:00,16.871252826976338,17.5298481928441,16.79651866424677,17.29163360595703,1733700,0.0,0.0
2023-03-03 00:00:00-05:00,17.47379914158323,18.1417365435336,17.291634719560964,18.020294189453125,2690500,0.0,0.0
2023-03-06 00:00:00-05:00,18.202456754254452,18.20712685971051,17.14216463543795,17.450443267822266,1722200,0.0,0.0
2023-03-07 00:00:00-05:00,17.46912788295795,17.637278412481013,16.805860630705524,17.385051727294922,1902700,0.0,0.0
2023-03-08 00:00:00-05:00,17.170188834987957,17.880164245236614,16.768493838984135,17.74003791809082,2338400,0.0,0.0
2023-03-09 00:00:00-05:00,17.320590303748578,17.45044095622166,17.067428214656417,17.4317569732666,1977900,0.0,0.0
2023-03-10 00:00:00-05:00,17.263606345771716,17.319658300011998,16.590998931114083,17.226240158081055,1399900,0.0,0.0
2023-03-13 00:00:00-04:00,17.497151277408754,18.10436654348688,17.151506459368658,17.637277603149414,2603000,0.0,0.0
2023-03-14 00:00:00-04:00,17.515836894984403,17.84279954005139,16.885267479486192,17.814773559570312,1342500,0.0,0.0
2023-03-15 00:00:00-04:00,17.59524165826277,17.69333170178384,17.12535166685111,17.357027053833008,1533000,0.0,0.0
2023-03-16 00:00:00-04:00,17.33834113704482,17.581227602226846,17.002038308318337,17.450443267822266,1653300,0.0,0.0
2023-03-17 00:00:00-04:00,17.54386242297811,17.54386242297811,16.049177356796076,16.348114013671875,2295200,0.0,0.0
2023-03-20 00:00:00-04:00,16.525610203100932,17.422420275818887,16.058521178109523,16.637710571289062,2244800,0.0,0.0
2023-03-21 00:00:00-04:00,16.787175925978215,16.815201903933815,16.002466361250402,16.488239288330078,1582500,0.0,0.0
2023-03-22 00:00:00-04:00,16.357455605535364,16.64705026205217,15.909050631224899,16.329429626464844,2061200,0.0,0.0
2023-03-23 00:00:00-04:00,16.446202068453072,16.98335509217963,15.988455095499647,16.33877182006836,1774000,0.0,0.0
2023-03-24 00:00:00-04:00,16.20331379873662,16.254693864407955,15.199073701880016,15.339200019836426,1389000,0.0,0.0
2023-03-27 00:00:00-04:00,15.301833547873041,15.740898310691978,15.227099385534093,15.610112190246582,1734000,0.0,0.0
2023-03-28 00:00:00-04:00,15.937074102650412,16.338770875351347,15.339200830799475,15.666163444519043,4221100,0.0,0.0
2023-03-29 00:00:00-04:00,15.56340368170731,15.56340368170731,15.04960654909005,15.255125045776367,2169600,0.0,0.0
2023-03-30 00:00:00-04:00,15.507354630600776,16.488240784623656,15.32986031771365,16.273380279541016,2352300,0.0,0.0
2023-03-31 00:00:00-04:00,16.329428755812422,16.712441540339846,16.030492122210816,16.572315216064453,2060200,0.0,0.0
2023-04-03 00:00:00-04:00,16.68441886546425,16.98335552631596,15.768923114352079,16.067861557006836,1725200,0.0,0.0
2023-04-04 00:00:00-04:00,15.768920633024308,16.207985343638637,15.768920633024308,16.133251190185547,746600,0.0,0.0
2023-04-05 00:00:00-04:00,16.282720755900773,16.58165739282378,15.357884867244135,15.768921852111816,712200,0.0,0.0
2023-04-06 00:00:00-04:00,15.881024642352136,16.13325310842221,15.582087992996337,15.610112190246582,2124300,0.0,0.0
2023-04-10 00:00:00-04:00,15.544719572419117,15.787606038463531,15.17104877150576,15.778264045715332,560400,0.0,0.0
2023-04-11 00:00:00-04:00,15.960428453915904,16.47889746985574,15.960428453915904,16.30140495300293,678100,0.0,0.0
2023-04-12 00:00:00-04:00,16.3014056495995,16.385481806144828,15.666164369836103,15.75958251953125,1132600,0.0,0.0
2023-04-13 00:00:00-04:00,15.881023981859395,16.198644604040815,15.619453533650313,15.768921852111816,740600,0.0,0.0
2023-04-14 00:00:00-04:00,15.694186570764398,15.946415008310224,15.32051580132768,15.516694068908691,729500,0.0,0.0
2023-04-17 00:00:00-04:00,15.647479164105299,15.906246830599718,15.610111194418181,15.796947479248047,493400,0.0,0.0
2023-04-18 00:00:00-04:00,15.82497428397598,16.105226944071877,15.759582115407134,16.030492782592773,481400,0.0,0.0
2023-04-19 00:00:00-04:00,15.796948926671867,15.9931272218987,15.582088426692547,15.96510124206543,332200,0.0,0.0
2023-04-20 00:00:00-04:00,15.890367294911963,16.394822466186934,15.600772626554052,15.68484878540039,550300,0.0,0.0
2023-04-21 00:00:00-04:00,15.572745802139282,15.58208779503834,14.629225900969848,15.311175346374512,833900,0.0,0.0
2023-04-24 00:00:00-04:00,15.292493446863284,15.717544332317239,14.909479748489126,15.180391311645508,605300,0.0,0.0
2023-04-25 00:00:00-04:00,15.2831508470306,15.654952535319303,14.816061011237524,15.152364730834961,809000,0.0,0.0
2023-04-26 00:00:00-04:00,15.325188778028101,15.628795520247072,15.301832905562646,15.479327201843262,645900,0.0,0.0
2023-04-27 00:00:00-04:00,15.498012019762651,16.19864546809983,15.469986040380084,16.142595291137695,890500,0.0,0.0
2023-04-28 00:00:00-04:00,16.320086497694636,17.32899851058252,16.03049186133129,17.226240158081055,829000,0.0,0.0
2023-05-01 00:00:00-04:00,17.161782560893144,17.235583057263685,16.581657811145227,16.600341796875,422900,0.0,0.0
2023-05-02 00:00:00-04:00,16.39482149587876,16.469555656896556,15.535377753272627,15.591429710388184,564500,0.0,0.0
2023-05-03 00:00:00-04:00,15.582087872311153,15.628796055235119,14.900137532623164,15.264467239379883,854500,0.0,0.0
2023-05-04 00:00:00-04:00,15.339202653493741,15.946417990095608,15.339202653493741,15.619455337524414,1154700,0.0,0.0
2023-05-05 00:00:00-04:00,15.619454584196076,15.84365707696792,15.413936077939306,15.628796577453613,531700,0.0,0.0
2023-05-08 00:00:00-04:00,15.600772297402967,15.600772297402967,14.741327631163038,15.189733505249023,1401700,0.0,0.0
2023-05-09 00:00:00-04:00,14.965530663007154,14.992621195414621,14.274238327109472,14.741327285766602,939200,0.0,0.0
2023-05-10 00:00:00-04:00,14.69461830904628,15.488669900383174,14.573175962984395,15.367227554321289,735900,0.0,0.0
2023-05-11 00:00:00-04:00,15.264466990766769,16.08654275673895,15.264466990766769,16.021150588989258,708600,0.0,0.0
2023-05-12 00:00:00-04:00,15.815631246127726,15.843655441203984,15.395250501955458,15.498010635375977,541700,0.0,0.0
2023-05-15 00:00:00-04:00,15.610111380040463,16.42284691237102,15.507353025784699,16.189302444458008,980700,0.0,0.0
2023-05-16 00:00:00-04:00,16.675075481668944,17.151506413351246,15.54471932254751,15.666163444519043,2051700,0.0,0.0
2023-05-17 00:00:00-04:00,15.806290877633728,17.030063484895177,15.778264897875488,16.348114013671875,1960600,0.0,0.0
2023-05-18 00:00:00-04:00,16.301405680625294,16.380809949845343,14.745998563379317,14.946846961975098,1388200,0.0,0.0
2023-05-19 00:00:00-04:00,15.199075605699283,15.320517954659156,14.461074173256659,15.049607276916504,1474700,0.0,0.0
2023-05-22 00:00:00-04:00,15.16170766651957,15.9697713776226,15.143023679929168,15.871683120727539,1439600,0.0,0.0
2023-05-23 00:00:00-04:00,15.680175588786426,16.030492294133403,15.292492694739948,15.479327201843262,1703000,0.0,0.0
2023-05-24 00:00:00-04:00,15.404592088889858,15.435420840825918,14.573174396519239,14.66659164428711,1152400,0.0,0.0
2023-05-25 00:00:00-04:00,14.563832631006642,14.731984926866309,13.61097080900375,13.769781112670898,1309500,0.0,0.0
2023-05-26 00:00:00-04:00,13.979972512603577,14.208845992776224,13.704389958928017,14.059377670288086,884700,0.0,0.0
2023-05-30 00:00:00-04:00,14.134111299343147,14.638567314197168,13.741756522134304,13.98464298248291,1169000,0.0,0.0
2023-05-31 00:00:00-04:00,13.811820105844008,14.208845891434853,13.508212466592703,14.199503898620605,2512600,0.0,0.0
2023-06-01 00:00:00-04:00,14.199503348769479,15.002895990753963,14.199503348769479,14.89079475402832,1227000,0.0,0.0
2023-06-02 00:00:00-04:00,15.50268247849189,15.628796715881139,15.103788450057342,15.395252227783203,1249400,0.0,0.0
2023-06-05 00:00:00-04:00,15.2551249706913,15.423277277062894,14.923492245237844,15.301833152770996,764500,0.0,0.0
2023-06-06 00:00:00-04:00,15.441962105948923,16.27337990863371,15.441962105948923,16.161277770996094,1859600,0.0,0.0
2023-06-07 00:00:00-04:00,16.16127833795974,16.628367327863813,16.133254138919476,16.28272247314453,2299800,0.0,0.0
2023-06-08 00:00:00-04:00,16.413505528546835,16.83762273989273,16.292063184721545,16.50692367553711,1830800,0.0,0.0
2023-06-09 00:00:00-04:00,16.572315483329614,16.703099817188782,16.002466402709672,16.011808395385742,736300,0.0,0.0
2023-06-12 00:00:00-04:00,16.01180777153132,16.273378210861228,15.909049419704052,16.077199935913086,752700,0.0,0.0
2023-06-13 00:00:00-04:00,16.348113134953053,16.703099950461603,16.07720069059414,16.30140495300293,2040100,0.0,0.0
2023-06-14 00:00:00-04:00,16.352783890769583,16.70310061473623,16.07720132997704,16.43218994140625,2085100,0.0,0.0
2023-06-15 00:00:00-04:00,16.908621326150005,17.413076494843708,16.254696045536377,16.647050857543945,2188900,0.0,0.0
2023-06-16 00:00:00-04:00,16.721783783062154,16.81520192791113,16.2360108552898,16.394821166992188,1000400,0.0,0.0
2023-06-20 00:00:00-04:00,16.058519764134378,16.06786175762802,14.984215457608784,15.021581649780273,2652400,0.0,0.0
2023-06-21 00:00:00-04:00,14.94684697628735,15.077631317152902,14.675935410478202,14.900137901306152,1544000,0.0,0.0
2023-06-22 00:00:00-04:00,14.872112933995336,15.096315426652188,14.68527752344796,14.713302612304688,299300,0.0,0.0
2023-06-23 00:00:00-04:00,14.666592482381395,14.694617569223055,14.376997839580847,14.563833236694336,444000,0.0,0.0
2023-06-26 00:00:00-04:00,14.619884420188074,15.264467698378452,14.619884420188074,15.096315383911133,736400,0.0,0.0
2023-06-27 00:00:00-04:00,15.469984863405548,16.245352415969037,15.460642870988774,16.179960250854492,1112100,0.0,0.0
2023-06-28 00:00:00-04:00,16.06786073066714,16.06786073066714,15.4606436650117,15.83431625366211,659000,0.0,0.0
2023-06-29 00:00:00-04:00,15.68484742971511,15.68484742971511,15.26446667181811,15.666163444519043,504600,0.0,0.0
2023-06-30 00:00:00-04:00,15.666164613642218,16.011809456549486,15.49987962751189,15.871683120727539,317300,0.0,0.0
2023-07-03 00:00:00-04:00,16.114568285997958,16.54428925169252,16.1005561881001,16.189302444458008,534400,0.0,0.0
2023-07-05 00:00:00-04:00,16.161276866038666,16.161276866038666,15.638137743896925,15.918392181396484,649700,0.0,0.0
2023-07-06 00:00:00-04:00,15.787604950018055,15.787604950018055,15.255123872702018,15.339200019836426,637000,0.0,0.0
2023-07-07 00:00:00-04:00,15.432618808292512,16.07720025436873,15.395250838303982,15.852997779846191,750400,0.0,0.0
2023-07-10 00:00:00-04:00,15.8436543979175,16.637705872509493,15.8436543979175,16.59099769592285,922100,0.0,0.0
2023-07-11 00:00:00-04:00,16.62836515331636,16.73579717493177,16.123910036726866,16.366796493530273,561700,0.0,0.0
2023-07-12 00:00:00-04:00,16.600342642377406,16.8152031438044,16.31074619422481,16.740468978881836,719500,0.0,0.0
2023-07-13 00:00:00-04:00,16.984287971330144,18.197784849542913,16.98335430660041,18.123050689697266,1099700,0.0,0.0
2023-07-14 00:00:00-04:00,18.057660478371293,18.057660478371293,17.413077166261353,17.54386329650879,719100,0.0,0.0
2023-07-17 00:00:00-04:00,17.506494552025888,17.55320451856193,17.081443656464593,17.413076400756836,426600,0.0,0.0
2023-07-18 00:00:00-04:00,17.314986681512156,17.524243393955548,16.60034118099023,16.9553279876709,766500,0.0,0.0
2023-07-19 00:00:00-04:00,17.165517299833937,17.693328262651974,16.413503875895625,16.712440490722656,799000,0.0,0.0
2023-07-20 00:00:00-04:00,16.619025187751454,17.011378183215296,16.590999210159943,16.861909866333008,433000,0.0,0.0
2023-07-21 00:00:00-04:00,17.14216406302083,17.590569007551462,17.086113890405212,17.328998565673828,613500,0.0,0.0
2023-07-24 00:00:00-04:00,17.431759575040637,19.234723217842873,17.431759575040637,19.001178741455078,2145700,0.0,0.0
2023-07-25 00:00:00-04:00,19.52431786965891,19.93535664700625,18.618165942723333,19.001178741455078,1563900,0.0,0.0
2023-07-26 00:00:00-04:00,19.27209041992768,19.84193954242612,19.244066221642868,19.533660888671875,1305500,0.0,0.0
2023-07-27 00:00:00-04:00,19.561686537140353,19.571028530344602,18.861053083048823,19.038545608520508,1263000,0.0,0.0
2023-07-28 00:00:00-04:00,19.454256388990743,20.140875965938903,19.244065995311498,19.61773681640625,1538000,0.0,0.0
2023-07-31 00:00:00-04:00,19.617737016661657,19.81391353156281,19.178674020118798,19.627079010009766,1590300,0.0,0.0
2023-08-01 00:00:00-04:00,19.500963975122062,20.010091010056048,19.197355440033704,19.589710235595703,628200,0.0,0.0
2023-08-02 00:00:00-04:00,19.328140926993125,19.337482919653404,18.319228883120953,18.786317825317383,1448700,0.0,0.0
2023-08-03 00:00:00-04:00,19.150648853578815,19.655105824987363,18.730268044071693,19.571029663085938,869100,0.0,0.0
2023-08-04 00:00:00-04:00,19.440241911743794,20.038116988954393,18.97315295425584,19.589710235595703,938900,0.0,0.0
2023-08-07 00:00:00-04:00,19.776547832600723,19.78588982618154,18.702243516050245,19.16933250427246,1151000,0.0,0.0
2023-08-08 00:00:00-04:00,18.68355873043415,18.954471187290892,18.244495741718033,18.935787200927734,741100,0.0,0.0
2023-08-09 00:00:00-04:00,19.103938630336906,19.295445027187586,18.593876160689163,19.178672790527344,840400,0.0,0.0
2023-08-10 00:00:00-04:00,19.589709361310007,19.832595822180114,18.842367775404206,18.870393753051758,880800,0.0,0.0
2023-08-11 00:00:00-04:00,18.3565957776474,18.3565957776474,17.386918996589063,17.861482620239258,1425000,0.0,0.0
2023-08-14 00:00:00-04:00,17.683987658841005,18.7489498782086,17.599911506595888,18.692899703979492,1384300,0.0,0.0
2023-08-15 00:00:00-04:00,18.861052775867645,19.75786272723343,18.77697662020173,19.402875900268555,1237400,0.0,0.0
2023-08-16 00:00:00-04:00,19.150646264204905,19.150646264204905,18.45001286429497,18.58079719543457,868200,0.0,0.0
2023-08-17 00:00:00-04:00,19.244064577097916,19.566355302452486,19.01519021378034,19.066570281982422,912300,0.0,0.0
2023-08-18 00:00:00-04:00,18.49672019048562,18.954468891935278,17.870820977539342,18.82368278503418,757700,0.0,0.0
2023-08-21 00:00:00-04:00,18.823684837817982,19.2767617017506,18.618166335707787,19.01986312866211,1224000,0.0,0.0
2023-08-22 00:00:00-04:00,20.645333151141763,20.981636003141087,19.813913559997356,20.878877639770508,2959700,0.0,0.0
2023-08-23 00:00:00-04:00,21.177812980577812,21.96252255602089,21.028344659712744,21.775686264038086,1951900,0.0,0.0
2023-08-24 00:00:00-04:00,21.999888950945206,22.48379455970657,21.205839157104492,21.205839157104492,1756400,0.0,0.0
2023-08-25 00:00:00-04:00,21.13203908773829,21.27123175520044,20.580873970083598,21.131105422973633,1241600,0.0,0.0
2023-08-28 00:00:00-04:00,21.523458702861987,22.027913819627546,21.168470119024317,21.439382553100586,1062000,0.0,0.0
2023-08-29 00:00:00-04:00,22.027915367730508,23.942979398434055,21.728978717260002,23.43852424621582,2763100,0.0,0.0
2023-08-30 00:00:00-04:00,23.354446655547516,23.410496828616022,22.89669971491513,23.176952362060547,2262300,0.0,0.0
2023-08-31 00:00:00-04:00,24.14849941288579,24.503486235912973,23.86824496984047,24.195207595825195,2665300,0.0,0.0
2023-09-01 00:00:00-04:00,24.251259019123147,24.540855470012893,23.634701707233784,24.354019165039062,1783300,0.0,0.0
2023-09-05 00:00:00-04:00,26.297107784928567,26.50262806528543,24.596904275447013,24.858474731445312,4261600,0.0,0.0
2023-09-06 00:00:00-04:00,25.3632721343255,26.568336398171837,25.239919940228102,25.78077507019043,3503200,0.412,0.0
2023-09-07 00:00:00-04:00,25.37276057830049,25.61946677180044,24.58519926474552,25.48662567138672,2261100,0.0,0.0
2023-09-08 00:00:00-04:00,25.344293389793496,25.57202357180767,24.879347737010985,25.3253173828125,925800,0.0,0.0
2023-09-11 00:00:00-04:00,25.809241743575406,26.786575815075917,25.7238433748274,26.691688537597656,2284000,0.0,0.0
2023-09-12 00:00:00-04:00,26.710667153338683,27.441296858985467,26.454472039437963,26.482938766479492,1791500,0.0,0.0
2023-09-13 00:00:00-04:00,26.473449365033584,26.715412015824963,26.055946425312193,26.71066665649414,1514200,0.0,0.0
2023-09-14 00:00:00-04:00,27.24203259663057,28.171925744860502,27.052259851348925,28.124481201171875,2576000,0.0,0.0
2023-09-15 00:00:00-04:00,28.390165514392738,28.390165514392738,25.951572047750073,26.71066665649414,2535400,0.0,0.0
2023-09-18 00:00:00-04:00,25.401228955688136,25.84719682880677,24.51878030881937,25.211454391479492,2812600,0.0,0.0
2023-09-19 00:00:00-04:00,24.262583887524656,24.490312266454588,23.66479711906162,24.33849334716797,4896700,0.0,0.0
2023-09-20 00:00:00-04:00,24.5282675869731,24.66110868719109,24.110764659371107,24.186674118041992,2027300,0.0,0.0
2023-09-21 00:00:00-04:00,23.52246574588356,24.110763571585096,23.285248472011354,23.854568481445312,2089600,0.0,0.0
2023-09-22 00:00:00-04:00,25.126054623500757,25.182988075496873,23.987412730942513,24.46184730529785,2500700,0.0,0.0
2023-09-25 00:00:00-04:00,23.920990496368105,25.420205496664643,23.86405885389617,24.993213653564453,1492000,0.0,0.0
2023-09-26 00:00:00-04:00,24.746508253509045,25.439182323672235,24.67059879115999,25.050146102905273,2669000,0.0,0.0
2023-09-27 00:00:00-04:00,25.14503148062358,25.230429845532388,23.45794231446936,24.139230728149414,1817200,0.0,0.0
2023-09-28 00:00:00-04:00,24.110765868888397,24.774975022946904,23.712240738418163,24.661109924316406,2706600,0.0,0.0
2023-09-29 00:00:00-04:00,25.097589408094045,25.315828875337655,24.41155561733202,24.57571029663086,1256800,0.0,0.0
2023-10-02 00:00:00-04:00,24.490313023505003,24.917304878338076,24.129743531509337,24.38593864440918,1059800,0.0,0.0
2023-10-03 00:00:00-04:00,23.797639195315494,24.148721591680157,23.47976888561482,23.883037567138672,1025900,0.0,0.0
2023-10-04 00:00:00-04:00,24.015875630123304,24.015875630123304,22.97211929223744,23.418088912963867,1255100,0.0,0.0
2023-10-05 00:00:00-04:00,23.294737035495714,23.370646495516347,22.4037496806351,22.7823486328125,1471500,0.0,0.0
2023-10-06 00:00:00-04:00,23.02905476335545,23.607863715645212,22.991099128543386,23.427579879760742,1467800,0.0,0.0
2023-10-09 00:00:00-04:00,23.721728103311563,24.83190505093951,23.721728103311563,24.680086135864258,1972300,0.0,0.0
2023-10-10 00:00:00-04:00,25.35378399566428,26.207767710832172,24.101276959850495,24.661109924316406,2895500,0.0,0.0
2023-10-11 00:00:00-04:00,24.680087892860403,25.059635207568835,24.272073850864707,24.67059898376465,1831300,0.0,0.0
2023-10-12 00:00:00-04:00,24.48082358054849,24.803439239424456,23.418091135871194,23.70275115966797,1517500,0.0,0.0
2023-10-13 00:00:00-04:00,24.423891874199352,24.850883718607708,23.816616193106835,24.480823516845703,1648600,0.0,0.0
2023-10-16 00:00:00-04:00,24.291049168200107,24.480821901104317,23.830847078469493,23.977922439575195,677600,0.0,0.0
2023-10-17 00:00:00-04:00,24.49980051319837,25.25889689894636,23.95894540162466,24.29104995727539,2271200,0.0,0.0
2023-10-18 00:00:00-04:00,23.977923069346144,24.77497327402089,23.920989619137792,24.28156089782715,1605900,0.0,0.0
2023-10-19 00:00:00-04:00,23.911503228700372,24.234118883471314,23.550931939333193,23.683773040771484,1323900,0.0,0.0
2023-10-20 00:00:00-04:00,23.598376139257415,24.291050172142956,23.493999955460545,23.788148880004883,1729300,0.0,0.0
2023-10-23 00:00:00-04:00,23.664796320026973,24.414401982466426,22.801325567055038,24.148719787597656,737000,0.0,0.0
2023-10-24 00:00:00-04:00,24.65162002756387,26.834020153582372,24.65162002756387,26.672712326049805,2554300,0.0,0.0
2023-10-25 00:00:00-04:00,26.065435286427288,26.264698751997972,25.30254547750989,25.534069061279297,1512600,0.0,0.0
2023-10-26 00:00:00-04:00,25.164008834921013,25.837705023686553,24.452357013638114,24.632640838623047,1334700,0.0,0.0
2023-10-27 00:00:00-04:00,25.429691802820305,25.804495541210443,24.44286885483114,24.680086135864258,984300,0.0,0.0
2023-10-30 00:00:00-04:00,25.448670240847736,26.01799209118887,25.086202255538694,25.50560188293457,922700,0.0,0.0
2023-10-31 00:00:00-04:00,24.80344003219047,25.11751695008913,23.489255987670386,24.015878677368164,1442800,0.0,0.0
2023-11-01 00:00:00-04:00,23.958947482636617,24.262585339379317,23.769172917260235,24.177186965942383,955600,0.0,0.0
2023-11-02 00:00:00-04:00,24.670599335605658,24.983726100933833,24.082299632049256,24.433382034301758,928000,0.0,0.0
2023-11-03 00:00:00-04:00,24.822417227781113,25.591000745180892,24.044344801546234,25.277873992919922,1422800,0.0,0.0
2023-11-06 00:00:00-05:00,25.619466932429088,25.90317860427678,25.315829095394403,25.628955841064453,798600,0.0,0.0
2023-11-07 00:00:00-05:00,25.448670836169033,26.169811622160893,24.812928420217283,25.410717010498047,1094500,0.0,0.0
2023-11-08 00:00:00-05:00,25.20196543243716,25.847196777681038,25.05963541447439,25.467649459838867,950100,0.0,0.0
2023-11-09 00:00:00-05:00,25.61946854082126,25.638446359283424,24.253096378559967,24.433382034301758,881900,0.0,0.0
2023-11-10 00:00:00-05:00,24.272072751626006,24.670597866477458,23.826104903268728,24.46184730529785,920900,0.0,0.0
2023-11-13 00:00:00-05:00,24.196163745030052,24.822417250115475,23.731218070637805,24.62315559387207,902700,0.0,0.0
2023-11-14 00:00:00-05:00,24.71804152644402,25.771286900133486,24.63264315507329,25.050146102905273,1169700,0.0,0.0
2023-11-15 00:00:00-05:00,25.733330772647125,26.568334783815843,25.173497859202214,25.6763973236084,1553300,0.0,0.0
2023-11-16 00:00:00-05:00,25.14503253602674,26.23623169921021,24.793950153351986,25.249408721923828,1036500,0.0,0.0
2023-11-17 00:00:00-05:00,25.15452194753421,25.619467624277362,25.05014575955078,25.287363052368164,773700,0.0,0.0
2023-11-20 00:00:00-05:00,24.88883676840162,26.720154473197503,24.860371852877357,26.24571990966797,1380700,0.0,0.0
2023-11-21 00:00:00-05:00,25.20196451877935,25.93259421027793,23.29473727971355,23.71224021911621,2999900,0.0,0.0
2023-11-22 00:00:00-05:00,23.70275126700677,23.835594180561237,22.269958613116064,22.66848373413086,2132400,0.0,0.0
2023-11-24 00:00:00-05:00,23.199852256244817,24.32900528132896,23.171385529208283,23.87354850769043,2386000,0.0,0.0
2023-11-27 00:00:00-05:00,24.072811508974908,24.366960443332587,23.475022921607675,23.57939910888672,1507500,0.0,0.0
2023-11-28 00:00:00-05:00,23.56042204425815,24.12974392333904,23.199852546407392,23.759685516357422,980500,0.0,0.0
2023-11-29 00:00:00-05:00,24.129744768117657,25.18299019080004,24.10127803972847,24.60417938232422,2337000,0.0,0.0
2023-11-30 00:00:00-05:00,24.95525926997848,25.126056015782453,23.920991695787208,24.03485679626465,5275900,0.0,0.0
2023-12-01 00:00:00-05:00,22.896211280074205,23.133428562258175,22.08967396850809,23.000587463378906,2350600,0.0,0.0
2023-12-04 00:00:00-05:00,22.203538541469545,22.203538541469545,19.575170467688057,19.698524475097656,5462800,0.0,0.0
2023-12-05 00:00:00-05:00,19.129201818732653,20.732791180560156,19.100735092845444,19.641592025756836,2750000,0.0,0.0
2023-12-06 00:00:00-05:00,20.13500278448922,20.723302455945557,19.97369495601122,20.049604415893555,2837000,0.0,0.0
2023-12-07 00:00:00-05:00,19.87880963102985,20.286821849682124,19.665313708010217,19.926252365112305,1841400,0.0,0.0
2023-12-08 00:00:00-05:00,19.347442424301136,19.451818615528257,18.028514814392043,18.550392150878906,3599600,0.0,0.0
2023-12-11 00:00:00-05:00,18.7211874170091,18.97738251532379,18.303686304745423,18.446016311645508,2544600,0.0,0.0
2023-12-12 00:00:00-05:00,18.5029479945725,18.512436903030675,17.962092881226106,18.322662353515625,1537100,0.0,0.0
2023-12-13 00:00:00-05:00,18.208800971931403,18.37010881290597,17.60152343600246,18.056982040405273,1537700,0.0,0.0
2023-12-14 00:00:00-05:00,17.92413713205022,18.1034744240545,17.335839290022918,17.53510093688965,2706400,0.0,0.0
2023-12-15 00:00:00-05:00,17.658454598288177,19.110223168603117,17.658454598288177,18.161354064941406,3350800,0.0,0.0
2023-12-18 00:00:00-05:00,18.170843878190198,18.493459534289595,18.000047141452363,18.21828842163086,1321900,0.0,0.0
2023-12-19 00:00:00-05:00,18.40806252423117,18.920452772253373,18.379597605890655,18.835054397583008,1820800,0.0,0.0
2023-12-20 00:00:00-05:00,18.531416555533234,18.83505441697407,17.914650113429072,17.92413902282715,1138200,0.0,0.0
2023-12-21 00:00:00-05:00,18.13288987848023,18.635789365333903,18.075956426900213,18.597835540771484,783600,0.0,0.0
2023-12-22 00:00:00-05:00,18.066469818555117,18.778121694205307,17.79129689125471,18.63578987121582,1030900,0.0,0.0
2023-12-26 00:00:00-05:00,18.749654424581514,19.091247894143542,18.645278240032173,18.85403060913086,665400,0.0,0.0
2023-12-27 00:00:00-05:00,19.110222943170477,19.11971185127406,18.65476621314343,18.92045021057129,854400,0.0,0.0
2023-12-28 00:00:00-05:00,19.148178910134728,20.33426529644313,19.10547972783466,19.205110549926758,1933700,0.0,0.0
2023-12-29 00:00:00-05:00,19.224088680758133,19.96420724945141,19.034314131916503,19.356929779052734,1733100,0.0,0.0
2024-01-02 00:00:00-05:00,18.86351916556106,19.086504009847857,18.29894263514005,18.825565338134766,1500600,0.0,0.0
2024-01-03 00:00:00-05:00,18.74016616721645,19.228833212179833,18.74016616721645,18.901473999023438,1042900,0.0,0.0
2024-01-04 00:00:00-05:00,20.12551303671892,21.4918850674596,20.12551303671892,20.77074432373047,3909700,0.0,0.0
2024-01-05 00:00:00-05:00,20.543016466863627,20.92256375993487,20.24886754096145,20.286821365356445,1660000,0.0,0.0
2024-01-08 00:00:00-05:00,19.992671966552734,20.284924189725647,19.741222230182814,19.992671966552734,1467500,0.0,0.0
2024-01-09 00:00:00-05:00,20.049605227432572,21.06869198463684,20.00690604140642,20.884611129760742,1648500,0.0,0.0
2024-01-10 00:00:00-05:00,20.675859813156226,20.984241203486672,20.12551396430795,20.83716583251953,1623700,0.0,0.0
2024-01-11 00:00:00-05:00,21.188249493262482,21.401745428549017,20.4576197635372,20.656883239746094,1118100,0.0,0.0
2024-01-12 00:00:00-05:00,20.69483559992741,21.363788276512345,20.675859592444127,21.34006690979004,1091200,0.0,0.0
2024-01-16 00:00:00-05:00,21.273645061234596,21.769904275589504,20.905483391154643,21.378021240234375,1539100,0.0,0.0
2024-01-17 00:00:00-05:00,20.419664762796724,20.637904235294886,19.68998342298229,19.926252365112305,2018600,0.0,0.0
2024-01-18 00:00:00-05:00,20.846653620423844,22.01376399700591,19.660567237176203,19.717500686645508,2805100,0.0,0.0
2024-01-19 00:00:00-05:00,20.45761920864179,20.761257059558098,19.17664544149232,20.097049713134766,2458100,0.0,0.0
2024-01-22 00:00:00-05:00,19.55619226346017,19.730784188172347,18.873005369476076,19.290508270263672,2183500,0.0,0.0
2024-01-23 00:00:00-05:00,20.097050217017056,20.6236729197019,19.52772832736251,19.869321823120117,1582400,0.0,0.0
2024-01-24 00:00:00-05:00,20.135001827542,20.30579855661595,18.79709652956163,19.072269439697266,1772200,0.0,0.0
2024-01-25 00:00:00-05:00,19.21460021260027,19.622614235081688,19.129201844647216,19.25255584716797,733100,0.0,0.0
2024-01-26 00:00:00-05:00,18.749655274128692,19.18613422961326,18.483971251339607,18.787609100341797,1181300,0.0,0.0
2024-01-29 00:00:00-05:00,18.588346278019966,18.597835186435848,16.38697020061364,16.757028579711914,3671200,0.0,0.0
2024-01-30 00:00:00-05:00,16.140264518985312,16.349015081228547,15.798671044565216,16.27310562133789,2601200,0.0,0.0
2024-01-31 00:00:00-05:00,16.045378384090363,16.662143015843377,15.646853238833517,16.09282112121582,2258200,0.0,0.0
2024-02-01 00:00:00-05:00,16.35850402819743,16.681119685943234,15.922025085261517,16.016910552978516,1124800,0.0,0.0
2024-02-02 00:00:00-05:00,15.665831269373905,15.74174073569538,15.39065832281829,15.514012336730957,1043700,0.0,0.0
2024-02-05 00:00:00-05:00,15.580431672386558,15.580431672386558,14.906734532901677,15.238838195800781,1799800,0.0,0.0
2024-02-06 00:00:00-05:00,15.978956416649295,16.168730968035806,15.476055122352019,15.865091323852539,1322400,0.0,0.0
2024-02-07 00:00:00-05:00,15.371680609451007,15.561453349303642,15.058552964449017,15.333724975585938,1013000,0.0,0.0
2024-02-08 00:00:00-05:00,15.333724939599078,15.656340587398068,15.314747122711083,15.523499488830566,719400,0.0,0.0
2024-02-09 00:00:00-05:00,15.43810257085477,15.689552333823542,15.333726378003854,15.627875328063965,267700,0.0,0.0
2024-02-12 00:00:00-05:00,15.751228789614172,16.206685562802818,15.751228789614172,15.978957176208496,560300,0.0,0.0
2024-02-13 00:00:00-05:00,15.656340635631569,15.760716819012867,15.381167719380592,15.46656608581543,428500,0.0,0.0
2024-02-14 00:00:00-05:00,15.703783603819296,16.045377074684488,15.703783603819296,15.997934341430664,407800,0.0,0.0
2024-02-15 00:00:00-05:00,16.07384380975803,16.282594369948665,15.950489807508454,16.130775451660156,704500,0.0,0.0
2024-02-16 00:00:00-05:00,16.576741401424762,17.35481553091729,16.576741401424762,17.04168701171875,2280300,0.0,0.0
2024-02-20 00:00:00-05:00,17.506637985901733,17.981072600047316,17.013225552832466,17.146066665649414,1943200,0.0,0.0
2024-02-21 00:00:00-05:00,17.71538814755503,17.971583267520472,17.354818645615218,17.63947868347168,1790500,0.0,0.0
2024-02-22 00:00:00-05:00,18.199310313103744,18.59783542250836,18.175588946675045,18.332151412963867,2446500,0.0,0.0
2024-02-23 00:00:00-05:00,18.531414895588192,18.692722721257596,17.69640904159684,17.943115234375,1430000,0.0,0.0
2024-02-26 00:00:00-05:00,17.50663843238002,17.86720795200365,17.30737494824828,17.440216064453125,1080400,0.0,0.0
2024-02-27 00:00:00-05:00,17.943115224094463,18.019024682611615,17.573056840051372,17.810274124145508,1222000,0.0,0.0
2024-02-28 00:00:00-05:00,17.354820176294226,17.696411889885173,17.089136123657227,17.089136123657227,738600,0.0,0.0
2024-02-29 00:00:00-05:00,17.696410534417183,17.990559484925246,17.383283765211978,17.392772674560547,1007000,0.0,0.0
2024-03-01 00:00:00-05:00,17.838739499524124,18.493459727242115,17.60152220931862,17.971582412719727,940000,0.0,0.0
2024-03-04 00:00:00-05:00,17.97158264352827,18.01902537824896,17.146065666688337,17.335840225219727,1260800,0.0,0.0
2024-03-05 00:00:00-05:00,16.88987028542836,16.91833701169998,16.301572421075917,16.794984817504883,1548200,0.0,0.0
2024-03-06 00:00:00-05:00,17.250442458012106,17.32635192211392,16.62418892671607,16.72856330871582,1533000,0.0,0.0
2024-03-07 00:00:00-05:00,16.377484241874917,16.46762617332453,15.851809841868329,16.178220748901367,1352000,0.0,0.0
2024-03-08 00:00:00-05:00,16.08333162556111,16.25412653966244,15.817647631696584,16.187705993652344,1327600,0.0,0.0
2024-03-11 00:00:00-04:00,16.358505136755046,17.212487072849363,16.31106239968152,17.00373649597168,2322000,0.0,0.0
2024-03-12 00:00:00-04:00,18.29419751065055,18.74016535101131,16.510322529559037,17.288394927978516,6594100,0.0,0.0
2024-03-13 00:00:00-04:00,18.066469337314686,18.90621693556798,17.80078532594561,18.730676651000977,4075300,0.0,0.0
2024-03-14 00:00:00-04:00,18.36061776778878,18.79709669269998,18.07595594692024,18.69272232055664,2345900,0.0,0.0
2024-03-15 00:00:00-04:00,18.673744503867226,18.806585601044688,18.31317322606525,18.69272232055664,3545000,0.0,0.0
2024-03-18 00:00:00-04:00,19.167157040035335,19.48028377874706,19.03905949104087,19.356929779052734,1933600,0.0,0.0
2024-03-19 00:00:00-04:00,19.22409052123171,19.62735921384797,19.00585103604701,19.613126754760742,1384500,0.0,0.0
2024-03-20 00:00:00-04:00,20.277333746326907,20.543015939747473,19.655823825615986,20.116025924682617,1956200,0.0,0.0
2024-03-21 00:00:00-04:00,20.856145478884685,20.865634388471825,19.878811319126843,20.305801391601562,2465900,0.0,0.0
2024-03-22 00:00:00-04:00,19.85983135232402,20.33426592142942,19.385396783218614,19.764944076538086,1441700,0.0,0.0
2024-03-25 00:00:00-04:00,19.451816724205788,20.011649643005452,19.356929451391164,19.594146728515625,1716700,0.0,0.0
2024-03-26 00:00:00-04:00,19.508749647117146,19.954719315731456,19.07227069721515,19.157669067382812,1621900,0.0,0.0
2024-03-27 00:00:00-04:00,19.31169912259306,19.648643401739808,19.157667766902875,19.513866424560547,749700,0.29,0.0
2024-03-28 00:00:00-04:00,19.639016654125555,20.052976620426506,19.600509732436365,19.735286712646484,784800,0.0,0.0
2024-04-01 00:00:00-04:00,21.034925917544932,21.16970288497482,20.312903301401732,20.370664596557617,1287600,0.0,0.0
2024-04-02 00:00:00-04:00,20.322530507617763,20.73841477101902,20.174274007117607,20.6883544921875,1451200,0.0,0.0
2024-04-03 00:00:00-04:00,20.370666243515462,20.669101768180774,20.187753318501866,20.418800354003906,745700,0.0,0.0
2024-04-04 00:00:00-04:00,20.553579397577135,20.669101998516226,19.98558807373047,19.98558807373047,571000,0.0,0.0
2024-04-05 00:00:00-04:00,19.966332060805158,20.35622493851286,19.850809469320385,20.255142211914062,528500,0.0,0.0
2024-04-08 00:00:00-04:00,20.34178338701895,20.606526486531948,20.264767713396576,20.457307815551758,741600,0.0,0.0
2024-04-09 00:00:00-04:00,20.601712591227216,20.794252699150253,20.385105428863437,20.495817184448242,930300,0.0,0.0
2024-04-10 00:00:00-04:00,20.389919074764904,21.044553210438707,20.211820676035508,20.505441665649414,1441300,0.0,0.0
2024-04-11 00:00:00-04:00,20.688356704790287,20.90977655692629,20.534325343634926,20.707611083984375,824000,0.0,0.0
2024-04-12 00:00:00-04:00,21.034927060453093,21.42000544274589,20.15887305216252,20.380292892456055,1872000,0.0,0.0
2024-04-15 00:00:00-04:00,20.592086004022107,20.919403095338094,19.687152244453063,19.966333389282227,1837100,0.0,0.0
2024-04-16 00:00:00-04:00,18.9843821011101,19.119160914973623,18.103515397345163,18.310495376586914,3277500,0.0,0.0
2024-04-17 00:00:00-04:00,19.34058008758068,19.889317004649556,18.868858845956584,19.793046951293945,2668200,0.0,0.0
2024-04-18 00:00:00-04:00,19.96633347999579,20.3225321408222,19.859474065367728,20.101110458374023,975700,0.0,0.0
2024-04-19 00:00:00-04:00,19.773794857136515,19.927826211512382,19.562000367720763,19.69677734375,1029500,0.0,0.0
2024-04-22 00:00:00-04:00,19.86043622582432,20.462121787922953,19.86043622582432,20.418800354003906,546200,0.0,0.0
2024-04-23 00:00:00-04:00,20.90977564956101,21.420005658871233,20.84238716150465,21.21784019470215,1896300,0.0,0.0
2024-04-24 00:00:00-04:00,21.756950072449612,22.17091002877414,21.323735737645197,21.737695693969727,1920300,0.0,0.0
2024-04-25 00:00:00-04:00,21.400751914806413,21.525903541647793,21.034927896144172,21.391124725341797,737400,0.0,0.0
2024-04-26 00:00:00-04:00,22.921813267124655,23.441670487932207,22.305687822788588,22.74852752685547,2727400,0.0,0.0
2024-04-29 00:00:00-04:00,22.555986931305828,22.65225698116402,21.939861550130953,22.276803970336914,859100,0.0,0.0
2024-04-30 00:00:00-04:00,22.19016189606935,22.363447624720063,21.631797790527344,21.631797790527344,633900,0.0,0.0
2024-05-01 00:00:00-04:00,21.660680284218994,21.939863267035378,21.362244758883147,21.371871948242188,400800,0.0,0.0
2024-05-02 00:00:00-04:00,22.161283356440403,23.470549908234698,22.142028977511416,23.297266006469727,1555200,0.0,0.0
2024-05-03 00:00:00-04:00,23.10472519013534,23.22506230050063,22.8467227633727,23.123979568481445,1358400,0.0,0.0
2024-05-06 00:00:00-04:00,23.24913046758602,23.32133347173886,22.902560821768933,23.133607864379883,975400,0.0,0.0
2024-05-07 00:00:00-04:00,23.460923891817938,23.586073678921572,22.96032107100623,23.191368103027344,2091600,0.0,0.0
2024-05-08 00:00:00-04:00,22.719646415613244,23.86525620083208,22.478972198999116,23.605327606201172,1212700,0.0,0.0
2024-05-09 00:00:00-04:00,24.067422732763465,24.22145409135726,23.595701467545137,23.865257263183594,1619600,0.0,0.0
2024-05-10 00:00:00-04:00,23.913389908597818,24.096302824292316,23.36465299771285,23.768985748291016,964300,0.0,0.0
2024-05-13 00:00:00-04:00,24.41399272840439,24.548769699957887,23.96152403327733,24.40436553955078,2161300,0.0,0.0
2024-05-14 00:00:00-04:00,21.872473359734496,23.586074538237995,21.00123382236672,23.249130249023438,2735500,0.0,0.0
2024-05-15 00:00:00-04:00,23.576447144261046,23.93842065419008,23.326145726906294,23.61495590209961,1192100,0.0,0.0
2024-05-16 00:00:00-04:00,23.884508292864368,24.18294563790876,23.403159868700726,23.701597213745117,1669700,0.0,0.0
2024-05-17 00:00:00-04:00,23.08547045841719,23.258756188482476,22.430836294258814,23.037336349487305,2405200,0.0,0.0
2024-05-20 00:00:00-04:00,22.75815510715494,22.796663866186385,22.007252668028702,22.199790954589844,1254600,0.0,0.0
2024-05-21 00:00:00-04:00,21.891725946022795,22.546360091755158,21.805083083428894,22.045757293701172,2842400,0.0,0.0
2024-05-22 00:00:00-04:00,21.8435930903173,21.939863147183207,20.938657493695537,21.304481506347656,1597500,0.0,0.0
2024-05-23 00:00:00-04:00,21.24671962132567,21.646239703642244,21.092688269063476,21.51627540588379,1039500,0.0,0.0
2024-05-24 00:00:00-04:00,21.66067997020435,21.872472624437076,21.55478272498869,21.670307159423828,581600,0.0,0.0
2024-05-28 00:00:00-04:00,22.373075692779977,22.7485268954769,22.228671525296438,22.57524299621582,1452700,0.0,0.0
2024-05-29 00:00:00-04:00,22.39232861921248,22.613748450740655,22.315312945802745,22.478971481323242,633500,0.0,0.0
2024-05-30 00:00:00-04:00,22.671509403737492,23.17211219142609,22.575241190580694,22.710018157958984,1957700,0.0,0.0
2024-05-31 00:00:00-04:00,22.334568210309147,22.551173537990884,21.35261695818415,21.651052474975586,1445000,0.0,0.0
2024-06-03 00:00:00-04:00,22.142027916019444,22.50785191713936,22.016878131378,22.33456802368164,1279500,0.0,0.0
2024-06-04 00:00:00-04:00,22.14202755507469,22.469344631045587,21.689560696502458,21.930234909057617,1333100,0.0,0.0
2024-06-05 00:00:00-04:00,21.718440644157646,21.896540885293476,20.755743784304222,20.996417999267578,1531000,0.0,0.0
2024-06-06 00:00:00-04:00,20.8712674536266,21.140821389379955,20.409173418450735,20.7557430267334,1699800,0.0,0.0
2024-06-07 00:00:00-04:00,20.717237661651303,21.092688863852867,20.572833494358285,20.66910171508789,602200,0.0,0.0
2024-06-10 00:00:00-04:00,20.717237073352983,20.890522803663327,20.572832910160546,20.880895614624023,353500,0.0,0.0
2024-06-11 00:00:00-04:00,20.592084785341285,20.856827884854283,20.389919330656994,20.457307815551758,663400,0.0,0.0
2024-06-12 00:00:00-04:00,20.620966806196957,21.054181127498833,20.332158482794735,20.678728103637695,891500,0.0,0.0
2024-06-13 00:00:00-04:00,20.697982113851328,20.813506542879235,20.081856722231834,20.274394989013672,637100,0.0,0.0
2024-06-14 00:00:00-04:00,19.96633303623373,19.975960225360865,19.631314933883147,19.879690170288086,1070100,0.0,0.0
2024-06-17 00:00:00-04:00,20.014470708503268,20.216636189018057,19.716033328411818,19.927827835083008,1052900,0.0,0.0
2024-06-18 00:00:00-04:00,19.95670489307971,20.052974943550314,19.63901501186565,19.687150955200195,777900,0.0,0.0
2024-06-20 00:00:00-04:00,19.985586267823656,20.1973789078734,19.696776119175677,20.120363235473633,1513100,0.0,0.0
2024-06-21 00:00:00-04:00,19.533122227812363,19.93745318884194,19.41855995265525,19.927827835083008,1058900,0.0,0.0
2024-06-24 00:00:00-04:00,19.43685125351822,19.764168351944083,19.09509245273331,19.167295455932617,749100,0.0,0.0
2024-06-25 00:00:00-04:00,18.92662003137986,19.066211516108705,18.337450025907273,18.7052001953125,1207100,0.0,0.0
2024-06-26 00:00:00-04:00,18.743707706440834,18.7822164632501,18.320122398730433,18.493406295776367,987600,0.0,0.0
2024-06-27 00:00:00-04:00,18.339373742213084,18.512659464131065,18.117953913628313,18.349000930786133,630400,0.0,0.0
2024-06-28 00:00:00-04:00,18.397137983299483,18.76296199014825,18.292202906862855,18.35862922668457,1021000,0.0,0.0
2024-07-01 00:00:00-04:00,18.551169792238376,18.743708071438256,18.252732429750836,18.262359619140625,574800,0.0,0.0
2024-07-02 00:00:00-04:00,18.050566068299155,18.050566068299155,17.405559100677326,17.81951904296875,2251500,0.0,0.0
2024-07-03 00:00:00-04:00,17.90616130648313,18.41638944840208,17.85802536352952,18.09869956970215,1422200,0.0,0.0
2024-07-05 00:00:00-04:00,17.617352855545874,17.771384215448016,17.24190164530923,17.511457443237305,1162000,0.0,0.0
2024-07-08 00:00:00-04:00,17.347799143711885,17.371866199756035,17.116752100530434,17.21302032470703,1191700,0.0,0.0
2024-07-09 00:00:00-04:00,17.29966138026357,17.89653422300464,17.222645707283927,17.848400115966797,1718400,0.0,0.0
2024-07-10 00:00:00-04:00,18.3875111458501,18.82072364886259,18.22385259950353,18.44527244567871,920500,0.0,0.0
2024-07-11 00:00:00-04:00,18.762961443723228,19.08546584428594,18.349001503161386,18.6378116607666,808600,0.0,0.0
2024-07-12 00:00:00-04:00,18.830350075456387,19.051771748861253,18.676318724686894,18.839977264404297,885600,0.0,0.0
2024-07-15 00:00:00-04:00,18.146836433152657,18.146836433152657,17.64623361823292,17.838773727416992,1275100,0.0,0.0
2024-07-16 00:00:00-04:00,17.367053479326714,17.472948892894248,17.06861610929444,17.145631790161133,1956100,0.0,0.0
2024-07-17 00:00:00-04:00,17.09749612014125,17.36705189671006,16.770179047235736,16.914583206176758,725700,0.0,0.0
2024-07-18 00:00:00-04:00,17.039734253490874,17.530708010217932,16.452488612427313,16.558385848999023,1276800,0.0,0.0
2024-07-19 00:00:00-04:00,16.433235216144695,16.635402512917953,16.351406863873567,16.50062370300293,1015600,0.0,0.0
2024-07-22 00:00:00-04:00,17.145630941166136,17.617352192641388,17.13600375200967,17.405559539794922,1282800,0.0,0.0
2024-07-23 00:00:00-04:00,16.914584747561054,17.338171910427203,16.83756906669436,17.145631790161133,1136700,0.0,0.0
2024-07-24 00:00:00-04:00,16.673909958743852,17.140818541274278,16.37547443487219,16.404356002807617,1004800,0.0,0.0
2024-07-25 00:00:00-04:00,16.40435488069685,16.40435488069685,15.91337927657052,16.077037811279297,963900,0.0,0.0
2024-07-26 00:00:00-04:00,16.125171609916567,16.250321387618452,15.81710892369797,16.057783126831055,742800,0.0,0.0
2024-07-29 00:00:00-04:00,16.221441689726927,16.221441689726927,15.706399040923651,15.80748176574707,531800,0.0,0.0
2024-07-30 00:00:00-04:00,15.74972137175383,15.797855480746811,15.340575018618548,15.422404289245605,535000,0.0,0.0
2024-07-31 00:00:00-04:00,16.18293563453731,16.33696700363116,16.00964988525704,16.048158645629883,933100,0.0,0.0
2024-08-01 00:00:00-04:00,15.93263255189915,16.081851228603668,15.181730164324525,15.23949146270752,802600,0.0,0.0
2024-08-02 00:00:00-04:00,14.652245946835093,14.787022914873619,14.411571740367167,14.681126594543457,1108000,0.0,0.0
2024-08-05 00:00:00-04:00,13.747310998694143,14.594484351518053,13.747310998694143,14.46933364868164,1126000,0.0,0.0
2024-08-06 00:00:00-04:00,14.344182923933166,14.652246545098077,13.978358923092362,14.594484329223633,958000,0.0,0.0
2024-08-07 00:00:00-04:00,14.854413591121567,15.104714089562183,14.671500664381112,14.700382232666016,856100,0.0,0.0
2024-08-08 00:00:00-04:00,14.787023432031042,15.177878489210903,14.565603595024305,15.095087051391602,540500,0.0,0.0
2024-08-09 00:00:00-04:00,14.998817544917477,15.258746147155762,14.873666838443409,15.258746147155762,684000,0.0,0.0
2024-08-12 00:00:00-04:00,15.297253986217067,15.49845820274431,15.205797524159228,15.258746147155762,570800,0.0,0.0
2024-08-13 00:00:00-04:00,15.19135603212521,15.379082542135661,14.892920522835583,15.08545970916748,988900,0.0,0.0
2024-08-14 00:00:00-04:00,14.632992880925142,14.78702423997183,14.353810813128192,14.450080871582031,586500,0.0,0.0
2024-08-15 00:00:00-04:00,14.142016670692321,14.580044592877256,13.862834614043233,14.411572456359863,1156300,0.0,0.0
2024-08-16 00:00:00-04:00,14.613738685270647,14.929503322678476,14.594484307308319,14.719635009765625,513500,0.0,0.0
2024-08-19 00:00:00-04:00,14.941055617498929,15.244304722600688,14.72926205251242,15.027697563171387,988900,0.0,0.0
2024-08-20 00:00:00-04:00,14.806277843130445,14.892920707579401,14.055374548071605,14.209405899047852,1111700,0.0,0.0
2024-08-21 00:00:00-04:00,14.555976447993995,15.046952068117227,14.527095799192415,14.844785690307617,1466200,0.0,0.0
2024-08-22 00:00:00-04:00,15.595690328965725,15.730467305778971,15.253932456119362,15.441658973693848,1631000,0.0,0.0
2024-08-23 00:00:00-04:00,15.32613395045376,15.403149625131476,14.998816874023834,15.277998924255371,1034700,0.0,0.0
2024-08-26 00:00:00-04:00,15.422404244652993,15.903752677985246,15.335761379757304,15.67270565032959,1871900,0.0,0.0
2024-08-27 00:00:00-04:00,15.35501474797594,15.614942423011394,14.767769993333468,14.96993637084961,1741500,0.0,0.0
2024-08-28 00:00:00-04:00,14.835158571273915,15.056579328061208,14.743702111855299,14.787023544311523,1011400,0.0,0.0
2024-08-29 00:00:00-04:00,15.63419743333681,15.961514526184143,15.624570243994405,15.711213111877441,2915600,0.0,0.0
2024-08-30 00:00:00-04:00,16.75092436597529,17.386304122753085,15.595689279196787,15.817109107971191,2908400,0.0,0.0
2024-09-03 00:00:00-04:00,15.89412525818163,16.73167049174685,15.749721097518508,16.48137092590332,3616600,0.0,0.0
2024-09-04 00:00:00-04:00,16.62577436200826,16.93383704765036,16.048155908330102,16.30808448791504,2099500,0.0,0.0
2024-09-05 00:00:00-04:00,16.009648448634778,16.052969882067405,15.36945597257327,15.441658973693848,1465900,0.0,0.0
2024-09-06 00:00:00-04:00,15.066206316242942,15.672706399504218,15.018072205088268,15.470539093017578,2109600,0.0,0.0
2024-09-09 00:00:00-04:00,15.768974207992132,16.17330697415596,15.643824420555072,15.951887130737305,1274600,0.0,0.0
2024-09-10 00:00:00-04:00,16.04815779509679,16.115546285978997,15.725653370762249,15.86524486541748,2338800,0.0,0.0
2024-09-11 00:00:00-04:00,15.720838956388246,15.88449748881182,15.586061989521227,15.874870300292969,1954400,0.0,0.0
2024-09-12 00:00:00-04:00,15.788228019706807,15.788228019706807,15.008444083023695,15.152848243713379,2320800,0.0,0.0
2024-09-13 00:00:00-04:00,15.431098329578461,15.48008613019607,15.048994605998601,15.097982406616211,1275100,0.274,0.0
2024-09-16 00:00:00-04:00,15.146970383189606,15.146970383189606,14.598308691755058,14.696284294128418,1399900,0.0,0.0
2024-09-17 00:00:00-04:00,14.764867015923345,15.12737525857865,14.608106795787497,14.99021053314209,1858900,0.0,0.0
2024-09-18 00:00:00-04:00,15.058792900303429,15.146970757747015,14.804057075325208,14.833450317382812,1272500,0.0,0.0
2024-09-19 00:00:00-04:00,15.803404385851312,16.401053909879167,15.754417516454952,16.322673797607422,2012700,0.0,0.0
2024-09-20 00:00:00-04:00,16.587207123504374,16.587207123504374,15.916077305650646,16.12672233581543,1734900,0.0,0.0
2024-09-23 00:00:00-04:00,13.246251344215516,13.961470063906605,12.922932230488572,13.442201614379883,17374600,0.0,0.0
2024-09-24 00:00:00-04:00,13.177668030249977,13.569569504389115,12.256701294597496,13.128680229187012,12131400,0.0,0.0
2024-09-25 00:00:00-04:00,13.61855615298321,14.23580019401626,13.44220138009132,13.716531753540039,8147100,0.0,0.0
2024-09-26 00:00:00-04:00,15.56826460835744,16.420649009551997,14.764867075379138,15.117578506469727,9829800,0.0,0.0
2024-09-27 00:00:00-04:00,16.303077056709302,16.890928788196813,15.548668300143722,16.78315544128418,6627800,0.0,0.0
2024-09-30 00:00:00-04:00,19.252132518207752,19.369703617651385,16.851740479888736,17.184856414794922,8914600,0.0,0.0
2024-10-01 00:00:00-04:00,17.33181820114942,18.498703141224187,17.145664746373207,18.47812843322754,4289400,0.0,0.0
2024-10-02 00:00:00-04:00,19.40889233415682,19.732210514982732,17.880479285591527,18.615293502807617,6348700,0.0,0.0
2024-10-03 00:00:00-04:00,17.635541874151198,18.723067554383885,17.586555005325817,18.57610321044922,3563000,0.0,0.0
2024-10-04 00:00:00-04:00,19.61464190165412,20.45722762640858,19.340310579217057,20.20249366760254,6144800,0.0,0.0
2024-10-07 00:00:00-04:00,20.809938799442193,20.995113047108138,19.281525722076395,20.006542205810547,4472100,0.0,0.0
2024-10-08 00:00:00-04:00,17.664934000726106,18.948408943907822,17.664934000726106,18.53691291809082,3115100,0.0,0.0
2024-10-09 00:00:00-04:00,16.89092942018312,17.900074961473408,16.58720673056341,17.743314743041992,4013300,0.0,0.0
2024-10-10 00:00:00-04:00,17.66493538621903,18.321369529633166,17.444490735682702,18.1450138092041,2208000,0.0,0.0
2024-10-11 00:00:00-04:00,17.615946891381306,17.929467345930803,17.488579907494067,17.71392250061035,1941700,0.0,0.0
2024-10-14 00:00:00-04:00,18.13521520120819,18.546711239778187,17.664934548193685,17.929466247558594,1950100,0.0,0.0
2024-10-15 00:00:00-04:00,17.09667898389721,17.19465272236024,16.371660611911718,16.508827209472656,2633100,0.0,0.0
2024-10-16 00:00:00-04:00,16.704776668851007,16.71457441650987,16.06793802085946,16.136520385742188,1693400,0.0,0.0
2024-10-17 00:00:00-04:00,15.235148237892231,15.284136039077108,14.676688799367973,14.853044509887695,3058100,0.0,0.0
2024-10-18 00:00:00-04:00,15.91117749754841,16.273686679214435,15.587859305783255,16.12672233581543,2051100,0.0,0.0
2024-10-21 00:00:00-04:00,16.195305698213286,16.712614777250348,16.02874773753974,16.410850524902344,1658900,0.0,0.0
2024-10-22 00:00:00-04:00,16.85174005641774,17.36120982459295,16.60680198506707,17.233842849731445,1624000,0.0,0.0
2024-10-23 00:00:00-04:00,17.929466559396676,18.105822274526684,17.49151865138363,17.625743865966797,2054200,0.0,0.0
2024-10-24 00:00:00-04:00,17.72371934000475,17.782503955037537,17.400401154230583,17.684528350830078,3165400,0.0,0.0
2024-10-25 00:00:00-04:00,17.273032322241953,17.32202105875028,16.87133402651976,17.05748748779297,1133000,0.0,0.0
2024-10-28 00:00:00-04:00,18.527115176989895,18.958206696725583,18.409545951707795,18.850433349609375,3297400,0.0,0.0
2024-10-29 00:00:00-04:00,19.212943742682867,19.487273198430614,18.79164994280824,18.889625549316406,1739800,0.0,0.0
2024-10-30 00:00:00-04:00,19.11496792934588,20.20249359923361,19.05618331356875,19.76160430908203,2599000,0.0,0.0
2024-10-31 00:00:00-04:00,19.80079361520794,20.055529444263538,19.124765855625384,19.516666412353516,2060500,0.0,0.0
2024-11-01 00:00:00-04:00,19.399094887747147,19.587208645856045,19.12574465249783,19.252132415771484,1203400,0.0,0.0
2024-11-04 00:00:00-05:00,19.261930636462722,19.967351640520388,19.232537393853512,19.33051300048828,1025700,0.0,0.0
2024-11-05 00:00:00-05:00,19.271728647466162,19.40889337739248,18.370356417816144,18.585901260375977,2039500,0.0,0.0
2024-11-06 00:00:00-05:00,17.958859095881614,18.047036949982065,17.41999609302702,17.97845458984375,1839600,0.0,0.0
2024-11-07 00:00:00-05:00,18.899423102966967,19.70281970437988,18.860232113274023,19.448083877563477,2416500,0.0,0.0
2024-11-08 00:00:00-05:00,18.625091545594113,19.093413775360023,18.42914033706774,18.93861198425293,1788700,0.0,0.0
2024-11-11 00:00:00-05:00,18.88962437937484,19.06597821769183,18.174403804273386,18.66427993774414,1938000,0.0,0.0
2024-11-12 00:00:00-05:00,17.684527471460758,17.860883176518993,17.233842330737822,17.341615676879883,3013700,0.0,0.0
2024-11-13 00:00:00-05:00,17.61594520990777,17.880478768957197,17.517969610030672,17.596349716186523,1862800,0.0,0.0
2024-11-14 00:00:00-05:00,17.037891560603725,17.16526040356231,16.322672844304257,16.479433059692383,2013100,0.0,0.0
2024-11-15 00:00:00-05:00,16.665586599748444,17.028093898876524,16.572510805373216,16.92032241821289,959600,0.0,0.0
2024-11-18 00:00:00-05:00,17.194651343511936,17.4248937216412,17.096677612905474,17.341615676879883,1028900,0.0,0.0
2024-11-19 00:00:00-05:00,17.3318181472975,17.400400507073233,16.988904479689676,17.224044799804688,926100,0.0,0.0
2024-11-20 00:00:00-05:00,17.224044583931352,17.576755994047822,17.11627123778929,17.341615676879883,934800,0.0,0.0
2024-11-21 00:00:00-05:00,16.851741245241247,17.006541175415883,16.361865067981086,16.645992279052734,1565300,0.0,0.0
2024-11-22 00:00:00-05:00,16.205103271753337,16.420648096135874,16.077734431509324,16.342267990112305,1234400,0.0,0.0
2024-11-25 00:00:00-05:00,16.626396007026162,16.859577908653133,16.391255677169692,16.55781364440918,1226800,0.0,0.0
2024-11-26 00:00:00-05:00,16.949713835318008,17.24364064296262,16.77335999320626,17.04768943786621,1138600,0.0,0.0
2024-11-27 00:00:00-05:00,18.52711569691729,18.64468679422793,18.04703729796312,18.115619659423828,2416800,0.0,0.0
2024-11-29 00:00:00-05:00,18.419341921650652,19.69302099341394,18.05683462837394,19.604843139648438,2320900,0.0,0.0
2024-12-02 00:00:00-05:00,22.544099849531218,22.789037915864157,21.696614364266747,22.357946395874023,8567500,0.0,0.0
2024-12-03 00:00:00-05:00,22.416731750866937,24.562389806239878,22.250173785495903,24.513402938842773,5159100,0.0,0.0
2024-12-04 00:00:00-05:00,23.768790460557195,23.768790460557195,22.83802505006082,23.180938720703125,2381100,0.0,0.0
2024-12-05 00:00:00-05:00,23.465067821162656,24.395831364642795,23.42587683302665,24.121501922607422,2177000,0.0,0.0
2024-12-06 00:00:00-05:00,23.98433555281253,23.98433555281253,23.401383614412147,23.690410614013672,1163700,0.0,0.0
2024-12-09 00:00:00-05:00,24.44482084846153,24.787732661507786,24.00882950137701,24.209678649902344,3199800,0.0,0.0
2024-12-10 00:00:00-05:00,22.965393890606865,23.278914320174877,22.475517752224555,22.86741828918457,1182500,0.0,0.0
2024-12-11 00:00:00-05:00,23.259318872587542,23.318103486066633,22.9360006953588,22.99478530883789,760300,0.0,0.0
2024-12-12 00:00:00-05:00,23.425876877146287,24.5134025064895,23.425876877146287,24.248868942260742,1610400,0.0,0.0
2024-12-13 00:00:00-05:00,23.68061369526204,23.886360785872647,23.416080119851898,23.592435836791992,523400,0.0,0.0
2024-12-16 00:00:00-05:00,23.807979542469923,24.425224522401702,23.700208062921977,24.307653427124023,1367700,0.0,0.0
2024-12-17 00:00:00-05:00,23.22992584283849,23.719801986656048,23.043774253672833,23.690410614013672,840300,0.0,0.0
2024-12-18 00:00:00-05:00,23.210331786604296,23.78838577508036,22.940900286250336,23.112356185913086,530700,0.0,0.0
2024-12-19 00:00:00-05:00,23.07316537031514,23.19563440491072,22.72045582141571,22.86741828918457,1019700,0.0,0.0
2024-12-20 00:00:00-05:00,22.46572000520941,23.29850981420517,22.28936429639511,22.86741828918457,510600,0.0,0.0
2024-12-23 00:00:00-05:00,23.455270979598296,23.76879142187285,23.073166305438097,23.651220321655273,608300,0.0,0.0
2024-12-24 00:00:00-05:00,24.45461589467425,24.57218698995193,24.190084200575505,24.307653427124023,732600,0.0,0.0
2024-12-26 00:00:00-05:00,24.39583128379483,24.63097160564411,24.19008420295015,24.621173858642578,979800,0.0,0.0
2024-12-27 00:00:00-05:00,23.651219845930562,23.777607608166498,23.298510289830773,23.572839736938477,721400,0.0,0.0
2024-12-30 00:00:00-05:00,23.710006684394074,23.749195805112564,23.30830838620109,23.396484375,521500,0.0,0.0
2024-12-31 00:00:00-05:00,23.406282424926758,23.807980728312355,23.318104566258775,23.406282424926758,462700,0.0,0.0
2025-01-02 00:00:00-05:00,23.994133464176002,24.944492516944752,23.954944344141527,24.699554443359375,1127600,0.0,0.0
2025-01-03 00:00:00-05:00,26.25736024461201,27.14893466611421,26.139791018001368,27.001972198486328,1419900,0.0,0.0
2025-01-06 00:00:00-05:00,25.483357790232894,25.91444932958756,23.51405542420797,23.582637786865234,5407500,0.0,0.0
2025-01-07 00:00:00-05:00,24.29785551431983,24.983682849846492,24.288059636115268,24.866111755371094,1975500,0.0,0.0
2025-01-08 00:00:00-05:00,24.395831191500175,24.679960247282192,24.13129762964709,24.366439819335938,907600,0.0,0.0
2025-01-10 00:00:00-05:00,23.514055075104704,23.84717100483369,23.200534639766648,23.75899314880371,902100,0.0,0.0
2025-01-13 00:00:00-05:00,22.79883672149409,22.79883672149409,22.20118721389483,22.328556060791016,1849000,0.0,0.0
2025-01-14 00:00:00-05:00,23.112356052088327,23.34749637114823,22.749846892248595,22.857620239257812,609700,0.0,0.0
2025-01-15 00:00:00-05:00,22.651874649701647,22.89681273174599,22.07382062657866,22.27956771850586,990600,0.0,0.0
2025-01-16 00:00:00-05:00,22.524504706614433,22.9164052451063,22.426529104809173,22.4951114654541,638600,0.0,0.0
2025-01-17 00:00:00-05:00,22.38734040550421,23.278914848080277,22.38734040550421,23.073165893554688,675500,0.0,0.0
2025-01-21 00:00:00-05:00,23.670814684839943,23.798183526380583,23.04377383026802,23.42587661743164,1210200,0.0,0.0
2025-01-22 00:00:00-05:00,23.131952514532976,23.269117239212882,22.544100757901756,22.70086097717285,546700,0.0,0.0
2025-01-23 00:00:00-05:00,22.377542190031253,22.411833370279794,21.632930234137298,21.740703582763672,1128700,0.0,0.0
2025-01-24 00:00:00-05:00,22.16199854740486,22.818432683863133,21.848476231781362,22.720457077026367,911900,0.0,0.0
2025-01-27 00:00:00-05:00,22.299162387127392,22.798836280226773,22.24037777285958,22.37754249572754,735900,0.0,0.0
2025-01-28 00:00:00-05:00,22.495112789105463,22.789039611816406,22.04442761050301,22.789039611816406,425800,0.0,0.0
2025-01-29 00:00:00-05:00,22.975191635635035,22.975191635635035,22.367744401852672,22.553897857666016,373800,0.0,0.0
2025-01-30 00:00:00-05:00,22.632277968912938,23.43567453693086,22.632277968912938,23.180938720703125,663700,0.0,0.0
2025-01-31 00:00:00-05:00,23.171141997013027,23.17604180510199,22.318758524999915,22.524505615234375,613400,0.0,0.0
2025-02-03 00:00:00-05:00,22.279567235886166,22.896812235755544,22.11300926895482,22.514707565307617,561700,0.0,0.0
2025-02-04 00:00:00-05:00,23.239724363250215,23.78838700806731,23.239724363250215,23.465068817138672,652500,0.0,0.0
2025-02-05 00:00:00-05:00,22.730253836220957,22.730253836220957,21.926855390076458,21.93665313720703,914800,0.0,0.0
2025-02-06 00:00:00-05:00,22.53430227868589,22.56271443680983,22.103210755327733,22.426528930664062,572600,0.0,0.0
2025-02-07 00:00:00-05:00,22.78903822596568,23.386687713943886,22.46572004875582,22.681264877319336,730600,0.0,0.0
2025-02-10 00:00:00-05:00,22.887014611671276,23.2201305473276,22.553898676014956,22.76944351196289,589400,0.0,0.0
2025-02-11 00:00:00-05:00,22.09341414852251,22.18649181524632,21.652526724163327,21.71131134033203,1033800,0.0,0.0
2025-02-12 00:00:00-05:00,21.162649590305143,22.083617255381057,20.966698387104593,22.054224014282227,975800,0.0,0.0
2025-02-13 00:00:00-05:00,21.72110944837236,22.338352600212783,21.72110944837236,22.161998748779297,737500,0.0,0.0
2025-02-14 00:00:00-05:00,22.740049224223156,22.77434227280522,21.91705903902403,22.17179298400879,1035700,0.0,0.0
2025-02-18 00:00:00-05:00,21.966047341303163,22.087537168571803,21.42620322374263,21.77989387512207,885800,0.0,0.0
2025-02-19 00:00:00-05:00,21.515358752853665,21.83867879293784,21.407587274888073,21.60353660583496,543500,0.0,0.0
2025-02-20 00:00:00-05:00,22.191388954675926,22.730253834440234,22.022872562739117,22.250173568725586,1020400,0.0,0.0
2025-02-21 00:00:00-05:00,21.06467519684382,21.162650804063365,19.281526246619304,19.585248947143555,3942500,0.0,0.0
2025-02-24 00:00:00-05:00,19.76160464391291,19.80569357367509,18.9778035245067,19.14436149597168,2598800,0.0,0.0
2025-02-25 00:00:00-05:00,19.77140199546705,20.32986051544897,19.77140199546705,20.26127815246582,1460500,0.0,0.0
2025-02-26 00:00:00-05:00,20.71686343716552,21.123459681803617,20.20249383838586,20.271076202392578,823100,0.0,0.0
2025-02-27 00:00:00-05:00,20.349456711806738,20.72666158994809,20.050631946738307,20.222087860107422,688600,0.0,0.0
2025-02-28 00:00:00-05:00,19.663628682547866,20.467025282647676,19.663628682547866,20.38864517211914,867700,0.0,0.0
2025-03-03 00:00:00-05:00,19.93795897334124,20.045730451792423,19.261929387014973,19.477474212646484,907400,0.0,0.0
2025-03-04 00:00:00-05:00,19.497070516073144,20.104517768047057,19.25213243956788,19.879175186157227,724400,0.0,0.0
2025-03-05 00:00:00-05:00,20.055529563553193,20.055529563553193,19.310917566976183,19.77140235900879,882000,0.0,0.0
2025-03-06 00:00:00-05:00,19.399095649844284,19.597986377173044,18.60549677501565,18.899423599243164,1686300,0.0,0.0
2025-03-07 00:00:00-05:00,19.350107541286572,19.771401320928973,19.0561826046068,19.487272262573242,936300,0.0,0.0
2025-03-10 00:00:00-04:00,19.03658763067266,19.742008619217156,18.850434169033292,19.06597900390625,606300,0.0,0.0
2025-03-11 00:00:00-04:00,19.53626190737224,19.888971474062924,19.222741461989735,19.516666412353516,625200,0.0,0.0
2025-03-12 00:00:00-04:00,20.76095275162082,20.903015421670396,20.214250388970854,20.535608291625977,1441900,0.0,0.0
2025-03-13 00:00:00-04:00,19.428488303045928,19.6048440184825,19.11496786170501,19.320714950561523,693700,0.0,0.0
2025-03-14 00:00:00-04:00,20.280873949926292,20.574798901020593,20.026138120237572,20.271076202392578,1180300,0.0,0.0
2025-03-17 00:00:00-04:00,20.30046641141668,21.495765379733175,20.30046641141668,21.172447204589844,1734700,0.0,0.0
2025-03-18 00:00:00-04:00,20.682572240449293,20.9373080699568,20.378847673308073,20.584596633911133,1070800,0.0,0.0
2025-03-19 00:00:00-04:00,20.9471042935848,21.44677821329869,20.878521928497868,21.348804473876953,1357500,0.0,0.0
2025-03-20 00:00:00-04:00,20.535607074717742,21.049978521282515,20.231884388456695,20.369050979614258,1281200,0.0,0.0
2025-03-21 00:00:00-04:00,18.203797593230185,19.18354988967687,17.243640791207447,18.556509017944336,5308400,0.0,0.0
2025-03-24 00:00:00-04:00,18.22339265818296,18.370355125440653,17.66493416136623,17.97845458984375,1870300,0.0,0.0
2025-03-25 00:00:00-04:00,18.3801534081865,18.595698241865446,17.8363905816266,17.870681762695312,2120100,0.0,0.0
2025-03-26 00:00:00-04:00,18.448736322563022,18.821041386194615,18.12541812800189,18.389951705932617,1859600,0.0,0.0
2025-03-27 00:00:00-04:00,18.7622562218988,19.35990572450537,18.742660727350895,19.124765396118164,1518400,0.0,0.0
2025-03-28 00:00:00-04:00,18.37035626562489,18.53201629775244,17.97845570570408,18.203798294067383,1107900,0.0,0.0
2025-03-31 00:00:00-04:00,18.017644056453157,18.233190756734473,17.831492466411,18.115619659423828,654800,0.0,0.0
2025-04-01 00:00:00-04:00,18.321369197952677,18.781852117280554,18.27238046053742,18.762256622314453,834600,0.0,0.0
2025-04-02 00:00:00-04:00,19.261930303049066,19.261930303049066,18.671139031062143,18.87982749938965,782800,0.0,0.0
2025-04-03 00:00:00-04:00,17.459186366155645,17.792302310611998,17.155463664585184,17.704124450683594,1168600,0.0,0.0
2025-04-04 00:00:00-04:00,16.33247178919986,16.53821888621307,15.568265215952646,16.518625259399414,1831000,0.0,0.0
2025-04-07 00:00:00-04:00,15.538870875784854,16.616597826728,15.284135992260039,15.822999000549316,3543100,0.0,0.0
2025-04-08 00:00:00-04:00,15.800000190734863,15.890000343322754,14.020000457763672,14.3100004196167,2861700,0.327,0.0
2025-04-09 00:00:00-04:00,14.029999732971191,16.239999771118164,13.944999694824219,15.960000038146973,2983100,0.0,0.0
2025-04-10 00:00:00-04:00,15.420000076293945,15.760000228881836,15.010000228881836,15.390000343322754,2136400,0.0,0.0
2025-04-11 00:00:00-04:00,15.6899995803833,16.229999542236328,15.4399995803833,15.8100004196167,1286200,0.0,0.0
2025-04-14 00:00:00-04:00,16.3799991607666,16.790000915527344,16.1200008392334,16.31999969482422,1400800,0.0,0.0
2025-04-15 00:00:00-04:00,16.559999465942383,16.704999923706055,16.280000686645508,16.579999923706055,1672500,0.0,0.0
2025-04-16 00:00:00-04:00,15.630000114440918,15.899999618530273,15.279999732971191,15.600000381469727,1381400,0.0,0.0
2025-04-17 00:00:00-04:00,15.789999961853027,15.859999656677246,15.380000114440918,15.640000343322754,675900,0.0,0.0
2025-04-21 00:00:00-04:00,15.630000114440918,15.979999542236328,15.470000267028809,15.979999542236328,815600,0.0,0.0
2025-04-22 00:00:00-04:00,16.34000015258789,16.729999542236328,16.209999084472656,16.639999389648438,768100,0.0,0.0
2025-04-23 00:00:00-04:00,17.15999984741211,17.3700008392334,16.81999969482422,17.0,813800,0.0,0.0
2025-04-24 00:00:00-04:00,16.780000686645508,17.34000015258789,16.65999984741211,17.219999313354492,692800,0.0,0.0
2025-04-25 00:00:00-04:00,17.309999465942383,17.309999465942383,16.850000381469727,17.049999237060547,469900,0.0,0.0
2025-04-28 00:00:00-04:00,17.34000015258789,17.780000686645508,17.242000579833984,17.6200008392334,554000,0.0,0.0
2025-04-29 00:00:00-04:00,17.290000915527344,17.735000610351562,17.290000915527344,17.600000381469727,476800,0.0,0.0
2025-04-30 00:00:00-04:00,17.729999542236328,18.114999771118164,17.59000015258789,18.030000686645508,768700,0.0,0.0
2025-05-01 00:00:00-04:00,18.0,18.280000686645508,18.0,18.200000762939453,355200,0.0,0.0
2025-05-02 00:00:00-04:00,18.209999084472656,18.329999923706055,17.85099983215332,18.1299991607666,931300,0.0,0.0
2025-05-05 00:00:00-04:00,18.209999084472656,18.579999923706055,18.084999084472656,18.530000686645508,987300,0.0,0.0
2025-05-06 00:00:00-04:00,18.559999465942383,18.829999923706055,18.5,18.59000015258789,1384500,0.0,0.0
2025-05-07 00:00:00-04:00,18.020000457763672,18.139999389648438,17.520000457763672,17.65999984741211,1001200,0.0,0.0
2025-05-08 00:00:00-04:00,17.829999923706055,18.71500015258789,17.709999084472656,18.520000457763672,1530400,0.0,0.0
2025-05-09 00:00:00-04:00,19.059999465942383,20.350000381469727,19.059999465942383,19.670000076293945,2092400,0.0,0.0
2025-05-12 00:00:00-04:00,20.530000686645508,21.0,20.25,20.6299991607666,1945800,0.0,0.0
2025-05-13 00:00:00-04:00,19.68000030517578,20.104999542236328,19.511999130249023,19.84000015258789,956800,0.0,0.0
2025-05-14 00:00:00-04:00,19.959999084472656,20.170000076293945,19.760000228881836,19.920000076293945,445500,0.0,0.0
2025-05-15 00:00:00-04:00,20.139999389648438,20.920000076293945,20.040000915527344,20.770000457763672,1607900,0.0,0.0
2025-05-16 00:00:00-04:00,20.5,20.670000076293945,20.065000534057617,20.309999465942383,566300,0.0,0.0
2025-05-19 00:00:00-04:00,20.610000610351562,20.950000762939453,20.41200065612793,20.780000686645508,1291100,0.0,0.0
2025-05-20 00:00:00-04:00,21.0,21.18000030517578,20.790000915527344,20.889999389648438,481900,0.0,0.0
2025-05-21 00:00:00-04:00,20.56999969482422,20.8799991607666,20.219999313354492,20.770000457763672,1142000,0.0,0.0
2025-05-22 00:00:00-04:00,21.799999237060547,22.290000915527344,21.600000381469727,22.190000534057617,2093300,0.0,0.0
2025-05-23 00:00:00-04:00,18.25,18.726999282836914,17.6200008392334,18.290000915527344,9185400,0.0,0.0
2025-05-27 00:00:00-04:00,17.760000228881836,17.780000686645508,17.329999923706055,17.40999984741211,2493000,0.0,0.0
2025-05-28 00:00:00-04:00,17.3700008392334,17.45199966430664,17.170000076293945,17.31999969482422,1086000,0.0,0.0
2025-05-29 00:00:00-04:00,17.790000915527344,17.790000915527344,17.420000076293945,17.520000457763672,1727700,0.0,0.0
2025-05-30 00:00:00-04:00,17.1299991607666,17.149999618530273,16.729999542236328,17.020000457763672,1160100,0.0,0.0
2025-06-02 00:00:00-04:00,17.0,17.290000915527344,16.760000228881836,17.18000030517578,1503400,0.0,0.0
2025-06-03 00:00:00-04:00,17.399999618530273,17.399999618530273,16.950000762939453,17.170000076293945,669200,0.0,0.0
2025-06-04 00:00:00-04:00,17.889999389648438,18.479999542236328,17.774999618530273,18.170000076293945,2232500,0.0,0.0
2025-06-05 00:00:00-04:00,18.219999313354492,18.399999618530273,18.06999969482422,18.139999389648438,1014500,0.0,0.0
2025-06-06 00:00:00-04:00,17.6299991607666,18.030000686645508,17.479999542236328,18.0,984900,0.0,0.0
2025-06-09 00:00:00-04:00,18.149999618530273,18.459999084472656,18.020000457763672,18.450000762939453,917900,0.0,0.0
2025-06-10 00:00:00-04:00,18.469999313354492,18.809999465942383,18.219999313354492,18.729999542236328,841900,0.0,0.0
2025-06-11 00:00:00-04:00,18.84000015258789,18.920000076293945,18.469999313354492,18.600000381469727,706500,0.0,0.0
2025-06-12 00:00:00-04:00,18.309999465942383,18.3799991607666,18.110000610351562,18.360000610351562,809300,0.0,0.0
2025-06-13 00:00:00-04:00,17.899999618530273,17.969999313354492,17.6299991607666,17.65999984741211,747900,0.0,0.0
2025-06-16 00:00:00-04:00,17.850000381469727,18.18000030517578,17.739999771118164,18.030000686645508,668700,0.0,0.0
2025-06-17 00:00:00-04:00,17.979999542236328,18.059999465942383,17.860000610351562,17.8799991607666,430400,0.0,0.0
2025-06-18 00:00:00-04:00,17.81999969482422,18.06999969482422,17.809999465942383,17.950000762939453,489900,0.0,0.0
2025-06-20 00:00:00-04:00,17.399999618530273,17.549999237060547,17.149999618530273,17.209999084472656,1278100,0.0,0.0
2025-06-23 00:00:00-04:00,17.139999389648438,17.399999618530273,17.030000686645508,17.299999237060547,798900,0.0,0.0
2025-06-24 00:00:00-04:00,17.6299991607666,17.920000076293945,17.5,17.860000610351562,601400,0.0,0.0
2025-06-25 00:00:00-04:00,17.940000534057617,17.979999542236328,17.670000076293945,17.860000610351562,564700,0.0,0.0
2025-06-26 00:00:00-04:00,17.969999313354492,18.0,17.53499984741211,17.790000915527344,646600,0.0,0.0
2025-06-27 00:00:00-04:00,17.8700008392334,17.8700008392334,17.6299991607666,17.81999969482422,453100,0.0,0.0
2025-06-30 00:00:00-04:00,18.139999389648438,18.31999969482422,17.899999618530273,18.219999313354492,514200,0.0,0.0
2025-07-01 00:00:00-04:00,18.170000076293945,18.489999771118164,18.170000076293945,18.40999984741211,426200,0.0,0.0
2025-07-02 00:00:00-04:00,18.200000762939453,18.200000762939453,17.950000762939453,18.100000381469727,519000,0.0,0.0
2025-07-03 00:00:00-04:00,18.040000915527344,18.059999465942383,17.90999984741211,18.030000686645508,175900,0.0,0.0
2025-07-07 00:00:00-04:00,18.059999465942383,18.7450008392334,18.059999465942383,18.520000457763672,743500,0.0,0.0
2025-07-08 00:00:00-04:00,18.579999923706055,18.656999588012695,18.19499969482422,18.329999923706055,495200,0.0,0.0
2025-07-09 00:00:00-04:00,18.059999465942383,18.225000381469727,17.850000381469727,18.149999618530273,599100,0.0,0.0
2025-07-10 00:00:00-04:00,18.0,18.145000457763672,17.690000534057617,18.09000015258789,551100,0.0,0.0
2025-07-11 00:00:00-04:00,17.899999618530273,17.969999313354492,17.639999389648438,17.739999771118164,402700,0.0,0.0
2025-07-14 00:00:00-04:00,17.979999542236328,18.020000457763672,17.65999984741211,17.889999389648438,688700,0.0,0.0
2025-07-15 00:00:00-04:00,18.15999984741211,18.350000381469727,18.040000915527344,18.040000915527344,817500,0.0,0.0
2025-07-16 00:00:00-04:00,17.989999771118164,17.989999771118164,17.559999465942383,17.739999771118164,461900,0.0,0.0
2025-07-17 00:00:00-04:00,17.6200008392334,17.969999313354492,17.6200008392334,17.84000015258789,553200,0.0,0.0
2025-07-18 00:00:00-04:00,18.020000457763672,18.25,17.764999389648438,17.799999237060547,369000,0.0,0.0
2025-07-21 00:00:00-04:00,17.790000915527344,17.81999969482422,17.59000015258789,17.639999389648438,507500,0.0,0.0
2025-07-22 00:00:00-04:00,17.68000030517578,17.68000030517578,17.389999389648438,17.649999618530273,494700,0.0,0.0
2025-07-23 00:00:00-04:00,17.600000381469727,17.770000457763672,17.489999771118164,17.559999465942383,605300,0.0,0.0
2025-07-24 00:00:00-04:00,18.530000686645508,19.309999465942383,18.530000686645508,18.950000762939453,1581800,0.0,0.0
2025-07-25 00:00:00-04:00,19.15999984741211,19.27899932861328,18.670000076293945,19.170000076293945,718000,0.0,0.0
2025-07-28 00:00:00-04:00,19.18000030517578,19.440000534057617,19.059999465942383,19.110000610351562,604000,0.0,0.0
2025-07-29 00:00:00-04:00,19.3700008392334,19.8700008392334,19.3700008392334,19.600000381469727,806700,0.0,0.0
2025-07-30 00:00:00-04:00,19.940000534057617,20.31999969482422,19.799999237060547,19.93000030517578,968000,0.0,0.0
2025-07-31 00:00:00-04:00,18.969999313354492,19.325000762939453,18.690000534057617,19.110000610351562,1023400,0.0,0.0
2025-08-01 00:00:00-04:00,18.799999237060547,18.829999923706055,18.350000381469727,18.559999465942383,732500,0.0,0.0
2025-08-04 00:00:00-04:00,19.309999465942383,19.3799991607666,19.06999969482422,19.3799991607666,521300,0.0,0.0
2025-08-05 00:00:00-04:00,19.360000610351562,19.6299991607666,19.360000610351562,19.610000610351562,535500,0.0,0.0
2025-08-06 00:00:00-04:00,19.559999465942383,19.739999771118164,19.371999740600586,19.709999084472656,365700,0.0,0.0
2025-08-07 00:00:00-04:00,20.389999389648438,20.579999923706055,20.260000228881836,20.399999618530273,592900,0.0,0.0
2025-08-08 00:00:00-04:00,20.1200008392334,20.2450008392334,19.950000762939453,20.139999389648438,249500,0.0,0.0
2025-08-11 00:00:00-04:00,20.15999984741211,20.309999465942383,20.024999618530273,20.06999969482422,387100,0.0,0.0
2025-08-12 00:00:00-04:00,19.950000762939453,20.079999923706055,19.760000228881836,20.040000915527344,372700,0.0,0.0
2025-08-13 00:00:00-04:00,20.5,20.5,20.110000610351562,20.34000015258789,397100,0.0,0.0
2025-08-14 00:00:00-04:00,19.790000915527344,19.799999237060547,19.479999542236328,19.520000457763672,358100,0.0,0.0
2025-08-15 00:00:00-04:00,19.65999984741211,19.770000457763672,19.59000015258789,19.729999542236328,276700,0.0,0.0
2025-08-18 00:00:00-04:00,20.299999237060547,20.8799991607666,20.299999237060547,20.6299991607666,643400,0.0,0.0
2025-08-19 00:00:00-04:00,20.479999542236328,20.56599998474121,19.94499969482422,20.1299991607666,515500,0.0,0.0
2025-08-20 00:00:00-04:00,20.700000762939453,20.950000762939453,20.290000915527344,20.84000015258789,1186100,0.0,0.0
2025-08-21 00:00:00-04:00,22.510000228881836,22.860000610351562,21.850000381469727,22.170000076293945,5352100,0.0,0.0
2025-08-22 00:00:00-04:00,24.364999771118164,26.739999771118164,24.299999237060547,26.6299991607666,6841100,0.0,0.0
2025-08-25 00:00:00-04:00,25.84000015258789,26.165000915527344,25.100000381469727,25.610000610351562,2817000,0.0,0.0
2025-08-26 00:00:00-04:00,25.790000915527344,26.200000762939453,25.535999298095703,25.989999771118164,1137200,0.0,0.0
2025-08-27 00:00:00-04:00,25.209999084472656,25.209999084472656,24.722000122070312,24.8700008392334,1473500,0.0,0.0
2025-08-28 00:00:00-04:00,24.729999542236328,24.760000228881836,24.332000732421875,24.579999923706055,1282500,0.0,0.0
2025-08-29 00:00:00-04:00,24.729999542236328,25.139999389648438,24.610000610351562,24.850000381469727,600400,0.0,0.0
2025-09-02 00:00:00-04:00,24.43000030517578,24.950000762939453,24.309999465942383,24.790000915527344,745900,0.0,0.0
2025-09-03 00:00:00-04:00,24.459999084472656,24.889999389648438,24.350000381469727,24.850000381469727,667500,0.0,0.0
2025-09-04 00:00:00-04:00,24.200000762939453,24.43000030517578,23.961000442504883,24.3700008392334,1359600,0.0,0.0
2025-09-05 00:00:00-04:00,24.59000015258789,24.59000015258789,24.299999237060547,24.520000457763672,624400,0.0,0.0
2025-09-08 00:00:00-04:00,25.4950008392334,25.65999984741211,25.200000762939453,25.639999389648438,736400,0.0,0.0
2025-09-09 00:00:00-04:00,25.700000762939453,25.920000076293945,25.5,25.8799991607666,508400,0.0,0.0
2025-09-10 00:00:00-04:00,25.450000762939453,25.454999923706055,25.149999618530273,25.309999465942383,620500,0.0,0.0
2025-09-11 00:00:00-04:00,24.889999389648438,25.450000762939453,24.770000457763672,25.299999237060547,475100,0.0,0.0
2025-09-12 00:00:00-04:00,24.6299991607666,24.739999771118164,24.079999923706055,24.729999542236328,903200,0.0,0.0
2025-09-15 00:00:00-04:00,24.81999969482422,24.8799991607666,24.59000015258789,24.649999618530273,792800,0.0,0.0
2025-09-16 00:00:00-04:00,24.719999313354492,24.849000930786133,24.506999969482422,24.809999465942383,477000,0.0,0.0
2025-09-17 00:00:00-04:00,25.0,25.110000610351562,24.690000534057617,25.030000686645508,936900,0.0,0.0
2025-09-18 00:00:00-04:00,24.610000610351562,24.799999237060547,24.382999420166016,24.770000457763672,1192500,0.0,0.0
2025-09-19 00:00:00-04:00,24.979999542236328,25.54599952697754,24.809999465942383,25.049999237060547,673700,0.0,0.0
2025-09-22 00:00:00-04:00,24.969999313354492,25.020000457763672,24.40999984741211,24.420000076293945,575200,0.0,0.0
2025-09-23 00:00:00-04:00,24.0,24.049999237060547,23.5,23.530000686645508,714200,0.0,0.0
2025-09-24 00:00:00-04:00,23.389999389648438,23.40999984741211,23.049999237060547,23.149999618530273,534300,0.0,0.0
2025-09-25 00:00:00-04:00,22.8799991607666,22.8799991607666,22.1299991607666,22.290000915527344,1088300,0.0,0.0
2025-09-26 00:00:00-04:00,23.309999465942383,23.549999237060547,22.184999465942383,22.260000228881836,1309100,0.0,0.0
2025-09-29 00:00:00-04:00,22.610000610351562,22.860000610351562,22.360000610351562,22.459999084472656,1305000,0.0,0.0
2025-09-30 00:00:00-04:00,22.860000610351562,22.889999389648438,22.40999984741211,22.5,639800,0.0,0.0
2025-10-01 00:00:00-04:00,22.549999237060547,22.700000762939453,22.329999923706055,22.540000915527344,859400,0.0,0.0
2025-10-02 00:00:00-04:00,22.229999542236328,22.299999237060547,21.670000076293945,21.850000381469727,1451700,0.0,0.0
2025-10-03 00:00:00-04:00,22.040000915527344,22.040000915527344,21.56999969482422,21.639999389648438,699100,0.0,0.0
2025-10-06 00:00:00-04:00,21.6299991607666,22.040000915527344,21.565000534057617,21.8799991607666,764300,0.0,0.0
2025-10-07 00:00:00-04:00,21.68000030517578,21.989999771118164,21.09000015258789,21.270000457763672,1354500,0.0,0.0
2025-10-08 00:00:00-04:00,21.670000076293945,21.940000534057617,21.520000457763672,21.690000534057617,756000,0.0,0.0
2025-10-09 00:00:00-04:00,22.350000381469727,22.59000015258789,22.040000915527344,22.040000915527344,936000,0.0,0.0
2025-10-10 00:00:00-04:00,22.540000915527344,22.850000381469727,21.100000381469727,21.25,2526100,0.0,0.0
2025-10-13 00:00:00-04:00,22.280000686645508,22.639999389648438,22.100000381469727,22.43000030517578,1419300,0.0,0.0
2025-10-14 00:00:00-04:00,21.81999969482422,22.334999084472656,21.700000762939453,22.170000076293945,1048300,0.0,0.0
2025-10-15 00:00:00-04:00,22.8799991607666,23.100000381469727,22.600000381469727,22.75,1540500,0.0,0.0
2025-10-16 00:00:00-04:00,22.489999771118164,22.545000076293945,22.18000030517578,22.350000381469727,1294400,0.0,0.0
2025-10-17 00:00:00-04:00,21.6200008392334,22.15999984741211,21.56999969482422,22.049999237060547,557700,0.0,0.0
2025-10-20 00:00:00-04:00,22.15999984741211,22.649999618530273,22.040000915527344,22.5,554200,0.0,0.0
2025-10-21 00:00:00-04:00,22.149999618530273,22.149999618530273,21.709999084472656,21.8700008392334,696600,0.0,0.0
2025-10-22 00:00:00-04:00,21.889999389648438,22.25,21.719999313354492,21.81999969482422,637900,0.0,0.0
2025-10-23 00:00:00-04:00,21.790000915527344,22.239999771118164,21.790000915527344,21.979999542236328,500500,0.0,0.0
2025-10-24 00:00:00-04:00,22.3700008392334,22.43000030517578,21.639999389648438,22.110000610351562,594100,0.0,0.0
2025-10-27 00:00:00-04:00,22.170000076293945,22.81999969482422,22.149999618530273,22.190000534057617,697300,0.0,0.0
2025-10-28 00:00:00-04:00,21.8700008392334,22.0,21.489999771118164,21.59000015258789,777900,0.0,0.0
2025-10-29 00:00:00-04:00,21.59000015258789,21.645000457763672,21.3799991607666,21.5,1366600,0.0,0.0
2025-10-30 00:00:00-04:00,21.450000762939453,21.639999389648438,21.239999771118164,21.360000610351562,466000,0.0,0.0
2025-10-31 00:00:00-04:00,21.06999969482422,21.375,21.020000457763672,21.309999465942383,397700,0.0,0.0
2025-11-03 00:00:00-05:00,21.420000076293945,21.485000610351562,21.165000915527344,21.31999969482422,418700,0.0,0.0
2025-11-04 00:00:00-05:00,21.31999969482422,21.34000015258789,20.700000762939453,21.100000381469727,456300,0.0,0.0
2025-11-05 00:00:00-05:00,21.200000762939453,21.600000381469727,21.190000534057617,21.479999542236328,332700,0.0,0.0
2025-11-06 00:00:00-05:00,21.0,21.1200008392334,20.639999389648438,20.670000076293945,505000,0.0,0.0
2025-11-07 00:00:00-05:00,20.690000534057617,20.690000534057617,20.347999572753906,20.68000030517578,527300,0.0,0.0
2025-11-10 00:00:00-05:00,21.520000457763672,21.93000030517578,21.469999313354492,21.719999313354492,508400,0.0,0.0
2025-11-11 00:00:00-05:00,21.81999969482422,21.81999969482422,21.520000457763672,21.729999542236328,271900,0.0,0.0
2025-11-12 00:00:00-05:00,22.329999923706055,22.329999923706055,21.770000457763672,21.8700008392334,768800,0.0,0.0
2025-11-13 00:00:00-05:00,21.940000534057617,21.940000534057617,21.239999771118164,21.280000686645508,790200,0.0,0.0
2025-11-14 00:00:00-05:00,21.280000686645508,21.84000015258789,21.280000686645508,21.3799991607666,952700,0.0,0.0
2025-11-17 00:00:00-05:00,21.260000228881836,21.450000762939453,21.083999633789062,21.139999389648438,351400,0.0,0.0
2025-11-18 00:00:00-05:00,20.799999237060547,21.229999542236328,20.78499984741211,21.15999984741211,622300,0.0,0.0
2025-11-19 00:00:00-05:00,21.190000534057617,21.190000534057617,20.4950008392334,20.579999923706055,1135500,0.0,0.0
2025-11-20 00:00:00-05:00,20.610000610351562,20.610000610351562,19.299999237060547,19.59000015258789,1613000,0.0,0.0
2025-11-21 00:00:00-05:00,18.850000381469727,19.709999084472656,18.600000381469727,19.56999969482422,1231500,0.0,0.0
2025-11-24 00:00:00-05:00,18.809999465942383,19.399999618530273,18.809999465942383,19.25,1512200,0.0,0.0
2025-11-25 00:00:00-05:00,19.469999313354492,19.56999969482422,19.020000457763672,19.219999313354492,1390300,0.0,0.0
2025-11-26 00:00:00-05:00,19.59000015258789,19.889999389648438,19.520000457763672,19.559999465942383,415800,0.0,0.0
2025-11-28 00:00:00-05:00,19.700000762939453,19.93000030517578,19.5,19.8700008392334,431600,0.0,0.0
2025-12-01 00:00:00-05:00,19.670000076293945,19.920000076293945,19.5939998626709,19.790000915527344,524000,0.0,0.0
2025-12-02 00:00:00-05:00,19.920000076293945,20.149999618530273,19.781999588012695,19.860000610351562,272500,0.0,0.0
2025-12-03 00:00:00-05:00,19.309999465942383,19.47599983215332,19.25,19.40999984741211,364800,0.0,0.0
2025-12-04 00:00:00-05:00,19.280000686645508,19.280000686645508,19.0,19.209999084472656,413200,0.0,0.0
2025-12-05 00:00:00-05:00,19.290000915527344,19.489999771118164,19.174999237060547,19.280000686645508,403300,0.0,0.0
2025-12-08 00:00:00-05:00,19.649999618530273,20.03499984741211,19.649999618530273,19.90999984741211,784600,0.0,0.0
2025-12-09 00:00:00-05:00,19.31999969482422,19.700000762939453,19.1299991607666,19.690000534057617,647600,0.0,0.0
2025-12-10 00:00:00-05:00,19.600000381469727,19.7549991607666,19.5,19.700000762939453,329000,0.0,0.0
2025-12-11 00:00:00-05:00,19.329999923706055,19.6299991607666,19.288999557495117,19.559999465942383,435100,0.0,0.0
2025-12-12 00:00:00-05:00,19.670000076293945,19.84000015258789,19.479999542236328,19.540000915527344,294300,0.0,0.0
2025-12-15 00:00:00-05:00,19.84000015258789,20.1200008392334,19.770999908447266,20.100000381469727,681700,0.0,0.0
2025-12-16 00:00:00-05:00,19.989999771118164,20.235000610351562,19.68000030517578,20.209999084472656,817100,0.0,0.0
2025-12-17 00:00:00-05:00,20.329999923706055,20.334999084472656,20.06999969482422,20.09000015258789,1295700,0.0,0.0
2025-12-18 00:00:00-05:00,19.690000534057617,19.94099998474121,19.350000381469727,19.68000030517578,803300,0.0,0.0
2025-12-19 00:00:00-05:00,19.829999923706055,19.84000015258789,19.610000610351562,19.610000610351562,512800,0.0,0.0
2025-12-22 00:00:00-05:00,19.799999237060547,19.899999618530273,19.709999084472656,19.860000610351562,342000,0.0,0.0
2025-12-23 00:00:00-05:00,19.3700008392334,19.625,19.280000686645508,19.579999923706055,363700,0.0,0.0
2025-12-24 00:00:00-05:00,19.270000457763672,19.5,19.25,19.459999084472656,206600,0.0,0.0
2025-12-26 00:00:00-05:00,19.610000610351562,19.7450008392334,19.309999465942383,19.6299991607666,367500,0.0,0.0
2025-12-29 00:00:00-05:00,19.190000534057617,19.309999465942383,18.979999542236328,19.280000686645508,582800,0.0,0.0
2025-12-30 00:00:00-05:00,18.969999313354492,19.1299991607666,18.829999923706055,18.93000030517578,570800,0.0,0.0
2025-12-31 00:00:00-05:00,18.8700008392334,18.8700008392334,18.65999984741211,18.75,275700,0.0,0.0
2026-01-02 00:00:00-05:00,19.170000076293945,19.6299991607666,19.170000076293945,19.489999771118164,459400,0.0,0.0
2026-01-05 00:00:00-05:00,19.420000076293945,19.68000030517578,19.1200008392334,19.559999465942383,608900,0.0,0.0
2026-01-06 00:00:00-05:00,19.760000228881836,19.860000610351562,19.510000228881836,19.780000686645508,428400,0.0,0.0
2026-01-07 00:00:00-05:00,19.709999084472656,19.799999237060547,19.43000030517578,19.450000762939453,295300,0.0,0.0
2026-01-08 00:00:00-05:00,19.3799991607666,19.719999313354492,19.327999114990234,19.670000076293945,213500,0.0,0.0
2026-01-09 00:00:00-05:00,19.75,19.8799991607666,19.709999084472656,19.799999237060547,224400,0.0,0.0
2026-01-12 00:00:00-05:00,20.360000610351562,20.690000534057617,20.360000610351562,20.43000030517578,771600,0.0,0.0
2026-01-13 00:00:00-05:00,19.899999618530273,20.009000778198242,19.520000457763672,19.59000015258789,322000,0.0,0.0
2026-01-14 00:00:00-05:00,19.6200008392334,19.780000686645508,19.591999053955078,19.6299991607666,293100,0.0,0.0
2026-01-15 00:00:00-05:00,19.829999923706055,19.84000015258789,19.540000915527344,19.639999389648438,582500,0.0,0.0
2026-01-16 00:00:00-05:00,19.530000686645508,19.56999969482422,19.170000076293945,19.290000915527344,332600,0.0,0.0
2026-01-20 00:00:00-05:00,19.190000534057617,19.559999465942383,19.040000915527344,19.079999923706055,636900,0.0,0.0
2026-01-21 00:00:00-05:00,19.690000534057617,20.086999893188477,19.600000381469727,19.979999542236328,534600,0.0,0.0
2026-01-22 00:00:00-05:00,20.0,20.174999237060547,19.93000030517578,20.010000228881836,182900,0.0,0.0
2026-01-23 00:00:00-05:00,19.940000534057617,19.940000534057617,19.690000534057617,19.84000015258789,165300,0.0,0.0
2026-01-26 00:00:00-05:00,19.219999313354492,19.315000534057617,19.0,19.1299991607666,468700,0.0,0.0
2026-01-27 00:00:00-05:00,19.0,19.049999237060547,18.709999084472656,18.770000457763672,354600,0.0,0.0
2026-01-28 00:00:00-05:00,19.209999084472656,19.25,18.864999771118164,18.8799991607666,382500,0.0,0.0
2026-01-29 00:00:00-05:00,19.43000030517578,19.55500030517578,18.850000381469727,18.889999389648438,1192700,0.0,0.0
2026-01-30 00:00:00-05:00,18.809999465942383,18.809999465942383,18.385000228881836,18.459999084472656,668600,0.0,0.0
2026-02-02 00:00:00-05:00,18.1299991607666,18.510000228881836,18.1299991607666,18.479999542236328,570000,0.0,0.0
2026-02-03 00:00:00-05:00,18.579999923706055,18.739999771118164,18.440000534057617,18.59000015258789,187900,0.0,0.0
2026-02-04 00:00:00-05:00,18.600000381469727,18.600000381469727,18.226999282836914,18.3799991607666,206600,0.0,0.0
2026-02-05 00:00:00-05:00,19.420000076293945,19.600000381469727,18.975000381469727,19.040000915527344,1857900,0.0,0.0
2026-02-06 00:00:00-05:00,18.950000762939453,19.100000381469727,18.799999237060547,18.90999984741211,1339800,0.0,0.0
2026-02-09 00:00:00-05:00,19.079999923706055,19.2450008392334,19.010000228881836,19.09000015258789,1684600,0.0,0.0
2026-02-10 00:00:00-05:00,19.239999771118164,19.475000381469727,19.200000762939453,19.229999542236328,1818700,0.0,0.0
2026-02-11 00:00:00-05:00,19.5,19.704999923706055,19.239999771118164,19.6200008392334,980300,0.0,0.0
2026-02-12 00:00:00-05:00,19.549999237060547,19.729999542236328,18.93000030517578,19.09000015258789,414600,0.0,0.0
2026-02-13 00:00:00-05:00,19.010000228881836,19.34000015258789,19.010000228881836,19.270000457763672,288000,0.0,0.0
2026-02-17 00:00:00-05:00,19.739999771118164,19.7450008392334,19.420000076293945,19.489999771118164,286100,0.0,0.0
2026-02-18 00:00:00-05:00,19.5,19.700000762939453,19.5,19.610000610351562,631500,0.0,0.0
2026-02-19 00:00:00-05:00,19.440000534057617,19.709999084472656,19.43000030517578,19.639999389648438,342400,0.0,0.0
2026-02-20 00:00:00-05:00,19.360000610351562,19.649999618530273,19.299999237060547,19.600000381469727,270000,0.0,0.0
2026-02-23 00:00:00-05:00,19.729999542236328,19.780000686645508,19.469999313354492,19.479999542236328,271000,0.0,0.0
2026-02-24 00:00:00-05:00,19.280000686645508,19.440000534057617,19.079999923706055,19.3700008392334,227300,0.0,0.0
2026-02-25 00:00:00-05:00,19.579999923706055,19.6299991607666,19.239999771118164,19.350000381469727,630800,0.0,0.0
2026-02-26 00:00:00-05:00,18.84000015258789,18.84000015258789,18.040000915527344,18.190000534057617,770200,0.0,0.0
2026-02-27 00:00:00-05:00,18.170000076293945,18.309999465942383,18.0,18.020000457763672,706200,0.0,0.0
2026-03-02 00:00:00-05:00,17.549999237060547,17.760000228881836,17.110000610351562,17.389999389648438,817100,0.0,0.0
2026-03-03 00:00:00-05:00,16.700000762939453,16.989999771118164,16.360000610351562,16.850000381469727,1110200,0.0,0.0
2026-03-04 00:00:00-05:00,17.049999237060547,17.299999237060547,16.979999542236328,17.09000015258789,656300,0.0,0.0
2026-03-05 00:00:00-05:00,16.81999969482422,16.920000076293945,16.524999618530273,16.6299991607666,638900,0.0,0.0
2026-03-06 00:00:00-05:00,16.81999969482422,17.049999237060547,16.799999237060547,16.90999984741211,642200,0.0,0.0
2026-03-09 00:00:00-04:00,16.829999923706055,17.010000228881836,16.520000457763672,16.979999542236328,601600,0.0,0.0
2026-03-10 00:00:00-04:00,16.989999771118164,17.079999923706055,16.674999237060547,16.889999389648438,350100,0.0,0.0
2026-03-11 00:00:00-04:00,16.899999618530273,17.014999389648438,16.844999313354492,16.889999389648438,331000,0.0,0.0
2026-03-12 00:00:00-04:00,17.100000381469727,17.149999618530273,16.760000228881836,16.760000228881836,496300,0.0,0.0
2026-03-13 00:00:00-04:00,17.0,17.0,16.635000228881836,16.709999084472656,373600,0.0,0.0
2026-03-16 00:00:00-04:00,17.0,17.239999771118164,16.899999618530273,17.030000686645508,402600,0.0,0.0
2026-03-17 00:00:00-04:00,17.360000610351562,17.71500015258789,17.360000610351562,17.510000228881836,481300,0.0,0.0
2026-03-18 00:00:00-04:00,17.299999237060547,17.490999221801758,17.030000686645508,17.040000915527344,361900,0.0,0.0
2026-03-19 00:00:00-04:00,16.649999618530273,16.916500091552734,16.459999084472656,16.790000915527344,323314,0.0,0.0
