Date,Open,High,Low,Close,Volume,Dividends,Stock Splits
2022-01-03 00:00:00-05:00,50.130001068115234,51.0,49.65999984741211,49.88999938964844,190600,0.0,0.0
2022-01-04 00:00:00-05:00,49.959999084472656,50.619998931884766,49.83000183105469,50.189998626708984,218000,0.0,0.0
2022-01-05 00:00:00-05:00,50.310001373291016,50.72999954223633,48.810001373291016,48.959999084472656,255700,0.0,0.0
2022-01-06 00:00:00-05:00,49.27000045776367,49.86000061035156,48.88999938964844,49.380001068115234,144500,0.0,0.0
2022-01-07 00:00:00-05:00,49.31999969482422,49.84000015258789,48.790000915527344,48.900001525878906,196300,0.0,0.0
2022-01-10 00:00:00-05:00,48.91999816894531,49.189998626708984,48.34000015258789,48.93000030517578,142600,0.0,0.0
2022-01-11 00:00:00-05:00,48.7599983215332,49.5,48.52000045776367,49.38999938964844,189600,0.0,0.0
2022-01-12 00:00:00-05:00,49.33000183105469,49.9900016784668,49.06999969482422,49.34000015258789,201300,0.0,0.0
2022-01-13 00:00:00-05:00,49.5099983215332,50.5099983215332,48.849998474121094,50.459999084472656,261900,0.0,0.0
2022-01-14 00:00:00-05:00,50.04999923706055,50.720001220703125,48.58000183105469,50.38999938964844,179900,0.0,0.0
2022-01-18 00:00:00-05:00,50.13999938964844,50.91999816894531,49.939998626708984,50.0,229900,0.0,0.0
2022-01-19 00:00:00-05:00,50.060001373291016,50.380001068115234,48.810001373291016,48.900001525878906,125700,0.0,0.0
2022-01-20 00:00:00-05:00,48.7400016784668,49.220001220703125,47.20000076293945,47.66999816894531,247800,0.0,0.0
2022-01-21 00:00:00-05:00,47.279998779296875,48.099998474121094,47.13999938964844,47.41999816894531,234100,0.0,0.0
2022-01-24 00:00:00-05:00,46.95000076293945,47.47999954223633,46.31999969482422,47.0,548900,0.0,0.0
2022-01-25 00:00:00-05:00,46.86000061035156,47.7400016784668,46.0,46.650001525878906,277200,0.0,0.0
2022-01-26 00:00:00-05:00,47.02000045776367,47.43000030517578,45.61000061035156,46.25,207900,0.0,0.0
2022-01-27 00:00:00-05:00,46.290000915527344,47.0099983215332,45.34000015258789,45.41999816894531,202700,0.0,0.0
2022-01-28 00:00:00-05:00,45.5099983215332,46.25,44.939998626708984,45.84000015258789,235900,0.0,0.0
2022-01-31 00:00:00-05:00,45.58000183105469,46.560001373291016,45.2599983215332,46.5,218100,0.0,0.0
2022-02-01 00:00:00-05:00,46.47999954223633,47.0,46.029998779296875,46.86000061035156,208400,0.0,0.0
2022-02-02 00:00:00-05:00,46.9900016784668,47.099998474121094,46.2400016784668,46.400001525878906,280400,0.0,0.0
2022-02-03 00:00:00-05:00,46.16999816894531,46.56999969482422,45.43000030517578,45.47999954223633,152200,0.0,0.0
2022-02-04 00:00:00-05:00,45.58000183105469,45.59000015258789,44.83000183105469,45.33000183105469,232400,0.0,0.0
2022-02-07 00:00:00-05:00,45.5,46.43000030517578,44.689998626708984,45.75,190300,0.0,0.0
2022-02-08 00:00:00-05:00,46.02000045776367,46.86000061035156,46.0,46.349998474121094,192800,0.0,0.0
2022-02-09 00:00:00-05:00,46.540000915527344,47.04999923706055,46.02000045776367,46.16999816894531,183300,0.0,0.0
2022-02-10 00:00:00-05:00,45.90999984741211,46.900001525878906,45.40999984741211,45.849998474121094,237600,0.0,0.0
2022-02-11 00:00:00-05:00,45.77000045776367,46.290000915527344,45.119998931884766,45.41999816894531,178100,0.0,0.0
2022-02-14 00:00:00-05:00,45.40999984741211,45.9900016784668,45.349998474121094,45.880001068115234,170100,0.0,0.0
2022-02-15 00:00:00-05:00,46.09000015258789,46.650001525878906,46.09000015258789,46.38999938964844,123000,0.0,0.0
2022-02-16 00:00:00-05:00,46.34000015258789,46.70000076293945,45.90999984741211,46.380001068115234,96800,0.0,0.0
2022-02-17 00:00:00-05:00,47.619998931884766,47.619998931884766,45.4900016784668,46.310001373291016,148200,0.0,0.0
2022-02-18 00:00:00-05:00,46.09000015258789,46.79999923706055,46.09000015258789,46.34000015258789,224600,0.0,0.0
2022-02-22 00:00:00-05:00,46.119998931884766,46.47999954223633,45.790000915527344,46.02000045776367,112600,0.0,0.0
2022-02-23 00:00:00-05:00,46.11000061035156,46.27000045776367,45.15999984741211,45.189998626708984,176500,0.0,0.0
2022-02-24 00:00:00-05:00,44.150001525878906,45.31999969482422,42.95000076293945,45.25,255400,0.0,0.0
2022-02-25 00:00:00-05:00,45.290000915527344,46.40999984741211,45.290000915527344,46.060001373291016,202600,0.0,0.0
2022-02-28 00:00:00-05:00,45.59000015258789,46.119998931884766,44.470001220703125,44.630001068115234,235000,0.0,0.0
2022-03-01 00:00:00-05:00,43.65999984741211,45.95000076293945,42.279998779296875,45.04999923706055,364600,0.0,0.0
2022-03-02 00:00:00-05:00,44.900001525878906,46.0,43.709999084472656,43.81999969482422,236100,0.0,0.0
2022-03-03 00:00:00-05:00,44.150001525878906,45.529998779296875,43.7599983215332,44.59000015258789,176500,0.0,0.0
2022-03-04 00:00:00-05:00,44.18000030517578,45.16999816894531,43.91999816894531,45.119998931884766,224200,0.0,0.0
2022-03-07 00:00:00-05:00,45.130001068115234,45.20000076293945,44.06999969482422,44.900001525878906,217300,0.0,0.0
2022-03-08 00:00:00-05:00,44.599998474121094,44.599998474121094,43.36000061035156,43.43000030517578,323800,0.0,0.0
2022-03-09 00:00:00-05:00,43.91999816894531,44.810001373291016,43.869998931884766,44.2400016784668,156800,0.0,0.0
2022-03-10 00:00:00-05:00,43.86000061035156,44.29999923706055,43.529998779296875,43.86000061035156,141900,0.0,0.0
2022-03-11 00:00:00-05:00,43.91999816894531,43.91999816894531,43.040000915527344,43.220001220703125,118500,0.0,0.0
2022-03-14 00:00:00-04:00,43.380001068115234,44.189998626708984,43.34000015258789,43.849998474121094,185100,0.0,0.0
2022-03-15 00:00:00-04:00,44.099998474121094,44.470001220703125,43.45000076293945,44.06999969482422,193400,0.0,0.0
2022-03-16 00:00:00-04:00,44.27000045776367,44.810001373291016,43.81999969482422,44.61000061035156,213400,0.0,0.0
2022-03-17 00:00:00-04:00,44.56999969482422,45.099998474121094,44.209999084472656,45.0,313900,0.0,0.0
2022-03-18 00:00:00-04:00,45.13999938964844,45.5,44.689998626708984,45.38999938964844,384600,0.0,0.0
2022-03-21 00:00:00-04:00,45.2599983215332,45.77000045776367,44.66999816894531,45.43000030517578,182100,0.0,0.0
2022-03-22 00:00:00-04:00,45.47999954223633,46.08000183105469,44.849998474121094,45.0,171300,0.0,0.0
2022-03-23 00:00:00-04:00,44.7599983215332,45.08000183105469,43.939998626708984,44.33000183105469,218800,0.0,0.0
2022-03-24 00:00:00-04:00,44.630001068115234,44.9900016784668,44.119998931884766,44.56999969482422,167500,0.0,0.0
2022-03-25 00:00:00-04:00,44.61000061035156,45.2599983215332,44.599998474121094,45.20000076293945,176100,0.0,0.0
2022-03-28 00:00:00-04:00,45.130001068115234,45.779998779296875,44.849998474121094,45.65999984741211,219600,0.0,0.0
2022-03-29 00:00:00-04:00,45.70000076293945,46.13999938964844,44.970001220703125,45.560001373291016,392200,0.0,0.0
2022-03-30 00:00:00-04:00,45.630001068115234,46.099998474121094,45.18000030517578,45.290000915527344,257600,0.0,0.0
2022-03-31 00:00:00-04:00,45.220001220703125,45.88999938964844,44.970001220703125,45.08000183105469,278400,0.0,0.0
2022-04-01 00:00:00-04:00,45.33000183105469,45.70000076293945,44.540000915527344,45.41999816894531,235900,0.0,0.0
2022-04-04 00:00:00-04:00,45.220001220703125,45.630001068115234,44.189998626708984,44.279998779296875,301600,0.0,0.0
2022-04-05 00:00:00-04:00,44.189998626708984,44.91999816894531,44.150001525878906,44.209999084472656,205600,0.0,0.0
2022-04-06 00:00:00-04:00,44.189998626708984,45.130001068115234,44.189998626708984,44.959999084472656,323800,0.0,0.0
2022-04-07 00:00:00-04:00,44.95000076293945,45.310001373291016,44.2599983215332,44.5,241700,0.0,0.0
2022-04-08 00:00:00-04:00,44.5,45.13999938964844,44.45000076293945,44.7400016784668,214700,0.0,0.0
2022-04-11 00:00:00-04:00,44.58000183105469,45.38999938964844,43.86000061035156,44.880001068115234,208900,0.0,0.0
2022-04-12 00:00:00-04:00,44.849998474121094,45.349998474121094,44.400001525878906,44.540000915527344,241200,0.0,0.0
2022-04-13 00:00:00-04:00,44.540000915527344,44.91999816894531,44.220001220703125,44.650001525878906,207800,0.0,0.0
2022-04-14 00:00:00-04:00,44.900001525878906,45.209999084472656,44.61000061035156,44.720001220703125,194900,0.0,0.0
2022-04-18 00:00:00-04:00,44.400001525878906,45.06999969482422,44.130001068115234,44.720001220703125,180200,0.0,0.0
2022-04-19 00:00:00-04:00,44.83000183105469,45.150001525878906,44.709999084472656,44.88999938964844,392000,0.0,0.0
2022-04-20 00:00:00-04:00,45.220001220703125,45.369998931884766,44.119998931884766,44.380001068115234,332200,0.0,0.0
2022-04-21 00:00:00-04:00,44.45000076293945,44.47999954223633,43.56999969482422,43.84000015258789,283300,0.0,0.0
2022-04-22 00:00:00-04:00,43.630001068115234,43.7599983215332,43.029998779296875,43.36000061035156,271700,0.0,0.0
2022-04-25 00:00:00-04:00,43.25,44.029998779296875,42.529998779296875,43.959999084472656,257200,0.0,0.0
2022-04-26 00:00:00-04:00,43.63999938964844,43.63999938964844,42.869998931884766,42.880001068115234,264900,0.0,0.0
2022-04-27 00:00:00-04:00,42.88999938964844,42.970001220703125,41.709999084472656,42.13999938964844,357800,0.0,0.0
2022-04-28 00:00:00-04:00,42.349998474121094,42.84000015258789,41.52000045776367,42.689998626708984,171400,0.0,0.0
2022-04-29 00:00:00-04:00,42.380001068115234,42.79999923706055,41.77000045776367,42.029998779296875,239800,0.0,0.0
2022-05-02 00:00:00-04:00,42.119998931884766,42.40999984741211,41.41999816894531,41.90999984741211,306900,0.0,0.0
2022-05-03 00:00:00-04:00,41.95000076293945,42.27000045776367,41.560001373291016,41.91999816894531,217000,0.0,0.0
2022-05-04 00:00:00-04:00,41.939998626708984,43.04999923706055,41.72999954223633,42.88999938964844,196200,0.0,0.0
2022-05-05 00:00:00-04:00,42.650001525878906,43.130001068115234,42.02000045776367,42.369998931884766,199400,0.0,0.0
2022-05-06 00:00:00-04:00,42.15999984741211,42.459999084472656,41.45000076293945,41.83000183105469,216600,0.0,0.0
2022-05-09 00:00:00-04:00,41.400001525878906,41.880001068115234,40.61000061035156,40.91999816894531,308500,0.0,0.0
2022-05-10 00:00:00-04:00,39.90999984741211,40.29999923706055,37.81999969482422,39.119998931884766,567500,0.0,0.0
2022-05-11 00:00:00-04:00,39.40999984741211,40.20000076293945,38.630001068115234,38.880001068115234,456600,0.0,0.0
2022-05-12 00:00:00-04:00,38.90999984741211,39.40999984741211,37.939998626708984,38.439998626708984,384300,0.0,0.0
2022-05-13 00:00:00-04:00,38.529998779296875,39.06999969482422,37.72999954223633,38.150001525878906,505900,0.0,0.0
2022-05-16 00:00:00-04:00,38.13999938964844,38.279998779296875,37.31999969482422,37.70000076293945,333400,0.0,0.0
2022-05-17 00:00:00-04:00,37.959999084472656,38.5099983215332,37.599998474121094,37.869998931884766,274900,0.0,0.0
2022-05-18 00:00:00-04:00,37.81999969482422,37.900001525878906,36.84000015258789,36.97999954223633,464400,0.0,0.0
2022-05-19 00:00:00-04:00,36.66999816894531,36.91999816894531,36.11000061035156,36.650001525878906,370000,0.0,0.0
2022-05-20 00:00:00-04:00,36.81999969482422,37.040000915527344,36.38999938964844,36.91999816894531,276000,0.0,0.0
2022-05-23 00:00:00-04:00,37.380001068115234,37.54999923706055,36.72999954223633,36.84000015258789,233400,0.0,0.0
2022-05-24 00:00:00-04:00,36.689998626708984,37.0,36.2400016784668,36.7400016784668,228800,0.0,0.0
2022-05-25 00:00:00-04:00,36.77000045776367,37.099998474121094,36.34000015258789,36.540000915527344,208100,0.0,0.0
2022-05-26 00:00:00-04:00,36.7599983215332,37.459999084472656,36.439998626708984,37.20000076293945,210500,0.0,0.0
2022-05-27 00:00:00-04:00,37.33000183105469,37.66999816894531,37.150001525878906,37.400001525878906,156500,0.0,0.0
2022-05-31 00:00:00-04:00,37.099998474121094,37.38999938964844,36.56999969482422,37.0,295700,0.0,0.0
2022-06-01 00:00:00-04:00,37.0,37.349998474121094,36.439998626708984,37.060001373291016,262000,0.0,0.0
2022-06-02 00:00:00-04:00,37.0099983215332,37.119998931884766,36.54999923706055,37.119998931884766,204200,0.0,0.0
2022-06-03 00:00:00-04:00,37.029998779296875,37.439998626708984,36.22999954223633,36.5,177400,0.0,0.0
2022-06-06 00:00:00-04:00,36.540000915527344,36.83000183105469,36.11000061035156,36.52000045776367,259000,0.0,0.0
2022-06-07 00:00:00-04:00,36.2400016784668,36.88999938964844,35.9900016784668,36.869998931884766,229700,0.0,0.0
2022-06-08 00:00:00-04:00,36.810001373291016,37.20000076293945,36.43000030517578,37.15999984741211,300400,0.0,0.0
2022-06-09 00:00:00-04:00,37.02000045776367,37.349998474121094,36.56999969482422,36.93000030517578,250500,0.0,0.0
2022-06-10 00:00:00-04:00,36.709999084472656,36.77000045776367,35.849998474121094,35.86000061035156,214400,0.0,0.0
2022-06-13 00:00:00-04:00,35.33000183105469,35.630001068115234,34.9900016784668,35.40999984741211,471600,0.0,0.0
2022-06-14 00:00:00-04:00,35.529998779296875,35.880001068115234,35.06999969482422,35.380001068115234,297500,0.0,0.0
2022-06-15 00:00:00-04:00,35.63999938964844,35.86000061035156,34.959999084472656,35.45000076293945,458800,0.0,0.0
2022-06-16 00:00:00-04:00,34.83000183105469,34.90999984741211,34.220001220703125,34.65999984741211,621600,0.0,0.0
2022-06-17 00:00:00-04:00,35.2599983215332,36.06999969482422,34.810001373291016,35.9900016784668,1622300,0.0,0.0
2022-06-21 00:00:00-04:00,36.43000030517578,37.209999084472656,35.77000045776367,35.900001525878906,427300,0.0,0.0
2022-06-22 00:00:00-04:00,35.70000076293945,36.34000015258789,35.25,36.18000030517578,271500,0.0,0.0
2022-06-23 00:00:00-04:00,36.189998626708984,36.720001220703125,35.970001220703125,36.52000045776367,211000,0.0,0.0
2022-06-24 00:00:00-04:00,36.63999938964844,37.52000045776367,36.349998474121094,36.93000030517578,975700,0.0,0.0
2022-06-27 00:00:00-04:00,37.099998474121094,37.59000015258789,36.68000030517578,36.689998626708984,148800,0.0,0.0
2022-06-28 00:00:00-04:00,36.90999984741211,37.25,36.06999969482422,36.25,188400,0.0,0.0
2022-06-29 00:00:00-04:00,36.25,36.43000030517578,35.720001220703125,36.189998626708984,157700,0.0,0.0
2022-06-30 00:00:00-04:00,35.81999969482422,36.54999923706055,35.41999816894531,36.36000061035156,177500,0.0,0.0
2022-07-01 00:00:00-04:00,36.43000030517578,37.310001373291016,35.91999816894531,37.27000045776367,321100,0.0,0.0
2022-07-05 00:00:00-04:00,36.7599983215332,38.209999084472656,36.540000915527344,38.20000076293945,376200,0.0,0.0
2022-07-06 00:00:00-04:00,38.130001068115234,38.349998474121094,37.54999923706055,38.02000045776367,355400,0.0,0.0
2022-07-07 00:00:00-04:00,37.970001220703125,38.40999984741211,37.15999984741211,37.220001220703125,426400,0.0,0.0
2022-07-08 00:00:00-04:00,37.150001525878906,37.959999084472656,37.150001525878906,37.66999816894531,298300,0.0,0.0
2022-07-11 00:00:00-04:00,37.720001220703125,38.72999954223633,37.349998474121094,37.790000915527344,403300,0.0,0.0
2022-07-12 00:00:00-04:00,37.77000045776367,38.9900016784668,37.689998626708984,38.5,298300,0.0,0.0
2022-07-13 00:00:00-04:00,38.29999923706055,38.61000061035156,37.970001220703125,38.31999969482422,206100,0.0,0.0
2022-07-14 00:00:00-04:00,37.849998474121094,37.91999816894531,37.279998779296875,37.58000183105469,348800,0.0,0.0
2022-07-15 00:00:00-04:00,38.099998474121094,38.22999954223633,37.65999984741211,37.810001373291016,163400,0.0,0.0
2022-07-18 00:00:00-04:00,38.20000076293945,38.20000076293945,37.25,37.36000061035156,159200,0.0,0.0
2022-07-19 00:00:00-04:00,37.75,38.290000915527344,37.540000915527344,38.13999938964844,256400,0.0,0.0
2022-07-20 00:00:00-04:00,38.150001525878906,38.900001525878906,37.529998779296875,38.4900016784668,195700,0.0,0.0
2022-07-21 00:00:00-04:00,38.209999084472656,39.08000183105469,37.79999923706055,39.060001373291016,161200,0.0,0.0
2022-07-22 00:00:00-04:00,39.20000076293945,39.7400016784668,38.689998626708984,39.16999816894531,174800,0.0,0.0
2022-07-25 00:00:00-04:00,39.18000030517578,39.68000030517578,38.90999984741211,39.02000045776367,166800,0.0,0.0
2022-07-26 00:00:00-04:00,38.880001068115234,39.5,38.38999938964844,39.459999084472656,216700,0.0,0.0
2022-07-27 00:00:00-04:00,39.630001068115234,39.86000061035156,39.400001525878906,39.52000045776367,287200,0.0,0.0
2022-07-28 00:00:00-04:00,39.380001068115234,39.7599983215332,39.16999816894531,39.58000183105469,146300,0.0,0.0
2022-07-29 00:00:00-04:00,39.43000030517578,40.09000015258789,39.369998931884766,39.84000015258789,167000,0.0,0.0
2022-08-01 00:00:00-04:00,39.630001068115234,40.02000045776367,39.349998474121094,39.5,165200,0.0,0.0
2022-08-02 00:00:00-04:00,39.650001525878906,39.650001525878906,38.72999954223633,38.959999084472656,174800,0.0,0.0
2022-08-03 00:00:00-04:00,39.11000061035156,39.599998474121094,38.59000015258789,39.119998931884766,151600,0.0,0.0
2022-08-04 00:00:00-04:00,39.2400016784668,39.2400016784668,37.56999969482422,38.33000183105469,379400,0.0,0.0
2022-08-05 00:00:00-04:00,38.20000076293945,38.20000076293945,37.65999984741211,37.810001373291016,221100,0.0,0.0
2022-08-08 00:00:00-04:00,37.83000183105469,38.0,37.060001373291016,37.4900016784668,435500,0.0,0.0
2022-08-09 00:00:00-04:00,38.0,38.869998931884766,37.5099983215332,38.66999816894531,527200,0.0,0.0
2022-08-10 00:00:00-04:00,39.02000045776367,39.58000183105469,38.459999084472656,38.529998779296875,251900,0.0,0.0
2022-08-11 00:00:00-04:00,38.630001068115234,38.81999969482422,37.97999954223633,38.060001373291016,173500,0.0,0.0
2022-08-12 00:00:00-04:00,38.11000061035156,38.720001220703125,37.869998931884766,38.689998626708984,152700,0.0,0.0
2022-08-15 00:00:00-04:00,38.4900016784668,38.95000076293945,38.04999923706055,38.63999938964844,134000,0.0,0.0
2022-08-16 00:00:00-04:00,38.52000045776367,38.959999084472656,38.02000045776367,38.939998626708984,119100,0.0,0.0
2022-08-17 00:00:00-04:00,38.68000030517578,38.91999816894531,38.290000915527344,38.849998474121094,162500,0.0,0.0
2022-08-18 00:00:00-04:00,38.959999084472656,39.150001525878906,38.59000015258789,38.900001525878906,98900,0.0,0.0
2022-08-19 00:00:00-04:00,38.7599983215332,39.13999938964844,38.220001220703125,38.72999954223633,183700,0.0,0.0
2022-08-22 00:00:00-04:00,38.459999084472656,38.459999084472656,37.97999954223633,38.0099983215332,150800,0.0,0.0
2022-08-23 00:00:00-04:00,37.939998626708984,38.36000061035156,37.529998779296875,37.970001220703125,213400,0.0,0.0
2022-08-24 00:00:00-04:00,37.88999938964844,37.93000030517578,37.599998474121094,37.7599983215332,145500,0.0,0.0
2022-08-25 00:00:00-04:00,37.709999084472656,38.15999984741211,37.470001220703125,38.0099983215332,219000,0.0,0.0
2022-08-26 00:00:00-04:00,37.970001220703125,38.04999923706055,37.43000030517578,37.5099983215332,272100,0.0,0.0
2022-08-29 00:00:00-04:00,37.34000015258789,37.34000015258789,36.43000030517578,36.779998779296875,249500,0.0,0.0
2022-08-30 00:00:00-04:00,37.189998626708984,37.25,36.58000183105469,36.81999969482422,204400,0.0,0.0
2022-08-31 00:00:00-04:00,36.97999954223633,37.029998779296875,36.70000076293945,36.939998626708984,301400,0.0,0.0
2022-09-01 00:00:00-04:00,36.7599983215332,36.7599983215332,36.029998779296875,36.5,186100,0.0,0.0
2022-09-02 00:00:00-04:00,36.5,36.709999084472656,36.09000015258789,36.18000030517578,172500,0.0,0.0
2022-09-06 00:00:00-04:00,36.09000015258789,36.58000183105469,35.790000915527344,36.13999938964844,330300,0.0,0.0
2022-09-07 00:00:00-04:00,36.290000915527344,36.54999923706055,35.81999969482422,35.9900016784668,177400,0.0,0.0
2022-09-08 00:00:00-04:00,35.68000030517578,36.06999969482422,35.27000045776367,35.9900016784668,259800,0.0,0.0
2022-09-09 00:00:00-04:00,36.13999938964844,36.45000076293945,35.91999816894531,36.150001525878906,148500,0.0,0.0
2022-09-12 00:00:00-04:00,36.34000015258789,36.470001220703125,36.0,36.2400016784668,165400,0.0,0.0
2022-09-13 00:00:00-04:00,35.91999816894531,35.91999816894531,35.40999984741211,35.540000915527344,223800,0.0,0.0
2022-09-14 00:00:00-04:00,35.650001525878906,36.38999938964844,35.310001373291016,35.70000076293945,211700,0.0,0.0
2022-09-15 00:00:00-04:00,35.529998779296875,35.93000030517578,35.439998626708984,35.560001373291016,160700,0.0,0.0
2022-09-16 00:00:00-04:00,35.29999923706055,36.040000915527344,35.13999938964844,35.72999954223633,806600,0.0,0.0
2022-09-19 00:00:00-04:00,35.68000030517578,36.0099983215332,35.310001373291016,35.54999923706055,148700,0.0,0.0
2022-09-20 00:00:00-04:00,35.43000030517578,35.560001373291016,34.900001525878906,35.18000030517578,265800,0.0,0.0
2022-09-21 00:00:00-04:00,35.2599983215332,35.4900016784668,34.7400016784668,34.790000915527344,240200,0.0,0.0
2022-09-22 00:00:00-04:00,34.65999984741211,34.779998779296875,34.47999954223633,34.59000015258789,265400,0.0,0.0
2022-09-23 00:00:00-04:00,34.41999816894531,34.54999923706055,34.0,34.47999954223633,327700,0.0,0.0
2022-09-26 00:00:00-04:00,34.279998779296875,34.75,33.349998474121094,33.43000030517578,268400,0.0,0.0
2022-09-27 00:00:00-04:00,33.34000015258789,33.54999923706055,32.79999923706055,32.79999923706055,353300,0.0,0.0
2022-09-28 00:00:00-04:00,32.709999084472656,33.189998626708984,32.220001220703125,33.029998779296875,340500,0.0,0.0
2022-09-29 00:00:00-04:00,32.880001068115234,33.189998626708984,32.0099983215332,33.11000061035156,325700,0.0,0.0
2022-09-30 00:00:00-04:00,33.220001220703125,33.470001220703125,32.84000015258789,32.86000061035156,464000,0.0,0.0
2022-10-03 00:00:00-04:00,33.38999938964844,33.630001068115234,32.93000030517578,33.060001373291016,486900,0.0,0.0
2022-10-04 00:00:00-04:00,33.369998931884766,34.13999938964844,33.18000030517578,33.400001525878906,326400,0.0,0.0
2022-10-05 00:00:00-04:00,33.060001373291016,33.060001373291016,32.58000183105469,33.0,231700,0.0,0.0
2022-10-06 00:00:00-04:00,32.939998626708984,33.040000915527344,32.58000183105469,32.63999938964844,175700,0.0,0.0
2022-10-07 00:00:00-04:00,32.45000076293945,32.5,32.06999969482422,32.36000061035156,311500,0.0,0.0
2022-10-10 00:00:00-04:00,32.369998931884766,32.630001068115234,31.950000762939453,31.989999771118164,199400,0.0,0.0
2022-10-11 00:00:00-04:00,32.0099983215332,32.540000915527344,31.719999313354492,31.899999618530273,231100,0.0,0.0
2022-10-12 00:00:00-04:00,31.84000015258789,32.189998626708984,31.559999465942383,32.119998931884766,229100,0.0,0.0
2022-10-13 00:00:00-04:00,31.809999465942383,32.61000061035156,31.639999389648438,32.220001220703125,271800,0.0,0.0
2022-10-14 00:00:00-04:00,32.47999954223633,32.77000045776367,31.989999771118164,32.09000015258789,157400,0.0,0.0
2022-10-17 00:00:00-04:00,32.41999816894531,32.689998626708984,31.84000015258789,31.90999984741211,196800,0.0,0.0
2022-10-18 00:00:00-04:00,32.130001068115234,32.650001525878906,31.8700008392334,31.959999084472656,233500,0.0,0.0
2022-10-19 00:00:00-04:00,31.600000381469727,31.799999237060547,30.65999984741211,30.989999771118164,340300,0.0,0.0
2022-10-20 00:00:00-04:00,30.989999771118164,31.110000610351562,30.040000915527344,30.059999465942383,278300,0.0,0.0
2022-10-21 00:00:00-04:00,30.06999969482422,30.6200008392334,29.690000534057617,30.520000457763672,211700,0.0,0.0
2022-10-24 00:00:00-04:00,30.68000030517578,30.860000610351562,30.219999313354492,30.6299991607666,208400,0.0,0.0
2022-10-25 00:00:00-04:00,30.6299991607666,32.290000915527344,29.790000915527344,31.920000076293945,372100,0.0,0.0
2022-10-26 00:00:00-04:00,32.20000076293945,32.20000076293945,31.350000381469727,31.3700008392334,174800,0.0,0.0
2022-10-27 00:00:00-04:00,31.579999923706055,32.38999938964844,31.450000762939453,31.989999771118164,190500,0.0,0.0
2022-10-28 00:00:00-04:00,32.06999969482422,33.11000061035156,31.93000030517578,32.900001525878906,365600,0.0,0.0
2022-10-31 00:00:00-04:00,32.790000915527344,33.70000076293945,32.720001220703125,33.5,257700,0.0,0.0
2022-11-01 00:00:00-04:00,33.599998474121094,33.61000061035156,32.79999923706055,32.86000061035156,170000,0.0,0.0
2022-11-02 00:00:00-04:00,32.86000061035156,32.900001525878906,31.829999923706055,32.040000915527344,160700,0.0,0.0
2022-11-03 00:00:00-04:00,31.690000534057617,31.690000534057617,30.729999542236328,31.40999984741211,323000,0.0,0.0
2022-11-04 00:00:00-04:00,33.279998779296875,33.349998474121094,30.59000015258789,31.059999465942383,397900,0.0,0.0
2022-11-07 00:00:00-05:00,31.110000610351562,32.290000915527344,31.030000686645508,32.189998626708984,277900,0.0,0.0
2022-11-08 00:00:00-05:00,32.13999938964844,32.63999938964844,31.889999389648438,32.56999969482422,246900,0.0,0.0
2022-11-09 00:00:00-05:00,32.59000015258789,33.439998626708984,32.43000030517578,33.04999923706055,322100,0.0,0.0
2022-11-10 00:00:00-05:00,33.65999984741211,34.40999984741211,33.65999984741211,34.02000045776367,231800,0.0,0.0
2022-11-11 00:00:00-05:00,33.83000183105469,34.779998779296875,33.70000076293945,33.810001373291016,200100,0.0,0.0
2022-11-14 00:00:00-05:00,33.68000030517578,33.959999084472656,33.130001068115234,33.16999816894531,180600,0.0,0.0
2022-11-15 00:00:00-05:00,33.459999084472656,34.45000076293945,33.459999084472656,33.970001220703125,348800,0.0,0.0
2022-11-16 00:00:00-05:00,34.040000915527344,34.20000076293945,33.16999816894531,33.25,155900,0.0,0.0
2022-11-17 00:00:00-05:00,32.93000030517578,33.189998626708984,32.560001373291016,33.150001525878906,154500,0.0,0.0
2022-11-18 00:00:00-05:00,33.65999984741211,33.97999954223633,33.45000076293945,33.86000061035156,229700,0.0,0.0
2022-11-21 00:00:00-05:00,33.689998626708984,34.08000183105469,33.66999816894531,33.97999954223633,112900,0.0,0.0
2022-11-22 00:00:00-05:00,34.040000915527344,34.7400016784668,33.779998779296875,33.849998474121094,92000,0.0,0.0
2022-11-23 00:00:00-05:00,33.7400016784668,34.08000183105469,33.689998626708984,33.86000061035156,67900,0.0,0.0
2022-11-25 00:00:00-05:00,33.70000076293945,34.13999938964844,33.70000076293945,33.91999816894531,57700,0.0,0.0
2022-11-28 00:00:00-05:00,33.720001220703125,34.18000030517578,33.40999984741211,33.4900016784668,107500,0.0,0.0
2022-11-29 00:00:00-05:00,33.31999969482422,33.709999084472656,33.31999969482422,33.66999816894531,153100,0.0,0.0
2022-11-30 00:00:00-05:00,33.54999923706055,34.630001068115234,33.09000015258789,34.380001068115234,384800,0.0,0.0
2022-12-01 00:00:00-05:00,34.599998474121094,34.88999938964844,34.15999984741211,34.369998931884766,125700,0.0,0.0
2022-12-02 00:00:00-05:00,34.0,34.52000045776367,33.9900016784668,34.5,116200,0.0,0.0
2022-12-05 00:00:00-05:00,34.27000045776367,34.70000076293945,34.06999969482422,34.619998931884766,131200,0.0,0.0
2022-12-06 00:00:00-05:00,34.470001220703125,34.540000915527344,34.029998779296875,34.2599983215332,110300,0.0,0.0
2022-12-07 00:00:00-05:00,34.150001525878906,34.43000030517578,33.61000061035156,33.630001068115234,104200,0.0,0.0
2022-12-08 00:00:00-05:00,33.63999938964844,34.0099983215332,33.27000045776367,33.810001373291016,142700,0.0,0.0
2022-12-09 00:00:00-05:00,33.68000030517578,34.33000183105469,33.66999816894531,33.720001220703125,114800,0.0,0.0
2022-12-12 00:00:00-05:00,33.630001068115234,33.77000045776367,33.380001068115234,33.56999969482422,145900,0.0,0.0
2022-12-13 00:00:00-05:00,34.15999984741211,34.599998474121094,33.08000183105469,33.36000061035156,220400,0.0,0.0
2022-12-14 00:00:00-05:00,33.2599983215332,33.540000915527344,32.810001373291016,33.099998474121094,190400,0.0,0.0
2022-12-15 00:00:00-05:00,33.02000045776367,33.2599983215332,32.599998474121094,33.16999816894531,217300,0.0,0.0
2022-12-16 00:00:00-05:00,32.900001525878906,33.099998474121094,31.940000534057617,32.540000915527344,799200,0.0,0.0
2022-12-19 00:00:00-05:00,32.66999816894531,32.880001068115234,32.189998626708984,32.540000915527344,199600,0.0,0.0
2022-12-20 00:00:00-05:00,32.59000015258789,32.900001525878906,32.2400016784668,32.70000076293945,170700,0.0,0.0
2022-12-21 00:00:00-05:00,32.900001525878906,33.130001068115234,32.7599983215332,33.099998474121094,121400,0.0,0.0
2022-12-22 00:00:00-05:00,32.88999938964844,33.65999984741211,32.63999938964844,33.59000015258789,299500,0.0,0.0
2022-12-23 00:00:00-05:00,33.560001373291016,33.880001068115234,33.279998779296875,33.40999984741211,118500,0.0,0.0
2022-12-27 00:00:00-05:00,33.400001525878906,34.130001068115234,33.25,33.95000076293945,124000,0.0,0.0
2022-12-28 00:00:00-05:00,34.06999969482422,34.38999938964844,33.369998931884766,33.58000183105469,160500,0.0,0.0
2022-12-29 00:00:00-05:00,33.810001373291016,34.31999969482422,33.72999954223633,34.08000183105469,187800,0.0,0.0
2022-12-30 00:00:00-05:00,33.97999954223633,34.279998779296875,33.380001068115234,33.779998779296875,133400,0.0,0.0
2023-01-03 00:00:00-05:00,34.060001373291016,34.58000183105469,34.060001373291016,34.58000183105469,186100,0.0,0.0
2023-01-04 00:00:00-05:00,34.599998474121094,35.0,34.290000915527344,34.45000076293945,199900,0.0,0.0
2023-01-05 00:00:00-05:00,34.52000045776367,34.52000045776367,33.779998779296875,33.810001373291016,116000,0.0,0.0
2023-01-06 00:00:00-05:00,33.9900016784668,35.0,33.970001220703125,34.75,132300,0.0,0.0
2023-01-09 00:00:00-05:00,34.959999084472656,35.060001373291016,34.56999969482422,34.900001525878906,160000,0.0,0.0
2023-01-10 00:00:00-05:00,34.97999954223633,36.029998779296875,34.7400016784668,35.880001068115234,313300,0.0,0.0
2023-01-11 00:00:00-05:00,35.900001525878906,36.130001068115234,35.43000030517578,35.63999938964844,219700,0.0,0.0
2023-01-12 00:00:00-05:00,35.790000915527344,35.959999084472656,35.58000183105469,35.720001220703125,170100,0.0,0.0
2023-01-13 00:00:00-05:00,35.41999816894531,35.77000045776367,35.400001525878906,35.540000915527344,146600,0.0,0.0
2023-01-17 00:00:00-05:00,35.63999938964844,36.13999938964844,35.29999923706055,36.099998474121094,268800,0.0,0.0
2023-01-18 00:00:00-05:00,36.18000030517578,36.599998474121094,36.040000915527344,36.130001068115234,116500,0.0,0.0
2023-01-19 00:00:00-05:00,36.060001373291016,36.599998474121094,35.56999969482422,36.220001220703125,154800,0.0,0.0
2023-01-20 00:00:00-05:00,36.439998626708984,36.7400016784668,36.08000183105469,36.540000915527344,173700,0.0,0.0
2023-01-23 00:00:00-05:00,36.54999923706055,38.209999084472656,36.400001525878906,38.119998931884766,254700,0.0,0.0
2023-01-24 00:00:00-05:00,38.0099983215332,39.380001068115234,37.880001068115234,39.349998474121094,321800,0.0,0.0
2023-01-25 00:00:00-05:00,39.16999816894531,40.0099983215332,39.02000045776367,39.5,282600,0.0,0.0
2023-01-26 00:00:00-05:00,39.70000076293945,39.70000076293945,39.08000183105469,39.2599983215332,112800,0.0,0.0
2023-01-27 00:00:00-05:00,39.43000030517578,39.43000030517578,38.349998474121094,38.4900016784668,267700,0.0,0.0
2023-01-30 00:00:00-05:00,38.61000061035156,39.380001068115234,38.15999984741211,38.86000061035156,146300,0.0,0.0
2023-01-31 00:00:00-05:00,38.9900016784668,40.5099983215332,38.7599983215332,40.2400016784668,282400,0.0,0.0
2023-02-01 00:00:00-05:00,40.15999984741211,40.79999923706055,40.060001373291016,40.369998931884766,234400,0.0,0.0
2023-02-02 00:00:00-05:00,40.43000030517578,41.63999938964844,40.369998931884766,41.47999954223633,386200,0.0,0.0
2023-02-03 00:00:00-05:00,41.279998779296875,41.45000076293945,40.88999938964844,41.29999923706055,194300,0.0,0.0
2023-02-06 00:00:00-05:00,41.22999954223633,41.22999954223633,40.369998931884766,40.709999084472656,123600,0.0,0.0
2023-02-07 00:00:00-05:00,40.47999954223633,41.15999984741211,40.2400016784668,40.84000015258789,163600,0.0,0.0
2023-02-08 00:00:00-05:00,40.72999954223633,41.02000045776367,40.40999984741211,40.9900016784668,110700,0.0,0.0
2023-02-09 00:00:00-05:00,41.2400016784668,41.31999969482422,40.7400016784668,40.810001373291016,145700,0.0,0.0
2023-02-10 00:00:00-05:00,40.689998626708984,41.0099983215332,40.349998474121094,40.369998931884766,140700,0.0,0.0
2023-02-13 00:00:00-05:00,40.310001373291016,40.779998779296875,40.310001373291016,40.709999084472656,146800,0.0,0.0
2023-02-14 00:00:00-05:00,40.650001525878906,40.75,40.02000045776367,40.310001373291016,188700,0.0,0.0
2023-02-15 00:00:00-05:00,40.150001525878906,40.86000061035156,40.150001525878906,40.470001220703125,139500,0.0,0.0
2023-02-16 00:00:00-05:00,40.09000015258789,40.79999923706055,40.0099983215332,40.599998474121094,148500,0.0,0.0
2023-02-17 00:00:00-05:00,40.720001220703125,41.04999923706055,40.459999084472656,40.790000915527344,193200,0.0,0.0
2023-02-21 00:00:00-05:00,40.5099983215332,41.18000030517578,40.43000030517578,40.9900016784668,155400,0.0,0.0
2023-02-22 00:00:00-05:00,40.97999954223633,41.400001525878906,40.380001068115234,40.400001525878906,205800,0.0,0.0
2023-02-23 00:00:00-05:00,40.45000076293945,40.599998474121094,39.810001373291016,40.2599983215332,266600,0.0,0.0
2023-02-24 00:00:00-05:00,39.93000030517578,40.59000015258789,39.93000030517578,40.2400016784668,214900,0.0,0.0
2023-02-27 00:00:00-05:00,40.220001220703125,40.84000015258789,40.15999984741211,40.720001220703125,261100,0.0,0.0
2023-02-28 00:00:00-05:00,41.439998626708984,43.34000015258789,41.060001373291016,42.560001373291016,401900,0.0,0.0
2023-03-01 00:00:00-05:00,42.59000015258789,42.779998779296875,42.0,42.470001220703125,211900,0.0,0.0
2023-03-02 00:00:00-05:00,42.25,42.529998779296875,41.900001525878906,42.400001525878906,242400,0.0,0.0
2023-03-03 00:00:00-05:00,42.349998474121094,42.93000030517578,42.22999954223633,42.470001220703125,214000,0.0,0.0
2023-03-06 00:00:00-05:00,42.529998779296875,42.599998474121094,41.349998474121094,41.72999954223633,266900,0.0,0.0
2023-03-07 00:00:00-05:00,41.84000015258789,42.470001220703125,41.04999923706055,41.470001220703125,240200,0.0,0.0
2023-03-08 00:00:00-05:00,41.38999938964844,41.7599983215332,40.470001220703125,41.470001220703125,223900,0.0,0.0
2023-03-09 00:00:00-05:00,41.40999984741211,41.59000015258789,40.70000076293945,40.72999954223633,195000,0.0,0.0
2023-03-10 00:00:00-05:00,40.400001525878906,40.65999984741211,39.65999984741211,40.25,351000,0.0,0.0
2023-03-13 00:00:00-04:00,39.7599983215332,40.540000915527344,39.349998474121094,39.86000061035156,344100,0.0,0.0
2023-03-14 00:00:00-04:00,40.83000183105469,41.02000045776367,39.650001525878906,40.709999084472656,229200,0.0,0.0
2023-03-15 00:00:00-04:00,39.88999938964844,40.18000030517578,39.349998474121094,39.790000915527344,277400,0.0,0.0
2023-03-16 00:00:00-04:00,39.439998626708984,40.59000015258789,38.95000076293945,40.22999954223633,254900,0.0,0.0
2023-03-17 00:00:00-04:00,40.130001068115234,40.130001068115234,39.40999984741211,39.54999923706055,664500,0.0,0.0
2023-03-20 00:00:00-04:00,39.939998626708984,40.720001220703125,39.86000061035156,40.130001068115234,229200,0.0,0.0
2023-03-21 00:00:00-04:00,40.68000030517578,41.689998626708984,40.25,40.41999816894531,235300,0.0,0.0
2023-03-22 00:00:00-04:00,40.33000183105469,40.689998626708984,39.709999084472656,39.720001220703125,146600,0.0,0.0
2023-03-23 00:00:00-04:00,39.810001373291016,40.04999923706055,38.970001220703125,39.720001220703125,270500,0.0,0.0
2023-03-24 00:00:00-04:00,39.4900016784668,39.9900016784668,38.380001068115234,39.66999816894531,218200,0.0,0.0
2023-03-27 00:00:00-04:00,40.099998474121094,40.209999084472656,36.93000030517578,38.11000061035156,682300,0.0,0.0
2023-03-28 00:00:00-04:00,38.099998474121094,38.65999984741211,37.9900016784668,38.150001525878906,407300,0.0,0.0
2023-03-29 00:00:00-04:00,38.220001220703125,38.33000183105469,37.599998474121094,38.150001525878906,254000,0.0,0.0
2023-03-30 00:00:00-04:00,38.27000045776367,38.68000030517578,37.93000030517578,38.08000183105469,281800,0.0,0.0
2023-03-31 00:00:00-04:00,38.189998626708984,39.20000076293945,38.119998931884766,38.959999084472656,305200,0.0,0.0
2023-04-03 00:00:00-04:00,39.040000915527344,39.27000045776367,38.720001220703125,38.970001220703125,229400,0.0,0.0
2023-04-04 00:00:00-04:00,38.84000015258789,38.90999984741211,38.41999816894531,38.84000015258789,305200,0.0,0.0
2023-04-05 00:00:00-04:00,38.88999938964844,40.439998626708984,38.4900016784668,38.91999816894531,176000,0.0,0.0
2023-04-06 00:00:00-04:00,39.13999938964844,39.310001373291016,38.33000183105469,38.619998931884766,144400,0.0,0.0
2023-04-10 00:00:00-04:00,38.65999984741211,38.869998931884766,38.470001220703125,38.650001525878906,339000,0.0,0.0
2023-04-11 00:00:00-04:00,38.869998931884766,39.060001373291016,38.45000076293945,38.86000061035156,190200,0.0,0.0
2023-04-12 00:00:00-04:00,39.060001373291016,39.060001373291016,38.43000030517578,38.97999954223633,182600,0.0,0.0
2023-04-13 00:00:00-04:00,39.0,39.31999969482422,38.66999816894531,39.099998474121094,138000,0.0,0.0
2023-04-14 00:00:00-04:00,39.25,39.4900016784668,38.61000061035156,38.68000030517578,130400,0.0,0.0
2023-04-17 00:00:00-04:00,38.65999984741211,38.880001068115234,38.27000045776367,38.790000915527344,99600,0.0,0.0
2023-04-18 00:00:00-04:00,38.63999938964844,38.63999938964844,36.970001220703125,37.33000183105469,246300,0.0,0.0
2023-04-19 00:00:00-04:00,37.290000915527344,37.849998474121094,36.52000045776367,37.790000915527344,137800,0.0,0.0
2023-04-20 00:00:00-04:00,37.70000076293945,38.0,37.2599983215332,37.439998626708984,168900,0.0,0.0
2023-04-21 00:00:00-04:00,37.36000061035156,37.849998474121094,37.09000015258789,37.79999923706055,99200,0.0,0.0
2023-04-24 00:00:00-04:00,37.939998626708984,38.16999816894531,37.630001068115234,37.70000076293945,101400,0.0,0.0
2023-04-25 00:00:00-04:00,37.439998626708984,37.560001373291016,36.849998474121094,36.959999084472656,96300,0.0,0.0
2023-04-26 00:00:00-04:00,36.7400016784668,36.88999938964844,35.970001220703125,36.150001525878906,101400,0.0,0.0
2023-04-27 00:00:00-04:00,36.29999923706055,36.77000045776367,35.77000045776367,36.0099983215332,143100,0.0,0.0
2023-04-28 00:00:00-04:00,36.0099983215332,36.540000915527344,35.5,36.27000045776367,155000,0.0,0.0
2023-05-01 00:00:00-04:00,36.25,36.61000061035156,35.63999938964844,35.720001220703125,140400,0.0,0.0
2023-05-02 00:00:00-04:00,35.7400016784668,35.7400016784668,34.20000076293945,34.880001068115234,198100,0.0,0.0
2023-05-03 00:00:00-04:00,35.029998779296875,35.279998779296875,34.560001373291016,34.65999984741211,128700,0.0,0.0
2023-05-04 00:00:00-04:00,34.380001068115234,34.45000076293945,33.58000183105469,34.33000183105469,233300,0.0,0.0
2023-05-05 00:00:00-04:00,34.77000045776367,35.119998931884766,34.27000045776367,34.70000076293945,216400,0.0,0.0
2023-05-08 00:00:00-04:00,34.88999938964844,34.88999938964844,34.18000030517578,34.38999938964844,251100,0.0,0.0
2023-05-09 00:00:00-04:00,31.3799991607666,31.3799991607666,18.719999313354492,23.950000762939453,4953200,0.0,0.0
2023-05-10 00:00:00-04:00,23.75,23.8799991607666,19.100000381469727,19.3799991607666,1886900,0.0,0.0
2023-05-11 00:00:00-04:00,19.229999542236328,19.739999771118164,18.510000228881836,19.239999771118164,1603200,0.0,0.0
2023-05-12 00:00:00-04:00,19.280000686645508,19.389999389648438,18.110000610351562,18.260000228881836,905100,0.0,0.0
2023-05-15 00:00:00-04:00,18.260000228881836,19.299999237060547,17.93000030517578,18.979999542236328,825500,0.0,0.0
2023-05-16 00:00:00-04:00,18.860000610351562,19.219999313354492,18.260000228881836,18.709999084472656,530800,0.0,0.0
2023-05-17 00:00:00-04:00,18.59000015258789,19.1200008392334,18.59000015258789,18.93000030517578,560500,0.0,0.0
2023-05-18 00:00:00-04:00,18.93000030517578,19.229999542236328,18.18000030517578,18.459999084472656,584900,0.0,0.0
2023-05-19 00:00:00-04:00,18.469999313354492,18.520000457763672,17.739999771118164,18.329999923706055,833800,0.0,0.0
2023-05-22 00:00:00-04:00,18.65999984741211,19.3700008392334,18.559999465942383,18.899999618530273,1020100,0.0,0.0
2023-05-23 00:00:00-04:00,18.770000457763672,20.420000076293945,18.719999313354492,20.309999465942383,1134400,0.0,0.0
2023-05-24 00:00:00-04:00,20.360000610351562,20.360000610351562,19.600000381469727,20.139999389648438,483800,0.0,0.0
2023-05-25 00:00:00-04:00,19.809999465942383,20.06999969482422,19.110000610351562,19.81999969482422,472900,0.0,0.0
2023-05-26 00:00:00-04:00,19.8799991607666,20.0,19.440000534057617,19.579999923706055,593300,0.0,0.0
2023-05-30 00:00:00-04:00,19.3799991607666,19.399999618530273,18.670000076293945,18.700000762939453,390900,0.0,0.0
2023-05-31 00:00:00-04:00,18.639999389648438,18.989999771118164,18.520000457763672,18.700000762939453,654700,0.0,0.0
2023-06-01 00:00:00-04:00,18.700000762939453,19.3799991607666,18.399999618530273,19.149999618530273,633800,0.0,0.0
2023-06-02 00:00:00-04:00,19.360000610351562,21.149999618530273,19.030000686645508,21.100000381469727,674100,0.0,0.0
2023-06-05 00:00:00-04:00,21.030000686645508,21.25,20.479999542236328,20.920000076293945,612500,0.0,0.0
2023-06-06 00:00:00-04:00,20.90999984741211,21.90999984741211,20.84000015258789,21.8799991607666,433900,0.0,0.0
2023-06-07 00:00:00-04:00,22.309999465942383,23.299999237060547,22.139999389648438,22.979999542236328,782700,0.0,0.0
2023-06-08 00:00:00-04:00,22.860000610351562,23.670000076293945,22.700000762939453,23.459999084472656,455100,0.0,0.0
2023-06-09 00:00:00-04:00,23.459999084472656,23.510000228881836,22.90999984741211,23.059999465942383,379500,0.0,0.0
2023-06-12 00:00:00-04:00,22.959999084472656,23.809999465942383,22.850000381469727,23.3799991607666,367300,0.0,0.0
2023-06-13 00:00:00-04:00,23.360000610351562,24.1200008392334,23.360000610351562,23.670000076293945,298000,0.0,0.0
2023-06-14 00:00:00-04:00,23.770000457763672,23.860000610351562,22.850000381469727,22.989999771118164,316500,0.0,0.0
2023-06-15 00:00:00-04:00,22.889999389648438,23.1200008392334,22.530000686645508,23.100000381469727,350200,0.0,0.0
2023-06-16 00:00:00-04:00,23.3700008392334,23.479999542236328,22.770000457763672,23.200000762939453,1006100,0.0,0.0
2023-06-20 00:00:00-04:00,23.170000076293945,24.079999923706055,22.43000030517578,23.899999618530273,570000,0.0,0.0
2023-06-21 00:00:00-04:00,23.799999237060547,24.6200008392334,23.6299991607666,24.229999542236328,470200,0.0,0.0
2023-06-22 00:00:00-04:00,24.1200008392334,24.229999542236328,23.239999771118164,23.559999465942383,412600,0.0,0.0
2023-06-23 00:00:00-04:00,23.360000610351562,23.479999542236328,22.420000076293945,22.600000381469727,515900,0.0,0.0
2023-06-26 00:00:00-04:00,22.510000228881836,22.989999771118164,22.059999465942383,22.15999984741211,469600,0.0,0.0
2023-06-27 00:00:00-04:00,22.190000534057617,23.040000915527344,22.190000534057617,22.6200008392334,429100,0.0,0.0
2023-06-28 00:00:00-04:00,22.559999465942383,22.760000228881836,22.059999465942383,22.6299991607666,287800,0.0,0.0
2023-06-29 00:00:00-04:00,22.65999984741211,23.459999084472656,22.65999984741211,23.15999984741211,237500,0.0,0.0
2023-06-30 00:00:00-04:00,23.3700008392334,23.3700008392334,22.600000381469727,22.850000381469727,307700,0.0,0.0
2023-07-03 00:00:00-04:00,22.850000381469727,23.270000457763672,22.5,23.219999313354492,186600,0.0,0.0
2023-07-05 00:00:00-04:00,23.149999618530273,23.219999313354492,22.649999618530273,22.889999389648438,353000,0.0,0.0
2023-07-06 00:00:00-04:00,22.68000030517578,23.059999465942383,22.329999923706055,22.899999618530273,288900,0.0,0.0
2023-07-07 00:00:00-04:00,22.899999618530273,23.270000457763672,22.790000915527344,22.850000381469727,435400,0.0,0.0
2023-07-10 00:00:00-04:00,22.850000381469727,23.270000457763672,22.469999313354492,22.510000228881836,277500,0.0,0.0
2023-07-11 00:00:00-04:00,22.59000015258789,22.829999923706055,21.5,21.860000610351562,613100,0.0,0.0
2023-07-12 00:00:00-04:00,22.309999465942383,22.989999771118164,21.920000076293945,22.739999771118164,250200,0.0,0.0
2023-07-13 00:00:00-04:00,22.75,23.190000534057617,22.75,23.010000228881836,225700,0.0,0.0
2023-07-14 00:00:00-04:00,22.989999771118164,22.989999771118164,22.18000030517578,22.760000228881836,228400,0.0,0.0
2023-07-17 00:00:00-04:00,22.739999771118164,23.43000030517578,22.559999465942383,23.270000457763672,212200,0.0,0.0
2023-07-18 00:00:00-04:00,23.420000076293945,24.219999313354492,23.420000076293945,24.209999084472656,221900,0.0,0.0
2023-07-19 00:00:00-04:00,24.25,24.59000015258789,23.8799991607666,24.1299991607666,209300,0.0,0.0
2023-07-20 00:00:00-04:00,24.09000015258789,24.280000686645508,23.56999969482422,23.59000015258789,173100,0.0,0.0
2023-07-21 00:00:00-04:00,23.739999771118164,23.739999771118164,23.25,23.3700008392334,151100,0.0,0.0
2023-07-24 00:00:00-04:00,23.43000030517578,24.229999542236328,23.43000030517578,24.079999923706055,220500,0.0,0.0
2023-07-25 00:00:00-04:00,23.940000534057617,24.200000762939453,23.719999313354492,24.0,167500,0.0,0.0
2023-07-26 00:00:00-04:00,24.09000015258789,24.690000534057617,24.079999923706055,24.3700008392334,188100,0.0,0.0
2023-07-27 00:00:00-04:00,24.440000534057617,24.440000534057617,23.329999923706055,23.40999984741211,244700,0.0,0.0
2023-07-28 00:00:00-04:00,23.56999969482422,23.860000610351562,23.399999618530273,23.479999542236328,179200,0.0,0.0
2023-07-31 00:00:00-04:00,23.479999542236328,24.239999771118164,23.479999542236328,23.860000610351562,222300,0.0,0.0
2023-08-01 00:00:00-04:00,23.84000015258789,24.280000686645508,23.299999237060547,23.479999542236328,235600,0.0,0.0
2023-08-02 00:00:00-04:00,23.200000762939453,23.420000076293945,22.020000457763672,22.229999542236328,257100,0.0,0.0
2023-08-03 00:00:00-04:00,22.139999389648438,22.350000381469727,21.43000030517578,21.559999465942383,346700,0.0,0.0
2023-08-04 00:00:00-04:00,21.559999465942383,21.989999771118164,21.3700008392334,21.799999237060547,372000,0.0,0.0
2023-08-07 00:00:00-04:00,21.889999389648438,22.25,21.5,21.950000762939453,434200,0.0,0.0
2023-08-08 00:00:00-04:00,23.389999389648438,23.979999542236328,19.75,21.670000076293945,737300,0.0,0.0
2023-08-09 00:00:00-04:00,21.6200008392334,21.6200008392334,20.579999923706055,21.059999465942383,289300,0.0,0.0
2023-08-10 00:00:00-04:00,21.040000915527344,21.329999923706055,20.0,20.049999237060547,282200,0.0,0.0
2023-08-11 00:00:00-04:00,20.0,20.40999984741211,19.739999771118164,20.260000228881836,237100,0.0,0.0
2023-08-14 00:00:00-04:00,20.139999389648438,20.139999389648438,19.3700008392334,19.90999984741211,201700,0.0,0.0
2023-08-15 00:00:00-04:00,19.700000762939453,19.8700008392334,19.079999923706055,19.1200008392334,256700,0.0,0.0
2023-08-16 00:00:00-04:00,19.059999465942383,19.290000915527344,18.690000534057617,19.239999771118164,299700,0.0,0.0
2023-08-17 00:00:00-04:00,19.280000686645508,19.950000762939453,19.020000457763672,19.649999618530273,220300,0.0,0.0
2023-08-18 00:00:00-04:00,19.40999984741211,19.899999618530273,19.299999237060547,19.65999984741211,586900,0.0,0.0
2023-08-21 00:00:00-04:00,19.600000381469727,19.739999771118164,19.170000076293945,19.600000381469727,216300,0.0,0.0
2023-08-22 00:00:00-04:00,19.59000015258789,19.780000686645508,19.1299991607666,19.600000381469727,264100,0.0,0.0
2023-08-23 00:00:00-04:00,19.709999084472656,19.84000015258789,19.34000015258789,19.799999237060547,209100,0.0,0.0
2023-08-24 00:00:00-04:00,19.510000228881836,19.81999969482422,19.309999465942383,19.510000228881836,282700,0.0,0.0
2023-08-25 00:00:00-04:00,19.549999237060547,19.760000228881836,18.260000228881836,18.280000686645508,294300,0.0,0.0
2023-08-28 00:00:00-04:00,18.309999465942383,19.260000228881836,18.190000534057617,19.1299991607666,296100,0.0,0.0
2023-08-29 00:00:00-04:00,19.229999542236328,19.489999771118164,18.860000610351562,19.329999923706055,295200,0.0,0.0
2023-08-30 00:00:00-04:00,19.360000610351562,19.360000610351562,18.690000534057617,18.90999984741211,264900,0.0,0.0
2023-08-31 00:00:00-04:00,19.649999618530273,20.209999084472656,19.450000762939453,19.479999542236328,386800,0.0,0.0
2023-09-01 00:00:00-04:00,19.5,19.920000076293945,19.440000534057617,19.709999084472656,284600,0.0,0.0
2023-09-05 00:00:00-04:00,19.579999923706055,19.729999542236328,18.850000381469727,19.309999465942383,243700,0.0,0.0
2023-09-06 00:00:00-04:00,19.25,19.360000610351562,18.8799991607666,19.15999984741211,173800,0.0,0.0
2023-09-07 00:00:00-04:00,19.100000381469727,19.93000030517578,18.969999313354492,19.309999465942383,292500,0.0,0.0
2023-09-08 00:00:00-04:00,19.3700008392334,19.549999237060547,19.110000610351562,19.3799991607666,203900,0.0,0.0
2023-09-11 00:00:00-04:00,19.43000030517578,19.719999313354492,19.309999465942383,19.43000030517578,213500,0.0,0.0
2023-09-12 00:00:00-04:00,19.360000610351562,20.020000457763672,19.18000030517578,20.010000228881836,246500,0.0,0.0
2023-09-13 00:00:00-04:00,20.06999969482422,20.780000686645508,19.809999465942383,20.75,253700,0.0,0.0
2023-09-14 00:00:00-04:00,20.90999984741211,21.360000610351562,20.90999984741211,21.31999969482422,262000,0.0,0.0
2023-09-15 00:00:00-04:00,21.270000457763672,21.520000457763672,20.940000534057617,21.31999969482422,977900,0.0,0.0
2023-09-18 00:00:00-04:00,21.290000915527344,21.450000762939453,20.670000076293945,20.75,269100,0.0,0.0
2023-09-19 00:00:00-04:00,20.780000686645508,21.110000610351562,20.670000076293945,20.979999542236328,268200,0.0,0.0
2023-09-20 00:00:00-04:00,21.1200008392334,22.079999923706055,20.579999923706055,20.600000381469727,312200,0.0,0.0
2023-09-21 00:00:00-04:00,20.469999313354492,20.479999542236328,19.459999084472656,19.540000915527344,416100,0.0,0.0
2023-09-22 00:00:00-04:00,19.450000762939453,20.360000610351562,17.920000076293945,18.190000534057617,838200,0.0,0.0
2023-09-25 00:00:00-04:00,18.0,18.579999923706055,17.809999465942383,18.520000457763672,820600,0.0,0.0
2023-09-26 00:00:00-04:00,18.440000534057617,19.18000030517578,18.239999771118164,18.540000915527344,245500,0.0,0.0
2023-09-27 00:00:00-04:00,18.579999923706055,18.93000030517578,18.170000076293945,18.469999313354492,223500,0.0,0.0
2023-09-28 00:00:00-04:00,18.3799991607666,18.84000015258789,18.18000030517578,18.760000228881836,297300,0.0,0.0
2023-09-29 00:00:00-04:00,18.790000915527344,19.329999923706055,18.739999771118164,19.209999084472656,339100,0.0,0.0
2023-10-02 00:00:00-04:00,19.190000534057617,19.5,18.510000228881836,19.459999084472656,438300,0.0,0.0
2023-10-03 00:00:00-04:00,19.389999389648438,19.469999313354492,18.610000610351562,18.68000030517578,665000,0.0,0.0
2023-10-04 00:00:00-04:00,18.760000228881836,18.969999313354492,17.81999969482422,18.09000015258789,412300,0.0,0.0
2023-10-05 00:00:00-04:00,17.889999389648438,18.200000762939453,17.329999923706055,17.969999313354492,384700,0.0,0.0
2023-10-06 00:00:00-04:00,17.899999618530273,18.889999389648438,17.799999237060547,18.729999542236328,505200,0.0,0.0
2023-10-09 00:00:00-04:00,18.56999969482422,19.34000015258789,18.56999969482422,19.079999923706055,243100,0.0,0.0
2023-10-10 00:00:00-04:00,19.06999969482422,19.700000762939453,18.8799991607666,19.670000076293945,176900,0.0,0.0
2023-10-11 00:00:00-04:00,19.8700008392334,20.110000610351562,19.610000610351562,19.639999389648438,209600,0.0,0.0
2023-10-12 00:00:00-04:00,19.670000076293945,19.75,19.1200008392334,19.1299991607666,119000,0.0,0.0
2023-10-13 00:00:00-04:00,19.219999313354492,19.399999618530273,17.739999771118164,17.989999771118164,229000,0.0,0.0
2023-10-16 00:00:00-04:00,18.049999237060547,18.979999542236328,17.989999771118164,18.43000030517578,490700,0.0,0.0
2023-10-17 00:00:00-04:00,18.3700008392334,18.809999465942383,18.079999923706055,18.579999923706055,280400,0.0,0.0
2023-10-18 00:00:00-04:00,18.299999237060547,18.299999237060547,16.709999084472656,16.75,345300,0.0,0.0
2023-10-19 00:00:00-04:00,16.68000030517578,16.899999618530273,15.8100004196167,15.920000076293945,310600,0.0,0.0
2023-10-20 00:00:00-04:00,15.789999961853027,15.859999656677246,14.819999694824219,15.029999732971191,562100,0.0,0.0
2023-10-23 00:00:00-04:00,15.0,15.569999694824219,14.600000381469727,14.619999885559082,358400,0.0,0.0
2023-10-24 00:00:00-04:00,14.6899995803833,15.029999732971191,13.970000267028809,14.039999961853027,285900,0.0,0.0
2023-10-25 00:00:00-04:00,13.710000038146973,13.869999885559082,12.4399995803833,12.920000076293945,612100,0.0,0.0
2023-10-26 00:00:00-04:00,13.010000228881836,13.5600004196167,12.640000343322754,13.529999732971191,419700,0.0,0.0
2023-10-27 00:00:00-04:00,13.380000114440918,13.390000343322754,12.520000457763672,12.579999923706055,388300,0.0,0.0
2023-10-30 00:00:00-04:00,12.760000228881836,13.90999984741211,12.170000076293945,12.3100004196167,315200,0.0,0.0
2023-10-31 00:00:00-04:00,12.369999885559082,12.600000381469727,11.90999984741211,12.3100004196167,273400,0.0,0.0
2023-11-01 00:00:00-04:00,12.130000114440918,12.760000228881836,11.850000381469727,12.430000305175781,683100,0.0,0.0
2023-11-02 00:00:00-04:00,12.800000190734863,13.4399995803833,12.800000190734863,13.40999984741211,408700,0.0,0.0
2023-11-03 00:00:00-04:00,14.09000015258789,14.649999618530273,13.899999618530273,14.039999961853027,467300,0.0,0.0
2023-11-06 00:00:00-05:00,14.079999923706055,14.520000457763672,13.640000343322754,14.479999542236328,538000,0.0,0.0
2023-11-07 00:00:00-05:00,15.649999618530273,17.229999542236328,15.649999618530273,16.889999389648438,761600,0.0,0.0
2023-11-08 00:00:00-05:00,16.790000915527344,16.829999923706055,15.850000381469727,16.190000534057617,418700,0.0,0.0
2023-11-09 00:00:00-05:00,16.299999237060547,16.450000762939453,15.779999732971191,16.0,299600,0.0,0.0
2023-11-10 00:00:00-05:00,15.90999984741211,16.229999542236328,15.779999732971191,16.030000686645508,413000,0.0,0.0
2023-11-13 00:00:00-05:00,15.770000457763672,16.450000762939453,15.630000114440918,16.239999771118164,229900,0.0,0.0
2023-11-14 00:00:00-05:00,17.010000228881836,17.790000915527344,16.579999923706055,17.06999969482422,400300,0.0,0.0
2023-11-15 00:00:00-05:00,17.15999984741211,18.229999542236328,17.15999984741211,18.1200008392334,372600,0.0,0.0
2023-11-16 00:00:00-05:00,18.1299991607666,18.520000457763672,17.149999618530273,17.18000030517578,289600,0.0,0.0
2023-11-17 00:00:00-05:00,17.450000762939453,17.559999465942383,17.1200008392334,17.420000076293945,224900,0.0,0.0
2023-11-20 00:00:00-05:00,17.43000030517578,18.309999465942383,17.200000762939453,18.290000915527344,257700,0.0,0.0
2023-11-21 00:00:00-05:00,18.170000076293945,18.469999313354492,17.559999465942383,17.760000228881836,359400,0.0,0.0
2023-11-22 00:00:00-05:00,17.940000534057617,18.09000015258789,17.6299991607666,18.010000228881836,135300,0.0,0.0
2023-11-24 00:00:00-05:00,17.93000030517578,18.1200008392334,17.59000015258789,17.639999389648438,80800,0.0,0.0
2023-11-27 00:00:00-05:00,17.3799991607666,18.059999465942383,17.34000015258789,18.020000457763672,275100,0.0,0.0
2023-11-28 00:00:00-05:00,18.010000228881836,18.719999313354492,17.799999237060547,18.229999542236328,195300,0.0,0.0
2023-11-29 00:00:00-05:00,18.489999771118164,19.200000762939453,18.059999465942383,18.190000534057617,211000,0.0,0.0
2023-11-30 00:00:00-05:00,18.34000015258789,18.700000762939453,17.860000610351562,18.530000686645508,1383100,0.0,0.0
2023-12-01 00:00:00-05:00,18.56999969482422,19.68000030517578,18.25,19.670000076293945,318200,0.0,0.0
2023-12-04 00:00:00-05:00,19.6299991607666,20.6200008392334,19.5,20.540000915527344,322700,0.0,0.0
2023-12-05 00:00:00-05:00,20.389999389648438,20.739999771118164,19.8700008392334,20.540000915527344,284900,0.0,0.0
2023-12-06 00:00:00-05:00,20.770000457763672,21.229999542236328,20.399999618530273,20.579999923706055,249900,0.0,0.0
2023-12-07 00:00:00-05:00,20.649999618530273,21.0,19.989999771118164,20.979999542236328,197900,0.0,0.0
2023-12-08 00:00:00-05:00,21.0,21.440000534057617,20.700000762939453,20.729999542236328,233000,0.0,0.0
2023-12-11 00:00:00-05:00,20.75,20.8700008392334,20.440000534057617,20.760000228881836,214200,0.0,0.0
2023-12-12 00:00:00-05:00,20.790000915527344,20.84000015258789,20.1299991607666,20.149999618530273,326600,0.0,0.0
2023-12-13 00:00:00-05:00,20.610000610351562,22.399999618530273,20.190000534057617,22.3700008392334,680000,0.0,0.0
2023-12-14 00:00:00-05:00,23.229999542236328,23.969999313354492,22.6200008392334,23.459999084472656,372800,0.0,0.0
2023-12-15 00:00:00-05:00,23.920000076293945,23.920000076293945,23.219999313354492,23.450000762939453,984500,0.0,0.0
2023-12-18 00:00:00-05:00,23.489999771118164,24.020000457763672,23.15999984741211,23.8799991607666,268200,0.0,0.0
2023-12-19 00:00:00-05:00,24.030000686645508,25.450000762939453,24.030000686645508,25.350000381469727,230200,0.0,0.0
2023-12-20 00:00:00-05:00,25.15999984741211,26.1200008392334,24.399999618530273,25.0,304300,0.0,0.0
2023-12-21 00:00:00-05:00,25.479999542236328,25.68000030517578,24.540000915527344,25.09000015258789,272700,0.0,0.0
2023-12-22 00:00:00-05:00,25.3799991607666,25.65999984741211,24.829999923706055,25.06999969482422,170400,0.0,0.0
2023-12-26 00:00:00-05:00,25.1299991607666,26.399999618530273,24.899999618530273,25.920000076293945,268600,0.0,0.0
2023-12-27 00:00:00-05:00,25.93000030517578,26.399999618530273,25.829999923706055,26.219999313354492,160700,0.0,0.0
2023-12-28 00:00:00-05:00,26.0,26.81999969482422,26.0,26.75,165600,0.0,0.0
2023-12-29 00:00:00-05:00,26.639999389648438,26.639999389648438,25.5,26.200000762939453,315600,0.0,0.0
2024-01-02 00:00:00-05:00,25.65999984741211,26.31999969482422,25.399999618530273,25.690000534057617,267500,0.0,0.0
2024-01-03 00:00:00-05:00,24.770000457763672,25.1200008392334,23.600000381469727,23.729999542236328,276300,0.0,0.0
2024-01-04 00:00:00-05:00,23.81999969482422,24.93000030517578,23.530000686645508,24.190000534057617,282400,0.0,0.0
2024-01-05 00:00:00-05:00,23.8799991607666,25.030000686645508,23.8799991607666,24.34000015258789,154200,0.0,0.0
2024-01-08 00:00:00-05:00,24.15999984741211,24.5,23.959999084472656,24.020000457763672,227600,0.0,0.0
2024-01-09 00:00:00-05:00,23.520000457763672,24.34000015258789,23.100000381469727,23.950000762939453,233500,0.0,0.0
2024-01-10 00:00:00-05:00,23.760000228881836,24.18000030517578,23.389999389648438,23.8700008392334,138500,0.0,0.0
2024-01-11 00:00:00-05:00,23.56999969482422,23.610000610351562,22.979999542236328,23.469999313354492,229800,0.0,0.0
2024-01-12 00:00:00-05:00,23.790000915527344,23.959999084472656,22.719999313354492,22.899999618530273,174000,0.0,0.0
2024-01-16 00:00:00-05:00,22.34000015258789,22.459999084472656,21.790000915527344,22.25,248400,0.0,0.0
2024-01-17 00:00:00-05:00,21.790000915527344,22.559999465942383,21.790000915527344,22.170000076293945,161700,0.0,0.0
2024-01-18 00:00:00-05:00,22.420000076293945,22.56999969482422,22.030000686645508,22.450000762939453,175400,0.0,0.0
2024-01-19 00:00:00-05:00,22.6200008392334,23.329999923706055,22.290000915527344,23.06999969482422,240400,0.0,0.0
2024-01-22 00:00:00-05:00,23.520000457763672,25.610000610351562,23.520000457763672,25.239999771118164,334300,0.0,0.0
2024-01-23 00:00:00-05:00,25.5,25.5,24.8799991607666,24.920000076293945,224900,0.0,0.0
2024-01-24 00:00:00-05:00,25.450000762939453,25.610000610351562,24.610000610351562,24.770000457763672,157700,0.0,0.0
2024-01-25 00:00:00-05:00,25.280000686645508,25.290000915527344,23.81999969482422,24.469999313354492,235800,0.0,0.0
2024-01-26 00:00:00-05:00,24.780000686645508,24.8700008392334,23.850000381469727,24.100000381469727,174600,0.0,0.0
2024-01-29 00:00:00-05:00,24.25,24.520000457763672,23.979999542236328,24.190000534057617,142600,0.0,0.0
2024-01-30 00:00:00-05:00,23.850000381469727,24.309999465942383,23.459999084472656,23.510000228881836,133700,0.0,0.0
2024-01-31 00:00:00-05:00,23.290000915527344,23.940000534057617,22.670000076293945,22.770000457763672,294600,0.0,0.0
2024-02-01 00:00:00-05:00,22.950000762939453,23.459999084472656,22.5,23.3799991607666,183100,0.0,0.0
2024-02-02 00:00:00-05:00,22.84000015258789,23.5,22.6299991607666,23.3700008392334,166900,0.0,0.0
2024-02-05 00:00:00-05:00,22.979999542236328,23.15999984741211,22.360000610351562,22.950000762939453,177300,0.0,0.0
2024-02-06 00:00:00-05:00,22.860000610351562,23.3700008392334,22.440000534057617,23.049999237060547,196700,0.0,0.0
2024-02-07 00:00:00-05:00,23.1200008392334,23.1200008392334,22.239999771118164,22.75,338300,0.0,0.0
2024-02-08 00:00:00-05:00,22.8700008392334,23.670000076293945,22.639999389648438,23.649999618530273,224900,0.0,0.0
2024-02-09 00:00:00-05:00,23.8799991607666,24.190000534057617,23.43000030517578,23.989999771118164,164200,0.0,0.0
2024-02-12 00:00:00-05:00,23.989999771118164,24.920000076293945,23.989999771118164,24.719999313354492,189300,0.0,0.0
2024-02-13 00:00:00-05:00,22.90999984741211,23.56999969482422,22.549999237060547,22.899999618530273,256000,0.0,0.0
2024-02-14 00:00:00-05:00,23.360000610351562,23.5,22.65999984741211,23.030000686645508,318000,0.0,0.0
2024-02-15 00:00:00-05:00,23.389999389648438,24.520000457763672,23.010000228881836,24.510000228881836,277600,0.0,0.0
2024-02-16 00:00:00-05:00,29.770000457763672,31.43000030517578,27.170000076293945,28.0,912100,0.0,0.0
2024-02-20 00:00:00-05:00,27.950000762939453,27.950000762939453,26.010000228881836,26.100000381469727,398400,0.0,0.0
2024-02-21 00:00:00-05:00,25.780000686645508,26.309999465942383,25.450000762939453,26.229999542236328,296900,0.0,0.0
2024-02-22 00:00:00-05:00,26.030000686645508,26.600000381469727,25.15999984741211,25.34000015258789,333700,0.0,0.0
2024-02-23 00:00:00-05:00,25.360000610351562,26.329999923706055,24.8799991607666,26.280000686645508,186700,0.0,0.0
2024-02-26 00:00:00-05:00,26.219999313354492,26.5,25.459999084472656,26.0,295800,0.0,0.0
2024-02-27 00:00:00-05:00,26.190000534057617,26.280000686645508,25.06999969482422,25.309999465942383,200700,0.0,0.0
2024-02-28 00:00:00-05:00,24.959999084472656,25.600000381469727,24.93000030517578,25.40999984741211,302600,0.0,0.0
2024-02-29 00:00:00-05:00,26.09000015258789,26.639999389648438,25.329999923706055,25.559999465942383,446100,0.0,0.0
2024-03-01 00:00:00-05:00,25.549999237060547,26.5,24.829999923706055,25.93000030517578,250100,0.0,0.0
2024-03-04 00:00:00-05:00,26.079999923706055,26.229999542236328,24.829999923706055,24.829999923706055,157800,0.0,0.0
2024-03-05 00:00:00-05:00,24.40999984741211,25.18000030517578,24.40999984741211,24.540000915527344,129500,0.0,0.0
2024-03-06 00:00:00-05:00,24.700000762939453,24.8799991607666,24.25,24.690000534057617,146100,0.0,0.0
2024-03-07 00:00:00-05:00,25.079999923706055,25.43000030517578,24.81999969482422,25.309999465942383,148500,0.0,0.0
2024-03-08 00:00:00-05:00,25.709999084472656,26.469999313354492,25.420000076293945,25.799999237060547,155400,0.0,0.0
2024-03-11 00:00:00-04:00,25.59000015258789,25.829999923706055,24.8799991607666,25.139999389648438,103700,0.0,0.0
2024-03-12 00:00:00-04:00,25.010000228881836,25.010000228881836,24.31999969482422,24.5,128900,0.0,0.0
2024-03-13 00:00:00-04:00,24.40999984741211,24.829999923706055,23.65999984741211,23.760000228881836,178900,0.0,0.0
2024-03-14 00:00:00-04:00,23.5,23.559999465942383,22.399999618530273,22.790000915527344,238400,0.0,0.0
2024-03-15 00:00:00-04:00,22.6299991607666,23.3799991607666,22.420000076293945,22.84000015258789,476600,0.0,0.0
2024-03-18 00:00:00-04:00,22.739999771118164,23.3799991607666,22.3700008392334,22.969999313354492,339600,0.0,0.0
2024-03-19 00:00:00-04:00,22.799999237060547,23.790000915527344,22.799999237060547,23.450000762939453,169800,0.0,0.0
2024-03-20 00:00:00-04:00,23.579999923706055,25.18000030517578,23.510000228881836,24.84000015258789,232100,0.0,0.0
2024-03-21 00:00:00-04:00,24.889999389648438,25.469999313354492,24.760000228881836,25.139999389648438,208900,0.0,0.0
2024-03-22 00:00:00-04:00,25.239999771118164,26.239999771118164,24.90999984741211,25.260000228881836,150600,0.0,0.0
2024-03-25 00:00:00-04:00,25.5,25.729999542236328,25.15999984741211,25.329999923706055,160500,0.0,0.0
2024-03-26 00:00:00-04:00,25.479999542236328,25.59000015258789,25.110000610351562,25.25,153100,0.0,0.0
2024-03-27 00:00:00-04:00,25.610000610351562,26.110000610351562,25.420000076293945,26.040000915527344,127300,0.0,0.0
2024-03-28 00:00:00-04:00,25.989999771118164,26.360000610351562,25.8700008392334,26.079999923706055,235700,0.0,0.0
2024-04-01 00:00:00-04:00,26.139999389648438,26.139999389648438,25.200000762939453,25.799999237060547,193600,0.0,0.0
2024-04-02 00:00:00-04:00,25.25,25.6299991607666,25.079999923706055,25.59000015258789,172000,0.0,0.0
2024-04-03 00:00:00-04:00,25.299999237060547,25.770000457763672,25.15999984741211,25.68000030517578,156500,0.0,0.0
2024-04-04 00:00:00-04:00,26.170000076293945,26.239999771118164,25.149999618530273,25.329999923706055,131000,0.0,0.0
2024-04-05 00:00:00-04:00,25.079999923706055,25.479999542236328,24.700000762939453,25.290000915527344,97400,0.0,0.0
2024-04-08 00:00:00-04:00,25.6200008392334,25.969999313354492,25.299999237060547,25.809999465942383,153900,0.0,0.0
2024-04-09 00:00:00-04:00,25.979999542236328,26.06999969482422,25.729999542236328,26.010000228881836,136200,0.0,0.0
2024-04-10 00:00:00-04:00,25.0,25.6200008392334,24.799999237060547,25.040000915527344,189200,0.0,0.0
2024-04-11 00:00:00-04:00,25.219999313354492,25.670000076293945,24.559999465942383,25.420000076293945,128100,0.0,0.0
2024-04-12 00:00:00-04:00,25.1299991607666,25.229999542236328,23.719999313354492,24.389999389648438,135100,0.0,0.0
2024-04-15 00:00:00-04:00,24.31999969482422,24.59000015258789,22.8799991607666,23.020000457763672,143200,0.0,0.0
2024-04-16 00:00:00-04:00,22.670000076293945,23.020000457763672,22.239999771118164,22.309999465942383,171100,0.0,0.0
2024-04-17 00:00:00-04:00,22.420000076293945,24.34000015258789,22.299999237060547,24.040000915527344,281100,0.0,0.0
2024-04-18 00:00:00-04:00,23.959999084472656,24.18000030517578,23.360000610351562,23.479999542236328,161900,0.0,0.0
2024-04-19 00:00:00-04:00,23.190000534057617,24.420000076293945,23.190000534057617,24.3700008392334,165700,0.0,0.0
2024-04-22 00:00:00-04:00,24.389999389648438,24.440000534057617,23.65999984741211,23.670000076293945,130600,0.0,0.0
2024-04-23 00:00:00-04:00,23.729999542236328,25.209999084472656,23.6200008392334,24.920000076293945,146600,0.0,0.0
2024-04-24 00:00:00-04:00,24.75,24.969999313354492,24.31999969482422,24.790000915527344,138000,0.0,0.0
2024-04-25 00:00:00-04:00,24.309999465942383,24.65999984741211,23.84000015258789,23.8799991607666,147200,0.0,0.0
2024-04-26 00:00:00-04:00,23.93000030517578,24.399999618530273,23.799999237060547,24.110000610351562,115200,0.0,0.0
2024-04-29 00:00:00-04:00,24.399999618530273,24.530000686645508,23.920000076293945,24.020000457763672,97900,0.0,0.0
2024-04-30 00:00:00-04:00,23.700000762939453,23.899999618530273,23.469999313354492,23.790000915527344,163900,0.0,0.0
2024-05-01 00:00:00-04:00,23.809999465942383,24.799999237060547,23.649999618530273,24.280000686645508,150000,0.0,0.0
2024-05-02 00:00:00-04:00,24.65999984741211,24.790000915527344,24.280000686645508,24.709999084472656,124500,0.0,0.0
2024-05-03 00:00:00-04:00,25.3799991607666,25.59000015258789,24.799999237060547,24.950000762939453,146900,0.0,0.0
2024-05-06 00:00:00-04:00,25.09000015258789,25.469999313354492,24.889999389648438,25.329999923706055,196300,0.0,0.0
2024-05-07 00:00:00-04:00,28.0,28.639999389648438,24.780000686645508,25.040000915527344,386400,0.0,0.0
2024-05-08 00:00:00-04:00,24.5,25.639999389648438,24.43000030517578,25.309999465942383,213500,0.0,0.0
2024-05-09 00:00:00-04:00,25.239999771118164,26.549999237060547,25.100000381469727,26.450000762939453,230200,0.0,0.0
2024-05-10 00:00:00-04:00,26.350000381469727,26.5,25.75,26.459999084472656,257000,0.0,0.0
2024-05-13 00:00:00-04:00,26.760000228881836,27.200000762939453,26.149999618530273,26.770000457763672,336400,0.0,0.0
2024-05-14 00:00:00-04:00,27.40999984741211,27.40999984741211,25.440000534057617,25.530000686645508,162700,0.0,0.0
2024-05-15 00:00:00-04:00,25.690000534057617,25.93000030517578,25.139999389648438,25.420000076293945,196200,0.0,0.0
2024-05-16 00:00:00-04:00,25.309999465942383,25.3700008392334,24.979999542236328,25.059999465942383,132300,0.0,0.0
2024-05-17 00:00:00-04:00,25.209999084472656,25.329999923706055,24.690000534057617,24.959999084472656,167900,0.0,0.0
2024-05-20 00:00:00-04:00,24.93000030517578,24.93000030517578,22.280000686645508,22.360000610351562,224400,0.0,0.0
2024-05-21 00:00:00-04:00,22.239999771118164,22.729999542236328,22.1200008392334,22.68000030517578,188100,0.0,0.0
2024-05-22 00:00:00-04:00,22.559999465942383,22.600000381469727,21.829999923706055,22.030000686645508,189100,0.0,0.0
2024-05-23 00:00:00-04:00,22.110000610351562,22.739999771118164,21.59000015258789,21.709999084472656,215900,0.0,0.0
2024-05-24 00:00:00-04:00,21.790000915527344,21.93000030517578,21.56999969482422,21.739999771118164,179600,0.0,0.0
2024-05-28 00:00:00-04:00,21.8700008392334,22.309999465942383,21.799999237060547,22.09000015258789,164400,0.0,0.0
2024-05-29 00:00:00-04:00,21.540000915527344,21.8799991607666,21.489999771118164,21.56999969482422,124200,0.0,0.0
2024-05-30 00:00:00-04:00,21.93000030517578,22.09000015258789,21.6299991607666,21.799999237060547,180700,0.0,0.0
2024-05-31 00:00:00-04:00,21.899999618530273,22.020000457763672,21.489999771118164,21.579999923706055,259800,0.0,0.0
2024-06-03 00:00:00-04:00,21.93000030517578,21.950000762939453,20.329999923706055,20.350000381469727,167400,0.0,0.0
2024-06-04 00:00:00-04:00,20.09000015258789,20.3799991607666,19.899999618530273,20.360000610351562,230300,0.0,0.0
2024-06-05 00:00:00-04:00,20.56999969482422,20.90999984741211,20.200000762939453,20.84000015258789,111800,0.0,0.0
2024-06-06 00:00:00-04:00,20.6299991607666,20.729999542236328,20.110000610351562,20.34000015258789,132000,0.0,0.0
2024-06-07 00:00:00-04:00,20.020000457763672,20.520000457763672,19.760000228881836,20.290000915527344,143300,0.0,0.0
2024-06-10 00:00:00-04:00,20.0,20.149999618530273,19.579999923706055,19.84000015258789,142300,0.0,0.0
2024-06-11 00:00:00-04:00,19.639999389648438,19.920000076293945,19.100000381469727,19.920000076293945,165100,0.0,0.0
2024-06-12 00:00:00-04:00,20.75,21.610000610351562,20.31999969482422,20.420000076293945,169800,0.0,0.0
2024-06-13 00:00:00-04:00,20.440000534057617,20.440000534057617,19.479999542236328,19.829999923706055,139300,0.0,0.0
2024-06-14 00:00:00-04:00,19.420000076293945,19.649999618530273,19.06999969482422,19.559999465942383,124300,0.0,0.0
2024-06-17 00:00:00-04:00,19.450000762939453,19.59000015258789,19.040000915527344,19.59000015258789,107300,0.0,0.0
2024-06-18 00:00:00-04:00,19.489999771118164,19.889999389648438,19.3799991607666,19.84000015258789,155600,0.0,0.0
2024-06-20 00:00:00-04:00,19.6200008392334,21.040000915527344,19.6200008392334,21.020000457763672,225400,0.0,0.0
2024-06-21 00:00:00-04:00,21.110000610351562,21.15999984741211,20.149999618530273,20.780000686645508,807800,0.0,0.0
2024-06-24 00:00:00-04:00,20.889999389648438,21.229999542236328,20.3700008392334,20.3700008392334,150900,0.0,0.0
2024-06-25 00:00:00-04:00,20.149999618530273,20.219999313354492,19.0,19.059999465942383,140900,0.0,0.0
2024-06-26 00:00:00-04:00,18.770000457763672,19.3700008392334,18.639999389648438,19.329999923706055,126600,0.0,0.0
2024-06-27 00:00:00-04:00,19.40999984741211,19.40999984741211,18.860000610351562,19.299999237060547,116500,0.0,0.0
2024-06-28 00:00:00-04:00,19.479999542236328,19.790000915527344,19.170000076293945,19.65999984741211,445400,0.0,0.0
2024-07-01 00:00:00-04:00,19.700000762939453,19.969999313354492,19.040000915527344,19.420000076293945,139200,0.0,0.0
2024-07-02 00:00:00-04:00,19.520000457763672,20.030000686645508,19.280000686645508,19.860000610351562,96200,0.0,0.0
2024-07-03 00:00:00-04:00,19.989999771118164,20.920000076293945,19.450000762939453,19.68000030517578,62600,0.0,0.0
2024-07-05 00:00:00-04:00,19.59000015258789,19.790000915527344,19.139999389648438,19.270000457763672,87700,0.0,0.0
2024-07-08 00:00:00-04:00,19.350000381469727,19.59000015258789,19.010000228881836,19.350000381469727,74000,0.0,0.0
2024-07-09 00:00:00-04:00,19.25,19.68000030517578,18.93000030517578,19.079999923706055,81100,0.0,0.0
2024-07-10 00:00:00-04:00,19.229999542236328,19.40999984741211,18.889999389648438,19.329999923706055,104600,0.0,0.0
2024-07-11 00:00:00-04:00,19.979999542236328,20.979999542236328,19.479999542236328,20.8799991607666,136500,0.0,0.0
2024-07-12 00:00:00-04:00,21.309999465942383,21.3700008392334,20.65999984741211,20.899999618530273,158800,0.0,0.0
2024-07-15 00:00:00-04:00,21.25,21.670000076293945,21.09000015258789,21.329999923706055,143100,0.0,0.0
2024-07-16 00:00:00-04:00,21.709999084472656,23.15999984741211,21.709999084472656,23.1299991607666,169200,0.0,0.0
2024-07-17 00:00:00-04:00,22.93000030517578,24.440000534057617,22.93000030517578,23.520000457763672,228600,0.0,0.0
2024-07-18 00:00:00-04:00,23.170000076293945,23.899999618530273,22.639999389648438,22.979999542236328,177400,0.0,0.0
2024-07-19 00:00:00-04:00,23.049999237060547,23.43000030517578,22.600000381469727,22.6299991607666,131100,0.0,0.0
2024-07-22 00:00:00-04:00,22.6299991607666,23.209999084472656,22.09000015258789,23.170000076293945,119100,0.0,0.0
2024-07-23 00:00:00-04:00,22.979999542236328,23.920000076293945,22.90999984741211,23.8799991607666,157900,0.0,0.0
2024-07-24 00:00:00-04:00,23.729999542236328,24.559999465942383,22.850000381469727,23.860000610351562,190000,0.0,0.0
2024-07-25 00:00:00-04:00,24.059999465942383,25.549999237060547,24.059999465942383,25.040000915527344,204500,0.0,0.0
2024-07-26 00:00:00-04:00,25.469999313354492,25.690000534057617,24.81999969482422,25.540000915527344,122800,0.0,0.0
2024-07-29 00:00:00-04:00,25.56999969482422,25.56999969482422,24.68000030517578,25.139999389648438,124900,0.0,0.0
2024-07-30 00:00:00-04:00,25.389999389648438,25.940000534057617,24.760000228881836,25.829999923706055,202300,0.0,0.0
2024-07-31 00:00:00-04:00,26.040000915527344,27.540000915527344,25.56999969482422,26.649999618530273,285500,0.0,0.0
2024-08-01 00:00:00-04:00,26.469999313354492,26.6200008392334,23.440000534057617,23.729999542236328,242600,0.0,0.0
2024-08-02 00:00:00-04:00,22.510000228881836,23.829999923706055,22.510000228881836,23.610000610351562,160300,0.0,0.0
2024-08-05 00:00:00-04:00,21.940000534057617,23.549999237060547,20.639999389648438,23.239999771118164,435300,0.0,0.0
2024-08-06 00:00:00-04:00,25.540000915527344,26.889999389648438,21.020000457763672,21.18000030517578,354000,0.0,0.0
2024-08-07 00:00:00-04:00,21.5,22.149999618530273,21.06999969482422,22.100000381469727,308500,0.0,0.0
2024-08-08 00:00:00-04:00,22.31999969482422,23.420000076293945,22.15999984741211,23.3700008392334,195300,0.0,0.0
2024-08-09 00:00:00-04:00,23.350000381469727,23.389999389648438,22.079999923706055,22.3700008392334,145900,0.0,0.0
2024-08-12 00:00:00-04:00,23.09000015258789,23.579999923706055,22.219999313354492,22.40999984741211,168100,0.0,0.0
2024-08-13 00:00:00-04:00,22.6200008392334,23.40999984741211,22.100000381469727,22.31999969482422,187900,0.0,0.0
2024-08-14 00:00:00-04:00,22.3700008392334,22.68000030517578,21.600000381469727,22.079999923706055,195300,0.0,0.0
2024-08-15 00:00:00-04:00,22.84000015258789,24.110000610351562,22.3700008392334,22.969999313354492,247800,0.0,0.0
2024-08-16 00:00:00-04:00,22.8799991607666,23.649999618530273,22.239999771118164,23.219999313354492,192900,0.0,0.0
2024-08-19 00:00:00-04:00,23.350000381469727,23.540000915527344,22.6299991607666,23.5,124200,0.0,0.0
2024-08-20 00:00:00-04:00,23.059999465942383,23.43000030517578,21.860000610351562,21.920000076293945,111700,0.0,0.0
2024-08-21 00:00:00-04:00,21.950000762939453,22.15999984741211,21.489999771118164,21.90999984741211,100500,0.0,0.0
2024-08-22 00:00:00-04:00,21.899999618530273,22.059999465942383,21.59000015258789,21.75,64200,0.0,0.0
2024-08-23 00:00:00-04:00,21.860000610351562,23.34000015258789,21.649999618530273,22.8799991607666,177900,0.0,0.0
2024-08-26 00:00:00-04:00,23.270000457763672,23.420000076293945,22.6200008392334,22.700000762939453,111400,0.0,0.0
2024-08-27 00:00:00-04:00,22.559999465942383,22.940000534057617,22.229999542236328,22.530000686645508,96900,0.0,0.0
2024-08-28 00:00:00-04:00,22.360000610351562,23.3700008392334,22.360000610351562,23.010000228881836,147900,0.0,0.0
2024-08-29 00:00:00-04:00,23.31999969482422,23.459999084472656,22.68000030517578,23.270000457763672,122400,0.0,0.0
2024-08-30 00:00:00-04:00,23.459999084472656,23.56999969482422,23.010000228881836,23.31999969482422,118500,0.0,0.0
2024-09-03 00:00:00-04:00,22.8799991607666,23.350000381469727,21.90999984741211,22.059999465942383,156700,0.0,0.0
2024-09-04 00:00:00-04:00,22.06999969482422,22.43000030517578,21.770000457763672,21.84000015258789,77400,0.0,0.0
2024-09-05 00:00:00-04:00,22.1200008392334,22.420000076293945,21.799999237060547,22.1200008392334,141100,0.0,0.0
2024-09-06 00:00:00-04:00,22.110000610351562,22.6299991607666,21.290000915527344,21.360000610351562,163500,0.0,0.0
2024-09-09 00:00:00-04:00,21.209999084472656,21.40999984741211,20.43000030517578,20.489999771118164,140500,0.0,0.0
2024-09-10 00:00:00-04:00,20.40999984741211,20.979999542236328,19.8799991607666,20.3700008392334,138900,0.0,0.0
2024-09-11 00:00:00-04:00,20.100000381469727,20.329999923706055,19.75,20.229999542236328,145100,0.0,0.0
2024-09-12 00:00:00-04:00,20.469999313354492,20.850000381469727,20.110000610351562,20.219999313354492,140600,0.0,0.0
2024-09-13 00:00:00-04:00,20.350000381469727,21.799999237060547,20.350000381469727,21.670000076293945,185700,0.0,0.0
2024-09-16 00:00:00-04:00,21.860000610351562,21.860000610351562,20.559999465942383,20.860000610351562,229300,0.0,0.0
2024-09-17 00:00:00-04:00,21.270000457763672,22.649999618530273,21.110000610351562,22.040000915527344,189900,0.0,0.0
2024-09-18 00:00:00-04:00,21.940000534057617,23.440000534057617,21.600000381469727,22.280000686645508,247100,0.0,0.0
2024-09-19 00:00:00-04:00,23.239999771118164,23.239999771118164,22.219999313354492,23.0,172900,0.0,0.0
2024-09-20 00:00:00-04:00,22.690000534057617,22.739999771118164,21.959999084472656,22.100000381469727,785300,0.0,0.0
2024-09-23 00:00:00-04:00,22.280000686645508,22.420000076293945,21.790000915527344,21.790000915527344,162200,0.0,0.0
2024-09-24 00:00:00-04:00,21.979999542236328,22.020000457763672,21.420000076293945,22.0,157400,0.0,0.0
2024-09-25 00:00:00-04:00,21.979999542236328,22.989999771118164,21.899999618530273,22.559999465942383,311600,0.0,0.0
2024-09-26 00:00:00-04:00,23.360000610351562,23.56999969482422,22.780000686645508,23.229999542236328,212700,0.0,0.0
2024-09-27 00:00:00-04:00,23.579999923706055,23.809999465942383,22.530000686645508,22.649999618530273,192700,0.0,0.0
2024-09-30 00:00:00-04:00,22.719999313354492,22.93000030517578,22.100000381469727,22.360000610351562,200300,0.0,0.0
2024-10-01 00:00:00-04:00,22.31999969482422,22.920000076293945,21.719999313354492,21.809999465942383,152300,0.0,0.0
2024-10-02 00:00:00-04:00,21.59000015258789,22.049999237060547,21.260000228881836,21.459999084472656,137700,0.0,0.0
2024-10-03 00:00:00-04:00,21.219999313354492,21.469999313354492,20.670000076293945,21.469999313354492,235800,0.0,0.0
2024-10-04 00:00:00-04:00,21.81999969482422,22.09000015258789,21.579999923706055,21.809999465942383,96900,0.0,0.0
2024-10-07 00:00:00-04:00,21.68000030517578,21.75,21.309999465942383,21.6299991607666,132500,0.0,0.0
2024-10-08 00:00:00-04:00,21.649999618530273,21.649999618530273,21.040000915527344,21.219999313354492,112600,0.0,0.0
2024-10-09 00:00:00-04:00,21.190000534057617,21.360000610351562,20.889999389648438,21.139999389648438,178900,0.0,0.0
2024-10-10 00:00:00-04:00,20.979999542236328,21.420000076293945,20.579999923706055,21.149999618530273,288200,0.0,0.0
2024-10-11 00:00:00-04:00,21.18000030517578,21.709999084472656,21.149999618530273,21.399999618530273,237600,0.0,0.0
2024-10-14 00:00:00-04:00,21.389999389648438,21.5,20.850000381469727,20.989999771118164,263000,0.0,0.0
2024-10-15 00:00:00-04:00,21.030000686645508,21.899999618530273,20.969999313354492,21.25,286900,0.0,0.0
2024-10-16 00:00:00-04:00,21.540000915527344,22.1299991607666,21.540000915527344,21.770000457763672,417600,0.0,0.0
2024-10-17 00:00:00-04:00,21.8700008392334,22.049999237060547,21.25,21.649999618530273,297900,0.0,0.0
2024-10-18 00:00:00-04:00,21.719999313354492,22.020000457763672,21.149999618530273,21.299999237060547,285500,0.0,0.0
2024-10-21 00:00:00-04:00,21.31999969482422,21.350000381469727,19.510000228881836,19.540000915527344,252300,0.0,0.0
2024-10-22 00:00:00-04:00,19.540000915527344,19.8799991607666,19.389999389648438,19.540000915527344,188100,0.0,0.0
2024-10-23 00:00:00-04:00,19.510000228881836,19.600000381469727,18.93000030517578,19.489999771118164,169000,0.0,0.0
2024-10-24 00:00:00-04:00,19.469999313354492,19.979999542236328,19.149999618530273,19.209999084472656,329300,0.0,0.0
2024-10-25 00:00:00-04:00,19.31999969482422,19.450000762939453,18.709999084472656,18.84000015258789,325400,0.0,0.0
2024-10-28 00:00:00-04:00,19.09000015258789,19.850000381469727,18.90999984741211,19.06999969482422,194300,0.0,0.0
2024-10-29 00:00:00-04:00,18.899999618530273,19.219999313354492,18.760000228881836,18.8799991607666,243600,0.0,0.0
2024-10-30 00:00:00-04:00,18.829999923706055,20.149999618530273,18.809999465942383,19.989999771118164,362200,0.0,0.0
2024-10-31 00:00:00-04:00,20.079999923706055,20.549999237060547,20.0,20.15999984741211,383700,0.0,0.0
2024-11-01 00:00:00-04:00,20.270000457763672,20.8700008392334,20.239999771118164,20.84000015258789,447700,0.0,0.0
2024-11-04 00:00:00-05:00,20.799999237060547,20.959999084472656,20.309999465942383,20.559999465942383,294600,0.0,0.0
2024-11-05 00:00:00-05:00,22.200000762939453,24.760000228881836,21.690000534057617,23.829999923706055,1071800,0.0,0.0
2024-11-06 00:00:00-05:00,25.0,25.43000030517578,24.1299991607666,24.719999313354492,564700,0.0,0.0
2024-11-07 00:00:00-05:00,24.510000228881836,25.079999923706055,24.059999465942383,24.209999084472656,306500,0.0,0.0
2024-11-08 00:00:00-05:00,24.3700008392334,24.899999618530273,24.020000457763672,24.18000030517578,317800,0.0,0.0
2024-11-11 00:00:00-05:00,24.6299991607666,24.690000534057617,23.90999984741211,24.040000915527344,174000,0.0,0.0
2024-11-12 00:00:00-05:00,23.700000762939453,23.790000915527344,22.969999313354492,23.3700008392334,172400,0.0,0.0
2024-11-13 00:00:00-05:00,23.670000076293945,23.93000030517578,23.170000076293945,23.309999465942383,162400,0.0,0.0
2024-11-14 00:00:00-05:00,23.34000015258789,23.719999313354492,22.790000915527344,23.1200008392334,162100,0.0,0.0
2024-11-15 00:00:00-05:00,23.3700008392334,23.639999389648438,23.030000686645508,23.190000534057617,434900,0.0,0.0
2024-11-18 00:00:00-05:00,23.100000381469727,23.3700008392334,22.559999465942383,22.700000762939453,214000,0.0,0.0
2024-11-19 00:00:00-05:00,22.360000610351562,22.649999618530273,22.15999984741211,22.31999969482422,113200,0.0,0.0
2024-11-20 00:00:00-05:00,21.809999465942383,21.81999969482422,20.559999465942383,20.920000076293945,268200,0.0,0.0
2024-11-21 00:00:00-05:00,21.09000015258789,21.860000610351562,20.639999389648438,20.8799991607666,267900,0.0,0.0
2024-11-22 00:00:00-05:00,20.969999313354492,22.020000457763672,20.969999313354492,21.719999313354492,314800,0.0,0.0
2024-11-25 00:00:00-05:00,21.989999771118164,22.270000457763672,21.670000076293945,21.690000534057617,222500,0.0,0.0
2024-11-26 00:00:00-05:00,21.489999771118164,21.670000076293945,20.729999542236328,21.440000534057617,314800,0.0,0.0
2024-11-27 00:00:00-05:00,21.770000457763672,21.770000457763672,21.299999237060547,21.469999313354492,118200,0.0,0.0
2024-11-29 00:00:00-05:00,21.68000030517578,21.700000762939453,21.139999389648438,21.200000762939453,98900,0.0,0.0
2024-12-02 00:00:00-05:00,21.209999084472656,21.6299991607666,20.950000762939453,21.459999084472656,217800,0.0,0.0
2024-12-03 00:00:00-05:00,21.450000762939453,21.459999084472656,20.489999771118164,20.5,181200,0.0,0.0
2024-12-04 00:00:00-05:00,20.489999771118164,20.920000076293945,20.1200008392334,20.760000228881836,261000,0.0,0.0
2024-12-05 00:00:00-05:00,20.68000030517578,20.889999389648438,20.18000030517578,20.229999542236328,163600,0.0,0.0
2024-12-06 00:00:00-05:00,20.280000686645508,20.450000762939453,19.989999771118164,20.260000228881836,165300,0.0,0.0
2024-12-09 00:00:00-05:00,20.40999984741211,21.739999771118164,20.34000015258789,21.3700008392334,413600,0.0,0.0
2024-12-10 00:00:00-05:00,21.3700008392334,21.3700008392334,20.93000030517578,21.149999618530273,246100,0.0,0.0
2024-12-11 00:00:00-05:00,21.280000686645508,21.649999618530273,21.030000686645508,21.43000030517578,183400,0.0,0.0
2024-12-12 00:00:00-05:00,21.270000457763672,21.639999389648438,20.899999618530273,21.489999771118164,208100,0.0,0.0
2024-12-13 00:00:00-05:00,21.489999771118164,21.700000762939453,20.989999771118164,21.110000610351562,372900,0.0,0.0
2024-12-16 00:00:00-05:00,20.90999984741211,23.040000915527344,20.829999923706055,22.739999771118164,445000,0.0,0.0
2024-12-17 00:00:00-05:00,22.579999923706055,22.920000076293945,21.739999771118164,22.040000915527344,396300,0.0,0.0
2024-12-18 00:00:00-05:00,22.040000915527344,23.530000686645508,21.280000686645508,21.34000015258789,476700,0.0,0.0
2024-12-19 00:00:00-05:00,21.68000030517578,22.43000030517578,20.899999618530273,21.18000030517578,250000,0.0,0.0
2024-12-20 00:00:00-05:00,20.969999313354492,21.75,20.59000015258789,20.84000015258789,1472400,0.0,0.0
2024-12-23 00:00:00-05:00,20.649999618530273,20.84000015258789,20.149999618530273,20.3799991607666,280700,0.0,0.0
2024-12-24 00:00:00-05:00,20.40999984741211,20.760000228881836,20.09000015258789,20.649999618530273,128500,0.0,0.0
2024-12-26 00:00:00-05:00,20.40999984741211,20.90999984741211,20.100000381469727,20.780000686645508,164800,0.0,0.0
2024-12-27 00:00:00-05:00,20.6299991607666,20.8799991607666,20.100000381469727,20.459999084472656,195000,0.0,0.0
2024-12-30 00:00:00-05:00,20.290000915527344,21.09000015258789,20.049999237060547,20.690000534057617,224700,0.0,0.0
2024-12-31 00:00:00-05:00,20.829999923706055,21.309999465942383,20.760000228881836,20.889999389648438,156200,0.0,0.0
2025-01-02 00:00:00-05:00,21.059999465942383,21.229999542236328,20.389999389648438,20.59000015258789,204300,0.0,0.0
2025-01-03 00:00:00-05:00,20.700000762939453,20.829999923706055,20.329999923706055,20.530000686645508,208200,0.0,0.0
2025-01-06 00:00:00-05:00,20.579999923706055,20.889999389648438,20.43000030517578,20.670000076293945,245900,0.0,0.0
2025-01-07 00:00:00-05:00,20.739999771118164,21.010000228881836,20.06999969482422,20.360000610351562,243200,0.0,0.0
2025-01-08 00:00:00-05:00,20.049999237060547,20.200000762939453,19.739999771118164,20.0,246800,0.0,0.0
2025-01-10 00:00:00-05:00,19.540000915527344,19.829999923706055,19.170000076293945,19.600000381469727,244100,0.0,0.0
2025-01-13 00:00:00-05:00,19.739999771118164,19.920000076293945,19.270000457763672,19.81999969482422,271200,0.0,0.0
2025-01-14 00:00:00-05:00,20.1299991607666,20.6200008392334,19.850000381469727,20.149999618530273,368700,0.0,0.0
2025-01-15 00:00:00-05:00,20.739999771118164,20.84000015258789,20.3799991607666,20.75,208800,0.0,0.0
2025-01-16 00:00:00-05:00,20.6299991607666,21.209999084472656,20.549999237060547,21.170000076293945,235900,0.0,0.0
2025-01-17 00:00:00-05:00,21.549999237060547,21.610000610351562,20.850000381469727,21.309999465942383,217400,0.0,0.0
2025-01-21 00:00:00-05:00,21.5,21.709999084472656,21.270000457763672,21.3799991607666,225700,0.0,0.0
2025-01-22 00:00:00-05:00,21.18000030517578,21.469999313354492,20.889999389648438,21.239999771118164,211200,0.0,0.0
2025-01-23 00:00:00-05:00,21.110000610351562,21.790000915527344,21.110000610351562,21.719999313354492,215300,0.0,0.0
2025-01-24 00:00:00-05:00,21.8700008392334,22.020000457763672,21.489999771118164,21.719999313354492,180200,0.0,0.0
2025-01-27 00:00:00-05:00,21.75,22.530000686645508,21.610000610351562,22.299999237060547,257600,0.0,0.0
2025-01-28 00:00:00-05:00,22.239999771118164,22.239999771118164,21.790000915527344,22.0,150500,0.0,0.0
2025-01-29 00:00:00-05:00,21.90999984741211,22.149999618530273,21.40999984741211,21.719999313354492,169300,0.0,0.0
2025-01-30 00:00:00-05:00,21.959999084472656,22.739999771118164,21.959999084472656,22.6200008392334,200900,0.0,0.0
2025-01-31 00:00:00-05:00,22.520000457763672,22.56999969482422,21.920000076293945,22.110000610351562,280400,0.0,0.0
2025-02-03 00:00:00-05:00,21.510000228881836,22.030000686645508,21.1299991607666,21.799999237060547,185300,0.0,0.0
2025-02-04 00:00:00-05:00,21.649999618530273,22.18000030517578,21.5,22.170000076293945,101000,0.0,0.0
2025-02-05 00:00:00-05:00,22.31999969482422,22.790000915527344,21.610000610351562,22.780000686645508,220000,0.0,0.0
2025-02-06 00:00:00-05:00,23.0,23.3799991607666,22.799999237060547,23.260000228881836,203200,0.0,0.0
2025-02-07 00:00:00-05:00,23.15999984741211,23.200000762939453,22.709999084472656,23.149999618530273,186100,0.0,0.0
2025-02-10 00:00:00-05:00,23.350000381469727,23.389999389648438,22.709999084472656,23.229999542236328,193900,0.0,0.0
2025-02-11 00:00:00-05:00,22.979999542236328,23.520000457763672,22.899999618530273,23.489999771118164,138500,0.0,0.0
2025-02-12 00:00:00-05:00,23.209999084472656,23.31999969482422,22.90999984741211,23.209999084472656,166800,0.0,0.0
2025-02-13 00:00:00-05:00,23.360000610351562,23.530000686645508,22.93000030517578,23.489999771118164,145000,0.0,0.0
2025-02-14 00:00:00-05:00,23.649999618530273,23.8700008392334,23.450000762939453,23.670000076293945,126000,0.0,0.0
2025-02-18 00:00:00-05:00,23.639999389648438,23.969999313354492,23.34000015258789,23.950000762939453,184400,0.0,0.0
2025-02-19 00:00:00-05:00,23.579999923706055,23.940000534057617,23.18000030517578,23.65999984741211,348800,0.0,0.0
2025-02-20 00:00:00-05:00,23.399999618530273,23.690000534057617,21.6200008392334,22.670000076293945,584600,0.0,0.0
2025-02-21 00:00:00-05:00,22.940000534057617,23.360000610351562,22.030000686645508,22.56999969482422,344700,0.0,0.0
2025-02-24 00:00:00-05:00,22.809999465942383,22.809999465942383,21.790000915527344,21.90999984741211,357900,0.0,0.0
2025-02-25 00:00:00-05:00,22.309999465942383,22.420000076293945,21.850000381469727,22.25,264600,0.0,0.0
2025-02-26 00:00:00-05:00,22.190000534057617,22.31999969482422,21.440000534057617,21.6200008392334,215100,0.0,0.0
2025-02-27 00:00:00-05:00,21.459999084472656,22.170000076293945,20.68000030517578,20.90999984741211,314500,0.0,0.0
2025-02-28 00:00:00-05:00,20.860000610351562,21.049999237060547,20.459999084472656,20.93000030517578,437300,0.0,0.0
2025-03-03 00:00:00-05:00,21.010000228881836,21.450000762939453,19.8799991607666,20.010000228881836,332400,0.0,0.0
2025-03-04 00:00:00-05:00,19.700000762939453,20.059999465942383,19.260000228881836,19.709999084472656,418200,0.0,0.0
2025-03-05 00:00:00-05:00,19.799999237060547,20.1200008392334,19.5,20.0,282000,0.0,0.0
2025-03-06 00:00:00-05:00,19.770000457763672,20.40999984741211,19.489999771118164,20.1299991607666,274800,0.0,0.0
2025-03-07 00:00:00-05:00,20.459999084472656,20.799999237060547,19.709999084472656,19.889999389648438,412100,0.0,0.0
2025-03-10 00:00:00-04:00,19.540000915527344,19.770000457763672,18.649999618530273,18.850000381469727,679600,0.0,0.0
2025-03-11 00:00:00-04:00,19.0,19.329999923706055,18.729999542236328,18.979999542236328,708500,0.0,0.0
2025-03-12 00:00:00-04:00,19.219999313354492,19.219999313354492,18.09000015258789,19.020000457763672,568400,0.0,0.0
2025-03-13 00:00:00-04:00,19.0,19.25,18.440000534057617,18.81999969482422,392800,0.0,0.0
2025-03-14 00:00:00-04:00,19.040000915527344,20.100000381469727,18.709999084472656,19.600000381469727,475900,0.0,0.0
2025-03-17 00:00:00-04:00,19.489999771118164,20.020000457763672,19.200000762939453,19.579999923706055,325600,0.0,0.0
2025-03-18 00:00:00-04:00,19.420000076293945,19.790000915527344,19.1299991607666,19.690000534057617,283300,0.0,0.0
2025-03-19 00:00:00-04:00,19.639999389648438,20.030000686645508,19.540000915527344,19.889999389648438,300100,0.0,0.0
2025-03-20 00:00:00-04:00,19.809999465942383,20.479999542236328,19.809999465942383,20.40999984741211,242100,0.0,0.0
2025-03-21 00:00:00-04:00,20.139999389648438,20.559999465942383,19.90999984741211,20.3700008392334,618900,0.0,0.0
2025-03-24 00:00:00-04:00,20.579999923706055,21.219999313354492,20.489999771118164,21.06999969482422,313500,0.0,0.0
2025-03-25 00:00:00-04:00,21.030000686645508,21.329999923706055,20.899999618530273,20.93000030517578,209600,0.0,0.0
2025-03-26 00:00:00-04:00,21.0,21.0,20.610000610351562,20.729999542236328,156300,0.0,0.0
2025-03-27 00:00:00-04:00,20.81999969482422,21.280000686645508,20.350000381469727,21.049999237060547,378400,0.0,0.0
2025-03-28 00:00:00-04:00,20.989999771118164,21.09000015258789,20.440000534057617,20.520000457763672,255000,0.0,0.0
2025-03-31 00:00:00-04:00,20.209999084472656,20.829999923706055,20.200000762939453,20.6200008392334,250800,0.0,0.0
2025-04-01 00:00:00-04:00,20.530000686645508,21.389999389648438,20.530000686645508,21.350000381469727,301900,0.0,0.0
2025-04-02 00:00:00-04:00,21.010000228881836,22.010000228881836,20.920000076293945,21.959999084472656,221500,0.0,0.0
2025-04-03 00:00:00-04:00,20.969999313354492,21.8799991607666,20.40999984741211,20.489999771118164,363700,0.0,0.0
2025-04-04 00:00:00-04:00,19.719999313354492,20.049999237060547,18.59000015258789,19.15999984741211,464300,0.0,0.0
2025-04-07 00:00:00-04:00,18.280000686645508,19.520000457763672,17.5,17.940000534057617,440800,0.0,0.0
2025-04-08 00:00:00-04:00,18.209999084472656,18.81999969482422,15.9399995803833,16.25,626000,0.0,0.0
2025-04-09 00:00:00-04:00,16.100000381469727,18.469999313354492,15.949999809265137,18.049999237060547,499600,0.0,0.0
2025-04-10 00:00:00-04:00,17.75,17.799999237060547,16.40999984741211,16.65999984741211,473700,0.0,0.0
2025-04-11 00:00:00-04:00,16.610000610351562,16.809999465942383,15.989999771118164,16.719999313354492,638900,0.0,0.0
2025-04-14 00:00:00-04:00,17.09000015258789,17.360000610351562,16.649999618530273,17.030000686645508,236300,0.0,0.0
2025-04-15 00:00:00-04:00,17.049999237060547,17.450000762939453,16.959999084472656,17.100000381469727,208100,0.0,0.0
2025-04-16 00:00:00-04:00,17.700000762939453,17.700000762939453,16.469999313354492,16.639999389648438,209000,0.0,0.0
2025-04-17 00:00:00-04:00,16.540000915527344,17.09000015258789,16.540000915527344,17.010000228881836,349300,0.0,0.0
2025-04-21 00:00:00-04:00,16.81999969482422,16.959999084472656,16.020000457763672,16.469999313354492,245400,0.0,0.0
2025-04-22 00:00:00-04:00,16.729999542236328,17.239999771118164,16.56999969482422,17.209999084472656,228500,0.0,0.0
2025-04-23 00:00:00-04:00,17.719999313354492,18.110000610351562,17.3799991607666,17.450000762939453,260000,0.0,0.0
2025-04-24 00:00:00-04:00,17.84000015258789,18.399999618530273,17.399999618530273,18.360000610351562,217600,0.0,0.0
2025-04-25 00:00:00-04:00,18.09000015258789,18.360000610351562,18.0,18.25,181100,0.0,0.0
2025-04-28 00:00:00-04:00,18.239999771118164,18.6299991607666,18.219999313354492,18.530000686645508,332800,0.0,0.0
2025-04-29 00:00:00-04:00,18.440000534057617,18.670000076293945,18.030000686645508,18.559999465942383,185000,0.0,0.0
2025-04-30 00:00:00-04:00,18.190000534057617,18.600000381469727,17.729999542236328,18.299999237060547,291900,0.0,0.0
2025-05-01 00:00:00-04:00,18.329999923706055,18.579999923706055,18.260000228881836,18.389999389648438,169800,0.0,0.0
2025-05-02 00:00:00-04:00,18.559999465942383,19.5,18.290000915527344,19.299999237060547,289800,0.0,0.0
2025-05-05 00:00:00-04:00,19.15999984741211,19.829999923706055,19.15999984741211,19.200000762939453,379400,0.0,0.0
2025-05-06 00:00:00-04:00,14.449999809265137,15.850000381469727,12.90999984741211,13.569999694824219,3062900,0.0,0.0
2025-05-07 00:00:00-04:00,13.8100004196167,14.149999618530273,13.0,13.279999732971191,1320300,0.0,0.0
2025-05-08 00:00:00-04:00,13.649999618530273,14.1899995803833,13.380000114440918,13.6899995803833,867700,0.0,0.0
2025-05-09 00:00:00-04:00,13.710000038146973,14.109999656677246,13.4399995803833,13.4399995803833,612400,0.0,0.0
2025-05-12 00:00:00-04:00,14.479999542236328,15.260000228881836,14.34000015258789,14.859999656677246,978300,0.0,0.0
2025-05-13 00:00:00-04:00,15.010000228881836,15.520000457763672,14.859999656677246,15.220000267028809,981000,0.0,0.0
2025-05-14 00:00:00-04:00,15.140000343322754,15.569999694824219,15.09000015258789,15.3100004196167,1264300,0.0,0.0
2025-05-15 00:00:00-04:00,15.3100004196167,15.59000015258789,15.109999656677246,15.369999885559082,540500,0.0,0.0
2025-05-16 00:00:00-04:00,15.479999542236328,15.859999656677246,15.369999885559082,15.489999771118164,619100,0.0,0.0
2025-05-19 00:00:00-04:00,15.170000076293945,15.399999618530273,14.649999618530273,14.8100004196167,377300,0.0,0.0
2025-05-20 00:00:00-04:00,14.819999694824219,14.890000343322754,14.420000076293945,14.84000015258789,520900,0.0,0.0
2025-05-21 00:00:00-04:00,14.670000076293945,14.670000076293945,13.539999961853027,13.5600004196167,403800,0.0,0.0
2025-05-22 00:00:00-04:00,13.460000038146973,13.9399995803833,13.3100004196167,13.8100004196167,555700,0.0,0.0
2025-05-23 00:00:00-04:00,13.319999694824219,13.890000343322754,13.220000267028809,13.630000114440918,453400,0.0,0.0
2025-05-27 00:00:00-04:00,13.890000343322754,14.140000343322754,13.609999656677246,13.9399995803833,451300,0.0,0.0
2025-05-28 00:00:00-04:00,13.890000343322754,14.09000015258789,13.75,13.84000015258789,425500,0.0,0.0
2025-05-29 00:00:00-04:00,13.960000038146973,14.369999885559082,13.800000190734863,14.180000305175781,512500,0.0,0.0
2025-05-30 00:00:00-04:00,14.109999656677246,14.300000190734863,13.9399995803833,14.1899995803833,450100,0.0,0.0
2025-06-02 00:00:00-04:00,14.15999984741211,14.170000076293945,13.789999961853027,14.050000190734863,489500,0.0,0.0
2025-06-03 00:00:00-04:00,14.0600004196167,14.5,13.859999656677246,14.420000076293945,675200,0.0,0.0
2025-06-04 00:00:00-04:00,14.390000343322754,14.619999885559082,14.270000457763672,14.390000343322754,482000,0.0,0.0
2025-06-05 00:00:00-04:00,14.369999885559082,14.550000190734863,14.100000381469727,14.1899995803833,391600,0.0,0.0
2025-06-06 00:00:00-04:00,14.380000114440918,14.829999923706055,14.359999656677246,14.6899995803833,491300,0.0,0.0
2025-06-09 00:00:00-04:00,14.800000190734863,14.970000267028809,14.489999771118164,14.649999618530273,325900,0.0,0.0
2025-06-10 00:00:00-04:00,14.779999732971191,15.1899995803833,14.609999656677246,15.0600004196167,442000,0.0,0.0
2025-06-11 00:00:00-04:00,15.130000114440918,15.460000038146973,14.9399995803833,15.130000114440918,459800,0.0,0.0
2025-06-12 00:00:00-04:00,15.0,15.140000343322754,14.65999984741211,14.930000305175781,352500,0.0,0.0
2025-06-13 00:00:00-04:00,14.5600004196167,14.819999694824219,14.470000267028809,14.550000190734863,389500,0.0,0.0
2025-06-16 00:00:00-04:00,14.760000228881836,14.979999542236328,14.649999618530273,14.710000038146973,456800,0.0,0.0
2025-06-17 00:00:00-04:00,14.5,14.800000190734863,14.359999656677246,14.430000305175781,628300,0.0,0.0
2025-06-18 00:00:00-04:00,14.420000076293945,14.800000190734863,14.109999656677246,14.640000343322754,452800,0.0,0.0
2025-06-20 00:00:00-04:00,14.680000305175781,14.9399995803833,14.510000228881836,14.680000305175781,1344200,0.0,0.0
2025-06-23 00:00:00-04:00,14.600000381469727,14.800000190734863,14.239999771118164,14.75,752800,0.0,0.0
2025-06-24 00:00:00-04:00,15.0,15.399999618530273,14.930000305175781,15.289999961853027,529100,0.0,0.0
2025-06-25 00:00:00-04:00,15.359999656677246,15.359999656677246,14.829999923706055,14.84000015258789,357600,0.0,0.0
2025-06-26 00:00:00-04:00,14.850000381469727,15.920000076293945,14.6899995803833,15.239999771118164,798700,0.0,0.0
2025-06-27 00:00:00-04:00,15.279999732971191,15.4399995803833,14.920000076293945,15.09000015258789,568400,0.0,0.0
2025-06-30 00:00:00-04:00,15.25,15.25,14.729999542236328,14.75,334200,0.0,0.0
2025-07-01 00:00:00-04:00,14.619999885559082,15.65999984741211,14.619999885559082,15.199999809265137,294700,0.0,0.0
2025-07-02 00:00:00-04:00,15.220000267028809,15.600000381469727,15.199999809265137,15.380000114440918,295000,0.0,0.0
2025-07-03 00:00:00-04:00,15.520000457763672,15.739999771118164,15.5,15.619999885559082,203200,0.0,0.0
2025-07-07 00:00:00-04:00,15.390000343322754,15.739999771118164,15.289999961853027,15.380000114440918,263100,0.0,0.0
2025-07-08 00:00:00-04:00,15.529999732971191,16.100000381469727,15.460000038146973,15.8100004196167,402100,0.0,0.0
2025-07-09 00:00:00-04:00,15.850000381469727,16.190000534057617,15.760000228881836,16.100000381469727,328400,0.0,0.0
2025-07-10 00:00:00-04:00,16.06999969482422,16.40999984741211,15.25,16.239999771118164,333300,0.0,0.0
2025-07-11 00:00:00-04:00,16.34000015258789,16.34000015258789,15.6899995803833,15.789999961853027,269700,0.0,0.0
2025-07-14 00:00:00-04:00,15.710000038146973,15.869999885559082,15.430000305175781,15.859999656677246,220900,0.0,0.0
2025-07-15 00:00:00-04:00,15.90999984741211,15.920000076293945,15.390000343322754,15.390000343322754,260900,0.0,0.0
2025-07-16 00:00:00-04:00,15.4399995803833,15.609999656677246,15.1899995803833,15.529999732971191,449800,0.0,0.0
2025-07-17 00:00:00-04:00,15.4399995803833,15.989999771118164,15.3100004196167,15.869999885559082,287500,0.0,0.0
2025-07-18 00:00:00-04:00,15.989999771118164,16.15999984741211,15.479999542236328,15.579999923706055,296600,0.0,0.0
2025-07-21 00:00:00-04:00,15.760000228881836,15.819999694824219,15.460000038146973,15.470000267028809,262200,0.0,0.0
2025-07-22 00:00:00-04:00,15.449999809265137,16.0,15.449999809265137,15.770000457763672,276900,0.0,0.0
2025-07-23 00:00:00-04:00,15.970000267028809,16.489999771118164,15.789999961853027,16.389999389648438,301200,0.0,0.0
2025-07-24 00:00:00-04:00,16.360000610351562,16.3799991607666,15.930000305175781,15.9399995803833,277100,0.0,0.0
2025-07-25 00:00:00-04:00,15.949999809265137,16.020000457763672,15.699999809265137,15.75,252500,0.0,0.0
2025-07-28 00:00:00-04:00,15.760000228881836,15.8100004196167,15.5600004196167,15.649999618530273,245800,0.0,0.0
2025-07-29 00:00:00-04:00,15.710000038146973,15.930000305175781,15.59000015258789,15.680000305175781,288900,0.0,0.0
2025-07-30 00:00:00-04:00,15.9399995803833,15.989999771118164,15.399999618530273,15.539999961853027,246100,0.0,0.0
2025-07-31 00:00:00-04:00,15.329999923706055,15.550000190734863,15.039999961853027,15.199999809265137,355800,0.0,0.0
2025-08-01 00:00:00-04:00,14.800000190734863,15.100000381469727,14.550000190734863,15.0600004196167,380800,0.0,0.0
2025-08-04 00:00:00-04:00,15.229999542236328,15.699999809265137,15.15999984741211,15.630000114440918,370500,0.0,0.0
2025-08-05 00:00:00-04:00,18.56999969482422,18.56999969482422,15.449999809265137,15.5600004196167,951300,0.0,0.0
2025-08-06 00:00:00-04:00,15.59000015258789,15.829999923706055,15.199999809265137,15.630000114440918,379400,0.0,0.0
2025-08-07 00:00:00-04:00,15.800000190734863,16.0,15.59000015258789,15.65999984741211,358000,0.0,0.0
2025-08-08 00:00:00-04:00,15.710000038146973,16.540000915527344,15.1899995803833,15.40999984741211,266500,0.0,0.0
2025-08-11 00:00:00-04:00,15.40999984741211,15.609999656677246,15.220000267028809,15.270000457763672,251200,0.0,0.0
2025-08-12 00:00:00-04:00,15.880000114440918,16.290000915527344,15.380000114440918,16.15999984741211,304400,0.0,0.0
2025-08-13 00:00:00-04:00,16.280000686645508,16.649999618530273,16.100000381469727,16.6299991607666,296100,0.0,0.0
2025-08-14 00:00:00-04:00,16.309999465942383,16.559999465942383,16.15999984741211,16.510000228881836,210700,0.0,0.0
2025-08-15 00:00:00-04:00,16.6200008392334,16.670000076293945,15.859999656677246,16.200000762939453,373600,0.0,0.0
2025-08-18 00:00:00-04:00,16.139999389648438,16.34000015258789,15.970000267028809,16.309999465942383,307100,0.0,0.0
2025-08-19 00:00:00-04:00,16.399999618530273,16.6299991607666,16.31999969482422,16.6299991607666,203300,0.0,0.0
2025-08-20 00:00:00-04:00,16.639999389648438,16.739999771118164,16.139999389648438,16.239999771118164,171000,0.0,0.0
2025-08-21 00:00:00-04:00,16.06999969482422,16.239999771118164,15.989999771118164,16.18000030517578,193300,0.0,0.0
2025-08-22 00:00:00-04:00,16.290000915527344,17.489999771118164,16.209999084472656,17.34000015258789,320300,0.0,0.0
2025-08-25 00:00:00-04:00,17.219999313354492,17.389999389648438,17.1200008392334,17.239999771118164,233000,0.0,0.0
2025-08-26 00:00:00-04:00,17.229999542236328,17.329999923706055,17.09000015258789,17.139999389648438,205500,0.0,0.0
2025-08-27 00:00:00-04:00,17.020000457763672,17.299999237060547,16.969999313354492,17.09000015258789,149900,0.0,0.0
2025-08-28 00:00:00-04:00,17.18000030517578,17.3799991607666,16.84000015258789,16.950000762939453,230700,0.0,0.0
2025-08-29 00:00:00-04:00,16.950000762939453,17.149999618530273,16.8799991607666,17.09000015258789,163500,0.0,0.0
2025-09-02 00:00:00-04:00,16.809999465942383,16.920000076293945,16.639999389648438,16.899999618530273,171700,0.0,0.0
2025-09-03 00:00:00-04:00,16.729999542236328,16.989999771118164,16.700000762939453,16.8799991607666,164300,0.0,0.0
2025-09-04 00:00:00-04:00,16.93000030517578,16.979999542236328,16.700000762939453,16.959999084472656,151700,0.0,0.0
2025-09-05 00:00:00-04:00,17.079999923706055,17.450000762939453,16.920000076293945,17.18000030517578,181500,0.0,0.0
2025-09-08 00:00:00-04:00,17.25,17.399999618530273,16.84000015258789,17.209999084472656,215800,0.0,0.0
2025-09-09 00:00:00-04:00,17.229999542236328,17.229999542236328,16.8799991607666,16.899999618530273,176700,0.0,0.0
2025-09-10 00:00:00-04:00,16.829999923706055,16.8799991607666,16.56999969482422,16.700000762939453,178600,0.0,0.0
2025-09-11 00:00:00-04:00,16.65999984741211,17.360000610351562,16.65999984741211,17.31999969482422,246400,0.0,0.0
2025-09-12 00:00:00-04:00,17.170000076293945,17.329999923706055,16.770000457763672,16.81999969482422,182700,0.0,0.0
2025-09-15 00:00:00-04:00,16.889999389648438,17.020000457763672,16.610000610351562,16.670000076293945,265200,0.0,0.0
2025-09-16 00:00:00-04:00,16.68000030517578,16.760000228881836,16.40999984741211,16.59000015258789,323300,0.0,0.0
2025-09-17 00:00:00-04:00,16.56999969482422,17.459999084472656,16.420000076293945,16.700000762939453,435400,0.0,0.0
2025-09-18 00:00:00-04:00,16.829999923706055,17.399999618530273,16.719999313354492,17.290000915527344,464000,0.0,0.0
2025-09-19 00:00:00-04:00,17.3700008392334,17.3700008392334,16.510000228881836,16.579999923706055,950300,0.0,0.0
2025-09-22 00:00:00-04:00,16.530000686645508,16.959999084472656,16.5,16.700000762939453,448500,0.0,0.0
2025-09-23 00:00:00-04:00,16.860000610351562,17.059999465942383,16.3700008392334,16.440000534057617,484800,0.0,0.0
2025-09-24 00:00:00-04:00,16.440000534057617,16.540000915527344,15.829999923706055,15.869999885559082,196200,0.0,0.0
2025-09-25 00:00:00-04:00,15.729999542236328,15.9399995803833,15.539999961853027,15.899999618530273,205500,0.0,0.0
2025-09-26 00:00:00-04:00,15.920000076293945,16.100000381469727,15.779999732971191,16.040000915527344,223400,0.0,0.0
2025-09-29 00:00:00-04:00,16.170000076293945,16.209999084472656,15.720000267028809,15.979999542236328,340200,0.0,0.0
2025-09-30 00:00:00-04:00,15.850000381469727,16.030000686645508,14.930000305175781,15.4399995803833,333200,0.0,0.0
2025-10-01 00:00:00-04:00,15.369999885559082,15.579999923706055,15.020000457763672,15.210000038146973,265000,0.0,0.0
2025-10-02 00:00:00-04:00,15.15999984741211,15.25,14.899999618530273,15.039999961853027,275300,0.0,0.0
2025-10-03 00:00:00-04:00,15.039999961853027,15.279999732971191,14.789999961853027,14.850000381469727,281400,0.0,0.0
2025-10-06 00:00:00-04:00,14.899999618530273,15.359999656677246,14.109999656677246,14.15999984741211,439500,0.0,0.0
2025-10-07 00:00:00-04:00,14.100000381469727,14.199999809265137,13.789999961853027,13.880000114440918,283500,0.0,0.0
2025-10-08 00:00:00-04:00,13.899999618530273,14.229999542236328,13.819999694824219,13.9399995803833,270000,0.0,0.0
2025-10-09 00:00:00-04:00,13.890000343322754,13.949999809265137,13.619999885559082,13.729999542236328,227300,0.0,0.0
2025-10-10 00:00:00-04:00,13.760000228881836,14.0,13.369999885559082,13.390000343322754,279200,0.0,0.0
2025-10-13 00:00:00-04:00,13.550000190734863,13.729999542236328,13.369999885559082,13.609999656677246,258800,0.0,0.0
2025-10-14 00:00:00-04:00,13.4399995803833,14.4399995803833,13.4399995803833,14.3100004196167,530300,0.0,0.0
2025-10-15 00:00:00-04:00,14.489999771118164,14.600000381469727,13.9399995803833,13.949999809265137,263500,0.0,0.0
2025-10-16 00:00:00-04:00,14.079999923706055,14.1899995803833,13.25,13.329999923706055,267100,0.0,0.0
2025-10-17 00:00:00-04:00,13.270000457763672,13.670000076293945,13.270000457763672,13.529999732971191,271000,0.0,0.0
2025-10-20 00:00:00-04:00,13.680000305175781,13.8100004196167,13.489999771118164,13.75,341400,0.0,0.0
2025-10-21 00:00:00-04:00,13.75,14.180000305175781,13.699999809265137,14.029999732971191,223700,0.0,0.0
2025-10-22 00:00:00-04:00,14.0600004196167,14.270000457763672,13.970000267028809,14.199999809265137,270300,0.0,0.0
2025-10-23 00:00:00-04:00,14.229999542236328,14.390000343322754,14.050000190734863,14.3100004196167,239300,0.0,0.0
2025-10-24 00:00:00-04:00,14.479999542236328,14.84000015258789,14.460000038146973,14.760000228881836,199800,0.0,0.0
2025-10-27 00:00:00-04:00,14.819999694824219,14.979999542236328,14.609999656677246,14.789999961853027,174500,0.0,0.0
2025-10-28 00:00:00-04:00,14.65999984741211,14.739999771118164,14.4399995803833,14.649999618530273,246800,0.0,0.0
2025-10-29 00:00:00-04:00,14.550000190734863,14.569999694824219,13.729999542236328,13.930000305175781,242400,0.0,0.0
2025-10-30 00:00:00-04:00,13.829999923706055,14.300000190734863,13.6899995803833,13.729999542236328,295300,0.0,0.0
2025-10-31 00:00:00-04:00,13.649999618530273,13.84000015258789,13.5600004196167,13.710000038146973,266000,0.0,0.0
2025-11-03 00:00:00-05:00,13.720000267028809,14.699999809265137,13.40999984741211,14.649999618530273,466600,0.0,0.0
2025-11-04 00:00:00-05:00,14.289999961853027,14.319999694824219,12.289999961853027,13.039999961853027,999800,0.0,0.0
2025-11-05 00:00:00-05:00,13.050000190734863,13.899999618530273,12.829999923706055,13.5600004196167,644400,0.0,0.0
2025-11-06 00:00:00-05:00,13.65999984741211,14.3100004196167,13.600000381469727,13.65999984741211,462400,0.0,0.0
2025-11-07 00:00:00-05:00,13.720000267028809,14.979999542236328,13.630000114440918,14.75,634200,0.0,0.0
2025-11-10 00:00:00-05:00,14.890000343322754,15.600000381469727,14.699999809265137,15.25,607600,0.0,0.0
2025-11-11 00:00:00-05:00,15.380000114440918,16.040000915527344,15.180000305175781,16.0,459100,0.0,0.0
2025-11-12 00:00:00-05:00,15.949999809265137,16.31999969482422,15.75,15.960000038146973,378500,0.0,0.0
2025-11-13 00:00:00-05:00,15.890000343322754,16.25,15.760000228881836,15.930000305175781,538400,0.0,0.0
2025-11-14 00:00:00-05:00,15.829999923706055,16.389999389648438,15.710000038146973,16.329999923706055,372700,0.0,0.0
2025-11-17 00:00:00-05:00,16.309999465942383,16.559999465942383,15.720000267028809,16.010000228881836,451000,0.0,0.0
2025-11-18 00:00:00-05:00,15.970000267028809,16.399999618530273,15.930000305175781,16.360000610351562,402100,0.0,0.0
2025-11-19 00:00:00-05:00,16.309999465942383,16.540000915527344,15.970000267028809,16.200000762939453,362600,0.0,0.0
2025-11-20 00:00:00-05:00,16.239999771118164,16.479999542236328,15.140000343322754,15.239999771118164,392100,0.0,0.0
2025-11-21 00:00:00-05:00,15.329999923706055,15.970000267028809,15.25,15.539999961853027,496100,0.0,0.0
2025-11-24 00:00:00-05:00,15.470000267028809,15.470000267028809,15.039999961853027,15.1899995803833,714400,0.0,0.0
2025-11-25 00:00:00-05:00,15.289999961853027,16.049999237060547,15.260000228881836,15.970000267028809,690600,0.0,0.0
2025-11-26 00:00:00-05:00,15.90999984741211,16.56999969482422,15.850000381469727,16.280000686645508,456200,0.0,0.0
2025-11-28 00:00:00-05:00,16.299999237060547,16.459999084472656,16.06999969482422,16.200000762939453,159300,0.0,0.0
2025-12-01 00:00:00-05:00,15.979999542236328,16.34000015258789,15.699999809265137,16.290000915527344,296300,0.0,0.0
2025-12-02 00:00:00-05:00,16.31999969482422,16.65999984741211,15.899999618530273,16.56999969482422,493500,0.0,0.0
2025-12-03 00:00:00-05:00,16.68000030517578,17.110000610351562,16.579999923706055,17.09000015258789,283200,0.0,0.0
2025-12-04 00:00:00-05:00,17.010000228881836,17.299999237060547,16.979999542236328,17.229999542236328,193900,0.0,0.0
2025-12-05 00:00:00-05:00,17.209999084472656,17.3799991607666,17.0,17.079999923706055,247300,0.0,0.0
2025-12-08 00:00:00-05:00,17.299999237060547,17.469999313354492,17.030000686645508,17.350000381469727,236900,0.0,0.0
2025-12-09 00:00:00-05:00,17.290000915527344,17.489999771118164,16.770000457763672,17.25,309800,0.0,0.0
2025-12-10 00:00:00-05:00,17.219999313354492,18.3700008392334,17.040000915527344,18.06999969482422,369700,0.0,0.0
2025-12-11 00:00:00-05:00,18.110000610351562,18.350000381469727,17.780000686645508,18.010000228881836,383900,0.0,0.0
2025-12-12 00:00:00-05:00,18.15999984741211,18.170000076293945,17.290000915527344,17.3799991607666,440300,0.0,0.0
2025-12-15 00:00:00-05:00,17.440000534057617,17.75,16.479999542236328,16.6299991607666,405700,0.0,0.0
2025-12-16 00:00:00-05:00,16.690000534057617,17.309999465942383,16.6299991607666,16.90999984741211,498500,0.0,0.0
2025-12-17 00:00:00-05:00,16.90999984741211,17.290000915527344,16.75,16.81999969482422,492600,0.0,0.0
2025-12-18 00:00:00-05:00,16.959999084472656,16.969999313354492,16.549999237060547,16.81999969482422,486000,0.0,0.0
2025-12-19 00:00:00-05:00,16.709999084472656,17.100000381469727,16.59000015258789,16.940000534057617,1905500,0.0,0.0
2025-12-22 00:00:00-05:00,16.959999084472656,17.549999237060547,16.940000534057617,17.520000457763672,373500,0.0,0.0
2025-12-23 00:00:00-05:00,17.510000228881836,17.610000610351562,16.969999313354492,17.3700008392334,337900,0.0,0.0
2025-12-24 00:00:00-05:00,17.360000610351562,17.670000076293945,17.260000228881836,17.520000457763672,117800,0.0,0.0
2025-12-26 00:00:00-05:00,17.479999542236328,17.729999542236328,17.389999389648438,17.6200008392334,146800,0.0,0.0
2025-12-29 00:00:00-05:00,17.649999618530273,17.770000457763672,17.030000686645508,17.709999084472656,263100,0.0,0.0
2025-12-30 00:00:00-05:00,17.649999618530273,17.809999465942383,17.520000457763672,17.719999313354492,163000,0.0,0.0
2025-12-31 00:00:00-05:00,17.719999313354492,17.739999771118164,17.389999389648438,17.690000534057617,232600,0.0,0.0
2026-01-02 00:00:00-05:00,17.760000228881836,17.760000228881836,17.290000915527344,17.479999542236328,274400,0.0,0.0
2026-01-05 00:00:00-05:00,17.420000076293945,18.020000457763672,17.420000076293945,17.68000030517578,244400,0.0,0.0
2026-01-06 00:00:00-05:00,17.6200008392334,17.6200008392334,16.790000915527344,16.989999771118164,280300,0.0,0.0
2026-01-07 00:00:00-05:00,17.139999389648438,17.170000076293945,16.559999465942383,16.889999389648438,345400,0.0,0.0
2026-01-08 00:00:00-05:00,16.75,17.149999618530273,16.690000534057617,17.110000610351562,240800,0.0,0.0
2026-01-09 00:00:00-05:00,17.1200008392334,17.780000686645508,16.8799991607666,17.549999237060547,246100,0.0,0.0
2026-01-12 00:00:00-05:00,17.3700008392334,17.3700008392334,16.600000381469727,16.700000762939453,215900,0.0,0.0
2026-01-13 00:00:00-05:00,16.719999313354492,16.790000915527344,16.450000762939453,16.579999923706055,276700,0.0,0.0
2026-01-14 00:00:00-05:00,16.530000686645508,16.670000076293945,16.190000534057617,16.469999313354492,247100,0.0,0.0
2026-01-15 00:00:00-05:00,16.520000457763672,16.959999084472656,16.389999389648438,16.549999237060547,329800,0.0,0.0
2026-01-16 00:00:00-05:00,16.520000457763672,16.700000762939453,16.459999084472656,16.639999389648438,236600,0.0,0.0
2026-01-20 00:00:00-05:00,16.190000534057617,16.329999923706055,15.710000038146973,15.75,228900,0.0,0.0
2026-01-21 00:00:00-05:00,15.760000228881836,16.389999389648438,15.760000228881836,16.3799991607666,274300,0.0,0.0
2026-01-22 00:00:00-05:00,16.549999237060547,17.270000457763672,16.520000457763672,16.65999984741211,298600,0.0,0.0
2026-01-23 00:00:00-05:00,16.510000228881836,16.579999923706055,15.8100004196167,15.90999984741211,181600,0.0,0.0
2026-01-26 00:00:00-05:00,15.850000381469727,16.31999969482422,15.770000457763672,16.170000076293945,193200,0.0,0.0
2026-01-27 00:00:00-05:00,16.139999389648438,16.15999984741211,15.5600004196167,15.8100004196167,247600,0.0,0.0
2026-01-28 00:00:00-05:00,15.15999984741211,15.15999984741211,12.899999618530273,12.960000038146973,1137800,0.0,0.0
2026-01-29 00:00:00-05:00,13.039999961853027,13.09000015258789,12.529999732971191,12.789999961853027,737200,0.0,0.0
2026-01-30 00:00:00-05:00,12.680000305175781,12.859999656677246,12.3100004196167,12.789999961853027,602800,0.0,0.0
2026-02-02 00:00:00-05:00,12.75,13.170000076293945,12.640000343322754,12.869999885559082,637300,0.0,0.0
2026-02-03 00:00:00-05:00,12.75,13.020000457763672,11.75,11.989999771118164,717000,0.0,0.0
2026-02-04 00:00:00-05:00,12.020000457763672,12.170000076293945,11.510000228881836,11.569999694824219,636800,0.0,0.0
2026-02-05 00:00:00-05:00,11.579999923706055,11.75,10.989999771118164,11.279999732971191,878100,0.0,0.0
2026-02-06 00:00:00-05:00,11.430000305175781,11.800000190734863,11.270000457763672,11.449999809265137,719600,0.0,0.0
2026-02-09 00:00:00-05:00,11.380000114440918,11.600000381469727,11.210000038146973,11.229999542236328,396900,0.0,0.0
2026-02-10 00:00:00-05:00,11.210000038146973,11.640000343322754,11.199999809265137,11.350000381469727,531400,0.0,0.0
2026-02-11 00:00:00-05:00,11.359999656677246,11.359999656677246,10.819999694824219,10.90999984741211,481100,0.0,0.0
2026-02-12 00:00:00-05:00,10.989999771118164,11.300000190734863,10.329999923706055,10.699999809265137,790100,0.0,0.0
2026-02-13 00:00:00-05:00,10.699999809265137,10.9399995803833,10.489999771118164,10.859999656677246,684800,0.0,0.0
2026-02-17 00:00:00-05:00,10.869999885559082,11.15999984741211,10.729999542236328,11.0,583800,0.0,0.0
2026-02-18 00:00:00-05:00,11.010000228881836,11.520000457763672,10.850000381469727,11.470000267028809,459400,0.0,0.0
2026-02-19 00:00:00-05:00,11.350000381469727,11.649999618530273,11.130000114440918,11.460000038146973,467800,0.0,0.0
2026-02-20 00:00:00-05:00,11.350000381469727,11.359999656677246,10.59000015258789,10.779999732971191,597800,0.0,0.0
2026-02-23 00:00:00-05:00,10.630000114440918,10.75,10.25,10.420000076293945,493800,0.0,0.0
2026-02-24 00:00:00-05:00,10.489999771118164,10.880000114440918,10.369999885559082,10.819999694824219,536000,0.0,0.0
2026-02-25 00:00:00-05:00,11.010000228881836,11.720000267028809,10.989999771118164,11.699999809265137,545200,0.0,0.0
2026-02-26 00:00:00-05:00,11.930000305175781,12.729999542236328,11.890000343322754,12.670000076293945,844500,0.0,0.0
2026-02-27 00:00:00-05:00,15.279999732971191,16.510000228881836,14.5,15.75,2627100,0.0,0.0
2026-03-02 00:00:00-05:00,15.210000038146973,16.81999969482422,15.039999961853027,16.75,1227100,0.0,0.0
2026-03-03 00:00:00-05:00,16.329999923706055,17.290000915527344,16.139999389648438,16.959999084472656,829700,0.0,0.0
2026-03-04 00:00:00-05:00,16.90999984741211,17.149999618530273,16.6200008392334,17.049999237060547,451700,0.0,0.0
2026-03-05 00:00:00-05:00,16.809999465942383,18.959999084472656,16.719999313354492,18.860000610351562,998200,0.0,0.0
2026-03-06 00:00:00-05:00,18.670000076293945,19.100000381469727,17.600000381469727,18.149999618530273,869500,0.0,0.0
2026-03-09 00:00:00-04:00,18.0,18.600000381469727,17.829999923706055,18.309999465942383,707500,0.0,0.0
2026-03-10 00:00:00-04:00,18.06999969482422,18.489999771118164,17.799999237060547,18.31999969482422,586500,0.0,0.0
2026-03-11 00:00:00-04:00,18.270000457763672,18.440000534057617,16.93000030517578,17.190000534057617,405100,0.0,0.0
2026-03-12 00:00:00-04:00,16.829999923706055,17.270000457763672,16.649999618530273,16.860000610351562,607400,0.0,0.0
2026-03-13 00:00:00-04:00,16.860000610351562,17.31999969482422,16.639999389648438,16.729999542236328,469500,0.0,0.0
2026-03-16 00:00:00-04:00,17.0,17.440000534057617,16.959999084472656,17.110000610351562,498800,0.0,0.0
2026-03-17 00:00:00-04:00,17.290000915527344,17.65999984741211,17.1299991607666,17.56999969482422,356700,0.0,0.0
2026-03-18 00:00:00-04:00,17.350000381469727,17.719999313354492,17.139999389648438,17.530000686645508,413900,0.0,0.0
2026-03-19 00:00:00-04:00,17.108800888061523,18.040000915527344,17.108800888061523,17.770000457763672,337676,0.0,0.0
