Date,Open,High,Low,Close,Volume,Dividends,Stock Splits
2022-01-03 00:00:00-05:00,6.03000020980835,6.199999809265137,5.800000190734863,6.050000190734863,340300,0.0,0.0
2022-01-04 00:00:00-05:00,6.010000228881836,6.21999979019165,5.800000190734863,6.159999847412109,255800,0.0,0.0
2022-01-05 00:00:00-05:00,6.099999904632568,6.130000114440918,5.75,5.940000057220459,189900,0.0,0.0
2022-01-06 00:00:00-05:00,5.940000057220459,6.139999866485596,5.599999904632568,6.050000190734863,416500,0.0,0.0
2022-01-07 00:00:00-05:00,6.079999923706055,6.099999904632568,5.71999979019165,6.0,322500,0.0,0.0
2022-01-10 00:00:00-05:00,5.960000038146973,6.099999904632568,5.570000171661377,6.070000171661377,602400,0.0,0.0
2022-01-11 00:00:00-05:00,6.019999980926514,6.099999904632568,5.960000038146973,6.010000228881836,433300,0.0,0.0
2022-01-12 00:00:00-05:00,6.059999942779541,6.269999980926514,5.650000095367432,6.010000228881836,575400,0.0,0.0
2022-01-13 00:00:00-05:00,5.96999979019165,6.090000152587891,5.559999942779541,5.960000038146973,585900,0.0,0.0
2022-01-14 00:00:00-05:00,5.960000038146973,6.099999904632568,5.820000171661377,6.03000020980835,404000,0.0,0.0
2022-01-18 00:00:00-05:00,5.869999885559082,5.96999979019165,5.769999980926514,5.840000152587891,246300,0.0,0.0
2022-01-19 00:00:00-05:00,5.840000152587891,6.119999885559082,5.630000114440918,6.0,309200,0.0,0.0
2022-01-20 00:00:00-05:00,6.119999885559082,6.300000190734863,5.840000152587891,5.869999885559082,740700,0.0,0.0
2022-01-21 00:00:00-05:00,5.900000095367432,6.089000225067139,5.75,5.929999828338623,243400,0.0,0.0
2022-01-24 00:00:00-05:00,5.769999980926514,6.059999942779541,5.739999771118164,6.019999980926514,519200,0.0,0.0
2022-01-25 00:00:00-05:00,5.920000076293945,6.150000095367432,5.869999885559082,6.0,305100,0.0,0.0
2022-01-26 00:00:00-05:00,6.139999866485596,6.139999866485596,5.809999942779541,5.880000114440918,335100,0.0,0.0
2022-01-27 00:00:00-05:00,5.920000076293945,5.96999979019165,5.650000095367432,5.670000076293945,343100,0.0,0.0
2022-01-28 00:00:00-05:00,5.610000133514404,5.929999828338623,5.480000019073486,5.789999961853027,805300,0.0,0.0
2022-01-31 00:00:00-05:00,5.78000020980835,6.630000114440918,5.78000020980835,6.400000095367432,1080400,0.0,0.0
2022-02-01 00:00:00-05:00,6.409999847412109,6.579999923706055,6.110000133514404,6.309999942779541,567600,0.0,0.0
2022-02-02 00:00:00-05:00,6.389999866485596,6.710000038146973,5.929999828338623,6.0,725300,0.0,0.0
2022-02-03 00:00:00-05:00,5.989999771118164,6.059999942779541,5.769999980926514,5.849999904632568,295600,0.0,0.0
2022-02-04 00:00:00-05:00,5.849999904632568,5.980000019073486,5.820000171661377,5.829999923706055,264100,0.0,0.0
2022-02-07 00:00:00-05:00,5.829999923706055,6.090000152587891,5.690000057220459,5.690000057220459,441300,0.0,0.0
2022-02-08 00:00:00-05:00,5.78000020980835,5.900000095367432,5.599999904632568,5.699999809265137,439700,0.0,0.0
2022-02-09 00:00:00-05:00,5.800000190734863,6.0,5.519999980926514,5.630000114440918,659300,0.0,0.0
2022-02-10 00:00:00-05:00,5.590000152587891,5.800000190734863,5.369999885559082,5.380000114440918,543400,0.0,0.0
2022-02-11 00:00:00-05:00,5.349999904632568,5.449999809265137,5.019999980926514,5.03000020980835,544300,0.0,0.0
2022-02-14 00:00:00-05:00,5.050000190734863,5.21999979019165,4.889999866485596,4.949999809265137,365600,0.0,0.0
2022-02-15 00:00:00-05:00,5.039999961853027,5.239999771118164,5.0,5.159999847412109,497100,0.0,0.0
2022-02-16 00:00:00-05:00,5.090000152587891,5.150000095367432,4.849999904632568,4.909999847412109,405000,0.0,0.0
2022-02-17 00:00:00-05:00,4.860000133514404,5.090000152587891,4.849999904632568,4.909999847412109,435700,0.0,0.0
2022-02-18 00:00:00-05:00,4.869999885559082,5.010000228881836,4.670000076293945,4.929999828338623,470900,0.0,0.0
2022-02-22 00:00:00-05:00,4.889999866485596,5.070000171661377,4.590000152587891,4.619999885559082,363600,0.0,0.0
2022-02-23 00:00:00-05:00,4.679999828338623,4.900000095367432,4.420000076293945,4.420000076293945,586100,0.0,0.0
2022-02-24 00:00:00-05:00,4.230000019073486,4.619999885559082,4.179999828338623,4.550000190734863,721100,0.0,0.0
2022-02-25 00:00:00-05:00,4.539999961853027,4.690000057220459,4.369999885559082,4.389999866485596,313400,0.0,0.0
2022-02-28 00:00:00-05:00,4.389999866485596,4.539999961853027,4.329999923706055,4.460000038146973,357300,0.0,0.0
2022-03-01 00:00:00-05:00,4.440000057220459,4.510000228881836,4.170000076293945,4.170000076293945,296900,0.0,0.0
2022-03-02 00:00:00-05:00,4.010000228881836,4.199999809265137,3.940000057220459,4.019999980926514,696000,0.0,0.0
2022-03-03 00:00:00-05:00,4.0,4.139999866485596,3.825000047683716,3.8399999141693115,643800,0.0,0.0
2022-03-04 00:00:00-05:00,3.8299999237060547,3.9600000381469727,3.6500000953674316,3.7100000381469727,413100,0.0,0.0
2022-03-07 00:00:00-05:00,3.640000104904175,3.7100000381469727,3.4000000953674316,3.440000057220459,271400,0.0,0.0
2022-03-08 00:00:00-05:00,3.430000066757202,3.569999933242798,3.299999952316284,3.4600000381469727,158800,0.0,0.0
2022-03-09 00:00:00-05:00,3.559999942779541,3.890000104904175,3.559999942779541,3.7799999713897705,555200,0.0,0.0
2022-03-10 00:00:00-05:00,4.050000190734863,4.130000114440918,3.490000009536743,3.5399999618530273,584200,0.0,0.0
2022-03-11 00:00:00-05:00,3.549999952316284,3.6700000762939453,3.1700000762939453,3.25,500300,0.0,0.0
2022-03-14 00:00:00-04:00,3.0999999046325684,3.180000066757202,2.4100000858306885,2.4200000762939453,1007200,0.0,0.0
2022-03-15 00:00:00-04:00,2.299999952316284,2.6600000858306885,2.25,2.369999885559082,1179200,0.0,0.0
2022-03-16 00:00:00-04:00,2.944000005722046,3.049999952316284,2.440000057220459,2.990000009536743,1661300,0.0,0.0
2022-03-17 00:00:00-04:00,3.009999990463257,3.0299999713897705,2.6700000762939453,2.9000000953674316,514100,0.0,0.0
2022-03-18 00:00:00-04:00,2.799999952316284,3.440000057220459,2.75,3.4200000762939453,1263800,0.0,0.0
2022-03-21 00:00:00-04:00,3.299999952316284,3.5399999618530273,3.1500000953674316,3.4200000762939453,644100,0.0,0.0
2022-03-22 00:00:00-04:00,3.450000047683716,3.690000057220459,3.299999952316284,3.690000057220459,895000,0.0,0.0
2022-03-23 00:00:00-04:00,3.640000104904175,3.690000057220459,3.390000104904175,3.5299999713897705,715000,0.0,0.0
2022-03-24 00:00:00-04:00,3.5399999618530273,3.690000057220459,3.490000009536743,3.549999952316284,309700,0.0,0.0
2022-03-25 00:00:00-04:00,3.4800000190734863,3.799999952316284,3.369999885559082,3.630000114440918,1029600,0.0,0.0
2022-03-28 00:00:00-04:00,3.6500000953674316,3.890000104904175,3.559999942779541,3.75,700900,0.0,0.0
2022-03-29 00:00:00-04:00,3.8399999141693115,3.9000000953674316,3.619999885559082,3.819999933242798,402800,0.0,0.0
2022-03-30 00:00:00-04:00,3.7899999618530273,3.859999895095825,3.5,3.630000114440918,661500,0.0,0.0
2022-03-31 00:00:00-04:00,3.630000114440918,3.630000114440918,3.322999954223633,3.5399999618530273,389500,0.0,0.0
2022-04-01 00:00:00-04:00,3.6500000953674316,3.930000066757202,3.559999942779541,3.9200000762939453,501600,0.0,0.0
2022-04-04 00:00:00-04:00,4.03000020980835,4.360000133514404,4.010000228881836,4.329999923706055,446500,0.0,0.0
2022-04-05 00:00:00-04:00,4.329999923706055,4.389999866485596,4.051000118255615,4.159999847412109,310300,0.0,0.0
2022-04-06 00:00:00-04:00,4.139999866485596,4.210000038146973,3.7950000762939453,3.890000104904175,639500,0.0,0.0
2022-04-07 00:00:00-04:00,3.880000114440918,4.119999885559082,3.759999990463257,3.8499999046325684,401200,0.0,0.0
2022-04-08 00:00:00-04:00,3.869999885559082,4.369999885559082,3.8499999046325684,4.329999923706055,540700,0.0,0.0
2022-04-11 00:00:00-04:00,4.28000020980835,4.489999771118164,3.319999933242798,3.369999885559082,913900,0.0,0.0
2022-04-12 00:00:00-04:00,3.7100000381469727,3.7200000286102295,3.0899999141693115,3.0999999046325684,724700,0.0,0.0
2022-04-13 00:00:00-04:00,3.240000009536743,3.309999942779541,3.059999942779541,3.1700000762939453,284900,0.0,0.0
2022-04-14 00:00:00-04:00,3.1500000953674316,3.2980000972747803,2.5799999237060547,2.619999885559082,1258000,0.0,0.0
2022-04-18 00:00:00-04:00,2.6500000953674316,2.7799999713897705,2.3510000705718994,2.690000057220459,1108300,0.0,0.0
2022-04-19 00:00:00-04:00,2.630000114440918,2.8499999046325684,2.559999942779541,2.7899999618530273,336100,0.0,0.0
2022-04-20 00:00:00-04:00,2.799999952316284,3.2200000286102295,2.7200000286102295,3.0299999713897705,798300,0.0,0.0
2022-04-21 00:00:00-04:00,3.009999990463257,3.069999933242798,2.630000114440918,2.6700000762939453,378200,0.0,0.0
2022-04-22 00:00:00-04:00,2.7200000286102295,2.8399999141693115,2.609999895095825,2.640000104904175,333200,0.0,0.0
2022-04-25 00:00:00-04:00,2.5899999141693115,2.809999942779541,2.559999942779541,2.740000009536743,317100,0.0,0.0
2022-04-26 00:00:00-04:00,2.7300000190734863,2.7699999809265137,2.4800000190734863,2.490000009536743,270900,0.0,0.0
2022-04-27 00:00:00-04:00,2.559999942779541,2.7899999618530273,2.509999990463257,2.5399999618530273,223900,0.0,0.0
2022-04-28 00:00:00-04:00,2.5999999046325684,2.809000015258789,2.4000000953674316,2.619999885559082,395700,0.0,0.0
2022-04-29 00:00:00-04:00,2.8399999141693115,3.4700000286102295,2.7899999618530273,2.8399999141693115,2114500,0.0,0.0
2022-05-02 00:00:00-04:00,2.7799999713897705,3.0,2.549999952316284,2.700000047683716,493700,0.0,0.0
2022-05-03 00:00:00-04:00,2.7200000286102295,2.9000000953674316,2.6600000858306885,2.7100000381469727,240400,0.0,0.0
2022-05-04 00:00:00-04:00,2.75,2.819999933242798,2.5899999141693115,2.819999933242798,292000,0.0,0.0
2022-05-05 00:00:00-04:00,2.880000114440918,2.990000009536743,2.6700000762939453,2.930000066757202,446800,0.0,0.0
2022-05-06 00:00:00-04:00,2.9700000286102295,3.009999990463257,2.6500000953674316,2.75,333500,0.0,0.0
2022-05-09 00:00:00-04:00,2.640000104904175,2.75,2.5399999618530273,2.609999895095825,208100,0.0,0.0
2022-05-10 00:00:00-04:00,2.6700000762939453,2.880000114440918,2.509999990463257,2.5299999713897705,360700,0.0,0.0
2022-05-11 00:00:00-04:00,2.630000114440918,2.7699999809265137,2.380000114440918,2.430000066757202,253500,0.0,0.0
2022-05-12 00:00:00-04:00,2.359999895095825,2.7699999809265137,2.3499999046325684,2.359999895095825,391200,0.0,0.0
2022-05-13 00:00:00-04:00,2.4000000953674316,2.690000057220459,2.4000000953674316,2.5299999713897705,520800,0.0,0.0
2022-05-16 00:00:00-04:00,2.490000009536743,2.700000047683716,2.380000114440918,2.4200000762939453,262400,0.0,0.0
2022-05-17 00:00:00-04:00,2.559999942779541,2.700000047683716,2.4000000953674316,2.4600000381469727,285400,0.0,0.0
2022-05-18 00:00:00-04:00,2.5,2.690000057220459,2.5,2.569999933242798,258100,0.0,0.0
2022-05-19 00:00:00-04:00,2.5399999618530273,2.869999885559082,2.5399999618530273,2.869999885559082,346600,0.0,0.0
2022-05-20 00:00:00-04:00,2.9000000953674316,3.130000114440918,2.759999990463257,3.0199999809265137,301000,0.0,0.0
2022-05-23 00:00:00-04:00,2.950000047683716,3.009999990463257,2.700000047683716,2.7300000190734863,185400,0.0,0.0
2022-05-24 00:00:00-04:00,2.7200000286102295,2.799999952316284,2.450000047683716,2.740000009536743,384600,0.0,0.0
2022-05-25 00:00:00-04:00,2.7300000190734863,3.2100000381469727,2.7300000190734863,3.190000057220459,486500,0.0,0.0
2022-05-26 00:00:00-04:00,3.2100000381469727,3.299999952316284,2.700000047683716,2.8299999237060547,552300,0.0,0.0
2022-05-27 00:00:00-04:00,2.8399999141693115,3.0399999618530273,2.7660000324249268,3.0,499300,0.0,0.0
2022-05-31 00:00:00-04:00,3.009999990463257,3.0899999141693115,2.75,3.0,338700,0.0,0.0
2022-06-01 00:00:00-04:00,3.009999990463257,3.0169999599456787,2.700000047683716,2.7100000381469727,283800,0.0,0.0
2022-06-02 00:00:00-04:00,2.680000066757202,3.200000047683716,2.680000066757202,3.0299999713897705,829200,0.0,0.0
2022-06-03 00:00:00-04:00,2.890000104904175,3.0299999713897705,2.799999952316284,2.869999885559082,137000,0.0,0.0
2022-06-06 00:00:00-04:00,2.9800000190734863,3.190000057220459,2.9179999828338623,2.990000009536743,267500,0.0,0.0
2022-06-07 00:00:00-04:00,3.0,3.25,2.9000000953674316,3.2300000190734863,231300,0.0,0.0
2022-06-08 00:00:00-04:00,3.3499999046325684,3.4000000953674316,3.049999952316284,3.1500000953674316,362600,0.0,0.0
2022-06-09 00:00:00-04:00,3.0799999237060547,3.1500000953674316,2.930999994277954,2.9700000286102295,207100,0.0,0.0
2022-06-10 00:00:00-04:00,2.9000000953674316,3.119999885559082,2.9000000953674316,3.0399999618530273,173900,0.0,0.0
2022-06-13 00:00:00-04:00,2.930000066757202,3.0199999809265137,2.75,2.7699999809265137,148700,0.0,0.0
2022-06-14 00:00:00-04:00,2.869999885559082,3.0999999046325684,2.809999942779541,3.0,265700,0.0,0.0
2022-06-15 00:00:00-04:00,3.0299999713897705,3.180000066757202,2.7200000286102295,2.7300000190734863,174400,0.0,0.0
2022-06-16 00:00:00-04:00,2.869999885559082,2.869999885559082,2.549999952316284,2.690000057220459,104800,0.0,0.0
2022-06-17 00:00:00-04:00,2.6600000858306885,2.9000000953674316,2.6600000858306885,2.9000000953674316,369100,0.0,0.0
2022-06-21 00:00:00-04:00,2.950000047683716,3.0,2.7899999618530273,2.809999942779541,257500,0.0,0.0
2022-06-22 00:00:00-04:00,2.819999933242798,3.0,2.819999933242798,2.990000009536743,181600,0.0,0.0
2022-06-23 00:00:00-04:00,3.009999990463257,3.059999942779541,2.8499999046325684,2.869999885559082,118900,0.0,0.0
2022-06-24 00:00:00-04:00,2.950000047683716,3.130000114440918,2.8399999141693115,3.0199999809265137,438600,0.0,0.0
2022-06-27 00:00:00-04:00,3.0,3.1500000953674316,2.869999885559082,2.930000066757202,132000,0.0,0.0
2022-06-28 00:00:00-04:00,2.9100000858306885,3.049999952316284,2.7100000381469727,2.819999933242798,209100,0.0,0.0
2022-06-29 00:00:00-04:00,2.809999942779541,3.069999933242798,2.809999942779541,2.950000047683716,299100,0.0,0.0
2022-06-30 00:00:00-04:00,2.9000000953674316,3.140000104904175,2.880000114440918,2.990000009536743,343500,0.0,0.0
2022-07-01 00:00:00-04:00,2.950000047683716,3.240000009536743,2.9100000858306885,3.0,293400,0.0,0.0
2022-07-05 00:00:00-04:00,2.9600000381469727,3.2699999809265137,2.930000066757202,3.259999990463257,450600,0.0,0.0
2022-07-06 00:00:00-04:00,3.2100000381469727,3.259999990463257,2.9000000953674316,2.9100000858306885,311800,0.0,0.0
2022-07-07 00:00:00-04:00,2.9100000858306885,3.009000062942505,2.880000114440918,3.0,159800,0.0,0.0
2022-07-08 00:00:00-04:00,2.940000057220459,3.009999990463257,2.799999952316284,2.8299999237060547,173600,0.0,0.0
2022-07-11 00:00:00-04:00,2.809999942779541,2.809999942779541,2.5,2.680000066757202,206800,0.0,0.0
2022-07-12 00:00:00-04:00,2.6600000858306885,2.7899999618530273,2.5799999237060547,2.6600000858306885,152600,0.0,0.0
2022-07-13 00:00:00-04:00,2.640000104904175,2.7300000190734863,2.5799999237060547,2.6500000953674316,167900,0.0,0.0
2022-07-14 00:00:00-04:00,2.630000114440918,2.7899999618530273,2.5299999713897705,2.7300000190734863,271900,0.0,0.0
2022-07-15 00:00:00-04:00,2.7100000381469727,2.880000114440918,2.700000047683716,2.8499999046325684,338800,0.0,0.0
2022-07-18 00:00:00-04:00,2.950000047683716,3.1500000953674316,2.859999895095825,2.9000000953674316,328200,0.0,0.0
2022-07-19 00:00:00-04:00,2.950000047683716,3.049999952316284,2.9000000953674316,2.9800000190734863,168600,0.0,0.0
2022-07-20 00:00:00-04:00,2.9700000286102295,3.1500000953674316,2.609999895095825,2.7300000190734863,358800,0.0,0.0
2022-07-21 00:00:00-04:00,2.740000009536743,2.8489999771118164,2.6470000743865967,2.759999990463257,167900,0.0,0.0
2022-07-22 00:00:00-04:00,2.700000047683716,2.740000009536743,2.559999942779541,2.5799999237060547,170700,0.0,0.0
2022-07-25 00:00:00-04:00,2.5999999046325684,2.640000104904175,2.450000047683716,2.5,172900,0.0,0.0
2022-07-26 00:00:00-04:00,2.5199999809265137,2.75,2.5,2.5999999046325684,162800,0.0,0.0
2022-07-27 00:00:00-04:00,2.5999999046325684,2.8299999237060547,2.559999942779541,2.7799999713897705,260700,0.0,0.0
2022-07-28 00:00:00-04:00,2.7699999809265137,2.86899995803833,2.5999999046325684,2.630000114440918,56000,0.0,0.0
2022-07-29 00:00:00-04:00,2.690000057220459,2.690000057220459,2.5,2.5399999618530273,161200,0.0,0.0
2022-08-01 00:00:00-04:00,2.5399999618530273,2.640000104904175,2.200000047683716,2.509999990463257,4528800,0.0,0.0
2022-08-02 00:00:00-04:00,2.5399999618530273,2.5799999237060547,2.3499999046325684,2.549999952316284,364700,0.0,0.0
2022-08-03 00:00:00-04:00,2.509999990463257,2.694999933242798,2.509999990463257,2.630000114440918,50100,0.0,0.0
2022-08-04 00:00:00-04:00,2.680000066757202,2.9000000953674316,2.680000066757202,2.7200000286102295,290200,0.0,0.0
2022-08-05 00:00:00-04:00,2.740000009536743,2.819999933242798,2.5899999141693115,2.690000057220459,305200,0.0,0.0
2022-08-08 00:00:00-04:00,2.6700000762939453,2.8499999046325684,2.640000104904175,2.7200000286102295,172800,0.0,0.0
2022-08-09 00:00:00-04:00,2.680000066757202,2.7200000286102295,2.549999952316284,2.549999952316284,139400,0.0,0.0
2022-08-10 00:00:00-04:00,2.609999895095825,2.700000047683716,2.559999942779541,2.5899999141693115,42700,0.0,0.0
2022-08-11 00:00:00-04:00,2.5799999237060547,2.75,2.559999942779541,2.7200000286102295,502700,0.0,0.0
2022-08-12 00:00:00-04:00,2.75,2.75,2.5999999046325684,2.640000104904175,279300,0.0,0.0
2022-08-15 00:00:00-04:00,2.5999999046325684,2.7699999809265137,2.559999942779541,2.700000047683716,370500,0.0,0.0
2022-08-16 00:00:00-04:00,2.690000057220459,2.950000047683716,2.609999895095825,2.890000104904175,424200,0.0,0.0
2022-08-17 00:00:00-04:00,2.869999885559082,2.930000066757202,2.6600000858306885,2.859999895095825,452800,0.0,0.0
2022-08-18 00:00:00-04:00,2.9000000953674316,2.930000066757202,2.75,2.8499999046325684,388600,0.0,0.0
2022-08-19 00:00:00-04:00,2.8499999046325684,2.8499999046325684,2.6600000858306885,2.7300000190734863,399900,0.0,0.0
2022-08-22 00:00:00-04:00,2.700000047683716,3.0,2.6600000858306885,2.799999952316284,1410400,0.0,0.0
2022-08-23 00:00:00-04:00,2.7899999618530273,2.9700000286102295,2.6700000762939453,2.859999895095825,475900,0.0,0.0
2022-08-24 00:00:00-04:00,2.9100000858306885,3.549999952316284,2.809999942779541,3.4100000858306885,751300,0.0,0.0
2022-08-25 00:00:00-04:00,3.4100000858306885,3.5199999809265137,3.240000009536743,3.440000057220459,468700,0.0,0.0
2022-08-26 00:00:00-04:00,3.5199999809265137,3.5199999809265137,3.1419999599456787,3.1500000953674316,232900,0.0,0.0
2022-08-29 00:00:00-04:00,3.130000114440918,3.1600000858306885,3.009999990463257,3.059999942779541,369400,0.0,0.0
2022-08-30 00:00:00-04:00,3.049999952316284,3.1500000953674316,2.8499999046325684,2.9000000953674316,346000,0.0,0.0
2022-08-31 00:00:00-04:00,2.9700000286102295,3.0899999141693115,2.859999895095825,2.990000009536743,2069900,0.0,0.0
2022-09-01 00:00:00-04:00,3.0,3.0899999141693115,2.9200000762939453,3.0,303500,0.0,0.0
2022-09-02 00:00:00-04:00,3.059999942779541,3.130000114440918,2.799999952316284,2.880000114440918,347800,0.0,0.0
2022-09-06 00:00:00-04:00,2.859999895095825,2.859999895095825,2.690000057220459,2.700000047683716,116200,0.0,0.0
2022-09-07 00:00:00-04:00,2.690000057220459,2.799999952316284,2.63700008392334,2.7699999809265137,162300,0.0,0.0
2022-09-08 00:00:00-04:00,2.7699999809265137,2.9100000858306885,2.7300000190734863,2.819999933242798,237100,0.0,0.0
2022-09-09 00:00:00-04:00,2.9100000858306885,2.990000009536743,2.799999952316284,2.9200000762939453,128100,0.0,0.0
2022-09-12 00:00:00-04:00,2.940000057220459,3.0,2.880000114440918,2.9800000190734863,150200,0.0,0.0
2022-09-13 00:00:00-04:00,2.930000066757202,2.930000066757202,2.8299999237060547,2.869999885559082,96200,0.0,0.0
2022-09-14 00:00:00-04:00,2.8499999046325684,2.924999952316284,2.7799999713897705,2.9000000953674316,113800,0.0,0.0
2022-09-15 00:00:00-04:00,2.930000066757202,2.9700000286102295,2.7699999809265137,2.819999933242798,107200,0.0,0.0
2022-09-16 00:00:00-04:00,2.8499999046325684,2.880000114440918,2.75,2.859999895095825,447800,0.0,0.0
2022-09-19 00:00:00-04:00,2.819999933242798,2.890000104904175,2.7100000381469727,2.809999942779541,208200,0.0,0.0
2022-09-20 00:00:00-04:00,2.8499999046325684,2.880000114440918,2.7100000381469727,2.740000009536743,113900,0.0,0.0
2022-09-21 00:00:00-04:00,2.700000047683716,2.799999952316284,2.680000066757202,2.690000057220459,165900,0.0,0.0
2022-09-22 00:00:00-04:00,2.6700000762939453,2.7899999618530273,2.569999933242798,2.5999999046325684,124400,0.0,0.0
2022-09-23 00:00:00-04:00,2.5399999618530273,2.640000104904175,2.5390000343322754,2.609999895095825,109200,0.0,0.0
2022-09-26 00:00:00-04:00,2.609999895095825,2.7300000190734863,2.5829999446868896,2.5999999046325684,209800,0.0,0.0
2022-09-27 00:00:00-04:00,2.6700000762939453,2.680000066757202,2.490000009536743,2.5,124800,0.0,0.0
2022-09-28 00:00:00-04:00,2.5199999809265137,2.700000047683716,2.4630000591278076,2.640000104904175,157000,0.0,0.0
2022-09-29 00:00:00-04:00,2.6500000953674316,2.6500000953674316,2.380000114440918,2.440000057220459,118000,0.0,0.0
2022-09-30 00:00:00-04:00,2.384000062942505,2.4800000190734863,2.299999952316284,2.299999952316284,134600,0.0,0.0
2022-10-03 00:00:00-04:00,2.309999942779541,2.319999933242798,2.119999885559082,2.2300000190734863,114900,0.0,0.0
2022-10-04 00:00:00-04:00,2.2799999713897705,2.5,2.2799999713897705,2.424999952316284,144700,0.0,0.0
2022-10-05 00:00:00-04:00,2.4830000400543213,2.5,2.369999885559082,2.430000066757202,108700,0.0,0.0
2022-10-06 00:00:00-04:00,2.4700000286102295,2.5250000953674316,2.3399999141693115,2.359999895095825,118700,0.0,0.0
2022-10-07 00:00:00-04:00,2.369999885559082,2.4100000858306885,2.200000047683716,2.2699999809265137,106000,0.0,0.0
2022-10-10 00:00:00-04:00,2.2249999046325684,2.299999952316284,2.2200000286102295,2.2200000286102295,120400,0.0,0.0
2022-10-11 00:00:00-04:00,2.200000047683716,2.309000015258789,2.200000047683716,2.240000009536743,155200,0.0,0.0
2022-10-12 00:00:00-04:00,2.240000009536743,2.2899999618530273,2.194999933242798,2.259999990463257,107500,0.0,0.0
2022-10-13 00:00:00-04:00,2.203000068664551,2.4000000953674316,2.200000047683716,2.2699999809265137,154800,0.0,0.0
2022-10-14 00:00:00-04:00,2.309999942779541,2.315000057220459,2.180000066757202,2.180000066757202,128800,0.0,0.0
2022-10-17 00:00:00-04:00,2.240000009536743,2.309999942779541,1.9800000190734863,2.0,149000,0.0,0.0
2022-10-18 00:00:00-04:00,2.0399999618530273,2.180000066757202,1.9700000286102295,1.9700000286102295,145400,0.0,0.0
2022-10-19 00:00:00-04:00,1.899999976158142,1.9800000190734863,1.8200000524520874,1.8600000143051147,102900,0.0,0.0
2022-10-20 00:00:00-04:00,1.840000033378601,1.940000057220459,1.784999966621399,1.809999942779541,190600,0.0,0.0
2022-10-21 00:00:00-04:00,1.9199999570846558,2.0,1.7799999713897705,1.940000057220459,325900,0.0,0.0
2022-10-24 00:00:00-04:00,1.9299999475479126,1.9299999475479126,1.7000000476837158,1.8200000524520874,125400,0.0,0.0
2022-10-25 00:00:00-04:00,1.7799999713897705,1.8700000047683716,1.75,1.809999942779541,86100,0.0,0.0
2022-10-26 00:00:00-04:00,1.8200000524520874,1.9600000381469727,1.7899999618530273,1.909999966621399,157300,0.0,0.0
2022-10-27 00:00:00-04:00,1.9500000476837158,2.0,1.8200000524520874,1.8799999952316284,98200,0.0,0.0
2022-10-28 00:00:00-04:00,1.7999999523162842,1.8200000524520874,1.75,1.7999999523162842,90600,0.0,0.0
2022-10-31 00:00:00-04:00,1.7300000190734863,1.840000033378601,1.649999976158142,1.649999976158142,127100,0.0,0.0
2022-11-01 00:00:00-04:00,1.7899999618530273,1.809999942779541,1.5199999809265137,1.600000023841858,1212500,0.0,0.0
2022-11-02 00:00:00-04:00,1.600000023841858,1.6799999475479126,1.5199999809265137,1.5199999809265137,548100,0.0,0.0
2022-11-03 00:00:00-04:00,1.5199999809265137,1.6299999952316284,1.5199999809265137,1.5800000429153442,340800,0.0,0.0
2022-11-04 00:00:00-04:00,1.6799999475479126,1.7200000286102295,1.6100000143051147,1.690000057220459,623300,0.0,0.0
2022-11-07 00:00:00-05:00,1.75,1.75,1.6299999952316284,1.7000000476837158,455000,0.0,0.0
2022-11-08 00:00:00-05:00,1.7000000476837158,1.7000000476837158,1.5700000524520874,1.649999976158142,203200,0.0,0.0
2022-11-09 00:00:00-05:00,1.690000057220459,1.7100000381469727,1.5499999523162842,1.6299999952316284,201700,0.0,0.0
2022-11-10 00:00:00-05:00,1.690000057220459,1.75,1.6449999809265137,1.649999976158142,334200,0.0,0.0
2022-11-11 00:00:00-05:00,1.7100000381469727,1.9500000476837158,1.7000000476837158,1.7899999618530273,994500,0.0,0.0
2022-11-14 00:00:00-05:00,1.809999942779541,1.840000033378601,1.684999942779541,1.7000000476837158,319900,0.0,0.0
2022-11-15 00:00:00-05:00,1.8300000429153442,2.0,1.75,1.899999976158142,614300,0.0,0.0
2022-11-16 00:00:00-05:00,1.8899999856948853,1.899999976158142,1.7699999809265137,1.840000033378601,297300,0.0,0.0
2022-11-17 00:00:00-05:00,1.7899999618530273,1.8899999856948853,1.75,1.840000033378601,371700,0.0,0.0
2022-11-18 00:00:00-05:00,1.850000023841858,1.850000023841858,1.7599999904632568,1.8200000524520874,325300,0.0,0.0
2022-11-21 00:00:00-05:00,1.8200000524520874,1.8200000524520874,1.659999966621399,1.7300000190734863,256600,0.0,0.0
2022-11-22 00:00:00-05:00,1.7999999523162842,1.940000057220459,1.5700000524520874,1.6699999570846558,538100,0.0,0.0
2022-11-23 00:00:00-05:00,1.6799999475479126,1.75,1.5800000429153442,1.649999976158142,107100,0.0,0.0
2022-11-25 00:00:00-05:00,1.6100000143051147,1.659999966621399,1.5800000429153442,1.590000033378601,128200,0.0,0.0
2022-11-28 00:00:00-05:00,1.6200000047683716,1.659999966621399,1.5499999523162842,1.590000033378601,93000,0.0,0.0
2022-11-29 00:00:00-05:00,1.6399999856948853,1.7100000381469727,1.6100000143051147,1.6699999570846558,312900,0.0,0.0
2022-11-30 00:00:00-05:00,1.7000000476837158,1.7999999523162842,1.6299999952316284,1.7200000286102295,553600,0.0,0.0
2022-12-01 00:00:00-05:00,1.7100000381469727,1.9500000476837158,1.7100000381469727,1.8600000143051147,301600,0.0,0.0
2022-12-02 00:00:00-05:00,1.9800000190734863,2.234999895095825,1.8869999647140503,2.200000047683716,644100,0.0,0.0
2022-12-05 00:00:00-05:00,2.4200000762939453,2.450000047683716,2.200000047683716,2.2699999809265137,499400,0.0,0.0
2022-12-06 00:00:00-05:00,2.2799999713897705,2.3499999046325684,2.140000104904175,2.2200000286102295,175600,0.0,0.0
2022-12-07 00:00:00-05:00,2.1500000953674316,2.1700000762939453,2.109999895095825,2.1600000858306885,132300,0.0,0.0
2022-12-08 00:00:00-05:00,2.200000047683716,2.299999952316284,2.200000047683716,2.2699999809265137,261800,0.0,0.0
2022-12-09 00:00:00-05:00,2.319999933242798,2.619999885559082,2.240000009536743,2.5899999141693115,587300,0.0,0.0
2022-12-12 00:00:00-05:00,2.4800000190734863,2.5,2.299999952316284,2.4100000858306885,361700,0.0,0.0
2022-12-13 00:00:00-05:00,2.4600000381469727,2.630000114440918,2.450000047683716,2.5199999809265137,185500,0.0,0.0
2022-12-14 00:00:00-05:00,2.4800000190734863,2.6649999618530273,2.430000066757202,2.630000114440918,210800,0.0,0.0
2022-12-15 00:00:00-05:00,2.5799999237060547,2.630000114440918,2.5,2.569999933242798,289400,0.0,0.0
2022-12-16 00:00:00-05:00,2.5999999046325684,2.6679999828338623,2.4800000190734863,2.5,278900,0.0,0.0
2022-12-19 00:00:00-05:00,2.509999990463257,2.5350000858306885,2.4100000858306885,2.450000047683716,82100,0.0,0.0
2022-12-20 00:00:00-05:00,2.4000000953674316,2.609999895095825,2.4000000953674316,2.5899999141693115,385600,0.0,0.0
2022-12-21 00:00:00-05:00,2.640000104904175,2.809999942779541,2.5190000534057617,2.7899999618530273,223500,0.0,0.0
2022-12-22 00:00:00-05:00,2.8399999141693115,3.059999942779541,2.7699999809265137,3.0,345000,0.0,0.0
2022-12-23 00:00:00-05:00,3.0299999713897705,3.1040000915527344,2.740000009536743,2.869999885559082,175900,0.0,0.0
2022-12-27 00:00:00-05:00,2.9000000953674316,2.9000000953674316,2.75,2.8499999046325684,138200,0.0,0.0
2022-12-28 00:00:00-05:00,2.9000000953674316,2.9600000381469727,2.75,2.9000000953674316,337400,0.0,0.0
2022-12-29 00:00:00-05:00,2.9000000953674316,2.950000047683716,2.799999952316284,2.930000066757202,222500,0.0,0.0
2022-12-30 00:00:00-05:00,2.869999885559082,2.950000047683716,2.8399999141693115,2.890000104904175,76100,0.0,0.0
2023-01-03 00:00:00-05:00,2.9600000381469727,3.1500000953674316,2.950000047683716,3.0299999713897705,127600,0.0,0.0
2023-01-04 00:00:00-05:00,3.140000104904175,3.490000009536743,3.130000114440918,3.4700000286102295,170100,0.0,0.0
2023-01-05 00:00:00-05:00,3.4600000381469727,3.509999990463257,3.259999990463257,3.369999885559082,144000,0.0,0.0
2023-01-06 00:00:00-05:00,3.4100000858306885,3.4700000286102295,3.309999942779541,3.3499999046325684,116500,0.0,0.0
2023-01-09 00:00:00-05:00,3.5,3.5,3.299999952316284,3.4000000953674316,214100,0.0,0.0
2023-01-10 00:00:00-05:00,3.4000000953674316,3.430000066757202,3.299999952316284,3.3299999237060547,113400,0.0,0.0
2023-01-11 00:00:00-05:00,3.369999885559082,3.390000104904175,3.049999952316284,3.109999895095825,281800,0.0,0.0
2023-01-12 00:00:00-05:00,3.0899999141693115,3.2200000286102295,2.9600000381469727,3.1600000858306885,165500,0.0,0.0
2023-01-13 00:00:00-05:00,3.1700000762939453,3.2899999618530273,3.075000047683716,3.0899999141693115,111500,0.0,0.0
2023-01-17 00:00:00-05:00,3.109999895095825,3.109999895095825,2.869999885559082,2.9000000953674316,188500,0.0,0.0
2023-01-18 00:00:00-05:00,2.940000057220459,3.069999933242798,2.880000114440918,2.9000000953674316,371300,0.0,0.0
2023-01-19 00:00:00-05:00,2.9200000762939453,2.9800000190734863,2.799999952316284,2.8499999046325684,129400,0.0,0.0
2023-01-20 00:00:00-05:00,2.9000000953674316,3.0399999618530273,2.880000114440918,2.930000066757202,135300,0.0,0.0
2023-01-23 00:00:00-05:00,3.0,3.180000066757202,2.930000066757202,3.119999885559082,188200,0.0,0.0
2023-01-24 00:00:00-05:00,3.180000066757202,3.180000066757202,2.880000114440918,2.9100000858306885,120500,0.0,0.0
2023-01-25 00:00:00-05:00,2.940000057220459,3.049999952316284,2.890000104904175,3.0399999618530273,103600,0.0,0.0
2023-01-26 00:00:00-05:00,3.0999999046325684,3.1700000762939453,2.9600000381469727,3.119999885559082,132100,0.0,0.0
2023-01-27 00:00:00-05:00,3.140000104904175,3.1700000762939453,2.990000009536743,3.0999999046325684,152000,0.0,0.0
2023-01-30 00:00:00-05:00,2.9800000190734863,2.9800000190734863,2.75,2.759999990463257,227200,0.0,0.0
2023-01-31 00:00:00-05:00,2.7699999809265137,2.859999895095825,2.680000066757202,2.7899999618530273,131300,0.0,0.0
2023-02-01 00:00:00-05:00,2.809999942779541,3.0,2.75,2.8399999141693115,211300,0.0,0.0
2023-02-02 00:00:00-05:00,2.890000104904175,2.890000104904175,2.6600000858306885,2.799999952316284,169100,0.0,0.0
2023-02-03 00:00:00-05:00,2.700000047683716,2.799999952316284,2.690000057220459,2.690000057220459,187300,0.0,0.0
2023-02-06 00:00:00-05:00,2.6600000858306885,2.7799999713897705,2.5199999809265137,2.7799999713897705,232100,0.0,0.0
2023-02-07 00:00:00-05:00,2.8399999141693115,2.9800000190734863,2.619999885559082,2.7300000190734863,230700,0.0,0.0
2023-02-08 00:00:00-05:00,2.7300000190734863,2.8399999141693115,2.6600000858306885,2.8299999237060547,294300,0.0,0.0
2023-02-09 00:00:00-05:00,2.799999952316284,3.3289999961853027,2.742000102996826,3.1600000858306885,449600,0.0,0.0
2023-02-10 00:00:00-05:00,3.0899999141693115,3.2200000286102295,2.819999933242798,3.0799999237060547,304200,0.0,0.0
2023-02-13 00:00:00-05:00,3.0999999046325684,3.1600000858306885,2.990000009536743,3.049999952316284,138100,0.0,0.0
2023-02-14 00:00:00-05:00,2.9600000381469727,3.119999885559082,2.9600000381469727,3.0799999237060547,96800,0.0,0.0
2023-02-15 00:00:00-05:00,3.0299999713897705,3.180000066757202,2.994999885559082,3.180000066757202,188700,0.0,0.0
2023-02-16 00:00:00-05:00,3.1500000953674316,3.1600000858306885,3.049999952316284,3.0899999141693115,180000,0.0,0.0
2023-02-17 00:00:00-05:00,3.0799999237060547,3.1600000858306885,2.880000114440918,2.930000066757202,264100,0.0,0.0
2023-02-21 00:00:00-05:00,2.9000000953674316,2.9600000381469727,2.625,2.6600000858306885,170800,0.0,0.0
2023-02-22 00:00:00-05:00,2.640000104904175,2.75,2.4149999618530273,2.549999952316284,312000,0.0,0.0
2023-02-23 00:00:00-05:00,2.5899999141693115,2.625,2.430000066757202,2.509999990463257,362400,0.0,0.0
2023-02-24 00:00:00-05:00,2.4000000953674316,2.559999942779541,2.390000104904175,2.509999990463257,165200,0.0,0.0
2023-02-27 00:00:00-05:00,2.5899999141693115,2.609999895095825,2.4700000286102295,2.5399999618530273,154300,0.0,0.0
2023-02-28 00:00:00-05:00,2.490000009536743,2.5799999237060547,2.4800000190734863,2.490000009536743,84200,0.0,0.0
2023-03-01 00:00:00-05:00,2.5899999141693115,2.609999895095825,2.450000047683716,2.4600000381469727,170700,0.0,0.0
2023-03-02 00:00:00-05:00,2.4600000381469727,2.6500000953674316,2.4100000858306885,2.619999885559082,129900,0.0,0.0
2023-03-03 00:00:00-05:00,2.619999885559082,2.75,2.5399999618530273,2.569999933242798,125800,0.0,0.0
2023-03-06 00:00:00-05:00,2.5899999141693115,2.740000009536743,2.5399999618530273,2.609999895095825,107300,0.0,0.0
2023-03-07 00:00:00-05:00,2.6070001125335693,2.9100000858306885,2.569999933242798,2.740000009536743,169900,0.0,0.0
2023-03-08 00:00:00-05:00,2.690000057220459,2.7139999866485596,2.5399999618530273,2.6500000953674316,160800,0.0,0.0
2023-03-09 00:00:00-05:00,2.680000066757202,2.9100000858306885,2.5999999046325684,2.8499999046325684,263600,0.0,0.0
2023-03-10 00:00:00-05:00,2.8499999046325684,3.009999990463257,2.7100000381469727,2.890000104904175,409400,0.0,0.0
2023-03-13 00:00:00-04:00,2.799999952316284,3.0999999046325684,2.630000114440918,3.0,573700,0.0,0.0
2023-03-14 00:00:00-04:00,3.0899999141693115,3.2799999713897705,3.0220000743865967,3.0999999046325684,262600,0.0,0.0
2023-03-15 00:00:00-04:00,3.0199999809265137,3.1700000762939453,2.924999952316284,3.009999990463257,427000,0.0,0.0
2023-03-16 00:00:00-04:00,2.9700000286102295,2.9700000286102295,2.7200000286102295,2.7200000286102295,292800,0.0,0.0
2023-03-17 00:00:00-04:00,2.7200000286102295,2.880000114440918,2.680000066757202,2.8299999237060547,321900,0.0,0.0
2023-03-20 00:00:00-04:00,2.7799999713897705,2.890000104904175,2.619999885559082,2.7200000286102295,293700,0.0,0.0
2023-03-21 00:00:00-04:00,2.799999952316284,2.819999933242798,2.6700000762939453,2.759999990463257,187800,0.0,0.0
2023-03-22 00:00:00-04:00,2.743000030517578,2.8949999809265137,2.6600000858306885,2.6600000858306885,135200,0.0,0.0
2023-03-23 00:00:00-04:00,2.7100000381469727,2.7850000858306885,2.6600000858306885,2.7100000381469727,102200,0.0,0.0
2023-03-24 00:00:00-04:00,2.75,2.8299999237060547,2.7090001106262207,2.8299999237060547,81000,0.0,0.0
2023-03-27 00:00:00-04:00,2.7839999198913574,2.8299999237060547,2.7300000190734863,2.819999933242798,71100,0.0,0.0
2023-03-28 00:00:00-04:00,2.7899999618530273,2.859999895095825,2.759999990463257,2.8499999046325684,148100,0.0,0.0
2023-03-29 00:00:00-04:00,2.8570001125335693,2.9000000953674316,2.799999952316284,2.890000104904175,91000,0.0,0.0
2023-03-30 00:00:00-04:00,2.8970000743865967,3.1500000953674316,2.818000078201294,3.069999933242798,207300,0.0,0.0
2023-03-31 00:00:00-04:00,3.130000114440918,3.1500000953674316,2.9800000190734863,3.049999952316284,58600,0.0,0.0
2023-04-03 00:00:00-04:00,3.0399999618530273,3.1500000953674316,2.9800000190734863,3.134999990463257,90700,0.0,0.0
2023-04-04 00:00:00-04:00,3.059999942779541,3.1500000953674316,2.9700000286102295,3.1500000953674316,105100,0.0,0.0
2023-04-05 00:00:00-04:00,3.130000114440918,3.174999952316284,3.009999990463257,3.0399999618530273,172300,0.0,0.0
2023-04-06 00:00:00-04:00,3.0199999809265137,3.0399999618530273,2.799999952316284,2.809999942779541,99100,0.0,0.0
2023-04-10 00:00:00-04:00,2.7899999618530273,2.809999942779541,2.640000104904175,2.6600000858306885,118800,0.0,0.0
2023-04-11 00:00:00-04:00,2.7300000190734863,2.7300000190734863,2.6500000953674316,2.6700000762939453,83600,0.0,0.0
2023-04-12 00:00:00-04:00,2.680000066757202,2.680000066757202,2.490000009536743,2.509999990463257,121300,0.0,0.0
2023-04-13 00:00:00-04:00,2.5199999809265137,2.640000104904175,2.4509999752044678,2.640000104904175,107100,0.0,0.0
2023-04-14 00:00:00-04:00,2.6600000858306885,2.759999990463257,2.5999999046325684,2.630000114440918,99200,0.0,0.0
2023-04-17 00:00:00-04:00,2.640000104904175,2.7200000286102295,2.630000114440918,2.630000114440918,125100,0.0,0.0
2023-04-18 00:00:00-04:00,2.690000057220459,2.690000057220459,2.549999952316284,2.609999895095825,115100,0.0,0.0
2023-04-19 00:00:00-04:00,2.5999999046325684,2.6500000953674316,2.5399999618530273,2.559999942779541,90400,0.0,0.0
2023-04-20 00:00:00-04:00,2.549999952316284,2.5899999141693115,2.509999990463257,2.509999990463257,52700,0.0,0.0
2023-04-21 00:00:00-04:00,2.569999933242798,2.5999999046325684,2.5,2.5299999713897705,93200,0.0,0.0
2023-04-24 00:00:00-04:00,2.5799999237060547,2.5899999141693115,2.430000066757202,2.440000057220459,117800,0.0,0.0
2023-04-25 00:00:00-04:00,2.440000057220459,2.4600000381469727,2.309999942779541,2.359999895095825,37100,0.0,0.0
2023-04-26 00:00:00-04:00,2.359999895095825,2.4649999141693115,1.902999997138977,2.190000057220459,822900,0.0,0.0
2023-04-27 00:00:00-04:00,2.3399999141693115,2.369999885559082,2.0899999141693115,2.2200000286102295,52800,0.0,0.0
2023-04-28 00:00:00-04:00,2.299999952316284,2.3489999771118164,2.0899999141693115,2.200000047683716,363700,0.0,0.0
2023-05-01 00:00:00-04:00,2.190000057220459,2.359999895095825,2.1700000762939453,2.2799999713897705,180300,0.0,0.0
2023-05-02 00:00:00-04:00,2.240000009536743,2.3499999046325684,2.200000047683716,2.2100000381469727,114900,0.0,0.0
2023-05-03 00:00:00-04:00,2.2899999618530273,2.319999933242798,2.2200000286102295,2.2300000190734863,125600,0.0,0.0
2023-05-04 00:00:00-04:00,2.2330000400543213,2.380000114440918,2.200000047683716,2.259999990463257,212300,0.0,0.0
2023-05-05 00:00:00-04:00,2.2799999713897705,2.3499999046325684,2.130000114440918,2.200000047683716,290600,0.0,0.0
2023-05-08 00:00:00-04:00,2.1500000953674316,2.2950000762939453,2.130000114440918,2.1600000858306885,424100,0.0,0.0
2023-05-09 00:00:00-04:00,2.2200000286102295,2.440000057220459,2.190000057220459,2.440000057220459,277300,0.0,0.0
2023-05-10 00:00:00-04:00,2.380000114440918,2.680000066757202,2.319999933242798,2.6500000953674316,295900,0.0,0.0
2023-05-11 00:00:00-04:00,2.5999999046325684,3.069999933242798,2.5999999046325684,2.990000009536743,323500,0.0,0.0
2023-05-12 00:00:00-04:00,2.859999895095825,3.049999952316284,2.7950000762939453,2.890000104904175,496600,0.0,0.0
2023-05-15 00:00:00-04:00,2.809999942779541,3.0,2.809999942779541,2.9800000190734863,167100,0.0,0.0
2023-05-16 00:00:00-04:00,2.9800000190734863,3.0299999713897705,2.8299999237060547,2.950000047683716,289800,0.0,0.0
2023-05-17 00:00:00-04:00,2.950000047683716,2.9700000286102295,2.8399999141693115,2.869999885559082,125000,0.0,0.0
2023-05-18 00:00:00-04:00,2.950000047683716,3.049999952316284,2.8299999237060547,2.940000057220459,158700,0.0,0.0
2023-05-19 00:00:00-04:00,2.8499999046325684,2.990000009536743,2.8499999046325684,2.940000057220459,108800,0.0,0.0
2023-05-22 00:00:00-04:00,2.9000000953674316,3.0799999237060547,2.9000000953674316,2.9800000190734863,189200,0.0,0.0
2023-05-23 00:00:00-04:00,2.9600000381469727,3.299999952316284,2.880000114440918,3.180000066757202,901400,0.0,0.0
2023-05-24 00:00:00-04:00,3.1500000953674316,3.25,3.059999942779541,3.2300000190734863,437900,0.0,0.0
2023-05-25 00:00:00-04:00,3.1700000762939453,3.1700000762939453,2.7899999618530273,2.8499999046325684,350700,0.0,0.0
2023-05-26 00:00:00-04:00,2.9800000190734863,2.9800000190734863,2.6500000953674316,2.880000114440918,112700,0.0,0.0
2023-05-30 00:00:00-04:00,2.880000114440918,2.9600000381469727,2.759999990463257,2.799999952316284,141600,0.0,0.0
2023-05-31 00:00:00-04:00,2.859999895095825,2.859999895095825,2.7699999809265137,2.7899999618530273,53600,0.0,0.0
2023-06-01 00:00:00-04:00,2.799999952316284,3.0799999237060547,2.75,3.0299999713897705,211400,0.0,0.0
2023-06-02 00:00:00-04:00,3.0899999141693115,3.0899999141693115,2.9000000953674316,2.950000047683716,117400,0.0,0.0
2023-06-05 00:00:00-04:00,2.890000104904175,2.950000047683716,2.8519999980926514,2.859999895095825,108800,0.0,0.0
2023-06-06 00:00:00-04:00,2.869999885559082,2.9200000762939453,2.750999927520752,2.9200000762939453,165900,0.0,0.0
2023-06-07 00:00:00-04:00,2.8499999046325684,2.9200000762939453,2.8499999046325684,2.880000114440918,64500,0.0,0.0
2023-06-08 00:00:00-04:00,2.9100000858306885,3.1500000953674316,2.859999895095825,3.0299999713897705,291100,0.0,0.0
2023-06-09 00:00:00-04:00,3.0,3.049999952316284,2.940000057220459,3.0199999809265137,144500,0.0,0.0
2023-06-12 00:00:00-04:00,3.0,3.0399999618530273,2.9200000762939453,2.950000047683716,175500,0.0,0.0
2023-06-13 00:00:00-04:00,2.9100000858306885,3.0,2.865000009536743,2.880000114440918,118600,0.0,0.0
2023-06-14 00:00:00-04:00,2.8499999046325684,3.0199999809265137,2.755000114440918,2.9700000286102295,206800,0.0,0.0
2023-06-15 00:00:00-04:00,2.950000047683716,2.950000047683716,2.7679998874664307,2.9100000858306885,77500,0.0,0.0
2023-06-16 00:00:00-04:00,2.930000066757202,2.930000066757202,2.8499999046325684,2.930000066757202,210200,0.0,0.0
2023-06-20 00:00:00-04:00,2.9000000953674316,2.940000057220459,2.819999933242798,2.880000114440918,195400,0.0,0.0
2023-06-21 00:00:00-04:00,2.8350000381469727,2.940000057220459,2.799999952316284,2.9100000858306885,236700,0.0,0.0
2023-06-22 00:00:00-04:00,2.9100000858306885,2.9100000858306885,2.8359999656677246,2.8499999046325684,115400,0.0,0.0
2023-06-23 00:00:00-04:00,2.8299999237060547,2.9000000953674316,2.8299999237060547,2.869999885559082,163800,0.0,0.0
2023-06-26 00:00:00-04:00,2.808000087738037,3.062000036239624,2.808000087738037,2.9800000190734863,334400,0.0,0.0
2023-06-27 00:00:00-04:00,3.0399999618530273,3.130000114440918,2.9000000953674316,3.049999952316284,390400,0.0,0.0
2023-06-28 00:00:00-04:00,3.0999999046325684,3.109999895095825,2.950000047683716,3.049999952316284,216300,0.0,0.0
2023-06-29 00:00:00-04:00,3.015000104904175,3.0999999046325684,2.8570001125335693,2.9600000381469727,326700,0.0,0.0
2023-06-30 00:00:00-04:00,3.0,3.0199999809265137,2.9100000858306885,2.9200000762939453,139700,0.0,0.0
2023-07-03 00:00:00-04:00,2.9000000953674316,3.0829999446868896,2.9000000953674316,3.0,171200,0.0,0.0
2023-07-05 00:00:00-04:00,3.049999952316284,3.200000047683716,2.950000047683716,2.9700000286102295,538700,0.0,0.0
2023-07-06 00:00:00-04:00,2.9600000381469727,3.0399999618530273,2.9100000858306885,2.9700000286102295,310700,0.0,0.0
2023-07-07 00:00:00-04:00,2.9100000858306885,3.049999952316284,2.799999952316284,2.940000057220459,228000,0.0,0.0
2023-07-10 00:00:00-04:00,2.9000000953674316,3.0,2.890000104904175,2.9000000953674316,202500,0.0,0.0
2023-07-11 00:00:00-04:00,2.9100000858306885,3.0999999046325684,2.9000000953674316,3.0,390100,0.0,0.0
2023-07-12 00:00:00-04:00,3.0,3.109999895095825,2.9800000190734863,3.0,335200,0.0,0.0
2023-07-13 00:00:00-04:00,3.0199999809265137,3.0799999237060547,2.950000047683716,2.9800000190734863,166400,0.0,0.0
2023-07-14 00:00:00-04:00,2.9600000381469727,3.0399999618530273,2.950000047683716,2.9700000286102295,165500,0.0,0.0
2023-07-17 00:00:00-04:00,3.0299999713897705,3.069999933242798,2.940000057220459,2.9600000381469727,256300,0.0,0.0
2023-07-18 00:00:00-04:00,2.9000000953674316,2.950000047683716,2.869999885559082,2.9100000858306885,66200,0.0,0.0
2023-07-19 00:00:00-04:00,2.8499999046325684,2.9600000381469727,2.8499999046325684,2.9200000762939453,90700,0.0,0.0
2023-07-20 00:00:00-04:00,2.890000104904175,2.990000009536743,2.880000114440918,2.890000104904175,92600,0.0,0.0
2023-07-21 00:00:00-04:00,2.9000000953674316,2.930000066757202,2.869999885559082,2.9000000953674316,79600,0.0,0.0
2023-07-24 00:00:00-04:00,2.8499999046325684,2.9600000381469727,2.799999952316284,2.930000066757202,158100,0.0,0.0
2023-07-25 00:00:00-04:00,2.950000047683716,2.990000009536743,2.8499999046325684,2.9000000953674316,103500,0.0,0.0
2023-07-26 00:00:00-04:00,2.859999895095825,2.9600000381469727,2.7899999618530273,2.819999933242798,109800,0.0,0.0
2023-07-27 00:00:00-04:00,2.859999895095825,2.9000000953674316,2.799999952316284,2.869999885559082,108000,0.0,0.0
2023-07-28 00:00:00-04:00,2.890000104904175,3.190000057220459,2.869999885559082,3.140000104904175,576700,0.0,0.0
2023-07-31 00:00:00-04:00,3.140000104904175,3.25,2.9700000286102295,3.059999942779541,301600,0.0,0.0
2023-08-01 00:00:00-04:00,3.009999990463257,3.055000066757202,2.9000000953674316,2.9600000381469727,163400,0.0,0.0
2023-08-02 00:00:00-04:00,2.9600000381469727,2.9700000286102295,2.819999933242798,2.9000000953674316,157900,0.0,0.0
2023-08-03 00:00:00-04:00,2.8499999046325684,3.0,2.8499999046325684,2.940000057220459,170300,0.0,0.0
2023-08-04 00:00:00-04:00,2.9000000953674316,2.940000057220459,2.880000114440918,2.880000114440918,189600,0.0,0.0
2023-08-07 00:00:00-04:00,2.880000114440918,2.950000047683716,2.7200000286102295,2.7200000286102295,310500,0.0,0.0
2023-08-08 00:00:00-04:00,2.7899999618530273,2.7899999618530273,2.5,2.559999942779541,192300,0.0,0.0
2023-08-09 00:00:00-04:00,2.5199999809265137,2.640000104904175,2.509999990463257,2.509999990463257,416400,0.0,0.0
2023-08-10 00:00:00-04:00,2.5899999141693115,2.7699999809265137,2.575000047683716,2.630000114440918,518800,0.0,0.0
2023-08-11 00:00:00-04:00,2.5899999141693115,2.640000104904175,2.559999942779541,2.5999999046325684,99500,0.0,0.0
2023-08-14 00:00:00-04:00,2.549999952316284,2.5899999141693115,2.509999990463257,2.5899999141693115,61500,0.0,0.0
2023-08-15 00:00:00-04:00,2.549999952316284,2.555000066757202,2.5,2.5299999713897705,98100,0.0,0.0
2023-08-16 00:00:00-04:00,2.490000009536743,2.619999885559082,2.490000009536743,2.549999952316284,226800,0.0,0.0
2023-08-17 00:00:00-04:00,2.559999942779541,2.640000104904175,2.509999990463257,2.509999990463257,423200,0.0,0.0
2023-08-18 00:00:00-04:00,2.440000057220459,2.509999990463257,2.390000104904175,2.390000104904175,128000,0.0,0.0
2023-08-21 00:00:00-04:00,2.4000000953674316,2.4100000858306885,2.3299999237060547,2.359999895095825,94800,0.0,0.0
2023-08-22 00:00:00-04:00,2.3499999046325684,2.4519999027252197,2.2899999618530273,2.319999933242798,195000,0.0,0.0
2023-08-23 00:00:00-04:00,2.4600000381469727,2.4600000381469727,2.0999999046325684,2.2799999713897705,530400,0.0,0.0
2023-08-24 00:00:00-04:00,2.319999933242798,2.390000104904175,2.259999990463257,2.2799999713897705,194000,0.0,0.0
2023-08-25 00:00:00-04:00,2.25,2.359999895095825,2.200000047683716,2.2300000190734863,223000,0.0,0.0
2023-08-28 00:00:00-04:00,2.2799999713897705,2.2899999618530273,2.200000047683716,2.2100000381469727,195100,0.0,0.0
2023-08-29 00:00:00-04:00,2.2200000286102295,2.450000047683716,2.200000047683716,2.309999942779541,376300,0.0,0.0
2023-08-30 00:00:00-04:00,2.2200000286102295,2.390000104904175,2.193000078201294,2.240000009536743,256000,0.0,0.0
2023-08-31 00:00:00-04:00,2.25,2.3299999237060547,2.2200000286102295,2.259999990463257,218100,0.0,0.0
2023-09-01 00:00:00-04:00,2.2899999618530273,2.3499999046325684,2.2249999046325684,2.25,235800,0.0,0.0
2023-09-05 00:00:00-04:00,2.2300000190734863,2.299999952316284,2.119999885559082,2.1700000762939453,149400,0.0,0.0
2023-09-06 00:00:00-04:00,2.1700000762939453,2.2699999809265137,2.119999885559082,2.140000104904175,237500,0.0,0.0
2023-09-07 00:00:00-04:00,2.190000057220459,2.2200000286102295,2.0999999046325684,2.109999895095825,193800,0.0,0.0
2023-09-08 00:00:00-04:00,2.140000104904175,2.1500000953674316,2.0199999809265137,2.049999952316284,164900,0.0,0.0
2023-09-11 00:00:00-04:00,2.069999933242798,2.119999885559082,2.0199999809265137,2.0399999618530273,211800,0.0,0.0
2023-09-12 00:00:00-04:00,2.0899999141693115,2.0899999141693115,2.0199999809265137,2.0399999618530273,122000,0.0,0.0
2023-09-13 00:00:00-04:00,2.109999895095825,2.109999895095825,1.9199999570846558,2.0399999618530273,131200,0.0,0.0
2023-09-14 00:00:00-04:00,2.0299999713897705,2.130000114440918,2.009999990463257,2.069999933242798,144000,0.0,0.0
2023-09-15 00:00:00-04:00,2.049999952316284,2.1449999809265137,2.0299999713897705,2.0399999618530273,163100,0.0,0.0
2023-09-18 00:00:00-04:00,2.009999990463257,2.119999885559082,2.0,2.0299999713897705,114400,0.0,0.0
2023-09-19 00:00:00-04:00,2.0299999713897705,2.111999988555908,2.009999990463257,2.0299999713897705,99900,0.0,0.0
2023-09-20 00:00:00-04:00,2.0299999713897705,2.0899999141693115,1.9500000476837158,1.9800000190734863,127700,0.0,0.0
2023-09-21 00:00:00-04:00,2.009999990463257,2.049999952316284,1.809999942779541,1.840000033378601,250700,0.0,0.0
2023-09-22 00:00:00-04:00,1.940000057220459,2.0399999618530273,1.8799999952316284,2.009999990463257,128900,0.0,0.0
2023-09-25 00:00:00-04:00,1.9600000381469727,2.0399999618530273,1.940000057220459,1.9900000095367432,98600,0.0,0.0
2023-09-26 00:00:00-04:00,2.0199999809265137,2.069999933242798,1.9299999475479126,1.9800000190734863,107600,0.0,0.0
2023-09-27 00:00:00-04:00,2.0,2.2300000190734863,1.934999942779541,2.200000047683716,206000,0.0,0.0
2023-09-28 00:00:00-04:00,2.2300000190734863,2.319999933242798,2.069999933242798,2.259999990463257,179300,0.0,0.0
2023-09-29 00:00:00-04:00,2.2799999713897705,2.4000000953674316,2.2300000190734863,2.2799999713897705,177100,0.0,0.0
2023-10-02 00:00:00-04:00,2.319999933242798,2.3519999980926514,2.1700000762939453,2.2899999618530273,106700,0.0,0.0
2023-10-03 00:00:00-04:00,2.259999990463257,2.369999885559082,2.1600000858306885,2.2200000286102295,173600,0.0,0.0
2023-10-04 00:00:00-04:00,2.190000057220459,2.2799999713897705,2.1449999809265137,2.190000057220459,157100,0.0,0.0
2023-10-05 00:00:00-04:00,2.1700000762939453,2.2699999809265137,2.1500000953674316,2.1700000762939453,91500,0.0,0.0
2023-10-06 00:00:00-04:00,2.1500000953674316,2.299999952316284,2.140000104904175,2.2200000286102295,109700,0.0,0.0
2023-10-09 00:00:00-04:00,2.190000057220459,2.369999885559082,2.1700000762939453,2.309999942779541,185300,0.0,0.0
2023-10-10 00:00:00-04:00,2.2799999713897705,2.505000114440918,2.2699999809265137,2.4200000762939453,193900,0.0,0.0
2023-10-11 00:00:00-04:00,2.4200000762939453,2.5199999809265137,2.140000104904175,2.1600000858306885,464400,0.0,0.0
2023-10-12 00:00:00-04:00,2.1500000953674316,2.1989998817443848,2.049999952316284,2.119999885559082,129500,0.0,0.0
2023-10-13 00:00:00-04:00,2.0199999809265137,2.0899999141693115,1.5399999618530273,1.600000023841858,1430300,0.0,0.0
2023-10-16 00:00:00-04:00,1.600000023841858,1.8700000047683716,1.600000023841858,1.7899999618530273,241100,0.0,0.0
2023-10-17 00:00:00-04:00,1.8200000524520874,1.850000023841858,1.7400000095367432,1.7999999523162842,424200,0.0,0.0
2023-10-18 00:00:00-04:00,1.7999999523162842,1.8140000104904175,1.6299999952316284,1.6299999952316284,275600,0.0,0.0
2023-10-19 00:00:00-04:00,1.6699999570846558,1.6799999475479126,1.440000057220459,1.440000057220459,668200,0.0,0.0
2023-10-20 00:00:00-04:00,1.4900000095367432,1.7000000476837158,1.4900000095367432,1.5099999904632568,505300,0.0,0.0
2023-10-23 00:00:00-04:00,1.5700000524520874,1.628999948501587,1.409999966621399,1.409999966621399,401600,0.0,0.0
2023-10-24 00:00:00-04:00,1.4500000476837158,1.5499999523162842,1.399999976158142,1.399999976158142,489600,0.0,0.0
2023-10-25 00:00:00-04:00,1.409999966621399,1.4980000257492065,1.3799999952316284,1.399999976158142,389000,0.0,0.0
2023-10-26 00:00:00-04:00,1.399999976158142,1.590000033378601,1.2999999523162842,1.5299999713897705,830200,0.0,0.0
2023-10-27 00:00:00-04:00,1.5299999713897705,1.590000033378601,1.4700000286102295,1.5099999904632568,462000,0.0,0.0
2023-10-30 00:00:00-04:00,1.5499999523162842,1.600000023841858,1.4700000286102295,1.5,220300,0.0,0.0
2023-10-31 00:00:00-04:00,1.4700000286102295,1.5199999809265137,1.4500000476837158,1.4700000286102295,176300,0.0,0.0
2023-11-01 00:00:00-04:00,1.4600000381469727,1.5479999780654907,1.4600000381469727,1.5299999713897705,246500,0.0,0.0
2023-11-02 00:00:00-04:00,1.5499999523162842,1.6399999856948853,1.5,1.6299999952316284,266300,0.0,0.0
2023-11-03 00:00:00-04:00,1.6699999570846558,1.7799999713897705,1.6399999856948853,1.7599999904632568,484200,0.0,0.0
2023-11-06 00:00:00-05:00,1.7699999809265137,1.8300000429153442,1.7100000381469727,1.7799999713897705,581600,0.0,0.0
2023-11-07 00:00:00-05:00,1.7300000190734863,1.7999999523162842,1.6699999570846558,1.7200000286102295,487700,0.0,0.0
2023-11-08 00:00:00-05:00,1.7100000381469727,1.7999999523162842,1.7100000381469727,1.7599999904632568,1958000,0.0,0.0
2023-11-09 00:00:00-05:00,1.7690000534057617,1.7970000505447388,1.659999966621399,1.6799999475479126,263200,0.0,0.0
2023-11-10 00:00:00-05:00,1.6399999856948853,1.7400000095367432,1.590000033378601,1.649999976158142,600700,0.0,0.0
2023-11-13 00:00:00-05:00,1.6299999952316284,1.6399999856948853,1.5800000429153442,1.600000023841858,261000,0.0,0.0
2023-11-14 00:00:00-05:00,1.6100000143051147,1.6649999618530273,1.6100000143051147,1.6299999952316284,229900,0.0,0.0
2023-11-15 00:00:00-05:00,1.649999976158142,1.7450000047683716,1.6299999952316284,1.7100000381469727,451100,0.0,0.0
2023-11-16 00:00:00-05:00,1.6799999475479126,1.7690000534057617,1.6299999952316284,1.7100000381469727,206000,0.0,0.0
2023-11-17 00:00:00-05:00,1.7000000476837158,1.7300000190734863,1.6399999856948853,1.659999966621399,160400,0.0,0.0
2023-11-20 00:00:00-05:00,1.6799999475479126,1.7899999618530273,1.6799999475479126,1.7599999904632568,291300,0.0,0.0
2023-11-21 00:00:00-05:00,1.7799999713897705,1.850000023841858,1.7400000095367432,1.7999999523162842,332600,0.0,0.0
2023-11-22 00:00:00-05:00,1.850000023841858,1.8799999952316284,1.659999966621399,1.7100000381469727,247800,0.0,0.0
2023-11-24 00:00:00-05:00,1.7100000381469727,1.809999942779541,1.7100000381469727,1.7799999713897705,359100,0.0,0.0
2023-11-27 00:00:00-05:00,1.75,1.8200000524520874,1.7300000190734863,1.7699999809265137,329100,0.0,0.0
2023-11-28 00:00:00-05:00,1.75,1.7999999523162842,1.7300000190734863,1.7799999713897705,273800,0.0,0.0
2023-11-29 00:00:00-05:00,1.75,1.8009999990463257,1.7300000190734863,1.7400000095367432,481800,0.0,0.0
2023-11-30 00:00:00-05:00,1.7100000381469727,1.850000023841858,1.7100000381469727,1.7899999618530273,641600,0.0,0.0
2023-12-01 00:00:00-05:00,1.7599999904632568,1.7899999618530273,1.7200000286102295,1.7699999809265137,392900,0.0,0.0
2023-12-04 00:00:00-05:00,1.75,1.7680000066757202,1.649999976158142,1.7400000095367432,128700,0.0,0.0
2023-12-05 00:00:00-05:00,1.7000000476837158,1.7400000095367432,1.659999966621399,1.690000057220459,217800,0.0,0.0
2023-12-06 00:00:00-05:00,1.6699999570846558,1.7000000476837158,1.5800000429153442,1.6100000143051147,134300,0.0,0.0
2023-12-07 00:00:00-05:00,1.5700000524520874,1.649999976158142,1.5700000524520874,1.6299999952316284,168600,0.0,0.0
2023-12-08 00:00:00-05:00,1.649999976158142,1.7000000476837158,1.600000023841858,1.600000023841858,200200,0.0,0.0
2023-12-11 00:00:00-05:00,1.559999942779541,1.649999976158142,1.5399999618530273,1.5700000524520874,1954100,0.0,0.0
2023-12-12 00:00:00-05:00,1.600000023841858,1.600000023841858,1.5499999523162842,1.600000023841858,353100,0.0,0.0
2023-12-13 00:00:00-05:00,1.5399999618530273,1.6799999475479126,1.5399999618530273,1.6200000047683716,188900,0.0,0.0
2023-12-14 00:00:00-05:00,1.600000023841858,1.684999942779541,1.5700000524520874,1.6699999570846558,379800,0.0,0.0
2023-12-15 00:00:00-05:00,1.7100000381469727,1.7400000095367432,1.6200000047683716,1.7100000381469727,501600,0.0,0.0
2023-12-18 00:00:00-05:00,1.6799999475479126,1.7799999713897705,1.6200000047683716,1.7300000190734863,623800,0.0,0.0
2023-12-19 00:00:00-05:00,1.7000000476837158,1.7999999523162842,1.6100000143051147,1.7300000190734863,453100,0.0,0.0
2023-12-20 00:00:00-05:00,1.6699999570846558,1.809999942779541,1.6660000085830688,1.7599999904632568,493600,0.0,0.0
2023-12-21 00:00:00-05:00,1.7300000190734863,1.809999942779541,1.7100000381469727,1.7699999809265137,479700,0.0,0.0
2023-12-22 00:00:00-05:00,1.7799999713897705,1.7999999523162842,1.6699999570846558,1.7999999523162842,558500,0.0,0.0
2023-12-26 00:00:00-05:00,1.7699999809265137,1.8200000524520874,1.7100000381469727,1.7799999713897705,456100,0.0,0.0
2023-12-27 00:00:00-05:00,1.7799999713897705,1.850000023841858,1.7599999904632568,1.809999942779541,348500,0.0,0.0
2023-12-28 00:00:00-05:00,1.809999942779541,1.9900000095367432,1.7920000553131104,1.8899999856948853,559400,0.0,0.0
2023-12-29 00:00:00-05:00,1.8700000047683716,1.9500000476837158,1.840000033378601,1.9199999570846558,317100,0.0,0.0
2024-01-02 00:00:00-05:00,1.8899999856948853,1.899999976158142,1.7100000381469727,1.7400000095367432,227300,0.0,0.0
2024-01-03 00:00:00-05:00,1.7799999713897705,1.7799999713897705,1.7200000286102295,1.7599999904632568,142300,0.0,0.0
2024-01-04 00:00:00-05:00,1.7400000095367432,1.7599999904632568,1.6399999856948853,1.6699999570846558,143600,0.0,0.0
2024-01-05 00:00:00-05:00,1.649999976158142,1.659999966621399,1.590000033378601,1.6200000047683716,145100,0.0,0.0
2024-01-08 00:00:00-05:00,1.6100000143051147,1.6299999952316284,1.5700000524520874,1.600000023841858,200200,0.0,0.0
2024-01-09 00:00:00-05:00,1.5800000429153442,1.600000023841858,1.5499999523162842,1.5499999523162842,177400,0.0,0.0
2024-01-10 00:00:00-05:00,1.5499999523162842,1.559999942779541,1.5,1.5,109300,0.0,0.0
2024-01-11 00:00:00-05:00,1.5,1.5199999809265137,1.4500000476837158,1.4500000476837158,100600,0.0,0.0
2024-01-12 00:00:00-05:00,1.4500000476837158,1.4579999446868896,1.409999966621399,1.4199999570846558,133700,0.0,0.0
2024-01-16 00:00:00-05:00,1.399999976158142,1.399999976158142,1.2599999904632568,1.2799999713897705,289100,0.0,0.0
2024-01-17 00:00:00-05:00,1.2599999904632568,1.309999942779541,1.2380000352859497,1.2999999523162842,355400,0.0,0.0
2024-01-18 00:00:00-05:00,1.2999999523162842,1.3200000524520874,1.159999966621399,1.2699999809265137,281400,0.0,0.0
2024-01-19 00:00:00-05:00,1.309999942779541,1.3200000524520874,1.2000000476837158,1.2200000286102295,228500,0.0,0.0
2024-01-22 00:00:00-05:00,1.1699999570846558,1.25,1.1699999570846558,1.2100000381469727,184400,0.0,0.0
2024-01-23 00:00:00-05:00,1.2799999713897705,1.2799999713897705,1.2200000286102295,1.2200000286102295,227100,0.0,0.0
2024-01-24 00:00:00-05:00,1.2200000286102295,1.25600004196167,1.2200000286102295,1.2200000286102295,213900,0.0,0.0
2024-01-25 00:00:00-05:00,1.2999999523162842,1.2999999523162842,1.1799999475479126,1.1799999475479126,140100,0.0,0.0
2024-01-26 00:00:00-05:00,1.190000057220459,1.2300000190734863,1.1699999570846558,1.2300000190734863,212800,0.0,0.0
2024-01-29 00:00:00-05:00,1.2100000381469727,1.2400000095367432,1.1399999856948853,1.1399999856948853,354800,0.0,0.0
2024-01-30 00:00:00-05:00,1.1399999856948853,1.149999976158142,1.059999942779541,1.100000023841858,353200,0.0,0.0
2024-01-31 00:00:00-05:00,1.090000033378601,1.1150000095367432,1.059999942779541,1.0800000429153442,295800,0.0,0.0
2024-02-01 00:00:00-05:00,1.0800000429153442,1.1100000143051147,1.0700000524520874,1.0800000429153442,270900,0.0,0.0
2024-02-02 00:00:00-05:00,1.0700000524520874,1.0800000429153442,1.059999942779541,1.0700000524520874,117500,0.0,0.0
2024-02-05 00:00:00-05:00,1.0800000429153442,1.0800000429153442,1.0099999904632568,1.0299999713897705,178300,0.0,0.0
2024-02-06 00:00:00-05:00,1.059999942779541,1.1299999952316284,1.0199999809265137,1.1200000047683716,304400,0.0,0.0
2024-02-07 00:00:00-05:00,1.090000033378601,1.1410000324249268,1.090000033378601,1.1200000047683716,189700,0.0,0.0
2024-02-08 00:00:00-05:00,1.1200000047683716,1.1399999856948853,1.100000023841858,1.100000023841858,176100,0.0,0.0
2024-02-09 00:00:00-05:00,1.090000033378601,1.100000023841858,1.059999942779541,1.090000033378601,103700,0.0,0.0
2024-02-12 00:00:00-05:00,1.0800000429153442,1.1200000047683716,1.0800000429153442,1.100000023841858,140300,0.0,0.0
2024-02-13 00:00:00-05:00,1.0700000524520874,1.1200000047683716,1.0700000524520874,1.100000023841858,160800,0.0,0.0
2024-02-14 00:00:00-05:00,1.0800000429153442,1.1100000143051147,1.0800000429153442,1.090000033378601,123200,0.0,0.0
2024-02-15 00:00:00-05:00,1.0700000524520874,1.1299999952316284,1.0700000524520874,1.1100000143051147,133600,0.0,0.0
2024-02-16 00:00:00-05:00,1.1100000143051147,1.1399999856948853,1.090000033378601,1.100000023841858,158700,0.0,0.0
2024-02-20 00:00:00-05:00,1.100000023841858,1.1299999952316284,1.100000023841858,1.1200000047683716,134200,0.0,0.0
2024-02-21 00:00:00-05:00,1.1200000047683716,1.1399999856948853,1.100000023841858,1.100000023841858,147900,0.0,0.0
2024-02-22 00:00:00-05:00,1.1100000143051147,1.1299999952316284,1.1100000143051147,1.1200000047683716,121100,0.0,0.0
2024-02-23 00:00:00-05:00,1.2000000476837158,1.2100000381469727,1.1399999856948853,1.159999966621399,396500,0.0,0.0
2024-02-26 00:00:00-05:00,1.190000057220459,1.2330000400543213,1.1699999570846558,1.2000000476837158,145100,0.0,0.0
2024-02-27 00:00:00-05:00,1.1799999475479126,1.2100000381469727,1.1799999475479126,1.2000000476837158,142900,0.0,0.0
2024-02-28 00:00:00-05:00,1.1799999475479126,1.2000000476837158,1.159999966621399,1.1699999570846558,115700,0.0,0.0
2024-02-29 00:00:00-05:00,1.149999976158142,1.2100000381469727,1.149999976158142,1.1799999475479126,123400,0.0,0.0
2024-03-01 00:00:00-05:00,1.159999966621399,1.2000000476837158,1.159999966621399,1.1699999570846558,109800,0.0,0.0
2024-03-04 00:00:00-05:00,1.2000000476837158,1.2000000476837158,1.159999966621399,1.1699999570846558,163600,0.0,0.0
2024-03-05 00:00:00-05:00,1.159999966621399,1.1749999523162842,1.1299999952316284,1.149999976158142,95700,0.0,0.0
2024-03-06 00:00:00-05:00,1.1399999856948853,1.1799999475479126,1.1399999856948853,1.149999976158142,111600,0.0,0.0
2024-03-07 00:00:00-05:00,1.1299999952316284,1.159999966621399,1.1100000143051147,1.1399999856948853,90100,0.0,0.0
2024-03-08 00:00:00-05:00,1.1299999952316284,1.159999966621399,1.1299999952316284,1.1399999856948853,146100,0.0,0.0
2024-03-11 00:00:00-04:00,1.149999976158142,1.190000057220459,1.149999976158142,1.190000057220459,213400,0.0,0.0
2024-03-12 00:00:00-04:00,1.559999942779541,1.7000000476837158,1.3700000047683716,1.5099999904632568,16112600,0.0,0.0
2024-03-13 00:00:00-04:00,1.4600000381469727,1.6399999856948853,1.440000057220459,1.590000033378601,2234400,0.0,0.0
2024-03-14 00:00:00-04:00,1.590000033378601,1.7400000095367432,1.5399999618530273,1.6799999475479126,1998800,0.0,0.0
2024-03-15 00:00:00-04:00,1.690000057220459,1.75,1.659999966621399,1.6799999475479126,1260400,0.0,0.0
2024-03-18 00:00:00-04:00,1.7100000381469727,1.9199999570846558,1.6950000524520874,1.809999942779541,1592100,0.0,0.0
2024-03-19 00:00:00-04:00,1.8200000524520874,1.840000033378601,1.7000000476837158,1.840000033378601,589100,0.0,0.0
2024-03-20 00:00:00-04:00,1.7999999523162842,1.840000033378601,1.7699999809265137,1.8300000429153442,468600,0.0,0.0
2024-03-21 00:00:00-04:00,1.8300000429153442,1.840000033378601,1.7799999713897705,1.7999999523162842,475800,0.0,0.0
2024-03-22 00:00:00-04:00,1.7599999904632568,1.809999942779541,1.6200000047683716,1.6699999570846558,941700,0.0,0.0
2024-03-25 00:00:00-04:00,1.6699999570846558,1.7050000429153442,1.600000023841858,1.6299999952316284,321500,0.0,0.0
2024-03-26 00:00:00-04:00,1.6100000143051147,1.6749999523162842,1.6009999513626099,1.649999976158142,258300,0.0,0.0
2024-03-27 00:00:00-04:00,1.6200000047683716,1.6699999570846558,1.6139999628067017,1.649999976158142,205300,0.0,0.0
2024-03-28 00:00:00-04:00,1.649999976158142,1.7599999904632568,1.649999976158142,1.7599999904632568,560800,0.0,0.0
2024-04-01 00:00:00-04:00,1.7599999904632568,1.8700000047683716,1.75,1.840000033378601,660600,0.0,0.0
2024-04-02 00:00:00-04:00,1.8200000524520874,1.8700000047683716,1.7899999618530273,1.850000023841858,505200,0.0,0.0
2024-04-03 00:00:00-04:00,1.840000033378601,1.8600000143051147,1.7899999618530273,1.7899999618530273,320200,0.0,0.0
2024-04-04 00:00:00-04:00,1.809999942779541,1.850000023841858,1.7400000095367432,1.75,312700,0.0,0.0
2024-04-05 00:00:00-04:00,1.75,1.7899999618530273,1.6200000047683716,1.659999966621399,557900,0.0,0.0
2024-04-08 00:00:00-04:00,1.659999966621399,1.7000000476837158,1.6100000143051147,1.690000057220459,869200,0.0,0.0
2024-04-09 00:00:00-04:00,1.6699999570846558,1.7200000286102295,1.6699999570846558,1.7000000476837158,698600,0.0,0.0
2024-04-10 00:00:00-04:00,1.7200000286102295,1.7389999628067017,1.659999966621399,1.7100000381469727,578100,0.0,0.0
2024-04-11 00:00:00-04:00,1.6799999475479126,1.75,1.6799999475479126,1.7300000190734863,523400,0.0,0.0
2024-04-12 00:00:00-04:00,1.7300000190734863,1.7599999904632568,1.7200000286102295,1.7400000095367432,531000,0.0,0.0
2024-04-15 00:00:00-04:00,1.7300000190734863,1.7599999904632568,1.7100000381469727,1.7100000381469727,345800,0.0,0.0
2024-04-16 00:00:00-04:00,1.7200000286102295,1.7200000286102295,1.5,1.5299999713897705,1107800,0.0,0.0
2024-04-17 00:00:00-04:00,1.5499999523162842,1.600000023841858,1.5499999523162842,1.590000033378601,540900,0.0,0.0
2024-04-18 00:00:00-04:00,1.590000033378601,1.6200000047683716,1.5399999618530273,1.559999942779541,476000,0.0,0.0
2024-04-19 00:00:00-04:00,1.590000033378601,1.7050000429153442,1.5499999523162842,1.5800000429153442,501600,0.0,0.0
2024-04-22 00:00:00-04:00,1.600000023841858,1.6200000047683716,1.5399999618530273,1.5499999523162842,371500,0.0,0.0
2024-04-23 00:00:00-04:00,1.5299999713897705,1.6200000047683716,1.5299999713897705,1.5800000429153442,1252200,0.0,0.0
2024-04-24 00:00:00-04:00,1.600000023841858,1.6200000047683716,1.5800000429153442,1.5800000429153442,1118000,0.0,0.0
2024-04-25 00:00:00-04:00,1.5700000524520874,1.6200000047683716,1.5499999523162842,1.6100000143051147,672900,0.0,0.0
2024-04-26 00:00:00-04:00,1.7699999809265137,2.0,1.690000057220459,1.9800000190734863,3416400,0.0,0.0
2024-04-29 00:00:00-04:00,2.0,2.0899999141693115,1.9500000476837158,2.069999933242798,1144700,0.0,0.0
2024-04-30 00:00:00-04:00,2.049999952316284,2.0999999046325684,2.0299999713897705,2.0799999237060547,669600,0.0,0.0
2024-05-01 00:00:00-04:00,2.0799999237060547,2.0999999046325684,1.8899999856948853,2.069999933242798,951500,0.0,0.0
2024-05-02 00:00:00-04:00,2.119999885559082,2.1500000953674316,2.049999952316284,2.1500000953674316,1064600,0.0,0.0
2024-05-03 00:00:00-04:00,2.180000066757202,2.259999990463257,2.0999999046325684,2.259999990463257,1376200,0.0,0.0
2024-05-06 00:00:00-04:00,2.2899999618530273,2.380000114440918,2.240000009536743,2.3399999141693115,1498000,0.0,0.0
2024-05-07 00:00:00-04:00,2.390000104904175,2.609999895095825,2.190000057220459,2.5199999809265137,2535000,0.0,0.0
2024-05-08 00:00:00-04:00,2.609999895095825,2.630000114440918,2.3299999237060547,2.450000047683716,1219000,0.0,0.0
2024-05-09 00:00:00-04:00,2.440000057220459,3.0,2.4100000858306885,2.890000104904175,4875600,0.0,0.0
2024-05-10 00:00:00-04:00,2.950000047683716,2.9600000381469727,2.5899999141693115,2.630000114440918,3112600,0.0,0.0
2024-05-13 00:00:00-04:00,2.700000047683716,2.8949999809265137,2.640000104904175,2.7799999713897705,2411600,0.0,0.0
2024-05-14 00:00:00-04:00,2.7799999713897705,2.940000057220459,2.630000114440918,2.7200000286102295,3002300,0.0,0.0
2024-05-15 00:00:00-04:00,2.7200000286102295,3.0250000953674316,2.549999952316284,2.7899999618530273,3229700,0.0,0.0
2024-05-16 00:00:00-04:00,2.8499999046325684,2.930000066757202,2.6510000228881836,2.9100000858306885,1600500,0.0,0.0
2024-05-17 00:00:00-04:00,2.8499999046325684,2.940000057220459,2.799999952316284,2.8299999237060547,1248600,0.0,0.0
2024-05-20 00:00:00-04:00,2.5999999046325684,2.7899999618530273,2.5199999809265137,2.7100000381469727,3667000,0.0,0.0
2024-05-21 00:00:00-04:00,2.6700000762939453,2.700000047683716,2.5899999141693115,2.640000104904175,759800,0.0,0.0
2024-05-22 00:00:00-04:00,2.609999895095825,2.640000104904175,2.4600000381469727,2.5,1874100,0.0,0.0
2024-05-23 00:00:00-04:00,2.4000000953674316,2.5399999618530273,2.2699999809265137,2.2899999618530273,2392400,0.0,0.0
2024-05-24 00:00:00-04:00,2.299999952316284,2.4100000858306885,2.259999990463257,2.309999942779541,1364300,0.0,0.0
2024-05-28 00:00:00-04:00,2.3499999046325684,2.4000000953674316,2.2850000858306885,2.3299999237060547,1166200,0.0,0.0
2024-05-29 00:00:00-04:00,2.319999933242798,2.4049999713897705,2.2699999809265137,2.309999942779541,1017800,0.0,0.0
2024-05-30 00:00:00-04:00,2.299999952316284,2.440000057220459,2.299999952316284,2.380000114440918,887100,0.0,0.0
2024-05-31 00:00:00-04:00,2.390000104904175,2.4200000762939453,2.259999990463257,2.309999942779541,1445800,0.0,0.0
2024-06-03 00:00:00-04:00,2.4100000858306885,2.549999952316284,2.369999885559082,2.509999990463257,1429400,0.0,0.0
2024-06-04 00:00:00-04:00,2.5,2.5199999809265137,2.4000000953674316,2.4200000762939453,869000,0.0,0.0
2024-06-05 00:00:00-04:00,2.4200000762939453,2.5950000286102295,2.4200000762939453,2.5899999141693115,1231200,0.0,0.0
2024-06-06 00:00:00-04:00,2.630000114440918,2.690000057220459,2.549999952316284,2.690000057220459,1280300,0.0,0.0
2024-06-07 00:00:00-04:00,2.6700000762939453,2.680000066757202,2.509999990463257,2.5199999809265137,1261300,0.0,0.0
2024-06-10 00:00:00-04:00,2.509999990463257,2.555000066757202,2.443000078201294,2.5199999809265137,619800,0.0,0.0
2024-06-11 00:00:00-04:00,2.5,2.569999933242798,2.4809999465942383,2.549999952316284,688200,0.0,0.0
2024-06-12 00:00:00-04:00,2.5799999237060547,2.619999885559082,2.494999885559082,2.559999942779541,813800,0.0,0.0
2024-06-13 00:00:00-04:00,2.549999952316284,2.630000114440918,2.5299999713897705,2.559999942779541,734500,0.0,0.0
2024-06-14 00:00:00-04:00,2.5,2.5299999713897705,2.109999895095825,2.140000104904175,4555700,0.0,0.0
2024-06-17 00:00:00-04:00,2.2300000190734863,2.4189999103546143,2.180000066757202,2.190000057220459,2367100,0.0,0.0
2024-06-18 00:00:00-04:00,2.190000057220459,2.259999990463257,2.065000057220459,2.1500000953674316,3562400,0.0,0.0
2024-06-20 00:00:00-04:00,2.1700000762939453,2.200000047683716,2.0799999237060547,2.0899999141693115,623600,0.0,0.0
2024-06-21 00:00:00-04:00,2.2300000190734863,2.244999885559082,2.052999973297119,2.2300000190734863,2092500,0.0,0.0
2024-06-24 00:00:00-04:00,2.240000009536743,2.309999942779541,2.200000047683716,2.2699999809265137,979300,0.0,0.0
2024-06-25 00:00:00-04:00,2.2799999713897705,2.2899999618530273,2.190000057220459,2.240000009536743,762500,0.0,0.0
2024-06-26 00:00:00-04:00,2.25,2.3499999046325684,2.200000047683716,2.2200000286102295,805400,0.0,0.0
2024-06-27 00:00:00-04:00,2.319999933242798,2.319999933242798,2.200000047683716,2.200000047683716,751800,0.0,0.0
2024-06-28 00:00:00-04:00,2.180000066757202,2.4700000286102295,2.180000066757202,2.369999885559082,2783700,0.0,0.0
2024-07-01 00:00:00-04:00,2.299999952316284,2.440000057220459,2.2699999809265137,2.390000104904175,1114200,0.0,0.0
2024-07-02 00:00:00-04:00,2.4000000953674316,2.5,2.380000114440918,2.490000009536743,1228400,0.0,0.0
2024-07-03 00:00:00-04:00,2.509999990463257,2.6050000190734863,2.490000009536743,2.549999952316284,1392800,0.0,0.0
2024-07-05 00:00:00-04:00,2.559999942779541,2.619999885559082,2.515000104904175,2.569999933242798,1144100,0.0,0.0
2024-07-08 00:00:00-04:00,2.549999952316284,2.5799999237060547,2.3399999141693115,2.359999895095825,1298400,0.0,0.0
2024-07-09 00:00:00-04:00,2.359999895095825,2.4000000953674316,2.190000057220459,2.309999942779541,1591800,0.0,0.0
2024-07-10 00:00:00-04:00,2.319999933242798,2.384999990463257,2.2799999713897705,2.319999933242798,893000,0.0,0.0
2024-07-11 00:00:00-04:00,2.319999933242798,2.434999942779541,2.319999933242798,2.430000066757202,930700,0.0,0.0
2024-07-12 00:00:00-04:00,2.4700000286102295,2.4800000190734863,2.3499999046325684,2.380000114440918,719400,0.0,0.0
2024-07-15 00:00:00-04:00,2.359999895095825,2.359999895095825,2.25,2.259999990463257,556700,0.0,0.0
2024-07-16 00:00:00-04:00,2.3499999046325684,2.3499999046325684,2.2799999713897705,2.2899999618530273,423000,0.0,0.0
2024-07-17 00:00:00-04:00,2.259999990463257,2.369999885559082,2.2200000286102295,2.2300000190734863,743100,0.0,0.0
2024-07-18 00:00:00-04:00,2.2100000381469727,2.319999933242798,2.2100000381469727,2.240000009536743,518600,0.0,0.0
2024-07-19 00:00:00-04:00,2.259999990463257,2.259999990463257,2.140000104904175,2.1700000762939453,956900,0.0,0.0
2024-07-22 00:00:00-04:00,2.200000047683716,2.2899999618530273,2.184999942779541,2.2799999713897705,682800,0.0,0.0
2024-07-23 00:00:00-04:00,2.2799999713897705,2.440000057220459,2.240000009536743,2.380000114440918,1190400,0.0,0.0
2024-07-24 00:00:00-04:00,2.380000114440918,2.450000047683716,2.3499999046325684,2.440000057220459,931700,0.0,0.0
2024-07-25 00:00:00-04:00,2.380000114440918,2.440000057220459,2.3299999237060547,2.380000114440918,621400,0.0,0.0
2024-07-26 00:00:00-04:00,2.4000000953674316,2.565000057220459,2.38100004196167,2.5399999618530273,853000,0.0,0.0
2024-07-29 00:00:00-04:00,2.549999952316284,2.549999952316284,2.4649999141693115,2.4700000286102295,628300,0.0,0.0
2024-07-30 00:00:00-04:00,2.490000009536743,2.509999990463257,2.369999885559082,2.380000114440918,461200,0.0,0.0
2024-07-31 00:00:00-04:00,2.390000104904175,2.744999885559082,2.380000114440918,2.680000066757202,1800900,0.0,0.0
2024-08-01 00:00:00-04:00,2.609999895095825,2.6500000953674316,2.5199999809265137,2.5899999141693115,965400,0.0,0.0
2024-08-02 00:00:00-04:00,2.509999990463257,2.609999895095825,2.450000047683716,2.5799999237060547,953500,0.0,0.0
2024-08-05 00:00:00-04:00,2.4600000381469727,2.5250000953674316,2.3299999237060547,2.490000009536743,710400,0.0,0.0
2024-08-06 00:00:00-04:00,2.4700000286102295,2.5899999141693115,2.4649999141693115,2.490000009536743,708700,0.0,0.0
2024-08-07 00:00:00-04:00,2.5199999809265137,2.549999952316284,2.424999952316284,2.4800000190734863,703000,0.0,0.0
2024-08-08 00:00:00-04:00,2.5299999713897705,2.625,2.484999895095825,2.609999895095825,708000,0.0,0.0
2024-08-09 00:00:00-04:00,2.5799999237060547,2.640000104904175,2.5350000858306885,2.5999999046325684,533900,0.0,0.0
2024-08-12 00:00:00-04:00,2.609999895095825,2.799999952316284,2.5999999046325684,2.7300000190734863,1489200,0.0,0.0
2024-08-13 00:00:00-04:00,2.7200000286102295,2.8399999141693115,2.680000066757202,2.7100000381469727,1073900,0.0,0.0
2024-08-14 00:00:00-04:00,2.7100000381469727,2.7300000190734863,2.6500000953674316,2.6700000762939453,737200,0.0,0.0
2024-08-15 00:00:00-04:00,2.690000057220459,2.819999933242798,2.690000057220459,2.740000009536743,919700,0.0,0.0
2024-08-16 00:00:00-04:00,2.7100000381469727,2.7850000858306885,2.7100000381469727,2.75,569100,0.0,0.0
2024-08-19 00:00:00-04:00,2.75,2.9000000953674316,2.75,2.8399999141693115,1526500,0.0,0.0
2024-08-20 00:00:00-04:00,2.680000066757202,2.680000066757202,2.4100000858306885,2.5199999809265137,1846700,0.0,0.0
2024-08-21 00:00:00-04:00,2.5199999809265137,2.700000047683716,2.5,2.619999885559082,1022600,0.0,0.0
2024-08-22 00:00:00-04:00,2.619999885559082,2.619999885559082,2.4700000286102295,2.4800000190734863,801700,0.0,0.0
2024-08-23 00:00:00-04:00,2.5,2.5,2.259999990463257,2.2799999713897705,1266500,0.0,0.0
2024-08-26 00:00:00-04:00,2.2799999713897705,2.309999942779541,2.194999933242798,2.2799999713897705,1563700,0.0,0.0
2024-08-27 00:00:00-04:00,2.299999952316284,2.309999942779541,2.2200000286102295,2.2300000190734863,685600,0.0,0.0
2024-08-28 00:00:00-04:00,2.2300000190734863,2.369999885559082,2.2200000286102295,2.319999933242798,1427800,0.0,0.0
2024-08-29 00:00:00-04:00,2.319999933242798,2.3949999809265137,2.2799999713897705,2.2899999618530273,897300,0.0,0.0
2024-08-30 00:00:00-04:00,2.3499999046325684,2.5399999618530273,2.3399999141693115,2.369999885559082,1321800,0.0,0.0
2024-09-03 00:00:00-04:00,2.380000114440918,2.490000009536743,2.3299999237060547,2.380000114440918,1413900,0.0,0.0
2024-09-04 00:00:00-04:00,2.4000000953674316,2.440000057220459,2.359999895095825,2.4000000953674316,541600,0.0,0.0
2024-09-05 00:00:00-04:00,2.4000000953674316,2.569999933242798,2.3499999046325684,2.559999942779541,1285200,0.0,0.0
2024-09-06 00:00:00-04:00,2.5,2.569999933242798,2.430000066757202,2.509999990463257,1072800,0.0,0.0
2024-09-09 00:00:00-04:00,2.509999990463257,2.5260000228881836,2.380000114440918,2.390000104904175,571500,0.0,0.0
2024-09-10 00:00:00-04:00,2.3499999046325684,2.4749999046325684,2.3399999141693115,2.440000057220459,418300,0.0,0.0
2024-09-11 00:00:00-04:00,2.4200000762939453,2.4649999141693115,2.390000104904175,2.390000104904175,350000,0.0,0.0
2024-09-12 00:00:00-04:00,2.369999885559082,2.424999952316284,2.3499999046325684,2.359999895095825,379000,0.0,0.0
2024-09-13 00:00:00-04:00,2.3499999046325684,2.4100000858306885,2.319999933242798,2.369999885559082,558600,0.0,0.0
2024-09-16 00:00:00-04:00,2.359999895095825,2.4100000858306885,2.3350000381469727,2.3399999141693115,342700,0.0,0.0
2024-09-17 00:00:00-04:00,2.3399999141693115,2.4049999713897705,2.322000026702881,2.359999895095825,321600,0.0,0.0
2024-09-18 00:00:00-04:00,2.359999895095825,2.375,2.265000104904175,2.2799999713897705,507300,0.0,0.0
2024-09-19 00:00:00-04:00,2.309999942779541,2.3399999141693115,2.1600000858306885,2.190000057220459,1532600,0.0,0.0
2024-09-20 00:00:00-04:00,2.180000066757202,2.2160000801086426,2.1600000858306885,2.200000047683716,811700,0.0,0.0
2024-09-23 00:00:00-04:00,2.2100000381469727,2.2809998989105225,2.200000047683716,2.2100000381469727,510900,0.0,0.0
2024-09-24 00:00:00-04:00,2.3499999046325684,2.3499999046325684,2.119999885559082,2.200000047683716,3628500,0.0,0.0
2024-09-25 00:00:00-04:00,2.1700000762939453,2.2200000286102295,2.1700000762939453,2.190000057220459,704700,0.0,0.0
2024-09-26 00:00:00-04:00,2.319999933242798,2.490000009536743,2.259999990463257,2.4800000190734863,3830600,0.0,0.0
2024-09-27 00:00:00-04:00,2.559999942779541,2.5899999141693115,2.4800000190734863,2.5299999713897705,2211500,0.0,0.0
2024-09-30 00:00:00-04:00,2.8499999046325684,2.9000000953674316,2.619999885559082,2.7799999713897705,4394100,0.0,0.0
2024-10-01 00:00:00-04:00,2.7899999618530273,2.9200000762939453,2.690000057220459,2.8299999237060547,1318500,0.0,0.0
2024-10-02 00:00:00-04:00,2.9700000286102295,3.184999942779541,2.815000057220459,2.9000000953674316,3959400,0.0,0.0
2024-10-03 00:00:00-04:00,2.7899999618530273,2.869999885559082,2.7200000286102295,2.8299999237060547,899900,0.0,0.0
2024-10-04 00:00:00-04:00,2.9100000858306885,3.0,2.819999933242798,2.990000009536743,1841200,0.0,0.0
2024-10-07 00:00:00-04:00,2.990000009536743,2.990000009536743,2.7799999713897705,2.9200000762939453,1374900,0.0,0.0
2024-10-08 00:00:00-04:00,2.7200000286102295,2.765000104904175,2.5799999237060547,2.7200000286102295,1038500,0.0,0.0
2024-10-09 00:00:00-04:00,2.690000057220459,2.7200000286102295,2.5869998931884766,2.690000057220459,686200,0.0,0.0
2024-10-10 00:00:00-04:00,2.700000047683716,2.7950000762939453,2.619999885559082,2.759999990463257,1335600,0.0,0.0
2024-10-11 00:00:00-04:00,2.700000047683716,2.8399999141693115,2.6649999618530273,2.7799999713897705,835300,0.0,0.0
2024-10-14 00:00:00-04:00,2.759999990463257,2.7699999809265137,2.680000066757202,2.7300000190734863,741700,0.0,0.0
2024-10-15 00:00:00-04:00,2.680000066757202,2.680000066757202,2.5399999618530273,2.549999952316284,1105900,0.0,0.0
2024-10-16 00:00:00-04:00,2.559999942779541,2.680000066757202,2.549999952316284,2.630000114440918,686600,0.0,0.0
2024-10-17 00:00:00-04:00,2.5899999141693115,2.5899999141693115,2.4700000286102295,2.509999990463257,913500,0.0,0.0
2024-10-18 00:00:00-04:00,2.5899999141693115,2.6600000858306885,2.575000047683716,2.609999895095825,554200,0.0,0.0
2024-10-21 00:00:00-04:00,2.569999933242798,2.619999885559082,2.4700000286102295,2.509999990463257,876200,0.0,0.0
2024-10-22 00:00:00-04:00,2.5399999618530273,2.7699999809265137,2.509999990463257,2.619999885559082,891900,0.0,0.0
2024-10-23 00:00:00-04:00,2.630000114440918,2.690000057220459,2.5799999237060547,2.5899999141693115,848700,0.0,0.0
2024-10-24 00:00:00-04:00,2.559999942779541,2.5899999141693115,2.509999990463257,2.5199999809265137,652700,0.0,0.0
2024-10-25 00:00:00-04:00,2.5299999713897705,2.5950000286102295,2.5,2.5799999237060547,689800,0.0,0.0
2024-10-28 00:00:00-04:00,2.569999933242798,2.6500000953674316,2.5399999618530273,2.619999885559082,831400,0.0,0.0
2024-10-29 00:00:00-04:00,2.6500000953674316,2.6500000953674316,2.5399999618530273,2.559999942779541,418600,0.0,0.0
2024-10-30 00:00:00-04:00,2.5399999618530273,2.5399999618530273,2.430000066757202,2.4700000286102295,548600,0.0,0.0
2024-10-31 00:00:00-04:00,2.450000047683716,2.4649999141693115,2.359999895095825,2.380000114440918,1256700,0.0,0.0
2024-11-01 00:00:00-04:00,2.369999885559082,2.424999952316284,2.369999885559082,2.4000000953674316,494700,0.0,0.0
2024-11-04 00:00:00-05:00,2.390000104904175,2.444999933242798,2.3450000286102295,2.3499999046325684,672800,0.0,0.0
2024-11-05 00:00:00-05:00,2.4200000762939453,2.494999885559082,2.4000000953674316,2.4600000381469727,410100,0.0,0.0
2024-11-06 00:00:00-05:00,2.4100000858306885,2.450000047683716,2.3399999141693115,2.440000057220459,615800,0.0,0.0
2024-11-07 00:00:00-05:00,2.5,2.6549999713897705,2.5,2.640000104904175,621800,0.0,0.0
2024-11-08 00:00:00-05:00,2.5799999237060547,2.5999999046325684,2.5199999809265137,2.549999952316284,480400,0.0,0.0
2024-11-11 00:00:00-05:00,2.5799999237060547,2.625,2.555000066757202,2.559999942779541,319900,0.0,0.0
2024-11-12 00:00:00-05:00,2.4800000190734863,2.5199999809265137,2.430000066757202,2.430000066757202,569800,0.0,0.0
2024-11-13 00:00:00-05:00,2.430000066757202,2.450000047683716,2.299999952316284,2.4100000858306885,426200,0.0,0.0
2024-11-14 00:00:00-05:00,2.4000000953674316,2.4100000858306885,2.3499999046325684,2.380000114440918,261400,0.0,0.0
2024-11-15 00:00:00-05:00,2.369999885559082,2.4100000858306885,2.359999895095825,2.390000104904175,167300,0.0,0.0
2024-11-18 00:00:00-05:00,2.430000066757202,2.5,2.4149999618530273,2.4700000286102295,284900,0.0,0.0
2024-11-19 00:00:00-05:00,2.4600000381469727,2.4749999046325684,2.4049999713897705,2.4600000381469727,364200,0.0,0.0
2024-11-20 00:00:00-05:00,2.619999885559082,2.9000000953674316,2.619999885559082,2.799999952316284,2540800,0.0,0.0
2024-11-21 00:00:00-05:00,2.740000009536743,2.8499999046325684,2.6500000953674316,2.799999952316284,1121100,0.0,0.0
2024-11-22 00:00:00-05:00,2.7300000190734863,2.9000000953674316,2.7200000286102295,2.8299999237060547,2693700,0.0,0.0
2024-11-25 00:00:00-05:00,2.8499999046325684,2.869999885559082,2.7300000190734863,2.740000009536743,1702400,0.0,0.0
2024-11-26 00:00:00-05:00,2.7699999809265137,3.130000114440918,2.700000047683716,3.119999885559082,2395000,0.0,0.0
2024-11-27 00:00:00-05:00,3.259999990463257,3.4800000190734863,3.0299999713897705,3.440000057220459,4287500,0.0,0.0
2024-11-29 00:00:00-05:00,3.3499999046325684,3.4200000762939453,3.2699999809265137,3.2899999618530273,1881600,0.0,0.0
2024-12-02 00:00:00-05:00,3.299999952316284,3.4000000953674316,3.2100000381469727,3.369999885559082,2202300,0.0,0.0
2024-12-03 00:00:00-05:00,3.2699999809265137,3.3949999809265137,3.130000114440918,3.380000114440918,2425500,0.0,0.0
2024-12-04 00:00:00-05:00,3.369999885559082,3.369999885559082,3.1600000858306885,3.190000057220459,1366600,0.0,0.0
2024-12-05 00:00:00-05:00,3.190000057220459,3.25,3.1600000858306885,3.200000047683716,1428100,0.0,0.0
2024-12-06 00:00:00-05:00,3.2100000381469727,3.319999933242798,3.200000047683716,3.240000009536743,1121100,0.0,0.0
2024-12-09 00:00:00-05:00,3.4000000953674316,3.700000047683716,3.299999952316284,3.5199999809265137,4869100,0.0,0.0
2024-12-10 00:00:00-05:00,3.309999942779541,3.309999942779541,2.809999942779541,3.200000047683716,2147100,0.0,0.0
2024-12-11 00:00:00-05:00,3.200000047683716,3.200000047683716,3.009999990463257,3.0199999809265137,1066000,0.0,0.0
2024-12-12 00:00:00-05:00,3.049999952316284,3.069999933242798,2.9100000858306885,2.9700000286102295,1149600,0.0,0.0
2024-12-13 00:00:00-05:00,2.9700000286102295,3.059999942779541,2.930000066757202,2.9600000381469727,1019800,0.0,0.0
2024-12-16 00:00:00-05:00,2.9200000762939453,3.049999952316284,2.9200000762939453,3.0199999809265137,768900,0.0,0.0
2024-12-17 00:00:00-05:00,3.049999952316284,3.1500000953674316,2.930000066757202,3.0199999809265137,903400,0.0,0.0
2024-12-18 00:00:00-05:00,3.049999952316284,3.049999952316284,2.7899999618530273,2.819999933242798,1480400,0.0,0.0
2024-12-19 00:00:00-05:00,2.809999942779541,2.9000000953674316,2.6700000762939453,2.75,1601200,0.0,0.0
2024-12-20 00:00:00-05:00,2.7699999809265137,2.8550000190734863,2.700000047683716,2.809999942779541,458600,0.0,0.0
2024-12-23 00:00:00-05:00,2.819999933242798,2.8499999046325684,2.7750000953674316,2.8399999141693115,423600,0.0,0.0
2024-12-24 00:00:00-05:00,2.890000104904175,2.9200000762939453,2.8410000801086426,2.880000114440918,332200,0.0,0.0
2024-12-26 00:00:00-05:00,2.819999933242798,2.819999933242798,2.549999952316284,2.809999942779541,2031000,0.0,0.0
2024-12-27 00:00:00-05:00,2.7799999713897705,3.069999933242798,2.7699999809265137,3.0399999618530273,1745100,0.0,0.0
2024-12-30 00:00:00-05:00,2.9700000286102295,2.9700000286102295,2.8499999046325684,2.890000104904175,1142600,0.0,0.0
2024-12-31 00:00:00-05:00,2.9000000953674316,3.005000114440918,2.8499999046325684,2.880000114440918,569500,0.0,0.0
2025-01-02 00:00:00-05:00,2.859999895095825,2.930000066757202,2.809999942779541,2.8499999046325684,537400,0.0,0.0
2025-01-03 00:00:00-05:00,2.9100000858306885,2.9100000858306885,2.7200000286102295,2.75,842100,0.0,0.0
2025-01-06 00:00:00-05:00,2.759999990463257,2.799999952316284,2.680000066757202,2.7100000381469727,491600,0.0,0.0
2025-01-07 00:00:00-05:00,2.7200000286102295,2.75,2.6649999618530273,2.680000066757202,303500,0.0,0.0
2025-01-08 00:00:00-05:00,2.6600000858306885,2.6600000858306885,2.569999933242798,2.619999885559082,598100,0.0,0.0
2025-01-10 00:00:00-05:00,2.5999999046325684,2.690000057220459,2.5850000381469727,2.619999885559082,589100,0.0,0.0
2025-01-13 00:00:00-05:00,2.6600000858306885,2.6600000858306885,2.4200000762939453,2.4600000381469727,793100,0.0,0.0
2025-01-14 00:00:00-05:00,2.509999990463257,2.5199999809265137,2.4200000762939453,2.430000066757202,633200,0.0,0.0
2025-01-15 00:00:00-05:00,2.430000066757202,2.484999895095825,2.430000066757202,2.4700000286102295,449300,0.0,0.0
2025-01-16 00:00:00-05:00,2.4600000381469727,2.5999999046325684,2.450000047683716,2.5899999141693115,633900,0.0,0.0
2025-01-17 00:00:00-05:00,2.619999885559082,2.700000047683716,2.5799999237060547,2.640000104904175,552400,0.0,0.0
2025-01-21 00:00:00-05:00,2.6700000762939453,2.765000104904175,2.6050000190734863,2.700000047683716,888100,0.0,0.0
2025-01-22 00:00:00-05:00,2.7100000381469727,2.7100000381469727,2.630000114440918,2.6700000762939453,684700,0.0,0.0
2025-01-23 00:00:00-05:00,2.6600000858306885,2.700000047683716,2.619999885559082,2.619999885559082,453500,0.0,0.0
2025-01-24 00:00:00-05:00,2.619999885559082,2.680000066757202,2.559999942779541,2.609999895095825,584900,0.0,0.0
2025-01-27 00:00:00-05:00,2.619999885559082,2.755000114440918,2.609999895095825,2.7200000286102295,496700,0.0,0.0
2025-01-28 00:00:00-05:00,2.7100000381469727,2.740000009536743,2.6600000858306885,2.7200000286102295,238000,0.0,0.0
2025-01-29 00:00:00-05:00,2.7100000381469727,2.7109999656677246,2.615000009536743,2.619999885559082,530300,0.0,0.0
2025-01-30 00:00:00-05:00,2.630000114440918,2.740000009536743,2.5999999046325684,2.7100000381469727,417300,0.0,0.0
2025-01-31 00:00:00-05:00,2.75,2.75,2.634999990463257,2.6500000953674316,303300,0.0,0.0
2025-02-03 00:00:00-05:00,2.569999933242798,2.880000114440918,2.559999942779541,2.859999895095825,1114700,0.0,0.0
2025-02-04 00:00:00-05:00,2.950000047683716,2.984999895095825,2.8350000381469727,2.9700000286102295,811100,0.0,0.0
2025-02-05 00:00:00-05:00,2.9600000381469727,2.9600000381469727,2.8299999237060547,2.869999885559082,683200,0.0,0.0
2025-02-06 00:00:00-05:00,2.880000114440918,2.994999885559082,2.880000114440918,2.990000009536743,700800,0.0,0.0
2025-02-07 00:00:00-05:00,3.049999952316284,3.240000009536743,3.049999952316284,3.200000047683716,1558600,0.0,0.0
2025-02-10 00:00:00-05:00,3.240000009536743,3.240000009536743,3.0999999046325684,3.140000104904175,809700,0.0,0.0
2025-02-11 00:00:00-05:00,3.119999885559082,3.119999885559082,3.005000114440918,3.059999942779541,385800,0.0,0.0
2025-02-12 00:00:00-05:00,3.0799999237060547,3.180000066757202,3.015000104904175,3.1700000762939453,545600,0.0,0.0
2025-02-13 00:00:00-05:00,3.119999885559082,3.180000066757202,2.9200000762939453,2.9800000190734863,817900,0.0,0.0
2025-02-14 00:00:00-05:00,3.180000066757202,3.180000066757202,3.005000114440918,3.059999942779541,710600,0.0,0.0
2025-02-18 00:00:00-05:00,3.009999990463257,3.065000057220459,2.9000000953674316,2.9200000762939453,736500,0.0,0.0
2025-02-19 00:00:00-05:00,2.9600000381469727,2.984999895095825,2.9000000953674316,2.9200000762939453,405600,0.0,0.0
2025-02-20 00:00:00-05:00,2.990000009536743,3.009999990463257,2.8499999046325684,2.9000000953674316,482400,0.0,0.0
2025-02-21 00:00:00-05:00,2.950000047683716,2.950000047683716,2.8450000286102295,2.9100000858306885,749000,0.0,0.0
2025-02-24 00:00:00-05:00,2.869999885559082,2.884999990463257,2.740000009536743,2.8499999046325684,1441500,0.0,0.0
2025-02-25 00:00:00-05:00,2.8299999237060547,2.9600000381469727,2.75,2.8399999141693115,934000,0.0,0.0
2025-02-26 00:00:00-05:00,2.9200000762939453,3.1600000858306885,2.890000104904175,3.109999895095825,1140200,0.0,0.0
2025-02-27 00:00:00-05:00,3.0799999237060547,3.0999999046325684,2.941999912261963,2.990000009536743,729300,0.0,0.0
2025-02-28 00:00:00-05:00,2.9100000858306885,2.9600000381469727,2.7850000858306885,2.8299999237060547,612700,0.0,0.0
2025-03-03 00:00:00-05:00,2.859999895095825,2.924999952316284,2.7200000286102295,2.740000009536743,601600,0.0,0.0
2025-03-04 00:00:00-05:00,2.740000009536743,2.890000104904175,2.6600000858306885,2.799999952316284,853900,0.0,0.0
2025-03-05 00:00:00-05:00,2.9600000381469727,3.299999952316284,2.9100000858306885,3.2899999618530273,2169100,0.0,0.0
2025-03-06 00:00:00-05:00,3.1649999618530273,3.380000114440918,3.1500000953674316,3.299999952316284,1458400,0.0,0.0
2025-03-07 00:00:00-05:00,3.299999952316284,3.450000047683716,3.25,3.369999885559082,863400,0.0,0.0
2025-03-10 00:00:00-04:00,3.3499999046325684,3.3499999046325684,3.1549999713897705,3.180000066757202,1178200,0.0,0.0
2025-03-11 00:00:00-04:00,3.3499999046325684,3.515000104904175,3.25,3.4800000190734863,2935300,0.0,0.0
2025-03-12 00:00:00-04:00,3.450000047683716,3.4800000190734863,3.2149999141693115,3.3299999237060547,996300,0.0,0.0
2025-03-13 00:00:00-04:00,3.3499999046325684,3.359999895095825,3.1500000953674316,3.299999952316284,675400,0.0,0.0
2025-03-14 00:00:00-04:00,3.4000000953674316,3.450000047683716,3.265000104904175,3.369999885559082,951600,0.0,0.0
2025-03-17 00:00:00-04:00,3.380000114440918,3.509999990463257,3.200000047683716,3.4800000190734863,1219200,0.0,0.0
2025-03-18 00:00:00-04:00,3.440000057220459,3.440000057220459,3.309999942779541,3.369999885559082,567200,0.0,0.0
2025-03-19 00:00:00-04:00,3.380000114440918,3.3949999809265137,3.299999952316284,3.359999895095825,485900,0.0,0.0
2025-03-20 00:00:00-04:00,3.2899999618530273,3.319999933242798,3.1549999713897705,3.1700000762939453,732200,0.0,0.0
2025-03-21 00:00:00-04:00,3.0,3.190000057220459,2.950000047683716,3.0999999046325684,578500,0.0,0.0
2025-03-24 00:00:00-04:00,3.140000104904175,3.140000104904175,3.009999990463257,3.059999942779541,318900,0.0,0.0
2025-03-25 00:00:00-04:00,3.0,3.140000104904175,2.950000047683716,3.009999990463257,592600,0.0,0.0
2025-03-26 00:00:00-04:00,3.009999990463257,3.190000057220459,3.009999990463257,3.1500000953674316,591000,0.0,0.0
2025-03-27 00:00:00-04:00,3.119999885559082,3.240000009536743,3.0889999866485596,3.119999885559082,438700,0.0,0.0
2025-03-28 00:00:00-04:00,3.0899999141693115,3.119999885559082,2.9000000953674316,2.9100000858306885,598100,0.0,0.0
2025-03-31 00:00:00-04:00,2.880000114440918,3.0199999809265137,2.859999895095825,2.940000057220459,618200,0.0,0.0
2025-04-01 00:00:00-04:00,2.940000057220459,3.059999942779541,2.9100000858306885,2.9600000381469727,723200,0.0,0.0
2025-04-02 00:00:00-04:00,2.9600000381469727,3.069999933242798,2.934999942779541,3.009999990463257,618800,0.0,0.0
2025-04-03 00:00:00-04:00,2.8499999046325684,3.0199999809265137,2.8499999046325684,2.9000000953674316,626800,0.0,0.0
2025-04-04 00:00:00-04:00,2.759999990463257,2.799999952316284,2.5299999713897705,2.5899999141693115,1150500,0.0,0.0
2025-04-07 00:00:00-04:00,2.430000066757202,2.740000009536743,2.3299999237060547,2.5299999713897705,1063900,0.0,0.0
2025-04-08 00:00:00-04:00,2.6500000953674316,2.6500000953674316,2.2699999809265137,2.2799999713897705,1041300,0.0,0.0
2025-04-09 00:00:00-04:00,2.200000047683716,2.319999933242798,2.119999885559082,2.2200000286102295,2065800,0.0,0.0
2025-04-10 00:00:00-04:00,2.3399999141693115,2.4800000190734863,2.174999952316284,2.2200000286102295,1703900,0.0,0.0
2025-04-11 00:00:00-04:00,2.25,2.369999885559082,2.240000009536743,2.259999990463257,1338000,0.0,0.0
2025-04-14 00:00:00-04:00,2.3299999237060547,2.3399999141693115,2.240000009536743,2.259999990463257,1945500,0.0,0.0
2025-04-15 00:00:00-04:00,2.2699999809265137,2.4000000953674316,2.184999942779541,2.200000047683716,1673800,0.0,0.0
2025-04-16 00:00:00-04:00,2.2300000190734863,2.244999885559082,2.130000114440918,2.1600000858306885,2182600,0.0,0.0
2025-04-17 00:00:00-04:00,2.200000047683716,2.25,2.119999885559082,2.140000104904175,935900,0.0,0.0
2025-04-21 00:00:00-04:00,2.130000114440918,2.131999969482422,2.0,2.0,1058500,0.0,0.0
2025-04-22 00:00:00-04:00,2.069999933242798,2.125,2.059999942779541,2.0899999141693115,2252000,0.0,0.0
2025-04-23 00:00:00-04:00,2.200000047683716,2.319999933242798,2.119999885559082,2.2899999618530273,1896700,0.0,0.0
2025-04-24 00:00:00-04:00,2.259999990463257,2.4600000381469727,2.2309999465942383,2.450000047683716,1026300,0.0,0.0
2025-04-25 00:00:00-04:00,2.4200000762939453,2.450000047683716,2.3399999141693115,2.390000104904175,664600,0.0,0.0
2025-04-28 00:00:00-04:00,2.4000000953674316,2.4800000190734863,2.390000104904175,2.450000047683716,467300,0.0,0.0
2025-04-29 00:00:00-04:00,2.450000047683716,2.4700000286102295,2.380000114440918,2.450000047683716,1164300,0.0,0.0
2025-04-30 00:00:00-04:00,2.4600000381469727,2.4700000286102295,2.36299991607666,2.4700000286102295,323400,0.0,0.0
2025-05-01 00:00:00-04:00,2.490000009536743,2.490000009536743,2.4149999618530273,2.450000047683716,237200,0.0,0.0
2025-05-02 00:00:00-04:00,2.5299999713897705,2.5299999713897705,2.4700000286102295,2.509999990463257,470300,0.0,0.0
2025-05-05 00:00:00-04:00,2.450000047683716,2.490000009536743,2.390000104904175,2.450000047683716,3548500,0.0,0.0
2025-05-06 00:00:00-04:00,2.450000047683716,2.5799999237060547,2.450000047683716,2.5199999809265137,574800,0.0,0.0
2025-05-07 00:00:00-04:00,2.509999990463257,2.5299999713897705,2.3399999141693115,2.3399999141693115,627400,0.0,0.0
2025-05-08 00:00:00-04:00,2.390000104904175,2.505000114440918,2.390000104904175,2.4800000190734863,518200,0.0,0.0
2025-05-09 00:00:00-04:00,2.490000009536743,2.5199999809265137,2.4200000762939453,2.4600000381469727,750500,0.0,0.0
2025-05-12 00:00:00-04:00,2.569999933242798,2.7200000286102295,2.559999942779541,2.5899999141693115,1069700,0.0,0.0
2025-05-13 00:00:00-04:00,2.549999952316284,2.6700000762939453,2.5299999713897705,2.6600000858306885,693000,0.0,0.0
2025-05-14 00:00:00-04:00,2.680000066757202,2.7799999713897705,2.609999895095825,2.7300000190734863,622700,0.0,0.0
2025-05-15 00:00:00-04:00,2.700000047683716,2.859999895095825,2.6700000762939453,2.809999942779541,1647900,0.0,0.0
2025-05-16 00:00:00-04:00,2.9200000762939453,2.9200000762939453,2.799999952316284,2.809999942779541,767500,0.0,0.0
2025-05-19 00:00:00-04:00,2.7899999618530273,2.8499999046325684,2.7100000381469727,2.8399999141693115,892800,0.0,0.0
2025-05-20 00:00:00-04:00,2.809999942779541,2.950000047683716,2.6700000762939453,2.6700000762939453,962800,0.0,0.0
2025-05-21 00:00:00-04:00,2.7200000286102295,2.755000114440918,2.619999885559082,2.640000104904175,716800,0.0,0.0
2025-05-22 00:00:00-04:00,2.630000114440918,2.75,2.5999999046325684,2.6700000762939453,421700,0.0,0.0
2025-05-23 00:00:00-04:00,2.619999885559082,2.6600000858306885,2.5199999809265137,2.619999885559082,360000,0.0,0.0
2025-05-27 00:00:00-04:00,2.5899999141693115,2.6500000953674316,2.450000047683716,2.5899999141693115,836100,0.0,0.0
2025-05-28 00:00:00-04:00,2.5999999046325684,2.609999895095825,2.5,2.5799999237060547,407400,0.0,0.0
2025-05-29 00:00:00-04:00,2.609999895095825,2.6700000762939453,2.5950000286102295,2.630000114440918,602200,0.0,0.0
2025-05-30 00:00:00-04:00,2.569999933242798,2.6700000762939453,2.5399999618530273,2.5799999237060547,463500,0.0,0.0
2025-06-02 00:00:00-04:00,2.5399999618530273,2.559999942779541,2.4700000286102295,2.5299999713897705,469200,0.0,0.0
2025-06-03 00:00:00-04:00,2.509999990463257,2.5199999809265137,2.450000047683716,2.4600000381469727,984600,0.0,0.0
2025-06-04 00:00:00-04:00,2.4700000286102295,2.5199999809265137,2.450000047683716,2.450000047683716,518400,0.0,0.0
2025-06-05 00:00:00-04:00,2.4700000286102295,2.5,2.4100000858306885,2.4700000286102295,1463000,0.0,0.0
2025-06-06 00:00:00-04:00,2.4600000381469727,2.5,2.440000057220459,2.4800000190734863,410000,0.0,0.0
2025-06-09 00:00:00-04:00,2.5,2.7899999618530273,2.490000009536743,2.690000057220459,1901300,0.0,0.0
2025-06-10 00:00:00-04:00,2.680000066757202,2.7899999618530273,2.630000114440918,2.7300000190734863,718900,0.0,0.0
2025-06-11 00:00:00-04:00,2.759999990463257,2.759999990463257,2.6549999713897705,2.6600000858306885,245600,0.0,0.0
2025-06-12 00:00:00-04:00,2.6500000953674316,2.815000057220459,2.640000104904175,2.75,713000,0.0,0.0
2025-06-13 00:00:00-04:00,2.7100000381469727,2.7799999713897705,2.6600000858306885,2.6700000762939453,379700,0.0,0.0
2025-06-16 00:00:00-04:00,2.6700000762939453,2.859999895095825,2.6700000762939453,2.819999933242798,759100,0.0,0.0
2025-06-17 00:00:00-04:00,2.7899999618530273,2.8889999389648438,2.7799999713897705,2.8299999237060547,562400,0.0,0.0
2025-06-18 00:00:00-04:00,2.819999933242798,2.859999895095825,2.759999990463257,2.7799999713897705,245000,0.0,0.0
2025-06-20 00:00:00-04:00,2.7899999618530273,3.0899999141693115,2.759999990463257,2.9000000953674316,2725800,0.0,0.0
2025-06-23 00:00:00-04:00,2.940000057220459,3.049999952316284,2.8350000381469727,2.869999885559082,1393100,0.0,0.0
2025-06-24 00:00:00-04:00,2.9000000953674316,3.0199999809265137,2.859999895095825,2.990000009536743,2117000,0.0,0.0
2025-06-25 00:00:00-04:00,3.0,3.190000057220459,2.9809999465942383,3.190000057220459,1038200,0.0,0.0
2025-06-26 00:00:00-04:00,3.1500000953674316,3.1500000953674316,3.009999990463257,3.130000114440918,1320200,0.0,0.0
2025-06-27 00:00:00-04:00,3.140000104904175,3.5,3.13100004196167,3.490000009536743,2981200,0.0,0.0
2025-06-30 00:00:00-04:00,3.549999952316284,3.562999963760376,3.2799999713897705,3.309999942779541,3209700,0.0,0.0
2025-07-01 00:00:00-04:00,3.2699999809265137,3.4200000762939453,3.25,3.359999895095825,1874400,0.0,0.0
2025-07-02 00:00:00-04:00,3.3399999141693115,3.5299999713897705,3.319999933242798,3.509999990463257,1683600,0.0,0.0
2025-07-03 00:00:00-04:00,3.490000009536743,3.515000104904175,3.4100000858306885,3.4800000190734863,1389500,0.0,0.0
2025-07-07 00:00:00-04:00,3.559999942779541,3.950000047683716,3.4600000381469727,3.7899999618530273,6638700,0.0,0.0
2025-07-08 00:00:00-04:00,4.289999961853027,4.349999904632568,3.8510000705718994,4.059999942779541,8877100,0.0,0.0
2025-07-09 00:00:00-04:00,4.059999942779541,4.070000171661377,3.484999895095825,3.609999895095825,6370700,0.0,0.0
2025-07-10 00:00:00-04:00,3.6700000762939453,3.9800000190734863,3.5799999237060547,3.680000066757202,3069500,0.0,0.0
2025-07-11 00:00:00-04:00,3.700000047683716,3.7300000190734863,3.490000009536743,3.549999952316284,2623600,0.0,0.0
2025-07-14 00:00:00-04:00,3.509999990463257,3.8499999046325684,3.450000047683716,3.640000104904175,5378700,0.0,0.0
2025-07-15 00:00:00-04:00,3.690000057220459,3.819999933242798,3.5999999046325684,3.6600000858306885,3066000,0.0,0.0
2025-07-16 00:00:00-04:00,3.740000009536743,3.740000009536743,3.5,3.619999885559082,2573200,0.0,0.0
2025-07-17 00:00:00-04:00,3.640000104904175,3.7799999713897705,3.380000114440918,3.380000114440918,3755900,0.0,0.0
2025-07-18 00:00:00-04:00,3.4100000858306885,3.690000057220459,3.369999885559082,3.680000066757202,3353200,0.0,0.0
2025-07-21 00:00:00-04:00,3.680000066757202,3.7850000858306885,3.5,3.680000066757202,6085300,0.0,0.0
2025-07-22 00:00:00-04:00,3.630000114440918,3.640000104904175,3.4600000381469727,3.5399999618530273,3156400,0.0,0.0
2025-07-23 00:00:00-04:00,3.569999933242798,3.6679999828338623,3.5,3.630000114440918,2085800,0.0,0.0
2025-07-24 00:00:00-04:00,3.6500000953674316,3.6500000953674316,3.369999885559082,3.369999885559082,2654800,0.0,0.0
2025-07-25 00:00:00-04:00,3.369999885559082,3.4800000190734863,3.3499999046325684,3.4000000953674316,995400,0.0,0.0
2025-07-28 00:00:00-04:00,3.4000000953674316,3.4600000381469727,3.2799999713897705,3.2799999713897705,2630900,0.0,0.0
2025-07-29 00:00:00-04:00,3.3399999141693115,3.3399999141693115,3.174999952316284,3.190000057220459,2197200,0.0,0.0
2025-07-30 00:00:00-04:00,3.2100000381469727,3.259999990463257,3.119999885559082,3.1500000953674316,1443600,0.0,0.0
2025-07-31 00:00:00-04:00,3.140000104904175,3.240000009536743,3.122999906539917,3.180000066757202,706600,0.0,0.0
2025-08-01 00:00:00-04:00,3.0899999141693115,3.174999952316284,3.069999933242798,3.119999885559082,1245500,0.0,0.0
2025-08-04 00:00:00-04:00,3.190000057220459,3.4200000762939453,3.180000066757202,3.380000114440918,2604600,0.0,0.0
2025-08-05 00:00:00-04:00,3.390000104904175,3.4700000286102295,3.359999895095825,3.380000114440918,1702900,0.0,0.0
2025-08-06 00:00:00-04:00,3.4200000762939453,3.490000009536743,3.390000104904175,3.4100000858306885,1314500,0.0,0.0
2025-08-07 00:00:00-04:00,3.5,3.5799999237060547,3.450000047683716,3.490000009536743,1290100,0.0,0.0
2025-08-08 00:00:00-04:00,3.5299999713897705,3.638000011444092,3.5199999809265137,3.5999999046325684,1445900,0.0,0.0
2025-08-11 00:00:00-04:00,3.630000114440918,3.9100000858306885,3.5929999351501465,3.9000000953674316,3515500,0.0,0.0
2025-08-12 00:00:00-04:00,4.0,4.010000228881836,3.9000000953674316,3.990000009536743,6144900,0.0,0.0
2025-08-13 00:00:00-04:00,4.130000114440918,4.679999828338623,4.099999904632568,4.539999961853027,7158900,0.0,0.0
2025-08-14 00:00:00-04:00,4.349999904632568,4.809999942779541,4.179999828338623,4.239999771118164,6408200,0.0,0.0
2025-08-15 00:00:00-04:00,4.329999923706055,4.369999885559082,4.010000228881836,4.210000038146973,3448100,0.0,0.0
2025-08-18 00:00:00-04:00,4.380000114440918,4.460000038146973,4.25,4.400000095367432,3376800,0.0,0.0
2025-08-19 00:00:00-04:00,4.449999809265137,4.885000228881836,4.230000019073486,4.639999866485596,6221800,0.0,0.0
2025-08-20 00:00:00-04:00,4.769999980926514,4.929999828338623,4.25,4.559999942779541,7733800,0.0,0.0
2025-08-21 00:00:00-04:00,4.550000190734863,4.885000228881836,4.53000020980835,4.650000095367432,3712700,0.0,0.0
2025-08-22 00:00:00-04:00,4.710000038146973,4.820000171661377,4.491000175476074,4.550000190734863,5232600,0.0,0.0
2025-08-25 00:00:00-04:00,4.599999904632568,4.599999904632568,4.380000114440918,4.489999771118164,3286900,0.0,0.0
2025-08-26 00:00:00-04:00,4.510000228881836,4.724999904632568,4.5,4.619999885559082,2758200,0.0,0.0
2025-08-27 00:00:00-04:00,4.550000190734863,4.730000019073486,4.400000095367432,4.730000019073486,3070700,0.0,0.0
2025-08-28 00:00:00-04:00,4.699999809265137,4.71999979019165,4.59499979019165,4.670000076293945,1608700,0.0,0.0
2025-08-29 00:00:00-04:00,4.670000076293945,4.889999866485596,4.619999885559082,4.71999979019165,2179400,0.0,0.0
2025-09-02 00:00:00-04:00,4.510000228881836,4.695000171661377,4.320000171661377,4.599999904632568,2201700,0.0,0.0
2025-09-03 00:00:00-04:00,4.590000152587891,4.75,4.559999942779541,4.670000076293945,956200,0.0,0.0
2025-09-04 00:00:00-04:00,4.610000133514404,4.614999771118164,4.215000152587891,4.25,2766000,0.0,0.0
2025-09-05 00:00:00-04:00,4.5,4.510000228881836,4.210000038146973,4.360000133514404,1739200,0.0,0.0
2025-09-08 00:00:00-04:00,4.320000171661377,4.349999904632568,4.084000110626221,4.289999961853027,2545700,0.0,0.0
2025-09-09 00:00:00-04:00,4.289999961853027,4.448999881744385,4.269999980926514,4.349999904632568,1188100,0.0,0.0
2025-09-10 00:00:00-04:00,4.340000152587891,4.364999771118164,4.150000095367432,4.179999828338623,1234800,0.0,0.0
2025-09-11 00:00:00-04:00,4.110000133514404,4.454999923706055,4.110000133514404,4.309999942779541,1758800,0.0,0.0
2025-09-12 00:00:00-04:00,4.28000020980835,4.425000190734863,4.269999980926514,4.340000152587891,901500,0.0,0.0
2025-09-15 00:00:00-04:00,4.369999885559082,4.650000095367432,4.349999904632568,4.409999847412109,2266800,0.0,0.0
2025-09-16 00:00:00-04:00,4.429999828338623,4.429999828338623,4.179999828338623,4.260000228881836,1531800,0.0,0.0
2025-09-17 00:00:00-04:00,4.360000133514404,4.449999809265137,4.150000095367432,4.260000228881836,1968300,0.0,0.0
2025-09-18 00:00:00-04:00,4.239999771118164,4.28000020980835,4.190000057220459,4.28000020980835,875000,0.0,0.0
2025-09-19 00:00:00-04:00,4.289999961853027,4.315000057220459,4.170000076293945,4.199999809265137,1226300,0.0,0.0
2025-09-22 00:00:00-04:00,4.260000228881836,4.570000171661377,4.260000228881836,4.380000114440918,2251300,0.0,0.0
2025-09-23 00:00:00-04:00,4.550000190734863,4.550000190734863,4.329999923706055,4.360000133514404,1792100,0.0,0.0
2025-09-24 00:00:00-04:00,4.340000152587891,4.679999828338623,4.340000152587891,4.679999828338623,2665300,0.0,0.0
2025-09-25 00:00:00-04:00,4.650000095367432,4.699999809265137,4.510000228881836,4.670000076293945,793100,0.0,0.0
2025-09-26 00:00:00-04:00,4.639999866485596,4.730000019073486,4.480000019073486,4.71999979019165,1303700,0.0,0.0
2025-09-29 00:00:00-04:00,4.800000190734863,4.849999904632568,4.630000114440918,4.690000057220459,1597800,0.0,0.0
2025-09-30 00:00:00-04:00,4.730000019073486,4.739999771118164,4.599999904632568,4.599999904632568,835600,0.0,0.0
2025-10-01 00:00:00-04:00,4.679999828338623,4.715000152587891,4.5,4.710000038146973,1707100,0.0,0.0
2025-10-02 00:00:00-04:00,4.760000228881836,4.78000020980835,4.539999961853027,4.559999942779541,1222900,0.0,0.0
2025-10-03 00:00:00-04:00,4.559999942779541,4.639999866485596,4.275000095367432,4.349999904632568,1391500,0.0,0.0
2025-10-06 00:00:00-04:00,4.380000114440918,4.429999828338623,4.269999980926514,4.349999904632568,1512100,0.0,0.0
2025-10-07 00:00:00-04:00,4.340000152587891,4.349999904632568,4.15500020980835,4.179999828338623,1058900,0.0,0.0
2025-10-08 00:00:00-04:00,4.239999771118164,4.406000137329102,4.239999771118164,4.260000228881836,1002000,0.0,0.0
2025-10-09 00:00:00-04:00,4.300000190734863,4.389999866485596,4.179999828338623,4.199999809265137,1183400,0.0,0.0
2025-10-10 00:00:00-04:00,4.199999809265137,4.25,3.7100000381469727,3.75,3276200,0.0,0.0
2025-10-13 00:00:00-04:00,3.930000066757202,4.050000190734863,3.825000047683716,3.940000057220459,1731800,0.0,0.0
2025-10-14 00:00:00-04:00,3.8499999046325684,4.159999847412109,3.7799999713897705,4.039999961853027,2013000,0.0,0.0
2025-10-15 00:00:00-04:00,4.059999942779541,4.130000114440918,4.019999980926514,4.059999942779541,1681500,0.0,0.0
2025-10-16 00:00:00-04:00,4.079999923706055,4.139999866485596,3.799999952316284,3.799999952316284,3180800,0.0,0.0
2025-10-17 00:00:00-04:00,3.799999952316284,4.0,3.7799999713897705,3.859999895095825,648800,0.0,0.0
2025-10-20 00:00:00-04:00,3.890000104904175,4.039999961853027,3.890000104904175,4.010000228881836,818700,0.0,0.0
2025-10-21 00:00:00-04:00,4.019999980926514,4.019999980926514,3.9000000953674316,4.0,642200,0.0,0.0
2025-10-22 00:00:00-04:00,4.0,4.11899995803833,3.9700000286102295,4.039999961853027,1331600,0.0,0.0
2025-10-23 00:00:00-04:00,4.03000020980835,4.10699987411499,4.0,4.050000190734863,959600,0.0,0.0
2025-10-24 00:00:00-04:00,4.059999942779541,4.15500020980835,4.03000020980835,4.090000152587891,1161900,0.0,0.0
2025-10-27 00:00:00-04:00,4.159999847412109,4.349999904632568,4.150000095367432,4.170000076293945,1955900,0.0,0.0
2025-10-28 00:00:00-04:00,4.199999809265137,4.224999904632568,3.865000009536743,3.9100000858306885,1690800,0.0,0.0
2025-10-29 00:00:00-04:00,3.950000047683716,4.045000076293945,3.809999942779541,3.819999933242798,1068600,0.0,0.0
2025-10-30 00:00:00-04:00,3.819999933242798,3.9200000762939453,3.6600000858306885,3.75,2306000,0.0,0.0
2025-10-31 00:00:00-04:00,3.7799999713897705,3.9100000858306885,3.755000114440918,3.869999885559082,1932900,0.0,0.0
2025-11-03 00:00:00-05:00,3.9000000953674316,4.059999942779541,3.9000000953674316,3.9600000381469727,1344300,0.0,0.0
2025-11-04 00:00:00-05:00,3.869999885559082,3.940000057220459,3.7850000858306885,3.8399999141693115,1849100,0.0,0.0
2025-11-05 00:00:00-05:00,3.859999895095825,3.984999895095825,3.8499999046325684,3.9000000953674316,949400,0.0,0.0
2025-11-06 00:00:00-05:00,3.930000066757202,3.9700000286102295,3.8350000381469727,3.9000000953674316,827100,0.0,0.0
2025-11-07 00:00:00-05:00,3.859999895095825,4.0,3.8499999046325684,3.950000047683716,792500,0.0,0.0
2025-11-10 00:00:00-05:00,4.010000228881836,4.130000114440918,3.9800000190734863,4.03000020980835,1199000,0.0,0.0
2025-11-11 00:00:00-05:00,4.059999942779541,4.380000114440918,4.050000190734863,4.139999866485596,1441200,0.0,0.0
2025-11-12 00:00:00-05:00,4.239999771118164,4.320000171661377,4.199999809265137,4.199999809265137,1167900,0.0,0.0
2025-11-13 00:00:00-05:00,4.239999771118164,4.25,4.054999828338623,4.099999904632568,908600,0.0,0.0
2025-11-14 00:00:00-05:00,4.03000020980835,4.170000076293945,4.03000020980835,4.110000133514404,773900,0.0,0.0
2025-11-17 00:00:00-05:00,4.079999923706055,4.135000228881836,3.9800000190734863,4.03000020980835,876400,0.0,0.0
2025-11-18 00:00:00-05:00,4.0,4.050000190734863,3.9600000381469727,4.019999980926514,1532600,0.0,0.0
2025-11-19 00:00:00-05:00,3.990000009536743,4.09499979019165,3.9800000190734863,4.03000020980835,1963600,0.0,0.0
2025-11-20 00:00:00-05:00,4.400000095367432,4.449999809265137,4.03000020980835,4.070000171661377,4118600,0.0,0.0
2025-11-21 00:00:00-05:00,4.110000133514404,4.369999885559082,4.052999973297119,4.099999904632568,1796200,0.0,0.0
2025-11-24 00:00:00-05:00,4.199999809265137,4.309999942779541,4.085000038146973,4.110000133514404,1249100,0.0,0.0
2025-11-25 00:00:00-05:00,4.159999847412109,4.25,4.139999866485596,4.230000019073486,1651500,0.0,0.0
2025-11-26 00:00:00-05:00,4.25,4.489999771118164,4.230000019073486,4.46999979019165,1344600,0.0,0.0
2025-11-28 00:00:00-05:00,4.46999979019165,4.614999771118164,4.429999828338623,4.539999961853027,1252400,0.0,0.0
2025-12-01 00:00:00-05:00,4.53000020980835,4.590000152587891,4.369999885559082,4.579999923706055,1082300,0.0,0.0
2025-12-02 00:00:00-05:00,4.570000171661377,4.869999885559082,4.539999961853027,4.869999885559082,1608200,0.0,0.0
2025-12-03 00:00:00-05:00,4.800000190734863,4.949999809265137,4.71999979019165,4.909999847412109,1235000,0.0,0.0
2025-12-04 00:00:00-05:00,4.909999847412109,5.53000020980835,4.909999847412109,5.340000152587891,3499300,0.0,0.0
2025-12-05 00:00:00-05:00,5.349999904632568,5.380000114440918,5.119999885559082,5.309999942779541,1744600,0.0,0.0
2025-12-08 00:00:00-05:00,5.349999904632568,5.360000133514404,5.139999866485596,5.289999961853027,1543500,0.0,0.0
2025-12-09 00:00:00-05:00,5.239999771118164,5.389999866485596,5.210000038146973,5.329999923706055,1732900,0.0,0.0
2025-12-10 00:00:00-05:00,5.369999885559082,5.489999771118164,5.300000190734863,5.389999866485596,1362500,0.0,0.0
2025-12-11 00:00:00-05:00,5.300000190734863,5.409999847412109,5.201000213623047,5.260000228881836,1749700,0.0,0.0
2025-12-12 00:00:00-05:00,5.309999942779541,5.590000152587891,5.260000228881836,5.409999847412109,2238500,0.0,0.0
2025-12-15 00:00:00-05:00,5.380000114440918,5.380000114440918,5.199999809265137,5.25,1153700,0.0,0.0
2025-12-16 00:00:00-05:00,5.190000057220459,5.28000020980835,5.175000190734863,5.21999979019165,1370200,0.0,0.0
2025-12-17 00:00:00-05:00,5.300000190734863,5.670000076293945,5.28000020980835,5.380000114440918,2379800,0.0,0.0
2025-12-18 00:00:00-05:00,5.400000095367432,5.695000171661377,5.320000171661377,5.429999828338623,2557200,0.0,0.0
2025-12-19 00:00:00-05:00,5.429999828338623,5.519999980926514,5.269999980926514,5.340000152587891,3003500,0.0,0.0
2025-12-22 00:00:00-05:00,5.400000095367432,5.414999961853027,5.139999866485596,5.190000057220459,1976000,0.0,0.0
2025-12-23 00:00:00-05:00,5.190000057220459,5.340000152587891,5.170000076293945,5.260000228881836,809200,0.0,0.0
2025-12-24 00:00:00-05:00,5.230000019073486,5.349999904632568,5.230000019073486,5.28000020980835,297200,0.0,0.0
2025-12-26 00:00:00-05:00,5.309999942779541,5.400000095367432,5.275000095367432,5.349999904632568,687400,0.0,0.0
2025-12-29 00:00:00-05:00,5.239999771118164,5.349999904632568,5.159999847412109,5.329999923706055,1082400,0.0,0.0
2025-12-30 00:00:00-05:00,5.349999904632568,5.570000171661377,5.329999923706055,5.369999885559082,2384200,0.0,0.0
2025-12-31 00:00:00-05:00,5.369999885559082,5.400000095367432,5.210000038146973,5.300000190734863,1005300,0.0,0.0
2026-01-02 00:00:00-05:00,5.389999866485596,5.53000020980835,5.320000171661377,5.420000076293945,1095500,0.0,0.0
2026-01-05 00:00:00-05:00,5.400000095367432,5.889999866485596,5.380000114440918,5.889999866485596,2792000,0.0,0.0
2026-01-06 00:00:00-05:00,5.71999979019165,5.820000171661377,5.550000190734863,5.610000133514404,3276700,0.0,0.0
2026-01-07 00:00:00-05:00,5.639999866485596,5.800000190734863,5.619999885559082,5.75,2702300,0.0,0.0
2026-01-08 00:00:00-05:00,5.849999904632568,6.139999866485596,5.820000171661377,6.039999961853027,1997100,0.0,0.0
2026-01-09 00:00:00-05:00,6.039999961853027,6.053999900817871,5.849999904632568,5.889999866485596,1256600,0.0,0.0
2026-01-12 00:00:00-05:00,6.0,6.46999979019165,5.949999809265137,6.340000152587891,2157000,0.0,0.0
2026-01-13 00:00:00-05:00,6.300000190734863,6.340000152587891,6.110000133514404,6.150000095367432,868300,0.0,0.0
2026-01-14 00:00:00-05:00,6.239999771118164,6.269999980926514,5.949999809265137,5.949999809265137,1019100,0.0,0.0
2026-01-15 00:00:00-05:00,5.96999979019165,5.980000019073486,5.815000057220459,5.849999904632568,998100,0.0,0.0
2026-01-16 00:00:00-05:00,5.940000057220459,5.940000057220459,5.650000095367432,5.78000020980835,1214900,0.0,0.0
2026-01-20 00:00:00-05:00,5.659999847412109,5.894999980926514,5.599999904632568,5.860000133514404,1008100,0.0,0.0
2026-01-21 00:00:00-05:00,5.849999904632568,5.949999809265137,5.795000076293945,5.809999942779541,895300,0.0,0.0
2026-01-22 00:00:00-05:00,5.809999942779541,5.875,5.659999847412109,5.670000076293945,981500,0.0,0.0
2026-01-23 00:00:00-05:00,5.659999847412109,5.860000133514404,5.659999847412109,5.71999979019165,678600,0.0,0.0
2026-01-26 00:00:00-05:00,5.739999771118164,5.880000114440918,5.739999771118164,5.789999961853027,1399500,0.0,0.0
2026-01-27 00:00:00-05:00,5.849999904632568,5.940000057220459,5.730000019073486,5.809999942779541,1001300,0.0,0.0
2026-01-28 00:00:00-05:00,5.860000133514404,6.144999980926514,5.755000114440918,6.090000152587891,1406600,0.0,0.0
2026-01-29 00:00:00-05:00,6.199999809265137,6.295000076293945,6.048999786376953,6.179999828338623,1063300,0.0,0.0
2026-01-30 00:00:00-05:00,6.090000152587891,6.257999897003174,5.860000133514404,5.880000114440918,1030600,0.0,0.0
2026-02-02 00:00:00-05:00,5.849999904632568,5.860000133514404,5.699999809265137,5.789999961853027,1155900,0.0,0.0
2026-02-03 00:00:00-05:00,5.829999923706055,5.900000095367432,5.769999980926514,5.860000133514404,762200,0.0,0.0
2026-02-04 00:00:00-05:00,5.840000152587891,6.0,5.465000152587891,5.53000020980835,1953400,0.0,0.0
2026-02-05 00:00:00-05:00,5.449999809265137,5.760000228881836,5.380000114440918,5.619999885559082,1423700,0.0,0.0
2026-02-06 00:00:00-05:00,5.71999979019165,5.900000095367432,5.699999809265137,5.860000133514404,696500,0.0,0.0
2026-02-09 00:00:00-05:00,5.889999866485596,6.264999866485596,5.885000228881836,6.199999809265137,1419900,0.0,0.0
2026-02-10 00:00:00-05:00,6.150000095367432,6.230000019073486,6.045000076293945,6.059999942779541,535100,0.0,0.0
2026-02-11 00:00:00-05:00,6.119999885559082,6.129000186920166,5.730000019073486,5.809999942779541,713900,0.0,0.0
2026-02-12 00:00:00-05:00,5.869999885559082,5.909999847412109,5.610000133514404,5.71999979019165,563200,0.0,0.0
2026-02-13 00:00:00-05:00,5.679999828338623,5.755000114440918,5.538000106811523,5.650000095367432,481600,0.0,0.0
2026-02-17 00:00:00-05:00,5.599999904632568,5.699999809265137,5.599999904632568,5.639999866485596,210900,0.0,0.0
2026-02-18 00:00:00-05:00,5.619999885559082,5.889999866485596,5.619999885559082,5.679999828338623,775500,0.0,0.0
2026-02-19 00:00:00-05:00,5.670000076293945,5.670000076293945,5.460000038146973,5.510000228881836,684600,0.0,0.0
2026-02-20 00:00:00-05:00,5.559999942779541,5.590000152587891,5.429999828338623,5.550000190734863,300900,0.0,0.0
2026-02-23 00:00:00-05:00,5.53000020980835,5.670000076293945,5.449999809265137,5.550000190734863,500600,0.0,0.0
2026-02-24 00:00:00-05:00,5.550000190734863,5.739999771118164,5.420000076293945,5.650000095367432,595000,0.0,0.0
2026-02-25 00:00:00-05:00,5.78000020980835,6.264999866485596,5.724999904632568,6.110000133514404,1945900,0.0,0.0
2026-02-26 00:00:00-05:00,6.019999980926514,6.28000020980835,5.909999847412109,5.989999771118164,868700,0.0,0.0
2026-02-27 00:00:00-05:00,5.909999847412109,6.039999961853027,5.769999980926514,5.789999961853027,806400,0.0,0.0
2026-03-02 00:00:00-05:00,5.639999866485596,5.809999942779541,5.579999923706055,5.789999961853027,671000,0.0,0.0
2026-03-03 00:00:00-05:00,5.599999904632568,5.630000114440918,5.199999809265137,5.360000133514404,2030400,0.0,0.0
2026-03-04 00:00:00-05:00,5.409999847412109,5.639999866485596,5.400000095367432,5.579999923706055,825900,0.0,0.0
2026-03-05 00:00:00-05:00,5.539999961853027,5.730000019073486,5.340000152587891,5.389999866485596,2113400,0.0,0.0
2026-03-06 00:00:00-05:00,5.28000020980835,5.389999866485596,5.199999809265137,5.260000228881836,671000,0.0,0.0
2026-03-09 00:00:00-04:00,5.190000057220459,5.565000057220459,5.159999847412109,5.559999942779541,1340300,0.0,0.0
2026-03-10 00:00:00-04:00,5.650000095367432,6.260000228881836,5.650000095367432,6.210000038146973,3140100,0.0,0.0
2026-03-11 00:00:00-04:00,6.170000076293945,6.269999980926514,5.175000190734863,5.579999923706055,8846400,0.0,0.0
2026-03-12 00:00:00-04:00,5.630000114440918,5.809999942779541,5.570000171661377,5.599999904632568,1401500,0.0,0.0
2026-03-13 00:00:00-04:00,5.630000114440918,5.775000095367432,5.599999904632568,5.650000095367432,987700,0.0,0.0
2026-03-16 00:00:00-04:00,5.75,5.855000019073486,5.650000095367432,5.699999809265137,1248300,0.0,0.0
2026-03-17 00:00:00-04:00,5.664999961853027,5.710000038146973,5.400000095367432,5.429999828338623,1728200,0.0,0.0
2026-03-18 00:00:00-04:00,5.5,5.579999923706055,5.369999885559082,5.389999866485596,1985400,0.0,0.0
2026-03-19 00:00:00-04:00,5.199999809265137,5.230000019073486,4.940000057220459,5.139999866485596,1796998,0.0,0.0
