Date,Open,High,Low,Close,Volume,Dividends,Stock Splits
2022-01-03 00:00:00-05:00,132.28779690084596,132.5015886863334,128.41040751290515,130.27621459960938,723100,0.0,0.0
2022-01-04 00:00:00-05:00,131.4423195536938,131.59780715785513,130.1012797451161,130.18873596191406,1111300,0.0,0.0
2022-01-05 00:00:00-05:00,129.64455983533597,130.02355164868663,126.47656253736882,126.49600219726562,1191400,0.0,0.0
2022-01-06 00:00:00-05:00,125.78659114260161,128.34236480343057,125.74771182873127,127.46775817871094,802200,0.0,0.0
2022-01-07 00:00:00-05:00,127.36086627128905,127.92449771504086,126.04897853555325,126.56401824951172,908300,0.0,0.0
2022-01-10 00:00:00-05:00,125.92266022395808,126.04899577307467,123.23083816892537,124.29979705810547,1324400,0.0,0.0
2022-01-11 00:00:00-05:00,124.71765693118397,125.55338440619535,123.07536147229177,125.22298431396484,1236600,0.0,0.0
2022-01-12 00:00:00-05:00,125.79631199346605,126.34050379923801,123.93050516162735,125.39788055419922,1721600,0.0,0.0
2022-01-13 00:00:00-05:00,125.81577311331725,125.84492519159103,123.8625023143299,124.0471420288086,988400,0.0,0.0
2022-01-14 00:00:00-05:00,122.57004016535426,123.02677583294967,121.3164488906962,122.0744400024414,1531700,0.0,0.0
2022-01-18 00:00:00-05:00,121.3067112750272,121.3067112750272,119.61581693167949,120.80138397216797,1012300,0.0,0.0
2022-01-19 00:00:00-05:00,121.19983746518781,122.22019725739487,120.07257436439703,121.01519775390625,913200,0.0,0.0
2022-01-20 00:00:00-05:00,121.88979567924721,122.8615711347418,119.49922894841755,119.58668518066406,697400,0.0,0.0
2022-01-21 00:00:00-05:00,119.47006308556762,121.55937414255246,118.56631171967756,119.23683166503906,1517300,0.0,0.0
2022-01-24 00:00:00-05:00,118.0998690756833,120.21833985007838,116.06886194696779,119.81991577148438,1683700,0.0,0.0
2022-01-25 00:00:00-05:00,119.12995452465124,119.84907372998708,117.06979521763144,118.43999481201172,1553900,0.0,0.0
2022-01-26 00:00:00-05:00,119.27571928056865,121.12209415899187,118.48858352125401,119.12995147705078,1473200,0.0,0.0
2022-01-27 00:00:00-05:00,119.44092377904273,120.60705135010768,117.83749280828472,118.06099700927734,1387400,0.0,0.0
2022-01-28 00:00:00-05:00,117.94438031235356,120.11143525370478,117.52651660319658,120.05313110351562,1528800,0.0,0.0
2022-01-31 00:00:00-05:00,119.81019748884913,121.35531691325195,119.45063789918068,121.1803970336914,1208500,0.0,0.0
2022-02-01 00:00:00-05:00,120.96661223224369,122.10358773833697,119.64499701669551,121.29701232910156,1001000,0.0,0.0
2022-02-02 00:00:00-05:00,120.87915123085519,122.8907261756759,120.48072713980473,122.45343017578125,1613800,0.0,0.0
2022-02-03 00:00:00-05:00,121.88005768464235,122.09384943923853,120.00453103849027,120.23776245117188,1384000,0.0,0.0
2022-02-04 00:00:00-05:00,119.8199167711998,120.49043679473215,119.01334136280205,119.54781341552734,736800,0.0,0.0
2022-02-07 00:00:00-05:00,119.1882572234674,120.23777646064737,118.59547362176713,118.7218017578125,1004300,0.0,0.0
2022-02-08 00:00:00-05:00,118.53717832837346,119.21741821031789,118.32338653288845,118.45943450927734,1491200,0.0,0.0
2022-02-09 00:00:00-05:00,119.47007301084757,121.31644038538329,119.47007301084757,120.50015258789062,956800,0.0,0.0
2022-02-10 00:00:00-05:00,118.83840940471023,120.84998409895746,118.48856968274919,118.82868957519531,932100,0.0,0.0
2022-02-11 00:00:00-05:00,119.09106445067589,119.43118431849499,116.45754689713803,117.23497009277344,1409500,0.0,0.0
2022-02-14 00:00:00-05:00,116.82685442816377,117.21556611973253,115.17483159251124,116.03971862792969,2639100,0.0,0.0
2022-02-15 00:00:00-05:00,117.05033462871029,117.38074209366786,115.72871959699464,116.22432708740234,1562000,0.0,0.0
2022-02-16 00:00:00-05:00,115.82592615962007,116.77826201371558,114.91245480180457,116.1466064453125,1280100,0.0,0.0
2022-02-17 00:00:00-05:00,115.88421885443431,119.49922460368985,115.39833114435282,117.06006622314453,1811800,0.0,0.0
2022-02-18 00:00:00-05:00,117.09892830966918,118.81896739692883,116.88513654891271,117.5848159790039,2550100,0.0,0.0
2022-02-22 00:00:00-05:00,117.2446900775087,118.1192893202474,116.74908260428059,117.20581817626953,1777100,0.0,0.0
2022-02-23 00:00:00-05:00,117.73060903644613,118.07072899518423,115.0096345384232,115.32060241699219,1446600,0.0,0.0
2022-02-24 00:00:00-05:00,113.43535842669397,118.44971619777647,112.48301516569703,118.1095962524414,1797800,0.0,0.0
2022-02-25 00:00:00-05:00,117.98325034686245,120.63619293522206,117.79861065544677,120.5098648071289,1471700,0.0,0.0
2022-02-28 00:00:00-05:00,119.79075533589628,120.80140268410524,119.19797913788906,120.00454711914062,1107000,0.0,0.0
2022-03-01 00:00:00-05:00,120.41344901880245,122.62349206843277,120.21873425269916,122.48719024658203,1396200,0.23,0.0
2022-03-02 00:00:00-05:00,122.75006973910655,125.63188408128009,122.16591798250671,125.2424545288086,1096000,0.0,0.0
2022-03-03 00:00:00-05:00,125.98238265621148,127.84194079828622,125.56374661003842,127.3356704711914,892700,0.0,0.0
2022-03-04 00:00:00-05:00,126.58599267348471,131.55128557066496,126.44969086507074,131.26895141601562,1601400,0.0,0.0
2022-03-07 00:00:00-05:00,131.1910721823434,132.4956774238149,129.64306977541298,130.2174835205078,2048100,0.0,0.0
2022-03-08 00:00:00-05:00,128.8252777072822,130.20777202660295,125.7097816490981,125.74873352050781,2066200,0.0,0.0
2022-03-09 00:00:00-05:00,126.50812751723774,129.38021142590142,126.24525438895617,128.64028930664062,1104500,0.0,0.0
2022-03-10 00:00:00-05:00,127.65693796359267,130.19800491301413,127.65693796359267,130.14932250976562,1104800,0.0,0.0
2022-03-11 00:00:00-05:00,130.93798303901139,131.6389682704328,130.49012558612998,130.67510986328125,1105800,0.0,0.0
2022-03-14 00:00:00-04:00,131.32739684158025,131.69736535127456,130.29539505747147,131.08399963378906,1633000,0.0,0.0
2022-03-15 00:00:00-04:00,132.0283793492094,133.2356348238036,131.26898126454432,132.3399200439453,2005200,0.0,0.0
2022-03-16 00:00:00-04:00,132.83645610082166,134.1800133769465,130.4219600754867,132.0478515625,1522800,0.0,0.0
2022-03-17 00:00:00-04:00,132.34966876607274,134.1800205319268,131.50265123245532,134.1118621826172,1268000,0.0,0.0
2022-03-18 00:00:00-04:00,133.25508139698087,134.73494038928317,132.12572978875104,134.45260620117188,1257900,0.0,0.0
2022-03-21 00:00:00-04:00,134.12157870490853,134.69600734860998,132.88513170836694,133.5471649169922,769900,0.0,0.0
2022-03-22 00:00:00-04:00,133.83922894208703,133.86843541225974,131.41498792726662,131.68759155273438,840300,0.0,0.0
2022-03-23 00:00:00-04:00,131.405284266749,132.43728603935998,130.60693430331094,130.86007690429688,890500,0.0,0.0
2022-03-24 00:00:00-04:00,131.327374000769,131.3857869435537,129.49702256266724,130.2174835205078,1291000,0.0,0.0
2022-03-25 00:00:00-04:00,130.6945916276638,131.48319633421832,130.33435359870515,131.31768798828125,606500,0.0,0.0
2022-03-28 00:00:00-04:00,131.26896894286094,134.04368788228976,130.9866198947298,133.73214721679688,714700,0.0,0.0
2022-03-29 00:00:00-04:00,134.46233822457998,135.27041864193632,133.29403473598444,134.67652893066406,897100,0.0,0.0
2022-03-30 00:00:00-04:00,134.61808594777543,136.09792977043818,134.33573696376183,136.00057983398438,638600,0.0,0.0
2022-03-31 00:00:00-04:00,136.06874314174007,137.4901890943921,136.0103302001953,136.0103302001953,1181900,0.0,0.0
2022-04-01 00:00:00-04:00,135.88381835553852,136.75031193620157,134.88100805884065,136.03958129882812,989900,0.0,0.0
2022-04-04 00:00:00-04:00,135.7182430188432,137.1299583539263,135.2411941191485,136.75025939941406,983200,0.0,0.0
2022-04-05 00:00:00-04:00,136.87684174568156,138.9895275959983,136.54582512893936,136.8671112060547,714500,0.0,0.0
2022-04-06 00:00:00-04:00,136.3024299527392,138.43459176963992,136.07850869172262,138.00621032714844,1377600,0.0,0.0
2022-04-07 00:00:00-04:00,137.02290235654655,140.8393689287844,136.52636252715516,140.48887634277344,1660200,0.0,0.0
2022-04-08 00:00:00-04:00,140.7127552003194,141.77396317899698,139.99229430856022,141.06324768066406,1154700,0.0,0.0
2022-04-11 00:00:00-04:00,140.67387843518688,141.0730386304659,139.43741625895152,139.89500427246094,712700,0.0,0.0
2022-04-12 00:00:00-04:00,139.87549981754415,140.30388126250153,137.62651208730384,137.85043334960938,868000,0.0,0.0
2022-04-13 00:00:00-04:00,138.42484294180042,138.68771606695418,135.99087103870966,136.1077117919922,937000,0.0,0.0
2022-04-14 00:00:00-04:00,136.0979473682647,137.36361555207074,135.35802536125945,135.40670776367188,692400,0.0,0.0
2022-04-18 00:00:00-04:00,135.21198922464708,136.09794355830456,134.26760709626024,134.70571899414062,661600,0.0,0.0
2022-04-19 00:00:00-04:00,134.91018371236612,135.79613807607504,133.85870620831744,134.7154541015625,1122700,0.0,0.0
2022-04-20 00:00:00-04:00,135.63063652449404,136.8768288454263,134.8907144763731,136.27320861816406,1240100,0.0,0.0
2022-04-21 00:00:00-04:00,137.37337559369058,138.346964322616,135.2801509130299,135.68905639648438,885500,0.0,0.0
2022-04-22 00:00:00-04:00,135.89350765251686,136.22452423325092,133.29402769948646,133.401123046875,738900,0.0,0.0
2022-04-25 00:00:00-04:00,133.44007855009184,133.85872945909756,131.26897968572794,132.65147399902344,854000,0.0,0.0
2022-04-26 00:00:00-04:00,133.65430896778676,136.89636241729625,132.67098933584649,133.86849975585938,1322300,0.0,0.0
2022-04-27 00:00:00-04:00,134.2189415437522,137.11050123083737,133.98527490285167,136.2537384033203,980700,0.0,0.0
2022-04-28 00:00:00-04:00,136.6042628899014,138.35672596711206,135.86434063765176,137.6752166748047,798300,0.0,0.0
2022-04-29 00:00:00-04:00,137.4220394907661,137.57781724863966,134.05343089751202,134.32603454589844,1020000,0.0,0.0
2022-05-02 00:00:00-04:00,133.53744611100944,134.55971734312402,129.85728156002614,130.98663330078125,1235600,0.0,0.0
2022-05-03 00:00:00-04:00,130.9963600790017,131.96994876059105,129.92540658693972,130.41220092773438,1583100,0.0,0.0
2022-05-04 00:00:00-04:00,129.25366313316567,129.29261501025024,124.88225827298223,127.64724731445312,2420000,0.0,0.0
2022-05-05 00:00:00-04:00,126.52759415256487,127.16042086607138,122.61376341387162,124.03520202636719,1594700,0.0,0.0
2022-05-06 00:00:00-04:00,121.71806998426761,124.4051771846745,121.71806998426761,123.40238189697266,1300400,0.0,0.0
2022-05-09 00:00:00-04:00,122.88637651098355,123.30501998183308,119.35224449979768,119.67353057861328,1239000,0.0,0.0
2022-05-10 00:00:00-04:00,120.79316827341553,121.99068582670319,118.16448135063855,120.10192108154297,1466300,0.0,0.0
2022-05-11 00:00:00-04:00,120.09216297934208,122.17564217396298,119.25487611482427,119.43012237548828,997600,0.0,0.0
2022-05-12 00:00:00-04:00,119.1867436384107,120.92946854792307,118.10605943514945,119.5469741821289,1025700,0.0,0.0
2022-05-13 00:00:00-04:00,120.76394472305766,122.88636841224954,119.9558643094354,122.6040267944336,1429900,0.0,0.0
2022-05-16 00:00:00-04:00,122.64297469474994,124.64856512105484,122.428783983612,123.50946807861328,2140200,0.0,0.0
2022-05-17 00:00:00-04:00,123.88985837301053,124.68965091546474,122.72918845787085,124.23123931884766,912000,0.23,0.0
2022-05-18 00:00:00-04:00,123.4997012810085,124.37751659422567,119.78358619343125,120.3102798461914,1187000,0.0,0.0
2022-05-19 00:00:00-04:00,119.9786826154975,121.11984867138571,118.67170019209779,119.32518768310547,1467700,0.0,0.0
2022-05-20 00:00:00-04:00,119.97866902542994,121.57825394174125,119.0813349122393,121.50997924804688,706100,0.0,0.0
2022-05-23 00:00:00-04:00,121.90987480346928,123.27537615286994,121.11008232532346,122.75843811035156,877300,0.0,0.0
2022-05-24 00:00:00-04:00,122.93400046444185,123.90935749055639,122.32927642935276,123.43143463134766,934800,0.0,0.0
2022-05-25 00:00:00-04:00,123.11933282858345,123.36317210917122,121.36368703179782,122.08544921875,1479000,0.0,0.0
2022-05-26 00:00:00-04:00,122.96325986615051,123.88984606351329,122.2317420972693,123.23635864257812,554800,0.0,0.0
2022-05-27 00:00:00-04:00,123.59726020917826,125.40167690395518,123.59726020917826,125.32364654541016,701500,0.0,0.0
2022-05-31 00:00:00-04:00,125.26510107445253,125.93809983248075,124.10443122390576,124.39704132080078,1764100,0.0,0.0
2022-06-01 00:00:00-04:00,124.80668267681207,125.24559779814732,123.94837118298892,124.2702407836914,785000,0.0,0.0
2022-06-02 00:00:00-04:00,124.3385298240206,127.2353342404443,123.66553102514841,127.030517578125,738300,0.0,0.0
2022-06-03 00:00:00-04:00,126.79643114938278,126.99149960536646,125.5577233855942,125.97713470458984,547500,0.0,0.0
2022-06-06 00:00:00-04:00,126.32826453748751,127.3426294435558,125.567487137244,125.85033416748047,685000,0.0,0.0
2022-06-07 00:00:00-04:00,125.78208909062984,127.74255198585493,125.42119675461434,127.70352935791016,523200,0.0,0.0
2022-06-08 00:00:00-04:00,126.79640865487363,127.00124017111803,125.09928213508167,125.55770111083984,824000,0.0,0.0
2022-06-09 00:00:00-04:00,125.33339575806636,125.66501362244877,121.29541768848689,121.49048614501953,688900,0.0,0.0
2022-06-10 00:00:00-04:00,120.24202051304485,121.67579662177458,118.48638222100799,120.50537109375,890000,0.0,0.0
2022-06-13 00:00:00-04:00,118.46686551362679,119.17887942900812,116.2820678215616,116.51615142822266,760200,0.0,0.0
2022-06-14 00:00:00-04:00,116.56491449832055,116.75998291732368,114.03873605634577,114.4678955078125,963200,0.0,0.0
2022-06-15 00:00:00-04:00,115.2481910410406,116.72097480882373,113.20969096459339,115.27745056152344,881100,0.0,0.0
2022-06-16 00:00:00-04:00,113.28772350365762,113.77540203148965,111.7661614366807,112.16606140136719,895100,0.0,0.0
2022-06-17 00:00:00-04:00,112.53670981508535,112.89759465400098,110.70304097822127,111.97100830078125,997100,0.0,0.0
2022-06-21 00:00:00-04:00,113.72662740860329,114.74099960562383,112.5659576112202,114.36061096191406,828900,0.0,0.0
2022-06-22 00:00:00-04:00,113.09264995733221,116.12601105824349,112.75127646909448,115.49203491210938,730100,0.0,0.0
2022-06-23 00:00:00-04:00,115.72611093650073,117.9011529056053,114.92631848449282,117.54027557373047,997900,0.0,0.0
2022-06-24 00:00:00-04:00,118.48637017130295,119.71531461833362,118.21326396391287,119.70556640625,793100,0.0,0.0
2022-06-27 00:00:00-04:00,119.17888329947714,120.81748348208735,118.85701367900029,120.07621002197266,647300,0.0,0.0
2022-06-28 00:00:00-04:00,120.39807430368515,121.38317954732825,118.43760458753043,118.6229248046875,625700,0.0,0.0
2022-06-29 00:00:00-04:00,119.14961856661778,121.6952935733306,118.37908561859399,121.54899597167969,1007700,0.0,0.0
2022-06-30 00:00:00-04:00,120.81747961668957,121.95864557126944,120.09571004694558,120.90525817871094,1642100,0.0,0.0
2022-07-01 00:00:00-04:00,120.6809362836563,122.4950936289478,120.65166932012974,122.23175048828125,550400,0.0,0.0
2022-07-05 00:00:00-04:00,121.09057697615053,121.9098733109301,119.72507564346766,121.54899597167969,1240000,0.0,0.0
2022-07-06 00:00:00-04:00,121.86110159056537,123.97762441872203,121.84159028409049,123.1388168334961,1012000,0.0,0.0
2022-07-07 00:00:00-04:00,122.93400260307374,123.42168112461495,122.37804938617211,122.95350646972656,932900,0.0,0.0
2022-07-08 00:00:00-04:00,122.8267090118024,123.06079261146283,121.84159634454721,122.41706085205078,480900,0.0,0.0
2022-07-11 00:00:00-04:00,122.45607832084724,123.21685561504107,121.58801115784314,122.03667449951172,479300,0.0,0.0
2022-07-12 00:00:00-04:00,121.64653240349448,122.15371479502242,119.10084990900482,119.4129638671875,1120000,0.0,0.0
2022-07-13 00:00:00-04:00,118.34981322538269,120.83697651867391,118.2132638425195,120.095703125,655200,0.0,0.0
2022-07-14 00:00:00-04:00,119.37394647025297,121.70504917984216,118.97405395692351,121.15885162353516,768400,0.0,0.0
2022-07-15 00:00:00-04:00,122.18297668544922,122.72918170389958,120.84674226421389,121.3734359741211,806900,0.0,0.0
2022-07-18 00:00:00-04:00,121.58800646233584,121.67578501994515,119.47147612958366,119.77384185791016,537800,0.0,0.0
2022-07-19 00:00:00-04:00,121.08083948686017,122.3390511395009,120.32006207860873,122.2122573852539,590100,0.0,0.0
2022-07-20 00:00:00-04:00,122.24150384073815,122.98276985900215,121.59776460018982,122.12445831298828,531400,0.0,0.0
2022-07-21 00:00:00-04:00,122.31953708331856,124.74817417079808,122.017171323165,124.44580841064453,673300,0.0,0.0
2022-07-22 00:00:00-04:00,124.22148911034094,125.19684627518886,122.59264443097723,123.14859771728516,604500,0.0,0.0
2022-07-25 00:00:00-04:00,123.06080088293051,124.27024901879932,123.06080088293051,124.24098205566406,670400,0.0,0.0
2022-07-26 00:00:00-04:00,123.7240371551656,124.12393710735144,122.50484087369692,123.23635864257812,970700,0.0,0.0
2022-07-27 00:00:00-04:00,123.79232106618409,125.61623407657454,123.47045143797962,125.0310287475586,993900,0.0,0.0
2022-07-28 00:00:00-04:00,125.07978289524979,128.02535022210282,124.59209697001822,127.72299194335938,563200,0.0,0.0
2022-07-29 00:00:00-04:00,128.38624710391613,130.22967124480016,127.93757633399107,130.08335876464844,1086900,0.0,0.0
2022-08-01 00:00:00-04:00,129.4786528203301,129.72249209117817,128.5130439499752,128.8934326171875,837000,0.0,0.0
2022-08-02 00:00:00-04:00,128.41554017632293,129.566454597178,127.87909070780121,127.91809844970703,774900,0.0,0.0
2022-08-03 00:00:00-04:00,131.03922552217574,133.29229792474052,128.9909697656073,132.3852081298828,1186900,0.0,0.0
2022-08-04 00:00:00-04:00,132.4632443943258,137.39854890274034,132.4632443943258,135.85748291015625,1742600,0.0,0.0
2022-08-05 00:00:00-04:00,134.87237174904774,135.2430121907138,133.43859569422824,134.921142578125,789600,0.0,0.0
2022-08-08 00:00:00-04:00,135.75997164926218,137.0084276801584,135.252781735845,136.05258178710938,795000,0.0,0.0
2022-08-09 00:00:00-04:00,136.38419328030102,137.54487068034047,135.67218672166013,136.28665161132812,823800,0.0,0.0
2022-08-10 00:00:00-04:00,137.5448407869603,137.74965741141267,135.77944709472524,136.5499725341797,834500,0.0,0.0
2022-08-11 00:00:00-04:00,136.7255534150083,137.11570519117743,135.38931892820423,135.54537963867188,515300,0.0,0.0
2022-08-12 00:00:00-04:00,135.57463667136776,138.17883833804385,135.23325573383616,138.07154846191406,464400,0.0,0.0
2022-08-15 00:00:00-04:00,137.67164997874434,138.64700708771954,137.34003213355717,138.20809936523438,378300,0.0,0.0
2022-08-16 00:00:00-04:00,137.89598020104953,140.52944117755965,137.3107600361508,140.16856384277344,883100,0.0,0.0
2022-08-17 00:00:00-04:00,139.98296959731712,141.12598000807162,139.63127752630677,140.5984344482422,648400,0.23,0.0
2022-08-18 00:00:00-04:00,140.8133249206762,140.95985703786232,138.83994127169845,139.1037139892578,486700,0.0,0.0
2022-08-19 00:00:00-04:00,139.2600474638107,139.49449888937664,138.29289061347095,138.59573364257812,562900,0.0,0.0
2022-08-22 00:00:00-04:00,137.50157389949376,138.86925677136793,137.50157389949376,138.29287719726562,546500,0.0,0.0
2022-08-23 00:00:00-04:00,137.7164838492852,138.17563767605412,137.0033360593218,137.67739868164062,339100,0.0,0.0
2022-08-24 00:00:00-04:00,137.72624821973898,138.71294746715324,137.5113245167353,138.14633178710938,424600,0.0,0.0
2022-08-25 00:00:00-04:00,138.7617858403244,139.2795674365055,137.61879060639959,139.1037139892578,501000,0.0,0.0
2022-08-26 00:00:00-04:00,139.50426319285225,139.50426319285225,136.2999648511119,136.4171905517578,539600,0.0,0.0
2022-08-29 00:00:00-04:00,135.54772284319623,138.08772217083555,135.40119072709652,137.54063415527344,682200,0.0,0.0
2022-08-30 00:00:00-04:00,137.73606638775337,137.9314475627812,135.7138332143136,136.2413787841797,842500,0.0,0.0
2022-08-31 00:00:00-04:00,136.73957958815348,137.198733469445,135.92873368941792,135.96780395507812,1164400,0.0,0.0
2022-09-01 00:00:00-04:00,134.17027383753023,136.29018978567132,134.1507461579787,136.2022705078125,1474800,0.0,0.0
2022-09-02 00:00:00-04:00,137.2573338537208,138.80087007304155,136.6614117368098,137.30618286132812,1457700,0.0,0.0
2022-09-06 00:00:00-04:00,137.38434440203218,139.10371923725546,137.38434440203218,138.03887939453125,1125200,0.0,0.0
2022-09-07 00:00:00-04:00,137.99978842977598,141.58508497902375,137.73603061996465,141.12594604492188,898300,0.0,0.0
2022-09-08 00:00:00-04:00,141.32135622509568,142.6499690127102,140.80358943129116,142.21035766601562,1069800,0.0,0.0
2022-09-09 00:00:00-04:00,142.54248240654036,143.78316078426857,142.21033299391823,143.0211639404297,1079700,0.0,0.0
2022-09-12 00:00:00-04:00,143.59757452375393,144.77964018570648,142.92349687698487,144.58425903320312,1118500,0.0,0.0
2022-09-13 00:00:00-04:00,143.07978794978746,144.12508516958567,142.50339350576854,142.84532165527344,1809600,0.0,0.0
2022-09-14 00:00:00-04:00,142.63039420274174,144.29115608542148,142.5229323505706,143.29469299316406,1338100,0.0,0.0
2022-09-15 00:00:00-04:00,142.96256437518628,143.67572718261562,141.95633729799272,142.46434020996094,1002100,0.0,0.0
2022-09-16 00:00:00-04:00,140.86216381506358,141.90746095806503,140.86216381506358,141.4678497314453,1340000,0.0,0.0
2022-09-19 00:00:00-04:00,140.8133284426533,142.4252413985147,140.6570175759956,142.31777954101562,649200,0.0,0.0
2022-09-20 00:00:00-04:00,142.45456381587312,142.58155335270447,139.58241497228593,140.6863250732422,1148600,0.0,0.0
2022-09-21 00:00:00-04:00,141.2724576023591,142.15167998702708,139.38699350611398,139.46514892578125,1030400,0.0,0.0
2022-09-22 00:00:00-04:00,139.19162284620975,139.19162284620975,136.88608996634466,137.8043975830078,901200,0.0,0.0
2022-09-23 00:00:00-04:00,137.05221369643772,137.25737362518552,135.48914934646257,136.49537658691406,847700,0.0,0.0
2022-09-26 00:00:00-04:00,136.34877350888425,137.27684481312303,135.27415521558407,136.2119903564453,783200,0.0,0.0
2022-09-27 00:00:00-04:00,137.3355360991288,137.3355360991288,133.89677050279164,134.50245666503906,1100000,0.0,0.0
2022-09-28 00:00:00-04:00,135.2448847016747,136.48557798663984,133.78926770099508,135.85057067871094,1963600,0.0,0.0
2022-09-29 00:00:00-04:00,135.24489329524025,135.55750014283606,132.98820904347204,133.867431640625,805300,0.0,0.0
2022-09-30 00:00:00-04:00,134.29728223518197,134.36565892887344,131.72797616919945,132.01129150390625,1255000,0.0,0.0
2022-10-03 00:00:00-04:00,133.085883322816,135.77241485490032,132.80258292016563,134.83457946777344,1191700,0.0,0.0
2022-10-04 00:00:00-04:00,135.54770171104428,140.0610690627633,135.54770171104428,139.37722778320312,1286800,0.0,0.0
2022-10-05 00:00:00-04:00,138.43941100990583,139.49447203509476,138.06817644872433,138.53709411621094,1258500,0.0,0.0
2022-10-06 00:00:00-04:00,137.70672241493924,137.93140995963503,127.76166381634424,131.61073303222656,5887300,0.0,0.0
2022-10-07 00:00:00-04:00,130.409139841316,131.4055881479074,126.69683847805409,126.97037506103516,1853700,0.0,0.0
2022-10-10 00:00:00-04:00,127.20485632180065,127.6151612444746,125.16308064283339,126.18885040283203,843200,0.0,0.0
2022-10-11 00:00:00-04:00,125.76876284462952,127.8691361625311,125.18260452461614,126.4819107055664,1091400,0.0,0.0
2022-10-12 00:00:00-04:00,126.63822445810273,126.63822445810273,124.42061048179656,124.43038177490234,717700,0.0,0.0
2022-10-13 00:00:00-04:00,121.90992152238812,126.60891463632252,121.41168993373549,125.81759643554688,1067000,0.0,0.0
2022-10-14 00:00:00-04:00,126.69685377549519,127.41976558639027,121.36286740339756,121.66571044921875,933400,0.0,0.0
2022-10-17 00:00:00-04:00,123.08221194327442,126.19858327597748,122.78914026470153,125.1728286743164,1291300,0.0,0.0
2022-10-18 00:00:00-04:00,127.16578485220909,127.88871164530175,126.07163827380214,127.4686279296875,1562300,0.0,0.0
2022-10-19 00:00:00-04:00,126.68706826640194,129.12936999800246,126.42331041216036,129.08053588867188,834900,0.0,0.0
2022-10-20 00:00:00-04:00,129.38335233425207,129.38335233425207,126.37443543035972,126.68704223632812,873200,0.0,0.0
2022-10-21 00:00:00-04:00,126.58935984625663,128.01565542480054,125.74920762219867,127.62489318847656,747100,0.0,0.0
2022-10-24 00:00:00-04:00,128.81676682736628,129.3638400458962,127.04854270796514,128.86561584472656,1168900,0.0,0.0
2022-10-25 00:00:00-04:00,129.51034724616764,129.97926487395526,128.2989605588751,129.52011108398438,865000,0.0,0.0
2022-10-26 00:00:00-04:00,129.6861988193574,131.49350774107154,128.47481201014028,129.1195831298828,891500,0.0,0.0
2022-10-27 00:00:00-04:00,129.52990388464676,131.85497977446028,129.52990388464676,130.44821166992188,1384600,0.0,0.0
2022-10-28 00:00:00-04:00,130.31144696688352,130.7412944447377,128.75814668642298,129.76437377929688,1279000,0.0,0.0
2022-10-31 00:00:00-04:00,129.14891629481272,130.9952958606649,128.73861138091524,128.86561584472656,1227400,0.0,0.0
2022-11-01 00:00:00-04:00,129.88156555465466,130.7314964480312,127.56626895260183,127.87887573242188,891800,0.0,0.0
2022-11-02 00:00:00-04:00,127.5760592857762,130.2625909717725,126.55028966070705,126.96060943603516,1384200,0.0,0.0
2022-11-03 00:00:00-04:00,129.10006036625887,135.57704916786375,128.67999163402803,135.3035125732422,2446900,0.0,0.0
2022-11-04 00:00:00-04:00,137.3354985817654,137.51133713310637,132.96866234396168,133.30081176757812,1891800,0.0,0.0
2022-11-07 00:00:00-05:00,133.7697122107409,137.0228591502588,133.36918614884473,136.17294311523438,1642500,0.0,0.0
2022-11-08 00:00:00-05:00,135.44999396070185,136.3389950134459,134.0823115000347,136.13385009765625,1508800,0.0,0.0
2022-11-09 00:00:00-05:00,135.78223371155764,136.7591545572672,134.3168524429933,134.49269104003906,1163400,0.0,0.0
2022-11-10 00:00:00-05:00,137.63830473056188,138.05838822400605,133.7208595727027,136.38784790039062,1516300,0.0,0.0
2022-11-11 00:00:00-05:00,136.5735095126469,137.21828071763824,131.0929840834726,133.10543823242188,1460000,0.0,0.0
2022-11-14 00:00:00-05:00,133.30082080585564,134.1312093278253,131.84521856564277,132.02105712890625,944300,0.0,0.0
2022-11-15 00:00:00-05:00,133.36682559911503,134.15963964948932,131.38972642577704,133.2200164794922,924200,0.255,0.0
2022-11-16 00:00:00-05:00,133.3179087033657,136.14654577693474,133.3179087033657,135.4516143798828,708100,0.0,0.0
2022-11-17 00:00:00-05:00,135.1384283970388,136.54784097361534,134.67840650277353,135.8235626220703,884900,0.0,0.0
2022-11-18 00:00:00-05:00,136.53802573032408,137.57551658286425,136.31291345387538,137.22315979003906,827200,0.0,0.0
2022-11-21 00:00:00-05:00,137.72236249826113,138.89688034928142,137.19381975767894,137.63426208496094,740700,0.0,0.0
2022-11-22 00:00:00-05:00,138.015994274845,139.4841454660872,137.73215828251958,138.79901123046875,909200,0.0,0.0
2022-11-23 00:00:00-05:00,138.70115184782347,139.65054260231938,138.50538639595334,138.9654083251953,786600,0.0,0.0
2022-11-25 00:00:00-05:00,138.9849632719,140.1496988043811,138.8087923181488,139.15135192871094,470300,0.0,0.0
2022-11-28 00:00:00-05:00,138.54452344447347,141.011021384982,138.54452344447347,139.13177490234375,811500,0.0,0.0
2022-11-29 00:00:00-05:00,138.9458419688432,139.3960666589077,137.11553657371707,137.83004760742188,699200,0.0,0.0
2022-11-30 00:00:00-05:00,138.07471985996386,141.5884911289574,137.81044848869107,141.431884765625,1551700,0.0,0.0
2022-12-01 00:00:00-05:00,141.9017145822824,142.89027936163572,140.531445992337,140.89358520507812,779800,0.0,0.0
2022-12-02 00:00:00-05:00,139.9148061900492,143.01749726314787,139.73863521498663,142.36172485351562,553300,0.0,0.0
2022-12-05 00:00:00-05:00,142.26381706040954,142.26381706040954,139.46454229922415,140.0126495361328,714400,0.0,0.0
2022-12-06 00:00:00-05:00,139.94416070543286,140.59015078318063,137.32107120399237,137.9279022216797,687100,0.0,0.0
2022-12-07 00:00:00-05:00,138.21176486518323,139.72884253815428,137.06659375071112,137.3798065185547,607300,0.0,0.0
2022-12-08 00:00:00-05:00,137.46788516642889,138.38792895766525,137.17425194489297,137.5461883544922,538300,0.0,0.0
2022-12-09 00:00:00-05:00,137.54618869415805,138.1334551386801,136.65550672939514,136.96871948242188,599300,0.0,0.0
2022-12-12 00:00:00-05:00,137.65385478660266,137.90832894932046,136.11719764262745,137.53640747070312,758600,0.0,0.0
2022-12-13 00:00:00-05:00,139.53308964100145,139.97353202029825,137.5853519129362,137.741943359375,1137500,0.0,0.0
2022-12-14 00:00:00-05:00,138.37813776717857,139.31774609394463,136.9393485154383,137.4972381591797,900700,0.0,0.0
2022-12-15 00:00:00-05:00,136.35209420779773,136.52828011895144,132.90682852276623,134.4141387939453,1066400,0.0,0.0
2022-12-16 00:00:00-05:00,133.3766486957517,133.80730877656725,131.5659228836335,131.64422607421875,1109000,0.0,0.0
2022-12-19 00:00:00-05:00,131.7421106177866,132.6034158565207,130.11735299399157,130.4794921875,1058100,0.0,0.0
2022-12-20 00:00:00-05:00,130.3816173155446,130.97866605161997,129.36369081397058,129.84329223632812,1013400,0.0,0.0
2022-12-21 00:00:00-05:00,130.79269709300735,132.1531832300032,129.78456782993592,131.11569213867188,594300,0.0,0.0
2022-12-22 00:00:00-05:00,130.5186337347352,131.01779971297125,128.64918448841615,129.34410095214844,659300,0.0,0.0
2022-12-23 00:00:00-05:00,129.19728629914687,130.63607545498988,128.27724262835702,130.53819274902344,472700,0.0,0.0
2022-12-27 00:00:00-05:00,130.90037243769788,131.77147492602745,130.19565863423946,131.0373992919922,344900,0.0,0.0
2022-12-28 00:00:00-05:00,131.45824797251922,131.7323016515445,129.62795770157052,129.6475372314453,539500,0.0,0.0
2022-12-29 00:00:00-05:00,130.45015007535437,131.0863430684595,130.02928715818214,130.67526245117188,336800,0.0,0.0
2022-12-30 00:00:00-05:00,130.26415264350265,130.33267353176717,128.60025101263108,129.7454071044922,521900,0.0,0.0
2023-01-03 00:00:00-05:00,129.69646941935991,130.75354005750722,127.69000809476061,128.91346740722656,501000,0.0,0.0
2023-01-04 00:00:00-05:00,130.04882412285144,130.56756966787322,128.69813522015602,129.6181640625,641600,0.0,0.0
2023-01-05 00:00:00-05:00,128.79601846976323,128.87432166603108,125.34097020903424,125.8792953491211,841000,0.0,0.0
2023-01-06 00:00:00-05:00,126.29035743904092,130.1467034155064,125.71288825276757,129.99009704589844,1185300,0.0,0.0
2023-01-09 00:00:00-05:00,130.85142142345063,131.3995288001991,129.34411120258648,129.38327026367188,1050000,0.0,0.0
2023-01-10 00:00:00-05:00,129.001542519728,129.1679311806665,126.25120859604127,128.41427612304688,836900,0.0,0.0
2023-01-11 00:00:00-05:00,129.3049744907291,130.29352428513405,127.67043456462667,129.44200134277344,1116100,0.0,0.0
2023-01-12 00:00:00-05:00,129.5496542965518,129.6573193084719,124.64602750763744,125.2724380493164,1522200,0.0,0.0
2023-01-13 00:00:00-05:00,125.3018207500408,127.9640695707101,124.36219736958996,127.81724548339844,1753900,0.0,0.0
2023-01-17 00:00:00-05:00,128.61984168471142,130.22501979886763,128.61984168471142,128.854736328125,1252900,0.0,0.0
2023-01-18 00:00:00-05:00,128.91344801064074,129.7160294327612,125.48776245117188,125.48776245117188,984400,0.0,0.0
2023-01-19 00:00:00-05:00,125.46819510849637,126.28057384081428,124.63623684647779,124.64602661132812,848200,0.0,0.0
2023-01-20 00:00:00-05:00,124.35241142473268,126.33930821600622,123.1583139033517,125.88906860351562,1082600,0.0,0.0
2023-01-23 00:00:00-05:00,125.88904176501514,127.06357443943986,125.48775853388348,126.43714904785156,593200,0.0,0.0
2023-01-24 00:00:00-05:00,127.22018393938917,137.8006572660033,125.85969783507053,126.93634796142578,767700,0.0,0.0
2023-01-25 00:00:00-05:00,126.23163921777103,128.9232497051961,125.86950004041904,128.91346740722656,1018200,0.0,0.0
2023-01-26 00:00:00-05:00,129.58880821607372,129.58880821607372,127.13210722087526,127.96406555175781,1037100,0.0,0.0
2023-01-27 00:00:00-05:00,127.82702955925878,128.73727608070809,126.76016173324756,128.49258422851562,878800,0.0,0.0
2023-01-30 00:00:00-05:00,128.49259006908122,129.59860207040202,128.18917454813985,128.21853637695312,801500,0.0,0.0
2023-01-31 00:00:00-05:00,128.46322574260017,130.08798326777426,127.76829429298279,130.07818603515625,926400,0.0,0.0
2023-02-01 00:00:00-05:00,128.99175349702537,131.31144247022092,128.00320376566393,130.19564819335938,1262400,0.0,0.0
2023-02-02 00:00:00-05:00,130.5871171583909,130.64584080042977,128.678524118117,129.16790771484375,1489400,0.0,0.0
2023-02-03 00:00:00-05:00,128.7568695749666,129.75521662193313,127.84660801998935,129.42242431640625,783700,0.0,0.0
2023-02-06 00:00:00-05:00,128.89389703814518,130.3326864866575,128.89389703814518,130.10755920410156,689200,0.0,0.0
2023-02-07 00:00:00-05:00,129.6670904312168,130.6458577516649,128.29682215651113,130.53819274902344,789700,0.0,0.0
2023-02-08 00:00:00-05:00,130.22496696926743,130.8709568462038,129.73558341427943,130.63604736328125,597500,0.0,0.0
2023-02-09 00:00:00-05:00,131.3505922976069,131.59528416661692,129.86286155228032,130.8416290283203,871100,0.0,0.0
2023-02-10 00:00:00-05:00,131.25272559470363,132.98513328853912,130.83184781043167,132.4468231201172,1182800,0.0,0.0
2023-02-13 00:00:00-05:00,132.80892554356205,133.34725049776182,131.58546652710916,131.80079650878906,769900,0.0,0.0
2023-02-14 00:00:00-05:00,131.5659146415899,132.04551605332705,130.65566811082178,131.8203887939453,871300,0.0,0.0
2023-02-15 00:00:00-05:00,131.20380237255705,132.8481248045039,130.85144543216722,132.65237426757812,937500,0.0,0.0
2023-02-16 00:00:00-05:00,132.7306461383871,135.30480914901813,130.5675636387077,133.4647216796875,1603200,0.0,0.0
2023-02-17 00:00:00-05:00,133.75834147611536,135.8235410560307,132.58382371472166,133.2200164794922,1142500,0.0,0.0
2023-02-21 00:00:00-05:00,132.74041835389184,133.8268506698923,131.38972961615357,132.3880615234375,1067500,0.0,0.0
2023-02-22 00:00:00-05:00,132.9655619135538,134.95245861024858,132.5642636811677,133.07322692871094,1315100,0.0,0.0
2023-02-23 00:00:00-05:00,133.2983381671689,133.4647268374505,130.9982287416176,131.9280548095703,787500,0.0,0.0
2023-02-24 00:00:00-05:00,131.21358359068353,131.8008501314289,130.30333688081757,131.2821044921875,754000,0.0,0.0
2023-02-27 00:00:00-05:00,131.9965627219903,133.5527991923467,131.61484406068018,133.06341552734375,1411800,0.0,0.0
2023-02-28 00:00:00-05:00,132.27403514045915,133.40172684305517,130.76390742922993,131.32284545898438,1245100,0.255,0.0
2023-03-01 00:00:00-05:00,130.68544101359797,132.53878682160644,130.6266070137991,130.85214233398438,896200,0.0,0.0
2023-03-02 00:00:00-05:00,130.81293621612534,131.56800761333798,130.46973282675359,131.09732055664062,698100,0.0,0.0
2023-03-03 00:00:00-05:00,130.94038837985482,131.64642627646757,129.4204452701227,131.53855895996094,834500,0.0,0.0
2023-03-06 00:00:00-05:00,131.02867575705918,133.68612676728662,130.92080841060258,132.77415466308594,1024100,0.0,0.0
2023-03-07 00:00:00-05:00,132.85260751267134,133.078157854079,130.47954080866256,130.6756591796875,666600,0.0,0.0
2023-03-08 00:00:00-05:00,130.7639017630764,131.10710511023092,130.0186311385365,130.62661743164062,758600,0.0,0.0
2023-03-09 00:00:00-05:00,131.04828802427053,132.24462947960467,129.63621188270423,129.81272888183594,954700,0.0,0.0
2023-03-10 00:00:00-05:00,130.10689748776352,130.43049951349414,128.12608260958942,128.4987030029297,960700,0.0,0.0
2023-03-13 00:00:00-04:00,128.16529141483406,131.32284615426502,128.16529141483406,130.0382537841797,797800,0.0,0.0
2023-03-14 00:00:00-04:00,130.92079636904293,132.77414245106308,130.53836035093943,132.36228942871094,675700,0.0,0.0
2023-03-15 00:00:00-04:00,131.40130289545255,132.49957765392256,130.028459447365,132.42112731933594,1073900,0.0,0.0
2023-03-16 00:00:00-04:00,132.29365568262966,133.97048478823794,131.70528566772123,133.4409637451172,738100,0.0,0.0
2023-03-17 00:00:00-04:00,133.30366319740318,133.33308019828524,131.57778601035415,131.75430297851562,1112400,0.0,0.0
2023-03-20 00:00:00-04:00,132.2152029491765,134.44118434428907,132.0583022863336,132.87220764160156,813100,0.0,0.0
2023-03-21 00:00:00-04:00,133.3625268728295,133.49981122844838,130.27362138996813,130.7443084716797,1085200,0.0,0.0
2023-03-22 00:00:00-04:00,130.70506221536309,131.55820023057714,129.57737048036083,129.62640380859375,681100,0.0,0.0
2023-03-23 00:00:00-04:00,129.51855479456304,130.96984874577132,128.33201392009929,128.60658264160156,612500,0.0,0.0
2023-03-24 00:00:00-04:00,128.4692870072672,131.37188961784437,128.2633679656471,131.02867126464844,693000,0.0,0.0
2023-03-27 00:00:00-04:00,131.4013057041574,132.76434850063342,130.79333430170487,130.86196899414062,785800,0.0,0.0
2023-03-28 00:00:00-04:00,130.62661673784746,132.30344570841632,130.5873840931485,132.21519470214844,457500,0.0,0.0
2023-03-29 00:00:00-04:00,132.86239869846864,133.78415636888687,132.4897633881088,133.43115234375,667800,0.0,0.0
2023-03-30 00:00:00-04:00,134.02931369117502,135.85324271246154,133.78416202144763,135.3433380126953,1031900,0.0,0.0
2023-03-31 00:00:00-04:00,136.07880082672372,137.06920824259413,135.63753078847935,136.37298583984375,826100,0.0,0.0
2023-04-03 00:00:00-04:00,136.41221376070237,137.32417091064087,136.01997702236005,136.75543212890625,580500,0.0,0.0
2023-04-04 00:00:00-04:00,137.06922159132486,137.06922159132486,134.98052425391958,135.735595703125,771300,0.0,0.0
2023-04-05 00:00:00-04:00,135.88267462426867,136.70638064313397,133.99989663419015,134.43136596679688,853400,0.0,0.0
2023-04-06 00:00:00-04:00,134.15680513806757,135.578681912481,134.06855412292987,135.1570281982422,490000,0.0,0.0
2023-04-10 00:00:00-04:00,134.48041667956815,135.72579151189638,133.78417926414522,135.6081085205078,508900,0.0,0.0
2023-04-11 00:00:00-04:00,135.47081609996283,138.4420533460593,135.2550814186137,137.31436157226562,930100,0.0,0.0
2023-04-12 00:00:00-04:00,137.9615442817498,140.41306076990978,137.3927906609524,139.65798950195312,886000,0.0,0.0
2023-04-13 00:00:00-04:00,140.0992379222464,141.27597762581098,139.47165039634984,141.15829467773438,677500,0.0,0.0
2023-04-14 00:00:00-04:00,140.85433483593204,141.33483746819917,140.07966218683768,140.32481384277344,778400,0.0,0.0
2023-04-17 00:00:00-04:00,140.913197530378,141.53098461724088,140.3542594217323,141.13873291015625,559300,0.0,0.0
2023-04-18 00:00:00-04:00,141.47211823146736,141.7859045624645,139.54032203435136,140.19732666015625,840600,0.0,0.0
2023-04-19 00:00:00-04:00,140.31499466392154,141.19754958076888,139.97179133198304,140.19732666015625,625100,0.0,0.0
2023-04-20 00:00:00-04:00,140.19737301274205,141.58003236560114,139.4128844815747,140.9720458984375,594700,0.0,0.0
2023-04-21 00:00:00-04:00,141.3348666997647,142.43314155738912,141.2269993503285,142.2860565185547,1241500,0.0,0.0
2023-04-24 00:00:00-04:00,141.46233965501625,142.00167641837217,139.16772320314547,139.3736572265625,1869200,0.0,0.0
2023-04-25 00:00:00-04:00,139.50112763188338,139.95221337475274,138.4420704190744,138.55975341796875,1269100,0.0,0.0
2023-04-26 00:00:00-04:00,137.94195671278084,138.2067247382936,137.0594165782348,137.5006866455078,1121200,0.0,0.0
2023-04-27 00:00:00-04:00,135.61791223542897,136.5691019499248,129.78330524973143,134.28428649902344,2859400,0.0,0.0
2023-04-28 00:00:00-04:00,134.25488160191782,136.82406664937216,133.23504214293962,136.45143127441406,1959000,0.0,0.0
2023-05-01 00:00:00-04:00,136.94173467814946,136.94173467814946,135.02955439615587,136.45143127441406,1326400,0.0,0.0
2023-05-02 00:00:00-04:00,136.39257618233583,136.70637749441136,134.48039619584466,136.3631591796875,1135800,0.0,0.0
2023-05-03 00:00:00-04:00,136.82405041781865,137.7556237818281,135.63752470074607,136.2847137451172,688200,0.0,0.0
2023-05-04 00:00:00-04:00,136.13764607717908,137.67719099779032,136.02977872889124,136.61814880371094,676500,0.0,0.0
2023-05-05 00:00:00-04:00,136.7357779656946,138.19687213014836,136.6475269684192,138.08901977539062,561300,0.0,0.0
2023-05-08 00:00:00-04:00,137.9615608046849,140.2757932451862,137.9419444808269,139.14808654785156,686900,0.0,0.0
2023-05-09 00:00:00-04:00,139.38877977142198,140.99986945168345,139.32983984247969,140.24343872070312,986900,0.255,0.0
2023-05-10 00:00:00-04:00,140.8131952227788,142.38499637785128,140.52831394569785,142.31622314453125,702900,0.0,0.0
2023-05-11 00:00:00-04:00,142.31624247194958,142.92532337190562,140.0862685797225,141.05880737304688,694800,0.0,0.0
2023-05-12 00:00:00-04:00,141.04898268366796,142.4734191778577,141.00967940683333,141.353515625,508700,0.0,0.0
2023-05-15 00:00:00-04:00,141.3044020837177,141.88399803671936,139.77190397553272,141.07846069335938,892700,0.0,0.0
2023-05-16 00:00:00-04:00,140.8721677331301,140.8721677331301,139.37897277915354,139.63438415527344,734000,0.0,0.0
2023-05-17 00:00:00-04:00,140.45955636277088,140.76408931041897,136.9721324668675,138.12152099609375,1082800,0.0,0.0
2023-05-18 00:00:00-04:00,137.2472240562368,137.63034860738293,136.0585471212496,136.9819793701172,868300,0.0,0.0
2023-05-19 00:00:00-04:00,137.55171929043684,138.3769080988138,137.10965492807819,137.8267822265625,647000,0.0,0.0
2023-05-22 00:00:00-04:00,137.7383901935378,138.09204472719537,136.36306034495502,136.8345947265625,391700,0.0,0.0
2023-05-23 00:00:00-04:00,136.21569282056655,136.55951399564353,134.59477017301245,135.12525939941406,561600,0.0,0.0
2023-05-24 00:00:00-04:00,135.15475981453602,136.03888873803513,134.71269535278648,134.75198364257812,520900,0.0,0.0
2023-05-25 00:00:00-04:00,134.496553624312,135.58698713990535,133.7008347055993,135.1743927001953,557600,0.0,0.0
2023-05-26 00:00:00-04:00,135.58700186363723,137.54191275528007,135.45928869349862,136.00941467285156,717900,0.0,0.0
2023-05-30 00:00:00-04:00,136.17640764704265,136.17640764704265,133.67137093212474,134.50637817382812,599800,0.0,0.0
2023-05-31 00:00:00-04:00,134.55550089467883,135.53787294472988,134.0643148696533,134.2411346435547,1256000,0.0,0.0
2023-06-01 00:00:00-04:00,133.79906949742443,135.20386931612157,133.6222497244766,135.16456604003906,608900,0.0,0.0
2023-06-02 00:00:00-04:00,135.3020826918587,137.70889093965408,134.7912600772565,137.03106689453125,647200,0.0,0.0
2023-06-05 00:00:00-04:00,136.97213845180585,137.9054039641621,135.61647510982087,135.6754150390625,524100,0.0,0.0
2023-06-06 00:00:00-04:00,135.67541312841334,136.7560284486559,133.84820039860878,134.2509765625,815300,0.0,0.0
2023-06-07 00:00:00-04:00,134.25096829906005,134.80109425011887,132.5416355312919,132.65951538085938,989600,0.0,0.0
2023-06-08 00:00:00-04:00,132.85600272873555,134.12325609002866,131.74591750471498,133.60260009765625,794900,0.0,0.0
2023-06-09 00:00:00-04:00,133.3570163411597,133.9562639386755,132.15852114612807,133.43560791015625,693900,0.0,0.0
2023-06-12 00:00:00-04:00,133.66154114853873,134.00537736819726,132.39428777657298,133.3373565673828,685800,0.0,0.0
2023-06-13 00:00:00-04:00,133.60259971065466,133.90713264986113,132.3549830015045,132.9444122314453,982600,0.0,0.0
2023-06-14 00:00:00-04:00,132.94442577364313,135.08598988027998,132.49252798601552,134.41798400878906,943800,0.0,0.0
2023-06-15 00:00:00-04:00,133.5043571985832,135.81293753966528,133.3962956721962,135.00738525390625,956300,0.0,0.0
2023-06-16 00:00:00-04:00,135.44945059780292,136.70688550701237,134.94843130488852,135.1154327392578,934700,0.0,0.0
2023-06-20 00:00:00-04:00,134.27063156103267,135.28248876634134,133.4945640812103,134.290283203125,769500,0.0,0.0
2023-06-21 00:00:00-04:00,134.6046153641471,134.91896660880982,133.3766503666376,134.33937072753906,735400,0.0,0.0
2023-06-22 00:00:00-04:00,134.5457012772604,134.7421727166257,133.3177360439647,134.6537628173828,490700,0.0,0.0
2023-06-23 00:00:00-04:00,134.22150746450424,135.45929093856302,133.53383498910708,133.7008514404297,909700,0.0,0.0
2023-06-26 00:00:00-04:00,133.76960028334634,136.10765055967252,133.20965600940568,135.3610382080078,640300,0.0,0.0
2023-06-27 00:00:00-04:00,135.78345481995055,137.22754281426262,135.2922688352133,136.34339904785156,977300,0.0,0.0
2023-06-28 00:00:00-04:00,136.392527109016,136.72652999691476,135.57715653692844,136.4219970703125,742500,0.0,0.0
2023-06-29 00:00:00-04:00,136.66761103685124,138.00363778317796,135.96030187763063,137.79734802246094,855000,0.0,0.0
2023-06-30 00:00:00-04:00,138.1116838924376,140.6265539599221,137.63033117799742,140.41043090820312,1116700,0.0,0.0
2023-07-03 00:00:00-04:00,139.45755590244303,139.762088868156,138.46535044534156,138.87794494628906,569000,0.0,0.0
2023-07-05 00:00:00-04:00,138.60284715956223,139.08421478476023,138.29831427027992,138.73056030273438,883100,0.0,0.0
2023-07-06 00:00:00-04:00,137.78750535759644,138.3081613714417,137.22756105526474,137.59103393554688,1344400,0.0,0.0
2023-07-07 00:00:00-04:00,136.79530538299943,137.6008576439172,136.33358932902124,136.35324096679688,912000,0.0,0.0
2023-07-10 00:00:00-04:00,136.30411814564735,137.7580245420548,135.97011525549289,136.24517822265625,747000,0.0,0.0
2023-07-11 00:00:00-04:00,136.1764154648367,136.34341692276482,134.64391738991176,136.18624877929688,1118100,0.0,0.0
2023-07-12 00:00:00-04:00,137.10968676600294,138.26887869601921,135.5673553111947,136.72654724121094,1209700,0.0,0.0
2023-07-13 00:00:00-04:00,136.84441507178127,138.9663420726331,136.166576030692,138.63232421875,1024200,0.0,0.0
2023-07-14 00:00:00-04:00,138.2885271081506,139.40843072194562,137.59103630956005,138.92706298828125,930300,0.0,0.0
2023-07-17 00:00:00-04:00,139.04493235584508,140.39079224768054,138.86811258323172,138.98599243164062,799800,0.0,0.0
2023-07-18 00:00:00-04:00,138.2001156470266,138.54395191729498,136.76586061119872,137.5026397705078,1067800,0.0,0.0
2023-07-19 00:00:00-04:00,137.34543586523367,138.56358262088702,136.8640831473657,138.3671112060547,566100,0.0,0.0
2023-07-20 00:00:00-04:00,138.25905355996898,141.28476140069574,137.95450562015176,141.2159881591797,548900,0.0,0.0
2023-07-21 00:00:00-04:00,142.4439254796354,143.28876591310686,141.98220948751697,142.09027099609375,1093400,0.0,0.0
2023-07-24 00:00:00-04:00,142.05102401190533,143.12180609649076,141.6384145029838,142.68955993652344,860800,0.0,0.0
2023-07-25 00:00:00-04:00,142.0706365875927,142.8074156018248,140.12554418716599,140.5283203125,911800,0.0,0.0
2023-07-26 00:00:00-04:00,139.2021127372928,141.36332819111365,139.0056413305468,140.3514862060547,885100,0.0,0.0
2023-07-27 00:00:00-04:00,140.67571072596957,141.19636684713157,137.286529280164,138.40643310546875,1366400,0.0,0.0
2023-07-28 00:00:00-04:00,138.99579212044966,140.1255137005598,138.15095176834674,138.94667053222656,803500,0.0,0.0
2023-07-31 00:00:00-04:00,138.95652048843564,139.2414167711058,138.08220998231644,138.68145751953125,789600,0.0,0.0
2023-08-01 00:00:00-04:00,138.8386333039461,141.48121632036447,138.3474473154611,140.36131286621094,909000,0.0,0.0
2023-08-02 00:00:00-04:00,140.00766058706827,141.05879082448493,138.36710115814955,139.084228515625,1258400,0.0,0.0
2023-08-03 00:00:00-04:00,138.07239892822827,140.57745073175508,137.148966774082,138.20993041992188,1388500,0.0,0.0
2023-08-04 00:00:00-04:00,139.25123007589303,141.14720082820344,136.2549924978154,139.45753479003906,1224300,0.0,0.0
2023-08-07 00:00:00-04:00,139.61471769769332,140.99004762805615,139.61471769769332,140.66586303710938,600600,0.0,0.0
2023-08-08 00:00:00-04:00,139.76209959130475,141.5205392652444,137.03110602563572,137.69911193847656,915300,0.0,0.0
2023-08-09 00:00:00-04:00,137.87592316225337,140.64620454752514,137.64014847401003,139.9290771484375,631600,0.0,0.0
2023-08-10 00:00:00-04:00,140.15501645175962,141.15704012472793,136.10764846380465,137.38473510742188,2166100,0.0,0.0
2023-08-11 00:00:00-04:00,136.86409205601996,138.41622682709132,136.72654556789533,138.20010375976562,512200,0.0,0.0
2023-08-14 00:00:00-04:00,138.01348615251885,139.48704456332587,137.9447128982384,138.91726684570312,430800,0.0,0.0
2023-08-15 00:00:00-04:00,138.2627811908952,139.0008912474018,135.98938960266935,136.15670776367188,934900,0.255,0.0
2023-08-16 00:00:00-04:00,136.12718256621392,137.97736820257066,136.12718256621392,136.83575439453125,693100,0.0,0.0
2023-08-17 00:00:00-04:00,137.3278208558351,137.4262415304006,134.93635163613695,135.18238830566406,1043300,0.0,0.0
2023-08-18 00:00:00-04:00,135.1036689752794,136.37322673298743,134.92652976269954,135.812255859375,724300,0.0,0.0
2023-08-21 00:00:00-04:00,135.812255859375,136.85544904515797,135.38907995139775,135.812255859375,840700,0.0,0.0
2023-08-22 00:00:00-04:00,135.75320762302164,136.07797785858963,134.49350096093923,134.97572326660156,864500,0.0,0.0
2023-08-23 00:00:00-04:00,135.0544398435359,136.30431028699675,134.6214129171787,135.65476989746094,498700,0.0,0.0
2023-08-24 00:00:00-04:00,135.09380316993557,136.09762185398677,134.15886693664794,134.2474365234375,1044900,0.0,0.0
2023-08-25 00:00:00-04:00,135.14303636660463,136.2059016216766,134.5131680422844,135.67446899414062,472600,0.0,0.0
2023-08-28 00:00:00-04:00,135.87131643140162,136.8948376004388,135.4973358099969,135.50718688964844,359800,0.0,0.0
2023-08-29 00:00:00-04:00,135.24144574175534,136.825922623507,134.74937236253913,136.76687622070312,761800,0.0,0.0
2023-08-30 00:00:00-04:00,137.46562154180404,137.91833568950545,135.99925238086772,136.1763916015625,740700,0.0,0.0
2023-08-31 00:00:00-04:00,136.17638011705506,136.7078277680972,134.5427079353873,134.81826782226562,861600,0.0,0.0
2023-09-01 00:00:00-04:00,135.89097801292792,137.34751092285873,135.605567060734,137.081787109375,838900,0.0,0.0
2023-09-05 00:00:00-04:00,137.14086372597944,137.4262596929193,136.13702977691187,136.9046630859375,560000,0.0,0.0
2023-09-06 00:00:00-04:00,136.65862306213708,136.8948236964377,135.0544589983994,135.40875244140625,761300,0.0,0.0
2023-09-07 00:00:00-04:00,135.32018076287136,137.0326015473321,135.32018076287136,136.66845703125,531600,0.0,0.0
2023-09-08 00:00:00-04:00,136.9636867369003,137.4459239988683,135.4284203739146,135.65476989746094,527200,0.0,0.0
2023-09-11 00:00:00-04:00,135.51700570581107,137.28847287532182,135.35953862032395,136.9440155029297,411800,0.0,0.0
2023-09-12 00:00:00-04:00,137.35738162409092,138.27263097689888,136.41259405055425,137.94786071777344,708200,0.0,0.0
2023-09-13 00:00:00-04:00,137.78052419008853,139.80786378618387,137.4262308129243,139.66024780273438,662500,0.0,0.0
2023-09-14 00:00:00-04:00,140.21138802406844,140.72314853642536,138.99104065364435,139.89645385742188,1133100,0.0,0.0
2023-09-15 00:00:00-04:00,140.05393585984038,140.76252279338905,139.4043953346059,139.54217529296875,734000,0.0,0.0
2023-09-18 00:00:00-04:00,139.74883631238154,140.4082128225332,138.47929363218543,139.23707580566406,471300,0.0,0.0
2023-09-19 00:00:00-04:00,139.31580158070528,139.9259677167378,138.35134203929238,138.9713592529297,458400,0.0,0.0
2023-09-20 00:00:00-04:00,139.28629741982408,140.68378409403618,139.2567742167476,139.48312377929688,495200,0.0,0.0
2023-09-21 00:00:00-04:00,138.9024766121932,139.561853156012,136.31416576264948,136.34368896484375,720500,0.0,0.0
2023-09-22 00:00:00-04:00,136.3830359927148,136.81606289421788,135.17253989397503,135.38905334472656,508000,0.0,0.0
2023-09-25 00:00:00-04:00,135.00525187874732,136.73735987119227,134.94620547298462,135.9697265625,591500,0.0,0.0
2023-09-26 00:00:00-04:00,135.49733699672163,136.34370392523098,134.05065487980025,134.11953735351562,895300,0.0,0.0
2023-09-27 00:00:00-04:00,134.4344413001429,134.8084068237369,132.10200347778655,133.71600341796875,891600,0.0,0.0
2023-09-28 00:00:00-04:00,134.11952570462194,135.28082674607973,133.77506831529323,134.27699279785156,820900,0.0,0.0
2023-09-29 00:00:00-04:00,134.84779410154715,134.90684050481363,131.97408734643818,132.17091369628906,1020900,0.0,0.0
2023-10-02 00:00:00-04:00,131.78709176731138,131.99375417044718,128.88386192712517,130.41912841796875,1212000,0.0,0.0
2023-10-03 00:00:00-04:00,129.2479818750466,131.01944885566772,128.78543174630425,131.0095977783203,1177800,0.0,0.0
2023-10-04 00:00:00-04:00,131.31469683121452,132.17091473597733,130.10420050406606,131.5410614013672,879500,0.0,0.0
2023-10-05 00:00:00-04:00,131.3934505642473,133.4208058441447,130.99979780096277,133.29286193847656,1020400,0.0,0.0
2023-10-06 00:00:00-04:00,132.7121924768695,134.78874267674368,131.6689843294374,133.80459594726562,759600,0.0,0.0
2023-10-09 00:00:00-04:00,133.58806906710353,135.9008046392868,133.5290076550731,135.39889526367188,503500,0.0,0.0
2023-10-10 00:00:00-04:00,135.58591314174902,136.93418949511437,134.8281158769816,135.7729034423828,808300,0.0,0.0
2023-10-11 00:00:00-04:00,135.8417510986328,136.70780489355994,134.8182452638976,135.8417510986328,489200,0.0,0.0
2023-10-12 00:00:00-04:00,136.51099966868264,137.28846897876636,134.0801560416861,134.9166717529297,579900,0.0,0.0
2023-10-13 00:00:00-04:00,135.33988440543385,136.48148338405207,135.0249501927876,136.2157745361328,767600,0.0,0.0
2023-10-16 00:00:00-04:00,136.0681207489476,137.57386403636553,135.31033858309854,136.48146057128906,678000,0.0,0.0
2023-10-17 00:00:00-04:00,136.10749648656864,138.04626675633529,136.02876294572323,136.9636993408203,647000,0.0,0.0
2023-10-18 00:00:00-04:00,136.49133967214598,137.00310027877958,135.3005152833599,135.51702880859375,871800,0.0,0.0
2023-10-19 00:00:00-04:00,134.94620579886524,136.03860935877896,133.47983666258844,133.8734893798828,686200,0.0,0.0
2023-10-20 00:00:00-04:00,133.8439564290832,135.50716681976425,133.67665328557334,134.2868194580078,885300,0.0,0.0
2023-10-23 00:00:00-04:00,134.44426770423826,135.3595168346613,133.2928179836002,133.37155151367188,652000,0.0,0.0
2023-10-24 00:00:00-04:00,133.5585352471238,134.42457400184173,131.8854740943671,132.24961853027344,966300,0.0,0.0
2023-10-25 00:00:00-04:00,130.93088150270697,136.01893358955755,130.93088150270697,135.2316131591797,1472800,0.0,0.0
2023-10-26 00:00:00-04:00,131.38359943840305,131.76741609451383,124.1205986668706,125.85269165039062,3751900,0.0,0.0
2023-10-27 00:00:00-04:00,126.46285356412034,127.06318366420527,125.0555234536916,126.01013946533203,2903600,0.0,0.0
2023-10-30 00:00:00-04:00,126.64984081485723,128.0670144609619,126.37428094110209,127.81112670898438,1927000,0.0,0.0
2023-10-31 00:00:00-04:00,128.4016374767125,128.51973029032428,126.97462758364455,127.44701385498047,1124800,0.0,0.0
2023-11-01 00:00:00-04:00,127.58479744469413,128.0768708712807,126.64986093755746,127.69305419921875,1063200,0.0,0.0
2023-11-02 00:00:00-04:00,127.79147523118678,131.06867104610745,127.79147523118678,130.67501831054688,874700,0.0,0.0
2023-11-03 00:00:00-04:00,130.98009419398767,131.66899395158848,130.09436807948495,131.1178741455078,1509300,0.0,0.0
2023-11-06 00:00:00-05:00,131.0883424827138,131.87566287639817,130.10419574483024,130.32070922851562,1952300,0.0,0.0
2023-11-07 00:00:00-05:00,129.9212953524959,130.13827587705308,129.13227663131335,129.86212158203125,2438300,0.285,0.0
2023-11-08 00:00:00-05:00,130.36509923577256,130.36509923577256,129.1125477683067,129.50704956054688,1011400,0.0,0.0
2023-11-09 00:00:00-05:00,129.5859395896559,130.13824806165064,128.4221488878495,128.70816040039062,1295700,0.0,0.0
2023-11-10 00:00:00-05:00,129.1914529630495,129.50705139144767,127.64300255559431,128.74761962890625,1357000,0.0,0.0
2023-11-13 00:00:00-05:00,128.3432605629427,129.0237889561155,127.53451231329419,128.76734924316406,1168100,0.0,0.0
2023-11-14 00:00:00-05:00,129.4873113288994,133.98471272689756,129.40842301513038,133.1365203857422,1468900,0.0,0.0
2023-11-15 00:00:00-05:00,133.14639533606166,134.0340319519235,132.10095197315957,132.1798553466797,1048200,0.0,0.0
2023-11-16 00:00:00-05:00,132.3277871682236,133.4817207659006,131.3217879871926,133.15625,936600,0.0,0.0
2023-11-17 00:00:00-05:00,133.11679101332504,133.89593726968545,131.50916696817708,132.9885711669922,1806400,0.0,0.0
2023-11-20 00:00:00-05:00,132.65324434985223,133.21542517409605,132.31791634027408,132.4954376220703,785600,0.0,0.0
2023-11-21 00:00:00-05:00,129.96072419768657,130.65110977391848,128.54049384127984,129.80291748046875,1552700,0.0,0.0
2023-11-22 00:00:00-05:00,130.3650793651083,131.46971130371094,129.86208739927793,131.46971130371094,1470600,0.0,0.0
2023-11-24 00:00:00-05:00,131.50915535886753,131.75572270357037,130.7793256500841,131.4795684814453,644800,0.0,0.0
2023-11-27 00:00:00-05:00,132.3376325234892,132.57434261807617,131.21328591043763,131.8346405029297,1027200,0.0,0.0
2023-11-28 00:00:00-05:00,131.94313228907245,132.16011278265788,130.8483725439017,131.18370056152344,1057700,0.0,0.0
2023-11-29 00:00:00-05:00,131.36122253696965,131.85435723225115,130.33549394318925,130.8187713623047,614800,0.0,0.0
2023-11-30 00:00:00-05:00,131.28232781102957,133.64936848429232,130.8286372398608,133.62965393066406,1176100,0.0,0.0
2023-12-01 00:00:00-05:00,133.6592312970925,137.84100385883454,133.63950169559095,137.71279907226562,1939200,0.0,0.0
2023-12-04 00:00:00-05:00,137.61419596593626,138.74839998525078,137.0323005142629,137.91993713378906,1157800,0.0,0.0
2023-12-05 00:00:00-05:00,138.2355499095996,138.6103221218168,137.08161629051034,138.1960906982422,1115000,0.0,0.0
2023-12-06 00:00:00-05:00,138.14677624734648,138.97523901647136,137.05201649911777,137.28871154785156,760900,0.0,0.0
2023-12-07 00:00:00-05:00,137.53528092501764,137.53528092501764,135.45425164536573,136.48983764648438,601700,0.0,0.0
2023-12-08 00:00:00-05:00,136.66735887900478,136.93364078327394,135.52328275566643,136.43064880371094,499700,0.0,0.0
2023-12-11 00:00:00-05:00,136.0460417850909,140.0897384351406,135.36551329941653,139.57688903808594,1248200,0.0,0.0
2023-12-12 00:00:00-05:00,140.1291725570536,143.6205599701335,139.60645092528284,143.55152893066406,1486500,0.0,0.0
2023-12-13 00:00:00-05:00,143.98548246504973,147.31906297350903,143.60083798140914,146.62867736816406,1745900,0.0,0.0
2023-12-14 00:00:00-05:00,147.21059152954842,147.8220889003177,144.79423407765395,145.25778198242188,2418400,0.0,0.0
2023-12-15 00:00:00-05:00,144.46875269179822,145.67200269028464,142.70333690181346,143.4134521484375,1454300,0.0,0.0
2023-12-18 00:00:00-05:00,144.08410321708436,146.13554551997996,143.71918832906314,145.42543029785156,1205500,0.0,0.0
2023-12-19 00:00:00-05:00,146.3722404960921,146.3722404960921,144.8139330889584,145.31692504882812,797900,0.0,0.0
2023-12-20 00:00:00-05:00,145.2084676267515,145.93831254161918,144.20248347970647,144.38986206054688,922900,0.0,0.0
2023-12-21 00:00:00-05:00,144.35038546425815,146.27360772415872,144.2517525076371,145.27748107910156,606900,0.0,0.0
2023-12-22 00:00:00-05:00,145.6917123228485,146.1749897311665,145.26760866875796,145.30706787109375,732700,0.0,0.0
2023-12-26 00:00:00-05:00,145.33668313613117,146.64842345840214,144.83369107767447,146.11582946777344,655000,0.0,0.0
2023-12-27 00:00:00-05:00,145.49449032162826,146.3426827487942,145.49449032162826,145.9481658935547,763700,0.0,0.0
2023-12-28 00:00:00-05:00,146.40183938061955,146.92456098451586,145.69172417357595,146.77662658691406,482200,0.0,0.0
2023-12-29 00:00:00-05:00,146.67799252298255,147.4275518806762,146.4610120419412,147.22044372558594,460000,0.0,0.0
2024-01-02 00:00:00-05:00,145.790357550573,147.40783884913057,145.50433098203044,146.5892333984375,525400,0.0,0.0
2024-01-03 00:00:00-05:00,146.50046051909752,147.0231971837721,145.4254304081327,145.435302734375,696300,0.0,0.0
2024-01-04 00:00:00-05:00,145.85940648521301,146.4314446432164,145.24792416598984,145.4550323486328,995000,0.0,0.0
2024-01-05 00:00:00-05:00,144.92244058494248,145.84953630905423,143.64028724413427,144.46875,598500,0.0,0.0
2024-01-08 00:00:00-05:00,144.45890683512798,145.09011876544298,143.54166829852426,144.95204162597656,728000,0.0,0.0
2024-01-09 00:00:00-05:00,144.95204082167695,145.69174300384543,144.41944682291918,145.25778198242188,799600,0.0,0.0
2024-01-10 00:00:00-05:00,144.98162436914032,146.85553050113867,144.98162436914032,146.59910583496094,589700,0.0,0.0
2024-01-11 00:00:00-05:00,147.0133387556482,147.25990614657053,144.59698133446517,146.0172119140625,613200,0.0,0.0
2024-01-12 00:00:00-05:00,146.9541322352579,147.05276518935435,145.22816088350152,146.87522888183594,583700,0.0,0.0
2024-01-16 00:00:00-05:00,145.9481688457879,146.08624598559496,144.1531660282963,144.81396484375,785500,0.0,0.0
2024-01-17 00:00:00-05:00,144.29121300311405,145.5536366029407,143.35426010392217,144.7054443359375,849600,0.0,0.0
2024-01-18 00:00:00-05:00,145.07036767076247,147.6050873439108,144.49832959220046,147.53604125976562,812500,0.0,0.0
2024-01-19 00:00:00-05:00,147.5064633667612,150.56390482309592,147.31906975469656,150.11021423339844,1083800,0.0,0.0
2024-01-22 00:00:00-05:00,150.55404692348446,151.60936260864682,149.2916230519778,150.50474548339844,843100,0.0,0.0
2024-01-23 00:00:00-05:00,150.50472843314503,151.35292078659424,150.02145097095817,151.2444305419922,2890100,0.0,0.0
2024-01-24 00:00:00-05:00,151.8460592383687,152.45754151419712,149.35078355151398,149.71571350097656,1391700,0.0,0.0
2024-01-25 00:00:00-05:00,149.7157094690486,151.42195144875805,149.24230433435883,151.3233184814453,983600,0.0,0.0
2024-01-26 00:00:00-05:00,151.66853183561906,152.50686698189872,150.76116564571777,152.28988647460938,985500,0.0,0.0
2024-01-29 00:00:00-05:00,152.43780197854295,153.7791290166265,152.20110694488412,153.7593994140625,782900,0.0,0.0
2024-01-30 00:00:00-05:00,153.1577878349691,154.51884459452202,152.55616282306457,154.49911499023438,805700,0.0,0.0
2024-01-31 00:00:00-05:00,155.268391983275,156.0672828775907,152.50684956814956,153.12818908691406,1135400,0.0,0.0
2024-02-01 00:00:00-05:00,154.1243536547236,156.23496998372815,153.40436601568507,156.22509765625,733100,0.0,0.0
2024-02-02 00:00:00-05:00,156.15603694379837,156.31384366067164,154.39060627849216,155.88973999023438,763000,0.0,0.0
2024-02-05 00:00:00-05:00,155.83056831490134,156.10672254847924,154.19335746634866,155.011962890625,1357900,0.0,0.0
2024-02-06 00:00:00-05:00,156.23492758720053,156.23492758720053,154.22292973400323,154.7851104736328,637400,0.0,0.0
2024-02-07 00:00:00-05:00,155.0317083814533,155.51497081510396,154.48925713516104,154.80487060546875,712100,0.0,0.0
2024-02-08 00:00:00-05:00,154.64705077452302,154.7949851704033,153.7988584564957,153.8383026123047,841000,0.0,0.0
2024-02-09 00:00:00-05:00,154.43992600943403,154.94293304889555,153.43394202906526,154.55828857421875,744700,0.0,0.0
2024-02-12 00:00:00-05:00,153.93695492689818,154.22296647797984,151.7967517848841,152.2602996826172,1416100,0.0,0.0
2024-02-13 00:00:00-05:00,151.89537942197268,155.74183998634294,150.96829861651824,154.4005126953125,2113600,0.0,0.0
2024-02-14 00:00:00-05:00,159.7263436071409,162.04408296769782,155.98838879826815,161.86654663085938,2644500,0.0,0.0
2024-02-15 00:00:00-05:00,161.00849382883652,163.17828369140625,160.45618532374,163.17828369140625,1367600,0.0,0.0
2024-02-16 00:00:00-05:00,163.9278674715574,166.0187540883237,162.85282223152817,165.5650634765625,1001300,0.0,0.0
2024-02-20 00:00:00-05:00,164.33222831946412,166.76831532249435,164.22373806652143,164.9141387939453,1200600,0.0,0.0
2024-02-21 00:00:00-05:00,164.91412317234762,165.71299902776107,163.7799042627902,165.0127410888672,1030100,0.0,0.0
2024-02-22 00:00:00-05:00,164.92397316085024,168.59289659705945,164.92397316085024,168.14907836914062,1182800,0.0,0.0
2024-02-23 00:00:00-05:00,168.05044604069164,168.65207098946726,166.98527326010807,167.81373596191406,828100,0.0,0.0
2024-02-26 00:00:00-05:00,168.64224502132114,169.1353798233668,167.5573424371087,167.58692932128906,628800,0.0,0.0
2024-02-27 00:00:00-05:00,167.43376253167875,167.43376253167875,165.13189220412482,166.2976531982422,1452400,0.285,0.0
2024-02-28 00:00:00-05:00,166.21861680845169,167.32508955264856,164.86516246424225,165.17141723632812,802500,0.0,0.0
2024-02-29 00:00:00-05:00,164.22302500899914,164.89482289695854,162.365733359009,164.4304962158203,1439800,0.0,0.0
2024-03-01 00:00:00-05:00,163.6994113483137,164.87504624722143,162.8102835644575,163.4030303955078,769400,0.0,0.0
2024-03-04 00:00:00-05:00,163.3536576189084,164.57867686729037,162.9881145524335,163.9958038330078,1360100,0.0,0.0
2024-03-05 00:00:00-05:00,163.8278587690027,165.6160033817226,163.8278587690027,165.4579315185547,816000,0.0,0.0
2024-03-06 00:00:00-05:00,165.83333464943388,167.11764205050358,165.4776805241309,166.0111541748047,775200,0.0,0.0
2024-03-07 00:00:00-05:00,166.45574055914537,166.94970380661496,165.33937879600424,166.07044982910156,659400,0.0,0.0
2024-03-08 00:00:00-05:00,166.5248933356889,166.83114814778455,164.25265930381198,164.78614807128906,944900,0.0,0.0
2024-03-11 00:00:00-04:00,164.73673731176697,165.7938258604416,164.32181000724543,165.77406311035156,999300,0.0,0.0
2024-03-12 00:00:00-04:00,165.49743876771333,167.36461910607235,165.4678021809585,166.7224578857422,684300,0.0,0.0
2024-03-13 00:00:00-04:00,167.0583907529226,168.06606501110906,166.61381173215196,167.7696990966797,622500,0.0,0.0
2024-03-14 00:00:00-04:00,168.44149972359617,168.51066182730904,166.07048171039204,167.18682861328125,662800,0.0,0.0
2024-03-15 00:00:00-04:00,166.37669297471695,169.03421747185453,166.37669297471695,168.8662567138672,1104200,0.0,0.0
2024-03-18 00:00:00-04:00,169.48868453883807,170.32842817596213,168.94532189567332,169.66651916503906,562100,0.0,0.0
2024-03-19 00:00:00-04:00,169.4392788709924,170.1110767705344,168.03642496480427,170.0518035888672,741800,0.0,0.0
2024-03-20 00:00:00-04:00,169.92335908677617,170.22961389180495,168.17472494971508,168.3130340576172,691700,0.0,0.0
2024-03-21 00:00:00-04:00,168.31301924563328,170.1604519005722,167.95736513167463,169.4392547607422,626700,0.0,0.0
2024-03-22 00:00:00-04:00,169.88387237475615,170.0024187482033,168.23402161327397,168.81690979003906,586500,0.0,0.0
2024-03-25 00:00:00-04:00,169.02434779488894,169.85420246904334,168.22412971091413,168.27352905273438,529400,0.0,0.0
2024-03-26 00:00:00-04:00,167.96728375367508,168.96508418689646,167.6610289214271,167.97715759277344,653600,0.0,0.0
2024-03-27 00:00:00-04:00,168.82676695382312,170.24938359292736,168.36244027093318,169.6171112060547,531900,0.0,0.0
2024-03-28 00:00:00-04:00,170.33828101171005,170.94091676444663,169.30095519804067,169.9332275390625,473800,0.0,0.0
2024-04-01 00:00:00-04:00,169.60721414220475,169.60721414220475,166.98921494922152,168.3229217529297,447300,0.0,0.0
2024-04-02 00:00:00-04:00,167.85861382176006,168.6193064573154,166.99910742087508,167.394287109375,662000,0.0,0.0
2024-04-03 00:00:00-04:00,167.41403831635336,167.94751201583134,166.18900397833647,166.2384033203125,559800,0.0,0.0
2024-04-04 00:00:00-04:00,167.1867964899469,168.2438850751462,164.9738507893699,165.2801055908203,836200,0.0,0.0
2024-04-05 00:00:00-04:00,165.66537774355018,166.8410125524303,164.8849074584427,165.98150634765625,474600,0.0,0.0
2024-04-08 00:00:00-04:00,166.29766245404792,166.71258975738562,165.08251713180462,166.22850036621094,577200,0.0,0.0
2024-04-09 00:00:00-04:00,166.69284428760656,166.8509161551393,164.5194088700017,166.3273162841797,608900,0.0,0.0
2024-04-10 00:00:00-04:00,165.09238635143143,166.5644021592511,163.90687765011995,166.37669372558594,809600,0.0,0.0
2024-04-11 00:00:00-04:00,165.5270703081418,166.57426987371628,164.17360089783622,165.51718139648438,479100,0.0,0.0
2024-04-12 00:00:00-04:00,165.16155284395876,165.90249775399474,163.9266446605655,165.10227966308594,677400,0.0,0.0
2024-04-15 00:00:00-04:00,166.82125902364396,167.5128045157462,162.78064350769696,163.76856994628906,623700,0.0,0.0
2024-04-16 00:00:00-04:00,163.69941733271594,164.28229034732016,162.45463537489917,162.68185424804688,936900,0.0,0.0
2024-04-17 00:00:00-04:00,163.51169214224066,163.5808542256512,161.7334366916217,162.69171142578125,678800,0.0,0.0
2024-04-18 00:00:00-04:00,162.91895766578617,163.7093018561173,161.7334489175703,162.37559509277344,628400,0.0,0.0
2024-04-19 00:00:00-04:00,162.54352904637292,163.53145544430848,162.16811219129804,163.02761840820312,1187900,0.0,0.0
2024-04-22 00:00:00-04:00,164.04521292810546,165.46782962654567,163.6994325925311,164.26255798339844,1849700,0.0,0.0
2024-04-23 00:00:00-04:00,164.90467160089764,165.32948778837644,163.87723478566784,164.16372680664062,942000,0.0,0.0
2024-04-24 00:00:00-04:00,164.28228701726653,164.8355385063103,163.67965126408532,164.17361450195312,1289300,0.0,0.0
2024-04-25 00:00:00-04:00,161.14069935356864,164.81578730683412,158.90799078877168,163.18569946289062,1618300,0.0,0.0
2024-04-26 00:00:00-04:00,163.05726207505182,163.40302728460807,160.8640641704289,161.50621032714844,1086600,0.0,0.0
2024-04-29 00:00:00-04:00,161.654419927995,163.9266388451802,161.57538399811415,162.66209411621094,933300,0.0,0.0
2024-04-30 00:00:00-04:00,162.88931885895232,163.0078652097907,160.0934851800431,160.13299560546875,1056500,0.0,0.0
2024-05-01 00:00:00-04:00,160.0934891991454,161.46670640422272,158.88821768682587,160.10336303710938,1225500,0.0,0.0
2024-05-02 00:00:00-04:00,160.5380626269795,161.7433342108209,159.89591640629664,161.38768005371094,798300,0.0,0.0
2024-05-03 00:00:00-04:00,161.8915143551134,163.2449839411133,161.8915143551134,162.19776916503906,722300,0.0,0.0
2024-05-06 00:00:00-04:00,162.82016373678414,164.73674355499102,162.2175279699723,164.5984344482422,1429300,0.0,0.0
2024-05-07 00:00:00-04:00,164.8705849742877,165.23673929105544,162.9804084464469,163.78199768066406,1788000,0.285,0.0
2024-05-08 00:00:00-04:00,163.7819971467724,164.21743206280243,163.00020452964023,163.6830291748047,425200,0.0,0.0
2024-05-09 00:00:00-04:00,163.63355166236562,164.62317092829974,163.61375504893726,164.41534423828125,410600,0.0,0.0
2024-05-10 00:00:00-04:00,165.16745842650195,166.0086408884484,164.35597843650916,165.64248657226562,678900,0.0,0.0
2024-05-13 00:00:00-04:00,165.49402534265064,165.87997625171636,163.12883590496256,164.36585998535156,697100,0.0,0.0
2024-05-14 00:00:00-04:00,164.11846236196018,165.49403259562305,163.27729501066548,163.94033813476562,910200,0.0,0.0
2024-05-15 00:00:00-04:00,163.92057239225318,164.98936325788648,163.62368352395583,164.03932189941406,434100,0.0,0.0
2024-05-16 00:00:00-04:00,164.22732273680717,164.95964646797765,163.49501410602912,164.93984985351562,487000,0.0,0.0
2024-05-17 00:00:00-04:00,164.98933205562395,165.99874797677927,163.88096326401325,165.8502960205078,649000,0.0,0.0
2024-05-20 00:00:00-04:00,165.60286933363338,166.32530220459452,163.68300571559894,163.86114501953125,486100,0.0,0.0
2024-05-21 00:00:00-04:00,164.27680562343912,164.75181866460187,163.1486402129324,163.4356231689453,548000,0.0,0.0
2024-05-22 00:00:00-04:00,163.475212421854,164.28669238492196,163.05957413339596,163.8512725830078,741200,0.0,0.0
2024-05-23 00:00:00-04:00,164.42525203607806,164.9992330818551,162.33715456452782,162.8517608642578,529900,0.0,0.0
2024-05-24 00:00:00-04:00,163.28721223668745,164.20755109383205,162.16893740560687,163.75233459472656,394600,0.0,0.0
2024-05-28 00:00:00-04:00,163.2872032764703,163.3762653996175,161.0704503534237,161.16941833496094,714500,0.0,0.0
2024-05-29 00:00:00-04:00,160.17979677367242,160.5261696040151,158.73494580472655,158.76463317871094,384800,0.0,0.0
2024-05-30 00:00:00-04:00,159.1010995182997,160.3678110176854,158.67555536594782,159.9224853515625,654200,0.0,0.0
2024-05-31 00:00:00-04:00,160.5756142125578,162.6241333100789,159.68496292691734,162.61424255371094,1256100,0.0,0.0
2024-06-03 00:00:00-04:00,162.61425229721758,163.88096380621855,159.45736428167572,161.47618103027344,1097300,0.0,0.0
2024-06-04 00:00:00-04:00,161.44650831510938,164.65288060731316,159.64540885927923,164.593505859375,1428500,0.0,0.0
2024-06-05 00:00:00-04:00,165.16744914354243,167.42377985773297,164.10856438312436,166.87950134277344,1621600,0.0,0.0
2024-06-06 00:00:00-04:00,167.42378143031033,168.69050799265818,166.49355199761735,167.22586059570312,840800,0.0,0.0
2024-06-07 00:00:00-04:00,166.34511131780408,168.10663253583357,163.63356398913024,163.8215789794922,1413200,0.0,0.0
2024-06-10 00:00:00-04:00,163.71271559229828,166.3154192158793,163.71271559229828,166.0482177734375,863700,0.0,0.0
2024-06-11 00:00:00-04:00,165.57320906137247,166.18676821894263,164.68255769713238,165.02891540527344,690200,0.0,0.0
2024-06-12 00:00:00-04:00,166.25606189956568,166.86962110540233,165.08831823679353,165.18727111816406,874400,0.0,0.0
2024-06-13 00:00:00-04:00,165.18725359960368,165.67217249819225,163.48510717645104,165.34559631347656,491800,0.0,0.0
2024-06-14 00:00:00-04:00,165.38518762490472,167.30505165757035,164.71225368789266,166.85972595214844,569500,0.0,0.0
2024-06-17 00:00:00-04:00,166.84981855649556,171.53071357632342,165.77112205266022,171.03590393066406,1450600,0.0,0.0
2024-06-18 00:00:00-04:00,171.30310031619302,172.0848928891095,169.85824954929967,171.2536163330078,704000,0.0,0.0
2024-06-20 00:00:00-04:00,170.8577786406848,172.71826789331445,170.66976364421956,172.0948028564453,1014100,0.0,0.0
2024-06-21 00:00:00-04:00,172.3521138767754,173.6089196100326,171.49113475274413,172.7974395751953,1021800,0.0,0.0
2024-06-24 00:00:00-04:00,173.3813098041261,174.36103841204823,173.00526471352813,173.7573699951172,967100,0.0,0.0
2024-06-25 00:00:00-04:00,174.1730087877964,174.6777092293922,172.6490016050762,173.20318603515625,860600,0.0,0.0
2024-06-26 00:00:00-04:00,172.82711972732804,172.82711972732804,171.50103344507778,171.9166717529297,1036700,0.0,0.0
2024-06-27 00:00:00-04:00,172.2729418381828,173.99488497908925,171.86719427216104,173.95529174804688,858800,0.0,0.0
2024-06-28 00:00:00-04:00,174.2125915327252,175.41003764403115,173.49017360297847,173.53965759277344,996000,0.0,0.0
2024-07-01 00:00:00-04:00,174.1136133613311,175.2912626855719,171.01610027492205,172.1145782470703,1018200,0.0,0.0
2024-07-02 00:00:00-04:00,173.45060932635567,173.8365603169557,171.1546848999387,173.24278259277344,923100,0.0,0.0
2024-07-03 00:00:00-04:00,174.50947215244972,176.02358854642642,173.78705425672578,175.67723083496094,567000,0.0,0.0
2024-07-05 00:00:00-04:00,177.58717833594545,177.58717833594545,175.11313011421203,175.41001892089844,850400,0.0,0.0
2024-07-08 00:00:00-04:00,175.4298259980315,176.70642831241452,175.4298259980315,175.67723083496094,1030900,0.0,0.0
2024-07-09 00:00:00-04:00,175.67723064238976,176.8548800809458,175.67723064238976,176.28089904785156,848300,0.0,0.0
2024-07-10 00:00:00-04:00,176.79547462527614,178.7450257740346,176.38974220528024,178.141357421875,961800,0.0,0.0
2024-07-11 00:00:00-04:00,178.19086412320414,179.39820098145168,176.58768555094477,177.1121826171875,951600,0.0,0.0
2024-07-12 00:00:00-04:00,177.84449534837498,179.50704856439592,177.76532399041315,178.65597534179688,997700,0.0,0.0
2024-07-15 00:00:00-04:00,178.79453121891925,179.90290009020117,178.10180067436806,178.12159729003906,862000,0.0,0.0
2024-07-16 00:00:00-04:00,178.63618410172157,180.52636069139848,178.17106179744727,180.4471893310547,853700,0.0,0.0
2024-07-17 00:00:00-04:00,179.8731901901472,181.0904327449793,179.40806793268612,180.4570770263672,917700,0.0,0.0
2024-07-18 00:00:00-04:00,180.42740285333042,180.98158726010044,179.09141072241573,179.4080810546875,796400,0.0,0.0
2024-07-19 00:00:00-04:00,179.91278918264578,180.11071001973195,178.02261272263036,178.47784423828125,669000,0.0,0.0
2024-07-22 00:00:00-04:00,179.11119661579127,179.8731925792921,178.47784088876668,179.695068359375,981100,0.0,0.0
2024-07-23 00:00:00-04:00,180.5164776236047,180.5164776236047,178.77473782263252,178.8143310546875,880900,0.0,0.0
2024-07-24 00:00:00-04:00,177.8147952081954,179.30913007118417,177.15175206451136,177.84449768066406,1350100,0.0,0.0
2024-07-25 00:00:00-04:00,178.78463763879506,179.60602352165037,172.1739724456286,173.6584014892578,2173900,0.0,0.0
2024-07-26 00:00:00-04:00,174.78654333729796,175.25166558280876,173.08439705593744,173.83651733398438,1140100,0.0,0.0
2024-07-29 00:00:00-04:00,174.26206573495506,175.3011690607125,173.38130512749052,174.07403564453125,846600,0.0,0.0
2024-07-30 00:00:00-04:00,174.31154889589902,176.30067832120213,174.31154889589902,174.52926635742188,756800,0.0,0.0
2024-07-31 00:00:00-04:00,175.4892171298901,176.55800793727533,175.4892171298901,175.92465209960938,962600,0.0,0.0
2024-08-01 00:00:00-04:00,176.07309668560913,176.98354479834728,174.60846407819514,176.953857421875,700700,0.0,0.0
2024-08-02 00:00:00-04:00,176.18191922642714,178.3689844795989,175.2912679145027,177.62677001953125,1058700,0.0,0.0
2024-08-05 00:00:00-04:00,173.95528559682268,177.08248632128863,171.8177042079174,174.57875061035156,1669100,0.0,0.0
2024-08-06 00:00:00-04:00,175.45950183508734,178.2502203599751,174.64800677512085,175.81576538085938,905900,0.0,0.0
2024-08-07 00:00:00-04:00,177.3174657338038,179.0025188482651,176.57405861348354,177.7139434814453,967300,0.285,0.0
2024-08-08 00:00:00-04:00,178.43752190236074,179.9243360146882,178.01129399200613,178.3780517578125,996000,0.0,0.0
2024-08-09 00:00:00-04:00,178.63577405831614,179.2800541717619,177.08948968632123,178.71507263183594,846800,0.0,0.0
2024-08-12 00:00:00-04:00,179.0025077221924,179.40890721929156,177.68419736247318,178.4077911376953,664300,0.0,0.0
2024-08-13 00:00:00-04:00,178.417708112688,178.92321950746427,177.6049090714506,178.79437255859375,556300,0.0,0.0
2024-08-14 00:00:00-04:00,178.7943541814488,180.37037347787088,178.55645848354067,179.96397399902344,481900,0.0,0.0
2024-08-15 00:00:00-04:00,180.49922205893378,181.62920007146735,179.93422549034008,181.4111328125,460900,0.0,0.0
2024-08-16 00:00:00-04:00,181.5598271998612,182.0356034853874,180.04327800096385,180.2811737060547,558700,0.0,0.0
2024-08-19 00:00:00-04:00,180.64793761635661,181.8473078076436,180.25145985252107,181.09397888183594,441200,0.0,0.0
2024-08-20 00:00:00-04:00,181.07414714740463,181.36160637689116,180.4100385865541,180.89573669433594,860600,0.0,0.0
2024-08-21 00:00:00-04:00,181.12370846449952,183.1457843228411,180.9552046637472,182.8087615966797,772100,0.0,0.0
2024-08-22 00:00:00-04:00,183.05654574092702,183.7603110736535,182.1842917488858,182.85830688476562,821000,0.0,0.0
2024-08-23 00:00:00-04:00,183.34402604293044,184.80110524665577,183.34402604293044,184.7911834716797,407800,0.0,0.0
2024-08-26 00:00:00-04:00,185.35616930593952,185.8517740367041,184.20636270064833,184.8209228515625,480300,0.0,0.0
2024-08-27 00:00:00-04:00,185.09847177123578,185.51477795593996,184.34514285396983,184.3748779296875,609700,0.0,0.0
2024-08-28 00:00:00-04:00,185.24713342210546,185.24713342210546,182.62043443065053,183.79005432128906,615500,0.0,0.0
2024-08-29 00:00:00-04:00,184.4045938030056,185.8914079326916,183.78014215330322,184.13697814941406,627300,0.0,0.0
2024-08-30 00:00:00-04:00,183.84951212120944,185.19755748705563,183.29443728668247,184.8605499267578,1054200,0.0,0.0
2024-09-03 00:00:00-04:00,184.59293848055913,184.8110057776143,182.76911665487634,183.52243041992188,611600,0.0,0.0
2024-09-04 00:00:00-04:00,183.859435488885,184.58301410983435,182.5014683376562,183.15567016601562,627800,0.0,0.0
2024-09-05 00:00:00-04:00,183.15567583122382,183.4233066101317,181.43096599165315,183.26470947265625,453600,0.0,0.0
2024-09-06 00:00:00-04:00,183.34402739305932,184.00813596109592,180.5488092674819,181.01467895507812,1192800,0.0,0.0
2024-09-09 00:00:00-04:00,181.88691946493614,184.3054727486108,181.88691946493614,183.3737335205078,851500,0.0,0.0
2024-09-10 00:00:00-04:00,183.2647097060492,183.83961298663823,182.27350028254853,183.05654907226562,526100,0.0,0.0
2024-09-11 00:00:00-04:00,183.0565343935161,184.14687072179828,180.59833945525327,183.7602996826172,812600,0.0,0.0
2024-09-12 00:00:00-04:00,183.09621648728597,184.6821577062894,182.25368237881733,184.3550567626953,666900,0.0,0.0
2024-09-13 00:00:00-04:00,184.49381635373464,184.91012250007083,183.77022257887484,184.04776000976562,495100,0.0,0.0
2024-09-16 00:00:00-04:00,184.563194133583,185.19756756823938,182.9177828383427,183.87925720214844,477700,0.0,0.0
2024-09-17 00:00:00-04:00,183.8693349822683,183.98827526473937,179.7558222171629,179.81529235839844,957100,0.0,0.0
2024-09-18 00:00:00-04:00,179.90451048807964,180.07301427523103,175.8108107263399,176.2965087890625,1797300,0.0,0.0
2024-09-19 00:00:00-04:00,178.120338076518,178.78444660400763,176.52449023072302,177.64456176757812,893400,0.0,0.0
2024-09-20 00:00:00-04:00,177.4264741830479,178.09058263458456,176.05860043604895,177.5751495361328,1732700,0.0,0.0
2024-09-23 00:00:00-04:00,178.3582356268644,179.2602398804248,177.317462651576,178.88357543945312,711500,0.0,0.0
2024-09-24 00:00:00-04:00,178.9628595411092,178.9628595411092,176.76237347117603,177.8031463623047,2377400,0.0,0.0
2024-09-25 00:00:00-04:00,178.17979914794347,179.1809303377293,177.54542572678704,178.91329956054688,1565400,0.0,0.0
2024-09-26 00:00:00-04:00,179.6765400813044,180.40011874024904,176.93088568755195,176.95071411132812,977600,0.0,0.0
2024-09-27 00:00:00-04:00,177.06965747732792,177.5156987097693,175.6621418579109,175.7810821533203,1166900,0.0,0.0
2024-09-30 00:00:00-04:00,175.92978218205909,177.3769396034918,175.12688977056317,177.2480926513672,1247900,0.0,0.0
2024-10-01 00:00:00-04:00,176.37581757222608,177.30755690485597,175.62248868644548,176.2271270751953,1190200,0.0,0.0
2024-10-02 00:00:00-04:00,175.7810819123737,176.23704491857828,174.92864117224386,175.98924255371094,482000,0.0,0.0
2024-10-03 00:00:00-04:00,176.12800537934982,177.24807687095958,175.09713910618976,176.5443115234375,645500,0.0,0.0
2024-10-04 00:00:00-04:00,176.17756323945193,176.17756323945193,174.51232359171868,174.8592529296875,714900,0.0,0.0
2024-10-07 00:00:00-04:00,174.4924889359733,176.48482942771284,173.26339901036357,175.16651916503906,934300,0.0,0.0
2024-10-08 00:00:00-04:00,176.06852642490307,178.36812431405,175.8801942233834,178.26901245117188,887000,0.0,0.0
2024-10-09 00:00:00-04:00,178.12032079673847,180.31090015968832,177.1390332000375,180.22169494628906,770600,0.0,0.0
2024-10-10 00:00:00-04:00,179.88467704357,179.98380403308295,177.66437767516885,178.25909423828125,591300,0.0,0.0
2024-10-11 00:00:00-04:00,178.68531783919934,179.8053741455078,178.4969856384546,179.8053741455078,510600,0.0,0.0
2024-10-14 00:00:00-04:00,180.4001186794681,181.79772762442974,179.51794287992288,180.5587158203125,430300,0.0,0.0
2024-10-15 00:00:00-04:00,181.37150130119596,182.22394203494514,180.22170983155652,180.4298553466797,608500,0.0,0.0
2024-10-16 00:00:00-04:00,180.21178534688045,181.00475592152534,179.63688205837929,180.27125549316406,471600,0.0,0.0
2024-10-17 00:00:00-04:00,180.91556007038088,181.252567666543,179.9838207312744,180.8263397216797,592900,0.0,0.0
2024-10-18 00:00:00-04:00,181.02457760133095,181.4706188064971,180.40011083930523,180.99484252929688,371000,0.0,0.0
2024-10-21 00:00:00-04:00,180.8858166149649,181.19308912220902,178.75470723869907,180.10275268554688,489800,0.0,0.0
2024-10-22 00:00:00-04:00,179.04217208513134,179.94416121151403,178.06086926123282,179.75584411621094,382700,0.0,0.0
2024-10-23 00:00:00-04:00,179.02232321416128,180.12256620935943,178.6456588172623,178.77452087402344,1117400,0.0,0.0
2024-10-24 00:00:00-04:00,177.92211108460117,179.0223542706677,173.50130991478085,176.99037170410156,1220400,0.0,0.0
2024-10-25 00:00:00-04:00,176.01897501477967,177.12912475301684,174.13566799494922,174.25462341308594,779900,0.0,0.0
2024-10-28 00:00:00-04:00,174.25460019756545,175.75132081486686,174.25460019756545,175.35484313964844,719300,0.0,0.0
2024-10-29 00:00:00-04:00,175.83064770540915,180.32082540544337,175.17644582370258,178.8439178466797,986900,0.0,0.0
2024-10-30 00:00:00-04:00,177.47605575000563,178.57629884884742,176.0685401403924,176.15774536132812,852200,0.0,0.0
2024-10-31 00:00:00-04:00,176.13791977517872,176.96062545014922,174.6907624189414,175.19627380371094,1118900,0.0,0.0
2024-11-01 00:00:00-04:00,176.21721810346654,176.5145839689537,174.99803469209098,175.40443420410156,555000,0.0,0.0
2024-11-04 00:00:00-05:00,175.90992639947245,177.02999781660952,175.35485157759535,176.07843017578125,548500,0.0,0.0
2024-11-05 00:00:00-05:00,176.44518430761548,177.32736009092048,175.91984452231338,177.2084197998047,657200,0.0,0.0
2024-11-06 00:00:00-05:00,179.6368980343349,180.36049187755344,175.52338455422287,177.82298278808594,2244900,0.0,0.0
2024-11-07 00:00:00-05:00,178.82089114952018,180.90609838193927,177.69886463129836,180.61813354492188,1252900,0.315,0.0
2024-11-08 00:00:00-05:00,180.7174247766296,183.62676945235253,179.7343959676223,182.7430419921875,869800,0.0,0.0
2024-11-11 00:00:00-05:00,183.45797889211673,184.60980793349594,183.28917871124796,184.0537567138672,814000,0.0,0.0
2024-11-12 00:00:00-05:00,184.35163831780417,186.50634428409165,184.35163831780417,186.27796936035156,747700,0.0,0.0
2024-11-13 00:00:00-05:00,185.69209757614632,186.97301517217855,185.35449726062518,186.17864990234375,691800,0.0,0.0
2024-11-14 00:00:00-05:00,185.95028808257763,186.79428893075672,181.53165084429187,182.4352264404297,812700,0.0,0.0
2024-11-15 00:00:00-05:00,181.66072104627148,182.91185133524075,181.1940319942366,182.20684814453125,1312100,0.0,0.0
2024-11-18 00:00:00-05:00,182.39553000581097,184.86797315716314,181.66073936756746,184.6991729736328,1005600,0.0,0.0
2024-11-19 00:00:00-05:00,183.9544301770578,186.73470104585093,183.2196548022479,186.17864990234375,1088300,0.0,0.0
2024-11-20 00:00:00-05:00,187.0028180958834,187.20140564204303,184.04382274970695,185.2154998779297,861800,0.0,0.0
2024-11-21 00:00:00-05:00,185.1460064894322,188.14471337235824,184.00410155079354,187.6780242919922,753200,0.0,0.0
2024-11-22 00:00:00-05:00,188.66107116107275,189.43557329373843,188.22416941418228,188.531982421875,1097400,0.0,0.0
2024-11-25 00:00:00-05:00,189.1476052962069,191.6994863964661,188.27380188693078,191.4512481689453,1256800,0.0,0.0
2024-11-26 00:00:00-05:00,190.84554947293176,192.88110600282735,190.18027283022369,191.88815307617188,950900,0.0,0.0
2024-11-27 00:00:00-05:00,192.11652293358506,193.45701540967426,191.65977308409046,191.81863403320312,583600,0.0,0.0
2024-11-29 00:00:00-05:00,191.26258433666982,192.13638774432334,190.85548515924847,191.1136474609375,587500,0.0,0.0
2024-12-02 00:00:00-05:00,191.13351977511036,191.65978362919455,188.79015019510416,189.48521423339844,787800,0.0,0.0
2024-12-03 00:00:00-05:00,189.76322308651578,190.53772511095303,188.89935894031848,190.190185546875,920200,0.0,0.0
2024-12-04 00:00:00-05:00,189.9320266922878,190.31927771151302,189.3461881262499,189.66392517089844,772000,0.0,0.0
2024-12-05 00:00:00-05:00,189.1873135217072,189.87245344218914,188.35323672775476,188.9589385986328,743200,0.0,0.0
2024-12-06 00:00:00-05:00,188.9688640975114,190.20013114876417,188.64118782214757,189.0085906982422,671000,0.0,0.0
2024-12-09 00:00:00-05:00,189.3660496187292,189.84266275678186,184.58993355886327,184.95733642578125,1034400,0.0,0.0
2024-12-10 00:00:00-05:00,185.41409104217314,185.68219256791244,183.7856488898739,184.480712890625,769100,0.0,0.0
2024-12-11 00:00:00-05:00,185.13606936198852,185.8807840538318,183.44805242406227,183.53741455078125,986500,0.0,0.0
2024-12-12 00:00:00-05:00,183.9445273796451,184.3516417108226,182.59411081010586,182.941650390625,720800,0.0,0.0
2024-12-13 00:00:00-05:00,182.04797919753872,182.9515699636477,178.24496781107956,178.68186950683594,2051300,0.0,0.0
2024-12-16 00:00:00-05:00,178.83082712609803,179.87341557210277,176.68604518051387,176.82505798339844,1523800,0.0,0.0
2024-12-17 00:00:00-05:00,176.67609752271252,177.41088810361154,174.64055625288918,175.0178680419922,1447800,0.0,0.0
2024-12-18 00:00:00-05:00,175.38527182566168,176.81512639529276,173.39936606812037,173.4291534423828,1403700,0.0,0.0
2024-12-19 00:00:00-05:00,173.1610706471384,175.04767526030287,172.5851560970252,172.9029083251953,1143400,0.0,0.0
2024-12-20 00:00:00-05:00,172.90289722858668,173.94548567611545,171.99930643288653,173.0518341064453,1875700,0.0,0.0
2024-12-23 00:00:00-05:00,172.65465718956466,172.71423194008412,168.80199504254372,169.85452270507812,2997200,0.0,0.0
2024-12-24 00:00:00-05:00,170.00346586766986,171.70140677396992,169.08001182899548,171.4829559326172,453600,0.0,0.0
2024-12-26 00:00:00-05:00,170.77797681265417,171.4233901450387,170.52973858462028,170.6091766357422,469100,0.0,0.0
2024-12-27 00:00:00-05:00,170.4205129704315,171.55247868296829,169.49705888450833,170.06304931640625,445600,0.0,0.0
2024-12-30 00:00:00-05:00,168.9211567129978,170.7779890950918,168.42468022122318,169.96376037597656,782300,0.0,0.0
2024-12-31 00:00:00-05:00,169.75523890242198,170.37086486816406,169.09988633493307,170.37086486816406,1178800,0.0,0.0
2025-01-02 00:00:00-05:00,171.12549580949016,171.39359732960955,168.5835388593082,168.69276428222656,1204900,0.0,0.0
2025-01-03 00:00:00-05:00,168.81191849208952,170.053109627512,168.1665051621734,169.72543334960938,912300,0.0,0.0
2025-01-06 00:00:00-05:00,169.71550902641894,171.61205271486904,169.11974637304405,170.6885986328125,842800,0.0,0.0
2025-01-07 00:00:00-05:00,171.01627873806834,172.77380966494366,170.4900148977414,171.2545928955078,788000,0.0,0.0
2025-01-08 00:00:00-05:00,171.74113672048023,174.93843105360293,171.09570825799145,174.72991943359375,1059200,0.0,0.0
2025-01-10 00:00:00-05:00,173.31992279852753,175.90159111480517,173.06174536101912,173.5681610107422,1141600,0.0,0.0
2025-01-13 00:00:00-05:00,172.77379391748698,175.5342015967117,172.37661884254766,175.44483947753906,783700,0.0,0.0
2025-01-14 00:00:00-05:00,174.91859018397963,175.76259107599847,173.33979867603338,174.01499938964844,808900,0.0,0.0
2025-01-15 00:00:00-05:00,176.0306874446086,176.69596406395752,174.55118218138685,175.45477294921875,949500,0.0,0.0
2025-01-16 00:00:00-05:00,174.8590168493316,177.88751116163436,174.8590168493316,176.8747100830078,716200,0.0,0.0
2025-01-17 00:00:00-05:00,177.70879919983096,178.50316462819546,176.98394775390625,176.98394775390625,659400,0.0,0.0
2025-01-21 00:00:00-05:00,178.52297554887144,179.68474364693714,177.59953672625076,177.61940002441406,787100,0.0,0.0
2025-01-22 00:00:00-05:00,177.80810026682406,177.86767502238257,176.08035659932548,177.1924591064453,824400,0.0,0.0
2025-01-23 00:00:00-05:00,177.59956013833644,178.67195111166404,176.24914355910084,178.12582397460938,890900,0.0,0.0
2025-01-24 00:00:00-05:00,177.90737491439023,178.8506771690405,176.4378088181585,176.45767211914062,822000,0.0,0.0
2025-01-27 00:00:00-05:00,177.03355890687595,180.50889392009603,176.45765958064962,180.33016967773438,1347100,0.0,0.0
2025-01-28 00:00:00-05:00,180.69757414939411,182.8125687877435,179.64504644338768,181.68060302734375,1232300,0.0,0.0
2025-01-29 00:00:00-05:00,180.61813491148206,182.04798957867237,179.3670196533203,179.3670196533203,852600,0.0,0.0
2025-01-30 00:00:00-05:00,181.08481937496668,186.27797406129403,180.4195427359721,185.25523376464844,982400,0.0,0.0
2025-01-31 00:00:00-05:00,185.25523150256774,185.86091823184202,182.47496032714844,182.47496032714844,1042300,0.0,0.0
2025-02-03 00:00:00-05:00,179.9230661847648,186.77445042774775,179.12870081802282,186.00987243652344,1209100,0.0,0.0
2025-02-04 00:00:00-05:00,186.00987358217583,187.10211271082147,185.74177204960657,186.26803588867188,894900,0.0,0.0
2025-02-05 00:00:00-05:00,187.6184464407197,188.15464948861236,185.99994352506454,187.2411346435547,869900,0.0,0.0
2025-02-06 00:00:00-05:00,187.16170667000478,187.92626953125,185.7517153016416,187.92626953125,665400,0.0,0.0
2025-02-07 00:00:00-05:00,187.9262540630394,189.8525850482887,187.38014210746033,188.88941955566406,1145200,0.0,0.0
2025-02-10 00:00:00-05:00,189.13768546367913,189.32634896014113,187.68798255101623,188.24403381347656,865100,0.0,0.0
2025-02-11 00:00:00-05:00,187.8865341978552,188.6511121131755,187.27090829659502,188.59152221679688,608400,0.0,0.0
2025-02-12 00:00:00-05:00,187.23119826132765,189.74336791120396,187.23119826132765,188.6411895751953,1217500,0.0,0.0
2025-02-13 00:00:00-05:00,183.10051242319372,187.72767666759802,179.86349135781592,187.5191650390625,2273800,0.0,0.0
2025-02-14 00:00:00-05:00,187.8964729233419,190.21999422304586,186.70493247423607,187.7078094482422,1261700,0.0,0.0
2025-02-18 00:00:00-05:00,186.4666342717249,187.4993138601944,185.8510082698074,186.32762145996094,978900,0.0,0.0
2025-02-19 00:00:00-05:00,186.01978590095587,187.1219641860195,184.9970456631613,186.4964141845703,1019800,0.0,0.0
2025-02-20 00:00:00-05:00,186.5460627493706,187.4893801571077,184.9672712215676,186.52621459960938,870900,0.0,0.0
2025-02-21 00:00:00-05:00,186.6254998265569,187.10211298974443,185.36444536537937,186.0595245361328,866400,0.0,0.0
2025-02-24 00:00:00-05:00,185.7914115094559,188.35323172390207,185.7914115094559,186.62548828125,803300,0.0,0.0
2025-02-25 00:00:00-05:00,187.15174745585222,188.30357638910826,186.34745807787,187.64822387695312,880500,0.0,0.0
2025-02-26 00:00:00-05:00,186.69500304679488,188.60147074095389,186.46661297756003,186.54605102539062,727100,0.0,0.0
2025-02-27 00:00:00-05:00,185.75532352903434,187.4461905605647,185.0889295994086,185.3177032470703,846400,0.315,0.0
2025-02-28 00:00:00-05:00,186.0039901681393,188.75909343852464,185.61608874699309,188.73919677734375,1488100,0.0,0.0
2025-03-03 00:00:00-05:00,189.75370079364586,192.42923240946936,189.30612459686864,190.9373016357422,1179600,0.0,0.0
2025-03-04 00:00:00-05:00,191.22573085516862,192.26014466865303,189.64428791094048,189.6641845703125,1872400,0.0,0.0
2025-03-05 00:00:00-05:00,189.08731749577308,190.16150953442974,187.27710077043346,188.86849975585938,1216600,0.0,0.0
2025-03-06 00:00:00-05:00,186.7698340466295,187.53569607196562,183.5273767189442,184.7606964111328,1090900,0.0,0.0
2025-03-07 00:00:00-05:00,183.83572330711823,187.4561416050369,183.25884155050355,187.3367919921875,1366200,0.0,0.0
2025-03-10 00:00:00-04:00,186.31232063072787,188.54026085301408,184.561778825555,185.23812866210938,1036500,0.0,0.0
2025-03-11 00:00:00-04:00,185.61608640990144,185.61608640990144,182.39352546763294,183.2091064453125,907300,0.0,0.0
2025-03-12 00:00:00-04:00,183.51743451774595,184.00480405697024,182.0255036740408,182.1846466064453,932100,0.0,0.0
2025-03-13 00:00:00-04:00,181.7867987961551,183.29861107684434,180.30480874057028,182.234375,1010600,0.0,0.0
2025-03-14 00:00:00-04:00,182.5725389116498,184.58167659709702,181.9857164514736,184.29322814941406,779100,0.0,0.0
2025-03-17 00:00:00-04:00,183.75615709212136,187.1478170034571,183.63680747586048,186.8892059326172,733100,0.0,0.0
2025-03-18 00:00:00-04:00,186.4117799226363,187.01849905955052,185.2580164529789,186.5709228515625,816400,0.0,0.0
2025-03-19 00:00:00-04:00,186.2924295469073,190.42009870325683,186.01393701078615,189.67413330078125,961700,0.0,0.0
2025-03-20 00:00:00-04:00,189.1370580403218,189.53490021195725,187.63517121248,188.8386688232422,757900,0.0,0.0
2025-03-21 00:00:00-04:00,187.53571261413987,189.03758422007763,187.3765696795926,188.30157470703125,911000,0.0,0.0
2025-03-24 00:00:00-04:00,188.88839103936664,190.43005591697656,188.20210043614833,189.90289306640625,879000,0.0,0.0
2025-03-25 00:00:00-04:00,190.60907305547005,192.11094455507094,190.08192540172317,191.86228942871094,891800,0.0,0.0
2025-03-26 00:00:00-04:00,191.82251198371506,193.03595021890044,189.96257648832477,190.7085418701172,772300,0.0,0.0
2025-03-27 00:00:00-04:00,190.97707898718406,193.0359507312135,190.67870497503884,192.8668670654297,523200,0.0,0.0
2025-03-28 00:00:00-04:00,192.62817176198035,193.54322090218693,191.50424561587485,191.79269409179688,728800,0.0,0.0
2025-03-31 00:00:00-04:00,191.96177782440424,194.58757562902733,191.58381713587244,194.13999938964844,1330700,0.0,0.0
2025-04-01 00:00:00-04:00,192.8370391056989,196.67627507588725,192.81714244501353,195.452880859375,1101800,0.0,0.0
2025-04-02 00:00:00-04:00,193.41391753761275,195.7711633688069,190.78811991023665,195.56228637695312,1470100,0.0,0.0
2025-04-03 00:00:00-04:00,195.41311414527934,200.57519758394898,195.2440304613266,198.8743896484375,2125300,0.0,0.0
2025-04-04 00:00:00-04:00,196.99455630296623,199.60045745407373,185.93437993618906,185.94432067871094,3261100,0.0,0.0
2025-04-07 00:00:00-04:00,181.6873366966206,188.91823245003738,180.14567178629935,183.7561492919922,2319400,0.0,0.0
2025-04-08 00:00:00-04:00,188.222012175117,188.79889395770766,181.09058412884406,182.274169921875,1789000,0.0,0.0
2025-04-09 00:00:00-04:00,182.81125193522885,192.42923040162995,181.82657217122954,191.86228942871094,2496200,0.0,0.0
2025-04-10 00:00:00-04:00,189.50506263461014,192.18059449002385,187.14781665757852,190.7881317138672,1657600,0.0,0.0
2025-04-11 00:00:00-04:00,190.00236280414936,194.57762341330243,187.9136535746001,193.65261840820312,1469600,0.0,0.0
2025-04-14 00:00:00-04:00,194.77656395488845,195.63193832202907,193.0956526260081,194.7367706298828,1103100,0.0,0.0
2025-04-15 00:00:00-04:00,193.92116700847745,195.89051141916724,193.92116700847745,194.93568420410156,1166500,0.0,0.0
2025-04-16 00:00:00-04:00,195.9601494645196,197.74051361173576,194.80638595788608,195.5125732421875,1054800,0.0,0.0
2025-04-17 00:00:00-04:00,195.9302973288396,197.69076468275082,195.67168628631603,196.30824279785156,979300,0.0,0.0
2025-04-21 00:00:00-04:00,196.33809353296732,197.02438415134415,191.9717098580699,193.52333068847656,1017900,0.0,0.0
2025-04-22 00:00:00-04:00,195.52251219047352,196.8354034423828,194.20960576185885,196.8354034423828,1228000,0.0,0.0
2025-04-23 00:00:00-04:00,197.54159607540734,197.68084235100144,192.96633528867667,194.62734985351562,2362400,0.0,0.0
2025-04-24 00:00:00-04:00,198.56604864642858,198.70529491821975,189.9028968624973,195.66175842285156,1522500,0.0,0.0
2025-04-25 00:00:00-04:00,195.68165152969922,196.64643467269656,190.70854880361185,193.42385864257812,1416500,0.0,0.0
2025-04-28 00:00:00-04:00,193.85154595366637,194.06042295427534,191.77279257334158,193.0359649658203,1426000,0.0,0.0
2025-04-29 00:00:00-04:00,192.3596179386435,194.69698241895316,191.60371174637817,194.47816467285156,1242100,0.0,0.0
2025-04-30 00:00:00-04:00,194.44831738712836,196.87519395568043,192.27009595589996,196.56686401367188,1152000,0.0,0.0
2025-05-01 00:00:00-04:00,195.61203386995825,195.98003863971894,192.8668864454471,195.12466430664062,743100,0.0,0.0
2025-05-02 00:00:00-04:00,196.53702558179754,197.76040460154417,195.57224243989907,196.73594665527344,664500,0.0,0.0
2025-05-05 00:00:00-04:00,196.89509422497636,197.6907785376319,195.3932074549223,196.8553009033203,539000,0.0,0.0
2025-05-06 00:00:00-04:00,196.29831845137474,197.7703526616133,195.77117075763988,197.31283569335938,731400,0.0,0.0
2025-05-07 00:00:00-04:00,197.39750262757144,197.90557558821277,195.7039615607329,197.6365966796875,891500,0.315,0.0
2025-05-08 00:00:00-04:00,197.59675021784386,198.24427569127246,194.49856017564002,194.8173370361328,1197900,0.0,0.0
2025-05-09 00:00:00-04:00,194.45870053700165,194.66790972409754,193.23337587213123,194.54835510253906,631300,0.0,0.0
2025-05-12 00:00:00-04:00,194.90699252128155,194.90699252128155,183.30124069868538,185.87144470214844,3108100,0.0,0.0
2025-05-13 00:00:00-04:00,185.60245673888036,186.7978965144773,183.92884409321294,185.06451416015625,1799100,0.0,0.0
2025-05-14 00:00:00-04:00,185.83159321713418,186.100572127463,183.59013776636016,185.5725860595703,1190100,0.0,0.0
2025-05-15 00:00:00-04:00,186.74811639632293,190.24478149414062,186.09061913664485,190.24478149414062,1032900,0.0,0.0
2025-05-16 00:00:00-04:00,190.3543557445294,191.25093182102935,189.03936128476442,191.191162109375,1287000,0.0,0.0
2025-05-19 00:00:00-04:00,190.25474260899287,192.91460136783314,190.15513148294673,192.6356658935547,1340500,0.0,0.0
2025-05-20 00:00:00-04:00,192.34675897295625,195.8334673322943,192.34675897295625,195.28555297851562,1465800,0.0,0.0
2025-05-21 00:00:00-04:00,194.65794229039227,195.82351247160506,193.50235906253062,195.18592834472656,1168500,0.0,0.0
2025-05-22 00:00:00-04:00,195.03649096759057,195.56447698646727,192.61572660189256,194.1697998046875,1097400,0.0,0.0
2025-05-23 00:00:00-04:00,194.89702847374286,196.29170569290778,193.7912432496758,196.09246826171875,859500,0.0,0.0
2025-05-27 00:00:00-04:00,197.24806566009661,197.24806566009661,194.58820720484175,195.70394897460938,768000,0.0,0.0
2025-05-28 00:00:00-04:00,195.86335395415242,196.3315702969818,194.12995631043245,194.73764038085938,573300,0.0,0.0
2025-05-29 00:00:00-04:00,194.7376361159503,195.33536362161607,192.93451224834254,193.6517791748047,704700,0.0,0.0
2025-05-30 00:00:00-04:00,194.5882266336276,196.60055984145964,193.62190903981357,196.34153747558594,1968000,0.0,0.0
2025-06-02 00:00:00-04:00,195.1361391478334,196.32162248561173,194.23954782978217,195.5644989013672,888000,0.0,0.0
2025-06-03 00:00:00-04:00,194.19968922043117,195.08630870699884,192.04788848870234,192.56591796875,954600,0.0,0.0
2025-06-04 00:00:00-04:00,192.8847021722367,192.8847021722367,190.7030165027817,190.80264282226562,911600,0.0,0.0
2025-06-05 00:00:00-04:00,191.00187850577345,191.67930403018818,189.5972446993437,191.35055541992188,829300,0.0,0.0
2025-06-06 00:00:00-04:00,190.89229689300203,192.34675906913802,189.35815190249667,189.49761962890625,692600,0.0,0.0
2025-06-09 00:00:00-04:00,189.3581653825873,189.68691401842196,186.60865206584717,188.27230834960938,645900,0.0,0.0
2025-06-10 00:00:00-04:00,188.42172009010986,190.15511772702533,187.8837774860145,188.11289978027344,658700,0.0,0.0
2025-06-11 00:00:00-04:00,188.27229508849288,189.17882771041624,187.2561643948344,188.60104370117188,595300,0.0,0.0
2025-06-12 00:00:00-04:00,189.3083480246552,190.92219110949864,188.899901376986,190.73292541503906,712800,0.0,0.0
2025-06-13 00:00:00-04:00,190.91222512569385,191.98812552938384,189.73671360365827,189.94590759277344,494800,0.0,0.0
2025-06-16 00:00:00-04:00,189.84630456873697,190.60341294398026,186.23008488000085,186.3695526123047,935400,0.0,0.0
2025-06-17 00:00:00-04:00,185.62238990585863,187.7343340714466,184.81546841620818,187.00711059570312,1048000,0.0,0.0
2025-06-18 00:00:00-04:00,186.70825675211867,187.5550348940809,185.11434199191808,186.4293212890625,948300,0.0,0.0
2025-06-20 00:00:00-04:00,186.887574834031,187.4055891333048,184.3273273899882,185.01470947265625,1292100,0.0,0.0
2025-06-23 00:00:00-04:00,185.32353525522691,186.96726317036175,184.5963117437692,186.91746520996094,756600,0.0,0.0
2025-06-24 00:00:00-04:00,186.79790913962506,188.1726733349408,185.18406609353616,187.44544982910156,701000,0.0,0.0
2025-06-25 00:00:00-04:00,187.20635235403628,187.20635235403628,184.2974431830322,184.974853515625,1000500,0.0,0.0
2025-06-26 00:00:00-04:00,185.8714368297918,187.46535147394067,185.04458705277668,186.77798461914062,1208300,0.0,0.0
2025-06-27 00:00:00-04:00,185.5128075594556,187.82398916590097,184.61623150194978,185.1940155029297,870300,0.0,0.0
2025-06-30 00:00:00-04:00,185.78178774249255,186.31973034054977,184.68595904165485,186.0109100341797,1048100,0.0,0.0
2025-07-01 00:00:00-04:00,186.64847048975938,186.6683987927372,184.39705868018405,185.16412353515625,528500,0.0,0.0
2025-07-02 00:00:00-04:00,185.00476143911456,185.0246745432666,176.92555905934788,177.4236602783203,3255800,0.0,0.0
2025-07-03 00:00:00-04:00,178.86814386056668,180.59156975537115,177.1845593733694,180.0436553955078,1360700,0.0,0.0
2025-07-07 00:00:00-04:00,180.33256782565857,181.7571300017117,178.91796220158503,181.51805114746094,1632200,0.0,0.0
2025-07-08 00:00:00-04:00,180.21301538723512,181.66747763858365,179.1570432325506,180.50192260742188,1365900,0.0,0.0
2025-07-09 00:00:00-04:00,179.5953598239473,181.56783623589018,179.02753238451535,181.37857055664062,1643100,0.0,0.0
2025-07-10 00:00:00-04:00,181.02990985866563,182.45447206126448,179.05743327012758,181.3188018798828,1336800,0.0,0.0
2025-07-11 00:00:00-04:00,181.1096073234798,183.06215560086082,180.6115061015785,182.68360900878906,1389800,0.0,0.0
2025-07-14 00:00:00-04:00,181.88662601810037,184.8652765026722,181.88662601810037,183.73956298828125,1333700,0.0,0.0
2025-07-15 00:00:00-04:00,183.39090006985003,184.37714593913785,182.0759207783089,182.9226837158203,1469100,0.0,0.0
2025-07-16 00:00:00-04:00,182.92268180595445,183.05219298362744,180.25286664142757,182.14564514160156,1350200,0.0,0.0
2025-07-17 00:00:00-04:00,181.55789217194712,182.30504399158477,179.83446623088557,181.5379638671875,1184500,0.0,0.0
2025-07-18 00:00:00-04:00,182.42456874389046,183.17172050342586,181.13947440585986,181.94639587402344,1095700,0.0,0.0
2025-07-21 00:00:00-04:00,181.77706169380733,182.0659537150245,180.48199547272645,181.3188018798828,1129200,0.0,0.0
2025-07-22 00:00:00-04:00,181.27895128618448,184.66603335355546,181.27895128618448,184.07827758789062,1723700,0.0,0.0
2025-07-23 00:00:00-04:00,183.88899502919847,184.79554284987165,182.6238289418946,183.72959899902344,1376500,0.0,0.0
2025-07-24 00:00:00-04:00,180.36243407306193,188.67075781958158,179.86433291030883,187.52513122558594,1758000,0.0,0.0
2025-07-25 00:00:00-04:00,187.78415277398585,189.02940577646586,186.2400360107422,186.2400360107422,1632200,0.0,0.0
2025-07-28 00:00:00-04:00,185.29363910396478,186.77798609382106,185.1242865267342,185.35340881347656,763300,0.0,0.0
2025-07-29 00:00:00-04:00,185.990985707747,191.18120691875632,185.67220884304024,191.11146545410156,1812000,0.0,0.0
2025-07-30 00:00:00-04:00,189.61716908590103,191.00188987169102,188.29221801447216,188.47154235839844,1640200,0.0,0.0
2025-07-31 00:00:00-04:00,189.1489500750144,190.00568477083334,185.61244361750528,185.9611053466797,1665400,0.0,0.0
2025-08-01 00:00:00-04:00,187.4753390553863,187.4753390553863,184.7756237626847,185.8614959716797,1129600,0.0,0.0
2025-08-04 00:00:00-04:00,185.98103689939245,187.00712420173133,185.32353963745405,186.658447265625,626400,0.0,0.0
2025-08-05 00:00:00-04:00,186.8078732890791,188.23243538643018,186.11053466796875,186.11053466796875,1011300,0.0,0.0
2025-08-06 00:00:00-04:00,185.95586099500403,187.7620302645676,185.02782010130457,187.46266174316406,772800,0.315,0.0
2025-08-07 00:00:00-04:00,188.63018695737648,188.63018695737648,186.55458447736152,187.67222595214844,692100,0.0,0.0
2025-08-08 00:00:00-04:00,187.94164466193536,190.22680968578067,187.34292283793303,187.4925994873047,864400,0.0,0.0
2025-08-11 00:00:00-04:00,188.00151335105886,190.2467544271934,187.6622361316956,190.17691040039062,1090700,0.0,0.0
2025-08-12 00:00:00-04:00,190.49622888042234,190.5960234649894,186.5346244520602,187.00363159179688,1566400,0.0,0.0
2025-08-13 00:00:00-04:00,187.62232913629316,187.62232913629316,183.9301579340183,185.34715270996094,1352600,0.0,0.0
2025-08-14 00:00:00-04:00,185.3271907387617,185.69640329101625,184.18960252565168,184.3392791748047,868500,0.0,0.0
2025-08-15 00:00:00-04:00,183.5210145489092,184.98790656152218,183.03204546919983,184.3791961669922,904200,0.0,0.0
2025-08-18 00:00:00-04:00,184.60870437843514,185.27728542656982,183.74054939789704,184.42909240722656,940400,0.0,0.0
2025-08-19 00:00:00-04:00,184.95797215883564,186.0356744506471,184.1596611941661,185.77622985839844,646100,0.0,0.0
2025-08-20 00:00:00-04:00,186.77412571789657,188.35078577834892,185.39703960369422,185.4070281982422,1352200,0.0,0.0
2025-08-21 00:00:00-04:00,184.98790703850798,186.90384421315355,184.68853852416942,186.0855712890625,614400,0.0,0.0
2025-08-22 00:00:00-04:00,186.75415781726232,187.6921720839798,183.6008530231365,184.38917541503906,805800,0.0,0.0
2025-08-25 00:00:00-04:00,184.08980676176458,184.6087111863614,181.76473305855987,181.80465698242188,898000,0.0,0.0
2025-08-26 00:00:00-04:00,182.01419886709851,182.70274188130594,180.94646994659286,182.49319458007812,1739600,0.0,0.0
2025-08-27 00:00:00-04:00,181.54519953768295,182.9622095495706,181.54519953768295,182.8424530029297,791700,0.0,0.0
2025-08-28 00:00:00-04:00,183.71062919361492,183.71062919361492,181.4553994148976,182.85244750976562,636200,0.0,0.0
2025-08-29 00:00:00-04:00,183.21168090971526,184.9380175909371,182.4632672053888,184.4191131591797,690000,0.0,0.0
2025-09-02 00:00:00-04:00,183.73057503825362,184.72846000409513,180.8566766906611,182.46327209472656,1271600,0.0,0.0
2025-09-03 00:00:00-04:00,182.0740914037212,182.53310994562102,179.34985457610034,180.30783081054688,898300,0.0,0.0
2025-09-04 00:00:00-04:00,181.4553984509567,181.76474035398297,180.24796616969184,180.88661193847656,601600,0.0,0.0
2025-09-05 00:00:00-04:00,180.73691907653705,180.89658432449545,178.50166651118377,178.9207763671875,924700,0.0,0.0
2025-09-08 00:00:00-04:00,178.54157311696088,178.92077426978787,176.89506904292475,178.0126953125,1392700,0.0,0.0
2025-09-09 00:00:00-04:00,177.4439070191104,178.25219138280835,176.62563406106042,177.23434448242188,1688000,0.0,0.0
2025-09-10 00:00:00-04:00,176.82520712998198,178.31206116209862,175.63772162314925,175.83731079101562,1293800,0.0,0.0
2025-09-11 00:00:00-04:00,176.58571724710117,178.33201580868578,176.03687751101444,177.76321411132812,1944700,0.0,0.0
2025-09-12 00:00:00-04:00,177.95281570653486,178.0027129967432,174.2606446288434,175.69760131835938,1527300,0.0,0.0
2025-09-15 00:00:00-04:00,175.88719726453206,176.87510885477306,175.0489775539424,175.19866943359375,1085000,0.0,0.0
2025-09-16 00:00:00-04:00,175.17870998029886,175.60779320977696,172.76383017385683,173.21287536621094,989700,0.0,0.0
2025-09-17 00:00:00-04:00,173.46233314737026,174.83941917513243,172.81369882962767,172.9833526611328,1407600,0.0,0.0
2025-09-18 00:00:00-04:00,172.04534663654752,175.488046643785,171.6362101556499,175.03900146484375,1115500,0.0,0.0
2025-09-19 00:00:00-04:00,175.70757324931287,176.63559888823775,172.83365989377637,173.60203552246094,1514500,0.0,0.0
2025-09-22 00:00:00-04:00,173.56211749417508,173.82157731934254,171.90564009275812,172.60415649414062,1386300,0.0,0.0
2025-09-23 00:00:00-04:00,172.61412530261518,172.77379054057556,170.33894895448267,171.6661376953125,2273000,0.0,0.0
2025-09-24 00:00:00-04:00,171.64618328486736,172.68399215074925,170.78800162622173,171.88568115234375,824100,0.0,0.0
2025-09-25 00:00:00-04:00,172.92347620250965,173.57211055560668,170.27908717689024,170.95765686035156,1169600,0.0,0.0
2025-09-26 00:00:00-04:00,172.04534912109375,172.69396825265179,171.29693540321168,172.04534912109375,699800,0.0,0.0
2025-09-29 00:00:00-04:00,171.72601825771207,173.9812480010628,171.456600282944,173.9313507080078,1116900,0.0,0.0
2025-09-30 00:00:00-04:00,174.16085873267042,175.95705468412973,174.00119348664828,175.4281768798828,970500,0.0,0.0
2025-10-01 00:00:00-04:00,175.17870170721392,176.27636598929433,173.83155096725662,174.74960327148438,1005500,0.0,0.0
2025-10-02 00:00:00-04:00,174.03112949382825,174.03112949382825,172.48441999983532,172.66403198242188,1017400,0.0,0.0
2025-10-03 00:00:00-04:00,173.10309879432532,174.85937077709124,172.02538125040684,174.05108642578125,557200,0.0,0.0
2025-10-06 00:00:00-04:00,173.33260157531961,175.19865666533462,173.04322165817572,173.78164672851562,1105300,0.0,0.0
2025-10-07 00:00:00-04:00,173.6519375068845,174.06105875067243,172.3746460313405,173.09312438964844,738400,0.0,0.0
2025-10-08 00:00:00-04:00,173.4224111906724,174.15087813546515,172.31475833546253,173.3226318359375,868000,0.0,0.0
2025-10-09 00:00:00-04:00,173.72178335517086,173.72178335517086,169.5107077434587,169.8400115966797,946300,0.0,0.0
2025-10-10 00:00:00-04:00,171.58631517984324,173.49227910062191,170.53853293049,172.4844207763672,1311400,0.0,0.0
2025-10-13 00:00:00-04:00,171.1672080549287,172.3546936080309,169.64044526565905,171.63621520996094,599400,0.0,0.0
2025-10-14 00:00:00-04:00,172.63409439227115,173.58208203871746,171.2071262386811,172.1950225830078,991900,0.0,0.0
2025-10-15 00:00:00-04:00,171.97548843527485,173.3126506124076,169.2113580899742,169.38099670410156,1584000,0.0,0.0
2025-10-16 00:00:00-04:00,169.12152887871272,170.7381127735164,169.04169625939394,170.47865295410156,1355700,0.0,0.0
2025-10-17 00:00:00-04:00,170.96762582810922,172.8336657631987,170.50859206347752,172.60415649414062,834900,0.0,0.0
2025-10-20 00:00:00-04:00,172.38461713681275,173.7916385055782,171.89564805239004,173.63197326660156,680600,0.0,0.0
2025-10-21 00:00:00-04:00,174.1009846391575,174.1009846391575,172.25489143140265,173.43240356445312,1279300,0.0,0.0
2025-10-22 00:00:00-04:00,175.65768756824627,179.35984745428738,172.63409737000276,178.092529296875,2485600,0.0,0.0
2025-10-23 00:00:00-04:00,177.55366142512338,179.13032146957883,176.42606178831932,176.43603515625,1450700,0.0,0.0
2025-10-24 00:00:00-04:00,177.1844394814668,177.78317650894277,174.67975387710635,176.44601440429688,1230900,0.0,0.0
2025-10-27 00:00:00-04:00,175.84728080946016,176.6755271154799,173.04322663662498,174.4103240966797,1454600,0.0,0.0
2025-10-28 00:00:00-04:00,173.63197945680147,174.62986439620838,170.2591234891211,173.7716827392578,1115000,0.0,0.0
2025-10-29 00:00:00-04:00,172.83366094496787,172.9334555251757,167.48499729325223,168.07374572753906,1320300,0.0,0.0
2025-10-30 00:00:00-04:00,168.76230168094094,170.66826563282757,168.69245765065267,170.62835693359375,1465300,0.0,0.0
2025-10-31 00:00:00-04:00,169.1913877577211,169.88990414207709,167.11578533955236,167.32533264160156,1839500,0.0,0.0
2025-11-03 00:00:00-05:00,166.9561179299796,167.28542176971806,164.02233392732342,165.40939331054688,1241800,0.0,0.0
2025-11-04 00:00:00-05:00,165.96823201418454,168.3731231689453,164.92044977250853,168.3731231689453,3286900,0.0,0.0
2025-11-05 00:00:00-05:00,167.60476343664374,168.4629451054436,165.55909623731097,165.60899353027344,962500,0.0,0.0
2025-11-06 00:00:00-05:00,166.58691499731555,166.74658024272867,164.31173854298416,164.96035766601562,1071700,0.0,0.0
2025-11-07 00:00:00-05:00,166.04804236729933,166.14783694856527,164.48137098172845,165.82850646972656,766100,0.0,0.0
2025-11-10 00:00:00-05:00,164.67098268521303,165.96823619681325,162.9246839805825,165.5890350341797,1086200,0.0,0.0
2025-11-11 00:00:00-05:00,166.10793820243182,167.59477705736006,165.59900712461027,167.0858612060547,735300,0.0,0.0
2025-11-12 00:00:00-05:00,168.3531660068006,169.14148836796403,167.32533056466636,168.4329833984375,1028700,0.0,0.0
2025-11-13 00:00:00-05:00,167.68458410744793,169.5406507656709,167.02599159763952,167.0359649658203,1039600,0.0,0.0
2025-11-14 00:00:00-05:00,167.62471158631527,169.98970929934066,166.05804011439005,168.27334594726562,1584400,0.0,0.0
2025-11-17 00:00:00-05:00,168.73235314319223,169.3410635378493,167.4650502903691,168.95188903808594,972500,0.0,0.0
2025-11-18 00:00:00-05:00,169.6304595155966,172.30478373702556,168.91198116997074,171.79586791992188,1158700,0.0,0.0
2025-11-19 00:00:00-05:00,172.07527912628362,174.619888733635,170.9775996167546,174.31053161621094,1163300,0.0,0.0
2025-11-20 00:00:00-05:00,173.821580963736,175.4880469943009,172.71392806599337,173.1529998779297,1085000,0.0,0.0
2025-11-21 00:00:00-05:00,172.6340913722038,175.62774613588365,171.15722595221277,174.92922973632812,1077700,0.0,0.0
2025-11-24 00:00:00-05:00,174.9990734393421,174.9990734393421,172.42452852015757,172.7837677001953,1346800,0.0,0.0
2025-11-25 00:00:00-05:00,172.76382631560517,176.91501613664533,172.76382631560517,176.12669372558594,730400,0.0,0.0
2025-11-26 00:00:00-05:00,176.5557687734762,177.2942090840548,175.79738172790658,176.6555633544922,443200,0.0,0.0
2025-11-28 00:00:00-05:00,176.89506834385534,177.71332608041328,175.87722143721973,176.1765899658203,457100,0.0,0.0
2025-12-01 00:00:00-05:00,176.1266882926295,176.8551400204438,173.7217819822588,173.79164123535156,784100,0.0,0.0
2025-12-02 00:00:00-05:00,173.86148555462725,174.46022259794444,172.49438808508887,172.9134979248047,600300,0.0,0.0
2025-12-03 00:00:00-05:00,173.53217928135817,174.2107489360808,172.67399765205667,173.89141845703125,761900,0.0,0.0
2025-12-04 00:00:00-05:00,173.7716771390539,174.31052828930092,172.66402428294833,172.88356018066406,842900,0.0,0.0
2025-12-05 00:00:00-05:00,172.6740067108966,174.43029398477694,172.19502619370928,172.74386596679688,744400,0.0,0.0
2025-12-08 00:00:00-05:00,172.48441149121467,172.7937533747535,169.999672602394,170.03958129882812,779000,0.0,0.0
2025-12-09 00:00:00-05:00,170.60839358165612,171.3667806730546,167.69457131278892,167.96400451660156,956700,0.0,0.0
2025-12-10 00:00:00-05:00,167.53490650359146,169.05169591688338,166.92619606464984,167.65464782714844,1213600,0.0,0.0
2025-12-11 00:00:00-05:00,168.54275501825262,171.44660375744033,168.24340172680263,170.99755859375,1059600,0.0,0.0
2025-12-12 00:00:00-05:00,171.95553543269986,172.79375510484576,170.688217330386,172.26487731933594,1024400,0.0,0.0
2025-12-15 00:00:00-05:00,172.3047901770294,176.32626525344088,171.5264411445959,176.0967559814453,1911500,0.0,0.0
2025-12-16 00:00:00-05:00,176.02689098764188,177.0746731822202,175.4481311426137,175.647705078125,1419300,0.0,0.0
2025-12-17 00:00:00-05:00,175.54791396094845,176.47595485783478,175.0290095371681,175.62774658203125,1291300,0.0,0.0
2025-12-18 00:00:00-05:00,174.65980194766485,176.2165000366958,173.97125889447437,175.24855041503906,1303000,0.0,0.0
2025-12-19 00:00:00-05:00,175.23857720734875,175.6177783619781,174.3604335762138,174.80947875976562,1131900,0.0,0.0
2025-12-22 00:00:00-05:00,174.2406813312272,176.95492945138318,173.60203561039725,176.62562561035156,813100,0.0,0.0
2025-12-23 00:00:00-05:00,177.09464256058556,177.69337961871025,176.49590550246086,177.31417846679688,702000,0.0,0.0
2025-12-24 00:00:00-05:00,177.1146013398448,178.0625889760752,176.63560561134713,177.46385192871094,314800,0.0,0.0
2025-12-26 00:00:00-05:00,177.85302009727457,178.44178375590312,176.98486511342878,177.76321411132812,603400,0.0,0.0
2025-12-29 00:00:00-05:00,178.38190467722387,179.1802156668491,177.81311818468254,178.16236877441406,776600,0.0,0.0
2025-12-30 00:00:00-05:00,177.85302598058436,178.45176302639683,177.69337596468122,177.773193359375,816200,0.0,0.0
2025-12-31 00:00:00-05:00,177.6734181730316,177.922889410223,174.76956931775965,174.98910522460938,1238300,0.0,0.0
2026-01-02 00:00:00-05:00,174.51012655721254,174.80947986379368,173.01329911824246,173.75172424316406,679100,0.0,0.0
2026-01-05 00:00:00-05:00,172.494395449039,175.26851443024165,171.19714195081448,173.57211303710938,999200,0.0,0.0
2026-01-06 00:00:00-05:00,174.05109203012694,175.53794609467576,171.37676765935925,173.9313507080078,1359500,0.0,0.0
2026-01-07 00:00:00-05:00,176.12669792848786,176.12669792848786,168.08374747349188,168.17355346679688,2007900,0.0,0.0
2026-01-08 00:00:00-05:00,168.1635652885115,168.5926484808571,166.76651731190037,167.86419677734375,2432300,0.0,0.0
2026-01-09 00:00:00-05:00,167.62470266432845,167.8342651947776,165.76863612548084,165.95823669433594,2024500,0.0,0.0
2026-01-12 00:00:00-05:00,166.1578186584789,166.68669646740832,165.04019237946065,165.86843872070312,1811500,0.0,0.0
2026-01-13 00:00:00-05:00,166.1777804219225,166.1777804219225,161.71723345269936,162.71511840820312,1879500,0.0,0.0
2026-01-14 00:00:00-05:00,162.25609680517118,164.89051242911458,162.25609680517118,164.4414520263672,3137100,0.0,0.0
2026-01-15 00:00:00-05:00,164.36162956190708,167.28542502767044,163.6431512114878,167.27545166015625,2394800,0.0,0.0
2026-01-16 00:00:00-05:00,166.41726880933442,167.55485698472148,164.25186040647114,166.7565460205078,1989500,0.0,0.0
2026-01-20 00:00:00-05:00,166.34741823328022,166.34741823328022,163.76289986537932,163.90260314941406,2080100,0.0,0.0
2026-01-21 00:00:00-05:00,163.89262792576724,166.7066555370384,163.89262792576724,166.14784240722656,2744800,0.0,0.0
2026-01-22 00:00:00-05:00,166.53701595455055,169.82005068633117,166.1678034016144,169.7901153564453,1596200,0.0,0.0
2026-01-23 00:00:00-05:00,169.48076895561712,171.76593391956447,169.34106567769354,169.85997009277344,1178600,0.0,0.0
2026-01-26 00:00:00-05:00,170.41878802199565,171.51646754136485,169.7701689046966,170.92770385742188,1017000,0.0,0.0
2026-01-27 00:00:00-05:00,171.40670268563903,171.40670268563903,168.52281577976575,169.2013702392578,1362000,0.0,0.0
2026-01-28 00:00:00-05:00,168.0537976798125,169.13151518627396,166.89624755511153,169.0017852783203,1320800,0.0,0.0
2026-01-29 00:00:00-05:00,168.61262230277003,169.94978448999598,164.96035970794446,166.8762969970703,1284400,0.0,0.0
2026-01-30 00:00:00-05:00,167.19561662613464,167.24551391601562,164.57117448884773,167.24551391601562,1558000,0.0,0.0
2026-02-02 00:00:00-05:00,168.6126160670556,169.3310944272212,166.4172722894454,167.7444610595703,1145900,0.0,0.0
2026-02-03 00:00:00-05:00,166.60687695629574,167.95401249483785,165.3395588139427,165.96823120117188,1121100,0.0,0.0
2026-02-04 00:00:00-05:00,166.0779882967986,170.64830328791322,164.59114943603547,168.92196655273438,1616200,0.0,0.0
2026-02-05 00:00:00-05:00,169.81007033864998,171.93557003227377,168.80221207871634,168.82215881347656,1578000,0.0,0.0
2026-02-06 00:00:00-05:00,168.64255862121146,171.07740036535793,168.21347539616926,168.84213256835938,1399700,0.0,0.0
2026-02-09 00:00:00-05:00,168.61261309918135,171.4865264892578,168.39307720263298,171.4865264892578,1811000,0.0,0.0
2026-02-10 00:00:00-05:00,171.5963045891525,172.5243302941327,170.049579854336,170.2890625,2007200,0.0,0.0
2026-02-11 00:00:00-05:00,169.78013972914417,172.39459334782,169.1115586597315,171.3368377685547,2024300,0.0,0.0
2026-02-12 00:00:00-05:00,169.84999523959775,172.91349395959602,155.32077833005235,157.2467041015625,4582900,0.0,0.0
2026-02-13 00:00:00-05:00,157.26667338567694,161.84696162778758,157.16687880059402,159.92103576660156,2415200,0.0,0.0
2026-02-17 00:00:00-05:00,160.87900263406266,162.87477240724144,160.25033028302656,160.93887329101562,2493000,0.0,0.0
2026-02-18 00:00:00-05:00,160.60957173265652,162.51553554747935,158.20466546745172,162.41574096679688,1339200,0.0,0.0
2026-02-19 00:00:00-05:00,163.0344464206448,166.09794526961414,162.6752072330719,165.70877075195312,1663800,0.0,0.0
2026-02-20 00:00:00-05:00,165.47925815470214,165.6488967639653,162.12636421355162,163.27392578125,3110300,0.0,0.0
2026-02-23 00:00:00-05:00,163.85270178568567,164.09219964944467,161.73719061528578,162.65524291992188,1865500,0.0,0.0
2026-02-24 00:00:00-05:00,162.7151099839124,166.60687024479768,162.7151099839124,165.12998962402344,2005800,0.0,0.0
2026-02-25 00:00:00-05:00,166.14999389648438,167.0800018310547,164.75,166.60000610351562,1866600,0.35,0.0
2026-02-26 00:00:00-05:00,167.92999267578125,169.9199981689453,166.27000427246094,169.33999633789062,1708700,0.0,0.0
2026-02-27 00:00:00-05:00,170.0,172.47000122070312,168.83999633789062,172.1300048828125,1863300,0.0,0.0
2026-03-02 00:00:00-05:00,171.24000549316406,173.94000244140625,170.97000122070312,173.16000366210938,1123700,0.0,0.0
2026-03-03 00:00:00-05:00,172.24000549316406,173.4199981689453,170.00999450683594,172.57000732421875,1325300,0.0,0.0
2026-03-04 00:00:00-05:00,171.58999633789062,172.32000732421875,169.74000549316406,169.83999633789062,1625700,0.0,0.0
2026-03-05 00:00:00-05:00,170.9499969482422,170.9499969482422,167.41000366210938,170.72999572753906,1960100,0.0,0.0
2026-03-06 00:00:00-05:00,169.7100067138672,171.89999389648438,168.6699981689453,170.13999938964844,2012900,0.0,0.0
2026-03-09 00:00:00-04:00,168.7899932861328,172.13999938964844,167.75,171.72999572753906,1333200,0.0,0.0
2026-03-10 00:00:00-04:00,171.30999755859375,171.30999755859375,163.92999267578125,165.5399932861328,1407400,0.0,0.0
2026-03-11 00:00:00-04:00,165.47000122070312,167.3300018310547,164.6699981689453,166.69000244140625,1036700,0.0,0.0
2026-03-12 00:00:00-04:00,166.47999572753906,169.97000122070312,166.13999938964844,166.9600067138672,1763000,0.0,0.0
2026-03-13 00:00:00-04:00,168.99000549316406,169.4600067138672,165.86000061035156,166.52000427246094,1067200,0.0,0.0
2026-03-16 00:00:00-04:00,166.60000610351562,167.60000610351562,165.6199951171875,167.24000549316406,931700,0.0,0.0
2026-03-17 00:00:00-04:00,167.77000427246094,168.83999633789062,166.85000610351562,167.0399932861328,885800,0.0,0.0
2026-03-18 00:00:00-04:00,166.74000549316406,166.97000122070312,163.69000244140625,163.7100067138672,1120600,0.0,0.0
2026-03-19 00:00:00-04:00,163.72999572753906,165.5800018310547,163.6699981689453,164.8300018310547,1167909,0.0,0.0
