Date,Open,High,Low,Close,Volume,Dividends,Stock Splits
2022-04-01 00:00:00-04:00,790.0,1129.0,726.0,793.0,105799,0.0,0.0
2022-04-04 00:00:00-04:00,727.0,783.0,656.5,667.0,22892,0.0,0.0
2022-04-05 00:00:00-04:00,656.0,656.0,596.0,613.0,7695,0.0,0.0
2022-04-06 00:00:00-04:00,596.0,649.9000244140625,557.0,561.0,11472,0.0,0.0
2022-04-07 00:00:00-04:00,566.0,591.0,523.0,531.0,7086,0.0,0.0
2022-04-08 00:00:00-04:00,519.0,635.0,485.0,591.0,32947,0.0,0.0
2022-04-11 00:00:00-04:00,576.0,579.0,511.0,512.0,5469,0.0,0.0
2022-04-12 00:00:00-04:00,508.0,537.0,457.0,457.0,5011,0.0,0.0
2022-04-13 00:00:00-04:00,467.0,539.0,440.0,476.0,15847,0.0,0.0
2022-04-14 00:00:00-04:00,463.0,508.0,451.0,461.0,2649,0.0,0.0
2022-04-18 00:00:00-04:00,455.0,505.0,441.0,492.0,2897,0.0,0.0
2022-04-19 00:00:00-04:00,503.0,530.0,489.0,499.0,3458,0.0,0.0
2022-04-20 00:00:00-04:00,496.0,533.0,479.0,498.0,3553,0.0,0.0
2022-04-21 00:00:00-04:00,505.0,545.0,462.0,479.0,5268,0.0,0.0
2022-04-22 00:00:00-04:00,483.0,492.29998779296875,406.0,415.0,2387,0.0,0.0
2022-04-25 00:00:00-04:00,407.0,446.0,393.5,430.0,3050,0.0,0.0
2022-04-26 00:00:00-04:00,427.0,427.0,377.20001220703125,383.0,2441,0.0,0.0
2022-04-27 00:00:00-04:00,395.0,436.0,376.0,404.0,3599,0.0,0.0
2022-04-28 00:00:00-04:00,456.0,469.0,330.0,368.0,56228,0.0,0.0
2022-04-29 00:00:00-04:00,335.0,382.0,335.0,359.0,5497,0.0,0.0
2022-05-02 00:00:00-04:00,350.0,352.0,331.0,336.0,2926,0.0,0.0
2022-05-03 00:00:00-04:00,330.0,377.0,330.0,361.0,7593,0.0,0.0
2022-05-04 00:00:00-04:00,374.0,409.0,358.5,385.0,7423,0.0,0.0
2022-05-05 00:00:00-04:00,377.0,388.0,341.0,350.0,3052,0.0,0.0
2022-05-06 00:00:00-04:00,342.0,392.0,341.0,384.0,3003,0.0,0.0
2022-05-09 00:00:00-04:00,384.0,457.0,365.0,436.0,6365,0.0,0.0
2022-05-10 00:00:00-04:00,415.0,471.6000061035156,391.0,400.0,11868,0.0,0.0
2022-05-11 00:00:00-04:00,400.0,410.0,352.1000061035156,360.1000061035156,4103,0.0,0.0
2022-05-12 00:00:00-04:00,360.0,374.0,343.0,357.0,2356,0.0,0.0
2022-05-13 00:00:00-04:00,348.0,370.5,342.0,348.0,4652,0.0,0.0
2022-05-16 00:00:00-04:00,341.0,341.0,310.0,315.0,1020,0.0,0.0
2022-05-17 00:00:00-04:00,312.0,318.0,302.0,315.0,2018,0.0,0.0
2022-05-18 00:00:00-04:00,312.0,320.0,308.0,318.0,947,0.0,0.0
2022-05-19 00:00:00-04:00,331.0,345.0,307.8999938964844,340.0,3945,0.0,0.0
2022-05-20 00:00:00-04:00,337.0,342.0,310.0,321.0,1690,0.0,0.0
2022-05-23 00:00:00-04:00,315.0,333.0,302.0,321.0,561,0.0,0.0
2022-05-24 00:00:00-04:00,314.0,321.0,286.5,290.0,1393,0.0,0.0
2022-05-25 00:00:00-04:00,291.0,303.0,284.0,296.0,1160,0.0,0.0
2022-05-26 00:00:00-04:00,309.0,322.3999938964844,293.1000061035156,310.0,966,0.0,0.0
2022-05-27 00:00:00-04:00,310.0,334.0,303.0,334.0,2501,0.0,0.0
2022-05-31 00:00:00-04:00,328.0,337.0,310.0,334.0,599,0.0,0.0
2022-06-01 00:00:00-04:00,337.0,337.0,320.0,330.0,695,0.0,0.0
2022-06-02 00:00:00-04:00,327.0,364.0,307.0,364.0,1277,0.0,0.0
2022-06-03 00:00:00-04:00,355.0,360.0,335.0,343.0,197,0.0,0.0
2022-06-06 00:00:00-04:00,351.0,368.5,336.0,354.0,518,0.0,0.0
2022-06-07 00:00:00-04:00,351.0,352.0,331.0,348.0,1619,0.0,0.0
2022-06-08 00:00:00-04:00,336.0,360.0,336.0,350.0,867,0.0,0.0
2022-06-09 00:00:00-04:00,345.0,359.20001220703125,320.0,326.0,5353,0.0,0.0
2022-06-10 00:00:00-04:00,322.0,327.0,304.0,320.0,1242,0.0,0.0
2022-06-13 00:00:00-04:00,322.0,322.0,286.0,288.0,1432,0.0,0.0
2022-06-14 00:00:00-04:00,290.0,297.0,245.5,255.0,1351,0.0,0.0
2022-06-15 00:00:00-04:00,275.0,284.79998779296875,255.0,258.0,598,0.0,0.0
2022-06-16 00:00:00-04:00,258.0,258.0,232.0,241.0,433,0.0,0.0
2022-06-17 00:00:00-04:00,246.0,250.0,209.0,209.0,2042,0.0,0.0
2022-06-21 00:00:00-04:00,220.0,234.0,220.0,220.0,1066,0.0,0.0
2022-06-22 00:00:00-04:00,222.0,249.0,212.5,224.0,1725,0.0,0.0
2022-06-23 00:00:00-04:00,236.0,254.5,228.0,228.0,1002,0.0,0.0
2022-06-24 00:00:00-04:00,240.0,268.0,234.0,240.0,3998,0.0,0.0
2022-06-27 00:00:00-04:00,238.0,255.0,232.0,241.0,380,0.0,0.0
2022-06-28 00:00:00-04:00,242.0,250.0,226.0,229.0,298,0.0,0.0
2022-06-29 00:00:00-04:00,231.0,234.5,221.0,225.0,390,0.0,0.0
2022-06-30 00:00:00-04:00,223.0,244.0,214.0,216.0,1278,0.0,0.0
2022-07-01 00:00:00-04:00,222.0,238.5,214.0,228.0,456,0.0,0.0
2022-07-05 00:00:00-04:00,237.0,237.6999969482422,217.0,229.0,2970,0.0,0.0
2022-07-06 00:00:00-04:00,223.0,228.0,214.0,220.0,700,0.0,0.0
2022-07-07 00:00:00-04:00,230.0,234.0,220.39999389648438,227.0,468,0.0,0.0
2022-07-08 00:00:00-04:00,227.0,244.0,219.0,240.0,622,0.0,0.0
2022-07-11 00:00:00-04:00,240.0,242.0,224.60000610351562,226.0,440,0.0,0.0
2022-07-12 00:00:00-04:00,230.0,232.0,223.0,223.0,294,0.0,0.0
2022-07-13 00:00:00-04:00,223.0,244.0,210.0,222.0,2580,0.0,0.0
2022-07-14 00:00:00-04:00,228.0,228.0,215.0,218.0,421,0.0,0.0
2022-07-15 00:00:00-04:00,220.0,224.0,215.0,224.0,222,0.0,0.0
2022-07-18 00:00:00-04:00,228.0,270.0,221.0,255.0,1291,0.0,0.0
2022-07-19 00:00:00-04:00,257.0,298.29998779296875,257.0,293.0,1266,0.0,0.0
2022-07-20 00:00:00-04:00,312.0,312.0,275.0,291.0,1012,0.0,0.0
2022-07-21 00:00:00-04:00,296.0,340.0,281.0,336.0,1887,0.0,0.0
2022-07-22 00:00:00-04:00,342.0,342.0,285.0,305.0,1059,0.0,0.0
2022-07-25 00:00:00-04:00,302.0,319.0,288.0,305.0,1079,0.0,0.0
2022-07-26 00:00:00-04:00,297.70001220703125,310.0,288.0,309.0,112,0.0,0.0
2022-07-27 00:00:00-04:00,305.20001220703125,325.0,304.79998779296875,310.0,428,0.0,0.0
2022-07-28 00:00:00-04:00,313.0,313.0,297.0,310.0,433,0.0,0.0
2022-07-29 00:00:00-04:00,311.0,326.0,303.0,321.0,414,0.0,0.0
2022-08-01 00:00:00-04:00,307.20001220703125,325.0,307.20001220703125,319.0,267,0.0,0.0
2022-08-02 00:00:00-04:00,310.0,350.0,310.0,346.0,945,0.0,0.0
2022-08-03 00:00:00-04:00,353.0,353.0,321.0,341.0,295,0.0,0.0
2022-08-04 00:00:00-04:00,336.0,374.1000061035156,336.0,353.0,920,0.0,0.0
2022-08-05 00:00:00-04:00,357.0,384.0,350.0,374.0,895,0.0,0.0
2022-08-08 00:00:00-04:00,384.0,400.0,342.0,365.0,633,0.0,0.0
2022-08-09 00:00:00-04:00,327.0,365.0,320.0,359.0,568,0.0,0.0
2022-08-10 00:00:00-04:00,375.0,398.0,370.8999938964844,398.0,563,0.0,0.0
2022-08-11 00:00:00-04:00,399.0,402.0,359.0,378.0,251,0.0,0.0
2022-08-12 00:00:00-04:00,385.0,385.1000061035156,356.79998779296875,368.0,800,0.0,0.0
2022-08-15 00:00:00-04:00,387.0,391.6000061035156,366.0,380.0,1220,0.0,0.0
2022-08-16 00:00:00-04:00,385.0,394.0,374.0,390.0,1009,0.0,0.0
2022-08-17 00:00:00-04:00,390.0,425.0,386.0,410.0,1007,0.0,0.0
2022-08-18 00:00:00-04:00,414.0,414.0,380.0,381.0,366,0.0,0.0
2022-08-19 00:00:00-04:00,380.0,403.0,358.0,370.0,383,0.0,0.0
2022-08-22 00:00:00-04:00,386.0,390.0,366.0,372.0,548,0.0,0.0
2022-08-23 00:00:00-04:00,363.0,388.0,363.0,375.0,434,0.0,0.0
2022-08-24 00:00:00-04:00,380.0,382.0,365.0,372.0,505,0.0,0.0
2022-08-25 00:00:00-04:00,379.0,386.0,314.0,327.0,1710,0.0,0.0
2022-08-26 00:00:00-04:00,343.0,343.0,326.0,326.0,95,0.0,0.0
2022-08-29 00:00:00-04:00,326.0,340.0,322.0,325.0,70,0.0,0.0
2022-08-30 00:00:00-04:00,322.0,338.0,288.0,295.0,672,0.0,0.0
2022-08-31 00:00:00-04:00,291.0,303.0,257.70001220703125,267.0,299,0.0,0.0
2022-09-01 00:00:00-04:00,274.0,284.0,250.0,284.0,240,0.0,0.0
2022-09-02 00:00:00-04:00,292.0,292.0,245.0,252.0,1436,0.0,0.0
2022-09-06 00:00:00-04:00,246.0,262.20001220703125,228.0,233.8000030517578,265,0.0,0.0
2022-09-07 00:00:00-04:00,240.0,261.0,240.0,257.0,480,0.0,0.0
2022-09-08 00:00:00-04:00,250.0,257.0,241.0,247.0,167,0.0,0.0
2022-09-09 00:00:00-04:00,260.3999938964844,261.0,244.0,255.0,184,0.0,0.0
2022-09-12 00:00:00-04:00,260.0,260.0,242.0,248.0,282,0.0,0.0
2022-09-13 00:00:00-04:00,248.0,252.0,240.39999389648438,251.0,263,0.0,0.0
2022-09-14 00:00:00-04:00,247.0,255.0,242.0,253.0,287,0.0,0.0
2022-09-15 00:00:00-04:00,251.0,265.0,251.0,261.0,313,0.0,0.0
2022-09-16 00:00:00-04:00,260.0,263.6000061035156,236.0,250.0,803,0.0,0.0
2022-09-19 00:00:00-04:00,239.0,257.3999938964844,230.0,243.0,783,0.0,0.0
2022-09-20 00:00:00-04:00,256.0,256.0,220.0,235.0,1129,0.0,0.0
2022-09-21 00:00:00-04:00,226.0,233.0,203.0,203.0,561,0.0,0.0
2022-09-22 00:00:00-04:00,208.0,210.89999389648438,182.5,191.0,282,0.0,0.0
2022-09-23 00:00:00-04:00,188.0,216.0,185.0,197.1999969482422,1143,0.0,0.0
2022-09-26 00:00:00-04:00,192.0,214.0,192.0,202.0,251,0.0,0.0
2022-09-27 00:00:00-04:00,206.5,235.0,200.0,210.0,248,0.0,0.0
2022-09-28 00:00:00-04:00,214.0,223.0,197.10000610351562,219.0,571,0.0,0.0
2022-09-29 00:00:00-04:00,222.0,222.0,203.0,207.0,48,0.0,0.0
2022-09-30 00:00:00-04:00,200.0,210.0,195.0,195.0,59,0.0,0.0
2022-10-03 00:00:00-04:00,198.5,220.89999389648438,198.5,207.0,275,0.0,0.0
2022-10-04 00:00:00-04:00,207.0,213.5,194.5,207.0,328,0.0,0.0
2022-10-05 00:00:00-04:00,206.0,220.0,205.0,210.0,191,0.0,0.0
2022-10-06 00:00:00-04:00,206.5,207.89999389648438,200.0,202.0,116,0.0,0.0
2022-10-07 00:00:00-04:00,210.5,210.5,195.0,195.0,223,0.0,0.0
2022-10-10 00:00:00-04:00,190.5,219.0,188.0,214.0,358,0.0,0.0
2022-10-11 00:00:00-04:00,215.0,215.0,195.0,208.0,154,0.0,0.0
2022-10-12 00:00:00-04:00,196.0,213.0,196.0,205.0,127,0.0,0.0
2022-10-13 00:00:00-04:00,208.6999969482422,208.6999969482422,195.0,196.0,64,0.0,0.0
2022-10-14 00:00:00-04:00,206.60000610351562,206.60000610351562,199.0,199.0,56,0.0,0.0
2022-10-17 00:00:00-04:00,201.5,205.0,191.0,191.0,315,0.0,0.0
2022-10-18 00:00:00-04:00,208.0,208.0,194.0,194.0,211,0.0,0.0
2022-10-19 00:00:00-04:00,192.3000030517578,199.0,189.0,192.0,108,0.0,0.0
2022-10-20 00:00:00-04:00,187.0,195.0,174.0,180.0,480,0.0,0.0
2022-10-21 00:00:00-04:00,176.5,196.0,174.0,182.0,769,0.0,0.0
2022-10-24 00:00:00-04:00,181.0,186.0,174.8000030517578,186.0,63,0.0,0.0
2022-10-25 00:00:00-04:00,185.0,198.0,183.89999389648438,198.0,67,0.0,0.0
2022-10-26 00:00:00-04:00,163.0,199.0,163.0,199.0,80,0.0,0.0
2022-10-27 00:00:00-04:00,177.0,199.0,177.0,195.0,22,0.0,0.0
2022-10-28 00:00:00-04:00,190.0,196.0,180.0,193.0,127,0.0,0.0
2022-10-31 00:00:00-04:00,187.0,197.60000610351562,186.0,187.0,82,0.0,0.0
2022-11-01 00:00:00-04:00,189.0,198.0,181.0,194.0,53,0.0,0.0
2022-11-02 00:00:00-04:00,183.0,193.0,178.0,181.0,125,0.0,0.0
2022-11-03 00:00:00-04:00,181.0,189.0,178.0,180.0,68,0.0,0.0
2022-11-04 00:00:00-04:00,180.0,183.5,165.0,169.10000610351562,464,0.0,0.0
2022-11-07 00:00:00-05:00,175.0,175.0,168.0,168.0,68,0.0,0.0
2022-11-08 00:00:00-05:00,173.0,179.0,165.0,174.5,95,0.0,0.0
2022-11-09 00:00:00-05:00,169.0,178.0,135.0,150.0,394,0.0,0.0
2022-11-10 00:00:00-05:00,154.0,154.0,121.5,137.0,682,0.0,0.0
2022-11-11 00:00:00-05:00,135.0,148.0,130.0,141.0,394,0.0,0.0
2022-11-14 00:00:00-05:00,143.0,145.5,130.0,130.5,240,0.0,0.0
2022-11-15 00:00:00-05:00,126.0,139.0,122.0,124.0,248,0.0,0.0
2022-11-16 00:00:00-05:00,122.0,126.9000015258789,120.0,120.0,217,0.0,0.0
2022-11-17 00:00:00-05:00,121.0,126.0,120.0,126.0,200,0.0,0.0
2022-11-18 00:00:00-05:00,120.0,124.0,112.0,114.0,466,0.0,0.0
2022-11-21 00:00:00-05:00,120.0,121.5,115.0,115.0,80,0.0,0.0
2022-11-22 00:00:00-05:00,115.0,119.30000305175781,108.0,110.0,244,0.0,0.0
2022-11-23 00:00:00-05:00,105.0,118.0,105.0,108.0,370,0.0,0.0
2022-11-25 00:00:00-05:00,110.0,175.0,110.0,147.0,13756,0.0,0.0
2022-11-28 00:00:00-05:00,133.0,140.0,118.30000305175781,132.0,1322,0.0,0.0
2022-11-29 00:00:00-05:00,118.0,126.0,112.0,119.0,606,0.0,0.0
2022-11-30 00:00:00-05:00,118.0,134.0,112.0,128.0,271,0.0,0.0
2022-12-01 00:00:00-05:00,134.0,134.0,122.0,122.0,127,0.0,0.0
2022-12-02 00:00:00-05:00,115.0,133.0,115.0,128.5,541,0.0,0.0
2022-12-05 00:00:00-05:00,130.0,130.0,120.0,127.0,181,0.0,0.0
2022-12-06 00:00:00-05:00,131.0,131.0,112.0,113.0,268,0.0,0.0
2022-12-07 00:00:00-05:00,115.0,115.0,111.0,115.0,139,0.0,0.0
2022-12-08 00:00:00-05:00,115.0,120.0,111.30000305175781,118.0,268,0.0,0.0
2022-12-09 00:00:00-05:00,111.0,119.0999984741211,110.0,115.0,195,0.0,0.0
2022-12-12 00:00:00-05:00,117.0,117.0,110.0,117.0,167,0.0,0.0
2022-12-13 00:00:00-05:00,113.0,120.0,113.0,117.5,140,0.0,0.0
2022-12-14 00:00:00-05:00,114.0,119.0,111.0,119.0,59,0.0,0.0
2022-12-15 00:00:00-05:00,115.0,118.0,110.0,115.0,173,0.0,0.0
2022-12-16 00:00:00-05:00,117.0,117.0,104.0,109.0,145,0.0,0.0
2022-12-19 00:00:00-05:00,108.0,113.0,93.0999984741211,100.0,354,0.0,0.0
2022-12-20 00:00:00-05:00,100.0,101.5,95.0,99.30000305175781,164,0.0,0.0
2022-12-21 00:00:00-05:00,100.0,105.5,90.0,97.0,422,0.0,0.0
2022-12-22 00:00:00-05:00,97.0,100.0,90.0,98.30000305175781,41211,0.0,0.0
2022-12-23 00:00:00-05:00,299.0,374.0,213.0,235.0,490542,0.0,0.0
2022-12-27 00:00:00-05:00,223.0,250.0,200.0,210.0,21635,0.0,0.0
2022-12-28 00:00:00-05:00,218.0,238.0,206.0,214.0,8043,0.0,0.0
2022-12-29 00:00:00-05:00,217.0,282.0,210.0,247.0,16699,0.0,0.0
2022-12-30 00:00:00-05:00,270.0,270.0,213.0,230.0,6791,0.0,0.0
2023-01-03 00:00:00-05:00,228.0,250.0,210.0,212.0,5198,0.0,0.0
2023-01-04 00:00:00-05:00,211.0,211.0,175.0,184.0,3712,0.0,0.0
2023-01-05 00:00:00-05:00,177.0,180.6999969482422,157.0,168.0,2094,0.0,0.0
2023-01-06 00:00:00-05:00,155.0,160.0,142.0,155.0,1795,0.0,0.0
2023-01-09 00:00:00-05:00,151.0,160.0,136.0,143.0,1350,0.0,0.0
2023-01-10 00:00:00-05:00,147.0,152.5,143.0,148.0,740,0.0,0.0
2023-01-11 00:00:00-05:00,146.0,173.0,138.5,158.0,15314,0.0,0.0
2023-01-12 00:00:00-05:00,198.0,396.0,190.0,250.0,335212,0.0,0.0
2023-01-13 00:00:00-05:00,219.0,270.0,205.0,214.0,14878,0.0,0.0
2023-01-17 00:00:00-05:00,200.0,218.0,200.0,202.5,3986,0.0,0.0
2023-01-18 00:00:00-05:00,203.0,220.0,200.0,206.0,2748,0.0,0.0
2023-01-19 00:00:00-05:00,207.0,208.0,190.0,201.0,1558,0.0,0.0
2023-01-20 00:00:00-05:00,204.0,204.0,185.0,193.0,1388,0.0,0.0
2023-01-23 00:00:00-05:00,193.5,199.0,187.0,197.0,688,0.0,0.0
2023-01-24 00:00:00-05:00,196.0,200.0,191.0,195.0,598,0.0,0.0
2023-01-25 00:00:00-05:00,189.0,190.0,179.0,182.0,681,0.0,0.0
2023-01-26 00:00:00-05:00,195.0,195.0,182.0,185.0,559,0.0,0.0
2023-01-27 00:00:00-05:00,188.0,195.0,180.0,189.0,591,0.0,0.0
2023-01-30 00:00:00-05:00,194.0,255.0,178.0,221.0,6387,0.0,0.0
2023-01-31 00:00:00-05:00,229.0,229.0,203.5,218.0,1799,0.0,0.0
2023-02-01 00:00:00-05:00,216.0,222.0,201.10000610351562,210.0,393,0.0,0.0
2023-02-02 00:00:00-05:00,221.0,222.0,208.0,215.0,606,0.0,0.0
2023-02-03 00:00:00-05:00,221.0,221.0,200.0,203.0,805,0.0,0.0
2023-02-06 00:00:00-05:00,200.0,210.0,192.0,200.0,512,0.0,0.0
2023-02-07 00:00:00-05:00,209.0,209.0,190.0,194.0,456,0.0,0.0
2023-02-08 00:00:00-05:00,190.0,201.0,190.0,200.39999389648438,218,0.0,0.0
2023-02-09 00:00:00-05:00,202.0,210.0,196.0,199.39999389648438,33992,0.0,0.0
2023-02-10 00:00:00-05:00,270.0,375.0,235.0,308.0,607809,0.0,0.0
2023-02-13 00:00:00-05:00,346.0,407.0,321.0,372.0,174632,0.0,0.0
2023-02-14 00:00:00-05:00,350.0,444.0,331.0,417.0,63175,0.0,0.0
2023-02-15 00:00:00-05:00,446.0,500.0,355.0,369.0,64424,0.0,0.0
2023-02-16 00:00:00-05:00,345.0,361.0,318.0,349.0,7826,0.0,0.0
2023-02-17 00:00:00-05:00,349.0,362.0,340.0,354.0,4043,0.0,0.0
2023-02-21 00:00:00-05:00,349.0,349.0,284.0,288.0,5225,0.0,0.0
2023-02-22 00:00:00-05:00,308.0,308.0,270.0,276.0,2213,0.0,0.0
2023-02-23 00:00:00-05:00,275.0,425.0,251.0,393.0,16732,0.0,0.0
2023-02-24 00:00:00-05:00,386.0,475.0,361.0,377.0,18489,0.0,0.0
2023-02-27 00:00:00-05:00,376.0,424.0,376.0,400.0,4155,0.0,0.0
2023-02-28 00:00:00-05:00,393.0,451.0,389.0,447.0,6045,0.0,0.0
2023-03-01 00:00:00-05:00,451.0,525.0,426.0,509.0,7751,0.0,0.0
2023-03-02 00:00:00-05:00,486.0,511.0,455.0,469.0,4352,0.0,0.0
2023-03-03 00:00:00-05:00,497.0,497.0,450.0,475.0,2819,0.0,0.0
2023-03-06 00:00:00-05:00,475.0,489.0,451.0,486.0,2324,0.0,0.0
2023-03-07 00:00:00-05:00,474.0,540.0,467.0,533.0,3198,0.0,0.0
2023-03-08 00:00:00-05:00,531.0,626.0,528.0,626.0,6945,0.0,0.0
2023-03-09 00:00:00-05:00,626.0,630.0,559.0,561.0,2999,0.0,0.0
2023-03-10 00:00:00-05:00,569.0,576.0,515.0,576.0,2818,0.0,0.0
2023-03-13 00:00:00-04:00,564.0,648.0,524.0,608.0,4582,0.0,0.0
2023-03-14 00:00:00-04:00,609.0,715.0,590.0,671.0,9433,0.0,0.0
2023-03-15 00:00:00-04:00,679.0,679.0,616.0,658.0,5775,0.0,0.0
2023-03-16 00:00:00-04:00,639.0,648.0,575.0,583.0,2614,0.0,0.0
2023-03-17 00:00:00-04:00,583.0,648.0,566.0,619.0,2631,0.0,0.0
2023-03-20 00:00:00-04:00,619.0,625.0,583.0,615.0,1198,0.0,0.0
2023-03-21 00:00:00-04:00,613.0,635.0,585.0,605.0,2239,0.0,0.0
2023-03-22 00:00:00-04:00,604.0,618.0,587.0,595.0,1604,0.0,0.0
2023-03-23 00:00:00-04:00,592.0,614.0,545.5999755859375,553.0,2305,0.0,0.0
2023-03-24 00:00:00-04:00,542.0,571.0,526.0,569.0,971,0.0,0.0
2023-03-27 00:00:00-04:00,567.0,580.0,547.0,574.0,806,0.0,0.0
2023-03-28 00:00:00-04:00,561.0,615.0,561.0,580.0,1177,0.0,0.0
2023-03-29 00:00:00-04:00,570.0,576.0,540.0,562.0,1157,0.0,0.0
2023-03-30 00:00:00-04:00,566.0,600.0,552.0,598.0,1525,0.0,0.0
2023-03-31 00:00:00-04:00,550.0,574.0,452.0,484.0,2873,0.0,0.0
2023-04-03 00:00:00-04:00,489.0,526.9000244140625,485.8999938964844,503.0,882,0.0,0.0
2023-04-04 00:00:00-04:00,496.0,520.0,481.0,507.0,1548,0.0,0.0
2023-04-05 00:00:00-04:00,497.0,514.0,476.0,498.0,582,0.0,0.0
2023-04-06 00:00:00-04:00,488.0,504.0,475.0,500.0,297,0.0,0.0
2023-04-10 00:00:00-04:00,496.0,500.0,482.3999938964844,498.0,218,0.0,0.0
2023-04-11 00:00:00-04:00,501.0,507.0,480.29998779296875,503.0,442,0.0,0.0
2023-04-12 00:00:00-04:00,497.0,514.0,490.0,497.0,1347,0.0,0.0
2023-04-13 00:00:00-04:00,488.0,497.0,454.0,472.0,595,0.0,0.0
2023-04-14 00:00:00-04:00,472.0,479.0,442.0,462.0,587,0.0,0.0
2023-04-17 00:00:00-04:00,451.0,460.0,440.0,448.5,358,0.0,0.0
2023-04-18 00:00:00-04:00,446.0,479.0,441.29998779296875,479.0,396,0.0,0.0
2023-04-19 00:00:00-04:00,467.0,480.0,444.0,464.0,536,0.0,0.0
2023-04-20 00:00:00-04:00,461.0,470.0,445.0,462.0,420,0.0,0.0
2023-04-21 00:00:00-04:00,462.0,473.6000061035156,457.20001220703125,472.5,167,0.0,0.0
2023-04-24 00:00:00-04:00,458.0,514.0,458.0,499.0,1127,0.0,0.0
2023-04-25 00:00:00-04:00,505.0,505.0,487.0,497.0,261,0.0,0.0
2023-04-26 00:00:00-04:00,502.0,505.0,492.0,504.0,253,0.0,0.0
2023-04-27 00:00:00-04:00,505.0,522.0,491.0,503.0,332,0.0,0.0
2023-04-28 00:00:00-04:00,503.0,510.0,461.0,480.0,376,0.0,0.0
2023-05-01 00:00:00-04:00,495.0,503.0,475.0,488.0,265,0.0,0.0
2023-05-02 00:00:00-04:00,498.0,519.0,479.0,511.0,887,0.0,0.0
2023-05-03 00:00:00-04:00,520.0,570.0,515.0,536.0,965,0.0,0.0
2023-05-04 00:00:00-04:00,512.0,571.0,500.0,561.0,766,0.0,0.0
2023-05-05 00:00:00-04:00,583.0,589.0,552.0,560.0,689,0.0,0.0
2023-05-08 00:00:00-04:00,558.0,576.0,550.0,562.0,353,0.0,0.0
2023-05-09 00:00:00-04:00,585.0,618.0,575.0,605.0,792,0.0,0.0
2023-05-10 00:00:00-04:00,610.0,620.0,597.0,613.0,443,0.0,0.0
2023-05-11 00:00:00-04:00,620.0,620.0,602.0,618.0,348,0.0,0.0
2023-05-12 00:00:00-04:00,599.0,609.0,517.0,538.0,767,0.0,0.0
2023-05-15 00:00:00-04:00,530.0,557.0,513.7999877929688,516.0,214,0.0,0.0
2023-05-16 00:00:00-04:00,527.0,536.0,494.0,499.0,324,0.0,0.0
2023-05-17 00:00:00-04:00,469.0,508.0,469.0,492.0,565,0.0,0.0
2023-05-18 00:00:00-04:00,497.0,508.0,461.0,474.0,567,0.0,0.0
2023-05-19 00:00:00-04:00,503.0,503.0,439.5,460.0,1020,0.0,0.0
2023-05-22 00:00:00-04:00,460.0,465.0,415.0,421.0,1314,0.0,0.0
2023-05-23 00:00:00-04:00,426.0,426.0,390.0,400.0,1217,0.0,0.0
2023-05-24 00:00:00-04:00,455.0,455.0,420.0,431.0,904,0.0,0.0
2023-05-25 00:00:00-04:00,427.0,427.0,409.20001220703125,419.0,190,0.0,0.0
2023-05-26 00:00:00-04:00,418.0,447.0,406.0,436.0,360,0.0,0.0
2023-05-30 00:00:00-04:00,421.0,450.0,417.0,446.0,169,0.0,0.0
2023-05-31 00:00:00-04:00,441.0,463.0,434.0,457.0,87,0.0,0.0
2023-06-01 00:00:00-04:00,463.0,463.0,443.29998779296875,458.0,84,0.0,0.0
2023-06-02 00:00:00-04:00,449.0,462.0,430.0,439.0,302,0.0,0.0
2023-06-05 00:00:00-04:00,437.0,447.20001220703125,396.0,400.0,716,0.0,0.0
2023-06-06 00:00:00-04:00,398.0,437.0,398.0,430.0,128,0.0,0.0
2023-06-07 00:00:00-04:00,430.0,430.0,416.0,421.0,60,0.0,0.0
2023-06-08 00:00:00-04:00,430.0,430.0,411.0,420.0,178,0.0,0.0
2023-06-09 00:00:00-04:00,412.0,430.0,400.0,408.0,452,0.0,0.0
2023-06-12 00:00:00-04:00,429.0,430.0,410.0,427.0,93,0.0,0.0
2023-06-13 00:00:00-04:00,426.0,479.0,419.0,463.0,303,0.0,0.0
2023-06-14 00:00:00-04:00,468.0,486.0,441.0,465.0,223,0.0,0.0
2023-06-15 00:00:00-04:00,477.8999938964844,499.0,461.8999938964844,497.0,405,0.0,0.0
2023-06-16 00:00:00-04:00,496.0,518.0,468.0,472.0,433,0.0,0.0
2023-06-20 00:00:00-04:00,492.0,492.0,455.0,478.0,582,0.0,0.0
2023-06-21 00:00:00-04:00,484.0,496.0,430.0,451.0,289,0.0,0.0
2023-06-22 00:00:00-04:00,451.0,465.0,443.29998779296875,457.0,41,0.0,0.0
2023-06-23 00:00:00-04:00,459.0,492.0,455.0,492.0,302,0.0,0.0
2023-06-26 00:00:00-04:00,505.0,520.0,464.6000061035156,476.0,848,0.0,0.0
2023-06-27 00:00:00-04:00,471.5,495.0,462.0,495.0,241,0.0,0.0
2023-06-28 00:00:00-04:00,483.0,519.0,467.0,509.0,978,0.0,0.0
2023-06-29 00:00:00-04:00,513.0,520.0,495.0,508.0,282,0.0,0.0
2023-06-30 00:00:00-04:00,510.0,510.0,495.0,497.0,160,0.0,0.0
2023-07-03 00:00:00-04:00,498.0,523.9000244140625,479.0,517.0,280,0.0,0.0
2023-07-05 00:00:00-04:00,517.0,550.0,503.3999938964844,550.0,272,0.0,0.0
2023-07-06 00:00:00-04:00,555.0,555.0,491.0,522.0,1247,0.0,0.0
2023-07-07 00:00:00-04:00,525.0,548.0,497.0,506.0,846,0.0,0.0
2023-07-10 00:00:00-04:00,515.0,527.0,491.0,497.0,569,0.0,0.0
2023-07-11 00:00:00-04:00,507.0,518.0,472.0,489.0,385,0.0,0.0
2023-07-12 00:00:00-04:00,475.0,517.0,474.0,498.0,470,0.0,0.0
2023-07-13 00:00:00-04:00,498.0,513.0,470.0,481.0,578,0.0,0.0
2023-07-14 00:00:00-04:00,484.0,502.0,465.0,478.0,323,0.0,0.0
2023-07-17 00:00:00-04:00,484.0,501.0,478.5,490.0,221,0.0,0.0
2023-07-18 00:00:00-04:00,481.0,505.0,481.0,502.0,192,0.0,0.0
2023-07-19 00:00:00-04:00,492.0,500.0,475.0,480.0,179,0.0,0.0
2023-07-20 00:00:00-04:00,488.0,492.6000061035156,478.0,488.0,317,0.0,0.0
2023-07-21 00:00:00-04:00,493.0,498.0,482.0,490.0,95,0.0,0.0
2023-07-24 00:00:00-04:00,498.0,498.0,479.1000061035156,496.0,2351,0.0,0.0
2023-07-25 00:00:00-04:00,528.0,548.0,480.0,525.0,2514,0.0,0.0
2023-07-26 00:00:00-04:00,511.0,519.0,488.0,505.0,308,0.0,0.0
2023-07-27 00:00:00-04:00,511.0,515.0,490.0,513.0,284,0.0,0.0
2023-07-28 00:00:00-04:00,510.0,549.0,501.0,539.0,298,0.0,0.0
2023-07-31 00:00:00-04:00,540.0,551.0,526.0,543.0,258,0.0,0.0
2023-08-01 00:00:00-04:00,529.0,540.0,519.0,527.0,311,0.0,0.0
2023-08-02 00:00:00-04:00,534.0,534.0,515.0,527.0,85,0.0,0.0
2023-08-03 00:00:00-04:00,526.0,526.0,512.0,512.0,174,0.0,0.0
2023-08-04 00:00:00-04:00,517.0,529.0,505.0,518.0,178,0.0,0.0
2023-08-07 00:00:00-04:00,522.0,527.0,505.0,527.0,230,0.0,0.0
2023-08-08 00:00:00-04:00,520.0,527.0,510.0,516.0,145,0.0,0.0
2023-08-09 00:00:00-04:00,526.0,527.0,512.0,518.0,126,0.0,0.0
2023-08-10 00:00:00-04:00,528.0,528.0,510.5,520.0,123,0.0,0.0
2023-08-11 00:00:00-04:00,511.0,525.0,491.0,508.0,395,0.0,0.0
2023-08-14 00:00:00-04:00,499.0,529.0,492.0,501.0,110,0.0,0.0
2023-08-15 00:00:00-04:00,511.0,518.0,494.0,494.0,91,0.0,0.0
2023-08-16 00:00:00-04:00,491.0,527.0,491.0,502.0,215,0.0,0.0
2023-08-17 00:00:00-04:00,496.0,519.0,491.0,492.0,101,0.0,0.0
2023-08-18 00:00:00-04:00,515.0,515.0,465.3999938964844,502.0,342,0.0,0.0
2023-08-21 00:00:00-04:00,506.0,515.0,471.0,512.0,312,0.0,0.0
2023-08-22 00:00:00-04:00,504.79998779296875,511.0,498.5,504.0,107,0.0,0.0
2023-08-23 00:00:00-04:00,514.0,514.0,486.0,492.0,135,0.0,0.0
2023-08-24 00:00:00-04:00,503.0,504.0,492.0,497.0,69,0.0,0.0
2023-08-25 00:00:00-04:00,491.0,515.0,491.0,510.0,171,0.0,0.0
2023-08-28 00:00:00-04:00,508.0,515.0,463.0,471.0,485,0.0,0.0
2023-08-29 00:00:00-04:00,480.0,488.29998779296875,477.0,477.0,73,0.0,0.0
2023-08-30 00:00:00-04:00,485.8999938964844,492.0,475.0,483.0,114,0.0,0.0
2023-08-31 00:00:00-04:00,480.0,492.0,480.0,492.0,63,0.0,0.0
2023-09-01 00:00:00-04:00,484.6000061035156,497.0,481.0,486.0,25,0.0,0.0
2023-09-05 00:00:00-04:00,474.5,485.0,466.0,472.0,109,0.0,0.0
2023-09-06 00:00:00-04:00,478.0,495.5,457.0,465.0,126,0.0,0.0
2023-09-07 00:00:00-04:00,489.0,489.0,460.5,486.0,93,0.0,0.0
2023-09-08 00:00:00-04:00,477.0,481.70001220703125,457.0,468.0,67,0.0,0.0
2023-09-11 00:00:00-04:00,477.0,478.0,451.0,476.0,124,0.0,0.0
2023-09-12 00:00:00-04:00,465.0,482.0,423.0,432.0,301,0.0,0.0
2023-09-13 00:00:00-04:00,444.0,465.0,432.0,451.0,120,0.0,0.0
2023-09-14 00:00:00-04:00,463.20001220703125,473.0,443.0,473.0,169,0.0,0.0
2023-09-15 00:00:00-04:00,464.0,475.0,450.0,450.0,200,0.0,0.0
2023-09-18 00:00:00-04:00,460.0,467.0,452.1000061035156,458.0,34,0.0,0.0
2023-09-19 00:00:00-04:00,461.0,475.0,440.0,474.0,208,0.0,0.0
2023-09-20 00:00:00-04:00,472.20001220703125,472.20001220703125,450.0,453.0,34,0.0,0.0
2023-09-21 00:00:00-04:00,447.0,474.0,430.0,441.0,323,0.0,0.0
2023-09-22 00:00:00-04:00,443.0,445.79998779296875,405.0,410.0,282,0.0,0.0
2023-09-25 00:00:00-04:00,413.5,418.0,396.0,396.0,136,0.0,0.0
2023-09-26 00:00:00-04:00,415.0,415.0,381.1000061035156,397.0,255,0.0,0.0
2023-09-27 00:00:00-04:00,408.8999938964844,420.6000061035156,385.0,386.0,231,0.0,0.0
2023-09-28 00:00:00-04:00,390.0,409.5,390.0,401.0,332,0.0,0.0
2023-09-29 00:00:00-04:00,412.0,453.3999938964844,400.0,411.0,658,0.0,0.0
2023-10-02 00:00:00-04:00,425.5,470.0,411.0,455.0,407,0.0,0.0
2023-10-03 00:00:00-04:00,455.0,473.0,425.0,459.0,212,0.0,0.0
2023-10-04 00:00:00-04:00,475.0,482.0,468.0,474.0,229,0.0,0.0
2023-10-05 00:00:00-04:00,467.0,482.0,467.0,470.0,678,0.0,0.0
2023-10-06 00:00:00-04:00,470.0,485.0,470.0,475.0,137,0.0,0.0
2023-10-09 00:00:00-04:00,480.0,480.0,450.0,478.0,126,0.0,0.0
2023-10-10 00:00:00-04:00,471.0,482.0,461.0,479.0,62,0.0,0.0
2023-10-11 00:00:00-04:00,468.0,482.0,452.0,475.0,172,0.0,0.0
2023-10-12 00:00:00-04:00,485.0,519.0,440.0,457.0,938,0.0,0.0
2023-10-13 00:00:00-04:00,465.0,477.0,448.0,460.0,103,0.0,0.0
2023-10-16 00:00:00-04:00,461.0,477.0,461.0,462.0,289,0.0,0.0
2023-10-17 00:00:00-04:00,461.0,475.0,441.0,441.0,174,0.0,0.0
2023-10-18 00:00:00-04:00,442.0,475.0,442.0,468.0,119,0.0,0.0
2023-10-19 00:00:00-04:00,452.0,471.0,452.0,466.0,37,0.0,0.0
2023-10-20 00:00:00-04:00,459.0,470.5,457.29998779296875,470.5,38,0.0,0.0
2023-10-23 00:00:00-04:00,455.0,470.0,440.0,470.0,167,0.0,0.0
2023-10-24 00:00:00-04:00,456.0,468.0,450.0,450.0,70,0.0,0.0
2023-10-25 00:00:00-04:00,451.0,470.0,445.0,453.20001220703125,66,0.0,0.0
2023-10-26 00:00:00-04:00,444.0,453.0,440.0,453.0,125,0.0,0.0
2023-10-27 00:00:00-04:00,450.0,455.5,413.6000061035156,430.0,50,0.0,0.0
2023-10-30 00:00:00-04:00,401.0,423.6000061035156,393.0,393.6000061035156,617,0.0,0.0
2023-10-31 00:00:00-04:00,418.0,433.3999938964844,404.0,406.0,182,0.0,0.0
2023-11-01 00:00:00-04:00,401.0,411.0,395.0,401.0,129,0.0,0.0
2023-11-02 00:00:00-04:00,401.0,431.0,400.0,429.0,119,0.0,0.0
2023-11-03 00:00:00-04:00,437.0,464.0,422.0,435.0,58,0.0,0.0
2023-11-06 00:00:00-05:00,442.5,464.0,429.3999938964844,439.0,214,0.0,0.0
2023-11-07 00:00:00-05:00,451.5,458.79998779296875,435.0,435.0,17,0.0,0.0
2023-11-08 00:00:00-05:00,439.29998779296875,442.0,429.0,435.0,79,0.0,0.0
2023-11-09 00:00:00-05:00,449.0,459.0,419.0,450.0,72,0.0,0.0
2023-11-10 00:00:00-05:00,453.70001220703125,459.0,410.0,435.5,190,0.0,0.0
2023-11-13 00:00:00-05:00,418.0,427.0,410.0,412.0,68,0.0,0.0
2023-11-14 00:00:00-05:00,412.0,423.0,394.5,409.0,331,0.0,0.0
2023-11-15 00:00:00-05:00,410.0,427.1000061035156,401.0,415.0,79,0.0,0.0
2023-11-16 00:00:00-05:00,401.0,410.5,376.0,390.0,492,0.0,0.0
2023-11-17 00:00:00-05:00,390.0,415.0,390.0,410.0,99,0.0,0.0
2023-11-20 00:00:00-05:00,415.0,425.0,393.5,420.29998779296875,346,0.0,0.0
2023-11-21 00:00:00-05:00,408.0,424.0,404.20001220703125,407.0,55,0.0,0.0
2023-11-22 00:00:00-05:00,405.0,420.0,405.0,414.1000061035156,52,0.0,0.0
2023-11-24 00:00:00-05:00,405.0,425.0,401.0,403.0,68,0.0,0.0
2023-11-27 00:00:00-05:00,415.0,419.29998779296875,409.70001220703125,415.0,175,0.0,0.0
2023-11-28 00:00:00-05:00,427.0,465.0,415.0,417.0,958,0.0,0.0
2023-11-29 00:00:00-05:00,420.0,436.79998779296875,415.0,420.0,151,0.0,0.0
2023-11-30 00:00:00-05:00,430.0,458.0,430.0,458.0,210,0.0,0.0
2023-12-01 00:00:00-05:00,464.0,556.0,437.1000061035156,549.0,881,0.0,0.0
2023-12-04 00:00:00-05:00,549.0,590.0,535.0,556.0,883,0.0,0.0
2023-12-05 00:00:00-05:00,558.0,624.0,540.2999877929688,616.0999755859375,797,0.0,0.0
2023-12-06 00:00:00-05:00,616.0,639.0,600.0,620.0,417,0.0,0.0
2023-12-07 00:00:00-05:00,625.0,626.0,487.0,555.0,665,0.0,0.0
2023-12-08 00:00:00-05:00,564.0,595.2000122070312,552.0999755859375,565.5,297,0.0,0.0
2023-12-11 00:00:00-05:00,566.0,579.0,481.0,511.5,554,0.0,0.0
2023-12-12 00:00:00-05:00,508.0,552.0,483.0,504.0,470,0.0,0.0
2023-12-13 00:00:00-05:00,524.0,524.0,480.0,481.0,259,0.0,0.0
2023-12-14 00:00:00-05:00,481.0,510.1000061035156,468.0,468.0,237,0.0,0.0
2023-12-15 00:00:00-05:00,468.0,499.0,450.0,463.0,117,0.0,0.0
2023-12-18 00:00:00-05:00,451.0,478.0,445.0,445.0,816,0.0,0.0
2023-12-19 00:00:00-05:00,455.0,486.0,455.0,464.0,376,0.0,0.0
2023-12-20 00:00:00-05:00,472.0,472.0,451.0,455.0,157,0.0,0.0
2023-12-21 00:00:00-05:00,460.0,472.0,456.5,460.0,213,0.0,0.0
2023-12-22 00:00:00-05:00,495.29998779296875,495.29998779296875,470.0,490.0,87,0.0,0.0
2023-12-26 00:00:00-05:00,485.0,498.0,485.0,490.0,178,0.0,0.0
2023-12-27 00:00:00-05:00,498.0,550.0,486.0,545.0,296,0.0,0.0
2023-12-28 00:00:00-05:00,542.9000244140625,548.0,528.0999755859375,533.0,113,0.0,0.0
2023-12-29 00:00:00-05:00,541.0,568.0,512.0,539.0,248,0.0,0.0
2024-01-02 00:00:00-05:00,517.0,544.0,486.0,501.0,242,0.0,0.0
2024-01-03 00:00:00-05:00,500.0,516.5,474.0,509.0,555,0.0,0.0
2024-01-04 00:00:00-05:00,500.0,530.0,500.0,521.0,248,0.0,0.0
2024-01-05 00:00:00-05:00,529.0,535.5,503.0,517.0,233,0.0,0.0
2024-01-08 00:00:00-05:00,529.0,529.0,500.70001220703125,509.0,119,0.0,0.0
2024-01-09 00:00:00-05:00,523.0,524.2999877929688,506.79998779296875,520.0,116,0.0,0.0
2024-01-10 00:00:00-05:00,518.0,524.0,501.0,514.0,305,0.0,0.0
2024-01-11 00:00:00-05:00,514.0,514.0,497.0,505.0,134,0.0,0.0
2024-01-12 00:00:00-05:00,510.0,510.0,498.0,498.0,72,0.0,0.0
2024-01-16 00:00:00-05:00,505.0,505.0,452.0,454.0,783,0.0,0.0
2024-01-17 00:00:00-05:00,455.0,473.5,445.0,450.0,408,0.0,0.0
2024-01-18 00:00:00-05:00,460.0,475.0,441.0,453.0,289,0.0,0.0
2024-01-19 00:00:00-05:00,450.0,460.0,445.0,454.0,264,0.0,0.0
2024-01-22 00:00:00-05:00,452.0,452.0,420.0,437.0,320,0.0,0.0
2024-01-23 00:00:00-05:00,442.0,442.0,423.0,423.0,196,0.0,0.0
2024-01-24 00:00:00-05:00,420.0,433.0,420.0,422.0,142,0.0,0.0
2024-01-25 00:00:00-05:00,420.0,435.0,420.0,432.0,84,0.0,0.0
2024-01-26 00:00:00-05:00,424.0,441.0,424.0,431.0,49,0.0,0.0
2024-01-29 00:00:00-05:00,442.0,442.0,420.0,435.0,21,0.0,0.0
2024-01-30 00:00:00-05:00,447.0,447.0,440.0,440.0,45,0.0,0.0
2024-01-31 00:00:00-05:00,424.0,439.0,424.0,431.0,35,0.0,0.0
2024-02-01 00:00:00-05:00,429.0,446.0,425.0,425.0,257,0.0,0.0
2024-02-02 00:00:00-05:00,422.0,442.0,422.0,440.0,87,0.0,0.0
2024-02-05 00:00:00-05:00,442.0,442.0,404.0,418.0,197,0.0,0.0
2024-02-06 00:00:00-05:00,424.0,473.0,405.0,413.0,375,0.0,0.0
2024-02-07 00:00:00-05:00,425.5,425.5,403.0,410.5,33,0.0,0.0
2024-02-08 00:00:00-05:00,428.5,443.0,411.0,426.0,45,0.0,0.0
2024-02-09 00:00:00-05:00,448.0,448.0,410.0,442.0,97,0.0,0.0
2024-02-12 00:00:00-05:00,430.0,439.0,416.6000061035156,424.0,58,0.0,0.0
2024-02-13 00:00:00-05:00,416.0,438.0,410.0,419.0,100,0.0,0.0
2024-02-14 00:00:00-05:00,425.0,425.0,410.0,420.0,105,0.0,0.0
2024-02-15 00:00:00-05:00,429.0,429.0,414.0,422.0,112,0.0,0.0
2024-02-16 00:00:00-05:00,421.0,427.0,412.0,421.0,128,0.0,0.0
2024-02-20 00:00:00-05:00,413.0,424.0,401.0,411.0,182,0.0,0.0
2024-02-21 00:00:00-05:00,411.0,424.20001220703125,394.20001220703125,423.5,111,0.0,0.0
2024-02-22 00:00:00-05:00,415.0,415.0,386.0,395.0,239,0.0,0.0
2024-02-23 00:00:00-05:00,388.0,395.5,381.0,392.0,147,0.0,0.0
2024-02-26 00:00:00-05:00,398.0,400.0,389.0,389.0,59,0.0,0.0
2024-02-27 00:00:00-05:00,395.0,400.0,384.0,395.0,77,0.0,0.0
2024-02-28 00:00:00-05:00,395.0,408.0,395.0,395.0,52,0.0,0.0
2024-02-29 00:00:00-05:00,418.0,418.0,395.0,406.5,46,0.0,0.0
2024-03-01 00:00:00-05:00,398.0,406.5,373.0,386.0,310,0.0,0.0
2024-03-04 00:00:00-05:00,375.0,390.0,310.0,326.0,630,0.0,0.0
2024-03-05 00:00:00-05:00,342.0,389.0,325.29998779296875,353.0,461,0.0,0.0
2024-03-06 00:00:00-05:00,379.0,389.0,333.0,341.0,457,0.0,0.0
2024-03-07 00:00:00-05:00,361.0,382.3999938964844,346.0,360.3999938964844,87,0.0,0.0
2024-03-08 00:00:00-05:00,357.0,369.0,346.5,349.0,152,0.0,0.0
2024-03-11 00:00:00-04:00,349.0,359.20001220703125,345.0,345.0,21,0.0,0.0
2024-03-12 00:00:00-04:00,356.0,368.20001220703125,325.0,335.0,274,0.0,0.0
2024-03-13 00:00:00-04:00,345.0,353.6000061035156,322.0,322.0,170,0.0,0.0
2024-03-14 00:00:00-04:00,329.0,345.6000061035156,326.0,326.0,98,0.0,0.0
2024-03-15 00:00:00-04:00,342.0,349.0,320.8999938964844,331.0,120,0.0,0.0
2024-03-18 00:00:00-04:00,322.0,341.1000061035156,320.0,321.0,283,0.0,0.0
2024-03-19 00:00:00-04:00,320.0,333.70001220703125,310.0,312.0,82,0.0,0.0
2024-03-20 00:00:00-04:00,313.0,328.0,313.0,328.0,28,0.0,0.0
2024-03-21 00:00:00-04:00,334.0,340.0,304.0,334.0,74,0.0,0.0
2024-03-22 00:00:00-04:00,333.0,341.6000061035156,322.0,328.0,66,0.0,0.0
2024-03-25 00:00:00-04:00,330.0,344.6000061035156,315.0,315.0,84,0.0,0.0
2024-03-26 00:00:00-04:00,313.0,336.0,303.0,334.0,131,0.0,0.0
2024-03-27 00:00:00-04:00,329.0,337.0,307.0,312.0,58,0.0,0.0
2024-03-28 00:00:00-04:00,313.0,337.5,306.0,312.0,455,0.0,0.0
2024-04-01 00:00:00-04:00,298.0,299.0,254.0,257.0,1059,0.0,0.0
2024-04-02 00:00:00-04:00,258.0,284.5,233.0,248.0,309,0.0,0.0
2024-04-03 00:00:00-04:00,249.0,252.1999969482422,221.1999969482422,233.0,650,0.0,0.0
2024-04-04 00:00:00-04:00,234.0,246.1999969482422,213.0,228.0,297,0.0,0.0
2024-04-05 00:00:00-04:00,210.0,228.0,210.0,225.0,83,0.0,0.0
2024-04-08 00:00:00-04:00,222.0,225.0,205.0,213.0,195,0.0,0.0
2024-04-09 00:00:00-04:00,205.0,228.5,205.0,212.0,207,0.0,0.0
2024-04-10 00:00:00-04:00,212.89999389648438,215.0,200.0,202.0,151,0.0,0.0
2024-04-11 00:00:00-04:00,200.0,211.0,197.0,209.0,118,0.0,0.0
2024-04-12 00:00:00-04:00,217.5,227.0,186.0,191.5,585,0.0,0.0
2024-04-15 00:00:00-04:00,196.0,196.0,184.0,186.0,242,0.0,0.0
2024-04-16 00:00:00-04:00,186.0,188.0,179.0,185.0,142,0.0,0.0
2024-04-17 00:00:00-04:00,194.0,200.0,186.0,193.0,39,0.0,0.0
2024-04-18 00:00:00-04:00,225.0,349.0,211.0,315.0,166327,0.0,0.0
2024-04-19 00:00:00-04:00,292.0,318.0,242.0,258.0,8169,0.0,0.0
2024-04-22 00:00:00-04:00,241.0,249.0,214.0,230.5,2938,0.0,0.0
2024-04-23 00:00:00-04:00,245.0,249.0,196.0,221.0,1862,0.0,0.0
2024-04-24 00:00:00-04:00,220.0,220.0,196.0,213.0,1306,0.0,0.0
2024-04-25 00:00:00-04:00,208.0,233.0,208.0,233.0,349,0.0,0.0
2024-04-26 00:00:00-04:00,227.0,236.0,215.0,228.0,562,0.0,0.0
2024-04-29 00:00:00-04:00,235.0,235.0,207.89999389648438,220.0,437,0.0,0.0
2024-04-30 00:00:00-04:00,218.0,235.0,206.39999389648438,220.0,264,0.0,0.0
2024-05-01 00:00:00-04:00,220.0,227.8000030517578,210.0,222.0,405,0.0,0.0
2024-05-02 00:00:00-04:00,223.0,230.0,197.0,209.0,758,0.0,0.0
2024-05-03 00:00:00-04:00,217.0,217.0,198.0,210.0,338,0.0,0.0
2024-05-06 00:00:00-04:00,210.0,213.1999969482422,183.0,188.0,1413,0.0,0.0
2024-05-07 00:00:00-04:00,199.0,206.0,182.0,201.0,365,0.0,0.0
2024-05-08 00:00:00-04:00,203.0,208.0,199.0,200.0,415,0.0,0.0
2024-05-09 00:00:00-04:00,199.0,207.0,197.0,199.0,99,0.0,0.0
2024-05-10 00:00:00-04:00,204.0,207.0,189.0,200.0,302,0.0,0.0
2024-05-13 00:00:00-04:00,208.0,210.0,195.0,206.0,778,0.0,0.0
2024-05-14 00:00:00-04:00,200.0,204.6999969482422,196.0,200.0,462,0.0,0.0
2024-05-15 00:00:00-04:00,207.0,209.89999389648438,192.3000030517578,200.0,811,0.0,0.0
2024-05-16 00:00:00-04:00,198.0,223.0,196.0,210.0,2889,0.0,0.0
2024-05-17 00:00:00-04:00,195.0,211.0,195.0,208.0,448,0.0,0.0
2024-05-20 00:00:00-04:00,208.0,208.0,184.0,187.0,981,0.0,0.0
2024-05-21 00:00:00-04:00,186.0,190.0,161.0,161.0,576,0.0,0.0
2024-05-22 00:00:00-04:00,158.0,191.3000030517578,154.0,174.0,398,0.0,0.0
2024-05-23 00:00:00-04:00,194.3000030517578,194.3000030517578,170.0,174.0,159,0.0,0.0
2024-05-24 00:00:00-04:00,165.0,191.0,155.5,174.0,1053,0.0,0.0
2024-05-28 00:00:00-04:00,182.1999969482422,191.0,165.60000610351562,171.0,271,0.0,0.0
2024-05-29 00:00:00-04:00,162.0,190.0,162.0,178.0,149,0.0,0.0
2024-05-30 00:00:00-04:00,171.0,181.8000030517578,165.0,168.0,176,0.0,0.0
2024-05-31 00:00:00-04:00,174.0,190.0,165.0,176.0,245,0.0,0.0
2024-06-03 00:00:00-04:00,170.0,178.10000610351562,160.0,176.0,121,0.0,0.0
2024-06-04 00:00:00-04:00,169.0,175.0,164.0,170.0,210,0.0,0.0
2024-06-05 00:00:00-04:00,161.0,170.0,150.0,155.0,497,0.0,0.0
2024-06-06 00:00:00-04:00,164.0,164.0,149.0,151.0,263,0.0,0.0
2024-06-07 00:00:00-04:00,151.0,154.3000030517578,115.0,136.0,1592,0.0,0.0
2024-06-10 00:00:00-04:00,133.0,145.0,127.0,130.0,250,0.0,0.0
2024-06-11 00:00:00-04:00,125.69999694824219,139.0,120.0,129.0,406,0.0,0.0
2024-06-12 00:00:00-04:00,129.0,135.0,109.0,122.5,702,0.0,0.0
2024-06-13 00:00:00-04:00,121.0,130.0,111.0,124.0,558,0.0,0.0
2024-06-14 00:00:00-04:00,120.5,125.0,117.0,118.5,267,0.0,0.0
2024-06-17 00:00:00-04:00,118.0,121.5,112.0,112.0,595,0.0,0.0
2024-06-18 00:00:00-04:00,120.0,120.4000015258789,110.0,115.0,278,0.0,0.0
2024-06-20 00:00:00-04:00,112.0,121.4000015258789,102.0,107.0,1238,0.0,0.0
2024-06-21 00:00:00-04:00,108.0,113.0,102.0,103.0,612,0.0,0.0
2024-06-24 00:00:00-04:00,103.0,113.0,103.0,108.0,325,0.0,0.0
2024-06-25 00:00:00-04:00,107.0,119.0,103.0,105.0,241,0.0,0.0
2024-06-26 00:00:00-04:00,103.0999984741211,107.0,101.0,102.0,182,0.0,0.0
2024-06-27 00:00:00-04:00,102.0,106.0,101.0,105.0,302,0.0,0.0
2024-06-28 00:00:00-04:00,102.0,106.0,100.0,100.0,270,0.0,0.0
2024-07-01 00:00:00-04:00,103.0,115.0,100.0,104.0,619,0.0,0.0
2024-07-02 00:00:00-04:00,107.0,107.0,95.0,96.0,1918,0.0,0.0
2024-07-03 00:00:00-04:00,99.0,99.0,96.0,97.0,224,0.0,0.0
2024-07-05 00:00:00-04:00,100.0,100.0,95.0,96.9000015258789,334,0.0,0.0
2024-07-08 00:00:00-04:00,105.5,105.5,92.30000305175781,93.0999984741211,422,0.0,0.0
2024-07-09 00:00:00-04:00,97.80000305175781,104.9000015258789,90.0,91.0,932,0.0,0.0
2024-07-10 00:00:00-04:00,91.5,92.0,88.0999984741211,91.0,501,0.0,0.0
2024-07-11 00:00:00-04:00,91.0,97.0,89.0,91.5999984741211,686,0.0,0.0
2024-07-12 00:00:00-04:00,90.0,96.5,88.0999984741211,91.0,743,0.0,0.0
2024-07-15 00:00:00-04:00,92.0,97.0,88.0,89.5,536,0.0,0.0
2024-07-16 00:00:00-04:00,89.5,93.80000305175781,87.0999984741211,90.5,321,0.0,0.0
2024-07-17 00:00:00-04:00,90.19999694824219,93.80000305175781,90.19999694824219,91.0,104,0.0,0.0
2024-07-18 00:00:00-04:00,92.0,92.0,83.19999694824219,85.19999694824219,550,0.0,0.0
2024-07-19 00:00:00-04:00,87.0,90.80000305175781,85.0,90.0,722,0.0,0.0
2024-07-22 00:00:00-04:00,90.80000305175781,95.0,89.0,92.0999984741211,537,0.0,0.0
2024-07-23 00:00:00-04:00,90.0,94.0,90.0,92.0,2051,0.0,0.0
2024-07-24 00:00:00-04:00,97.0,120.0,95.0,104.0,5165,0.0,0.0
2024-07-25 00:00:00-04:00,101.0,115.69999694824219,47.0,55.099998474121094,12934,0.0,0.0
2024-07-26 00:00:00-04:00,59.70000076293945,60.0,47.0,48.099998474121094,3366,0.0,0.0
2024-07-29 00:00:00-04:00,48.20000076293945,49.5,40.0,43.79999923706055,2328,0.0,0.0
2024-07-30 00:00:00-04:00,43.0,48.400001525878906,41.5,46.20000076293945,848,0.0,0.0
2024-07-31 00:00:00-04:00,43.0,50.099998474121094,43.0,47.29999923706055,912,0.0,0.0
2024-08-01 00:00:00-04:00,48.0,49.0,43.5,46.0,718,0.0,0.0
2024-08-02 00:00:00-04:00,41.79999923706055,45.0,27.5,30.299999237060547,6182,0.0,0.0
2024-08-05 00:00:00-04:00,29.5,30.899999618530273,24.0,25.799999237060547,2417,0.0,0.0
2024-08-06 00:00:00-04:00,32.400001525878906,32.900001525878906,26.0,26.0,162452,0.0,0.0
2024-08-07 00:00:00-04:00,7.300000190734863,9.0,7.300000190734863,8.399999618530273,983310,0.0,0.0
2024-08-08 00:00:00-04:00,10.100000381469727,10.300000190734863,7.599999904632568,9.800000190734863,1628092,0.0,0.0
2024-08-09 00:00:00-04:00,10.0,10.0,8.0,8.899999618530273,376555,0.0,0.0
2024-08-12 00:00:00-04:00,8.699999809265137,8.699999809265137,8.0,8.100000381469727,156983,0.0,0.0
2024-08-13 00:00:00-04:00,8.100000381469727,8.699999809265137,7.800000190734863,8.5,141493,0.0,0.0
2024-08-14 00:00:00-04:00,8.300000190734863,10.199999809265137,7.900000095367432,8.5,602026,0.0,0.0
2024-08-15 00:00:00-04:00,8.699999809265137,9.0,8.100000381469727,8.699999809265137,331641,0.0,0.0
2024-08-16 00:00:00-04:00,8.199999809265137,8.199999809265137,7.5,7.900000095367432,198601,0.0,0.0
2024-08-19 00:00:00-04:00,8.199999809265137,8.399999618530273,7.699999809265137,7.900000095367432,205026,0.0,0.0
2024-08-20 00:00:00-04:00,7.900000095367432,8.100000381469727,7.400000095367432,7.5,141408,0.0,0.0
2024-08-21 00:00:00-04:00,7.300000190734863,7.599999904632568,6.800000190734863,7.199999809265137,167250,0.0,0.0
2024-08-22 00:00:00-04:00,6.699999809265137,7.0,6.5,7.0,107602,0.0,0.0
2024-08-23 00:00:00-04:00,7.0,7.5,6.800000190734863,7.400000095367432,111548,0.0,0.0
2024-08-26 00:00:00-04:00,7.599999904632568,7.900000095367432,7.0,7.5,104250,0.0,0.0
2024-08-27 00:00:00-04:00,7.300000190734863,7.400000095367432,7.0,7.099999904632568,64012,0.0,0.0
2024-08-28 00:00:00-04:00,7.0,7.300000190734863,6.400000095367432,6.599999904632568,113519,0.0,0.0
2024-08-29 00:00:00-04:00,6.599999904632568,6.599999904632568,5.800000190734863,6.199999809265137,100691,0.0,0.0
2024-08-30 00:00:00-04:00,6.400000095367432,6.400000095367432,6.099999904632568,6.300000190734863,52840,0.0,0.0
2024-09-03 00:00:00-04:00,6.199999809265137,6.400000095367432,5.900000095367432,5.900000095367432,66574,0.0,0.0
2024-09-04 00:00:00-04:00,6.099999904632568,6.699999809265137,5.900000095367432,6.699999809265137,106465,0.0,0.0
2024-09-05 00:00:00-04:00,6.900000095367432,7.5,6.599999904632568,7.199999809265137,224124,0.0,0.0
2024-09-06 00:00:00-04:00,9.699999809265137,10.899999618530273,6.599999904632568,6.800000190734863,1648624,0.0,0.0
2024-09-09 00:00:00-04:00,6.5,6.5,5.5,6.0,180717,0.0,0.0
2024-09-10 00:00:00-04:00,5.800000190734863,6.099999904632568,5.5,5.699999809265137,87028,0.0,0.0
2024-09-11 00:00:00-04:00,5.800000190734863,5.800000190734863,5.300000190734863,5.599999904632568,73228,0.0,0.0
2024-09-12 00:00:00-04:00,6.0,6.0,5.099999904632568,5.199999809265137,77139,0.0,0.0
2024-09-13 00:00:00-04:00,5.099999904632568,6.400000095367432,5.0,5.599999904632568,161396,0.0,0.0
2024-09-16 00:00:00-04:00,5.900000095367432,5.900000095367432,5.199999809265137,5.400000095367432,44686,0.0,0.0
2024-09-17 00:00:00-04:00,5.199999809265137,5.5,5.199999809265137,5.400000095367432,31937,0.0,0.0
2024-09-18 00:00:00-04:00,5.400000095367432,5.599999904632568,5.199999809265137,5.400000095367432,30580,0.0,0.0
2024-09-19 00:00:00-04:00,5.599999904632568,6.0,5.400000095367432,5.800000190734863,91509,0.0,0.0
2024-09-20 00:00:00-04:00,13.0,22.799999237060547,8.0,8.5,14586179,0.0,0.0
2024-09-23 00:00:00-04:00,11.899999618530273,13.199999809265137,9.600000381469727,11.699999809265137,4325721,0.0,0.0
2024-09-24 00:00:00-04:00,10.100000381469727,10.699999809265137,8.399999618530273,8.800000190734863,498229,0.0,0.0
2024-09-25 00:00:00-04:00,7.800000190734863,8.600000381469727,7.400000095367432,8.399999618530273,377484,0.0,0.0
2024-09-26 00:00:00-04:00,7.800000190734863,8.399999618530273,5.800000190734863,6.400000095367432,526185,0.0,0.0
2024-09-27 00:00:00-04:00,9.399999618530273,9.600000381469727,7.199999809265137,7.199999809265137,2663861,0.0,0.0
2024-09-30 00:00:00-04:00,6.599999904632568,6.599999904632568,5.0,5.199999809265137,1517007,0.0,0.0
2024-10-01 00:00:00-04:00,5.199999809265137,5.300000190734863,4.599999904632568,4.900000095367432,1191418,0.0,0.0
2024-10-02 00:00:00-04:00,4.699999809265137,4.900000095367432,4.0,4.699999809265137,774094,0.0,0.0
2024-10-03 00:00:00-04:00,4.699999809265137,5.599999904632568,4.5,4.800000190734863,1016463,0.0,0.0
2024-10-04 00:00:00-04:00,5.5,5.5,4.699999809265137,4.699999809265137,505225,0.0,0.0
2024-10-07 00:00:00-04:00,4.099999904632568,4.099999904632568,3.200000047683716,3.4000000953674316,1301244,0.0,0.0
2024-10-08 00:00:00-04:00,3.200000047683716,4.800000190734863,3.0,3.0,2112876,0.0,0.0
2024-10-09 00:00:00-04:00,2.859999895095825,2.9600000381469727,2.130000114440918,2.9600000381469727,1549400,0.0,0.01
2024-10-10 00:00:00-04:00,2.700000047683716,2.7320001125335693,2.2200000286102295,2.299999952316284,1078800,0.0,0.0
2024-10-11 00:00:00-04:00,2.2300000190734863,2.7300000190734863,2.0899999141693115,2.390000104904175,2471100,0.0,0.0
2024-10-14 00:00:00-04:00,4.0,4.25,3.180000066757202,3.5199999809265137,29723100,0.0,0.0
2024-10-15 00:00:00-04:00,3.180000066757202,3.390000104904175,2.9600000381469727,3.049999952316284,1316100,0.0,0.0
2024-10-16 00:00:00-04:00,2.990000009536743,2.990000009536743,2.700000047683716,2.740000009536743,594800,0.0,0.0
2024-10-17 00:00:00-04:00,2.7699999809265137,3.609999895095825,2.75,3.049999952316284,1441900,0.0,0.0
2024-10-18 00:00:00-04:00,3.0,3.0899999141693115,2.799999952316284,2.799999952316284,1655200,0.0,0.0
2024-10-21 00:00:00-04:00,3.890000104904175,4.289999961853027,3.3499999046325684,3.630000114440918,9351200,0.0,0.0
2024-10-22 00:00:00-04:00,3.2300000190734863,3.390000104904175,3.049999952316284,3.2699999809265137,883600,0.0,0.0
2024-10-23 00:00:00-04:00,3.240000009536743,3.440000057220459,2.940000057220459,3.059999942779541,489300,0.0,0.0
2024-10-24 00:00:00-04:00,3.009999990463257,3.8499999046325684,3.009999990463257,3.5199999809265137,3107100,0.0,0.0
2024-10-25 00:00:00-04:00,4.820000171661377,5.480000019073486,4.03000020980835,4.289999961853027,30268000,0.0,0.0
2024-10-28 00:00:00-04:00,4.010000228881836,4.230000019073486,3.700000047683716,4.210000038146973,1316600,0.0,0.0
2024-10-29 00:00:00-04:00,4.329999923706055,4.449999809265137,4.039999961853027,4.21999979019165,817300,0.0,0.0
2024-10-30 00:00:00-04:00,4.050000190734863,4.201000213623047,3.6700000762939453,3.75,638400,0.0,0.0
2024-10-31 00:00:00-04:00,3.75,4.489999771118164,3.7009999752044678,4.239999771118164,861500,0.0,0.0
2024-11-01 00:00:00-04:00,4.210000038146973,4.320000171661377,3.880000114440918,3.9000000953674316,390200,0.0,0.0
2024-11-04 00:00:00-05:00,3.9800000190734863,4.014999866485596,3.609999895095825,3.6500000953674316,335400,0.0,0.0
2024-11-05 00:00:00-05:00,4.079999923706055,4.25,3.759999990463257,3.930000066757202,1777600,0.0,0.0
2024-11-06 00:00:00-05:00,3.880000114440918,3.990000009536743,3.630000114440918,3.819999933242798,418000,0.0,0.0
2024-11-07 00:00:00-05:00,3.7799999713897705,4.050000190734863,3.7200000286102295,3.859999895095825,334400,0.0,0.0
2024-11-08 00:00:00-05:00,3.8299999237060547,3.8929998874664307,3.6700000762939453,3.7300000190734863,218700,0.0,0.0
2024-11-11 00:00:00-05:00,3.7699999809265137,3.7699999809265137,3.321000099182129,3.440000057220459,344200,0.0,0.0
2024-11-12 00:00:00-05:00,3.369999885559082,3.440000057220459,3.0799999237060547,3.2899999618530273,258500,0.0,0.0
2024-11-13 00:00:00-05:00,3.240000009536743,3.390000104904175,3.130000114440918,3.359999895095825,202300,0.0,0.0
2024-11-14 00:00:00-05:00,3.450000047683716,3.75,3.2899999618530273,3.450000047683716,766900,0.0,0.0
2024-11-15 00:00:00-05:00,2.4700000286102295,2.950000047683716,2.4200000762939453,2.5999999046325684,597200,0.0,0.0
2024-11-18 00:00:00-05:00,2.5899999141693115,2.640000104904175,2.509999990463257,2.5399999618530273,194700,0.0,0.0
2024-11-19 00:00:00-05:00,2.4700000286102295,2.8299999237060547,2.3499999046325684,2.6700000762939453,1084400,0.0,0.0
2024-11-20 00:00:00-05:00,2.640000104904175,2.700000047683716,2.5199999809265137,2.549999952316284,263600,0.0,0.0
2024-11-21 00:00:00-05:00,2.5899999141693115,2.5899999141693115,2.4200000762939453,2.4600000381469727,250200,0.0,0.0
2024-11-22 00:00:00-05:00,2.440000057220459,2.5299999713897705,2.2200000286102295,2.450000047683716,319200,0.0,0.0
2024-11-25 00:00:00-05:00,2.509999990463257,2.509999990463257,2.1700000762939453,2.369999885559082,190200,0.0,0.0
2024-11-26 00:00:00-05:00,2.3299999237060547,2.4100000858306885,2.259999990463257,2.2699999809265137,101400,0.0,0.0
2024-11-27 00:00:00-05:00,2.2699999809265137,2.390000104904175,2.2699999809265137,2.3299999237060547,99100,0.0,0.0
2024-11-29 00:00:00-05:00,2.380000114440918,2.380000114440918,2.2200000286102295,2.309999942779541,67700,0.0,0.0
2024-12-02 00:00:00-05:00,2.3299999237060547,2.3949999809265137,2.259999990463257,2.3299999237060547,145300,0.0,0.0
2024-12-03 00:00:00-05:00,2.259999990463257,2.316999912261963,2.069999933242798,2.0899999141693115,188600,0.0,0.0
2024-12-04 00:00:00-05:00,2.0999999046325684,2.2200000286102295,2.0999999046325684,2.180000066757202,106700,0.0,0.0
2024-12-05 00:00:00-05:00,2.1700000762939453,2.2200000286102295,2.109999895095825,2.1600000858306885,52000,0.0,0.0
2024-12-06 00:00:00-05:00,2.190000057220459,2.200000047683716,2.0999999046325684,2.130000114440918,50800,0.0,0.0
2024-12-09 00:00:00-05:00,2.0999999046325684,2.240000009536743,2.0999999046325684,2.180000066757202,83000,0.0,0.0
2024-12-10 00:00:00-05:00,2.180000066757202,2.180000066757202,1.899999976158142,2.009999990463257,130200,0.0,0.0
2024-12-11 00:00:00-05:00,2.0,2.0799999237060547,1.8300000429153442,1.9500000476837158,855100,0.0,0.0
2024-12-12 00:00:00-05:00,1.940000057220459,1.9479999542236328,1.7599999904632568,1.7999999523162842,432200,0.0,0.0
2024-12-13 00:00:00-05:00,1.7899999618530273,1.9500000476837158,1.7769999504089355,1.899999976158142,110600,0.0,0.0
2024-12-16 00:00:00-05:00,1.899999976158142,2.0309998989105225,1.815000057220459,1.9700000286102295,188700,0.0,0.0
2024-12-17 00:00:00-05:00,2.0,2.0230000019073486,1.8600000143051147,1.8799999952316284,93100,0.0,0.0
2024-12-18 00:00:00-05:00,1.8799999952316284,2.1700000762939453,1.8799999952316284,1.9500000476837158,376200,0.0,0.0
2024-12-19 00:00:00-05:00,2.0199999809265137,2.0260000228881836,1.8899999856948853,1.9700000286102295,84200,0.0,0.0
2024-12-20 00:00:00-05:00,1.9800000190734863,2.1500000953674316,1.9800000190734863,2.1500000953674316,99000,0.0,0.0
2024-12-23 00:00:00-05:00,2.059999942779541,2.1610000133514404,2.0,2.119999885559082,47200,0.0,0.0
2024-12-24 00:00:00-05:00,2.0899999141693115,2.140000104904175,2.049999952316284,2.130000114440918,54500,0.0,0.0
2024-12-26 00:00:00-05:00,2.069999933242798,2.3299999237060547,2.069999933242798,2.25,185300,0.0,0.0
2024-12-27 00:00:00-05:00,2.25,2.2799999713897705,2.0999999046325684,2.190000057220459,103200,0.0,0.0
2024-12-30 00:00:00-05:00,2.109999895095825,2.990000009536743,2.069999933242798,2.799999952316284,1827900,0.0,0.0
2024-12-31 00:00:00-05:00,2.9000000953674316,2.9000000953674316,2.299999952316284,2.390000104904175,507400,0.0,0.0
2025-01-02 00:00:00-05:00,3.6700000762939453,4.400000095367432,1.9700000286102295,2.0,28942000,0.0,0.0
2025-01-03 00:00:00-05:00,2.0999999046325684,2.240000009536743,2.009999990463257,2.2200000286102295,1382200,0.0,0.0
2025-01-06 00:00:00-05:00,2.2699999809265137,2.2699999809265137,2.0899999141693115,2.109999895095825,688800,0.0,0.0
2025-01-07 00:00:00-05:00,2.0799999237060547,2.1440000534057617,1.9600000381469727,1.9900000095367432,664100,0.0,0.0
2025-01-08 00:00:00-05:00,1.9700000286102295,2.0179998874664307,1.7899999618530273,1.8700000047683716,485800,0.0,0.0
2025-01-10 00:00:00-05:00,1.8899999856948853,1.8980000019073486,1.6699999570846558,1.7350000143051147,357900,0.0,0.0
2025-01-13 00:00:00-05:00,1.7000000476837158,1.8200000524520874,1.6200000047683716,1.7300000190734863,476600,0.0,0.0
2025-01-14 00:00:00-05:00,1.7300000190734863,1.7899999618530273,1.690000057220459,1.7599999904632568,205800,0.0,0.0
2025-01-15 00:00:00-05:00,1.7899999618530273,1.8209999799728394,1.7050000429153442,1.7300000190734863,236200,0.0,0.0
2025-01-16 00:00:00-05:00,1.7599999904632568,1.7599999904632568,1.649999976158142,1.659999966621399,185200,0.0,0.0
2025-01-17 00:00:00-05:00,1.649999976158142,1.75,1.649999976158142,1.7300000190734863,118000,0.0,0.0
2025-01-21 00:00:00-05:00,1.75,1.777999997138977,1.659999966621399,1.6799999475479126,145500,0.0,0.0
2025-01-22 00:00:00-05:00,1.649999976158142,1.725000023841858,1.5800000429153442,1.6200000047683716,161700,0.0,0.0
2025-01-23 00:00:00-05:00,1.600000023841858,1.6699999570846558,1.5700000524520874,1.6399999856948853,109200,0.0,0.0
2025-01-24 00:00:00-05:00,1.6200000047683716,1.75,1.6200000047683716,1.6799999475479126,203200,0.0,0.0
2025-01-27 00:00:00-05:00,1.6200000047683716,1.7100000381469727,1.5399999618530273,1.5499999523162842,119300,0.0,0.0
2025-01-28 00:00:00-05:00,1.5299999713897705,1.5850000381469727,1.4800000190734863,1.5499999523162842,138200,0.0,0.0
2025-01-29 00:00:00-05:00,1.5,1.5700000524520874,1.5,1.5499999523162842,137600,0.0,0.0
2025-01-30 00:00:00-05:00,1.5499999523162842,1.559999942779541,1.5049999952316284,1.5099999904632568,68000,0.0,0.0
2025-01-31 00:00:00-05:00,1.5,1.534000039100647,1.350000023841858,1.3899999856948853,286900,0.0,0.0
2025-02-03 00:00:00-05:00,1.3700000047683716,1.3899999856948853,1.350000023841858,1.350000023841858,73500,0.0,0.0
2025-02-04 00:00:00-05:00,1.350000023841858,1.3899999856948853,1.3200000524520874,1.350000023841858,87100,0.0,0.0
2025-02-05 00:00:00-05:00,1.350000023841858,1.3899999856948853,1.3200000524520874,1.3799999952316284,103800,0.0,0.0
2025-02-06 00:00:00-05:00,1.3799999952316284,1.4110000133514404,1.3300000429153442,1.3799999952316284,65900,0.0,0.0
2025-02-07 00:00:00-05:00,1.350000023841858,1.4500000476837158,1.350000023841858,1.409999966621399,85000,0.0,0.0
2025-02-10 00:00:00-05:00,1.399999976158142,1.399999976158142,1.3600000143051147,1.3700000047683716,34000,0.0,0.0
2025-02-11 00:00:00-05:00,1.3899999856948853,1.5,1.3600000143051147,1.4199999570846558,148600,0.0,0.0
2025-02-12 00:00:00-05:00,1.399999976158142,1.4600000381469727,1.3899999856948853,1.4299999475479126,49000,0.0,0.0
2025-02-13 00:00:00-05:00,1.3300000429153442,1.409000039100647,1.3300000429153442,1.3899999856948853,102300,0.0,0.0
2025-02-14 00:00:00-05:00,1.3799999952316284,1.4700000286102295,1.3799999952316284,1.4500000476837158,107800,0.0,0.0
2025-02-18 00:00:00-05:00,1.409999966621399,1.5269999504089355,1.409999966621399,1.4700000286102295,65300,0.0,0.0
2025-02-19 00:00:00-05:00,1.440000057220459,1.496999979019165,1.4149999618530273,1.4299999475479126,54700,0.0,0.0
2025-02-20 00:00:00-05:00,1.399999976158142,1.4249999523162842,1.399999976158142,1.399999976158142,39600,0.0,0.0
2025-02-21 00:00:00-05:00,1.399999976158142,1.4700000286102295,1.399999976158142,1.440000057220459,62200,0.0,0.0
2025-02-24 00:00:00-05:00,1.409999966621399,1.4210000038146973,1.3600000143051147,1.3600000143051147,30100,0.0,0.0
2025-02-25 00:00:00-05:00,1.350000023841858,1.4140000343322754,1.309999942779541,1.340000033378601,72700,0.0,0.0
2025-02-26 00:00:00-05:00,1.3200000524520874,1.3600000143051147,1.2699999809265137,1.2699999809265137,77000,0.0,0.0
2025-02-27 00:00:00-05:00,1.2699999809265137,1.2699999809265137,1.0700000524520874,1.1549999713897705,331400,0.0,0.0
2025-02-28 00:00:00-05:00,1.1299999952316284,1.1699999570846558,1.1100000143051147,1.1399999856948853,63300,0.0,0.0
2025-03-03 00:00:00-05:00,1.1200000047683716,1.1799999475479126,1.059999942779541,1.059999942779541,77700,0.0,0.0
2025-03-04 00:00:00-05:00,1.0099999904632568,1.034999966621399,0.9120000004768372,0.9900000095367432,256900,0.0,0.0
2025-03-05 00:00:00-05:00,1.0,1.059999942779541,0.9509999752044678,1.0099999904632568,172000,0.0,0.0
2025-03-06 00:00:00-05:00,1.0099999904632568,1.0399999618530273,0.9750000238418579,0.9800000190734863,58300,0.0,0.0
2025-03-07 00:00:00-05:00,0.9800000190734863,1.0,0.9100000262260437,0.949999988079071,69900,0.0,0.0
2025-03-10 00:00:00-04:00,0.949999988079071,0.949999988079071,0.8809999823570251,0.9200000166893005,86200,0.0,0.0
2025-03-11 00:00:00-04:00,0.9020000100135803,0.9179999828338623,0.8740000128746033,0.9089999794960022,38900,0.0,0.0
2025-03-12 00:00:00-04:00,0.9200000166893005,0.9359999895095825,0.8999999761581421,0.902999997138977,39000,0.0,0.0
2025-03-13 00:00:00-04:00,0.8899999856948853,0.9190000295639038,0.8650000095367432,0.8799999952316284,65300,0.0,0.0
2025-03-14 00:00:00-04:00,0.8999999761581421,0.9200000166893005,0.8690000176429749,0.9200000166893005,46300,0.0,0.0
2025-03-17 00:00:00-04:00,0.9200000166893005,1.0,0.902999997138977,0.9990000128746033,150800,0.0,0.0
2025-03-18 00:00:00-04:00,1.0,1.0,0.9610000252723694,0.9700000286102295,58900,0.0,0.0
2025-03-19 00:00:00-04:00,0.9990000128746033,1.0,0.9100000262260437,0.9800000190734863,27200,0.0,0.0
2025-03-20 00:00:00-04:00,0.9599999785423279,1.0399999618530273,0.9430000185966492,1.0199999809265137,75200,0.0,0.0
2025-03-21 00:00:00-04:00,1.0099999904632568,1.0499999523162842,0.9900000095367432,1.0199999809265137,84600,0.0,0.0
2025-03-24 00:00:00-04:00,1.065000057220459,1.0800000429153442,0.984000027179718,1.0,68800,0.0,0.0
2025-03-25 00:00:00-04:00,1.0700000524520874,1.0800000429153442,1.0099999904632568,1.059999942779541,56600,0.0,0.0
2025-03-26 00:00:00-04:00,1.059999942779541,1.059999942779541,1.0099999904632568,1.0199999809265137,25100,0.0,0.0
2025-03-27 00:00:00-04:00,1.0199999809265137,1.0800000429153442,0.984000027179718,1.0499999523162842,54800,0.0,0.0
2025-03-28 00:00:00-04:00,1.0299999713897705,1.0700000524520874,0.9399999976158142,0.9440000057220459,128000,0.0,0.0
2025-03-31 00:00:00-04:00,0.8899999856948853,0.9599999785423279,0.8610000014305115,0.9440000057220459,56100,0.0,0.0
2025-04-01 00:00:00-04:00,0.9909999966621399,0.9909999966621399,0.8999999761581421,0.9190000295639038,44000,0.0,0.0
2025-04-02 00:00:00-04:00,0.8999999761581421,0.9399999976158142,0.8809999823570251,0.8999999761581421,25800,0.0,0.0
2025-04-03 00:00:00-04:00,0.8999999761581421,0.9330000281333923,0.8650000095367432,0.8799999952316284,45000,0.0,0.0
2025-04-04 00:00:00-04:00,0.8519999980926514,0.8970000147819519,0.7080000042915344,0.7799999713897705,111100,0.0,0.0
2025-04-07 00:00:00-04:00,0.7300000190734863,0.7519999742507935,0.6809999942779541,0.75,56500,0.0,0.0
2025-04-08 00:00:00-04:00,0.7390000224113464,0.75,0.6899999976158142,0.6909999847412109,61500,0.0,0.0
2025-04-09 00:00:00-04:00,0.6809999942779541,0.8159999847412109,0.6669999957084656,0.7770000100135803,75700,0.0,0.0
2025-04-10 00:00:00-04:00,0.7889999747276306,0.7900000214576721,0.7400000095367432,0.7419999837875366,22400,0.0,0.0
2025-04-11 00:00:00-04:00,0.765999972820282,0.8550000190734863,0.7419999837875366,0.8199999928474426,28300,0.0,0.0
2025-04-14 00:00:00-04:00,0.8600000143051147,0.8799999952316284,0.8399999737739563,0.8569999933242798,36200,0.0,0.0
2025-04-15 00:00:00-04:00,0.8500000238418579,0.8799999952316284,0.843999981880188,0.843999981880188,16300,0.0,0.0
2025-04-16 00:00:00-04:00,0.8209999799728394,0.9100000262260437,0.8090000152587891,0.8650000095367432,11100,0.0,0.0
2025-04-17 00:00:00-04:00,0.8799999952316284,0.8799999952316284,0.7950000166893005,0.8500000238418579,30400,0.0,0.0
2025-04-21 00:00:00-04:00,0.8500000238418579,0.8500000238418579,0.7409999966621399,0.847000002861023,33300,0.0,0.0
2025-04-22 00:00:00-04:00,0.847000002861023,0.847000002861023,0.8080000281333923,0.8180000185966492,12000,0.0,0.0
2025-04-23 00:00:00-04:00,0.9240000247955322,0.9240000247955322,0.8199999928474426,0.8999999761581421,14600,0.0,0.0
2025-04-24 00:00:00-04:00,0.8799999952316284,0.9800000190734863,0.8399999737739563,0.9549999833106995,48100,0.0,0.0
2025-04-25 00:00:00-04:00,0.9900000095367432,0.9900000095367432,0.8999999761581421,0.9459999799728394,50900,0.0,0.0
2025-04-28 00:00:00-04:00,0.9800000190734863,0.9800000190734863,0.9179999828338623,0.9330000281333923,21100,0.0,0.0
2025-04-29 00:00:00-04:00,0.9390000104904175,0.9789999723434448,0.9200000166893005,0.9340000152587891,21000,0.0,0.0
2025-04-30 00:00:00-04:00,0.9369999766349792,0.949999988079071,0.8489999771118164,0.875,61500,0.0,0.0
2025-05-01 00:00:00-04:00,0.8610000014305115,0.8949999809265137,0.8610000014305115,0.8899999856948853,13100,0.0,0.0
2025-05-02 00:00:00-04:00,0.9300000071525574,0.9300000071525574,0.8799999952316284,0.9100000262260437,24000,0.0,0.0
2025-05-05 00:00:00-04:00,0.9480000138282776,0.9480000138282776,0.8840000033378601,0.8989999890327454,23700,0.0,0.0
2025-05-06 00:00:00-04:00,0.9100000262260437,0.9300000071525574,0.8259999752044678,0.8259999752044678,47100,0.0,0.0
2025-05-07 00:00:00-04:00,0.8989999890327454,0.8989999890327454,0.8360000252723694,0.8659999966621399,31900,0.0,0.0
2025-05-08 00:00:00-04:00,0.9190000295639038,0.949999988079071,0.8650000095367432,0.9200000166893005,110100,0.0,0.0
2025-05-09 00:00:00-04:00,0.8999999761581421,1.0299999713897705,0.8999999761581421,1.0099999904632568,213300,0.0,0.0
2025-05-12 00:00:00-04:00,1.0299999713897705,1.0299999713897705,0.9800000190734863,0.9950000047683716,42800,0.0,0.0
2025-05-13 00:00:00-04:00,0.9800000190734863,1.1200000047683716,0.9800000190734863,1.0499999523162842,448700,0.0,0.0
2025-05-14 00:00:00-04:00,1.0700000524520874,1.0700000524520874,0.9670000076293945,1.0099999904632568,107600,0.0,0.0
2025-05-15 00:00:00-04:00,0.9800000190734863,1.0399999618530273,0.9330000281333923,0.9800000190734863,97000,0.0,0.0
2025-05-16 00:00:00-04:00,0.9599999785423279,1.0,0.9350000023841858,0.949999988079071,52300,0.0,0.0
2025-05-19 00:00:00-04:00,0.949999988079071,1.0,0.6000000238418579,0.7599999904632568,273500,0.0,0.0
2025-05-20 00:00:00-04:00,0.7459999918937683,0.8960000276565552,0.7149999737739563,0.8960000276565552,4247700,0.0,0.0
2025-05-21 00:00:00-04:00,0.7799999713897705,0.8220000267028809,0.6819999814033508,0.7559999823570251,529900,0.0,0.0
2025-05-22 00:00:00-04:00,0.746999979019165,0.8050000071525574,0.734000027179718,0.7850000262260437,156500,0.0,0.0
2025-05-23 00:00:00-04:00,0.7699999809265137,0.8199999928474426,0.75,0.8149999976158142,98400,0.0,0.0
2025-05-27 00:00:00-04:00,0.8199999928474426,0.8700000047683716,0.7839999794960022,0.8349999785423279,41200,0.0,0.0
2025-05-28 00:00:00-04:00,0.8299999833106995,0.8500000238418579,0.8140000104904175,0.8199999928474426,56800,0.0,0.0
2025-05-29 00:00:00-04:00,0.8399999737739563,0.8640000224113464,0.8199999928474426,0.8500000238418579,106200,0.0,0.0
2025-05-30 00:00:00-04:00,0.824999988079071,0.9739999771118164,0.8100000023841858,0.9070000052452087,151300,0.0,0.0
2025-06-02 00:00:00-04:00,0.9330000281333923,0.9700000286102295,0.8700000047683716,0.9430000185966492,44200,0.0,0.0
2025-06-03 00:00:00-04:00,0.921999990940094,0.9300000071525574,0.8709999918937683,0.9010000228881836,31500,0.0,0.0
2025-06-04 00:00:00-04:00,0.9399999976158142,0.949999988079071,0.8809999823570251,0.9300000071525574,25700,0.0,0.0
2025-06-05 00:00:00-04:00,0.8989999890327454,0.949999988079071,0.8799999952316284,0.8999999761581421,24800,0.0,0.0
2025-06-06 00:00:00-04:00,0.949999988079071,0.9800000190734863,0.902999997138977,0.9599999785423279,31000,0.0,0.0
2025-06-09 00:00:00-04:00,0.9810000061988831,0.9940000176429749,0.9300000071525574,0.9440000057220459,76300,0.0,0.0
2025-06-10 00:00:00-04:00,0.9639999866485596,1.0,0.9399999976158142,0.9729999899864197,131700,0.0,0.0
2025-06-11 00:00:00-04:00,0.9700000286102295,0.9900000095367432,0.9459999799728394,0.9800000190734863,35400,0.0,0.0
2025-06-12 00:00:00-04:00,0.9539999961853027,0.9800000190734863,0.9449999928474426,0.9629999995231628,22100,0.0,0.0
2025-06-13 00:00:00-04:00,1.0,1.0,0.9089999794960022,0.9350000023841858,76600,0.0,0.0
2025-06-16 00:00:00-04:00,0.9100000262260437,0.949999988079071,0.9100000262260437,0.9399999976158142,34700,0.0,0.0
2025-06-17 00:00:00-04:00,0.9399999976158142,0.9399999976158142,0.8920000195503235,0.9049999713897705,30100,0.0,0.0
2025-06-18 00:00:00-04:00,0.8700000047683716,0.9390000104904175,0.8700000047683716,0.9390000104904175,9400,0.0,0.0
2025-06-20 00:00:00-04:00,0.8830000162124634,0.9700000286102295,0.8769999742507935,0.8769999742507935,66900,0.0,0.0
2025-06-23 00:00:00-04:00,0.8999999761581421,0.9390000104904175,0.8730000257492065,0.8849999904632568,17900,0.0,0.0
2025-06-24 00:00:00-04:00,0.8899999856948853,0.9369999766349792,0.8849999904632568,0.8989999890327454,29800,0.0,0.0
2025-06-25 00:00:00-04:00,0.9660000205039978,0.9660000205039978,0.8100000023841858,0.8600000143051147,63300,0.0,0.0
2025-06-26 00:00:00-04:00,0.8999999761581421,0.9440000057220459,0.8600000143051147,0.9340000152587891,67000,0.0,0.0
2025-06-27 00:00:00-04:00,0.906000018119812,0.9700000286102295,0.7900000214576721,0.8600000143051147,113300,0.0,0.0
2025-06-30 00:00:00-04:00,0.8600000143051147,0.9490000009536743,0.8600000143051147,0.9100000262260437,114600,0.0,0.0
2025-07-01 00:00:00-04:00,0.9100000262260437,0.9549999833106995,0.9100000262260437,0.9100000262260437,34700,0.0,0.0
2025-07-02 00:00:00-04:00,0.9200000166893005,0.9549999833106995,0.8820000290870667,0.9390000104904175,17200,0.0,0.0
2025-07-03 00:00:00-04:00,0.9010000228881836,0.953000009059906,0.9010000228881836,0.9100000262260437,9300,0.0,0.0
2025-07-07 00:00:00-04:00,0.9100000262260437,0.949999988079071,0.8500000238418579,0.8870000243186951,44900,0.0,0.0
2025-07-08 00:00:00-04:00,0.8500000238418579,0.9549999833106995,0.8500000238418579,0.9100000262260437,34400,0.0,0.0
2025-07-09 00:00:00-04:00,0.9200000166893005,0.9200000166893005,0.8700000047683716,0.8899999856948853,17000,0.0,0.0
2025-07-10 00:00:00-04:00,0.8700000047683716,0.9139999747276306,0.8700000047683716,0.9100000262260437,47600,0.0,0.0
2025-07-11 00:00:00-04:00,0.9010000228881836,0.9129999876022339,0.8830000162124634,0.9100000262260437,16700,0.0,0.0
2025-07-14 00:00:00-04:00,0.8799999952316284,0.9100000262260437,0.8799999952316284,0.8999999761581421,8000,0.0,0.0
2025-07-15 00:00:00-04:00,0.8999999761581421,0.8999999761581421,0.8820000290870667,0.8899999856948853,18100,0.0,0.0
2025-07-16 00:00:00-04:00,0.8700000047683716,0.9100000262260437,0.8700000047683716,0.9079999923706055,51600,0.0,0.0
2025-07-17 00:00:00-04:00,0.8799999952316284,1.090000033378601,0.8700000047683716,1.0399999618530273,237600,0.0,0.0
2025-07-18 00:00:00-04:00,1.309999942779541,1.600000023841858,1.159999966621399,1.5800000429153442,54442000,0.0,0.0
2025-07-21 00:00:00-04:00,1.3600000143051147,1.7699999809265137,1.2999999523162842,1.4600000381469727,2808200,0.0,0.0
2025-07-22 00:00:00-04:00,1.399999976158142,1.5499999523162842,1.2999999523162842,1.3700000047683716,481400,0.0,0.0
2025-07-23 00:00:00-04:00,1.4199999570846558,1.4299999475479126,1.2899999618530273,1.3899999856948853,280200,0.0,0.0
2025-07-24 00:00:00-04:00,1.350000023841858,1.4800000190734863,1.340000033378601,1.4199999570846558,252100,0.0,0.0
2025-07-25 00:00:00-04:00,1.4600000381469727,1.5,1.4010000228881836,1.440000057220459,93200,0.0,0.0
2025-07-28 00:00:00-04:00,1.4199999570846558,1.4520000219345093,1.2999999523162842,1.2999999523162842,163300,0.0,0.0
2025-07-29 00:00:00-04:00,1.2799999713897705,1.3799999952316284,1.1100000143051147,1.3700000047683716,233700,0.0,0.0
2025-07-30 00:00:00-04:00,1.340000033378601,1.340000033378601,1.1959999799728394,1.2000000476837158,157700,0.0,0.0
2025-07-31 00:00:00-04:00,1.1799999475479126,1.2050000429153442,1.149999976158142,1.1699999570846558,87800,0.0,0.0
2025-08-01 00:00:00-04:00,1.149999976158142,1.1749999523162842,1.100000023841858,1.1299999952316284,79400,0.0,0.0
2025-08-04 00:00:00-04:00,1.100000023841858,1.149999976158142,1.090000033378601,1.149999976158142,115000,0.0,0.0
2025-08-05 00:00:00-04:00,1.149999976158142,1.2000000476837158,1.1050000190734863,1.1200000047683716,61100,0.0,0.0
2025-08-06 00:00:00-04:00,1.1299999952316284,1.149999976158142,1.0920000076293945,1.1100000143051147,35500,0.0,0.0
2025-08-07 00:00:00-04:00,1.1100000143051147,1.125,1.0839999914169312,1.100000023841858,45100,0.0,0.0
2025-08-08 00:00:00-04:00,1.1200000047683716,1.1200000047683716,1.0800000429153442,1.100000023841858,36000,0.0,0.0
2025-08-11 00:00:00-04:00,1.149999976158142,1.190000057220459,1.1109999418258667,1.159999966621399,41100,0.0,0.0
2025-08-12 00:00:00-04:00,1.149999976158142,1.2100000381469727,1.149999976158142,1.1799999475479126,27800,0.0,0.0
2025-08-13 00:00:00-04:00,1.2000000476837158,1.340000033378601,1.2000000476837158,1.309999942779541,17138400,0.0,0.0
2025-08-14 00:00:00-04:00,3.6600000858306885,5.5,1.9299999475479126,2.0199999809265137,390916400,0.0,0.0
2025-08-15 00:00:00-04:00,1.9500000476837158,2.049999952316284,1.7000000476837158,1.850000023841858,9581600,0.0,0.0
2025-08-18 00:00:00-04:00,2.0899999141693115,2.2100000381469727,1.7699999809265137,1.7699999809265137,6135100,0.0,0.0
2025-08-19 00:00:00-04:00,1.7799999713897705,1.8450000286102295,1.600000023841858,1.7100000381469727,2402600,0.0,0.0
2025-08-20 00:00:00-04:00,1.7000000476837158,1.7400000095367432,1.4900000095367432,1.559999942779541,1288500,0.0,0.0
2025-08-21 00:00:00-04:00,1.4900000095367432,1.5800000429153442,1.4800000190734863,1.5299999713897705,2222800,0.0,0.0
2025-08-22 00:00:00-04:00,1.7100000381469727,1.8799999952316284,1.659999966621399,1.7899999618530273,13125100,0.0,0.0
2025-08-25 00:00:00-04:00,1.690000057220459,1.7649999856948853,1.6299999952316284,1.6399999856948853,1189400,0.0,0.0
2025-08-26 00:00:00-04:00,1.6200000047683716,1.6460000276565552,1.5399999618530273,1.590000033378601,790400,0.0,0.0
2025-08-27 00:00:00-04:00,1.6100000143051147,1.7000000476837158,1.600000023841858,1.659999966621399,724500,0.0,0.0
2025-08-28 00:00:00-04:00,1.6299999952316284,1.7100000381469727,1.6200000047683716,1.6200000047683716,446000,0.0,0.0
2025-08-29 00:00:00-04:00,1.600000023841858,1.6100000143051147,1.5,1.5,653200,0.0,0.0
2025-09-02 00:00:00-04:00,1.4299999475479126,1.4700000286102295,1.25,1.3300000429153442,1162200,0.0,0.0
2025-09-03 00:00:00-04:00,1.3799999952316284,1.4700000286102295,1.3700000047683716,1.440000057220459,580900,0.0,0.0
2025-09-04 00:00:00-04:00,1.3899999856948853,1.4600000381469727,1.1100000143051147,1.2699999809265137,1197900,0.0,0.0
2025-09-05 00:00:00-04:00,1.25,1.2970000505447388,1.2200000286102295,1.2400000095367432,360400,0.0,0.0
2025-09-08 00:00:00-04:00,1.2100000381469727,1.2599999904632568,1.1799999475479126,1.2100000381469727,633500,0.0,0.0
2025-09-09 00:00:00-04:00,1.1699999570846558,1.2599999904632568,1.159000039100647,1.190000057220459,519600,0.0,0.0
2025-09-10 00:00:00-04:00,1.1699999570846558,1.2300000190734863,1.149999976158142,1.2200000286102295,600100,0.0,0.0
2025-09-11 00:00:00-04:00,1.2300000190734863,1.4900000095367432,1.2200000286102295,1.4700000286102295,1533600,0.0,0.0
2025-09-12 00:00:00-04:00,1.4199999570846558,1.4700000286102295,1.2200000286102295,1.2400000095367432,767700,0.0,0.0
2025-09-15 00:00:00-04:00,1.2400000095367432,1.2999999523162842,1.2300000190734863,1.2400000095367432,268200,0.0,0.0
2025-09-16 00:00:00-04:00,1.2300000190734863,1.2970000505447388,1.2300000190734863,1.2699999809265137,308500,0.0,0.0
2025-09-17 00:00:00-04:00,1.2200000286102295,1.2660000324249268,1.2100000381469727,1.2200000286102295,392800,0.0,0.0
2025-09-18 00:00:00-04:00,1.2300000190734863,1.2599999904632568,1.2300000190734863,1.25,271500,0.0,0.0
2025-09-19 00:00:00-04:00,1.25,1.2890000343322754,1.2300000190734863,1.2699999809265137,265700,0.0,0.0
2025-09-22 00:00:00-04:00,1.399999976158142,1.659999966621399,1.3600000143051147,1.5800000429153442,4397500,0.0,0.0
2025-09-23 00:00:00-04:00,1.4700000286102295,1.5199999809265137,1.309999942779541,1.3200000524520874,3811100,0.0,0.0
2025-09-24 00:00:00-04:00,1.809999942779541,2.049999952316284,1.659999966621399,1.7400000095367432,36903400,0.0,0.0
2025-09-25 00:00:00-04:00,1.6399999856948853,1.690000057220459,1.4800000190734863,1.4800000190734863,2492500,0.0,0.0
2025-09-26 00:00:00-04:00,1.5099999904632568,1.6699999570846558,1.4700000286102295,1.4800000190734863,1238900,0.0,0.0
2025-09-29 00:00:00-04:00,1.440000057220459,1.5800000429153442,1.4299999475479126,1.440000057220459,1036200,0.0,0.0
2025-09-30 00:00:00-04:00,1.399999976158142,1.5099999904632568,1.3600000143051147,1.440000057220459,1065200,0.0,0.0
2025-10-01 00:00:00-04:00,1.4900000095367432,1.5700000524520874,1.4600000381469727,1.5299999713897705,882700,0.0,0.0
2025-10-02 00:00:00-04:00,1.5099999904632568,1.5299999713897705,1.4839999675750732,1.5299999713897705,426500,0.0,0.0
2025-10-03 00:00:00-04:00,1.5099999904632568,1.7999999523162842,1.5099999904632568,1.6799999475479126,2181000,0.0,0.0
2025-10-06 00:00:00-04:00,1.6699999570846558,1.6799999475479126,1.5499999523162842,1.5700000524520874,921700,0.0,0.0
2025-10-07 00:00:00-04:00,1.600000023841858,1.6399999856948853,1.5,1.5199999809265137,701000,0.0,0.0
2025-10-08 00:00:00-04:00,1.5,1.5099999904632568,1.4700000286102295,1.4800000190734863,412200,0.0,0.0
2025-10-09 00:00:00-04:00,1.4900000095367432,1.559999942779541,1.4850000143051147,1.5,427100,0.0,0.0
2025-10-10 00:00:00-04:00,1.5,1.5099999904632568,1.340000033378601,1.3700000047683716,941000,0.0,0.0
2025-10-13 00:00:00-04:00,1.399999976158142,1.7699999809265137,1.399999976158142,1.690000057220459,5138400,0.0,0.0
2025-10-14 00:00:00-04:00,1.6100000143051147,1.7000000476837158,1.399999976158142,1.600000023841858,2421400,0.0,0.0
2025-10-15 00:00:00-04:00,1.6200000047683716,1.7200000286102295,1.5,1.5199999809265137,957600,0.0,0.0
2025-10-16 00:00:00-04:00,1.5399999618530273,1.6299999952316284,1.4500000476837158,1.5,798400,0.0,0.0
2025-10-17 00:00:00-04:00,1.5499999523162842,1.5499999523162842,1.409999966621399,1.5199999809265137,856300,0.0,0.0
2025-10-20 00:00:00-04:00,1.5199999809265137,1.5950000286102295,1.5199999809265137,1.559999942779541,405400,0.0,0.0
2025-10-21 00:00:00-04:00,1.559999942779541,1.5950000286102295,1.4800000190734863,1.4800000190734863,463800,0.0,0.0
2025-10-22 00:00:00-04:00,1.4500000476837158,1.4700000286102295,1.340000033378601,1.3899999856948853,597800,0.0,0.0
2025-10-23 00:00:00-04:00,1.3899999856948853,1.4500000476837158,1.3899999856948853,1.4299999475479126,209300,0.0,0.0
2025-10-24 00:00:00-04:00,1.4299999475479126,1.444000005722046,1.3600000143051147,1.3700000047683716,403900,0.0,0.0
2025-10-27 00:00:00-04:00,1.3700000047683716,1.3990000486373901,1.3450000286102295,1.3600000143051147,234100,0.0,0.0
2025-10-28 00:00:00-04:00,1.3799999952316284,1.4299999475479126,1.3600000143051147,1.3899999856948853,269400,0.0,0.0
2025-10-29 00:00:00-04:00,1.3700000047683716,1.409999966621399,1.3700000047683716,1.3700000047683716,177600,0.0,0.0
2025-10-30 00:00:00-04:00,1.3700000047683716,1.3700000047683716,1.2699999809265137,1.2799999713897705,388200,0.0,0.0
2025-10-31 00:00:00-04:00,1.2799999713897705,1.399999976158142,1.2799999713897705,1.340000033378601,161500,0.0,0.0
2025-11-03 00:00:00-05:00,1.3300000429153442,1.340000033378601,1.2799999713897705,1.309999942779541,147800,0.0,0.0
2025-11-04 00:00:00-05:00,1.2799999713897705,1.2999999523162842,1.2200000286102295,1.2400000095367432,242200,0.0,0.0
2025-11-05 00:00:00-05:00,1.2400000095367432,1.2899999618530273,1.2300000190734863,1.2400000095367432,196300,0.0,0.0
2025-11-06 00:00:00-05:00,1.2400000095367432,1.2699999809265137,1.149999976158142,1.1799999475479126,260300,0.0,0.0
2025-11-07 00:00:00-05:00,1.1399999856948853,1.1799999475479126,1.1100000143051147,1.159999966621399,181400,0.0,0.0
2025-11-10 00:00:00-05:00,1.2000000476837158,1.315000057220459,1.1699999570846558,1.2599999904632568,311600,0.0,0.0
2025-11-11 00:00:00-05:00,1.2300000190734863,1.2799999713897705,1.2200000286102295,1.2699999809265137,227400,0.0,0.0
2025-11-12 00:00:00-05:00,1.2699999809265137,1.2899999618530273,1.2300000190734863,1.2699999809265137,128400,0.0,0.0
2025-11-13 00:00:00-05:00,1.25,1.3300000429153442,1.2300000190734863,1.2699999809265137,7062900,0.0,0.0
2025-11-14 00:00:00-05:00,1.590000033378601,1.600000023841858,1.1319999694824219,1.159999966621399,27899800,0.0,0.0
2025-11-17 00:00:00-05:00,1.0800000429153442,1.2100000381469727,1.059999942779541,1.100000023841858,1653700,0.0,0.0
2025-11-18 00:00:00-05:00,1.0700000524520874,1.0750000476837158,1.0099999904632568,1.0099999904632568,540400,0.0,0.0
2025-11-19 00:00:00-05:00,0.9900000095367432,1.100000023841858,0.9900000095367432,1.0199999809265137,575800,0.0,0.0
2025-11-20 00:00:00-05:00,1.0499999523162842,1.0700000524520874,1.0099999904632568,1.0199999809265137,307600,0.0,0.0
2025-11-21 00:00:00-05:00,1.0199999809265137,1.159999966621399,1.0,1.1299999952316284,1347100,0.0,0.0
2025-11-24 00:00:00-05:00,1.1200000047683716,1.1200000047683716,1.0449999570846558,1.0700000524520874,330700,0.0,0.0
2025-11-25 00:00:00-05:00,1.0700000524520874,1.1399999856948853,1.0399999618530273,1.090000033378601,587900,0.0,0.0
2025-11-26 00:00:00-05:00,1.090000033378601,1.1699999570846558,1.0800000429153442,1.149999976158142,649500,0.0,0.0
2025-11-28 00:00:00-05:00,1.159999966621399,1.184999942779541,1.1430000066757202,1.159999966621399,281600,0.0,0.0
2025-12-01 00:00:00-05:00,1.149999976158142,1.149999976158142,1.0700000524520874,1.090000033378601,269300,0.0,0.0
2025-12-02 00:00:00-05:00,1.0800000429153442,1.1399999856948853,1.0700000524520874,1.1399999856948853,186900,0.0,0.0
2025-12-03 00:00:00-05:00,1.1399999856948853,1.1799999475479126,1.1200000047683716,1.1699999570846558,236000,0.0,0.0
2025-12-04 00:00:00-05:00,1.1699999570846558,1.2400000095367432,1.149999976158142,1.2400000095367432,341500,0.0,0.0
2025-12-05 00:00:00-05:00,1.2300000190734863,1.2450000047683716,1.190000057220459,1.2000000476837158,282000,0.0,0.0
2025-12-08 00:00:00-05:00,1.2200000286102295,1.2400000095367432,1.1649999618530273,1.2100000381469727,262600,0.0,0.0
2025-12-09 00:00:00-05:00,1.2100000381469727,1.25,1.1950000524520874,1.2300000190734863,181100,0.0,0.0
2025-12-10 00:00:00-05:00,1.2300000190734863,1.2599999904632568,1.2050000429153442,1.2300000190734863,181300,0.0,0.0
2025-12-11 00:00:00-05:00,1.2100000381469727,1.2200000286102295,1.159999966621399,1.159999966621399,134300,0.0,0.0
2025-12-12 00:00:00-05:00,1.159999966621399,1.1959999799728394,1.0499999523162842,1.0499999523162842,316200,0.0,0.0
2025-12-15 00:00:00-05:00,1.0499999523162842,1.0679999589920044,0.9800000190734863,0.9800000190734863,308800,0.0,0.0
2025-12-16 00:00:00-05:00,0.9100000262260437,0.9789999723434448,0.8899999856948853,0.9399999976158142,198400,0.0,0.0
2025-12-17 00:00:00-05:00,0.9390000104904175,0.9599999785423279,0.8830000162124634,0.8830000162124634,162300,0.0,0.0
2025-12-18 00:00:00-05:00,0.8700000047683716,0.9300000071525574,0.824999988079071,0.8709999918937683,216600,0.0,0.0
2025-12-19 00:00:00-05:00,0.8500000238418579,0.9200000166893005,0.8460000157356262,0.8880000114440918,259900,0.0,0.0
2025-12-22 00:00:00-05:00,0.8790000081062317,0.9179999828338623,0.8600000143051147,0.8980000019073486,197200,0.0,0.0
2025-12-23 00:00:00-05:00,0.8880000114440918,0.8999999761581421,0.8299999833106995,0.8650000095367432,213700,0.0,0.0
2025-12-24 00:00:00-05:00,0.8700000047683716,0.8700000047683716,0.8399999737739563,0.8569999933242798,68000,0.0,0.0
2025-12-26 00:00:00-05:00,0.8669999837875366,0.8669999837875366,0.8009999990463257,0.8199999928474426,238200,0.0,0.0
2025-12-29 00:00:00-05:00,0.800000011920929,0.8130000233650208,0.7300000190734863,0.7480000257492065,375100,0.0,0.0
2025-12-30 00:00:00-05:00,0.7699999809265137,0.7699999809265137,0.7200000286102295,0.722000002861023,159800,0.0,0.0
2025-12-31 00:00:00-05:00,0.7059999704360962,0.7369999885559082,0.6629999876022339,0.6779999732971191,405600,0.0,0.0
2026-01-02 00:00:00-05:00,0.7319999933242798,0.8100000023841858,0.7149999737739563,0.8100000023841858,231300,0.0,0.0
2026-01-05 00:00:00-05:00,0.8399999737739563,0.878000020980835,0.8199999928474426,0.8309999704360962,271000,0.0,0.0
2026-01-06 00:00:00-05:00,0.8500000238418579,0.902999997138977,0.8299999833106995,0.902999997138977,145200,0.0,0.0
2026-01-07 00:00:00-05:00,0.9300000071525574,0.9300000071525574,0.8700000047683716,0.8859999775886536,130700,0.0,0.0
2026-01-08 00:00:00-05:00,0.8709999918937683,0.8999999761581421,0.8450000286102295,0.8999999761581421,126500,0.0,0.0
2026-01-09 00:00:00-05:00,0.9150000214576721,0.9200000166893005,0.8820000290870667,0.8999999761581421,97400,0.0,0.0
2026-01-12 00:00:00-05:00,0.9100000262260437,0.9179999828338623,0.8799999952316284,0.9169999957084656,93600,0.0,0.0
2026-01-13 00:00:00-05:00,0.9300000071525574,0.9300000071525574,0.8799999952316284,0.9279999732971191,167600,0.0,0.0
2026-01-14 00:00:00-05:00,0.949999988079071,0.949999988079071,0.8999999761581421,0.9300000071525574,113800,0.0,0.0
2026-01-15 00:00:00-05:00,0.9300000071525574,0.9300000071525574,0.9010000228881836,0.9200000166893005,90800,0.0,0.0
2026-01-16 00:00:00-05:00,0.9300000071525574,0.9380000233650208,0.9179999828338623,0.9200000166893005,120200,0.0,0.0
2026-01-20 00:00:00-05:00,0.9200000166893005,0.9210000038146973,0.847000002861023,0.8629999756813049,189100,0.0,0.0
2026-01-21 00:00:00-05:00,0.8529999852180481,0.8769999742507935,0.8059999942779541,0.8320000171661377,127900,0.0,0.0
2026-01-22 00:00:00-05:00,0.8220000267028809,0.8960000276565552,0.8220000267028809,0.8960000276565552,108000,0.0,0.0
2026-01-23 00:00:00-05:00,0.8999999761581421,0.9599999785423279,0.8799999952316284,0.9120000004768372,599200,0.0,0.0
2026-01-26 00:00:00-05:00,0.9399999976158142,0.9399999976158142,0.8199999928474426,0.8489999771118164,373400,0.0,0.0
2026-01-27 00:00:00-05:00,0.8309999704360962,0.8600000143051147,0.8019999861717224,0.8560000061988831,244000,0.0,0.0
2026-01-28 00:00:00-05:00,0.8799999952316284,0.9459999799728394,0.8240000009536743,0.9020000100135803,30224100,0.0,0.0
2026-01-29 00:00:00-05:00,1.1100000143051147,1.1100000143051147,0.8199999928474426,0.8399999737739563,27095500,0.0,0.0
2026-01-30 00:00:00-05:00,0.7829999923706055,0.7950000166893005,0.7269999980926514,0.7910000085830688,1490700,0.0,0.0
2026-02-02 00:00:00-05:00,0.7400000095367432,0.7910000085830688,0.7300000190734863,0.7829999923706055,690500,0.0,0.0
2026-02-03 00:00:00-05:00,0.7419999837875366,0.7699999809265137,0.7110000252723694,0.7689999938011169,458200,0.0,0.0
2026-02-04 00:00:00-05:00,0.7509999871253967,0.7509999871253967,0.6909999847412109,0.7450000047683716,441400,0.0,0.0
2026-02-05 00:00:00-05:00,0.75,0.7599999904632568,0.675000011920929,0.7599999904632568,802700,0.0,0.0
2026-02-06 00:00:00-05:00,0.7409999966621399,0.796999990940094,0.7200000286102295,0.7799999713897705,443300,0.0,0.0
2026-02-09 00:00:00-05:00,0.7519999742507935,0.8199999928474426,0.7450000047683716,0.8159999847412109,413100,0.0,0.0
2026-02-10 00:00:00-05:00,0.8270000219345093,0.8339999914169312,0.7720000147819519,0.8299999833106995,314300,0.0,0.0
2026-02-11 00:00:00-05:00,0.8100000023841858,0.8199999928474426,0.7649999856948853,0.8180000185966492,264300,0.0,0.0
2026-02-12 00:00:00-05:00,0.7929999828338623,0.7940000295639038,0.7350000143051147,0.7390000224113464,279900,0.0,0.0
2026-02-13 00:00:00-05:00,0.800000011920929,0.800000011920929,0.7229999899864197,0.7730000019073486,270900,0.0,0.0
2026-02-17 00:00:00-05:00,0.7599999904632568,0.7799999713897705,0.6909999847412109,0.7490000128746033,242900,0.0,0.0
2026-02-18 00:00:00-05:00,0.7419999837875366,0.7639999985694885,0.7210000157356262,0.7639999985694885,137400,0.0,0.0
2026-02-19 00:00:00-05:00,0.7390000224113464,0.75,0.7110000252723694,0.7400000095367432,230900,0.0,0.0
2026-02-20 00:00:00-05:00,0.7369999885559082,0.7369999885559082,0.6949999928474426,0.7250000238418579,243800,0.0,0.0
2026-02-23 00:00:00-05:00,0.7099999785423279,0.7200000286102295,0.6520000100135803,0.675000011920929,281300,0.0,0.0
2026-02-24 00:00:00-05:00,0.6800000071525574,0.7170000076293945,0.6650000214576721,0.6840000152587891,318500,0.0,0.0
2026-02-25 00:00:00-05:00,0.699999988079071,0.7089999914169312,0.6800000071525574,0.699999988079071,141400,0.0,0.0
2026-02-26 00:00:00-05:00,0.699999988079071,0.7200000286102295,0.6899999976158142,0.6970000267028809,115700,0.0,0.0
2026-02-27 00:00:00-05:00,0.6899999976158142,0.6959999799728394,0.6449999809265137,0.656000018119812,187200,0.0,0.0
2026-03-02 00:00:00-05:00,0.6209999918937683,0.6579999923706055,0.6140000224113464,0.6489999890327454,229700,0.0,0.0
2026-03-03 00:00:00-05:00,0.621999979019165,0.6700000166893005,0.6119999885559082,0.6489999890327454,195800,0.0,0.0
2026-03-04 00:00:00-05:00,0.652999997138977,0.7089999914169312,0.640999972820282,0.6949999928474426,225100,0.0,0.0
2026-03-05 00:00:00-05:00,0.6959999799728394,0.765999972820282,0.6809999942779541,0.7400000095367432,357200,0.0,0.0
2026-03-06 00:00:00-05:00,0.7379999756813049,0.7379999756813049,0.6899999976158142,0.7059999704360962,139400,0.0,0.0
2026-03-09 00:00:00-04:00,0.7099999785423279,0.7179999947547913,0.6610000133514404,0.7179999947547913,186300,0.0,0.0
2026-03-10 00:00:00-04:00,0.722000002861023,0.7300000190734863,0.6980000138282776,0.7099999785423279,105100,0.0,0.0
2026-03-11 00:00:00-04:00,0.7099999785423279,0.7200000286102295,0.6899999976158142,0.7170000076293945,132100,0.0,0.0
2026-03-12 00:00:00-04:00,0.7289999723434448,0.7400000095367432,0.6769999861717224,0.6819999814033508,212500,0.0,0.0
2026-03-13 00:00:00-04:00,0.6919999718666077,0.699999988079071,0.6700000166893005,0.6740000247955322,148800,0.0,0.0
2026-03-16 00:00:00-04:00,0.6890000104904175,0.7049999833106995,0.6600000262260437,0.7049999833106995,125100,0.0,0.0
2026-03-17 00:00:00-04:00,0.7200000286102295,0.7239999771118164,0.6299999952316284,0.6539999842643738,774000,0.0,0.0
2026-03-18 00:00:00-04:00,0.6299999952316284,0.6330000162124634,0.5799999833106995,0.6129999756813049,390900,0.0,0.0
2026-03-19 00:00:00-04:00,0.6129999756813049,0.6194000244140625,0.5800999999046326,0.6019999980926514,239607,0.0,0.0
