Date,Open,High,Low,Close,Volume,Dividends,Stock Splits
2022-01-03 00:00:00-05:00,80.82189098903147,81.28214137804092,78.59879177025756,79.2674560546875,89300,0.0,0.0
2022-01-04 00:00:00-05:00,79.65825482812097,81.97687890692829,79.65825482812097,80.83927154541016,65000,0.0,0.0
2022-01-05 00:00:00-05:00,81.03900568021118,81.03900568021118,78.20802269157606,78.3122329711914,89300,0.0,0.0
2022-01-06 00:00:00-05:00,78.41642151929766,79.69296230768113,78.25142361197236,78.7203598022461,79900,0.0,0.0
2022-01-07 00:00:00-05:00,78.72035451819121,79.44980634830348,78.25141835939452,78.93745422363281,68600,0.0,0.0
2022-01-10 00:00:00-05:00,78.20801061417602,78.20801061417602,76.19332523025015,76.80120849609375,105500,0.0,0.0
2022-01-11 00:00:00-05:00,77.13987496693896,78.20800189113612,75.62017690986936,77.99958801269531,108700,0.0,0.0
2022-01-12 00:00:00-05:00,78.7377398296825,79.8232386360651,77.66961271440302,78.22538757324219,134100,0.0,0.0
2022-01-13 00:00:00-05:00,78.75510008924894,78.75510008924894,77.30486885915437,77.66960144042969,72000,0.0,0.0
2022-01-14 00:00:00-05:00,76.95751909232428,77.37434688764667,75.56807544029407,75.8980712890625,74400,0.0,0.0
2022-01-18 00:00:00-05:00,75.15124419886898,75.81122924078352,74.543360972641,75.27281951904297,94000,0.0,0.0
2022-01-19 00:00:00-05:00,76.23675807294929,76.66227177846119,74.7691614682727,75.90676879882812,102500,0.0,0.0
2022-01-20 00:00:00-05:00,75.90676344518353,77.02699237910365,73.82260441920765,73.95286560058594,116700,0.0,0.0
2022-01-21 00:00:00-05:00,73.94417178120122,74.63888696470508,72.84998725111885,72.85867309570312,105800,0.0,0.0
2022-01-24 00:00:00-05:00,71.53871035408694,73.09314542690613,70.12322230749822,72.89341735839844,183400,0.0,0.0
2022-01-25 00:00:00-05:00,71.67764526765492,73.23208007779327,70.60951171642637,71.8600082397461,137300,0.0,0.0
2022-01-26 00:00:00-05:00,72.99761297881986,73.41444738633395,69.66296422013966,70.75714874267578,100000,0.0,0.0
2022-01-27 00:00:00-05:00,71.63424031567655,73.20604720095616,69.87139119260061,71.03504943847656,149000,0.0,0.0
2022-01-28 00:00:00-05:00,70.35768593710695,71.09583040703633,68.67299633752008,70.91346740722656,350100,0.0,0.0
2022-01-31 00:00:00-05:00,70.66162291221018,72.69367321653347,70.62688616016729,72.53736114501953,124500,0.0,0.0
2022-02-01 00:00:00-05:00,72.66763571157747,72.94552315381574,70.8353131118517,72.78052520751953,112800,0.0,0.0
2022-02-02 00:00:00-05:00,71.72107545486635,72.38974644378132,70.39242594812868,70.85267639160156,166700,0.0,0.0
2022-02-03 00:00:00-05:00,70.16663764828498,70.49662686339481,69.29823870028817,69.57612609863281,130700,0.0,0.0
2022-02-04 00:00:00-05:00,69.47190777823931,70.3576716872546,68.77718605031394,69.55874633789062,103000,0.0,0.0
2022-02-07 00:00:00-05:00,69.55875511675751,70.51399264419537,69.49796745479395,69.96690368652344,79900,0.0,0.0
2022-02-08 00:00:00-05:00,69.9755916957856,71.61686524493007,69.9755916957856,71.26081848144531,107900,0.0,0.0
2022-02-09 00:00:00-05:00,72.45920671221421,72.95419382276913,71.86869519213485,72.74577331542969,139600,0.0,0.0
2022-02-10 00:00:00-05:00,71.3650140233122,72.38972487770093,70.84397606565085,71.24343872070312,151300,0.0,0.0
2022-02-11 00:00:00-05:00,71.48660079862248,71.66027793726356,69.72375200251867,70.12321472167969,81800,0.0,0.0
2022-02-14 00:00:00-05:00,70.03638428522726,70.36637353710807,68.63826129312972,69.54139709472656,79400,0.0,0.0
2022-02-15 00:00:00-05:00,70.46190228871643,71.28687878175495,70.46190228871643,71.05241394042969,67300,0.0,0.0
2022-02-16 00:00:00-05:00,70.39242324067938,71.6602850292381,70.09717075069777,71.33898162841797,77500,0.0,0.0
2022-02-17 00:00:00-05:00,70.49663575112376,70.70504966981808,68.77720270215825,68.82062530517578,57200,0.0,0.0
2022-02-18 00:00:00-05:00,68.78586612239407,69.96688898555877,68.78586612239407,69.31558990478516,74500,0.0,0.0
2022-02-22 00:00:00-05:00,69.25481898816956,69.82796549789889,68.67299325885655,69.17666625976562,75200,0.0,0.0
2022-02-23 00:00:00-05:00,70.0276987874116,70.0276987874116,68.35168835768171,68.42984771728516,75200,0.0,0.0
2022-02-24 00:00:00-05:00,66.8667229960866,67.85669732599996,66.0677975062194,67.78722381591797,121400,0.0,0.0
2022-02-25 00:00:00-05:00,68.49063399360718,70.2447971219275,68.27353423575097,70.14058685302734,87000,0.0,0.0
2022-02-28 00:00:00-05:00,69.23745921631378,70.93083471476237,68.76852293396826,70.56610870361328,132100,0.0,0.0
2022-03-01 00:00:00-05:00,70.45320831174865,71.05240574039101,67.94353573794427,68.42115783691406,106100,0.0,0.0
2022-03-02 00:00:00-05:00,69.15929249695658,71.09582508878646,68.76851561593286,70.53136444091797,86800,0.0,0.0
2022-03-03 00:00:00-05:00,70.80925624089782,70.80925624089782,68.69904637650369,69.27218627929688,85900,0.0,0.0
2022-03-04 00:00:00-05:00,68.24036599045608,69.00112079751615,67.50584295754349,68.2141342163086,67500,0.55,0.0
2022-03-07 00:00:00-05:00,67.89935191898861,67.89935191898861,66.22045135498047,66.22045135498047,84600,0.0,0.0
2022-03-08 00:00:00-05:00,66.6401491381211,67.79439369371883,65.73948947286713,66.4565200805664,97100,0.0,0.0
2022-03-09 00:00:00-05:00,68.00424100157554,68.62509055496002,67.54079537635242,68.13540649414062,62800,0.0,0.0
2022-03-10 00:00:00-05:00,66.92871834313638,68.07421686130442,66.71011134828868,67.99552154541016,71400,0.0,0.0
2022-03-11 00:00:00-05:00,68.45896829605893,68.87868999627062,67.3134697613425,67.8643569946289,74000,0.0,0.0
2022-03-14 00:00:00-04:00,68.12669192767035,69.21972697974034,67.39216890357392,67.72444915771484,80700,0.0,0.0
2022-03-15 00:00:00-04:00,67.72444147064357,68.60761556045118,67.32220541770045,68.06546783447266,44800,0.0,0.0
2022-03-16 00:00:00-04:00,68.95738206235929,70.78493310046994,68.70379718059823,70.66251373291016,101200,0.0,0.0
2022-03-17 00:00:00-04:00,70.23405449595911,70.81991963650556,69.73563081840594,70.57508087158203,65100,0.0,0.0
2022-03-18 00:00:00-04:00,70.793683770493,72.43760586230282,70.31275241616603,72.42012023925781,245800,0.0,0.0
2022-03-21 00:00:00-04:00,71.8692426798142,72.90106803296943,71.56318752899567,71.8167724609375,96200,0.0,0.0
2022-03-22 00:00:00-04:00,72.29770457964459,73.36450776681968,72.21026311721428,72.90106201171875,92400,0.0,0.0
2022-03-23 00:00:00-04:00,72.11406615123921,72.39388279752704,71.30084798056599,71.71183013916016,73900,0.0,0.0
2022-03-24 00:00:00-04:00,72.03538228140722,72.03538228140722,71.44951707338409,72.00040435791016,41600,0.0,0.0
2022-03-25 00:00:00-04:00,72.2277533951419,73.51316365689593,72.2277533951419,73.16339111328125,72600,0.0,0.0
2022-03-28 00:00:00-04:00,73.18962644964864,73.98535919189453,72.41138600468108,73.98535919189453,75800,0.0,0.0
2022-03-29 00:00:00-04:00,74.85977257922904,75.98778536365715,74.85977257922904,75.7516860961914,79800,0.0,0.0
2022-03-30 00:00:00-04:00,75.93531713965332,76.42500130988614,74.82479662002653,75.23577880859375,92900,0.0,0.0
2022-03-31 00:00:00-04:00,74.7023782111974,76.048998021877,74.7023782111974,75.1046142578125,116000,0.0,0.0
2022-04-01 00:00:00-04:00,75.46313830282702,76.84472945857748,75.46313830282702,76.68733215332031,78900,0.0,0.0
2022-04-04 00:00:00-04:00,76.89721217793965,77.0108854335811,76.3638104829132,76.50371551513672,79700,0.0,0.0
2022-04-05 00:00:00-04:00,76.54742153524509,77.13328664524879,75.56805985525178,76.02276611328125,79700,0.0,0.0
2022-04-06 00:00:00-04:00,75.67301517211364,76.97591128672666,75.26203286186504,76.64363098144531,142100,0.0,0.0
2022-04-07 00:00:00-04:00,76.44248770725913,76.8884478176006,75.67299353389136,76.51244354248047,165300,0.0,0.0
2022-04-08 00:00:00-04:00,76.67859010592879,76.67859010592879,74.9209880347116,75.18331909179688,101500,0.0,0.0
2022-04-11 00:00:00-04:00,75.288255968485,75.47188506378257,73.07595400482225,74.43132019042969,93800,0.0,0.0
2022-04-12 00:00:00-04:00,75.40193014538382,76.07523677686274,74.13400552962234,74.21270751953125,127300,0.0,0.0
2022-04-13 00:00:00-04:00,73.88041960096099,74.58871081507631,73.25957652363348,74.44879913330078,99000,0.0,0.0
2022-04-14 00:00:00-04:00,74.48378251650517,74.50126814233145,71.8080347841882,72.17529296875,76200,0.0,0.0
2022-04-18 00:00:00-04:00,71.69436074385331,72.14032095958348,71.03853964422073,71.66812896728516,75300,0.0,0.0
2022-04-19 00:00:00-04:00,71.60691540807187,74.68490600585938,71.60691540807187,74.68490600585938,98000,0.0,0.0
2022-04-20 00:00:00-04:00,75.23579104416461,76.18891442682191,75.00843788070199,75.77793884277344,103700,0.0,0.0
2022-04-21 00:00:00-04:00,74.87726335288411,76.50369988219582,73.21585557618056,73.32952880859375,106500,0.0,0.0
2022-04-22 00:00:00-04:00,73.44319355326762,73.44319355326762,71.62438868807429,71.71183013916016,92700,0.0,0.0
2022-04-25 00:00:00-04:00,71.5282039270905,72.21899608801239,70.07665043035107,71.85173797607422,85300,0.0,0.0
2022-04-26 00:00:00-04:00,71.12597145607295,72.66496662868329,68.33655062795235,68.66883087158203,88400,0.0,0.0
2022-04-27 00:00:00-04:00,68.73879797213075,69.92802079964744,68.72130567302638,69.1497802734375,94900,0.0,0.0
2022-04-28 00:00:00-04:00,70.0854071541742,70.8199234889003,68.64259958655497,70.47889709472656,73900,0.0,0.0
2022-04-29 00:00:00-04:00,70.06791848574497,70.99481677168322,67.68947975156132,67.93431854248047,107300,0.0,0.0
2022-05-02 00:00:00-04:00,67.881860579312,68.93117845018293,66.82380322958498,68.1966552734375,92500,0.0,0.0
2022-05-03 00:00:00-04:00,68.1004610634072,68.78252061576505,67.33096670277834,67.96055603027344,63300,0.0,0.0
2022-05-04 00:00:00-04:00,68.10919717987875,70.05042842991438,67.24351531777184,69.88428497314453,69500,0.0,0.0
2022-05-05 00:00:00-04:00,68.9049198202362,68.91365929568673,66.0980004461829,66.9287109375,63400,0.0,0.0
2022-05-06 00:00:00-04:00,66.64017200191724,67.54083197618161,65.58211468555324,66.64891815185547,70800,0.0,0.0
2022-05-09 00:00:00-04:00,65.50339406994887,66.85875324755139,65.04868784765702,66.27288818359375,118600,0.0,0.0
2022-05-10 00:00:00-04:00,67.24349980136053,67.24349980136053,63.693318362675676,64.0430908203125,198800,0.0,0.0
2022-05-11 00:00:00-04:00,63.93817777423952,64.06059716055505,61.00009915995427,61.09628677368164,163800,0.0,0.0
2022-05-12 00:00:00-04:00,61.14875572365472,62.22430519432791,60.659078135111116,62.0931396484375,91900,0.0,0.0
2022-05-13 00:00:00-04:00,63.053702521551216,64.95720694482863,63.053702521551216,64.21695709228516,89700,0.55,0.0
2022-05-16 00:00:00-04:00,63.88207316127552,63.88207316127552,62.683567697761355,62.7805061340332,62100,0.0,0.0
2022-05-17 00:00:00-04:00,63.89087872293622,64.78094664011978,63.238753015773035,64.55181884765625,58500,0.0,0.0
2022-05-18 00:00:00-04:00,63.66177336291902,64.4460887160809,62.33989264768895,62.88627243041992,74600,0.0,0.0
2022-05-19 00:00:00-04:00,62.16362454744199,64.15525939929415,62.16362454744199,63.39738082885742,97300,0.0,0.0
2022-05-20 00:00:00-04:00,64.21695516272212,64.21695516272212,62.5337574831932,63.86445236206055,90000,0.0,0.0
2022-05-23 00:00:00-04:00,64.90433239655157,65.18633329443843,64.11120277017235,64.63995361328125,98900,0.0,0.0
2022-05-24 00:00:00-04:00,64.1729004483669,65.04533981422829,62.762895734996796,64.78096771240234,103800,0.0,0.0
2022-05-25 00:00:00-04:00,64.11118779774792,66.50819823170808,64.11118779774792,66.39363098144531,121500,0.0,0.0
2022-05-26 00:00:00-04:00,66.50820727793811,66.60514570745485,64.89551164881172,66.0940170288086,94400,0.0,0.0
2022-05-27 00:00:00-04:00,66.28790452473594,67.99753885771567,66.28790452473594,67.96228790283203,83000,0.0,0.0
2022-05-31 00:00:00-04:00,67.26609221311023,68.21784776158836,66.28790013107965,67.16033935546875,175600,0.0,0.0
2022-06-01 00:00:00-04:00,66.93121743480842,66.93121743480842,65.21277536786596,65.60933685302734,103200,0.0,0.0
2022-06-02 00:00:00-04:00,65.83845511231866,67.4158998502674,65.35376967032978,67.34539794921875,66400,0.0,0.0
2022-06-03 00:00:00-04:00,67.02814225590204,67.08102204035735,65.90895321582357,66.270263671875,71500,0.0,0.0
2022-06-06 00:00:00-04:00,67.10746201289717,67.10746201289717,65.86489122764388,66.1380844116211,52900,0.0,0.0
2022-06-07 00:00:00-04:00,65.26563269979556,66.74613886328008,65.25682500557907,66.64920043945312,56100,0.0,0.0
2022-06-08 00:00:00-04:00,65.83845529218894,66.05876869099431,64.1023846338535,64.33151245117188,112600,0.0,0.0
2022-06-09 00:00:00-04:00,63.92613871851867,64.0318915738783,61.855194045938504,62.04025650024414,155000,0.0,0.0
2022-06-10 00:00:00-04:00,61.19425504829926,62.251756729263,60.665497484385675,61.590816497802734,193800,0.0,0.0
2022-06-13 00:00:00-04:00,60.0486216761155,60.0486216761155,57.93361162415627,58.25967788696289,149800,0.0,0.0
2022-06-14 00:00:00-04:00,58.22442969743961,58.56811809080294,57.122862610138704,57.26386642456055,155400,0.0,0.0
2022-06-15 00:00:00-04:00,57.70448980361208,59.37886629728705,56.840858300580216,58.47117614746094,218700,0.0,0.0
2022-06-16 00:00:00-04:00,56.796799546136306,57.41368118399486,56.32973615043753,56.981868743896484,125800,0.0,0.0
2022-06-17 00:00:00-04:00,57.651613982170595,58.638620521641414,57.51942458582768,57.79261779785156,168800,0.0,0.0
2022-06-21 00:00:00-04:00,59.00874136198568,59.02637019943971,58.36542998697558,58.59455108642578,96100,0.0,0.0
2022-06-22 00:00:00-04:00,57.98648883444768,58.638614607621804,57.68685911806088,57.7485466003418,184700,0.0,0.0
2022-06-23 00:00:00-04:00,57.810241056644905,58.145121763795515,56.94661620052749,57.71330261230469,92000,0.0,0.0
2022-06-24 00:00:00-04:00,58.25086083161864,60.29536888717499,57.97767437079208,60.207244873046875,221700,0.0,0.0
2022-06-27 00:00:00-04:00,60.718370366607154,60.921054916072784,59.92524083440676,60.427555084228516,92800,0.0,0.0
2022-06-28 00:00:00-04:00,60.89462828698503,61.114941708228415,59.10568438223788,59.149749755859375,70300,0.0,0.0
2022-06-29 00:00:00-04:00,59.63443404862348,59.63443404862348,56.884926909825744,57.05236053466797,164600,0.0,0.0
2022-06-30 00:00:00-04:00,55.95960839094222,56.31211120580778,54.646538935369804,56.03892135620117,308900,0.0,0.0
2022-07-01 00:00:00-04:00,55.510163821715736,57.369606029511466,55.510163821715736,57.307918548583984,106000,0.0,0.0
2022-07-05 00:00:00-04:00,56.14467389068724,58.277306286919824,55.13123412617364,58.25086975097656,122200,0.0,0.0
2022-07-06 00:00:00-04:00,58.41830767338245,58.576933605858464,57.40486458942079,58.13630676269531,106300,0.0,0.0
2022-07-07 00:00:00-04:00,58.78843255667229,59.53749684470903,58.40949320294565,59.02637481689453,84900,0.0,0.0
2022-07-08 00:00:00-04:00,58.90299063150581,59.325995341045605,57.50180055780426,58.26849365234375,117000,0.0,0.0
2022-07-11 00:00:00-04:00,57.86312290759691,58.15393152752507,57.34317971279182,57.633995056152344,72500,0.0,0.0
2022-07-12 00:00:00-04:00,57.660421883581975,58.90298593250929,57.29910468931673,57.89835739135742,92500,0.0,0.0
2022-07-13 00:00:00-04:00,57.07879955190752,58.197995523112255,56.567677512481374,57.686866760253906,83100,0.0,0.0
2022-07-14 00:00:00-04:00,56.840861954262145,58.79724618564632,56.54123893244826,58.65624237060547,101300,0.0,0.0
2022-07-15 00:00:00-04:00,59.74900119517541,60.31300300307835,58.761994669629324,59.84593963623047,92900,0.0,0.0
2022-07-18 00:00:00-04:00,60.36586959911289,61.21187222025952,59.19380073633875,59.33480453491211,87700,0.0,0.0
2022-07-19 00:00:00-04:00,59.89880809649896,61.6172499222134,59.89880809649896,61.441001892089844,222400,0.0,0.0
2022-07-20 00:00:00-04:00,61.34407478550732,62.1019535571553,60.35706815364579,61.68776321411133,107600,0.0,0.0
2022-07-21 00:00:00-04:00,60.850573033072855,64.91315328542183,59.599187620758,61.15019607543945,120300,0.0,0.0
2022-07-22 00:00:00-04:00,61.0532399243772,61.63487044752572,60.3746777041344,61.220680236816406,94800,0.0,0.0
2022-07-25 00:00:00-04:00,61.194257100620455,61.88163388864317,60.75363026486929,61.44982147216797,101800,0.0,0.0
2022-07-26 00:00:00-04:00,61.264756480472855,61.96976215533239,60.94751132256171,61.582008361816406,69300,0.0,0.0
2022-07-27 00:00:00-04:00,61.9873828184119,62.9303307438886,61.467446356052626,62.52494812011719,69900,0.0,0.0
2022-07-28 00:00:00-04:00,62.78931300453445,64.04069138342248,62.454439088945335,63.97900390625,50300,0.0,0.0
2022-07-29 00:00:00-04:00,63.9701984428333,64.96601935813419,63.9701984428333,64.93958282470703,65300,0.0,0.0
2022-08-01 00:00:00-04:00,64.30507657500638,65.62695698132248,63.99663915821891,65.44189453125,80000,0.0,0.0
2022-08-02 00:00:00-04:00,65.16871089972516,65.47715508518081,64.17289660135513,64.96602630615234,61300,0.0,0.0
2022-08-03 00:00:00-04:00,65.01006582938031,65.80319530079706,64.56943909230772,65.52119445800781,78900,0.0,0.0
2022-08-04 00:00:00-04:00,65.42425983868905,65.97063944483502,65.17750992734275,65.5828857421875,126000,0.0,0.0
2022-08-05 00:00:00-04:00,65.26564590556316,65.99708807937266,64.8162113660791,65.86489868164062,85600,0.0,0.0
2022-08-08 00:00:00-04:00,66.0940360079225,67.1339157767178,65.99709755056956,66.79904174804688,97500,0.0,0.0
2022-08-09 00:00:00-04:00,66.72852267589447,66.72852267589447,66.08520459914696,66.26145935058594,109800,0.0,0.0
2022-08-10 00:00:00-04:00,67.30134232715221,69.03740633530612,67.0017125959503,68.69371795654297,95300,0.0,0.0
2022-08-11 00:00:00-04:00,68.94928497744628,68.94928497744628,67.76840829170268,68.06803131103516,114700,0.0,0.0
2022-08-12 00:00:00-04:00,68.32542756916364,69.1242384954481,67.83725931718976,68.9289779663086,87500,0.55,0.0
2022-08-15 00:00:00-04:00,68.39642690012577,69.42601563867997,68.20115960338964,69.12423706054688,90300,0.0,0.0
2022-08-16 00:00:00-04:00,68.79584108288842,68.92897849550799,68.31655046044797,68.38755798339844,66200,0.0,0.0
2022-08-17 00:00:00-04:00,67.39348198545129,68.07691086316481,66.88756516719164,67.89939880371094,68900,0.0,0.0
2022-08-18 00:00:00-04:00,67.73074581974025,68.14790653567354,67.44672251105266,67.93489074707031,79800,0.0,0.0
2022-08-19 00:00:00-04:00,67.34909376146547,67.9615218163415,67.2248339781066,67.82838439941406,94700,0.0,0.0
2022-08-22 00:00:00-04:00,66.86981532698455,66.87869296217328,65.9644929156309,66.43490600585938,79200,0.0,0.0
2022-08-23 00:00:00-04:00,66.28400740083025,67.02956609458876,66.02661020275163,66.76329803466797,103400,0.0,0.0
2022-08-24 00:00:00-04:00,66.92306058439733,67.44672583461188,66.7455417754389,67.27809143066406,55400,0.0,0.0
2022-08-25 00:00:00-04:00,67.47334585407339,68.72482795023437,67.47334585407339,68.0502700805664,44400,0.0,0.0
2022-08-26 00:00:00-04:00,68.05915256656233,68.22779373891787,65.40530906142283,65.42305755615234,71300,0.0,0.0
2022-08-29 00:00:00-04:00,64.97040513584156,65.38756594180462,64.54437346669086,64.59762573242188,69700,0.0,0.0
2022-08-30 00:00:00-04:00,64.65975171760685,64.65975171760685,63.781055527996934,63.84318542480469,59100,0.0,0.0
2022-08-31 00:00:00-04:00,64.29583988206849,64.57986319028649,63.35500717163086,63.35500717163086,78500,0.0,0.0
2022-09-01 00:00:00-04:00,62.99110815929529,63.74554446897057,62.5473212981157,63.46152114868164,73300,0.0,0.0
2022-09-02 00:00:00-04:00,64.11831779755612,64.84612791080929,62.51181167758683,62.87571334838867,57200,0.0,0.0
2022-09-06 00:00:00-04:00,62.875727099294366,63.62129264050962,62.41419168551422,63.363895416259766,61200,0.0,0.0
2022-09-07 00:00:00-04:00,63.29288634068345,64.53549103130104,63.19525267967166,64.48223876953125,51500,0.0,0.0
2022-09-08 00:00:00-04:00,63.985192135919824,65.78697264217014,63.985192135919824,65.59170532226562,71400,0.0,0.0
2022-09-09 00:00:00-04:00,65.80471314442038,66.92305789514315,65.80471314442038,66.25737762451172,64100,0.0,0.0
2022-09-12 00:00:00-04:00,66.93193218172262,68.26329265642089,66.83429853851278,67.48222351074219,86400,0.0,0.0
2022-09-13 00:00:00-04:00,65.87573397112672,66.18638347250493,64.29585355984504,64.69525909423828,70700,0.0,0.0
2022-09-14 00:00:00-04:00,64.38461825021855,64.87277988326656,62.97337208040943,63.710060119628906,61300,0.0,0.0
2022-09-15 00:00:00-04:00,63.75443083230837,64.64200467620525,62.96449065297224,63.29288864135742,54600,0.0,0.0
2022-09-16 00:00:00-04:00,62.70708037850715,64.77512862969503,62.24553828358687,64.44672393798828,250200,0.0,0.0
2022-09-19 00:00:00-04:00,63.72780562412326,65.56508323675315,63.72780562412326,65.0857925415039,89800,0.0,0.0
2022-09-20 00:00:00-04:00,64.3579833393033,64.40235796990189,63.079874797002304,63.53253936767578,76200,0.0,0.0
2022-09-21 00:00:00-04:00,64.10056685563944,65.22778235479925,62.93784759967118,62.964473724365234,129200,0.0,0.0
2022-09-22 00:00:00-04:00,63.026616220867815,63.026616220867815,61.88164522830919,62.22779846191406,87600,0.0,0.0
2022-09-23 00:00:00-04:00,61.55324817889466,61.96153135743252,59.51183228620537,60.90532302856445,116300,0.0,0.0
2022-09-26 00:00:00-04:00,60.87867766738856,61.33134215665756,59.5650723655001,59.866844177246094,139900,0.0,0.0
2022-09-27 00:00:00-04:00,60.34613421973084,61.07394438591368,58.13607759353479,58.23371124267578,135100,0.0,0.0
2022-09-28 00:00:00-04:00,58.819509537524354,59.636082535430035,58.3846002953134,58.99702835083008,129900,0.0,0.0
2022-09-29 00:00:00-04:00,58.366852112959926,58.366852112959926,56.423063419647896,56.689334869384766,121800,0.0,0.0
2022-09-30 00:00:00-04:00,56.689338565440586,57.01773992866647,55.54437091833944,55.588748931884766,166400,0.0,0.0
2022-10-03 00:00:00-04:00,56.334304521443315,57.06211469360777,55.686376118703,56.43193817138672,121400,0.0,0.0
2022-10-04 00:00:00-04:00,57.39052525851022,59.085787698209245,57.008868252978395,58.278099060058594,131000,0.0,0.0
2022-10-05 00:00:00-04:00,57.39053084763998,57.83431779163354,56.67159139364748,57.34614944458008,76300,0.0,0.0
2022-10-06 00:00:00-04:00,56.973359225705394,57.26625340670727,56.13016351495512,56.520694732666016,88900,0.0,0.0
2022-10-07 00:00:00-04:00,55.597621505703884,55.597621505703884,53.29880526071054,53.64495849609375,118700,0.0,0.0
2022-10-10 00:00:00-04:00,53.9378595279783,54.30176464579341,53.22780117441531,53.36093521118164,94000,0.0,0.0
2022-10-11 00:00:00-04:00,52.44673043143711,52.78400938780254,49.50886024520599,50.405311584472656,321800,0.0,0.0
2022-10-12 00:00:00-04:00,50.69821421790001,50.69821421790001,49.37573115952877,49.384605407714844,190600,0.0,0.0
2022-10-13 00:00:00-04:00,48.275134018823955,50.8757252855059,47.3609341720182,50.61832809448242,334100,0.0,0.0
2022-10-14 00:00:00-04:00,51.141998775073596,51.35501796587008,49.18933583843563,49.27809524536133,173800,0.0,0.0
2022-10-17 00:00:00-04:00,50.21004411268673,51.73667196545797,49.80176102186535,51.19525146484375,156900,0.0,0.0
2022-10-18 00:00:00-04:00,52.42011306685935,52.677506911442784,51.82543682370154,52.1005859375,224300,0.0,0.0
2022-10-19 00:00:00-04:00,51.044362174690214,51.38164112989374,50.58282682861168,51.19525146484375,159300,0.0,0.0
2022-10-20 00:00:00-04:00,46.45561929671495,51.390531530834394,46.45561929671495,50.45857620239258,272200,0.0,0.0
2022-10-21 00:00:00-04:00,51.17750021372556,51.426019770181156,50.21004473003409,51.34613800048828,284100,0.0,0.0
2022-10-24 00:00:00-04:00,51.71892533831145,52.34022767074352,51.49703189000181,51.940818786621094,104100,0.0,0.0
2022-10-25 00:00:00-04:00,51.869814685075895,53.112419432040646,51.869814685075895,53.01478576660156,117900,0.0,0.0
2022-10-26 00:00:00-04:00,53.298801957748616,53.795844466829685,52.748507191647306,52.757381439208984,125100,0.0,0.0
2022-10-27 00:00:00-04:00,53.298808289965734,54.079874215366985,52.934903151851316,53.02366256713867,145700,0.0,0.0
2022-10-28 00:00:00-04:00,53.07690605389463,54.11536903317476,53.07690605389463,53.72483444213867,99800,0.0,0.0
2022-10-31 00:00:00-04:00,53.51182031540269,54.3816421534684,53.360931022587955,53.39643478393555,114700,0.0,0.0
2022-11-01 00:00:00-04:00,53.85797904122453,54.106498624466084,53.37868837140835,53.69821548461914,90300,0.0,0.0
2022-11-02 00:00:00-04:00,53.742592326123415,55.065078763448895,52.75738487714694,52.79288864135742,160500,0.0,0.0
2022-11-03 00:00:00-04:00,52.06506765768568,52.36684281953633,51.39938745235259,51.461517333984375,125800,0.0,0.0
2022-11-04 00:00:00-04:00,52.14495957006285,52.88164743258923,51.9674441369146,52.64200210571289,87600,0.0,0.0
2022-11-07 00:00:00-05:00,53.059162355538646,53.36981522684073,52.43786338458539,52.553245544433594,133700,0.0,0.0
2022-11-08 00:00:00-05:00,52.81951619133607,53.920109210666766,52.10945781716727,52.90827560424805,121200,0.0,0.0
2022-11-09 00:00:00-05:00,52.34910327011044,52.81064206080646,51.452655205564135,51.994075775146484,91900,0.0,0.0
2022-11-10 00:00:00-05:00,54.144435156636604,57.86277848582981,54.144435156636604,57.74629592895508,194200,0.55,0.0
2022-11-11 00:00:00-05:00,58.04197645457068,60.58658044509644,57.48646946673717,59.76226806640625,171900,0.0,0.0
2022-11-14 00:00:00-05:00,59.251564397732636,60.272988109430116,58.024067690004905,58.230140686035156,131600,0.0,0.0
2022-11-15 00:00:00-05:00,59.12611767366437,59.39491622367053,58.17637464574982,58.48100662231445,96500,0.0,0.0
2022-11-16 00:00:00-05:00,58.37349582410328,59.12612086744489,57.14599240532209,58.89316940307617,104600,0.0,0.0
2022-11-17 00:00:00-05:00,58.18533172938377,59.4307516947327,57.76421722504569,58.62436294555664,104900,0.0,0.0
2022-11-18 00:00:00-05:00,59.67266721734269,60.210257459045984,58.28389299592843,59.06339645385742,155700,0.0,0.0
2022-11-21 00:00:00-05:00,58.58852647698374,59.38595350392406,58.01509595953971,58.30181121826172,88500,0.0,0.0
2022-11-22 00:00:00-05:00,58.561651688515774,58.964842696743524,58.104696866247956,58.32869338989258,89200,0.0,0.0
2022-11-23 00:00:00-05:00,58.00613758759748,58.57956813867727,57.701505598012574,58.54372787475586,73000,0.0,0.0
2022-11-25 00:00:00-05:00,58.46308663012,59.1261143575631,58.37348939708673,58.534767150878906,36200,0.0,0.0
2022-11-28 00:00:00-05:00,58.06885815546274,59.807073412906966,58.06885815546274,59.17988586425781,268100,0.0,0.0
2022-11-29 00:00:00-05:00,59.1977922117126,59.448667187237206,58.32868473519494,58.498924255371094,90600,0.0,0.0
2022-11-30 00:00:00-05:00,58.46310265019255,59.394929167905495,56.91304685214583,59.35908889770508,147200,0.0,0.0
2022-12-01 00:00:00-05:00,59.43075048837152,60.44321216433347,58.964833960158124,60.32673645019531,115400,0.0,0.0
2022-12-02 00:00:00-05:00,59.09027764252215,61.06145106667556,58.982763690763804,60.55073928833008,136000,0.0,0.0
2022-12-05 00:00:00-05:00,60.05794435333145,61.12416994945035,60.05794435333145,60.523860931396484,123800,0.0,0.0
2022-12-06 00:00:00-05:00,60.27299108393235,60.55075146543991,58.13158452690182,58.373504638671875,157200,0.0,0.0
2022-12-07 00:00:00-05:00,58.498924255371094,59.77122268029181,58.36452499395994,58.498924255371094,87000,0.0,0.0
2022-12-08 00:00:00-05:00,59.000678779518054,59.99522382088445,58.85732456917717,59.376991271972656,90700,0.0,0.0
2022-12-09 00:00:00-05:00,59.66370931898248,60.50593841505593,59.31427529738418,59.869789123535156,81000,0.0,0.0
2022-12-12 00:00:00-05:00,60.07586404648764,60.389457779384955,59.627871046397,59.878746032714844,93200,0.0,0.0
2022-12-13 00:00:00-05:00,61.97535385870754,63.050541227506606,60.317781022118986,61.03457260131836,302800,0.0,0.0
2022-12-14 00:00:00-05:00,60.873293043195446,61.90367150865036,59.57410919867647,59.88770294189453,100300,0.0,0.0
2022-12-15 00:00:00-05:00,58.96484069274641,58.96484069274641,57.280389353086456,57.9971809387207,118200,0.0,0.0
2022-12-16 00:00:00-05:00,57.217671763496945,58.10469607095594,57.12807110451606,57.63878631591797,225100,0.0,0.0
2022-12-19 00:00:00-05:00,57.34310809217143,58.17637540506904,56.975753942672576,57.674625396728516,157900,0.0,0.0
2022-12-20 00:00:00-05:00,57.55813757636785,57.737338874287104,56.599432848949135,56.608394622802734,120100,0.0,0.0
2022-12-21 00:00:00-05:00,57.00262966443195,57.60294207545388,56.76967480299602,57.26246643066406,90700,0.0,0.0
2022-12-22 00:00:00-05:00,56.62632358665465,56.62632358665465,55.36298329151478,55.927452087402344,158200,0.0,0.0
2022-12-23 00:00:00-05:00,55.65864825132235,56.895109863642986,55.34505452475184,56.608394622802734,71000,0.0,0.0
2022-12-27 00:00:00-05:00,56.608398347622746,57.35206840230224,55.86472829294326,57.28038787841797,77800,0.0,0.0
2022-12-28 00:00:00-05:00,56.97575880324353,57.4685504968673,56.438168486184125,56.53672409057617,107000,0.0,0.0
2022-12-29 00:00:00-05:00,56.9309514799474,58.20324996425675,56.9309514799474,58.185333251953125,101300,0.0,0.0
2022-12-30 00:00:00-05:00,57.826935735747625,58.22117175281979,57.316224002645285,57.844852447509766,114500,0.0,0.0
2023-01-03 00:00:00-05:00,58.48997129397215,59.448676143928054,58.158460813152864,59.26948165893555,144100,0.0,0.0
2023-01-04 00:00:00-05:00,59.90563044317358,60.676179026397016,59.77123116268924,60.344661712646484,118300,0.0,0.0
2023-01-05 00:00:00-05:00,59.89666667805068,60.093784704767174,59.10820140701585,59.52931594848633,77500,0.0,0.0
2023-01-06 00:00:00-05:00,60.09379145862344,61.62592697143555,59.97731571876004,61.62592697143555,98400,0.0,0.0
2023-01-09 00:00:00-05:00,61.71552392060875,62.772787857372165,61.45568711525322,62.163516998291016,99000,0.0,0.0
2023-01-10 00:00:00-05:00,62.25312015517555,62.94302647676342,62.091842376179045,62.30687713623047,125200,0.0,0.0
2023-01-11 00:00:00-05:00,62.45021865159855,64.54682935175514,62.45021865159855,64.51995086669922,104200,0.0,0.0
2023-01-12 00:00:00-05:00,64.69916281495404,64.96796140984054,63.821100165211625,64.95899963378906,103400,0.0,0.0
2023-01-13 00:00:00-05:00,64.70811429277121,66.67032594999478,64.31387823923524,66.24024963378906,124700,0.0,0.0
2023-01-17 00:00:00-05:00,66.01624060698225,66.50007380757657,64.85145621638519,65.41593170166016,91300,0.0,0.0
2023-01-18 00:00:00-05:00,65.75643207653886,66.56282108999326,64.34973390033672,64.57373046875,128200,0.0,0.0
2023-01-19 00:00:00-05:00,63.92860190688639,64.15259841450396,63.417890142951585,64.13468170166016,66100,0.0,0.0
2023-01-20 00:00:00-05:00,64.6812260287592,65.50553143808365,63.785240104929116,65.47865295410156,100300,0.0,0.0
2023-01-23 00:00:00-05:00,65.27258851439254,65.95353989047051,65.00379677561061,65.77434539794922,108300,0.0,0.0
2023-01-24 00:00:00-05:00,66.09689848211923,66.09689848211923,64.08092954688482,65.71162414550781,143600,0.0,0.0
2023-01-25 00:00:00-05:00,64.82459537928663,64.83355715465282,63.28349813622531,64.18844604492188,194800,0.0,0.0
2023-01-26 00:00:00-05:00,63.507496642544815,63.704614691734434,61.634888846907245,62.082881927490234,304500,0.0,0.0
2023-01-27 00:00:00-05:00,61.83200410249263,63.91964656845625,61.83200410249263,63.68669509887695,119400,0.0,0.0
2023-01-30 00:00:00-05:00,62.91615715707615,64.8783692815794,62.91615715707615,64.2780532836914,118500,0.0,0.0
2023-01-31 00:00:00-05:00,64.30490668251063,65.8908055942008,64.20635451994958,65.82808685302734,123100,0.0,0.0
2023-02-01 00:00:00-05:00,65.37113659921769,67.77237931075818,65.23673733439632,67.21686553955078,107900,0.0,0.0
2023-02-02 00:00:00-05:00,67.81718881022606,70.66642482761989,67.79031032146887,69.36724090576172,133300,0.0,0.0
2023-02-03 00:00:00-05:00,67.91575305110409,68.95509343271763,67.0645621052655,68.1487045288086,151800,0.0,0.0
2023-02-06 00:00:00-05:00,67.96055367590436,67.96055367590436,66.67929310304336,66.93016815185547,91700,0.0,0.0
2023-02-07 00:00:00-05:00,66.4552919362035,67.53047943115234,66.28505921393966,67.53047943115234,99000,0.0,0.0
2023-02-08 00:00:00-05:00,67.09143645517221,67.69175233514993,66.50008918602508,66.57176971435547,68500,0.0,0.0
2023-02-09 00:00:00-05:00,67.20792933751565,67.29752659376402,65.55931111204944,65.98938751220703,66600,0.0,0.0
2023-02-10 00:00:00-05:00,65.57722459989002,66.54488438901963,65.32634958656637,66.24921417236328,75800,0.0,0.0
2023-02-13 00:00:00-05:00,66.19544725786315,67.50358607737654,66.14169028204911,67.4498291015625,58800,0.0,0.0
2023-02-14 00:00:00-05:00,66.96599908188648,67.55735318804285,65.97145396577365,66.22233581542969,108800,0.0,0.0
2023-02-15 00:00:00-05:00,65.51451323974706,67.06456553377357,64.99483960445735,66.4373779296875,47400,0.0,0.0
2023-02-16 00:00:00-05:00,65.51451043781866,66.7509688769212,65.37114937111187,65.6489028930664,54100,0.0,0.0
2023-02-17 00:00:00-05:00,65.80121799631239,66.5986450375433,65.33530142014513,66.48216247558594,102700,0.0,0.0
2023-02-21 00:00:00-05:00,65.60409830577252,66.22233085483781,64.94107055664062,64.94107055664062,186300,0.0,0.0
2023-02-22 00:00:00-05:00,65.00379681536566,65.65786286571691,64.52891842181357,64.80667877197266,94400,0.0,0.0
2023-02-23 00:00:00-05:00,65.20985686566628,65.46969361353155,64.04507922290483,65.05754089355469,117400,0.0,0.0
2023-02-24 00:00:00-05:00,64.3766046548069,64.69916022140777,63.910694856290064,64.60060119628906,113100,0.0,0.0
2023-02-27 00:00:00-05:00,65.38907100516856,65.62202247798915,64.2601265633647,64.51100158691406,54100,0.0,0.0
2023-02-28 00:00:00-05:00,64.51099398273159,65.96249380824217,64.51099398273159,64.83354949951172,127300,0.0,0.0
2023-03-01 00:00:00-05:00,64.68123836726308,65.04858911147707,63.60605095206764,64.01820373535156,98600,0.0,0.0
2023-03-02 00:00:00-05:00,63.31934885341036,63.9734218464694,62.84447721809556,63.847984313964844,117900,0.0,0.0
2023-03-03 00:00:00-05:00,64.15506769715206,64.86860511919186,63.649271809509536,64.75119018554688,83900,0.57,0.0
2023-03-06 00:00:00-05:00,64.6608397404003,64.92277162589697,64.22730253685036,64.56149291992188,70000,0.0,0.0
2023-03-07 00:00:00-05:00,64.60666599037282,64.62473406490547,63.667325952265564,63.72152328491211,70000,0.0,0.0
2023-03-08 00:00:00-05:00,63.98343201650583,64.31762240055006,63.64924852341122,64.0918197631836,75700,0.0,0.0
2023-03-09 00:00:00-05:00,64.0195686871033,64.16408569942732,61.544773424132956,61.60799789428711,134100,0.0,0.0
2023-03-10 00:00:00-05:00,61.13833955490845,61.328012990713425,58.1125779463896,58.62741470336914,133400,0.0,0.0
2023-03-13 00:00:00-04:00,57.30872366991042,58.582250709442846,56.67647544595996,57.86871337890625,205700,0.0,0.0
2023-03-14 00:00:00-04:00,59.40416443261076,59.72932083438502,57.859674969658414,58.60030746459961,134500,0.0,0.0
2023-03-15 00:00:00-04:00,57.28163190570486,58.02226454584756,56.784866614703205,57.64291763305664,281600,0.0,0.0
2023-03-16 00:00:00-04:00,56.97453019363742,58.4919243809254,56.279057570674155,57.66096878051758,137700,0.0,0.0
2023-03-17 00:00:00-04:00,57.272584136611606,57.913866282610655,56.423567411078736,57.16419982910156,380900,0.0,0.0
2023-03-20 00:00:00-04:00,57.71517320113005,57.79646231334759,55.646819581187174,55.98100662231445,196800,0.0,0.0
2023-03-21 00:00:00-04:00,57.028722199427555,58.09451108523078,56.71259983731446,57.38097381591797,247300,0.0,0.0
2023-03-22 00:00:00-04:00,57.462271826744434,57.462271826744434,55.92681273234414,55.98100662231445,253100,0.0,0.0
2023-03-23 00:00:00-04:00,56.2971181252167,56.64936970652279,54.526822737781615,54.68037033081055,171100,0.0,0.0
2023-03-24 00:00:00-04:00,54.04813533194732,55.005540036653116,53.32556736871457,54.96037673950195,227300,0.0,0.0
2023-03-27 00:00:00-04:00,55.42100460051291,55.90873916580027,55.240361786094425,55.2945556640625,99400,0.0,0.0
2023-03-28 00:00:00-04:00,55.07778581365487,55.746163220252086,54.54489138469128,55.14101028442383,360700,0.0,0.0
2023-03-29 00:00:00-04:00,55.70101367732524,56.01713955466285,54.833932053811296,55.4210205078125,139800,0.0,0.0
2023-03-30 00:00:00-04:00,55.83648979553703,56.098421747016715,55.366819779410726,56.00809860229492,164100,0.0,0.0
2023-03-31 00:00:00-04:00,56.51388971543359,57.79645062146971,56.36034555979256,57.769351959228516,191800,0.0,0.0
2023-04-03 00:00:00-04:00,57.67000647289749,57.724200359644065,56.7758297371708,57.03776168823242,150100,0.0,0.0
2023-04-04 00:00:00-04:00,57.07388021326231,57.07388021326231,56.01712539770047,56.17066955566406,107400,0.0,0.0
2023-04-05 00:00:00-04:00,55.764229654064245,56.134545900058036,55.502297726404514,55.75519561767578,85500,0.0,0.0
2023-04-06 00:00:00-04:00,55.87262060470612,56.857120513916016,55.66488253429175,56.857120513916016,109900,0.0,0.0
2023-04-10 00:00:00-04:00,56.62227355265203,57.53451822483551,56.62227355265203,57.344844818115234,127500,0.0,0.0
2023-04-11 00:00:00-04:00,57.73322853386785,58.63643926896948,57.63387824720611,58.347412109375,114600,0.0,0.0
2023-04-12 00:00:00-04:00,58.9977215978208,58.9977215978208,55.73713047760435,55.82745361328125,271100,0.0,0.0
2023-04-13 00:00:00-04:00,55.85456072418721,56.974543726727994,55.4390845480334,55.55649948120117,197000,0.0,0.0
2023-04-14 00:00:00-04:00,55.42101021559532,55.92680601264257,54.44554098618912,54.71650695800781,201700,0.0,0.0
2023-04-17 00:00:00-04:00,54.39135790743748,56.0081026930728,54.32813342425221,55.80939865112305,108000,0.0,0.0
2023-04-18 00:00:00-04:00,55.99003161910834,56.080351308998715,54.98746721213879,55.52939224243164,115700,0.0,0.0
2023-04-19 00:00:00-04:00,55.38488986659139,56.1255224989218,55.28553612034384,55.664886474609375,143600,0.0,0.0
2023-04-20 00:00:00-04:00,56.4958329191812,56.6132512838996,54.644251531586214,55.08682632446289,200900,0.0,0.0
2023-04-21 00:00:00-04:00,55.195205647569615,56.378409442729584,54.987467602965005,56.288089752197266,163500,0.0,0.0
2023-04-24 00:00:00-04:00,56.251964510159006,56.44164138656678,55.26746465304237,55.99003601074219,116400,0.0,0.0
2023-04-25 00:00:00-04:00,55.77326159791035,55.77326159791035,54.201673439304166,54.319091796875,154900,0.0,0.0
2023-04-26 00:00:00-04:00,54.03909869383843,54.49973464215157,52.97330977525853,53.126853942871094,109800,0.0,0.0
2023-04-27 00:00:00-04:00,53.289430616524996,53.51523328862891,52.901049744868224,53.506202697753906,232600,0.0,0.0
2023-04-28 00:00:00-04:00,53.43394282426477,54.30102423608634,53.43394282426477,54.24683380126953,202200,0.0,0.0
2023-05-01 00:00:00-04:00,54.255868029745436,54.8429563797768,53.804262666790684,53.94877624511719,120100,0.0,0.0
2023-05-02 00:00:00-04:00,53.50621133331827,53.50621133331827,51.95268759596228,52.30493927001953,234200,0.0,0.0
2023-05-03 00:00:00-04:00,52.40428868882749,53.03653690968338,51.04043851227722,51.085601806640625,118500,0.0,0.0
2023-05-04 00:00:00-04:00,50.5978683536212,50.5978683536212,48.99015426635742,48.99015426635742,163800,0.0,0.0
2023-05-05 00:00:00-04:00,49.92948792598823,50.02884165731386,49.45981793411509,49.775943756103516,110400,0.0,0.0
2023-05-08 00:00:00-04:00,49.94755011228646,49.94755011228646,48.80047213069643,49.035308837890625,120700,0.0,0.0
2023-05-09 00:00:00-04:00,48.57467141773087,49.008212149862054,48.15016472226569,48.91789245605469,153500,0.0,0.0
2023-05-10 00:00:00-04:00,49.667559807604434,50.092066509908385,49.39659383086616,49.93852233886719,189700,0.0,0.0
2023-05-11 00:00:00-04:00,49.441759499839954,49.6133683072752,48.82757589521021,49.38756561279297,114500,0.0,0.0
2023-05-12 00:00:00-04:00,49.45144807981821,49.907810647198026,49.360176959050285,49.56097412109375,102600,0.57,0.0
2023-05-15 00:00:00-04:00,49.63399404450067,49.81653976869435,49.442319119123745,49.77090072631836,136500,0.0,0.0
2023-05-16 00:00:00-04:00,49.53360048538872,49.6431265421515,49.04072800730033,49.524471282958984,175700,0.0,0.0
2023-05-17 00:00:00-04:00,49.798284417142,51.048716872126796,49.66137425473904,51.01220703125,204800,0.0,0.0
2023-05-18 00:00:00-04:00,50.93920310457884,51.724143981933594,50.78403798435193,51.724143981933594,179900,0.0,0.0
2023-05-19 00:00:00-04:00,52.30828260601743,52.30828260601743,51.09435641550521,51.39555740356445,91500,0.0,0.0
2023-05-22 00:00:00-04:00,51.50508982643203,52.043597901787486,50.82967156105862,51.96145248413086,132800,0.0,0.0
2023-05-23 00:00:00-04:00,51.879301809866284,52.527335882512375,50.738395281220185,50.95745086669922,103400,0.0,0.0
2023-05-24 00:00:00-04:00,50.729270550009495,50.729270550009495,49.378434129798066,49.49708938598633,94100,0.0,0.0
2023-05-25 00:00:00-04:00,49.39668224605961,49.761773684746586,48.59348665178027,48.976829528808594,106000,0.0,0.0
2023-05-26 00:00:00-04:00,48.93120111302387,49.36930881434686,48.74865536703,49.323673248291016,85500,0.0,0.0
2023-05-30 00:00:00-04:00,49.433199391776654,49.88956201669401,49.122872667562035,49.789161682128906,141100,0.0,0.0
2023-05-31 00:00:00-04:00,49.697890613487324,50.38243455173985,49.086362884794404,49.661380767822266,280300,0.0,0.0
2023-06-01 00:00:00-04:00,49.78916368285268,50.866179799478,49.30542039516815,50.82966995239258,226800,0.0,0.0
2023-06-02 00:00:00-04:00,51.568978657864925,53.42180987423754,51.39556210696618,53.339664459228516,364700,0.0,0.0
2023-06-05 00:00:00-04:00,52.94718904126398,53.62260724319988,52.82853726828141,52.910682678222656,236000,0.0,0.0
2023-06-06 00:00:00-04:00,52.66424584978812,54.91867477384771,52.66424584978812,54.234130859375,199500,0.0,0.0
2023-06-07 00:00:00-04:00,54.58096890714337,55.39329381740312,54.09722564188094,55.15598678588867,215500,0.0,0.0
2023-06-08 00:00:00-04:00,54.85478344424856,56.424671911486044,54.4258049653737,56.20561981201172,193400,0.0,0.0
2023-06-09 00:00:00-04:00,56.31514418670289,56.342524827880176,54.818275451660156,54.818275451660156,220600,0.0,0.0
2023-06-12 00:00:00-04:00,54.900424372284725,55.25638665746304,53.72300798148685,54.097225189208984,183600,0.0,0.0
2023-06-13 00:00:00-04:00,54.215884056733394,55.30202590717119,54.188499930208096,54.48057174682617,211500,0.0,0.0
2023-06-14 00:00:00-04:00,54.67224167684669,55.429801793468584,54.06071397333156,54.32540512084961,186700,0.0,0.0
2023-06-15 00:00:00-04:00,54.2797709524857,56.73500058630373,54.2797709524857,56.096092224121094,239200,0.0,0.0
2023-06-16 00:00:00-04:00,56.552461152816825,56.6711164217491,55.3750446302149,55.73101043701172,388600,0.0,0.0
2023-06-20 00:00:00-04:00,55.18336275213852,55.42067324531089,54.298021707897554,54.9095458984375,121400,0.0,0.0
2023-06-21 00:00:00-04:00,54.75438403165335,54.75438403165335,53.84165886913169,53.93292999267578,120700,0.0,0.0
2023-06-22 00:00:00-04:00,53.85078419050277,53.85078419050277,52.235260246975265,52.445186614990234,187600,0.0,0.0
2023-06-23 00:00:00-04:00,51.66937526961267,52.10748295747085,50.41894269290681,50.57410430908203,360100,0.0,0.0
2023-06-26 00:00:00-04:00,50.491958041086264,51.59635470305266,50.491958041086264,51.094356536865234,141800,0.0,0.0
2023-06-27 00:00:00-04:00,51.39555887829367,52.18962885231688,50.993957549357916,51.63286590576172,87700,0.0,0.0
2023-06-28 00:00:00-04:00,51.84279011750866,51.87017424082401,51.32253703753089,51.4868278503418,97000,0.0,0.0
2023-06-29 00:00:00-04:00,51.52333300811547,53.34878322288116,51.139986652494294,53.2027473449707,227800,0.0,0.0
2023-06-30 00:00:00-04:00,53.741260877468626,53.741260877468626,52.801151551650634,52.92893600463867,163900,0.0,0.0
2023-07-03 00:00:00-04:00,52.65511537180389,53.61347961425781,52.65511537180389,53.61347961425781,58600,0.0,0.0
2023-07-05 00:00:00-04:00,53.03846103343356,53.29402297095144,52.2535168176055,53.06584167480469,140400,0.0,0.0
2023-07-06 00:00:00-04:00,52.26264786051032,52.46344853573783,51.112615542776915,52.454322814941406,133100,0.0,0.0
2023-07-07 00:00:00-04:00,52.51820733230013,53.31227725855336,52.51820733230013,53.07497024536133,104900,0.0,0.0
2023-07-10 00:00:00-04:00,52.81940112309555,53.62260019452185,52.59121984567205,52.773765563964844,180900,0.0,0.0
2023-07-11 00:00:00-04:00,52.92893204786554,53.51307557648965,52.719002203106804,53.31227493286133,176000,0.0,0.0
2023-07-12 00:00:00-04:00,54.44405605165934,56.890159708004624,54.44405605165934,56.588958740234375,265700,0.0,0.0
2023-07-13 00:00:00-04:00,57.09096181000921,58.5239436085216,56.84452558281678,58.450923919677734,263600,0.0,0.0
2023-07-14 00:00:00-04:00,58.28663677532596,58.28663677532596,56.99056507081988,58.06758117675781,121600,0.0,0.0
2023-07-17 00:00:00-04:00,57.921542551209356,58.64259632215729,57.319144035653345,57.80289077758789,111500,0.0,0.0
2023-07-18 00:00:00-04:00,58.031069567804565,59.30888623347866,58.031069567804565,59.23586654663086,160900,0.0,0.0
2023-07-19 00:00:00-04:00,59.40016010903127,60.34026598919346,58.80688731213503,60.18510437011719,159300,0.0,0.0
2023-07-20 00:00:00-04:00,56.91754718806441,59.83826520475094,56.91754718806441,59.664852142333984,259200,0.0,0.0
2023-07-21 00:00:00-04:00,59.92041222977214,59.92041222977214,59.01681620959109,59.509681701660156,138300,0.0,0.0
2023-07-24 00:00:00-04:00,59.97517376941576,60.76924722297112,59.82914135428585,60.358516693115234,120200,0.0,0.0
2023-07-25 00:00:00-04:00,60.12120872529894,61.32600565653902,60.11207952391839,60.32200241088867,142100,0.0,0.0
2023-07-26 00:00:00-04:00,60.39501805701452,61.73672506509881,60.39501805701452,61.09782028198242,203100,0.0,0.0
2023-07-27 00:00:00-04:00,61.19821834255775,61.59069039872157,59.82000154576764,60.01167297363281,216600,0.0,0.0
2023-07-28 00:00:00-04:00,60.79662998580197,61.17997292287011,58.4144165055997,58.679107666015625,210300,0.0,0.0
2023-07-31 00:00:00-04:00,58.496556513430455,59.58270176296117,58.250123765856195,58.697357177734375,141800,0.0,0.0
2023-08-01 00:00:00-04:00,58.41441105176738,58.733863469498644,57.182233461352254,58.058448791503906,109900,0.0,0.0
2023-08-02 00:00:00-04:00,57.200489681732016,58.0675793646081,56.86278231450867,57.87590789794922,90800,0.0,0.0
2023-08-03 00:00:00-04:00,57.51994849309259,58.560458253797414,57.255257321989504,58.39616394042969,97600,0.0,0.0
2023-08-04 00:00:00-04:00,58.64259394431039,59.66484867247105,57.99455988965573,58.85252380371094,65900,0.0,0.0
2023-08-07 00:00:00-04:00,59.0989608960626,60.376777659496504,59.007689762290426,60.331138610839844,97600,0.0,0.0
2023-08-08 00:00:00-04:00,59.54618818524873,60.05731901603596,58.43266236285496,60.020809173583984,112600,0.0,0.0
2023-08-09 00:00:00-04:00,60.020808345038134,60.67797157302116,59.810878494722324,60.49542236328125,141700,0.0,0.0
2023-08-10 00:00:00-04:00,60.61408872385332,61.19823234150375,60.23986801941476,60.54106903076172,110000,0.0,0.0
2023-08-11 00:00:00-04:00,60.706784072530276,61.01979716785307,60.182021453271204,60.74361038208008,129400,0.57,0.0
2023-08-14 00:00:00-04:00,60.495031446424086,60.7988432167053,60.191219676142865,60.2004280090332,115200,0.0,0.0
2023-08-15 00:00:00-04:00,59.67566494726068,59.67566494726068,58.2947100283726,58.580108642578125,134600,0.0,0.0
2023-08-16 00:00:00-04:00,58.66295892046136,59.42708890141385,58.506448889203206,58.61692428588867,114500,0.0,0.0
2023-08-17 00:00:00-04:00,58.589313681456666,59.29820780917431,58.14740852720215,58.39598083496094,124700,0.0,0.0
2023-08-18 00:00:00-04:00,57.834393908024595,59.150904594746955,57.834393908024595,58.49725341796875,112900,0.0,0.0
2023-08-21 00:00:00-04:00,58.359152282274955,58.359152282274955,57.10708597074799,57.29121398925781,60800,0.0,0.0
2023-08-22 00:00:00-04:00,57.52137716057067,57.52137716057067,56.58232736119741,56.70201110839844,80600,0.0,0.0
2023-08-23 00:00:00-04:00,57.02422246115243,58.110573791447045,56.90454224703231,57.96327209472656,83200,0.0,0.0
2023-08-24 00:00:00-04:00,57.85280509586549,58.73661540444835,57.42010476247701,57.60423278808594,65300,0.0,0.0
2023-08-25 00:00:00-04:00,57.88041717954846,57.92644830327822,57.15311699593912,57.493751525878906,60400,0.0,0.0
2023-08-28 00:00:00-04:00,57.65026554853064,58.47883993125205,57.65026554853064,58.09217071533203,62100,0.0,0.0
2023-08-29 00:00:00-04:00,57.95407676412498,59.8966171101991,57.65026498942355,59.85979080200195,140400,0.0,0.0
2023-08-30 00:00:00-04:00,59.50074333475856,60.347734379162695,59.50074333475856,59.850589752197266,114100,0.0,0.0
2023-08-31 00:00:00-04:00,59.942651054293556,60.5410662637126,59.90582474652469,60.00709533691406,126400,0.0,0.0
2023-09-01 00:00:00-04:00,60.412181783227936,61.15789525024368,60.04392570453974,60.228050231933594,94000,0.0,0.0
2023-09-05 00:00:00-04:00,59.79533837298108,59.80454670475098,58.847083893756185,59.0404167175293,127300,0.0,0.0
2023-09-06 00:00:00-04:00,59.206135682221934,59.6848706329208,58.35915172193887,58.64455032348633,112500,0.0,0.0
2023-09-07 00:00:00-04:00,58.46041885483863,58.69978280410455,57.622639764483495,58.267086029052734,86400,0.0,0.0
2023-09-08 00:00:00-04:00,58.3315377850511,58.3315377850511,57.595029179068135,57.668678283691406,55500,0.0,0.0
2023-09-11 00:00:00-04:00,57.908046166654586,58.221062765304886,57.29121779051279,57.68709182739258,61500,0.0,0.0
2023-09-12 00:00:00-04:00,57.44772487511292,58.138202320669805,57.44772487511292,58.12899398803711,84400,0.0,0.0
2023-09-13 00:00:00-04:00,58.230262180075634,59.16930837689071,57.99089822071977,58.009307861328125,104900,0.0,0.0
2023-09-14 00:00:00-04:00,58.534076182895156,59.38106016147796,58.15661180884642,59.11407470703125,103100,0.0,0.0
2023-09-15 00:00:00-04:00,58.801058508174,59.528365775130624,58.50645507788393,58.73661422729492,271700,0.0,0.0
2023-09-18 00:00:00-04:00,58.5432803266357,59.02201177019269,57.88962919698956,58.08296203613281,98100,0.0,0.0
2023-09-19 00:00:00-04:00,58.211848914612986,58.828677232289,57.567402624128256,57.59502410888672,90400,0.0,0.0
2023-09-20 00:00:00-04:00,57.96327485357016,58.43280144867974,57.25438430687799,57.31882858276367,92100,0.0,0.0
2023-09-21 00:00:00-04:00,56.96899639762308,57.31883579302396,55.937880829846584,56.89534378051758,111800,0.0,0.0
2023-09-22 00:00:00-04:00,56.87693204396276,57.576617876105125,56.306138294967795,56.370582580566406,79100,0.0,0.0
2023-09-25 00:00:00-04:00,55.86422614702818,56.63756098967328,55.86422614702818,56.20486068725586,57800,0.0,0.0
2023-09-26 00:00:00-04:00,55.735340984287575,56.177246133846005,55.27502268117046,55.39470291137695,87500,0.0,0.0
2023-09-27 00:00:00-04:00,55.81820205760912,55.81820205760912,54.97121449845223,55.182960510253906,206000,0.0,0.0
2023-09-28 00:00:00-04:00,55.385501542585054,57.49376034513086,55.385501542585054,57.15312576293945,202100,0.0,0.0
2023-09-29 00:00:00-04:00,57.576616845477766,58.09217112103823,57.41090196777616,57.7147102355957,258900,0.0,0.0
2023-10-02 00:00:00-04:00,57.42009848611586,57.88962507569405,56.48104881890909,57.079463958740234,199800,0.0,0.0
2023-10-03 00:00:00-04:00,56.95978579723663,57.20835810214819,54.30835490207983,54.9896240234375,142400,0.0,0.0
2023-10-04 00:00:00-04:00,55.01724663494365,55.68931450410021,54.068991975206686,55.03565979003906,143600,0.0,0.0
2023-10-05 00:00:00-04:00,55.1000990514344,55.873433935157514,54.79629079994492,55.76295852661133,121900,0.0,0.0
2023-10-06 00:00:00-04:00,55.31184776400711,55.31184776400711,53.986128832725534,54.934383392333984,139900,0.0,0.0
2023-10-09 00:00:00-04:00,54.47406861723478,55.29343818159843,54.26232261024757,55.109310150146484,184300,0.0,0.0
2023-10-10 00:00:00-04:00,55.10930708824395,55.385497364101546,53.56263732910156,53.56263732910156,216700,0.0,0.0
2023-10-11 00:00:00-04:00,53.63628703711633,54.24390705565597,53.14835076051707,53.39692306518555,119900,0.0,0.0
2023-10-12 00:00:00-04:00,53.42453978772706,53.79279582570742,51.656919234100975,52.14485549926758,255900,0.0,0.0
2023-10-13 00:00:00-04:00,52.1448599521101,52.1448599521101,51.23343162380074,51.58327102661133,120800,0.0,0.0
2023-10-16 00:00:00-04:00,52.227716910529054,52.476289228307685,51.51882626618632,51.54644775390625,180900,0.0,0.0
2023-10-17 00:00:00-04:00,51.04009182863046,52.531525648911,50.72707524422034,51.98834991455078,168100,0.0,0.0
2023-10-18 00:00:00-04:00,51.22422532594119,51.37152705717519,50.018193498947255,50.082637786865234,195900,0.0,0.0
2023-10-19 00:00:00-04:00,50.00897542820345,50.08262803545496,47.45881184928843,48.79373550415039,270700,0.0,0.0
2023-10-20 00:00:00-04:00,48.775322074788825,49.161991236759754,47.77182813436968,47.79944610595703,163700,0.0,0.0
2023-10-23 00:00:00-04:00,47.64294819359412,48.34263052518881,47.210247830137405,47.65215301513672,193600,0.0,0.0
2023-10-24 00:00:00-04:00,47.836277746922214,48.02040577259855,46.94326261710947,47.46802520751953,118900,0.0,0.0
2023-10-25 00:00:00-04:00,46.98008729875034,47.16421533181869,46.123894930140125,46.58421325683594,159600,0.0,0.0
2023-10-26 00:00:00-04:00,46.74993105529555,47.514061211072466,46.07786667777809,47.329933166503906,124800,0.0,0.0
2023-10-27 00:00:00-04:00,47.06294067243544,47.06294067243544,46.2804009894334,46.76833724975586,151200,0.0,0.0
2023-10-30 00:00:00-04:00,47.39436960877908,47.89151419322269,47.02611709255956,47.51405334472656,148400,0.0,0.0
2023-10-31 00:00:00-04:00,47.771837852657754,48.31501364672213,47.541678677409294,48.09406280517578,152700,0.0,0.0
2023-11-01 00:00:00-04:00,48.09405919319219,48.97786951690183,47.615327723195286,48.70167922973633,166700,0.0,0.0
2023-11-02 00:00:00-04:00,49.55786811103961,50.92040980941707,49.51183347310777,50.91120147705078,133200,0.0,0.0
2023-11-03 00:00:00-04:00,52.05279406870836,52.87216007862159,51.62930207670038,52.190887451171875,140200,0.0,0.0
2023-11-06 00:00:00-05:00,51.87787686023644,52.10803603621256,50.90200420174591,51.29787826538086,105100,0.0,0.0
2023-11-07 00:00:00-05:00,51.45437779986791,51.45437779986791,50.165488697402964,50.745487213134766,124300,0.0,0.0
2023-11-08 00:00:00-05:00,50.5981830698084,50.96643908821764,50.34040596409173,50.61659622192383,113100,0.0,0.0
2023-11-09 00:00:00-05:00,50.681040525176066,50.681040525176066,48.79373633171659,48.83976745605469,188800,0.0,0.0
2023-11-10 00:00:00-05:00,49.22132937542315,49.38884411187573,48.03011662739953,49.156185150146484,139300,0.57,0.0
2023-11-13 00:00:00-05:00,48.756013297344495,49.0165902083138,48.19763318809764,48.5140495300293,157400,0.0,0.0
2023-11-14 00:00:00-05:00,50.17988354739102,52.86011580113799,50.17988354739102,52.85081100463867,211000,0.0,0.0
2023-11-15 00:00:00-05:00,52.74844649141414,55.2704690907336,52.74844649141414,54.94474792480469,576800,0.0,0.0
2023-11-16 00:00:00-05:00,54.665558895185356,54.665558895185356,53.63255239186568,54.5352668762207,328000,0.0,0.0
2023-11-17 00:00:00-05:00,55.214632425051896,55.214632425051896,53.74422592513282,54.22815704345703,376500,0.0,0.0
2023-11-20 00:00:00-05:00,54.27468024085792,54.27468024085792,53.46502807890628,53.8372802734375,163400,0.0,0.0
2023-11-21 00:00:00-05:00,53.837281771609725,53.837281771609725,52.15283317803666,52.35757064819336,140800,0.0,0.0
2023-11-22 00:00:00-05:00,53.092776054845935,53.34404816756211,52.53439594887274,52.720523834228516,134000,0.0,0.0
2023-11-24 00:00:00-05:00,52.79497582176877,53.27890693081986,52.64607421514493,52.67399215698242,69600,0.0,0.0
2023-11-27 00:00:00-05:00,52.40411000601917,52.87873276383689,52.329657428270494,52.571624755859375,173300,0.0,0.0
2023-11-28 00:00:00-05:00,52.41340542939226,53.40918540307898,52.385487492776605,53.21375274658203,145100,0.0,0.0
2023-11-29 00:00:00-05:00,53.921041045816395,55.093644230418136,53.72560836508081,54.293296813964844,231000,0.0,0.0
2023-11-30 00:00:00-05:00,54.71208572195801,54.786534748329395,54.20023668408666,54.43289566040039,173100,0.0,0.0
2023-12-01 00:00:00-05:00,54.14438900851524,56.49889635431757,54.14438900851524,56.40583419799805,207000,0.0,0.0
2023-12-04 00:00:00-05:00,56.18248972851673,57.25272246097659,56.1173454978551,56.99214553833008,153200,0.0,0.0
2023-12-05 00:00:00-05:00,56.7408719151608,56.88046516999634,56.08011772860006,56.731563568115234,97500,0.0,0.0
2023-12-06 00:00:00-05:00,57.28994244555759,58.00653245407363,57.12242771369183,57.69942092895508,189100,0.0,0.0
2023-12-07 00:00:00-05:00,57.959998232621835,59.020922508541666,57.15965085251559,58.70450973510742,206100,0.0,0.0
2023-12-08 00:00:00-05:00,58.648674125371386,59.681676979634545,58.397402009439,58.98370361328125,162400,0.0,0.0
2023-12-11 00:00:00-05:00,58.927871165051094,59.895733455908626,58.75105160329802,59.49555969238281,145200,0.0,0.0
2023-12-12 00:00:00-05:00,59.82127034328898,60.3238145462579,59.076762385239086,60.26797866821289,146200,0.0,0.0
2023-12-13 00:00:00-05:00,60.26798901514545,63.29255599843839,60.044631264243,62.85515594482422,287600,0.0,0.0
2023-12-14 00:00:00-05:00,64.53959296203469,68.83913302416106,64.53959296203469,68.7460708618164,485700,0.0,0.0
2023-12-15 00:00:00-05:00,68.70885365989402,69.76977807128657,67.32220098695333,68.71815490722656,454900,0.0,0.0
2023-12-18 00:00:00-05:00,69.13693804143958,69.13693804143958,66.6986695621484,67.03369903564453,353600,0.0,0.0
2023-12-19 00:00:00-05:00,67.11745781666981,68.75537174583603,67.11745781666981,68.29936218261719,303100,0.0,0.0
2023-12-20 00:00:00-05:00,68.29935892061414,69.66739464512057,67.65721796416724,67.67583465576172,153700,0.0,0.0
2023-12-21 00:00:00-05:00,68.27145385742188,68.57856542495553,67.34081790745722,68.27145385742188,164600,0.0,0.0
2023-12-22 00:00:00-05:00,69.20208574148418,70.37468895759734,68.2993677870266,69.67671203613281,174100,0.0,0.0
2023-12-26 00:00:00-05:00,70.18855407349889,71.74271423830152,69.97451180419404,71.63104248046875,133200,0.0,0.0
2023-12-27 00:00:00-05:00,71.93815334913981,73.12936608958583,71.64965141030291,72.08705139160156,153900,0.0,0.0
2023-12-28 00:00:00-05:00,71.65896349224089,72.98977309824717,71.41699617291563,71.91954040527344,113700,0.0,0.0
2023-12-29 00:00:00-05:00,71.57520903451926,71.91023141959364,70.16063851892386,70.47705841064453,116400,0.0,0.0
2024-01-02 00:00:00-05:00,69.89075962679556,70.95168406002398,69.10902882344364,70.9423828125,183000,0.0,0.0
2024-01-03 00:00:00-05:00,70.36537537121946,70.55149969634257,67.34080893674764,67.5083236694336,226200,0.0,0.0
2024-01-04 00:00:00-05:00,67.45249792012523,67.49902545829832,66.68006836452477,66.91272735595703,172500,0.0,0.0
2024-01-05 00:00:00-05:00,65.38646418163418,65.71218524619339,63.3483697916703,64.29761505126953,359100,0.0,0.0
2024-01-08 00:00:00-05:00,64.59544608066068,65.20966212871363,64.27902615878754,64.78157043457031,287000,0.0,0.0
2024-01-09 00:00:00-05:00,63.89746203023495,65.04214017043073,63.40421905661376,64.21387481689453,224300,0.0,0.0
2024-01-10 00:00:00-05:00,64.44654658181327,66.03793337823673,64.25111386297421,65.14452362060547,352100,0.0,0.0
2024-01-11 00:00:00-05:00,65.19104947918004,65.34925588261011,63.23670835374548,63.53451156616211,164200,0.0,0.0
2024-01-12 00:00:00-05:00,64.47445802125179,64.6047464873305,63.04127779419717,63.45075988769531,205000,0.0,0.0
2024-01-16 00:00:00-05:00,62.817922682973496,63.8043944560088,62.0827194765872,63.348384857177734,234000,0.0,0.0
2024-01-17 00:00:00-05:00,62.38983917236328,63.17157001530293,62.02689169525711,62.38983917236328,248400,0.0,0.0
2024-01-18 00:00:00-05:00,62.743471220653475,62.743471220653475,61.09624878738376,61.598793029785156,245900,0.0,0.0
2024-01-19 00:00:00-05:00,62.00825850208499,62.92959302210784,60.90080676921587,62.74346160888672,336200,0.0,0.0
2024-01-22 00:00:00-05:00,63.34839559257688,64.86532979688519,63.34839559257688,64.13943481445312,129600,0.0,0.0
2024-01-23 00:00:00-05:00,64.49306531158571,64.58612747375811,63.12502951706906,63.925376892089844,266200,0.0,0.0
2024-01-24 00:00:00-05:00,64.9490712604533,65.35855327144019,63.44143875651852,63.804386138916016,303500,0.0,0.0
2024-01-25 00:00:00-05:00,66.08444995879422,66.41017106783372,64.17664373412515,65.40508270263672,309700,0.0,0.0
2024-01-26 00:00:00-05:00,65.60053272758262,66.11238539165616,65.19105769651333,65.71221160888672,172300,0.0,0.0
2024-01-29 00:00:00-05:00,65.59120931807036,67.0616083740635,65.11658310812616,67.05230712890625,127200,0.0,0.0
2024-01-30 00:00:00-05:00,66.69867527547292,67.64792789841978,66.15890473302775,67.39665222167969,178300,0.0,0.0
2024-01-31 00:00:00-05:00,66.66143831395651,68.09461826607446,65.34924555726533,65.53536987304688,153400,0.0,0.0
2024-02-01 00:00:00-05:00,66.11238195480007,66.48463777293912,64.72573630992598,66.09376525878906,102100,0.0,0.0
2024-02-02 00:00:00-05:00,64.94907520521588,65.98208154099197,64.67918996341791,65.15381622314453,199800,0.0,0.0
2024-02-05 00:00:00-05:00,64.26042290780123,64.26042290780123,62.80862582325441,63.12504577636719,142100,0.0,0.0
2024-02-06 00:00:00-05:00,63.13434081903645,63.93468832153461,62.9296068697228,63.49729537963867,131400,0.0,0.0
2024-02-07 00:00:00-05:00,63.84161414286665,64.98629929526368,62.94820463132666,64.28832244873047,131100,0.0,0.0
2024-02-08 00:00:00-05:00,64.48376346549871,64.9863077121133,63.97191087167221,64.39070129394531,149300,0.0,0.0
2024-02-09 00:00:00-05:00,64.96770049871743,65.42371727619819,64.00914650147315,65.14452362060547,126500,0.0,0.0
2024-02-12 00:00:00-05:00,65.14450837159552,67.72236650736025,65.14450837159552,67.27566528320312,172900,0.0,0.0
2024-02-13 00:00:00-05:00,64.62337067929232,64.80018670366006,62.33400680951512,62.836544036865234,144700,0.0,0.0
2024-02-14 00:00:00-05:00,63.58103899824278,64.53959275771504,63.07849480294718,64.14872741699219,160700,0.0,0.0
2024-02-15 00:00:00-05:00,64.97700382781659,66.45671872784672,64.82810576314188,66.33573150634766,117800,0.0,0.0
2024-02-16 00:00:00-05:00,65.702891530183,67.62000626592369,65.28410822539145,66.78243255615234,167000,0.0,0.0
2024-02-20 00:00:00-05:00,65.87971764424819,67.35012410223774,65.10728812642206,66.5125503540039,125700,0.0,0.0
2024-02-21 00:00:00-05:00,66.33571950646561,66.55907011316891,65.6563593401883,66.1775131225586,86800,0.0,0.0
2024-02-22 00:00:00-05:00,66.05653260277752,67.17329272937522,66.05653260277752,66.74520111083984,125600,0.0,0.0
2024-02-23 00:00:00-05:00,67.23844014963773,67.2477484961886,66.33572223928032,66.81034851074219,103200,0.0,0.0
2024-02-26 00:00:00-05:00,66.39156138049019,67.3687319108937,66.26127292312817,67.21052551269531,90200,0.0,0.0
2024-02-27 00:00:00-05:00,67.7316767582991,68.10393252235613,66.7452050187079,67.47109985351562,104100,0.0,0.0
2024-02-28 00:00:00-05:00,66.78244067217751,67.5269452045292,66.3357322726152,66.77313232421875,152600,0.0,0.0
2024-02-29 00:00:00-05:00,67.9643304896191,68.69022526852825,67.91780296031249,68.4482650756836,126200,0.0,0.0
2024-03-01 00:00:00-05:00,68.61713068325993,69.46147745427052,68.21372095697733,68.53269958496094,91300,0.59,0.0
2024-03-04 00:00:00-05:00,69.11435806635284,71.15016686477138,68.92672862375004,69.13312530517578,107700,0.0,0.0
2024-03-05 00:00:00-05:00,68.62652582892967,70.46532179597631,68.62652582892967,70.05252838134766,174100,0.0,0.0
2024-03-06 00:00:00-05:00,70.93439438973577,70.953154471131,69.48024114425054,70.56851196289062,153400,0.0,0.0
2024-03-07 00:00:00-05:00,71.4222418680087,72.16339040998122,70.606045835886,71.07512664794922,132100,0.0,0.0
2024-03-08 00:00:00-05:00,71.55358314258639,72.40731364688321,70.71861987882637,70.87811279296875,155000,0.0,0.0
2024-03-11 00:00:00-04:00,70.98130831876843,71.45038910705232,70.09943414636118,70.28706359863281,93000,0.0,0.0
2024-03-12 00:00:00-04:00,70.08066586070464,70.08066586070464,68.29816461791131,68.48579406738281,100400,0.0,0.0
2024-03-13 00:00:00-04:00,68.52331563185385,69.18002580743568,67.69773610289323,67.81969451904297,119500,0.0,0.0
2024-03-14 00:00:00-04:00,67.53824293953602,67.53824293953602,65.14593546015283,65.86831665039062,147400,0.0,0.0
2024-03-15 00:00:00-04:00,65.61501420410991,66.7689487811223,65.61501420410991,65.9996566772461,453000,0.0,0.0
2024-03-18 00:00:00-04:00,66.14039778412275,66.9378337726939,65.9527683130256,66.17792510986328,115900,0.0,0.0
2024-03-19 00:00:00-04:00,66.12163145648182,67.03164217874077,65.84018011880679,66.39369201660156,124600,0.0,0.0
2024-03-20 00:00:00-04:00,66.44998543657145,68.7860057317458,66.44998543657145,68.67342376708984,114900,0.0,0.0
2024-03-21 00:00:00-04:00,68.91733559207965,71.71305971370882,68.91733559207965,71.39408111572266,153600,0.0,0.0
2024-03-22 00:00:00-04:00,71.76936043705517,71.76936043705517,70.24015964761773,70.63418579101562,181000,0.0,0.0
2024-03-25 00:00:00-04:00,70.99069039702265,71.50668216799616,69.87428289976098,69.88365936279297,176900,0.0,0.0
2024-03-26 00:00:00-04:00,70.39963941843632,70.39963941843632,68.67341854630193,68.8985824584961,130300,0.0,0.0
2024-03-27 00:00:00-04:00,69.53653906906466,71.34719120952686,69.53653906906466,71.1783218383789,142900,0.0,0.0
2024-03-28 00:00:00-04:00,71.16894848217022,72.36041071438366,71.16894848217022,72.13525390625,127900,0.0,0.0
2024-04-01 00:00:00-04:00,72.23844845216014,72.23844845216014,70.06191366821746,70.09005737304688,149900,0.0,0.0
2024-04-02 00:00:00-04:00,69.35829293806434,69.35829293806434,68.31693290592048,68.50456237792969,101000,0.0,0.0
2024-04-03 00:00:00-04:00,68.01671613409749,69.39581483403323,68.01671613409749,69.08621978759766,79900,0.0,0.0
2024-04-04 00:00:00-04:00,70.24017177236543,70.88749850322971,68.38260838517529,68.6077651977539,127300,0.0,0.0
2024-04-05 00:00:00-04:00,68.55147908351069,68.92674521665948,67.95105613351508,68.27941131591797,105200,0.0,0.0
2024-04-08 00:00:00-04:00,69.02054847423454,69.98685377489726,68.66404964375465,69.78984069824219,77300,0.0,0.0
2024-04-09 00:00:00-04:00,70.0806699871796,71.69430911502535,69.80860941670792,71.60049438476562,114600,0.0,0.0
2024-04-10 00:00:00-04:00,69.15189274287643,69.15189274287643,66.81587229322139,67.8853759765625,161900,0.0,0.0
2024-04-11 00:00:00-04:00,68.52333683518368,68.52333683518368,67.59455868300857,68.12931060791016,92500,0.0,0.0
2024-04-12 00:00:00-04:00,67.26617991778403,67.51010392362899,65.06150171841315,65.61502075195312,115600,0.0,0.0
2024-04-15 00:00:00-04:00,65.74638069166362,66.05597580362968,63.73871501136098,64.25469970703125,138300,0.0,0.0
2024-04-16 00:00:00-04:00,63.89818847575832,63.89818847575832,62.331460289042944,63.429107666015625,189500,0.0,0.0
2024-04-17 00:00:00-04:00,64.23592418440141,64.23592418440141,62.30331363036699,62.734867095947266,201300,0.0,0.0
2024-04-18 00:00:00-04:00,62.50970289759228,62.838065173518736,60.164298970144806,62.0218620300293,282900,0.0,0.0
2024-04-19 00:00:00-04:00,69.17066113746687,69.33953051963249,66.22482699133207,67.91352081298828,2006600,0.0,0.0
2024-04-22 00:00:00-04:00,67.54764531829782,67.69775463243384,64.77068742523609,65.05213165283203,6195500,0.0,0.0
2024-04-23 00:00:00-04:00,65.55873863501604,67.58517139261005,65.46492389422504,67.15361785888672,485700,0.0,0.0
2024-04-24 00:00:00-04:00,66.3280296811371,67.81032689287767,65.80266141676556,66.41246795654297,275200,0.0,0.0
2024-04-25 00:00:00-04:00,65.66192883004757,65.78389441975095,64.59242517132347,65.53997039794922,180200,0.0,0.0
2024-04-26 00:00:00-04:00,65.93399435347317,66.66575923684174,65.87770694940014,66.0184326171875,152100,0.0,0.0
2024-04-29 00:00:00-04:00,66.33740843253707,66.74081822238142,65.20223371172047,65.9433822631836,146400,0.0,0.0
2024-04-30 00:00:00-04:00,65.66193100916418,65.84956763124067,64.34850328504974,64.5267562866211,275200,0.0,0.0
2024-05-01 00:00:00-04:00,64.81757474182909,67.64144286716557,64.58303436631353,65.37109375,280400,0.0,0.0
2024-05-02 00:00:00-04:00,66.37493340982442,66.37493340982442,64.89263635931339,65.35234069824219,184800,0.0,0.0
2024-05-03 00:00:00-04:00,66.84401247666018,67.79155767519552,66.12163121046906,66.20606231689453,189900,0.0,0.0
2024-05-06 00:00:00-04:00,66.87214749761951,67.66020684331066,66.44059408639022,67.59453582763672,169100,0.0,0.0
2024-05-07 00:00:00-04:00,67.9322877310392,68.37321768908072,66.57194905961768,66.65638732910156,173400,0.0,0.0
2024-05-08 00:00:00-04:00,66.10286558872347,67.24742388787324,65.83079786535141,67.13484191894531,107200,0.0,0.0
2024-05-09 00:00:00-04:00,67.134837251629,69.50838479340806,67.134837251629,69.15188598632812,159500,0.0,0.0
2024-05-10 00:00:00-04:00,69.17080989489179,69.3599533321609,66.80648085222975,66.88214111328125,286200,0.59,0.0
2024-05-13 00:00:00-04:00,67.36446124623255,67.70491796491436,66.6173324584961,66.6173324584961,263000,0.0,0.0
2024-05-14 00:00:00-04:00,67.6292785163411,68.3385773189146,67.3644747845047,67.97919464111328,178000,0.0,0.0
2024-05-15 00:00:00-04:00,68.90600281484029,69.90847597081509,68.90600281484029,69.88956451416016,148200,0.0,0.0
2024-05-16 00:00:00-04:00,69.76660849186457,70.19219198944059,69.51126416560585,69.75715637207031,117600,0.0,0.0
2024-05-17 00:00:00-04:00,70.00304198093554,70.00304198093554,68.84925561965436,69.33157348632812,222100,0.0,0.0
2024-05-20 00:00:00-04:00,69.16135225394513,70.25840442000771,68.84926629633611,69.14244079589844,235600,0.0,0.0
2024-05-21 00:00:00-04:00,68.91546033940288,69.75716083792916,68.67902745295484,69.51126861572266,102500,0.0,0.0
2024-05-22 00:00:00-04:00,69.03840226798222,69.71933012974031,68.18724244078462,68.56553649902344,154900,0.0,0.0
2024-05-23 00:00:00-04:00,68.58444573867648,68.58444573867648,67.15639635762771,67.45903015136719,151700,0.0,0.0
2024-05-24 00:00:00-04:00,67.94135185771742,68.25344500443647,67.07128055355449,67.27934265136719,201000,0.0,0.0
2024-05-28 00:00:00-04:00,67.4874053857484,67.51577617837971,64.86772489728287,64.89610290527344,208900,0.0,0.0
2024-05-29 00:00:00-04:00,63.761215437233986,64.37594234989632,63.44912231329422,63.79904556274414,214500,0.0,0.0
2024-05-30 00:00:00-04:00,64.57454907665027,65.2838477391185,64.18680289315438,64.66912078857422,176600,0.0,0.0
2024-05-31 00:00:00-04:00,65.16090521968177,66.56058387268564,65.16090521968177,66.47547149658203,175400,0.0,0.0
2024-06-03 00:00:00-04:00,67.08073585991062,67.48740069519995,66.0971742300164,67.24150848388672,210100,0.0,0.0
2024-06-04 00:00:00-04:00,66.67407603995443,67.26988433469701,66.1066385380054,66.41873168945312,100400,0.0,0.0
2024-06-05 00:00:00-04:00,67.11857468880662,67.32663680109927,65.92695081908671,66.8159408569336,110600,0.0,0.0
2024-06-06 00:00:00-04:00,66.35253191221527,66.92942154480572,65.82291731461704,66.50384521484375,137200,0.0,0.0
2024-06-07 00:00:00-04:00,65.62431667207754,65.88912037177485,64.54618320024724,64.8582763671875,97600,0.0,0.0
2024-06-10 00:00:00-04:00,64.34757293151817,65.70942861748432,64.27191267888476,65.29330444335938,126500,0.0,0.0
2024-06-11 00:00:00-04:00,64.95285674172783,66.18231090028105,64.94339740394679,66.1728515625,210300,0.0,0.0
2024-06-12 00:00:00-04:00,69.08568756708216,70.34350495302837,67.91297533568772,68.09266662597656,251500,0.0,0.0
2024-06-13 00:00:00-04:00,68.24398740519146,68.24398740519146,66.46600759597308,67.29825592041016,155500,0.0,0.0
2024-06-14 00:00:00-04:00,66.42818203295172,66.86321767998587,65.91748613025277,66.47547149658203,124800,0.0,0.0
2024-06-17 00:00:00-04:00,66.15392529422878,67.07128613896458,65.76617907403643,67.04291534423828,95300,0.0,0.0
2024-06-18 00:00:00-04:00,67.2982664825831,68.00756520749047,66.59841987894883,66.96725463867188,231200,0.0,0.0
2024-06-20 00:00:00-04:00,66.81592892869008,67.93189233737561,66.48492436157116,67.572509765625,194000,0.0,0.0
2024-06-21 00:00:00-04:00,67.45903803180055,67.96027463479513,66.5700480021213,67.75221252441406,606800,0.0,0.0
2024-06-24 00:00:00-04:00,68.10213876702232,69.51127691826181,67.89407664763932,68.21562194824219,185300,0.0,0.0
2024-06-25 00:00:00-04:00,67.85624785366248,68.42368541703223,66.88214538039504,67.21315002441406,177200,0.0,0.0
2024-06-26 00:00:00-04:00,66.74973629764345,67.14694182747184,66.35253076781507,66.41873168945312,153000,0.0,0.0
2024-06-27 00:00:00-04:00,66.58896595626078,66.95780070600583,65.96477963185558,66.9483413696289,153300,0.0,0.0
2024-06-28 00:00:00-04:00,67.79950204520888,68.7263149908199,67.12803346185733,68.62228393554688,689400,0.0,0.0
2024-07-01 00:00:00-04:00,68.85872505463898,68.85872505463898,66.86323052414686,67.03346252441406,219900,0.0,0.0
2024-07-02 00:00:00-04:00,67.18477766780963,68.31965276818535,67.18477766780963,67.92244720458984,92400,0.0,0.0
2024-07-03 00:00:00-04:00,68.39531661671047,69.05732592406369,67.96974023560631,68.24400329589844,54500,0.0,0.0
2024-07-05 00:00:00-04:00,68.06430793798557,68.67903495295269,67.65764304027132,68.20616912841797,105900,0.0,0.0
2024-07-08 00:00:00-04:00,69.09514451979871,69.27483582265634,68.0832120530514,68.49933624267578,107900,0.0,0.0
2024-07-09 00:00:00-04:00,68.21560937272946,68.6695636600025,67.79949242603436,68.31018829345703,76700,0.0,0.0
2024-07-10 00:00:00-04:00,68.2345419414779,69.35050560899901,67.54415464248056,69.31267547607422,113200,0.0,0.0
2024-07-11 00:00:00-04:00,69.98412713200777,72.03636264189551,69.8233545175797,71.25140380859375,197200,0.0,0.0
2024-07-12 00:00:00-04:00,71.40273577752683,72.67947199405309,71.28924538803312,71.79048919677734,182500,0.0,0.0
2024-07-15 00:00:00-04:00,71.87560007086002,73.26582664774072,71.87560007086002,72.49978637695312,190900,0.0,0.0
2024-07-16 00:00:00-04:00,73.28473247743186,76.69882379587638,73.28473247743186,76.64208221435547,268200,0.0,0.0
2024-07-17 00:00:00-04:00,76.15975916580257,78.15525327681681,76.15975916580257,76.8785171508789,294000,0.0,0.0
2024-07-18 00:00:00-04:00,75.88549649175366,81.28562270098323,75.45992018634163,77.60672760009766,342600,0.0,0.0
2024-07-19 00:00:00-04:00,77.6351069214046,79.78192178638719,77.24736070070612,77.39867401123047,269300,0.0,0.0
2024-07-22 00:00:00-04:00,77.54053742474605,77.67293928101287,75.89496634302976,76.98255920410156,213700,0.0,0.0
2024-07-23 00:00:00-04:00,76.6704539909632,79.31850513148959,76.6704539909632,78.67540740966797,170600,0.0,0.0
2024-07-24 00:00:00-04:00,78.3916877314871,79.34687861886212,76.54751409209092,76.60425567626953,226200,0.0,0.0
2024-07-25 00:00:00-04:00,77.02037934615157,81.89089103140077,76.97308988275032,81.2288818359375,393900,0.0,0.0
2024-07-26 00:00:00-04:00,82.57182937423573,82.60020016973226,80.75602630885822,82.19354248046875,275400,0.0,0.0
2024-07-29 00:00:00-04:00,81.52205309510686,81.85306489515999,78.84563841141367,79.53601837158203,206300,0.0,0.0
2024-07-30 00:00:00-04:00,80.17912221463396,80.92625102883262,79.29013222033392,79.81028747558594,200800,0.0,0.0
2024-07-31 00:00:00-04:00,80.16966056292166,83.00685522156316,79.09152716986664,81.16268157958984,163100,0.0,0.0
2024-08-01 00:00:00-04:00,81.43694350197,81.90034993635678,78.11742377564414,79.70625305175781,201500,0.0,0.0
2024-08-02 00:00:00-04:00,77.29464486601738,78.30657736352374,76.03682013849884,78.28765869140625,184400,0.0,0.0
2024-08-05 00:00:00-04:00,74.43852955735659,77.91882195570764,73.5400874695193,76.60425567626953,232700,0.0,0.0
2024-08-06 00:00:00-04:00,76.96363878996672,78.69432943464298,76.83123693669354,78.34440612792969,188000,0.0,0.0
2024-08-07 00:00:00-04:00,79.69680239188571,80.22641701848372,77.01092798876657,77.18115997314453,254400,0.0,0.0
2024-08-08 00:00:00-04:00,78.34439851935339,79.41307979387663,77.49324589250438,78.70378112792969,150000,0.0,0.0
2024-08-09 00:00:00-04:00,79.00641318289173,79.11990356445312,78.16471269521534,79.11990356445312,115400,0.0,0.0
2024-08-12 00:00:00-04:00,79.66279654532349,79.66279654532349,77.82457054382188,78.11982727050781,158600,0.59,0.0
2024-08-13 00:00:00-04:00,79.13895727519481,80.05331440193824,78.11031822417027,79.52946472167969,134600,0.0,0.0
2024-08-14 00:00:00-04:00,80.09139962142416,80.09139962142416,78.69130627751022,79.30087280273438,90200,0.0,0.0
2024-08-15 00:00:00-04:00,80.95812940055328,81.5676959111819,79.84376630455463,80.1104507446289,144200,0.0,0.0
2024-08-16 00:00:00-04:00,79.92948783168299,81.0629040344404,79.82471790033871,80.65335083007812,111200,0.0,0.0
2024-08-19 00:00:00-04:00,80.60572655569953,81.61532706501724,80.27237098184268,81.41531372070312,120700,0.0,0.0
2024-08-20 00:00:00-04:00,81.18670789444164,81.40577424617891,79.86280506420934,80.49142456054688,94500,0.0,0.0
2024-08-21 00:00:00-04:00,80.67239184220577,80.9581293229291,79.51992993207209,80.5771484375,94700,0.0,0.0
2024-08-22 00:00:00-04:00,80.42476203337868,81.72961196351875,80.42476203337868,81.22481536865234,105700,0.0,0.0
2024-08-23 00:00:00-04:00,81.53912148822218,85.348915713518,80.96765380774897,84.30122375488281,196000,0.0,0.0
2024-08-26 00:00:00-04:00,84.7393491973249,85.37748798591484,83.17733414667791,83.33924865722656,179600,0.0,0.0
2024-08-27 00:00:00-04:00,82.97733335352345,83.27259012518627,82.25347030692983,82.89160919189453,115000,0.0,0.0
2024-08-28 00:00:00-04:00,82.88207823886596,84.03454749877238,81.8915380385174,82.32013702392578,179500,0.0,0.0
2024-08-29 00:00:00-04:00,82.68206022355888,83.9297728245564,82.26298778296525,83.64403533935547,160800,0.0,0.0
2024-08-30 00:00:00-04:00,83.64403757831678,85.39654681902134,83.52022187360537,85.11080932617188,157200,0.0,0.0
2024-09-03 00:00:00-04:00,84.50123662968811,85.1870007492461,82.81539862467376,83.39639282226562,142000,0.0,0.0
2024-09-04 00:00:00-04:00,83.07257555449473,84.272662933489,82.52968009414609,83.14877319335938,97800,0.0,0.0
2024-09-05 00:00:00-04:00,83.55831537967,84.03453965974731,82.54871496461416,83.7488021850586,91500,0.0,0.0
2024-09-06 00:00:00-04:00,84.08216026178995,84.52028574067222,82.73921153013431,83.26305389404297,147500,0.0,0.0
2024-09-09 00:00:00-04:00,83.28211558241851,84.25361004661937,82.67254900358527,83.52974700927734,108600,0.0,0.0
2024-09-10 00:00:00-04:00,83.96786925874719,84.6441068701625,82.47251803076243,84.56790924072266,107700,0.0,0.0
2024-09-11 00:00:00-04:00,83.64404307694349,85.04414380405494,82.40585688200778,84.57744598388672,152300,0.0,0.0
2024-09-12 00:00:00-04:00,85.19652816642503,85.72037782645148,84.5393435443813,85.2060546875,105000,0.0,0.0
2024-09-13 00:00:00-04:00,85.2441550726687,87.62527672274325,84.663160808722,87.25382232666016,244300,0.0,0.0
2024-09-16 00:00:00-04:00,86.11088962028906,90.31118456793956,86.11088962028906,89.97782897949219,269500,0.0,0.0
2024-09-17 00:00:00-04:00,90.93027065430223,92.9304112972673,90.26355226224302,91.70175170898438,400400,0.0,0.0
2024-09-18 00:00:00-04:00,91.4255431094531,92.54943279765921,89.13014566090555,90.83502960205078,282400,0.0,0.0
2024-09-19 00:00:00-04:00,92.93041747056648,92.93041747056648,90.85407905630395,91.05409240722656,149500,0.0,0.0
2024-09-20 00:00:00-04:00,91.69222084464616,91.69222084464616,89.65398148154979,90.60643005371094,457900,0.0,0.0
2024-09-23 00:00:00-04:00,91.52079167855007,91.52079167855007,90.14927049808408,91.26363372802734,124900,0.0,0.0
2024-09-24 00:00:00-04:00,91.17791253826934,92.7208747019351,90.79693162462854,92.53038787841797,102400,0.0,0.0
2024-09-25 00:00:00-04:00,92.44466397665701,92.91136904879471,91.01599099651116,91.04456329345703,162100,0.0,0.0
2024-09-26 00:00:00-04:00,92.19702248270927,92.19702248270927,89.95876257847677,90.53975677490234,304300,0.0,0.0
2024-09-27 00:00:00-04:00,91.1779097017445,92.873267084767,90.33022374362695,91.14933013916016,145400,0.0,0.0
2024-09-30 00:00:00-04:00,90.39689581085153,91.51125887581958,90.39689581085153,91.38743591308594,133400,0.0,0.0
2024-10-01 00:00:00-04:00,90.80644680659188,90.80644680659188,88.93012915261903,89.04441833496094,143700,0.0,0.0
2024-10-02 00:00:00-04:00,89.09204729862049,89.69208733015952,88.11102635501896,88.41580963134766,157800,0.0,0.0
2024-10-03 00:00:00-04:00,88.10149670529354,88.24436545056932,86.9395082347397,88.02529907226562,166600,0.0,0.0
2024-10-04 00:00:00-04:00,89.48254735149996,90.49214785717376,88.4824806335389,89.7873306274414,322600,0.0,0.0
2024-10-07 00:00:00-04:00,89.12062155504695,89.30158912724241,86.27280207298551,87.11095428466797,265600,0.0,0.0
2024-10-08 00:00:00-04:00,87.68241805097135,87.68241805097135,86.00611370371585,86.42518615722656,197300,0.0,0.0
2024-10-09 00:00:00-04:00,86.72044629818457,88.5967639007851,86.6632944419722,88.10149383544922,211500,0.0,0.0
2024-10-10 00:00:00-04:00,86.76806534803752,87.48240179261512,86.40613749876307,87.4633560180664,207500,0.0,0.0
2024-10-11 00:00:00-04:00,87.85385598396026,89.80637850181421,87.85385598396026,89.35872650146484,143700,0.0,0.0
2024-10-14 00:00:00-04:00,89.48254590235622,91.96843740855421,88.93965047379612,91.93986511230469,135100,0.0,0.0
2024-10-15 00:00:00-04:00,92.38751350876798,94.44480595734652,92.23511824593724,93.53044891357422,140300,0.0,0.0
2024-10-16 00:00:00-04:00,94.4733857473039,97.33073175260654,94.30194469632147,96.3592300415039,372700,0.0,0.0
2024-10-17 00:00:00-04:00,99.97851866373499,105.40747212325603,96.96877796224243,100.34044647216797,829800,0.0,0.0
2024-10-18 00:00:00-04:00,100.67382433013724,102.11202389674116,99.35944774472729,101.41674041748047,431600,0.0,0.0
2024-10-21 00:00:00-04:00,101.00716989520849,101.43576882868746,98.86416069460242,99.86422729492188,352700,0.0,0.0
2024-10-22 00:00:00-04:00,99.57848912092238,100.38806885633537,97.88312476291944,98.52127075195312,208500,0.0,0.0
2024-10-23 00:00:00-04:00,98.23555160490346,98.62605903311456,95.74013356592799,96.054443359375,393300,0.0,0.0
2024-10-24 00:00:00-04:00,96.05443776301254,96.29254990782249,95.378200143745,95.6829833984375,261700,0.0,0.0
2024-10-25 00:00:00-04:00,96.26397485440224,97.02593660260042,95.14008527244307,95.2353286743164,209600,0.0,0.0
2024-10-28 00:00:00-04:00,96.44495721423154,96.8068851035685,95.5877519325315,95.81633758544922,245900,0.0,0.0
2024-10-29 00:00:00-04:00,95.19722842102381,96.16872999861933,95.0257873936014,95.98776245117188,184100,0.0,0.0
2024-10-30 00:00:00-04:00,95.9591892566698,97.61644766178803,95.37819507289403,96.1592025756836,187200,0.0,0.0
2024-10-31 00:00:00-04:00,96.34018141341856,96.59733934897605,94.04477670247333,94.07334899902344,120100,0.0,0.0
2024-11-01 00:00:00-04:00,95.17819439338514,95.17819439338514,93.01613914364734,93.37806701660156,197500,0.0,0.0
2024-11-04 00:00:00-05:00,92.73039691342461,94.36860967931912,92.33988949677493,93.30186462402344,175300,0.0,0.0
2024-11-05 00:00:00-05:00,93.1875645502291,96.54018758410795,93.1875645502291,96.32112121582031,348100,0.0,0.0
2024-11-06 00:00:00-05:00,101.17861671113421,103.5883104763694,96.65448591766079,97.43549346923828,469600,0.0,0.0
2024-11-07 00:00:00-05:00,97.76886201889097,98.09269109392295,95.14962805342272,97.34025573730469,222600,0.0,0.0
2024-11-08 00:00:00-05:00,97.91171447556772,99.20704509321659,97.28309494055908,98.94035339355469,197600,0.0,0.0
2024-11-11 00:00:00-05:00,100.37855994136166,101.2357651566188,99.49278243003035,100.01663208007812,130100,0.0,0.0
2024-11-12 00:00:00-05:00,99.19752196720691,99.892805367664,97.16880182263208,97.37834167480469,193600,0.0,0.0
2024-11-13 00:00:00-05:00,98.40699326430868,98.40699326430868,94.73054092995852,95.47344970703125,211100,0.0,0.0
2024-11-14 00:00:00-05:00,96.02586168698511,97.80694307600625,95.41629520160363,95.93061828613281,182400,0.0,0.0
2024-11-15 00:00:00-05:00,96.36875014980104,96.74020452444273,94.97817605841821,95.69251251220703,135400,0.0,0.0
2024-11-18 00:00:00-05:00,96.10448470961555,96.78471696779785,95.20389933191848,95.70209503173828,132100,0.59,0.0
2024-11-19 00:00:00-05:00,94.82066425769848,96.31525860873204,93.83384838184783,95.79789733886719,166700,0.0,0.0
2024-11-20 00:00:00-05:00,96.14280212808191,96.38232082162946,95.22305122200297,95.47215270996094,102500,0.0,0.0
2024-11-21 00:00:00-05:00,95.81706621459823,98.57631910565122,95.33802879750029,97.71405029296875,112800,0.0,0.0
2024-11-22 00:00:00-05:00,98.26014629766993,99.6972584559683,98.26014629766993,99.08409118652344,96800,0.0,0.0
2024-11-25 00:00:00-05:00,99.78349540645844,101.55593238715834,99.78349540645844,101.12480163574219,182400,0.0,0.0
2024-11-26 00:00:00-05:00,100.41581312693562,102.29363877696812,100.19546002575703,102.13076782226562,111600,0.0,0.0
2024-11-27 00:00:00-05:00,102.39903849299706,102.81101097553085,100.01343413622428,100.24337005615234,168700,0.0,0.0
2024-11-29 00:00:00-05:00,101.25893354372444,101.25893354372444,99.82182126435069,100.2721176147461,93400,0.0,0.0
2024-12-02 00:00:00-05:00,100.63618178166632,100.63618178166632,98.82542092403021,99.31404113769531,154900,0.0,0.0
2024-12-03 00:00:00-05:00,99.38110319914786,100.40624295286479,98.5667337635014,98.58589935302734,91000,0.0,0.0
2024-12-04 00:00:00-05:00,98.17392821972342,99.22780906244513,95.25179708762471,97.14878845214844,182000,0.0,0.0
2024-12-05 00:00:00-05:00,96.84219611043478,97.61823430787584,96.18112220326344,96.97632598876953,94000,0.0,0.0
2024-12-06 00:00:00-05:00,97.87693363735025,98.26974053875105,96.30568410315321,96.38233184814453,105000,0.0,0.0
2024-12-09 00:00:00-05:00,96.38232258955446,97.88649972024275,95.39550672356242,96.22903442382812,160700,0.0,0.0
2024-12-10 00:00:00-05:00,96.55477457336492,96.55477457336492,95.12724520649003,95.47215270996094,168300,0.0,0.0
2024-12-11 00:00:00-05:00,96.81346199162932,97.46495315156241,95.66376783964293,96.39190673828125,435600,0.0,0.0
2024-12-12 00:00:00-05:00,96.01825646060757,97.41704477449345,96.01825646060757,96.43981170654297,222600,0.0,0.0
2024-12-13 00:00:00-05:00,96.20029862763433,96.75597648210152,93.68055710894963,94.88773345947266,179900,0.0,0.0
2024-12-16 00:00:00-05:00,94.88773281542615,95.98952034083217,93.89133410694345,94.30330657958984,153500,0.0,0.0
2024-12-17 00:00:00-05:00,93.46021202340667,94.72487063426952,91.69735035732207,93.07698059082031,317500,0.0,0.0
2024-12-18 00:00:00-05:00,93.93923907249592,93.98713842780177,85.93930847381053,86.73451232910156,278700,0.0,0.0
2024-12-19 00:00:00-05:00,87.92252558525513,88.6889883874718,86.06386535060588,86.86864471435547,189100,0.0,0.0
2024-12-20 00:00:00-05:00,85.60398832217835,88.78479660375525,85.54650616892788,88.61234283447266,704300,0.0,0.0
2024-12-23 00:00:00-05:00,88.29618057381433,88.98598831713053,87.66384767219415,88.69857025146484,133500,0.0,0.0
2024-12-24 00:00:00-05:00,88.90934496708633,89.98238407226758,88.54527186251639,89.7716064453125,59400,0.0,0.0
2024-12-26 00:00:00-05:00,89.06263232259994,90.6434572008096,89.06263232259994,90.59555053710938,96400,0.0,0.0
2024-12-27 00:00:00-05:00,89.67581329165112,90.9117308464882,88.29619034284721,89.43629455566406,101700,0.0,0.0
2024-12-30 00:00:00-05:00,88.65066386115292,89.35006171122092,87.60636579312086,88.6889877319336,96500,0.0,0.0
2024-12-31 00:00:00-05:00,88.94765768284044,89.29256518303706,88.11413731530727,88.46862030029297,86600,0.0,0.0
2025-01-02 00:00:00-05:00,88.73688480350614,89.31172818400181,87.12731895240019,87.53929138183594,98400,0.0,0.0
2025-01-03 00:00:00-05:00,88.16205008789841,88.96683681403884,87.29020571990539,88.71773529052734,173800,0.0,0.0
2025-01-06 00:00:00-05:00,88.95724498325085,89.28299422083961,86.65786396864274,86.95487213134766,106000,0.0,0.0
2025-01-07 00:00:00-05:00,87.06983825922502,87.38600470864796,85.08662364575615,85.69979095458984,119100,0.0,0.0
2025-01-08 00:00:00-05:00,84.95249234505911,85.78602006802545,84.40638999126207,85.73811340332031,182100,0.0,0.0
2025-01-10 00:00:00-05:00,83.80280352853585,84.3105820006055,81.75252405101085,82.18365478515625,186500,0.0,0.0
2025-01-13 00:00:00-05:00,81.5609146935751,81.82918180916012,79.37650506196054,81.12020111083984,337200,0.0,0.0
2025-01-14 00:00:00-05:00,81.66630003074367,82.88305921134432,81.5609112100765,82.81599426269531,239000,0.0,0.0
2025-01-15 00:00:00-05:00,84.67464777747043,85.36446279961366,82.83514592477553,83.18963623046875,194000,0.0,0.0
2025-01-16 00:00:00-05:00,83.63035778675297,84.42556169747279,83.17047862467064,84.37765502929688,203400,0.0,0.0
2025-01-17 00:00:00-05:00,85.05788186810523,85.49859541084562,83.77406511006114,84.5213623046875,181900,0.0,0.0
2025-01-21 00:00:00-05:00,85.50818040901424,86.22673654690513,84.78004147594947,85.46027374267578,225800,0.0,0.0
2025-01-22 00:00:00-05:00,84.87584150474663,85.47943329604621,82.45191347364275,83.01718139648438,376500,0.0,0.0
2025-01-23 00:00:00-05:00,83.53453805891064,86.31294892865779,80.77527815804271,85.54649353027344,363500,0.0,0.0
2025-01-24 00:00:00-05:00,84.59801855110098,86.07344749884938,84.00400946792648,85.0962142944336,311400,0.0,0.0
2025-01-27 00:00:00-05:00,84.86627229128227,86.64829210384798,84.45429981182824,86.25547790527344,207200,0.0,0.0
2025-01-28 00:00:00-05:00,85.843502596803,87.25187375479113,85.843502596803,86.33212280273438,138100,0.0,0.0
2025-01-29 00:00:00-05:00,85.91055978949362,86.50456875701396,84.06147525734998,84.73213195800781,146600,0.0,0.0
2025-01-30 00:00:00-05:00,85.55608552568405,86.04469842773732,84.34890918922416,85.10578918457031,160700,0.0,0.0
2025-01-31 00:00:00-05:00,85.15368801834661,85.64230822693455,84.2339370612893,84.91416931152344,143400,0.0,0.0
2025-02-03 00:00:00-05:00,83.13215033379468,84.31058559869736,82.22198216307567,83.49622344970703,190700,0.0,0.0
2025-02-04 00:00:00-05:00,83.10341039959519,83.68783664255713,82.09743619333112,83.46748352050781,268800,0.0,0.0
2025-02-05 00:00:00-05:00,83.83155027679658,84.64591244615067,83.44831887076786,84.6363296508789,221700,0.0,0.0
2025-02-06 00:00:00-05:00,85.43152868128266,85.7285368415698,84.59800827831303,85.56565856933594,215500,0.0,0.0
2025-02-07 00:00:00-05:00,85.45069041356884,85.91056220627028,84.24351416604941,85.2686538696289,176200,0.0,0.0
2025-02-10 00:00:00-05:00,85.84350019726529,85.84350019726529,83.12257128717874,83.18963623046875,237900,0.0,0.0
2025-02-11 00:00:00-05:00,82.41359028176761,83.18005303815794,82.41359028176761,82.59562683105469,129100,0.0,0.0
2025-02-12 00:00:00-05:00,80.79445131530298,81.12019324548956,79.62559886551671,80.12379455566406,149100,0.0,0.0
2025-02-13 00:00:00-05:00,80.51660373200156,80.90941058276509,79.47229844232855,80.86151123046875,221300,0.0,0.0
2025-02-14 00:00:00-05:00,81.49383598633494,82.2315576379901,81.22557622556226,81.68545532226562,82000,0.0,0.0
2025-02-18 00:00:00-05:00,81.55133513766579,82.89263410099868,81.0435493192256,82.82556915283203,95000,0.0,0.0
2025-02-19 00:00:00-05:00,81.77168244896319,83.61118430462159,81.77168244896319,82.78724670410156,114400,0.0,0.0
2025-02-20 00:00:00-05:00,82.681868265794,83.33335950177373,81.86749873867069,82.91180419921875,178900,0.0,0.0
2025-02-21 00:00:00-05:00,84.99082510974175,85.04830726577917,81.67588677017238,82.71060943603516,186300,0.0,0.0
2025-02-24 00:00:00-05:00,82.78725443788572,83.81239427389657,82.01120880946274,83.18006134033203,156200,0.0,0.0
2025-02-25 00:00:00-05:00,83.77406400660806,84.40638958237426,83.39083261941573,83.54412078857422,200200,0.0,0.0
2025-02-26 00:00:00-05:00,83.41957668979626,84.16687390141404,81.39803817655789,83.0650863647461,297300,0.0,0.0
2025-02-27 00:00:00-05:00,82.86388713260602,83.88902687285082,82.56688628463334,82.78724670410156,122200,0.0,0.0
2025-02-28 00:00:00-05:00,82.39442694562432,84.30099361548837,81.8387418468201,83.73573303222656,206200,0.0,0.0
2025-03-03 00:00:00-05:00,83.82258977974574,84.76820710745605,81.69011780076156,82.59713745117188,208000,0.62,0.0
2025-03-04 00:00:00-05:00,81.86379628567735,81.86379628567735,79.01728568173462,79.66378021240234,227200,0.0,0.0
2025-03-05 00:00:00-05:00,79.55763201647818,80.46465895518062,79.17166999824649,80.07868957519531,355900,0.0,0.0
2025-03-06 00:00:00-05:00,79.48045158108758,84.13136501548381,77.29007937457845,83.01205444335938,424100,0.0,0.0
2025-03-07 00:00:00-05:00,83.03134416182924,85.3857432531037,81.30413699394867,84.34363555908203,241700,0.0,0.0
2025-03-10 00:00:00-04:00,83.97696291018626,83.97696291018626,80.93746428883628,82.26905822753906,323400,0.0,0.0
2025-03-11 00:00:00-04:00,82.40415938325457,82.84802164549995,77.36727642206101,77.53131103515625,329500,0.0,0.0
2025-03-12 00:00:00-04:00,77.84007309172556,78.27429138861325,74.10583843666068,74.36636352539062,450400,0.0,0.0
2025-03-13 00:00:00-04:00,74.65585038440122,74.86812656451274,71.97336705562674,72.87074279785156,359900,0.0,0.0
2025-03-14 00:00:00-04:00,73.84531164498172,75.58217024212222,73.50759118491382,74.9742660522461,163700,0.0,0.0
2025-03-17 00:00:00-04:00,74.71374337243012,76.33480899520937,74.49180857045407,76.28656005859375,239900,0.0,0.0
2025-03-18 00:00:00-04:00,76.30586398738045,76.79796781352948,75.17690952256194,76.2093734741211,157100,0.0,0.0
2025-03-19 00:00:00-04:00,76.01637825324111,77.63744376025612,76.01637825324111,76.6435775756836,174200,0.0,0.0
2025-03-20 00:00:00-04:00,75.64006798955782,77.12604547216323,75.64006798955782,76.14183044433594,180400,0.0,0.0
2025-03-21 00:00:00-04:00,75.97778812880755,77.19358922031878,75.7462094224378,76.15147399902344,569900,0.0,0.0
2025-03-24 00:00:00-04:00,77.07778837389971,78.49622160993593,77.07778837389971,78.12955474853516,137500,0.0,0.0
2025-03-25 00:00:00-04:00,78.45762450566544,78.77604979805845,77.65674668779556,78.09095764160156,182500,0.0,0.0
2025-03-26 00:00:00-04:00,78.32254769517846,79.35501170925009,77.60850901972123,77.85939025878906,187600,0.0,0.0
2025-03-27 00:00:00-04:00,77.84007559468517,78.60236309165194,76.92340476359101,77.16463470458984,135800,0.0,0.0
2025-03-28 00:00:00-04:00,77.33832640551593,77.40587049963368,74.99357090720807,75.8041000366211,129500,0.0,0.0
2025-03-31 00:00:00-04:00,75.09005902942003,78.24534355674949,74.50145735865534,77.434814453125,221600,0.0,0.0
2025-04-01 00:00:00-04:00,76.88481908382742,78.90149817154256,76.68218678518772,77.85939025878906,179700,0.0,0.0
2025-04-02 00:00:00-04:00,77.02955319985752,78.69886041360428,76.73042304111205,78.20675659179688,118800,0.0,0.0
2025-04-03 00:00:00-04:00,74.41461944580078,75.38918316716781,72.88039309817422,74.41461944580078,282700,0.0,0.0
2025-04-04 00:00:00-04:00,72.46548255754495,74.45322254491735,71.74179263713987,73.0830307006836,422000,0.0,0.0
2025-04-07 00:00:00-04:00,70.6128294133178,75.81374641047464,69.31018918970727,70.72862243652344,384900,0.0,0.0
2025-04-08 00:00:00-04:00,72.94793340450852,72.96723592256062,66.97508501251477,67.77596282958984,223200,0.0,0.0
2025-04-09 00:00:00-04:00,66.56981809901727,75.1479549390542,66.56981809901727,74.298828125,434400,0.0,0.0
2025-04-10 00:00:00-04:00,72.88039020747262,72.88039020747262,69.78299858000018,71.16283416748047,298600,0.0,0.0
2025-04-11 00:00:00-04:00,70.12072922499911,71.0470514701443,68.51896597665059,70.9891586303711,218000,0.0,0.0
2025-04-14 00:00:00-04:00,71.73213829478884,72.44618428603799,70.77686970219051,71.8286361694336,199700,0.0,0.0
2025-04-15 00:00:00-04:00,71.80932195422409,73.21810382588932,71.54879687567596,72.07949829101562,196100,0.0,0.0
2025-04-16 00:00:00-04:00,71.90581702348447,72.37863300468642,70.92160211091274,71.29792022705078,255800,0.0,0.0
2025-04-17 00:00:00-04:00,69.155806662848,73.81637149253083,69.155806662848,71.65495300292969,335800,0.0,0.0
2025-04-21 00:00:00-04:00,70.37160789314132,70.87336299691886,67.98825458625035,68.72159576416016,300500,0.0,0.0
2025-04-22 00:00:00-04:00,70.15932326022535,71.77073768539812,68.95317341591858,71.71284484863281,307500,0.0,0.0
2025-04-23 00:00:00-04:00,73.84531012607695,75.92954039977556,71.59704525539847,71.64529418945312,162200,0.0,0.0
2025-04-24 00:00:00-04:00,71.8479255781597,74.3277691059597,71.8479255781597,74.15408325195312,139200,0.0,0.0
2025-04-25 00:00:00-04:00,73.81637253113485,73.84531895032514,72.74531085056624,73.52689361572266,99300,0.0,0.0
2025-04-28 00:00:00-04:00,73.27601247995445,74.22162976798208,72.39793192217489,73.51724243164062,109900,0.0,0.0
2025-04-29 00:00:00-04:00,73.13127397647476,74.6847954742399,72.54267229785546,74.42426300048828,98200,0.0,0.0
2025-04-30 00:00:00-04:00,73.78741674646392,73.78741674646392,71.26897553199724,73.6426773071289,173900,0.0,0.0
2025-05-01 00:00:00-04:00,74.00935340905824,74.94532689023947,72.6198737586053,74.0383071899414,191000,0.0,0.0
2025-05-02 00:00:00-04:00,74.83918174048063,76.46989865429575,74.33742665409751,75.70761108398438,158500,0.0,0.0
2025-05-05 00:00:00-04:00,75.08041968090144,76.35411373276713,74.62690612212832,74.71375274658203,122000,0.0,0.0
2025-05-06 00:00:00-04:00,73.81636827729575,74.85848347861976,73.4207476064813,74.28917694091797,113100,0.0,0.0
2025-05-07 00:00:00-04:00,74.78128545279347,75.44708247903766,74.26022787074417,74.95497131347656,103800,0.0,0.0
2025-05-08 00:00:00-04:00,75.80409437725308,77.52165038095048,75.0418068795468,77.15498352050781,157500,0.0,0.0
2025-05-09 00:00:00-04:00,77.20324230277605,78.05236915401306,76.73042625717684,77.50236511230469,198900,0.0,0.0
2025-05-12 00:00:00-04:00,80.53632903565928,81.50875513240427,78.76651383634429,80.58495330810547,219100,0.62,0.0
2025-05-13 00:00:00-04:00,80.72109194871113,80.83777833153994,79.43748980443807,79.69031524658203,233000,0.0,0.0
2025-05-14 00:00:00-04:00,79.22355601019215,80.06956197388892,79.22355601019215,79.70004272460938,154100,0.0,0.0
2025-05-15 00:00:00-04:00,79.74865926189776,81.65461335371198,79.5055527590793,81.2072982788086,222500,0.0,0.0
2025-05-16 00:00:00-04:00,81.25591882100552,81.6740623216186,79.76810814317959,80.55577087402344,190000,0.0,0.0
2025-05-19 00:00:00-04:00,78.95126853399586,79.61251850422313,78.79567681440282,79.40830993652344,115500,0.0,0.0
2025-05-20 00:00:00-04:00,78.84430190961316,79.36941284022242,77.90104750198292,78.3191909790039,119200,0.0,0.0
2025-05-21 00:00:00-04:00,77.2495338964714,77.29815075140378,75.54778817436451,75.59640502929688,157900,0.0,0.0
2025-05-22 00:00:00-04:00,75.18798283412319,75.47971362039816,73.8849354718784,73.97245025634766,210200,0.0,0.0
2025-05-23 00:00:00-04:00,72.84443585561718,74.40031598536483,72.84443585561718,73.66127014160156,166200,0.0,0.0
2025-05-27 00:00:00-04:00,74.53646508750778,76.07290016871056,74.1572194865685,75.74227142333984,183300,0.0,0.0
2025-05-28 00:00:00-04:00,75.61585428326113,76.03399779566698,75.34357616709403,75.77143859863281,170300,0.0,0.0
2025-05-29 00:00:00-04:00,76.25765539249862,76.68552526411388,75.11991860009178,75.32412719726562,158300,0.0,0.0
2025-05-30 00:00:00-04:00,74.86707968607682,75.38246430673044,74.21555601162872,74.7212142944336,155300,0.0,0.0
2025-06-02 00:00:00-04:00,74.42949550905487,74.42949550905487,72.94168474461269,73.45706939697266,203300,0.0,0.0
2025-06-03 00:00:00-04:00,73.26257603553945,74.05997252957222,72.4943659744014,73.90438079833984,125400,0.0,0.0
2025-06-04 00:00:00-04:00,73.89464916192681,74.49755594868898,73.34036664244377,73.65154266357422,130000,0.0,0.0
2025-06-05 00:00:00-04:00,73.40845094251698,73.80714924120448,72.97086212500328,73.02920532226562,138600,0.0,0.0
2025-06-06 00:00:00-04:00,74.41003666276083,74.73093903370706,73.32092425570237,74.22528076171875,198300,0.0,0.0
2025-06-09 00:00:00-04:00,74.81846290743304,75.56722770402874,74.22528242145819,74.85736083984375,131000,0.0,0.0
2025-06-10 00:00:00-04:00,75.71308938296228,76.17013079259804,74.70176544694351,75.30467224121094,148100,0.0,0.0
2025-06-11 00:00:00-04:00,75.30467206847241,75.46998270846566,73.70016767924794,74.06968688964844,311500,0.0,0.0
2025-06-12 00:00:00-04:00,73.53486047681444,75.23660606211519,73.25285603239627,75.19770812988281,262600,0.0,0.0
2025-06-13 00:00:00-04:00,74.03078827264632,74.60452346715465,73.19450132405557,73.5834732055664,161400,0.0,0.0
2025-06-16 00:00:00-04:00,74.6336964850854,75.05183996736531,73.23340065251607,73.3209228515625,150900,0.0,0.0
2025-06-17 00:00:00-04:00,72.55271307587772,73.13616726141264,71.44414789765464,71.9498062133789,277300,0.0,0.0
2025-06-18 00:00:00-04:00,71.73586660382334,73.1069908985062,71.72614768499754,72.4554672241211,148400,0.0,0.0
2025-06-20 00:00:00-04:00,72.82499260118044,73.02920119909224,72.14429727480777,72.78609466552734,248900,0.0,0.0
2025-06-23 00:00:00-04:00,72.4554616803305,73.9821701686551,71.50248095775487,73.91410064697266,112500,0.0,0.0
2025-06-24 00:00:00-04:00,74.67260398969819,75.8784103228846,74.16693824354014,74.84764099121094,113900,0.0,0.0
2025-06-25 00:00:00-04:00,74.87681250991182,74.87681250991182,73.51541443501799,73.68072509765625,124000,0.0,0.0
2025-06-26 00:00:00-04:00,74.14748635228963,75.19770826741848,73.79741238058001,75.06156921386719,143400,0.0,0.0
2025-06-27 00:00:00-04:00,75.23659888648827,76.21874376035193,75.05183558076166,75.95619201660156,298300,0.0,0.0
2025-06-30 00:00:00-04:00,76.36462377935311,76.36462377935311,71.81366913593823,73.27230834960938,374200,0.0,0.0
2025-07-01 00:00:00-04:00,72.54298366852794,75.9756465242154,72.54298366852794,74.18638610839844,250800,0.0,0.0
2025-07-02 00:00:00-04:00,74.26417744462358,75.77143331662751,73.3500946163354,75.72281646728516,187000,0.0,0.0
2025-07-03 00:00:00-04:00,75.9951020747427,76.3743476645922,75.2074318797286,75.85896301269531,123900,0.0,0.0
2025-07-07 00:00:00-04:00,75.34357414228472,76.38406972625911,73.97244984111981,74.38086700439453,164800,0.0,0.0
2025-07-08 00:00:00-04:00,74.41004038369358,75.58668246933534,74.20583179715851,74.8768081665039,130100,0.0,0.0
2025-07-09 00:00:00-04:00,75.17825894949598,75.86868058592064,74.53646158537795,74.95460510253906,195900,0.0,0.0
2025-07-10 00:00:00-04:00,74.99350366990731,76.63689873763302,74.91570780116865,75.4408187866211,285400,0.0,0.0
2025-07-11 00:00:00-04:00,74.86707975516364,74.9837735523903,74.16693180984772,74.65314483642578,191100,0.0,0.0
2025-07-14 00:00:00-04:00,74.55590457490074,75.27550520423256,74.31279805880753,74.93515014648438,212200,0.0,0.0
2025-07-15 00:00:00-04:00,74.9254305011992,75.18798227166492,71.90118487679533,72.25125885009766,217100,0.0,0.0
2025-07-16 00:00:00-04:00,72.87361042118587,74.21555569676171,71.95952756185368,73.8946533203125,283600,0.0,0.0
2025-07-17 00:00:00-04:00,73.37926797419362,75.09073987926264,72.94167922448176,73.47650909423828,370500,0.0,0.0
2025-07-18 00:00:00-04:00,74.28362719237742,76.54938172515043,70.21888590667743,70.68565368652344,619300,0.0,0.0
2025-07-21 00:00:00-04:00,70.32585226459057,72.5721540859781,70.06330049312558,71.77476501464844,317500,0.0,0.0
2025-07-22 00:00:00-04:00,72.13456980682815,73.2042370539629,71.58028721573871,72.7763671875,259900,0.0,0.0
2025-07-23 00:00:00-04:00,73.0583668032473,73.66127362788119,72.44574105976433,73.41816711425781,228900,0.0,0.0
2025-07-24 00:00:00-04:00,73.1945062329664,75.11018675719278,73.1945062329664,74.1766586303711,287100,0.0,0.0
2025-07-25 00:00:00-04:00,74.76011719962978,74.76011719962978,72.552713178542,73.1167221069336,169100,0.0,0.0
2025-07-28 00:00:00-04:00,73.14590000934768,73.22369588597525,71.9887104563379,72.28044128417969,125700,0.0,0.0
2025-07-29 00:00:00-04:00,72.79581850111497,73.18479042524855,72.12484211746009,73.17506408691406,148000,0.0,0.0
2025-07-30 00:00:00-04:00,73.04865719944996,73.54458920878626,71.28856077143702,71.7164306640625,241100,0.0,0.0
2025-07-31 00:00:00-04:00,71.09408078991136,72.02760906100914,70.73428042144756,71.53166961669922,185100,0.0,0.0
2025-08-01 00:00:00-04:00,70.53007104549931,71.36635817038731,69.50902798768708,70.2188949584961,214900,0.0,0.0
2025-08-04 00:00:00-04:00,70.26751221644494,72.0178747488457,70.07302254460771,71.80393981933594,135300,0.0,0.0
2025-08-05 00:00:00-04:00,72.05676757876564,72.72774391578345,71.37607232311125,72.718017578125,177100,0.0,0.0
2025-08-06 00:00:00-04:00,72.76664412774726,72.92222844004887,71.74559379324626,72.53325653076172,214700,0.0,0.0
2025-08-07 00:00:00-04:00,73.25285646036129,73.25285646036129,70.78289339184046,70.94820404052734,142100,0.0,0.0
2025-08-08 00:00:00-04:00,71.33717566948498,71.81366235697918,70.86068898199076,71.2204818725586,238400,0.0,0.0
2025-08-11 00:00:00-04:00,71.53431434205035,73.2309698677147,71.22048163033219,71.93640899658203,381200,0.62,0.0
2025-08-12 00:00:00-04:00,72.17178711474092,74.3097749631546,72.17178711474092,73.8880615234375,198200,0.0,0.0
2025-08-13 00:00:00-04:00,74.40785450039124,76.5556442648528,73.89787162383732,76.45757293701172,188200,0.0,0.0
2025-08-14 00:00:00-04:00,75.47684033951815,75.51607036486388,74.66283414890917,75.1531982421875,192500,0.0,0.0
2025-08-15 00:00:00-04:00,75.40818822510666,75.40818822510666,72.87790775636361,73.4859619140625,176900,0.0,0.0
2025-08-18 00:00:00-04:00,73.58403333683569,73.89786605168067,72.64253519230074,72.77002716064453,145700,0.0,0.0
2025-08-19 00:00:00-04:00,72.99560829431906,74.05479666317001,72.77984686929054,73.12310028076172,145900,0.0,0.0
2025-08-20 00:00:00-04:00,73.19174157616128,73.19174157616128,71.7794980811778,71.90699005126953,231300,0.0,0.0
2025-08-21 00:00:00-04:00,71.93640901189588,72.1815910518017,69.93572266838092,70.46531677246094,422700,0.0,0.0
2025-08-22 00:00:00-04:00,70.41629138587163,74.9472511149216,70.30841067971686,74.80014038085938,352300,0.0,0.0
2025-08-25 00:00:00-04:00,74.74129928689055,75.5847261833264,74.38823651710985,75.06494140625,214800,0.0,0.0
2025-08-26 00:00:00-04:00,75.33953826635532,75.69260100870417,74.63341278165761,74.80994415283203,185900,0.0,0.0
2025-08-27 00:00:00-04:00,74.26074147617878,75.03551766223462,73.26039450892188,73.91748809814453,326000,0.0,0.0
2025-08-28 00:00:00-04:00,73.96652698314108,74.11363772539515,71.79911832651143,72.593505859375,355700,0.0,0.0
2025-08-29 00:00:00-04:00,72.87790916375319,73.06424991359344,71.52450695967529,72.43658447265625,474100,0.0,0.0
2025-09-02 00:00:00-04:00,71.4460551164118,71.4460551164118,69.8670819557535,70.02400207519531,206600,0.0,0.0
2025-09-03 00:00:00-04:00,69.62189335194837,70.16129685899188,68.88634719635945,69.9161148071289,266600,0.0,0.0
2025-09-04 00:00:00-04:00,70.30840854897217,71.31855741929668,70.24955976771308,71.27932739257812,191500,0.0,0.0
2025-09-05 00:00:00-04:00,71.66180590356937,72.13255870966351,70.03380105898289,71.14202117919922,143200,0.0,0.0
2025-09-08 00:00:00-04:00,71.46566326799207,71.57354396350951,70.2495549698614,70.65165710449219,429700,0.0,0.0
2025-09-09 00:00:00-04:00,70.37705442541738,70.66146648795807,68.97461286591654,69.1805648803711,222200,0.0,0.0
2025-09-10 00:00:00-04:00,68.68040110771696,69.90631147300496,68.67059172973299,69.719970703125,276700,0.0,0.0
2025-09-11 00:00:00-04:00,70.1122636408033,71.10280131277396,69.8572796716727,70.47513580322266,242100,0.0,0.0
2025-09-12 00:00:00-04:00,70.10245595296425,70.97530346388902,69.75919509254638,70.22013854980469,177000,0.0,0.0
2025-09-15 00:00:00-04:00,70.59282197295514,70.85761530538622,68.89615882634438,68.98442077636719,218400,0.0,0.0
2025-09-16 00:00:00-04:00,68.06253409707003,68.6803901287566,66.99353653859559,68.04291534423828,261200,0.0,0.0
2025-09-17 00:00:00-04:00,68.04292467924238,70.05342062569619,67.74871068765884,68.01350402832031,294700,0.0,0.0
2025-09-18 00:00:00-04:00,68.27830441722013,69.02365251038302,68.07235237971227,68.19984436035156,167000,0.0,0.0
2025-09-19 00:00:00-04:00,68.39598161080231,68.39598161080231,67.13084135271573,67.26814270019531,520900,0.0,0.0
2025-09-22 00:00:00-04:00,67.05239411257178,67.23872739475071,65.89513446159776,65.97358703613281,327300,0.0,0.0
2025-09-23 00:00:00-04:00,65.90493667464854,66.79740299084806,65.6891827406835,66.0128173828125,438000,0.0,0.0
2025-09-24 00:00:00-04:00,66.04223491222538,66.1206949657931,65.0026653907218,65.35572814941406,259900,0.0,0.0
2025-09-25 00:00:00-04:00,65.08112537614164,65.36553745825495,64.57114251084792,65.09093475341797,208800,0.0,0.0
2025-09-26 00:00:00-04:00,65.12035572277314,65.67937051246948,64.90459431580919,65.13016510009766,216700,0.0,0.0
2025-09-29 00:00:00-04:00,65.42437989296809,65.82648206229034,64.44365165446034,65.24784851074219,279800,0.0,0.0
2025-09-30 00:00:00-04:00,65.17919857037292,65.26746800366533,63.57080483962187,64.3455810546875,218600,0.0,0.0
2025-10-01 00:00:00-04:00,64.06116842040014,64.24750918059732,63.23736028926822,63.28639221191406,148200,0.0,0.0
2025-10-02 00:00:00-04:00,63.28639279900058,64.00232771400806,63.05102011397409,63.85521697998047,254600,0.0,0.0
2025-10-03 00:00:00-04:00,64.05135789043753,65.18900622137379,63.93367529231484,64.375,303900,0.0,0.0
2025-10-06 00:00:00-04:00,64.60057212685712,65.26746763208119,63.766947133555,64.79671478271484,305000,0.0,0.0
2025-10-07 00:00:00-04:00,64.70845321137699,65.46361067145226,64.70845321137699,65.10073852539062,233200,0.0,0.0
2025-10-08 00:00:00-04:00,65.55187180592617,65.70879191546732,64.55153229587056,64.9830551147461,202900,0.0,0.0
2025-10-09 00:00:00-04:00,65.85590238984264,66.16973512533411,64.56134142064498,65.2086181640625,328300,0.0,0.0
2025-10-10 00:00:00-04:00,65.33611895247242,65.75783240084068,63.99251855130777,64.87517547607422,282400,0.0,0.0
2025-10-13 00:00:00-04:00,65.27726079950239,65.78724360832696,64.96342810267254,65.39495086669922,335000,0.0,0.0
2025-10-14 00:00:00-04:00,64.884985804598,66.3756894797685,64.68883566157366,65.7480239868164,253400,0.0,0.0
2025-10-15 00:00:00-04:00,66.09127176768797,66.28741441168113,64.78690148628299,65.26746368408203,307900,0.0,0.0
2025-10-16 00:00:00-04:00,65.31649949175431,65.59110220263489,63.668875744108135,64.53192138671875,366600,0.0,0.0
2025-10-17 00:00:00-04:00,63.7473377392117,68.70001851035717,63.30601300934694,68.27830505371094,580900,0.0,0.0
2025-10-20 00:00:00-04:00,68.9353873671133,70.18090891220375,67.56236636492275,69.27864074707031,281400,0.0,0.0
2025-10-21 00:00:00-04:00,69.24922463068643,70.24956418666565,68.925582501672,69.37671661376953,255600,0.0,0.0
2025-10-22 00:00:00-04:00,69.28844392734565,69.92591870874467,67.38582895951649,67.51332092285156,357000,0.0,0.0
2025-10-23 00:00:00-04:00,69.5336307911899,70.15148686278167,68.27829989390754,69.3472900390625,396400,0.0,0.0
2025-10-24 00:00:00-04:00,69.90630762584183,70.64185380453522,69.57286361636824,69.96514892578125,409100,0.0,0.0
2025-10-27 00:00:00-04:00,70.14168360941001,70.73992846149467,69.102114022282,70.13188171386719,388800,0.0,0.0
2025-10-28 00:00:00-04:00,69.75919066189287,70.16129279519203,69.46497670611586,69.89649200439453,245800,0.0,0.0
2025-10-29 00:00:00-04:00,69.34729192477288,70.58301158392077,67.78793763781697,68.111572265625,272400,0.0,0.0
2025-10-30 00:00:00-04:00,67.50352618766489,68.63136515400059,67.32699480613093,68.19003295898438,398300,0.0,0.0
2025-10-31 00:00:00-04:00,67.70947479462242,67.8565855188543,66.79739728321948,67.00334930419922,366000,0.0,0.0
2025-11-03 00:00:00-05:00,66.5424055561589,67.40545114378473,65.46360605398883,66.4737548828125,391100,0.0,0.0
2025-11-04 00:00:00-05:00,66.41491842989502,67.0818139406226,65.80686421993781,65.85590362548828,350200,0.0,0.0
2025-11-05 00:00:00-05:00,65.8657094465032,67.24853231647744,65.70878934310514,67.12104034423828,573500,0.0,0.0
2025-11-06 00:00:00-05:00,68.61174587312529,68.61174587312529,66.42472611671674,66.6404800415039,433600,0.0,0.0
2025-11-07 00:00:00-05:00,66.41491901801804,67.26814781619494,65.41457200188692,67.17988586425781,375900,0.0,0.0
2025-11-10 00:00:00-05:00,67.55596580210721,67.59555414662594,66.259472058909,66.26937103271484,180600,0.62,0.0
2025-11-11 00:00:00-05:00,66.61575655116046,68.20915147905414,66.61575655116046,67.6351318359375,209200,0.0,0.0
2025-11-12 00:00:00-05:00,67.6648325606291,68.92173042158385,65.33906448803982,65.52710723876953,850600,0.0,0.0
2025-11-13 00:00:00-05:00,65.230203247936,66.45741168651166,64.48793880069434,64.81452941894531,337000,0.0,0.0
2025-11-14 00:00:00-05:00,64.65618459035481,64.65618459035481,63.71597841230809,64.0920639038086,233400,0.0,0.0
2025-11-17 00:00:00-05:00,63.71597781681904,64.22071975818136,58.90610734101251,59.064456939697266,434400,0.0,0.0
2025-11-18 00:00:00-05:00,59.01497472222993,59.678062501803865,58.500337571118415,58.628997802734375,537300,0.0,0.0
2025-11-19 00:00:00-05:00,58.589410771160054,59.54940360452189,58.19353486901849,58.98528289794922,599900,0.0,0.0
2025-11-20 00:00:00-05:00,59.68796095156039,61.053724843115376,58.62899728801232,58.856624603271484,725700,0.0,0.0
2025-11-21 00:00:00-05:00,59.71765117238858,61.073519884916756,59.490023853887664,60.75682067871094,1275800,0.0,0.0
2025-11-24 00:00:00-05:00,60.519298703875734,61.716817824028595,60.2817724094174,61.32094192504883,528900,0.0,0.0
2025-11-25 00:00:00-05:00,61.548569269636296,62.73619319168724,61.548569269636296,62.11268997192383,496300,0.0,0.0
2025-11-26 00:00:00-05:00,61.825683176020355,63.587322978038486,61.4199120831279,63.112274169921875,454000,0.0,0.0
2025-11-28 00:00:00-05:00,63.527944398208305,63.527944398208305,62.12258836718873,62.59763717651367,167200,0.0,0.0
2025-12-01 00:00:00-05:00,61.924650612026994,62.1522779312435,61.01414133516095,61.033931732177734,409900,0.0,0.0
2025-12-02 00:00:00-05:00,61.5386716119368,62.28093606163817,60.95475676049096,61.15269470214844,434600,0.0,0.0
2025-12-03 00:00:00-05:00,61.508983388862156,63.05289105680089,61.41001252851205,61.756404876708984,1694900,0.0,0.0
2025-12-04 00:00:00-05:00,62.181969913994045,63.76546592037263,61.69702213840495,62.00382614135742,482700,0.0,0.0
2025-12-05 00:00:00-05:00,61.518879520249776,61.96423896019908,60.80630441633088,61.558467864990234,361400,0.0,0.0
2025-12-08 00:00:00-05:00,61.58815687028403,61.7663006452063,59.193118657988265,59.430641174316406,549900,0.0,0.0
2025-12-09 00:00:00-05:00,59.47022885027446,60.934963602339614,59.41084633418382,60.17290496826172,397400,0.0,0.0
2025-12-10 00:00:00-05:00,59.292085063253985,61.57826096494397,57.78776196748617,61.22197341918945,548300,0.0,0.0
2025-12-11 00:00:00-05:00,61.340734304050805,62.32052504893478,61.340734304050805,61.984031677246094,358600,0.0,0.0
2025-12-12 00:00:00-05:00,62.261141230301554,62.558046251966054,61.49908261697296,61.89495849609375,303800,0.0,0.0
2025-12-15 00:00:00-05:00,62.409595628809896,62.53825208047479,61.31104365083429,61.89495849609375,352400,0.0,0.0
2025-12-16 00:00:00-05:00,62.15227567037368,62.934128461427974,61.92464835943741,62.191864013671875,320500,0.0,0.0
2025-12-17 00:00:00-05:00,62.13248272294681,62.90444033106286,61.68712706579989,62.01372146606445,258400,0.0,0.0
2025-12-18 00:00:00-05:00,62.50856538901385,63.26072506114605,62.02361760508153,62.3403205871582,204800,0.0,0.0
2025-12-19 00:00:00-05:00,62.08299839587865,62.795573478871376,61.50898251540847,61.697021484375,705800,0.0,0.0
2025-12-22 00:00:00-05:00,61.80588973683382,63.05289240101139,61.43970698411259,62.63722610473633,213900,0.0,0.0
2025-12-23 00:00:00-05:00,62.55804883189851,62.65701969343642,61.86526790254252,62.59763717651367,206700,0.0,0.0
2025-12-24 00:00:00-05:00,62.666914473219656,62.87474761803216,62.181970468657134,62.56794738769531,105700,0.0,0.0
2025-12-26 00:00:00-05:00,62.468975318159224,63.74567485897627,62.310625719172656,63.53783416748047,324500,0.0,0.0
2025-12-29 00:00:00-05:00,63.547733987664,64.15144302164073,62.90444038492745,63.33000564575195,191400,0.0,0.0
2025-12-30 00:00:00-05:00,63.22113996807199,63.53783539682035,62.459081328407144,62.56794738769531,138400,0.0,0.0
2025-12-31 00:00:00-05:00,62.90444206543527,62.90444206543527,61.894961915721574,62.132484436035156,155000,0.0,0.0
2026-01-02 00:00:00-05:00,61.914755984139774,62.96382070190584,61.78609575023082,62.914337158203125,207100,0.0,0.0
2026-01-05 00:00:00-05:00,62.62732538309488,65.1510275627885,62.62732538309488,64.0920639038086,310400,0.0,0.0
2026-01-06 00:00:00-05:00,63.83474250708657,66.04174545406012,63.83474250708657,65.86360168457031,413200,0.0,0.0
2026-01-07 00:00:00-05:00,66.04174673992328,66.31885759770192,64.54731884181177,65.42813873291016,310000,0.0,0.0
2026-01-08 00:00:00-05:00,64.8343253096693,66.56627563163659,64.8343253096693,66.50688934326172,318400,0.0,0.0
2026-01-09 00:00:00-05:00,66.51679278484131,68.36750825717968,66.35844695684756,67.3382339477539,311000,0.0,0.0
2026-01-12 00:00:00-05:00,66.90276554213727,67.62523957373948,65.45782502963706,67.57575225830078,315100,0.0,0.0
2026-01-13 00:00:00-05:00,66.99184337335373,68.01121867854937,66.5365887492229,67.19967651367188,519700,0.0,0.0
2026-01-14 00:00:00-05:00,67.09081341104469,68.7138978122713,66.88298026157473,67.93204498291016,395400,0.0,0.0
2026-01-15 00:00:00-05:00,68.3477064216117,69.7926469418701,67.70441662167997,68.91182708740234,405300,0.0,0.0
2026-01-16 00:00:00-05:00,68.65451413688542,69.9312098639305,68.09039347151241,69.69367980957031,375200,0.0,0.0
2026-01-20 00:00:00-05:00,68.58524194152466,68.82276446428399,67.51637926305041,67.97163391113281,357000,0.0,0.0
2026-01-21 00:00:00-05:00,68.19925953508381,69.43636691991087,67.71430800372454,68.64461517333984,391500,0.0,0.0
2026-01-22 00:00:00-05:00,68.9415309364177,69.89162859794143,67.76380217076094,68.07060241699219,380500,0.0,0.0
2026-01-23 00:00:00-05:00,67.11059890296183,68.2289488097479,64.12175078766742,65.2302017211914,581700,0.0,0.0
2026-01-26 00:00:00-05:00,65.24999788634557,66.02195175355158,63.94361267629583,64.57701110839844,402900,0.0,0.0
2026-01-27 00:00:00-05:00,64.59679917001368,66.5662796633576,64.03267847586254,64.41865539550781,649300,0.0,0.0
2026-01-28 00:00:00-05:00,64.50772997259999,64.71556311424206,63.1419623161551,63.2904167175293,343300,0.0,0.0
2026-01-29 00:00:00-05:00,63.86443403772789,64.63638788140122,62.6966042983823,63.91392135620117,487700,0.0,0.0
2026-01-30 00:00:00-05:00,63.696188459547145,64.17123348799899,62.92423462528444,63.59722137451172,262200,0.0,0.0
2026-02-02 00:00:00-05:00,63.47845561528394,63.75556647049232,62.83516201921417,63.02320098876953,244600,0.0,0.0
2026-02-03 00:00:00-05:00,62.409598200490365,62.84505866518528,59.8661055770142,60.75682067871094,314000,0.0,0.0
2026-02-04 00:00:00-05:00,60.82609804726089,62.815368936209644,59.707755633440364,62.31062698364258,251200,0.0,0.0
2026-02-05 00:00:00-05:00,62.459079906668734,62.70650139019992,60.70733535022568,61.4199104309082,226600,0.0,0.0
2026-02-06 00:00:00-05:00,61.974133831474596,62.508565156591885,61.677228798193546,62.06320571899414,238600,0.0,0.0
2026-02-09 00:00:00-05:00,61.99392798339037,63.696189044159695,61.419912089282406,63.636810302734375,288300,0.0,0.0
2026-02-10 00:00:00-05:00,64.08216812918084,65.21040955859574,63.38939095347166,64.84422302246094,245000,0.0,0.0
2026-02-11 00:00:00-05:00,64.82442654798562,65.4281355519545,63.47845311789478,64.16133880615234,333900,0.0,0.0
2026-02-12 00:00:00-05:00,64.42855046675366,65.83390263011754,63.46855393732628,65.45782470703125,383600,0.0,0.0
2026-02-13 00:00:00-05:00,65.51720335791929,67.59554978208114,64.656181460022,65.97246551513672,626900,0.0,0.0
2026-02-17 00:00:00-05:00,66.29905654703327,67.44709581918481,65.24999190577385,65.47762298583984,335400,0.0,0.0
2026-02-18 00:00:00-05:00,65.49741951775505,66.85329205053807,64.95308919966936,65.37865447998047,179900,0.0,0.0
2026-02-19 00:00:00-05:00,65.170817286935,66.44751304872536,64.48793912650163,66.15060424804688,240400,0.0,0.0
2026-02-20 00:00:00-05:00,65.98236351714455,66.60587052684885,63.943612782351885,66.42772674560547,252000,0.0,0.0
2026-02-23 00:00:00-05:00,66.05164090621709,66.28917098049655,64.39886711388982,65.09164428710938,234000,0.0,0.0
2026-02-24 00:00:00-05:00,65.13123066759155,66.44751480769679,65.13123066759155,66.26937103271484,182100,0.0,0.0
2026-02-25 00:00:00-05:00,66.79390129096592,67.36792094244444,65.71514725177423,66.91266632080078,229800,0.0,0.0
2026-02-26 00:00:00-05:00,67.52627906072172,68.26854356026456,65.54690706194079,66.44751739501953,288000,0.0,0.0
2026-02-27 00:00:00-05:00,66.20999485281854,66.82359533983613,64.56711246990251,66.18030548095703,336100,0.0,0.0
2026-03-02 00:00:00-05:00,64.81453341756408,67.91225540094531,64.81453341756408,67.72421264648438,330400,0.0,0.0
2026-03-03 00:00:00-05:00,66.34854600529981,67.67472153419777,65.5073144704775,67.19967651367188,320500,0.0,0.0
2026-03-04 00:00:00-05:00,67.30854371868226,67.92214417655305,66.07143627851748,66.22978210449219,519700,0.0,0.0
2026-03-05 00:00:00-05:00,65.44793054891443,66.72462635768532,64.74525441553597,65.52710723876953,226700,0.0,0.0
2026-03-06 00:00:00-05:00,64.448354298047,66.20009517561759,63.349802246607766,64.29000091552734,321700,0.0,0.0
2026-03-09 00:00:00-04:00,63.15999984741211,64.41999816894531,61.08000183105469,64.25,338500,0.67,0.0
2026-03-10 00:00:00-04:00,64.19999694824219,65.11000061035156,63.16999816894531,63.22999954223633,330800,0.0,0.0
2026-03-11 00:00:00-04:00,63.15999984741211,64.0999984741211,62.20000076293945,63.15999984741211,274900,0.0,0.0
2026-03-12 00:00:00-04:00,62.349998474121094,63.459999084472656,62.040000915527344,62.439998626708984,471500,0.0,0.0
2026-03-13 00:00:00-04:00,63.20000076293945,64.66999816894531,62.40999984741211,62.5099983215332,430900,0.0,0.0
2026-03-16 00:00:00-04:00,63.349998474121094,64.02999877929688,62.630001068115234,63.279998779296875,401800,0.0,0.0
2026-03-17 00:00:00-04:00,64.01000213623047,65.26000213623047,64.01000213623047,64.23999786376953,274000,0.0,0.0
2026-03-18 00:00:00-04:00,63.650001525878906,64.55000305175781,63.119998931884766,63.209999084472656,519700,0.0,0.0
2026-03-19 00:00:00-04:00,62.79999923706055,63.540000915527344,61.84000015258789,63.08000183105469,327100,0.0,0.0
2026-03-20 00:00:00-04:00,63.58000183105469,63.630001068115234,62.02000045776367,62.18000030517578,1355900,0.0,0.0
2026-03-23 00:00:00-04:00,63.72999954223633,64.80999755859375,62.790000915527344,63.5,315100,0.0,0.0
2026-03-24 00:00:00-04:00,62.630001068115234,63.599998474121094,62.27000045776367,63.09000015258789,240200,0.0,0.0
2026-03-25 00:00:00-04:00,63.86000061035156,64.56999969482422,60.16999816894531,61.900001525878906,549300,0.0,0.0
2026-03-26 00:00:00-04:00,61.709999084472656,62.47999954223633,60.70000076293945,61.939998626708984,393900,0.0,0.0
2026-03-27 00:00:00-04:00,61.380001068115234,61.63999938964844,60.66999816894531,60.83000183105469,311400,0.0,0.0
2026-03-30 00:00:00-04:00,61.459999084472656,62.599998474121094,61.290000915527344,61.380001068115234,332900,0.0,0.0
2026-03-31 00:00:00-04:00,62.31999969482422,62.77000045776367,61.18000030517578,62.54999923706055,294400,0.0,0.0
2026-04-01 00:00:00-04:00,62.63999938964844,63.45000076293945,61.47999954223633,62.130001068115234,239500,0.0,0.0
2026-04-02 00:00:00-04:00,61.349998474121094,62.68000030517578,60.5,62.65999984741211,251300,0.0,0.0
2026-04-06 00:00:00-04:00,62.22999954223633,63.63999938964844,61.90999984741211,63.369998931884766,239000,0.0,0.0
2026-04-07 00:00:00-04:00,63.20000076293945,63.45000076293945,62.65999984741211,62.79999923706055,311200,0.0,0.0
2026-04-08 00:00:00-04:00,64.41999816894531,65.16000366210938,63.849998474121094,63.900001525878906,447200,0.0,0.0
2026-04-09 00:00:00-04:00,63.619998931884766,64.37000274658203,63.060001373291016,64.04000091552734,392900,0.0,0.0
2026-04-10 00:00:00-04:00,63.88999938964844,64.19999694824219,63.099998474121094,63.15999984741211,501400,0.0,0.0
2026-04-13 00:00:00-04:00,62.790000915527344,64.58000183105469,62.290000915527344,64.51000213623047,620400,0.0,0.0
2026-04-14 00:00:00-04:00,64.63999938964844,66.58999633789062,64.5999984741211,66.27999877929688,295300,0.0,0.0
2026-04-15 00:00:00-04:00,66.29000091552734,66.66000366210938,65.62000274658203,66.20999908447266,196700,0.0,0.0
2026-04-16 00:00:00-04:00,66.23999786376953,66.7300033569336,64.54000091552734,64.63999938964844,310900,0.0,0.0
2026-04-17 00:00:00-04:00,63.0099983215332,66.7699966430664,62.349998474121094,66.66999816894531,775800,0.0,0.0
2026-04-20 00:00:00-04:00,67.19000244140625,68.5999984741211,66.6500015258789,68.25,372400,0.0,0.0
2026-04-21 00:00:00-04:00,68.1500015258789,69.2300033569336,67.75,68.8499984741211,471200,0.0,0.0
2026-04-22 00:00:00-04:00,69.19999694824219,69.69999694824219,67.93000030517578,68.31999969482422,244800,0.0,0.0
2026-04-23 00:00:00-04:00,68.31999969482422,68.56999969482422,66.9800033569336,67.23999786376953,187196,0.0,0.0
