Date,Open,High,Low,Close,Volume,Dividends,Stock Splits
2022-01-03 00:00:00-05:00,16.046120025547868,16.506303955644626,15.887694964535772,16.423320770263672,110449000,0.0,0.0
2022-01-04 00:00:00-05:00,16.989115395966156,18.528093098147174,16.913674988066692,18.339492797851562,311645200,0.0,0.0
2022-01-05 00:00:00-05:00,18.150900492850568,18.822318836112323,17.70580347297954,17.849140167236328,253540000,0.0,0.0
2022-01-06 00:00:00-05:00,18.173526228166654,18.573359408685075,17.622813660987347,18.452653884887695,155058800,0.0,0.0
2022-01-07 00:00:00-05:00,18.61108062282133,18.792136766960986,18.13580842431802,18.43756866455078,127017500,0.0,0.0
2022-01-10 00:00:00-05:00,18.181072024161857,18.43756858700753,17.615271036515157,17.99247169494629,122800700,0.0,0.0
2022-01-11 00:00:00-05:00,17.93966238230594,18.369670867919922,17.56246175437701,18.369670867919922,106011600,0.0,0.0
2022-01-12 00:00:00-05:00,18.565816516896312,18.739328471151758,18.11317544756821,18.4601993560791,104050000,0.0,0.0
2022-01-13 00:00:00-05:00,18.588450630695103,19.516365475973014,18.384763339742584,18.875123977661133,185780500,0.0,0.0
2022-01-14 00:00:00-05:00,18.46020039568864,19.07126652120237,18.331952109471654,19.00337028503418,146012200,0.0,0.0
2022-01-18 00:00:00-05:00,18.76196526955971,18.958108386332526,18.331955221200978,18.39230728149414,110518100,0.0,0.0
2022-01-19 00:00:00-05:00,18.595993910650588,18.799682630575422,16.906134975632245,16.936311721801758,153198200,0.0,0.0
2022-01-20 00:00:00-05:00,16.506300427552077,17.260701755736303,16.272436418708743,16.332788467407227,152014100,0.0,0.0
2022-01-21 00:00:00-05:00,16.000854543223497,16.219631660953393,15.495406937930186,15.578390121459961,145532900,0.0,0.0
2022-01-24 00:00:00-05:00,15.035219224069122,15.442595207231467,14.18274488777257,15.382243156433105,186674000,0.0,0.0
2022-01-25 00:00:00-05:00,15.088028246325585,15.321892281249811,14.756091222012602,15.0729398727417,116775800,0.0,0.0
2022-01-26 00:00:00-05:00,15.84997894132057,15.87261150897294,14.763640155425263,15.020136833190918,135786400,0.0,0.0
2022-01-27 00:00:00-05:00,15.321894801709506,15.578391439203394,14.6429337067167,14.748549461364746,105674400,0.0,0.0
2022-01-28 00:00:00-05:00,14.649970898713843,14.824374969816514,14.34665915629518,14.816793441772461,87677100,0.1,0.0
2022-01-31 00:00:00-05:00,14.847122487704803,15.415832493280275,14.687884380369752,15.393083572387695,91361900,0.0,0.0
2022-02-01 00:00:00-05:00,15.62815084193292,15.810137863475276,15.104937251058466,15.666064262390137,117651800,0.0,0.0
2022-02-02 00:00:00-05:00,15.779807866733664,15.96179491015011,15.302092058553548,15.643317222595215,95377600,0.0,0.0
2022-02-03 00:00:00-05:00,15.294508492188365,15.635735089324468,15.067025058300564,15.082189559936523,103016000,0.0,0.0
2022-02-04 00:00:00-05:00,14.043348434433138,14.096427812425723,13.2850683001286,13.6187105178833,211100500,0.0,0.0
2022-02-07 00:00:00-05:00,13.444307154172664,13.74003740587762,13.42155967456012,13.565631866455078,84610000,0.0,0.0
2022-02-08 00:00:00-05:00,13.330563058867554,13.580795414469161,12.905926641002123,13.436721801757812,142694300,0.0,0.0
2022-02-09 00:00:00-05:00,13.853776855230725,13.975101547479236,13.67178981685796,13.91443920135498,87118600,0.0,0.0
2022-02-10 00:00:00-05:00,13.626292175904675,14.126756900475169,13.588378751375325,13.70970344543457,76195300,0.0,0.0
2022-02-11 00:00:00-05:00,13.724867535616617,13.922020498347297,13.209236932521645,13.307812690734863,94534100,0.0,0.0
2022-02-14 00:00:00-05:00,13.277483579841034,13.444304666788964,13.110662492893104,13.239568710327148,78625000,0.0,0.0
2022-02-15 00:00:00-05:00,13.497384507678674,13.74761686996392,13.436722160649051,13.70970344543457,65883300,0.0,0.0
2022-02-16 00:00:00-05:00,13.565630545502769,13.808279946439628,13.45188881960168,13.656624794006348,57442100,0.0,0.0
2022-02-17 00:00:00-05:00,13.542882273976428,13.603544620653519,13.269900990777307,13.300232887268066,55368600,0.0,0.0
2022-02-18 00:00:00-05:00,13.345731951965597,14.013017898726753,13.322983025052652,13.679375648498535,106404200,0.0,0.0
2022-02-22 00:00:00-05:00,13.398809211029144,13.467054534644422,12.943840869028792,13.110663414001465,98550700,0.0,0.0
2022-02-23 00:00:00-05:00,13.269901522300449,13.444305595194749,12.799767231993544,12.852848052978516,79855400,0.0,0.0
2022-02-24 00:00:00-05:00,12.1248984617049,13.034835147938624,12.10215026149473,13.00450325012207,110443900,0.0,0.0
2022-02-25 00:00:00-05:00,13.0803315769965,13.573213347158656,12.981755801485866,13.520133972167969,78888000,0.0,0.0
2022-02-28 00:00:00-05:00,13.1485761723739,13.406391504875694,13.049998956020875,13.315397262573242,82367800,0.0,0.0
2022-03-01 00:00:00-05:00,13.201654782126871,13.201654782126871,12.473706670958467,12.663276672363281,94819500,0.0,0.0
2022-03-02 00:00:00-05:00,13.26990046907076,13.838610489173794,13.118243885188203,13.724868774414062,138638200,0.0,0.0
2022-03-03 00:00:00-05:00,13.838612584339215,13.838612584339215,13.224406074602323,13.345730781555176,95395500,0.0,0.0
2022-03-04 00:00:00-05:00,13.15616051865439,13.186490971715827,12.617780875344351,12.777020454406738,91304000,0.0,0.0
2022-03-07 00:00:00-05:00,12.769437191682824,12.814933593401564,12.109733581542969,12.109733581542969,87999200,0.0,0.0
2022-03-08 00:00:00-05:00,12.17797799951804,12.67844274975135,11.958077522623775,12.155230522155762,101020300,0.0,0.0
2022-03-09 00:00:00-05:00,12.625363385711527,12.761854035228058,12.344800558420443,12.413045883178711,62846700,0.0,0.0
2022-03-10 00:00:00-05:00,12.215893166221939,12.443376623145268,11.950494835608355,12.38271427154541,72992600,0.0,0.0
2022-03-11 00:00:00-05:00,12.435794982322184,12.496457340428938,12.140066167339846,12.16281509399414,54985900,0.0,0.0
2022-03-14 00:00:00-04:00,12.200725830363295,12.306884572023968,11.760923469663439,11.935327529907227,66341700,0.0,0.0
2022-03-15 00:00:00-04:00,11.958077092957668,12.238639909911287,11.776089325923628,12.177977561950684,65263700,0.0,0.0
2022-03-16 00:00:00-04:00,12.488873420035732,12.610198127070458,12.177978677471174,12.572284698486328,82677600,0.0,0.0
2022-03-17 00:00:00-04:00,12.306886359483643,12.572284698486328,12.253806980944026,12.572284698486328,58500200,0.0,0.0
2022-03-18 00:00:00-04:00,12.450958536706628,12.814932615284805,12.344799792030765,12.784602165222168,89144000,0.0,0.0
2022-03-21 00:00:00-04:00,12.792186379266646,12.974173436195825,12.382714416447566,12.496456146240234,72583600,0.0,0.0
2022-03-22 00:00:00-04:00,12.678442051619363,13.125827401632957,12.663277549647708,12.959006309509277,77647100,0.0,0.0
2022-03-23 00:00:00-04:00,12.754271048220932,12.928675124075436,12.564701023256163,12.648112297058105,63296800,0.0,0.0
2022-03-24 00:00:00-04:00,12.693606949115692,12.875593974450533,12.617778660316764,12.761852264404297,56314200,0.0,0.0
2022-03-25 00:00:00-04:00,12.693607529630832,12.723939425059292,12.390295806868115,12.488871574401855,62023100,0.0,0.0
2022-03-28 00:00:00-04:00,12.549533488360872,12.648110698816659,12.344798986461026,12.640527725219727,54634400,0.0,0.0
2022-03-29 00:00:00-04:00,12.898344605151605,13.49738512884987,12.898344605151605,13.459471702575684,90676900,0.0,0.0
2022-03-30 00:00:00-04:00,13.2850671484906,13.391225895273225,13.042417757956345,13.095497131347656,57853400,0.0,0.0
2022-03-31 00:00:00-04:00,13.042419335733625,13.156161070518152,12.511622644999667,12.822517395019531,52529400,0.0,0.0
2022-04-01 00:00:00-04:00,12.898342699584951,13.004501434512667,12.390295052524134,12.625361442565918,64695700,0.0,0.0
2022-04-04 00:00:00-04:00,12.63294792175293,12.68602730394694,12.405464441977255,12.63294792175293,51146500,0.0,0.0
2022-04-05 00:00:00-04:00,12.481290538625133,12.602616692873985,11.988409454965854,11.995991706848145,91708000,0.0,0.0
2022-04-06 00:00:00-04:00,11.829168333921823,11.980824189863966,11.51069067486724,11.669929504394531,102881600,0.0,0.0
2022-04-07 00:00:00-04:00,11.427279751751554,11.533439215645892,11.040557488380278,11.34386920928955,101229100,0.0,0.0
2022-04-08 00:00:00-04:00,11.328704773971202,11.707844837296443,11.230128993880646,11.412116050720215,75085800,0.0,0.0
2022-04-11 00:00:00-04:00,11.290791406841732,11.958078008658696,11.290791406841732,11.586520195007324,66117100,0.0,0.0
2022-04-12 00:00:00-04:00,11.753341942479405,11.92016377253272,11.586520112426092,11.64718246459961,49138700,0.0,0.0
2022-04-13 00:00:00-04:00,11.609267524937033,11.791254557756734,11.541022206841598,11.760923385620117,51871800,0.0,0.0
2022-04-14 00:00:00-04:00,11.753339431181306,11.950492395196342,11.72300826157531,11.738173484802246,39312900,0.0,0.0
2022-04-18 00:00:00-04:00,11.654763775063483,11.973241440070733,11.654763775063483,11.882247924804688,40205800,0.0,0.0
2022-04-19 00:00:00-04:00,11.935327791800821,12.306884842070538,11.935327791800821,12.246222496032715,55398300,0.0,0.0
2022-04-20 00:00:00-04:00,12.306883616683239,12.549532976674111,12.14006254326558,12.170392990112305,47351500,0.0,0.0
2022-04-21 00:00:00-04:00,12.496456121025103,12.56470144802391,11.836752498623751,11.904997825622559,49898500,0.0,0.0
2022-04-22 00:00:00-04:00,11.791254068766996,11.85949938403226,11.374199926819838,11.472776412963867,56193700,0.0,0.0
2022-04-25 00:00:00-04:00,11.381177876011826,11.60254214050971,11.159813611513941,11.594908714294434,58361400,0.1,0.0
2022-04-26 00:00:00-04:00,11.52620982866765,11.556742804946412,11.197979787698289,11.22851276397705,60345300,0.0,0.0
2022-04-27 00:00:00-04:00,11.289578818038871,11.526209932299494,11.144547361401678,11.335378646850586,65847900,0.0,0.0
2022-04-28 00:00:00-04:00,11.381178150762198,11.442244106031406,10.610219555533913,11.15981388092041,131556500,0.0,0.0
2022-04-29 00:00:00-04:00,11.136914406879864,11.426978060400964,10.762885246272504,10.808684349060059,83184900,0.0,0.0
2022-05-02 00:00:00-04:00,10.701818373398693,10.907915774206687,10.54915276928782,10.89264965057373,64734000,0.0,0.0
2022-05-03 00:00:00-04:00,10.923182398668079,11.259045119208302,10.839216172560372,11.114013671875,55734200,0.0,0.0
2022-05-04 00:00:00-04:00,11.075847147667385,11.44987626425514,10.885015876596466,11.434609413146973,59774900,0.0,0.0
2022-05-05 00:00:00-04:00,11.312480250365628,11.312480250365628,10.946084470773988,11.091115951538086,57889200,0.0,0.0
2022-05-06 00:00:00-04:00,11.037683623336504,11.144549425043174,10.686553963973124,10.84685230255127,66622200,0.0,0.0
2022-05-09 00:00:00-04:00,10.572054437917634,10.816318271897375,10.159858854094997,10.205657958984375,71242000,0.0,0.0
2022-05-10 00:00:00-04:00,10.533886743361471,10.564419718874143,9.9384933568826,10.190390586853027,75506700,0.0,0.0
2022-05-11 00:00:00-04:00,10.07589104187677,10.396487637896973,9.762927871467413,9.793460845947266,71644900,0.0,0.0
2022-05-12 00:00:00-04:00,9.320199357790063,9.770561276386767,9.27439953218551,9.495763778686523,113203900,0.0,0.0
2022-05-13 00:00:00-04:00,9.831628166240181,10.404122037293241,9.823994739914877,10.304889678955078,78944200,0.0,0.0
2022-05-16 00:00:00-04:00,10.297257087957005,10.320157368790623,9.907961049349447,9.961394309997559,65055400,0.0,0.0
2022-05-17 00:00:00-04:00,10.182759725765173,10.327791213989258,10.04536093736907,10.327791213989258,50891400,0.0,0.0
2022-05-18 00:00:00-04:00,10.114057808932467,10.198023309807665,9.701862274517156,9.755294799804688,68362500,0.0,0.0
2022-05-19 00:00:00-04:00,9.64842991155559,10.014825624771888,9.640796485539358,9.808728218078613,58459600,0.0,0.0
2022-05-20 00:00:00-04:00,9.961394940056854,10.014827476120919,9.21333579534141,9.541565895080566,78183400,0.0,0.0
2022-05-23 00:00:00-04:00,9.648429399158855,9.885059769386817,9.541563624497611,9.793460845947266,51929600,0.0,0.0
2022-05-24 00:00:00-04:00,9.617897072296602,9.678963025368157,9.365999833885537,9.480498313903809,51082800,0.0,0.0
2022-05-25 00:00:00-04:00,9.411799626487635,9.778196099811197,9.404166199801729,9.701863288879395,41193100,0.0,0.0
2022-05-26 00:00:00-04:00,9.770561076913832,10.07589081483221,9.762927651474993,10.014824867248535,45709200,0.0,0.0
2022-05-27 00:00:00-04:00,10.121692121676903,10.404122352600098,10.106425268563616,10.404122352600098,54195700,0.0,0.0
2022-05-31 00:00:00-04:00,10.442288398742676,10.549153455010535,10.190391154734725,10.442288398742676,79689900,0.0,0.0
2022-06-01 00:00:00-04:00,10.594952961416778,10.663652340042644,10.228556518066688,10.343055725097656,50726200,0.0,0.0
2022-06-02 00:00:00-04:00,10.411758265533015,10.656022149967967,10.381225279978645,10.60258960723877,42979700,0.0,0.0
2022-06-03 00:00:00-04:00,10.404122037293241,10.518620520318413,10.19802389429161,10.304889678955078,43625200,0.0,0.0
2022-06-06 00:00:00-04:00,10.48808865983848,10.48808865983848,10.213291834537289,10.274357795715332,37711100,0.0,0.0
2022-06-07 00:00:00-04:00,10.121693762896397,10.510989844845584,10.068260496299382,10.488089561462402,38940300,0.0,0.0
2022-06-08 00:00:00-04:00,10.404124035979034,10.5720558075783,10.259091819791207,10.327791213989258,39441900,0.0,0.0
2022-06-09 00:00:00-04:00,10.312522320889276,10.373588270919715,10.136957168579102,10.136957168579102,30468000,0.0,0.0
2022-06-10 00:00:00-04:00,9.92322645000383,10.083524752545511,9.640796246090117,9.73239517211914,55644400,0.0,0.0
2022-06-13 00:00:00-04:00,9.388898811684209,9.449964761031461,8.961436438289907,9.014869689941406,80676300,0.0,0.0
2022-06-14 00:00:00-04:00,9.15226750807197,9.480497524472906,9.091201560085311,9.312565803527832,82369300,0.0,0.0
2022-06-15 00:00:00-04:00,9.327832821635377,9.480497694337362,9.159901097681429,9.365999221801758,70393200,0.0,0.0
2022-06-16 00:00:00-04:00,9.007238050459273,9.091203565471611,8.488176650111805,8.587409019470215,80380100,0.0,0.0
2022-06-17 00:00:00-04:00,8.579774119527263,8.732438996963706,8.32024346390353,8.57214069366455,80248800,0.0,0.0
2022-06-21 00:00:00-04:00,8.81640771686805,8.900373241194192,8.663742796291533,8.747708320617676,66283400,0.0,0.0
2022-06-22 00:00:00-04:00,8.59504181406087,8.915638452096081,8.55687540896837,8.762972831726074,46098900,0.0,0.0
2022-06-23 00:00:00-04:00,8.778237730374006,8.83930367373953,8.587406475365874,8.824037551879883,53655000,0.0,0.0
2022-06-24 00:00:00-04:00,8.892739170395894,9.251502253791678,8.831673206579213,9.167536735534668,55457600,0.0,0.0
2022-06-27 00:00:00-04:00,9.251503287534591,9.297303129496532,9.08357150429253,9.190437316894531,44009900,0.0,0.0
2022-06-28 00:00:00-04:00,9.266766912989706,9.49576385906013,9.007236264282115,9.014869689941406,45866900,0.0,0.0
2022-06-29 00:00:00-04:00,8.961437641586556,8.976704494955095,8.686640832625594,8.793506622314453,39474200,0.0,0.0
2022-06-30 00:00:00-04:00,8.579774101805112,8.671373028077776,8.343143724258292,8.495808601379395,59238200,0.0,0.0
2022-07-01 00:00:00-04:00,8.47291045539943,8.77824026022167,8.388944213100558,8.640841484069824,54356000,0.0,0.0
2022-07-05 00:00:00-04:00,8.434742590938018,8.556874491772017,8.098879135680969,8.549241065979004,87269800,0.0,0.0
2022-07-06 00:00:00-04:00,8.511075747437832,8.602675412676762,8.274445341467588,8.442377090454102,71282900,0.0,0.0
2022-07-07 00:00:00-04:00,8.648473582285806,8.946170642217114,8.648473582285806,8.89273738861084,63000400,0.0,0.0
2022-07-08 00:00:00-04:00,8.892739222849325,8.991971596627678,8.762973866982536,8.869839668273926,55235600,0.0,0.0
2022-07-11 00:00:00-04:00,8.808772189951513,8.900371120471828,8.602674778271703,8.617940902709961,48833600,0.0,0.0
2022-07-12 00:00:00-04:00,8.617939447048638,8.946169438610932,8.60267332518899,8.824037551879883,58414500,0.0,0.0
2022-07-13 00:00:00-04:00,8.633207578337084,8.839304985796815,8.52634179760312,8.785872459411621,48274300,0.0,0.0
2022-07-14 00:00:00-04:00,8.564509550968195,8.701907601628902,8.503443588904839,8.69427490234375,48176300,0.0,0.0
2022-07-15 00:00:00-04:00,8.8393054115908,9.083569233076377,8.770606029807078,9.068303108215332,49306900,0.0,0.0
2022-07-18 00:00:00-04:00,9.274401208411575,9.350734022227469,9.083569901835505,9.129369735717773,45873400,0.0,0.0
2022-07-19 00:00:00-04:00,9.32783360427636,9.68659590323667,9.320200178009904,9.61026382446289,62650800,0.0,0.0
2022-07-20 00:00:00-04:00,9.61789806928155,9.785829093654154,9.549198682963821,9.717129707336426,51932200,0.0,0.0
2022-07-21 00:00:00-04:00,9.831628376211553,9.923227310180664,9.640797081785001,9.923227310180664,66949200,0.0,0.0
2022-07-22 00:00:00-04:00,9.999561139774128,10.030094120880278,9.709497455283852,9.785829544067383,46724700,0.0,0.0
2022-07-25 00:00:00-04:00,9.808729389452242,9.915594454587202,9.617898084038492,9.801095962524414,36830500,0.0,0.0
2022-07-26 00:00:00-04:00,9.678963566148097,9.74002952263151,9.5110318218369,9.572097778320312,49272300,0.0,0.0
2022-07-27 00:00:00-04:00,9.732396465779757,10.068259239196777,9.640797527575115,10.068259239196777,64572300,0.0,0.0
2022-07-28 00:00:00-04:00,10.640751269062418,10.75525046756255,10.213289632959784,10.686551094055176,144096500,0.0,0.0
2022-07-29 00:00:00-04:00,10.770516892353255,11.289578192984488,10.694184819178014,11.213245391845703,94551600,0.0,0.0
2022-08-01 00:00:00-04:00,11.190346476372051,11.778107185718962,11.106380972735456,11.709407806396484,109521700,0.0,0.0
2022-08-02 00:00:00-04:00,11.602542063303227,11.793373349633752,11.541476109914546,11.572009086608887,74626800,0.0,0.0
2022-08-03 00:00:00-04:00,11.8162737160389,12.327701656954233,11.801007590619447,11.976572036743164,95846000,0.0,0.0
2022-08-04 00:00:00-04:00,11.94603924267938,11.961306096298562,11.686509282826094,11.732308387756348,85039800,0.0,0.0
2022-08-05 00:00:00-04:00,11.625442663146064,11.808641267811208,11.549110578502267,11.678875923156738,68093500,0.0,0.0
2022-08-08 00:00:00-04:00,11.884973546748869,12.243737335090701,11.869707420756,12.045271873474121,75988100,0.0,0.0
2022-08-09 00:00:00-04:00,11.953671738812933,11.984204715710447,11.564375737396919,11.594908714294434,67676800,0.0,0.0
2022-08-10 00:00:00-04:00,11.926415057389786,12.011218001091038,11.74138931669539,11.949542999267578,71607000,0.15,0.0
2022-08-11 00:00:00-04:00,12.180822943270908,12.273335433243224,12.034344282730139,12.203950881958008,61567000,0.0,0.0
2022-08-12 00:00:00-04:00,12.296463519025394,12.504616440147132,12.21166058600897,12.473779678344727,53182500,0.0,0.0
2022-08-15 00:00:00-04:00,12.33501083402093,12.68193360190692,12.288754219894818,12.581710815429688,51779600,0.0,0.0
2022-08-16 00:00:00-04:00,12.566289718635899,12.859247003227052,12.535452961043362,12.666512489318848,54028900,0.0,0.0
2022-08-17 00:00:00-04:00,12.458360350298765,12.543164017096574,12.257916255425288,12.358139038085938,57118300,0.0,0.0
2022-08-18 00:00:00-04:00,12.327301179086561,12.496907047362532,12.227079128619524,12.450651168823242,39414200,0.0,0.0
2022-08-19 00:00:00-04:00,12.29646383520486,12.442941766040333,12.157695462630185,12.242498397827148,48597200,0.0,0.0
2022-08-22 00:00:00-04:00,11.62574577331543,11.725967808371024,11.49468624556764,11.62574577331543,71321800,0.0,0.0
2022-08-23 00:00:00-04:00,11.633456524758651,11.887866049396706,11.633456524758651,11.810771942138672,51289000,0.0,0.0
2022-08-24 00:00:00-04:00,11.810773767272268,12.0728928901865,11.749098766024686,11.964962005615234,39508700,0.0,0.0
2022-08-25 00:00:00-04:00,12.026634495519923,12.365847666772805,12.011215380815766,12.281044006347656,56401300,0.0,0.0
2022-08-26 00:00:00-04:00,12.342719691118287,12.404394682967032,11.880156517028809,11.880156517028809,54517300,0.0,0.0
2022-08-29 00:00:00-04:00,11.718261497582207,12.11144018974385,11.710551938467502,12.003508567810059,50416500,0.0,0.0
2022-08-30 00:00:00-04:00,12.103728102313472,12.180822206908486,11.695131112497183,11.910993576049805,66034400,0.0,0.0
2022-08-31 00:00:00-04:00,11.964961046381422,11.964961046381422,11.74909782409668,11.74909782409668,52058200,0.0,0.0
2022-09-01 00:00:00-04:00,11.641166491526276,11.733678982351883,11.394465780767403,11.710550308227539,65299800,0.0,0.0
2022-09-02 00:00:00-04:00,11.97266881529756,12.003506310733833,11.610328427727314,11.687421798706055,64565400,0.0,0.0
2022-09-06 00:00:00-04:00,11.733677858988798,11.74909623837164,11.440721298476264,11.587199211120605,58676700,0.0,0.0
2022-09-07 00:00:00-04:00,11.494688266351638,11.941832356609021,11.402175772011207,11.895576477050781,55087200,0.0,0.0
2022-09-08 00:00:00-04:00,11.687421448509447,11.934121404607632,11.579490585328424,11.926412582397461,60075900,0.0,0.0
2022-09-09 00:00:00-04:00,12.026634154030031,12.103727519690219,11.810770965644297,11.88786506652832,63328600,0.0,0.0
2022-09-12 00:00:00-04:00,11.988086754174086,12.134564659315775,11.910992655537106,11.980377197265625,52656500,0.0,0.0
2022-09-13 00:00:00-04:00,11.56407054602061,11.664292578979644,11.332788988055436,11.363626480102539,80842500,0.0,0.0
2022-09-14 00:00:00-04:00,11.37904742587744,11.448431977960972,11.140056272614594,11.301953315734863,59571800,0.0,0.0
2022-09-15 00:00:00-04:00,11.325080813432399,11.725968994195828,11.317371990897636,11.479269027709961,61377000,0.0,0.0
2022-09-16 00:00:00-04:00,11.271115274682161,11.363627761253454,11.155474850274018,11.348209381103516,68454800,0.0,0.0
2022-09-19 00:00:00-04:00,11.178603394135127,11.533234979495957,11.170893836030256,11.510107040405273,48696200,0.0,0.0
2022-09-20 00:00:00-04:00,10.862518532511103,10.970449401789134,10.029905398421613,10.091580390930176,196340000,0.0,0.0
2022-09-21 00:00:00-04:00,10.207221261676873,10.477049917046335,10.06074333190918,10.06074333190918,94271600,0.0,0.0
2022-09-22 00:00:00-04:00,10.114708983612804,10.207221478360074,9.829461941002737,9.844881057739258,82004400,0.0,0.0
2022-09-23 00:00:00-04:00,9.505666105136134,9.59046902602206,9.212709557679549,9.49024772644043,104043700,0.0,0.0
2022-09-26 00:00:00-04:00,9.413153052540684,9.54421257195911,9.197290617414241,9.243546485900879,89300400,0.0,0.0
2022-09-27 00:00:00-04:00,9.413155893104797,9.420865451920305,8.989139716163788,9.18187427520752,87044400,0.0,0.0
2022-09-28 00:00:00-04:00,9.181875254672955,9.436284840931595,9.066234801000508,9.390028953552246,72701600,0.0,0.0
2022-09-29 00:00:00-04:00,9.135616507783087,9.158744444233559,8.757856291231544,8.842659950256348,84534900,0.0,0.0
2022-09-30 00:00:00-04:00,8.780984870418415,8.888915729533043,8.626796668442369,8.634506225585938,71688200,0.0,0.0
2022-10-03 00:00:00-04:00,8.773275405681089,8.93517243128208,8.580540886404853,8.842659950256348,66198300,0.0,0.0
2022-10-04 00:00:00-04:00,9.220419354462141,9.536503845795542,9.205000240141567,9.528794288635254,87629200,0.0,0.0
2022-10-05 00:00:00-04:00,9.544213840560927,9.682982934913353,9.351479314059835,9.64443588256836,87919100,0.0,0.0
2022-10-06 00:00:00-04:00,9.528794288635254,9.736947920619984,9.397734757805722,9.528794288635254,64531900,0.0,0.0
2022-10-07 00:00:00-04:00,9.390026718495148,9.482539206457675,9.251257618939409,9.405445098876953,56494500,0.0,0.0
2022-10-10 00:00:00-04:00,8.842660991705472,8.904335986319765,8.634507333464285,8.757857322692871,115548900,0.0,0.0
2022-10-11 00:00:00-04:00,8.711599515738778,9.151033938888022,8.619087044298084,8.912043571472168,75173200,0.0,0.0
2022-10-12 00:00:00-04:00,8.850370807386037,9.019977429212574,8.750149481313642,8.896627426147461,59628500,0.0,0.0
2022-10-13 00:00:00-04:00,8.665344444320969,9.16645467224388,8.63450694838909,9.073942184448242,70487400,0.0,0.0
2022-10-14 00:00:00-04:00,9.097070152296117,9.135617206142811,8.912045176100674,8.996848106384277,55127700,0.0,0.0
2022-10-17 00:00:00-04:00,9.235839643919483,9.243549202674432,8.989139645553042,9.120199203491211,59561700,0.0,0.0
2022-10-18 00:00:00-04:00,9.420864107973053,9.443992045896232,9.181872965353902,9.274385452270508,53603400,0.0,0.0
2022-10-19 00:00:00-04:00,9.181872000850635,9.359188133566,9.143324951545225,9.351478576660156,54130000,0.0,0.0
2022-10-20 00:00:00-04:00,9.351479647835156,9.40544508190997,9.043103953292466,9.073942184448242,55568100,0.0,0.0
2022-10-21 00:00:00-04:00,9.050812661552058,9.443991249196829,9.004556789607866,9.397734642028809,55132700,0.0,0.0
2022-10-24 00:00:00-04:00,9.482539011567082,9.752366912106151,9.390026525505926,9.621307373046875,64717700,0.0,0.0
2022-10-25 00:00:00-04:00,9.698400701445614,10.045322680165443,9.605888222801914,9.891135215759277,66391600,0.0,0.0
2022-10-26 00:00:00-04:00,9.868009238045858,10.068453349160569,9.652146745042922,9.883427619934082,86833600,0.0,0.0
2022-10-27 00:00:00-04:00,9.844880396817572,10.191802412635717,9.575051753834627,10.022195816040039,88421500,0.0,0.0
2022-10-28 00:00:00-04:00,10.022196877212924,10.261188049321937,9.999068936435917,10.222640991210938,55777900,0.0,0.0
2022-10-31 00:00:00-04:00,10.137836071374137,10.41537426751187,10.13012724887778,10.307442665100098,54676700,0.0,0.0
2022-11-01 00:00:00-04:00,10.461629756448477,10.523304745481536,10.145545253848095,10.330570220947266,47454700,0.0,0.0
2022-11-02 00:00:00-04:00,10.191803790144562,10.538725852852169,10.068453788757324,10.068453788757324,73673500,0.0,0.0
2022-11-03 00:00:00-04:00,9.875718938659903,10.376828488430956,9.844881439215898,10.222640991210938,58782600,0.0,0.0
2022-11-04 00:00:00-04:00,10.461629675992183,10.61581788261289,10.230348836508842,10.415373802185059,61489100,0.0,0.0
2022-11-07 00:00:00-05:00,10.4924679043503,10.60810906740637,10.307442925729283,10.56185245513916,48176900,0.0,0.0
2022-11-08 00:00:00-05:00,10.623526380206467,10.638945494487013,10.415373483985947,10.5772705078125,52731900,0.0,0.0
2022-11-09 00:00:00-05:00,10.46162800558196,10.561850029793405,10.238056023948351,10.261184692382812,74199200,0.0,0.0
2022-11-10 00:00:00-05:00,10.554143564834673,11.07067221424304,10.538725183252907,10.931903839111328,75638500,0.0,0.0
2022-11-11 00:00:00-05:00,10.993578192800639,11.30966271658853,10.947321580313279,11.178603172302246,60187600,0.0,0.0
2022-11-14 00:00:00-05:00,11.085122694857459,11.178602952705663,10.952693939208984,10.952693939208984,57691600,0.15,0.0
2022-11-15 00:00:00-05:00,11.13186401340785,11.357773051046696,11.061754183983858,11.139654159545898,61835700,0.0,0.0
2022-11-16 00:00:00-05:00,10.983854370992889,11.038383905259682,10.781315039560244,10.828054428100586,47484200,0.0,0.0
2022-11-17 00:00:00-05:00,10.641094863806597,10.835844039916992,10.555405493765315,10.835844039916992,54317900,0.0,0.0
2022-11-18 00:00:00-05:00,10.968273618242248,11.007223602327187,10.765734295327894,10.898163795471191,37101900,0.0,0.0
2022-11-21 00:00:00-05:00,10.796896463979154,10.93711613978061,10.641097236927157,10.867006301879883,34087100,0.0,0.0
2022-11-22 00:00:00-05:00,10.944904003025778,11.022803228842161,10.890373727754234,10.96048355102539,28738800,0.0,0.0
2022-11-23 00:00:00-05:00,10.905953504059845,10.952693631671545,10.789104299394284,10.929323196411133,25974200,0.0,0.0
2022-11-25 00:00:00-05:00,10.874794596211107,10.99164381086507,10.828054464604008,10.968274116516113,12980900,0.0,0.0
2022-11-28 00:00:00-05:00,10.859213688479343,10.87479397910064,10.672254658478668,10.695624351501465,35249700,0.0,0.0
2022-11-29 00:00:00-05:00,10.789104495272674,10.828053735595576,10.680044690804788,10.711204528808594,28380800,0.0,0.0
2022-11-30 00:00:00-05:00,10.734574908110716,10.867004413823661,10.477506042411278,10.828054428100586,61537300,0.0,0.0
2022-12-01 00:00:00-05:00,10.976064262268828,11.186392997227797,10.905954436312776,10.968274116516113,45335100,0.0,0.0
2022-12-02 00:00:00-05:00,10.781313573386987,10.88258322533144,10.711203757201668,10.796893119812012,42417400,0.0,0.0
2022-12-05 00:00:00-05:00,10.711204219089351,10.726784509095312,10.415185395158153,10.422975540161133,39714500,0.0,0.0
2022-12-06 00:00:00-05:00,10.454136372672815,10.570985587207055,10.173697812045129,10.345076560974121,39996000,0.0,0.0
2022-12-07 00:00:00-05:00,10.282757056281811,10.454136551044115,10.19706768035526,10.20485782623291,36609800,0.0,0.0
2022-12-08 00:00:00-05:00,10.28275576959612,10.32949589610421,10.181486114586184,10.220436096191406,32376300,0.0,0.0
2022-12-09 00:00:00-05:00,10.158116823893616,10.407395527355575,10.158116823893616,10.267176628112793,41553600,0.0,0.0
2022-12-12 00:00:00-05:00,10.282755981521174,10.493085440778751,10.204856759614353,10.485295295715332,35473800,0.0,0.0
2022-12-13 00:00:00-05:00,10.734574174929332,10.84363397892322,10.41518565105118,10.570984840393066,57872100,0.0,0.0
2022-12-14 00:00:00-05:00,10.570985296981823,10.734574638583943,10.407395955379702,10.500875473022461,51199900,0.0,0.0
2022-12-15 00:00:00-05:00,10.306125919254097,10.329496355000947,10.088007052647482,10.1503267288208,55725300,0.0,0.0
2022-12-16 00:00:00-05:00,9.947789923635389,9.986739170995673,9.410281692315918,9.441441535949707,118345700,0.0,0.0
2022-12-19 00:00:00-05:00,9.44143987917162,9.480389862606255,8.989621854311775,9.106471061706543,88062500,0.0,0.0
2022-12-20 00:00:00-05:00,9.075310867136311,9.098681302024778,8.662442841925198,8.935091972351074,82057900,0.0,0.0
2022-12-21 00:00:00-05:00,9.044153757434795,9.184373437412019,8.997414359381946,9.176583290100098,49256000,0.0,0.0
2022-12-22 00:00:00-05:00,8.989622307679427,8.989622307679427,8.64686407056864,8.810453414916992,75158700,0.0,0.0
2022-12-23 00:00:00-05:00,8.779294293385119,8.880563223634086,8.740344304799773,8.849403381347656,38200700,0.0,0.0
2022-12-27 00:00:00-05:00,8.78708259331183,8.872772706020662,8.670233385138701,8.724762916564941,44837400,0.0,0.0
2022-12-28 00:00:00-05:00,8.709182698449325,8.76371222567819,8.491063103715678,8.530013084411621,49375400,0.0,0.0
2022-12-29 00:00:00-05:00,8.631283595291876,8.997412261584472,8.607913901714229,8.989622116088867,53550300,0.0,0.0
2022-12-30 00:00:00-05:00,8.880562795443833,9.067522583057093,8.872773392429735,9.059732437133789,39232200,0.0,0.0
2023-01-03 00:00:00-05:00,9.207741474610842,9.285641447851866,9.012992284417487,9.098682403564453,45809000,0.0,0.0
2023-01-04 00:00:00-05:00,9.254480428768312,9.410279612503313,9.145420628699258,9.35575008392334,53429700,0.0,0.0
2023-01-05 00:00:00-05:00,9.433651433253692,9.643980935943397,9.25448251725219,9.54271125793457,50785600,0.0,0.0
2023-01-06 00:00:00-05:00,9.441439489063042,9.807568129566016,9.4258599420784,9.79977798461914,53089100,0.0,0.0
2023-01-09 00:00:00-05:00,9.924418469259301,10.072428268572276,9.776409412855521,9.885468482971191,50865500,0.0,0.0
2023-01-10 00:00:00-05:00,9.877679963001462,10.025689032635691,9.737460296993786,10.0023193359375,47065500,0.0,0.0
2023-01-11 00:00:00-05:00,10.072426095145042,10.329494909103401,10.041266261420061,10.298335075378418,51911600,0.0,0.0
2023-01-12 00:00:00-05:00,10.337286158367327,10.539824727777532,10.21264606723374,10.461925506591797,58113700,0.0,0.0
2023-01-13 00:00:00-05:00,9.838729396872287,9.986738457836045,9.714090031237705,9.908839225769043,96444000,0.0,0.0
2023-01-17 00:00:00-05:00,9.901050057498628,10.010109884654039,9.682931146097099,9.869890213012695,60774900,0.0,0.0
2023-01-18 00:00:00-05:00,9.963366711932723,10.010106835880652,9.659557763543853,9.66734790802002,48774400,0.0,0.0
2023-01-19 00:00:00-05:00,9.573869531129933,9.62839906307022,9.379120353732734,9.488180160522461,52918500,0.0,0.0
2023-01-20 00:00:00-05:00,9.511552074724879,9.675141451652701,9.410282389682958,9.659561157226562,44349200,0.0,0.0
2023-01-23 00:00:00-05:00,9.721878575494024,10.056847398224864,9.682929334356242,9.971158027648926,49688000,0.0,0.0
2023-01-24 00:00:00-05:00,9.877679060277002,10.04905781094706,9.83093892824295,9.924418449401855,41537400,0.0,0.0
2023-01-25 00:00:00-05:00,9.815359360018718,10.010108547773779,9.729669241944608,9.96336841583252,37739000,0.0,0.0
2023-01-26 00:00:00-05:00,10.119167672956944,10.181487353947643,9.901048789489499,10.064638137817383,48970900,0.0,0.0
2023-01-27 00:00:00-05:00,10.0334779574377,10.415186176302651,10.025687811850455,10.337286949157715,62114600,0.0,0.0
2023-01-30 00:00:00-05:00,10.134747869300337,10.282756924533315,10.017897911360333,10.041268348693848,64512600,0.0,0.0
2023-01-31 00:00:00-05:00,10.430766695457747,10.570985604547001,10.321706883580157,10.524246215820312,83093300,0.0,0.0
2023-02-01 00:00:00-05:00,10.532036152509546,10.898164080934405,10.508665715700932,10.742364883422852,70641000,0.0,0.0
2023-02-02 00:00:00-05:00,11.038382278787413,11.373351066576364,10.92932248341427,11.155231475830078,102579800,0.0,0.0
2023-02-03 00:00:00-05:00,10.165906744721282,10.602144466151032,9.955577286135812,10.30612564086914,165500200,0.0,0.0
2023-02-06 00:00:00-05:00,10.251597730475613,10.29054771891058,9.955578858442795,10.236018180847168,77262800,0.0,0.0
2023-02-07 00:00:00-05:00,10.1892779155047,10.524246771677786,10.111377939633536,10.477506637573242,70671100,0.0,0.0
2023-02-08 00:00:00-05:00,10.360656378839458,10.664464619903951,10.360656378839458,10.45413589477539,62028400,0.0,0.0
2023-02-09 00:00:00-05:00,10.641095546193357,10.851425026476878,10.43855621175201,10.508666038513184,78667100,0.0,0.0
2023-02-10 00:00:00-05:00,10.63288122077256,10.68256713877051,10.359606302553553,10.541789054870605,68205200,0.8,0.0
2023-02-13 00:00:00-05:00,10.525227271995803,10.848188895702204,10.516946022472798,10.8399076461792,64201900,0.0,0.0
2023-02-14 00:00:00-05:00,10.757096491344148,10.922717529405976,10.616318411555744,10.740534782409668,75352900,0.0,0.0
2023-02-15 00:00:00-05:00,10.55835336073936,10.715693180980859,10.434137754745734,10.707412719726562,65850000,0.0,0.0
2023-02-16 00:00:00-05:00,10.541787136816565,10.881311200162925,10.35960441764724,10.69084644317627,64145500,0.0,0.0
2023-02-17 00:00:00-05:00,10.616317935641302,10.715690554023666,10.475539862163778,10.674285888671875,54401000,0.0,0.0
2023-02-21 00:00:00-05:00,10.533509361979387,10.608039034146254,10.07805086853791,10.102893829345703,77724200,0.0,0.0
2023-02-22 00:00:00-05:00,10.136017543023959,10.193985501722652,10.053207414479811,10.111174583435059,52844700,0.0,0.0
2023-02-23 00:00:00-05:00,10.202265759687611,10.235389968397891,9.837899463874525,9.9952392578125,57952800,0.0,0.0
2023-02-24 00:00:00-05:00,9.788213450281415,9.920710294521433,9.730246278362278,9.837900161743164,50631600,0.0,0.0
2023-02-27 00:00:00-05:00,9.920709298510879,10.285076373333013,9.904147589515366,9.986958503723145,60378100,0.0,0.0
2023-02-28 00:00:00-05:00,9.9952392578125,10.086331424073345,9.945553339618794,9.9952392578125,59796800,0.0,0.0
2023-03-01 00:00:00-05:00,10.2271094882319,10.384449281857629,10.078050154459733,10.202265739440918,85328800,0.0,0.0
2023-03-02 00:00:00-05:00,10.251952626257752,10.392730712890625,10.127736249364572,10.392730712890625,78214100,0.0,0.0
2023-03-03 00:00:00-05:00,10.533509003316682,10.856469852051744,10.47554104374764,10.831626892089844,80080200,0.0,0.0
2023-03-06 00:00:00-05:00,10.83162933573529,10.914440273948607,10.707413718158952,10.748818397521973,50571200,0.0,0.0
2023-03-07 00:00:00-05:00,10.715689866684555,10.748814070687315,10.583193050673513,10.624598503112793,46540400,0.0,0.0
2023-03-08 00:00:00-05:00,10.583197310838976,10.77366215283215,10.525230127935835,10.748818397521973,46421000,0.0,0.0
2023-03-09 00:00:00-05:00,10.78194030586682,10.831626222720143,10.301638107909781,10.309919357299805,65423500,0.0,0.0
2023-03-10 00:00:00-05:00,10.29335737851698,10.359605792414254,9.937271561511597,10.020082473754883,73897400,0.0,0.0
2023-03-13 00:00:00-04:00,9.879305158892759,10.193985544051449,9.374159976779108,9.962115287780762,119167600,0.0,0.0
2023-03-14 00:00:00-04:00,10.111173369926194,10.193984278275103,9.746807110626369,9.879303932189941,93844200,0.0,0.0
2023-03-15 00:00:00-04:00,9.52321838612408,9.713682374769743,9.374159063014693,9.697120666503906,108909300,0.0,0.0
2023-03-16 00:00:00-04:00,9.548062065101943,9.84618073385455,9.456970688396108,9.788212776184082,74017200,0.0,0.0
2023-03-17 00:00:00-04:00,9.688839413694588,9.713682370955272,9.208538028023366,9.357597351074219,249885100,0.0,0.0
2023-03-20 00:00:00-04:00,9.382441993003706,9.506657591354092,9.233382643188431,9.25822639465332,74975100,0.0,0.0
2023-03-21 00:00:00-04:00,9.440407921797979,9.755088291157033,9.423846212749297,9.705402374267578,74794900,0.0,0.0
2023-03-22 00:00:00-04:00,9.738526898900018,9.887585444160628,9.498376186806519,9.506656646728516,69729100,0.0,0.0
2023-03-23 00:00:00-04:00,9.64743615411136,9.755090046399998,9.332756517875099,9.456972122192383,74225300,0.0,0.0
2023-03-24 00:00:00-04:00,9.374160224732373,9.531500816345215,9.258225883273933,9.531500816345215,72425300,0.0,0.0
2023-03-27 00:00:00-04:00,9.630873909588855,9.688841083099426,9.44869034888541,9.539782524108887,55941100,0.0,0.0
2023-03-28 00:00:00-04:00,9.564625003860415,9.647435134740842,9.490095333247602,9.606030464172363,41385900,0.0,0.0
2023-03-29 00:00:00-04:00,9.755088744021252,9.986958999414279,9.697121575044719,9.978677749633789,48655400,0.0,0.0
2023-03-30 00:00:00-04:00,10.169142227008896,10.260234399325432,10.102893805184225,10.177423477172852,57751300,0.0,0.0
2023-03-31 00:00:00-04:00,10.276795801270186,10.458979350688317,10.260234091183152,10.434136390686035,66868200,0.0,0.0
2023-04-03 00:00:00-04:00,10.376167014534106,10.541788041512207,10.334761560353742,10.500383377075195,55956300,0.0,0.0
2023-04-04 00:00:00-04:00,10.574914715208221,10.641163136515079,10.359606951089196,10.533509254455566,54655700,0.0,0.0
2023-04-05 00:00:00-04:00,10.417574398604497,10.475541571349606,10.119456494816589,10.29335880279541,53332900,0.0,0.0
2023-04-06 00:00:00-04:00,10.28507711743496,10.334763037759565,10.177423237073699,10.21054744720459,36355800,0.0,0.0
2023-04-10 00:00:00-04:00,10.102893726217514,10.533509254455566,10.069769515564085,10.533509254455566,61326200,0.0,0.0
2023-04-11 00:00:00-04:00,10.591475962085926,10.823345426511256,10.591475962085926,10.657724380493164,63633600,0.0,0.0
2023-04-12 00:00:00-04:00,10.815066199187562,10.831627910805306,10.475542028973196,10.492104530334473,53845500,0.0,0.0
2023-04-13 00:00:00-04:00,10.467260401732043,10.467260401732043,10.119455809334351,10.318201065063477,75485700,0.0,0.0
2023-04-14 00:00:00-04:00,10.309918591592393,10.483820867150289,10.285075635010793,10.367886543273926,43542000,0.0,0.0
2023-04-17 00:00:00-04:00,10.351324057923229,10.500383377075195,10.318199852527608,10.500383377075195,40191100,0.0,0.0
2023-04-18 00:00:00-04:00,10.516946095871631,10.56663280361301,10.45069767871208,10.541789054870605,38865900,0.0,0.0
2023-04-19 00:00:00-04:00,10.434134722631928,10.434134722631928,10.07804893063661,10.119454383850098,69451800,0.0,0.0
2023-04-20 00:00:00-04:00,9.779932534574078,9.879305163128356,9.564624777834752,9.829618453979492,79563100,0.0,0.0
2023-04-21 00:00:00-04:00,9.854460897297452,9.871023396060329,9.65571565060337,9.779932022094727,46926500,0.0,0.0
2023-04-24 00:00:00-04:00,9.846178829709537,10.08632949434912,9.837897581680483,10.069766998291016,57794700,0.0,0.0
2023-04-25 00:00:00-04:00,10.036233239656013,10.044617120689551,9.809851660000232,9.86854362487793,63114700,0.15,0.0
2023-04-26 00:00:00-04:00,9.893695141321862,9.944001617176172,9.650545042407318,9.675698280334473,58105300,0.0,0.0
2023-04-27 00:00:00-04:00,9.734390258789062,9.818235458447983,9.59185389913315,9.734390258789062,53280300,0.0,0.0
2023-04-28 00:00:00-04:00,9.717622377865155,10.011078997969275,9.70085301691839,9.960772514343262,55045000,0.0,0.0
2023-05-01 00:00:00-04:00,10.069770780258692,10.304536232033877,10.053001419614043,10.111693382263184,59834200,0.0,0.0
2023-05-02 00:00:00-04:00,10.103308027726316,10.13684594717043,9.77631271344089,9.893695831298828,91090400,0.0,0.0
2023-05-03 00:00:00-04:00,9.84338757797748,10.136844943770798,9.835002899044644,9.885310173034668,94050700,0.0,0.0
2023-05-04 00:00:00-04:00,9.893695193200594,9.918848431259644,9.617007175729993,9.69246768951416,79792900,0.0,0.0
2023-05-05 00:00:00-04:00,9.885310857894886,10.094923048095888,9.826619700512863,10.053000450134277,64173300,0.0,0.0
2023-05-08 00:00:00-04:00,10.078152656555176,10.111690568906154,9.935616329161794,10.078152656555176,49943800,0.0,0.0
2023-05-09 00:00:00-04:00,9.969156190375012,10.00269410928229,9.8769263136747,9.944002151489258,42878300,0.0,0.0
2023-05-10 00:00:00-04:00,10.078153738326577,10.094922296498522,9.835002848173966,9.969155311584473,49193100,0.0,0.0
2023-05-11 00:00:00-04:00,9.918847986627119,9.96077058125095,9.860156833917948,9.952385902404785,43030800,0.0,0.0
2023-05-12 00:00:00-04:00,10.002694411950953,10.011078292226163,9.76792817288922,9.784697532653809,45155400,0.0,0.0
2023-05-15 00:00:00-04:00,9.809849894460154,9.826619252723454,9.71762082283304,9.759543418884277,53197000,0.0,0.0
2023-05-16 00:00:00-04:00,9.684082331043626,9.709235567338409,9.424162890640988,9.432547569274902,60514900,0.0,0.0
2023-05-17 00:00:00-04:00,9.516393425722882,9.759543525959325,9.491239388051959,9.642160415649414,50077500,0.0,0.0
2023-05-18 00:00:00-04:00,9.608622392942625,9.776311977540566,9.600237713810975,9.759543418884277,38181400,0.0,0.0
2023-05-19 00:00:00-04:00,9.77631089432812,9.868540755343203,9.675697154717328,9.767926216125488,43474200,0.0,0.0
2023-05-22 00:00:00-04:00,9.81823358772408,9.835002144696604,9.53316092272877,9.751157760620117,57417200,0.0,0.0
2023-05-23 00:00:00-04:00,9.66731331854603,9.985923921534921,9.66731331854603,9.835002899169922,56843800,0.0,0.0
2023-05-24 00:00:00-04:00,9.759544695833872,9.767928576455466,9.432549363378198,9.499625205993652,71391000,0.0,0.0
2023-05-25 00:00:00-04:00,9.499625173873865,9.658930899252265,9.499625173873865,9.541547775268555,51328900,0.0,0.0
2023-05-26 00:00:00-04:00,9.717621210654844,10.304535179974367,9.675698612930512,10.136845588684082,123257500,0.0,0.0
2023-05-30 00:00:00-04:00,10.606376807062967,10.715375245031447,10.488994488948503,10.556070327758789,86226900,0.0,0.0
2023-05-31 00:00:00-04:00,10.463840177101702,10.47222485663633,10.027847236192656,10.061385154724121,86275300,0.0,0.0
2023-06-01 00:00:00-04:00,10.120075175750038,10.212305041059277,9.927232365752467,10.153613090515137,64407800,0.0,0.0
2023-06-02 00:00:00-04:00,10.279381619826266,10.488993802287942,10.178767868197504,10.38838005065918,65261200,0.0,0.0
2023-06-05 00:00:00-04:00,10.61476148681602,10.631530846322127,10.48060980919545,10.556070327758789,49890200,0.0,0.0
2023-06-06 00:00:00-04:00,10.522532031672057,10.841142654418945,10.488994113467491,10.841142654418945,57258400,0.0,0.0
2023-06-07 00:00:00-04:00,10.91660148437533,11.402901623043268,10.883062771743274,11.394516944885254,99342000,0.0,0.0
2023-06-08 00:00:00-04:00,11.344211549535546,11.52028582190559,11.285520391947882,11.386134147644043,64254700,0.0,0.0
2023-06-09 00:00:00-04:00,11.595746121646448,11.763435711336248,11.486747688446318,11.520285606384277,70329500,0.0,0.0
2023-06-12 00:00:00-04:00,11.570592829764543,11.637668665331303,11.444825038371594,11.553823471069336,44584700,0.0,0.0
2023-06-13 00:00:00-04:00,11.654436881041434,11.88081841911458,11.64605300154788,11.847280502319336,61781100,0.0,0.0
2023-06-14 00:00:00-04:00,11.947896036603364,12.115585645616722,11.713130583984661,11.905973434448242,69748500,0.0,0.0
2023-06-15 00:00:00-04:00,11.838896347752684,12.157506971227349,11.838896347752684,12.115584373474121,61463400,0.0,0.0
2023-06-16 00:00:00-04:00,12.174275449143336,12.249735160109822,12.006585070265846,12.09043025970459,75398100,0.0,0.0
2023-06-20 00:00:00-04:00,11.98981676942685,12.090430519148182,11.72151263722963,11.922740936279297,56645800,0.0,0.0
2023-06-21 00:00:00-04:00,11.93951072691662,11.9730486469515,11.687975926851474,11.75505256652832,49984300,0.0,0.0
2023-06-22 00:00:00-04:00,11.662820473149246,11.98981573113166,11.646051916117985,11.89758586883545,46862500,0.0,0.0
2023-06-23 00:00:00-04:00,11.679592046548068,11.864050206936367,11.671207366637576,11.75505256652832,48260200,0.0,0.0
2023-06-26 00:00:00-04:00,11.746668595147339,11.931126766661691,11.729899234314871,11.830513000488281,44956300,0.0,0.0
2023-06-27 00:00:00-04:00,11.897587557620826,12.123969106728259,11.788589922428782,12.082046508789062,49813100,0.0,0.0
2023-06-28 00:00:00-04:00,12.065277527560086,12.400656700134277,12.048508169127865,12.400656700134277,58380800,0.0,0.0
2023-06-29 00:00:00-04:00,12.467733274056014,12.685730148961193,12.4006574355632,12.534809112548828,58488600,0.0,0.0
2023-06-30 00:00:00-04:00,12.61865319423508,12.769573417690127,12.543192682704058,12.685729026794434,54036900,0.0,0.0
2023-07-03 00:00:00-04:00,12.702498353836484,12.912110543171126,12.702498353836484,12.777958869934082,29412700,0.0,0.0
2023-07-05 00:00:00-04:00,12.752804654502599,12.928878912044329,12.677344144183715,12.870187759399414,52003900,0.0,0.0
2023-07-06 00:00:00-04:00,12.719267021991865,12.786342854967396,12.476116927553813,12.559961318969727,64841400,0.0,0.0
2023-07-07 00:00:00-04:00,12.568345997993418,12.777958175943704,12.52642340248196,12.559961318969727,53375500,0.0,0.0
2023-07-10 00:00:00-04:00,12.543193629772922,12.652192065813505,12.43419519373234,12.635422706604004,51882000,0.0,0.0
2023-07-11 00:00:00-04:00,12.635422492370997,12.786343524269416,12.551578096566244,12.769574165344238,45849700,0.0,0.0
2023-07-12 00:00:00-04:00,12.886956446136937,12.928879041133449,12.744420102912994,12.761189460754395,47636800,0.0,0.0
2023-07-13 00:00:00-04:00,12.803112937034918,12.811496816925718,12.643807225003991,12.73603630065918,49664300,0.0,0.0
2023-07-14 00:00:00-04:00,12.769573496920012,12.80311221301478,12.501270165017887,12.559961318969727,48747900,0.0,0.0
2023-07-17 00:00:00-04:00,12.224582320089958,12.266504916170684,11.813742637634277,11.813742637634277,99402100,0.0,0.0
2023-07-18 00:00:00-04:00,11.696359425636107,11.880818367004395,11.67120618805175,11.880818367004395,71710800,0.0,0.0
2023-07-19 00:00:00-04:00,11.855664302859731,11.95627804578951,11.788588474239878,11.822126388549805,58280800,0.0,0.0
2023-07-20 00:00:00-04:00,11.763434410095215,11.805357002782054,11.654435988952212,11.763434410095215,45952600,0.0,0.0
2023-07-21 00:00:00-04:00,11.847281733977796,11.872434974287438,11.528671091496319,11.67959213256836,57579800,0.0,0.0
2023-07-24 00:00:00-04:00,11.772824246334316,11.883009160768248,11.738921257917031,11.832154273986816,46687000,0.15,0.0
2023-07-25 00:00:00-04:00,11.747396489914774,11.747396489914774,11.493124478968198,11.510075569152832,58772700,0.0,0.0
2023-07-26 00:00:00-04:00,11.48464815398592,11.654163091841417,11.459221115385342,11.586357116699219,42019700,0.0,0.0
2023-07-27 00:00:00-04:00,11.721969677116501,11.849105685047855,11.611784759697517,11.637211799621582,67313500,0.0,0.0
2023-07-28 00:00:00-04:00,11.51007545396924,11.569405481488246,11.03543361719519,11.238851547241211,116696500,0.0,0.0
2023-07-31 00:00:00-04:00,11.02695723295212,11.204948116797324,10.94219936128832,11.19647216796875,64507700,0.0,0.0
2023-08-01 00:00:00-04:00,11.145617312259745,11.391414170750073,11.111714325168354,11.374463081359863,59129900,0.0,0.0
2023-08-02 00:00:00-04:00,11.187997291208251,11.213424331819501,11.00153044066665,11.052385330200195,57997400,0.0,0.0
2023-08-03 00:00:00-04:00,11.010006185431147,11.137143002743699,10.89982126708468,11.103240013122559,51996300,0.0,0.0
2023-08-04 00:00:00-04:00,11.103239997062746,11.103239997062746,10.848967171116454,10.925249099731445,48412900,0.0,0.0
2023-08-07 00:00:00-04:00,10.959152383941982,10.984579424726912,10.83201556339523,10.96762752532959,43929200,0.0,0.0
2023-08-08 00:00:00-04:00,10.823540771320483,10.933724887714881,10.7642099298261,10.916773796081543,45103800,0.0,0.0
2023-08-09 00:00:00-04:00,10.823540410697692,10.874394492214412,10.730306580731954,10.789636611938477,42932600,0.0,0.0
2023-08-10 00:00:00-04:00,10.832016300786258,10.832016300786258,10.238713522778733,10.306519508361816,104063900,0.0,0.0
2023-08-11 00:00:00-04:00,10.272613191299142,10.340419154939863,10.170904245838063,10.289565086364746,64371700,0.0,0.0
2023-08-14 00:00:00-04:00,10.196332826297693,10.36584776110474,10.187857685790568,10.340420722961426,48099600,0.0,0.0
2023-08-15 00:00:00-04:00,10.221760332220944,10.298041444109634,10.145478412021312,10.153953552246094,42616400,0.0,0.0
2023-08-16 00:00:00-04:00,10.08614782823925,10.196332736976336,10.001390765733696,10.009866714477539,44838900,0.0,0.0
2023-08-17 00:00:00-04:00,10.069198170559075,10.145480103476435,9.984440287692879,10.026819229125977,36104900,0.0,0.0
2023-08-18 00:00:00-04:00,9.942061096254854,10.187858788723732,9.933585954830212,10.137003898620605,44519900,0.0,0.0
2023-08-21 00:00:00-04:00,10.204809230020013,10.221761128411874,10.060721326933212,10.145479202270508,33456700,0.0,0.0
2023-08-22 00:00:00-04:00,10.179382262041033,10.196333352240616,10.03529435794502,10.060721397399902,32027500,0.0,0.0
2023-08-23 00:00:00-04:00,10.018343027254014,10.145479848356302,10.001391936093677,10.137003898620605,30437700,0.0,0.0
2023-08-24 00:00:00-04:00,10.077671926396471,10.111574910499375,9.95901107788086,9.95901107788086,33338200,0.0,0.0
2023-08-25 00:00:00-04:00,10.026818541032823,10.162430497663468,9.814924656719684,10.094624519348145,47610000,0.0,0.0
2023-08-28 00:00:00-04:00,10.128528156936182,10.221761989321866,10.043771082771375,10.086149215698242,29693500,0.0,0.0
2023-08-29 00:00:00-04:00,10.128527568614325,10.221761395584464,10.077673488731547,10.213285446166992,32009000,0.0,0.0
2023-08-30 00:00:00-04:00,10.230234961984525,10.298040930265097,10.179380889929545,10.196331977844238,30617900,0.0,0.0
2023-08-31 00:00:00-04:00,10.28109073638916,10.399751595354305,10.247187749300686,10.28109073638916,39025700,0.0,0.0
2023-09-01 00:00:00-04:00,10.306516173119503,10.399749979358626,10.204807227658423,10.289565086364746,34716900,0.0,0.0
2023-09-05 00:00:00-04:00,10.272615608385626,10.323470497237448,10.204809628790555,10.247188568115234,35202000,0.0,0.0
2023-09-06 00:00:00-04:00,10.170906975112498,10.264139998059047,10.02681906163352,10.230237007141113,41881500,0.0,0.0
2023-09-07 00:00:00-04:00,10.128527948884908,10.213285829619767,10.086149008517479,10.137003898620605,38559600,0.0,0.0
2023-09-08 00:00:00-04:00,10.145478685111863,10.476032603793353,10.145478685111863,10.425178527832031,49493500,0.0,0.0
2023-09-11 00:00:00-04:00,10.47603329488816,10.509936283869246,10.314994299305749,10.357373237609863,34673600,0.0,0.0
2023-09-12 00:00:00-04:00,10.365848859768468,10.670976583072235,10.357373718363071,10.552315711975098,49507700,0.0,0.0
2023-09-13 00:00:00-04:00,10.755733194536788,10.942200038755331,10.704879115038743,10.71335506439209,62579700,0.0,0.0
2023-09-14 00:00:00-04:00,10.687926600878384,10.764208524043852,10.518411665127884,10.696402549743652,43461600,0.0,0.0
2023-09-15 00:00:00-04:00,10.509935412940573,10.8404901343473,10.509935412940573,10.687926292419434,63982400,0.0,0.0
2023-09-18 00:00:00-04:00,10.594693598511466,10.611645496258351,10.382799726541236,10.459081649780273,47444100,0.0,0.0
2023-09-19 00:00:00-04:00,10.459081980930904,10.721829937838846,10.43365494181649,10.645548820495605,40900000,0.0,0.0
2023-09-20 00:00:00-04:00,10.721830080971019,10.73878197948093,10.46755806981045,10.476033210754395,37449600,0.0,0.0
2023-09-21 00:00:00-04:00,10.340420722961426,10.467557530299937,10.306517736000016,10.340420722961426,40140500,0.0,0.0
2023-09-22 00:00:00-04:00,10.594693220703096,10.823538982259537,10.518411300184281,10.53536319732666,65205500,0.0,0.0
2023-09-25 00:00:00-04:00,10.467559328701256,10.764210313502598,10.459083378426932,10.662501335144043,41219400,0.0,0.0
2023-09-26 00:00:00-04:00,10.586217272131906,10.730305164598343,10.48450831421047,10.53536319732666,41261000,0.0,0.0
2023-09-27 00:00:00-04:00,10.611645944124946,10.611645944124946,10.38280016474935,10.501461029052734,41616600,0.0,0.0
2023-09-28 00:00:00-04:00,10.442130082647294,10.730305886980652,10.314994078764224,10.645548820495605,49109800,0.0,0.0
2023-09-29 00:00:00-04:00,10.687925916577049,10.730304849879078,10.467556918366153,10.526886940002441,62364900,0.0,0.0
2023-10-02 00:00:00-04:00,10.492985770733346,10.543839852846855,10.365848948827454,10.433655738830566,51204000,0.0,0.0
2023-10-03 00:00:00-04:00,10.306518938784228,10.365848970812843,10.187858874726995,10.230237007141113,55074700,0.0,0.0
2023-10-04 00:00:00-04:00,10.18785956807121,10.238713653753498,10.069198687627336,10.162431716918945,45217900,0.0,0.0
2023-10-05 00:00:00-04:00,10.12005220702638,10.170907098174123,9.908158309147753,10.086149215698242,47425000,0.0,0.0
2023-10-06 00:00:00-04:00,10.018343156600773,10.29804303500153,9.908158233547283,10.170907020568848,57558500,0.0,0.0
2023-10-09 00:00:00-04:00,10.001392020522836,10.29804298897698,9.984440120908337,10.230237007141113,33328000,0.0,0.0
2023-10-10 00:00:00-04:00,10.255663659713386,10.425178594520432,10.247187710895293,10.340420722961426,40404600,0.0,0.0
2023-10-11 00:00:00-04:00,10.416704047431786,10.501461930396284,10.298043172943705,10.382801055908203,31321500,0.0,0.0
2023-10-12 00:00:00-04:00,10.069198047360487,10.230237052862623,10.035295056291034,10.170907020568848,51644000,0.0,0.0
2023-10-13 00:00:00-04:00,10.145478661135195,10.170905699055766,10.001390765733696,10.009866714477539,47221800,0.0,0.0
2023-10-16 00:00:00-04:00,10.094624182154174,10.137003119263408,10.01834225701975,10.111576080322266,29183000,0.0,0.0
2023-10-17 00:00:00-04:00,10.043770196324921,10.314994103012252,10.043770196324921,10.204809188842773,40516500,0.0,0.0
2023-10-18 00:00:00-04:00,10.111574910499375,10.111574910499375,9.95901107788086,9.95901107788086,44840100,0.0,0.0
2023-10-19 00:00:00-04:00,9.823399744270297,9.967487637627139,9.755593771903659,9.772544860839844,49057500,0.0,0.0
2023-10-20 00:00:00-04:00,9.814924038346694,9.967487884099649,9.781021051325034,9.865778923034668,53307500,0.0,0.0
2023-10-23 00:00:00-04:00,9.789499189379596,9.908159266335822,9.67931425484085,9.730168342590332,49073800,0.0,0.0
2023-10-24 00:00:00-04:00,9.747118861224148,9.806448891285111,9.645409891843482,9.653885841369629,47775600,0.0,0.0
2023-10-25 00:00:00-04:00,9.619982130788454,9.865778990452894,9.501321271246285,9.781021118164062,74213800,0.0,0.0
2023-10-26 00:00:00-04:00,10.094624570010764,10.111576468830183,9.603030820601967,9.619982719421387,84725900,0.0,0.0
2023-10-27 00:00:00-04:00,9.264002131729532,9.297905125465046,8.390998628495558,8.441853523254395,187029600,0.0,0.0
2023-10-30 00:00:00-04:00,8.543560191735873,8.594415072728392,8.204530346155446,8.28081226348877,106474700,0.0,0.0
2023-10-31 00:00:00-04:00,8.366891944098871,8.530441935335357,8.289420593176217,8.392715454101562,82238800,0.15,0.0
2023-11-01 00:00:00-04:00,8.47018710540601,8.547658459076064,8.401323862346986,8.530442237854004,75469700,0.0,0.0
2023-11-02 00:00:00-04:00,8.625131099614144,8.737033270594884,8.58209136105208,8.728425979614258,66914000,0.0,0.0
2023-11-03 00:00:00-04:00,8.831720588390837,9.158821442136576,8.823112476759833,9.089958190917969,60912400,0.0,0.0
2023-11-06 00:00:00-05:00,9.089957523559894,9.12438914664133,8.81450371799377,8.874759674072266,48435500,0.0,0.0
2023-11-07 00:00:00-05:00,8.823110904351438,8.857542523824518,8.650952806986028,8.754247665405273,50430800,0.0,0.0
2023-11-08 00:00:00-05:00,8.77146259035409,8.788678809616918,8.633736119909535,8.650952339172363,38700600,0.0,0.0
2023-11-09 00:00:00-05:00,8.642346316709439,8.668169830925667,8.34106897416615,8.349677085876465,59356900,0.0,0.0
2023-11-10 00:00:00-05:00,8.44436400264836,8.496011026981696,8.323852911012825,8.48740291595459,45069700,0.0,0.0
2023-11-13 00:00:00-05:00,8.46157956963088,8.496011193499498,8.384108210697823,8.452971458435059,34458300,0.0,0.0
2023-11-14 00:00:00-05:00,8.599306102091269,9.00387829997361,8.590697990858425,8.952230453491211,67684000,0.0,0.0
2023-11-15 00:00:00-05:00,8.960838611075152,9.098565107854398,8.943623209435083,9.012486457824707,45193700,0.0,0.0
2023-11-16 00:00:00-05:00,8.952229523668214,8.978053854684505,8.693992780821977,8.74563980102539,45408100,0.0,0.0
2023-11-17 00:00:00-05:00,8.831719152646809,8.883366172207321,8.77146320194011,8.840327262878418,36501200,0.0,0.0
2023-11-20 00:00:00-05:00,8.857542583676777,8.978053663104163,8.831719074126111,8.900582313537598,46933100,0.0,0.0
2023-11-21 00:00:00-05:00,8.848934746118152,8.88336636688458,8.69399286312652,8.771463394165039,47284300,0.0,0.0
2023-11-22 00:00:00-05:00,8.8145022257408,8.935013296581198,8.754247100777855,8.831718444824219,41116300,0.0,0.0
2023-11-24 00:00:00-05:00,8.848935581441083,9.064133436774185,8.848935581441083,8.952230453491211,22028100,0.0,0.0
2023-11-27 00:00:00-05:00,8.926405823088263,8.969445552949084,8.866150693831855,8.900582313537598,32247600,0.0,0.0
2023-11-28 00:00:00-05:00,8.891975236644807,8.952230372902964,8.814503878075943,8.926406860351562,38510600,0.0,0.0
2023-11-29 00:00:00-05:00,9.365410297331486,9.434273541943769,9.089957318882352,9.1157808303833,77246800,0.0,0.0
2023-11-30 00:00:00-05:00,9.193250836430906,9.210466234599815,8.762855210319564,8.831718444824219,80525700,0.0,0.0
2023-12-01 00:00:00-05:00,8.857543492300664,9.124389188079647,8.797288356863167,9.107172966003418,61619800,0.0,0.0
2023-12-04 00:00:00-05:00,9.055525452812534,9.287938691894054,9.038309231665588,9.210467338562012,54196100,0.0,0.0
2023-12-05 00:00:00-05:00,9.15882031613942,9.193251937515656,9.072740852241527,9.124388694763184,41551100,0.0,0.0
2023-12-06 00:00:00-05:00,9.253507318090186,9.365410295795451,9.184644073489197,9.201859474182129,47223500,0.0,0.0
2023-12-07 00:00:00-05:00,9.219075906532732,9.365410509883619,9.193252394445706,9.313762664794922,40523200,0.0,0.0
2023-12-08 00:00:00-05:00,9.30515587074605,9.528961022288565,9.287939647827177,9.477313995361328,48961200,0.0,0.0
2023-12-11 00:00:00-05:00,9.48592226545309,9.597824432638332,9.45148981903953,9.528961181640625,39700900,0.0,0.0
2023-12-12 00:00:00-05:00,9.54617682532319,9.640863584468166,9.511745201914595,9.60643196105957,40206200,0.0,0.0
2023-12-13 00:00:00-05:00,9.494528654173541,9.718334609112155,9.296547031591818,9.675294876098633,68066700,0.0,0.0
2023-12-14 00:00:00-05:00,9.873276877987681,10.441399029794516,9.873276877987681,10.398359298706055,110777600,0.0,0.0
2023-12-15 00:00:00-05:00,10.389751021911351,10.484438592972442,10.269240761891165,10.346712112426758,85298200,0.0,0.0
2023-12-18 00:00:00-05:00,10.320888355627467,10.398359710471574,10.252025111524844,10.269241333007812,43424400,0.0,0.0
2023-12-19 00:00:00-05:00,10.303672382027587,10.389751021911351,10.234809141754745,10.346712112426758,35722900,0.0,0.0
2023-12-20 00:00:00-05:00,10.303674673090166,10.450009296436678,10.148731937566854,10.157340049743652,54981100,0.0,0.0
2023-12-21 00:00:00-05:00,10.269240426168198,10.639380125305438,10.2434160962242,10.622164726257324,66424600,0.0,0.0
2023-12-22 00:00:00-05:00,10.604949212647472,10.725460297669231,10.570517591343341,10.630773544311523,43764600,0.0,0.0
2023-12-26 00:00:00-05:00,10.665206115684997,10.759892877477514,10.647989893041986,10.716853141784668,26293700,0.0,0.0
2023-12-27 00:00:00-05:00,10.699636622606423,10.71685202253681,10.527477697814993,10.665205001831055,39891300,0.0,0.0
2023-12-28 00:00:00-05:00,10.656596345268104,10.699636074260216,10.57051688728388,10.622164726257324,26688500,0.0,0.0
2023-12-29 00:00:00-05:00,10.630774073546732,10.665205696564984,10.467223248524055,10.493046760559082,40964700,0.0,0.0
2024-01-02 00:00:00-05:00,10.363929243428121,10.656598473938097,10.277849768249405,10.46722412109375,47494800,0.0,0.0
2024-01-03 00:00:00-05:00,10.346713059135245,10.355320349270972,10.019612227452729,10.079867362976074,70120100,0.0,0.0
2024-01-04 00:00:00-05:00,10.12290701585602,10.17455403991339,10.011004035845518,10.054043769836426,54920300,0.0,0.0
2024-01-05 00:00:00-05:00,10.028219481243731,10.363928422759937,10.01100408012002,10.20037841796875,44443800,0.0,0.0
2024-01-08 00:00:00-05:00,10.20037887013653,10.372536993578414,10.148731022646622,10.30367374420166,41514400,0.0,0.0
2024-01-09 00:00:00-05:00,10.165946089563116,10.24341662061742,10.131514468789673,10.19176959991455,49536700,0.0,0.0
2024-01-10 00:00:00-05:00,10.183162689208984,10.208986202602784,10.079867814719098,10.183162689208984,37539200,0.0,0.0
2024-01-11 00:00:00-05:00,10.114298986262936,10.131515208363695,9.95935627101473,10.079867362976074,48692000,0.0,0.0
2024-01-12 00:00:00-05:00,10.028219809956848,10.131515503743628,9.821630064212641,9.864669799804688,55030100,0.0,0.0
2024-01-16 00:00:00-05:00,9.726943302641882,9.899101424095388,9.623648429769778,9.864669799804688,45207700,0.0,0.0
2024-01-17 00:00:00-05:00,9.61504184540709,9.735552960019925,9.563393990311646,9.70112133026123,52671300,0.0,0.0
2024-01-18 00:00:00-05:00,9.683903274513293,9.735551119846477,9.43427380071798,9.460097312927246,71667200,0.0,0.0
2024-01-19 00:00:00-05:00,9.417057459816897,9.658079640444491,9.322370702301184,9.640863418579102,61143300,0.0,0.0
2024-01-22 00:00:00-05:00,9.666686930462543,9.81302153265978,9.589216394812219,9.640863418579102,45479600,0.0,0.0
2024-01-23 00:00:00-05:00,9.778589002902798,9.864668462416793,9.675294144034742,9.78719711303711,45465200,0.0,0.0
2024-01-24 00:00:00-05:00,9.847453107833362,9.85606121872441,9.468705258688273,9.494528770446777,59064600,0.0,0.0
2024-01-25 00:00:00-05:00,9.546176626520952,9.77858987446023,9.494528782026313,9.761374473571777,49356700,0.0,0.0
2024-01-26 00:00:00-05:00,9.813022039608219,9.899101511552814,9.72694338857831,9.804414749145508,35837000,0.0,0.0
2024-01-29 00:00:00-05:00,9.79580597930311,9.9507486900224,9.726942734742233,9.942140579223633,58249600,0.0,0.0
2024-01-30 00:00:00-05:00,10.13151417070676,10.217592809650522,10.002394980919261,10.140121459960938,70213300,0.0,0.0
2024-01-31 00:00:00-05:00,10.122905892871767,10.320887497986353,10.08847427368164,10.08847427368164,74558900,0.0,0.0
2024-02-01 00:00:00-05:00,10.17455380472815,10.450007603354045,10.00239569365861,10.415575981140137,81065800,0.0,0.0
2024-02-02 00:00:00-05:00,10.355318918344679,10.493045392460706,10.277847571425777,10.450006484985352,73130900,0.0,0.0
2024-02-05 00:00:00-05:00,10.338104475174458,10.398359607941469,9.933532304374749,9.976572036743164,81026800,0.0,0.0
2024-02-06 00:00:00-05:00,10.01961170839582,10.415575766139503,10.002395487186932,10.389751434326172,98636800,0.0,0.0
2024-02-07 00:00:00-05:00,10.957873396554831,11.173071232191003,10.501654214862235,11.018129348754883,137224000,0.0,0.0
2024-02-08 00:00:00-05:00,11.078386476312783,11.10420999138631,10.794325347759742,11.043954849243164,68653900,0.0,0.0
2024-02-09 00:00:00-05:00,11.02673699080915,11.121423738937734,10.880402403119346,10.914834022521973,47649600,0.0,0.0
2024-02-12 00:00:00-05:00,10.914835100695889,11.250543217804308,10.880403477892086,11.17307186126709,54036500,0.0,0.0
2024-02-13 00:00:00-05:00,10.992305371406523,11.10420751877914,10.742675104594278,10.914834022521973,67907700,0.0,0.0
2024-02-14 00:00:00-05:00,10.949265167937472,11.00952029405502,10.77710707837696,10.811538696289062,52978800,0.0,0.0
2024-02-15 00:00:00-05:00,10.9176223031784,11.094425729155674,10.882261617982945,11.06790542602539,57811800,0.33,0.0
2024-02-16 00:00:00-05:00,10.979502765839515,11.059064514486426,10.838060031829537,10.873420715332031,43228600,0.0,0.0
2024-02-20 00:00:00-05:00,10.776178370506386,10.899941186216893,10.696617463690927,10.829219818115234,44591000,0.0,0.0
2024-02-21 00:00:00-05:00,10.793858445141622,10.891100109308608,10.65241571796595,10.731977462768555,41835800,0.0,0.0
2024-02-22 00:00:00-05:00,10.723138630783001,10.820380308999011,10.65241725697767,10.714298248291016,36980500,0.0,0.0
2024-02-23 00:00:00-05:00,10.696616780974637,10.838059508150309,10.687776399759867,10.731977462768555,32152100,0.0,0.0
2024-02-26 00:00:00-05:00,10.72313793711557,10.846900754801466,10.564014434814453,10.564014434814453,40241300,0.0,0.0
2024-02-27 00:00:00-05:00,10.62589705085308,10.758499417198285,10.572855598475826,10.608216285705566,36508800,0.0,0.0
2024-02-28 00:00:00-05:00,10.581694865670151,10.96182200255567,10.572854484028229,10.873420715332031,51447900,0.0,0.0
2024-02-29 00:00:00-05:00,10.935302808113894,11.023704947355219,10.891101738493232,10.997183799743652,43098500,0.0,0.0
2024-03-01 00:00:00-05:00,11.076745735969874,11.173988259324409,10.891101915006567,11.006024360656738,48761400,0.0,0.0
2024-03-04 00:00:00-05:00,11.112106995675465,11.518755346192822,11.112106995675465,11.26239013671875,81871700,0.0,0.0
2024-03-05 00:00:00-05:00,11.182828836202027,11.262390601575376,11.050226455956697,11.12094783782959,47896200,0.0,0.0
2024-03-06 00:00:00-05:00,11.067906122796181,11.11210634977416,10.899942225244818,10.944143295288086,48834500,0.0,0.0
2024-03-07 00:00:00-05:00,10.970663070678711,11.02370452078408,10.83806071001316,10.970663070678711,38971000,0.0,0.0
2024-03-08 00:00:00-05:00,10.988344210457022,11.067905966800472,10.731979019497729,10.767339706420898,54723800,0.0,0.0
2024-03-11 00:00:00-04:00,10.723136541568483,10.820378200838668,10.678935480785631,10.705455780029297,35135400,0.0,0.0
2024-03-12 00:00:00-04:00,10.731976922338076,10.74965684081215,10.63473442000278,10.705455780029297,31245200,0.0,0.0
2024-03-13 00:00:00-04:00,10.714297296426865,11.032543450277691,10.705456914720264,10.935301780700684,50595300,0.0,0.0
2024-03-14 00:00:00-04:00,10.908781831732844,10.935302134645832,10.617055970494269,10.678936958312988,52619900,0.0,0.0
2024-03-15 00:00:00-04:00,10.652417361256923,10.84690156265808,10.625897056586629,10.66125774383545,88254000,0.0,0.0
2024-03-18 00:00:00-04:00,10.731979019497729,10.776179245852733,10.590535428739775,10.767339706420898,36599200,0.0,0.0
2024-03-19 00:00:00-04:00,10.705456836396285,10.917621780476448,10.705456836396285,10.873420715332031,32668700,0.0,0.0
2024-03-20 00:00:00-04:00,10.838061426750032,11.421513201167372,10.838061426750032,11.40383243560791,67721500,0.0,0.0
2024-03-21 00:00:00-04:00,11.42151165008545,11.545274462998332,11.306589218751743,11.42151165008545,55822500,0.0,0.0
2024-03-22 00:00:00-04:00,11.377311357195975,11.456873110676371,11.359631435903246,11.41267204284668,33137500,0.0,0.0
2024-03-25 00:00:00-04:00,11.421513201167372,11.545276030887685,11.262389683393442,11.40383243560791,39063500,0.0,0.0
2024-03-26 00:00:00-04:00,11.45687357489409,11.45687357489409,10.988344260271745,10.997183799743652,67140200,0.0,0.0
2024-03-27 00:00:00-04:00,11.076746446509755,11.554116182027904,11.067906906327556,11.545276641845703,53555800,0.0,0.0
2024-03-28 00:00:00-04:00,11.554113744140349,11.757438300606301,11.536433824441016,11.739757537841797,61846400,0.0,0.0
2024-04-01 00:00:00-04:00,11.78395878175907,11.8281598462806,11.615995748255477,11.748598098754883,35898300,0.0,0.0
2024-04-02 00:00:00-04:00,11.63367549045028,11.819319284151728,11.571794506904855,11.739757537841797,42653400,0.0,0.0
2024-04-03 00:00:00-04:00,11.713239015523024,12.093367042034101,11.695558250073534,12.066845893859863,57498900,0.0,0.0
2024-04-04 00:00:00-04:00,12.287849454954484,12.332050522100555,11.642516741043652,11.677877426147461,67812400,0.0,0.0
2024-04-05 00:00:00-04:00,11.730917999524715,11.845839585233314,11.571794506904855,11.739757537841797,46937400,0.0,0.0
2024-04-08 00:00:00-04:00,11.801640408160694,11.96960345395188,11.801640408160694,11.854681015014648,29900500,0.0,0.0
2024-04-09 00:00:00-04:00,11.907722549057985,12.013804606580575,11.792800109308866,11.969603538513184,35497900,0.0,0.0
2024-04-10 00:00:00-04:00,11.722080091469953,11.748600398147254,11.448034112253355,11.545276641845703,51395000,0.0,0.0
2024-04-11 00:00:00-04:00,11.589475555920526,11.615996702651591,11.412672126373028,11.527594566345215,38383100,0.0,0.0
2024-04-12 00:00:00-04:00,11.421512610077905,11.421512610077905,11.050224983197255,11.147466659545898,52356300,0.0,0.0
2024-04-15 00:00:00-04:00,11.262388035295988,11.333109401054113,10.76733847498912,10.811538696289062,59484400,0.0,0.0
2024-04-16 00:00:00-04:00,10.731980502101287,10.829222193807444,10.555176199994973,10.687779426574707,56392200,0.0,0.0
2024-04-17 00:00:00-04:00,10.731978758701592,10.829220434610933,10.62589670050997,10.643576622009277,43646600,0.0,0.0
2024-04-18 00:00:00-04:00,10.678937665927217,10.758499423003384,10.590535526272523,10.66125774383545,39902100,0.0,0.0
2024-04-19 00:00:00-04:00,10.6258954173868,10.811538364506003,10.6258954173868,10.731977462768555,39623800,0.0,0.0
2024-04-22 00:00:00-04:00,10.882262262797173,11.403832189568766,10.82922081032847,11.386152267456055,86462700,0.0,0.0
2024-04-23 00:00:00-04:00,11.536435293367884,11.536435293367884,11.333110711012743,11.439192771911621,62807100,0.0,0.0
2024-04-24 00:00:00-04:00,11.439191997241174,11.536434512112104,11.29774925895461,11.44803237915039,74510400,0.0,0.0
2024-04-25 00:00:00-04:00,11.359631519041404,11.651357388561092,11.16514732500653,11.527594566345215,86944100,0.0,0.0
2024-04-26 00:00:00-04:00,11.280070728005587,11.509915627572783,11.14746751222513,11.306591033935547,57257800,0.0,0.0
2024-04-29 00:00:00-04:00,11.324271196054278,11.350791500570017,11.09442630874379,11.27122974395752,50285600,0.0,0.0
2024-04-30 00:00:00-04:00,11.138627774570503,11.138627774570503,10.72313905473826,10.740818977355957,75890500,0.0,0.0
2024-05-01 00:00:00-04:00,10.74965823629478,10.988343489668388,10.740817854377559,10.785018920898438,48749400,0.0,0.0
2024-05-02 00:00:00-04:00,10.961823888300968,11.094427106545742,10.92646319871543,11.041385650634766,46868600,0.0,0.0
2024-05-03 00:00:00-04:00,11.173987039528269,11.280069090917642,10.952982555034108,10.988343238830566,47463300,0.0,0.0
2024-05-06 00:00:00-04:00,11.085584031523977,11.156305393522125,11.01486266952583,11.050223350524902,29780300,0.0,0.0
2024-05-07 00:00:00-04:00,11.094961014102381,11.139698932164249,10.81758745806747,10.889167785644531,48102900,0.15,0.0
2024-05-08 00:00:00-04:00,10.808642359427852,10.960750806227658,10.754957527207345,10.871274948120117,38177200,0.0,0.0
2024-05-09 00:00:00-04:00,10.862327959648558,10.933908304250442,10.790747615046676,10.85338020324707,29103800,0.0,0.0
2024-05-10 00:00:00-04:00,10.871273850309775,10.889169361446157,10.656532836502828,10.728113174438477,51447800,0.0,0.0
2024-05-13 00:00:00-04:00,10.781800251441014,11.139701987489286,10.781800251441014,11.032331466674805,60962300,0.0,0.0
2024-05-14 00:00:00-04:00,11.130752563476562,11.309704258000414,11.05917222698899,11.130752563476562,39980400,0.0,0.0
2024-05-15 00:00:00-04:00,11.175491107512979,11.238124545395378,10.898117501551518,11.014435768127441,50739900,0.0,0.0
2024-05-16 00:00:00-04:00,10.978645574261208,11.166543327588988,10.969697818396561,11.077068328857422,41502200,0.0,0.0
2024-05-17 00:00:00-04:00,11.068119834266389,11.07706758953383,10.960749330971826,10.987591743469238,24011300,0.0,0.0
2024-05-20 00:00:00-04:00,10.978646319171176,11.032331151391682,10.862328044953381,10.871274948120117,27019100,0.0,0.0
2024-05-21 00:00:00-04:00,10.880222704591876,10.916012877173888,10.763904430374081,10.871274948120117,32851000,0.0,0.0
2024-05-22 00:00:00-04:00,10.790746885247895,10.808641543535607,10.710218789690789,10.763903617858887,35403000,0.0,0.0
2024-05-23 00:00:00-04:00,10.826535695982876,10.933906192144915,10.746007610535134,10.835482597351074,43590100,0.0,0.0
2024-05-24 00:00:00-04:00,10.88022232055664,10.97864593166192,10.772851806600423,10.88022232055664,40840400,0.0,0.0
2024-05-28 00:00:00-04:00,10.835483974004346,10.853379485624078,10.432844348914937,10.450739860534668,57460100,0.0,0.0
2024-05-29 00:00:00-04:00,10.352315432068657,10.423895766259761,10.289682852977663,10.343368530273438,45759500,0.0,0.0
2024-05-30 00:00:00-04:00,10.361264170003464,10.540215022455904,10.271788317124757,10.531268119812012,42218900,0.0,0.0
2024-05-31 00:00:00-04:00,10.531268652538593,10.871274862745032,10.432845038732241,10.85338020324707,57205800,0.0,0.0
2024-06-03 00:00:00-04:00,10.960749161662354,11.023381740957143,10.754955913519533,10.907063484191895,53784100,0.0,0.0
2024-06-04 00:00:00-04:00,10.808641543535607,10.853379469212328,10.701271033894454,10.763903617858887,41533100,0.0,0.0
2024-06-05 00:00:00-04:00,10.78179940253834,10.844431988089163,10.576005280534954,10.799694061279297,45509800,0.0,0.0
2024-06-06 00:00:00-04:00,10.719165963682537,10.826537329348204,10.70127130494158,10.799694061279297,28289900,0.0,0.0
2024-06-07 00:00:00-04:00,10.73706201426383,10.880222704591876,10.692324085210059,10.871274948120117,31934000,0.0,0.0
2024-06-10 00:00:00-04:00,10.853379552071056,11.202334351047574,10.826537137782083,11.077068328857422,68322800,0.0,0.0
2024-06-11 00:00:00-04:00,11.023381178960854,11.0591713443482,10.781797775922481,10.835482597351074,48201800,0.0,0.0
2024-06-12 00:00:00-04:00,10.987590342372313,11.06811842290082,10.763901609039706,10.808639526367188,57116200,0.0,0.0
2024-06-13 00:00:00-04:00,10.808642342752151,10.817590099210104,10.60284906404934,10.68337631225586,41422300,0.0,0.0
2024-06-14 00:00:00-04:00,10.558111032245886,10.584953448053325,10.334422242805529,10.477582931518555,49382100,0.0,0.0
2024-06-17 00:00:00-04:00,10.432844109708784,10.638638222092416,10.432844109708784,10.602848052978516,31970100,0.0,0.0
2024-06-18 00:00:00-04:00,10.567056849085406,10.683374247336495,10.53126668347626,10.540213584899902,29023400,0.0,0.0
2024-06-20 00:00:00-04:00,10.477583033553048,10.710219581629723,10.423897348110346,10.68337631225586,53468000,0.0,0.0
2024-06-21 00:00:00-04:00,10.647585509502086,10.656533265430426,10.52232033972522,10.593900680541992,50178700,0.0,0.0
2024-06-24 00:00:00-04:00,10.674428093399362,10.960749438322457,10.665480338044286,10.942853927612305,58436900,0.0,0.0
2024-06-25 00:00:00-04:00,10.889169142649727,10.92495931089842,10.763903127126847,10.817588806152344,38818900,0.0,0.0
2024-06-26 00:00:00-04:00,10.746007610535134,10.853378106697173,10.692321935801688,10.835482597351074,41426600,0.0,0.0
2024-06-27 00:00:00-04:00,10.808641010505832,11.077067698023694,10.781798597745523,10.942853927612305,48080200,0.0,0.0
2024-06-28 00:00:00-04:00,10.96969795467697,11.291809490061253,10.96969795467697,11.220229148864746,65914700,0.0,0.0
2024-07-01 00:00:00-04:00,11.238123371037796,11.515496948014368,11.211280106191126,11.417074203491211,56152700,0.0,0.0
2024-07-02 00:00:00-04:00,11.479707040343998,11.587077542236809,11.38128429360181,11.515497207641602,46990400,0.0,0.0
2024-07-03 00:00:00-04:00,11.533392717942853,11.596025297387435,11.452864628197018,11.515497207641602,26894300,0.0,0.0
2024-07-05 00:00:00-04:00,11.515498459070384,11.596026557567482,11.408127945509248,11.488656044006348,31589300,0.0,0.0
2024-07-08 00:00:00-04:00,11.60497140386868,11.810764623267504,11.560233487776177,11.61391830444336,44346200,0.0,0.0
2024-07-09 00:00:00-04:00,11.596026917398763,11.694449677891004,11.524446572803495,11.542341232299805,40680900,0.0,0.0
2024-07-10 00:00:00-04:00,11.587077752423193,11.819714270730032,11.551287584476365,11.783924102783203,36305500,0.0,0.0
2024-07-11 00:00:00-04:00,11.85550464415311,12.114983579591055,11.85550464415311,12.052350997924805,51443400,0.0,0.0
2024-07-12 00:00:00-04:00,12.106035856186743,12.714469576744413,12.106035856186743,12.553413391113281,85609700,0.0,0.0
2024-07-15 00:00:00-04:00,12.714469996272065,12.91131635706028,12.633941900799387,12.732364654541016,65643300,0.0,0.0
2024-07-16 00:00:00-04:00,12.768155916684304,12.947106769248226,12.696574722353759,12.875526428222656,52040100,0.0,0.0
2024-07-17 00:00:00-04:00,12.786048754082287,13.090265586761724,12.77710099940234,12.95605182647705,58087100,0.0,0.0
2024-07-18 00:00:00-04:00,12.982895175232867,13.28711200989738,12.929209500107719,13.018685340881348,58077000,0.0,0.0
2024-07-19 00:00:00-04:00,12.964999881160312,12.973947636047306,12.490779965112912,12.508674621582031,75908600,0.0,0.0
2024-07-22 00:00:00-04:00,12.544465707289087,12.687626373016544,12.33867161032721,12.633940696716309,59116800,0.0,0.0
2024-07-23 00:00:00-04:00,12.580257200017968,12.58920410259052,12.14182654837417,12.374463081359863,85897700,0.0,0.0
2024-07-24 00:00:00-04:00,12.284985173676569,12.41919892946787,12.159720025570476,12.231300354003906,81768700,0.0,0.0
2024-07-25 00:00:00-04:00,10.558111546833578,10.719166902832841,9.976520153959683,9.985467910766602,259484000,0.0,0.0
2024-07-26 00:00:00-04:00,10.030203630396416,10.164416539693526,9.887042966264866,10.012308120727539,79599900,0.0,0.0
2024-07-29 00:00:00-04:00,10.003361939439268,10.003361939439268,9.663354910993924,9.851253509521484,91667500,0.0,0.0
2024-07-30 00:00:00-04:00,9.8691484088102,9.940728747782327,9.645459636196067,9.699145317077637,69337000,0.0,0.0
2024-07-31 00:00:00-04:00,9.717040744524375,9.851254530702333,9.591775568057635,9.68125057220459,75478000,0.0,0.0
2024-08-01 00:00:00-04:00,9.717038370683962,9.770724042700916,9.49334963500547,9.564929962158203,60516500,0.0,0.0
2024-08-02 00:00:00-04:00,9.439665925394387,9.439665925394387,8.94755047842029,8.974392890930176,110703000,0.0,0.0
2024-08-05 00:00:00-04:00,8.553859278603014,8.858075301060161,8.491225840278181,8.688072204589844,115594200,0.0,0.0
2024-08-06 00:00:00-04:00,8.759651566592636,8.82228414461278,8.661228822088855,8.750703811645508,111817600,0.0,0.0
2024-08-07 00:00:00-04:00,8.950618316829257,9.068747537587354,8.85974875221922,8.877923011779785,69482400,0.15,0.0
2024-08-08 00:00:00-04:00,8.905183087203799,9.31409437421596,8.905183087203799,9.20505142211914,73007600,0.0,0.0
2024-08-09 00:00:00-04:00,9.159615431864017,9.241397851780055,9.059659622297879,9.177789688110352,48860800,0.0,0.0
2024-08-12 00:00:00-04:00,9.177790199562777,9.177790199562777,8.941530054771718,8.95970344543457,56118700,0.0,0.0
2024-08-13 00:00:00-04:00,9.014225530155063,9.223224293220117,8.87792206438188,9.21413803100586,44766100,0.0,0.0
2024-08-14 00:00:00-04:00,9.232310211314969,9.305005499073655,9.132354407295823,9.250484466552734,37026400,0.0,0.0
2024-08-15 00:00:00-04:00,9.423136627467526,9.541266700127323,9.423136627467526,9.504919052124023,41597900,0.0,0.0
2024-08-16 00:00:00-04:00,9.450396376424116,9.559440178141047,9.423135859292993,9.550353050231934,34142600,0.0,0.0
2024-08-19 00:00:00-04:00,9.595788870222362,9.768439986353204,9.577614612421057,9.741179466247559,41066300,0.0,0.0
2024-08-20 00:00:00-04:00,9.72300451325766,9.80478693432352,9.6412220921918,9.70483112335205,32468000,0.0,0.0
2024-08-21 00:00:00-04:00,9.850222067890137,9.968352139667715,9.768439643844406,9.859309196472168,48943900,0.0,0.0
2024-08-22 00:00:00-04:00,9.85930825156798,10.004698828561317,9.850221123856846,9.922916412353516,50885400,0.0,0.0
2024-08-23 00:00:00-04:00,9.977438586959282,10.250046383309293,9.941090938552367,10.240960121154785,64612700,0.0,0.0
2024-08-26 00:00:00-04:00,10.28639305593041,10.331827828778104,10.059220058288158,10.09556770324707,53070300,0.0,0.0
2024-08-27 00:00:00-04:00,10.104655180849301,10.195524729689605,9.986525113995404,10.12282943725586,44841000,0.0,0.0
2024-08-28 00:00:00-04:00,10.086482393244339,10.168263952167823,9.977438581487105,10.031960487365723,35442200,0.0,0.0
2024-08-29 00:00:00-04:00,10.013786152036678,10.177350121053674,9.986524768370334,10.09556770324707,44989200,0.0,0.0
2024-08-30 00:00:00-04:00,10.131915788824166,10.204611081903373,10.050134234057246,10.16826343536377,44977100,0.0,0.0
2024-09-03 00:00:00-04:00,10.068308484106373,10.122830391871394,9.941091277052204,9.977438926696777,49613500,0.0,0.0
2024-09-04 00:00:00-04:00,9.98652579505802,10.141003518663885,9.859309457921167,9.950178146362305,47900700,0.0,0.0
2024-09-05 00:00:00-04:00,10.06830750505978,10.122829407523069,9.741178690068768,9.786613464355469,50551900,0.0,0.0
2024-09-06 00:00:00-04:00,9.795701388532718,9.877483822810234,9.568528345138013,9.61396312713623,47508900,0.0,0.0
2024-09-09 00:00:00-04:00,9.641222176846961,9.777526502018969,9.577614011724444,9.686656951904297,39223300,0.0,0.0
2024-09-10 00:00:00-04:00,9.532179478494605,9.532179478494605,9.241398297304663,9.377701759338379,63019200,0.0,0.0
2024-09-11 00:00:00-04:00,9.368616101560592,9.504919572384592,9.205051243294724,9.495832443237305,55840200,0.0,0.0
2024-09-12 00:00:00-04:00,9.450395199217532,9.67756816906984,9.368613658011432,9.650307655334473,43779600,0.0,0.0
2024-09-13 00:00:00-04:00,9.704831470259293,9.804787284803766,9.659396693976795,9.71391773223877,35184800,0.0,0.0
2024-09-16 00:00:00-04:00,9.75935139239277,9.922916221665155,9.732090876379432,9.813873291015625,34802400,0.0,0.0
2024-09-17 00:00:00-04:00,9.895656932513239,10.122829949513665,9.832047898467644,9.904743194580078,52068600,0.0,0.0
2024-09-18 00:00:00-04:00,9.932005014588304,10.231873340805114,9.92291788552808,9.977438926696777,55017300,0.0,0.0
2024-09-19 00:00:00-04:00,10.195524177514123,10.277306593721926,9.877481640394048,9.922916412353516,52436400,0.0,0.0
2024-09-20 00:00:00-04:00,9.868396671083646,9.886570930480957,9.713918932592039,9.886570930480957,68809100,0.0,0.0
2024-09-23 00:00:00-04:00,9.850221639352428,9.92291693165349,9.732091572714143,9.913829803466797,40421300,0.0,0.0
2024-09-24 00:00:00-04:00,9.968351002835915,9.99561151887683,9.82296042848946,9.877481460571289,37746300,0.0,0.0
2024-09-25 00:00:00-04:00,9.623049387787903,9.623049387787903,9.377702107112915,9.468571662902832,74109600,0.0,0.0
2024-09-26 00:00:00-04:00,9.595788184129654,9.768439287916054,9.595788184129654,9.70483112335205,51408500,0.0,0.0
2024-09-27 00:00:00-04:00,9.85022197763855,9.986525438735047,9.777526682840914,9.795700073242188,45469600,0.0,0.0
2024-09-30 00:00:00-04:00,9.523091843982659,9.64122190921403,9.477657936782789,9.59578800201416,59662900,0.0,0.0
2024-10-01 00:00:00-04:00,9.741178774737248,9.832047457504222,9.613961578947986,9.768439292907715,63963000,0.0,0.0
2024-10-02 00:00:00-04:00,9.75026528244192,9.75026528244192,9.477658360665586,9.523092269897461,51457400,0.0,0.0
2024-10-03 00:00:00-04:00,9.459484793244481,9.514006701531882,9.386789493258837,9.495832443237305,44458300,0.0,0.0
2024-10-04 00:00:00-04:00,9.623047912236316,9.641221300649896,9.486743599451685,9.604873657226562,45883000,0.0,0.0
2024-10-07 00:00:00-04:00,9.586700780125224,9.641221814870047,9.495831233422223,9.53217887878418,38009100,0.0,0.0
2024-10-08 00:00:00-04:00,9.541266006773723,9.613961297497635,9.432223070687856,9.53217887878418,46355700,0.0,0.0
2024-10-09 00:00:00-04:00,9.53217760701974,9.704829549401312,9.486742839730057,9.650307655334473,40407000,0.0,0.0
2024-10-10 00:00:00-04:00,9.613961574035264,9.72300451325766,9.577613927627798,9.70483112335205,39458300,0.0,0.0
2024-10-11 00:00:00-04:00,9.66848416823496,9.813874764260156,9.659397039334308,9.741179466247559,31915700,0.0,0.0
2024-10-14 00:00:00-04:00,9.73209106340071,9.95926405660185,9.686656291441242,9.922916412353516,41940200,0.0,0.0
2024-10-15 00:00:00-04:00,9.913829797990363,10.013786474796287,9.832047377547786,9.850221633911133,53097100,0.0,0.0
2024-10-16 00:00:00-04:00,9.895656594254648,10.15917725030349,9.895656594254648,10.022872924804688,46996400,0.0,0.0
2024-10-17 00:00:00-04:00,10.031959796262699,10.113742216148475,9.941090248257115,10.059220314025879,37617200,0.0,0.0
2024-10-18 00:00:00-04:00,10.14100308545101,10.15009021388582,10.031960144022062,10.086482048034668,26074900,0.0,0.0
2024-10-21 00:00:00-04:00,10.068309191472148,10.141004495868623,9.868396671083646,9.886570930480957,41008600,0.0,0.0
2024-10-22 00:00:00-04:00,9.922916606341293,10.131915348205982,9.922916606341293,10.09556770324707,51597600,0.0,0.0
2024-10-23 00:00:00-04:00,10.095569526946617,10.213699611051572,10.013787960962912,10.050135612487793,37335400,0.0,0.0
2024-10-24 00:00:00-04:00,10.213699340820312,10.2227864701102,10.059221609277607,10.213699340820312,44736400,0.0,0.0
2024-10-25 00:00:00-04:00,10.250045671560613,10.295480445563404,10.013786406619323,10.059220314025879,39120700,0.0,0.0
2024-10-28 00:00:00-04:00,10.150089887499666,10.350002373655819,10.104655113382872,10.331828117370605,97967000,0.0,0.0
2024-10-29 00:00:00-04:00,9.568526077665252,9.586700332796305,9.250484412237466,9.45948314666748,156228000,0.0,0.0
2024-10-30 00:00:00-04:00,9.450397577831012,9.568527655878441,9.386789407573291,9.514006614685059,48853700,0.0,0.0
2024-10-31 00:00:00-04:00,9.477658175518254,9.523092083862572,9.305006204063336,9.350440979003906,72098700,0.0,0.0
2024-11-01 00:00:00-04:00,9.386789584929902,9.459484885625487,9.268659504650492,9.286833763122559,43472300,0.0,0.0
2024-11-04 00:00:00-05:00,9.295919080294906,9.604874510126141,9.295919080294906,9.41404914855957,55323800,0.0,0.0
2024-11-05 00:00:00-05:00,9.386788139227553,9.668483035985076,9.359527622314312,9.632135391235352,49309000,0.0,0.0
2024-11-06 00:00:00-05:00,9.95017755612615,10.204611081903373,9.850221744791302,10.16826343536377,100781800,0.0,0.0
2024-11-07 00:00:00-05:00,10.140633702893695,10.232737022302546,9.974846498238746,10.094581604003906,55407900,0.15,0.0
2024-11-08 00:00:00-05:00,10.06695163734347,10.103793144226074,10.002478341520803,10.103793144226074,45463400,0.0,0.0
2024-11-11 00:00:00-05:00,10.195894762260496,10.426154361251893,10.149843545158745,10.343260765075684,56630500,0.0,0.0
2024-11-12 00:00:00-05:00,10.260369413936226,10.407735436380353,10.085371603505742,10.223527908325195,44921400,0.0,0.0
2024-11-13 00:00:00-05:00,10.241948221945322,10.288000323551806,10.149844897103133,10.223527908325195,55150900,0.0,0.0
2024-11-14 00:00:00-05:00,10.251157887593878,10.343261204077203,10.149843975951011,10.195895195007324,56780900,0.0,0.0
2024-11-15 00:00:00-05:00,10.177475086071203,10.269578404391732,10.113001797039043,10.140633583068848,58895400,0.0,0.0
2024-11-18 00:00:00-05:00,10.177475481592197,10.380104195165146,10.159054290189768,10.324841499328613,47727300,0.0,0.0
2024-11-19 00:00:00-05:00,10.186685570829217,10.42615489855952,10.140633472983529,10.177474975585938,53227700,0.0,0.0
2024-11-20 00:00:00-05:00,10.14063332081837,10.177474822867953,9.772217421951833,9.882741928100586,68633300,0.0,0.0
2024-11-21 00:00:00-05:00,9.928792938393261,9.993266218700445,9.772216352229616,9.947214126586914,53409500,0.0,0.0
2024-11-22 00:00:00-05:00,9.956424710124972,10.481416275898916,9.947214116037916,10.297208786010742,82556700,0.0,0.0
2024-11-25 00:00:00-05:00,10.407734558294647,10.610363261245217,10.389313367857913,10.499837875366211,63469300,0.0,0.0
2024-11-26 00:00:00-05:00,10.278789727556353,10.343262142782963,10.168265210723257,10.223527908325195,47458800,0.0,0.0
2024-11-27 00:00:00-05:00,10.251158817940773,10.37089393076932,10.186686402714164,10.223527908325195,28474200,0.0,0.0
2024-11-29 00:00:00-05:00,10.2787886673858,10.380103456144454,10.24194716557466,10.251157760620117,28935200,0.0,0.0
2024-12-02 00:00:00-05:00,10.334052694906612,10.361683605243437,10.09458246299866,10.11300277709961,50034400,0.0,0.0
2024-12-03 00:00:00-05:00,10.122211899409702,10.140633089199088,9.965635299682617,9.965635299682617,43904300,0.0,0.0
2024-12-04 00:00:00-05:00,9.993267303975172,10.011687615798682,9.753797101674685,9.891952514648438,66780700,0.0,0.0
2024-12-05 00:00:00-05:00,9.799849025459967,9.84590024338958,9.569589422329173,9.615640640258789,68162000,0.0,0.0
2024-12-06 00:00:00-05:00,9.68011474609375,9.763008350779181,9.597221141408317,9.68011474609375,56227000,0.0,0.0
2024-12-09 00:00:00-05:00,9.726166614069752,9.947215635705927,9.698534827587181,9.763008117675781,53230100,0.0,0.0
2024-12-10 00:00:00-05:00,9.873530805018147,9.891951114233873,9.716954224016911,9.726164817810059,45084300,0.0,0.0
2024-12-11 00:00:00-05:00,9.772217343050166,9.772217343050166,9.46827473400248,9.58800983428955,60487100,0.0,0.0
2024-12-12 00:00:00-05:00,9.560379972505073,9.680115085879034,9.53274906276363,9.56959056854248,38432600,0.0,0.0
2024-12-13 00:00:00-05:00,9.578800286209106,9.615641791987956,9.505117274651404,9.56959056854248,40560700,0.0,0.0
2024-12-16 00:00:00-05:00,9.274857748410598,9.320909850745577,9.09986081358263,9.20117473602295,96264400,0.0,0.0
2024-12-17 00:00:00-05:00,9.173542014930131,9.247225012771287,9.099859017088974,9.18275260925293,76208600,0.0,0.0
2024-12-18 00:00:00-05:00,9.155121513078749,9.29327780317302,8.897231001288405,8.924861907958984,84199500,0.0,0.0
2024-12-19 00:00:00-05:00,9.016965983118148,9.164331987923118,8.934072385822684,8.970913887023926,81659000,0.0,0.0
2024-12-20 00:00:00-05:00,8.934072049324282,9.173542237298141,8.915651738602792,9.099859237670898,87705500,0.0,0.0
2024-12-23 00:00:00-05:00,9.090649502885814,9.136701601600944,8.980124992991938,9.118280410766602,50646600,0.0,0.0
2024-12-24 00:00:00-05:00,9.11828015680592,9.265647044264043,9.109070440015982,9.228805541992188,29083100,0.0,0.0
2024-12-26 00:00:00-05:00,9.21038415934601,9.320908663853679,9.19196296940939,9.274856567382812,35922700,0.0,0.0
2024-12-27 00:00:00-05:00,9.238014221191406,9.394590807853175,9.191962128931367,9.238014221191406,52899900,0.0,0.0
2024-12-30 00:00:00-05:00,9.164331642752076,9.191962548019632,9.044596548765146,9.099859237670898,47116700,0.0,0.0
2024-12-31 00:00:00-05:00,9.127491006183773,9.21959520361403,9.063018595005026,9.118280410766602,54104200,0.0,0.0
2025-01-02 00:00:00-05:00,9.127491697885903,9.173543800090965,8.878811751371831,8.888021469116211,67156200,0.0,0.0
2025-01-03 00:00:00-05:00,8.924861454778215,9.164331642752076,8.77749545552373,9.099859237670898,77245900,0.0,0.0
2025-01-06 00:00:00-05:00,9.265646317206714,9.385380531416908,9.118279441312186,9.136700630187988,63840800,0.0,0.0
2025-01-07 00:00:00-05:00,9.164332943147606,9.219595639894994,8.952494508752608,8.989336013793945,62404000,0.0,0.0
2025-01-08 00:00:00-05:00,8.970913887023926,8.980124481916906,8.823547882218957,8.970913887023926,61678800,0.0,0.0
2025-01-10 00:00:00-05:00,8.906442661346553,9.06301928182129,8.832759649166768,8.888021469116211,73373400,0.0,0.0
2025-01-13 00:00:00-05:00,8.897231933207298,8.9524946307075,8.814338326142384,8.943284034729004,66023000,0.0,0.0
2025-01-14 00:00:00-05:00,9.0077543258667,9.04459582272292,8.91565102291143,9.0077543258667,45419900,0.0,0.0
2025-01-15 00:00:00-05:00,9.18275453601667,9.265648145573707,9.109071522715038,9.16433334350586,68674400,0.0,0.0
2025-01-16 00:00:00-05:00,9.127490760493304,9.265647052919851,9.109070448525518,9.219594955444336,45770000,0.0,0.0
2025-01-17 00:00:00-05:00,9.284066921508138,9.403802017878006,9.247225420961307,9.376171112060547,60802700,0.0,0.0
2025-01-21 00:00:00-05:00,9.486694965521979,9.624850363540455,9.431432279292228,9.606430053710938,65670800,0.0,0.0
2025-01-22 00:00:00-05:00,9.440642900113215,9.440642900113215,9.22880450543588,9.238014221191406,64949200,0.0,0.0
2025-01-23 00:00:00-05:00,9.256436031876564,9.366960533710323,9.182753030654059,9.357749938964844,56241100,0.0,0.0
2025-01-24 00:00:00-05:00,9.357750047486256,9.495906335158642,9.293277640261545,9.320908546447754,42909100,0.0,0.0
2025-01-27 00:00:00-05:00,9.311698230094741,9.59722053046069,9.30248851333767,9.560379028320312,73082600,0.0,0.0
2025-01-28 00:00:00-05:00,9.422222564847276,9.422222564847276,9.136701148054094,9.284067153930664,92177600,0.0,0.0
2025-01-29 00:00:00-05:00,9.3024880121944,9.477484918341093,9.23801472814402,9.403801918029785,69986900,0.0,0.0
2025-01-30 00:00:00-05:00,9.449854129678307,9.569589226257543,9.265646626622042,9.357749938964844,69663100,0.0,0.0
2025-01-31 00:00:00-05:00,9.366960751828904,9.532747947625385,9.201173556032423,9.284067153930664,103652400,0.0,0.0
2025-02-03 00:00:00-05:00,8.952494167837207,9.265647387948926,8.841969656922023,9.109070777893066,131430300,0.0,0.0
2025-02-04 00:00:00-05:00,9.155121246417623,9.357749938964844,9.11827974580637,9.357749938964844,68716500,0.0,0.0
2025-02-05 00:00:00-05:00,9.357750369500181,9.50511637872527,9.17354285796882,9.219594955444336,124187800,0.0,0.0
2025-02-06 00:00:00-05:00,8.74065366680395,8.878809945316512,8.528815269470215,8.528815269470215,222758300,0.0,0.0
2025-02-07 00:00:00-05:00,8.593288650921172,8.61170984150201,8.45513323504774,8.510395050048828,140852700,0.0,0.0
2025-02-10 00:00:00-05:00,8.519605645339247,8.565657743420628,8.39987054167594,8.510395050048828,72168000,0.0,0.0
2025-02-11 00:00:00-05:00,8.482763290405273,8.528815383860454,8.445921791315254,8.482763290405273,54844600,0.0,0.0
2025-02-12 00:00:00-05:00,8.445922648443057,8.55644715692961,8.381450238085247,8.501184463500977,67339600,0.0,0.0
2025-02-13 00:00:00-05:00,8.556446902938358,8.666971408144079,8.510394806176636,8.611709594726562,72059800,0.0,0.0
2025-02-14 00:00:00-05:00,8.685393137574788,8.75907614562111,8.648551633551628,8.731444358825684,53778300,0.0,0.0
2025-02-18 00:00:00-05:00,8.864603940538927,8.89313872742356,8.779001394036403,8.83607006072998,62175800,0.3,0.0
2025-02-19 00:00:00-05:00,8.817046637546634,8.931183049113752,8.759977978225292,8.883625984191895,50191700,0.0,0.0
2025-02-20 00:00:00-05:00,8.874116098367715,8.940695457831813,8.826559024289471,8.931184768676758,39787800,0.0,0.0
2025-02-21 00:00:00-05:00,8.921673215386743,8.950207097140728,8.77900199246532,8.826559066772461,58437700,0.0,0.0
2025-02-24 00:00:00-05:00,8.855093409384635,8.940695050333035,8.759979265563256,8.893138885498047,72562600,0.0,0.0
2025-02-25 00:00:00-05:00,8.912160681246801,9.026297103327446,8.855092923744305,8.959717750549316,88876800,0.0,0.0
2025-02-26 00:00:00-05:00,8.99776303261284,9.149944925473632,8.978739842467425,9.007274627685547,87948100,0.0,0.0
2025-02-27 00:00:00-05:00,8.978740366850401,9.064342913352927,8.83607006072998,8.83607006072998,70518800,0.0,0.0
2025-02-28 00:00:00-05:00,8.864603292295685,9.216524141123346,8.85509260443865,9.083365440368652,137992600,0.0,0.0
2025-03-03 00:00:00-05:00,9.235548591456336,9.340173428767882,8.864604502136919,8.931184768676758,154435900,0.0,0.0
2025-03-04 00:00:00-05:00,8.77900035232617,8.817046730324455,8.617307781211343,8.674375534057617,167500000,0.0,0.0
2025-03-05 00:00:00-05:00,8.807536041758782,9.19750238559696,8.750467375966908,9.178479194641113,157774900,0.0,0.0
2025-03-06 00:00:00-05:00,9.054831677212292,9.245059042894141,8.959717540833553,9.140433311462402,136680700,0.0,0.0
2025-03-07 00:00:00-05:00,9.073854308936685,9.473332245757694,9.045320429756803,9.416263580322266,150644900,0.0,0.0
2025-03-10 00:00:00-04:00,9.292616624477388,9.644537497200465,9.292616624477388,9.473332405090332,167183800,0.0,0.0
2025-03-11 00:00:00-04:00,9.43528627181549,9.473331744400408,9.026296761220925,9.216524124145508,210127000,0.0,0.0
2025-03-12 00:00:00-04:00,9.226036151288518,9.235547746649257,8.99776330508473,9.121411323547363,129994600,0.0,0.0
2025-03-13 00:00:00-04:00,9.102387972476379,9.463820426136472,9.035808620275397,9.064342498779297,137747600,0.0,0.0
2025-03-14 00:00:00-04:00,9.18799065411562,9.311638672271345,9.168968370517016,9.254570007324219,91313800,0.0,0.0
2025-03-17 00:00:00-04:00,9.264081437203645,9.492354278763852,9.264081437203645,9.435286521911621,98583100,0.0,0.0
2025-03-18 00:00:00-04:00,9.46381950378418,9.549422038028624,9.39724015807208,9.46381950378418,102730900,0.0,0.0
2025-03-19 00:00:00-04:00,9.473331945512736,9.777695732653504,9.463820350395679,9.673070907592773,124697400,0.0,0.0
2025-03-20 00:00:00-04:00,9.577957040385241,9.654047989313922,9.501866091456561,9.520889282226562,109103700,0.0,0.0
2025-03-21 00:00:00-04:00,9.425774793451273,9.625513753760787,9.349683847340566,9.511377334594727,240638600,0.0,0.0
2025-03-24 00:00:00-04:00,9.54942369507892,9.749162673950195,9.520889814404654,9.749162673950195,102847200,0.0,0.0
2025-03-25 00:00:00-04:00,9.796718244238434,9.84427530945366,9.673070237509071,9.787206649780273,83674900,0.0,0.0
2025-03-26 00:00:00-04:00,9.76818472008455,9.84427566434178,9.596979641967982,9.79671859741211,139742100,0.0,0.0
2025-03-27 00:00:00-04:00,9.75867375878351,9.89183246634007,9.34017263112547,9.416263580322266,229032500,0.0,0.0
2025-03-28 00:00:00-04:00,9.359195432411273,9.406752500448752,9.149944877291741,9.2450590133667,136868300,0.0,0.0
2025-03-31 00:00:00-04:00,9.102387873829016,9.616002216711127,9.083365590724453,9.539911270141602,139951900,0.0,0.0
2025-04-01 00:00:00-04:00,9.60649227554701,9.673071632202605,9.330662346019361,9.454309463500977,135388700,0.0,0.0
2025-04-02 00:00:00-04:00,9.359194841838278,9.768184331247141,9.340171652993416,9.654047012329102,136908500,0.0,0.0
2025-04-03 00:00:00-04:00,9.50186527023773,9.701604220681567,9.064341898173875,9.073853492736816,220271000,0.0,0.0
2025-04-04 00:00:00-04:00,8.864603348550864,9.254569672508266,8.750466929861547,9.111899375915527,177466200,0.0,0.0
2025-04-07 00:00:00-04:00,8.817047971108037,9.168968853436226,8.560240325933687,8.78851318359375,274938500,0.0,0.0
2025-04-08 00:00:00-04:00,9.05483174203444,9.05483174203444,8.132227878028157,8.265386581420898,199286800,0.0,0.0
2025-04-09 00:00:00-04:00,8.084670819734272,9.073854036689323,8.027602156011103,9.035808563232422,199663000,0.0,0.0
2025-04-10 00:00:00-04:00,8.65535300580702,8.826557166549033,8.446102468149503,8.693398475646973,163535400,0.0,0.0
2025-04-11 00:00:00-04:00,8.664865365851984,8.893139136039176,8.598286007546738,8.874115943908691,146073700,0.0,0.0
2025-04-14 00:00:00-04:00,8.921672619840153,9.330662161674327,8.750467526593164,9.23554801940918,189955000,0.0,0.0
2025-04-15 00:00:00-04:00,9.149945178501072,9.159456773836807,8.921672332897355,8.988251686096191,125469000,0.0,0.0
2025-04-16 00:00:00-04:00,9.007275070667731,9.149945375472411,8.836069979241573,8.940694808959961,133804900,0.0,0.0
2025-04-17 00:00:00-04:00,8.950205702941348,9.216524007670122,8.940694108146419,9.159456253051758,129204600,0.0,0.0
2025-04-21 00:00:00-04:00,9.111899452258434,9.159456520546339,8.893138208039954,9.007274627685547,94138900,0.0,0.0
2025-04-22 00:00:00-04:00,9.083365961088884,9.24505945591091,9.064342770133036,9.178479194641113,121387100,0.0,0.0
2025-04-23 00:00:00-04:00,9.359194588701627,9.520888061207387,9.235546585781012,9.302125930786133,158691500,0.0,0.0
2025-04-24 00:00:00-04:00,9.387729478990154,9.596980037867446,9.340172410098637,9.568446159362793,87031000,0.0,0.0
2025-04-25 00:00:00-04:00,9.558934813214682,9.606491883345235,9.482843863836061,9.549423217773438,88682400,0.0,0.0
2025-04-28 00:00:00-04:00,9.568446705728912,9.682583133340453,9.482844158251332,9.530401229858398,77051500,0.0,0.0
2025-04-29 00:00:00-04:00,9.577956071100788,9.692092482943258,9.444797377489023,9.654047012329102,141980300,0.0,0.0
2025-04-30 00:00:00-04:00,9.616002514849582,9.635025705619581,9.378218072678543,9.520889282226562,136406200,0.0,0.0
2025-05-01 00:00:00-04:00,9.644536430519814,9.815740596619177,9.530400017428379,9.682581901550293,126532500,0.0,0.0
2025-05-02 00:00:00-04:00,9.79671884590739,9.882321387136995,9.720627899720101,9.777695655822754,82228700,0.0,0.0
2025-05-05 00:00:00-04:00,9.73013866414385,9.739650259260907,9.60649155592464,9.673070907592773,105766300,0.0,0.0
2025-05-06 00:00:00-04:00,9.596980549042431,10.101083329161582,9.568446669017945,9.929878234863281,131814000,0.0,0.0
2025-05-07 00:00:00-04:00,9.948900738281965,9.996457806417927,9.625513763448177,9.777695655822754,116885100,0.0,0.0
2025-05-08 00:00:00-04:00,9.834764319001033,9.948900738281965,9.758673372813746,9.777695655822754,107173400,0.0,0.0
2025-05-09 00:00:00-04:00,9.853786980130273,9.977434999198278,9.844276291798629,9.920367240905762,76350700,0.0,0.0
2025-05-12 00:00:00-04:00,10.190570983298322,10.354622882665259,10.113368844351777,10.180920600891113,102035800,0.15,0.0
2025-05-13 00:00:00-04:00,10.229172706604004,10.258122936667275,10.05546948560193,10.229172706604004,83671000,0.0,0.0
2025-05-14 00:00:00-04:00,10.20022073050067,10.325672944367529,10.113369127030449,10.277421951293945,84453100,0.0,0.0
2025-05-15 00:00:00-04:00,10.219521809052567,10.402874483978025,10.180921197472937,10.373924255371094,71096500,0.0,0.0
2025-05-16 00:00:00-04:00,10.393226129390525,10.431826745085562,10.267773898303837,10.422176361083984,64913000,0.0,0.0
2025-05-19 00:00:00-04:00,10.31602287784606,10.412524866950726,10.2581224206322,10.373924255371094,60195700,0.0,0.0
2025-05-20 00:00:00-04:00,10.412524401313709,10.46077539370831,10.287072189212203,10.34497356414795,61063800,0.0,0.0
2025-05-21 00:00:00-04:00,10.287073162644504,10.316023392696277,10.084419711659653,10.113369941711426,89090500,0.0,0.0
2025-05-22 00:00:00-04:00,10.113369632406117,10.132670398724489,9.978267949422287,10.074769020080566,94081100,0.0,0.0
2025-05-23 00:00:00-04:00,9.939667670219928,10.045819127595008,9.930017286737314,9.997568130493164,80519000,0.0,0.0
2025-05-27 00:00:00-04:00,10.084419617989758,10.123020231137316,9.852815939104403,9.949317932128906,89066800,0.0,0.0
2025-05-28 00:00:00-04:00,9.958966766508768,9.978267532019766,9.7949139409099,9.814214706420898,102335600,0.0,0.0
2025-05-29 00:00:00-04:00,9.85281547554881,9.920366315301102,9.756313487064537,9.862465858459473,101642200,0.0,0.0
2025-05-30 00:00:00-04:00,9.823865529111272,10.094069816187522,9.765964150296478,10.016868591308594,152191600,0.0,0.0
2025-06-02 00:00:00-04:00,9.910716865244993,9.920366327856698,9.534360214053391,9.630861282348633,170340800,0.0,0.0
2025-06-03 00:00:00-04:00,9.621211322106554,9.872114822945834,9.54401010333891,9.833514213562012,121584300,0.0,0.0
2025-06-04 00:00:00-04:00,9.833514373010647,10.007217578209971,9.82386491074157,9.881765365600586,123191200,0.0,0.0
2025-06-05 00:00:00-04:00,9.843166078756404,9.891417077832473,9.679113234084527,9.746665000915527,133191400,0.0,0.0
2025-06-06 00:00:00-04:00,9.804563844202475,9.98791742634598,9.794913461918899,9.901065826416016,105916700,0.0,0.0
2025-06-09 00:00:00-04:00,9.930017624608455,10.08442008433896,9.930017624608455,9.97826862335205,63638900,0.0,0.0
2025-06-10 00:00:00-04:00,10.016868872080495,10.277422783272383,9.997568105164166,10.229172706604004,87955500,0.0,0.0
2025-06-11 00:00:00-04:00,10.267773288829694,10.393225512469794,10.238822138543444,10.287073135375977,93094900,0.0,0.0
2025-06-12 00:00:00-04:00,10.2098711332441,10.219521515940013,10.065119074050001,10.161620140075684,76393300,0.0,0.0
2025-06-13 00:00:00-04:00,10.103720356386484,10.1423209694258,10.016868746970221,10.065119743347168,90106200,0.0,0.0
2025-06-16 00:00:00-04:00,10.132670377016556,10.296723209126482,10.132670377016556,10.248472213745117,75195200,0.0,0.0
2025-06-17 00:00:00-04:00,10.219522350929369,10.258122964555746,10.016868899313074,10.055469512939453,100969400,0.0,0.0
2025-06-18 00:00:00-04:00,10.065119743347168,10.161620815789854,10.036168593334274,10.065119743347168,82770200,0.0,0.0
2025-06-20 00:00:00-04:00,10.123019536122987,10.229171905224101,10.094069308327752,10.219521522521973,116743400,0.0,0.0
2025-06-23 00:00:00-04:00,10.180921197472937,10.373924255371094,10.171270814500234,10.373924255371094,77576500,0.0,0.0
2025-06-24 00:00:00-04:00,10.412525173786936,10.489726399221164,10.344974331609786,10.354623794555664,77244400,0.0,0.0
2025-06-25 00:00:00-04:00,10.383575156565373,10.393225540019705,10.05546948160788,10.113369941711426,91927300,0.0,0.0
2025-06-26 00:00:00-04:00,10.13267022615359,10.277422289831312,10.10371999748028,10.258122444152832,88416400,0.0,0.0
2025-06-27 00:00:00-04:00,10.325674361690757,10.537978208169095,10.306374513998874,10.422176361083984,182008200,0.0,0.0
2025-06-30 00:00:00-04:00,10.344974337962778,10.480076022400045,10.316023188173764,10.470426559448242,88472200,0.0,0.0
2025-07-01 00:00:00-04:00,10.431825552664002,10.98188449352099,10.412524786867042,10.952934265136719,140150700,0.0,0.0
2025-07-02 00:00:00-04:00,10.981884433069318,11.367890543771988,10.972234050223962,11.358241081237793,122331600,0.0,0.0
2025-07-03 00:00:00-04:00,11.338940624529876,11.541594068248815,11.338940624529876,11.396842002868652,60311500,0.0,0.0
2025-07-07 00:00:00-04:00,11.19418827043267,11.377540943205979,11.078385516741864,11.184537887573242,73842100,0.0,0.0
2025-07-08 00:00:00-04:00,11.242437860236125,11.43544182787319,11.232788398103171,11.27138900756836,74190200,0.0,0.0
2025-07-09 00:00:00-04:00,11.367890516211123,11.483692349141169,11.348590670878362,11.416141510009766,63886900,0.0,0.0
2025-07-10 00:00:00-04:00,11.445092356864485,11.551244733022127,11.36789113073777,11.493343353271484,67263000,0.0,0.0
2025-07-11 00:00:00-04:00,11.435443075814804,11.445092539000798,11.300340467787436,11.367891311645508,65340700,0.0,0.0
2025-07-14 00:00:00-04:00,11.348590827519912,11.483692507647492,11.261739221545799,11.46439266204834,62098100,0.0,0.0
2025-07-15 00:00:00-04:00,11.483692707326085,11.512643856694973,11.116987351765374,11.165237426757812,65101900,0.0,0.0
2025-07-16 00:00:00-04:00,10.9529341003154,11.049435166914531,10.75993012649483,10.846781730651855,107978100,0.0,0.0
2025-07-17 00:00:00-04:00,10.79853218019109,10.952935563942507,10.721330948471019,10.759931564331055,70345300,0.0,0.0
2025-07-18 00:00:00-04:00,10.779231224115046,10.84678206484683,10.663429388441482,10.769580841064453,68812600,0.0,0.0
2025-07-21 00:00:00-04:00,10.866082350696642,11.049435018998299,10.817831357887425,10.91433334350586,65515600,0.0,0.0
2025-07-22 00:00:00-04:00,10.846782529295439,10.89503352630328,10.692380075119324,10.798531532287598,79403800,0.0,0.0
2025-07-23 00:00:00-04:00,10.885382963930262,11.059086182179062,10.885382963930262,10.981884956359863,76163200,0.0,0.0
2025-07-24 00:00:00-04:00,10.914334141478562,11.030135980500546,10.8371319951527,10.866083145141602,63557800,0.0,0.0
2025-07-25 00:00:00-04:00,10.943283859864735,11.088035921801314,10.846781871699573,11.06873607635498,52312300,0.0,0.0
2025-07-28 00:00:00-04:00,11.078385711305051,11.088036094333964,10.85643242350716,10.885382652282715,54173600,0.0,0.0
2025-07-29 00:00:00-04:00,10.895033400317605,10.895033400317605,10.673080105083821,10.69237995147705,58371500,0.0,0.0
2025-07-30 00:00:00-04:00,10.740630501449957,10.740630501449957,10.441475072145213,10.489726066589355,79866900,0.0,0.0
2025-07-31 00:00:00-04:00,10.393224651018063,10.759929987803693,10.30637304798052,10.68272876739502,101090900,0.0,0.0
2025-08-01 00:00:00-04:00,10.537977864470895,10.537977864470895,10.306374177854472,10.441475868225098,73541500,0.0,0.0
2025-08-04 00:00:00-04:00,10.509026500919552,10.63447871439169,10.480075352979805,10.566926956176758,56696800,0.0,0.0
2025-08-05 00:00:00-04:00,10.595878295375464,10.711681058660554,10.518677066726228,10.673080444335938,58864300,0.0,0.0
2025-08-06 00:00:00-04:00,10.721330001818062,10.866082988745509,10.69237977255705,10.817831993103027,59519800,0.0,0.0
2025-08-07 00:00:00-04:00,10.90468341834054,10.991535024978385,10.711680359318203,10.885382652282715,71775000,0.0,0.0
2025-08-08 00:00:00-04:00,10.914334110922164,10.972234570115448,10.817832118518412,10.923983573913574,48465300,0.0,0.0
2025-08-11 00:00:00-04:00,11.05112062968947,11.315173465024312,10.816406791020745,10.894644737243652,84333000,0.15,0.0
2025-08-12 00:00:00-04:00,10.953323109906988,11.070680033305608,10.884865137758606,11.002222061157227,63944100,0.0,0.0
2025-08-13 00:00:00-04:00,11.021781037724178,11.236934911881521,10.943542163057154,11.18803596496582,63823300,0.0,0.0
2025-08-14 00:00:00-04:00,11.051120032805663,11.197815940882927,10.972882090808477,11.18803596496582,52469200,0.0,0.0
2025-08-15 00:00:00-04:00,11.178256921718551,11.266274839632844,11.158696969884335,11.18803596496582,46141400,0.0,0.0
2025-08-18 00:00:00-04:00,11.148917851523336,11.227155799538453,11.119578854185143,11.207596778869629,37113800,0.0,0.0
2025-08-19 00:00:00-04:00,11.266276036501344,11.4716499565594,11.236936105633106,11.32495403289795,58020200,0.0,0.0
2025-08-20 00:00:00-04:00,11.266275545128142,11.344513492024596,11.217376595150386,11.23693561553955,46469900,0.0,0.0
2025-08-21 00:00:00-04:00,11.168477517143561,11.178257493560979,10.953322699309776,11.080459594726562,51779300,0.0,0.0
2025-08-22 00:00:00-04:00,11.139138325451396,11.510769028774968,11.139138325451396,11.481429100036621,58538700,0.0,0.0
2025-08-25 00:00:00-04:00,11.461869672632051,11.58900656130098,11.422750701708523,11.559666633605957,45038800,0.0,0.0
2025-08-26 00:00:00-04:00,11.549888450300205,11.608566444719328,11.510769476464155,11.579227447509766,48613300,0.0,0.0
2025-08-27 00:00:00-04:00,11.559667129443536,11.716143019849492,11.54988808579557,11.647685050964355,40381500,0.0,0.0
2025-08-28 00:00:00-04:00,11.725923073380256,11.725923073380256,11.37385231764854,11.4520902633667,47723700,0.0,0.0
2025-08-29 00:00:00-04:00,11.481428961995267,11.569446881812329,11.461869942408063,11.51076889038086,44069700,0.0,0.0
2025-09-02 00:00:00-04:00,11.500989166182615,11.628126060628889,11.383632248079104,11.461870193481445,57704200,0.0,0.0
2025-09-03 00:00:00-04:00,11.412970793118554,11.471648783514985,11.315172898898048,11.3640718460083,47728700,0.0,0.0
2025-09-04 00:00:00-04:00,11.393411497139585,11.442310447065012,11.315173550326858,11.422751426696777,33136700,0.0,0.0
2025-09-05 00:00:00-04:00,11.452090103968143,11.64768496554111,11.403191155407434,11.481429100036621,47547800,0.0,0.0
2025-09-08 00:00:00-04:00,11.491209329235716,11.491209329235716,11.32495346007148,11.432530403137207,39734500,0.0,0.0
2025-09-09 00:00:00-04:00,11.41297146239152,11.42275143892105,11.197816642091324,11.23693561553955,41262700,0.0,0.0
2025-09-10 00:00:00-04:00,11.23693502518097,11.26627495322812,11.060900120247299,11.168477058410645,47021300,0.0,0.0
2025-09-11 00:00:00-04:00,11.207596203925371,11.53032795609923,11.178257208092257,11.500988960266113,64196100,0.0,0.0
2025-09-12 00:00:00-04:00,11.49120939699044,11.549888323434931,11.40319147365865,11.422751426696777,50100800,0.0,0.0
2025-09-15 00:00:00-04:00,11.481429420471375,11.500989373509505,11.354292523733221,11.422751426696777,47942400,0.0,0.0
2025-09-16 00:00:00-04:00,11.432530818763608,11.520548744776292,11.256495899408163,11.354292869567871,58065000,0.0,0.0
2025-09-17 00:00:00-04:00,11.373852569341201,11.618346388288339,11.29561462189171,11.403191566467285,68585900,0.0,0.0
2025-09-18 00:00:00-04:00,11.432530151475913,11.520548072351215,11.36407218309284,11.481429100036621,55040100,0.0,0.0
2025-09-19 00:00:00-04:00,11.510768687339061,11.540107682537277,11.334732850810084,11.3640718460083,71676300,0.0,0.0
2025-09-22 00:00:00-04:00,11.344513572215119,11.44231054019203,11.315173642419133,11.403191566467285,58432700,0.0,0.0
2025-09-23 00:00:00-04:00,11.442310173735414,11.667244964951268,11.442310173735414,11.471649169921875,55667600,0.0,0.0
2025-09-24 00:00:00-04:00,11.471649699153943,11.569447601180439,11.334733755520748,11.373852729797363,60193800,0.0,0.0
2025-09-25 00:00:00-04:00,11.285833903699832,11.393410841206517,11.119578043126875,11.3640718460083,67656300,0.0,0.0
2025-09-26 00:00:00-04:00,11.393411698876399,12.048655214537435,11.393411698876399,11.7454833984375,117681800,0.0,0.0
2025-09-29 00:00:00-04:00,11.83350090835611,11.853059928384777,11.62812606837076,11.823720932006836,83325000,0.0,0.0
2025-09-30 00:00:00-04:00,11.843279658791108,11.931297578415453,11.64768479999804,11.69658374786377,70765000,0.0,0.0
2025-10-01 00:00:00-04:00,11.853059965362206,12.009535856759218,11.7748220196637,11.999756813049316,73578400,0.0,0.0
2025-10-02 00:00:00-04:00,12.009535151970963,12.156231991049063,11.853059269756853,11.950857162475586,74530500,0.0,0.0
2025-10-03 00:00:00-04:00,11.980196712074209,12.390946388244629,11.931297763450136,12.390946388244629,100778600,0.0,0.0
2025-10-06 00:00:00-04:00,12.351828205739418,12.518084082090878,12.205131350486402,12.420286178588867,90544900,0.0,0.0
2025-10-07 00:00:00-04:00,12.22469054788749,12.254029544054857,11.481429138735162,11.657464981079102,154390200,0.0,0.0
2025-10-08 00:00:00-04:00,11.71614293392418,11.745482862662527,11.422751107899666,11.481429100036621,78469700,0.0,0.0
2025-10-09 00:00:00-04:00,11.491209361864172,11.510769314842511,11.227155592675958,11.246715545654297,70320500,0.0,0.0
2025-10-10 00:00:00-04:00,11.295614960445468,11.334733935342694,11.100020085959342,11.158698081970215,84595400,0.0,0.0
2025-10-13 00:00:00-04:00,11.236935363557738,11.3738522338912,11.207596367296953,11.285834312438965,73939400,0.0,0.0
2025-10-14 00:00:00-04:00,11.129358795800671,11.500989514036922,11.090239821916326,11.393411636352539,89117900,0.0,0.0
2025-10-15 00:00:00-04:00,11.422751016264563,11.52054797993157,11.38363204426379,11.500988960266113,88960700,0.0,0.0
2025-10-16 00:00:00-04:00,11.481429100036621,11.53032804859733,11.383632135585072,11.481429100036621,108701200,0.0,0.0
2025-10-17 00:00:00-04:00,11.481429138735162,11.745482902251071,11.461870118846877,11.657464981079102,107633500,0.0,0.0
2025-10-20 00:00:00-04:00,11.667244594026261,11.813940502964677,11.647684642077223,11.725922584533691,77878900,0.0,0.0
2025-10-21 00:00:00-04:00,11.989977245301867,12.35182798965722,11.804161418432686,12.283370018005371,297153200,0.0,0.0
2025-10-22 00:00:00-04:00,12.254029800691649,12.322488703409071,12.009535984613452,12.156232833862305,415062200,0.0,0.0
2025-10-23 00:00:00-04:00,12.195351307577123,12.21491032707385,11.92151757326411,12.068214416503906,479840300,0.0,0.0
2025-10-24 00:00:00-04:00,12.449624136774185,13.66231412170108,12.430065117309319,13.535177230834961,298366900,0.0,0.0
2025-10-27 00:00:00-04:00,13.496058361529322,13.496058361529322,12.91905282655959,12.967951774597168,140859000,0.0,0.0
2025-10-28 00:00:00-04:00,12.948392489215909,12.987511463126806,12.75279761966142,12.840815544128418,96738500,0.0,0.0
2025-10-29 00:00:00-04:00,12.811475978092917,13.095088759523316,12.78213604945987,12.948391914367676,127512200,0.0,0.0
2025-10-30 00:00:00-04:00,12.850594931232015,12.997290843500496,12.772356986999512,12.772356986999512,80766300,0.0,0.0
2025-10-31 00:00:00-04:00,12.75279761966142,12.879934518039315,12.703898669105323,12.840815544128418,68862000,0.0,0.0
2025-11-03 00:00:00-05:00,12.811476212268351,12.811476212268351,12.615880415152287,12.723458290100098,80419400,0.0,0.0
2025-11-04 00:00:00-05:00,12.62566056253001,12.645220515574469,12.469184668853929,12.50830364227295,70360600,0.0,0.0
2025-11-05 00:00:00-05:00,12.635439849787954,13.01685051931984,12.596320878502876,12.82125473022461,79134300,0.0,0.0
2025-11-06 00:00:00-05:00,12.850595567375006,12.967952489533282,12.69411873849406,12.831035614013672,82291000,0.0,0.0
2025-11-07 00:00:00-05:00,12.821142851441335,13.098142586335037,12.811249767902467,13.068464279174805,80011300,0.15,0.0
2025-11-10 00:00:00-05:00,13.08824975258673,13.098142836314409,12.860714487588464,13.019000053405762,62051200,0.0,0.0
2025-11-11 00:00:00-05:00,13.048678233997391,13.29599966404133,13.048678233997391,13.157500267028809,79742400,0.0,0.0
2025-11-12 00:00:00-05:00,13.157500461498861,13.355357419767094,13.157500461498861,13.305892944335938,61840500,0.0,0.0
2025-11-13 00:00:00-05:00,13.256428561778977,13.355357513334384,13.108036077902266,13.137714385986328,71481600,0.0,0.0
2025-11-14 00:00:00-05:00,13.038786257832989,13.16739351628831,12.959643474699929,13.048678398132324,67932400,0.0,0.0
2025-11-17 00:00:00-05:00,13.0387855177922,13.0387855177922,12.643070681130043,12.741999626159668,73404400,0.0,0.0
2025-11-18 00:00:00-05:00,12.732107366316393,12.949750493382155,12.623286274511713,12.880500793457031,70215400,0.0,0.0
2025-11-19 00:00:00-05:00,12.89039276499025,13.009106939073945,12.722214115840917,12.761785507202148,49619300,0.0,0.0
2025-11-20 00:00:00-05:00,12.771678576376656,12.870607526395382,12.247357405572739,12.2770357131958,95861900,0.0,0.0
2025-11-21 00:00:00-05:00,12.37596427967176,12.801356487273646,12.35617811289865,12.692535400390625,74048900,0.0,0.0
2025-11-24 00:00:00-05:00,12.702428975464807,12.840928374412188,12.692535891695309,12.82114315032959,52936200,0.0,0.0
2025-11-25 00:00:00-05:00,12.850820792291604,13.117928379488964,12.840927709034736,13.028892517089844,52885000,0.0,0.0
2025-11-26 00:00:00-05:00,13.028893174077258,13.117929040966049,12.979428698754996,13.048678398132324,44942200,0.0,0.0
2025-11-28 00:00:00-05:00,13.068464685971383,13.197071945610853,13.038786377887323,13.137714385986328,29536200,0.0,0.0
2025-12-01 00:00:00-05:00,13.058571444860085,13.246536261860419,12.989321745679115,13.019000053405762,51594000,0.0,0.0
2025-12-02 00:00:00-05:00,13.048678416289656,13.048678416289656,12.732107283316903,12.82114315032959,57641700,0.0,0.0
2025-12-03 00:00:00-05:00,12.850820999344304,12.999214420219205,12.82114269255187,12.949749946594238,45364700,0.0,0.0
2025-12-04 00:00:00-05:00,13.048677701588765,13.098142174270594,12.920071393454894,12.999214172363281,47554800,0.0,0.0
2025-12-05 00:00:00-05:00,13.009106473300088,13.137713726483577,12.860713996872564,12.890392303466797,54099400,0.0,0.0
2025-12-08 00:00:00-05:00,12.929963533226184,13.018999395362206,12.811249364863603,12.999214172363281,45580800,0.0,0.0
2025-12-09 00:00:00-05:00,12.989321001584264,13.078356863120161,12.920071306370271,12.93985652923584,33350000,0.0,0.0
2025-12-10 00:00:00-05:00,12.939856974360051,13.276214265752246,12.929963890858781,13.266321182250977,72210700,0.0,0.0
2025-12-11 00:00:00-05:00,13.246535628987182,13.533428439188393,13.157499766604676,13.483963966369629,59012300,0.0,0.0
2025-12-12 00:00:00-05:00,13.523535850668864,13.69171449833138,13.523535850668864,13.612571716308594,48337300,0.0,0.0
2025-12-15 00:00:00-05:00,13.652143273099073,13.662036356836149,13.345464281444462,13.50374984741211,53577300,0.0,0.0
2025-12-16 00:00:00-05:00,13.573000202635908,13.840106853684834,13.424606780091953,13.52353572845459,69408900,0.0,0.0
2025-12-17 00:00:00-05:00,13.483963844358287,13.513642150398459,13.147606564381885,13.16739273071289,58320600,0.0,0.0
2025-12-18 00:00:00-05:00,13.23664275139301,13.325678615158886,13.108035497448563,13.177285194396973,52604800,0.0,0.0
2025-12-19 00:00:00-05:00,13.167393262167096,13.335570965486843,13.13771401147269,13.325678825378418,61640600,0.0,0.0
2025-12-22 00:00:00-05:00,13.365249881147701,13.464177883946709,13.276214018209144,13.31578540802002,31106100,0.0,0.0
2025-12-23 00:00:00-05:00,13.286107186623745,13.305892409927731,13.137713766290238,13.14760684967041,25440800,0.0,0.0
2025-12-24 00:00:00-05:00,13.157500341272033,13.236643123856158,13.108035866292859,13.216856956481934,14227600,0.0,0.0
2025-12-26 00:00:00-05:00,13.197071036753062,13.236642425958737,13.117928258341713,13.16739273071289,22471400,0.0,0.0
2025-12-29 00:00:00-05:00,13.12782224559591,13.167393637526793,13.098142994055445,13.137714385986328,24398300,0.0,0.0
2025-12-30 00:00:00-05:00,13.137713679661307,13.147606762976245,13.058570900054507,13.088249206542969,23002800,0.0,0.0
2025-12-31 00:00:00-05:00,13.068464155414688,13.078357238859867,12.9794282913208,12.9794282913208,26302300,0.0,0.0
2026-01-02 00:00:00-05:00,13.03878551815275,13.246535547955633,12.920071350187722,13.197071075439453,46366900,0.0,0.0
2026-01-05 00:00:00-05:00,13.108035704234661,13.335570965486843,13.05857122986703,13.325678825378418,50135200,0.0,0.0
2026-01-06 00:00:00-05:00,13.3652497162656,13.711499136975114,13.177284909390533,13.652142524719238,84534700,0.0,0.0
2026-01-07 00:00:00-05:00,13.652143394761147,13.671928618955224,13.444393351713133,13.592785835266113,50609000,0.0,0.0
2026-01-08 00:00:00-05:00,13.741179180471685,14.344643138372717,13.741179180471685,14.24571418762207,154276800,0.0,0.0
2026-01-09 00:00:00-05:00,14.196250711252524,14.255607327170056,13.939036193059492,14.047857284545898,68436200,0.0,0.0
2026-01-12 00:00:00-05:00,13.998391940447823,14.037963329756439,13.810428077095978,13.879677772521973,53444000,0.0,0.0
2026-01-13 00:00:00-05:00,13.909357270238427,13.978606966899834,13.810428323473824,13.83021354675293,58867500,0.0,0.0
2026-01-14 00:00:00-05:00,13.849999848404373,13.968714019604505,13.642249812940053,13.6917142868042,65318600,0.0,0.0
2026-01-15 00:00:00-05:00,13.770857029512655,13.978607064402317,13.642249775204162,13.662035942077637,44241500,0.0,0.0
2026-01-16 00:00:00-05:00,13.612571179446057,13.652142568896805,13.444392538416293,13.454285621643066,60750800,0.0,0.0
2026-01-20 00:00:00-05:00,13.325679205250324,13.464178605280212,13.088249910208624,13.137714385986328,67018100,0.0,0.0
2026-01-21 00:00:00-05:00,13.266320733641178,13.622464179992676,13.266320733641178,13.622464179992676,58160100,0.0,0.0
2026-01-22 00:00:00-05:00,13.632357190216005,13.691714749550393,13.553214406741088,13.56310749053955,38170300,0.0,0.0
2026-01-23 00:00:00-05:00,13.55321421058078,13.55321421058078,13.404821729577144,13.414714813232422,39702100,0.0,0.0
2026-01-26 00:00:00-05:00,13.414714642416454,13.513642647340385,13.197071522053607,13.295999526977539,59171000,0.0,0.0
2026-01-27 00:00:00-05:00,13.493857455820857,13.80053549830748,13.365250200003235,13.780750274658203,100003700,0.0,0.0
2026-01-28 00:00:00-05:00,13.731285964331159,13.74117904800213,13.612571790648666,13.671928405761719,48751800,0.0,0.0
2026-01-29 00:00:00-05:00,13.741179289545341,13.93903624916077,13.652143421854296,13.850000381469727,84803900,0.0,0.0
2026-01-30 00:00:00-05:00,13.760964356628447,13.830214055838915,13.642250182214905,13.73128604888916,66996300,0.0,0.0
2026-02-02 00:00:00-05:00,13.711499472348594,13.75107086263918,13.602678384913578,13.662035942077637,54218100,0.0,0.0
2026-02-03 00:00:00-05:00,13.671928283235754,13.889571404764697,13.464178245289121,13.582892417907715,76638000,0.0,0.0
2026-02-04 00:00:00-05:00,13.573000399421167,13.850000138013652,13.543321148408253,13.671928405761719,70488700,0.0,0.0
2026-02-05 00:00:00-05:00,13.602678260806703,13.671927957319323,13.385035144466016,13.572999954223633,79719900,0.0,0.0
2026-02-06 00:00:00-05:00,13.63235635832972,13.731285303364633,13.523535273556389,13.652142524719238,55588200,0.0,0.0
2026-02-09 00:00:00-05:00,13.60267872305607,13.632357030647677,13.385035599319384,13.444393157958984,59778000,0.0,0.0
2026-02-10 00:00:00-05:00,13.49385696212193,13.592784963661597,13.424606323242188,13.424606323242188,80827700,0.0,0.0
2026-02-11 00:00:00-05:00,13.474071496225244,13.73128601182177,13.375143489542545,13.701607704162598,129595000,0.0,0.0
2026-02-12 00:00:00-05:00,13.751071429933809,14.2061429087775,13.701607897622255,13.850000381469727,133257200,0.0,0.0
2026-02-13 00:00:00-05:00,13.880000114440918,14.34000015258789,13.850000381469727,14.119999885559082,87400200,0.15,0.0
2026-02-17 00:00:00-05:00,14.09000015258789,14.170000076293945,13.930000305175781,14.130000114440918,57684800,0.0,0.0
2026-02-18 00:00:00-05:00,14.109999656677246,14.140000343322754,13.8100004196167,13.850000381469727,64199300,0.0,0.0
2026-02-19 00:00:00-05:00,13.770000457763672,13.949999809265137,13.6899995803833,13.779999732971191,58268500,0.0,0.0
2026-02-20 00:00:00-05:00,13.779999732971191,14.039999961853027,13.720000267028809,14.010000228881836,67701100,0.0,0.0
2026-02-23 00:00:00-05:00,13.979999542236328,14.039999961853027,13.569999694824219,13.640000343322754,59134400,0.0,0.0
2026-02-24 00:00:00-05:00,13.770000457763672,14.329999923706055,13.729999542236328,14.199999809265137,73560800,0.0,0.0
2026-02-25 00:00:00-05:00,14.25,14.489999771118164,14.149999618530273,14.430000305175781,58968700,0.0,0.0
2026-02-26 00:00:00-05:00,14.449999809265137,14.800000190734863,14.300000190734863,14.40999984741211,61456300,0.0,0.0
2026-02-27 00:00:00-05:00,14.319999694824219,14.569999694824219,14.029999732971191,14.09000015258789,73157000,0.0,0.0
2026-03-02 00:00:00-05:00,13.930000305175781,13.930000305175781,13.220000267028809,13.390000343322754,110305500,0.0,0.0
2026-03-03 00:00:00-05:00,13.069999694824219,13.180000305175781,12.680000305175781,12.699999809265137,102354700,0.0,0.0
2026-03-04 00:00:00-05:00,12.949999809265137,13.149999618530273,12.8100004196167,12.8100004196167,73976700,0.0,0.0
2026-03-05 00:00:00-05:00,12.699999809265137,12.75,12.239999771118164,12.34000015258789,71944300,0.0,0.0
2026-03-06 00:00:00-05:00,12.170000076293945,12.319999694824219,12.029999732971191,12.149999618530273,59877700,0.0,0.0
2026-03-09 00:00:00-04:00,11.9399995803833,12.199999809265137,11.800000190734863,12.1899995803833,69611200,0.0,0.0
2026-03-10 00:00:00-04:00,12.1899995803833,12.510000228881836,12.1899995803833,12.239999771118164,56746300,0.0,0.0
2026-03-11 00:00:00-04:00,12.270000457763672,12.489999771118164,12.029999732971191,12.109999656677246,50074500,0.0,0.0
2026-03-12 00:00:00-04:00,11.930000305175781,12.1899995803833,11.850000381469727,12.039999961853027,51733900,0.0,0.0
2026-03-13 00:00:00-04:00,12.109999656677246,12.130000114440918,11.649999618530273,11.670000076293945,48546500,0.0,0.0
2026-03-16 00:00:00-04:00,11.819999694824219,11.880000114440918,11.640000343322754,11.710000038146973,49441400,0.0,0.0
2026-03-17 00:00:00-04:00,11.859999656677246,12.029999732971191,11.84000015258789,11.9399995803833,59520100,0.0,0.0
2026-03-18 00:00:00-04:00,11.869999885559082,12.010000228881836,11.699999809265137,11.789999961853027,55564800,0.0,0.0
2026-03-19 00:00:00-04:00,11.680000305175781,11.75,11.479999542236328,11.640000343322754,47423400,0.0,0.0
2026-03-20 00:00:00-04:00,11.640000343322754,11.680000305175781,11.369999885559082,11.520000457763672,147725100,0.0,0.0
2026-03-23 00:00:00-04:00,11.930000305175781,12.010000228881836,11.720000267028809,11.760000228881836,44442200,0.0,0.0
2026-03-24 00:00:00-04:00,11.680000305175781,11.880000114440918,11.670000076293945,11.84000015258789,31903900,0.0,0.0
2026-03-25 00:00:00-04:00,11.949999809265137,12.010000228881836,11.65999984741211,11.670000076293945,37746100,0.0,0.0
2026-03-26 00:00:00-04:00,11.5600004196167,11.720000267028809,11.489999771118164,11.600000381469727,28517600,0.0,0.0
2026-03-27 00:00:00-04:00,11.539999961853027,11.550000190734863,11.289999961853027,11.369999885559082,33064600,0.0,0.0
2026-03-30 00:00:00-04:00,11.40999984741211,11.449999809265137,11.109999656677246,11.210000038146973,41459900,0.0,0.0
2026-03-31 00:00:00-04:00,11.359999656677246,11.59000015258789,11.270000457763672,11.539999961853027,38287900,0.0,0.0
2026-04-01 00:00:00-04:00,11.619999885559082,11.6899995803833,11.579999923706055,11.680000305175781,33991700,0.0,0.0
2026-04-02 00:00:00-04:00,11.470000267028809,11.619999885559082,11.359999656677246,11.600000381469727,31109100,0.0,0.0
2026-04-06 00:00:00-04:00,11.600000381469727,11.630000114440918,11.5,11.609999656677246,24374600,0.0,0.0
2026-04-07 00:00:00-04:00,11.539999961853027,11.609999656677246,11.350000381469727,11.520000457763672,41991600,0.0,0.0
2026-04-08 00:00:00-04:00,11.960000038146973,12.239999771118164,11.960000038146973,12.180000305175781,58140000,0.0,0.0
2026-04-09 00:00:00-04:00,12.069999694824219,12.270000457763672,11.960000038146973,12.239999771118164,32576200,0.0,0.0
2026-04-10 00:00:00-04:00,12.34000015258789,12.420000076293945,12.069999694824219,12.130000114440918,28362700,0.0,0.0
2026-04-13 00:00:00-04:00,12.029999732971191,12.170000076293945,11.920000076293945,12.15999984741211,32688600,0.0,0.0
2026-04-14 00:00:00-04:00,12.510000228881836,12.75,12.449999809265137,12.710000038146973,50232200,0.0,0.0
2026-04-15 00:00:00-04:00,12.699999809265137,12.760000228881836,12.489999771118164,12.710000038146973,39926500,0.0,0.0
2026-04-16 00:00:00-04:00,12.670000076293945,12.75,12.420000076293945,12.4399995803833,37407700,0.0,0.0
2026-04-17 00:00:00-04:00,12.640000343322754,13.039999961853027,12.619999885559082,12.869999885559082,45735000,0.0,0.0
2026-04-20 00:00:00-04:00,12.8100004196167,12.920000076293945,12.75,12.869999885559082,26029000,0.0,0.0
2026-04-21 00:00:00-04:00,12.869999885559082,13.029999732971191,12.779999732971191,12.779999732971191,32210000,0.0,0.0
2026-04-22 00:00:00-04:00,12.84000015258789,12.880000114440918,12.579999923706055,12.630000114440918,23958300,0.0,0.0
2026-04-23 00:00:00-04:00,12.609999656677246,12.694999694824219,12.369999885559082,12.479999542236328,30778090,0.0,0.0
