Date,Open,High,Low,Close,Volume,Dividends,Stock Splits
2022-01-04 00:00:00-05:00,72.5,74.0999984741211,70.4000015258789,73.5999984741211,218770,0.0,0.0
2022-01-05 00:00:00-05:00,73.0999984741211,74.5999984741211,69.30000305175781,69.30000305175781,138180,0.0,0.0
2022-01-06 00:00:00-05:00,69.69999694824219,71.0999984741211,66.69999694824219,68.0999984741211,134990,0.0,0.0
2022-01-07 00:00:00-05:00,68.19999694824219,72.19999694824219,68.19999694824219,69.80000305175781,151430,0.0,0.0
2022-01-10 00:00:00-05:00,71.0,73.94999694824219,68.69999694824219,73.4000015258789,274940,0.0,0.0
2022-01-11 00:00:00-05:00,71.9000015258789,76.0999984741211,71.4000015258789,74.0999984741211,160940,0.0,0.0
2022-01-12 00:00:00-05:00,74.80000305175781,75.4000015258789,71.9000015258789,71.9000015258789,136010,0.0,0.0
2022-01-13 00:00:00-05:00,71.9000015258789,72.30000305175781,69.30000305175781,69.30000305175781,116020,0.0,0.0
2022-01-14 00:00:00-05:00,69.30000305175781,69.9000015258789,67.5999984741211,69.19999694824219,121810,0.0,0.0
2022-01-17 00:00:00-05:00,69.4000015258789,69.4000015258789,68.0,69.0,24210,0.0,0.0
2022-01-18 00:00:00-05:00,69.0,69.0,64.0,64.0,243330,0.0,0.0
2022-01-19 00:00:00-05:00,64.69999694824219,65.0,60.70000076293945,60.70000076293945,126880,0.0,0.0
2022-01-20 00:00:00-05:00,61.400001525878906,63.5,59.29999923706055,59.29999923706055,152570,0.0,0.0
2022-01-21 00:00:00-05:00,58.79999923706055,59.29999923706055,55.5,55.900001525878906,185090,0.0,0.0
2022-01-24 00:00:00-05:00,55.099998474121094,55.29999923706055,50.400001525878906,54.0,330250,0.0,0.0
2022-01-25 00:00:00-05:00,53.900001525878906,54.70000076293945,51.20000076293945,53.29999923706055,208420,0.0,0.0
2022-01-26 00:00:00-05:00,54.900001525878906,54.900001525878906,50.900001525878906,51.20000076293945,201700,0.0,0.0
2022-01-27 00:00:00-05:00,51.70000076293945,51.900001525878906,48.099998474121094,48.099998474121094,159520,0.0,0.0
2022-01-28 00:00:00-05:00,48.099998474121094,50.099998474121094,47.400001525878906,50.0,203030,0.0,0.0
2022-01-31 00:00:00-05:00,50.0,54.20000076293945,49.400001525878906,53.099998474121094,199900,0.0,0.0
2022-02-01 00:00:00-05:00,53.599998474121094,57.900001525878906,52.79999923706055,56.79999923706055,152430,0.0,0.0
2022-02-02 00:00:00-05:00,57.099998474121094,57.099998474121094,53.70000076293945,53.79999923706055,138360,0.0,0.0
2022-02-03 00:00:00-05:00,52.29999923706055,53.400001525878906,50.099998474121094,50.099998474121094,148220,0.0,0.0
2022-02-04 00:00:00-05:00,50.5,54.0,50.150001525878906,53.70000076293945,176760,0.0,0.0
2022-02-07 00:00:00-05:00,54.0,56.099998474121094,52.70000076293945,52.900001525878906,137340,0.0,0.0
2022-02-08 00:00:00-05:00,52.900001525878906,53.599998474121094,51.70000076293945,53.20000076293945,134130,0.0,0.0
2022-02-09 00:00:00-05:00,54.29999923706055,59.099998474121094,54.099998474121094,59.099998474121094,239780,0.0,0.0
2022-02-10 00:00:00-05:00,56.400001525878906,61.0,56.400001525878906,58.5,261030,0.0,0.0
2022-02-11 00:00:00-05:00,56.29999923706055,60.900001525878906,54.5,57.400001525878906,373170,0.0,0.0
2022-02-14 00:00:00-05:00,56.0,59.20000076293945,54.900001525878906,55.0,150950,0.0,0.0
2022-02-15 00:00:00-05:00,57.0,59.29999923706055,56.0,59.20000076293945,198330,0.0,0.0
2022-02-16 00:00:00-05:00,59.5,62.20000076293945,57.599998474121094,59.79999923706055,147540,0.0,0.0
2022-02-17 00:00:00-05:00,59.5,59.900001525878906,55.20000076293945,55.599998474121094,140800,0.0,0.0
2022-02-18 00:00:00-05:00,55.79999923706055,56.29999923706055,52.20000076293945,52.599998474121094,157890,0.0,0.0
2022-02-22 00:00:00-05:00,51.29999923706055,52.0,49.0,49.5,200400,0.0,0.0
2022-02-23 00:00:00-05:00,50.400001525878906,51.5,47.5,47.599998474121094,156620,0.0,0.0
2022-02-24 00:00:00-05:00,45.0,49.29999923706055,44.599998474121094,49.099998474121094,187740,0.0,0.0
2022-02-25 00:00:00-05:00,49.5,49.70000076293945,46.70000076293945,48.0,145580,0.0,0.0
2022-02-28 00:00:00-05:00,47.20000076293945,49.29999923706055,46.5,48.20000076293945,132250,0.0,0.0
2022-03-01 00:00:00-05:00,48.099998474121094,48.5,46.20000076293945,46.5,143890,0.0,0.0
2022-03-02 00:00:00-05:00,46.5,46.79999923706055,44.79999923706055,46.29999923706055,113550,0.0,0.0
2022-03-03 00:00:00-05:00,46.29999923706055,47.0,44.5,44.79999923706055,103480,0.0,0.0
2022-03-04 00:00:00-05:00,45.20000076293945,45.5,42.0,42.20000076293945,128740,0.0,0.0
2022-03-07 00:00:00-05:00,42.0,42.900001525878906,40.29999923706055,40.400001525878906,139780,0.0,0.0
2022-03-08 00:00:00-05:00,40.599998474121094,43.5,40.099998474121094,42.29999923706055,210770,0.0,0.0
2022-03-09 00:00:00-05:00,43.599998474121094,44.599998474121094,42.5,44.0,196030,0.0,0.0
2022-03-10 00:00:00-05:00,42.599998474121094,43.099998474121094,41.20000076293945,42.599998474121094,143070,0.0,0.0
2022-03-11 00:00:00-05:00,43.099998474121094,43.099998474121094,40.20000076293945,40.29999923706055,104580,0.0,0.0
2022-03-14 00:00:00-04:00,40.5,40.5,37.0,37.599998474121094,195930,0.0,0.0
2022-03-15 00:00:00-04:00,37.900001525878906,39.0,37.099998474121094,38.599998474121094,104640,0.0,0.0
2022-03-16 00:00:00-04:00,39.29999923706055,41.900001525878906,39.0,41.400001525878906,257160,0.0,0.0
2022-03-17 00:00:00-04:00,40.900001525878906,44.099998474121094,40.400001525878906,44.0,170490,0.0,0.0
2022-03-18 00:00:00-04:00,43.5,46.0,42.70000076293945,45.20000076293945,178440,0.0,0.0
2022-03-21 00:00:00-04:00,44.900001525878906,45.599998474121094,43.29999923706055,43.70000076293945,144130,0.0,0.0
2022-03-22 00:00:00-04:00,44.099998474121094,46.599998474121094,43.70000076293945,46.29999923706055,116630,0.0,0.0
2022-03-23 00:00:00-04:00,48.29999923706055,50.79999923706055,45.599998474121094,45.79999923706055,227740,0.0,0.0
2022-03-24 00:00:00-04:00,47.0,51.5,44.400001525878906,50.599998474121094,308870,0.0,0.0
2022-03-25 00:00:00-04:00,56.900001525878906,57.0,49.79999923706055,55.79999923706055,585020,0.0,0.0
2022-03-28 00:00:00-04:00,53.599998474121094,54.79999923706055,50.20000076293945,51.20000076293945,320900,0.0,0.0
2022-03-29 00:00:00-04:00,51.900001525878906,54.79999923706055,50.29999923706055,51.900001525878906,267160,0.0,0.0
2022-03-30 00:00:00-04:00,51.70000076293945,56.5,50.599998474121094,51.70000076293945,326020,0.0,0.0
2022-03-31 00:00:00-04:00,52.70000076293945,52.70000076293945,49.29999923706055,49.79999923706055,187500,0.0,0.0
2022-04-01 00:00:00-04:00,50.5,52.70000076293945,49.099998474121094,49.29999923706055,261080,0.0,0.0
2022-04-04 00:00:00-04:00,49.79999923706055,51.70000076293945,47.79999923706055,51.70000076293945,155920,0.0,0.0
2022-04-05 00:00:00-04:00,50.70000076293945,52.0,48.599998474121094,48.79999923706055,176610,0.0,0.0
2022-04-06 00:00:00-04:00,49.0,50.0,46.29999923706055,47.400001525878906,220220,0.0,0.0
2022-04-07 00:00:00-04:00,47.29999923706055,47.400001525878906,43.599998474121094,44.20000076293945,163020,0.0,0.0
2022-04-08 00:00:00-04:00,44.599998474121094,45.099998474121094,43.29999923706055,44.0,105560,0.0,0.0
2022-04-11 00:00:00-04:00,43.29999923706055,45.5,42.099998474121094,45.29999923706055,185880,0.0,0.0
2022-04-12 00:00:00-04:00,45.5,47.70000076293945,44.849998474121094,45.0,162860,0.0,0.0
2022-04-13 00:00:00-04:00,45.29999923706055,46.70000076293945,44.70000076293945,46.5,82000,0.0,0.0
2022-04-14 00:00:00-04:00,46.099998474121094,46.29999923706055,44.29999923706055,44.599998474121094,113040,0.0,0.0
2022-04-18 00:00:00-04:00,44.5,44.5,42.0,42.099998474121094,128450,0.0,0.0
2022-04-19 00:00:00-04:00,42.5,43.29999923706055,41.5,42.29999923706055,125810,0.0,0.0
2022-04-20 00:00:00-04:00,42.400001525878906,42.5,40.20000076293945,40.20000076293945,133530,0.0,0.0
2022-04-21 00:00:00-04:00,41.0,41.400001525878906,39.0,39.20000076293945,137600,0.0,0.0
2022-04-22 00:00:00-04:00,39.29999923706055,40.400001525878906,38.0,38.79999923706055,180100,0.0,0.0
2022-04-25 00:00:00-04:00,38.099998474121094,39.5,37.900001525878906,39.29999923706055,193190,0.0,0.0
2022-04-26 00:00:00-04:00,39.29999923706055,39.599998474121094,37.400001525878906,37.599998474121094,129040,0.0,0.0
2022-04-27 00:00:00-04:00,37.70000076293945,39.0,36.79999923706055,37.400001525878906,172980,0.0,0.0
2022-04-28 00:00:00-04:00,38.099998474121094,39.099998474121094,35.79999923706055,39.099998474121094,193380,0.0,0.0
2022-04-29 00:00:00-04:00,38.900001525878906,40.70000076293945,38.099998474121094,39.0,102580,0.0,0.0
2022-05-02 00:00:00-04:00,38.70000076293945,40.5,37.5,40.400001525878906,202930,0.0,0.0
2022-05-03 00:00:00-04:00,40.099998474121094,41.099998474121094,38.400001525878906,38.70000076293945,193010,0.0,0.0
2022-05-04 00:00:00-04:00,38.70000076293945,40.900001525878906,37.29999923706055,40.900001525878906,230740,0.0,0.0
2022-05-05 00:00:00-04:00,40.0,40.29999923706055,36.900001525878906,37.29999923706055,159130,0.0,0.0
2022-05-06 00:00:00-04:00,37.79999923706055,37.79999923706055,35.400001525878906,36.0,130290,0.0,0.0
2022-05-09 00:00:00-04:00,35.5,35.599998474121094,32.75,32.900001525878906,244890,0.0,0.0
2022-05-10 00:00:00-04:00,34.0,34.5,31.200000762939453,33.900001525878906,306710,0.0,0.0
2022-05-11 00:00:00-04:00,33.20000076293945,33.400001525878906,29.5,29.5,316570,0.0,0.0
2022-05-12 00:00:00-04:00,30.0,32.400001525878906,28.700000762939453,31.5,318230,0.0,0.0
2022-05-13 00:00:00-04:00,30.5,36.599998474121094,30.5,36.5,374850,0.0,0.0
2022-05-16 00:00:00-04:00,36.29999923706055,39.5,35.5,37.900001525878906,211340,0.0,0.0
2022-05-17 00:00:00-04:00,38.900001525878906,40.400001525878906,38.099998474121094,39.599998474121094,153410,0.0,0.0
2022-05-18 00:00:00-04:00,38.900001525878906,39.900001525878906,37.099998474121094,37.20000076293945,153010,0.0,0.0
2022-05-19 00:00:00-04:00,36.900001525878906,39.650001525878906,36.599998474121094,38.900001525878906,180530,0.0,0.0
2022-05-20 00:00:00-04:00,39.79999923706055,39.79999923706055,35.79999923706055,37.29999923706055,168740,0.0,0.0
2022-05-24 00:00:00-04:00,35.5,35.5,32.599998474121094,32.70000076293945,186160,0.0,0.0
2022-05-25 00:00:00-04:00,33.0,34.70000076293945,32.79999923706055,34.29999923706055,166480,0.0,0.0
2022-05-26 00:00:00-04:00,34.70000076293945,35.70000076293945,34.099998474121094,34.70000076293945,142160,0.0,0.0
2022-05-27 00:00:00-04:00,29.299999237060547,29.299999237060547,20.700000762939453,21.399999618530273,1394470,0.0,0.0
2022-05-30 00:00:00-04:00,22.5,23.399999618530273,21.799999237060547,22.0,264550,0.0,0.0
2022-05-31 00:00:00-04:00,21.799999237060547,22.25,20.899999618530273,21.299999237060547,395380,0.0,0.0
2022-06-01 00:00:00-04:00,21.799999237060547,21.799999237060547,19.200000762939453,19.899999618530273,578420,0.0,0.0
2022-06-02 00:00:00-04:00,20.0,21.0,19.399999618530273,19.700000762939453,575240,0.0,0.0
2022-06-03 00:00:00-04:00,19.899999618530273,20.600000381469727,18.799999237060547,20.100000381469727,382100,0.0,0.0
2022-06-06 00:00:00-04:00,20.600000381469727,20.799999237060547,19.0,19.299999237060547,308040,0.0,0.0
2022-06-07 00:00:00-04:00,19.299999237060547,20.299999237060547,19.100000381469727,20.299999237060547,247080,0.0,0.0
2022-06-08 00:00:00-04:00,20.200000762939453,20.799999237060547,19.399999618530273,19.700000762939453,202570,0.0,0.0
2022-06-09 00:00:00-04:00,19.700000762939453,19.700000762939453,18.600000381469727,18.700000762939453,221790,0.0,0.0
2022-06-10 00:00:00-04:00,18.5,18.600000381469727,17.5,17.700000762939453,282640,0.0,0.0
2022-06-13 00:00:00-04:00,17.0,17.299999237060547,15.600000381469727,15.800000190734863,307710,0.0,0.0
2022-06-14 00:00:00-04:00,16.299999237060547,17.450000762939453,15.899999618530273,16.899999618530273,254390,0.0,0.0
2022-06-15 00:00:00-04:00,17.100000381469727,17.600000381469727,16.299999237060547,17.299999237060547,263250,0.0,0.0
2022-06-16 00:00:00-04:00,16.600000381469727,16.899999618530273,15.899999618530273,16.0,195700,0.0,0.0
2022-06-17 00:00:00-04:00,16.299999237060547,17.600000381469727,16.25,17.100000381469727,438800,0.0,0.0
2022-06-20 00:00:00-04:00,17.0,17.549999237060547,16.899999618530273,17.200000762939453,64520,0.0,0.0
2022-06-21 00:00:00-04:00,17.5,18.200000762939453,17.200000762939453,17.700000762939453,135900,0.0,0.0
2022-06-22 00:00:00-04:00,17.299999237060547,18.200000762939453,16.700000762939453,17.0,173830,0.0,0.0
2022-06-23 00:00:00-04:00,17.100000381469727,18.5,16.399999618530273,18.5,247280,0.0,0.0
2022-06-24 00:00:00-04:00,19.299999237060547,20.700000762939453,18.700000762939453,20.100000381469727,358360,0.0,0.0
2022-06-27 00:00:00-04:00,20.5,20.549999237060547,19.0,20.100000381469727,268490,0.0,0.0
2022-06-28 00:00:00-04:00,20.100000381469727,20.5,18.700000762939453,19.299999237060547,181830,0.0,0.0
2022-06-29 00:00:00-04:00,19.100000381469727,19.100000381469727,17.450000762939453,17.600000381469727,183700,0.0,0.0
2022-06-30 00:00:00-04:00,17.0,17.399999618530273,16.299999237060547,17.0,169460,0.0,0.0
2022-07-04 00:00:00-04:00,17.200000762939453,17.200000762939453,16.450000762939453,16.899999618530273,76440,0.0,0.0
2022-07-05 00:00:00-04:00,16.700000762939453,17.899999618530273,16.399999618530273,17.799999237060547,178850,0.0,0.0
2022-07-06 00:00:00-04:00,17.600000381469727,18.399999618530273,17.350000381469727,18.200000762939453,144170,0.0,0.0
2022-07-07 00:00:00-04:00,18.100000381469727,18.899999618530273,17.700000762939453,18.799999237060547,167250,0.0,0.0
2022-07-08 00:00:00-04:00,18.600000381469727,19.100000381469727,17.899999618530273,18.200000762939453,106540,0.0,0.0
2022-07-11 00:00:00-04:00,17.799999237060547,18.200000762939453,16.299999237060547,16.299999237060547,200650,0.0,0.0
2022-07-12 00:00:00-04:00,16.399999618530273,17.200000762939453,16.149999618530273,17.100000381469727,152140,0.0,0.0
2022-07-13 00:00:00-04:00,16.700000762939453,17.450000762939453,16.299999237060547,17.0,128530,0.0,0.0
2022-07-14 00:00:00-04:00,16.899999618530273,19.399999618530273,16.5,19.399999618530273,308060,0.0,0.0
2022-07-15 00:00:00-04:00,19.299999237060547,19.399999618530273,17.399999618530273,17.799999237060547,164600,0.0,0.0
2022-07-18 00:00:00-04:00,18.0,19.700000762939453,17.899999618530273,18.799999237060547,196170,0.0,0.0
2022-07-19 00:00:00-04:00,19.0,20.049999237060547,18.200000762939453,19.600000381469727,203330,0.0,0.0
2022-07-20 00:00:00-04:00,19.600000381469727,22.200000762939453,19.600000381469727,21.200000762939453,308070,0.0,0.0
2022-07-21 00:00:00-04:00,21.5,21.600000381469727,19.299999237060547,19.700000762939453,250810,0.0,0.0
2022-07-22 00:00:00-04:00,19.600000381469727,19.700000762939453,17.799999237060547,18.100000381469727,178040,0.0,0.0
2022-07-25 00:00:00-04:00,18.200000762939453,18.5,17.399999618530273,18.200000762939453,151830,0.0,0.0
2022-07-26 00:00:00-04:00,18.299999237060547,18.299999237060547,17.0,17.299999237060547,148740,0.0,0.0
2022-07-27 00:00:00-04:00,17.5,17.549999237060547,16.700000762939453,17.399999618530273,171650,0.0,0.0
2022-07-28 00:00:00-04:00,17.299999237060547,18.0,16.899999618530273,18.0,220270,0.0,0.0
2022-07-29 00:00:00-04:00,17.799999237060547,18.200000762939453,17.399999618530273,18.100000381469727,127050,0.0,0.0
2022-08-02 00:00:00-04:00,17.600000381469727,20.0,17.600000381469727,19.899999618530273,330130,0.0,0.0
2022-08-03 00:00:00-04:00,20.200000762939453,20.5,19.5,19.799999237060547,141550,0.0,0.0
2022-08-04 00:00:00-04:00,19.799999237060547,20.600000381469727,19.0,19.5,150040,0.0,0.0
2022-08-05 00:00:00-04:00,19.100000381469727,19.799999237060547,18.700000762939453,19.5,171280,0.0,0.0
2022-08-08 00:00:00-04:00,19.5,22.149999618530273,19.399999618530273,21.200000762939453,310290,0.0,0.0
2022-08-09 00:00:00-04:00,21.0,21.299999237060547,19.200000762939453,19.200000762939453,181850,0.0,0.0
2022-08-10 00:00:00-04:00,20.0,21.649999618530273,19.399999618530273,21.100000381469727,236150,0.0,0.0
2022-08-11 00:00:00-04:00,21.700000762939453,22.5,20.399999618530273,20.399999618530273,201870,0.0,0.0
2022-08-12 00:00:00-04:00,20.899999618530273,22.299999237060547,20.700000762939453,22.299999237060547,240590,0.0,0.0
2022-08-15 00:00:00-04:00,22.5,24.899999618530273,22.350000381469727,24.299999237060547,291990,0.0,0.0
2022-08-16 00:00:00-04:00,24.299999237060547,24.299999237060547,22.549999237060547,23.299999237060547,235620,0.0,0.0
2022-08-17 00:00:00-04:00,23.100000381469727,24.899999618530273,22.100000381469727,22.5,458920,0.0,0.0
2022-08-18 00:00:00-04:00,22.5,22.5,21.299999237060547,21.399999618530273,195670,0.0,0.0
2022-08-19 00:00:00-04:00,21.0,21.100000381469727,19.700000762939453,19.799999237060547,177150,0.0,0.0
2022-08-22 00:00:00-04:00,19.299999237060547,19.5,18.700000762939453,18.799999237060547,171990,0.0,0.0
2022-08-23 00:00:00-04:00,18.899999618530273,19.5,18.200000762939453,18.399999618530273,152330,0.0,0.0
2022-08-24 00:00:00-04:00,18.600000381469727,20.399999618530273,18.200000762939453,20.200000762939453,252260,0.0,0.0
2022-08-25 00:00:00-04:00,20.5,22.0,19.700000762939453,21.899999618530273,333990,0.0,0.0
2022-08-26 00:00:00-04:00,21.799999237060547,22.200000762939453,20.0,20.100000381469727,253770,0.0,0.0
2022-08-29 00:00:00-04:00,19.899999618530273,21.600000381469727,19.399999618530273,21.200000762939453,229490,0.0,0.0
2022-08-30 00:00:00-04:00,21.600000381469727,21.600000381469727,19.549999237060547,19.899999618530273,311830,0.0,0.0
2022-08-31 00:00:00-04:00,20.399999618530273,21.200000762939453,19.899999618530273,21.200000762939453,238580,0.0,0.0
2022-09-01 00:00:00-04:00,20.600000381469727,20.75,19.399999618530273,19.700000762939453,228890,0.0,0.0
2022-09-02 00:00:00-04:00,20.200000762939453,20.600000381469727,19.399999618530273,19.700000762939453,203140,0.0,0.0
2022-09-06 00:00:00-04:00,19.700000762939453,19.799999237060547,18.100000381469727,18.100000381469727,267300,0.0,0.0
2022-09-07 00:00:00-04:00,18.100000381469727,19.0,17.799999237060547,19.0,215220,0.0,0.0
2022-09-08 00:00:00-04:00,18.5,19.600000381469727,18.299999237060547,19.5,197050,0.0,0.0
2022-09-09 00:00:00-04:00,19.799999237060547,21.0,19.700000762939453,20.399999618530273,209170,0.0,0.0
2022-09-12 00:00:00-04:00,20.600000381469727,21.100000381469727,20.200000762939453,21.100000381469727,193490,0.0,0.0
2022-09-13 00:00:00-04:00,20.200000762939453,20.549999237060547,19.549999237060547,19.700000762939453,250380,0.0,0.0
2022-09-14 00:00:00-04:00,20.0,20.200000762939453,19.200000762939453,20.200000762939453,226580,0.0,0.0
2022-09-15 00:00:00-04:00,20.0,20.799999237060547,19.700000762939453,20.299999237060547,273970,0.0,0.0
2022-09-16 00:00:00-04:00,20.200000762939453,20.200000762939453,18.700000762939453,19.399999618530273,1547340,0.0,0.0
2022-09-19 00:00:00-04:00,19.100000381469727,19.450000762939453,18.75,19.399999618530273,173540,0.0,0.0
2022-09-20 00:00:00-04:00,19.200000762939453,19.350000381469727,18.5,18.799999237060547,235710,0.0,0.0
2022-09-21 00:00:00-04:00,18.5,18.5,16.5,17.399999618530273,477630,0.0,0.0
2022-09-22 00:00:00-04:00,17.399999618530273,17.5,16.399999618530273,16.600000381469727,199210,0.0,0.0
2022-09-23 00:00:00-04:00,16.200000762939453,16.399999618530273,15.199999809265137,16.299999237060547,237020,0.0,0.0
2022-09-26 00:00:00-04:00,16.600000381469727,17.399999618530273,15.800000190734863,15.899999618530273,296540,0.0,0.0
2022-09-27 00:00:00-04:00,16.299999237060547,16.899999618530273,16.100000381469727,16.700000762939453,200570,0.0,0.0
2022-09-28 00:00:00-04:00,16.600000381469727,17.799999237060547,16.600000381469727,17.700000762939453,289220,0.0,0.0
2022-09-29 00:00:00-04:00,17.200000762939453,17.600000381469727,16.799999237060547,17.0,177710,0.0,0.0
2022-09-30 00:00:00-04:00,17.0,17.600000381469727,16.799999237060547,16.799999237060547,168810,0.0,0.0
2022-10-03 00:00:00-04:00,16.899999618530273,17.100000381469727,16.149999618530273,16.899999618530273,204320,0.0,0.0
2022-10-04 00:00:00-04:00,17.399999618530273,17.700000762939453,16.850000381469727,17.0,316130,0.0,0.0
2022-10-05 00:00:00-04:00,17.0,17.100000381469727,16.299999237060547,17.0,165110,0.0,0.0
2022-10-06 00:00:00-04:00,17.0,18.799999237060547,16.5,18.100000381469727,626260,0.0,0.0
2022-10-07 00:00:00-04:00,18.100000381469727,18.200000762939453,15.600000381469727,15.800000190734863,670020,0.0,0.0
2022-10-11 00:00:00-04:00,15.0,15.0,13.600000381469727,14.300000190734863,300210,0.0,0.0
2022-10-12 00:00:00-04:00,14.199999809265137,14.949999809265137,13.800000190734863,14.699999809265137,178770,0.0,0.0
2022-10-13 00:00:00-04:00,14.100000381469727,15.350000381469727,13.899999618530273,15.100000381469727,248040,0.0,0.0
2022-10-14 00:00:00-04:00,15.300000190734863,15.600000381469727,14.300000190734863,14.300000190734863,179140,0.0,0.0
2022-10-17 00:00:00-04:00,14.800000190734863,15.699999809265137,14.800000190734863,15.399999618530273,303430,0.0,0.0
2022-10-18 00:00:00-04:00,16.0,16.0,15.199999809265137,15.199999809265137,154370,0.0,0.0
2022-10-19 00:00:00-04:00,15.199999809265137,15.350000381469727,14.600000381469727,14.600000381469727,130030,0.0,0.0
2022-10-20 00:00:00-04:00,14.5,15.449999809265137,14.399999618530273,14.899999618530273,207960,0.0,0.0
2022-10-21 00:00:00-04:00,15.0,15.199999809265137,14.5,15.100000381469727,110420,0.0,0.0
2022-10-24 00:00:00-04:00,15.100000381469727,15.100000381469727,14.199999809265137,14.399999618530273,187600,0.0,0.0
2022-10-25 00:00:00-04:00,14.399999618530273,17.0,14.399999618530273,16.799999237060547,552310,0.0,0.0
2022-10-26 00:00:00-04:00,16.700000762939453,17.700000762939453,16.299999237060547,16.899999618530273,434000,0.0,0.0
2022-10-27 00:00:00-04:00,17.200000762939453,17.899999618530273,16.649999618530273,16.799999237060547,185060,0.0,0.0
2022-10-28 00:00:00-04:00,16.700000762939453,17.450000762939453,16.149999618530273,17.399999618530273,238430,0.0,0.0
2022-10-31 00:00:00-04:00,17.299999237060547,19.950000762939453,17.200000762939453,19.600000381469727,458700,0.0,0.0
2022-11-01 00:00:00-04:00,19.700000762939453,19.799999237060547,18.200000762939453,18.200000762939453,195280,0.0,0.0
2022-11-02 00:00:00-04:00,17.799999237060547,18.600000381469727,17.0,17.200000762939453,293250,0.0,0.0
2022-11-03 00:00:00-04:00,16.799999237060547,19.100000381469727,16.700000762939453,19.0,303320,0.0,0.0
2022-11-04 00:00:00-04:00,19.5,19.5,16.799999237060547,17.5,394180,0.0,0.0
2022-11-07 00:00:00-05:00,17.700000762939453,18.299999237060547,17.100000381469727,18.100000381469727,218150,0.0,0.0
2022-11-08 00:00:00-05:00,18.0,18.299999237060547,17.0,17.399999618530273,324240,0.0,0.0
2022-11-09 00:00:00-05:00,17.200000762939453,18.100000381469727,16.049999237060547,16.5,404250,0.0,0.0
2022-11-10 00:00:00-05:00,17.100000381469727,17.799999237060547,16.700000762939453,17.700000762939453,333660,0.0,0.0
2022-11-11 00:00:00-05:00,17.200000762939453,21.5,17.0,20.5,710390,0.0,0.0
2022-11-14 00:00:00-05:00,21.100000381469727,21.299999237060547,19.399999618530273,19.899999618530273,437330,0.0,0.0
2022-11-15 00:00:00-05:00,20.399999618530273,21.399999618530273,20.200000762939453,20.5,382270,0.0,0.0
2022-11-16 00:00:00-05:00,20.5,20.799999237060547,19.100000381469727,19.200000762939453,309310,0.0,0.0
2022-11-17 00:00:00-05:00,19.0,19.5,18.399999618530273,19.299999237060547,275920,0.0,0.0
2022-11-18 00:00:00-05:00,19.5,19.5,17.799999237060547,17.899999618530273,264540,0.0,0.0
2022-11-21 00:00:00-05:00,18.100000381469727,18.299999237060547,17.299999237060547,17.600000381469727,220150,0.0,0.0
2022-11-22 00:00:00-05:00,17.799999237060547,17.799999237060547,17.100000381469727,17.399999618530273,250470,0.0,0.0
2022-11-23 00:00:00-05:00,17.5,18.200000762939453,17.399999618530273,17.5,189980,0.0,0.0
2022-11-24 00:00:00-05:00,17.899999618530273,17.899999618530273,17.700000762939453,17.799999237060547,32770,0.0,0.0
2022-11-25 00:00:00-05:00,17.600000381469727,18.0,17.399999618530273,17.799999237060547,126970,0.0,0.0
2022-11-28 00:00:00-05:00,17.600000381469727,18.200000762939453,16.700000762939453,16.799999237060547,186600,0.0,0.0
2022-11-29 00:00:00-05:00,17.200000762939453,17.350000381469727,16.600000381469727,16.899999618530273,152370,0.0,0.0
2022-11-30 00:00:00-05:00,16.799999237060547,17.299999237060547,16.5,17.299999237060547,239530,0.0,0.0
2022-12-01 00:00:00-05:00,17.399999618530273,17.899999618530273,17.0,17.799999237060547,305080,0.0,0.0
2022-12-02 00:00:00-05:00,17.200000762939453,19.299999237060547,17.200000762939453,18.899999618530273,396700,0.0,0.0
2022-12-05 00:00:00-05:00,19.0,19.899999618530273,18.200000762939453,18.600000381469727,356020,0.0,0.0
2022-12-06 00:00:00-05:00,18.600000381469727,18.600000381469727,16.200000762939453,16.399999618530273,522510,0.0,0.0
2022-12-07 00:00:00-05:00,16.399999618530273,16.600000381469727,15.199999809265137,15.300000190734863,382450,0.0,0.0
2022-12-08 00:00:00-05:00,15.800000190734863,15.800000190734863,14.800000190734863,15.100000381469727,287120,0.0,0.0
2022-12-09 00:00:00-05:00,15.100000381469727,15.5,14.850000381469727,15.100000381469727,172630,0.0,0.0
2022-12-12 00:00:00-05:00,15.300000190734863,15.649999618530273,14.800000190734863,15.199999809265137,198320,0.0,0.0
2022-12-13 00:00:00-05:00,15.699999809265137,16.100000381469727,14.699999809265137,15.100000381469727,299740,0.0,0.0
2022-12-14 00:00:00-05:00,15.0,15.300000190734863,14.699999809265137,14.899999618530273,141270,0.0,0.0
2022-12-15 00:00:00-05:00,14.699999809265137,14.699999809265137,13.850000381469727,14.199999809265137,201130,0.0,0.0
2022-12-16 00:00:00-05:00,14.100000381469727,14.399999618530273,13.699999809265137,14.300000190734863,178270,0.0,0.0
2022-12-19 00:00:00-05:00,14.199999809265137,14.199999809265137,13.100000381469727,13.199999809265137,177090,0.0,0.0
2022-12-20 00:00:00-05:00,13.100000381469727,13.300000190734863,12.699999809265137,12.800000190734863,126900,0.0,0.0
2022-12-21 00:00:00-05:00,12.800000190734863,13.199999809265137,12.699999809265137,13.100000381469727,118890,0.0,0.0
2022-12-22 00:00:00-05:00,13.0,13.0,11.899999618530273,12.399999618530273,191910,0.0,0.0
2022-12-23 00:00:00-05:00,12.399999618530273,12.600000381469727,12.100000381469727,12.399999618530273,87070,0.0,0.0
2022-12-28 00:00:00-05:00,12.100000381469727,12.100000381469727,11.100000381469727,11.5,249930,0.0,0.0
2022-12-29 00:00:00-05:00,11.5,12.300000190734863,11.199999809265137,12.300000190734863,156710,0.0,0.0
2022-12-30 00:00:00-05:00,12.199999809265137,12.5,11.899999618530273,12.5,130670,0.0,0.0
2023-01-03 00:00:00-05:00,12.800000190734863,13.100000381469727,12.149999618530273,12.5,96380,0.0,0.0
2023-01-04 00:00:00-05:00,12.399999618530273,13.100000381469727,12.300000190734863,12.899999618530273,134310,0.0,0.0
2023-01-05 00:00:00-05:00,12.699999809265137,12.800000190734863,12.149999618530273,12.199999809265137,150180,0.0,0.0
2023-01-06 00:00:00-05:00,12.399999618530273,12.399999618530273,11.800000190734863,12.0,119180,0.0,0.0
2023-01-09 00:00:00-05:00,12.0,12.300000190734863,11.699999809265137,11.800000190734863,106380,0.0,0.0
2023-01-10 00:00:00-05:00,11.800000190734863,11.899999618530273,11.399999618530273,11.699999809265137,90050,0.0,0.0
2023-01-11 00:00:00-05:00,11.800000190734863,12.199999809265137,11.5,12.0,115490,0.0,0.0
2023-01-12 00:00:00-05:00,12.100000381469727,12.899999618530273,11.699999809265137,12.899999618530273,204550,0.0,0.0
2023-01-13 00:00:00-05:00,12.899999618530273,13.899999618530273,12.699999809265137,13.699999809265137,309810,0.0,0.0
2023-01-16 00:00:00-05:00,13.699999809265137,14.300000190734863,13.699999809265137,14.0,76640,0.0,0.0
2023-01-17 00:00:00-05:00,14.0,14.100000381469727,13.199999809265137,13.5,154630,0.0,0.0
2023-01-18 00:00:00-05:00,13.600000381469727,14.199999809265137,13.199999809265137,13.199999809265137,176980,0.0,0.0
2023-01-19 00:00:00-05:00,13.100000381469727,13.300000190734863,12.600000381469727,12.600000381469727,106310,0.0,0.0
2023-01-20 00:00:00-05:00,12.800000190734863,13.0,12.600000381469727,13.0,87220,0.0,0.0
2023-01-23 00:00:00-05:00,13.0,13.800000190734863,12.949999809265137,13.800000190734863,152920,0.0,0.0
2023-01-24 00:00:00-05:00,13.600000381469727,13.800000190734863,13.350000381469727,13.399999618530273,72390,0.0,0.0
2023-01-25 00:00:00-05:00,13.199999809265137,13.199999809265137,12.800000190734863,13.199999809265137,114450,0.0,0.0
2023-01-26 00:00:00-05:00,13.300000190734863,13.399999618530273,12.899999618530273,12.899999618530273,98420,0.0,0.0
2023-01-27 00:00:00-05:00,13.0,13.699999809265137,12.899999618530273,13.5,192020,0.0,0.0
2023-01-30 00:00:00-05:00,13.5,13.5,13.0,13.100000381469727,189910,0.0,0.0
2023-01-31 00:00:00-05:00,13.199999809265137,13.899999618530273,13.199999809265137,13.899999618530273,147060,0.0,0.0
2023-02-01 00:00:00-05:00,13.699999809265137,14.600000381469727,13.25,14.600000381469727,192970,0.0,0.0
2023-02-02 00:00:00-05:00,14.800000190734863,15.899999618530273,14.649999618530273,15.0,196480,0.0,0.0
2023-02-03 00:00:00-05:00,14.699999809265137,15.199999809265137,14.100000381469727,14.399999618530273,182560,0.0,0.0
2023-02-06 00:00:00-05:00,14.300000190734863,14.75,13.699999809265137,14.0,114120,0.0,0.0
2023-02-07 00:00:00-05:00,14.199999809265137,14.199999809265137,13.25,13.5,166120,0.0,0.0
2023-02-08 00:00:00-05:00,13.600000381469727,13.600000381469727,13.100000381469727,13.399999618530273,107370,0.0,0.0
2023-02-09 00:00:00-05:00,13.199999809265137,13.300000190734863,12.100000381469727,12.399999618530273,206170,0.0,0.0
2023-02-10 00:00:00-05:00,12.5,12.600000381469727,12.100000381469727,12.100000381469727,157820,0.0,0.0
2023-02-13 00:00:00-05:00,12.199999809265137,12.449999809265137,12.100000381469727,12.199999809265137,64570,0.0,0.0
2023-02-14 00:00:00-05:00,12.100000381469727,12.5,12.0,12.5,91220,0.0,0.0
2023-02-15 00:00:00-05:00,12.5,13.100000381469727,12.300000190734863,13.100000381469727,153160,0.0,0.0
2023-02-16 00:00:00-05:00,12.800000190734863,12.899999618530273,12.5,12.600000381469727,107930,0.0,0.0
2023-02-17 00:00:00-05:00,12.5,12.699999809265137,12.100000381469727,12.699999809265137,150090,0.0,0.0
2023-02-21 00:00:00-05:00,12.399999618530273,12.600000381469727,11.899999618530273,12.0,130820,0.0,0.0
2023-02-22 00:00:00-05:00,12.100000381469727,12.199999809265137,11.699999809265137,11.899999618530273,85540,0.0,0.0
2023-02-23 00:00:00-05:00,11.899999618530273,12.0,11.600000381469727,11.699999809265137,100060,0.0,0.0
2023-02-24 00:00:00-05:00,11.699999809265137,11.800000190734863,11.399999618530273,11.600000381469727,93970,0.0,0.0
2023-02-27 00:00:00-05:00,11.699999809265137,11.699999809265137,11.399999618530273,11.399999618530273,90010,0.0,0.0
2023-02-28 00:00:00-05:00,11.5,11.600000381469727,11.300000190734863,11.300000190734863,89860,0.0,0.0
2023-03-01 00:00:00-05:00,11.5,11.5,11.100000381469727,11.300000190734863,75580,0.0,0.0
2023-03-02 00:00:00-05:00,11.199999809265137,11.300000190734863,11.0,11.300000190734863,49200,0.0,0.0
2023-03-03 00:00:00-05:00,11.399999618530273,11.699999809265137,11.300000190734863,11.699999809265137,100190,0.0,0.0
2023-03-06 00:00:00-05:00,11.600000381469727,11.699999809265137,11.199999809265137,11.5,84570,0.0,0.0
2023-03-07 00:00:00-05:00,11.5,11.5,11.100000381469727,11.300000190734863,28660,0.0,0.0
2023-03-08 00:00:00-05:00,11.199999809265137,11.199999809265137,11.0,11.199999809265137,50070,0.0,0.0
2023-03-09 00:00:00-05:00,11.100000381469727,11.300000190734863,11.0,11.100000381469727,73700,0.0,0.0
2023-03-10 00:00:00-05:00,11.100000381469727,11.100000381469727,10.100000381469727,10.100000381469727,163890,0.0,0.0
2023-03-13 00:00:00-04:00,10.0,10.399999618530273,9.800000190734863,10.199999809265137,83840,0.0,0.0
2023-03-14 00:00:00-04:00,10.300000190734863,10.399999618530273,9.899999618530273,10.100000381469727,82740,0.0,0.0
2023-03-15 00:00:00-04:00,9.899999618530273,9.899999618530273,9.5,9.699999809265137,128960,0.0,0.0
2023-03-16 00:00:00-04:00,9.699999809265137,10.399999618530273,9.699999809265137,10.399999618530273,62070,0.0,0.0
2023-03-17 00:00:00-04:00,10.199999809265137,10.199999809265137,9.899999618530273,10.0,84040,0.0,0.0
2023-03-20 00:00:00-04:00,10.0,10.0,8.899999618530273,9.100000381469727,131130,0.0,0.0
2023-03-21 00:00:00-04:00,9.399999618530273,10.100000381469727,9.300000190734863,10.0,99970,0.0,0.0
2023-03-22 00:00:00-04:00,10.0,10.100000381469727,9.600000381469727,9.600000381469727,58970,0.0,0.0
2023-03-23 00:00:00-04:00,9.800000190734863,10.0,9.5,9.600000381469727,33740,0.0,0.0
2023-03-24 00:00:00-04:00,9.600000381469727,9.699999809265137,9.5,9.699999809265137,24220,0.0,0.0
2023-03-27 00:00:00-04:00,9.600000381469727,9.699999809265137,9.300000190734863,9.600000381469727,30620,0.0,0.0
2023-03-28 00:00:00-04:00,9.600000381469727,9.600000381469727,9.100000381469727,9.100000381469727,41120,0.0,0.0
2023-03-29 00:00:00-04:00,9.100000381469727,9.399999618530273,9.100000381469727,9.399999618530273,28980,0.0,0.0
2023-03-30 00:00:00-04:00,9.399999618530273,9.5,8.800000190734863,8.899999618530273,93620,0.0,0.0
2023-03-31 00:00:00-04:00,9.100000381469727,9.800000190734863,9.0,9.399999618530273,141490,0.0,0.0
2023-04-03 00:00:00-04:00,9.5,9.5,8.899999618530273,9.100000381469727,157320,0.0,0.0
2023-04-04 00:00:00-04:00,9.100000381469727,9.100000381469727,8.800000190734863,8.899999618530273,55190,0.0,0.0
2023-04-05 00:00:00-04:00,8.899999618530273,8.899999618530273,8.5,8.5,57060,0.0,0.0
2023-04-06 00:00:00-04:00,8.699999809265137,8.899999618530273,8.5,8.699999809265137,52220,0.0,0.0
2023-04-10 00:00:00-04:00,8.699999809265137,9.0,8.699999809265137,9.0,68740,0.0,0.0
2023-04-11 00:00:00-04:00,8.899999618530273,8.899999618530273,8.699999809265137,8.699999809265137,33920,0.0,0.0
2023-04-12 00:00:00-04:00,9.0,9.100000381469727,8.550000190734863,8.600000381469727,71340,0.0,0.0
2023-04-13 00:00:00-04:00,8.600000381469727,8.899999618530273,8.600000381469727,8.899999618530273,33110,0.0,0.0
2023-04-14 00:00:00-04:00,8.800000190734863,8.899999618530273,8.5,8.699999809265137,55870,0.0,0.0
2023-04-17 00:00:00-04:00,8.699999809265137,8.800000190734863,8.600000381469727,8.800000190734863,31690,0.0,0.0
2023-04-18 00:00:00-04:00,8.800000190734863,8.800000190734863,8.600000381469727,8.600000381469727,24690,0.0,0.0
2023-04-19 00:00:00-04:00,8.699999809265137,8.699999809265137,8.5,8.600000381469727,37900,0.0,0.0
2023-04-20 00:00:00-04:00,8.699999809265137,8.699999809265137,8.199999809265137,8.199999809265137,71850,0.0,0.0
2023-04-21 00:00:00-04:00,8.5,8.5,8.300000190734863,8.399999618530273,19410,0.0,0.0
2023-04-24 00:00:00-04:00,8.300000190734863,8.399999618530273,7.900000095367432,8.100000381469727,75720,0.0,0.0
2023-04-25 00:00:00-04:00,8.0,8.0,7.599999904632568,7.599999904632568,52420,0.0,0.0
2023-04-26 00:00:00-04:00,7.699999809265137,7.900000095367432,7.599999904632568,7.699999809265137,74460,0.0,0.0
2023-04-27 00:00:00-04:00,8.0,8.149999618530273,7.800000190734863,8.0,63600,0.0,0.0
2023-04-28 00:00:00-04:00,8.0,8.300000190734863,7.900000095367432,7.900000095367432,61830,0.0,0.0
2023-05-01 00:00:00-04:00,8.100000381469727,8.300000190734863,8.0,8.300000190734863,62490,0.0,0.0
2023-05-02 00:00:00-04:00,8.399999618530273,8.399999618530273,7.900000095367432,8.0,42990,0.0,0.0
2023-05-03 00:00:00-04:00,8.100000381469727,8.550000190734863,8.100000381469727,8.199999809265137,125840,0.0,0.0
2023-05-04 00:00:00-04:00,8.399999618530273,8.600000381469727,8.100000381469727,8.5,73510,0.0,0.0
2023-05-05 00:00:00-04:00,8.699999809265137,8.899999618530273,8.399999618530273,8.800000190734863,104740,0.0,0.0
2023-05-08 00:00:00-04:00,8.699999809265137,9.050000190734863,8.600000381469727,8.699999809265137,49600,0.0,0.0
2023-05-09 00:00:00-04:00,8.800000190734863,8.800000190734863,8.300000190734863,8.300000190734863,44300,0.0,0.0
2023-05-10 00:00:00-04:00,8.300000190734863,8.5,8.100000381469727,8.100000381469727,40960,0.0,0.0
2023-05-11 00:00:00-04:00,8.100000381469727,8.399999618530273,7.800000190734863,7.800000190734863,53300,0.0,0.0
2023-05-12 00:00:00-04:00,8.0,8.0,7.449999809265137,7.5,92970,0.0,0.0
2023-05-15 00:00:00-04:00,7.699999809265137,8.0,7.5,7.900000095367432,47860,0.0,0.0
2023-05-16 00:00:00-04:00,7.900000095367432,8.0,7.5,7.599999904632568,39130,0.0,0.0
2023-05-17 00:00:00-04:00,7.599999904632568,8.100000381469727,7.550000190734863,8.100000381469727,63110,0.0,0.0
2023-05-18 00:00:00-04:00,8.199999809265137,8.5,8.100000381469727,8.300000190734863,75370,0.0,0.0
2023-05-19 00:00:00-04:00,8.5,8.899999618530273,8.5,8.899999618530273,71500,0.0,0.0
2023-05-23 00:00:00-04:00,9.100000381469727,9.199999809265137,8.199999809265137,8.300000190734863,98630,0.0,0.0
2023-05-24 00:00:00-04:00,8.399999618530273,8.399999618530273,8.0,8.0,40710,0.0,0.0
2023-05-25 00:00:00-04:00,8.0,8.0,7.5,7.5,69910,0.0,0.0
2023-05-26 00:00:00-04:00,7.800000190734863,7.800000190734863,7.199999809265137,7.199999809265137,72860,0.0,0.0
2023-05-29 00:00:00-04:00,7.400000095367432,7.400000095367432,7.199999809265137,7.300000190734863,23060,0.0,0.0
2023-05-30 00:00:00-04:00,7.300000190734863,7.5,7.099999904632568,7.099999904632568,55330,0.0,0.0
2023-05-31 00:00:00-04:00,7.199999809265137,7.199999809265137,6.699999809265137,6.800000190734863,695130,0.0,0.0
2023-06-01 00:00:00-04:00,6.900000095367432,7.099999904632568,6.599999904632568,6.699999809265137,52020,0.0,0.0
2023-06-02 00:00:00-04:00,6.900000095367432,7.199999809265137,6.800000190734863,7.099999904632568,82450,0.0,0.0
2023-06-05 00:00:00-04:00,7.199999809265137,7.199999809265137,6.800000190734863,6.800000190734863,21080,0.0,0.0
2023-06-06 00:00:00-04:00,6.800000190734863,7.199999809265137,6.699999809265137,7.199999809265137,43870,0.0,0.0
2023-06-07 00:00:00-04:00,7.199999809265137,7.400000095367432,7.0,7.0,39880,0.0,0.0
2023-06-08 00:00:00-04:00,7.0,7.099999904632568,6.849999904632568,6.900000095367432,36390,0.0,0.0
2023-06-09 00:00:00-04:00,7.0,7.150000095367432,6.900000095367432,7.0,39950,0.0,0.0
2023-06-12 00:00:00-04:00,7.199999809265137,7.5,6.900000095367432,7.5,47540,0.0,0.0
2023-06-13 00:00:00-04:00,7.599999904632568,7.800000190734863,7.349999904632568,7.699999809265137,39600,0.0,0.0
2023-06-14 00:00:00-04:00,7.5,7.599999904632568,7.0,7.0,63030,0.0,0.0
2023-06-15 00:00:00-04:00,7.0,7.099999904632568,6.900000095367432,7.099999904632568,47750,0.0,0.0
2023-06-16 00:00:00-04:00,7.0,7.199999809265137,7.0,7.0,41930,0.0,0.0
2023-06-19 00:00:00-04:00,7.099999904632568,7.199999809265137,7.0,7.099999904632568,16760,0.0,0.0
2023-06-20 00:00:00-04:00,7.099999904632568,7.5,7.099999904632568,7.400000095367432,54550,0.0,0.0
2023-06-21 00:00:00-04:00,7.300000190734863,7.550000190734863,7.099999904632568,7.5,40640,0.0,0.0
2023-06-22 00:00:00-04:00,7.599999904632568,8.199999809265137,7.199999809265137,8.199999809265137,229300,0.0,0.0
2023-06-23 00:00:00-04:00,8.100000381469727,8.100000381469727,7.199999809265137,7.199999809265137,61310,0.0,0.0
2023-06-26 00:00:00-04:00,7.400000095367432,7.599999904632568,7.0,7.199999809265137,61460,0.0,0.0
2023-06-27 00:00:00-04:00,7.0,7.099999904632568,6.900000095367432,6.900000095367432,42160,0.0,0.0
2023-06-28 00:00:00-04:00,7.099999904632568,7.099999904632568,6.800000190734863,7.0,44580,0.0,0.0
2023-06-29 00:00:00-04:00,7.0,7.199999809265137,6.900000095367432,7.199999809265137,37770,0.0,0.0
2023-06-30 00:00:00-04:00,7.199999809265137,7.199999809265137,6.800000190734863,7.0,52110,0.0,0.0
2023-07-04 00:00:00-04:00,7.5,7.699999809265137,7.300000190734863,7.300000190734863,79790,0.0,0.0
2023-07-05 00:00:00-04:00,7.599999904632568,7.599999904632568,7.199999809265137,7.300000190734863,47300,0.0,0.0
2023-07-06 00:00:00-04:00,7.300000190734863,7.300000190734863,7.0,7.099999904632568,93170,0.0,0.0
2023-07-07 00:00:00-04:00,7.300000190734863,7.5,7.0,7.5,50590,0.0,0.0
2023-07-10 00:00:00-04:00,7.199999809265137,7.5,7.150000095367432,7.5,79680,0.0,0.0
2023-07-11 00:00:00-04:00,7.300000190734863,7.900000095367432,7.300000190734863,7.800000190734863,129080,0.0,0.0
2023-07-12 00:00:00-04:00,7.800000190734863,7.900000095367432,7.400000095367432,7.400000095367432,60450,0.0,0.0
2023-07-13 00:00:00-04:00,7.5,7.699999809265137,7.300000190734863,7.599999904632568,85320,0.0,0.0
2023-07-14 00:00:00-04:00,7.599999904632568,7.599999904632568,7.0,7.0,99730,0.0,0.0
2023-07-17 00:00:00-04:00,7.0,7.099999904632568,6.900000095367432,7.0,83410,0.0,0.0
2023-07-18 00:00:00-04:00,7.0,7.0,6.849999904632568,7.0,36700,0.0,0.0
2023-07-19 00:00:00-04:00,7.0,7.199999809265137,7.0,7.099999904632568,42270,0.0,0.0
2023-07-20 00:00:00-04:00,7.099999904632568,7.099999904632568,6.800000190734863,6.800000190734863,84850,0.0,0.0
2023-07-21 00:00:00-04:00,7.0,7.0,6.599999904632568,6.699999809265137,82700,0.0,0.0
2023-07-24 00:00:00-04:00,6.699999809265137,6.699999809265137,6.5,6.5,80950,0.0,0.0
2023-07-25 00:00:00-04:00,6.599999904632568,6.599999904632568,6.5,6.5,26120,0.0,0.0
2023-07-26 00:00:00-04:00,6.599999904632568,6.699999809265137,6.400000095367432,6.5,83570,0.0,0.0
2023-07-27 00:00:00-04:00,6.599999904632568,6.800000190734863,6.400000095367432,6.699999809265137,129650,0.0,0.0
2023-07-28 00:00:00-04:00,6.5,7.099999904632568,6.5,7.099999904632568,109960,0.0,0.0
2023-07-31 00:00:00-04:00,7.099999904632568,7.5,7.099999904632568,7.5,128320,0.0,0.0
2023-08-01 00:00:00-04:00,7.400000095367432,7.699999809265137,7.099999904632568,7.599999904632568,125780,0.0,0.0
2023-08-02 00:00:00-04:00,7.400000095367432,7.699999809265137,7.150000095367432,7.300000190734863,79180,0.0,0.0
2023-08-03 00:00:00-04:00,7.300000190734863,7.5,7.199999809265137,7.400000095367432,45730,0.0,0.0
2023-08-04 00:00:00-04:00,7.599999904632568,7.599999904632568,7.199999809265137,7.199999809265137,56820,0.0,0.0
2023-08-08 00:00:00-04:00,7.199999809265137,7.5,7.099999904632568,7.5,76420,0.0,0.0
2023-08-09 00:00:00-04:00,7.5,7.5,7.099999904632568,7.099999904632568,50430,0.0,0.0
2023-08-10 00:00:00-04:00,7.199999809265137,7.300000190734863,7.0,7.0,53370,0.0,0.0
2023-08-11 00:00:00-04:00,7.400000095367432,7.5,7.199999809265137,7.400000095367432,69540,0.0,0.0
2023-08-14 00:00:00-04:00,7.300000190734863,7.300000190734863,7.0,7.300000190734863,70550,0.0,0.0
2023-08-15 00:00:00-04:00,7.0,7.099999904632568,7.0,7.0,21890,0.0,0.0
2023-08-16 00:00:00-04:00,7.0,7.0,6.800000190734863,6.800000190734863,82160,0.0,0.0
2023-08-17 00:00:00-04:00,6.800000190734863,7.0,6.599999904632568,7.0,60480,0.0,0.0
2023-08-18 00:00:00-04:00,6.699999809265137,7.0,6.699999809265137,6.800000190734863,67910,0.0,0.0
2023-08-21 00:00:00-04:00,6.800000190734863,7.0,6.699999809265137,6.699999809265137,41640,0.0,0.0
2023-08-22 00:00:00-04:00,6.800000190734863,6.900000095367432,6.599999904632568,6.599999904632568,85980,0.0,0.0
2023-08-23 00:00:00-04:00,6.599999904632568,6.699999809265137,6.400000095367432,6.699999809265137,45590,0.0,0.0
2023-08-24 00:00:00-04:00,6.599999904632568,6.599999904632568,6.199999809265137,6.199999809265137,70330,0.0,0.0
2023-08-25 00:00:00-04:00,6.199999809265137,6.199999809265137,5.900000095367432,6.099999904632568,86170,0.0,0.0
2023-08-28 00:00:00-04:00,6.199999809265137,6.199999809265137,5.900000095367432,6.0,33760,0.0,0.0
2023-08-29 00:00:00-04:00,6.0,6.199999809265137,6.0,6.199999809265137,39300,0.0,0.0
2023-08-30 00:00:00-04:00,6.199999809265137,6.599999904632568,6.0,6.400000095367432,173270,0.0,0.0
2023-08-31 00:00:00-04:00,6.599999904632568,7.199999809265137,6.5,6.699999809265137,346970,0.0,0.0
2023-09-01 00:00:00-04:00,6.900000095367432,7.0,6.400000095367432,6.5,134550,0.0,0.0
2023-09-05 00:00:00-04:00,6.5,7.0,6.400000095367432,6.650000095367432,202300,0.0,0.0
2023-09-06 00:00:00-04:00,6.900000095367432,7.0,6.199999809265137,6.599999904632568,247170,0.0,0.0
2023-09-07 00:00:00-04:00,6.400000095367432,6.5,6.199999809265137,6.400000095367432,104540,0.0,0.0
2023-09-08 00:00:00-04:00,6.400000095367432,7.199999809265137,6.199999809265137,7.199999809265137,429620,0.0,0.0
2023-09-11 00:00:00-04:00,7.599999904632568,12.699999809265137,7.599999904632568,12.5,2120060,0.0,0.0
2023-09-12 00:00:00-04:00,12.100000381469727,15.5,11.199999809265137,12.899999618530273,2225780,0.0,0.0
2023-09-13 00:00:00-04:00,12.300000190734863,13.199999809265137,9.800000190734863,10.699999809265137,1387900,0.0,0.0
2023-09-14 00:00:00-04:00,10.399999618530273,12.300000190734863,10.399999618530273,11.399999618530273,953820,0.0,0.0
2023-09-15 00:00:00-04:00,12.5,14.199999809265137,12.100000381469727,13.300000190734863,1385830,0.0,0.0
2023-09-18 00:00:00-04:00,12.800000190734863,13.100000381469727,11.5,11.5,669790,0.0,0.0
2023-09-19 00:00:00-04:00,12.399999618530273,13.0,11.5,11.699999809265137,686710,0.0,0.0
2023-09-20 00:00:00-04:00,11.899999618530273,12.100000381469727,10.600000381469727,10.800000190734863,603120,0.0,0.0
2023-09-21 00:00:00-04:00,10.199999809265137,10.399999618530273,9.600000381469727,9.800000190734863,563960,0.0,0.0
2023-09-22 00:00:00-04:00,10.100000381469727,10.5,9.899999618530273,10.199999809265137,355210,0.0,0.0
2023-09-25 00:00:00-04:00,10.0,10.899999618530273,9.899999618530273,10.0,675310,0.0,0.0
2023-09-26 00:00:00-04:00,10.0,10.5,9.199999809265137,9.5,547170,0.0,0.0
2023-09-27 00:00:00-04:00,9.899999618530273,10.0,8.850000381469727,9.100000381469727,499150,0.0,0.0
2023-09-28 00:00:00-04:00,8.100000381469727,8.300000190734863,7.599999904632568,8.100000381469727,484790,0.0,0.0
2023-09-29 00:00:00-04:00,8.100000381469727,8.300000190734863,7.75,7.900000095367432,147770,0.0,0.0
2023-10-02 00:00:00-04:00,8.0,8.0,7.5,7.699999809265137,174610,0.0,0.0
2023-10-03 00:00:00-04:00,7.5,7.599999904632568,7.199999809265137,7.300000190734863,143750,0.0,0.0
2023-10-04 00:00:00-04:00,7.599999904632568,7.900000095367432,7.400000095367432,7.699999809265137,174860,0.0,0.0
2023-10-05 00:00:00-04:00,7.800000190734863,8.0,7.550000190734863,7.699999809265137,213990,0.0,0.0
2023-10-06 00:00:00-04:00,7.599999904632568,7.800000190734863,7.5,7.599999904632568,150900,0.0,0.0
2023-10-10 00:00:00-04:00,7.599999904632568,8.0,7.349999904632568,7.599999904632568,197590,0.0,0.0
2023-10-11 00:00:00-04:00,7.599999904632568,7.599999904632568,7.0,7.0,119300,0.0,0.0
2023-10-12 00:00:00-04:00,7.199999809265137,7.199999809265137,6.75,7.0,125520,0.0,0.0
2023-10-13 00:00:00-04:00,6.900000095367432,7.099999904632568,6.800000190734863,7.099999904632568,69840,0.0,0.0
2023-10-16 00:00:00-04:00,7.0,7.099999904632568,6.900000095367432,7.099999904632568,93350,0.0,0.0
2023-10-17 00:00:00-04:00,6.900000095367432,7.25,6.900000095367432,7.0,58020,0.0,0.0
2023-10-18 00:00:00-04:00,7.0,7.0,6.5,6.5,87540,0.0,0.0
2023-10-19 00:00:00-04:00,6.5,6.599999904632568,6.300000190734863,6.300000190734863,79060,0.0,0.0
2023-10-20 00:00:00-04:00,6.400000095367432,6.400000095367432,6.0,6.099999904632568,99640,0.0,0.0
2023-10-23 00:00:00-04:00,6.199999809265137,6.199999809265137,5.800000190734863,5.800000190734863,110570,0.0,0.0
2023-10-24 00:00:00-04:00,6.0,6.5,5.800000190734863,6.400000095367432,197630,0.0,0.0
2023-10-25 00:00:00-04:00,6.5,6.5,5.900000095367432,5.900000095367432,141030,0.0,0.0
2023-10-26 00:00:00-04:00,5.900000095367432,6.0,5.599999904632568,5.800000190734863,145150,0.0,0.0
2023-10-27 00:00:00-04:00,5.800000190734863,6.199999809265137,5.800000190734863,6.199999809265137,55100,0.0,0.0
2023-10-30 00:00:00-04:00,6.199999809265137,6.300000190734863,5.900000095367432,6.099999904632568,81720,0.0,0.0
2023-10-31 00:00:00-04:00,6.099999904632568,6.199999809265137,6.0,6.099999904632568,74550,0.0,0.0
2023-11-01 00:00:00-04:00,6.0,6.400000095367432,5.900000095367432,6.400000095367432,197230,0.0,0.0
2023-11-02 00:00:00-04:00,6.199999809265137,6.599999904632568,6.199999809265137,6.300000190734863,126780,0.0,0.0
2023-11-03 00:00:00-04:00,6.400000095367432,6.699999809265137,6.400000095367432,6.699999809265137,121240,0.0,0.0
2023-11-06 00:00:00-05:00,6.900000095367432,7.0,6.300000190734863,6.400000095367432,177570,0.0,0.0
2023-11-07 00:00:00-05:00,6.400000095367432,6.75,6.300000190734863,6.5,72110,0.0,0.0
2023-11-08 00:00:00-05:00,6.699999809265137,6.699999809265137,6.300000190734863,6.400000095367432,85700,0.0,0.0
2023-11-09 00:00:00-05:00,6.400000095367432,6.599999904632568,6.0,6.099999904632568,80580,0.0,0.0
2023-11-10 00:00:00-05:00,6.900000095367432,7.099999904632568,6.400000095367432,6.5,266130,0.0,0.0
2023-11-13 00:00:00-05:00,6.599999904632568,6.599999904632568,6.300000190734863,6.400000095367432,136530,0.0,0.0
2023-11-14 00:00:00-05:00,6.599999904632568,6.599999904632568,6.300000190734863,6.400000095367432,127530,0.0,0.0
2023-11-15 00:00:00-05:00,6.400000095367432,6.699999809265137,6.400000095367432,6.400000095367432,191950,0.0,0.0
2023-11-16 00:00:00-05:00,6.400000095367432,6.449999809265137,6.199999809265137,6.300000190734863,88590,0.0,0.0
2023-11-17 00:00:00-05:00,6.400000095367432,6.5,6.199999809265137,6.5,94350,0.0,0.0
2023-11-20 00:00:00-05:00,6.400000095367432,6.599999904632568,6.400000095367432,6.599999904632568,114970,0.0,0.0
2023-11-21 00:00:00-05:00,6.5,6.5,6.300000190734863,6.300000190734863,63220,0.0,0.0
2023-11-22 00:00:00-05:00,6.300000190734863,6.400000095367432,6.199999809265137,6.400000095367432,70540,0.0,0.0
2023-11-23 00:00:00-05:00,6.400000095367432,6.400000095367432,6.300000190734863,6.300000190734863,20910,0.0,0.0
2023-11-24 00:00:00-05:00,6.400000095367432,6.599999904632568,6.199999809265137,6.5,137120,0.0,0.0
2023-11-27 00:00:00-05:00,6.400000095367432,6.5,6.300000190734863,6.300000190734863,63220,0.0,0.0
2023-11-28 00:00:00-05:00,6.300000190734863,6.300000190734863,6.199999809265137,6.199999809265137,35330,0.0,0.0
2023-11-29 00:00:00-05:00,6.199999809265137,6.300000190734863,6.199999809265137,6.199999809265137,42530,0.0,0.0
2023-11-30 00:00:00-05:00,6.199999809265137,6.300000190734863,6.0,6.199999809265137,102650,0.0,0.0
2023-12-01 00:00:00-05:00,6.099999904632568,6.400000095367432,6.099999904632568,6.300000190734863,77420,0.0,0.0
2023-12-04 00:00:00-05:00,6.300000190734863,7.099999904632568,6.25,6.900000095367432,372680,0.0,0.0
2023-12-05 00:00:00-05:00,7.0,7.199999809265137,6.400000095367432,6.5,238010,0.0,0.0
2023-12-06 00:00:00-05:00,6.599999904632568,6.800000190734863,6.5,6.800000190734863,143350,0.0,0.0
2023-12-07 00:00:00-05:00,6.599999904632568,6.800000190734863,6.5,6.599999904632568,113640,0.0,0.0
2023-12-08 00:00:00-05:00,6.699999809265137,7.150000095367432,6.699999809265137,7.099999904632568,227640,0.0,0.0
2023-12-11 00:00:00-05:00,7.099999904632568,7.099999904632568,6.5,6.599999904632568,200820,0.0,0.0
2023-12-12 00:00:00-05:00,6.599999904632568,6.699999809265137,6.300000190734863,6.5,125770,0.0,0.0
2023-12-13 00:00:00-05:00,6.300000190734863,6.599999904632568,6.099999904632568,6.5,205150,0.0,0.0
2023-12-14 00:00:00-05:00,6.5,6.800000190734863,6.5,6.599999904632568,179090,0.0,0.0
2023-12-15 00:00:00-05:00,6.5,6.599999904632568,6.300000190734863,6.400000095367432,54290,0.0,0.0
2023-12-18 00:00:00-05:00,6.400000095367432,6.5,6.199999809265137,6.300000190734863,95890,0.0,0.0
2023-12-19 00:00:00-05:00,6.300000190734863,6.400000095367432,6.199999809265137,6.400000095367432,53570,0.0,0.0
2023-12-20 00:00:00-05:00,6.199999809265137,6.5,6.199999809265137,6.300000190734863,136910,0.0,0.0
2023-12-21 00:00:00-05:00,6.400000095367432,6.400000095367432,6.099999904632568,6.300000190734863,51770,0.0,0.0
2023-12-22 00:00:00-05:00,6.300000190734863,6.599999904632568,6.199999809265137,6.400000095367432,216660,0.0,0.0
2023-12-27 00:00:00-05:00,6.5,6.699999809265137,6.400000095367432,6.400000095367432,173570,0.0,0.0
2023-12-28 00:00:00-05:00,6.599999904632568,6.800000190734863,6.5,6.5,209300,0.0,0.0
2023-12-29 00:00:00-05:00,6.599999904632568,6.699999809265137,6.300000190734863,6.5,92650,0.0,0.0
2024-01-02 00:00:00-05:00,6.400000095367432,6.599999904632568,6.300000190734863,6.300000190734863,71490,0.0,0.0
2024-01-03 00:00:00-05:00,6.300000190734863,6.5,6.199999809265137,6.400000095367432,167570,0.0,0.0
2024-01-04 00:00:00-05:00,6.5,6.5,6.300000190734863,6.5,44680,0.0,0.0
2024-01-05 00:00:00-05:00,6.400000095367432,6.5,6.199999809265137,6.400000095367432,102120,0.0,0.0
2024-01-08 00:00:00-05:00,6.5,6.5,6.25,6.5,89990,0.0,0.0
2024-01-09 00:00:00-05:00,6.5,6.5,6.099999904632568,6.099999904632568,133840,0.0,0.0
2024-01-10 00:00:00-05:00,6.300000190734863,6.300000190734863,6.0,6.199999809265137,101930,0.0,0.0
2024-01-11 00:00:00-05:00,6.099999904632568,6.150000095367432,5.900000095367432,6.0,93310,0.0,0.0
2024-01-12 00:00:00-05:00,6.0,6.150000095367432,5.900000095367432,6.0,64780,0.0,0.0
2024-01-15 00:00:00-05:00,6.199999809265137,6.300000190734863,6.099999904632568,6.300000190734863,44650,0.0,0.0
2024-01-16 00:00:00-05:00,6.199999809265137,6.300000190734863,6.0,6.099999904632568,194480,0.0,0.0
2024-01-17 00:00:00-05:00,6.099999904632568,6.099999904632568,6.0,6.099999904632568,50760,0.0,0.0
2024-01-18 00:00:00-05:00,6.099999904632568,6.099999904632568,5.5,5.599999904632568,191900,0.0,0.0
2024-01-19 00:00:00-05:00,5.5,5.599999904632568,5.400000095367432,5.5,162530,0.0,0.0
2024-01-22 00:00:00-05:00,5.5,5.699999809265137,5.5,5.699999809265137,54320,0.0,0.0
2024-01-23 00:00:00-05:00,5.699999809265137,5.800000190734863,5.5,5.5,51860,0.0,0.0
2024-01-24 00:00:00-05:00,5.599999904632568,5.599999904632568,5.150000095367432,5.199999809265137,207250,0.0,0.0
2024-01-25 00:00:00-05:00,5.300000190734863,5.5,5.300000190734863,5.5,65300,0.0,0.0
2024-01-26 00:00:00-05:00,5.5,5.5,5.300000190734863,5.349999904632568,27770,0.0,0.0
2024-01-29 00:00:00-05:00,5.199999809265137,5.5,5.199999809265137,5.400000095367432,54580,0.0,0.0
2024-01-30 00:00:00-05:00,5.400000095367432,5.400000095367432,5.300000190734863,5.300000190734863,42860,0.0,0.0
2024-01-31 00:00:00-05:00,5.199999809265137,5.199999809265137,5.099999904632568,5.199999809265137,118180,0.0,0.0
2024-02-01 00:00:00-05:00,5.099999904632568,5.5,5.099999904632568,5.5,133080,0.0,0.0
2024-02-02 00:00:00-05:00,5.400000095367432,5.400000095367432,5.199999809265137,5.199999809265137,73810,0.0,0.0
2024-02-05 00:00:00-05:00,5.300000190734863,5.300000190734863,5.099999904632568,5.300000190734863,83060,0.0,0.0
2024-02-06 00:00:00-05:00,5.199999809265137,5.5,5.199999809265137,5.5,87010,0.0,0.0
2024-02-07 00:00:00-05:00,5.5,5.5,5.199999809265137,5.199999809265137,145110,0.0,0.0
2024-02-08 00:00:00-05:00,5.599999904632568,5.599999904632568,5.199999809265137,5.400000095367432,171770,0.0,0.0
2024-02-09 00:00:00-05:00,5.5,5.900000095367432,5.5,5.699999809265137,105730,0.0,0.0
2024-02-12 00:00:00-05:00,5.800000190734863,5.800000190734863,5.199999809265137,5.300000190734863,289850,0.0,0.0
2024-02-13 00:00:00-05:00,5.400000095367432,5.400000095367432,5.199999809265137,5.300000190734863,71010,0.0,0.0
2024-02-14 00:00:00-05:00,5.300000190734863,5.400000095367432,5.199999809265137,5.199999809265137,62910,0.0,0.0
2024-02-15 00:00:00-05:00,5.300000190734863,5.400000095367432,5.099999904632568,5.199999809265137,119260,0.0,0.0
2024-02-16 00:00:00-05:00,5.300000190734863,5.300000190734863,5.099999904632568,5.199999809265137,87610,0.0,0.0
2024-02-20 00:00:00-05:00,4.889999866485596,5.079999923706055,4.610000133514404,4.75,752400,0.0,0.1
2024-02-21 00:00:00-05:00,4.690000057220459,4.690000057220459,4.420000076293945,4.550000190734863,732600,0.0,0.0
2024-02-22 00:00:00-05:00,4.579999923706055,4.599999904632568,4.28000020980835,4.380000114440918,543000,0.0,0.0
2024-02-23 00:00:00-05:00,4.409999847412109,4.510000228881836,4.210000038146973,4.389999866485596,593000,0.0,0.0
2024-02-26 00:00:00-05:00,4.389999866485596,4.570000171661377,4.300000190734863,4.349999904632568,684800,0.0,0.0
2024-02-27 00:00:00-05:00,4.360000133514404,4.559999942779541,4.360000133514404,4.489999771118164,681300,0.0,0.0
2024-02-28 00:00:00-05:00,4.409999847412109,4.610000133514404,4.369999885559082,4.400000095367432,749900,0.0,0.0
2024-02-29 00:00:00-05:00,4.420000076293945,4.460000038146973,4.230000019073486,4.269999980926514,601000,0.0,0.0
2024-03-01 00:00:00-05:00,4.289999961853027,4.389999866485596,4.059999942779541,4.309999942779541,984900,0.0,0.0
2024-03-04 00:00:00-05:00,4.300000190734863,4.309999942779541,4.03000020980835,4.099999904632568,813800,0.0,0.0
2024-03-05 00:00:00-05:00,4.050000190734863,4.070000171661377,3.869999885559082,3.940000057220459,633800,0.0,0.0
2024-03-06 00:00:00-05:00,3.950000047683716,4.150000095367432,3.9200000762939453,4.050000190734863,708900,0.0,0.0
2024-03-07 00:00:00-05:00,4.019999980926514,4.269999980926514,3.990000009536743,4.130000114440918,626500,0.0,0.0
2024-03-08 00:00:00-05:00,4.199999809265137,4.440000057220459,4.199999809265137,4.28000020980835,1079100,0.0,0.0
2024-03-11 00:00:00-04:00,4.300000190734863,4.389999866485596,4.050000190734863,4.079999923706055,831900,0.0,0.0
2024-03-12 00:00:00-04:00,4.079999923706055,4.079999923706055,3.9100000858306885,3.950000047683716,770900,0.0,0.0
2024-03-13 00:00:00-04:00,3.950000047683716,4.099999904632568,3.930000066757202,3.9800000190734863,682100,0.0,0.0
2024-03-14 00:00:00-04:00,4.0,4.0,3.8399999141693115,3.9100000858306885,680900,0.0,0.0
2024-03-15 00:00:00-04:00,3.950000047683716,4.340000152587891,3.9100000858306885,4.340000152587891,1301500,0.0,0.0
2024-03-18 00:00:00-04:00,4.480000019073486,5.340000152587891,4.480000019073486,5.0,1873500,0.0,0.0
2024-03-19 00:00:00-04:00,4.900000095367432,5.130000114440918,4.510000228881836,4.940000057220459,1928500,0.0,0.0
2024-03-20 00:00:00-04:00,5.139999866485596,5.309999942779541,4.809999942779541,5.159999847412109,1760900,0.0,0.0
2024-03-21 00:00:00-04:00,5.230000019073486,5.28000020980835,4.929999828338623,5.190000057220459,1085200,0.0,0.0
2024-03-22 00:00:00-04:00,5.210000038146973,6.699999809265137,5.179999828338623,6.599999904632568,3821000,0.0,0.0
2024-03-25 00:00:00-04:00,6.449999809265137,6.5,5.510000228881836,5.599999904632568,2472200,0.0,0.0
2024-03-26 00:00:00-04:00,5.360000133514404,6.670000076293945,5.349999904632568,5.699999809265137,2619000,0.0,0.0
2024-03-27 00:00:00-04:00,5.849999904632568,6.440000057220459,5.449999809265137,6.440000057220459,3020200,0.0,0.0
2024-03-28 00:00:00-04:00,6.289999961853027,6.739999771118164,5.829999923706055,5.929999828338623,3143800,0.0,0.0
2024-04-01 00:00:00-04:00,5.809999942779541,5.960000038146973,5.639999866485596,5.809999942779541,989000,0.0,0.0
2024-04-02 00:00:00-04:00,5.789999961853027,7.420000076293945,5.789999961853027,6.78000020980835,3020600,0.0,0.0
2024-04-03 00:00:00-04:00,6.840000152587891,9.9399995803833,6.710000038146973,9.75,6091600,0.0,0.0
2024-04-04 00:00:00-04:00,9.850000381469727,11.970000267028809,8.729999542236328,9.600000381469727,7946100,0.0,0.0
2024-04-05 00:00:00-04:00,9.270000457763672,10.369999885559082,8.229999542236328,9.020000457763672,5964700,0.0,0.0
2024-04-08 00:00:00-04:00,8.920000076293945,10.100000381469727,8.779999732971191,9.449999809265137,5560000,0.0,0.0
2024-04-09 00:00:00-04:00,8.989999771118164,9.350000381469727,8.199999809265137,8.609999656677246,3054200,0.0,0.0
2024-04-10 00:00:00-04:00,8.1899995803833,10.149999618530273,8.130000114440918,9.220000267028809,4526900,0.0,0.0
2024-04-11 00:00:00-04:00,9.729999542236328,10.140000343322754,8.609999656677246,9.399999618530273,4120000,0.0,0.0
2024-04-12 00:00:00-04:00,9.25,10.119999885559082,8.899999618530273,9.079999923706055,4499400,0.0,0.0
2024-04-15 00:00:00-04:00,9.180000305175781,9.369999885559082,8.529999732971191,8.630000114440918,2175200,0.0,0.0
2024-04-16 00:00:00-04:00,8.460000038146973,8.529999732971191,7.809999942779541,8.170000076293945,2529800,0.0,0.0
2024-04-17 00:00:00-04:00,8.100000381469727,8.489999771118164,7.510000228881836,8.039999961853027,2115500,0.0,0.0
2024-04-18 00:00:00-04:00,7.869999885559082,9.1899995803833,7.809999942779541,9.010000228881836,2943300,0.0,0.0
2024-04-19 00:00:00-04:00,8.850000381469727,9.3100004196167,8.739999771118164,8.869999885559082,2584100,0.0,0.0
2024-04-22 00:00:00-04:00,9.100000381469727,9.220000267028809,8.460000038146973,8.5600004196167,1197800,0.0,0.0
2024-04-23 00:00:00-04:00,8.489999771118164,10.289999961853027,8.470000267028809,10.09000015258789,2907800,0.0,0.0
2024-04-24 00:00:00-04:00,10.020000457763672,10.25,9.65999984741211,9.789999961853027,2378400,0.0,0.0
2024-04-25 00:00:00-04:00,9.630000114440918,9.760000228881836,9.149999618530273,9.15999984741211,1804500,0.0,0.0
2024-04-26 00:00:00-04:00,9.390000343322754,10.359999656677246,9.130000114440918,9.1899995803833,4274900,0.0,0.0
2024-04-29 00:00:00-04:00,9.270000457763672,9.630000114440918,8.510000228881836,8.649999618530273,2682700,0.0,0.0
2024-04-30 00:00:00-04:00,8.65999984741211,12.850000381469727,8.479999542236328,12.649999618530273,7323200,0.0,0.0
2024-05-01 00:00:00-04:00,11.739999771118164,11.930000305175781,9.819999694824219,10.130000114440918,4227300,0.0,0.0
2024-05-02 00:00:00-04:00,10.1899995803833,10.850000381469727,9.449999809265137,9.5600004196167,3570600,0.0,0.0
2024-05-03 00:00:00-04:00,9.649999618530273,9.979999542236328,9.079999923706055,9.199999809265137,2661700,0.0,0.0
2024-05-06 00:00:00-04:00,9.380000114440918,9.630000114440918,8.979999542236328,9.100000381469727,2353100,0.0,0.0
2024-05-07 00:00:00-04:00,9.050000190734863,9.529999732971191,9.010000228881836,9.149999618530273,1776100,0.0,0.0
2024-05-08 00:00:00-04:00,9.140000343322754,9.1899995803833,8.710000038146973,8.859999656677246,1287200,0.0,0.0
2024-05-09 00:00:00-04:00,8.850000381469727,9.510000228881836,8.619999885559082,9.390000343322754,2064400,0.0,0.0
2024-05-10 00:00:00-04:00,9.289999961853027,9.4399995803833,8.649999618530273,8.890000343322754,1014300,0.0,0.0
2024-05-13 00:00:00-04:00,8.899999618530273,9.5,8.850000381469727,9.100000381469727,1115800,0.0,0.0
2024-05-14 00:00:00-04:00,9.380000114440918,10.180000305175781,9.34000015258789,9.5600004196167,1798500,0.0,0.0
2024-05-15 00:00:00-04:00,9.6899995803833,9.84000015258789,9.3100004196167,9.710000038146973,923700,0.0,0.0
2024-05-16 00:00:00-04:00,9.739999771118164,11.09000015258789,9.539999961853027,10.34000015258789,3892800,0.0,0.0
2024-05-17 00:00:00-04:00,10.430000305175781,10.430000305175781,9.779999732971191,10.050000190734863,1525600,0.0,0.0
2024-05-21 00:00:00-04:00,10.119999885559082,10.329999923706055,9.720000267028809,9.720000267028809,1163600,0.0,0.0
2024-05-22 00:00:00-04:00,9.75,9.84000015258789,9.329999923706055,9.380000114440918,890900,0.0,0.0
2024-05-23 00:00:00-04:00,9.40999984741211,9.40999984741211,8.699999809265137,8.84000015258789,1374200,0.0,0.0
2024-05-24 00:00:00-04:00,8.859999656677246,9.25,8.779999732971191,9.079999923706055,1328600,0.0,0.0
2024-05-27 00:00:00-04:00,9.020000457763672,9.170000076293945,8.960000038146973,9.109999656677246,151600,0.0,0.0
2024-05-28 00:00:00-04:00,9.039999961853027,9.119999885559082,8.395000457763672,8.600000381469727,1168400,0.0,0.0
2024-05-29 00:00:00-04:00,8.600000381469727,8.670000076293945,8.3100004196167,8.5,974800,0.0,0.0
2024-05-30 00:00:00-04:00,8.649999618530273,9.119999885559082,8.390000343322754,8.460000038146973,905000,0.0,0.0
2024-05-31 00:00:00-04:00,8.550000190734863,8.569999694824219,8.220000267028809,8.420000076293945,542300,0.0,0.0
2024-06-03 00:00:00-04:00,8.539999961853027,8.569999694824219,8.100000381469727,8.199999809265137,414400,0.0,0.0
2024-06-04 00:00:00-04:00,8.15999984741211,8.25,7.96999979019165,8.050000190734863,476500,0.0,0.0
2024-06-05 00:00:00-04:00,8.109999656677246,8.40999984741211,8.0600004196167,8.350000381469727,413000,0.0,0.0
2024-06-06 00:00:00-04:00,8.239999771118164,8.3100004196167,8.029999732971191,8.1899995803833,644200,0.0,0.0
2024-06-07 00:00:00-04:00,8.130000114440918,8.289999961853027,7.829999923706055,7.840000152587891,779000,0.0,0.0
2024-06-10 00:00:00-04:00,7.789999961853027,8.130000114440918,7.650000095367432,8.119999885559082,657900,0.0,0.0
2024-06-11 00:00:00-04:00,8.029999732971191,8.100000381469727,7.889999866485596,8.100000381469727,512900,0.0,0.0
2024-06-12 00:00:00-04:00,8.140000343322754,8.4399995803833,8.119999885559082,8.279999732971191,957800,0.0,0.0
2024-06-13 00:00:00-04:00,8.329999923706055,8.34000015258789,8.0600004196167,8.140000343322754,549700,0.0,0.0
2024-06-14 00:00:00-04:00,8.039999961853027,8.079999923706055,7.840000152587891,7.869999885559082,518200,0.0,0.0
2024-06-17 00:00:00-04:00,7.769999980926514,7.980000019073486,7.730000019073486,7.920000076293945,637000,0.0,0.0
2024-06-18 00:00:00-04:00,7.829999923706055,7.940000057220459,7.75,7.789999961853027,469900,0.0,0.0
2024-06-19 00:00:00-04:00,7.769999980926514,7.78000020980835,7.670000076293945,7.730000019073486,127600,0.0,0.0
2024-06-20 00:00:00-04:00,7.949999809265137,7.949999809265137,7.159999847412109,7.539999961853027,1061500,0.0,0.0
2024-06-21 00:00:00-04:00,7.429999828338623,7.5,6.96999979019165,7.03000020980835,795000,0.0,0.0
2024-06-24 00:00:00-04:00,6.909999847412109,7.179999828338623,6.829999923706055,6.96999979019165,752300,0.0,0.0
2024-06-25 00:00:00-04:00,6.989999771118164,6.989999771118164,6.409999847412109,6.460000038146973,712500,0.0,0.0
2024-06-26 00:00:00-04:00,6.5,6.690000057220459,6.429999828338623,6.510000228881836,552400,0.0,0.0
2024-06-27 00:00:00-04:00,6.420000076293945,6.684999942779541,6.329999923706055,6.5,640800,0.0,0.0
2024-06-28 00:00:00-04:00,6.5,6.510000228881836,6.25,6.320000171661377,374600,0.0,0.0
2024-07-02 00:00:00-04:00,6.329999923706055,6.340000152587891,6.114999771118164,6.179999828338623,391500,0.0,0.0
2024-07-03 00:00:00-04:00,6.190000057220459,6.800000190734863,6.139999866485596,6.71999979019165,704300,0.0,0.0
2024-07-04 00:00:00-04:00,6.650000095367432,6.760000228881836,6.579999923706055,6.690000057220459,199200,0.0,0.0
2024-07-05 00:00:00-04:00,6.659999847412109,6.670000076293945,6.539999961853027,6.570000171661377,357000,0.0,0.0
2024-07-08 00:00:00-04:00,6.610000133514404,6.840000152587891,6.489999771118164,6.739999771118164,385700,0.0,0.0
2024-07-09 00:00:00-04:00,6.710000038146973,7.329999923706055,6.699999809265137,7.289999961853027,663200,0.0,0.0
2024-07-10 00:00:00-04:00,7.340000152587891,7.889999866485596,7.239999771118164,7.71999979019165,813400,0.0,0.0
2024-07-11 00:00:00-04:00,7.690000057220459,8.399999618530273,7.690000057220459,8.319999694824219,1129600,0.0,0.0
2024-07-12 00:00:00-04:00,8.359999656677246,8.479999542236328,8.09000015258789,8.1899995803833,955800,0.0,0.0
2024-07-15 00:00:00-04:00,8.0600004196167,8.65999984741211,7.78000020980835,8.319999694824219,1394400,0.0,0.0
2024-07-16 00:00:00-04:00,8.399999618530273,8.539999961853027,8.199999809265137,8.460000038146973,1137800,0.0,0.0
2024-07-17 00:00:00-04:00,8.329999923706055,8.9399995803833,8.050000190734863,8.15999984741211,1702400,0.0,0.0
2024-07-18 00:00:00-04:00,8.239999771118164,8.489999771118164,7.800000190734863,7.849999904632568,1481500,0.0,0.0
2024-07-19 00:00:00-04:00,7.960000038146973,7.989999771118164,7.699999809265137,7.880000114440918,568400,0.0,0.0
2024-07-22 00:00:00-04:00,8.100000381469727,8.600000381469727,7.929999828338623,8.579999923706055,2197700,0.0,0.0
2024-07-23 00:00:00-04:00,8.449999809265137,8.670000076293945,8.359999656677246,8.430000305175781,1459400,0.0,0.0
2024-07-24 00:00:00-04:00,8.359999656677246,8.399999618530273,7.849999904632568,7.949999809265137,679300,0.0,0.0
2024-07-25 00:00:00-04:00,8.0600004196167,8.270000457763672,7.949999809265137,8.029999732971191,476700,0.0,0.0
2024-07-26 00:00:00-04:00,8.039999961853027,8.25,8.020000457763672,8.170000076293945,384300,0.0,0.0
2024-07-29 00:00:00-04:00,8.180000305175781,8.649999618530273,8.149999618530273,8.289999961853027,734000,0.0,0.0
2024-07-30 00:00:00-04:00,8.4399995803833,8.625,7.980000019073486,8.119999885559082,1197700,0.0,0.0
2024-07-31 00:00:00-04:00,8.149999618530273,8.680000305175781,8.020000457763672,8.460000038146973,1638600,0.0,0.0
2024-08-01 00:00:00-04:00,8.529999732971191,8.670000076293945,8.289999961853027,8.380000114440918,1603600,0.0,0.0
2024-08-02 00:00:00-04:00,8.109999656677246,8.270000457763672,8.010000228881836,8.220000267028809,464800,0.0,0.0
2024-08-06 00:00:00-04:00,8.0600004196167,8.229999542236328,7.849999904632568,8.109999656677246,563100,0.0,0.0
2024-08-07 00:00:00-04:00,8.5600004196167,9.350000381469727,8.1899995803833,8.59000015258789,1762800,0.0,0.0
2024-08-08 00:00:00-04:00,8.859999656677246,9.760000228881836,8.609999656677246,9.65999984741211,1326000,0.0,0.0
2024-08-09 00:00:00-04:00,9.5,9.5,8.680000305175781,8.859999656677246,1159600,0.0,0.0
2024-08-12 00:00:00-04:00,8.960000038146973,9.199999809265137,8.710000038146973,8.880000114440918,1054400,0.0,0.0
2024-08-13 00:00:00-04:00,8.869999885559082,9.279999732971191,8.8100004196167,9.180000305175781,1229300,0.0,0.0
2024-08-14 00:00:00-04:00,9.1899995803833,9.579999923706055,9.079999923706055,9.449999809265137,2001600,0.0,0.0
2024-08-15 00:00:00-04:00,9.550000190734863,9.869999885559082,9.4399995803833,9.5600004196167,926900,0.0,0.0
2024-08-16 00:00:00-04:00,9.550000190734863,9.649999618530273,9.279999732971191,9.550000190734863,837100,0.0,0.0
2024-08-19 00:00:00-04:00,9.520000457763672,9.640000343322754,9.170000076293945,9.260000228881836,490700,0.0,0.0
2024-08-20 00:00:00-04:00,9.270000457763672,9.289999961853027,8.619999885559082,8.630000114440918,517000,0.0,0.0
2024-08-21 00:00:00-04:00,8.670000076293945,8.8100004196167,8.59000015258789,8.680000305175781,492800,0.0,0.0
2024-08-22 00:00:00-04:00,8.800000190734863,8.800000190734863,8.279999732971191,8.369999885559082,762200,0.0,0.0
2024-08-23 00:00:00-04:00,8.449999809265137,8.914999961853027,8.4399995803833,8.8100004196167,1105100,0.0,0.0
2024-08-26 00:00:00-04:00,8.789999961853027,8.899999618530273,8.630000114440918,8.720000267028809,288000,0.0,0.0
2024-08-27 00:00:00-04:00,8.489999771118164,8.489999771118164,7.989999771118164,8.3100004196167,459800,0.0,0.0
2024-08-28 00:00:00-04:00,8.25,8.3100004196167,7.940000057220459,8.0,299300,0.0,0.0
2024-08-29 00:00:00-04:00,8.029999732971191,8.279999732971191,7.980000019073486,8.119999885559082,417900,0.0,0.0
2024-08-30 00:00:00-04:00,8.109999656677246,8.239999771118164,8.020000457763672,8.170000076293945,312800,0.0,0.0
2024-09-03 00:00:00-04:00,8.25,8.520000457763672,7.860000133514404,7.900000095367432,584800,0.0,0.0
2024-09-04 00:00:00-04:00,7.800000190734863,8.010000228881836,7.630000114440918,7.659999847412109,446300,0.0,0.0
2024-09-05 00:00:00-04:00,7.730000019073486,7.84499979019165,7.539999961853027,7.610000133514404,552600,0.0,0.0
2024-09-06 00:00:00-04:00,7.559999942779541,7.639999866485596,7.170000076293945,7.329999923706055,390100,0.0,0.0
2024-09-09 00:00:00-04:00,7.519999980926514,7.949999809265137,7.519999980926514,7.849999904632568,443100,0.0,0.0
2024-09-10 00:00:00-04:00,7.809999942779541,7.820000171661377,7.550000190734863,7.670000076293945,265400,0.0,0.0
2024-09-11 00:00:00-04:00,7.71999979019165,7.769999980926514,7.460000038146973,7.630000114440918,320300,0.0,0.0
2024-09-12 00:00:00-04:00,7.630000114440918,7.71999979019165,7.570000171661377,7.650000095367432,355200,0.0,0.0
2024-09-13 00:00:00-04:00,7.650000095367432,7.889999866485596,7.630000114440918,7.869999885559082,421900,0.0,0.0
2024-09-16 00:00:00-04:00,7.860000133514404,8.100000381469727,7.769999980926514,8.0,439900,0.0,0.0
2024-09-17 00:00:00-04:00,8.149999618530273,8.329999923706055,8.050000190734863,8.109999656677246,690400,0.0,0.0
2024-09-18 00:00:00-04:00,8.069999694824219,8.239999771118164,7.849999904632568,7.960000038146973,703300,0.0,0.0
2024-09-19 00:00:00-04:00,8.130000114440918,8.220000267028809,7.730000019073486,7.800000190734863,569600,0.0,0.0
2024-09-20 00:00:00-04:00,7.849999904632568,7.869999885559082,7.639999866485596,7.769999980926514,398200,0.0,0.0
2024-09-23 00:00:00-04:00,7.710000038146973,7.760000228881836,7.53000020980835,7.590000152587891,288300,0.0,0.0
2024-09-24 00:00:00-04:00,7.610000133514404,7.949999809265137,7.590000152587891,7.71999979019165,349100,0.0,0.0
2024-09-25 00:00:00-04:00,7.730000019073486,7.730000019073486,7.510000228881836,7.53000020980835,189700,0.0,0.0
2024-09-26 00:00:00-04:00,7.570000171661377,7.880000114440918,7.570000171661377,7.769999980926514,280600,0.0,0.0
2024-09-27 00:00:00-04:00,7.849999904632568,8.029999732971191,7.820000171661377,7.900000095367432,445500,0.0,0.0
2024-09-30 00:00:00-04:00,7.860000133514404,8.420000076293945,7.800000190734863,7.960000038146973,430600,0.0,0.0
2024-10-01 00:00:00-04:00,7.929999828338623,7.929999828338623,7.269999980926514,7.28000020980835,666200,0.0,0.0
2024-10-02 00:00:00-04:00,7.289999961853027,7.289999961853027,7.039999961853027,7.25,352200,0.0,0.0
2024-10-03 00:00:00-04:00,7.210000038146973,7.510000228881836,7.210000038146973,7.440000057220459,279800,0.0,0.0
2024-10-04 00:00:00-04:00,7.519999980926514,7.659999847412109,7.400000095367432,7.46999979019165,509400,0.0,0.0
2024-10-07 00:00:00-04:00,7.460000038146973,7.590000152587891,7.269999980926514,7.329999923706055,327500,0.0,0.0
2024-10-08 00:00:00-04:00,7.329999923706055,7.449999809265137,7.244999885559082,7.389999866485596,392800,0.0,0.0
2024-10-09 00:00:00-04:00,7.360000133514404,7.400000095367432,7.25,7.300000190734863,361800,0.0,0.0
2024-10-10 00:00:00-04:00,7.289999961853027,7.329999923706055,7.070000171661377,7.320000171661377,349700,0.0,0.0
2024-10-11 00:00:00-04:00,7.300000190734863,7.639999866485596,7.260000228881836,7.539999961853027,350400,0.0,0.0
2024-10-15 00:00:00-04:00,7.639999866485596,7.710000038146973,7.539999961853027,7.590000152587891,175100,0.0,0.0
2024-10-16 00:00:00-04:00,7.550000190734863,7.679999828338623,7.550000190734863,7.639999866485596,131700,0.0,0.0
2024-10-17 00:00:00-04:00,7.659999847412109,7.659999847412109,7.539999961853027,7.599999904632568,199300,0.0,0.0
2024-10-18 00:00:00-04:00,7.699999809265137,7.809999942779541,7.639999866485596,7.75,590800,0.0,0.0
2024-10-21 00:00:00-04:00,7.739999771118164,7.739999771118164,7.539999961853027,7.639999866485596,194500,0.0,0.0
2024-10-22 00:00:00-04:00,7.559999942779541,8.619999885559082,7.559999942779541,8.430000305175781,1031000,0.0,0.0
2024-10-23 00:00:00-04:00,8.319999694824219,8.720000267028809,8.020000457763672,8.15999984741211,823400,0.0,0.0
2024-10-24 00:00:00-04:00,8.229999542236328,8.460000038146973,7.829999923706055,7.840000152587891,512200,0.0,0.0
2024-10-25 00:00:00-04:00,7.940000057220459,8.539999961853027,7.849999904632568,8.239999771118164,597900,0.0,0.0
2024-10-28 00:00:00-04:00,8.270000457763672,8.449999809265137,8.140000343322754,8.270000457763672,489600,0.0,0.0
2024-10-29 00:00:00-04:00,8.15999984741211,8.739999771118164,8.100000381469727,8.220000267028809,667500,0.0,0.0
2024-10-30 00:00:00-04:00,8.15999984741211,8.3100004196167,7.869999885559082,7.880000114440918,738500,0.0,0.0
2024-10-31 00:00:00-04:00,7.869999885559082,7.880000114440918,7.539999961853027,7.539999961853027,427400,0.0,0.0
2024-11-01 00:00:00-04:00,7.650000095367432,7.889999866485596,7.590000152587891,7.75,274200,0.0,0.0
2024-11-04 00:00:00-05:00,7.920000076293945,8.4399995803833,7.860000133514404,8.34000015258789,869300,0.0,0.0
2024-11-05 00:00:00-05:00,8.34000015258789,8.510000228881836,8.0600004196167,8.460000038146973,566700,0.0,0.0
2024-11-06 00:00:00-05:00,7.800000190734863,7.949999809265137,6.539999961853027,7.110000133514404,2148100,0.0,0.0
2024-11-07 00:00:00-05:00,7.059999942779541,7.269999980926514,7.010000228881836,7.039999961853027,1139900,0.0,0.0
2024-11-08 00:00:00-05:00,7.050000190734863,7.059999942779541,6.559999942779541,6.679999828338623,1000700,0.0,0.0
2024-11-11 00:00:00-05:00,6.699999809265137,6.78000020980835,6.460000038146973,6.650000095367432,468100,0.0,0.0
2024-11-12 00:00:00-05:00,6.590000152587891,6.980000019073486,6.449999809265137,6.590000152587891,828300,0.0,0.0
2024-11-13 00:00:00-05:00,6.599999904632568,6.650000095367432,6.150000095367432,6.360000133514404,822000,0.0,0.0
2024-11-14 00:00:00-05:00,6.25,6.340000152587891,6.099999904632568,6.099999904632568,425400,0.0,0.0
2024-11-15 00:00:00-05:00,6.110000133514404,6.139999866485596,5.864999771118164,5.940000057220459,534000,0.0,0.0
2024-11-18 00:00:00-05:00,5.900000095367432,6.03000020980835,5.860000133514404,5.920000076293945,343400,0.0,0.0
2024-11-19 00:00:00-05:00,5.949999809265137,5.949999809265137,5.824999809265137,5.829999923706055,226200,0.0,0.0
2024-11-20 00:00:00-05:00,5.900000095367432,5.980000019073486,5.769999980926514,5.949999809265137,278300,0.0,0.0
2024-11-21 00:00:00-05:00,5.929999828338623,6.139999866485596,5.849999904632568,6.019999980926514,382800,0.0,0.0
2024-11-22 00:00:00-05:00,6.03000020980835,6.21999979019165,5.989999771118164,6.050000190734863,318500,0.0,0.0
2024-11-25 00:00:00-05:00,6.130000114440918,6.539999961853027,6.110000133514404,6.369999885559082,385100,0.0,0.0
2024-11-26 00:00:00-05:00,6.449999809265137,6.460000038146973,6.179999828338623,6.239999771118164,285000,0.0,0.0
2024-11-27 00:00:00-05:00,6.25,6.440000057220459,6.25,6.349999904632568,232300,0.0,0.0
2024-11-28 00:00:00-05:00,6.340000152587891,6.5,6.340000152587891,6.480000019073486,65500,0.0,0.0
2024-11-29 00:00:00-05:00,6.449999809265137,6.460000038146973,6.329999923706055,6.389999866485596,181400,0.0,0.0
2024-12-02 00:00:00-05:00,6.420000076293945,6.519999980926514,6.34499979019165,6.5,233100,0.0,0.0
2024-12-03 00:00:00-05:00,6.5,6.519999980926514,6.179999828338623,6.199999809265137,357300,0.0,0.0
2024-12-04 00:00:00-05:00,6.170000076293945,6.190000057220459,6.039999961853027,6.130000114440918,246800,0.0,0.0
2024-12-05 00:00:00-05:00,6.119999885559082,6.28000020980835,6.099999904632568,6.099999904632568,461100,0.0,0.0
2024-12-06 00:00:00-05:00,6.239999771118164,6.369999885559082,6.159999847412109,6.360000133514404,415500,0.0,0.0
2024-12-09 00:00:00-05:00,6.380000114440918,6.690000057220459,6.349999904632568,6.380000114440918,524400,0.0,0.0
2024-12-10 00:00:00-05:00,6.400000095367432,6.400000095367432,6.179999828338623,6.179999828338623,256400,0.0,0.0
2024-12-11 00:00:00-05:00,6.28000020980835,6.28000020980835,6.019999980926514,6.170000076293945,416300,0.0,0.0
2024-12-12 00:00:00-05:00,6.079999923706055,6.21999979019165,6.03000020980835,6.050000190734863,270500,0.0,0.0
2024-12-13 00:00:00-05:00,6.099999904632568,6.179999828338623,5.949999809265137,6.150000095367432,314900,0.0,0.0
2024-12-16 00:00:00-05:00,6.079999923706055,6.25,6.039999961853027,6.090000152587891,294000,0.0,0.0
2024-12-17 00:00:00-05:00,6.090000152587891,6.429999828338623,6.090000152587891,6.420000076293945,413000,0.0,0.0
2024-12-18 00:00:00-05:00,6.349999904632568,6.480000019073486,6.079999923706055,6.110000133514404,290600,0.0,0.0
2024-12-19 00:00:00-05:00,6.119999885559082,6.25,5.880000114440918,5.880000114440918,394800,0.0,0.0
2024-12-20 00:00:00-05:00,5.869999885559082,6.21999979019165,5.760000228881836,6.150000095367432,463000,0.0,0.0
2024-12-23 00:00:00-05:00,6.25,6.360000133514404,6.03000020980835,6.159999847412109,362000,0.0,0.0
2024-12-24 00:00:00-05:00,6.139999866485596,6.260000228881836,6.105000019073486,6.139999866485596,239500,0.0,0.0
2024-12-27 00:00:00-05:00,6.159999847412109,6.340000152587891,6.059999942779541,6.210000038146973,350700,0.0,0.0
2024-12-30 00:00:00-05:00,6.099999904632568,6.130000114440918,5.929999828338623,6.03000020980835,355500,0.0,0.0
2024-12-31 00:00:00-05:00,6.070000171661377,6.150000095367432,5.860000133514404,6.110000133514404,544900,0.0,0.0
2025-01-02 00:00:00-05:00,6.190000057220459,6.769999980926514,6.190000057220459,6.5,803700,0.0,0.0
2025-01-03 00:00:00-05:00,6.559999942779541,6.809999942779541,6.460000038146973,6.800000190734863,470100,0.0,0.0
2025-01-06 00:00:00-05:00,6.739999771118164,6.929999828338623,6.650000095367432,6.659999847412109,423400,0.0,0.0
2025-01-07 00:00:00-05:00,6.679999828338623,6.860000133514404,6.630000114440918,6.679999828338623,301200,0.0,0.0
2025-01-08 00:00:00-05:00,6.630000114440918,6.630000114440918,6.239999771118164,6.389999866485596,277700,0.0,0.0
2025-01-09 00:00:00-05:00,6.329999923706055,6.340000152587891,6.260000228881836,6.340000152587891,62600,0.0,0.0
2025-01-10 00:00:00-05:00,6.269999980926514,6.269999980926514,5.920000076293945,5.949999809265137,420900,0.0,0.0
2025-01-13 00:00:00-05:00,5.989999771118164,6.0,5.639999866485596,5.800000190734863,419600,0.0,0.0
2025-01-14 00:00:00-05:00,5.829999923706055,5.880000114440918,5.619999885559082,5.659999847412109,394900,0.0,0.0
2025-01-15 00:00:00-05:00,5.730000019073486,5.829999923706055,5.630000114440918,5.670000076293945,189900,0.0,0.0
2025-01-16 00:00:00-05:00,5.679999828338623,5.75,5.599999904632568,5.710000038146973,244500,0.0,0.0
2025-01-17 00:00:00-05:00,5.739999771118164,5.829999923706055,5.550000190734863,5.559999942779541,401500,0.0,0.0
2025-01-20 00:00:00-05:00,5.590000152587891,5.650000095367432,5.480000019073486,5.650000095367432,161300,0.0,0.0
2025-01-21 00:00:00-05:00,5.599999904632568,5.599999904632568,5.480000019073486,5.570000171661377,281200,0.0,0.0
2025-01-22 00:00:00-05:00,5.550000190734863,5.639999866485596,5.519999980926514,5.550000190734863,245300,0.0,0.0
2025-01-23 00:00:00-05:00,5.550000190734863,5.579999923706055,5.480000019073486,5.550000190734863,215600,0.0,0.0
2025-01-24 00:00:00-05:00,5.550000190734863,5.670000076293945,5.480000019073486,5.570000171661377,322000,0.0,0.0
2025-01-27 00:00:00-05:00,5.550000190734863,5.599999904632568,5.309999942779541,5.360000133514404,301700,0.0,0.0
2025-01-28 00:00:00-05:00,5.380000114440918,5.46999979019165,5.28000020980835,5.400000095367432,182400,0.0,0.0
2025-01-29 00:00:00-05:00,5.380000114440918,5.460000038146973,5.25,5.329999923706055,257800,0.0,0.0
2025-01-30 00:00:00-05:00,5.360000133514404,5.579999923706055,5.329999923706055,5.550000190734863,490300,0.0,0.0
2025-01-31 00:00:00-05:00,5.53000020980835,5.610000133514404,5.28000020980835,5.28000020980835,269800,0.0,0.0
2025-02-03 00:00:00-05:00,5.139999866485596,5.199999809265137,5.039999961853027,5.039999961853027,309700,0.0,0.0
2025-02-04 00:00:00-05:00,5.050000190734863,5.309999942779541,4.949999809265137,5.28000020980835,389200,0.0,0.0
2025-02-05 00:00:00-05:00,6.650000095367432,8.100000381469727,6.519999980926514,7.650000095367432,4222300,0.0,0.0
2025-02-06 00:00:00-05:00,7.710000038146973,9.510000228881836,7.559999942779541,8.960000038146973,3275200,0.0,0.0
2025-02-07 00:00:00-05:00,8.600000381469727,9.239999771118164,8.329999923706055,8.630000114440918,1571800,0.0,0.0
2025-02-10 00:00:00-05:00,8.649999618530273,9.899999618530273,8.399999618530273,9.5,1394000,0.0,0.0
2025-02-11 00:00:00-05:00,9.300000190734863,9.710000038146973,9.15999984741211,9.1899995803833,1091500,0.0,0.0
2025-02-12 00:00:00-05:00,9.029999732971191,9.34000015258789,8.880000114440918,9.0600004196167,528300,0.0,0.0
2025-02-13 00:00:00-05:00,9.109999656677246,9.729999542236328,9.109999656677246,9.399999618530273,901200,0.0,0.0
2025-02-14 00:00:00-05:00,9.520000457763672,9.569999694824219,8.760000228881836,8.9399995803833,758200,0.0,0.0
2025-02-18 00:00:00-05:00,8.989999771118164,9.100000381469727,8.449999809265137,8.579999923706055,590900,0.0,0.0
2025-02-19 00:00:00-05:00,8.449999809265137,8.649999618530273,8.140000343322754,8.25,600300,0.0,0.0
2025-02-20 00:00:00-05:00,8.229999542236328,8.359999656677246,8.0600004196167,8.300000190734863,331300,0.0,0.0
2025-02-21 00:00:00-05:00,8.5,8.890000343322754,8.229999542236328,8.34000015258789,841200,0.0,0.0
2025-02-24 00:00:00-05:00,8.369999885559082,8.369999885559082,7.860000133514404,8.029999732971191,462900,0.0,0.0
2025-02-25 00:00:00-05:00,7.949999809265137,8.0600004196167,7.550000190734863,7.659999847412109,415400,0.0,0.0
2025-02-26 00:00:00-05:00,7.849999904632568,7.989999771118164,7.480000019073486,7.940000057220459,568600,0.0,0.0
2025-02-27 00:00:00-05:00,8.0,8.0,7.400000095367432,7.440000057220459,570100,0.0,0.0
2025-02-28 00:00:00-05:00,7.349999904632568,7.5,7.170000076293945,7.369999885559082,353100,0.0,0.0
2025-03-03 00:00:00-05:00,7.400000095367432,7.599999904632568,6.980000019073486,7.03000020980835,242400,0.0,0.0
2025-03-04 00:00:00-05:00,6.840000152587891,7.070000171661377,6.730000019073486,6.929999828338623,325400,0.0,0.0
2025-03-05 00:00:00-05:00,6.929999828338623,7.349999904632568,6.739999771118164,7.179999828338623,498900,0.0,0.0
2025-03-06 00:00:00-05:00,7.0,7.159999847412109,6.929999828338623,6.960000038146973,343800,0.0,0.0
2025-03-07 00:00:00-05:00,6.909999847412109,7.019999980926514,6.71999979019165,6.860000133514404,291000,0.0,0.0
2025-03-10 00:00:00-04:00,6.71999979019165,6.730000019073486,6.300000190734863,6.400000095367432,352700,0.0,0.0
2025-03-11 00:00:00-04:00,6.449999809265137,6.449999809265137,6.230000019073486,6.260000228881836,312900,0.0,0.0
2025-03-12 00:00:00-04:00,6.389999866485596,6.659999847412109,6.239999771118164,6.369999885559082,407800,0.0,0.0
2025-03-13 00:00:00-04:00,6.360000133514404,6.414999961853027,6.170000076293945,6.199999809265137,322300,0.0,0.0
2025-03-14 00:00:00-04:00,6.329999923706055,6.400000095367432,6.230000019073486,6.340000152587891,292500,0.0,0.0
2025-03-17 00:00:00-04:00,6.099999904632568,6.519999980926514,6.099999904632568,6.25,977100,0.0,0.0
2025-03-18 00:00:00-04:00,6.320000171661377,6.409999847412109,6.150000095367432,6.179999828338623,453800,0.0,0.0
2025-03-19 00:00:00-04:00,6.199999809265137,6.340000152587891,6.159999847412109,6.260000228881836,330300,0.0,0.0
2025-03-20 00:00:00-04:00,6.230000019073486,7.199999809265137,6.230000019073486,6.53000020980835,1064600,0.0,0.0
2025-03-21 00:00:00-04:00,6.5,6.539999961853027,6.309999942779541,6.389999866485596,393400,0.0,0.0
2025-03-24 00:00:00-04:00,6.539999961853027,6.650000095367432,6.449999809265137,6.53000020980835,403900,0.0,0.0
2025-03-25 00:00:00-04:00,6.570000171661377,6.610000133514404,6.349999904632568,6.46999979019165,427900,0.0,0.0
2025-03-26 00:00:00-04:00,6.46999979019165,6.480000019073486,6.179999828338623,6.289999961853027,352500,0.0,0.0
2025-03-27 00:00:00-04:00,6.349999904632568,6.860000133514404,6.340000152587891,6.599999904632568,657200,0.0,0.0
2025-03-28 00:00:00-04:00,6.559999942779541,6.639999866485596,6.260000228881836,6.340000152587891,353800,0.0,0.0
2025-03-31 00:00:00-04:00,6.199999809265137,6.429999828338623,6.039999961853027,6.300000190734863,326700,0.0,0.0
2025-04-01 00:00:00-04:00,6.289999961853027,6.46999979019165,6.190000057220459,6.269999980926514,381300,0.0,0.0
2025-04-02 00:00:00-04:00,6.210000038146973,6.465000152587891,6.179999828338623,6.360000133514404,293900,0.0,0.0
2025-04-03 00:00:00-04:00,6.099999904632568,6.199999809265137,6.010000228881836,6.039999961853027,484700,0.0,0.0
2025-04-04 00:00:00-04:00,5.889999866485596,5.900000095367432,5.460000038146973,5.730000019073486,535600,0.0,0.0
2025-04-07 00:00:00-04:00,5.389999866485596,6.019999980926514,5.349999904632568,5.75,593300,0.0,0.0
2025-04-08 00:00:00-04:00,5.980000019073486,6.0,5.400000095367432,5.5,522100,0.0,0.0
2025-04-09 00:00:00-04:00,5.420000076293945,6.03000020980835,5.400000095367432,5.989999771118164,741000,0.0,0.0
2025-04-10 00:00:00-04:00,5.860000133514404,5.929999828338623,5.610000133514404,5.710000038146973,326400,0.0,0.0
2025-04-11 00:00:00-04:00,5.739999771118164,5.949999809265137,5.679999828338623,5.929999828338623,388100,0.0,0.0
2025-04-14 00:00:00-04:00,5.880000114440918,6.070000171661377,5.789999961853027,5.880000114440918,555700,0.0,0.0
2025-04-15 00:00:00-04:00,5.940000057220459,5.980000019073486,5.78000020980835,5.909999847412109,326600,0.0,0.0
2025-04-16 00:00:00-04:00,5.840000152587891,6.230000019073486,5.829999923706055,6.010000228881836,815700,0.0,0.0
2025-04-17 00:00:00-04:00,6.039999961853027,6.179999828338623,5.869999885559082,6.139999866485596,582200,0.0,0.0
2025-04-21 00:00:00-04:00,6.050000190734863,6.130000114440918,5.730000019073486,5.809999942779541,402300,0.0,0.0
2025-04-22 00:00:00-04:00,5.849999904632568,5.960000038146973,5.820000171661377,5.900000095367432,264300,0.0,0.0
2025-04-23 00:00:00-04:00,6.039999961853027,6.309999942779541,5.980000019073486,6.150000095367432,818200,0.0,0.0
2025-04-24 00:00:00-04:00,6.130000114440918,6.619999885559082,6.110000133514404,6.539999961853027,696800,0.0,0.0
2025-04-25 00:00:00-04:00,6.690000057220459,6.929999828338623,6.599999904632568,6.679999828338623,834800,0.0,0.0
2025-04-28 00:00:00-04:00,6.639999866485596,6.690000057220459,6.360000133514404,6.46999979019165,275100,0.0,0.0
2025-04-29 00:00:00-04:00,6.46999979019165,6.78000020980835,6.340000152587891,6.409999847412109,508000,0.0,0.0
2025-04-30 00:00:00-04:00,6.340000152587891,6.699999809265137,6.130000114440918,6.380000114440918,822000,0.0,0.0
2025-05-01 00:00:00-04:00,6.460000038146973,6.619999885559082,6.28000020980835,6.579999923706055,416600,0.0,0.0
2025-05-02 00:00:00-04:00,6.690000057220459,6.769999980926514,6.599999904632568,6.690000057220459,307500,0.0,0.0
2025-05-05 00:00:00-04:00,6.650000095367432,6.670000076293945,6.489999771118164,6.489999771118164,469700,0.0,0.0
2025-05-06 00:00:00-04:00,6.449999809265137,6.460000038146973,6.269999980926514,6.349999904632568,220200,0.0,0.0
2025-05-07 00:00:00-04:00,6.400000095367432,6.460000038146973,6.28000020980835,6.340000152587891,257200,0.0,0.0
2025-05-08 00:00:00-04:00,6.400000095367432,6.690000057220459,6.360000133514404,6.610000133514404,367600,0.0,0.0
2025-05-09 00:00:00-04:00,6.599999904632568,6.889999866485596,6.590000152587891,6.739999771118164,352000,0.0,0.0
2025-05-12 00:00:00-04:00,6.949999809265137,7.199999809265137,6.860000133514404,7.059999942779541,358000,0.0,0.0
2025-05-13 00:00:00-04:00,7.050000190734863,7.329999923706055,7.050000190734863,7.170000076293945,414000,0.0,0.0
2025-05-14 00:00:00-04:00,7.21999979019165,7.25,7.0,7.039999961853027,231700,0.0,0.0
2025-05-15 00:00:00-04:00,6.989999771118164,7.03000020980835,6.78000020980835,6.909999847412109,300000,0.0,0.0
2025-05-16 00:00:00-04:00,6.989999771118164,7.28000020980835,6.900000095367432,7.159999847412109,506400,0.0,0.0
2025-05-20 00:00:00-04:00,7.0,7.449999809265137,7.0,7.420000076293945,462400,0.0,0.0
2025-05-21 00:00:00-04:00,7.329999923706055,7.920000076293945,7.210000038146973,7.210000038146973,599500,0.0,0.0
2025-05-22 00:00:00-04:00,7.230000019073486,7.619999885559082,7.090000152587891,7.610000133514404,576600,0.0,0.0
2025-05-23 00:00:00-04:00,7.400000095367432,7.579999923706055,7.360000133514404,7.539999961853027,508600,0.0,0.0
2025-05-26 00:00:00-04:00,7.659999847412109,7.78000020980835,7.639999866485596,7.769999980926514,151200,0.0,0.0
2025-05-27 00:00:00-04:00,7.849999904632568,7.869999885559082,7.480000019073486,7.570000171661377,540300,0.0,0.0
2025-05-28 00:00:00-04:00,7.610000133514404,7.684999942779541,7.409999847412109,7.650000095367432,310400,0.0,0.0
2025-05-29 00:00:00-04:00,7.690000057220459,7.739999771118164,7.539999961853027,7.619999885559082,297700,0.0,0.0
2025-05-30 00:00:00-04:00,7.559999942779541,7.570000171661377,7.239999771118164,7.269999980926514,390200,0.0,0.0
2025-06-02 00:00:00-04:00,7.28000020980835,7.28000020980835,7.059999942779541,7.139999866485596,225400,0.0,0.0
2025-06-03 00:00:00-04:00,7.210000038146973,7.400000095367432,7.090000152587891,7.349999904632568,249700,0.0,0.0
2025-06-04 00:00:00-04:00,7.389999866485596,7.630000114440918,7.380000114440918,7.619999885559082,364200,0.0,0.0
2025-06-05 00:00:00-04:00,7.610000133514404,7.670000076293945,7.34499979019165,7.389999866485596,253400,0.0,0.0
2025-06-06 00:00:00-04:00,7.480000019073486,7.864999771118164,7.420000076293945,7.809999942779541,473000,0.0,0.0
2025-06-09 00:00:00-04:00,7.920000076293945,8.09000015258789,7.809999942779541,7.960000038146973,437700,0.0,0.0
2025-06-10 00:00:00-04:00,7.980000019073486,8.1899995803833,7.880000114440918,8.130000114440918,262500,0.0,0.0
2025-06-11 00:00:00-04:00,8.119999885559082,8.539999961853027,8.109999656677246,8.25,444700,0.0,0.0
2025-06-12 00:00:00-04:00,8.199999809265137,8.319999694824219,8.079999923706055,8.279999732971191,314100,0.0,0.0
2025-06-13 00:00:00-04:00,8.149999618530273,8.260000228881836,7.860000133514404,7.980000019073486,453100,0.0,0.0
2025-06-16 00:00:00-04:00,8.09000015258789,8.430000305175781,8.039999961853027,8.329999923706055,424900,0.0,0.0
2025-06-17 00:00:00-04:00,8.350000381469727,8.420000076293945,8.0,8.020000457763672,785200,0.0,0.0
2025-06-18 00:00:00-04:00,7.0,7.170000076293945,6.309999942779541,6.400000095367432,1868900,0.0,0.0
2025-06-19 00:00:00-04:00,6.420000076293945,6.429999828338623,6.059999942779541,6.119999885559082,955100,0.0,0.0
2025-06-20 00:00:00-04:00,6.210000038146973,6.239999771118164,5.570000171661377,5.590000152587891,1394500,0.0,0.0
2025-06-23 00:00:00-04:00,5.630000114440918,5.650000095367432,5.309999942779541,5.369999885559082,737700,0.0,0.0
2025-06-24 00:00:00-04:00,5.46999979019165,5.630000114440918,5.449999809265137,5.46999979019165,763800,0.0,0.0
2025-06-25 00:00:00-04:00,5.510000228881836,5.539999961853027,5.369999885559082,5.380000114440918,506800,0.0,0.0
2025-06-26 00:00:00-04:00,5.369999885559082,5.880000114440918,5.349999904632568,5.789999961853027,970900,0.0,0.0
2025-06-27 00:00:00-04:00,5.900000095367432,5.900000095367432,5.610000133514404,5.710000038146973,442600,0.0,0.0
2025-06-30 00:00:00-04:00,5.690000057220459,5.849999904632568,5.650000095367432,5.760000228881836,325100,0.0,0.0
2025-07-02 00:00:00-04:00,5.800000190734863,6.090000152587891,5.800000190734863,6.079999923706055,607300,0.0,0.0
2025-07-03 00:00:00-04:00,6.119999885559082,6.25,6.099999904632568,6.199999809265137,428800,0.0,0.0
2025-07-04 00:00:00-04:00,6.21999979019165,6.28000020980835,6.179999828338623,6.210000038146973,203500,0.0,0.0
2025-07-07 00:00:00-04:00,6.190000057220459,6.25,6.019999980926514,6.050000190734863,454100,0.0,0.0
2025-07-08 00:00:00-04:00,6.079999923706055,6.28000020980835,6.079999923706055,6.210000038146973,465700,0.0,0.0
2025-07-09 00:00:00-04:00,6.230000019073486,6.420000076293945,6.21999979019165,6.239999771118164,354800,0.0,0.0
2025-07-10 00:00:00-04:00,6.269999980926514,6.610000133514404,6.179999828338623,6.400000095367432,645900,0.0,0.0
2025-07-11 00:00:00-04:00,6.360000133514404,6.389999866485596,6.119999885559082,6.130000114440918,357000,0.0,0.0
2025-07-14 00:00:00-04:00,6.159999847412109,6.349999904632568,6.139999866485596,6.269999980926514,352200,0.0,0.0
2025-07-15 00:00:00-04:00,6.300000190734863,6.320000171661377,6.110000133514404,6.130000114440918,279500,0.0,0.0
2025-07-16 00:00:00-04:00,6.130000114440918,6.210000038146973,6.050000190734863,6.130000114440918,186600,0.0,0.0
2025-07-17 00:00:00-04:00,6.099999904632568,6.28000020980835,6.099999904632568,6.269999980926514,302600,0.0,0.0
2025-07-18 00:00:00-04:00,6.239999771118164,6.320000171661377,6.21999979019165,6.21999979019165,213400,0.0,0.0
2025-07-21 00:00:00-04:00,6.260000228881836,6.489999771118164,6.239999771118164,6.429999828338623,515100,0.0,0.0
2025-07-22 00:00:00-04:00,6.489999771118164,6.880000114440918,6.449999809265137,6.869999885559082,827900,0.0,0.0
2025-07-23 00:00:00-04:00,6.869999885559082,6.929999828338623,6.619999885559082,6.630000114440918,451100,0.0,0.0
2025-07-24 00:00:00-04:00,6.590000152587891,6.710000038146973,6.550000190734863,6.550000190734863,215700,0.0,0.0
2025-07-25 00:00:00-04:00,6.550000190734863,6.639999866485596,6.465000152587891,6.630000114440918,310000,0.0,0.0
2025-07-28 00:00:00-04:00,6.650000095367432,6.690000057220459,6.539999961853027,6.579999923706055,193300,0.0,0.0
2025-07-29 00:00:00-04:00,6.510000228881836,6.519999980926514,6.119999885559082,6.119999885559082,418300,0.0,0.0
2025-07-30 00:00:00-04:00,6.139999866485596,6.329999923706055,6.139999866485596,6.239999771118164,286000,0.0,0.0
2025-07-31 00:00:00-04:00,6.239999771118164,6.46999979019165,6.130000114440918,6.139999866485596,370300,0.0,0.0
2025-08-01 00:00:00-04:00,6.079999923706055,6.550000190734863,5.920000076293945,6.170000076293945,835300,0.0,0.0
2025-08-05 00:00:00-04:00,6.320000171661377,6.414999961853027,6.139999866485596,6.340000152587891,715500,0.0,0.0
2025-08-06 00:00:00-04:00,5.989999771118164,6.050000190734863,5.699999809265137,5.809999942779541,1217800,0.0,0.0
2025-08-07 00:00:00-04:00,5.880000114440918,5.949999809265137,5.699999809265137,5.78000020980835,663400,0.0,0.0
2025-08-08 00:00:00-04:00,5.809999942779541,6.289999961853027,5.800000190734863,6.170000076293945,1502600,0.0,0.0
2025-08-11 00:00:00-04:00,6.539999961853027,7.340000152587891,6.539999961853027,7.179999828338623,2993700,0.0,0.0
2025-08-12 00:00:00-04:00,7.369999885559082,7.570000171661377,6.960000038146973,7.25,2225800,0.0,0.0
2025-08-13 00:00:00-04:00,7.300000190734863,7.690000057220459,7.300000190734863,7.630000114440918,1349300,0.0,0.0
2025-08-14 00:00:00-04:00,7.320000171661377,7.619999885559082,7.28000020980835,7.429999828338623,1052100,0.0,0.0
2025-08-15 00:00:00-04:00,7.449999809265137,7.510000228881836,6.980000019073486,7.0,767600,0.0,0.0
2025-08-18 00:00:00-04:00,6.989999771118164,7.309999942779541,6.989999771118164,7.070000171661377,622500,0.0,0.0
2025-08-19 00:00:00-04:00,7.059999942779541,7.059999942779541,6.570000171661377,6.579999923706055,533900,0.0,0.0
2025-08-20 00:00:00-04:00,6.590000152587891,6.659999847412109,6.364999771118164,6.579999923706055,415500,0.0,0.0
2025-08-21 00:00:00-04:00,6.5,6.710000038146973,6.440000057220459,6.670000076293945,400400,0.0,0.0
2025-08-22 00:00:00-04:00,6.710000038146973,7.0,6.619999885559082,6.920000076293945,591000,0.0,0.0
2025-08-25 00:00:00-04:00,6.909999847412109,7.28000020980835,6.900000095367432,7.25,1010600,0.0,0.0
2025-08-26 00:00:00-04:00,7.360000133514404,7.380000114440918,7.159999847412109,7.320000171661377,762200,0.0,0.0
2025-08-27 00:00:00-04:00,7.349999904632568,7.429999828338623,7.159999847412109,7.380000114440918,561000,0.0,0.0
2025-08-28 00:00:00-04:00,7.440000057220459,7.920000076293945,7.324999809265137,7.75,1318800,0.0,0.0
2025-08-29 00:00:00-04:00,7.650000095367432,7.659999847412109,7.329999923706055,7.400000095367432,773500,0.0,0.0
2025-09-02 00:00:00-04:00,7.199999809265137,7.409999847412109,7.090000152587891,7.130000114440918,522000,0.0,0.0
2025-09-03 00:00:00-04:00,7.199999809265137,7.210000038146973,6.75,6.769999980926514,530700,0.0,0.0
2025-09-04 00:00:00-04:00,6.829999923706055,6.829999923706055,6.579999923706055,6.690000057220459,387700,0.0,0.0
2025-09-05 00:00:00-04:00,6.699999809265137,6.849999904632568,6.639999866485596,6.78000020980835,540600,0.0,0.0
2025-09-08 00:00:00-04:00,6.78000020980835,6.78000020980835,6.635000228881836,6.679999828338623,360300,0.0,0.0
2025-09-09 00:00:00-04:00,6.710000038146973,7.074999809265137,6.659999847412109,6.980000019073486,496100,0.0,0.0
2025-09-10 00:00:00-04:00,7.019999980926514,7.039999961853027,6.869999885559082,6.869999885559082,261800,0.0,0.0
2025-09-11 00:00:00-04:00,6.840000152587891,7.019999980926514,6.800000190734863,6.800000190734863,421700,0.0,0.0
2025-09-12 00:00:00-04:00,6.809999942779541,6.894999980926514,6.75,6.760000228881836,394800,0.0,0.0
2025-09-15 00:00:00-04:00,6.75,6.929999828338623,6.739999771118164,6.849999904632568,587800,0.0,0.0
2025-09-16 00:00:00-04:00,6.840000152587891,7.0,6.789999961853027,6.889999866485596,629200,0.0,0.0
2025-09-17 00:00:00-04:00,6.869999885559082,7.070000171661377,6.820000171661377,6.889999866485596,565800,0.0,0.0
2025-09-18 00:00:00-04:00,6.929999828338623,7.320000171661377,6.929999828338623,7.159999847412109,666100,0.0,0.0
2025-09-19 00:00:00-04:00,7.110000133514404,7.159999847412109,6.974999904632568,7.03000020980835,654400,0.0,0.0
2025-09-22 00:00:00-04:00,6.989999771118164,7.045000076293945,6.900000095367432,6.960000038146973,331700,0.0,0.0
2025-09-23 00:00:00-04:00,6.940000057220459,7.309999942779541,6.920000076293945,6.940000057220459,724000,0.0,0.0
2025-09-24 00:00:00-04:00,6.980000019073486,7.269999980926514,6.949999809265137,7.199999809265137,633900,0.0,0.0
2025-09-25 00:00:00-04:00,7.199999809265137,7.199999809265137,6.860000133514404,6.880000114440918,541100,0.0,0.0
2025-09-26 00:00:00-04:00,6.900000095367432,6.929999828338623,6.760000228881836,6.769999980926514,331800,0.0,0.0
2025-09-29 00:00:00-04:00,7.739999771118164,8.949999809265137,7.659999847412109,8.65999984741211,3537000,0.0,0.0
2025-09-30 00:00:00-04:00,8.529999732971191,8.539999961853027,7.900000095367432,8.3100004196167,1384200,0.0,0.0
2025-10-01 00:00:00-04:00,8.239999771118164,8.289999961853027,7.96999979019165,8.0,633100,0.0,0.0
2025-10-02 00:00:00-04:00,7.96999979019165,8.289999961853027,7.760000228881836,7.929999828338623,767200,0.0,0.0
2025-10-03 00:00:00-04:00,7.949999809265137,8.239999771118164,7.789999961853027,7.889999866485596,1227300,0.0,0.0
2025-10-06 00:00:00-04:00,7.949999809265137,8.170000076293945,7.820000171661377,8.109999656677246,946000,0.0,0.0
2025-10-07 00:00:00-04:00,8.130000114440918,9.09000015258789,8.109999656677246,8.59000015258789,1361300,0.0,0.0
2025-10-08 00:00:00-04:00,8.600000381469727,8.600000381469727,8.270000457763672,8.520000457763672,1026700,0.0,0.0
2025-10-09 00:00:00-04:00,8.8100004196167,9.329999923706055,8.569999694824219,8.600000381469727,1619600,0.0,0.0
2025-10-10 00:00:00-04:00,8.489999771118164,8.489999771118164,7.409999847412109,7.409999847412109,1405800,0.0,0.0
2025-10-14 00:00:00-04:00,7.400000095367432,7.789999961853027,7.28000020980835,7.690000057220459,763400,0.0,0.0
2025-10-15 00:00:00-04:00,7.809999942779541,8.329999923706055,7.545000076293945,7.920000076293945,1449400,0.0,0.0
2025-10-16 00:00:00-04:00,7.860000133514404,8.039999961853027,7.409999847412109,7.429999828338623,792400,0.0,0.0
2025-10-17 00:00:00-04:00,7.380000114440918,7.46999979019165,7.260000228881836,7.349999904632568,341600,0.0,0.0
2025-10-20 00:00:00-04:00,7.369999885559082,7.579999923706055,7.309999942779541,7.489999771118164,281600,0.0,0.0
2025-10-21 00:00:00-04:00,7.480000019073486,7.480000019073486,7.199999809265137,7.210000038146973,377700,0.0,0.0
2025-10-22 00:00:00-04:00,7.159999847412109,7.25,6.860000133514404,7.059999942779541,579700,0.0,0.0
2025-10-23 00:00:00-04:00,7.03000020980835,7.28000020980835,7.010000228881836,7.110000133514404,388600,0.0,0.0
2025-10-24 00:00:00-04:00,7.170000076293945,7.400000095367432,7.159999847412109,7.340000152587891,398200,0.0,0.0
2025-10-27 00:00:00-04:00,7.349999904632568,7.360000133514404,7.130000114440918,7.130000114440918,245900,0.0,0.0
2025-10-28 00:00:00-04:00,7.119999885559082,7.170000076293945,6.940000057220459,6.96999979019165,316600,0.0,0.0
2025-10-29 00:00:00-04:00,6.96999979019165,7.019999980926514,6.820000171661377,6.920000076293945,401800,0.0,0.0
2025-10-30 00:00:00-04:00,6.889999866485596,6.934999942779541,6.710000038146973,6.739999771118164,467100,0.0,0.0
2025-10-31 00:00:00-04:00,6.75,7.0,6.71999979019165,6.960000038146973,434000,0.0,0.0
2025-11-03 00:00:00-05:00,7.039999961853027,7.050000190734863,6.795000076293945,6.860000133514404,316500,0.0,0.0
2025-11-04 00:00:00-05:00,6.769999980926514,6.769999980926514,6.099999904632568,6.420000076293945,711500,0.0,0.0
2025-11-05 00:00:00-05:00,6.78000020980835,6.784999847412109,6.164999961853027,6.289999961853027,1104000,0.0,0.0
2025-11-06 00:00:00-05:00,6.320000171661377,6.429999828338623,6.164999961853027,6.179999828338623,491700,0.0,0.0
2025-11-07 00:00:00-05:00,6.150000095367432,6.465000152587891,6.105000019073486,6.380000114440918,661700,0.0,0.0
2025-11-10 00:00:00-05:00,6.53000020980835,6.670000076293945,6.389999866485596,6.550000190734863,658500,0.0,0.0
2025-11-11 00:00:00-05:00,6.5,6.510000228881836,6.380000114440918,6.380000114440918,271200,0.0,0.0
2025-11-12 00:00:00-05:00,6.400000095367432,6.5,6.300000190734863,6.349999904632568,262200,0.0,0.0
2025-11-13 00:00:00-05:00,6.320000171661377,6.420000076293945,6.150000095367432,6.159999847412109,474200,0.0,0.0
2025-11-14 00:00:00-05:00,6.039999961853027,6.150000095367432,6.010000228881836,6.039999961853027,375300,0.0,0.0
2025-11-17 00:00:00-05:00,6.010000228881836,6.159999847412109,5.96999979019165,6.050000190734863,281500,0.0,0.0
2025-11-18 00:00:00-05:00,5.989999771118164,6.21999979019165,5.980000019073486,6.21999979019165,275800,0.0,0.0
2025-11-19 00:00:00-05:00,6.190000057220459,6.239999771118164,6.010000228881836,6.070000171661377,254100,0.0,0.0
2025-11-20 00:00:00-05:00,6.150000095367432,6.179999828338623,5.75,5.769999980926514,599800,0.0,0.0
2025-11-21 00:00:00-05:00,5.760000228881836,5.960000038146973,5.639999866485596,5.940000057220459,396500,0.0,0.0
2025-11-24 00:00:00-05:00,5.860000133514404,6.300000190734863,5.860000133514404,6.159999847412109,517600,0.0,0.0
2025-11-25 00:00:00-05:00,6.150000095367432,6.340000152587891,6.099999904632568,6.329999923706055,320800,0.0,0.0
2025-11-26 00:00:00-05:00,6.340000152587891,6.5,6.300000190734863,6.429999828338623,402500,0.0,0.0
2025-11-27 00:00:00-05:00,6.400000095367432,6.440000057220459,6.360000133514404,6.389999866485596,112400,0.0,0.0
2025-11-28 00:00:00-05:00,6.389999866485596,6.460000038146973,6.360000133514404,6.429999828338623,154600,0.0,0.0
2025-12-01 00:00:00-05:00,6.340000152587891,6.480000019073486,6.28000020980835,6.369999885559082,317800,0.0,0.0
2025-12-02 00:00:00-05:00,6.360000133514404,6.590000152587891,6.269999980926514,6.28000020980835,369000,0.0,0.0
2025-12-03 00:00:00-05:00,6.289999961853027,6.46999979019165,6.21999979019165,6.349999904632568,268900,0.0,0.0
2025-12-04 00:00:00-05:00,6.340000152587891,6.480000019073486,6.320000171661377,6.389999866485596,309300,0.0,0.0
2025-12-05 00:00:00-05:00,6.360000133514404,6.46999979019165,6.340000152587891,6.389999866485596,226400,0.0,0.0
2025-12-08 00:00:00-05:00,6.389999866485596,6.389999866485596,6.170000076293945,6.210000038146973,245400,0.0,0.0
2025-12-09 00:00:00-05:00,6.159999847412109,6.480000019073486,6.150000095367432,6.340000152587891,300500,0.0,0.0
2025-12-10 00:00:00-05:00,6.28000020980835,6.369999885559082,6.190000057220459,6.260000228881836,276900,0.0,0.0
2025-12-11 00:00:00-05:00,6.239999771118164,6.309999942779541,6.159999847412109,6.25,221200,0.0,0.0
2025-12-12 00:00:00-05:00,7.380000114440918,7.565000057220459,6.769999980926514,7.440000057220459,2332300,0.0,0.0
2025-12-15 00:00:00-05:00,7.5,7.5,6.96999979019165,7.03000020980835,1228400,0.0,0.0
2025-12-16 00:00:00-05:00,6.860000133514404,7.769999980926514,6.760000228881836,7.590000152587891,1185000,0.0,0.0
2025-12-17 00:00:00-05:00,7.760000228881836,8.25,7.579999923706055,7.710000038146973,1012500,0.0,0.0
2025-12-18 00:00:00-05:00,7.980000019073486,8.75,7.420000076293945,7.440000057220459,2405400,0.0,0.0
2025-12-19 00:00:00-05:00,7.579999923706055,7.880000114440918,6.739999771118164,6.849999904632568,1001100,0.0,0.0
2025-12-22 00:00:00-05:00,6.849999904632568,6.909999847412109,6.429999828338623,6.46999979019165,561100,0.0,0.0
2025-12-23 00:00:00-05:00,6.460000038146973,6.650000095367432,6.059999942779541,6.369999885559082,1194000,0.0,0.0
2025-12-24 00:00:00-05:00,6.369999885559082,6.369999885559082,6.114999771118164,6.269999980926514,459400,0.0,0.0
2025-12-29 00:00:00-05:00,6.110000133514404,6.239999771118164,5.900000095367432,5.900000095367432,927000,0.0,0.0
2025-12-30 00:00:00-05:00,5.960000038146973,6.119999885559082,5.809999942779541,5.829999923706055,679900,0.0,0.0
2025-12-31 00:00:00-05:00,5.809999942779541,5.929999828338623,5.730000019073486,5.769999980926514,601500,0.0,0.0
2026-01-02 00:00:00-05:00,5.940000057220459,6.090000152587891,5.880000114440918,5.940000057220459,653900,0.0,0.0
2026-01-05 00:00:00-05:00,6.039999961853027,6.039999961853027,5.800000190734863,5.889999866485596,796100,0.0,0.0
2026-01-06 00:00:00-05:00,5.940000057220459,5.940000057220459,5.690000057220459,5.849999904632568,663400,0.0,0.0
2026-01-07 00:00:00-05:00,5.849999904632568,5.920000076293945,5.800000190734863,5.889999866485596,438400,0.0,0.0
2026-01-08 00:00:00-05:00,5.860000133514404,5.96999979019165,5.840000152587891,5.900000095367432,506500,0.0,0.0
2026-01-09 00:00:00-05:00,6.050000190734863,6.090000152587891,5.889999866485596,5.889999866485596,451400,0.0,0.0
2026-01-12 00:00:00-05:00,5.880000114440918,6.070000171661377,5.769999980926514,5.920000076293945,629900,0.0,0.0
2026-01-13 00:00:00-05:00,5.940000057220459,5.940000057220459,5.860000133514404,5.920000076293945,409700,0.0,0.0
2026-01-14 00:00:00-05:00,5.880000114440918,5.929999828338623,5.824999809265137,5.900000095367432,525400,0.0,0.0
2026-01-15 00:00:00-05:00,5.909999847412109,5.985000133514404,5.815000057220459,5.909999847412109,512200,0.0,0.0
2026-01-16 00:00:00-05:00,5.920000076293945,5.920000076293945,5.829999923706055,5.900000095367432,347200,0.0,0.0
2026-01-19 00:00:00-05:00,5.840000152587891,5.869999885559082,5.800000190734863,5.820000171661377,129200,0.0,0.0
2026-01-20 00:00:00-05:00,5.78000020980835,5.78000020980835,5.565000057220459,5.739999771118164,609800,0.0,0.0
2026-01-21 00:00:00-05:00,5.730000019073486,5.900000095367432,5.730000019073486,5.860000133514404,446200,0.0,0.0
2026-01-22 00:00:00-05:00,5.900000095367432,6.059999942779541,5.869999885559082,5.980000019073486,492500,0.0,0.0
2026-01-23 00:00:00-05:00,5.980000019073486,6.150000095367432,5.909999847412109,6.079999923706055,370200,0.0,0.0
2026-01-26 00:00:00-05:00,6.070000171661377,6.070000171661377,5.920000076293945,5.940000057220459,339100,0.0,0.0
2026-01-27 00:00:00-05:00,6.010000228881836,6.079999923706055,5.889999866485596,6.019999980926514,348400,0.0,0.0
2026-01-28 00:00:00-05:00,6.050000190734863,6.079999923706055,5.860000133514404,5.860000133514404,493300,0.0,0.0
2026-01-29 00:00:00-05:00,5.869999885559082,5.869999885559082,5.599999904632568,5.670000076293945,446000,0.0,0.0
2026-01-30 00:00:00-05:00,5.599999904632568,5.659999847412109,5.5,5.510000228881836,338600,0.0,0.0
2026-02-02 00:00:00-05:00,5.5,5.510000228881836,5.309999942779541,5.380000114440918,313800,0.0,0.0
2026-02-03 00:00:00-05:00,5.449999809265137,5.579999923706055,5.389999866485596,5.550000190734863,498000,0.0,0.0
2026-02-04 00:00:00-05:00,5.559999942779541,5.559999942779541,5.0,5.110000133514404,1265900,0.0,0.0
2026-02-05 00:00:00-05:00,5.050000190734863,5.050000190734863,4.5,4.519999980926514,990700,0.0,0.0
2026-02-06 00:00:00-05:00,4.659999847412109,4.769999980926514,4.610000133514404,4.769999980926514,629000,0.0,0.0
2026-02-09 00:00:00-05:00,4.769999980926514,4.940000057220459,4.699999809265137,4.869999885559082,377000,0.0,0.0
2026-02-10 00:00:00-05:00,4.909999847412109,4.960000038146973,4.78000020980835,4.860000133514404,357800,0.0,0.0
2026-02-11 00:00:00-05:00,4.840000152587891,4.869999885559082,4.630000114440918,4.699999809265137,404500,0.0,0.0
2026-02-12 00:00:00-05:00,4.699999809265137,4.730000019073486,4.550000190734863,4.590000152587891,293800,0.0,0.0
2026-02-13 00:00:00-05:00,4.619999885559082,4.920000076293945,4.619999885559082,4.869999885559082,539600,0.0,0.0
2026-02-17 00:00:00-05:00,4.869999885559082,4.945000171661377,4.760000228881836,4.900000095367432,512400,0.0,0.0
2026-02-18 00:00:00-05:00,4.909999847412109,5.019999980926514,4.849999904632568,4.869999885559082,358200,0.0,0.0
2026-02-19 00:00:00-05:00,4.880000114440918,5.150000095367432,4.860000133514404,5.150000095367432,456000,0.0,0.0
2026-02-20 00:00:00-05:00,5.119999885559082,5.309999942779541,5.090000152587891,5.130000114440918,481600,0.0,0.0
2026-02-23 00:00:00-05:00,5.110000133514404,5.110000133514404,4.96999979019165,5.03000020980835,238500,0.0,0.0
2026-02-24 00:00:00-05:00,5.019999980926514,5.239999771118164,5.0,5.199999809265137,345000,0.0,0.0
2026-02-25 00:00:00-05:00,5.25,5.360000133514404,5.21999979019165,5.25,246900,0.0,0.0
2026-02-26 00:00:00-05:00,5.269999980926514,5.329999923706055,5.179999828338623,5.309999942779541,214500,0.0,0.0
2026-02-27 00:00:00-05:00,5.289999961853027,5.300000190734863,5.179999828338623,5.230000019073486,180400,0.0,0.0
2026-03-02 00:00:00-05:00,5.110000133514404,5.150000095367432,5.03000020980835,5.079999923706055,193400,0.0,0.0
2026-03-03 00:00:00-05:00,4.96999979019165,4.96999979019165,4.739999771118164,4.78000020980835,361000,0.0,0.0
2026-03-04 00:00:00-05:00,4.840000152587891,5.079999923706055,4.840000152587891,4.989999771118164,282600,0.0,0.0
2026-03-05 00:00:00-05:00,4.909999847412109,5.0,4.775000095367432,4.800000190734863,336000,0.0,0.0
2026-03-06 00:00:00-05:00,4.800000190734863,4.869999885559082,4.699999809265137,4.78000020980835,334800,0.0,0.0
2026-03-09 00:00:00-04:00,4.699999809265137,4.800000190734863,4.659999847412109,4.789999961853027,258500,0.0,0.0
2026-03-10 00:00:00-04:00,4.789999961853027,4.96999979019165,4.78000020980835,4.809999942779541,296800,0.0,0.0
2026-03-11 00:00:00-04:00,4.820000171661377,4.920000076293945,4.820000171661377,4.900000095367432,148200,0.0,0.0
2026-03-12 00:00:00-04:00,4.849999904632568,4.909999847412109,4.789999961853027,4.789999961853027,226900,0.0,0.0
2026-03-13 00:00:00-04:00,4.840000152587891,4.889999866485596,4.670000076293945,4.699999809265137,307500,0.0,0.0
2026-03-16 00:00:00-04:00,4.739999771118164,4.78000020980835,4.690000057220459,4.75,127000,0.0,0.0
2026-03-17 00:00:00-04:00,4.730000019073486,4.880000114440918,4.730000019073486,4.840000152587891,136500,0.0,0.0
2026-03-18 00:00:00-04:00,4.800000190734863,4.800000190734863,4.699999809265137,4.71999979019165,188400,0.0,0.0
2026-03-19 00:00:00-04:00,4.670000076293945,4.699999809265137,4.559999942779541,4.650000095367432,252500,0.0,0.0
2026-03-20 00:00:00-04:00,4.630000114440918,4.630000114440918,4.409999847412109,4.510000228881836,516900,0.0,0.0
2026-03-23 00:00:00-04:00,4.519999980926514,4.619999885559082,4.465000152587891,4.579999923706055,203600,0.0,0.0
2026-03-24 00:00:00-04:00,4.559999942779541,4.599999904632568,4.480000019073486,4.590000152587891,168900,0.0,0.0
2026-03-25 00:00:00-04:00,4.659999847412109,4.804999828338623,4.659999847412109,4.739999771118164,285100,0.0,0.0
2026-03-26 00:00:00-04:00,4.659999847412109,4.800000190734863,4.614999771118164,4.619999885559082,142500,0.0,0.0
2026-03-27 00:00:00-04:00,4.559999942779541,4.59499979019165,4.440000057220459,4.46999979019165,277800,0.0,0.0
2026-03-30 00:00:00-04:00,4.46999979019165,4.519999980926514,4.284999847412109,4.329999923706055,219100,0.0,0.0
2026-03-31 00:00:00-04:00,4.429999828338623,4.635000228881836,4.420000076293945,4.579999923706055,400800,0.0,0.0
2026-04-01 00:00:00-04:00,4.619999885559082,4.769999980926514,4.599999904632568,4.659999847412109,308200,0.0,0.0
2026-04-02 00:00:00-04:00,4.570000171661377,4.820000171661377,4.550000190734863,4.789999961853027,282100,0.0,0.0
2026-04-06 00:00:00-04:00,4.789999961853027,4.909999847412109,4.769999980926514,4.809999942779541,176400,0.0,0.0
2026-04-07 00:00:00-04:00,4.75,4.769999980926514,4.659999847412109,4.690000057220459,220200,0.0,0.0
2026-04-08 00:00:00-04:00,4.900000095367432,4.949999809265137,4.710000038146973,4.769999980926514,214100,0.0,0.0
2026-04-09 00:00:00-04:00,4.710000038146973,4.869999885559082,4.684999942779541,4.809999942779541,189500,0.0,0.0
2026-04-10 00:00:00-04:00,4.809999942779541,4.880000114440918,4.71999979019165,4.760000228881836,91200,0.0,0.0
2026-04-13 00:00:00-04:00,4.71999979019165,4.849999904632568,4.574999809265137,4.809999942779541,270300,0.0,0.0
2026-04-14 00:00:00-04:00,4.849999904632568,4.940000057220459,4.829999923706055,4.889999866485596,159200,0.0,0.0
2026-04-15 00:00:00-04:00,4.96999979019165,5.119999885559082,4.96999979019165,5.099999904632568,421400,0.0,0.0
2026-04-16 00:00:00-04:00,5.090000152587891,5.110000133514404,4.965000152587891,4.96999979019165,290600,0.0,0.0
2026-04-17 00:00:00-04:00,5.010000228881836,5.144999980926514,5.0,5.039999961853027,286300,0.0,0.0
2026-04-20 00:00:00-04:00,5.0,5.150000095367432,4.989999771118164,5.079999923706055,432000,0.0,0.0
2026-04-21 00:00:00-04:00,5.099999904632568,5.110000133514404,4.880000114440918,4.880000114440918,449900,0.0,0.0
2026-04-22 00:00:00-04:00,4.929999828338623,5.579999923706055,4.929999828338623,5.230000019073486,1880700,0.0,0.0
2026-04-23 00:00:00-04:00,5.610000133514404,5.650000095367432,4.454999923706055,4.5,2413200,0.0,0.0
2026-04-24 00:00:00-04:00,4.599999904632568,4.679999828338623,4.5,4.610000133514404,906300,0.0,0.0
2026-04-27 00:00:00-04:00,4.630000114440918,4.809999942779541,4.579999923706055,4.789999961853027,653300,0.0,0.0
2026-04-28 00:00:00-04:00,4.699999809265137,4.769999980926514,4.639999866485596,4.670000076293945,294300,0.0,0.0
2026-04-29 00:00:00-04:00,4.630000114440918,4.630000114440918,4.440000057220459,4.510000228881836,444600,0.0,0.0
2026-04-30 00:00:00-04:00,4.510000228881836,4.699999809265137,4.510000228881836,4.670000076293945,399200,0.0,0.0
2026-05-01 00:00:00-04:00,4.690000057220459,4.789999961853027,4.670000076293945,4.71999979019165,226700,0.0,0.0
2026-05-04 00:00:00-04:00,4.730000019073486,4.849999904632568,4.650000095367432,4.650000095367432,282600,0.0,0.0
2026-05-05 00:00:00-04:00,4.690000057220459,4.739999771118164,4.639999866485596,4.699999809265137,201500,0.0,0.0
2026-05-06 00:00:00-04:00,4.71999979019165,4.855000019073486,4.690000057220459,4.820000171661377,484400,0.0,0.0
2026-05-07 00:00:00-04:00,4.860000133514404,4.860000133514404,4.679999828338623,4.699999809265137,253600,0.0,0.0
2026-05-08 00:00:00-04:00,4.710000038146973,4.75,4.630000114440918,4.639999866485596,265300,0.0,0.0
2026-05-11 00:00:00-04:00,4.650000095367432,4.78000020980835,4.630000114440918,4.699999809265137,329100,0.0,0.0
2026-05-12 00:00:00-04:00,4.699999809265137,4.699999809265137,4.550000190734863,4.590000152587891,346100,0.0,0.0
2026-05-13 00:00:00-04:00,4.599999904632568,4.664999961853027,4.53000020980835,4.599999904632568,236500,0.0,0.0
2026-05-14 00:00:00-04:00,4.610000133514404,4.670000076293945,4.550000190734863,4.599999904632568,217200,0.0,0.0
2026-05-15 00:00:00-04:00,4.590000152587891,4.590000152587891,4.480000019073486,4.570000171661377,310000,0.0,0.0
2026-05-19 00:00:00-04:00,4.489999771118164,4.570000171661377,4.460000038146973,4.53000020980835,212700,0.0,0.0
2026-05-20 00:00:00-04:00,4.570000171661377,4.804999828338623,4.519999980926514,4.769999980926514,468000,0.0,0.0
2026-05-21 00:00:00-04:00,4.730000019073486,4.929999828338623,4.699999809265137,4.929999828338623,436700,0.0,0.0
2026-05-22 00:00:00-04:00,4.929999828338623,4.960000038146973,4.789999961853027,4.789999961853027,181600,0.0,0.0
2026-05-25 00:00:00-04:00,4.849999904632568,4.889999866485596,4.840000152587891,4.889999866485596,109100,0.0,0.0
2026-05-26 00:00:00-04:00,4.800000190734863,4.869999885559082,4.75,4.78000020980835,361600,0.0,0.0
2026-05-27 00:00:00-04:00,4.78000020980835,4.889999866485596,4.78000020980835,4.809999942779541,202600,0.0,0.0
2026-05-28 00:00:00-04:00,4.769999980926514,5.105000019073486,4.71999979019165,5.059999942779541,603900,0.0,0.0
2026-05-29 00:00:00-04:00,5.039999961853027,5.039999961853027,4.900000095367432,4.960000038146973,430000,0.0,0.0
2026-06-01 00:00:00-04:00,4.920000076293945,5.039999961853027,4.849999904632568,5.03000020980835,334800,0.0,0.0
2026-06-02 00:00:00-04:00,5.039999961853027,5.039999961853027,4.869999885559082,4.880000114440918,286200,0.0,0.0
2026-06-03 00:00:00-04:00,4.849999904632568,4.849999904632568,4.735000133514404,4.760000228881836,284500,0.0,0.0
2026-06-04 00:00:00-04:00,4.769999980926514,5.019999980926514,4.769999980926514,4.920000076293945,431700,0.0,0.0
2026-06-05 00:00:00-04:00,4.900000095367432,5.03000020980835,4.650000095367432,4.699999809265137,486000,0.0,0.0
2026-06-08 00:00:00-04:00,4.760000228881836,4.885000228881836,4.690000057220459,4.769999980926514,287800,0.0,0.0
2026-06-09 00:00:00-04:00,4.789999961853027,4.885000228881836,4.65500020980835,4.730000019073486,483800,0.0,0.0
2026-06-10 00:00:00-04:00,4.670000076293945,4.760000228881836,4.570000171661377,4.590000152587891,641100,0.0,0.0
2026-06-11 00:00:00-04:00,4.320000171661377,4.349999904632568,3.7699999809265137,4.28000020980835,1717700,0.0,0.0
2026-06-12 00:00:00-04:00,4.309999942779541,4.389999866485596,4.210000038146973,4.25,490700,0.0,0.0
2026-06-15 00:00:00-04:00,4.300000190734863,4.460000038146973,4.139999866485596,4.150000095367432,934800,0.0,0.0
2026-06-16 00:00:00-04:00,4.150000095367432,4.25,4.070000171661377,4.190000057220459,374500,0.0,0.0
2026-06-17 00:00:00-04:00,4.199999809265137,4.289999961853027,4.130000114440918,4.130000114440918,320500,0.0,0.0
2026-06-18 00:00:00-04:00,4.179999828338623,4.21999979019165,4.099999904632568,4.150000095367432,268000,0.0,0.0
2026-06-19 00:00:00-04:00,4.139999866485596,4.21999979019165,4.139999866485596,4.21999979019165,98200,0.0,0.0
2026-06-22 00:00:00-04:00,4.159999847412109,4.239999771118164,4.054999828338623,4.099999904632568,558400,0.0,0.0
2026-06-23 00:00:00-04:00,4.050000190734863,4.119999885559082,4.034999847412109,4.079999923706055,302600,0.0,0.0
2026-06-24 00:00:00-04:00,4.050000190734863,4.099999904632568,4.010000228881836,4.050000190734863,270500,0.0,0.0
2026-06-25 00:00:00-04:00,4.039999961853027,4.050000190734863,3.9100000858306885,3.930000066757202,418500,0.0,0.0
2026-06-26 00:00:00-04:00,3.9000000953674316,4.050000190734863,3.9000000953674316,4.050000190734863,353900,0.0,0.0
2026-06-29 00:00:00-04:00,4.050000190734863,4.119999885559082,3.990000009536743,4.119999885559082,345600,0.0,0.0
2026-06-30 00:00:00-04:00,4.099999904632568,4.099999904632568,3.9100000858306885,3.950000047683716,429600,0.0,0.0
2026-07-02 00:00:00-04:00,4.019999980926514,4.21999979019165,4.010000228881836,4.050000190734863,527700,0.0,0.0
2026-07-03 00:00:00-04:00,4.019999980926514,4.090000152587891,3.990000009536743,4.090000152587891,104500,0.0,0.0
2026-07-06 00:00:00-04:00,4.070000171661377,4.070000171661377,3.859999895095825,3.869999885559082,448600,0.0,0.0
2026-07-07 00:00:00-04:00,3.880000114440918,3.880000114440918,3.75,3.7899999618530273,397300,0.0,0.0
2026-07-08 00:00:00-04:00,3.759999990463257,3.809999942779541,3.740000009536743,3.799999952316284,250800,0.0,0.0
2026-07-09 00:00:00-04:00,3.7899999618530273,3.859999895095825,3.7799999713897705,3.8299999237060547,196000,0.0,0.0
2026-07-10 00:00:00-04:00,3.8499999046325684,3.865000009536743,3.7799999713897705,3.859999895095825,259168,0.0,0.0
