Date,Open,High,Low,Close,Volume,Dividends,Stock Splits
2022-01-03 00:00:00-05:00,6.3116575361785845,6.534585614751188,6.172326822692628,6.3952555656433105,1854500,0.0,0.0
2022-01-04 00:00:00-05:00,6.416154673196877,6.429391077208325,6.140977254901751,6.2628912925720215,1885200,0.0,0.0
2022-01-05 00:00:00-05:00,6.179293730456822,6.430087828559801,6.036480341545363,6.060863018035889,1877000,0.0,0.0
2022-01-06 00:00:00-05:00,6.123561442686058,6.3952555354471325,6.074796091823074,6.304690837860107,2313400,0.0,0.0
2022-01-07 00:00:00-05:00,6.388288530927192,6.729647297769887,6.346489186401659,6.402221202850342,2054200,0.0,0.0
2022-01-10 00:00:00-05:00,6.402222055428503,6.423122062663525,6.151427948011403,6.318624019622803,1371600,0.0,0.0
2022-01-11 00:00:00-05:00,6.304690763842972,6.687848890865774,6.22805873981157,6.625150203704834,1985300,0.0,0.0
2022-01-12 00:00:00-05:00,6.820212458905383,6.924709830827496,6.597284377803229,6.701781749725342,1186500,0.0,0.0
2022-01-13 00:00:00-05:00,6.374356066267979,6.632117508062497,6.332557380404853,6.409188747406006,1732400,0.0,0.0
2022-01-14 00:00:00-05:00,6.423121736500724,6.666949162458052,6.381322388531357,6.659983158111572,1924800,0.0,0.0
2022-01-18 00:00:00-05:00,6.478853425598572,6.6133069360793515,6.384805395769601,6.444020748138428,1624600,0.0,0.0
2022-01-19 00:00:00-05:00,6.478853470906293,6.722680886076305,6.4091881154988215,6.423121452331543,2307900,0.0,0.0
2022-01-20 00:00:00-05:00,6.6878492522247255,6.834145975378957,6.562451871127354,6.576384544372559,2858700,0.0,0.0
2022-01-21 00:00:00-05:00,6.5972841774764985,6.659982864477153,6.2837914068512895,6.346489429473877,2436000,0.0,0.0
2022-01-24 00:00:00-05:00,6.193227275332226,6.246172232749811,5.820518453548916,6.2280592918396,3456000,0.0,0.0
2022-01-25 00:00:00-05:00,6.134011693665409,6.503236503092594,6.015580981596257,6.450987815856934,2920000,0.0,0.0
2022-01-26 00:00:00-05:00,6.534585583897141,6.611216944450127,6.241992149963084,6.304690837860107,2235700,0.0,0.0
2022-01-27 00:00:00-05:00,6.360423085103965,6.374355758259068,6.03996362999936,6.081762313842773,2194200,0.0,0.0
2022-01-28 00:00:00-05:00,6.109628709775147,6.134011384966169,5.893666638523957,6.123561382293701,1763800,0.0,0.0
2022-01-31 00:00:00-05:00,6.20019307138764,6.80488610575297,6.137495045157103,6.77841329574585,2615700,0.0,0.0
2022-02-01 00:00:00-05:00,6.77841373501542,7.022241844432756,6.701782366182215,6.966509819030762,2118400,0.0,0.0
2022-02-02 00:00:00-05:00,7.036174583889029,7.036174583889029,6.632117101938294,6.680882453918457,1266200,0.0,0.0
2022-02-03 00:00:00-05:00,6.527618775415937,6.632116807796371,6.423121407413566,6.444020748138428,1195000,0.0,0.0
2022-02-04 00:00:00-05:00,6.5067193778411205,6.694814771477589,6.416154682987243,6.653016090393066,1236500,0.0,0.0
2022-02-07 00:00:00-05:00,6.611217164756744,6.729647875980255,6.444021101045233,6.471887111663818,1186300,0.0,0.0
2022-02-08 00:00:00-05:00,6.437054158625916,6.827178955078125,6.346489461871331,6.827178955078125,1782300,0.0,0.0
2022-02-09 00:00:00-05:00,6.86201243749656,6.992285698075193,6.799313742824779,6.966509819030762,1554200,0.0,0.0
2022-02-10 00:00:00-05:00,6.834145671349649,7.196403796524642,6.792346324717343,7.043140411376953,2210100,0.0,0.0
2022-02-11 00:00:00-05:00,7.071006434142357,7.21033714692351,6.914260378830676,7.008308410644531,1519000,0.0,0.0
2022-02-14 00:00:00-05:00,6.917744014599769,7.018758054952945,6.743581280410475,6.77841329574585,1656000,0.0,0.0
2022-02-15 00:00:00-05:00,6.959541745188853,7.405398522800306,6.9525750773250765,7.391465187072754,1718400,0.0,0.0
2022-02-16 00:00:00-05:00,7.342700422798368,7.495963806059727,7.271641866587057,7.475063800811768,1662900,0.0,0.0
2022-02-17 00:00:00-05:00,7.454164458992254,7.628327183101317,7.400522573827743,7.551695823669434,1640000,0.0,0.0
2022-02-18 00:00:00-05:00,7.433265145589567,7.478547161698883,7.203370402066431,7.328767776489258,1405500,0.0,0.0
2022-02-22 00:00:00-05:00,7.008308320464265,7.304384420369228,6.98740831518918,7.050107002258301,2032600,0.0,0.0
2022-02-23 00:00:00-05:00,7.147638014898699,7.28000138656214,6.889877275275549,6.910776615142822,1666400,0.0,0.0
2022-02-24 00:00:00-05:00,6.290757820399546,6.966509420183185,6.200193118211791,6.959542751312256,2261500,0.0,0.0
2022-02-25 00:00:00-05:00,6.56245129920584,6.938642745334542,6.548517962796828,6.88291072845459,1564600,0.0,0.0
2022-02-28 00:00:00-05:00,6.722681419968724,6.78538011193915,6.482337319919583,6.639083385467529,2327300,0.0,0.0
2022-03-01 00:00:00-05:00,6.6251505616760396,6.959542692098223,6.548518533504043,6.576384544372559,1691800,0.0,0.0
2022-03-02 00:00:00-05:00,6.604250951121021,6.604250951121021,6.308174817037084,6.4579548835754395,1367100,0.0,0.0
2022-03-03 00:00:00-05:00,6.381322463050203,6.388289131856134,5.893666941062779,5.935466289520264,2762900,0.0,0.0
2022-03-04 00:00:00-05:00,5.782202644324629,5.956365370573093,5.371178504077761,5.399044513702393,2491600,0.0,0.0
2022-03-07 00:00:00-05:00,5.329379545167988,5.364211891467179,5.03330277458514,5.127350807189941,3830200,0.0,0.0
2022-03-08 00:00:00-05:00,5.151733428542553,5.284793740750847,4.946221358443032,5.085551738739014,2490300,0.0,0.0
2022-03-09 00:00:00-05:00,5.183082809522032,5.663771977216027,5.183082809522032,5.552307605743408,2305500,0.0,0.0
2022-03-10 00:00:00-05:00,5.287580744327446,5.447810473918855,5.106451340359308,5.294547080993652,4076600,0.0,0.0
2022-03-11 00:00:00-05:00,5.392077835905801,5.392077835905801,4.632728576660156,4.632728576660156,3012800,0.0,0.0
2022-03-14 00:00:00-04:00,4.333168541928708,4.333168541928708,3.2812258337958284,3.3439245223999023,11928000,0.0,0.0
2022-03-15 00:00:00-04:00,3.3857235374062706,3.5320202560230816,3.114029441581312,3.3439245223999023,12768100,0.0,0.0
2022-03-16 00:00:00-04:00,4.040575302121649,5.127350652607899,3.915177929095792,5.064651966094971,16411800,0.0,0.0
2022-03-17 00:00:00-04:00,4.803407939248189,5.001953339325174,4.535197515652005,4.855656623840332,5130900,0.0,0.0
2022-03-18 00:00:00-04:00,4.911389071866188,5.451293263947252,4.758125684907286,5.190049171447754,5887700,0.0,0.0
2022-03-21 00:00:00-04:00,5.00195325953759,5.28061368135844,4.810374530962971,4.86262321472168,3806300,0.0,0.0
2022-03-22 00:00:00-04:00,5.096001371903766,5.3781448002971315,4.932288317437704,5.245781421661377,3249600,0.0,0.0
2022-03-23 00:00:00-04:00,5.169149631244728,5.482642397310156,5.036785922940271,5.224881649017334,3198400,0.0,0.0
2022-03-24 00:00:00-04:00,4.6675610239683465,5.0367861571654515,4.423733268779978,5.029819488525391,5039200,0.0,0.0
2022-03-25 00:00:00-04:00,4.785991341089998,4.967120724618163,4.583962617732593,4.960154056549072,3521900,0.0,0.0
2022-03-28 00:00:00-04:00,4.911389091864834,5.047235807916739,4.660594669031176,4.765092372894287,3013500,0.0,0.0
2022-03-29 00:00:00-04:00,4.869589877545313,5.005436929495923,4.772058839631288,4.799924850463867,2877700,0.0,0.0
2022-03-30 00:00:00-04:00,4.597896118773084,4.744192842150373,4.291369666563005,4.34710168838501,5734500,0.0,0.0
2022-03-31 00:00:00-04:00,4.341528293475476,4.381934106541142,4.026642322540283,4.026642322540283,3807700,0.0,0.0
2022-04-01 00:00:00-04:00,4.354068069834288,4.437666097049739,4.165972342505008,4.249570369720459,3770800,0.0,0.0
2022-04-04 00:00:00-04:00,4.409799692980171,4.514297383733858,4.256536656813364,4.4933977127075195,2796200,0.0,0.0
2022-04-05 00:00:00-04:00,4.430700047306349,4.493398405676662,4.239120973410883,4.284403324127197,2546800,0.0,0.0
2022-04-06 00:00:00-04:00,4.186872059862003,4.284403092649002,4.033608676150539,4.228671073913574,2681500,0.0,0.0
2022-04-07 00:00:00-04:00,4.1659726052416595,4.215434890729748,3.9778768660496886,4.082374572753906,2580800,0.0,0.0
2022-04-08 00:00:00-04:00,4.103273500739713,4.165972184873431,3.991809468670009,4.012709140777588,2437900,0.0,0.0
2022-04-11 00:00:00-04:00,3.9848429508743837,4.085857316794942,3.789780887394906,3.880345582962036,3761600,0.0,0.0
2022-04-12 00:00:00-04:00,3.9669252901410816,4.210922635828028,3.9511835380100844,3.998408794403076,3710900,0.64,0.0
2022-04-13 00:00:00-04:00,4.014150571905675,4.045634076366662,3.8095077929092565,3.9118289947509766,3473800,0.0,0.0
2022-04-14 00:00:00-04:00,3.8724747627645884,3.935441771051334,3.738669682498767,3.840991258621216,2556600,0.0,0.0
2022-04-18 00:00:00-04:00,3.793765727255442,3.8016364150639603,3.5537035564320134,3.691444158554077,2893900,0.0,0.0
2022-04-19 00:00:00-04:00,3.636348135226816,3.754411464357656,3.569445594563106,3.715056896209717,3092500,0.0,0.0
2022-04-20 00:00:00-04:00,3.6914444212533355,3.7071861733035703,3.5497686528012213,3.6048645973205566,3067700,0.0,0.0
2022-04-21 00:00:00-04:00,3.6284775495037445,3.7583471026302577,3.4435116744729872,3.478930711746216,4202400,0.0,0.0
2022-04-22 00:00:00-04:00,3.54189784565604,3.766217922447429,3.5261560924656443,3.5576395988464355,4927800,0.0,0.0
2022-04-25 00:00:00-04:00,3.486800996945993,3.5261555616542255,3.35299630262648,3.4946720600128174,4097500,0.0,0.0
2022-04-26 00:00:00-04:00,3.4631888584029697,3.4789306105874522,3.2546105481303305,3.3136420249938965,4682000,0.0,0.0
2022-04-27 00:00:00-04:00,3.3687383727653932,3.541897648206675,3.321512740513882,3.463188886642456,4851800,0.0,0.0
2022-04-28 00:00:00-04:00,3.541897458121226,3.620606215461328,3.471059388858654,3.5655102729797363,3884000,0.0,0.0
2022-04-29 00:00:00-04:00,3.9039578589783535,4.313243745388362,3.872474358124732,4.187309741973877,7933400,0.0,0.0
2022-05-02 00:00:00-04:00,4.203051823605344,4.405333501420677,3.9984086766177898,4.155826568603516,5567200,0.0,0.0
2022-05-03 00:00:00-04:00,4.155826886329123,4.301438194212096,4.029892488049882,4.132214069366455,3245000,0.0,0.0
2022-05-04 00:00:00-04:00,4.045633669456257,4.51001587651766,3.9905377298475755,4.502144813537598,4535500,0.0,0.0
2022-05-05 00:00:00-04:00,4.407694557720262,4.447049124209579,4.0613756486783394,4.250277042388916,3164400,0.0,0.0
2022-05-06 00:00:00-04:00,4.171568328589691,4.234535335384364,3.9472478977424625,4.077117443084717,2309800,0.0,0.0
2022-05-09 00:00:00-04:00,3.84099120401634,3.9433127786841493,3.68357331022441,3.778024196624756,2461100,0.0,0.0
2022-05-10 00:00:00-04:00,3.935442088858116,3.9590549065289866,3.699315413401427,3.8567333221435547,2366100,0.0,0.0
2022-05-11 00:00:00-04:00,3.903958544348142,3.9433131149806315,3.5576395988464355,3.5576395988464355,2229400,0.0,0.0
2022-05-12 00:00:00-04:00,3.526155878246012,3.8055722618852923,3.41202808072084,3.7465407848358154,3488900,0.0,0.0
2022-05-13 00:00:00-04:00,3.8173781587721365,4.108600738082359,3.809507470978508,3.9826667308807373,3165700,0.0,0.0
2022-05-16 00:00:00-04:00,3.9669251480101035,4.16369723025391,3.9118288298691715,3.9275705814361572,2680600,0.0,0.0
2022-05-17 00:00:00-04:00,4.077117739406071,4.269954680871184,3.89215223733183,3.9747965335845947,4048400,0.0,0.0
2022-05-18 00:00:00-04:00,3.880345196412526,4.092859023085971,3.793765753358383,3.8488616943359375,3459900,0.0,0.0
2022-05-19 00:00:00-04:00,3.880345943315642,4.19518139999515,3.880345943315642,3.9905385971069336,3325400,0.0,0.0
2022-05-20 00:00:00-04:00,4.0692471016613245,4.1794393729422685,3.8409914949228705,4.037763595581055,4007500,0.0,0.0
2022-05-23 00:00:00-04:00,4.014150667773311,4.037763484339472,3.844139514435914,3.880345582962036,4030200,0.0,0.0
2022-05-24 00:00:00-04:00,3.801636749025088,3.8252495651508434,3.4474471343296123,3.463188886642456,2720800,0.0,0.0
2022-05-25 00:00:00-04:00,3.549768649527773,4.092859282416549,3.537962054016254,4.084988594055176,4555700,0.0,0.0
2022-05-26 00:00:00-04:00,4.033827607240054,4.273889407777775,4.022021387623565,4.234535217285156,4184200,0.0,0.0
2022-05-27 00:00:00-04:00,4.305372950005774,4.44704908796216,3.974796170504443,4.344727516174316,4179700,0.0,0.0
2022-05-31 00:00:00-04:00,4.407694759191002,4.872077013614302,4.407694759191002,4.785497188568115,22775100,0.0,0.0
2022-06-01 00:00:00-04:00,4.724103917438447,4.966527185715014,4.651691786991406,4.816980361938477,4146500,0.0,0.0
2022-06-02 00:00:00-04:00,4.801238955228189,4.942915101240355,4.675304936828912,4.7776265144348145,2381200,0.0,0.0
2022-06-03 00:00:00-04:00,4.691046831161863,4.816980853374104,4.572983497681392,4.809110164642334,3555300,0.0,0.0
2022-06-06 00:00:00-04:00,5.045236087195125,5.234137482006987,4.816980500977474,4.927173137664795,2978500,0.0,0.0
2022-06-07 00:00:00-04:00,4.612338013306872,5.0058822034279675,4.612338013306872,4.911431312561035,2238300,0.0,0.0
2022-06-08 00:00:00-04:00,4.942915119847762,5.257750167031139,4.872077046575012,4.895689487457275,3468600,0.0,0.0
2022-06-09 00:00:00-04:00,4.69104660698384,4.722530111032351,4.533629086741284,4.565112590789795,2664600,0.0,0.0
2022-06-10 00:00:00-04:00,4.620208348491768,4.620208348491768,4.116471928761201,4.140084743499756,4265600,0.0,0.0
2022-06-13 00:00:00-04:00,3.9433130278990647,4.014150728035011,3.7307988015522477,3.9747965335845947,3053700,0.0,0.0
2022-06-14 00:00:00-04:00,4.069247014019831,4.171568594233453,3.9433129924110593,4.029892444610596,2874200,0.0,0.0
2022-06-15 00:00:00-04:00,4.108601252403787,4.399824243482726,4.061375993791444,4.328986167907715,2642600,0.0,0.0
2022-06-16 00:00:00-04:00,4.147955570944054,4.1558266345590935,3.874048787336005,3.935441732406616,2399900,0.0,0.0
2022-06-17 00:00:00-04:00,4.116471976074079,4.281760555204839,4.057440501518649,4.104665756225586,2340800,0.0,0.0
2022-06-21 00:00:00-04:00,4.171568540400516,4.210922733988908,3.9511836301161822,3.9669253826141357,2901700,0.0,0.0
2022-06-22 00:00:00-04:00,3.8960872425204833,4.112536617174505,3.8646037380594955,3.9118289947509766,2061600,0.0,0.0
2022-06-23 00:00:00-04:00,3.9511833964431173,4.077117408979006,3.797701037180282,3.9275705814361572,2853400,0.0,0.0
2022-06-24 00:00:00-04:00,3.982666988157939,4.04169883933182,3.880345413040254,3.935441732406616,2415300,0.0,0.0
2022-06-27 00:00:00-04:00,4.061375993791444,4.297502662166153,4.029892488049882,4.132214069366455,2611400,0.0,0.0
2022-06-28 00:00:00-04:00,4.179438813515493,4.321114571913105,4.1479553116493575,4.226664066314697,2604000,0.0,0.0
2022-06-29 00:00:00-04:00,4.179439031222816,4.2109225347289305,4.025956670145784,4.069246768951416,1467500,0.0,0.0
2022-06-30 00:00:00-04:00,3.9291453377466783,3.9944734431533067,3.875623077830883,3.9747965335845947,2588800,0.0,0.0
2022-07-01 00:00:00-04:00,3.9433132536031392,4.195181313503594,3.8960876170587904,4.171568870544434,1538100,0.0,0.0
2022-07-05 00:00:00-04:00,4.045634169930701,4.12434293290348,3.9747964709116936,4.116472244262695,1462900,0.0,0.0
2022-07-06 00:00:00-04:00,4.045634000696239,4.045634000696239,3.7858949060948213,3.896087169647217,2469500,0.0,0.0
2022-07-07 00:00:00-04:00,3.9747965834205155,4.147955866861999,3.9590548303803805,4.037763595581055,1699100,0.0,0.0
2022-07-08 00:00:00-04:00,3.9905385971069336,4.061376302757882,3.9118294514522907,3.9905385971069336,1730300,0.0,0.0
2022-07-11 00:00:00-04:00,3.84099120401634,3.9039582114079248,3.7670046325495568,3.778024196624756,2392600,0.0,0.0
2022-07-12 00:00:00-04:00,3.7780240519165704,3.8764100910257215,3.707185983657837,3.707185983657837,2064000,0.0,0.0
2022-07-13 00:00:00-04:00,3.620606383030236,3.754411464357656,3.5977809737047366,3.715056896209717,1534700,0.0,0.0
2022-07-14 00:00:00-04:00,3.7071865255075127,3.7071865255075127,3.486801600553421,3.534026861190796,2614400,0.0,0.0
2022-07-15 00:00:00-04:00,3.541897613563255,3.565510429458053,3.4277698165831803,3.518284797668457,2106100,0.0,0.0
2022-07-18 00:00:00-04:00,3.652090036624168,3.758347149776795,3.573381272425736,3.581252336502075,1740000,0.0,0.0
2022-07-19 00:00:00-04:00,3.620606091712679,3.7622822253954755,3.5812519020441944,3.691444158554077,1462700,0.0,0.0
2022-07-20 00:00:00-04:00,3.691444416165572,3.758346956115105,3.585187308488206,3.644219160079956,1498400,0.0,0.0
2022-07-21 00:00:00-04:00,3.620606383030236,3.7701532165542364,3.5733811264404953,3.715056896209717,1418100,0.0,0.0
2022-07-22 00:00:00-04:00,3.6835733016243926,3.6993150534355363,3.522220251731925,3.5418975353240967,1261800,0.0,0.0
2022-07-25 00:00:00-04:00,3.5891229119844437,3.659960985183716,3.530091434527037,3.659960985183716,1034400,0.0,0.0
2022-07-26 00:00:00-04:00,3.683573372149705,3.683573372149705,3.5025430351990776,3.596993923187256,1845300,0.0,0.0
2022-07-27 00:00:00-04:00,3.636348174792175,3.6835734318957507,3.534026596744603,3.6206064224243164,1103500,0.0,0.0
2022-07-28 00:00:00-04:00,3.6127356752997897,3.6245418955559465,3.494672346799298,3.596993923187256,1218900,0.0,0.0
2022-07-29 00:00:00-04:00,3.4868011438539943,3.589122716156117,3.455317640886104,3.526155710220337,3255700,0.0,0.0
2022-08-01 00:00:00-04:00,3.502543106452548,3.541897675190974,3.3766090869903564,3.3766090869903564,2169300,0.0,0.0
2022-08-02 00:00:00-04:00,3.3136420196031056,3.569445586013039,3.3136420196031056,3.518284797668457,1969100,0.0,0.0
2022-08-03 00:00:00-04:00,3.518284701776101,3.612735587468017,3.494672261837847,3.589122772216797,1262600,0.0,0.0
2022-08-04 00:00:00-04:00,3.667831494428755,3.722927812592285,3.557639233414658,3.6835732460021973,1454000,0.0,0.0
2022-08-05 00:00:00-04:00,3.5969942506869717,3.6127360042327634,3.526156172074405,3.534026861190796,998500,0.0,0.0
2022-08-08 00:00:00-04:00,3.5418973846487622,3.6206061403561445,3.467124160554987,3.5497684478759766,1654700,0.0,0.0
2022-08-09 00:00:00-04:00,3.557639287135241,3.5773165707274126,3.494672279890665,3.5418975353240967,1213600,0.0,0.0
2022-08-10 00:00:00-04:00,3.573380943736662,3.6245417295879854,3.4907366551019017,3.6127355098724365,1278200,0.0,0.0
2022-08-11 00:00:00-04:00,3.6442192328408756,3.9189130551768785,3.628477480498035,3.659960985183716,1760200,0.0,0.0
2022-08-12 00:00:00-04:00,3.557639708483196,3.766218038512005,3.557639708483196,3.6757030487060547,1247200,0.0,0.0
2022-08-15 00:00:00-04:00,3.644219334152399,3.848862120298519,3.596994075810987,3.7858951091766357,1205000,0.0,0.0
2022-08-16 00:00:00-04:00,3.7307984828948975,3.8095076156989602,3.691444291805827,3.7307984828948975,936700,0.0,0.0
2022-08-17 00:00:00-04:00,3.7386694645033227,3.7386694645033227,3.5025428218831953,3.510413885116577,1244000,0.0,0.0
2022-08-18 00:00:00-04:00,3.502543196990651,3.581252336502075,3.4537438757815213,3.581252336502075,1109500,0.0,0.0
2022-08-19 00:00:00-04:00,3.5340263983058295,3.573380964672172,3.4946722072524468,3.526155710220337,912700,0.0,0.0
2022-08-22 00:00:00-04:00,3.510414418528613,3.589123186257571,3.439576339916046,3.534026861190796,1379200,0.0,0.0
2022-08-23 00:00:00-04:00,3.5497689099077383,3.636348364798414,3.4868015218331547,3.5576395988464355,951300,0.0,0.0
2022-08-24 00:00:00-04:00,3.5104139619198107,3.833120055289811,3.5025428985142204,3.7307984828948975,1757500,0.0,0.0
2022-08-25 00:00:00-04:00,3.8409914121974373,4.132214024824218,3.8213141274928195,4.029892444610596,2732400,0.0,0.0
2022-08-26 00:00:00-04:00,4.210923067247372,4.2502776392633255,4.025957179273216,4.171568870544434,3282000,0.0,0.0
2022-08-29 00:00:00-04:00,4.132213552089136,4.242405808390554,3.9747960430871094,3.9826667308807373,1408800,0.0,0.0
2022-08-30 00:00:00-04:00,3.9826671087567833,3.9826671087567833,3.734734227069973,3.817378520965576,1384100,0.0,0.0
2022-08-31 00:00:00-04:00,3.911828805320894,4.084988446784057,3.8331200479798926,4.053504943847656,1789500,0.0,0.0
2022-09-01 00:00:00-04:00,4.069246972165346,4.155826798787349,3.88821663030824,4.124342918395996,1534900,0.0,0.0
2022-09-02 00:00:00-04:00,4.100729926969952,4.218793242827498,3.9826666111124056,4.187309741973877,2318200,0.0,0.0
2022-09-06 00:00:00-04:00,4.108601327514571,4.171568715461817,3.9354420427703936,3.951183795928955,1348800,0.0,0.0
2022-09-07 00:00:00-04:00,3.927571124546347,4.226664820991151,3.8882169278434078,4.171568870544434,1327800,0.0,0.0
2022-09-08 00:00:00-04:00,4.108600960677576,4.155826591249713,3.9905380101861305,4.069246768951416,958600,0.0,0.0
2022-09-09 00:00:00-04:00,4.147955491122636,4.171568306200388,4.022021478209193,4.163697242736816,1144900,0.0,0.0
2022-09-12 00:00:00-04:00,4.171568284723243,4.250277042388916,4.112536434989267,4.250277042388916,1313100,0.0,0.0
2022-09-13 00:00:00-04:00,4.136149571801663,4.218793867609861,3.998408953683671,4.022021770477295,1430100,0.0,0.0
2022-09-14 00:00:00-04:00,4.0141510405529095,4.0456345486895575,3.8921525403516517,3.9905385971069336,1539200,0.0,0.0
2022-09-15 00:00:00-04:00,3.943312849601073,4.057440646379048,3.903958281617092,3.998408794403076,1310700,0.0,0.0
2022-09-16 00:00:00-04:00,3.9039582615879933,3.927570702006859,3.581252156901691,3.6048645973205566,6240200,0.0,0.0
2022-09-19 00:00:00-04:00,3.5733810673015727,3.9196999852077874,3.557639315365516,3.896087169647217,1970900,0.0,0.0
2022-09-20 00:00:00-04:00,3.864603585104534,4.0849884829219345,3.864603585104534,3.959054470062256,2191500,0.0,0.0
2022-09-21 00:00:00-04:00,3.9590547650748054,3.9590547650748054,3.770153356396165,3.7858951091766357,1319500,0.0,0.0
2022-09-22 00:00:00-04:00,3.8095076156989602,3.9118288127809135,3.707186043304047,3.7307984828948975,1743400,0.0,0.0
2022-09-23 00:00:00-04:00,3.6206060665784503,3.6914441329280914,3.4238339936631768,3.4946720600128174,2122700,0.0,0.0
2022-09-26 00:00:00-04:00,3.4868011234257326,3.7504757407217313,3.4789304353863524,3.6127355098724365,1588700,0.0,0.0
2022-09-27 00:00:00-04:00,3.644218905764127,3.880345169713877,3.644218905764127,3.691444158554077,1758900,0.0,0.0
2022-09-28 00:00:00-04:00,3.6284774179969626,3.8764102946107535,3.626115948764074,3.840991258621216,1683100,0.0,0.0
2022-09-29 00:00:00-04:00,3.644219086687706,3.8173783555143146,3.6166707397078395,3.6284773349761963,1816800,0.0,0.0
2022-09-30 00:00:00-04:00,3.5576394841144143,3.7111218542557967,3.5497687954295425,3.636348247528076,1111300,0.0,0.0
2022-10-03 00:00:00-04:00,3.6127357031898253,3.7701532255304153,3.589122887182248,3.7465407848358154,1202300,0.0,0.0
2022-10-04 00:00:00-04:00,3.848861786233418,4.069246681344512,3.8291845031374874,4.061375617980957,1459400,0.0,0.0
2022-10-05 00:00:00-04:00,4.029892794621234,4.108601564962855,3.9118294514522907,3.9905385971069336,1188100,0.0,0.0
2022-10-06 00:00:00-04:00,3.9433124661355827,4.045633657380404,3.896086839022048,4.006279468536377,1462200,0.0,0.0
2022-10-07 00:00:00-04:00,3.9196999073028564,3.9708606939064506,3.888216404056485,3.9196999073028564,1232500,0.0,0.0
2022-10-10 00:00:00-04:00,3.876410244185583,3.947247939930213,3.7150568184085,3.7386696338653564,1216700,0.0,0.0
2022-10-11 00:00:00-04:00,3.6520897041459977,3.7229277731321413,3.549768507659628,3.573380947113037,2014300,0.0,0.0
2022-10-12 00:00:00-04:00,3.5733811847195542,3.8095078468322754,3.518284863476457,3.8095078468322754,1552700,0.0,0.0
2022-10-13 00:00:00-04:00,3.6520895170625023,4.014150156180007,3.6520895170625023,4.006279468536377,1596200,0.0,0.0
2022-10-14 00:00:00-04:00,4.0141504547711735,4.04563395831346,3.825249433517456,3.825249433517456,1239200,0.0,0.0
2022-10-17 00:00:00-04:00,3.982667027266393,4.022021595102096,3.8331201949288856,3.840991258621216,918600,0.0,0.0
2022-10-18 00:00:00-04:00,3.935441646490239,3.9669251496371243,3.667831494428755,3.6835732460021973,984500,0.0,0.0
2022-10-19 00:00:00-04:00,3.6048646015384964,3.6638964532806786,3.3844800725773423,3.400221824645996,1752700,0.0,0.0
2022-10-20 00:00:00-04:00,3.4395759105682373,3.685147685604505,3.4041568756831633,3.4395759105682373,1611600,0.0,0.0
2022-10-21 00:00:00-04:00,3.4002220669424785,3.628477675859717,3.3836929070765125,3.5576395988464355,1286200,0.0,0.0
2022-10-24 00:00:00-04:00,3.3057709369210992,3.4631888329206117,3.223126644732423,3.400221824645996,2744800,0.0,0.0
2022-10-25 00:00:00-04:00,3.494672227120888,3.762282379182372,3.4789304755474455,3.6835732460021973,2272800,0.0,0.0
2022-10-26 00:00:00-04:00,3.659960886200747,3.9590545479387624,3.6206063187514927,3.935441732406616,1739200,0.0,0.0
2022-10-27 00:00:00-04:00,3.8095077003205478,3.978731438857189,3.778024196624756,3.778024196624756,1662000,0.0,0.0
2022-10-28 00:00:00-04:00,3.6127354791523976,3.7544112404731558,3.5812519766366737,3.6678314208984375,1568600,0.0,0.0
2022-10-31 00:00:00-04:00,3.6206065450201192,3.9118291613429585,3.596994103325291,3.699315309524536,1698700,0.0,0.0
2022-11-01 00:00:00-04:00,3.896087400991746,4.140085133458342,3.896087400991746,4.132214069366455,1870100,0.0,0.0
2022-11-02 00:00:00-04:00,4.132213999978141,4.140085063937857,3.880345582962036,3.880345582962036,1893800,0.0,0.0
2022-11-03 00:00:00-04:00,3.809507645940557,4.053504983756416,3.8016365824724825,3.9196999073028564,1795700,0.0,0.0
2022-11-04 00:00:00-04:00,4.250277042388916,4.273889482032137,4.053504960568253,4.250277042388916,1997800,0.0,0.0
2022-11-07 00:00:00-05:00,4.328986076718371,4.395888618838148,4.124342918395996,4.124342918395996,1633900,0.0,0.0
2022-11-08 00:00:00-05:00,4.092859455414982,4.147955777525314,3.900022890998302,4.029892444610596,1082800,0.0,0.0
2022-11-09 00:00:00-05:00,3.9196998869348616,3.9590544534448084,3.7150567415838753,3.762282371520996,1376200,0.0,0.0
2022-11-10 00:00:00-05:00,3.86460387307899,3.9590547650748054,3.7189925660313876,3.7858951091766357,2425200,0.0,0.0
2022-11-11 00:00:00-05:00,3.927570738696187,4.415565807438013,3.911828986498901,4.391952991485596,2233300,0.0,0.0
2022-11-14 00:00:00-05:00,4.376211054653993,4.4785326272758486,4.206986944188075,4.250277042388916,1379600,0.0,0.0
2022-11-15 00:00:00-05:00,4.439177669494014,4.8799470488830075,4.42343591934844,4.840592861175537,3577900,0.0,0.0
2022-11-16 00:00:00-05:00,4.7461431819529025,4.7697556236025775,4.470661943744744,4.525758266448975,1268500,0.0,0.0
2022-11-17 00:00:00-05:00,4.352598943947169,4.6320153362612,4.336857191224392,4.620208740234375,2160900,0.0,0.0
2022-11-18 00:00:00-05:00,4.620208706300016,4.620208706300016,4.2935670582167615,4.313244342803955,1066900,0.0,0.0
2022-11-21 00:00:00-05:00,4.210922226338957,4.218793289295526,3.9826666549796097,4.006279468536377,1395900,0.0,0.0
2022-11-22 00:00:00-05:00,4.006280351175258,4.006280351175258,3.837056213456006,3.9905385971069336,2203800,0.0,0.0
2022-11-23 00:00:00-05:00,4.108600946482053,4.124342698180721,4.010214904537135,4.077117443084717,1329700,0.0,0.0
2022-11-25 00:00:00-05:00,3.990538413214811,4.022021919900636,3.8409915688006424,3.8567333221435547,1014500,0.0,0.0
2022-11-28 00:00:00-05:00,3.82524981545773,3.974796659871899,3.82524981545773,3.8567333221435547,2268900,0.0,0.0
2022-11-29 00:00:00-05:00,4.100730607741594,4.195181125982403,3.998409025324219,4.037763595581055,2122000,0.0,0.0
2022-11-30 00:00:00-05:00,4.258147561025711,4.533628764860921,4.1873098696024105,4.517886638641357,3715900,0.0,0.0
2022-12-01 00:00:00-05:00,4.415565833169621,4.439178273946663,4.297502503345475,4.305373191833496,1263900,0.0,0.0
2022-12-02 00:00:00-05:00,4.273889241496927,4.525757627164847,4.226663989555369,4.502144813537598,1800900,0.0,0.0
2022-12-05 00:00:00-05:00,4.683175594791878,4.777626483288572,4.321114918941319,4.391952991485596,1723400,0.0,0.0
2022-12-06 00:00:00-05:00,4.4470489472180565,4.525757701751139,4.230599590767369,4.517886638641357,1359700,0.0,0.0
2022-12-07 00:00:00-05:00,4.313244415036934,4.368340737741164,4.092859499533006,4.132214069366455,2929600,0.0,0.0
2022-12-08 00:00:00-05:00,4.691046567506054,5.682777687314128,4.691046567506054,5.344329833984375,20557800,0.0,0.0
2022-12-09 00:00:00-05:00,5.5883273628620715,7.469468465751895,5.533231417054672,7.0286993980407715,45575300,0.0,0.0
2022-12-12 00:00:00-05:00,6.595800516493555,6.792572605587185,5.989742497097698,6.312448978424072,8551200,0.0,0.0
2022-12-13 00:00:00-05:00,6.674509236940025,6.981473981566772,6.036968056610767,6.414770126342773,5256200,0.0,0.0
2022-12-14 00:00:00-05:00,6.336061436792958,6.847668569627553,6.2888358050020035,6.705993175506592,4873100,0.0,0.0
2022-12-15 00:00:00-05:00,6.572188434812247,6.831927546547247,6.316384104523119,6.595800876617432,4730300,0.0,0.0
2022-12-16 00:00:00-05:00,6.6430252202002285,6.792572424269988,6.46199526336686,6.572187900543213,3767800,0.0,0.0
2022-12-19 00:00:00-05:00,6.58399379111497,6.58399379111497,6.194385152466081,6.399028301239014,2085100,0.0,0.0
2022-12-20 00:00:00-05:00,6.233739536208618,6.587929129046989,6.1943849701985965,6.540704250335693,1954100,0.0,0.0
2022-12-21 00:00:00-05:00,6.517090982685276,7.036569146074014,6.446252914836647,7.020827770233154,3175800,0.0,0.0
2022-12-22 00:00:00-05:00,6.95786124107814,7.0837952589142406,6.619413005174154,6.745347023010254,3260900,0.0,0.0
2022-12-23 00:00:00-05:00,6.831926871157408,6.95392535082067,6.524962155531931,6.5800580978393555,1503000,0.0,0.0
2022-12-27 00:00:00-05:00,6.627283559092804,7.036569085572827,6.336060977594776,6.997215270996094,2557800,0.0,0.0
2022-12-28 00:00:00-05:00,7.028698753931243,7.162503824881008,6.7099274522195635,6.721734046936035,3405900,0.0,0.0
2022-12-29 00:00:00-05:00,6.768960476698999,7.193988178683523,6.5407048728670505,7.16250467300415,1974000,0.0,0.0
2022-12-30 00:00:00-05:00,6.86341130159931,7.272696893789892,6.86341130159931,7.068053722381592,1542400,0.0,0.0
2023-01-03 00:00:00-05:00,7.375017309215984,7.705594456534173,7.35534040189086,7.485209941864014,3398500,0.0,0.0
2023-01-04 00:00:00-05:00,7.658369670989366,7.792174757279863,7.519055740617335,7.5717902183532715,1673700,0.0,0.0
2023-01-05 00:00:00-05:00,7.375017446073227,7.737078102205866,7.225470995999837,7.7292070388793945,2391600,0.0,0.0
2023-01-06 00:00:00-05:00,7.6426275941659485,7.88662530290517,7.552112617789267,7.7292070388793945,1570000,0.0,0.0
2023-01-09 00:00:00-05:00,7.97320516803871,8.169977257820635,7.76856201451528,7.784304141998291,2632100,0.0,0.0
2023-01-10 00:00:00-05:00,7.839399658793957,8.08339736707321,7.772497121896897,8.020429611206055,1228800,0.0,0.0
2023-01-11 00:00:00-05:00,7.988946289745459,8.476941717369913,7.925979283076354,8.311653137207031,2153800,0.0,0.0
2023-01-12 00:00:00-05:00,8.240815682416839,8.256557059946612,7.760691282430024,7.9495930671691895,3276500,0.0,0.0
2023-01-13 00:00:00-05:00,7.988946005107749,8.524166293351733,7.933850063891775,8.382490158081055,2047500,0.0,0.0
2023-01-17 00:00:00-05:00,8.543844097195562,8.634359832352288,7.918109518889904,8.04404354095459,2601300,0.0,0.0
2023-01-18 00:00:00-05:00,8.091268121657484,8.177848321562141,7.723697851939841,7.784304141998291,2495300,0.0,0.0
2023-01-19 00:00:00-05:00,7.792174388167669,8.09913911581554,7.76856194777197,7.894495964050293,1418300,0.0,0.0
2023-01-20 00:00:00-05:00,8.099139213562012,8.288040240259294,7.969269663879386,8.099139213562012,2138000,0.0,0.0
2023-01-23 00:00:00-05:00,8.099138648974582,8.232943721214152,7.8433350993257225,8.091267585754395,1808100,0.0,0.0
2023-01-24 00:00:00-05:00,7.949593067510931,8.154235479162681,7.911025153778061,8.14636516571045,1837700,0.0,0.0
2023-01-25 00:00:00-05:00,8.059784520528991,8.402168282913339,8.028301016567001,8.185718536376953,1387400,0.0,0.0
2023-01-26 00:00:00-05:00,8.30378256061072,9.082999876799887,8.284104900731617,8.901969909667969,2700100,0.0,0.0
2023-01-27 00:00:00-05:00,8.862615512736255,8.972807407696372,8.681584791460939,8.77603530883789,1738300,0.0,0.0
2023-01-30 00:00:00-05:00,8.453329264125346,8.500554898558747,7.902367532407629,8.07552719116211,3047400,0.0,0.0
2023-01-31 00:00:00-05:00,8.067655563354492,8.264427650265578,8.020429932220416,8.067655563354492,2117400,0.0,0.0
2023-02-01 00:00:00-05:00,8.240815090518428,9.005077642813879,8.19358946006913,8.839001655578613,2906500,0.0,0.0
2023-02-02 00:00:00-05:00,8.846873091261179,8.984613706021335,8.59106952135001,8.713068008422852,1502900,0.0,0.0
2023-02-03 00:00:00-05:00,8.46120048981444,8.728810671918033,8.1786355857403,8.22507381439209,1168900,0.0,0.0
2023-02-06 00:00:00-05:00,7.949591991684647,8.343136134824958,7.705594292662265,8.114880561828613,3390800,0.0,0.0
2023-02-07 00:00:00-05:00,8.225072700243757,8.5241663485141,8.225072700243757,8.484811782836914,1136900,0.0,0.0
2023-02-08 00:00:00-05:00,8.421844970975906,8.53990867071269,8.177848009313214,8.209331512451172,744000,0.0,0.0
2023-02-09 00:00:00-05:00,8.492683443824243,8.57768883126918,8.150299674148965,8.201460838317871,1064700,0.0,0.0
2023-02-10 00:00:00-05:00,7.9732052279185455,8.08733265052368,7.776433136658836,7.807916641235352,1157400,0.0,0.0
2023-02-13 00:00:00-05:00,7.831529068529592,8.311653450777383,7.831529068529592,8.217202186584473,1698400,0.0,0.0
2023-02-14 00:00:00-05:00,8.02830116934399,8.28016995645887,7.981076287815296,8.08339786529541,1359800,0.0,0.0
2023-02-15 00:00:00-05:00,8.012560331950182,8.232944878718904,8.004689267623368,8.22507381439209,879000,0.0,0.0
2023-02-16 00:00:00-05:00,7.9495927274401454,8.091268121657484,7.752820637658221,7.784304141998291,1207300,0.0,0.0
2023-02-17 00:00:00-05:00,7.587532301724542,7.626886120474275,7.440346557547336,7.469468593597412,1021400,0.0,0.0
2023-02-21 00:00:00-05:00,7.31205025471561,7.41437182347923,7.249083250957366,7.3041791915893555,1214800,0.0,0.0
2023-02-22 00:00:00-05:00,7.2412127576237815,7.351405398184435,7.17431021703802,7.233341693878174,945000,0.0,0.0
2023-02-23 00:00:00-05:00,7.241212551352894,7.3750176287128895,7.123149601035689,7.178245544433594,869000,0.0,0.0
2023-02-24 00:00:00-05:00,7.028698833466536,7.044440209307396,6.926377263310284,7.020827770233154,1126200,0.0,0.0
2023-02-27 00:00:00-05:00,7.146762235762003,7.170374676343824,7.00902162288713,7.036569595336914,1098800,0.0,0.0
2023-02-28 00:00:00-05:00,6.973603222105998,7.006661542683823,6.847669193360448,6.934249401092529,1774200,0.0,0.0
2023-03-01 00:00:00-05:00,7.256955293280425,7.398630695540099,7.0759245700791835,7.0916666984558105,1198600,0.0,0.0
2023-03-02 00:00:00-05:00,7.01295710635669,7.2884383302052616,6.976751414422826,7.209729194641113,1247900,0.0,0.0
2023-03-03 00:00:00-05:00,7.178245823968887,7.375017915910883,7.146762319283207,7.319921970367432,942200,0.0,0.0
2023-03-06 00:00:00-05:00,7.280566914106975,7.3120504166834825,7.005085703593103,7.044440269470215,1100500,0.0,0.0
2023-03-07 00:00:00-05:00,6.957861019831945,6.997215586810818,6.753217872042551,6.768959999084473,1790100,0.0,0.0
2023-03-08 00:00:00-05:00,6.611541383687432,6.824055583828718,6.603671071206041,6.8161845207214355,1030100,0.0,0.0
2023-03-09 00:00:00-05:00,6.753217767392968,6.776830206964014,6.564316749572754,6.564316749572754,879500,0.0,0.0
2023-03-10 00:00:00-05:00,6.517091693511247,6.7925729317194055,6.446253617936236,6.690251350402832,2110000,0.0,0.0
2023-03-13 00:00:00-04:00,6.68237971517431,6.843732762137373,6.564316766390677,6.761088848114014,1229400,0.0,0.0
2023-03-14 00:00:00-04:00,6.74534668647748,6.863410385277963,6.737476373724849,6.855539321899414,873600,0.0,0.0
2023-03-15 00:00:00-04:00,6.627283875128984,6.753217889282115,6.430511790358232,6.611541748046875,2338500,0.0,0.0
2023-03-16 00:00:00-04:00,6.1078054935386055,6.1078054935386055,5.391554872967107,6.068450927734375,4520200,0.0,0.0
2023-03-17 00:00:00-04:00,6.107805750187056,6.304577836850615,5.9031625999067305,6.2258687019348145,1799100,0.0,0.0
2023-03-20 00:00:00-04:00,6.178643459417943,6.729605528444754,6.084192947692079,6.698122024536133,2585400,0.0,0.0
2023-03-21 00:00:00-04:00,6.7138634011774725,6.776830408994715,6.635155016718891,6.698122024536133,2018900,0.0,0.0
2023-03-22 00:00:00-04:00,6.698121824851885,6.784701270363003,6.548574622774776,6.564316749572754,1242700,0.0,0.0
2023-03-23 00:00:00-04:00,6.800443332941565,6.800443332941565,6.544639029271531,6.674508571624756,1857500,0.0,0.0
2023-03-24 00:00:00-04:00,6.619413085117967,6.650896589957223,6.493479065760939,6.556446075439453,1134100,0.0,0.0
2023-03-27 00:00:00-04:00,6.477736670352689,6.627283875128984,6.442318385669814,6.611541748046875,1564700,0.0,0.0
2023-03-28 00:00:00-04:00,6.741411384470154,6.934248690685043,6.705993099311807,6.894894123077393,1438000,0.0,0.0
2023-03-29 00:00:00-04:00,6.847668578449761,6.946054623400551,6.768960192864702,6.902765274047852,920700,0.0,0.0
2023-03-30 00:00:00-04:00,6.973602253440602,7.154632957585849,6.898829403400487,7.146761894226074,1140000,0.0,0.0
2023-03-31 00:00:00-04:00,7.099537661645405,7.327793265477354,7.075924469416387,7.16250467300415,1809500,0.0,0.0
2023-04-03 00:00:00-04:00,7.162504342149444,7.249083791111893,7.075924142561045,7.193987846374512,1147600,0.0,0.0
2023-04-04 00:00:00-04:00,7.138890565165852,7.17037406680726,6.8948936151014095,6.989344120025635,976100,0.0,0.0
2023-04-05 00:00:00-04:00,6.942119262838986,6.942119262838986,6.705993349630944,6.776830673217773,1038500,0.0,0.0
2023-04-06 00:00:00-04:00,6.831926761862322,6.973602147047209,6.788636664669934,6.9421186447143555,998600,0.0,0.0
2023-04-10 00:00:00-04:00,6.910635686212634,6.957861318741278,6.784701666970867,6.831927299499512,1106100,0.0,0.0
2023-04-11 00:00:00-04:00,6.855539515105736,6.910635459056486,6.713863372802734,6.713863372802734,1149600,0.0,0.0
2023-04-12 00:00:00-04:00,6.690250714050445,6.7610887828875965,6.320318993804165,6.383285999298096,1097700,0.0,0.0
2023-04-13 00:00:00-04:00,6.517091420048507,6.623348528952384,6.49347897938963,6.548574924468994,761300,0.0,0.0
2023-04-14 00:00:00-04:00,6.9342485429290255,7.193987632728633,6.847668345911871,6.863410472869873,1871700,0.0,0.0
2023-04-17 00:00:00-04:00,6.92637779749146,7.27269634958435,6.92637779749146,7.241212844848633,2533800,0.0,0.0
2023-04-18 00:00:00-04:00,7.280567559054013,7.296309687049734,7.091666526861225,7.272696495056152,1642700,0.0,0.0
2023-04-19 00:00:00-04:00,7.12314986485195,7.178245810290413,6.879152141033401,6.926377773284912,1865300,0.0,0.0
2023-04-20 00:00:00-04:00,6.918506513252603,7.012957024450905,6.682379859943878,6.792572498321533,1044800,0.0,0.0
2023-04-21 00:00:00-04:00,6.682380330320434,6.753218406361978,6.430512282729159,6.595800876617432,2237500,0.0,0.0
2023-04-24 00:00:00-04:00,6.532833763547176,6.532833763547176,6.379351017625451,6.469866752624512,1403800,0.0,0.0
2023-04-25 00:00:00-04:00,6.383286592287546,6.406899784510806,6.280965386511034,6.375416278839111,1878800,0.0,0.0
2023-04-26 00:00:00-04:00,6.595800192374177,6.6194126317298245,6.4698661816428364,6.540704250335693,1389200,0.0,0.0
2023-04-27 00:00:00-04:00,6.463146740257307,6.841456374556134,6.385588847881162,6.704437732696533,1395800,0.72,0.0
2023-04-28 00:00:00-04:00,6.842317814517778,7.212871399464592,6.807847732704856,7.204253673553467,1460000,0.0,0.0
2023-05-01 00:00:00-04:00,7.195636770449249,7.299047015902034,7.084470078576454,7.135313510894775,696300,0.0,0.0
2023-05-02 00:00:00-04:00,7.049139059924132,7.070682553920514,6.695820087745321,6.7819952964782715,871300,0.0,0.0
2023-05-03 00:00:00-04:00,6.82508292825527,6.954345532524691,6.747525036960979,6.9026408195495605,1282200,0.0,0.0
2023-05-04 00:00:00-04:00,6.885405045636791,7.178401144911813,6.863861553208975,7.118078708648682,717400,0.0,0.0
2023-05-05 00:00:00-04:00,7.24734146092598,7.367987157848208,7.143931215777602,7.195636749267578,554900,0.0,0.0
2023-05-08 00:00:00-04:00,7.187019199984411,7.187019199984411,6.971580978506852,7.074991226196289,524400,0.0,0.0
2023-05-09 00:00:00-04:00,6.807847822869413,6.950036604044056,6.695819850035798,6.868170261383057,845600,0.0,0.0
2023-05-10 00:00:00-04:00,6.885405366081606,7.100843587712432,6.790612844423417,6.937110900878906,1003100,0.0,0.0
2023-05-11 00:00:00-04:00,6.894023058194964,7.4757064180964825,6.876788016986109,7.376605033874512,1059500,0.0,0.0
2023-05-12 00:00:00-04:00,7.324899324984701,7.893656082255167,7.2387237100757815,7.773011207580566,3593000,0.0,0.0
2023-05-15 00:00:00-04:00,7.885038663294362,8.34176828952397,7.798863866862974,8.24697494506836,1711100,0.0,0.0
2023-05-16 00:00:00-04:00,8.083241961541189,8.229740014142367,7.8936561013811515,7.919508457183838,1054800,0.0,0.0
2023-05-17 00:00:00-04:00,7.738540150901849,7.7471578765883935,7.126696420125119,7.6265130043029785,1463200,0.0,0.0
2023-05-18 00:00:00-04:00,7.574807803441309,7.609277885864129,7.195636896790279,7.342134952545166,894200,0.0,0.0
2023-05-19 00:00:00-04:00,7.230106851774487,7.264576933589734,7.040520990874836,7.169783592224121,811400,0.0,0.0
2023-05-22 00:00:00-04:00,7.350751873317934,7.566190094403244,7.281811708317162,7.454162120819092,1088800,0.0,0.0
2023-05-23 00:00:00-04:00,7.385221786232455,7.587734235374599,7.299046992876107,7.333517074584961,695500,0.0,0.0
2023-05-24 00:00:00-04:00,7.376605205426732,7.548955621523514,7.264577229505922,7.3938398361206055,977400,0.0,0.0
2023-05-25 00:00:00-04:00,7.342134981160184,7.3766050637173475,7.014668785951334,7.109461307525635,948400,0.0,0.0
2023-05-26 00:00:00-04:00,7.1784013176516694,7.281811563090438,7.0749910722129,7.204253673553467,695800,0.0,0.0
2023-05-30 00:00:00-04:00,7.204253832887596,7.316281806715175,6.876788048422376,7.006051063537598,949200,0.0,0.0
2023-05-31 00:00:00-04:00,6.937111072321031,6.980198882078376,6.738907887085692,6.954345703125,1858400,0.0,0.0
2023-06-01 00:00:00-04:00,6.962963223030386,7.42400088355412,6.962963223030386,7.376605033874512,1131500,0.0,0.0
2023-06-02 00:00:00-04:00,7.548954966980386,7.773010899394911,7.548954966980386,7.652365207672119,1006600,0.0,0.0
2023-06-05 00:00:00-04:00,7.609278044898685,7.729923746815859,7.514485521712654,7.704070568084717,1296500,0.0,0.0
2023-06-06 00:00:00-04:00,7.9712139943189655,7.9712139943189655,7.518794069319978,7.574807643890381,2098300,0.0,0.0
2023-06-07 00:00:00-04:00,7.376604858296367,7.885038356397962,7.247341435932988,7.773011207580566,1975900,0.0,0.0
2023-06-08 00:00:00-04:00,7.893656248837983,8.165108866247547,7.798863727902987,8.066006660461426,1913900,0.0,0.0
2023-06-09 00:00:00-04:00,8.014302107012327,8.083242273030496,7.885038679354558,7.902274131774902,2299100,0.0,0.0
2023-06-12 00:00:00-04:00,7.953978366608601,8.229739835914305,7.885038204740064,8.005683898925781,1615800,0.0,0.0
2023-06-13 00:00:00-04:00,8.18665250860568,8.26421040070658,8.087551122846355,8.178034782409668,1219400,0.0,0.0
2023-06-14 00:00:00-04:00,8.091859810499058,8.367620468139648,8.057389728293984,8.367620468139648,1622500,0.0,0.0
2023-06-15 00:00:00-04:00,8.367619998709,8.764026332744407,8.29006211264075,8.60891056060791,2180400,0.0,0.0
2023-06-16 00:00:00-04:00,8.557206329406846,8.608911041787929,8.290062575999293,8.43656063079834,1826100,0.0,0.0
2023-06-20 00:00:00-04:00,8.221122594849167,8.23835804724809,7.988449740284929,8.109094619750977,1518400,0.0,0.0
2023-06-21 00:00:00-04:00,8.083241938283441,8.337459098134529,8.040154130848558,8.255592346191406,1183300,0.0,0.0
2023-06-22 00:00:00-04:00,8.212504713789585,8.255592522142798,8.048772028245278,8.134946823120117,594200,0.0,0.0
2023-06-23 00:00:00-04:00,8.022919197547685,8.053080415061938,7.864356663902861,7.997066020965576,754800,0.0,0.0
2023-06-26 00:00:00-04:00,8.014301947890187,8.216813578818785,8.00568422185112,8.066006660461426,1112000,0.0,0.0
2023-06-27 00:00:00-04:00,8.117712495439513,8.169417209925225,8.083242411838496,8.152182579040527,884300,0.0,0.0
2023-06-28 00:00:00-04:00,8.134946649247041,8.341767960555636,7.932435022696403,8.324532508850098,1219600,0.0,0.0
2023-06-29 00:00:00-04:00,8.341768745099738,8.341768745099738,8.203888405814066,8.30729866027832,741700,0.0,0.0
2023-06-30 00:00:00-04:00,8.376238853130156,8.458104791163079,8.27282859837937,8.281445503234863,1126500,0.0,0.0
2023-07-03 00:00:00-04:00,8.402090226276604,8.561514863970812,8.341767790202253,8.514118194580078,1149200,0.0,0.0
2023-07-05 00:00:00-04:00,8.34607728638029,8.608911364814727,8.32022410738809,8.565823554992676,1076200,0.0,0.0
2023-07-06 00:00:00-04:00,8.42794290306966,8.617528766035282,8.42794290306966,8.505500793457031,1014700,0.0,0.0
2023-07-07 00:00:00-04:00,8.539970701888713,8.686468753677104,8.471030538909654,8.62614631652832,940100,0.0,0.0
2023-07-10 00:00:00-04:00,8.56582353310998,8.617529069130672,8.496883366303463,8.591676712036133,802500,0.0,0.0
2023-07-11 00:00:00-04:00,8.66061624646297,8.76402648912195,8.565822907651906,8.720938682556152,1062200,0.0,0.0
2023-07-12 00:00:00-04:00,8.764026942831936,8.90190727351525,8.764026942831936,8.850202560424805,899100,0.0,0.0
2023-07-13 00:00:00-04:00,8.919143018686597,9.35001947713848,8.876055208475085,9.324166297912598,1438700,0.0,0.0
2023-07-14 00:00:00-04:00,9.28969558776291,9.375871202375647,9.057022743239033,9.246607780456543,1265800,0.0,0.0
2023-07-17 00:00:00-04:00,9.151814785009925,9.16905023576708,8.933791099554771,9.143197059631348,629800,0.0,0.0
2023-07-18 00:00:00-04:00,9.031169723751258,9.065640627664655,8.574440930709319,8.807114601135254,1786700,0.0,0.0
2023-07-19 00:00:00-04:00,8.936376895341173,9.082874944595254,8.832966652661508,8.858819007873535,1000000,0.0,0.0
2023-07-20 00:00:00-04:00,8.764026641224817,8.91052469299212,8.720938833911216,8.901906967163086,882500,0.0,0.0
2023-07-21 00:00:00-04:00,8.96223006482256,9.005317875311748,8.764027287136578,8.8157320022583,890100,0.0,0.0
2023-07-24 00:00:00-04:00,8.69508647765847,9.225926389949603,8.69508647765847,9.039787292480469,1071000,0.0,0.0
2023-07-25 00:00:00-04:00,9.272461115511241,9.384489087678922,8.819179084355044,9.013935089111328,1310400,0.0,0.0
2023-07-26 00:00:00-04:00,8.988083221495712,9.065641115813879,8.781261896036725,8.841585159301758,1705900,0.0,0.0
2023-07-27 00:00:00-04:00,8.772644368978913,8.78126127297827,8.402090376564825,8.488265991210938,1924100,0.0,0.0
2023-07-28 00:00:00-04:00,8.729556539456627,9.117345160714853,8.729556539456627,9.065640449523926,1203000,0.0,0.0
2023-07-31 00:00:00-04:00,9.074257373358142,9.272460958241263,8.91914241761436,9.177667617797852,1064800,0.0,0.0
2023-08-01 00:00:00-04:00,9.082874606731524,9.28107818086846,8.970846642537868,9.169050216674805,697000,0.0,0.0
2023-08-02 00:00:00-04:00,8.979465162281402,9.022552971064874,8.764026940195631,8.919142723083496,1035000,0.0,0.0
2023-08-03 00:00:00-04:00,9.108727933939937,9.177668100525867,9.013935410342187,9.074257850646973,732500,0.0,0.0
2023-08-04 00:00:00-04:00,9.203520945555072,9.58269184802505,9.203520945555072,9.289695739746094,1475200,0.0,0.0
2023-08-07 00:00:00-04:00,9.31554941899679,9.341401776462263,8.837276285811601,8.97946548461914,1231700,0.0,0.0
2023-08-08 00:00:00-04:00,8.764027108713282,8.966538745508492,8.634764501708954,8.93637752532959,1087500,0.0,0.0
2023-08-09 00:00:00-04:00,9.013934783689477,9.07425721980062,8.87605446010312,8.927759170532227,469900,0.0,0.0
2023-08-10 00:00:00-04:00,9.082874925191229,9.177667441987191,8.940685739081507,8.953612327575684,591100,0.0,0.0
2023-08-11 00:00:00-04:00,8.695086958081573,8.78987948193723,8.453796374374328,8.660616874694824,1342700,0.0,0.0
2023-08-14 00:00:00-04:00,8.617529680760825,8.75541002415993,8.522737150131858,8.738175392150879,1252800,0.0,0.0
2023-08-15 00:00:00-04:00,8.626146641560263,8.751100383481207,8.419326144830121,8.617528915405273,864900,0.0,0.0
2023-08-16 00:00:00-04:00,8.46241283416748,8.522736093298157,8.281444700438591,8.46241283416748,997100,0.0,0.0
2023-08-17 00:00:00-04:00,8.677851513851786,8.677851513851786,8.436560929911549,8.522736549377441,739700,0.0,0.0
2023-08-18 00:00:00-04:00,8.290062583057932,8.359002747512466,8.040154281452345,8.160799980163574,2220800,0.0,0.0
2023-08-21 00:00:00-04:00,8.100476415635647,8.100476415635647,7.919508285281817,7.9712138175964355,1075700,0.0,0.0
2023-08-22 00:00:00-04:00,8.066007443809978,8.109095256358307,7.930712583549797,8.048772811889648,581200,0.0,0.0
2023-08-23 00:00:00-04:00,8.07462421500483,8.143564378189998,7.889347218257852,7.910891532897949,608800,0.0,0.0
2023-08-24 00:00:00-04:00,7.997066800987286,8.178034945555705,7.919508907339161,8.014302253723145,968800,0.0,0.0
2023-08-25 00:00:00-04:00,7.971214148733351,7.971214148733351,7.656674544428319,7.7557759284973145,2887500,0.0,0.0
2023-08-28 00:00:00-04:00,7.7643942501794125,8.178035270285248,7.742849933404117,8.074625015258789,1131600,0.0,0.0
2023-08-29 00:00:00-04:00,8.1780349273195,8.350385345135663,7.9927579199802645,8.29006290435791,1140400,0.0,0.0
2023-08-30 00:00:00-04:00,8.169416580263693,8.268518782080932,8.074624063124983,8.212504386901855,1154900,0.0,0.0
2023-08-31 00:00:00-04:00,7.971213995894228,8.057389611068958,7.264576910055114,7.436927318572998,4516800,0.0,0.0
2023-09-01 00:00:00-04:00,7.454162120819092,7.566190094403244,7.350751873317934,7.454162120819092,1643200,0.0,0.0
2023-09-05 00:00:00-04:00,7.2731939993380115,7.281811725441272,6.954345530001731,6.971580982208252,1880200,0.0,0.0
2023-09-06 00:00:00-04:00,7.023285852027868,7.109461471321992,6.90264097121403,6.911258697509766,1512000,0.0,0.0
2023-09-07 00:00:00-04:00,6.790612632408366,6.799229947328336,6.605335636097479,6.652731895446777,1539200,0.0,0.0
2023-09-08 00:00:00-04:00,6.652732137455444,6.687202631136624,6.514851806393922,6.566556930541992,1049000,0.0,0.0
2023-09-11 00:00:00-04:00,6.652731896381519,6.713054744492926,6.454528722204936,6.480381488800049,909500,0.0,0.0
2023-09-12 00:00:00-04:00,6.454528961863844,6.540704579770095,6.420058879067664,6.428676605224609,1408800,0.0,0.0
2023-09-13 00:00:00-04:00,6.342501251573124,6.351118566615006,5.8082141587553355,6.247708320617676,2025500,0.0,0.0
2023-09-14 00:00:00-04:00,6.256326133806898,6.3338836139283785,6.200312147048396,6.221855640411377,2696300,0.0,0.0
2023-09-15 00:00:00-04:00,6.290796129938275,6.325266211944858,6.170150431999443,6.178768157958984,1634500,0.0,0.0
2023-09-18 00:00:00-04:00,6.135680112911843,6.247708080562404,6.092592717526395,6.161532878875732,1784900,0.0,0.0
2023-09-19 00:00:00-04:00,6.135680351353066,6.215823312581928,6.101210269338842,6.109827995300293,2136200,0.0,0.0
2023-09-20 00:00:00-04:00,6.10982832313554,6.183077354075041,6.053814334127933,6.0667405128479,966100,0.0,0.0
2023-09-21 00:00:00-04:00,6.0322698011952625,6.082251540870811,5.946094600504199,5.989181995391846,1061200,0.0,0.0
2023-09-22 00:00:00-04:00,6.16153296482006,6.16153296482006,6.089145630027249,6.101210117340088,970800,0.0,0.0
2023-09-25 00:00:00-04:00,5.989182530053294,6.15291563144085,5.921966155154817,6.127063274383545,904400,0.0,0.0
2023-09-26 00:00:00-04:00,6.040887526722254,6.131371179261044,5.980564680780624,5.989181995391846,666800,0.0,0.0
2023-09-27 00:00:00-04:00,5.9978001099959,6.066740275020897,5.946094986227153,6.049505233764648,688600,0.0,0.0
2023-09-28 00:00:00-04:00,5.954712302568667,6.092593043561578,5.954712302568667,6.015035152435303,447400,0.0,0.0
2023-09-29 00:00:00-04:00,6.1012103587335,6.144298167340496,6.006417426347585,6.015035152435303,1057900,0.0,0.0
2023-10-02 00:00:00-04:00,5.9633299406172355,6.208929377670159,5.9633299406172355,6.144298076629639,1000400,0.0,0.0
2023-10-03 00:00:00-04:00,6.015035000989945,6.066740123467042,5.92885979686145,5.937477111816406,520800,0.0,0.0
2023-10-04 00:00:00-04:00,5.885771903974041,5.98487369547131,5.799596701095402,5.963329792022705,986900,0.0,0.0
2023-10-05 00:00:00-04:00,5.911625148170119,5.9633302740769585,5.859920022263278,5.894390106201172,647500,0.0,0.0
2023-10-06 00:00:00-04:00,5.946094669201167,6.200311822363678,5.946094669201167,6.161532878875732,999500,0.0,0.0
2023-10-09 00:00:00-04:00,6.144297989656868,6.402823601075297,6.1227540859763865,6.273561000823975,1363700,0.0,0.0
2023-10-10 00:00:00-04:00,6.3683535189742875,6.445911407850662,6.312339533776437,6.376971244812012,1555400,0.0,0.0
2023-10-11 00:00:00-04:00,6.463146536525274,6.519160522485055,6.3252662085724545,6.351118564605713,1519300,0.0,0.0
2023-10-12 00:00:00-04:00,6.3166488185344125,6.411441754500922,6.094316654612217,6.1701507568359375,1147000,0.0,0.0
2023-10-13 00:00:00-04:00,6.135680438852686,6.165842069232105,6.066740273841096,6.083975315093994,668100,0.0,0.0
2023-10-16 00:00:00-04:00,6.049505145643192,6.239090596700295,6.032270104638,6.144298076629639,811100,0.0,0.0
2023-10-17 00:00:00-04:00,6.075358145383429,6.277869782224618,6.068463799984566,6.196003437042236,681000,0.0,0.0
2023-10-18 00:00:00-04:00,6.127063521336097,6.161533606079032,6.032270582835115,6.04088830947876,559700,0.0,0.0
2023-10-19 00:00:00-04:00,5.946095321478747,6.032270532618708,5.859920110338788,5.868537425994873,837800,0.0,0.0
2023-10-20 00:00:00-04:00,5.834066954707786,5.877154762878715,5.790979146536857,5.80821418762207,733000,0.0,0.0
2023-10-23 00:00:00-04:00,5.765126703873947,5.984873782600437,5.739273937176095,5.9030070304870605,868400,0.0,0.0
2023-10-24 00:00:00-04:00,6.015034830550504,6.273560846526292,6.015034830550504,6.161532878875732,718600,0.0,0.0
2023-10-25 00:00:00-04:00,6.109827995989058,6.170150434062856,6.045196284018258,6.075357913970947,574300,0.0,0.0
2023-10-26 00:00:00-04:00,6.075358088990847,6.1055193088966355,5.911624989230077,6.02365255355835,1084500,0.0,0.0
2023-10-27 00:00:00-04:00,6.135680110922668,6.204620272249654,6.015034828600441,6.058122634887695,403400,0.0,0.0
2023-10-30 00:00:00-04:00,6.23909035493585,6.308030927200961,6.127062798201064,6.161532878875732,765100,0.0,0.0
2023-10-31 00:00:00-04:00,6.075357761931371,6.144297924242323,6.015034914451399,6.101210117340088,423500,0.0,0.0
2023-11-01 00:00:00-04:00,6.08397546675503,6.118445550120094,6.007279675088296,6.092593193054199,363200,0.0,0.0
2023-11-02 00:00:00-04:00,6.135680441252778,6.152915482512418,6.015035152435303,6.015035152435303,418800,0.0,0.0
2023-11-03 00:00:00-04:00,6.0753582317852395,6.256326377305026,6.0753582317852395,6.1701507568359375,649900,0.0,0.0
2023-11-06 00:00:00-05:00,6.299413444982025,6.308031170941566,6.170150431999443,6.178768157958984,483800,0.0,0.0
2023-11-07 00:00:00-05:00,6.161533448931221,6.161533448931221,6.0495054709160065,6.0667405128479,380500,0.0,0.0
2023-11-08 00:00:00-05:00,6.032270283176412,6.075358092422564,5.946095075599909,5.954712390899658,608000,0.0,0.0
2023-11-09 00:00:00-05:00,5.937477025160489,6.023652228031279,5.855610685162183,5.859919548034668,617600,0.0,0.0
2023-11-10 00:00:00-05:00,5.842684741001408,6.005555737116877,5.765126849859701,5.980565071105957,676100,0.0,0.0
2023-11-13 00:00:00-05:00,6.023652707650991,6.0365792972976955,5.946095224349831,5.997800350189209,474900,0.0,0.0
2023-11-14 00:00:00-05:00,6.075357675219442,6.127062796214681,5.989182062644933,6.058122634887695,940100,0.0,0.0
2023-11-15 00:00:00-05:00,6.2046202755651025,6.351118323921118,6.196002960852511,6.230473041534424,699000,0.0,0.0
2023-11-16 00:00:00-05:00,6.075357999925443,6.178768247442829,6.0150351500824035,6.083975315093994,677000,0.0,0.0
2023-11-17 00:00:00-05:00,6.0581228078624365,6.092592889510138,5.9934910965861565,6.006417274475098,717800,0.0,0.0
2023-11-20 00:00:00-05:00,6.083974991899841,6.221855314598515,6.066739951562506,6.161532878875732,1417200,0.0,0.0
2023-11-21 00:00:00-05:00,6.118445398789645,6.139989303088906,6.032270192508399,6.049505233764648,626400,0.0,0.0
2023-11-22 00:00:00-05:00,6.0581230474852825,6.109828172001977,5.98487401835768,6.02365255355835,479800,0.0,0.0
2023-11-24 00:00:00-05:00,5.971947729077067,6.058123351850227,5.971947729077067,6.04088830947876,358800,0.0,0.0
2023-11-27 00:00:00-05:00,6.058122810204183,6.058122810204183,5.756508979296528,5.765126705169678,1520700,0.0,0.0
2023-11-28 00:00:00-05:00,5.756508979629704,5.816831827997884,5.704803857135173,5.730656623840332,1251100,0.0,0.0
2023-11-29 00:00:00-05:00,5.696186785444033,5.747891910146732,5.368720584744469,5.610011577606201,1156500,0.0,0.0
2023-11-30 00:00:00-05:00,5.610011426533148,5.610011426533148,5.454033955268586,5.56692361831665,1346700,0.0,0.0
2023-12-01 00:00:00-05:00,5.541070530546244,5.66602467404414,5.472130370121993,5.644481182098389,1436000,0.0,0.0
2023-12-04 00:00:00-05:00,5.627246464174168,5.788394077846395,5.592775971072703,5.704803943634033,1692300,0.0,0.0
2023-12-05 00:00:00-05:00,5.713421342522639,5.808213857648099,5.566923296163222,5.644481182098389,1651300,0.0,0.0
2023-12-06 00:00:00-05:00,5.722039138698505,5.756509221811716,5.670334014028688,5.678951740264893,1291300,0.0,0.0
2023-12-07 00:00:00-05:00,5.696186542848724,5.769435569120224,5.627246379514557,5.661716461181641,1291600,0.0,0.0
2023-12-08 00:00:00-05:00,6.290795975139838,6.618261746144385,5.911624671481952,6.204620361328125,4684600,0.0,0.0
2023-12-11 00:00:00-05:00,6.170150278746307,6.230473126217435,5.877154588967728,5.928859710693359,2485500,0.0,0.0
2023-12-12 00:00:00-05:00,6.015034914104652,6.320957192528697,5.971947107204902,6.0322699546813965,2111000,0.0,0.0
2023-12-13 00:00:00-05:00,6.032270041815644,6.049505082641343,5.890080852274681,5.937477111816406,1632800,0.0,0.0
2023-12-14 00:00:00-05:00,5.954712066276952,6.066740035477071,5.92885971087125,5.963329792022705,1704300,0.0,0.0
2023-12-15 00:00:00-05:00,5.997800337729386,6.273561419215681,5.98056529581873,6.1701507568359375,2396300,0.0,0.0
2023-12-18 00:00:00-05:00,6.144298563707564,6.161533606079032,5.99780049809218,6.04088830947876,1311100,0.0,0.0
2023-12-19 00:00:00-05:00,6.032270339703212,6.187385714794461,6.032270339703212,6.127063274383545,956100,0.0,0.0
2023-12-20 00:00:00-05:00,6.058123050907263,6.10896648501477,5.954712390899658,5.954712390899658,751400,0.0,0.0
2023-12-21 00:00:00-05:00,6.040888068006604,6.101210508437562,6.023652615408266,6.092593193054199,635900,0.0,0.0
2023-12-22 00:00:00-05:00,5.859919868023407,5.9676389802229854,5.7048040834699,5.954712390899658,1263200,0.0,0.0
2023-12-26 00:00:00-05:00,5.92024222607803,6.015035158560474,5.808214252318397,5.842684745788574,966000,0.0,0.0
2023-12-27 00:00:00-05:00,5.8168318276612165,5.885771990983268,5.739273938466015,5.765126705169678,1022700,0.0,0.0
2023-12-28 00:00:00-05:00,5.885771989660421,6.006417275446896,5.799596785527226,5.9030070304870605,1115400,0.0,0.0
2023-12-29 00:00:00-05:00,5.937476874977207,6.07535760699868,5.885771754562569,5.989181995391846,1232300,0.0,0.0
2024-01-02 00:00:00-05:00,5.9030075168156335,5.95471264355536,5.782362221089606,5.799597263336182,1016900,0.0,0.0
2024-01-03 00:00:00-05:00,5.773744169764017,5.92024222607803,5.743582950257884,5.842684745788574,873700,0.0,0.0
2024-01-04 00:00:00-05:00,5.773744345849448,5.816832155814398,5.739274262243813,5.756509304046631,944500,0.0,0.0
2024-01-05 00:00:00-05:00,5.722038745294089,5.752200374131315,5.653098583807474,5.687568664550781,908900,0.0,0.0
2024-01-08 00:00:00-05:00,5.661716934797557,5.752201009471804,5.610011807971675,5.6961870193481445,1199800,0.0,0.0
2024-01-09 00:00:00-05:00,5.687568901692585,5.83406695641773,5.644481504424821,5.739274024963379,1561300,0.0,0.0
2024-01-10 00:00:00-05:00,5.722039227353143,5.7694359005550035,5.584158892764044,5.653099060058594,997800,0.0,0.0
2024-01-11 00:00:00-05:00,5.730656863145463,5.756509220014398,5.627246613838117,5.713421821594238,812800,0.0,0.0
2024-01-12 00:00:00-05:00,5.687569059202348,5.730656868579166,5.558306041987699,5.610011577606201,1077800,0.0,0.0
2024-01-16 00:00:00-05:00,5.532453300051799,5.713421429374298,5.5238355744098815,5.61862850189209,1415900,0.0,0.0
2024-01-17 00:00:00-05:00,5.43766037081493,5.5324532982665495,5.368720209364943,5.515218257904053,1266200,0.0,0.0
2024-01-18 00:00:00-05:00,5.472130784406313,5.485919064084508,5.222222478490451,5.265310287475586,4606900,0.0,0.0
2024-01-19 00:00:00-05:00,5.187752482174423,5.30839777406244,5.179135166783182,5.239457607269287,1235500,0.0,0.0
2024-01-22 00:00:00-05:00,5.101577042772783,5.183443384405224,5.015401838181848,5.153282165527344,1710500,0.0,0.0
2024-01-23 00:00:00-05:00,5.222222241988901,5.31701517091378,5.153282079467456,5.248075008392334,2867800,0.0,0.0
2024-01-24 00:00:00-05:00,5.291162404370132,5.325632485629941,5.144664353558051,5.179134845733643,3124800,0.0,0.0
2024-01-25 00:00:00-05:00,5.239457126037057,5.239457126037057,5.067106724884169,5.101576805114746,1439500,0.0,0.0
2024-01-26 00:00:00-05:00,5.101576957509223,5.239457282550299,5.080033053992609,5.213604927062988,2146600,0.0,0.0
2024-01-29 00:00:00-05:00,5.222222661632454,5.2566927456630985,5.095545123365626,5.110194683074951,1294900,0.0,0.0
2024-01-30 00:00:00-05:00,5.058489476446457,5.092959559927988,5.0067843512241605,5.032637119293213,1149400,0.0,0.0
2024-01-31 00:00:00-05:00,4.998166883861453,5.196370063312547,4.989549157795155,5.0584893226623535,2361400,0.0,0.0
2024-02-01 00:00:00-05:00,5.092959318389858,5.144664441159993,5.041254195619723,5.049871921539307,1207900,0.0,0.0
2024-02-02 00:00:00-05:00,5.041254284815928,5.084342093344631,4.950770215638286,4.955079078674316,1846300,0.0,0.0
2024-02-05 00:00:00-05:00,4.963696952330151,5.049872161033979,4.955079226001864,5.032637119293213,1275400,0.0,0.0
2024-02-06 00:00:00-05:00,5.2049872014928935,5.394573059347545,5.144664353827181,5.317015171051025,5701400,0.0,0.0
2024-02-07 00:00:00-05:00,5.308397682574503,5.420425657140526,5.248075243128029,5.334250450134277,2493400,0.0,0.0
2024-02-08 00:00:00-05:00,5.317015017552466,5.360102412427688,5.14466420530427,5.273927211761475,1815100,0.0,0.0
2024-02-09 00:00:00-05:00,5.30839729202796,5.334250057685709,5.222222091361747,5.273927211761475,767200,0.0,0.0
2024-02-12 00:00:00-05:00,5.334250678237778,5.472131015343821,5.299780593961267,5.454895973205566,1927200,0.0,0.0
2024-02-13 00:00:00-05:00,5.3601028991573045,5.437660792257505,5.200678660719187,5.239457607269287,1229100,0.0,0.0
2024-02-14 00:00:00-05:00,5.317015500369488,5.317015500369488,5.213605250179759,5.239457607269287,1219300,0.0,0.0
2024-02-15 00:00:00-05:00,5.2222224741352985,5.480748505998906,5.205849123171235,5.368720531463623,1393300,0.0,0.0
2024-02-16 00:00:00-05:00,5.394573448877863,5.459204753181326,5.36441181740921,5.411808490753174,2016500,0.0,0.0
2024-02-20 00:00:00-05:00,5.411808014528018,5.506600531042825,5.295471183920152,5.446278095245361,1839800,0.0,0.0
2024-02-21 00:00:00-05:00,5.480748412799446,5.627246467636589,5.446278330592565,5.56692361831665,981700,0.0,0.0
2024-02-22 00:00:00-05:00,5.549688576343774,5.696186631157966,5.4548956448318044,5.601393699645996,1519400,0.0,0.0
2024-02-23 00:00:00-05:00,5.6358640136689155,5.799597116318723,5.602255620502679,5.722039222717285,3071100,0.0,0.0
2024-02-26 00:00:00-05:00,5.739274322704757,5.9116251534643895,5.722039280720375,5.8254499435424805,2388200,0.0,0.0
2024-02-27 00:00:00-05:00,5.885772300838133,5.954712467789522,5.782362050411052,5.941786289215088,2304600,0.0,0.0
2024-02-28 00:00:00-05:00,5.851302390075908,5.851302390075908,5.722039367768683,5.799597263336182,1705500,0.0,0.0
2024-02-29 00:00:00-05:00,5.834067114274343,5.890081102062262,5.678951740264893,5.678951740264893,1706600,0.0,0.0
2024-03-01 00:00:00-05:00,5.765126703873947,5.928859797184913,5.756508978002734,5.9030070304870605,1241500,0.0,0.0
2024-03-04 00:00:00-05:00,5.911625004891221,5.920242320208931,5.670334012258276,5.713421821594238,1205000,0.0,0.0
2024-03-05 00:00:00-05:00,5.610011654180585,5.890081186205325,5.601393927821272,5.756509304046631,1961500,0.0,0.0
2024-03-06 00:00:00-05:00,5.816831976004108,5.9633300322574065,5.816831976004108,5.911624908447266,1248900,0.0,0.0
2024-03-07 00:00:00-05:00,5.842684980294331,5.9374775056656315,5.816832211883005,5.894390106201172,1031200,0.0,0.0
2024-03-08 00:00:00-05:00,5.946095079037292,5.9978002036130835,5.782361979089383,5.885772228240967,990500,0.0,0.0
2024-03-11 00:00:00-04:00,6.0150351500824035,6.152053789680308,5.946094985070813,6.083975315093994,1612200,0.0,0.0
2024-03-12 00:00:00-04:00,6.221855550415012,6.532086699160971,6.204620509424448,6.420058727264404,2628900,0.0,0.0
2024-03-13 00:00:00-04:00,6.4028239776181115,6.674276193758097,6.351118852293706,6.609644889831543,2837300,0.0,0.0
2024-03-14 00:00:00-04:00,5.084342238123953,5.3902645368248185,4.8171988860200115,5.13604736328125,13977200,0.0,0.0
2024-03-15 00:00:00-04:00,5.2136048601182345,5.308397376908911,5.1188119324117825,5.144664287567139,5628900,0.0,0.0
2024-03-18 00:00:00-04:00,5.127429730585224,5.136047457060028,4.90768304738332,5.04125452041626,3916600,0.0,0.0
2024-03-19 00:00:00-04:00,4.998167115433263,5.179135262052055,4.825816284364225,5.110194683074951,5164200,0.0,0.0
2024-03-20 00:00:00-04:00,5.1705174425296745,5.204987525939941,5.024019382578138,5.204987525939941,2421500,0.0,0.0
2024-03-21 00:00:00-04:00,5.179135020972809,5.1963700621858715,5.032636965203877,5.092959403991699,2266800,0.0,0.0
2024-03-22 00:00:00-04:00,4.998166645898927,5.015401686295167,4.903373718261719,4.903373718261719,1664300,0.0,0.0
2024-03-25 00:00:00-04:00,4.955079074287197,5.092959403991699,4.911991265796642,5.092959403991699,1675500,0.0,0.0
2024-03-26 00:00:00-04:00,5.101576810429049,5.334250057685709,5.032636649896078,5.273927211761475,3447700,0.0,0.0
2024-03-27 00:00:00-04:00,5.161899706231452,5.385955658880466,5.101577265838107,5.37733793258667,2147500,0.0,0.0
2024-03-28 00:00:00-04:00,5.38595581355099,5.549688919592839,5.325632960509525,5.351485729217529,2176200,0.0,0.0
2024-04-01 00:00:00-04:00,5.420425566984079,5.541070854786167,5.391987728599226,5.429043292999268,1799300,0.0,0.0
2024-04-02 00:00:00-04:00,5.463513611551782,5.601393946432444,5.4204258014436695,5.480748653411865,2723500,0.0,0.0
2024-04-03 00:00:00-04:00,5.385955574338026,5.4721307813442746,5.291162641173253,5.334250450134277,2793800,0.0,0.0
2024-04-04 00:00:00-04:00,5.32563241731774,5.4721304662506824,5.136046972820612,5.144664287567139,3472400,0.0,0.0
2024-04-05 00:00:00-04:00,5.1101944430331745,5.204987375122635,5.032636963065248,5.161899566650391,1878900,0.0,0.0
2024-04-08 00:00:00-04:00,5.1274295482179175,5.248075249079276,5.1274295482179175,5.1963701248168945,1808300,0.0,0.0
2024-04-09 00:00:00-04:00,5.256692791842603,5.360103044842986,5.213605391883686,5.351485729217529,1940600,0.0,0.0
2024-04-10 00:00:00-04:00,5.325632815760728,5.398881845707405,5.171379130923678,5.239457607269287,2874500,0.0,0.0
2024-04-11 00:00:00-04:00,5.352947556293344,5.407801166945663,5.192169903024778,5.239457607269287,2267500,0.54,0.0
2024-04-12 00:00:00-04:00,5.220542788171207,5.25364391165413,5.012477874755859,5.012477874755859,2304100,0.0,0.0
2024-04-15 00:00:00-04:00,5.059764835203501,5.230000205425787,5.050307565173907,5.154339790344238,3312500,0.0,0.0
2024-04-16 00:00:00-04:00,5.144882830646456,5.315117760168105,5.116510116908355,5.258372783660889,1764800,0.0,0.0
2024-04-17 00:00:00-04:00,5.248915142613354,5.324575105949864,5.182712449209431,5.2205424308776855,2275000,0.0,0.0
2024-04-18 00:00:00-04:00,5.286745177375114,5.409692393547195,5.277287456378592,5.371862411499023,2172300,0.0,0.0
2024-04-19 00:00:00-04:00,5.371862303829008,5.381320024635967,5.258372359959208,5.286745071411133,1503700,0.0,0.0
2024-04-22 00:00:00-04:00,5.3340324813732165,5.428607437414256,5.3245752112535945,5.400235176086426,1850100,0.0,0.0
2024-04-23 00:00:00-04:00,5.428607278098169,5.513724961521594,5.3813200269498935,5.409692287445068,1068800,0.0,0.0
2024-04-24 00:00:00-04:00,5.466438109098199,5.535477852566257,5.428607674063677,5.44752311706543,1520200,0.0,0.0
2024-04-25 00:00:00-04:00,5.324575054990593,5.447522719720218,5.305660064337493,5.409692287445068,1785300,0.0,0.0
2024-04-26 00:00:00-04:00,5.5326402725099815,5.594114108434078,5.460763484254175,5.513725280761719,1053500,0.0,0.0
2024-04-29 00:00:00-04:00,5.5326402424632555,5.636672921998205,5.499539119825807,5.60830020904541,1415300,0.0,0.0
2024-04-30 00:00:00-04:00,5.504268010372075,5.598842969113387,5.42860759241005,5.513725280761719,1958300,0.0,0.0
2024-05-01 00:00:00-04:00,5.532639967042872,5.627214920562529,5.51372497633894,5.565741539001465,1656600,0.0,0.0
2024-05-02 00:00:00-04:00,5.655587880456384,5.863652787336371,5.655587880456384,5.797450542449951,1337300,0.0,0.0
2024-05-03 00:00:00-04:00,5.863652865195961,5.863652865195961,5.683960668716262,5.854195594787598,1048600,0.0,0.0
2024-05-06 00:00:00-04:00,5.863652720103536,5.939313136343159,5.783263894261221,5.802179336547852,835600,0.0,0.0
2024-05-07 00:00:00-04:00,5.759620322333455,5.759620322333455,5.683960359309198,5.750162601470947,606400,0.0,0.0
2024-05-08 00:00:00-04:00,5.702875507555467,5.797450463947563,5.683960516277047,5.740705490112305,1130400,0.0,0.0
2024-05-09 00:00:00-04:00,5.816365294601648,5.863652546007333,5.731247610714883,5.750162601470947,472000,0.0,0.0
2024-05-10 00:00:00-04:00,5.806908030165945,5.806908030165945,5.683960806072271,5.721790790557861,841800,0.0,0.0
2024-05-13 00:00:00-04:00,5.7974505682565685,5.910940517969021,5.7879928469627115,5.825822830200195,992800,0.0,0.0
2024-05-14 00:00:00-04:00,5.759620775043452,5.806908030165945,5.679231945269325,5.721790790557861,1185300,0.0,0.0
2024-05-15 00:00:00-04:00,5.787992689947385,5.797450410984674,5.674502743313662,5.712332725524902,1855200,0.0,0.0
2024-05-16 00:00:00-04:00,5.712332777710194,5.759620481390725,5.681123019552354,5.740705490112305,1672000,0.0,0.0
2024-05-17 00:00:00-04:00,5.735976627798156,5.929855401084965,5.721790497085916,5.86365270614624,1146700,0.0,0.0
2024-05-20 00:00:00-04:00,5.844737962564284,5.844737962564284,5.636673049747775,5.693418025970459,889400,0.0,0.0
2024-05-21 00:00:00-04:00,5.636672952609913,5.6555879443581745,5.466438026875551,5.513725280761719,1343500,0.0,0.0
2024-05-22 00:00:00-04:00,5.523183091399683,5.537369222697947,5.35294771194458,5.35294771194458,1466200,0.0,0.0
2024-05-23 00:00:00-04:00,5.3529477189378625,5.390777703095312,5.173255068705488,5.2300004959106445,1721300,0.0,0.0
2024-05-24 00:00:00-04:00,5.2205424308776855,5.263101272996711,5.17798358875866,5.2205424308776855,1708700,0.0,0.0
2024-05-28 00:00:00-04:00,5.0597651601220575,5.088137873970744,4.530144926354807,4.577432632446289,9618100,0.0,0.0
2024-05-29 00:00:00-04:00,4.634177542973511,5.163797769174915,4.615262551000924,5.045578956604004,3588600,0.0,0.0
2024-05-30 00:00:00-04:00,5.003019773954952,5.570469945768625,5.003019773954952,5.34821891784668,4046400,0.0,0.0
2024-05-31 00:00:00-04:00,5.3434902567376295,5.754891657921631,5.315117544152644,5.3340325355529785,3645500,0.0,0.0
2024-06-03 00:00:00-04:00,5.248915169121205,5.32457513283981,5.107052511664342,5.125967502593994,1677900,0.0,0.0
2024-06-04 00:00:00-04:00,5.107052673479331,5.135424935288294,4.988833863681055,5.021934986114502,1643800,0.0,0.0
2024-06-05 00:00:00-04:00,5.012477917070433,5.196898979139555,5.012477917070433,5.163797855377197,1223600,0.0,0.0
2024-06-06 00:00:00-04:00,5.144882863088852,5.201627839953888,5.088137886223815,5.163797855377197,1348800,0.0,0.0
2024-06-07 00:00:00-04:00,5.0786801645951485,5.272558948292937,5.0786801645951485,5.163797855377197,1028100,0.0,0.0
2024-06-10 00:00:00-04:00,5.144882621549633,5.414421361746642,5.144882621549633,5.3340325355529785,1264100,0.0,0.0
2024-06-11 00:00:00-04:00,5.409692421057258,5.428607412177533,5.2489152220193995,5.277287483215332,1346300,0.0,0.0
2024-06-12 00:00:00-04:00,5.315117651388891,5.371862626734765,5.286745389200442,5.296202659606934,1054700,0.0,0.0
2024-06-13 00:00:00-04:00,5.3340327074894045,5.58465691533363,5.3340327074894045,5.570470333099365,1557100,0.0,0.0
2024-06-14 00:00:00-04:00,5.523182816523584,5.523182816523584,5.419150139919487,5.494810104370117,1381400,0.0,0.0
2024-06-17 00:00:00-04:00,5.485352963504191,5.589385191589778,5.456980250682413,5.579927921295166,1129600,0.0,0.0
2024-06-18 00:00:00-04:00,5.561012849689279,5.806907736406293,5.523182867117431,5.646130084991455,3279100,0.0,0.0
2024-06-20 00:00:00-04:00,5.646130362831829,6.052803371944614,5.646130362831829,5.844738006591797,3046100,0.0,0.0
2024-06-21 00:00:00-04:00,5.806907706130556,5.835280418395996,5.735976601920398,5.835280418395996,2934900,0.0,0.0
2024-06-24 00:00:00-04:00,5.778535652749001,5.967685571427783,5.778535652749001,5.882567882537842,2516500,0.0,0.0
2024-06-25 00:00:00-04:00,5.835280555590401,5.8778393995046905,5.617757926337682,5.70287561416626,1303500,0.0,0.0
2024-06-26 00:00:00-04:00,5.731247901916504,5.752054257514649,5.6461302137049545,5.731247901916504,1577200,0.0,0.0
2024-06-27 00:00:00-04:00,5.712332698815949,5.783263802388136,5.551555049685438,5.683960437774658,1893800,0.0,0.0
2024-06-28 00:00:00-04:00,5.683960723907121,5.816365667692692,5.674503002437946,5.78799295425415,1041300,0.0,0.0
2024-07-01 00:00:00-04:00,5.797450542449951,5.939313204443518,5.745433977503227,5.797450542449951,1165800,0.0,0.0
2024-07-02 00:00:00-04:00,5.797450598410928,5.797450598410928,5.7217906315424285,5.731247901916504,715800,0.0,0.0
2024-07-03 00:00:00-04:00,5.7974505682565685,5.882567805056421,5.7974505682565685,5.825822830200195,614400,0.0,0.0
2024-07-05 00:00:00-04:00,5.721790707845855,5.8305517989274716,5.721790707845855,5.78799295425415,689300,0.0,0.0
2024-07-08 00:00:00-04:00,5.750162970315416,5.816365667692692,5.683960723907121,5.78799295425415,687300,0.0,0.0
2024-07-09 00:00:00-04:00,5.797450320260844,6.40178479524254,5.769077608561935,6.2466816902160645,2848900,0.0,0.0
2024-07-10 00:00:00-04:00,6.241952896118164,6.336527851171524,6.213580635086635,6.241952896118164,1586100,0.0,0.0
2024-07-11 00:00:00-04:00,6.289240862627182,6.620253444666723,6.284512001934151,6.317613124847412,1877300,0.0,0.0
2024-07-12 00:00:00-04:00,6.34598575282051,6.4973056852137,6.33652803156145,6.478390693664551,929900,0.0,0.0
2024-07-15 00:00:00-04:00,6.478390865770906,6.516220849874204,6.241953239640807,6.251410961151123,1011000,0.0,0.0
2024-07-16 00:00:00-04:00,6.241953055021134,6.279783038005525,6.133191966683253,6.2324957847595215,885000,0.0,0.0
2024-07-17 00:00:00-04:00,6.1568356360777585,6.2419528697821764,6.0953618028102055,6.11900520324707,637800,0.0,0.0
2024-07-18 00:00:00-04:00,6.147378123085358,6.3790868825691,6.147378123085358,6.260868072509766,2020200,0.0,0.0
2024-07-19 00:00:00-04:00,6.279782851136119,6.535135454166639,6.1568356355799105,6.21358060836792,1581800,0.0,0.0
2024-07-22 00:00:00-04:00,6.270325940675885,6.525678558347488,6.270325940675885,6.468933582305908,1180100,0.0,0.0
2024-07-23 00:00:00-04:00,6.355442869857912,6.379086721466452,6.109547985648392,6.147377967834473,1852900,0.0,0.0
2024-07-24 00:00:00-04:00,6.119005505687953,6.279783162031465,6.119005505687953,6.161564350128174,1351800,0.0,0.0
2024-07-25 00:00:00-04:00,6.119005559276407,6.4216458827480976,6.081175575213569,6.374358177185059,1167300,0.0,0.0
2024-07-26 00:00:00-04:00,6.3459856760456566,6.487848336432478,6.308155693405033,6.421645641326904,1491000,0.0,0.0
2024-07-29 00:00:00-04:00,6.431103229522705,6.5540504450785875,6.383815526715011,6.431103229522705,1268500,0.0,0.0
2024-07-30 00:00:00-04:00,6.355442867961081,6.459475544426231,6.298697894698896,6.364900588989258,886800,0.0,0.0
2024-07-31 00:00:00-04:00,6.44056074029019,6.487848444865786,6.350714642759326,6.383815765380859,1411000,0.0,0.0
2024-08-01 00:00:00-04:00,6.383815607721396,6.416916729525439,6.223983639210944,6.270325660705566,1106600,0.0,0.0
2024-08-02 00:00:00-04:00,6.223038119210394,6.251410832187041,6.128463160903195,6.166293144226074,922600,0.0,0.0
2024-08-05 00:00:00-04:00,5.9203983563586835,6.27505479445135,5.882567921404003,6.128463268280029,2363300,0.0,0.0
2024-08-06 00:00:00-04:00,6.081175497210828,6.468933505334657,6.081175497210828,6.412188529968262,1553000,0.0,0.0
2024-08-07 00:00:00-04:00,6.497305662398407,6.544593366589714,6.355443000793457,6.355443000793457,1009800,0.0,0.0
2024-08-08 00:00:00-04:00,6.298697894698896,6.412188292192225,6.298697894698896,6.364900588989258,1065700,0.0,0.0
2024-08-09 00:00:00-04:00,6.270325529520292,6.44528930691808,6.270325529520292,6.402730464935303,3031800,0.0,0.0
2024-08-12 00:00:00-04:00,6.412188575211527,6.601338494434118,6.36017200919858,6.5635085105896,751700,0.0,0.0
2024-08-13 00:00:00-04:00,6.582423343164909,6.6675410302390405,6.450018402914348,6.572965621948242,1458100,0.0,0.0
2024-08-14 00:00:00-04:00,6.544593175098422,6.610795417866446,6.387598705288451,6.431103229522705,1232700,0.0,0.0
2024-08-15 00:00:00-04:00,6.440560792166971,6.478390775744567,6.284511997167142,6.412188529968262,959100,0.0,0.0
2024-08-16 00:00:00-04:00,6.393273508053936,6.5162207286173,6.393273508053936,6.506763458251953,1200100,0.0,0.0
2024-08-19 00:00:00-04:00,6.544593175082196,6.676998111586871,6.506763193223717,6.64862585067749,1057200,0.0,0.0
2024-08-20 00:00:00-04:00,6.591880752629221,6.60133847404563,6.431103547271076,6.440560817718506,685400,0.0,0.0
2024-08-21 00:00:00-04:00,6.459475569634057,6.554050525440104,6.421645587311637,6.487848281860352,814600,0.0,0.0
2024-08-22 00:00:00-04:00,6.5067631396744305,6.5067631396744305,6.350714353050215,6.402730464935303,1247200,0.0,0.0
2024-08-23 00:00:00-04:00,6.355442969337919,6.563508325587109,6.355442969337919,6.544593334197998,1156100,0.0,0.0
2024-08-26 00:00:00-04:00,6.412188508803021,6.497305746087171,6.260868124023134,6.289240837097168,2188300,0.0,0.0
2024-08-27 00:00:00-04:00,6.317613077517594,6.359226239560351,6.109548169241754,6.166293144226074,1496600,0.0,0.0
2024-08-28 00:00:00-04:00,6.147378279382565,6.2703259532027715,6.048074458369164,6.251410961151123,1253100,0.0,0.0
2024-08-29 00:00:00-04:00,6.336528012482112,6.374357995466503,6.185208080544547,6.2324957847595215,1674600,0.0,0.0
2024-08-30 00:00:00-04:00,6.317613233156214,6.345985946831841,6.2041232803916735,6.279783248901367,1051600,0.0,0.0
2024-09-03 00:00:00-04:00,6.081175434542729,6.298698063356769,5.769077847759317,6.0433454513549805,2105100,0.0,0.0
2024-09-04 00:00:00-04:00,5.9866003749028875,6.0764469216746555,5.787992741055676,5.86365270614624,1092000,0.0,0.0
2024-09-05 00:00:00-04:00,5.901482839178668,6.128463191207295,5.882567847423696,6.071718215942383,1139100,0.0,0.0
2024-09-06 00:00:00-04:00,6.033888339996338,6.0528033320885,5.962956781423994,6.033888339996338,1795700,0.0,0.0
2024-09-09 00:00:00-04:00,6.033888263213077,6.085904378062353,5.977143287658691,5.977143287658691,1467600,0.0,0.0
2024-09-10 00:00:00-04:00,5.996058304927604,6.049020101948613,5.986600583477292,6.0055155754089355,1544700,0.0,0.0
2024-09-11 00:00:00-04:00,6.033888257756863,6.270325881170825,5.996058274088147,6.100090503692627,958400,0.0,0.0
2024-09-12 00:00:00-04:00,6.100090456577403,6.128463169594286,5.944041662406979,5.948770523071289,1057000,0.0,0.0
2024-09-13 00:00:00-04:00,5.901482607890096,6.038616856450345,5.901482607890096,6.024430274963379,1244900,0.0,0.0
2024-09-16 00:00:00-04:00,5.996058093798331,6.033888076329573,5.906211547059909,5.95822811126709,1095800,0.0,0.0
2024-09-17 00:00:00-04:00,5.986600558099933,6.095362099472573,5.9393133039557675,5.977143287658691,609900,0.0,0.0
2024-09-18 00:00:00-04:00,5.99605819785478,6.052803172636404,5.920398231479283,6.0433454513549805,917000,0.0,0.0
2024-09-19 00:00:00-04:00,6.1473782602728795,6.185208244258578,6.0811755628134145,6.128463268280029,883400,0.0,0.0
2024-09-20 00:00:00-04:00,6.137920409324352,6.180479253152812,6.033888181042529,6.0433454513549805,657900,0.0,0.0
2024-09-23 00:00:00-04:00,6.100090264617393,6.241952923299673,6.071718003462313,6.147377967834473,1568900,0.0,0.0
2024-09-24 00:00:00-04:00,6.431103380818515,6.8094032083039835,6.33652797297818,6.762115955352783,1781100,0.0,0.0
2024-09-25 00:00:00-04:00,6.676998300486739,6.724286004632138,6.563508351700543,6.572965621948242,1631300,0.0,0.0
2024-09-26 00:00:00-04:00,7.093128749877313,7.093128749877313,6.582423515963665,6.809403419494629,3623400,0.0,0.0
2024-09-27 00:00:00-04:00,6.866148654009346,7.10731468201312,6.7810309670850915,7.0080108642578125,2403800,0.0,0.0
2024-09-30 00:00:00-04:00,7.244448450546092,7.452513806335235,7.1356873630414235,7.1971611976623535,2652000,0.0,0.0
2024-10-01 00:00:00-04:00,7.197161372150934,7.43359899520874,7.102586413121607,7.43359899520874,1740600,0.0,0.0
2024-10-02 00:00:00-04:00,7.726781319069459,7.745695859234113,7.1262295613815105,7.357938766479492,3573900,0.0,0.0
2024-10-03 00:00:00-04:00,7.130958318637052,7.282278245514564,6.979638391759541,7.178246021270752,1899300,0.0,0.0
2024-10-04 00:00:00-04:00,7.263363597472055,7.329566294090087,7.201889761534377,7.3106513023376465,2027400,0.0,0.0
2024-10-07 00:00:00-04:00,7.376854019791144,7.518716232850646,7.348481306597857,7.43359899520874,2148500,0.0,0.0
2024-10-08 00:00:00-04:00,6.809403272087477,7.376853920568909,6.790488280536027,7.25390625,3667900,0.0,0.0
2024-10-09 00:00:00-04:00,7.112043326976437,7.182974429950044,6.955994539659338,6.960723400115967,1199200,0.0,0.0
2024-10-10 00:00:00-04:00,7.008011002660388,7.078942560154431,6.85669106822346,6.875606060028076,818600,0.0,0.0
2024-10-11 00:00:00-04:00,6.809403203295356,7.0174685592282895,6.804674793681991,6.979638576507568,692900,0.0,0.0
2024-10-14 00:00:00-04:00,6.960723480939402,6.989095742070703,6.790488110275755,6.799945831298828,774800,0.0,0.0
2024-10-15 00:00:00-04:00,6.733743417092505,6.738472277800709,6.393273563543397,6.440560817718506,1110100,0.0,0.0
2024-10-16 00:00:00-04:00,6.478390877968889,6.5351358542306786,6.450018615322486,6.497305870056152,558000,0.0,0.0
2024-10-17 00:00:00-04:00,6.42164592296576,6.431103644525193,6.109548327008238,6.156836032867432,1189300,0.0,0.0
2024-10-18 00:00:00-04:00,6.355442762516894,6.511492000110062,6.322341641405379,6.402730464935303,1156700,0.0,0.0
2024-10-21 00:00:00-04:00,6.39327330110483,6.4689332654544085,6.311938343363177,6.364900588989258,523400,0.0,0.0
2024-10-22 00:00:00-04:00,6.506763284128962,6.79048815203144,6.459475580660735,6.672269344329834,1223900,0.0,0.0
2024-10-23 00:00:00-04:00,6.667540950484455,6.733743194333366,6.45947559589626,6.516220569610596,505100,0.0,0.0
2024-10-24 00:00:00-04:00,6.516220650585894,6.535135642059058,6.41218842296798,6.450018405914307,675700,0.0,0.0
2024-10-25 00:00:00-04:00,6.468933316999798,6.648625959246344,6.468933316999798,6.516220569610596,384200,0.0,0.0
2024-10-28 00:00:00-04:00,6.544593382587613,6.804674854337615,6.544593382587613,6.695913314819336,565700,0.0,0.0
2024-10-29 00:00:00-04:00,6.724285920635817,6.799945885548176,6.695913208309202,6.733743190765381,725300,0.0,0.0
2024-10-30 00:00:00-04:00,6.6202535060513465,6.7432011793962845,6.6202535060513465,6.686456203460693,434300,0.0,0.0
2024-10-31 00:00:00-04:00,6.667541211482163,6.724286187417754,6.6202535060513465,6.686456203460693,532700,0.0,0.0
2024-11-01 00:00:00-04:00,6.724286212720282,6.790488459409756,6.672269646356856,6.7148284912109375,1167300,0.0,0.0
2024-11-04 00:00:00-05:00,6.7148281459670045,6.890737608081744,6.686455884835703,6.799945831298828,768600,0.0,0.0
2024-11-05 00:00:00-05:00,6.903978480568415,7.093128390596745,6.842504647066968,6.8945207595825195,461800,0.0,0.0
2024-11-06 00:00:00-05:00,6.667541139389256,6.752658376887819,6.502034623139921,6.535135746002197,1877600,0.0,0.0
2024-11-07 00:00:00-05:00,6.686455961977776,7.0647557878859955,6.686455961977776,6.856690883636475,1052600,0.0,0.0
2024-11-08 00:00:00-05:00,6.7148284459676715,6.74320115933555,6.473661960732135,6.5635085105896,1084200,0.0,0.0
2024-11-11 00:00:00-05:00,6.544593389571057,6.582423372669354,6.364900744369658,6.478390693664551,688000,0.0,0.0
2024-11-12 00:00:00-05:00,6.478390508280833,6.612687260115072,6.298697868221466,6.459475517272949,932800,0.0,0.0
2024-11-13 00:00:00-05:00,6.4689332118861484,6.582423157470724,6.327070554420953,6.3365278244018555,803200,0.0,0.0
2024-11-14 00:00:00-05:00,6.270325764605663,6.407459565597688,6.2419530518970845,6.355443000793457,834300,0.0,0.0
2024-11-15 00:00:00-05:00,6.317613017828,6.487848392141528,6.317613017828,6.355443000793457,561500,0.0,0.0
2024-11-18 00:00:00-05:00,6.374358171267625,6.563508542375208,6.374358171267625,6.468933582305908,891600,0.0,0.0
2024-11-19 00:00:00-05:00,6.4500185184384105,6.497305772461786,6.317613124847412,6.317613124847412,627900,0.0,0.0
2024-11-20 00:00:00-05:00,6.336528116650558,6.3980019527530265,6.293969723320212,6.317613124847412,369000,0.0,0.0
2024-11-21 00:00:00-05:00,6.260867994174335,6.312884558569757,6.100090342350241,6.204123020172119,1269500,0.0,0.0
2024-11-22 00:00:00-05:00,6.062260416901762,6.104819260547364,5.977143180579528,6.014973163604736,785600,0.0,0.0
2024-11-25 00:00:00-05:00,6.052802960473517,6.175750627008624,6.043345239523607,6.11900520324707,811600,0.0,0.0
2024-11-26 00:00:00-05:00,6.100090509208704,6.166293206173311,5.977143287658691,5.977143287658691,451000,0.0,0.0
2024-11-27 00:00:00-05:00,6.052803343372286,6.312884823351097,6.052803343372286,6.279783248901367,841100,0.0,0.0
2024-11-29 00:00:00-05:00,6.223037930349318,6.502034387115109,6.223037930349318,6.364900588989258,1596100,0.0,0.0
2024-12-02 00:00:00-05:00,6.336528111844093,6.435831931477527,6.237224292210658,6.412188529968262,906800,0.0,0.0
2024-12-03 00:00:00-05:00,6.440560770908079,6.468933483982113,6.279783115749498,6.289240837097168,1217700,0.0,0.0
2024-12-04 00:00:00-05:00,6.289240678315879,6.33179952136798,6.204122992211677,6.2986979484558105,1124500,0.0,0.0
2024-12-05 00:00:00-05:00,6.298698055651235,6.412188456044613,6.227766950003223,6.260868072509766,681800,0.0,0.0
2024-12-06 00:00:00-05:00,6.364900483388157,6.448126352598087,6.298697790196175,6.402730464935303,942300,0.0,0.0
2024-12-09 00:00:00-05:00,6.913435724144248,7.227425114753142,6.686455832978359,6.989095687866211,3907600,0.0,0.0
2024-12-10 00:00:00-05:00,6.771573316861811,7.26809241084265,6.487848442422026,7.159331321716309,2498900,0.0,0.0
2024-12-11 00:00:00-05:00,7.159331317712907,7.374962131972771,7.121501334475424,7.282278537750244,1791200,0.0,0.0
2024-12-12 00:00:00-05:00,7.282278665414288,7.3815824858958,7.197161427122263,7.367396354675293,1217700,0.0,0.0
2024-12-13 00:00:00-05:00,7.339023853477203,7.424141089000147,7.272821158320276,7.414683818817139,1116200,0.0,0.0
2024-12-16 00:00:00-05:00,7.367396206817432,7.405226189958888,7.03165476821029,7.036383628845215,813000,0.0,0.0
2024-12-17 00:00:00-05:00,6.998553797668957,7.301193669372059,6.998553797668957,7.149873733520508,1127000,0.0,0.0
2024-12-18 00:00:00-05:00,7.140416038747253,7.154602169148183,6.960723400115967,6.960723400115967,998600,0.0,0.0
2024-12-19 00:00:00-05:00,7.045841038721689,7.064756030667116,6.894521103158275,6.9039788246154785,618700,0.0,0.0
2024-12-20 00:00:00-05:00,6.894520838264083,7.045840768013638,6.828318143514171,6.951265811920166,1297800,0.0,0.0
2024-12-23 00:00:00-05:00,6.95126570600523,7.031654530202054,6.9039784541634805,6.989095687866211,781100,0.0,0.0
2024-12-24 00:00:00-05:00,7.017468399746425,7.0836706425186655,6.960723426954953,6.989095687866211,258500,0.0,0.0
2024-12-26 00:00:00-05:00,6.989095924433911,7.121501316397975,6.941808670991577,7.036383628845215,598800,0.0,0.0
2024-12-27 00:00:00-05:00,6.998553382764018,7.13095831878458,6.998553382764018,7.083670616149902,1290500,0.0,0.0
2024-12-30 00:00:00-05:00,7.055298408591079,7.126229512109463,6.8945207595825195,6.8945207595825195,1151800,0.0,0.0
2024-12-31 00:00:00-05:00,6.9039785793551935,7.339023829614231,6.889791997673359,7.291736125946045,2113200,0.0,0.0
2025-01-02 00:00:00-05:00,7.253906011862038,7.282278272773296,6.970180696935721,6.989095687866211,875100,0.0,0.0
2025-01-03 00:00:00-05:00,7.01746859143815,7.121501269882122,6.691184425263092,6.790488243103027,900400,0.0,0.0
2025-01-06 00:00:00-05:00,6.8519621076755435,6.97018091747382,6.676998323290371,6.695913314819336,984900,0.0,0.0
2025-01-07 00:00:00-05:00,6.667541053010373,6.72428602759727,6.601338357174509,6.695913314819336,631300,0.0,0.0
2025-01-08 00:00:00-05:00,6.610795391159845,6.705370796393162,6.5114920274089805,6.5256781578063965,1131300,0.0,0.0
2025-01-10 00:00:00-05:00,6.4689332118861484,6.4689332118861484,6.270325581628665,6.3365278244018555,746500,0.0,0.0
2025-01-13 00:00:00-05:00,6.30815556349019,6.487848202816911,6.289240572559428,6.3365278244018555,994400,0.0,0.0
2025-01-14 00:00:00-05:00,6.440560792166971,6.535135751110962,6.383815816800576,6.412188529968262,1139500,0.0,0.0
2025-01-15 00:00:00-05:00,6.459475885881626,6.563508567846065,6.41218863114796,6.497305870056152,1122500,0.0,0.0
2025-01-16 00:00:00-05:00,6.497305838364828,6.710099611050859,6.497305838364828,6.591880798339844,979900,0.0,0.0
2025-01-17 00:00:00-05:00,6.6013385573170495,6.9228938740274995,6.6013385573170495,6.837776184082031,765300,0.0,0.0
2025-01-21 00:00:00-05:00,6.913435991744394,7.026925941720224,6.828318303778035,6.847233295440674,594400,0.0,0.0
2025-01-22 00:00:00-05:00,6.799946016099194,6.937079817877894,6.781031024507959,6.81886100769043,762300,0.0,0.0
2025-01-23 00:00:00-05:00,6.856691021129653,6.960723700825002,6.658083383060794,6.724286079406738,756700,0.0,0.0
2025-01-24 00:00:00-05:00,6.762116184235192,6.965452235648858,6.743201192220689,6.932351112365723,1003000,0.0,0.0
2025-01-27 00:00:00-05:00,7.036383658818021,7.064755920810484,6.927622118596319,6.941808700561523,442900,0.0,0.0
2025-01-28 00:00:00-05:00,6.970181064862611,7.026926040649414,6.8661488347379604,7.026926040649414,349300,0.0,0.0
2025-01-29 00:00:00-05:00,7.026926026319069,7.09312872341982,6.752658418424354,6.781031131744385,693700,0.0,0.0
2025-01-30 00:00:00-05:00,6.828318449473128,7.159331487085548,6.818861178924507,7.055298805236816,563200,0.0,0.0
2025-01-31 00:00:00-05:00,7.064755706379453,7.064755706379453,6.7148281459670045,6.799945831298828,433300,0.0,0.0
2025-02-03 00:00:00-05:00,6.591880453419515,6.885063490454725,6.56350819239608,6.676998138427734,766100,0.0,0.0
2025-02-04 00:00:00-05:00,6.7715733796182,6.9512660272465405,6.7148284042043525,6.875606060028076,975500,0.0,0.0
2025-02-05 00:00:00-05:00,6.799945885548176,6.847233138133919,6.6864559381796385,6.733743190765381,385400,0.0,0.0
2025-02-06 00:00:00-05:00,6.7810310710997825,6.998553701378053,6.752658358033497,6.970180988311768,1384700,0.0,0.0
2025-02-07 00:00:00-05:00,7.026925722505413,7.164059520523702,6.913435776070061,7.017468452453613,603400,0.0,0.0
2025-02-10 00:00:00-05:00,7.159331347405256,7.220805183163365,7.036383675889038,7.187703609466553,852600,0.0,0.0
2025-02-11 00:00:00-05:00,7.083670720936097,7.253906092164005,6.922893521731573,7.140416145324707,780400,0.0,0.0
2025-02-12 00:00:00-05:00,7.216076082540191,7.301193316862647,7.083670694093776,7.234991073608398,850700,0.0,0.0
2025-02-13 00:00:00-05:00,7.1593313388516595,7.438327353309628,7.083670921184322,7.405226230621338,1146400,0.0,0.0
2025-02-14 00:00:00-05:00,7.566003668089502,7.849728986030443,7.395768747906314,7.480885982513428,1420900,0.0,0.0
2025-02-18 00:00:00-05:00,7.5470885693190874,7.580190141553768,7.28227824628642,7.395768642425537,877700,0.0,0.0
2025-02-19 00:00:00-05:00,7.339024123988715,7.348481394520312,7.19716145826289,7.272821426391602,583400,0.0,0.0
2025-02-20 00:00:00-05:00,7.291736120467889,7.722052509843026,7.282278399353771,7.632205963134766,1827800,0.0,0.0
2025-02-21 00:00:00-05:00,7.745696175676748,7.925389275240711,7.603833961863481,7.707866191864014,3477200,0.0,0.0
2025-02-24 00:00:00-05:00,7.660578965458204,7.67003578443562,7.216076003754969,7.395768642425537,2258300,0.0,0.0
2025-02-25 00:00:00-05:00,7.452514012508188,7.490343996249329,7.348481331735565,7.461971282958984,1378000,0.0,0.0
2025-02-26 00:00:00-05:00,7.613291453318952,7.6842225580829,7.376853836147171,7.414683818817139,963600,0.0,0.0
2025-02-27 00:00:00-05:00,7.33902393746601,7.398605957917039,7.24444852873979,7.25390625,830100,0.0,0.0
2025-02-28 00:00:00-05:00,7.149873635147641,7.187703618590037,6.960723717935656,6.970180988311768,857900,0.0,0.0
2025-03-03 00:00:00-05:00,6.941808625649432,7.026925861677256,6.771573251655847,6.790488243103027,920800,0.0,0.0
2025-03-04 00:00:00-05:00,6.818861084614229,6.949374663356772,6.707262497676301,6.875606060028076,851400,0.0,0.0
2025-03-05 00:00:00-05:00,6.960723400899852,7.220804863447291,6.954103176647409,7.178246021270752,819500,0.0,0.0
2025-03-06 00:00:00-05:00,7.25390635771862,7.32672927920914,7.168788668988635,7.216076374053955,967300,0.0,0.0
2025-03-07 00:00:00-05:00,7.216076082540191,7.301193316862647,7.168788379385191,7.234991073608398,689000,0.0,0.0
2025-03-10 00:00:00-04:00,7.102586302043613,7.121501293553664,6.889792083844314,6.913435935974121,934700,0.0,0.0
2025-03-11 00:00:00-04:00,7.055298434598731,7.074213425671289,6.856690802852386,7.017468452453613,1039100,0.0,0.0
2025-03-12 00:00:00-04:00,6.213580608351435,6.705370823481833,6.147377914614455,6.431103229522705,5735300,0.0,0.0
2025-03-13 00:00:00-04:00,6.535135786200721,6.781031131744385,6.440560826748919,6.781031131744385,1517000,0.0,0.0
2025-03-14 00:00:00-04:00,6.856690778462332,6.922893472465277,6.620253165411907,6.676998138427734,2177900,0.0,0.0
2025-03-17 00:00:00-04:00,6.714828383663473,6.8472333258907545,6.620253424929701,6.752658367156982,3435000,0.0,0.0
2025-03-18 00:00:00-04:00,6.771573093454113,6.771573093454113,6.56350819239608,6.676998138427734,1205200,0.0,0.0
2025-03-19 00:00:00-04:00,6.76211576895178,6.76211576895178,6.49730544604261,6.5256781578063965,1805000,0.0,0.0
2025-03-20 00:00:00-04:00,6.431103202662954,6.4594754634539076,6.303426676196801,6.308155536651611,1691700,0.0,0.0
2025-03-21 00:00:00-04:00,6.241952869277447,6.270325581155929,6.157781317481034,6.21358060836792,2215900,0.0,0.0
2025-03-24 00:00:00-04:00,6.251410590226593,6.275054441630503,6.166292905560101,6.21358060836792,1322400,0.0,0.0
2025-03-25 00:00:00-04:00,6.166292933050324,6.213580636068959,6.024430274963379,6.024430274963379,1672600,0.0,0.0
2025-03-26 00:00:00-04:00,6.033888364975376,6.109548333657239,5.981871798279856,6.062260627746582,1170600,0.0,0.0
2025-03-27 00:00:00-04:00,6.043345548061947,6.2977524822004645,6.033888277598159,6.223038196563721,780000,0.0,0.0
2025-03-28 00:00:00-04:00,6.166293206173311,6.166293206173311,5.9534994351021195,5.977143287658691,776200,0.0,0.0
2025-03-31 00:00:00-04:00,5.93931296196672,6.02443019491271,5.816365296527125,5.967685222625732,1069100,0.0,0.0
2025-04-01 00:00:00-04:00,6.005515311076085,6.029159162692199,5.920398076614617,5.9298553466796875,1373900,0.0,0.0
2025-04-02 00:00:00-04:00,5.967685328877886,5.967685328877886,5.882567643447459,5.9298553466796875,609100,0.0,0.0
2025-04-03 00:00:00-04:00,5.830551478372093,5.882567590685836,5.759620375128902,5.77853536605835,675300,0.0,0.0
2025-04-04 00:00:00-04:00,5.5515551304113755,5.579927842834197,5.423879051931093,5.5231828689575195,1495100,0.0,0.0
2025-04-07 00:00:00-04:00,5.182712632757259,5.589385175577947,5.173254911520769,5.239457607269287,1773000,0.0,0.0
2025-04-08 00:00:00-04:00,5.305660087050343,5.343490068518489,5.04557862623013,5.097594738006592,2227000,0.0,0.0
2025-04-09 00:00:00-04:00,5.078679954000722,5.334032564789334,5.055036101878468,5.239457607269287,2160200,0.0,0.0
2025-04-10 00:00:00-04:00,5.2583727585442395,5.363351122420305,5.1354250845480385,5.2300004959106445,1496500,0.0,0.0
2025-04-11 00:00:00-04:00,5.300000190734863,5.434999942779541,5.119999885559082,5.269999980926514,1449000,0.3,0.0
2025-04-14 00:00:00-04:00,5.309999942779541,5.429999828338623,5.264999866485596,5.420000076293945,1553500,0.0,0.0
2025-04-15 00:00:00-04:00,5.380000114440918,5.570000171661377,5.380000114440918,5.5,901500,0.0,0.0
2025-04-16 00:00:00-04:00,5.5,5.5,5.244999885559082,5.289999961853027,2434300,0.0,0.0
2025-04-17 00:00:00-04:00,5.380000114440918,5.550000190734863,5.309999942779541,5.5,1496100,0.0,0.0
2025-04-21 00:00:00-04:00,5.5,5.539999961853027,5.414999961853027,5.480000019073486,584100,0.0,0.0
2025-04-22 00:00:00-04:00,5.519999980926514,5.619999885559082,5.519999980926514,5.570000171661377,819900,0.0,0.0
2025-04-23 00:00:00-04:00,5.650000095367432,5.71999979019165,5.585000038146973,5.650000095367432,688900,0.0,0.0
2025-04-24 00:00:00-04:00,5.650000095367432,5.71999979019165,5.570000171661377,5.71999979019165,849200,0.0,0.0
2025-04-25 00:00:00-04:00,5.730000019073486,5.769999980926514,5.619999885559082,5.679999828338623,772400,0.0,0.0
2025-04-28 00:00:00-04:00,5.679999828338623,5.690000057220459,5.559999942779541,5.659999847412109,616300,0.0,0.0
2025-04-29 00:00:00-04:00,5.739999771118164,5.75,5.679999828338623,5.739999771118164,794100,0.0,0.0
2025-04-30 00:00:00-04:00,5.730000019073486,5.730000019073486,5.659999847412109,5.710000038146973,432500,0.0,0.0
2025-05-01 00:00:00-04:00,5.71999979019165,5.800000190734863,5.699999809265137,5.789999961853027,411000,0.0,0.0
2025-05-02 00:00:00-04:00,5.929999828338623,5.960000038146973,5.849999904632568,5.889999866485596,454500,0.0,0.0
2025-05-05 00:00:00-04:00,5.889999866485596,5.900000095367432,5.820000171661377,5.880000114440918,2185200,0.0,0.0
2025-05-06 00:00:00-04:00,5.909999847412109,6.144999980926514,5.909999847412109,6.099999904632568,1248000,0.0,0.0
2025-05-07 00:00:00-04:00,5.940000057220459,6.099999904632568,5.909999847412109,5.940000057220459,775600,0.0,0.0
2025-05-08 00:00:00-04:00,6.010000228881836,6.050000190734863,5.885000228881836,6.019999980926514,704100,0.0,0.0
2025-05-09 00:00:00-04:00,6.019999980926514,6.119999885559082,5.980000019073486,5.980000019073486,715700,0.0,0.0
2025-05-12 00:00:00-04:00,6.099999904632568,6.28000020980835,6.099999904632568,6.28000020980835,673400,0.0,0.0
2025-05-13 00:00:00-04:00,6.190000057220459,6.400000095367432,6.190000057220459,6.400000095367432,854800,0.0,0.0
2025-05-14 00:00:00-04:00,6.440000057220459,6.489999771118164,6.364999771118164,6.400000095367432,621800,0.0,0.0
2025-05-15 00:00:00-04:00,6.349999904632568,6.349999904632568,6.195000171661377,6.199999809265137,957100,0.0,0.0
2025-05-16 00:00:00-04:00,6.210000038146973,6.269999980926514,6.099999904632568,6.170000076293945,420800,0.0,0.0
2025-05-19 00:00:00-04:00,6.110000133514404,6.215000152587891,6.039999961853027,6.210000038146973,369900,0.0,0.0
2025-05-20 00:00:00-04:00,6.230000019073486,6.309999942779541,6.139999866485596,6.150000095367432,485200,0.0,0.0
2025-05-21 00:00:00-04:00,6.159999847412109,6.179999828338623,6.034999847412109,6.099999904632568,663100,0.0,0.0
2025-05-22 00:00:00-04:00,6.110000133514404,6.159999847412109,6.03000020980835,6.079999923706055,830000,0.0,0.0
2025-05-23 00:00:00-04:00,6.079999923706055,6.099999904632568,6.034999847412109,6.079999923706055,449400,0.0,0.0
2025-05-27 00:00:00-04:00,6.039999961853027,6.070000171661377,5.914999961853027,6.059999942779541,1378800,0.0,0.0
2025-05-28 00:00:00-04:00,6.039999961853027,6.074999809265137,5.954999923706055,5.989999771118164,500100,0.0,0.0
2025-05-29 00:00:00-04:00,6.010000228881836,6.139999866485596,5.985000133514404,6.130000114440918,675600,0.0,0.0
2025-05-30 00:00:00-04:00,6.090000152587891,6.099999904632568,5.985000133514404,6.070000171661377,994500,0.0,0.0
2025-06-02 00:00:00-04:00,6.059999942779541,6.159999847412109,6.059999942779541,6.110000133514404,375400,0.0,0.0
2025-06-03 00:00:00-04:00,6.139999866485596,6.175000190734863,6.070000171661377,6.139999866485596,326900,0.0,0.0
2025-06-04 00:00:00-04:00,6.150000095367432,6.300000190734863,6.150000095367432,6.25,591400,0.0,0.0
2025-06-05 00:00:00-04:00,6.699999809265137,7.070000171661377,6.5,7.059999942779541,2247300,0.0,0.0
2025-06-06 00:00:00-04:00,7.199999809265137,7.570000171661377,7.005000114440918,7.559999942779541,2466000,0.0,0.0
2025-06-09 00:00:00-04:00,7.789999961853027,8.140000343322754,7.670000076293945,8.0600004196167,6630600,0.0,0.0
2025-06-10 00:00:00-04:00,8.0600004196167,8.154999732971191,7.940000057220459,8.069999694824219,2672700,0.0,0.0
2025-06-11 00:00:00-04:00,8.024999618530273,8.430000305175781,7.949999809265137,8.319999694824219,2909200,0.0,0.0
2025-06-12 00:00:00-04:00,8.199999809265137,8.364999771118164,8.164999961853027,8.34000015258789,1991300,0.0,0.0
2025-06-13 00:00:00-04:00,8.180000305175781,8.399999618530273,8.15999984741211,8.270000457763672,1190700,0.0,0.0
2025-06-16 00:00:00-04:00,8.350000381469727,8.510000228881836,8.229999542236328,8.470000267028809,2037700,0.0,0.0
2025-06-17 00:00:00-04:00,8.4399995803833,8.522000312805176,8.380000114440918,8.390000343322754,1459600,0.0,0.0
2025-06-18 00:00:00-04:00,8.329999923706055,8.65999984741211,8.3149995803833,8.59000015258789,1843600,0.0,0.0
2025-06-20 00:00:00-04:00,8.600000381469727,8.619999885559082,8.239999771118164,8.279999732971191,3195200,0.0,0.0
2025-06-23 00:00:00-04:00,8.3100004196167,8.460000038146973,8.25,8.399999618530273,1177300,0.0,0.0
2025-06-24 00:00:00-04:00,8.399999618530273,8.729999542236328,8.399999618530273,8.630000114440918,1535700,0.0,0.0
2025-06-25 00:00:00-04:00,8.630000114440918,8.697999954223633,8.5,8.520000457763672,1208100,0.0,0.0
2025-06-26 00:00:00-04:00,8.609999656677246,8.824999809265137,8.539999961853027,8.75,1569300,0.0,0.0
2025-06-27 00:00:00-04:00,8.710000038146973,8.800000190734863,8.46500015258789,8.539999961853027,1477900,0.0,0.0
2025-06-30 00:00:00-04:00,8.529999732971191,8.609999656677246,8.40999984741211,8.4399995803833,787500,0.0,0.0
2025-07-01 00:00:00-04:00,8.479999542236328,8.529999732971191,8.380999565124512,8.399999618530273,656900,0.0,0.0
2025-07-02 00:00:00-04:00,8.34000015258789,8.449999809265137,8.305000305175781,8.390000343322754,815200,0.0,0.0
2025-07-03 00:00:00-04:00,8.35200023651123,8.529999732971191,8.25,8.470000267028809,940600,0.0,0.0
2025-07-07 00:00:00-04:00,8.460000038146973,8.619999885559082,8.460000038146973,8.539999961853027,1129200,0.0,0.0
2025-07-08 00:00:00-04:00,8.569999694824219,8.9399995803833,8.569999694824219,8.779999732971191,1470400,0.0,0.0
2025-07-09 00:00:00-04:00,8.65999984741211,8.694999694824219,8.479999542236328,8.529999732971191,1289200,0.0,0.0
2025-07-10 00:00:00-04:00,8.550000190734863,8.569999694824219,8.5,8.510000228881836,623900,0.0,0.0
2025-07-11 00:00:00-04:00,8.539999961853027,8.949999809265137,8.50100040435791,8.9399995803833,1012800,0.0,0.0
2025-07-14 00:00:00-04:00,8.970000267028809,9.074999809265137,8.904999732971191,8.970000267028809,1613300,0.0,0.0
2025-07-15 00:00:00-04:00,9.029999732971191,9.220000267028809,9.010000228881836,9.119999885559082,1923200,0.0,0.0
2025-07-16 00:00:00-04:00,9.010000228881836,9.069999694824219,8.704999923706055,8.970000267028809,1562700,0.0,0.0
2025-07-17 00:00:00-04:00,8.989999771118164,9.119999885559082,8.949999809265137,8.979999542236328,1143900,0.0,0.0
2025-07-18 00:00:00-04:00,9.050000190734863,9.109999656677246,8.899999618530273,8.899999618530273,734000,0.0,0.0
2025-07-21 00:00:00-04:00,8.90999984741211,8.90999984741211,8.550000190734863,8.640000343322754,1764700,0.0,0.0
2025-07-22 00:00:00-04:00,8.75,8.880000114440918,8.609999656677246,8.829999923706055,1138900,0.0,0.0
2025-07-23 00:00:00-04:00,8.979999542236328,9.109999656677246,8.925000190734863,8.970000267028809,912200,0.0,0.0
2025-07-24 00:00:00-04:00,8.90999984741211,8.90999984741211,8.555000305175781,8.59000015258789,619600,0.0,0.0
2025-07-25 00:00:00-04:00,8.579999923706055,8.579999923706055,8.380000114440918,8.430000305175781,946000,0.0,0.0
2025-07-28 00:00:00-04:00,8.460000038146973,8.545000076293945,8.460000038146973,8.489999771118164,769500,0.0,0.0
2025-07-29 00:00:00-04:00,8.520000457763672,8.5600004196167,8.420000076293945,8.4399995803833,458400,0.0,0.0
2025-07-30 00:00:00-04:00,8.4399995803833,8.53499984741211,8.3149995803833,8.319999694824219,527400,0.0,0.0
2025-07-31 00:00:00-04:00,8.350000381469727,8.350000381469727,8.1850004196167,8.229999542236328,699500,0.0,0.0
2025-08-01 00:00:00-04:00,8.140000343322754,8.140000343322754,7.96999979019165,8.020000457763672,657500,0.0,0.0
2025-08-04 00:00:00-04:00,8.079999923706055,8.130000114440918,7.951000213623047,7.96999979019165,402800,0.0,0.0
2025-08-05 00:00:00-04:00,7.980000019073486,8.020000457763672,7.940000057220459,7.960000038146973,1058800,0.0,0.0
2025-08-06 00:00:00-04:00,7.980000019073486,8.114999771118164,7.980000019073486,8.100000381469727,747700,0.0,0.0
2025-08-07 00:00:00-04:00,8.149999618530273,8.25,8.109999656677246,8.140000343322754,393400,0.0,0.0
2025-08-08 00:00:00-04:00,8.100000381469727,8.114999771118164,7.985000133514404,8.050000190734863,309200,0.0,0.0
2025-08-11 00:00:00-04:00,8.050000190734863,8.145000457763672,7.960000038146973,8.0,437700,0.0,0.0
2025-08-12 00:00:00-04:00,8.010000228881836,8.220000267028809,8.010000228881836,8.050000190734863,386500,0.0,0.0
2025-08-13 00:00:00-04:00,8.1899995803833,8.267999649047852,8.029999732971191,8.0600004196167,623300,0.0,0.0
2025-08-14 00:00:00-04:00,8.020000457763672,8.125,7.980000019073486,8.050000190734863,446000,0.0,0.0
2025-08-15 00:00:00-04:00,8.001999855041504,8.3149995803833,8.00100040435791,8.270000457763672,532900,0.0,0.0
2025-08-18 00:00:00-04:00,8.270000457763672,8.324999809265137,8.104999542236328,8.140000343322754,1175300,0.0,0.0
2025-08-19 00:00:00-04:00,8.140000343322754,8.154999732971191,7.954999923706055,7.989999771118164,597100,0.0,0.0
2025-08-20 00:00:00-04:00,7.941999912261963,8.015000343322754,7.800000190734863,8.0,629200,0.0,0.0
2025-08-21 00:00:00-04:00,8.020000457763672,8.140000343322754,7.980000019073486,8.130000114440918,343100,0.0,0.0
2025-08-22 00:00:00-04:00,8.170000076293945,8.420000076293945,8.170000076293945,8.270000457763672,588400,0.0,0.0
2025-08-25 00:00:00-04:00,8.289999961853027,8.399999618530273,8.255000114440918,8.319999694824219,637900,0.0,0.0
2025-08-26 00:00:00-04:00,8.319999694824219,8.380000114440918,8.260000228881836,8.279999732971191,703100,0.0,0.0
2025-08-27 00:00:00-04:00,8.170000076293945,8.199999809265137,8.050000190734863,8.140000343322754,478900,0.0,0.0
2025-08-28 00:00:00-04:00,8.180000305175781,8.229999542236328,8.079999923706055,8.130000114440918,290000,0.0,0.0
2025-08-29 00:00:00-04:00,8.149999618530273,8.395000457763672,8.109999656677246,8.300000190734863,583100,0.0,0.0
2025-09-02 00:00:00-04:00,8.25,8.305000305175781,8.100000381469727,8.289999961853027,616500,0.0,0.0
2025-09-03 00:00:00-04:00,8.350000381469727,8.369999885559082,8.15999984741211,8.270000457763672,892600,0.0,0.0
2025-09-04 00:00:00-04:00,8.3100004196167,8.350000381469727,8.199999809265137,8.350000381469727,831600,0.0,0.0
2025-09-05 00:00:00-04:00,8.420000076293945,8.520000457763672,8.364999771118164,8.520000457763672,935300,0.0,0.0
2025-09-08 00:00:00-04:00,8.579999923706055,8.593999862670898,7.960000038146973,8.119999885559082,1904000,0.0,0.0
2025-09-09 00:00:00-04:00,7.099999904632568,8.010000228881836,7.060999870300293,7.880000114440918,2848800,0.0,0.0
2025-09-10 00:00:00-04:00,7.800000190734863,7.800000190734863,7.5,7.570000171661377,2040700,0.0,0.0
2025-09-11 00:00:00-04:00,7.590000152587891,7.650000095367432,7.5,7.53000020980835,1891600,0.0,0.0
2025-09-12 00:00:00-04:00,7.519999980926514,7.565000057220459,7.434999942779541,7.480000019073486,1068900,0.0,0.0
2025-09-15 00:00:00-04:00,7.46999979019165,7.699999809265137,7.460000038146973,7.619999885559082,1122500,0.0,0.0
2025-09-16 00:00:00-04:00,7.619999885559082,7.744999885559082,7.590000152587891,7.650000095367432,773900,0.0,0.0
2025-09-17 00:00:00-04:00,7.769999980926514,7.84499979019165,7.690000057220459,7.730000019073486,1313500,0.0,0.0
2025-09-18 00:00:00-04:00,7.690000057220459,7.699999809265137,7.550000190734863,7.630000114440918,787900,0.0,0.0
2025-09-19 00:00:00-04:00,7.71999979019165,7.755000114440918,7.5,7.519999980926514,1611900,0.0,0.0
2025-09-22 00:00:00-04:00,7.5,7.610000133514404,7.465000152587891,7.539999961853027,856600,0.0,0.0
2025-09-23 00:00:00-04:00,7.480000019073486,7.550000190734863,7.320000171661377,7.329999923706055,928200,0.0,0.0
2025-09-24 00:00:00-04:00,7.400000095367432,7.605000019073486,7.400000095367432,7.579999923706055,980000,0.0,0.0
2025-09-25 00:00:00-04:00,7.480000019073486,7.550000190734863,7.375,7.400000095367432,1363000,0.0,0.0
2025-09-26 00:00:00-04:00,7.349999904632568,7.400000095367432,7.21999979019165,7.369999885559082,938100,0.0,0.0
2025-09-29 00:00:00-04:00,7.429999828338623,7.699999809265137,7.425000190734863,7.460000038146973,799200,0.0,0.0
2025-09-30 00:00:00-04:00,7.480000019073486,7.565000057220459,7.329999923706055,7.420000076293945,857800,0.0,0.0
2025-10-01 00:00:00-04:00,7.420000076293945,7.5,7.364999771118164,7.46999979019165,605200,0.0,0.0
2025-10-02 00:00:00-04:00,7.519999980926514,7.650000095367432,7.480000019073486,7.559999942779541,624900,0.0,0.0
2025-10-03 00:00:00-04:00,7.519999980926514,7.579999923706055,7.385000228881836,7.46999979019165,844300,0.0,0.0
2025-10-06 00:00:00-04:00,7.46999979019165,7.485000133514404,7.389999866485596,7.400000095367432,485600,0.0,0.0
2025-10-07 00:00:00-04:00,7.400000095367432,7.460000038146973,7.239999771118164,7.239999771118164,767200,0.0,0.0
2025-10-08 00:00:00-04:00,7.210000038146973,7.309999942779541,7.190000057220459,7.28000020980835,910000,0.0,0.0
2025-10-09 00:00:00-04:00,7.300000190734863,7.343999862670898,7.114999771118164,7.130000114440918,630900,0.0,0.0
2025-10-10 00:00:00-04:00,7.159999847412109,7.25,6.829999923706055,6.920000076293945,1516300,0.0,0.0
2025-10-13 00:00:00-04:00,7.150000095367432,7.21999979019165,7.050000190734863,7.079999923706055,867000,0.0,0.0
2025-10-14 00:00:00-04:00,6.929999828338623,7.0,6.855000019073486,6.880000114440918,944000,0.0,0.0
2025-10-15 00:00:00-04:00,6.980000019073486,6.994999885559082,6.889999866485596,6.929999828338623,1066500,0.0,0.0
2025-10-16 00:00:00-04:00,6.940000057220459,6.940000057220459,6.804999828338623,6.829999923706055,601600,0.0,0.0
2025-10-17 00:00:00-04:00,6.809999942779541,6.875,6.730000019073486,6.829999923706055,611400,0.0,0.0
2025-10-20 00:00:00-04:00,6.840000152587891,6.96999979019165,6.829999923706055,6.960000038146973,927700,0.0,0.0
2025-10-21 00:00:00-04:00,6.949999809265137,7.019999980926514,6.875,6.889999866485596,872200,0.0,0.0
2025-10-22 00:00:00-04:00,6.900000095367432,6.989999771118164,6.764999866485596,6.769999980926514,854800,0.0,0.0
2025-10-23 00:00:00-04:00,6.820000171661377,6.929999828338623,6.795000076293945,6.889999866485596,1064800,0.0,0.0
2025-10-24 00:00:00-04:00,6.929999828338623,6.960000038146973,6.829999923706055,6.889999866485596,889200,0.0,0.0
2025-10-27 00:00:00-04:00,6.989999771118164,7.090000152587891,6.929999828338623,6.96999979019165,1381300,0.0,0.0
2025-10-28 00:00:00-04:00,6.940000057220459,6.960000038146973,6.800000190734863,6.809999942779541,680300,0.0,0.0
2025-10-29 00:00:00-04:00,6.809999942779541,6.980000019073486,6.789999961853027,6.860000133514404,728200,0.0,0.0
2025-10-30 00:00:00-04:00,6.760000228881836,6.864999771118164,6.71999979019165,6.789999961853027,465000,0.0,0.0
2025-10-31 00:00:00-04:00,6.789999961853027,6.840000152587891,6.755000114440918,6.789999961853027,550400,0.0,0.0
2025-11-03 00:00:00-05:00,6.809999942779541,6.940000057220459,6.78000020980835,6.909999847412109,1130700,0.0,0.0
2025-11-04 00:00:00-05:00,6.829999923706055,6.849999904632568,6.695000171661377,6.710000038146973,1017300,0.0,0.0
2025-11-05 00:00:00-05:00,6.739999771118164,6.809999942779541,6.679999828338623,6.760000228881836,1328600,0.0,0.0
2025-11-06 00:00:00-05:00,6.78000020980835,6.882999897003174,6.690000057220459,6.710000038146973,1023300,0.0,0.0
2025-11-07 00:00:00-05:00,6.730000019073486,6.769999980926514,6.690000057220459,6.75,987200,0.0,0.0
2025-11-10 00:00:00-05:00,6.820000171661377,7.035999774932861,6.820000171661377,6.96999979019165,1053100,0.0,0.0
2025-11-11 00:00:00-05:00,6.949999809265137,7.139999866485596,6.900000095367432,6.980000019073486,1547200,0.0,0.0
2025-11-12 00:00:00-05:00,6.980000019073486,7.0,6.829999923706055,6.869999885559082,1007600,0.0,0.0
2025-11-13 00:00:00-05:00,6.869999885559082,7.005000114440918,6.860000133514404,6.920000076293945,1169900,0.0,0.0
2025-11-14 00:00:00-05:00,6.829999923706055,6.945000171661377,6.800000190734863,6.849999904632568,780400,0.0,0.0
2025-11-17 00:00:00-05:00,6.840000152587891,6.989999771118164,6.820000171661377,6.840000152587891,824200,0.0,0.0
2025-11-18 00:00:00-05:00,6.769999980926514,7.010000228881836,6.75,7.0,874000,0.0,0.0
2025-11-19 00:00:00-05:00,6.960000038146973,7.03000020980835,6.929999828338623,7.0,614900,0.0,0.0
2025-11-20 00:00:00-05:00,7.019999980926514,7.25,6.949999809265137,6.960000038146973,1282600,0.0,0.0
2025-11-21 00:00:00-05:00,6.909999847412109,7.059999942779541,6.880000114440918,6.980000019073486,1068100,0.0,0.0
2025-11-24 00:00:00-05:00,7.110000133514404,7.190000057220459,7.0,7.019999980926514,1307000,0.0,0.0
2025-11-25 00:00:00-05:00,7.019999980926514,7.079999923706055,7.019999980926514,7.039999961853027,1468400,0.0,0.0
2025-11-26 00:00:00-05:00,7.03000020980835,7.090000152587891,6.940000057220459,6.949999809265137,841800,0.0,0.0
2025-11-28 00:00:00-05:00,6.929999828338623,6.989999771118164,6.900000095367432,6.960000038146973,496600,0.0,0.0
2025-12-01 00:00:00-05:00,6.949999809265137,7.099999904632568,6.949999809265137,7.050000190734863,1076300,0.0,0.0
2025-12-02 00:00:00-05:00,7.025000095367432,7.03000020980835,6.920000076293945,7.010000228881836,601600,0.0,0.0
2025-12-03 00:00:00-05:00,6.989999771118164,7.110000133514404,6.925000190734863,6.940000057220459,547800,0.0,0.0
2025-12-04 00:00:00-05:00,6.949999809265137,6.989999771118164,6.929999828338623,6.960000038146973,296300,0.0,0.0
2025-12-05 00:00:00-05:00,6.96999979019165,7.085000038146973,6.96999979019165,7.059999942779541,297600,0.0,0.0
2025-12-08 00:00:00-05:00,7.019999980926514,7.09499979019165,7.0,7.059999942779541,291600,0.0,0.0
2025-12-09 00:00:00-05:00,6.940000057220459,7.014999866485596,6.900000095367432,6.980000019073486,651900,0.0,0.0
2025-12-10 00:00:00-05:00,6.75,7.010000228881836,6.53000020980835,6.550000190734863,1825100,0.0,0.0
2025-12-11 00:00:00-05:00,6.5,6.914999961853027,6.461999893188477,6.679999828338623,2045600,0.0,0.0
2025-12-12 00:00:00-05:00,6.690000057220459,6.800000190734863,6.550000190734863,6.75,1654400,0.0,0.0
2025-12-15 00:00:00-05:00,6.739999771118164,6.739999771118164,6.579999923706055,6.630000114440918,1905300,0.0,0.0
2025-12-16 00:00:00-05:00,6.590000152587891,6.619999885559082,6.414999961853027,6.539999961853027,2699000,0.0,0.0
2025-12-17 00:00:00-05:00,6.550000190734863,6.710000038146973,6.480000019073486,6.5,2066100,0.0,0.0
2025-12-18 00:00:00-05:00,6.539999961853027,6.664999961853027,6.525000095367432,6.550000190734863,1416800,0.0,0.0
2025-12-19 00:00:00-05:00,6.539999961853027,6.735000133514404,6.510000228881836,6.650000095367432,2021200,0.0,0.0
2025-12-22 00:00:00-05:00,6.599999904632568,6.684999942779541,6.53000020980835,6.559999942779541,762000,0.0,0.0
2025-12-23 00:00:00-05:00,6.53000020980835,6.570000171661377,6.510000228881836,6.550000190734863,660400,0.0,0.0
2025-12-24 00:00:00-05:00,6.519999980926514,6.619999885559082,6.5,6.53000020980835,383700,0.0,0.0
2025-12-26 00:00:00-05:00,6.53000020980835,6.550000190734863,6.460000038146973,6.5,1068200,0.0,0.0
2025-12-29 00:00:00-05:00,6.46999979019165,6.565000057220459,6.445000171661377,6.5,875900,0.0,0.0
2025-12-30 00:00:00-05:00,6.5,6.639999866485596,6.460000038146973,6.489999771118164,1149700,0.0,0.0
2025-12-31 00:00:00-05:00,6.480000019073486,6.550000190734863,6.449999809265137,6.550000190734863,1014400,0.0,0.0
2026-01-02 00:00:00-05:00,6.670000076293945,6.894999980926514,6.635000228881836,6.789999961853027,1243400,0.0,0.0
2026-01-05 00:00:00-05:00,6.820000171661377,6.949999809265137,6.735000133514404,6.869999885559082,640600,0.0,0.0
2026-01-06 00:00:00-05:00,6.869999885559082,6.929999828338623,6.744999885559082,6.78000020980835,554900,0.0,0.0
2026-01-07 00:00:00-05:00,6.730000019073486,6.730000019073486,6.605000019073486,6.619999885559082,678800,0.0,0.0
2026-01-08 00:00:00-05:00,6.599999904632568,6.724999904632568,6.550000190734863,6.710000038146973,724000,0.0,0.0
2026-01-09 00:00:00-05:00,6.710000038146973,6.710000038146973,6.570000171661377,6.590000152587891,627000,0.0,0.0
2026-01-12 00:00:00-05:00,6.650000095367432,6.989999771118164,6.644999980926514,6.949999809265137,924000,0.0,0.0
2026-01-13 00:00:00-05:00,6.929999828338623,7.039999961853027,6.889999866485596,6.96999979019165,651200,0.0,0.0
2026-01-14 00:00:00-05:00,6.96999979019165,7.110000133514404,6.954999923706055,6.980000019073486,1450100,0.0,0.0
2026-01-15 00:00:00-05:00,6.949999809265137,7.019999980926514,6.920000076293945,6.949999809265137,1267000,0.0,0.0
2026-01-16 00:00:00-05:00,6.949999809265137,7.0,6.880000114440918,6.989999771118164,1131500,0.0,0.0
2026-01-20 00:00:00-05:00,6.820000171661377,6.954999923706055,6.650000095367432,6.78000020980835,2277500,0.0,0.0
2026-01-21 00:00:00-05:00,6.78000020980835,7.005000114440918,6.78000020980835,6.96999979019165,1653700,0.0,0.0
2026-01-22 00:00:00-05:00,6.980000019073486,7.014999866485596,6.869999885559082,6.909999847412109,1134900,0.0,0.0
2026-01-23 00:00:00-05:00,6.909999847412109,6.989999771118164,6.864999771118164,6.909999847412109,683100,0.0,0.0
2026-01-26 00:00:00-05:00,6.909999847412109,7.005000114440918,6.900000095367432,6.96999979019165,867900,0.0,0.0
2026-01-27 00:00:00-05:00,7.03000020980835,7.099999904632568,6.96999979019165,6.989999771118164,787200,0.0,0.0
2026-01-28 00:00:00-05:00,7.014999866485596,7.099999904632568,6.940000057220459,6.960000038146973,793200,0.0,0.0
2026-01-29 00:00:00-05:00,7.03000020980835,7.03000020980835,6.829999923706055,6.949999809265137,795700,0.0,0.0
2026-01-30 00:00:00-05:00,6.929999828338623,7.0,6.795000076293945,6.820000171661377,711000,0.0,0.0
2026-02-02 00:00:00-05:00,6.75,6.820000171661377,6.639999866485596,6.659999847412109,478000,0.0,0.0
2026-02-03 00:00:00-05:00,6.630000114440918,6.65500020980835,6.429999828338623,6.489999771118164,729700,0.0,0.0
2026-02-04 00:00:00-05:00,6.510000228881836,6.550000190734863,6.380000114440918,6.400000095367432,2027100,0.0,0.0
2026-02-05 00:00:00-05:00,6.409999847412109,6.505000114440918,6.369999885559082,6.440000057220459,1508200,0.0,0.0
2026-02-06 00:00:00-05:00,6.449999809265137,6.579999923706055,6.429999828338623,6.559999942779541,867900,0.0,0.0
2026-02-09 00:00:00-05:00,6.570000171661377,6.724999904632568,6.559999942779541,6.71999979019165,447500,0.0,0.0
2026-02-10 00:00:00-05:00,6.699999809265137,6.730000019073486,6.590000152587891,6.599999904632568,468400,0.0,0.0
2026-02-11 00:00:00-05:00,6.590000152587891,6.590000152587891,6.460000038146973,6.489999771118164,875100,0.0,0.0
2026-02-12 00:00:00-05:00,6.489999771118164,6.554999828338623,6.445000171661377,6.53000020980835,954600,0.0,0.0
2026-02-13 00:00:00-05:00,6.460000038146973,6.565000057220459,6.449999809265137,6.480000019073486,756600,0.0,0.0
2026-02-17 00:00:00-05:00,6.449999809265137,6.550000190734863,6.400000095367432,6.510000228881836,636400,0.0,0.0
2026-02-18 00:00:00-05:00,6.510000228881836,6.546999931335449,6.400000095367432,6.409999847412109,350600,0.0,0.0
2026-02-19 00:00:00-05:00,6.389999866485596,6.46999979019165,6.333000183105469,6.440000057220459,566400,0.0,0.0
2026-02-20 00:00:00-05:00,6.380000114440918,6.699999809265137,6.380000114440918,6.670000076293945,552100,0.0,0.0
2026-02-23 00:00:00-05:00,6.797999858856201,6.800000190734863,6.635000228881836,6.670000076293945,637300,0.0,0.0
2026-02-24 00:00:00-05:00,6.670000076293945,6.679999828338623,6.599999904632568,6.650000095367432,348600,0.0,0.0
2026-02-25 00:00:00-05:00,6.659999847412109,6.695000171661377,6.579999923706055,6.619999885559082,264200,0.0,0.0
2026-02-26 00:00:00-05:00,6.579999923706055,6.690000057220459,6.449999809265137,6.519999980926514,991700,0.0,0.0
2026-02-27 00:00:00-05:00,6.5,6.519999980926514,6.420000076293945,6.46999979019165,1205400,0.0,0.0
2026-03-02 00:00:00-05:00,6.400000095367432,6.519999980926514,6.380000114440918,6.5,656100,0.0,0.0
2026-03-03 00:00:00-05:00,6.389999866485596,6.420000076293945,6.139999866485596,6.25,1315600,0.0,0.0
2026-03-04 00:00:00-05:00,6.239999771118164,6.300000190734863,6.150000095367432,6.179999828338623,787600,0.0,0.0
2026-03-05 00:00:00-05:00,6.179999828338623,6.210000038146973,6.059999942779541,6.179999828338623,911000,0.0,0.0
2026-03-06 00:00:00-05:00,6.199999809265137,6.269999980926514,6.099999904632568,6.159999847412109,410200,0.0,0.0
2026-03-09 00:00:00-04:00,6.150000095367432,6.204999923706055,6.039999961853027,6.199999809265137,682300,0.0,0.0
2026-03-10 00:00:00-04:00,6.21999979019165,6.369999885559082,6.199999809265137,6.329999923706055,503200,0.0,0.0
2026-03-11 00:00:00-04:00,6.309999942779541,6.309999942779541,6.059999942779541,6.090000152587891,510800,0.0,0.0
2026-03-12 00:00:00-04:00,6.050000190734863,6.090000152587891,5.985000133514404,6.0,578700,0.0,0.0
2026-03-13 00:00:00-04:00,6.034999847412109,6.085000038146973,5.954999923706055,5.989999771118164,655300,0.0,0.0
2026-03-16 00:00:00-04:00,6.03000020980835,6.065000057220459,5.960000038146973,6.03000020980835,940800,0.0,0.0
2026-03-17 00:00:00-04:00,6.050000190734863,6.050000190734863,5.96999979019165,6.0,554500,0.0,0.0
2026-03-18 00:00:00-04:00,6.244999885559082,6.550000190734863,6.190000057220459,6.239999771118164,1295500,0.0,0.0
2026-03-19 00:00:00-04:00,6.139999866485596,6.230000019073486,5.949999809265137,6.179999828338623,1293200,0.0,0.0
2026-03-20 00:00:00-04:00,6.099999904632568,6.150000095367432,5.840000152587891,5.889999866485596,1294900,0.0,0.0
2026-03-23 00:00:00-04:00,5.909999847412109,6.010000228881836,5.860000133514404,6.0,833600,0.0,0.0
2026-03-24 00:00:00-04:00,5.940000057220459,6.019999980926514,5.84499979019165,5.860000133514404,1074300,0.0,0.0
2026-03-25 00:00:00-04:00,5.920000076293945,5.960000038146973,5.880000114440918,5.949999809265137,651500,0.0,0.0
2026-03-26 00:00:00-04:00,5.840000152587891,5.920000076293945,5.829999923706055,5.840000152587891,1037100,0.0,0.0
2026-03-27 00:00:00-04:00,5.809999942779541,5.929999828338623,5.739999771118164,5.739999771118164,768900,0.0,0.0
2026-03-30 00:00:00-04:00,5.75,5.789999961853027,5.690000057220459,5.699999809265137,555000,0.0,0.0
2026-03-31 00:00:00-04:00,5.710000038146973,5.775000095367432,5.684999942779541,5.760000228881836,1794600,0.0,0.0
2026-04-01 00:00:00-04:00,5.789999961853027,5.894999980926514,5.789999961853027,5.860000133514404,677600,0.0,0.0
2026-04-02 00:00:00-04:00,5.789999961853027,5.940000057220459,5.784999847412109,5.929999828338623,452300,0.0,0.0
2026-04-06 00:00:00-04:00,5.940000057220459,6.059999942779541,5.940000057220459,6.03000020980835,671723,0.0,0.0
