Date,Open,High,Low,Close,Volume,Dividends,Stock Splits
2022-01-03 00:00:00-05:00,12.992356477900028,13.134955757495872,12.881446598673827,12.984434127807617,140000,0.0,0.0
2022-01-04 00:00:00-05:00,12.992353585100258,13.031965326742599,12.873521382240114,12.960665702819824,230500,0.0,0.0
2022-01-05 00:00:00-05:00,12.984431963073924,13.051771172115895,12.612090637009128,12.699234962463379,229600,0.0,0.0
2022-01-06 00:00:00-05:00,12.68339167861532,13.237942555137135,12.334815848979467,12.37442684173584,164400,0.0,0.0
2022-01-07 00:00:00-05:00,12.461570260587346,13.127032512653622,12.358582738473274,13.02404499053955,396200,0.0,0.0
2022-01-10 00:00:00-05:00,13.198332954590187,13.198332954590187,12.754691929764586,12.921056747436523,185800,0.0,0.0
2022-01-11 00:00:00-05:00,12.95274423360081,13.42411265838589,12.95274423360081,13.396385192871094,252300,0.0,0.0
2022-01-12 00:00:00-05:00,13.467683122232557,13.760803949159351,13.428072893933448,13.523138046264648,207600,0.0,0.0
2022-01-13 00:00:00-05:00,13.538986737144471,13.594441677540464,13.198333233530464,13.380542755126953,84500,0.0,0.0
2022-01-14 00:00:00-05:00,13.277552356244398,13.40430691006263,13.127030756947693,13.35677433013916,148600,0.0,0.0
2022-01-18 00:00:00-05:00,13.182487627755288,13.301321361623886,13.000278118672858,13.016122817993164,138000,0.0,0.0
2022-01-19 00:00:00-05:00,13.142876704328845,13.321125784792072,12.992355090711719,13.071577072143555,179800,0.0,0.0
2022-01-20 00:00:00-05:00,13.2062553801735,13.681585807865515,13.031968211467731,13.230022430419922,243200,0.0,0.0
2022-01-21 00:00:00-05:00,13.071577186015114,13.44391853764465,13.055732487383995,13.269631385803223,264400,0.0,0.0
2022-01-24 00:00:00-05:00,13.222099084964825,13.265671251619555,12.580403131439812,12.825990676879883,221200,0.0,0.0
2022-01-25 00:00:00-05:00,12.762613179324614,13.079499598304574,12.485336996079536,13.063654899597168,190900,0.0,0.0
2022-01-26 00:00:00-05:00,13.230020705909737,13.404307851897482,13.031966512773566,13.111186981201172,156700,0.0,0.0
2022-01-27 00:00:00-05:00,13.174563955882029,13.329047492200335,12.913132487469303,13.031966209411621,139600,0.0,0.0
2022-01-28 00:00:00-05:00,13.031968228362082,13.222100097478616,12.825991659060726,12.984434127807617,100000,0.0,0.0
2022-01-31 00:00:00-05:00,13.071575445287369,13.499373185156454,12.992353473715305,13.467683792114258,190400,0.0,0.0
2022-02-01 00:00:00-05:00,13.435994399072062,13.570671297434542,13.230019388431495,13.467683792114258,128300,0.0,0.0
2022-02-02 00:00:00-05:00,13.50729468318366,13.665738634079139,13.348852243321684,13.641971588134766,158500,0.0,0.0
2022-02-03 00:00:00-05:00,13.499377285634038,13.626131874238068,13.222101056425018,13.253788948059082,218200,0.0,0.0
2022-02-04 00:00:00-05:00,13.26963090612542,13.525516886736943,13.07949906252586,13.4518404006958,141300,0.0,0.0
2022-02-07 00:00:00-05:00,13.46768482163301,13.507295054930278,13.333007912975338,13.396385192871094,78700,0.0,0.0
2022-02-08 00:00:00-05:00,13.420154396919791,13.602363917033252,13.32508770627628,13.562753677368164,95300,0.0,0.0
2022-02-09 00:00:00-05:00,13.64197280457916,13.828144236827086,13.64197280457916,13.80833911895752,116800,0.0,0.0
2022-02-10 00:00:00-05:00,13.74496083965084,14.184641375265283,13.705349095747025,13.903403282165527,107200,0.0,0.0
2022-02-11 00:00:00-05:00,13.958861883393633,14.148993750449224,13.847950494335883,13.935094833374023,116000,0.0,0.0
2022-02-14 00:00:00-05:00,13.887559846035897,14.018274820985331,13.887559846035897,13.982625007629395,172900,0.0,0.0
2022-02-15 00:00:00-05:00,14.164835947261967,14.576789052544312,14.105420592925293,14.545101165771484,193600,0.0,0.0
2022-02-16 00:00:00-05:00,14.418348133664386,14.505490964854665,13.974705583281551,14.022239685058594,547400,0.0,0.0
2022-02-17 00:00:00-05:00,14.21237066897664,14.267825606543022,13.752884957811824,13.816262245178223,275400,0.0,0.0
2022-02-18 00:00:00-05:00,13.784574950564334,14.516583260268792,13.515221060374596,13.53898811340332,228200,0.0,0.0
2022-02-22 00:00:00-05:00,13.46768680087554,13.713273607684405,13.08742306561657,13.301321983337402,242800,0.0,0.0
2022-02-23 00:00:00-05:00,13.364697809593565,13.435995929995498,13.24586408317861,13.34885311126709,207100,0.0,0.0
2022-02-24 00:00:00-05:00,13.206253737244229,13.206253737244229,12.798262580489824,13.039887428283691,257600,0.0,0.0
2022-02-25 00:00:00-05:00,13.103264943492158,13.206252449638985,12.905210768489194,13.190407752990723,171200,0.0,0.0
2022-02-28 00:00:00-05:00,13.079500115313696,13.23002173691664,12.841834158408991,13.150799751281738,165400,0.0,0.0
2022-03-01 00:00:00-05:00,13.182795635285316,13.558762274421712,12.918819805508909,12.966814994812012,163500,0.16,0.0
2022-03-02 00:00:00-05:00,13.006810281541908,13.398774240411495,12.88682156364131,13.374775886535645,332400,0.0,0.0
2022-03-03 00:00:00-05:00,13.414775254807298,13.550762896699556,13.238790350158748,13.278787612915039,427600,0.0,0.0
2022-03-04 00:00:00-05:00,13.126801445830836,13.33478264096416,12.782832604869554,12.950818061828613,241700,0.0,0.0
2022-03-07 00:00:00-05:00,12.886822915496333,12.918819198281284,11.878914833068848,11.878914833068848,493300,0.0,0.0
2022-03-08 00:00:00-05:00,12.062897104809036,12.062897104809036,11.366960821401173,11.822918891906738,393200,0.0,0.0
2022-03-09 00:00:00-05:00,12.150890206877916,12.694840784697872,12.118893158939672,12.654844284057617,367300,0.0,0.0
2022-03-10 00:00:00-05:00,12.454860270570874,12.622844932304975,12.254878566738357,12.414864540100098,177400,0.0,0.0
2022-03-11 00:00:00-05:00,12.46286134826063,12.54285434538087,12.35887075715222,12.438863754272461,145600,0.0,0.0
2022-03-14 00:00:00-04:00,12.558852267194151,12.558852267194151,12.131691745056823,12.25487995147705,262500,0.0,0.0
2022-03-15 00:00:00-04:00,12.22288442051446,12.358872072368658,12.146891904319931,12.302877426147461,108400,0.0,0.0
2022-03-16 00:00:00-04:00,12.382869567315772,12.798831972602887,12.358871970970696,12.79083251953125,162300,0.0,0.0
2022-03-17 00:00:00-04:00,12.76683446217381,12.95881751461139,12.73243742550372,12.950818061828613,123400,0.0,0.0
2022-03-18 00:00:00-04:00,12.934816760996673,13.182793648383958,12.918817858393796,13.17479419708252,349900,0.0,0.0
2022-03-21 00:00:00-04:00,13.34278180538624,13.446771637835695,13.090804388263127,13.254789352416992,154000,0.0,0.0
2022-03-22 00:00:00-04:00,13.294786518017556,13.414775254807298,13.110802160817748,13.278787612915039,157800,0.0,0.0
2022-03-23 00:00:00-04:00,13.174795986166307,13.618755676378445,13.134800249967185,13.582758903503418,206500,0.0,0.0
2022-03-24 00:00:00-04:00,13.702748071321587,13.822738335193877,13.542763595724509,13.758744239807129,365200,0.0,0.0
2022-03-25 00:00:00-04:00,13.67074906651506,13.766739427626792,13.558759803304946,13.726743698120117,82400,0.0,0.0
2022-03-28 00:00:00-04:00,13.702745650969947,13.859532148704602,13.486766570775858,13.598755836486816,132300,0.0,0.0
2022-03-29 00:00:00-04:00,13.862732824975783,14.557069384012694,13.70274683803828,14.454678535461426,408300,0.0,0.0
2022-03-30 00:00:00-04:00,14.52667587816279,14.52667587816279,13.910731650742335,13.966726303100586,375100,0.0,0.0
2022-03-31 00:00:00-04:00,14.062713666708342,14.53467062035824,13.710745432891274,14.246696472167969,377600,0.0,0.0
2022-04-01 00:00:00-04:00,14.406684318015085,15.190612350073453,14.39948435308057,15.158616065979004,572600,0.0,0.0
2022-04-04 00:00:00-04:00,15.278607007162904,15.358600017557011,14.63866444974983,14.726656913757324,244100,0.0,0.0
2022-04-05 00:00:00-04:00,14.630662832515457,14.95863271926253,14.070713426696882,14.118708610534668,287700,0.0,0.0
2022-04-06 00:00:00-04:00,14.286696624905769,14.414684822100071,13.974724059222456,14.054717063903809,347800,0.0,0.0
2022-04-07 00:00:00-04:00,13.982724226063072,14.086715595179344,13.678752623644195,13.790741920471191,157000,0.0,0.0
2022-04-08 00:00:00-04:00,13.718748058452864,13.782742158886135,13.478770563263017,13.542764663696289,250200,0.0,0.0
2022-04-11 00:00:00-04:00,13.50276828113616,13.750746771568291,13.407577374730813,13.558764457702637,156400,0.0,0.0
2022-04-12 00:00:00-04:00,13.646753098598568,13.722747133978768,12.950817518812778,12.990813255310059,257000,0.0,0.0
2022-04-13 00:00:00-04:00,12.998812226231712,13.222792309242228,12.838826234689986,13.158798217773438,218800,0.0,0.0
2022-04-14 00:00:00-04:00,13.198794474541302,13.478769207937058,12.894822909483329,12.982813835144043,276000,0.0,0.0
2022-04-18 00:00:00-04:00,12.934818570269467,13.3747777732131,12.790831478181865,13.190794944763184,277500,0.0,0.0
2022-04-19 00:00:00-04:00,13.31878387433323,13.59875862169247,13.25879026644601,13.430774688720703,414300,0.0,0.0
2022-04-20 00:00:00-04:00,13.566758031575505,13.702745650969947,13.286784867298111,13.598755836486816,266100,0.0,0.0
2022-04-21 00:00:00-04:00,13.646753375864291,13.862734019112672,13.174796352057639,13.254789352416992,312900,0.0,0.0
2022-04-22 00:00:00-04:00,13.326781878729681,13.326781878729681,12.919618468808922,13.078804969787598,297600,0.0,0.0
2022-04-25 00:00:00-04:00,12.974814842247781,13.198794942045724,12.9108207459826,13.150799751281738,365300,0.0,0.0
2022-04-26 00:00:00-04:00,13.158799737901377,13.678751981868555,12.782833072067833,12.974815368652344,569300,0.0,0.0
2022-04-27 00:00:00-04:00,12.942818976710218,13.110802912701555,12.678843130338363,12.814830780029297,294500,0.0,0.0
2022-04-28 00:00:00-04:00,12.830828740283721,13.454770771677273,12.782832025761493,13.190794944763184,362400,0.0,0.0
2022-04-29 00:00:00-04:00,13.126802203175467,13.358781770041068,12.994815038993767,13.046809196472168,296400,0.0,0.0
2022-05-02 00:00:00-04:00,13.022812395516667,13.302785631078937,12.782833374797962,13.038809776306152,387500,0.0,0.0
2022-05-03 00:00:00-04:00,13.006813357241365,13.198795656427917,12.878825157783663,13.070807456970215,280400,0.0,0.0
2022-05-04 00:00:00-04:00,13.062806862950877,13.50276606944558,12.982813863841052,13.494768142700195,325600,0.0,0.0
2022-05-05 00:00:00-04:00,13.382776125593894,13.414773932645218,12.990812143651663,13.03080940246582,350300,0.0,0.0
2022-05-06 00:00:00-04:00,12.966814877667165,12.99881268740653,12.654843861406063,12.806830406188965,248600,0.0,0.0
2022-05-09 00:00:00-04:00,12.558852043052436,12.766833217915877,11.766924603614413,11.782922744750977,549800,0.0,0.0
2022-05-10 00:00:00-04:00,12.39886922709255,12.59885098881985,11.278971666567626,11.4629545211792,373000,0.0,0.0
2022-05-11 00:00:00-04:00,11.542946111656782,12.246881917922837,11.52694720650834,11.99890422821045,522100,0.0,0.0
2022-05-12 00:00:00-04:00,11.974907480229334,12.494859728408501,11.80692277863963,12.486860275268555,433800,0.0,0.0
2022-05-13 00:00:00-04:00,12.7268384437249,13.374778886303153,12.694841394250293,13.294787406921387,237100,0.0,0.0
2022-05-16 00:00:00-04:00,13.198793289452192,13.538761597218073,13.174794934205181,13.422773361206055,317900,0.0,0.0
2022-05-17 00:00:00-04:00,13.614758822273506,13.902731524147343,13.614758822273506,13.854736328125,287100,0.0,0.0
2022-05-18 00:00:00-04:00,13.742744580280284,14.11870967932583,13.510765043647853,13.51876449584961,205400,0.0,0.0
2022-05-19 00:00:00-04:00,13.390777192239469,13.638754123834754,13.390777192239469,13.534764289855957,165400,0.0,0.0
2022-05-20 00:00:00-04:00,13.67075170135509,13.68675060653703,13.34278177382319,13.638753890991211,142700,0.0,0.0
2022-05-23 00:00:00-04:00,13.798739551882447,13.918728286316126,13.302784183619826,13.390776634216309,184500,0.0,0.0
2022-05-24 00:00:00-04:00,13.270786241131795,13.270786241131795,12.98281209389182,13.086803436279297,219800,0.0,0.0
2022-05-25 00:00:00-04:00,13.110803296686868,13.390778057278569,12.966816189768867,13.046809196472168,227700,0.0,0.0
2022-05-26 00:00:00-04:00,13.118799548150553,13.442770459647555,13.086803268722079,13.374775886535645,353200,0.0,0.0
2022-05-27 00:00:00-04:00,13.422774120907533,13.654752131800466,13.358780029032983,13.51876449584961,270300,0.0,0.0
2022-05-31 00:00:00-04:00,13.462769770815326,13.486768127268432,13.13080089811456,13.158798217773438,238400,0.0,0.0
2022-06-01 00:00:00-04:00,13.306196391595853,13.451973589814262,13.111827308874025,13.20901107788086,196300,0.202,0.0
2022-06-02 00:00:00-04:00,13.233306666188644,13.322393067452822,13.095628384556747,13.306195259094238,217600,0.0,0.0
2022-06-03 00:00:00-04:00,13.192813609547283,13.265700657300368,12.974147832163975,13.014640808105469,148900,0.0,0.0
2022-06-06 00:00:00-04:00,13.103729674880004,13.103729674880004,12.050895882829156,12.358647346496582,913100,0.0,0.0
2022-06-07 00:00:00-04:00,12.472027247123483,12.739284918679411,12.391040518613412,12.666397094726562,433000,0.0,0.0
2022-06-08 00:00:00-04:00,12.666397263455218,12.779778839350481,12.39913958833916,12.435583114624023,240400,0.0,0.0
2022-06-09 00:00:00-04:00,12.391038583207804,12.569210593867043,12.220965475840785,12.285755157470703,182700,0.0,0.0
2022-06-10 00:00:00-04:00,12.1480788936554,12.4639292229379,11.941561459780772,11.994203567504883,232800,0.0,0.0
2022-06-13 00:00:00-04:00,11.751241619578233,11.775537560660686,10.925171899234403,10.949468612670898,347300,0.0,0.0
2022-06-14 00:00:00-04:00,10.949468700134153,11.18433152541804,10.771296661946844,10.90087604522705,357300,0.0,0.0
2022-06-15 00:00:00-04:00,10.973763769426194,11.178661558442545,10.795591745396585,11.079047203063965,273500,0.0,0.0
2022-06-16 00:00:00-04:00,10.73080453183638,10.738903437602765,10.317769606000697,10.37446117401123,217200,0.0,0.0
2022-06-17 00:00:00-04:00,10.390655693527181,11.079047069656472,10.301570068762087,10.633617401123047,407600,0.0,0.0
2022-06-21 00:00:00-04:00,10.746999118858273,11.26369694852875,10.536432266235352,10.536432266235352,214200,0.0,0.0
2022-06-22 00:00:00-04:00,10.512135944327932,10.6660120239849,10.419000869582586,10.593123435974121,109200,0.0,0.0
2022-06-23 00:00:00-04:00,10.617420625641614,10.815839153966285,10.3744596667814,10.698408126831055,173400,0.0,0.0
2022-06-24 00:00:00-04:00,10.836086083388139,11.127639688498688,10.617420300289705,11.062849998474121,260800,0.0,0.0
2022-06-27 00:00:00-04:00,11.168131225106283,11.354402126286505,10.787491292362773,10.868478775024414,208200,0.0,0.0
2022-06-28 00:00:00-04:00,10.98186266940027,11.2815151624065,10.690308307937139,10.852282524108887,239500,0.0,0.0
2022-06-29 00:00:00-04:00,10.722704282476853,10.925172267141539,10.58502599111654,10.73890209197998,181900,0.0,0.0
2022-06-30 00:00:00-04:00,10.64171609104214,10.917071863605619,10.447346265459618,10.70650577545166,170000,0.0,0.0
2022-07-01 00:00:00-04:00,10.617420350385203,10.981863323935453,10.617420350385203,10.973764419555664,119200,0.0,0.0
2022-07-05 00:00:00-04:00,10.738901894857886,10.981863626466545,10.633618452082331,10.965665817260742,74900,0.0,0.0
2022-07-06 00:00:00-04:00,10.965666255433057,11.070949702415588,10.87253116584031,10.933271408081055,175400,0.0,0.0
2022-07-07 00:00:00-04:00,10.99806168640268,11.338207987825783,10.99806168640268,11.297714233398438,125500,0.0,0.0
2022-07-08 00:00:00-04:00,11.289615086358824,11.29771399154174,11.014259261326648,11.216727256774902,112800,0.0,0.0
2022-07-11 00:00:00-04:00,11.176233581399808,11.589268480368693,10.961617226675791,11.014259338378906,81700,0.0,0.0
2022-07-12 00:00:00-04:00,10.973762774237258,11.232921496702106,10.949466837094658,11.054749488830566,126300,0.0,0.0
2022-07-13 00:00:00-04:00,11.05474972210232,11.265316574725244,10.520234459562543,10.536432266235352,145100,0.0,0.0
2022-07-14 00:00:00-04:00,10.42304895254942,10.552628304282601,10.131495411149764,10.309666633605957,166100,0.0,0.0
2022-07-15 00:00:00-04:00,10.431151178332556,10.552631666195845,10.285373975013325,10.390657424926758,134900,0.0,0.0
2022-07-18 00:00:00-04:00,10.48784183251783,10.860382968741321,10.374460251289438,10.414953231811523,118200,0.0,0.0
2022-07-19 00:00:00-04:00,10.560729358657895,10.852282959463112,10.447347016612191,10.8198881149292,155000,0.0,0.0
2022-07-20 00:00:00-04:00,10.876578728080162,11.046651840209961,10.552629538504668,11.046651840209961,269000,0.0,0.0
2022-07-21 00:00:00-04:00,11.046653149354754,11.164084174881646,10.949468612670898,10.949468612670898,175900,0.0,0.0
2022-07-22 00:00:00-04:00,10.917073598228011,11.20862799675012,10.827987961098525,10.933271408081055,110400,0.0,0.0
2022-07-25 00:00:00-04:00,11.00615817634502,11.074997312057818,10.908973650460004,10.998059272766113,64000,0.0,0.0
2022-07-26 00:00:00-04:00,10.965665736867155,11.014258391774256,10.819888544499898,10.90087604522705,64500,0.0,0.0
2022-07-27 00:00:00-04:00,11.022355471463312,11.245880117984008,10.965664689780011,11.192428588867188,130300,0.0,0.0
2022-07-28 00:00:00-04:00,11.330106321592712,11.591694876495943,11.208625860266691,11.589265823364258,119700,0.0,0.0
2022-07-29 00:00:00-04:00,11.662155802449647,11.759341116382831,11.548774223451066,11.670254707336426,118500,0.0,0.0
2022-08-01 00:00:00-04:00,11.645956379890649,11.645956379890649,11.355212241775154,11.548771858215332,60700,0.0,0.0
2022-08-02 00:00:00-04:00,11.726945710199523,11.791736178118493,11.427293175123458,11.710748672485352,132600,0.0,0.0
2022-08-03 00:00:00-04:00,11.832228142730685,11.880820796409488,11.556872346397558,11.799833297729492,131900,0.0,0.0
2022-08-04 00:00:00-04:00,11.799832348967993,11.973954916481901,11.730993212331192,11.913214683532715,115400,0.0,0.0
2022-08-05 00:00:00-04:00,11.751239382410594,12.172372294533208,11.670251897748528,12.13997745513916,104900,0.0,0.0
2022-08-08 00:00:00-04:00,12.180473057291135,12.463928524534925,12.050893679929636,12.455829620361328,206000,0.0,0.0
2022-08-09 00:00:00-04:00,12.075188210378444,12.225014830682426,11.127638158601705,11.548771858215332,319900,0.0,0.0
2022-08-10 00:00:00-04:00,11.564972915637883,12.139982114854664,11.564972915637883,11.89702033996582,178900,0.0,0.0
2022-08-11 00:00:00-04:00,11.937513278616953,12.050895638411896,11.751243086476121,11.872723579406738,187000,0.0,0.0
2022-08-12 00:00:00-04:00,11.872720937448603,11.986103272013324,11.751240471550231,11.913214683532715,88700,0.0,0.0
2022-08-15 00:00:00-04:00,11.945609020787261,12.318150078770376,11.9051152764155,12.237162590026855,88700,0.0,0.0
2022-08-16 00:00:00-04:00,12.212867652139902,12.391039678549168,11.986103746389745,12.148077964782715,57300,0.0,0.0
2022-08-17 00:00:00-04:00,12.042794529738785,12.225016008152124,12.002300782052043,12.148077964782715,48700,0.0,0.0
2022-08-18 00:00:00-04:00,12.148077617736677,12.331918717228877,12.084097359195693,12.245262145996094,68300,0.0,0.0
2022-08-19 00:00:00-04:00,12.139981355796015,12.139981355796015,11.807933952229517,11.93751335144043,53500,0.0,0.0
2022-08-22 00:00:00-04:00,11.759340588483164,11.828178959868255,11.621662301004893,11.751241683959961,90200,0.0,0.0
2022-08-23 00:00:00-04:00,11.775537348835309,12.09948579862078,11.670253909566522,12.02659797668457,66800,0.0,0.0
2022-08-24 00:00:00-04:00,12.091387675094257,12.188572210097837,11.799833297729492,11.799833297729492,77600,0.0,0.0
2022-08-25 00:00:00-04:00,11.92941098543762,11.994201438602913,11.816029430194675,11.953707695007324,58300,0.0,0.0
2022-08-26 00:00:00-04:00,12.034693439521794,12.034693439521794,11.613560548202598,11.637856483459473,77400,0.0,0.0
2022-08-29 00:00:00-04:00,11.540674698858743,11.735043771579814,11.330107817233895,11.419194221496582,81300,0.0,0.0
2022-08-30 00:00:00-04:00,11.492081171338514,12.067090213714964,11.386798510879455,11.483983039855957,48100,0.0,0.0
2022-08-31 00:00:00-04:00,11.45968738548502,11.897018192399367,11.45968738548502,11.702649116516113,133700,0.0,0.0
2022-09-01 00:00:00-04:00,11.587105681990659,11.587105681990659,10.997097267382387,11.30029582977295,151900,0.169,0.0
2022-09-02 00:00:00-04:00,11.357658935081771,11.51335599978337,11.103628033823066,11.218351364135742,118600,0.0,0.0
2022-09-06 00:00:00-04:00,11.242933935973394,11.644467095456097,11.128209841195211,11.341268539428711,184200,0.0,0.0
2022-09-07 00:00:00-04:00,11.267519992513314,11.677247992241071,11.04872507810791,11.390438079833984,115200,0.0,0.0
2022-09-08 00:00:00-04:00,11.283905863099593,11.72641192940778,11.139681165869707,11.628076553344727,84200,0.0,0.0
2022-09-09 00:00:00-04:00,11.775579418639913,12.06238925311269,11.742801218828218,12.005026817321777,60100,0.0,0.0
2022-09-12 00:00:00-04:00,12.005026728109629,12.398365904420903,12.005026728109629,12.283641815185547,90400,0.0,0.0
2022-09-13 00:00:00-04:00,11.619884003740225,11.673148289219123,10.726677017524056,11.193766593933105,1622900,0.0,0.0
2022-09-14 00:00:00-04:00,11.283908667550849,11.374048539602065,11.097072188089449,11.275713920593262,254800,0.0,0.0
2022-09-15 00:00:00-04:00,11.16918109256804,11.472379602571014,11.069207711454817,11.35765552520752,232900,0.0,0.0
2022-09-16 00:00:00-04:00,11.128210013004505,11.283907056999713,10.81681670650806,11.185571670532227,399900,0.0,0.0
2022-09-19 00:00:00-04:00,10.931540803057478,11.210155907896084,10.931540803057478,11.185571670532227,160400,0.0,0.0
2022-09-20 00:00:00-04:00,11.095431921078832,11.16918307091185,10.857789761335772,11.07084846496582,512700,0.0,0.0
2022-09-21 00:00:00-04:00,11.210156085769064,11.521549397206424,11.095431987399303,11.193766593933105,324200,0.0,0.0
2022-09-22 00:00:00-04:00,11.19376641632018,11.32487922295153,11.021680662243039,11.185571670532227,149600,0.0,0.0
2022-09-23 00:00:00-04:00,10.988902319079639,10.988902319079639,10.61195261412155,10.775843620300293,419100,0.0,0.0
2022-09-26 00:00:00-04:00,10.620148603439617,10.816817833884375,10.185837190833931,10.497230529785156,733600,0.0,0.0
2022-09-27 00:00:00-04:00,10.579173189302415,10.825010060884104,10.382504004634612,10.472643852233887,418100,0.0,0.0
2022-09-28 00:00:00-04:00,10.538201475750041,11.062653477502815,10.497229310287793,10.947929382324219,170800,0.0,0.0
2022-09-29 00:00:00-04:00,10.759455087742722,10.956124298398274,10.644730990779996,10.784038543701172,120800,0.0,0.0
2022-09-30 00:00:00-04:00,10.710286910389224,11.054458404232095,10.628341800399074,10.69389820098877,143700,0.0,0.0
2022-10-03 00:00:00-04:00,10.906957466297468,11.283907180226082,10.805344493002723,11.251128196716309,144600,0.0,0.0
2022-10-04 00:00:00-04:00,11.472381591796875,11.677245548793248,11.374046986217893,11.472381591796875,88500,0.0,0.0
2022-10-05 00:00:00-04:00,11.267516803954743,11.41501909219366,11.16098746039263,11.365851402282715,85800,0.0,0.0
2022-10-06 00:00:00-04:00,11.275711549188888,11.460088627993613,11.267516803954743,11.365851402282715,55700,0.0,0.0
2022-10-07 00:00:00-04:00,11.275712603410206,11.43140886994615,11.015125776253463,11.0790433883667,148400,0.0,0.0
2022-10-10 00:00:00-04:00,11.111821895784608,11.169183556372815,10.702093962453956,10.816817283630371,120000,0.0,0.0
2022-10-11 00:00:00-04:00,10.78403866015698,10.8414003185108,10.616050276554525,10.677509307861328,99900,0.0,0.0
2022-10-12 00:00:00-04:00,10.644732051905963,10.669316291809082,10.513619231732207,10.669316291809082,118200,0.0,0.0
2022-10-13 00:00:00-04:00,10.456255879345044,10.84959427633278,10.243197190229724,10.68570327758789,117100,0.0,0.0
2022-10-14 00:00:00-04:00,10.734872293313636,10.816817412056276,10.300560116150955,10.366116523742676,108400,0.0,0.0
2022-10-17 00:00:00-04:00,10.530010087208957,10.714387221369861,10.505425844125513,10.644733428955078,88600,0.0,0.0
2022-10-18 00:00:00-04:00,10.857788783362208,10.857788783362208,10.628341390154736,10.726675987243652,208200,0.0,0.0
2022-10-19 00:00:00-04:00,10.693897952719622,10.693897952719622,10.412824286058896,10.570979118347168,180400,0.0,0.0
2022-10-20 00:00:00-04:00,10.636536168899845,10.755357637921607,10.415283503868036,10.489034652709961,165700,0.0,0.0
2022-10-21 00:00:00-04:00,10.42347801438646,10.61195247362319,10.185835863200088,10.530007362365723,155200,0.0,0.0
2022-10-24 00:00:00-04:00,10.513619266982808,10.513619266982808,10.038334901512359,10.161252975463867,209300,0.0,0.0
2022-10-25 00:00:00-04:00,10.251392006941442,10.857789097268059,10.24319726157364,10.808621406555176,291000,0.0,0.0
2022-10-26 00:00:00-04:00,10.865984556228709,10.898762758358602,10.62834239541348,10.677509307861328,175000,0.0,0.0
2022-10-27 00:00:00-04:00,10.816816639898038,11.333073898950344,10.75126023698606,11.062653541564941,316900,0.0,0.0
2022-10-28 00:00:00-04:00,11.12001556724304,11.48877132271049,11.095432110709874,11.431408882141113,302200,0.0,0.0
2022-10-31 00:00:00-04:00,11.38224191222551,11.718218681978692,11.120015511703473,11.65266227722168,319400,0.0,0.0
2022-11-01 00:00:00-04:00,11.72641384882597,12.037806391851143,11.718219102563726,11.972249984741211,137400,0.0,0.0
2022-11-02 00:00:00-04:00,11.906692123644081,12.045999667114634,11.607590955043037,11.710022926330566,140100,0.0,0.0
2022-11-03 00:00:00-04:00,11.750996761212631,11.992736294281048,11.316685388875298,11.587105751037598,213400,0.0,0.0
2022-11-04 00:00:00-04:00,11.636273265371877,11.640370638524987,11.36011672310322,11.570716857910156,189900,0.0,0.0
2022-11-07 00:00:00-05:00,11.669049595122509,11.693633830093088,11.398629262397305,11.51335334777832,184300,0.0,0.0
2022-11-08 00:00:00-05:00,11.513353639252264,11.513353639252264,11.15279266549471,11.423213005065918,189900,0.0,0.0
2022-11-09 00:00:00-05:00,11.34946406334551,11.595300198094296,11.136405350502148,11.160988807678223,152700,0.0,0.0
2022-11-10 00:00:00-05:00,11.439603142884028,11.611688894304324,11.226544444650528,11.341268539428711,382500,0.0,0.0
2022-11-11 00:00:00-05:00,11.480577114790934,11.738705374222512,11.283907890319824,11.283907890319824,207900,0.0,0.0
2022-11-14 00:00:00-05:00,11.234950448391114,11.467283028476555,10.894748972578661,11.351117134094238,163000,0.171,0.0
2022-11-15 00:00:00-05:00,11.376010168503019,11.616640548205877,11.342819798589549,11.40090274810791,109500,0.0,0.0
2022-11-16 00:00:00-05:00,11.367713334564195,11.367713334564195,11.1602733073228,11.226654052734375,95600,0.0,0.0
2022-11-17 00:00:00-05:00,11.127081368881647,11.16608003154027,10.778582108849134,10.820070266723633,543700,0.0,0.0
2022-11-18 00:00:00-05:00,10.861558091152986,11.151973604717252,10.674032477943667,10.869855880737305,232200,0.0,0.0
2022-11-21 00:00:00-05:00,10.869856704397654,10.894749283716072,10.703904065419321,10.86155891418457,255900,0.0,0.0
2022-11-22 00:00:00-05:00,10.919642594579207,10.919642594579207,10.753690735804014,10.83666706085205,116600,0.0,0.0
2022-11-23 00:00:00-05:00,10.786880838890783,11.093891967808402,10.770285257766169,11.085594177246094,181000,0.0,0.0
2022-11-25 00:00:00-05:00,11.0358080737178,11.118783598289637,10.720499181174915,10.994319915771484,149000,0.0,0.0
2022-11-28 00:00:00-05:00,10.944534561604923,11.138698581574193,10.936237562622265,10.961130142211914,196100,0.0,0.0
2022-11-29 00:00:00-05:00,10.919642450232379,11.19346321142203,10.7868809649672,11.093892097473145,107800,0.0,0.0
2022-11-30 00:00:00-05:00,11.093891735454866,11.351117698252951,11.002618415143722,11.326224327087402,219300,0.0,0.0
2022-12-01 00:00:00-05:00,11.301333678445506,11.400904806160153,11.052405463498403,11.234952926635742,160700,0.0,0.0
2022-12-02 00:00:00-05:00,11.243249391208,11.367713088328468,11.17271975182083,11.293034553527832,189000,0.0,0.0
2022-12-05 00:00:00-05:00,11.2432478050745,11.2432478050745,10.861558185411871,10.977724075317383,161000,0.0,0.0
2022-12-06 00:00:00-05:00,11.118782955388639,11.782591070185143,11.093890378588485,11.450687408447266,250400,0.0,0.0
2022-12-07 00:00:00-05:00,11.409200792781355,11.508771904741671,11.110487456900406,11.24324893951416,206200,0.0,0.0
2022-12-08 00:00:00-05:00,11.351117470403663,11.624938217161572,11.351117470403663,11.566854476928711,157300,0.0,0.0
2022-12-09 00:00:00-05:00,11.558558320743527,11.641533855050213,11.293034553527832,11.293034553527832,94500,0.0,0.0
2022-12-12 00:00:00-05:00,11.210058059445522,11.351117326142738,11.093891371776985,11.118783950805664,163700,0.0,0.0
2022-12-13 00:00:00-05:00,11.400904806160153,11.641535229300791,11.193464758924396,11.234952926635742,216100,0.0,0.0
2022-12-14 00:00:00-05:00,11.168570869854452,11.637384973648292,10.961130846856651,11.550260543823242,504100,0.0,0.0
2022-12-15 00:00:00-05:00,11.616640426618716,11.616640426618716,11.164421146705394,11.301331520080566,190500,0.0,0.0
2022-12-16 00:00:00-05:00,11.268141150514488,11.326224099424916,11.02751077333022,11.301331520080566,305400,0.0,0.0
2022-12-19 00:00:00-05:00,11.384307695287918,11.384307695287918,11.044106213719626,11.118783950805664,162800,0.0,0.0
2022-12-20 00:00:00-05:00,11.10218979441818,11.388457239180369,11.068999423382047,11.251546859741211,213100,0.0,0.0
2022-12-21 00:00:00-05:00,11.3926062973265,11.724510826806911,11.3926062973265,11.425797462463379,127700,0.0,0.0
2022-12-22 00:00:00-05:00,11.392605343154129,11.45566728551904,11.118784584275813,11.251546859741211,183000,0.0,0.0
2022-12-23 00:00:00-05:00,11.25154788578221,11.388458277706375,11.127083389556008,11.359416007995605,140000,0.0,0.0
2022-12-27 00:00:00-05:00,11.334523593257298,11.376011759280889,11.102190971374512,11.102190971374512,98400,0.0,0.0
2022-12-28 00:00:00-05:00,11.143678760884741,11.32871491472804,11.118785387319093,11.160273551940918,129700,0.0,0.0
2022-12-29 00:00:00-05:00,11.268139515534966,11.591746165340309,11.201758786034492,11.500472068786621,120600,0.0,0.0
2022-12-30 00:00:00-05:00,11.450690500699672,11.70791571017986,11.409202333948395,11.55855941772461,144300,0.0,0.0
2023-01-03 00:00:00-05:00,11.691318967175054,11.848973024934775,11.384307850564456,11.475581169128418,131000,0.0,0.0
2023-01-04 00:00:00-05:00,11.525366798814488,11.732806800865227,11.409200112790584,11.699616432189941,142900,0.0,0.0
2023-01-05 00:00:00-05:00,11.641535184511275,11.683023352063001,11.514581977380516,11.583452224731445,57900,0.0,0.0
2023-01-06 00:00:00-05:00,11.641533384274126,11.82408081848015,11.575152642984818,11.683021545410156,95800,0.0,0.0
2023-01-09 00:00:00-05:00,11.749401937661899,12.031520475421036,11.658128618930757,11.824080467224121,234800,0.0,0.0
2023-01-10 00:00:00-05:00,11.99832880141429,12.12279247627356,11.85726954786939,11.96513843536377,169800,0.0,0.0
2023-01-11 00:00:00-05:00,12.01492400160785,12.38831662165679,11.998329213672772,12.255555152893066,118100,0.0,0.0
2023-01-12 00:00:00-05:00,12.263852266784909,12.545970786227127,12.073007851468573,12.537672996520996,118900,0.0,0.0
2023-01-13 00:00:00-05:00,12.4712928860437,12.587459573784525,12.421507727955362,12.496186256408691,116200,0.0,0.0
2023-01-17 00:00:00-05:00,12.438103449746585,12.483740507517732,12.188345962390724,12.41321086883545,203000,0.0,0.0
2023-01-18 00:00:00-05:00,12.487889289855957,12.653841146629548,12.462996709170136,12.487889289855957,97700,0.0,0.0
2023-01-19 00:00:00-05:00,12.512780418723382,12.687030045948235,12.38084825288655,12.537672996520996,70500,0.0,0.0
2023-01-20 00:00:00-05:00,12.570865290571241,12.703627572253467,12.512782336368387,12.620651245117188,44900,0.0,0.0
2023-01-23 00:00:00-05:00,12.662139975301514,12.852984428405762,12.595759227150388,12.852984428405762,101500,0.0,0.0
2023-01-24 00:00:00-05:00,12.7534129548494,12.894472238614888,12.73681816392924,12.819793701171875,74300,0.0,0.0
2023-01-25 00:00:00-05:00,12.77830422999179,12.927661289602353,12.687030910963575,12.786602020263672,48000,0.0,0.0
2023-01-26 00:00:00-05:00,12.886173020568448,12.985744129026342,12.73266785844117,12.86128044128418,87600,0.0,0.0
2023-01-27 00:00:00-05:00,12.82808947277773,13.002339102272492,12.819791682963507,12.985743522644043,69100,0.0,0.0
2023-01-30 00:00:00-05:00,12.869578601598729,13.068720824241597,12.794900070277441,12.803197860717773,58600,0.0,0.0
2023-01-31 00:00:00-05:00,12.819792650277588,13.184887516443695,12.745114118956298,12.803197860717773,191800,0.0,0.0
2023-02-01 00:00:00-05:00,12.778304121908855,12.894470810770144,12.579161904993066,12.86128044128418,145500,0.0,0.0
2023-02-02 00:00:00-05:00,12.869579056685769,13.257906325439095,12.869579056685769,13.201482772827148,158000,0.0,0.0
2023-02-03 00:00:00-05:00,13.09361409110766,13.334244487254347,12.927662230199754,13.226375579833984,83300,0.0,0.0
2023-02-06 00:00:00-05:00,13.218078616494335,13.334244523787696,12.927662265619142,13.043828964233398,190700,0.0,0.0
2023-02-07 00:00:00-05:00,12.960855172832542,12.985747759075307,12.670439556477485,12.75341510772705,186500,0.0,0.0
2023-02-08 00:00:00-05:00,12.828089453199313,12.92849065236414,12.662137613772053,12.811493873596191,138300,0.0,0.0
2023-02-09 00:00:00-05:00,12.861281663723329,12.935960199995002,12.529377937316895,12.529377937316895,160100,0.0,0.0
2023-02-10 00:00:00-05:00,12.529377937316895,12.634757350667915,12.521080146326508,12.529377937316895,93300,0.0,0.0
2023-02-13 00:00:00-05:00,12.58745958679578,12.695328484526442,12.52937663852574,12.670435905456543,273000,0.0,0.0
2023-02-14 00:00:00-05:00,13.276159268313073,14.018794807218299,13.11020743572331,13.782313346862793,369200,0.0,0.0
2023-02-15 00:00:00-05:00,13.973160356042358,14.487610737117295,13.898481819653771,13.948266983032227,334900,0.0,0.0
2023-02-16 00:00:00-05:00,13.923375178750266,14.15238819617576,13.815505478455961,13.865290641784668,233100,0.0,0.0
2023-02-17 00:00:00-05:00,13.823803451643547,13.956564944031047,13.699339750360496,13.774018287658691,148700,0.0,0.0
2023-02-21 00:00:00-05:00,13.865291181474372,13.998054259921576,13.525089650642968,13.549983024597168,294100,0.0,0.0
2023-02-22 00:00:00-05:00,13.583173217167516,14.43782508738182,13.42551835869777,13.467005729675293,133600,0.0,0.0
2023-02-23 00:00:00-05:00,13.632958640744283,13.93582088609479,13.408923034821951,13.483601570129395,196100,0.0,0.0
2023-02-24 00:00:00-05:00,13.342541260903,13.417219790448335,13.276160521600662,13.375732421875,186000,0.0,0.0
2023-02-27 00:00:00-05:00,13.40062585112662,13.843718091989672,13.184888817633293,13.276162147521973,148300,0.0,0.0
2023-02-28 00:00:00-05:00,13.266008997000675,13.646728942837493,13.266008997000675,13.418296813964844,181500,0.308,0.0
2023-03-01 00:00:00-05:00,13.384453348189629,13.50290013074848,13.240625400386987,13.452136993408203,260200,0.0,0.0
2023-03-02 00:00:00-05:00,13.452138553136834,13.452138553136834,13.194094928391523,13.282929420471191,115900,0.0,0.0
2023-03-03 00:00:00-05:00,13.350614015367338,13.494441989992792,13.31677218644681,13.333693504333496,218300,0.0,0.0
2023-03-06 00:00:00-05:00,13.35061264038086,13.447908594503057,13.308310156873743,13.35061264038086,194000,0.0,0.0
2023-03-07 00:00:00-05:00,13.435216432181395,13.494439419799312,13.096797400579627,13.130640029907227,116300,0.0,0.0
2023-03-08 00:00:00-05:00,13.130641604498507,13.29139007881767,13.113720287805547,13.282929420471191,96500,0.0,0.0
2023-03-09 00:00:00-05:00,13.249087230769966,13.325231540095526,12.927589484091362,12.952971458435059,88800,0.0,0.0
2023-03-10 00:00:00-05:00,12.851444927707895,13.0291147104344,12.381889707315013,12.394579887390137,196500,0.0,0.0
2023-03-13 00:00:00-04:00,12.157688302525425,12.419963076733282,11.886953676390476,12.267674446105957,282500,0.0,0.0
2023-03-14 00:00:00-04:00,12.52148715763855,13.02911452472696,12.479184675334665,12.546868324279785,94500,0.0,0.0
2023-03-15 00:00:00-04:00,12.584940657044516,12.584940657044516,12.101002479503924,12.394579887390137,112300,0.0,0.0
2023-03-16 00:00:00-04:00,12.27613560184497,12.474956250104821,12.183069965204002,12.38612174987793,157900,0.0,0.0
2023-03-17 00:00:00-04:00,12.24229267751057,12.318436989097911,12.051931898542213,12.225371360778809,432800,0.0,0.0
2023-03-20 00:00:00-04:00,12.26767375742543,12.29305492548753,11.971557171574046,12.090003967285156,249300,0.0,0.0
2023-03-21 00:00:00-04:00,12.216909158019003,12.470723228940113,12.153455842001899,12.445342063903809,141400,0.0,0.0
2023-03-22 00:00:00-04:00,12.419961501282772,12.745688754463638,12.335356537921177,12.487645149230957,100200,0.0,0.0
2023-03-23 00:00:00-04:00,12.563789990884096,13.291389640794407,12.276134071405929,12.293054580688477,79500,0.0,0.0
2023-03-24 00:00:00-04:00,12.22537135479062,12.49610677439665,12.191529528196467,12.436882972717285,112300,0.0,0.0
2023-03-27 00:00:00-04:00,12.504567062378735,12.513027721035792,12.149227467310553,12.208451271057129,497900,0.0,0.0
2023-03-28 00:00:00-04:00,12.208450160278364,12.30997563436735,11.996938554213127,12.259212493896484,484800,0.0,0.0
2023-03-29 00:00:00-04:00,12.394580487761395,12.859906208570614,12.364968990348109,12.436882972717285,103100,0.0,0.0
2023-03-30 00:00:00-04:00,12.45380350869343,12.631473288887557,12.45380350869343,12.546868324279785,87300,0.0,0.0
2023-03-31 00:00:00-04:00,12.572249569623192,12.71607752624512,12.424192090911863,12.52148723602295,368800,0.0,0.0
2023-04-03 00:00:00-04:00,12.538408097520005,12.716077883822436,12.522333169828926,12.690696716308594,178500,0.0,0.0
2023-04-04 00:00:00-04:00,12.606092810517485,12.690697785159683,12.352279500296559,12.40304183959961,193900,0.0,0.0
2023-04-05 00:00:00-04:00,12.309974486897275,12.394578637325376,12.098462900548018,12.19998836517334,177800,0.0,0.0
2023-04-06 00:00:00-04:00,12.233832344808151,12.381890642741194,12.123846203682257,12.284595489501953,153300,0.0,0.0
2023-04-10 00:00:00-04:00,12.191528739366692,12.352278010427543,12.132305748372032,12.17460823059082,175900,0.0,0.0
2023-04-11 00:00:00-04:00,12.216911707803517,12.656856296801044,12.115386219616285,12.572251319885254,239600,0.0,0.0
2023-04-12 00:00:00-04:00,12.631473723158706,12.766841025702888,12.445343278734072,12.690696716308594,134700,0.0,0.0
2023-04-13 00:00:00-04:00,12.690696897362619,12.800683033962095,12.479185282406576,12.749919891357422,169200,0.0,0.0
2023-04-14 00:00:00-04:00,12.707619084883644,12.886134467669674,12.580711623099564,12.614553451538086,158900,0.0,0.0
2023-04-17 00:00:00-04:00,12.682235044859128,12.944509777721962,12.639932564480903,12.92758846282959,163700,0.0,0.0
2023-04-18 00:00:00-04:00,12.936050073255062,13.054496865669348,12.648394153715198,12.71607780456543,117400,0.0,0.0
2023-04-19 00:00:00-04:00,12.699157283963498,12.826063927481409,12.627243304142612,12.766840934753418,99200,0.0,0.0
2023-04-20 00:00:00-04:00,12.690695754787923,12.800681881485076,12.65685393171593,12.741458892822266,145800,0.0,0.0
2023-04-21 00:00:00-04:00,12.741459427398707,12.809143076382407,12.63993314707042,12.758379936218262,103400,0.0,0.0
2023-04-24 00:00:00-04:00,12.75838142411501,12.814220481381211,12.589172281922403,12.614553451538086,92700,0.0,0.0
2023-04-25 00:00:00-04:00,12.50456592465805,12.57647990299434,12.221140340256522,12.259212493896484,164200,0.0,0.0
2023-04-26 00:00:00-04:00,12.157687009651834,12.724538177981382,12.157687009651834,12.309975624084473,565700,0.0,0.0
2023-04-27 00:00:00-04:00,12.259212232266288,12.525717302058402,12.259212232266288,12.487645149230957,208600,0.0,0.0
2023-04-28 00:00:00-04:00,12.462263359672013,12.690696280001353,12.45380350869343,12.546868324279785,177000,0.0,0.0
2023-05-01 00:00:00-04:00,12.58917063145049,12.758379751459355,12.534177163164653,12.699156761169434,174700,0.0,0.0
2023-05-02 00:00:00-04:00,12.707616667581673,12.707616667581673,11.844648996277858,12.047699928283691,354600,0.0,0.0
2023-05-03 00:00:00-04:00,12.073082934478917,12.212680563051778,11.88695249409752,12.022319793701172,251700,0.0,0.0
2023-05-04 00:00:00-04:00,12.090003057461207,12.090003057461207,11.430087089538574,11.430087089538574,530200,0.0,0.0
2023-05-05 00:00:00-04:00,11.506231586059403,12.309975520288297,11.472389761676695,11.963096618652344,364500,0.0,0.0
2023-05-08 00:00:00-04:00,11.996939142033195,12.318436895827272,11.895413662969716,12.301515579223633,471100,0.0,0.0
2023-05-09 00:00:00-04:00,12.22537203833326,12.479186155407021,12.208451527516523,12.40304183959961,211900,0.0,0.0
2023-05-10 00:00:00-04:00,12.470724612067041,12.817603531162035,12.360738475574253,12.80068302154541,432700,0.0,0.0
2023-05-11 00:00:00-04:00,12.699157543287322,12.919129816272902,12.559559909825856,12.80068302154541,314500,0.0,0.0
2023-05-12 00:00:00-04:00,12.81760311126709,12.902208077136956,12.61455216140271,12.81760311126709,219000,0.0,0.0
2023-05-15 00:00:00-04:00,12.834523253980914,12.834523253980914,12.55109769313331,12.597630500793457,194400,0.0,0.0
2023-05-16 00:00:00-04:00,12.551240342790198,12.637149230654106,12.370832333706286,12.396605491638184,126000,0.226,0.0
2023-05-17 00:00:00-04:00,12.379423022601141,12.697284587497167,12.336468579931333,12.680103302001953,176800,0.0,0.0
2023-05-18 00:00:00-04:00,12.619968057052743,12.714468004537208,12.465333194484597,12.671513557434082,233500,0.0,0.0
2023-05-19 00:00:00-04:00,12.774602523474217,13.075282805300057,12.697284689902553,13.058100700378418,223500,0.0,0.0
2023-05-22 00:00:00-04:00,13.040920571948064,13.74537055048846,13.040920571948064,13.393145561218262,546100,0.0,0.0
2023-05-23 00:00:00-04:00,13.264281049350863,13.48764349770001,13.109646201429639,13.18696403503418,251300,0.0,0.0
2023-05-24 00:00:00-04:00,13.092464909107997,13.272872925619986,12.95501133829656,13.229918479919434,337000,0.0,0.0
2023-05-25 00:00:00-04:00,13.212737082978132,13.479053169381439,13.212737082978132,13.255691528320312,344200,0.0,0.0
2023-05-26 00:00:00-04:00,13.298645019488752,13.676643151520505,13.298645019488752,13.384553909301758,294200,0.0,0.0
2023-05-30 00:00:00-04:00,13.436099573204709,13.504826358189867,12.791785349502932,12.851921081542969,300300,0.0,0.0
2023-05-31 00:00:00-04:00,12.843330526558653,12.877693920383566,12.387155920513562,12.671513557434082,465500,0.0,0.0
2023-06-01 00:00:00-04:00,12.714466796638053,13.144009588286043,12.559831129472663,13.101055145263672,340900,0.0,0.0
2023-06-02 00:00:00-04:00,13.186964277827803,13.255691060233243,13.109646442799715,13.118237495422363,187900,0.0,0.0
2023-06-05 00:00:00-04:00,13.058101189043423,13.101055633667121,12.81755744615375,13.006556510925293,210000,0.0,0.0
2023-06-06 00:00:00-04:00,13.015146744419724,13.212736861973585,12.972193119083911,13.006556510925293,396500,0.0,0.0
2023-06-07 00:00:00-04:00,13.083872452647848,13.324416995053376,12.972192052809062,13.22132682800293,387500,0.0,0.0
2023-06-08 00:00:00-04:00,13.169781926384323,13.350189931647991,13.092464092801627,13.101055145263672,179700,0.0,0.0
2023-06-09 00:00:00-04:00,13.144009584523385,13.178372975073874,12.985078391172468,13.015146255493164,142600,0.0,0.0
2023-06-12 00:00:00-04:00,13.006555911395106,13.427507646870461,12.95501041636505,12.997964859008789,166200,0.0,0.0
2023-06-13 00:00:00-04:00,13.032327778766534,13.255690217019744,12.980782285597401,13.22132682800293,239700,0.0,0.0
2023-06-14 00:00:00-04:00,13.118237510197657,13.191258999708795,12.55124032578235,12.71446704864502,553800,0.0,0.0
2023-06-15 00:00:00-04:00,12.731649287378914,12.963602810082385,12.69728589356595,12.75742244720459,261100,0.0,0.0
2023-06-16 00:00:00-04:00,12.757421986550963,12.903466609804575,12.413787241541566,12.491105079650879,607600,0.0,0.0
2023-06-20 00:00:00-04:00,12.594195822348881,12.817558293731949,12.38371993099143,12.731649398803711,391500,0.0,0.0
2023-06-21 00:00:00-04:00,12.748830296377989,13.264281159197129,12.568422289569325,13.1611909866333,517400,0.0,0.0
2023-06-22 00:00:00-04:00,13.083872445093052,13.178372379300594,12.834737670043038,13.135417938232422,352600,0.0,0.0
2023-06-23 00:00:00-04:00,12.989375008496973,13.14401068860734,12.684399994154774,12.886284828186035,8240300,0.0,0.0
2023-06-26 00:00:00-04:00,12.80037616601719,12.937830561534305,12.027199390084101,12.03579044342041,972000,0.0,0.0
2023-06-27 00:00:00-04:00,12.087332498777558,12.237672622348414,11.769470967983962,12.199013710021973,448000,0.0,0.0
2023-06-28 00:00:00-04:00,12.1990134928514,12.370830422750315,11.98424212565582,12.353649139404297,394000,0.0,0.0
2023-06-29 00:00:00-04:00,12.310695639558082,12.39660452069331,12.138878696575432,12.224786758422852,280100,0.0,0.0
2023-06-30 00:00:00-04:00,12.388014683035939,12.396605735849146,12.216197723211229,12.284924507141113,308000,0.0,0.0
2023-07-03 00:00:00-04:00,12.27633285522461,12.396605130876384,12.190423969860792,12.27633285522461,87000,0.0,0.0
2023-07-05 00:00:00-04:00,12.32787884023613,12.32787884023613,12.048675361351517,12.18183422088623,235900,0.0,0.0
2023-07-06 00:00:00-04:00,12.02719928733518,12.100221601494088,11.756587663856827,11.889745712280273,274700,0.0,0.0
2023-07-07 00:00:00-04:00,11.906925793018633,12.284923905405932,11.855381117239906,12.233378410339355,424800,0.0,0.0
2023-07-10 00:00:00-04:00,12.199016075740351,12.491105328056229,12.199016075740351,12.379424095153809,288100,0.0,0.0
2023-07-11 00:00:00-04:00,12.42237699823866,12.894874211266828,12.418081472204388,12.817556381225586,441600,0.0,0.0
2023-07-12 00:00:00-04:00,12.989374161833474,13.152600884485748,12.873397409310206,13.032328605651855,307700,0.0,0.0
2023-07-13 00:00:00-04:00,13.101054556800165,13.251394690981664,13.006555441825878,13.22132682800293,189400,0.0,0.0
2023-07-14 00:00:00-04:00,13.204145074805654,13.204145074805654,13.049509410475988,13.169781684875488,184800,0.0,0.0
2023-07-17 00:00:00-04:00,13.144009469273353,13.504825476533677,13.144009469273353,13.401735305786133,191000,0.0,0.0
2023-07-18 00:00:00-04:00,13.393144962098383,13.582144028113664,13.37596285642068,13.470462799072266,169100,0.0,0.0
2023-07-19 00:00:00-04:00,13.496235248465618,13.685234316023626,13.427508463769597,13.48764419555664,359600,0.0,0.0
2023-07-20 00:00:00-04:00,13.479052898557473,13.539189448543413,13.290054653709905,13.513416290283203,148000,0.0,0.0
2023-07-21 00:00:00-04:00,13.60791587368443,13.685233707853433,13.444689152819231,13.479052543640137,153600,0.0,0.0
2023-07-24 00:00:00-04:00,13.461871257873616,13.642279264505337,13.431803393316306,13.479052543640137,166300,0.0,0.0
2023-07-25 00:00:00-04:00,13.444689858336934,13.603621061278542,13.444689858336934,13.590734481811523,169000,0.0,0.0
2023-07-26 00:00:00-04:00,13.625096920645841,13.917186966435914,13.569256718773522,13.633687973022461,268200,0.0,0.0
2023-07-27 00:00:00-04:00,13.685234814523582,13.685234814523582,13.384554506059947,13.436100006103516,324200,0.0,0.0
2023-07-28 00:00:00-04:00,13.582143183325314,13.582143183325314,13.075282567389493,13.169781684875488,285400,0.0,0.0
2023-07-31 00:00:00-04:00,13.17837226294349,13.28575795502186,13.006555319475662,13.075282096862793,227700,0.0,0.0
2023-08-01 00:00:00-04:00,13.049509170265225,13.229917168899668,12.903465380216225,13.19555377960205,159100,0.0,0.0
2023-08-02 00:00:00-04:00,13.083873280647216,13.126827724458517,12.68869469158928,12.946419715881348,415300,0.0,0.0
2023-08-03 00:00:00-04:00,12.697284234980627,13.457575145478268,12.589898540931394,13.324417114257812,305800,0.0,0.0
2023-08-04 00:00:00-04:00,13.281462904288675,13.375962021755589,13.006555784902861,13.126827239990234,218700,0.0,0.0
2023-08-07 00:00:00-04:00,13.126827951037264,13.607916255309615,13.075283273004299,13.367372512817383,176300,0.0,0.0
2023-08-08 00:00:00-04:00,13.229917412431318,13.264280802361483,13.023737072850324,13.169781684875488,159000,0.0,0.0
2023-08-09 00:00:00-04:00,13.186963668876649,13.255690448108405,12.980782511893546,13.023736953735352,142900,0.0,0.0
2023-08-10 00:00:00-04:00,13.101055499012455,13.247100117659231,13.006556377241903,13.04951000213623,192600,0.0,0.0
2023-08-11 00:00:00-04:00,13.083873282803616,13.23850895283464,13.006556267075975,13.032328605651855,149900,0.0,0.0
2023-08-14 00:00:00-04:00,12.972192631770946,13.02373730795275,12.80037485973065,13.015146255493164,173400,0.0,0.0
2023-08-15 00:00:00-04:00,12.937400097814656,13.094640041213786,12.797630055885142,12.815101623535156,178700,0.251,0.0
2023-08-16 00:00:00-04:00,12.815101602810055,13.033491199540846,12.701538912539219,12.710274696350098,261700,0.0,0.0
2023-08-17 00:00:00-04:00,12.710274654204712,12.75395274002408,12.474413490634243,12.50062084197998,207400,0.0,0.0
2023-08-18 00:00:00-04:00,12.474414135498117,12.631654919340312,12.387058792433749,12.57050609588623,196600,0.0,0.0
2023-08-21 00:00:00-04:00,12.570506651168046,12.570506651168046,12.22981854882402,12.378323554992676,420700,0.0,0.0
2023-08-22 00:00:00-04:00,12.474413905679807,12.474413905679807,12.194875480079432,12.317173957824707,197300,0.0,0.0
2023-08-23 00:00:00-04:00,12.308438840805177,12.657861891742547,12.308438840805177,12.596713066101074,228900,0.0,0.0
2023-08-24 00:00:00-04:00,12.60544895655536,12.732114501175523,12.29970315959865,12.378323554992676,138500,0.0,0.0
2023-08-25 00:00:00-04:00,12.422000885009766,12.736481614255375,12.216714124464938,12.422000885009766,161300,0.0,0.0
2023-08-28 00:00:00-04:00,12.448207404174344,12.66659700775635,12.387058581760254,12.422000885009766,200100,0.0,0.0
2023-08-29 00:00:00-04:00,12.465678456735247,12.788894956696817,12.404528803760224,12.719010353088379,193400,0.0,0.0
2023-08-30 00:00:00-04:00,12.65786020201084,12.845675379226574,12.65786020201084,12.745216369628906,177900,0.0,0.0
2023-08-31 00:00:00-04:00,12.77142459156976,12.77142459156976,12.518092671367599,12.596713066101074,172900,0.0,0.0
2023-09-01 00:00:00-04:00,12.701540059208924,12.884987370347654,12.675333538500611,12.75395393371582,159700,0.0,0.0
2023-09-05 00:00:00-04:00,12.719010081696164,12.774044018418227,12.54429774331281,12.622918128967285,292200,0.0,0.0
2023-09-06 00:00:00-04:00,12.622918128967285,12.76268733320183,12.570505093924417,12.622918128967285,273700,0.0,0.0
2023-09-07 00:00:00-04:00,12.587976891012536,12.601080567424995,12.456943459248908,12.509356498718262,133200,0.0,0.0
2023-09-08 00:00:00-04:00,12.544298547298785,12.596712418791123,12.465678989695618,12.526827812194824,138300,0.0,0.0
2023-09-11 00:00:00-04:00,12.640390326435469,12.649125277318124,12.55303415288722,12.587976455688477,124700,0.0,0.0
2023-09-12 00:00:00-04:00,12.474413832079552,12.688435542053368,12.474413832079552,12.640390396118164,167200,0.0,0.0
2023-09-13 00:00:00-04:00,12.657861709594727,12.74521788761714,12.622919405003813,12.657861709594727,220700,0.0,0.0
2023-09-14 00:00:00-04:00,12.736480761795912,12.946134567260742,12.727744978295668,12.946134567260742,141700,0.0,0.0
2023-09-15 00:00:00-04:00,12.946136294743543,13.129583607276317,12.85878094735525,13.120848655700684,575600,0.0,0.0
2023-09-18 00:00:00-04:00,13.120846929488518,13.21693804890073,13.024754976986138,13.0509614944458,173700,0.0,0.0
2023-09-19 00:00:00-04:00,13.068433691704147,13.094640210427618,12.893722178397315,13.016019821166992,146700,0.0,0.0
2023-09-20 00:00:00-04:00,13.06843283400327,13.479005488145482,13.059697050638718,13.173259735107422,218900,0.0,0.0
2023-09-21 00:00:00-04:00,13.112111976186563,13.264984865045971,12.93740046024305,13.059698104858398,281800,0.0,0.0
2023-09-22 00:00:00-04:00,13.11211246802724,13.11211246802724,12.867515503441167,12.928665161132812,218700,0.0,0.0
2023-09-25 00:00:00-04:00,12.84130923727548,12.954871937416799,12.810734824370176,12.91119384765625,168300,0.0,0.0
2023-09-26 00:00:00-04:00,12.771424926248669,12.91119415028631,12.719011883779698,12.736482620239258,166100,0.0,0.0
2023-09-27 00:00:00-04:00,12.762689310852048,12.858781278470916,12.448208552593767,12.465680122375488,424800,0.0,0.0
2023-09-28 00:00:00-04:00,12.474413337270342,12.736481015874421,12.461310494848759,12.666596412658691,273800,0.0,0.0
2023-09-29 00:00:00-04:00,12.727746835464334,12.80636723225808,12.684069577770288,12.736482620239258,191900,0.0,0.0
2023-10-02 00:00:00-04:00,12.736481342114715,12.771423644617613,12.65873486483655,12.701539039611816,191100,0.0,0.0
2023-10-03 00:00:00-04:00,12.61418286476338,12.61418286476338,12.249036095248886,12.325908660888672,186400,0.0,0.0
2023-10-04 00:00:00-04:00,12.387058820702105,12.413265340372197,12.14246186014711,12.299702644348145,151600,0.0,0.0
2023-10-05 00:00:00-04:00,12.325908875296129,12.500621223911589,12.256024269086033,12.474413871765137,212600,0.0,0.0
2023-10-06 00:00:00-04:00,12.491884708269943,12.675331997100326,12.387057805094035,12.622918128967285,176000,0.0,0.0
2023-10-09 00:00:00-04:00,12.483150186640158,12.710275583026226,12.430736313208659,12.657861709594727,138900,0.0,0.0
2023-10-10 00:00:00-04:00,12.666597764994311,12.867515812417786,12.666597764994311,12.858780860900879,128900,0.0,0.0
2023-10-11 00:00:00-04:00,12.85004290544216,12.946134020616935,12.242920140343552,12.334643363952637,517900,0.0,0.0
2023-10-12 00:00:00-04:00,12.33464575910654,12.33464575910654,12.002693433466483,12.098785400390625,236100,0.0,0.0
2023-10-13 00:00:00-04:00,12.168668455514668,12.186139189843916,11.919704451419015,11.96774959564209,145800,0.0,0.0
2023-10-16 00:00:00-04:00,12.151198507311303,12.299703517804895,12.028900851439143,12.037635803222656,122000,0.0,0.0
2023-10-17 00:00:00-04:00,12.07257691628736,12.159933090209961,11.998324418380214,12.159933090209961,154800,0.0,0.0
2023-10-18 00:00:00-04:00,12.063842964310304,12.256025229909275,11.845453344510329,11.99395751953125,229500,0.0,0.0
2023-10-19 00:00:00-04:00,11.985222158632077,12.037635199063779,11.793039066505237,11.810510635375977,115800,0.0,0.0
2023-10-20 00:00:00-04:00,11.819246793406947,11.819246793406947,11.53970832765771,11.583386421203613,224500,0.0,0.0
2023-10-23 00:00:00-04:00,11.565913269101683,11.793038658012467,11.469822142911841,11.618327140808105,235900,0.0,0.0
2023-10-24 00:00:00-04:00,11.705683130856805,11.82798161621505,11.618327783964007,11.688212394714355,111900,0.0,0.0
2023-10-25 00:00:00-04:00,11.60085633181432,11.635798637542154,11.478558678312044,11.574649810791016,136300,0.0,0.0
2023-10-26 00:00:00-04:00,11.627064000460026,11.897866668903841,11.478558988826846,11.504765510559082,120800,0.0,0.0
2023-10-27 00:00:00-04:00,11.478558602614427,11.530971644315388,11.207755110191874,11.41740894317627,221700,0.0,0.0
2023-10-30 00:00:00-04:00,11.530970150745393,11.557176668201427,11.295109827460756,11.338787078857422,142900,0.0,0.0
2023-10-31 00:00:00-04:00,11.356259199646052,11.382465718379978,11.199018421062087,11.260168075561523,166700,0.0,0.0
2023-11-01 00:00:00-04:00,11.251435014997153,11.404307938612874,11.207756917808316,11.373733520507812,237900,0.0,0.0
2023-11-02 00:00:00-04:00,11.565913396016889,11.662005356351395,11.496028788368285,11.609591484069824,330900,0.0,0.0
2023-11-03 00:00:00-04:00,11.81051027634688,11.993956745371483,11.74936062024845,11.932807922363281,104900,0.0,0.0
2023-11-06 00:00:00-05:00,11.897865912755833,11.897865912755833,11.731890174879561,11.758096694946289,162200,0.0,0.0
2023-11-07 00:00:00-05:00,11.356260220379356,12.107520211968872,11.190284476025845,11.889130592346191,318600,0.0,0.0
2023-11-08 00:00:00-05:00,11.924072907842481,12.090049485421021,11.688212551665456,11.99395751953125,226500,0.0,0.0
2023-11-09 00:00:00-05:00,11.993957760742614,12.12499203511201,11.766833184731539,11.880395889282227,165600,0.0,0.0
2023-11-10 00:00:00-05:00,11.897863412190489,12.186137571608864,11.819243035423645,12.16866683959961,191700,0.0,0.0
2023-11-13 00:00:00-05:00,12.081313830735219,12.242922517686543,12.037635739687,12.098785400390625,125400,0.0,0.0
2023-11-14 00:00:00-05:00,12.33464623395159,12.640392049969083,12.282233189148226,12.544300079345703,179700,0.0,0.0
2023-11-15 00:00:00-05:00,12.526827939642514,12.66659715425712,12.47441406761692,12.518092155456543,140400,0.0,0.0
2023-11-16 00:00:00-05:00,12.474414217525819,12.474414217525819,12.221082304719918,12.247289657592773,296500,0.0,0.0
2023-11-17 00:00:00-05:00,12.352115157804635,12.596711258359042,12.256023207769221,12.483148574829102,183400,0.0,0.0
2023-11-20 00:00:00-05:00,12.491884708269943,12.723377140374593,12.483148924732742,12.622918128967285,156300,0.0,0.0
2023-11-21 00:00:00-05:00,12.595461303357283,12.648606235657434,12.506885289892404,12.53345775604248,165900,0.199,0.0
2023-11-22 00:00:00-05:00,12.639748067536921,12.701750764033068,12.542314293359109,12.568886756896973,196400,0.0,0.0
2023-11-24 00:00:00-05:00,12.5511741508015,12.604319086718458,12.427167892456055,12.427167892456055,102300,0.0,0.0
2023-11-27 00:00:00-05:00,12.436023948975494,12.533456881207266,12.391735945334357,12.409451484680176,168700,0.0,0.0
2023-11-28 00:00:00-05:00,12.427166629890872,12.427166629890872,12.214585218373662,12.232300758361816,197800,0.0,0.0
2023-11-29 00:00:00-05:00,12.347448653444408,12.504227637853882,12.312018417433855,12.43602466583252,204700,0.0,0.0
2023-11-30 00:00:00-05:00,12.35630747076791,12.648607153806886,12.35630747076791,12.542316436767578,232900,0.0,0.0
2023-12-01 00:00:00-05:00,12.542314442340459,12.843471848424784,12.51574197848696,12.79918384552002,232500,0.0,0.0
2023-12-04 00:00:00-05:00,12.73718142655718,12.861187668455013,12.666320958250823,12.763753890991211,146100,0.0,0.0
2023-12-05 00:00:00-05:00,12.763754888025813,12.861188673100608,12.657464177263432,12.754897117614746,192600,0.0,0.0
2023-12-06 00:00:00-05:00,12.843472958446084,12.843472958446084,12.471455053451146,12.53345775604248,292700,0.0,0.0
2023-12-07 00:00:00-05:00,12.68403706191042,12.735411456209423,12.57243219205636,12.586604118347168,241100,0.0,0.0
2023-12-08 00:00:00-05:00,12.577745933010773,12.768183773231348,12.568888162599704,12.754897117614746,183700,0.0,0.0
2023-12-11 00:00:00-05:00,12.719465771755322,12.763753775225965,12.604317300621018,12.657463073730469,256500,0.0,0.0
2023-12-12 00:00:00-05:00,12.737181663513184,12.754896358557621,12.586602954380032,12.737181663513184,167600,0.0,0.0
2023-12-13 00:00:00-05:00,12.790327521740322,12.985194249713876,12.444882918427535,12.976336479187012,239400,0.0,0.0
2023-12-14 00:00:00-05:00,13.144630408995356,13.40149983473563,13.109200172504405,13.383784294128418,384100,0.0,0.0
2023-12-15 00:00:00-05:00,13.401500030710231,13.596366756621805,13.25977908267399,13.366069793701172,1271600,0.0,0.0
2023-12-18 00:00:00-05:00,13.304067855818698,13.649512475357891,13.304067855818698,13.507791519165039,196400,0.0,0.0
2023-12-19 00:00:00-05:00,13.614080499986988,13.782374747544612,13.614080499986988,13.729228973388672,224200,0.0,0.0
2023-12-20 00:00:00-05:00,13.738088406176166,13.994957848789438,13.507791431495708,13.525506973266602,339500,0.0,0.0
2023-12-21 00:00:00-05:00,13.614080623713928,13.655711128546333,13.534362384117237,13.596365928649902,209500,0.0,0.0
2023-12-22 00:00:00-05:00,13.667225965394556,13.786802476278146,13.631795731665454,13.640652656555176,273700,0.0,0.0
2023-12-26 00:00:00-05:00,13.729229431761263,13.968384156362427,13.729229431761263,13.915238380432129,171400,0.0,0.0
2023-12-27 00:00:00-05:00,13.959527223188047,14.17210865020752,13.959527223188047,14.17210865020752,235700,0.0,0.0
2023-12-28 00:00:00-05:00,14.083531531546912,14.163249771624,13.959526131181164,14.074674606323242,223000,0.0,0.0
2023-12-29 00:00:00-05:00,14.074675326823234,14.074675326823234,13.729229883713222,13.73808765411377,177100,0.0,0.0
2024-01-02 00:00:00-05:00,13.68494209707995,13.738087875616635,13.454645131293471,13.587509155273438,145900,0.0,0.0
2024-01-03 00:00:00-05:00,13.569793626172983,13.569793626172983,13.224349021911621,13.224349021911621,143900,0.0,0.0
2024-01-04 00:00:00-05:00,13.295210500063991,13.41035899174747,13.193348665209838,13.215492248535156,136000,0.0,0.0
2024-01-05 00:00:00-05:00,13.100342663690057,13.321781857359412,13.100342663690057,13.118058204650879,191200,0.0,0.0
2024-01-08 00:00:00-05:00,13.03833942556323,13.481217794756187,13.007338074875475,13.419214248657227,301600,0.0,0.0
2024-01-09 00:00:00-05:00,13.233206946250698,13.436931460682564,13.12691622578677,13.215492248535156,192600,0.0,0.0
2024-01-10 00:00:00-05:00,13.135771666209697,13.277492601681464,13.056053428825976,13.153487205505371,130600,0.0,0.0
2024-01-11 00:00:00-05:00,13.153488813882932,13.197775978090634,12.940906539957815,13.064912796020508,188200,0.0,0.0
2024-01-12 00:00:00-05:00,13.250921076363074,13.259778846638532,12.99405165143901,13.029481887817383,115400,0.0,0.0
2024-01-16 00:00:00-05:00,13.029482063451683,13.029482063451683,12.799185101526184,12.887761116027832,190900,0.0,0.0
2024-01-17 00:00:00-05:00,12.684037876396381,12.816901911303576,12.622035166940494,12.719468116760254,189100,0.0,0.0
2024-01-18 00:00:00-05:00,12.763754057665018,12.803613177198265,12.551172649969981,12.62203311920166,166100,0.0,0.0
2024-01-19 00:00:00-05:00,12.728323584250575,12.728323584250575,12.40945147869044,12.648605346679688,268700,0.0,0.0
2024-01-22 00:00:00-05:00,12.790327577025106,12.870045822664474,12.506885676728238,12.604318618774414,257200,0.0,0.0
2024-01-23 00:00:00-05:00,12.73718099699135,12.73718099699135,12.53345652393869,12.568886756896973,251900,0.0,0.0
2024-01-24 00:00:00-05:00,12.639750227596258,12.692895163754145,12.409453251649328,12.542316436767578,245800,0.0,0.0
2024-01-25 00:00:00-05:00,12.692893770318012,12.843472480773926,12.568887525023895,12.843472480773926,210000,0.0,0.0
2024-01-26 00:00:00-05:00,12.852329373297056,13.082626308239247,12.852329373297056,12.958620071411133,145900,0.0,0.0
2024-01-29 00:00:00-05:00,12.949764073295473,13.091485023498535,12.843473360643177,13.091485023498535,166600,0.0,0.0
2024-01-30 00:00:00-05:00,13.038338306177536,13.064910769525211,12.923189838706442,12.958620071411133,109000,0.0,0.0
2024-01-31 00:00:00-05:00,13.126915075223325,13.126915075223325,12.622033986091191,12.639749526977539,195900,0.0,0.0
2024-02-01 00:00:00-05:00,12.657464177263432,12.82132955097428,12.524600999991321,12.754897117614746,212200,0.0,0.0
2024-02-02 00:00:00-05:00,12.657464653659934,12.777042024539526,12.613176644661177,12.701752662658691,143000,0.0,0.0
2024-02-05 00:00:00-05:00,12.551172747459397,12.551172747459397,12.351877148245158,12.365163803100586,180600,0.0,0.0
2024-02-06 00:00:00-05:00,12.3651631285677,12.568886756896973,12.3651631285677,12.568886756896973,95400,0.0,0.0
2024-02-07 00:00:00-05:00,12.630891930469867,12.657464397441824,12.453740742784323,12.604318618774414,122000,0.0,0.0
2024-02-08 00:00:00-05:00,12.648605334362873,12.799184039689383,12.551172402273007,12.781469345092773,158500,0.0,0.0
2024-02-09 00:00:00-05:00,12.790325790793029,13.01176495565576,12.728323094942946,12.967477798461914,175500,0.0,0.0
2024-02-12 00:00:00-05:00,12.967479142346336,13.073769851129077,12.9453347167311,13.038339614868164,198200,0.0,0.0
2024-02-13 00:00:00-05:00,12.692893400052787,12.719465864439437,12.320875519746032,12.400593757629395,266200,0.0,0.0
2024-02-14 00:00:00-05:00,12.551173081684265,12.684036254882812,12.515742845849754,12.684036254882812,258400,0.0,0.0
2024-02-15 00:00:00-05:00,13.321780605197244,14.313827998223022,13.073768968121652,13.153487205505371,422900,0.0,0.0
2024-02-16 00:00:00-05:00,13.286351916597692,13.901952618421863,13.197775899264306,13.800090789794922,376900,0.0,0.0
2024-02-20 00:00:00-05:00,13.746945465781913,14.287255946261581,13.702657458369709,13.857665061950684,421600,0.0,0.0
2024-02-21 00:00:00-05:00,13.76131708617983,14.006729814358769,13.71223454054404,13.89765739440918,260100,0.399,0.0
2024-02-22 00:00:00-05:00,13.852210300809825,14.052176836957205,13.597707988241682,13.770405769348145,399000,0.0,0.0
2024-02-23 00:00:00-05:00,13.815852609041096,13.815852609041096,13.515903242980013,13.534082412719727,228600,0.0,0.0
2024-02-26 00:00:00-05:00,13.552261641463886,13.661334066861976,13.35229509481876,13.597708702087402,325700,0.0,0.0
2024-02-27 00:00:00-05:00,13.697691979647633,13.842213446345273,13.493181500553398,13.570441246032715,276200,0.0,0.0
2024-02-28 00:00:00-05:00,13.54317113075906,13.687692582966001,13.470456185461252,13.534082412719727,231500,0.0,0.0
2024-02-29 00:00:00-05:00,13.761315659392919,13.761315659392919,13.456821526875785,13.543169975280762,417000,0.0,0.0
2024-03-01 00:00:00-05:00,13.58861818827782,13.643154830666436,13.497724940070823,13.534082412719727,380200,0.0,0.0
2024-03-04 00:00:00-05:00,13.579528333036473,13.579528333036473,13.370473086175247,13.425009727478027,249300,0.0,0.0
2024-03-05 00:00:00-05:00,13.497725426941201,13.55135276604499,13.370473834664743,13.434099197387695,265900,0.0,0.0
2024-03-06 00:00:00-05:00,13.406831341036108,13.574985200278277,13.370473866987876,13.56135082244873,436900,0.0,0.0
2024-03-07 00:00:00-05:00,13.670424032729859,13.670424032729859,13.434100004376365,13.506814956665039,446100,0.0,0.0
2024-03-08 00:00:00-05:00,13.624976212765176,13.665878479505631,13.443188842157912,13.497725486755371,349900,0.0,0.0
2024-03-11 00:00:00-04:00,13.570438201171955,13.66587622996928,13.37956127674689,13.515901565551758,233300,0.0,0.0
2024-03-12 00:00:00-04:00,13.534082102635624,13.543170820466722,13.279578933093788,13.297758102416992,273300,0.0,0.0
2024-03-13 00:00:00-04:00,13.334116360704407,13.461367952980865,13.31593719030896,13.434099197387695,351800,0.0,0.0
2024-03-14 00:00:00-04:00,13.397740614911987,13.415919783803307,13.22504284459686,13.315936088562012,230100,0.0,0.0
2024-03-15 00:00:00-04:00,13.270489899994677,13.434098085864145,13.23413242904252,13.315936088562012,516900,0.0,0.0
2024-03-18 00:00:00-04:00,13.279579071691755,13.38865148827785,13.206864127301026,13.225043296813965,233800,0.0,0.0
2024-03-19 00:00:00-04:00,13.179596751720213,13.270490869153951,13.02507727218119,13.061434745788574,356300,0.0,0.0
2024-03-20 00:00:00-04:00,13.025077933403523,13.270491542834787,12.89782633590243,13.206865310668945,435000,0.0,0.0
2024-03-21 00:00:00-04:00,13.234134736206585,13.288670518727038,13.075070447999098,13.161418914794922,667300,0.0,0.0
2024-03-22 00:00:00-04:00,13.206863856783647,13.266853728018747,13.097791442431694,13.115970611572266,254900,0.0,0.0
2024-03-25 00:00:00-04:00,13.197775139043856,13.243221328234299,13.088701857861407,13.115970611572266,282300,0.0,0.0
2024-03-26 00:00:00-04:00,13.161417465500326,13.234133278904748,13.061434630668872,13.070524215698242,246900,0.0,0.0
2024-03-27 00:00:00-04:00,13.152329530904614,13.25231237169295,13.115972055451529,13.206865310668945,273000,0.0,0.0
2024-03-28 00:00:00-04:00,13.225044110503811,13.511359113304435,13.225044110503811,13.488636016845703,516400,0.0,0.0
2024-04-01 00:00:00-04:00,13.515902612214118,13.543170498720617,13.22504284459686,13.315936088562012,161500,0.0,0.0
2024-04-02 00:00:00-04:00,13.27049168964627,13.343206641356886,13.115972200553564,13.134150505065918,311000,0.0,0.0
2024-04-03 00:00:00-04:00,13.015988347832604,13.296850127427625,13.015988347832604,13.206865310668945,377400,0.0,0.0
2024-04-04 00:00:00-04:00,13.270490572635818,13.425010048722234,12.997809093257993,13.015987396240234,244600,0.0,0.0
2024-04-05 00:00:00-04:00,13.025076636637305,13.193230485635677,12.952361692970577,13.043255805969238,200800,0.0,0.0
2024-04-08 00:00:00-04:00,13.152328606233148,13.22504355202711,13.097791963472412,13.14323902130127,268300,0.0,0.0
2024-04-09 00:00:00-04:00,13.243221146657698,13.334115257453332,13.088701678403408,13.315936088562012,234700,0.0,0.0
2024-04-10 00:00:00-04:00,13.088702749807181,13.297758875017685,12.970541609663199,13.052345275878906,440400,0.0,0.0
2024-04-11 00:00:00-04:00,13.079614231117416,13.115971705600714,12.843290213560692,12.85237979888916,235000,0.0,0.0
2024-04-12 00:00:00-04:00,12.87964738918153,12.87964738918153,12.616055488586426,12.616055488586426,246400,0.0,0.0
2024-04-15 00:00:00-04:00,12.752396354118508,12.752396354118508,12.361553712156509,12.388821601867676,339400,0.0,0.0
2024-04-16 00:00:00-04:00,12.352463394830313,12.388820867901426,12.088871498357115,12.179764747619629,471000,0.0,0.0
2024-04-17 00:00:00-04:00,12.27974851024066,12.37064175995878,12.188854393692003,12.243391036987305,256400,0.0,0.0
2024-04-18 00:00:00-04:00,12.261568931997843,12.31610557347756,12.143406931150544,12.207033157348633,312000,0.0,0.0
2024-04-19 00:00:00-04:00,12.179763863361917,12.525160265876778,12.179763863361917,12.497892379760742,380600,0.0,0.0
2024-04-22 00:00:00-04:00,12.706947822127166,12.852378573019632,12.606964993542174,12.743306159973145,369700,0.0,0.0
2024-04-23 00:00:00-04:00,12.752396208539125,12.96145233881974,12.684226051624137,12.843290328979492,296600,0.0,0.0
2024-04-24 00:00:00-04:00,12.743308332246283,12.866014276071452,12.597877556563128,12.661503791809082,281600,0.0,0.0
2024-04-25 00:00:00-04:00,12.616056038732092,12.616056038732092,12.361553712156509,12.388821601867676,292400,0.0,0.0
2024-04-26 00:00:00-04:00,12.488801989675052,12.506981157133147,12.35246170106099,12.361551284790039,422100,0.0,0.0
2024-04-29 00:00:00-04:00,12.379729585417719,12.488801989675052,12.325193816704262,12.361551284790039,812800,0.0,0.0
2024-04-30 00:00:00-04:00,12.343373809854901,12.370641697950603,12.161586444499338,12.179764747619629,363200,0.0,0.0
2024-05-01 00:00:00-04:00,12.197943164121364,12.361552216250747,12.170675277709961,12.170675277709961,639700,0.0,0.0
2024-05-02 00:00:00-04:00,12.134318429455165,12.443356513911219,11.343541881478089,11.552597999572754,1265500,0.0,0.0
2024-05-03 00:00:00-04:00,11.798011020538993,11.798011020538993,11.579866178902805,11.598045349121094,592800,0.0,0.0
2024-05-06 00:00:00-04:00,11.62531269040416,11.743474690769407,11.588955218509508,11.63440227508545,475600,0.0,0.0
2024-05-07 00:00:00-04:00,11.625312239707021,11.870725815604466,11.616222655378124,11.725295066833496,588800,0.0,0.0
2024-05-08 00:00:00-04:00,11.63440227508545,11.670759746980103,11.525329859401491,11.63440227508545,300600,0.0,0.0
2024-05-09 00:00:00-04:00,11.634403315241045,11.707118265531317,11.598045840095908,11.688939094543457,373600,0.0,0.0
2024-05-10 00:00:00-04:00,11.698028017332033,11.870726664610808,11.688938432353037,11.73438549041748,266700,0.0,0.0
2024-05-13 00:00:00-04:00,11.79801073600568,11.81618990578554,11.734385375437217,11.743474960327148,290900,0.0,0.0
2024-05-14 00:00:00-04:00,11.8707275390625,11.902540222001916,11.788923001886516,11.8707275390625,277000,0.0,0.0
2024-05-15 00:00:00-04:00,11.952529833653502,12.197943416933978,11.92526194667695,12.088871002197266,431700,0.0,0.0
2024-05-16 00:00:00-04:00,12.070692870395247,12.107050345098855,11.917991996738438,11.952530860900879,433300,0.0,0.0
2024-05-17 00:00:00-04:00,12.06768110398444,12.086104587233308,11.970954961731632,12.003196716308594,385800,0.175,0.0
2024-05-20 00:00:00-04:00,11.9663480080726,12.030832391096737,11.892652323349466,11.975560188293457,355500,0.0,0.0
2024-05-21 00:00:00-04:00,11.97556008830761,12.05846795255939,11.912918844668134,12.030832290649414,268300,0.0,0.0
2024-05-22 00:00:00-04:00,12.021619339660676,12.086102839489788,11.929499301171832,11.94792366027832,314500,0.0,0.0
2024-05-23 00:00:00-04:00,11.938713490626526,11.938713490626526,11.67617247881246,11.713020324707031,415100,0.0,0.0
2024-05-24 00:00:00-04:00,11.726836900386198,11.984772682189941,11.70841341798415,11.984772682189941,260400,0.0,0.0
2024-05-28 00:00:00-04:00,12.021620717849032,12.11373988837685,11.832775407966826,11.901865005493164,358000,0.0,0.0
2024-05-29 00:00:00-04:00,11.772896855023468,11.79132121583918,11.68998898839652,11.745261192321777,270700,0.0,0.0
2024-05-30 00:00:00-04:00,11.82816950955519,11.938713043095099,11.809745148037582,11.818957328796387,200000,0.0,0.0
2024-05-31 00:00:00-04:00,11.837380999068046,11.99398454873517,11.717625291762488,11.975560188293457,207700,0.0,0.0
2024-06-03 00:00:00-04:00,12.049256742213649,12.049256742213649,11.911077543020406,12.003196716308594,176400,0.0,0.0
2024-06-04 00:00:00-04:00,11.938712658401997,12.030832705977888,11.901864815076015,11.984772682189941,261800,0.0,0.0
2024-06-05 00:00:00-04:00,12.021622471781225,12.14137820160923,11.984774622489686,12.07689380645752,425300,0.0,0.0
2024-06-06 00:00:00-04:00,12.003197002969983,12.122952721774375,11.874229981582136,11.892653465270996,343300,0.0,0.0
2024-06-07 00:00:00-04:00,11.855805263212348,11.940555394087799,11.745261728834187,11.791321754455566,388000,0.0,0.0
2024-06-10 00:00:00-04:00,11.837382094122344,11.9663491150574,11.7544742215087,11.80053424835205,371500,0.0,0.0
2024-06-11 00:00:00-04:00,11.745260928478519,11.782108770760322,11.561021717069503,11.58865737915039,296000,0.0,0.0
2024-06-12 00:00:00-04:00,11.772896717177982,11.865016763134179,11.607081864387442,11.680777549743652,680000,0.0,0.0
2024-06-13 00:00:00-04:00,11.717626364329515,11.745262028999841,11.505750592465168,11.653141975402832,600800,0.0,0.0
2024-06-14 00:00:00-04:00,11.57944632155859,11.607082864840656,11.349147065339704,11.385994911193848,506400,0.0,0.0
2024-06-17 00:00:00-04:00,11.339935302734375,11.478114499451339,11.284663096934445,11.339935302734375,384500,0.0,0.0
2024-06-18 00:00:00-04:00,11.312298833836168,11.358358859214094,11.114241339676425,11.164907455444336,545400,0.0,0.0
2024-06-20 00:00:00-04:00,11.128059743797907,11.2800572143957,11.063576234611547,11.229391098022461,586800,0.0,0.0
2024-06-21 00:00:00-04:00,11.257027702531925,11.266239004950632,11.072788476328851,11.081999778747559,520800,0.0,0.0
2024-06-24 00:00:00-04:00,11.146483099648503,11.459689314946479,11.100423077877029,11.404417991638184,562000,0.0,0.0
2024-06-25 00:00:00-04:00,11.41823709609142,11.422842307935424,11.266238749582017,11.312298774719238,300900,0.0,0.0
2024-06-26 00:00:00-04:00,11.257027928299918,11.303087955404937,11.118847846984863,11.118847846984863,250700,0.0,0.0
2024-06-27 00:00:00-04:00,11.137272193887302,11.183332220928845,11.109636529071155,11.146484375,329700,0.0,0.0
2024-06-28 00:00:00-04:00,11.21096766140885,11.28005726132768,11.091211944905979,11.109636306762695,1309400,0.0,0.0
2024-07-01 00:00:00-04:00,11.174120171215975,11.2570280451613,11.07278881335055,11.210968017578125,374300,0.0,0.0
2024-07-02 00:00:00-04:00,11.238602450089267,11.330722495152056,11.18333112586908,11.321510314941406,204200,0.0,0.0
2024-07-03 00:00:00-04:00,11.376783103395551,11.505750118896849,11.367570922710629,11.45969009399414,142000,0.0,0.0
2024-07-05 00:00:00-04:00,11.422841888892119,11.542597598446932,11.358358383178711,11.358358383178711,342300,0.0,0.0
2024-07-08 00:00:00-04:00,11.468901859569511,11.588657568573309,11.385993993449816,11.505749702453613,379200,0.0,0.0
2024-07-09 00:00:00-04:00,11.505749960228552,11.680777876740766,11.49653777967067,11.662353515625,352100,0.0,0.0
2024-07-10 00:00:00-04:00,11.643929944570107,11.713019541185563,11.441266366445808,11.68998908996582,302400,0.0,0.0
2024-07-11 00:00:00-04:00,11.809744698133013,11.966348250979054,11.726836831506066,11.745261192321777,480400,0.0,0.0
2024-07-12 00:00:00-04:00,11.809745027139797,11.901865076740966,11.717625856060529,11.726837158203125,500900,0.0,0.0
2024-07-15 00:00:00-04:00,11.800535376031995,12.104530352317692,11.68077964620399,12.07689380645752,369400,0.0,0.0
2024-07-16 00:00:00-04:00,12.132164838063877,12.288768401931279,12.003196938843095,12.040044784545898,445100,0.0,0.0
2024-07-17 00:00:00-04:00,11.975560466912425,12.201253616443148,11.837381274472188,11.86501693725586,1726400,0.0,0.0
2024-07-18 00:00:00-04:00,11.763687133789062,12.086105584689529,11.708414922437044,11.763687133789062,721800,0.0,0.0
2024-07-19 00:00:00-04:00,11.800533220719945,11.800533220719945,11.533386142518948,11.56102180480957,363800,0.0,0.0
2024-07-22 00:00:00-04:00,11.551810630511117,11.84659339667346,11.534307837881082,11.80053424835205,262600,0.0,0.0
2024-07-23 00:00:00-04:00,11.745260510521565,11.818956192462698,11.607081326512395,11.634716987609863,210500,0.0,0.0
2024-07-24 00:00:00-04:00,11.588657065205258,11.837380652760721,11.561021403873038,11.579444885253906,402200,0.0,0.0
2024-07-25 00:00:00-04:00,11.607081408914405,11.993984181113007,11.588657049037408,11.874228477478027,684200,0.0,0.0
2024-07-26 00:00:00-04:00,11.993984135564217,12.049255457941642,11.911076273476253,12.02161979675293,277300,0.0,0.0
2024-07-29 00:00:00-04:00,12.06768182419831,12.110978022717331,11.832776468732822,11.993986129760742,340700,0.0,0.0
2024-07-30 00:00:00-04:00,12.003197743398637,12.049257773244959,11.828170684209015,11.855806350708008,407300,0.0,0.0
2024-07-31 00:00:00-04:00,11.883440454152085,12.057546799386952,11.865016971750036,11.984772682189941,485200,0.0,0.0
2024-08-01 00:00:00-04:00,11.809744123015857,11.90186416556455,10.98987943412419,11.045150756835938,1077800,0.0,0.0
2024-08-02 00:00:00-04:00,11.091211250402118,11.293874825526071,10.598371022380443,10.612189292907715,687200,0.0,0.0
2024-08-05 00:00:00-04:00,10.345042093135996,10.345042093135996,10.013411482837771,10.10092544555664,718200,0.0,0.0
2024-08-06 00:00:00-04:00,10.14237812262269,10.418737369492653,10.031834599579069,10.298981666564941,979500,0.0,0.0
2024-08-07 00:00:00-04:00,10.400315140027333,10.510858685713654,10.133168018321554,10.216075897216797,490400,0.0,0.0
2024-08-08 00:00:00-04:00,10.25292238286611,10.66746084371605,10.25292238286611,10.64903736114502,323200,0.0,0.0
2024-08-09 00:00:00-04:00,10.612188961334542,10.69048985631032,10.529281097805079,10.662854194641113,260900,0.0,0.0
2024-08-12 00:00:00-04:00,10.79642873580083,10.851700062035814,10.602977336934606,10.64903736114502,481800,0.0,0.0
2024-08-13 00:00:00-04:00,10.741156522796233,11.063575813499664,10.68588519660369,10.888547897338867,547800,0.0,0.0
2024-08-14 00:00:00-04:00,10.88854776068338,10.9898799883011,10.722732905664902,10.824064254760742,410600,0.0,0.0
2024-08-15 00:00:00-04:00,11.035939203182782,11.183331455329789,10.980667877334303,11.063575744628906,363800,0.0,0.0
2024-08-16 00:00:00-04:00,11.04515094413453,11.063575304365434,10.860911734434733,10.96224308013916,405200,0.0,0.0
2024-08-19 00:00:00-04:00,10.962244047267683,11.11151701534063,10.962244047267683,11.018221855163574,408200,0.15,0.0
2024-08-20 00:00:00-04:00,11.036879552867948,11.046209334979675,10.878276815916546,10.915595054626465,469000,0.0,0.0
2024-08-21 00:00:00-04:00,10.943584455724162,11.018221829322663,10.887607537696626,10.99956226348877,494000,0.0,0.0
2024-08-22 00:00:00-04:00,10.971575774914694,10.999564238955049,10.878279708463868,10.896939277648926,346300,0.0,0.0
2024-08-23 00:00:00-04:00,10.962243997295003,11.279449497872534,10.934255538343182,11.074198722839355,630700,0.0,0.0
2024-08-26 00:00:00-04:00,11.139507391346527,11.176825639786621,10.96224593369038,11.008893966674805,378100,0.0,0.0
2024-08-27 00:00:00-04:00,10.980902621617654,11.046209316818391,10.934254600872704,10.99023151397705,445000,0.0,0.0
2024-08-28 00:00:00-04:00,10.971573842034053,11.022885868778772,10.887607574968234,10.934255599975586,414800,0.0,0.0
2024-08-29 00:00:00-04:00,10.980902676530334,10.999561351079427,10.756992353782248,10.766322135925293,427300,0.0,0.0
2024-08-30 00:00:00-04:00,10.822300936146025,10.896937420692929,10.579731916500048,10.747664451599121,2473100,0.0,0.0
2024-09-03 00:00:00-04:00,10.626380961244278,10.696352561002763,10.393141702224547,10.45844841003418,890100,0.0,0.0
2024-09-04 00:00:00-04:00,10.421128255054242,10.514424297465382,10.323167321548842,10.365150451660156,1077100,0.0,0.0
2024-09-05 00:00:00-04:00,10.421130213065759,10.584397873092886,10.337163937066826,10.3464937210083,1321200,0.0,0.0
2024-09-06 00:00:00-04:00,10.449117725328506,10.551743559881702,10.029287273233587,10.262526512145996,951000,0.0,0.0
2024-09-09 00:00:00-04:00,10.337163036616067,10.337163036616067,10.15057182272603,10.197219848632812,925700,0.0,0.0
2024-09-10 00:00:00-04:00,10.215878525950178,10.2625265518606,10.066605554826504,10.103923797607422,991200,0.0,0.0
2024-09-11 00:00:00-04:00,10.029286388480461,10.150570888784015,9.917331670447261,10.075934410095215,494000,0.0,0.0
2024-09-12 00:00:00-04:00,10.113253592990578,10.262526564295118,10.08526513330525,10.15990161895752,640100,0.0,0.0
2024-09-13 00:00:00-04:00,10.225208269080566,10.402469699162243,10.141242000717687,10.355822563171387,1117400,0.0,0.0
2024-09-16 00:00:00-04:00,10.421129213894108,10.467777239391726,10.327833162898871,10.411799430847168,337700,0.0,0.0
2024-09-17 00:00:00-04:00,10.477106132731658,10.561072400680196,10.411799430877053,10.505095481872559,531100,0.0,0.0
2024-09-18 00:00:00-04:00,10.486436855826145,10.691687652573536,10.477107071942818,10.495766639709473,578600,0.0,0.0
2024-09-19 00:00:00-04:00,10.719675089778757,10.747664438753201,10.589061686846327,10.738334655761719,1073900,0.0,0.0
2024-09-20 00:00:00-04:00,10.719676085888755,10.738335653605631,10.50043150363843,10.523755073547363,1331000,0.0,0.0
2024-09-23 00:00:00-04:00,10.523754132813616,10.607720400559367,10.495765673477392,10.579731941223145,575400,0.0,0.0
2024-09-24 00:00:00-04:00,10.635709770719965,10.75699429121298,10.528419925962085,10.69168758392334,705800,0.0,0.0
2024-09-25 00:00:00-04:00,10.673027115170818,10.710345357576633,10.561072387953375,10.589061737060547,533100,0.0,0.0
2024-09-26 00:00:00-04:00,10.598390630359189,10.766323166053896,10.579731954024822,10.589061737060547,455100,0.0,0.0
2024-09-27 00:00:00-04:00,10.691686592070763,10.784982642175727,10.589061648744964,10.710345268249512,489000,0.0,0.0
2024-09-30 00:00:00-04:00,10.66369824778024,10.691686707218329,10.367018086472651,10.42112922668457,503900,0.0,0.0
2024-10-01 00:00:00-04:00,10.393141750978504,10.411800429124284,10.170164719357976,10.3464937210083,706400,0.0,0.0
2024-10-02 00:00:00-04:00,10.34649364880718,10.523755093772364,10.337163864930812,10.439788818359375,370200,0.0,0.0
2024-10-03 00:00:00-04:00,10.318505329948259,10.355823576233869,10.019958469926218,10.150572776794434,811800,0.0,0.0
2024-10-04 00:00:00-04:00,10.262526512145996,10.26345984635017,10.075935298963486,10.262526512145996,657900,0.0,0.0
2024-10-07 00:00:00-04:00,10.262525526080193,10.34649178637877,10.131911244533853,10.327832221984863,979100,0.0,0.0
2024-10-08 00:00:00-04:00,10.309173552471128,10.309173552471128,10.141241031790194,10.243865966796875,553000,0.0,0.0
2024-10-09 00:00:00-04:00,10.225207309878568,10.299843788146973,10.094593028040357,10.299843788146973,692000,0.0,0.0
2024-10-10 00:00:00-04:00,10.197218830175524,10.374480243232629,10.130045466041862,10.327832221984863,597600,0.0,0.0
2024-10-11 00:00:00-04:00,10.281186039757037,10.42112922668457,10.280252705556364,10.42112922668457,580300,0.0,0.0
2024-10-14 00:00:00-04:00,10.4397878276204,10.654368387727297,10.365151343166803,10.645038604736328,638800,0.0,0.0
2024-10-15 00:00:00-04:00,10.635709826886494,10.733670778075435,10.48643684387207,10.48643684387207,556800,0.0,0.0
2024-10-16 00:00:00-04:00,10.561071409058762,10.719674147017024,10.48643493116511,10.70101547241211,1190000,0.0,0.0
2024-10-17 00:00:00-04:00,10.691686592070763,10.831629777491134,10.663698132934105,10.710345268249512,559800,0.0,0.0
2024-10-18 00:00:00-04:00,10.784983583077109,10.887608535356096,10.724340878297182,10.794312477111816,794300,0.0,0.0
2024-10-21 00:00:00-04:00,10.72900487188233,10.808306247829204,10.500430527032417,10.598390579223633,486000,0.0,0.0
2024-10-22 00:00:00-04:00,10.561072413569551,10.589061762744612,10.419263447978327,10.467777252197266,595200,0.0,0.0
2024-10-23 00:00:00-04:00,10.439787915954573,10.523754184109603,10.3101069563889,10.383810997009277,524300,0.0,0.0
2024-10-24 00:00:00-04:00,10.509760713794694,10.994897881367923,10.495766038770974,10.976239204406738,677600,0.0,0.0
2024-10-25 00:00:00-04:00,10.980903636542019,10.999562312722356,10.747664400996815,10.803641319274902,469300,0.0,0.0
2024-10-28 00:00:00-04:00,10.915596008913663,11.008892058713288,10.840959524968794,10.962244033813477,487300,0.0,0.0
2024-10-29 00:00:00-04:00,10.906266225986288,11.051807636599907,10.896937332795982,10.962244033813477,326100,0.0,0.0
2024-10-30 00:00:00-04:00,10.89693922135452,11.116183819722925,10.89693922135452,11.008893966674805,1116900,0.0,0.0
2024-10-31 00:00:00-04:00,11.046211321403328,11.11618292035019,10.84096052672034,10.859620094299316,548100,0.0,0.0
2024-11-01 00:00:00-04:00,10.878277778625488,11.01728851928667,10.766323052587934,10.878277778625488,610700,0.0,0.0
2024-11-04 00:00:00-05:00,10.86894798521893,11.116181894399396,10.845624417634975,11.055540084838867,709600,0.0,0.0
2024-11-05 00:00:00-05:00,10.924925793052326,11.09285832681544,10.617050074311331,11.055540084838867,964000,0.0,0.0
2024-11-06 00:00:00-05:00,11.382075277259968,11.582661175590825,11.12084756511931,11.5033597946167,1037600,0.0,0.0
2024-11-07 00:00:00-05:00,11.466040683849748,11.53601227595587,11.218806776021914,11.242131233215332,653600,0.0,0.0
2024-11-08 00:00:00-05:00,11.167495639961901,11.368081539131007,11.07793114077825,11.344757080078125,803400,0.0,0.0
2024-11-11 00:00:00-05:00,11.428722359140648,11.68062115657917,11.419392576330985,11.550006866455078,589700,0.0,0.0
2024-11-12 00:00:00-05:00,11.550007862441289,11.568666539932538,11.4147286692469,11.484701156616211,539500,0.0,0.0
2024-11-13 00:00:00-05:00,11.50335791870587,11.577994395717567,11.400732985249034,11.438051223754883,547600,0.0,0.0
2024-11-14 00:00:00-05:00,11.447382917566568,11.577996329281417,11.363416644471515,11.39140510559082,440400,0.0,0.0
2024-11-15 00:00:00-05:00,11.456711907484843,11.489365260687274,11.050876103772994,11.120847702026367,539200,0.0,0.0
2024-11-18 00:00:00-05:00,11.120847784372078,11.205883243412616,11.02163839721053,11.035811424255371,565900,0.15,0.0
2024-11-19 00:00:00-05:00,11.016914075135746,11.32871346208667,10.969671552642177,11.300368309020996,479600,0.0,0.0
2024-11-20 00:00:00-05:00,11.309818267822266,11.338163424081113,11.13029684233827,11.309818267822266,335400,0.0,0.0
2024-11-21 00:00:00-05:00,11.413749184090578,11.65940956645861,11.328712828572712,11.631064414978027,375600,0.0,0.0
2024-11-22 00:00:00-05:00,11.602718780257181,11.857827855997739,11.579097970018752,11.791687965393066,413600,0.0,0.0
2024-11-25 00:00:00-05:00,11.857828095217835,11.980658293303177,11.697204059342862,11.886173248291016,1396600,0.0,0.0
2024-11-26 00:00:00-05:00,11.772793277758788,11.815311463478697,11.56020234915925,11.66886043548584,565500,0.0,0.0
2024-11-27 00:00:00-05:00,11.668859007682263,11.753894467640839,11.4515437626961,11.479888916015625,640700,0.0,0.0
2024-11-29 00:00:00-05:00,11.489337497919106,11.531855678055702,11.205883264033856,11.300368309020996,1123400,0.0,0.0
2024-12-02 00:00:00-05:00,11.394852986121279,11.420363352733924,11.163364723484085,11.31926441192627,781600,0.0,0.0
2024-12-03 00:00:00-05:00,11.319265371677009,11.498786786362896,11.281471531913068,11.347611427307129,532400,0.0,0.0
2024-12-04 00:00:00-05:00,11.413748667253646,11.53657885287567,11.338160999344105,11.498785018920898,464500,0.0,0.0
2024-12-05 00:00:00-05:00,11.527131044590384,11.753894065541399,11.527131044590384,11.583822250366211,380300,0.0,0.0
2024-12-06 00:00:00-05:00,11.583823151100818,11.6074439630497,11.338162742097088,11.347611427307129,291400,0.0,0.0
2024-12-09 00:00:00-05:00,11.432648157720225,11.857829093933105,11.385405631235184,11.857829093933105,737000,0.0,0.0
2024-12-10 00:00:00-05:00,11.838931225107064,12.094040316753754,11.838931225107064,11.990106582641602,618300,0.0,0.0
2024-12-11 00:00:00-05:00,12.046796368343193,12.216869076005331,11.905069712675477,12.179075241088867,589900,0.0,0.0
2024-12-12 00:00:00-05:00,12.112936423760804,12.254663993019287,11.971209755578501,12.037348747253418,624300,0.0,0.0
2024-12-13 00:00:00-05:00,11.990107086799727,12.02790092777251,11.810586567448064,11.857829093933105,538300,0.0,0.0
2024-12-16 00:00:00-05:00,11.829482145887862,11.849323841811136,11.681140689268382,11.716099739074707,438100,0.0,0.0
2024-12-17 00:00:00-05:00,11.631065211295265,12.070418243090877,11.527131480290475,12.037348747253418,1062900,0.0,0.0
2024-12-18 00:00:00-05:00,12.06569384221307,12.160177979795256,11.021637679235743,11.101949691772461,1276000,0.0,0.0
2024-12-19 00:00:00-05:00,11.243676266227299,11.37595513916361,10.714562576634258,10.719286918640137,1128100,0.0,0.0
2024-12-20 00:00:00-05:00,10.572835990516033,10.988569114446257,10.525594368271577,10.837393760681152,1329500,0.0,0.0
2024-12-23 00:00:00-05:00,10.865738953007677,10.883691093912043,10.705114913790164,10.780702590942383,646200,0.0,0.0
2024-12-24 00:00:00-05:00,10.837393084084272,10.931877223750565,10.761805411920788,10.875186920166016,588000,0.0,0.0
2024-12-26 00:00:00-05:00,10.856289747425906,11.021638121169833,10.78070207389888,10.998017311096191,531500,0.0,0.0
2024-12-27 00:00:00-05:00,10.94132550886531,11.032030531937055,10.846840471570005,10.950774192810059,345600,0.0,0.0
2024-12-30 00:00:00-05:00,10.86573854814744,10.892194144057356,10.733459667521707,10.856289863586426,354000,0.0,0.0
2024-12-31 00:00:00-05:00,10.922430266766442,11.00746572857579,10.865739057817345,10.988569259643555,411200,0.0,0.0
2025-01-02 00:00:00-05:00,10.988568834921395,11.054707825242154,10.709838945603686,10.799599647521973,549800,0.0,0.0
2025-01-03 00:00:00-05:00,10.875187322481741,10.875187322481741,10.714563287923191,10.799599647521973,470800,0.0,0.0
2025-01-06 00:00:00-05:00,10.922429431637497,11.177537599712362,10.799599239202884,10.846840858459473,535400,0.0,0.0
2025-01-07 00:00:00-05:00,10.856290906556051,10.87518827749356,10.695666857892194,10.771254539489746,372700,0.0,0.0
2025-01-08 00:00:00-05:00,10.724011184592646,11.196434568916972,10.64842351518684,10.950774192810059,611300,0.0,0.0
2025-01-10 00:00:00-05:00,10.780702398460564,10.809047551617516,10.53504200156385,10.657872200012207,473300,0.0,0.0
2025-01-13 00:00:00-05:00,10.553938822011478,10.667320329817082,10.45945378163541,10.582283973693848,472000,0.0,0.0
2025-01-14 00:00:00-05:00,10.62952709197998,10.68149395721848,10.478351739732897,10.62952709197998,514900,0.0,0.0
2025-01-15 00:00:00-05:00,10.922429440537227,10.979119744121776,10.766529754065521,10.875186920166016,267300,0.0,0.0
2025-01-16 00:00:00-05:00,10.875186681059867,10.941325667479727,10.487799644470215,10.487799644470215,410600,0.0,0.0
2025-01-17 00:00:00-05:00,10.629526985709619,11.08305303791667,10.55488363816508,11.007465362548828,518900,0.0,0.0
2025-01-21 00:00:00-05:00,11.054708711916675,11.172814576148852,11.054708711916675,11.14919376373291,460800,0.0,0.0
2025-01-22 00:00:00-05:00,11.13029433251239,11.338160867382367,11.120846549940717,11.290918350219727,377400,0.0,0.0
2025-01-23 00:00:00-05:00,11.243677020338286,11.527131252169536,11.243677020338286,11.385404586791992,574200,0.0,0.0
2025-01-24 00:00:00-05:00,11.385405134462854,11.649962009729096,11.347611295139105,11.460992813110352,352200,0.0,0.0
2025-01-27 00:00:00-05:00,11.38540398817319,11.442094290913094,11.22005561987559,11.33816146850586,576300,0.0,0.0
2025-01-28 00:00:00-05:00,11.338161232828266,11.460991420979704,11.248400537433735,11.272022247314453,305500,0.0,0.0
2025-01-29 00:00:00-05:00,11.2814711994524,11.347611092897342,11.016914328901198,11.07360553741455,375700,0.0,0.0
2025-01-30 00:00:00-05:00,11.196433840028071,11.456266324060893,11.177536473368793,11.394851684570312,389500,0.0,0.0
2025-01-31 00:00:00-05:00,11.432645986855277,11.555475270886449,11.13974309912629,11.234228134155273,494200,0.0,0.0
2025-02-03 00:00:00-05:00,10.998017586545298,11.139744252689031,10.837393551008445,11.035811424255371,758900,0.0,0.0
2025-02-04 00:00:00-05:00,10.998017223007508,11.20115853081174,10.908256523509548,11.054707527160645,744900,0.0,0.0
2025-02-05 00:00:00-05:00,11.092502274026915,11.1680899531523,10.998018125658287,11.083053588867188,455400,0.0,0.0
2025-02-06 00:00:00-05:00,11.14919376373291,11.186987604244159,11.083053867031051,11.14919376373291,570900,0.0,0.0
2025-02-07 00:00:00-05:00,11.149192167893554,11.149192167893554,10.941325624296546,11.130294799804688,452600,0.0,0.0
2025-02-10 00:00:00-05:00,11.26257320035257,11.295642692043597,11.064155349130335,11.290918350219727,418500,0.0,0.0
2025-02-11 00:00:00-05:00,11.224779643916417,11.338161147259886,11.041479141360236,11.328712463378906,302300,0.0,0.0
2025-02-12 00:00:00-05:00,11.338162229090443,12.174351909744145,11.309817075819046,11.80113697052002,964200,0.0,0.0
2025-02-13 00:00:00-05:00,11.933415333494294,12.20269653051206,11.820033824280292,12.018451690673828,841300,0.0,0.0
2025-02-14 00:00:00-05:00,12.027900422025237,12.103489001868713,11.9003467772781,11.990106582641602,627900,0.0,0.0
2025-02-18 00:00:00-05:00,11.999554044742403,12.122384235489214,11.867276070919774,11.980657577514648,498900,0.0,0.0
2025-02-19 00:00:00-05:00,11.914518459802897,11.914518459802897,11.687755431952878,11.711377143859863,442400,0.0,0.0
2025-02-20 00:00:00-05:00,11.659409557264063,11.659409557264063,11.451543010726102,11.602718353271484,385400,0.0,0.0
2025-02-21 00:00:00-05:00,11.60272031834165,11.687756688194462,11.243678368449928,11.309818267822266,979500,0.0,0.0
2025-02-24 00:00:00-05:00,11.33816171493994,11.33816171493994,11.092501328191302,11.111398696899414,537800,0.0,0.0
2025-02-25 00:00:00-05:00,11.178392418403348,11.178392418403348,10.986980864147945,11.149680137634277,574600,0.15,0.0
2025-02-26 00:00:00-05:00,11.21667481349544,11.331521201149501,11.097043045599381,11.187962532043457,511900,0.0,0.0
2025-02-27 00:00:00-05:00,11.149680776161992,11.235815797966175,10.862565253772024,10.929558753967285,664600,0.0,0.0
2025-02-28 00:00:00-05:00,10.9104173442662,10.967840996963979,10.690295319813709,10.843423843383789,638800,0.0,0.0
2025-03-03 00:00:00-05:00,10.958268985813543,10.986980352527706,10.547692882201252,10.565876960754395,494900,0.0,0.0
2025-03-04 00:00:00-05:00,10.498884637475122,10.546737529143215,10.049068916143836,10.393608093261719,764700,0.0,0.0
2025-03-05 00:00:00-05:00,10.460602436223306,10.7094358283289,10.451031675410555,10.690295219421387,554700,0.0,0.0
2025-03-06 00:00:00-05:00,10.594588651941903,10.824282330843547,10.556306524244617,10.814711570739746,793400,0.0,0.0
2025-03-07 00:00:00-05:00,10.814712159412778,10.881705658350183,10.59458922863307,10.833852767944336,736500,0.0,0.0
2025-03-10 00:00:00-04:00,10.661583921515843,10.714221280904551,10.250050330975432,10.393608093261719,1012400,0.0,0.0
2025-03-11 00:00:00-04:00,10.460602335132869,10.570663345261913,10.369681933726364,10.537166595458984,546200,0.0,0.0
2025-03-12 00:00:00-04:00,10.632871088104682,10.685509357484738,10.4988840936361,10.5850191116333,702500,0.0,0.0
2025-03-13 00:00:00-04:00,10.575449591661089,10.668283970270393,10.35532664065883,10.384038925170898,681200,0.0,0.0
2025-03-14 00:00:00-04:00,10.38403837091113,10.795571053719504,10.38403837091113,10.786001205444336,484900,0.0,0.0
2025-03-17 00:00:00-04:00,10.857779094368805,11.350661375102497,10.795570066321032,11.293238639831543,628200,0.0,0.0
2025-03-18 00:00:00-04:00,11.226245078950281,11.465508623644546,11.101828838901094,11.140110969543457,635000,0.0,0.0
2025-03-19 00:00:00-04:00,11.149680141985483,11.475078689085134,11.140110294443325,11.388943672180176,381600,0.0,0.0
2025-03-20 00:00:00-04:00,11.245386963014512,11.417657012815564,11.245386963014512,11.331521987915039,259700,0.0,0.0
2025-03-21 00:00:00-04:00,11.254957575314016,11.254957575314016,11.116184278650024,11.207104682922363,580000,0.0,0.0
2025-03-24 00:00:00-04:00,11.30280908409278,11.42722531127568,11.274096804541745,11.28366756439209,248500,0.0,0.0
2025-03-25 00:00:00-04:00,11.341091527702618,11.465507758362326,11.22624423172487,11.293238639831543,510100,0.0,0.0
2025-03-26 00:00:00-04:00,11.283668311447485,11.369803330367521,11.087472285115387,11.187962532043457,229000,0.0,0.0
2025-03-27 00:00:00-04:00,11.120968868000048,11.140110388682157,11.025264002743324,11.092257499694824,431000,0.0,0.0
2025-03-28 00:00:00-04:00,11.053975957709568,11.077901947114073,10.805141651943558,10.900847434997559,338000,0.0,0.0
2025-03-31 00:00:00-04:00,10.795570688305393,10.833852818264285,10.642442168469822,10.80514144897461,751300,0.0,0.0
2025-04-01 00:00:00-04:00,10.805142233981737,10.999424308635396,10.719007207136917,10.919988632202148,212600,0.0,0.0
2025-04-02 00:00:00-04:00,10.747717582273747,10.99655187837845,10.747717582273747,10.977411270141602,679200,0.0,0.0
2025-04-03 00:00:00-04:00,10.556307749215067,10.824283586910333,10.35532632730263,10.374467849731445,1009500,0.0,0.0
2025-04-04 00:00:00-04:00,10.039497143011422,10.144773676610079,9.384872133588908,9.733240127563477,857900,0.0,0.0
2025-04-07 00:00:00-04:00,9.283425263087157,10.173485932933879,9.13986750272645,9.58011245727539,1273400,0.0,0.0
2025-04-08 00:00:00-04:00,9.982073693266292,9.982073693266292,9.044160281627835,9.264283180236816,1005900,0.0,0.0
2025-04-09 00:00:00-04:00,9.178149673774435,10.125633086887099,9.025021151984669,10.001215934753418,1012100,0.0,0.0
2025-04-10 00:00:00-04:00,9.742811581063856,9.857657970032719,9.216431613751427,9.455695152282715,634000,0.0,0.0
2025-04-11 00:00:00-04:00,9.474835660969042,9.551399919475292,9.283425014703417,9.513117790222168,537200,0.0,0.0
2025-04-14 00:00:00-04:00,9.647105906321075,9.76673767689819,9.44516796680374,9.608823776245117,414000,0.0,0.0
2025-04-15 00:00:00-04:00,9.589682482328216,9.857657373711573,9.589682482328216,9.64710521697998,364700,0.0,0.0
2025-04-16 00:00:00-04:00,9.580112301845142,9.647105800564153,9.359989371783012,9.455695152282715,544100,0.0,0.0
2025-04-17 00:00:00-04:00,9.474835923999601,9.589683227665203,9.426983945643244,9.551400184631348,493900,0.0,0.0
2025-04-21 00:00:00-04:00,9.40784248360845,9.541830396920153,9.206861069999889,9.283425331115723,545800,0.0,0.0
2025-04-22 00:00:00-04:00,9.455694580277582,9.675816584305862,9.455694580277582,9.64710521697998,356600,0.0,0.0
2025-04-23 00:00:00-04:00,9.953363156645713,10.039498179310973,9.704529762268066,9.704529762268066,484100,0.0,0.0
2025-04-24 00:00:00-04:00,9.733240187366558,9.972503710334827,9.714098667424503,9.943792343139648,444700,0.0,0.0
2025-04-25 00:00:00-04:00,9.905510073091726,10.039497059881803,9.867227946477717,10.029926300048828,383500,0.0,0.0
2025-04-28 00:00:00-04:00,10.020357131958008,10.144774280064068,9.924651352578591,10.020357131958008,478400,0.0,0.0
2025-04-29 00:00:00-04:00,10.029926979721585,10.11606199861947,9.953362721305234,10.020357131958008,499600,0.0,0.0
2025-04-30 00:00:00-04:00,9.886368553425775,10.096920706161761,9.771522173583753,10.029926300048828,821400,0.0,0.0
2025-05-01 00:00:00-04:00,10.001216283482375,10.307474250458695,9.977290293387702,10.221339225769043,580000,0.0,0.0
2025-05-02 00:00:00-04:00,9.752381827085774,10.328528677744684,9.685388325631715,10.096921920776367,868500,0.0,0.0
2025-05-05 00:00:00-04:00,10.35532579983857,10.58980396133991,10.250050169996532,10.297903060913086,641900,0.0,0.0
2025-05-06 00:00:00-04:00,10.221339321173023,10.455817494617861,10.1926270375298,10.374467849731445,586200,0.0,0.0
2025-05-07 00:00:00-04:00,10.613731499968047,10.632872109852295,10.390738055416064,10.527596473693848,460000,0.0,0.0
2025-05-08 00:00:00-04:00,10.70943514554063,10.967840194702148,10.632870889356015,10.967840194702148,651400,0.0,0.0
2025-05-09 00:00:00-04:00,10.986980760214005,11.317164684191393,10.862564528930045,11.235815048217773,463000,0.0,0.0
2025-05-12 00:00:00-04:00,11.484650284349222,11.723913831939832,11.321950998970168,11.714343070983887,759500,0.0,0.0
2025-05-13 00:00:00-04:00,11.714343048235769,12.068452988456063,11.70477228729841,11.982318878173828,763900,0.0,0.0
2025-05-14 00:00:00-04:00,11.93388399393938,12.166362961397317,11.817644972103226,12.108242988586426,905900,0.15,0.0
2025-05-15 00:00:00-04:00,12.06949810878366,12.263229835291877,12.040438580753863,12.224483489990234,773800,0.0,0.0
2025-05-16 00:00:00-04:00,12.195422531261137,12.495706441174796,12.195422531261137,12.447274208068848,953600,0.0,0.0
2025-05-19 00:00:00-04:00,12.263228480218459,12.466647001520995,12.200266022480223,12.418213844299316,676700,0.0,0.0
2025-05-20 00:00:00-04:00,12.340721621709605,12.505393808122747,12.263228936784087,12.379467964172363,306600,0.0,0.0
2025-05-21 00:00:00-04:00,12.282602395685247,12.364938487723919,12.167331497316843,12.253541946411133,757900,0.0,0.0
2025-05-22 00:00:00-04:00,12.214796516241732,12.466648219368958,12.1857369885842,12.437588691711426,464700,0.0,0.0
2025-05-23 00:00:00-04:00,12.156677346287418,12.51508126330295,12.156677346287418,12.46664810180664,723700,0.0,0.0
2025-05-27 00:00:00-04:00,12.524767585253075,12.873484671427352,12.461804200661112,12.68943977355957,658400,0.0,0.0
2025-05-28 00:00:00-04:00,12.631319537709825,12.708812221933728,12.360095142926165,12.670065879821777,1300400,0.0,0.0
2025-05-29 00:00:00-04:00,12.689439949720974,12.737872186189389,12.54414046895864,12.553827285766602,429800,0.0,0.0
2025-05-30 00:00:00-04:00,12.466646969307815,12.50539331022791,12.340721130371094,12.340721130371094,499900,0.0,0.0
2025-06-02 00:00:00-04:00,12.379468340886124,12.432744909813279,12.166363912748904,12.369782447814941,452900,0.0,0.0
2025-06-03 00:00:00-04:00,12.36009510968441,12.50539366126704,12.195422925205078,12.331034660339355,926200,0.0,0.0
2025-06-04 00:00:00-04:00,12.398841540779875,12.500550342861379,12.292288406653727,12.486021041870117,971200,0.0,0.0
2025-06-05 00:00:00-04:00,12.524768231515322,12.941291208324682,12.524768231515322,12.85411262512207,1029700,0.0,0.0
2025-06-06 00:00:00-04:00,12.970350757093474,13.10596249293818,12.902543965385453,13.0090970993042,735900,0.0,0.0
2025-06-09 00:00:00-04:00,12.989723955706818,13.135023437310593,12.941290795172227,13.047843933105469,415300,0.0,0.0
2025-06-10 00:00:00-04:00,13.14470986971955,13.285165948654244,13.125337158982267,13.241576194763184,358700,0.0,0.0
2025-06-11 00:00:00-04:00,13.23188865130997,13.532173503436422,13.23188865130997,13.522486686706543,485900,0.0,0.0
2025-06-12 00:00:00-04:00,13.164083550245389,13.454681602606062,13.105963570258956,13.396561622619629,640700,0.0,0.0
2025-06-13 00:00:00-04:00,13.260948153349403,13.367501289610933,13.11564959781092,13.183455467224121,613400,0.0,0.0
2025-06-16 00:00:00-04:00,13.328755197801222,13.580606894348751,13.299694747117174,13.54185962677002,494700,0.0,0.0
2025-06-17 00:00:00-04:00,13.50311381805487,13.536048627287595,13.222202583477538,13.319068908691406,425200,0.0,0.0
2025-06-18 00:00:00-04:00,13.309381819132666,13.585449639423002,13.290009108757658,13.561233520507812,815500,0.0,0.0
2025-06-20 00:00:00-04:00,13.638725071862522,13.672628005029956,13.377187499009704,13.435306549072266,764500,0.0,0.0
2025-06-23 00:00:00-04:00,13.464367096249644,13.474053913257325,13.096277287814864,13.251262664794922,339200,0.0,0.0
2025-06-24 00:00:00-04:00,13.36750065139364,13.512799199994996,13.30938067768171,13.357813835144043,397300,0.0,0.0
2025-06-25 00:00:00-04:00,13.435306453454613,13.435306453454613,13.168925474361446,13.202828407287598,374500,0.0,0.0
2025-06-26 00:00:00-04:00,13.290007738458286,13.406246760080382,13.20282824129531,13.338440895080566,360500,0.0,0.0
2025-06-27 00:00:00-04:00,13.328754887813776,13.58060657850398,13.280321728252478,13.290008544921875,1310800,0.0,0.0
2025-06-30 00:00:00-04:00,13.406247001986259,13.66778457440882,13.367500660746412,13.619352340698242,569600,0.0,0.0
2025-07-01 00:00:00-04:00,13.629038753113942,13.890577259299784,13.551546067677917,13.735591888427734,564500,0.0,0.0
2025-07-02 00:00:00-04:00,13.784024641018046,13.924480716005329,13.716218769664579,13.851831436157227,380500,0.0,0.0
2025-07-03 00:00:00-04:00,13.89057771509504,14.064936724940223,13.89057771509504,14.035876274108887,179100,0.0,0.0
2025-07-07 00:00:00-04:00,13.929324964006415,14.055250821099218,13.793712289340528,13.880891799926758,498800,0.0,0.0
2025-07-08 00:00:00-04:00,13.977756761361732,13.977756761361732,13.711374846862928,13.735591888427734,316800,0.0,0.0
2025-07-09 00:00:00-04:00,13.735591450326137,13.740434858484615,13.547671278434002,13.590291976928711,407300,0.0,0.0
2025-07-10 00:00:00-04:00,13.570919818650623,13.595135936639814,13.32875494361597,13.44499397277832,506800,0.0,0.0
2025-07-11 00:00:00-04:00,13.406247778630142,13.425620488479534,13.222201954239585,13.231888771057129,266300,0.0,0.0
2025-07-14 00:00:00-04:00,13.21251633167646,13.222202224906583,12.965508040486839,12.989724159240723,392600,0.0,0.0
2025-07-15 00:00:00-04:00,13.028469051684992,13.057528575708535,12.897699807900633,12.950976371765137,426100,0.0,0.0
2025-07-16 00:00:00-04:00,12.980037022996031,13.149552621461327,12.873484809799468,13.076903343200684,343100,0.0,0.0
2025-07-17 00:00:00-04:00,13.057529618451461,13.54185936852077,12.989723749053177,13.44499397277832,487600,0.0,0.0
2025-07-18 00:00:00-04:00,13.459523589753038,13.98453683774165,13.37234409087355,13.435306549072266,1490900,0.0,0.0
2025-07-21 00:00:00-04:00,13.474053564950713,13.474053564950713,12.970351102786323,12.999410629272461,495300,0.0,0.0
2025-07-22 00:00:00-04:00,12.960664054974059,13.159239176029692,12.960664054974059,13.05752944946289,310800,0.0,0.0
2025-07-23 00:00:00-04:00,13.105963524459245,13.256106420655449,13.076903996460452,13.241576194763184,289500,0.0,0.0
2025-07-24 00:00:00-04:00,13.231888598928766,13.270634941909211,13.09627686039005,13.105962753295898,319400,0.0,0.0
2025-07-25 00:00:00-04:00,13.115648340121103,13.280320513292956,13.038155661426773,13.270633697509766,301400,0.0,0.0
2025-07-28 00:00:00-04:00,13.290007937442436,13.357813803457473,13.212515255200783,13.28032112121582,482300,0.0,0.0
2025-07-29 00:00:00-04:00,13.367500660746412,13.662941166280634,13.319067503250192,13.619352340698242,546600,0.0,0.0
2025-07-30 00:00:00-04:00,13.599979772999053,13.75302797144724,13.512800267437244,13.66778564453125,573000,0.0,0.0
2025-07-31 00:00:00-04:00,13.65809873606497,13.813084101638564,13.483739737901852,13.512799263000488,562600,0.0,0.0
2025-08-01 00:00:00-04:00,12.360095477614983,13.096276921462175,12.28260279129272,12.921917915344238,1282000,0.0,0.0
2025-08-04 00:00:00-04:00,13.115649567629637,13.488583696115432,13.105962750939845,13.367501258850098,538700,0.0,0.0
2025-08-05 00:00:00-04:00,13.367501748259311,13.415934909695812,13.096277337514922,13.406248092651367,572300,0.0,0.0
2025-08-06 00:00:00-04:00,13.425620777627692,13.474053938972824,13.299694927644634,13.328755378723145,381100,0.0,0.0
2025-08-07 00:00:00-04:00,13.367500998113998,13.512799550484047,13.299694206393733,13.348127365112305,303200,0.0,0.0
2025-08-08 00:00:00-04:00,13.38687353054822,13.430463280440739,13.193141822017946,13.222201347351074,261500,0.0,0.0
2025-08-11 00:00:00-04:00,13.251261734578017,13.314224193136662,13.028469577969544,13.067215919494629,389200,0.0,0.0
2025-08-12 00:00:00-04:00,13.135022973662062,13.590292264774014,13.120492748878872,13.425620079040527,445800,0.0,0.0
2025-08-13 00:00:00-04:00,13.532172706141925,13.57091904699288,13.415933683589055,13.478896141052246,260400,0.0,0.0
2025-08-14 00:00:00-04:00,13.338441472397124,13.454680499050294,13.256105379711252,13.348127365112305,231600,0.0,0.0
2025-08-15 00:00:00-04:00,13.43626727256796,13.48523344700802,13.259989418164583,13.47544002532959,587300,0.15,0.0
2025-08-18 00:00:00-04:00,13.495025670990973,13.496005386720508,13.181643655022604,13.299161911010742,230600,0.0,0.0
2025-08-19 00:00:00-04:00,13.269782702484399,13.31385216562907,12.780122831056577,12.838881492614746,476800,0.0,0.0
2025-08-20 00:00:00-04:00,12.858468495878794,12.975986754410524,12.68219064110515,12.829089164733887,518000,0.0,0.0
2025-08-21 00:00:00-04:00,12.76053644921511,12.936814308166504,12.64301818789822,12.936814308166504,414500,0.0,0.0
2025-08-22 00:00:00-04:00,12.956400035220128,13.299162326354335,12.917227282000685,13.142471313476562,623100,0.0,0.0
2025-08-25 00:00:00-04:00,13.122884444591353,13.206126661766202,13.005366185159586,13.015159606933594,474300,0.0,0.0
2025-08-26 00:00:00-04:00,12.985780415571341,13.064125922703877,12.917227396366286,13.005366325378418,724100,0.0,0.0
2025-08-27 00:00:00-04:00,12.966193457013016,13.15226473526945,12.966193457013016,13.142471313476562,595100,0.0,0.0
2025-08-28 00:00:00-04:00,13.23061047516309,13.387301490805681,13.152264967341793,13.191437721252441,615500,0.0,0.0
2025-08-29 00:00:00-04:00,13.240402876320811,13.27957562721132,13.108194491833324,13.259988784790039,667100,0.0,0.0
2025-09-02 00:00:00-04:00,13.152264430418874,13.32854134884447,13.01515933035267,13.323644638061523,799700,0.0,0.0
2025-09-03 00:00:00-04:00,13.259990040236772,13.759443361842699,13.230610707775288,13.367714881896973,769100,0.0,0.0
2025-09-04 00:00:00-04:00,13.397094177184638,13.59197822026007,13.367713912900724,13.563578605651855,388800,0.0,0.0
2025-09-05 00:00:00-04:00,13.661510018075349,13.847581289398509,13.367713912900724,13.563578605651855,626600,0.0,0.0
2025-09-08 00:00:00-04:00,13.62233737017352,13.79371851066135,13.563578709061858,13.749649047851562,590600,0.0,0.0
2025-09-09 00:00:00-04:00,13.720269577746697,13.945512666303921,13.695786024239126,13.759442329406738,631600,0.0,0.0
2025-09-10 00:00:00-04:00,13.720269449977975,14.063030790323392,13.720269449977975,13.896546363830566,521000,0.0,0.0
2025-09-11 00:00:00-04:00,13.984685857131028,14.278481970783583,13.965099947661978,14.180549621582031,534500,0.0,0.0
2025-09-12 00:00:00-04:00,14.170756340026855,14.205032380141745,14.072823996311135,14.170756340026855,431300,0.0,0.0
2025-09-15 00:00:00-04:00,14.278481680908872,14.552690945573415,14.190342755207249,14.523311614990234,303400,0.0,0.0
2025-09-16 00:00:00-04:00,14.523311680766911,14.621244028423828,14.444966176222213,14.45475959777832,436400,0.0,0.0
2025-09-17 00:00:00-04:00,14.513518221955874,14.807314330220391,14.474345469784078,14.650623321533203,618200,0.0,0.0
2025-09-18 00:00:00-04:00,14.797520529545942,15.076627432314782,14.758347778377834,14.934625625610352,679600,0.0,0.0
2025-09-19 00:00:00-04:00,14.924831757253141,14.96400450724782,14.621243178282386,14.640829086303711,1231300,0.0,0.0
2025-09-22 00:00:00-04:00,14.552690432833966,14.851383240753957,14.533104524452614,14.817107200622559,567500,0.0,0.0
2025-09-23 00:00:00-04:00,14.80731446021311,15.218628828603926,14.80731446021311,14.964005470275879,684800,0.0,0.0
2025-09-24 00:00:00-04:00,14.95421274497454,15.042350736270187,14.454759457872177,14.464552879333496,603000,0.0,0.0
2025-09-25 00:00:00-04:00,14.327447484437126,14.553670285383646,14.298068154612814,14.484138488769531,807400,0.0,0.0
2025-09-26 00:00:00-04:00,14.484138139626959,14.62613994260026,14.219722309677827,14.249101638793945,657300,0.0,0.0
2025-09-29 00:00:00-04:00,14.3960002482529,14.498829308444016,14.278481989428839,14.469449043273926,508900,0.0,0.0
2025-09-30 00:00:00-04:00,14.405793838605831,14.660417202681218,14.033652214330752,14.29806900024414,763200,0.0,0.0
2025-10-01 00:00:00-04:00,14.141376498397287,14.219722936078272,13.906339987210558,13.979788780212402,397500,0.0,0.0
2025-10-02 00:00:00-04:00,14.004271849072925,14.004271849072925,13.779027833185348,13.916132926940918,417300,0.0,0.0
2025-10-03 00:00:00-04:00,14.014065882480507,14.111997296054342,13.896546691868574,14.0042724609375,353100,0.0,0.0
2025-10-06 00:00:00-04:00,14.023858134908982,14.077721018540233,13.842684509161796,13.955306053161621,382600,0.0,0.0
2025-10-07 00:00:00-04:00,13.994479287092247,14.009169419666769,13.48033678836123,13.730063438415527,490700,0.0,0.0
2025-10-08 00:00:00-04:00,13.730063073813144,13.88675408130539,13.55378522340833,13.818201065063477,362300,0.0,0.0
2025-10-09 00:00:00-04:00,13.818201432006367,13.867167606636011,13.602751757959291,13.730063438415527,216700,0.0,0.0
2025-10-10 00:00:00-04:00,13.681096623453339,13.793718166063892,13.323644219153673,13.514612197875977,337500,0.0,0.0
2025-10-13 00:00:00-04:00,13.749649307601134,13.974893336656553,13.612544205830353,13.92592716217041,334900,0.0,0.0
2025-10-14 00:00:00-04:00,13.720270210016908,14.258896270628004,13.573371684058184,14.102204322814941,497800,0.0,0.0
2025-10-15 00:00:00-04:00,14.229515404841088,14.503725601483232,14.190342653028221,14.337241172790527,471300,0.0,0.0
2025-10-16 00:00:00-04:00,14.327448281804337,14.421462702845565,13.984685990287367,14.043445587158203,382100,0.0,0.0
2025-10-17 00:00:00-04:00,14.033652031731805,14.20503317585847,13.974893369372552,14.180549621582031,293600,0.0,0.0
2025-10-20 00:00:00-04:00,14.317653968162851,14.459655773616769,14.249101887710365,14.425378799438477,233500,0.0,0.0
2025-10-21 00:00:00-04:00,14.444965641826071,14.474344971455416,14.307860546969053,14.425378799438477,251800,0.0,0.0
2025-10-22 00:00:00-04:00,14.415587333273644,14.425379821209008,14.209930143397143,14.356827735900879,289300,0.0,0.0
2025-10-23 00:00:00-04:00,14.356826846073963,14.444965769694257,14.209929262674844,14.288274765014648,287500,0.0,0.0
2025-10-24 00:00:00-04:00,14.464552484213668,14.49393181384301,14.253998598307264,14.425378799438477,345100,0.0,0.0
2025-10-27 00:00:00-04:00,14.542898253417604,14.846486844394306,14.525269908154035,14.601656913757324,426100,0.0,0.0
2025-10-28 00:00:00-04:00,14.582070726073038,14.777934480046232,14.572277304886367,14.621243476867676,368100,0.0,0.0
2025-10-29 00:00:00-04:00,14.611450338638011,14.719175171921393,14.205032691041163,14.278481483459473,326700,0.0,0.0
2025-10-30 00:00:00-04:00,14.219722212329906,14.322550330508378,14.087513831284419,14.19034194946289,442800,0.0,0.0
2025-10-31 00:00:00-04:00,14.141376524620716,14.278481623376589,14.072824442218817,14.268688201904297,707600,0.0,0.0
2025-11-03 00:00:00-05:00,14.33724107776536,14.444965911048742,14.180549137600348,14.278481483459473,390300,0.0,0.0
2025-11-04 00:00:00-05:00,15.130489865916912,15.90415242672315,14.699589589270637,14.709383010864258,1902100,0.0,0.0
2025-11-05 00:00:00-05:00,14.758348490580662,14.915039502814633,14.200136526009114,14.885660171508789,1281800,0.0,0.0
2025-11-06 00:00:00-05:00,14.944419287110303,15.19414593005318,14.640829760213451,14.660416603088379,458300,0.0,0.0
2025-11-07 00:00:00-05:00,14.640829211053465,14.640829211053465,14.28827445809735,14.503725051879883,301000,0.0,0.0
2025-11-10 00:00:00-05:00,14.591863429234726,14.660416444603811,14.366620342320468,14.508621215820312,332100,0.0,0.0
2025-11-11 00:00:00-05:00,14.513517682119216,14.877825291113636,14.513517682119216,14.817107200622559,416700,0.0,0.0
2025-11-12 00:00:00-05:00,14.787728682986543,14.93462627274417,14.699589755551127,14.82690143585205,462500,0.0,0.0
2025-11-13 00:00:00-05:00,14.748555735288413,14.851383859969944,14.47434553490016,14.582071304321289,514100,0.0,0.0
2025-11-14 00:00:00-05:00,14.49303510655442,14.69089300103196,14.31496432236354,14.57217788696289,339400,0.15,0.0
2025-11-17 00:00:00-05:00,14.512821621128197,14.601857487085216,14.225928799409125,14.354536056518555,327200,0.0,0.0
2025-11-18 00:00:00-05:00,14.235821300644746,14.750249364579778,14.176463744616377,14.621642112731934,574300,0.0,0.0
2025-11-19 00:00:00-05:00,14.591964101915993,14.700785189472432,14.436646654302647,14.60185718536377,380800,0.0,0.0
2025-11-20 00:00:00-05:00,14.770036009138874,14.859071874335092,14.206142510714946,14.26550006866455,306900,0.0,0.0
2025-11-21 00:00:00-05:00,14.295178175800768,14.42378543001096,14.03796366738038,14.117107391357422,485300,0.0,0.0
2025-11-24 00:00:00-05:00,14.206142473313136,14.334749728985036,14.112161010036896,14.235821723937988,570400,0.0,0.0
2025-11-25 00:00:00-05:00,14.245713901529223,14.31001800126266,14.112161047191272,14.26550006866455,358700,0.0,0.0
2025-11-26 00:00:00-05:00,14.265500175437625,14.61669615361089,14.265500175437625,14.582071304321289,397900,0.0,0.0
2025-11-28 00:00:00-05:00,14.631535275423845,14.938214253565617,14.582070802374352,14.90853500366211,301800,0.0,0.0
2025-12-01 00:00:00-05:00,14.76014315194998,15.02724980817892,14.720571760528792,14.898643493652344,661600,0.0,0.0
2025-12-02 00:00:00-05:00,14.938214710560523,15.116285498147406,14.888750235997797,15.007464408874512,290500,0.0,0.0
2025-12-03 00:00:00-05:00,15.007464483323014,15.24489283025427,14.977786175820704,15.066821098327637,319800,0.0,0.0
2025-12-04 00:00:00-05:00,15.037142214203765,15.571356446042046,15.017356991113047,15.333928108215332,515900,0.0,0.0
2025-12-05 00:00:00-05:00,15.363606673643567,15.566410166888973,15.007464160898156,15.056928634643555,439400,0.0,0.0
2025-12-08 00:00:00-05:00,15.14596490242871,15.403178474539676,15.069789290055075,15.353714942932129,359600,0.0,0.0
2025-12-09 00:00:00-05:00,15.333928759135897,15.680179140757005,15.314142591748913,15.581250190734863,415200,0.0,0.0
2025-12-10 00:00:00-05:00,15.630714487783928,16.085785954483107,15.576303471545602,15.917607307434082,505000,0.0,0.0
2025-12-11 00:00:00-05:00,16.00664262705846,16.29353449347166,15.942338529431503,15.986856460571289,515900,0.0,0.0
2025-12-12 00:00:00-05:00,16.03632065934509,16.155035776311422,15.71975047344162,16.006643295288086,577400,0.0,0.0
2025-12-15 00:00:00-05:00,16.046213802852318,16.065999970239304,15.56146402334788,15.581250190734863,635600,0.0,0.0
2025-12-16 00:00:00-05:00,15.521891973130726,15.563442734188298,15.12617807675287,15.333928108215332,675700,0.0,0.0
2025-12-17 00:00:00-05:00,15.432857226781012,15.46253553347746,15.136071329447462,15.225107192993164,855000,0.0,0.0
2025-12-18 00:00:00-05:00,15.333928849284812,15.452643023935474,15.19542850713084,15.413071632385254,577200,0.0,0.0
2025-12-19 00:00:00-05:00,15.4724283603605,15.630713918059312,15.333928025645866,15.502106666564941,505900,0.0,0.0
2025-12-22 00:00:00-05:00,15.46253561021288,15.620821171321262,15.264678658827401,15.51200008392334,723000,0.0,0.0
2025-12-23 00:00:00-05:00,15.51200036576441,15.7345890863212,15.40317833293291,15.71975040435791,399900,0.0,0.0
2025-12-24 00:00:00-05:00,15.759321251137036,15.878034476569361,15.665338846970705,15.788999557495117,155800,0.0,0.0
2025-12-26 00:00:00-05:00,15.749428734199395,15.986857080514428,15.749428734199395,15.976963996887207,255200,0.0,0.0
2025-12-29 00:00:00-05:00,15.952231821799074,16.016535920269018,15.848357276748736,15.907713890075684,490900,0.0,0.0
2025-12-30 00:00:00-05:00,15.927500480717237,16.065999877803716,15.734589123629613,15.749428749084473,398400,0.0,0.0
2025-12-31 00:00:00-05:00,15.71975040435791,15.808785326506799,15.610928371526413,15.71975040435791,390600,0.0,0.0
2026-01-02 00:00:00-05:00,15.749428749084473,15.878035062534376,15.680179050541232,15.749428749084473,282400,0.0,0.0
2026-01-05 00:00:00-05:00,15.749427641570644,16.540855407714844,15.749427641570644,16.540855407714844,757800,0.0,0.0
2026-01-06 00:00:00-05:00,16.56064159526381,17.361962445397303,16.491391901499668,16.995927810668945,853400,0.0,0.0
2026-01-07 00:00:00-05:00,16.956357028887574,17.312500500130938,16.83764379641499,17.213571548461914,701900,0.0,0.0
2026-01-08 00:00:00-05:00,17.14432053431987,17.609284118539925,17.075070839533126,17.401535034179688,430800,0.0,0.0
2026-01-09 00:00:00-05:00,17.39164313510768,17.510358253476166,17.075072002008785,17.094858169555664,395300,0.0,0.0
2026-01-12 00:00:00-05:00,16.956357121813518,17.233357810622273,16.916786673076736,17.045392990112305,403000,0.0,0.0
2026-01-13 00:00:00-05:00,17.035499001291306,17.203677645042994,16.921731372711154,17.075071334838867,443200,0.0,0.0
2026-01-14 00:00:00-05:00,17.075072241849504,17.104751493586708,16.778285385215952,17.045392990112305,410500,0.0,0.0
2026-01-15 00:00:00-05:00,17.302606506303114,17.58455277723854,17.19378447649902,17.243249893188477,486000,0.0,0.0
2026-01-16 00:00:00-05:00,17.233356475830078,17.40153511548914,17.109695766872317,17.233356475830078,578300,0.0,0.0
2026-01-20 00:00:00-05:00,17.055285757431758,17.133439798049995,16.67935801030289,16.807964324951172,397600,0.0,0.0
2026-01-21 00:00:00-05:00,16.877213034011284,17.040446075590282,16.718927477462802,17.005821228027344,679600,0.0,0.0
2026-01-22 00:00:00-05:00,17.015714132953065,17.391641854090068,17.015714132953065,17.114641189575195,300200,0.0,0.0
2026-01-23 00:00:00-05:00,17.035499163396853,17.035499163396853,16.812911389268262,16.966249465942383,536600,0.0,0.0
2026-01-26 00:00:00-05:00,16.45182132494568,16.743660699025938,15.9967507819936,16.194608688354492,1877800,0.0,0.0
2026-01-27 00:00:00-05:00,16.27375089878787,16.27375089878787,15.729642618967713,15.779107093811035,1611700,0.0,0.0
2026-01-28 00:00:00-05:00,15.72964225893378,15.952231918905706,15.116285237902247,15.284463882446289,1955700,0.0,0.0
2026-01-29 00:00:00-05:00,15.284463774186289,15.462535500902547,14.443571500878491,14.512821197509766,1936600,0.0,0.0
2026-01-30 00:00:00-05:00,14.384213858165026,14.562285583816767,14.028071350317898,14.453463554382324,2139500,0.0,0.0
2026-02-02 00:00:00-05:00,14.33474982312132,14.834339223777299,14.201196024801563,14.779928207397461,1225500,0.0,0.0
2026-02-03 00:00:00-05:00,15.264678652363626,15.314142182596777,13.612571457945823,14.117107391357422,2033000,0.0,0.0
2026-02-04 00:00:00-05:00,14.11710764435428,14.285285348382411,13.751071098565836,13.840106964111328,1695200,0.0,0.0
2026-02-05 00:00:00-05:00,13.721392469071725,13.780750025860668,13.553213825535467,13.602678298950195,1338100,0.0,0.0
2026-02-06 00:00:00-05:00,13.780750261698161,14.028071689547984,13.652143006001488,14.008285522460938,1207900,0.0,0.0
2026-02-09 00:00:00-05:00,14.067643307463687,14.56228617115201,13.943982591541607,14.41389274597168,1279400,0.0,0.0
2026-02-10 00:00:00-05:00,14.443571889705229,14.779928242009383,14.057750119252312,14.097321510314941,1637700,0.0,0.0
2026-02-11 00:00:00-05:00,14.275393117397806,14.394107289550956,13.909357517394833,14.008285522460938,1151100,0.0,0.0
2026-02-12 00:00:00-05:00,14.13689308533057,14.275393427580166,13.65214330264158,13.760964393615723,1029800,0.0,0.0
2026-02-13 00:00:00-05:00,13.948929211201344,14.057750302175487,13.4691250269352,13.760964393615723,937700,0.0,0.0
2026-02-17 00:00:00-05:00,13.760963771386265,13.760963771386265,13.330625025371168,13.543320655822754,1225600,0.0,0.0
2026-02-18 00:00:00-05:00,13.622464664342589,13.838128412998469,13.54332093965113,13.751070976257324,938800,0.0,0.0
2026-02-19 00:00:00-05:00,13.671928646087638,13.850000381469727,13.325679202624736,13.850000381469727,966000,0.0,0.0
2026-02-20 00:00:00-05:00,13.694000244140625,14.050000190734863,13.640000343322754,14.0,1088800,0.15,0.0
2026-02-23 00:00:00-05:00,13.920000076293945,13.920000076293945,13.229999542236328,13.270000457763672,1149500,0.0,0.0
2026-02-24 00:00:00-05:00,13.25,13.539999961853027,13.140000343322754,13.319999694824219,820000,0.0,0.0
2026-02-25 00:00:00-05:00,13.359999656677246,13.399999618530273,13.095000267028809,13.369999885559082,811500,0.0,0.0
2026-02-26 00:00:00-05:00,13.329999923706055,13.6850004196167,13.005000114440918,13.5,1309500,0.0,0.0
2026-02-27 00:00:00-05:00,13.300000190734863,13.3149995803833,12.859999656677246,13.119999885559082,1356300,0.0,0.0
2026-03-02 00:00:00-05:00,13.0,13.305000305175781,12.78499984741211,13.130000114440918,908700,0.0,0.0
2026-03-03 00:00:00-05:00,12.75,13.090999603271484,12.25,12.510000228881836,818400,0.0,0.0
2026-03-04 00:00:00-05:00,12.600000381469727,12.6899995803833,12.350000381469727,12.460000038146973,666300,0.0,0.0
2026-03-05 00:00:00-05:00,12.350000381469727,12.515000343322754,12.109999656677246,12.329999923706055,933400,0.0,0.0
2026-03-06 00:00:00-05:00,12.109999656677246,12.265000343322754,11.800000190734863,11.970000267028809,1063200,0.0,0.0
2026-03-09 00:00:00-04:00,11.75,11.84000015258789,11.399999618530273,11.8100004196167,1220200,0.0,0.0
2026-03-10 00:00:00-04:00,11.789999961853027,11.994999885559082,11.640000343322754,11.84000015258789,959800,0.0,0.0
2026-03-11 00:00:00-04:00,11.760000228881836,11.960000038146973,11.699999809265137,11.960000038146973,1351800,0.0,0.0
2026-03-12 00:00:00-04:00,11.710000038146973,11.720000267028809,11.319999694824219,11.5600004196167,1189400,0.0,0.0
2026-03-13 00:00:00-04:00,11.630000114440918,11.760000228881836,11.1899995803833,11.229999542236328,811100,0.0,0.0
2026-03-16 00:00:00-04:00,11.390000343322754,11.510000228881836,11.21500015258789,11.390000343322754,675800,0.0,0.0
2026-03-17 00:00:00-04:00,11.5,11.6899995803833,11.319999694824219,11.369999885559082,722600,0.0,0.0
2026-03-18 00:00:00-04:00,11.25,11.454999923706055,11.199999809265137,11.270000457763672,624200,0.0,0.0
2026-03-19 00:00:00-04:00,11.140000343322754,11.5,11.0600004196167,11.489999771118164,784800,0.0,0.0
2026-03-20 00:00:00-04:00,11.460000038146973,11.489999771118164,11.050000190734863,11.199999809265137,953800,0.0,0.0
2026-03-23 00:00:00-04:00,11.489999771118164,11.6899995803833,11.303000450134277,11.510000228881836,606800,0.0,0.0
2026-03-24 00:00:00-04:00,11.380000114440918,11.380000114440918,11.199999809265137,11.359999656677246,533000,0.0,0.0
2026-03-25 00:00:00-04:00,11.579999923706055,11.760000228881836,11.494999885559082,11.550000190734863,667700,0.0,0.0
2026-03-26 00:00:00-04:00,11.40999984741211,11.569999694824219,11.279999732971191,11.510000228881836,774200,0.0,0.0
2026-03-27 00:00:00-04:00,11.380000114440918,11.734999656677246,11.3100004196167,11.579999923706055,980400,0.0,0.0
2026-03-30 00:00:00-04:00,11.699999809265137,12.050000190734863,11.6899995803833,12.020000457763672,1499600,0.0,0.0
2026-03-31 00:00:00-04:00,12.390000343322754,12.654999732971191,12.119999885559082,12.600000381469727,1667700,0.0,0.0
2026-04-01 00:00:00-04:00,12.710000038146973,12.864999771118164,12.479999542236328,12.640000343322754,1298700,0.0,0.0
2026-04-02 00:00:00-04:00,12.449999809265137,12.920000076293945,12.4350004196167,12.65999984741211,1007500,0.0,0.0
2026-04-06 00:00:00-04:00,12.619999885559082,12.720000267028809,12.460000038146973,12.609999656677246,1095067,0.0,0.0
