Date,Open,High,Low,Close,Volume,Dividends,Stock Splits
2022-01-03 00:00:00-05:00,25.686077919596773,26.210474192185018,25.629893051197794,26.04191780090332,109600,0.0,0.0
2022-01-04 00:00:00-05:00,26.257295498995962,26.89406148642872,25.78908411094897,26.28538703918457,172000,0.0,0.0
2022-01-05 00:00:00-05:00,26.416481896989097,26.76295906071434,26.06064207858984,26.20110511779785,112500,0.0,0.0
2022-01-06 00:00:00-05:00,26.38839581611386,27.01579918795924,26.38839581611386,26.968976974487305,67300,0.0,0.0
2022-01-07 00:00:00-05:00,27.053260063960273,27.29673025978,26.80042720983818,27.156267166137695,217000,0.0,0.0
2022-01-10 00:00:00-05:00,27.14689737235822,27.193719585069267,26.556951780877345,26.84724235534668,92000,0.0,0.0
2022-01-11 00:00:00-05:00,26.987704332851326,27.062618084082818,26.21983793620738,26.716142654418945,77800,0.0,0.0
2022-01-12 00:00:00-05:00,26.60377067919794,26.884696794986713,26.360300545341484,26.566314697265625,104600,0.0,0.0
2022-01-13 00:00:00-05:00,26.744234625424532,27.062618519805696,26.697414199932783,26.809783935546875,60700,0.0,0.0
2022-01-14 00:00:00-05:00,26.482035259982638,27.0626163482666,26.425848610599335,27.0626163482666,52600,0.0,0.0
2022-01-18 00:00:00-05:00,26.865966066155814,27.128163262500408,26.66088963640724,26.91278648376465,96900,0.0,0.0
2022-01-19 00:00:00-05:00,26.96897523707285,26.96897523707285,26.238566614813752,26.28538703918457,70900,0.0,0.0
2022-01-20 00:00:00-05:00,26.21984212643328,26.463312303366077,25.34428718410083,25.37706184387207,88200,0.0,0.0
2022-01-21 00:00:00-05:00,25.283413586811307,26.023188397227507,25.152314976797136,25.320871353149414,82600,0.0,0.0
2022-01-24 00:00:00-05:00,24.81520573745844,26.03255473844699,24.609193351685185,26.00446319580078,97000,0.0,0.0
2022-01-25 00:00:00-05:00,25.62053040062196,26.388396871421527,25.32087536675724,26.1542911529541,91900,0.0,0.0
2022-01-26 00:00:00-05:00,26.173016017078382,26.683366476355083,25.32555280346562,25.77971839904785,61000,0.0,0.0
2022-01-27 00:00:00-05:00,25.78908502115135,26.140243574580417,24.833933327163948,24.983760833740234,283600,0.0,0.0
2022-01-28 00:00:00-05:00,25.030579697027804,25.030579697027804,23.682132222028923,24.674739837646484,158700,0.0,0.0
2022-01-31 00:00:00-05:00,24.487453635333274,24.487453635333274,24.08479158218702,24.34699058532715,198200,0.0,0.0
2022-02-01 00:00:00-05:00,24.581100514491965,25.039947509765625,24.211213049518282,25.039947509765625,151100,0.0,0.0
2022-02-02 00:00:00-05:00,25.04931351571533,25.236598817182717,24.318902983294524,24.375089645385742,124300,0.0,0.0
2022-02-03 00:00:00-05:00,24.534279052744793,24.712198105858345,24.16907293164447,24.36572265625,119100,0.0,0.0
2022-02-04 00:00:00-05:00,24.478093907432132,24.76370317622365,24.15970998019748,24.646650314331055,181200,0.0,0.0
2022-02-07 00:00:00-05:00,24.477513989083064,24.956728503574517,24.477513989083064,24.825180053710938,68900,0.09,0.0
2022-02-08 00:00:00-05:00,24.975521045435055,25.924553477516994,24.975521045435055,25.774211883544922,87700,0.0,0.0
2022-02-09 00:00:00-05:00,25.81179719030264,25.81179719030264,25.182241073845834,25.294998168945312,111600,0.0,0.0
2022-02-10 00:00:00-05:00,25.09767462572551,25.50171835909045,25.09767462572551,25.30439567565918,111900,0.0,0.0
2022-02-11 00:00:00-05:00,25.238622859943405,25.670854548145613,25.097676029934224,25.417152404785156,184900,0.0,0.0
2022-02-14 00:00:00-05:00,25.58628282218,25.58628282218,25.191635708039374,25.31378936767578,142800,0.0,0.0
2022-02-15 00:00:00-05:00,25.539302229238057,25.868175129250567,25.539302229238057,25.708436965942383,151200,0.0,0.0
2022-02-16 00:00:00-05:00,25.52050920395897,25.910458936796545,25.52050920395897,25.652057647705078,85900,0.0,0.0
2022-02-17 00:00:00-05:00,25.558094024658203,25.7836063976024,25.304391933016095,25.558094024658203,92400,0.0,0.0
2022-02-18 00:00:00-05:00,25.41715086036662,25.802401443299104,25.41715086036662,25.576889038085938,66900,0.0,0.0
2022-02-22 00:00:00-05:00,25.14465919109306,25.642666908685047,25.11646946632669,25.341981887817383,124000,0.0,0.0
2022-02-23 00:00:00-05:00,25.605074787642277,25.821190585076575,25.238617410061245,25.360769271850586,92700,0.0,0.0
2022-02-24 00:00:00-05:00,24.74061497826146,25.069487925670426,24.280193568774255,24.966127395629883,270900,0.0,0.0
2022-02-25 00:00:00-05:00,25.210429369179273,25.7554180815274,25.210429369179273,25.68964385986328,80000,0.0,0.0
2022-02-28 00:00:00-05:00,25.3795634168485,25.670850015826794,25.323185770126624,25.623868942260742,136400,0.0,0.0
2022-03-01 00:00:00-05:00,25.65205955446798,25.65205955446798,24.627856272051538,24.890954971313477,153600,0.0,0.0
2022-03-02 00:00:00-05:00,25.19163446511389,26.084289162550633,25.19163446511389,25.924551010131836,84100,0.0,0.0
2022-03-03 00:00:00-05:00,26.02791228829736,26.436653358086527,26.02791228829736,26.244028091430664,79800,0.0,0.0
2022-03-04 00:00:00-05:00,25.793002499683706,25.97153200487256,25.41714675942444,25.670848846435547,82000,0.0,0.0
2022-03-07 00:00:00-05:00,25.605078475984506,25.623871624263202,24.796991022133266,24.890954971313477,232600,0.0,0.0
2022-03-08 00:00:00-05:00,25.12585834489334,25.586279621764216,24.90034599247982,25.107065200805664,147300,0.0,0.0
2022-03-09 00:00:00-05:00,25.57688984126445,25.877574849870882,25.37017057804753,25.64266586303711,80100,0.0,0.0
2022-03-10 00:00:00-05:00,25.351376548926673,25.755420279008998,25.351376548926673,25.61447525024414,87000,0.0,0.0
2022-03-11 00:00:00-05:00,25.764820143623428,26.065503387978644,25.52051455953144,25.74602699279785,124400,0.0,0.0
2022-03-14 00:00:00-04:00,26.00912346679675,26.309806685014205,25.736628180153836,25.839988708496094,77500,0.0,0.0
2022-03-15 00:00:00-04:00,26.0842918278324,26.0842918278324,25.137139420731884,25.19163703918457,141800,0.0,0.0
2022-03-16 00:00:00-04:00,25.492318328443503,25.66615224090281,25.313788817796233,25.464130401611328,304800,0.0,0.0
2022-03-17 00:00:00-04:00,25.473528467012624,25.567490618242115,24.872160304307574,25.32318687438965,104900,0.0,0.0
2022-03-18 00:00:00-04:00,25.360768881676133,25.360768881676133,24.80638364133438,25.201030731201172,168500,0.0,0.0
2022-03-21 00:00:00-04:00,25.219829559326172,25.539305932264448,24.928542910663648,25.219829559326172,116500,0.0,0.0
2022-03-22 00:00:00-04:00,25.47353074798072,25.699043157108164,25.248018338853274,25.482927322387695,211300,0.0,0.0
2022-03-23 00:00:00-04:00,25.276204889034762,25.290300645981837,24.750009296483185,24.806386947631836,108600,0.0,0.0
2022-03-24 00:00:00-04:00,25.031901626669,25.031901626669,24.609066516183223,24.966127395629883,59200,0.0,0.0
2022-03-25 00:00:00-04:00,25.041295852668597,25.492320645101533,25.00371134940579,25.332582473754883,58100,0.0,0.0
2022-03-28 00:00:00-04:00,25.12586558195919,25.12586558195919,24.70303047147341,24.966127395629883,71000,0.0,0.0
2022-03-29 00:00:00-04:00,25.2386186951231,25.492319004405108,25.088277107321503,25.257410049438477,122000,0.0,0.0
2022-03-30 00:00:00-04:00,25.17284718533955,25.41621182790266,24.656046353431044,25.05069351196289,205800,0.0,0.0
2022-03-31 00:00:00-04:00,25.0318984165121,25.29969448980756,24.919143118394615,25.06948471069336,128000,0.0,0.0
2022-04-01 00:00:00-04:00,25.078879857114018,25.304392232729256,24.543287741001198,24.66543960571289,160200,0.0,0.0
2022-04-04 00:00:00-04:00,24.55268362989601,24.55268362989601,23.951317267781526,24.364757537841797,100600,0.0,0.0
2022-04-05 00:00:00-04:00,24.129847396719857,24.411737417100596,23.847955584126076,23.904335021972656,106200,0.0,0.0
2022-04-06 00:00:00-04:00,23.75399266427259,23.951315313662494,23.575461368005787,23.584857940673828,156500,0.0,0.0
2022-04-07 00:00:00-04:00,23.415725947488372,23.53787782199057,23.199610127561996,23.35934829711914,100100,0.0,0.0
2022-04-08 00:00:00-04:00,23.237194906747956,23.481500450870904,22.974098007087253,23.011682510375977,90700,0.0,0.0
2022-04-11 00:00:00-04:00,22.95530151673171,23.255984668110784,22.757977078506094,22.898923873901367,73500,0.0,0.0
2022-04-12 00:00:00-04:00,23.039871199583786,23.265383585850536,22.710998297531518,22.767375946044922,65900,0.0,0.0
2022-04-13 00:00:00-04:00,22.88295357652602,23.17142105102539,22.60763915500604,23.17142105102539,116300,0.0,0.0
2022-04-14 00:00:00-04:00,23.124441496296484,23.255989956887777,22.673414874444386,22.75798225402832,140500,0.0,0.0
2022-04-18 00:00:00-04:00,22.55126022920908,23.021078150650936,22.55126022920908,23.00228500366211,83900,0.0,0.0
2022-04-19 00:00:00-04:00,23.180812627313166,23.603649406218214,23.180812627313166,23.528478622436523,140000,0.0,0.0
2022-04-20 00:00:00-04:00,23.75399757546947,23.951320265656317,23.5190885868394,23.537879943847656,84100,0.0,0.0
2022-04-21 00:00:00-04:00,23.716408759716398,23.72580533332983,23.133835533388858,23.199609756469727,78500,0.0,0.0
2022-04-22 00:00:00-04:00,23.049268475257158,23.199610070681967,22.83315086364746,22.83315086364746,137200,0.0,0.0
2022-04-25 00:00:00-04:00,22.66401652798951,22.757978675228234,22.25057626972943,22.701601028442383,67700,0.0,0.0
2022-04-26 00:00:00-04:00,22.3351465328748,22.6358297443486,21.874725141278873,21.912309646606445,90100,0.0,0.0
2022-04-27 00:00:00-04:00,21.9029094930561,22.043854501375886,21.602226330717077,21.855928421020508,84900,0.0,0.0
2022-04-28 00:00:00-04:00,21.968683972409526,22.325746576099025,21.788274431300273,22.30695343017578,147900,0.0,0.0
2022-04-29 00:00:00-04:00,22.015667739287455,22.67341174363408,21.776059599480977,22.043855667114258,122900,0.0,0.0
2022-05-02 00:00:00-04:00,22.090839709192075,22.175407081598117,21.611625196295588,21.996875762939453,118400,0.0,0.0
2022-05-03 00:00:00-04:00,22.119027268698414,22.466691505973362,21.790154385066653,22.344539642333984,78900,0.0,0.0
2022-05-04 00:00:00-04:00,22.47609002256684,22.880133732350956,22.119029181486223,22.83315086364746,115400,0.0,0.0
2022-05-05 00:00:00-04:00,22.58884610542433,22.59448261564622,22.062648752747585,22.35393714904785,89400,0.0,0.0
2022-05-06 00:00:00-04:00,22.28791116741872,22.32564019338369,21.967223441811328,22.231319427490234,69300,0.09,0.0
2022-05-09 00:00:00-04:00,22.023817485868168,22.401098789894128,21.957793482541017,22.22188949584961,89500,0.0,0.0
2022-05-10 00:00:00-04:00,22.269051689838882,22.41053195973105,21.63710480523591,21.910633087158203,133700,0.0,0.0
2022-05-11 00:00:00-04:00,22.03324980309614,22.504851884162278,22.00495303058527,22.137001037597656,115500,0.0,0.0
2022-05-12 00:00:00-04:00,22.127567217902957,22.127567217902957,21.637102455475215,22.00495147705078,151500,0.0,0.0
2022-05-13 00:00:00-04:00,22.259619857704582,22.273767345258605,21.68426471025064,21.901201248168945,78600,0.0,0.0
2022-05-16 00:00:00-04:00,21.938927221062134,21.986086705678904,21.523916920162296,21.75971794128418,161600,0.0,0.0
2022-05-17 00:00:00-04:00,22.363368707849496,22.806675793365443,22.353938249834293,22.787811279296875,104100,0.0,0.0
2022-05-18 00:00:00-04:00,22.84440525707348,22.89156654685811,22.245470369453038,22.363370895385742,97600,0.0,0.0
2022-05-19 00:00:00-04:00,22.401099511078066,22.4671235165308,21.948361931671418,21.957794189453125,119700,0.0,0.0
2022-05-20 00:00:00-04:00,22.080407232488273,22.391664505004883,22.0426800050112,22.391664505004883,119900,0.0,0.0
2022-05-23 00:00:00-04:00,22.72178441039425,23.297139423712014,22.72178441039425,23.061338424682617,151000,0.0,0.0
2022-05-24 00:00:00-04:00,23.278277865910763,23.32543735209338,22.891564322352234,22.995315551757812,179400,0.0,0.0
2022-05-25 00:00:00-04:00,22.938722975174006,23.28770927691163,22.90099574740235,23.014179229736328,110000,0.0,0.0
2022-05-26 00:00:00-04:00,23.278282585490782,23.45749190755306,23.202826312888682,23.268850326538086,81500,0.0,0.0
2022-05-27 00:00:00-04:00,23.240545013434293,23.485778259071875,23.199045248108632,23.457483291625977,63800,0.0,0.0
2022-05-31 00:00:00-04:00,23.391462207657916,23.6508447882038,23.254698973119986,23.56123924255371,155600,0.0,0.0
2022-06-01 00:00:00-04:00,23.655561388008685,23.674425903872166,23.004749982872653,23.53294563293457,82400,0.0,0.0
2022-06-02 00:00:00-04:00,23.44805563498905,23.740448416395786,23.2122545985922,23.731016159057617,89000,0.0,0.0
2022-06-03 00:00:00-04:00,23.51408082220587,23.834770391786588,23.51408082220587,23.58010482788086,109500,0.0,0.0
2022-06-06 00:00:00-04:00,23.88192367553711,24.013971652571218,23.75930795386526,23.88192367553711,93300,0.0,0.0
2022-06-07 00:00:00-04:00,23.655559192244315,23.815903964161812,23.53294344855168,23.787607192993164,228900,0.0,0.0
2022-06-08 00:00:00-04:00,23.7970424089391,23.7970424089391,23.202824532666,23.306575775146484,82200,0.0,0.0
2022-06-09 00:00:00-04:00,23.306572154134432,23.306572154134432,22.74065114047235,22.75951385498047,104600,0.0,0.0
2022-06-10 00:00:00-04:00,22.38223557766523,22.599172115229255,22.221890789244153,22.48598861694336,96800,0.0,0.0
2022-06-13 00:00:00-04:00,22.297345138053693,22.297345138053693,21.580509780782133,21.693695068359375,104000,0.0,0.0
2022-06-14 00:00:00-04:00,21.646536877093975,22.259619240704776,21.646536877093975,22.165298461914062,121400,0.0,0.0
2022-06-15 00:00:00-04:00,22.410528702785907,22.504849468679364,22.203024457035482,22.231319427490234,123700,0.0,0.0
2022-06-16 00:00:00-04:00,21.995519638061523,22.127567638259922,21.561646609398736,21.995519638061523,115200,0.0,0.0
2022-06-17 00:00:00-04:00,22.155861602857264,22.372798089709605,21.957789627649177,22.09926986694336,151000,0.0,0.0
2022-06-21 00:00:00-04:00,22.3822330286746,22.684058055089476,22.25961728632571,22.45768928527832,113100,0.0,0.0
2022-06-22 00:00:00-04:00,22.118138084407416,22.580307903013473,21.995520537194476,22.47655487060547,85900,0.0,0.0
2022-06-23 00:00:00-04:00,22.344503449083707,22.570872195079282,22.014381686541416,22.259614944458008,94100,0.0,0.0
2022-06-24 00:00:00-04:00,22.165296817018447,22.702922877503077,22.165296817018447,22.61803436279297,215800,0.0,0.0
2022-06-27 00:00:00-04:00,22.806674273584708,22.872698269405937,22.495417008271076,22.570873260498047,80600,0.0,0.0
2022-06-28 00:00:00-04:00,22.797244070874445,23.0141805906924,22.589739808311936,22.60860252380371,92500,0.0,0.0
2022-06-29 00:00:00-04:00,22.57087456969343,22.6368985693443,22.363368514768908,22.45768928527832,78800,0.0,0.0
2022-06-30 00:00:00-04:00,22.155860906372865,22.552006643354783,22.0615401501355,22.448253631591797,89200,0.0,0.0
2022-07-01 00:00:00-04:00,22.353938180005144,22.698207465095223,22.316209151985866,22.66519546508789,117000,0.0,0.0
2022-07-05 00:00:00-04:00,22.33507754378409,22.702926635742188,22.06154744021159,22.702926635742188,107100,0.0,0.0
2022-07-06 00:00:00-04:00,22.674628324591854,22.72650304096814,22.382233746730307,22.60860252380371,86800,0.0,0.0
2022-07-07 00:00:00-04:00,22.74065114047235,23.00474713377625,22.72178662694521,22.75951385498047,84100,0.0,0.0
2022-07-08 00:00:00-04:00,22.81610816345625,22.967020678714423,22.514283132939905,22.61803436279297,232600,0.0,0.0
2022-07-11 00:00:00-04:00,22.570874876406947,22.72178739166512,22.54257810516388,22.61803436279297,129200,0.0,0.0
2022-07-12 00:00:00-04:00,22.618032923994235,22.848176024289106,22.51428170074109,22.523712158203125,67700,0.0,0.0
2022-07-13 00:00:00-04:00,22.33507478656698,22.35393930152307,22.08040923171727,22.22188949584961,52200,0.0,0.0
2022-07-14 00:00:00-04:00,21.85404218678316,21.920066195359475,21.627673386370383,21.68426513671875,153700,0.0,0.0
2022-07-15 00:00:00-04:00,22.061548918810423,22.50485610961914,21.882341389651526,22.50485610961914,146400,0.0,0.0
2022-07-18 00:00:00-04:00,22.750085235456414,22.99531673504802,22.353939414472723,22.42939567565918,111900,0.0,0.0
2022-07-19 00:00:00-04:00,22.684057834969344,22.929291116306516,22.684057834969344,22.797243118286133,309300,0.0,0.0
2022-07-20 00:00:00-04:00,22.75008397911219,22.872699722136698,22.523713409034674,22.66519546508789,219800,0.0,0.0
2022-07-21 00:00:00-04:00,22.561438358578695,22.801954572156248,22.396378388380253,22.712350845336914,137000,0.0,0.0
2022-07-22 00:00:00-04:00,22.759514437097938,23.108500750199962,22.56144243705395,22.66519546508789,209600,0.0,0.0
2022-07-25 00:00:00-04:00,22.84440213219389,23.349016170238297,22.721786393564923,22.891563415527344,316700,0.0,0.0
2022-07-26 00:00:00-04:00,22.891564809263052,23.608400168404465,22.891564809263052,23.485782623291016,224300,0.0,0.0
2022-07-27 00:00:00-04:00,23.46691981765327,23.976250951639898,23.46691981765327,23.947954177856445,224300,0.0,0.0
2022-07-28 00:00:00-04:00,23.910224187426138,24.02340767146718,23.44805439638397,23.75931167602539,292100,0.0,0.0
2022-07-29 00:00:00-04:00,23.485783155890672,23.74044871011461,22.948157074097356,23.099069595336914,188300,0.0,0.0
2022-08-01 00:00:00-04:00,22.967016755215106,23.070767967344153,22.1935897968882,22.410526275634766,230500,0.0,0.0
2022-08-02 00:00:00-04:00,22.467121795201344,22.467121795201344,21.57107896282051,21.61823844909668,161600,0.0,0.0
2022-08-03 00:00:00-04:00,21.750283870381036,21.750283870381036,21.418276736765062,21.58993911743164,88500,0.0,0.0
2022-08-04 00:00:00-04:00,21.684260274343018,21.684260274343018,20.95799274481974,21.080610275268555,166200,0.0,0.0
2022-08-05 00:00:00-04:00,20.929702533385928,21.721994236789893,20.929702533385928,21.599376678466797,120700,0.0,0.0
2022-08-08 00:00:00-04:00,21.599375271556532,21.89292354657548,21.571915061297574,21.788761138916016,102700,0.09,0.0
2022-08-09 00:00:00-04:00,21.71300715319572,21.930799636376886,21.50468233787679,21.788761138916016,120900,0.0,0.0
2022-08-10 00:00:00-04:00,22.053900996647403,22.442140399310492,22.053900996647403,22.36638641357422,100500,0.0,0.0
2022-08-11 00:00:00-04:00,22.5747118678564,22.60312029287844,22.40426492995953,22.593650817871094,66900,0.0,0.0
2022-08-12 00:00:00-04:00,22.66940170861822,23.12392561004538,22.508424267764752,23.076580047607422,124400,0.0,0.0
2022-08-15 00:00:00-04:00,22.90613193044017,23.17126995596053,22.801969531204406,22.98188591003418,127400,0.0,0.0
2022-08-16 00:00:00-04:00,22.801967767422894,23.05763810607002,22.801967767422894,22.839845657348633,103800,0.0,0.0
2022-08-17 00:00:00-04:00,22.622053100444123,22.640992046828483,22.375852215799434,22.404260635375977,88600,0.0,0.0
2022-08-18 00:00:00-04:00,22.53683140353466,22.85878629268094,22.41373185468107,22.72621726989746,73500,0.0,0.0
2022-08-19 00:00:00-04:00,22.716748322326506,22.716748322326506,22.233815977417294,22.555770874023438,194700,0.0,0.0
2022-08-22 00:00:00-04:00,22.43267090880964,22.43267090880964,21.855045639172477,21.968677520751953,79200,0.0,0.0
2022-08-23 00:00:00-04:00,21.902388635572706,22.219609655131492,21.72247406949421,21.741411209106445,78800,0.0,0.0
2022-08-24 00:00:00-04:00,21.836102267435287,21.836102267435287,21.324763419213763,21.38157844543457,66300,0.0,0.0
2022-08-25 00:00:00-04:00,21.26795087932161,21.60884471768227,21.26795087932161,21.570968627929688,64600,0.0,0.0
2022-08-26 00:00:00-04:00,21.400523454334593,21.52362301371825,21.163792004189556,21.31529998779297,77100,0.0,0.0
2022-08-29 00:00:00-04:00,21.26795387792266,21.26795387792266,20.775553805009952,20.832368850708008,63500,0.0,0.0
2022-08-30 00:00:00-04:00,21.050157178175244,21.11644168599426,20.548287729764187,20.898649215698242,92300,0.0,0.0
2022-08-31 00:00:00-04:00,21.002810012101868,21.002810012101868,20.605101189464406,20.652446746826172,92100,0.0,0.0
2022-09-01 00:00:00-04:00,20.605102395563826,20.6098362291302,20.36363534297995,20.567224502563477,86000,0.0,0.0
2022-09-02 00:00:00-04:00,20.567224830566342,20.81342572064296,20.39677972769857,20.500940322875977,72200,0.0,0.0
2022-09-06 00:00:00-04:00,20.51987847586294,20.586162980989073,20.074824079932238,20.16004753112793,88700,0.0,0.0
2022-09-07 00:00:00-04:00,20.055883855644698,20.43465372230919,20.055883855644698,20.42518424987793,81800,0.0,0.0
2022-09-08 00:00:00-04:00,20.226331399536885,20.6145707511546,20.084291114603904,20.472532272338867,80000,0.0,0.0
2022-09-09 00:00:00-04:00,20.605105850701932,20.81342887878418,20.59563637586397,20.81342887878418,64700,0.0,0.0
2022-09-12 00:00:00-04:00,20.889180616509655,21.116442569736275,20.841835053548152,21.059627532958984,172300,0.0,0.0
2022-09-13 00:00:00-04:00,20.813423588973684,20.889177562306582,20.33996080411377,20.42518424987793,110900,0.0,0.0
2022-09-14 00:00:00-04:00,20.358902489794886,20.519879930563544,20.21686399643841,20.368371963500977,74400,0.0,0.0
2022-09-15 00:00:00-04:00,20.264209957752684,20.696955703440675,20.264209957752684,20.557756423950195,68400,0.0,0.0
2022-09-16 00:00:00-04:00,20.406252762857534,20.425191714641645,20.122175710567255,20.349437713623047,262700,0.0,0.0
2022-09-19 00:00:00-04:00,20.311556453268203,20.775549817331434,20.311556453268203,20.756610870361328,64700,0.0,0.0
2022-09-20 00:00:00-04:00,20.548288566709427,20.680857587747084,20.406248265749134,20.66191864013672,150700,0.0,0.0
2022-09-21 00:00:00-04:00,20.83236603305464,20.97440453114742,20.60510407488269,20.633512496948242,67000,0.0,0.0
2022-09-22 00:00:00-04:00,20.67139038848174,20.67139038848174,20.28315095033726,20.415719985961914,58300,0.0,0.0
2022-09-23 00:00:00-04:00,20.21686727707405,20.27368232241266,19.96119686387373,20.14111328125,71600,0.0,0.0
2022-09-26 00:00:00-04:00,20.074824303928246,20.444124725818707,20.04641588450693,20.093761444091797,82000,0.0,0.0
2022-09-27 00:00:00-04:00,20.221596191321396,20.221596191321396,19.639237151476422,19.72446060180664,59500,0.0,0.0
2022-09-28 00:00:00-04:00,19.601361942482853,19.894908392239127,19.47826059489265,19.705522537231445,111500,0.0,0.0
2022-09-29 00:00:00-04:00,19.46879434450166,19.46879434450166,19.241532364540667,19.440387725830078,63400,0.0,0.0
2022-09-30 00:00:00-04:00,19.298340991257444,19.686582109815422,19.175241470336914,19.175241470336914,131700,0.0,0.0
2022-10-03 00:00:00-04:00,19.232058464143794,19.554013313199953,19.080550512366457,19.393035888671875,85800,0.0,0.0
2022-10-04 00:00:00-04:00,19.58242303686538,20.11270090343571,19.58242303686538,20.10323143005371,77800,0.0,0.0
2022-10-05 00:00:00-04:00,19.81915699670518,20.03694949409109,19.733933531446763,19.970664978027344,56800,0.0,0.0
2022-10-06 00:00:00-04:00,19.790745991562634,19.942253953123284,19.771807044838212,19.885438919067383,39000,0.0,0.0
2022-10-07 00:00:00-04:00,19.724463711241192,19.733933185672605,19.30781586684686,19.42144775390625,73900,0.0,0.0
2022-10-10 00:00:00-04:00,19.33622137670143,19.6960523202906,19.33622137670143,19.582422256469727,47500,0.0,0.0
2022-10-11 00:00:00-04:00,19.506668459560686,19.629767997528475,19.269937050600284,19.478260040283203,55500,0.0,0.0
2022-10-12 00:00:00-04:00,19.38356453871995,19.74339724393107,19.298341098334003,19.57295036315918,102900,0.0,0.0
2022-10-13 00:00:00-04:00,19.449851600901525,20.65244567285502,19.402504239884678,20.595630645751953,96500,0.0,0.0
2022-10-14 00:00:00-04:00,20.76607803293457,20.785016977797092,20.30681855366295,20.42518424987793,82900,0.0,0.0
2022-10-17 00:00:00-04:00,20.614570662160205,20.917586563956895,20.52934721401523,20.652446746826172,84800,0.0,0.0
2022-10-18 00:00:00-04:00,20.945994982044297,20.945994982044297,20.557753825985397,20.652446746826172,64000,0.0,0.0
2022-10-19 00:00:00-04:00,20.586161173548586,20.851300976891473,20.245267398695894,20.595630645751953,63700,0.0,0.0
2022-10-20 00:00:00-04:00,20.51987926967819,20.699795652064445,20.38257461453822,20.500940322875977,113100,0.0,0.0
2022-10-21 00:00:00-04:00,20.614571048489964,21.05489160345179,20.595632102743433,20.983871459960938,64600,0.0,0.0
2022-10-24 00:00:00-04:00,21.154319801589175,21.41945964176404,21.02175078456044,21.372112274169922,64200,0.0,0.0
2022-10-25 00:00:00-04:00,21.400523942545718,21.79823286010703,21.38158499263383,21.72247886657715,83900,0.0,0.0
2022-10-26 00:00:00-04:00,21.788763588956595,22.05106244872494,21.523623706063123,21.618316650390625,81300,0.0,0.0
2022-10-27 00:00:00-04:00,21.77928679547517,21.845571292395707,21.523616473538446,21.589900970458984,188100,0.0,0.0
2022-10-28 00:00:00-04:00,22.205402737704766,22.41372568849868,21.883447937130644,22.17699432373047,123300,0.0,0.0
2022-10-31 00:00:00-04:00,21.70353559855039,22.21487450161219,21.70353559855039,21.892921447753906,101900,0.0,0.0
2022-11-01 00:00:00-04:00,22.03496431565263,22.063370934402794,21.713009391621203,21.72247886657715,76500,0.0,0.0
2022-11-02 00:00:00-04:00,21.570969155403926,22.07283864513212,21.372113809458444,21.400522232055664,104700,0.0,0.0
2022-11-03 00:00:00-04:00,21.32476840047932,21.32476840047932,20.69979754771174,21.25848388671875,77000,0.0,0.0
2022-11-04 00:00:00-04:00,21.428927848410556,21.798230100468338,21.32476724931716,21.7792911529541,74100,0.0,0.0
2022-11-07 00:00:00-05:00,21.959913898936808,21.959913898936808,21.503604442444573,21.82682228088379,63700,0.09,0.0
2022-11-08 00:00:00-05:00,21.9979387592618,22.073990335270857,21.75077068392921,21.78879737854004,67100,0.0,0.0
2022-11-09 00:00:00-05:00,21.62718660707451,21.62718660707451,21.237422070421598,21.29446029663086,59500,0.0,0.0
2022-11-10 00:00:00-05:00,21.788796559893047,22.52079408473555,21.731758333332436,22.35918426513672,97700,0.0,0.0
2022-11-11 00:00:00-05:00,22.340167117159925,22.454245364082205,21.807806195684474,21.92188262939453,60300,0.0,0.0
2022-11-14 00:00:00-05:00,21.9599104562193,22.093000240194858,21.703235747227318,21.741262435913086,141900,0.0,0.0
2022-11-15 00:00:00-05:00,21.9599104562193,22.126272686188745,21.684222402884433,21.741262435913086,78000,0.0,0.0
2022-11-16 00:00:00-05:00,21.798307168514008,21.874358755395527,21.521668909273156,21.646203994750977,77700,0.0,0.0
2022-11-17 00:00:00-05:00,21.494100895245538,21.598670694310854,21.265946133812765,21.40854263305664,64300,0.0,0.0
2022-11-18 00:00:00-05:00,21.807810195750278,21.807810195750278,21.380018957840026,21.522615432739258,129800,0.0,0.0
2022-11-21 00:00:00-05:00,21.52261890793166,21.684228755768792,21.465580671404684,21.570152282714844,43800,0.0,0.0
2022-11-22 00:00:00-05:00,21.589163130640085,21.723204886075532,21.43705996261225,21.465579986572266,72900,0.0,0.0
2022-11-23 00:00:00-05:00,21.389528723746288,21.483643534978626,21.284957114202093,21.380022048950195,85400,0.0,0.0
2022-11-25 00:00:00-05:00,21.465575436537147,21.465575436537147,21.303965628112234,21.322978973388672,89500,0.0,0.0
2022-11-28 00:00:00-05:00,21.341992641373377,21.341992641373377,20.885681413901086,20.999759674072266,54700,0.0,0.0
2022-11-29 00:00:00-05:00,20.92370638076933,21.16136774109627,20.90469303677223,21.113834381103516,102500,0.0,0.0
2022-11-30 00:00:00-05:00,21.17088024509571,21.807812938758012,20.662284938948883,21.66521644592285,238700,0.0,0.0
2022-12-01 00:00:00-05:00,21.82682379620977,21.8363304705316,21.46557923804385,21.598669052124023,104500,0.0,0.0
2022-12-02 00:00:00-05:00,21.351498049809123,21.560641229963828,21.24692827294425,21.541627883911133,87900,0.0,0.0
2022-12-05 00:00:00-05:00,21.513109658974603,21.72225285657136,21.01877531286552,21.189891815185547,124600,0.0,0.0
2022-12-06 00:00:00-05:00,21.10433082421834,21.303965508866302,20.885680981187974,21.28495216369629,95500,0.0,0.0
2022-12-07 00:00:00-05:00,21.28495534793327,21.63669503334933,21.142358864250472,21.456071853637695,135100,0.0,0.0
2022-12-08 00:00:00-05:00,21.69373319568439,21.75552566992981,21.470330890252015,21.65570831298828,85600,0.0,0.0
2022-12-09 00:00:00-05:00,21.446564131427596,21.788797126109777,21.446564131427596,21.674718856811523,91600,0.0,0.0
2022-12-12 00:00:00-05:00,21.912383386656444,22.102513258249097,21.437060520887645,22.083499908447266,167200,0.0,0.0
2022-12-13 00:00:00-05:00,22.53981028929365,23.400145362103878,22.140540807411735,22.577836990356445,294000,0.0,0.0
2022-12-14 00:00:00-05:00,22.425728766148612,22.84876574760671,22.035964234026828,22.16905403137207,206400,0.0,0.0
2022-12-15 00:00:00-05:00,21.90287573134253,21.90287573134253,21.189891523627672,21.313474655151367,173800,0.0,0.0
2022-12-16 00:00:00-05:00,21.15186001917303,21.522611142651982,21.037781774065248,21.49409294128418,286400,0.0,0.0
2022-12-19 00:00:00-05:00,21.37051123303222,21.71274420652325,21.37051123303222,21.703237533569336,96900,0.0,0.0
2022-12-20 00:00:00-05:00,21.636697394489417,21.788800568777933,21.38952928296736,21.40854263305664,157100,0.0,0.0
2022-12-21 00:00:00-05:00,21.56064236409134,22.10251006260903,21.51310899645926,21.91238021850586,72000,0.0,0.0
2022-12-22 00:00:00-05:00,21.779292237813344,21.779292237813344,21.313476075320022,21.598669052124023,59200,0.0,0.0
2022-12-23 00:00:00-05:00,21.627186103778747,21.95991240647938,21.56064120588112,21.77928924560547,55200,0.0,0.0
2022-12-27 00:00:00-05:00,21.836328659026673,21.836328659026673,21.551135705881798,21.636693954467773,40100,0.0,0.0
2022-12-28 00:00:00-05:00,21.703239031816384,21.722252379036767,21.437057610368807,21.47508430480957,53600,0.0,0.0
2022-12-29 00:00:00-05:00,21.589159941515693,22.0882503144206,21.589159941515693,22.04547119140625,122800,0.0,0.0
2022-12-30 00:00:00-05:00,21.91237816699966,22.054976443332823,21.7697817038789,21.836326599121094,67800,0.0,0.0
2023-01-03 00:00:00-05:00,21.91238353104104,22.046425290850497,21.437060662140254,21.608177185058594,90700,0.0,0.0
2023-01-04 00:00:00-05:00,21.779296538793396,21.912386379156175,21.551141749651592,21.58916664123535,73800,0.0,0.0
2023-01-05 00:00:00-05:00,21.532124895932846,21.56064491989286,21.189893674476608,21.465579986572266,83200,0.0,0.0
2023-01-06 00:00:00-05:00,21.570151025508785,22.06448540195193,21.570151025508785,21.950408935546875,89500,0.0,0.0
2023-01-09 00:00:00-05:00,22.083494930656645,22.083494930656645,21.64619886306143,21.712743759155273,52500,0.0,0.0
2023-01-10 00:00:00-05:00,21.807813769820832,22.059734310537014,21.693735483277685,21.883865356445312,64100,0.0,0.0
2023-01-11 00:00:00-05:00,21.893368098414918,22.05497791761133,21.81731652545264,21.845834732055664,70500,0.0,0.0
2023-01-12 00:00:00-05:00,21.940900044611336,22.178561441027497,21.912380024284875,22.035964965820312,151100,0.0,0.0
2023-01-13 00:00:00-05:00,21.8173160302281,22.11201564211607,21.693731093711783,22.054977416992188,59100,0.0,0.0
2023-01-17 00:00:00-05:00,22.073991060073954,22.088251977627575,21.864849672485004,21.931394577026367,88400,0.0,0.0
2023-01-18 00:00:00-05:00,21.988430612895066,21.988430612895066,21.437056270455518,21.503602981567383,65500,0.0,0.0
2023-01-19 00:00:00-05:00,21.3895237105796,21.53212017267432,21.208900558213013,21.484588623046875,62100,0.0,0.0
2023-01-20 00:00:00-05:00,21.712746696316593,21.81731829758837,21.446565262721474,21.769784927368164,82400,0.0,0.0
2023-01-23 00:00:00-05:00,21.798302427526234,22.073988690056954,21.789745877912754,21.940898895263672,58600,0.0,0.0
2023-01-24 00:00:00-05:00,21.779287311386536,21.955156213527424,21.63669085523954,21.741262435913086,33800,0.0,0.0
2023-01-25 00:00:00-05:00,21.712748780638705,21.845838603605927,21.570152282714844,21.570152282714844,54600,0.0,0.0
2023-01-26 00:00:00-05:00,21.684225530354095,21.74221569499999,21.49409749914044,21.674718856811523,89200,0.0,0.0
2023-01-27 00:00:00-05:00,22.454250402868848,23.385882677814422,22.454250402868848,23.043649673461914,119200,0.0,0.0
2023-01-30 00:00:00-05:00,22.977107677416765,23.290820700031535,22.92006944054486,23.062665939331055,75900,0.0,0.0
2023-01-31 00:00:00-05:00,23.18624333029215,23.604527860977637,23.18624333029215,23.576007843017578,113600,0.0,0.0
2023-02-01 00:00:00-05:00,23.557000923225505,24.032323769683714,23.423909293232526,23.718610763549805,141400,0.0,0.0
2023-02-02 00:00:00-05:00,23.7471272453203,24.374553211917583,23.7471272453203,24.34603500366211,90100,0.0,0.0
2023-02-03 00:00:00-05:00,24.707278364736922,24.716785038106313,24.365045376288972,24.526655197143555,104800,0.0,0.0
2023-02-06 00:00:00-05:00,24.602975999808724,24.602975999808724,24.24046507205176,24.269084930419922,60300,0.09,0.0
2023-02-07 00:00:00-05:00,24.106906860337414,24.574353580952852,24.001969210147912,24.41217803955078,78100,0.0,0.0
2023-02-08 00:00:00-05:00,24.259548238944813,24.269088193016696,23.95427698688526,24.10691261291504,46200,0.0,0.0
2023-02-09 00:00:00-05:00,23.99243097020326,24.135526618224375,23.830255417230028,23.858875274658203,65500,0.0,0.0
2023-02-10 00:00:00-05:00,23.782555559340892,24.05920688062997,23.74439575250944,24.01150894165039,47900,0.0,0.0
2023-02-13 00:00:00-05:00,23.916117170597726,24.259548238944813,23.916117170597726,24.10691261291504,97000,0.0,0.0
2023-02-14 00:00:00-05:00,24.10690708640477,24.1832248819238,23.86841374796284,23.897031784057617,59100,0.0,0.0
2023-02-15 00:00:00-05:00,23.696697739106362,24.021048817916075,23.59176009020918,23.887493133544922,57100,0.0,0.0
2023-02-16 00:00:00-05:00,23.62038270289507,23.925653913989038,23.458207144556408,23.811176300048828,172100,0.0,0.0
2023-02-17 00:00:00-05:00,23.973348186568064,24.021047943220644,23.720545844768214,23.935190200805664,65400,0.0,0.0
2023-02-21 00:00:00-05:00,23.696698213443906,23.734856201359587,23.372347128141648,23.467744827270508,109700,0.0,0.0
2023-02-22 00:00:00-05:00,23.591764683498887,23.830258063201608,23.343731350260843,23.687162399291992,108900,0.0,0.0
2023-02-23 00:00:00-05:00,23.811175538550042,23.963812958775517,23.701468814294145,23.706239700317383,56400,0.0,0.0
2023-02-24 00:00:00-05:00,23.496362935952213,23.591760635375977,23.334187392799745,23.591760635375977,60600,0.0,0.0
2023-02-27 00:00:00-05:00,23.696702301270243,23.763480156312102,23.45820892208641,23.563146591186523,83800,0.0,0.0
2023-02-28 00:00:00-05:00,23.60130155291815,23.687159303956417,23.477285812285015,23.515443801879883,182500,0.0,0.0
2023-03-01 00:00:00-05:00,23.41050910967744,23.858875971793797,23.324651354444107,23.83979606628418,90900,0.0,0.0
2023-03-02 00:00:00-05:00,23.610838543170825,23.658536479070552,23.372345224552937,23.620378494262695,68800,0.0,0.0
2023-03-03 00:00:00-05:00,23.66808091837821,23.773018580728653,23.381889609589678,23.753938674926758,85400,0.0,0.0
2023-03-06 00:00:00-05:00,23.77301911414239,23.77301911414239,23.18155475793233,23.334190368652344,98400,0.0,0.0
2023-03-07 00:00:00-05:00,23.27695220800543,23.27695220800543,22.72364767047176,22.962141036987305,69700,0.0,0.0
2023-03-08 00:00:00-05:00,23.01937869518038,23.01937869518038,22.671178602049658,22.866743087768555,71500,0.0,0.0
2023-03-09 00:00:00-05:00,22.80950772000921,22.80950772000921,20.892020642197174,21.741058349609375,201100,0.0,0.0
2023-03-10 00:00:00-05:00,21.54071979812384,21.779213153647603,20.639215205373603,21.140050888061523,129800,0.0,0.0
2023-03-13 00:00:00-04:00,20.10975733178644,20.14791713763158,18.75511515679875,18.840972900390625,342100,0.0,0.0
2023-03-14 00:00:00-04:00,19.69955356321697,20.376875734001406,19.337044412622035,19.470600128173828,546000,0.0,0.0
2023-03-15 00:00:00-04:00,19.279802892436326,19.575535977255083,18.507084893733097,19.441978454589844,313600,0.0,0.0
2023-03-16 00:00:00-04:00,19.222561859622655,20.729839618760103,18.898210788201713,20.21469497680664,236900,0.0,0.0
2023-03-17 00:00:00-04:00,20.13837792365857,20.176535911341404,19.709089189978215,19.737709045410156,334900,0.0,0.0
2023-03-20 00:00:00-04:00,20.02390039577879,20.405489371821595,19.823566865691227,19.861724853515625,165600,0.0,0.0
2023-03-21 00:00:00-04:00,20.32917322480865,20.682144193490355,20.2337755181736,20.529508590698242,140100,0.0,0.0
2023-03-22 00:00:00-04:00,20.558123344980082,20.653521036376013,19.85218333994557,19.92850112915039,147500,0.0,0.0
2023-03-23 00:00:00-04:00,20.090681670536313,20.090681670536313,19.604154960650327,19.823570251464844,155200,0.0,0.0
2023-03-24 00:00:00-04:00,19.546913333904733,20.500886664907757,19.499215395178474,20.405488967895508,170300,0.0,0.0
2023-03-27 00:00:00-04:00,20.74891958039739,20.97310389145619,20.577204092740413,20.64398193359375,106000,0.0,0.0
2023-03-28 00:00:00-04:00,20.624905397184968,20.853858791380752,20.51042779030716,20.729841232299805,90400,0.0,0.0
2023-03-29 00:00:00-04:00,20.777539612261105,20.82523755054654,20.348250889453347,20.61536407470703,106300,0.0,0.0
2023-03-30 00:00:00-04:00,20.682141681016894,20.682141681016894,20.090677427378797,20.21469497680664,131800,0.0,0.0
2023-03-31 00:00:00-04:00,20.271933692377143,20.62490463256836,20.033440354819763,20.62490463256836,191600,0.0,0.0
2023-04-03 00:00:00-04:00,20.60582526645906,20.720301052519716,20.224236280323854,20.481807708740234,129400,0.0,0.0
2023-04-04 00:00:00-04:00,20.36733191284725,20.36733191284725,19.728169679044402,19.899885177612305,109200,0.0,0.0
2023-04-05 00:00:00-04:00,19.63277150016802,19.63277150016802,19.346580222555332,19.556453704833984,109900,0.0,0.0
2023-04-06 00:00:00-04:00,19.394276973014605,19.532603537187555,19.174863552329025,19.232101440429688,100100,0.0,0.0
2023-04-10 00:00:00-04:00,19.184407544175787,19.47059886451562,19.184407544175787,19.327503204345703,74200,0.0,0.0
2023-04-11 00:00:00-04:00,19.356123719732746,19.58507714767053,19.27980409086005,19.4610595703125,75200,0.0,0.0
2023-04-12 00:00:00-04:00,19.57553542945597,19.65185323188902,19.08900875661032,19.127166748046875,66600,0.0,0.0
2023-04-13 00:00:00-04:00,19.098550150076754,19.317963621178436,19.0222323418866,19.24164581298828,63200,0.0,0.0
2023-04-14 00:00:00-04:00,19.470595492861968,19.551684171971107,18.840973241495746,18.907751083374023,96600,0.0,0.0
2023-04-17 00:00:00-04:00,18.83143403287395,19.21302301549129,18.697878343847826,19.193944931030273,56300,0.0,0.0
2023-04-18 00:00:00-04:00,19.32750121206128,19.32750121206128,18.602481213100933,18.745576858520508,126800,0.0,0.0
2023-04-19 00:00:00-04:00,18.8600508995257,19.131933120268826,18.62155759574685,18.993606567382812,65900,0.0,0.0
2023-04-20 00:00:00-04:00,18.774195059721322,18.94591054690507,18.592939621076294,18.840972900390625,59400,0.0,0.0
2023-04-21 00:00:00-04:00,18.850511898796924,18.917289736090037,18.62155853398072,18.7646541595459,60800,0.0,0.0
2023-04-24 00:00:00-04:00,18.812353488408803,19.098546580298553,18.716957610671955,18.72649574279785,58700,0.0,0.0
2023-04-25 00:00:00-04:00,18.592943271300825,18.745578885527898,18.239974095735736,18.28767204284668,91400,0.0,0.0
2023-04-26 00:00:00-04:00,18.22089413501656,18.507085455953348,18.00148066766102,18.16365623474121,96400,0.0,0.0
2023-04-27 00:00:00-04:00,18.17319484184473,18.60248365399165,18.17319484184473,18.325830459594727,72700,0.0,0.0
2023-04-28 00:00:00-04:00,19.1939468268797,19.1939468268797,18.335369256736392,18.459386825561523,139900,0.0,0.0
2023-05-01 00:00:00-04:00,18.4498447159724,18.65971819771939,18.163653439084708,18.36398696899414,109200,0.0,0.0
2023-05-02 00:00:00-04:00,18.287670863131297,18.287670863131297,17.095204066681838,17.228759765625,247200,0.0,0.0
2023-05-03 00:00:00-04:00,17.24784110380313,17.467254575881643,16.694536537071173,16.761314392089844,152500,0.0,0.0
2023-05-04 00:00:00-04:00,16.513279561308806,16.699304089000893,15.645163885705783,16.09353256225586,174100,0.0,0.0
2023-05-05 00:00:00-04:00,16.913946706293412,17.543568958606354,16.913946706293412,17.534029006958008,220800,0.0,0.0
2023-05-08 00:00:00-04:00,17.7449426867323,17.7449426867323,17.19850228743244,17.217674255371094,172700,0.09,0.0
2023-05-09 00:00:00-04:00,17.188914296451532,17.227260058404948,16.733546716479545,16.75751304626465,131500,0.0,0.0
2023-05-10 00:00:00-04:00,16.949244074683076,16.949244074683076,16.38363002390815,16.556190490722656,117600,0.0,0.0
2023-05-11 00:00:00-04:00,16.27817748146052,16.54660510189767,16.19189724019549,16.30693817138672,93000,0.0,0.0
2023-05-12 00:00:00-04:00,16.374043683823466,16.56577794868276,16.172724351383323,16.54660415649414,92100,0.0,0.0
2023-05-15 00:00:00-04:00,16.450736110978102,16.872550373147977,16.450736110978102,16.786270141601562,150800,0.0,0.0
2023-05-16 00:00:00-04:00,16.87255190451527,17.169738379862842,16.613711186383423,16.632884979248047,132800,0.0,0.0
2023-05-17 00:00:00-04:00,16.671229884202916,17.553204197238855,16.671229884202916,17.447751998901367,166400,0.0,0.0
2023-05-18 00:00:00-04:00,17.524446467532538,17.562792225259685,17.179325505420433,17.428579330444336,97300,0.0,0.0
2023-05-19 00:00:00-04:00,17.697004890135773,17.706591786571384,16.920484563986513,17.0163516998291,111900,0.0,0.0
2023-05-22 00:00:00-04:00,17.188908785281082,17.495682096604646,17.045109024162308,17.457334518432617,67600,0.0,0.0
2023-05-23 00:00:00-04:00,17.50526870317292,18.118815315726746,17.50526870317292,17.783281326293945,81800,0.0,0.0
2023-05-24 00:00:00-04:00,17.687422559766613,17.687422559766613,17.399821107725625,17.418994903564453,62900,0.0,0.0
2023-05-25 00:00:00-04:00,17.17932454196576,17.40940456096591,17.09304430627652,17.18891143798828,53100,0.0,0.0
2023-05-26 00:00:00-04:00,17.169734996195068,17.462128879960705,17.102628562907185,17.457334518432617,48400,0.0,0.0
2023-05-30 00:00:00-04:00,17.43816406275059,17.534031187940705,17.208084059402314,17.3039493560791,60200,0.0,0.0
2023-05-31 00:00:00-04:00,17.17932505898881,17.24643150465262,16.767097660181406,16.987590789794922,132700,0.0,0.0
2023-06-01 00:00:00-04:00,17.05469888862777,17.409404905922063,16.867757155254655,17.150564193725586,60100,0.0,0.0
2023-06-02 00:00:00-04:00,17.457337631774536,18.166753326368948,17.36147232627418,18.10923194885254,95000,0.0,0.0
2023-06-05 00:00:00-04:00,17.994192441527044,17.994192441527044,17.466924130701546,17.572378158569336,65700,0.0,0.0
2023-06-06 00:00:00-04:00,17.4381651503712,18.809060189106745,17.4381651503712,18.50228500366211,137200,0.0,0.0
2023-06-07 00:00:00-04:00,18.741953294847814,19.230874054084747,18.48311439873356,18.991207122802734,160000,0.0,0.0
2023-06-08 00:00:00-04:00,19.010381861189416,19.010381861189416,18.439975194647158,18.65567398071289,108100,0.0,0.0
2023-06-09 00:00:00-04:00,18.66525723345256,18.66525723345256,18.16195711671292,18.30096435546875,104100,0.0,0.0
2023-06-12 00:00:00-04:00,18.36807310959209,18.674846483098786,18.137993079462067,18.1667537689209,67600,0.0,0.0
2023-06-13 00:00:00-04:00,18.30096553272726,18.823439473631716,18.25303288176897,18.761125564575195,105000,0.0,0.0
2023-06-14 00:00:00-04:00,18.856992840434707,19.067899066196542,18.37765901310135,18.50228500366211,70500,0.0,0.0
2023-06-15 00:00:00-04:00,18.281791383322723,18.741951406169324,18.267411954019202,18.70360565185547,82000,0.0,0.0
2023-06-16 00:00:00-04:00,18.87616504092213,18.87616504092213,18.26261655027456,18.27220344543457,149400,0.0,0.0
2023-06-20 00:00:00-04:00,18.27220379728647,18.27220379728647,17.917497812102305,18.042123794555664,74000,0.0,0.0
2023-06-21 00:00:00-04:00,17.955846267534113,18.003780751471897,17.725766230173548,17.773700714111328,84700,0.0,0.0
2023-06-22 00:00:00-04:00,17.716181425011044,17.716181425011044,17.371062242481194,17.418994903564453,76300,0.0,0.0
2023-06-23 00:00:00-04:00,17.275189007654983,17.629894963180416,16.93006811815939,17.457334518432617,253600,0.0,0.0
2023-06-26 00:00:00-04:00,17.50527054968511,17.735350553662375,17.150562734066,17.208084106445312,70900,0.0,0.0
2023-06-27 00:00:00-04:00,17.15056194387919,17.572376179326373,17.030728499713433,17.38064193725586,78000,0.0,0.0
2023-06-28 00:00:00-04:00,17.351885966560257,17.390231724243392,17.12180593492079,17.332712173461914,69200,0.0,0.0
2023-06-29 00:00:00-04:00,17.45733801242372,17.725765627812745,17.45733801242372,17.591552734375,43600,0.0,0.0
2023-06-30 00:00:00-04:00,17.73535211089403,17.73535211089403,17.256018270059055,17.34229850769043,85600,0.0,0.0
2023-07-03 00:00:00-04:00,17.476508610563883,17.792868821916187,17.476508610563883,17.67782974243164,31000,0.0,0.0
2023-07-05 00:00:00-04:00,17.581964832188685,17.74014404347592,17.438165050514808,17.543617248535156,79400,0.0,0.0
2023-07-06 00:00:00-04:00,17.371060323535243,17.371060323535243,16.93965910738669,17.3231258392334,81200,0.0,0.0
2023-07-07 00:00:00-04:00,17.256016549338202,17.773697923504738,17.256016549338202,17.466922760009766,111100,0.0,0.0
2023-07-10 00:00:00-04:00,17.40940187423075,17.831216091557234,17.265602113111974,17.457334518432617,74800,0.0,0.0
2023-07-11 00:00:00-04:00,17.524446266743574,17.70659181375929,17.31353820186333,17.495685577392578,61100,0.0,0.0
2023-07-12 00:00:00-04:00,17.80245895486248,18.16675370602561,17.68166735087796,17.879152297973633,75800,0.0,0.0
2023-07-13 00:00:00-04:00,17.975019081019532,18.358485789045247,17.91749953194405,18.20509910583496,88500,0.0,0.0
2023-07-14 00:00:00-04:00,18.32972690563845,18.32972690563845,17.8551855979523,18.10923194885254,45000,0.0,0.0
2023-07-17 00:00:00-04:00,18.01336555501491,18.468731214169665,18.01336555501491,18.224271774291992,67500,0.0,0.0
2023-07-18 00:00:00-04:00,18.22427240974386,18.789886474609375,18.22427240974386,18.789886474609375,86200,0.0,0.0
2023-07-19 00:00:00-04:00,18.895341130727708,19.269222809595533,18.75154132893871,19.163768768310547,84600,0.0,0.0
2023-07-20 00:00:00-04:00,19.12541785783327,19.12541785783327,18.76112317431487,18.962444305419922,83800,0.0,0.0
2023-07-21 00:00:00-04:00,19.115833770257147,19.115833770257147,18.751539033243276,18.818645477294922,89200,0.0,0.0
2023-07-24 00:00:00-04:00,18.789882844704316,19.47053587314513,18.789882844704316,19.365083694458008,139900,0.0,0.0
2023-07-25 00:00:00-04:00,19.355501920190434,19.48971481684662,19.09666119505615,19.182941436767578,73500,0.0,0.0
2023-07-26 00:00:00-04:00,19.432195634883847,19.834836161025724,19.432195634883847,19.71979522705078,105700,0.0,0.0
2023-07-27 00:00:00-04:00,19.949872185426372,19.949872185426372,19.451366424560547,19.451366424560547,115200,0.0,0.0
2023-07-28 00:00:00-04:00,20.333339453851245,21.819275370095692,20.333339453851245,21.234487533569336,177400,0.0,0.0
2023-07-31 00:00:00-04:00,21.339943513383925,21.536470321432166,20.937303000734662,21.042757034301758,140700,0.0,0.0
2023-08-01 00:00:00-04:00,21.10027689129053,21.166425198505145,20.755155924436387,20.81267547607422,118500,0.0,0.0
2023-08-02 00:00:00-04:00,20.582594885019958,20.87498882642711,20.411952516946194,20.822261810302734,85700,0.0,0.0
2023-08-03 00:00:00-04:00,20.745564928895742,21.23448559250172,20.707219178217958,20.94688606262207,210900,0.0,0.0
2023-08-04 00:00:00-04:00,20.985235083391515,21.713822744936117,20.985235083391515,21.339942932128906,122900,0.0,0.0
2023-08-07 00:00:00-04:00,21.320690703382166,21.89822672033656,21.282189281417946,21.686464309692383,210000,0.09,0.0
2023-08-08 00:00:00-04:00,21.397692263485112,21.70571093803561,21.147426631428804,21.50357437133789,283800,0.0,0.0
2023-08-09 00:00:00-04:00,21.42657458013219,21.479515646109803,21.272565207799065,21.359195709228516,159300,0.0,0.0
2023-08-10 00:00:00-04:00,21.426572140356786,21.628708730051166,21.1859322939951,21.253311157226562,129800,0.0,0.0
2023-08-11 00:00:00-04:00,21.18593318230597,21.38806978047579,21.18593318230597,21.30143928527832,170600,0.0,0.0
2023-08-14 00:00:00-04:00,21.20518361281388,21.20518361281388,20.82978420953235,20.858661651611328,118700,0.0,0.0
2023-08-15 00:00:00-04:00,20.589145917766263,20.733531303102133,20.31963044847038,20.560270309448242,112900,0.0,0.0
2023-08-16 00:00:00-04:00,20.589143870367256,20.690213997239166,20.454386149119717,20.492889404296875,113000,0.0,0.0
2023-08-17 00:00:00-04:00,20.6276458152604,20.74796572614182,20.415881597109973,20.666147232055664,175500,0.0,0.0
2023-08-18 00:00:00-04:00,20.49289201377454,20.743155860548573,20.46401456871454,20.569896697998047,96600,0.0,0.0
2023-08-21 00:00:00-04:00,20.512139010260597,20.545828440267506,19.958668491621236,20.165618896484375,124600,0.0,0.0
2023-08-22 00:00:00-04:00,20.088614220031783,20.24262356745277,19.79021950295941,19.809471130371094,160800,0.0,0.0
2023-08-23 00:00:00-04:00,19.886473357785235,20.232995264823852,19.674710990114978,20.155990600585938,94700,0.0,0.0
2023-08-24 00:00:00-04:00,20.194494685014597,20.444760335863943,20.021233708585335,20.136741638183594,70900,0.0,0.0
2023-08-25 00:00:00-04:00,20.27150210441577,20.35813260436111,19.905730310374953,20.021236419677734,60600,0.0,0.0
2023-08-28 00:00:00-04:00,20.040484815783167,20.415882364341112,19.993319614570023,20.387006759643555,81700,0.0,0.0
2023-08-29 00:00:00-04:00,20.36775779724121,20.444762479736138,20.25225169146704,20.36775779724121,58800,0.0,0.0
2023-08-30 00:00:00-04:00,20.358127629411637,20.42550648269553,20.194492484606734,20.261871337890625,113200,0.0,0.0
2023-08-31 00:00:00-04:00,20.387006759643555,20.56026773157375,20.338877691920604,20.387006759643555,97200,0.0,0.0
2023-09-01 00:00:00-04:00,20.54102082456631,21.031926412527376,20.54102082456631,20.95492172241211,86200,0.0,0.0
2023-09-05 00:00:00-04:00,20.80090678067943,21.05117241562512,20.646897441626102,20.666147232055664,100800,0.0,0.0
2023-09-06 00:00:00-04:00,20.56026781995848,20.675773911117677,20.117489574684985,20.194494247436523,80900,0.0,0.0
2023-09-07 00:00:00-04:00,20.18486761607295,20.194493429268938,19.732465411478504,19.953853607177734,127100,0.0,0.0
2023-09-08 00:00:00-04:00,19.94423008985666,20.021234768352773,19.722841868672383,19.992359161376953,84600,0.0,0.0
2023-09-11 00:00:00-04:00,20.15599541509607,20.300378965537963,19.737280732097194,19.847976684570312,82800,0.0,0.0
2023-09-12 00:00:00-04:00,19.799848556518555,20.050114246012747,19.64583918389698,19.799848556518555,65300,0.0,0.0
2023-09-13 00:00:00-04:00,20.011611314898946,20.011611314898946,19.46295090079413,19.482202529907227,131000,0.0,0.0
2023-09-14 00:00:00-04:00,19.655462972994428,19.85759956524679,19.42444893787615,19.732467651367188,68900,0.0,0.0
2023-09-15 00:00:00-04:00,19.588085875595134,19.84797737701941,19.588085875595134,19.665090560913086,586900,0.0,0.0
2023-09-18 00:00:00-04:00,19.645837093210606,19.655462907467154,19.193434838770905,19.212684631347656,96000,0.0,0.0
2023-09-19 00:00:00-04:00,19.337817341161237,19.34744315490031,19.07792587801502,19.097177505493164,87300,0.0,0.0
2023-09-20 00:00:00-04:00,19.20306090916539,19.328192824296885,19.077927158097523,19.183809280395508,81100,0.0,0.0
2023-09-21 00:00:00-04:00,19.039426675619296,19.299316333086363,18.93354454809865,19.13568115234375,73300,0.0,0.0
2023-09-22 00:00:00-04:00,19.106803271698183,19.135678876907317,18.789158762844014,18.8372859954834,102200,0.0,0.0
2023-09-25 00:00:00-04:00,18.798782959579608,19.05867256378859,18.721778292418414,18.972042083740234,60900,0.0,0.0
2023-09-26 00:00:00-04:00,18.81803361192098,19.05867343732118,18.789158007872107,18.856536865234375,53900,0.0,0.0
2023-09-27 00:00:00-04:00,18.962417490524338,19.010544717459954,18.6062697690183,18.798782348632812,77400,0.0,0.0
2023-09-28 00:00:00-04:00,18.856538333305668,19.14530541189333,18.827660891072377,18.914291381835938,46800,0.0,0.0
2023-09-29 00:00:00-04:00,19.07792418956291,19.203057921159903,18.9046632294662,18.972042083740234,71700,0.0,0.0
2023-10-02 00:00:00-04:00,18.89503687095768,19.07792363866043,18.577392398598178,18.60626983642578,63500,0.0,0.0
2023-10-03 00:00:00-04:00,18.587020322743687,18.611083939032365,18.240500209126985,18.3175048828125,87100,0.0,0.0
2023-10-04 00:00:00-04:00,18.36563371681671,18.47151584084298,18.201998541474474,18.442638397216797,66500,0.0,0.0
2023-10-05 00:00:00-04:00,18.510014542062848,18.86134845948743,18.471513125490794,18.81803321838379,92500,0.0,0.0
2023-10-06 00:00:00-04:00,18.712153813451277,19.077925549557445,18.673650559157885,18.70252799987793,72000,0.0,0.0
2023-10-09 00:00:00-04:00,18.62552139416696,18.923914240227028,18.462848282752056,18.798782348632812,75800,0.0,0.0
2023-10-10 00:00:00-04:00,18.923917195913702,19.135679597815567,18.914291381835938,18.914291381835938,86900,0.0,0.0
2023-10-11 00:00:00-04:00,19.049049699082765,19.260812087156516,18.976857016181885,19.08755111694336,81000,0.0,0.0
2023-10-12 00:00:00-04:00,19.039427376924376,19.087554617059336,18.837288929297173,19.049053192138672,76600,0.0,0.0
2023-10-13 00:00:00-04:00,19.212684585438303,19.2319362139054,18.692903468381143,18.789159774780273,81300,0.0,0.0
2023-10-16 00:00:00-04:00,18.952797123754866,19.087554866644044,18.808413565525523,18.923919677734375,66500,0.0,0.0
2023-10-17 00:00:00-04:00,18.895039522774546,19.289690551394795,18.895039522774546,19.039424896240234,174500,0.0,0.0
2023-10-18 00:00:00-04:00,18.962420945498174,19.029799809858947,18.707341455642784,18.760282516479492,77100,0.0,0.0
2023-10-19 00:00:00-04:00,18.721779051159928,18.89503818234226,18.59664531449161,18.692901611328125,74100,0.0,0.0
2023-10-20 00:00:00-04:00,18.721781157773552,18.83728725822543,18.134619333344695,18.144245147705078,118300,0.0,0.0
2023-10-23 00:00:00-04:00,18.009485195257252,18.317505740355692,18.009485195257252,18.105741500854492,72900,0.0,0.0
2023-10-24 00:00:00-04:00,18.11536736479256,18.35119522235709,17.876653415316785,18.009485244750977,68100,0.0,0.0
2023-10-25 00:00:00-04:00,17.836224891372602,18.01910984061471,17.70146533790301,17.922855377197266,95300,0.0,0.0
2023-10-26 00:00:00-04:00,18.00948353786434,18.34637965848235,18.00948353786434,18.336753845214844,77900,0.0,0.0
2023-10-27 00:00:00-04:00,18.471511824018368,18.538890675224156,17.932477342500075,18.019107818603516,106900,0.0,0.0
2023-10-30 00:00:00-04:00,18.211623339242898,18.51964204364625,18.211623339242898,18.327131271362305,156200,0.0,0.0
2023-10-31 00:00:00-04:00,18.384882190495944,18.44263523189973,18.240498669018432,18.259748458862305,109500,0.0,0.0
2023-11-01 00:00:00-04:00,18.336758739014048,18.57739862711626,18.240504252522477,18.452266693115234,117600,0.0,0.0
2023-11-02 00:00:00-04:00,18.712153907707265,18.962419554066305,18.68327646684176,18.86616325378418,125800,0.0,0.0
2023-11-03 00:00:00-04:00,19.35706818714054,19.684338497311206,18.93931743459904,19.376317977905273,113500,0.0,0.0
2023-11-06 00:00:00-05:00,19.385987313260806,19.724396451066006,19.308636811263742,19.531021118164062,97300,0.09,0.0
2023-11-07 00:00:00-05:00,19.39565316824537,19.424660293294075,19.20227786713076,19.3376407623291,77100,0.0,0.0
2023-11-08 00:00:00-05:00,19.327977123334957,19.327977123334957,19.01857507972049,19.105594635009766,59200,0.0,0.0
2023-11-09 00:00:00-05:00,19.134599987639415,19.134599987639415,18.709171295166016,18.709171295166016,71500,0.0,0.0
2023-11-10 00:00:00-05:00,18.747846538509922,18.921885641374573,18.62215265543077,18.854204177856445,71100,0.0,0.0
2023-11-13 00:00:00-05:00,18.805861083649106,18.941224012710826,18.612483889976712,18.90254783630371,88900,0.0,0.0
2023-11-14 00:00:00-05:00,19.598702793307783,20.270685632611688,19.598702793307783,20.159494400024414,161000,0.0,0.0
2023-11-15 00:00:00-05:00,20.130488462809296,20.60426055137112,20.101483175134664,20.35287094116211,115400,0.0,0.0
2023-11-16 00:00:00-05:00,20.28518611111445,20.420550859796435,20.004791259765625,20.004791259765625,120100,0.0,0.0
2023-11-17 00:00:00-05:00,20.285189605919044,20.439890621766956,20.1739983660397,20.24651527404785,116800,0.0,0.0
2023-11-20 00:00:00-05:00,20.323864622888863,20.323864622888863,20.043467895042234,20.1304874420166,93000,0.0,0.0
2023-11-21 00:00:00-05:00,20.09181330476022,20.09181330476022,19.618041235685727,19.627708435058594,96300,0.0,0.0
2023-11-22 00:00:00-05:00,19.898436061079018,20.04346802558708,19.676053592554556,19.734066009521484,103900,0.0,0.0
2023-11-24 00:00:00-05:00,19.801746368408203,19.985454496795214,19.685721540929006,19.801746368408203,33000,0.0,0.0
2023-11-27 00:00:00-05:00,19.6567149343211,19.68088662033982,19.308636754271003,19.347312927246094,80100,0.0,0.0
2023-11-28 00:00:00-05:00,19.424662499248846,19.49717939801539,19.231285331992297,19.385986328125,96400,0.0,0.0
2023-11-29 00:00:00-05:00,19.482673079032885,19.850089293421497,19.482673079032885,19.569692611694336,116200,0.0,0.0
2023-11-30 00:00:00-05:00,19.72439780732236,19.72439780732236,19.23128763161661,19.32797622680664,236800,0.0,0.0
2023-12-01 00:00:00-05:00,19.376321805015632,20.46889797158888,19.376321805015632,20.401216506958008,122600,0.0,0.0
2023-12-04 00:00:00-05:00,20.217511586304088,20.77830332533578,20.20784254064366,20.749296188354492,105100,0.0,0.0
2023-12-05 00:00:00-05:00,20.69127817025798,20.874986299826336,20.478564755723994,20.642934799194336,66800,0.0,0.0
2023-12-06 00:00:00-05:00,21.020017675854668,21.609816376262494,20.836309551367066,20.913660049438477,98700,0.0,0.0
2023-12-07 00:00:00-05:00,20.720286153268333,21.16505108676266,20.691279022925954,21.078031539916992,75500,0.0,0.0
2023-12-08 00:00:00-05:00,21.058696617712158,21.32652157685702,21.058696617712158,21.16505241394043,55000,0.0,0.0
2023-12-11 00:00:00-05:00,21.281079098404057,21.348760562598844,21.14571617001448,21.16505241394043,72000,0.0,0.0
2023-12-12 00:00:00-05:00,21.20372980533248,21.35359538630065,21.145717381866792,21.17472267150879,75800,0.0,0.0
2023-12-13 00:00:00-05:00,21.22306559575597,22.18994782163676,21.09736987364983,22.180278778076172,167300,0.0,0.0
2023-12-14 00:00:00-05:00,22.286635721907192,23.2631870418717,22.286635721907192,22.847427368164062,200000,0.0,0.0
2023-12-15 00:00:00-05:00,22.924777547580135,23.006963498827297,22.238292026744308,22.615375518798828,306100,0.0,0.0
2023-12-18 00:00:00-05:00,22.66371952164849,22.847425813761163,22.426832568728567,22.60570526123047,164900,0.0,0.0
2023-12-19 00:00:00-05:00,22.712066970635266,23.195508162460236,22.712066970635266,23.127826690673828,112800,0.0,0.0
2023-12-20 00:00:00-05:00,23.13749269475754,23.630602866909353,22.750740160966377,22.82809066772461,123400,0.0,0.0
2023-12-21 00:00:00-05:00,22.94411490847953,23.166497379097592,22.789413898990315,23.09881591796875,99000,0.0,0.0
2023-12-22 00:00:00-05:00,23.292194083943336,23.466233188001745,23.137493067931768,23.243850708007812,102100,0.0,0.0
2023-12-26 00:00:00-05:00,23.359876045482547,23.707954261013302,23.253518403141122,23.446895599365234,84900,0.0,0.0
2023-12-27 00:00:00-05:00,23.543585207583472,23.543585207583472,23.292195579379232,23.301864624023438,64200,0.0,0.0
2023-12-28 00:00:00-05:00,23.234181427149114,23.475901992725934,23.176167163599953,23.272855758666992,68000,0.0,0.0
2023-12-29 00:00:00-05:00,23.19550476099898,23.19550476099898,22.731401727508157,22.77974510192871,92900,0.0,0.0
2024-01-02 00:00:00-05:00,22.586370683560887,23.10848615654058,22.567032595329373,22.741071701049805,100400,0.0,0.0
2024-01-03 00:00:00-05:00,22.615377534910895,22.85709812196785,22.17061253993332,22.325313568115234,107400,0.0,0.0
2024-01-04 00:00:00-05:00,22.431668366534698,22.7217322964767,22.325310731604603,22.363985061645508,62200,0.0,0.0
2024-01-05 00:00:00-05:00,22.131933954153574,22.74107080004087,22.131933954153574,22.305973052978516,203800,0.0,0.0
2024-01-08 00:00:00-05:00,22.296303316333887,22.37365381960984,22.06425180650604,22.315641403198242,75300,0.0,0.0
2024-01-09 00:00:00-05:00,22.035249295033573,22.16094318711611,21.8612101797026,22.09326171875,67500,0.0,0.0
2024-01-10 00:00:00-05:00,22.04491366578474,22.141602255688827,21.928888833245004,22.131933212280273,62200,0.0,0.0
2024-01-11 00:00:00-05:00,21.928889991354634,22.03524763028424,21.66783133808099,21.957895278930664,87200,0.0,0.0
2024-01-12 00:00:00-05:00,22.28663470452115,22.28663470452115,21.638823535471033,21.783857345581055,54000,0.0,0.0
2024-01-16 00:00:00-05:00,21.48412283557943,21.561473341468282,21.22306603081802,21.358428955078125,59900,0.0,0.0
2024-01-17 00:00:00-05:00,21.02002007895315,21.42127710144667,21.02002007895315,21.40677261352539,73000,0.0,0.0
2024-01-18 00:00:00-05:00,21.551806537534567,21.552772888673726,21.310085971671764,21.48412322998047,42000,0.0,0.0
2024-01-19 00:00:00-05:00,21.60015239813417,21.89988541791752,21.397106140474513,21.870880126953125,79600,0.0,0.0
2024-01-22 00:00:00-05:00,22.073921072303065,22.480011679637975,22.073921072303065,22.4703426361084,77400,0.0,0.0
2024-01-23 00:00:00-05:00,22.663721596725704,22.663721596725704,22.209285736083984,22.209285736083984,66500,0.0,0.0
2024-01-24 00:00:00-05:00,22.392994242333565,22.712065332152502,22.34465086431135,22.625045776367188,59500,0.0,0.0
2024-01-25 00:00:00-05:00,22.895772149001324,22.895772149001324,22.19478214358981,22.53802490234375,97200,0.0,0.0
2024-01-26 00:00:00-05:00,22.634709829035387,22.634709829035387,21.53246482441518,21.74517822265625,145500,0.0,0.0
2024-01-29 00:00:00-05:00,21.81286475076091,21.96756577533369,21.658163726188125,21.938560485839844,90800,0.0,0.0
2024-01-30 00:00:00-05:00,21.977234193192455,21.986903237475243,21.696839285718116,21.84187126159668,199100,0.0,0.0
2024-01-31 00:00:00-05:00,21.455119854038834,21.909553894446343,20.96200963444002,21.116710662841797,176400,0.0,0.0
2024-02-01 00:00:00-05:00,21.194058171677643,21.368097264995942,20.304526462414145,20.710617065429688,156800,0.0,0.0
2024-02-02 00:00:00-05:00,20.275518995833778,20.734788407987953,20.246513710216135,20.478565216064453,133300,0.0,0.0
2024-02-05 00:00:00-05:00,20.18726347325447,20.36689949042275,20.022191987949427,20.24552345275879,107600,0.09,0.0
2024-02-06 00:00:00-05:00,20.23581315665297,20.39117433676901,19.78914837478085,19.93480110168457,141700,0.0,0.0
2024-02-07 00:00:00-05:00,19.973642374329717,19.993062986707994,19.43958849828782,19.827991485595703,85200,0.0,0.0
2024-02-08 00:00:00-05:00,19.769729570149718,19.944511360385047,19.701759285514058,19.86682891845703,115300,0.0,0.0
2024-02-09 00:00:00-05:00,19.97364231512557,20.22610471914025,19.63378900771921,20.19697380065918,236500,0.0,0.0
2024-02-12 00:00:00-05:00,20.196975628453472,20.954362909039865,20.196975628453472,20.701900482177734,133300,0.0,0.0
2024-02-13 00:00:00-05:00,20.041612628954784,20.226104742107996,19.740600545848036,19.954221725463867,164500,0.0,0.0
2024-02-14 00:00:00-05:00,20.187263477599164,20.391174331933854,19.900815954568515,20.332914352416992,155200,0.0,0.0
2024-02-15 00:00:00-05:00,20.507696149181214,21.027185442486758,20.507696149181214,20.828128814697266,123800,0.0,0.0
2024-02-16 00:00:00-05:00,20.633926369534574,20.828128770303675,20.483419416335952,20.682476043701172,91500,0.0,0.0
2024-02-20 00:00:00-05:00,20.391176240912547,20.6290741119592,20.25523565862962,20.420307159423828,91900,0.0,0.0
2024-02-21 00:00:00-05:00,20.449434280395508,20.478565196135378,20.22610281587724,20.449434280395508,74400,0.0,0.0
2024-02-22 00:00:00-05:00,20.35233307998063,20.493129727979635,20.172697063046492,20.449434280395508,130600,0.0,0.0
2024-02-23 00:00:00-05:00,20.488271730117628,20.68247224314965,20.24551969978934,20.507692337036133,91500,0.0,0.0
2024-02-26 00:00:00-05:00,20.43972591205151,20.614507718950634,20.21639442636998,20.313495635986328,87500,0.0,0.0
2024-02-27 00:00:00-05:00,20.381464026672482,20.565956122535788,20.095016503641833,20.332914352416992,104000,0.0,0.0
2024-02-28 00:00:00-05:00,20.090164194254466,20.3270897386775,20.012483596801758,20.012483596801758,103800,0.0,0.0
2024-02-29 00:00:00-05:00,20.35233501817095,20.740739856818966,20.08045385357918,20.235815048217773,105600,0.0,0.0
2024-03-01 00:00:00-05:00,20.109582906725702,20.255235647148023,19.755165065937877,20.119293212890625,109400,0.0,0.0
2024-03-04 00:00:00-05:00,20.196971915429458,20.52226065925788,20.03190043021459,20.148422241210938,97300,0.0,0.0
2024-03-05 00:00:00-05:00,20.109582897521005,20.692188302789035,20.109582897521005,20.478567123413086,103500,0.0,0.0
2024-03-06 00:00:00-05:00,20.430013603732974,20.701894716905464,19.97363856024856,20.362041473388672,119700,0.0,0.0
2024-03-07 00:00:00-05:00,20.60479738785634,20.738797019923762,20.33291622372132,20.45914649963379,71400,0.0,0.0
2024-03-08 00:00:00-05:00,20.64363288136365,20.78928372915042,20.49798203357688,20.507692337036133,51100,0.0,0.0
2024-03-11 00:00:00-04:00,20.439725887323707,20.565958015287706,20.41739385001349,20.45914649963379,51200,0.0,0.0
2024-03-12 00:00:00-04:00,20.36204146063867,20.45914265187569,20.192115765012264,20.27465057373047,69300,0.0,0.0
2024-03-13 00:00:00-04:00,20.255233753620946,20.527114892616325,19.983350762574208,20.158132553100586,87300,0.0,0.0
2024-03-14 00:00:00-04:00,20.02219389195975,20.02219389195975,19.61437029254481,19.711469650268555,93600,0.0,0.0
2024-03-15 00:00:00-04:00,19.633789069886905,20.065889361159073,19.633789069886905,19.7406005859375,218500,0.0,0.0
2024-03-18 00:00:00-04:00,19.62407878568535,19.73089030185563,19.38132668679037,19.400747299194336,62600,0.0,0.0
2024-03-19 00:00:00-04:00,19.391035117435013,19.68233871916418,19.391035117435013,19.5269775390625,41600,0.0,0.0
2024-03-20 00:00:00-04:00,19.420166026233588,20.478565222827427,19.38618088385179,20.24552345275879,92800,0.0,0.0
2024-03-21 00:00:00-04:00,20.274654413237812,20.459146526321184,20.172698976554187,20.41059684753418,78600,0.0,0.0
2024-03-22 00:00:00-04:00,20.488277460346506,20.488277460346506,20.061033248901367,20.061033248901367,70700,0.0,0.0
2024-03-25 00:00:00-04:00,20.14842034385927,20.29407120485043,20.051319152514775,20.090160369873047,76300,0.0,0.0
2024-03-26 00:00:00-04:00,20.17755313001503,20.24552341465069,19.750308959667713,19.86682891845703,88600,0.0,0.0
2024-03-27 00:00:00-04:00,19.905671992179254,21.022331270110712,19.905671992179254,20.983491897583008,162300,0.0,0.0
2024-03-28 00:00:00-04:00,21.0320415289855,21.090301513671875,20.83783911062888,21.090301513671875,138600,0.0,0.0
2024-04-01 00:00:00-04:00,21.129136942020224,21.129136942020224,20.478561426658374,20.507692337036133,104800,0.0,0.0
2024-04-02 00:00:00-04:00,20.17755508032209,20.371755647758963,20.109582937065078,20.26494598388672,80000,0.0,0.0
2024-04-03 00:00:00-04:00,20.022193876252643,20.23581505594945,19.978498424490624,20.061033248901367,85900,0.0,0.0
2024-04-04 00:00:00-04:00,20.323202100161332,20.420303291421227,20.02219007410173,20.138710021972656,61700,0.0,0.0
2024-04-05 00:00:00-04:00,20.002771340102306,20.226102804494893,19.973640424378832,20.109580993652344,52200,0.0,0.0
2024-04-08 00:00:00-04:00,20.25523564727284,20.468856826747885,20.206684116447924,20.40088653564453,56000,0.0,0.0
2024-04-09 00:00:00-04:00,20.527114868164062,20.61450576332315,20.420305214565122,20.527114868164062,49400,0.0,0.0
2024-04-10 00:00:00-04:00,19.90567014340028,20.002771343778356,19.12886424447837,19.46871566772461,102600,0.0,0.0
2024-04-11 00:00:00-04:00,19.614368416601792,19.682338701328263,19.358022284461185,19.662918090820312,68500,0.0,0.0
2024-04-12 00:00:00-04:00,19.50755692626597,19.76487353351979,19.468715705219395,19.604658126831055,63300,0.0,0.0
2024-04-15 00:00:00-04:00,19.72117807919737,19.72117807919737,19.361906044894845,19.594947814941406,67200,0.0,0.0
2024-04-16 00:00:00-04:00,19.42987441257665,19.556104664377926,19.245382334973694,19.420164108276367,49100,0.0,0.0
2024-04-17 00:00:00-04:00,19.459009179132217,19.59980398924128,19.245386146322602,19.28422737121582,64400,0.0,0.0
2024-04-18 00:00:00-04:00,19.352195728703162,19.53668782440505,19.264804833478657,19.497846603393555,82100,0.0,0.0
2024-04-19 00:00:00-04:00,19.420167837479898,20.158134437550316,19.420167837479898,20.119293212890625,92500,0.0,0.0
2024-04-22 00:00:00-04:00,20.245523430666335,20.507696116226725,20.041610724546693,20.2940731048584,86200,0.0,0.0
2024-04-23 00:00:00-04:00,20.342624620432275,20.779577244085722,20.342624620432275,20.682476043701172,80000,0.0,0.0
2024-04-24 00:00:00-04:00,20.439725872842594,20.84754947080772,20.439725872842594,20.8087100982666,92500,0.0,0.0
2024-04-25 00:00:00-04:00,20.808712057856127,20.808712057856127,20.323207817036533,20.46885871887207,87800,0.0,0.0
2024-04-26 00:00:00-04:00,20.63392641102416,21.342762026769368,20.63392641102416,21.148561477661133,92700,0.0,0.0
2024-04-29 00:00:00-04:00,21.167982110604218,21.614646932003826,21.061172447354448,21.090301513671875,286300,0.0,0.0
2024-04-30 00:00:00-04:00,20.973783471864827,21.216535591094623,20.973783471864827,21.0417537689209,102500,0.0,0.0
2024-05-01 00:00:00-04:00,21.216533580905153,21.876819578978772,21.216533580905153,21.73116683959961,154400,0.0,0.0
2024-05-02 00:00:00-04:00,21.886527966727346,22.23608969526443,21.799137071580237,22.138988494873047,129500,0.0,0.0
2024-05-03 00:00:00-04:00,22.449712748735298,22.624492687306706,22.21181489993179,22.605073928833008,97300,0.0,0.0
2024-05-06 00:00:00-04:00,22.71229845932266,22.926750542998136,22.517344216900344,22.69280433654785,85600,0.09,0.0
2024-05-07 00:00:00-04:00,22.800028676586162,22.946246683461542,22.556334477446118,22.575830459594727,94300,0.0,0.0
2024-05-08 00:00:00-04:00,22.41986359893156,22.84876585793281,22.332133549153145,22.839017868041992,82300,0.0,0.0
2024-05-09 00:00:00-04:00,22.7415406482521,22.994982816833637,22.644062605068584,22.93649673461914,75700,0.0,0.0
2024-05-10 00:00:00-04:00,23.053469013865573,23.053469013865573,22.73179277122518,22.8585147857666,142400,0.0,0.0
2024-05-13 00:00:00-04:00,23.014479569506914,23.131451737860594,22.683055327106324,22.712297439575195,74200,0.0,0.0
2024-05-14 00:00:00-04:00,22.93649977689245,23.0047338583997,22.73179567313142,22.800029754638672,181900,0.0,0.0
2024-05-15 00:00:00-04:00,23.0339733070276,23.082713259060867,22.702550929396708,22.9852352142334,139100,0.0,0.0
2024-05-16 00:00:00-04:00,23.014479388511642,23.23867759212559,22.91212641795825,23.189939498901367,100400,0.0,0.0
2024-05-17 00:00:00-04:00,23.24842906320555,23.51161926819308,23.180194978780488,23.384897232055664,126300,0.0,0.0
2024-05-20 00:00:00-04:00,23.4336351382128,23.618841391353335,23.170444956289902,23.180192947387695,199000,0.0,0.0
2024-05-21 00:00:00-04:00,23.18994203607077,23.31666220786142,22.951120890969303,23.08271598815918,117000,0.0,0.0
2024-05-22 00:00:00-04:00,23.09246351202036,23.14120160958982,22.868263429178793,23.072967529296875,119200,0.0,0.0
2024-05-23 00:00:00-04:00,23.072967202507957,23.072967202507957,22.595326787983044,22.66356086730957,118100,0.0,0.0
2024-05-24 00:00:00-04:00,22.741542432343635,22.741542432343635,22.458858130097564,22.69280433654785,50300,0.0,0.0
2024-05-28 00:00:00-04:00,22.712299123845412,22.834146226139087,22.468604919258063,22.546586990356445,109900,0.0,0.0
2024-05-29 00:00:00-04:00,22.156674870398724,22.23465693528694,21.932476666249993,22.146926879882812,97500,0.0,0.0
2024-05-30 00:00:00-04:00,22.449110308454575,22.556334491862074,22.18592012699771,22.254154205322266,90100,0.0,0.0
2024-05-31 00:00:00-04:00,22.41011748259369,22.722045748222207,22.38087351047635,22.517343521118164,179100,0.0,0.0
2024-06-03 00:00:00-04:00,22.790279705751985,22.790279705751985,22.053349832759416,22.273649215698242,92800,0.0,0.0
2024-06-04 00:00:00-04:00,22.029956161073027,22.14692833647903,21.747269995236646,21.81550407409668,95800,0.0,0.0
2024-06-05 00:00:00-04:00,22.0007142406756,22.0007142406756,21.72777789976545,21.737524032592773,88000,0.0,0.0
2024-06-06 00:00:00-04:00,21.6790356417189,22.059197995830832,21.6790356417189,22.010459899902344,84700,0.0,0.0
2024-06-07 00:00:00-04:00,21.80575542294673,21.981213665784935,21.709251623108678,21.922727584838867,88200,0.0,0.0
2024-06-10 00:00:00-04:00,21.94222703990302,21.94222703990302,21.406098658733647,21.83500099182129,137900,0.0,0.0
2024-06-11 00:00:00-04:00,21.698531636669205,21.83499979274135,21.5718096123972,21.688783645629883,100800,0.0,0.0
2024-06-12 00:00:00-04:00,22.24440942933355,22.712301913390828,22.127437237938963,22.322391510009766,174300,0.0,0.0
2024-06-13 00:00:00-04:00,22.215164078204467,22.222961727365483,21.825251872326593,21.97146987915039,82500,0.0,0.0
2024-06-14 00:00:00-04:00,21.640046738046387,21.932479048328386,21.625423821064786,21.83500099182129,127500,0.0,0.0
2024-06-17 00:00:00-04:00,21.727777688545277,22.2249122644387,21.640047620037176,22.17617416381836,96400,0.0,0.0
2024-06-18 00:00:00-04:00,22.185920471802998,22.517344736735286,22.185920471802998,22.34188461303711,125300,0.0,0.0
2024-06-20 00:00:00-04:00,22.20541428694108,22.293144340227414,21.893484175679113,22.21516227722168,213500,0.0,0.0
2024-06-21 00:00:00-04:00,22.127433933065575,22.127433933065575,21.776513692815065,22.010459899902344,196200,0.0,0.0
2024-06-24 00:00:00-04:00,22.146925910080682,22.361377973561844,22.020205757400998,22.16642189025879,109300,0.0,0.0
2024-06-25 00:00:00-04:00,22.020206336743456,22.146926492757096,21.903232311836287,22.098188400268555,97000,0.0,0.0
2024-06-26 00:00:00-04:00,21.912981260997448,22.50759568341843,21.79600909021114,22.40036964416504,138200,0.0,0.0
2024-06-27 00:00:00-04:00,22.439362267117044,22.741542552980068,22.23465817336267,22.614822387695312,122200,0.0,0.0
2024-06-28 00:00:00-04:00,22.839020731738334,23.375147228283502,22.839020731738334,23.14120101928711,1236700,0.0,0.0
2024-07-01 00:00:00-04:00,23.072967749610825,23.2874179838991,22.936499587721855,23.238679885864258,206300,0.0,0.0
2024-07-02 00:00:00-04:00,23.32641042390374,23.628590728188943,23.248428349919195,23.531112670898438,143600,0.0,0.0
2024-07-03 00:00:00-04:00,23.599342544593156,23.599342544593156,23.111954204299312,23.121702194213867,68100,0.0,0.0
2024-07-05 00:00:00-04:00,23.02422669180772,23.05346880317384,22.566080448522218,22.653810501098633,132600,0.0,0.0
2024-07-08 00:00:00-04:00,22.88775905064222,23.014481077105437,22.634316856955,22.702552795410156,118100,0.0,0.0
2024-07-09 00:00:00-04:00,22.712298220827247,22.936498293155456,22.57583006664072,22.84876823425293,87300,0.0,0.0
2024-07-10 00:00:00-04:00,22.809774622366014,23.384893029506255,22.809774622366014,23.33615493774414,138800,0.0,0.0
2024-07-11 00:00:00-04:00,23.784553734846178,24.33042822654398,23.648085576731532,24.271942138671875,231700,0.0,0.0
2024-07-12 00:00:00-04:00,24.36942147626376,24.75933184803612,24.26707035228089,24.661853790283203,395100,0.0,0.0
2024-07-15 00:00:00-04:00,24.85680872662411,25.679520222769504,24.739834691021798,25.441675186157227,278400,0.0,0.0
2024-07-16 00:00:00-04:00,25.73410681061171,26.933081812667993,25.58301759850655,26.83560562133789,287100,0.0,0.0
2024-07-17 00:00:00-04:00,26.465189264617056,27.66903918557853,26.455441273686453,27.55694007873535,277300,0.0,0.0
2024-07-18 00:00:00-04:00,27.284004337716567,28.02483498119782,26.99157202073893,27.206022262573242,203200,0.0,0.0
2024-07-19 00:00:00-04:00,27.215766905252103,27.527695167440122,26.874594671269293,26.89409065246582,173100,0.0,0.0
2024-07-22 00:00:00-04:00,26.99156995977806,27.83962472980297,26.7478757611577,27.644670486450195,167800,0.0,0.0
2024-07-23 00:00:00-04:00,27.45946132699673,28.57070623534142,27.45946132699673,28.024831771850586,215500,0.0,0.0
2024-07-24 00:00:00-04:00,27.878617674663065,28.609700296240387,27.57643737833143,27.62517547607422,172500,0.0,0.0
2024-07-25 00:00:00-04:00,27.751894108915067,28.62431976856857,27.751894108915067,27.995588302612305,229300,0.0,0.0
2024-07-26 00:00:00-04:00,28.726670331449633,28.746166312788006,27.81038151941536,28.385499954223633,266900,0.0,0.0
2024-07-29 00:00:00-04:00,28.638939547278397,28.638939547278397,27.537442658984215,27.566686630249023,196600,0.0,0.0
2024-07-30 00:00:00-04:00,27.634919156943006,27.742143327100035,27.13778282870563,27.293746948242188,155600,0.0,0.0
2024-07-31 00:00:00-04:00,27.488707253935747,28.14180780213017,27.186525099036167,27.34248924255371,427000,0.0,0.0
2024-08-01 00:00:00-04:00,27.22551529222209,27.22551529222209,26.11427037718907,26.299476623535156,217400,0.0,0.0
2024-08-02 00:00:00-04:00,25.461169494914174,25.89494485062113,25.188231335943467,25.607385635375977,183500,0.0,0.0
2024-08-05 00:00:00-04:00,24.51563793290249,25.09075643551053,23.911277314078692,24.788576126098633,206900,0.0,0.0
2024-08-06 00:00:00-04:00,24.749443257442387,25.150521054481285,24.607600035935423,24.97443962097168,179400,0.09,0.0
2024-08-07 00:00:00-04:00,25.307040981314092,25.434211216425467,24.700532046720888,24.866832733154297,172700,0.0,0.0
2024-08-08 00:00:00-04:00,25.179870249918547,25.28747713106437,24.710316003570316,25.16030502319336,128200,0.0,0.0
2024-08-09 00:00:00-04:00,25.101609122461323,25.101609122461323,24.592924464943636,24.827701568603516,117900,0.0,0.0
2024-08-12 00:00:00-04:00,24.964656986839426,25.263020147615872,24.339562394177864,24.4364070892334,169100,0.0,0.0
2024-08-13 00:00:00-04:00,24.61249071972065,25.023351134774668,24.21141291762538,24.994003295898438,313200,0.0,0.0
2024-08-14 00:00:00-04:00,25.150521571893446,25.150521571893446,24.583143076665277,24.78857421875,86500,0.0,0.0
2024-08-15 00:00:00-04:00,25.346171803460567,25.668990591983945,25.267912759753166,25.42443084716797,134200,0.0,0.0
2024-08-16 00:00:00-04:00,25.228781598159397,26.138542188795636,25.228781598159397,25.923330307006836,100000,0.0,0.0
2024-08-19 00:00:00-04:00,26.011372651244788,26.324408802526918,25.92333100046636,26.17767333984375,92200,0.0,0.0
2024-08-20 00:00:00-04:00,26.158108644274265,26.158108644274265,25.532036329016613,25.668989181518555,109100,0.0,0.0
2024-08-21 00:00:00-04:00,25.815723597568653,25.835288823085644,25.42442841644178,25.82550621032715,75100,0.0,0.0
2024-08-22 00:00:00-04:00,25.864641501166854,26.021159602905353,25.727686762763454,25.884204864501953,65900,0.0,0.0
2024-08-23 00:00:00-04:00,26.08962983248909,27.615681894314697,26.011370800237586,27.146127700805664,150700,0.0,0.0
2024-08-26 00:00:00-04:00,27.185260079196915,27.447427762553435,26.921135126912137,26.930917739868164,108500,0.0,0.0
2024-08-27 00:00:00-04:00,26.80374476357642,26.98961067199707,26.500491235195156,26.98961067199707,100700,0.0,0.0
2024-08-28 00:00:00-04:00,26.96026491691177,27.283083695506825,26.68635920528125,26.9993953704834,160500,0.0,0.0
2024-08-29 00:00:00-04:00,27.243955461244585,27.243955461244585,26.740161127108532,26.911354064941406,102300,0.0,0.0
2024-08-30 00:00:00-04:00,27.07765128081591,27.263517182104177,26.65700828277313,27.146127700805664,110400,0.0,0.0
2024-09-03 00:00:00-04:00,26.813526332445807,27.283080525695134,26.676573492542047,26.82330894470215,203200,0.0,0.0
2024-09-04 00:00:00-04:00,26.627662141581503,26.970046129175074,26.34397383129606,26.383102416992188,189300,0.0,0.0
2024-09-05 00:00:00-04:00,26.657012801583498,26.725489233181154,26.099416869039356,26.21680450439453,86700,0.0,0.0
2024-09-06 00:00:00-04:00,26.304843055714237,26.45647075479509,25.59072911651266,25.610294342041016,147200,0.0,0.0
2024-09-09 00:00:00-04:00,25.610292952312225,25.972240275732926,25.43420966379729,25.532033920288086,182700,0.0,0.0
2024-09-10 00:00:00-04:00,25.668986420507583,25.747245451497083,25.214105219805354,25.620075225830078,73800,0.0,0.0
2024-09-11 00:00:00-04:00,25.365732687441554,25.414643881692513,24.7298778329668,25.179866790771484,106100,0.0,0.0
2024-09-12 00:00:00-04:00,25.336387990091602,25.443994869785147,25.101610870086066,25.355953216552734,104500,0.0,0.0
2024-09-13 00:00:00-04:00,25.708117379316306,26.05049948054125,25.6298583467731,25.972240447998047,92000,0.0,0.0
2024-09-16 00:00:00-04:00,26.099414469205183,26.343974197191223,25.717901890616606,26.079849243164062,105100,0.0,0.0
2024-09-17 00:00:00-04:00,26.4124504340314,26.989611537227645,26.00159001931276,26.392885208129883,88300,0.0,0.0
2024-09-18 00:00:00-04:00,26.339079371645436,27.258624381022962,25.98300199504046,26.363536834716797,159800,0.0,0.0
2024-09-19 00:00:00-04:00,27.00917727160725,27.097218923978915,26.412450931275444,26.960264205932617,115500,0.0,0.0
2024-09-20 00:00:00-04:00,26.65701016027243,26.979828924276887,26.17278108134443,26.392885208129883,717600,0.0,0.0
2024-09-23 00:00:00-04:00,26.383102614431657,26.5983163678201,25.986917051771364,26.17767333984375,73100,0.0,0.0
2024-09-24 00:00:00-04:00,26.18745681972256,26.334192287263324,25.869528418515323,25.903766632080078,88700,0.0,0.0
2024-09-25 00:00:00-04:00,25.95267709889095,25.95267709889095,25.398993930335283,25.54181671142578,108500,0.0,0.0
2024-09-26 00:00:00-04:00,25.923332237901544,25.923332237901544,25.434212761714726,25.600513458251953,102600,0.0,0.0
2024-09-27 00:00:00-04:00,25.893984217808203,25.92333205787899,25.5320368528154,25.590730667114258,64700,0.0,0.0
2024-09-30 00:00:00-04:00,25.61029315812559,26.265713256285867,25.58094532118975,26.187454223632812,122900,0.0,0.0
2024-10-01 00:00:00-04:00,26.138544854228357,26.138544854228357,25.336389189766795,25.42443084716797,116700,0.0,0.0
2024-10-02 00:00:00-04:00,25.189652024040118,25.610295055403576,24.729880406372644,24.78857421875,89100,0.0,0.0
2024-10-03 00:00:00-04:00,24.729878521952834,25.02334942731974,24.612489040300567,24.89617919921875,165200,0.0,0.0
2024-10-04 00:00:00-04:00,25.307045170171786,25.44888841508571,25.02335494865809,25.101613998413086,165300,0.0,0.0
2024-10-07 00:00:00-04:00,24.935306705235984,25.06247879368514,24.720094841654436,24.837482452392578,256500,0.0,0.0
2024-10-08 00:00:00-04:00,24.994005416145402,24.994005416145402,24.651623262758235,24.68096923828125,85500,0.0,0.0
2024-10-09 00:00:00-04:00,24.544015711687276,24.92552830988837,24.319021198176,24.6418399810791,123200,0.0,0.0
2024-10-10 00:00:00-04:00,24.40705941037684,24.70053031130285,24.289669930500946,24.553794860839844,104300,0.0,0.0
2024-10-11 00:00:00-04:00,24.65162237483204,25.483123992642806,24.65162237483204,25.38530158996582,95400,0.0,0.0
2024-10-14 00:00:00-04:00,25.33638558477194,25.737463359935255,25.267909164501496,25.54181671142578,86500,0.0,0.0
2024-10-15 00:00:00-04:00,25.66898968702375,26.44179934900137,25.569210016213447,25.913549423217773,144000,0.0,0.0
2024-10-16 00:00:00-04:00,26.10919398603999,26.471141295665554,25.9820218976962,26.33418846130371,88200,0.0,0.0
2024-10-17 00:00:00-04:00,26.41245220266807,26.451582657091365,26.011374374043125,26.27549934387207,74300,0.0,0.0
2024-10-18 00:00:00-04:00,26.2950611530701,26.2950611530701,25.8450721488212,25.86463737487793,78500,0.0,0.0
2024-10-21 00:00:00-04:00,25.81572606261663,25.879312118697158,25.228784167802722,25.316823959350586,166600,0.0,0.0
2024-10-22 00:00:00-04:00,25.267909850020647,26.070065422109785,25.267909850020647,26.011371612548828,251500,0.0,0.0
2024-10-23 00:00:00-04:00,25.776595010842918,26.255931840925122,25.64942291083263,26.148324966430664,209000,0.0,0.0
2024-10-24 00:00:00-04:00,26.2852783049724,26.295059051376366,25.815722246354472,25.962459564208984,356000,0.0,0.0
2024-10-25 00:00:00-04:00,26.187457864133584,26.422234994730754,25.532037674858785,26.285282135009766,313300,0.0,0.0
2024-10-28 00:00:00-04:00,26.46136129309547,27.349603132853026,26.177672984537494,27.23417091369629,184800,0.0,0.0
2024-10-29 00:00:00-04:00,27.097216490352174,27.273297913438793,26.813526332445807,26.82330894470215,119500,0.0,0.0
2024-10-30 00:00:00-04:00,26.67657572194396,27.586338213546323,26.67657572194396,27.058088302612305,116500,0.0,0.0
2024-10-31 00:00:00-04:00,27.185258819323238,27.185258819323238,26.314624965011987,26.32440757751465,139500,0.0,0.0
2024-11-01 00:00:00-04:00,26.54940312225306,26.603206560233822,26.040720312804595,26.167890548706055,85600,0.0,0.0
2024-11-04 00:00:00-05:00,25.98202638498815,26.18256529815647,25.580948558651507,25.94289779663086,118300,0.0,0.0
2024-11-05 00:00:00-05:00,25.962527671405894,26.69870518338682,25.962527671405894,26.679073333740234,118900,0.09,0.0
2024-11-06 00:00:00-05:00,28.612765218436717,31.22374127713615,28.43608231831182,31.09613800048828,841800,0.0,0.0
2024-11-07 00:00:00-05:00,30.58572180805355,30.723141012355633,29.667954359528757,29.800466537475586,423600,0.0,0.0
2024-11-08 00:00:00-05:00,30.065490792395487,30.526829929210233,29.7906523676,30.301069259643555,200500,0.0,0.0
2024-11-11 00:00:00-05:00,30.850745141173043,31.802869231404465,30.850745141173043,31.469135284423828,160700,0.0,0.0
2024-11-12 00:00:00-05:00,31.45931743361746,31.896115779657666,31.24337270978752,31.390607833862305,158000,0.0,0.0
2024-11-13 00:00:00-05:00,31.626186905693572,31.930471212240867,30.978348976974416,30.9881649017334,165500,0.0,0.0
2024-11-14 00:00:00-05:00,31.21392651036528,31.380793491984935,30.615170059303438,30.870378494262695,139200,0.0,0.0
2024-11-15 00:00:00-05:00,31.16484793763791,31.28263716305831,30.38940672809446,30.566089630126953,118000,0.0,0.0
2024-11-18 00:00:00-05:00,30.566090550156922,31.07160039556474,30.183278832361488,30.29125213623047,125500,0.0,0.0
2024-11-19 00:00:00-05:00,29.849543400327942,30.271618797759782,29.682676426278054,30.15382957458496,94100,0.0,0.0
2024-11-20 00:00:00-05:00,29.957517003731727,30.39922238269061,29.653228954182126,30.359960556030273,161800,0.0,0.0
2024-11-21 00:00:00-05:00,30.703510520579048,31.066690375065974,30.477747995896774,30.752588272094727,140300,0.0,0.0
2024-11-22 00:00:00-05:00,30.752588658175846,31.410240646601924,30.752588658175846,31.351346969604492,145900,0.0,0.0
2024-11-25 00:00:00-05:00,31.77341716310589,32.28383396924475,31.449501037597656,31.449501037597656,154300,0.0,0.0
2024-11-26 00:00:00-05:00,31.331715798896848,31.537846481149497,31.086323288527105,31.184480667114258,125700,0.0,0.0
2024-11-27 00:00:00-05:00,31.498581515681767,31.537845214418095,30.899823215326172,30.9390869140625,139500,0.0,0.0
2024-11-29 00:00:00-05:00,31.09613937549745,31.243374508046575,30.526828823363562,30.840930938720703,98900,0.0,0.0
2024-12-02 00:00:00-05:00,31.007798856656514,31.145218068220455,30.477750116859006,30.801668167114258,93200,0.0,0.0
2024-12-03 00:00:00-05:00,30.6053524017334,30.89000672356127,30.394314705390382,30.6053524017334,80000,0.0,0.0
2024-12-04 00:00:00-05:00,30.624986173769706,30.850746834946605,30.330514036751058,30.683879852294922,115800,0.0,0.0
2024-12-05 00:00:00-05:00,30.840928259574472,31.19429404475257,30.595535769244375,30.61516761779785,74200,0.0,0.0
2024-12-06 00:00:00-05:00,31.292450585392555,31.292450585392555,30.32069651598247,30.96853256225586,84700,0.0,0.0
2024-12-09 00:00:00-05:00,30.978349606967296,31.11086178561404,30.56609011968729,30.585721969604492,84400,0.0,0.0
2024-12-10 00:00:00-05:00,30.75258776300694,30.98816433633557,30.38940604233602,30.654430389404297,93700,0.0,0.0
2024-12-11 00:00:00-05:00,31.174663543701172,31.45931787124608,30.83111366795012,31.174663543701172,177600,0.0,0.0
2024-12-12 00:00:00-05:00,31.20411120925748,31.21392526172816,30.65443066108943,30.703510284423828,107500,0.0,0.0
2024-12-13 00:00:00-05:00,30.57590509976764,30.669155447894543,30.31088075066412,30.546459197998047,72900,0.0,0.0
2024-12-16 00:00:00-05:00,30.60535573891718,30.83013537963619,30.399225046251694,30.664249420166016,89900,0.0,0.0
2024-12-17 00:00:00-05:00,30.60535445852665,30.89491769816427,29.996780203760775,30.183279037475586,133500,0.0,0.0
2024-12-18 00:00:00-05:00,30.507195733479378,30.53664350767114,28.436082420230683,28.573503494262695,216800,0.0,0.0
2024-12-19 00:00:00-05:00,29.00539336058972,29.368575091987307,28.210322168098433,28.35755729675293,115900,0.0,0.0
2024-12-20 00:00:00-05:00,28.08271825960451,29.049563435151228,28.004192734602803,28.681474685668945,236300,0.0,0.0
2024-12-23 00:00:00-05:00,28.426266730094135,28.769816609715075,28.30357047824353,28.622581481933594,98700,0.0,0.0
2024-12-24 00:00:00-05:00,28.36737235123388,28.69129037321358,28.35755642666526,28.632396697998047,63100,0.0,0.0
2024-12-26 00:00:00-05:00,28.455713372298824,28.867972837001233,28.362464898593288,28.84834098815918,60200,0.0,0.0
2024-12-27 00:00:00-05:00,28.583320553628887,28.87779081845088,28.04345590519352,28.426267623901367,114500,0.0,0.0
2024-12-30 00:00:00-05:00,28.28884841661061,28.544056853147936,27.97474630154814,28.426267623901367,105400,0.0,0.0
2024-12-31 00:00:00-05:00,28.632395454184508,28.642211378326717,28.19068822876567,28.46552848815918,146900,0.0,0.0
2025-01-02 00:00:00-05:00,28.622580823113044,28.84343444579988,27.78824595529399,27.89621925354004,98100,0.0,0.0
2025-01-03 00:00:00-05:00,27.974746924576117,28.023824679074036,27.56248742132609,27.94529914855957,106700,0.0,0.0
2025-01-06 00:00:00-05:00,27.90603824391411,28.269218132501866,27.591936111450195,27.591936111450195,130600,0.0,0.0
2025-01-07 00:00:00-05:00,27.582117446152594,27.73916849678523,26.934281394243918,27.20911979675293,143000,0.0,0.0
2025-01-08 00:00:00-05:00,26.904833207793153,27.46040180574459,26.895017283254543,27.346540451049805,141800,0.0,0.0
2025-01-10 00:00:00-05:00,26.74778408260473,26.78704778358205,26.13920982283047,26.374788284301758,121400,0.0,0.0
2025-01-13 00:00:00-05:00,26.06068409650747,26.742876854370557,26.06068409650747,26.71833610534668,129900,0.0,0.0
2025-01-14 00:00:00-05:00,26.8852013209431,27.35635633715363,26.87538539641828,27.189489364624023,139300,0.0,0.0
2025-01-15 00:00:00-05:00,28.171060446196414,28.29866372558865,27.48396068031016,27.778430938720703,133900,0.0,0.0
2025-01-16 00:00:00-05:00,27.699905650091218,27.827510802778054,27.434883164119054,27.670459747314453,100500,0.0,0.0
2025-01-17 00:00:00-05:00,27.847142714380347,28.17106075101532,27.621380183480124,27.984561920166016,91500,0.0,0.0
2025-01-21 00:00:00-05:00,28.22995374866967,28.48516217626234,28.043454922314215,28.15142822265625,78300,0.0,0.0
2025-01-22 00:00:00-05:00,28.014007723278333,28.210320593125502,27.66064193647884,27.74898338317871,146600,0.0,0.0
2025-01-23 00:00:00-05:00,27.503593498394164,27.83732746817996,27.35635836400544,27.81769561767578,226300,0.0,0.0
2025-01-24 00:00:00-05:00,28.161244248965957,29.50599412081871,28.161244248965957,28.622581481933594,283900,0.0,0.0
2025-01-27 00:00:00-05:00,28.848340947858137,29.787704132260927,28.681473977326082,28.6912899017334,246300,0.0,0.0
2025-01-28 00:00:00-05:00,28.661846882473743,28.99558085709268,28.58332135151613,28.73055648803711,169800,0.0,0.0
2025-01-29 00:00:00-05:00,28.504792102797367,29.16244216867011,28.475344330455385,28.966129302978516,116400,0.0,0.0
2025-01-30 00:00:00-05:00,29.329310092141885,29.456915237595428,28.769815504743214,29.00539207458496,89300,0.0,0.0
2025-01-31 00:00:00-05:00,29.07410519097062,29.24097217140961,28.652029777378104,28.799264907836914,133000,0.0,0.0
2025-02-03 00:00:00-05:00,28.063087993790155,28.656937427136313,27.964930613950354,28.318296432495117,109000,0.0,0.0
2025-02-04 00:00:00-05:00,28.180398585006525,28.924060829950697,28.180398585006525,28.86988639831543,77600,0.1,0.0
2025-02-05 00:00:00-05:00,29.05703210123701,29.29342806915803,28.810786066480762,29.263877868652344,87300,0.0,0.0
2025-02-06 00:00:00-05:00,29.303278222401527,29.84994472176568,29.140754937203248,29.766220092773438,125400,0.0,0.0
2025-02-07 00:00:00-05:00,29.72682181499726,29.815470538398497,28.948683438188212,29.22447967529297,88400,0.0,0.0
2025-02-10 00:00:00-05:00,29.185078422533127,29.244178821944434,28.899434006877545,28.91913414001465,75800,0.0,0.0
2025-02-11 00:00:00-05:00,28.672889823603047,29.697272384679348,28.663039756446477,29.67757225036621,80900,0.0,0.0
2025-02-12 00:00:00-05:00,29.125980377197266,29.318051981648576,28.96838306694449,29.125980377197266,112900,0.0,0.0
2025-02-13 00:00:00-05:00,29.33282870023738,29.33282870023738,28.800936356788302,29.18507957458496,76600,0.0,0.0
2025-02-14 00:00:00-05:00,29.303277662244895,29.480575104996316,28.928984522098215,29.057031631469727,63300,0.0,0.0
2025-02-18 00:00:00-05:00,28.978235317118084,29.524901850182285,28.8895865885829,29.372228622436523,106100,0.0,0.0
2025-02-19 00:00:00-05:00,29.017633029434048,29.57907558992479,29.007784840901223,29.421478271484375,77300,0.0,0.0
2025-02-20 00:00:00-05:00,29.27372746221695,29.303277662244895,28.672888424647066,29.057031631469727,91500,0.0,0.0
2025-02-21 00:00:00-05:00,29.411626790409574,29.411626790409574,28.436492724919162,28.47589111328125,117300,0.0,0.0
2025-02-24 00:00:00-05:00,28.771385858922024,28.771385858922024,28.09174815425248,28.111448287963867,119300,0.0,0.0
2025-02-25 00:00:00-05:00,28.32814464536064,28.50544209461824,28.072048538511694,28.101598739624023,131900,0.0,0.0
2025-02-26 00:00:00-05:00,27.993249060390344,28.269045293230118,27.559855516987305,27.865201950073242,102000,0.0,0.0
2025-02-27 00:00:00-05:00,27.707603805597568,27.99325011595719,27.59925682469237,27.737154006958008,153500,0.0,0.0
2025-02-28 00:00:00-05:00,27.924300775121978,28.160696743534185,27.776553529702866,28.111448287963867,160500,0.0,0.0
2025-03-03 00:00:00-05:00,28.003098251681234,28.377391382890462,27.60910498759045,27.845500946044922,116900,0.0,0.0
2025-03-04 00:00:00-05:00,27.54015477590356,27.717452216052756,26.904841453646394,27.264360427856445,174100,0.0,0.0
2025-03-05 00:00:00-05:00,27.323459998615526,27.417032816198603,26.919616648844958,27.13631248474121,210400,0.0,0.0
2025-03-06 00:00:00-05:00,26.840819274418575,26.97379236599371,26.60442329340997,26.860519409179688,134800,0.0,0.0
2025-03-07 00:00:00-05:00,27.018114828244215,27.392407968820347,26.22520230764512,26.64381980895996,81600,0.0,0.0
2025-03-10 00:00:00-04:00,26.20057839542381,26.574871540501974,25.845983505249023,25.845983505249023,144200,0.0,0.0
2025-03-11 00:00:00-04:00,25.88538397883926,26.082379680400546,25.520939018953232,25.6982364654541,138300,0.0,0.0
2025-03-12 00:00:00-04:00,25.836133272245046,26.092229371422967,24.890549409472545,25.88538360595703,111400,0.0,0.0
2025-03-13 00:00:00-04:00,26.003581404115128,26.12178032974608,25.50123925792291,25.511089324951172,90400,0.0,0.0
2025-03-14 00:00:00-04:00,25.826283314599387,26.18087820399104,25.727786404175607,26.17102813720703,144700,0.0,0.0
2025-03-17 00:00:00-04:00,26.013432918986677,26.377877904483714,25.875535730332373,26.13163185119629,138800,0.0,0.0
2025-03-18 00:00:00-04:00,25.934632903824276,26.20550317256488,25.747485387052798,25.90508270263672,153700,0.0,0.0
2025-03-19 00:00:00-04:00,25.983881129156675,26.407424615534254,25.84598394892516,26.269527435302734,108800,0.0,0.0
2025-03-20 00:00:00-04:00,25.974031404215275,26.40742305321922,25.974031404215275,26.299076080322266,213000,0.0,0.0
2025-03-21 00:00:00-04:00,26.013432872553143,26.417276248927,25.786886954823085,26.239978790283203,449500,0.0,0.0
2025-03-24 00:00:00-04:00,26.466523730005317,26.702919689778422,26.37196459461284,26.653669357299805,118600,0.0,0.0
2025-03-25 00:00:00-04:00,26.496074910689988,26.752171031096776,26.239978790283203,26.239978790283203,101700,0.0,0.0
2025-03-26 00:00:00-04:00,26.368025344355335,26.73739438937026,26.141479447636126,26.35817527770996,74300,0.0,0.0
2025-03-27 00:00:00-04:00,26.417274826380343,26.604422342505323,26.210429054906562,26.44682502746582,99300,0.0,0.0
2025-03-28 00:00:00-04:00,26.387725746806918,26.486222656849097,25.668685904025327,25.777034759521484,72000,0.0,0.0
2025-03-31 00:00:00-04:00,25.442140516861777,25.93463259181358,25.422440382973743,25.76718521118164,133100,0.0,0.0
2025-04-01 00:00:00-04:00,25.60958870410325,26.033132202495196,25.39584806868136,26.003582000732422,225200,0.0,0.0
2025-04-02 00:00:00-04:00,25.66868764819397,26.446826065616435,25.66868764819397,26.427125930786133,142200,0.0,0.0
2025-04-03 00:00:00-04:00,25.60958740234375,25.717936257924883,24.45223180006724,24.624603271484375,347000,0.0,0.0
2025-04-04 00:00:00-04:00,23.62976785014395,23.905564068836696,23.196374328971928,23.747966766357422,324200,0.0,0.0
2025-04-07 00:00:00-04:00,23.20622678046817,24.92994909737761,22.959980735195394,23.629770278930664,351300,0.0,0.0
2025-04-08 00:00:00-04:00,24.39805889925304,24.437457290024973,22.871332273644448,23.26532745361328,305500,0.0,0.0
2025-04-09 00:00:00-04:00,23.097878822254838,24.98904844520195,22.49211192321237,24.368507385253906,302200,0.0,0.0
2025-04-10 00:00:00-04:00,24.141962273688115,24.141962273688115,22.620161653271094,23.05847930908203,211300,0.0,0.0
2025-04-11 00:00:00-04:00,22.713733304567512,23.11757664388701,22.290189831937766,22.900880813598633,165400,0.0,0.0
2025-04-14 00:00:00-04:00,23.15697634130051,23.344123845731477,22.63493409365963,23.235774993896484,190200,0.0,0.0
2025-04-15 00:00:00-04:00,23.06832793045481,23.73811742582216,23.06832793045481,23.48202133178711,145900,0.0,0.0
2025-04-16 00:00:00-04:00,23.235776126503893,23.6494695424749,23.225926059610753,23.610069274902344,177800,0.0,0.0
2025-04-17 00:00:00-04:00,23.560821310990328,23.905566144614273,23.54604714969628,23.816917419433594,151700,0.0,0.0
2025-04-21 00:00:00-04:00,23.541119493065974,23.649468344694764,23.285023402939416,23.560819625854492,175500,0.0,0.0
2025-04-22 00:00:00-04:00,23.846463716331414,24.732950892833582,23.688866413555036,24.683700561523438,152900,0.0,0.0
2025-04-23 00:00:00-04:00,25.383042331073714,25.51108944563046,24.80190152461453,24.969348907470703,125600,0.0,0.0
2025-04-24 00:00:00-04:00,25.14664732327404,25.33379296875992,24.925025502347847,25.274694442749023,192600,0.0,0.0
2025-04-25 00:00:00-04:00,25.0481473453276,25.60958801270513,24.82652553486063,25.225444793701172,189800,0.0,0.0
2025-04-28 00:00:00-04:00,25.156496008445327,25.323941509824138,24.870849704123003,25.264842987060547,249700,0.0,0.0
2025-04-29 00:00:00-04:00,25.117095363165785,25.57018716205475,25.01859657423527,25.560338973999023,186700,0.0,0.0
2025-04-30 00:00:00-04:00,25.10724571333645,25.501238996893072,24.900399943984787,25.156496047973633,178600,0.0,0.0
2025-05-01 00:00:00-04:00,25.136797753413326,25.629289863572485,24.95457431998446,25.373193740844727,133300,0.0,0.0
2025-05-02 00:00:00-04:00,25.668687574617735,26.07253094393999,25.53079038861743,26.033132553100586,137800,0.0,0.0
2025-05-05 00:00:00-04:00,25.64898837245747,26.102080183293197,25.580037903292386,25.61943817138672,141800,0.0,0.0
2025-05-06 00:00:00-04:00,25.401907880393356,25.7380952052596,25.283252753869103,25.61944007873535,213600,0.1,0.0
2025-05-07 00:00:00-04:00,25.827084512223422,26.03472861359796,25.48100912397338,25.65899085998535,151800,0.0,0.0
2025-05-08 00:00:00-04:00,25.846858410278763,26.31158891096051,25.663933578073774,26.05450439453125,116400,0.0,0.0
2025-05-09 00:00:00-04:00,26.014952539451798,26.10394340777729,25.73809373662507,25.945737838745117,160400,0.0,0.0
2025-05-12 00:00:00-04:00,27.072951921296546,27.206438218517444,26.578559066089856,26.647775650024414,238900,0.0,0.0
2025-05-13 00:00:00-04:00,26.89497262414949,26.939468057460626,26.632943123113176,26.87519645690918,93000,0.0,0.0
2025-05-14 00:00:00-04:00,26.736766405729607,26.890026983204443,26.65766173869864,26.746652603149414,111700,0.0,0.0
2025-05-15 00:00:00-04:00,26.77631711993004,26.993849298554235,26.69721433807042,26.88508415222168,99800,0.0,0.0
2025-05-16 00:00:00-04:00,26.825755739828754,26.8554199903586,26.63294282628247,26.786205291748047,135000,0.0,0.0
2025-05-19 00:00:00-04:00,26.539009191484556,26.885084574794586,26.380803625278674,26.825756072998047,126200,0.0,0.0
2025-05-20 00:00:00-04:00,26.87519645690918,26.988906589602287,26.677438556424317,26.87519645690918,135800,0.0,0.0
2025-05-21 00:00:00-04:00,26.558785590016154,26.61811220637018,26.133607419900855,26.192934036254883,139600,0.0,0.0
2025-05-22 00:00:00-04:00,26.005063431327862,26.17315707754839,25.787531253966797,25.827083587646484,115600,0.0,0.0
2025-05-23 00:00:00-04:00,25.283248657517706,25.708426786900652,25.283248657517706,25.579885482788086,127200,0.0,0.0
2025-05-27 00:00:00-04:00,25.846857586855304,26.153382511655245,25.50078410072481,26.12371826171875,119700,0.0,0.0
2025-05-28 00:00:00-04:00,26.08416699727018,26.153383583291486,25.787532029586824,25.807308197021484,115300,0.0,0.0
2025-05-29 00:00:00-04:00,25.87652176264328,25.87652176264328,25.560110641396893,25.78753089904785,87600,0.0,0.0
2025-05-30 00:00:00-04:00,25.67876253858593,25.728202952443798,25.48100654103129,25.579885482788086,109200,0.0,0.0
2025-06-02 00:00:00-04:00,25.471119367916195,25.574941411787123,25.273361477340032,25.411792755126953,99800,0.0,0.0
2025-06-03 00:00:00-04:00,25.293138812261176,25.871579443049992,25.154709414037132,25.76775550842285,125200,0.0,0.0
2025-06-04 00:00:00-04:00,25.71831568108837,25.841913890694162,25.342576067749714,25.510669708251953,135900,0.0,0.0
2025-06-05 00:00:00-04:00,25.49089601030143,25.505727192286013,25.184371085587,25.30302619934082,117500,0.0,0.0
2025-06-06 00:00:00-04:00,25.747978724360724,26.024837493896484,25.565052024821547,26.024837493896484,107900,0.0,0.0
2025-06-09 00:00:00-04:00,26.09405505053828,26.519233220091646,25.8814659657616,26.242374420166016,155900,0.0,0.0
2025-06-10 00:00:00-04:00,26.252261188406578,26.687327451120257,26.197879555781643,26.42035484313965,92300,0.0,0.0
2025-06-11 00:00:00-04:00,25.411794957759835,26.08416769488859,24.927288272448273,25.50078582763672,1681000,0.0,0.0
2025-06-12 00:00:00-04:00,25.421682027862808,25.421682027862808,24.83830014059826,25.382131576538086,565200,0.0,0.0
2025-06-13 00:00:00-04:00,25.02616700841771,25.243701082204666,24.759196287070605,24.927288055419922,515900,0.0,0.0
2025-06-16 00:00:00-04:00,25.263473791236837,25.31785730629788,24.85807180654783,24.966838836669922,268800,0.0,0.0
2025-06-17 00:00:00-04:00,24.769081704197944,25.125045169385075,24.531773356059563,24.561437606811523,327100,0.0,0.0
2025-06-18 00:00:00-04:00,24.511997039120295,25.0459403065977,24.472444708069183,24.709753036499023,268100,0.0,0.0
2025-06-20 00:00:00-04:00,24.818521532467965,25.06571795831733,24.71964258493641,24.769081115722656,299500,0.0,0.0
2025-06-23 00:00:00-04:00,24.650428599422412,25.32280319890611,24.650428599422412,25.23381233215332,454000,0.0,0.0
2025-06-24 00:00:00-04:00,25.461231231689453,25.738091900726854,25.342576120399418,25.461231231689453,363400,0.0,0.0
2025-06-25 00:00:00-04:00,25.500783952650693,25.500783952650693,25.253587529159123,25.451343536376953,301400,0.0,0.0
2025-06-26 00:00:00-04:00,25.569997181625677,26.26214599609375,25.55516411461553,26.26214599609375,260800,0.0,0.0
2025-06-27 00:00:00-04:00,26.331363165759267,26.48957061767578,26.18304568341909,26.48957061767578,610100,0.0,0.0
2025-06-30 00:00:00-04:00,26.64777468654307,26.71204439750566,26.36102593563057,26.430240631103516,315700,0.0,0.0
2025-07-01 00:00:00-04:00,26.311589560834264,27.478357054231708,26.242374859693594,27.33992576599121,227300,0.0,0.0
2025-07-02 00:00:00-04:00,27.488241797651614,27.725552026090135,27.21138300773844,27.666223526000977,212500,0.0,0.0
2025-07-03 00:00:00-04:00,27.73543785819025,28.21994450607524,27.66128006299408,28.061737060546875,122000,0.0,0.0
2025-07-07 00:00:00-04:00,27.81454166096491,28.23971982517974,27.631616829602404,27.794767379760742,162600,0.0,0.0
2025-07-08 00:00:00-04:00,27.89364352463094,28.269383144516983,27.79476646399055,27.962860107421875,322100,0.0,0.0
2025-07-09 00:00:00-04:00,27.962860740514834,28.101290137312727,27.824429457757855,28.091402053833008,208900,0.0,0.0
2025-07-10 00:00:00-04:00,28.01229941555063,28.328710544687272,27.943084716796875,27.943084716796875,223900,0.0,0.0
2025-07-11 00:00:00-04:00,27.804655999623815,27.804655999623815,27.54757147942008,27.63656234741211,208100,0.0,0.0
2025-07-14 00:00:00-04:00,27.527795224377723,28.14084132864185,27.527795224377723,28.12106704711914,249200,0.0,0.0
2025-07-15 00:00:00-04:00,28.022187418975044,28.06668285175513,27.221271514892578,27.221271514892578,175500,0.0,0.0
2025-07-16 00:00:00-04:00,27.5179043626105,27.60689522133574,26.736764685527675,27.419025421142578,436500,0.0,0.0
2025-07-17 00:00:00-04:00,27.41902556409489,27.883756025629385,27.41902556409489,27.705774307250977,201400,0.0,0.0
2025-07-18 00:00:00-04:00,27.765100773300844,27.83431546654071,27.31026028289091,27.419025421142578,383800,0.0,0.0
2025-07-21 00:00:00-04:00,27.419026908041413,27.79476652880362,27.419026908041413,27.478355407714844,155200,0.0,0.0
2025-07-22 00:00:00-04:00,27.508018791961394,27.873870343015412,27.369589392839984,27.597009658813477,288400,0.0,0.0
2025-07-23 00:00:00-04:00,27.725551919258244,27.725551919258244,27.21138290288774,27.37947654724121,204800,0.0,0.0
2025-07-24 00:00:00-04:00,27.250933957047504,27.250933957047504,26.71699064812495,26.736766815185547,192800,0.0,0.0
2025-07-25 00:00:00-04:00,27.191607285860513,27.22621463516579,26.28686744727061,26.786205291748047,392700,0.0,0.0
2025-07-28 00:00:00-04:00,26.825754355124303,27.102615021234485,26.712044229568065,27.063064575195312,276400,0.0,0.0
2025-07-29 00:00:00-04:00,27.32014914977801,27.419028100909756,26.94441139862833,27.013626098632812,202700,0.0,0.0
2025-07-30 00:00:00-04:00,27.142169083822274,27.211383783273213,26.361027450683704,26.44013023376465,163800,0.0,0.0
2025-07-31 00:00:00-04:00,26.212709995145882,26.361027477830508,25.9358493110979,26.005064010620117,185200,0.0,0.0
2025-08-01 00:00:00-04:00,25.846858734412983,25.846858734412983,25.174484127005904,25.322803497314453,233500,0.0,0.0
2025-08-04 00:00:00-04:00,25.33268987062518,25.5897724869613,25.2239228426652,25.510669708251953,155200,0.0,0.0
2025-08-05 00:00:00-04:00,25.629787585197633,26.00698924178379,25.262514380587277,25.99706268310547,273900,0.1,0.0
2025-08-06 00:00:00-04:00,25.957355868695963,25.957355868695963,25.331997832307678,25.451112747192383,266700,0.0,0.0
2025-08-07 00:00:00-04:00,25.71912346111591,25.75882969388566,25.19302723670109,25.302217483520508,149500,0.0,0.0
2025-08-08 00:00:00-04:00,25.600009685254197,25.7191246022537,25.40148229919173,25.550376892089844,191300,0.0,0.0
2025-08-11 00:00:00-04:00,25.71912358018971,25.90772440012441,25.555340102499688,25.82831382751465,139400,0.0,0.0
2025-08-12 00:00:00-04:00,26.09632475666402,26.850724236412088,25.907723940078323,26.811019897460938,209300,0.0,0.0
2025-08-13 00:00:00-04:00,26.920211210137165,27.3073375234215,26.81102096042212,27.29741096496582,192300,0.0,0.0
2025-08-14 00:00:00-04:00,26.72168382761844,27.33711719878854,26.72168382761844,27.29741096496582,157700,0.0,0.0
2025-08-15 00:00:00-04:00,27.396674526645768,27.396674526645768,26.791167716795243,26.850725173950195,241100,0.0,0.0
2025-08-18 00:00:00-04:00,26.880505920400058,27.347042824417905,26.811021902067345,27.257705688476562,200300,0.0,0.0
2025-08-19 00:00:00-04:00,27.257704409076375,27.66468572776077,27.227926627358613,27.644832611083984,199200,0.0,0.0
2025-08-20 00:00:00-04:00,27.73417024905264,27.79372770687265,27.371859382926598,27.505863189697266,263200,0.0,0.0
2025-08-21 00:00:00-04:00,27.38674831788208,27.555496026390024,27.252742617599527,27.347042083740234,172300,0.0,0.0
2025-08-22 00:00:00-04:00,27.57534925366667,28.77643444179592,27.490974452426762,28.716876983642578,200900,0.0,0.0
2025-08-25 00:00:00-04:00,28.69702367664743,28.80621392695409,28.5084228515625,28.5084228515625,147700,0.0,0.0
2025-08-26 00:00:00-04:00,28.42901334070721,29.064299856005665,25.768756146132006,28.915403366088867,231500,0.0,0.0
2025-08-27 00:00:00-04:00,28.79628768755637,29.2330468003256,28.79628768755637,29.084150314331055,153800,0.0,0.0
2025-08-28 00:00:00-04:00,29.27275000152201,29.27275000152201,28.706949435328905,28.83599090576172,181500,0.0,0.0
2025-08-29 00:00:00-04:00,28.845917981292377,29.00473912927203,28.58783314250109,28.697023391723633,123900,0.0,0.0
2025-09-02 00:00:00-04:00,28.369455738659006,28.71687772456262,28.220561142785314,28.627540588378906,178600,0.0,0.0
2025-09-03 00:00:00-04:00,28.56798312868893,28.865772320436314,28.354566847060887,28.627540588378906,164800,0.0,0.0
2025-09-04 00:00:00-04:00,28.766508999599655,28.965036392211914,28.627540960749595,28.965036392211914,133500,0.0,0.0
2025-09-05 00:00:00-04:00,29.054372402007278,29.530835853828926,28.553091607099066,28.716876983642578,200700,0.0,0.0
2025-09-08 00:00:00-04:00,28.82606686430125,29.242970959315524,28.53820234921337,29.223119735717773,226700,0.0,0.0
2025-09-09 00:00:00-04:00,29.08415068893285,29.213194059350528,28.58783411135176,28.657320022583008,169200,0.0,0.0
2025-09-10 00:00:00-04:00,28.6672432613018,28.796286625297157,28.49849555759068,28.597759246826172,125200,0.0,0.0
2025-09-11 00:00:00-04:00,28.548130673526476,28.77643585205078,28.40916263325908,28.77643585205078,159600,0.0,0.0
2025-09-12 00:00:00-04:00,28.746654502950996,28.87569786994913,28.381365481238415,28.826066970825195,204400,0.0,0.0
2025-09-15 00:00:00-04:00,28.965036767452915,29.113931367192265,28.498497956759376,28.538204193115234,160700,0.0,0.0
2025-09-16 00:00:00-04:00,28.548128713751577,28.548128713751577,27.917806456341594,28.091516494750977,201700,0.0,0.0
2025-09-17 00:00:00-04:00,28.101443287022875,28.86577124898058,27.972401813601508,28.141149520874023,278000,0.0,0.0
2025-09-18 00:00:00-04:00,28.240413906490335,29.089114796300752,28.240413906490335,29.054372787475586,251900,0.0,0.0
2025-09-19 00:00:00-04:00,29.094075391599468,29.094075391599468,28.24041222006244,28.260263442993164,1349300,0.0,0.0
2025-09-22 00:00:00-04:00,28.081592801781753,28.46871912552251,27.987291440554397,28.05181312561035,301500,0.0,0.0
2025-09-23 00:00:00-04:00,28.02203273401404,28.563017864215684,27.932695601078176,28.061738967895508,226500,0.0,0.0
2025-09-24 00:00:00-04:00,28.141149542361003,28.29004413282163,27.922769042607808,28.061738967895508,158300,0.0,0.0
2025-09-25 00:00:00-04:00,27.99225467691044,28.23544873050431,27.892990986479358,28.170927047729492,166100,0.0,0.0
2025-09-26 00:00:00-04:00,28.210633536816097,28.468718376956264,27.972401813601508,28.141149520874023,171200,0.0,0.0
2025-09-29 00:00:00-04:00,28.21063338638337,28.21063338638337,27.664685926923372,27.773874282836914,229900,0.0,0.0
2025-09-30 00:00:00-04:00,27.843357157173788,27.87313683118275,27.217999149364356,27.525714874267578,206800,0.0,0.0
2025-10-01 00:00:00-04:00,27.30733776493561,27.376821781442473,27.044290590074652,27.26763153076172,152500,0.0,0.0
2025-10-02 00:00:00-04:00,27.237854026789616,27.3569689439337,26.920211723342092,27.158443450927734,168000,0.0,0.0
2025-10-03 00:00:00-04:00,27.227927146061173,27.63490657920127,27.02939976210615,27.42645263671875,146200,0.0,0.0
2025-10-06 00:00:00-04:00,27.72424334239276,28.17092711037991,27.495938179201723,27.932695388793945,183400,0.0,0.0
2025-10-07 00:00:00-04:00,27.952548611582102,28.111369759908342,27.456232049738247,27.535642623901367,203400,0.0,0.0
2025-10-08 00:00:00-04:00,27.714316450756233,27.76692550564908,27.35696792602539,27.35696792602539,134100,0.0,0.0
2025-10-09 00:00:00-04:00,27.337117020112093,27.376821360377868,27.029399389889576,27.088958740234375,118400,0.0,0.0
2025-10-10 00:00:00-04:00,27.22792699472995,27.376821585219947,26.19558763317742,26.21544075012207,207400,0.0,0.0
2025-10-13 00:00:00-04:00,26.562860981462745,26.562860981462745,26.101286455905754,26.50330352783203,139100,0.0,0.0
2025-10-14 00:00:00-04:00,26.38418887209782,27.46615914971415,26.38418887209782,27.317264556884766,149700,0.0,0.0
2025-10-15 00:00:00-04:00,27.47608650473278,27.47608650473278,26.840801880488446,27.069107055664062,138100,0.0,0.0
2025-10-16 00:00:00-04:00,26.78124326598563,26.935102093483003,25.381630606265905,25.53052520751953,235700,0.0,0.0
2025-10-17 00:00:00-04:00,25.719124720005013,26.096326376591165,25.525561559021515,25.99706268310547,205700,0.0,0.0
2025-10-20 00:00:00-04:00,26.165809974955966,26.731610557475545,25.96728259116429,26.662126541137695,157400,0.0,0.0
2025-10-21 00:00:00-04:00,26.543009710486967,26.801094551886006,26.543009710486967,26.74153709411621,126400,0.0,0.0
2025-10-22 00:00:00-04:00,26.850725451144594,26.994657709610927,26.56286282750938,26.74153709411621,147800,0.0,0.0
2025-10-23 00:00:00-04:00,26.741538852264846,26.741538852264846,26.304779715543816,26.45367431640625,220200,0.0,0.0
2025-10-24 00:00:00-04:00,27.79372854275107,28.10640851898032,27.14851736595385,27.942623138427734,291600,0.0,0.0
2025-10-27 00:00:00-04:00,28.190780222545797,28.190780222545797,26.99962161481135,27.009546279907227,212600,0.0,0.0
2025-10-28 00:00:00-04:00,27.15844441042095,27.361934136587294,26.632348143438374,27.118738174438477,263700,0.0,0.0
2025-10-29 00:00:00-04:00,26.97976881849284,27.297411117661674,26.592642503043002,26.74153709411621,217400,0.0,0.0
2025-10-30 00:00:00-04:00,26.453671182159546,27.237852223514395,26.413966843505957,26.60256576538086,209100,0.0,0.0
2025-10-31 00:00:00-04:00,26.38418955609489,26.607532397777756,26.19558872386296,26.543010711669922,175200,0.0,0.0
2025-11-03 00:00:00-05:00,26.463598194375678,26.72168302659455,26.274997375966233,26.70182991027832,180600,0.0,0.0
2025-11-04 00:00:00-05:00,26.452746872149298,26.801465205943096,26.33318749507613,26.781538009643555,222600,0.1,0.0
2025-11-05 00:00:00-05:00,26.90109838694505,27.3295235912395,26.79150071132685,27.050548553466797,207700,0.0,0.0
2025-11-06 00:00:00-05:00,26.940953076700836,27.1252748874411,26.846299846577516,26.960878372192383,135800,0.0,0.0
2025-11-07 00:00:00-05:00,26.940953258474945,27.18007390924483,26.891135268504964,27.160146713256836,113500,0.0,0.0
2025-11-10 00:00:00-05:00,27.568644123547216,27.568644123547216,27.01069595067501,27.339487075805664,154100,0.0,0.0
2025-11-11 00:00:00-05:00,27.319561045591957,27.583589746627744,27.21992696395289,27.36937713623047,198900,0.0,0.0
2025-11-12 00:00:00-05:00,27.329523911485342,27.648351443897596,27.329523911485342,27.399267196655273,222500,0.0,0.0
2025-11-13 00:00:00-05:00,27.349450923219614,27.578607973052854,27.065495035304078,27.19999885559082,173800,0.0,0.0
2025-11-14 00:00:00-05:00,27.10036763365808,27.473994015186296,26.851283379305936,27.4191951751709,171800,0.0,0.0
2025-11-17 00:00:00-05:00,27.41919467500176,27.429158273037537,26.39296688166059,26.43282127380371,181300,0.0,0.0
2025-11-18 00:00:00-05:00,26.4029307810643,26.69685027520761,26.343151092529297,26.343151092529297,234800,0.0,0.0
2025-11-19 00:00:00-05:00,26.34315135080974,26.801465468008338,26.318243305372782,26.642051696777344,154500,0.0,0.0
2025-11-20 00:00:00-05:00,26.911062933563265,27.24981766981573,26.761612761772366,26.831356048583984,228300,0.0,0.0
2025-11-21 00:00:00-05:00,26.98080605889178,27.792821251257127,26.965861611910746,27.508865356445312,349300,0.0,0.0
2025-11-24 00:00:00-05:00,27.439121545961022,27.528790126496578,27.219926192495027,27.349451065063477,224400,0.0,0.0
2025-11-25 00:00:00-05:00,27.75794987533405,28.345788866833892,27.349451850781552,28.24615478515625,215900,0.0,0.0
2025-11-26 00:00:00-05:00,28.016996383666992,28.18637374428589,27.957214797310705,28.016996383666992,134300,0.0,0.0
2025-11-28 00:00:00-05:00,28.016998116069757,28.016998116069757,27.728059465234015,27.817729949951172,110400,0.0,0.0
2025-12-01 00:00:00-05:00,27.71809586612599,28.295971267419436,27.71809586612599,28.256118774414062,250700,0.0,0.0
2025-12-02 00:00:00-05:00,28.395604998569826,28.614798458288096,28.146520744196405,28.295970916748047,260500,0.0,0.0
2025-12-03 00:00:00-05:00,28.295969745100624,29.093040466308594,28.23120730954377,29.093040466308594,196200,0.0,0.0
2025-12-04 00:00:00-05:00,28.92366310433357,29.323193304428564,28.92366310433357,29.093040466308594,185100,0.0,0.0
2025-12-05 00:00:00-05:00,29.192674165251965,29.372015134380593,28.973480703184794,29.083078384399414,184300,0.0,0.0
2025-12-08 00:00:00-05:00,29.112966237393962,29.43677652010876,28.978460515359906,29.20263671875,185200,0.0,0.0
2025-12-09 00:00:00-05:00,29.35208741198515,29.660953253446397,29.197656391616558,29.362051010131836,171600,0.0,0.0
2025-12-10 00:00:00-05:00,29.451720997530302,30.328498616065765,29.357069667272427,30.07941436767578,271200,0.0,0.0
2025-12-11 00:00:00-05:00,30.208937143075353,31.125567247169073,30.208937143075353,30.70710563659668,327600,0.0,0.0
2025-12-12 00:00:00-05:00,30.866519704520194,30.866519704520194,30.109303358915053,30.617435455322266,199600,0.0,0.0
2025-12-15 00:00:00-05:00,30.74695998574371,30.886446555621,30.59750791760434,30.657289505004883,198900,0.0,0.0
2025-12-16 00:00:00-05:00,30.776849574406036,30.86652005717074,30.433113990716034,30.57758331298828,184400,0.0,0.0
2025-12-17 00:00:00-05:00,30.617434722428495,30.986080238576392,30.47794815433241,30.64732551574707,169800,0.0,0.0
2025-12-18 00:00:00-05:00,30.826667394456777,30.9860811628537,30.637362831849675,30.81670379638672,153800,0.0,0.0
2025-12-19 00:00:00-05:00,30.65728888214416,30.786811851489862,30.07941351821346,30.39824104309082,350700,0.0,0.0
2025-12-22 00:00:00-05:00,30.517800785378757,30.637362058840818,29.969816207885742,29.969816207885742,204800,0.0,0.0
2025-12-23 00:00:00-05:00,29.890110580088972,30.129231236686238,29.61113553054447,29.660953521728516,178600,0.0,0.0
2025-12-24 00:00:00-05:00,29.750622528455917,30.057492977321285,29.650988451396454,29.720731735229492,147000,0.0,0.0
2025-12-26 00:00:00-05:00,29.62109868970851,29.720732770237678,29.48161211718489,29.601171493530273,109900,0.0,0.0
2025-12-29 00:00:00-05:00,29.621099303153137,29.621099303153137,29.362051448557303,29.421833038330078,183200,0.0,0.0
2025-12-30 00:00:00-05:00,29.3720140834934,29.376996832658737,29.162784227237317,29.20263671875,146000,0.0,0.0
2025-12-31 00:00:00-05:00,29.2524541802069,29.277362224497665,28.993406338786638,29.043222427368164,156900,0.0,0.0
2026-01-02 00:00:00-05:00,28.943589780194415,29.13787709613249,28.639708584250577,28.93362808227539,170900,0.0,0.0
2026-01-05 00:00:00-05:00,28.86388196345447,29.86520170424755,28.86388196345447,29.591209411621094,228200,0.0,0.0
2026-01-06 00:00:00-05:00,29.381977564232766,29.690841498581243,29.28234348530558,29.491575241088867,237500,0.0,0.0
2026-01-07 00:00:00-05:00,29.441757202148438,29.631061761756925,28.933627011158375,29.441757202148438,210700,0.0,0.0
2026-01-08 00:00:00-05:00,29.3221985330706,30.487912911767545,29.3221985330706,30.238828659057617,203700,0.0,0.0
2026-01-09 00:00:00-05:00,30.258754567033655,30.358386743585957,29.63106121272721,29.670915603637695,137700,0.0,0.0
2026-01-12 00:00:00-05:00,29.38197713132867,29.621097777013595,29.23252696532084,29.431795120239258,139000,0.0,0.0
2026-01-13 00:00:00-05:00,29.47164774661765,29.715751142497837,29.3022703842662,29.58124542236328,166200,0.0,0.0
2026-01-14 00:00:00-05:00,29.56131842243817,30.238827876329864,29.56131842243817,30.218900680541992,249800,0.0,0.0
2026-01-15 00:00:00-05:00,30.19897291686682,31.03589612059928,30.19897291686682,30.83662986755371,173400,0.0,0.0
2026-01-16 00:00:00-05:00,30.63736339314704,30.986081730539826,30.537729310983096,30.587547302246094,273900,0.0,0.0
2026-01-20 00:00:00-05:00,30.24879173259545,30.567619266476708,29.9578615129107,30.07941436767578,182600,0.0,0.0
2026-01-21 00:00:00-05:00,30.238827507388006,31.663589682683526,30.238827507388006,31.474285125732422,271900,0.0,0.0
2026-01-22 00:00:00-05:00,31.613772563524584,32.022270581619814,31.434431599412136,31.59384536743164,194700,0.0,0.0
2026-01-23 00:00:00-05:00,30.567618430562145,31.982415098380123,30.567618430562145,30.83662986755371,431600,0.0,0.0
2026-01-26 00:00:00-05:00,30.746961069770187,31.30490926931257,30.443077974370567,31.02593421936035,280600,0.0,0.0
2026-01-27 00:00:00-05:00,31.354723735395226,31.922637404121563,31.354723735395226,31.763221740722656,269200,0.0,0.0
2026-01-28 00:00:00-05:00,31.633700277916514,31.743297957861373,30.82666782654978,30.876483917236328,203200,0.0,0.0
2026-01-29 00:00:00-05:00,31.006007656847533,31.783149285093273,31.006007656847533,31.723369598388672,283500,0.0,0.0
2026-01-30 00:00:00-05:00,31.603808027620275,32.18168339463276,31.474285057583838,31.813039779663086,290800,0.0,0.0
2026-02-02 00:00:00-05:00,31.793114435497557,32.75956256962024,31.758242791520146,32.63999938964844,192300,0.0,0.0
2026-02-03 00:00:00-05:00,32.72999954223633,33.30500030517578,32.2400016784668,32.68000030517578,237000,0.12,0.0
2026-02-04 00:00:00-05:00,32.869998931884766,33.47999954223633,32.869998931884766,33.099998474121094,175800,0.0,0.0
2026-02-05 00:00:00-05:00,33.11000061035156,33.41999816894531,32.86000061035156,33.2599983215332,205400,0.0,0.0
2026-02-06 00:00:00-05:00,33.529998779296875,33.88999938964844,33.32500076293945,33.5099983215332,179100,0.0,0.0
2026-02-09 00:00:00-05:00,33.4900016784668,33.72999954223633,33.42499923706055,33.52000045776367,140600,0.0,0.0
2026-02-10 00:00:00-05:00,33.400001525878906,33.709999084472656,32.83000183105469,33.060001373291016,157900,0.0,0.0
2026-02-11 00:00:00-05:00,33.349998474121094,33.66999816894531,32.58000183105469,32.689998626708984,134300,0.0,0.0
2026-02-12 00:00:00-05:00,33.0,33.29999923706055,32.0,32.5,157200,0.0,0.0
2026-02-13 00:00:00-05:00,32.54999923706055,33.08000183105469,32.29999923706055,32.880001068115234,141500,0.0,0.0
2026-02-17 00:00:00-05:00,33.08000183105469,33.529998779296875,32.7599983215332,33.16999816894531,168800,0.0,0.0
2026-02-18 00:00:00-05:00,33.20000076293945,33.595001220703125,32.65999984741211,32.959999084472656,180700,0.0,0.0
2026-02-19 00:00:00-05:00,32.709999084472656,32.91999816894531,32.439998626708984,32.849998474121094,136253,0.0,0.0
