Date,Open,High,Low,Close,Volume,Dividends,Stock Splits
2022-01-03 00:00:00-05:00,49.210052849484015,49.46482247975936,48.65151612258872,49.102264404296875,320900,0.0,0.0
2022-01-04 00:00:00-05:00,49.102262586240606,49.59220732769105,48.8474892274166,49.32763671875,201800,0.0,0.0
2022-01-05 00:00:00-05:00,49.26884397122602,49.337435938729165,48.151770514195455,48.16157150268555,514100,0.0,0.0
2022-01-06 00:00:00-05:00,47.906791342728845,48.710300337849894,47.75981017804944,48.01457977294922,401000,0.0,0.0
2022-01-07 00:00:00-05:00,47.740214230615265,48.36734286780208,47.12288284301758,47.12288284301758,237800,0.0,0.0
2022-01-10 00:00:00-05:00,46.87791103097502,47.75981302351945,46.564346708732906,47.465843200683594,437200,0.0,0.0
2022-01-11 00:00:00-05:00,47.465840378784414,47.85779762727553,46.7603225646743,47.387451171875,287800,0.0,0.0
2022-01-12 00:00:00-05:00,47.2404766442408,47.6814277111405,46.760332834269484,47.08369445800781,276400,0.0,0.0
2022-01-13 00:00:00-05:00,47.42664629381392,47.69121313033314,46.4761524229768,46.6329345703125,202500,0.0,0.0
2022-01-14 00:00:00-05:00,46.28998458907549,46.926910562074504,45.70204860863559,46.68193817138672,195300,0.0,0.0
2022-01-18 00:00:00-05:00,46.42716578180405,46.544751475739425,45.30029135614605,45.66284942626953,284000,0.0,0.0
2022-01-19 00:00:00-05:00,45.6040554152082,46.05480366029982,45.143506182451105,45.44727325439453,424600,0.0,0.0
2022-01-20 00:00:00-05:00,45.40807676597839,46.27038051918389,44.49677928840498,44.50657653808594,252700,0.0,0.0
2022-01-21 00:00:00-05:00,44.53597453340767,45.30028707879228,43.732465514418344,43.7520637512207,540000,0.0,0.0
2022-01-24 00:00:00-05:00,41.155351806690675,42.43900817300114,40.72420184772236,42.32141876220703,521700,0.0,0.0
2022-01-25 00:00:00-05:00,41.655104157592106,42.07645697356765,40.88099423478358,41.39053726196289,374100,0.0,0.0
2022-01-26 00:00:00-05:00,41.90006571766497,42.07644609446838,39.97948354578469,40.30284881591797,397400,0.0,0.0
2022-01-27 00:00:00-05:00,40.6458109660957,41.27293957017342,40.371443136307036,40.73400115966797,412000,0.0,0.0
2022-01-28 00:00:00-05:00,40.87119189568684,41.58651081271869,40.430240854233794,41.57671356201172,332100,0.0,0.0
2022-01-31 00:00:00-05:00,41.39052820231281,42.79176654787217,41.302338010412306,42.76237106323242,473200,0.0,0.0
2022-02-01 00:00:00-05:00,42.75257891677061,43.35031209565865,42.38021986897479,43.20332717895508,300500,0.0,0.0
2022-02-02 00:00:00-05:00,42.93875358153055,43.43849927313631,42.7133794661328,43.056339263916016,337400,0.0,0.0
2022-02-03 00:00:00-05:00,42.439018586316124,42.693788229587554,40.8026010620558,40.93978500366211,278500,0.0,0.0
2022-02-04 00:00:00-05:00,40.64581216091623,41.85107568317941,40.22445941679397,41.419925689697266,319900,0.0,0.0
2022-02-07 00:00:00-05:00,41.46891660487033,42.39001123957693,41.302337211160264,41.96866226196289,197200,0.0,0.0
2022-02-08 00:00:00-05:00,41.79228622585539,42.41941487109896,41.64530131425949,42.31162643432617,206700,0.0,0.0
2022-02-09 00:00:00-05:00,42.68398637083353,43.35031150497557,42.30182634020781,42.54679870605469,252700,0.0,0.0
2022-02-10 00:00:00-05:00,41.69429859339341,43.173933871267145,41.69429859339341,42.17444610595703,226500,0.0,0.0
2022-02-11 00:00:00-05:00,42.34102216388267,42.850565125555924,41.92947038982827,42.13524627685547,200400,0.0,0.0
2022-02-14 00:00:00-05:00,42.096051545876804,42.948558092563594,42.06665605736407,42.53700256347656,307600,0.0,0.0
2022-02-15 00:00:00-05:00,42.899562107815925,43.26212392256326,42.1352494762612,42.41941833496094,172500,0.0,0.0
2022-02-16 00:00:00-05:00,42.13525098053743,43.10534328735956,42.13525098053743,42.683990478515625,297200,0.0,0.0
2022-02-17 00:00:00-05:00,42.311623767988216,42.419412197968526,41.586503981381505,41.7432861328125,227600,0.0,0.0
2022-02-18 00:00:00-05:00,41.6061063097969,41.95886711970837,41.26314648792836,41.88047790527344,354200,0.0,0.0
2022-02-22 00:00:00-05:00,41.73349431108123,42.24303730399247,41.214154067798276,41.380733489990234,224700,0.0,0.0
2022-02-23 00:00:00-05:00,41.75308456231621,41.78248004578974,40.2440541109898,40.30284881591797,184900,0.0,0.0
2022-02-24 00:00:00-05:00,39.54741269474326,40.695276720122145,39.08630300461819,40.39113998413086,348200,0.05,0.0
2022-02-25 00:00:00-05:00,38.64482696969803,40.72472017020824,38.47804479336259,40.67566680908203,522200,0.0,0.0
2022-02-28 00:00:00-05:00,39.822118288680976,40.62660522440941,39.06668470414947,39.59646987915039,444800,0.0,0.0
2022-03-01 00:00:00-05:00,39.311951491086866,39.704385748672934,37.958057419198425,38.22294998168945,287500,0.0,0.0
2022-03-02 00:00:00-05:00,38.29162561321892,39.25308543248862,38.16408765999541,38.96857452392578,227200,0.0,0.0
2022-03-03 00:00:00-05:00,39.37082241643767,39.81231007288898,38.08560362599739,38.242576599121094,224700,0.0,0.0
2022-03-04 00:00:00-05:00,37.859964090181506,38.61539787004899,37.33999169648681,38.546722412109375,271400,0.0,0.0
2022-03-07 00:00:00-05:00,38.379935626524826,38.379935626524826,37.44790676348086,37.61469268798828,301100,0.0,0.0
2022-03-08 00:00:00-05:00,37.67355446386881,37.84033662590083,36.682659438454316,36.84944534301758,266200,0.0,0.0
2022-03-09 00:00:00-05:00,37.6048741347582,38.18370891082048,37.26149319582936,37.938438415527344,239100,0.0,0.0
2022-03-10 00:00:00-05:00,37.17319725639847,37.614684915298994,36.682656244849206,37.39884567260742,296700,0.0,0.0
2022-03-11 00:00:00-05:00,37.39884469210175,38.51727757030657,37.16338710854853,38.007118225097656,327200,0.0,0.0
2022-03-14 00:00:00-04:00,38.115039306933454,39.57685332939703,37.92863504928335,38.791988372802734,332200,0.0,0.0
2022-03-15 00:00:00-04:00,39.2236628734773,39.46893340450895,38.37012247339593,38.62520217895508,402100,0.0,0.0
2022-03-16 00:00:00-04:00,38.870466543468446,40.400955761616146,38.870466543468446,39.93984603881836,427100,0.0,0.0
2022-03-17 00:00:00-04:00,39.57685285821803,41.244693210206655,39.57685285821803,41.17601776123047,359400,0.0,0.0
2022-03-18 00:00:00-04:00,41.117150215038926,42.12766356946146,40.8032042458488,41.83333969116211,583700,0.0,0.0
2022-03-21 00:00:00-04:00,41.60769097614755,41.9118277690851,40.695284339866035,40.92093276977539,254900,0.0,0.0
2022-03-22 00:00:00-04:00,41.06809527118573,41.30355286770882,40.21455493436027,40.351905822753906,216000,0.0,0.0
2022-03-23 00:00:00-04:00,39.74363779482873,40.51869362166673,39.43950471172558,39.76325988769531,215200,0.0,0.0
2022-03-24 00:00:00-04:00,39.93004597547468,40.00853060474297,39.576855787438454,39.71420669555664,195400,0.0,0.0
2022-03-25 00:00:00-04:00,39.76325993236423,40.29304521276242,39.4100697454321,40.24399185180664,219300,0.0,0.0
2022-03-28 00:00:00-04:00,40.02815252759684,40.322476435532465,39.2629096184579,39.76325988769531,195300,0.0,0.0
2022-03-29 00:00:00-04:00,40.430392017422584,41.19563859229261,39.949663889297824,41.08771896362305,276100,0.0,0.0
2022-03-30 00:00:00-04:00,41.087717728361376,41.18582443736723,40.42058162803464,40.734527587890625,252500,0.0,0.0
2022-03-31 00:00:00-04:00,40.59718077411177,41.2348819317353,40.106639694771474,40.15569305419922,290200,0.0,0.0
2022-04-01 00:00:00-04:00,40.45983180863417,40.94055999359583,40.253801701118995,40.74434280395508,257700,0.0,0.0
2022-04-04 00:00:00-04:00,40.74434256961187,41.56845176733784,40.45983157592734,41.05828857421875,218500,0.0,0.0
2022-04-05 00:00:00-04:00,40.979804247362694,41.31337234754057,40.450018957221666,40.47945022583008,178100,0.0,0.0
2022-04-06 00:00:00-04:00,40.19493832244478,40.538315590228166,39.99872113691219,40.29304504394531,190400,0.0,0.0
2022-04-07 00:00:00-04:00,39.99872142953377,40.43039624683828,38.95877295837507,39.71420669555664,295900,0.0,0.0
2022-04-08 00:00:00-04:00,39.66514881332048,40.32247201082898,39.380634111773006,39.694580078125,194500,0.0,0.0
2022-04-11 00:00:00-04:00,39.272705518032076,40.35189780569878,39.272705518032076,39.65532684326172,246400,0.0,0.0
2022-04-12 00:00:00-04:00,39.92023048605086,40.52850410071972,39.763257495095004,39.8025016784668,313100,0.0,0.0
2022-04-13 00:00:00-04:00,39.65533739753642,40.322473536916334,39.65533739753642,40.21455764770508,214900,0.0,0.0
2022-04-14 00:00:00-04:00,40.116451063960724,40.71491181229592,39.93004679092666,39.949668884277344,196100,0.0,0.0
2022-04-18 00:00:00-04:00,39.71420479028856,40.675664843521865,39.71420479028856,40.567745208740234,268700,0.0,0.0
2022-04-19 00:00:00-04:00,40.57755096877962,41.156389482075745,40.16549459434185,40.42057800292969,341900,0.0,0.0
2022-04-20 00:00:00-04:00,40.773774155342466,41.04847595066433,40.19493555624905,40.21455764770508,187500,0.0,0.0
2022-04-21 00:00:00-04:00,40.61679836123601,40.73452715931058,39.243281994418936,39.34138870239258,172300,0.0,0.0
2022-04-22 00:00:00-04:00,39.0961180131948,39.21385055326818,37.58525450756305,37.634307861328125,244200,0.0,0.0
2022-04-25 00:00:00-04:00,37.47732938331246,38.232762896520846,37.290921426820375,38.22294998168945,309000,0.0,0.0
2022-04-26 00:00:00-04:00,37.91882352522148,38.13465903582959,36.78076847304115,36.81019973754883,369300,0.0,0.0
2022-04-27 00:00:00-04:00,36.976976647395645,37.99730275426562,36.976976647395645,37.56562805175781,320500,0.0,0.0
2022-04-28 00:00:00-04:00,37.948259011860365,38.6153951934881,37.79128601280275,38.4191780090332,319100,0.0,0.0
2022-04-29 00:00:00-04:00,37.77083545360246,39.58815630064895,37.377899393384624,38.70405578613281,460800,0.05,0.0
2022-05-02 00:00:00-04:00,38.94963865496451,38.9594603698671,37.88871357432298,38.920166015625,360100,0.0,0.0
2022-05-03 00:00:00-04:00,38.93981365925354,39.81409244137708,38.527234176716284,39.666744232177734,265900,0.0,0.0
2022-05-04 00:00:00-04:00,39.548859495182576,40.374022172669875,38.723696817695284,40.265968322753906,244600,0.0,0.0
2022-05-05 00:00:00-04:00,39.70603444571356,40.06950160222823,37.42701435739723,38.24235534667969,260100,0.0,0.0
2022-05-06 00:00:00-04:00,38.06554300994585,38.37989042017813,37.4564953710354,37.82978057861328,398800,0.0,0.0
2022-05-09 00:00:00-04:00,37.36807117135779,38.29146588057038,37.21089752410213,37.4859504699707,264400,0.0,0.0
2022-05-10 00:00:00-04:00,37.82977051931902,37.82977051931902,36.326797129593494,37.26001739501953,268800,0.0,0.0
2022-05-11 00:00:00-04:00,37.210903579963855,37.54489810315225,35.36411011366827,36.27768325805664,351400,0.0,0.0
2022-05-12 00:00:00-04:00,36.258033381615164,37.741359574372446,35.90439170723179,37.64312744140625,410500,0.0,0.0
2022-05-13 00:00:00-04:00,37.84942447851712,38.63529668327723,37.2894929683812,37.672603607177734,238400,0.0,0.0
2022-05-16 00:00:00-04:00,37.27965741459349,37.43683104774228,36.533079846650466,37.10283660888672,210500,0.0,0.0
2022-05-17 00:00:00-04:00,37.59400974794018,38.026236360527584,37.26983697801299,37.79047775268555,254100,0.0,0.0
2022-05-18 00:00:00-04:00,37.14213562231043,37.741357597725944,36.57237878846278,36.91619873046875,264400,0.0,0.0
2022-05-19 00:00:00-04:00,36.52325873321278,37.40736277625082,36.52325873321278,36.81795883178711,223900,0.0,0.0
2022-05-20 00:00:00-04:00,37.11266989184918,37.3091379313653,36.18927497763443,37.201080322265625,214000,0.0,0.0
2022-05-23 00:00:00-04:00,37.643123470215954,37.643123470215954,36.945665656714084,37.31895446777344,333900,0.0,0.0
2022-05-24 00:00:00-04:00,37.024255772980936,37.024255772980936,35.71775037289108,36.07139205932617,251100,0.0,0.0
2022-05-25 00:00:00-04:00,35.835631892187436,37.08319958622306,35.835631892187436,36.76885223388672,186000,0.0,0.0
2022-05-26 00:00:00-04:00,36.8572604824218,37.59401274853475,36.8572604824218,37.299312591552734,191800,0.0,0.0
2022-05-27 00:00:00-04:00,37.66276818486082,37.88870504994678,37.417184147074124,37.65294647216797,150900,0.0,0.0
2022-05-31 00:00:00-04:00,37.32877412979604,37.77082615184874,37.09301180226291,37.269832611083984,482900,0.0,0.0
2022-06-01 00:00:00-04:00,37.39754154289568,37.77083037518102,36.86707905711896,37.2403678894043,165400,0.0,0.0
2022-06-02 00:00:00-04:00,37.32877549409698,37.643122777419954,36.90637062951014,37.60382843017578,170100,0.0,0.0
2022-06-03 00:00:00-04:00,37.24036924807078,37.31895795134142,36.67061613862112,36.89655303955078,162400,0.0,0.0
2022-06-06 00:00:00-04:00,37.20107368368245,37.20107368368245,36.65096776798388,37.11266326904297,234400,0.0,0.0
2022-06-07 00:00:00-04:00,36.857265967807365,37.81995528912532,36.42503925639411,37.70207595825195,193800,0.0,0.0
2022-06-08 00:00:00-04:00,37.37789451296142,37.81994658615885,37.07337266600414,37.11266326904297,148900,0.0,0.0
2022-06-09 00:00:00-04:00,36.847434205561285,37.35824954844839,36.081213064888495,36.13032913208008,188500,0.0,0.0
2022-06-10 00:00:00-04:00,35.64898975255516,36.18927403668962,35.36411129002962,35.83563232421875,213800,0.0,0.0
2022-06-13 00:00:00-04:00,34.93187956185442,35.29534293720516,34.08706975916172,34.1460075378418,243000,0.0,0.0
2022-06-14 00:00:00-04:00,33.98883393750893,34.70594272267832,33.85130745727881,34.59788513183594,215600,0.0,0.0
2022-06-15 00:00:00-04:00,35.04976640865364,35.275703352614684,34.25407249941283,34.72559356689453,297900,0.0,0.0
2022-06-16 00:00:00-04:00,34.17548069419787,34.17548069419787,33.21279157219005,33.53696060180664,431200,0.0,0.0
2022-06-17 00:00:00-04:00,33.79236878620936,34.0183056759523,32.977027893066406,32.977027893066406,631100,0.0,0.0
2022-06-21 00:00:00-04:00,33.57625416948594,34.01830624257003,33.006497331440784,33.72360610961914,261600,0.0,0.0
2022-06-22 00:00:00-04:00,33.24226773426881,34.28354578659582,33.24226773426881,34.116546630859375,216100,0.0,0.0
2022-06-23 00:00:00-04:00,34.106722421964044,34.39159714182114,33.870960027365065,34.22460174560547,152800,0.0,0.0
2022-06-24 00:00:00-04:00,34.57823956080978,35.845454325695016,34.42106589792356,35.80615997314453,668100,0.0,0.0
2022-06-27 00:00:00-04:00,36.14015828473659,36.356269751913196,35.41322767518954,36.032100677490234,277500,0.0,0.0
2022-06-28 00:00:00-04:00,36.297326932108845,36.43485341415054,35.43286994129815,35.570396423339844,269500,0.0,0.0
2022-06-29 00:00:00-04:00,35.64898927118207,36.022274409468736,35.187289958655484,35.766868591308594,205000,0.0,0.0
2022-06-30 00:00:00-04:00,35.29534494495068,36.2580341070808,34.902408910592534,36.22856521606445,361200,0.0,0.0
2022-07-01 00:00:00-04:00,36.041921623182624,36.33662554476575,35.089057851296204,35.540931701660156,237000,0.0,0.0
2022-07-05 00:00:00-04:00,35.089052956075,36.27767894994129,34.90240666546896,36.20891571044922,278200,0.0,0.0
2022-07-06 00:00:00-04:00,36.091039880181306,36.24821354947806,35.246230002467826,36.012451171875,157700,0.0,0.0
2022-07-07 00:00:00-04:00,36.22856056315684,36.76884473052269,36.20891338923069,36.41520309448242,167100,0.0,0.0
2022-07-08 00:00:00-04:00,36.25803361675755,36.80814330795658,35.943686292448305,36.1598014831543,164600,0.0,0.0
2022-07-11 00:00:00-04:00,35.85527200629158,36.09103434775441,35.55074642925943,35.70792007446289,118300,0.0,0.0
2022-07-12 00:00:00-04:00,35.717743153758626,36.18926405793149,35.05957598207158,35.23639678955078,144800,0.0,0.0
2022-07-13 00:00:00-04:00,34.941699837703034,35.147989549223716,34.56841101639272,34.843467712402344,153300,0.0,0.0
2022-07-14 00:00:00-04:00,34.40142806681787,34.892596365177944,34.17549109925024,34.853302001953125,124000,0.0,0.0
2022-07-15 00:00:00-04:00,35.41322297007354,36.12050630730237,35.23640213576633,35.66863250732422,182600,0.0,0.0
2022-07-18 00:00:00-04:00,35.93386376926897,36.15980066932396,35.41322298040558,35.44269561767578,163000,0.0,0.0
2022-07-19 00:00:00-04:00,35.67845259460978,36.76884644067745,35.62933653116759,36.49379348754883,204200,0.0,0.0
2022-07-20 00:00:00-04:00,36.42502892273478,37.063545218860575,36.41520346201491,36.837608337402344,158800,0.0,0.0
2022-07-21 00:00:00-04:00,36.83761233844259,37.16178512573242,36.55273390366953,37.16178512573242,179500,0.0,0.0
2022-07-22 00:00:00-04:00,37.43683809871843,37.57436458521144,36.72955474267931,37.16178512573242,174600,0.0,0.0
2022-07-25 00:00:00-04:00,37.09301961854629,37.220724395674964,36.542913650575144,37.14213943481445,178300,0.0,0.0
2022-07-26 00:00:00-04:00,36.89655534273709,37.191255503766754,36.827792096740694,37.14213943481445,115600,0.0,0.0
2022-07-27 00:00:00-04:00,37.21090422621986,38.24235670631896,37.21090422621986,38.12447738647461,173100,0.0,0.0
2022-07-28 00:00:00-04:00,38.11465626925879,38.54688673682579,37.55472475201649,38.51741409301758,147400,0.0,0.0
2022-07-29 00:00:00-04:00,38.468287784892595,38.52722930951571,37.88870924170265,38.301292419433594,245800,0.0,0.0
2022-08-01 00:00:00-04:00,38.05570622084294,39.34256425078401,37.71188630079122,39.05768585205078,181200,0.0,0.0
2022-08-02 00:00:00-04:00,38.84157776022374,38.84157776022374,38.271820913983106,38.31111526489258,137300,0.0,0.0
2022-08-03 00:00:00-04:00,38.69422502120979,39.588150875757634,38.51740419307369,39.17557144165039,160700,0.0,0.0
2022-08-04 00:00:00-04:00,39.185390812134145,39.185390812134145,38.05570641917308,38.92998504638672,218000,0.0,0.0
2022-08-05 00:00:00-04:00,38.85130533108873,38.861139453688345,36.205483609912015,36.264495849609375,285500,0.05,0.0
2022-08-08 00:00:00-04:00,35.959584364236555,36.59890730334543,35.60549596618275,36.20547866821289,263800,0.0,0.0
2022-08-09 00:00:00-04:00,35.969418137055364,36.26449054855871,35.398945308422135,35.61532974243164,236700,0.0,0.0
2022-08-10 00:00:00-04:00,35.998930090106626,36.17597431612763,32.03511450629718,33.205570220947266,1416400,0.0,0.0
2022-08-11 00:00:00-04:00,33.02853045401659,33.785881740146955,32.14330930496166,33.04819869995117,3994500,0.0,0.0
2022-08-12 00:00:00-04:00,33.392446230980035,34.25799520564517,32.99901385557337,34.23832321166992,2885600,0.0,0.0
2022-08-15 00:00:00-04:00,33.84489060761887,34.474379402377565,33.76620638429862,34.228485107421875,445500,0.0,0.0
2022-08-16 00:00:00-04:00,33.559655611412325,34.41537054313208,33.559655611412325,34.39569854736328,534700,0.0,0.0
2022-08-17 00:00:00-04:00,34.11045785794731,34.317008171040676,33.75636946290195,33.89406967163086,243300,0.0,0.0
2022-08-18 00:00:00-04:00,33.81538112128908,34.45470397320014,33.77603713752719,34.24815368652344,406100,0.0,0.0
2022-08-19 00:00:00-04:00,34.4055339722194,34.43504009096527,33.70719498020274,33.884239196777344,388600,0.0,0.0
2022-08-22 00:00:00-04:00,33.559655725405555,33.628505834805445,33.21540517840613,33.441627502441406,294600,0.0,0.0
2022-08-23 00:00:00-04:00,33.225236865673295,33.49080316192006,33.00885243143649,33.12688064575195,439400,0.0,0.0
2022-08-24 00:00:00-04:00,33.235069529856574,33.372769716983974,32.782624985852614,33.05802536010742,478200,0.0,0.0
2022-08-25 00:00:00-04:00,33.343272164607235,33.77604482838459,33.33343429040226,33.67768859863281,277600,0.0,0.0
2022-08-26 00:00:00-04:00,33.72686655141895,33.98259499877436,32.7137793800061,32.90066146850586,420400,0.0,0.0
2022-08-29 00:00:00-04:00,32.743286812617015,33.14655332591658,32.58591460625742,32.96950912475586,311500,0.0,0.0
2022-08-30 00:00:00-04:00,33.04819255105539,33.11704265516619,32.66459804185258,32.9301643371582,439600,0.0,0.0
2022-08-31 00:00:00-04:00,33.03836457698388,33.20557093177761,32.7334542362983,33.04819869995117,560600,0.0,0.0
2022-09-01 00:00:00-04:00,32.93016321616883,33.44162379504482,32.75311902532525,33.25474548339844,540300,0.0,0.0
2022-09-02 00:00:00-04:00,33.50064259942532,33.60883294557094,32.467883481781,32.82197189331055,391400,0.0,0.0
2022-09-06 00:00:00-04:00,33.11704265516619,33.64817524577744,32.62525405320376,32.9301643371582,513000,0.0,0.0
2022-09-07 00:00:00-04:00,32.85148367499015,33.78587911842411,32.85148367499015,33.687522888183594,303300,0.0,0.0
2022-09-08 00:00:00-04:00,33.48097555845716,33.80555414902243,33.07770897499728,33.6481819152832,280100,0.0,0.0
2022-09-09 00:00:00-04:00,33.962915290858554,34.19897544039783,33.87439320378743,34.05143737792969,186000,0.0,0.0
2022-09-12 00:00:00-04:00,34.27767212227809,34.8383109602824,34.159643880606176,34.680938720703125,259700,0.0,0.0
2022-09-13 00:00:00-04:00,33.99243657822984,34.15964293664031,33.274425520487746,33.47113800048828,288100,0.0,0.0
2022-09-14 00:00:00-04:00,33.32359927947726,33.766209805654775,33.185899060677485,33.441627502441406,458800,0.0,0.0
2022-09-15 00:00:00-04:00,33.34326637305267,33.628500890608926,32.92032790489288,33.19572830200195,395900,0.0,0.0
2022-09-16 00:00:00-04:00,33.018685213779634,33.018685213779634,32.13346426218402,32.487552642822266,667600,0.0,0.0
2022-09-19 00:00:00-04:00,32.15313760820251,32.69410807473693,31.966259289249262,32.55640411376953,315500,0.0,0.0
2022-09-20 00:00:00-04:00,32.19248339830623,32.241661511093014,31.700694766339346,31.97609519958496,211300,0.0,0.0
2022-09-21 00:00:00-04:00,32.15314186814671,32.359695960939355,31.277758636574788,31.32693862915039,508000,0.0,0.0
2022-09-22 00:00:00-04:00,31.022029635846295,31.58266840921282,30.913835530100172,31.395788192749023,768600,0.0,0.0
2022-09-23 00:00:00-04:00,31.100716139698577,31.54332481457104,30.825313810693014,31.41546058654785,485700,0.0,0.0
2022-09-26 00:00:00-04:00,31.248250634964712,31.641679295723883,30.40237357386064,30.55974578857422,559800,0.0,0.0
2022-09-27 00:00:00-04:00,30.717116631673097,31.238413242149804,30.215492016163367,30.490894317626953,352900,0.0,0.0
2022-09-28 00:00:00-04:00,30.56957957048971,31.37611258143694,30.304013273902314,31.02202606201172,843200,0.0,0.0
2022-09-29 00:00:00-04:00,30.766300247715982,31.484309388446786,30.313853690236744,31.44496726989746,578200,0.0,0.0
2022-09-30 00:00:00-04:00,31.297424628328756,31.64167513017954,30.82530804634094,30.83514404296875,576600,0.0,0.0
2022-10-03 00:00:00-04:00,31.08103814283141,32.015435304534584,30.72694977046731,31.77937889099121,520900,0.0,0.0
2022-10-04 00:00:00-04:00,32.349853749057125,32.920330330297496,32.23182553475022,32.7432861328125,334900,0.0,0.0
2022-10-05 00:00:00-04:00,32.162984904851214,32.723623778021484,32.035118779657004,32.45805740356445,347400,0.0,0.0
2022-10-06 00:00:00-04:00,32.27117370587323,32.47772404569151,31.867907148682878,31.995769500732422,199400,0.0,0.0
2022-10-07 00:00:00-04:00,31.72036686564973,31.749872983008444,31.425294435914054,31.690860748291016,308200,0.0,0.0
2022-10-10 00:00:00-04:00,31.779380306975348,32.11379670110315,31.58266411889149,31.661348342895508,287300,0.0,0.0
2022-10-11 00:00:00-04:00,31.51381603644768,31.730200480369604,31.267921723589097,31.474472045898438,385800,0.0,0.0
2022-10-12 00:00:00-04:00,31.602339854720558,31.769546195557606,31.307265537657045,31.464637756347656,236500,0.0,0.0
2022-10-13 00:00:00-04:00,31.031864337661705,32.467886354082104,30.825313996679963,32.38920211791992,435300,0.0,0.0
2022-10-14 00:00:00-04:00,32.71377184087391,32.82196591937656,31.818716853327615,31.858060836791992,310200,0.0,0.0
2022-10-17 00:00:00-04:00,32.34985414342719,32.91049285828119,32.23182592768143,32.76295852661133,318900,0.0,0.0
2022-10-18 00:00:00-04:00,33.333425328279574,33.62849769025055,32.73344273277768,33.038352966308594,224500,0.0,0.0
2022-10-19 00:00:00-04:00,32.772790203365815,32.99901249669171,32.45804581682117,32.83180618286133,338200,0.0,0.0
2022-10-20 00:00:00-04:00,32.861319193327,33.17606364592838,32.399036637046926,32.40887451171875,273600,0.0,0.0
2022-10-21 00:00:00-04:00,32.408872720909294,32.88098937372372,32.03511229707926,32.70394515991211,244800,0.0,0.0
2022-10-24 00:00:00-04:00,32.93016593124674,33.16622612251762,32.359693076420406,33.008853912353516,284900,0.0,0.0
2022-10-25 00:00:00-04:00,32.940002443450396,34.1498019625934,32.940002443450396,33.707191467285156,413500,0.0,0.0
2022-10-26 00:00:00-04:00,33.84489060761887,34.730111570279014,33.58916219176659,34.228485107421875,474000,0.0,0.0
2022-10-27 00:00:00-04:00,34.228488626181516,34.779293254243825,34.09078840717834,34.40553283691406,255700,0.0,0.0
2022-10-28 00:00:00-04:00,34.49405166008475,35.3989446235093,34.415367436162605,35.38910675048828,234400,0.0,0.0
2022-10-31 00:00:00-04:00,35.339854257036265,35.41864796257592,34.906475726123816,35.27090835571289,283300,0.05,0.0
2022-11-01 00:00:00-04:00,35.36941317934184,35.49745722031821,35.113328854660175,35.251220703125,239100,0.0,0.0
2022-11-02 00:00:00-04:00,35.17242245795484,35.17242245795484,33.379820951909416,33.43891906738281,350100,0.0,0.0
2022-11-03 00:00:00-04:00,32.424415020696834,32.680503041362556,30.543170508486757,32.05998611450195,838200,0.0,0.0
2022-11-04 00:00:00-04:00,32.276675965196084,33.15327717079965,31.51826720959283,32.424415588378906,359100,0.0,0.0
2022-11-07 00:00:00-05:00,32.50322159164239,33.064640573098146,31.931951045026363,32.89720153808594,336000,0.0,0.0
2022-11-08 00:00:00-05:00,32.98584622709453,33.55711300585635,32.71005876678464,32.93659591674805,267300,0.0,0.0
2022-11-09 00:00:00-05:00,32.58201566597743,33.094184282447706,32.00089737243184,32.06984329223633,226700,0.0,0.0
2022-11-10 00:00:00-05:00,33.291172750460085,34.05943315544831,33.291172750460085,33.91168975830078,363800,0.0,0.0
2022-11-11 00:00:00-05:00,33.86245055269824,34.08898772210351,33.43892339681447,33.931396484375,281600,0.0,0.0
2022-11-14 00:00:00-05:00,33.803349538426374,34.40416725502667,33.55711301570633,34.00033950805664,295300,0.0,0.0
2022-11-15 00:00:00-05:00,34.55190986213996,34.80799418657036,33.84274749099258,34.187477111816406,319900,0.0,0.0
2022-11-16 00:00:00-05:00,34.12838045643721,34.12838045643721,33.0055388585686,33.28132629394531,247800,0.0,0.0
2022-11-17 00:00:00-05:00,32.907046963134995,33.01539162842516,32.119090884575996,32.394874572753906,247400,0.0,0.0
2022-11-18 00:00:00-05:00,32.80855376925051,33.06463808507935,32.207736086905946,32.26683044433594,281900,0.0,0.0
2022-11-21 00:00:00-05:00,32.3062261416348,32.32592551134452,31.52811794581851,32.079689025878906,352100,0.0,0.0
2022-11-22 00:00:00-05:00,32.24713753692032,32.46382312780416,31.81375884061011,32.34563064575195,224000,0.0,0.0
2022-11-23 00:00:00-05:00,32.296384447260124,32.818404692909,32.28653288190563,32.453975677490234,207500,0.0,0.0
2022-11-25 00:00:00-05:00,32.52291461395169,32.69035361626813,32.23727939641958,32.5426139831543,161100,0.0,0.0
2022-11-28 00:00:00-05:00,32.38502423701009,32.58201418058694,31.557669479803867,31.90239906311035,313800,0.0,0.0
2022-11-29 00:00:00-05:00,31.78420744899346,32.631261598913646,31.72510933716039,32.10923767089844,363800,0.0,0.0
2022-11-30 00:00:00-05:00,32.26683332403841,33.29117819331487,31.823610574673594,33.26163101196289,524300,0.0,0.0
2022-12-01 00:00:00-05:00,33.4881649751763,33.773800225239,33.025239139369226,33.35027313232422,229400,0.0,0.0
2022-12-02 00:00:00-05:00,32.946447091016736,33.15328486584291,32.51306841164252,32.70021057128906,331100,0.0,0.0
2022-12-05 00:00:00-05:00,32.38502380851334,32.38502380851334,30.621969660597628,31.666013717651367,469600,0.0,0.0
2022-12-06 00:00:00-05:00,31.6463174290221,31.685712415235326,31.232638136979936,31.44932746887207,328500,0.0,0.0
2022-12-07 00:00:00-05:00,31.22278996533163,31.60691831664185,30.956854085823565,31.34098243713379,306700,0.0,0.0
2022-12-08 00:00:00-05:00,31.41977868623513,31.88270265441294,31.035650327079832,31.429628372192383,268300,0.0,0.0
2022-12-09 00:00:00-05:00,31.311435258500982,31.498573651960314,31.16369185079508,31.34098243713379,240200,0.0,0.0
2022-12-12 00:00:00-05:00,31.212936636352833,31.823603931504177,31.114441668923874,31.73495864868164,360700,0.0,0.0
2022-12-13 00:00:00-05:00,32.73960559819002,33.14343329439276,31.774355244075473,32.020591735839844,400900,0.0,0.0
2022-12-14 00:00:00-05:00,31.951646568357553,32.07969059911491,31.252335817084898,31.301584243774414,370100,0.0,0.0
2022-12-15 00:00:00-05:00,30.897756866697556,30.91745435894746,29.89311149517157,30.208293914794922,501500,0.0,0.0
2022-12-16 00:00:00-05:00,29.92265826584297,30.306788478339804,29.715820510266923,30.237842559814453,1133500,0.0,0.0
2022-12-19 00:00:00-05:00,30.277242384657463,30.434833607743816,30.031005863755595,30.29694175720215,467200,0.0,0.0
2022-12-20 00:00:00-05:00,30.198445374201594,30.592423413666832,30.080252901679764,30.395435333251953,209900,0.0,0.0
2022-12-21 00:00:00-05:00,30.59242250990763,31.13414394197488,30.513626904342356,30.85835838317871,201300,0.0,0.0
2022-12-22 00:00:00-05:00,30.592419926549102,30.71061426423387,30.277237530903395,30.503774642944336,322500,0.0,0.0
2022-12-23 00:00:00-05:00,30.42498174855379,30.917454755185663,30.395434570482553,30.848508834838867,243600,0.0,0.0
2022-12-27 00:00:00-05:00,30.92730327682731,31.36068003237145,30.543174947274185,31.065196990966797,287100,0.0,0.0
2022-12-28 00:00:00-05:00,30.80911289931803,31.242487805591914,30.503778273390605,30.651521682739258,280100,0.0,0.0
2022-12-29 00:00:00-05:00,30.868206147492984,31.892550834722623,30.75986149209573,31.666013717651367,284900,0.0,0.0
2022-12-30 00:00:00-05:00,31.242487224869137,31.902401136514847,31.193240675091957,31.892553329467773,290900,0.0,0.0
2023-01-03 00:00:00-05:00,32.247138442958345,32.53276996950389,31.695567249098595,32.41457748413086,378800,0.0,0.0
2023-01-04 00:00:00-05:00,32.71991571047893,32.80856102349507,32.37518226773979,32.43428039550781,300900,0.0,0.0
2023-01-05 00:00:00-05:00,32.138787135008066,32.601709172739426,31.823604734193726,32.079689025878906,323500,0.0,0.0
2023-01-06 00:00:00-05:00,32.43426947653685,33.438914766749555,32.316077018061975,33.2025260925293,224500,0.0,0.0
2023-01-09 00:00:00-05:00,33.35027539859108,33.46846787802861,33.16313323577122,33.192684173583984,400500,0.0,0.0
2023-01-10 00:00:00-05:00,33.27147250594804,33.27147250594804,32.84794545301121,33.03508758544922,297100,0.0,0.0
2023-01-11 00:00:00-05:00,33.06464164241208,33.88214874267578,32.985847904937906,33.88214874267578,332600,0.0,0.0
2023-01-12 00:00:00-05:00,34.079133601811726,34.384468245830035,33.76395114997983,34.10868453979492,396900,0.0,0.0
2023-01-13 00:00:00-05:00,33.941235785364434,34.10867854694571,33.69499930330473,33.990482330322266,311700,0.0,0.0
2023-01-17 00:00:00-05:00,34.06927389549379,34.46325370132401,33.76393935811187,34.2761116027832,445700,0.0,0.0
2023-01-18 00:00:00-05:00,34.44356509316077,35.231521193655865,34.41401415626835,34.46326446533203,247700,0.0,0.0
2023-01-19 00:00:00-05:00,34.36476313555455,34.90648264936827,34.039732930174544,34.7784423828125,306500,0.0,0.0
2023-01-20 00:00:00-05:00,35.02468331522314,35.42851105032792,34.84739272349216,35.39896011352539,245900,0.0,0.0
2023-01-23 00:00:00-05:00,35.45806149550766,35.71414584199802,35.18227777509166,35.43836212158203,371000,0.0,0.0
2023-01-24 00:00:00-05:00,35.428510098714774,35.60580068568371,35.192121396999205,35.20197296142578,198000,0.0,0.0
2023-01-25 00:00:00-05:00,34.99513129168147,35.487604307358474,34.71934760522904,35.47775650024414,167100,0.0,0.0
2023-01-26 00:00:00-05:00,35.74368721997799,35.81263313163875,35.310308624087064,35.704288482666016,180700,0.0,0.0
2023-01-27 00:00:00-05:00,35.714139927816746,36.15736637456757,35.49745436506028,35.85203552246094,231300,0.0,0.0
2023-01-30 00:00:00-05:00,35.54670095291235,36.40360291274356,35.51715377551945,35.98007583618164,309200,0.0,0.0
2023-01-31 00:00:00-05:00,36.02932610326736,36.69908591951014,36.02932610326736,36.38390350341797,393200,0.0,0.0
2023-02-01 00:00:00-05:00,36.295261667826765,37.09306934794222,36.22631574257531,36.80743408203125,393800,0.0,0.0
2023-02-02 00:00:00-05:00,37.11277088942562,37.58554458618164,37.014277778244875,37.58554458618164,437500,0.0,0.0
2023-02-03 00:00:00-05:00,37.12261680648601,37.47719800030732,36.41345817611454,36.78773498535156,595600,0.0,0.0
2023-02-06 00:00:00-05:00,36.39375668235213,36.50210134717985,35.57624967121267,36.13766860961914,600600,0.0,0.0
2023-02-07 00:00:00-05:00,35.89143060468755,36.68923821102119,35.81263687908898,36.51194763183594,289600,0.0,0.0
2023-02-08 00:00:00-05:00,36.1672163318837,36.45284780063831,36.098270416259766,36.098270416259766,425300,0.0,0.0
2023-02-09 00:00:00-05:00,36.48239941694264,36.52179815725693,35.76338931392489,35.78308868408203,176300,0.0,0.0
2023-02-10 00:00:00-05:00,35.605800208925395,35.999776363481445,35.605800208925395,35.901283264160156,216600,0.0,0.0
2023-02-13 00:00:00-05:00,35.89142832614891,35.999772979580705,35.46790127579039,35.73383712768555,362100,0.0,0.0
2023-02-14 00:00:00-05:00,35.714134036006726,35.8421780455602,35.42850260168456,35.45804977416992,366100,0.0,0.0
2023-02-15 00:00:00-05:00,35.20196551233312,35.60579315113702,35.09362087019326,35.45804977416992,220100,0.0,0.0
2023-02-16 00:00:00-05:00,34.90648949554749,35.369415378987114,34.8473951323995,34.9655876159668,321100,0.0,0.0
2023-02-17 00:00:00-05:00,35.01483062612999,35.024682190504834,34.55190854682768,34.945884704589844,251400,0.0,0.0
2023-02-21 00:00:00-05:00,34.729191990903196,34.74889136046205,34.2170234114552,34.2465705871582,434300,0.0,0.0
2023-02-22 00:00:00-05:00,34.335218776007736,34.5420565379666,33.95109043029244,34.17762756347656,429900,0.0,0.0
2023-02-23 00:00:00-05:00,35.35956729002763,37.733287294248115,35.241371050127846,36.17707061767578,617400,0.0,0.0
2023-02-24 00:00:00-05:00,35.76339477651553,36.41345906191106,35.517158247846446,36.19676971435547,407300,0.0,0.0
2023-02-27 00:00:00-05:00,36.43346923454412,36.66031497243128,36.29538954734231,36.55182647705078,327300,0.05,0.0
2023-02-28 00:00:00-05:00,36.502514278759094,36.80826488854516,36.22635486501027,36.305259704589844,567300,0.0,0.0
2023-03-01 00:00:00-05:00,36.30525906345711,36.66031954812547,36.137588163506436,36.33484649658203,305000,0.0,0.0
2023-03-02 00:00:00-05:00,36.17704079607315,36.946344160978754,36.03896109082238,36.8674430847168,306000,0.0,0.0
2023-03-03 00:00:00-05:00,37.0351080344064,37.0351080344064,36.57155530308868,36.788536071777344,376200,0.0,0.0
2023-03-06 00:00:00-05:00,36.91675828522923,36.966071930272264,35.782525637289716,35.89101791381836,340100,0.0,0.0
2023-03-07 00:00:00-05:00,35.999511129257485,35.999511129257485,35.259795147149454,35.48664093017578,360100,0.0,0.0
2023-03-08 00:00:00-05:00,35.496500059580015,35.77265944336633,35.31896795217755,35.58526611328125,252700,0.0,0.0
2023-03-09 00:00:00-05:00,35.5951300312335,35.7430747194011,34.80610047324898,34.91459274291992,285800,0.0,0.0
2023-03-10 00:00:00-05:00,34.65815558638638,34.65815558638638,33.11954889773481,33.474609375,414500,0.0,0.0
2023-03-13 00:00:00-04:00,32.94201330976959,32.94201330976959,31.89654691000697,31.91627311706543,490400,0.0,0.0
2023-03-14 00:00:00-04:00,32.64613333039756,33.415440576786025,32.64613333039756,33.01106262207031,401400,0.0,0.0
2023-03-15 00:00:00-04:00,32.13326226975385,33.07023278472278,32.03463122022723,32.87297821044922,441600,0.0,0.0
2023-03-16 00:00:00-04:00,32.557361268830526,33.39570822440549,32.251614433908436,33.29707717895508,469500,0.0,0.0
2023-03-17 00:00:00-04:00,33.13927226134286,33.38584423877068,32.39955632905941,32.527774810791016,1397400,0.0,0.0
2023-03-20 00:00:00-04:00,32.82366041405857,33.63241619860762,32.82366041405857,33.07023239135742,307000,0.0,0.0
2023-03-21 00:00:00-04:00,33.68173792409417,33.957897370125146,33.41543970296847,33.770503997802734,345200,0.0,0.0
2023-03-22 00:00:00-04:00,33.731053062543175,34.02693873383759,32.98147201538086,32.98147201538086,299500,0.0,0.0
2023-03-23 00:00:00-04:00,32.89270295909239,33.25763222428606,32.11353830646694,32.22202682495117,317400,0.0,0.0
2023-03-24 00:00:00-04:00,31.90641061019576,32.33051468891537,31.817644552733757,32.25161361694336,238300,0.0,0.0
2023-03-27 00:00:00-04:00,32.50805433965696,32.774352573774586,32.38970082306816,32.616546630859375,232100,0.0,0.0
2023-03-28 00:00:00-04:00,32.48832648256368,32.725037266154004,32.389699184128695,32.69544982910156,234400,0.0,0.0
2023-03-29 00:00:00-04:00,32.991334187352834,33.21817997473063,32.61654369575947,32.75462341308594,319200,0.0,0.0
2023-03-30 00:00:00-04:00,32.87298363959063,33.03078958250583,32.419288261617744,32.616546630859375,247400,0.0,0.0
2023-03-31 00:00:00-04:00,32.88283830334571,33.30694239575037,32.75461982456554,33.28721618652344,325100,0.0,0.0
2023-04-03 00:00:00-04:00,33.34639614265878,33.37598357648302,32.62640640794666,32.86311340332031,260600,0.0,0.0
2023-04-04 00:00:00-04:00,33.020915867916294,33.020915867916294,32.17270773801622,32.300926208496094,191900,0.0,0.0
2023-04-05 00:00:00-04:00,32.05435467723607,32.20229935762527,31.689429231302753,31.8275089263916,230800,0.0,0.0
2023-04-06 00:00:00-04:00,31.857099731739773,31.97545323115314,31.728881245981178,31.758472442626953,238500,0.0,0.0
2023-04-10 00:00:00-04:00,31.679569035876128,31.926141032212875,31.34423285155759,31.60066795349121,334000,0.0,0.0
2023-04-11 00:00:00-04:00,31.79792008939047,32.20229793386745,31.699289052695267,31.985313415527344,216300,0.0,0.0
2023-04-12 00:00:00-04:00,32.19243539379905,32.2713402291475,31.63025161030507,31.689430236816406,129100,0.0,0.0
2023-04-13 00:00:00-04:00,31.886692053119052,32.61654304803362,31.857100855429515,32.60668182373047,165700,0.0,0.0
2023-04-14 00:00:00-04:00,32.63626626086187,32.79407217194557,32.11353488584519,32.56722640991211,198700,0.0,0.0
2023-04-17 00:00:00-04:00,32.6066767623394,33.208309173583984,32.44887086125419,33.208309173583984,278400,0.0,0.0
2023-04-18 00:00:00-04:00,33.29708039665234,33.29708039665234,32.320657407868524,32.60668182373047,261800,0.0,0.0
2023-04-19 00:00:00-04:00,32.54750053640549,32.636266597454906,32.24174993448198,32.36996841430664,177400,0.0,0.0
2023-04-20 00:00:00-04:00,32.212160153916095,32.389692263076086,31.926135782226172,32.300926208496094,249800,0.0,0.0
2023-04-21 00:00:00-04:00,32.350242614746094,32.4488736629337,32.192436700035714,32.350242614746094,237700,0.0,0.0
2023-04-24 00:00:00-04:00,32.27134112975828,32.64612782095385,32.172710082820174,32.36996841430664,180500,0.0,0.0
2023-04-25 00:00:00-04:00,32.083947796274515,32.212166291183394,31.551353248515966,31.561216354370117,201800,0.0,0.0
2023-04-26 00:00:00-04:00,31.30477946375924,31.728881704175684,31.1173842255878,31.285053253173828,258900,0.0,0.0
2023-04-27 00:00:00-04:00,31.837372556105493,33.97761927894696,31.265327524294136,33.79022216796875,399700,0.0,0.0
2023-04-28 00:00:00-04:00,33.63218185485504,34.39273386672243,33.63218185485504,34.26432800292969,293000,0.05,0.0
2023-05-01 00:00:00-04:00,34.08654022216797,34.264331817091005,33.70132635579761,34.08654022216797,302200,0.0,0.0
2023-05-02 00:00:00-04:00,33.829732278853115,33.829732278853115,32.703721354769534,33.19758605957031,318100,0.0,0.0
2023-05-03 00:00:00-04:00,33.32599066575117,34.3729813885157,33.18770538865891,33.82973098754883,296700,0.0,0.0
2023-05-04 00:00:00-04:00,33.5235322453302,33.7803439822322,33.0889326947347,33.63218307495117,241100,0.0,0.0
2023-05-05 00:00:00-04:00,34.26433379343721,34.313723281011335,33.405010213669705,33.582801818847656,351800,0.0,0.0
2023-05-08 00:00:00-04:00,33.80010343786696,34.619916933055634,33.70132823080943,34.59028625488281,227100,0.0,0.0
2023-05-09 00:00:00-04:00,34.37298267075145,34.422368387610966,34.02727888484614,34.14580535888672,200100,0.0,0.0
2023-05-10 00:00:00-04:00,34.59028563908943,34.80758732285861,33.681572589781894,34.16556167602539,169800,0.0,0.0
2023-05-11 00:00:00-04:00,33.898875479040946,34.600162506103516,33.46427586393645,34.600162506103516,167300,0.0,0.0
2023-05-12 00:00:00-04:00,34.689060864478826,34.689060864478826,34.17544104450371,34.63967514038086,161100,0.0,0.0
2023-05-15 00:00:00-04:00,34.738442770540786,35.1236604191005,34.44212469063154,34.87672805786133,139400,0.0,0.0
2023-05-16 00:00:00-04:00,34.78782779109574,34.9952500436148,34.51126101984865,34.866844177246094,190200,0.0,0.0
2023-05-17 00:00:00-04:00,35.07426710948897,35.54838050713256,34.669298231913395,35.4693603515625,183400,0.0,0.0
2023-05-18 00:00:00-04:00,35.41997717435933,36.03236835232117,35.31132633661525,35.98298263549805,139900,0.0,0.0
2023-05-19 00:00:00-04:00,36.190404906297296,36.25954566342627,35.6669095257811,35.80519104003906,217700,0.0,0.0
2023-05-22 00:00:00-04:00,35.9928582717072,36.36819650176257,35.696540202879774,35.98298263549805,228100,0.0,0.0
2023-05-23 00:00:00-04:00,35.85457742212584,36.34844213528981,35.56813498419745,35.63727951049805,195800,0.0,0.0
2023-05-24 00:00:00-04:00,35.36071014125165,35.36071014125165,34.54089673623219,34.76807403564453,189700,0.0,0.0
2023-05-25 00:00:00-04:00,34.52114170576436,34.94586562978314,34.264329963484485,34.6495475769043,227000,0.0,0.0
2023-05-26 00:00:00-04:00,34.57053059802961,34.82733859602961,34.0569108341408,34.16556167602539,185300,0.0,0.0
2023-05-30 00:00:00-04:00,34.16555783371987,34.24457422118403,33.6321830887553,33.809974670410156,199700,0.0,0.0
2023-05-31 00:00:00-04:00,33.8001034657224,34.19519299061149,33.56304673647784,34.05691146850586,940900,0.0,0.0
2023-06-01 00:00:00-04:00,34.1556810094602,34.827333467138175,33.750708379205975,34.56064987182617,301500,0.0,0.0
2023-06-02 00:00:00-04:00,35.08415088521521,35.676787054293925,34.95574500035557,35.65703201293945,223600,0.0,0.0
2023-06-05 00:00:00-04:00,35.16316092905142,35.182915966836326,33.69144640901409,34.61003494262695,253100,0.0,0.0
2023-06-06 00:00:00-04:00,34.629793147995606,35.85457545958467,34.629793147995606,35.72616958618164,275800,0.0,0.0
2023-06-07 00:00:00-04:00,35.854574872692496,36.69414708610684,35.854574872692496,36.54598617553711,305000,0.0,0.0
2023-06-08 00:00:00-04:00,36.545983572332275,36.545983572332275,35.97309877801749,36.03236389160156,264400,0.0,0.0
2023-06-09 00:00:00-04:00,35.90396184363429,36.08175343538566,35.686663939851535,35.913841247558594,223800,0.0,0.0
2023-06-12 00:00:00-04:00,35.933593030022074,36.01260941481036,35.24218176565527,35.271812438964844,240600,0.0,0.0
2023-06-13 00:00:00-04:00,35.24218493257406,35.834821059350396,35.13353409682439,35.32120132446289,236900,0.0,0.0
2023-06-14 00:00:00-04:00,35.400223444155266,35.49899488145689,34.7285671204156,34.81746292114258,239400,0.0,0.0
2023-06-15 00:00:00-04:00,34.81745660153749,35.271811159278585,34.6396650323539,35.25205612182617,260200,0.0,0.0
2023-06-16 00:00:00-04:00,36.46696922639382,36.54598939041919,34.9754994253586,35.587890625,877800,0.0,0.0
2023-06-20 00:00:00-04:00,35.48911668912732,36.11138724940326,35.48911668912732,36.022491455078125,312000,0.0,0.0
2023-06-21 00:00:00-04:00,35.94347381029298,36.33856709445488,35.72617212721506,36.12126541137695,258300,0.0,0.0
2023-06-22 00:00:00-04:00,36.15089866831625,36.30893523967926,35.686668359375034,36.04225158691406,349900,0.0,0.0
2023-06-23 00:00:00-04:00,35.46936811605001,35.903967763157006,34.6001650539468,34.63967514038086,1098900,0.0,0.0
2023-06-26 00:00:00-04:00,34.52114419727102,35.37059210661609,34.52114419727102,35.044639587402344,283500,0.0,0.0
2023-06-27 00:00:00-04:00,35.01500576069983,35.854574190245565,34.896479295233135,35.4693603515625,204900,0.0,0.0
2023-06-28 00:00:00-04:00,35.36070890759435,35.558255525200906,35.11377657755823,35.4594841003418,221500,0.0,0.0
2023-06-29 00:00:00-04:00,35.518751727141236,36.338569016375644,35.518751727141236,36.26942825317383,182300,0.0,0.0
2023-06-30 00:00:00-04:00,36.45709485958195,36.67439655033121,36.3681990559017,36.37807846069336,171400,0.0,0.0
2023-07-03 00:00:00-04:00,36.00274255592371,37.24728012084961,36.00274255592371,37.24728012084961,158200,0.0,0.0
2023-07-05 00:00:00-04:00,36.87194061221951,36.9904670861803,36.259545666329956,36.694149017333984,244800,0.0,0.0
2023-07-06 00:00:00-04:00,36.47684163957245,36.704018915770654,36.10150346816807,36.605247497558594,183000,0.0,0.0
2023-07-07 00:00:00-04:00,36.62500759023729,37.40531094475155,36.62500759023729,36.980587005615234,190500,0.0,0.0
2023-07-10 00:00:00-04:00,36.9114443849737,37.59298004109951,36.85218303601557,37.30653762817383,211200,0.0,0.0
2023-07-11 00:00:00-04:00,37.55346996188658,37.741137180061436,37.415188457137894,37.72138214111328,126100,0.0,0.0
2023-07-12 00:00:00-04:00,38.225127533972284,38.31402332836316,37.95844015079965,37.97819519042969,158900,0.0,0.0
2023-07-13 00:00:00-04:00,38.01770211078014,38.432546604875576,37.711504673789534,38.343650817871094,193200,0.0,0.0
2023-07-14 00:00:00-04:00,38.353534027226026,38.748623522543745,38.1263529517548,38.63997268676758,161300,0.0,0.0
2023-07-17 00:00:00-04:00,38.39303909773427,38.88690377682795,38.35353278700202,38.85727310180664,135000,0.0,0.0
2023-07-18 00:00:00-04:00,38.77825169916844,39.20297561097971,38.52144373215827,39.19309997558594,163400,0.0,0.0
2023-07-19 00:00:00-04:00,39.30175334512463,39.449910492939466,38.62021765435515,38.99555587768555,153800,0.0,0.0
2023-07-20 00:00:00-04:00,38.926418905162244,39.17335127674229,38.77825797505863,39.11408615112305,256700,0.0,0.0
2023-07-21 00:00:00-04:00,39.51905308649396,40.99077160437761,39.51905308649396,40.86236572265625,406200,0.0,0.0
2023-07-24 00:00:00-04:00,41.05990915821417,41.514263759127495,40.66481590740089,40.75371170043945,332400,0.0,0.0
2023-07-25 00:00:00-04:00,40.46727937868376,41.089546259383425,40.46727937868376,40.85249328613281,421500,0.0,0.0
2023-07-26 00:00:00-04:00,40.72408359531042,41.08954242624771,40.2302188845724,40.49690628051758,275300,0.0,0.0
2023-07-27 00:00:00-04:00,41.35622317159546,41.46487399334761,39.06469158370906,39.33137893676758,477300,0.0,0.0
2023-07-28 00:00:00-04:00,39.38082741103165,39.45005508360383,38.78744628252009,38.97534942626953,355000,0.05,0.0
2023-07-31 00:00:00-04:00,38.678661563468864,39.31160248412144,38.678661563468864,38.896236419677734,231800,0.0,0.0
2023-08-01 00:00:00-04:00,38.92590677834294,39.27204518700488,38.78745141487817,38.935794830322266,325400,0.0,0.0
2023-08-02 00:00:00-04:00,38.67866372037417,39.68741478365149,38.53031653330004,39.390724182128906,296600,0.0,0.0
2023-08-03 00:00:00-04:00,39.07425039157805,40.132453044756176,39.05447428751929,39.93465805053711,326400,0.0,0.0
2023-08-04 00:00:00-04:00,40.16211968730965,40.448922231111375,39.8654290917952,40.08300018310547,314200,0.0,0.0
2023-08-07 00:00:00-04:00,40.251128580045034,40.706054426451196,40.17200907321314,40.379695892333984,213700,0.0,0.0
2023-08-08 00:00:00-04:00,39.944549569876635,40.39947545523144,39.71708662719923,40.38958740234375,240400,0.0,0.0
2023-08-09 00:00:00-04:00,40.409367015545264,40.75550545373357,40.33024750245878,40.508262634277344,290500,0.0,0.0
2023-08-10 00:00:00-04:00,40.52803859297743,40.96318455499092,40.37969517922599,40.399471282958984,189000,0.0,0.0
2023-08-11 00:00:00-04:00,40.24123421416201,40.34013359145642,39.82586814740198,39.89509582519531,228400,0.0,0.0
2023-08-14 00:00:00-04:00,39.72697739568047,39.93466424677922,39.499514437454515,39.86543655395508,160000,0.0,0.0
2023-08-15 00:00:00-04:00,39.66763216694724,39.77641959360311,39.20281453400869,39.4698371887207,177000,0.0,0.0
2023-08-16 00:00:00-04:00,39.32149252255924,39.677522751574344,39.07424972714605,39.17314910888672,198200,0.0,0.0
2023-08-17 00:00:00-04:00,39.242374447587906,39.36104992596784,38.88634423982268,38.906124114990234,183500,0.0,0.0
2023-08-18 00:00:00-04:00,38.53031761302404,39.014915168103684,38.53031761302404,38.68855285644531,184200,0.0,0.0
2023-08-21 00:00:00-04:00,38.530320736958174,38.7775635606388,37.87759983334637,38.26329803466797,199900,0.0,0.0
2023-08-22 00:00:00-04:00,38.24351531067469,38.73800092124535,38.18417945188673,38.56987762451172,118300,0.0,0.0
2023-08-23 00:00:00-04:00,38.74789093578748,38.76767081200127,38.49075631763387,38.510536193847656,137800,0.0,0.0
2023-08-24 00:00:00-04:00,38.34241275752469,38.84678639484702,38.34241275752469,38.737998962402344,253800,0.0,0.0
2023-08-25 00:00:00-04:00,38.896232015954624,39.24237036380222,38.40174650610089,39.02479553222656,204700,0.0,0.0
2023-08-28 00:00:00-04:00,38.97535437104697,39.51928776996191,38.80723107993491,39.054473876953125,222800,0.0,0.0
2023-08-29 00:00:00-04:00,38.84678044686922,39.12369489777234,38.73799303108139,39.02479553222656,143900,0.0,0.0
2023-08-30 00:00:00-04:00,38.995134763159925,39.53906816926735,38.71822403407812,39.26215744018555,152900,0.0,0.0
2023-08-31 00:00:00-04:00,39.28193406046983,39.52917684026105,39.09402713334823,39.13358688354492,231300,0.0,0.0
2023-09-01 00:00:00-04:00,39.37094487593218,39.84565059976916,39.25226561550363,39.26215744018555,175100,0.0,0.0
2023-09-05 00:00:00-04:00,38.6193259752048,38.77756122191198,37.27432449188088,37.996273040771484,313000,0.0,0.0
2023-09-06 00:00:00-04:00,38.23362859170374,38.57976702212344,37.867710283456354,38.53031921386719,274000,0.0,0.0
2023-09-07 00:00:00-04:00,38.48087138314121,38.81712176076369,37.669915255809215,38.08528137207031,307400,0.0,0.0
2023-09-08 00:00:00-04:00,38.18418154411807,38.18418154411807,37.274326009048785,37.284217834472656,261800,0.0,0.0
2023-09-11 00:00:00-04:00,37.5116768323292,37.62046426480132,37.00729942225403,37.1754264831543,256000,0.0,0.0
2023-09-12 00:00:00-04:00,37.03697159279437,37.7193603515625,37.03697159279437,37.7193603515625,248200,0.0,0.0
2023-09-13 00:00:00-04:00,37.660024749210635,38.2929657075796,37.45233793198744,37.600685119628906,275000,0.0,0.0
2023-09-14 00:00:00-04:00,37.96660325069017,38.0061630035851,37.373222047768934,37.828147888183594,268000,0.0,0.0
2023-09-15 00:00:00-04:00,37.75892291281048,37.76881096542997,37.036974347557276,37.30399703979492,1013400,0.0,0.0
2023-09-18 00:00:00-04:00,37.46222955206379,37.46222955206379,37.09630749724585,37.38311004638672,260400,0.0,0.0
2023-09-19 00:00:00-04:00,37.363327654312535,37.76880566204268,36.85895404377032,36.89851379394531,180400,0.0,0.0
2023-09-20 00:00:00-04:00,37.086422717765394,37.35344541404843,36.720504403285396,36.73039245605469,169600,0.0,0.0
2023-09-21 00:00:00-04:00,36.59193127966581,36.85895393361085,36.35457655195063,36.78972625732422,181200,0.0,0.0
2023-09-22 00:00:00-04:00,36.87873167562746,37.48200462491176,36.79961218009009,37.0765266418457,185000,0.0,0.0
2023-09-25 00:00:00-04:00,36.88862619612247,37.234768390870286,36.82929033668777,36.997413635253906,120100,0.0,0.0
2023-09-26 00:00:00-04:00,36.88862407265563,37.027079433534325,36.14689569141205,36.16667556762695,203000,0.0,0.0
2023-09-27 00:00:00-04:00,36.40403389790388,36.868847830580854,36.2952464543116,36.73039245605469,209700,0.0,0.0
2023-09-28 00:00:00-04:00,36.74028683387264,37.353448009068636,36.473264119038994,36.87874221801758,347400,0.0,0.0
2023-09-29 00:00:00-04:00,37.00730185073592,37.027081728176626,36.58204768995134,36.76995086669922,290000,0.0,0.0
2023-10-02 00:00:00-04:00,36.779840542154105,37.10620287538886,36.66116504489875,37.05675506591797,390800,0.0,0.0
2023-10-03 00:00:00-04:00,36.76994563739762,36.94796073642136,35.978769515417305,36.02821731567383,171700,0.0,0.0
2023-10-04 00:00:00-04:00,36.04799816201251,36.73038687824777,35.93921073494049,36.671051025390625,194800,0.0,0.0
2023-10-05 00:00:00-04:00,36.73039211745018,37.580908007557156,36.73039211745018,37.18531799316406,249100,0.0,0.0
2023-10-06 00:00:00-04:00,36.94796151914736,38.174283591039604,36.94796151914736,37.907264709472656,307100,0.0,0.0
2023-10-09 00:00:00-04:00,37.39300222768221,37.84792807178885,37.323774545867096,37.37322235107422,174700,0.0,0.0
2023-10-10 00:00:00-04:00,37.51167761244041,37.768808462391874,37.24465493789906,37.264434814453125,150900,0.0,0.0
2023-10-11 00:00:00-04:00,37.23477499186802,37.66003299879399,36.77984527733864,36.918304443359375,153800,0.0,0.0
2023-10-12 00:00:00-04:00,36.64138045391546,36.76994776010479,36.06777914710057,36.413917541503906,137100,0.0,0.0
2023-10-13 00:00:00-04:00,36.334800499961325,36.572151455380414,35.99855016926311,36.117225646972656,177600,0.0,0.0
2023-10-16 00:00:00-04:00,36.344690007109165,36.73038815458492,36.117227093793346,36.18645477294922,241600,0.0,0.0
2023-10-17 00:00:00-04:00,35.968883225041274,36.85895885708419,35.968883225041274,36.42381286621094,264800,0.0,0.0
2023-10-18 00:00:00-04:00,35.97876977984857,36.07766538108846,35.45461252992615,35.57329177856445,193500,0.0,0.0
2023-10-19 00:00:00-04:00,35.365604661333364,35.51395183448286,34.67332791363659,34.91067886352539,228400,0.0,0.0
2023-10-20 00:00:00-04:00,35.12826475024722,35.12826475024722,34.52499158971553,34.703006744384766,496300,0.0,0.0
2023-10-23 00:00:00-04:00,34.683224946246575,34.94035960994368,34.287634897155485,34.42609405517578,217400,0.0,0.0
2023-10-24 00:00:00-04:00,34.584325259186144,35.05903099877684,34.584325259186144,34.989803314208984,196400,0.0,0.0
2023-10-25 00:00:00-04:00,34.36675137334561,34.8414571266508,34.35686332067561,34.515098571777344,241900,0.0,0.0
2023-10-26 00:00:00-04:00,34.564540658100526,34.73266393403886,33.832700385022456,34.01071548461914,296000,0.0,0.0
2023-10-27 00:00:00-04:00,35.882603098916206,37.62572920726681,31.95066879296534,32.6142463684082,471200,0.05,0.0
2023-10-30 00:00:00-04:00,33.04011625730436,33.12925341108956,31.623828023894447,31.86152458190918,429500,0.0,0.0
2023-10-31 00:00:00-04:00,31.703063477423058,31.96057252651398,31.396038397970536,31.475271224975586,309900,0.0,0.0
2023-11-01 00:00:00-04:00,31.673349243022734,32.119035031897866,31.257376469759084,32.069515228271484,414300,0.0,0.0
2023-11-02 00:00:00-04:00,32.71328110066645,32.71328110066645,32.18836436766868,32.37654113769531,257000,0.0,0.0
2023-11-03 00:00:00-04:00,33.23820491544804,33.58484736261401,33.0203132183041,33.456092834472656,337600,0.0,0.0
2023-11-06 00:00:00-05:00,33.17877561284583,33.456089543298425,32.91136413214415,33.248104095458984,239700,0.0,0.0
2023-11-07 00:00:00-05:00,33.05002525360989,33.307534316943986,32.792519968395204,33.10945129394531,473700,0.0,0.0
2023-11-08 00:00:00-05:00,33.238200439341696,33.27781401502649,32.55481430964539,33.079734802246094,277100,0.0,0.0
2023-11-09 00:00:00-05:00,33.307529915256126,33.307529915256126,32.21807532179777,32.44586944580078,251800,0.0,0.0
2023-11-10 00:00:00-05:00,32.643957500192975,32.81232939591889,32.33693239676495,32.6142463684082,290200,0.0,0.0
2023-11-13 00:00:00-05:00,32.37654149715786,32.9905991752351,32.3567328193374,32.89155578613281,237900,0.0,0.0
2023-11-14 00:00:00-05:00,33.773023069501335,34.198900221302836,33.357052146226856,34.0899543762207,237100,0.0,0.0
2023-11-15 00:00:00-05:00,33.961198854169815,34.55544402616682,33.8819641495736,34.505924224853516,347600,0.0,0.0
2023-11-16 00:00:00-05:00,34.486118491924124,34.486118491924124,33.5947468797358,34.41679000854492,601100,0.0,0.0
2023-11-17 00:00:00-05:00,34.64458087656575,34.892183659083905,34.28803226524063,34.86247253417969,536500,0.0,0.0
2023-11-20 00:00:00-05:00,34.93180363241615,35.585474876192656,34.67429460352663,35.56566619873047,319400,0.0,0.0
2023-11-21 00:00:00-05:00,35.46662229020121,35.823167106942726,35.08035879369059,35.77364730834961,342200,0.0,0.0
2023-11-22 00:00:00-05:00,36.090583977237685,36.150010011351796,35.81327004094321,36.02125549316406,269900,0.0,0.0
2023-11-24 00:00:00-05:00,35.88259164551345,36.18962042906014,35.783552052430416,36.17971420288086,169600,0.0,0.0
2023-11-27 00:00:00-05:00,36.11039284374955,36.43723036590452,35.991544553020034,36.16981887817383,295600,0.0,0.0
2023-11-28 00:00:00-05:00,36.06086742955553,36.22923927851428,35.71422506128525,35.77364730834961,229200,0.0,0.0
2023-11-29 00:00:00-05:00,35.991542585848656,36.07077351596483,35.090268559328976,35.189308166503906,269400,0.0,0.0
2023-11-30 00:00:00-05:00,35.66470754461635,36.803681996381535,35.3180651174456,36.61550521850586,558500,0.0,0.0
2023-12-01 00:00:00-05:00,36.427324146078945,37.784190263183156,36.427324146078945,37.69505310058594,361600,0.0,0.0
2023-12-04 00:00:00-05:00,37.44745268476607,38.09121776412613,37.38802664652944,37.81390380859375,475800,0.0,0.0
2023-12-05 00:00:00-05:00,37.74457981746064,37.79409963283245,37.34841373824674,37.75448226928711,252400,0.0,0.0
2023-12-06 00:00:00-05:00,38.03178787713181,38.41804760291136,37.97236185081245,38.24967575073242,272900,0.0,0.0
2023-12-07 00:00:00-05:00,38.36853663178504,38.824124937373234,38.13083624993241,38.63594436645508,347300,0.0,0.0
2023-12-08 00:00:00-05:00,38.52699763885222,38.93306608444515,38.41805180108747,38.76469421386719,223800,0.0,0.0
2023-12-11 00:00:00-05:00,38.626038301380646,39.042009208052214,38.61613585136805,39.00239562988281,292200,0.0,0.0
2023-12-12 00:00:00-05:00,39.032104860367156,39.190570499697586,38.7151735817063,39.1113395690918,274000,0.0,0.0
2023-12-13 00:00:00-05:00,39.022199559817516,39.96308709940746,38.843925256330905,39.85414505004883,424000,0.0,0.0
2023-12-14 00:00:00-05:00,40.58705314227458,40.82475350798901,39.85415092271675,40.111656188964844,487400,0.0,0.0
2023-12-15 00:00:00-05:00,40.04232109027698,40.626663790621016,39.765007191170824,39.91356658935547,1115200,0.0,0.0
2023-12-18 00:00:00-05:00,40.02251556134462,40.03241801075469,39.51740752281713,39.97299575805664,343600,0.0,0.0
2023-12-19 00:00:00-05:00,40.24040778875633,40.99311863230259,40.052227244280616,40.854461669921875,263200,0.0,0.0
2023-12-20 00:00:00-05:00,40.83465365249379,41.11196758173593,40.06213411925132,40.14136505126953,331600,0.0,0.0
2023-12-21 00:00:00-05:00,40.37906338669927,40.82474916366215,40.022514765128975,40.75542068481445,339800,0.0,0.0
2023-12-22 00:00:00-05:00,40.943597243171716,41.22091115719679,40.59695485064039,40.60685729980469,234200,0.0,0.0
2023-12-26 00:00:00-05:00,40.755418381485676,40.80493818098984,40.46819825499557,40.567237854003906,212000,0.0,0.0
2023-12-27 00:00:00-05:00,40.61676201448549,40.755422757350935,40.309736957723594,40.5771484375,708200,0.0,0.0
2023-12-28 00:00:00-05:00,40.45829670069551,40.88417382622864,40.280022379397046,40.65637969970703,263900,0.0,0.0
2023-12-29 00:00:00-05:00,40.596955526803285,40.90398057155363,40.44839234003334,40.54743194580078,185700,0.0,0.0
2024-01-02 00:00:00-05:00,40.210695956743464,40.6959991402813,40.18098482771106,40.47810745239258,277300,0.0,0.0
2024-01-03 00:00:00-05:00,40.34934989151487,40.75541829154252,39.844238114578935,39.91356658935547,330100,0.0,0.0
2024-01-04 00:00:00-05:00,39.86404972672878,40.14136364626453,39.665966736438044,39.824432373046875,237200,0.0,0.0
2024-01-05 00:00:00-05:00,39.47779007964581,39.91356963696068,38.863736208402386,38.883541107177734,293600,0.0,0.0
2024-01-08 00:00:00-05:00,39.091528164011166,39.596636173467125,38.7052684312298,39.566925048828125,292500,0.0,0.0
2024-01-09 00:00:00-05:00,39.06182052316728,39.06182052316728,38.56661487048865,38.61613845825195,248200,0.0,0.0
2024-01-10 00:00:00-05:00,38.526998147100386,38.61613530843663,38.170449501755414,38.33881759643555,201500,0.0,0.0
2024-01-11 00:00:00-05:00,38.2892983060388,38.576518471777995,37.92284720588962,38.566612243652344,251300,0.0,0.0
2024-01-12 00:00:00-05:00,39.00239545252052,39.150954870748066,38.30910683310156,38.418052673339844,178700,0.0,0.0
2024-01-16 00:00:00-05:00,38.101117394964064,38.526994483279715,38.101117394964064,38.26948547363281,254000,0.0,0.0
2024-01-17 00:00:00-05:00,37.843607344719565,38.309101772199305,37.764376421088976,38.03178787231445,237400,0.0,0.0
2024-01-18 00:00:00-05:00,38.21006997722678,38.5369037433987,38.0714092208455,38.39824676513672,247900,0.0,0.0
2024-01-19 00:00:00-05:00,38.6161315386318,38.81421074171402,38.477470807108176,38.77459716796875,210500,0.0,0.0
2024-01-22 00:00:00-05:00,39.04200614441683,39.91356902377573,39.04200614441683,39.81452941894531,290000,0.0,0.0
2024-01-23 00:00:00-05:00,40.15126558028579,40.25030517578125,39.75509964206717,40.25030517578125,234700,0.0,0.0
2024-01-24 00:00:00-05:00,40.67618941587386,40.67618941587386,39.60654723889427,39.80462646484375,157100,0.0,0.0
2024-01-25 00:00:00-05:00,40.24040828199148,40.289928086574584,39.69568287533948,39.99280548095703,173100,0.0,0.0
2024-01-26 00:00:00-05:00,40.200782936032574,40.32953742485017,39.9333715106967,40.13145446777344,132500,0.0,0.0
2024-01-29 00:00:00-05:00,40.03241174526585,40.933689403394276,40.03241174526585,40.79502868652344,192100,0.0,0.0
2024-01-30 00:00:00-05:00,40.705903688629434,40.91389293693382,40.29983519907417,40.51772689819336,352400,0.0,0.0
2024-01-31 00:00:00-05:00,40.478104835691525,40.93369686074528,39.67587417872341,39.7749137878418,315100,0.0,0.0
2024-02-01 00:00:00-05:00,39.963092642313434,40.47810694847215,39.745204735256394,40.468204498291016,252600,0.0,0.0
2024-02-02 00:00:00-05:00,40.091841309019664,40.547429513207504,39.82442985574804,40.42858123779297,156600,0.0,0.0
2024-02-05 00:00:00-05:00,40.02251291889964,40.02251291889964,39.349033059916266,39.70558166503906,187900,0.0,0.0
2024-02-06 00:00:00-05:00,39.62635042309511,40.06213376879942,39.586736846491995,39.844242095947266,134100,0.0,0.0
2024-02-07 00:00:00-05:00,39.84424054477069,40.230500292975556,39.72539226335044,39.81452941894531,132500,0.0,0.0
2024-02-08 00:00:00-05:00,39.74520369559286,40.28992911616507,39.6956838897443,40.23050308227539,197500,0.0,0.0
2024-02-09 00:00:00-05:00,40.3592528046948,40.89407571179994,40.21068962668162,40.86436080932617,195500,0.0,0.0
2024-02-12 00:00:00-05:00,40.90398066669208,41.73592620267749,40.86436331304544,41.63688659667969,279500,0.0,0.0
2024-02-13 00:00:00-05:00,40.75542397371658,40.94360074890039,39.487695019371806,39.65606689453125,440200,0.0,0.0
2024-02-14 00:00:00-05:00,40.19088435527742,40.775223278792524,40.07203230272519,40.567237854003906,210000,0.0,0.0
2024-02-15 00:00:00-05:00,40.91388807581208,41.80525588989258,40.903981848054926,41.80525588989258,210200,0.0,0.0
2024-02-16 00:00:00-05:00,41.62697912438366,41.74583118176938,41.23081693412061,41.25062561035156,224400,0.0,0.0
2024-02-20 00:00:00-05:00,40.775226104586025,41.3199552712381,40.626666695778106,41.20110321044922,307300,0.0,0.0
2024-02-21 00:00:00-05:00,41.16148716535251,41.16148716535251,40.60685558263771,40.86436080932617,152500,0.0,0.0
2024-02-22 00:00:00-05:00,40.874273470714044,41.09216515860277,40.39887651559978,40.47810745239258,195300,0.0,0.0
2024-02-23 00:00:00-05:00,40.59695763493357,41.17139417882806,40.359257279382035,40.8049430847168,135200,0.0,0.0
2024-02-26 00:00:00-05:00,40.53720315923709,41.09250487666041,40.53720315923709,40.76527404785156,171200,0.05,0.0
2024-02-27 00:00:00-05:00,40.894187927246094,41.023095102195995,40.64628427628311,40.894187927246094,198600,0.0,0.0
2024-02-28 00:00:00-05:00,40.34879867392774,40.973516961459346,40.081062264985626,40.090980529785156,328300,0.0,0.0
2024-02-29 00:00:00-05:00,38.276319311287885,38.514308462670854,35.2518957539869,35.82703399658203,1141100,0.0,0.0
2024-03-01 00:00:00-05:00,36.18401847245628,36.749238492684036,35.827036610689376,36.54099655151367,473300,0.0,0.0
2024-03-04 00:00:00-05:00,37.68136084054504,37.68136084054504,35.9262022632576,36.798824310302734,537000,0.0,0.0
2024-03-05 00:00:00-05:00,36.48150161003564,36.7690707484821,36.303010681531596,36.610408782958984,370600,0.0,0.0
2024-03-06 00:00:00-05:00,37.65160958392548,38.177164139535094,37.165716739575494,37.354122161865234,420300,0.0,0.0
2024-03-07 00:00:00-05:00,37.423537033660786,37.73093514172703,36.47158413351013,36.50133514404297,570400,0.0,0.0
2024-03-08 00:00:00-05:00,36.6996569921873,37.3243752886777,36.50133708586885,37.304542541503906,449000,0.0,0.0
2024-03-11 00:00:00-04:00,37.04672232862335,37.26487875266497,36.76907144908641,37.056636810302734,379000,0.0,0.0
2024-03-12 00:00:00-04:00,36.78890022102024,38.00858951026143,36.78890022102024,37.63177490234375,372300,0.0,0.0
2024-03-13 00:00:00-04:00,37.393786405383224,38.20691009101497,37.393786405383224,37.53261184692383,521900,0.0,0.0
2024-03-14 00:00:00-04:00,37.344209247351706,37.39378922553976,36.659996469852814,37.13597106933594,362900,0.0,0.0
2024-03-15 00:00:00-04:00,36.86823345180967,37.5028662305321,36.86823345180967,37.304542541503906,924300,0.0,0.0
2024-03-18 00:00:00-04:00,37.205379268609775,37.790432018549915,37.1161338056457,37.23512649536133,302500,0.0,0.0
2024-03-19 00:00:00-04:00,37.19546143973341,37.65160702394736,37.15579973117043,37.17563247680664,327000,0.0,0.0
2024-03-20 00:00:00-04:00,36.977309681684225,37.681355146304355,36.91781144336199,37.59210968017578,268700,0.0,0.0
2024-03-21 00:00:00-04:00,37.6119443574541,38.12758443459349,37.6119443574541,37.85984802246094,314100,0.0,0.0
2024-03-22 00:00:00-04:00,38.01850214825074,38.01850214825074,37.3342894678276,37.34420394897461,272200,0.0,0.0
2024-03-25 00:00:00-04:00,37.41361764567625,38.09783034403139,37.41361764567625,37.75076675415039,271500,0.0,0.0
2024-03-26 00:00:00-04:00,38.05816650390625,38.296151871434304,37.711099150756446,38.05816650390625,282000,0.0,0.0
2024-03-27 00:00:00-04:00,38.35565295718686,39.34726755528847,38.35565295718686,39.28776931762695,319100,0.0,0.0
2024-03-28 00:00:00-04:00,39.28777498771741,40.32896970944951,39.28777498771741,39.5654296875,566200,0.0,0.0
2024-04-01 00:00:00-04:00,39.644756841744375,39.644756841744375,38.50440216064453,38.50440216064453,338400,0.0,0.0
2024-04-02 00:00:00-04:00,38.107750157827155,38.325906584743514,37.63177559404476,38.0780029296875,432800,0.0,0.0
2024-04-03 00:00:00-04:00,37.80035147518119,38.38540430212601,37.80035147518119,38.15733337402344,298200,0.0,0.0
2024-04-04 00:00:00-04:00,38.57381001826052,38.89112639229302,38.08791719274912,38.107749938964844,428900,0.0,0.0
2024-04-05 00:00:00-04:00,38.06807933075233,38.484559379894776,38.06807933075233,38.29615020751953,411700,0.0,0.0
2024-04-08 00:00:00-04:00,38.44489807678945,38.87129265275755,38.44489807678945,38.791961669921875,399500,0.0,0.0
2024-04-09 00:00:00-04:00,38.97044693145529,39.16877057699452,38.82170703433256,39.0596923828125,411500,0.0,0.0
2024-04-10 00:00:00-04:00,38.27632561157316,38.47464930658486,37.11613823722599,37.1458854675293,485500,0.0,0.0
2024-04-11 00:00:00-04:00,37.2450495047435,37.73093858956905,37.14588576508837,37.641693115234375,655200,0.0,0.0
2024-04-12 00:00:00-04:00,37.44336590186048,37.44336590186048,36.8880641427866,37.056636810302734,282700,0.0,0.0
2024-04-15 00:00:00-04:00,37.225215639361856,37.4632010419704,36.83848652309064,37.2648811340332,391600,0.0,0.0
2024-04-16 00:00:00-04:00,37.04672162272863,37.24504529692307,36.610408782958984,36.610408782958984,275700,0.0,0.0
2024-04-17 00:00:00-04:00,36.93764607878641,37.17563526153865,36.64016243737839,36.778987884521484,297000,0.0,0.0
2024-04-18 00:00:00-04:00,36.778987174259655,37.1855490256315,36.699656187304335,36.87814712524414,282000,0.0,0.0
2024-04-19 00:00:00-04:00,36.769072347927086,37.651608764637494,36.630243122055326,37.47311782836914,354600,0.0,0.0
2024-04-22 00:00:00-04:00,37.671442869844654,38.07800473207234,37.373955443528494,37.82018280029297,194400,0.0,0.0
2024-04-23 00:00:00-04:00,37.879681352645676,38.54406136938973,37.879681352645676,38.31599044799805,203100,0.0,0.0
2024-04-24 00:00:00-04:00,38.3159929391554,38.54406387537537,38.048256505494564,38.50440216064453,186900,0.0,0.0
2024-04-25 00:00:00-04:00,38.177163779096034,38.177163779096034,37.621858216897344,37.949092864990234,446200,0.0,0.0
2024-04-26 00:00:00-04:00,38.04838330365602,38.39590094992711,38.008665919036964,38.1576042175293,209400,0.05,0.0
2024-04-29 00:00:00-04:00,38.127819402701775,38.42569222241727,37.92923626033864,38.07817077636719,240500,0.0,0.0
2024-04-30 00:00:00-04:00,37.91930254107502,37.939161232778936,37.23419472175173,37.263980865478516,376700,0.0,0.0
2024-05-01 00:00:00-04:00,37.35334396362305,38.147672712187465,37.14483337731081,37.35334396362305,297500,0.0,0.0
2024-05-02 00:00:00-04:00,36.47958722652172,37.54200272506452,34.78170488934058,35.48667526245117,661200,0.0,0.0
2024-05-03 00:00:00-04:00,35.933480438289884,36.519298613092424,35.77461468517352,36.09234619140625,417100,0.0,0.0
2024-05-06 00:00:00-04:00,36.13206528025408,37.02568755095506,36.13206528025408,37.005828857421875,257500,0.0,0.0
2024-05-07 00:00:00-04:00,37.095189584958376,37.48242462405573,36.866820300046044,36.8966064453125,232400,0.0,0.0
2024-05-08 00:00:00-04:00,36.73773987663772,37.22426836860066,36.62851896287104,37.115047454833984,202000,0.0,0.0
2024-05-09 00:00:00-04:00,37.23419607625035,37.46256535766569,36.94625071755602,37.18455123901367,341400,0.0,0.0
2024-05-10 00:00:00-04:00,37.154761760732285,37.18455169356508,36.698023192318345,37.01575469970703,265600,0.0,0.0
2024-05-13 00:00:00-04:00,37.194480140570036,37.34341844574129,36.96611085025697,36.98596954345703,312700,0.0,0.0
2024-05-14 00:00:00-04:00,37.54199706407093,37.800152469232,37.11504468088846,37.39305877685547,196200,0.0,0.0
2024-05-15 00:00:00-04:00,37.59164439781806,37.73065145504818,37.323557735592146,37.472496032714844,307500,0.0,0.0
2024-05-16 00:00:00-04:00,37.46256429681446,37.46256429681446,36.787383924071975,36.906532287597656,319200,0.0,0.0
2024-05-17 00:00:00-04:00,36.946247880392,37.224265765352854,36.67816123471083,37.15475845336914,297100,0.0,0.0
2024-05-20 00:00:00-04:00,37.154758844772736,37.4129180415518,36.668234169367494,36.67816162109375,311900,0.0,0.0
2024-05-21 00:00:00-04:00,36.499439974545155,36.717881805775505,36.151922322731714,36.400150299072266,453100,0.0,0.0
2024-05-22 00:00:00-04:00,36.23135796772819,36.25121287317533,35.417166701033935,35.446956634521484,349100,0.0,0.0
2024-05-23 00:00:00-04:00,35.33773275417365,35.33773275417365,34.642693704372654,34.80155944824219,425100,0.0,0.0
2024-05-24 00:00:00-04:00,35.00014015877272,35.16893334288111,34.70226738303814,35.02992630004883,486400,0.0,0.0
2024-05-28 00:00:00-04:00,35.04978639395293,35.27815565741814,34.14623679169576,35.258296966552734,507800,0.0,0.0
2024-05-29 00:00:00-04:00,34.73206034786181,34.99021958183281,34.58312582456339,34.8214225769043,313800,0.0,0.0
2024-05-30 00:00:00-04:00,35.02000434476566,35.09943532985353,34.454044845752804,34.59305191040039,296400,0.0,0.0
2024-05-31 00:00:00-04:00,34.53347793354434,34.771778478634644,34.43418824922426,34.72213363647461,430800,0.0,0.0
2024-06-03 00:00:00-04:00,35.35759448859778,35.35759448859778,33.67957090017323,33.977447509765625,443500,0.0,0.0
2024-06-04 00:00:00-04:00,33.66964501302188,34.156173548675085,33.63985886574099,33.65971755981445,428900,0.0,0.0
2024-06-05 00:00:00-04:00,33.84836855652106,33.84836855652106,33.25262290106499,33.262550354003906,383500,0.0,0.0
2024-06-06 00:00:00-04:00,33.103682227984706,33.68950038864288,32.95474393093366,33.06396484375,752800,0.0,0.0
2024-06-07 00:00:00-04:00,32.84552884795476,32.97460467325554,32.438431315724934,32.57744216918945,460900,0.0,0.0
2024-06-10 00:00:00-04:00,31.912186535704397,33.461130398984366,31.197290679149155,33.16325759887695,1862900,0.0,0.0
2024-06-11 00:00:00-04:00,32.934887286551394,32.934887286551394,32.339141636623026,32.57744216918945,651700,0.0,0.0
2024-06-12 00:00:00-04:00,33.52070505154391,33.74907812831975,33.163259938789516,33.361839294433594,508900,0.0,0.0
2024-06-13 00:00:00-04:00,33.21290559473398,33.33205396858315,32.50793901694352,32.83559799194336,336600,0.0,0.0
2024-06-14 00:00:00-04:00,32.43842828730194,32.78594970703125,32.3689247608877,32.78594970703125,413400,0.0,0.0
2024-06-17 00:00:00-04:00,32.63701254198999,33.00439266590763,32.24977751354655,32.94481658935547,365800,0.0,0.0
2024-06-18 00:00:00-04:00,32.9646735166166,33.193042783019,32.46821760157014,32.766090393066406,637300,0.0,0.0
2024-06-20 00:00:00-04:00,32.627085482472594,33.212903652150075,32.50793711559228,33.202972412109375,423800,0.0,0.0
2024-06-21 00:00:00-04:00,33.0937571404328,33.590213115865694,32.96467752627587,33.262550354003906,1152500,0.0,0.0
2024-06-24 00:00:00-04:00,33.2625512536625,33.71928985437622,33.083826794659984,33.65971755981445,405000,0.0,0.0
2024-06-25 00:00:00-04:00,33.530639402713085,33.56042555129142,33.08382823574434,33.46113586425781,339500,0.0,0.0
2024-06-26 00:00:00-04:00,33.18311315993215,33.58027942637794,32.98453381436748,33.49091720581055,388100,0.0,0.0
2024-06-27 00:00:00-04:00,33.57035340199704,33.57035340199704,32.71644854418056,32.984535217285156,473200,0.0,0.0
2024-06-28 00:00:00-04:00,33.32212442328149,33.35191056795884,32.95474429652217,33.014320373535156,837100,0.0,0.0
2024-07-01 00:00:00-04:00,33.054038070847504,33.14340029338306,32.48807859067509,32.6568717956543,403100,0.0,0.0
2024-07-02 00:00:00-04:00,32.38878468075022,33.073896306614024,32.38878468075022,32.82566833496094,386400,0.0,0.0
2024-07-03 00:00:00-04:00,32.954744093051225,33.00439271741797,32.24977756387915,32.51786422729492,319300,0.0,0.0
2024-07-05 00:00:00-04:00,32.36892581918741,33.05403744146761,32.2398500017169,32.63701248168945,487500,0.0,0.0
2024-07-08 00:00:00-04:00,32.64694099258851,32.766089347854674,32.29941959054682,32.488075256347656,379600,0.0,0.0
2024-07-09 00:00:00-04:00,32.438429650199815,32.438429650199815,28.556146203005188,29.400121688842773,2699100,0.0,0.0
2024-07-10 00:00:00-04:00,29.558988851237253,31.147648330935215,29.360405706089043,30.978853225708008,1169600,0.0,0.0
2024-07-11 00:00:00-04:00,31.663961991268323,32.24978020274341,31.227082089763968,32.05119705200195,668000,0.0,0.0
2024-07-12 00:00:00-04:00,32.36892716580529,32.69658991838091,32.2001339570179,32.55758285522461,443400,0.0,0.0
2024-07-15 00:00:00-04:00,32.726375832926294,33.778863827141144,32.42850301574349,32.79587936401367,511900,0.0,0.0
2024-07-16 00:00:00-04:00,33.08382308307821,34.10652109334672,32.77601904095919,33.96751403808594,426100,0.0,0.0
2024-07-17 00:00:00-04:00,33.75900800734953,34.84128223909149,33.75900800734953,34.48383331298828,615100,0.0,0.0
2024-07-18 00:00:00-04:00,34.2455346916779,34.80156295745935,33.8781545444626,34.116455078125,617100,0.0,0.0
2024-07-19 00:00:00-04:00,34.11645582642262,34.454046047048145,33.6795721364022,34.32496643066406,499600,0.0,0.0
2024-07-22 00:00:00-04:00,34.53347768677188,34.78170568345692,34.156173858924845,34.65262985229492,515900,0.0,0.0
2024-07-23 00:00:00-04:00,34.573191974943725,34.851206094249406,34.44411236769824,34.5533332824707,481700,0.0,0.0
2024-07-24 00:00:00-04:00,34.41432587839481,34.702271234884364,33.6795694148798,33.86822509765625,315500,0.0,0.0
2024-07-25 00:00:00-04:00,34.076735059163695,34.563263541801675,33.78878970796282,33.848365783691406,415400,0.0,0.0
2024-07-26 00:00:00-04:00,34.305106789941405,34.76184537357595,34.0866687386188,34.66255569458008,317700,0.0,0.0
2024-07-29 00:00:00-04:00,34.28470662351415,34.85147786980151,34.12561300689122,34.14550018310547,598000,0.05,0.0
2024-07-30 00:00:00-04:00,34.29465627031664,35.0503500927171,34.165391505781436,34.20516586303711,607400,0.0,0.0
2024-07-31 00:00:00-04:00,34.32448105875849,34.95091383519999,33.88697456026261,34.27476501464844,466700,0.0,0.0
2024-08-01 00:00:00-04:00,36.26343200857261,36.521957677332665,34.463682638163995,34.88130569458008,831400,0.0,0.0
2024-08-02 00:00:00-04:00,33.568783840978696,34.42391346264066,33.180993383036885,34.33442306518555,525900,0.0,0.0
2024-08-05 00:00:00-04:00,33.49917776680688,33.61850081531154,32.46507123140172,33.01195526123047,469300,0.0,0.0
2024-08-06 00:00:00-04:00,32.6341103709931,33.13127841904978,32.03751023056156,32.09716796875,783400,0.0,0.0
2024-08-07 00:00:00-04:00,32.47501256393345,32.70370938140803,31.898299674886808,32.037506103515625,490800,0.0,0.0
2024-08-08 00:00:00-04:00,32.15682635616261,32.842916829891195,32.007674439091225,32.67388153076172,302600,0.0,0.0
2024-08-09 00:00:00-04:00,32.61421850813707,32.9025768449227,32.49489925581189,32.63410568237305,289500,0.0,0.0
2024-08-12 00:00:00-04:00,32.66393840128276,32.78326146077783,32.10711262933684,32.17671585083008,262200,0.0,0.0
2024-08-13 00:00:00-04:00,32.425299912434454,32.962242301616904,32.07728001140534,32.76337432861328,290500,0.0,0.0
2024-08-14 00:00:00-04:00,32.803147777163154,32.872750996831186,32.24631822672788,32.25625991821289,236300,0.0,0.0
2024-08-15 00:00:00-04:00,32.942354106964224,33.28042851269527,32.584392525238286,33.041786193847656,344400,0.0,0.0
2024-08-16 00:00:00-04:00,33.002009435813214,33.30031326089733,32.753425443636914,32.952293395996094,234600,0.0,0.0
2024-08-19 00:00:00-04:00,33.14122331672013,33.30031693755471,32.87275212035718,33.15116500854492,195700,0.0,0.0
2024-08-20 00:00:00-04:00,33.12133281946103,33.12133281946103,32.42529687568036,32.554561614990234,196900,0.0,0.0
2024-08-21 00:00:00-04:00,32.673881440785266,32.753426348071024,32.3954685756489,32.54461669921875,200700,0.0,0.0
2024-08-22 00:00:00-04:00,32.62416483005923,32.75342577627836,32.47501291600239,32.554561614990234,217200,0.0,0.0
2024-08-23 00:00:00-04:00,32.803150938857755,33.34008957189325,32.64405730812661,33.18099594116211,279000,0.0,0.0
2024-08-26 00:00:00-04:00,33.53895679659315,33.85714405082638,33.20088236483392,33.389808654785156,275800,0.0,0.0
2024-08-27 00:00:00-04:00,33.38980889216073,33.38980889216073,33.02190179495136,33.3202018737793,144200,0.0,0.0
2024-08-28 00:00:00-04:00,33.30031668120399,33.51906803748562,33.03184548690778,33.220767974853516,382500,0.0,0.0
2024-08-29 00:00:00-04:00,33.47929266365529,34.15544147465679,33.34008622487693,33.95657730102539,299600,0.0,0.0
2024-08-30 00:00:00-04:00,33.91680475376567,34.234992000215726,33.47929444507845,34.05601119995117,405900,0.0,0.0
2024-09-03 00:00:00-04:00,33.80742563410834,34.1256128660409,33.220767214028115,33.4295768737793,309400,0.0,0.0
2024-09-04 00:00:00-04:00,33.200877491642295,33.658271128330384,33.031842197119154,33.5389518737793,246200,0.0,0.0
2024-09-05 00:00:00-04:00,32.315921310259526,32.80314763897424,31.03322690791047,31.7690372467041,588800,0.0,0.0
2024-09-06 00:00:00-04:00,31.81875354614684,32.614221626182314,31.460791961858128,31.470735549926758,547700,0.0,0.0
2024-09-09 00:00:00-04:00,31.570170413535248,32.23637376378281,30.933795931779038,31.977848052978516,468200,0.0,0.0
2024-09-10 00:00:00-04:00,31.957957578046045,33.10144546468749,31.957957578046045,32.75342559814453,493900,0.0,0.0
2024-09-11 00:00:00-04:00,32.594334575761366,32.823031412585465,32.02756332948187,32.6440544128418,554400,0.0,0.0
2024-09-12 00:00:00-04:00,32.922464530723964,33.13127417381028,32.107109339832945,32.952293395996094,559800,0.0,0.0
2024-09-13 00:00:00-04:00,33.42957556026366,33.47929160209512,32.9721819064689,33.19093704223633,275800,0.0,0.0
2024-09-16 00:00:00-04:00,33.35003039634312,33.74776252103724,33.1611041285044,33.717933654785156,366000,0.0,0.0
2024-09-17 00:00:00-04:00,34.05601182420682,34.105727871171354,33.519069413570854,33.58867263793945,308000,0.0,0.0
2024-09-18 00:00:00-04:00,33.53895262259268,34.29465010216677,33.53895262259268,33.78753662109375,284600,0.0,0.0
2024-09-19 00:00:00-04:00,34.46368895088227,34.46368895088227,33.62844647814913,33.72787857055664,402700,0.0,0.0
2024-09-20 00:00:00-04:00,33.75770621593412,34.0062902031014,32.763370267265024,32.83297348022461,1467900,0.0,0.0
2024-09-23 00:00:00-04:00,33.01195724242682,33.867086842576654,32.89263797985201,33.36991882324219,374600,0.0,0.0
2024-09-24 00:00:00-04:00,33.389806650443774,33.67816122453289,33.25059641611846,33.48923873901367,381400,0.0,0.0
2024-09-25 00:00:00-04:00,33.34008592481468,33.56878275690529,32.256259498677736,32.52473068237305,401800,0.0,0.0
2024-09-26 00:00:00-04:00,32.892639218134306,33.350032902799306,32.74348728948258,33.02190017700195,305600,0.0,0.0
2024-09-27 00:00:00-04:00,33.369918155603784,33.837253505126256,33.21082454432341,33.70799255371094,313000,0.0,0.0
2024-09-30 00:00:00-04:00,33.50912515669744,34.14549961255573,33.499179672211,33.69804763793945,502200,0.0,0.0
2024-10-01 00:00:00-04:00,33.489236174109266,33.74776186044542,33.16110347939606,33.59861373901367,323000,0.0,0.0
2024-10-02 00:00:00-04:00,33.568783143536656,33.79748377135228,33.290370265278995,33.62844467163086,292200,0.0,0.0
2024-10-03 00:00:00-04:00,33.38980540865814,33.519066360373515,33.1014470522022,33.379859924316406,466500,0.0,0.0
2024-10-04 00:00:00-04:00,33.97646043120496,34.18527388091038,33.53895394214261,34.026180267333984,413900,0.0,0.0
2024-10-07 00:00:00-04:00,33.75770984695557,33.817367582714574,33.12133537825261,33.3599739074707,371400,0.0,0.0
2024-10-08 00:00:00-04:00,33.379863927848874,33.379863927848874,33.01196061798775,33.18099594116211,437700,0.0,0.0
2024-10-09 00:00:00-04:00,33.10145056689796,33.5190699194119,32.84292104983488,32.86280822753906,445400,0.0,0.0
2024-10-10 00:00:00-04:00,32.58439294493918,32.93240904660478,32.37558328393982,32.7733154296875,332300,0.0,0.0
2024-10-11 00:00:00-04:00,32.74348260324035,33.161101874749804,32.644050527097306,32.9721794128418,330300,0.0,0.0
2024-10-14 00:00:00-04:00,32.97218421096962,33.20088105385115,32.79320341339432,33.15116500854492,294000,0.0,0.0
2024-10-15 00:00:00-04:00,33.04178627764156,33.83725435399929,32.87275097089285,33.171051025390625,349700,0.0,0.0
2024-10-16 00:00:00-04:00,33.28042984008789,33.618504259303066,33.23071000157212,33.28042984008789,253800,0.0,0.0
2024-10-17 00:00:00-04:00,33.40968813291431,33.48923683371732,33.18099130774192,33.26054000854492,283400,0.0,0.0
2024-10-18 00:00:00-04:00,33.43951918829702,33.449460878875115,32.88268968865742,33.09149932861328,252100,0.0,0.0
2024-10-21 00:00:00-04:00,33.051728602720814,33.08155746739188,32.644051015490106,32.83297348022461,639900,0.0,0.0
2024-10-22 00:00:00-04:00,32.75343161899689,32.75343161899689,32.375586610675,32.45513153076172,384900,0.0,0.0
2024-10-23 00:00:00-04:00,32.33580416699479,32.74348173734521,32.18665226363395,32.594329833984375,198400,0.0,0.0
2024-10-24 00:00:00-04:00,32.435243065596815,32.53467895312436,31.848584605003737,32.21649169921875,287100,0.0,0.0
2024-10-25 00:00:00-04:00,32.26620408245058,32.64405282596613,32.13693933988905,32.475013732910156,255000,0.0,0.0
2024-10-28 00:00:00-04:00,32.743896067230736,33.08248880742308,32.53476246379831,32.68414306640625,251300,0.05,0.0
2024-10-29 00:00:00-04:00,32.37542847997959,32.4849737607258,32.076671040885266,32.086631774902344,416600,0.0,0.0
2024-10-30 00:00:00-04:00,31.957167695604912,32.664227829550995,31.88745775557681,32.10654830932617,407000,0.0,0.0
2024-10-31 00:00:00-04:00,32.255926083610696,32.81360941933093,32.01692165323554,32.624393463134766,534900,0.0,0.0
2024-11-01 00:00:00-04:00,32.67418644765781,33.02273612523075,32.46505284220748,32.54472351074219,339300,0.0,0.0
2024-11-04 00:00:00-05:00,32.50488796477695,33.02273591016022,32.50488796477695,32.88331604003906,324300,0.0,0.0
2024-11-05 00:00:00-05:00,32.743899726878986,32.83352733867975,32.196177120944085,32.28580093383789,306000,0.0,0.0
2024-11-06 00:00:00-05:00,33.859262908021016,34.37711091424782,33.44100324851493,34.01860046386719,673300,0.0,0.0
2024-11-07 00:00:00-05:00,34.35719139235255,35.70160170988189,33.88913568527033,35.05429458618164,468000,0.0,0.0
2024-11-08 00:00:00-05:00,35.014463296270726,35.39289143932557,34.75554117664829,35.18376159667969,375500,0.0,0.0
2024-11-11 00:00:00-05:00,35.44267971152729,36.0003630278092,35.06425161123218,35.721519470214844,285700,0.0,0.0
2024-11-12 00:00:00-05:00,35.65180814393159,36.08998923214899,35.422760665502786,35.61197280883789,321500,0.0,0.0
2024-11-13 00:00:00-05:00,35.89082132074898,35.90077825644653,34.8650821941713,34.924835205078125,364400,0.0,0.0
2024-11-14 00:00:00-05:00,35.06425216335675,35.06425216335675,34.04847385640595,34.30739974975586,248500,0.0,0.0
2024-11-15 00:00:00-05:00,34.536447886843675,34.74557771306494,34.138102104502,34.496612548828125,301100,0.0,0.0
2024-11-18 00:00:00-05:00,34.34723356737421,34.78541086124,34.08830768548016,34.735618591308594,405700,0.0,0.0
2024-11-19 00:00:00-05:00,34.45677649468728,35.73148069234394,34.35719195062502,35.51239013671875,518800,0.0,0.0
2024-11-20 00:00:00-05:00,35.31321418495965,35.45263405410972,34.596197172344056,34.69578170776367,312100,0.0,0.0
2024-11-21 00:00:00-05:00,35.98044602494555,36.3389564635498,35.40284502965941,35.910736083984375,279100,0.0,0.0
2024-11-22 00:00:00-05:00,36.119863151986614,36.74725637169242,36.05015321634225,36.159698486328125,266300,0.0,0.0
2024-11-25 00:00:00-05:00,36.35887024887737,37.11572646170759,36.35887024887737,36.64767074584961,519000,0.0,0.0
2024-11-26 00:00:00-05:00,36.438540665632544,36.5381252092392,35.532307642747455,35.58209991455078,245600,0.0,0.0
2024-11-27 00:00:00-05:00,35.73147752078587,36.010317258535615,35.552222318259176,35.70159912109375,248600,0.0,0.0
2024-11-29 00:00:00-05:00,35.86093960079274,35.9704848778751,35.532307568452474,35.850982666015625,143300,0.0,0.0
2024-12-02 00:00:00-05:00,35.85098380068323,36.020278289600014,35.33313580102675,35.8310661315918,341900,0.0,0.0
2024-12-03 00:00:00-05:00,35.77131485671866,35.96053082279753,35.28334523652048,35.33313751220703,249500,0.0,0.0
2024-12-04 00:00:00-05:00,35.22358835729163,35.6617694525793,35.22358835729163,35.60201644897461,176700,0.0,0.0
2024-12-05 00:00:00-05:00,35.36300812664139,35.4725534001324,34.745575620218126,34.934791564941406,174200,0.0,0.0
2024-12-06 00:00:00-05:00,35.04433603358872,35.512391769800544,35.004504493476226,35.28334426879883,217600,0.0,0.0
2024-12-09 00:00:00-05:00,35.60201774593752,35.76135529578125,35.35305258687502,35.51239013671875,289900,0.0,0.0
2024-12-10 00:00:00-05:00,35.611974104350054,35.66177017448201,34.97462391529158,35.52234649658203,246600,0.0,0.0
2024-12-11 00:00:00-05:00,35.67172970801738,35.9904048257636,35.42276453484646,35.81114959716797,182200,0.0,0.0
2024-12-12 00:00:00-05:00,35.93065464586167,35.93065464586167,35.00450392274681,35.29330062866211,235100,0.0,0.0
2024-12-13 00:00:00-05:00,35.163839447057214,35.20367098422052,34.74557601613522,34.99454116821289,159000,0.0,0.0
2024-12-16 00:00:00-05:00,35.02441618432298,35.1937144651661,34.51652893960719,35.05429458618164,305700,0.0,0.0
2024-12-17 00:00:00-05:00,34.78541638067853,35.12400918840637,34.58624347044321,34.705745697021484,245600,0.0,0.0
2024-12-18 00:00:00-05:00,34.68582237996991,35.29329408235584,33.32149078565899,33.53062057495117,381700,0.0,0.0
2024-12-19 00:00:00-05:00,33.83934656102639,34.05843713346646,33.26174932310321,33.46091842651367,325700,0.0,0.0
2024-12-20 00:00:00-05:00,33.19203503892103,34.108224951365735,32.97294449511614,33.47087478637695,1415000,0.0,0.0
2024-12-23 00:00:00-05:00,33.24182900563418,33.48083343025551,32.8634009012591,33.441001892089844,253000,0.0,0.0
2024-12-24 00:00:00-05:00,33.460912599560096,34.61611067314498,33.281657398580855,34.36714553833008,156100,0.0,0.0
2024-12-26 00:00:00-05:00,34.11818403447806,35.05429547230611,34.02855642444999,34.90491485595703,215400,0.0,0.0
2024-12-27 00:00:00-05:00,34.63602942264776,35.12400277365965,34.3870642800493,34.616111755371094,302900,0.0,0.0
2024-12-30 00:00:00-05:00,34.28748183119641,34.62607459771198,33.82938685264794,34.17793655395508,213100,0.0,0.0
2024-12-31 00:00:00-05:00,34.516528831347884,34.79536858844224,34.07835152749864,34.38706588745117,180100,0.0,0.0
2025-01-02 00:00:00-05:00,34.5464057308048,34.576284134556026,34.02855771969889,34.34723663330078,213000,0.0,0.0
2025-01-03 00:00:00-05:00,34.49660986716647,34.54640213636175,34.098267914697615,34.47669219970703,186000,0.0,0.0
2025-01-06 00:00:00-05:00,34.41694583746983,34.69578560710785,33.919015506597965,33.95884704589844,316900,0.0,0.0
2025-01-07 00:00:00-05:00,33.889139386626084,34.26756752727764,33.66009187486275,33.91901779174805,462400,0.0,0.0
2025-01-08 00:00:00-05:00,33.530623990028005,33.73975759952659,33.182074305708085,33.47087478637695,250900,0.0,0.0
2025-01-10 00:00:00-05:00,32.92315450939778,33.0227390549947,31.568783415400983,31.658411026000977,386400,0.0,0.0
2025-01-13 00:00:00-05:00,31.489114188365182,31.99700334134162,31.30985896973192,31.967124938964844,335700,0.0,0.0
2025-01-14 00:00:00-05:00,32.04679747856954,32.395347202360654,32.03683674422861,32.33559799194336,300100,0.0,0.0
2025-01-15 00:00:00-05:00,33.10240647436458,33.10240647436458,32.53476246379831,32.68414306640625,198100,0.0,0.0
2025-01-16 00:00:00-05:00,32.75385641228368,33.01278231058151,32.51485198190853,32.624393463134766,264900,0.0,0.0
2025-01-17 00:00:00-05:00,32.87335568079816,33.03269321973468,32.255923192282474,32.475013732910156,263800,0.0,0.0
2025-01-21 00:00:00-05:00,32.79369513165259,32.80365206773366,32.08663490377008,32.365474700927734,285700,0.0,0.0
2025-01-22 00:00:00-05:00,32.15634171739412,32.275843933250464,31.967125760139055,32.086631774902344,274000,0.0,0.0
2025-01-23 00:00:00-05:00,31.86754105022901,32.20613382584397,31.827705712178563,32.156341552734375,288200,0.0,0.0
2025-01-24 00:00:00-05:00,31.977084472515084,32.39534410102273,31.857580364760505,32.255924224853516,186200,0.0,0.0
2025-01-27 00:00:00-05:00,32.395342594114375,33.0227358065986,32.395342594114375,32.68414306640625,235100,0.0,0.0
2025-01-28 00:00:00-05:00,32.544725527769344,32.82356528710937,32.345552642994974,32.37542724609375,194100,0.0,0.0
2025-01-29 00:00:00-05:00,32.33559538141571,32.45509759150968,31.857580842679692,32.04679489135742,220600,0.0,0.0
2025-01-30 00:00:00-05:00,32.315678201949126,32.64431023440403,32.106548381395385,32.30571746826172,206300,0.0,0.0
2025-01-31 00:00:00-05:00,32.285801918052854,32.48497481689367,31.947212928602667,32.33559799194336,312900,0.0,0.0
2025-02-03 00:00:00-05:00,31.937248486727768,32.35551190562878,31.6982421755367,32.06671142578125,180200,0.0,0.0
2025-02-04 00:00:00-05:00,31.97708425016287,32.614434421879885,31.8874566448335,32.59451675415039,231200,0.0,0.0
2025-02-05 00:00:00-05:00,32.8235613779188,33.082487236960205,32.584556983779734,32.64430618286133,154600,0.0,0.0
2025-02-06 00:00:00-05:00,32.7936875108764,32.7936875108764,32.355510245896504,32.564640045166016,245600,0.0,0.0
2025-02-07 00:00:00-05:00,32.63435274063157,32.79369028673945,32.43517985827004,32.783729553222656,222200,0.0,0.0
2025-02-10 00:00:00-05:00,32.813611740397434,33.391208987082756,32.664231111666346,33.25178909301758,259600,0.0,0.0
2025-02-11 00:00:00-05:00,33.012782311075156,33.35137508653413,32.6642288016547,33.09244918823242,241700,0.0,0.0
2025-02-12 00:00:00-05:00,32.704060835909985,33.01277897611152,32.66422550190207,32.88331604003906,256000,0.0,0.0
2025-02-13 00:00:00-05:00,33.15220219576247,33.57046184838478,32.89327629745701,33.56050491333008,215000,0.0,0.0
2025-02-14 00:00:00-05:00,33.78954809860463,33.879175698292165,33.450955366330206,33.769630432128906,326600,0.0,0.0
2025-02-18 00:00:00-05:00,33.71984182119335,34.466737299930095,33.520668933748844,34.30739974975586,264400,0.0,0.0
2025-02-19 00:00:00-05:00,33.97876334481201,34.31735610810743,33.70988052111504,33.84930419921875,561100,0.0,0.0
2025-02-20 00:00:00-05:00,33.78955479776085,33.819429403944184,33.17212221022628,33.25178909301758,465100,0.0,0.0
2025-02-21 00:00:00-05:00,33.57046027816983,33.75967622552125,32.86340015624283,33.0526123046875,600200,0.0,0.0
2025-02-24 00:00:00-05:00,33.1223215877769,33.25178452831107,32.863399505615234,32.863399505615234,469500,0.0,0.0
2025-02-25 00:00:00-05:00,33.012780340821216,33.42108303401476,32.52480697631836,32.52480697631836,322900,0.0,0.0
2025-02-26 00:00:00-05:00,32.39534695922236,32.54472758195858,31.897416615311005,32.20613479614258,396100,0.0,0.0
2025-02-27 00:00:00-05:00,35.30325979642348,37.79291135048851,35.183757585522265,37.39456558227539,1385400,0.0,0.0
2025-02-28 00:00:00-05:00,37.394566070312486,37.613656625579736,36.8468434810512,37.1854362487793,492300,0.0,0.0
2025-03-03 00:00:00-05:00,37.38487655329346,38.212547185242855,37.19540689475042,37.81366729736328,381800,0.05,0.0
2025-03-04 00:00:00-05:00,37.60425494437312,37.83360953555117,36.686836579660905,37.115631103515625,512900,0.0,0.0
2025-03-05 00:00:00-05:00,37.18543622371587,37.81366690521031,37.05579969089935,37.75383758544922,275900,0.0,0.0
2025-03-06 00:00:00-05:00,37.404819100153624,37.77378434733456,37.20538294967832,37.34498977661133,366600,0.0,0.0
2025-03-07 00:00:00-05:00,37.12560158569894,37.534451738059296,36.58711490580959,37.145545959472656,368400,0.0,0.0
2025-03-10 00:00:00-04:00,36.53725860281962,37.27518527157117,36.36773711907976,36.796531677246094,330500,0.0,0.0
2025-03-11 00:00:00-04:00,36.8064985996969,36.87630200474101,35.779388093476236,35.91899490356445,233200,0.0,0.0
2025-03-12 00:00:00-04:00,35.7893591796244,36.0586025211095,35.30073533337395,35.47025680541992,258400,0.0,0.0
2025-03-13 00:00:00-04:00,35.280789829609404,35.849191153207954,35.250871367735634,35.49020004272461,220700,0.0,0.0
2025-03-14 00:00:00-04:00,35.56000708242925,36.25804500150791,35.46028900998971,36.22813034057617,203900,0.0,0.0
2025-03-17 00:00:00-04:00,35.77939136280508,37.0059419115132,35.77939136280508,36.796531677246094,225400,0.0,0.0
2025-03-18 00:00:00-04:00,36.49736719587654,37.025883591893574,35.3206757689712,36.77658462524414,295700,0.0,0.0
2025-03-19 00:00:00-04:00,36.636978141342446,37.29512726704319,36.636978141342446,37.205379486083984,253400,0.0,0.0
2025-03-20 00:00:00-04:00,36.76660967149045,37.29512605507538,36.76660967149045,37.025882720947266,211900,0.0,0.0
2025-03-21 00:00:00-04:00,36.686839225630706,37.24526651260051,36.33781836727398,37.13557815551758,1083800,0.0,0.0
2025-03-24 00:00:00-04:00,37.45467985665246,37.48459451675825,36.97602627495729,37.414791107177734,270500,0.0,0.0
2025-03-25 00:00:00-04:00,37.51450931463579,37.55439806425701,37.205381015072675,37.24526596069336,192800,0.0,0.0
2025-03-26 00:00:00-04:00,37.38487758420136,37.70397998170422,37.045830811354485,37.39484786987305,159100,0.0,0.0
2025-03-27 00:00:00-04:00,37.45467999420449,37.55439806425701,36.99596698156154,37.24526596069336,191600,0.0,0.0
2025-03-28 00:00:00-04:00,37.13557547602331,37.22532325552499,36.19820893367236,36.5472297668457,169700,0.0,0.0
2025-03-31 00:00:00-04:00,36.208183813014635,36.76661107188323,36.04863262419497,36.666893005371094,386200,0.0,0.0
2025-04-01 00:00:00-04:00,36.49737063426318,36.96605395299848,36.23810135828238,36.916194915771484,241300,0.0,0.0
2025-04-02 00:00:00-04:00,36.547230949928036,37.344986902433874,36.507342201302635,37.295127868652344,226200,0.0,0.0
2025-04-03 00:00:00-04:00,35.8990522226876,36.297932102317645,35.121240641809514,35.2209587097168,293900,0.0,0.0
2025-04-04 00:00:00-04:00,34.16392771200722,34.343423267040556,33.2564796522277,33.784996032714844,421800,0.0,0.0
2025-04-07 00:00:00-04:00,32.69805278656379,34.05423974921729,31.980070558335402,32.70802307128906,363700,0.0,0.0
2025-04-08 00:00:00-04:00,33.48584069688468,33.50578126769117,31.45156011457472,31.80057716369629,298500,0.0,0.0
2025-04-09 00:00:00-04:00,31.46153127213497,34.73233655514787,31.321924448616247,34.52292251586914,373500,0.0,0.0
2025-04-10 00:00:00-04:00,33.48583951614009,33.78499751969576,32.46869926085051,33.057044982910156,307700,0.0,0.0
2025-04-11 00:00:00-04:00,32.86757478945865,33.32628397428718,32.339062198417096,33.16673278808594,184900,0.0,0.0
2025-04-14 00:00:00-04:00,33.41603469848633,33.69525215193997,33.12685076326747,33.41603469848633,254500,0.0,0.0
2025-04-15 00:00:00-04:00,33.53569927039803,33.78499824605427,33.31631495454038,33.54566955566406,180000,0.0,0.0
2025-04-16 00:00:00-04:00,33.52572520502872,33.64539145230936,32.75788390298011,32.97726821899414,206100,0.0,0.0
2025-04-17 00:00:00-04:00,32.837663632148825,33.10690700082186,32.16954035344149,32.737945556640625,309100,0.0,0.0
2025-04-21 00:00:00-04:00,32.49861277541416,32.49861277541416,31.631051552457663,31.940181732177734,433200,0.0,0.0
2025-04-22 00:00:00-04:00,32.33906319559803,32.79777239457094,32.24931541284242,32.7479133605957,302200,0.0,0.0
2025-04-23 00:00:00-04:00,33.19665383410973,33.96449516620667,32.64819682661211,32.787803649902344,312900,0.0,0.0
2025-04-24 00:00:00-04:00,32.61827562906215,33.22656571158277,32.60830534423408,33.136817932128906,240200,0.0,0.0
2025-04-25 00:00:00-04:00,32.76785513258557,33.10690186229096,32.66813326855448,32.927406311035156,168400,0.0,0.0
2025-04-28 00:00:00-04:00,32.89749365339344,33.29636972176173,32.77782740928261,33.226566314697266,277800,0.0,0.0
2025-04-29 00:00:00-04:00,33.017155237742855,34.10409886757493,33.017155237742855,34.04426574707031,293000,0.0,0.0
2025-04-30 00:00:00-04:00,33.715196823229086,34.0741841739603,33.13682133971639,33.84482955932617,300200,0.0,0.0
2025-05-01 00:00:00-04:00,33.705219338256406,34.0243217094304,33.525723778970985,33.904659271240234,268600,0.0,0.0
2025-05-02 00:00:00-04:00,34.2636505861157,34.602697332930596,34.124043773427275,34.50297546386719,194000,0.0,0.0
2025-05-05 00:00:00-04:00,34.213790757877064,34.85199548903882,34.213790757877064,34.3833122253418,242100,0.0,0.0
2025-05-06 00:00:00-04:00,34.19385151398237,34.62264609530563,33.904663763043274,34.39329147338867,246300,0.0,0.0
2025-05-07 00:00:00-04:00,34.44314748815341,34.75227578429112,34.09412663883599,34.5129508972168,237500,0.0,0.0
2025-05-08 00:00:00-04:00,37.93333261823074,37.93333261823074,35.28079169951747,35.39048385620117,507200,0.0,0.0
2025-05-09 00:00:00-04:00,35.41042601007361,35.79933562043539,35.30073765248504,35.62981033325195,523400,0.0,0.0
2025-05-12 00:00:00-04:00,36.70678168773006,36.70678168773006,36.00874381139607,36.46745300292969,490300,0.0,0.0
2025-05-13 00:00:00-04:00,36.3576115335827,36.677150798730786,36.30768423762991,36.45746612548828,274200,0.05,0.0
2025-05-14 00:00:00-04:00,36.347626000554214,36.89683385031361,36.26773928317405,36.60725021362305,566200,0.0,0.0
2025-05-15 00:00:00-04:00,36.447480923187435,37.306244096878345,36.447480923187435,37.216373443603516,395400,0.0,0.0
2025-05-16 00:00:00-04:00,37.246328395024335,37.74560894672495,37.21637278086896,37.705665588378906,425400,0.0,0.0
2025-05-19 00:00:00-04:00,37.26630282922538,38.184981093059,37.26630282922538,38.15502166748047,262800,0.0,0.0
2025-05-20 00:00:00-04:00,38.05516460517248,38.334760497713496,37.95530620840187,38.314788818359375,362500,0.0,0.0
2025-05-21 00:00:00-04:00,37.94532192924686,38.50451751846654,37.585839322549084,37.705665588378906,403400,0.0,0.0
2025-05-22 00:00:00-04:00,37.40610084795987,37.715656184738734,36.9667353005522,37.01666259765625,231600,0.0,0.0
2025-05-23 00:00:00-04:00,36.44748172771565,36.78699266878051,36.237784801848406,36.28771209716797,300300,0.0,0.0
2025-05-27 00:00:00-04:00,36.66716692169343,36.856892170299986,36.47743786387836,36.80696487426758,228600,0.0,0.0
2025-05-28 00:00:00-04:00,36.68713896062586,36.82693691456676,36.25775735397391,36.27772903442383,208600,0.0,0.0
2025-05-29 00:00:00-04:00,36.407539573028636,36.51738191189302,36.08800030135511,36.31766891479492,171600,0.0,0.0
2025-05-30 00:00:00-04:00,36.28771021894707,36.32765357681867,35.798413608040626,36.1778678894043,326000,0.0,0.0
2025-06-02 00:00:00-04:00,36.058042220650435,36.21781184556785,35.60868896019261,35.90825653076172,223700,0.0,0.0
2025-06-03 00:00:00-04:00,35.91824705958042,36.49741056635289,35.58872003996181,36.35761260986328,173700,0.0,0.0
2025-06-04 00:00:00-04:00,36.3176662317091,36.37758126917469,35.83835735960931,35.99812698364258,250400,0.0,0.0
2025-06-05 00:00:00-04:00,36.147915880625646,36.43749954026244,35.92823119963102,36.26774215698242,280200,0.0,0.0
2025-06-06 00:00:00-04:00,36.80696367143943,36.80696367143943,36.397553762619324,36.777008056640625,244600,0.0,0.0
2025-06-09 00:00:00-04:00,36.86687743497026,37.186420521356766,36.637208817574226,36.96673583984375,251200,0.0,0.0
2025-06-10 00:00:00-04:00,36.996689040342936,37.51594128414527,36.996689040342936,37.47599792480469,235000,0.0,0.0
2025-06-11 00:00:00-04:00,37.755599513626414,37.96529644680819,37.46601585778,37.58584213256836,244400,0.0,0.0
2025-06-12 00:00:00-04:00,37.336198702546305,37.50595606934807,36.91680487140361,37.0965461730957,200300,0.0,0.0
2025-06-13 00:00:00-04:00,36.357612099006715,36.577296775665694,35.63864683663811,35.83835983276367,209200,0.0,0.0
2025-06-16 00:00:00-04:00,36.04805714442779,36.45746707665572,35.90825918842926,36.22779846191406,264700,0.0,0.0
2025-06-17 00:00:00-04:00,36.02808687994686,36.48742407892151,35.95818409738185,36.167884826660156,331200,0.0,0.0
2025-06-18 00:00:00-04:00,36.11795553581701,36.647195543912545,35.88828692480552,35.92823028564453,381000,0.0,0.0
2025-06-20 00:00:00-04:00,36.078015388371604,36.22779727523149,35.44892079777635,35.628662109375,670800,0.0,0.0
2025-06-23 00:00:00-04:00,35.638646761691184,36.097987794576575,35.458905446477026,36.05804443359375,253400,0.0,0.0
2025-06-24 00:00:00-04:00,36.35761253142159,36.77701020919419,36.10797223559771,36.57729721069336,288600,0.0,0.0
2025-06-25 00:00:00-04:00,36.48742475030961,36.59726708452217,36.058043157956,36.24776840209961,233700,0.0,0.0
2025-06-26 00:00:00-04:00,36.477436870527946,36.477436870527946,35.77844712669204,36.11795425415039,171300,0.0,0.0
2025-06-27 00:00:00-04:00,36.14791429254044,36.31766785915404,35.678589334383,35.84834671020508,412200,0.0,0.0
2025-06-30 00:00:00-04:00,35.95818362533218,36.22779558011487,35.83835735960931,35.99812698364258,254500,0.0,0.0
2025-07-01 00:00:00-04:00,35.87830353870984,37.00667873983847,35.86831579374284,36.79697799682617,388500,0.0,0.0
2025-07-02 00:00:00-04:00,36.78699304486107,37.44604325375888,36.617235667988936,37.24633026123047,486100,0.0,0.0
2025-07-03 00:00:00-04:00,37.446044048924534,37.595829748803666,36.94676346160554,37.45602798461914,195500,0.0,0.0
2025-07-07 00:00:00-04:00,37.366155391679776,37.725638005408484,36.8768625746,36.99668884277344,281400,0.0,0.0
2025-07-08 00:00:00-04:00,37.11651470469237,37.316227688934426,36.46745226741611,36.60725021362305,379000,0.0,0.0
2025-07-09 00:00:00-04:00,36.62722433435267,36.876864628992905,35.87830345043194,36.09798812866211,233200,0.0,0.0
2025-07-10 00:00:00-04:00,35.898272109415366,36.078013411163525,35.159335223427576,35.1693229675293,294200,0.0,0.0
2025-07-11 00:00:00-04:00,34.939655297016586,34.989582591220874,33.451797550795206,33.801292419433594,360200,0.0,0.0
2025-07-14 00:00:00-04:00,33.82126642774229,34.28060746999174,33.82126642774229,34.080894470214844,338300,0.0,0.0
2025-07-15 00:00:00-04:00,34.05093435520702,34.390445305194795,33.0723448662325,33.082332611083984,414700,0.0,0.0
2025-07-16 00:00:00-04:00,33.152232093235625,33.701439982968196,32.802733393072266,33.601585388183594,352400,0.0,0.0
2025-07-17 00:00:00-04:00,33.26207303715525,33.97105053431557,33.26207303715525,33.661495208740234,580100,0.0,0.0
2025-07-18 00:00:00-04:00,33.831251842585,33.85122352210796,33.08233100191189,33.232112884521484,460100,0.0,0.0
2025-07-21 00:00:00-04:00,33.441815829890785,33.92112474256308,33.321985744816246,33.381900787353516,272000,0.0,0.0
2025-07-22 00:00:00-04:00,33.3120005332248,33.801293362976864,33.3120005332248,33.571624755859375,352400,0.0,0.0
2025-07-23 00:00:00-04:00,33.621550508943436,33.73139283974465,33.18218499494687,33.50172424316406,250700,0.0,0.0
2025-07-24 00:00:00-04:00,33.42184146412881,33.441813143370155,32.96250045999442,33.06235885620117,213300,0.0,0.0
2025-07-25 00:00:00-04:00,33.09231440919385,33.56163934747586,32.692892252731305,33.28204345703125,223600,0.0,0.0
2025-07-28 00:00:00-04:00,33.28204560681948,33.44181524156617,33.02241756960076,33.082332611083984,335500,0.0,0.0
2025-07-29 00:00:00-04:00,33.262073641807234,33.41185553042123,33.06236064778005,33.391883850097656,414700,0.0,0.0
2025-07-30 00:00:00-04:00,33.302014311558864,33.561642355275325,32.69289518267352,32.72285079956055,408700,0.0,0.0
2025-07-31 00:00:00-04:00,35.68857819782046,36.697123312115245,34.769899932755905,36.09798812866211,1185000,0.0,0.0
2025-08-01 00:00:00-04:00,35.39899434590513,35.63864689427654,34.67004514669517,34.70000076293945,526000,0.0,0.0
2025-08-04 00:00:00-04:00,34.95000076293945,35.16999816894531,34.529998779296875,34.84000015258789,283300,0.05,0.0
2025-08-05 00:00:00-04:00,34.619998931884766,34.779998779296875,34.189998626708984,34.59000015258789,361800,0.0,0.0
2025-08-06 00:00:00-04:00,34.79999923706055,35.11000061035156,34.599998474121094,35.04999923706055,271300,0.0,0.0
2025-08-07 00:00:00-04:00,35.349998474121094,35.540000915527344,34.86000061035156,35.4900016784668,285100,0.0,0.0
2025-08-08 00:00:00-04:00,35.7599983215332,35.790000915527344,35.31999969482422,35.70000076293945,232700,0.0,0.0
2025-08-11 00:00:00-04:00,35.75,36.25,35.5099983215332,35.560001373291016,347200,0.0,0.0
2025-08-12 00:00:00-04:00,35.869998931884766,36.58000183105469,35.7400016784668,36.47999954223633,265500,0.0,0.0
2025-08-13 00:00:00-04:00,36.779998779296875,37.709999084472656,36.7599983215332,37.65999984741211,255900,0.0,0.0
2025-08-14 00:00:00-04:00,37.380001068115234,37.439998626708984,36.97999954223633,37.0,298200,0.0,0.0
2025-08-15 00:00:00-04:00,37.040000915527344,37.16999816894531,36.56999969482422,36.75,414300,0.0,0.0
2025-08-18 00:00:00-04:00,36.7599983215332,37.119998931884766,36.75,37.029998779296875,288700,0.0,0.0
2025-08-19 00:00:00-04:00,37.0,37.31999969482422,36.86000061035156,37.099998474121094,315100,0.0,0.0
2025-08-20 00:00:00-04:00,37.18000030517578,37.380001068115234,36.0,36.15999984741211,251000,0.0,0.0
2025-08-21 00:00:00-04:00,35.900001525878906,36.22999954223633,35.68000030517578,35.79999923706055,160500,0.0,0.0
2025-08-22 00:00:00-04:00,36.09000015258789,36.90999984741211,36.0099983215332,36.75,428200,0.0,0.0
2025-08-25 00:00:00-04:00,36.77000045776367,36.880001068115234,35.97999954223633,36.290000915527344,273600,0.0,0.0
2025-08-26 00:00:00-04:00,36.08000183105469,36.45000076293945,36.08000183105469,36.16999816894531,183400,0.0,0.0
2025-08-27 00:00:00-04:00,36.18000030517578,36.45000076293945,36.060001373291016,36.45000076293945,255800,0.0,0.0
2025-08-28 00:00:00-04:00,36.41999816894531,36.52000045776367,36.029998779296875,36.130001068115234,185200,0.0,0.0
2025-08-29 00:00:00-04:00,36.25,36.310001373291016,35.43000030517578,35.68000030517578,452700,0.0,0.0
2025-09-02 00:00:00-04:00,35.18000030517578,35.40999984741211,34.779998779296875,34.880001068115234,251300,0.0,0.0
2025-09-03 00:00:00-04:00,34.619998931884766,34.75,34.08000183105469,34.349998474121094,384200,0.0,0.0
2025-09-04 00:00:00-04:00,34.400001525878906,34.599998474121094,34.150001525878906,34.599998474121094,366400,0.0,0.0
2025-09-05 00:00:00-04:00,34.63999938964844,35.02000045776367,34.150001525878906,34.470001220703125,263600,0.0,0.0
2025-09-08 00:00:00-04:00,34.54999923706055,34.65999984741211,33.9900016784668,34.34000015258789,346200,0.0,0.0
2025-09-09 00:00:00-04:00,34.29999923706055,34.47999954223633,34.09000015258789,34.130001068115234,277900,0.0,0.0
2025-09-10 00:00:00-04:00,34.0,34.150001525878906,33.310001373291016,33.47999954223633,358700,0.0,0.0
2025-09-11 00:00:00-04:00,33.45000076293945,34.25,33.45000076293945,34.209999084472656,292400,0.0,0.0
2025-09-12 00:00:00-04:00,33.959999084472656,33.9900016784668,33.40999984741211,33.439998626708984,248600,0.0,0.0
2025-09-15 00:00:00-04:00,33.599998474121094,33.810001373291016,33.0,33.11000061035156,255600,0.0,0.0
2025-09-16 00:00:00-04:00,33.040000915527344,33.459999084472656,33.0,33.459999084472656,282600,0.0,0.0
2025-09-17 00:00:00-04:00,33.56999969482422,34.47999954223633,33.36000061035156,33.72999954223633,277300,0.0,0.0
2025-09-18 00:00:00-04:00,33.7599983215332,33.97999954223633,33.52000045776367,33.83000183105469,254500,0.0,0.0
2025-09-19 00:00:00-04:00,33.959999084472656,33.970001220703125,33.41999816894531,33.66999816894531,910800,0.0,0.0
2025-09-22 00:00:00-04:00,33.41999816894531,33.869998931884766,33.369998931884766,33.849998474121094,250900,0.0,0.0
2025-09-23 00:00:00-04:00,33.84000015258789,34.20000076293945,33.41999816894531,33.5099983215332,281900,0.0,0.0
2025-09-24 00:00:00-04:00,33.38999938964844,33.93000030517578,33.38999938964844,33.84000015258789,450800,0.0,0.0
2025-09-25 00:00:00-04:00,33.68000030517578,33.93000030517578,33.54999923706055,33.77000045776367,254100,0.0,0.0
2025-09-26 00:00:00-04:00,33.75,34.13999938964844,33.75,34.11000061035156,193000,0.0,0.0
2025-09-29 00:00:00-04:00,34.099998474121094,34.4900016784668,33.81999969482422,34.43000030517578,276700,0.0,0.0
2025-09-30 00:00:00-04:00,34.47999954223633,34.77000045776367,33.56999969482422,33.779998779296875,274600,0.0,0.0
2025-10-01 00:00:00-04:00,33.439998626708984,33.95000076293945,33.380001068115234,33.619998931884766,261400,0.0,0.0
2025-10-02 00:00:00-04:00,33.279998779296875,33.970001220703125,32.7400016784668,32.959999084472656,351700,0.0,0.0
2025-10-03 00:00:00-04:00,33.06999969482422,33.54999923706055,32.52000045776367,32.560001373291016,394800,0.0,0.0
2025-10-06 00:00:00-04:00,32.630001068115234,32.630001068115234,31.950000762939453,32.13999938964844,426200,0.0,0.0
2025-10-07 00:00:00-04:00,32.130001068115234,32.2599983215332,31.979999542236328,32.09000015258789,434000,0.0,0.0
2025-10-08 00:00:00-04:00,32.27000045776367,32.31999969482422,31.969999313354492,32.25,319600,0.0,0.0
2025-10-09 00:00:00-04:00,32.290000915527344,32.349998474121094,31.790000915527344,31.84000015258789,454500,0.0,0.0
2025-10-10 00:00:00-04:00,31.899999618530273,32.029998779296875,30.75,30.889999389648438,520100,0.0,0.0
2025-10-13 00:00:00-04:00,31.059999465942383,31.059999465942383,30.350000381469727,30.360000610351562,287000,0.0,0.0
2025-10-14 00:00:00-04:00,30.0,31.34000015258789,30.0,31.09000015258789,704900,0.0,0.0
2025-10-15 00:00:00-04:00,31.149999618530273,31.31999969482422,30.399999618530273,30.530000686645508,443900,0.0,0.0
2025-10-16 00:00:00-04:00,30.530000686645508,30.530000686645508,29.520000457763672,29.610000610351562,284000,0.0,0.0
2025-10-17 00:00:00-04:00,29.6200008392334,29.989999771118164,29.3799991607666,29.8700008392334,333500,0.0,0.0
2025-10-20 00:00:00-04:00,29.959999084472656,30.670000076293945,29.959999084472656,30.649999618530273,409500,0.0,0.0
2025-10-21 00:00:00-04:00,30.68000030517578,30.950000762939453,30.520000457763672,30.540000915527344,279800,0.0,0.0
2025-10-22 00:00:00-04:00,30.59000015258789,30.8799991607666,30.200000762939453,30.860000610351562,318900,0.0,0.0
2025-10-23 00:00:00-04:00,30.799999237060547,31.209999084472656,30.670000076293945,31.049999237060547,441900,0.0,0.0
2025-10-24 00:00:00-04:00,31.440000534057617,31.510000228881836,31.0,31.030000686645508,248000,0.0,0.0
2025-10-27 00:00:00-04:00,31.059999465942383,31.25,30.530000686645508,30.559999465942383,280700,0.0,0.0
2025-10-28 00:00:00-04:00,30.549999237060547,30.790000915527344,30.329999923706055,30.56999969482422,268500,0.0,0.0
2025-10-29 00:00:00-04:00,30.31999969482422,30.469999313354492,29.09000015258789,29.329999923706055,535700,0.0,0.0
2025-10-30 00:00:00-04:00,29.290000915527344,29.709999084472656,28.06999969482422,28.229999542236328,590500,0.0,0.0
2025-10-31 00:00:00-04:00,28.020000457763672,28.719999313354492,27.799999237060547,28.469999313354492,795600,0.0,0.0
2025-11-03 00:00:00-05:00,28.469999313354492,28.690000534057617,28.010000228881836,28.329999923706055,535700,0.0,0.0
2025-11-04 00:00:00-05:00,28.329999923706055,28.56999969482422,28.079999923706055,28.09000015258789,416300,0.0,0.0
2025-11-05 00:00:00-05:00,28.170000076293945,28.549999237060547,27.950000762939453,28.530000686645508,448100,0.0,0.0
2025-11-06 00:00:00-05:00,28.299999237060547,28.559999465942383,28.079999923706055,28.09000015258789,678900,0.0,0.0
2025-11-07 00:00:00-05:00,27.450000762939453,28.209999084472656,26.780000686645508,27.299999237060547,914700,0.0,0.0
2025-11-10 00:00:00-05:00,27.399999618530273,27.690000534057617,26.719999313354492,27.040000915527344,549800,0.0,0.0
2025-11-11 00:00:00-05:00,26.989999771118164,28.90999984741211,26.989999771118164,28.65999984741211,609300,0.0,0.0
2025-11-12 00:00:00-05:00,28.530000686645508,29.540000915527344,28.530000686645508,29.18000030517578,632600,0.0,0.0
2025-11-13 00:00:00-05:00,29.170000076293945,29.65999984741211,29.149999618530273,29.43000030517578,571500,0.0,0.0
2025-11-14 00:00:00-05:00,29.350000381469727,29.43000030517578,28.959999084472656,29.049999237060547,501400,0.0,0.0
2025-11-17 00:00:00-05:00,29.020000457763672,29.030000686645508,28.15999984741211,28.309999465942383,505100,0.0,0.0
2025-11-18 00:00:00-05:00,28.209999084472656,28.6200008392334,28.139999389648438,28.579999923706055,528900,0.0,0.0
2025-11-19 00:00:00-05:00,28.489999771118164,29.110000610351562,28.489999771118164,28.860000610351562,558800,0.0,0.0
2025-11-20 00:00:00-05:00,28.90999984741211,29.520000457763672,28.8700008392334,28.950000762939453,505100,0.0,0.0
2025-11-21 00:00:00-05:00,29.15999984741211,29.579999923706055,29.040000915527344,29.25,780200,0.0,0.0
2025-11-24 00:00:00-05:00,29.100000381469727,29.3799991607666,28.68000030517578,28.950000762939453,663900,0.0,0.0
2025-11-25 00:00:00-05:00,29.149999618530273,30.059999465942383,28.989999771118164,29.799999237060547,610700,0.0,0.0
2025-11-26 00:00:00-05:00,29.68000030517578,29.950000762939453,29.139999389648438,29.18000030517578,1347900,0.0,0.0
2025-11-28 00:00:00-05:00,29.3700008392334,29.3700008392334,28.8799991607666,28.899999618530273,241200,0.0,0.0
2025-12-01 00:00:00-05:00,28.850000381469727,29.190000534057617,28.690000534057617,28.790000915527344,377100,0.0,0.0
2025-12-02 00:00:00-05:00,29.100000381469727,29.690000534057617,28.360000610351562,29.280000686645508,533400,0.0,0.0
2025-12-03 00:00:00-05:00,29.399999618530273,30.229999542236328,29.329999923706055,30.049999237060547,567800,0.0,0.0
2025-12-04 00:00:00-05:00,30.1200008392334,30.8799991607666,29.8700008392334,30.549999237060547,579400,0.0,0.0
2025-12-05 00:00:00-05:00,30.440000534057617,30.610000610351562,29.510000228881836,29.59000015258789,877000,0.0,0.0
2025-12-08 00:00:00-05:00,29.600000381469727,29.780000686645508,29.09000015258789,29.139999389648438,633400,0.0,0.0
2025-12-09 00:00:00-05:00,29.079999923706055,29.3799991607666,27.950000762939453,28.1200008392334,408800,0.0,0.0
2025-12-10 00:00:00-05:00,28.079999923706055,28.899999618530273,27.93000030517578,28.670000076293945,868200,0.0,0.0
2025-12-11 00:00:00-05:00,28.739999771118164,29.850000381469727,28.739999771118164,29.760000228881836,518400,0.0,0.0
2025-12-12 00:00:00-05:00,30.0,30.049999237060547,29.31999969482422,29.729999542236328,418900,0.0,0.0
2025-12-15 00:00:00-05:00,30.040000915527344,30.1299991607666,29.549999237060547,29.850000381469727,425300,0.0,0.0
2025-12-16 00:00:00-05:00,29.84000015258789,29.84000015258789,29.219999313354492,29.239999771118164,425300,0.0,0.0
2025-12-17 00:00:00-05:00,29.239999771118164,29.8799991607666,29.229999542236328,29.440000534057617,389200,0.0,0.0
2025-12-18 00:00:00-05:00,29.520000457763672,29.760000228881836,29.100000381469727,29.190000534057617,429300,0.0,0.0
2025-12-19 00:00:00-05:00,29.100000381469727,29.270000457763672,28.770000457763672,29.040000915527344,1094100,0.0,0.0
2025-12-22 00:00:00-05:00,29.059999465942383,29.709999084472656,29.0,29.3700008392334,404500,0.0,0.0
2025-12-23 00:00:00-05:00,29.3799991607666,29.75,29.149999618530273,29.3700008392334,247100,0.0,0.0
2025-12-24 00:00:00-05:00,29.309999465942383,29.600000381469727,29.200000762939453,29.3700008392334,120900,0.0,0.0
2025-12-26 00:00:00-05:00,29.440000534057617,29.56999969482422,29.15999984741211,29.559999465942383,302200,0.0,0.0
2025-12-29 00:00:00-05:00,29.559999465942383,29.709999084472656,29.34000015258789,29.489999771118164,316000,0.0,0.0
2025-12-30 00:00:00-05:00,29.440000534057617,29.6200008392334,29.110000610351562,29.110000610351562,248800,0.0,0.0
2025-12-31 00:00:00-05:00,29.100000381469727,29.200000762939453,28.90999984741211,29.09000015258789,255400,0.0,0.0
2026-01-02 00:00:00-05:00,29.170000076293945,29.3700008392334,28.43000030517578,28.68000030517578,360900,0.0,0.0
2026-01-05 00:00:00-05:00,28.360000610351562,30.34000015258789,28.360000610351562,29.709999084472656,780800,0.0,0.0
2026-01-06 00:00:00-05:00,29.479999542236328,29.889999389648438,29.18000030517578,29.850000381469727,315400,0.0,0.0
2026-01-07 00:00:00-05:00,29.889999389648438,29.889999389648438,29.1200008392334,29.530000686645508,219400,0.0,0.0
2026-01-08 00:00:00-05:00,29.420000076293945,30.520000457763672,29.420000076293945,30.290000915527344,285600,0.0,0.0
2026-01-09 00:00:00-05:00,30.25,30.6299991607666,29.809999465942383,30.170000076293945,237400,0.0,0.0
2026-01-12 00:00:00-05:00,29.889999389648438,30.610000610351562,29.479999542236328,30.3799991607666,282300,0.0,0.0
2026-01-13 00:00:00-05:00,30.270000457763672,30.290000915527344,29.239999771118164,29.420000076293945,242000,0.0,0.0
2026-01-14 00:00:00-05:00,29.25,30.010000228881836,29.15999984741211,29.860000610351562,266200,0.0,0.0
2026-01-15 00:00:00-05:00,29.829999923706055,30.280000686645508,29.559999465942383,30.1200008392334,438800,0.0,0.0
2026-01-16 00:00:00-05:00,29.90999984741211,30.1299991607666,29.540000915527344,29.579999923706055,393500,0.0,0.0
2026-01-20 00:00:00-05:00,29.06999969482422,29.559999465942383,28.799999237060547,29.049999237060547,447300,0.0,0.0
2026-01-21 00:00:00-05:00,29.09000015258789,29.90999984741211,29.09000015258789,29.420000076293945,525100,0.0,0.0
2026-01-22 00:00:00-05:00,29.639999389648438,30.280000686645508,29.639999389648438,30.1200008392334,390500,0.0,0.0
2026-01-23 00:00:00-05:00,29.90999984741211,29.93000030517578,29.520000457763672,29.790000915527344,194800,0.0,0.0
2026-01-26 00:00:00-05:00,29.790000915527344,29.84000015258789,29.329999923706055,29.559999465942383,255600,0.0,0.0
2026-01-27 00:00:00-05:00,29.290000915527344,29.360000610351562,28.81999969482422,29.15999984741211,275900,0.0,0.0
2026-01-28 00:00:00-05:00,29.219999313354492,29.239999771118164,28.670000076293945,28.729999542236328,290700,0.0,0.0
2026-01-29 00:00:00-05:00,28.860000610351562,29.360000610351562,28.649999618530273,29.25,365900,0.0,0.0
2026-01-30 00:00:00-05:00,29.049999237060547,30.309999465942383,28.739999771118164,30.010000228881836,1040500,0.0,0.0
2026-02-02 00:00:00-05:00,30.329999923706055,30.760000228881836,30.079999923706055,30.209999084472656,608100,0.0,0.0
2026-02-03 00:00:00-05:00,29.860000610351562,30.079999923706055,28.1200008392334,28.489999771118164,417400,0.0,0.0
2026-02-04 00:00:00-05:00,28.389999389648438,29.040000915527344,27.75,28.149999618530273,769600,0.0,0.0
2026-02-05 00:00:00-05:00,28.559999465942383,28.65999984741211,27.219999313354492,27.3700008392334,547700,0.0,0.0
2026-02-06 00:00:00-05:00,27.510000228881836,27.610000610351562,26.84000015258789,27.020000457763672,610300,0.0,0.0
2026-02-09 00:00:00-05:00,26.84000015258789,27.25,26.030000686645508,26.950000762939453,647300,0.0,0.0
2026-02-10 00:00:00-05:00,26.780000686645508,27.420000076293945,26.780000686645508,26.860000610351562,287000,0.0,0.0
2026-02-11 00:00:00-05:00,26.920000076293945,26.920000076293945,26.040000915527344,26.239999771118164,467100,0.0,0.0
2026-02-12 00:00:00-05:00,26.360000610351562,26.56999969482422,25.829999923706055,26.260000228881836,541700,0.0,0.0
2026-02-13 00:00:00-05:00,26.520000457763672,26.690000534057617,26.040000915527344,26.360000610351562,525700,0.0,0.0
2026-02-17 00:00:00-05:00,26.530000686645508,26.850000381469727,26.200000762939453,26.5,381000,0.0,0.0
2026-02-18 00:00:00-05:00,26.56999969482422,27.1200008392334,26.56999969482422,26.959999084472656,233800,0.0,0.0
2026-02-19 00:00:00-05:00,26.829999923706055,27.100000381469727,26.540000915527344,27.100000381469727,201968,0.0,0.0
