Date,Open,High,Low,Close,Volume,Dividends,Stock Splits
2022-01-03 00:00:00-05:00,14.470000267028809,14.789999961853027,13.930000305175781,14.140000343322754,1022500,0.0,0.0
2022-01-04 00:00:00-05:00,14.279999732971191,14.279999732971191,13.041000366210938,13.270000457763672,1943100,0.0,0.0
2022-01-05 00:00:00-05:00,13.319999694824219,13.5600004196167,12.229999542236328,12.260000228881836,1952100,0.0,0.0
2022-01-06 00:00:00-05:00,12.315999984741211,12.399999618530273,11.432000160217285,12.09000015258789,2127100,0.0,0.0
2022-01-07 00:00:00-05:00,12.170000076293945,12.59000015258789,11.5,11.819999694824219,1573000,0.0,0.0
2022-01-10 00:00:00-05:00,11.710000038146973,11.930000305175781,11.005000114440918,11.880000114440918,1961900,0.0,0.0
2022-01-11 00:00:00-05:00,11.9399995803833,12.449999809265137,11.765000343322754,12.0600004196167,2263900,0.0,0.0
2022-01-12 00:00:00-05:00,12.300000190734863,12.345000267028809,11.630000114440918,11.670000076293945,1205000,0.0,0.0
2022-01-13 00:00:00-05:00,11.609999656677246,11.630000114440918,10.829999923706055,10.859999656677246,2120800,0.0,0.0
2022-01-14 00:00:00-05:00,10.770000457763672,10.800000190734863,9.920000076293945,10.050000190734863,3533300,0.0,0.0
2022-01-18 00:00:00-05:00,9.960000038146973,10.029999732971191,9.600000381469727,9.710000038146973,3792800,0.0,0.0
2022-01-19 00:00:00-05:00,9.819999694824219,10.09000015258789,9.390000343322754,9.420000076293945,1779000,0.0,0.0
2022-01-20 00:00:00-05:00,9.510000228881836,9.789999961853027,9.050000190734863,9.079999923706055,1577900,0.0,0.0
2022-01-21 00:00:00-05:00,9.119999885559082,9.119999885559082,8.510000228881836,8.640000343322754,2611400,0.0,0.0
2022-01-24 00:00:00-05:00,8.460000038146973,8.609999656677246,7.420000076293945,8.569999694824219,4978900,0.0,0.0
2022-01-25 00:00:00-05:00,8.399999618530273,8.739999771118164,8.100000381469727,8.369999885559082,1566800,0.0,0.0
2022-01-26 00:00:00-05:00,8.630000114440918,8.670000076293945,7.78000020980835,7.809999942779541,2465800,0.0,0.0
2022-01-27 00:00:00-05:00,8.050000190734863,8.050000190734863,7.620999813079834,7.769999980926514,2161900,0.0,0.0
2022-01-28 00:00:00-05:00,8.220000267028809,8.619999885559082,7.710000038146973,8.59000015258789,2707500,0.0,0.0
2022-01-31 00:00:00-05:00,8.640000343322754,9.09000015258789,8.640000343322754,8.989999771118164,1941200,0.0,0.0
2022-02-01 00:00:00-05:00,9.100000381469727,9.529999732971191,8.770000457763672,9.3100004196167,1694600,0.0,0.0
2022-02-02 00:00:00-05:00,9.385000228881836,9.4350004196167,9.079999923706055,9.279999732971191,2889800,0.0,0.0
2022-02-03 00:00:00-05:00,9.100000381469727,9.550000190734863,8.949999809265137,9.34000015258789,2552400,0.0,0.0
2022-02-04 00:00:00-05:00,9.229999542236328,9.470000267028809,9.0,9.300000190734863,1827600,0.0,0.0
2022-02-07 00:00:00-05:00,9.300000190734863,9.75,9.25,9.460000038146973,1311500,0.0,0.0
2022-02-08 00:00:00-05:00,9.380000114440918,9.539999961853027,9.1899995803833,9.239999771118164,1474000,0.0,0.0
2022-02-09 00:00:00-05:00,9.449999809265137,9.930000305175781,9.430000305175781,9.680000305175781,1899900,0.0,0.0
2022-02-10 00:00:00-05:00,9.579999923706055,9.800000190734863,9.300000190734863,9.600000381469727,5189000,0.0,0.0
2022-02-11 00:00:00-05:00,9.968000411987305,10.09000015258789,9.529999732971191,9.640000343322754,4503600,0.0,0.0
2022-02-14 00:00:00-05:00,9.640000343322754,10.07800006866455,9.420000076293945,9.5,2106000,0.0,0.0
2022-02-15 00:00:00-05:00,9.619999885559082,10.020000457763672,9.619999885559082,9.979999542236328,1771400,0.0,0.0
2022-02-16 00:00:00-05:00,9.979999542236328,9.989999771118164,9.699999809265137,9.800000190734863,1434500,0.0,0.0
2022-02-17 00:00:00-05:00,9.619999885559082,9.75,9.15999984741211,9.300000190734863,1208500,0.0,0.0
2022-02-18 00:00:00-05:00,9.270000457763672,9.449999809265137,9.029999732971191,9.15999984741211,1148800,0.0,0.0
2022-02-22 00:00:00-05:00,9.039999961853027,9.279999732971191,8.699999809265137,8.8100004196167,2066600,0.0,0.0
2022-02-23 00:00:00-05:00,8.890000343322754,8.930000305175781,8.25,8.260000228881836,1716200,0.0,0.0
2022-02-24 00:00:00-05:00,7.909999847412109,8.489999771118164,7.849999904632568,8.449999809265137,2960000,0.0,0.0
2022-02-25 00:00:00-05:00,9.359999656677246,9.359999656677246,8.5649995803833,8.930000305175781,3536300,0.0,0.0
2022-02-28 00:00:00-05:00,8.989999771118164,8.989999771118164,8.40999984741211,8.710000038146973,2996800,0.0,0.0
2022-03-01 00:00:00-05:00,8.600000381469727,9.300000190734863,8.600000381469727,9.039999961853027,1944900,0.0,0.0
2022-03-02 00:00:00-05:00,9.399999618530273,9.699999809265137,9.0600004196167,9.430000305175781,1821000,0.0,0.0
2022-03-03 00:00:00-05:00,9.460000038146973,9.5,8.949999809265137,9.039999961853027,1216100,0.0,0.0
2022-03-04 00:00:00-05:00,8.920000076293945,9.114999771118164,8.510000228881836,8.529999732971191,1224900,0.0,0.0
2022-03-07 00:00:00-05:00,8.449999809265137,8.819999694824219,8.180000305175781,8.279999732971191,1648200,0.0,0.0
2022-03-08 00:00:00-05:00,8.220000267028809,8.545000076293945,7.809999942779541,8.1899995803833,1984300,0.0,0.0
2022-03-09 00:00:00-05:00,8.380000114440918,8.699000358581543,8.3100004196167,8.539999961853027,1555600,0.0,0.0
2022-03-10 00:00:00-05:00,8.390000343322754,8.5,8.100000381469727,8.380000114440918,1339900,0.0,0.0
2022-03-11 00:00:00-05:00,8.449999809265137,8.460000038146973,7.730000019073486,7.75,1948700,0.0,0.0
2022-03-14 00:00:00-04:00,7.989999771118164,8.119999885559082,7.349999904632568,7.460000038146973,2052200,0.0,0.0
2022-03-15 00:00:00-04:00,7.53000020980835,7.929999828338623,7.420000076293945,7.769999980926514,2808600,0.0,0.0
2022-03-16 00:00:00-04:00,8.0,8.520000457763672,7.960000038146973,8.5,1695900,0.0,0.0
2022-03-17 00:00:00-04:00,8.40999984741211,9.0,8.260000228881836,8.819999694824219,1026500,0.0,0.0
2022-03-18 00:00:00-04:00,8.710000038146973,9.0,8.710000038146973,8.829999923706055,1651600,0.0,0.0
2022-03-21 00:00:00-04:00,8.819999694824219,9.0,8.640000343322754,8.819999694824219,1270000,0.0,0.0
2022-03-22 00:00:00-04:00,8.850000381469727,9.595000267028809,8.699999809265137,9.40999984741211,1812700,0.0,0.0
2022-03-23 00:00:00-04:00,9.270000457763672,9.729999542236328,9.109999656677246,9.420000076293945,2129500,0.0,0.0
2022-03-24 00:00:00-04:00,9.505000114440918,9.720000267028809,9.199999809265137,9.710000038146973,1479900,0.0,0.0
2022-03-25 00:00:00-04:00,9.829999923706055,9.829999923706055,9.194000244140625,9.539999961853027,2500500,0.0,0.0
2022-03-28 00:00:00-04:00,9.470000267028809,9.699999809265137,9.199999809265137,9.489999771118164,1777800,0.0,0.0
2022-03-29 00:00:00-04:00,9.600000381469727,9.899999618530273,9.329999923706055,9.779999732971191,2623800,0.0,0.0
2022-03-30 00:00:00-04:00,9.779999732971191,10.220000267028809,9.604999542236328,9.75,1601900,0.0,0.0
2022-03-31 00:00:00-04:00,9.699999809265137,9.850000381469727,9.470000267028809,9.75,908000,0.0,0.0
2022-04-01 00:00:00-04:00,9.829999923706055,10.270000457763672,9.829999923706055,10.130000114440918,1379600,0.0,0.0
2022-04-04 00:00:00-04:00,10.180000305175781,10.545000076293945,10.119999885559082,10.40999984741211,1332600,0.0,0.0
2022-04-05 00:00:00-04:00,10.380000114440918,10.489999771118164,9.920000076293945,10.0600004196167,1901200,0.0,0.0
2022-04-06 00:00:00-04:00,9.880000114440918,9.949999809265137,9.574000358581543,9.930000305175781,2045700,0.0,0.0
2022-04-07 00:00:00-04:00,9.9399995803833,9.989999771118164,9.524999618530273,9.75,1059500,0.0,0.0
2022-04-08 00:00:00-04:00,9.710000038146973,9.710000038146973,8.779999732971191,9.039999961853027,2165600,0.0,0.0
2022-04-11 00:00:00-04:00,8.949999809265137,8.949999809265137,8.5600004196167,8.829999923706055,1368800,0.0,0.0
2022-04-12 00:00:00-04:00,8.949999809265137,9.100000381469727,8.470000267028809,8.65999984741211,1239900,0.0,0.0
2022-04-13 00:00:00-04:00,8.699999809265137,9.0649995803833,8.569999694824219,9.010000228881836,831000,0.0,0.0
2022-04-14 00:00:00-04:00,8.979999542236328,9.170000076293945,8.739999771118164,8.989999771118164,865400,0.0,0.0
2022-04-18 00:00:00-04:00,8.920000076293945,8.920000076293945,8.210000038146973,8.40999984741211,1045800,0.0,0.0
2022-04-19 00:00:00-04:00,8.329999923706055,8.75,8.289999961853027,8.670000076293945,759300,0.0,0.0
2022-04-20 00:00:00-04:00,8.819999694824219,8.819999694824219,8.369999885559082,8.460000038146973,758600,0.0,0.0
2022-04-21 00:00:00-04:00,8.539999961853027,8.680000305175781,8.130000114440918,8.170000076293945,1395300,0.0,0.0
2022-04-22 00:00:00-04:00,8.109999656677246,8.34000015258789,7.900000095367432,7.980000019073486,896700,0.0,0.0
2022-04-25 00:00:00-04:00,7.900000095367432,8.119999885559082,7.690000057220459,8.0600004196167,1489200,0.0,0.0
2022-04-26 00:00:00-04:00,7.989999771118164,7.989999771118164,7.510000228881836,7.559999942779541,1166300,0.0,0.0
2022-04-27 00:00:00-04:00,7.699999809265137,7.840000152587891,7.429999828338623,7.760000228881836,991600,0.0,0.0
2022-04-28 00:00:00-04:00,7.849999904632568,7.889999866485596,7.291999816894531,7.880000114440918,1215100,0.0,0.0
2022-04-29 00:00:00-04:00,7.940000057220459,7.985000133514404,7.639999866485596,7.670000076293945,812000,0.0,0.0
2022-05-02 00:00:00-04:00,7.630000114440918,8.100000381469727,7.579999923706055,8.069999694824219,1305500,0.0,0.0
2022-05-03 00:00:00-04:00,8.010000228881836,8.34000015258789,7.940000057220459,8.039999961853027,1383100,0.0,0.0
2022-05-04 00:00:00-04:00,8.100000381469727,8.430000305175781,7.699999809265137,8.279999732971191,1343400,0.0,0.0
2022-05-05 00:00:00-04:00,8.130000114440918,8.130000114440918,7.53000020980835,7.760000228881836,1195700,0.0,0.0
2022-05-06 00:00:00-04:00,7.75,7.75,7.057000160217285,7.440000057220459,1934100,0.0,0.0
2022-05-09 00:00:00-04:00,7.170000076293945,7.215000152587891,6.489999771118164,6.5,2661000,0.0,0.0
2022-05-10 00:00:00-04:00,6.480000019073486,6.949999809265137,6.099999904632568,6.639999866485596,3363300,0.0,0.0
2022-05-11 00:00:00-04:00,6.960000038146973,6.960000038146973,5.699999809265137,5.71999979019165,6202200,0.0,0.0
2022-05-12 00:00:00-04:00,5.610000133514404,6.78000020980835,5.420000076293945,6.710000038146973,7056900,0.0,0.0
2022-05-13 00:00:00-04:00,6.860000133514404,7.409999847412109,6.809999942779541,7.230000019073486,3211300,0.0,0.0
2022-05-16 00:00:00-04:00,7.21999979019165,7.909999847412109,6.920000076293945,7.809999942779541,2600300,0.0,0.0
2022-05-17 00:00:00-04:00,8.0,8.239999771118164,7.789999961853027,8.149999618530273,2464100,0.0,0.0
2022-05-18 00:00:00-04:00,7.920000076293945,8.569999694824219,7.900000095367432,8.029999732971191,1675700,0.0,0.0
2022-05-19 00:00:00-04:00,7.949999809265137,8.520000457763672,7.920000076293945,8.300000190734863,1312100,0.0,0.0
2022-05-20 00:00:00-04:00,8.449999809265137,8.479999542236328,7.650000095367432,7.900000095367432,1300400,0.0,0.0
2022-05-23 00:00:00-04:00,7.949999809265137,7.960000038146973,7.590000152587891,7.670000076293945,865200,0.0,0.0
2022-05-24 00:00:00-04:00,7.539999961853027,7.599999904632568,7.050000190734863,7.260000228881836,1454400,0.0,0.0
2022-05-25 00:00:00-04:00,7.21999979019165,7.539999961853027,7.21999979019165,7.5,937400,0.0,0.0
2022-05-26 00:00:00-04:00,7.519999980926514,7.710000038146973,7.400000095367432,7.5,1335200,0.0,0.0
2022-05-27 00:00:00-04:00,7.579999923706055,7.985000133514404,7.449999809265137,7.900000095367432,2135700,0.0,0.0
2022-05-31 00:00:00-04:00,7.860000133514404,7.980000019073486,7.539999961853027,7.619999885559082,1445300,0.0,0.0
2022-06-01 00:00:00-04:00,7.690000057220459,8.149999618530273,7.5,7.800000190734863,3597100,0.0,0.0
2022-06-02 00:00:00-04:00,7.800000190734863,7.949999809265137,7.630000114440918,7.71999979019165,1782200,0.0,0.0
2022-06-03 00:00:00-04:00,7.599999904632568,7.679999828338623,7.409999847412109,7.539999961853027,1744500,0.0,0.0
2022-06-06 00:00:00-04:00,7.710000038146973,7.829999923706055,7.375,7.670000076293945,1970200,0.0,0.0
2022-06-07 00:00:00-04:00,7.619999885559082,8.090999603271484,7.550000190734863,7.829999923706055,1414300,0.0,0.0
2022-06-08 00:00:00-04:00,7.820000171661377,8.104999542236328,7.735000133514404,7.960000038146973,1442500,0.0,0.0
2022-06-09 00:00:00-04:00,8.479999542236328,9.100000381469727,8.390000343322754,8.390000343322754,6200700,0.0,0.0
2022-06-10 00:00:00-04:00,8.210000038146973,8.600000381469727,8.180000305175781,8.34000015258789,3327200,0.0,0.0
2022-06-13 00:00:00-04:00,7.920000076293945,8.359999656677246,7.880000114440918,8.199999809265137,3109800,0.0,0.0
2022-06-14 00:00:00-04:00,8.239999771118164,9.0,8.045000076293945,8.800000190734863,3267300,0.0,0.0
2022-06-15 00:00:00-04:00,8.84000015258789,9.562000274658203,8.789999961853027,9.270000457763672,3058600,0.0,0.0
2022-06-16 00:00:00-04:00,9.069999694824219,9.390000343322754,8.890000343322754,9.260000228881836,2715400,0.0,0.0
2022-06-17 00:00:00-04:00,9.319999694824219,10.449999809265137,9.300000190734863,10.119999885559082,4625200,0.0,0.0
2022-06-21 00:00:00-04:00,10.15999984741211,10.460000038146973,9.779999732971191,9.8100004196167,4728600,0.0,0.0
2022-06-22 00:00:00-04:00,9.670000076293945,10.710000038146973,9.611000061035156,10.289999961853027,4343600,0.0,0.0
2022-06-23 00:00:00-04:00,10.359999656677246,10.800000190734863,10.289999961853027,10.550000190734863,3078300,0.0,0.0
2022-06-24 00:00:00-04:00,10.640000343322754,10.760000228881836,10.119999885559082,10.649999618530273,25520200,0.0,0.0
2022-06-27 00:00:00-04:00,10.680000305175781,10.6899995803833,10.024999618530273,10.270000457763672,3133300,0.0,0.0
2022-06-28 00:00:00-04:00,10.220000267028809,10.484999656677246,9.970000267028809,10.260000228881836,2120800,0.0,0.0
2022-06-29 00:00:00-04:00,10.170000076293945,10.40999984741211,9.854999542236328,10.109999656677246,3132500,0.0,0.0
2022-06-30 00:00:00-04:00,9.979999542236328,10.949999809265137,9.9399995803833,10.649999618530273,3061600,0.0,0.0
2022-07-01 00:00:00-04:00,10.609999656677246,10.920000076293945,10.430000305175781,10.640000343322754,1979800,0.0,0.0
2022-07-05 00:00:00-04:00,10.329999923706055,10.550000190734863,10.0600004196167,10.380000114440918,2619800,0.0,0.0
2022-07-06 00:00:00-04:00,10.369999885559082,10.84000015258789,10.3100004196167,10.579999923706055,1870000,0.0,0.0
2022-07-07 00:00:00-04:00,10.550000190734863,11.595000267028809,10.494000434875488,11.489999771118164,2490600,0.0,0.0
2022-07-08 00:00:00-04:00,11.34000015258789,11.880000114440918,11.069999694824219,11.579999923706055,1605000,0.0,0.0
2022-07-11 00:00:00-04:00,11.4399995803833,11.649999618530273,11.085000038146973,11.109999656677246,1199300,0.0,0.0
2022-07-12 00:00:00-04:00,11.199999809265137,11.484999656677246,10.90999984741211,11.390000343322754,1599300,0.0,0.0
2022-07-13 00:00:00-04:00,11.109999656677246,12.0,11.010000228881836,11.319999694824219,1637100,0.0,0.0
2022-07-14 00:00:00-04:00,11.300000190734863,11.40999984741211,10.90999984741211,11.100000381469727,1839000,0.0,0.0
2022-07-15 00:00:00-04:00,10.949999809265137,11.039999961853027,10.09000015258789,10.539999961853027,3313800,0.0,0.0
2022-07-18 00:00:00-04:00,10.6899995803833,10.859999656677246,10.34000015258789,10.449999809265137,1796700,0.0,0.0
2022-07-19 00:00:00-04:00,10.579999923706055,10.829999923706055,10.470000267028809,10.649999618530273,1241400,0.0,0.0
2022-07-20 00:00:00-04:00,10.630000114440918,11.130000114440918,10.3100004196167,10.649999618530273,1803400,0.0,0.0
2022-07-21 00:00:00-04:00,10.649999618530273,10.65999984741211,10.359999656677246,10.470000267028809,1399700,0.0,0.0
2022-07-22 00:00:00-04:00,10.479999542236328,10.479999542236328,9.930000305175781,10.069999694824219,1586800,0.0,0.0
2022-07-25 00:00:00-04:00,10.079999923706055,10.225000381469727,9.90999984741211,10.100000381469727,1203600,0.0,0.0
2022-07-26 00:00:00-04:00,10.109999656677246,10.354999542236328,9.87399959564209,10.1899995803833,1281000,0.0,0.0
2022-07-27 00:00:00-04:00,10.239999771118164,10.630000114440918,10.024999618530273,10.510000228881836,1202900,0.0,0.0
2022-07-28 00:00:00-04:00,10.5600004196167,10.640000343322754,10.199999809265137,10.430000305175781,946500,0.0,0.0
2022-07-29 00:00:00-04:00,10.40999984741211,10.600000381469727,10.010000228881836,10.039999961853027,1830100,0.0,0.0
2022-08-01 00:00:00-04:00,10.039999961853027,10.194999694824219,9.880000114440918,10.145000457763672,1981500,0.0,0.0
2022-08-02 00:00:00-04:00,10.109999656677246,11.005000114440918,10.109999656677246,10.720000267028809,1733100,0.0,0.0
2022-08-03 00:00:00-04:00,10.930000305175781,11.010000228881836,10.645000457763672,10.979999542236328,1084400,0.0,0.0
2022-08-04 00:00:00-04:00,11.0,11.460000038146973,11.0,11.329999923706055,1343900,0.0,0.0
2022-08-05 00:00:00-04:00,11.119999885559082,11.654999732971191,10.869999885559082,11.319999694824219,1661000,0.0,0.0
2022-08-08 00:00:00-04:00,11.649999618530273,11.920000076293945,11.045000076293945,11.760000228881836,3015900,0.0,0.0
2022-08-09 00:00:00-04:00,11.800000190734863,11.920000076293945,10.859999656677246,11.109999656677246,2718800,0.0,0.0
2022-08-10 00:00:00-04:00,10.720000267028809,13.739999771118164,10.640000343322754,13.34000015258789,7495200,0.0,0.0
2022-08-11 00:00:00-04:00,13.350000381469727,14.5,12.960000038146973,13.359999656677246,4235400,0.0,0.0
2022-08-12 00:00:00-04:00,13.510000228881836,13.970000267028809,13.140000343322754,13.680000305175781,1836400,0.0,0.0
2022-08-15 00:00:00-04:00,13.699999809265137,14.079999923706055,13.479999542236328,13.539999961853027,1647500,0.0,0.0
2022-08-16 00:00:00-04:00,13.470000267028809,13.529999732971191,12.645000457763672,12.75,2407500,0.0,0.0
2022-08-17 00:00:00-04:00,12.5600004196167,13.130000114440918,12.270000457763672,13.010000228881836,2335200,0.0,0.0
2022-08-18 00:00:00-04:00,12.970000267028809,12.989999771118164,12.119999885559082,12.449999809265137,1978800,0.0,0.0
2022-08-19 00:00:00-04:00,12.319999694824219,12.390000343322754,11.140000343322754,11.4399995803833,3320000,0.0,0.0
2022-08-22 00:00:00-04:00,11.220000267028809,11.460000038146973,10.609999656677246,11.010000228881836,2563500,0.0,0.0
2022-08-23 00:00:00-04:00,11.09000015258789,11.609999656677246,11.010000228881836,11.470000267028809,1693600,0.0,0.0
2022-08-24 00:00:00-04:00,11.529999732971191,11.970000267028809,11.380000114440918,11.850000381469727,1196200,0.0,0.0
2022-08-25 00:00:00-04:00,12.0,12.199999809265137,11.649999618530273,12.180000305175781,1137100,0.0,0.0
2022-08-26 00:00:00-04:00,12.149999618530273,12.170000076293945,11.100000381469727,11.260000228881836,1813400,0.0,0.0
2022-08-29 00:00:00-04:00,11.069999694824219,11.350000381469727,10.59000015258789,10.630000114440918,1643400,0.0,0.0
2022-08-30 00:00:00-04:00,10.829999923706055,10.859999656677246,10.350000381469727,10.65999984741211,1591200,0.0,0.0
2022-08-31 00:00:00-04:00,10.819999694824219,10.920000076293945,10.539999961853027,10.680000305175781,767400,0.0,0.0
2022-09-01 00:00:00-04:00,10.539999961853027,11.09000015258789,10.470000267028809,11.069999694824219,1415700,0.0,0.0
2022-09-02 00:00:00-04:00,11.180000305175781,11.199999809265137,10.6899995803833,10.84000015258789,1024900,0.0,0.0
2022-09-06 00:00:00-04:00,10.9399995803833,10.9399995803833,10.430000305175781,10.460000038146973,1265300,0.0,0.0
2022-09-07 00:00:00-04:00,10.489999771118164,10.9399995803833,10.399999618530273,10.859999656677246,1205300,0.0,0.0
2022-09-08 00:00:00-04:00,10.729999542236328,11.319999694824219,10.710000038146973,11.300000190734863,1047900,0.0,0.0
2022-09-09 00:00:00-04:00,11.390000343322754,11.569999694824219,11.1899995803833,11.199999809265137,1003000,0.0,0.0
2022-09-12 00:00:00-04:00,11.220000267028809,11.274999618530273,10.979999542236328,11.079999923706055,1166900,0.0,0.0
2022-09-13 00:00:00-04:00,10.710000038146973,10.859999656677246,10.600000381469727,10.739999771118164,1227400,0.0,0.0
2022-09-14 00:00:00-04:00,10.760000228881836,10.885000228881836,10.550000190734863,10.84000015258789,1211800,0.0,0.0
2022-09-15 00:00:00-04:00,10.779999732971191,11.119999885559082,10.770000457763672,10.880000114440918,1370400,0.0,0.0
2022-09-16 00:00:00-04:00,10.699999809265137,10.760000228881836,10.279999732971191,10.350000381469727,2203400,0.0,0.0
2022-09-19 00:00:00-04:00,10.210000038146973,10.4399995803833,9.800000190734863,10.420000076293945,2101000,0.0,0.0
2022-09-20 00:00:00-04:00,10.239999771118164,10.454999923706055,10.130000114440918,10.289999961853027,914200,0.0,0.0
2022-09-21 00:00:00-04:00,10.329999923706055,10.579999923706055,10.010000228881836,10.229999542236328,1447000,0.0,0.0
2022-09-22 00:00:00-04:00,10.140000343322754,10.175000190734863,9.569999694824219,9.6899995803833,1615500,0.0,0.0
2022-09-23 00:00:00-04:00,9.59000015258789,9.609999656677246,9.09000015258789,9.199999809265137,1792600,0.0,0.0
2022-09-26 00:00:00-04:00,9.1899995803833,9.510000228881836,9.090999603271484,9.220000267028809,1846100,0.0,0.0
2022-09-27 00:00:00-04:00,9.359999656677246,9.515000343322754,9.239999771118164,9.430000305175781,1693400,0.0,0.0
2022-09-28 00:00:00-04:00,9.539999961853027,10.050000190734863,9.524999618530273,9.970000267028809,2268600,0.0,0.0
2022-09-29 00:00:00-04:00,9.819999694824219,9.904999732971191,9.574999809265137,9.850000381469727,1913300,0.0,0.0
2022-09-30 00:00:00-04:00,9.770000457763672,10.104999542236328,9.729999542236328,9.890000343322754,1778200,0.0,0.0
2022-10-03 00:00:00-04:00,10.079999923706055,10.319999694824219,9.680000305175781,10.25,2791800,0.0,0.0
2022-10-04 00:00:00-04:00,10.510000228881836,11.239999771118164,10.34000015258789,11.239999771118164,2597000,0.0,0.0
2022-10-05 00:00:00-04:00,11.0,11.399999618530273,10.76099967956543,11.229999542236328,2369000,0.0,0.0
2022-10-06 00:00:00-04:00,11.229999542236328,11.449999809265137,11.029999732971191,11.40999984741211,1543300,0.0,0.0
2022-10-07 00:00:00-04:00,11.09000015258789,11.300000190734863,10.710000038146973,10.75,1378600,0.0,0.0
2022-10-10 00:00:00-04:00,10.729999542236328,11.079999923706055,10.319999694824219,10.920000076293945,1283200,0.0,0.0
2022-10-11 00:00:00-04:00,10.880000114440918,11.135000228881836,10.380000114440918,10.9399995803833,1355800,0.0,0.0
2022-10-12 00:00:00-04:00,10.979999542236328,10.989999771118164,10.350000381469727,10.640000343322754,1141400,0.0,0.0
2022-10-13 00:00:00-04:00,10.319999694824219,10.800000190734863,10.050000190734863,10.729999542236328,1276500,0.0,0.0
2022-10-14 00:00:00-04:00,10.84000015258789,10.949999809265137,10.289999961853027,10.34000015258789,855400,0.0,0.0
2022-10-17 00:00:00-04:00,10.579999923706055,10.890000343322754,10.489999771118164,10.640000343322754,898500,0.0,0.0
2022-10-18 00:00:00-04:00,10.930000305175781,11.0600004196167,10.510000228881836,10.640000343322754,1093900,0.0,0.0
2022-10-19 00:00:00-04:00,10.449999809265137,10.513999938964844,9.970000267028809,10.1899995803833,1521400,0.0,0.0
2022-10-20 00:00:00-04:00,10.149999618530273,10.40999984741211,10.010000228881836,10.100000381469727,1395000,0.0,0.0
2022-10-21 00:00:00-04:00,10.180000305175781,10.350000381469727,9.829999923706055,10.3100004196167,1441800,0.0,0.0
2022-10-24 00:00:00-04:00,10.130000114440918,10.274999618530273,9.829999923706055,10.25,1231300,0.0,0.0
2022-10-25 00:00:00-04:00,10.359999656677246,10.930000305175781,10.350000381469727,10.729999542236328,2064500,0.0,0.0
2022-10-26 00:00:00-04:00,10.760000228881836,11.050000190734863,10.460000038146973,10.819999694824219,1850800,0.0,0.0
2022-10-27 00:00:00-04:00,10.949999809265137,10.949999809265137,10.5600004196167,10.739999771118164,1595200,0.0,0.0
2022-10-28 00:00:00-04:00,10.800000190734863,11.765000343322754,10.680000305175781,11.710000038146973,3019300,0.0,0.0
2022-10-31 00:00:00-04:00,11.630000114440918,12.069999694824219,11.623000144958496,11.829999923706055,2244100,0.0,0.0
2022-11-01 00:00:00-04:00,12.010000228881836,12.319999694824219,11.319999694824219,11.5,2348700,0.0,0.0
2022-11-02 00:00:00-04:00,11.609999656677246,12.470000267028809,11.510000228881836,12.0,2133600,0.0,0.0
2022-11-03 00:00:00-04:00,11.84000015258789,12.46500015258789,11.720000267028809,12.109999656677246,2096700,0.0,0.0
2022-11-04 00:00:00-04:00,12.199999809265137,12.359999656677246,11.699999809265137,11.90999984741211,1857200,0.0,0.0
2022-11-07 00:00:00-05:00,11.9399995803833,12.319999694824219,11.859999656677246,12.010000228881836,1393600,0.0,0.0
2022-11-08 00:00:00-05:00,12.0,12.550000190734863,11.819999694824219,12.239999771118164,2499700,0.0,0.0
2022-11-09 00:00:00-05:00,12.989999771118164,12.994999885559082,11.553999900817871,11.8100004196167,5098200,0.0,0.0
2022-11-10 00:00:00-05:00,12.40999984741211,12.930000305175781,11.890000343322754,12.90999984741211,2506600,0.0,0.0
2022-11-11 00:00:00-05:00,12.850000381469727,13.829999923706055,12.779999732971191,13.579999923706055,3200800,0.0,0.0
2022-11-14 00:00:00-05:00,13.425000190734863,14.680000305175781,13.425000190734863,14.270000457763672,3158500,0.0,0.0
2022-11-15 00:00:00-05:00,14.5600004196167,14.970000267028809,14.130000114440918,14.489999771118164,2602500,0.0,0.0
2022-11-16 00:00:00-05:00,14.729999542236328,14.800000190734863,14.071000099182129,14.520000457763672,1678000,0.0,0.0
2022-11-17 00:00:00-05:00,14.270000457763672,14.270000457763672,13.8100004196167,14.079999923706055,2080300,0.0,0.0
2022-11-18 00:00:00-05:00,14.399999618530273,14.420000076293945,14.010000228881836,14.15999984741211,1377900,0.0,0.0
2022-11-21 00:00:00-05:00,13.970000267028809,14.175000190734863,13.741000175476074,14.0600004196167,1351600,0.0,0.0
2022-11-22 00:00:00-05:00,14.100000381469727,14.100000381469727,13.779999732971191,13.979999542236328,1288900,0.0,0.0
2022-11-23 00:00:00-05:00,14.029999732971191,14.149999618530273,13.767999649047852,14.0,1040800,0.0,0.0
2022-11-25 00:00:00-05:00,13.979999542236328,14.140000343322754,13.390000343322754,13.520000457763672,598600,0.0,0.0
2022-11-28 00:00:00-05:00,13.5,13.729999542236328,13.359999656677246,13.5600004196167,1245500,0.0,0.0
2022-11-29 00:00:00-05:00,13.5600004196167,13.699000358581543,13.25,13.359999656677246,1169000,0.0,0.0
2022-11-30 00:00:00-05:00,13.489999771118164,14.0,11.859999656677246,12.869999885559082,4888400,0.0,0.0
2022-12-01 00:00:00-05:00,12.770000457763672,13.779999732971191,12.760000228881836,13.180000305175781,2009800,0.0,0.0
2022-12-02 00:00:00-05:00,13.079999923706055,13.079999923706055,12.1899995803833,12.710000038146973,1640000,0.0,0.0
2022-12-05 00:00:00-05:00,12.649999618530273,12.720000267028809,11.850000381469727,11.90999984741211,5553200,0.0,0.0
2022-12-06 00:00:00-05:00,11.989999771118164,11.989999771118164,11.399999618530273,11.510000228881836,1486000,0.0,0.0
2022-12-07 00:00:00-05:00,11.380000114440918,11.470000267028809,11.079999923706055,11.140000343322754,2655500,0.0,0.0
2022-12-08 00:00:00-05:00,11.229999542236328,11.263999938964844,10.90999984741211,11.140000343322754,2658200,0.0,0.0
2022-12-09 00:00:00-05:00,11.029999732971191,11.140000343322754,10.4399995803833,10.470000267028809,1737000,0.0,0.0
2022-12-12 00:00:00-05:00,10.569999694824219,10.630000114440918,10.319999694824219,10.489999771118164,1549800,0.0,0.0
2022-12-13 00:00:00-05:00,10.970000267028809,11.029999732971191,10.015000343322754,10.079999923706055,2476900,0.0,0.0
2022-12-14 00:00:00-05:00,10.079999923706055,10.34000015258789,9.960000038146973,10.130000114440918,1716900,0.0,0.0
2022-12-15 00:00:00-05:00,11.140000343322754,11.300000190734863,10.239999771118164,10.399999618530273,4483100,0.0,0.0
2022-12-16 00:00:00-05:00,10.170000076293945,10.390000343322754,9.949999809265137,10.210000038146973,3225000,0.0,0.0
2022-12-19 00:00:00-05:00,10.199999809265137,10.25,9.864999771118164,9.9399995803833,1679600,0.0,0.0
2022-12-20 00:00:00-05:00,9.850000381469727,10.430000305175781,9.8100004196167,10.40999984741211,1913900,0.0,0.0
2022-12-21 00:00:00-05:00,10.510000228881836,10.880000114440918,10.510000228881836,10.600000381469727,1593000,0.0,0.0
2022-12-22 00:00:00-05:00,10.520000457763672,10.5600004196167,10.270000457763672,10.539999961853027,1256100,0.0,0.0
2022-12-23 00:00:00-05:00,10.489999771118164,10.539999961853027,10.27400016784668,10.329999923706055,1234900,0.0,0.0
2022-12-27 00:00:00-05:00,10.4399995803833,10.4399995803833,9.4350004196167,9.479999542236328,1573600,0.0,0.0
2022-12-28 00:00:00-05:00,9.40999984741211,9.635000228881836,9.345000267028809,9.569999694824219,1565100,0.0,0.0
2022-12-29 00:00:00-05:00,9.670000076293945,10.140000343322754,9.510000228881836,10.050000190734863,1634700,0.0,0.0
2022-12-30 00:00:00-05:00,9.920000076293945,10.15999984741211,9.899999618530273,10.130000114440918,1413900,0.0,0.0
2023-01-03 00:00:00-05:00,10.300000190734863,10.369999885559082,9.470000267028809,9.489999771118164,1799600,0.0,0.0
2023-01-04 00:00:00-05:00,9.579999923706055,9.600000381469727,9.25,9.369999885559082,1455700,0.0,0.0
2023-01-05 00:00:00-05:00,9.300000190734863,9.6850004196167,9.029999732971191,9.649999618530273,1661500,0.0,0.0
2023-01-06 00:00:00-05:00,9.699999809265137,9.699999809265137,9.40999984741211,9.510000228881836,1673800,0.0,0.0
2023-01-09 00:00:00-05:00,9.710000038146973,9.75,9.359999656677246,9.550000190734863,5366500,0.0,0.0
2023-01-10 00:00:00-05:00,9.5,9.630000114440918,9.329999923706055,9.380000114440918,1228500,0.0,0.0
2023-01-11 00:00:00-05:00,9.420000076293945,9.609999656677246,9.15999984741211,9.600000381469727,1613700,0.0,0.0
2023-01-12 00:00:00-05:00,9.699999809265137,10.21500015258789,9.404999732971191,10.199999809265137,1909300,0.0,0.0
2023-01-13 00:00:00-05:00,10.069999694824219,10.649999618530273,10.069999694824219,10.380000114440918,1620900,0.0,0.0
2023-01-17 00:00:00-05:00,10.449999809265137,10.550000190734863,10.220000267028809,10.539999961853027,1050500,0.0,0.0
2023-01-18 00:00:00-05:00,10.640000343322754,10.829999923706055,10.359999656677246,10.380000114440918,1422600,0.0,0.0
2023-01-19 00:00:00-05:00,10.220000267028809,10.380000114440918,10.03499984741211,10.15999984741211,930800,0.0,0.0
2023-01-20 00:00:00-05:00,10.329999923706055,10.430000305175781,10.050000190734863,10.34000015258789,1023000,0.0,0.0
2023-01-23 00:00:00-05:00,10.3100004196167,10.40999984741211,10.170000076293945,10.279999732971191,947500,0.0,0.0
2023-01-24 00:00:00-05:00,10.199999809265137,10.199999809265137,9.850000381469727,10.050000190734863,1264600,0.0,0.0
2023-01-25 00:00:00-05:00,9.949999809265137,10.4399995803833,9.779999732971191,10.40999984741211,1370400,0.0,0.0
2023-01-26 00:00:00-05:00,10.529999732971191,10.692000389099121,10.220000267028809,10.520000457763672,1060000,0.0,0.0
2023-01-27 00:00:00-05:00,10.460000038146973,10.845000267028809,10.390000343322754,10.760000228881836,1247700,0.0,0.0
2023-01-30 00:00:00-05:00,10.670000076293945,10.779999732971191,10.270000457763672,10.399999618530273,1283300,0.0,0.0
2023-01-31 00:00:00-05:00,10.420000076293945,10.6899995803833,10.359999656677246,10.529999732971191,1307800,0.0,0.0
2023-02-01 00:00:00-05:00,10.579999923706055,10.845000267028809,10.21500015258789,10.760000228881836,1595000,0.0,0.0
2023-02-02 00:00:00-05:00,10.920000076293945,11.109999656677246,10.819999694824219,11.010000228881836,1331200,0.0,0.0
2023-02-03 00:00:00-05:00,10.829999923706055,11.375,10.729999542236328,11.180000305175781,1253800,0.0,0.0
2023-02-06 00:00:00-05:00,11.100000381469727,11.289999961853027,10.9399995803833,10.970000267028809,1138900,0.0,0.0
2023-02-07 00:00:00-05:00,10.9399995803833,11.024999618530273,10.5600004196167,10.8100004196167,1303900,0.0,0.0
2023-02-08 00:00:00-05:00,10.84000015258789,10.970000267028809,10.359999656677246,10.420000076293945,1293200,0.0,0.0
2023-02-09 00:00:00-05:00,10.5,10.59000015258789,9.720000267028809,9.779999732971191,1754200,0.0,0.0
2023-02-10 00:00:00-05:00,9.760000228881836,10.0,9.569999694824219,9.829999923706055,1918900,0.0,0.0
2023-02-13 00:00:00-05:00,9.899999618530273,9.925000190734863,9.619999885559082,9.770000457763672,1259400,0.0,0.0
2023-02-14 00:00:00-05:00,9.699999809265137,10.03499984741211,9.657999992370605,9.970000267028809,1420400,0.0,0.0
2023-02-15 00:00:00-05:00,9.899999618530273,10.210000038146973,9.619999885559082,9.979999542236328,2353100,0.0,0.0
2023-02-16 00:00:00-05:00,9.850000381469727,10.0600004196167,9.475000381469727,9.5,2520800,0.0,0.0
2023-02-17 00:00:00-05:00,9.449999809265137,9.65999984741211,9.26099967956543,9.59000015258789,2806800,0.0,0.0
2023-02-21 00:00:00-05:00,9.479999542236328,9.539999961853027,8.869999885559082,8.890000343322754,3522500,0.0,0.0
2023-02-22 00:00:00-05:00,8.699999809265137,8.8100004196167,8.234999656677246,8.789999961853027,3904100,0.0,0.0
2023-02-23 00:00:00-05:00,8.829999923706055,8.829999923706055,8.34000015258789,8.510000228881836,2095700,0.0,0.0
2023-02-24 00:00:00-05:00,8.369999885559082,8.524999618530273,8.300000190734863,8.369999885559082,2234700,0.0,0.0
2023-02-27 00:00:00-05:00,8.557999610900879,8.59000015258789,8.345000267028809,8.430000305175781,1533200,0.0,0.0
2023-02-28 00:00:00-05:00,8.489999771118164,8.630000114440918,8.399999618530273,8.399999618530273,1535800,0.0,0.0
2023-03-01 00:00:00-05:00,8.399999618530273,8.479999542236328,8.100000381469727,8.149999618530273,1339200,0.0,0.0
2023-03-02 00:00:00-05:00,8.100000381469727,8.194999694824219,7.885000228881836,8.180000305175781,1677500,0.0,0.0
2023-03-03 00:00:00-05:00,8.260000228881836,8.484999656677246,8.180000305175781,8.380000114440918,1139400,0.0,0.0
2023-03-06 00:00:00-05:00,8.380000114440918,8.40999984741211,8.074999809265137,8.100000381469727,1594600,0.0,0.0
2023-03-07 00:00:00-05:00,8.079999923706055,8.154999732971191,7.960999965667725,8.0,1436700,0.0,0.0
2023-03-08 00:00:00-05:00,8.0,8.175000190734863,7.929999828338623,8.15999984741211,1235000,0.0,0.0
2023-03-09 00:00:00-05:00,8.130000114440918,8.170000076293945,7.789999961853027,7.869999885559082,1861000,0.0,0.0
2023-03-10 00:00:00-05:00,7.940000057220459,7.940000057220459,7.329999923706055,7.550000190734863,3242100,0.0,0.0
2023-03-13 00:00:00-04:00,7.440000057220459,7.679999828338623,7.389999866485596,7.420000076293945,2130700,0.0,0.0
2023-03-14 00:00:00-04:00,7.650000095367432,7.789999961853027,7.409999847412109,7.570000171661377,1721100,0.0,0.0
2023-03-15 00:00:00-04:00,7.429999828338623,7.46999979019165,7.235000133514404,7.429999828338623,1570000,0.0,0.0
2023-03-16 00:00:00-04:00,7.349999904632568,7.519999980926514,7.215000152587891,7.480000019073486,1269000,0.0,0.0
2023-03-17 00:00:00-04:00,7.449999809265137,7.570000171661377,7.295000076293945,7.389999866485596,3021900,0.0,0.0
2023-03-20 00:00:00-04:00,7.329999923706055,7.614999771118164,7.289999961853027,7.570000171661377,1201700,0.0,0.0
2023-03-21 00:00:00-04:00,7.710000038146973,7.75,7.5,7.619999885559082,1037200,0.0,0.0
2023-03-22 00:00:00-04:00,7.690000057220459,7.699999809265137,7.300000190734863,7.309999942779541,1181700,0.0,0.0
2023-03-23 00:00:00-04:00,7.349999904632568,7.449999809265137,7.159999847412109,7.309999942779541,1736000,0.0,0.0
2023-03-24 00:00:00-04:00,7.260000228881836,7.375,7.130000114440918,7.340000152587891,1204400,0.0,0.0
2023-03-27 00:00:00-04:00,7.434999942779541,7.664999961853027,7.349999904632568,7.579999923706055,1097400,0.0,0.0
2023-03-28 00:00:00-04:00,7.5,7.739999771118164,7.5,7.550000190734863,962500,0.0,0.0
2023-03-29 00:00:00-04:00,7.619999885559082,7.650000095367432,7.480000019073486,7.619999885559082,1364200,0.0,0.0
2023-03-30 00:00:00-04:00,7.690000057220459,7.690000057220459,7.389999866485596,7.420000076293945,902300,0.0,0.0
2023-03-31 00:00:00-04:00,7.480000019073486,7.585000038146973,7.449999809265137,7.539999961853027,1394500,0.0,0.0
2023-04-03 00:00:00-04:00,7.590000152587891,7.590000152587891,7.125,7.480000019073486,1671200,0.0,0.0
2023-04-04 00:00:00-04:00,7.46999979019165,7.46999979019165,7.179999828338623,7.210000038146973,1343100,0.0,0.0
2023-04-05 00:00:00-04:00,7.190000057220459,7.300000190734863,7.099999904632568,7.150000095367432,1130000,0.0,0.0
2023-04-06 00:00:00-04:00,7.139999866485596,7.340000152587891,7.099999904632568,7.239999771118164,1274200,0.0,0.0
2023-04-10 00:00:00-04:00,7.199999809265137,7.239999771118164,7.065000057220459,7.199999809265137,1533000,0.0,0.0
2023-04-11 00:00:00-04:00,7.21999979019165,7.414999961853027,7.065000057220459,7.28000020980835,1963200,0.0,0.0
2023-04-12 00:00:00-04:00,7.34499979019165,7.460000038146973,7.204999923706055,7.289999961853027,1184200,0.0,0.0
2023-04-13 00:00:00-04:00,7.340000152587891,7.639999866485596,7.320000171661377,7.590000152587891,1285800,0.0,0.0
2023-04-14 00:00:00-04:00,7.630000114440918,7.630000114440918,7.28000020980835,7.380000114440918,1260700,0.0,0.0
2023-04-17 00:00:00-04:00,7.400000095367432,7.629000186920166,7.239999771118164,7.389999866485596,1438300,0.0,0.0
2023-04-18 00:00:00-04:00,7.389999866485596,7.389999866485596,7.130000114440918,7.190000057220459,1435200,0.0,0.0
2023-04-19 00:00:00-04:00,7.110000133514404,7.269999980926514,7.099999904632568,7.210000038146973,1185600,0.0,0.0
2023-04-20 00:00:00-04:00,7.099999904632568,7.230000019073486,7.059999942779541,7.119999885559082,1195200,0.0,0.0
2023-04-21 00:00:00-04:00,7.130000114440918,7.364999771118164,7.078999996185303,7.210000038146973,1683000,0.0,0.0
2023-04-24 00:00:00-04:00,7.21999979019165,7.239999771118164,7.010000228881836,7.170000076293945,1572800,0.0,0.0
2023-04-25 00:00:00-04:00,7.099999904632568,7.110000133514404,6.710000038146973,6.730000019073486,2316100,0.0,0.0
2023-04-26 00:00:00-04:00,6.739999771118164,6.849999904632568,6.599999904632568,6.739999771118164,1570100,0.0,0.0
2023-04-27 00:00:00-04:00,6.769999980926514,6.829999923706055,6.599999904632568,6.639999866485596,1256100,0.0,0.0
2023-04-28 00:00:00-04:00,6.650000095367432,6.940000057220459,6.610000133514404,6.78000020980835,1237900,0.0,0.0
2023-05-01 00:00:00-04:00,6.809999942779541,6.8429999351501465,6.659999847412109,6.769999980926514,1518800,0.0,0.0
2023-05-02 00:00:00-04:00,6.75,6.760000228881836,6.40500020980835,6.460000038146973,1955000,0.0,0.0
2023-05-03 00:00:00-04:00,6.53000020980835,6.710000038146973,6.429999828338623,6.590000152587891,1619100,0.0,0.0
2023-05-04 00:00:00-04:00,6.610000133514404,6.627999782562256,6.369999885559082,6.610000133514404,1398000,0.0,0.0
2023-05-05 00:00:00-04:00,6.409999847412109,6.409999847412109,5.769999980926514,5.989999771118164,5069500,0.0,0.0
2023-05-08 00:00:00-04:00,6.090000152587891,6.110000133514404,5.639999866485596,5.710000038146973,3258600,0.0,0.0
2023-05-09 00:00:00-04:00,5.699999809265137,5.764999866485596,5.53000020980835,5.659999847412109,2847500,0.0,0.0
2023-05-10 00:00:00-04:00,5.75,5.889999866485596,5.550000190734863,5.889999866485596,3066900,0.0,0.0
2023-05-11 00:00:00-04:00,5.889999866485596,5.940000057220459,5.699999809265137,5.739999771118164,2448600,0.0,0.0
2023-05-12 00:00:00-04:00,5.769999980926514,5.78000020980835,5.639999866485596,5.739999771118164,1694900,0.0,0.0
2023-05-15 00:00:00-04:00,5.769999980926514,6.010000228881836,5.744999885559082,5.980000019073486,2408200,0.0,0.0
2023-05-16 00:00:00-04:00,5.909999847412109,5.940000057220459,5.670000076293945,5.699999809265137,1322800,0.0,0.0
2023-05-17 00:00:00-04:00,5.699999809265137,5.849999904632568,5.550000190734863,5.840000152587891,1965000,0.0,0.0
2023-05-18 00:00:00-04:00,5.829999923706055,6.079999923706055,5.744999885559082,5.849999904632568,2763400,0.0,0.0
2023-05-19 00:00:00-04:00,5.920000076293945,5.945000171661377,5.800000190734863,5.840000152587891,1535600,0.0,0.0
2023-05-22 00:00:00-04:00,5.840000152587891,6.679999828338623,5.755000114440918,6.610000133514404,5692300,0.0,0.0
2023-05-23 00:00:00-04:00,6.579999923706055,7.489999771118164,6.573999881744385,7.079999923706055,9600800,0.0,0.0
2023-05-24 00:00:00-04:00,7.050000190734863,7.159999847412109,6.75,7.019999980926514,2973300,0.0,0.0
2023-05-25 00:00:00-04:00,7.010000228881836,7.559999942779541,6.679999828338623,6.909999847412109,4177000,0.0,0.0
2023-05-26 00:00:00-04:00,6.929999828338623,6.960000038146973,6.349999904632568,6.800000190734863,4894300,0.0,0.0
2023-05-30 00:00:00-04:00,6.920000076293945,7.139999866485596,6.724999904632568,6.949999809265137,2360800,0.0,0.0
2023-05-31 00:00:00-04:00,6.96999979019165,7.150000095367432,6.809999942779541,6.96999979019165,2709100,0.0,0.0
2023-06-01 00:00:00-04:00,6.980000019073486,6.989999771118164,6.690000057220459,6.789999961853027,2102000,0.0,0.0
2023-06-02 00:00:00-04:00,6.889999866485596,7.019999980926514,6.670000076293945,6.789999961853027,2360400,0.0,0.0
2023-06-05 00:00:00-04:00,6.809999942779541,6.940000057220459,6.659999847412109,6.829999923706055,1908200,0.0,0.0
2023-06-06 00:00:00-04:00,6.820000171661377,6.949999809265137,6.675000190734863,6.909999847412109,2521000,0.0,0.0
2023-06-07 00:00:00-04:00,6.96999979019165,7.400000095367432,6.940000057220459,7.309999942779541,4583500,0.0,0.0
2023-06-08 00:00:00-04:00,7.349999904632568,7.349999904632568,6.989999771118164,7.159999847412109,2975200,0.0,0.0
2023-06-09 00:00:00-04:00,7.190000057220459,7.230000019073486,6.989999771118164,7.090000152587891,2599600,0.0,0.0
2023-06-12 00:00:00-04:00,7.119999885559082,7.400000095367432,7.039999961853027,7.400000095367432,2451200,0.0,0.0
2023-06-13 00:00:00-04:00,7.420000076293945,7.548999786376953,7.28000020980835,7.46999979019165,2591600,0.0,0.0
2023-06-14 00:00:00-04:00,7.5,7.579999923706055,7.300000190734863,7.389999866485596,2462300,0.0,0.0
2023-06-15 00:00:00-04:00,7.349999904632568,7.489999771118164,7.289999961853027,7.480000019073486,1975100,0.0,0.0
2023-06-16 00:00:00-04:00,7.590000152587891,7.5929999351501465,7.40500020980835,7.579999923706055,3996500,0.0,0.0
2023-06-20 00:00:00-04:00,7.550000190734863,7.670000076293945,7.360000133514404,7.510000228881836,5122100,0.0,0.0
2023-06-21 00:00:00-04:00,7.449999809265137,7.5,7.111000061035156,7.260000228881836,3459300,0.0,0.0
2023-06-22 00:00:00-04:00,7.199999809265137,7.25,7.0,7.199999809265137,3028400,0.0,0.0
2023-06-23 00:00:00-04:00,7.110000133514404,7.414999961853027,7.03000020980835,7.309999942779541,29467000,0.0,0.0
2023-06-26 00:00:00-04:00,7.28000020980835,7.34499979019165,6.900000095367432,6.909999847412109,3184400,0.0,0.0
2023-06-27 00:00:00-04:00,6.889999866485596,6.889999866485596,6.349999904632568,6.349999904632568,4363800,0.0,0.0
2023-06-28 00:00:00-04:00,6.380000114440918,6.679999828338623,6.309999942779541,6.610000133514404,2886900,0.0,0.0
2023-06-29 00:00:00-04:00,6.630000114440918,6.715000152587891,6.449999809265137,6.579999923706055,1872100,0.0,0.0
2023-06-30 00:00:00-04:00,6.639999866485596,6.644999980926514,6.409999847412109,6.460000038146973,1992100,0.0,0.0
2023-07-03 00:00:00-04:00,6.460000038146973,6.679999828338623,6.429999828338623,6.590000152587891,1126200,0.0,0.0
2023-07-05 00:00:00-04:00,6.590000152587891,6.71999979019165,6.40500020980835,6.519999980926514,2440500,0.0,0.0
2023-07-06 00:00:00-04:00,6.53000020980835,6.53000020980835,6.28000020980835,6.369999885559082,1547500,0.0,0.0
2023-07-07 00:00:00-04:00,6.380000114440918,6.590000152587891,6.380000114440918,6.510000228881836,1612900,0.0,0.0
2023-07-10 00:00:00-04:00,6.53000020980835,6.894999980926514,6.489999771118164,6.789999961853027,1653600,0.0,0.0
2023-07-11 00:00:00-04:00,6.820000171661377,7.034999847412109,6.659999847412109,6.75,1923800,0.0,0.0
2023-07-12 00:00:00-04:00,6.960000038146973,7.784999847412109,6.949999809265137,7.550000190734863,5411600,0.0,0.0
2023-07-13 00:00:00-04:00,7.53000020980835,7.630000114440918,7.179999828338623,7.420000076293945,4167000,0.0,0.0
2023-07-14 00:00:00-04:00,7.400000095367432,8.0,7.039999961853027,7.159999847412109,2540300,0.0,0.0
2023-07-17 00:00:00-04:00,7.159999847412109,7.619999885559082,7.020999908447266,7.550000190734863,1744400,0.0,0.0
2023-07-18 00:00:00-04:00,7.610000133514404,7.809999942779541,7.5,7.559999942779541,1768200,0.0,0.0
2023-07-19 00:00:00-04:00,7.639999866485596,8.050000190734863,7.599999904632568,7.949999809265137,3182500,0.0,0.0
2023-07-20 00:00:00-04:00,7.909999847412109,8.020000457763672,7.699999809265137,7.71999979019165,2423000,0.0,0.0
2023-07-21 00:00:00-04:00,7.760000228881836,7.860000133514404,7.53000020980835,7.849999904632568,1531600,0.0,0.0
2023-07-24 00:00:00-04:00,7.869999885559082,7.960000038146973,7.619999885559082,7.650000095367432,2063000,0.0,0.0
2023-07-25 00:00:00-04:00,7.650000095367432,7.840000152587891,7.559999942779541,7.820000171661377,1532100,0.0,0.0
2023-07-26 00:00:00-04:00,7.789999961853027,7.804999828338623,7.559999942779541,7.760000228881836,1377400,0.0,0.0
2023-07-27 00:00:00-04:00,7.789999961853027,7.889999866485596,7.510000228881836,7.519999980926514,1101900,0.0,0.0
2023-07-28 00:00:00-04:00,7.559999942779541,7.800000190734863,7.559999942779541,7.690000057220459,1185200,0.0,0.0
2023-07-31 00:00:00-04:00,7.75,7.849999904632568,7.590000152587891,7.730000019073486,1344300,0.0,0.0
2023-08-01 00:00:00-04:00,7.730000019073486,7.730000019073486,7.25,7.269999980926514,1735300,0.0,0.0
2023-08-02 00:00:00-04:00,7.130000114440918,7.197000026702881,6.829999923706055,6.940000057220459,2236500,0.0,0.0
2023-08-03 00:00:00-04:00,6.929999828338623,7.099999904632568,6.820000171661377,6.96999979019165,3297500,0.0,0.0
2023-08-04 00:00:00-04:00,6.519999980926514,6.869999885559082,5.920000076293945,6.039999961853027,5581600,0.0,0.0
2023-08-07 00:00:00-04:00,6.159999847412109,6.659999847412109,5.800000190734863,5.849999904632568,3461900,0.0,0.0
2023-08-08 00:00:00-04:00,5.860000133514404,5.925000190734863,5.699999809265137,5.889999866485596,1998200,0.0,0.0
2023-08-09 00:00:00-04:00,5.889999866485596,6.045000076293945,5.804999828338623,6.019999980926514,2584100,0.0,0.0
2023-08-10 00:00:00-04:00,6.050000190734863,6.139999866485596,5.855000019073486,5.880000114440918,1689000,0.0,0.0
2023-08-11 00:00:00-04:00,5.829999923706055,5.880000114440918,5.71999979019165,5.760000228881836,2418200,0.0,0.0
2023-08-14 00:00:00-04:00,5.75,5.75,5.559999942779541,5.590000152587891,2142400,0.0,0.0
2023-08-15 00:00:00-04:00,5.599999904632568,5.650000095367432,5.5,5.519999980926514,1848200,0.0,0.0
2023-08-16 00:00:00-04:00,5.5,5.59499979019165,5.460000038146973,5.5,2048300,0.0,0.0
2023-08-17 00:00:00-04:00,5.539999961853027,5.630000114440918,5.485000133514404,5.5,2502400,0.0,0.0
2023-08-18 00:00:00-04:00,5.420000076293945,5.59499979019165,5.409999847412109,5.489999771118164,1487000,0.0,0.0
2023-08-21 00:00:00-04:00,5.5,5.679999828338623,5.449999809265137,5.579999923706055,1248800,0.0,0.0
2023-08-22 00:00:00-04:00,5.579999923706055,5.630000114440918,5.369999885559082,5.5,1411300,0.0,0.0
2023-08-23 00:00:00-04:00,5.519999980926514,5.590000152587891,5.494999885559082,5.559999942779541,748000,0.0,0.0
2023-08-24 00:00:00-04:00,5.559999942779541,5.559999942779541,5.420000076293945,5.5,1182800,0.0,0.0
2023-08-25 00:00:00-04:00,5.510000228881836,5.590000152587891,5.394999980926514,5.510000228881836,1317000,0.0,0.0
2023-08-28 00:00:00-04:00,5.53000020980835,5.679999828338623,5.474999904632568,5.5,1063900,0.0,0.0
2023-08-29 00:00:00-04:00,5.46999979019165,5.710000038146973,5.420000076293945,5.659999847412109,1116500,0.0,0.0
2023-08-30 00:00:00-04:00,5.659999847412109,5.840000152587891,5.590000152587891,5.800000190734863,1752100,0.0,0.0
2023-08-31 00:00:00-04:00,5.789999961853027,5.800000190734863,5.429999828338623,5.449999809265137,1784100,0.0,0.0
2023-09-01 00:00:00-04:00,5.510000228881836,5.659999847412109,5.380000114440918,5.590000152587891,1841000,0.0,0.0
2023-09-05 00:00:00-04:00,5.590000152587891,5.789999961853027,5.480000019073486,5.550000190734863,1396600,0.0,0.0
2023-09-06 00:00:00-04:00,5.559999942779541,5.570000171661377,5.425000190734863,5.510000228881836,1189300,0.0,0.0
2023-09-07 00:00:00-04:00,5.460000038146973,5.610000133514404,5.409999847412109,5.559999942779541,1789500,0.0,0.0
2023-09-08 00:00:00-04:00,5.570000171661377,5.579999923706055,5.380000114440918,5.409999847412109,1796200,0.0,0.0
2023-09-11 00:00:00-04:00,5.420000076293945,5.449999809265137,5.264999866485596,5.360000133514404,1461500,0.0,0.0
2023-09-12 00:00:00-04:00,5.329999923706055,5.329999923706055,5.130000114440918,5.139999866485596,1853800,0.0,0.0
2023-09-13 00:00:00-04:00,5.139999866485596,5.269999980926514,5.119999885559082,5.25,1462100,0.0,0.0
2023-09-14 00:00:00-04:00,5.28000020980835,5.315000057220459,5.159999847412109,5.170000076293945,1107300,0.0,0.0
2023-09-15 00:00:00-04:00,5.309999942779541,5.460000038146973,5.269999980926514,5.340000152587891,2365600,0.0,0.0
2023-09-18 00:00:00-04:00,5.329999923706055,5.329999923706055,5.119999885559082,5.130000114440918,1464700,0.0,0.0
2023-09-19 00:00:00-04:00,5.130000114440918,5.179999828338623,5.059999942779541,5.079999923706055,1249200,0.0,0.0
2023-09-20 00:00:00-04:00,5.150000095367432,5.295000076293945,5.059999942779541,5.079999923706055,2793400,0.0,0.0
2023-09-21 00:00:00-04:00,5.050000190734863,5.070000171661377,4.909999847412109,4.909999847412109,1740700,0.0,0.0
2023-09-22 00:00:00-04:00,4.929999828338623,5.0,4.880000114440918,5.0,2438400,0.0,0.0
2023-09-25 00:00:00-04:00,4.960000038146973,4.960000038146973,4.75,4.769999980926514,1493600,0.0,0.0
2023-09-26 00:00:00-04:00,4.75,4.889999866485596,4.670000076293945,4.699999809265137,2347300,0.0,0.0
2023-09-27 00:00:00-04:00,4.730000019073486,5.019999980926514,4.684999942779541,4.710000038146973,1425800,0.0,0.0
2023-09-28 00:00:00-04:00,4.690000057220459,4.71999979019165,4.510000228881836,4.659999847412109,1099700,0.0,0.0
2023-09-29 00:00:00-04:00,4.739999771118164,4.75,4.570000171661377,4.599999904632568,1510800,0.0,0.0
2023-10-02 00:00:00-04:00,4.599999904632568,4.599999904632568,4.429999828338623,4.460000038146973,2387300,0.0,0.0
2023-10-03 00:00:00-04:00,4.440000057220459,4.5,4.340000152587891,4.380000114440918,1781700,0.0,0.0
2023-10-04 00:00:00-04:00,4.380000114440918,4.449999809265137,4.329999923706055,4.429999828338623,1248700,0.0,0.0
2023-10-05 00:00:00-04:00,4.429999828338623,4.510000228881836,4.340000152587891,4.420000076293945,1264300,0.0,0.0
2023-10-06 00:00:00-04:00,4.400000095367432,4.474999904632568,4.349999904632568,4.420000076293945,712500,0.0,0.0
2023-10-09 00:00:00-04:00,4.389999866485596,4.409999847412109,4.28000020980835,4.400000095367432,840500,0.0,0.0
2023-10-10 00:00:00-04:00,4.409999847412109,4.519999980926514,4.369999885559082,4.519999980926514,838800,0.0,0.0
2023-10-11 00:00:00-04:00,4.5,4.547999858856201,4.320000171661377,4.389999866485596,1077900,0.0,0.0
2023-10-12 00:00:00-04:00,4.409999847412109,4.409999847412109,3.9200000762939453,3.9800000190734863,4206000,0.0,0.0
2023-10-13 00:00:00-04:00,4.039999961853027,4.28000020980835,3.940000057220459,4.260000228881836,2615700,0.0,0.0
2023-10-16 00:00:00-04:00,4.230000019073486,4.329999923706055,4.199999809265137,4.28000020980835,1132500,0.0,0.0
2023-10-17 00:00:00-04:00,4.230000019073486,4.419000148773193,4.21999979019165,4.400000095367432,1300200,0.0,0.0
2023-10-18 00:00:00-04:00,4.349999904632568,4.369999885559082,4.28000020980835,4.349999904632568,2817200,0.0,0.0
2023-10-19 00:00:00-04:00,4.329999923706055,4.420000076293945,4.269999980926514,4.289999961853027,1428500,0.0,0.0
2023-10-20 00:00:00-04:00,4.320000171661377,4.349999904632568,4.26200008392334,4.320000171661377,1493100,0.0,0.0
2023-10-23 00:00:00-04:00,4.269999980926514,4.309000015258789,4.199999809265137,4.269999980926514,1107400,0.0,0.0
2023-10-24 00:00:00-04:00,4.300000190734863,4.46999979019165,4.260000228881836,4.449999809265137,1099600,0.0,0.0
2023-10-25 00:00:00-04:00,4.389999866485596,4.389999866485596,4.059999942779541,4.059999942779541,1340400,0.0,0.0
2023-10-26 00:00:00-04:00,4.050000190734863,4.170000076293945,4.03000020980835,4.139999866485596,1210200,0.0,0.0
2023-10-27 00:00:00-04:00,4.150000095367432,4.159999847412109,3.9100000858306885,3.9100000858306885,1554900,0.0,0.0
2023-10-30 00:00:00-04:00,3.950000047683716,4.059999942779541,3.869999885559082,4.039999961853027,1439000,0.0,0.0
2023-10-31 00:00:00-04:00,4.03000020980835,4.230000019073486,4.03000020980835,4.110000133514404,983900,0.0,0.0
2023-11-01 00:00:00-04:00,4.119999885559082,4.144999980926514,4.010000228881836,4.119999885559082,705200,0.0,0.0
2023-11-02 00:00:00-04:00,4.179999828338623,4.449999809265137,4.159999847412109,4.429999828338623,1956500,0.0,0.0
2023-11-03 00:00:00-04:00,3.9700000286102295,4.78000020980835,3.9000000953674316,4.699999809265137,3553000,0.0,0.0
2023-11-06 00:00:00-05:00,4.639999866485596,4.78000020980835,4.440000057220459,4.474999904632568,1428900,0.0,0.0
2023-11-07 00:00:00-05:00,4.440000057220459,4.525000095367432,4.385000228881836,4.400000095367432,1195600,0.0,0.0
2023-11-08 00:00:00-05:00,4.380000114440918,4.380000114440918,4.119999885559082,4.179999828338623,1909900,0.0,0.0
2023-11-09 00:00:00-05:00,4.210000038146973,4.269999980926514,4.039999961853027,4.039999961853027,1313600,0.0,0.0
2023-11-10 00:00:00-05:00,4.070000171661377,4.079999923706055,3.890000104904175,4.039999961853027,1136200,0.0,0.0
2023-11-13 00:00:00-05:00,4.019999980926514,4.031000137329102,3.930000066757202,3.9800000190734863,830100,0.0,0.0
2023-11-14 00:00:00-05:00,4.170000076293945,4.364999771118164,4.150000095367432,4.329999923706055,1319500,0.0,0.0
2023-11-15 00:00:00-05:00,4.400000095367432,4.659999847412109,4.300000190734863,4.53000020980835,1470000,0.0,0.0
2023-11-16 00:00:00-05:00,4.519999980926514,4.519999980926514,4.239999771118164,4.380000114440918,931500,0.0,0.0
2023-11-17 00:00:00-05:00,4.429999828338623,4.480000019073486,4.34499979019165,4.46999979019165,1326400,0.0,0.0
2023-11-20 00:00:00-05:00,4.460000038146973,4.690000057220459,4.34499979019165,4.599999904632568,1989100,0.0,0.0
2023-11-21 00:00:00-05:00,4.579999923706055,4.579999923706055,4.320000171661377,4.340000152587891,1444200,0.0,0.0
2023-11-22 00:00:00-05:00,4.409999847412109,4.449999809265137,4.329999923706055,4.429999828338623,876100,0.0,0.0
2023-11-24 00:00:00-05:00,4.440000057220459,4.489999771118164,4.400000095367432,4.429999828338623,492500,0.0,0.0
2023-11-27 00:00:00-05:00,4.400000095367432,4.550000190734863,4.269999980926514,4.53000020980835,1325200,0.0,0.0
2023-11-28 00:00:00-05:00,4.599999904632568,4.800000190734863,4.400000095367432,4.730000019073486,2338400,0.0,0.0
2023-11-29 00:00:00-05:00,4.75,5.025000095367432,4.690000057220459,4.78000020980835,2508600,0.0,0.0
2023-11-30 00:00:00-05:00,4.809999942779541,4.880000114440918,4.565000057220459,4.710000038146973,3837800,0.0,0.0
2023-12-01 00:00:00-05:00,4.679999828338623,4.860000133514404,4.519999980926514,4.829999923706055,2053300,0.0,0.0
2023-12-04 00:00:00-05:00,4.809999942779541,4.929999828338623,4.619999885559082,4.639999866485596,1842900,0.0,0.0
2023-12-05 00:00:00-05:00,4.889999866485596,4.889999866485596,4.46999979019165,4.5,1733100,0.0,0.0
2023-12-06 00:00:00-05:00,4.510000228881836,4.940000057220459,4.489999771118164,4.849999904632568,1655900,0.0,0.0
2023-12-07 00:00:00-05:00,4.869999885559082,4.960000038146973,4.789999961853027,4.840000152587891,854000,0.0,0.0
2023-12-08 00:00:00-05:00,4.789999961853027,4.96999979019165,4.699999809265137,4.869999885559082,1524600,0.0,0.0
2023-12-11 00:00:00-05:00,4.849999904632568,4.860000133514404,4.699999809265137,4.789999961853027,1173000,0.0,0.0
2023-12-12 00:00:00-05:00,4.78000020980835,4.800000190734863,4.650000095367432,4.78000020980835,1039600,0.0,0.0
2023-12-13 00:00:00-05:00,4.800000190734863,5.059999942779541,4.670000076293945,5.039999961853027,1200100,0.0,0.0
2023-12-14 00:00:00-05:00,5.170000076293945,5.519000053405762,5.159999847412109,5.480000019073486,3298400,0.0,0.0
2023-12-15 00:00:00-05:00,5.579999923706055,5.610000133514404,5.300000190734863,5.429999828338623,2437100,0.0,0.0
2023-12-18 00:00:00-05:00,5.420000076293945,5.460000038146973,5.269999980926514,5.320000171661377,1376100,0.0,0.0
2023-12-19 00:00:00-05:00,5.369999885559082,5.739999771118164,5.361000061035156,5.679999828338623,1724300,0.0,0.0
2023-12-20 00:00:00-05:00,5.630000114440918,5.795000076293945,5.409999847412109,5.429999828338623,1506100,0.0,0.0
2023-12-21 00:00:00-05:00,5.53000020980835,5.739999771118164,5.5,5.690000057220459,1295900,0.0,0.0
2023-12-22 00:00:00-05:00,5.699999809265137,5.829999923706055,5.635000228881836,5.690000057220459,877000,0.0,0.0
2023-12-26 00:00:00-05:00,5.699999809265137,5.869999885559082,5.699999809265137,5.769999980926514,1148200,0.0,0.0
2023-12-27 00:00:00-05:00,5.820000171661377,5.889999866485596,5.699999809265137,5.800000190734863,1013700,0.0,0.0
2023-12-28 00:00:00-05:00,5.789999961853027,5.980000019073486,5.760000228881836,5.929999828338623,1585300,0.0,0.0
2023-12-29 00:00:00-05:00,5.949999809265137,5.949999809265137,5.630000114440918,5.710000038146973,1554900,0.0,0.0
2024-01-02 00:00:00-05:00,5.619999885559082,5.889999866485596,5.539999961853027,5.730000019073486,1054400,0.0,0.0
2024-01-03 00:00:00-05:00,5.599999904632568,5.789999961853027,5.519999980926514,5.699999809265137,1531400,0.0,0.0
2024-01-04 00:00:00-05:00,5.670000076293945,5.994999885559082,5.559999942779541,5.940000057220459,1124900,0.0,0.0
2024-01-05 00:00:00-05:00,5.929999828338623,5.929999828338623,5.75,5.840000152587891,1401000,0.0,0.0
2024-01-08 00:00:00-05:00,5.840000152587891,6.054999828338623,5.724999904632568,5.96999979019165,993400,0.0,0.0
2024-01-09 00:00:00-05:00,5.889999866485596,5.925000190734863,5.670000076293945,5.710000038146973,1161800,0.0,0.0
2024-01-10 00:00:00-05:00,5.730000019073486,5.769999980926514,5.489999771118164,5.630000114440918,1017200,0.0,0.0
2024-01-11 00:00:00-05:00,5.590000152587891,5.599999904632568,5.409999847412109,5.449999809265137,1157700,0.0,0.0
2024-01-12 00:00:00-05:00,5.460000038146973,5.690000057220459,5.380000114440918,5.389999866485596,853500,0.0,0.0
2024-01-16 00:00:00-05:00,5.340000152587891,5.340000152587891,4.960000038146973,5.0,1857000,0.0,0.0
2024-01-17 00:00:00-05:00,4.949999809265137,5.309999942779541,4.809999942779541,5.269999980926514,4214000,0.0,0.0
2024-01-18 00:00:00-05:00,5.349999904632568,5.400000095367432,5.119999885559082,5.190000057220459,1231000,0.0,0.0
2024-01-19 00:00:00-05:00,5.190000057220459,5.324999809265137,5.059999942779541,5.239999771118164,1182900,0.0,0.0
2024-01-22 00:00:00-05:00,5.300000190734863,5.550000190734863,5.25,5.510000228881836,2635200,0.0,0.0
2024-01-23 00:00:00-05:00,5.519999980926514,5.619999885559082,5.179999828338623,5.309999942779541,886400,0.0,0.0
2024-01-24 00:00:00-05:00,5.409999847412109,5.460000038146973,5.235000133514404,5.260000228881836,854700,0.0,0.0
2024-01-25 00:00:00-05:00,5.309999942779541,5.400000095367432,5.25,5.320000171661377,948300,0.0,0.0
2024-01-26 00:00:00-05:00,5.369999885559082,5.480000019073486,5.260000228881836,5.320000171661377,1128200,0.0,0.0
2024-01-29 00:00:00-05:00,5.349999904632568,5.619999885559082,5.235000133514404,5.590000152587891,1308800,0.0,0.0
2024-01-30 00:00:00-05:00,5.599999904632568,5.599999904632568,5.21999979019165,5.28000020980835,990100,0.0,0.0
2024-01-31 00:00:00-05:00,5.25,5.360000133514404,5.110000133514404,5.110000133514404,958200,0.0,0.0
2024-02-01 00:00:00-05:00,5.170000076293945,5.239999771118164,5.114999771118164,5.199999809265137,1100200,0.0,0.0
2024-02-02 00:00:00-05:00,5.150000095367432,5.150000095367432,4.820000171661377,5.010000228881836,2125800,0.0,0.0
2024-02-05 00:00:00-05:00,4.960000038146973,4.989999771118164,4.795000076293945,4.949999809265137,1891400,0.0,0.0
2024-02-06 00:00:00-05:00,4.929999828338623,5.179999828338623,4.869999885559082,5.179999828338623,1189800,0.0,0.0
2024-02-07 00:00:00-05:00,5.179999828338623,5.190000057220459,4.880000114440918,4.909999847412109,1125200,0.0,0.0
2024-02-08 00:00:00-05:00,4.909999847412109,5.079999923706055,4.861000061035156,5.019999980926514,899900,0.0,0.0
2024-02-09 00:00:00-05:00,5.050000190734863,5.150000095367432,5.0,5.110000133514404,894100,0.0,0.0
2024-02-12 00:00:00-05:00,5.139999866485596,5.460000038146973,5.09499979019165,5.460000038146973,1682300,0.0,0.0
2024-02-13 00:00:00-05:00,5.199999809265137,5.260000228881836,5.034999847412109,5.110000133514404,1848200,0.0,0.0
2024-02-14 00:00:00-05:00,5.210000038146973,5.289999961853027,5.144999980926514,5.21999979019165,1208300,0.0,0.0
2024-02-15 00:00:00-05:00,5.289999961853027,5.409999847412109,5.179999828338623,5.28000020980835,1104400,0.0,0.0
2024-02-16 00:00:00-05:00,5.21999979019165,5.409999847412109,5.099999904632568,5.340000152587891,1374300,0.0,0.0
2024-02-20 00:00:00-05:00,5.400000095367432,5.449999809265137,5.224999904632568,5.309999942779541,1397400,0.0,0.0
2024-02-21 00:00:00-05:00,5.25,5.251999855041504,4.650000095367432,4.809999942779541,3579300,0.0,0.0
2024-02-22 00:00:00-05:00,5.03000020980835,5.03000020980835,4.809999942779541,4.849999904632568,1938400,0.0,0.0
2024-02-23 00:00:00-05:00,4.900000095367432,5.085000038146973,4.820000171661377,4.869999885559082,2681000,0.0,0.0
2024-02-26 00:00:00-05:00,4.820000171661377,4.960000038146973,4.789999961853027,4.949999809265137,2203000,0.0,0.0
2024-02-27 00:00:00-05:00,4.96999979019165,5.210000038146973,4.960000038146973,5.119999885559082,2588600,0.0,0.0
2024-02-28 00:00:00-05:00,5.059999942779541,5.199999809265137,4.980000019073486,5.079999923706055,1496100,0.0,0.0
2024-02-29 00:00:00-05:00,5.159999847412109,5.170000076293945,5.0,5.050000190734863,2767700,0.0,0.0
2024-03-01 00:00:00-05:00,5.090000152587891,5.260000228881836,5.001999855041504,5.050000190734863,1405500,0.0,0.0
2024-03-04 00:00:00-05:00,5.03000020980835,5.099999904632568,4.789999961853027,5.0,2141800,0.0,0.0
2024-03-05 00:00:00-05:00,4.929999828338623,4.940000057220459,4.804999828338623,4.809999942779541,1928100,0.0,0.0
2024-03-06 00:00:00-05:00,4.860000133514404,4.960000038146973,4.84499979019165,4.869999885559082,1459000,0.0,0.0
2024-03-07 00:00:00-05:00,4.909999847412109,5.0,4.860000133514404,4.909999847412109,1117000,0.0,0.0
2024-03-08 00:00:00-05:00,4.980000019073486,5.125,4.760000228881836,4.769999980926514,1058800,0.0,0.0
2024-03-11 00:00:00-04:00,4.900000095367432,5.039999961853027,4.824999809265137,4.960000038146973,1967600,0.0,0.0
2024-03-12 00:00:00-04:00,4.96999979019165,4.980000019073486,4.800000190734863,4.880000114440918,1561100,0.0,0.0
2024-03-13 00:00:00-04:00,4.880000114440918,4.960000038146973,4.820000171661377,4.909999847412109,1024700,0.0,0.0
2024-03-14 00:00:00-04:00,4.929999828338623,4.929999828338623,4.670000076293945,4.699999809265137,1529500,0.0,0.0
2024-03-15 00:00:00-04:00,4.690000057220459,4.78000020980835,4.659999847412109,4.710000038146973,1006000,0.0,0.0
2024-03-18 00:00:00-04:00,4.784999847412109,4.784999847412109,4.53000020980835,4.590000152587891,1094800,0.0,0.0
2024-03-19 00:00:00-04:00,4.559999942779541,4.635000228881836,4.409999847412109,4.599999904632568,693200,0.0,0.0
2024-03-20 00:00:00-04:00,4.610000133514404,4.744999885559082,4.510000228881836,4.730000019073486,665400,0.0,0.0
2024-03-21 00:00:00-04:00,4.800000190734863,4.829999923706055,4.670000076293945,4.710000038146973,832800,0.0,0.0
2024-03-22 00:00:00-04:00,4.699999809265137,4.699999809265137,4.559999942779541,4.590000152587891,616200,0.0,0.0
2024-03-25 00:00:00-04:00,4.590000152587891,4.699999809265137,4.550000190734863,4.579999923706055,708100,0.0,0.0
2024-03-26 00:00:00-04:00,4.639999866485596,4.690000057220459,4.269999980926514,4.289999961853027,1669800,0.0,0.0
2024-03-27 00:00:00-04:00,4.309999942779541,4.510000228881836,4.269999980926514,4.489999771118164,1337800,0.0,0.0
2024-03-28 00:00:00-04:00,4.510000228881836,4.644999980926514,4.485000133514404,4.53000020980835,929000,0.0,0.0
2024-04-01 00:00:00-04:00,4.539999961853027,4.539999961853027,4.309999942779541,4.440000057220459,1248000,0.0,0.0
2024-04-02 00:00:00-04:00,4.440000057220459,4.440000057220459,4.269999980926514,4.320000171661377,1338900,0.0,0.0
2024-04-03 00:00:00-04:00,4.300000190734863,4.434999942779541,4.248000144958496,4.380000114440918,537900,0.0,0.0
2024-04-04 00:00:00-04:00,4.409999847412109,4.570000171661377,4.380000114440918,4.400000095367432,815600,0.0,0.0
2024-04-05 00:00:00-04:00,4.360000133514404,4.449999809265137,4.260000228881836,4.340000152587891,769800,0.0,0.0
2024-04-08 00:00:00-04:00,4.380000114440918,4.534999847412109,4.349999904632568,4.489999771118164,857000,0.0,0.0
2024-04-09 00:00:00-04:00,4.510000228881836,4.75,4.46999979019165,4.730000019073486,1296800,0.0,0.0
2024-04-10 00:00:00-04:00,4.53000020980835,4.650000095367432,4.380000114440918,4.460000038146973,1033700,0.0,0.0
2024-04-11 00:00:00-04:00,4.5,4.559999942779541,4.329999923706055,4.380000114440918,1050800,0.0,0.0
2024-04-12 00:00:00-04:00,4.349999904632568,4.420000076293945,4.25,4.340000152587891,1011300,0.0,0.0
2024-04-15 00:00:00-04:00,4.340000152587891,4.340000152587891,4.150000095367432,4.179999828338623,1358900,0.0,0.0
2024-04-16 00:00:00-04:00,4.130000114440918,4.150000095367432,4.03000020980835,4.050000190734863,1271900,0.0,0.0
2024-04-17 00:00:00-04:00,4.059999942779541,4.150000095367432,3.9200000762939453,3.9200000762939453,1069400,0.0,0.0
2024-04-18 00:00:00-04:00,3.950000047683716,3.9700000286102295,3.8399999141693115,3.9100000858306885,765600,0.0,0.0
2024-04-19 00:00:00-04:00,3.8499999046325684,3.9600000381469727,3.7899999618530273,3.869999885559082,978600,0.0,0.0
2024-04-22 00:00:00-04:00,3.890000104904175,4.010000228881836,3.8299999237060547,4.010000228881836,1076200,0.0,0.0
2024-04-23 00:00:00-04:00,4.0,4.309999942779541,3.9649999141693115,3.9700000286102295,1595100,0.0,0.0
2024-04-24 00:00:00-04:00,4.010000228881836,4.25,3.890000104904175,3.9000000953674316,1599000,0.0,0.0
2024-04-25 00:00:00-04:00,3.859999895095825,3.880000114440918,3.619999885559082,3.630000114440918,1829900,0.0,0.0
2024-04-26 00:00:00-04:00,3.690000057220459,3.799999952316284,3.640000104904175,3.759999990463257,1369600,0.0,0.0
2024-04-29 00:00:00-04:00,3.7799999713897705,3.859999895095825,3.76200008392334,3.8399999141693115,1426300,0.0,0.0
2024-04-30 00:00:00-04:00,3.819999933242798,4.0,3.7249999046325684,3.7799999713897705,935400,0.0,0.0
2024-05-01 00:00:00-04:00,3.7699999809265137,3.9600000381469727,3.6549999713897705,3.7799999713897705,2008700,0.0,0.0
2024-05-02 00:00:00-04:00,3.890000104904175,3.890000104904175,3.680000066757202,3.8499999046325684,1237900,0.0,0.0
2024-05-03 00:00:00-04:00,3.9200000762939453,4.199999809265137,3.9200000762939453,4.03000020980835,2202900,0.0,0.0
2024-05-06 00:00:00-04:00,4.139999866485596,4.175000190734863,4.03000020980835,4.110000133514404,1823900,0.0,0.0
2024-05-07 00:00:00-04:00,4.119999885559082,4.28000020980835,3.990000009536743,4.039999961853027,2175500,0.0,0.0
2024-05-08 00:00:00-04:00,4.039999961853027,4.198999881744385,3.7799999713897705,3.8399999141693115,1333500,0.0,0.0
2024-05-09 00:00:00-04:00,3.859999895095825,4.014999866485596,3.8499999046325684,3.950000047683716,1021000,0.0,0.0
2024-05-10 00:00:00-04:00,3.9200000762939453,3.9700000286102295,3.809999942779541,3.8299999237060547,1193900,0.0,0.0
2024-05-13 00:00:00-04:00,3.880000114440918,3.9800000190734863,3.8399999141693115,3.8499999046325684,1316500,0.0,0.0
2024-05-14 00:00:00-04:00,3.9200000762939453,4.014999866485596,3.819999933242798,3.819999933242798,1267000,0.0,0.0
2024-05-15 00:00:00-04:00,3.9000000953674316,3.9149999618530273,3.690000057220459,3.700000047683716,1027500,0.0,0.0
2024-05-16 00:00:00-04:00,3.7300000190734863,3.8499999046325684,3.6649999618530273,3.7799999713897705,1348100,0.0,0.0
2024-05-17 00:00:00-04:00,3.819999933242798,3.8299999237060547,3.630000114440918,3.640000104904175,1041100,0.0,0.0
2024-05-20 00:00:00-04:00,3.6500000953674316,3.759999990463257,3.5799999237060547,3.740000009536743,1034300,0.0,0.0
2024-05-21 00:00:00-04:00,3.7200000286102295,3.884999990463257,3.700000047683716,3.8499999046325684,1986700,0.0,0.0
2024-05-22 00:00:00-04:00,3.809999942779541,4.034999847412109,3.7960000038146973,3.859999895095825,1485800,0.0,0.0
2024-05-23 00:00:00-04:00,3.869999885559082,4.010000228881836,3.809999942779541,3.8499999046325684,1332900,0.0,0.0
2024-05-24 00:00:00-04:00,3.880000114440918,3.947999954223633,3.759999990463257,3.8499999046325684,1047400,0.0,0.0
2024-05-28 00:00:00-04:00,3.880000114440918,4.340000152587891,3.880000114440918,4.079999923706055,2888200,0.0,0.0
2024-05-29 00:00:00-04:00,4.010000228881836,4.159999847412109,3.9700000286102295,4.079999923706055,1596100,0.0,0.0
2024-05-30 00:00:00-04:00,4.139999866485596,4.170000076293945,4.010000228881836,4.039999961853027,895100,0.0,0.0
2024-05-31 00:00:00-04:00,4.039999961853027,4.199999809265137,3.9000000953674316,3.9200000762939453,1082700,0.0,0.0
2024-06-03 00:00:00-04:00,3.940000057220459,4.070000171661377,3.819999933242798,3.880000114440918,1249800,0.0,0.0
2024-06-04 00:00:00-04:00,3.880000114440918,3.8949999809265137,3.759999990463257,3.7799999713897705,1077000,0.0,0.0
2024-06-05 00:00:00-04:00,3.7799999713897705,3.819999933242798,3.7200000286102295,3.75,1539400,0.0,0.0
2024-06-06 00:00:00-04:00,3.7799999713897705,3.880000114440918,3.7149999141693115,3.7799999713897705,1203800,0.0,0.0
2024-06-07 00:00:00-04:00,3.740000009536743,3.759999990463257,3.609999895095825,3.619999885559082,1083400,0.0,0.0
2024-06-10 00:00:00-04:00,3.619999885559082,3.634999990463257,3.509999990463257,3.509999990463257,1682100,0.0,0.0
2024-06-11 00:00:00-04:00,3.5,3.5390000343322754,3.3450000286102295,3.430000066757202,3473000,0.0,0.0
2024-06-12 00:00:00-04:00,3.490000009536743,3.569999933242798,3.380000114440918,3.4200000762939453,2212300,0.0,0.0
2024-06-13 00:00:00-04:00,3.4200000762939453,3.4590001106262207,3.305000066757202,3.3299999237060547,1960400,0.0,0.0
2024-06-14 00:00:00-04:00,3.319999933242798,3.380000114440918,3.2200000286102295,3.2300000190734863,1224900,0.0,0.0
2024-06-17 00:00:00-04:00,3.2200000286102295,3.2200000286102295,3.0299999713897705,3.059999942779541,2006200,0.0,0.0
2024-06-18 00:00:00-04:00,3.0999999046325684,3.1500000953674316,2.984999895095825,3.0199999809265137,2146800,0.0,0.0
2024-06-20 00:00:00-04:00,2.9600000381469727,3.0,2.859999895095825,2.940000057220459,3320800,0.0,0.0
2024-06-21 00:00:00-04:00,2.950000047683716,2.9649999141693115,2.890000104904175,2.9000000953674316,2549300,0.0,0.0
2024-06-24 00:00:00-04:00,2.9000000953674316,2.9700000286102295,2.7899999618530273,2.7899999618530273,2953200,0.0,0.0
2024-06-25 00:00:00-04:00,2.819999933242798,2.819999933242798,2.7100000381469727,2.7300000190734863,3083500,0.0,0.0
2024-06-26 00:00:00-04:00,2.75,2.865000009536743,2.740000009536743,2.7899999618530273,2201100,0.0,0.0
2024-06-27 00:00:00-04:00,2.75,2.890000104904175,2.7309999465942383,2.880000114440918,1939600,0.0,0.0
2024-06-28 00:00:00-04:00,2.869999885559082,3.0199999809265137,2.869999885559082,2.9600000381469727,1806700,0.0,0.0
2024-07-01 00:00:00-04:00,2.9700000286102295,2.9800000190734863,2.7699999809265137,2.7799999713897705,1885900,0.0,0.0
2024-07-02 00:00:00-04:00,2.799999952316284,2.799999952316284,2.700000047683716,2.7699999809265137,2136800,0.0,0.0
2024-07-03 00:00:00-04:00,2.799999952316284,2.825000047683716,2.690000057220459,2.7100000381469727,1116700,0.0,0.0
2024-07-05 00:00:00-04:00,2.7200000286102295,2.740000009536743,2.6600000858306885,2.690000057220459,1455300,0.0,0.0
2024-07-08 00:00:00-04:00,2.700000047683716,2.7799999713897705,2.690000057220459,2.75,1552500,0.0,0.0
2024-07-09 00:00:00-04:00,2.799999952316284,2.869999885559082,2.6500000953674316,2.819999933242798,4645500,0.0,0.0
2024-07-10 00:00:00-04:00,2.9000000953674316,2.9600000381469727,2.7300000190734863,2.799999952316284,1557100,0.0,0.0
2024-07-11 00:00:00-04:00,2.9100000858306885,3.140000104904175,2.880000114440918,3.130000114440918,2028600,0.0,0.0
2024-07-12 00:00:00-04:00,3.1600000858306885,3.25,3.069999933242798,3.119999885559082,1720200,0.0,0.0
2024-07-15 00:00:00-04:00,3.180000066757202,3.244999885559082,3.059999942779541,3.200000047683716,871100,0.0,0.0
2024-07-16 00:00:00-04:00,3.240000009536743,3.490000009536743,3.2100000381469727,3.490000009536743,1716100,0.0,0.0
2024-07-17 00:00:00-04:00,3.4000000953674316,3.5999999046325684,3.3610000610351562,3.369999885559082,1209500,0.0,0.0
2024-07-18 00:00:00-04:00,3.390000104904175,3.4000000953674316,3.0399999618530273,3.059999942779541,1336100,0.0,0.0
2024-07-19 00:00:00-04:00,3.0399999618530273,3.069999933242798,2.9600000381469727,2.9700000286102295,995700,0.0,0.0
2024-07-22 00:00:00-04:00,3.0,3.0199999809265137,2.930000066757202,3.009999990463257,885300,0.0,0.0
2024-07-23 00:00:00-04:00,3.0,3.125,2.9749999046325684,3.0999999046325684,1107600,0.0,0.0
2024-07-24 00:00:00-04:00,3.0899999141693115,3.1500000953674316,2.990999937057495,3.009999990463257,1072900,0.0,0.0
2024-07-25 00:00:00-04:00,3.009999990463257,3.200000047683716,2.9600000381469727,3.0999999046325684,1483800,0.0,0.0
2024-07-26 00:00:00-04:00,3.2100000381469727,3.2799999713897705,3.1449999809265137,3.259999990463257,693600,0.0,0.0
2024-07-29 00:00:00-04:00,3.240000009536743,3.259999990463257,3.125,3.2300000190734863,760100,0.0,0.0
2024-07-30 00:00:00-04:00,3.2100000381469727,3.2799999713897705,3.174999952316284,3.2300000190734863,553800,0.0,0.0
2024-07-31 00:00:00-04:00,3.369999885559082,3.434999942779541,3.180000066757202,3.259999990463257,2268300,0.0,0.0
2024-08-01 00:00:00-04:00,3.319999933242798,3.3299999237060547,3.009999990463257,3.049999952316284,986200,0.0,0.0
2024-08-02 00:00:00-04:00,2.869999885559082,3.0,2.859999895095825,2.9200000762939453,1359100,0.0,0.0
2024-08-05 00:00:00-04:00,2.690000057220459,2.809999942779541,2.6500000953674316,2.759999990463257,2188300,0.0,0.0
2024-08-06 00:00:00-04:00,2.8499999046325684,2.884999990463257,2.7300000190734863,2.8499999046325684,1454200,0.0,0.0
2024-08-07 00:00:00-04:00,2.75,2.75,2.559999942779541,2.630000114440918,3002200,0.0,0.0
2024-08-08 00:00:00-04:00,2.680000066757202,2.9000000953674316,2.6600000858306885,2.7699999809265137,1417000,0.0,0.0
2024-08-09 00:00:00-04:00,2.759999990463257,2.7850000858306885,2.5899999141693115,2.680000066757202,1627800,0.0,0.0
2024-08-12 00:00:00-04:00,2.690000057220459,2.7799999713897705,2.4000000953674316,2.634999990463257,953100,0.0,0.0
2024-08-13 00:00:00-04:00,2.680000066757202,2.700000047683716,2.630000114440918,2.6700000762939453,555500,0.0,0.0
2024-08-14 00:00:00-04:00,2.7200000286102295,2.7200000286102295,2.569999933242798,2.619999885559082,1180300,0.0,0.0
2024-08-15 00:00:00-04:00,2.6600000858306885,2.7300000190734863,2.609999895095825,2.619999885559082,1323200,0.0,0.0
2024-08-16 00:00:00-04:00,2.6700000762939453,2.6700000762939453,2.5799999237060547,2.609999895095825,1753200,0.0,0.0
2024-08-19 00:00:00-04:00,2.630000114440918,2.799999952316284,2.630000114440918,2.7100000381469727,2466700,0.0,0.0
2024-08-20 00:00:00-04:00,2.640000104904175,2.6500000953674316,2.559999942779541,2.5999999046325684,2679600,0.0,0.0
2024-08-21 00:00:00-04:00,2.640000104904175,2.6679999828338623,2.5799999237060547,2.640000104904175,1207100,0.0,0.0
2024-08-22 00:00:00-04:00,2.640000104904175,2.6600000858306885,2.4800000190734863,2.509999990463257,2456600,0.0,0.0
2024-08-23 00:00:00-04:00,2.5299999713897705,2.6449999809265137,2.5250000953674316,2.609999895095825,1801600,0.0,0.0
2024-08-26 00:00:00-04:00,2.630000114440918,2.700000047683716,2.5899999141693115,2.690000057220459,1177900,0.0,0.0
2024-08-27 00:00:00-04:00,2.690000057220459,2.7079999446868896,2.569999933242798,2.609999895095825,1266600,0.0,0.0
2024-08-28 00:00:00-04:00,2.609999895095825,2.6700000762939453,2.5399999618530273,2.559999942779541,1901800,0.0,0.0
2024-08-29 00:00:00-04:00,2.549999952316284,2.6600000858306885,2.5299999713897705,2.5299999713897705,2399200,0.0,0.0
2024-08-30 00:00:00-04:00,2.609999895095825,2.609999895095825,2.5450000762939453,2.559999942779541,5486300,0.0,0.0
2024-09-03 00:00:00-04:00,2.559999942779541,2.640000104904175,2.4600000381469727,2.5,3684300,0.0,0.0
2024-09-04 00:00:00-04:00,2.4700000286102295,2.549999952316284,2.4600000381469727,2.5199999809265137,1312100,0.0,0.0
2024-09-05 00:00:00-04:00,2.5199999809265137,2.569999933242798,2.4200000762939453,2.430000066757202,2405700,0.0,0.0
2024-09-06 00:00:00-04:00,2.440000057220459,2.4649999141693115,2.359999895095825,2.390000104904175,1834900,0.0,0.0
2024-09-09 00:00:00-04:00,2.4100000858306885,2.5299999713897705,2.365000009536743,2.4000000953674316,2215700,0.0,0.0
2024-09-10 00:00:00-04:00,2.4000000953674316,2.5950000286102295,2.3350000381469727,2.5799999237060547,3265300,0.0,0.0
2024-09-11 00:00:00-04:00,2.559999942779541,2.7300000190734863,2.5,2.690000057220459,3097400,0.0,0.0
2024-09-12 00:00:00-04:00,2.7200000286102295,2.740000009536743,2.5999999046325684,2.680000066757202,1410200,0.0,0.0
2024-09-13 00:00:00-04:00,2.7300000190734863,2.7850000858306885,2.640000104904175,2.75,2406100,0.0,0.0
2024-09-16 00:00:00-04:00,2.75,2.7699999809265137,2.5910000801086426,2.680000066757202,2441800,0.0,0.0
2024-09-17 00:00:00-04:00,2.680000066757202,2.869999885559082,2.6600000858306885,2.7300000190734863,2194600,0.0,0.0
2024-09-18 00:00:00-04:00,2.7200000286102295,2.924999952316284,2.7100000381469727,2.75,1886800,0.0,0.0
2024-09-19 00:00:00-04:00,2.809999942779541,2.8550000190734863,2.7249999046325684,2.740000009536743,1473600,0.0,0.0
2024-09-20 00:00:00-04:00,2.7300000190734863,2.7300000190734863,2.5,2.5899999141693115,3247700,0.0,0.0
2024-09-23 00:00:00-04:00,2.619999885559082,2.625,2.4800000190734863,2.4800000190734863,1591100,0.0,0.0
2024-09-24 00:00:00-04:00,2.4800000190734863,2.559999942779541,2.4600000381469727,2.5199999809265137,1680600,0.0,0.0
2024-09-25 00:00:00-04:00,2.509999990463257,2.5350000858306885,2.430000066757202,2.440000057220459,1446300,0.0,0.0
2024-09-26 00:00:00-04:00,2.4600000381469727,2.559999942779541,2.4600000381469727,2.559999942779541,1243700,0.0,0.0
2024-09-27 00:00:00-04:00,2.5999999046325684,2.6389999389648438,2.559999942779541,2.609999895095825,1559700,0.0,0.0
2024-09-30 00:00:00-04:00,2.5899999141693115,2.694999933242798,2.5850000381469727,2.5999999046325684,1380200,0.0,0.0
2024-10-01 00:00:00-04:00,2.5799999237060547,2.630000114440918,2.5299999713897705,2.569999933242798,2288600,0.0,0.0
2024-10-02 00:00:00-04:00,2.549999952316284,2.5799999237060547,2.450000047683716,2.4800000190734863,1631200,0.0,0.0
2024-10-03 00:00:00-04:00,2.4800000190734863,2.5,2.440999984741211,2.4800000190734863,1235200,0.0,0.0
2024-10-04 00:00:00-04:00,2.509999990463257,2.549999952316284,2.444999933242798,2.5,1078700,0.0,0.0
2024-10-07 00:00:00-04:00,2.490000009536743,2.634999990463257,2.490000009536743,2.630000114440918,1676700,0.0,0.0
2024-10-08 00:00:00-04:00,2.609999895095825,2.61899995803833,2.5299999713897705,2.569999933242798,1303800,0.0,0.0
2024-10-09 00:00:00-04:00,2.559999942779541,2.6089999675750732,2.4709999561309814,2.490000009536743,1111200,0.0,0.0
2024-10-10 00:00:00-04:00,2.490000009536743,2.5290000438690186,2.4100000858306885,2.5,1651100,0.0,0.0
2024-10-11 00:00:00-04:00,2.5,2.619999885559082,2.5,2.5899999141693115,1732200,0.0,0.0
2024-10-14 00:00:00-04:00,2.5999999046325684,2.5999999046325684,2.430000066757202,2.5199999809265137,2044000,0.0,0.0
2024-10-15 00:00:00-04:00,2.5299999713897705,2.609999895095825,2.509999990463257,2.559999942779541,1826000,0.0,0.0
2024-10-16 00:00:00-04:00,2.559999942779541,2.619999885559082,2.5399999618530273,2.619999885559082,1159100,0.0,0.0
2024-10-17 00:00:00-04:00,2.619999885559082,2.690000057220459,2.5899999141693115,2.680000066757202,2333300,0.0,0.0
2024-10-18 00:00:00-04:00,2.690000057220459,2.8889999389648438,2.690000057220459,2.869999885559082,3156800,0.0,0.0
2024-10-21 00:00:00-04:00,2.9000000953674316,2.9200000762939453,2.7100000381469727,2.7699999809265137,2065600,0.0,0.0
2024-10-22 00:00:00-04:00,2.7799999713897705,2.8399999141693115,2.74399995803833,2.8399999141693115,1213300,0.0,0.0
2024-10-23 00:00:00-04:00,2.809999942779541,2.8289999961853027,2.7249999046325684,2.7799999713897705,1115000,0.0,0.0
2024-10-24 00:00:00-04:00,2.799999952316284,2.8399999141693115,2.640000104904175,2.700000047683716,3254900,0.0,0.0
2024-10-25 00:00:00-04:00,2.700000047683716,2.859999895095825,2.700000047683716,2.7200000286102295,2301600,0.0,0.0
2024-10-28 00:00:00-04:00,2.75,2.9049999713897705,2.740000009536743,2.890000104904175,2850900,0.0,0.0
2024-10-29 00:00:00-04:00,2.859999895095825,2.890000104904175,2.7699999809265137,2.8299999237060547,1154000,0.0,0.0
2024-10-30 00:00:00-04:00,2.8299999237060547,2.890000104904175,2.7799999713897705,2.7799999713897705,1230500,0.0,0.0
2024-10-31 00:00:00-04:00,2.759999990463257,2.7799999713897705,2.700000047683716,2.7300000190734863,955200,0.0,0.0
2024-11-01 00:00:00-04:00,2.740000009536743,2.799999952316284,2.7149999141693115,2.7300000190734863,1245000,0.0,0.0
2024-11-04 00:00:00-05:00,2.755000114440918,2.9000000953674316,2.7200000286102295,2.890000104904175,3645400,0.0,0.0
2024-11-05 00:00:00-05:00,2.5,2.7899999618530273,2.5,2.7200000286102295,3836600,0.0,0.0
2024-11-06 00:00:00-05:00,2.740000009536743,2.805000066757202,2.640000104904175,2.759999990463257,1684500,0.0,0.0
2024-11-07 00:00:00-05:00,2.799999952316284,2.8399999141693115,2.630000114440918,2.7200000286102295,2348400,0.0,0.0
2024-11-08 00:00:00-05:00,2.7100000381469727,2.744999885559082,2.619999885559082,2.700000047683716,2167500,0.0,0.0
2024-11-11 00:00:00-05:00,2.7200000286102295,3.180000066757202,2.7200000286102295,3.1500000953674316,7642900,0.0,0.0
2024-11-12 00:00:00-05:00,3.0899999141693115,3.0899999141693115,2.930000066757202,2.9600000381469727,3999700,0.0,0.0
2024-11-13 00:00:00-05:00,3.0,3.0899999141693115,2.9000000953674316,2.9200000762939453,2667300,0.0,0.0
2024-11-14 00:00:00-05:00,2.9600000381469727,2.9700000286102295,2.759999990463257,2.759999990463257,2755500,0.0,0.0
2024-11-15 00:00:00-05:00,2.75,2.759999990463257,2.569999933242798,2.6500000953674316,3269200,0.0,0.0
2024-11-18 00:00:00-05:00,2.6600000858306885,2.7100000381469727,2.5899999141693115,2.6500000953674316,2500200,0.0,0.0
2024-11-19 00:00:00-05:00,2.630000114440918,2.7200000286102295,2.609999895095825,2.7100000381469727,1818600,0.0,0.0
2024-11-20 00:00:00-05:00,2.690000057220459,2.7200000286102295,2.619999885559082,2.6700000762939453,1719700,0.0,0.0
2024-11-21 00:00:00-05:00,2.6600000858306885,2.7699999809265137,2.609999895095825,2.7200000286102295,1428400,0.0,0.0
2024-11-22 00:00:00-05:00,2.740000009536743,2.8299999237060547,2.7100000381469727,2.759999990463257,1806900,0.0,0.0
2024-11-25 00:00:00-05:00,2.799999952316284,3.0199999809265137,2.799999952316284,2.950000047683716,2518200,0.0,0.0
2024-11-26 00:00:00-05:00,2.9000000953674316,2.934999942779541,2.799999952316284,2.8299999237060547,1757700,0.0,0.0
2024-11-27 00:00:00-05:00,2.880000114440918,3.066999912261963,2.869999885559082,3.0,4282500,0.0,0.0
2024-11-29 00:00:00-05:00,3.009999990463257,3.049999952316284,2.950000047683716,3.009999990463257,2442000,0.0,0.0
2024-12-02 00:00:00-05:00,3.009999990463257,3.0899999141693115,2.930000066757202,3.0299999713897705,2849700,0.0,0.0
2024-12-03 00:00:00-05:00,3.0250000953674316,3.0450000762939453,2.890000104904175,2.9100000858306885,1896000,0.0,0.0
2024-12-04 00:00:00-05:00,2.930000066757202,2.9600000381469727,2.859999895095825,2.9000000953674316,1677100,0.0,0.0
2024-12-05 00:00:00-05:00,2.8499999046325684,2.9110000133514404,2.7799999713897705,2.8499999046325684,2484200,0.0,0.0
2024-12-06 00:00:00-05:00,2.9000000953674316,3.0450000762939453,2.8499999046325684,3.0,2372900,0.0,0.0
2024-12-09 00:00:00-05:00,3.0299999713897705,3.0850000381469727,2.950000047683716,2.950000047683716,2723800,0.0,0.0
2024-12-10 00:00:00-05:00,2.9800000190734863,3.059999942779541,2.9010000228881836,3.0199999809265137,2307900,0.0,0.0
2024-12-11 00:00:00-05:00,3.049999952316284,3.049999952316284,2.859999895095825,2.9100000858306885,2215800,0.0,0.0
2024-12-12 00:00:00-05:00,2.880000114440918,2.9600000381469727,2.7899999618530273,2.950000047683716,3719200,0.0,0.0
2024-12-13 00:00:00-05:00,3.0299999713897705,3.049999952316284,2.759999990463257,2.809999942779541,3228700,0.0,0.0
2024-12-16 00:00:00-05:00,2.8299999237060547,3.0,2.7899999618530273,2.859999895095825,2927100,0.0,0.0
2024-12-17 00:00:00-05:00,2.9000000953674316,2.930000066757202,2.7699999809265137,2.7899999618530273,2140100,0.0,0.0
2024-12-18 00:00:00-05:00,2.8350000381469727,2.8399999141693115,2.6600000858306885,2.690000057220459,4488900,0.0,0.0
2024-12-19 00:00:00-05:00,2.7100000381469727,2.75,2.619999885559082,2.7100000381469727,2359400,0.0,0.0
2024-12-20 00:00:00-05:00,2.700000047683716,2.880000114440918,2.681999921798706,2.8499999046325684,2082900,0.0,0.0
2024-12-23 00:00:00-05:00,2.819999933242798,2.950000047683716,2.815000057220459,2.9200000762939453,2085500,0.0,0.0
2024-12-24 00:00:00-05:00,2.930000066757202,2.9600000381469727,2.8499999046325684,2.950000047683716,1649100,0.0,0.0
2024-12-26 00:00:00-05:00,2.9000000953674316,3.069999933242798,2.890000104904175,3.0299999713897705,2986200,0.0,0.0
2024-12-27 00:00:00-05:00,3.009999990463257,3.059999942779541,2.869999885559082,2.990000009536743,3384100,0.0,0.0
2024-12-30 00:00:00-05:00,2.950000047683716,2.9600000381469727,2.7899999618530273,2.819999933242798,3283400,0.0,0.0
2024-12-31 00:00:00-05:00,2.809999942779541,2.944999933242798,2.809999942779541,2.930000066757202,1862600,0.0,0.0
2025-01-02 00:00:00-05:00,2.9600000381469727,3.1500000953674316,2.930000066757202,3.0299999713897705,2638100,0.0,0.0
2025-01-03 00:00:00-05:00,3.049999952316284,3.1700000762939453,3.0250000953674316,3.130000114440918,2582100,0.0,0.0
2025-01-06 00:00:00-05:00,3.200000047683716,3.430000066757202,3.140000104904175,3.309999942779541,4585200,0.0,0.0
2025-01-07 00:00:00-05:00,3.4100000858306885,3.4649999141693115,3.259999990463257,3.2799999713897705,4019500,0.0,0.0
2025-01-08 00:00:00-05:00,3.259999990463257,3.2699999809265137,2.9600000381469727,3.0299999713897705,3607900,0.0,0.0
2025-01-10 00:00:00-05:00,2.9800000190734863,2.990000009536743,2.869999885559082,2.9200000762939453,3363200,0.0,0.0
2025-01-13 00:00:00-05:00,2.9800000190734863,3.009999990463257,2.809999942779541,3.0,4142700,0.0,0.0
2025-01-14 00:00:00-05:00,3.0399999618530273,3.065000057220459,2.755000114440918,2.7699999809265137,5688500,0.0,0.0
2025-01-15 00:00:00-05:00,2.8499999046325684,3.0899999141693115,2.8450000286102295,2.9600000381469727,4444800,0.0,0.0
2025-01-16 00:00:00-05:00,2.9700000286102295,2.996999979019165,2.809999942779541,2.940000057220459,2994300,0.0,0.0
2025-01-17 00:00:00-05:00,2.950000047683716,2.999000072479248,2.9200000762939453,2.9700000286102295,1566300,0.0,0.0
2025-01-21 00:00:00-05:00,3.0,3.140000104904175,2.9600000381469727,3.059999942779541,3697100,0.0,0.0
2025-01-22 00:00:00-05:00,3.0999999046325684,3.680000066757202,3.059999942779541,3.5299999713897705,11032600,0.0,0.0
2025-01-23 00:00:00-05:00,3.490000009536743,3.559999942779541,3.3399999141693115,3.5199999809265137,3918300,0.0,0.0
2025-01-24 00:00:00-05:00,3.559999942779541,3.609999895095825,3.440000057220459,3.4800000190734863,4489700,0.0,0.0
2025-01-27 00:00:00-05:00,3.380000114440918,3.4600000381469727,3.265000104904175,3.359999895095825,4050600,0.0,0.0
2025-01-28 00:00:00-05:00,3.3499999046325684,3.375999927520752,3.1649999618530273,3.299999952316284,3033400,0.0,0.0
2025-01-29 00:00:00-05:00,3.3299999237060547,3.359999895095825,3.1500000953674316,3.200000047683716,4077100,0.0,0.0
2025-01-30 00:00:00-05:00,3.25,3.309999942779541,3.190000057220459,3.2300000190734863,2193500,0.0,0.0
2025-01-31 00:00:00-05:00,3.259999990463257,3.319999933242798,3.125,3.1700000762939453,3080200,0.0,0.0
2025-02-03 00:00:00-05:00,3.009999990463257,3.109999895095825,2.9549999237060547,3.0799999237060547,4505700,0.0,0.0
2025-02-04 00:00:00-05:00,3.0799999237060547,3.240000009536743,3.065000057220459,3.2100000381469727,2273600,0.0,0.0
2025-02-05 00:00:00-05:00,3.2300000190734863,3.4000000953674316,3.180000066757202,3.380000114440918,4380000,0.0,0.0
2025-02-06 00:00:00-05:00,3.4100000858306885,3.4200000762939453,3.259999990463257,3.2899999618530273,2574800,0.0,0.0
2025-02-07 00:00:00-05:00,3.2699999809265137,3.315000057220459,3.049999952316284,3.0999999046325684,3504000,0.0,0.0
2025-02-10 00:00:00-05:00,3.109999895095825,3.119999885559082,2.9700000286102295,3.0199999809265137,3326500,0.0,0.0
2025-02-11 00:00:00-05:00,3.0179998874664307,3.0199999809265137,2.9000000953674316,2.950000047683716,3162700,0.0,0.0
2025-02-12 00:00:00-05:00,2.9000000953674316,3.109999895095825,2.880000114440918,3.0999999046325684,3017100,0.0,0.0
2025-02-13 00:00:00-05:00,3.119999885559082,3.1500000953674316,3.0199999809265137,3.140000104904175,4238000,0.0,0.0
2025-02-14 00:00:00-05:00,3.1700000762939453,3.2799999713897705,3.119999885559082,3.2699999809265137,5965400,0.0,0.0
2025-02-18 00:00:00-05:00,3.4200000762939453,3.5999999046325684,3.390000104904175,3.430000066757202,8005600,0.0,0.0
2025-02-19 00:00:00-05:00,3.4000000953674316,3.549999952316284,3.2899999618530273,3.4700000286102295,5554800,0.0,0.0
2025-02-20 00:00:00-05:00,3.490000009536743,3.5,3.119999885559082,3.140000104904175,3443200,0.0,0.0
2025-02-21 00:00:00-05:00,3.2300000190734863,3.2300000190734863,3.0299999713897705,3.0299999713897705,2369300,0.0,0.0
2025-02-24 00:00:00-05:00,3.0299999713897705,3.0399999618530273,2.890000104904175,2.990000009536743,5624800,0.0,0.0
2025-02-25 00:00:00-05:00,3.0199999809265137,3.0199999809265137,2.75,2.819999933242798,5553700,0.0,0.0
2025-02-26 00:00:00-05:00,2.8550000190734863,2.994999885559082,2.8399999141693115,2.9200000762939453,3155200,0.0,0.0
2025-02-27 00:00:00-05:00,2.9600000381469727,3.005000114440918,2.869999885559082,2.9200000762939453,5424500,0.0,0.0
2025-02-28 00:00:00-05:00,2.7200000286102295,2.7200000286102295,2.309999942779541,2.5850000381469727,9925600,0.0,0.0
2025-03-03 00:00:00-05:00,2.609999895095825,2.609999895095825,2.319999933242798,2.359999895095825,3730300,0.0,0.0
2025-03-04 00:00:00-05:00,2.3399999141693115,2.390000104904175,2.200000047683716,2.3399999141693115,5050000,0.0,0.0
2025-03-05 00:00:00-05:00,2.369999885559082,2.4100000858306885,2.26200008392334,2.390000104904175,4389300,0.0,0.0
2025-03-06 00:00:00-05:00,2.319999933242798,2.4100000858306885,2.2699999809265137,2.380000114440918,4597300,0.0,0.0
2025-03-07 00:00:00-05:00,2.380000114440918,2.4100000858306885,2.25,2.3299999237060547,4304900,0.0,0.0
2025-03-10 00:00:00-04:00,2.3299999237060547,2.3299999237060547,2.1700000762939453,2.200000047683716,5628700,0.0,0.0
2025-03-11 00:00:00-04:00,2.2200000286102295,2.240000009536743,2.109999895095825,2.2300000190734863,6103300,0.0,0.0
2025-03-12 00:00:00-04:00,2.299999952316284,2.359999895095825,2.259999990463257,2.3499999046325684,2713500,0.0,0.0
2025-03-13 00:00:00-04:00,2.3399999141693115,2.4100000858306885,2.309999942779541,2.4000000953674316,3165900,0.0,0.0
2025-03-14 00:00:00-04:00,2.450000047683716,2.5950000286102295,2.450000047683716,2.5199999809265137,4449300,0.0,0.0
2025-03-17 00:00:00-04:00,2.5,2.549999952316284,2.4000000953674316,2.5399999618530273,4108100,0.0,0.0
2025-03-18 00:00:00-04:00,2.5199999809265137,2.5199999809265137,2.3399999141693115,2.3499999046325684,3366200,0.0,0.0
2025-03-19 00:00:00-04:00,2.3299999237060547,2.430000066757202,2.319999933242798,2.390000104904175,3671400,0.0,0.0
2025-03-20 00:00:00-04:00,2.380000114440918,2.430000066757202,2.3299999237060547,2.380000114440918,3311600,0.0,0.0
2025-03-21 00:00:00-04:00,2.369999885559082,2.4700000286102295,2.319999933242798,2.440000057220459,3752300,0.0,0.0
2025-03-24 00:00:00-04:00,2.4800000190734863,2.5999999046325684,2.450000047683716,2.5899999141693115,2747900,0.0,0.0
2025-03-25 00:00:00-04:00,2.5999999046325684,2.5999999046325684,2.450000047683716,2.5299999713897705,4134100,0.0,0.0
2025-03-26 00:00:00-04:00,2.5299999713897705,2.5299999713897705,2.4000000953674316,2.4200000762939453,2968100,0.0,0.0
2025-03-27 00:00:00-04:00,2.4200000762939453,2.4200000762939453,2.2899999618530273,2.359999895095825,2770500,0.0,0.0
2025-03-28 00:00:00-04:00,2.3499999046325684,2.359999895095825,2.2799999713897705,2.309999942779541,2460700,0.0,0.0
2025-03-31 00:00:00-04:00,2.2200000286102295,2.259999990463257,2.1700000762939453,2.2300000190734863,3412900,0.0,0.0
2025-04-01 00:00:00-04:00,2.2300000190734863,2.2300000190734863,2.059999942779541,2.0899999141693115,4288500,0.0,0.0
2025-04-02 00:00:00-04:00,2.0799999237060547,2.240000009536743,2.0199999809265137,2.2200000286102295,4069600,0.0,0.0
2025-04-03 00:00:00-04:00,2.109999895095825,2.1500000953674316,2.069999933242798,2.0899999141693115,3142200,0.0,0.0
2025-04-04 00:00:00-04:00,2.0199999809265137,2.0999999046325684,1.9299999475479126,2.0899999141693115,4832400,0.0,0.0
2025-04-07 00:00:00-04:00,1.9600000381469727,2.125,1.8910000324249268,2.049999952316284,6313800,0.0,0.0
2025-04-08 00:00:00-04:00,2.130000114440918,2.140000104904175,1.899999976158142,1.9299999475479126,4052600,0.0,0.0
2025-04-09 00:00:00-04:00,1.9199999570846558,2.2300000190734863,1.9049999713897705,2.1700000762939453,5379700,0.0,0.0
2025-04-10 00:00:00-04:00,2.0999999046325684,2.119999885559082,1.9700000286102295,2.069999933242798,4878600,0.0,0.0
2025-04-11 00:00:00-04:00,2.140000104904175,2.4100000858306885,2.069999933242798,2.4000000953674316,5362400,0.0,0.0
2025-04-14 00:00:00-04:00,2.450000047683716,2.5,2.3499999046325684,2.440000057220459,4151600,0.0,0.0
2025-04-15 00:00:00-04:00,2.4200000762939453,2.5,2.3399999141693115,2.430000066757202,5771500,0.0,0.0
2025-04-16 00:00:00-04:00,2.450000047683716,2.5299999713897705,2.3350000381469727,2.390000104904175,4423200,0.0,0.0
2025-04-17 00:00:00-04:00,2.369999885559082,2.440000057220459,2.3299999237060547,2.4200000762939453,2977200,0.0,0.0
2025-04-21 00:00:00-04:00,2.309999942779541,2.490000009536743,2.309999942779541,2.450000047683716,4389200,0.0,0.0
2025-04-22 00:00:00-04:00,2.4600000381469727,2.5299999713897705,2.4600000381469727,2.5199999809265137,3327500,0.0,0.0
2025-04-23 00:00:00-04:00,2.5899999141693115,2.680000066757202,2.509999990463257,2.5299999713897705,4427800,0.0,0.0
2025-04-24 00:00:00-04:00,2.5399999618530273,2.5999999046325684,2.5199999809265137,2.5999999046325684,3785000,0.0,0.0
2025-04-25 00:00:00-04:00,2.559999942779541,2.640000104904175,2.5399999618530273,2.569999933242798,2977200,0.0,0.0
2025-04-28 00:00:00-04:00,2.569999933242798,2.634999990463257,2.4700000286102295,2.5899999141693115,4346400,0.0,0.0
2025-04-29 00:00:00-04:00,2.5899999141693115,2.630000114440918,2.5399999618530273,2.549999952316284,3401100,0.0,0.0
2025-04-30 00:00:00-04:00,2.490000009536743,2.640000104904175,2.450000047683716,2.609999895095825,2687200,0.0,0.0
2025-05-01 00:00:00-04:00,2.5999999046325684,2.625,2.4800000190734863,2.490000009536743,3454300,0.0,0.0
2025-05-02 00:00:00-04:00,2.5199999809265137,2.549999952316284,2.4000000953674316,2.4100000858306885,3285700,0.0,0.0
2025-05-05 00:00:00-04:00,2.4000000953674316,2.4000000953674316,2.180000066757202,2.190000057220459,4152600,0.0,0.0
2025-05-06 00:00:00-04:00,2.180000066757202,2.188999891281128,1.9900000095367432,2.0299999713897705,5108100,0.0,0.0
2025-05-07 00:00:00-04:00,2.049999952316284,2.069999933242798,1.9900000095367432,2.009999990463257,3234800,0.0,0.0
2025-05-08 00:00:00-04:00,2.049999952316284,2.059999942779541,1.9800000190734863,2.009999990463257,6026800,0.0,0.0
2025-05-09 00:00:00-04:00,2.059999942779541,2.180000066757202,1.9900000095367432,2.0299999713897705,3991300,0.0,0.0
2025-05-12 00:00:00-04:00,2.119999885559082,2.1489999294281006,2.0399999618530273,2.059999942779541,4396700,0.0,0.0
2025-05-13 00:00:00-04:00,2.069999933242798,2.119999885559082,1.9500000476837158,2.0999999046325684,17015900,0.0,0.0
2025-05-14 00:00:00-04:00,2.0999999046325684,2.2100000381469727,2.005000114440918,2.049999952316284,6614500,0.0,0.0
2025-05-15 00:00:00-04:00,2.0399999618530273,2.059999942779541,1.9600000381469727,2.0199999809265137,3065200,0.0,0.0
2025-05-16 00:00:00-04:00,2.0299999713897705,2.059999942779541,2.0,2.0299999713897705,3386900,0.0,0.0
2025-05-19 00:00:00-04:00,2.0,2.0399999618530273,1.9800000190734863,2.0199999809265137,2308800,0.0,0.0
2025-05-20 00:00:00-04:00,2.0299999713897705,2.140000104904175,1.9900000095367432,2.0899999141693115,3934600,0.0,0.0
2025-05-21 00:00:00-04:00,2.069999933242798,2.0899999141693115,1.9700000286102295,1.9900000095367432,2344300,0.0,0.0
2025-05-22 00:00:00-04:00,1.9800000190734863,2.0199999809265137,1.940000057220459,2.0,2431500,0.0,0.0
2025-05-23 00:00:00-04:00,1.9500000476837158,1.9900000095367432,1.940000057220459,1.9700000286102295,1725000,0.0,0.0
2025-05-27 00:00:00-04:00,2.0299999713897705,2.059999942779541,1.9700000286102295,1.9800000190734863,2117500,0.0,0.0
2025-05-28 00:00:00-04:00,2.0,2.069999933242798,1.965000033378601,2.0399999618530273,2494400,0.0,0.0
2025-05-29 00:00:00-04:00,2.059999942779541,2.0799999237060547,2.0,2.0399999618530273,1633600,0.0,0.0
2025-05-30 00:00:00-04:00,2.0399999618530273,2.0399999618530273,1.9800000190734863,2.0199999809265137,2103800,0.0,0.0
2025-06-02 00:00:00-04:00,2.0199999809265137,2.1549999713897705,2.0199999809265137,2.140000104904175,4035200,0.0,0.0
2025-06-03 00:00:00-04:00,2.119999885559082,2.3399999141693115,2.0899999141693115,2.309999942779541,5006300,0.0,0.0
2025-06-04 00:00:00-04:00,2.299999952316284,2.440000057220459,2.2699999809265137,2.4200000762939453,4070600,0.0,0.0
2025-06-05 00:00:00-04:00,2.430000066757202,2.440000057220459,2.3299999237060547,2.369999885559082,4113800,0.0,0.0
2025-06-06 00:00:00-04:00,2.4100000858306885,2.490000009536743,2.380000114440918,2.440000057220459,3804500,0.0,0.0
2025-06-09 00:00:00-04:00,2.490000009536743,2.5299999713897705,2.450000047683716,2.509999990463257,4555300,0.0,0.0
2025-06-10 00:00:00-04:00,2.549999952316284,3.0399999618530273,2.5250000953674316,3.0199999809265137,18779000,0.0,0.0
2025-06-11 00:00:00-04:00,3.5,3.569999933242798,3.140000104904175,3.2300000190734863,20132000,0.0,0.0
2025-06-12 00:00:00-04:00,3.200000047683716,3.309999942779541,3.0799999237060547,3.1500000953674316,8049400,0.0,0.0
2025-06-13 00:00:00-04:00,3.0,3.2300000190734863,2.9800000190734863,3.200000047683716,7090700,0.0,0.0
2025-06-16 00:00:00-04:00,3.299999952316284,3.3550000190734863,3.049999952316284,3.1600000858306885,7296500,0.0,0.0
2025-06-17 00:00:00-04:00,3.1600000858306885,3.3550000190734863,3.109999895095825,3.119999885559082,7394200,0.0,0.0
2025-06-18 00:00:00-04:00,3.1500000953674316,3.5,3.0999999046325684,3.4700000286102295,8696100,0.0,0.0
2025-06-20 00:00:00-04:00,3.5,3.5450000762939453,3.240000009536743,3.4100000858306885,8763700,0.0,0.0
2025-06-23 00:00:00-04:00,3.3499999046325684,3.440000057220459,3.2200000286102295,3.3299999237060547,5319800,0.0,0.0
2025-06-24 00:00:00-04:00,3.3499999046325684,3.7699999809265137,3.3499999046325684,3.680000066757202,8123000,0.0,0.0
2025-06-25 00:00:00-04:00,3.9800000190734863,4.085000038146973,3.5999999046325684,3.799999952316284,9939100,0.0,0.0
2025-06-26 00:00:00-04:00,3.799999952316284,3.869999885559082,3.700000047683716,3.740000009536743,4796300,0.0,0.0
2025-06-27 00:00:00-04:00,3.759999990463257,3.7899999618530273,3.5199999809265137,3.609999895095825,6205000,0.0,0.0
2025-06-30 00:00:00-04:00,3.6700000762939453,3.755000114440918,3.4149999618530273,3.430000066757202,8490400,0.0,0.0
2025-07-01 00:00:00-04:00,3.380000114440918,3.5199999809265137,3.2799999713897705,3.490000009536743,7516300,0.0,0.0
2025-07-02 00:00:00-04:00,3.4600000381469727,3.7699999809265137,3.369999885559082,3.75,8663600,0.0,0.0
2025-07-03 00:00:00-04:00,3.7699999809265137,3.809999942779541,3.6600000858306885,3.799999952316284,1951500,0.0,0.0
2025-07-07 00:00:00-04:00,3.8299999237060547,4.114999771118164,3.7100000381469727,4.03000020980835,7354100,0.0,0.0
2025-07-08 00:00:00-04:00,4.050000190734863,4.059999942779541,3.8299999237060547,3.890000104904175,5209000,0.0,0.0
2025-07-09 00:00:00-04:00,3.9700000286102295,4.285999774932861,3.9000000953674316,4.21999979019165,6999900,0.0,0.0
2025-07-10 00:00:00-04:00,4.300000190734863,4.329999923706055,4.139999866485596,4.25,4255100,0.0,0.0
2025-07-11 00:00:00-04:00,4.260000228881836,4.269999980926514,3.994999885559082,4.010000228881836,5621100,0.0,0.0
2025-07-14 00:00:00-04:00,4.010000228881836,4.400000095367432,3.9649999141693115,4.239999771118164,8068700,0.0,0.0
2025-07-15 00:00:00-04:00,4.40500020980835,4.460000038146973,3.8919999599456787,3.940000057220459,6802600,0.0,0.0
2025-07-16 00:00:00-04:00,3.984999895095825,4.099999904632568,3.9100000858306885,4.059999942779541,7144900,0.0,0.0
2025-07-17 00:00:00-04:00,4.130000114440918,4.130000114440918,3.869999885559082,3.9000000953674316,5800900,0.0,0.0
2025-07-18 00:00:00-04:00,3.944999933242798,4.699999809265137,3.940000057220459,4.480000019073486,11595400,0.0,0.0
2025-07-21 00:00:00-04:00,4.869999885559082,5.820000171661377,4.802000045776367,5.150000095367432,18401400,0.0,0.0
2025-07-22 00:00:00-04:00,5.230000019073486,5.230000019073486,4.890999794006348,4.920000076293945,7345200,0.0,0.0
2025-07-23 00:00:00-04:00,5.03000020980835,5.099999904632568,4.889999866485596,4.989999771118164,4674800,0.0,0.0
2025-07-24 00:00:00-04:00,4.989999771118164,5.360000133514404,4.958000183105469,5.019999980926514,5734400,0.0,0.0
2025-07-25 00:00:00-04:00,5.010000228881836,5.150000095367432,4.670000076293945,5.110000133514404,5190700,0.0,0.0
2025-07-28 00:00:00-04:00,5.150000095367432,5.186999797821045,4.890999794006348,4.920000076293945,4144700,0.0,0.0
2025-07-29 00:00:00-04:00,4.920000076293945,4.945000171661377,4.635000228881836,4.690000057220459,6224100,0.0,0.0
2025-07-30 00:00:00-04:00,4.670000076293945,4.820000171661377,4.550000190734863,4.570000171661377,3826700,0.0,0.0
2025-07-31 00:00:00-04:00,4.539999961853027,4.639999866485596,4.420000076293945,4.46999979019165,4718800,0.0,0.0
2025-08-01 00:00:00-04:00,4.230000019073486,4.445000171661377,4.184999942779541,4.239999771118164,6655700,0.0,0.0
2025-08-04 00:00:00-04:00,4.275000095367432,4.380000114440918,4.130000114440918,4.340000152587891,3616700,0.0,0.0
2025-08-05 00:00:00-04:00,4.360000133514404,4.4070000648498535,4.239999771118164,4.360000133514404,2780300,0.0,0.0
2025-08-06 00:00:00-04:00,4.340000152587891,4.340000152587891,4.090000152587891,4.119999885559082,4531700,0.0,0.0
2025-08-07 00:00:00-04:00,4.125,4.260000228881836,4.03000020980835,4.239999771118164,8570900,0.0,0.0
2025-08-08 00:00:00-04:00,4.820000171661377,5.010000228881836,3.930000066757202,4.25,13286600,0.0,0.0
2025-08-11 00:00:00-04:00,4.340000152587891,4.630000114440918,4.235000133514404,4.5,7741900,0.0,0.0
2025-08-12 00:00:00-04:00,4.489999771118164,4.548999786376953,4.260000228881836,4.269999980926514,5032200,0.0,0.0
2025-08-13 00:00:00-04:00,4.289999961853027,4.769999980926514,4.269999980926514,4.579999923706055,5648700,0.0,0.0
2025-08-14 00:00:00-04:00,4.420000076293945,4.75,4.360000133514404,4.5,6437700,0.0,0.0
2025-08-15 00:00:00-04:00,4.5,4.670000076293945,4.460999965667725,4.590000152587891,4430000,0.0,0.0
2025-08-18 00:00:00-04:00,4.699999809265137,4.809999942779541,4.480000019073486,4.670000076293945,3713400,0.0,0.0
2025-08-19 00:00:00-04:00,4.710000038146973,4.710000038146973,4.25,4.289999961853027,5208600,0.0,0.0
2025-08-20 00:00:00-04:00,4.199999809265137,4.239999771118164,4.010000228881836,4.170000076293945,5936600,0.0,0.0
2025-08-21 00:00:00-04:00,4.130000114440918,4.400000095367432,4.130000114440918,4.300000190734863,4111900,0.0,0.0
2025-08-22 00:00:00-04:00,4.28000020980835,4.53000020980835,4.21999979019165,4.389999866485596,4135800,0.0,0.0
2025-08-25 00:00:00-04:00,4.360000133514404,4.400000095367432,4.199999809265137,4.230000019073486,2603900,0.0,0.0
2025-08-26 00:00:00-04:00,4.239999771118164,4.550000190734863,4.239999771118164,4.369999885559082,3281000,0.0,0.0
2025-08-27 00:00:00-04:00,4.389999866485596,4.514999866485596,4.320000171661377,4.349999904632568,2172000,0.0,0.0
2025-08-28 00:00:00-04:00,4.429999828338623,4.449999809265137,4.284999847412109,4.300000190734863,2468800,0.0,0.0
2025-08-29 00:00:00-04:00,4.300000190734863,4.400000095367432,4.144999980926514,4.179999828338623,3622000,0.0,0.0
2025-09-02 00:00:00-04:00,4.110000133514404,4.300000190734863,4.03000020980835,4.050000190734863,3632400,0.0,0.0
2025-09-03 00:00:00-04:00,4.090000152587891,4.230000019073486,3.9600000381469727,3.990000009536743,4244700,0.0,0.0
2025-09-04 00:00:00-04:00,3.984999895095825,4.175000190734863,3.8299999237060547,4.159999847412109,7205300,0.0,0.0
2025-09-05 00:00:00-04:00,4.239999771118164,4.28000020980835,4.090000152587891,4.21999979019165,4173500,0.0,0.0
2025-09-08 00:00:00-04:00,4.21999979019165,4.25,4.085000038146973,4.170000076293945,2824700,0.0,0.0
2025-09-09 00:00:00-04:00,4.179999828338623,4.239999771118164,4.090000152587891,4.239999771118164,3130900,0.0,0.0
2025-09-10 00:00:00-04:00,4.260000228881836,4.510000228881836,4.179999828338623,4.28000020980835,3602800,0.0,0.0
2025-09-11 00:00:00-04:00,4.320000171661377,4.690000057220459,4.28000020980835,4.610000133514404,4576100,0.0,0.0
2025-09-12 00:00:00-04:00,4.610000133514404,4.699999809265137,4.449999809265137,4.46999979019165,3027100,0.0,0.0
2025-09-15 00:00:00-04:00,4.505000114440918,4.578000068664551,4.320000171661377,4.349999904632568,3133900,0.0,0.0
2025-09-16 00:00:00-04:00,4.360000133514404,4.849999904632568,4.349999904632568,4.769999980926514,5206700,0.0,0.0
2025-09-17 00:00:00-04:00,4.775000095367432,4.800000190734863,4.489999771118164,4.570000171661377,4753400,0.0,0.0
2025-09-18 00:00:00-04:00,4.599999904632568,4.789999961853027,4.599999904632568,4.71999979019165,3764800,0.0,0.0
2025-09-19 00:00:00-04:00,4.679999828338623,4.75,4.489999771118164,4.510000228881836,5965300,0.0,0.0
2025-09-22 00:00:00-04:00,4.510000228881836,4.949999809265137,4.46999979019165,4.829999923706055,5749500,0.0,0.0
2025-09-23 00:00:00-04:00,5.03000020980835,5.039999961853027,4.840000152587891,4.900000095367432,10178000,0.0,0.0
2025-09-24 00:00:00-04:00,4.949999809265137,5.105000019073486,4.699999809265137,4.769999980926514,6587100,0.0,0.0
2025-09-25 00:00:00-04:00,4.599999904632568,4.71999979019165,4.505000114440918,4.650000095367432,3448100,0.0,0.0
2025-09-26 00:00:00-04:00,4.650000095367432,4.75,4.510000228881836,4.739999771118164,3832400,0.0,0.0
2025-09-29 00:00:00-04:00,4.795000076293945,4.869999885559082,4.590000152587891,4.869999885559082,3694800,0.0,0.0
2025-09-30 00:00:00-04:00,4.889999866485596,5.050000190734863,4.810999870300293,5.03000020980835,4540200,0.0,0.0
2025-10-01 00:00:00-04:00,5.070000171661377,5.96999979019165,5.070000171661377,5.960000038146973,13906900,0.0,0.0
2025-10-02 00:00:00-04:00,6.054999828338623,6.210000038146973,5.900000095367432,5.980000019073486,9793100,0.0,0.0
2025-10-03 00:00:00-04:00,6.25,6.409999847412109,5.864999771118164,5.900000095367432,9112300,0.0,0.0
2025-10-06 00:00:00-04:00,5.989999771118164,6.019999980926514,5.800000190734863,5.869999885559082,6628100,0.0,0.0
2025-10-07 00:00:00-04:00,5.880000114440918,5.880000114440918,5.570000171661377,5.769999980926514,5768400,0.0,0.0
2025-10-08 00:00:00-04:00,5.809999942779541,6.514999866485596,5.730000019073486,6.170000076293945,10225500,0.0,0.0
2025-10-09 00:00:00-04:00,6.199999809265137,6.199999809265137,5.809999942779541,5.909999847412109,5587600,0.0,0.0
2025-10-10 00:00:00-04:00,5.909999847412109,5.936999797821045,5.460000038146973,5.53000020980835,7469500,0.0,0.0
2025-10-13 00:00:00-04:00,5.644999980926514,5.760000228881836,5.581999778747559,5.670000076293945,4343200,0.0,0.0
2025-10-14 00:00:00-04:00,5.519999980926514,5.800000190734863,5.349999904632568,5.619999885559082,4691600,0.0,0.0
2025-10-15 00:00:00-04:00,5.670000076293945,6.228000164031982,5.630000114440918,6.099999904632568,6124900,0.0,0.0
2025-10-16 00:00:00-04:00,6.139999866485596,6.224999904632568,5.77400016784668,5.840000152587891,5603300,0.0,0.0
2025-10-17 00:00:00-04:00,5.71999979019165,5.789999961853027,5.409999847412109,5.590000152587891,4585000,0.0,0.0
2025-10-20 00:00:00-04:00,5.760000228881836,6.054999828338623,5.75,5.860000133514404,3962100,0.0,0.0
2025-10-21 00:00:00-04:00,5.800000190734863,5.853000164031982,5.559999942779541,5.579999923706055,4267300,0.0,0.0
2025-10-22 00:00:00-04:00,5.510000228881836,5.659999847412109,5.329999923706055,5.46999979019165,4648100,0.0,0.0
2025-10-23 00:00:00-04:00,5.485000133514404,5.75,5.449999809265137,5.710000038146973,3003500,0.0,0.0
2025-10-24 00:00:00-04:00,5.840000152587891,5.96999979019165,5.639999866485596,5.659999847412109,4739400,0.0,0.0
2025-10-27 00:00:00-04:00,5.699999809265137,5.800000190734863,5.559999942779541,5.769999980926514,3915900,0.0,0.0
2025-10-28 00:00:00-04:00,5.760000228881836,5.760000228881836,5.554999828338623,5.630000114440918,2761400,0.0,0.0
2025-10-29 00:00:00-04:00,5.630000114440918,5.789999961853027,5.489999771118164,5.619999885559082,3934300,0.0,0.0
2025-10-30 00:00:00-04:00,5.539999961853027,5.605000019073486,5.340000152587891,5.360000133514404,3883200,0.0,0.0
2025-10-31 00:00:00-04:00,5.360000133514404,5.675000190734863,5.357999801635742,5.550000190734863,3199300,0.0,0.0
2025-11-03 00:00:00-05:00,5.545000076293945,5.599999904632568,5.210000038146973,5.369999885559082,2905300,0.0,0.0
2025-11-04 00:00:00-05:00,5.15500020980835,5.244999885559082,4.860000133514404,4.869999885559082,4532300,0.0,0.0
2025-11-05 00:00:00-05:00,4.889999866485596,4.920000076293945,4.670000076293945,4.690000057220459,6001400,0.0,0.0
2025-11-06 00:00:00-05:00,4.710000038146973,4.710000038146973,4.369999885559082,4.53000020980835,6977700,0.0,0.0
2025-11-07 00:00:00-05:00,3.799999952316284,4.010000228881836,3.4200000762939453,3.9100000858306885,13529900,0.0,0.0
2025-11-10 00:00:00-05:00,4.170000076293945,4.190000057220459,3.799999952316284,4.03000020980835,7162600,0.0,0.0
2025-11-11 00:00:00-05:00,3.9700000286102295,4.019999980926514,3.7899999618530273,4.010000228881836,4540900,0.0,0.0
2025-11-12 00:00:00-05:00,4.019999980926514,4.090000152587891,3.940000057220459,3.9700000286102295,2872800,0.0,0.0
2025-11-13 00:00:00-05:00,3.8499999046325684,3.865000009536743,3.5799999237060547,3.619999885559082,7112600,0.0,0.0
2025-11-14 00:00:00-05:00,3.4800000190734863,3.759999990463257,3.4700000286102295,3.690000057220459,4265100,0.0,0.0
2025-11-17 00:00:00-05:00,3.6600000858306885,3.7200000286102295,3.5199999809265137,3.5999999046325684,4612200,0.0,0.0
2025-11-18 00:00:00-05:00,3.5399999618530273,3.700000047683716,3.4600000381469727,3.6600000858306885,3361700,0.0,0.0
2025-11-19 00:00:00-05:00,3.690000057220459,3.805000066757202,3.569999933242798,3.609999895095825,2814600,0.0,0.0
2025-11-20 00:00:00-05:00,3.7200000286102295,3.8299999237060547,3.390000104904175,3.4100000858306885,4105700,0.0,0.0
2025-11-21 00:00:00-05:00,3.4200000762939453,3.549999952316284,3.3299999237060547,3.509999990463257,3496700,0.0,0.0
2025-11-24 00:00:00-05:00,3.509999990463257,3.5999999046325684,3.4600000381469727,3.569999933242798,5875400,0.0,0.0
2025-11-25 00:00:00-05:00,3.569999933242798,3.680000066757202,3.490000009536743,3.619999885559082,3659400,0.0,0.0
2025-11-26 00:00:00-05:00,3.640000104904175,3.7799999713897705,3.5399999618530273,3.640000104904175,9295600,0.0,0.0
2025-11-28 00:00:00-05:00,3.7300000190734863,3.755000114440918,3.634999990463257,3.7300000190734863,4428000,0.0,0.0
2025-12-01 00:00:00-05:00,3.609999895095825,3.6500000953674316,3.4549999237060547,3.4700000286102295,3935500,0.0,0.0
2025-12-02 00:00:00-05:00,3.4700000286102295,3.5199999809265137,3.4200000762939453,3.4600000381469727,3270800,0.0,0.0
2025-12-03 00:00:00-05:00,3.4600000381469727,3.565000057220459,3.440000057220459,3.490000009536743,3362200,0.0,0.0
2025-12-04 00:00:00-05:00,3.4800000190734863,3.740000009536743,3.450000047683716,3.6500000953674316,3707400,0.0,0.0
2025-12-05 00:00:00-05:00,3.625,3.684999942779541,3.5299999713897705,3.559999942779541,2295900,0.0,0.0
2025-12-08 00:00:00-05:00,3.6600000858306885,3.7290000915527344,3.559999942779541,3.5899999141693115,2542200,0.0,0.0
2025-12-09 00:00:00-05:00,3.5799999237060547,3.7249999046325684,3.509999990463257,3.680000066757202,1930000,0.0,0.0
2025-12-10 00:00:00-05:00,3.680000066757202,3.8399999141693115,3.619999885559082,3.7699999809265137,3185700,0.0,0.0
2025-12-11 00:00:00-05:00,3.7200000286102295,3.7699999809265137,3.640000104904175,3.740000009536743,2548700,0.0,0.0
2025-12-12 00:00:00-05:00,3.7300000190734863,3.859999895095825,3.609999895095825,3.619999885559082,2649600,0.0,0.0
2025-12-15 00:00:00-05:00,3.619999885559082,3.6600000858306885,3.4800000190734863,3.509999990463257,3154600,0.0,0.0
2025-12-16 00:00:00-05:00,3.4749999046325684,3.569999933242798,3.4100000858306885,3.4600000381469727,2380800,0.0,0.0
2025-12-17 00:00:00-05:00,3.4600000381469727,3.6010000705718994,3.319999933242798,3.3499999046325684,3922200,0.0,0.0
2025-12-18 00:00:00-05:00,3.440000057220459,3.6500000953674316,3.430000066757202,3.5299999713897705,4574500,0.0,0.0
2025-12-19 00:00:00-05:00,3.5399999618530273,3.634999990463257,3.4800000190734863,3.5999999046325684,3783400,0.0,0.0
2025-12-22 00:00:00-05:00,3.6500000953674316,3.809999942779541,3.5899999141693115,3.7200000286102295,3381700,0.0,0.0
2025-12-23 00:00:00-05:00,3.700000047683716,3.819999933242798,3.6600000858306885,3.690000057220459,2720200,0.0,0.0
2025-12-24 00:00:00-05:00,3.7100000381469727,3.7300000190734863,3.5799999237060547,3.7200000286102295,1720000,0.0,0.0
2025-12-26 00:00:00-05:00,3.7200000286102295,3.7249999046325684,3.569999933242798,3.5799999237060547,2618300,0.0,0.0
2025-12-29 00:00:00-05:00,3.5199999809265137,3.559999942779541,3.450000047683716,3.4600000381469727,2718900,0.0,0.0
2025-12-30 00:00:00-05:00,3.4800000190734863,3.509999990463257,3.440000057220459,3.450000047683716,2344100,0.0,0.0
2025-12-31 00:00:00-05:00,3.440000057220459,3.4700000286102295,3.3499999046325684,3.4200000762939453,7657400,0.0,0.0
2026-01-02 00:00:00-05:00,3.4200000762939453,3.490000009536743,3.3399999141693115,3.430000066757202,4765100,0.0,0.0
2026-01-05 00:00:00-05:00,3.4700000286102295,3.619999885559082,3.365000009536743,3.430000066757202,3731400,0.0,0.0
2026-01-06 00:00:00-05:00,3.4200000762939453,3.9200000762939453,3.390000104904175,3.9000000953674316,6359100,0.0,0.0
2026-01-07 00:00:00-05:00,3.940000057220459,4.199999809265137,3.8510000705718994,4.130000114440918,5813600,0.0,0.0
2026-01-08 00:00:00-05:00,4.099999904632568,4.179999828338623,3.9700000286102295,4.110000133514404,4806500,0.0,0.0
2026-01-09 00:00:00-05:00,4.190000057220459,4.505000114440918,4.170000076293945,4.369999885559082,6462800,0.0,0.0
2026-01-12 00:00:00-05:00,4.630000114440918,4.659999847412109,4.380000114440918,4.519999980926514,5054800,0.0,0.0
2026-01-13 00:00:00-05:00,4.572000026702881,4.599999904632568,4.079999923706055,4.269999980926514,7036600,0.0,0.0
2026-01-14 00:00:00-05:00,4.25,4.360000133514404,4.119999885559082,4.289999961853027,4095200,0.0,0.0
2026-01-15 00:00:00-05:00,4.335000038146973,4.335000038146973,4.079999923706055,4.179999828338623,5318600,0.0,0.0
2026-01-16 00:00:00-05:00,4.190000057220459,4.380000114440918,4.090000152587891,4.119999885559082,5389800,0.0,0.0
2026-01-20 00:00:00-05:00,3.9700000286102295,4.215000152587891,3.9200000762939453,4.159999847412109,3872400,0.0,0.0
2026-01-21 00:00:00-05:00,4.150000095367432,4.300000190734863,4.054999828338623,4.28000020980835,3902200,0.0,0.0
2026-01-22 00:00:00-05:00,4.375,4.849999904632568,4.349999904632568,4.639999866485596,6992100,0.0,0.0
2026-01-23 00:00:00-05:00,4.670000076293945,4.670000076293945,4.190000057220459,4.239999771118164,5803000,0.0,0.0
2026-01-26 00:00:00-05:00,4.21999979019165,4.21999979019165,4.039999961853027,4.139999866485596,4388300,0.0,0.0
2026-01-27 00:00:00-05:00,4.159999847412109,4.25,3.950000047683716,3.990000009536743,3223400,0.0,0.0
2026-01-28 00:00:00-05:00,4.03000020980835,4.050000190734863,3.8499999046325684,3.9000000953674316,3008400,0.0,0.0
2026-01-29 00:00:00-05:00,3.9000000953674316,3.9100000858306885,3.75,3.859999895095825,2437700,0.0,0.0
2026-01-30 00:00:00-05:00,3.799999952316284,3.8299999237060547,3.5899999141693115,3.619999885559082,4313700,0.0,0.0
2026-02-02 00:00:00-05:00,3.569999933242798,3.6500000953674316,3.5,3.5,6146200,0.0,0.0
2026-02-03 00:00:00-05:00,3.609999895095825,3.690000057220459,3.4100000858306885,3.5199999809265137,4704000,0.0,0.0
2026-02-04 00:00:00-05:00,3.509999990463257,3.5299999713897705,3.180000066757202,3.2699999809265137,6577600,0.0,0.0
2026-02-05 00:00:00-05:00,3.190000057220459,3.2100000381469727,2.744999885559082,2.7799999713897705,11088200,0.0,0.0
2026-02-06 00:00:00-05:00,2.940000057220459,3.1700000762939453,2.880000114440918,3.1600000858306885,5396700,0.0,0.0
2026-02-09 00:00:00-05:00,3.190000057220459,3.2200000286102295,3.055000066757202,3.2200000286102295,3267500,0.0,0.0
2026-02-10 00:00:00-05:00,3.2799999713897705,3.2799999713897705,3.140000104904175,3.1600000858306885,1937600,0.0,0.0
2026-02-11 00:00:00-05:00,3.200000047683716,3.200000047683716,3.0399999618530273,3.130000114440918,3654000,0.0,0.0
2026-02-12 00:00:00-05:00,3.200000047683716,3.200000047683716,2.930000066757202,2.940000057220459,3808100,0.0,0.0
2026-02-13 00:00:00-05:00,3.049999952316284,3.2200000286102295,3.049999952316284,3.0999999046325684,2749900,0.0,0.0
2026-02-17 00:00:00-05:00,3.0999999046325684,3.190000057220459,3.0,3.1700000762939453,2879100,0.0,0.0
2026-02-18 00:00:00-05:00,3.1700000762939453,3.2300000190734863,3.0999999046325684,3.130000114440918,1662000,0.0,0.0
2026-02-19 00:00:00-05:00,3.119999885559082,3.234999895095825,3.062000036239624,3.2200000286102295,2015100,0.0,0.0
2026-02-20 00:00:00-05:00,3.1600000858306885,3.180000066757202,2.9649999141693115,3.0399999618530273,4703100,0.0,0.0
2026-02-23 00:00:00-05:00,3.0199999809265137,3.109999895095825,2.9700000286102295,3.0299999713897705,2576900,0.0,0.0
2026-02-24 00:00:00-05:00,3.059999942779541,3.2699999809265137,3.059999942779541,3.2200000286102295,5556500,0.0,0.0
2026-02-25 00:00:00-05:00,3.359999895095825,3.390000104904175,3.134999990463257,3.190000057220459,6025300,0.0,0.0
2026-02-26 00:00:00-05:00,3.190000057220459,3.619999885559082,3.1510000228881836,3.5899999141693115,6569600,0.0,0.0
2026-02-27 00:00:00-05:00,3.440000057220459,3.619999885559082,3.359999895095825,3.609999895095825,5382600,0.0,0.0
2026-03-02 00:00:00-05:00,3.4700000286102295,3.8350000381469727,3.4200000762939453,3.819999933242798,5140000,0.0,0.0
2026-03-03 00:00:00-05:00,3.674999952316284,3.7850000858306885,3.5899999141693115,3.7100000381469727,4605000,0.0,0.0
2026-03-04 00:00:00-05:00,3.700000047683716,3.757999897003174,3.5999999046325684,3.630000114440918,3180100,0.0,0.0
2026-03-05 00:00:00-05:00,3.559999942779541,3.625,3.5,3.5899999141693115,2332100,0.0,0.0
2026-03-06 00:00:00-05:00,3.5,3.559999942779541,3.4100000858306885,3.450000047683716,4271200,0.0,0.0
2026-03-09 00:00:00-04:00,3.369999885559082,3.559999942779541,3.3499999046325684,3.5199999809265137,1977900,0.0,0.0
2026-03-10 00:00:00-04:00,3.509999990463257,3.6700000762939453,3.490000009536743,3.569999933242798,2187700,0.0,0.0
2026-03-11 00:00:00-04:00,3.559999942779541,3.6500000953674316,3.5199999809265137,3.6500000953674316,1560700,0.0,0.0
2026-03-12 00:00:00-04:00,3.619999885559082,3.619999885559082,3.4200000762939453,3.4700000286102295,5122900,0.0,0.0
2026-03-13 00:00:00-04:00,3.5199999809265137,3.6549999713897705,3.430000066757202,3.490000009536743,2067100,0.0,0.0
2026-03-16 00:00:00-04:00,3.5399999618530273,3.619999885559082,3.5299999713897705,3.559999942779541,1939900,0.0,0.0
2026-03-17 00:00:00-04:00,3.569999933242798,3.5799999237060547,3.494999885559082,3.549999952316284,2476200,0.0,0.0
2026-03-18 00:00:00-04:00,3.5,3.5899999141693115,3.4600000381469727,3.5199999809265137,1468800,0.0,0.0
2026-03-19 00:00:00-04:00,3.440000057220459,3.5850000381469727,3.390000104904175,3.5299999713897705,2407700,0.0,0.0
2026-03-20 00:00:00-04:00,3.5299999713897705,3.5899999141693115,3.390000104904175,3.4000000953674316,2457100,0.0,0.0
2026-03-23 00:00:00-04:00,3.4000000953674316,3.509999990463257,3.359999895095825,3.369999885559082,2358700,0.0,0.0
2026-03-24 00:00:00-04:00,3.3499999046325684,3.3499999046325684,3.259999990463257,3.309999942779541,2055300,0.0,0.0
2026-03-25 00:00:00-04:00,3.390000104904175,3.5250000953674316,3.359999895095825,3.390000104904175,1687200,0.0,0.0
2026-03-26 00:00:00-04:00,3.3299999237060547,3.5199999809265137,3.309999942779541,3.3499999046325684,1783500,0.0,0.0
2026-03-27 00:00:00-04:00,3.309999942779541,3.3499999046325684,3.240000009536743,3.2699999809265137,2369200,0.0,0.0
2026-03-30 00:00:00-04:00,3.2699999809265137,3.319999933242798,3.2339999675750732,3.2799999713897705,2830700,0.0,0.0
2026-03-31 00:00:00-04:00,3.3499999046325684,3.569999933242798,3.3499999046325684,3.490000009536743,2989200,0.0,0.0
2026-04-01 00:00:00-04:00,3.5299999713897705,3.6700000762939453,3.5,3.509999990463257,1665300,0.0,0.0
2026-04-02 00:00:00-04:00,3.430000066757202,3.625,3.4100000858306885,3.5199999809265137,3490400,0.0,0.0
2026-04-06 00:00:00-04:00,3.549999952316284,3.5850000381469727,3.390000104904175,3.390000104904175,3206900,0.0,0.0
2026-04-07 00:00:00-04:00,3.359999895095825,3.380000114440918,3.2200000286102295,3.299999952316284,3962300,0.0,0.0
2026-04-08 00:00:00-04:00,3.490000009536743,3.5199999809265137,3.390000104904175,3.430000066757202,2466200,0.0,0.0
2026-04-09 00:00:00-04:00,3.369999885559082,3.450000047683716,3.369999885559082,3.440000057220459,2029400,0.0,0.0
2026-04-10 00:00:00-04:00,3.4800000190734863,3.634999990463257,3.4800000190734863,3.5399999618530273,2409600,0.0,0.0
2026-04-13 00:00:00-04:00,3.490000009536743,3.75,3.4800000190734863,3.6600000858306885,2917100,0.0,0.0
2026-04-14 00:00:00-04:00,3.7799999713897705,3.8299999237060547,3.694999933242798,3.759999990463257,3196900,0.0,0.0
2026-04-15 00:00:00-04:00,3.7699999809265137,3.9000000953674316,3.7699999809265137,3.859999895095825,3012300,0.0,0.0
2026-04-16 00:00:00-04:00,3.890000104904175,3.950000047683716,3.7799999713897705,3.8299999237060547,2911900,0.0,0.0
2026-04-17 00:00:00-04:00,3.9100000858306885,4.050000190734863,3.869999885559082,4.010000228881836,4808600,0.0,0.0
2026-04-20 00:00:00-04:00,4.03000020980835,4.03000020980835,3.880000114440918,3.9100000858306885,5225300,0.0,0.0
2026-04-21 00:00:00-04:00,3.9200000762939453,4.0,3.8299999237060547,3.990000009536743,3867400,0.0,0.0
2026-04-22 00:00:00-04:00,4.050000190734863,4.215000152587891,4.0,4.079999923706055,5347800,0.0,0.0
2026-04-23 00:00:00-04:00,4.099999904632568,4.289999961853027,3.944999933242798,4.050000190734863,8164600,0.0,0.0
2026-04-24 00:00:00-04:00,4.079999923706055,4.289999961853027,3.9700000286102295,4.150000095367432,9417300,0.0,0.0
2026-04-27 00:00:00-04:00,4.150000095367432,4.380000114440918,4.110000133514404,4.159999847412109,11911600,0.0,0.0
2026-04-28 00:00:00-04:00,4.03000020980835,4.297999858856201,3.9600000381469727,4.159999847412109,12845700,0.0,0.0
2026-04-29 00:00:00-04:00,4.090000152587891,4.099999904632568,3.759999990463257,3.819999933242798,12147100,0.0,0.0
2026-04-30 00:00:00-04:00,3.880000114440918,4.159999847412109,3.819999933242798,4.150000095367432,5991800,0.0,0.0
2026-05-01 00:00:00-04:00,4.150000095367432,4.46999979019165,4.03000020980835,4.429999828338623,6735200,0.0,0.0
2026-05-04 00:00:00-04:00,4.445000171661377,4.695000171661377,4.429999828338623,4.590000152587891,9959200,0.0,0.0
2026-05-05 00:00:00-04:00,5.050000190734863,5.159999847412109,4.570000171661377,4.659999847412109,13351800,0.0,0.0
2026-05-06 00:00:00-04:00,4.610000133514404,5.050000190734863,4.590000152587891,5.039999961853027,7702500,0.0,0.0
2026-05-07 00:00:00-04:00,5.050000190734863,5.239999771118164,4.73199987411499,4.820000171661377,11639900,0.0,0.0
2026-05-08 00:00:00-04:00,4.900000095367432,5.25,4.880000114440918,5.239999771118164,10843200,0.0,0.0
2026-05-11 00:00:00-04:00,5.4770002365112305,5.630000114440918,5.239999771118164,5.25,13448700,0.0,0.0
2026-05-12 00:00:00-04:00,4.760000228881836,4.980000019073486,4.449999809265137,4.949999809265137,16942400,0.0,0.0
2026-05-13 00:00:00-04:00,4.920000076293945,5.070000171661377,4.675000190734863,4.769999980926514,5954500,0.0,0.0
2026-05-14 00:00:00-04:00,4.769999980926514,4.820000171661377,4.360000133514404,4.400000095367432,7372200,0.0,0.0
2026-05-15 00:00:00-04:00,4.260000228881836,4.283999919891357,4.0,4.090000152587891,8869900,0.0,0.0
2026-05-18 00:00:00-04:00,4.199999809265137,4.255000114440918,3.940000057220459,4.159999847412109,11105000,0.0,0.0
2026-05-19 00:00:00-04:00,4.119999885559082,4.119999885559082,3.940000057220459,4.050000190734863,4600600,0.0,0.0
2026-05-20 00:00:00-04:00,4.099999904632568,4.610000133514404,4.050000190734863,4.570000171661377,8513100,0.0,0.0
2026-05-21 00:00:00-04:00,4.519999980926514,5.429999828338623,4.449999809265137,5.139999866485596,13962700,0.0,0.0
2026-05-22 00:00:00-04:00,5.139999866485596,5.429999828338623,5.039999961853027,5.199999809265137,6466600,0.0,0.0
2026-05-26 00:00:00-04:00,5.300000190734863,5.425000190734863,5.099999904632568,5.289999961853027,8717600,0.0,0.0
2026-05-27 00:00:00-04:00,5.329999923706055,5.539999961853027,5.159999847412109,5.440000057220459,6471800,0.0,0.0
2026-05-28 00:00:00-04:00,5.389999866485596,5.925000190734863,5.369999885559082,5.730000019073486,7675400,0.0,0.0
2026-05-29 00:00:00-04:00,5.670000076293945,6.239999771118164,5.53000020980835,6.170000076293945,9333400,0.0,0.0
2026-06-01 00:00:00-04:00,6.110000133514404,6.789999961853027,6.079999923706055,6.460000038146973,9678400,0.0,0.0
2026-06-02 00:00:00-04:00,6.304999828338623,6.440000057220459,6.079999923706055,6.130000114440918,8065300,0.0,0.0
2026-06-03 00:00:00-04:00,6.005000114440918,6.010000228881836,5.610000133514404,5.71999979019165,7077600,0.0,0.0
2026-06-04 00:00:00-04:00,5.554999828338623,6.695000171661377,5.510000228881836,6.369999885559082,11445900,0.0,0.0
2026-06-05 00:00:00-04:00,6.199999809265137,6.329999923706055,5.5,5.619999885559082,8927900,0.0,0.0
2026-06-08 00:00:00-04:00,5.860000133514404,5.940000057220459,5.349999904632568,5.420000076293945,4785000,0.0,0.0
2026-06-09 00:00:00-04:00,5.590000152587891,5.650000095367432,5.019999980926514,5.300000190734863,5672300,0.0,0.0
2026-06-10 00:00:00-04:00,5.210000038146973,5.46999979019165,5.079999923706055,5.090000152587891,3750800,0.0,0.0
2026-06-11 00:00:00-04:00,5.21999979019165,5.320000171661377,5.031000137329102,5.269999980926514,4170900,0.0,0.0
2026-06-12 00:00:00-04:00,5.300000190734863,5.409999847412109,5.130000114440918,5.239999771118164,2947600,0.0,0.0
2026-06-15 00:00:00-04:00,5.489999771118164,5.550000190734863,5.170000076293945,5.260000228881836,3696500,0.0,0.0
2026-06-16 00:00:00-04:00,5.230000019073486,5.289999961853027,5.010000228881836,5.090000152587891,3648500,0.0,0.0
2026-06-17 00:00:00-04:00,5.204999923706055,5.760000228881836,5.170000076293945,5.440000057220459,5645800,0.0,0.0
2026-06-18 00:00:00-04:00,5.610000133514404,5.739999771118164,5.329999923706055,5.53000020980835,6803900,0.0,0.0
2026-06-22 00:00:00-04:00,5.574999809265137,5.869999885559082,5.574999809265137,5.739999771118164,5500900,0.0,0.0
2026-06-23 00:00:00-04:00,5.480000019073486,5.920000076293945,5.46999979019165,5.630000114440918,5520000,0.0,0.0
2026-06-24 00:00:00-04:00,5.65500020980835,6.324999809265137,5.585000038146973,6.03000020980835,13405200,0.0,0.0
2026-06-25 00:00:00-04:00,6.110000133514404,6.860000133514404,6.090000152587891,6.659999847412109,11981800,0.0,0.0
2026-06-26 00:00:00-04:00,6.489999771118164,7.400000095367432,6.46999979019165,7.380000114440918,15607800,0.0,0.0
2026-06-29 00:00:00-04:00,7.559999942779541,8.420000076293945,7.389999866485596,8.119999885559082,16241900,0.0,0.0
2026-06-30 00:00:00-04:00,7.90500020980835,8.270000457763672,7.670000076293945,7.849999904632568,7787100,0.0,0.0
2026-07-01 00:00:00-04:00,7.690000057220459,7.860000133514404,7.264999866485596,7.599999904632568,7995800,0.0,0.0
2026-07-02 00:00:00-04:00,7.659999847412109,8.319999694824219,7.559999942779541,8.109999656677246,8448300,0.0,0.0
2026-07-06 00:00:00-04:00,8.050000190734863,8.149999618530273,7.449999809265137,7.869999885559082,6311100,0.0,0.0
2026-07-07 00:00:00-04:00,8.329999923706055,8.4399995803833,7.460000038146973,7.690000057220459,8059900,0.0,0.0
2026-07-08 00:00:00-04:00,7.392000198364258,7.699999809265137,7.039999961853027,7.099999904632568,9395300,0.0,0.0
2026-07-09 00:00:00-04:00,7.010000228881836,7.510000228881836,6.820000171661377,7.289999961853027,5915700,0.0,0.0
2026-07-10 00:00:00-04:00,7.289999961853027,7.289999961853027,6.604000091552734,6.800000190734863,7281700,0.0,0.0
2026-07-13 00:00:00-04:00,6.710000038146973,6.764999866485596,6.400000095367432,6.519999980926514,4059700,0.0,0.0
2026-07-14 00:00:00-04:00,6.690000057220459,6.875,6.449999809265137,6.739999771118164,4262300,0.0,0.0
2026-07-15 00:00:00-04:00,6.860000133514404,6.929999828338623,6.619999885559082,6.739999771118164,3752400,0.0,0.0
2026-07-16 00:00:00-04:00,6.650000095367432,6.659999847412109,6.050000190734863,6.159999847412109,7547800,0.0,0.0
2026-07-17 00:00:00-04:00,6.039999961853027,6.547999858856201,5.949999809265137,6.465000152587891,4229400,0.0,0.0
2026-07-20 00:00:00-04:00,6.340000152587891,6.46999979019165,5.784999847412109,5.800000190734863,6370800,0.0,0.0
2026-07-21 00:00:00-04:00,5.815000057220459,6.050000190734863,5.539999961853027,5.96999979019165,5132300,0.0,0.0
2026-07-22 00:00:00-04:00,5.920000076293945,6.059999942779541,5.710000038146973,5.730000019073486,2559200,0.0,0.0
2026-07-23 00:00:00-04:00,5.690000057220459,5.869999885559082,5.599999904632568,5.670000076293945,2892300,0.0,0.0
2026-07-24 00:00:00-04:00,5.670000076293945,5.739999771118164,5.289999961853027,5.309999942779541,6271200,0.0,0.0
2026-07-27 00:00:00-04:00,5.40500020980835,5.5,5.239999771118164,5.25,4230200,0.0,0.0
2026-07-28 00:00:00-04:00,5.199999809265137,5.385000228881836,4.980000019073486,5.289999961853027,6082200,0.0,0.0
2026-07-29 00:00:00-04:00,5.340000152587891,5.579999923706055,5.224999904632568,5.389999866485596,6056600,0.0,0.0
2026-07-30 00:00:00-04:00,5.53000020980835,5.71999979019165,5.349999904632568,5.690000057220459,4340200,0.0,0.0
2026-07-31 00:00:00-04:00,5.699999809265137,5.869999885559082,5.510000228881836,5.710000038146973,5011700,0.0,0.0
2026-08-03 00:00:00-04:00,5.704999923706055,6.045000076293945,5.565000057220459,5.829999923706055,3405600,0.0,0.0
2026-08-04 00:00:00-04:00,5.96999979019165,6.139999866485596,5.869999885559082,6.090000152587891,3968400,0.0,0.0
2026-08-05 00:00:00-04:00,6.050000190734863,6.210000038146973,5.840000152587891,5.920000076293945,4625500,0.0,0.0
2026-08-06 00:00:00-04:00,5.789999961853027,6.565000057220459,5.619999885559082,6.53000020980835,8412100,0.0,0.0
2026-08-07 00:00:00-04:00,6.650000095367432,6.989999771118164,6.349999904632568,6.929999828338623,6823500,0.0,0.0
2026-08-10 00:00:00-04:00,8.760000228881836,10.010000228881836,8.399999618530273,9.34000015258789,46039100,0.0,0.0
2026-08-11 00:00:00-04:00,9.4399995803833,10.289999961853027,9.020000457763672,9.760000228881836,17223620,0.0,0.0
