Date,Open,High,Low,Close,Volume,Dividends,Stock Splits
2022-01-03 00:00:00-05:00,34.27580431092729,34.581911067265764,33.75220396426483,34.05830764770508,255100,0.0,0.0
2022-01-04 00:00:00-05:00,34.146916992017424,34.83968344348216,34.06636403980447,34.436912536621094,271700,0.0,0.0
2022-01-05 00:00:00-05:00,34.46913134451658,34.77523498925538,34.19524703355703,34.33218765258789,197700,0.0,0.0
2022-01-06 00:00:00-05:00,34.40468811380393,34.60607355545283,34.19524860656417,34.35635757446289,183300,0.0,0.0
2022-01-07 00:00:00-05:00,34.27580154801118,34.81551612944189,34.23552507426811,34.62218475341797,174400,0.0,0.0
2022-01-10 00:00:00-05:00,34.70273610751204,34.92828678846304,34.43690588533615,34.59801483154297,263800,0.0,0.0
2022-01-11 00:00:00-05:00,34.59801115441969,34.70273241925884,34.03413143907451,34.22746276855469,262700,0.0,0.0
2022-01-12 00:00:00-05:00,34.08246651789697,34.61412385590501,34.034132915206285,34.380516052246094,475100,0.0,0.0
2022-01-13 00:00:00-05:00,34.581911294334056,34.98468221267207,34.28386167517543,34.799407958984375,301600,0.0,0.0
2022-01-14 00:00:00-05:00,34.78328640334898,35.218279603212544,34.549678602729955,35.16189193725586,219700,0.0,0.0
2022-01-18 00:00:00-05:00,35.024950917194474,35.74993963847282,34.726901364178964,35.371334075927734,412200,0.0,0.0
2022-01-19 00:00:00-05:00,35.28272830621917,35.62911150720953,35.008843986201164,35.09745407104492,364100,0.0,0.0
2022-01-20 00:00:00-05:00,35.113557845336466,35.693548770396625,35.00078251499638,35.50021743774414,419600,0.0,0.0
2022-01-21 00:00:00-05:00,35.741884470098256,36.35409788465971,35.04911811446711,35.25050354003906,448700,0.0,0.0
2022-01-24 00:00:00-05:00,35.25049843992162,35.733825235104185,34.92828364936386,35.50021743774414,542900,0.0,0.0
2022-01-25 00:00:00-05:00,35.15384143238247,36.20910222974626,34.686628815900136,35.70966720581055,493200,0.0,0.0
2022-01-26 00:00:00-05:00,35.72577437190636,36.305765398813534,35.33911471160085,35.54855728149414,620800,0.0,0.0
2022-01-27 00:00:00-05:00,35.54855924050257,36.03994021283372,35.1135659463506,35.42772674560547,351300,0.0,0.0
2022-01-28 00:00:00-05:00,35.39550389309,35.91910726720973,35.07328903223766,35.90299606323242,284400,0.0,0.0
2022-01-31 00:00:00-05:00,35.65327170286275,35.83049184733063,35.049115471701356,35.81438064575195,576800,0.0,0.0
2022-02-01 00:00:00-05:00,35.629102340298225,35.96743138875412,35.44382815279265,35.71771240234375,471500,0.0,0.0
2022-02-02 00:00:00-05:00,35.572716303376666,35.685491633716744,35.226333175676544,35.50021743774414,469400,0.0,0.0
2022-02-03 00:00:00-05:00,35.45188152344178,35.73382290379513,35.01689143092311,35.65326690673828,337600,0.0,0.0
2022-02-04 00:00:00-05:00,35.43578103716303,35.822440687711556,34.960511307195475,35.58883285522461,255300,0.0,0.0
2022-02-07 00:00:00-05:00,35.40355719148088,35.91910337124427,35.12967289936938,35.70160675048828,263800,0.0,0.0
2022-02-08 00:00:00-05:00,35.92716043114452,36.08826939397658,35.54050076408631,35.67744445800781,295800,0.0,0.0
2022-02-09 00:00:00-05:00,35.7982782033481,35.7982782033481,35.33106553483838,35.66939163208008,289700,0.0,0.0
2022-02-10 00:00:00-05:00,35.097449590192895,35.63716409583743,34.453016882100385,34.702735900878906,409100,0.0,0.0
2022-02-11 00:00:00-05:00,34.751074005856424,35.14579085407871,34.493300866449374,34.76718521118164,406700,0.0,0.0
2022-02-14 00:00:00-05:00,34.871899619053515,35.033008567574164,34.39662991101127,34.58995819091797,417500,0.0,0.0
2022-02-15 00:00:00-05:00,34.783288837053895,35.218282067352916,34.54162695563139,34.702735900878906,249900,0.0,0.0
2022-02-16 00:00:00-05:00,34.62217946101642,34.91217494427414,34.32412991340044,34.4691276550293,511500,0.0,0.0
2022-02-17 00:00:00-05:00,34.363318662161824,34.83538536238112,34.00519588459171,34.827247619628906,258000,0.44,0.0
2022-02-18 00:00:00-05:00,34.59121121113061,34.908635946649234,34.40401208774332,34.70515823364258,470200,0.0,0.0
2022-02-22 00:00:00-05:00,34.827244291587405,34.99002707448911,34.39586945117438,34.591209411621094,461600,0.0,0.0
2022-02-23 00:00:00-05:00,34.42029623976535,35.32373792828499,34.42029623976535,34.501686096191406,583900,0.0,0.0
2022-02-24 00:00:00-05:00,34.11100936069108,35.42954429104239,34.11100936069108,35.32373809814453,501600,0.0,0.0
2022-02-25 00:00:00-05:00,35.47024179047489,36.3492640292058,35.15281390208631,36.14578628540039,591800,0.0,0.0
2022-02-28 00:00:00-05:00,35.852778312846574,36.43065436775705,35.64116282260612,36.32484817504883,602900,0.0,0.0
2022-03-01 00:00:00-05:00,36.34926303014504,36.86202779979203,35.4376836323023,35.83649826049805,431200,0.0,0.0
2022-03-02 00:00:00-05:00,35.974867494021886,36.49577004699565,35.8039469259819,36.259735107421875,412900,0.0,0.0
2022-03-03 00:00:00-05:00,36.30042445299458,36.90271987773231,36.14578250162715,36.8294677734375,498500,0.0,0.0
2022-03-04 00:00:00-05:00,36.65041137228298,37.86314012959104,36.414379541718546,37.81430435180664,458700,0.0,0.0
2022-03-07 00:00:00-05:00,38.05033928719514,38.17242717924412,37.431768292713066,37.81430435180664,482500,0.0,0.0
2022-03-08 00:00:00-05:00,37.91197492165585,38.06661689004962,36.919002532958984,36.919002532958984,448400,0.0,0.0
2022-03-09 00:00:00-05:00,37.18758719411204,37.195728041658064,36.60157346856718,36.73993682861328,353100,0.0,0.0
2022-03-10 00:00:00-05:00,36.495765972101545,37.29339830538688,36.406235273651106,37.17131042480469,371200,0.0,0.0
2022-03-11 00:00:00-05:00,37.04922741073062,37.407347116737135,36.86202826180741,37.01667022705078,285700,0.0,0.0
2022-03-14 00:00:00-04:00,37.14689229691048,37.252701581317595,36.78063177767326,37.0573616027832,406200,0.0,0.0
2022-03-15 00:00:00-04:00,37.26084134195754,37.30967711544181,36.68296532743404,36.992252349853516,436700,0.0,0.0
2022-03-16 00:00:00-04:00,36.88644051436021,36.89458136179106,36.251591026991534,36.609710693359375,681600,0.0,0.0
2022-03-17 00:00:00-04:00,36.324838490023915,36.634122346772955,35.942299435048355,36.02368927001953,567200,0.0,0.0
2022-03-18 00:00:00-04:00,36.29228978170053,36.29228978170053,35.21792756433381,35.55976867675781,1494200,0.0,0.0
2022-03-21 00:00:00-04:00,35.68999275999481,36.71552226249144,35.48651502908304,36.21903610229492,465200,0.0,0.0
2022-03-22 00:00:00-04:00,36.373677024911736,36.373677024911736,35.66557541084094,35.95858383178711,386700,0.0,0.0
2022-03-23 00:00:00-04:00,35.836497200676426,36.02369634171716,35.494656100903896,35.6737174987793,403200,0.0,0.0
2022-03-24 00:00:00-04:00,35.73882955049362,35.92602869568242,35.35629041194651,35.47837829589844,258000,0.0,0.0
2022-03-25 00:00:00-04:00,35.53534587353883,36.52017720939944,35.486510107156896,36.50389862060547,251800,0.0,0.0
2022-03-28 00:00:00-04:00,36.31670479878085,36.82946955362956,36.18647917427588,36.62599182128906,364300,0.0,0.0
2022-03-29 00:00:00-04:00,36.91900125458352,37.00853195601494,36.39809874242678,36.935279846191406,419900,0.0,0.0
2022-03-30 00:00:00-04:00,36.9352790780774,37.29339877153165,36.870164712999994,37.081783294677734,309500,0.0,0.0
2022-03-31 00:00:00-04:00,36.96783059744687,37.30967478079838,36.56901600583097,36.748077392578125,488900,0.0,0.0
2022-04-01 00:00:00-04:00,36.73994111292868,37.35851519596712,36.617856328914456,37.236427307128906,475500,0.0,0.0
2022-04-04 00:00:00-04:00,37.17945944619304,37.17945944619304,36.66669458177612,36.9841194152832,371600,0.0,0.0
2022-04-05 00:00:00-04:00,36.98410673208964,37.741044046944225,36.98410673208964,37.36664581298828,420900,0.0,0.0
2022-04-06 00:00:00-04:00,37.51315283466556,37.90382968710358,37.456179321069826,37.78988265991211,568400,0.0,0.0
2022-04-07 00:00:00-04:00,37.87127533128501,37.928248849130306,37.21200945198262,37.48059844970703,528100,0.0,0.0
2022-04-08 00:00:00-04:00,37.659660607055265,37.77360764503223,37.20386935032347,37.382930755615234,633000,0.0,0.0
2022-04-11 00:00:00-04:00,37.439905602872635,37.82244476235872,36.34112700645707,36.41437911987305,639800,0.0,0.0
2022-04-12 00:00:00-04:00,36.3655322686235,36.992243913708606,36.332975093725366,36.77248764038086,576500,0.0,0.0
2022-04-13 00:00:00-04:00,36.80505582671216,36.935281460442845,35.901614134345074,36.227176666259766,479100,0.0,0.0
2022-04-14 00:00:00-04:00,36.27600578424605,36.66668261372386,36.25972719491488,36.26786804199219,295000,0.0,0.0
2022-04-18 00:00:00-04:00,36.30857216802223,36.48763359123815,35.91789523949824,36.24345779418945,384500,0.0,0.0
2022-04-19 00:00:00-04:00,36.56088024188096,36.99225517858571,36.38182193506061,36.41437911987305,525000,0.0,0.0
2022-04-20 00:00:00-04:00,36.73993350088314,36.97596838116081,36.48762313663483,36.50389862060547,318900,0.0,0.0
2022-04-21 00:00:00-04:00,36.406239835781555,36.82947394205926,36.30043053300609,36.38996124267578,373700,0.0,0.0
2022-04-22 00:00:00-04:00,36.34926475024817,36.6748303887245,36.12950841000025,36.41437911987305,402500,0.0,0.0
2022-04-25 00:00:00-04:00,36.430647630341255,36.60970900769222,34.76213103855459,35.16908645629883,475100,0.0,0.0
2022-04-26 00:00:00-04:00,35.11212185087431,35.80394809938543,34.819113379017764,34.88422775268555,467400,0.0,0.0
2022-04-27 00:00:00-04:00,34.74585413593726,35.24234026645794,34.33076095581055,34.33076095581055,420200,0.0,0.0
2022-04-28 00:00:00-04:00,34.60749591252277,34.81097366146412,34.273792528451935,34.31448745727539,319800,0.0,0.0
2022-04-29 00:00:00-04:00,34.18425956415226,34.25751167312554,32.93083596830896,33.02036666870117,412300,0.0,0.0
2022-05-02 00:00:00-04:00,33.18314664350501,33.394762104226906,32.08436510276563,32.597129821777344,419400,0.0,0.0
2022-05-03 00:00:00-04:00,32.72735668445664,33.126174393292594,32.32854208044438,32.678524017333984,447400,0.0,0.0
2022-05-04 00:00:00-04:00,32.792477251586185,34.07031736346563,32.792477251586185,33.964508056640625,608500,0.0,0.0
2022-05-05 00:00:00-04:00,33.60638300993392,33.89125059320837,33.036644738561236,33.25640106201172,482400,0.0,0.0
2022-05-06 00:00:00-04:00,33.1831479807883,34.0784487346653,33.1831479807883,33.94822311401367,495000,0.0,0.0
2022-05-09 00:00:00-04:00,33.647077433378655,34.89236014286007,33.52498955389768,34.49354553222656,548000,0.0,0.0
2022-05-10 00:00:00-04:00,34.59121755984459,35.07956291875982,33.72033303672384,34.40401840209961,416500,0.0,0.0
2022-05-11 00:00:00-04:00,34.63190637117645,35.27489669386151,34.33076022320407,34.84352493286133,546000,0.0,0.0
2022-05-12 00:00:00-04:00,35.0144449552564,35.06328072373578,34.054029908926324,34.66446304321289,421200,0.0,0.0
2022-05-13 00:00:00-04:00,34.85166448588028,35.12025657316688,34.135422024606385,34.90863800048828,426400,0.0,0.0
2022-05-16 00:00:00-04:00,35.03072713015528,35.39698766917879,34.85166573222738,35.307456970214844,437600,0.0,0.0
2022-05-17 00:00:00-04:00,35.58418529372392,35.6167393698312,34.76213355174768,35.55162811279297,225800,0.0,0.0
2022-05-18 00:00:00-04:00,35.81207860331912,36.5771537102899,35.47023752514822,35.649295806884766,639200,0.0,0.0
2022-05-19 00:00:00-04:00,35.44582135642942,35.4783785396835,34.87608306877863,35.250484466552734,554000,0.0,0.0
2022-05-20 00:00:00-04:00,35.071420572773796,35.37256673442746,34.64818653499974,35.136531829833984,379700,0.0,0.0
2022-05-23 00:00:00-04:00,35.48651298154855,35.65743662531839,35.0551412104489,35.331871032714844,414100,0.0,0.0
2022-05-24 00:00:00-04:00,35.41326849891058,35.57605133024102,34.835392397270574,35.380714416503906,536900,0.0,0.0
2022-05-25 00:00:00-04:00,35.592329358811554,36.080677845050104,35.44582512342241,35.885337829589844,546200,0.0,0.0
2022-05-26 00:00:00-04:00,36.107301945618026,36.279948539559484,35.89355335061942,35.909996032714844,308200,0.44,0.0
2022-05-27 00:00:00-04:00,35.76201982897223,36.20596289675964,35.69624909176461,36.181297302246094,393600,0.0,0.0
2022-05-31 00:00:00-04:00,35.82778722542591,36.10730342413082,35.46605447675637,35.71268844604492,440300,0.0,0.0
2022-06-01 00:00:00-04:00,35.844222149624855,35.88533041930587,35.416724997252366,35.523597717285156,366200,0.0,0.0
2022-06-02 00:00:00-04:00,35.753799087042744,35.753799087042744,34.923460800940816,35.46605682373047,266800,0.0,0.0
2022-06-03 00:00:00-04:00,35.41673165043319,35.5975948992988,35.26875063292053,35.383846282958984,299900,0.0,0.0
2022-06-06 00:00:00-04:00,35.63869531920993,35.63869531920993,35.28518550599793,35.43316650390625,456000,0.0,0.0
2022-06-07 00:00:00-04:00,35.44138725926991,35.688021195424284,35.26052090923373,35.57292556762695,339500,0.0,0.0
2022-06-08 00:00:00-04:00,35.36740098895524,35.556487133794654,35.07965874897446,35.10432434082031,417800,0.0,0.0
2022-06-09 00:00:00-04:00,35.04677523714966,35.589371196081174,34.685042507114716,34.8083610534668,476200,0.0,0.0
2022-06-10 00:00:00-04:00,34.578173540327285,35.43317114041714,34.537065262990765,35.2523078918457,390200,0.0,0.0
2022-06-13 00:00:00-04:00,35.05499843580616,35.581151764234434,33.68206729044623,33.887596130371094,790100,0.0,0.0
2022-06-14 00:00:00-04:00,34.00269057958016,34.57817193829521,32.909275684409465,33.27922821044922,697300,0.0,0.0
2022-06-15 00:00:00-04:00,33.46831942522051,33.969810354622474,33.26279056144079,33.5751953125,484200,0.0,0.0
2022-06-16 00:00:00-04:00,33.10658354109384,33.386102868823706,32.83528398647912,33.114803314208984,543300,0.0,0.0
2022-06-17 00:00:00-04:00,33.66562133461385,33.93691774616159,32.744853099363205,32.7941780090332,995100,0.0,0.0
2022-06-21 00:00:00-04:00,32.79417945496555,32.95860314539731,32.39956447960197,32.53932571411133,516900,0.0,0.0
2022-06-22 00:00:00-04:00,32.39134547756956,33.51764260924437,32.39134547756956,33.22990036010742,386900,0.0,0.0
2022-06-23 00:00:00-04:00,33.213470766332335,33.81361476484113,33.213470766332335,33.6902961730957,301000,0.0,0.0
2022-06-24 00:00:00-04:00,33.69850317850668,34.537057916514804,33.69850317850668,34.07667541503906,773000,0.0,0.0
2022-06-27 00:00:00-04:00,34.29864766808536,35.030329705410296,34.07667618438218,34.948116302490234,424700,0.0,0.0
2022-06-28 00:00:00-04:00,35.063224538931145,35.64692574480789,34.981011113801074,35.61404037475586,485700,0.0,0.0
2022-06-29 00:00:00-04:00,35.885331138908306,36.14018485376544,35.21119689941406,35.21119689941406,530800,0.0,0.0
2022-06-30 00:00:00-04:00,35.14543444020346,36.049760153806886,35.01389609756802,35.770240783691406,759100,0.0,0.0
2022-07-01 00:00:00-04:00,35.762019212961526,36.99519228927054,35.71269116090549,36.83076858520508,483300,0.0,0.0
2022-07-05 00:00:00-04:00,36.649899456322466,36.691004591717174,34.14244542767475,34.775474548339844,615100,0.0,0.0
2022-07-06 00:00:00-04:00,34.57816693999438,35.81955953001562,34.57816693999438,35.260520935058594,431500,0.0,0.0
2022-07-07 00:00:00-04:00,35.30163089891129,35.54826800511543,35.02211156318487,35.03033447265625,292600,0.0,0.0
2022-07-08 00:00:00-04:00,35.17009876140506,35.17009876140506,34.471301867180976,34.65216827392578,318700,0.0,0.0
2022-07-11 00:00:00-04:00,34.652166588558025,35.03033893324807,34.454857505694555,34.95634841918945,303300,0.0,0.0
2022-07-12 00:00:00-04:00,34.833023508288846,35.2440811479679,34.5863895517056,34.8083610534668,261000,0.0,0.0
2022-07-13 00:00:00-04:00,34.74259611371585,34.9316854192559,34.35620400060884,34.717933654785156,289500,0.0,0.0
2022-07-14 00:00:00-04:00,34.18355550043408,34.56994755684958,34.167112818185615,34.421966552734375,306800,0.0,0.0
2022-07-15 00:00:00-04:00,34.676831189450866,34.84125491263803,34.15889755905388,34.68505096435547,340200,0.0,0.0
2022-07-18 00:00:00-04:00,34.70971508408841,34.75082022910537,34.282214676444596,34.30687713623047,254800,0.0,0.0
2022-07-19 00:00:00-04:00,34.29043341456134,34.67682866550928,34.19178044227814,34.53706741333008,331000,0.0,0.0
2022-07-20 00:00:00-04:00,34.72615009275799,34.72615009275799,33.87114946647679,33.99446487426758,412700,0.0,0.0
2022-07-21 00:00:00-04:00,33.62451119404085,33.62451119404085,33.172345348548504,33.517635345458984,331800,0.0,0.0
2022-07-22 00:00:00-04:00,33.63274066353772,33.89581733888791,33.21346319223626,33.55875015258789,457400,0.0,0.0
2022-07-25 00:00:00-04:00,33.40254394395436,33.98624502679476,33.320330536153776,33.8629264831543,369600,0.0,0.0
2022-07-26 00:00:00-04:00,34.04379590186508,34.4712962524619,33.96158562280155,34.1177864074707,364600,0.0,0.0
2022-07-27 00:00:00-04:00,34.03557626463207,34.101343860921894,33.657400825511296,33.936920166015625,333400,0.0,0.0
2022-07-28 00:00:00-04:00,34.52062082722017,34.79191722972189,34.10134029228004,34.775474548339844,202600,0.0,0.0
2022-07-29 00:00:00-04:00,34.62749621550371,34.98100605210696,34.62749621550371,34.742591857910156,304800,0.0,0.0
2022-08-01 00:00:00-04:00,34.65216154784597,35.137209705867434,34.30687148709324,35.10432434082031,425300,0.0,0.0
2022-08-02 00:00:00-04:00,35.30162677710597,35.6140314419995,35.04677306342924,35.31806945800781,443500,0.0,0.0
2022-08-03 00:00:00-04:00,33.887594677635434,34.71792977544273,33.70672830269636,34.58639144897461,478800,0.0,0.0
2022-08-04 00:00:00-04:00,34.71793301809422,35.581153562173526,34.46307611470566,35.36740493774414,637900,0.0,0.0
2022-08-05 00:00:00-04:00,35.46605459525285,35.46605459525285,34.175333786746606,34.58639144897461,396800,0.0,0.0
2022-08-08 00:00:00-04:00,34.898795446553365,35.08788159103028,34.63571879892278,34.97278594970703,452400,0.0,0.0
2022-08-09 00:00:00-04:00,34.97278790694939,35.40850804094982,34.97278790694939,35.326297760009766,320600,0.0,0.0
2022-08-10 00:00:00-04:00,35.50715503663688,35.74556920185587,35.50715503663688,35.523597717285156,331000,0.0,0.0
2022-08-11 00:00:00-04:00,35.786673974914336,35.786673974914336,35.29340610491775,35.30984878540039,210400,0.0,0.0
2022-08-12 00:00:00-04:00,35.37561747709148,36.099079760340594,35.285184299670256,36.025089263916016,252100,0.0,0.0
2022-08-15 00:00:00-04:00,36.00865387363505,36.37038665656044,35.79490524964207,36.312835693359375,258400,0.0,0.0
2022-08-16 00:00:00-04:00,36.55124637802451,36.995189403535996,36.36216023074096,36.91297912597656,323300,0.0,0.0
2022-08-17 00:00:00-04:00,36.65812224774862,36.98696963022848,36.65812224774862,36.91297912597656,313800,0.0,0.0
2022-08-18 00:00:00-04:00,37.35300982557014,37.36131094556427,36.90467333410555,37.02920913696289,301200,0.44,0.0
2022-08-19 00:00:00-04:00,37.10393598458768,37.2450803773413,36.838255775218656,37.05412292480469,255100,0.0,0.0
2022-08-22 00:00:00-04:00,36.74692514150321,36.7967413650985,36.008001910873915,36.19895935058594,273000,0.0,0.0
2022-08-23 00:00:00-04:00,36.28198523857982,36.381614515451155,35.70080865037476,35.800437927246094,214500,0.0,0.0
2022-08-24 00:00:00-04:00,35.90008063464459,35.90008063464459,35.17775946114169,35.484954833984375,287600,0.0,0.0
2022-08-25 00:00:00-04:00,35.50985326973429,35.85025622195298,35.40191969937487,35.559669494628906,370800,0.0,0.0
2022-08-26 00:00:00-04:00,35.57626852456323,35.758924832198645,35.34379916368726,35.40191650390625,266600,0.0,0.0
2022-08-29 00:00:00-04:00,35.18605867689283,35.31889878726205,34.77093293609423,35.0283088684082,324700,0.0,0.0
2022-08-30 00:00:00-04:00,34.94527877234593,35.06981773930037,34.19805130493425,34.28107833862305,284800,0.0,0.0
2022-08-31 00:00:00-04:00,34.18976153106996,34.27278542515287,33.600283648469095,33.733123779296875,466400,0.0,0.0
2022-09-01 00:00:00-04:00,33.691604128616014,34.43882850598377,33.492342394356584,34.25617218017578,388000,0.0,0.0
2022-09-02 00:00:00-04:00,34.28107771126836,34.58826981240145,33.59196759647104,33.758018493652344,332900,0.0,0.0
2022-09-06 00:00:00-04:00,33.85765381218185,33.85765381218185,33.251570621305525,33.45083236694336,307500,0.0,0.0
2022-09-07 00:00:00-04:00,33.392715606302914,33.998798807863864,33.392715606302914,33.94068145751953,438200,0.0,0.0
2022-09-08 00:00:00-04:00,33.85765494443933,34.048612408184276,33.625185539386024,33.83274841308594,278200,0.0,0.0
2022-09-09 00:00:00-04:00,34.12333325332667,34.34750152439417,33.83274651332691,34.14824295043945,228400,0.0,0.0
2022-09-12 00:00:00-04:00,34.32258801026144,34.687897432948226,34.131630596096265,34.65468978881836,475400,0.0,0.0
2022-09-13 00:00:00-04:00,34.39731968292235,34.52185867400554,33.68330289064935,33.83274841308594,332700,0.0,0.0
2022-09-14 00:00:00-04:00,33.84103842509079,34.198046704028,33.674990714367766,33.82443618774414,409300,0.0,0.0
2022-09-15 00:00:00-04:00,33.600278323573285,33.807841193045014,33.259875344325984,33.39271545410156,434000,0.0,0.0
2022-09-16 00:00:00-04:00,33.27647728592166,33.8742561340332,33.26817299839975,33.8742561340332,845600,0.0,0.0
2022-09-19 00:00:00-04:00,33.67499375282189,33.924068508537204,33.442521235951226,33.8908576965332,316300,0.0,0.0
2022-09-20 00:00:00-04:00,33.782926706904526,33.782926706904526,33.21005440853404,33.54215621948242,259200,0.0,0.0
2022-09-21 00:00:00-04:00,33.76632235174861,34.0818187652642,33.30968472283465,33.326290130615234,270200,0.0,0.0
2022-09-22 00:00:00-04:00,33.268172176611195,33.625180519449565,33.15193749143733,33.484039306640625,319300,0.0,0.0
2022-09-23 00:00:00-04:00,33.87425640312876,34.405616791074664,33.60027508872567,34.38901138305664,840300,0.0,0.0
2022-09-26 00:00:00-04:00,34.14824125047579,34.38071063090283,33.18514974521805,33.226661682128906,557800,0.0,0.0
2022-09-27 00:00:00-04:00,33.42591448194733,33.915762854201006,32.329983067270845,32.338287353515625,576100,0.0,0.0
2022-09-28 00:00:00-04:00,32.73680871942942,33.14363007918088,32.19714411239563,32.77001953125,584900,0.0,0.0
2022-09-29 00:00:00-04:00,32.6703956090213,32.69530530795636,31.790331036550487,32.02280044555664,393000,0.0,0.0
2022-09-30 00:00:00-04:00,32.188846135526006,32.188846135526006,30.744207351867985,30.760812759399414,554400,0.0,0.0
2022-10-03 00:00:00-04:00,31.217453574248328,32.09752126047781,30.868749481897268,31.723907470703125,406600,0.0,0.0
2022-10-04 00:00:00-04:00,31.715611035134344,32.462835557916044,31.715611035134344,32.20545959472656,414600,0.0,0.0
2022-10-05 00:00:00-04:00,31.840142168153477,31.881657274806862,31.458227257342898,31.723907470703125,352700,0.0,0.0
2022-10-06 00:00:00-04:00,31.757117091211157,31.798629029140645,30.943471072593315,31.043100357055664,406500,0.0,0.0
2022-10-07 00:00:00-04:00,31.0015852497215,31.23405461208674,30.15472850047417,30.36229133605957,389200,0.0,0.0
2022-10-10 00:00:00-04:00,30.4702250039832,31.17593738057983,30.461920716922513,30.644577026367188,390300,0.0,0.0
2022-10-11 00:00:00-04:00,30.619671645832984,31.78202167239957,30.603066238247475,31.375200271606445,429300,0.0,0.0
2022-10-12 00:00:00-04:00,31.366898681974117,31.366898681974117,30.652881930175923,30.66118621826172,353100,0.0,0.0
2022-10-13 00:00:00-04:00,30.619672687429837,31.914862851581628,30.287570858737823,31.80693244934082,427400,0.0,0.0
2022-10-14 00:00:00-04:00,32.014493261511916,32.33829078192751,30.976679071893944,31.192543029785156,328600,0.0,0.0
2022-10-17 00:00:00-04:00,31.44161834337922,32.25526430199418,31.44161834337922,31.74881362915039,489700,0.0,0.0
2022-10-18 00:00:00-04:00,32.1805418405364,32.487737129058424,31.997888692049344,32.26356887817383,351800,0.0,0.0
2022-10-19 00:00:00-04:00,31.91486162442494,32.346592718260986,31.798626938999398,32.280174255371094,345300,0.0,0.0
2022-10-20 00:00:00-04:00,32.31339347636917,32.31339347636917,31.4748406832137,31.66579818725586,336400,0.0,0.0
2022-10-21 00:00:00-04:00,31.90655634412024,32.670385987129315,31.682388122674386,32.32168197631836,332500,0.0,0.0
2022-10-24 00:00:00-04:00,32.30508456841543,32.80323418351216,32.147337929305,32.296783447265625,397200,0.0,0.0
2022-10-25 00:00:00-04:00,32.404716138877085,33.218362256622875,32.24696948866333,33.02740478515625,354300,0.0,0.0
2022-10-26 00:00:00-04:00,33.268178797717816,33.28478420849859,32.76172485395814,33.035709381103516,491000,0.0,0.0
2022-10-27 00:00:00-04:00,33.326284966470354,33.95727769572472,33.326284966470354,33.550453186035156,278400,0.0,0.0
2022-10-28 00:00:00-04:00,33.55045309405657,34.272770799235886,33.51724228373272,34.139930725097656,449500,0.0,0.0
2022-10-31 00:00:00-04:00,34.16484469319949,34.364103245771574,33.9406764461877,34.06521224975586,531700,0.0,0.0
2022-11-01 00:00:00-04:00,33.21005358099896,33.21005358099896,30.48683020084745,31.26726531982422,1965000,0.0,0.0
2022-11-02 00:00:00-04:00,30.65288042450681,31.142728881295994,29.980378811855026,30.619672775268555,1109000,0.0,0.0
2022-11-03 00:00:00-04:00,30.395508285040368,30.503441868134693,29.656584947953863,30.320785522460938,943000,0.0,0.0
2022-11-04 00:00:00-04:00,30.486827254127622,31.27556341671464,30.37059258457405,30.818925857543945,665400,0.0,0.0
2022-11-07 00:00:00-05:00,30.951767268940863,31.15933009272326,30.270961460307184,30.611364364624023,929800,0.0,0.0
2022-11-08 00:00:00-05:00,30.735905386176185,30.910257409723542,30.279267776675105,30.370595932006836,635300,0.0,0.0
2022-11-09 00:00:00-05:00,30.295871152828067,30.9434661495388,30.26266034090512,30.611364364624023,984600,0.0,0.0
2022-11-10 00:00:00-05:00,31.350293328004998,32.46283039661088,30.8438426044095,32.37980651855469,761400,0.0,0.0
2022-11-11 00:00:00-05:00,32.32998907687529,32.40471183118191,31.881655718193404,32.03110122680664,614300,0.0,0.0
2022-11-14 00:00:00-05:00,32.02279499395408,32.07261121618526,31.66578665252468,31.71560287475586,552400,0.0,0.0
2022-11-15 00:00:00-05:00,31.765421206788794,32.413019534744464,31.765421206788794,32.0892219543457,880100,0.0,0.0
2022-11-16 00:00:00-05:00,32.07261626979367,32.59567243342852,31.948077278171205,32.06431198120117,602500,0.0,0.0
2022-11-17 00:00:00-05:00,31.913148277488926,32.37504846708943,31.41765453135002,31.887954711914062,437200,0.44,0.0
2022-11-18 00:00:00-05:00,32.29945573328503,33.13087841011047,32.29945573328503,32.69417190551758,748700,0.0,0.0
2022-11-21 00:00:00-05:00,32.71097262248803,33.063695301223824,32.492617742040494,33.03850173950195,497600,0.0,0.0
2022-11-22 00:00:00-05:00,33.130878639528696,33.643169027380395,33.06369154436132,33.46680450439453,658400,0.0,0.0
2022-11-23 00:00:00-05:00,33.3828319610515,33.85313213067495,33.14768347806868,33.542396545410156,667300,0.0,0.0
2022-11-25 00:00:00-05:00,33.62637592072133,34.499789031205424,33.62637592072133,34.43260192871094,294700,0.0,0.0
2022-11-28 00:00:00-05:00,34.079879504853956,34.64255707596868,33.79434072444513,34.25624084472656,738600,0.0,0.0
2022-11-29 00:00:00-05:00,34.071479673374874,34.11347001111229,33.6683666645123,33.72715377807617,501900,0.0,0.0
2022-11-30 00:00:00-05:00,33.55918602783367,34.751731368693584,33.4584085861288,34.667747497558594,788300,0.0,0.0
2022-12-01 00:00:00-05:00,34.9952757859466,35.26402096377868,34.659349920056336,34.77692413330078,762900,0.0,0.0
2022-12-02 00:00:00-05:00,34.331827662303695,35.44038932700347,34.28143733076,35.23043441772461,747300,0.0,0.0
2022-12-05 00:00:00-05:00,35.028870809266365,35.53276443481445,34.82731592197286,35.53276443481445,724900,0.0,0.0
2022-12-06 00:00:00-05:00,35.61674895934783,35.76791674301013,34.768532576493826,35.09606170654297,730400,0.0,0.0
2022-12-07 00:00:00-05:00,35.04567088380753,35.23043221760515,34.57537076307608,35.01207733154297,622900,0.0,0.0
2022-12-08 00:00:00-05:00,35.00367855509632,36.02825941530842,34.91969788286729,35.93587875366211,506000,0.0,0.0
2022-12-09 00:00:00-05:00,35.73432289601318,36.10384556577037,35.49917443610042,35.709129333496094,485100,0.0,0.0
2022-12-12 00:00:00-05:00,35.73432651527983,36.31380414112372,35.35640702095943,36.229820251464844,793400,0.0,0.0
2022-12-13 00:00:00-05:00,36.96045869807291,37.4391588111133,36.45656822619327,36.57414245605469,1001600,0.0,0.0
2022-12-14 00:00:00-05:00,36.708516013575995,36.851287019515006,36.003067381717464,36.1710319519043,554100,0.0,0.0
2022-12-15 00:00:00-05:00,36.03665340739506,36.28020182309883,34.886101628033764,35.65033721923828,625300,0.0,0.0
2022-12-16 00:00:00-05:00,35.213628469033694,35.50756398400452,34.81891231722415,35.44038009643555,1513700,0.0,0.0
2022-12-19 00:00:00-05:00,35.27242617452024,35.868697371925926,35.079268034670136,35.541168212890625,588800,0.0,0.0
2022-12-20 00:00:00-05:00,35.448785964247634,35.51597307268917,34.583772766837676,35.32281494140625,1006900,0.0,0.0
2022-12-21 00:00:00-05:00,35.35640084011425,35.767913818359375,35.26402338312522,35.767913818359375,633500,0.0,0.0
2022-12-22 00:00:00-05:00,35.64193867938896,35.99466453779154,35.18003859184546,35.9694709777832,753300,0.0,0.0
2022-12-23 00:00:00-05:00,35.82669698358668,36.901664835655524,35.67552922893238,36.817684173583984,685900,0.0,0.0
2022-12-27 00:00:00-05:00,36.834490874173966,37.531539527472084,36.767303763483284,37.37197494506836,607200,0.0,0.0
2022-12-28 00:00:00-05:00,37.287991817124144,37.405566049471204,36.792498121049015,36.90167236328125,744000,0.0,0.0
2022-12-29 00:00:00-05:00,37.01085196211045,37.59872636170023,36.85128738088,37.548336029052734,944300,0.0,0.0
2022-12-30 00:00:00-05:00,37.56512752621427,37.665904973685606,37.01924674905867,37.23759841918945,563700,0.0,0.0
2023-01-03 00:00:00-05:00,37.422358559526906,37.825471540325495,37.262790802113145,37.615516662597656,1121900,0.0,0.0
2023-01-04 00:00:00-05:00,37.6155163112744,38.035426062808185,37.472745329851186,37.875858306884766,993300,0.0,0.0
2023-01-05 00:00:00-05:00,37.800277725965394,37.800277725965394,36.876477473344124,36.935264587402344,969200,0.0,0.0
2023-01-06 00:00:00-05:00,37.120027117568654,37.329982018455745,35.80151059629035,36.56574630737305,1433200,0.0,0.0
2023-01-09 00:00:00-05:00,36.65812370156358,36.758901147962504,36.04505262652221,36.19622039794922,1128900,0.0,0.0
2023-01-10 00:00:00-05:00,36.12063690047803,36.12903688990163,35.306014127540095,35.49077224731445,1151300,0.0,0.0
2023-01-11 00:00:00-05:00,35.55796103177013,35.9358804822945,35.36480291342599,35.633544921875,822700,0.0,0.0
2023-01-12 00:00:00-05:00,35.63354881964148,36.20462645097717,35.16324865158333,35.977874755859375,984900,0.0,0.0
2023-01-13 00:00:00-05:00,35.80990127052782,36.14583033607235,35.61674317911966,36.01145935058594,530700,0.0,0.0
2023-01-17 00:00:00-05:00,35.59155588453368,36.24661415361191,35.24722997339544,35.60835266113281,661200,0.0,0.0
2023-01-18 00:00:00-05:00,35.65873513115497,35.70072546534115,34.64255430702657,34.844112396240234,611100,0.0,0.0
2023-01-19 00:00:00-05:00,34.92808652025512,34.953280075314964,34.18904460315301,34.4661865234375,831800,0.0,0.0
2023-01-20 00:00:00-05:00,34.482988600189664,34.77692413330078,34.222643411107654,34.77692413330078,880500,0.0,0.0
2023-01-23 00:00:00-05:00,34.72653404851265,34.84411146621569,34.273033966286285,34.600563049316406,740100,0.0,0.0
2023-01-24 00:00:00-05:00,34.88610304111527,35.524364455938,34.55857394642616,35.0876579284668,959600,0.0,0.0
2023-01-25 00:00:00-05:00,34.95328485089925,35.17163970343971,34.10506861021033,34.273033142089844,1960900,0.0,0.0
2023-01-26 00:00:00-05:00,34.11346501677554,34.35701342511658,33.76913917188741,34.0966682434082,1658700,0.0,0.0
2023-01-27 00:00:00-05:00,34.08827538880376,34.096672174627074,33.53399461840278,33.575984954833984,1064700,0.0,0.0
2023-01-30 00:00:00-05:00,33.46680685172685,33.895116604317614,33.08889062770321,33.15607452392578,1279200,0.0,0.0
2023-01-31 00:00:00-05:00,33.33243217600775,33.50879669189453,32.82854179716327,33.50879669189453,12228600,0.0,0.0
2023-02-01 00:00:00-05:00,33.42481770634807,34.81891804192419,33.29044670546088,34.51658248901367,1925900,0.0,0.0
2023-02-02 00:00:00-05:00,34.5585780713289,35.51597190966586,34.49979095519646,35.2556266784668,1028100,0.0,0.0
2023-02-03 00:00:00-05:00,35.12966021807489,35.12966021807489,34.03789202559042,34.802127838134766,791300,0.0,0.0
2023-02-06 00:00:00-05:00,34.86090781896424,35.24722724350877,34.77692714613044,34.886104583740234,925000,0.0,0.0
2023-02-07 00:00:00-05:00,34.77691965480154,35.31440353393555,34.650945469029736,35.31440353393555,622500,0.0,0.0
2023-02-08 00:00:00-05:00,34.81891347991915,34.89449735824372,34.029484353595784,34.0966682434082,569900,0.0,0.0
2023-02-09 00:00:00-05:00,33.668370849772494,33.89512254613059,32.9881157606982,33.105690002441406,981300,0.0,0.0
2023-02-10 00:00:00-05:00,33.08889191370439,33.777543695950826,33.08889191370439,33.567588806152344,722900,0.0,0.0
2023-02-13 00:00:00-05:00,33.584384531632665,34.096671755650185,33.584384531632665,33.853126525878906,539000,0.0,0.0
2023-02-14 00:00:00-05:00,33.92871214393498,34.105073485975986,33.23166035826228,33.5507926940918,725000,0.0,0.0
2023-02-15 00:00:00-05:00,33.27365333524719,33.592785696387025,33.13088553379324,33.48360824584961,498500,0.0,0.0
2023-02-16 00:00:00-05:00,33.126763880193785,34.24826468373233,33.10977105092189,33.92540740966797,702500,0.46,0.0
2023-02-17 00:00:00-05:00,34.23977076381462,34.775033606534144,33.98488477620332,34.63059616088867,591700,0.0,0.0
2023-02-21 00:00:00-05:00,34.42668648416714,34.74954377656248,34.33322753839078,34.562625885009766,917200,0.0,0.0
2023-02-22 00:00:00-05:00,35.395253369637175,36.37231999308993,35.29329963431063,35.488712310791016,1845000,0.0,0.0
2023-02-23 00:00:00-05:00,35.44623671772408,35.68412987978625,35.191347482884595,35.420745849609375,840900,0.0,0.0
2023-02-24 00:00:00-05:00,35.114875834590165,35.31878328229082,34.85998666338867,35.19983673095703,532400,0.0,0.0
2023-02-27 00:00:00-05:00,35.3952520871379,35.79457546085325,35.14036613753157,35.148860931396484,559300,0.0,0.0
2023-02-28 00:00:00-05:00,35.021418915246045,35.85404806345116,34.93645477294922,34.93645477294922,1021100,0.0,0.0
2023-03-01 00:00:00-05:00,34.75804292878841,34.80052338918047,33.87443509200751,34.48616409301758,556600,0.0,0.0
2023-03-02 00:00:00-05:00,34.511650293233636,35.225333017868586,34.273757132039066,35.046913146972656,512300,0.0,0.0
2023-03-03 00:00:00-05:00,35.259313859669106,35.32728517703068,34.65608300281371,35.2848014831543,492300,0.0,0.0
2023-03-06 00:00:00-05:00,35.310298840570184,35.36977213367215,34.8515020871681,35.106388092041016,633800,0.0,0.0
2023-03-07 00:00:00-05:00,35.13187341269721,35.31879131648428,34.61360664128512,34.74954605102539,487700,0.0,0.0
2023-03-08 00:00:00-05:00,34.77503328184221,35.123378217903785,34.53714012776636,35.11488342285156,486400,0.0,0.0
2023-03-09 00:00:00-05:00,35.21683376624359,35.267809013734194,34.81751037529609,34.919464111328125,409000,0.0,0.0
2023-03-10 00:00:00-05:00,34.792022424530764,34.82600808323895,33.97638606183918,34.25675964355469,498200,0.0,0.0
2023-03-13 00:00:00-04:00,34.06135515205729,35.318795656949376,34.06135515205729,34.469173431396484,747100,0.0,0.0
2023-03-14 00:00:00-04:00,35.04690664629945,35.718108787801945,34.79202070071831,35.09788513183594,580200,0.0,0.0
2023-03-15 00:00:00-04:00,34.851494530364214,35.49720581877029,34.64758382604874,35.148860931396484,977700,0.0,0.0
2023-03-16 00:00:00-04:00,34.927957035225326,35.760586113249516,34.927957035225326,35.43772888183594,590700,0.0,0.0
2023-03-17 00:00:00-04:00,35.25932094898127,35.52270499513772,34.98744210697204,35.27631378173828,1393900,0.0,0.0
2023-03-20 00:00:00-04:00,35.437735612641085,36.01547887709264,35.242322926289965,35.837059020996094,676700,0.0,0.0
2023-03-21 00:00:00-04:00,35.930522542431895,36.0154834634731,34.18879773267603,34.8175163269043,661400,0.0,0.0
2023-03-22 00:00:00-04:00,34.8599883149565,35.08938663527582,34.27375032372974,34.31623077392578,593000,0.0,0.0
2023-03-23 00:00:00-04:00,34.1548034491728,34.50314832322219,33.77247291886236,33.780967712402344,627100,0.0,0.0
2023-03-24 00:00:00-04:00,33.772482019309436,34.97044917639005,33.69601589264252,34.94496154785156,428300,0.0,0.0
2023-03-27 00:00:00-04:00,35.04690515496037,35.607655507797716,35.04690515496037,35.3272819519043,424600,0.0,0.0
2023-03-28 00:00:00-04:00,35.19135289400261,35.5821816016941,35.19135289400261,35.310302734375,357600,0.0,0.0
2023-03-29 00:00:00-04:00,35.480216054232756,35.82856097169132,35.46322646503563,35.794578552246094,422400,0.0,0.0
2023-03-30 00:00:00-04:00,35.95599798241838,36.20238910738986,35.565172692425854,35.92201232910156,337200,0.0,0.0
2023-03-31 00:00:00-04:00,36.06645584106445,36.30434897245585,35.72660573246174,36.06645584106445,436100,0.0,0.0
2023-04-03 00:00:00-04:00,36.066461745575474,36.14292787047696,35.624657828483706,35.845558166503906,325200,0.0,0.0
2023-04-04 00:00:00-04:00,35.73511184522913,36.00699069714577,35.5481939191421,35.98999786376953,272600,0.0,0.0
2023-04-05 00:00:00-04:00,36.17691180651,37.08600722520528,36.06646002225181,37.060516357421875,433400,0.0,0.0
2023-04-06 00:00:00-04:00,37.25592266713077,37.400360089622005,36.984043891789135,37.357879638671875,451800,0.0,0.0
2023-04-10 00:00:00-04:00,37.28990834205844,37.45133859321669,36.94156345842052,37.400360107421875,439500,0.0,0.0
2023-04-11 00:00:00-04:00,37.41736342501102,37.96112112838149,37.26443116580663,37.8846549987793,456400,0.0,0.0
2023-04-12 00:00:00-04:00,38.11404185535995,38.34344017475713,37.73171132303132,37.8421630859375,428500,0.0,0.0
2023-04-13 00:00:00-04:00,37.71471999820401,37.85065938833409,37.255923341121004,37.61276626586914,357300,0.0,0.0
2023-04-14 00:00:00-04:00,37.40036362678527,37.510815402542185,36.62720767858879,36.7376594543457,439400,0.0,0.0
2023-04-17 00:00:00-04:00,36.72916322997445,37.23893843787925,36.703675603947104,37.21344757080078,246100,0.0,0.0
2023-04-18 00:00:00-04:00,37.19645576841226,37.19645576841226,36.68668378746113,37.060516357421875,227900,0.0,0.0
2023-04-19 00:00:00-04:00,37.06051369326428,37.3833709865515,36.95006515799708,37.19645309448242,230200,0.0,0.0
2023-04-20 00:00:00-04:00,37.17945397177762,37.604264933818754,37.04351459356648,37.57877731323242,397700,0.0,0.0
2023-04-21 00:00:00-04:00,37.84216476695612,37.9950969866811,37.49381987559382,37.94411849975586,534400,0.0,0.0
2023-04-24 00:00:00-04:00,37.825166513491396,38.00358633056653,37.67223431569835,37.969600677490234,381600,0.0,0.0
2023-04-25 00:00:00-04:00,37.94411846600495,38.01208978184481,37.68923251370695,37.85915756225586,260300,0.0,0.0
2023-04-26 00:00:00-04:00,37.51081225271314,37.723217750766885,36.967051455212946,37.1199836730957,348000,0.0,0.0
2023-04-27 00:00:00-04:00,37.11998836460459,37.927130007431735,37.11998836460459,37.91013717651367,296000,0.0,0.0
2023-04-28 00:00:00-04:00,37.816676935142915,38.08855897949319,37.2984101945762,37.44284439086914,781700,0.0,0.0
2023-05-01 00:00:00-04:00,37.459837234629134,37.78269452905685,37.35788349361812,37.48532485961914,408900,0.0,0.0
2023-05-02 00:00:00-04:00,37.34088664769445,37.37487230472702,36.67817929976186,37.069007873535156,602700,0.0,0.0
2023-05-03 00:00:00-04:00,37.09450149536133,37.69773242052674,36.12593280063351,37.09450149536133,622300,0.0,0.0
2023-05-04 00:00:00-04:00,37.12847873060496,37.587275347461485,36.55923035612362,37.57877731323242,343400,0.0,0.0
2023-05-05 00:00:00-04:00,37.570286468514496,37.884645705968495,37.451339905210325,37.825172424316406,500200,0.0,0.0
2023-05-08 00:00:00-04:00,37.68923024361082,37.96960380193597,37.44283910010805,37.714717864990234,375500,0.0,0.0
2023-05-09 00:00:00-04:00,37.75720210292277,37.80818059184739,37.51930897004292,37.6297607421875,296300,0.0,0.0
2023-05-10 00:00:00-04:00,37.90163958003927,38.03757897628461,37.28991067640985,37.7572021484375,372500,0.0,0.0
2023-05-11 00:00:00-04:00,37.57878313140757,37.57878313140757,37.03502553437514,37.187957763671875,260800,0.0,0.0
2023-05-12 00:00:00-04:00,37.36637445022533,37.527801460332924,37.19644940529328,37.400360107421875,245100,0.0,0.0
2023-05-15 00:00:00-04:00,37.5362998577793,37.5362998577793,36.899083363916205,37.0775032043457,266900,0.0,0.0
2023-05-16 00:00:00-04:00,37.02652932471546,37.03502411888464,36.35532714857234,36.559234619140625,444000,0.0,0.0
2023-05-17 00:00:00-04:00,36.62720089292034,36.644193719969486,36.04095970340099,36.33832931518555,714700,0.0,0.0
2023-05-18 00:00:00-04:00,36.11743275044877,36.2703649822516,35.76059303694283,36.12593078613281,400300,0.0,0.0
2023-05-19 00:00:00-04:00,36.36382444212251,36.64420128473844,36.015479518329116,36.04946517944336,506300,0.0,0.0
2023-05-22 00:00:00-04:00,36.15991151645341,36.41479745435473,35.79457381707631,36.117427825927734,583900,0.0,0.0
2023-05-23 00:00:00-04:00,36.066456993248615,36.72066636652524,35.9560052182666,36.202396392822266,566800,0.0,0.0
2023-05-24 00:00:00-04:00,36.13441875285935,36.28735095576433,35.58216645663612,35.684120178222656,384400,0.0,0.0
2023-05-25 00:00:00-04:00,35.546678470651386,35.73566292821084,34.962537543051134,35.64976119995117,278400,0.46,0.0
2023-05-26 00:00:00-04:00,35.70130923329621,35.70130923329621,35.31474484777996,35.51232147216797,275000,0.0,0.0
2023-05-30 00:00:00-04:00,35.555264969458975,35.907467275019314,35.47795210838765,35.735660552978516,427400,0.0,0.0
2023-05-31 00:00:00-04:00,35.72707327197309,35.890287862814674,35.4178218140073,35.520904541015625,516800,0.0,0.0
2023-06-01 00:00:00-04:00,35.641175166038565,35.641175166038565,34.90240844739685,35.01408004760742,370400,0.0,0.0
2023-06-02 00:00:00-04:00,34.83368090098631,35.90746886511622,34.83368090098631,35.70989227294922,477100,0.0,0.0
2023-06-05 00:00:00-04:00,35.52090124490395,35.993370526810025,35.16011009538351,35.33191680908203,378800,0.0,0.0
2023-06-06 00:00:00-04:00,35.40063556237428,35.68411711577439,35.203058999522845,35.43499755859375,406100,0.0,0.0
2023-06-07 00:00:00-04:00,35.529498341055806,36.64623722052663,35.37487260484313,36.397117614746094,619700,0.0,0.0
2023-06-08 00:00:00-04:00,36.448661167709176,36.53456289936867,35.933244223870155,36.208133697509766,377900,0.0,0.0
2023-06-09 00:00:00-04:00,36.05350294998639,36.19094766771073,35.81297223626337,35.873104095458984,334200,0.0,0.0
2023-06-12 00:00:00-04:00,35.838748279709094,35.89888014378049,34.36980384855429,35.220245361328125,1308300,0.0,0.0
2023-06-13 00:00:00-04:00,34.97971844415897,35.28896990811572,34.66187484123627,34.747779846191406,738100,0.0,0.0
2023-06-14 00:00:00-04:00,34.644696066602876,34.89381238106627,34.24953960967392,34.301082611083984,758300,0.0,0.0
2023-06-15 00:00:00-04:00,34.40416613024984,34.56738400000812,34.112095669406486,34.42993927001953,1193900,0.0,0.0
2023-06-16 00:00:00-04:00,34.64470552815324,34.868052041378434,34.421355737986374,34.68765640258789,1112600,0.0,0.0
2023-06-20 00:00:00-04:00,34.79073657989502,35.12575796339079,34.12928267637763,34.36122131347656,617400,0.0,0.0
2023-06-21 00:00:00-04:00,34.30967830180744,34.593159950575505,33.88875517580455,34.36122131347656,507000,0.0,0.0
2023-06-22 00:00:00-04:00,34.47289441968434,34.47289441968434,33.828621553334834,33.88016128540039,615500,0.0,0.0
2023-06-23 00:00:00-04:00,33.91451774554426,34.11209433234984,32.85791081074534,33.003944396972656,625400,0.0,0.0
2023-06-26 00:00:00-04:00,33.1070379780949,33.48501023805131,32.78060545357622,33.381927490234375,521100,0.0,0.0
2023-06-27 00:00:00-04:00,33.45064202688877,33.68258062417352,33.17575256572334,33.56231689453125,404700,0.0,0.0
2023-06-28 00:00:00-04:00,33.44205853143454,33.64822402192216,32.9781812624253,33.631046295166016,867900,0.0,0.0
2023-06-29 00:00:00-04:00,33.44205717813688,33.940293157437715,33.33038229709275,33.88016128540039,382500,0.0,0.0
2023-06-30 00:00:00-04:00,34.06055569012548,34.06055569012548,33.63104050249182,33.73412322998047,457500,0.0,0.0
2023-07-03 00:00:00-04:00,33.51937023335235,33.888753607533566,33.476419364086425,33.57950210571289,273500,0.0,0.0
2023-07-05 00:00:00-04:00,33.54513890951406,33.88875240533434,33.45064503431642,33.62245178222656,658400,0.0,0.0
2023-07-06 00:00:00-04:00,33.41628185451677,33.45923271653703,32.9524046800402,33.19293212890625,469900,0.0,0.0
2023-07-07 00:00:00-04:00,32.557258693467226,32.71188445242688,30.9508692283799,32.08478927612305,2429800,0.0,0.0
2023-07-10 00:00:00-04:00,32.05901623863236,32.17927997772237,31.285887520280646,31.698225021362305,1022900,0.0,0.0
2023-07-11 00:00:00-04:00,31.784124299845182,32.19645849212378,31.526415839288664,32.17068862915039,663800,0.0,0.0
2023-07-12 00:00:00-04:00,32.45416961190001,33.3303810711396,32.11914825803157,33.30461120605469,1185600,0.0,0.0
2023-07-13 00:00:00-04:00,33.34755929891954,33.476415167505294,32.978175971043974,33.46782302856445,760100,0.0,0.0
2023-07-14 00:00:00-04:00,33.37333010221309,33.69976257540485,32.840732165804084,33.2015266418457,867400,0.0,0.0
2023-07-17 00:00:00-04:00,33.24448598362882,33.39911175893877,32.74624664608747,33.04690933227539,710900,0.0,0.0
2023-07-18 00:00:00-04:00,33.287427973467274,33.673992308547334,32.900863638387214,33.278839111328125,815800,0.0,0.0
2023-07-19 00:00:00-04:00,33.35614960727536,33.57090719183848,33.05548702272258,33.459232330322266,685100,0.0,0.0
2023-07-20 00:00:00-04:00,33.56232129879916,34.01760641417349,33.14998705294182,33.99183654785156,586800,0.0,0.0
2023-07-21 00:00:00-04:00,33.88015642762461,34.472889476921814,33.59667811108573,34.000423431396484,948700,0.0,0.0
2023-07-24 00:00:00-04:00,34.060559771665275,34.249544248550684,33.66540326121495,33.95747375488281,639400,0.0,0.0
2023-07-25 00:00:00-04:00,33.828615514544,33.9488792371502,33.502183069655246,33.85438537597656,673000,0.0,0.0
2023-07-26 00:00:00-04:00,33.596682289932225,34.27531714939328,33.596682289932225,33.82862091064453,616600,0.0,0.0
2023-07-27 00:00:00-04:00,33.70835311024949,33.89733756304715,33.14139319797491,33.416282653808594,846800,0.0,0.0
2023-07-28 00:00:00-04:00,33.67399176291349,33.67399176291349,32.78059937563578,33.46782302856445,863700,0.0,0.0
2023-07-31 00:00:00-04:00,33.75989202761959,33.81143502820834,33.11561926649349,33.19293212890625,9961200,0.0,0.0
2023-08-01 00:00:00-04:00,33.33897115037204,33.485004746082865,32.17927813910547,32.22222900390625,1086200,0.0,0.0
2023-08-02 00:00:00-04:00,32.849334053275065,33.519376922982836,32.47135846364141,33.2273063659668,1304500,0.0,0.0
2023-08-03 00:00:00-04:00,33.064078191137604,33.064078191137604,32.1792747403768,32.42839431762695,667000,0.0,0.0
2023-08-04 00:00:00-04:00,32.497125873665105,32.643159487916044,31.60373335384569,31.818490982055664,572700,0.0,0.0
2023-08-07 00:00:00-04:00,31.95592991514639,32.24800036741536,31.758353326396904,31.82707405090332,611600,0.0,0.0
2023-08-08 00:00:00-04:00,31.698227995332328,31.83567274960776,31.371795475075146,31.577960968017578,479000,0.0,0.0
2023-08-09 00:00:00-04:00,31.509241887482258,31.809901279237366,31.423340140392686,31.543603897094727,539900,0.0,0.0
2023-08-10 00:00:00-04:00,31.543595536855882,31.741172124349955,31.139850223271058,31.2171630859375,523600,0.0,0.0
2023-08-11 00:00:00-04:00,31.285891529238942,31.41474742445613,31.096907033713016,31.208581924438477,521700,0.0,0.0
2023-08-14 00:00:00-04:00,31.182799658436902,31.182799658436902,30.255048625836334,30.461214065551758,814800,0.0,0.0
2023-08-15 00:00:00-04:00,30.358137228485237,30.358137228485237,29.15549324831513,29.164085388183594,666000,0.0,0.0
2023-08-16 00:00:00-04:00,29.275762092796636,29.499108589180818,29.00946144827501,29.267169952392578,547800,0.0,0.0
2023-08-17 00:00:00-04:00,29.3194134248971,29.423910316209877,29.15396499633789,29.15396499633789,619000,0.46,0.0
2023-08-18 00:00:00-04:00,29.24975573982562,29.48486879142887,29.127846006799732,29.345542907714844,502600,0.0,0.0
2023-08-21 00:00:00-04:00,29.01463991174054,29.31070780152527,28.31801055983258,28.788236618041992,1328400,0.0,0.0
2023-08-22 00:00:00-04:00,28.796940650145256,28.796940650145256,28.44862434210171,28.50958251953125,609500,0.0,0.0
2023-08-23 00:00:00-04:00,28.73598490690383,28.74469131953027,28.161265341637367,28.38766860961914,886000,0.0,0.0
2023-08-24 00:00:00-04:00,28.291888511949033,28.727282280037077,28.100314191017226,28.23093032836914,621800,0.0,0.0
2023-08-25 00:00:00-04:00,28.65761350801809,29.058174919077963,28.526994067903185,29.023345947265625,1022300,0.0,0.0
2023-08-28 00:00:00-04:00,29.075592571435784,29.345537878149074,28.9972215676668,29.180086135864258,782700,0.0,0.0
2023-08-29 00:00:00-04:00,29.18009173639344,29.345543510433377,28.840485095477373,29.27587890625,686800,0.0,0.0
2023-08-30 00:00:00-04:00,29.197503895280768,29.432616919566055,29.058178027755122,29.214920043945312,643800,0.0,0.0
2023-08-31 00:00:00-04:00,29.302001804493518,29.44132767685589,28.927562899683856,28.98851776123047,650500,0.0,0.0
2023-09-01 00:00:00-04:00,29.21492124526827,29.35424711852302,28.823066188679643,29.04947280883789,505800,0.0,0.0
2023-09-05 00:00:00-04:00,28.91014978031991,28.927565931414346,28.16997830686667,28.58795928955078,538500,0.0,0.0
2023-09-06 00:00:00-04:00,28.640198240672262,28.901433807133497,28.50958211833687,28.66632080078125,470800,0.0,0.0
2023-09-07 00:00:00-04:00,29.17138253271194,29.336830969142323,28.936269498758765,29.04947280883789,758700,0.0,0.0
2023-09-08 00:00:00-04:00,29.12783998931654,29.310704551077613,28.944975427555466,29.301998138427734,650800,0.0,0.0
2023-09-11 00:00:00-04:00,29.545820463138455,29.85930449804561,29.545820463138455,29.68514633178711,733100,0.0,0.0
2023-09-12 00:00:00-04:00,29.641603569763134,29.911545534871568,29.467445427305588,29.7983455657959,683800,0.0,0.0
2023-09-13 00:00:00-04:00,29.8244743347168,29.902845349051926,29.667732306046542,29.824474334716797,761100,0.0,0.0
2023-09-14 00:00:00-04:00,29.963795525590342,30.468853832688758,29.963795525590342,30.285985946655273,650900,0.0,0.0
2023-09-15 00:00:00-04:00,30.24245663164588,30.643018179187592,30.042175857875026,30.38178253173828,2333300,0.0,0.0
2023-09-18 00:00:00-04:00,30.38177795119,30.4253166655688,30.042171328527978,30.059587478637695,759300,0.0,0.0
2023-09-19 00:00:00-04:00,30.146659951696225,30.477560105803413,29.98121153553785,30.050872802734375,638500,0.0,0.0
2023-09-20 00:00:00-04:00,30.19020151795685,30.338237122678027,29.902843365648657,29.99863052368164,389400,0.0,0.0
2023-09-21 00:00:00-04:00,29.85930683532039,30.016048865043146,29.545822775874875,29.554529190063477,603500,0.0,0.0
2023-09-22 00:00:00-04:00,29.36295878940918,29.65031696865327,29.310710337823412,29.4587459564209,486600,0.0,0.0
2023-09-25 00:00:00-04:00,29.258458120506987,29.362955010229182,29.04076124960503,29.206212997436523,488300,0.0,0.0
2023-09-26 00:00:00-04:00,29.075594272674067,29.241046024639605,28.413797230184052,28.43121337890625,745400,0.0,0.0
2023-09-27 00:00:00-04:00,28.422504461816818,28.65761749364838,28.013233259540677,28.16997528076172,597600,0.0,0.0
2023-09-28 00:00:00-04:00,28.24834602766165,28.265762176722603,27.63879575858685,27.95227813720703,1039000,0.0,0.0
2023-09-29 00:00:00-04:00,28.196099108651115,28.2831765266259,27.82166023213652,28.187389373779297,1257600,0.0,0.0
2023-10-02 00:00:00-04:00,27.952278520768264,27.960988256313644,26.942166774803155,27.055368423461914,956600,0.0,0.0
2023-10-03 00:00:00-04:00,26.863795007468035,27.41239040780639,26.585143270096463,27.28177261352539,991500,0.0,0.0
2023-10-04 00:00:00-04:00,27.377561819050364,27.630089352097812,26.89862765633305,27.595258712768555,519100,0.0,0.0
2023-10-05 00:00:00-04:00,27.65621597023081,27.79554186139404,27.464643285105282,27.621383666992188,640800,0.0,0.0
2023-10-06 00:00:00-04:00,27.255645066599847,27.917445353496614,27.011825656580157,27.812950134277344,640900,0.0,0.0
2023-10-09 00:00:00-04:00,27.73458385094909,28.1090211029891,27.699751551654884,27.900033950805664,520900,0.0,0.0
2023-10-10 00:00:00-04:00,28.039359069475477,28.18739135479446,27.90873961154277,28.013233184814453,353800,0.0,0.0
2023-10-11 00:00:00-04:00,28.100311355848657,28.518288932426618,27.94356934940811,28.50958251953125,354200,0.0,0.0
2023-10-12 00:00:00-04:00,28.422504461816818,28.422504461816818,27.891323536766716,28.16997528076172,392200,0.0,0.0
2023-10-13 00:00:00-04:00,28.457336760858112,28.535707771470268,28.143852718409484,28.50087547302246,302900,0.0,0.0
2023-10-16 00:00:00-04:00,28.57924696347883,29.14526019649117,28.43121467527642,28.857898712158203,630600,0.0,0.0
2023-10-17 00:00:00-04:00,28.753403531691582,29.153964982832967,28.692448672682705,28.82306480407715,618700,0.0,0.0
2023-10-18 00:00:00-04:00,28.657619077584084,28.709867528142528,28.204809138117238,28.457338333129883,387900,0.0,0.0
2023-10-19 00:00:00-04:00,28.361552076220153,28.527000525600197,27.891325971509165,27.917451858520508,508100,0.0,0.0
2023-10-20 00:00:00-04:00,28.00452730969719,28.11773062062991,27.386268950079238,27.429807662963867,569000,0.0,0.0
2023-10-23 00:00:00-04:00,27.290478348098674,27.61266876897482,27.08148956298828,27.08148956298828,444500,0.0,0.0
2023-10-24 00:00:00-04:00,27.42980762679557,27.516886713345436,27.23823496510221,27.351436614990234,439100,0.0,0.0
2023-10-25 00:00:00-04:00,27.246943259342025,27.595257947452,27.15986417209067,27.49076271057129,577300,0.0,0.0
2023-10-26 00:00:00-04:00,27.76070630165644,28.100314574812383,27.74329181297559,27.995820999145508,449900,0.0,0.0
2023-10-27 00:00:00-04:00,27.995822230776664,28.048067360013103,27.464641271599376,27.7171688079834,649000,0.0,0.0
2023-10-30 00:00:00-04:00,27.908739463379103,28.169975056066846,27.577840935248265,28.030649185180664,637500,0.0,0.0
2023-10-31 00:00:00-04:00,28.135147739983683,28.257057468979312,27.49076347298981,27.595258712768555,857400,0.0,0.0
2023-11-01 00:00:00-04:00,28.596663033109387,29.659024898101038,28.35284358414377,29.362957000732422,1366900,0.0,0.0
2023-11-02 00:00:00-04:00,29.310705828287116,30.120538433420663,29.241044558681402,29.902841567993164,838900,0.0,0.0
2023-11-03 00:00:00-04:00,30.425309406945182,30.834580532405482,30.320815853007087,30.51239013671875,666800,0.0,0.0
2023-11-06 00:00:00-05:00,30.425312042236328,30.599470195078002,30.085705471179832,30.425312042236328,632400,0.0,0.0
2023-11-07 00:00:00-05:00,30.294698975541248,30.442731261228623,29.989921346870066,30.181495666503906,532100,0.0,0.0
2023-11-08 00:00:00-05:00,29.99862864880694,30.050873770439132,29.162673484786424,29.49357032775879,440800,0.0,0.0
2023-11-09 00:00:00-05:00,29.58065093414746,29.754805767861193,29.232334623138936,29.25845718383789,370000,0.0,0.0
2023-11-10 00:00:00-05:00,29.36295368434041,29.371660097195473,29.040759938264966,29.136547088623047,444700,0.0,0.0
2023-11-13 00:00:00-05:00,29.04075970054186,29.21491785233178,28.814356428468276,28.997220993041992,476600,0.0,0.0
2023-11-14 00:00:00-05:00,29.73739512383275,30.5385180474261,29.589359518165686,30.390485763549805,1047100,0.0,0.0
2023-11-15 00:00:00-05:00,30.25986922666076,30.808466347058562,30.172791795012706,30.599475860595703,963300,0.0,0.0
2023-11-16 00:00:00-05:00,30.784759552663246,30.908286283051364,30.44947030885909,30.86417007446289,611500,0.46,0.0
2023-11-17 00:00:00-05:00,31.040645586893053,31.234760989431148,30.74947248308591,30.96123504638672,634700,0.0,0.0
2023-11-20 00:00:00-05:00,30.961226942759122,30.961226942759122,30.37888425341588,30.811227798461914,583400,0.0,0.0
2023-11-21 00:00:00-05:00,30.802409274828335,30.811231170940427,30.387709474683827,30.590646743774414,497800,0.0,0.0
2023-11-22 00:00:00-05:00,30.820056087460365,30.952408088617016,30.45829776559688,30.68770408630371,590000,0.0,0.0
2023-11-24 00:00:00-05:00,30.723003413770282,30.88182449472558,30.528888011302303,30.65241813659668,379600,0.0,0.0
2023-11-27 00:00:00-05:00,30.581823303885127,30.696528142659478,30.273006467782345,30.3524169921875,483900,0.0,0.0
2023-11-28 00:00:00-05:00,30.2818328520819,30.546533517384926,30.131837042555762,30.228891372680664,514600,0.0,0.0
2023-11-29 00:00:00-05:00,30.255361465335344,30.423004421751674,29.82301449814933,29.937719345092773,577200,0.0,0.0
2023-11-30 00:00:00-05:00,29.964191846650657,30.10536576456997,29.717138331754786,29.95536994934082,560700,0.0,0.0
2023-12-01 00:00:00-05:00,29.875959879173887,30.820061101178112,29.761255017235015,30.802413940429688,533800,0.0,0.0
2023-12-04 00:00:00-05:00,30.767117765669564,31.252402876538813,30.48476994240558,31.0406436920166,490800,0.0,0.0
2023-12-05 00:00:00-05:00,31.067114218436313,31.067114218436313,30.387713684735605,30.661239624023438,455100,0.0,0.0
2023-12-06 00:00:00-05:00,30.837699991636946,31.208280170413545,30.775936628507512,31.075931549072266,367700,0.0,0.0
2023-12-07 00:00:00-05:00,31.07593647155022,31.22593227266675,30.925937304582312,31.022994995117188,415300,0.0,0.0
2023-12-08 00:00:00-05:00,31.067117312659175,31.243585569586834,30.820063772471684,31.005353927612305,296600,0.0,0.0
2023-12-11 00:00:00-05:00,30.899474314147696,31.049470144704955,30.661242672216716,30.92594337463379,376100,0.0,0.0
2023-12-12 00:00:00-05:00,30.97888179700387,31.058292336458845,30.617123420787134,30.970056533813477,372400,0.0,0.0
2023-12-13 00:00:00-05:00,30.95241215438803,32.152388755029875,30.71418054052373,32.02886199951172,602600,0.0,0.0
2023-12-14 00:00:00-05:00,32.505324736097585,32.64649864967835,31.46416586124512,31.49063491821289,1003800,0.0,0.0
2023-12-15 00:00:00-05:00,31.30534117451614,31.54357275728449,30.608293584103325,30.767114639282227,1420500,0.0,0.0
2023-12-18 00:00:00-05:00,30.925937259044716,30.996525894184824,30.64358945018704,30.71417808532715,435300,0.0,0.0
2023-12-19 00:00:00-05:00,30.90828834858049,31.437692984573985,30.872997398861877,31.340635299682617,505700,0.0,0.0
2023-12-20 00:00:00-05:00,31.13769861225241,31.570042205533248,30.643588282651628,30.678882598876953,582300,0.0,0.0
2023-12-21 00:00:00-05:00,30.899469484097825,31.3847545903138,30.83770610871678,31.375932693481445,696500,0.0,0.0
2023-12-22 00:00:00-05:00,31.596517596726198,31.993566911117238,31.446518421589406,31.755338668823242,511800,0.0,0.0
2023-12-26 00:00:00-05:00,31.81710009411044,31.96709589419809,31.72886430066062,31.746511459350586,344000,0.0,0.0
2023-12-27 00:00:00-05:00,31.790621838990187,31.81709425509264,31.402394516611874,31.43768882751465,332500,0.0,0.0
2023-12-28 00:00:00-05:00,31.322995755125568,31.764164709423113,31.208290884569646,31.649459838867188,363100,0.0,0.0
2023-12-29 00:00:00-05:00,31.508287094450438,31.622991969325135,31.234764486632795,31.534759521484375,421900,0.0,0.0
2024-01-02 00:00:00-05:00,31.446518765472476,32.134741174851335,31.367108228555562,31.808277130126953,573500,0.0,0.0
2024-01-03 00:00:00-05:00,32.13473739796867,32.19650413351253,31.6318051785564,32.046504974365234,638100,0.0,0.0
2024-01-04 00:00:00-05:00,31.958277119520215,32.23179969130442,31.870041317451367,31.940629959106445,562800,0.0,0.0
2024-01-05 00:00:00-05:00,31.825922791098918,32.32885504593419,31.66710172474552,31.94944953918457,464200,0.0,0.0
2024-01-08 00:00:00-05:00,31.870037929254963,32.24062152684293,31.852390770717314,32.23179626464844,313300,0.0,0.0
2024-01-09 00:00:00-05:00,31.993565754093527,32.064154390629014,31.843569950232787,31.94944953918457,289200,0.0,0.0
2024-01-10 00:00:00-05:00,31.940624577528187,32.07297320955491,31.78180352641522,31.84356689453125,281400,0.0,0.0
2024-01-11 00:00:00-05:00,31.73769061554463,31.73769061554463,30.749469891239468,31.305343627929688,652100,0.0,0.0
2024-01-12 00:00:00-05:00,31.746513688406644,31.781808008264736,31.367108164561174,31.49063491821289,373300,0.0,0.0
2024-01-16 00:00:00-05:00,31.270048217365737,31.37593116931959,29.725957176144618,29.920072555541992,1198400,0.0,0.0
2024-01-17 00:00:00-05:00,29.64654627958664,30.29947767851319,29.584782907967398,29.937719345092773,642300,0.0,0.0
2024-01-18 00:00:00-05:00,29.82301438246473,29.94654112522405,29.40831794118005,29.540666580200195,646100,0.0,0.0
2024-01-19 00:00:00-05:00,29.646546210955584,29.74360389923294,29.28478787837263,29.699487686157227,493600,0.0,0.0
2024-01-22 00:00:00-05:00,30.193603085720813,30.255366467551593,29.84949185384879,30.043603897094727,812600,0.0,0.0
2024-01-23 00:00:00-05:00,30.008306923952883,30.25536379530707,29.664195722473792,30.228891372680664,861300,0.0,0.0
2024-01-24 00:00:00-05:00,30.502414850866302,30.617119697430137,29.27596595298403,29.470081329345703,2999300,0.0,0.0
2024-01-25 00:00:00-05:00,30.04360234675724,30.202423424941294,29.620080593550334,29.946544647216797,716600,0.0,0.0
2024-01-26 00:00:00-05:00,30.184773929119306,30.299478780233535,29.805368423461914,29.805368423461914,364800,0.0,0.0
2024-01-29 00:00:00-05:00,29.937719007761842,30.20241964969763,29.567135416370714,30.184772491455078,524000,0.0,0.0
2024-01-30 00:00:00-05:00,29.999480088263205,30.334769337570314,29.973011035845886,30.12300682067871,437900,0.0,0.0
2024-01-31 00:00:00-05:00,30.3347719781506,30.58182546448712,29.99948269965724,30.008304595947266,1284100,0.0,0.0
2024-02-01 00:00:00-05:00,29.928899079307314,30.449478559755086,29.725961772129622,30.440656661987305,489600,0.0,0.0
2024-02-02 00:00:00-05:00,30.01712992086822,30.352419200062826,29.575961056715283,30.096540451049805,489900,0.0,0.0
2024-02-05 00:00:00-05:00,29.681841593431994,29.681841593431994,29.178909341439052,29.187734603881836,538500,0.0,0.0
2024-02-06 00:00:00-05:00,29.16126251308798,29.258320205950643,28.94067807143701,29.011266708374023,438700,0.0,0.0
2024-02-07 00:00:00-05:00,29.064203975533907,29.196555983018534,28.72009279509551,28.799503326416016,425300,0.0,0.0
2024-02-08 00:00:00-05:00,28.84361811607669,29.055380644425583,28.61421179572899,29.028911590576172,723700,0.0,0.0
2024-02-09 00:00:00-05:00,28.92302679403095,29.32007940563911,28.852441532995602,29.258316040039062,428600,0.0,0.0
2024-02-12 00:00:00-05:00,29.293617272336995,29.584787012386993,29.26714484807661,29.452438354492188,565700,0.0,0.0
2024-02-13 00:00:00-05:00,28.949502070219935,29.11714502684987,28.155396768601683,28.508333206176758,1009500,0.0,0.0
2024-02-14 00:00:00-05:00,28.667154597587107,28.675976493995275,28.252454783524588,28.481861114501953,630300,0.0,0.0
2024-02-15 00:00:00-05:00,28.702444008146674,29.778897068126128,28.702444008146674,29.743602752685547,808300,0.0,0.0
2024-02-16 00:00:00-05:00,29.505370386627916,29.867128695633735,29.18773165367368,29.620075225830078,579900,0.0,0.0
2024-02-20 00:00:00-05:00,29.558317214906722,30.352422605826987,29.558317214906722,29.946544647216797,632400,0.0,0.0
2024-02-21 00:00:00-05:00,29.98183491874811,30.52888335535753,29.81419196590766,30.2906551361084,986800,0.0,0.0
2024-02-22 00:00:00-05:00,30.089344923720564,30.429335053515718,29.811981321236942,30.41144371032715,692500,0.475,0.0
2024-02-23 00:00:00-05:00,30.402491073268873,30.572486118303328,30.268285536581264,30.29512596130371,422300,0.0,0.0
2024-02-26 00:00:00-05:00,30.205653916167336,30.25933818175473,29.61514064700826,29.731454849243164,536000,0.0,0.0
2024-02-27 00:00:00-05:00,29.96408346964024,30.268287484009832,29.80303408479307,30.223548889160156,667100,0.0,0.0
2024-02-28 00:00:00-05:00,30.098286343959362,30.268284797920582,29.95513172714087,29.964080810546875,608300,0.0,0.0
2024-02-29 00:00:00-05:00,30.116187640107135,30.33986699079512,29.677774611005233,29.704618453979492,855900,0.0,0.0
2024-03-01 00:00:00-05:00,29.704618183932478,29.973032719702672,29.257259486623482,29.803037643432617,670200,0.0,0.0
2024-03-04 00:00:00-05:00,29.633036769607664,30.107239271489266,29.57040683007012,29.946189880371094,738000,0.0,0.0
2024-03-05 00:00:00-05:00,30.035661940749147,30.608280513418663,29.856717783520946,29.973031997680664,606500,0.0,0.0
2024-03-06 00:00:00-05:00,30.22355034289823,30.375654063936935,29.82093027449006,29.829875946044922,585200,0.0,0.0
2024-03-07 00:00:00-05:00,30.16092220975827,30.447231499727526,30.12513269524312,30.43828582763672,634000,0.0,0.0
2024-03-08 00:00:00-05:00,30.608276622352143,30.644066131863237,30.196707502201,30.509857177734375,500400,0.0,0.0
2024-03-11 00:00:00-04:00,30.545645678406956,31.127213242990482,30.420385812330593,30.903533935546875,424200,0.0,0.0
2024-03-12 00:00:00-04:00,30.70669699981082,31.037741440156562,30.411442070063426,30.814062118530273,436200,0.0,0.0
2024-03-13 00:00:00-04:00,30.894589232580543,31.18089851365914,30.527755252881345,30.65301513671875,377500,0.0,0.0
2024-03-14 00:00:00-04:00,30.518807659563738,30.59933235311439,29.874610111158496,30.187763214111328,435700,0.0,0.0
2024-03-15 00:00:00-04:00,30.026716698923877,30.64407046647545,30.026716698923877,30.36670684814453,968900,0.0,0.0
2024-03-18 00:00:00-04:00,30.304072158578396,30.44722678137862,29.937238224335594,30.062498092651367,498300,0.0,0.0
2024-03-19 00:00:00-04:00,30.143024889653926,30.491967506894564,30.062500195379265,30.071449279785156,378100,0.0,0.0
2024-03-20 00:00:00-04:00,30.026711744212967,30.40249134599972,29.92829230191394,30.160917282104492,427100,0.0,0.0
2024-03-21 00:00:00-04:00,30.196704643220272,30.993002382534648,30.196704643220272,30.241439819335938,565400,0.0,0.0
2024-03-22 00:00:00-04:00,30.527751232436668,30.527751232436668,30.02671176307296,30.1251277923584,335500,0.0,0.0
2024-03-25 00:00:00-04:00,30.268287907661982,30.38459869928743,29.973029560284367,30.187763214111328,240600,0.0,0.0
2024-03-26 00:00:00-04:00,30.304072110278923,30.321966864734858,29.96408201484241,30.1519718170166,325100,0.0,0.0
2024-03-27 00:00:00-04:00,30.384603318026265,31.046695722650853,30.384603318026265,31.02880096435547,474800,0.0,0.0
2024-03-28 00:00:00-04:00,31.028794276455297,31.39562820975344,30.98405909689707,31.332998275756836,482500,0.0,0.0
2024-04-01 00:00:00-04:00,31.368788750843702,31.368788750843702,30.81406158539382,31.046689987182617,410700,0.0,0.0
2024-04-02 00:00:00-04:00,30.930380265053714,31.377738965344424,30.930380265053714,31.359844207763672,495500,0.0,0.0
2024-04-03 00:00:00-04:00,31.207741308829974,31.31510643236545,30.957218136479547,31.010902404785156,433000,0.0,0.0
2024-04-04 00:00:00-04:00,31.341948812641093,31.359843569857837,30.66196510378454,30.975114822387695,362400,0.0,0.0
2024-04-05 00:00:00-04:00,30.742484134624235,31.001952946797072,30.330915033776144,30.95721435546875,407300,0.0,0.0
2024-04-08 00:00:00-04:00,31.01985128113487,31.8340474090483,30.9930108507469,31.708784103393555,738700,0.0,0.0
2024-04-09 00:00:00-04:00,31.914567467862543,32.01298692625286,31.529842132545085,31.592472076416016,363900,0.0,0.0
2024-04-10 00:00:00-04:00,31.019850579365272,31.019850579365272,30.17881745316686,30.313026428222656,556500,0.0,0.0
2024-04-11 00:00:00-04:00,30.581436176968406,30.59038184780265,30.22354790824,30.54564666748047,328700,0.0,0.0
2024-04-12 00:00:00-04:00,30.590386157165888,30.78722507400337,30.205657408661327,30.420391082763672,336700,0.0,0.0
2024-04-15 00:00:00-04:00,30.518809123366747,30.599333820779684,29.892506300496756,30.27723503112793,389500,0.0,0.0
2024-04-16 00:00:00-04:00,30.053554086894863,30.053554086894863,29.525670746122973,29.62409019470215,294900,0.0,0.0
2024-04-17 00:00:00-04:00,29.86566613403424,30.241445783202916,29.72251149438772,30.178815841674805,310000,0.0,0.0
2024-04-18 00:00:00-04:00,30.313024940292316,30.82301355954966,30.21460548515917,30.742488861083984,480800,0.0,0.0
2024-04-19 00:00:00-04:00,30.715648311529982,31.431421510027626,30.635123613381758,31.386686325073242,411300,0.0,0.0
2024-04-22 00:00:00-04:00,31.395628949736658,31.93245794323909,31.35089376912404,31.628253936767578,432700,0.0,0.0
2024-04-23 00:00:00-04:00,31.59246941973029,32.02193331862031,31.59246941973029,31.834043502807617,386300,0.0,0.0
2024-04-24 00:00:00-04:00,31.574568315189534,32.23665707961359,31.494043637021747,32.02192687988281,539500,0.0,0.0
2024-04-25 00:00:00-04:00,31.869829601241698,32.04877374571479,31.70878021252348,31.834043502807617,400300,0.0,0.0
2024-04-26 00:00:00-04:00,31.87877850075375,32.030878804174485,31.771409966847248,31.807199478149414,475600,0.0,0.0
2024-04-29 00:00:00-04:00,31.986141419964405,32.31718584403439,31.860881552104164,31.959300994873047,518300,0.0,0.0
2024-04-30 00:00:00-04:00,31.86088063429447,32.29034448876186,31.601411822301053,32.191925048828125,668600,0.0,0.0
2024-05-01 00:00:00-04:00,33.88293807393993,34.56292503048241,32.49612715117124,32.78243637084961,809700,0.0,0.0
2024-05-02 00:00:00-04:00,32.82717509076433,32.96138404519923,32.47823590492417,32.916648864746094,478100,0.0,0.0
2024-05-03 00:00:00-04:00,33.963464734196045,33.963464734196045,33.20295646506543,33.37295150756836,514300,0.0,0.0
2024-05-06 00:00:00-04:00,33.5519032511976,33.802423036622194,33.32822389618962,33.44453811645508,373600,0.0,0.0
2024-05-07 00:00:00-04:00,33.57873485760381,33.85609841363394,33.32821513801221,33.77557373046875,435000,0.0,0.0
2024-05-08 00:00:00-04:00,33.56979725792532,33.838211795312965,33.50716731297074,33.65032196044922,424800,0.0,0.0
2024-05-09 00:00:00-04:00,33.70399710953613,34.27661901550543,33.551896815581706,34.16925048828125,421800,0.0,0.0
2024-05-10 00:00:00-04:00,34.213988370933066,34.40187817006192,33.91873004680884,34.37503433227539,306600,0.0,0.0
2024-05-13 00:00:00-04:00,34.500298091133466,34.813447760702296,34.213988846648995,34.23188018798828,407600,0.0,0.0
2024-05-14 00:00:00-04:00,34.571877756986915,34.571877756986915,34.06188914202172,34.222938537597656,403900,0.0,0.0
2024-05-15 00:00:00-04:00,34.52714280450028,34.52714280450028,34.05294369937882,34.17820358276367,450800,0.0,0.0
2024-05-16 00:00:00-04:00,34.178198853366446,34.49134851849659,34.06188465785724,34.39292907714844,441000,0.0,0.0
2024-05-17 00:00:00-04:00,34.464508524845265,34.536084129309344,34.24082921464747,34.33924865722656,358700,0.0,0.0
2024-05-20 00:00:00-04:00,34.294517322037976,34.52714232896655,34.18714878369329,34.28556823730469,430200,0.0,0.0
2024-05-21 00:00:00-04:00,34.285572065517755,34.455567150597574,34.106627894705426,34.267677307128906,354800,0.0,0.0
2024-05-22 00:00:00-04:00,34.08195430836547,34.317504047298975,33.88264697842571,34.0275993347168,424500,0.475,0.0
2024-05-23 00:00:00-04:00,33.937002674360656,33.937002674360656,33.04916904118974,33.257537841796875,436400,0.0,0.0
2024-05-24 00:00:00-04:00,33.50214084193484,33.50214084193484,33.15787774129467,33.32094955444336,254000,0.0,0.0
2024-05-28 00:00:00-04:00,33.38436704557981,33.5746198042454,33.00386844012156,33.02198791503906,327100,0.0,0.0
2024-05-29 00:00:00-04:00,32.77737606542602,32.77737606542602,32.4693519424389,32.650543212890625,273000,0.0,0.0
2024-05-30 00:00:00-04:00,32.849853515625,32.9495088963185,32.58712977808509,32.849853515625,594100,0.0,0.0
2024-05-31 00:00:00-04:00,32.858914273008416,33.547437001977514,32.68678445475022,33.502140045166016,771300,0.0,0.0
2024-06-03 00:00:00-04:00,33.60179419330652,33.73768851470121,33.049162355007795,33.194114685058594,406800,0.0,0.0
2024-06-04 00:00:00-04:00,33.076344446271825,33.29377469961613,32.92233408610278,33.0129280090332,408800,0.0,0.0
2024-06-05 00:00:00-04:00,33.103523764429234,33.28471505734069,32.54183041081007,32.5508918762207,359200,0.0,0.0
2024-06-06 00:00:00-04:00,32.46935758558326,32.62336794587566,32.12509445748597,32.18851089477539,433800,0.0,0.0
2024-06-07 00:00:00-04:00,31.817063283203936,31.980135073493038,31.635872021112057,31.74458885192871,565100,0.0,0.0
2024-06-10 00:00:00-04:00,31.599641882997926,31.87142709417877,31.46374754943927,31.735532760620117,470900,0.0,0.0
2024-06-11 00:00:00-04:00,31.52716836225878,31.817073088574137,31.47281338603524,31.644943237304688,438100,0.0,0.0
2024-06-12 00:00:00-04:00,32.170391214653186,32.170391214653186,31.436571457554706,31.45469093322754,473700,0.0,0.0
2024-06-13 00:00:00-04:00,31.418448047423702,31.536222896580163,31.210079287184538,31.345970153808594,347600,0.0,0.0
2024-06-14 00:00:00-04:00,31.065136543969587,31.273505368520613,30.7571123129078,30.983600616455078,476900,0.0,0.0
2024-06-17 00:00:00-04:00,30.802405156559953,31.146668299501453,30.666510810259236,30.965476989746094,401800,0.0,0.0
2024-06-18 00:00:00-04:00,30.79334705276134,30.974534906029863,30.702749670190308,30.847702026367188,382600,0.0,0.0
2024-06-20 00:00:00-04:00,30.88393763280924,31.037947982586264,30.594032951869575,30.63932991027832,416700,0.0,0.0
2024-06-21 00:00:00-04:00,30.702746585942393,30.829579452864056,30.421903368026257,30.530616760253906,1157900,0.0,0.0
2024-06-24 00:00:00-04:00,30.66650755555639,31.355033768364613,30.62121059690921,31.237258911132812,475300,0.0,0.0
2024-06-25 00:00:00-04:00,31.201024442687732,31.47281314547581,30.530621064183993,30.802406311035156,445200,0.0,0.0
2024-06-26 00:00:00-04:00,30.61215724067759,30.893000500540815,30.503440376275428,30.693693161010742,815800,0.0,0.0
2024-06-27 00:00:00-04:00,30.75711080930319,31.201025927229576,30.684632896861363,31.137609481811523,679700,0.0,0.0
2024-06-28 00:00:00-04:00,31.309736915711195,31.38221135860475,31.09230667515768,31.35503387451172,1067100,0.0,0.0
2024-07-01 00:00:00-04:00,31.644946048100657,31.65400405963016,30.83864824042231,30.983600616455078,493300,0.0,0.0
2024-07-02 00:00:00-04:00,30.9835950324949,31.056069479481092,30.720867818304637,30.766164779663086,414600,0.0,0.0
2024-07-03 00:00:00-04:00,30.784287092075598,30.965478410142257,30.648396195478313,30.693693161010742,201200,0.0,0.0
2024-07-05 00:00:00-04:00,30.71180679190025,30.793342696711665,30.548734982277427,30.584970474243164,308300,0.0,0.0
2024-07-08 00:00:00-04:00,30.65744952048831,30.811459870946827,30.35848337298213,30.412841796875,350100,0.0,0.0
2024-07-09 00:00:00-04:00,30.30412772082555,30.802401166149526,30.30412772082555,30.711807250976562,537100,0.0,0.0
2024-07-10 00:00:00-04:00,30.883939271081537,31.092308055564047,30.757106398434498,31.083250045776367,326000,0.0,0.0
2024-07-11 00:00:00-04:00,31.499990365459116,32.396882018033196,31.45469340069201,32.333465576171875,414700,0.0,0.0
2024-07-12 00:00:00-04:00,32.54182826786926,33.031043689733494,32.54182826786926,32.659603118896484,457400,0.0,0.0
2024-07-15 00:00:00-04:00,32.5055890865271,32.68678034693872,32.36063676938498,32.42405319213867,403200,0.0,0.0
2024-07-16 00:00:00-04:00,32.677725418251455,33.42966808976035,32.64148646773467,33.41154861450195,469500,0.0,0.0
2024-07-17 00:00:00-04:00,33.50214091501749,34.26314155939267,33.50214091501749,33.79204559326172,700300,0.0,0.0
2024-07-18 00:00:00-04:00,33.69239344205777,34.18160892946981,33.656157945755794,33.87358474731445,508100,0.0,0.0
2024-07-19 00:00:00-04:00,33.75581009518306,33.764871561268706,33.012928849249185,33.302833557128906,440200,0.0,0.0
2024-07-22 00:00:00-04:00,33.60180256241077,34.19067349387462,33.40249176297309,34.17255401611328,518300,0.0,0.0
2024-07-23 00:00:00-04:00,34.03665603496177,34.516810048707015,33.85546473258766,34.42621612548828,649900,0.0,0.0
2024-07-24 00:00:00-04:00,34.462452535122516,35.40464447322037,34.41715557685435,35.2053337097168,632500,0.0,0.0
2024-07-25 00:00:00-04:00,35.323111413775386,36.0388117063607,35.25969151996327,35.622074127197266,1016000,0.0,0.0
2024-07-26 00:00:00-04:00,35.83949895657882,35.97538982176501,35.48617441284796,35.64924621582031,484300,0.0,0.0
2024-07-29 00:00:00-04:00,35.613012672852335,35.66736763952479,35.187213668924315,35.286869049072266,592800,0.0,0.0
2024-07-30 00:00:00-04:00,35.38652892187531,35.821385990145856,35.232515099565056,35.81232452392578,518700,0.0,0.0
2024-07-31 00:00:00-04:00,35.91197681356935,36.075048632071855,35.4952392578125,35.4952392578125,1033900,0.0,0.0
2024-08-01 00:00:00-04:00,35.63113609804723,35.94821829191763,35.28687296189029,35.89385986328125,476600,0.0,0.0
2024-08-02 00:00:00-04:00,35.73078077651321,36.22905763130659,35.24156884188992,35.91197204589844,507300,0.0,0.0
2024-08-05 00:00:00-04:00,35.2868723634927,35.314049849381654,34.036656173551066,34.20878601074219,624600,0.0,0.0
2024-08-06 00:00:00-04:00,34.027598430475535,34.71612124057737,34.027598430475535,34.58022689819336,588000,0.0,0.0
2024-08-07 00:00:00-04:00,34.299379315613905,34.83389169553048,33.88264178711928,34.66175842285156,742800,0.0,0.0
2024-08-08 00:00:00-04:00,34.525876009906334,34.806719282012565,34.04572193364439,34.462459564208984,796900,0.0,0.0
2024-08-09 00:00:00-04:00,34.462459564208984,34.59835046673026,33.81923364017183,34.462459564208984,539900,0.0,0.0
2024-08-12 00:00:00-04:00,34.46245908532799,34.53493354114484,33.88264961504506,34.190673828125,460300,0.0,0.0
2024-08-13 00:00:00-04:00,34.42621153963537,34.47150849521081,34.05477097441886,34.25408172607422,505300,0.0,0.0
2024-08-14 00:00:00-04:00,34.23597046030945,34.45339728157145,34.163492549264106,34.17255401611328,428800,0.0,0.0
2024-08-15 00:00:00-04:00,34.33562311164645,34.625527820748474,34.10913484166444,34.36280059814453,757100,0.0,0.0
2024-08-16 00:00:00-04:00,34.49869164409658,34.85201275853768,34.49869164409658,34.63458251953125,279400,0.0,0.0
2024-08-19 00:00:00-04:00,34.61646124087661,35.16003508209552,34.60740323202759,35.09661865234375,359900,0.0,0.0
2024-08-20 00:00:00-04:00,35.01508510473511,35.08755954821189,34.79765486243182,34.906368255615234,352300,0.0,0.0
2024-08-21 00:00:00-04:00,35.02414597650768,35.37746712518094,34.924490584638455,35.30499267578125,346500,0.0,0.0
2024-08-22 00:00:00-04:00,35.30040210147415,35.37377082118291,34.95189106176271,35.20868682861328,318800,0.475,0.0
2024-08-23 00:00:00-04:00,35.291228785413075,35.75896793003035,35.107801738476496,35.67642593383789,354400,0.0,0.0
2024-08-26 00:00:00-04:00,35.94239383877131,36.162507009266314,35.749797001200776,35.8598518371582,285500,0.0,0.0
2024-08-27 00:00:00-04:00,35.337087535415016,35.50217154117459,34.924381019596275,35.080291748046875,405100,0.0,0.0
2024-08-28 00:00:00-04:00,35.08946557685163,35.36460795059506,34.9335548304056,35.19952392578125,332200,0.0,0.0
2024-08-29 00:00:00-04:00,35.291232473684694,35.291232473684694,34.896865506058894,34.970237731933594,324200,0.0,0.0
2024-08-30 00:00:00-04:00,35.06194911559473,35.45631607872029,34.97940711171775,35.43797302246094,588000,0.0,0.0
2024-09-03 00:00:00-04:00,35.25454350892941,35.85985032910994,35.20868762075725,35.84151077270508,703900,0.0,0.0
2024-09-04 00:00:00-04:00,35.878194725091255,36.144163784442746,35.703940944092075,35.89653778076172,412600,0.0,0.0
2024-09-05 00:00:00-04:00,36.153335814434186,36.300080268936384,35.70394316755246,35.722286224365234,586400,0.0,0.0
2024-09-06 00:00:00-04:00,35.76813960063963,35.90571076776644,35.20868865224142,35.22703170776367,972000,0.0,0.0
2024-09-09 00:00:00-04:00,35.199518621680966,35.199518621680966,34.91520651099244,35.10780334472656,437600,0.0,0.0
2024-09-10 00:00:00-04:00,35.1903462625137,35.584713217253125,35.15366364935529,35.428802490234375,389200,0.0,0.0
2024-09-11 00:00:00-04:00,35.20869140069194,35.245377514600214,34.53918556547758,34.66758346557617,602200,0.0,0.0
2024-09-12 00:00:00-04:00,34.484152827060846,34.8418371527918,34.465813270584405,34.51166915893555,544900,0.0,0.0
2024-09-13 00:00:00-04:00,34.82349898800701,35.34626388549805,34.71344064221273,35.34626388549805,464400,0.0,0.0
2024-09-16 00:00:00-04:00,35.55720781973527,35.804833877892925,35.392123780963495,35.74063491821289,612800,0.0,0.0
2024-09-17 00:00:00-04:00,35.859856742193955,36.17168173554263,35.56637480711058,35.59389114379883,399400,0.0,0.0
2024-09-18 00:00:00-04:00,35.55719897422694,36.00659158019248,35.373771921380175,35.49300003051758,416800,0.0,0.0
2024-09-19 00:00:00-04:00,35.52968444092501,35.56636705087529,34.933547422339544,35.1628303527832,397700,0.0,0.0
2024-09-20 00:00:00-04:00,35.08028959137335,35.36460169460923,34.95189170558295,35.135318756103516,1191900,0.0,0.0
2024-09-23 00:00:00-04:00,35.263717421000415,35.456314253941194,35.08029036642726,35.41962814331055,474200,0.0,0.0
2024-09-24 00:00:00-04:00,35.34625897482801,35.658083914095485,35.05277709064451,35.061946868896484,375300,0.0,0.0
2024-09-25 00:00:00-04:00,35.23620553970377,35.364606943130426,34.94272361474671,35.34626388549805,509600,0.0,0.0
2024-09-26 00:00:00-04:00,35.34625914291897,35.667253861964916,34.99774809182619,35.02526092529297,455400,0.0,0.0
2024-09-27 00:00:00-04:00,35.30040880460017,35.75897476024091,35.190350456268355,35.511348724365234,352600,0.0,0.0
2024-09-30 00:00:00-04:00,35.566369340226295,35.593885672685026,35.272887450253826,35.538856506347656,462400,0.0,0.0
2024-10-01 00:00:00-04:00,35.54802510843085,35.72228238010932,35.3004026145572,35.4471435546875,368700,0.0,0.0
2024-10-02 00:00:00-04:00,35.17199901263165,35.31873994350802,34.78680538104859,34.878517150878906,421300,0.0,0.0
2024-10-03 00:00:00-04:00,34.933553206708915,34.933553206708915,34.585042115125,34.594215393066406,282800,0.0,0.0
2024-10-04 00:00:00-04:00,34.48415605652336,34.768468188654474,34.29155920826375,34.7409553527832,358900,0.0,0.0
2024-10-07 00:00:00-04:00,34.62172572675728,34.62172572675728,33.97973276190932,34.098960876464844,335800,0.0,0.0
2024-10-08 00:00:00-04:00,34.29155630471604,34.438297247905176,34.089786195863454,34.16315841674805,287200,0.0,0.0
2024-10-09 00:00:00-04:00,34.15398765942424,34.53001153422917,34.08978521870052,34.309898376464844,335600,0.0,0.0
2024-10-10 00:00:00-04:00,34.30073175140693,34.557527543587256,34.043932460646325,34.108131408691406,319900,0.0,0.0
2024-10-11 00:00:00-04:00,34.10812910959101,34.64923699134,34.05310344273588,34.47498321533203,257300,0.0,0.0
2024-10-14 00:00:00-04:00,34.46581765241446,34.85101136183187,34.38327564345638,34.83266830444336,329600,0.0,0.0
2024-10-15 00:00:00-04:00,35.052779497084195,35.47465929723832,34.92438160126166,35.12614822387695,491700,0.0,0.0
2024-10-16 00:00:00-04:00,35.34626281640321,35.4654874395368,35.1720055234565,35.33708953857422,420800,0.0,0.0
2024-10-17 00:00:00-04:00,35.355428896214015,35.36460217308315,34.73177901515427,34.7501220703125,423300,0.0,0.0
2024-10-18 00:00:00-04:00,34.795982189666326,34.97940926497101,34.566699220180595,34.83266830444336,296500,0.0,0.0
2024-10-21 00:00:00-04:00,34.85100695737214,35.10780273119664,34.51166918502119,34.786808013916016,345200,0.0,0.0
2024-10-22 00:00:00-04:00,34.786812872742246,35.41046283792112,34.786812872742246,35.34626388549805,390000,0.0,0.0
2024-10-23 00:00:00-04:00,35.116973659097404,35.33708330805843,34.97023272693012,35.272884368896484,299400,0.0,0.0
2024-10-24 00:00:00-04:00,35.41046201382884,35.52969013637431,34.96106585874541,35.18117904663086,323300,0.0,0.0
2024-10-25 00:00:00-04:00,35.42879492132158,35.48382057859376,34.63088790508071,34.64923095703125,310500,0.0,0.0
2024-10-28 00:00:00-04:00,34.86017692733218,35.11697620114899,34.75012209488501,35.02526092529297,236400,0.0,0.0
2024-10-29 00:00:00-04:00,34.62172151352699,34.70426350608521,34.28238376571198,34.56669235229492,392800,0.0,0.0
2024-10-30 00:00:00-04:00,34.603385687204664,34.88769783175012,34.36493293588756,34.48415756225586,402200,0.0,0.0
2024-10-31 00:00:00-04:00,34.37409973144531,34.72261079796038,34.31907056349656,34.37409973144531,572700,0.0,0.0
2024-11-01 00:00:00-04:00,34.36493297107193,34.53918677034435,33.63122466163317,33.65874099731445,407800,0.0,0.0
2024-11-04 00:00:00-05:00,33.447793450579056,33.70458920113745,33.2460233616662,33.38359451293945,440700,0.0,0.0
2024-11-05 00:00:00-05:00,33.38359975842576,34.2915583040396,33.22768552924565,34.14481735229492,668600,0.0,0.0
2024-11-06 00:00:00-05:00,33.73210888931513,34.55752896759381,33.44780025013724,34.31907272338867,873200,0.0,0.0
2024-11-07 00:00:00-05:00,34.190677463449106,34.236536859125614,33.48448545271529,33.52117156982422,1037800,0.0,0.0
2024-11-08 00:00:00-05:00,33.65873901413911,34.392443781767426,33.65873901413911,34.227359771728516,628200,0.0,0.0
2024-11-11 00:00:00-05:00,34.337411911143114,35.12614578626697,34.337411911143114,34.786808013916016,602600,0.0,0.0
2024-11-12 00:00:00-05:00,34.777635302024976,35.144489412230676,34.45664057953005,34.557525634765625,851000,0.0,0.0
2024-11-13 00:00:00-05:00,34.83266100487786,34.86017383590478,34.28238339286098,34.364925384521484,429700,0.0,0.0
2024-11-14 00:00:00-05:00,34.56669732248786,34.56669732248786,33.99807656898273,34.108131408691406,466000,0.0,0.0
2024-11-15 00:00:00-05:00,34.38327046209254,34.73177800421481,34.2548690797223,34.62172317504883,476400,0.0,0.0
2024-11-18 00:00:00-05:00,34.6217262611109,35.603057030214906,34.60338320485154,35.43797302246094,704700,0.0,0.0
2024-11-19 00:00:00-05:00,35.3737705251938,35.56636734872018,35.06194559723589,35.55719757080078,652000,0.0,0.0
2024-11-20 00:00:00-05:00,35.53885507289864,35.71310884473504,35.208687085351826,35.32791519165039,382200,0.0,0.0
2024-11-21 00:00:00-05:00,35.25454742880828,35.887370651118395,35.18117869929112,35.80482864379883,381500,0.0,0.0
2024-11-22 00:00:00-05:00,35.887367248535156,36.18084913593877,35.7864821937564,35.887367248535156,348500,0.0,0.0
2024-11-25 00:00:00-05:00,36.22670620675465,36.42847632289489,35.960737144311636,35.97908020019531,606700,0.0,0.0
2024-11-26 00:00:00-05:00,36.011576964244995,36.21581654484122,35.73306586964236,35.779483795166016,421800,0.475,0.0
2024-11-27 00:00:00-05:00,35.9465856291115,36.215810972307224,35.78876045686282,35.83517837524414,348300,0.0,0.0
2024-11-29 00:00:00-05:00,35.909453336164255,36.039424936733226,35.760913858162496,35.91873550415039,251300,0.0,0.0
2024-12-02 00:00:00-05:00,36.01157387529097,36.01157387529097,35.083201278607795,35.3338623046875,573700,0.0,0.0
2024-12-03 00:00:00-05:00,35.53810431684928,35.60309011977872,35.194607424013554,35.26887893676758,567000,0.0,0.0
2024-12-04 00:00:00-05:00,35.101772081679954,35.19460793250311,34.77683952087748,34.82325744628906,419500,0.0,0.0
2024-12-05 00:00:00-05:00,34.84182255544193,34.96251198508794,34.609729405370594,34.69328308105469,280200,0.0,0.0
2024-12-06 00:00:00-05:00,34.721139795982104,34.79540776913781,34.126978303432765,34.58188247680664,504800,0.0,0.0
2024-12-09 00:00:00-05:00,34.69328620617663,35.00893306036509,34.498328792505724,34.73970413208008,474900,0.0,0.0
2024-12-10 00:00:00-05:00,34.64686413387103,34.90680732098991,34.24766364424684,34.544742584228516,456900,0.0,0.0
2024-12-11 00:00:00-05:00,34.535459755498046,34.56330979888174,34.02485555852226,34.03413772583008,681900,0.0,0.0
2024-12-12 00:00:00-05:00,34.0527101562408,34.37763917737525,33.82989915499095,33.867034912109375,614700,0.0,0.0
2024-12-13 00:00:00-05:00,33.755629769321416,34.099126654637494,33.560672364800986,34.08055877685547,616100,0.0,0.0
2024-12-16 00:00:00-05:00,34.043421677078975,34.145543230117546,33.85774998951113,33.89488220214844,608300,0.0,0.0
2024-12-17 00:00:00-05:00,33.71849533056021,34.28480322991598,33.71849533056021,34.10841369628906,539400,0.0,0.0
2024-12-18 00:00:00-05:00,34.04341965547634,34.164109078396876,32.83653605065166,32.92008972167969,683400,0.0,0.0
2024-12-19 00:00:00-05:00,32.91081023682276,33.58852182752669,32.91081023682276,33.29144287109375,569000,0.0,0.0
2024-12-20 00:00:00-05:00,32.75298605097258,33.82989818634699,32.75298605097258,33.59780502319336,1705500,0.0,0.0
2024-12-23 00:00:00-05:00,33.39356296264652,33.913449342885656,33.337859332709314,33.90416717529297,511400,0.0,0.0
2024-12-24 00:00:00-05:00,33.90416613475918,34.03413772583008,33.57923361562168,34.03413772583008,253400,0.0,0.0
2024-12-26 00:00:00-05:00,33.89488449904467,34.266234982265885,33.746345014048316,34.19196701049805,382700,0.0,0.0
2024-12-27 00:00:00-05:00,33.90416616642375,34.117691429305395,33.681355194765366,33.913448333740234,402300,0.0,0.0
2024-12-30 00:00:00-05:00,33.755633232178305,34.18268384059265,33.56067580765796,34.043426513671875,435800,0.0,0.0
2024-12-31 00:00:00-05:00,34.164108250622654,34.340501297108055,33.79276136507575,34.00628662109375,424100,0.0,0.0
2025-01-02 00:00:00-05:00,34.24766374607961,34.34050312851263,33.66278803186271,33.746341705322266,450600,0.0,0.0
2025-01-03 00:00:00-05:00,33.755625289249664,34.00628629384826,33.625653703485966,33.96915054321289,577400,0.0,0.0
2025-01-06 00:00:00-05:00,33.727777070099215,33.95987021192552,32.67871507743545,32.715850830078125,599700,0.0,0.0
2025-01-07 00:00:00-05:00,32.86438785260474,33.46782785155397,32.86438785260474,33.45854568481445,659300,0.0,0.0
2025-01-08 00:00:00-05:00,33.26359339701537,33.969155045298166,33.022214527354535,33.92273712158203,464500,0.0,0.0
2025-01-10 00:00:00-05:00,33.49568359490377,33.49568359490377,32.37235010813473,32.678714752197266,543700,0.0,0.0
2025-01-13 00:00:00-05:00,32.72513443166404,32.910809661554225,32.307366049776235,32.817970275878906,359400,0.0,0.0
2025-01-14 00:00:00-05:00,32.910810604428114,33.44926489092953,32.910810604428114,33.3657112121582,293300,0.0,0.0
2025-01-15 00:00:00-05:00,33.75563095518517,33.89488473125162,33.32858037557761,33.43069839477539,368400,0.0,0.0
2025-01-16 00:00:00-05:00,33.43997949922385,34.414769963279426,33.43997949922385,34.396202087402344,410800,0.0,0.0
2025-01-17 00:00:00-05:00,34.470474619963255,34.74898568351354,34.30336727354102,34.544742584228516,434600,0.0,0.0
2025-01-21 00:00:00-05:00,34.75827333400423,35.17604176596143,34.75827333400423,34.92538070678711,476800,0.0,0.0
2025-01-22 00:00:00-05:00,34.711855050284264,34.73970509830879,33.597807090312465,33.61637496948242,451200,0.0,0.0
2025-01-23 00:00:00-05:00,33.68136120994068,33.690646920375755,33.05935318630416,33.254310607910156,593400,0.0,0.0
2025-01-24 00:00:00-05:00,32.966511014302064,33.495686679270655,32.93866096826288,33.40284729003906,402700,0.0,0.0
2025-01-27 00:00:00-05:00,33.69064596223267,34.27551821041722,33.449267078237746,34.219818115234375,462700,0.0,0.0
2025-01-28 00:00:00-05:00,34.08055946204128,34.219816777475955,33.51425157341588,33.876319885253906,443400,0.0,0.0
2025-01-29 00:00:00-05:00,33.76491029018871,33.867031842277356,33.34714191412625,33.42141342163086,399900,0.0,0.0
2025-01-30 00:00:00-05:00,33.87631612301404,34.05270563370925,33.61636939916922,33.913448333740234,307600,0.0,0.0
2025-01-31 00:00:00-05:00,33.80205184885419,34.10841655773293,33.746348208659604,33.99700927734375,583900,0.0,0.0
2025-02-03 00:00:00-05:00,33.89488664652801,34.26623715327693,33.68136134465868,34.12697982788086,470200,0.0,0.0
2025-02-04 00:00:00-05:00,33.89488664652801,34.19196917680368,33.68136134465868,34.12697982788086,475600,0.0,0.0
2025-02-05 00:00:00-05:00,34.42406198309359,34.62830157226542,34.09912940786331,34.210533142089844,489100,0.0,0.0
2025-02-06 00:00:00-05:00,34.21981433711974,34.45190748531892,33.876317469393875,34.099124908447266,340200,0.0,0.0
2025-02-07 00:00:00-05:00,33.99700927734375,34.11769872703486,33.80205184885419,33.99700927734375,361400,0.0,0.0
2025-02-10 00:00:00-05:00,33.922740236483754,34.21981922529854,33.71849710362576,34.12697982788086,487000,0.0,0.0
2025-02-11 00:00:00-05:00,34.089841280853626,34.65614910484096,33.9320161052777,34.55402755737305,353400,0.0,0.0
2025-02-12 00:00:00-05:00,34.024857599503974,34.54474399497297,33.94130392288068,34.33121871948242,393700,0.0,0.0
2025-02-13 00:00:00-05:00,34.49832879359351,34.75827201182958,34.396207231726265,34.58188247680664,421400,0.0,0.0
2025-02-14 00:00:00-05:00,34.600447287135204,34.94394415812353,34.108410941547035,34.136260986328125,306900,0.0,0.0
2025-02-18 00:00:00-05:00,34.043421896781766,34.489043865909665,33.969153929567426,34.451908111572266,371600,0.0,0.0
2025-02-19 00:00:00-05:00,34.284804497369414,34.906812513780565,34.26623661817583,34.73042297363281,450700,0.0,0.0
2025-02-20 00:00:00-05:00,34.59116628547856,34.99036684181744,34.34979093445223,34.80469512939453,429500,0.0,0.0
2025-02-21 00:00:00-05:00,34.98107876081217,35.40812929354874,34.869675043894,35.22245407104492,493800,0.0,0.0
2025-02-24 00:00:00-05:00,35.370996591994185,35.80733287129917,35.03678541240934,35.51025390625,646700,0.0,0.0
2025-02-25 00:00:00-05:00,35.64022437613599,36.07656064154979,35.500970607774065,35.8816032409668,651500,0.0,0.0
2025-02-26 00:00:00-05:00,36.38936055077529,37.771589609206664,36.342346591375,37.52711486816406,1059900,0.49,0.0
2025-02-27 00:00:00-05:00,36.68085282883787,37.63055140125313,36.20130465708654,37.5083122253418,1092100,0.0,0.0
2025-02-28 00:00:00-05:00,37.80920652103732,37.80920652103732,37.216824108589954,37.58353805541992,1052600,0.0,0.0
2025-03-03 00:00:00-05:00,37.32965974153556,37.649359735597635,37.32965974153556,37.536521911621094,936800,0.0,0.0
2025-03-04 00:00:00-05:00,37.60234123947765,37.70577051859341,37.32965524478583,37.423683166503906,1194100,0.0,0.0
2025-03-05 00:00:00-05:00,37.2356237983315,37.583535000527164,36.934730144008704,37.13219451904297,837000,0.0,0.0
2025-03-06 00:00:00-05:00,37.113387336095954,37.169802653107446,36.37995593252965,36.727867126464844,817500,0.0,0.0
2025-03-07 00:00:00-05:00,36.850106739582436,37.61174588505155,36.69025854130006,37.32965850830078,851900,0.0,0.0
2025-03-10 00:00:00-04:00,37.329658199700376,37.82801268073807,37.09458478986213,37.29204559326172,1473200,0.0,0.0
2025-03-11 00:00:00-04:00,37.442492205680445,37.53652013427296,36.57742378443551,36.96294403076172,1400900,0.0,0.0
2025-03-12 00:00:00-04:00,36.74667177006601,37.14159331907162,36.45517949322731,36.502193450927734,864000,0.0,0.0
2025-03-13 00:00:00-04:00,36.67144978048142,37.226223138586626,36.549210610204575,36.69965744018555,929800,0.0,0.0
2025-03-14 00:00:00-04:00,36.66205056526574,37.62114692060532,36.66205056526574,37.56473159790039,877200,0.0,0.0
2025-03-17 00:00:00-04:00,37.51771413513989,37.77159023751154,37.38607002492002,37.60234069824219,846300,0.0,0.0
2025-03-18 00:00:00-04:00,37.39547893098354,37.536520826473236,37.028764981000485,37.34846496582031,1045600,0.0,0.0
2025-03-19 00:00:00-04:00,37.254430651536374,37.348462161738674,36.8971216735737,37.22622299194336,679300,0.0,0.0
2025-03-20 00:00:00-04:00,37.39547682985394,37.630550229397706,37.179209732705935,37.61174392700195,1010200,0.0,0.0
2025-03-21 00:00:00-04:00,37.621147243271146,37.79980533186393,37.075778793144416,37.32965850830078,3994400,0.0,0.0
2025-03-24 00:00:00-04:00,37.376670527154474,37.66816283388312,37.235625052655195,37.33905792236328,743300,0.0,0.0
2025-03-25 00:00:00-04:00,37.235624815344906,37.37667028894527,36.6808514524844,37.28264236450195,833000,0.0,0.0
2025-03-26 00:00:00-04:00,37.48010502690742,37.63995322381882,37.39547845591444,37.56473159790039,663900,0.0,0.0
2025-03-27 00:00:00-04:00,37.74338859208352,37.78100120099594,37.57413543891344,37.64936065673828,1185800,0.0,0.0
2025-03-28 00:00:00-04:00,37.84681794610031,38.561439514160156,37.61174454270838,38.561439514160156,2423800,0.0,0.0
2025-03-31 00:00:00-04:00,38.580243748098326,39.47352335047495,38.561437446403154,39.37009048461914,1114600,0.0,0.0
2025-04-01 00:00:00-04:00,39.323080854800516,39.924868227584334,38.9375605949274,39.73680877685547,1121600,0.0,0.0
2025-04-02 00:00:00-04:00,39.68039274203566,39.98128642304023,39.5205409563507,39.89665985107422,542500,0.0,0.0
2025-04-03 00:00:00-04:00,40.122326124759226,40.51725130132082,39.614570307659214,39.84964370727539,1076500,0.0,0.0
2025-04-04 00:00:00-04:00,39.849642404050016,40.04710319240542,38.11009715161842,38.27935028076172,1150600,0.0,0.0
2025-04-07 00:00:00-04:00,37.29204504814795,38.175919764922966,36.21070594392419,37.19801712036133,1166600,0.0,0.0
2025-04-08 00:00:00-04:00,37.9126404471646,38.11010125679024,36.73727336091338,37.18861389160156,873900,0.0,0.0
2025-04-09 00:00:00-04:00,36.690256630924516,38.49561861767694,35.98503643229896,37.33905792236328,990300,0.0,0.0
2025-04-10 00:00:00-04:00,37.27323850516498,38.21353212471783,36.897123209505146,37.743385314941406,957900,0.0,0.0
2025-04-11 00:00:00-04:00,37.884429159962764,38.33576964746468,37.40487742597393,38.06308364868164,460900,0.0,0.0
2025-04-14 00:00:00-04:00,38.128899725021796,38.86233107523692,38.11009342507424,38.8247184753418,1038500,0.0,0.0
2025-04-15 00:00:00-04:00,38.871738661846756,39.41710709999428,38.55203868536872,39.20083999633789,725300,0.0,0.0
2025-04-16 00:00:00-04:00,39.45472104310961,39.77442103042286,39.069200786667366,39.116214752197266,613800,0.0,0.0
2025-04-17 00:00:00-04:00,39.01278328575713,39.91546428652688,39.01278328575713,39.34188461303711,531600,0.0,0.0
2025-04-21 00:00:00-04:00,39.43591420552007,39.43591420552007,38.50502550505168,38.7495002746582,668800,0.0,0.0
2025-04-22 00:00:00-04:00,39.15382532863165,39.379497373180314,38.805917697432264,39.36069107055664,601500,0.0,0.0
2025-04-23 00:00:00-04:00,39.16322981016796,39.33248294484358,38.664871763874,39.031585693359375,562400,0.0,0.0
2025-04-24 00:00:00-04:00,38.97517068453132,39.08800491290489,38.77770988814371,38.796512603759766,484700,0.0,0.0
2025-04-25 00:00:00-04:00,38.617860910592825,38.89994829545219,38.175921735920525,38.64606857299805,493500,0.0,0.0
2025-04-28 00:00:00-04:00,38.64606831963418,39.06920118761703,38.30756561218358,38.86233901977539,442700,0.0,0.0
2025-04-29 00:00:00-04:00,38.711884333928374,39.341882887434224,38.711884333928374,39.0786018371582,614000,0.0,0.0
2025-04-30 00:00:00-04:00,39.25725381175357,39.25725381175357,38.476808481312034,38.99397277832031,669400,0.0,0.0
2025-05-01 00:00:00-04:00,39.02218644793392,39.163231930110335,38.617859891759515,38.768306732177734,481800,0.0,0.0
2025-05-02 00:00:00-04:00,38.881134776871534,39.3700878271358,38.63666004520692,39.26665496826172,539900,0.0,0.0
2025-05-05 00:00:00-04:00,39.22904922218835,39.623970803221496,38.97516952569476,39.445316314697266,1169400,0.0,0.0
2025-05-06 00:00:00-04:00,39.595767847803806,39.71800703180876,39.285469208468726,39.30427551269531,1273000,0.0,0.0
2025-05-07 00:00:00-04:00,38.88113375214247,39.36068543302259,37.903231264322024,38.552032470703125,1002900,0.0,0.0
2025-05-08 00:00:00-04:00,38.429797727520864,38.59905085939214,37.80920410630463,38.08189010620117,710600,0.0,0.0
2025-05-09 00:00:00-04:00,38.138309633276734,38.24173891605024,37.33905792266669,37.61174392700195,824000,0.0,0.0
2025-05-12 00:00:00-04:00,37.43309234988599,37.517718923789765,36.727872096333066,36.897125244140625,1481600,0.0,0.0
2025-05-13 00:00:00-04:00,36.954247989904694,37.18277002703326,35.944932034425406,36.11632537841797,1028000,0.49,0.0
2025-05-14 00:00:00-04:00,36.05919696706317,36.173461630322684,35.2879304676712,35.67832565307617,934100,0.0,0.0
2025-05-15 00:00:00-04:00,35.85923894592729,36.54481239040852,35.840194835548076,36.5257682800293,561300,0.0,0.0
2025-05-16 00:00:00-04:00,36.563854635946356,37.09707517019835,36.563854635946356,37.087554931640625,523000,0.0,0.0
2025-05-19 00:00:00-04:00,36.90663869476157,37.31607797724325,36.70668098907309,37.258949279785156,1823800,0.0,0.0
2025-05-20 00:00:00-04:00,37.27800007647408,37.50652217188295,37.211347495955394,37.33512878417969,970500,0.0,0.0
2025-05-21 00:00:00-04:00,37.26846871017397,37.33512127729097,36.52576660098877,36.67811584472656,490700,0.0,0.0
2025-05-22 00:00:00-04:00,36.50672432498434,36.52576843544459,35.916371429887285,36.335330963134766,461200,0.0,0.0
2025-05-23 00:00:00-04:00,36.573372283977264,36.725721516157144,36.202021257557064,36.6305046081543,481100,0.0,0.0
2025-05-27 00:00:00-04:00,36.94472770974159,37.097076960063085,36.8019023307298,36.96377182006836,627500,0.0,0.0
2025-05-28 00:00:00-04:00,36.859033503088526,37.00186252397845,36.24963646090492,36.268680572509766,499900,0.0,0.0
2025-05-29 00:00:00-04:00,36.24011540680554,36.58289851111061,36.116330500302354,36.56385803222656,565900,0.0,0.0
2025-05-30 00:00:00-04:00,36.56386100350408,36.77333897888668,36.40198786149293,36.66859817504883,729200,0.0,0.0
2025-06-02 00:00:00-04:00,36.52577066761278,36.81142507738814,36.354377295288984,36.5162467956543,526500,0.0,0.0
2025-06-03 00:00:00-04:00,36.61146331861546,36.65907177628201,36.10680349693113,36.45911407470703,425900,0.0,0.0
2025-06-04 00:00:00-04:00,36.43054556528549,36.43054556528549,35.4878857673813,35.497406005859375,388600,0.0,0.0
2025-06-05 00:00:00-04:00,35.48789052070807,35.59263131945829,35.2117563480562,35.42123794555664,506500,0.0,0.0
2025-06-06 00:00:00-04:00,35.36410495721921,35.68784758724575,35.30697625516873,35.525978088378906,454800,0.0,0.0
2025-06-09 00:00:00-04:00,35.51645421650859,35.75450016116655,35.31649649474619,35.525978088378906,447000,0.0,0.0
2025-06-10 00:00:00-04:00,35.57358275655952,36.04967459509528,35.506930189747905,35.9925422668457,462800,0.0,0.0
2025-06-11 00:00:00-04:00,36.106802753659885,36.24011151759148,35.992541731153786,36.12584686279297,708500,0.0,0.0
2025-06-12 00:00:00-04:00,36.040152361886086,36.18298137285388,35.7925861928069,36.05919647216797,566400,0.0,0.0
2025-06-13 00:00:00-04:00,36.1544192369842,36.259160033800555,35.44028140301033,35.525978088378906,592900,0.0,0.0
2025-06-16 00:00:00-04:00,35.545018782103504,35.82114929081368,34.9737063904815,35.17366409301758,577800,0.0,0.0
2025-06-17 00:00:00-04:00,35.09749163332959,35.47836293254509,34.735660811626204,35.449798583984375,862500,0.0,0.0
2025-06-18 00:00:00-04:00,35.48789207405876,35.78307037143037,35.23080200195312,35.70689392089844,974300,0.0,0.0
2025-06-20 00:00:00-04:00,35.80210538510359,36.03063106951243,35.53549511353704,35.640235900878906,1816500,0.0,0.0
2025-06-23 00:00:00-04:00,35.90684766078991,36.39246339817785,35.84019509013551,36.363895416259766,499100,0.0,0.0
2025-06-24 00:00:00-04:00,36.09728823779212,36.44007499194529,36.07824412563995,36.221073150634766,682600,0.0,0.0
2025-06-25 00:00:00-04:00,36.049677224647745,36.16393825718892,35.640237923058066,35.76402282714844,579500,0.0,0.0
2025-06-26 00:00:00-04:00,35.706892607578105,36.002070894092874,35.57358745634335,35.91637420654297,683000,0.0,0.0
2025-06-27 00:00:00-04:00,35.849718573448925,36.12584909218817,35.61167264303371,35.84019470214844,1113200,0.0,0.0
2025-06-30 00:00:00-04:00,35.83067366827657,36.154416271751096,35.76402109982233,36.135372161865234,479800,0.0,0.0
2025-07-01 00:00:00-04:00,35.91637250130042,36.830468036904556,35.91637250130042,36.5352897644043,853500,0.0,0.0
2025-07-02 00:00:00-04:00,36.54480831074329,36.706677782457426,36.1163249557761,36.278194427490234,610300,0.0,0.0
2025-07-03 00:00:00-04:00,36.4972039306068,36.63050907096867,36.2305900175904,36.5257682800293,289700,0.0,0.0
2025-07-07 00:00:00-04:00,36.44959074406901,36.67811642946521,36.097283793363566,36.325809478759766,751100,0.0,0.0
2025-07-08 00:00:00-04:00,36.04015047490658,36.28772026331622,35.725931752438896,36.154415130615234,748300,0.0,0.0
2025-07-09 00:00:00-04:00,36.35437442655748,36.58289648342789,35.95445537859536,36.44007110595703,599100,0.0,0.0
2025-07-10 00:00:00-04:00,36.1829799350316,36.678115885807124,36.1829799350316,36.45911407470703,508900,0.0,0.0
2025-07-11 00:00:00-04:00,36.25916109096958,36.53529163428107,36.030635379226204,36.1925048828125,443900,0.0,0.0
2025-07-14 00:00:00-04:00,36.240116119384766,36.563858751171445,36.07824298734499,36.240116119384766,400700,0.0,0.0
2025-07-15 00:00:00-04:00,36.09728655123827,36.24011556955977,35.62119466655705,35.71641159057617,456700,0.0,0.0
2025-07-16 00:00:00-04:00,35.60215266111329,35.95445965957388,35.56406443633565,35.8687629699707,572300,0.0,0.0
2025-07-17 00:00:00-04:00,35.868757306243715,36.021110181297544,35.53549447279462,35.74497604370117,747500,0.0,0.0
2025-07-18 00:00:00-04:00,35.62118954236513,35.983020339714635,35.44027595983653,35.459320068359375,837300,0.0,0.0
2025-07-21 00:00:00-04:00,35.46884665686091,36.04967935777772,35.46884665686091,35.91637420654297,528200,0.0,0.0
2025-07-22 00:00:00-04:00,36.05919800218536,36.64955454909503,35.99254542951698,36.097286224365234,771500,0.0,0.0
2025-07-23 00:00:00-04:00,36.040157277517224,36.19250654825904,35.42123995425684,35.54502487182617,2003100,0.0,0.0
2025-07-24 00:00:00-04:00,35.545021482701564,35.668802756175545,35.15462265433772,35.192710876464844,629400,0.0,0.0
2025-07-25 00:00:00-04:00,35.230796379927035,35.45932206276229,35.16414381249436,35.39266586303711,502800,0.0,0.0
2025-07-28 00:00:00-04:00,35.24984415017377,35.36410518731102,35.00227433203472,35.116539001464844,616100,0.0,0.0
2025-07-29 00:00:00-04:00,35.11653259388788,35.43075129675426,35.02131205340397,35.345054626464844,499800,0.0,0.0
2025-07-30 00:00:00-04:00,35.487884414997495,35.678321867933676,35.36409952574514,35.459320068359375,777500,0.0,0.0
2025-07-31 00:00:00-04:00,35.09749325116964,35.54502077147676,35.09749325116964,35.51645278930664,499600,0.0,0.0
2025-08-01 00:00:00-04:00,35.84019410259713,35.944934891394496,35.44027868969,35.72593307495117,533600,0.0,0.0
2025-08-04 00:00:00-04:00,35.716411589818485,36.468637639349126,35.716411589818485,36.37342071533203,557300,0.0,0.0
2025-08-05 00:00:00-04:00,36.32580741118484,36.47815664868012,36.16393430318168,36.421024322509766,777100,0.0,0.0
2025-08-06 00:00:00-04:00,35.48788881514365,35.525977036911904,34.1643539831851,34.91657638549805,1845400,0.0,0.0
2025-08-07 00:00:00-04:00,34.88800991205326,35.640235900878906,34.754704776269996,35.640235900878906,934600,0.0,0.0
2025-08-08 00:00:00-04:00,35.66880472526515,35.792589637865426,35.45932675658734,35.535499572753906,1022400,0.0,0.0
2025-08-11 00:00:00-04:00,35.7068919036034,35.7735444779067,35.47836619721147,35.583106994628906,616700,0.0,0.0
2025-08-12 00:00:00-04:00,35.64024061348587,36.08776817047002,35.506935460076036,36.030635833740234,847500,0.0,0.0
2025-08-13 00:00:00-04:00,35.94493647853209,36.10680597215344,35.77354311334905,36.01158905029297,885600,0.0,0.0
2025-08-14 00:00:00-04:00,36.01158986670394,36.01158986670394,35.60215055529467,35.71641159057617,611600,0.0,0.0
2025-08-15 00:00:00-04:00,35.61166826791583,35.735449521273736,35.335534150808755,35.506927490234375,578000,0.0,0.0
2025-08-18 00:00:00-04:00,35.49740532744833,35.61166998075607,35.05940171997908,35.13557815551758,1029200,0.0,0.0
2025-08-19 00:00:00-04:00,35.17418242979637,35.84968185424805,35.17418242979637,35.84968185424805,885200,0.49,0.0
2025-08-20 00:00:00-04:00,36.00407877010358,36.26462868678749,35.473326894724096,35.52157974243164,672400,0.0,0.0
2025-08-21 00:00:00-04:00,35.463680919419154,35.6470292370446,35.30928136742517,35.33823013305664,627700,0.0,0.0
2025-08-22 00:00:00-04:00,35.704930979133884,36.07163130100014,35.386479827761036,36.00408172607422,675600,0.0,0.0
2025-08-25 00:00:00-04:00,35.94618229132491,36.119882258636125,35.49263196765941,35.511932373046875,422300,0.0,0.0
2025-08-26 00:00:00-04:00,35.51192955030369,35.76283111922128,35.43473161606602,35.502281188964844,453200,0.0,0.0
2025-08-27 00:00:00-04:00,35.51192812609448,35.811078852060106,35.50227976514258,35.753177642822266,561100,0.0,0.0
2025-08-28 00:00:00-04:00,35.76283056152289,35.76283056152289,35.23207866677226,35.27067947387695,560000,0.0,0.0
2025-08-29 00:00:00-04:00,35.28998087004718,35.57947956912411,35.20313089220653,35.26103210449219,455700,0.0,0.0
2025-09-02 00:00:00-04:00,35.22243106917199,35.41543142770396,34.98118154130095,35.18383026123047,492900,0.0,0.0
2025-09-03 00:00:00-04:00,35.00047902018849,35.30927809556221,34.93292945252395,35.13557815551758,694800,0.0,0.0
2025-09-04 00:00:00-04:00,35.40577687821598,35.415428920105775,34.86538033000018,35.32857894897461,485700,0.0,0.0
2025-09-05 00:00:00-04:00,35.43472791083108,35.59877580466721,35.203126769984195,35.57947540283203,665100,0.0,0.0
2025-09-08 00:00:00-04:00,35.45403059282312,35.52158016300294,34.74957876464707,34.8460807800293,754900,0.0,0.0
2025-09-09 00:00:00-04:00,34.81713211314039,35.10663079774378,34.69168133338123,34.92327880859375,515100,0.0,0.0
2025-09-10 00:00:00-04:00,34.88468179862419,35.106630913591715,34.74957897626632,34.96187973022461,504300,0.0,0.0
2025-09-11 00:00:00-04:00,34.88468125406096,35.2706782683885,34.79783128163155,35.164527893066406,560300,0.0,0.0
2025-09-12 00:00:00-04:00,35.010129224081815,35.2417303833937,35.010129224081815,35.11627960205078,408600,0.0,0.0
2025-09-15 00:00:00-04:00,35.106630466598595,35.42507791230591,34.76887893676758,34.76887893676758,585200,0.0,0.0
2025-09-16 00:00:00-04:00,34.73992917217634,34.81713078174534,34.25743015589611,34.30567932128906,691800,0.0,0.0
2025-09-17 00:00:00-04:00,34.4890314461188,35.164527126765556,34.4504306411746,34.77853012084961,897200,0.0,0.0
2025-09-18 00:00:00-04:00,34.73992911012154,35.17417896023313,34.55658080948569,35.13557815551758,747200,0.0,0.0
2025-09-19 00:00:00-04:00,35.21278064236575,35.24172940603607,35.03908069799294,35.08732986450195,1197700,0.0,0.0
2025-09-22 00:00:00-04:00,35.17417745127715,35.44437571034394,35.12592828804026,35.30927658081055,597000,0.0,0.0
2025-09-23 00:00:00-04:00,35.22242596908207,35.58912622907825,35.16452476555368,35.473323822021484,602400,0.0,0.0
2025-09-24 00:00:00-04:00,35.45403463868834,35.540884621855554,35.26103426707498,35.39613342285156,693800,0.0,0.0
2025-09-25 00:00:00-04:00,35.59877625873216,35.83037740253313,35.415427960722226,35.77247619628906,791000,0.0,0.0
2025-09-26 00:00:00-04:00,35.840027837706806,36.361127680543134,35.820727434508186,36.303226470947266,522800,0.0,0.0
2025-09-29 00:00:00-04:00,36.11987707723011,36.30322538034572,36.04267546675486,36.23567581176758,569500,0.0,0.0
2025-09-30 00:00:00-04:00,36.23567453628475,36.5155248426438,36.16812497008433,36.486576080322266,476900,0.0,0.0
2025-10-01 00:00:00-04:00,36.438322974333666,36.60237454905826,35.89792644859439,35.936527252197266,532800,0.0,0.0
2025-10-02 00:00:00-04:00,35.87862876127667,35.87862876127667,35.20312937182081,35.434730529785156,524300,0.0,0.0
2025-10-03 00:00:00-04:00,35.58913344663669,35.89793256572967,35.52158386940859,35.67598342895508,724300,0.0,0.0
2025-10-06 00:00:00-04:00,35.685627430952714,36.071628123246505,35.685627430952714,35.87862777709961,448200,0.0,0.0
2025-10-07 00:00:00-04:00,35.85932781904486,36.409376419620415,35.704928276447774,36.07162857055664,506500,0.0,0.0
2025-10-08 00:00:00-04:00,36.25497991860627,36.25497991860627,35.86897918914261,36.197078704833984,409500,0.0,0.0
2025-10-09 00:00:00-04:00,36.18743059284546,36.25498016879137,35.83038230839194,35.840030670166016,372100,0.0,0.0
2025-10-10 00:00:00-04:00,36.10057865279001,36.129527417716815,35.704929580362744,35.78213119506836,357000,0.0,0.0
2025-10-13 00:00:00-04:00,35.72422942919471,35.917229781785586,35.40577829524342,35.55052947998047,386600,0.0,0.0
2025-10-14 00:00:00-04:00,35.59878253592831,36.12953080263983,35.54088500065036,36.02338409423828,383500,0.0,0.0
2025-10-15 00:00:00-04:00,36.052329461640724,36.68922805786133,36.052329461640724,36.68922805786133,580800,0.0,0.0
2025-10-16 00:00:00-04:00,36.68922782989661,37.13312606789137,36.59272581217455,37.0462760925293,460400,0.0,0.0
2025-10-17 00:00:00-04:00,37.01732645236852,37.15242559280884,36.882227311928204,37.09452438354492,337900,0.0,0.0
2025-10-20 00:00:00-04:00,37.20067498152892,37.654225253859146,37.07522420129759,37.64457321166992,326900,0.0,0.0
2025-10-21 00:00:00-04:00,37.52877229539325,37.80862260382957,37.499823532856844,37.50947189331055,506300,0.0,0.0
2025-10-22 00:00:00-04:00,37.827927288617765,37.96302643731673,37.480527374148586,37.702476501464844,512200,0.0,0.0
2025-10-23 00:00:00-04:00,37.78932494922402,37.89547532780894,37.12347759424893,37.441925048828125,353900,0.0,0.0
2025-10-24 00:00:00-04:00,37.64456973859569,37.87617087448798,37.44192104542442,37.79896926879883,390900,0.0,0.0
2025-10-27 00:00:00-04:00,37.59632122407754,37.90512028980989,37.47087413443175,37.63492202758789,542000,0.0,0.0
2025-10-28 00:00:00-04:00,37.39367881072562,37.586679179532275,36.920828091208094,37.490177154541016,636600,0.0,0.0
2025-10-29 00:00:00-04:00,37.39367578123793,37.47087739497637,36.7857259571622,36.930477142333984,652300,0.0,0.0
2025-10-30 00:00:00-04:00,37.01732711720195,37.23927623493662,36.70852802459932,36.930477142333984,631500,0.0,0.0
2025-10-31 00:00:00-04:00,36.69887357854245,36.96907552775336,36.303224536986605,36.71817398071289,989100,0.0,0.0
2025-11-03 00:00:00-05:00,36.409374159936156,36.805023193359375,35.98477636443998,36.805023193359375,584300,0.0,0.0
2025-11-04 00:00:00-05:00,36.920824009370186,37.48052464891335,36.83397403706781,37.33577346801758,764800,0.0,0.0
2025-11-05 00:00:00-05:00,38.049874993117136,38.76397151844505,37.78932506700812,38.34902572631836,764900,0.0,0.0
2025-11-06 00:00:00-05:00,38.30077413330489,39.420171807471135,38.30077413330489,39.00522232055664,921400,0.0,0.0
2025-11-07 00:00:00-05:00,39.21751830912862,39.70001731132002,39.08241917750307,39.410518646240234,764700,0.0,0.0
2025-11-10 00:00:00-05:00,39.36227296923853,39.864072417711476,39.36227296923853,39.690372467041016,634500,0.0,0.0
2025-11-11 00:00:00-05:00,39.806171735371926,40.47201910099492,39.65177218619084,40.39482116699219,920000,0.0,0.0
2025-11-12 00:00:00-05:00,40.288670349079595,40.46237030016848,40.11497039799072,40.201820373535156,773500,0.0,0.0
2025-11-13 00:00:00-05:00,40.14391851005637,40.14391851005637,39.815819016798315,39.89302062988281,499800,0.0,0.0
2025-11-14 00:00:00-05:00,39.989517538551986,39.989517538551986,39.31402185403664,39.67107009887695,662700,0.0,0.0
2025-11-17 00:00:00-05:00,39.6421228579248,39.86407197438531,39.47807127026017,39.497371673583984,573800,0.0,0.0
2025-11-18 00:00:00-05:00,39.71932067430202,39.893020622534614,39.352620374569256,39.458770751953125,615300,0.0,0.0
2025-11-19 00:00:00-05:00,39.40087080700356,39.53596994041584,39.14996926108763,39.24646759033203,1263800,0.0,0.0
2025-11-20 00:00:00-05:00,39.36227047222728,39.69036994921622,39.31402130702971,39.40087127685547,655700,0.0,0.0
2025-11-21 00:00:00-05:00,39.603522586897704,40.0570691870269,39.38157346743542,39.76757049560547,835300,0.0,0.0
2025-11-24 00:00:00-05:00,39.757801578815304,40.11915004634293,39.58201143933494,40.041019439697266,840500,0.49,0.0
2025-11-25 00:00:00-05:00,40.29493713378906,40.55862234741651,40.187513136064496,40.29493713378906,732500,0.0,0.0
2025-11-26 00:00:00-05:00,40.236342891313996,40.62698475453752,40.22657470258675,40.48049545288086,1002100,0.0,0.0
2025-11-28 00:00:00-05:00,40.57815421365692,40.57815421365692,40.23634212416927,40.412132263183594,282100,0.0,0.0
2025-12-01 00:00:00-05:00,40.089850335353304,40.28517313199688,39.582012554269006,39.7089729309082,694700,0.0,0.0
2025-12-02 00:00:00-05:00,39.91405855513098,39.91405855513098,38.45891141699098,38.51750564575195,753200,0.0,0.0
2025-12-03 00:00:00-05:00,38.800721790619626,38.84955155425622,38.06826415965418,38.41007995605469,693000,0.0,0.0
2025-12-04 00:00:00-05:00,38.20499018928864,38.45891092893832,37.61902555628091,37.7069206237793,781700,0.0,0.0
2025-12-05 00:00:00-05:00,37.62879055099506,37.99013901441389,37.443235950530074,37.80458068847656,525000,0.0,0.0
2025-12-08 00:00:00-05:00,37.8924777689348,37.8924777689348,37.29674490756132,37.355342864990234,523400,0.0,0.0
2025-12-09 00:00:00-05:00,37.56043002180596,37.814350777808976,37.394408064434586,37.540897369384766,413500,0.0,0.0
2025-12-10 00:00:00-05:00,37.492065424287674,37.882710999085745,37.48230096138026,37.6776237487793,851200,0.0,0.0
2025-12-11 00:00:00-05:00,37.83388253992927,38.400314544924655,37.70692216491537,37.84364700317383,698800,0.0,0.0
2025-12-12 00:00:00-05:00,37.93154217602984,38.39055018467678,37.59949454273742,37.6580924987793,1251300,0.0,0.0
2025-12-15 00:00:00-05:00,37.90224597035381,38.07803611722576,37.433473487186134,37.882713317871094,1288300,0.0,0.0
2025-12-16 00:00:00-05:00,38.04873500231564,38.16593091636969,37.43347321815814,37.57019805908203,1016100,0.0,0.0
2025-12-17 00:00:00-05:00,37.550665676609924,38.00966997079997,37.326045761267444,37.882713317871094,887400,0.0,0.0
2025-12-18 00:00:00-05:00,37.970606067141695,38.00966764424366,37.648322909112444,37.6776237487793,1173000,0.0,0.0
2025-12-19 00:00:00-05:00,37.51160177592052,37.5506670823484,36.661951851213836,36.808441162109375,2597000,0.0,0.0
2025-12-22 00:00:00-05:00,36.83774137025141,37.453003171267525,36.7596107587412,37.4237060546875,851600,0.0,0.0
2025-12-23 00:00:00-05:00,37.48230337830109,37.72645594692517,37.30651323085395,37.511600494384766,881400,0.0,0.0
2025-12-24 00:00:00-05:00,37.48230236843391,37.69715408971312,37.37487464505808,37.4725341796875,313900,0.0,0.0
2025-12-26 00:00:00-05:00,37.53113391445314,37.7459893713874,37.40417353303994,37.57996368408203,412000,0.0,0.0
2025-12-29 00:00:00-05:00,37.76551344918272,37.912006464730034,37.59949150866977,37.7264518737793,550500,0.0,0.0
2025-12-30 00:00:00-05:00,37.726453808191636,37.843645991355196,37.648323202434376,37.80458068847656,368600,0.0,0.0
2025-12-31 00:00:00-05:00,37.814351397980566,37.9413080525917,37.56043063781314,37.6385612487793,386900,0.0,0.0
2026-01-02 00:00:00-05:00,37.68738975235345,37.94130677852175,37.21861727871565,37.81435012817383,507500,0.0,0.0
2026-01-05 00:00:00-05:00,37.72645812758874,37.72645812758874,37.18932319066281,37.56043243408203,713900,0.0,0.0
2026-01-06 00:00:00-05:00,37.48230338868629,38.05850359981767,37.40417277847812,38.038970947265625,678200,0.0,0.0
2026-01-07 00:00:00-05:00,38.18546141883099,38.253823842113675,37.81435218543147,38.048736572265625,619100,0.0,0.0
2026-01-08 00:00:00-05:00,37.93154526694114,38.65423854845766,37.93154526694114,38.27335739135742,464300,0.0,0.0
2026-01-09 00:00:00-05:00,38.36124796686147,38.595636057142684,37.97060611702253,38.01943588256836,589800,0.0,0.0
2026-01-12 00:00:00-05:00,38.15616351255174,38.5077438110029,38.00967047970624,38.165931701660156,580700,0.0,0.0
2026-01-13 00:00:00-05:00,38.28312542752733,38.537042472437506,38.04873731067178,38.30265808105469,509900,0.0,0.0
2026-01-14 00:00:00-05:00,38.390549142314875,38.878854252988305,38.33195118786402,38.673763275146484,515500,0.0,0.0
2026-01-15 00:00:00-05:00,38.78118888131815,39.26949396537042,38.7030620051153,39.15230178833008,518900,0.0,0.0
2026-01-16 00:00:00-05:00,38.849554453534275,39.279265346738136,38.78119203424683,39.24020004272461,746200,0.0,0.0
2026-01-20 00:00:00-05:00,38.956983045006154,39.17183849639621,38.48821056281444,39.123008728027344,483000,0.0,0.0
2026-01-21 00:00:00-05:00,39.23043083512334,39.50388423064364,39.03511177107329,39.38669204711914,567900,0.0,0.0
2026-01-22 00:00:00-05:00,39.542950447119715,39.75780216763251,39.13277220709996,39.61131286621094,738400,0.0,0.0
2026-01-23 00:00:00-05:00,39.55271732388894,39.61131528331671,38.80072694252618,39.103477478027344,600200,0.0,0.0
2026-01-26 00:00:00-05:00,39.25973230379735,39.66014235226771,39.04487685933487,39.298797607421875,652100,0.0,0.0
2026-01-27 00:00:00-05:00,39.24996281967386,40.099616380837844,39.11323798697316,40.001953125,629300,0.0,0.0
2026-01-28 00:00:00-05:00,39.87499691588675,40.26563876708545,39.259731436545195,39.41598892211914,586300,0.0,0.0
2026-01-29 00:00:00-05:00,39.59178111855115,39.92382875835221,39.425755435914354,39.835933685302734,627800,0.0,0.0
2026-01-30 00:00:00-05:00,39.83593270203594,40.34377047540104,39.43552265146552,40.32423782348633,1153700,0.0,0.0
2026-02-02 00:00:00-05:00,40.52932803015794,40.6953499953076,40.167983257117804,40.44143295288086,662100,0.0,0.0
2026-02-03 00:00:00-05:00,40.480498500361364,41.398510859793134,40.28517569130896,41.28131866455078,707600,0.0,0.0
2026-02-04 00:00:00-05:00,41.31061424511702,41.574299468707,40.99809925244874,41.14459228515625,655100,0.0,0.0
2026-02-05 00:00:00-05:00,41.349677648765635,41.662192627060364,41.261782578278215,41.40827560424805,683300,0.0,0.0
2026-02-06 00:00:00-05:00,41.603597230867045,41.83798534174293,40.363305430040214,40.529327392578125,660200,0.0,0.0
2026-02-09 00:00:00-05:00,40.460960962359046,40.50979072735912,39.8945252570359,40.031253814697266,620800,0.0,0.0
2026-02-10 00:00:00-05:00,40.59769097834376,40.705118710344394,40.00195808304771,40.539093017578125,463800,0.0,0.0
2026-02-11 00:00:00-05:00,40.675817515921565,40.91997007309883,40.47072653653366,40.753944396972656,495600,0.0,0.0
2026-02-12 00:00:00-05:00,41.04692589322573,41.68172401928177,40.99809612786888,41.39850616455078,539100,0.0,0.0
2026-02-13 00:00:00-05:00,41.476639572679474,42.199329089937116,41.437574267564855,42.07237243652344,489400,0.0,0.0
2026-02-17 00:00:00-05:00,42.1016691916505,42.48254659957105,41.6719582900191,41.75985336303711,829900,0.0,0.0
2026-02-18 00:00:00-05:00,41.68172812711042,41.75009055044175,41.11529236182491,41.18365478515625,719100,0.0,0.0
2026-02-19 00:00:00-05:00,41.30084735920893,41.71102186597724,40.94926708170904,41.125057220458984,733900,0.0,0.0
2026-02-20 00:00:00-05:00,41.369213346410056,41.47664107663434,40.72465069053707,41.33991622924805,604600,0.0,0.0
2026-02-23 00:00:00-05:00,41.42780495914992,42.043070458926415,41.330145424474736,41.691490173339844,643900,0.0,0.0
2026-02-24 00:00:00-05:00,41.74032274279212,41.750087205854655,41.0176295355765,41.652427673339844,758100,0.0,0.0
2026-02-25 00:00:00-05:00,40.98352932527361,41.04281254776557,39.70896830949269,40.12394332885742,1224500,0.493,0.0
2026-02-26 00:00:00-05:00,40.00538234204371,40.12394502299416,39.16555361529227,39.29399871826172,1415300,0.0,0.0
2026-02-27 00:00:00-05:00,39.49160542250718,40.32155172142458,39.49160542250718,40.13382339477539,1091100,0.0,0.0
2026-03-02 00:00:00-05:00,40.025138206854464,40.22274518068326,39.22483542795515,39.44219970703125,1193400,0.0,0.0
2026-03-03 00:00:00-05:00,39.21495165011166,39.867052002867275,38.83950255876468,39.59040451049805,907400,0.0,0.0
2026-03-04 00:00:00-05:00,39.68920667616998,40.04489846803161,39.12602926206889,39.857173919677734,561300,0.0,0.0
2026-03-05 00:00:00-05:00,39.4421987650523,39.68920653417925,39.10627181731752,39.46195983886719,591800,0.0,0.0
2026-03-06 00:00:00-05:00,39.086512573805216,39.363160082089344,38.71105969181989,39.1853141784668,566900,0.0,0.0
2026-03-09 00:00:00-04:00,38.839502413276314,39.27423472380514,38.45416713301193,39.1951904296875,668400,0.0,0.0
2026-03-10 00:00:00-04:00,38.869143924787586,39.21495330484103,38.51345212299572,38.760459899902344,548200,0.0,0.0
2026-03-11 00:00:00-04:00,38.57273431494799,38.70117564179668,38.23680359657554,38.46405029296875,483600,0.0,0.0
2026-03-12 00:00:00-04:00,38.31584612174543,39.15567484600219,38.26644531891613,38.81974411010742,545700,0.0,0.0
2026-03-13 00:00:00-04:00,39.22483589755178,39.45208260101164,39.01735026861533,39.392799377441406,591200,0.0,0.0
2026-03-16 00:00:00-04:00,39.778131902837785,39.93621673393895,39.28411633451668,39.452083587646484,440300,0.0,0.0
2026-03-17 00:00:00-04:00,39.570646230159305,39.74849213610481,39.16555361529227,39.29399871826172,433000,0.0,0.0
2026-03-18 00:00:00-04:00,39.17543458342504,39.34339806111803,38.63201446373704,39.205074310302734,625300,0.0,0.0
2026-03-19 00:00:00-04:00,39.01734877285898,39.3631581411629,38.65177456174977,39.066749572753906,487600,0.0,0.0
2026-03-20 00:00:00-04:00,39.04698858814841,39.16555126197484,37.71314437370308,37.91075134277344,2129700,0.0,0.0
2026-03-23 00:00:00-04:00,38.43440957459392,38.72093571627885,37.73290466057247,38.32572555541992,803500,0.0,0.0
2026-03-24 00:00:00-04:00,38.17751949068347,39.02722680389042,38.13799734378097,38.64189529418945,483600,0.0,0.0
2026-03-25 00:00:00-04:00,38.91854429834336,39.066750470473224,38.47392955099331,38.8889045715332,479100,0.0,0.0
2026-03-26 00:00:00-04:00,38.80986031846466,39.23471399207437,38.76045951737878,39.12602996826172,435100,0.0,0.0
2026-03-27 00:00:00-04:00,39.155672617335014,39.60028735557142,39.06674966968774,39.46195983886719,425400,0.0,0.0
2026-03-30 00:00:00-04:00,39.89669799506888,40.104183627333065,39.5410061860219,39.975738525390625,492200,0.0,0.0
2026-03-31 00:00:00-04:00,39.99549952015515,39.99549952015515,38.92842786419027,39.659568786621094,819200,0.0,0.0
2026-04-01 00:00:00-04:00,39.52124236849563,40.301787809842864,38.58261210843598,40.1931037902832,422200,0.0,0.0
2026-04-02 00:00:00-04:00,40.361070300507265,40.87484694227119,40.24250761980471,40.84520721435547,524000,0.0,0.0
2026-04-06 00:00:00-04:00,40.64759727464222,40.84520424078694,40.469751382015914,40.509273529052734,409000,0.0,0.0
2026-04-07 00:00:00-04:00,40.578435083626445,41.131733830684745,40.36106704566794,40.953887939453125,536100,0.0,0.0
2026-04-08 00:00:00-04:00,40.74640288844345,41.25029707456983,40.598196720679525,41.22065734863281,491400,0.0,0.0
2026-04-09 00:00:00-04:00,41.19101348584371,41.81347410823877,41.09221188757628,41.58622741699219,576600,0.0,0.0
2026-04-10 00:00:00-04:00,41.566469130925114,41.57635155283819,41.181137595187174,41.36886215209961,390700,0.0,0.0
2026-04-13 00:00:00-04:00,41.35898046857753,41.35898046857753,40.48951208688083,40.79580307006836,452600,0.0,0.0
2026-04-14 00:00:00-04:00,40.59819764870443,41.36886069299864,40.15358290428874,41.200897216796875,428800,0.0,0.0
2026-04-15 00:00:00-04:00,40.87484552723539,41.03293035237931,40.77604392491026,40.91436767578125,438400,0.0,0.0
2026-04-16 00:00:00-04:00,40.687119716027254,41.428143017651294,40.687119716027254,41.37874221801758,493800,0.0,0.0
2026-04-17 00:00:00-04:00,41.49730531612556,41.49730531612556,40.716759859181344,41.25029754638672,504400,0.0,0.0
2026-04-20 00:00:00-04:00,41.329341697367475,41.69491213997199,40.68711999067571,40.77604293823242,538700,0.0,0.0
2026-04-21 00:00:00-04:00,40.73652001551284,40.73652001551284,39.73861030662178,39.87693405151367,733000,0.0,0.0
2026-04-22 00:00:00-04:00,40.07454239117993,40.40059069117406,39.491603896970325,39.649688720703125,558500,0.0,0.0
2026-04-23 00:00:00-04:00,39.98561975578637,40.81556602915093,39.98561975578637,40.756282806396484,382900,0.0,0.0
2026-04-24 00:00:00-04:00,40.67723893639314,40.924246713570284,40.36106928312956,40.627838134765625,407700,0.0,0.0
2026-04-27 00:00:00-04:00,40.785920547913605,41.102090182468025,40.538912785353006,40.55867385864258,482400,0.0,0.0
2026-04-28 00:00:00-04:00,40.924244344274335,41.02304971084863,40.41047151424541,40.716758728027344,400500,0.0,0.0
2026-04-29 00:00:00-04:00,40.430229082659544,40.65747954274542,40.01525784745447,40.03501892089844,455000,0.0,0.0
2026-04-30 00:00:00-04:00,40.13382351202559,40.66736122768257,40.13382351202559,40.60807800292969,699800,0.0,0.0
2026-05-01 00:00:00-04:00,40.54879752125539,41.02305200015995,40.222745446923746,40.232627868652344,472900,0.0,0.0
2026-05-04 00:00:00-04:00,39.946097900210816,40.27214620515237,39.55088395036212,40.07454299926758,529000,0.0,0.0
2026-05-05 00:00:00-04:00,40.538914669627815,40.87484539308608,40.10418234416869,40.44011306762695,531000,0.0,0.0
2026-05-06 00:00:00-04:00,40.43023008082632,40.55867517686352,39.79789079116545,40.094303131103516,515400,0.0,0.0
2026-05-07 00:00:00-04:00,40.09430322477517,40.8254441167639,39.71885035727207,40.4895133972168,588900,0.0,0.0
2026-05-08 00:00:00-04:00,40.529035498344264,40.71676004735917,40.163465052772295,40.33142852783203,559200,0.0,0.0
2026-05-11 00:00:00-04:00,40.61795744726768,40.657479594205626,40.173342716814226,40.1931037902832,516500,0.0,0.0
2026-05-12 00:00:00-04:00,40.37094926055052,40.5191516564599,39.77812836979499,40.32154846191406,633300,0.0,0.0
2026-05-13 00:00:00-04:00,40.14370350932508,40.35118912986856,39.77812929898913,40.301788330078125,515700,0.0,0.0
2026-05-14 00:00:00-04:00,40.50927357913417,40.776042418403435,40.36106741208255,40.6673583984375,330700,0.0,0.0
2026-05-15 00:00:00-04:00,40.60807444535767,40.60807444535767,39.76824956465157,39.926334381103516,674400,0.0,0.0
2026-05-18 00:00:00-04:00,40.282027354097536,40.86496583873376,40.123942532960896,40.696998596191406,642000,0.0,0.0
2026-05-19 00:00:00-04:00,40.56999969482422,41.18000030517578,40.439998626708984,40.91999816894531,715300,0.493,0.0
2026-05-20 00:00:00-04:00,41.09000015258789,41.33000183105469,40.810001373291016,41.15999984741211,652900,0.0,0.0
2026-05-21 00:00:00-04:00,41.220001220703125,41.43000030517578,40.810001373291016,40.91999816894531,777000,0.0,0.0
2026-05-22 00:00:00-04:00,41.04999923706055,41.68000030517578,40.970001220703125,41.470001220703125,540000,0.0,0.0
2026-05-26 00:00:00-04:00,41.470001220703125,41.7400016784668,41.34000015258789,41.5,548700,0.0,0.0
2026-05-27 00:00:00-04:00,41.38999938964844,41.790000915527344,41.189998626708984,41.709999084472656,956000,0.0,0.0
2026-05-28 00:00:00-04:00,41.79999923706055,42.11000061035156,41.099998474121094,41.279998779296875,639500,0.0,0.0
2026-05-29 00:00:00-04:00,41.33000183105469,41.88999938964844,41.189998626708984,41.470001220703125,1840800,0.0,0.0
2026-06-01 00:00:00-04:00,41.099998474121094,41.33000183105469,40.45000076293945,40.5,1132700,0.0,0.0
2026-06-02 00:00:00-04:00,40.45000076293945,41.90999984741211,40.45000076293945,41.849998474121094,591800,0.0,0.0
2026-06-03 00:00:00-04:00,42.0,42.599998474121094,41.0,41.08000183105469,1330400,0.0,0.0
2026-06-04 00:00:00-04:00,41.540000915527344,41.650001525878906,41.189998626708984,41.61000061035156,780600,0.0,0.0
2026-06-05 00:00:00-04:00,41.86000061035156,42.939998626708984,41.83000183105469,42.41999816894531,731000,0.0,0.0
2026-06-08 00:00:00-04:00,42.34000015258789,42.56999969482422,41.91999816894531,42.0,895300,0.0,0.0
2026-06-09 00:00:00-04:00,42.22999954223633,42.58000183105469,41.95000076293945,42.060001373291016,764800,0.0,0.0
2026-06-10 00:00:00-04:00,42.70000076293945,42.77000045776367,42.290000915527344,42.38999938964844,782500,0.0,0.0
2026-06-11 00:00:00-04:00,42.689998626708984,42.95000076293945,41.9900016784668,42.0099983215332,586900,0.0,0.0
2026-06-12 00:00:00-04:00,42.22999954223633,42.7400016784668,42.220001220703125,42.43000030517578,539600,0.0,0.0
2026-06-15 00:00:00-04:00,41.209999084472656,42.0,40.310001373291016,40.97999954223633,1989800,0.0,0.0
2026-06-16 00:00:00-04:00,41.209999084472656,41.9900016784668,40.560001373291016,41.02000045776367,937200,0.0,0.0
2026-06-17 00:00:00-04:00,40.5099983215332,40.86000061035156,39.06999969482422,39.400001525878906,1279300,0.0,0.0
2026-06-18 00:00:00-04:00,39.41999816894531,40.0099983215332,39.22999954223633,39.7599983215332,1432800,0.0,0.0
2026-06-22 00:00:00-04:00,39.560001373291016,40.0,39.5,39.709999084472656,990700,0.0,0.0
2026-06-23 00:00:00-04:00,40.11000061035156,40.7400016784668,39.779998779296875,40.68000030517578,558400,0.0,0.0
2026-06-24 00:00:00-04:00,40.93000030517578,41.27000045776367,40.88999938964844,41.130001068115234,793700,0.0,0.0
2026-06-25 00:00:00-04:00,41.310001373291016,41.5,40.84000015258789,40.959999084472656,488700,0.0,0.0
2026-06-26 00:00:00-04:00,41.27000045776367,41.779998779296875,41.040000915527344,41.77000045776367,2426800,0.0,0.0
2026-06-29 00:00:00-04:00,41.59000015258789,41.59000015258789,40.95000076293945,41.2599983215332,877100,0.0,0.0
2026-06-30 00:00:00-04:00,41.22999954223633,41.47999954223633,40.88999938964844,40.90999984741211,610400,0.0,0.0
2026-07-01 00:00:00-04:00,40.970001220703125,41.27000045776367,40.5099983215332,40.540000915527344,651300,0.0,0.0
2026-07-02 00:00:00-04:00,40.88999938964844,41.40999984741211,40.560001373291016,41.400001525878906,448600,0.0,0.0
2026-07-06 00:00:00-04:00,41.41999816894531,41.599998474121094,40.630001068115234,40.65999984741211,580100,0.0,0.0
2026-07-07 00:00:00-04:00,41.13999938964844,42.040000915527344,40.970001220703125,41.2400016784668,533700,0.0,0.0
2026-07-08 00:00:00-04:00,41.13999938964844,41.439998626708984,40.849998474121094,40.869998931884766,444100,0.0,0.0
2026-07-09 00:00:00-04:00,40.9900016784668,41.22999954223633,40.68000030517578,41.150001525878906,628300,0.0,0.0
2026-07-10 00:00:00-04:00,41.20000076293945,41.959999084472656,41.189998626708984,41.900001525878906,420800,0.0,0.0
2026-07-13 00:00:00-04:00,42.0,42.279998779296875,41.709999084472656,42.08000183105469,624300,0.0,0.0
2026-07-14 00:00:00-04:00,42.349998474121094,42.59000015258789,41.779998779296875,41.81999969482422,379700,0.0,0.0
2026-07-15 00:00:00-04:00,41.81999969482422,41.9900016784668,41.36000061035156,41.459999084472656,487700,0.0,0.0
2026-07-16 00:00:00-04:00,41.599998474121094,42.41999816894531,41.599998474121094,42.310001373291016,501600,0.0,0.0
2026-07-17 00:00:00-04:00,42.83000183105469,43.099998474121094,41.630001068115234,41.79999923706055,472700,0.0,0.0
2026-07-20 00:00:00-04:00,41.86000061035156,42.439998626708984,41.619998931884766,41.70000076293945,424900,0.0,0.0
2026-07-21 00:00:00-04:00,41.560001373291016,41.72999954223633,41.310001373291016,41.560001373291016,474100,0.0,0.0
2026-07-22 00:00:00-04:00,41.91999816894531,42.2400016784668,41.66999816894531,42.22999954223633,375200,0.0,0.0
2026-07-23 00:00:00-04:00,41.7400016784668,42.349998474121094,41.599998474121094,42.18000030517578,599700,0.0,0.0
2026-07-24 00:00:00-04:00,42.41999816894531,42.56999969482422,41.9900016784668,42.04999923706055,382700,0.0,0.0
2026-07-27 00:00:00-04:00,41.939998626708984,42.20000076293945,41.5099983215332,41.54999923706055,386600,0.0,0.0
2026-07-28 00:00:00-04:00,41.779998779296875,42.70000076293945,41.779998779296875,41.86000061035156,711100,0.0,0.0
2026-07-29 00:00:00-04:00,41.959999084472656,42.2599983215332,41.290000915527344,41.47999954223633,590800,0.0,0.0
2026-07-30 00:00:00-04:00,41.599998474121094,41.61000061035156,40.810001373291016,41.029998779296875,484900,0.0,0.0
2026-07-31 00:00:00-04:00,40.90999984741211,41.189998626708984,40.36000061035156,40.45000076293945,980300,0.0,0.0
2026-08-03 00:00:00-04:00,39.70000076293945,40.11000061035156,38.599998474121094,39.54999923706055,1651800,0.0,0.0
2026-08-04 00:00:00-04:00,38.84000015258789,39.65999984741211,38.7599983215332,39.209999084472656,853100,0.0,0.0
2026-08-05 00:00:00-04:00,39.209999084472656,39.2400016784668,38.40999984741211,38.84000015258789,735000,0.0,0.0
2026-08-06 00:00:00-04:00,39.099998474121094,39.150001525878906,38.380001068115234,38.41999816894531,582100,0.0,0.0
2026-08-07 00:00:00-04:00,38.40999984741211,39.040000915527344,38.209999084472656,38.72999954223633,569000,0.0,0.0
2026-08-10 00:00:00-04:00,38.619998931884766,38.619998931884766,37.880001068115234,38.209999084472656,619800,0.0,0.0
2026-08-11 00:00:00-04:00,38.220001220703125,38.56999969482422,38.029998779296875,38.43000030517578,407229,0.0,0.0
