Date,Open,High,Low,Close,Volume,Dividends,Stock Splits
2022-01-03 00:00:00-05:00,13.535039024311706,13.956034481871251,13.429788821609899,13.499955177307129,278600,0.0,0.0
2022-01-04 00:00:00-05:00,13.61222081109793,13.682387166795163,13.408739851719073,13.499955177307129,317200,0.0,0.0
2022-01-05 00:00:00-05:00,13.401722942004387,13.570121390927486,13.184208446101039,13.205257415771484,284200,0.0,0.0
2022-01-06 00:00:00-05:00,13.170176283487251,13.331557979944318,13.043877099021008,13.184209823608398,243300,0.0,0.0
2022-01-07 00:00:00-05:00,13.184209169603756,13.247357420392351,13.050893221690096,13.135091781616211,172300,0.0,0.0
2022-01-10 00:00:00-05:00,13.022826782874743,13.036860322989464,12.62989702784688,13.015810012817383,462700,0.0,0.0
2022-01-11 00:00:00-05:00,12.945645153777516,13.240342808380467,12.889512330915624,13.1982421875,176800,0.0,0.0
2022-01-12 00:00:00-05:00,13.254374282132822,13.359624490239211,13.226308541399911,13.268407821655273,173900,0.0,0.0
2022-01-13 00:00:00-05:00,13.366639889131744,13.366639889131744,13.092992560670421,13.107026100158691,210300,0.0,0.0
2022-01-14 00:00:00-05:00,13.177192682637566,13.19122488405169,12.945644630404395,13.092992782592773,288900,0.0,0.0
2022-01-18 00:00:00-05:00,13.050891435540098,13.071940403484867,12.76321060825935,12.798293113708496,303000,0.0,0.0
2022-01-19 00:00:00-05:00,12.938625475055733,12.945642243625123,12.629894349561384,12.679010391235352,247100,0.0,0.0
2022-01-20 00:00:00-05:00,12.735144934477482,12.875477648338236,12.475531153640615,12.496580123901367,208100,0.0,0.0
2022-01-21 00:00:00-05:00,12.426409547829726,12.524642949503827,11.907180824137876,11.99138069152832,444100,0.0,0.0
2022-01-24 00:00:00-05:00,11.72475447523514,11.815971153193296,11.016077385421443,11.745804786682129,1146900,0.0,0.0
2022-01-25 00:00:00-05:00,11.542322196515629,11.822986285356363,11.437071992177406,11.703703880310059,336500,0.0,0.0
2022-01-26 00:00:00-05:00,11.935253492038965,12.159784792668654,11.64757259581816,11.780888557434082,286400,0.0,0.0
2022-01-27 00:00:00-05:00,11.970334656901894,12.180833731254184,11.633537743912589,11.68967056274414,294800,0.0,0.0
2022-01-28 00:00:00-05:00,11.752819842686081,12.012434959411621,11.612487130135207,12.012434959411621,252800,0.0,0.0
2022-01-31 00:00:00-05:00,11.991383585568098,12.391330040996241,11.991383585568098,12.349230766296387,207000,0.0,0.0
2022-02-01 00:00:00-05:00,12.489564389684265,12.552713982325118,12.307133720179639,12.545697212219238,225700,0.0,0.0
2022-02-02 00:00:00-05:00,12.622876806276079,12.643927110692308,12.419395883499247,12.587794303894043,169600,0.0,0.0
2022-02-03 00:00:00-05:00,12.461499650717034,12.496582165758495,12.243985113173208,12.272050857543945,238900,0.0,0.0
2022-02-04 00:00:00-05:00,12.342216652782277,12.531665437157605,12.159784638751821,12.440448760986328,175800,0.0,0.0
2022-02-07 00:00:00-05:00,12.707077947024677,12.707077947024677,12.279064416255423,12.349230766296387,204700,0.0,0.0
2022-02-08 00:00:00-05:00,12.419396804884668,12.503595352172852,12.265030571003367,12.503595352172852,221700,0.0,0.0
2022-02-09 00:00:00-05:00,12.622877783969603,12.952657882163269,12.56674497282362,12.861442565917969,215900,0.0,0.0
2022-02-10 00:00:00-05:00,12.77724163693238,12.910557554387337,12.552710410678776,12.615859985351562,258900,0.0,0.0
2022-02-11 00:00:00-05:00,12.76618134699615,12.76618134699615,12.215731920102499,12.28630256652832,191800,0.103,0.0
2022-02-14 00:00:00-05:00,12.258071876683623,12.279242122801476,11.806420666509757,11.855819702148438,450000,0.0,0.0
2022-02-15 00:00:00-05:00,11.9969637841082,12.222788769386543,11.940507537788614,12.081648826599121,239200,0.0,0.0
2022-02-16 00:00:00-05:00,12.243957534469425,12.314528162551587,12.018132601424727,12.229843139648438,305100,0.0,0.0
2022-02-17 00:00:00-05:00,12.222785536563748,12.222785536563748,11.940504379626784,12.025189399719238,225000,0.0,0.0
2022-02-18 00:00:00-05:00,12.187501248904322,12.187501248904322,11.813477863889965,11.855819702148438,345000,0.0,0.0
2022-02-22 00:00:00-05:00,11.79936465608421,11.989904966448856,11.566482503201723,11.601768493652344,453100,0.0,0.0
2022-02-23 00:00:00-05:00,11.728791108555496,11.848760740481348,11.30536879905117,11.326539039611816,336600,0.0,0.0
2022-02-24 00:00:00-05:00,10.93840514166834,11.559423680042098,10.592610560002843,11.495911598205566,364300,0.0,0.0
2022-02-25 00:00:00-05:00,11.594710129194624,11.89816288642968,11.510025106654908,11.855819702148438,223000,0.0,0.0
2022-02-28 00:00:00-05:00,11.728794187373019,11.919333132547532,11.644109164833303,11.855819702148438,291000,0.0,0.0
2022-03-01 00:00:00-05:00,11.989903683979275,11.989903683979275,11.629994696017107,11.714679718017578,256800,0.0,0.0
2022-03-02 00:00:00-05:00,11.785250079817136,12.081645631106632,11.707622256900947,12.025189399719238,202400,0.0,0.0
2022-03-03 00:00:00-05:00,12.067532863886791,12.145159351247061,11.757022876376974,11.933448791503906,204400,0.0,0.0
2022-03-04 00:00:00-05:00,11.813477165957138,11.933446822287388,11.608823838113002,11.771135330200195,151500,0.0,0.0
2022-03-07 00:00:00-05:00,11.735847860820392,11.785248233314242,11.128943805000825,11.164228439331055,374400,0.0,0.0
2022-03-08 00:00:00-05:00,11.27714341701714,11.375942838170529,11.008976636224391,11.128946304321289,301700,0.0,0.0
2022-03-09 00:00:00-05:00,11.298312857242411,11.467681530633678,11.277141268310041,11.425339698791504,188800,0.0,0.0
2022-03-10 00:00:00-05:00,11.291257583306468,11.439454692996424,11.157174195629718,11.390055656433105,240700,0.0,0.0
2022-03-11 00:00:00-05:00,11.449005266100286,11.463208956987131,11.207524233009902,11.221729278564453,191500,0.103,0.0
2022-03-14 00:00:00-04:00,11.221729840069237,11.228832363201903,10.852406765177246,10.966044425964355,240600,0.0,0.0
2022-03-15 00:00:00-04:00,10.923432424266448,11.20752662259127,10.859511060309861,11.179117202758789,246900,0.0,0.0
2022-03-16 00:00:00-04:00,11.392188134090837,11.612360954284668,11.250140366739256,11.612360954284668,232800,0.0,0.0
2022-03-17 00:00:00-04:00,11.63366561951697,11.995886158752377,11.520027962658927,11.94616985321045,243900,0.0,0.0
2022-03-18 00:00:00-04:00,11.931965376737372,12.102423224825092,11.832532760909361,12.095320701599121,358300,0.0,0.0
2022-03-21 00:00:00-04:00,12.159242390818648,12.21606122352336,11.995887061458255,12.109524726867676,303700,0.0,0.0
2022-03-22 00:00:00-04:00,12.074012579886098,12.343901676794458,12.024296274245168,12.265776634216309,398300,0.0,0.0
2022-03-23 00:00:00-04:00,12.152138025845737,12.244468106998633,11.939066419491358,12.180546760559082,251400,0.0,0.0
2022-03-24 00:00:00-04:00,12.343905444140436,12.343905444140436,12.166346381421874,12.279985427856445,198700,0.0,0.0
2022-03-25 00:00:00-04:00,12.322596557725307,12.343902773654527,12.10952491575817,12.237367630004883,219400,0.0,0.0
2022-03-28 00:00:00-04:00,12.258672788592342,12.336799177408306,12.130830099499885,12.329696655273438,123500,0.0,0.0
2022-03-29 00:00:00-04:00,12.35810774921924,12.606690652742088,12.2657776531685,12.571179389953613,181900,0.0,0.0
2022-03-30 00:00:00-04:00,12.599586145451324,12.599586145451324,12.400719583010932,12.500153541564941,177400,0.0,0.0
2022-03-31 00:00:00-04:00,12.535666067215082,12.606689943463925,12.343902007743536,12.450438499450684,183700,0.0,0.0
2022-04-01 00:00:00-04:00,12.42202840708404,12.542768590306743,12.372312100110179,12.450438499450684,178800,0.0,0.0
2022-04-04 00:00:00-04:00,12.407824876807682,12.59248643574831,12.358108563759806,12.514361381530762,248000,0.0,0.0
2022-04-05 00:00:00-04:00,12.485953262983578,12.556977159157084,12.166346407536876,12.194756507873535,194300,0.0,0.0
2022-04-06 00:00:00-04:00,12.038501674900086,12.244469426436243,11.868043829581364,11.967477798461914,220800,0.0,0.0
2022-04-07 00:00:00-04:00,11.882250890941155,12.074014983445611,11.704691847066954,12.024298667907715,236800,0.0,0.0
2022-04-08 00:00:00-04:00,11.967476335179718,12.116625238262218,11.896452467425744,11.974578857421875,137500,0.0,0.0
2022-04-11 00:00:00-04:00,11.953273447941825,12.095321209085597,11.683384327370078,11.853840827941895,208200,0.0,0.0
2022-04-12 00:00:00-04:00,11.963180296085186,12.020351952241349,11.670175387899883,11.748786926269531,149300,0.103,0.0
2022-04-13 00:00:00-04:00,11.884564399719238,11.906004274070856,11.71304949414421,11.884564399719238,170500,0.0,0.0
2022-04-14 00:00:00-04:00,11.89171765373198,11.956035949562795,11.698764129319597,11.727349281311035,126300,0.0,0.0
2022-04-18 00:00:00-04:00,11.627299204720908,11.870279130508417,11.627299204720908,11.727349281311035,206700,0.0,0.0
2022-04-19 00:00:00-04:00,11.770225158532378,11.991766513432795,11.670175103467525,11.977473258972168,228900,0.0,0.0
2022-04-20 00:00:00-04:00,12.134696564621112,12.14184319279127,11.934596428176445,11.99891471862793,310700,0.0,0.0
2022-04-21 00:00:00-04:00,12.048937657400304,12.127547827441665,11.720199634141036,11.805957794189453,233900,0.0,0.0
2022-04-22 00:00:00-04:00,11.698763339289163,11.87742495718064,11.355732678536732,11.441490173339844,375400,0.0,0.0
2022-04-25 00:00:00-04:00,11.534389947221255,11.577269703298027,11.191360077084308,11.498658180236816,250500,0.0,0.0
2022-04-26 00:00:00-04:00,11.505804817275306,11.570123088372561,11.084163423673102,11.127041816711426,332500,0.0,0.0
2022-04-27 00:00:00-04:00,11.112750026379912,11.355729875787985,11.012699299700172,11.069870948791504,278400,0.0,0.0
2022-04-28 00:00:00-04:00,11.227093503487225,11.598709228503276,11.026992728478582,11.355730056762695,224100,0.0,0.0
2022-04-29 00:00:00-04:00,11.234240575237184,11.370023078987966,10.891209980091238,10.955528259277344,309600,0.0,0.0
2022-05-02 00:00:00-04:00,10.94838163235892,10.984114085411186,10.683962570235927,10.955528259277344,360500,0.0,0.0
2022-05-03 00:00:00-04:00,10.962676558703901,11.191363202663943,10.934090728208897,11.041287422180176,204800,0.0,0.0
2022-05-04 00:00:00-04:00,11.155627601648488,11.42719325562167,10.855476125232856,11.362874984741211,270800,0.0,0.0
2022-05-05 00:00:00-04:00,11.405756956994502,11.405756956994502,10.748282192236077,10.969822883605957,308000,0.0,0.0
2022-05-06 00:00:00-04:00,10.984112351447012,11.091309693681515,10.662521687822995,10.826889991760254,303900,0.0,0.0
2022-05-09 00:00:00-04:00,10.655378096214212,10.719696383561976,10.190858192209172,10.262322425842285,537700,0.0,0.0
2022-05-10 00:00:00-04:00,10.519592273426843,10.76971803494516,10.069365084846199,10.14797592163086,669300,0.0,0.0
2022-05-11 00:00:00-04:00,10.047928058361588,10.290907246741819,9.912144869152176,9.919291496276855,328000,0.0,0.0
2022-05-12 00:00:00-04:00,9.90705006045933,10.115846869457837,9.5470555148319,9.799051284790039,546900,0.103,0.0
2022-05-13 00:00:00-04:00,10.04385029246782,10.159048467105613,9.856652915363762,10.115849494934082,373500,0.0,0.0
2022-05-16 00:00:00-04:00,10.115849615069362,10.187848131755393,10.00785081008738,10.072649955749512,299500,0.0,0.0
2022-05-17 00:00:00-04:00,10.303045844149953,10.418244007294948,10.173447567294225,10.346244812011719,245700,0.0,0.0
2022-05-18 00:00:00-04:00,10.209446276396768,10.295844891236152,9.907050781141352,10.000649452209473,391200,0.0,0.0
2022-05-19 00:00:00-04:00,9.856651194074153,10.03664848217119,9.66225447997964,9.899850845336914,331600,0.0,0.0
2022-05-20 00:00:00-04:00,10.216642137897253,10.216642137897253,9.662251044713951,9.921446800231934,489600,0.0,0.0
2022-05-23 00:00:00-04:00,9.986250560652739,10.13744832676561,9.921451419942189,10.079849243164062,304300,0.0,0.0
2022-05-24 00:00:00-04:00,10.051050204956704,10.065449633260934,9.871052888024554,9.993451118469238,225500,0.0,0.0
2022-05-25 00:00:00-04:00,10.065451397762661,10.151850729275179,9.827854952691725,10.09425163269043,372400,0.0,0.0
2022-05-26 00:00:00-04:00,10.16624628329119,10.454242343025454,10.130246689995017,10.382243156433105,260300,0.0,0.0
2022-05-27 00:00:00-04:00,10.619843302457518,10.778241157531738,10.533444659681226,10.778241157531738,227800,0.0,0.0
2022-05-31 00:00:00-04:00,10.749442411261771,10.857440551124062,10.641443584764055,10.7134428024292,237300,0.0,0.0
2022-06-01 00:00:00-04:00,10.843039809337053,10.864639297372419,10.540644230300558,10.64144229888916,204600,0.0,0.0
2022-06-02 00:00:00-04:00,10.619840583697043,10.821437365231402,10.547841389831458,10.792637825012207,231900,0.0,0.0
2022-06-03 00:00:00-04:00,10.756641848250098,10.792641457298636,10.57664448964284,10.598244667053223,153300,0.0,0.0
2022-06-06 00:00:00-04:00,10.799839263590407,10.799839263590407,10.547842739452516,10.634242057800293,129600,0.0,0.0
2022-06-07 00:00:00-04:00,10.634242178844467,10.8430390461851,10.59104251917886,10.814239501953125,223300,0.0,0.0
2022-06-08 00:00:00-04:00,10.90063632628167,10.90063632628167,10.699038863466688,10.771038055419922,205400,0.0,0.0
2022-06-09 00:00:00-04:00,10.756640222472836,10.79263982608033,10.555043403560322,10.562243461608887,171900,0.0,0.0
2022-06-10 00:00:00-04:00,10.354144235226013,10.426652526029722,10.187376134463912,10.238131523132324,194000,0.103,0.0
2022-06-13 00:00:00-04:00,9.969853760920335,10.085866494045304,9.52755504300879,9.70882511138916,376200,0.0,0.0
2022-06-14 00:00:00-04:00,9.578311134779021,9.69432387630853,9.339034682501788,9.462298393249512,474600,0.0,0.0
2022-06-15 00:00:00-04:00,9.556556993063364,9.76683021759025,9.426042339394833,9.600061416625977,353900,0.0,0.0
2022-06-16 00:00:00-04:00,9.462294123837607,9.542052674779256,9.070750952095578,9.136008262634277,479700,0.0,0.0
2022-06-17 00:00:00-04:00,9.331780379698655,9.353532588092293,9.099754979525898,9.223018646240234,593800,0.0,0.0
2022-06-21 00:00:00-04:00,9.317282563542118,9.585562204000611,9.208520098605652,9.513053894042969,378700,0.0,0.0
2022-06-22 00:00:00-04:00,9.353532098903482,9.679818665194466,9.302776718142752,9.52030086517334,302200,0.0,0.0
2022-06-23 00:00:00-04:00,9.52030437412483,9.701574448213671,9.440545790462304,9.614564895629883,197400,0.0,0.0
2022-06-24 00:00:00-04:00,9.7595774470869,9.933596492174013,9.621812542598821,9.882841110229492,286100,0.0,0.0
2022-06-27 00:00:00-04:00,10.00610799977455,10.00610799977455,9.846590144597457,9.897345542907715,196600,0.0,0.0
2022-06-28 00:00:00-04:00,10.042355139156108,10.085859538329935,9.70881841570029,9.737821578979492,205400,0.0,0.0
2022-06-29 00:00:00-04:00,9.861092119382361,9.861092119382361,9.563808622681687,9.62181568145752,268000,0.0,0.0
2022-06-30 00:00:00-04:00,9.527554104803386,9.636315858525355,9.44054456352774,9.5058012008667,251800,0.0,0.0
2022-07-01 00:00:00-04:00,9.513054314675822,9.774082997382198,9.455047940741071,9.752330780029297,254600,0.0,0.0
2022-07-05 00:00:00-04:00,9.650818767418782,9.824837867513605,9.585561432010616,9.817586898803711,223700,0.0,0.0
2022-07-06 00:00:00-04:00,9.868341300883964,9.948100565662651,9.716074430795084,9.846589088439941,166600,0.0,0.0
2022-07-07 00:00:00-04:00,9.948100601022063,10.180126045223973,9.94084963301816,10.158373832702637,428500,0.0,0.0
2022-07-08 00:00:00-04:00,10.158376010648025,10.230883631761497,10.064115480859046,10.093118667602539,228800,0.0,0.0
2022-07-11 00:00:00-04:00,10.02060552970366,10.129367946236489,9.948097943505292,10.013355255126953,303900,0.0,0.0
2022-07-12 00:00:00-04:00,9.898666596511413,10.059383147345908,9.745255501779994,9.85483455657959,180100,0.103,0.0
2022-07-13 00:00:00-04:00,9.78178218070734,9.898666692746366,9.723339924687828,9.891361236572266,215500,0.0,0.0
2022-07-14 00:00:00-04:00,9.67220028348097,9.854832467217483,9.548010342805222,9.803695678710938,269400,0.0,0.0
2022-07-15 00:00:00-04:00,9.825608379025757,10.066682733035076,9.825608379025757,10.052072525024414,258800,0.0,0.0
2022-07-18 00:00:00-04:00,10.147043784718132,10.190875116102493,9.949800703429156,10.02285385131836,183500,0.0,0.0
2022-07-19 00:00:00-04:00,10.1616531615203,10.402727554389756,10.066684355740454,10.336979866027832,400000,0.0,0.0
2022-07-20 00:00:00-04:00,10.410036124389334,10.621889463263829,10.30776183446535,10.519615173339844,1090400,0.0,0.0
2022-07-21 00:00:00-04:00,10.512309993443843,10.629194493427907,10.461172502185882,10.607278823852539,209600,0.0,0.0
2022-07-22 00:00:00-04:00,10.62919247540763,10.724161287785888,10.49769708954751,10.57075023651123,250500,0.0,0.0
2022-07-25 00:00:00-04:00,10.709550379718568,10.709550379718568,10.519612754962049,10.57075023651123,213200,0.0,0.0
2022-07-26 00:00:00-04:00,10.497697748545963,10.563445445603369,10.351592142133109,10.366202354431152,212200,0.0,0.0
2022-07-27 00:00:00-04:00,10.504999985897799,10.775295449155621,10.47577887356415,10.731463432312012,301200,0.0,0.0
2022-07-28 00:00:00-04:00,10.760684783309793,11.060202062230612,10.70224255734629,10.994454383850098,186200,0.0,0.0
2022-07-29 00:00:00-04:00,11.03828924977339,11.228226893493769,11.03828924977339,11.206311225891113,200600,0.0,0.0
2022-08-01 00:00:00-04:00,11.206309010487331,11.388941163339638,11.169782440579596,11.213614463806152,310000,0.0,0.0
2022-08-02 00:00:00-04:00,11.250141143798828,11.432773309748072,11.104035550376718,11.250141143798828,192600,0.0,0.0
2022-08-03 00:00:00-04:00,11.25014446674162,11.425471927320856,11.2136185801123,11.410861015319824,211600,0.0,0.0
2022-08-04 00:00:00-04:00,11.56427210789751,11.56427210789751,11.359724216689472,11.410861015319824,177200,0.0,0.0
2022-08-05 00:00:00-04:00,11.396247218536192,11.461994211818809,11.242836174170598,11.388941764831543,238300,0.0,0.0
2022-08-08 00:00:00-04:00,11.388945344004906,11.586187779212429,11.337808545374553,11.410861015319824,223800,0.0,0.0
2022-08-09 00:00:00-04:00,11.315888565354657,11.447383944644255,11.14056185742613,11.184393882751465,222700,0.0,0.0
2022-08-10 00:00:00-04:00,11.323194899017029,11.491216166334876,11.301279232994366,11.44738483428955,265000,0.0,0.0
2022-08-11 00:00:00-04:00,11.545189788547766,11.67755524781513,11.390763653167925,11.449592590332031,256900,0.103,0.0
2022-08-12 00:00:00-04:00,11.626079429151183,11.626079429151183,11.383409200796642,11.420177459716797,335600,0.0,0.0
2022-08-15 00:00:00-04:00,11.398116091317137,11.736382790466138,11.383408508125536,11.6922607421875,227200,0.0,0.0
2022-08-16 00:00:00-04:00,11.692260345424229,11.765796856294527,11.640785208592707,11.648138999938965,180300,0.0,0.0
2022-08-17 00:00:00-04:00,11.574602118618108,11.692259971207974,11.471651848250033,11.581955909729004,153500,0.0,0.0
2022-08-18 00:00:00-04:00,11.567246923673144,11.729026801998206,11.501064915595471,11.721673011779785,222200,0.0,0.0
2022-08-19 00:00:00-04:00,11.714319017957674,11.736379685612771,11.486356447868403,11.523124694824219,370900,0.0,0.0
2022-08-22 00:00:00-04:00,11.398114953787704,11.464297668952558,11.155445465713976,11.228981971740723,168800,0.0,0.0
2022-08-23 00:00:00-04:00,11.280459617362268,11.317227878564005,11.103972805149434,11.162801742553711,133800,0.0,0.0
2022-08-24 00:00:00-04:00,11.111325041103202,11.317227007465952,11.111325041103202,11.243690490722656,145500,0.0,0.0
2022-08-25 00:00:00-04:00,11.22163143697686,11.339289319722697,11.18486317329471,11.265752792358398,266400,0.0,0.0
2022-08-26 00:00:00-04:00,11.331933635680242,11.376055684995096,10.93483799703129,10.971606254577637,183300,0.0,0.0
2022-08-29 00:00:00-04:00,10.927483746583471,11.008374050049316,10.817179679870605,10.817179679870605,168300,0.0,0.0
2022-08-30 00:00:00-04:00,10.876008608956955,10.91277686495996,10.58921705368889,10.817179679870605,229000,0.0,0.0
2022-08-31 00:00:00-04:00,10.868657645445166,10.890719025564879,10.714231491088867,10.714231491088867,170600,0.0,0.0
2022-09-01 00:00:00-04:00,10.721578310029479,10.765700340270996,10.523030927182353,10.765700340270996,197500,0.0,0.0
2022-09-02 00:00:00-04:00,10.83923862000216,11.01572537904492,10.655398070675274,10.699520111083984,138900,0.0,0.0
2022-09-06 00:00:00-04:00,10.787765031080452,10.809825703787014,10.53038794475137,10.640692710876465,155500,0.0,0.0
2022-09-07 00:00:00-04:00,10.64804580091456,10.677460966251497,10.515681063379041,10.640692710876465,342300,0.0,0.0
2022-09-08 00:00:00-04:00,10.589215633704486,10.714227266573301,10.530386712506932,10.677459716796875,191100,0.0,0.0
2022-09-09 00:00:00-04:00,10.692168030238077,10.839240352953949,10.677461148614567,10.817179679870605,159000,0.0,0.0
2022-09-12 00:00:00-04:00,10.92308029175388,11.093405950527714,10.863836522941988,11.02675724029541,165600,0.103,0.0
2022-09-13 00:00:00-04:00,10.945296256615714,10.945296256615714,10.515778590278037,10.567617416381836,240600,0.0,0.0
2022-09-14 00:00:00-04:00,10.671291504010075,10.69350773572194,10.463938360136366,10.552803993225098,128300,0.0,0.0
2022-09-15 00:00:00-04:00,10.500966828175098,10.60464305631498,10.389884247143508,10.471344947814941,211200,0.0,0.0
2022-09-16 00:00:00-04:00,10.338045509408115,10.389883620350808,10.167719177931522,10.315829277038574,190100,0.0,0.0
2022-09-19 00:00:00-04:00,10.256585725416608,10.426911354064941,10.189936320731153,10.426911354064941,187900,0.0,0.0
2022-09-20 00:00:00-04:00,10.419504330938711,10.552803122696274,10.182529328917457,10.286206245422363,349000,0.0,0.0
2022-09-21 00:00:00-04:00,10.28620711643826,10.404694627482176,10.07144832611084,10.07144832611084,226400,0.0,0.0
2022-09-22 00:00:00-04:00,10.03441898570931,10.071446502767358,9.834470817340534,9.886309623718262,265100,0.0,0.0
2022-09-23 00:00:00-04:00,9.715986974161627,9.73820321023776,9.293874957508038,9.390146255493164,818700,0.0,0.0
2022-09-26 00:00:00-04:00,9.242033391048205,9.412359700433864,9.130951537366274,9.219817161560059,418300,0.0,0.0
2022-09-27 00:00:00-04:00,9.24203355305228,9.404954220050668,9.108735467545612,9.18278980255127,285300,0.0,0.0
2022-09-28 00:00:00-04:00,9.138355756290824,9.449385745543982,9.093922598008477,9.345708847045898,352500,0.0,0.0
2022-09-29 00:00:00-04:00,9.227221949318183,9.397547536634297,9.027273783782428,9.35311508178711,619900,0.0,0.0
2022-09-30 00:00:00-04:00,9.308684541916591,9.427172063195322,9.197602667278115,9.25684642791748,340000,0.0,0.0
2022-10-03 00:00:00-04:00,9.301278530530158,9.575281068497775,9.17538537710703,9.44198226928711,257600,0.0,0.0
2022-10-04 00:00:00-04:00,9.864095687866211,9.952961332070972,9.7530138091706,9.864095687866211,338900,0.0,0.0
2022-10-05 00:00:00-04:00,9.81225698011943,9.856690152662377,9.664147582045137,9.775229454040527,218300,0.0,0.0
2022-10-06 00:00:00-04:00,9.767821697100684,9.871498606472489,9.730794885263265,9.74560546875,168100,0.0,0.0
2022-10-07 00:00:00-04:00,9.634526022360543,9.701175430267508,9.390145330862566,9.456794738769531,283700,0.0,0.0
2022-10-10 00:00:00-04:00,9.501227147351871,9.523443381102,9.264252104040262,9.323495864868164,170200,0.0,0.0
2022-10-11 00:00:00-04:00,9.197603225708008,9.404956400535175,9.14576510856156,9.197603225708008,230800,0.0,0.0
2022-10-12 00:00:00-04:00,9.27165751602419,9.293873749211992,9.138358704414738,9.145764350891113,171000,0.0,0.0
2022-10-13 00:00:00-04:00,9.035987328613098,9.439246226044872,8.946373607245247,9.34963321685791,244000,0.103,0.0
2022-10-14 00:00:00-04:00,9.58860513776466,9.58860513776466,9.006119985261353,9.110668182373047,215700,0.0,0.0
2022-10-17 00:00:00-04:00,9.327228250436836,9.372035105452241,9.274954179736195,9.3197603225708,177700,0.0,0.0
2022-10-18 00:00:00-04:00,9.603534086202151,9.618469940245767,9.372034045971875,9.461647033691406,174200,0.0,0.0
2022-10-19 00:00:00-04:00,9.379504187774916,9.625940140239702,9.319761469674136,9.409375190734863,261100,0.0,0.0
2022-10-20 00:00:00-04:00,9.543793988247332,9.670745924087361,9.379503834250356,9.521390914916992,412700,0.0,0.0
2022-10-21 00:00:00-04:00,9.513922609079945,9.72302032580626,9.409374462897619,9.693148612976074,203600,0.0,0.0
2022-10-24 00:00:00-04:00,9.6483407678974,9.879840804090609,9.611001845620224,9.84250259399414,182600,0.0,0.0
2022-10-25 00:00:00-04:00,9.991862885022574,10.074007987976074,9.902249851205731,10.074007987976074,187500,0.0,0.0
2022-10-26 00:00:00-04:00,10.044135753745563,10.126281558878205,9.90971657547751,10.036667823791504,224600,0.0,0.0
2022-10-27 00:00:00-04:00,10.163619869130732,10.18602365917993,9.917183876037598,9.917183876037598,227800,0.0,0.0
2022-10-28 00:00:00-04:00,10.088944018370098,10.26817008900009,9.954524109307055,10.230831146240234,313400,0.0,0.0
2022-10-31 00:00:00-04:00,10.230825057520118,10.327905966047076,10.186018922618858,10.27563190460205,277700,0.0,0.0
2022-11-01 00:00:00-04:00,10.581816068693128,10.581816068693128,10.193492203480378,10.230831146240234,223300,0.0,0.0
2022-11-02 00:00:00-04:00,10.327910692726002,10.372717560314276,9.932119663117067,9.939587593078613,169600,0.0,0.0
2022-11-03 00:00:00-04:00,9.984390634603162,9.984390634603162,9.760357790894048,9.782761573791504,240000,0.0,0.0
2022-11-04 00:00:00-04:00,9.90224683893367,10.04413392126956,9.79023004660241,9.887310981750488,231600,0.0,0.0
2022-11-07 00:00:00-05:00,10.029199547586765,10.118812561035156,9.805166657875327,10.118812561035156,213800,0.0,0.0
2022-11-08 00:00:00-05:00,10.171086016476062,10.260699024423499,9.98439207187368,10.163618087768555,149900,0.0,0.0
2022-11-09 00:00:00-05:00,10.312973605838152,10.312973605838152,9.902246793534983,9.976923942565918,163300,0.0,0.0
2022-11-10 00:00:00-05:00,10.475885519474762,10.490936705835253,10.272689120750957,10.385576248168945,182400,0.103,0.0
2022-11-11 00:00:00-05:00,10.49093691033915,10.791968538274288,10.362999311781023,10.686607360839844,283800,0.0,0.0
2022-11-14 00:00:00-05:00,10.618873409148895,10.716708617654355,10.460832028903797,10.483409881591797,169500,0.0,0.0
2022-11-15 00:00:00-05:00,10.69413164511644,10.76186376878088,10.566193348797874,10.746811866760254,193200,0.0,0.0
2022-11-16 00:00:00-05:00,10.671553686761836,10.814543156358852,10.438254247434546,10.528563499450684,168400,0.0,0.0
2022-11-17 00:00:00-05:00,10.490934850951842,10.618873142109779,10.400625595613443,10.551141738891602,224100,0.0,0.0
2022-11-18 00:00:00-05:00,10.799494168658203,11.077947931743767,10.54361754373788,10.58877182006836,362100,0.0,0.0
2022-11-21 00:00:00-05:00,10.543617903551956,10.671556220378173,10.490936955749552,10.558669090270996,176700,0.0,0.0
2022-11-22 00:00:00-05:00,10.558666402973172,10.87474913848381,10.558666402973172,10.761862754821777,286000,0.0,0.0
2022-11-23 00:00:00-05:00,10.807017021200942,10.912378172275861,10.69413063753891,10.761862754821777,247000,0.0,0.0
2022-11-25 00:00:00-05:00,10.686606938766191,10.837122387931915,10.626400759099903,10.731761932373047,78400,0.0,0.0
2022-11-28 00:00:00-05:00,10.686607042403441,10.799494168658203,10.498462549693118,10.58877182006836,200200,0.0,0.0
2022-11-29 00:00:00-05:00,10.679080339439938,10.679080339439938,10.50598776282199,10.536090850830078,142200,0.0,0.0
2022-11-30 00:00:00-05:00,10.611346356033364,10.837119102478027,10.498459265096976,10.837119102478027,345000,0.0,0.0
2022-12-01 00:00:00-05:00,10.874747629876213,11.085469185079422,10.78443839193198,10.972582817077637,184300,0.0,0.0
2022-12-02 00:00:00-05:00,10.965058420323937,11.032790537800565,10.776913968539576,11.002687454223633,155100,0.0,0.0
2022-12-05 00:00:00-05:00,10.97258604237086,10.987637945309615,10.59629708147278,10.701658248901367,182200,0.0,0.0
2022-12-06 00:00:00-05:00,10.566193430351849,10.844647160454945,10.430729181977402,10.54361629486084,257900,0.0,0.0
2022-12-07 00:00:00-05:00,10.618873652402268,10.731760765285705,10.498461306164625,10.54361629486084,244800,0.0,0.0
2022-12-08 00:00:00-05:00,10.641450493575077,10.739285695017303,10.558666475124047,10.61887264251709,196100,0.0,0.0
2022-12-09 00:00:00-05:00,10.53017483853305,10.674215785345975,10.469525942717937,10.484687805175781,117600,0.103,0.0
2022-12-12 00:00:00-05:00,10.477104972656829,10.636308481521722,10.431618668976437,10.628727912902832,178800,0.0,0.0
2022-12-13 00:00:00-05:00,10.962297371437518,10.992621816494383,10.522592556617088,10.681796073913574,280500,0.0,0.0
2022-12-14 00:00:00-05:00,10.598402746460222,10.916809764190008,10.461943112427285,10.628727912902832,239200,0.0,0.0
2022-12-15 00:00:00-05:00,10.598403429931105,10.90922989908661,10.204185639647724,10.408875465393066,264800,0.0,0.0
2022-12-16 00:00:00-05:00,10.295163028927782,10.355811943617233,10.113216284859424,10.249676704406738,247700,0.0,0.0
2022-12-19 00:00:00-05:00,10.386134589378747,10.386134589378747,10.173863424990689,10.234512329101562,383700,0.0,0.0
2022-12-20 00:00:00-05:00,10.26483592414759,10.355809272718552,10.143538126052974,10.158699989318848,302700,0.0,0.0
2022-12-21 00:00:00-05:00,10.158700288035366,10.317903833463905,10.158700288035366,10.18144416809082,319500,0.0,0.0
2022-12-22 00:00:00-05:00,10.135956298535076,10.226929642309731,9.984334058910651,10.166280746459961,250500,0.0,0.0
2022-12-23 00:00:00-05:00,10.067726157270963,10.18902394954056,9.9919153985984,10.128375053405762,268600,0.0,0.0
2022-12-27 00:00:00-05:00,10.151116876759323,10.151116876759323,9.923683200798417,9.984332084655762,273600,0.0,0.0
2022-12-28 00:00:00-05:00,10.007077268774424,10.090470043267329,9.779643546599395,9.809967994689941,329400,0.0,0.0
2022-12-29 00:00:00-05:00,9.82754401668246,10.041519066929158,9.82754401668246,9.926889419555664,267700,0.103,0.0
2022-12-30 00:00:00-05:00,9.873394887285174,10.255492210388184,9.827542887843979,10.255492210388184,384400,0.0,0.0
2023-01-03 00:00:00-05:00,10.316628846228369,10.408332126295253,10.033876883823924,10.117938041687012,214200,0.0,0.0
2023-01-04 00:00:00-05:00,10.117938957241781,10.25549425418569,10.056803431665145,10.140865325927734,187800,0.0,0.0
2023-01-05 00:00:00-05:00,10.018592504669009,10.13322214980554,9.957456985446676,10.02623462677002,179100,0.0,0.0
2023-01-06 00:00:00-05:00,10.095014423138434,10.240211130089293,10.033878890865122,10.209643363952637,225700,0.0,0.0
2023-01-09 00:00:00-05:00,10.232568808152218,10.507678678459135,10.224926685112118,10.247852325439453,212600,0.0,0.0
2023-01-10 00:00:00-05:00,10.28606298091896,10.393050525100747,10.209643202390108,10.385408401489258,243300,0.0,0.0
2023-01-11 00:00:00-05:00,10.49239250563416,10.691083295432875,10.393047839527632,10.515318870544434,187500,0.0,0.0
2023-01-12 00:00:00-05:00,10.553530910862523,10.75986313575348,10.469469013231446,10.69872760772705,236100,0.0,0.0
2023-01-13 00:00:00-05:00,10.69872760772705,10.828640786981461,10.652875597310738,10.69872760772705,379200,0.0,0.0
2023-01-17 00:00:00-05:00,10.607022751638123,10.820997068179233,10.607022751638123,10.691083908081055,301300,0.0,0.0
2023-01-18 00:00:00-05:00,10.660516537153697,10.836281707313805,10.553529739379883,10.553529739379883,192300,0.0,0.0
2023-01-19 00:00:00-05:00,10.454184930467417,10.637591504631736,10.43125856210217,10.46182632446289,177200,0.0,0.0
2023-01-20 00:00:00-05:00,10.507678488994523,10.591739654541016,10.40833307764342,10.591739654541016,221800,0.0,0.0
2023-01-23 00:00:00-05:00,10.561172684655997,10.859208941085821,10.522963524861641,10.767505645751953,257900,0.0,0.0
2023-01-24 00:00:00-05:00,10.729295548247432,10.889776494155123,10.729295548247432,10.866850852966309,216700,0.0,0.0
2023-01-25 00:00:00-05:00,10.828639360353911,10.874490635936532,10.645232800437661,10.82099723815918,195200,0.0,0.0
2023-01-26 00:00:00-05:00,10.859207028350989,11.004403704856495,10.782787264636797,10.973835945129395,163800,0.0,0.0
2023-01-27 00:00:00-05:00,11.080824667841842,11.080824667841842,10.90506021258635,10.912701606750488,269400,0.0,0.0
2023-01-30 00:00:00-05:00,10.759860875469084,10.950909542617033,10.759860875469084,10.874489784240723,172500,0.0,0.0
2023-01-31 00:00:00-05:00,10.87448956532232,11.004402714671022,10.576454116998791,10.996761322021484,173400,0.0,0.0
2023-02-01 00:00:00-05:00,10.966196562925834,11.248948574454728,10.943270192331292,11.126677513122559,188900,0.0,0.0
2023-02-02 00:00:00-05:00,11.439993193180488,11.439993193180488,11.248944546067621,11.39414119720459,219100,0.0,0.0
2023-02-03 00:00:00-05:00,11.226023983035711,11.409431332894604,11.226023983035711,11.279518127441406,141000,0.0,0.0
2023-02-06 00:00:00-05:00,11.241305917842793,11.248948041011904,11.12667698547802,11.172528266906738,188500,0.0,0.0
2023-02-07 00:00:00-05:00,11.141958805430907,11.363575242018763,11.126675290214262,11.340649604797363,262200,0.0,0.0
2023-02-08 00:00:00-05:00,11.340651417387612,11.424712586496927,11.141960586264156,11.287158012390137,202100,0.0,0.0
2023-02-09 00:00:00-05:00,11.378860178716456,11.424711455950455,11.134317361227785,11.157243728637695,168200,0.0,0.0
2023-02-10 00:00:00-05:00,11.113373181573104,11.375045528339248,11.02871478337205,11.221120834350586,266000,0.103,0.0
2023-02-13 00:00:00-05:00,11.236515045166016,11.351958396285635,11.174945160039428,11.236515045166016,210600,0.0,0.0
2023-02-14 00:00:00-05:00,11.236513893899852,11.436615633073854,11.190336117800712,11.305779457092285,149500,0.0,0.0
2023-02-15 00:00:00-05:00,11.2519071494622,11.26729998772931,11.151855902638765,11.236515045166016,166400,0.0,0.0
2023-02-16 00:00:00-05:00,11.09028748283701,11.267301476442444,11.082591062686552,11.151857376098633,217900,0.0,0.0
2023-02-17 00:00:00-05:00,11.205728546642067,11.27499410731348,10.99023324465048,11.044107437133789,485000,0.0,0.0
2023-02-21 00:00:00-05:00,10.96714719368582,11.036413503923404,10.797829627990723,10.797829627990723,218800,0.0,0.0
2023-02-22 00:00:00-05:00,10.767043113708496,10.897879295319408,10.697776813564968,10.767043113708496,140500,0.0,0.0
2023-02-23 00:00:00-05:00,10.936361906813516,10.936361906813516,10.69008235274788,10.828614234924316,187000,0.0,0.0
2023-02-24 00:00:00-05:00,10.79013312602303,10.85170301180588,10.682385458917576,10.751651763916016,267200,0.0,0.0
2023-02-27 00:00:00-05:00,10.83631202275553,10.913274760104416,10.7362607577904,10.774742126464844,167600,0.0,0.0
2023-02-28 00:00:00-05:00,10.72086742489813,10.805525839125362,10.713171005249023,10.713171005249023,198300,0.0,0.0
2023-03-01 00:00:00-05:00,10.559248237470229,10.743957939427219,10.559248237470229,10.620818138122559,239400,0.0,0.0
2023-03-02 00:00:00-05:00,10.605424209786921,10.8670966277449,10.597728523471892,10.805526733398438,209500,0.0,0.0
2023-03-03 00:00:00-05:00,10.928666394175929,11.082591128240457,10.836311553737211,11.059502601623535,229700,0.0,0.0
2023-03-06 00:00:00-05:00,11.097983350982455,11.15955324118164,11.028717041015625,11.028717041015625,149800,0.0,0.0
2023-03-07 00:00:00-05:00,10.997932419542362,11.044110205536077,10.82091916350364,10.859399795532227,143600,0.0,0.0
2023-03-08 00:00:00-05:00,10.859399795532227,10.928666107537294,10.774741377509926,10.859399795532227,116500,0.0,0.0
2023-03-09 00:00:00-05:00,10.836310559117994,10.944058230058973,10.513068280266014,10.559246063232422,186800,0.0,0.0
2023-03-10 00:00:00-05:00,10.56694602719712,10.605427406254677,10.274489307890715,10.366844177246094,142500,0.0,0.0
2023-03-13 00:00:00-04:00,10.469988564591391,10.547544331290858,10.206299845365129,10.221811294555664,257700,0.103,0.0
2023-03-14 00:00:00-04:00,10.345899496292287,10.462232401842915,10.237321575385543,10.376921653747559,250100,0.0,0.0
2023-03-15 00:00:00-04:00,10.167523293116822,10.245079069969659,10.058946093074898,10.198545455932617,207500,0.0,0.0
2023-03-16 00:00:00-04:00,10.097722669737434,10.438966416381247,10.097722669737434,10.369166374206543,178400,0.0,0.0
2023-03-17 00:00:00-04:00,10.39243054606361,10.431208421010966,10.221809079697552,10.29936408996582,204100,0.0,0.0
2023-03-20 00:00:00-04:00,10.431214235095409,10.671636602072969,10.314881285038856,10.462236404418945,358600,0.0,0.0
2023-03-21 00:00:00-04:00,10.547544415928776,10.632855168281475,10.493255082952865,10.53203296661377,149400,0.0,0.0
2023-03-22 00:00:00-04:00,10.54754808204844,10.694903203625673,10.446725845336914,10.446725845336914,204200,0.0,0.0
2023-03-23 00:00:00-04:00,10.586325239560907,10.648369579133096,10.330392153918906,10.446725845336914,238900,0.0,0.0
2023-03-24 00:00:00-04:00,10.431214235095409,10.462236404418945,10.307125557801257,10.462236404418945,177100,0.0,0.0
2023-03-27 00:00:00-04:00,10.338144435987688,10.547544566979406,10.338144435987688,10.516522407531738,253500,0.0,0.0
2023-03-28 00:00:00-04:00,10.40794423421559,10.46998855164782,10.330388467612002,10.41569995880127,178600,0.0,0.0
2023-03-29 00:00:00-04:00,10.446722128056015,10.586321472606054,10.446722128056015,10.563055038452148,170500,0.0,0.0
2023-03-30 00:00:00-04:00,10.578566292200803,10.710410649348129,10.578566292200803,10.671632766723633,189400,0.0,0.0
2023-03-31 00:00:00-04:00,10.679388919675539,10.88878831084724,10.640611035495112,10.857766151428223,160100,0.0,0.0
2023-04-03 00:00:00-04:00,10.88103285537719,10.92756646547067,10.78796637481687,10.912055015563965,197400,0.0,0.0
2023-04-04 00:00:00-04:00,10.896543184778444,10.927565341775171,10.733676675638995,10.7802095413208,193400,0.0,0.0
2023-04-05 00:00:00-04:00,10.702655818602011,10.780210850700486,10.62510004687688,10.656122207641602,191700,0.0,0.0
2023-04-06 00:00:00-04:00,10.741434481970375,10.850011682692802,10.65612297897223,10.718167304992676,184500,0.0,0.0
2023-04-10 00:00:00-04:00,10.803476713788267,10.803476713788267,10.656120913333897,10.7802095413208,230900,0.0,0.0
2023-04-11 00:00:00-04:00,10.881032762631275,10.904299937293015,10.764699847829114,10.795722007751465,204800,0.0,0.0
2023-04-12 00:00:00-04:00,10.943074781996634,10.966341951767095,10.725919708191027,10.772453308105469,168600,0.0,0.0
2023-04-13 00:00:00-04:00,10.774797885307764,10.970135048380895,10.743543969022149,10.93106746673584,109700,0.103,0.0
2023-04-14 00:00:00-04:00,10.923255388078035,10.985763974881344,10.82168070425925,10.91544246673584,127800,0.0,0.0
2023-04-17 00:00:00-04:00,10.993576363647255,10.993576363647255,10.83730676708998,10.89981460571289,160400,0.0,0.0
2023-04-18 00:00:00-04:00,10.907628800241396,10.970136641892454,10.860747546426975,10.91544246673584,211500,0.0,0.0
2023-04-19 00:00:00-04:00,10.845119383238433,10.938881132095279,10.845119383238433,10.93106746673584,161400,0.0,0.0
2023-04-20 00:00:00-04:00,11.009203163358162,11.048270746895815,10.868560160683483,10.946695327758789,329600,0.0,0.0
2023-04-21 00:00:00-04:00,10.970135901074206,10.985763233007775,10.89200073171076,10.962322235107422,107400,0.0,0.0
2023-04-24 00:00:00-04:00,10.977949562756422,11.017017147422898,10.860746808756996,10.907628059387207,168300,0.0,0.0
2023-04-25 00:00:00-04:00,10.829492235579254,10.845119566562293,10.6419687346957,10.696662902832031,184600,0.0,0.0
2023-04-26 00:00:00-04:00,10.7201057048507,10.751359626928599,10.618530271809465,10.673224449157715,117100,0.0,0.0
2023-04-27 00:00:00-04:00,10.727919779567511,10.806054965736545,10.688852931635354,10.782614707946777,177400,0.0,0.0
2023-04-28 00:00:00-04:00,10.751357078552246,10.891999321990447,10.634154339676293,10.751357078552246,500600,0.0,0.0
2023-05-01 00:00:00-04:00,10.774798817907483,10.860746908844021,10.751358564952463,10.821680068969727,263900,0.0,0.0
2023-05-02 00:00:00-04:00,10.829493735518072,10.829493735518072,10.563835778380835,10.657597541809082,213800,0.0,0.0
2023-05-03 00:00:00-04:00,10.673223919890766,10.759172760207138,10.587275824726639,10.60290241241455,161900,0.0,0.0
2023-05-04 00:00:00-04:00,10.516953676174104,10.540393928853259,10.360684083059402,10.454445838928223,268600,0.0,0.0
2023-05-05 00:00:00-04:00,10.532581112094153,10.727918305524556,10.524768190672654,10.712291717529297,219800,0.0,0.0
2023-05-08 00:00:00-04:00,10.743544150628997,10.751357816120517,10.563834315236964,10.696662902832031,195000,0.0,0.0
2023-05-09 00:00:00-04:00,10.790426357714463,10.790426357714463,10.602902095007508,10.641969680786133,236000,0.0,0.0
2023-05-10 00:00:00-04:00,10.806054553485565,10.806054553485565,10.59509075112122,10.681038856506348,153600,0.0,0.0
2023-05-11 00:00:00-04:00,10.667655537707775,10.683400764095012,10.604673130539794,10.675528526306152,148400,0.103,0.0
2023-05-12 00:00:00-04:00,10.675529341741774,10.738511753720582,10.57318273457382,10.659783363342285,123700,0.0,0.0
2023-05-15 00:00:00-04:00,10.581050958363585,10.659779318871228,10.49445036245261,10.612542152404785,278900,0.0,0.0
2023-05-16 00:00:00-04:00,10.53381688477861,10.604672274827504,10.52594389681552,10.5416898727417,165900,0.0,0.0
2023-05-17 00:00:00-04:00,10.628292636200438,10.707021030125766,10.510200796122055,10.683402061462402,225500,0.0,0.0
2023-05-18 00:00:00-04:00,10.817235137414661,10.84085409572138,10.651906183314033,10.83298110961914,347300,0.0,0.0
2023-05-19 00:00:00-04:00,10.880219359235321,10.927456533004603,10.75425456359644,10.801491737365723,328300,0.0,0.0
2023-05-22 00:00:00-04:00,10.832982303719279,10.880218723920942,10.754253935637358,10.762126922607422,192300,0.0,0.0
2023-05-23 00:00:00-04:00,10.73851249857068,10.754257727252723,10.54956449871878,10.56531047821045,268000,0.0,0.0
2023-05-24 00:00:00-04:00,10.581050116432104,10.604669073190617,10.431467144341012,10.462958335876465,184300,0.0,0.0
2023-05-25 00:00:00-04:00,10.557437488464615,10.604674676129997,10.486582082371354,10.56531047821045,172000,0.0,0.0
2023-05-26 00:00:00-04:00,10.612544514666162,10.762128282764888,10.565308088494584,10.754255294799805,133900,0.0,0.0
2023-05-30 00:00:00-04:00,10.872348492154158,10.919584921064189,10.73851069222657,10.793620109558105,220400,0.0,0.0
2023-05-31 00:00:00-04:00,10.777870553203586,10.848725923845876,10.636160562728257,10.722761154174805,186900,0.0,0.0
2023-06-01 00:00:00-04:00,10.8251081235169,10.888090510716257,10.707016335220429,10.83298110961914,231600,0.0,0.0
2023-06-02 00:00:00-04:00,10.919584183297113,11.069167949961285,10.919584183297113,11.053421974182129,206700,0.0,0.0
2023-06-05 00:00:00-04:00,11.124275851930314,11.124275851930314,11.014056288881932,11.045547485351562,163600,0.0,0.0
2023-06-06 00:00:00-04:00,11.061296547429617,11.140024185180664,10.958949942624656,11.140024185180664,186600,0.0,0.0
2023-06-07 00:00:00-04:00,11.218748705534342,11.226621691837721,11.077037955310722,11.09278392791748,184000,0.0,0.0
2023-06-08 00:00:00-04:00,11.069166056064109,11.234495019410755,11.069166056064109,11.218749046325684,208400,0.0,0.0
2023-06-09 00:00:00-04:00,11.22112605219895,11.29249729489378,11.197335890059215,11.229056358337402,110600,0.103,0.0
2023-06-12 00:00:00-04:00,11.300429401424921,11.308359708826837,11.229058147359172,11.284568786621094,173600,0.0,0.0
2023-06-13 00:00:00-04:00,11.34801285485081,11.443174294681262,11.316292374907325,11.387662887573242,158800,0.0,0.0
2023-06-14 00:00:00-04:00,11.37973187603911,11.48282285543339,11.292500000169763,11.395591735839844,170800,0.0,0.0
2023-06-15 00:00:00-04:00,11.348012109985671,11.625566102203985,11.348012109985671,11.577985763549805,232500,0.0,0.0
2023-06-16 00:00:00-04:00,11.77623951623761,11.831750166145886,11.522474924637164,11.554195404052734,389300,0.0,0.0
2023-06-20 00:00:00-04:00,11.490752298947593,11.577984168253918,11.435241659407746,11.546263694763184,226400,0.0,0.0
2023-06-21 00:00:00-04:00,11.570053723940935,11.577984031288741,11.482821855666545,11.506612777709961,240300,0.0,0.0
2023-06-22 00:00:00-04:00,11.466963138337293,11.554194259016416,11.466963138337293,11.530404090881348,194400,0.0,0.0
2023-06-23 00:00:00-04:00,11.49868456435139,11.49868456435139,11.387662510091442,11.435243606567383,163700,0.0,0.0
2023-06-26 00:00:00-04:00,11.40352440817712,11.50661616522127,11.300432651132967,11.30836296081543,221700,0.0,0.0
2023-06-27 00:00:00-04:00,11.41145133972168,11.459031671179316,11.324219471589792,11.41145133972168,192900,0.0,0.0
2023-06-28 00:00:00-04:00,11.435241524131182,11.514543085057767,11.4114513583635,11.506612777709961,118000,0.0,0.0
2023-06-29 00:00:00-04:00,11.4114513583635,11.577984031288741,11.4114513583635,11.506612777709961,140000,0.0,0.0
2023-06-30 00:00:00-04:00,11.657285823538354,11.728657083163666,11.649355515518698,11.69693660736084,143500,0.0,0.0
2023-07-03 00:00:00-04:00,11.696937120194862,11.807959168510248,11.696937120194862,11.784168243408203,94100,0.0,0.0
2023-07-05 00:00:00-04:00,11.77623684490072,11.807957317120778,11.696935286212723,11.744516372680664,147800,0.0,0.0
2023-07-06 00:00:00-04:00,11.641427358264632,11.665217528897553,11.506615130884933,11.60970687866211,194400,0.0,0.0
2023-07-07 00:00:00-04:00,11.585913582360812,11.65728483593959,11.506612777709961,11.506612777709961,221900,0.0,0.0
2023-07-10 00:00:00-04:00,11.55419661708012,11.585917099825892,11.451104859087367,11.538336753845215,264900,0.0,0.0
2023-07-11 00:00:00-04:00,11.522471401317581,11.641423729959863,11.482820625103487,11.633493423461914,201500,0.0,0.0
2023-07-12 00:00:00-04:00,11.776239267341625,11.85554008606655,11.752448341075866,11.83174991607666,170300,0.0,0.0
2023-07-13 00:00:00-04:00,11.826158958788296,11.977878416995722,11.826158958788296,11.858099937438965,193400,0.103,0.0
2023-07-14 00:00:00-04:00,11.834143632301213,11.937952003299136,11.834143632301213,11.858099937438965,184500,0.0,0.0
2023-07-17 00:00:00-04:00,11.85810124153125,11.961908862412395,11.85810124153125,11.929967880249023,177900,0.0,0.0
2023-07-18 00:00:00-04:00,11.92996999729314,12.129601361623257,11.906014446802828,12.113631248474121,227700,0.0,0.0
2023-07-19 00:00:00-04:00,12.273332041742739,12.273332041742739,12.12161259117677,12.201464653015137,240500,0.0,0.0
2023-07-20 00:00:00-04:00,12.241391021933692,12.321243845026043,12.065715268050296,12.121612548828125,429500,0.0,0.0
2023-07-21 00:00:00-04:00,12.137581655364372,12.241390012208662,11.945935809590093,12.017803192138672,263300,0.0,0.0
2023-07-24 00:00:00-04:00,12.073701301544094,12.185495107111974,12.009819344514735,12.025790214538574,190600,0.0,0.0
2023-07-25 00:00:00-04:00,12.057730796880069,12.177509271991385,12.049745362130523,12.073700904846191,121100,0.0,0.0
2023-07-26 00:00:00-04:00,12.073700546433429,12.081685980945926,11.90601022933576,11.977877616882324,254800,0.0,0.0
2023-07-27 00:00:00-04:00,12.009824865117384,12.161544392420367,11.89803100816079,11.945942878723145,177600,0.0,0.0
2023-07-28 00:00:00-04:00,12.001833240414435,12.169523558651214,11.98586313281391,12.161538124084473,114500,0.0,0.0
2023-07-31 00:00:00-04:00,12.161541616972789,12.241394462508637,12.153556941645743,12.169527053833008,150200,0.0,0.0
2023-08-01 00:00:00-04:00,12.153553568218708,12.241391064700801,12.129597264287533,12.201464653015137,159600,0.0,0.0
2023-08-02 00:00:00-04:00,12.17750972394565,12.17750972394565,11.802202653650545,11.858099937438965,266100,0.0,0.0
2023-08-03 00:00:00-04:00,11.818172774322255,11.866083858493594,11.722349844446622,11.810187339782715,193400,0.0,0.0
2023-08-04 00:00:00-04:00,11.937951246283557,11.937951246283557,11.770260928617963,11.810187339782715,169300,0.0,0.0
2023-08-07 00:00:00-04:00,11.79421637206868,12.041758732477232,11.79421637206868,12.017803192138672,192200,0.0,0.0
2023-08-08 00:00:00-04:00,11.945936367302881,12.089671139110497,11.929965498642954,12.065714836120605,221600,0.0,0.0
2023-08-09 00:00:00-04:00,12.065715866532175,12.137583258573455,11.977878366000054,12.025790214538574,137000,0.0,0.0
2023-08-10 00:00:00-04:00,12.10056915459267,12.180971146361612,11.98800544598311,12.028206825256348,110700,0.103,0.0
2023-08-11 00:00:00-04:00,12.028205082470414,12.060366027873648,11.786997608557458,11.811118125915527,191800,0.0,0.0
2023-08-14 00:00:00-04:00,11.811113963971271,11.891516682536135,11.811113963971271,11.883476257324219,140900,0.0,0.0
2023-08-15 00:00:00-04:00,11.875438269927825,11.891518355837198,11.714632810170544,11.754834175109863,148500,0.0,0.0
2023-08-16 00:00:00-04:00,11.754834355226494,11.79503572078181,11.682472050582378,11.722673416137695,168700,0.0,0.0
2023-08-17 00:00:00-04:00,11.859358335913722,11.859358335913722,11.561869439161706,11.594030380249023,406800,0.0,0.0
2023-08-18 00:00:00-04:00,11.457345601591472,11.585989359346028,11.441264748483512,11.52166748046875,216400,0.0,0.0
2023-08-21 00:00:00-04:00,11.521668436024674,11.569910232572234,11.433226036927717,11.537749290466309,167500,0.0,0.0
2023-08-22 00:00:00-04:00,11.529707128951694,11.610109088733804,11.449304402392356,11.481465339660645,242900,0.0,0.0
2023-08-23 00:00:00-04:00,11.489506948740036,11.626191137898868,11.481466521900737,11.61815071105957,141300,0.0,0.0
2023-08-24 00:00:00-04:00,11.690512184307217,11.714632696325497,11.425184251774372,11.43322467803955,158400,0.0,0.0
2023-08-25 00:00:00-04:00,11.425183891135445,11.537747554963072,11.384982527855776,11.481465339660645,132600,0.0,0.0
2023-08-28 00:00:00-04:00,11.618151262342447,11.642271777227556,11.473427406254459,11.537749290466309,153400,0.0,0.0
2023-08-29 00:00:00-04:00,11.537751219647372,11.891521641965078,11.537751219647372,11.867401123046875,262000,0.0,0.0
2023-08-30 00:00:00-04:00,11.835234902156627,12.052321009248683,11.835234902156627,11.971919059753418,199300,0.0,0.0
2023-08-31 00:00:00-04:00,12.0121225192157,12.084484827783188,11.931720550523066,11.955841064453125,168100,0.0,0.0
2023-09-01 00:00:00-04:00,12.100564353224906,12.17292665384868,11.899558303393187,12.012121200561523,124100,0.0,0.0
2023-09-05 00:00:00-04:00,11.979961578383183,12.03624379992307,11.875439095760491,11.955841064453125,127100,0.0,0.0
2023-09-06 00:00:00-04:00,11.996044912980585,12.052326379382215,11.80307922808002,11.867401123046875,150700,0.0,0.0
2023-09-07 00:00:00-04:00,11.78699552778488,11.88347834696235,11.778955101159102,11.859357833862305,150600,0.0,0.0
2023-09-08 00:00:00-04:00,11.835236960168775,11.955840288771775,11.835236960168775,11.91563892364502,136000,0.0,0.0
2023-09-11 00:00:00-04:00,11.958551415416386,12.031419392003924,11.893778593765678,11.942358016967773,140300,0.103,0.0
2023-09-12 00:00:00-04:00,11.942356498669602,11.982839217500599,11.845198436761391,11.877584457397461,110500,0.0,0.0
2023-09-13 00:00:00-04:00,11.934261161218704,11.95045455945493,11.772331039575086,11.804717063903809,167600,0.0,0.0
2023-09-14 00:00:00-04:00,11.942354383139774,11.942354383139774,11.667072870426134,11.739941596984863,183800,0.0,0.0
2023-09-15 00:00:00-04:00,11.82900945678154,11.82900945678154,11.650886662852084,11.780430793762207,200800,0.0,0.0
2023-09-18 00:00:00-04:00,11.885681133690307,12.047611236572266,11.796618997997502,12.047611236572266,384300,0.0,0.0
2023-09-19 00:00:00-04:00,11.974744046013786,12.039516095543975,11.918068695710806,11.934261322021484,201900,0.0,0.0
2023-09-20 00:00:00-04:00,11.950457046750794,12.047615139958863,11.861394882202148,11.861394882202148,162400,0.0,0.0
2023-09-21 00:00:00-04:00,11.699462130662207,11.812813600323407,11.65088348091006,11.675172805786133,206600,0.0,0.0
2023-09-22 00:00:00-04:00,11.63469158620841,11.837104454664667,11.63469158620841,11.731849670410156,185000,0.0,0.0
2023-09-25 00:00:00-04:00,11.642787378538197,11.691366030779754,11.5699186280321,11.578015327453613,132500,0.0,0.0
2023-09-26 00:00:00-04:00,11.521339454205794,11.569918879647584,11.35940932297278,11.375602722167969,206500,0.0,0.0
2023-09-27 00:00:00-04:00,11.383699421765563,11.456567401712588,11.302733970077169,11.375602722167969,173500,0.0,0.0
2023-09-28 00:00:00-04:00,11.3027331916616,11.51324273383868,11.294636492621624,11.48895263671875,184800,0.0,0.0
2023-09-29 00:00:00-04:00,11.513242370042885,11.602303740237307,11.335118857510345,11.391794204711914,180800,0.0,0.0
2023-10-02 00:00:00-04:00,11.327022355046905,11.432277124633885,11.302733030417205,11.359408378601074,167800,0.0,0.0
2023-10-03 00:00:00-04:00,11.2946348281189,11.383696960146022,11.12460803405502,11.140801429748535,225100,0.0,0.0
2023-10-04 00:00:00-04:00,11.140801432651113,11.189380075457104,11.06793269629852,11.132704734802246,182200,0.0,0.0
2023-10-05 00:00:00-04:00,11.221768771275078,11.327023551984432,11.003163282220106,11.173190116882324,259300,0.0,0.0
2023-10-06 00:00:00-04:00,11.28654098016251,11.391795762316734,11.132707542948673,11.294637680053711,234300,0.0,0.0
2023-10-09 00:00:00-04:00,11.302733026461691,11.375601772468999,11.213671654754819,11.367505073547363,117600,0.0,0.0
2023-10-10 00:00:00-04:00,11.31892585342463,11.45656664896502,11.31892585342463,11.327022552490234,186100,0.0,0.0
2023-10-11 00:00:00-04:00,11.343215741003743,11.432277112648412,11.246057670443093,11.383698463439941,270200,0.0,0.0
2023-10-12 00:00:00-04:00,11.386146344907043,11.426927826814259,11.239333321177895,11.271958351135254,149800,0.103,0.0
2023-10-13 00:00:00-04:00,11.247490876137109,11.369834556014581,11.174084357073767,11.190397262573242,138800,0.0,0.0
2023-10-16 00:00:00-04:00,11.22301914656939,11.329050669037263,11.22301914656939,11.263800621032715,172200,0.0,0.0
2023-10-17 00:00:00-04:00,11.223023576097278,11.28827364985487,11.174085631857965,11.255648612976074,169000,0.0,0.0
2023-10-18 00:00:00-04:00,11.182239192619159,11.239332797926002,11.010957598856598,11.116989135742188,323800,0.0,0.0
2023-10-19 00:00:00-04:00,11.190396903347889,11.247490515078981,10.978333805715083,11.043583869934082,351300,0.0,0.0
2023-10-20 00:00:00-04:00,11.002802669210537,11.027272027305564,10.839677504454388,10.855990409851074,413800,0.0,0.0
2023-10-23 00:00:00-04:00,10.83151638192563,10.986485805013054,10.717329204747324,10.749954223632812,320400,0.0,0.0
2023-10-24 00:00:00-04:00,10.749954553274952,10.970173243044446,10.684704513503114,10.790735244750977,270000,0.0,0.0
2023-10-25 00:00:00-04:00,10.790739313460953,10.790739313460953,10.505270476281964,10.52158260345459,247100,0.0,0.0
2023-10-26 00:00:00-04:00,10.52973819803745,10.578676131252287,10.219800028588963,10.301362991333008,476600,0.0,0.0
2023-10-27 00:00:00-04:00,10.350298511446704,10.415549338038101,10.195329840127224,10.227954864501953,244200,0.0,0.0
2023-10-30 00:00:00-04:00,10.358453750610352,10.423703791729013,10.285047259891398,10.358453750610352,275500,0.0,0.0
2023-10-31 00:00:00-04:00,10.423704648619246,10.497111145372648,10.366611052407448,10.464486122131348,197100,0.0,0.0
2023-11-01 00:00:00-04:00,10.472644395256456,10.668394568776266,10.472644395256456,10.652082443237305,173100,0.0,0.0
2023-11-02 00:00:00-04:00,10.839677999959989,11.068053241058132,10.807052965517398,11.01095962524414,258400,0.0,0.0
2023-11-03 00:00:00-04:00,11.165925847518917,11.239332353060506,11.100675793224616,11.214863777160645,291700,0.0,0.0
2023-11-06 00:00:00-05:00,11.296425880951935,11.296425880951935,11.09251928221881,11.108831405639648,252000,0.0,0.0
2023-11-07 00:00:00-05:00,10.994644695716337,11.174082741049029,10.929394638839364,11.116989135742188,227000,0.0,0.0
2023-11-08 00:00:00-05:00,11.165924323256927,11.165924323256927,11.010955659923257,11.03542423248291,281700,0.0,0.0
2023-11-09 00:00:00-05:00,11.019115574607222,11.068052735112996,10.831521051756045,10.855990409851074,291700,0.0,0.0
2023-11-10 00:00:00-05:00,10.855990447967628,11.051740646362305,10.855990447967628,11.051740646362305,251700,0.0,0.0
2023-11-13 00:00:00-05:00,11.029550021736314,11.128174815540492,11.029550021736314,11.087080955505371,166800,0.103,0.0
2023-11-14 00:00:00-05:00,11.169265372937646,11.38295275489494,11.169265372937646,11.259671211242676,281000,0.0,0.0
2023-11-15 00:00:00-05:00,11.33364089050828,11.382953668687875,11.251453188142296,11.341859817504883,245200,0.0,0.0
2023-11-16 00:00:00-05:00,11.267893131539035,11.341861920624437,11.259674203018397,11.292549133300781,212100,0.0,0.0
2023-11-17 00:00:00-05:00,11.292548312767977,11.341861096508495,11.28432938484454,11.325423240661621,198300,0.0,0.0
2023-11-20 00:00:00-05:00,11.456922341568575,11.522672977651382,11.358297563144463,11.506235122680664,395200,0.0,0.0
2023-11-21 00:00:00-05:00,11.432266609442754,11.588423100104924,11.432266609442754,11.571985244750977,261400,0.0,0.0
2023-11-22 00:00:00-05:00,11.59664337618296,11.703487104228047,11.59664337618296,11.678831100463867,280300,0.0,0.0
2023-11-24 00:00:00-05:00,11.662390573317547,11.687047355239606,11.621297504380879,11.629515647888184,55300,0.0,0.0
2023-11-27 00:00:00-05:00,11.588423176996194,11.711703957768458,11.530891466675728,11.687047958374023,218600,0.0,0.0
2023-11-28 00:00:00-05:00,11.613081234559234,11.7445809663685,11.59664337618296,11.678831100463867,233200,0.0,0.0
2023-11-29 00:00:00-05:00,11.703485399311242,11.843204039954994,11.703485399311242,11.826766967773438,379400,0.0,0.0
2023-11-30 00:00:00-05:00,11.818549740301624,11.87608067691512,11.752799874514707,11.8678617477417,212600,0.0,0.0
2023-12-01 00:00:00-05:00,11.818547328912882,12.015796886027962,11.793891330223513,11.933609962463379,289500,0.0,0.0
2023-12-04 00:00:00-05:00,11.793891773123535,11.876078699774512,11.678829135252052,11.761016845703125,193000,0.0,0.0
2023-12-05 00:00:00-05:00,11.68704743755465,11.802109285467811,11.654172511893739,11.74457836151123,187900,0.0,0.0
2023-12-06 00:00:00-05:00,11.769234113033374,11.834983962976574,11.588422417589591,11.637734413146973,281700,0.0,0.0
2023-12-07 00:00:00-05:00,11.711703489540799,11.744578415352422,11.629515783111719,11.66239070892334,198500,0.0,0.0
2023-12-08 00:00:00-05:00,11.670610339664995,11.826766834531135,11.6295164839739,11.793891906738281,191100,0.0,0.0
2023-12-11 00:00:00-05:00,11.83776584119124,11.846044188483724,11.721871347496414,11.771540641784668,230800,0.103,0.0
2023-12-12 00:00:00-05:00,11.763260340546308,11.788094588832,11.721869400425815,11.754981994628906,240200,0.0,0.0
2023-12-13 00:00:00-05:00,11.75498288239027,12.069552945809903,11.75498288239027,12.028162002563477,342000,0.0,0.0
2023-12-14 00:00:00-05:00,12.110945202298657,12.218561350622021,12.028163306829404,12.102666854858398,372600,0.0,0.0
2023-12-15 00:00:00-05:00,12.135780911106965,12.185450212240776,12.052999795172957,12.110946655273438,251500,0.0,0.0
2023-12-18 00:00:00-05:00,12.235116577220913,12.301341774135418,12.144057128830124,12.210282325744629,398300,0.0,0.0
2023-12-19 00:00:00-05:00,12.185448656262464,12.392402603871359,12.185448656262464,12.375845909118652,311600,0.0,0.0
2023-12-20 00:00:00-05:00,12.37584589924977,12.508296299299179,12.168891951805906,12.18544864654541,396900,0.0,0.0
2023-12-21 00:00:00-05:00,12.218561898640951,12.3344556101359,12.168892601238332,12.317899703979492,229800,0.0,0.0
2023-12-22 00:00:00-05:00,12.334456065798479,12.442072222924155,12.218562350022157,12.309621810913086,273600,0.0,0.0
2023-12-26 00:00:00-05:00,12.342732711780167,12.475183105525545,12.342732711780167,12.450348854064941,195100,0.0,0.0
2023-12-27 00:00:00-05:00,12.549684072326736,12.60763091032444,12.392399459418767,12.557962417602539,244300,0.0,0.0
2023-12-28 00:00:00-05:00,12.585470440406706,12.610474463121324,12.493787699013852,12.54379653930664,181700,0.103,0.0
2023-12-29 00:00:00-05:00,12.543797867140047,12.543797867140047,12.3687680998827,12.39377212524414,224000,0.0,0.0
2024-01-02 00:00:00-05:00,12.3270931767163,12.377102018174368,12.202072265366487,12.268750190734863,162700,0.0,0.0
2024-01-03 00:00:00-05:00,12.185402575390203,12.218741538590937,12.102055564820159,12.110389709472656,173900,0.0,0.0
2024-01-04 00:00:00-05:00,12.077046714180256,12.243741474530538,12.077046714180256,12.152059555053711,199100,0.0,0.0
2024-01-05 00:00:00-05:00,12.077053270298459,12.235413974746,12.077053270298459,12.202075004577637,188200,0.0,0.0
2024-01-08 00:00:00-05:00,12.227076476377865,12.46044921875,12.210406597348065,12.46044921875,195900,0.0,0.0
2024-01-09 00:00:00-05:00,12.368767683164808,12.502123540417754,12.302089754538336,12.42711067199707,189200,0.0,0.0
2024-01-10 00:00:00-05:00,12.468784278490487,12.535462205525443,12.427110375377742,12.527127265930176,251400,0.0,0.0
2024-01-11 00:00:00-05:00,12.643815113756716,12.643815113756716,12.452115461038126,12.593806266784668,450000,0.0,0.0
2024-01-12 00:00:00-05:00,12.627145233144814,12.660484199504962,12.460450401344078,12.593806266784668,160200,0.0,0.0
2024-01-16 00:00:00-05:00,12.468784278490487,12.59380519296513,12.468784278490487,12.527127265930176,243900,0.0,0.0
2024-01-17 00:00:00-05:00,12.460449029286297,12.518792810139887,12.318758239141758,12.443779945373535,156700,0.0,0.0
2024-01-18 00:00:00-05:00,12.477120340442058,12.585472180336346,12.443781373925635,12.535463333129883,253100,0.0,0.0
2024-01-19 00:00:00-05:00,12.543797854546476,12.618810725419118,12.468784983673833,12.568801879882812,291700,0.0,0.0
2024-01-22 00:00:00-05:00,12.635477021832742,12.710489876148824,12.627142083605742,12.693819999694824,232300,0.0,0.0
2024-01-23 00:00:00-05:00,12.643815498947966,12.727163314819336,12.62714561782822,12.727163314819336,201500,0.0,0.0
2024-01-24 00:00:00-05:00,12.78550316624103,12.910524064453357,12.702155370857156,12.835511207580566,208900,0.0,0.0
2024-01-25 00:00:00-05:00,12.843846146091652,12.952197962145293,12.818842125421883,12.835511207580566,210900,0.0,0.0
2024-01-26 00:00:00-05:00,12.835513099954449,12.852182979434302,12.760501026885914,12.827178955078125,184000,0.0,0.0
2024-01-29 00:00:00-05:00,12.910524668608641,12.993872467892823,12.835511808225581,12.9855375289917,191700,0.0,0.0
2024-01-30 00:00:00-05:00,12.968866308954727,13.093887192415682,12.952196433899458,13.027209281921387,319700,0.0,0.0
2024-01-31 00:00:00-05:00,13.03554665918126,13.060550681580525,12.86885105688339,12.885520935058594,204300,0.0,0.0
2024-02-01 00:00:00-05:00,12.877187184975295,13.043882007801251,12.877187184975295,13.018877983093262,214500,0.0,0.0
2024-02-02 00:00:00-05:00,13.052215385651348,13.143898123381321,13.002207342220016,13.03554630279541,204300,0.0,0.0
2024-02-05 00:00:00-05:00,12.977203353817627,12.993873232600919,12.84384750300557,12.96886920928955,241500,0.0,0.0
2024-02-06 00:00:00-05:00,12.968870524019552,13.085556507877454,12.94386570330973,12.993874549865723,268100,0.0,0.0
2024-02-07 00:00:00-05:00,12.993872528347445,13.15223239388794,12.993872528347445,13.102224349975586,270700,0.0,0.0
2024-02-08 00:00:00-05:00,13.11889129016982,13.160565183198845,13.060548316847227,13.143896102905273,198300,0.0,0.0
2024-02-09 00:00:00-05:00,13.146415469398104,13.230311229161893,13.146415469398104,13.2051420211792,196100,0.103,0.0
2024-02-12 00:00:00-05:00,13.247089373994099,13.339374065991093,13.2051414957812,13.22192096710205,223000,0.0,0.0
2024-02-13 00:00:00-05:00,13.054132299914535,13.112858858561474,12.928288645556213,13.028963088989258,228100,0.0,0.0
2024-02-14 00:00:00-05:00,13.12963597547001,13.163194119301597,13.045741015935668,13.154805183410645,238600,0.0,0.0
2024-02-15 00:00:00-05:00,13.205141746806927,13.23869988999733,13.154804932065945,13.188363075256348,185000,0.0,0.0
2024-02-16 00:00:00-05:00,13.188363327242232,13.238700142944984,13.087688895747469,13.154805183410645,270900,0.0,0.0
2024-02-20 00:00:00-05:00,13.230312680584731,13.230312680584731,13.054132205824416,13.087690353393555,389600,0.0,0.0
2024-02-21 00:00:00-05:00,13.037351530330172,13.16319437209305,13.028961794188842,13.121247291564941,252500,0.0,0.0
2024-02-22 00:00:00-05:00,13.221924532454342,13.381325552539494,13.096080863881326,13.305819511413574,326900,0.0,0.0
2024-02-23 00:00:00-05:00,13.364543498369352,13.414880313002392,13.322595619448991,13.372932434082031,214100,0.0,0.0
2024-02-26 00:00:00-05:00,13.38971432370791,13.38971432370791,13.255481726993345,13.28065013885498,196900,0.0,0.0
2024-02-27 00:00:00-05:00,13.263869296719179,13.314206112216366,13.230311153024633,13.289037704467773,165700,0.0,0.0
2024-02-28 00:00:00-05:00,13.289037704467773,13.297427440413724,13.238700088881327,13.289037704467773,140600,0.0,0.0
2024-02-29 00:00:00-05:00,13.289035993830794,13.381320677089091,13.280646258964817,13.364542007446289,170800,0.0,0.0
2024-03-01 00:00:00-05:00,13.398103032980602,13.448440652930822,13.347765413030382,13.414881706237793,237000,0.0,0.0
2024-03-04 00:00:00-05:00,13.364547208315487,13.473610603659061,13.364547208315487,13.431663513183594,250400,0.0,0.0
2024-03-05 00:00:00-05:00,13.4232693419851,13.4232693419851,13.263868370588275,13.339373588562012,188000,0.0,0.0
2024-03-06 00:00:00-05:00,13.372933722355858,13.60784074681458,13.372933722355858,13.448440551757812,262400,0.0,0.0
2024-03-07 00:00:00-05:00,13.549114209076766,13.641399711734698,13.473608179661849,13.498777389526367,213900,0.0,0.0
2024-03-08 00:00:00-05:00,13.498779551723583,13.607842944915358,13.431663248179667,13.44005298614502,201200,0.0,0.0
2024-03-11 00:00:00-04:00,13.448438931398313,13.523944951613466,13.389711582292513,13.490386009216309,140800,0.0,0.0
2024-03-12 00:00:00-04:00,13.557501959289512,13.591060900858574,13.423269393370084,13.582671165466309,201200,0.0,0.0
2024-03-13 00:00:00-04:00,13.6020922507688,13.661194812559698,13.56831843807456,13.618977546691895,182900,0.103,0.0
2024-03-14 00:00:00-04:00,13.686524932400367,13.686524932400367,13.424784299502038,13.483887672424316,175300,0.0,0.0
2024-03-15 00:00:00-04:00,13.416341566840847,13.475444134181632,13.365681648254395,13.365681648254395,128300,0.0,0.0
2024-03-18 00:00:00-04:00,13.391009210311585,13.542988943433112,13.391009210311585,13.458555221557617,149800,0.0,0.0
2024-03-19 00:00:00-04:00,13.416341683466328,13.6020936462819,13.416341683466328,13.509217262268066,168300,0.0,0.0
2024-03-20 00:00:00-04:00,13.509215178227482,13.745627023599083,13.500771725490216,13.737183570861816,219200,0.0,0.0
2024-03-21 00:00:00-04:00,13.889161800782915,13.889161800782915,13.779398531142528,13.813172340393066,370700,0.0,0.0
2024-03-22 00:00:00-04:00,13.779399370870479,13.863832288718372,13.762512465216107,13.838501930236816,241400,0.0,0.0
2024-03-25 00:00:00-04:00,13.762514296046689,13.872277586977976,13.754072452520443,13.78784465789795,237400,0.0,0.0
2024-03-26 00:00:00-04:00,13.77939720267983,13.846943204244978,13.762510299682617,13.762510299682617,106500,0.0,0.0
2024-03-27 00:00:00-04:00,13.81317501974921,13.830060317225875,13.737185544619603,13.78784465789795,155700,0.0,0.0
2024-03-28 00:00:00-04:00,13.787842362611233,13.872275277635561,13.787842362611233,13.821616172790527,182600,0.0,0.0
2024-04-01 00:00:00-04:00,13.728740946547418,13.846946071154008,13.728740946547418,13.804730415344238,225900,0.0,0.0
2024-04-02 00:00:00-04:00,13.585204082345841,13.703409194946289,13.576760629956684,13.703409194946289,161200,0.0,0.0
2024-04-03 00:00:00-04:00,13.669636988546818,13.770955196315091,13.669636988546818,13.745626449584961,159100,0.0,0.0
2024-04-04 00:00:00-04:00,13.762513527749839,13.855389905595432,13.559875475524613,13.602092742919922,221200,0.0,0.0
2024-04-05 00:00:00-04:00,13.618977925680829,13.703410849342008,13.568318815653752,13.627421379089355,249800,0.0,0.0
2024-04-08 00:00:00-04:00,13.6865228634803,13.78784268597048,13.65275066293287,13.694966316223145,213600,0.0,0.0
2024-04-09 00:00:00-04:00,13.796285366072865,13.796285366072865,13.593647342864895,13.720295906066895,201800,0.0,0.0
2024-04-10 00:00:00-04:00,13.678080677791904,13.678080677791904,13.559873952783457,13.61053466796875,204500,0.0,0.0
2024-04-11 00:00:00-04:00,13.638576240352075,13.7830347519791,13.630080110944713,13.749045372009277,191400,0.103,0.0
2024-04-12 00:00:00-04:00,13.6300810709664,13.70655758648008,13.426139104052574,13.451631546020508,166100,0.0,0.0
2024-04-15 00:00:00-04:00,13.511113756801961,13.596089641215597,13.205202031615045,13.222197532653809,241000,0.0,0.0
2024-04-16 00:00:00-04:00,13.256187724341245,13.315670357196733,13.196704281095663,13.222197532653809,209500,0.0,0.0
2024-04-17 00:00:00-04:00,13.230693929034693,13.315669809956031,13.11172866821289,13.11172866821289,227100,0.0,0.0
2024-04-18 00:00:00-04:00,13.179708764080178,13.256186893179256,13.077738195411419,13.145718574523926,210100,0.0,0.0
2024-04-19 00:00:00-04:00,13.24768939737089,13.273181837429682,12.93327993534559,12.992762565612793,431600,0.0,0.0
2024-04-22 00:00:00-04:00,13.052246269926373,13.22219804534351,13.009759136462215,13.213700294494629,156300,0.0,0.0
2024-04-23 00:00:00-04:00,13.29017504695994,13.511110840037839,13.29017504695994,13.400643348693848,258400,0.0,0.0
2024-04-24 00:00:00-04:00,13.460126481825508,13.477121169453245,13.332662677862722,13.392146110534668,132700,0.0,0.0
2024-04-25 00:00:00-04:00,13.264684094812552,13.358157725731301,13.171211274283861,13.290177345275879,153000,0.0,0.0
2024-04-26 00:00:00-04:00,13.400644090765553,13.485619151150333,13.366653094143684,13.417638778686523,210900,0.0,0.0
2024-04-29 00:00:00-04:00,13.494116667470928,13.502614416479771,13.375150612516984,13.392146110534668,153600,0.0,0.0
2024-04-30 00:00:00-04:00,13.502616816672674,13.502616816672674,13.205202031615045,13.222197532653809,263900,0.0,0.0
2024-05-01 00:00:00-04:00,13.358156441831055,13.383648879454153,13.171210008351707,13.2052001953125,228900,0.0,0.0
2024-05-02 00:00:00-04:00,13.324168431625315,13.375153315200858,13.188207661570381,13.349660873413086,114400,0.0,0.0
2024-05-03 00:00:00-04:00,13.426138379314326,13.553601392663703,13.366654937413218,13.477123260498047,185700,0.0,0.0
2024-05-06 00:00:00-04:00,13.52810803220791,13.604586159173323,13.502615593349446,13.596088409423828,191300,0.0,0.0
2024-05-07 00:00:00-04:00,13.630078776684732,13.71505302868115,13.613083277973463,13.681063652038574,128800,0.0,0.0
2024-05-08 00:00:00-04:00,13.604587483770578,13.672567867605338,13.562099541276327,13.621582984924316,186900,0.0,0.0
2024-05-09 00:00:00-04:00,13.67256694096673,13.715054070191377,13.604586561739241,13.70655632019043,172700,0.0,0.0
2024-05-10 00:00:00-04:00,13.68955995947062,13.757540326375349,13.672564462549488,13.732047080993652,152300,0.0,0.0
2024-05-13 00:00:00-04:00,13.768824141430565,13.794479290921844,13.666198649934898,13.691855430603027,165000,0.103,0.0
2024-05-14 00:00:00-04:00,13.743168226102565,13.845793724060059,13.743168226102565,13.845793724060059,225600,0.0,0.0
2024-05-15 00:00:00-04:00,13.879997838498094,13.922759132145439,13.768821737368127,13.897102355957031,219600,0.0,0.0
2024-05-16 00:00:00-04:00,13.897104845321884,13.956969035974973,13.862895804276201,13.914209365844727,155200,0.0,0.0
2024-05-17 00:00:00-04:00,13.888552294410305,13.974073264057932,13.871447774245414,13.905656814575195,160000,0.0,0.0
2024-05-20 00:00:00-04:00,13.948418533365517,14.016834992901243,13.914211119186184,13.974075317382812,231800,0.0,0.0
2024-05-21 00:00:00-04:00,14.033937374255373,14.05959415435791,13.948416405090398,14.05959415435791,321400,0.0,0.0
2024-05-22 00:00:00-04:00,14.033937374255373,14.11090608338617,13.956968665124577,14.05959415435791,211900,0.0,0.0
2024-05-23 00:00:00-04:00,14.06814515497781,14.136561597949623,13.897103231959944,13.922760009765625,223200,0.0,0.0
2024-05-24 00:00:00-04:00,13.871445178485429,14.10235126397158,13.871445178485429,14.07669448852539,173200,0.0,0.0
2024-05-28 00:00:00-04:00,14.093800392693767,14.110904911341432,13.991176543161133,14.025383949279785,157900,0.0,0.0
2024-05-29 00:00:00-04:00,13.768820997785012,13.91420612602359,13.743164222974741,13.811580657958984,142100,0.0,0.0
2024-05-30 00:00:00-04:00,13.820136941776447,13.905657918211531,13.785929529908584,13.845793724060059,131500,0.0,0.0
2024-05-31 00:00:00-04:00,13.845789851118592,13.965518205931149,13.666195687723262,13.879997253417969,157800,0.0,0.0
2024-06-03 00:00:00-04:00,13.991178077020658,13.99973033728208,13.837240654668795,13.914209365844727,143200,0.0,0.0
2024-06-04 00:00:00-04:00,13.93986503070636,13.999730854749105,13.871448577262996,13.965521812438965,111400,0.0,0.0
2024-06-05 00:00:00-04:00,13.991178875963648,14.102355003356934,13.982626615213864,14.102355003356934,129300,0.0,0.0
2024-06-06 00:00:00-04:00,14.102353824832393,14.256291243110148,14.051041895798747,14.187874794006348,194800,0.0,0.0
2024-06-07 00:00:00-04:00,14.153667739985528,14.247740982395426,14.110908064986686,14.162220001220703,121100,0.0,0.0
2024-06-10 00:00:00-04:00,14.136563525414886,14.264844169580517,14.128011264980259,14.179323196411133,116000,0.0,0.0
2024-06-11 00:00:00-04:00,14.128009515615542,14.273394662648482,14.119457256239876,14.247737884521484,112000,0.0,0.0
2024-06-12 00:00:00-04:00,14.376020872096902,14.478646370270393,14.290499895481817,14.324708938598633,170700,0.0,0.0
2024-06-13 00:00:00-04:00,14.444435617972607,14.444435617972607,14.29049820451595,14.358916282653809,146200,0.0,0.0
2024-06-14 00:00:00-04:00,14.318472959016706,14.430336952209473,14.266844307444405,14.430336952209473,183300,0.103,0.0
2024-06-17 00:00:00-04:00,14.36149956021626,14.499177071583304,14.36149956021626,14.481966972351074,195000,0.0,0.0
2024-06-18 00:00:00-04:00,14.490575139418855,14.57662401284686,14.456154933549353,14.55941390991211,209000,0.0,0.0
2024-06-20 00:00:00-04:00,14.697086216192506,14.697086216192506,14.456149784658308,14.507780075073242,313000,0.0,0.0
2024-06-21 00:00:00-04:00,14.507779674545763,14.542198225960334,14.430335882306576,14.53359317779541,194600,0.0,0.0
2024-06-24 00:00:00-04:00,14.499175701387621,14.559409401762844,14.395916756997778,14.430336952209473,258900,0.0,0.0
2024-06-25 00:00:00-04:00,14.53359462589999,14.542199674922307,14.413127222078128,14.490571022033691,137700,0.0,0.0
2024-06-26 00:00:00-04:00,14.516385168574754,14.516385168574754,14.438941373956919,14.499175071716309,111900,0.0,0.0
2024-06-27 00:00:00-04:00,14.542203806977357,14.619647628937987,14.490575139418855,14.55941390991211,132400,0.0,0.0
2024-06-28 00:00:00-04:00,14.60243337683324,14.628248523900188,14.447547418167392,14.490571022033691,173200,0.0,0.0
2024-07-01 00:00:00-04:00,14.49056920385642,14.593826496677634,14.438940557445813,14.473359107971191,177100,0.0,0.0
2024-07-02 00:00:00-04:00,14.524989450957476,14.602433250241663,14.490570896411874,14.593828201293945,147700,0.0,0.0
2024-07-03 00:00:00-04:00,14.593826446840533,14.714295476380656,14.593826446840533,14.6970853805542,70300,0.0,0.0
2024-07-05 00:00:00-04:00,14.697090902804554,14.808953285217287,14.645462237171422,14.808953285217285,115600,0.0,0.0
2024-07-08 00:00:00-04:00,14.80895133121453,14.843371531258754,14.722904113594916,14.817556381225586,226000,0.0,0.0
2024-07-09 00:00:00-04:00,14.894998181299458,14.894998181299458,14.731507176874656,14.83476448059082,185300,0.0,0.0
2024-07-10 00:00:00-04:00,14.84337223046392,15.118727278806572,14.826162129631117,15.067098617553711,393300,0.0,0.0
2024-07-11 00:00:00-04:00,14.972444080234833,15.15314684895729,14.869186762032413,14.929420471191406,186900,0.0,0.0
2024-07-12 00:00:00-04:00,14.940671732092264,15.053202135377614,14.914702415466309,14.914702415466309,131300,0.103,0.0
2024-07-15 00:00:00-04:00,14.914705153878586,15.001267907478216,14.888737483531736,14.897392272949219,201900,0.0,0.0
2024-07-16 00:00:00-04:00,14.906050197414618,15.02723872493814,14.906050197414618,15.009925842285156,136100,0.0,0.0
2024-07-17 00:00:00-04:00,14.845455108271558,14.932017860862807,14.810830997863366,14.836798667907715,154200,0.0,0.0
2024-07-18 00:00:00-04:00,14.810827577551878,14.862764556693785,14.594421571572672,14.6896390914917,216900,0.0,0.0
2024-07-19 00:00:00-04:00,14.776200229098436,15.009919086578785,14.672326282027138,14.732919692993164,296700,0.0,0.0
2024-07-22 00:00:00-04:00,14.750237331691103,14.836798431858007,14.655018140250924,14.767548561096191,153600,0.0,0.0
2024-07-23 00:00:00-04:00,14.802169042249105,14.923355860094645,14.706949884772428,14.862762451171875,150500,0.0,0.0
2024-07-24 00:00:00-04:00,14.793516313643922,14.862766177065168,14.594423162688711,14.611734390258789,210200,0.0,0.0
2024-07-25 00:00:00-04:00,14.594420684045827,14.680981760336053,14.4386081050487,14.46457576751709,168100,0.0,0.0
2024-07-26 00:00:00-04:00,14.490547054670511,14.577109793797435,14.412640754560972,14.473234176635742,119000,0.0,0.0
2024-07-29 00:00:00-04:00,14.516515605392302,14.585765462828741,14.438609309395455,14.499202728271484,125900,0.0,0.0
2024-07-30 00:00:00-04:00,14.603076026638798,14.603076026638798,14.343387864104896,14.412637710571289,159400,0.0,0.0
2024-07-31 00:00:00-04:00,14.629045233424655,14.672327423945113,14.429952110170797,14.559795379638672,185700,0.0,0.0
2024-08-01 00:00:00-04:00,14.68098545349585,14.724267653575765,14.274142679027335,14.403985977172852,302600,0.0,0.0
2024-08-02 00:00:00-04:00,14.152953912799212,14.429953351777199,13.971171999065602,14.126984596252441,224800,0.0,0.0
2024-08-05 00:00:00-04:00,13.373890806064189,13.702828029336974,13.24404753461171,13.598953247070312,401400,0.0,0.0
2024-08-06 00:00:00-04:00,13.590295356684784,13.910576107498557,13.572983307585194,13.728795051574707,255300,0.0,0.0
2024-08-07 00:00:00-04:00,13.798046691663496,13.953860106942903,13.676859855651855,13.676859855651855,174100,0.0,0.0
2024-08-08 00:00:00-04:00,13.867297296536872,13.97117125509887,13.74610963567554,13.919234275817871,193400,0.0,0.0
2024-08-09 00:00:00-04:00,13.878288920575434,14.052528835735512,13.826016281351079,13.956697463989258,203000,0.103,0.0
2024-08-12 00:00:00-04:00,13.878288528955185,14.157073714697159,13.878288528955185,14.017681121826172,283600,0.0,0.0
2024-08-13 00:00:00-04:00,14.122226160771632,14.32260448722419,14.035107027703766,14.244195938110352,172600,0.0,0.0
2024-08-14 00:00:00-04:00,14.252904463477229,14.340023573805356,14.200631003251734,14.261616706848145,102500,0.0,0.0
2024-08-15 00:00:00-04:00,14.40972546341881,14.60138988494873,14.357451988890766,14.60138988494873,142000,0.0,0.0
2024-08-16 00:00:00-04:00,14.644947335334392,14.732068118598223,14.514266991284009,14.697220802307129,324600,0.0,0.0
2024-08-19 00:00:00-04:00,14.662370434329352,14.836611984338878,14.62752312134179,14.793050765991211,207200,0.0,0.0
2024-08-20 00:00:00-04:00,14.793052243680409,14.897597516467346,14.653659654424986,14.801764488220215,103700,0.0,0.0
2024-08-21 00:00:00-04:00,14.784338233957685,14.88888349426239,14.749490921649809,14.871459007263184,122900,0.0,0.0
2024-08-22 00:00:00-04:00,14.888882434532933,14.91501916317144,14.627521794909551,14.636232376098633,204100,0.0,0.0
2024-08-23 00:00:00-04:00,14.671084330110078,14.880173216652672,14.662372085459458,14.836613655090332,120200,0.0,0.0
2024-08-26 00:00:00-04:00,14.854036293768315,14.932444832935833,14.758204927211922,14.801764488220215,164000,0.0,0.0
2024-08-27 00:00:00-04:00,14.801764676487855,14.89759770595391,14.732068380973656,14.836613655090332,116500,0.0,0.0
2024-08-28 00:00:00-04:00,14.880171931037369,14.888884174935269,14.610099016964925,14.732067108154297,178600,0.0,0.0
2024-08-29 00:00:00-04:00,14.897599654867813,14.906311900658174,14.653661757810625,14.705933570861816,207300,0.0,0.0
2024-08-30 00:00:00-04:00,14.740780104798388,14.827900886535645,14.65365932306113,14.827900886535645,130000,0.0,0.0
2024-09-03 00:00:00-04:00,14.810474250164274,14.810474250164274,14.444568349280834,14.522976875305176,212100,0.0,0.0
2024-09-04 00:00:00-04:00,14.461997492507948,14.63623742513395,14.409725678889247,14.5055570602417,153400,0.0,0.0
2024-09-05 00:00:00-04:00,14.49684349041401,14.61010101488397,14.331315818789983,14.47942066192627,131100,0.0,0.0
2024-09-06 00:00:00-04:00,14.44457141039535,14.505555463184676,14.157073974609375,14.157073974609375,152000,0.0,0.0
2024-09-09 00:00:00-04:00,14.313890980830394,14.366162788405271,14.200633459112225,14.322603225708008,172200,0.0,0.0
2024-09-10 00:00:00-04:00,14.383586548553298,14.41843386460532,14.226769472092409,14.409723281860352,133100,0.0,0.0
2024-09-11 00:00:00-04:00,14.409725281546635,14.566540718078613,14.200634709455432,14.566540718078613,144200,0.0,0.0
2024-09-12 00:00:00-04:00,14.714645816652176,14.723358062442538,14.54911813170824,14.705933570861816,128800,0.0,0.0
2024-09-13 00:00:00-04:00,14.787456146262144,14.831283146179057,14.664737537087607,14.76115894317627,124200,0.103,0.0
2024-09-16 00:00:00-04:00,14.717331943259357,14.804985943093182,14.673503271449565,14.76115894317627,180900,0.0,0.0
2024-09-17 00:00:00-04:00,14.761155634148324,14.97152819599719,14.761155634148324,14.875106811523438,265600,0.0,0.0
2024-09-18 00:00:00-04:00,14.98906285512591,15.059187057353107,14.796220045081473,14.857580184936523,403800,0.0,0.0
2024-09-19 00:00:00-04:00,15.015358703040764,15.155608782349058,15.006594640483586,15.067953109741211,195100,0.0,0.0
2024-09-20 00:00:00-04:00,15.085481595420427,15.094247329108528,14.901406203648582,14.98029613494873,192700,0.0,0.0
2024-09-23 00:00:00-04:00,15.067949733209833,15.146839653689401,15.015355338295105,15.138073921203613,134300,0.0,0.0
2024-09-24 00:00:00-04:00,15.111777604852017,15.181901796934453,15.059184878763347,15.155606269836426,180800,0.0,0.0
2024-09-25 00:00:00-04:00,15.120544578541319,15.146841779689739,15.032888913272672,15.085481643676758,155300,0.0,0.0
2024-09-26 00:00:00-04:00,15.146839211346801,15.216963397292702,15.059183560941307,15.129307746887207,178600,0.0,0.0
2024-09-27 00:00:00-04:00,15.129308188717825,15.164369446768456,15.076715465695619,15.138073921203613,134700,0.0,0.0
2024-09-30 00:00:00-04:00,15.120540995517237,15.208196640014648,15.059182545936755,15.208196640014648,209300,0.0,0.0
2024-10-01 00:00:00-04:00,15.138076058343678,15.208200256237346,14.953998993939829,15.024123191833496,288900,0.0,0.0
2024-10-02 00:00:00-04:00,14.96276275399876,15.138074061554855,14.96276275399876,15.103011131286621,179300,0.0,0.0
2024-10-03 00:00:00-04:00,14.936468688595626,15.067951346172078,14.822515825974723,15.032888412475586,158900,0.0,0.0
2024-10-04 00:00:00-04:00,15.085480978019628,15.190668106079102,15.04165398326558,15.190668106079102,186300,0.0,0.0
2024-10-07 00:00:00-04:00,15.313383037770237,15.322148769959812,15.103010480897828,15.146839141845703,201200,0.0,0.0
2024-10-08 00:00:00-04:00,15.278320004117438,15.287085735287604,15.173132901967698,15.234491348266602,170700,0.0,0.0
2024-10-09 00:00:00-04:00,15.234496250669489,15.383510384729975,15.208200720589454,15.374746322631836,155600,0.0,0.0
2024-10-10 00:00:00-04:00,15.409807645492211,15.42733911354099,15.339683445189914,15.418573379516602,162300,0.0,0.0
2024-10-11 00:00:00-04:00,15.418572794042579,15.471165524299048,15.374745797477646,15.444869995117188,189700,0.0,0.0
2024-10-14 00:00:00-04:00,15.497463067237469,15.611414263955632,15.47116586558276,15.593884468078613,167500,0.0,0.0
2024-10-15 00:00:00-04:00,15.711143623159426,15.711143623159426,15.473095584837859,15.517179489135742,166600,0.103,0.0
2024-10-16 00:00:00-04:00,15.481914520263672,15.543630313240486,15.455465855633172,15.481914520263672,151500,0.0,0.0
2024-10-17 00:00:00-04:00,15.614157526576822,15.614157526576822,15.429010211223892,15.455460548400879,159000,0.0,0.0
2024-10-18 00:00:00-04:00,15.45546547937648,15.543629934837469,15.437831915632604,15.534814834594727,148300,0.0,0.0
2024-10-21 00:00:00-04:00,15.51717871115482,15.596528053283691,15.429012588608417,15.596528053283691,198900,0.0,0.0
2024-10-22 00:00:00-04:00,15.649423837443486,15.70232282744645,15.51717552162179,15.614156723022461,387500,0.0,0.0
2024-10-23 00:00:00-04:00,15.596527513230535,15.605344293342773,15.384929835423405,15.464279174804688,221300,0.0,0.0
2024-10-24 00:00:00-04:00,15.552444159623146,15.552444159623146,15.420195816546341,15.490728378295898,170700,0.0,0.0
2024-10-25 00:00:00-04:00,15.684694962209697,15.719960404019004,15.4201965813094,15.517179489135742,208200,0.0,0.0
2024-10-28 00:00:00-04:00,15.622974207332705,15.667058102350298,15.499542664540742,15.543624877929688,169200,0.0,0.0
2024-10-29 00:00:00-04:00,15.570076049190279,15.587709608142129,15.499543495011622,15.561259269714355,123300,0.0,0.0
2024-10-30 00:00:00-04:00,15.561260694019367,15.614159694087965,15.525995254516602,15.525995254516602,148400,0.0,0.0
2024-10-31 00:00:00-04:00,15.517175152099172,15.517175152099172,15.252676845125915,15.270310401916504,280000,0.0,0.0
2024-11-01 00:00:00-04:00,15.332028615707385,15.411377952298906,15.173329942524342,15.22623062133789,199000,0.0,0.0
2024-11-04 00:00:00-05:00,15.279128721974047,15.279128721974047,15.12924683738803,15.217412948608398,150300,0.0,0.0
2024-11-05 00:00:00-05:00,15.314396149229271,15.384928703308105,15.243863595150435,15.384928703308105,152300,0.0,0.0
2024-11-06 00:00:00-05:00,15.684693290937101,15.76404094696045,15.63179261141644,15.76404094696045,284500,0.0,0.0
2024-11-07 00:00:00-05:00,15.843389995750405,15.984455108642576,15.825758117860477,15.984455108642578,192400,0.0,0.0
2024-11-08 00:00:00-05:00,15.993271767060463,16.046172445215262,15.94918955022691,16.00208854675293,198200,0.0,0.0
2024-11-11 00:00:00-05:00,16.037357330322266,16.09907311294732,16.01090698849912,16.037357330322266,194600,0.0,0.0
2024-11-12 00:00:00-05:00,16.072619067341915,16.081435845917888,15.878654983556219,16.01972007751465,196300,0.0,0.0
2024-11-13 00:00:00-05:00,16.02238420694723,16.11105297063338,15.951449534241505,16.004650115966797,190700,0.103,0.0
2024-11-14 00:00:00-05:00,16.084450439686528,16.1199186185724,15.791844728741506,15.845046997070312,240000,0.0,0.0
2024-11-15 00:00:00-05:00,15.738645274230032,15.83618108190733,15.525841259383544,15.641109466552734,267200,0.0,0.0
2024-11-18 00:00:00-05:00,15.649973136002162,15.782975405188887,15.63223904911977,15.65884017944336,223800,0.0,0.0
2024-11-19 00:00:00-05:00,15.694305962452045,15.818441169287722,15.561302022310562,15.809574127197266,326500,0.0,0.0
2024-11-20 00:00:00-05:00,15.880508103484836,15.880508103484836,15.667704175927726,15.78297233581543,363000,0.0,0.0
2024-11-21 00:00:00-05:00,15.782972147040855,15.960309596825015,15.729771588591712,15.898241996765137,333000,0.0,0.0
2024-11-22 00:00:00-05:00,15.889380304318719,15.986916103656986,15.862779170531237,15.969182014465332,143800,0.0,0.0
2024-11-25 00:00:00-05:00,16.022382590824463,16.10218430097108,15.951447925273678,15.969182014465332,241600,0.0,0.0
2024-11-26 00:00:00-05:00,15.969176234648792,16.102178473016266,15.960309193262264,16.01350975036621,211300,0.0,0.0
2024-11-27 00:00:00-05:00,16.004650115966797,16.084451834162735,15.924848397770859,16.004650115966797,133100,0.0,0.0
2024-11-29 00:00:00-05:00,16.040114335434694,16.093314904017504,15.942578550353218,16.084447860717773,64100,0.0,0.0
2024-12-02 00:00:00-05:00,16.022377780587433,16.16424706909702,16.013510738653668,16.146512985229492,173700,0.0,0.0
2024-12-03 00:00:00-05:00,16.17311566065368,16.22631622613834,16.11104805238566,16.20858383178711,241300,0.0,0.0
2024-12-04 00:00:00-05:00,16.314984828150482,16.332718913570883,16.15538144179781,16.28838539123535,192200,0.0,0.0
2024-12-05 00:00:00-05:00,16.244053763468468,16.314988429593036,16.208587276014107,16.279521942138672,180100,0.0,0.0
2024-12-06 00:00:00-05:00,16.403654899822307,16.421388986686836,16.2883867176341,16.350454330444336,161700,0.0,0.0
2024-12-09 00:00:00-05:00,16.412521862376607,16.421388905765177,16.25291846381358,16.26178550720215,131900,0.0,0.0
2024-12-10 00:00:00-05:00,16.261789261799564,16.28839039810706,16.15538640778556,16.173120498657227,136800,0.0,0.0
2024-12-11 00:00:00-05:00,16.297254999912905,16.38592375896157,16.261788511022985,16.31498908996582,169000,0.0,0.0
2024-12-12 00:00:00-05:00,16.31499307874743,16.323860125941753,16.19085780045955,16.235191345214844,200200,0.0,0.0
2024-12-13 00:00:00-05:00,16.300281435266182,16.327031354680063,16.166525035063646,16.211111068725586,159900,0.103,0.0
2024-12-16 00:00:00-05:00,16.264611846419715,16.300280671678355,16.220027515629614,16.273529052734375,190200,0.0,0.0
2024-12-17 00:00:00-05:00,16.20219654052129,16.255698088977148,16.11302615923915,16.14869499206543,142800,0.0,0.0
2024-12-18 00:00:00-05:00,16.13977373782412,16.2378596019404,15.693923643965904,15.720673561096191,214200,0.0,0.0
2024-12-19 00:00:00-05:00,15.92577054667405,15.92577054667405,15.640426675418947,15.658259391784668,369100,0.0,0.0
2024-12-20 00:00:00-05:00,15.65825491284138,15.97926752657159,15.65825491284138,15.925765991210938,257000,0.0,0.0
2024-12-23 00:00:00-05:00,15.961436103442114,16.050606479596567,15.872265727287663,16.032772064208984,172000,0.0,0.0
2024-12-24 00:00:00-05:00,16.104107833078125,16.220029830932617,16.032771873161302,16.220029830932617,62700,0.0,0.0
2024-12-26 00:00:00-05:00,16.175443730477358,16.291365727883814,16.086275056513546,16.26461410522461,112900,0.0,0.0
2024-12-27 00:00:00-05:00,16.255696082767127,16.255696082767127,15.961435051401029,16.05952262878418,110500,0.0,0.0
2024-12-30 00:00:00-05:00,15.873878513119948,16.116021112174565,15.748321254113275,15.918719291687012,136700,0.103,0.0
2024-12-31 00:00:00-05:00,15.945623450785215,15.990464225599855,15.82903469936169,15.882843971252441,73500,0.0,0.0
2025-01-02 00:00:00-05:00,15.954596464235605,15.999437251743627,15.649674319595146,15.748324394226074,160600,0.0,0.0
2025-01-03 00:00:00-05:00,15.900786472052424,16.080153054559776,15.802136391183236,15.954597473144531,116700,0.0,0.0
2025-01-06 00:00:00-05:00,16.12498579258559,16.232606030461092,16.026335760979165,16.071176528930664,124800,0.0,0.0
2025-01-07 00:00:00-05:00,16.1698320643822,16.178800562189547,15.79316370930382,15.873878479003906,160900,0.0,0.0
2025-01-08 00:00:00-05:00,15.981496397969856,16.035305672114614,15.748320595921259,15.900781631469727,252900,0.0,0.0
2025-01-10 00:00:00-05:00,15.873881209828289,15.873881209828289,15.640705358421544,15.730388641357422,382300,0.0,0.0
2025-01-13 00:00:00-05:00,15.604831361020654,15.748323929491521,15.497212789950678,15.730388641357422,205400,0.0,0.0
2025-01-14 00:00:00-05:00,15.88284831980706,15.981500104088171,15.631737175188059,15.757292747497559,231200,0.0,0.0
2025-01-15 00:00:00-05:00,15.96356343296858,16.142930006152394,15.873881856943088,16.09808921813965,255700,0.0,0.0
2025-01-16 00:00:00-05:00,16.116018922079977,16.178798398334894,16.062209652998728,16.089115142822266,163200,0.0,0.0
2025-01-17 00:00:00-05:00,16.250546923105055,16.313324697534348,16.178800650819284,16.268482208251953,192900,0.0,0.0
2025-01-21 00:00:00-05:00,16.3581664357556,16.420944213867188,16.29538865764401,16.420944213867188,181300,0.0,0.0
2025-01-22 00:00:00-05:00,16.52856797381286,16.582377264903464,16.358169889698335,16.546504974365234,208000,0.0,0.0
2025-01-23 00:00:00-05:00,16.37610220532401,16.591341018676758,16.37610220532401,16.591341018676758,218800,0.0,0.0
2025-01-24 00:00:00-05:00,16.627216078701895,16.636182866422907,16.43888103580392,16.537532806396484,140800,0.0,0.0
2025-01-27 00:00:00-05:00,16.24158003897195,16.322294817133823,16.15189676206251,16.286420822143555,159800,0.0,0.0
2025-01-28 00:00:00-05:00,16.322294927040428,16.403009705745795,16.22364315071915,16.385072708129883,125700,0.0,0.0
2025-01-29 00:00:00-05:00,16.420943226159142,16.429911724002228,16.232609903152493,16.376102447509766,203300,0.0,0.0
2025-01-30 00:00:00-05:00,16.429910228524214,16.528561985252665,16.349195465849284,16.456815719604492,131000,0.0,0.0
2025-01-31 00:00:00-05:00,16.5734042683595,16.63618204269505,16.322293171017304,16.376102447509766,186700,0.0,0.0
2025-02-03 00:00:00-05:00,16.151893121143736,16.385068904319894,16.151893121143736,16.277448654174805,189200,0.0,0.0
2025-02-04 00:00:00-05:00,16.322293171017304,16.411974728316054,16.259513686115696,16.376102447509766,187500,0.0,0.0
2025-02-05 00:00:00-05:00,16.41197908747812,16.48372537871318,16.331264296017856,16.447853088378906,140600,0.0,0.0
2025-02-06 00:00:00-05:00,16.546501886322616,16.546501886322616,16.38507233261157,16.501659393310547,195800,0.0,0.0
2025-02-07 00:00:00-05:00,16.5734042683595,16.5734042683595,16.340228456137417,16.376102447509766,166800,0.0,0.0
2025-02-10 00:00:00-05:00,16.41197634829182,16.46578734066186,16.358167066488008,16.394041061401367,189700,0.0,0.0
2025-02-11 00:00:00-05:00,16.376100956929562,16.456815719604492,16.349195465849284,16.456815719604492,217200,0.0,0.0
2025-02-12 00:00:00-05:00,16.295386065492806,16.429910098699416,16.20570280649977,16.358163833618164,169000,0.0,0.0
2025-02-13 00:00:00-05:00,16.351854304151228,16.52322006225586,16.315778298396953,16.52322006225586,138500,0.103,0.0
2025-02-14 00:00:00-05:00,16.550273070017436,16.595368492875313,16.3879267952809,16.577329635620117,140500,0.0,0.0
2025-02-18 00:00:00-05:00,16.640470723832447,16.721643886019386,16.487143830843852,16.559297561645508,172400,0.0,0.0
2025-02-19 00:00:00-05:00,16.44204352295549,16.541255528899963,16.39694809495181,16.532236099243164,201400,0.0,0.0
2025-02-20 00:00:00-05:00,16.550275366195496,16.559294796074447,16.360870779298256,16.49616050720215,230500,0.0,0.0
2025-02-21 00:00:00-05:00,16.577332790836383,16.577332790836383,16.189507607714354,16.216564178466797,342100,0.0,0.0
2025-02-24 00:00:00-05:00,16.23460322647464,16.306756949781086,15.973044904313484,16.04520034790039,606800,0.0,0.0
2025-02-25 00:00:00-05:00,16.027160524161076,16.108333673039354,15.729526218367509,15.873833656311035,296700,0.0,0.0
2025-02-26 00:00:00-05:00,15.864814980251493,16.027161285722244,15.747564106175757,15.828737258911133,196800,0.0,0.0
2025-02-27 00:00:00-05:00,15.909913196188949,16.02716409078586,15.61227882416095,15.630317687988281,227300,0.0,0.0
2025-02-28 00:00:00-05:00,15.64835222027011,15.810698509216309,15.513064219575034,15.810698509216309,136000,0.0,0.0
2025-03-03 00:00:00-05:00,15.79266273082722,15.945989620263623,15.404835791648043,15.513067245483398,261300,0.0,0.0
2025-03-04 00:00:00-05:00,15.422873062793366,15.54914164567341,15.19739246749019,15.368758201599121,228600,0.0,0.0
2025-03-05 00:00:00-05:00,15.341697389562807,15.513063095509002,15.188370541143609,15.440909385681152,298700,0.0,0.0
2025-03-06 00:00:00-05:00,15.25150764769852,15.413853954957455,14.989951046221705,15.098180770874023,261200,0.0,0.0
2025-03-07 00:00:00-05:00,15.161316865167638,15.188375159686128,14.827606500842887,15.11622142791748,257800,0.0,0.0
2025-03-10 00:00:00-04:00,15.007985777635342,15.035044064595088,14.557024649987357,14.65623664855957,702700,0.0,0.0
2025-03-11 00:00:00-04:00,14.602125506436858,14.728394103783142,14.430759752695032,14.548008918762207,367100,0.0,0.0
2025-03-12 00:00:00-04:00,14.746431573025992,14.899758449722524,14.566046405048734,14.71035385131836,196700,0.0,0.0
2025-03-13 00:00:00-04:00,14.8401489683505,14.8401489683505,14.458934072112042,14.495240211486816,234200,0.103,0.0
2025-03-14 00:00:00-04:00,14.613236437585591,14.803843033881542,14.567852678076978,14.785691261291504,228200,0.0,0.0
2025-03-17 00:00:00-04:00,14.785691264487395,15.06706364864798,14.785691264487395,14.930915832519531,160400,0.0,0.0
2025-03-18 00:00:00-04:00,14.912761204322509,15.021678756527761,14.76753664723999,14.84014892578125,104500,0.0,0.0
2025-03-19 00:00:00-04:00,14.785690315071637,15.048909178523097,14.613235502402082,15.021678924560547,245100,0.0,0.0
2025-03-20 00:00:00-04:00,15.030757270238325,15.13967656642862,14.88553269612692,15.039834022521973,387900,0.0,0.0
2025-03-21 00:00:00-04:00,14.976298175498608,15.103369242393322,14.885532385768048,15.057987213134766,189900,0.0,0.0
2025-03-24 00:00:00-04:00,15.248591910480556,15.303052416250386,15.175979634000676,15.230440139770508,219200,0.0,0.0
2025-03-25 00:00:00-04:00,15.402895457939543,15.411972210223272,15.266747636110557,15.357513427734375,158800,0.0,0.0
2025-03-26 00:00:00-04:00,15.28490258591756,15.339361373555722,15.085219210435202,15.112447738647461,128500,0.0,0.0
2025-03-27 00:00:00-04:00,15.021677338992687,15.139673362495726,14.939988316940774,15.030754089355469,163100,0.0,0.0
2025-03-28 00:00:00-04:00,14.96722045654159,14.96722045654159,14.704001587661349,14.767537117004395,215200,0.0,0.0
2025-03-31 00:00:00-04:00,14.531545977628342,14.704000784434117,14.377244672847016,14.685847282409668,266700,0.0,0.0
2025-04-01 00:00:00-04:00,14.586003971991774,14.840147793095094,14.540621950572286,14.749382019042969,150900,0.0,0.0
2025-04-02 00:00:00-04:00,14.667696152592661,14.930916780878123,14.667696152592661,14.9036865234375,146900,0.0,0.0
2025-04-03 00:00:00-04:00,14.495240903737503,14.576929072026957,14.141255378723145,14.141255378723145,357900,0.0,0.0
2025-04-04 00:00:00-04:00,13.705580600147721,13.832651651162582,12.897767942438247,12.924997329711914,860000,0.0,0.0
2025-04-07 00:00:00-04:00,12.053651004428577,13.396980057349937,11.899349676749635,12.580090522766113,663100,0.0,0.0
2025-04-08 00:00:00-04:00,13.160987288090274,13.342517974115028,12.416711042585485,12.625471115112305,541700,0.0,0.0
2025-04-09 00:00:00-04:00,12.607320040528075,13.932495511020457,12.407635828369854,13.887112617492676,517400,0.0,0.0
2025-04-10 00:00:00-04:00,13.796348032343952,13.796348032343952,13.16099006442414,13.460515975952148,342200,0.0,0.0
2025-04-11 00:00:00-04:00,13.554656013290638,14.121337417219651,13.435835592387042,13.700896263122559,163700,0.103,0.0
2025-04-14 00:00:00-04:00,13.947678785808703,14.057358984564148,13.755738220071493,13.938538551330566,187400,0.0,0.0
2025-04-15 00:00:00-04:00,13.98423863877366,14.066499004500795,13.819717907319387,13.911118507385254,163700,0.0,0.0
2025-04-16 00:00:00-04:00,13.892837782493013,13.911118250833344,13.481536833103357,13.664337158203125,183800,0.0,0.0
2025-04-17 00:00:00-04:00,13.78315832747466,13.89283852842344,13.54551745625526,13.673478126525879,222800,0.0,0.0
2025-04-21 00:00:00-04:00,13.673476246066977,13.673476246066977,13.20733480239568,13.380995750427246,460500,0.0,0.0
2025-04-22 00:00:00-04:00,13.390136014047311,13.764877763901799,13.390136014047311,13.710037231445312,289300,0.0,0.0
2025-04-23 00:00:00-04:00,14.029936712348414,14.240156838814354,13.828855947110128,13.920255661010742,278400,0.0,0.0
2025-04-24 00:00:00-04:00,14.011658888572098,14.368120193481445,13.947678989611735,14.368120193481445,253200,0.0,0.0
2025-04-25 00:00:00-04:00,14.276717461920105,14.59661865234375,14.240157400585456,14.59661865234375,140100,0.0,0.0
2025-04-28 00:00:00-04:00,14.688016885760534,14.697157118085816,14.30413584470407,14.468656539916992,127100,0.0,0.0
2025-04-29 00:00:00-04:00,14.505218788652778,14.715439805586643,14.486939192901513,14.642319679260254,171300,0.0,0.0
2025-04-30 00:00:00-04:00,14.459518622359663,14.678879003319754,14.340698198091115,14.66973876953125,214600,0.0,0.0
2025-05-01 00:00:00-04:00,14.85253862586027,14.962219678158712,14.688017919073197,14.870819091796875,182700,0.0,0.0
2025-05-02 00:00:00-04:00,15.035341185795762,15.071900377720862,14.66060031612642,14.998780250549316,247400,0.0,0.0
2025-05-05 00:00:00-04:00,14.907378918939228,15.117600799573127,14.861679495461265,15.062759399414062,147600,0.0,0.0
2025-05-06 00:00:00-04:00,14.971358167805832,14.989638633742436,14.742857573561826,14.870819091796875,213000,0.0,0.0
2025-05-07 00:00:00-04:00,14.953080922219092,14.989640114382345,14.779419965309913,14.889101028442383,167400,0.0,0.0
2025-05-08 00:00:00-04:00,14.980501377296523,15.126741647203925,14.889102516095544,15.04448127746582,279500,0.0,0.0
2025-05-09 00:00:00-04:00,15.300400236806235,15.300400236806235,14.843399028741576,15.062759399414062,143300,0.0,0.0
2025-05-12 00:00:00-04:00,15.446641908881707,15.528902273387606,15.272980945666873,15.51976203918457,173400,0.0,0.0
2025-05-13 00:00:00-04:00,15.540914250673064,15.789201472948907,15.540914250673064,15.78000545501709,176800,0.103,0.0
2025-05-14 00:00:00-04:00,15.807592127663007,15.853570459343773,15.678849641827195,15.798396110534668,125600,0.0,0.0
2025-05-15 00:00:00-04:00,15.798397591094893,15.86276796306486,15.67885111118402,15.816789627075195,114100,0.0,0.0
2025-05-16 00:00:00-04:00,15.743220764035827,15.890353520843197,15.724828730944704,15.835177421569824,167700,0.0,0.0
2025-05-19 00:00:00-04:00,15.697239381140074,15.92713451385498,15.678847349572322,15.92713451385498,250700,0.0,0.0
2025-05-20 00:00:00-04:00,15.97311772666349,15.982311990290594,15.789200882823236,15.936333656311035,399200,0.0,0.0
2025-05-21 00:00:00-04:00,15.899548183303114,15.936330492391983,15.678847312927246,15.678847312927246,299300,0.0,0.0
2025-05-22 00:00:00-04:00,15.660459149961916,15.816787931109848,15.586892767890001,15.614479064941406,160500,0.0,0.0
2025-05-23 00:00:00-04:00,15.540911674499512,15.614478051798082,15.458149280793522,15.540911674499512,149000,0.0,0.0
2025-05-27 00:00:00-04:00,15.816785768062113,15.853568077087402,15.651260992546662,15.853568077087402,182600,0.0,0.0
2025-05-28 00:00:00-04:00,15.92713700476311,15.954725056429343,15.734025904982298,15.770808219909668,118800,0.0,0.0
2025-05-29 00:00:00-04:00,15.835176045594427,15.908742417605666,15.76160967358319,15.853568077087402,165400,0.0,0.0
2025-05-30 00:00:00-04:00,15.862765153735275,15.89954921918134,15.706436383511045,15.890353202819824,103300,0.0,0.0
2025-06-02 00:00:00-04:00,15.890352204680143,15.95472256120661,15.770805753450418,15.92713451385498,125000,0.0,0.0
2025-06-03 00:00:00-04:00,15.945530673561615,16.083467438108876,15.844376227711765,16.00990104675293,142000,0.0,0.0
2025-06-04 00:00:00-04:00,16.00989745166083,16.13863816913417,16.00989745166083,16.055875778198242,173400,0.0,0.0
2025-06-05 00:00:00-04:00,16.12024789089564,16.221400560070098,15.973115141223044,16.055875778198242,186700,0.0,0.0
2025-06-06 00:00:00-04:00,16.230600631459637,16.276580723446116,16.06507580823065,16.12944793701172,205900,0.0,0.0
2025-06-09 00:00:00-04:00,16.166228030070187,16.267382464547303,16.129445715508187,16.157032012939453,136400,0.0,0.0
2025-06-10 00:00:00-04:00,16.1570325919315,16.276579064954063,16.1570325919315,16.248991012573242,174700,0.0,0.0
2025-06-11 00:00:00-04:00,16.27657885118568,16.28577311456421,16.111054046996657,16.203012466430664,138300,0.0,0.0
2025-06-12 00:00:00-04:00,16.21503574488333,16.298284782766675,16.150285120983096,16.27053451538086,151400,0.103,0.0
2025-06-13 00:00:00-04:00,16.06703608472943,16.279782818525526,16.039285820387974,16.076284408569336,144700,0.0,0.0
2025-06-16 00:00:00-04:00,16.159536404395368,16.270535717868025,16.122537809420642,16.224287033081055,99900,0.0,0.0
2025-06-17 00:00:00-04:00,16.122533491429248,16.233531010899938,16.03928446968935,16.085533142089844,174600,0.0,0.0
2025-06-18 00:00:00-04:00,16.076287164417547,16.224286835335306,16.030038480194268,16.12253761291504,173600,0.0,0.0
2025-06-20 00:00:00-04:00,16.289036058091746,16.316784563527815,15.974540058471772,16.030038833618164,288100,0.0,0.0
2025-06-23 00:00:00-04:00,16.05778909688902,16.307534467084757,16.030038827189827,16.26128578186035,234100,0.0,0.0
2025-06-24 00:00:00-04:00,16.34453277339641,16.53877934406572,16.242783561555896,16.45553207397461,218600,0.0,0.0
2025-06-25 00:00:00-04:00,16.548029892597164,16.631278929275414,16.474030944913615,16.529531478881836,158000,0.0,0.0
2025-06-26 00:00:00-04:00,16.557281942600028,16.68678143958943,16.511033256422998,16.63128089904785,165300,0.0,0.0
2025-06-27 00:00:00-04:00,16.659028820576832,16.797776623820283,16.63127855421853,16.78852653503418,165400,0.0,0.0
2025-06-30 00:00:00-04:00,16.84402440857794,16.899524938345888,16.77927555478928,16.871774673461914,146800,0.0,0.0
2025-07-01 00:00:00-04:00,16.714530377122276,17.00127612022651,16.714530377122276,16.936527252197266,164300,0.0,0.0
2025-07-02 00:00:00-04:00,16.93652297225119,17.019771999901145,16.80702526891743,16.862524032592773,169900,0.0,0.0
2025-07-03 00:00:00-04:00,16.86252579977269,17.084522642013045,16.86252579977269,17.056774139404297,127100,0.0,0.0
2025-07-07 00:00:00-04:00,16.95502234312701,17.010521104166997,16.816274558390134,16.881023406982422,201800,0.0,0.0
2025-07-08 00:00:00-04:00,16.89027565401208,16.98277477708758,16.797776530936577,16.853275299072266,170000,0.0,0.0
2025-07-09 00:00:00-04:00,16.862525437884443,16.94577447247222,16.788526492059088,16.918025970458984,240700,0.0,0.0
2025-07-10 00:00:00-04:00,16.96427345275879,16.973523540868396,16.8162755715529,16.96427345275879,176600,0.0,0.0
2025-07-11 00:00:00-04:00,16.936521920218304,16.945772007635263,16.834774487179327,16.90877342224121,181300,0.0,0.0
2025-07-14 00:00:00-04:00,16.846451561438837,17.004590598115065,16.81854404640018,16.920869827270508,142000,0.103,0.0
2025-07-15 00:00:00-04:00,17.004590598115065,17.041798843895194,16.883659807218965,16.920869827270508,134600,0.0,0.0
2025-07-16 00:00:00-04:00,16.911566956928876,17.023193466129285,16.781335438104605,16.930171966552734,116600,0.0,0.0
2025-07-17 00:00:00-04:00,16.939473816317566,17.041799601738287,16.92087057973593,16.995288848876953,158200,0.0,0.0
2025-07-18 00:00:00-04:00,17.060401916503906,17.097610158058586,16.958076147253923,17.060401916503906,192100,0.0,0.0
2025-07-21 00:00:00-04:00,17.153423220029318,17.28365471198346,17.0603999653745,17.106910705566406,351600,0.0,0.0
2025-07-22 00:00:00-04:00,17.06970750412864,17.144125774952983,17.032497481580705,17.079010009765625,189200,0.0,0.0
2025-07-23 00:00:00-04:00,16.995283858356046,17.16272535832345,16.995283858356046,17.116212844848633,209100,0.0,0.0
2025-07-24 00:00:00-04:00,17.162730305388877,17.227846068751923,17.11621777850707,17.181333541870117,119200,0.0,0.0
2025-07-25 00:00:00-04:00,17.172029887613427,17.302263179897853,17.153426652376822,17.25575065612793,128600,0.0,0.0
2025-07-28 00:00:00-04:00,17.2743556656359,17.32086818940582,17.153426652376822,17.25575065612793,211900,0.0,0.0
2025-07-29 00:00:00-04:00,17.292960755453116,17.31156576504749,17.023193439148834,17.069705963134766,314800,0.0,0.0
2025-07-30 00:00:00-04:00,17.116216712849322,17.25575073626437,16.976682689434277,17.069705963134766,313600,0.0,0.0
2025-07-31 00:00:00-04:00,17.15342518179742,17.265051680732665,17.023191900678018,17.060401916503906,207200,0.0,0.0
2025-08-01 00:00:00-04:00,16.976683854325987,16.976683854325987,16.688313282911537,16.762731552124023,281800,0.0,0.0
2025-08-04 00:00:00-04:00,16.76272926254389,16.93017078896943,16.706914237554543,16.91156578063965,179300,0.0,0.0
2025-08-05 00:00:00-04:00,16.930173489580156,17.02319499752486,16.809242690417587,16.846452713012695,154900,0.0,0.0
2025-08-06 00:00:00-04:00,16.846448081151134,16.995284582066517,16.818540571877858,16.95807456970215,144600,0.0,0.0
2025-08-07 00:00:00-04:00,17.069704018719413,17.181330515027497,16.87435498877352,16.976680755615234,270400,0.0,0.0
2025-08-08 00:00:00-04:00,16.96738164110743,17.088312439580108,16.948776629916015,17.03249740600586,155200,0.0,0.0
2025-08-11 00:00:00-04:00,17.079006924416852,17.15342518179742,17.03249440463449,17.060401916503906,140800,0.0,0.0
2025-08-12 00:00:00-04:00,17.079006910294215,17.237145928881056,17.069704406345434,17.199935913085938,176600,0.0,0.0
2025-08-13 00:00:00-04:00,17.265053605624626,17.367379386282977,17.227845359921574,17.29296112060547,230100,0.0,0.0
2025-08-14 00:00:00-04:00,17.230284478816774,17.314471678914675,17.211575815649173,17.29576301574707,184400,0.103,0.0
2025-08-15 00:00:00-04:00,17.295766799067806,17.295766799067806,17.211579580554577,17.22093391418457,182700,0.0,0.0
2025-08-18 00:00:00-04:00,17.19286887241257,17.323827743530273,17.19286887241257,17.323827743530273,274800,0.0,0.0
2025-08-19 00:00:00-04:00,17.379949642666276,17.398658305216884,17.127388050701885,17.202220916748047,325100,0.0,0.0
2025-08-20 00:00:00-04:00,17.17416204821497,17.18351638076543,16.977724632968304,17.071266174316406,345800,0.0,0.0
2025-08-21 00:00:00-04:00,17.005789318881607,17.118037752317672,16.940310768684455,17.024497985839844,139500,0.0,0.0
2025-08-22 00:00:00-04:00,17.024496550443374,17.258349515234315,16.996433552372107,17.192869186401367,138700,0.0,0.0
2025-08-25 00:00:00-04:00,17.220936846121287,17.277061073299922,17.220936846121287,17.25835418701172,171500,0.0,0.0
2025-08-26 00:00:00-04:00,17.230286893936782,17.333182771624905,17.211578228146838,17.31447410583496,132100,0.0,0.0
2025-08-27 00:00:00-04:00,17.35188969043467,17.408015687924753,17.33318280876122,17.389307022094727,224500,0.0,0.0
2025-08-28 00:00:00-04:00,17.445431967351706,17.464140633966654,17.379953418356028,17.45478630065918,196600,0.0,0.0
2025-08-29 00:00:00-04:00,17.46413589752833,17.492198889839806,17.37059437397957,17.41736602783203,132300,0.0,0.0
2025-09-02 00:00:00-04:00,17.305124078967747,17.305124078967747,17.118040942829612,17.25835418701172,165200,0.0,0.0
2025-09-03 00:00:00-04:00,17.305118778984244,17.389305986046956,17.25834890135228,17.35188865661621,182800,0.0,0.0
2025-09-04 00:00:00-04:00,17.267702727352063,17.510910034179688,17.267702727352063,17.510910034179688,144500,0.0,0.0
2025-09-05 00:00:00-04:00,17.3893094437472,17.5857451098486,17.36124644109408,17.408018112182617,187400,0.0,0.0
2025-09-08 00:00:00-04:00,17.43608197090253,17.557686549989636,17.43608197090253,17.54833221435547,170200,0.0,0.0
2025-09-09 00:00:00-04:00,17.576391220092773,17.63251543696434,17.54832821957865,17.576391220092773,205800,0.0,0.0
2025-09-10 00:00:00-04:00,17.64187209903054,17.72605932752815,17.61380909481236,17.669933319091797,159400,0.0,0.0
2025-09-11 00:00:00-04:00,17.726056782909232,17.857013882147676,17.726056782909232,17.828950881958008,176900,0.0,0.0
2025-09-12 00:00:00-04:00,17.89443067516843,17.91313934326172,17.847660789092,17.91313934326172,214100,0.0,0.0
2025-09-15 00:00:00-04:00,17.953581288759928,18.047628693855437,17.934771448979816,17.97239112854004,218600,0.103,0.0
2025-09-16 00:00:00-04:00,18.057033613745492,18.057033613745492,17.934771448979816,17.97239112854004,168300,0.0,0.0
2025-09-17 00:00:00-04:00,17.97239112854004,18.057033613745492,17.821915997909247,17.97239112854004,164300,0.0,0.0
2025-09-18 00:00:00-04:00,18.019412059476437,18.151077336628884,17.991197302741682,18.066434860229492,196500,0.0,0.0
2025-09-19 00:00:00-04:00,18.151075957205336,18.273338099959535,18.0664334872385,18.263933181762695,225100,0.0,0.0
2025-09-22 00:00:00-04:00,18.32036180971663,18.395599365234375,18.216911292007744,18.395599365234375,393200,0.0,0.0
2025-09-23 00:00:00-04:00,18.4050038058434,18.4050038058434,18.245123780295355,18.282743453979492,257400,0.0,0.0
2025-09-24 00:00:00-04:00,18.28274379808848,18.28274379808848,18.1134588509332,18.12286376953125,187900,0.0,0.0
2025-09-25 00:00:00-04:00,17.925365378503912,18.0382226161355,17.887747495163342,18.010007858276367,250000,0.0,0.0
2025-09-26 00:00:00-04:00,17.991198019703614,18.198102656394035,17.953580136363044,18.010007858276367,172200,0.0,0.0
2025-09-29 00:00:00-04:00,18.066434860229492,18.33917212725084,18.02881697838802,18.066434860229492,193600,0.0,0.0
2025-09-30 00:00:00-04:00,17.98179400935704,18.16048208559034,17.98179400935704,18.141674041748047,199800,0.0,0.0
2025-10-01 00:00:00-04:00,18.066433979165,18.23571892370809,18.028816099158078,18.198101043701172,299200,0.0,0.0
2025-10-02 00:00:00-04:00,18.188696663557483,18.25452930087155,18.160481907363668,18.226314544677734,152400,0.0,0.0
2025-10-03 00:00:00-04:00,18.22631450513868,18.282744017403893,18.085244312085305,18.13226890563965,266400,0.0,0.0
2025-10-06 00:00:00-04:00,18.19809891759828,18.2451217105644,18.1134564552156,18.18869400024414,192900,0.0,0.0
2025-10-07 00:00:00-04:00,18.292147557491568,18.32976543569507,18.132267539066124,18.160480499267578,188300,0.0,0.0
2025-10-08 00:00:00-04:00,18.216910601821873,18.32036111561132,18.1604810919679,18.273338317871094,165400,0.0,0.0
2025-10-09 00:00:00-04:00,18.226314544677734,18.329766856916887,18.169886826094938,18.226314544677734,197800,0.0,0.0
2025-10-10 00:00:00-04:00,18.226313321796756,18.34857546329536,17.718460301015956,17.72786521911621,308300,0.0,0.0
2025-10-13 00:00:00-04:00,17.9817927272003,18.04762536046638,17.77488811544437,17.90655517578125,231700,0.0,0.0
2025-10-14 00:00:00-04:00,17.85953090619941,17.981793050582063,17.70905580065519,17.925363540649414,220000,0.0,0.0
2025-10-15 00:00:00-04:00,18.12677344347855,18.24969808227251,17.880922362339447,18.060583114624023,278100,0.103,0.0
2025-10-16 00:00:00-04:00,18.136230496304236,18.155142535212583,17.776908971250876,17.92820167541504,304700,0.0,0.0
2025-10-17 00:00:00-04:00,17.89983435528767,17.966024683976233,17.748541660127753,17.880922317504883,268500,0.0,0.0
2025-10-20 00:00:00-04:00,18.003848804684598,18.14568548130876,17.994392785769495,18.060583114624023,211100,0.0,0.0
2025-10-21 00:00:00-04:00,18.136228283721405,18.136228283721405,18.003847634615756,18.013301849365234,294900,0.0,0.0
2025-10-22 00:00:00-04:00,17.994392285448896,18.013302519202124,17.75799722979768,17.84309959411621,222300,0.0,0.0
2025-10-23 00:00:00-04:00,17.786364544192967,17.947113263775837,17.786364544192967,17.890378952026367,232500,0.0,0.0
2025-10-24 00:00:00-04:00,17.98493302252959,18.12676966962445,17.98493302252959,18.032211303710938,199500,0.0,0.0
2025-10-27 00:00:00-04:00,18.183507184126412,18.249697510908646,18.107860838725127,18.23078727722168,231700,0.0,0.0
2025-10-28 00:00:00-04:00,18.278065343800982,18.325343632768387,18.21187501782617,18.287521362304688,195200,0.0,0.0
2025-10-29 00:00:00-04:00,18.296978221822044,18.4104468419798,18.155141544849247,18.240243911743164,341500,0.0,0.0
2025-10-30 00:00:00-04:00,18.23078700182516,18.36316765338987,18.098404546709336,18.107860565185547,193200,0.0,0.0
2025-10-31 00:00:00-04:00,18.18350830804258,18.34425702740003,18.145686034779725,18.249698638916016,179100,0.0,0.0
2025-11-03 00:00:00-05:00,18.32534131865543,18.334797335965032,18.136226383116014,18.221328735351562,149200,0.0,0.0
2025-11-04 00:00:00-05:00,18.088947677373124,18.14568378556165,17.928198977941012,18.003847122192383,240100,0.0,0.0
2025-11-05 00:00:00-05:00,17.83364240472885,18.202418090199153,17.83364240472885,18.003847122192383,293100,0.0,0.0
2025-11-06 00:00:00-05:00,17.94711423733606,18.23078941857417,17.776909489303467,17.786365509033203,180900,0.0,0.0
2025-11-07 00:00:00-05:00,17.70126336439338,17.767455503359283,17.58779473326887,17.729631423950195,186500,0.0,0.0
2025-11-10 00:00:00-05:00,17.890377830254806,18.051126539758332,17.890377830254806,18.02275848388672,178600,0.0,0.0
2025-11-11 00:00:00-05:00,18.041668736901293,18.19296141281884,18.02275670152386,18.174049377441406,146700,0.0,0.0
2025-11-12 00:00:00-05:00,18.26860904868325,18.26860904868325,18.117316362017014,18.164594650268555,184100,0.0,0.0
2025-11-13 00:00:00-05:00,18.060583526182022,18.107861818283705,17.729630070816533,17.767454147338867,273800,0.0,0.0
2025-11-14 00:00:00-05:00,17.58965478529848,17.827352822937648,17.494575207544393,17.65620994567871,286800,0.103,0.0
2025-11-17 00:00:00-05:00,17.523100076806678,17.73227370246619,17.313924637655013,17.39949607849121,300700,0.0,0.0
2025-11-18 00:00:00-05:00,17.285400253118965,17.57063715087334,17.123765527460296,17.36146354675293,335900,0.0,0.0
2025-11-19 00:00:00-05:00,17.313924776405823,17.494575798895745,17.266385892667927,17.33294105529785,329200,0.0,0.0
2025-11-20 00:00:00-05:00,17.494576398659756,17.855878456026062,17.000164011470194,17.028688430786133,463000,0.0,0.0
2025-11-21 00:00:00-05:00,17.313925084027613,17.998496628366233,16.924100427275764,17.16179847717285,412900,0.0,0.0
2025-11-24 00:00:00-05:00,17.332940772242303,17.57063881403441,17.256877471408515,17.47555923461914,489700,0.0,0.0
2025-11-25 00:00:00-05:00,17.447038181700204,17.732275131818298,17.370974874102558,17.694244384765625,199900,0.0,0.0
2025-11-26 00:00:00-05:00,17.703752252379076,17.98898919810637,17.703752252379076,17.808338165283203,243100,0.0,0.0
2025-11-28 00:00:00-05:00,17.85587839863614,18.141115336909838,17.85587839863614,18.065052032470703,92100,0.0,0.0
2025-12-01 00:00:00-05:00,17.95095440788586,18.027017704862374,17.827352230358542,17.99849510192871,209200,0.0,0.0
2025-12-02 00:00:00-05:00,17.99849498482357,18.06505014255848,17.941447965835366,18.03652572631836,195400,0.0,0.0
2025-12-03 00:00:00-05:00,17.96997227502993,18.207670325793533,17.96046413538032,18.179147720336914,345200,0.0,0.0
2025-12-04 00:00:00-05:00,18.207666271054467,18.274221420288086,18.14111112182085,18.274221420288086,303200,0.0,0.0
2025-12-05 00:00:00-05:00,18.207669894285,18.43585979999106,18.207669894285,18.397829055786133,280200,0.0,0.0
2025-12-08 00:00:00-05:00,18.483398608611868,18.483398608611868,18.25520872622061,18.35028648376465,213300,0.0,0.0
2025-12-09 00:00:00-05:00,18.35028648376465,18.44536605480067,18.26471505118143,18.35028648376465,274600,0.0,0.0
2025-12-10 00:00:00-05:00,18.359794605679888,18.435857899741794,18.23619243288878,18.37881088256836,235600,0.0,0.0
2025-12-11 00:00:00-05:00,18.331272119674395,18.37881099870399,18.179145530589295,18.34078025817871,194300,0.0,0.0
2025-12-12 00:00:00-05:00,18.343649506850443,18.381884408686414,18.09511626362073,18.190706253051758,262100,0.103,0.0
2025-12-15 00:00:00-05:00,18.24806049041145,18.267178853962534,17.989968052154328,18.047321319580078,224800,0.0,0.0
2025-12-16 00:00:00-05:00,17.989966599779816,18.095115767594322,17.932613336984335,18.0568790435791,209100,0.0,0.0
2025-12-17 00:00:00-05:00,18.066439470339276,18.075998652002227,17.846583761773843,17.875261306762695,270600,0.0,0.0
2025-12-18 00:00:00-05:00,18.05687803798288,18.16202719994158,18.009083958852884,18.07599639892578,271400,0.0,0.0
2025-12-19 00:00:00-05:00,18.219380746371677,18.372323989868164,18.14290912462343,18.372323989868164,427900,0.0,0.0
2025-12-22 00:00:00-05:00,18.534826278686523,18.573063000895164,18.467913838048666,18.534826278686523,285500,0.0,0.0
2025-12-23 00:00:00-05:00,18.515708450590186,18.63997414265461,18.515708450590186,18.630414962768555,184500,0.0,0.0
2025-12-24 00:00:00-05:00,18.726007911491763,18.764242813879317,18.649536283489226,18.735567092895508,161400,0.0,0.0
2025-12-26 00:00:00-05:00,18.764242515372484,18.840714142158486,18.764242515372484,18.81203842163086,156400,0.0,0.0
2025-12-29 00:00:00-05:00,18.649535682560572,18.74512567029048,18.61129895817766,18.639976501464844,196600,0.0,0.0
2025-12-30 00:00:00-05:00,18.585145499209883,18.72943974244209,18.585145499209883,18.671722412109375,144900,0.123,0.0
2025-12-31 00:00:00-05:00,18.671720954153425,18.71981841987492,18.469709396362305,18.469709396362305,178700,0.0,0.0
2026-01-02 00:00:00-05:00,18.5659029999238,18.63324201583862,18.28693441605042,18.431228637695312,306000,0.0,0.0
2026-01-05 00:00:00-05:00,18.469709029646644,18.556285934066917,18.45046930981977,18.48894691467285,325300,0.0,0.0
2026-01-06 00:00:00-05:00,18.49856684083495,18.739057835130154,18.48894698088706,18.719818115234375,270100,0.0,0.0
2026-01-07 00:00:00-05:00,18.84487335217905,18.85449321156155,18.710198990425223,18.72943687438965,226200,0.0,0.0
2026-01-08 00:00:00-05:00,18.777535877745148,18.835253198337245,18.69095897945673,18.748676300048828,219000,0.0,0.0
2026-01-09 00:00:00-05:00,18.85449365496269,18.96030844105747,18.75829689367602,18.941070556640625,456500,0.0,0.0
2026-01-12 00:00:00-05:00,18.844876927999287,18.989171176515484,18.796779456760863,18.979551315307617,238500,0.0,0.0
2026-01-13 00:00:00-05:00,19.008408180784105,19.075745364809247,18.912211417262192,18.969928741455078,233500,0.0,0.0
2026-01-14 00:00:00-05:00,18.912211199613623,18.969928523142276,18.527425984754874,18.690959930419922,418500,0.0,0.0
2026-01-15 00:00:00-05:00,18.816014879912593,18.921831504538698,18.710200090087163,18.719818115234375,244900,0.0,0.0
2026-01-16 00:00:00-05:00,18.758297555025933,18.84487445975626,18.671720650295605,18.719818115234375,168400,0.0,0.0
2026-01-20 00:00:00-05:00,18.392750514713317,18.52742487313343,18.277314039781412,18.28693389892578,307800,0.0,0.0
2026-01-21 00:00:00-05:00,18.296553842546857,18.604381997385833,18.296553842546857,18.517805099487305,268700,0.0,0.0
2026-01-22 00:00:00-05:00,18.642860264984737,18.719817306442238,18.53704547973105,18.594762802124023,234600,0.0,0.0
2026-01-23 00:00:00-05:00,18.565904833300035,18.67172146252924,18.53704708700171,18.614004135131836,294600,0.0,0.0
2026-01-26 00:00:00-05:00,18.690958974017683,18.719816716905065,18.633241653442383,18.633241653442383,180300,0.0,0.0
2026-01-27 00:00:00-05:00,18.66210255125378,18.719819881586496,18.642862829542594,18.671722412109375,273300,0.0,0.0
2026-01-28 00:00:00-05:00,18.690962643154723,18.796779280648938,18.58514600566051,18.70058250427246,320000,0.0,0.0
2026-01-29 00:00:00-05:00,18.671721901724204,18.719819369886594,18.402371309532736,18.64286231994629,325300,0.0,0.0
2026-01-30 00:00:00-05:00,18.527427815254367,18.68134191640449,18.469710486023274,18.575525283813477,173700,0.0,0.0
2026-02-02 00:00:00-05:00,18.479326832124656,18.6813402182717,18.479326832124656,18.62362289428711,226800,0.0,0.0
2026-02-03 00:00:00-05:00,18.64286203384757,18.681341475627605,18.373513280590405,18.546667098999023,333700,0.0,0.0
2026-02-04 00:00:00-05:00,18.488946621734513,18.53704592053962,18.22921774738951,18.392751693725586,299700,0.0,0.0
2026-02-05 00:00:00-05:00,18.238835628510195,18.373511829301734,18.01758436015352,18.046443939208984,247700,0.0,0.0
2026-02-06 00:00:00-05:00,18.171497937854163,18.431228637695312,18.075303013291286,18.431228637695312,207200,0.0,0.0
2026-02-09 00:00:00-05:00,18.39275343544821,18.642862473716555,18.3350342714163,18.575525283813477,205700,0.0,0.0
2026-02-10 00:00:00-05:00,18.604384058327355,18.729438572033676,18.546666731601416,18.56590461730957,220000,0.0,0.0
2026-02-11 00:00:00-05:00,18.633244447845385,18.74867910630757,18.527427815254367,18.575525283813477,166400,0.0,0.0
2026-02-12 00:00:00-05:00,18.575524871337624,18.681341501578945,18.248456954956055,18.248456954956055,281100,0.0,0.0
2026-02-13 00:00:00-05:00,18.212631225585938,18.348186359328924,18.086760580083546,18.212631225585938,211500,0.123,0.0
2026-02-17 00:00:00-05:00,18.22231392243882,18.3675498513138,18.02866663286385,18.251361846923828,295400,0.0,0.0
2026-02-18 00:00:00-05:00,18.251362825971896,18.4837406939922,18.251362825971896,18.357868194580078,231000,0.0,0.0
2026-02-19 00:00:00-05:00,18.328821126882055,18.445009131238894,18.25136184171915,18.290090560913086,195500,0.0,0.0
2026-02-20 00:00:00-05:00,18.261044609814657,18.4740571837957,18.261044609814657,18.464374542236328,278600,0.0,0.0
2026-02-23 00:00:00-05:00,18.541833704673795,18.541833704673795,18.19326784472884,18.251361846923828,405600,0.0,0.0
2026-02-24 00:00:00-05:00,18.309455976275142,18.44500926459652,18.202948765865465,18.42564582824707,234200,0.0,0.0
2026-02-25 00:00:00-05:00,18.619293212890625,18.67738906255655,18.541833926777784,18.619293212890625,198400,0.0,0.0
2026-02-26 00:00:00-05:00,18.619294107815573,18.66770731819746,18.41596416453708,18.53215217590332,129200,0.0,0.0
2026-02-27 00:00:00-05:00,18.396597876030366,18.46437452008963,18.280408024232315,18.406280517578125,169300,0.0,0.0
2026-03-02 00:00:00-05:00,18.280407969347092,18.512787672245498,18.231996608528693,18.367549896240234,262000,0.0,0.0
2026-03-03 00:00:00-05:00,18.154536232856124,18.23199551357865,17.825333828091672,18.144853591918945,275600,0.0,0.0
2026-03-04 00:00:00-05:00,18.27072804449317,18.309456765636796,18.144855545532348,18.222314834594727,253300,0.0,0.0
2026-03-05 00:00:00-05:00,18.144855425653542,18.261045281867034,17.931842843833103,18.048030853271484,303100,0.0,0.0
2026-03-06 00:00:00-05:00,17.931842681991544,17.931842681991544,17.699464818436965,17.757558822631836,324500,0.0,0.0
2026-03-09 00:00:00-04:00,17.438039892995423,17.670417768058236,17.292803951928065,17.612323760986328,388400,0.0,0.0
2026-03-10 00:00:00-04:00,17.670416824826386,17.92215997106706,17.544546175093593,17.622005462646484,310700,0.0,0.0
2026-03-11 00:00:00-04:00,17.69946766926245,17.825338339754307,17.583277795383093,17.805973052978516,235100,0.0,0.0
2026-03-12 00:00:00-04:00,17.61232359352208,17.893112830679105,17.399309158325195,17.399309158325195,277400,0.0,0.0
2026-03-13 00:00:00-04:00,17.528971910588965,17.59721566562584,17.27549377794995,17.314491271972656,328900,0.123,0.0
2026-03-16 00:00:00-04:00,17.441230926655148,17.694709081357335,17.36323779132394,17.480228424072266,367400,0.0,0.0
2026-03-17 00:00:00-04:00,17.68495712469319,17.68495712469319,17.50947213094606,17.567968368530273,274700,0.0,0.0
2026-03-18 00:00:00-04:00,17.567970489222326,17.577719863329907,17.333991089149254,17.343740463256836,339100,0.0,0.0
2026-03-19 00:00:00-04:00,17.23649787902832,17.32424037973061,17.080511624335987,17.23649787902832,459400,0.0,0.0
2026-03-20 00:00:00-04:00,17.31448898510201,17.31448898510201,16.807532786781962,16.93427276611328,557700,0.0,0.0
2026-03-23 00:00:00-04:00,17.24624774848432,17.32424087807401,17.041514621122076,17.109758377075195,432600,0.0,0.0
2026-03-24 00:00:00-04:00,16.934276183415726,17.148756836985527,16.90502806085953,17.100011825561523,259200,0.0,0.0
2026-03-25 00:00:00-04:00,17.139004747232374,17.636211594890465,17.08051037089104,17.148754119873047,269400,0.0,0.0
2026-03-26 00:00:00-04:00,16.973272548355016,17.06101506028243,16.729543761779553,16.749042510986328,285100,0.0,0.0
2026-03-27 00:00:00-04:00,16.641801554574453,16.641801554574453,16.261585235595703,16.261585235595703,398100,0.0,0.0
2026-03-30 00:00:00-04:00,16.310327724033304,16.515060843740216,15.99835521733974,16.086097717285156,373000,0.0,0.0
2026-03-31 00:00:00-04:00,16.19334100071574,16.81728609258818,16.19334100071574,16.690547943115234,447300,0.0,0.0
2026-04-01 00:00:00-04:00,16.719794090711847,17.2072516552195,16.719794090711847,16.953773498535156,409000,0.0,0.0
2026-04-02 00:00:00-04:00,16.651550478564943,17.168256170998973,16.651550478564943,16.99277114868164,262400,0.0,0.0
2026-04-06 00:00:00-04:00,16.944023726659136,17.20725125159963,16.9342762119603,17.119508743286133,280100,0.0,0.0
2026-04-07 00:00:00-04:00,16.983021299438253,17.178005065341157,16.89527879073225,17.139007568359375,261600,0.0,0.0
2026-04-08 00:00:00-04:00,17.78245018737717,17.87994206372137,17.58746829419164,17.636213302612305,272000,0.0,0.0
2026-04-09 00:00:00-04:00,17.714205668344817,17.996930052105057,17.704456295180286,17.967683792114258,402800,0.0,0.0
2026-04-10 00:00:00-04:00,18.08467365794881,18.094423031710047,17.967684891819765,18.016429901123047,235700,0.0,0.0
2026-04-13 00:00:00-04:00,17.97743591547845,18.279659091802046,17.899442777733547,18.22116470336914,271700,0.0,0.0
2026-04-14 00:00:00-04:00,18.224104682998927,18.538143887783065,18.224104682998927,18.498889923095703,262700,0.123,0.0
2026-04-15 00:00:00-04:00,18.567589141101596,18.72460877204279,18.508707247454062,18.704980850219727,246600,0.0,0.0
2026-04-16 00:00:00-04:00,18.812932548424914,18.812932548424914,18.59703102383619,18.704980850219727,210200,0.0,0.0
2026-04-17 00:00:00-04:00,18.940508493619607,19.097528109613563,18.76386282949251,18.96013641357422,255700,0.0,0.0
2026-04-20 00:00:00-04:00,18.950323010257055,19.038646780825825,18.8521852794227,19.009206771850586,306500,0.0,0.0
2026-04-21 00:00:00-04:00,19.077901094701897,19.156410898720367,18.773673966286623,18.803115844726562,395200,0.0,0.0
2026-04-22 00:00:00-04:00,18.940507843368895,19.05827348723206,18.891439916988396,18.96994972229004,345300,0.0,0.0
2026-04-23 00:00:00-04:00,19.028832390859353,19.117156159433634,18.734421076826077,18.901254653930664,195700,0.0,0.0
2026-04-24 00:00:00-04:00,19.048460611096914,19.136784381062924,18.930696832356574,19.06808853149414,142400,0.0,0.0
2026-04-27 00:00:00-04:00,19.038648370782038,19.156414031982422,19.038648370782038,19.156414031982422,159700,0.0,0.0
2026-04-28 00:00:00-04:00,19.07790193268408,19.136783820328933,19.019018173217773,19.019018173217773,212700,0.0,0.0
2026-04-29 00:00:00-04:00,19.048460788563286,19.107342678482034,18.88162720727556,18.979764938354492,186900,0.0,0.0
2026-04-30 00:00:00-04:00,19.097528883259475,19.254550377435887,18.999393023153846,19.205480575561523,126100,0.0,0.0
2026-05-01 00:00:00-04:00,19.30361682651087,19.48026435606304,19.15641117582453,19.313430786132812,215500,0.0,0.0
2026-05-04 00:00:00-04:00,19.3625008062636,19.480266462640582,19.19566721829215,19.225109100341797,229900,0.0,0.0
2026-05-05 00:00:00-04:00,19.40175555279098,19.48026536199927,19.40175555279098,19.441009521484375,273300,0.0,0.0
2026-05-06 00:00:00-04:00,19.617655761242634,19.823745166657325,19.578401795148306,19.774675369262695,191300,0.0,0.0
2026-05-07 00:00:00-04:00,19.725608872757263,19.921882461091155,19.676539071807657,19.6961669921875,212400,0.0,0.0
2026-05-08 00:00:00-04:00,19.85318677930624,20.000392439755654,19.823746770309278,19.92188262939453,181800,0.0,0.0
2026-05-11 00:00:00-04:00,19.912071746441825,20.069091376670208,19.912071746441825,19.961139678955078,188000,0.0,0.0
2026-05-12 00:00:00-04:00,19.912071795498317,20.059277465222387,19.80412009751723,19.931697845458984,183700,0.0,0.0
2026-05-13 00:00:00-04:00,19.951324239670836,20.098529898124124,19.833558589815304,20.069089889526367,189300,0.0,0.0
2026-05-14 00:00:00-04:00,20.160908901356056,20.279387156930575,20.121415521781888,20.21027374267578,197000,0.123,0.0
2026-05-15 00:00:00-04:00,19.94370060848612,20.03255882779986,19.904207229614258,19.904207229614258,190200,0.0,0.0
2026-05-18 00:00:00-04:00,19.894333956810886,19.95357214218486,19.469789548143467,19.69687271118164,253000,0.0,0.0
2026-05-19 00:00:00-04:00,19.627759345994303,19.77585763451403,19.38093137599205,19.48953628540039,214600,0.0,0.0
2026-05-20 00:00:00-04:00,19.60801507263313,19.884461201336183,19.469790125133585,19.83509635925293,211900,0.0,0.0
2026-05-21 00:00:00-04:00,19.904207411173164,20.00293897610546,19.805475846240867,19.943700790405273,392600,0.0,0.0
2026-05-22 00:00:00-04:00,20.081923439209856,20.170781657510176,19.95357184248809,20.072050094604492,213500,0.0,0.0
2026-05-26 00:00:00-04:00,20.22014592817797,20.33862417695913,20.12141436805165,20.160907745361328,269300,0.0,0.0
2026-05-27 00:00:00-04:00,20.24976639545106,20.279386429068577,20.151034833207277,20.259639739990234,193200,0.0,0.0
2026-05-28 00:00:00-04:00,20.230020859636507,20.40773730517692,20.180656017274405,20.309005737304688,206300,0.0,0.0
2026-05-29 00:00:00-04:00,20.37811579142783,20.48672069652275,20.348497641418593,20.40773582458496,194500,0.0,0.0
2026-06-01 00:00:00-04:00,20.318877608261463,20.48672069652275,20.052302959290977,20.40773582458496,243500,0.0,0.0
2026-06-02 00:00:00-04:00,20.407737886990017,20.5558343014465,20.39786454160651,20.447229385375977,164600,0.0,0.0
2026-06-03 00:00:00-04:00,20.457101898642676,20.555833465313665,20.2102739235392,20.249767303466797,214600,0.0,0.0
2026-06-04 00:00:00-04:00,20.18065635041694,20.41761098733313,20.12141627882685,20.387990951538086,164800,0.0,0.0
2026-06-05 00:00:00-04:00,20.23989551702378,20.348500437039608,19.65738130027222,19.71661949157715,245800,0.0,0.0
2026-06-08 00:00:00-04:00,19.914080369815185,19.92395371443175,19.617887563909918,19.637632369995117,244500,0.0,0.0
2026-06-09 00:00:00-04:00,19.85484276179545,19.993065824145148,19.12423218728593,19.54877471923828,214100,0.0,0.0
2026-06-10 00:00:00-04:00,19.53890400356749,19.716618569168205,19.272329330444336,19.272329330444336,266900,0.0,0.0
2026-06-11 00:00:00-04:00,19.450046689130893,19.72649283731933,19.203218695020848,19.71661949157715,361600,0.0,0.0
2026-06-12 00:00:00-04:00,19.84874403065749,20.037496385642566,19.719598879237342,19.96795654296875,181700,0.123,0.0
2026-06-15 00:00:00-04:00,20.11697188756745,20.33552596174209,20.11697188756745,20.29578971862793,237700,0.0,0.0
2026-06-16 00:00:00-04:00,20.325591208893737,20.56401624429203,20.265985897453508,20.315658569335938,226800,0.0,0.0
2026-06-17 00:00:00-04:00,20.325591372076616,20.37526404435784,19.90835229382654,19.958023071289062,169500,0.0,0.0
2026-06-18 00:00:00-04:00,20.295789677789315,20.444803905100304,20.087168243698965,20.38519859313965,283100,0.0,0.0
2026-06-22 00:00:00-04:00,20.55408021847294,20.63355459289933,20.27591896057129,20.27591896057129,340600,0.0,0.0
2026-06-23 00:00:00-04:00,19.967956471573956,20.226248668309335,19.828874891905002,20.146774291992188,283700,0.0,0.0
2026-06-24 00:00:00-04:00,20.136841080260886,20.295789843331566,19.91828510992466,20.027563095092773,228000,0.0,0.0
2026-06-25 00:00:00-04:00,20.14677494515244,20.226249324046154,19.96795711893692,20.087167739868164,158800,0.0,0.0
2026-06-26 00:00:00-04:00,19.977891743186426,20.06730065669713,19.878548295416902,19.90835189819336,189600,0.0,0.0
2026-06-29 00:00:00-04:00,19.99775901690309,20.186511379127353,19.838810257604344,20.156709671020508,161800,0.0,0.0
2026-06-30 00:00:00-04:00,20.156709541870665,20.454737989941588,20.116971404891256,20.42493438720703,160700,0.0,0.0
2026-07-01 00:00:00-04:00,20.405067391663906,20.59381785950783,20.35539472000602,20.494474411010742,178500,0.0,0.0
2026-07-02 00:00:00-04:00,20.514343751524187,20.673292513298403,20.31565874671577,20.38519859313965,172400,0.0,0.0
2026-07-06 00:00:00-04:00,20.514343670044244,20.663357896763372,20.434869289472797,20.564016342163086,145500,0.0,0.0
2026-07-07 00:00:00-04:00,20.544146284365244,20.573947991383264,20.275919552291448,20.395132064819336,181300,0.0,0.0
2026-07-08 00:00:00-04:00,20.23618293715815,20.295788244910682,20.057365119081986,20.25605010986328,135200,0.0,0.0
2026-07-09 00:00:00-04:00,20.305724388340145,20.534212998519656,20.22625000676385,20.45473861694336,228000,0.0,0.0
2026-07-10 00:00:00-04:00,20.514342562333038,20.722963984329862,20.424933652165628,20.66335678100586,144800,0.0,0.0
2026-07-13 00:00:00-04:00,20.57394775988164,20.623620429050423,20.39513183532978,20.41499900817871,136900,0.0,0.0
2026-07-14 00:00:00-04:00,20.459999084472656,20.600000381469727,20.43000030517578,20.459999084472656,151600,0.135,0.0
2026-07-15 00:00:00-04:00,20.459999084472656,20.739999771118164,20.440000534057617,20.670000076293945,200100,0.0,0.0
2026-07-16 00:00:00-04:00,20.510000228881836,20.639999389648438,20.440000534057617,20.469999313354492,185800,0.0,0.0
2026-07-17 00:00:00-04:00,20.299999237060547,20.459999084472656,20.139999389648438,20.200000762939453,197700,0.0,0.0
2026-07-20 00:00:00-04:00,20.290000915527344,20.399999618530273,20.1299991607666,20.239999771118164,215300,0.0,0.0
2026-07-21 00:00:00-04:00,20.450000762939453,20.56999969482422,20.350000381469727,20.489999771118164,376000,0.0,0.0
2026-07-22 00:00:00-04:00,20.459999084472656,20.610000610351562,20.350000381469727,20.479999542236328,299800,0.0,0.0
2026-07-23 00:00:00-04:00,20.209999084472656,20.3799991607666,19.90999984741211,20.1299991607666,339200,0.0,0.0
2026-07-24 00:00:00-04:00,20.1299991607666,20.309999465942383,19.950000762939453,20.0,203200,0.0,0.0
2026-07-27 00:00:00-04:00,20.200000762939453,20.200000762939453,19.8799991607666,20.040000915527344,164400,0.0,0.0
2026-07-28 00:00:00-04:00,19.809999465942383,19.969999313354492,19.709999084472656,19.920000076293945,212400,0.0,0.0
2026-07-29 00:00:00-04:00,19.93000030517578,20.030000686645508,19.5,19.520000457763672,252300,0.0,0.0
2026-07-30 00:00:00-04:00,19.690000534057617,20.0,19.690000534057617,20.0,163300,0.0,0.0
2026-07-31 00:00:00-04:00,20.100000381469727,20.239999771118164,19.8799991607666,20.139999389648438,149000,0.0,0.0
2026-08-03 00:00:00-04:00,20.209999084472656,20.600000381469727,20.15999984741211,20.540000915527344,153400,0.0,0.0
2026-08-04 00:00:00-04:00,20.649999618530273,20.889999389648438,20.610000610351562,20.75,182700,0.0,0.0
2026-08-05 00:00:00-04:00,20.850000381469727,20.959999084472656,20.719999313354492,20.719999313354492,181100,0.0,0.0
2026-08-06 00:00:00-04:00,20.729999542236328,20.809999465942383,20.600000381469727,20.739999771118164,152200,0.0,0.0
2026-08-07 00:00:00-04:00,20.799999237060547,20.940000534057617,20.709999084472656,20.920000076293945,158000,0.0,0.0
2026-08-10 00:00:00-04:00,20.81999969482422,21.059999465942383,20.81999969482422,21.020000457763672,242700,0.0,0.0
2026-08-11 00:00:00-04:00,21.079999923706055,21.079999923706055,20.81999969482422,20.8799991607666,157508,0.0,0.0
