Date,Open,High,Low,Close,Volume,Dividends,Stock Splits
2022-01-03 00:00:00-05:00,3.0172517876823233,3.032606743707535,2.882895830938964,2.909766912460327,1350700,0.0,0.0
2022-01-04 00:00:00-05:00,2.886734150595643,2.8944116277363703,2.6947970390319824,2.6947970390319824,1359600,0.0,0.0
2022-01-05 00:00:00-05:00,2.6871197345015103,2.8253145149571868,2.6026674805286283,2.64105486869812,1562700,0.0,0.0
2022-01-06 00:00:00-05:00,2.6832810459133283,2.771572134890126,2.648732486258418,2.70247483253479,1588600,0.0,0.0
2022-01-07 00:00:00-05:00,2.7370236295884,2.8368308460836844,2.6410550606663286,2.779249668121338,1827900,0.0,0.0
2022-01-10 00:00:00-05:00,2.8099593939185077,2.817636871099481,2.625699758529663,2.625699758529663,2120000,0.0,0.0
2022-01-11 00:00:00-05:00,2.6564099821648584,2.848347117488383,2.6564099821648584,2.8176372051239014,3060300,0.0,0.0
2022-01-12 00:00:00-05:00,2.856024260551885,2.963508941219015,2.8483467833613756,2.879056692123413,2308800,0.0,0.0
2022-01-13 00:00:00-05:00,2.871379589470196,2.871379589470196,2.7638947117374477,2.779249668121338,1130800,0.0,0.0
2022-01-14 00:00:00-05:00,2.779249620485283,2.8022822377118595,2.6180225812178537,2.6794424057006836,1628200,0.0,0.0
2022-01-18 00:00:00-05:00,2.6256998416276836,2.679442183595329,2.6026674093558357,2.610344886779785,1657800,0.0,0.0
2022-01-19 00:00:00-05:00,2.6487324742071428,2.667926077695762,2.5566025551070215,2.5642800331115723,1233200,0.0,0.0
2022-01-20 00:00:00-05:00,2.679442578790251,2.8944121614125127,2.664087621677627,2.7869274616241455,1884000,0.0,0.0
2022-01-21 00:00:00-05:00,2.7485394804108734,2.756216957834823,2.5911511016971613,2.610344886779785,1420800,0.0,0.0
2022-01-24 00:00:00-05:00,2.502859900209,2.5642797166658737,2.380020084249761,2.5566022396087646,1977100,0.0,0.0
2022-01-25 00:00:00-05:00,2.4951825745477985,2.641054830529206,2.4875050970248562,2.5719573497772217,887500,0.0,0.0
2022-01-26 00:00:00-05:00,2.64873211968147,2.6525707666471954,2.3876975363744997,2.3953750133514404,1595500,0.0,0.0
2022-01-27 00:00:00-05:00,2.410730424072294,2.442975721209379,2.257180684053494,2.2802131175994873,2234000,0.0,0.0
2022-01-28 00:00:00-05:00,2.2840517792638235,2.4529564760346787,2.2264707865620306,2.418407917022705,2197300,0.0,0.0
2022-01-31 00:00:00-05:00,2.4644728172023633,2.75621716420179,2.449117861204789,2.748539686203003,1994200,0.0,0.0
2022-02-01 00:00:00-05:00,2.740862248463374,2.8713795594053733,2.6372162024345847,2.794604778289795,1239900,0.0,0.0
2022-02-02 00:00:00-05:00,2.7946046174902457,2.8176370504996493,2.5873123543145997,2.5949900150299072,1026300,0.0,0.0
2022-02-03 00:00:00-05:00,2.541247294275098,2.6410546794078655,2.4951824317732787,2.5105373859405518,721100,0.0,0.0
2022-02-04 00:00:00-05:00,2.502860432766347,2.5949903601005078,2.464473039312751,2.587312698364258,681800,0.0,0.0
2022-02-07 00:00:00-05:00,2.5796351607030883,2.6257002148398874,2.502860375550968,2.5335702896118164,583200,0.0,0.0
2022-02-08 00:00:00-05:00,2.5182151301888402,2.610345048012298,2.4798277406980294,2.6026675701141357,795800,0.0,0.0
2022-02-09 00:00:00-05:00,2.6640871566536046,2.8598629171891043,2.6410547250050453,2.8329918384552,1544700,0.0,0.0
2022-02-10 00:00:00-05:00,2.7255070388110036,2.9942191138205674,2.7216683916349167,2.8867342472076416,2638800,0.0,0.0
2022-02-11 00:00:00-05:00,2.8406695349063957,3.001896751934875,2.832992057097683,2.9020893573760986,2448500,0.0,0.0
2022-02-14 00:00:00-05:00,2.848347012715109,2.9942192741261624,2.848347012715109,2.9020893573760986,2804400,0.0,0.0
2022-02-15 00:00:00-05:00,2.9174442480243425,3.063316506186936,2.9174442480243425,3.0556390285491943,2704300,0.0,0.0
2022-02-16 00:00:00-05:00,3.0326067289258933,3.0326067289258933,2.9097668982774363,2.95583176612854,1583100,0.0,0.0
2022-02-17 00:00:00-05:00,2.9174442351030847,2.978864238978495,2.8637018918769175,2.89441180229187,2498800,0.0,0.0
2022-02-18 00:00:00-05:00,2.825314683215022,2.9558318107640673,2.7792496316227835,2.8176372051239014,2322000,0.0,0.0
2022-02-22 00:00:00-05:00,2.740862230183514,2.825314671892921,2.67176492764033,2.6794424057006836,1099400,0.0,0.0
2022-02-23 00:00:00-05:00,2.7101519933134357,2.7715718104392493,2.6525708232352385,2.6947970390319824,1244600,0.0,0.0
2022-02-24 00:00:00-05:00,2.4644725017401354,2.809959333552905,2.4644725017401354,2.8022818565368652,1531500,0.0,0.0
2022-02-25 00:00:00-05:00,2.779249435516827,2.8299210069974166,2.725507092671086,2.7562170028686523,1083600,0.0,0.0
2022-02-28 00:00:00-05:00,2.7562171714447463,2.763894649463709,2.656409957198234,2.7255072593688965,2950600,0.0,0.0
2022-03-01 00:00:00-05:00,2.725506942993855,2.8406692829558393,2.679442080227259,2.717829465866089,1715300,0.0,0.0
2022-03-02 00:00:00-05:00,2.7408619973272343,2.7447008275540323,2.5873122661198162,2.6333773136138916,1910400,0.0,0.0
2022-03-03 00:00:00-05:00,2.625699925709112,2.6717647917279197,2.5182150552863884,2.5949900150299072,1614000,0.0,0.0
2022-03-04 00:00:00-05:00,2.5412475633684095,2.5873124307480486,2.3876978223907677,2.418407917022705,1358200,0.0,0.0
2022-03-07 00:00:00-05:00,2.333955124486517,2.449117458581707,2.333955124486517,2.3646650314331055,1271900,0.0,0.0
2022-03-08 00:00:00-05:00,2.3646651970305523,2.3800201515791533,2.2901936857743856,2.3339552879333496,2146300,0.0,0.0
2022-03-09 00:00:00-05:00,2.418407745883413,2.487505042063183,2.3876976534246834,2.4721500873565674,1580100,0.0,0.0
2022-03-10 00:00:00-05:00,2.380020409977844,2.4107305054547368,2.2533419296756594,2.287890672683716,1938900,0.0,0.0
2022-03-11 00:00:00-05:00,2.3646653857342326,2.3646653857342326,1.612271820628702,1.6813693046569824,7657700,0.0,0.0
2022-03-14 00:00:00-04:00,1.5815618748528073,1.7120791791522405,1.4740770952385853,1.612271785736084,4379600,0.0,0.0
2022-03-15 00:00:00-04:00,1.5431745753765134,1.7120792780353256,1.4587222240471074,1.6544981002807617,3491000,0.0,0.0
2022-03-16 00:00:00-04:00,1.9807912433724726,2.1880833417232886,1.925513326072852,2.1573734283447266,8840900,0.0,0.0
2022-03-17 00:00:00-04:00,2.1189858390008034,2.2725355746187903,2.049888540343187,2.226470708847046,3319700,0.0,0.0
2022-03-18 00:00:00-04:00,2.1957607617897716,2.4414404283886757,2.1804058055080295,2.4260854721069336,3572400,0.0,0.0
2022-03-21 00:00:00-04:00,2.380020489786133,2.479827891580424,2.2495033575762053,2.2955682277679443,2343500,0.0,0.0
2022-03-22 00:00:00-04:00,2.4107304323566208,2.5105376447322407,2.3876978156859665,2.4414403438568115,2577700,0.0,0.0
2022-03-23 00:00:00-04:00,2.5028600634355973,2.6602484448933277,2.4537242436747535,2.525892496109009,2930500,0.0,0.0
2022-03-24 00:00:00-04:00,2.502859874074103,2.5412472589588075,2.3109227666050907,2.3953750133514404,1953500,0.0,0.0
2022-03-25 00:00:00-04:00,2.287890572396865,2.295568050168176,2.1343408339251306,2.165050745010376,2315500,0.0,0.0
2022-03-28 00:00:00-04:00,2.180405863378648,2.2948005286729707,2.1420184716554456,2.1573734283447266,1928800,0.0,0.0
2022-03-29 00:00:00-04:00,2.226470748781097,2.322439312382946,2.2187932710147695,2.2686967849731445,2192000,0.0,0.0
2022-03-30 00:00:00-04:00,2.2341483864347302,2.2955682129608737,2.172728376863065,2.180405855178833,1889800,0.0,0.0
2022-03-31 00:00:00-04:00,2.157373595126623,2.1650510740647926,2.0038238333176897,2.0115013122558594,2419400,0.0,0.0
2022-04-01 00:00:00-04:00,2.1496958961283537,2.176567161183958,2.0652436364536957,2.0805985927581787,1485300,0.0,0.0
2022-04-04 00:00:00-04:00,2.203438169306586,2.2878906091948346,2.1496958240430257,2.2341482639312744,2506700,0.0,0.0
2022-04-05 00:00:00-04:00,2.226470430939695,2.2418253842803426,2.0921143146408046,2.1113080978393555,1739500,0.0,0.0
2022-04-06 00:00:00-04:00,2.0729209661654657,2.0959533989728536,1.9961460070953345,2.0422110557556152,1650000,0.0,0.0
2022-04-07 00:00:00-04:00,2.0115010303794243,2.0422111248741612,1.8656289509955999,1.8886613845825195,2851800,0.0,0.0
2022-04-08 00:00:00-04:00,1.888661426741264,1.9193713388759974,1.8195639413925986,1.8809839487075806,1486500,0.0,0.0
2022-04-11 00:00:00-04:00,1.8425964954971563,1.850273973268165,1.7658215347415616,1.8272415399551392,1428600,0.0,0.0
2022-04-12 00:00:00-04:00,1.8886613012849993,1.96543607652199,1.857951391190203,1.9040162563323975,2554100,0.0,0.0
2022-04-13 00:00:00-04:00,1.9040165375336116,1.98079132410935,1.8579516655881685,1.8963390588760376,2087900,0.0,0.0
2022-04-14 00:00:00-04:00,1.8886613012849993,1.9923073393776882,1.8656288687139022,1.9040162563323975,1769700,0.0,0.0
2022-04-18 00:00:00-04:00,1.8733063936233523,1.9040163044949634,1.796531433398817,1.873306393623352,1705500,0.0,0.0
2022-04-19 00:00:00-04:00,1.8272412791925636,2.011500719401411,1.804208666120975,1.9884682893753052,2464000,0.0,0.0
2022-04-20 00:00:00-04:00,1.9884682487318,2.0882756265170515,1.9692746489584294,1.9961457252502441,2447500,0.0,0.0
2022-04-21 00:00:00-04:00,1.9884684551370484,2.0575659340209196,1.934726113929425,1.9577585458755493,1798900,0.0,0.0
2022-04-22 00:00:00-04:00,2.0115013122558594,2.103631242559434,1.9654364386268406,2.0115013122558594,1734500,0.0,0.0
2022-04-25 00:00:00-04:00,1.8809837375421072,1.9823265094278582,1.8310800444027617,1.9424035549163818,2491200,0.0,0.0
2022-04-26 00:00:00-04:00,1.9347262517563588,1.9615975157971872,1.880983906720213,1.8886613845825195,925400,0.0,0.0
2022-04-27 00:00:00-04:00,1.8886612147138915,1.9577585092599505,1.8733062603703228,1.9424035549163818,1102200,0.0,0.0
2022-04-28 00:00:00-04:00,1.9807913965031803,2.0115013122558594,1.9193715649978216,2.0115013122558594,1013000,0.0,0.0
2022-04-29 00:00:00-04:00,2.1189857078659466,2.1650505707869363,1.9615973346964861,1.9654359817504883,1863100,0.0,0.0
2022-05-02 00:00:00-04:00,1.988468529492872,2.0614046582390193,1.9347261862756333,2.0422110557556152,792800,0.0,0.0
2022-05-03 00:00:00-04:00,2.04988845021443,2.084437006501467,2.0115008807136148,2.057565927505493,911800,0.0,0.0
2022-05-04 00:00:00-04:00,2.0038236138255994,2.142018402620801,1.9961461357283947,2.1266634464263916,2985400,0.0,0.0
2022-05-05 00:00:00-04:00,1.9961460013219032,2.072920960169979,1.9961460013219032,2.0652434825897217,813300,0.0,0.0
2022-05-06 00:00:00-04:00,2.011500887083173,2.011500887083173,1.9155323291182391,1.9577585458755493,1172200,0.0,0.0
2022-05-09 00:00:00-04:00,1.8579514504952896,1.873306406032812,1.6506593676932295,1.7734990119934082,2822100,0.0,0.0
2022-05-10 00:00:00-04:00,1.8118862461227654,1.8349188605078348,1.7197565207644607,1.7351114749908447,1090600,0.0,0.0
2022-05-11 00:00:00-04:00,1.750466400223742,1.8042087391259365,1.6429817224193533,1.6736916303634644,1552600,0.0,0.0
2022-05-12 00:00:00-04:00,1.6045943028302967,1.7120791736199537,1.5585294366542324,1.6890467405319214,2196700,0.0,0.0
2022-05-13 00:00:00-04:00,1.7427890300750732,1.7658214624451027,1.6813692104216615,1.7427890300750732,2528000,0.0,0.0
2022-05-16 00:00:00-04:00,1.7197567011715154,1.761982921246461,1.6583368778228758,1.658336877822876,971200,0.0,0.0
2022-05-17 00:00:00-04:00,1.7734990540693774,1.8272415827712467,1.7120792304621129,1.7658215761184692,1898900,0.0,0.0
2022-05-18 00:00:00-04:00,1.7274338735261339,1.8425962049794014,1.7197563969656147,1.781176209449768,1048600,0.0,0.0
2022-05-19 00:00:00-04:00,1.7811765581908379,1.8809839560646102,1.7811765581908379,1.8579515218734741,1010400,0.0,0.0
2022-05-20 00:00:00-04:00,1.880983883801573,1.880983883801573,1.7427891009183636,1.7734990119934082,897800,0.0,0.0
2022-05-23 00:00:00-04:00,1.7888538948151322,1.7888538948151322,1.7274340751617203,1.7427890300750732,535200,0.0,0.0
2022-05-24 00:00:00-04:00,1.7427891277527772,1.7427891277527772,1.612271820628702,1.6813693046569824,1173500,0.0,0.0
2022-05-25 00:00:00-04:00,1.6660143074438893,1.6967242182279323,1.6468205216811092,1.6890467405319214,561700,0.0,0.0
2022-05-26 00:00:00-04:00,1.6967239672840573,1.8042086391313257,1.689046490723538,1.781176209449768,1571700,0.0,0.0
2022-05-27 00:00:00-04:00,1.7965314325191901,1.8425964818495595,1.719756655377753,1.819563865661621,924900,0.0,0.0
2022-05-31 00:00:00-04:00,1.6506593330536177,1.6583368106612646,1.4510446406865423,1.5508519411087036,8814300,0.0,0.0
2022-06-01 00:00:00-04:00,1.5124646291324615,1.5239808461230835,1.420334801684729,1.4663996696472168,5373900,0.0,0.0
2022-06-02 00:00:00-04:00,1.4433672356659728,1.4663996696472168,1.412657323690981,1.4663996696472168,1829400,0.0,0.0
2022-06-03 00:00:00-04:00,1.4663996480658912,1.4663996480658912,1.2821399958822157,1.4049798250198364,5920900,0.0,0.0
2022-06-06 00:00:00-04:00,1.481754547327015,1.5047870716137943,1.4280122042109524,1.4587221145629883,1620000,0.0,0.0
2022-06-07 00:00:00-04:00,1.4356897369781207,1.5047871294486361,1.420334781211952,1.4971096515655518,1044600,0.0,0.0
2022-06-08 00:00:00-04:00,1.5124645875878389,1.5738844098507327,1.504787109804977,1.566206932067871,1902300,0.0,0.0
2022-06-09 00:00:00-04:00,1.5124644819437707,1.5431743909301625,1.4894320502039766,1.5201419591903687,1029300,0.0,0.0
2022-06-10 00:00:00-04:00,1.5124645589991144,1.5508519471878217,1.4779158181065248,1.5278195142745972,944500,0.0,0.0
2022-06-13 00:00:00-04:00,1.474077185694823,1.474077185694823,1.3819473558687239,1.389624834060669,1064700,0.0,0.0
2022-06-14 00:00:00-04:00,1.3973023340270594,1.4894321592543684,1.3742698090781662,1.4510446786880493,1745000,0.0,0.0
2022-06-15 00:00:00-04:00,1.458722170627374,1.5354970409809738,1.4356897369781207,1.4971096515655518,1311900,0.0,0.0
2022-06-16 00:00:00-04:00,1.4203347611015,1.5047871081424276,1.4203347611015,1.4740771055221558,1465500,0.0,0.0
2022-06-17 00:00:00-04:00,1.527819508285763,1.589239329146938,1.500948336658999,1.5508519411087036,2896300,0.0,0.0
2022-06-21 00:00:00-04:00,1.566206875746178,1.7044016539136357,1.5585293982394028,1.6967241764068604,2246000,0.0,0.0
2022-06-22 00:00:00-04:00,1.6429818338594333,1.712079131420411,1.6122717407868299,1.6967241764068604,1141400,0.0,0.0
2022-06-23 00:00:00-04:00,1.704401695923943,1.7312729593827338,1.6583368297478787,1.6890467405319214,1230700,0.0,0.0
2022-06-24 00:00:00-04:00,1.7120792162048797,1.7120792162048797,1.6660143488830337,1.6813693046569824,1021500,0.0,0.0
2022-06-27 00:00:00-04:00,1.704401695923943,1.727434129011975,1.6736917851399,1.6890467405319214,847000,0.0,0.0
2022-06-28 00:00:00-04:00,1.6967241764068604,1.7504665189542874,1.6813692213933098,1.6967241764068604,1295600,0.0,0.0
2022-06-29 00:00:00-04:00,1.6890467405319216,1.7120791736199537,1.6660143074438893,1.6890467405319214,1594600,0.0,0.0
2022-06-30 00:00:00-04:00,1.6890469695732864,1.7581442782072478,1.6736920120990728,1.712079405784607,1333300,0.0,0.0
2022-07-01 00:00:00-04:00,1.704401766423108,1.7658215905317016,1.6928854578799892,1.7197567224502563,659100,0.0,0.0
2022-07-05 00:00:00-04:00,1.6890469515559314,1.7658217381080297,1.6890469515559314,1.7581442594528198,994400,0.0,0.0
2022-07-06 00:00:00-04:00,1.7581439964610626,1.7581439964610626,1.6621754361036203,1.6967241764068604,937900,0.0,0.0
2022-07-07 00:00:00-04:00,1.7120791202483674,1.7658214624451027,1.6967241653350145,1.7427890300750732,694300,0.0,0.0
2022-07-08 00:00:00-04:00,1.712079405784607,1.7274343632588205,1.6967244483103932,1.712079405784607,341300,0.0,0.0
2022-07-11 00:00:00-04:00,1.6736918762903317,1.677530523824639,1.6130397442750373,1.650659441947937,803900,0.0,0.0
2022-07-12 00:00:00-04:00,1.6353044307850824,1.7044017314910889,1.6276267698833486,1.7044017314910889,788700,0.0,0.0
2022-07-13 00:00:00-04:00,1.6813693046569824,1.7120792162048797,1.6660143488830337,1.6813693046569824,419100,0.0,0.0
2022-07-14 00:00:00-04:00,1.658336871294181,1.6967242607359536,1.6122718209185425,1.6276267766952515,874900,0.0,0.0
2022-07-15 00:00:00-04:00,1.6045941940436903,1.6199491483946926,1.5470132067501792,1.589239239692688,757700,0.0,0.0
2022-07-18 00:00:00-04:00,1.6736917438865344,1.7274340864339615,1.6698529136103957,1.6967241764068604,748000,0.0,0.0
2022-07-19 00:00:00-04:00,1.7120792162048797,1.7120792162048797,1.673691826770008,1.6813693046569824,413100,0.0,0.0
2022-07-20 00:00:00-04:00,1.6967241764068604,1.712079131420411,1.6583367888729839,1.6967241764068604,661000,0.0,0.0
2022-07-21 00:00:00-04:00,1.6890465843355198,1.7120790152936032,1.6660141533774364,1.6736916303634644,719900,0.0,0.0
2022-07-22 00:00:00-04:00,1.6506593113662087,1.7044016539136357,1.6506593113662087,1.6967241764068604,647700,0.0,0.0
2022-07-25 00:00:00-04:00,1.6890466735193386,1.7082402754751096,1.627626671342572,1.63530433177948,1103800,0.0,0.0
2022-07-26 00:00:00-04:00,1.6506593206728537,1.6736917533230398,1.5815618396767928,1.5969167947769165,822600,0.0,0.0
2022-07-27 00:00:00-04:00,1.612271842118064,1.612271842118064,1.5508520182036276,1.5585294961929321,670300,0.0,0.0
2022-07-28 00:00:00-04:00,1.573884380101046,1.573884380101046,1.4971096037236313,1.5278195142745972,1063300,0.0,0.0
2022-07-29 00:00:00-04:00,1.4971095569102837,1.52398072780214,1.4433671236038208,1.4433671236038208,831300,0.0,0.0
2022-08-01 00:00:00-04:00,1.4587221499733969,1.489432152593669,1.4203347611015,1.4740771055221558,719100,0.0,0.0
2022-08-02 00:00:00-04:00,1.4587220950180093,1.5047870514516049,1.4587220950180093,1.4894320964813232,740400,0.0,0.0
2022-08-03 00:00:00-04:00,1.4971095684022173,1.5585293880550668,1.4817545219662542,1.5124645233154297,638300,0.0,0.0
2022-08-04 00:00:00-04:00,1.527819584235714,1.5892394081501504,1.5201421062464096,1.5585294961929321,708100,0.0,0.0
2022-08-05 00:00:00-04:00,1.5201420653707005,1.5815618876335946,1.4894321542392535,1.566206932067871,593800,0.0,0.0
2022-08-08 00:00:00-04:00,1.5585293665478976,1.6391429702525733,1.5585293665478976,1.6045942306518555,597600,0.0,0.0
2022-08-09 00:00:00-04:00,1.5969168130142706,1.5969168130142706,1.5278195142745972,1.5278195142745972,442100,0.0,0.0
2022-08-10 00:00:00-04:00,1.5278194222886792,1.6122716712191913,1.5278194222886792,1.589239239692688,647200,0.0,0.0
2022-08-11 00:00:00-04:00,1.5892393172268546,1.6736917533230398,1.5892393172268546,1.5969167947769165,522600,0.0,0.0
2022-08-12 00:00:00-04:00,1.5738844521715412,1.585400760678255,1.5508520182036276,1.5585294961929321,256300,0.0,0.0
2022-08-15 00:00:00-04:00,1.558529424825563,1.5800264720385426,1.5047870813613728,1.5278195142745972,445200,0.0,0.0
2022-08-16 00:00:00-04:00,1.5278195142745972,1.5278195142745972,1.4894321260858898,1.5278195142745972,525500,0.0,0.0
2022-08-17 00:00:00-04:00,1.5585296479969388,1.9884688233659842,1.5508521692598318,1.712079405784607,7449200,0.0,0.0
2022-08-18 00:00:00-04:00,1.7274341650597576,1.796531465765764,1.6583368643537513,1.7044017314910889,1000500,0.0,0.0
2022-08-19 00:00:00-04:00,1.7044016248790739,1.712079102255063,1.581561803817749,1.581561803817749,946900,0.0,0.0
2022-08-22 00:00:00-04:00,1.5662068963239975,1.596916806754585,1.53549698589341,1.5508519411087036,635800,0.0,0.0
2022-08-23 00:00:00-04:00,1.5431745199233518,1.6506593934058265,1.5278195641466426,1.6276267766952515,750000,0.0,0.0
2022-08-24 00:00:00-04:00,1.589239443471982,1.6429819736370888,1.5738844871520996,1.5738844871520996,594800,0.0,0.0
2022-08-25 00:00:00-04:00,1.6199491483946926,1.6199491483946926,1.573884285341686,1.589239239692688,626000,0.0,0.0
2022-08-26 00:00:00-04:00,1.6660141944931939,1.7734988749502094,1.581561762517187,1.589239239692688,1439800,0.0,0.0
2022-08-29 00:00:00-04:00,1.581561851539291,1.6429818554459708,1.5508519411087036,1.5508519411087036,657900,0.0,0.0
2022-08-30 00:00:00-04:00,1.566206932067871,1.5892393654164563,1.535497020936424,1.566206932067871,429000,0.0,0.0
2022-08-31 00:00:00-04:00,1.566206932067871,1.6122717987650417,1.5431744987192857,1.566206932067871,924300,0.0,0.0
2022-09-01 00:00:00-04:00,1.573884380101046,1.573884380101046,1.4779158181065248,1.5278195142745972,953100,0.0,0.0
2022-09-02 00:00:00-04:00,1.5278194982635507,1.5431744533781189,1.4663995862825268,1.4817545413970947,348500,0.0,0.0
2022-09-06 00:00:00-04:00,1.4740769411031516,1.4817544180211826,1.343559741973877,1.343559741973877,819700,0.0,0.0
2022-09-07 00:00:00-04:00,1.4203347674531979,1.512464592680507,1.4126572896444851,1.4510446786880493,1264400,0.0,0.0
2022-09-08 00:00:00-04:00,1.4049798055527414,1.4740771055221558,1.3857860195940386,1.4740771055221558,710900,0.0,0.0
2022-09-09 00:00:00-04:00,1.489432152593669,1.5163033248039965,1.4663996277477764,1.4740771055221558,382300,0.0,0.0
2022-09-12 00:00:00-04:00,1.489432152593669,1.5086258470296172,1.4740771055221558,1.4740771055221558,270400,0.0,0.0
2022-09-13 00:00:00-04:00,1.4817546266072787,1.4971096741276102,1.3742698431015015,1.3742698431015015,342400,0.0,0.0
2022-09-14 00:00:00-04:00,1.397302367703485,1.5124646291324615,1.3819473201932322,1.4663996696472168,913000,0.0,0.0
2022-09-15 00:00:00-04:00,1.4433672356659728,1.5585294970949495,1.4433672356659728,1.4663996696472168,683600,0.0,0.0
2022-09-16 00:00:00-04:00,1.4280121741963547,1.4433671290496355,1.408818480629754,1.4203346967697144,779000,0.0,0.0
2022-09-19 00:00:00-04:00,1.3896247646955917,1.4510446786880493,1.381947286886879,1.4510446786880493,418200,0.0,0.0
2022-09-20 00:00:00-04:00,1.4587221268095627,1.4587221268095627,1.4126572608947754,1.4126572608947754,284900,0.0,0.0
2022-09-21 00:00:00-04:00,1.4126572449343646,1.4241734612829495,1.3589148104515498,1.366592288017273,265600,0.0,0.0
2022-09-22 00:00:00-04:00,1.343559964908999,1.4126573601592631,1.343559964908999,1.389624834060669,588500,0.0,0.0
2022-09-23 00:00:00-04:00,1.3512374289527922,1.420334823479571,1.3512374289527922,1.3973023891448975,560200,0.0,0.0
2022-09-26 00:00:00-04:00,1.3896247990990758,1.443367236613343,1.3665923651027143,1.3742698431015015,407600,0.0,0.0
2022-09-27 00:00:00-04:00,1.3742697345791033,1.458722077419544,1.2974949606539297,1.328204870223999,1222700,0.0,0.0
2022-09-28 00:00:00-04:00,1.2974950631136297,1.3742698431015015,1.2898174935920854,1.3742698431015015,447800,0.0,0.0
2022-09-29 00:00:00-04:00,1.3589148059366807,1.3589148059366807,1.266784983931342,1.2744624614715576,559800,0.0,0.0
2022-09-30 00:00:00-04:00,1.2667850053129954,1.3320436570290592,1.2591075276431942,1.2974950075149536,623300,0.0,0.0
2022-10-03 00:00:00-04:00,1.2744624421713449,1.3512373079335886,1.2591074873234462,1.3051724433898926,704700,0.0,0.0
2022-10-04 00:00:00-04:00,1.3128499989279987,1.4126573029005933,1.3128499989279987,1.4049798250198364,457100,0.0,0.0
2022-10-05 00:00:00-04:00,1.404979846619407,1.4318510196151621,1.3665923651027143,1.3742698431015015,236700,0.0,0.0
2022-10-06 00:00:00-04:00,1.3665923723463587,1.397302376027043,1.351237416267395,1.351237416267395,477000,0.0,0.0
2022-10-07 00:00:00-04:00,1.3282047881378147,1.3781083881050173,1.3205273112197835,1.343559741973877,306900,0.0,0.0
2022-10-10 00:00:00-04:00,1.3205274549685966,1.347398627106824,1.282139974676946,1.289817452430725,248900,0.0,0.0
2022-10-11 00:00:00-04:00,1.2821398946039326,1.2821398946039326,1.1593001666923741,1.1669776439666748,720400,0.0,0.0
2022-10-12 00:00:00-04:00,1.1746552869866407,1.236075205370239,1.1746552869866407,1.2283977270126343,328400,0.0,0.0
2022-10-13 00:00:00-04:00,1.1669777616189834,1.2744625458183363,1.1516228055223268,1.2591075897216797,687400,0.0,0.0
2022-10-14 00:00:00-04:00,1.2514301620854482,1.3128500804690464,1.2053652919398206,1.2283977270126343,601100,0.0,0.0
2022-10-17 00:00:00-04:00,1.2283976430962567,1.312849990783417,1.2283976430962567,1.2437525987625122,317900,0.0,0.0
2022-10-18 00:00:00-04:00,1.243752709260272,1.2974951503895196,1.23607523074506,1.2667851448059082,736400,0.0,0.0
2022-10-19 00:00:00-04:00,1.24375256922317,1.2591075245247425,1.1976876117956992,1.2053651809692383,314100,0.0,0.0
2022-10-20 00:00:00-04:00,1.213042552152347,1.255268675525522,1.1900100296987792,1.1976875066757202,245400,0.0,0.0
2022-10-21 00:00:00-04:00,1.2053652161783104,1.2514300834285965,1.1823326910304117,1.2207201719284058,268800,0.0,0.0
2022-10-24 00:00:00-04:00,1.166977857952552,1.166977857952552,0.9903956652186959,1.059493064880371,1130100,0.0,0.0
2022-10-25 00:00:00-04:00,1.067170391445273,1.1362677812576294,1.0518154362698053,1.1362677812576294,371800,0.0,0.0
2022-10-26 00:00:00-04:00,1.120912902018326,1.178493987827156,1.1055579458026379,1.143945336341858,432900,0.0,0.0
2022-10-27 00:00:00-04:00,1.1285903801261699,1.190010204988922,1.120912902018326,1.143945336341858,418700,0.0,0.0
2022-10-28 00:00:00-04:00,1.105557897341876,1.12859033065581,1.0671704169625653,1.082525372505188,435800,0.0,0.0
2022-10-31 00:00:00-04:00,1.0671703873875384,1.105557866702998,1.028782999594831,1.044137954711914,397600,0.0,0.0
2022-11-01 00:00:00-04:00,1.1209128218200808,1.1209128218200808,1.0364604771533725,1.044137954711914,317300,0.0,0.0
2022-11-02 00:00:00-04:00,1.051815426512988,1.082525336579053,1.013428038930407,1.0671703815460205,749700,0.0,0.0
2022-11-03 00:00:00-04:00,1.0364603996276855,1.0671703075647962,1.02110544565913,1.0364603996276855,331300,0.0,0.0
2022-11-04 00:00:00-04:00,1.105557860651353,1.105557860651353,1.044137948996472,1.0671703815460205,557300,0.0,0.0
2022-11-07 00:00:00-05:00,1.0671703355136717,1.136267721704556,1.0594928583283232,1.097880244255066,639300,0.0,0.0
2022-11-08 00:00:00-05:00,1.0978802155019072,1.0978802155019072,1.0287829226434078,1.0364603996276855,438100,0.0,0.0
2022-11-09 00:00:00-05:00,1.0211053837031936,1.0364603367400818,0.9673629565513459,0.9980728626251221,422400,0.0,0.0
2022-11-10 00:00:00-05:00,1.036460546277395,1.074847936630249,1.0211055901362536,1.074847936630249,369800,0.0,0.0
2022-11-11 00:00:00-05:00,1.0978802569752208,1.193848814426727,1.0902027797009202,1.1669776439666748,839400,0.0,0.0
2022-11-14 00:00:00-05:00,1.220720165263129,1.282139987928151,1.1593002510753518,1.2437525987625122,1058200,0.0,0.0
2022-11-15 00:00:00-05:00,1.3051724380464471,1.378108473275362,1.2283975725985237,1.328204870223999,1952700,0.0,0.0
2022-11-16 00:00:00-05:00,1.3128499596029997,1.3205274372537859,1.2053651809692383,1.2053651809692383,1036900,0.0,0.0
2022-11-17 00:00:00-05:00,1.3051724822375184,1.5278195172044968,1.2744624801049071,1.4126572608947754,3086000,0.0,0.0
2022-11-18 00:00:00-05:00,1.4049796872223874,1.462560765680633,1.3473985172413954,1.3589147329330444,778200,0.0,0.0
2022-11-21 00:00:00-05:00,1.3205274182356028,1.3435598508562496,1.266784983931342,1.2744624614715576,627500,0.0,0.0
2022-11-22 00:00:00-05:00,1.24375256922317,1.266785002175529,1.166977701192554,1.2053651809692383,617600,0.0,0.0
2022-11-23 00:00:00-05:00,1.228397566324976,1.2591074757382068,1.2053651342650527,1.2360750436782837,630000,0.0,0.0
2022-11-25 00:00:00-05:00,1.2360751496000661,1.2514301056224788,1.1746552339876581,1.1900101900100708,328000,0.0,0.0
2022-11-28 00:00:00-05:00,1.1593002235417675,1.2283976139215973,1.1554614847163744,1.2053651809692383,516300,0.0,0.0
2022-11-29 00:00:00-05:00,1.2360750737704798,1.3128499406953873,1.213042641149833,1.2744624614715576,944900,0.0,0.0
2022-11-30 00:00:00-05:00,1.3205275303331643,1.389624834060669,1.2974950957573295,1.389624834060669,1665400,0.0,0.0
2022-12-01 00:00:00-05:00,1.343559873533761,1.343559873533761,1.2898174383223993,1.2974950075149536,489300,0.0,0.0
2022-12-02 00:00:00-05:00,1.2974949606539297,1.378108473275362,1.2898173917386626,1.328204870223999,1408500,0.0,0.0
2022-12-05 00:00:00-05:00,1.42033473854724,1.489432128942174,1.3896247364146288,1.4126572608947754,1805900,0.0,0.0
2022-12-06 00:00:00-05:00,1.4049798118357724,1.466399634305475,1.381947286886879,1.4510446786880493,499600,0.0,0.0
2022-12-07 00:00:00-05:00,1.404979846619407,1.404979846619407,1.3358824531075655,1.3742698431015015,330200,0.0,0.0
2022-12-08 00:00:00-05:00,1.3896247191869346,1.4932708492557727,1.3896247191869346,1.4817545413970947,771900,0.0,0.0
2022-12-09 00:00:00-05:00,1.466399789456176,1.5431746671891347,1.4510448322141372,1.5354971885681152,1057500,0.0,0.0
2022-12-12 00:00:00-05:00,1.4894320795126104,1.4971095569102837,1.381947212899685,1.4433671236038208,932100,0.0,0.0
2022-12-13 00:00:00-05:00,1.497109573966464,1.5354969613921678,1.4817545274734316,1.4894320964813232,460700,0.0,0.0
2022-12-14 00:00:00-05:00,1.466399641074712,1.474077118918866,1.420334774009789,1.4280122518539429,536400,0.0,0.0
2022-12-15 00:00:00-05:00,1.4433670334310267,1.4587219872670891,1.3282047881378147,1.343559741973877,627800,0.0,0.0
2022-12-16 00:00:00-05:00,1.3435599311063526,1.4088185856188007,1.3205274971099912,1.3742698431015015,1677400,0.0,0.0
2022-12-19 00:00:00-05:00,1.3665923651027143,1.3896247990990758,1.3205274971099912,1.3742698431015015,460500,0.0,0.0
2022-12-20 00:00:00-05:00,1.3435599763289876,1.4356898069381714,1.3282050198145836,1.4356898069381714,588500,0.0,0.0
2022-12-21 00:00:00-05:00,1.4433670952016409,1.5239806978136676,1.4203346634618468,1.5201419591903687,892900,0.0,0.0
2022-12-22 00:00:00-05:00,1.5585294961929321,1.5662069741822366,1.5055548431530767,1.5585294961929321,666900,0.0,0.0
2022-12-23 00:00:00-05:00,1.550851953453035,1.5815618641280642,1.4971096097717334,1.5047870874404907,540900,0.0,0.0
2022-12-27 00:00:00-05:00,1.5201420717879484,1.5546908134794275,1.4825223755794623,1.5431745052337646,421000,0.0,0.0
2022-12-28 00:00:00-05:00,1.5354969948569615,1.547780995710006,1.4049797832423108,1.4126572608947754,615800,0.0,0.0
2022-12-29 00:00:00-05:00,1.435689716650259,1.489432152593669,1.4011410666655517,1.4740771055221558,384600,0.0,0.0
2022-12-30 00:00:00-05:00,1.4203347266229434,1.4894321164377764,1.4126572490349343,1.4587221145629883,487500,0.0,0.0
2023-01-03 00:00:00-05:00,1.4894320909456111,1.5508519105984606,1.4817545219662542,1.5124645233154297,397500,0.0,0.0
2023-01-04 00:00:00-05:00,1.5662068872055435,1.811886352265402,1.5585294096425948,1.8042088747024536,1723200,0.0,0.0
2023-01-05 00:00:00-05:00,1.7888540099711936,1.8349190607221548,1.742789142265745,1.7658215761184692,710100,0.0,0.0
2023-01-06 00:00:00-05:00,1.7658214544407662,1.842596411705017,1.700562804832078,1.842596411705017,691800,0.0,0.0
2023-01-09 00:00:00-05:00,1.9347264668483513,2.387698077174292,1.9347264668483513,2.0959537029266357,4638900,0.0,0.0
2023-01-10 00:00:00-05:00,2.0805983548359324,2.349310242481951,2.0575659230130308,2.3339552879333496,1508400,0.0,0.0
2023-01-11 00:00:00-05:00,2.3454717103840403,2.422246486891903,2.243361056278526,2.4107303619384766,1696300,0.0,0.0
2023-01-12 00:00:00-05:00,2.4107302842576432,2.4683112732603587,2.28405163253337,2.403052806854248,1009900,0.0,0.0
2023-01-13 00:00:00-05:00,2.3953753339659456,2.61034508418439,2.3646654219477434,2.5642800331115723,1340700,0.0,0.0
2023-01-17 00:00:00-05:00,2.510537351051044,2.571957166866571,2.3132260280027217,2.3953750133514404,1057700,0.0,0.0
2023-01-18 00:00:00-05:00,2.4184078879655497,2.4337628435742733,2.287890582245892,2.3262779712677,773700,0.0,0.0
2023-01-19 00:00:00-05:00,2.356987739075066,2.5182149462023586,2.303245397714468,2.495182514190674,716500,0.0,0.0
2023-01-20 00:00:00-05:00,2.5105378652651282,2.656410140750387,2.48750542961675,2.6487326622009277,770100,0.0,0.0
2023-01-23 00:00:00-05:00,2.6871200549482253,2.744701235591936,2.575796524458298,2.6487326622009277,742400,0.0,0.0
2023-01-24 00:00:00-05:00,2.6487322684300834,2.702474610286755,2.610344881389604,2.6333773136138916,336300,0.0,0.0
2023-01-25 00:00:00-05:00,2.6103452019317266,2.637216284636996,2.518215278675813,2.6180226802825928,415900,0.0,0.0
2023-01-26 00:00:00-05:00,2.679442233074483,2.7638944862974393,2.656409800377313,2.733184576034546,761100,0.0,0.0
2023-01-27 00:00:00-05:00,2.7331844247356156,2.817636856329103,2.6640871304690754,2.6947970390319824,786600,0.0,0.0
2023-01-30 00:00:00-05:00,2.648732578573151,2.648732578573151,2.5028603076934814,2.5028603076934814,979600,0.0,0.0
2023-01-31 00:00:00-05:00,2.495182580161606,2.583473663396837,2.4498854077606835,2.5489249229431152,727100,0.0,0.0
2023-02-01 00:00:00-05:00,2.6487321331705798,2.9174440117774614,2.618022225106421,2.8022818565368652,1509100,0.0,0.0
2023-02-02 00:00:00-05:00,2.863702037350702,2.9635092512694254,2.809959691394466,2.9327993392944336,1059900,0.0,0.0
2023-02-03 00:00:00-05:00,2.8944119860351045,2.9366382070590245,2.802282248941661,2.8176372051239014,553300,0.0,0.0
2023-02-06 00:00:00-05:00,2.7024746507127446,2.7339524366886603,2.548924917208395,2.5719573497772217,1033200,0.0,0.0
2023-02-07 00:00:00-05:00,2.6103452578094632,2.656410128900735,2.464472982974908,2.5335702896118164,778100,0.0,0.0
2023-02-08 00:00:00-05:00,2.5258926574916876,2.5566025696850008,2.4068916562198424,2.5182151794433594,568500,0.0,0.0
2023-02-09 00:00:00-05:00,2.5796350038299853,2.618022577117142,2.4798277892017184,2.5182151794433594,458000,0.0,0.0
2023-02-10 00:00:00-05:00,2.4337630042150518,2.4798278740817383,2.2571808200138985,2.3416330814361572,1202500,0.0,0.0
2023-02-13 00:00:00-05:00,2.3800199849063994,2.426085028371766,2.349310077959811,2.3646650314331055,368600,0.0,0.0
2023-02-14 00:00:00-05:00,2.3032452175399287,2.426085028371766,2.2418254036467524,2.3646650314331055,724900,0.0,0.0
2023-02-15 00:00:00-05:00,2.3109230434247023,2.4452789981380723,2.3109230434247023,2.418407917022705,325700,0.0,0.0
2023-02-16 00:00:00-05:00,2.364665105443677,2.4721499661663393,2.3569876284667357,2.3953750133514404,443000,0.0,0.0
2023-02-17 00:00:00-05:00,2.326278051929142,2.3646654422819964,2.1343409171193564,2.149695873260498,662500,0.0,0.0
2023-02-21 00:00:00-05:00,2.07292109255479,2.2111158808705804,2.07292109255479,2.149695873260498,678500,0.0,0.0
2023-02-22 00:00:00-05:00,2.1496957437320425,2.2648580908970914,2.1496957437320425,2.2495031356811523,537900,0.0,0.0
2023-02-23 00:00:00-05:00,2.280213271037365,2.318600662863814,2.2272386154032078,2.2955682277679443,737900,0.0,0.0
2023-02-24 00:00:00-05:00,2.188083011324783,2.2149542729962506,2.1458569783281134,2.195760488510132,431100,0.0,0.0
2023-02-27 00:00:00-05:00,2.2341481660816203,2.2495031211987033,1.9807910405587434,2.088275909423828,1181500,0.0,0.0
2023-02-28 00:00:00-05:00,2.088276055940368,2.142018402620801,2.0729210997459586,2.1266634464263916,362000,0.0,0.0
2023-03-01 00:00:00-05:00,2.203438015996095,2.2456642330022096,2.180405583914259,2.2187931537628174,475900,0.0,0.0
2023-03-02 00:00:00-05:00,2.2187932252492737,2.2648580908970914,2.1343407885161034,2.2495031356811523,237100,0.0,0.0
2023-03-03 00:00:00-05:00,2.257180595795725,2.360826634222799,2.23414816315032,2.3186004161834717,1401200,0.0,0.0
2023-03-06 00:00:00-05:00,2.364665453762156,2.364665453762156,2.272535716468028,2.287890672683716,631700,0.0,0.0
2023-03-07 00:00:00-05:00,2.264858139082931,2.295568050168176,2.1189858783825084,2.165050745010376,403800,0.0,0.0
2023-03-08 00:00:00-05:00,2.1343409171193564,2.161212181889112,2.1036310048370734,2.149695873260498,211500,0.0,0.0
2023-03-09 00:00:00-05:00,2.1113082865201487,2.126663241233019,1.8963387374944662,1.9116936922073364,497000,0.0,0.0
2023-03-10 00:00:00-05:00,1.8425965159486124,1.8594868574049965,1.7044017314910889,1.7044017314910889,1219100,0.0,0.0
2023-03-13 00:00:00-04:00,1.6506594203280884,1.7888540245724243,1.619949325228277,1.7197567224502563,868700,0.0,0.0
2023-03-14 00:00:00-04:00,2.0345336547291257,2.0498886105119825,1.6276267773468913,1.8118864297866821,2715100,0.0,0.0
2023-03-15 00:00:00-04:00,1.781176541925453,1.8733064608941994,1.7427891519574394,1.823402762413025,1030400,0.0,0.0
2023-03-16 00:00:00-04:00,1.880984160803342,1.8886616397027216,1.704401963072077,1.78501558303833,1133100,0.0,0.0
2023-03-17 00:00:00-04:00,1.7581439849884264,1.8042088497284852,1.689046687878338,1.7427890300750732,723900,0.0,0.0
2023-03-20 00:00:00-04:00,1.6967240894248845,1.7811763376699972,1.6813691351985003,1.7351114749908447,412800,0.0,0.0
2023-03-21 00:00:00-04:00,1.7658214868877107,1.8195638298283507,1.7504665317618133,1.8042088747024536,359800,0.0,0.0
2023-03-22 00:00:00-04:00,1.8195640886944986,1.827241750395238,1.7427893021424001,1.7581442594528198,320600,0.0,0.0
2023-03-23 00:00:00-04:00,1.7888539961123973,1.8963388696379049,1.7734990403295405,1.8118864297866821,676100,0.0,0.0
2023-03-24 00:00:00-04:00,1.7888539548050464,1.8425964818495595,1.7658215216626152,1.819563865661621,203600,0.0,0.0
2023-03-27 00:00:00-04:00,1.7811764770909027,1.827241526421272,1.7427890885201842,1.819563865661621,525200,0.0,0.0
2023-03-28 00:00:00-04:00,1.8195639007762499,1.9040163403071326,1.7965314671893302,1.8886613845825195,751600,0.0,0.0
2023-03-29 00:00:00-04:00,1.9040160070289154,2.003823201768688,1.8809835774735832,1.9961457252502441,602000,0.0,0.0
2023-03-30 00:00:00-04:00,2.003823560438395,2.0959534781957814,2.003823560438395,2.0498886108398438,658300,0.0,0.0
2023-03-31 00:00:00-04:00,2.0652436364536957,2.115147335966025,2.0575661583014537,2.0805985927581787,375600,0.0,0.0
2023-04-03 00:00:00-04:00,2.04988845021443,2.1727280868714463,2.026856018341239,2.057565927505493,496100,0.0,0.0
2023-04-04 00:00:00-04:00,2.0575657624991055,2.065243239174474,1.9654358593491992,1.9884682893753052,319500,0.0,0.0
2023-04-05 00:00:00-04:00,1.9347262594044887,2.0575660887325,1.9347262594044887,2.0498886108398438,778300,0.0,0.0
2023-04-06 00:00:00-04:00,2.0191787675402457,2.0882760709104202,2.003823628190245,2.0805985927581787,276600,0.0,0.0
2023-04-10 00:00:00-04:00,2.0498886182953115,2.080598529977629,1.9385650969241555,1.9731136560440063,196100,0.0,0.0
2023-04-11 00:00:00-04:00,1.9961460070953345,2.0767596134439446,1.9500811414805588,2.0422110557556152,331700,0.0,0.0
2023-04-12 00:00:00-04:00,2.0345334591774664,2.0345334591774664,1.9577585045969899,1.9654359817504883,281600,0.0,0.0
2023-04-13 00:00:00-04:00,2.003823525191781,2.0422110970253486,1.9692749668052816,1.9807910919189453,278100,0.0,0.0
2023-04-14 00:00:00-04:00,2.0422109793901697,2.0614045811558577,1.934726113929425,1.9577585458755493,208800,0.0,0.0
2023-04-17 00:00:00-04:00,1.996145980674087,1.996145980674087,1.9193712056656613,1.927048683166504,179100,0.0,0.0
2023-04-18 00:00:00-04:00,1.8656289288101824,1.9270487509782512,1.819563879138622,1.8272415399551392,476500,0.0,0.0
2023-04-19 00:00:00-04:00,1.8118864297866821,1.8349190465064786,1.7888539961123973,1.8118864297866821,264700,0.0,0.0
2023-04-20 00:00:00-04:00,1.7888539548050464,1.8502739595637032,1.7888539548050464,1.819563865661621,169900,0.0,0.0
2023-04-21 00:00:00-04:00,1.8272415686150503,1.8464351718208651,1.7734990403295405,1.8118864297866821,169600,0.0,0.0
2023-04-24 00:00:00-04:00,1.7811763801912168,1.78885385748769,1.7082402543519746,1.7274340391159058,372400,0.0,0.0
2023-04-25 00:00:00-04:00,1.7044017887468579,1.7120792668609894,1.635304485719674,1.650659441947937,408300,0.0,0.0
2023-04-26 00:00:00-04:00,1.6890467405319216,1.7543053924707661,1.6391430439850982,1.6890467405319214,293600,0.0,0.0
2023-04-27 00:00:00-04:00,1.704401908866351,1.7658217381080297,1.666014515590302,1.7581442594528198,183200,0.0,0.0
2023-04-28 00:00:00-04:00,1.7504665392317478,1.8617900558923157,1.7351115840403248,1.8349189758300781,374000,0.0,0.0
2023-05-01 00:00:00-04:00,1.8195640892547693,1.9040165375336116,1.8195640892547693,1.8963390588760376,235400,0.0,0.0
2023-05-02 00:00:00-04:00,1.880983906720213,1.9270487738940523,1.8425965174086802,1.8886613845825195,375400,0.0,0.0
2023-05-03 00:00:00-04:00,1.911693494024074,1.911693494024074,1.7658212563287299,1.781176209449768,289400,0.0,0.0
2023-05-04 00:00:00-04:00,1.7965314048060164,1.8878936261541381,1.7888539272103048,1.8349189758300781,114800,0.0,0.0
2023-05-05 00:00:00-04:00,1.850273913666504,1.9193712113797956,1.8272414810954067,1.9040162563323975,260400,0.0,0.0
2023-05-08 00:00:00-04:00,1.9040161645225022,1.9692748118499843,1.9040161645225022,1.9654359817504883,185800,0.0,0.0
2023-05-09 00:00:00-04:00,1.942403744361689,1.9807911339645856,1.9040163547587925,1.9731136560440063,281600,0.0,0.0
2023-05-10 00:00:00-04:00,1.965436113295641,1.973113590962987,1.8809838589548349,1.919371247291565,197100,0.0,0.0
2023-05-11 00:00:00-04:00,1.9347259131026917,1.9961457252502441,1.8963385305104714,1.9961457252502441,396000,0.0,0.0
2023-05-12 00:00:00-04:00,1.980791227150613,1.980791227150613,1.8963389660511965,1.934726357460022,235500,0.0,0.0
2023-05-15 00:00:00-04:00,1.97311384258594,2.011501235818054,1.923210322906957,2.003823757171631,424000,0.0,0.0
2023-05-16 00:00:00-04:00,1.942403744361689,2.0115010456469027,1.942403744361689,1.9731136560440063,127700,0.0,0.0
2023-05-17 00:00:00-04:00,1.9347265228741612,2.0345339321159055,1.9347265228741612,2.0115013122558594,213600,0.0,0.0
2023-05-18 00:00:00-04:00,2.026856035599362,2.0291591140653438,1.9116936922073364,1.9116936922073364,262900,0.0,0.0
2023-05-19 00:00:00-04:00,1.9116938683194584,1.9116938683194584,1.827241609618626,1.8579515218734741,246200,0.0,0.0
2023-05-22 00:00:00-04:00,1.9116939226147267,1.9577587923053175,1.8963389660511965,1.934726357460022,361500,0.0,0.0
2023-05-23 00:00:00-04:00,1.9424037065202686,1.9577586620622858,1.792692798462846,1.8272415399551392,467200,0.0,0.0
2023-05-24 00:00:00-04:00,1.919371272645379,1.9500811837204237,1.6890467565370353,1.7734990119934082,1121900,0.0,0.0
2023-05-25 00:00:00-04:00,1.7811763376699972,1.7811763376699972,1.6967240894248845,1.7351114749908447,575900,0.0,0.0
2023-05-26 00:00:00-04:00,1.7427890300750732,1.7811764173584559,1.7044016427916908,1.7427890300750732,312200,0.0,0.0
2023-05-30 00:00:00-04:00,1.7427891163550242,1.7658215498653163,1.3834828607216518,1.6237881183624268,1234700,0.0,0.0
2023-05-31 00:00:00-04:00,1.6122718055712133,1.6122718055712133,1.5354970274184925,1.5431745052337646,424200,0.0,0.0
2023-06-01 00:00:00-04:00,1.5738843296027134,1.673691718736522,1.5124645104714465,1.63530433177948,446000,0.0,0.0
2023-06-02 00:00:00-04:00,1.666014467243263,1.8042090790266905,1.6506595103784378,1.7888541221618652,384600,0.0,0.0
2023-06-05 00:00:00-04:00,1.7965314740038254,1.8425965243979068,1.7427891287638275,1.8118864297866821,565100,0.0,0.0
2023-06-06 00:00:00-04:00,1.8042088165225556,1.965436023190924,1.7734989072610565,1.9577585458755493,518800,0.0,0.0
2023-06-07 00:00:00-04:00,1.919371400896492,1.980791227150613,1.8809840094876662,1.934726357460022,270200,0.0,0.0
2023-06-08 00:00:00-04:00,1.9577585563459472,1.9731135110588176,1.9040162148509014,1.9116936922073364,328300,0.0,0.0
2023-06-09 00:00:00-04:00,1.9193712599307688,1.9347262153665743,1.8349190050338382,1.873306393623352,260000,0.0,0.0
2023-06-12 00:00:00-04:00,1.8656289159054493,1.8886613490591577,1.8118863888346226,1.873306393623352,345000,0.0,0.0
2023-06-13 00:00:00-04:00,1.8809837988143925,1.9040162310800177,1.8042088415501416,1.842596411705017,377400,0.0,0.0
2023-06-14 00:00:00-04:00,1.819563872767237,1.873306400021621,1.8118863950231117,1.8502739667892456,307500,0.0,0.0
2023-06-15 00:00:00-04:00,1.8272413973396167,1.9462423850250212,1.8272413973396167,1.9424035549163818,707800,0.0,0.0
2023-06-16 00:00:00-04:00,1.9270488169096809,1.9424037729770478,1.7811765512241815,1.8809839487075806,2351900,0.0,0.0
2023-06-20 00:00:00-04:00,1.8579514504952896,1.880983883801573,1.727434145380841,1.7734990119934082,604500,0.0,0.0
2023-06-21 00:00:00-04:00,1.7888539610864123,1.8118863943097192,1.735111616898696,1.7965314388275146,350400,0.0,0.0
2023-06-22 00:00:00-04:00,1.8042090790266905,1.827241697369453,1.750466729999802,1.7888541221618652,208800,0.0,0.0
2023-06-23 00:00:00-04:00,1.765821425598271,1.765821425598271,1.6967241299300138,1.7274340391159058,321000,0.0,0.0
2023-06-26 00:00:00-04:00,1.7120793875215607,1.7773380476136094,1.704401908866351,1.7581442594528198,218900,0.0,0.0
2023-06-27 00:00:00-04:00,1.7811764092845164,1.8502738891268922,1.7658214544407662,1.842596411705017,411800,0.0,0.0
2023-06-28 00:00:00-04:00,1.8579515218734741,1.865628999937186,1.7734990801271258,1.8579515218734741,522800,0.0,0.0
2023-06-29 00:00:00-04:00,1.7965314740038254,1.8656289580721916,1.781176518220969,1.8118864297866821,122100,0.0,0.0
2023-06-30 00:00:00-04:00,1.827241750395238,1.8425967077056578,1.75046678079761,1.7581442594528198,431300,0.0,0.0
2023-07-03 00:00:00-04:00,1.7888539548050464,1.857951437277847,1.7658215216626152,1.819563865661621,137300,0.0,0.0
2023-07-05 00:00:00-04:00,1.7734990403295405,1.8310802160380086,1.7734990403295405,1.8118864297866821,176600,0.0,0.0
2023-07-06 00:00:00-04:00,1.750466429217229,1.7965312918963814,1.7351114749908447,1.7351114749908447,206400,0.0,0.0
2023-07-07 00:00:00-04:00,1.7696603651498202,1.8349190177261478,1.735111623657527,1.8272415399551392,199900,0.0,0.0
2023-07-10 00:00:00-04:00,1.8195639413925986,1.888661426741264,1.7965315072915482,1.8809839487075806,245000,0.0,0.0
2023-07-11 00:00:00-04:00,1.888661336622181,1.934726202626257,1.8733063812874888,1.919371247291565,337300,0.0,0.0
2023-07-12 00:00:00-04:00,1.8886612901724027,1.9577585874791363,1.8886612901724027,1.9500811100006104,357700,0.0,0.0
2023-07-13 00:00:00-04:00,1.9654361364037216,2.019178663752513,1.950081180888498,1.9807910919189453,378100,0.0,0.0
2023-07-14 00:00:00-04:00,1.973113500506299,1.9884684551370484,1.9193711592986753,1.9577585458755493,390300,0.0,0.0
2023-07-17 00:00:00-04:00,1.9347259131026917,2.011500678287132,1.8886610539920272,1.9961457252502441,617000,0.0,0.0
2023-07-18 00:00:00-04:00,1.980791025672402,1.9884685031732445,1.900177420390804,1.927048683166504,551600,0.0,0.0
2023-07-19 00:00:00-04:00,1.9500808661395796,2.011500678287132,1.9270484365842475,1.9961457252502441,311100,0.0,0.0
2023-07-20 00:00:00-04:00,1.9961458544797468,2.0498883766335987,1.9270485613404256,2.026855945587158,376100,0.0,0.0
2023-07-21 00:00:00-04:00,2.0268560678313716,2.0614046249619875,1.9270486775650324,1.9500811100006104,515200,0.0,0.0
2023-07-24 00:00:00-04:00,1.9654359464178264,2.072920807680039,1.9270485613404256,2.026855945587158,375400,0.0,0.0
2023-07-25 00:00:00-04:00,2.0882762242107904,2.157373532653399,2.057566309347409,2.0959537029266357,666800,0.0,0.0
2023-07-26 00:00:00-04:00,2.0882762242107904,2.1266636177900176,2.0498888306315632,2.0959537029266357,369700,0.0,0.0
2023-07-27 00:00:00-04:00,2.111308056072384,2.149695438664604,1.9884682487318,1.9961457252502441,421200,0.0,0.0
2023-07-28 00:00:00-04:00,2.0959535937053855,2.2111159514874266,2.034533767179242,2.180405855178833,1304300,0.0,0.0
2023-07-31 00:00:00-04:00,2.241825721823261,2.3070843748694942,2.203438149646293,2.3032455444335938,1574700,0.0,0.0
2023-08-01 00:00:00-04:00,2.295568043370041,2.295568043370041,2.1727282163473323,2.1880831718444824,408600,0.0,0.0
2023-08-02 00:00:00-04:00,2.118985575902055,2.1266630525774235,1.9500809059984618,1.9884682893753052,985600,0.0,0.0
2023-08-03 00:00:00-04:00,2.0345334143339824,2.0882757532239262,1.9884683693828262,2.072920799255371,483000,0.0,0.0
2023-08-04 00:00:00-04:00,2.0652435666251563,2.0997921256193535,2.026856177161875,2.0498886108398438,374300,0.0,0.0
2023-08-07 00:00:00-04:00,2.0805982846955193,2.10363071574196,1.9961458544797468,2.026855945587158,340900,0.0,0.0
2023-08-08 00:00:00-04:00,1.9731135801249553,2.0268561065466835,1.927048714373907,2.019178628921509,292200,0.0,0.0
2023-08-09 00:00:00-04:00,2.0268558143694992,2.030694461105982,1.9654358191764678,1.9961457252502441,211400,0.0,0.0
2023-08-10 00:00:00-04:00,1.9731136410678916,1.9884685967925047,1.8886613845825195,1.8886613845825195,650200,0.0,0.0
2023-08-11 00:00:00-04:00,1.857951437277847,1.8656289149919907,1.7965314325191901,1.819563865661621,394400,0.0,0.0
2023-08-14 00:00:00-04:00,1.811886359997439,1.8809838414043467,1.7811764496145934,1.8349189758300781,261200,0.0,0.0
2023-08-15 00:00:00-04:00,1.8272412518583632,1.8425962049794014,1.7389501798896525,1.781176209449768,583100,0.0,0.0
2023-08-16 00:00:00-04:00,1.7351116429159805,1.7734990321970954,1.689046775778643,1.7044017314910889,373000,0.0,0.0
2023-08-17 00:00:00-04:00,1.7427889662433216,1.7427889662433216,1.6660141944885254,1.6660141944885254,335700,0.0,0.0
2023-08-18 00:00:00-04:00,1.6276267049771644,1.6429818431227918,1.5777231924245134,1.5969167947769165,419400,0.0,0.0
2023-08-21 00:00:00-04:00,1.5815618396767928,1.6276267049771644,1.5546907597743276,1.5969167947769165,342100,0.0,0.0
2023-08-22 00:00:00-04:00,1.6122718683317623,1.6660143981762001,1.6045943902176307,1.650659441947937,294000,0.0,0.0
2023-08-23 00:00:00-04:00,1.6583367220492315,1.6852078007174065,1.6353042904570125,1.642981767654419,339100,0.0,0.0
2023-08-24 00:00:00-04:00,1.6506593330536177,1.6583368106612646,1.5508519411087036,1.5508519411087036,361800,0.0,0.0
2023-08-25 00:00:00-04:00,1.550851953453035,1.5585294311217923,1.4894321321029762,1.5047870874404907,410200,0.0,0.0
2023-08-28 00:00:00-04:00,1.5431746671891347,1.5470134980224088,1.5086260133945473,1.5354971885681152,278200,0.0,0.0
2023-08-29 00:00:00-04:00,1.5815619351604058,1.7504666345045532,1.550852023106109,1.7197567224502563,809400,0.0,0.0
2023-08-30 00:00:00-04:00,1.84259656574605,1.9424037805743066,1.7504666459359897,1.8579515218734741,1660100,0.0,0.0
2023-08-31 00:00:00-04:00,1.8502737092186696,2.019178379122262,1.8118861427963437,1.9884682893753052,1389900,0.0,0.0
2023-09-01 00:00:00-04:00,2.026856260880195,2.0882760865583614,1.9116939046881143,2.034533739089966,825300,0.0,0.0
2023-09-05 00:00:00-04:00,1.996146023965025,2.0268561176799156,1.888661336622181,1.919371247291565,726600,0.0,0.0
2023-09-06 00:00:00-04:00,1.9807909407753035,1.9961458951188722,1.8963386918856757,1.9424035549163818,438000,0.0,0.0
2023-09-07 00:00:00-04:00,1.8733063213925174,1.8771449685807047,1.7427890221751412,1.842596411705017,635100,0.0,0.0
2023-09-08 00:00:00-04:00,1.8579514801807635,1.9193713033121897,1.8042089518952538,1.8118864297866821,427100,0.0,0.0
2023-09-11 00:00:00-04:00,1.8349190050338382,1.9040163044949634,1.8349190050338382,1.873306393623352,294600,0.0,0.0
2023-09-12 00:00:00-04:00,1.8195639318934664,1.8656289829005968,1.8118864538998638,1.823402762413025,486700,0.0,0.0
2023-09-13 00:00:00-04:00,1.8118863879474774,1.8541126068980214,1.8042089102333336,1.819563865661621,231300,0.0,0.0
2023-09-14 00:00:00-04:00,1.8566979837990834,1.9132061305871233,1.808262429409335,1.8809157609939575,306600,0.116,0.0
2023-09-15 00:00:00-04:00,1.8566977779864886,1.8728429609933983,1.8001896374623045,1.8082622289657593,586300,0.0,0.0
2023-09-18 00:00:00-04:00,1.8001898304134445,1.8122986227336113,1.7598268685699154,1.7921172380447388,242900,0.0,0.0
2023-09-19 00:00:00-04:00,1.7840445041656494,1.8284438549046673,1.7759719124372615,1.7840445041656494,159200,0.0,0.0
2023-09-20 00:00:00-04:00,1.7921172459260655,1.8405528003513087,1.7517542839050293,1.7517542839050293,264700,0.0,0.0
2023-09-21 00:00:00-04:00,1.743681683832504,1.8001898304134445,1.7033185295231912,1.7921172380447388,350100,0.0,0.0
2023-09-22 00:00:00-04:00,1.8405527845192164,1.8930247309281019,1.82440759984968,1.8324801921844482,230500,0.0,0.0
2023-09-25 00:00:00-04:00,1.8001897280955506,1.8575052653817508,1.7759719523659057,1.8405526876449585,188400,0.0,0.0
2023-09-26 00:00:00-04:00,1.8082622086323343,1.8324799828703766,1.75982666015625,1.75982666015625,268800,0.0,0.0
2023-09-27 00:00:00-04:00,1.7517541372520977,1.7840445041656494,1.727536362066934,1.7840445041656494,250800,0.0,0.0
2023-09-28 00:00:00-04:00,1.7598268538374813,1.767899446138607,1.7331872799971877,1.7436816692352295,227300,0.0,0.0
2023-09-29 00:00:00-04:00,1.7759719124372615,1.816334871079201,1.7557903368834074,1.7840445041656494,258100,0.0,0.0
2023-10-02 00:00:00-04:00,1.7759721375324538,1.7759721375324538,1.679100832048098,1.7356091737747192,334200,0.0,0.0
2023-10-03 00:00:00-04:00,1.71946388322298,1.71946388322298,1.6629555449486702,1.6710281372070312,243400,0.0,0.0
2023-10-04 00:00:00-04:00,1.7033184601057114,1.7033184601057114,1.6306651317482919,1.6548829078674316,230700,0.0,0.0
2023-10-05 00:00:00-04:00,1.6548829526903088,1.6791007294653926,1.5983748068817798,1.6710281372070312,276400,0.0,0.0
2023-10-06 00:00:00-04:00,1.6791005564187442,1.7517540717221685,1.6710279649923372,1.7194637060165405,253300,0.0,0.0
2023-10-09 00:00:00-04:00,1.6871731478451513,1.7356088888693546,1.6629553735659304,1.7194637060165405,171400,0.0,0.0
2023-10-10 00:00:00-04:00,1.7356090478752952,1.8284439540168256,1.7356090478752952,1.7759720087051392,231300,0.0,0.0
2023-10-11 00:00:00-04:00,1.824407694041735,1.824407694041735,1.7194639882716254,1.7356091737747192,399300,0.0,0.0
2023-10-12 00:00:00-04:00,1.735609027243612,1.735609027243612,1.6064473616577146,1.6145199537277222,932500,0.0,0.0
2023-10-13 00:00:00-04:00,1.6629553593504314,1.6629553593504314,1.598374628491233,1.6064472198486328,251500,0.0,0.0
2023-10-16 00:00:00-04:00,1.598374628491233,1.62985779252482,1.5862657414551333,1.6064472198486328,282600,0.0,0.0
2023-10-17 00:00:00-04:00,1.6145199537277222,1.629050542467425,1.6064473616577146,1.6145199537277222,281500,0.0,0.0
2023-10-18 00:00:00-04:00,1.614519763871211,1.614519763871211,1.5741568082675814,1.5903019905090332,372800,0.0,0.0
2023-10-19 00:00:00-04:00,1.5580115754713544,1.6145198112060326,1.5426736903854468,1.6064472198486328,369600,0.0,0.0
2023-10-20 00:00:00-04:00,1.5822294991204584,1.5903020907500214,1.533793853110198,1.5499390363693237,624000,0.0,0.0
2023-10-23 00:00:00-04:00,1.5741570153028566,1.6548829371272988,1.5499391425226343,1.622592568397522,776000,0.0,0.0
2023-10-24 00:00:00-04:00,1.6145198895146038,1.6613410371379302,1.5499390592901812,1.5580116510391235,728800,0.0,0.0
2023-10-25 00:00:00-04:00,1.5337938903973083,1.574156945759247,1.4369226922546947,1.4449952840805054,1165800,0.0,0.0
2023-10-26 00:00:00-04:00,1.4611404677321267,1.5015035230940657,1.428850100428884,1.4449952840805054,702000,0.0,0.0
2023-10-27 00:00:00-04:00,1.4772858619689941,1.5015036393210532,1.444995395933356,1.4772858619689941,387000,0.0,0.0
2023-10-30 00:00:00-04:00,1.5176487937273826,1.549939162881298,1.4772858322849884,1.5095762014389038,278300,0.0,0.0
2023-10-31 00:00:00-04:00,1.5015036279984366,1.5015036279984366,1.4449953850368595,1.4732495546340942,285000,0.0,0.0
2023-11-01 00:00:00-04:00,1.4530678664790337,1.5337938804462878,1.428850091158723,1.517648696899414,240900,0.0,0.0
2023-11-02 00:00:00-04:00,1.541866467541239,1.5822295225188348,1.541866467541239,1.5580116510391235,204500,0.0,0.0
2023-11-03 00:00:00-04:00,1.598374719444047,1.6589192543026097,1.59030212762729,1.638737678527832,492500,0.0,0.0
2023-11-06 00:00:00-05:00,1.6548828621613458,1.6710280457948599,1.598374719444047,1.638737678527832,370500,0.0,0.0
2023-11-07 00:00:00-05:00,1.6145199080715766,1.6225924999133037,1.5822295407046685,1.5983747243881226,266900,0.0,0.0
2023-11-08 00:00:00-05:00,1.5741568082675814,1.622592354991937,1.5660842171468556,1.5903019905090332,469600,0.0,0.0
2023-11-09 00:00:00-05:00,1.582229475477073,1.6387376160396074,1.541866421699524,1.541866421699524,212900,0.0,0.0
2023-11-10 00:00:00-05:00,1.5418663475518009,1.606447172750485,1.529757460870712,1.5903019905090332,278600,0.0,0.0
2023-11-13 00:00:00-05:00,1.598374719444047,1.6548828621613458,1.5781932399021545,1.638737678527832,411200,0.0,0.0
2023-11-14 00:00:00-05:00,1.6694134989715994,1.6871730839577441,1.5903019905090332,1.5903019905090332,481800,0.0,0.0
2023-11-15 00:00:00-05:00,1.6145198804507859,1.6548828389689019,1.5903021053399162,1.6306650638580322,593500,0.0,0.0
2023-11-16 00:00:00-05:00,1.61451986563871,1.61451986563871,1.5499390363693237,1.5499390363693237,385600,0.0,0.0
2023-11-17 00:00:00-05:00,1.59030212762729,1.6395448799697765,1.5822295358105332,1.638737678527832,456100,0.0,0.0
2023-11-20 00:00:00-05:00,1.6468100783353454,1.7275361795564543,1.6145197148332011,1.695245623588562,750300,0.0,0.0
2023-11-21 00:00:00-05:00,1.6791006839865714,1.7235000364378825,1.6427741160407496,1.6548829078674316,427300,0.0,0.0
2023-11-22 00:00:00-05:00,1.6710279480216108,1.6710279480216108,1.6064472172662279,1.6468101739883423,436000,0.0,0.0
2023-11-24 00:00:00-05:00,1.6952458980395197,1.6952458980395197,1.5741570153028566,1.622592568397522,675500,0.0,0.0
2023-11-27 00:00:00-05:00,1.6468102075485411,1.6468102075485411,1.5337938301905905,1.541866421699524,475700,0.0,0.0
2023-11-28 00:00:00-05:00,1.50150351335254,1.5539753598798802,1.4926236239086057,1.517648696899414,519300,0.0,0.0
2023-11-29 00:00:00-05:00,1.493430931268255,1.5378301863102135,1.4369226922546947,1.4449952840805054,708000,0.0,0.0
2023-11-30 00:00:00-05:00,1.4692131324334845,1.4692131324334845,1.4046323026208105,1.4369226694107056,675500,0.0,0.0
2023-12-01 00:00:00-05:00,1.4369226391090149,1.5168413529684173,1.4248137518181554,1.5015034675598145,474000,0.0,0.0
2023-12-04 00:00:00-05:00,1.517648706745687,1.517648706745687,1.4449952840805054,1.4449952840805054,346500,0.0,0.0
2023-12-05 00:00:00-05:00,1.4449953001749014,1.4449953001749014,1.3239063252061638,1.3319789171218872,979200,0.0,0.0
2023-12-06 00:00:00-05:00,1.3481242135970097,1.4207776431420267,1.3481242135970097,1.364269495010376,494100,0.0,0.0
2023-12-07 00:00:00-05:00,1.3642694144841474,1.4248138553372705,1.3642694144841474,1.4207775592803955,358500,0.0,0.0
2023-12-08 00:00:00-05:00,1.4288501228921404,1.4651768829122747,1.4207775309394188,1.4530678987503052,311600,0.0,0.0
2023-12-11 00:00:00-05:00,1.4449951176647071,1.5015033501703818,1.3804143904957924,1.3884869813919067,440300,0.0,0.0
2023-12-12 00:00:00-05:00,1.3723420192590576,1.396559795823739,1.3481241464614868,1.3481241464614868,298900,0.0,0.0
2023-12-13 00:00:00-05:00,1.3319788184404442,1.3957523475896434,1.3077610444874803,1.3723418712615967,738000,0.0,0.0
2023-12-14 00:00:00-05:00,1.388487096902472,1.4692131088122218,1.388487096902472,1.4288500547409058,870800,0.0,0.0
2023-12-15 00:00:00-05:00,1.4611405808347286,1.5095762317717396,1.444995395933356,1.4772858619689941,1442000,0.0,0.0
2023-12-18 00:00:00-05:00,1.4853584544196805,1.4934310468703669,1.4127050261306104,1.4772858619689941,603300,0.0,0.0
2023-12-19 00:00:00-05:00,1.4692131462587925,1.5418664722197248,1.4692131462587925,1.517648696899414,529600,0.0,0.0
2023-12-20 00:00:00-05:00,1.501503609150425,1.5620480513140163,1.4772858322849884,1.5095762014389038,767700,0.0,0.0
2023-12-21 00:00:00-05:00,1.5337939207432223,1.574156976903739,1.5257213287576963,1.566084384918213,533300,0.0,0.0
2023-12-22 00:00:00-05:00,1.5176486303810077,1.5337938132202396,1.4530678027911994,1.4611403942108154,559100,0.0,0.0
2023-12-26 00:00:00-05:00,1.4611404210116528,1.5095760666506555,1.4127048716055324,1.4288500547409058,371700,0.0,0.0
2023-12-27 00:00:00-05:00,1.4369226199519676,1.477285673282928,1.4167411414029276,1.4611403942108154,419700,0.0,0.0
2023-12-28 00:00:00-05:00,1.4772857880062664,1.5580117084714549,1.4692131959597476,1.4934309720993042,453800,0.0,0.0
2023-12-29 00:00:00-05:00,1.4853583574295044,1.5418665008944688,1.473249469544155,1.4853583574295044,425000,0.0,0.0
2024-01-02 00:00:00-05:00,1.4853583627940785,1.4853583627940785,1.4207775309394188,1.4530678987503052,576600,0.0,0.0
2024-01-03 00:00:00-05:00,1.4530678935023524,1.4974672453148539,1.437730007340731,1.4853583574295044,445300,0.0,0.0
2024-01-04 00:00:00-05:00,1.4611405808347286,1.5095762317717396,1.4611405808347286,1.4772858619689941,375100,0.0,0.0
2024-01-05 00:00:00-05:00,1.4853583574295044,1.4934309493530709,1.440959005617003,1.4853583574295044,338300,0.0,0.0
2024-01-08 00:00:00-05:00,1.4530678221634943,1.5015034675598145,1.4530678221634943,1.5015034675598145,482500,0.0,0.0
2024-01-09 00:00:00-05:00,1.5337939428458474,1.582229591689868,1.4934309823365706,1.5741569995880127,640400,0.0,0.0
2024-01-10 00:00:00-05:00,1.5660842605441134,1.6468101739883423,1.558011572966811,1.6468101739883423,652400,0.0,0.0
2024-01-11 00:00:00-05:00,1.6468104610419105,1.7775865406032874,1.6145200900357228,1.7356091737747192,951100,0.0,0.0
2024-01-12 00:00:00-05:00,1.7033183161374301,1.7436814653901886,1.5822294457764334,1.6064472198486328,1390500,0.0,0.0
2024-01-16 00:00:00-05:00,1.5741569355463574,1.6048328035319945,1.509576105125977,1.517648696899414,814200,0.0,0.0
2024-01-17 00:00:00-05:00,1.4611404401834132,1.4813220156003166,1.4369226651625893,1.4692131280899048,593800,0.0,0.0
2024-01-18 00:00:00-05:00,1.477285770841357,1.4934309547468,1.4288501228921404,1.4530678987503052,688000,0.0,0.0
2024-01-19 00:00:00-05:00,1.436922714844862,1.4732494748649962,1.4127049389866972,1.4530678987503052,293800,0.0,0.0
2024-01-22 00:00:00-05:00,1.4288499961581842,1.4692130485746189,1.4046322224480505,1.4086685180664062,510900,0.0,0.0
2024-01-23 00:00:00-05:00,1.4772857117032576,1.606447274009147,1.4692131200736946,1.5499390363693237,635000,0.0,0.0
2024-01-24 00:00:00-05:00,1.5903022146234187,1.7113910984988376,1.5903022146234187,1.6710281372070312,1196600,0.0,0.0
2024-01-25 00:00:00-05:00,1.6791004418374897,1.703318214464098,1.5983745330821288,1.695245623588562,2506400,0.0,0.0
2024-01-26 00:00:00-05:00,1.6871731650932085,1.7033183481110756,1.541866421699524,1.541866421699524,696300,0.0,0.0
2024-01-29 00:00:00-05:00,1.5580117551697767,1.5983748128450619,1.4692132399965097,1.5095762014389038,975600,0.0,0.0
2024-01-30 00:00:00-05:00,1.5095760864579446,1.5095760864579446,1.4611404401834132,1.4692131280899048,561400,0.0,0.0
2024-01-31 00:00:00-05:00,1.4853582647025438,1.5176486303810077,1.4530678027911994,1.4611403942108154,559000,0.0,0.0
2024-02-01 00:00:00-05:00,1.4772857197635128,1.5095760864579446,1.4369226651625893,1.4692131280899048,628600,0.0,0.0
2024-02-02 00:00:00-05:00,1.4530677085608215,1.481321872930096,1.3804143904957924,1.3884869813919067,779500,0.0,0.0
2024-02-05 00:00:00-05:00,1.4127050505517909,1.4127050505517909,1.3602331024823635,1.364269495010376,890000,0.0,0.0
2024-02-06 00:00:00-05:00,1.453067829443966,1.4692131088122218,1.4288500547409058,1.4288500547409058,783400,0.0,0.0
2024-02-07 00:00:00-05:00,1.4449953356216447,1.4449953356216447,1.3965597829391463,1.4207775592803955,497600,0.0,0.0
2024-02-08 00:00:00-05:00,1.4046321631841354,1.4449951176647071,1.3400513397823464,1.3884869813919067,840000,0.0,0.0
2024-02-09 00:00:00-05:00,1.3884871908253966,1.4369227435078948,1.3731492080695389,1.4207775592803955,368800,0.0,0.0
2024-02-12 00:00:00-05:00,1.4127049167772627,1.493430931268255,1.4127049167772627,1.4449952840805054,626500,0.0,0.0
2024-02-13 00:00:00-05:00,1.4369225993122947,1.4449951906159575,1.372341868882992,1.4127048254013062,878400,0.0,0.0
2024-02-14 00:00:00-05:00,1.4369228034826695,1.4772858619689941,1.4207776185812968,1.4772858619689941,487800,0.0,0.0
2024-02-15 00:00:00-05:00,1.4692131735823717,1.5095761332002033,1.4692131735823717,1.4853583574295044,478100,0.0,0.0
2024-02-16 00:00:00-05:00,1.4934309720993042,1.5257213402853795,1.4611405076803408,1.4934309720993042,568400,0.0,0.0
2024-02-20 00:00:00-05:00,1.493430912175137,1.493430912175137,1.3884871235483913,1.396559715270996,1295500,0.0,0.0
2024-02-21 00:00:00-05:00,1.4207775592803955,1.4490316316785194,1.3965597829391463,1.4207775592803955,763400,0.0,0.0
2024-02-22 00:00:00-05:00,1.4530677819196205,1.477285652063488,1.400595938445812,1.4127048254013062,786600,0.0,0.0
2024-02-23 00:00:00-05:00,1.4449952611081793,1.453067852805653,1.4046323026208105,1.4369226694107056,550400,0.0,0.0
2024-02-26 00:00:00-05:00,1.4369226463085925,1.4369226463085925,1.4046322800378455,1.4288500547409058,523500,0.0,0.0
2024-02-27 00:00:00-05:00,1.4530679883840423,1.5337940091237987,1.4369228034826695,1.4772858619689941,1141200,0.0,0.0
2024-02-28 00:00:00-05:00,1.4530679883840423,1.4853584544196805,1.4328865072573265,1.4772858619689941,697000,0.0,0.0
2024-02-29 00:00:00-05:00,1.4692131735823717,1.5652770752125431,1.4692131735823717,1.4853583574295044,5171800,0.0,0.0
2024-03-01 00:00:00-05:00,1.525721288672851,1.5660843437729204,1.4934309215791033,1.517648696899414,1866200,0.0,0.0
2024-03-04 00:00:00-05:00,1.5095761687645313,1.5337939451057805,1.4127049671666458,1.4207775592803955,1081800,0.0,0.0
2024-03-05 00:00:00-05:00,1.4127047540802498,1.4127047540802498,1.372341799599678,1.3884869813919067,887900,0.0,0.0
2024-03-06 00:00:00-05:00,1.4288501228921404,1.4853583627940785,1.4288501228921404,1.4530678987503052,1246700,0.0,0.0
2024-03-07 00:00:00-05:00,1.4530677819196205,1.4530677819196205,1.4127048254013062,1.4127048254013062,540700,0.0,0.0
2024-03-08 00:00:00-05:00,1.4127048716055324,1.453067829443966,1.4127048716055324,1.4288500547409058,568300,0.0,0.0
2024-03-11 00:00:00-04:00,1.453067915633822,1.5337939323318983,1.4409590275640438,1.4934309720993042,825800,0.0,0.0
2024-03-12 00:00:00-04:00,1.5337938070297241,1.5660842688107417,1.5257212156426898,1.5337938070297241,1022600,0.0,0.0
2024-03-13 00:00:00-04:00,1.5337939581577458,1.6387377527624103,1.5337939581577458,1.622592568397522,1369400,0.0,0.0
2024-03-14 00:00:00-04:00,1.5822295688892647,1.6185563290570184,1.5499391047142739,1.566084384918213,1507800,0.0,0.0
2024-03-15 00:00:00-04:00,1.5741569887973805,1.5741569887973805,1.4692131959597476,1.4934309720993042,6848500,0.0,0.0
2024-03-18 00:00:00-04:00,1.5095761178962397,1.6064473162298496,1.5015035260545126,1.5983747243881226,831900,0.0,0.0
2024-03-19 00:00:00-04:00,1.5983746970435395,1.6387376555616555,1.582229513636293,1.6306650638580322,1186200,0.0,0.0
2024-03-20 00:00:00-04:00,1.6629553959404095,1.7356089122213612,1.658919196405781,1.7275363206863403,1548100,0.0,0.0
2024-03-21 00:00:00-04:00,1.5580116047173909,1.6225924330217405,1.5095760556637898,1.541866421699524,3670600,0.0,0.0
2024-03-22 00:00:00-04:00,1.525721288672851,1.5459027681064432,1.509576105125977,1.517648696899414,1022200,0.0,0.0
2024-03-25 00:00:00-04:00,1.5337939089709025,1.545902796856252,1.4692131735823717,1.4853583574295044,1470900,0.0,0.0
2024-03-26 00:00:00-04:00,1.4934310468703669,1.5168415264842001,1.4772858619689941,1.4772858619689941,878000,0.0,0.0
2024-03-27 00:00:00-04:00,1.485358339442444,1.485358339442444,1.4369226922546947,1.4449952840805054,810900,0.0,0.0
2024-03-28 00:00:00-04:00,1.4530678987503052,1.4813220668177178,1.4449953067975836,1.4530678987503052,927600,0.0,0.0
2024-04-01 00:00:00-04:00,1.4692131280899048,1.5015034947843366,1.4449952568361972,1.4692131280899048,1161900,0.0,0.0
2024-04-02 00:00:00-04:00,1.4692131788886353,1.4692131788886353,1.436922714844862,1.4530678987503052,906700,0.0,0.0
2024-04-03 00:00:00-04:00,1.4530678027911994,1.469213081863312,1.4369226199519676,1.4611403942108154,453800,0.0,0.0
2024-04-04 00:00:00-04:00,1.4692131324334845,1.5015034992233798,1.4369226694107056,1.4369226694107056,829200,0.0,0.0
2024-04-05 00:00:00-04:00,1.4611404445031269,1.4611404445031269,1.4369226694107056,1.4369226694107056,476100,0.0,0.0
2024-04-08 00:00:00-04:00,1.444995395933356,1.4934310468703669,1.444995395933356,1.4772858619689941,466200,0.0,0.0
2024-04-09 00:00:00-04:00,1.4772858619689941,1.5015036393210532,1.4692132695183078,1.4772858619689941,465600,0.0,0.0
2024-04-10 00:00:00-04:00,1.4692131735823717,1.5337939089709025,1.4692131735823717,1.4853583574295044,1304700,0.0,0.0
2024-04-11 00:00:00-04:00,1.5095760864579446,1.5136123822947485,1.4611404401834132,1.4692131280899048,296800,0.0,0.0
2024-04-12 00:00:00-04:00,1.461140519849144,1.4692132081957827,1.404632375052896,1.4207775592803955,1049900,0.0,0.0
2024-04-15 00:00:00-04:00,1.4369226542795537,1.4369226542795537,1.3400514586970622,1.356196641921997,1351100,0.0,0.0
2024-04-16 00:00:00-04:00,1.3642693810176674,1.3804145648491142,1.307761141374717,1.3319789171218872,799800,0.0,0.0
2024-04-17 00:00:00-04:00,1.3790690795379934,1.3790690795379934,1.3117973804473877,1.3117973804473877,801400,0.066,0.0
2024-04-18 00:00:00-04:00,1.3454331899515921,1.3580466138903233,1.3328197660128607,1.3538421392440796,543200,0.0,0.0
2024-04-19 00:00:00-04:00,1.3454332630305308,1.3706601122782223,1.3454332630305308,1.3622511625289917,222500,0.0,0.0
2024-04-22 00:00:00-04:00,1.3790690443238671,1.395886943606431,1.3454332457587392,1.387477993965149,700200,0.0,0.0
2024-04-23 00:00:00-04:00,1.3958870173955331,1.437931868067096,1.3874780673097389,1.4211139678955078,730800,0.0,0.0
2024-04-24 00:00:00-04:00,1.4295228719711304,1.4379318217862767,1.3874780226528096,1.4295228719711304,807100,0.0,0.0
2024-04-25 00:00:00-04:00,1.4211139678955078,1.4337273930241992,1.4042959674813273,1.4211139678955078,577600,0.0,0.0
2024-04-26 00:00:00-04:00,1.4295229450112488,1.45474979574563,1.4042959940342734,1.4379318952560425,871400,0.0,0.0
2024-04-29 00:00:00-04:00,1.4211139315436543,1.479976580638517,1.41270488143037,1.4715676307678223,900100,0.0,0.0
2024-04-30 00:00:00-04:00,1.454749673329835,1.454749673329835,1.383273502021146,1.4127048254013062,807600,0.0,0.0
2024-05-01 00:00:00-04:00,1.4042958758641175,1.4379317742554576,1.4042958758641175,1.4127048254013062,254300,0.0,0.0
2024-05-02 00:00:00-04:00,1.4547497133610654,1.5052034119725624,1.4295228640553168,1.4967944622039795,847200,0.0,0.0
2024-05-03 00:00:00-04:00,1.505203485356106,1.5304304361343384,1.4967945351775598,1.5304304361343384,739700,0.0,0.0
2024-05-06 00:00:00-04:00,1.5304304628442649,1.5640662641454812,1.4715677103245415,1.547248363494873,805500,0.0,0.0
2024-05-07 00:00:00-04:00,1.5472483899175962,1.5724752413243133,1.5346349642142378,1.5640662908554077,780600,0.0,0.0
2024-05-08 00:00:00-04:00,1.5304303000684099,1.5640660977921383,1.496794402102097,1.555657148361206,770200,0.0,0.0
2024-05-09 00:00:00-04:00,1.5556572944894032,1.5892930953726572,1.543043869158183,1.5724751949310303,647300,0.0,0.0
2024-05-10 00:00:00-04:00,1.5724751949310303,1.5892930953726572,1.5472483442685898,1.5724751949310303,495600,0.0,0.0
2024-05-13 00:00:00-04:00,1.5640660649614055,1.6649735562570636,1.5640660649614055,1.6061108112335205,1025300,0.0,0.0
2024-05-14 00:00:00-04:00,1.6061109489327348,1.6061109489327348,1.5640661990559317,1.5808840990066528,370800,0.0,0.0
2024-05-15 00:00:00-04:00,1.6145197604879433,1.6649735562570636,1.5892929127246744,1.6061108112335205,397900,0.0,0.0
2024-05-16 00:00:00-04:00,1.6145198721379805,1.655723786479606,1.5892930226301814,1.6439512968063354,788000,0.0,0.0
2024-05-17 00:00:00-04:00,1.6481557244661482,1.673382573250609,1.6061108762494607,1.6271332502365112,1073200,0.0,0.0
2024-05-20 00:00:00-04:00,1.5724751760083195,1.6145199266064327,1.564066225888697,1.5977020263671875,498900,0.0,0.0
2024-05-21 00:00:00-04:00,1.5892930953726572,1.5977020455934707,1.5640662447102167,1.5724751949310303,436200,0.0,0.0
2024-05-22 00:00:00-04:00,1.5724751949310303,1.5884522604961322,1.5640662447102167,1.5724751949310303,457600,0.0,0.0
2024-05-23 00:00:00-04:00,1.5724752617313877,1.5808842123094222,1.526226033552199,1.5388394594192505,1288600,0.0,0.0
2024-05-24 00:00:00-04:00,1.513612443142742,1.5892930953726572,1.4883855924803016,1.5724751949310303,1287300,0.0,0.0
2024-05-28 00:00:00-04:00,1.5724752413243133,1.606111043199936,1.5388394394486906,1.5640662908554077,843000,0.0,0.0
2024-05-29 00:00:00-04:00,1.5556573605753192,1.5640663111533535,1.5304305088412162,1.5388394594192505,377800,0.0,0.0
2024-05-30 00:00:00-04:00,1.5304304889797848,1.5640662908554077,1.5220214382682824,1.5640662908554077,438500,0.0,0.0
2024-05-31 00:00:00-04:00,1.538839413169569,1.5640662641454812,1.4967945613004536,1.547248363494873,619600,0.0,0.0
2024-06-03 00:00:00-04:00,1.5808841653913124,1.5808841653913124,1.5136124625209562,1.5220214128494263,272500,0.0,0.0
2024-06-04 00:00:00-04:00,1.5136124625209562,1.5304304634204915,1.505203512192486,1.5220214128494263,213600,0.0,0.0
2024-06-05 00:00:00-04:00,1.5220212653062322,1.5220212653062322,1.4883854672529717,1.505203366279602,629200,0.0,0.0
2024-06-06 00:00:00-04:00,1.4967944993292608,1.5472482994347614,1.4967944993292608,1.5262259244918823,375800,0.0,0.0
2024-06-07 00:00:00-04:00,1.5304303615208992,1.5304303615208992,1.4883855124353966,1.4967944622039795,464400,0.0,0.0
2024-06-10 00:00:00-04:00,1.4883855305092115,1.4967944803799063,1.4631586808971275,1.4715676307678223,387900,0.0,0.0
2024-06-11 00:00:00-04:00,1.4631587631629126,1.4715677135063987,1.4547498128194265,1.4673632383346558,280900,0.0,0.0
2024-06-12 00:00:00-04:00,1.4715675724042123,1.4782947520824803,1.4127048254013062,1.4127048254013062,525300,0.0,0.0
2024-06-13 00:00:00-04:00,1.4379318679172424,1.4463408180021602,1.395887017250061,1.395887017250061,287100,0.0,0.0
2024-06-14 00:00:00-04:00,1.40429593040326,1.411023110342794,1.383273555743835,1.391682505607605,672500,0.0,0.0
2024-06-17 00:00:00-04:00,1.3874779767897403,1.4211138751810803,1.3790690272525514,1.4127048254013062,346900,0.0,0.0
2024-06-18 00:00:00-04:00,1.4127049175671214,1.4211139678955078,1.3958870173955331,1.4211139678955078,343100,0.0,0.0
2024-06-20 00:00:00-04:00,1.4127049175671214,1.4211139678955078,1.3958870173955331,1.4211139678955078,295500,0.0,0.0
2024-06-21 00:00:00-04:00,1.4042959492072313,1.4547497493080337,1.4042959492072313,1.446340799331665,621700,0.0,0.0
2024-06-24 00:00:00-04:00,1.4463407716014232,1.4463407716014232,1.421113922155984,1.4295228719711304,279700,0.0,0.0
2024-06-25 00:00:00-04:00,1.4211139677474067,1.4219548026103432,1.3790691170802252,1.395887017250061,429900,0.0,0.0
2024-06-26 00:00:00-04:00,1.3958868530208082,1.4127047512119801,1.3790689548296364,1.404295802116394,306800,0.0,0.0
2024-06-27 00:00:00-04:00,1.395886943606431,1.4034550584291368,1.3790690443238671,1.387477993965149,189800,0.0,0.0
2024-06-28 00:00:00-04:00,1.4211138927728637,1.4211138927728637,1.387477993965149,1.387477993965149,226300,0.0,0.0
2024-07-01 00:00:00-04:00,1.3790691170802252,1.4042959673349789,1.3790691170802252,1.395887017250061,207100,0.0,0.0
2024-07-02 00:00:00-04:00,1.3958870364150116,1.3958870364150116,1.3664557107137192,1.3706601858139038,327400,0.0,0.0
2024-07-03 00:00:00-04:00,1.3790691170802252,1.395887017250061,1.337024366655636,1.395887017250061,564000,0.0,0.0
2024-07-05 00:00:00-04:00,1.4042959866153808,1.4042959866153808,1.3622512356135346,1.3706601858139038,539000,0.0,0.0
2024-07-08 00:00:00-04:00,1.3790690620274528,1.3874780117766834,1.3454332630305308,1.3622511625289917,478900,0.0,0.0
2024-07-09 00:00:00-04:00,1.3538421954000213,1.395886943606431,1.3538421954000213,1.387477993965149,323300,0.0,0.0
2024-07-10 00:00:00-04:00,1.3874781029376266,1.4295229546888242,1.3874781029376266,1.4253184795379639,425300,0.0,0.0
2024-07-11 00:00:00-04:00,1.4379318762905462,1.4799766269599688,1.4253184510897194,1.4631587266921997,728400,0.0,0.0
2024-07-12 00:00:00-04:00,1.471567612898231,1.5220213115097279,1.4631586631296483,1.4967944622039795,662000,0.0,0.0
2024-07-15 00:00:00-04:00,1.479976580638517,1.4967944803799063,1.4631586808971275,1.4715676307678223,543800,0.0,0.0
2024-07-16 00:00:00-04:00,1.4631586187130263,1.505203366279602,1.4631586187130263,1.505203366279602,395500,0.0,0.0
2024-07-17 00:00:00-04:00,1.488385558128357,1.5136124082085616,1.471567658074887,1.488385558128357,447800,0.0,0.0
2024-07-18 00:00:00-04:00,1.4883855967248047,1.4967945469695985,1.3958870437894797,1.4379318952560425,546100,0.0,0.0
2024-07-19 00:00:00-04:00,1.4379318493552966,1.4631586992844023,1.429522899378928,1.446340799331665,168100,0.0,0.0
2024-07-22 00:00:00-04:00,1.4547497580214173,1.4967945081550917,1.4379318579679474,1.488385558128357,249100,0.0,0.0
2024-07-23 00:00:00-04:00,1.4799765348434448,1.4967944340644361,1.429522837180471,1.4799765348434448,841800,0.0,0.0
2024-07-24 00:00:00-04:00,1.4799764312639268,1.4883853802859028,1.454749584197998,1.454749584197998,268400,0.0,0.0
2024-07-25 00:00:00-04:00,1.4547497672106489,1.496794517609908,1.4379318670509453,1.4757721424102783,327600,0.0,0.0
2024-07-26 00:00:00-04:00,1.479976608101622,1.5094079331951942,1.455590592878536,1.488385558128357,956200,0.0,0.0
2024-07-29 00:00:00-04:00,1.4799765348434448,1.4967944340644361,1.4799765348434448,1.4799765348434448,282500,0.0,0.0
2024-07-30 00:00:00-04:00,1.4967944340644361,1.4967944340644361,1.4799765348434448,1.4799765348434448,419200,0.0,0.0
2024-07-31 00:00:00-04:00,1.4967944340644361,1.505203383674932,1.475772060038197,1.4799765348434448,755800,0.0,0.0
2024-08-01 00:00:00-04:00,1.4883855675300561,1.4883855675300561,1.4547497672106489,1.4757721424102783,816500,0.0,0.0
2024-08-02 00:00:00-04:00,1.4715675724042123,1.4715675724042123,1.4127048254013062,1.4127048254013062,391900,0.0,0.0
2024-08-05 00:00:00-04:00,1.3538422401321633,1.4042959396468895,1.3202064404556788,1.3790690898895264,414000,0.0,0.0
2024-08-06 00:00:00-04:00,1.3874779767897403,1.4211138751810803,1.3706600777153628,1.4127048254013062,328500,0.0,0.0
2024-08-07 00:00:00-04:00,1.4295228896468428,1.437931839565964,1.3790690898895264,1.3790690898895264,229100,0.0,0.0
2024-08-08 00:00:00-04:00,1.387477993965149,1.404295893247713,1.3622511450413033,1.387477993965149,1064800,0.0,0.0
2024-08-09 00:00:00-04:00,1.3874780398086475,1.3874780398086475,1.3706601399704053,1.3790690898895264,188200,0.0,0.0
2024-08-12 00:00:00-04:00,1.3706601858139038,1.3958870364150116,1.3706601858139038,1.3706601858139038,334300,0.0,0.0
2024-08-13 00:00:00-04:00,1.3790690272525514,1.4211138751810803,1.3622511281781742,1.4127048254013062,428400,0.0,0.0
2024-08-14 00:00:00-04:00,1.4127048254013062,1.4211138751810803,1.3706600777153628,1.4127048254013062,277500,0.0,0.0
2024-08-15 00:00:00-04:00,1.4042959940342734,1.4463408455008362,1.3958870437894797,1.4379318952560425,525300,0.0,0.0
2024-08-16 00:00:00-04:00,1.454749584197998,1.4967943293078791,1.4211137881100933,1.454749584197998,463800,0.0,0.0
2024-08-19 00:00:00-04:00,1.4715675852329493,1.4967944340644361,1.454749686011958,1.4799765348434448,756100,0.0,0.0
2024-08-20 00:00:00-04:00,1.4715676307678223,1.4925900054445589,1.4631586808971275,1.4715676307678223,443400,0.0,0.0
2024-08-21 00:00:00-04:00,1.4631586808971275,1.4757721057031696,1.442136306220391,1.4715676307678223,696400,0.0,0.0
2024-08-22 00:00:00-04:00,1.4799765348434448,1.4883854844539406,1.454749686011958,1.4799765348434448,397700,0.0,0.0
2024-08-23 00:00:00-04:00,1.4715675852329493,1.505203383674932,1.454749686011958,1.4799765348434448,625300,0.0,0.0
2024-08-26 00:00:00-04:00,1.479976608101622,1.4967945081550917,1.4631587080481523,1.488385558128357,795400,0.0,0.0
2024-08-27 00:00:00-04:00,1.5052034581818268,1.5094079331951942,1.471567658074887,1.488385558128357,643700,0.0,0.0
2024-08-28 00:00:00-04:00,1.4967944210157782,1.4967944210157782,1.4042958758641175,1.4127048254013062,734400,0.0,0.0
2024-08-29 00:00:00-04:00,1.437931868067096,1.4505452931957874,1.4211139678955078,1.4211139678955078,427900,0.0,0.0
2024-08-30 00:00:00-04:00,1.4463406351760217,1.454749584197998,1.4211137881100933,1.454749584197998,289900,0.0,0.0
2024-09-03 00:00:00-04:00,1.4379318762905462,1.4715676768260844,1.4211139760227773,1.4631587266921997,466400,0.0,0.0
2024-09-04 00:00:00-04:00,1.45474979574563,1.4631587459904236,1.421113994766455,1.4379318952560425,319800,0.0,0.0
2024-09-05 00:00:00-04:00,1.4463406351760217,1.454749584197998,1.4295227371320693,1.454749584197998,320400,0.0,0.0
2024-09-06 00:00:00-04:00,1.4463406351760217,1.4799764312639268,1.4295227371320693,1.454749584197998,730900,0.0,0.0
2024-09-09 00:00:00-04:00,1.45474979574563,1.4673632211128205,1.4379318952560425,1.4379318952560425,361100,0.0,0.0
2024-09-10 00:00:00-04:00,1.4379318493552966,1.446340799331665,1.4127048991836,1.446340799331665,525100,0.0,0.0
2024-09-11 00:00:00-04:00,1.4463406351760217,1.4631585332199744,1.4211137881100933,1.454749584197998,297600,0.0,0.0
2024-09-12 00:00:00-04:00,1.4631587266921997,1.4883855770938532,1.4211139760227773,1.4631587266921997,1022200,0.0,0.0
2024-09-13 00:00:00-04:00,1.4631585332199744,1.4967943293078791,1.4379316861540457,1.454749584197998,381500,0.0,0.0
2024-09-16 00:00:00-04:00,1.4565044377621585,1.482826887141318,1.4565044377621585,1.4740526676177979,298800,0.072,0.0
2024-09-17 00:00:00-04:00,1.4828268401745084,1.4828268401745084,1.4477302769791722,1.4652785062789917,818900,0.0,0.0
2024-09-18 00:00:00-04:00,1.4652785324235973,1.4652785324235973,1.4301820731977406,1.447730302810669,973600,0.0,0.0
2024-09-19 00:00:00-04:00,1.482826914005515,1.482826914005515,1.4301821188891375,1.456504464149475,2063000,0.0,0.0
2024-09-20 00:00:00-04:00,1.456504471386631,1.5003751516342163,1.4301821259955019,1.5003751516342163,2393500,0.0,0.0
2024-09-23 00:00:00-04:00,1.4740526209289015,1.5003750694743279,1.4565043916290819,1.4652785062789917,1396700,0.0,0.0
2024-09-24 00:00:00-04:00,1.5266974636243238,1.5617939233779907,1.5003751188090735,1.5617939233779907,2874500,0.0,0.0
2024-09-25 00:00:00-04:00,1.579342246055603,1.5968905815592622,1.5442457842396984,1.579342246055603,2522100,0.0,0.0
2024-09-26 00:00:00-04:00,1.7021800567025545,1.8329144385798326,1.6934058367296774,1.7986953258514404,4810400,0.0,0.0
2024-09-27 00:00:00-04:00,1.8864366458324333,2.140886195164228,1.8864366458324333,2.097015619277954,7609800,0.0,0.0
2024-09-30 00:00:00-04:00,2.404109862531746,2.5795923754768957,2.2812720407127194,2.386561632156372,9324800,0.0,0.0
2024-10-01 00:00:00-04:00,2.5093992444887143,3.04023373625984,2.4348193699978533,3.0270726680755615,15107300,0.0,0.0
2024-10-02 00:00:00-04:00,3.4833269252286287,4.123837724483306,2.702429870687729,2.895460605621338,29091700,0.0,0.0
2024-10-03 00:00:00-04:00,2.746300889703576,3.1279752303416894,2.658559524914231,2.9832022190093994,6934300,0.0,0.0
2024-10-04 00:00:00-04:00,3.2025550137763594,3.4131339764519475,3.0972654278428675,3.1937808990478516,8667200,0.0,0.0
2024-10-07 00:00:00-04:00,3.509649361871714,3.6763577567665573,2.983202041267518,3.2376515865325928,12342100,0.0,0.0
2024-10-08 00:00:00-04:00,2.63223687614921,2.9832018766456616,2.544495730620793,2.7287521362304688,8107500,0.0,0.0
2024-10-09 00:00:00-04:00,2.719978324776418,3.088491595443559,2.711204209245839,2.7813973426818848,7130400,0.0,0.0
2024-10-10 00:00:00-04:00,2.825267680729931,2.9305570581675124,2.684881634955092,2.719978094100952,5034200,0.0,0.0
2024-10-11 00:00:00-04:00,2.6585591836263136,2.991975950479476,2.597140382592295,2.9393310546875,4656100,0.0,0.0
2024-10-14 00:00:00-04:00,2.939331323260601,3.360489272930194,2.939331323260601,3.228877544403076,7858100,0.0,0.0
2024-10-15 00:00:00-04:00,3.0972655703537524,3.1148138006181947,2.64101116509544,2.649785280227661,6519400,0.0,0.0
2024-10-16 00:00:00-04:00,2.78139729164976,2.78139729164976,2.5181734121791064,2.5269477367401123,3022200,0.0,0.0
2024-10-17 00:00:00-04:00,2.4567545575072303,2.535721803511551,2.3032074368864173,2.5006251335144043,3884500,0.0,0.0
2024-10-18 00:00:00-04:00,2.711204121957167,2.790171368381399,2.5357218169953377,2.5883665084838867,3240200,0.0,0.0
2024-10-21 00:00:00-04:00,2.52694791732277,2.7857844438186805,2.52694791732277,2.7638492584228516,2066500,0.0,0.0
2024-10-22 00:00:00-04:00,2.7638489028100737,3.1490328174504185,2.7463006730746966,2.921782970428467,6749000,0.0,0.0
2024-10-23 00:00:00-04:00,2.9217829620222133,3.0095243196380577,2.8077194690704346,2.8077194690704346,2996800,0.0,0.0
2024-10-24 00:00:00-04:00,2.807719838405936,2.8472032557949984,2.6673337732686395,2.7638492584228516,2340000,0.0,0.0
2024-10-25 00:00:00-04:00,2.78139744363376,2.8691386021241465,2.7068173543212195,2.7375266551971436,1771700,0.0,0.0
2024-10-28 00:00:00-04:00,2.7726229289474067,2.9393311060984404,2.7199780322346347,2.9042346477508545,2838200,0.0,0.0
2024-10-29 00:00:00-04:00,3.0226855073748924,3.1060397062848586,2.842816041364201,2.851590156555176,7185800,0.0,0.0
2024-10-30 00:00:00-04:00,2.7901713118705334,2.838428840161946,2.7287522971864377,2.798945426940918,2057700,0.0,0.0
2024-10-31 00:00:00-04:00,2.7726231760796196,2.8077196375554587,2.6761076978296514,2.7857842445373535,2047300,0.0,0.0
2024-11-01 00:00:00-04:00,2.7901712393855456,2.965653745425835,2.763848894858212,2.8077194690704346,2300100,0.0,0.0
2024-11-04 00:00:00-05:00,2.851590235648501,3.2288776177078984,2.851590235648501,3.2201035022735596,5650100,0.0,0.0
2024-11-05 00:00:00-05:00,3.3429407744346666,3.3692631180296573,3.062168900230043,3.1411359310150146,4217000,0.0,0.0
2024-11-06 00:00:00-05:00,2.9656537966869183,3.1937809957250347,2.922660570458386,3.1499102115631104,4149400,0.0,0.0
2024-11-07 00:00:00-05:00,3.342940826439039,3.4745527556528004,3.1674583238844884,3.4306821823120117,4492900,0.0,0.0
2024-11-08 00:00:00-05:00,3.255199895940746,3.255199895940746,3.084104543953243,3.1674585342407227,3827600,0.0,0.0
2024-11-11 00:00:00-05:00,3.2376517403884053,3.395585818559976,3.158684492111206,3.158684492111206,3175000,0.0,0.0
2024-11-12 00:00:00-05:00,3.0446207790078357,3.0533948938502804,2.768235847683735,2.8077194690704346,3326800,0.0,0.0
2024-11-13 00:00:00-05:00,2.8252680228789533,2.8779127179731856,2.7199784234990663,2.7375266551971436,1547700,0.0,0.0
2024-11-14 00:00:00-05:00,2.7287524403069967,2.8296548735043605,2.641011285001208,2.7813973426818848,2766900,0.0,0.0
2024-11-15 00:00:00-05:00,2.8077195614855635,2.930557173322945,2.785784169061757,2.825267791748047,1805800,0.0,0.0
2024-11-18 00:00:00-05:00,2.860364158125102,2.930557076864658,2.8077194690704346,2.8077194690704346,1723300,0.0,0.0
2024-11-19 00:00:00-05:00,2.8077195614855635,2.84281602201053,2.7217331076845532,2.825267791748047,1305600,0.0,0.0
2024-11-20 00:00:00-05:00,2.851590051486959,2.939331200163844,2.8428159366192705,2.921782970428467,1495400,0.0,0.0
2024-11-21 00:00:00-05:00,2.9217829500407304,2.9963630304913744,2.838428754783622,2.895460605621338,1586100,0.0,0.0
2024-11-22 00:00:00-05:00,2.7901713127347536,3.0226854667676637,2.7901713127347536,2.9744279384613037,4767300,0.0,0.0
2024-11-25 00:00:00-05:00,3.0270727968083637,3.0446210279279495,2.9305573164592262,2.9832022190093994,4408300,0.0,0.0
2024-11-26 00:00:00-05:00,3.185006999475054,3.8255180454985536,2.9217831214555474,3.7465507984161377,15640000,0.0,0.0
2024-11-27 00:00:00-05:00,4.022935750957266,4.448480867664111,3.8386791197391603,4.299320697784424,13204400,0.0,0.0
2024-11-29 00:00:00-05:00,4.229127526421247,4.474802741343678,4.132612054224608,4.448480606079102,4662700,0.0,0.0
2024-12-02 00:00:00-05:00,4.588867005721846,4.874025876881254,4.3958364560479595,4.553770542144775,8347800,0.0,0.0
2024-12-03 00:00:00-05:00,4.562543626373549,4.895960388634671,4.474802483247668,4.8345417976379395,4915300,0.0,0.0
2024-12-04 00:00:00-05:00,4.808219622215107,4.869638636406564,4.5888665380235105,4.781897068023682,4749700,0.0,0.0
2024-12-05 00:00:00-05:00,4.78189731723412,5.005637575181732,4.650285794566421,4.755575180053711,4423900,0.0,0.0
2024-12-06 00:00:00-05:00,4.860864595128227,5.001250443299118,4.698543353584927,4.869638919830322,4034300,0.0,0.0
2024-12-09 00:00:00-05:00,5.31711871124178,5.448730645449225,5.132862087027918,5.194281101226807,8852400,0.0,0.0
2024-12-10 00:00:00-05:00,5.080217583193579,5.290796769319037,4.9310574135178,5.167958736419678,2915400,0.0,0.0
2024-12-11 00:00:00-05:00,5.115313938325684,5.308344889799943,5.027572786920481,5.238151550292969,2973700,0.0,0.0
2024-12-12 00:00:00-05:00,5.352215406014376,5.352215406014376,5.1547977052351275,5.2206034660339355,1837200,0.0,0.0
2024-12-13 00:00:00-05:00,5.194281144945033,5.273248389810697,5.049508141613187,5.185506820678711,3243800,0.0,0.0
2024-12-16 00:00:00-05:00,5.045121477561554,5.132862636973011,4.931057761135235,5.071444034576416,3439800,0.0,0.0
2024-12-17 00:00:00-05:00,5.071443700888456,5.51453663135765,5.010024684150225,5.343441486358643,5996600,0.0,0.0
2024-12-18 00:00:00-05:00,5.3960862763992,5.470666362939977,4.992476543960702,5.036346912384033,2976400,0.0,0.0
2024-12-19 00:00:00-05:00,5.045121084741571,5.167958698353307,4.939831701645796,5.11531400680542,3247100,0.0,0.0
2024-12-20 00:00:00-05:00,5.088991764046019,5.422408136892895,4.957379828730849,5.185506820678711,10494600,0.0,0.0
2024-12-23 00:00:00-05:00,5.220603174965025,5.352215107607589,5.176732809672704,5.255699634552002,1869700,0.0,0.0
2024-12-24 00:00:00-05:00,5.264474099926438,5.30834488477895,5.167958624280599,5.299570560455322,1172700,0.0,0.0
2024-12-26 00:00:00-05:00,5.308345266316084,5.5847298082504775,5.194281552207477,5.545246601104736,3136400,0.0,0.0
2024-12-27 00:00:00-05:00,5.51014933503959,5.51014933503959,5.29957016903655,5.40485954284668,2701100,0.0,0.0
2024-12-30 00:00:00-05:00,5.299570675450237,5.378537922545137,5.150410505774458,5.167958736419678,2248200,0.0,0.0
2024-12-31 00:00:00-05:00,5.220603644943377,5.255700107689869,5.045121331210915,5.088992118835449,1759700,0.0,0.0
2025-01-02 00:00:00-05:00,5.09776621810198,5.124088775348652,4.913509572523837,5.06266975402832,1605800,0.0,0.0
2025-01-03 00:00:00-05:00,5.084604672000086,5.431182536023745,5.031959980824914,5.35221529006958,2135300,0.0,0.0
2025-01-06 00:00:00-05:00,5.457504751257216,5.5013755370616755,5.137249437386249,5.167958736419678,2007400,0.0,0.0
2025-01-07 00:00:00-05:00,5.124088581581941,5.124088581581941,4.878412923973657,5.088992118835449,2105500,0.0,0.0
2025-01-08 00:00:00-05:00,5.0187985936190245,5.1197012341564765,4.966153901401458,5.053895473480225,1069200,0.0,0.0
2025-01-10 00:00:00-05:00,5.0889917529919355,5.097765658856391,4.917896195615579,4.9573798179626465,1386900,0.0,0.0
2025-01-13 00:00:00-05:00,4.922283465581712,5.255699845009188,4.895960910646029,5.176733016967773,2106700,0.0,0.0
2025-01-14 00:00:00-05:00,5.360989926695699,5.694406323557545,5.352215601797388,5.4926018714904785,3609600,0.0,0.0
2025-01-15 00:00:00-05:00,5.580342623741067,5.641761220042355,5.422408134091337,5.597890853881836,2352000,0.0,0.0
2025-01-16 00:00:00-05:00,5.597891147486085,5.6329876096084,5.510149992180296,5.5627946853637695,1972100,0.0,0.0
2025-01-17 00:00:00-05:00,5.562794745159095,5.992726619970275,5.554020420342784,5.957630157470703,3246400,0.0,0.0
2025-01-21 00:00:00-05:00,5.983952564163602,6.010274701189803,5.6593096665721365,5.747051239013672,2935700,0.0,0.0
2025-01-22 00:00:00-05:00,5.641760949676828,5.948855589997853,5.58911626177737,5.861114025115967,2143100,0.0,0.0
2025-01-23 00:00:00-05:00,5.773373126983643,5.8611142772573075,5.597890826436313,5.773373126983643,1893700,0.0,0.0
2025-01-24 00:00:00-05:00,5.940081629284035,6.6946563720703125,5.896210844161195,6.6946563720703125,4579700,0.0,0.0
2025-01-27 00:00:00-05:00,6.541109337511328,6.799946060966802,6.326143401157161,6.598141193389893,2781700,0.0,0.0
2025-01-28 00:00:00-05:00,6.703430027288827,6.843816283400355,6.492851270695732,6.782397270202637,2023500,0.0,0.0
2025-01-29 00:00:00-05:00,6.878912823661411,7.1202008804971575,6.729752660130568,6.887686729431152,3450300,0.0,0.0
2025-01-30 00:00:00-05:00,6.9052353574297545,7.4580052594223485,6.870138895561923,7.300070762634277,3699300,0.0,0.0
2025-01-31 00:00:00-05:00,7.458005495216207,7.458005495216207,6.738527167412821,6.931558132171631,3811600,0.0,0.0
2025-02-03 00:00:00-05:00,6.729752624273969,6.988589328035706,6.5191734479457,6.773622989654541,2680900,0.0,0.0
2025-02-04 00:00:00-05:00,6.949106019913932,7.177233436365578,6.830655149437235,7.0368475914001465,2628900,0.0,0.0
2025-02-05 00:00:00-05:00,6.9403316434221844,6.99297633488986,6.747301108040709,6.975428104400635,2110700,0.0,0.0
2025-02-06 00:00:00-05:00,7.019298995862333,7.247426414051614,6.975428209785064,7.194781303405762,3077600,0.0,0.0
2025-02-07 00:00:00-05:00,7.300070436239044,7.3123541555052824,7.028073078116101,7.221103191375732,1574800,0.0,0.0
2025-02-10 00:00:00-05:00,7.308844869586163,7.370263466833996,6.764849308455782,7.150910377502441,3173200,0.0,0.0
2025-02-11 00:00:00-05:00,6.9842022668458785,7.045620862942222,6.642011571051312,6.826268196105957,2455500,0.0,0.0
2025-02-12 00:00:00-05:00,7.010524554038337,7.168459046568693,6.931557726155975,7.098266124725342,2887000,0.0,0.0
2025-02-13 00:00:00-05:00,6.949105888432207,7.615939476166705,6.949105888432207,7.572068691253662,4433000,0.0,0.0
2025-02-14 00:00:00-05:00,7.896711370345125,7.896711370345125,7.12458838038839,7.194781303405762,3993300,0.0,0.0
2025-02-18 00:00:00-05:00,7.4755537949585475,7.69490688748528,7.286910001503055,7.659809589385986,2925800,0.0,0.0
2025-02-19 00:00:00-05:00,7.694907049293193,7.975678745866451,7.5194239021692475,7.651036262512207,3524800,0.0,0.0
2025-02-20 00:00:00-05:00,7.896710772861329,8.309094791960673,7.63787407503185,7.8440656661987305,8133800,0.0,0.0
2025-02-21 00:00:00-05:00,8.146773964811173,8.436319988615091,7.734389904303967,8.212579727172852,6114300,0.0,0.0
2025-02-24 00:00:00-05:00,7.725616433919438,7.8967115838035,6.580592986502916,6.940331935882568,9633800,0.0,0.0
2025-02-25 00:00:00-05:00,7.019298965446499,7.107040537220837,6.606915335314959,7.08071756362915,5550300,0.0,0.0
2025-02-26 00:00:00-05:00,7.607164498276849,8.177482142851844,7.466778668028576,8.001999855041504,5934700,0.0,0.0
2025-02-27 00:00:00-05:00,7.8616140828596075,8.247675118893827,7.73000257522115,7.817743301391602,3260900,0.0,0.0
2025-02-28 00:00:00-05:00,7.3878123503106385,7.633487583871768,7.247426502561421,7.536972522735596,3462400,0.0,0.0
2025-03-03 00:00:00-05:00,7.703679937353494,7.914259530151323,7.422908262643847,7.431682586669922,2850500,0.0,0.0
2025-03-04 00:00:00-05:00,7.343941245924939,7.615939441743916,7.146523969856978,7.458004951477051,2721400,0.0,0.0
2025-03-05 00:00:00-05:00,7.852840071012955,8.616188686509295,7.804582962571084,8.607415199279785,5049200,0.0,0.0
2025-03-06 00:00:00-05:00,8.484578766389054,8.581093838156411,8.041485362645094,8.124839782714844,3060000,0.0,0.0
2025-03-07 00:00:00-05:00,8.159935326976205,8.3266433115228,7.747551272786891,7.949356555938721,2438500,0.0,0.0
2025-03-10 00:00:00-04:00,7.703680809058748,7.861615312336704,7.458005565888577,7.501876354217529,2812200,0.0,0.0
2025-03-11 00:00:00-04:00,7.743164787992184,8.199419668594926,7.677359020880638,8.142387390136719,3270600,0.0,0.0
2025-03-12 00:00:00-04:00,8.159934624484372,8.273998324834634,7.651035553238937,8.089741706848145,2675700,0.0,0.0
2025-03-13 00:00:00-04:00,7.9318082214167696,8.116064862578366,7.78703520598735,7.958130359649658,1756900,0.0,0.0
2025-03-14 00:00:00-04:00,8.352966103334005,9.247926279110857,8.352966103334005,9.239151954650879,5869700,0.0,0.0
2025-03-17 00:00:00-04:00,9.256700603570835,9.572568753239317,9.045244069972927,9.239151954650879,5105800,0.0,0.0
2025-03-18 00:00:00-04:00,9.247926849698416,9.427796328397546,8.896962217301503,9.291797637939453,5304300,0.0,0.0
2025-03-19 00:00:00-04:00,8.63812432821525,10.056899689372273,8.335416850406139,9.44973087310791,12078700,0.0,0.0
2025-03-20 00:00:00-04:00,9.326893206398445,9.870888752807991,9.037347203257326,9.230378150939941,4889500,0.0,0.0
2025-03-21 00:00:00-04:00,9.230377798097223,9.581342383408092,8.826768106606933,9.44973087310791,9346000,0.0,0.0
2025-03-24 00:00:00-04:00,9.519924095087042,9.984952394709891,9.1601843376642,9.704180717468262,5451100,0.0,0.0
2025-03-25 00:00:00-04:00,9.221604281936912,9.528698111788998,9.04173481161573,9.2830228805542,5272600,0.0,0.0
2025-03-26 00:00:00-04:00,9.186507878996863,9.651536207423808,8.916264369823729,9.511150360107422,3809700,0.0,0.0
2025-03-27 00:00:00-04:00,9.651536258312737,10.208693324957276,9.375151724547035,10.028823852539062,6448600,0.0,0.0
2025-03-28 00:00:00-04:00,9.914759501065234,10.090241799795514,9.449731200238594,9.748050689697266,3829600,0.0,0.0
2025-03-31 00:00:00-04:00,9.388311490762304,9.607664566886495,8.791671692705094,8.853090286254883,4281300,0.0,0.0
2025-04-01 00:00:00-04:00,9.052263402315013,9.195280869883522,8.79167199904642,8.984702110290527,2956800,0.0,0.0
2025-04-02 00:00:00-04:00,9.028573628244574,9.190895291602942,8.940832052899673,9.125088691711426,1393900,0.0,0.0
2025-04-03 00:00:00-04:00,8.65128465172565,8.949604956399904,8.361738670545472,8.660058975219727,3815300,0.0,0.0
2025-04-04 00:00:00-04:00,7.563294521410956,7.589616658190206,6.865751621018527,7.203555583953857,7232800,0.0,0.0
2025-04-07 00:00:00-04:00,6.440206681414696,7.177233177685075,6.106789893255924,6.299820423126221,8637800,0.0,0.0
2025-04-08 00:00:00-04:00,6.703430275407359,6.703430275407359,5.593503763420842,5.764599323272705,6192900,0.0,0.0
2025-04-09 00:00:00-04:00,5.65053572080572,6.1067901371002025,5.448730858691843,5.983952522277832,9681900,0.0,0.0
2025-04-10 00:00:00-04:00,5.948856251037228,6.440207144414077,5.839179701130354,5.957630157470703,5197400,0.0,0.0
2025-04-11 00:00:00-04:00,6.045370792005169,6.2120791836826506,5.606664630237945,5.843565940856934,4699800,0.0,0.0
2025-04-14 00:00:00-04:00,6.06291928651333,6.554270158944392,6.019048919450431,6.334917068481445,3844900,0.0,0.0
2025-04-15 00:00:00-04:00,6.334917019346618,6.5805926628480504,6.326143113355218,6.4051103591918945,4810600,0.0,0.0
2025-04-16 00:00:00-04:00,6.194531250487432,6.330530351234155,5.940081697952239,6.220853805541992,2415100,0.0,0.0
2025-04-17 00:00:00-04:00,6.318890210493603,6.4080141039821505,6.158466777237971,6.229765892028809,2329300,0.11,0.0
2025-04-21 00:00:00-04:00,6.087167204425026,6.185203692373905,5.779689688781278,5.993587017059326,4659100,0.0,0.0
2025-04-22 00:00:00-04:00,6.194116078618626,6.626367475392605,6.149554346204297,6.5416998863220215,3052500,0.0,0.0
2025-04-23 00:00:00-04:00,6.9160207966703435,7.388377635245677,6.84472125832245,7.121005535125732,4103400,0.0,0.0
2025-04-24 00:00:00-04:00,7.112093069339206,7.477501647979611,6.871458359003437,7.44185209274292,5095300,0.0,0.0
2025-04-25 00:00:00-04:00,7.308165808748247,7.397290124079704,7.129918028037794,7.334902763366699,1292700,0.0,0.0
2025-04-28 00:00:00-04:00,7.219042558896051,7.361640787721728,7.121005639114032,7.245779514312744,3160900,0.0,0.0
2025-04-29 00:00:00-04:00,7.281428545466705,7.36431335625612,6.920476273608681,6.97840690612793,3526400,0.0,0.0
2025-04-30 00:00:00-04:00,6.978407254570416,7.005144634366728,6.630823867075769,6.996232032775879,1450800,0.0,0.0
2025-05-01 00:00:00-04:00,7.076443598015917,7.139721283076853,6.871458440486098,6.880370616912842,678100,0.0,0.0
2025-05-02 00:00:00-04:00,7.134374604345073,7.611187754893294,7.094268745892186,7.504239082336426,2406400,0.0,0.0
2025-05-05 00:00:00-04:00,7.39729048807205,7.459677001902394,7.138830980835976,7.361640930175781,3254500,0.0,0.0
2025-05-06 00:00:00-04:00,7.450763780553843,7.709223266304029,7.424026826842426,7.646836757659912,2298100,0.0,0.0
2025-05-07 00:00:00-04:00,7.477502100875501,7.5532575165858615,7.205673694511414,7.2368669509887695,1359500,0.0,0.0
2025-05-08 00:00:00-04:00,7.3349027204982855,7.388377479375123,7.067531050995245,7.2190423011779785,1830200,0.0,0.0
2025-05-09 00:00:00-04:00,7.192304498088498,7.299253165909419,6.862545893152543,6.942757606506348,3261800,0.0,0.0
2025-05-12 00:00:00-04:00,7.566625192632076,7.896383794613006,7.522063035617907,7.762698173522949,3959300,0.0,0.0
2025-05-13 00:00:00-04:00,7.673574329950831,7.963227943324966,7.56216935556155,7.825085163116455,1432800,0.0,0.0
2025-05-14 00:00:00-04:00,7.940946677117888,8.248424653659372,7.878560161569844,8.065720558166504,2041900,0.0,0.0
2025-05-15 00:00:00-04:00,8.003332726628164,8.012245328316764,7.548801089891744,7.727048873901367,2842400,0.0,0.0
2025-05-16 00:00:00-04:00,7.807260628534274,7.994421015175591,7.695855656722834,7.78052282333374,1144000,0.0,0.0
2025-05-19 00:00:00-04:00,7.66466196637001,8.108498628161712,7.637924162684296,7.923121452331543,1452900,0.0,0.0
2025-05-20 00:00:00-04:00,7.976595359798104,8.333091759369054,7.838453440564983,7.923121452331543,2822200,0.0,0.0
2025-05-21 00:00:00-04:00,7.914209259599591,7.994420974892042,7.660206061141818,7.727048873901367,2186500,0.0,0.0
2025-05-22 00:00:00-04:00,7.976595471791919,8.079087837502213,6.880370578883109,6.889283180236816,4538800,0.0,0.0
2025-05-23 00:00:00-04:00,6.737772286582334,7.031881328559847,6.693210555208413,6.969494819641113,3095700,0.0,0.0
2025-05-27 00:00:00-04:00,6.942758065999921,6.942758065999921,6.546156198695359,6.612999439239502,2460000,0.0,0.0
2025-05-28 00:00:00-04:00,6.514962542902332,6.630823812777193,6.3768206191852705,6.470400810241699,3445500,0.0,0.0
2025-05-29 00:00:00-04:00,6.595174164993041,6.639735897034318,6.416925961899257,6.479312896728516,2120400,0.0,0.0
2025-05-30 00:00:00-04:00,6.283240465269109,6.523875182982858,6.171835495494665,6.461488246917725,2642600,0.0,0.0
2025-06-02 00:00:00-04:00,6.443663543355702,6.595174371999289,6.278784237177749,6.31889009475708,1102000,0.0,0.0
2025-06-03 00:00:00-04:00,6.372364077653165,6.3991010312440695,6.203028479997976,6.301064968109131,1159200,0.0,0.0
2025-06-04 00:00:00-04:00,6.38127688531515,6.826896789037744,6.38127688531515,6.612999439239502,2368200,0.0,0.0
2025-06-05 00:00:00-04:00,6.684298295773779,6.75114110874102,6.555068545721202,6.648648738861084,1310300,0.0,0.0
2025-06-06 00:00:00-04:00,6.639736122098945,6.675385678930856,6.425838781107477,6.514962673187256,2071600,0.0,0.0
2025-06-09 00:00:00-04:00,6.666473607734408,6.985537273923335,6.66201730681582,6.702123165130615,1433200,0.0,0.0
2025-06-10 00:00:00-04:00,6.63973574302747,6.721729804054962,6.256502816475589,6.3634514808654785,2358200,0.0,0.0
2025-06-11 00:00:00-04:00,6.497137728931465,6.711035489439419,6.468617999198655,6.5416998863220215,1921100,0.0,0.0
2025-06-12 00:00:00-04:00,6.506050241006789,6.5907178289140385,6.408013751080325,6.550611972808838,1099100,0.0,0.0
2025-06-13 00:00:00-04:00,6.3812765527090844,6.523875203451617,6.247590928541299,6.256503105163574,982200,0.0,0.0
2025-06-16 00:00:00-04:00,6.425838247873858,6.474856278206026,6.15846616884555,6.390188694000244,2518300,0.0,0.0
2025-06-17 00:00:00-04:00,6.3723644685997005,6.390189247079265,6.220853639035284,6.3099775314331055,1416600,0.0,0.0
2025-06-18 00:00:00-04:00,6.256502849798651,6.327801959771661,6.211940693577411,6.292152404785156,1954100,0.0,0.0
2025-06-20 00:00:00-04:00,6.203028495173476,6.203028495173476,6.04260549830693,6.158466339111328,5542400,0.0,0.0
2025-06-23 00:00:00-04:00,6.185203794215592,6.394645250335207,6.105883257438568,6.354539394378662,2023600,0.0,0.0
2025-06-24 00:00:00-04:00,6.479312918568471,6.73688123505108,6.457031839984617,6.675385475158691,1673600,0.0,0.0
2025-06-25 00:00:00-04:00,6.862546186414127,6.933845726317859,6.514962788654515,6.835809230804443,2330900,0.0,0.0
2025-06-26 00:00:00-04:00,6.853633677464341,6.853633677464341,6.6219111402011785,6.644192218780518,1073900,0.0,0.0
2025-06-27 00:00:00-04:00,6.612998812521234,6.630823589981821,6.452575390399729,6.497137546539307,905300,0.0,0.0
2025-06-30 00:00:00-04:00,6.354539831788342,6.444554901370503,6.194116396919541,6.425838947296143,2556700,0.0,0.0
2025-07-01 00:00:00-04:00,6.4213822396006925,6.532787206769272,6.265415540550416,6.28324031829834,2335400,0.0,0.0
2025-07-02 00:00:00-04:00,6.372364639161731,6.434751153021916,6.198572725602103,6.220853805541992,1942500,0.0,0.0
2025-07-03 00:00:00-04:00,6.229765670915879,6.595174258713855,6.167379160176302,6.532787322998047,2005500,0.0,0.0
2025-07-07 00:00:00-04:00,6.532787392487898,6.942757717321288,6.434750899599156,6.728860378265381,6167200,0.0,0.0
2025-07-08 00:00:00-04:00,6.800159491284017,6.898195559196523,6.639736062015851,6.728860378265381,3102000,0.0,0.0
2025-07-09 00:00:00-04:00,6.737772442596723,6.737772442596723,6.176291299469606,6.203028678894043,2886400,0.0,0.0
2025-07-10 00:00:00-04:00,6.318890002823243,6.345626957502974,6.158466574839927,6.265415668487549,2481200,0.0,0.0
2025-07-11 00:00:00-04:00,6.256502977118378,6.290370182537621,6.042605642846542,6.274327754974365,2989900,0.0,0.0
2025-07-14 00:00:00-04:00,6.309977155361575,6.309977155361575,6.047061369725474,6.0960798263549805,4100400,0.0,0.0
2025-07-15 00:00:00-04:00,6.211940816653898,6.275218926750342,5.850988959019983,5.935656547546387,4414000,0.0,0.0
2025-07-16 00:00:00-04:00,5.935656805089313,5.935656805089313,5.739584240271356,5.837620735168457,3703600,0.0,0.0
2025-07-17 00:00:00-04:00,5.864357507640446,5.891094887224076,5.7039345050673615,5.793058395385742,4007800,0.0,0.0
2025-07-18 00:00:00-04:00,5.846532937796197,5.866140066871663,5.4944932397688175,5.632635593414307,4680300,0.0,0.0
2025-07-21 00:00:00-04:00,6.238678072305399,6.506050159680403,6.2342217716880315,6.292152404785156,7736600,0.0,0.0
2025-07-22 00:00:00-04:00,6.327802050180037,6.416925938919656,6.131729494952877,6.28324031829834,3297900,0.0,0.0
2025-07-23 00:00:00-04:00,6.416926443614857,7.1165499814431845,6.408014266528059,6.612999439239502,8115200,0.0,0.0
2025-07-24 00:00:00-04:00,6.675385624463306,6.826896452250802,6.40801395040558,6.45257568359375,6365200,0.0,0.0
2025-07-25 00:00:00-04:00,6.354539504021319,6.390189059936415,6.069342631724316,6.203028678894043,7178200,0.0,0.0
2025-07-28 00:00:00-04:00,6.176291316917316,6.185203918409383,5.5880732176803045,5.659372329711914,8899600,0.0,0.0
2025-07-29 00:00:00-04:00,5.6593720374508765,5.793058078094452,5.539054898355005,5.703934192657471,3463800,0.0,0.0
2025-07-30 00:00:00-04:00,5.71284654850985,5.748496103806618,5.472211837768555,5.472211837768555,3399000,0.0,0.0
2025-07-31 00:00:00-04:00,5.5256861573886935,5.695021757128105,5.400912714150892,5.677196979522705,4499500,0.0,0.0
2025-08-01 00:00:00-04:00,5.6593722365861625,5.739583948789944,5.561335746667788,5.605897903442383,5603100,0.0,0.0
2025-08-04 00:00:00-04:00,5.6861094621221575,5.748495969950698,5.396456300860325,5.490036487579346,3707500,0.0,0.0
2025-08-05 00:00:00-04:00,5.561335642753889,5.828707728453147,5.467755880232985,5.757408618927002,3920500,0.0,0.0
2025-08-06 00:00:00-04:00,5.739584166563715,6.087167557674554,5.703934609781897,5.980218887329102,4359100,0.0,0.0
2025-08-07 00:00:00-04:00,5.98021872131357,6.238678213294829,5.427650181558894,5.730671405792236,4023800,0.0,0.0
2025-08-08 00:00:00-04:00,5.703934579321703,5.766321090868607,5.525686371388259,5.712846755981445,2571000,0.0,0.0
2025-08-11 00:00:00-04:00,5.846532763743066,6.069342703329203,5.770777350285681,6.060430526733398,3016600,0.0,0.0
2025-08-12 00:00:00-04:00,6.140641689300537,6.238678179688993,5.980218689099975,6.140641689300537,4011300,0.0,0.0
2025-08-13 00:00:00-04:00,6.229765633342251,6.292152568681785,6.069342631724316,6.203028678894043,3996100,0.0,0.0
2025-08-14 00:00:00-04:00,6.131729621892424,6.162922877352999,5.92674446105957,5.92674446105957,4617100,0.0,0.0
2025-08-15 00:00:00-04:00,5.917831515921904,6.11390448880035,5.810882853429773,5.971305847167969,3631500,0.0,0.0
2025-08-18 00:00:00-04:00,6.086276189817984,6.08716736496288,5.525686225960648,5.5345988273620605,7821500,0.0,0.0
2025-08-19 00:00:00-04:00,5.596985945555171,5.614810723965566,5.481124673399483,5.579161167144775,3644200,0.0,0.0
2025-08-20 00:00:00-04:00,5.4989490800739045,5.70393423042431,5.49003647898309,5.695021629333496,2685400,0.0,0.0
2025-08-21 00:00:00-04:00,5.721759373244453,5.962394093382012,5.699478294069889,5.846532821655273,3509000,0.0,0.0
2025-08-22 00:00:00-04:00,5.98913128273701,6.18074797616858,5.953481724653405,6.015868663787842,2982000,0.0,0.0
2025-08-25 00:00:00-04:00,6.096080007312287,6.096080007312287,5.793058357248437,5.801970958709717,2633900,0.0,0.0
2025-08-26 00:00:00-04:00,5.980182231801281,5.989368151524402,5.805645376765536,5.85157585144043,2410300,0.194,0.0
2025-08-27 00:00:00-04:00,5.713783433060416,5.8837275437309655,5.695411155964902,5.741342067718506,3823000,0.0,0.0
2025-08-28 00:00:00-04:00,5.778086621909533,5.814831176100561,5.695411155964902,5.741342067718506,3657200,0.0,0.0
2025-08-29 00:00:00-04:00,5.722969996925896,5.846982762283644,5.677039083516565,5.80564546585083,4811200,0.0,0.0
2025-09-02 00:00:00-04:00,5.686225276172894,5.7964589395163975,5.64948072172506,5.7780866622924805,2149400,0.0,0.0
2025-09-03 00:00:00-04:00,5.778086773871272,5.778086773871272,5.5392471653481925,5.566805362701416,2339000,0.0,0.0
2025-09-04 00:00:00-04:00,5.557619142903908,5.557619142903908,5.355523662418515,5.511688232421875,2137500,0.0,0.0
2025-09-05 00:00:00-04:00,5.548433251917439,5.718376934136589,5.548433251917439,5.594364166259766,3013900,0.0,0.0
2025-09-08 00:00:00-04:00,5.621921926631644,5.695411033432639,5.543839641148179,5.631108283996582,1324900,0.0,0.0
2025-09-09 00:00:00-04:00,5.64029416853009,5.686225079012123,5.456571402661211,5.511688232421875,2101100,0.0,0.0
2025-09-10 00:00:00-04:00,5.520874600874091,5.575991430746009,5.309593200683594,5.309593200683594,2224400,0.0,0.0
2025-09-11 00:00:00-04:00,5.355524101498001,5.410640935777489,5.199359518691288,5.392268657684326,2111200,0.0,0.0
2025-09-12 00:00:00-04:00,5.337151667165091,5.456571690289577,5.185580267826184,5.245290279388428,2901600,0.0,0.0
2025-09-15 00:00:00-04:00,5.318779429347594,5.3279657872087185,5.226918040884613,5.282034873962402,2956600,0.0,0.0
2025-09-16 00:00:00-04:00,5.300406941178587,5.318779218141629,5.16261464494095,5.217731475830078,2812300,0.0,0.0
2025-09-17 00:00:00-04:00,5.291221005301237,5.410640586175818,5.23610373655342,5.383082389831543,3512100,0.0,0.0
2025-09-18 00:00:00-04:00,5.309593600151706,5.350930897143442,5.222324951099946,5.272848606109619,2619600,0.0,0.0
2025-09-19 00:00:00-04:00,5.3738960405672405,5.3738960405672405,5.254476021480724,5.3004069328308105,3612400,0.0,0.0
2025-09-22 00:00:00-04:00,5.2728485800647205,5.3141863148819315,5.0615676030517,5.116684436798096,3251900,0.0,0.0
2025-09-23 00:00:00-04:00,5.144242327618301,5.263662345955975,5.089125497161597,5.1809868812561035,3264400,0.0,0.0
2025-09-24 00:00:00-04:00,5.27284826535061,5.406047819824683,5.171800961861469,5.1809868812561035,3232900,0.0,0.0
2025-09-25 00:00:00-04:00,5.153428902605258,5.2315111918894015,5.125870267198645,5.162614822387695,2088500,0.0,0.0
2025-09-26 00:00:00-04:00,5.162614610118903,5.162614610118903,5.00645003797156,5.061567306518555,1436000,0.0,0.0
2025-09-29 00:00:00-04:00,5.015636714843736,5.029415813843237,4.877844410759745,4.951333522796631,3602900,0.0,0.0
2025-09-30 00:00:00-04:00,4.978891857571031,4.983485036302835,4.84109956182434,4.89621639251709,2257700,0.0,0.0
2025-10-01 00:00:00-04:00,4.905402656562175,5.0891254220391895,4.905402656562175,5.024822235107422,2301000,0.0,0.0
2025-10-02 00:00:00-04:00,5.015636639624727,5.217731694695364,5.015636639624727,5.19935941696167,1984800,0.0,0.0
2025-10-03 00:00:00-04:00,5.2820346542329855,5.318779208089627,4.795168658588037,4.813540935516357,5488700,0.0,0.0
2025-10-06 00:00:00-04:00,4.77679658718054,4.891623432430357,4.77679658718054,4.877844333648682,2732700,0.0,0.0
2025-10-07 00:00:00-04:00,4.8870307696903605,4.9054030477030075,4.611446161470996,4.629818439483643,2097700,0.0,0.0
2025-10-08 00:00:00-04:00,4.795168706225908,5.0064501120154,4.703307320671703,4.730865955352783,1957400,0.0,0.0
2025-10-09 00:00:00-04:00,4.703307449234853,4.772203818805992,4.694121529443158,4.758424282073975,1229700,0.0,0.0
2025-10-10 00:00:00-04:00,4.730866055254101,5.015636575500433,4.593073754998224,4.602260112762451,3220900,0.0,0.0
2025-10-13 00:00:00-04:00,4.753831552190994,4.808948385157629,4.611446071838283,4.639004707336426,1923000,0.0,0.0
2025-10-14 00:00:00-04:00,4.54714298248291,4.620632532774407,4.510398426351991,4.54714298248291,1915500,0.0,0.0
2025-10-15 00:00:00-04:00,4.556329200000611,4.712493777755293,4.556329200000611,4.602260112762451,2199600,0.0,0.0
2025-10-16 00:00:00-04:00,4.648190678485025,4.666562956343478,4.537957011334311,4.593073844909668,2002900,0.0,0.0
2025-10-17 00:00:00-04:00,4.593073754998224,4.698714241108953,4.528770564737576,4.602260112762451,3516800,0.0,0.0
2025-10-20 00:00:00-04:00,4.620632370306107,4.831913779644749,4.620632370306107,4.804355144500732,1499800,0.0,0.0
2025-10-21 00:00:00-04:00,4.785982945054759,5.006450277680175,4.7354592908355135,4.877844333648682,1595100,0.0,0.0
2025-10-22 00:00:00-04:00,4.841099585251996,5.245290116984471,4.832832213918447,5.098311901092529,4116700,0.0,0.0
2025-10-23 00:00:00-04:00,5.2636624450766165,5.305000178204988,5.026659938240879,5.0523810386657715,1932400,0.0,0.0
2025-10-24 00:00:00-04:00,5.153428891611764,5.456571690289577,5.135056614056432,5.245290279388428,4345800,0.0,0.0
2025-10-27 00:00:00-04:00,5.309593630494644,5.337151828646622,4.712493934835937,4.74923849105835,4613000,0.0,0.0
2025-10-28 00:00:00-04:00,4.4552815354804824,4.464467893411183,3.6239351970420133,3.6469006538391113,21241600,0.0,0.0
2025-10-29 00:00:00-04:00,3.738762203159228,3.738762203159228,3.3391646190718878,3.389688491821289,11391900,0.0,0.0
2025-10-30 00:00:00-04:00,3.4907359388872274,3.5596320876117082,3.334571583328533,3.5366666316986084,7708400,0.0,0.0
2025-10-31 00:00:00-04:00,4.023532851027433,4.537957076478525,3.9592296585849227,4.427723407745361,16676100,0.0,0.0
2025-11-03 00:00:00-05:00,4.299116829909925,4.492025960549759,4.170510888826583,4.280744552612305,4516300,0.0,0.0
2025-11-04 00:00:00-05:00,4.097021808742905,4.2421629318341365,3.84899584444814,3.995974063873291,5947200,0.0,0.0
2025-11-05 00:00:00-05:00,3.9776019529240614,4.115394258417135,3.963822853783653,4.023532867431641,1521700,0.0,0.0
2025-11-06 00:00:00-05:00,4.0327185370618315,4.1705108339972625,3.922484874725342,3.922484874725342,1620400,0.0,0.0
2025-11-07 00:00:00-05:00,3.8673681898531185,3.9408573008574144,3.8122513565998966,3.931671380996704,2916700,0.0,0.0
2025-11-10 00:00:00-05:00,4.032718516164497,4.041904873659753,3.7663202812169563,3.9041125774383545,2503400,0.0,0.0
2025-11-11 00:00:00-05:00,3.8398094774344145,3.922484944675972,3.74794809051582,3.8949263095855713,1805700,0.0,0.0
2025-11-12 00:00:00-05:00,3.8857404399023823,3.9041127175224783,3.7755067741818045,3.812251329421997,1227700,0.0,0.0
2025-11-13 00:00:00-05:00,3.839809376956563,3.9270780207678677,3.7755066268110054,3.8030648231506348,2115300,0.0,0.0
2025-11-14 00:00:00-05:00,3.775506694741096,3.8352167052574586,3.7112035054089416,3.738762140274048,1630400,0.0,0.0
2025-11-17 00:00:00-05:00,3.766320326250189,3.793878961035836,3.5734114158543973,3.637714385986328,2572500,0.0,0.0
2025-11-18 00:00:00-05:00,3.591783693034949,3.6560866631668794,3.5366666424784743,3.637714385986328,2510800,0.0,0.0
2025-11-19 00:00:00-05:00,3.3529438372645624,3.3805022527608006,3.2289308580240825,3.3161990642547607,4525500,0.0,0.0
2025-11-20 00:00:00-05:00,3.352943853667093,3.3621299922107775,3.104917893972795,3.1141040325164795,2665700,0.0,0.0
2025-11-21 00:00:00-05:00,3.104917929505323,3.329978435908582,3.095731571841691,3.2105584144592285,2950600,0.0,0.0
2025-11-24 00:00:00-05:00,3.3621300461119783,3.5642253163278177,3.3345716300391124,3.4723637104034424,4082300,0.0,0.0
2025-11-25 00:00:00-05:00,3.458584721017611,3.4907360979431505,3.1232903196945623,3.14166259765625,4307400,0.0,0.0
2025-11-26 00:00:00-05:00,3.150848595949355,3.1692208730907074,2.985497882662367,3.031428575515747,4604500,0.0,0.0
2025-11-28 00:00:00-05:00,3.0498009627887357,3.1049180152179483,2.948753434862363,3.022242546081543,3200700,0.0,0.0
2025-12-01 00:00:00-05:00,2.967125673942554,3.1095109345788283,2.9579395351600466,2.9854979515075684,2865900,0.0,0.0
2025-12-02 00:00:00-05:00,2.994684001210247,3.1416624363731684,2.9671255856824774,3.0130562782287598,2405500,0.0,0.0
2025-12-03 00:00:00-05:00,3.0130564591514744,3.058068606254087,2.930381207603828,2.957939624786377,2402500,0.0,0.0
2025-12-04 00:00:00-05:00,2.8936364381975017,3.0360216926591193,2.8936364381975017,2.976311683654785,2271300,0.0,0.0
2025-12-05 00:00:00-05:00,2.976311812725061,3.061742925303861,2.9717186338263955,2.9854979515075684,2076800,0.0,0.0
2025-12-08 00:00:00-05:00,3.003870268276748,3.132476431925141,2.985497990471953,3.022242546081543,3305300,0.0,0.0
2025-12-09 00:00:00-05:00,2.985497931663478,3.04888235454592,2.948753376777684,2.967125654220581,1586900,0.0,0.0
2025-12-10 00:00:00-05:00,2.9854978220389277,3.0222423755754977,2.953346228187021,2.976311683654785,1755900,0.0,0.0
2025-12-11 00:00:00-05:00,2.967125673942554,2.9946840902900758,2.930381118812525,2.9854979515075684,1705500,0.0,0.0
2025-12-12 00:00:00-05:00,3.0314285347301055,3.114103999768672,2.9946839809417725,2.9946839809417725,2145000,0.0,0.0
2025-12-15 00:00:00-05:00,2.9946841217144233,2.999277300661287,2.852298859584047,2.902822732925415,3307500,0.0,0.0
2025-12-16 00:00:00-05:00,2.8844503061900952,2.9028225829989966,2.856891671961928,2.8752641677856445,1291500,0.0,0.0
2025-12-17 00:00:00-05:00,2.875264217185087,2.93956718712102,2.8201471667966107,2.8293333053588867,1144200,0.0,0.0
2025-12-18 00:00:00-05:00,2.847705573609252,2.957939455027868,2.833926475316187,2.912008762359619,1688100,0.0,0.0
2025-12-19 00:00:00-05:00,2.9211949126676346,3.104917903095975,2.916601733874887,3.031428575515747,3242200,0.0,0.0
2025-12-22 00:00:00-05:00,3.040614773623971,3.1830000337648707,3.040614773623971,3.086545467376709,1862900,0.0,0.0
2025-12-23 00:00:00-05:00,3.086545437445368,3.1692209044133866,3.077359298783902,3.150848627090454,1612400,0.0,0.0
2025-12-24 00:00:00-05:00,3.1232903003692627,3.178407133913292,3.1095109824758413,3.1232903003692627,1914400,0.0,0.0
2025-12-26 00:00:00-05:00,3.114104092061443,3.1784070630967745,3.0773593181692878,3.1692209243774414,1885300,0.0,0.0
2025-12-29 00:00:00-05:00,3.0957315455104797,3.132476318808003,2.990091061455115,3.031428575515747,2025800,0.0,0.0
2025-12-30 00:00:00-05:00,3.0314286849839407,3.1232902930227433,3.0130564071791457,3.022242546081543,1186100,0.0,0.0
2025-12-31 00:00:00-05:00,3.0038702487945557,3.0406148041658314,2.9625325144944568,3.0038702487945557,1266900,0.0,0.0
2026-01-02 00:00:00-05:00,3.095731482648638,3.1600346703524513,2.930380991734072,2.976311683654785,1700800,0.0,0.0
2026-01-05 00:00:00-05:00,2.985497842494689,3.040614673177189,2.9028225964709393,2.9946839809417725,2099400,0.0,0.0
2026-01-06 00:00:00-05:00,3.040614701830716,3.040614701830716,2.8936364852923195,2.912008762359619,1511500,0.0,0.0
2026-01-07 00:00:00-05:00,2.9211949099964674,2.9211949099964674,2.824740345585158,2.8293333053588867,1221800,0.0,0.0
2026-01-08 00:00:00-05:00,2.8293333053588867,2.879857176958815,2.8109610282343342,2.8293333053588867,1092100,0.0,0.0
2026-01-09 00:00:00-05:00,2.8477056325785797,2.856891771302453,2.7558442453398477,2.7650303840637207,1748500,0.0,0.0
2026-01-12 00:00:00-05:00,2.7925888284565423,2.9166018119894863,2.783402689639836,2.8844504356384277,3521100,0.0,0.0
2026-01-13 00:00:00-05:00,2.8936364852923195,2.9211949008932687,2.737471911205455,2.912008762359619,3202400,0.0,0.0
2026-01-14 00:00:00-05:00,2.8844504744511488,2.9487534470333423,2.8706711565332648,2.9211950302124023,1883800,0.0,0.0
2026-01-15 00:00:00-05:00,2.912008721403447,2.9487532750212497,2.8660778103663787,2.8752641677856445,1385000,0.0,0.0
2026-01-16 00:00:00-05:00,2.856891637438821,2.8752641330405218,2.7558441162109375,2.7558441162109375,2518700,0.0,0.0
2026-01-20 00:00:00-05:00,2.755844205260573,2.8063680770145,2.7099135123091944,2.728285789489746,1297200,0.0,0.0
2026-01-21 00:00:00-05:00,2.755844315891726,2.7742165938098178,2.7099136210964963,2.719099760055542,1367300,0.0,0.0
2026-01-22 00:00:00-05:00,2.7190996033478827,2.829333264503427,2.7190996033478827,2.792588710784912,1844400,0.0,0.0
2026-01-23 00:00:00-05:00,2.7742165027492973,2.8109610573793824,2.7466580867767334,2.7466580867767334,757800,0.0,0.0
2026-01-26 00:00:00-05:00,2.7466580666702973,2.765030343850849,2.7007273737189186,2.728285789489746,1495400,0.0,0.0
2026-01-27 00:00:00-05:00,2.719099630724877,2.7696235021039377,2.696134174912172,2.709913492202759,970700,0.0,0.0
2026-01-28 00:00:00-05:00,2.709913561987971,2.7282858395053275,2.66398286819458,2.66398286819458,1426700,0.0,0.0
2026-01-29 00:00:00-05:00,2.691541264357762,2.755844235187998,2.599679658442602,2.6456105709075928,2170000,0.0,0.0
2026-01-30 00:00:00-05:00,2.6364242836387324,2.673169058395381,2.5721213110905468,2.6180520057678223,1368300,0.0,0.0
2026-02-02 00:00:00-05:00,2.5721211433410645,2.6180518350228166,2.5445627283320134,2.5721211433410645,1063900,0.0,0.0
2026-02-03 00:00:00-05:00,2.572121283701063,2.6639828910922456,2.4343292011365287,2.480259895324707,2409800,0.0,0.0
2026-02-04 00:00:00-05:00,2.461887509457111,2.507818201626778,2.4251429557213777,2.489445924758911,1614600,0.0,0.0
2026-02-05 00:00:00-05:00,2.461887688623925,2.4710738277263906,2.4067706349942997,2.4343292713165283,1408000,0.0,0.0
2026-02-06 00:00:00-05:00,2.452701468032172,2.595086728897154,2.452701468032172,2.5813074111938477,1441600,0.0,0.0
2026-02-09 00:00:00-05:00,2.5813074271276735,2.810961117491662,2.5813074271276735,2.8017749786376953,1368800,0.0,0.0
2026-02-10 00:00:00-05:00,2.8109611496460016,2.8109611496460016,2.7099136210964963,2.719099760055542,1226400,0.0,0.0
2026-02-11 00:00:00-05:00,2.719099680427863,2.774216512568066,2.6364242132027367,2.6456105709075928,1231600,0.0,0.0
2026-02-12 00:00:00-05:00,2.6180518138894655,2.650203407314566,2.48025973995649,2.553748846054077,1530300,0.0,0.0
2026-02-13 00:00:00-05:00,2.5445629262364755,2.585900661472519,2.5170045090840567,2.535376787185669,887900,0.0,0.0
2026-02-17 00:00:00-05:00,2.5261904398600263,2.7834025310912693,2.5261904398600263,2.7558441162109375,1973000,0.0,0.0
2026-02-18 00:00:00-05:00,2.765030364091776,2.847705612009468,2.7282858094616906,2.7466580867767334,1348000,0.0,0.0
2026-02-19 00:00:00-05:00,2.7558442649826604,2.797181999042144,2.700727432246565,2.783402681350708,989800,0.0,0.0
2026-02-20 00:00:00-05:00,2.774216482441125,2.7971819384242242,2.7190996508994703,2.728285789489746,864600,0.0,0.0
2026-02-23 00:00:00-05:00,2.7558441640869855,2.7650303025400165,2.67316891800971,2.6915411949157715,741000,0.0,0.0
2026-02-24 00:00:00-05:00,2.6823551355488617,2.783402661511467,2.6364242229146724,2.7650303840637207,765600,0.0,0.0
2026-02-25 00:00:00-05:00,2.7650303025400165,2.7650303025400165,2.6639827795566795,2.6915411949157715,846700,0.0,0.0
2026-02-26 00:00:00-05:00,2.6731689968249883,2.774216522787594,2.6649014062690557,2.7650303840637207,1213600,0.0,0.0
2026-02-27 00:00:00-05:00,2.755844121773646,2.783402536709605,2.618051828079038,2.654796600341797,995500,0.0,0.0
2026-03-02 00:00:00-05:00,2.61805186827671,2.728285748727894,2.585900493198511,2.6915411949157715,774500,0.0,0.0
2026-03-03 00:00:00-05:00,2.6088658995921192,2.6088658995921192,2.461887674779219,2.535376787185669,1242500,0.0,0.0
2026-03-04 00:00:00-05:00,2.572121212245065,2.6180519051572446,2.5261905193328857,2.5261905193328857,888200,0.0,0.0
2026-03-05 00:00:00-05:00,2.535376595978105,2.5721211494102088,2.4618874891138978,2.471073627471924,945300,0.0,0.0
2026-03-06 00:00:00-05:00,2.4802598555114495,2.5078182715819874,2.4435153007507324,2.4435153007507324,1096200,0.0,0.0
2026-03-09 00:00:00-04:00,2.434329053622974,2.4802597450278805,2.356246768727227,2.4527013301849365,1390600,0.0,0.0
2026-03-10 00:00:00-04:00,2.4618874891138978,2.512411140575633,2.3975843015929024,2.471073627471924,1051700,0.0,0.0
2026-03-11 00:00:00-04:00,2.489445994201629,2.5078182715819874,2.415956884680195,2.4435153007507324,1022900,0.0,0.0
2026-03-12 00:00:00-04:00,2.4343291620605534,2.4986321328918084,2.4343291620605534,2.4435153007507324,945000,0.0,0.0
2026-03-13 00:00:00-04:00,2.4618874965728694,2.466480456258391,2.3883981704711914,2.3883981704711914,915300,0.0,0.0
2026-03-16 00:00:00-04:00,2.41595680464358,2.4435152198011534,2.379212032085334,2.3883981704711914,1073800,0.0,0.0
2026-03-17 00:00:00-04:00,2.397584388285014,2.4710737168212704,2.3883982495948346,2.4435153007507324,1508800,0.0,0.0
2026-03-18 00:00:00-04:00,2.4343291928909334,2.5032251244324226,2.3792121410369873,2.3792121410369873,1159000,0.0,0.0
2026-03-19 00:00:00-04:00,2.443515290652198,2.4986321225654873,2.301130032035456,2.3424675464630127,3001100,0.0,0.0
2026-03-20 00:00:00-04:00,2.3149091721574013,2.3470607675260524,2.1633377721612947,2.177116870880127,5427400,0.0,0.0
2026-03-23 00:00:00-04:00,2.2046754360198975,2.2414199901177594,2.076987825810564,2.2046754360198975,2277000,0.0,0.0
2026-03-24 00:00:00-04:00,2.2046754658626444,2.2046754658626444,2.112813860359722,2.1403722763061523,1370400,0.0,0.0
2026-03-25 00:00:00-04:00,2.1679307436781343,2.1954893792931056,2.0668832161442716,2.0760693550109863,3555100,0.0,0.0
2026-03-26 00:00:00-04:00,2.048510930151639,2.048510930151639,1.9474631840103547,1.9566495418548584,2888900,0.0,0.0
2026-03-27 00:00:00-04:00,1.9566494612990264,1.9658355997505084,1.8877533134055027,1.9015324115753174,3153300,0.0,0.0
2026-03-30 00:00:00-04:00,1.9107185500267996,1.933684005662913,1.8556017193179073,1.9015324115753174,1719000,0.0,0.0
2026-03-31 00:00:00-04:00,1.901532423260942,2.0117663043709713,1.8831601462450733,2.002580165863037,1289600,0.0,0.0
2026-04-01 00:00:00-04:00,2.020952523751574,2.034731622557466,1.9382770548569144,1.965835690498352,1610200,0.0,0.0
2026-04-02 00:00:00-04:00,1.9199046554482873,2.112813778625423,1.9107185171548433,2.066883087158203,1514100,0.0,0.0
2026-04-06 00:00:00-04:00,2.0852554047837164,2.1311860971548695,2.062289949090731,2.1036276817321777,836600,0.0,0.0
2026-04-07 00:00:00-04:00,2.0944416451144465,2.1036277840354156,1.9658357002208764,1.9750218391418457,1238200,0.0,0.0
2026-04-08 00:00:00-04:00,2.0760692044730713,2.1128137572755454,2.030138513469979,2.048510789871216,1219700,0.0,0.0
2026-04-09 00:00:00-04:00,2.0393248510114685,2.055859813782925,2.002580294617271,2.0117664337158203,968600,0.0,0.0
2026-04-10 00:00:00-04:00,2.0117664526329495,2.0760694269274524,2.0025803134480205,2.0301387310028076,1111300,0.0,0.0
2026-04-13 00:00:00-04:00,2.011766296989871,2.112813820206408,1.9842078815671789,2.1036276817321777,1433800,0.0,0.0
2026-04-14 00:00:00-04:00,2.103627640331979,2.1863031039877874,2.0301385339844273,2.066883087158203,1861800,0.0,0.0
2026-04-15 00:00:00-04:00,2.0760693057644817,2.154151593786778,2.0760693057644817,2.1403722763061523,1760700,0.0,0.0
2026-04-16 00:00:00-04:00,2.158744524382752,2.227640672823652,2.1513957011691067,2.2046754360198975,2264000,0.0,0.0
2026-04-17 00:00:00-04:00,2.250606179946675,2.268978457414417,2.1495584348592685,2.1587445735931396,2141800,0.0,0.0
2026-04-20 00:00:00-04:00,2.149558525111073,2.1587446642306354,2.112813968632824,2.1311862468719482,1677300,0.0,0.0
2026-04-21 00:00:00-04:00,2.1403723666951975,2.1587446447686887,2.0944416715114698,2.112813949584961,2247800,0.0,0.0
2026-04-22 00:00:00-04:00,2.122000018657655,2.1817100299352292,2.0990347813303885,2.1587445735931396,2166400,0.0,0.0
2026-04-23 00:00:00-04:00,2.1403722561437175,2.1541515734945413,2.0944415633323366,2.121999979019165,2032600,0.0,0.0
2026-04-24 00:00:00-04:00,2.130000114440918,2.1700000762939453,2.059999942779541,2.140000104904175,2370200,0.188,0.0
2026-04-27 00:00:00-04:00,2.109999895095825,2.180000066757202,2.109999895095825,2.130000114440918,1091700,0.0,0.0
2026-04-28 00:00:00-04:00,2.109999895095825,2.115000009536743,2.049999952316284,2.0999999046325684,841800,0.0,0.0
2026-04-29 00:00:00-04:00,2.109999895095825,2.119999885559082,2.0329999923706055,2.0399999618530273,855700,0.0,0.0
2026-04-30 00:00:00-04:00,2.069999933242798,2.130000114440918,2.055000066757202,2.109999895095825,917300,0.0,0.0
2026-05-01 00:00:00-04:00,2.109999895095825,2.180000066757202,2.1050000190734863,2.1600000858306885,1446900,0.0,0.0
2026-05-04 00:00:00-04:00,2.1600000858306885,2.177000045776367,2.0999999046325684,2.109999895095825,600900,0.0,0.0
2026-05-05 00:00:00-04:00,2.119999885559082,2.125,2.069999933242798,2.0799999237060547,785500,0.0,0.0
2026-05-06 00:00:00-04:00,2.0999999046325684,2.1700000762939453,2.0899999141693115,2.1600000858306885,1071600,0.0,0.0
2026-05-07 00:00:00-04:00,2.119999885559082,2.1500000953674316,2.049999952316284,2.059999942779541,1424800,0.0,0.0
2026-05-08 00:00:00-04:00,2.0799999237060547,2.1050000190734863,2.0409998893737793,2.0899999141693115,874400,0.0,0.0
2026-05-11 00:00:00-04:00,2.069999933242798,2.0999999046325684,2.0199999809265137,2.0799999237060547,1848900,0.0,0.0
2026-05-12 00:00:00-04:00,2.059999942779541,2.069999933242798,2.009999990463257,2.049999952316284,1686600,0.0,0.0
2026-05-13 00:00:00-04:00,2.049999952316284,2.0899999141693115,2.0299999713897705,2.069999933242798,1811300,0.0,0.0
2026-05-14 00:00:00-04:00,2.069999933242798,2.0799999237060547,1.9900000095367432,2.0199999809265137,1349200,0.0,0.0
2026-05-15 00:00:00-04:00,2.0,2.009999990463257,1.9249999523162842,1.9500000476837158,1392400,0.0,0.0
2026-05-18 00:00:00-04:00,1.9600000381469727,1.9800000190734863,1.9249999523162842,1.9700000286102295,1367900,0.0,0.0
2026-05-19 00:00:00-04:00,1.9700000286102295,2.009999990463257,1.9299999475479126,1.9299999475479126,825700,0.0,0.0
2026-05-20 00:00:00-04:00,1.9500000476837158,1.9900000095367432,1.9220000505447388,1.9600000381469727,926400,0.0,0.0
2026-05-21 00:00:00-04:00,1.9600000381469727,1.9600000381469727,1.8899999856948853,1.9299999475479126,1535500,0.0,0.0
2026-05-22 00:00:00-04:00,1.840000033378601,1.9850000143051147,1.7899999618530273,1.9600000381469727,3344800,0.0,0.0
2026-05-26 00:00:00-04:00,2.0,2.299999952316284,1.9500000476837158,2.2300000190734863,5606700,0.0,0.0
2026-05-27 00:00:00-04:00,2.2200000286102295,2.5850000381469727,2.200000047683716,2.450000047683716,5170200,0.0,0.0
2026-05-28 00:00:00-04:00,2.390000104904175,2.390000104904175,2.200000047683716,2.2200000286102295,2426600,0.0,0.0
2026-05-29 00:00:00-04:00,2.2750000953674316,2.309999942779541,2.1649999618530273,2.200000047683716,1645900,0.0,0.0
2026-06-01 00:00:00-04:00,2.190000057220459,2.369999885559082,2.1700000762939453,2.200000047683716,2676100,0.0,0.0
2026-06-02 00:00:00-04:00,2.2100000381469727,2.3949999809265137,2.180000066757202,2.2899999618530273,1693000,0.0,0.0
2026-06-03 00:00:00-04:00,2.2699999809265137,2.2699999809265137,2.184999942779541,2.190000057220459,1166600,0.0,0.0
2026-06-04 00:00:00-04:00,2.190000057220459,2.2899999618530273,2.190000057220459,2.240000009536743,944700,0.0,0.0
2026-06-05 00:00:00-04:00,2.2200000286102295,2.2200000286102295,2.059999942779541,2.069999933242798,1412600,0.0,0.0
2026-06-08 00:00:00-04:00,2.0999999046325684,2.140000104904175,2.059999942779541,2.069999933242798,1156400,0.0,0.0
2026-06-09 00:00:00-04:00,2.109999895095825,2.115000009536743,2.009999990463257,2.059999942779541,971800,0.0,0.0
2026-06-10 00:00:00-04:00,2.059999942779541,2.200000047683716,2.0450000762939453,2.140000104904175,1425400,0.0,0.0
2026-06-11 00:00:00-04:00,2.140000104904175,2.1700000762939453,2.0980000495910645,2.1600000858306885,951600,0.0,0.0
2026-06-12 00:00:00-04:00,2.1500000953674316,2.1700000762939453,2.109999895095825,2.119999885559082,910200,0.0,0.0
2026-06-15 00:00:00-04:00,2.190000057220459,2.190000057220459,2.109999895095825,2.130000114440918,1055000,0.0,0.0
2026-06-16 00:00:00-04:00,2.130000114440918,2.174999952316284,1.9900000095367432,2.0299999713897705,2290200,0.0,0.0
2026-06-17 00:00:00-04:00,2.0299999713897705,2.075000047683716,1.9900000095367432,2.0,1352400,0.0,0.0
2026-06-18 00:00:00-04:00,2.0299999713897705,2.0399999618530273,1.9700000286102295,2.0,3969700,0.0,0.0
2026-06-22 00:00:00-04:00,2.0,2.0350000858306885,1.9600000381469727,1.9800000190734863,991000,0.0,0.0
2026-06-23 00:00:00-04:00,1.9600000381469727,2.0199999809265137,1.9600000381469727,2.0,753000,0.0,0.0
2026-06-24 00:00:00-04:00,1.9900000095367432,2.0350000858306885,1.9800000190734863,2.0,736100,0.0,0.0
2026-06-25 00:00:00-04:00,2.0,2.0199999809265137,1.9600000381469727,1.9700000286102295,806100,0.0,0.0
2026-06-26 00:00:00-04:00,1.9600000381469727,1.9900000095367432,1.8899999856948853,1.9500000476837158,1446600,0.0,0.0
2026-06-29 00:00:00-04:00,1.9600000381469727,2.015000104904175,1.8799999952316284,1.9299999475479126,2011200,0.0,0.0
2026-06-30 00:00:00-04:00,1.9199999570846558,1.9700000286102295,1.8799999952316284,1.9700000286102295,1900600,0.0,0.0
2026-07-01 00:00:00-04:00,1.9700000286102295,2.059999942779541,1.965000033378601,2.0199999809265137,2165200,0.0,0.0
2026-07-02 00:00:00-04:00,2.0299999713897705,2.0299999713897705,1.8899999856948853,1.909999966621399,2983400,0.0,0.0
2026-07-06 00:00:00-04:00,1.9199999570846558,1.940000057220459,1.850000023841858,1.8700000047683716,2652900,0.0,0.0
2026-07-07 00:00:00-04:00,1.8600000143051147,1.909999966621399,1.8300000429153442,1.850000023841858,1562300,0.0,0.0
2026-07-08 00:00:00-04:00,1.850000023841858,1.8600000143051147,1.784999966621399,1.850000023841858,1701800,0.0,0.0
2026-07-09 00:00:00-04:00,1.840000033378601,1.840000033378601,1.715000033378601,1.75,3258700,0.0,0.0
2026-07-10 00:00:00-04:00,1.7300000190734863,1.7300000190734863,1.5399999618530273,1.5950000286102295,9054900,0.0,0.0
2026-07-13 00:00:00-04:00,1.559999942779541,1.590000033378601,1.4700000286102295,1.4900000095367432,6249500,0.0,0.0
2026-07-14 00:00:00-04:00,1.4900000095367432,1.5299999713897705,1.4049999713897705,1.440000057220459,8280800,0.0,0.0
2026-07-15 00:00:00-04:00,1.4600000381469727,1.5169999599456787,1.4450000524520874,1.4600000381469727,4609200,0.0,0.0
2026-07-16 00:00:00-04:00,1.4500000476837158,1.5399999618530273,1.4500000476837158,1.5199999809265137,2303500,0.0,0.0
2026-07-17 00:00:00-04:00,1.5099999904632568,1.5399999618530273,1.4800000190734863,1.5399999618530273,1842400,0.0,0.0
2026-07-20 00:00:00-04:00,1.5399999618530273,1.5499999523162842,1.434999942779541,1.4500000476837158,2093100,0.0,0.0
2026-07-21 00:00:00-04:00,1.4700000286102295,1.5399999618530273,1.4299999475479126,1.440000057220459,2610100,0.0,0.0
2026-07-22 00:00:00-04:00,1.4500000476837158,1.4850000143051147,1.4199999570846558,1.4800000190734863,1384800,0.0,0.0
2026-07-23 00:00:00-04:00,1.4600000381469727,1.4700000286102295,1.440000057220459,1.4600000381469727,1424500,0.0,0.0
2026-07-24 00:00:00-04:00,1.4700000286102295,1.4850000143051147,1.4299999475479126,1.4800000190734863,1100500,0.0,0.0
2026-07-27 00:00:00-04:00,1.4800000190734863,1.5299999713897705,1.440000057220459,1.4600000381469727,2512200,0.0,0.0
2026-07-28 00:00:00-04:00,1.4600000381469727,1.475000023841858,1.4199999570846558,1.4500000476837158,4973700,0.0,0.0
2026-07-29 00:00:00-04:00,1.4500000476837158,1.5299999713897705,1.4500000476837158,1.4900000095367432,2130600,0.0,0.0
2026-07-30 00:00:00-04:00,1.4800000190734863,1.5099999904632568,1.4299999475479126,1.4900000095367432,1580500,0.0,0.0
2026-07-31 00:00:00-04:00,1.4800000190734863,1.4900000095367432,1.4299999475479126,1.4600000381469727,1286100,0.0,0.0
2026-08-03 00:00:00-04:00,1.4600000381469727,1.4900000095367432,1.4600000381469727,1.4700000286102295,875300,0.0,0.0
2026-08-04 00:00:00-04:00,1.4700000286102295,1.4900000095367432,1.4500000476837158,1.4800000190734863,922800,0.0,0.0
2026-08-05 00:00:00-04:00,1.5,1.5,1.4600000381469727,1.4800000190734863,506700,0.0,0.0
2026-08-06 00:00:00-04:00,1.4800000190734863,1.4900000095367432,1.440000057220459,1.4500000476837158,1080700,0.0,0.0
2026-08-07 00:00:00-04:00,1.4600000381469727,1.465000033378601,1.4199999570846558,1.4600000381469727,1865400,0.0,0.0
2026-08-10 00:00:00-04:00,1.4600000381469727,1.4700000286102295,1.4199999570846558,1.4700000286102295,1856100,0.0,0.0
2026-08-11 00:00:00-04:00,1.4700000286102295,1.4900000095367432,1.4299999475479126,1.4700000286102295,1100494,0.0,0.0
