Date,Open,High,Low,Close,Volume,Dividends,Stock Splits
2022-01-03 00:00:00-05:00,23.73526358638992,23.984671867617728,23.086805543713634,23.2364501953125,150300,0.0,0.0
2022-01-04 00:00:00-05:00,23.452601737625073,23.63550146036139,23.261389832663557,23.336212158203125,166800,0.0,0.0
2022-01-05 00:00:00-05:00,23.294645992540367,23.51911297964514,22.721008665169002,22.72932243347168,139900,0.0,0.0
2022-01-06 00:00:00-05:00,22.629559162184457,22.962103556864136,22.538110880767817,22.73763656616211,126000,0.0,0.0
2022-01-07 00:00:00-05:00,22.6212471163926,22.779205557325316,22.29701805114746,22.29701805114746,150000,0.0,0.0
2022-01-10 00:00:00-05:00,22.139053894547526,22.355207077469515,21.83976621377692,22.346893310546875,278100,0.0,0.0
2022-01-11 00:00:00-05:00,22.36351936446256,22.45496920887093,21.856392301252274,22.255443572998047,183700,0.0,0.0
2022-01-12 00:00:00-05:00,22.355208722840253,22.55473438660229,21.83976782121057,21.848081588745117,170700,0.0,0.0
2022-01-13 00:00:00-05:00,22.07254672024787,22.147369041525106,21.65686786234724,21.74831771850586,206700,0.0,0.0
2022-01-14 00:00:00-05:00,21.473967582061302,21.615298443000786,20.97515268546967,21.257814407348633,174500,0.0,0.0
2022-01-18 00:00:00-05:00,20.99178293165829,21.05829148742014,20.46802825324485,20.50128173828125,117900,0.0,0.0
2022-01-19 00:00:00-05:00,20.609362282543366,20.617674465806175,19.794630367819494,19.852825164794922,187600,0.0,0.0
2022-01-20 00:00:00-05:00,19.935955159416196,20.20198934160232,19.362319548710666,19.403886795043945,183400,0.0,0.0
2022-01-21 00:00:00-05:00,19.27087153704559,19.911017339878764,18.996523562358362,19.112913131713867,246500,0.0,0.0
2022-01-24 00:00:00-05:00,18.796996173924327,19.85281913936518,18.564215470983427,19.74474334716797,282900,0.0,0.0
2022-01-25 00:00:00-05:00,19.320754154448604,19.378948943945375,18.713863370140757,19.054719924926758,177900,0.0,0.0
2022-01-26 00:00:00-05:00,19.21267964577647,19.669925810552964,18.389635597765256,18.597475051879883,180400,0.0,0.0
2022-01-27 00:00:00-05:00,18.614100170193446,18.97158426898517,17.882506022148544,18.048776626586914,184000,0.0,0.0
2022-01-28 00:00:00-05:00,18.09034553829406,18.298184983928383,17.641411574593143,18.289871215820312,194900,0.0,0.0
2022-01-31 00:00:00-05:00,18.123596446450183,18.614097595214844,17.95732586501283,18.614097595214844,224900,0.0,0.0
2022-02-01 00:00:00-05:00,19.68655067902583,19.877762570327985,18.348064268532802,18.489395141601562,416900,0.0,0.0
2022-02-02 00:00:00-05:00,18.813627835211115,19.11291717479471,18.289873076629114,18.63072967529297,558100,0.0,0.0
2022-02-03 00:00:00-05:00,18.38132150833755,18.481083556584544,17.890820278337188,17.907447814941406,233300,0.0,0.0
2022-02-04 00:00:00-05:00,17.874193235584684,17.957329335213615,17.150911230208933,17.824312210083008,384300,0.0,0.0
2022-02-07 00:00:00-05:00,17.799365088721824,18.547586569529873,17.799365088721824,18.4062557220459,368900,0.0,0.0
2022-02-08 00:00:00-05:00,18.29818754851368,19.03809557125327,18.215051441470173,18.93833351135254,327500,0.0,0.0
2022-02-09 00:00:00-05:00,19.2043664523863,19.237619941482002,18.855196095590575,19.104602813720703,296800,0.0,0.0
2022-02-10 00:00:00-05:00,18.772059887623698,19.312442164293795,18.514339402262127,18.564220428466797,403200,0.0,0.0
2022-02-11 00:00:00-05:00,18.639042454650493,19.054721366140743,18.481084024291217,18.797000885009766,294000,0.0,0.0
2022-02-14 00:00:00-05:00,18.913391476968744,19.08797586793298,18.52265385027072,18.63072967529297,392600,0.0,0.0
2022-02-15 00:00:00-05:00,18.846877544056436,19.187734045655578,18.705546683464924,18.979894638061523,211400,0.0,0.0
2022-02-16 00:00:00-05:00,18.921702968373875,19.412204177789366,18.788685852500773,19.25424575805664,438100,0.0,0.0
2022-02-17 00:00:00-05:00,19.245931338137517,19.395575984847746,18.838566236364702,19.137855529785156,274200,0.0,0.0
2022-02-18 00:00:00-05:00,19.038092721098774,19.229304628690347,18.67229485628381,18.772058486938477,230000,0.0,0.0
2022-02-22 00:00:00-05:00,18.80544936656035,19.097587776807224,18.62181768922239,18.730327606201172,337100,0.09,0.0
2022-02-23 00:00:00-05:00,18.863872926178495,19.022463451394046,18.054227817473773,18.087615966796875,208200,0.0,0.0
2022-02-24 00:00:00-05:00,17.661930572071974,18.279597144618602,17.511687050526994,18.237863540649414,325700,0.0,0.0
2022-02-25 00:00:00-05:00,18.237859862305726,18.89725990582896,18.237859862305726,18.78875160217285,189700,0.0,0.0
2022-02-28 00:00:00-05:00,18.479919883358427,19.27287103386563,18.479919883358427,19.239482879638672,295600,0.0,0.0
2022-03-01 00:00:00-05:00,19.29790919791799,19.448151092855316,18.87221984884245,18.980728149414062,257900,0.0,0.0
2022-03-02 00:00:00-05:00,19.014120735122482,19.690214992215374,19.014120735122482,19.615093231201172,212600,0.0,0.0
2022-03-03 00:00:00-05:00,19.740289069720514,19.86549143242226,19.398068535386344,19.65682029724121,232800,0.0,0.0
2022-03-04 00:00:00-05:00,19.406416553498676,19.5065794039474,19.0558489649799,19.489885330200195,248700,0.0,0.0
2022-03-07 00:00:00-05:00,19.548314713073864,19.648477572319198,18.58008063918577,18.663549423217773,202000,0.0,0.0
2022-03-08 00:00:00-05:00,18.404792601532378,19.11427474545372,18.404792601532378,18.563383102416992,180500,0.0,0.0
2022-03-09 00:00:00-05:00,18.86387213460435,19.306253950329896,18.805444467775278,19.14766502380371,144100,0.0,0.0
2022-03-10 00:00:00-05:00,18.7386718316828,19.030810198064138,18.57173425772087,19.022464752197266,141200,0.0,0.0
2022-03-11 00:00:00-05:00,19.130970189746506,19.339641329865017,18.212816854818165,18.29628562927246,341300,0.0,0.0
2022-03-14 00:00:00-04:00,18.39644545920047,18.39644545920047,17.712002894581417,18.00414276123047,266500,0.0,0.0
2022-03-15 00:00:00-04:00,18.171084616498433,18.671895708476594,18.171084616498433,18.521652221679688,254600,0.0,0.0
2022-03-16 00:00:00-04:00,18.63016141156413,19.089238931142418,18.504959030600833,18.72197723388672,248700,0.0,0.0
2022-03-17 00:00:00-04:00,18.563385228268114,19.06419630439028,18.438182857246204,18.930646896362305,200300,0.0,0.0
2022-03-18 00:00:00-04:00,18.930650902871832,18.972384504700184,18.47157332258564,18.53000259399414,1287700,0.0,0.0
2022-03-21 00:00:00-04:00,18.48826834853442,18.997426595540194,18.1543947406761,18.237863540649414,512500,0.0,0.0
2022-03-22 00:00:00-04:00,18.271247519933,18.671897384703705,17.945720997339347,18.338022232055664,444500,0.0,0.0
2022-03-23 00:00:00-04:00,18.21281679734546,18.27959149829129,17.81216859167048,17.837209701538086,243900,0.0,0.0
2022-03-24 00:00:00-04:00,17.837213863978402,17.91233402704214,17.26962797747143,17.4282169342041,301400,0.0,0.0
2022-03-25 00:00:00-04:00,17.453261406414562,17.520036135784434,17.069307110546585,17.161121368408203,296800,0.0,0.0
2022-03-28 00:00:00-04:00,17.069301546943027,17.28631815263392,16.952444614607998,17.252931594848633,382500,0.0,0.0
2022-03-29 00:00:00-04:00,17.545071074377702,17.91233116049185,17.403174625458966,17.720354080200195,489000,0.0,0.0
2022-03-30 00:00:00-04:00,17.670274277310753,17.92902607557625,17.102688455024133,17.152769088745117,271600,0.0,0.0
2022-03-31 00:00:00-04:00,17.027567181782796,17.077647816895997,16.643612992523796,16.718734741210938,494500,0.0,0.0
2022-04-01 00:00:00-04:00,16.877324774363725,16.977487643093433,16.401554729975896,16.79385757446289,528300,0.0,0.0
2022-04-04 00:00:00-04:00,16.835589475551927,16.835589475551927,16.384858999803164,16.635265350341797,477300,0.0,0.0
2022-04-05 00:00:00-04:00,16.635264873921045,16.743773174955955,16.076026110045934,16.117759704589844,570100,0.0,0.0
2022-04-06 00:00:00-04:00,15.959168469500034,16.03428861043567,15.650334501508484,15.74215030670166,595300,0.0,0.0
2022-04-07 00:00:00-04:00,15.717115769603472,15.717115769603472,15.174570931789807,15.358201026916504,350600,0.0,0.0
2022-04-08 00:00:00-04:00,15.341506468273606,15.56687175436459,15.041021012187262,15.074407577514648,287100,0.0,0.0
2022-04-11 00:00:00-04:00,15.024321982991086,15.508438960983865,14.949200245713374,15.249687194824219,392900,0.0,0.0
2022-04-12 00:00:00-04:00,15.433321962217216,15.825623250200533,15.31646659814451,15.416627883911133,357200,0.0,0.0
2022-04-13 00:00:00-04:00,15.416625280155735,15.708765233032125,15.391585758960538,15.583562850952148,296500,0.0,0.0
2022-04-14 00:00:00-04:00,15.67538080522416,15.767195048813502,15.408280337229593,15.475056648254395,216300,0.0,0.0
2022-04-18 00:00:00-04:00,15.399933204722812,15.500094476226685,15.166220917822594,15.333158493041992,237200,0.0,0.0
2022-04-19 00:00:00-04:00,15.76719263332017,16.259656707439692,15.633643215799754,15.909089088439941,580100,0.0,0.0
2022-04-20 00:00:00-04:00,16.08437512058896,16.451635255327567,15.925784576204011,15.950825691223145,310700,0.0,0.0
2022-04-21 00:00:00-04:00,16.14279976380203,16.25965509453205,15.758844032492084,15.859006881713867,251700,0.0,0.0
2022-04-22 00:00:00-04:00,15.717110390098034,15.833965720452055,15.383236880490497,15.399930953979492,324200,0.0,0.0
2022-04-25 00:00:00-04:00,15.283076677504496,15.500094894329731,14.982591262852806,15.491747856140137,447100,0.0,0.0
2022-04-26 00:00:00-04:00,15.274727794350557,15.475053502634927,14.798957819252934,14.815651893615723,348300,0.0,0.0
2022-04-27 00:00:00-04:00,14.907471917321992,15.007633207694175,14.657065507321523,14.732187271118164,389100,0.0,0.0
2022-04-28 00:00:00-04:00,15.909088335304254,16.359818792124074,15.283074873299771,15.767191886901855,965500,0.0,0.0
2022-04-29 00:00:00-04:00,15.92578213075442,16.593529175049028,15.475053273864196,15.616948127746582,583300,0.0,0.0
2022-05-02 00:00:00-04:00,16.560143830731374,18.772057867865108,16.493369121415306,18.72197723388672,1534000,0.0,0.0
2022-05-03 00:00:00-04:00,18.71362865302416,19.690209691260893,18.71362865302416,19.14766502380371,822800,0.0,0.0
2022-05-04 00:00:00-04:00,19.20609482556873,20.266144759410476,19.00577069187209,20.24945068359375,400200,0.0,0.0
2022-05-05 00:00:00-04:00,19.88218839215894,20.182675379900473,18.888913198706934,19.214441299438477,367500,0.0,0.0
2022-05-06 00:00:00-04:00,19.18939944332103,19.665169427464054,18.82213776053,19.56500816345215,361000,0.0,0.0
2022-05-09 00:00:00-04:00,19.364683720434492,20.132593630535315,19.364683720434492,19.5983943939209,411500,0.0,0.0
2022-05-10 00:00:00-04:00,19.798720984115626,19.94061745018876,18.9306497032242,19.439807891845703,271800,0.0,0.0
2022-05-11 00:00:00-04:00,19.389723783732205,19.673516688382055,19.1142779165173,19.373029708862305,369800,0.0,0.0
2022-05-12 00:00:00-04:00,19.13931705095203,19.832105166113568,19.00576764986314,19.807064056396484,317200,0.0,0.0
2022-05-13 00:00:00-04:00,19.990698079138525,20.45812103911838,19.940615853686136,20.291183471679688,298900,0.0,0.0
2022-05-16 00:00:00-04:00,22.578217476009957,25.583082312204862,22.31946569941454,25.149045944213867,3996500,0.0,0.0
2022-05-17 00:00:00-04:00,25.03219236361674,26.083895209508267,23.888675289171285,26.07554817199707,1199100,0.0,0.0
2022-05-18 00:00:00-04:00,25.765823335568133,26.53595195498638,24.86175944291492,24.978952407836914,915200,0.09,0.0
2022-05-19 00:00:00-04:00,24.81153862403606,25.456103283001642,24.65249144582491,25.104522705078125,607700,0.0,0.0
2022-05-20 00:00:00-04:00,25.271939439356363,25.271939439356363,24.577149527613667,25.238454818725586,397500,0.0,0.0
2022-05-23 00:00:00-04:00,25.489581233110528,25.832790564943892,24.62737152819767,25.25519371032715,662800,0.0,0.0
2022-05-24 00:00:00-04:00,25.079401799266435,25.28867585271813,24.284161354130593,24.819902420043945,381200,0.0,0.0
2022-05-25 00:00:00-04:00,24.76968293108413,25.799311133499263,24.501812335005532,25.523069381713867,362800,0.0,0.0
2022-05-26 00:00:00-04:00,25.573288161594498,26.418755511562157,25.414241033853763,25.966724395751953,523600,0.0,0.0
2022-05-27 00:00:00-04:00,26.226224933675674,26.661515358320884,26.067176202241008,26.427127838134766,307900,0.0,0.0
2022-05-31 00:00:00-04:00,26.159261471271773,27.08006619775285,25.59840684146232,26.845680236816406,610300,0.0,0.0
2022-06-01 00:00:00-04:00,27.339560410173412,27.389787329262425,26.435496622815986,27.0968017578125,359700,0.0,0.0
2022-06-02 00:00:00-04:00,27.339563738024484,27.68277307707143,27.213998021651946,27.448387145996094,228800,0.0,0.0
2022-06-03 00:00:00-04:00,27.28933658551954,27.364675376061776,26.879161209554194,27.239112854003906,233900,0.0,0.0
2022-06-06 00:00:00-04:00,27.590693781843036,27.615808842721275,27.07169496054874,27.456758499145508,253000,0.0,0.0
2022-06-07 00:00:00-04:00,27.20562665545763,27.94227220978215,26.79544811007562,27.850191116333008,245300,0.0,0.0
2022-06-08 00:00:00-04:00,27.51535814726665,27.573954640600252,26.77871400778968,27.01310157775879,280700,0.0,0.0
2022-06-09 00:00:00-04:00,26.921017585580273,27.532097517397847,26.661518172839234,27.17214584350586,257900,0.0,0.0
2022-06-10 00:00:00-04:00,26.70337167522479,26.937759214228706,26.0169529640552,26.14251708984375,316600,0.0,0.0
2022-06-13 00:00:00-04:00,25.422616217007995,25.523066882383556,24.602260601056724,24.803163528442383,346000,0.0,0.0
2022-06-14 00:00:00-04:00,24.945473683895035,25.347281195150334,24.83665184742335,25.188232421875,275000,0.0,0.0
2022-06-15 00:00:00-04:00,25.389133014980672,25.389133014980672,24.744568422401237,25.062665939331055,364400,0.0,0.0
2022-06-16 00:00:00-04:00,24.451583502018796,24.451583502018796,21.772876152608546,21.948665618896484,549100,0.0,0.0
2022-06-17 00:00:00-04:00,22.032375731757927,22.26676328513382,21.505005732455402,22.049118041992188,675600,0.0,0.0
2022-06-21 00:00:00-04:00,22.392324012525858,22.55974389613306,21.66404959445918,22.174678802490234,389600,0.0,0.0
2022-06-22 00:00:00-04:00,21.79799024867736,22.08260154567134,21.287360951878757,21.881698608398438,431400,0.0,0.0
2022-06-23 00:00:00-04:00,21.9570327797556,22.233274459838867,21.52174237579582,22.233274459838867,419000,0.0,0.0
2022-06-24 00:00:00-04:00,22.459299514152544,22.886218929930212,22.208171197405633,22.27513885498047,1987000,0.0,0.0
2022-06-27 00:00:00-04:00,22.45092303167492,23.237794018997622,22.291874283925385,22.89458465576172,483700,0.0,0.0
2022-06-28 00:00:00-04:00,23.488919979192627,24.29253319751093,23.21267828465948,23.279645919799805,746500,0.0,0.0
2022-06-29 00:00:00-04:00,23.2963930710151,23.76516661445444,22.902958332350703,23.430328369140625,455100,0.0,0.0
2022-06-30 00:00:00-04:00,23.05363296983217,23.80701932382055,22.635084817990347,23.463809967041016,546800,0.0,0.0
2022-07-01 00:00:00-04:00,23.463809631063093,24.141857180280237,23.38847083707958,24.049776077270508,512500,0.0,0.0
2022-07-05 00:00:00-04:00,23.706566745378524,24.25067901611328,23.29638975369741,24.25067901611328,594900,0.0,0.0
2022-07-06 00:00:00-04:00,24.24230800284982,24.409727900959652,23.05363279348105,23.656341552734375,681300,0.0,0.0
2022-07-07 00:00:00-04:00,23.737418122592832,23.791468687662583,23.23294217272335,23.503196716308594,469400,2.0,0.0
2022-07-08 00:00:00-04:00,23.602289242376298,23.818493206158145,23.05276976053303,23.494186401367188,343200,0.0,0.0
2022-07-11 00:00:00-04:00,23.377075127027194,24.052713116614843,23.259963579953027,23.638320922851562,263300,0.0,0.0
2022-07-12 00:00:00-04:00,23.593281710622808,23.97163909574772,23.440137013828522,23.566255569458008,276800,0.0,0.0
2022-07-13 00:00:00-04:00,23.386081722949285,24.187839958663304,23.115827219014548,24.016677856445312,251200,0.0,0.0
2022-07-14 00:00:00-04:00,23.530225627908308,23.710394772095576,23.17889261800526,23.58427619934082,208700,0.0,0.0
2022-07-15 00:00:00-04:00,24.052712678522454,24.052712678522454,23.268971868851757,23.38608169555664,413400,0.0,0.0
2022-07-18 00:00:00-04:00,23.620305375591414,23.95362089964891,23.286991569770315,23.431127548217773,246700,0.0,0.0
2022-07-19 00:00:00-04:00,23.575259815411744,24.51214352783456,23.575259815411744,24.2689151763916,248800,0.0,0.0
2022-07-20 00:00:00-04:00,24.259909131597873,24.74636760620289,24.196849858800583,24.719343185424805,273700,0.0,0.0
2022-07-21 00:00:00-04:00,24.27792554884545,24.85446941130642,23.827500226738753,24.800418853759766,272000,0.0,0.0
2022-07-22 00:00:00-04:00,24.584217990037434,24.809430679349305,24.27792859511437,24.557191848754883,250100,0.0,0.0
2022-07-25 00:00:00-04:00,24.611236983293413,24.69231367101727,24.25089710354076,24.54817771911621,378000,0.0,0.0
2022-07-26 00:00:00-04:00,24.512146566295986,24.94455620540455,24.41305415832715,24.602231979370117,334400,0.0,0.0
2022-07-27 00:00:00-04:00,24.602231069222462,25.09769996368238,24.45809510093063,24.944555282592773,208100,0.0,0.0
2022-07-28 00:00:00-04:00,24.908520960319137,26.818325158093884,24.908520960319137,26.448976516723633,605800,0.0,0.0
2022-07-29 00:00:00-04:00,26.65617138329822,27.14262985016524,26.313847167506346,27.034528732299805,504300,0.0,0.0
2022-08-01 00:00:00-04:00,26.926429982256444,27.043541548991225,25.962519896875243,26.611133575439453,439600,0.0,0.0
2022-08-02 00:00:00-04:00,26.214756663050363,26.44897805972137,25.34093035273229,25.566143035888672,443700,0.0,0.0
2022-08-03 00:00:00-04:00,25.638209055351236,26.827333374345685,25.566141071009415,26.77328109741211,447800,0.0,0.0
2022-08-04 00:00:00-04:00,26.593111271126446,27.67413100680055,26.57509384597282,27.584047317504883,387100,0.0,0.0
2022-08-05 00:00:00-04:00,27.178664896173,27.719175644078334,26.935434801880152,27.710166931152344,362800,0.0,0.0
2022-08-08 00:00:00-04:00,27.79124535032478,29.41277769446012,27.701159933722302,29.02541160583496,670500,0.0,0.0
2022-08-09 00:00:00-04:00,29.043427117527102,29.18756308729142,27.89033592293997,28.07951545715332,887100,0.0,0.0
2022-08-10 00:00:00-04:00,28.556964817457306,29.827164030898402,28.556964817457306,29.710052490234375,505500,0.0,0.0
2022-08-11 00:00:00-04:00,29.764113566374203,30.9442260066052,29.728078706824448,30.358675003051758,506700,0.0,0.0
2022-08-12 00:00:00-04:00,30.574875665166843,30.574875665166843,29.854195694776216,30.187509536743164,321900,0.0,0.0
2022-08-15 00:00:00-04:00,30.070397224882292,30.26858204139984,29.484842897305334,30.097421646118164,356500,0.0,0.0
2022-08-16 00:00:00-04:00,29.863206863570507,30.16949628809591,29.818161572176248,30.070402145385742,253200,0.0,0.0
2022-08-17 00:00:00-04:00,29.627786890930416,29.79037868379926,29.257439684009913,29.338735580444336,259100,0.09,0.0
2022-08-18 00:00:00-04:00,29.59165678349912,30.35041739055108,29.59165678349912,30.278156280517578,226000,0.0,0.0
2022-08-19 00:00:00-04:00,30.025233903294907,30.205888381264053,29.70908167532232,30.016199111938477,278500,0.0,0.0
2022-08-22 00:00:00-04:00,29.654889992703485,30.6846357924675,29.501329534516326,30.278156280517578,579500,0.0,0.0
2022-08-23 00:00:00-04:00,30.449776586649758,30.865287406366974,29.51939291516048,29.745214462280273,372000,0.0,0.0
2022-08-24 00:00:00-04:00,29.50133036986073,29.989105798012233,29.26647744839729,29.898775100708008,420800,0.0,0.0
2022-08-25 00:00:00-04:00,30.016203894288886,30.883357931448487,30.016203894288886,30.711734771728516,242600,0.0,0.0
2022-08-26 00:00:00-04:00,30.71172846598011,30.71172846598011,29.12194639093574,29.302600860595703,358800,0.0,0.0
2022-08-29 00:00:00-04:00,29.18517430356728,29.835537933999305,29.158073378217214,29.609716415405273,269400,0.0,0.0
2022-08-30 00:00:00-04:00,29.808446898870628,29.808446898870628,29.112916057738673,29.194211959838867,252400,0.0,0.0
2022-08-31 00:00:00-04:00,29.08581536337417,29.094846708938395,28.15542998802969,28.318021774291992,360200,0.0,0.0
2022-09-01 00:00:00-04:00,27.96574002340017,28.769665915787932,27.649591230593316,28.706436157226562,312500,0.0,0.0
2022-09-02 00:00:00-04:00,29.103882023515084,29.23937288399409,28.471581003989677,28.670303344726562,246700,0.0,0.0
2022-09-06 00:00:00-04:00,28.778698920689546,28.778698920689546,27.30634144796403,27.47796630859375,444000,0.0,0.0
2022-09-07 00:00:00-04:00,27.46893326037016,29.094847734544057,27.37860429560901,28.86902618408203,403500,0.0,0.0
2022-09-08 00:00:00-04:00,28.93225648018419,31.12724226712448,28.462548955884927,30.449777603149414,702100,0.0,0.0
2022-09-09 00:00:00-04:00,30.702698271235498,31.542751234767973,30.53107169455928,31.05497932434082,462400,0.0,0.0
2022-09-12 00:00:00-04:00,31.127242953643666,31.479524035358192,30.458813066740085,30.648502349853516,291300,0.0,0.0
2022-09-13 00:00:00-04:00,29.763278609424624,29.943936524193468,28.968385851899587,29.130977630615234,319700,0.0,0.0
2022-09-14 00:00:00-04:00,29.28454157130104,30.06136837721088,28.968392729716314,29.54649543762207,337800,0.0,0.0
2022-09-15 00:00:00-04:00,29.347768012082042,29.95296806794288,29.140009168974288,29.60068702697754,291800,0.0,0.0
2022-09-16 00:00:00-04:00,29.0767812311895,29.203244192298413,28.336088553535767,28.679336547851562,670400,0.0,0.0
2022-09-19 00:00:00-04:00,28.372218763367986,29.55552489911722,28.12833108138471,29.42003059387207,294800,0.0,0.0
2022-09-20 00:00:00-04:00,29.06775298482972,29.06775298482972,28.191564183990998,28.769668579101562,357900,0.0,0.0
2022-09-21 00:00:00-04:00,29.013551581572976,29.2845367505746,28.200594351686423,28.227693557739258,187600,0.0,0.0
2022-09-22 00:00:00-04:00,28.038003405152473,28.200593467727987,26.746303912778075,26.782434463500977,523300,0.0,0.0
2022-09-23 00:00:00-04:00,26.357887475356062,26.86372718595232,25.73461961228478,26.068836212158203,363600,0.0,0.0
2022-09-26 00:00:00-04:00,25.843015757148187,26.791465468768653,25.72558759985788,25.861080169677734,325700,0.0,0.0
2022-09-27 00:00:00-04:00,26.177232987284413,26.601778592977833,25.77978831001105,25.888181686401367,349300,0.0,0.0
2022-09-28 00:00:00-04:00,26.059807340625394,26.881797648770757,25.897215548177883,26.719205856323242,391200,0.0,0.0
2022-09-29 00:00:00-04:00,26.258529412263197,26.601779131167458,25.83398552086234,26.54758071899414,310700,0.0,0.0
2022-09-30 00:00:00-04:00,26.565646513435198,27.33344011382846,26.529515962001103,26.665008544921875,630000,0.0,0.0
2022-10-03 00:00:00-04:00,26.86373140830496,27.658624229919138,26.592746237184766,27.32440757751465,425600,0.0,0.0
2022-10-04 00:00:00-04:00,27.911545054478268,29.07678343252084,27.911545054478268,29.0045223236084,423000,0.0,0.0
2022-10-05 00:00:00-04:00,28.435449220686554,29.158077493012353,28.191561532695957,28.86902618408203,379900,0.0,0.0
2022-10-06 00:00:00-04:00,28.561905094232316,29.140005880596423,28.227688504273903,28.435443878173828,322300,0.0,0.0
2022-10-07 00:00:00-04:00,28.345118107786273,28.525776023617386,27.143747619289616,27.315372467041016,591100,0.0,0.0
2022-10-10 00:00:00-04:00,27.450868738025402,27.93864414270685,27.31537614435227,27.767019271850586,303700,0.0,0.0
2022-10-11 00:00:00-04:00,27.649590688718682,28.05606843845353,26.701139160240697,27.586360931396484,350400,0.0,0.0
2022-10-12 00:00:00-04:00,27.658631099915873,27.658631099915873,26.99019762907786,27.09859275817871,247600,0.0,0.0
2022-10-13 00:00:00-04:00,26.547582869779312,27.90251227201314,26.059809180873682,27.640560150146484,219000,0.0,0.0
2022-10-14 00:00:00-04:00,27.64958900277312,27.658622070822876,26.22239698566118,26.231430053710938,258900,0.0,0.0
2022-10-17 00:00:00-04:00,26.82760320882809,27.5050679189209,26.82760320882809,27.216014862060547,225200,0.0,0.0
2022-10-18 00:00:00-04:00,27.87541313950063,28.34512066179726,27.450867515908694,27.812183380126953,363100,0.0,0.0
2022-10-19 00:00:00-04:00,27.514095392773957,27.5592607341519,26.78243409126737,27.06245231628418,208800,0.0,0.0
2022-10-20 00:00:00-04:00,26.945026012214598,27.39666909101329,26.195298570324038,26.601778030395508,318900,0.0,0.0
2022-10-21 00:00:00-04:00,26.764365984539545,27.920572795480133,26.619840348532158,27.803146362304688,268800,0.0,0.0
2022-10-24 00:00:00-04:00,27.857351004407114,28.363190874960047,27.216016803862917,28.14640235900879,330600,0.0,0.0
2022-10-25 00:00:00-04:00,28.056067531884764,29.65488616488695,28.056067531884764,29.356800079345703,531400,0.0,0.0
2022-10-26 00:00:00-04:00,29.483260203439116,29.62778585362212,28.697402195929243,29.25743865966797,326800,0.0,0.0
2022-10-27 00:00:00-04:00,29.420032719618717,30.28718668770665,29.022588012352642,29.754247665405273,393100,0.0,0.0
2022-10-28 00:00:00-04:00,29.75425105162079,30.052337200317048,29.203249273986668,29.700056076049805,272600,0.0,0.0
2022-10-31 00:00:00-04:00,29.26647638432304,29.474231811923506,29.01355388683077,29.031620025634766,291000,0.0,0.0
2022-11-01 00:00:00-04:00,29.5916567295071,29.672952631748753,28.832897846721384,29.1851806640625,298600,0.0,0.0
2022-11-02 00:00:00-04:00,29.185175706324387,29.46519219755144,28.299954001498552,28.33608627319336,335800,0.0,0.0
2022-11-03 00:00:00-04:00,27.81218208341614,28.119297797071983,27.52312906094195,27.712820053100586,274800,0.0,0.0
2022-11-04 00:00:00-04:00,28.20962829976815,28.53481189101261,27.5502297711951,27.992839813232422,163400,0.0,0.0
2022-11-07 00:00:00-05:00,28.083168179549542,28.59804103942336,27.803149939121653,28.39931869506836,265500,0.0,0.0
2022-11-08 00:00:00-05:00,28.47158108362644,29.329703652113757,28.227693399166043,29.1219482421875,255200,0.0,0.0
2022-11-09 00:00:00-05:00,28.68836823116275,29.19420799100003,28.28188877592108,28.561908721923828,281300,0.0,0.0
2022-11-10 00:00:00-05:00,29.167105735883492,31.05497361170105,29.112907335466733,30.603330612182617,531600,0.0,0.0
2022-11-11 00:00:00-05:00,30.747862058441118,31.22660262596939,30.431709831435256,31.091108322143555,354600,0.0,0.0
2022-11-14 00:00:00-05:00,30.71172832069741,30.71172832069741,29.40196274727975,29.889738082885742,328900,0.0,0.0
2022-11-15 00:00:00-05:00,30.549142723891606,31.52469359250983,30.47688161089978,30.99175453186035,373600,0.0,0.0
2022-11-16 00:00:00-05:00,30.747864655572716,31.036915978770285,30.124594940245053,30.359451293945312,195400,0.0,0.0
2022-11-17 00:00:00-05:00,29.42003437613104,30.87432586357192,27.613461784679266,30.034269332885742,480900,0.0,0.0
2022-11-18 00:00:00-05:00,30.476879302455316,32.67186169906168,30.476879302455316,32.6628303527832,1150900,0.0,0.0
2022-11-21 00:00:00-05:00,32.72605773685592,32.85251725015009,31.199505340176767,31.867935180664062,507100,0.0,0.0
2022-11-22 00:00:00-05:00,32.15698059577106,32.89767484872641,31.895030271503444,32.59056091308594,526900,0.0,0.0
2022-11-23 00:00:00-05:00,32.563461791606834,33.1325329745308,32.29247666261162,32.73508834838867,391100,0.0,0.0
2022-11-25 00:00:00-05:00,32.8163861404193,33.195764653926474,32.56346368565145,33.051239013671875,163200,0.0,0.0
2022-11-28 00:00:00-05:00,32.743289484913944,32.743289484913944,31.375587272397077,31.701662063598633,530600,0.1,0.0
2022-11-29 00:00:00-05:00,31.62013749557363,32.59836168757265,30.66002895030122,31.810346603393555,432700,0.0,0.0
2022-11-30 00:00:00-05:00,31.746946695091687,31.991502767184556,30.705322819740562,31.982446670532227,588900,0.0,0.0
2022-12-01 00:00:00-05:00,32.12737308786093,32.28135093984847,31.511454769496453,32.14548873901367,235900,0.0,0.0
2022-12-02 00:00:00-05:00,31.565795189982126,32.861034751852124,31.185376918488082,32.643653869628906,243900,0.0,0.0
2022-12-05 00:00:00-05:00,32.02773228002128,32.12736661367985,31.040451949996417,31.429929733276367,347600,0.0,0.0
2022-12-06 00:00:00-05:00,31.484274796511553,32.01867433135139,31.2487782776089,31.864696502685547,300900,0.0,0.0
2022-12-07 00:00:00-05:00,31.583906341991575,32.32663058504018,31.266891160887777,31.46615982055664,318800,0.0,0.0
2022-12-08 00:00:00-05:00,31.710704808105607,32.217932431411235,31.149133712620976,31.69259262084961,366900,0.0,0.0
2022-12-09 00:00:00-05:00,31.51144739167039,32.12736556582896,31.357466120527576,31.602022171020508,464000,0.0,0.0
2022-12-12 00:00:00-05:00,31.692607735049776,32.915384815096786,31.429935976898086,32.84292221069336,564900,0.0,0.0
2022-12-13 00:00:00-05:00,33.73962154067981,34.13815542372894,32.72516945778699,32.90632247924805,482700,0.0,0.0
2022-12-14 00:00:00-05:00,32.98784014403046,33.09653403804795,32.07302232822711,32.598365783691406,292000,0.0,0.0
2022-12-15 00:00:00-05:00,32.19076789659627,32.19076789659627,31.30312194864365,31.547677993774414,357800,0.0,0.0
2022-12-16 00:00:00-05:00,31.149146151797897,31.792236167569705,30.63286222869018,31.656373977661133,2087300,0.0,0.0
2022-12-19 00:00:00-05:00,31.77411550409841,32.109246296129676,31.058563080264495,31.167253494262695,431400,0.0,0.0
2022-12-20 00:00:00-05:00,30.940809007121924,31.719764356939113,30.75059994408438,31.69259262084961,256500,0.0,0.0
2022-12-21 00:00:00-05:00,32.02773685480019,32.15454295022147,31.565796415528997,31.701662063598633,236100,0.0,0.0
2022-12-22 00:00:00-05:00,31.448049528112207,31.701661716175398,31.058571693468355,31.68354606628418,310900,0.0,0.0
2022-12-23 00:00:00-05:00,31.89186929340471,32.71611231940023,31.88281319650663,32.598365783691406,747600,0.0,0.0
2022-12-27 00:00:00-05:00,32.67988515315447,33.20522516428783,32.28134777725314,33.1055908203125,395600,0.0,0.0
2022-12-28 00:00:00-05:00,33.06029963302789,33.150874414323475,31.36652634531412,31.411813735961914,538700,0.0,0.0
2022-12-29 00:00:00-05:00,31.56579138821094,32.06396304832044,31.131026220920617,31.520503997802734,470300,0.0,0.0
2022-12-30 00:00:00-05:00,31.167257606138605,32.58024699535384,31.013279787260792,32.41720962524414,657600,0.0,0.0
2023-01-03 00:00:00-05:00,32.77951151830671,33.4678922788442,32.308515065098526,32.61647415161133,533300,0.0,0.0
2023-01-04 00:00:00-05:00,32.83385240650989,33.3773078918457,32.68893071340663,33.3773078918457,604700,0.0,0.0
2023-01-05 00:00:00-05:00,33.150875894794346,33.223338487232034,31.674486853545556,31.71977424621582,285900,0.0,0.0
2023-01-06 00:00:00-05:00,32.1998297774286,33.10559153462888,32.036792384716,32.688941955566406,432100,0.0,0.0
2023-01-09 00:00:00-05:00,32.78856778246005,35.859098788740624,32.78856778246005,35.09825897216797,1438900,0.0,0.0
2023-01-10 00:00:00-05:00,34.87183092469931,35.696074062893004,34.672562213749,35.61455535888672,523500,0.0,0.0
2023-01-11 00:00:00-05:00,35.64171908279531,36.02214076756489,34.88993871976064,35.143550872802734,420400,0.0,0.0
2023-01-12 00:00:00-05:00,35.125439047160754,35.32470773492136,34.03852772717478,34.690673828125,438600,0.0,0.0
2023-01-13 00:00:00-05:00,34.871819760035585,36.0674247325346,34.76312934122825,35.84098434448242,750600,0.0,0.0
2023-01-17 00:00:00-05:00,35.840985079910396,36.221406736351184,35.397163845136696,36.11271286010742,577900,0.0,0.0
2023-01-18 00:00:00-05:00,36.194230624467686,36.90072698136267,34.93522262573242,34.93522262573242,397600,0.0,0.0
2023-01-19 00:00:00-05:00,34.726894732038446,34.880872522703754,33.57657725601145,34.74501037597656,532500,0.0,0.0
2023-01-20 00:00:00-05:00,34.96239708673813,35.533027873764745,34.02946372549004,34.418941497802734,373200,0.0,0.0
2023-01-23 00:00:00-05:00,34.41893783077117,35.306583707571605,34.30118786547138,35.09825897216797,309400,0.0,0.0
2023-01-24 00:00:00-05:00,34.917118325767866,36.112723681055265,34.68162176708705,35.61455535888672,323000,0.0,0.0
2023-01-25 00:00:00-05:00,35.26130808167535,35.87722639835845,35.179789379314144,35.80476379394531,232600,0.0,0.0
2023-01-26 00:00:00-05:00,35.95873055500279,36.39349563999274,35.605484139398804,36.05836486816406,279400,0.0,0.0
2023-01-27 00:00:00-05:00,36.11272258531784,36.65618174727245,35.94968518225217,36.004032135009766,536400,0.0,0.0
2023-01-30 00:00:00-05:00,35.68701934814453,36.357281202438706,35.43340367295639,35.68701934814453,325200,0.0,0.0
2023-01-31 00:00:00-05:00,35.86816100420081,37.02753829956055,35.578317544162516,37.02753829956055,595500,0.0,0.0
2023-02-01 00:00:00-05:00,36.801096166844545,37.833663877051166,35.81381584730891,37.15434265136719,648100,0.0,0.0
2023-02-02 00:00:00-05:00,37.281152887588846,38.18691462290948,37.22680593959515,38.078224182128906,632500,0.0,0.0
2023-02-03 00:00:00-05:00,37.76120110777445,39.618015213289546,37.697798070096084,38.95680618286133,1110900,0.0,0.0
2023-02-06 00:00:00-05:00,38.76659905979028,38.82094600424993,37.02753829956055,37.02753829956055,556200,0.0,0.0
2023-02-07 00:00:00-05:00,36.728639078379686,37.11811691585299,36.248586445999216,36.810157775878906,537500,0.0,0.0
2023-02-08 00:00:00-05:00,36.484080919958195,36.8916743843742,36.11271875353623,36.239524841308594,394000,0.0,0.0
2023-02-09 00:00:00-05:00,36.72863736034515,36.83732780019098,35.06203564347963,35.35187911987305,619600,0.0,0.0
2023-02-10 00:00:00-05:00,35.18883526629891,36.05836899090284,35.01674181356585,35.859100341796875,364400,0.0,0.0
2023-02-13 00:00:00-05:00,35.85909589007939,36.22140185161983,35.52396512153819,36.04024887084961,433400,0.0,0.0
2023-02-14 00:00:00-05:00,35.7413494097147,36.71957352787102,35.641715087842556,36.257633209228516,304300,0.0,0.0
2023-02-15 00:00:00-05:00,35.92250653894089,36.41161865426357,35.64171918639495,36.26669692993164,326100,0.0,0.0
2023-02-16 00:00:00-05:00,35.949680681390745,36.87355803135872,35.72324025606154,36.194236755371094,378000,0.0,0.0
2023-02-17 00:00:00-05:00,36.21234885839973,36.456904908435114,35.496796355170986,35.53302764892578,436000,0.0,0.0
2023-02-21 00:00:00-05:00,35.02580545234732,35.37905543962491,33.57658802456831,33.594703674316406,456900,0.0,0.0
2023-02-22 00:00:00-05:00,33.51296011118535,34.121459324787935,33.195084440211,33.549285888671875,622000,0.1,0.0
2023-02-23 00:00:00-05:00,34.0397209962473,34.33034800968751,33.5492866118617,33.712764739990234,443100,0.0,0.0
2023-02-24 00:00:00-05:00,33.17691929167996,33.56744997596512,32.859047090307,33.12242889404297,400400,0.0,0.0
2023-02-27 00:00:00-05:00,33.71276241925523,34.121457711442595,33.34948040973638,33.51295852661133,346800,0.0,0.0
2023-02-28 00:00:00-05:00,33.503875535690526,33.80358658088259,33.12242889404297,33.12242889404297,549700,0.0,0.0
2023-03-01 00:00:00-05:00,33.23141529028158,33.74909488839707,32.86812978145963,32.94078826904297,493800,0.0,0.0
2023-03-02 00:00:00-05:00,32.60475594286596,34.39392814066094,32.350454665637116,34.15779495239258,473000,0.0,0.0
2023-03-03 00:00:00-05:00,34.23044158283301,34.80261498545974,33.84899495744653,34.52106857299805,436600,0.0,0.0
2023-03-06 00:00:00-05:00,34.4120848548369,34.49382391363058,32.595664405685966,32.6955680847168,839900,0.0,0.0
2023-03-07 00:00:00-05:00,32.777305942621695,33.01343906795921,32.60474725351147,32.822715759277344,498900,0.0,0.0
2023-03-08 00:00:00-05:00,32.99528011092086,33.37672675369473,32.72281426374277,33.31315231323242,375500,0.0,0.0
2023-03-09 00:00:00-05:00,33.28590653958222,33.62194335687308,32.059820642093236,32.33228302001953,544200,0.0,0.0
2023-03-10 00:00:00-05:00,32.21421817148993,32.21421817148993,29.78021446245705,30.606685638427734,938700,0.0,0.0
2023-03-13 00:00:00-04:00,29.643985053176188,30.134419470085852,28.0636992635902,28.090946197509766,1315400,0.0,0.0
2023-03-14 00:00:00-04:00,29.044564482383905,29.353356117693878,28.23625788351149,28.581377029418945,559600,0.0,0.0
2023-03-15 00:00:00-04:00,27.74582724846752,28.181769560473935,27.155490830212145,27.4552001953125,605600,0.0,0.0
2023-03-16 00:00:00-04:00,27.100991951173413,28.263501606967363,26.910266912299925,27.954710006713867,454100,0.0,0.0
2023-03-17 00:00:00-04:00,27.564182410833315,27.800317292074798,26.728628881930234,26.892107009887695,1387700,0.0,0.0
2023-03-20 00:00:00-04:00,27.337131475787263,27.70949757517966,27.091914269180442,27.30080223083496,566500,0.0,0.0
2023-03-21 00:00:00-04:00,27.972878461115638,28.56321658232806,27.745825870579722,28.32708168029785,544800,0.0,0.0
2023-03-22 00:00:00-04:00,28.327076042500707,28.881083075200905,27.94562769702718,27.954710006713867,324100,0.0,0.0
2023-03-23 00:00:00-04:00,28.127272756636742,28.5722956019226,27.546018710920304,27.7730712890625,395000,0.0,0.0
2023-03-24 00:00:00-04:00,27.300800560210423,27.882056317962157,26.837613109054953,27.754905700683594,337900,0.0,0.0
2023-03-27 00:00:00-04:00,28.272587075147605,28.499639659771344,27.782154393142676,28.127273559570312,261100,0.0,0.0
2023-03-28 00:00:00-04:00,27.86389571962485,28.45423214101882,27.763992019968953,28.245344161987305,216800,0.0,0.0
2023-03-29 00:00:00-04:00,28.599545007552177,28.763023155112197,28.18176905914221,28.608627319335938,378600,0.0,0.0
2023-03-30 00:00:00-04:00,28.90833454178961,28.98099129841404,28.354325689857273,28.490558624267578,243700,0.0,0.0
2023-03-31 00:00:00-04:00,28.799349264900908,29.18987999118009,28.072781680386452,29.07181167602539,409600,0.0,0.0
2023-04-03 00:00:00-04:00,29.235288559551268,29.607654647150895,28.708528382615214,29.080894470214844,338300,0.0,0.0
2023-04-04 00:00:00-04:00,29.144468054150007,29.17171325392327,27.59142757294947,27.754905700683594,519600,0.0,0.0
2023-04-05 00:00:00-04:00,27.691335940704395,27.71858287735867,26.79220781840044,27.05558967590332,432600,0.0,0.0
2023-04-06 00:00:00-04:00,27.073750304393727,27.200900932541856,26.474331606309274,26.973848342895508,365800,0.0,0.0
2023-04-10 00:00:00-04:00,26.864862784473317,27.600512702125933,26.864862784473317,27.28264045715332,447800,0.0,0.0
2023-04-11 00:00:00-04:00,27.427951899406274,27.88205705183172,27.346212833387803,27.618675231933594,224100,0.0,0.0
2023-04-12 00:00:00-04:00,27.981955859716667,28.299829777111437,27.618672125096996,27.745820999145508,233400,0.0,0.0
2023-04-13 00:00:00-04:00,27.927467553608512,28.145437824202855,27.60959359272245,28.045534133911133,235600,0.0,0.0
2023-04-14 00:00:00-04:00,28.09094539648737,28.354325487771124,27.546018859551086,27.736743927001953,239100,0.0,0.0
2023-04-17 00:00:00-04:00,27.71858173824492,28.000126476339783,27.627760352070297,27.900222778320312,241800,0.0,0.0
2023-04-18 00:00:00-04:00,28.036453536711367,28.60862528011319,28.036453536711367,28.345243453979492,272700,0.0,0.0
2023-04-19 00:00:00-04:00,28.27258437397261,28.726689499834688,28.009204301754867,28.708526611328125,252900,0.0,0.0
2023-04-20 00:00:00-04:00,24.38544606897181,26.619642499208297,23.586220062182942,26.474328994750977,2445600,0.0,0.0
2023-04-21 00:00:00-04:00,26.537905964527255,27.11916177000297,25.94756957989732,26.074718475341797,868300,0.0,0.0
2023-04-24 00:00:00-04:00,26.238192953052504,27.264471481565955,26.238192953052504,26.637805938720703,506400,0.0,0.0
2023-04-25 00:00:00-04:00,26.338102065670128,26.5379077335842,25.59336980166673,25.620615005493164,613800,0.0,0.0
2023-04-26 00:00:00-04:00,25.429889240199085,26.15645681129528,25.10293296706893,25.157426834106445,404100,0.0,0.0
2023-04-27 00:00:00-04:00,25.248246790229977,25.60245000121298,24.930374556656936,25.166507720947266,429600,0.0,0.0
2023-04-28 00:00:00-04:00,25.01210993531634,25.902155522539058,25.01210993531634,25.838581085205078,609500,0.0,0.0
2023-05-01 00:00:00-04:00,25.883992905940826,26.728628741087938,25.874910595293976,26.029306411743164,830000,0.0,0.0
2023-05-02 00:00:00-04:00,25.838586785632344,25.9929826241944,25.429891409358106,25.802257537841797,490400,0.0,0.0
2023-05-03 00:00:00-04:00,25.883997017933858,27.800321562010296,25.811340253490265,26.44708824157715,706500,0.0,0.0
2023-05-04 00:00:00-04:00,27.073745657030745,28.209008410388147,26.692297302611717,27.745820999145508,633600,0.0,0.0
2023-05-05 00:00:00-04:00,28.172685716753858,29.462342761940967,27.836647122142914,29.15355110168457,950200,0.0,0.0
2023-05-08 00:00:00-04:00,28.950154668166252,29.41506321584729,28.194681742012705,29.037324905395508,761000,2.0,0.0
2023-05-09 00:00:00-04:00,28.930783519658345,30.015565767071173,28.853299073414572,29.686256408691406,694900,0.0,0.0
2023-05-10 00:00:00-04:00,30.199593834272246,30.38362009792441,29.231037274339847,29.4925479888916,560100,0.0,0.0
2023-05-11 00:00:00-04:00,29.143866531732414,30.04462441245919,29.143866531732414,29.84122657775879,644900,0.0,0.0
2023-05-12 00:00:00-04:00,30.054308595417186,30.267390358485965,29.48286011765898,29.76374053955078,394700,0.0,0.0
2023-05-15 00:00:00-04:00,29.879964705724355,30.432041546989208,29.78310869820647,30.21895980834961,342900,0.0,0.0
2023-05-16 00:00:00-04:00,29.967134708716443,30.306129808863908,29.705624044542,30.02524757385254,335500,0.0,0.0
2023-05-17 00:00:00-04:00,30.160847163940787,31.1681467554111,30.073676935933747,31.0131778717041,588000,0.0,0.0
2023-05-18 00:00:00-04:00,30.9260111915636,31.875196175004238,30.62575917585789,31.817081451416016,480300,0.0,0.0
2023-05-19 00:00:00-04:00,32.18513456684889,32.18513456684889,30.92601175740034,31.46840476989746,529400,0.0,0.0
2023-05-22 00:00:00-04:00,31.48776917141398,31.739595922333155,31.13909194627543,31.25531768798828,414500,0.0,0.0
2023-05-23 00:00:00-04:00,31.11003400939846,31.972048710551565,30.896952242645707,31.410287857055664,515100,0.0,0.0
2023-05-24 00:00:00-04:00,31.269301023170417,31.609605988869088,31.19151862060184,31.424869537353516,366400,0.125,0.0
2023-05-25 00:00:00-04:00,31.327639435639423,31.580436870843425,30.860932056015873,31.06511688232422,379600,0.0,0.0
2023-05-26 00:00:00-04:00,31.0359526126612,31.454041894195846,30.909553872573653,31.298473358154297,548900,0.0,0.0
2023-05-30 00:00:00-04:00,31.46376563052851,31.599887629948572,31.065121042635628,31.07484245300293,492900,0.0,0.0
2023-05-31 00:00:00-04:00,30.80259648863442,31.356809570363673,30.403951926179236,30.64702796936035,1244600,0.0,0.0
2023-06-01 00:00:00-04:00,30.676197270737024,31.609608427857353,30.48173754026518,31.53182601928711,520400,0.0,0.0
2023-06-02 00:00:00-04:00,31.59988232439984,33.379200555623356,31.59016091566474,33.25279998779297,486200,0.0,0.0
2023-06-05 00:00:00-04:00,33.00972366333008,33.31113554891263,32.4360641180994,33.00972366333008,380900,0.0,0.0
2023-06-06 00:00:00-04:00,33.058336787657666,34.44873183750926,33.058336787657666,34.34177780151367,416700,0.0,0.0
2023-06-07 00:00:00-04:00,34.49735555378457,35.28492335913953,34.34178701669494,35.139076232910156,398500,0.0,0.0
2023-06-08 00:00:00-04:00,35.002945345198114,35.53771182394064,34.74042281002366,35.3432502746582,394600,0.0,0.0
2023-06-09 00:00:00-04:00,35.411319928299946,35.615506645001034,34.886278438480396,35.557167053222656,559300,0.0,0.0
2023-06-12 00:00:00-04:00,35.67383980953725,36.286392494873674,35.33353482270934,35.86830139160156,523200,0.0,0.0
2023-06-13 00:00:00-04:00,35.86829492370409,36.59752294316366,35.85857351542466,36.1794319152832,435900,0.0,0.0
2023-06-14 00:00:00-04:00,36.33500079472882,36.61696985540138,35.01266671203252,35.29463577270508,370400,0.0,0.0
2023-06-15 00:00:00-04:00,35.090459781854875,36.208611129106444,34.88627678388429,36.082210540771484,521800,0.0,0.0
2023-06-16 00:00:00-04:00,36.34473723860309,36.51975231638655,35.96553913975448,36.373905181884766,2089600,0.0,0.0
2023-06-20 00:00:00-04:00,36.1502699107326,37.385096671304716,36.101655443270694,37.31703567504883,539800,0.0,0.0
2023-06-21 00:00:00-04:00,37.32675705037755,37.64761921161217,36.957280421726026,37.2684211730957,416700,0.0,0.0
2023-06-22 00:00:00-04:00,37.14201823884611,37.45315526146935,36.6266945315266,37.25869369506836,289800,0.0,0.0
2023-06-23 00:00:00-04:00,36.82115432272616,37.307306360767605,36.29611294051613,36.41278839111328,687700,0.0,0.0
2023-06-26 00:00:00-04:00,36.59753243699781,37.3753751177272,36.43224249005064,37.0739631652832,349700,0.0,0.0
2023-06-27 00:00:00-04:00,37.09340332624452,38.435180329200044,37.09340332624452,38.143489837646484,350100,0.0,0.0
2023-06-28 00:00:00-04:00,38.01708875035677,39.018564493505195,37.90041329712291,38.93105697631836,646100,0.0,0.0
2023-06-29 00:00:00-04:00,39.086630482155265,39.7769655898858,38.989397834487846,39.33942794799805,344000,0.0,0.0
2023-06-30 00:00:00-04:00,39.553329733323146,39.81585227643915,39.11579216146313,39.18385314941406,410400,0.0,0.0
2023-07-03 00:00:00-04:00,39.183851488023684,39.61166763305664,39.02828299229684,39.61166763305664,164700,0.0,0.0
2023-07-05 00:00:00-04:00,39.339430460127616,39.4755524665082,38.824110376244974,38.833831787109375,347600,0.0,0.0
2023-07-06 00:00:00-04:00,38.59074775411585,38.87271682861331,37.9781988517816,38.4935188293457,343600,0.0,0.0
2023-07-07 00:00:00-04:00,38.67825296624927,39.3102520667489,38.60047057287522,39.096343994140625,359000,0.0,0.0
2023-07-10 00:00:00-04:00,38.80465715543736,40.243666803301565,38.80465715543736,40.224220275878906,250500,0.0,0.0
2023-07-11 00:00:00-04:00,40.272836149865334,40.83677433772842,40.02003870261201,40.77843475341797,440700,0.0,0.0
2023-07-12 00:00:00-04:00,41.09930345525104,41.28403993811425,40.34090728354815,40.37007522583008,321700,0.0,0.0
2023-07-13 00:00:00-04:00,40.44785684422402,40.59370397085167,40.15616630001522,40.35062789916992,339800,0.0,0.0
2023-07-14 00:00:00-04:00,40.18532936611308,40.81732479204668,39.90336029302719,40.79787826538086,263400,0.0,0.0
2023-07-17 00:00:00-04:00,40.6423126206617,41.04095717274515,40.32145418071452,40.58397674560547,288300,0.0,0.0
2023-07-18 00:00:00-04:00,40.57426170836232,41.079860435733906,40.32146419919997,40.788169860839844,213300,0.0,0.0
2023-07-19 00:00:00-04:00,40.99235496050544,40.99235496050544,40.4089737812846,40.603431701660156,353800,0.0,0.0
2023-07-20 00:00:00-04:00,40.739549520547314,40.739549520547314,40.08810374495199,40.360347747802734,240800,0.0,0.0
2023-07-21 00:00:00-04:00,40.545085421162675,40.7687149395364,39.903364804815325,40.15616226196289,251600,0.0,0.0
2023-07-24 00:00:00-04:00,40.88539282863588,41.62434613313438,39.93253511203211,40.924285888671875,293200,0.0,0.0
2023-07-25 00:00:00-04:00,40.66175809855136,41.303478670918395,40.47702165056774,40.98262023925781,283800,0.0,0.0
2023-07-26 00:00:00-04:00,40.895116828022516,41.390990348236905,40.895116828022516,41.274314880371094,290400,0.0,0.0
2023-07-27 00:00:00-04:00,41.13818800692383,41.37153891499645,40.16588390218105,40.44784927368164,307200,0.0,0.0
2023-07-28 00:00:00-04:00,40.97290140938781,40.97290140938781,40.263119736246765,40.42841339111328,493500,0.0,0.0
2023-07-31 00:00:00-04:00,40.749273532202785,40.749273532202785,40.146445897818865,40.564537048339844,407600,0.0,0.0
2023-08-01 00:00:00-04:00,40.710377405059994,41.96465076220591,40.710377405059994,41.95492935180664,667000,0.0,0.0
2023-08-02 00:00:00-04:00,42.28551558523482,42.684160199366275,39.71862912089827,40.8367805480957,619100,0.0,0.0
2023-08-03 00:00:00-04:00,40.51590518108032,40.51590518108032,38.872712785479834,38.91160583496094,677300,0.0,0.0
2023-08-04 00:00:00-04:00,39.53389349577486,40.54509087856539,39.15469540449007,40.19506072998047,647200,0.0,0.0
2023-08-07 00:00:00-04:00,40.46729896463173,41.57572513724893,40.45757755480443,41.13819122314453,417500,0.0,0.0
2023-08-08 00:00:00-04:00,40.836774362799204,41.45904842630878,40.146439305408634,41.43960189819336,279600,0.0,0.0
2023-08-09 00:00:00-04:00,41.206256953870245,41.799363165730995,40.963180880750045,41.35210037231445,277600,0.0,0.0
2023-08-10 00:00:00-04:00,41.43960986956653,41.72157901791111,40.496477183345306,41.02151870727539,358400,0.0,0.0
2023-08-11 00:00:00-04:00,41.00206389352754,41.225697110179226,40.67148404588546,41.050682067871094,265600,0.0,0.0
2023-08-14 00:00:00-04:00,40.82705644973066,41.235422447989414,40.49647286154897,41.196529388427734,359300,0.0,0.0
2023-08-15 00:00:00-04:00,41.10901865628672,41.974368764363284,40.89511426345457,41.731292724609375,325800,0.0,0.0
2023-08-16 00:00:00-04:00,41.55628539788485,42.19800605639002,41.14791568299262,41.167362213134766,511200,0.0,0.0
2023-08-17 00:00:00-04:00,41.215973868913146,41.575725379355774,39.31025855370024,39.349151611328125,268700,0.0,0.0
2023-08-18 00:00:00-04:00,39.02829518559589,40.117274995905085,39.02829518559589,39.87419891357422,285700,0.0,0.0
2023-08-21 00:00:00-04:00,40.146441063751496,40.146441063751496,39.10607587280914,39.64084243774414,288300,0.0,0.0
2023-08-22 00:00:00-04:00,39.71398885079613,39.98707009013506,39.34337593994125,39.47016525268555,236300,0.125,0.0
2023-08-23 00:00:00-04:00,39.743253704478164,40.01633499337485,39.35313438852273,39.392147064208984,324700,0.0,0.0
2023-08-24 00:00:00-04:00,39.158070674454954,39.59695016717923,38.89474074654871,39.02152633666992,438200,0.0,0.0
2023-08-25 00:00:00-04:00,39.37263621726149,39.694485174133376,38.45586076634844,38.73869705200195,364700,0.0,0.0
2023-08-28 00:00:00-04:00,39.10930526361464,39.762754468167984,39.060541286069586,39.245849609375,204100,0.0,0.0
2023-08-29 00:00:00-04:00,39.158069406473714,40.37718733668208,38.943503460212185,40.15286636352539,267900,0.0,0.0
2023-08-30 00:00:00-04:00,40.08460603897433,40.96237265548765,40.08460603897433,40.582008361816406,340500,0.0,0.0
2023-08-31 00:00:00-04:00,40.894097926738525,41.186685527239604,40.54299131795595,40.83557891845703,276100,0.0,0.0
2023-09-01 00:00:00-04:00,41.14767646284968,41.68409145132952,41.03064215647841,41.66458511352539,246400,0.0,0.0
2023-09-05 00:00:00-04:00,41.16717914381725,41.16717914381725,38.95326022583081,39.431156158447266,385800,0.0,0.0
2023-09-06 00:00:00-04:00,39.45065884508468,40.07484665981559,39.27510555713501,39.635963439941406,234400,0.0,0.0
2023-09-07 00:00:00-04:00,39.58720155840175,39.58720155840175,38.602155808762035,39.32387161254883,349200,0.0,0.0
2023-09-08 00:00:00-04:00,39.03128402397437,39.3336266404247,38.71919010010121,39.32387161254883,349900,0.0,0.0
2023-09-11 00:00:00-04:00,39.635961052407275,40.0943505789366,39.01177327527529,39.20683288574219,376900,0.0,0.0
2023-09-12 00:00:00-04:00,39.01177729479223,39.431154198347485,38.87523666953294,39.080047607421875,353300,0.0,0.0
2023-09-13 00:00:00-04:00,39.177574045253735,39.3141183856781,38.46560958365027,38.64116287231445,523200,0.0,0.0
2023-09-14 00:00:00-04:00,39.06053456634338,39.82126662289614,39.05078326069312,39.733489990234375,451800,0.0,0.0
2023-09-15 00:00:00-04:00,39.216586176427036,39.216586176427036,37.52932734335014,37.86092758178711,2566900,0.0,0.0
2023-09-18 00:00:00-04:00,38.25105044381926,38.85573197570355,37.948707817650536,37.98772048950195,472700,0.0,0.0
2023-09-19 00:00:00-04:00,38.06573783179436,38.16326950045427,37.431798727542294,38.07549285888672,434800,0.0,0.0
2023-09-20 00:00:00-04:00,38.34857686240493,39.158073028762416,38.29005785697871,38.914249420166016,360100,0.0,0.0
2023-09-21 00:00:00-04:00,38.49487112939533,39.450659194217224,38.41684579163702,39.011775970458984,394200,0.0,0.0
2023-09-22 00:00:00-04:00,39.206834233411364,39.25559820759111,38.68992568983832,38.77770233154297,380000,0.0,0.0
2023-09-25 00:00:00-04:00,38.45586328834377,39.31412350916841,38.221790966135835,39.041038513183594,254100,0.0,0.0
2023-09-26 00:00:00-04:00,38.72893964638864,39.11905889371658,38.10475182702624,38.14376449584961,414500,0.0,0.0
2023-09-27 00:00:00-04:00,38.45586458440106,39.33363117169704,38.416851909309365,39.109310150146484,321800,0.0,0.0
2023-09-28 00:00:00-04:00,39.0800442015575,39.98706824224962,39.0800442015575,39.82126998901367,389200,0.0,0.0
2023-09-29 00:00:00-04:00,40.084601356331014,40.191884343644794,38.64116598259371,38.6899299621582,368300,0.0,0.0
2023-10-02 00:00:00-04:00,38.31932106351082,39.08004956838625,38.31932106351082,38.56314468383789,336400,0.0,0.0
2023-10-03 00:00:00-04:00,38.416843204651244,38.62165412179552,37.743891453840355,38.04623031616211,290600,0.0,0.0
2023-10-04 00:00:00-04:00,38.04623569677875,38.368084658196025,37.55858846102153,38.31932067871094,285200,0.0,0.0
2023-10-05 00:00:00-04:00,38.27055966782418,38.563147287883524,37.987723356236984,38.16327667236328,270000,0.0,0.0
2023-10-06 00:00:00-04:00,37.812167021507726,38.71919117559999,37.54883706834031,38.4851188659668,287100,0.0,0.0
2023-10-09 00:00:00-04:00,38.23154318097677,39.28485925225539,38.23154318097677,39.03128433227539,218800,0.0,0.0
2023-10-10 00:00:00-04:00,39.38239635907527,39.80177332799585,39.255607021378594,39.50918197631836,421400,0.0,0.0
2023-10-11 00:00:00-04:00,39.65546974307068,40.18212960650617,39.35312714284968,40.133365631103516,287600,0.0,0.0
2023-10-12 00:00:00-04:00,40.13336512333482,40.13336512333482,38.280304317856206,38.85572814941406,224100,0.0,0.0
2023-10-13 00:00:00-04:00,39.01178082376292,39.13857015316708,38.51438225525941,38.67042922973633,318200,0.0,0.0
2023-10-16 00:00:00-04:00,39.06054244185509,39.323872392933815,38.65092055381248,38.94350814819336,264900,0.0,0.0
2023-10-17 00:00:00-04:00,38.58264477930269,39.78225635082426,38.58264477930269,39.665218353271484,291900,0.0,0.0
2023-10-18 00:00:00-04:00,39.31411720887846,39.31411720887846,38.44610209848682,38.77770233154297,268600,0.0,0.0
2023-10-19 00:00:00-04:00,38.72893650901465,38.72893650901465,37.714629524491826,37.763397216796875,414700,0.0,0.0
2023-10-20 00:00:00-04:00,37.938956829675135,38.22178940184879,37.587850220959496,37.695133209228516,364200,0.0,0.0
2023-10-23 00:00:00-04:00,37.383038888714005,38.12426105025887,37.383038888714005,37.45130920410156,342100,0.0,0.0
2023-10-24 00:00:00-04:00,38.0072254194315,38.39734096215467,37.753646782231066,38.08524703979492,248100,0.0,0.0
2023-10-25 00:00:00-04:00,37.95846006371728,38.24129636095199,37.539086852533764,37.81216812133789,374900,0.0,0.0
2023-10-26 00:00:00-04:00,38.12426001977799,38.29981331758749,37.441553163902476,37.792659759521484,291000,0.0,0.0
2023-10-27 00:00:00-04:00,38.329067884904944,38.621655450959395,37.734137725671,38.61190414428711,413000,0.0,0.0
2023-10-30 00:00:00-04:00,38.992275477645265,39.05079448973101,38.553392188135746,38.86548614501953,336500,0.0,0.0
2023-10-31 00:00:00-04:00,38.86548186616607,39.38239044821476,38.80696658097593,38.9532585144043,250500,0.0,0.0
2023-11-01 00:00:00-04:00,38.74844677094164,39.96756479313507,38.12425893885108,39.831024169921875,526800,0.0,0.0
2023-11-02 00:00:00-04:00,40.065101791859654,40.82583034826472,40.065101791859654,40.64052200317383,334800,0.0,0.0
2023-11-03 00:00:00-04:00,41.03063531530035,42.064448723827,41.03063531530035,41.45001220703125,295000,0.0,0.0
2023-11-06 00:00:00-05:00,41.37198920419671,41.37198920419671,40.747801345117274,41.17693328857422,202100,0.0,0.0
2023-11-07 00:00:00-05:00,41.01112714549358,41.76210425009249,40.86483522358121,41.63531494140625,207800,0.0,0.0
2023-11-08 00:00:00-05:00,41.508535357558195,41.63532096413178,41.10866476043037,41.15742874145508,328700,0.0,0.0
2023-11-09 00:00:00-05:00,41.40125218805762,42.09371038879351,41.0989095542862,41.82062911987305,392400,0.0,0.0
2023-11-10 00:00:00-05:00,41.986422473767746,42.96171685745783,41.869388189451726,42.82517623901367,245900,0.0,0.0
2023-11-13 00:00:00-05:00,42.51308604235212,43.42986150362955,42.376545411997306,43.15678024291992,285300,0.0,0.0
2023-11-14 00:00:00-05:00,44.28811972392087,46.07291030883789,44.28811972392087,46.07291030883789,583800,0.0,0.0
2023-11-15 00:00:00-05:00,45.85834587271066,46.2289588085672,42.94221380558568,43.24455642700195,815000,0.0,0.0
2023-11-16 00:00:00-05:00,44.34664186132141,44.766018791648094,43.605415961949625,43.88825225830078,702600,0.0,0.0
2023-11-17 00:00:00-05:00,44.02479216925795,44.84403968010987,43.839487557684876,44.80502700805664,768800,0.0,0.0
2023-11-20 00:00:00-05:00,44.71724958600469,45.39995645336533,44.434417019622906,45.351192474365234,649900,0.0,0.0
2023-11-21 00:00:00-05:00,45.27316674049692,46.00463758053862,45.0390981551373,45.10736846923828,436400,0.0,0.0
2023-11-22 00:00:00-05:00,45.33168622438625,45.50723952548101,44.93181564310445,45.185394287109375,278700,0.0,0.0
2023-11-24 00:00:00-05:00,45.0781024830191,45.96562012252103,45.03908981919536,45.8193244934082,144000,0.0,0.0
2023-11-27 00:00:00-05:00,45.74106199469622,46.45530700683594,45.61386655264198,46.45530700683594,337900,0.15,0.0
2023-11-28 00:00:00-05:00,46.12264587407612,46.12264587407612,44.73329344437534,44.92897415161133,502200,0.0,0.0
2023-11-29 00:00:00-05:00,45.36925735789458,45.78019500131997,44.95832344683896,45.0561637878418,443100,0.0,0.0
2023-11-30 00:00:00-05:00,44.98767329014194,45.878033799864205,44.71371735864882,45.52580261230469,485900,0.0,0.0
2023-12-01 00:00:00-05:00,45.48667355910094,47.228257135919286,45.30077167233716,47.13041305541992,364900,0.0,0.0
2023-12-04 00:00:00-05:00,46.79774925169171,48.93069771971254,46.79774925169171,48.8426399230957,670900,0.0,0.0
2023-12-05 00:00:00-05:00,48.656748733764104,48.81329553538552,47.90336608459536,48.294734954833984,369500,0.0,0.0
2023-12-06 00:00:00-05:00,48.80351290638835,49.723224897731995,48.6176110137891,48.686100006103516,398500,0.0,0.0
2023-12-07 00:00:00-05:00,48.725233875131984,49.48840273854214,48.539335729264955,49.468833923339844,465600,0.0,0.0
2023-12-08 00:00:00-05:00,49.713437997826006,50.51574075092746,49.41990950521391,50.30048751831055,379200,0.0,0.0
2023-12-11 00:00:00-05:00,50.43746595811539,51.13214210134291,50.21243018209957,51.0343017578125,315700,0.0,0.0
2023-12-12 00:00:00-05:00,51.09300676189135,51.6604874566234,50.7016379340715,51.57242965698242,319800,0.0,0.0
2023-12-13 00:00:00-05:00,51.69962481127805,53.32379909307509,50.916890892165576,52.932430267333984,668300,0.0,0.0
2023-12-14 00:00:00-05:00,53.69560392575537,55.016467299588214,53.56840848611286,54.859920501708984,575800,0.0,0.0
2023-12-15 00:00:00-05:00,54.83057251726597,56.35690295741292,54.21416782977646,55.36870193481445,2633900,0.0,0.0
2023-12-18 00:00:00-05:00,55.8481241984774,55.8481241984774,54.70337272687906,55.34912872314453,510100,0.0,0.0
2023-12-19 00:00:00-05:00,55.77962771713985,56.46452129910877,55.68178737644562,56.200347900390625,418000,0.0,0.0
2023-12-20 00:00:00-05:00,56.20035085360633,57.335316034200474,55.47632333673538,55.51546096801758,507500,0.0,0.0
2023-12-21 00:00:00-05:00,56.25905517005776,57.19833589104128,55.90682396659649,57.13963317871094,493900,0.0,0.0
2023-12-22 00:00:00-05:00,57.45272606172102,58.665962711981045,57.13963249182362,58.617042541503906,533600,0.0,0.0
2023-12-26 00:00:00-05:00,58.78337945184652,59.63460241750977,58.33330414980354,59.46826934814453,360300,0.0,0.0
2023-12-27 00:00:00-05:00,59.68352516247992,61.102232654619456,59.507409543738724,60.14338302612305,821000,0.0,0.0
2023-12-28 00:00:00-05:00,60.24122196840916,60.43690639936262,59.53675950992471,60.3586311340332,466700,0.0,0.0
2023-12-29 00:00:00-05:00,60.29993025379657,60.397770606067915,59.61503659078654,59.634605407714844,310400,0.0,0.0
2024-01-02 00:00:00-05:00,59.12582258457997,59.380209719341316,57.42337297315596,58.09848403930664,530500,0.0,0.0
2024-01-03 00:00:00-05:00,57.61905874031924,57.62884501440593,56.41560456118508,56.709129333496094,454400,0.0,0.0
2024-01-04 00:00:00-05:00,56.9635116673972,57.345094187437006,56.32753831241791,56.48408508300781,326300,0.0,0.0
2024-01-05 00:00:00-05:00,55.94595750540772,57.14941154098588,55.77962445710513,56.93415832519531,363300,0.0,0.0
2024-01-08 00:00:00-05:00,57.051578619569064,57.83431259819766,56.94395199768825,57.57992172241211,360100,0.0,0.0
2024-01-09 00:00:00-05:00,56.88524301744064,57.85387883887969,56.846105387158886,57.68754577636719,292700,0.0,0.0
2024-01-10 00:00:00-05:00,57.501648297638674,57.99085748472183,56.904812492218035,57.775604248046875,338900,0.0,0.0
2024-01-11 00:00:00-05:00,57.521221406865855,57.971292996810654,56.93416809912162,57.726688385009766,318400,0.0,0.0
2024-01-12 00:00:00-05:00,58.32351752193481,58.617042275837086,56.99286798971677,57.628841400146484,331800,0.0,0.0
2024-01-16 00:00:00-05:00,57.041788357872115,57.29617921587448,55.82855170890159,56.268836975097656,327000,0.0,0.0
2024-01-17 00:00:00-05:00,55.544804459468374,56.76782727106746,55.173004479678816,56.48408508300781,328300,0.0,0.0
2024-01-18 00:00:00-05:00,56.84610303890073,57.237471860811425,56.42538286167613,57.1494140625,313000,0.0,0.0
2024-01-19 00:00:00-05:00,57.31575302652559,57.5701401743322,56.21013916317012,57.48208236694336,227800,0.0,0.0
2024-01-22 00:00:00-05:00,58.37243832417884,59.037763097491215,57.98106949315869,58.1082649230957,372700,0.0,0.0
2024-01-23 00:00:00-05:00,58.18653616470344,58.45070954754647,56.57214451367475,56.86566925048828,334100,0.0,0.0
2024-01-24 00:00:00-05:00,57.28640058203604,58.03000070819528,56.8069776226165,57.44294738769531,452900,0.0,0.0
2024-01-25 00:00:00-05:00,57.814743396301004,58.871433327304224,57.765823222782615,58.48006820678711,449000,0.0,0.0
2024-01-26 00:00:00-05:00,58.49963307388985,58.93992207057544,58.147401876541366,58.802940368652344,272500,0.0,0.0
2024-01-29 00:00:00-05:00,58.7833781062457,58.95948998099812,58.010426689694306,58.832298278808594,313600,0.0,0.0
2024-01-30 00:00:00-05:00,58.80294486805669,60.63258997957407,58.499637550086135,59.67374038696289,645200,0.0,0.0
2024-01-31 00:00:00-05:00,59.448701058799955,59.448701058799955,56.855894506948715,57.002655029296875,447100,0.0,0.0
2024-02-01 00:00:00-05:00,57.28639621354347,58.27460088146088,56.787404474921885,57.81474304199219,427800,0.0,0.0
2024-02-02 00:00:00-05:00,57.061360515351765,58.26481469368733,56.87546236389781,57.88323211669922,390100,0.0,0.0
2024-02-05 00:00:00-05:00,58.22567469348966,59.0279811787789,57.00265174911618,58.519203186035156,497500,0.0,0.0
2024-02-06 00:00:00-05:00,58.25502595898269,58.92035069564726,57.82451952209998,58.91056442260742,400300,0.0,0.0
2024-02-07 00:00:00-05:00,60.66194663870944,67.49131101252102,60.652164096010665,66.4737548828125,974700,0.0,0.0
2024-02-08 00:00:00-05:00,66.47375332192007,66.55202112641312,64.7223833627065,66.09217071533203,684200,0.0,0.0
2024-02-09 00:00:00-05:00,66.87490444343462,67.91203315212216,65.906272197395,67.1292953491211,457100,0.0,0.0
2024-02-12 00:00:00-05:00,67.08036396595493,67.42281638208969,66.37590151466297,66.48352813720703,409200,0.0,0.0
2024-02-13 00:00:00-05:00,63.96899332937301,66.16065595509268,63.714609915911,64.9865493774414,424700,0.0,0.0
2024-02-14 00:00:00-05:00,65.94540322614256,66.92382164948373,65.1235278688711,66.18022155761719,368300,0.0,0.0
2024-02-15 00:00:00-05:00,66.75748640818755,67.54021659882883,65.66165518360232,67.41302490234375,341100,0.0,0.0
2024-02-16 00:00:00-05:00,66.91403154450418,67.57935633287802,66.06280487762098,66.57158660888672,306800,0.0,0.0
2024-02-20 00:00:00-05:00,66.64007849666426,67.35431975564964,65.86712705706059,66.34654998779297,289400,0.0,0.0
2024-02-21 00:00:00-05:00,65.96496486062583,66.190004370712,64.29187033997219,65.21158599853516,580400,0.0,0.0
2024-02-22 00:00:00-05:00,65.88668196122197,66.55200667576226,65.71057384079614,66.06279754638672,280000,0.0,0.0
2024-02-23 00:00:00-05:00,66.5324582287865,67.39346382444059,66.16066188481466,67.02166748046875,209100,0.0,0.0
2024-02-26 00:00:00-05:00,67.07058033299059,69.12525735833442,67.07058033299059,67.68698120117188,427400,0.0,0.0
2024-02-27 00:00:00-05:00,68.12726575002269,68.85130069010435,67.51086488834832,67.99028778076172,339300,0.0,0.0
2024-02-28 00:00:00-05:00,67.74516557366589,69.59838377061399,67.73536560903545,68.74531555175781,316000,0.15,0.0
2024-02-29 00:00:00-05:00,69.14731737730433,70.21610430096052,68.34327906411083,70.01019287109375,398400,0.0,0.0
2024-03-01 00:00:00-05:00,69.90233343437006,70.72597915383717,69.55914771792544,70.01019287109375,314200,0.0,0.0
2024-03-04 00:00:00-05:00,70.01019865219521,70.48085125050133,68.68647793323807,68.72569274902344,482800,0.0,0.0
2024-03-05 00:00:00-05:00,68.55899310628979,69.17673483324617,66.96072403611142,67.34313201904297,322400,0.0,0.0
2024-03-06 00:00:00-05:00,68.0295181274414,68.86297889303265,67.73536210507565,68.0295181274414,288100,0.0,0.0
2024-03-07 00:00:00-05:00,68.68648096654563,69.39245989518197,68.13737626975491,68.27465057373047,282500,0.0,0.0
2024-03-08 00:00:00-05:00,68.65705483370891,69.42187838897358,67.27450442561772,67.90204620361328,411600,0.0,0.0
2024-03-11 00:00:00-04:00,67.49023255464552,67.50983996500382,65.26441369407846,66.18611907958984,480400,0.0,0.0
2024-03-12 00:00:00-04:00,66.5587029866468,67.65690471278532,66.15668758783508,67.5196304321289,357300,0.0,0.0
2024-03-13 00:00:00-04:00,67.51964043141935,67.78438158878137,66.63715743873205,67.75496673583984,330100,0.0,0.0
2024-03-14 00:00:00-04:00,67.82361366983045,69.08850489499366,66.98035285305498,68.71590423583984,473700,0.0,0.0
2024-03-15 00:00:00-04:00,67.89223532351505,69.21595596070725,67.89223532351505,69.03946685791016,1907800,0.0,0.0
2024-03-18 00:00:00-04:00,69.61796883050297,70.2553179286497,68.19619640307975,68.4609375,359500,0.0,0.0
2024-03-19 00:00:00-04:00,68.34327949273418,69.343429279374,68.15698294886018,69.32381439208984,245200,0.0,0.0
2024-03-20 00:00:00-04:00,69.32382487800466,70.96132409309115,69.09830600633795,70.72599029541016,258000,0.0,0.0
2024-03-21 00:00:00-04:00,71.51041350717585,72.83413418062284,71.20645006951656,72.19678497314453,384700,0.0,0.0
2024-03-22 00:00:00-04:00,72.47134783055967,72.4811477946432,70.57891491892141,70.60832977294922,250100,0.0,0.0
2024-03-25 00:00:00-04:00,70.69656873711855,71.97126717057341,70.69656873711855,71.54963684082031,278600,0.0,0.0
2024-03-26 00:00:00-04:00,71.90262647121602,72.30464189271969,71.55944075020372,71.57904815673828,291000,0.0,0.0
2024-03-27 00:00:00-04:00,72.24581348886986,72.87335524166602,71.2456711581284,71.33391571044922,310400,0.0,0.0
2024-03-28 00:00:00-04:00,71.50061451072787,72.1575712030424,71.19665103715612,71.91243743896484,291400,0.0,0.0
2024-04-01 00:00:00-04:00,72.05950761634534,72.24581164099668,70.13766011245235,70.79461669921875,242000,0.0,0.0
2024-04-02 00:00:00-04:00,70.10824559314011,70.10824559314011,68.40211695587166,69.34342956542969,351700,0.0,0.0
2024-04-03 00:00:00-04:00,69.01986108385212,71.8437993147994,69.01986108385212,71.81438446044922,270100,0.0,0.0
2024-04-04 00:00:00-04:00,72.76550350269108,73.71662367643403,70.38280308631543,70.9515151977539,346000,0.0,0.0
2024-04-05 00:00:00-04:00,71.04956564760475,73.1577174069955,71.04956564760475,73.0302505493164,276800,0.0,0.0
2024-04-08 00:00:00-04:00,73.54011246323365,73.54011246323365,71.60845764559078,71.79476165771484,301600,0.0,0.0
2024-04-09 00:00:00-04:00,71.63788592921836,71.79477512272341,67.36275265775622,68.637451171875,449000,0.0,0.0
2024-04-10 00:00:00-04:00,66.67637083333052,68.41191425313707,65.56836912877844,66.50968170166016,336200,0.0,0.0
2024-04-11 00:00:00-04:00,66.87247003543074,67.54904143795339,66.70578091567167,67.14702606201172,257700,0.0,0.0
2024-04-12 00:00:00-04:00,66.85286483621846,67.13722083389155,65.79388542713673,66.27434539794922,227300,0.0,0.0
2024-04-15 00:00:00-04:00,66.7940531377182,67.67652873551044,64.86239781018494,65.40168762207031,285500,0.0,0.0
2024-04-16 00:00:00-04:00,64.68589941195972,65.58798987602519,64.12699472434429,65.22518920898438,255900,0.0,0.0
2024-04-17 00:00:00-04:00,65.852733554343,65.852733554343,63.63672238111258,63.989715576171875,246700,0.0,0.0
2024-04-18 00:00:00-04:00,64.90161657433173,65.65662526217787,63.84263693762999,63.93088150024414,358300,0.0,0.0
2024-04-19 00:00:00-04:00,63.82302220362735,65.27421735534729,63.82302220362735,64.68589782714844,475100,0.0,0.0
2024-04-22 00:00:00-04:00,64.71531426695702,65.60760476661596,64.34271363550968,65.22518920898438,241200,0.0,0.0
2024-04-23 00:00:00-04:00,65.64680747241738,68.01970757648408,65.6173926228479,67.7353515625,257000,0.0,0.0
2024-04-24 00:00:00-04:00,67.76478039125222,68.41192965794343,65.79390277376302,66.49008178710938,232300,0.0,0.0
2024-04-25 00:00:00-04:00,65.30363141282504,66.21552928871783,64.56823014132726,66.09786987304688,208400,0.0,0.0
2024-04-26 00:00:00-04:00,66.35280443393681,67.17645775849951,66.01942611079886,66.94112396240234,243600,0.0,0.0
2024-04-29 00:00:00-04:00,67.18624838649316,67.75496042670025,66.03902434326992,66.40182495117188,318400,0.0,0.0
2024-04-30 00:00:00-04:00,65.87233571035242,66.04883229380944,64.20542935172656,64.24464416503906,473600,0.0,0.0
2024-05-01 00:00:00-04:00,64.60743889246967,66.83325713009597,63.813208079680855,65.87232971191406,497600,0.0,0.0
2024-05-02 00:00:00-04:00,66.65676468851922,68.27464126198711,65.4997332264656,67.37255096435547,390800,0.0,0.0
2024-05-03 00:00:00-04:00,68.22563094457962,69.30421800925387,67.72555597171755,67.78438568115234,250900,0.0,0.0
2024-05-06 00:00:00-04:00,67.93145903927739,68.98063111955622,67.93145903927739,68.45114135742188,172000,0.0,0.0
2024-05-07 00:00:00-04:00,68.05893552964518,68.61784016060886,66.37241419245287,66.43124389648438,398500,0.0,0.0
2024-05-08 00:00:00-04:00,70.34356526065451,76.47190783063839,69.80427560302809,71.27507781982422,801600,0.0,0.0
2024-05-09 00:00:00-04:00,71.84379050164776,73.22634833361577,70.65734414277154,72.80471801757812,751800,0.0,0.0
2024-05-10 00:00:00-04:00,72.9027684066805,73.65778446988746,69.69642257140696,69.70622253417969,533200,0.0,0.0
2024-05-13 00:00:00-04:00,70.11804987586441,71.05936244298758,67.93145384826349,67.9412612915039,525500,0.0,0.0
2024-05-14 00:00:00-04:00,68.48055922637523,68.94141186266565,67.6471059918166,68.0000991821289,448700,0.0,0.0
2024-05-15 00:00:00-04:00,68.94141238649897,69.51012447308868,68.00990714330649,68.4217300415039,400200,0.0,0.0
2024-05-16 00:00:00-04:00,68.15699038914092,68.25504239360271,66.63715813687385,66.70579528808594,390700,0.0,0.0
2024-05-17 00:00:00-04:00,66.83325813546391,66.99994726247746,65.48992271455471,65.97038269042969,325700,0.0,0.0
2024-05-20 00:00:00-04:00,66.32338476982211,67.19606029461808,65.91156187785083,66.08805847167969,290800,0.0,0.0
2024-05-21 00:00:00-04:00,65.6664287860028,66.59793402434197,65.31343559484752,66.529296875,302800,0.0,0.0
2024-05-22 00:00:00-04:00,66.10766024294658,66.62734253577513,64.63685791340728,64.8133544921875,361300,0.0,0.0
2024-05-23 00:00:00-04:00,65.2546046797679,65.51934582778047,64.09757312596967,64.55841827392578,383600,0.0,0.0
2024-05-24 00:00:00-04:00,64.9800425017337,66.53909683409762,64.48977506704739,66.16649627685547,345400,0.0,0.0
2024-05-28 00:00:00-04:00,66.4998893458019,66.56852650270247,65.02908671431331,65.36247253417969,276000,0.0,0.0
2024-05-29 00:00:00-04:00,64.69420172652138,64.83178563209,63.35766593148863,63.9571418762207,278900,0.15,0.0
2024-05-30 00:00:00-04:00,64.4190207321689,65.66710519091228,64.4190207321689,65.0086669921875,379900,0.0,0.0
2024-05-31 00:00:00-04:00,65.5688355142493,66.41399794726195,64.10454560030111,66.37468719482422,371000,0.0,0.0
2024-06-03 00:00:00-04:00,67.14122973803522,67.50484858351145,65.9422780020018,66.64985656738281,332000,0.0,0.0
2024-06-04 00:00:00-04:00,67.21002026938484,67.79966656222254,65.70641959843292,65.99141693115234,500400,0.0,0.0
2024-06-05 00:00:00-04:00,66.21745558098213,68.06502377472158,65.19539833498514,67.66209411621094,379600,0.0,0.0
2024-06-06 00:00:00-04:00,67.3869233148005,67.94708848755138,65.39194923461332,65.91280364990234,343900,0.0,0.0
2024-06-07 00:00:00-04:00,65.91280515866788,66.42383002184887,64.23230960194813,64.4288558959961,362600,0.0,0.0
2024-06-10 00:00:00-04:00,63.475585113370386,64.83177991693697,62.080087052615085,63.937477111816406,490800,0.0,0.0
2024-06-11 00:00:00-04:00,63.37731029746654,64.08488887229376,62.21767304821502,63.917823791503906,360800,0.0,0.0
2024-06-12 00:00:00-04:00,65.5688378198163,67.35743588094783,64.7728156738005,65.2445297241211,607100,0.0,0.0
2024-06-13 00:00:00-04:00,65.04798384854152,65.81452480829597,63.711448201568736,65.67694091796875,377000,0.0,0.0
2024-06-14 00:00:00-04:00,64.25195623313839,65.13642948305898,62.63042694012395,63.043182373046875,368700,0.0,0.0
2024-06-17 00:00:00-04:00,62.88594480502517,64.36006068004379,62.35526084069043,64.134033203125,414400,0.0,0.0
2024-06-18 00:00:00-04:00,63.966964331326956,65.48039479954167,63.60335293486847,64.73351287841797,401500,0.0,0.0
2024-06-20 00:00:00-04:00,64.00626524417413,65.60814654738762,63.957132426736294,64.53694915771484,535300,0.0,0.0
2024-06-21 00:00:00-04:00,64.08488715545165,64.9497012249833,62.94490531369445,63.770408630371094,3491800,0.0,0.0
2024-06-24 00:00:00-04:00,64.63523257643183,65.15609450803086,63.84903989247672,65.03816223144531,573100,0.0,0.0
2024-06-25 00:00:00-04:00,64.80230014369752,64.80230014369752,61.41182430720285,61.637855529785156,554600,0.0,0.0
2024-06-26 00:00:00-04:00,61.28406123853834,62.944904921968764,60.63544881598626,62.86628341674805,529200,0.0,0.0
2024-06-27 00:00:00-04:00,63.01370185971204,63.613177763461664,62.54198028875364,63.436283111572266,345100,0.0,0.0
2024-06-28 00:00:00-04:00,64.084888598896,64.66471284436788,61.74595498453737,62.758182525634766,1314400,0.0,0.0
2024-07-01 00:00:00-04:00,63.35765768290622,63.534552323858755,62.335600590487076,62.96455764770508,393800,0.0,0.0
2024-07-02 00:00:00-04:00,62.86627954002468,64.13402311693403,62.86627954002468,63.593509674072266,323200,0.0,0.0
2024-07-03 00:00:00-04:00,63.59352082798495,64.10455317227873,61.6476833390331,62.21767807006836,244500,0.0,0.0
2024-07-05 00:00:00-04:00,62.011299576082585,62.876117502893585,60.68459336640952,61.37251663208008,291200,0.0,0.0
2024-07-08 00:00:00-04:00,61.962160685224966,62.53215540510453,60.97941427071266,61.77544021606445,371400,0.0,0.0
2024-07-09 00:00:00-04:00,61.73612362908529,61.73612362908529,60.30131489913903,60.468379974365234,372700,0.0,0.0
2024-07-10 00:00:00-04:00,61.539576497420484,62.41422016487733,60.920448984945565,62.256980895996094,364700,0.0,0.0
2024-07-11 00:00:00-04:00,63.986622256885504,65.42143118082672,63.76058727331977,64.6352310180664,393800,0.0,0.0
2024-07-12 00:00:00-04:00,65.24452601360935,66.46312932168749,65.24452601360935,65.58848571777344,317600,0.0,0.0
2024-07-15 00:00:00-04:00,66.04055446686708,67.39674928482393,65.3526349923672,65.87348937988281,409300,0.0,0.0
2024-07-16 00:00:00-04:00,66.62038118829113,71.68152678706258,66.62038118829113,71.6029052734375,574500,0.0,0.0
2024-07-17 00:00:00-04:00,70.64964386779066,72.09428239344973,69.18535371154059,69.24431610107422,365100,0.0,0.0
2024-07-18 00:00:00-04:00,69.28362188848268,72.17289873247711,68.47777013238522,68.80207824707031,401600,0.0,0.0
2024-07-19 00:00:00-04:00,68.8217375984077,69.69638140141795,67.58347488379056,67.85865020751953,254100,0.0,0.0
2024-07-22 00:00:00-04:00,68.55638720110697,70.97394231270418,68.09449521881328,70.55136108398438,325900,0.0,0.0
2024-07-23 00:00:00-04:00,70.02068008715538,72.50702724709981,69.42120419114983,71.61273193359375,400500,0.0,0.0
2024-07-24 00:00:00-04:00,71.08205087070527,72.01565697733436,68.68414718932837,68.77259826660156,359100,0.0,0.0
2024-07-25 00:00:00-04:00,69.4506781934285,71.56358420670206,68.7529292304887,69.77498626708984,402600,0.0,0.0
2024-07-26 00:00:00-04:00,71.28841707274057,74.24648551731246,71.28841707274057,73.42097473144531,469000,0.0,0.0
2024-07-29 00:00:00-04:00,73.58804975702945,74.24649556143926,71.30807834622355,71.6029052734375,297800,0.0,0.0
2024-07-30 00:00:00-04:00,72.37928130525444,73.70598758218154,71.83876773054746,72.34980010986328,275800,0.0,0.0
2024-07-31 00:00:00-04:00,72.90012888157564,73.33253970059373,70.42361123119944,70.81670379638672,449300,0.0,0.0
2024-08-01 00:00:00-04:00,70.94446770677222,71.98617653100933,67.95691763769943,69.38189697265625,518500,0.0,0.0
2024-08-02 00:00:00-04:00,66.36486053466797,67.64243380260945,65.29367060049034,66.36486053466797,503100,0.0,0.0
2024-08-05 00:00:00-04:00,62.787666894842154,66.47296589476368,62.65008299866588,65.9226303100586,540100,0.0,0.0
2024-08-06 00:00:00-04:00,65.2248770488961,68.9593086287227,65.18556629570726,68.35983276367188,529500,0.0,0.0
2024-08-07 00:00:00-04:00,62.20784208524721,65.84400426455848,54.060874090692344,54.6505241394043,1463100,0.0,0.0
2024-08-08 00:00:00-04:00,56.596363293946304,57.85427744114115,55.54482498361063,57.28428649902344,707500,0.0,0.0
2024-08-09 00:00:00-04:00,56.68481338265437,58.41444541944446,56.576710677439976,58.00169372558594,580100,0.0,0.0
2024-08-12 00:00:00-04:00,57.53979657405341,59.279258019020226,57.47100463121967,58.88615798950195,663800,0.0,0.0
2024-08-13 00:00:00-04:00,59.61339572741064,61.09734112331761,58.94512788387003,60.55683135986328,575800,0.0,0.0
2024-08-14 00:00:00-04:00,60.96959055955379,61.44130840492857,59.97701454727919,61.15631103515625,428000,0.0,0.0
2024-08-15 00:00:00-04:00,62.66973695927075,63.35766017347489,61.22509858433005,62.77783966064453,518400,0.0,0.0
2024-08-16 00:00:00-04:00,62.44370778147987,63.573867652357215,62.10957385217632,62.286468505859375,429000,0.0,0.0
2024-08-19 00:00:00-04:00,62.55180819732066,63.053010947374666,61.81474841690705,62.68939208984375,274600,0.0,0.0
2024-08-20 00:00:00-04:00,62.66973930872428,62.856459777900916,61.46096166863543,62.24715805053711,319200,0.0,0.0
2024-08-21 00:00:00-04:00,62.82697207067549,63.436277483741435,62.424046232424615,62.94490432739258,428400,0.0,0.0
2024-08-22 00:00:00-04:00,62.9940428437368,63.95713761633036,62.4830180139133,63.18076705932617,364500,0.0,0.0
2024-08-23 00:00:00-04:00,63.85886271764602,66.00125011408792,63.54438417769858,65.77521514892578,382800,0.0,0.0
2024-08-26 00:00:00-04:00,66.08970408210459,66.31573908281287,64.91041124628667,65.33299255371094,253700,0.0,0.0
2024-08-27 00:00:00-04:00,64.7335005216997,64.78263333731665,63.80971661409499,64.72367095947266,395600,0.0,0.0
2024-08-28 00:00:00-04:00,64.10312913582375,64.84187138381377,63.91597869490636,64.1228256225586,313800,0.15,0.0
2024-08-29 00:00:00-04:00,64.73352354525795,65.86626319026443,63.669732877867084,64.81232452392578,394100,0.0,0.0
2024-08-30 00:00:00-04:00,65.6791150280577,65.83670947599735,64.3099799143231,65.19647216796875,332200,0.0,0.0
2024-09-03 00:00:00-04:00,65.07827562864706,65.3934720632928,61.88691078849952,61.896759033203125,509900,0.0,0.0
2024-09-04 00:00:00-04:00,61.54215523444858,62.7438438557805,61.059512391657464,62.665042877197266,705500,0.0,0.0
2024-09-05 00:00:00-04:00,62.39909817443676,63.02949476073242,61.6603558735992,61.86720657348633,455100,0.0,0.0
2024-09-06 00:00:00-04:00,62.24150017414876,63.38408811961195,61.374711910306104,61.473209381103516,325300,0.0,0.0
2024-09-09 00:00:00-04:00,61.85735419555552,62.71429420722979,60.842815977625776,61.15801239013672,349600,0.0,0.0
2024-09-10 00:00:00-04:00,61.25650909557337,62.25135081306424,60.93146444310673,61.886905670166016,361200,0.0,0.0
2024-09-11 00:00:00-04:00,61.463362898637946,62.182404976893395,60.05482723272566,61.99525451660156,437200,0.0,0.0
2024-09-12 00:00:00-04:00,62.40894778953455,63.98492980141673,62.25134958834633,63.827335357666016,332000,0.0,0.0
2024-09-13 00:00:00-04:00,64.95022334902434,66.52620536911307,64.07358311551013,65.83670806884766,483800,0.0,0.0
2024-09-16 00:00:00-04:00,65.68897498416618,66.73306181218689,65.0979750669175,66.13221740722656,383800,0.0,0.0
2024-09-17 00:00:00-04:00,66.83155935041998,67.56044973013842,66.24056694754351,66.58531188964844,375700,0.0,0.0
2024-09-18 00:00:00-04:00,66.6936527949479,68.94928014726486,66.50650234407384,66.86109924316406,468900,0.0,0.0
2024-09-19 00:00:00-04:00,68.83108076353739,69.0674837133509,67.83624653052154,68.9394302368164,550400,0.0,0.0
2024-09-20 00:00:00-04:00,68.75228520993701,69.402374515019,66.70350479627683,66.86109924316406,1841800,0.0,0.0
2024-09-23 00:00:00-04:00,67.26495037136593,69.04777939931839,67.26495037136593,68.88033294677734,682200,0.0,0.0
2024-09-24 00:00:00-04:00,68.42724527653378,68.99854118638027,67.56044940921468,68.73258972167969,328700,0.0,0.0
2024-09-25 00:00:00-04:00,68.61439532374753,68.85079077932939,67.55060450131516,67.76730346679688,310700,0.0,0.0
2024-09-26 00:00:00-04:00,68.4863454996426,69.20539142221695,67.70820258873046,67.96430206298828,295200,0.0,0.0
2024-09-27 00:00:00-04:00,68.75229208224573,69.18568249066263,67.5604477931905,68.43709564208984,314600,0.0,0.0
2024-09-30 00:00:00-04:00,67.92489709974949,68.96898390440953,67.75745063388437,68.94928741455078,414000,0.0,0.0
2024-10-01 00:00:00-04:00,68.94928951196037,69.04778699400222,67.73774868970469,68.42724609375,312300,0.0,0.0
2024-10-02 00:00:00-04:00,67.69834537874027,69.16597792738439,67.3437484855964,67.53089141845703,323100,0.0,0.0
2024-10-03 00:00:00-04:00,66.9793033837084,67.99384162964039,66.74290794651927,67.30435180664062,223300,0.0,0.0
2024-10-04 00:00:00-04:00,68.85078007507391,68.85078007507391,66.76259924993569,68.14158630371094,221800,0.0,0.0
2024-10-07 00:00:00-04:00,67.43240571649991,68.18100012317619,66.91036228686593,67.36345672607422,291900,0.0,0.0
2024-10-08 00:00:00-04:00,67.46194184441057,67.46194184441057,66.30950570930582,66.98915100097656,310800,0.0,0.0
2024-10-09 00:00:00-04:00,67.41269789019775,67.89534074202139,67.13690197486994,67.58999633789062,243800,0.0,0.0
2024-10-10 00:00:00-04:00,66.51636220796281,66.66411218586104,65.37377790962701,65.59046936035156,372800,0.0,0.0
2024-10-11 00:00:00-04:00,65.7086642599931,67.14674836999335,65.7086642599931,67.06794738769531,345800,0.0,0.0
2024-10-14 00:00:00-04:00,67.11719600492853,67.7869892860366,66.77245112087472,67.68849182128906,220700,0.0,0.0
2024-10-15 00:00:00-04:00,67.67864246985575,68.58483120480862,67.26494859279576,67.2846450805664,227700,0.0,0.0
2024-10-16 00:00:00-04:00,68.04309511015448,69.17583484854609,67.66879418806171,67.90519714355469,277600,0.0,0.0
2024-10-17 00:00:00-04:00,68.21054169820366,68.32874317617669,67.01870497609232,67.05810546875,264800,0.0,0.0
2024-10-18 00:00:00-04:00,67.55060073302106,67.94459814692912,66.42771298805226,66.69365692138672,320200,0.0,0.0
2024-10-21 00:00:00-04:00,67.70818513885916,67.75743762636485,64.50696883772694,64.61531829833984,360200,0.0,0.0
2024-10-22 00:00:00-04:00,64.17208103345536,65.0881217632652,63.54168822099215,63.97507858276367,315300,0.0,0.0
2024-10-23 00:00:00-04:00,63.71898717618928,64.70397689286,63.18709182740207,63.41363525390625,486500,0.0,0.0
2024-10-24 00:00:00-04:00,63.50228780573203,63.97507865819938,62.2414984218814,62.90144348144531,603800,0.0,0.0
2024-10-25 00:00:00-04:00,63.275740924454446,63.47274338801436,61.55201257883987,62.507450103759766,699400,0.0,0.0
2024-10-28 00:00:00-04:00,62.871900397822245,64.20163511766145,62.871900397822245,63.393943786621094,508500,0.0,0.0
2024-10-29 00:00:00-04:00,62.14300327812062,62.53700067982972,61.32545998467744,62.438499450683594,299000,0.0,0.0
2024-10-30 00:00:00-04:00,62.221801905528956,63.52198810004254,62.14300467787487,62.67490005493164,230100,0.0,0.0
2024-10-31 00:00:00-04:00,62.15285241893463,63.177242672206,61.67020954018795,61.9361572265625,258600,0.0,0.0
2024-11-01 00:00:00-04:00,62.4286495335113,63.167388066403014,61.80810495755215,62.36954879760742,249800,0.0,0.0
2024-11-04 00:00:00-05:00,62.22180003476217,63.728833133674634,62.22180003476217,62.57639694213867,270900,0.0,0.0
2024-11-05 00:00:00-05:00,61.936157647995806,63.76823545975696,61.84750841860109,63.748538970947266,211300,0.0,0.0
2024-11-06 00:00:00-05:00,66.81185061744584,67.76729179254376,65.06841470632135,66.24055480957031,431600,0.0,0.0
2024-11-07 00:00:00-05:00,66.3390540424487,67.92488804272008,65.58061528856344,66.95960235595703,299100,0.0,0.0
2024-11-08 00:00:00-05:00,67.28465652570239,68.98869233041374,67.0876615549864,68.38784790039062,412400,0.0,0.0
2024-11-11 00:00:00-05:00,69.4220829388859,70.07217228536942,68.56513912569672,68.90003204345703,619500,0.0,0.0
2024-11-12 00:00:00-05:00,68.41738630397172,68.71288623134033,66.76260324343328,67.09750366210938,604800,0.0,0.0
2024-11-13 00:00:00-05:00,71.90425128414407,79.63641926857353,69.93427179690725,79.31137084960938,1814100,0.0,0.0
2024-11-14 00:00:00-05:00,79.28182209995369,79.38031957101778,74.85922026976057,76.22835540771484,1175500,0.0,0.0
2024-11-15 00:00:00-05:00,76.80950016547946,76.90799763257233,72.62329393759447,72.70208740234375,569900,0.0,0.0
2024-11-18 00:00:00-05:00,73.35218816767716,75.0069712546519,72.73163981326447,72.92864227294922,771100,0.0,0.0
2024-11-19 00:00:00-05:00,72.0716926721024,75.4600595567901,71.65799881242538,74.94786071777344,502600,0.0,0.0
2024-11-20 00:00:00-05:00,75.94270383197771,78.96662188907798,75.94270383197771,78.17863464355469,644300,0.0,0.0
2024-11-21 00:00:00-05:00,78.95678331174902,81.02526031899944,78.74008436067864,80.05996704101562,480200,0.0,0.0
2024-11-22 00:00:00-05:00,80.7494664099708,82.50274703637938,80.7494664099708,81.71475219726562,473400,0.0,0.0
2024-11-25 00:00:00-05:00,82.80060540057451,85.61393680846044,82.22807473058421,84.06414031982422,572600,0.18,0.0
2024-11-26 00:00:00-05:00,83.21519521905618,83.81734608544444,82.57355818571601,83.28429412841797,697000,0.0,0.0
2024-11-27 00:00:00-05:00,83.90618001040214,84.21218837456864,81.83320530462362,82.43535614013672,340500,0.0,0.0
2024-11-29 00:00:00-05:00,83.16583511096108,83.73837323138304,82.7512416573657,83.21519470214844,205600,0.0,0.0
2024-12-02 00:00:00-05:00,82.6525364119783,83.33365212961134,80.73749859997541,81.59630584716797,353200,0.0,0.0
2024-12-03 00:00:00-05:00,81.9220372241879,82.03062228657936,80.60915811464496,81.75422668457031,205900,0.0,0.0
2024-12-04 00:00:00-05:00,81.34951636021859,81.99114585623097,80.77697824169361,81.7344970703125,171200,0.0,0.0
2024-12-05 00:00:00-05:00,81.36926198645915,81.39887473088284,79.51345720081262,79.67139434814453,221500,0.0,0.0
2024-12-06 00:00:00-05:00,80.03662112122305,80.49070069212343,78.87180568936019,80.33275604248047,266100,0.0,0.0
2024-12-09 00:00:00-05:00,80.33276863120476,80.33276863120476,77.88468642783009,79.2469253540039,253900,0.0,0.0
2024-12-10 00:00:00-05:00,79.30614163889369,79.7009957478447,77.54904876183815,79.03961944580078,423900,0.0,0.0
2024-12-11 00:00:00-05:00,80.194560912305,81.2606647392789,78.65463818304202,78.82244873046875,352800,0.0,0.0
2024-12-12 00:00:00-05:00,78.61515030536113,78.90141933772676,77.6576315667074,78.02287292480469,253900,0.0,0.0
2024-12-13 00:00:00-05:00,77.53918296287628,78.39798255482486,76.36449405841284,77.47994995117188,221500,0.0,0.0
2024-12-16 00:00:00-05:00,77.54905342713433,78.18081702697611,76.94690256928259,77.50956726074219,284700,0.0,0.0
2024-12-17 00:00:00-05:00,76.70998740127513,77.21342657134045,74.34087031232643,74.74559783935547,336600,0.0,0.0
2024-12-18 00:00:00-05:00,75.53530722576906,75.86106246344968,70.72798112144827,71.25115966796875,516600,0.0,0.0
2024-12-19 00:00:00-05:00,72.03099760286082,72.52456342715757,70.09622047536362,71.07347869873047,407600,0.0,0.0
2024-12-20 00:00:00-05:00,70.46145291111492,72.77134483738269,70.46145291111492,71.90266418457031,1304500,0.0,0.0
2024-12-23 00:00:00-05:00,71.78420511468612,72.0704741583359,69.72109632811211,71.68549346923828,434500,0.0,0.0
2024-12-24 00:00:00-05:00,72.17906643855,72.51468757284512,71.7940857109919,72.50481414794922,183100,0.0,0.0
2024-12-26 00:00:00-05:00,71.8631790128077,72.40609684023441,71.2807674888805,72.18892669677734,218600,0.0,0.0
2024-12-27 00:00:00-05:00,71.45845171665287,72.14944078350625,70.27389687884255,70.92539978027344,452200,0.0,0.0
2024-12-30 00:00:00-05:00,70.89579306717086,70.89579306717086,68.9511425592552,70.1258316040039,614900,0.0,0.0
2024-12-31 00:00:00-05:00,70.79708087345479,71.64601466773789,69.88892159205965,70.35286712646484,563900,0.0,0.0
2025-01-02 00:00:00-05:00,71.18205920858564,71.67562500116703,70.21466694139093,71.04386138916016,347500,0.0,0.0
2025-01-03 00:00:00-05:00,71.35973579721546,71.98162592015805,69.98762363858498,71.9322738647461,319300,0.0,0.0
2025-01-06 00:00:00-05:00,72.2975085484972,72.82068703558812,70.94514322100913,71.33012390136719,303100,0.0,0.0
2025-01-07 00:00:00-05:00,71.34986174787926,71.48805955176557,69.32624674456385,69.71122741699219,498000,0.0,0.0
2025-01-08 00:00:00-05:00,69.73097065236466,71.2708934286381,68.75371254674621,71.23141479492188,417900,0.0,0.0
2025-01-10 00:00:00-05:00,69.75071462687556,70.27389311104471,68.75370971425733,69.84942626953125,303300,0.0,0.0
2025-01-13 00:00:00-05:00,68.80306701322695,71.30051619690985,68.80306701322695,71.28076934814453,387300,0.0,0.0
2025-01-14 00:00:00-05:00,72.13957990648674,73.47220607448597,71.94214906564684,73.32413482666016,309700,0.0,0.0
2025-01-15 00:00:00-05:00,76.02886938496945,76.02886938496945,74.2125509308073,74.69624328613281,203600,0.0,0.0
2025-01-16 00:00:00-05:00,74.8838047950601,75.30827169007098,73.90654660653423,74.8048324584961,203700,0.0,0.0
2025-01-17 00:00:00-05:00,75.90054779083411,76.39411358868384,75.35762240071284,75.63402557373047,322000,0.0,0.0
2025-01-21 00:00:00-05:00,76.72973644856573,77.84519235616708,76.5619183662553,77.32201385498047,250900,0.0,0.0
2025-01-22 00:00:00-05:00,77.15420371593389,77.55892372551266,76.18681150635793,77.094970703125,218500,0.0,0.0
2025-01-23 00:00:00-05:00,76.95676983796938,77.97351406478565,76.858058195493,77.12458038330078,218800,0.0,0.0
2025-01-24 00:00:00-05:00,76.80870656269397,77.25292029666228,75.62415166787785,76.0091323852539,198400,0.0,0.0
2025-01-27 00:00:00-05:00,75.19968221844269,76.74947845972483,75.02199823715867,75.95977020263672,378500,0.0,0.0
2025-01-28 00:00:00-05:00,76.02886915969587,76.47308287880263,75.39710556610129,76.10784149169922,253800,0.0,0.0
2025-01-29 00:00:00-05:00,75.71299235659032,76.79884316521398,75.47608287617088,75.6142807006836,298000,0.0,0.0
2025-01-30 00:00:00-05:00,76.21643424531781,77.52932115510562,76.01901092663226,76.70012664794922,257200,0.0,0.0
2025-01-31 00:00:00-05:00,76.39410817553588,76.39410817553588,74.73572691102201,74.79495239257812,321200,0.0,0.0
2025-02-03 00:00:00-05:00,73.26491233157208,74.56792580945412,72.40610508408876,72.99838256835938,354400,0.0,0.0
2025-02-04 00:00:00-05:00,73.00824237035384,74.32112902850201,72.99836894694693,73.3537368774414,504900,0.0,0.0
2025-02-05 00:00:00-05:00,80.50058380259418,83.15596264611742,76.6606425378503,79.86882019042969,647500,0.0,0.0
2025-02-06 00:00:00-05:00,78.97052124167195,81.2310533159607,78.97052124167195,79.84906768798828,427000,0.0,0.0
2025-02-07 00:00:00-05:00,79.76022643482366,79.78983917416916,77.70699115309355,78.02287292480469,314900,0.0,0.0
2025-02-10 00:00:00-05:00,78.90142954472589,79.01988804864763,77.45034487935453,77.6280288696289,365000,0.0,0.0
2025-02-11 00:00:00-05:00,77.18382175324327,78.30915116802834,77.18382175324327,78.23017883300781,218300,0.0,0.0
2025-02-12 00:00:00-05:00,76.15719968379662,77.37136725838815,75.77221898636847,76.6408920288086,290700,0.0,0.0
2025-02-13 00:00:00-05:00,77.29240952243688,77.29240952243688,75.1108419960264,75.38724517822266,227000,0.0,0.0
2025-02-14 00:00:00-05:00,76.93704009442467,77.24304848353951,75.54518090932201,76.364501953125,214600,0.0,0.0
2025-02-18 00:00:00-05:00,76.09797109748743,76.68038265518264,75.28852349026253,75.63402557373047,356800,0.0,0.0
2025-02-19 00:00:00-05:00,74.71598935427659,76.23617284349223,74.52843194997625,75.89067077636719,325600,0.0,0.0
2025-02-20 00:00:00-05:00,75.44645697747745,75.93014927893411,73.80781515652082,74.03485870361328,333100,0.0,0.0
2025-02-21 00:00:00-05:00,74.74560172505446,74.74560172505446,71.47819872403726,71.6657485961914,361400,0.0,0.0
2025-02-24 00:00:00-05:00,72.07048213096398,72.0803480247491,70.54042509800827,70.57003784179688,444200,0.0,0.0
2025-02-25 00:00:00-05:00,71.34194537402553,72.86596627529661,71.34194537402553,71.97531127929688,456100,0.18,0.0
2025-02-26 00:00:00-05:00,72.70762141906559,73.55869801847616,72.15343481488242,72.25239562988281,402400,0.0,0.0
2025-02-27 00:00:00-05:00,72.00498387292218,72.86595119759758,70.6689941051435,70.70857238769531,319700,0.0,0.0
2025-02-28 00:00:00-05:00,70.7283728395117,71.64872273739695,70.14449121278456,71.58934020996094,402700,0.0,0.0
2025-03-03 00:00:00-05:00,71.65862529281438,72.47011607999659,68.67985710745138,68.99653625488281,282100,0.0,0.0
2025-03-04 00:00:00-05:00,67.75950894504521,68.93716309482653,65.95839483079378,67.353759765625,656200,0.0,0.0
2025-03-05 00:00:00-05:00,67.44282376431248,69.69916349156215,67.43292541807689,69.33300018310547,394500,0.0,0.0
2025-03-06 00:00:00-05:00,68.4126467425529,69.6793707371308,68.22462347517988,68.69963836669922,446700,0.0,0.0
2025-03-07 00:00:00-05:00,68.3235911843821,70.09501773638631,67.70013124494093,69.76844024658203,541300,0.0,0.0
2025-03-10 00:00:00-04:00,68.53140273208136,69.70905668968673,68.01680201922484,68.72932434082031,395800,0.0,0.0
2025-03-11 00:00:00-04:00,68.8777751232067,69.4319692647544,67.55168362247962,68.31369018554688,476800,0.0,0.0
2025-03-12 00:00:00-04:00,69.08559509495232,69.85750000435777,67.88815189571746,68.31369018554688,371200,0.0,0.0
2025-03-13 00:00:00-04:00,68.3235895317733,68.89757282417132,66.98759966515634,67.59127044677734,348000,0.0,0.0
2025-03-14 00:00:00-04:00,68.08608602382074,69.26373261603932,67.43293102205992,68.81840515136719,296300,0.0,0.0
2025-03-17 00:00:00-04:00,68.77881554806503,70.43148455565489,68.77881554806503,69.89708709716797,290500,0.0,0.0
2025-03-18 00:00:00-04:00,69.31321104086028,69.82781179172079,68.86787606297092,69.33300018310547,282300,0.0,0.0
2025-03-19 00:00:00-04:00,69.09549710213851,71.63882862952875,69.09549710213851,71.10443115234375,345300,0.0,0.0
2025-03-20 00:00:00-04:00,70.40179627997554,71.96540280213254,70.40179627997554,70.76795959472656,378600,0.0,0.0
2025-03-21 00:00:00-04:00,69.90698715813187,70.49086881329357,69.06580888904594,70.0653305053711,1231300,0.0,0.0
2025-03-24 00:00:00-04:00,71.52006857488307,73.85558003647525,71.52006857488307,73.71703338623047,379700,0.0,0.0
2025-03-25 00:00:00-04:00,73.46962751313526,74.4592507570361,72.98471423768719,73.61807250976562,567500,0.0,0.0
2025-03-26 00:00:00-04:00,73.50921691070974,74.34050440198298,71.658626187092,72.24250030517578,381700,0.0,0.0
2025-03-27 00:00:00-04:00,72.24250416748791,72.49980835118907,70.95599079920899,71.21329498291016,230800,0.0,0.0
2025-03-28 00:00:00-04:00,70.9559866878596,71.27266583782466,69.09549762559321,69.73875427246094,280600,0.0,0.0
2025-03-31 00:00:00-04:00,68.7788103010271,70.96587660025571,68.6402636612733,70.758056640625,532800,0.0,0.0
2025-04-01 00:00:00-04:00,71.52006300289415,72.34145204408547,70.51065069400553,72.32166290283203,448000,0.0,0.0
2025-04-02 00:00:00-04:00,70.886709234779,74.36028888555234,70.886709234779,74.19205474853516,431400,0.0,0.0
2025-04-03 00:00:00-04:00,70.26324815924164,70.76795811219523,68.32358756678828,68.9371566772461,534300,0.0,0.0
2025-04-04 00:00:00-04:00,66.30476314238095,68.28400980334754,64.10779814067173,67.57147979736328,618000,0.0,0.0
2025-04-07 00:00:00-04:00,67.08655789417284,69.94656834924521,64.20675074689723,66.28496551513672,786900,0.0,0.0
2025-04-08 00:00:00-04:00,68.4027621140204,68.60068374495982,63.87028579338103,64.90938568115234,521200,0.0,0.0
2025-04-09 00:00:00-04:00,63.90986797786102,72.19300931802685,63.88018048993905,71.42110443115234,566400,0.0,0.0
2025-04-10 00:00:00-04:00,69.49134464425497,69.88719544758538,67.25479402313022,68.80850219726562,593400,0.0,0.0
2025-04-11 00:00:00-04:00,68.35327571402534,70.11480384301744,67.33396500232044,69.77833557128906,308700,0.0,0.0
2025-04-14 00:00:00-04:00,71.03515051637828,71.12422052852513,68.42254593019776,69.68926239013672,417000,0.0,0.0
2025-04-15 00:00:00-04:00,69.76843370506595,70.63929937933165,69.04600546658797,69.24393463134766,354800,0.0,0.0
2025-04-16 00:00:00-04:00,68.85798382986884,69.14497546290322,66.48288664803934,67.60115814208984,435500,0.0,0.0
2025-04-17 00:00:00-04:00,67.53189693036506,69.09550367340137,67.35376442102894,67.4626235961914,566500,0.0,0.0
2025-04-21 00:00:00-04:00,66.26516691530296,66.57194768358876,63.25671155621669,64.05831146240234,348100,0.0,0.0
2025-04-22 00:00:00-04:00,64.98856833793585,65.82974673694306,64.1968741301404,65.34483337402344,615300,0.0,0.0
2025-04-23 00:00:00-04:00,67.29438473991326,68.28400804491199,64.7510531480756,65.19638061523438,709100,0.0,0.0
2025-04-24 00:00:00-04:00,65.33491619613473,66.57194511764021,64.76094051472744,66.47298431396484,695700,0.0,0.0
2025-04-25 00:00:00-04:00,66.20580012213247,66.89853341038953,65.75057431124546,66.61154174804688,539800,0.0,0.0
2025-04-28 00:00:00-04:00,66.75008676790682,68.23452167794382,65.40419851212182,66.44330596923828,363000,0.0,0.0
2025-04-29 00:00:00-04:00,65.94849786414164,67.49230783717965,65.45368620096518,67.12615203857422,293200,0.0,0.0
2025-04-30 00:00:00-04:00,66.4433082030878,67.62096235404944,65.40420071103614,67.40324401855469,350100,0.0,0.0
2025-05-01 00:00:00-04:00,68.17514662275164,69.45176155000878,67.0667658397263,68.35327911376953,374400,0.0,0.0
2025-05-02 00:00:00-04:00,69.27363053870482,70.55024549323099,69.08559969688442,70.33252716064453,337800,0.0,0.0
2025-05-05 00:00:00-04:00,69.51113196453036,71.35183173406928,69.51113196453036,70.35231018066406,345400,0.0,0.0
2025-05-06 00:00:00-04:00,68.99653165398442,69.87729570999065,68.42254837809413,68.9371566772461,355200,0.0,0.0
2025-05-07 00:00:00-04:00,68.83818995905024,68.88767414099745,66.65112351100865,67.19541931152344,551100,0.0,0.0
2025-05-08 00:00:00-04:00,66.59175220066834,70.64920618635834,66.42351805314344,70.18408203125,601900,0.0,0.0
2025-05-09 00:00:00-04:00,70.73827121566359,70.73827121566359,67.71991736911306,67.76940155029297,422200,0.0,0.0
2025-05-12 00:00:00-04:00,71.67840619060857,73.18263008030928,70.56013473149638,72.1732177734375,494400,0.0,0.0
2025-05-13 00:00:00-04:00,73.03420383734499,74.62749798222735,72.7373138220622,72.7571029663086,438900,0.0,0.0
2025-05-14 00:00:00-04:00,72.30187535487022,73.49931863311406,72.09405536941235,72.29198455810547,494500,0.0,0.0
2025-05-15 00:00:00-04:00,71.88623821772413,72.32167489978744,71.38152820444408,72.03468322753906,268600,0.0,0.0
2025-05-16 00:00:00-04:00,72.41072715475016,73.03419459792495,71.9060247629358,72.63834381103516,267200,0.0,0.0
2025-05-19 00:00:00-04:00,71.28256152233604,72.45031725988359,71.28256152233604,72.25239562988281,298200,0.0,0.0
2025-05-20 00:00:00-04:00,71.67841055230946,72.17322216524816,69.8377107481594,70.02574157714844,387400,0.0,0.0
2025-05-21 00:00:00-04:00,69.02623033922772,69.47155783745445,67.15584276631198,67.4626235961914,414000,0.0,0.0
2025-05-22 00:00:00-04:00,67.29437833292477,67.70012747345231,66.48288760209559,66.92821502685547,314800,0.0,0.0
2025-05-23 00:00:00-04:00,65.66149968352367,66.89852871882074,65.52295303558847,66.50267791748047,314400,0.0,0.0
2025-05-27 00:00:00-04:00,67.61105730983192,68.59078217228686,66.66101993559897,68.54130554199219,319000,0.0,0.0
2025-05-28 00:00:00-04:00,68.67984974501528,68.69963888638429,67.35375076652245,67.5318832397461,334600,0.0,0.0
2025-05-29 00:00:00-04:00,68.14545447278827,68.26421197542162,66.79956631051392,68.24441528320312,303500,0.0,0.0
2025-05-30 00:00:00-04:00,67.90706936575472,68.60161553209647,67.51018259785138,68.21465301513672,362000,0.18,0.0
2025-06-02 00:00:00-04:00,67.92691098472704,68.60161622599163,66.11115911294338,67.11329650878906,372000,0.0,0.0
2025-06-03 00:00:00-04:00,67.41095935663752,68.43293762207031,67.23236069869883,68.43293762207031,276000,0.0,0.0
2025-06-04 00:00:00-04:00,68.76037353767578,69.22670735406184,68.234494215394,68.88935852050781,248200,0.0,0.0
2025-06-05 00:00:00-04:00,68.92905315107915,70.0403271053764,68.12536287056258,69.64344787597656,349000,0.0,0.0
2025-06-06 00:00:00-04:00,70.30822537853741,70.62573328809108,69.58390643831322,69.86173248291016,221400,0.0,0.0
2025-06-09 00:00:00-04:00,70.37767425213876,70.92339447556682,69.85180252955448,70.25860595703125,254100,0.0,0.0
2025-06-10 00:00:00-04:00,70.89362579107727,71.41950511381343,69.97086726851947,71.38973236083984,324700,0.0,0.0
2025-06-11 00:00:00-04:00,71.81638790326278,72.0842897035171,69.4846884228295,69.9212646484375,359700,0.0,0.0
2025-06-12 00:00:00-04:00,69.56405590928104,69.85179859542941,68.80997188937441,69.46483612060547,242600,0.0,0.0
2025-06-13 00:00:00-04:00,68.31387377758574,68.60161649912212,66.84540255662453,67.16291046142578,266500,0.0,0.0
2025-06-16 00:00:00-04:00,68.1253638902618,68.37341719734259,67.41096915467132,67.96660614013672,271400,0.0,0.0
2025-06-17 00:00:00-04:00,67.11329215012321,67.90706564240726,66.62710986034138,66.84539794921875,243800,0.0,0.0
2025-06-18 00:00:00-04:00,66.60726437226367,67.87730353136045,66.60726437226367,67.15298461914062,342300,0.0,0.0
2025-06-20 00:00:00-04:00,67.58955156867198,68.44285534522479,67.42086960727201,68.0558853149414,552400,0.0,0.0
2025-06-23 00:00:00-04:00,67.85745472663362,70.17923736572266,67.58956051480833,70.17923736572266,277000,0.0,0.0
2025-06-24 00:00:00-04:00,70.69518803050698,71.48896159077363,69.93118722398854,71.44927215576172,301300,0.0,0.0
2025-06-25 00:00:00-04:00,71.52864132399998,71.52864132399998,70.33798858907127,70.71502685546875,206100,0.0,0.0
2025-06-26 00:00:00-04:00,70.9630757197925,71.41950039540713,70.42728732143361,71.3599624633789,200800,0.0,0.0
2025-06-27 00:00:00-04:00,71.91561512578497,72.93759349721472,71.53856926992756,72.08428955078125,779200,0.0,0.0
2025-06-30 00:00:00-04:00,73.11619391354941,73.11619391354941,71.23098729935961,71.80647277832031,456000,0.0,0.0
2025-07-01 00:00:00-04:00,71.55841290837347,76.33095559109587,71.55841290837347,75.41812133789062,395200,0.0,0.0
2025-07-02 00:00:00-04:00,75.11052876146177,77.37278099184722,75.11052876146177,76.99573516845703,334800,0.0,0.0
2025-07-03 00:00:00-04:00,77.40255059397676,77.62083869998749,76.89651976367787,77.26364135742188,176900,0.0,0.0
2025-07-07 00:00:00-04:00,76.79730176789225,77.6902951453068,75.19983793995785,75.44789123535156,406100,0.0,0.0
2025-07-08 00:00:00-04:00,75.69593270316008,77.25370685202901,75.537174985321,76.14242553710938,281400,0.0,0.0
2025-07-09 00:00:00-04:00,76.86675038802994,78.25585024780685,76.28134072020183,77.95818328857422,286600,0.0,0.0
2025-07-10 00:00:00-04:00,77.70020335564922,80.11128142681342,77.70020335564922,79.00000762939453,335300,0.0,0.0
2025-07-11 00:00:00-04:00,78.45429315001107,78.58327813379395,77.48192093615489,77.69029235839844,253900,0.0,0.0
2025-07-14 00:00:00-04:00,77.80935356652458,78.11694479124854,77.0850422047241,77.78951263427734,260000,0.0,0.0
2025-07-15 00:00:00-04:00,78.18639822366676,78.34514838919445,75.9340701634828,76.00352478027344,428900,0.0,0.0
2025-07-16 00:00:00-04:00,76.61869756318195,76.67822792738494,74.84263518793507,75.89437866210938,246600,0.0,0.0
2025-07-17 00:00:00-04:00,75.9241473826674,77.51169448859758,75.9241473826674,76.92628479003906,288200,0.0,0.0
2025-07-18 00:00:00-04:00,77.21402886519158,77.31324866855242,75.75547428883134,76.26150512695312,249900,0.0,0.0
2025-07-21 00:00:00-04:00,76.87667613947379,77.78951039629612,76.26150127770985,77.34300994873047,253000,0.0,0.0
2025-07-22 00:00:00-04:00,78.25584572922718,81.2126363696099,78.24592147916307,80.7165298461914,298700,0.0,0.0
2025-07-23 00:00:00-04:00,81.361474865113,82.06594526347368,80.43871637177024,80.79591369628906,296100,0.0,0.0
2025-07-24 00:00:00-04:00,80.5081790562111,80.91499010490597,80.1212165108597,80.8951416015625,261600,0.0,0.0
2025-07-25 00:00:00-04:00,81.82781765544571,82.00641632080078,80.69669529819208,82.00641632080078,170000,0.0,0.0
2025-07-28 00:00:00-04:00,81.99649435141595,82.97878325320725,81.42100890592786,81.54007720947266,287900,0.0,0.0
2025-07-29 00:00:00-04:00,82.37353459250691,82.86964118081877,81.34163955040574,81.93696594238281,265100,0.0,0.0
2025-07-30 00:00:00-04:00,82.02626452768394,82.83987905980011,80.36927027825,80.9943618774414,264600,0.0,0.0
2025-07-31 00:00:00-04:00,80.38910796158369,81.0737374734847,79.36712960438906,80.63716125488281,476700,0.0,0.0
2025-08-01 00:00:00-04:00,79.46634700591308,80.69669675388023,78.59320216508509,80.14105224609375,422500,0.0,0.0
2025-08-04 00:00:00-04:00,80.6669323684834,81.23249356290512,80.14105303859513,80.91498565673828,249300,0.0,0.0
2025-08-05 00:00:00-04:00,81.01420770390664,81.72860240508275,80.4982526108413,81.6988296508789,417900,0.0,0.0
2025-08-06 00:00:00-04:00,73.53292278523386,76.39049415094897,68.6512355300591,70.46697998046875,1594500,0.0,0.0
2025-08-07 00:00:00-04:00,72.05451977341717,72.57046726698434,66.42866560844887,67.44072723388672,1752200,0.0,0.0
2025-08-08 00:00:00-04:00,68.24441679382345,69.76250164758193,67.80784060111398,69.16717529296875,1097200,0.0,0.0
2025-08-11 00:00:00-04:00,68.87943416610628,70.0800111536935,68.72068400055024,69.1771011352539,590900,0.0,0.0
2025-08-12 00:00:00-04:00,70.01055054998882,72.51093168105118,69.6136713850448,72.26287841796875,485700,0.0,0.0
2025-08-13 00:00:00-04:00,72.87805446495591,75.27921609469973,72.64984967455803,74.67396545410156,524600,0.0,0.0
2025-08-14 00:00:00-04:00,73.17571540905708,73.79089025023295,72.96735156849391,73.4336929321289,432000,0.0,0.0
2025-08-15 00:00:00-04:00,74.02902501328325,74.02902501328325,72.114053297713,72.4117202758789,398000,0.0,0.0
2025-08-18 00:00:00-04:00,72.31248880408462,73.53291426140139,72.31248880408462,73.44361114501953,303100,0.0,0.0
2025-08-19 00:00:00-04:00,73.70158722623368,74.41598186331917,72.49108604339274,73.14595031738281,411300,0.0,0.0
2025-08-20 00:00:00-04:00,72.75898913071957,73.01695908877991,71.45918480978662,71.56832885742188,307100,0.0,0.0
2025-08-21 00:00:00-04:00,70.94324403728533,71.83623743426934,70.44713743562599,71.70724487304688,301100,0.0,0.0
2025-08-22 00:00:00-04:00,72.29265068292803,75.62648747106634,71.86599872581552,74.9517822265625,395700,0.0,0.0
2025-08-25 00:00:00-04:00,74.62434969903364,75.2692897570386,74.33660697869341,75.18991088867188,251100,0.0,0.0
2025-08-26 00:00:00-04:00,75.16014851064946,76.8369912100482,75.03116352222872,76.69808197021484,317800,0.0,0.0
2025-08-27 00:00:00-04:00,76.0134531498475,77.62084124407627,76.0134531498475,77.47200775146484,458900,0.0,0.0
2025-08-28 00:00:00-04:00,77.7498213339699,77.7498213339699,76.47978974102878,77.1048812866211,411500,0.0,0.0
2025-08-29 00:00:00-04:00,76.97559204424074,77.21427392135719,74.85726667370704,75.74239349365234,361000,0.18,0.0
2025-09-02 00:00:00-04:00,75.29486024815387,76.39877441857323,74.66831744368359,75.66283416748047,452600,0.0,0.0
2025-09-03 00:00:00-04:00,75.58327114238666,76.77668817803175,74.96666804101912,76.56784057617188,520700,0.0,0.0
2025-09-04 00:00:00-04:00,77.56235218521499,79.36243249927062,77.0650938552385,79.24308776855469,348900,0.0,0.0
2025-09-05 00:00:00-04:00,80.2376048798637,81.77910874648612,79.58122023857364,80.89398193359375,327200,0.0,0.0
2025-09-08 00:00:00-04:00,80.76469958666839,80.76469958666839,79.12374552857834,80.37683868408203,334500,0.0,0.0
2025-09-09 00:00:00-04:00,79.76023237080669,79.79007424388537,77.99994123715948,78.38780212402344,241700,0.0,0.0
2025-09-10 00:00:00-04:00,78.37786600130917,79.35249579664024,77.65187299170343,77.88060760498047,357600,0.0,0.0
2025-09-11 00:00:00-04:00,78.50715366014315,79.89947102213135,78.13917973586881,79.39227294921875,279100,0.0,0.0
2025-09-12 00:00:00-04:00,79.39227626953243,79.71052133523364,77.0153817752977,77.0750503540039,232800,0.0,0.0
2025-09-15 00:00:00-04:00,77.52257410118456,78.67621712073759,76.97559446610157,78.57676696777344,273400,0.0,0.0
2025-09-16 00:00:00-04:00,78.4872542351083,78.4872542351083,76.02085712809551,76.64739990234375,252300,0.0,0.0
2025-09-17 00:00:00-04:00,77.16454907415519,78.55687400709013,74.6086413936314,75.34458923339844,228800,0.0,0.0
2025-09-18 00:00:00-04:00,75.72250680124814,76.62752071043667,74.96667192613651,76.17003631591797,233100,0.0,0.0
2025-09-19 00:00:00-04:00,76.43855704545615,76.81647067415568,74.72798704307623,75.40425872802734,701700,0.0,0.0
2025-09-22 00:00:00-04:00,75.1854633551458,75.90151661556175,74.72798656933794,75.45398712158203,221300,0.0,0.0
2025-09-23 00:00:00-04:00,75.53354510887117,76.73691706905976,75.53354510887117,76.58773803710938,216900,0.0,0.0
2025-09-24 00:00:00-04:00,76.13025824167467,77.06509880250262,75.54348942910308,75.66283416748047,198900,0.0,0.0
2025-09-25 00:00:00-04:00,75.29485731509733,75.70261279799924,74.21083777041495,74.41968536376953,170600,0.0,0.0
2025-09-26 00:00:00-04:00,74.71803129456963,75.25507118250377,74.40973356888065,75.18545532226562,145900,0.0,0.0
2025-09-29 00:00:00-04:00,75.55343305260993,75.55343305260993,74.55891637709854,75.10589599609375,225100,0.0,0.0
2025-09-30 00:00:00-04:00,75.25508101176604,75.80206826190899,74.479359157062,75.73245239257812,226100,0.0,0.0
2025-10-01 00:00:00-04:00,75.46392245152974,76.23965183038833,74.99650598854839,75.74239349365234,201600,0.0,0.0
2025-10-02 00:00:00-04:00,76.0208631051818,77.26400904770473,75.50371014405827,77.11483001708984,238000,0.0,0.0
2025-10-03 00:00:00-04:00,77.29383894542791,78.79556128320316,77.04520977104738,77.40323638916016,245300,0.0,0.0
2025-10-06 00:00:00-04:00,78.19885001797915,78.19885001797915,76.05069776436382,76.16009521484375,221700,0.0,0.0
2025-10-07 00:00:00-04:00,76.02086115910963,76.14019831049805,75.3346421883842,75.93135070800781,257800,0.0,0.0
2025-10-08 00:00:00-04:00,76.1501454504015,77.38334406683848,75.48382106461027,76.40872192382812,249600,0.0,0.0
2025-10-09 00:00:00-04:00,76.34904005553389,76.36893463761265,74.57880162851929,74.6683120727539,177000,0.0,0.0
2025-10-10 00:00:00-04:00,74.82744045380181,75.58327533163522,73.06714909052604,73.24616241455078,325900,0.0,0.0
2025-10-13 00:00:00-04:00,73.90254083590875,74.64842843445466,72.37098405638717,72.51022338867188,256500,0.0,0.0
2025-10-14 00:00:00-04:00,71.79416789492423,74.64842616244837,71.66487585907235,74.40974426269531,242800,0.0,0.0
2025-10-15 00:00:00-04:00,74.65837264010499,75.76228684731504,74.37990916217105,75.25508117675781,212900,0.0,0.0
2025-10-16 00:00:00-04:00,75.4440367866635,75.64293708984047,74.13127505803898,74.52908325195312,233000,0.0,0.0
2025-10-17 00:00:00-04:00,74.3301778628633,74.80754922913867,73.33566113838671,74.12133026123047,220300,0.0,0.0
2025-10-20 00:00:00-04:00,74.37990126700191,75.0661201844713,74.14121939518817,74.82743072509766,165200,0.0,0.0
2025-10-21 00:00:00-04:00,74.37991202746714,76.97560147008194,73.94232220953639,76.339111328125,192500,0.0,0.0
2025-10-22 00:00:00-04:00,76.49822085932172,77.34355851599437,75.01639313732657,75.10589599609375,237700,0.0,0.0
2025-10-23 00:00:00-04:00,74.75781608194853,75.94129334440336,74.75781608194853,75.63299560546875,252800,0.0,0.0
2025-10-24 00:00:00-04:00,76.86619837740851,77.02531710744577,75.54348931572926,75.9810791015625,167000,0.0,0.0
2025-10-27 00:00:00-04:00,76.09047735094443,77.83088163334212,75.78217200423568,76.35899353027344,199200,0.0,0.0
2025-10-28 00:00:00-04:00,75.5832693572143,76.58773335082047,75.22524273746478,76.28937530517578,265600,0.0,0.0
2025-10-29 00:00:00-04:00,76.05069750951832,77.19439329589191,73.99204812907014,74.3500747680664,313300,0.0,0.0
2025-10-30 00:00:00-04:00,74.10144080205852,76.10041388876499,74.09149351062749,74.36995697021484,275200,0.0,0.0
2025-10-31 00:00:00-04:00,73.78320033075552,74.83738566088276,73.37544482000929,73.60418701171875,265200,0.0,0.0
2025-11-03 00:00:00-05:00,73.53456369618141,74.89704665374033,72.450536599686,74.6683120727539,361000,0.0,0.0
2025-11-04 00:00:00-05:00,74.44951995929847,74.62853326685395,73.31577154063385,73.46495056152344,223300,0.0,0.0
2025-11-05 00:00:00-05:00,73.09698159035591,73.63402154928214,72.26159115706669,72.96769714355469,319000,0.0,0.0
2025-11-06 00:00:00-05:00,72.90802228269484,73.27599622064103,70.52118809485627,70.84937286376953,287500,0.0,0.0
2025-11-07 00:00:00-05:00,70.31233302420048,72.25164528982735,70.31233302420048,71.75438690185547,361000,0.0,0.0
2025-11-10 00:00:00-05:00,72.1521855577257,72.1521855577257,70.96870832333832,71.6350326538086,334000,0.0,0.0
2025-11-11 00:00:00-05:00,71.76433054801365,72.06268101310202,71.07811157945758,71.19744873046875,228300,0.0,0.0
2025-11-12 00:00:00-05:00,71.41624167073074,72.49032152581636,70.91898332162371,71.39635467529297,297500,0.0,0.0
2025-11-13 00:00:00-05:00,71.4958075809082,72.5897744735603,70.23277466406346,70.35211181640625,225600,0.0,0.0
2025-11-14 00:00:00-05:00,70.19299102247886,70.74991795054939,69.28797717680393,69.48688507080078,281700,0.0,0.0
2025-11-17 00:00:00-05:00,69.48688015254632,69.57638300783968,66.21491950659946,66.42376708984375,417900,0.0,0.0
2025-11-18 00:00:00-05:00,65.82706851847632,66.85141959443742,64.65353840704611,66.49339294433594,495900,0.0,0.0
2025-11-19 00:00:00-05:00,70.52118648352632,72.13229876474918,65.3795291122624,68.87028503417969,812600,0.0,0.0
2025-11-20 00:00:00-05:00,69.00951384935145,69.68578551515854,66.60278523392866,67.62713623046875,550100,0.0,0.0
2025-11-21 00:00:00-05:00,68.17411940962533,72.38092059114706,67.62713221696417,71.74443054199219,651100,0.0,0.0
2025-11-24 00:00:00-05:00,71.72454845210103,72.73895216619495,70.0040311909926,71.40630340576172,414500,0.0,0.0
2025-11-25 00:00:00-05:00,71.75438243787134,75.30480680360915,71.3565742347301,74.96666717529297,382200,0.0,0.0
2025-11-26 00:00:00-05:00,74.25062206450524,75.65288669619979,74.05171416768161,74.75782012939453,502500,0.0,0.0
2025-11-28 00:00:00-05:00,75.31638792787213,75.51587206655647,74.38877222430892,74.80769348144531,139700,0.22,0.0
2025-12-01 00:00:00-05:00,73.62074084273738,75.31638642709477,73.59081898351417,73.89005279541016,255400,0.0,0.0
2025-12-02 00:00:00-05:00,74.68799654725558,74.68799654725558,72.95246023304291,73.75041198730469,186200,0.0,0.0
2025-12-03 00:00:00-05:00,73.85015959578797,74.54836172578564,73.57087874378891,74.37879943847656,223800,0.0,0.0
2025-12-04 00:00:00-05:00,73.90002206745383,74.77777052842997,73.02228121630968,73.06217956542969,212100,0.0,0.0
2025-12-05 00:00:00-05:00,73.54095559895111,73.86013479706969,72.58341039476305,73.71051788330078,255100,0.0,0.0
2025-12-08 00:00:00-05:00,73.81025975978062,74.07956411598333,72.68315988406955,72.85272216796875,284500,0.0,0.0
2025-12-09 00:00:00-05:00,72.48366662971964,73.85015658248102,72.48366662971964,72.902587890625,235900,0.0,0.0
2025-12-10 00:00:00-05:00,73.0023386529201,75.8051312003116,73.0023386529201,75.25653839111328,506500,0.0,0.0
2025-12-11 00:00:00-05:00,75.75525800275905,77.62046598465967,74.05961991727298,77.031982421875,382400,0.0,0.0
2025-12-12 00:00:00-05:00,77.4409283234636,77.80000588247702,76.04451643950391,76.84246826171875,434600,0.0,0.0
2025-12-15 00:00:00-05:00,77.63044192448945,77.63044192448945,76.33377214372533,76.64297485351562,268000,0.0,0.0
2025-12-16 00:00:00-05:00,77.05192386401002,77.1815877924617,76.2839015634651,76.60308074951172,287200,0.0,0.0
2025-12-17 00:00:00-05:00,76.29387278677845,77.62046441102441,76.19413071491887,76.4734115600586,384700,0.0,0.0
2025-12-18 00:00:00-05:00,77.4608763111232,78.53810130889055,76.91228351748497,77.21151733398438,435100,0.0,0.0
2025-12-19 00:00:00-05:00,76.64297235207937,77.27136185125043,75.84502818289486,76.52328491210938,774000,0.0,0.0
2025-12-22 00:00:00-05:00,76.57315363191817,77.3012852151744,76.06446678248466,76.4734115600586,177500,0.0,0.0
2025-12-23 00:00:00-05:00,76.05448789338242,76.84246317293304,74.90743507859777,75.02713012695312,235500,0.0,0.0
2025-12-24 00:00:00-05:00,74.88748790049814,75.73530687883836,74.61817595065962,75.54579162597656,75000,0.0,0.0
2025-12-26 00:00:00-05:00,75.24656927211798,75.59567032694024,74.56831253282093,75.36625671386719,127600,0.0,0.0
2025-12-29 00:00:00-05:00,75.43607512904066,75.96472255356652,74.63813096698982,74.91741180419922,280600,0.0,0.0
2025-12-30 00:00:00-05:00,74.67803337390829,75.3363371531208,73.91000342002245,74.01972198486328,235600,0.0,0.0
2025-12-31 00:00:00-05:00,74.17931384925343,74.3388996430826,72.97241727093468,73.4611587524414,249500,0.0,0.0
2026-01-02 00:00:00-05:00,73.58084728645174,75.09695420438821,73.25169920372572,74.84759521484375,182300,0.0,0.0
2026-01-05 00:00:00-05:00,74.36881823360999,76.58312714813374,74.36881823360999,74.63813018798828,226500,0.0,0.0
2026-01-06 00:00:00-05:00,73.8501552149283,76.19412806639663,73.20182035562887,76.10436248779297,248300,0.0,0.0
2026-01-07 00:00:00-05:00,76.3537262417908,76.36369512237145,74.14938606026209,74.26908111572266,225500,0.0,0.0
2026-01-08 00:00:00-05:00,73.71051469630864,77.79002388368481,73.71051469630864,77.43094635009766,268500,0.0,0.0
2026-01-09 00:00:00-05:00,78.32864024347987,81.20126051435601,77.93964085010407,80.94192504882812,229000,0.0,0.0
2026-01-12 00:00:00-05:00,80.87210706772144,82.59766696590405,80.28361591163973,82.13884735107422,147900,0.0,0.0
2026-01-13 00:00:00-05:00,82.18872115727495,83.1562352152152,81.88948733797083,82.93679809570312,190800,0.0,0.0
2026-01-14 00:00:00-05:00,83.10636356506524,84.07387766013932,82.54780186474717,83.69485473632812,234100,0.0,0.0
2026-01-15 00:00:00-05:00,84.1536708397325,85.58000450175618,83.98410095080753,84.98153686523438,212300,0.0,0.0
2026-01-16 00:00:00-05:00,85.2009734389644,85.80940995165928,83.71479606672824,84.59253692626953,298700,0.0,0.0
2026-01-20 00:00:00-05:00,83.33577860365122,83.34574748430364,82.06903065619835,82.42810821533203,147500,0.0,0.0
2026-01-21 00:00:00-05:00,82.82708305324161,85.65979752766286,82.78718470165128,85.41043853759766,218500,0.0,0.0
2026-01-22 00:00:00-05:00,85.42041549549715,85.88921161695887,84.1337221865381,84.58257293701172,178200,0.0,0.0
2026-01-23 00:00:00-05:00,83.7347421780573,84.67233437506982,82.92682152053162,83.2958755493164,233800,0.0,0.0
2026-01-26 00:00:00-05:00,83.48538106179038,83.78461487312718,82.51787463944285,83.3158187866211,195700,0.0,0.0
2026-01-27 00:00:00-05:00,83.41556475897927,83.82451714629632,82.06902776458796,82.16876983642578,173100,0.0,0.0
2026-01-28 00:00:00-05:00,82.31838895204702,82.59766980459976,81.07159399612766,81.18131256103516,360600,0.0,0.0
2026-01-29 00:00:00-05:00,81.80969223630032,82.06902771077444,80.4831082230458,81.56033325195312,274100,0.0,0.0
2026-01-30 00:00:00-05:00,81.18130618430669,81.88948475046212,80.25369050557288,81.24114990234375,301300,0.0,0.0
2026-02-02 00:00:00-05:00,81.89946753187263,82.54780242979828,80.82223486545763,80.93195343017578,362000,0.0,0.0
2026-02-03 00:00:00-05:00,80.82223534983638,84.72221364131411,80.79231348833981,82.89690399169922,249500,0.0,0.0
2026-02-04 00:00:00-05:00,83.63500023973661,85.10123225742548,82.53782225141236,84.51274871826172,549500,0.0,0.0
2026-02-05 00:00:00-05:00,82.60763979874368,90.2579712202838,82.60763979874368,89.34033203125,557300,0.0,0.0
2026-02-06 00:00:00-05:00,89.73930905834497,95.09553496614458,89.52984843271675,94.59681701660156,1183200,0.0,0.0
2026-02-09 00:00:00-05:00,95.65410640095702,97.3297990535954,94.00833560839273,94.57687377929688,420400,0.0,0.0
2026-02-10 00:00:00-05:00,94.89605627827376,95.93339058605679,92.59198165425354,93.39990234375,446400,0.0,0.0
2026-02-11 00:00:00-05:00,92.97100324067367,93.80885338906678,89.61961786676588,93.69913482666016,689300,0.0,0.0
2026-02-12 00:00:00-05:00,93.9185709122152,95.19528768627495,91.48482480551866,91.95362091064453,330500,0.0,0.0
2026-02-13 00:00:00-05:00,92.35258820017931,94.03825734049246,91.12574627981833,93.36000061035156,258200,0.0,0.0
2026-02-17 00:00:00-05:00,92.78148440432872,93.4198503836767,90.77664371717648,91.83392333984375,380800,0.0,0.0
2026-02-18 00:00:00-05:00,90.8963310916533,92.85130454815564,88.99123247422871,89.29045867919922,295000,0.0,0.0
2026-02-19 00:00:00-05:00,88.55235714336828,89.61961324183835,87.05620330757856,87.5449447631836,359600,0.0,0.0
2026-02-20 00:00:00-05:00,87.72448862033824,89.52985286167952,86.60736522839123,88.39277648925781,354100,0.0,0.0
2026-02-23 00:00:00-05:00,88.73189921584758,88.77179756613582,85.40046687001767,86.36797332763672,227300,0.0,0.0
2026-02-24 00:00:00-05:00,86.74700469885495,87.77436249687014,86.54751294546269,87.25569915771484,231200,0.0,0.0
2026-02-25 00:00:00-05:00,87.37538539890626,87.37538539890626,84.3830776276435,85.26082611083984,220600,0.0,0.0
2026-02-26 00:00:00-05:00,85.8193843122937,86.19840720840816,84.79202657006803,85.58000183105469,377200,0.0,0.0
2026-02-27 00:00:00-05:00,84.51000213623047,85.30000305175781,83.94999694824219,85.23999786376953,256000,0.22,0.0
2026-03-02 00:00:00-05:00,83.95999908447266,85.26000213623047,83.52999877929688,84.55999755859375,315700,0.0,0.0
2026-03-03 00:00:00-05:00,82.58999633789062,82.80999755859375,79.58000183105469,82.12000274658203,387700,0.0,0.0
2026-03-04 00:00:00-05:00,83.36000061035156,83.36000061035156,81.30999755859375,81.7699966430664,215100,0.0,0.0
2026-03-05 00:00:00-05:00,80.62000274658203,81.5,78.80000305175781,79.80999755859375,418200,0.0,0.0
2026-03-06 00:00:00-05:00,78.0,78.56999969482422,76.33999633789062,77.43000030517578,300700,0.0,0.0
2026-03-09 00:00:00-04:00,75.87000274658203,76.86000061035156,74.2699966430664,76.47000122070312,355000,0.0,0.0
2026-03-10 00:00:00-04:00,76.56999969482422,77.61000061035156,75.27999877929688,75.29000091552734,353600,0.0,0.0
2026-03-11 00:00:00-04:00,75.27999877929688,76.19999694824219,73.91999816894531,74.1500015258789,344700,0.0,0.0
2026-03-12 00:00:00-04:00,72.62000274658203,73.37000274658203,69.70999908447266,70.05999755859375,478500,0.0,0.0
2026-03-13 00:00:00-04:00,70.41000366210938,71.19999694824219,69.08000183105469,70.81999969482422,339300,0.0,0.0
2026-03-16 00:00:00-04:00,71.58999633789062,72.86000061035156,71.30999755859375,72.7699966430664,343200,0.0,0.0
2026-03-17 00:00:00-04:00,73.62000274658203,74.26000213623047,72.77999877929688,72.9800033569336,350400,0.0,0.0
2026-03-18 00:00:00-04:00,72.08999633789062,72.9000015258789,70.80000305175781,71.13999938964844,437400,0.0,0.0
2026-03-19 00:00:00-04:00,70.47000122070312,71.19999694824219,68.97000122070312,69.55999755859375,293200,0.0,0.0
2026-03-20 00:00:00-04:00,69.45999908447266,69.4800033569336,67.51000213623047,68.25,651300,0.0,0.0
2026-03-23 00:00:00-04:00,71.06999969482422,72.22000122070312,70.80000305175781,71.16999816894531,349100,0.0,0.0
2026-03-24 00:00:00-04:00,70.16000366210938,72.91000366210938,70.05000305175781,71.62999725341797,289200,0.0,0.0
2026-03-25 00:00:00-04:00,72.76000213623047,73.16000366210938,71.18000030517578,72.36000061035156,174100,0.0,0.0
2026-03-26 00:00:00-04:00,71.37000274658203,72.6500015258789,70.70999908447266,71.12999725341797,239200,0.0,0.0
2026-03-27 00:00:00-04:00,70.9800033569336,71.79000091552734,70.13999938964844,70.5199966430664,177300,0.0,0.0
2026-03-30 00:00:00-04:00,71.23999786376953,71.9800033569336,70.52999877929688,70.52999877929688,324000,0.0,0.0
2026-03-31 00:00:00-04:00,71.94999694824219,73.81999969482422,70.76000213623047,72.68000030517578,340400,0.0,0.0
2026-04-01 00:00:00-04:00,72.73999786376953,73.91999816894531,72.4000015258789,73.26000213623047,287400,0.0,0.0
2026-04-02 00:00:00-04:00,71.79000091552734,73.5,70.63999938964844,71.41999816894531,185400,0.0,0.0
2026-04-06 00:00:00-04:00,71.12999725341797,72.04000091552734,70.22000122070312,72.0,233900,0.0,0.0
2026-04-07 00:00:00-04:00,71.29000091552734,72.48999786376953,70.73999786376953,72.37000274658203,266700,0.0,0.0
2026-04-08 00:00:00-04:00,76.26000213623047,77.04000091552734,75.44000244140625,75.80000305175781,499800,0.0,0.0
2026-04-09 00:00:00-04:00,75.05000305175781,78.69000244140625,75.05000305175781,78.16999816894531,914200,0.0,0.0
2026-04-10 00:00:00-04:00,78.36000061035156,78.80000305175781,77.77999877929688,78.19000244140625,233700,0.0,0.0
2026-04-13 00:00:00-04:00,77.86000061035156,81.05000305175781,77.0199966430664,80.88999938964844,440400,0.0,0.0
2026-04-14 00:00:00-04:00,80.73999786376953,83.48999786376953,80.31999969482422,82.72000122070312,426100,0.0,0.0
2026-04-15 00:00:00-04:00,82.31999969482422,83.16000366210938,81.31999969482422,83.0199966430664,401600,0.0,0.0
2026-04-16 00:00:00-04:00,83.0,84.0199966430664,82.54000091552734,83.83999633789062,397800,0.0,0.0
2026-04-17 00:00:00-04:00,86.19000244140625,89.4000015258789,86.1500015258789,87.80999755859375,451700,0.0,0.0
2026-04-20 00:00:00-04:00,87.4000015258789,91.41999816894531,86.5999984741211,90.77999877929688,551700,0.0,0.0
2026-04-21 00:00:00-04:00,91.4800033569336,92.5999984741211,89.52999877929688,90.08999633789062,413300,0.0,0.0
2026-04-22 00:00:00-04:00,91.44000244140625,92.52999877929688,90.58000183105469,91.0999984741211,360300,0.0,0.0
2026-04-23 00:00:00-04:00,91.7300033569336,93.5199966430664,91.12000274658203,92.2699966430664,394100,0.0,0.0
2026-04-24 00:00:00-04:00,92.44999694824219,93.20999908447266,91.25,93.02999877929688,305300,0.0,0.0
2026-04-27 00:00:00-04:00,93.19000244140625,95.08999633789062,93.11000061035156,94.33999633789062,475400,0.0,0.0
2026-04-28 00:00:00-04:00,94.54000091552734,95.19999694824219,90.77999877929688,92.06999969482422,369600,0.0,0.0
2026-04-29 00:00:00-04:00,92.05000305175781,92.29000091552734,88.27999877929688,88.62999725341797,468800,0.0,0.0
2026-04-30 00:00:00-04:00,89.3499984741211,91.7300033569336,89.3499984741211,91.16999816894531,342400,0.0,0.0
2026-05-01 00:00:00-04:00,91.94000244140625,93.37000274658203,91.23999786376953,92.55000305175781,307300,0.0,0.0
2026-05-04 00:00:00-04:00,91.58999633789062,92.01000213623047,88.22000122070312,88.75,364500,0.0,0.0
2026-05-05 00:00:00-04:00,89.01000213623047,91.55999755859375,88.33000183105469,91.05000305175781,344400,0.0,0.0
2026-05-06 00:00:00-04:00,93.5199966430664,94.86000061035156,92.0,92.58000183105469,493200,0.0,0.0
2026-05-07 00:00:00-04:00,89.5,93.43000030517578,86.0,90.68000030517578,405700,0.0,0.0
2026-05-08 00:00:00-04:00,91.2300033569336,93.43000030517578,87.77999877929688,88.0199966430664,379900,0.0,0.0
2026-05-11 00:00:00-04:00,87.9000015258789,87.9000015258789,84.45999908447266,86.19000244140625,406100,0.0,0.0
2026-05-12 00:00:00-04:00,85.87000274658203,87.04000091552734,82.44999694824219,83.31999969482422,507500,0.0,0.0
2026-05-13 00:00:00-04:00,83.0999984741211,83.91000366210938,81.95999908447266,82.87000274658203,372700,0.0,0.0
2026-05-14 00:00:00-04:00,84.08000183105469,85.91999816894531,83.88999938964844,85.91000366210938,356600,0.0,0.0
2026-05-15 00:00:00-04:00,84.79000091552734,84.83999633789062,81.7699966430664,81.8499984741211,409500,0.0,0.0
2026-05-18 00:00:00-04:00,82.27999877929688,84.9000015258789,81.66999816894531,82.83000183105469,378307,0.0,0.0
