Date,Open,High,Low,Close,Volume,Dividends,Stock Splits
2022-01-03 00:00:00-05:00,18.729999542236328,19.364999771118164,18.450000762939453,19.299999237060547,347700,0.0,0.0
2022-01-04 00:00:00-05:00,19.420000076293945,19.729999542236328,18.344999313354492,18.690000534057617,696800,0.0,0.0
2022-01-05 00:00:00-05:00,18.579999923706055,18.780000686645508,17.5,17.520000457763672,743200,0.0,0.0
2022-01-06 00:00:00-05:00,17.375,17.8799991607666,16.6299991607666,17.530000686645508,690200,0.0,0.0
2022-01-07 00:00:00-05:00,17.940000534057617,18.5,17.360000610351562,17.84000015258789,537900,0.0,0.0
2022-01-10 00:00:00-05:00,17.43000030517578,18.020000457763672,17.1200008392334,17.969999313354492,638400,0.0,0.0
2022-01-11 00:00:00-05:00,18.010000228881836,18.299999237060547,17.290000915527344,18.139999389648438,602200,0.0,0.0
2022-01-12 00:00:00-05:00,18.1299991607666,18.350000381469727,17.440000534057617,17.770000457763672,370800,0.0,0.0
2022-01-13 00:00:00-05:00,17.969999313354492,17.979999542236328,16.850000381469727,16.920000076293945,661900,0.0,0.0
2022-01-14 00:00:00-05:00,16.540000915527344,16.979999542236328,15.399999618530273,15.680000305175781,1125400,0.0,0.0
2022-01-18 00:00:00-05:00,15.579999923706055,16.450000762939453,15.34000015258789,16.049999237060547,804900,0.0,0.0
2022-01-19 00:00:00-05:00,16.049999237060547,16.489999771118164,15.649999618530273,15.670000076293945,458700,0.0,0.0
2022-01-20 00:00:00-05:00,15.880000114440918,16.825000762939453,15.869999885559082,15.920000076293945,553500,0.0,0.0
2022-01-21 00:00:00-05:00,15.859999656677246,15.899999618530273,14.779999732971191,15.0,850200,0.0,0.0
2022-01-24 00:00:00-05:00,14.6899995803833,15.029999732971191,13.510000228881836,15.010000228881836,2642700,0.0,0.0
2022-01-25 00:00:00-05:00,14.550000190734863,14.989999771118164,13.539999961853027,14.289999961853027,1940100,0.0,0.0
2022-01-26 00:00:00-05:00,14.649999618530273,14.8100004196167,13.119999885559082,13.229999542236328,2329800,0.0,0.0
2022-01-27 00:00:00-05:00,13.359999656677246,13.789999961853027,12.140000343322754,12.319999694824219,2066500,0.0,0.0
2022-01-28 00:00:00-05:00,12.369999885559082,12.737000465393066,11.779999732971191,12.630000114440918,2246800,0.0,0.0
2022-01-31 00:00:00-05:00,12.550000190734863,13.529999732971191,12.550000190734863,13.260000228881836,2017800,0.0,0.0
2022-02-01 00:00:00-05:00,13.359999656677246,13.520000457763672,12.989999771118164,13.34000015258789,1240600,0.0,0.0
2022-02-02 00:00:00-05:00,13.350000381469727,13.494999885559082,12.170000076293945,12.170000076293945,1002800,0.0,0.0
2022-02-03 00:00:00-05:00,12.0,12.204999923706055,11.5,11.579999923706055,1906600,0.0,0.0
2022-02-04 00:00:00-05:00,11.600000381469727,11.9399995803833,11.420000076293945,11.6899995803833,1534400,0.0,0.0
2022-02-07 00:00:00-05:00,11.6899995803833,12.079999923706055,11.380000114440918,11.479999542236328,1695400,0.0,0.0
2022-02-08 00:00:00-05:00,11.479999542236328,11.640000343322754,11.100000381469727,11.390000343322754,2632800,0.0,0.0
2022-02-09 00:00:00-05:00,11.420000076293945,11.890000343322754,11.210000038146973,11.640000343322754,1717600,0.0,0.0
2022-02-10 00:00:00-05:00,11.520000457763672,12.260000228881836,11.329999923706055,11.460000038146973,2004300,0.0,0.0
2022-02-11 00:00:00-05:00,11.430000305175781,11.739999771118164,10.470000267028809,10.510000228881836,1693300,0.0,0.0
2022-02-14 00:00:00-05:00,10.479999542236328,10.704999923706055,10.300000190734863,10.420000076293945,1731700,0.0,0.0
2022-02-15 00:00:00-05:00,10.680000305175781,11.260000228881836,10.640000343322754,11.220000267028809,2074000,0.0,0.0
2022-02-16 00:00:00-05:00,11.109999656677246,11.229999542236328,10.859999656677246,11.119999885559082,1215900,0.0,0.0
2022-02-17 00:00:00-05:00,12.300000190734863,13.6899995803833,11.890000343322754,12.520000457763672,4827700,0.0,0.0
2022-02-18 00:00:00-05:00,12.149999618530273,12.859999656677246,12.029999732971191,12.640000343322754,2871900,0.0,0.0
2022-02-22 00:00:00-05:00,12.529999732971191,12.899999618530273,12.204999923706055,12.739999771118164,2507800,0.0,0.0
2022-02-23 00:00:00-05:00,12.739999771118164,13.100000381469727,12.329999923706055,12.529999732971191,2123500,0.0,0.0
2022-02-24 00:00:00-05:00,12.029999732971191,13.460000038146973,11.930000305175781,13.329999923706055,2026000,0.0,0.0
2022-02-25 00:00:00-05:00,13.010000228881836,13.529999732971191,12.819999694824219,13.069999694824219,4031900,0.0,0.0
2022-02-28 00:00:00-05:00,13.029999732971191,13.420000076293945,12.829999923706055,13.1899995803833,2974600,0.0,0.0
2022-03-01 00:00:00-05:00,13.510000228881836,13.949999809265137,13.100000381469727,13.520000457763672,1895700,0.0,0.0
2022-03-02 00:00:00-05:00,13.970000267028809,14.40999984741211,13.795000076293945,14.109999656677246,2141400,0.0,0.0
2022-03-03 00:00:00-05:00,14.0,14.130000114440918,13.199999809265137,13.239999771118164,1765200,0.0,0.0
2022-03-04 00:00:00-05:00,13.119999885559082,13.569999694824219,12.3100004196167,12.489999771118164,741000,0.0,0.0
2022-03-07 00:00:00-05:00,12.630000114440918,12.949999809265137,11.5600004196167,11.65999984741211,1143900,0.0,0.0
2022-03-08 00:00:00-05:00,11.640000343322754,12.300000190734863,11.239999771118164,11.800000190734863,967400,0.0,0.0
2022-03-09 00:00:00-05:00,12.09000015258789,13.0,12.0,12.550000190734863,864200,0.0,0.0
2022-03-10 00:00:00-05:00,12.229999542236328,12.949999809265137,12.119999885559082,12.829999923706055,776200,0.0,0.0
2022-03-11 00:00:00-05:00,12.829999923706055,13.119999885559082,12.4399995803833,12.479999542236328,599100,0.0,0.0
2022-03-14 00:00:00-04:00,12.369999885559082,12.789999961853027,12.140000343322754,12.229999542236328,1213500,0.0,0.0
2022-03-15 00:00:00-04:00,12.369999885559082,13.100000381469727,12.3100004196167,12.90999984741211,810300,0.0,0.0
2022-03-16 00:00:00-04:00,13.0600004196167,13.630000114440918,12.979999542236328,13.600000381469727,1247900,0.0,0.0
2022-03-17 00:00:00-04:00,13.710000038146973,14.210000038146973,13.319999694824219,13.899999618530273,1169400,0.0,0.0
2022-03-18 00:00:00-04:00,13.680000305175781,14.545000076293945,13.4399995803833,14.34000015258789,1165100,0.0,0.0
2022-03-21 00:00:00-04:00,14.029999732971191,14.470000267028809,13.880000114440918,14.199999809265137,1089400,0.0,0.0
2022-03-22 00:00:00-04:00,14.1899995803833,14.739999771118164,14.020000457763672,14.479999542236328,1392600,0.0,0.0
2022-03-23 00:00:00-04:00,14.399999618530273,14.84000015258789,14.125,14.319999694824219,768400,0.0,0.0
2022-03-24 00:00:00-04:00,14.430000305175781,14.800000190734863,13.890000343322754,14.75,829400,0.0,0.0
2022-03-25 00:00:00-04:00,14.84000015258789,14.84000015258789,13.979999542236328,14.140000343322754,730900,0.0,0.0
2022-03-28 00:00:00-04:00,14.149999618530273,14.380000114440918,13.779999732971191,14.329999923706055,960500,0.0,0.0
2022-03-29 00:00:00-04:00,14.600000381469727,15.510000228881836,14.539999961853027,15.329999923706055,834800,0.0,0.0
2022-03-30 00:00:00-04:00,15.149999618530273,15.479999542236328,14.90999984741211,15.119999885559082,688700,0.0,0.0
2022-03-31 00:00:00-04:00,15.149999618530273,15.187999725341797,14.630000114440918,14.8100004196167,866500,0.0,0.0
2022-04-01 00:00:00-04:00,14.859999656677246,15.5,14.859999656677246,15.149999618530273,796600,0.0,0.0
2022-04-04 00:00:00-04:00,15.25,15.699999809265137,14.899999618530273,15.5600004196167,636800,0.0,0.0
2022-04-05 00:00:00-04:00,15.460000038146973,15.5,14.835000038146973,15.039999961853027,784300,0.0,0.0
2022-04-06 00:00:00-04:00,14.6899995803833,15.149999618530273,14.425000190734863,15.0,659900,0.0,0.0
2022-04-07 00:00:00-04:00,14.899999618530273,15.15999984741211,14.390000343322754,14.699999809265137,565800,0.0,0.0
2022-04-08 00:00:00-04:00,14.59000015258789,15.024999618530273,14.359999656677246,14.539999961853027,545900,0.0,0.0
2022-04-11 00:00:00-04:00,14.1899995803833,14.699999809265137,14.050000190734863,14.420000076293945,894700,0.0,0.0
2022-04-12 00:00:00-04:00,14.569999694824219,14.65999984741211,13.869999885559082,13.949999809265137,807000,0.0,0.0
2022-04-13 00:00:00-04:00,14.039999961853027,14.369999885559082,14.0,14.289999961853027,496600,0.0,0.0
2022-04-14 00:00:00-04:00,14.229999542236328,14.385000228881836,13.760000228881836,14.0,575800,0.0,0.0
2022-04-18 00:00:00-04:00,13.880000114440918,13.90999984741211,13.449999809265137,13.770000457763672,604200,0.0,0.0
2022-04-19 00:00:00-04:00,13.720000267028809,14.460000038146973,13.5,14.130000114440918,754400,0.0,0.0
2022-04-20 00:00:00-04:00,14.460000038146973,14.460000038146973,13.859999656677246,13.920000076293945,740900,0.0,0.0
2022-04-21 00:00:00-04:00,14.079999923706055,14.475000381469727,13.5,13.59000015258789,631200,0.0,0.0
2022-04-22 00:00:00-04:00,13.569999694824219,13.920000076293945,13.550000190734863,13.6899995803833,436200,0.0,0.0
2022-04-25 00:00:00-04:00,13.699999809265137,14.430000305175781,13.5600004196167,14.430000305175781,632800,0.0,0.0
2022-04-26 00:00:00-04:00,14.239999771118164,14.59000015258789,14.039999961853027,14.149999618530273,688800,0.0,0.0
2022-04-27 00:00:00-04:00,14.119999885559082,14.579999923706055,13.90999984741211,14.329999923706055,947600,0.0,0.0
2022-04-28 00:00:00-04:00,14.529999732971191,14.800000190734863,13.949999809265137,14.529999732971191,969800,0.0,0.0
2022-04-29 00:00:00-04:00,14.420000076293945,14.75,13.239999771118164,13.350000381469727,1400700,0.0,0.0
2022-05-02 00:00:00-04:00,13.260000228881836,13.274999618530273,12.479999542236328,12.90999984741211,1754900,0.0,0.0
2022-05-03 00:00:00-04:00,12.859999656677246,13.119999885559082,12.25,12.329999923706055,1444200,0.0,0.0
2022-05-04 00:00:00-04:00,12.449999809265137,12.739999771118164,11.875,12.670000076293945,1421200,0.0,0.0
2022-05-05 00:00:00-04:00,12.34000015258789,12.479999542236328,11.710000038146973,11.970000267028809,1484300,0.0,0.0
2022-05-06 00:00:00-04:00,11.949999809265137,11.949999809265137,10.829999923706055,11.119999885559082,1695800,0.0,0.0
2022-05-09 00:00:00-04:00,10.920000076293945,11.09000015258789,9.949999809265137,10.0,1364400,0.0,0.0
2022-05-10 00:00:00-04:00,10.220000267028809,10.880000114440918,8.550000190734863,8.880000114440918,2033300,0.0,0.0
2022-05-11 00:00:00-04:00,8.880000114440918,9.130000114440918,8.1899995803833,8.199999809265137,1759800,0.0,0.0
2022-05-12 00:00:00-04:00,8.380000114440918,9.199999809265137,7.519999980926514,8.25,4212100,0.0,0.0
2022-05-13 00:00:00-04:00,8.630000114440918,9.21500015258789,8.630000114440918,8.9399995803833,2160900,0.0,0.0
2022-05-16 00:00:00-04:00,8.720000267028809,9.199999809265137,8.470000267028809,8.479999542236328,1328300,0.0,0.0
2022-05-17 00:00:00-04:00,8.609999656677246,8.859999656677246,8.010000228881836,8.399999618530273,2896200,0.0,0.0
2022-05-18 00:00:00-04:00,8.109999656677246,8.390000343322754,7.550000190734863,7.769999980926514,2106700,0.0,0.0
2022-05-19 00:00:00-04:00,7.690000057220459,8.1899995803833,7.650000095367432,8.0600004196167,1198600,0.0,0.0
2022-05-20 00:00:00-04:00,8.119999885559082,8.34000015258789,7.875,8.119999885559082,1181700,0.0,0.0
2022-05-23 00:00:00-04:00,8.220000267028809,8.265000343322754,7.824999809265137,8.050000190734863,1736700,0.0,0.0
2022-05-24 00:00:00-04:00,7.920000076293945,7.920000076293945,7.46999979019165,7.559999942779541,2395000,0.0,0.0
2022-05-25 00:00:00-04:00,7.5,8.050000190734863,7.449999809265137,8.010000228881836,1437700,0.0,0.0
2022-05-26 00:00:00-04:00,8.029999732971191,8.479999542236328,8.020000457763672,8.270000457763672,1166600,0.0,0.0
2022-05-27 00:00:00-04:00,8.399999618530273,8.734999656677246,8.399999618530273,8.6899995803833,1590800,0.0,0.0
2022-05-31 00:00:00-04:00,8.65999984741211,8.770000457763672,8.300000190734863,8.4399995803833,1606200,0.0,0.0
2022-06-01 00:00:00-04:00,8.520000457763672,8.770000457763672,8.395000457763672,8.609999656677246,1340000,0.0,0.0
2022-06-02 00:00:00-04:00,8.59000015258789,9.100000381469727,8.59000015258789,9.020000457763672,1308900,0.0,0.0
2022-06-03 00:00:00-04:00,8.8100004196167,8.989999771118164,8.369999885559082,8.520000457763672,1220100,0.0,0.0
2022-06-06 00:00:00-04:00,8.779999732971191,9.020000457763672,8.529999732971191,8.579999923706055,1678100,0.0,0.0
2022-06-07 00:00:00-04:00,8.479999542236328,8.619999885559082,8.229999542236328,8.539999961853027,1854800,0.0,0.0
2022-06-08 00:00:00-04:00,8.510000228881836,8.680000305175781,8.329999923706055,8.380000114440918,1159400,0.0,0.0
2022-06-09 00:00:00-04:00,8.350000381469727,8.350000381469727,7.539999961853027,7.559999942779541,2103700,0.0,0.0
2022-06-10 00:00:00-04:00,7.380000114440918,7.514999866485596,7.079999923706055,7.269999980926514,2619500,0.0,0.0
2022-06-13 00:00:00-04:00,6.980000019073486,7.159999847412109,6.679999828338623,6.820000171661377,4373200,0.0,0.0
2022-06-14 00:00:00-04:00,7.059999942779541,7.110000133514404,6.670000076293945,6.929999828338623,1867200,0.0,0.0
2022-06-15 00:00:00-04:00,6.940000057220459,7.480000019073486,6.909999847412109,7.21999979019165,1708400,0.0,0.0
2022-06-16 00:00:00-04:00,6.920000076293945,7.130000114440918,6.78000020980835,6.829999923706055,2129100,0.0,0.0
2022-06-17 00:00:00-04:00,6.849999904632568,7.360000133514404,6.849999904632568,7.25,2950100,0.0,0.0
2022-06-21 00:00:00-04:00,7.349999904632568,7.579999923706055,7.079999923706055,7.130000114440918,1812400,0.0,0.0
2022-06-22 00:00:00-04:00,7.039999961853027,7.340000152587891,6.989999771118164,7.139999866485596,1364900,0.0,0.0
2022-06-23 00:00:00-04:00,7.21999979019165,7.320000171661377,7.039999961853027,7.230000019073486,1450400,0.0,0.0
2022-06-24 00:00:00-04:00,7.260000228881836,7.449999809265137,6.920000076293945,6.960000038146973,16964000,0.0,0.0
2022-06-27 00:00:00-04:00,7.090000152587891,7.269999980926514,6.635000228881836,6.860000133514404,2308400,0.0,0.0
2022-06-28 00:00:00-04:00,6.860000133514404,6.909999847412109,6.545000076293945,6.610000133514404,1603600,0.0,0.0
2022-06-29 00:00:00-04:00,6.590000152587891,6.679999828338623,6.320000171661377,6.46999979019165,1461800,0.0,0.0
2022-06-30 00:00:00-04:00,6.360000133514404,6.570000171661377,6.099999904632568,6.539999961853027,2237100,0.0,0.0
2022-07-01 00:00:00-04:00,6.559999942779541,6.605000019073486,6.244999885559082,6.489999771118164,1714400,0.0,0.0
2022-07-05 00:00:00-04:00,6.329999923706055,6.940000057220459,6.125,6.909999847412109,1080900,0.0,0.0
2022-07-06 00:00:00-04:00,6.949999809265137,7.019999980926514,6.769999980926514,6.820000171661377,884000,0.0,0.0
2022-07-07 00:00:00-04:00,6.860000133514404,7.210000038146973,6.860000133514404,7.199999809265137,711000,0.0,0.0
2022-07-08 00:00:00-04:00,7.119999885559082,7.484000205993652,7.099999904632568,7.230000019073486,725100,0.0,0.0
2022-07-11 00:00:00-04:00,7.130000114440918,7.160999774932861,6.769999980926514,6.849999904632568,783000,0.0,0.0
2022-07-12 00:00:00-04:00,6.849999904632568,6.920000076293945,6.579999923706055,6.679999828338623,878200,0.0,0.0
2022-07-13 00:00:00-04:00,6.539999961853027,6.599999904632568,6.349999904632568,6.489999771118164,760700,0.0,0.0
2022-07-14 00:00:00-04:00,6.449999809265137,6.46999979019165,6.28000020980835,6.349999904632568,653500,0.0,0.0
2022-07-15 00:00:00-04:00,6.53000020980835,6.679999828338623,6.309999942779541,6.679999828338623,1150900,0.0,0.0
2022-07-18 00:00:00-04:00,6.789999961853027,7.178999900817871,6.760000228881836,6.78000020980835,1000400,0.0,0.0
2022-07-19 00:00:00-04:00,6.889999866485596,7.329999923706055,6.78000020980835,7.199999809265137,918600,0.0,0.0
2022-07-20 00:00:00-04:00,7.210000038146973,7.53000020980835,7.179999828338623,7.329999923706055,643000,0.0,0.0
2022-07-21 00:00:00-04:00,7.260000228881836,7.650000095367432,7.199999809265137,7.639999866485596,739400,0.0,0.0
2022-07-22 00:00:00-04:00,7.639999866485596,7.659999847412109,7.125,7.159999847412109,818300,0.0,0.0
2022-07-25 00:00:00-04:00,7.170000076293945,7.170000076293945,6.929999828338623,7.0,548600,0.0,0.0
2022-07-26 00:00:00-04:00,6.929999828338623,6.974999904632568,6.78000020980835,6.909999847412109,653700,0.0,0.0
2022-07-27 00:00:00-04:00,7.070000171661377,7.070000171661377,6.769999980926514,6.909999847412109,988500,0.0,0.0
2022-07-28 00:00:00-04:00,6.940000057220459,7.304999828338623,6.809999942779541,7.28000020980835,877800,0.0,0.0
2022-07-29 00:00:00-04:00,7.28000020980835,7.420000076293945,6.980000019073486,7.389999866485596,730800,0.0,0.0
2022-08-01 00:00:00-04:00,7.309999942779541,7.394999980926514,7.085000038146973,7.289999961853027,1086500,0.0,0.0
2022-08-02 00:00:00-04:00,7.179999828338623,7.659999847412109,7.125,7.230000019073486,1135900,0.0,0.0
2022-08-03 00:00:00-04:00,7.309999942779541,7.599999904632568,7.210000038146973,7.489999771118164,1196600,0.0,0.0
2022-08-04 00:00:00-04:00,7.639999866485596,7.739999771118164,7.489999771118164,7.659999847412109,540400,0.0,0.0
2022-08-05 00:00:00-04:00,7.480000019073486,7.739999771118164,7.320000171661377,7.639999866485596,842800,0.0,0.0
2022-08-08 00:00:00-04:00,7.769999980926514,8.164999961853027,7.769999980926514,7.929999828338623,1041700,0.0,0.0
2022-08-09 00:00:00-04:00,7.800000190734863,7.849999904632568,6.940000057220459,6.965000152587891,1608800,0.0,0.0
2022-08-10 00:00:00-04:00,7.380000114440918,7.695000171661377,7.28000020980835,7.590000152587891,2021300,0.0,0.0
2022-08-11 00:00:00-04:00,7.599999904632568,9.079999923706055,7.489999771118164,8.630000114440918,3146100,0.0,0.0
2022-08-12 00:00:00-04:00,8.8100004196167,9.380000114440918,8.680000305175781,9.260000228881836,1648500,0.0,0.0
2022-08-15 00:00:00-04:00,9.130000114440918,9.170000076293945,8.609999656677246,8.619999885559082,1507200,0.0,0.0
2022-08-16 00:00:00-04:00,8.529999732971191,8.96500015258789,8.420000076293945,8.8100004196167,1231000,0.0,0.0
2022-08-17 00:00:00-04:00,8.640000343322754,8.774999618530273,8.359999656677246,8.640000343322754,1259600,0.0,0.0
2022-08-18 00:00:00-04:00,8.5600004196167,8.710000038146973,8.25,8.6899995803833,1509500,0.0,0.0
2022-08-19 00:00:00-04:00,8.510000228881836,8.5600004196167,7.949999809265137,8.050000190734863,1102400,0.0,0.0
2022-08-22 00:00:00-04:00,7.840000152587891,7.929999828338623,7.480000019073486,7.909999847412109,1538100,0.0,0.0
2022-08-23 00:00:00-04:00,7.929999828338623,8.539999961853027,7.920000076293945,8.430000305175781,1421900,0.0,0.0
2022-08-24 00:00:00-04:00,8.430000305175781,8.850000381469727,8.40999984741211,8.739999771118164,976300,0.0,0.0
2022-08-25 00:00:00-04:00,8.949999809265137,9.180000305175781,8.734999656677246,8.829999923706055,868000,0.0,0.0
2022-08-26 00:00:00-04:00,8.729999542236328,9.0,8.369999885559082,8.390000343322754,865400,0.0,0.0
2022-08-29 00:00:00-04:00,8.270000457763672,8.529999732971191,8.270000457763672,8.390000343322754,1116900,0.0,0.0
2022-08-30 00:00:00-04:00,8.510000228881836,8.720000267028809,8.350000381469727,8.420000076293945,1201100,0.0,0.0
2022-08-31 00:00:00-04:00,8.520000457763672,8.890000343322754,8.430000305175781,8.510000228881836,998600,0.0,0.0
2022-09-01 00:00:00-04:00,8.170000076293945,8.40999984741211,8.010000228881836,8.390000343322754,1001100,0.0,0.0
2022-09-02 00:00:00-04:00,8.59000015258789,8.630000114440918,8.220000267028809,8.399999618530273,1007500,0.0,0.0
2022-09-06 00:00:00-04:00,8.569999694824219,8.569999694824219,8.350000381469727,8.40999984741211,877100,0.0,0.0
2022-09-07 00:00:00-04:00,8.600000381469727,9.420000076293945,8.505000114440918,9.130000114440918,1873900,0.0,0.0
2022-09-08 00:00:00-04:00,9.079999923706055,9.149999618530273,8.90999984741211,9.119999885559082,618000,0.0,0.0
2022-09-09 00:00:00-04:00,9.199999809265137,9.579999923706055,9.199999809265137,9.420000076293945,931200,0.0,0.0
2022-09-12 00:00:00-04:00,9.569999694824219,9.890000343322754,9.539999961853027,9.770000457763672,1197900,0.0,0.0
2022-09-13 00:00:00-04:00,9.289999961853027,9.595000267028809,9.220000267028809,9.289999961853027,1430100,0.0,0.0
2022-09-14 00:00:00-04:00,9.199999809265137,9.199999809265137,8.729999542236328,9.0,1858500,0.0,0.0
2022-09-15 00:00:00-04:00,8.84000015258789,9.305000305175781,8.8100004196167,9.199999809265137,1630100,0.0,0.0
2022-09-16 00:00:00-04:00,8.880000114440918,8.970000267028809,8.350000381469727,8.479999542236328,1921100,0.0,0.0
2022-09-19 00:00:00-04:00,8.241000175476074,8.545000076293945,8.069999694824219,8.479999542236328,1283300,0.0,0.0
2022-09-20 00:00:00-04:00,8.350000381469727,8.520000457763672,8.170000076293945,8.470000267028809,1015200,0.0,0.0
2022-09-21 00:00:00-04:00,8.579999923706055,8.873000144958496,8.319999694824219,8.65999984741211,1211400,0.0,0.0
2022-09-22 00:00:00-04:00,8.609999656677246,8.609999656677246,8.050000190734863,8.300000190734863,1727300,0.0,0.0
2022-09-23 00:00:00-04:00,8.09000015258789,8.300000190734863,8.010000228881836,8.25,2014800,0.0,0.0
2022-09-26 00:00:00-04:00,8.140000343322754,8.5,8.03499984741211,8.09000015258789,1193100,0.0,0.0
2022-09-27 00:00:00-04:00,8.279999732971191,8.369999885559082,8.140000343322754,8.15999984741211,1577700,0.0,0.0
2022-09-28 00:00:00-04:00,8.239999771118164,9.029999732971191,8.199999809265137,8.890000343322754,1344700,0.0,0.0
2022-09-29 00:00:00-04:00,8.59000015258789,8.630000114440918,7.385000228881836,7.820000171661377,2469900,0.0,0.0
2022-09-30 00:00:00-04:00,7.739999771118164,8.109999656677246,7.150000095367432,7.190000057220459,2134000,0.0,0.0
2022-10-03 00:00:00-04:00,7.190000057220459,7.744999885559082,7.014999866485596,7.679999828338623,2546000,0.0,0.0
2022-10-04 00:00:00-04:00,7.96999979019165,8.4399995803833,7.965000152587891,8.399999618530273,1220300,0.0,0.0
2022-10-05 00:00:00-04:00,8.149999618530273,8.510000228881836,7.985000133514404,8.5,1149700,0.0,0.0
2022-10-06 00:00:00-04:00,8.4399995803833,9.020000457763672,8.4399995803833,8.789999961853027,1836100,0.0,0.0
2022-10-07 00:00:00-04:00,8.59000015258789,8.899999618530273,8.329999923706055,8.579999923706055,1697500,0.0,0.0
2022-10-10 00:00:00-04:00,8.59000015258789,8.720000267028809,8.380000114440918,8.649999618530273,850300,0.0,0.0
2022-10-11 00:00:00-04:00,8.600000381469727,8.789999961853027,8.210000038146973,8.5,1067800,0.0,0.0
2022-10-12 00:00:00-04:00,8.520000457763672,8.71500015258789,8.395000457763672,8.600000381469727,712300,0.0,0.0
2022-10-13 00:00:00-04:00,8.220000267028809,8.734999656677246,8.050000190734863,8.720000267028809,1253900,0.0,0.0
2022-10-14 00:00:00-04:00,8.869999885559082,8.960000038146973,8.350000381469727,8.489999771118164,707500,0.0,0.0
2022-10-17 00:00:00-04:00,8.800000190734863,8.970000267028809,8.5649995803833,8.710000038146973,919900,0.0,0.0
2022-10-18 00:00:00-04:00,8.930000305175781,9.069999694824219,8.710000038146973,8.869999885559082,855800,0.0,0.0
2022-10-19 00:00:00-04:00,8.65999984741211,8.890000343322754,8.229999542236328,8.289999961853027,1049500,0.0,0.0
2022-10-20 00:00:00-04:00,8.260000228881836,8.875,8.260000228881836,8.579999923706055,1120100,0.0,0.0
2022-10-21 00:00:00-04:00,8.579999923706055,8.619999885559082,8.119999885559082,8.359999656677246,1472000,0.0,0.0
2022-10-24 00:00:00-04:00,8.350000381469727,8.364999771118164,8.024999618530273,8.199999809265137,886100,0.0,0.0
2022-10-25 00:00:00-04:00,8.109999656677246,9.109999656677246,8.109999656677246,8.970000267028809,1270800,0.0,0.0
2022-10-26 00:00:00-04:00,8.949999809265137,9.0600004196167,8.539999961853027,8.760000228881836,930400,0.0,0.0
2022-10-27 00:00:00-04:00,8.819999694824219,9.119999885559082,8.779999732971191,8.989999771118164,849400,0.0,0.0
2022-10-28 00:00:00-04:00,8.979999542236328,9.029999732971191,8.640000343322754,8.979999542236328,939000,0.0,0.0
2022-10-31 00:00:00-04:00,8.949999809265137,9.329999923706055,8.84000015258789,9.119999885559082,1034400,0.0,0.0
2022-11-01 00:00:00-04:00,9.399999618530273,9.524999618530273,9.0,9.039999961853027,1079400,0.0,0.0
2022-11-02 00:00:00-04:00,8.920000076293945,8.949999809265137,8.119999885559082,8.220000267028809,1440900,0.0,0.0
2022-11-03 00:00:00-04:00,8.119999885559082,8.319999694824219,7.690000057220459,7.699999809265137,984900,0.0,0.0
2022-11-04 00:00:00-04:00,7.849999904632568,7.909999847412109,7.079999923706055,7.329999923706055,1464900,0.0,0.0
2022-11-07 00:00:00-05:00,7.460000038146973,7.650000095367432,6.880000114440918,6.960000038146973,1552600,0.0,0.0
2022-11-08 00:00:00-05:00,7.03000020980835,7.039999961853027,6.690000057220459,6.980000019073486,1442200,0.0,0.0
2022-11-09 00:00:00-05:00,6.809999942779541,6.880000114440918,6.510000228881836,6.659999847412109,1368400,0.0,0.0
2022-11-10 00:00:00-05:00,7.159999847412109,8.34000015258789,7.019999980926514,8.3100004196167,3118900,0.0,0.0
2022-11-11 00:00:00-05:00,8.350000381469727,9.104999542236328,8.350000381469727,8.850000381469727,1143700,0.0,0.0
2022-11-14 00:00:00-05:00,8.65999984741211,9.074999809265137,8.550000190734863,8.600000381469727,1071900,0.0,0.0
2022-11-15 00:00:00-05:00,8.949999809265137,9.109999656677246,8.675000190734863,8.739999771118164,1360700,0.0,0.0
2022-11-16 00:00:00-05:00,8.630000114440918,8.779999732971191,8.430000305175781,8.609999656677246,801400,0.0,0.0
2022-11-17 00:00:00-05:00,8.319999694824219,8.779999732971191,8.270000457763672,8.640000343322754,1265600,0.0,0.0
2022-11-18 00:00:00-05:00,8.8100004196167,8.8100004196167,7.909999847412109,7.980000019073486,1522300,0.0,0.0
2022-11-21 00:00:00-05:00,7.900000095367432,8.0600004196167,7.5,7.679999828338623,874600,0.0,0.0
2022-11-22 00:00:00-05:00,7.664999961853027,7.920000076293945,7.429999828338623,7.800000190734863,1057000,0.0,0.0
2022-11-23 00:00:00-05:00,7.989999771118164,7.989999771118164,7.730000019073486,7.78000020980835,945400,0.0,0.0
2022-11-25 00:00:00-05:00,7.670000076293945,7.849999904632568,7.579999923706055,7.829999923706055,323200,0.0,0.0
2022-11-28 00:00:00-05:00,7.739999771118164,7.949999809265137,7.53000020980835,7.690000057220459,781900,0.0,0.0
2022-11-29 00:00:00-05:00,7.630000114440918,7.929999828338623,7.630000114440918,7.78000020980835,969800,0.0,0.0
2022-11-30 00:00:00-05:00,7.829999923706055,8.90999984741211,7.755000114440918,8.84000015258789,1637700,0.0,0.0
2022-12-01 00:00:00-05:00,8.8100004196167,9.170000076293945,8.8100004196167,8.880000114440918,812700,0.0,0.0
2022-12-02 00:00:00-05:00,8.609999656677246,8.8149995803833,8.359999656677246,8.6899995803833,920600,0.0,0.0
2022-12-05 00:00:00-05:00,8.630000114440918,8.930000305175781,8.319999694824219,8.390000343322754,898100,0.0,0.0
2022-12-06 00:00:00-05:00,8.449999809265137,8.539999961853027,8.359999656677246,8.460000038146973,674700,0.0,0.0
2022-12-07 00:00:00-05:00,8.369999885559082,8.899999618530273,8.300000190734863,8.789999961853027,1097100,0.0,0.0
2022-12-08 00:00:00-05:00,8.84000015258789,9.15999984741211,8.699999809265137,8.819999694824219,1095700,0.0,0.0
2022-12-09 00:00:00-05:00,8.720000267028809,8.920000076293945,8.614999771118164,8.829999923706055,761500,0.0,0.0
2022-12-12 00:00:00-05:00,8.819999694824219,9.029999732971191,8.670000076293945,8.829999923706055,1108700,0.0,0.0
2022-12-13 00:00:00-05:00,9.3100004196167,9.5,8.649999618530273,8.890000343322754,2668400,0.0,0.0
2022-12-14 00:00:00-05:00,8.869999885559082,9.229999542236328,8.847999572753906,8.949999809265137,1811400,0.0,0.0
2022-12-15 00:00:00-05:00,8.75,8.96500015258789,8.729999542236328,8.90999984741211,795200,0.0,0.0
2022-12-16 00:00:00-05:00,8.699999809265137,9.008000373840332,8.6850004196167,8.75,1908000,0.0,0.0
2022-12-19 00:00:00-05:00,8.75,8.75,8.390000343322754,8.399999618530273,1138900,0.0,0.0
2022-12-20 00:00:00-05:00,8.359999656677246,8.850000381469727,8.359999656677246,8.75,605800,0.0,0.0
2022-12-21 00:00:00-05:00,8.760000228881836,8.880000114440918,8.279999732971191,8.34000015258789,1882900,0.0,0.0
2022-12-22 00:00:00-05:00,8.180000305175781,8.180000305175781,7.414999961853027,7.929999828338623,1450000,0.0,0.0
2022-12-23 00:00:00-05:00,7.920000076293945,7.920000076293945,7.679999828338623,7.809999942779541,591100,0.0,0.0
2022-12-27 00:00:00-05:00,7.659999847412109,7.800000190734863,7.329999923706055,7.610000133514404,1182500,0.0,0.0
2022-12-28 00:00:00-05:00,7.590000152587891,7.639999866485596,7.190000057220459,7.380000114440918,1083700,0.0,0.0
2022-12-29 00:00:00-05:00,7.389999866485596,8.03499984741211,7.239999771118164,8.020000457763672,1122100,0.0,0.0
2022-12-30 00:00:00-05:00,7.840000152587891,8.25,7.800000190734863,8.210000038146973,1053600,0.0,0.0
2023-01-03 00:00:00-05:00,8.359999656677246,8.550000190734863,7.849999904632568,7.929999828338623,865100,0.0,0.0
2023-01-04 00:00:00-05:00,8.09000015258789,8.609999656677246,7.96999979019165,8.59000015258789,942500,0.0,0.0
2023-01-05 00:00:00-05:00,8.539999961853027,8.795000076293945,8.260000228881836,8.579999923706055,1009000,0.0,0.0
2023-01-06 00:00:00-05:00,8.630000114440918,9.045000076293945,8.449999809265137,8.770000457763672,630500,0.0,0.0
2023-01-09 00:00:00-05:00,8.859999656677246,9.0,8.34000015258789,8.399999618530273,571100,0.0,0.0
2023-01-10 00:00:00-05:00,8.319999694824219,8.59000015258789,8.180000305175781,8.510000228881836,684300,0.0,0.0
2023-01-11 00:00:00-05:00,8.569999694824219,9.074999809265137,8.489999771118164,8.970000267028809,1162900,0.0,0.0
2023-01-12 00:00:00-05:00,9.029999732971191,9.234999656677246,8.638999938964844,9.210000038146973,767300,0.0,0.0
2023-01-13 00:00:00-05:00,9.010000228881836,9.479999542236328,8.859999656677246,9.130000114440918,849400,0.0,0.0
2023-01-17 00:00:00-05:00,9.130000114440918,9.3100004196167,8.970000267028809,9.199999809265137,559900,0.0,0.0
2023-01-18 00:00:00-05:00,9.369999885559082,9.569999694824219,9.0,9.09000015258789,911400,0.0,0.0
2023-01-19 00:00:00-05:00,8.930000305175781,9.010000228881836,8.84000015258789,8.880000114440918,431700,0.0,0.0
2023-01-20 00:00:00-05:00,8.989999771118164,9.039999961853027,8.729999542236328,8.979999542236328,690200,0.0,0.0
2023-01-23 00:00:00-05:00,9.020000457763672,9.069999694824219,8.914999961853027,8.970000267028809,501900,0.0,0.0
2023-01-24 00:00:00-05:00,8.880000114440918,9.279999732971191,8.880000114440918,9.239999771118164,880800,0.0,0.0
2023-01-25 00:00:00-05:00,9.069999694824219,9.690999984741211,9.020000457763672,9.630000114440918,749100,0.0,0.0
2023-01-26 00:00:00-05:00,9.739999771118164,9.819999694824219,9.180000305175781,9.65999984741211,1342600,0.0,0.0
2023-01-27 00:00:00-05:00,9.5600004196167,10.210000038146973,9.550000190734863,9.90999984741211,1165100,0.0,0.0
2023-01-30 00:00:00-05:00,9.8100004196167,10.1899995803833,9.449999809265137,9.470000267028809,1079600,0.0,0.0
2023-01-31 00:00:00-05:00,9.600000381469727,9.850000381469727,9.505000114440918,9.800000190734863,808600,0.0,0.0
2023-02-01 00:00:00-05:00,9.800000190734863,10.460000038146973,9.539999961853027,10.289999961853027,1322400,0.0,0.0
2023-02-02 00:00:00-05:00,10.5,11.079999923706055,10.489999771118164,11.069999694824219,2547300,0.0,0.0
2023-02-03 00:00:00-05:00,10.779999732971191,11.5,10.75,11.15999984741211,1068500,0.0,0.0
2023-02-06 00:00:00-05:00,11.100000381469727,11.225000381469727,10.670000076293945,10.779999732971191,779400,0.0,0.0
2023-02-07 00:00:00-05:00,10.720000267028809,10.729999542236328,10.130000114440918,10.369999885559082,907100,0.0,0.0
2023-02-08 00:00:00-05:00,10.260000228881836,10.479999542236328,10.180000305175781,10.380000114440918,638700,0.0,0.0
2023-02-09 00:00:00-05:00,10.539999961853027,10.59000015258789,9.640000343322754,9.800000190734863,662000,0.0,0.0
2023-02-10 00:00:00-05:00,10.574999809265137,10.574999809265137,9.569999694824219,9.710000038146973,564400,0.0,0.0
2023-02-13 00:00:00-05:00,9.649999618530273,10.305000305175781,9.550000190734863,10.300000190734863,1075700,0.0,0.0
2023-02-14 00:00:00-05:00,10.1899995803833,11.225000381469727,9.970000267028809,11.050000190734863,1420800,0.0,0.0
2023-02-15 00:00:00-05:00,10.989999771118164,11.510000228881836,10.800000190734863,11.319999694824219,2152700,0.0,0.0
2023-02-16 00:00:00-05:00,11.0,11.239999771118164,10.430000305175781,11.020000457763672,1449300,0.0,0.0
2023-02-17 00:00:00-05:00,11.119999885559082,11.3100004196167,10.829999923706055,11.149999618530273,1239200,0.0,0.0
2023-02-21 00:00:00-05:00,11.0,11.529999732971191,10.399999618530273,10.520000457763672,1598000,0.0,0.0
2023-02-22 00:00:00-05:00,10.619999885559082,11.010000228881836,10.40999984741211,10.859999656677246,1430900,0.0,0.0
2023-02-23 00:00:00-05:00,11.84000015258789,13.23900032043457,11.800000190734863,12.680000305175781,4898000,0.0,0.0
2023-02-24 00:00:00-05:00,12.350000381469727,12.539999961853027,11.789999961853027,12.029999732971191,2242000,0.0,0.0
2023-02-27 00:00:00-05:00,12.220000267028809,12.479999542236328,11.90999984741211,12.1899995803833,1328400,0.0,0.0
2023-02-28 00:00:00-05:00,12.100000381469727,12.53499984741211,12.100000381469727,12.239999771118164,1071100,0.0,0.0
2023-03-01 00:00:00-05:00,12.130000114440918,12.279999732971191,11.6899995803833,11.829999923706055,1354400,0.0,0.0
2023-03-02 00:00:00-05:00,11.699999809265137,12.170000076293945,11.67199993133545,12.0,849100,0.0,0.0
2023-03-03 00:00:00-05:00,12.119999885559082,12.329999923706055,11.920000076293945,12.220000267028809,782100,0.0,0.0
2023-03-06 00:00:00-05:00,12.319999694824219,12.550000190734863,12.069999694824219,12.180000305175781,825800,0.0,0.0
2023-03-07 00:00:00-05:00,12.220000267028809,12.668000221252441,12.130000114440918,12.529999732971191,775900,0.0,0.0
2023-03-08 00:00:00-05:00,12.630000114440918,12.920000076293945,12.510000228881836,12.880000114440918,951000,0.0,0.0
2023-03-09 00:00:00-05:00,12.899999618530273,13.119999885559082,12.4399995803833,12.479999542236328,945500,0.0,0.0
2023-03-10 00:00:00-05:00,12.479999542236328,12.680000305175781,12.029999732971191,12.5600004196167,1020200,0.0,0.0
2023-03-13 00:00:00-04:00,12.369999885559082,12.579999923706055,12.039999961853027,12.239999771118164,943300,0.0,0.0
2023-03-14 00:00:00-04:00,12.640000343322754,12.899999618530273,12.444999694824219,12.739999771118164,991300,0.0,0.0
2023-03-15 00:00:00-04:00,12.380000114440918,12.640000343322754,12.260000228881836,12.619999885559082,729100,0.0,0.0
2023-03-16 00:00:00-04:00,12.539999961853027,13.145000457763672,12.520000457763672,12.680000305175781,973800,0.0,0.0
2023-03-17 00:00:00-04:00,12.579999923706055,12.989999771118164,12.470000267028809,12.859999656677246,1079600,0.0,0.0
2023-03-20 00:00:00-04:00,12.819999694824219,13.029999732971191,12.670000076293945,12.859999656677246,834100,0.0,0.0
2023-03-21 00:00:00-04:00,13.0,13.229999542236328,12.869999885559082,13.100000381469727,1333200,0.0,0.0
2023-03-22 00:00:00-04:00,13.140000343322754,13.140000343322754,12.619999885559082,12.630000114440918,804400,0.0,0.0
2023-03-23 00:00:00-04:00,12.729999542236328,12.960000038146973,12.609999656677246,12.8100004196167,693400,0.0,0.0
2023-03-24 00:00:00-04:00,12.819999694824219,12.819999694824219,12.220000267028809,12.470000267028809,905900,0.0,0.0
2023-03-27 00:00:00-04:00,12.600000381469727,12.640999794006348,12.3100004196167,12.40999984741211,631100,0.0,0.0
2023-03-28 00:00:00-04:00,12.329999923706055,12.329999923706055,11.8100004196167,11.949999809265137,777000,0.0,0.0
2023-03-29 00:00:00-04:00,12.09000015258789,12.369999885559082,11.899999618530273,12.34000015258789,1082700,0.0,0.0
2023-03-30 00:00:00-04:00,12.4399995803833,12.725000381469727,12.399999618530273,12.569999694824219,865800,0.0,0.0
2023-03-31 00:00:00-04:00,12.670000076293945,12.9399995803833,12.510000228881836,12.90999984741211,1327800,0.0,0.0
2023-04-03 00:00:00-04:00,12.859999656677246,12.930000305175781,12.460000038146973,12.75,938700,0.0,0.0
2023-04-04 00:00:00-04:00,12.710000038146973,12.774999618530273,12.319999694824219,12.550000190734863,926300,0.0,0.0
2023-04-05 00:00:00-04:00,12.449999809265137,12.449999809265137,12.015000343322754,12.210000038146973,774300,0.0,0.0
2023-04-06 00:00:00-04:00,12.130000114440918,12.229999542236328,11.899999618530273,12.199999809265137,651100,0.0,0.0
2023-04-10 00:00:00-04:00,12.050000190734863,12.25,11.84000015258789,12.239999771118164,1057300,0.0,0.0
2023-04-11 00:00:00-04:00,12.34000015258789,12.359999656677246,11.90999984741211,12.199999809265137,1099800,0.0,0.0
2023-04-12 00:00:00-04:00,12.350000381469727,12.350000381469727,12.039999961853027,12.100000381469727,539900,0.0,0.0
2023-04-13 00:00:00-04:00,12.239999771118164,12.425000190734863,12.130000114440918,12.289999961853027,748000,0.0,0.0
2023-04-14 00:00:00-04:00,12.220000267028809,12.350000381469727,11.90999984741211,11.979999542236328,626700,0.0,0.0
2023-04-17 00:00:00-04:00,12.0,12.079999923706055,11.869999885559082,11.930000305175781,428400,0.0,0.0
2023-04-18 00:00:00-04:00,11.949999809265137,12.100000381469727,11.869999885559082,11.949999809265137,562600,0.0,0.0
2023-04-19 00:00:00-04:00,11.819999694824219,11.819999694824219,11.621000289916992,11.779999732971191,808000,0.0,0.0
2023-04-20 00:00:00-04:00,11.609999656677246,11.789999961853027,11.579999923706055,11.770000457763672,788600,0.0,0.0
2023-04-21 00:00:00-04:00,11.760000228881836,11.829999923706055,11.619999885559082,11.8100004196167,514600,0.0,0.0
2023-04-24 00:00:00-04:00,11.829999923706055,12.399999618530273,11.779999732971191,12.319999694824219,565600,0.0,0.0
2023-04-25 00:00:00-04:00,12.210000038146973,12.430000305175781,11.930000305175781,12.170000076293945,988300,0.0,0.0
2023-04-26 00:00:00-04:00,12.220000267028809,12.399999618530273,11.9399995803833,12.149999618530273,1107100,0.0,0.0
2023-04-27 00:00:00-04:00,12.300000190734863,12.859999656677246,12.149999618530273,12.8100004196167,1455800,0.0,0.0
2023-04-28 00:00:00-04:00,12.789999961853027,13.170000076293945,12.6899995803833,13.029999732971191,1185400,0.0,0.0
2023-05-01 00:00:00-04:00,12.930000305175781,13.529999732971191,12.930000305175781,13.470000267028809,1948300,0.0,0.0
2023-05-02 00:00:00-04:00,13.399999618530273,13.479999542236328,13.104999542236328,13.359999656677246,1613000,0.0,0.0
2023-05-03 00:00:00-04:00,13.4399995803833,14.25,13.321999549865723,13.529999732971191,1737200,0.0,0.0
2023-05-04 00:00:00-04:00,13.510000228881836,13.640000343322754,13.260000228881836,13.390000343322754,1409100,0.0,0.0
2023-05-05 00:00:00-04:00,13.539999961853027,14.09000015258789,13.539999961853027,13.729999542236328,2064700,0.0,0.0
2023-05-08 00:00:00-04:00,13.630000114440918,13.84000015258789,13.295000076293945,13.350000381469727,2134600,0.0,0.0
2023-05-09 00:00:00-04:00,13.300000190734863,13.539999961853027,13.1899995803833,13.430000305175781,1694300,0.0,0.0
2023-05-10 00:00:00-04:00,13.479999542236328,13.890000343322754,13.390000343322754,13.65999984741211,1630200,0.0,0.0
2023-05-11 00:00:00-04:00,14.739999771118164,17.040000915527344,14.34000015258789,16.450000762939453,8128900,0.0,0.0
2023-05-12 00:00:00-04:00,16.43000030517578,16.579999923706055,15.8100004196167,16.149999618530273,3288100,0.0,0.0
2023-05-15 00:00:00-04:00,16.25,17.114999771118164,15.84000015258789,16.989999771118164,2604400,0.0,0.0
2023-05-16 00:00:00-04:00,16.829999923706055,16.84000015258789,16.0,16.3700008392334,1749400,0.0,0.0
2023-05-17 00:00:00-04:00,16.540000915527344,17.040000915527344,16.229999542236328,16.860000610351562,1645600,0.0,0.0
2023-05-18 00:00:00-04:00,16.600000381469727,17.31999969482422,16.600000381469727,17.280000686645508,1675400,0.0,0.0
2023-05-19 00:00:00-04:00,17.31999969482422,17.719999313354492,17.229999542236328,17.520000457763672,1466200,0.0,0.0
2023-05-22 00:00:00-04:00,17.579999923706055,17.969999313354492,17.5,17.799999237060547,1517900,0.0,0.0
2023-05-23 00:00:00-04:00,17.799999237060547,18.020000457763672,17.295000076293945,17.65999984741211,1275800,0.0,0.0
2023-05-24 00:00:00-04:00,17.6299991607666,17.799999237060547,17.290000915527344,17.299999237060547,1015600,0.0,0.0
2023-05-25 00:00:00-04:00,17.399999618530273,17.405000686645508,16.940000534057617,16.969999313354492,926800,0.0,0.0
2023-05-26 00:00:00-04:00,17.010000228881836,17.170000076293945,16.780000686645508,16.90999984741211,993900,0.0,0.0
2023-05-30 00:00:00-04:00,17.239999771118164,17.690000534057617,17.079999923706055,17.149999618530273,1483000,0.0,0.0
2023-05-31 00:00:00-04:00,17.1299991607666,17.43000030517578,16.6200008392334,17.040000915527344,1964000,0.0,0.0
2023-06-01 00:00:00-04:00,17.040000915527344,17.399999618530273,16.7549991607666,17.040000915527344,1728800,0.0,0.0
2023-06-02 00:00:00-04:00,17.260000228881836,17.485000610351562,16.739999771118164,17.479999542236328,1888000,0.0,0.0
2023-06-05 00:00:00-04:00,17.48200035095215,17.940000534057617,17.479000091552734,17.709999084472656,1327000,0.0,0.0
2023-06-06 00:00:00-04:00,17.709999084472656,18.329999923706055,17.31999969482422,18.0,1655200,0.0,0.0
2023-06-07 00:00:00-04:00,18.190000534057617,18.34000015258789,17.719999313354492,17.920000076293945,1006900,0.0,0.0
2023-06-08 00:00:00-04:00,17.93000030517578,18.3799991607666,17.809999465942383,18.260000228881836,1612800,0.0,0.0
2023-06-09 00:00:00-04:00,18.290000915527344,18.59000015258789,17.459999084472656,17.59000015258789,1381800,0.0,0.0
2023-06-12 00:00:00-04:00,17.68000030517578,18.170000076293945,17.540000915527344,17.950000762939453,1337200,0.0,0.0
2023-06-13 00:00:00-04:00,18.059999465942383,18.209999084472656,17.850000381469727,17.959999084472656,984000,0.0,0.0
2023-06-14 00:00:00-04:00,17.649999618530273,17.94499969482422,17.3700008392334,17.600000381469727,994400,0.0,0.0
2023-06-15 00:00:00-04:00,17.420000076293945,18.024999618530273,17.159000396728516,17.889999389648438,1509200,0.0,0.0
2023-06-16 00:00:00-04:00,18.0,18.040000915527344,17.56999969482422,17.719999313354492,1749400,0.0,0.0
2023-06-20 00:00:00-04:00,18.059999465942383,18.44700050354004,17.649999618530273,17.93000030517578,1584000,0.0,0.0
2023-06-21 00:00:00-04:00,17.809999465942383,18.0,17.510000228881836,17.829999923706055,1018400,0.0,0.0
2023-06-22 00:00:00-04:00,17.65999984741211,17.93000030517578,17.350000381469727,17.709999084472656,1097700,0.0,0.0
2023-06-23 00:00:00-04:00,17.489999771118164,17.549999237060547,17.049999237060547,17.170000076293945,4140600,0.0,0.0
2023-06-26 00:00:00-04:00,17.079999923706055,17.350000381469727,16.639999389648438,16.690000534057617,1087700,0.0,0.0
2023-06-27 00:00:00-04:00,16.8799991607666,17.049999237060547,16.709999084472656,16.799999237060547,1051300,0.0,0.0
2023-06-28 00:00:00-04:00,16.719999313354492,17.190000534057617,16.690000534057617,17.110000610351562,1089100,0.0,0.0
2023-06-29 00:00:00-04:00,17.110000610351562,17.780000686645508,17.100000381469727,17.59000015258789,1000000,0.0,0.0
2023-06-30 00:00:00-04:00,17.760000228881836,17.920000076293945,17.229999542236328,17.270000457763672,1185900,0.0,0.0
2023-07-03 00:00:00-04:00,17.260000228881836,17.270000457763672,16.549999237060547,16.639999389648438,722100,0.0,0.0
2023-07-05 00:00:00-04:00,16.520000457763672,16.700000762939453,16.18000030517578,16.489999771118164,2006300,0.0,0.0
2023-07-06 00:00:00-04:00,16.18000030517578,16.190000534057617,15.829999923706055,15.920000076293945,1172000,0.0,0.0
2023-07-07 00:00:00-04:00,16.010000228881836,16.440000534057617,16.010000228881836,16.280000686645508,1360100,0.0,0.0
2023-07-10 00:00:00-04:00,16.229999542236328,16.959999084472656,16.229999542236328,16.8799991607666,1513800,0.0,0.0
2023-07-11 00:00:00-04:00,16.90999984741211,17.559999465942383,16.899999618530273,17.520000457763672,1379000,0.0,0.0
2023-07-12 00:00:00-04:00,17.850000381469727,18.469999313354492,17.56999969482422,17.899999618530273,5728400,0.0,0.0
2023-07-13 00:00:00-04:00,17.649999618530273,18.190000534057617,17.170000076293945,17.770000457763672,2508400,0.0,0.0
2023-07-14 00:00:00-04:00,17.75,17.94499969482422,17.260000228881836,17.360000610351562,1354400,0.0,0.0
2023-07-17 00:00:00-04:00,17.399999618530273,17.770000457763672,17.299999237060547,17.68000030517578,686500,0.0,0.0
2023-07-18 00:00:00-04:00,17.729999542236328,18.450000762939453,17.729999542236328,18.31999969482422,1796900,0.0,0.0
2023-07-19 00:00:00-04:00,18.469999313354492,18.68000030517578,17.239999771118164,17.399999618530273,1648000,0.0,0.0
2023-07-20 00:00:00-04:00,17.469999313354492,17.8700008392334,17.190000534057617,17.65999984741211,1244100,0.0,0.0
2023-07-21 00:00:00-04:00,17.799999237060547,18.0049991607666,16.7549991607666,16.829999923706055,1487800,0.0,0.0
2023-07-24 00:00:00-04:00,16.809999465942383,17.0049991607666,16.690000534057617,16.899999618530273,595800,0.0,0.0
2023-07-25 00:00:00-04:00,17.030000686645508,17.15999984741211,16.450000762939453,16.479999542236328,927200,0.0,0.0
2023-07-26 00:00:00-04:00,16.43000030517578,16.63800048828125,16.25,16.354999542236328,895500,0.0,0.0
2023-07-27 00:00:00-04:00,16.639999389648438,16.639999389648438,16.079999923706055,16.15999984741211,792100,0.0,0.0
2023-07-28 00:00:00-04:00,16.420000076293945,16.700000762939453,16.149999618530273,16.549999237060547,728900,0.0,0.0
2023-07-31 00:00:00-04:00,16.549999237060547,17.510000228881836,16.5,17.489999771118164,1057300,0.0,0.0
2023-08-01 00:00:00-04:00,17.31999969482422,17.809999465942383,17.1299991607666,17.639999389648438,928300,0.0,0.0
2023-08-02 00:00:00-04:00,17.3799991607666,17.3799991607666,16.780000686645508,17.059999465942383,733700,0.0,0.0
2023-08-03 00:00:00-04:00,16.950000762939453,17.350000381469727,16.729999542236328,16.84000015258789,1400200,0.0,0.0
2023-08-04 00:00:00-04:00,16.940000534057617,17.09000015258789,16.520000457763672,16.540000915527344,1247100,0.0,0.0
2023-08-07 00:00:00-04:00,16.600000381469727,16.6299991607666,15.960000038146973,16.18000030517578,1713000,0.0,0.0
2023-08-08 00:00:00-04:00,17.200000762939453,17.200000762939453,15.913000106811523,16.649999618530273,2906800,0.0,0.0
2023-08-09 00:00:00-04:00,16.709999084472656,17.200000762939453,16.3799991607666,16.649999618530273,2018000,0.0,0.0
2023-08-10 00:00:00-04:00,16.649999618530273,16.760000228881836,15.470000267028809,15.819999694824219,3073700,0.0,0.0
2023-08-11 00:00:00-04:00,15.5,16.010000228881836,15.470000267028809,15.880000114440918,1244200,0.0,0.0
2023-08-14 00:00:00-04:00,15.779999732971191,16.15999984741211,15.609999656677246,15.869999885559082,1115400,0.0,0.0
2023-08-15 00:00:00-04:00,15.760000228881836,15.979999542236328,15.529999732971191,15.579999923706055,1056400,0.0,0.0
2023-08-16 00:00:00-04:00,15.550000190734863,15.654999732971191,15.140000343322754,15.15999984741211,766100,0.0,0.0
2023-08-17 00:00:00-04:00,15.319999694824219,15.350000381469727,14.90999984741211,15.170000076293945,1232600,0.0,0.0
2023-08-18 00:00:00-04:00,14.90999984741211,15.630000114440918,14.699999809265137,15.5600004196167,1126200,0.0,0.0
2023-08-21 00:00:00-04:00,15.529999732971191,15.739999771118164,15.5,15.550000190734863,745200,0.0,0.0
2023-08-22 00:00:00-04:00,15.6899995803833,15.84000015258789,15.229999542236328,15.270000457763672,1007200,0.0,0.0
2023-08-23 00:00:00-04:00,15.350000381469727,16.06999969482422,15.329999923706055,15.9399995803833,1247100,0.0,0.0
2023-08-24 00:00:00-04:00,15.970000267028809,15.989999771118164,15.390000343322754,15.470000267028809,843300,0.0,0.0
2023-08-25 00:00:00-04:00,15.479999542236328,15.789999961853027,15.34000015258789,15.579999923706055,996600,0.0,0.0
2023-08-28 00:00:00-04:00,15.6899995803833,16.030000686645508,15.5600004196167,15.65999984741211,928300,0.0,0.0
2023-08-29 00:00:00-04:00,15.729999542236328,16.2450008392334,15.449999809265137,16.079999923706055,887000,0.0,0.0
2023-08-30 00:00:00-04:00,16.049999237060547,16.6200008392334,15.970000267028809,16.479999542236328,1190700,0.0,0.0
2023-08-31 00:00:00-04:00,16.530000686645508,16.899999618530273,16.3700008392334,16.809999465942383,693500,0.0,0.0
2023-09-01 00:00:00-04:00,16.920000076293945,17.110000610351562,16.719999313354492,16.8700008392334,586200,0.0,0.0
2023-09-05 00:00:00-04:00,16.799999237060547,17.200000762939453,16.610000610351562,16.899999618530273,801500,0.0,0.0
2023-09-06 00:00:00-04:00,16.959999084472656,17.110000610351562,16.270000457763672,16.610000610351562,592800,0.0,0.0
2023-09-07 00:00:00-04:00,16.3700008392334,17.280000686645508,16.290000915527344,16.959999084472656,1106500,0.0,0.0
2023-09-08 00:00:00-04:00,16.90999984741211,16.969999313354492,16.34000015258789,16.350000381469727,516600,0.0,0.0
2023-09-11 00:00:00-04:00,16.520000457763672,16.670000076293945,16.135000228881836,16.260000228881836,448900,0.0,0.0
2023-09-12 00:00:00-04:00,16.139999389648438,16.420000076293945,16.030000686645508,16.190000534057617,890700,0.0,0.0
2023-09-13 00:00:00-04:00,16.110000610351562,16.149999618530273,15.369999885559082,15.5,1105800,0.0,0.0
2023-09-14 00:00:00-04:00,15.569999694824219,16.0,15.520000457763672,15.680000305175781,738300,0.0,0.0
2023-09-15 00:00:00-04:00,15.640000343322754,15.710000038146973,15.100000381469727,15.600000381469727,3201900,0.0,0.0
2023-09-18 00:00:00-04:00,15.520000457763672,15.819999694824219,15.470000267028809,15.550000190734863,763600,0.0,0.0
2023-09-19 00:00:00-04:00,15.289999961853027,15.609999656677246,15.289999961853027,15.5,857100,0.0,0.0
2023-09-20 00:00:00-04:00,15.569999694824219,15.699999809265137,15.170000076293945,15.199999809265137,505100,0.0,0.0
2023-09-21 00:00:00-04:00,15.109999656677246,15.109999656677246,14.5,14.529999732971191,815500,0.0,0.0
2023-09-22 00:00:00-04:00,14.569999694824219,14.739999771118164,14.454999923706055,14.59000015258789,773900,0.0,0.0
2023-09-25 00:00:00-04:00,14.430000305175781,14.829999923706055,14.390000343322754,14.664999961853027,507900,0.0,0.0
2023-09-26 00:00:00-04:00,14.5,14.739999771118164,14.239999771118164,14.489999771118164,978600,0.0,0.0
2023-09-27 00:00:00-04:00,14.65999984741211,15.170000076293945,14.640000343322754,15.079999923706055,1162100,0.0,0.0
2023-09-28 00:00:00-04:00,15.010000228881836,15.460000038146973,14.859999656677246,15.40999984741211,887800,0.0,0.0
2023-09-29 00:00:00-04:00,15.520000457763672,16.020000457763672,15.0,15.180000305175781,1038400,0.0,0.0
2023-10-02 00:00:00-04:00,15.119999885559082,15.21500015258789,14.880000114440918,15.050000190734863,990600,0.0,0.0
2023-10-03 00:00:00-04:00,14.949999809265137,15.170000076293945,14.335000038146973,14.479999542236328,761500,0.0,0.0
2023-10-04 00:00:00-04:00,14.550000190734863,14.739999771118164,14.399999618530273,14.630000114440918,567500,0.0,0.0
2023-10-05 00:00:00-04:00,14.550000190734863,14.779999732971191,14.210000038146973,14.4399995803833,640300,0.0,0.0
2023-10-06 00:00:00-04:00,14.229999542236328,14.579999923706055,13.970000267028809,14.359999656677246,999400,0.0,0.0
2023-10-09 00:00:00-04:00,14.180000305175781,14.710000038146973,13.859999656677246,14.6899995803833,841900,0.0,0.0
2023-10-10 00:00:00-04:00,14.630000114440918,15.229999542236328,14.630000114440918,15.149999618530273,1021000,0.0,0.0
2023-10-11 00:00:00-04:00,15.279999732971191,15.4399995803833,15.029999732971191,15.369999885559082,884200,0.0,0.0
2023-10-12 00:00:00-04:00,15.399999618530273,15.470000267028809,14.479999542236328,14.640000343322754,951800,0.0,0.0
2023-10-13 00:00:00-04:00,14.65999984741211,14.65999984741211,13.720000267028809,13.779999732971191,627800,0.0,0.0
2023-10-16 00:00:00-04:00,14.239999771118164,14.739999771118164,14.15999984741211,14.430000305175781,732900,0.0,0.0
2023-10-17 00:00:00-04:00,14.229999542236328,15.010000228881836,14.140000343322754,14.770000457763672,884100,0.0,0.0
2023-10-18 00:00:00-04:00,14.680000305175781,14.779999732971191,14.399999618530273,14.479999542236328,511600,0.0,0.0
2023-10-19 00:00:00-04:00,14.479999542236328,14.619999885559082,14.039999961853027,14.119999885559082,683700,0.0,0.0
2023-10-20 00:00:00-04:00,14.119999885559082,14.130000114440918,13.829999923706055,14.079999923706055,797100,0.0,0.0
2023-10-23 00:00:00-04:00,13.979999542236328,14.199999809265137,13.710000038146973,13.970000267028809,753600,0.0,0.0
2023-10-24 00:00:00-04:00,14.229999542236328,14.369999885559082,14.015000343322754,14.199999809265137,612500,0.0,0.0
2023-10-25 00:00:00-04:00,13.960000038146973,14.0600004196167,12.989999771118164,13.229999542236328,1289300,0.0,0.0
2023-10-26 00:00:00-04:00,13.220000267028809,13.600000381469727,13.005000114440918,13.350000381469727,968200,0.0,0.0
2023-10-27 00:00:00-04:00,13.4399995803833,13.5,12.920000076293945,13.079999923706055,703400,0.0,0.0
2023-10-30 00:00:00-04:00,13.289999961853027,13.539999961853027,12.930000305175781,13.4399995803833,569100,0.0,0.0
2023-10-31 00:00:00-04:00,13.489999771118164,13.569999694824219,13.220000267028809,13.329999923706055,667600,0.0,0.0
2023-11-01 00:00:00-04:00,13.380000114440918,13.470000267028809,13.010000228881836,13.4399995803833,689100,0.0,0.0
2023-11-02 00:00:00-04:00,13.800000190734863,14.170000076293945,13.789999961853027,13.819999694824219,909100,0.0,0.0
2023-11-03 00:00:00-04:00,14.210000038146973,14.779999732971191,13.869999885559082,14.710000038146973,1168800,0.0,0.0
2023-11-06 00:00:00-05:00,14.800000190734863,14.90999984741211,14.079999923706055,14.220000267028809,2240800,0.0,0.0
2023-11-07 00:00:00-05:00,13.430000305175781,14.640000343322754,13.050000190734863,14.15999984741211,1925800,0.0,0.0
2023-11-08 00:00:00-05:00,14.15999984741211,14.329999923706055,13.930000305175781,14.180000305175781,1622600,0.0,0.0
2023-11-09 00:00:00-05:00,14.279999732971191,14.347999572753906,13.949999809265137,14.0,627000,0.0,0.0
2023-11-10 00:00:00-05:00,14.069999694824219,14.225000381469727,13.901000022888184,14.029999732971191,532300,0.0,0.0
2023-11-13 00:00:00-05:00,13.979999542236328,14.220000267028809,13.8100004196167,14.050000190734863,575700,0.0,0.0
2023-11-14 00:00:00-05:00,14.75,15.385000228881836,14.4399995803833,15.359999656677246,1459000,0.0,0.0
2023-11-15 00:00:00-05:00,15.369999885559082,16.229999542236328,15.350000381469727,15.720000267028809,1692400,0.0,0.0
2023-11-16 00:00:00-05:00,15.420000076293945,15.664999961853027,15.140000343322754,15.449999809265137,813500,0.0,0.0
2023-11-17 00:00:00-05:00,15.619999885559082,15.800000190734863,15.170000076293945,15.579999923706055,863700,0.0,0.0
2023-11-20 00:00:00-05:00,15.65999984741211,15.729999542236328,15.375,15.609999656677246,544100,0.0,0.0
2023-11-21 00:00:00-05:00,15.40999984741211,15.524999618530273,15.258000373840332,15.359999656677246,375900,0.0,0.0
2023-11-22 00:00:00-05:00,15.59000015258789,15.869999885559082,15.210000038146973,15.270000457763672,377400,0.0,0.0
2023-11-24 00:00:00-05:00,15.199999809265137,15.611000061035156,15.149999618530273,15.59000015258789,193400,0.0,0.0
2023-11-27 00:00:00-05:00,15.520000457763672,15.529999732971191,14.854999542236328,14.869999885559082,762200,0.0,0.0
2023-11-28 00:00:00-05:00,14.84000015258789,15.010000228881836,14.6899995803833,14.960000038146973,677200,0.0,0.0
2023-11-29 00:00:00-05:00,15.210000038146973,15.569999694824219,15.050000190734863,15.539999961853027,963300,0.0,0.0
2023-11-30 00:00:00-05:00,15.6899995803833,15.819999694824219,15.390000343322754,15.630000114440918,1050100,0.0,0.0
2023-12-01 00:00:00-05:00,15.569999694824219,15.880000114440918,15.479999542236328,15.779999732971191,878200,0.0,0.0
2023-12-04 00:00:00-05:00,15.619999885559082,15.930000305175781,15.479999542236328,15.65999984741211,591000,0.0,0.0
2023-12-05 00:00:00-05:00,15.489999771118164,15.555000305175781,15.220000267028809,15.449999809265137,912400,0.0,0.0
2023-12-06 00:00:00-05:00,15.670000076293945,15.670000076293945,14.390000343322754,14.460000038146973,923600,0.0,0.0
2023-12-07 00:00:00-05:00,14.510000228881836,14.510000228881836,14.119999885559082,14.270000457763672,914900,0.0,0.0
2023-12-08 00:00:00-05:00,14.25,14.5,14.079999923706055,14.350000381469727,1537900,0.0,0.0
2023-12-11 00:00:00-05:00,14.260000228881836,14.40999984741211,13.789999961853027,14.380000114440918,946000,0.0,0.0
2023-12-12 00:00:00-05:00,14.350000381469727,14.40999984741211,13.380000114440918,13.5,1458200,0.0,0.0
2023-12-13 00:00:00-05:00,13.479999542236328,14.720000267028809,13.40999984741211,14.539999961853027,1459400,0.0,0.0
2023-12-14 00:00:00-05:00,14.75,15.510000228881836,14.630000114440918,15.350000381469727,1428600,0.0,0.0
2023-12-15 00:00:00-05:00,15.4399995803833,15.4399995803833,14.279999732971191,14.539999961853027,2112300,0.0,0.0
2023-12-18 00:00:00-05:00,14.510000228881836,15.0,14.510000228881836,14.800000190734863,1121600,0.0,0.0
2023-12-19 00:00:00-05:00,14.960000038146973,15.020000457763672,14.704000473022461,14.890000343322754,686800,0.0,0.0
2023-12-20 00:00:00-05:00,14.890000343322754,14.9399995803833,14.59000015258789,14.649999618530273,895200,0.0,0.0
2023-12-21 00:00:00-05:00,14.899999618530273,15.100000381469727,14.699999809265137,15.029999732971191,921000,0.0,0.0
2023-12-22 00:00:00-05:00,15.039999961853027,15.53499984741211,14.949999809265137,15.220000267028809,877600,0.0,0.0
2023-12-26 00:00:00-05:00,15.329999923706055,15.505000114440918,15.010000228881836,15.359999656677246,1052500,0.0,0.0
2023-12-27 00:00:00-05:00,15.40999984741211,15.619999885559082,15.260000228881836,15.489999771118164,721500,0.0,0.0
2023-12-28 00:00:00-05:00,15.390000343322754,15.670000076293945,15.350000381469727,15.5,447600,0.0,0.0
2023-12-29 00:00:00-05:00,15.369999885559082,15.529999732971191,14.914999961853027,15.149999618530273,1396800,0.0,0.0
2024-01-02 00:00:00-05:00,14.869999885559082,15.079999923706055,14.649999618530273,14.890000343322754,1428100,0.0,0.0
2024-01-03 00:00:00-05:00,14.569999694824219,14.6899995803833,14.279999732971191,14.34000015258789,1336900,0.0,0.0
2024-01-04 00:00:00-05:00,14.329999923706055,14.390000343322754,13.829999923706055,13.829999923706055,1398800,0.0,0.0
2024-01-05 00:00:00-05:00,13.670000076293945,13.84000015258789,13.392999649047852,13.420000076293945,1686700,0.0,0.0
2024-01-08 00:00:00-05:00,13.380000114440918,13.770000457763672,13.164999961853027,13.760000228881836,801400,0.0,0.0
2024-01-09 00:00:00-05:00,13.489999771118164,13.710000038146973,13.270000457763672,13.479999542236328,510000,0.0,0.0
2024-01-10 00:00:00-05:00,14.0,14.609999656677246,13.680000305175781,14.510000228881836,1513400,0.0,0.0
2024-01-11 00:00:00-05:00,14.380000114440918,14.5,14.01200008392334,14.050000190734863,1025800,0.0,0.0
2024-01-12 00:00:00-05:00,14.3100004196167,14.40999984741211,13.869999885559082,14.010000228881836,788200,0.0,0.0
2024-01-16 00:00:00-05:00,13.720000267028809,13.925000190734863,13.649999618530273,13.859999656677246,528900,0.0,0.0
2024-01-17 00:00:00-05:00,13.569999694824219,13.75,13.399999618530273,13.6850004196167,616300,0.0,0.0
2024-01-18 00:00:00-05:00,13.779999732971191,13.930000305175781,13.630000114440918,13.869999885559082,577600,0.0,0.0
2024-01-19 00:00:00-05:00,14.020000457763672,14.100000381469727,13.451000213623047,13.65999984741211,1099500,0.0,0.0
2024-01-22 00:00:00-05:00,13.930000305175781,14.140000343322754,13.845000267028809,14.0600004196167,880200,0.0,0.0
2024-01-23 00:00:00-05:00,14.25,14.4399995803833,13.975000381469727,14.0600004196167,765100,0.0,0.0
2024-01-24 00:00:00-05:00,14.3100004196167,14.3100004196167,13.475000381469727,13.5,1088900,0.0,0.0
2024-01-25 00:00:00-05:00,13.84000015258789,13.84000015258789,13.335000038146973,13.470000267028809,1243700,0.0,0.0
2024-01-26 00:00:00-05:00,13.5600004196167,13.59000015258789,13.260000228881836,13.449999809265137,1299800,0.0,0.0
2024-01-29 00:00:00-05:00,13.430000305175781,13.890000343322754,13.34000015258789,13.890000343322754,883800,0.0,0.0
2024-01-30 00:00:00-05:00,13.770000457763672,13.8100004196167,13.350000381469727,13.369999885559082,615600,0.0,0.0
2024-01-31 00:00:00-05:00,13.399999618530273,13.550000190734863,12.949999809265137,12.970000267028809,1048600,0.0,0.0
2024-02-01 00:00:00-05:00,13.109999656677246,13.399999618530273,13.010000228881836,13.329999923706055,894400,0.0,0.0
2024-02-02 00:00:00-05:00,13.050000190734863,13.739999771118164,12.84000015258789,13.600000381469727,895000,0.0,0.0
2024-02-05 00:00:00-05:00,13.380000114440918,14.029999732971191,13.369999885559082,13.899999618530273,801600,0.0,0.0
2024-02-06 00:00:00-05:00,13.800000190734863,14.234999656677246,13.770000457763672,14.140000343322754,1017500,0.0,0.0
2024-02-07 00:00:00-05:00,14.279999732971191,14.630000114440918,14.11400032043457,14.34000015258789,965800,0.0,0.0
2024-02-08 00:00:00-05:00,14.319999694824219,14.65999984741211,14.220000267028809,14.390000343322754,610800,0.0,0.0
2024-02-09 00:00:00-05:00,14.4399995803833,14.640000343322754,14.260000228881836,14.489999771118164,609900,0.0,0.0
2024-02-12 00:00:00-05:00,14.399999618530273,14.829999923706055,14.399999618530273,14.539999961853027,828000,0.0,0.0
2024-02-13 00:00:00-05:00,14.180000305175781,14.180000305175781,13.524999618530273,13.65999984741211,1105500,0.0,0.0
2024-02-14 00:00:00-05:00,14.020000457763672,14.270000457763672,13.59000015258789,13.880000114440918,831800,0.0,0.0
2024-02-15 00:00:00-05:00,14.039999961853027,14.449999809265137,13.869999885559082,14.4399995803833,1170800,0.0,0.0
2024-02-16 00:00:00-05:00,14.390000343322754,14.390000343322754,13.96500015258789,14.289999961853027,883800,0.0,0.0
2024-02-20 00:00:00-05:00,13.989999771118164,14.305000305175781,13.890000343322754,14.039999961853027,1439300,0.0,0.0
2024-02-21 00:00:00-05:00,13.899999618530273,14.15999984741211,13.65999984741211,14.0,1924100,0.0,0.0
2024-02-22 00:00:00-05:00,16.260000228881836,17.059999465942383,15.8100004196167,16.40999984741211,3628700,0.0,0.0
2024-02-23 00:00:00-05:00,16.5,16.75,16.200000762939453,16.520000457763672,3213800,0.0,0.0
2024-02-26 00:00:00-05:00,16.40999984741211,16.71500015258789,16.040000915527344,16.389999389648438,2643600,0.0,0.0
2024-02-27 00:00:00-05:00,16.540000915527344,17.75,16.360000610351562,17.559999465942383,1720500,0.0,0.0
2024-02-28 00:00:00-05:00,17.40999984741211,18.110000610351562,17.350000381469727,17.739999771118164,1633600,0.0,0.0
2024-02-29 00:00:00-05:00,18.030000686645508,18.469999313354492,17.459999084472656,17.75,1316200,0.0,0.0
2024-03-01 00:00:00-05:00,17.799999237060547,18.010000228881836,17.719999313354492,17.889999389648438,736500,0.0,0.0
2024-03-04 00:00:00-05:00,18.0,18.75,17.860000610351562,18.600000381469727,3400900,0.0,0.0
2024-03-05 00:00:00-05:00,18.43000030517578,18.920000076293945,18.31999969482422,18.68000030517578,4860400,0.0,0.0
2024-03-06 00:00:00-05:00,18.790000915527344,19.059999465942383,18.125,18.155000686645508,1752200,0.0,0.0
2024-03-07 00:00:00-05:00,18.329999923706055,18.3700008392334,17.639999389648438,18.0,944000,0.0,0.0
2024-03-08 00:00:00-05:00,18.25,18.670000076293945,17.83099937438965,17.920000076293945,1072200,0.0,0.0
2024-03-11 00:00:00-04:00,17.770000457763672,17.950000762939453,17.18000030517578,17.239999771118164,566100,0.0,0.0
2024-03-12 00:00:00-04:00,17.229999542236328,17.770000457763672,17.110000610351562,17.610000610351562,707500,0.0,0.0
2024-03-13 00:00:00-04:00,17.510000228881836,17.96500015258789,17.489999771118164,17.600000381469727,1972800,0.0,0.0
2024-03-14 00:00:00-04:00,17.469999313354492,17.549999237060547,17.05500030517578,17.350000381469727,1214300,0.0,0.0
2024-03-15 00:00:00-04:00,17.18000030517578,17.760000228881836,17.18000030517578,17.68000030517578,1308900,0.0,0.0
2024-03-18 00:00:00-04:00,17.65999984741211,18.469999313354492,17.6200008392334,18.420000076293945,1109300,0.0,0.0
2024-03-19 00:00:00-04:00,18.399999618530273,18.579999923706055,18.15999984741211,18.450000762939453,1311000,0.0,0.0
2024-03-20 00:00:00-04:00,18.389999389648438,19.0,18.290000915527344,18.90999984741211,820600,0.0,0.0
2024-03-21 00:00:00-04:00,18.950000762939453,19.329999923706055,18.829999923706055,19.040000915527344,1920400,0.0,0.0
2024-03-22 00:00:00-04:00,19.079999923706055,19.25,18.81999969482422,19.149999618530273,938700,0.0,0.0
2024-03-25 00:00:00-04:00,19.139999389648438,19.540000915527344,18.610000610351562,18.790000915527344,820600,0.0,0.0
2024-03-26 00:00:00-04:00,18.899999618530273,18.969999313354492,18.540000915527344,18.549999237060547,656700,0.0,0.0
2024-03-27 00:00:00-04:00,18.829999923706055,18.940000534057617,18.59000015258789,18.860000610351562,768600,0.0,0.0
2024-03-28 00:00:00-04:00,18.860000610351562,19.19499969482422,18.71500015258789,18.770000457763672,779100,0.0,0.0
2024-04-01 00:00:00-04:00,18.829999923706055,18.829999923706055,18.260000228881836,18.280000686645508,1160500,0.0,0.0
2024-04-02 00:00:00-04:00,17.899999618530273,18.260000228881836,17.649999618530273,18.239999771118164,1217900,0.0,0.0
2024-04-03 00:00:00-04:00,18.010000228881836,18.579999923706055,17.950000762939453,18.510000228881836,1563700,0.0,0.0
2024-04-04 00:00:00-04:00,18.719999313354492,18.979999542236328,18.309999465942383,18.350000381469727,1635900,0.0,0.0
2024-04-05 00:00:00-04:00,18.239999771118164,18.600000381469727,17.780000686645508,18.40999984741211,756700,0.0,0.0
2024-04-08 00:00:00-04:00,18.479999542236328,18.600000381469727,18.094999313354492,18.34000015258789,526400,0.0,0.0
2024-04-09 00:00:00-04:00,18.5,18.719999313354492,17.809999465942383,18.649999618530273,881300,0.0,0.0
2024-04-10 00:00:00-04:00,17.889999389648438,18.450000762939453,17.780000686645508,17.959999084472656,676800,0.0,0.0
2024-04-11 00:00:00-04:00,17.950000762939453,18.6200008392334,17.719999313354492,18.239999771118164,1701500,0.0,0.0
2024-04-12 00:00:00-04:00,18.020000457763672,18.100000381469727,17.489999771118164,17.700000762939453,869400,0.0,0.0
2024-04-15 00:00:00-04:00,17.8799991607666,17.8799991607666,16.920000076293945,16.959999084472656,632900,0.0,0.0
2024-04-16 00:00:00-04:00,16.81999969482422,17.385000228881836,16.75,17.290000915527344,628100,0.0,0.0
2024-04-17 00:00:00-04:00,17.389999389648438,17.90999984741211,17.350000381469727,17.799999237060547,1053200,0.0,0.0
2024-04-18 00:00:00-04:00,17.790000915527344,18.209999084472656,17.18000030517578,17.299999237060547,1128600,0.0,0.0
2024-04-19 00:00:00-04:00,17.18000030517578,17.520000457763672,16.969999313354492,17.309999465942383,631800,0.0,0.0
2024-04-22 00:00:00-04:00,17.399999618530273,17.559999465942383,17.110000610351562,17.5,556000,0.0,0.0
2024-04-23 00:00:00-04:00,17.65999984741211,18.540000915527344,17.649999618530273,18.350000381469727,1082900,0.0,0.0
2024-04-24 00:00:00-04:00,18.329999923706055,18.329999923706055,17.93000030517578,17.959999084472656,494400,0.0,0.0
2024-04-25 00:00:00-04:00,17.700000762939453,18.059999465942383,17.350000381469727,17.719999313354492,582800,0.0,0.0
2024-04-26 00:00:00-04:00,17.780000686645508,18.399999618530273,17.6299991607666,18.09000015258789,787700,0.0,0.0
2024-04-29 00:00:00-04:00,18.1200008392334,18.31999969482422,17.739999771118164,17.829999923706055,785600,0.0,0.0
2024-04-30 00:00:00-04:00,17.709999084472656,17.860000610351562,17.389999389648438,17.450000762939453,795700,0.0,0.0
2024-05-01 00:00:00-04:00,17.479999542236328,17.65999984741211,16.899999618530273,16.90999984741211,780400,0.0,0.0
2024-05-02 00:00:00-04:00,17.219999313354492,17.399999618530273,17.030000686645508,17.3799991607666,1038500,0.0,0.0
2024-05-03 00:00:00-04:00,17.829999923706055,18.0,17.53499984741211,17.809999465942383,1130800,0.0,0.0
2024-05-06 00:00:00-04:00,17.829999923706055,18.149999618530273,17.774999618530273,18.100000381469727,643000,0.0,0.0
2024-05-07 00:00:00-04:00,18.170000076293945,18.280000686645508,17.735000610351562,17.760000228881836,666900,0.0,0.0
2024-05-08 00:00:00-04:00,17.3700008392334,17.43000030517578,17.0,17.31999969482422,1369700,0.0,0.0
2024-05-09 00:00:00-04:00,16.3700008392334,17.604999542236328,15.435999870300293,17.469999313354492,1807200,0.0,0.0
2024-05-10 00:00:00-04:00,17.469999313354492,17.90999984741211,16.860000610351562,17.290000915527344,976000,0.0,0.0
2024-05-13 00:00:00-04:00,17.34000015258789,17.889999389648438,17.110000610351562,17.40999984741211,1219300,0.0,0.0
2024-05-14 00:00:00-04:00,17.59000015258789,17.844999313354492,17.3700008392334,17.760000228881836,1484200,0.0,0.0
2024-05-15 00:00:00-04:00,18.143999099731445,19.110000610351562,18.0,19.020000457763672,1586300,0.0,0.0
2024-05-16 00:00:00-04:00,18.969999313354492,19.06999969482422,18.190000534057617,18.229999542236328,1649200,0.0,0.0
2024-05-17 00:00:00-04:00,18.229999542236328,18.850000381469727,18.209999084472656,18.6200008392334,1202400,0.0,0.0
2024-05-20 00:00:00-04:00,18.549999237060547,18.770000457763672,18.399999618530273,18.760000228881836,992800,0.0,0.0
2024-05-21 00:00:00-04:00,18.65999984741211,19.229999542236328,18.6299991607666,18.8799991607666,2117600,0.0,0.0
2024-05-22 00:00:00-04:00,18.81999969482422,18.979999542236328,18.3799991607666,18.440000534057617,1380100,0.0,0.0
2024-05-23 00:00:00-04:00,18.56999969482422,18.75,18.25,18.68000030517578,915500,0.0,0.0
2024-05-24 00:00:00-04:00,18.84000015258789,19.110000610351562,18.639999389648438,19.09000015258789,777700,0.0,0.0
2024-05-28 00:00:00-04:00,19.25,19.6200008392334,18.510000228881836,18.670000076293945,867800,0.0,0.0
2024-05-29 00:00:00-04:00,18.360000610351562,18.479999542236328,17.670000076293945,17.860000610351562,1415700,0.0,0.0
2024-05-30 00:00:00-04:00,17.889999389648438,18.229999542236328,17.81999969482422,18.059999465942383,756700,0.0,0.0
2024-05-31 00:00:00-04:00,18.030000686645508,18.290000915527344,17.610000610351562,17.850000381469727,923200,0.0,0.0
2024-06-03 00:00:00-04:00,17.850000381469727,18.040000915527344,17.610000610351562,17.809999465942383,947400,0.0,0.0
2024-06-04 00:00:00-04:00,17.719999313354492,17.729999542236328,17.111000061035156,17.530000686645508,692300,0.0,0.0
2024-06-05 00:00:00-04:00,17.5,17.770000457763672,17.389999389648438,17.75,848700,0.0,0.0
2024-06-06 00:00:00-04:00,17.68000030517578,18.040000915527344,17.600000381469727,17.670000076293945,440700,0.0,0.0
2024-06-07 00:00:00-04:00,17.489999771118164,18.110000610351562,17.399999618530273,17.829999923706055,734100,0.0,0.0
2024-06-10 00:00:00-04:00,18.100000381469727,18.454999923706055,18.0,18.360000610351562,1207700,0.0,0.0
2024-06-11 00:00:00-04:00,18.200000762939453,18.399999618530273,17.989999771118164,18.079999923706055,1096900,0.0,0.0
2024-06-12 00:00:00-04:00,18.770000457763672,19.09000015258789,18.541000366210938,18.899999618530273,954700,0.0,0.0
2024-06-13 00:00:00-04:00,18.809999465942383,18.8700008392334,18.155000686645508,18.239999771118164,728800,0.0,0.0
2024-06-14 00:00:00-04:00,17.8700008392334,18.219999313354492,17.489999771118164,17.690000534057617,503100,0.0,0.0
2024-06-17 00:00:00-04:00,17.6200008392334,18.06999969482422,17.600000381469727,17.8700008392334,908300,0.0,0.0
2024-06-18 00:00:00-04:00,17.860000610351562,18.094999313354492,17.5,17.709999084472656,850800,0.0,0.0
2024-06-20 00:00:00-04:00,17.8700008392334,18.09000015258789,17.239999771118164,17.690000534057617,1607400,0.0,0.0
2024-06-21 00:00:00-04:00,17.600000381469727,17.90999984741211,17.360000610351562,17.739999771118164,2341700,0.0,0.0
2024-06-24 00:00:00-04:00,17.690000534057617,18.235000610351562,17.59000015258789,18.18000030517578,795300,0.0,0.0
2024-06-25 00:00:00-04:00,18.170000076293945,18.30500030517578,17.655000686645508,17.860000610351562,726300,0.0,0.0
2024-06-26 00:00:00-04:00,17.75,18.06999969482422,17.549999237060547,18.010000228881836,857200,0.0,0.0
2024-06-27 00:00:00-04:00,18.06999969482422,18.239999771118164,17.704999923706055,18.229999542236328,847800,0.0,0.0
2024-06-28 00:00:00-04:00,18.329999923706055,18.440000534057617,18.049999237060547,18.25,3911300,0.0,0.0
2024-07-01 00:00:00-04:00,18.190000534057617,18.299999237060547,17.440000534057617,17.5,858900,0.0,0.0
2024-07-02 00:00:00-04:00,17.600000381469727,18.040000915527344,17.459999084472656,17.969999313354492,674000,0.0,0.0
2024-07-03 00:00:00-04:00,17.920000076293945,18.1200008392334,17.739999771118164,17.780000686645508,360900,0.0,0.0
2024-07-05 00:00:00-04:00,17.729999542236328,18.06999969482422,17.440000534057617,18.040000915527344,828400,0.0,0.0
2024-07-08 00:00:00-04:00,18.209999084472656,18.290000915527344,17.8700008392334,17.8799991607666,716500,0.0,0.0
2024-07-09 00:00:00-04:00,17.790000915527344,18.040000915527344,17.40999984741211,17.469999313354492,550600,0.0,0.0
2024-07-10 00:00:00-04:00,17.489999771118164,17.700000762939453,16.690000534057617,16.799999237060547,1204000,0.0,0.0
2024-07-11 00:00:00-04:00,17.239999771118164,17.469999313354492,16.84000015258789,16.959999084472656,1668300,0.0,0.0
2024-07-12 00:00:00-04:00,17.31999969482422,17.489999771118164,17.1299991607666,17.3700008392334,1353100,0.0,0.0
2024-07-15 00:00:00-04:00,17.6200008392334,18.280000686645508,17.6200008392334,17.989999771118164,1259500,0.0,0.0
2024-07-16 00:00:00-04:00,18.31999969482422,19.399999618530273,18.149999618530273,19.31999969482422,1635700,0.0,0.0
2024-07-17 00:00:00-04:00,19.049999237060547,19.6299991607666,18.625,18.829999923706055,1710100,0.0,0.0
2024-07-18 00:00:00-04:00,18.729999542236328,18.90999984741211,18.100000381469727,18.3700008392334,1237600,0.0,0.0
2024-07-19 00:00:00-04:00,18.420000076293945,18.959999084472656,18.229999542236328,18.40999984741211,887000,0.0,0.0
2024-07-22 00:00:00-04:00,18.559999465942383,18.68000030517578,18.200000762939453,18.530000686645508,1130300,0.0,0.0
2024-07-23 00:00:00-04:00,18.399999618530273,18.940000534057617,18.360000610351562,18.600000381469727,896800,0.0,0.0
2024-07-24 00:00:00-04:00,18.43000030517578,18.579999923706055,17.510000228881836,17.700000762939453,717000,0.0,0.0
2024-07-25 00:00:00-04:00,17.719999313354492,17.850000381469727,17.329999923706055,17.469999313354492,1181500,0.0,0.0
2024-07-26 00:00:00-04:00,17.75,17.875,17.350000381469727,17.6200008392334,1066900,0.0,0.0
2024-07-29 00:00:00-04:00,17.6200008392334,17.895000457763672,17.010000228881836,17.030000686645508,692300,0.0,0.0
2024-07-30 00:00:00-04:00,17.280000686645508,17.579999923706055,16.780000686645508,16.940000534057617,796400,0.0,0.0
2024-07-31 00:00:00-04:00,17.139999389648438,17.670000076293945,16.899999618530273,17.079999923706055,861900,0.0,0.0
2024-08-01 00:00:00-04:00,17.100000381469727,17.364999771118164,16.045000076293945,16.31999969482422,1211400,0.0,0.0
2024-08-02 00:00:00-04:00,15.850000381469727,15.949999809265137,15.430000305175781,15.880000114440918,1279500,0.0,0.0
2024-08-05 00:00:00-04:00,14.9399995803833,15.319999694824219,14.760000228881836,15.149999618530273,1404700,0.0,0.0
2024-08-06 00:00:00-04:00,15.210000038146973,15.460000038146973,14.819999694824219,15.09000015258789,1207500,0.0,0.0
2024-08-07 00:00:00-04:00,15.65999984741211,15.829999923706055,14.789999961853027,14.829999923706055,1802400,0.0,0.0
2024-08-08 00:00:00-04:00,16.399999618530273,18.079999923706055,15.569999694824219,18.049999237060547,2589200,0.0,0.0
2024-08-09 00:00:00-04:00,17.989999771118164,18.399999618530273,17.635000228881836,17.790000915527344,1755800,0.0,0.0
2024-08-12 00:00:00-04:00,17.81999969482422,18.059999465942383,17.479999542236328,17.709999084472656,1690200,0.0,0.0
2024-08-13 00:00:00-04:00,17.90999984741211,18.4689998626709,17.719999313354492,18.350000381469727,1988000,0.0,0.0
2024-08-14 00:00:00-04:00,18.399999618530273,18.719999313354492,18.049999237060547,18.15999984741211,1224700,0.0,0.0
2024-08-15 00:00:00-04:00,18.579999923706055,19.0,18.389999389648438,19.0,2366900,0.0,0.0
2024-08-16 00:00:00-04:00,18.950000762939453,19.15999984741211,18.549999237060547,18.56999969482422,1121800,0.0,0.0
2024-08-19 00:00:00-04:00,18.540000915527344,18.809999465942383,18.410999298095703,18.6200008392334,1004600,0.0,0.0
2024-08-20 00:00:00-04:00,18.700000762939453,19.084999084472656,18.6200008392334,18.920000076293945,1891500,0.0,0.0
2024-08-21 00:00:00-04:00,18.940000534057617,18.940000534057617,18.45400047302246,18.65999984741211,1531500,0.0,0.0
2024-08-22 00:00:00-04:00,18.639999389648438,18.90999984741211,18.190000534057617,18.260000228881836,679500,0.0,0.0
2024-08-23 00:00:00-04:00,18.479999542236328,18.959999084472656,18.315000534057617,18.959999084472656,1889100,0.0,0.0
2024-08-26 00:00:00-04:00,19.079999923706055,19.860000610351562,18.9950008392334,19.280000686645508,1810200,0.0,0.0
2024-08-27 00:00:00-04:00,18.899999618530273,19.170000076293945,18.420000076293945,18.56999969482422,1143900,0.0,0.0
2024-08-28 00:00:00-04:00,18.5,18.53499984741211,18.260000228881836,18.450000762939453,803300,0.0,0.0
2024-08-29 00:00:00-04:00,18.600000381469727,18.614999771118164,18.190000534057617,18.270000457763672,726900,0.0,0.0
2024-08-30 00:00:00-04:00,18.420000076293945,18.780000686645508,18.290000915527344,18.709999084472656,967000,0.0,0.0
2024-09-03 00:00:00-04:00,18.780000686645508,18.780000686645508,18.049999237060547,18.149999618530273,2014600,0.0,0.0
2024-09-04 00:00:00-04:00,18.139999389648438,18.270000457763672,17.75,17.989999771118164,1303700,0.0,0.0
2024-09-05 00:00:00-04:00,17.920000076293945,18.389999389648438,17.795000076293945,18.270000457763672,1377400,0.0,0.0
2024-09-06 00:00:00-04:00,18.329999923706055,18.450000762939453,17.75,18.15999984741211,2443200,0.0,0.0
2024-09-09 00:00:00-04:00,18.260000228881836,19.309999465942383,18.216999053955078,19.25,3592800,0.0,0.0
2024-09-10 00:00:00-04:00,19.260000228881836,19.399999618530273,18.940000534057617,19.360000610351562,2864000,0.0,0.0
2024-09-11 00:00:00-04:00,19.270000457763672,19.764999389648438,19.059999465942383,19.68000030517578,1527400,0.0,0.0
2024-09-12 00:00:00-04:00,19.84000015258789,20.170000076293945,19.559999465942383,19.940000534057617,1931300,0.0,0.0
2024-09-13 00:00:00-04:00,20.0,20.790000915527344,19.780000686645508,19.8700008392334,2044900,0.0,0.0
2024-09-16 00:00:00-04:00,19.84000015258789,20.045000076293945,19.479999542236328,19.950000762939453,1048200,0.0,0.0
2024-09-17 00:00:00-04:00,20.270000457763672,20.489999771118164,19.959999084472656,20.350000381469727,1417200,0.0,0.0
2024-09-18 00:00:00-04:00,20.389999389648438,20.81999969482422,20.18000030517578,20.25,1449800,0.0,0.0
2024-09-19 00:00:00-04:00,20.780000686645508,21.014999389648438,20.510000228881836,20.670000076293945,1463800,0.0,0.0
2024-09-20 00:00:00-04:00,20.610000610351562,20.940000534057617,20.399999618530273,20.75,2603300,0.0,0.0
2024-09-23 00:00:00-04:00,20.84000015258789,20.989999771118164,20.649999618530273,20.739999771118164,971800,0.0,0.0
2024-09-24 00:00:00-04:00,20.760000228881836,21.09000015258789,20.59000015258789,20.920000076293945,820600,0.0,0.0
2024-09-25 00:00:00-04:00,20.920000076293945,21.059999465942383,20.56800079345703,20.75,659000,0.0,0.0
2024-09-26 00:00:00-04:00,21.100000381469727,21.104999542236328,20.719999313354492,20.739999771118164,1499000,0.0,0.0
2024-09-27 00:00:00-04:00,20.65999984741211,20.799999237060547,20.25,20.459999084472656,884000,0.0,0.0
2024-09-30 00:00:00-04:00,20.260000228881836,20.510000228881836,19.93000030517578,20.329999923706055,841400,0.0,0.0
2024-10-01 00:00:00-04:00,20.280000686645508,20.280000686645508,19.729999542236328,19.770000457763672,1208500,0.0,0.0
2024-10-02 00:00:00-04:00,19.670000076293945,19.829999923706055,19.329999923706055,19.559999465942383,735800,0.0,0.0
2024-10-03 00:00:00-04:00,19.270000457763672,19.59000015258789,19.059999465942383,19.06999969482422,1077400,0.0,0.0
2024-10-04 00:00:00-04:00,19.459999084472656,19.469999313354492,18.950000762939453,19.209999084472656,988600,0.0,0.0
2024-10-07 00:00:00-04:00,18.979999542236328,19.100000381469727,18.5,18.739999771118164,1048300,0.0,0.0
2024-10-08 00:00:00-04:00,18.8700008392334,19.200000762939453,18.690000534057617,18.979999542236328,680400,0.0,0.0
2024-10-09 00:00:00-04:00,18.90999984741211,19.030000686645508,18.719999313354492,18.739999771118164,799000,0.0,0.0
2024-10-10 00:00:00-04:00,18.399999618530273,18.475000381469727,17.690000534057617,18.049999237060547,1452000,0.0,0.0
2024-10-11 00:00:00-04:00,17.854999542236328,18.875,17.854999542236328,18.739999771118164,1318200,0.0,0.0
2024-10-14 00:00:00-04:00,18.729999542236328,18.850000381469727,18.274999618530273,18.75,830700,0.0,0.0
2024-10-15 00:00:00-04:00,18.780000686645508,19.030000686645508,18.360000610351562,18.860000610351562,1029100,0.0,0.0
2024-10-16 00:00:00-04:00,19.110000610351562,19.3799991607666,18.739999771118164,19.260000228881836,754400,0.0,0.0
2024-10-17 00:00:00-04:00,19.31999969482422,19.402999877929688,18.780000686645508,19.200000762939453,402500,0.0,0.0
2024-10-18 00:00:00-04:00,19.459999084472656,19.520000457763672,19.049999237060547,19.049999237060547,447400,0.0,0.0
2024-10-21 00:00:00-04:00,18.959999084472656,19.049999237060547,18.59000015258789,18.59000015258789,658200,0.0,0.0
2024-10-22 00:00:00-04:00,18.6200008392334,18.639999389648438,18.354999542236328,18.559999465942383,734900,0.0,0.0
2024-10-23 00:00:00-04:00,17.6299991607666,18.489999771118164,17.6299991607666,17.920000076293945,613600,0.0,0.0
2024-10-24 00:00:00-04:00,18.049999237060547,18.145000457763672,17.579999923706055,17.75,1338000,0.0,0.0
2024-10-25 00:00:00-04:00,17.90999984741211,18.016000747680664,17.479999542236328,17.559999465942383,856000,0.0,0.0
2024-10-28 00:00:00-04:00,17.860000610351562,17.89299964904785,17.489999771118164,17.65999984741211,1148700,0.0,0.0
2024-10-29 00:00:00-04:00,17.5,17.920000076293945,17.40999984741211,17.81999969482422,970200,0.0,0.0
2024-10-30 00:00:00-04:00,17.809999465942383,18.290000915527344,17.65999984741211,17.709999084472656,776400,0.0,0.0
2024-10-31 00:00:00-04:00,17.549999237060547,17.604999542236328,17.229999542236328,17.290000915527344,1027100,0.0,0.0
2024-11-01 00:00:00-04:00,17.420000076293945,17.55500030517578,16.920000076293945,17.040000915527344,931300,0.0,0.0
2024-11-04 00:00:00-05:00,16.940000534057617,17.5,16.850000381469727,17.25,971500,0.0,0.0
2024-11-05 00:00:00-05:00,17.190000534057617,17.729999542236328,17.1299991607666,17.709999084472656,790200,0.0,0.0
2024-11-06 00:00:00-05:00,18.920000076293945,19.21500015258789,18.729999542236328,19.139999389648438,2702100,0.0,0.0
2024-11-07 00:00:00-05:00,19.31999969482422,20.200000762939453,19.06999969482422,19.5,2361000,0.0,0.0
2024-11-08 00:00:00-05:00,20.450000762939453,21.219999313354492,19.309999465942383,20.1299991607666,3406300,0.0,0.0
2024-11-11 00:00:00-05:00,20.450000762939453,21.30500030517578,20.06999969482422,21.100000381469727,2624300,0.0,0.0
2024-11-12 00:00:00-05:00,20.979999542236328,21.170000076293945,20.389999389648438,20.700000762939453,3651800,0.0,0.0
2024-11-13 00:00:00-05:00,20.899999618530273,20.969999313354492,20.25,20.3700008392334,1486100,0.0,0.0
2024-11-14 00:00:00-05:00,20.274999618530273,20.360000610351562,19.674999237060547,20.020000457763672,1847200,0.0,0.0
2024-11-15 00:00:00-05:00,20.010000228881836,20.760000228881836,19.844999313354492,20.719999313354492,1924500,0.0,0.0
2024-11-18 00:00:00-05:00,20.850000381469727,22.229999542236328,20.719999313354492,21.989999771118164,3273600,0.0,0.0
2024-11-19 00:00:00-05:00,21.93000030517578,21.954999923706055,21.440000534057617,21.459999084472656,2343100,0.0,0.0
2024-11-20 00:00:00-05:00,21.350000381469727,21.540000915527344,21.049999237060547,21.3700008392334,980700,0.0,0.0
2024-11-21 00:00:00-05:00,21.510000228881836,22.219999313354492,21.1200008392334,21.540000915527344,2310400,0.0,0.0
2024-11-22 00:00:00-05:00,21.670000076293945,22.15999984741211,21.549999237060547,21.969999313354492,1841500,0.0,0.0
2024-11-25 00:00:00-05:00,22.399999618530273,23.45599937438965,22.39299964904785,22.959999084472656,3699700,0.0,0.0
2024-11-26 00:00:00-05:00,22.610000610351562,22.81999969482422,22.010000228881836,22.389999389648438,1646000,0.0,0.0
2024-11-27 00:00:00-05:00,22.739999771118164,22.84000015258789,22.25,22.709999084472656,648000,0.0,0.0
2024-11-29 00:00:00-05:00,22.950000762939453,23.007999420166016,22.5,22.6200008392334,569800,0.0,0.0
2024-12-02 00:00:00-05:00,22.780000686645508,23.270000457763672,22.6200008392334,23.170000076293945,1255200,0.0,0.0
2024-12-03 00:00:00-05:00,22.950000762939453,23.045000076293945,22.479999542236328,22.829999923706055,1126500,0.0,0.0
2024-12-04 00:00:00-05:00,23.06999969482422,23.299999237060547,22.34000015258789,22.59000015258789,1468500,0.0,0.0
2024-12-05 00:00:00-05:00,22.5,22.790000915527344,21.881999969482422,21.940000534057617,984200,0.0,0.0
2024-12-06 00:00:00-05:00,22.1299991607666,22.43000030517578,21.93000030517578,22.34000015258789,1228300,0.0,0.0
2024-12-09 00:00:00-05:00,22.469999313354492,22.790000915527344,22.030000686645508,22.149999618530273,1065900,0.0,0.0
2024-12-10 00:00:00-05:00,22.0,22.149999618530273,21.165000915527344,21.350000381469727,1289700,0.0,0.0
2024-12-11 00:00:00-05:00,21.690000534057617,21.950000762939453,21.329999923706055,21.649999618530273,1179900,0.0,0.0
2024-12-12 00:00:00-05:00,21.280000686645508,22.0,20.799999237060547,20.940000534057617,911800,0.0,0.0
2024-12-13 00:00:00-05:00,20.899999618530273,21.1200008392334,20.260000228881836,20.299999237060547,952200,0.0,0.0
2024-12-16 00:00:00-05:00,20.329999923706055,21.3799991607666,20.260000228881836,21.229999542236328,1045500,0.0,0.0
2024-12-17 00:00:00-05:00,21.0,21.43000030517578,20.989999771118164,21.079999923706055,1204000,0.0,0.0
2024-12-18 00:00:00-05:00,21.309999465942383,21.780000686645508,19.825000762939453,20.209999084472656,1914600,0.0,0.0
2024-12-19 00:00:00-05:00,20.450000762939453,21.0,19.81999969482422,20.940000534057617,1913700,0.0,0.0
2024-12-20 00:00:00-05:00,20.559999465942383,22.0,20.559999465942383,21.889999389648438,4196000,0.0,0.0
2024-12-23 00:00:00-05:00,22.2549991607666,22.2549991607666,21.0,21.420000076293945,1012700,0.0,0.0
2024-12-24 00:00:00-05:00,21.540000915527344,21.700000762939453,21.170000076293945,21.670000076293945,290900,0.0,0.0
2024-12-26 00:00:00-05:00,21.670000076293945,22.18000030517578,21.579999923706055,22.1200008392334,770600,0.0,0.0
2024-12-27 00:00:00-05:00,21.899999618530273,21.989999771118164,20.799999237060547,21.799999237060547,1172100,0.0,0.0
2024-12-30 00:00:00-05:00,21.40999984741211,22.0,21.110000610351562,21.899999618530273,689500,0.0,0.0
2024-12-31 00:00:00-05:00,22.030000686645508,22.170000076293945,21.315000534057617,21.600000381469727,1259200,0.0,0.0
2025-01-02 00:00:00-05:00,21.770000457763672,22.06999969482422,20.78499984741211,20.940000534057617,1006200,0.0,0.0
2025-01-03 00:00:00-05:00,21.149999618530273,21.270000457763672,20.739999771118164,21.020000457763672,880600,0.0,0.0
2025-01-06 00:00:00-05:00,21.059999465942383,21.395000457763672,20.84000015258789,21.110000610351562,1248600,0.0,0.0
2025-01-07 00:00:00-05:00,21.110000610351562,21.489999771118164,20.1299991607666,20.299999237060547,1120300,0.0,0.0
2025-01-08 00:00:00-05:00,20.079999923706055,21.360000610351562,19.93000030517578,21.139999389648438,1422300,0.0,0.0
2025-01-10 00:00:00-05:00,20.510000228881836,20.93000030517578,20.239999771118164,20.75,1317000,0.0,0.0
2025-01-13 00:00:00-05:00,20.329999923706055,20.920000076293945,20.329999923706055,20.780000686645508,1620700,0.0,0.0
2025-01-14 00:00:00-05:00,21.09000015258789,21.219999313354492,20.739999771118164,21.0,1029100,0.0,0.0
2025-01-15 00:00:00-05:00,21.65999984741211,22.0,21.1299991607666,21.260000228881836,959600,0.0,0.0
2025-01-16 00:00:00-05:00,21.25,21.59000015258789,21.229999542236328,21.3700008392334,1422700,0.0,0.0
2025-01-17 00:00:00-05:00,21.719999313354492,21.719999313354492,21.1299991607666,21.530000686645508,1157600,0.0,0.0
2025-01-21 00:00:00-05:00,21.75,22.280000686645508,21.579999923706055,22.25,746800,0.0,0.0
2025-01-22 00:00:00-05:00,22.229999542236328,22.469999313354492,21.389999389648438,21.440000534057617,856600,0.0,0.0
2025-01-23 00:00:00-05:00,21.31999969482422,22.25,21.299999237060547,22.09000015258789,1551300,0.0,0.0
2025-01-24 00:00:00-05:00,21.979999542236328,22.06399917602539,21.34000015258789,21.389999389648438,1174100,0.0,0.0
2025-01-27 00:00:00-05:00,20.81999969482422,21.5,20.559999465942383,21.110000610351562,1224100,0.0,0.0
2025-01-28 00:00:00-05:00,21.020000457763672,21.389999389648438,20.790000915527344,21.34000015258789,946900,0.0,0.0
2025-01-29 00:00:00-05:00,21.329999923706055,21.56999969482422,20.899999618530273,21.440000534057617,857700,0.0,0.0
2025-01-30 00:00:00-05:00,21.6299991607666,21.9950008392334,21.360000610351562,21.690000534057617,1125100,0.0,0.0
2025-01-31 00:00:00-05:00,21.690000534057617,21.829999923706055,20.8799991607666,21.15999984741211,1356300,0.0,0.0
2025-02-03 00:00:00-05:00,20.540000915527344,20.815000534057617,20.184999465942383,20.459999084472656,1190200,0.0,0.0
2025-02-04 00:00:00-05:00,20.440000534057617,20.899999618530273,20.115999221801758,20.860000610351562,1290600,0.0,0.0
2025-02-05 00:00:00-05:00,20.950000762939453,21.399999618530273,20.65999984741211,20.84000015258789,1743200,0.0,0.0
2025-02-06 00:00:00-05:00,20.940000534057617,21.18000030517578,20.75,20.969999313354492,1118100,0.0,0.0
2025-02-07 00:00:00-05:00,20.979999542236328,21.360000610351562,20.780000686645508,21.170000076293945,885900,0.0,0.0
2025-02-10 00:00:00-05:00,21.5,21.799999237060547,21.170000076293945,21.600000381469727,1448000,0.0,0.0
2025-02-11 00:00:00-05:00,21.440000534057617,21.610000610351562,20.93000030517578,21.420000076293945,1370400,0.0,0.0
2025-02-12 00:00:00-05:00,21.0,21.809999465942383,21.0,21.469999313354492,799800,0.0,0.0
2025-02-13 00:00:00-05:00,21.649999618530273,22.09000015258789,21.520000457763672,21.59000015258789,786400,0.0,0.0
2025-02-14 00:00:00-05:00,21.75,22.079999923706055,21.420000076293945,21.594999313354492,1029500,0.0,0.0
2025-02-18 00:00:00-05:00,21.34000015258789,21.5,20.65999984741211,21.0,2391000,0.0,0.0
2025-02-19 00:00:00-05:00,20.75,21.030000686645508,20.510000228881836,20.649999618530273,2499400,0.0,0.0
2025-02-20 00:00:00-05:00,18.5,20.260000228881836,18.399999618530273,18.59000015258789,7740300,0.0,0.0
2025-02-21 00:00:00-05:00,18.950000762939453,19.344999313354492,17.559999465942383,17.584999084472656,3568200,0.0,0.0
2025-02-24 00:00:00-05:00,17.6299991607666,17.790000915527344,17.010000228881836,17.31999969482422,2484200,0.0,0.0
2025-02-25 00:00:00-05:00,17.18000030517578,17.309999465942383,16.450000762939453,16.459999084472656,2816500,0.0,0.0
2025-02-26 00:00:00-05:00,16.450000762939453,17.1200008392334,16.309999465942383,16.450000762939453,1893800,0.0,0.0
2025-02-27 00:00:00-05:00,16.559999465942383,16.899999618530273,16.06999969482422,16.09000015258789,2118500,0.0,0.0
2025-02-28 00:00:00-05:00,15.9399995803833,16.40999984741211,15.774999618530273,16.059999465942383,2136800,0.0,0.0
2025-03-03 00:00:00-05:00,16.139999389648438,16.260000228881836,15.1899995803833,15.210000038146973,1991800,0.0,0.0
2025-03-04 00:00:00-05:00,14.8100004196167,15.100000381469727,14.25,14.829999923706055,2724100,0.0,0.0
2025-03-05 00:00:00-05:00,14.850000381469727,15.59000015258789,14.630000114440918,15.210000038146973,2908400,0.0,0.0
2025-03-06 00:00:00-05:00,14.829999923706055,15.260000228881836,14.029999732971191,14.170000076293945,2210400,0.0,0.0
2025-03-07 00:00:00-05:00,14.119999885559082,14.204999923706055,13.020000457763672,14.109999656677246,3177000,0.0,0.0
2025-03-10 00:00:00-04:00,13.760000228881836,13.880000114440918,12.960000038146973,13.100000381469727,2885000,0.0,0.0
2025-03-11 00:00:00-04:00,13.25,13.890000343322754,12.770000457763672,13.779999732971191,4009700,0.0,0.0
2025-03-12 00:00:00-04:00,14.65999984741211,14.699999809265137,14.010000228881836,14.279999732971191,5226200,0.0,0.0
2025-03-13 00:00:00-04:00,14.300000190734863,14.3149995803833,13.59000015258789,14.0,4138600,0.0,0.0
2025-03-14 00:00:00-04:00,14.15999984741211,14.8149995803833,14.15999984741211,14.3100004196167,3272400,0.0,0.0
2025-03-17 00:00:00-04:00,14.220000267028809,15.0,14.140000343322754,14.710000038146973,2868100,0.0,0.0
2025-03-18 00:00:00-04:00,14.529999732971191,14.739999771118164,13.90999984741211,14.100000381469727,2747500,0.0,0.0
2025-03-19 00:00:00-04:00,14.25,15.010000228881836,14.050000190734863,14.609999656677246,3259500,0.0,0.0
2025-03-20 00:00:00-04:00,15.140000343322754,15.829999923706055,14.890000343322754,15.6899995803833,5773300,0.0,0.0
2025-03-21 00:00:00-04:00,15.420000076293945,15.800000190734863,15.079999923706055,15.3100004196167,4988200,0.0,0.0
2025-03-24 00:00:00-04:00,15.3100004196167,15.3100004196167,15.3100004196167,15.3100004196167,0,0.0,0.0
2025-03-25 00:00:00-04:00,16.0,16.3799991607666,15.90999984741211,16.360000610351562,1784700,0.0,0.0
2025-03-26 00:00:00-04:00,16.40999984741211,16.40999984741211,15.229999542236328,15.279999732971191,2260200,0.0,0.0
2025-03-27 00:00:00-04:00,15.420000076293945,15.420000076293945,14.0,14.600000381469727,3417100,0.0,0.0
2025-03-28 00:00:00-04:00,14.5,14.539999961853027,13.779999732971191,14.130000114440918,2260600,0.0,0.0
2025-03-31 00:00:00-04:00,13.869999885559082,14.109999656677246,13.489999771118164,14.09000015258789,3177100,0.0,0.0
2025-04-01 00:00:00-04:00,14.100000381469727,14.619999885559082,13.765000343322754,14.470000267028809,2331900,0.0,0.0
2025-04-02 00:00:00-04:00,14.109999656677246,15.449999809265137,14.109999656677246,15.130000114440918,1648700,0.0,0.0
2025-04-03 00:00:00-04:00,14.199999809265137,14.270000457763672,13.529999732971191,13.59000015258789,2263900,0.0,0.0
2025-04-04 00:00:00-04:00,13.039999961853027,13.369999885559082,11.880000114440918,13.3100004196167,4864300,0.0,0.0
2025-04-07 00:00:00-04:00,12.680000305175781,14.130000114440918,12.425000190734863,13.390000343322754,4524100,0.0,0.0
2025-04-08 00:00:00-04:00,13.800000190734863,13.949999809265137,12.579999923706055,12.819999694824219,2484700,0.0,0.0
2025-04-09 00:00:00-04:00,12.550000190734863,14.880000114440918,12.550000190734863,14.510000228881836,4013300,0.0,0.0
2025-04-10 00:00:00-04:00,13.869999885559082,14.069999694824219,13.180000305175781,13.989999771118164,4599400,0.0,0.0
2025-04-11 00:00:00-04:00,13.90999984741211,14.364999771118164,13.489999771118164,14.270000457763672,3085900,0.0,0.0
2025-04-14 00:00:00-04:00,14.420000076293945,14.710000038146973,13.949999809265137,14.34000015258789,2001400,0.0,0.0
2025-04-15 00:00:00-04:00,14.390000343322754,14.6899995803833,14.0,14.300000190734863,2453200,0.0,0.0
2025-04-16 00:00:00-04:00,14.050000190734863,14.229999542236328,13.760000228881836,14.09000015258789,2289000,0.0,0.0
2025-04-17 00:00:00-04:00,14.140000343322754,14.34000015258789,13.979999542236328,14.3100004196167,2255700,0.0,0.0
2025-04-21 00:00:00-04:00,14.079999923706055,14.164999961853027,13.630000114440918,13.90999984741211,2824000,0.0,0.0
2025-04-22 00:00:00-04:00,14.1899995803833,14.489999771118164,13.899999618530273,14.3100004196167,1557000,0.0,0.0
2025-04-23 00:00:00-04:00,14.619999885559082,15.25,14.369999885559082,14.4399995803833,1246200,0.0,0.0
2025-04-24 00:00:00-04:00,14.4399995803833,14.899999618530273,14.420000076293945,14.84000015258789,2759900,0.0,0.0
2025-04-25 00:00:00-04:00,14.84000015258789,14.944999694824219,14.630000114440918,14.800000190734863,1040500,0.0,0.0
2025-04-28 00:00:00-04:00,14.680000305175781,15.149999618530273,14.40999984741211,14.75,1478000,0.0,0.0
2025-04-29 00:00:00-04:00,14.729999542236328,15.199999809265137,14.64799976348877,14.970000267028809,1387300,0.0,0.0
2025-04-30 00:00:00-04:00,14.699999809265137,14.774999618530273,14.029999732971191,14.6899995803833,1650100,0.0,0.0
2025-05-01 00:00:00-04:00,14.90999984741211,15.15999984741211,14.649999618530273,14.960000038146973,2005100,0.0,0.0
2025-05-02 00:00:00-04:00,15.3100004196167,15.420000076293945,14.90999984741211,15.229999542236328,1396800,0.0,0.0
2025-05-05 00:00:00-04:00,15.020000457763672,15.621000289916992,15.0,15.380000114440918,1445400,0.0,0.0
2025-05-06 00:00:00-04:00,15.130000114440918,15.520000457763672,15.130000114440918,15.4399995803833,1220000,0.0,0.0
2025-05-07 00:00:00-04:00,15.470000267028809,15.78499984741211,15.430000305175781,15.710000038146973,3092800,0.0,0.0
2025-05-08 00:00:00-04:00,16.360000610351562,17.0,16.059999465942383,16.3799991607666,3789400,0.0,0.0
2025-05-09 00:00:00-04:00,16.530000686645508,16.950000762939453,16.510000228881836,16.670000076293945,2550500,0.0,0.0
2025-05-12 00:00:00-04:00,17.280000686645508,17.540000915527344,16.5,16.799999237060547,3181600,0.0,0.0
2025-05-13 00:00:00-04:00,16.950000762939453,17.18000030517578,16.610000610351562,16.920000076293945,1696900,0.0,0.0
2025-05-14 00:00:00-04:00,16.959999084472656,17.270000457763672,16.809999465942383,16.829999923706055,1413100,0.0,0.0
2025-05-15 00:00:00-04:00,16.729999542236328,16.979999542236328,16.485000610351562,16.93000030517578,2164300,0.0,0.0
2025-05-16 00:00:00-04:00,17.040000915527344,17.149999618530273,16.889999389648438,17.040000915527344,2015900,0.0,0.0
2025-05-19 00:00:00-04:00,16.75,17.139999389648438,16.739999771118164,16.8700008392334,1462100,0.0,0.0
2025-05-20 00:00:00-04:00,16.799999237060547,16.920000076293945,16.65999984741211,16.75,1332600,0.0,0.0
2025-05-21 00:00:00-04:00,16.499000549316406,16.766000747680664,16.280000686645508,16.329999923706055,1280700,0.0,0.0
2025-05-22 00:00:00-04:00,16.229999542236328,16.889999389648438,16.229999542236328,16.760000228881836,1380800,0.0,0.0
2025-05-23 00:00:00-04:00,16.499000549316406,16.700000762939453,16.360000610351562,16.520000457763672,1475500,0.0,0.0
2025-05-27 00:00:00-04:00,16.889999389648438,17.059999465942383,16.6200008392334,16.889999389648438,2159000,0.0,0.0
2025-05-28 00:00:00-04:00,16.885000228881836,17.010000228881836,16.68000030517578,16.719999313354492,1544700,0.0,0.0
2025-05-29 00:00:00-04:00,16.860000610351562,16.8799991607666,16.21500015258789,16.290000915527344,1761900,0.0,0.0
2025-05-30 00:00:00-04:00,16.274999618530273,16.530000686645508,16.100000381469727,16.3799991607666,2349600,0.0,0.0
2025-06-02 00:00:00-04:00,16.399999618530273,16.399999618530273,15.9399995803833,16.170000076293945,1218700,0.0,0.0
2025-06-03 00:00:00-04:00,16.079999923706055,16.524999618530273,15.9399995803833,16.34000015258789,1398800,0.0,0.0
2025-06-04 00:00:00-04:00,16.399999618530273,16.479999542236328,16.15999984741211,16.420000076293945,1206100,0.0,0.0
2025-06-05 00:00:00-04:00,16.440000534057617,16.59000015258789,16.270000457763672,16.309999465942383,897100,0.0,0.0
2025-06-06 00:00:00-04:00,16.610000610351562,16.610000610351562,16.290000915527344,16.540000915527344,1259000,0.0,0.0
2025-06-09 00:00:00-04:00,16.649999618530273,16.780000686645508,16.489999771118164,16.690000534057617,1006700,0.0,0.0
2025-06-10 00:00:00-04:00,16.780000686645508,16.93000030517578,16.610000610351562,16.690000534057617,1069000,0.0,0.0
2025-06-11 00:00:00-04:00,16.700000762939453,17.15999984741211,16.700000762939453,16.889999389648438,1743900,0.0,0.0
2025-06-12 00:00:00-04:00,16.75,16.809999465942383,16.350000381469727,16.420000076293945,1308700,0.0,0.0
2025-06-13 00:00:00-04:00,16.024999618530273,16.135000228881836,15.3100004196167,15.390000343322754,1437600,0.0,0.0
2025-06-16 00:00:00-04:00,15.720000267028809,15.920000076293945,15.5,15.720000267028809,1768200,0.0,0.0
2025-06-17 00:00:00-04:00,15.529999732971191,15.640000343322754,15.210000038146973,15.289999961853027,1011700,0.0,0.0
2025-06-18 00:00:00-04:00,15.170000076293945,15.779999732971191,15.119999885559082,15.539999961853027,1506700,0.0,0.0
2025-06-20 00:00:00-04:00,15.720000267028809,15.880000114440918,15.595000267028809,15.649999618530273,2038500,0.0,0.0
2025-06-23 00:00:00-04:00,15.520000457763672,15.895000457763672,15.295000076293945,15.859999656677246,911700,0.0,0.0
2025-06-24 00:00:00-04:00,16.049999237060547,16.260000228881836,15.760000228881836,16.200000762939453,1661100,0.0,0.0
2025-06-25 00:00:00-04:00,16.239999771118164,16.299999237060547,15.699999809265137,15.699999809265137,935400,0.0,0.0
2025-06-26 00:00:00-04:00,15.850000381469727,15.960000038146973,15.609999656677246,15.680000305175781,1345000,0.0,0.0
2025-06-27 00:00:00-04:00,15.729999542236328,16.209999084472656,15.600000381469727,16.079999923706055,4780800,0.0,0.0
2025-06-30 00:00:00-04:00,16.200000762939453,16.530000686645508,16.030000686645508,16.219999313354492,1550600,0.0,0.0
2025-07-01 00:00:00-04:00,16.079999923706055,16.649999618530273,15.890000343322754,16.479999542236328,2432700,0.0,0.0
2025-07-02 00:00:00-04:00,16.579999923706055,16.829999923706055,16.399999618530273,16.6299991607666,2463500,0.0,0.0
2025-07-03 00:00:00-04:00,16.700000762939453,16.760000228881836,16.459999084472656,16.510000228881836,914100,0.0,0.0
2025-07-07 00:00:00-04:00,16.68000030517578,16.68000030517578,16.010000228881836,16.100000381469727,1464600,0.0,0.0
2025-07-08 00:00:00-04:00,16.06999969482422,16.399999618530273,15.90999984741211,16.190000534057617,2104100,0.0,0.0
2025-07-09 00:00:00-04:00,16.450000762939453,16.520000457763672,16.1299991607666,16.510000228881836,839000,0.0,0.0
2025-07-10 00:00:00-04:00,16.520000457763672,16.7450008392334,16.420000076293945,16.520000457763672,885900,0.0,0.0
2025-07-11 00:00:00-04:00,16.3700008392334,16.440000534057617,16.020000457763672,16.100000381469727,938200,0.0,0.0
2025-07-14 00:00:00-04:00,16.049999237060547,16.459999084472656,16.020999908447266,16.329999923706055,1754800,0.0,0.0
2025-07-15 00:00:00-04:00,16.3799991607666,16.43000030517578,15.859999656677246,15.859999656677246,1017300,0.0,0.0
2025-07-16 00:00:00-04:00,15.989999771118164,16.229999542236328,15.210000038146973,15.319999694824219,3159500,0.0,0.0
2025-07-17 00:00:00-04:00,15.260000228881836,15.479999542236328,15.029999732971191,15.359999656677246,2257700,0.0,0.0
2025-07-18 00:00:00-04:00,15.460000038146973,15.479999542236328,14.930000305175781,15.100000381469727,1433300,0.0,0.0
2025-07-21 00:00:00-04:00,15.15999984741211,15.270000457763672,14.920000076293945,14.949999809265137,1975800,0.0,0.0
2025-07-22 00:00:00-04:00,14.930000305175781,15.300000190734863,14.720000267028809,15.079999923706055,1689000,0.0,0.0
2025-07-23 00:00:00-04:00,15.09000015258789,15.3149995803833,14.869999885559082,15.239999771118164,1260900,0.0,0.0
2025-07-24 00:00:00-04:00,15.0600004196167,15.220000267028809,14.630000114440918,14.630000114440918,1198300,0.0,0.0
2025-07-25 00:00:00-04:00,14.710000038146973,14.90999984741211,14.505000114440918,14.579999923706055,1519100,0.0,0.0
2025-07-28 00:00:00-04:00,14.600000381469727,14.779999732971191,14.329999923706055,14.449999809265137,1424400,0.0,0.0
2025-07-29 00:00:00-04:00,14.489999771118164,14.539999961853027,14.09000015258789,14.09000015258789,1836700,0.0,0.0
2025-07-30 00:00:00-04:00,14.140000343322754,14.300000190734863,13.979999542236328,14.109999656677246,2070700,0.0,0.0
2025-07-31 00:00:00-04:00,14.100000381469727,14.335000038146973,14.005000114440918,14.210000038146973,2742500,0.0,0.0
2025-08-01 00:00:00-04:00,13.970000267028809,14.0,13.399999618530273,13.510000228881836,3570200,0.0,0.0
2025-08-04 00:00:00-04:00,13.630000114440918,13.90999984741211,13.600000381469727,13.800000190734863,3776700,0.0,0.0
2025-08-05 00:00:00-04:00,13.960000038146973,14.15999984741211,13.835000038146973,14.149999618530273,2217400,0.0,0.0
2025-08-06 00:00:00-04:00,14.1899995803833,14.75,14.15999984741211,14.329999923706055,2103800,0.0,0.0
2025-08-07 00:00:00-04:00,14.569999694824219,14.649999618530273,13.725000381469727,14.050000190734863,2027500,0.0,0.0
2025-08-08 00:00:00-04:00,14.020000457763672,14.279999732971191,13.595000267028809,13.619999885559082,2320600,0.0,0.0
2025-08-11 00:00:00-04:00,13.680000305175781,13.899999618530273,13.274999618530273,13.350000381469727,2149400,0.0,0.0
2025-08-12 00:00:00-04:00,11.295000076293945,11.350000381469727,10.260000228881836,11.170000076293945,10432600,0.0,0.0
2025-08-13 00:00:00-04:00,11.270000457763672,11.614999771118164,11.010000228881836,11.569999694824219,5403000,0.0,0.0
2025-08-14 00:00:00-04:00,11.34000015258789,11.579999923706055,11.210000038146973,11.289999961853027,2650000,0.0,0.0
2025-08-15 00:00:00-04:00,11.4399995803833,11.84000015258789,11.270000457763672,11.710000038146973,2947900,0.0,0.0
2025-08-18 00:00:00-04:00,11.720000267028809,11.888999938964844,11.5600004196167,11.579999923706055,3078000,0.0,0.0
2025-08-19 00:00:00-04:00,11.699999809265137,11.699999809265137,11.329999923706055,11.510000228881836,1775300,0.0,0.0
2025-08-20 00:00:00-04:00,11.510000228881836,11.609999656677246,11.229999542236328,11.380000114440918,1542300,0.0,0.0
2025-08-21 00:00:00-04:00,11.270000457763672,11.539999961853027,11.170000076293945,11.470000267028809,1808900,0.0,0.0
2025-08-22 00:00:00-04:00,11.59000015258789,12.210000038146973,11.5,12.149999618530273,2276700,0.0,0.0
2025-08-25 00:00:00-04:00,11.989999771118164,12.100000381469727,11.59000015258789,11.59000015258789,2313400,0.0,0.0
2025-08-26 00:00:00-04:00,11.579999923706055,11.770000457763672,11.5,11.550000190734863,2734700,0.0,0.0
2025-08-27 00:00:00-04:00,11.510000228881836,11.59000015258789,11.390000343322754,11.510000228881836,1852600,0.0,0.0
2025-08-28 00:00:00-04:00,11.680000305175781,11.774999618530273,11.539999961853027,11.6899995803833,2219800,0.0,0.0
2025-08-29 00:00:00-04:00,11.75,11.899999618530273,11.581000328063965,11.65999984741211,3179600,0.0,0.0
2025-09-02 00:00:00-04:00,11.479999542236328,11.710000038146973,11.380000114440918,11.619999885559082,2415800,0.0,0.0
2025-09-03 00:00:00-04:00,11.609999656677246,11.640000343322754,11.1899995803833,11.25,3070200,0.0,0.0
2025-09-04 00:00:00-04:00,11.3100004196167,11.6899995803833,11.1899995803833,11.65999984741211,1714700,0.0,0.0
2025-09-05 00:00:00-04:00,11.75,11.90999984741211,11.479999542236328,11.8100004196167,2527500,0.0,0.0
2025-09-08 00:00:00-04:00,11.8100004196167,11.859999656677246,11.194999694824219,11.210000038146973,2776300,0.0,0.0
2025-09-09 00:00:00-04:00,11.119999885559082,11.213000297546387,10.9399995803833,10.979999542236328,4351200,0.0,0.0
2025-09-10 00:00:00-04:00,10.930000305175781,11.022000312805176,10.359999656677246,10.430000305175781,4533300,0.0,0.0
2025-09-11 00:00:00-04:00,10.390000343322754,10.529999732971191,10.130000114440918,10.329999923706055,12547700,0.0,0.0
2025-09-12 00:00:00-04:00,10.350000381469727,10.369999885559082,9.994999885559082,10.010000228881836,3196600,0.0,0.0
2025-09-15 00:00:00-04:00,10.119999885559082,10.234999656677246,9.989999771118164,10.079999923706055,2515300,0.0,0.0
2025-09-16 00:00:00-04:00,10.020000457763672,10.125,9.845000267028809,10.039999961853027,2977300,0.0,0.0
2025-09-17 00:00:00-04:00,10.069999694824219,10.595000267028809,10.03499984741211,10.25,3643900,0.0,0.0
2025-09-18 00:00:00-04:00,10.40999984741211,10.53499984741211,10.3100004196167,10.34000015258789,2826200,0.0,0.0
2025-09-19 00:00:00-04:00,10.40999984741211,10.539999961853027,10.220000267028809,10.399999618530273,3203600,0.0,0.0
2025-09-22 00:00:00-04:00,10.550000190734863,10.550000190734863,10.239999771118164,10.329999923706055,2259100,0.0,0.0
2025-09-23 00:00:00-04:00,10.369999885559082,10.529999732971191,10.130000114440918,10.130000114440918,1810200,0.0,0.0
2025-09-24 00:00:00-04:00,10.130000114440918,10.239999771118164,10.0,10.199999809265137,2029500,0.0,0.0
2025-09-25 00:00:00-04:00,10.130000114440918,10.130000114440918,9.854999542236328,9.970000267028809,2380200,0.0,0.0
2025-09-26 00:00:00-04:00,10.0,10.140000343322754,9.694999694824219,9.760000228881836,2346200,0.0,0.0
2025-09-29 00:00:00-04:00,9.800000190734863,9.869999885559082,9.640000343322754,9.819999694824219,2515000,0.0,0.0
2025-09-30 00:00:00-04:00,9.859999656677246,9.970000267028809,9.5600004196167,9.90999984741211,2702700,0.0,0.0
2025-10-01 00:00:00-04:00,9.859999656677246,10.170000076293945,9.734999656677246,10.069999694824219,3088000,0.0,0.0
2025-10-02 00:00:00-04:00,9.979999542236328,10.180000305175781,9.90999984741211,10.100000381469727,2069700,0.0,0.0
2025-10-03 00:00:00-04:00,10.039999961853027,10.40999984741211,9.989999771118164,10.119999885559082,1968300,0.0,0.0
2025-10-06 00:00:00-04:00,10.170000076293945,10.177000045776367,9.550000190734863,9.6899995803833,2953400,0.0,0.0
2025-10-07 00:00:00-04:00,9.630000114440918,9.699999809265137,9.050000190734863,9.300000190734863,3236100,0.0,0.0
2025-10-08 00:00:00-04:00,9.550000190734863,9.59000015258789,9.270000457763672,9.380000114440918,2572300,0.0,0.0
2025-10-09 00:00:00-04:00,9.350000381469727,9.385000228881836,9.03499984741211,9.069999694824219,3345000,0.0,0.0
2025-10-10 00:00:00-04:00,9.039999961853027,9.175999641418457,8.470000267028809,8.470000267028809,3019100,0.0,0.0
2025-10-13 00:00:00-04:00,8.510000228881836,8.609999656677246,8.359999656677246,8.489999771118164,3861800,0.0,0.0
2025-10-14 00:00:00-04:00,8.34000015258789,8.899999618530273,8.329999923706055,8.8100004196167,3590100,0.0,0.0
2025-10-15 00:00:00-04:00,8.960000038146973,8.960000038146973,8.545000076293945,8.739999771118164,2248400,0.0,0.0
2025-10-16 00:00:00-04:00,8.720000267028809,8.890000343322754,8.574999809265137,8.670000076293945,2114600,0.0,0.0
2025-10-17 00:00:00-04:00,8.600000381469727,8.781999588012695,8.4399995803833,8.579999923706055,1999500,0.0,0.0
2025-10-20 00:00:00-04:00,8.699999809265137,9.199999809265137,8.619999885559082,9.09000015258789,1822700,0.0,0.0
2025-10-21 00:00:00-04:00,9.15999984741211,9.649999618530273,9.079999923706055,9.649999618530273,2749800,0.0,0.0
2025-10-22 00:00:00-04:00,9.520000457763672,9.569999694824219,9.210000038146973,9.329999923706055,1630300,0.0,0.0
2025-10-23 00:00:00-04:00,9.329999923706055,9.449999809265137,9.204999923706055,9.359999656677246,1539400,0.0,0.0
2025-10-24 00:00:00-04:00,9.479999542236328,9.569999694824219,9.40999984741211,9.510000228881836,1299800,0.0,0.0
2025-10-27 00:00:00-04:00,9.600000381469727,9.640000343322754,9.40999984741211,9.470000267028809,1861000,0.0,0.0
2025-10-28 00:00:00-04:00,9.40999984741211,9.470000267028809,9.130000114440918,9.15999984741211,1698400,0.0,0.0
2025-10-29 00:00:00-04:00,9.050000190734863,9.199000358581543,8.819999694824219,8.920000076293945,2447000,0.0,0.0
2025-10-30 00:00:00-04:00,8.789999961853027,8.989999771118164,8.755000114440918,8.899999618530273,2018600,0.0,0.0
2025-10-31 00:00:00-04:00,8.859999656677246,9.119999885559082,8.829999923706055,9.069999694824219,2623000,0.0,0.0
2025-11-03 00:00:00-05:00,9.029999732971191,9.430999755859375,8.989999771118164,9.390000343322754,4108600,0.0,0.0
2025-11-04 00:00:00-05:00,9.329999923706055,9.364999771118164,8.890000343322754,8.949999809265137,3135500,0.0,0.0
2025-11-05 00:00:00-05:00,8.869999885559082,9.074000358581543,8.074999809265137,8.149999618530273,8023900,0.0,0.0
2025-11-06 00:00:00-05:00,5.880000114440918,6.5,4.949999809265137,5.090000152587891,31093400,0.0,0.0
2025-11-07 00:00:00-05:00,5.099999904632568,5.429999828338623,5.090000152587891,5.400000095367432,11908800,0.0,0.0
2025-11-10 00:00:00-05:00,5.519999980926514,5.710000038146973,5.454999923706055,5.579999923706055,9809400,0.0,0.0
2025-11-11 00:00:00-05:00,5.659999847412109,5.730000019073486,5.465000152587891,5.489999771118164,3812100,0.0,0.0
2025-11-12 00:00:00-05:00,5.460000038146973,5.610000133514404,5.340000152587891,5.489999771118164,17148100,0.0,0.0
2025-11-13 00:00:00-05:00,5.900000095367432,6.380000114440918,5.889999866485596,6.369999885559082,9150000,0.0,0.0
2025-11-14 00:00:00-05:00,6.320000171661377,6.329999923706055,5.991000175476074,6.239999771118164,5448200,0.0,0.0
2025-11-17 00:00:00-05:00,6.269999980926514,6.650000095367432,6.119999885559082,6.300000190734863,5040100,0.0,0.0
2025-11-18 00:00:00-05:00,6.21999979019165,6.579999923706055,6.159999847412109,6.539999961853027,3549100,0.0,0.0
2025-11-19 00:00:00-05:00,6.510000228881836,6.724999904632568,6.369999885559082,6.639999866485596,4048500,0.0,0.0
2025-11-20 00:00:00-05:00,6.690000057220459,6.78000020980835,6.489999771118164,6.639999866485596,3634600,0.0,0.0
2025-11-21 00:00:00-05:00,6.650000095367432,6.925000190734863,6.579999923706055,6.75,3377300,0.0,0.0
2025-11-24 00:00:00-05:00,6.800000190734863,7.170000076293945,6.675000190734863,7.119999885559082,4201800,0.0,0.0
2025-11-25 00:00:00-05:00,7.150000095367432,7.625,7.150000095367432,7.590000152587891,4175600,0.0,0.0
2025-11-26 00:00:00-05:00,7.559999942779541,7.864999771118164,7.429999828338623,7.730000019073486,3353000,0.0,0.0
2025-11-28 00:00:00-05:00,7.730000019073486,7.90500020980835,7.685999870300293,7.849999904632568,2067200,0.0,0.0
2025-12-01 00:00:00-05:00,7.699999809265137,8.015000343322754,7.699999809265137,7.739999771118164,2454100,0.0,0.0
2025-12-02 00:00:00-05:00,7.730000019073486,7.800000190734863,7.639999866485596,7.699999809265137,2284400,0.0,0.0
2025-12-03 00:00:00-05:00,7.769999980926514,8.0,7.730000019073486,7.900000095367432,1980200,0.0,0.0
2025-12-04 00:00:00-05:00,8.0600004196167,8.0600004196167,7.78000020980835,7.889999866485596,2565700,0.0,0.0
2025-12-05 00:00:00-05:00,7.900000095367432,8.229999542236328,7.86299991607666,8.149999618530273,3299600,0.0,0.0
2025-12-08 00:00:00-05:00,8.220000267028809,8.279999732971191,8.005000114440918,8.119999885559082,2082200,0.0,0.0
2025-12-09 00:00:00-05:00,8.0,8.260000228881836,8.0,8.069999694824219,2000500,0.0,0.0
2025-12-10 00:00:00-05:00,8.050000190734863,8.364999771118164,8.010000228881836,8.260000228881836,2717100,0.0,0.0
2025-12-11 00:00:00-05:00,8.149999618530273,8.350000381469727,8.020000457763672,8.100000381469727,3016500,0.0,0.0
2025-12-12 00:00:00-05:00,8.029999732971191,8.3100004196167,7.980000019073486,7.989999771118164,2734200,0.0,0.0
2025-12-15 00:00:00-05:00,8.029999732971191,8.140000343322754,7.809999942779541,7.809999942779541,3757800,0.0,0.0
2025-12-16 00:00:00-05:00,7.800000190734863,8.175000190734863,7.78000020980835,8.0,3583900,0.0,0.0
2025-12-17 00:00:00-05:00,7.880000114440918,8.100000381469727,7.659999847412109,7.71999979019165,2712200,0.0,0.0
2025-12-18 00:00:00-05:00,8.1899995803833,8.1899995803833,7.880000114440918,7.929999828338623,3485600,0.0,0.0
2025-12-19 00:00:00-05:00,7.900000095367432,7.940000057220459,7.71999979019165,7.800000190734863,2832000,0.0,0.0
2025-12-22 00:00:00-05:00,7.820000171661377,8.265000343322754,7.739999771118164,8.210000038146973,3365300,0.0,0.0
2025-12-23 00:00:00-05:00,8.170000076293945,8.289999961853027,7.980000019073486,8.149999618530273,2753100,0.0,0.0
2025-12-24 00:00:00-05:00,8.170000076293945,8.315999984741211,8.130000114440918,8.260000228881836,941400,0.0,0.0
2025-12-26 00:00:00-05:00,8.15999984741211,8.3149995803833,8.15999984741211,8.260000228881836,1266100,0.0,0.0
2025-12-29 00:00:00-05:00,8.329999923706055,8.329999923706055,8.152000427246094,8.270000457763672,1338800,0.0,0.0
2025-12-30 00:00:00-05:00,8.220000267028809,8.329999923706055,8.125,8.140000343322754,1427400,0.0,0.0
2025-12-31 00:00:00-05:00,8.119999885559082,8.164999961853027,8.020000457763672,8.020000457763672,1376800,0.0,0.0
2026-01-02 00:00:00-05:00,8.100000381469727,8.510000228881836,8.050000190734863,8.289999961853027,3937400,0.0,0.0
2026-01-05 00:00:00-05:00,8.289999961853027,8.704999923706055,8.100000381469727,8.609999656677246,3635900,0.0,0.0
2026-01-06 00:00:00-05:00,8.59000015258789,8.614999771118164,8.425000190734863,8.550000190734863,2188200,0.0,0.0
2026-01-07 00:00:00-05:00,8.550000190734863,8.609999656677246,8.4350004196167,8.470000267028809,1322000,0.0,0.0
2026-01-08 00:00:00-05:00,8.380000114440918,9.039999961853027,8.300000190734863,8.729999542236328,2790100,0.0,0.0
2026-01-09 00:00:00-05:00,8.65999984741211,8.869999885559082,8.399999618530273,8.779999732971191,2404300,0.0,0.0
2026-01-12 00:00:00-05:00,8.710000038146973,9.069999694824219,8.619999885559082,8.770000457763672,2653300,0.0,0.0
2026-01-13 00:00:00-05:00,8.789999961853027,8.835000038146973,8.630000114440918,8.739999771118164,1550500,0.0,0.0
2026-01-14 00:00:00-05:00,8.930000305175781,8.989999771118164,8.609999656677246,8.84000015258789,2113900,0.0,0.0
2026-01-15 00:00:00-05:00,8.850000381469727,9.0649995803833,8.710000038146973,8.979999542236328,1765200,0.0,0.0
2026-01-16 00:00:00-05:00,8.829999923706055,8.949999809265137,8.710000038146973,8.739999771118164,1528200,0.0,0.0
2026-01-20 00:00:00-05:00,8.5,8.699999809265137,8.380000114440918,8.470000267028809,2015400,0.0,0.0
2026-01-21 00:00:00-05:00,8.470000267028809,8.579999923706055,8.100000381469727,8.470000267028809,3033300,0.0,0.0
2026-01-22 00:00:00-05:00,8.539999961853027,8.800000190734863,8.539999961853027,8.619999885559082,2170400,0.0,0.0
2026-01-23 00:00:00-05:00,8.65999984741211,8.744999885559082,8.420000076293945,8.5,2019300,0.0,0.0
2026-01-26 00:00:00-05:00,8.5,8.604999542236328,8.3100004196167,8.600000381469727,1639100,0.0,0.0
2026-01-27 00:00:00-05:00,8.550000190734863,8.604999542236328,8.154999732971191,8.350000381469727,2524400,0.0,0.0
2026-01-28 00:00:00-05:00,8.40999984741211,8.5,7.96999979019165,8.039999961853027,1618600,0.0,0.0
2026-01-29 00:00:00-05:00,8.0600004196167,8.15999984741211,7.820000171661377,7.880000114440918,1699800,0.0,0.0
2026-01-30 00:00:00-05:00,7.849999904632568,7.914999961853027,7.679999828338623,7.809999942779541,1596300,0.0,0.0
2026-02-02 00:00:00-05:00,7.769999980926514,7.869999885559082,7.599999904632568,7.619999885559082,6428600,0.0,0.0
2026-02-03 00:00:00-05:00,7.53000020980835,7.71999979019165,7.355000019073486,7.46999979019165,2553200,0.0,0.0
2026-02-04 00:00:00-05:00,7.460000038146973,7.610000133514404,7.2129998207092285,7.53000020980835,4968000,0.0,0.0
2026-02-05 00:00:00-05:00,7.539999961853027,7.579999923706055,7.014999866485596,7.050000190734863,2619600,0.0,0.0
2026-02-06 00:00:00-05:00,7.130000114440918,7.425000190734863,7.010000228881836,7.369999885559082,2639000,0.0,0.0
2026-02-09 00:00:00-05:00,7.349999904632568,7.409999847412109,7.119999885559082,7.300000190734863,1840900,0.0,0.0
2026-02-10 00:00:00-05:00,7.360000133514404,7.599999904632568,7.215000152587891,7.289999961853027,2062200,0.0,0.0
2026-02-11 00:00:00-05:00,7.510000228881836,7.539999961853027,7.15500020980835,7.199999809265137,3535500,0.0,0.0
2026-02-12 00:00:00-05:00,7.199999809265137,7.210000038146973,6.179999828338623,6.510000228881836,6956600,0.0,0.0
2026-02-13 00:00:00-05:00,6.760000228881836,6.909999847412109,6.539999961853027,6.610000133514404,2612600,0.0,0.0
2026-02-17 00:00:00-05:00,6.639999866485596,6.860000133514404,6.309999942779541,6.429999828338623,3692400,0.0,0.0
2026-02-18 00:00:00-05:00,6.510000228881836,6.794000148773193,6.429999828338623,6.679999828338623,3076800,0.0,0.0
2026-02-19 00:00:00-05:00,6.619999885559082,6.820000171661377,6.519999980926514,6.75,2500700,0.0,0.0
2026-02-20 00:00:00-05:00,6.735000133514404,6.855000019073486,6.585000038146973,6.659999847412109,2661500,0.0,0.0
2026-02-23 00:00:00-05:00,6.510000228881836,6.550000190734863,5.539999961853027,5.679999828338623,7697700,0.0,0.0
2026-02-24 00:00:00-05:00,5.579999923706055,5.650000095367432,4.610000133514404,4.75,19288300,0.0,0.0
2026-02-25 00:00:00-05:00,4.880000114440918,5.010000228881836,4.449999809265137,4.510000228881836,6723200,0.0,0.0
2026-02-26 00:00:00-05:00,4.489999771118164,4.760000228881836,4.489999771118164,4.690000057220459,5304400,0.0,0.0
2026-02-27 00:00:00-05:00,4.599999904632568,4.929999828338623,4.5,4.860000133514404,5734800,0.0,0.0
2026-03-02 00:00:00-05:00,4.710000038146973,5.0,4.670000076293945,4.889999866485596,4217000,0.0,0.0
2026-03-03 00:00:00-05:00,5.289999961853027,5.639999866485596,5.039999961853027,5.539999961853027,5573100,0.0,0.0
2026-03-04 00:00:00-05:00,5.440000057220459,5.639999866485596,5.309999942779541,5.460000038146973,2732600,0.0,0.0
2026-03-05 00:00:00-05:00,5.440000057220459,5.670000076293945,5.349999904632568,5.409999847412109,2463500,0.0,0.0
2026-03-06 00:00:00-05:00,5.320000171661377,5.360000133514404,5.050000190734863,5.119999885559082,2292900,0.0,0.0
2026-03-09 00:00:00-04:00,5.0,5.195000171661377,4.860000133514404,5.150000095367432,2206700,0.0,0.0
2026-03-10 00:00:00-04:00,5.079999923706055,5.170000076293945,4.875,5.159999847412109,2396900,0.0,0.0
2026-03-11 00:00:00-04:00,5.159999847412109,5.230000019073486,4.860000133514404,5.0,2147100,0.0,0.0
2026-03-12 00:00:00-04:00,5.050000190734863,5.150000095367432,4.829999923706055,4.860000133514404,2426200,0.0,0.0
2026-03-13 00:00:00-04:00,4.869999885559082,4.974999904632568,4.800000190734863,4.840000152587891,1760800,0.0,0.0
2026-03-16 00:00:00-04:00,4.880000114440918,5.079999923706055,4.820000171661377,4.869999885559082,2286700,0.0,0.0
2026-03-17 00:00:00-04:00,4.869999885559082,5.119999885559082,4.849999904632568,5.0,2230800,0.0,0.0
2026-03-18 00:00:00-04:00,4.869999885559082,5.03000020980835,4.619999885559082,4.639999866485596,2719500,0.0,0.0
2026-03-19 00:00:00-04:00,4.599999904632568,4.804999828338623,4.559999942779541,4.730000019073486,2800000,0.0,0.0
2026-03-20 00:00:00-04:00,4.739999771118164,4.815000057220459,4.630000114440918,4.710000038146973,4093700,0.0,0.0
2026-03-23 00:00:00-04:00,4.809999942779541,4.914999961853027,4.730000019073486,4.809999942779541,3024300,0.0,0.0
2026-03-24 00:00:00-04:00,4.699999809265137,4.75,4.5,4.610000133514404,1813800,0.0,0.0
2026-03-25 00:00:00-04:00,4.730000019073486,4.760000228881836,4.260000228881836,4.389999866485596,3457000,0.0,0.0
2026-03-26 00:00:00-04:00,4.329999923706055,4.519999980926514,4.235000133514404,4.329999923706055,2940800,0.0,0.0
2026-03-27 00:00:00-04:00,4.269999980926514,4.300000190734863,4.065000057220459,4.150000095367432,2528300,0.0,0.0
2026-03-30 00:00:00-04:00,4.179999828338623,4.264999866485596,4.085000038146973,4.230000019073486,2542200,0.0,0.0
2026-03-31 00:00:00-04:00,4.300000190734863,4.385000228881836,4.164999961853027,4.239999771118164,2725900,0.0,0.0
2026-04-01 00:00:00-04:00,4.239999771118164,4.40500020980835,4.070000171661377,4.269999980926514,3413800,0.0,0.0
2026-04-02 00:00:00-04:00,4.179999828338623,4.420000076293945,4.139999866485596,4.360000133514404,2536800,0.0,0.0
2026-04-06 00:00:00-04:00,4.369999885559082,4.690000057220459,4.369999885559082,4.639999866485596,2044000,0.0,0.0
2026-04-07 00:00:00-04:00,4.639999866485596,4.739999771118164,4.579999923706055,4.630000114440918,2255300,0.0,0.0
2026-04-08 00:00:00-04:00,4.809999942779541,4.900000095367432,4.539999961853027,4.579999923706055,1702100,0.0,0.0
2026-04-09 00:00:00-04:00,4.53000020980835,4.554999828338623,4.295000076293945,4.340000152587891,2583700,0.0,0.0
2026-04-10 00:00:00-04:00,4.349999904632568,4.389999866485596,4.179999828338623,4.329999923706055,2556300,0.0,0.0
2026-04-13 00:00:00-04:00,4.320000171661377,4.659999847412109,4.269999980926514,4.519999980926514,2232600,0.0,0.0
2026-04-14 00:00:00-04:00,4.539999961853027,4.730000019073486,4.46999979019165,4.659999847412109,2187700,0.0,0.0
2026-04-15 00:00:00-04:00,4.710000038146973,5.0,4.659999847412109,4.909999847412109,1886200,0.0,0.0
2026-04-16 00:00:00-04:00,4.980000019073486,5.03000020980835,4.800000190734863,4.860000133514404,2264200,0.0,0.0
2026-04-17 00:00:00-04:00,4.940000057220459,5.15500020980835,4.940000057220459,5.019999980926514,2732400,0.0,0.0
2026-04-20 00:00:00-04:00,4.960000038146973,5.099999904632568,4.920000076293945,5.099999904632568,1742100,0.0,0.0
2026-04-21 00:00:00-04:00,5.099999904632568,5.175000190734863,4.829999923706055,4.869999885559082,1931100,0.0,0.0
2026-04-22 00:00:00-04:00,4.920000076293945,4.96999979019165,4.869999885559082,4.96999979019165,2031100,0.0,0.0
2026-04-23 00:00:00-04:00,4.900000095367432,5.25,4.764999866485596,5.190000057220459,3104400,0.0,0.0
2026-04-24 00:00:00-04:00,5.170000076293945,5.320000171661377,5.105000019073486,5.130000114440918,2597000,0.0,0.0
2026-04-27 00:00:00-04:00,5.079999923706055,5.340000152587891,5.039999961853027,5.21999979019165,2433200,0.0,0.0
2026-04-28 00:00:00-04:00,5.289999961853027,5.349999904632568,5.0,5.019999980926514,1989400,0.0,0.0
2026-04-29 00:00:00-04:00,4.96999979019165,5.276000022888184,4.960000038146973,5.21999979019165,3722500,0.0,0.0
2026-04-30 00:00:00-04:00,5.130000114440918,5.21999979019165,5.039999961853027,5.190000057220459,2180500,0.0,0.0
2026-05-01 00:00:00-04:00,5.300000190734863,5.380000114440918,5.164999961853027,5.28000020980835,3765400,0.0,0.0
2026-05-04 00:00:00-04:00,5.320000171661377,5.394999980926514,5.260000228881836,5.300000190734863,2650500,0.0,0.0
2026-05-05 00:00:00-04:00,5.329999923706055,5.514999866485596,5.230000019073486,5.400000095367432,4002700,0.0,0.0
2026-05-06 00:00:00-04:00,5.420000076293945,5.489999771118164,5.0,5.21999979019165,9215700,0.0,0.0
2026-05-07 00:00:00-04:00,6.173999786376953,6.699999809265137,5.940000057220459,6.5,13348400,0.0,0.0
2026-05-08 00:00:00-04:00,6.309999942779541,6.699999809265137,6.289999961853027,6.409999847412109,5670100,0.0,0.0
2026-05-11 00:00:00-04:00,6.309999942779541,6.460000038146973,5.974999904632568,6.090000152587891,4722800,0.0,0.0
2026-05-12 00:00:00-04:00,6.110000133514404,6.190000057220459,5.739999771118164,5.840000152587891,3943400,0.0,0.0
2026-05-13 00:00:00-04:00,5.739999771118164,5.815000057220459,5.550000190734863,5.650000095367432,3657900,0.0,0.0
2026-05-14 00:00:00-04:00,5.934999942779541,5.989999771118164,5.710000038146973,5.71999979019165,3434700,0.0,0.0
2026-05-15 00:00:00-04:00,5.730000019073486,6.079999923706055,5.730000019073486,5.920000076293945,2892000,0.0,0.0
2026-05-18 00:00:00-04:00,5.909999847412109,6.199999809265137,5.869999885559082,6.019999980926514,3364500,0.0,0.0
2026-05-19 00:00:00-04:00,6.110000133514404,6.239999771118164,5.909999847412109,5.920000076293945,2558100,0.0,0.0
2026-05-20 00:00:00-04:00,5.849999904632568,6.039999961853027,5.599999904632568,5.960000038146973,2605300,0.0,0.0
2026-05-21 00:00:00-04:00,5.71999979019165,5.954999923706055,5.65500020980835,5.900000095367432,2519800,0.0,0.0
2026-05-22 00:00:00-04:00,5.880000114440918,6.130000114440918,5.840000152587891,5.949999809265137,1819300,0.0,0.0
2026-05-26 00:00:00-04:00,6.010000228881836,6.184999942779541,5.9120001792907715,5.96999979019165,2784100,0.0,0.0
2026-05-27 00:00:00-04:00,5.940000057220459,6.179999828338623,5.900000095367432,6.0,1991200,0.0,0.0
2026-05-28 00:00:00-04:00,6.03000020980835,6.514999866485596,6.010000228881836,6.309999942779541,3771300,0.0,0.0
2026-05-29 00:00:00-04:00,6.170000076293945,6.75,6.159999847412109,6.570000171661377,10028100,0.0,0.0
2026-06-01 00:00:00-04:00,6.75,6.800000190734863,6.175000190734863,6.539999961853027,3774700,0.0,0.0
2026-06-02 00:00:00-04:00,6.389999866485596,6.445000171661377,6.25,6.320000171661377,3623900,0.0,0.0
2026-06-03 00:00:00-04:00,6.190000057220459,6.199999809265137,5.715000152587891,5.809999942779541,3894100,0.0,0.0
2026-06-04 00:00:00-04:00,5.869999885559082,6.059999942779541,5.769999980926514,5.869999885559082,2866500,0.0,0.0
2026-06-05 00:00:00-04:00,5.849999904632568,5.940000057220459,5.539999961853027,5.659999847412109,1989900,0.0,0.0
2026-06-08 00:00:00-04:00,5.610000133514404,5.704999923706055,5.554999828338623,5.650000095367432,2103600,0.0,0.0
2026-06-09 00:00:00-04:00,5.650000095367432,5.914999961853027,5.585000038146973,5.71999979019165,1920300,0.0,0.0
2026-06-10 00:00:00-04:00,5.630000114440918,5.974999904632568,5.599999904632568,5.940000057220459,3740500,0.0,0.0
2026-06-11 00:00:00-04:00,5.920000076293945,6.460000038146973,5.909999847412109,6.449999809265137,3246400,0.0,0.0
2026-06-12 00:00:00-04:00,6.449999809265137,6.489999771118164,5.994999885559082,6.010000228881836,3034600,0.0,0.0
2026-06-15 00:00:00-04:00,6.050000190734863,6.309999942779541,6.0,6.309999942779541,1954400,0.0,0.0
2026-06-16 00:00:00-04:00,6.289999961853027,6.369999885559082,6.195000171661377,6.269999980926514,1696400,0.0,0.0
2026-06-17 00:00:00-04:00,6.260000228881836,6.454999923706055,6.0,6.139999866485596,2443600,0.0,0.0
2026-06-18 00:00:00-04:00,6.110000133514404,6.59499979019165,6.070000171661377,6.480000019073486,4444800,0.0,0.0
2026-06-22 00:00:00-04:00,6.380000114440918,6.519999980926514,6.304999828338623,6.369999885559082,2112900,0.0,0.0
2026-06-23 00:00:00-04:00,6.429999828338623,6.494999885559082,6.349999904632568,6.400000095367432,2752200,0.0,0.0
2026-06-24 00:00:00-04:00,6.480000019073486,6.769999980926514,6.480000019073486,6.599999904632568,2348900,0.0,0.0
2026-06-25 00:00:00-04:00,6.53000020980835,6.71999979019165,6.449999809265137,6.570000171661377,2427200,0.0,0.0
2026-06-26 00:00:00-04:00,6.519999980926514,7.03000020980835,6.519999980926514,6.929999828338623,8770400,0.0,0.0
2026-06-29 00:00:00-04:00,6.909999847412109,7.235000133514404,6.855000019073486,7.199999809265137,3615100,0.0,0.0
2026-06-30 00:00:00-04:00,7.090000152587891,7.335000038146973,7.047999858856201,7.190000057220459,2756400,0.0,0.0
2026-07-01 00:00:00-04:00,7.329999923706055,7.429999828338623,7.199999809265137,7.289999961853027,2375300,0.0,0.0
2026-07-02 00:00:00-04:00,7.289999961853027,7.380000114440918,7.079999923706055,7.300000190734863,2376300,0.0,0.0
2026-07-06 00:00:00-04:00,7.230000019073486,7.590000152587891,7.230000019073486,7.429999828338623,3192500,0.0,0.0
2026-07-07 00:00:00-04:00,7.480000019073486,7.590000152587891,7.289999961853027,7.289999961853027,2324500,0.0,0.0
2026-07-08 00:00:00-04:00,7.159999847412109,7.25,6.940000057220459,6.989999771118164,5755200,0.0,0.0
2026-07-09 00:00:00-04:00,6.860000133514404,7.005000114440918,6.800000190734863,6.920000076293945,2679500,0.0,0.0
2026-07-10 00:00:00-04:00,7.019999980926514,7.110000133514404,6.644999980926514,6.670000076293945,3046700,0.0,0.0
2026-07-13 00:00:00-04:00,6.690000057220459,6.835000038146973,6.614999771118164,6.809999942779541,2451700,0.0,0.0
2026-07-14 00:00:00-04:00,6.690000057220459,7.28000020980835,6.670000076293945,7.230000019073486,3318400,0.0,0.0
2026-07-15 00:00:00-04:00,7.340000152587891,7.559999942779541,7.15500020980835,7.460000038146973,2848300,0.0,0.0
2026-07-16 00:00:00-04:00,7.46999979019165,7.735000133514404,7.394999980926514,7.630000114440918,3254900,0.0,0.0
2026-07-17 00:00:00-04:00,7.5,7.550000190734863,7.28000020980835,7.449999809265137,3085800,0.0,0.0
2026-07-20 00:00:00-04:00,7.340000152587891,7.570000171661377,7.21999979019165,7.409999847412109,3324000,0.0,0.0
2026-07-21 00:00:00-04:00,7.400000095367432,7.949999809265137,7.324999809265137,7.929999828338623,2988700,0.0,0.0
2026-07-22 00:00:00-04:00,7.989999771118164,8.069999694824219,7.510000228881836,7.679999828338623,3986300,0.0,0.0
2026-07-23 00:00:00-04:00,7.679999828338623,7.755000114440918,7.514999866485596,7.570000171661377,2501100,0.0,0.0
2026-07-24 00:00:00-04:00,7.619999885559082,7.820000171661377,7.579999923706055,7.730000019073486,3350500,0.0,0.0
2026-07-27 00:00:00-04:00,7.849999904632568,8.125,7.84499979019165,8.039999961853027,1993600,0.0,0.0
2026-07-28 00:00:00-04:00,8.109999656677246,8.244999885559082,8.085000038146973,8.1899995803833,2094900,0.0,0.0
2026-07-29 00:00:00-04:00,8.130000114440918,8.375,8.020000457763672,8.069999694824219,1499500,0.0,0.0
2026-07-30 00:00:00-04:00,7.920000076293945,8.079999923706055,7.599999904632568,8.029999732971191,2683900,0.0,0.0
2026-07-31 00:00:00-04:00,7.980000019073486,8.024999618530273,7.349999904632568,7.489999771118164,5004000,0.0,0.0
2026-08-03 00:00:00-04:00,7.730000019073486,8.0649995803833,7.730000019073486,7.789999961853027,2795000,0.0,0.0
2026-08-04 00:00:00-04:00,7.670000076293945,8.020000457763672,7.670000076293945,8.0,2195700,0.0,0.0
2026-08-05 00:00:00-04:00,7.980000019073486,8.079999923706055,7.570000171661377,7.679999828338623,2691100,0.0,0.0
2026-08-06 00:00:00-04:00,7.550000190734863,7.599999904632568,7.420000076293945,7.449999809265137,1900500,0.0,0.0
2026-08-07 00:00:00-04:00,7.489999771118164,7.769999980926514,7.335000038146973,7.460000038146973,3722800,0.0,0.0
2026-08-10 00:00:00-04:00,7.28000020980835,7.570000171661377,7.03000020980835,7.260000228881836,7263700,0.0,0.0
2026-08-12 00:00:00-04:00,7.360000133514404,8.03499984741211,7.139999866485596,7.760000228881836,8857100,0.0,0.0
2026-08-13 00:00:00-04:00,7.71999979019165,8.354999542236328,7.679999828338623,7.960000038146973,5821500,0.0,0.0
2026-08-14 00:00:00-04:00,7.920000076293945,8.28499984741211,7.776199817657471,8.270000457763672,4047135,0.0,0.0
