Date,Open,High,Low,Close,Volume,Dividends,Stock Splits
2022-01-03 00:00:00-05:00,5.136488361650785,5.225515485322866,5.136488361650785,5.155841827392578,1737800,0.0,0.0
2022-01-04 00:00:00-05:00,5.1906788580851995,5.27970635436089,5.182937545316368,5.202291011810303,885400,0.0,0.0
2022-01-05 00:00:00-05:00,5.237128829662677,5.295190347523922,5.198421520232293,5.221645832061768,1039700,0.0,0.0
2022-01-06 00:00:00-05:00,5.2603529210169535,5.314543221974199,5.22551608803373,5.23325777053833,709900,0.0,0.0
2022-01-07 00:00:00-05:00,5.252611127008858,5.330026473836516,5.225515977105417,5.306801795959473,957900,0.0,0.0
2022-01-10 00:00:00-05:00,5.295190566749499,5.357122559717175,5.260353728419231,5.287448883056641,1210900,0.0,0.0
2022-01-11 00:00:00-05:00,5.268093998811847,5.3764753341674805,5.260352685797144,5.3764753341674805,804800,0.0,0.0
2022-01-12 00:00:00-05:00,5.376475133535829,5.407441122726545,5.3029306323500975,5.330026149749756,1077400,0.0,0.0
2022-01-13 00:00:00-05:00,5.372604416052641,5.473244067806816,5.36873357502893,5.395828723907471,877000,0.0,0.0
2022-01-14 00:00:00-05:00,5.3571213449369965,5.42679500579834,5.330026196443679,5.42679500579834,754500,0.0,0.0
2022-01-18 00:00:00-05:00,5.438407841044709,5.519693665854257,5.399700164794922,5.399700164794922,1311800,0.0,0.0
2022-01-19 00:00:00-05:00,5.403571511209964,5.4693743454975925,5.337768676922334,5.341639518737793,882000,0.0,0.0
2022-01-20 00:00:00-05:00,5.333897028954594,5.395829012066514,5.213903903961182,5.213903903961182,1405700,0.0,0.0
2022-01-21 00:00:00-05:00,5.206162709044662,5.248741228279284,5.132618564497963,5.140359878540039,1606700,0.0,0.0
2022-01-24 00:00:00-05:00,5.074555341802213,5.140358150181758,4.900371589268451,5.109392166137695,1451200,0.0,0.0
2022-01-25 00:00:00-05:00,5.047461019834026,5.229386482570177,4.989399882584303,5.1790666580200195,1309300,0.0,0.0
2022-01-26 00:00:00-05:00,5.210033550637586,5.295190219963058,5.097781728449189,5.140359878540039,969500,0.0,0.0
2022-01-27 00:00:00-05:00,5.171325552771094,5.248740903260687,5.055203265324203,5.0900397300720215,952100,0.0,0.0
2022-01-28 00:00:00-05:00,5.078426127568653,5.144228935241699,4.977786495934153,5.144228935241699,1579400,0.0,0.0
2022-01-31 00:00:00-05:00,5.11326401935121,5.291318647448474,5.105522337234767,5.283576965332031,1978200,0.0,0.0
2022-02-01 00:00:00-05:00,5.283575623450617,5.306800294757805,5.182936365502478,5.268092632293701,1698000,0.0,0.0
2022-02-02 00:00:00-05:00,5.2835769510978645,5.299059946145318,5.163583831766028,5.206161975860596,1066900,0.0,0.0
2022-02-03 00:00:00-05:00,5.167454394555965,5.213903377197134,5.113263730236084,5.1171345710754395,1528600,0.0,0.0
2022-02-04 00:00:00-05:00,5.105521325846276,5.167453663078048,5.047460198049571,5.109392166137695,1291500,0.0,0.0
2022-02-07 00:00:00-05:00,5.140359878540039,5.198421395002586,5.090040045263341,5.140359878540039,893100,0.0,0.0
2022-02-08 00:00:00-05:00,5.151971786944839,5.17519609543632,5.097781118558505,5.132617950439453,1705600,0.0,0.0
2022-02-09 00:00:00-05:00,5.17519497451724,5.260351615210235,5.101650854698503,5.109392166137695,1894200,0.0,0.0
2022-02-10 00:00:00-05:00,5.117135756004661,5.186809061528187,4.939081096744475,4.954564094543457,2396900,0.0,0.0
2022-02-11 00:00:00-05:00,4.954563171965598,5.039719828575066,4.8423113665391835,4.900372505187988,1743900,0.0,0.0
2022-02-14 00:00:00-05:00,4.954563689889957,5.031978672562162,4.954563689889957,4.9971418380737305,2681600,0.0,0.0
2022-02-15 00:00:00-05:00,5.062943190071602,5.128745998451146,5.012623373714089,5.109392166137695,1342100,0.0,0.0
2022-02-16 00:00:00-05:00,5.109392998005386,5.1868079707195855,5.10165168530582,5.1790666580200195,1032900,0.0,0.0
2022-02-17 00:00:00-05:00,5.136488515313137,5.1790666580200195,5.10165168530582,5.1790666580200195,1851600,0.0,0.0
2022-02-18 00:00:00-05:00,5.186808384491914,5.268094204612243,5.171325388713933,5.213903903961182,1949000,0.0,0.0
2022-02-22 00:00:00-05:00,5.206162702086142,5.213904385261643,4.958434746770458,4.985529899597168,1726100,0.0,0.0
2022-02-23 00:00:00-05:00,5.0087540086678874,5.0126248500993995,4.861665725708008,4.861665725708008,1324100,0.0,0.0
2022-02-24 00:00:00-05:00,4.741671891835861,4.973917193379192,4.683610751021894,4.942951202392578,1498900,0.0,0.0
2022-02-25 00:00:00-05:00,4.958434118168939,5.066815084879641,4.958434118168939,5.035849094390869,977300,0.0,0.0
2022-02-28 00:00:00-05:00,4.989400488067831,5.066815470176646,4.954563653832927,5.051332473754883,1276400,0.0,0.0
2022-03-01 00:00:00-05:00,5.055202328173577,5.070685321572455,4.931338011838866,5.031977653503418,1168400,0.0,0.0
2022-03-02 00:00:00-05:00,5.03971970713446,5.1868079707195855,5.035848866212823,5.1790666580200195,778500,0.0,0.0
2022-03-03 00:00:00-05:00,5.213903657956182,5.213903657956182,5.128747000623327,5.206161975860596,840900,0.0,0.0
2022-03-04 00:00:00-05:00,5.144230394733704,5.167455073678396,5.074556727043378,5.163584232330322,893100,0.0,0.0
2022-03-07 00:00:00-05:00,5.155841440157273,5.155841440157273,5.008752822875977,5.008752822875977,1221200,0.0,0.0
2022-03-08 00:00:00-05:00,5.028106924752607,5.175195549886793,5.016494771730977,5.093909740447998,947900,0.0,0.0
2022-03-09 00:00:00-05:00,5.18680848346977,5.217774475616642,5.113264344406884,5.124876499176025,1010400,0.0,0.0
2022-03-10 00:00:00-05:00,5.062944892400416,5.140359878540039,5.043591053579567,5.140359878540039,573700,0.0,0.0
2022-03-11 00:00:00-05:00,5.163584261202636,5.225516246543109,5.140359582128082,5.182938098907471,607300,0.0,0.0
2022-03-14 00:00:00-04:00,5.237127842129325,5.264223359679515,5.163583709678721,5.202291011810303,889700,0.0,0.0
2022-03-15 00:00:00-04:00,5.240999794075529,5.287448787965937,5.182938643998467,5.2255167961120605,711500,0.0,0.0
2022-03-16 00:00:00-04:00,5.244868488051828,5.3029296143525615,5.190677832799142,5.291317462921143,996000,0.0,0.0
2022-03-17 00:00:00-04:00,5.248740684418535,5.337767816968401,5.244869843226697,5.326155662536621,589400,0.0,0.0
2022-03-18 00:00:00-04:00,5.333896728934937,5.415182544483122,5.268093908293847,5.391958236694336,1889700,0.0,0.0
2022-03-21 00:00:00-04:00,5.391957332914289,5.461630613745986,5.380344811822627,5.415181636810303,970200,0.0,0.0
2022-03-22 00:00:00-04:00,5.442277908325195,5.5003390452968235,5.422924072953418,5.442277908325195,991600,0.0,0.0
2022-03-23 00:00:00-04:00,5.419053400906018,5.473244067806816,5.380345728956345,5.395828723907471,1095700,0.0,0.0
2022-03-24 00:00:00-04:00,5.3996993966785425,5.450019220987683,5.360992095078693,5.442277908325195,797500,0.0,0.0
2022-03-25 00:00:00-04:00,5.457761555911701,5.546788692474365,5.434536876857582,5.546788692474365,1611900,0.0,0.0
2022-03-28 00:00:00-04:00,5.546788045914975,5.562271040431701,5.488726908763178,5.519692897796631,1296400,0.0,0.0
2022-03-29 00:00:00-04:00,5.554530368163809,5.631945349673126,5.546788685441003,5.620333194732666,1391600,0.0,0.0
2022-03-30 00:00:00-04:00,5.6282641119282,5.6322305623151685,5.493408203125,5.493408203125,1150200,0.35,0.0
2022-03-31 00:00:00-04:00,5.48151007799968,5.564803663448459,5.457712126878093,5.525140285491943,1054300,0.0,0.0
2022-04-01 00:00:00-04:00,5.53703784205689,5.6163649559021,5.521172419287847,5.6163649559021,1118200,0.0,0.0
2022-04-04 00:00:00-04:00,5.6163649559021,5.628263928413502,5.509273446776445,5.6163649559021,956300,0.0,0.0
2022-04-05 00:00:00-04:00,5.632230828033944,5.656029153216995,5.477543038259529,5.497374534606934,950400,0.0,0.0
2022-04-06 00:00:00-04:00,5.4973752733898955,5.513240699556875,5.390283741328185,5.425981044769287,1198400,0.0,0.0
2022-04-07 00:00:00-04:00,5.41408272659635,5.4537464887281315,5.227664028057317,5.251461982727051,1438600,0.0,0.0
2022-04-08 00:00:00-04:00,5.259392944440909,5.358551934894494,5.235594620296975,5.318888187408447,806700,0.0,0.0
2022-04-11 00:00:00-04:00,5.330787322714228,5.398215468537307,5.318888349410608,5.354585647583008,845300,0.0,0.0
2022-04-12 00:00:00-04:00,5.394250174726067,5.437880001976625,5.3823508214437,5.398216247558594,780600,0.0,0.0
2022-04-13 00:00:00-04:00,5.4101152631919245,5.529105762496547,5.402182361498777,5.513240337371826,1040400,0.0,0.0
2022-04-14 00:00:00-04:00,5.533072232861389,5.588601410124582,5.513240356820137,5.5410051345825195,985900,0.0,0.0
2022-04-18 00:00:00-04:00,5.537038544395992,5.59256772026193,5.489442270051573,5.51720666885376,840400,0.0,0.0
2022-04-19 00:00:00-04:00,5.521173563733843,5.548937964769379,5.350619949917622,5.386317253112793,1544500,0.0,0.0
2022-04-20 00:00:00-04:00,5.449778005391395,5.548936995496456,5.437879032492016,5.493408203125,989900,0.0,0.0
2022-04-21 00:00:00-04:00,5.5410063480312886,5.564804301883148,5.429947969183751,5.441847324371338,850500,0.0,0.0
2022-04-22 00:00:00-04:00,5.4220148254190335,5.445812776555916,5.299057483673096,5.299057483673096,1083800,0.0,0.0
2022-04-25 00:00:00-04:00,5.255427380033262,5.291124683136475,5.128503971898811,5.267326354980469,1368000,0.0,0.0
2022-04-26 00:00:00-04:00,5.215763247033765,5.255426998325755,5.037277122742939,5.053142547607422,1849300,0.0,0.0
2022-04-27 00:00:00-04:00,5.05710937975531,5.096773134038421,4.965883274470388,4.977782249450684,1556800,0.0,0.0
2022-04-28 00:00:00-04:00,4.965882957642001,5.045210082885476,4.890521904964521,5.013479232788086,1370700,0.0,0.0
2022-04-29 00:00:00-04:00,5.005546786631629,5.021412213124059,4.775497913360596,4.775497913360596,1135300,0.0,0.0
2022-05-02 00:00:00-04:00,4.815161612215411,4.8508585377082625,4.652540519749397,4.723935127258301,1378700,0.0,0.0
2022-05-03 00:00:00-04:00,4.723935359960111,4.9579506932010595,4.723935359960111,4.942085266113281,1292500,0.0,0.0
2022-05-04 00:00:00-04:00,4.969848992067972,5.092806318947928,4.914320193954468,5.080907344818115,882700,0.0,0.0
2022-05-05 00:00:00-04:00,5.029345304226873,5.049176804390382,4.890522533512596,4.942085266113281,919800,0.0,0.0
2022-05-06 00:00:00-04:00,4.926218650139283,4.985713892794555,4.862756957103918,4.9341511726379395,933800,0.0,0.0
2022-05-09 00:00:00-04:00,4.882589768582353,4.918286694075205,4.6842717506234886,4.723935127258301,1448400,0.0,0.0
2022-05-10 00:00:00-04:00,4.767564710785315,4.850857904321127,4.632708415659913,4.716001987457275,1216300,0.0,0.0
2022-05-11 00:00:00-04:00,4.723935329372933,4.811195366921522,4.664440072744396,4.692204475402832,1271500,0.0,0.0
2022-05-12 00:00:00-04:00,4.676338454270607,4.700136780855321,4.577179453647175,4.696170330047607,1610500,0.0,0.0
2022-05-13 00:00:00-04:00,4.7239341138406505,4.886554793158322,4.704102240646942,4.858790397644043,1230500,0.0,0.0
2022-05-16 00:00:00-04:00,4.87069028364505,4.961916766138993,4.858791308802045,4.926219463348389,1096200,0.0,0.0
2022-05-17 00:00:00-04:00,4.973816344113171,5.0729753624394,4.9579509163114395,5.0412445068359375,999700,0.0,0.0
2022-05-18 00:00:00-04:00,5.041243263505763,5.041243263505763,4.886555096893655,4.902420520782471,1425600,0.0,0.0
2022-05-19 00:00:00-04:00,4.858791878578943,4.950017993509126,4.791363716125488,4.791363716125488,1490500,0.0,0.0
2022-05-20 00:00:00-04:00,4.803261311092971,4.827059634987664,4.640640628974062,4.735833168029785,1074500,0.0,0.0
2022-05-23 00:00:00-04:00,4.783430043608727,4.858790712717844,4.739799844101016,4.823093414306641,766500,0.0,0.0
2022-05-24 00:00:00-04:00,4.827060579809084,4.842926006090446,4.692204267286704,4.831027030944824,879800,0.0,0.0
2022-05-25 00:00:00-04:00,4.819126533513508,4.894487574156039,4.807227561192612,4.862756729125977,765100,0.0,0.0
2022-05-26 00:00:00-04:00,4.902421211090182,5.033311071168837,4.890522236063467,4.989681243896484,989500,0.0,0.0
2022-05-27 00:00:00-04:00,5.0015795864381625,5.072974184093295,4.989680612916157,5.061075210571289,601900,0.0,0.0
2022-05-31 00:00:00-04:00,5.0610755687511775,5.088839968354636,5.021411816522031,5.049176216125488,873100,0.0,0.0
2022-06-01 00:00:00-04:00,5.061075850579967,5.084873800633397,4.91035411328239,4.989681243896484,952000,0.0,0.0
2022-06-02 00:00:00-04:00,4.989680052887367,5.005545475223197,4.930184813693381,4.997612953186035,678300,0.0,0.0
2022-06-03 00:00:00-04:00,4.977782192016862,4.989681166859867,4.918286561278659,4.926219463348389,842500,0.0,0.0
2022-06-06 00:00:00-04:00,4.961916867138686,4.973815842223894,4.906387686305052,4.910354137420654,594300,0.0,0.0
2022-06-07 00:00:00-04:00,4.898455119146056,4.9817487005313135,4.87069033984324,4.977782249450684,701800,0.0,0.0
2022-06-08 00:00:00-04:00,4.953983178568113,4.969848602250625,4.842925212790532,4.866723537445068,675400,0.0,0.0
2022-06-09 00:00:00-04:00,4.846892158936266,4.8825894604378295,4.767565032411445,4.771531105041504,723100,0.0,0.0
2022-06-10 00:00:00-04:00,4.755666183343036,4.759632634654703,4.652540718809396,4.692204475402832,1100200,0.0,0.0
2022-06-13 00:00:00-04:00,4.612877097565751,4.616843548668546,4.121048508667004,4.156745433807373,2168900,0.0,0.0
2022-06-14 00:00:00-04:00,4.160711315275301,4.184509640372295,3.9623933264260125,4.002057075500488,1330200,0.0,0.0
2022-06-15 00:00:00-04:00,4.013956784012171,4.093283918427113,3.898932344545103,4.021889686584473,2010000,0.0,0.0
2022-06-16 00:00:00-04:00,3.9306629556581227,3.954461283644262,3.768042245581209,3.795806646347046,1951300,0.0,0.0
2022-06-17 00:00:00-04:00,3.8077057223454456,3.902898270838691,3.7323446710921204,3.8711674213409424,3669200,0.0,0.0
2022-06-21 00:00:00-04:00,3.970326855379997,4.121048596130724,3.950494977706711,4.037755012512207,1448500,0.0,0.0
2022-06-22 00:00:00-04:00,4.021890143957172,4.148813573454916,3.9980918117955166,4.113116264343262,1322700,0.0,0.0
2022-06-23 00:00:00-04:00,4.121048330100743,4.220207333804463,4.105182904638612,4.216240882873535,1047200,0.0,0.0
2022-06-24 00:00:00-04:00,4.259870455674335,4.4383565761026285,4.247971481848864,4.394726753234863,1871900,0.0,0.0
2022-06-27 00:00:00-04:00,4.42249050502987,4.458187799549029,4.347129844137259,4.3590288162231445,1240100,0.0,0.0
2022-06-28 00:00:00-04:00,4.402660137856514,4.446289965513032,4.283669251756846,4.303501129150391,1397900,0.0,0.0
2022-06-29 00:00:00-04:00,4.246120100619231,4.262514371630492,4.188740347514942,4.209233283996582,940100,0.35,0.0
2022-06-30 00:00:00-04:00,4.143656355010274,4.278909206390381,4.123163806698982,4.278909206390381,1288000,0.0,0.0
2022-07-01 00:00:00-04:00,4.262514637040638,4.4674432328766365,4.262514637040638,4.442852020263672,1233900,0.0,0.0
2022-07-05 00:00:00-04:00,4.381373339324869,4.430556547776872,4.278909038312058,4.42645788192749,1220800,0.0,0.0
2022-07-06 00:00:00-04:00,4.4264577300238805,4.463344939661873,4.299401829145269,4.328092098236084,813100,0.0,0.0
2022-07-07 00:00:00-04:00,4.364978883316097,4.434654636345618,4.328092064833063,4.385471820831299,559100,0.0,0.0
2022-07-08 00:00:00-04:00,4.393668067033734,4.4223579379470035,4.344485263666624,4.401865005493164,584800,0.0,0.0
2022-07-11 00:00:00-04:00,4.4018665913152315,4.4346551387057485,4.336289496534198,4.35678243637085,506400,0.0,0.0
2022-07-12 00:00:00-04:00,4.348585329521151,4.418261094055609,4.3280927794924695,4.360881328582764,562900,0.0,0.0
2022-07-13 00:00:00-04:00,4.323994314316103,4.414163023944755,4.307600039008198,4.393670082092285,703600,0.0,0.0
2022-07-14 00:00:00-04:00,4.323993750763953,4.332190691914408,4.2215294457262775,4.278909206390381,809500,0.0,0.0
2022-07-15 00:00:00-04:00,4.360881102512243,4.39366964990276,4.237923854362647,4.35678243637085,1067700,0.0,0.0
2022-07-18 00:00:00-04:00,4.405964051026663,4.414161381064878,4.315795374957342,4.381372451782227,778900,0.0,0.0
2022-07-19 00:00:00-04:00,4.422359206575936,4.582203656525773,4.422359206575936,4.549415111541748,843700,0.0,0.0
2022-07-20 00:00:00-04:00,4.553513310387448,4.660076275239177,4.516626491049801,4.64368200302124,1215300,0.0,0.0
2022-07-21 00:00:00-04:00,4.606795221462322,4.680569648742676,4.578105340128992,4.680569648742676,1208300,0.0,0.0
2022-07-22 00:00:00-04:00,4.684668314896099,4.717456862382853,4.6354854936659695,4.680569648742676,977800,0.0,0.0
2022-07-25 00:00:00-04:00,4.660077691986628,4.742049077997088,4.660077691986628,4.737950801849365,657300,0.0,0.0
2022-07-26 00:00:00-04:00,4.705160250609766,4.766639062286466,4.655977435790565,4.696963310241699,1213900,0.0,0.0
2022-07-27 00:00:00-04:00,4.774836109842661,4.975666430117244,4.770737835001761,4.955173492431641,1271400,0.0,0.0
2022-07-28 00:00:00-04:00,4.959272386285307,5.217482084043451,4.959272386285307,5.1969895362854,1614600,0.0,0.0
2022-07-29 00:00:00-04:00,5.213383431828657,5.299453455144352,5.201087435019082,5.237974643707275,1045700,0.0,0.0
2022-08-01 00:00:00-04:00,5.221580749943179,5.266665293099596,5.1519049931289835,5.1969895362854,834600,0.0,0.0
2022-08-02 00:00:00-04:00,5.139609763964913,5.143708430165816,4.963371026029322,4.967469692230225,1154000,0.0,0.0
2022-08-03 00:00:00-04:00,5.028948582850321,5.045342857012517,4.979765369493404,5.016652584075928,687600,0.0,0.0
2022-08-04 00:00:00-04:00,5.041243761140981,5.074032306671143,4.983863611028052,5.074032306671143,611800,0.0,0.0
2022-08-05 00:00:00-04:00,5.037145414127187,5.160102663084701,4.996159534184576,5.11911678314209,807500,0.0,0.0
2022-08-08 00:00:00-04:00,5.139608806678766,5.246171762832246,5.139608806678766,5.205185890197754,942200,0.0,0.0
2022-08-09 00:00:00-04:00,5.205186023160097,5.205186023160097,5.110919060911141,5.188791751861572,708900,0.0,0.0
2022-08-10 00:00:00-04:00,5.2297773361206055,5.262565876903098,5.209284400413988,5.2297773361206055,1098100,0.0,0.0
2022-08-11 00:00:00-04:00,5.250270257679796,5.299453068721006,5.201087055768349,5.258467197418213,736500,0.0,0.0
2022-08-12 00:00:00-04:00,5.274862585847027,5.336341405832522,5.237975372029793,5.328144073486328,632300,0.0,0.0
2022-08-15 00:00:00-04:00,5.307650409211424,5.336340677637721,5.270763200427803,5.332242012023926,711500,0.0,0.0
2022-08-16 00:00:00-04:00,5.303551975250967,5.369129455325237,5.278960762234614,5.356833457946777,852200,0.0,0.0
2022-08-17 00:00:00-04:00,5.2830596400059875,5.295355247007516,5.172398004381337,5.2461724281311035,836200,0.0,0.0
2022-08-18 00:00:00-04:00,5.233876236287548,5.336340528548116,5.229777570788264,5.254368782043457,801400,0.0,0.0
2022-08-19 00:00:00-04:00,5.225679458855355,5.233876790722282,5.151905035534196,5.160102367401123,1995300,0.0,0.0
2022-08-22 00:00:00-04:00,5.090426850917021,5.102722458429003,5.024849756359365,5.041244029998779,710300,0.0,0.0
2022-08-23 00:00:00-04:00,5.041244080295512,5.143708389281721,5.041244080295512,5.11911678314209,683600,0.0,0.0
2022-08-24 00:00:00-04:00,5.143708389281721,5.151905330748051,5.086328235536129,5.11911678314209,569200,0.0,0.0
2022-08-25 00:00:00-04:00,5.135510720400366,5.237975022671796,5.127313779471205,5.1969895362854,785500,0.0,0.0
2022-08-26 00:00:00-04:00,5.213384032928698,5.233876972437213,5.090426786747913,5.106821060180664,728600,0.0,0.0
2022-08-29 00:00:00-04:00,5.061736397513581,5.0986232158793054,5.012553191285406,5.020750522613525,932200,0.0,0.0
2022-08-30 00:00:00-04:00,5.053538770045363,5.057637435469239,4.791230045971036,4.815821647644043,1434600,0.0,0.0
2022-08-31 00:00:00-04:00,4.795328521987546,4.9141870784934945,4.770737312156099,4.774835586547852,1060500,0.0,0.0
2022-09-01 00:00:00-04:00,4.774836043585982,4.783033374894585,4.602695994808006,4.660076141357422,1320500,0.0,0.0
2022-09-02 00:00:00-04:00,4.742048262194022,4.742048262194022,4.594499792758844,4.627288341522217,1173400,0.0,0.0
2022-09-06 00:00:00-04:00,4.508428587333531,4.561710062997355,4.381372700616684,4.479738712310791,1864100,0.0,0.0
2022-09-07 00:00:00-04:00,4.475640090965863,4.574005712754726,4.43875288507748,4.5658087730407715,922500,0.0,0.0
2022-09-08 00:00:00-04:00,4.524823305639898,4.561710514819968,4.475640490356562,4.537118911743164,677000,0.0,0.0
2022-09-09 00:00:00-04:00,4.557611134717316,4.6723710190554995,4.545315530541491,4.6641740798950195,783200,0.0,0.0
2022-09-12 00:00:00-04:00,4.709257917609477,4.766638051499294,4.705159252859451,4.762539386749268,973400,0.0,0.0
2022-09-13 00:00:00-04:00,4.643682105291376,4.672371984587046,4.516626590521729,4.541217803955078,1163300,0.0,0.0
2022-09-14 00:00:00-04:00,4.549414475176475,4.627287160903246,4.545315809909214,4.623188495635986,1154700,0.0,0.0
2022-09-15 00:00:00-04:00,4.627287198012534,4.684667339603643,4.557611451391272,4.586301326751709,1012900,0.0,0.0
2022-09-16 00:00:00-04:00,4.557612259759,4.586302140208059,4.463345286357629,4.5822038650512695,2698800,0.0,0.0
2022-09-19 00:00:00-04:00,4.541218146047917,4.660076728916902,4.524823872233929,4.651879787445068,1182800,0.0,0.0
2022-09-20 00:00:00-04:00,4.582204456053013,4.651880224019034,4.553514181033245,4.5945000648498535,743700,0.0,0.0
2022-09-21 00:00:00-04:00,4.643681986101059,4.66007625825926,4.528922080993652,4.528922080993652,846200,0.0,0.0
2022-09-22 00:00:00-04:00,4.528922149295286,4.533020815114219,4.328092214610996,4.34038782119751,1185700,0.0,0.0
2022-09-23 00:00:00-04:00,4.287105997415072,4.291204662908235,4.12316328639108,4.201035976409912,1575400,0.0,0.0
2022-09-26 00:00:00-04:00,4.180543070924651,4.217430278897116,3.885445798015188,3.8977417945861816,1800100,0.0,0.0
2022-09-27 00:00:00-04:00,3.9633200002607634,4.028897103702744,3.7419970807088965,3.787081241607666,1923000,0.0,0.0
2022-09-28 00:00:00-04:00,3.8403613208076894,3.930530000250996,3.795277176521148,3.877248525619507,1463700,0.0,0.0
2022-09-29 00:00:00-04:00,3.8176650810598156,3.8389453460021095,3.4899500562554575,3.558046579360962,2483900,0.35,0.0
2022-09-30 00:00:00-04:00,3.587839528777296,3.647423790461956,3.5154868631139164,3.532510995864868,2619600,0.0,0.0
2022-10-03 00:00:00-04:00,3.604863438094285,3.6346555670900615,3.3665251884661247,3.617631435394287,2578000,0.0,0.0
2022-10-04 00:00:00-04:00,3.7112645991256676,3.9453467292724556,3.6899843316782612,3.9325783252716064,2098800,0.0,0.0
2022-10-05 00:00:00-04:00,3.8517136023651406,3.8517136023651406,3.6389117503658217,3.8176653385162354,2244800,0.0,0.0
2022-10-06 00:00:00-04:00,3.7921286625133637,3.817665061490677,3.681471610090494,3.702751874923706,1971300,0.0,0.0
2022-10-07 00:00:00-04:00,3.664447177957237,3.770848087483272,3.583582665307844,3.604862928390503,2582200,0.0,0.0
2022-10-10 00:00:00-04:00,3.643166935294785,3.7197753060446086,3.5665581586577457,3.5793261528015137,1830100,0.0,0.0
2022-10-11 00:00:00-04:00,3.558046894567689,3.8219211479217376,3.5239986299986072,3.7708487510681152,2467200,0.0,0.0
2022-10-12 00:00:00-04:00,3.77084764333557,3.8729928129237545,3.6899831402107686,3.834688425064087,1745300,0.0,0.0
2022-10-13 00:00:00-04:00,3.7453125630092017,3.9879065370620914,3.6942401687816098,3.9793946743011475,1755200,0.0,0.0
2022-10-14 00:00:00-04:00,4.026210899045933,4.090051289801113,3.8644814491271973,3.8644814491271973,1365500,0.0,0.0
2022-10-17 00:00:00-04:00,3.9666259230519323,4.107075096317949,3.928321529272605,4.038978576660156,1414600,0.0,0.0
2022-10-18 00:00:00-04:00,4.136867999569678,4.200708391009835,3.983650410693606,4.034722805023193,1289600,0.0,0.0
2022-10-19 00:00:00-04:00,3.970881938934326,4.0304665948068745,3.9283214124700403,3.970881938934326,808000,0.0,0.0
2022-10-20 00:00:00-04:00,3.966625016459322,4.026209660485151,3.924064904344171,3.945345163345337,803700,0.0,0.0
2022-10-21 00:00:00-04:00,3.9836506356124164,4.047491436544365,3.919810240567801,4.0432353019714355,897100,0.0,0.0
2022-10-24 00:00:00-04:00,4.034722827823405,4.077283359615559,3.941090307300366,4.056003093719482,1081400,0.0,0.0
2022-10-25 00:00:00-04:00,4.460326105901104,4.88167403247846,4.349669464166557,4.788041114807129,3056800,0.0,0.0
2022-10-26 00:00:00-04:00,4.809321854750745,4.988075439867817,4.783785454353743,4.851881980895996,1623400,0.0,0.0
2022-10-27 00:00:00-04:00,4.894441729823722,4.95828211177087,4.766760560042175,4.817832946777344,1639300,0.0,0.0
2022-10-28 00:00:00-04:00,4.809320731650335,5.043402791390618,4.809320731650335,4.966794013977051,1571200,0.0,0.0
2022-10-31 00:00:00-04:00,4.9625386668541625,4.9625386668541625,4.783785095158962,4.79229736328125,1726300,0.0,0.0
2022-11-01 00:00:00-04:00,4.89018515571947,4.919977683047342,4.766760130753183,4.796552658081055,1110200,0.0,0.0
2022-11-02 00:00:00-04:00,4.79655314630159,4.919978183830781,4.70292023324547,4.715688228607178,1126700,0.0,0.0
2022-11-03 00:00:00-04:00,4.626312260497501,4.6433363925939455,4.490119203725946,4.562471866607666,1371700,0.0,0.0
2022-11-04 00:00:00-04:00,4.626311716621996,4.800809151568226,4.617799854518103,4.728456497192383,1273600,0.0,0.0
2022-11-07 00:00:00-05:00,4.7752735914796185,4.856138115276716,4.702920930556646,4.851881980895996,856900,0.0,0.0
2022-11-08 00:00:00-05:00,4.873161997608733,4.919978661626948,4.805065474550194,4.86039400100708,749700,0.0,0.0
2022-11-09 00:00:00-05:00,4.809321314004168,4.932746355956265,4.741224795118496,4.826345443725586,734800,0.0,0.0
2022-11-10 00:00:00-05:00,5.000842768132128,5.137035802997335,4.983818638773977,5.132780075073242,1690400,0.0,0.0
2022-11-11 00:00:00-05:00,5.145548076195162,5.290253378839861,5.098731415994077,5.196620464324951,887000,0.0,0.0
2022-11-14 00:00:00-05:00,5.196620523579061,5.200876657443556,5.039147223578152,5.094475746154785,898400,0.0,0.0
2022-11-15 00:00:00-05:00,5.200877119525038,5.243437244289519,5.064683664971713,5.137036323547363,631300,0.0,0.0
2022-11-16 00:00:00-05:00,5.12001207732581,5.12001207732581,4.958282632728211,5.005099296569824,849200,0.0,0.0
2022-11-17 00:00:00-05:00,4.949770655100268,4.9753066476128165,4.85188160143608,4.937002658843994,684200,0.0,0.0
2022-11-18 00:00:00-05:00,5.03063479127431,5.0731953167523764,4.945514146205428,5.047658920288086,787800,0.0,0.0
2022-11-21 00:00:00-05:00,5.022122955428564,5.073195342731427,4.983818563479604,5.068939208984375,670600,0.0,0.0
2022-11-22 00:00:00-05:00,5.0646832149905885,5.102987607996509,5.030634955849163,5.094475746154785,659900,0.0,0.0
2022-11-23 00:00:00-05:00,5.090220131918261,5.149804794442005,5.03914773799247,5.098731994628906,533600,0.0,0.0
2022-11-25 00:00:00-05:00,5.07745132595706,5.162571968938424,5.0646829250944245,5.124267578125,349800,0.0,0.0
2022-11-28 00:00:00-05:00,5.064683485595576,5.124268145220299,5.060427757390964,5.10724401473999,609300,0.0,0.0
2022-11-29 00:00:00-05:00,5.115756078453521,5.137035936287913,5.064683283166624,5.120011806488037,694300,0.0,0.0
2022-11-30 00:00:00-05:00,5.120012612811588,5.260461807250977,5.043404219591135,5.260461807250977,1306200,0.0,0.0
2022-12-01 00:00:00-05:00,5.260461605228682,5.307278272168758,5.17959708052168,5.2093892097473145,939500,0.0,0.0
2022-12-02 00:00:00-05:00,5.081707236326066,5.162572154480059,5.022122987041288,5.154059886932373,959700,0.0,0.0
2022-12-05 00:00:00-05:00,5.111499289521675,5.128523417140004,4.902953624725342,4.902953624725342,1107800,0.0,0.0
2022-12-06 00:00:00-05:00,4.9327457225321165,4.9412575833561645,4.771016308003022,4.800808429718018,1167300,0.0,0.0
2022-12-07 00:00:00-05:00,4.800809162766516,4.907210077580678,4.749736772362192,4.894442081451416,1018400,0.0,0.0
2022-12-08 00:00:00-05:00,4.902954263535966,5.00509904255448,4.89444199567412,4.975306510925293,806800,0.0,0.0
2022-12-09 00:00:00-05:00,4.928489323569297,4.992329696914422,4.9072090638251895,4.932745456695557,531700,0.0,0.0
2022-12-12 00:00:00-05:00,4.907210664981654,4.962539196014404,4.8391141362912915,4.962539196014404,646100,0.0,0.0
2022-12-13 00:00:00-05:00,5.213644529256765,5.234924792186284,5.0221229746656,5.026379108428955,906600,0.0,0.0
2022-12-14 00:00:00-05:00,5.009355068206787,5.0817073140322,4.971050675430987,5.009355068206787,905000,0.0,0.0
2022-12-15 00:00:00-05:00,4.9412581524322015,4.958282281928155,4.805065116464574,4.864649772644043,998400,0.0,0.0
2022-12-16 00:00:00-05:00,4.779528796959852,4.813577462392424,4.6986642820115785,4.745480537414551,3316200,0.0,0.0
2022-12-19 00:00:00-05:00,4.762504597950557,4.813577392413291,4.681640084177881,4.719944477081299,862400,0.0,0.0
2022-12-20 00:00:00-05:00,4.698665142059326,4.7156892749480885,4.613544477615512,4.698665142059326,876000,0.0,0.0
2022-12-21 00:00:00-05:00,4.766761078857942,4.9029545308623135,4.766761078857942,4.86039400100708,1256500,0.0,0.0
2022-12-22 00:00:00-05:00,4.805064977466652,4.856137364477123,4.732712327730007,4.839113235473633,1014100,0.0,0.0
2022-12-23 00:00:00-05:00,4.843369663579876,4.856137659636729,4.788041139483813,4.809321403503418,446300,0.0,0.0
2022-12-27 00:00:00-05:00,4.809321854750745,4.860394249657435,4.753993325463336,4.851881980895996,904700,0.0,0.0
2022-12-28 00:00:00-05:00,4.890185283756705,4.890185283756705,4.6390790939331055,4.6390790939331055,1252300,0.0,0.0
2022-12-29 00:00:00-05:00,4.674257822767734,4.7841886264470705,4.639079999138565,4.770997047424316,1004600,0.35,0.0
2022-12-30 00:00:00-05:00,4.722627281790611,4.762202438683993,4.665463212872697,4.731421947479248,931900,0.0,0.0
2023-01-03 00:00:00-05:00,4.801778138255526,4.88092846098755,4.74901139621844,4.784189224243164,1165100,0.0,0.0
2023-01-04 00:00:00-05:00,4.876529876358997,4.938090849929707,4.863338299072799,4.894118785858154,1014400,0.0,0.0
2023-01-05 00:00:00-05:00,4.8853243560875494,4.916105263704075,4.8237633795598995,4.872132778167725,544400,0.0,0.0
2023-01-06 00:00:00-05:00,4.911708475550046,4.973269878252063,4.885324897434112,4.924900054931641,683400,0.0,0.0
2023-01-09 00:00:00-05:00,4.968872541584682,4.982064120956305,4.8677359814615855,4.876530647277832,959300,0.0,0.0
2023-01-10 00:00:00-05:00,4.863339131400782,4.977666853035388,4.832558219994799,4.973269939422607,702300,0.0,0.0
2023-01-11 00:00:00-05:00,5.021639936263628,5.1667485864190885,5.021639936263628,5.12717342376709,830200,0.0,0.0
2023-01-12 00:00:00-05:00,5.193131153272231,5.245897886713735,5.131569754580782,5.21511697769165,745200,0.0,0.0
2023-01-13 00:00:00-05:00,5.184336900121864,5.188734233096377,5.083200757824581,5.162350654602051,912100,0.0,0.0
2023-01-17 00:00:00-05:00,5.149157816939214,5.219513449930442,5.10518533664337,5.131568908691406,884700,0.0,0.0
2023-01-18 00:00:00-05:00,5.16674895519724,5.184337871036564,5.056818126363256,5.070009708404541,636900,0.0,0.0
2023-01-19 00:00:00-05:00,4.995255593945631,5.056816995290061,4.96007777013531,5.052419662475586,724200,0.0,0.0
2023-01-20 00:00:00-05:00,5.0832005802656,5.153556227989236,5.012844513189225,5.144761562347412,679500,0.0,0.0
2023-01-23 00:00:00-05:00,5.153555645627083,5.263486437611049,5.1491583133030785,5.223911285400391,740800,0.0,0.0
2023-01-24 00:00:00-05:00,5.184337198175267,5.25469285240129,5.184337198175267,5.188734531402588,438700,0.0,0.0
2023-01-25 00:00:00-05:00,5.157953023701656,5.188733933392575,5.113980954554632,5.17554235458374,363100,0.0,0.0
2023-01-26 00:00:00-05:00,5.184337019021275,5.219514844918655,5.109584034151154,5.171145439147949,466400,0.0,0.0
2023-01-27 00:00:00-05:00,5.17554242434547,5.303062139490331,5.17554242434547,5.276678562164307,776400,0.0,0.0
2023-01-30 00:00:00-05:00,5.228308975566567,5.245897886713735,5.179939155397314,5.21511697769165,633900,0.0,0.0
2023-01-31 00:00:00-05:00,5.250294815864861,5.369020280981857,5.210720080178584,5.351431369781494,1135700,0.0,0.0
2023-02-01 00:00:00-05:00,5.320651414784734,5.465760051610431,5.3030625018165525,5.40419864654541,956800,0.0,0.0
2023-02-02 00:00:00-05:00,5.430581936974402,5.593279478118982,5.408595692094812,5.558101654052734,1214300,0.0,0.0
2023-02-03 00:00:00-05:00,5.470156793136595,5.606471178863385,5.452567880722114,5.571293354034424,1221600,0.0,0.0
2023-02-06 00:00:00-05:00,5.5053346619324826,5.527320486436899,5.360225620216457,5.395403861999512,825000,0.0,0.0
2023-02-07 00:00:00-05:00,5.377814237556283,5.456964543375656,5.342636417048273,5.412992477416992,968600,0.0,0.0
2023-02-08 00:00:00-05:00,5.364623425726872,5.39980125125798,5.276678861899106,5.307459354400635,952700,0.0,0.0
2023-02-09 00:00:00-05:00,5.267883737901567,5.399800781852016,4.924899759112576,4.942488670349121,1723500,0.0,0.0
2023-02-10 00:00:00-05:00,4.977666345804037,5.241500425912448,4.951283189404822,5.157952785491943,1550200,0.0,0.0
2023-02-13 00:00:00-05:00,5.149159194981616,5.228309512955658,5.122775615872681,5.219514846801758,1010800,0.0,0.0
2023-02-14 00:00:00-05:00,5.184336361243869,5.241500425912448,5.135966961610167,5.157952785491943,722000,0.0,0.0
2023-02-15 00:00:00-05:00,5.122775558361082,5.263487279774409,5.083200819171116,5.259089946746826,644200,0.0,0.0
2023-02-16 00:00:00-05:00,5.18433696268896,5.29866510528955,5.1623507169038065,5.259089946746826,714200,0.0,0.0
2023-02-17 00:00:00-05:00,5.267883775508601,5.267883775508601,5.201925462738866,5.263486862182617,569200,0.0,0.0
2023-02-21 00:00:00-05:00,5.1843367723985185,5.237103508734435,4.990858739166825,5.056817054748535,1087700,0.0,0.0
2023-02-22 00:00:00-05:00,5.096391627673965,5.201925088249215,5.096391627673965,5.140363693237305,863700,0.0,0.0
2023-02-23 00:00:00-05:00,5.1711447270049975,5.223911458584309,5.091994419959677,5.193130970001221,860200,0.0,0.0
2023-02-24 00:00:00-05:00,5.131570819238061,5.140365066959846,5.0172426633852165,5.0832014083862305,772700,0.0,0.0
2023-02-27 00:00:00-05:00,5.131569377624686,5.157952532731017,5.056816405902263,5.087596893310547,529800,0.0,0.0
2023-02-28 00:00:00-05:00,5.087597486285906,5.1183783966344905,5.048022329661111,5.052419662475586,746400,0.0,0.0
2023-03-01 00:00:00-05:00,5.048022685198844,5.052420018323027,4.929297626315262,4.9468865394592285,876400,0.0,0.0
2023-03-02 00:00:00-05:00,4.924900051208945,4.933694717025191,4.836955489810218,4.876530647277832,1260100,0.0,0.0
2023-03-03 00:00:00-05:00,4.933694959124808,5.034831104857974,4.894119799715216,4.990859031677246,619700,0.0,0.0
2023-03-06 00:00:00-05:00,5.012844137164963,5.061213955861193,4.955680492192031,4.9688720703125,961600,0.0,0.0
2023-03-07 00:00:00-05:00,4.990858912433901,5.012844738822588,4.924900175209566,4.93809175491333,678000,0.0,0.0
2023-03-08 00:00:00-05:00,4.929297201536206,4.938091447673967,4.797380154647941,4.858941555023193,834400,0.0,0.0
2023-03-09 00:00:00-05:00,4.867735841162153,4.894119418497709,4.621491076343062,4.634682655334473,1247200,0.0,0.0
2023-03-10 00:00:00-05:00,4.639079719466555,4.656668630220773,4.375245638800579,4.428012371063232,1732700,0.0,0.0
2023-03-13 00:00:00-04:00,4.370848716562575,4.458793697941712,4.1949595925098,4.41921854019165,1962000,0.0,0.0
2023-03-14 00:00:00-04:00,4.5819155353732235,4.63907959867417,4.3576566145816695,4.4587931632995605,1706400,0.0,0.0
2023-03-15 00:00:00-04:00,4.366451785666245,4.366451785666245,3.966303715517895,4.098220348358154,4770900,0.0,0.0
2023-03-16 00:00:00-04:00,4.111411464862452,4.247725401373373,3.9531108684592424,4.150986194610596,2291300,0.0,0.0
2023-03-17 00:00:00-04:00,4.111412524167503,4.133398351019121,3.9399203069966253,3.9531118869781494,3156400,0.0,0.0
2023-03-20 00:00:00-04:00,4.0234673660938745,4.1685759977003585,4.019070452524549,4.098220348358154,1578100,0.0,0.0
2023-03-21 00:00:00-04:00,4.2037541305785195,4.300492936189938,4.194959464966897,4.2257399559021,1392600,0.0,0.0
2023-03-22 00:00:00-04:00,4.221342715650544,4.230136961228616,4.0454531912093605,4.054247856140137,1255500,0.0,0.0
2023-03-23 00:00:00-04:00,4.08942583946968,4.129000994523526,3.9003447294802895,3.909139394760132,1532700,0.0,0.0
2023-03-24 00:00:00-04:00,3.913535798769732,4.036658580548936,3.825591254179349,4.019069671630859,1487100,0.0,0.0
2023-03-27 00:00:00-04:00,4.111411806177105,4.159781203897618,4.041055746739049,4.089425563812256,1286700,0.0,0.0
2023-03-28 00:00:00-04:00,4.067439380990619,4.15098659997686,4.041055805896033,4.093822956085205,1556900,0.0,0.0
2023-03-29 00:00:00-04:00,4.164178187724058,4.190561340871608,4.115808374699118,4.146589279174805,1384800,0.0,0.0
2023-03-30 00:00:00-04:00,4.192256901936541,4.219657029044123,4.091788753002014,4.142022609710693,1456500,0.35,0.0
2023-03-31 00:00:00-04:00,4.155723730770687,4.251625061035156,4.137456831459228,4.251625061035156,1648600,0.0,0.0
2023-04-03 00:00:00-04:00,4.256191698627088,4.31555923360794,4.173990864860511,4.219657897949219,1128000,0.0,0.0
2023-04-04 00:00:00-04:00,4.251625326805444,4.251625326805444,4.1191901896394985,4.169424057006836,1019900,0.0,0.0
2023-04-05 00:00:00-04:00,4.110056326781437,4.173990693095354,4.087222593418092,4.137456893920898,1295700,0.0,0.0
2023-04-06 00:00:00-04:00,4.169423172335444,4.196823299443026,4.119189315626764,4.142022609710693,985400,0.0,0.0
2023-04-10 00:00:00-04:00,4.142022848141151,4.169423412343181,3.918253243307145,4.073522090911865,2167100,0.0,0.0
2023-04-11 00:00:00-04:00,4.12375549633296,4.196823078801318,4.100921767932312,4.160289287567139,1238800,0.0,0.0
2023-04-12 00:00:00-04:00,4.205957741524046,4.2470583752859925,4.164857107762101,4.196824073791504,998900,0.0,0.0
2023-04-13 00:00:00-04:00,4.173990505560884,4.201390635952037,4.082655576211119,4.192257404327393,1335800,0.0,0.0
2023-04-14 00:00:00-04:00,4.2242243682894784,4.292725129784582,4.142023106081578,4.192257404327393,1379500,0.0,0.0
2023-04-17 00:00:00-04:00,4.1694227972234,4.3338248516295765,4.119188945034129,4.315557956695557,1372900,0.0,0.0
2023-04-18 00:00:00-04:00,4.301858235540298,4.315558298948036,4.205956920651801,4.256190776824951,849300,0.0,0.0
2023-04-19 00:00:00-04:00,4.224224185480029,4.384059869407776,4.210524120877342,4.3475260734558105,1199400,0.0,0.0
2023-04-20 00:00:00-04:00,4.301858788425202,4.365793151740247,4.288158723256698,4.329258918762207,1160900,0.0,0.0
2023-04-21 00:00:00-04:00,4.338392585886022,4.36122631817834,4.247058092233971,4.329258918762207,903800,0.0,0.0
2023-04-24 00:00:00-04:00,4.320125392993644,4.338392290480241,4.219657239058762,4.274457931518555,1105500,0.0,0.0
2023-04-25 00:00:00-04:00,4.251625300180297,4.260758532591136,4.1694240308964625,4.219657897949219,3179300,0.0,0.0
2023-04-26 00:00:00-04:00,4.2470578030472526,4.461694175152667,4.228790905560655,4.274457931518555,3452800,0.0,0.0
2023-04-27 00:00:00-04:00,4.338392162322998,4.571295425034987,4.338392162322998,4.566728591918945,1251000,0.0,0.0
2023-04-28 00:00:00-04:00,4.539328319870567,4.626096412571534,4.516495023860296,4.621529579162598,1673900,0.0,0.0
2023-05-01 00:00:00-04:00,4.621529599386725,4.7265645906658715,4.534761941823261,4.571295738220215,1419300,0.0,0.0
2023-05-02 00:00:00-04:00,4.5438954369287,4.566729169881555,4.288158847304984,4.388626575469971,1340000,0.0,0.0
2023-05-03 00:00:00-04:00,4.4068934747288075,4.534762205057898,4.374926509905151,4.388626575469971,1213500,0.0,0.0
2023-05-04 00:00:00-04:00,4.333825890178106,4.379493356215371,4.215090826895005,4.251625061035156,1328400,0.0,0.0
2023-05-05 00:00:00-04:00,4.338392406709219,4.416026831986445,4.292724944010662,4.3475260734558105,1251200,0.0,0.0
2023-05-08 00:00:00-04:00,4.3977598773292375,4.3977598773292375,4.279024824257087,4.3612260818481445,868100,0.0,0.0
2023-05-09 00:00:00-04:00,4.315558489151936,4.352092283527538,4.265324630764779,4.301858425140381,747500,0.0,0.0
2023-05-10 00:00:00-04:00,4.384059904719671,4.402326802842786,4.2516247844477855,4.2835917472839355,810300,0.0,0.0
2023-05-11 00:00:00-04:00,4.28359092359622,4.397759123791694,4.247057134375038,4.393192291259766,1062100,0.0,0.0
2023-05-12 00:00:00-04:00,4.402326747751123,4.406893145586853,4.338392387361706,4.397759914398193,778700,0.0,0.0
2023-05-15 00:00:00-04:00,4.39775964020396,4.475394060294567,4.365792679760947,4.429726600646973,823900,0.0,0.0
2023-05-16 00:00:00-04:00,4.402326968936428,4.4342939329786475,4.365793171311829,4.379493236541748,558700,0.0,0.0
2023-05-17 00:00:00-04:00,4.438860472518937,4.566728755734695,4.393193010754713,4.562161922454834,1176400,0.0,0.0
2023-05-18 00:00:00-04:00,4.539328264718482,4.6397964209083815,4.516494968985632,4.635229587554932,1023500,0.0,0.0
2023-05-19 00:00:00-04:00,4.667197099260414,4.685463997602213,4.5438952088153615,4.607829570770264,1268100,0.0,0.0
2023-05-22 00:00:00-04:00,4.612397491602385,4.671764598571052,4.5758636863059845,4.653497695922852,727600,0.0,0.0
2023-05-23 00:00:00-04:00,4.648929013141271,4.79506416253889,4.648929013141271,4.676329135894775,1315700,0.0,0.0
2023-05-24 00:00:00-04:00,4.662630974219815,4.690031543654267,4.543895899199315,4.589563369750977,930300,0.0,0.0
2023-05-25 00:00:00-04:00,4.562162164418224,4.589562730033441,4.470827671562861,4.493661403656006,1000300,0.0,0.0
2023-05-26 00:00:00-04:00,4.525628040318704,4.662629987462548,4.470827348564603,4.639796257019043,877800,0.0,0.0
2023-05-30 00:00:00-04:00,4.63979618741627,4.712863775325632,4.621529290438929,4.667196750640869,862000,0.0,0.0
2023-05-31 00:00:00-04:00,4.6123964042350165,4.667197099260414,4.56216210715716,4.607829570770264,1260900,0.0,0.0
2023-06-01 00:00:00-04:00,4.630663086646808,4.749397702573247,4.553028663434988,4.726564407348633,995600,0.0,0.0
2023-06-02 00:00:00-04:00,4.804199335898517,4.927500798046434,4.758531869611297,4.900100231170654,1021900,0.0,0.0
2023-06-05 00:00:00-04:00,4.900099083813583,4.900099083813583,4.776797650536668,4.817898273468018,792000,0.0,0.0
2023-06-06 00:00:00-04:00,4.799632393719362,5.014268348074815,4.799632393719362,4.9914350509643555,1549500,0.0,0.0
2023-06-07 00:00:00-04:00,5.00513556745365,5.096470070679266,4.977734998727334,5.0416693687438965,1046500,0.0,0.0
2023-06-08 00:00:00-04:00,5.0234020153327785,5.041668914331482,4.950334419337968,4.9914350509643555,975500,0.0,0.0
2023-06-09 00:00:00-04:00,4.982300869488653,5.009701432917338,4.913800114192711,4.954900741577148,602600,0.0,0.0
2023-06-12 00:00:00-04:00,4.945766721878291,5.07363499253566,4.945766721878291,5.064501762390137,754900,0.0,0.0
2023-06-13 00:00:00-04:00,5.078202905777197,5.137570438663826,5.059936006082638,5.123870372772217,799000,0.0,0.0
2023-06-14 00:00:00-04:00,5.146703162072319,5.196937018137307,5.064501910768554,5.110168933868408,876200,0.0,0.0
2023-06-15 00:00:00-04:00,5.091902819829387,5.2243379475450675,5.087336421679848,5.21520471572876,1072800,0.0,0.0
2023-06-16 00:00:00-04:00,5.228904321595319,5.233471154860667,5.110169269799432,5.164970397949219,2297500,0.0,0.0
2023-06-20 00:00:00-04:00,5.164970304186537,5.201504098611715,5.110169177031585,5.142136573791504,987900,0.0,0.0
2023-06-21 00:00:00-04:00,5.142136667139672,5.215204257316468,5.110169269799432,5.164970397949219,693300,0.0,0.0
2023-06-22 00:00:00-04:00,5.123870531110905,5.160404331628998,5.014268694039372,5.032536029815674,1008600,0.0,0.0
2023-06-23 00:00:00-04:00,4.982301496280756,4.9960015619600275,4.863566432347772,4.900100231170654,2555500,0.0,0.0
2023-06-26 00:00:00-04:00,4.909233551398828,5.069069236581486,4.909233551398828,5.059935569763184,1132500,0.0,0.0
2023-06-27 00:00:00-04:00,5.078202559914817,5.196937617601358,5.018835031071547,5.183237552642822,1024900,0.0,0.0
2023-06-28 00:00:00-04:00,5.151270204076284,5.233471465665534,5.105603175262313,5.206070899963379,1205600,0.0,0.0
2023-06-29 00:00:00-04:00,5.210782333966548,5.33327777507815,5.1825138787488845,5.319143772125244,940100,0.35,0.0
2023-06-30 00:00:00-04:00,5.375679679295464,5.385102646500951,5.295586255296048,5.333277225494385,1026500,0.0,0.0
2023-07-03 00:00:00-04:00,5.295586541469935,5.347411965277151,5.262607053092128,5.309720993041992,545500,0.0,0.0
2023-07-05 00:00:00-04:00,5.2814532530325895,5.30029874169726,5.215493818050298,5.253184795379639,890600,0.0,0.0
2023-07-06 00:00:00-04:00,5.18251390297397,5.187225387084246,5.050595493069225,5.173090934753418,943300,0.0,0.0
2023-07-07 00:00:00-04:00,5.18251447732938,5.319144386486496,5.173091508064521,5.191937446594238,1249100,0.0,0.0
2023-07-10 00:00:00-04:00,5.210782332388102,5.366257712758523,5.182513877179001,5.352123260498047,1285200,0.0,0.0
2023-07-11 00:00:00-04:00,5.3709680451106525,5.484041401847308,5.3709680451106525,5.474618434906006,919800,0.0,0.0
2023-07-12 00:00:00-04:00,5.559424386833896,5.597115363071804,5.418083001285805,5.427505970001221,1879100,0.0,0.0
2023-07-13 00:00:00-04:00,5.451062959361947,5.526444918284717,5.41337197990056,5.493465423583984,1513000,0.0,0.0
2023-07-14 00:00:00-04:00,5.507598283988355,5.540578221147255,5.441639308294203,5.535866737365723,1045000,0.0,0.0
2023-07-17 00:00:00-04:00,5.521733351095189,5.582981299149766,5.479330890956491,5.573558330535889,781600,0.0,0.0
2023-07-18 00:00:00-04:00,5.578269763357184,5.691342689808835,5.564135759878695,5.653651714324951,835100,0.0,0.0
2023-07-19 00:00:00-04:00,5.696053837806111,5.747878813708999,5.66778538320609,5.691342353820801,846300,0.0,0.0
2023-07-20 00:00:00-04:00,5.658362914051795,5.681919884872603,5.517021538438794,5.545289993286133,954400,0.0,0.0
2023-07-21 00:00:00-04:00,5.582981968680528,5.597115973984469,5.422795077529441,5.432217597961426,847300,0.0,0.0
2023-07-24 00:00:00-04:00,5.436928628775224,5.521733552140348,5.403949136049627,5.4651970863342285,1054500,0.0,0.0
2023-07-25 00:00:00-04:00,5.413372039794922,5.4510630196733265,5.342701564850895,5.413372039794922,842200,0.0,0.0
2023-07-26 00:00:00-04:00,5.4275051634169795,5.5123096226934996,5.422793679759447,5.498175621032715,693100,0.0,0.0
2023-07-27 00:00:00-04:00,5.521732778836408,5.54528974861784,5.399236895422426,5.422793865203857,745600,0.0,0.0
2023-07-28 00:00:00-04:00,5.4746197560872325,5.606538179918567,5.422794773338613,5.601827144622803,1268700,0.0,0.0
2023-07-31 00:00:00-04:00,5.615960864823696,5.630094868619252,5.507598970892751,5.55942440032959,1239500,0.0,0.0
2023-08-01 00:00:00-04:00,5.229627875405721,5.300298340217207,4.75377876102693,4.961079120635986,3787600,0.0,0.0
2023-08-02 00:00:00-04:00,4.951656341552734,5.036460805009196,4.880985431141878,4.951656341552734,1591700,0.0,0.0
2023-08-03 00:00:00-04:00,4.942234257212531,4.965791231560364,4.843295324401165,4.932811737060547,1209200,0.0,0.0
2023-08-04 00:00:00-04:00,4.994059295965815,5.1306891972112565,4.9705023234796615,5.050595760345459,1010400,0.0,0.0
2023-08-07 00:00:00-04:00,5.036460288895316,5.116553709566238,5.031749254800158,5.097708225250244,723600,0.0,0.0
2023-08-08 00:00:00-04:00,5.027038312843711,5.102420258226902,4.96579036989191,5.0835747718811035,498500,0.0,0.0
2023-08-09 00:00:00-04:00,5.1118432988849225,5.1542453067831975,5.060017873711738,5.069440841674805,786600,0.0,0.0
2023-08-10 00:00:00-04:00,5.078864097595215,5.158957539660616,5.012905109526232,5.078864097595215,605700,0.0,0.0
2023-08-11 00:00:00-04:00,5.055306246019406,5.102420185871715,5.055306246019406,5.0647292137146,477500,0.0,0.0
2023-08-14 00:00:00-04:00,5.064730509694676,5.069441994747863,4.998771066885887,5.027039527893066,860600,0.0,0.0
2023-08-15 00:00:00-04:00,4.975213837133337,4.994059325370847,4.885697431021253,4.9375224113464355,759100,0.0,0.0
2023-08-16 00:00:00-04:00,4.928099562586095,4.9752135046876385,4.871563101651352,4.876274585723877,580700,0.0,0.0
2023-08-17 00:00:00-04:00,4.852717926143606,4.909254390707128,4.786758492830226,4.805603981018066,835600,0.0,0.0
2023-08-18 00:00:00-04:00,4.739645331899102,4.810315805268799,4.683108414029052,4.767913341522217,1132100,0.0,0.0
2023-08-21 00:00:00-04:00,4.758490683303745,4.772624687705064,4.683108278102281,4.730222225189209,771100,0.0,0.0
2023-08-22 00:00:00-04:00,4.763201644073182,4.810315590423315,4.725510666717833,4.744356155395508,531000,0.0,0.0
2023-08-23 00:00:00-04:00,4.772624182687592,4.885697104557075,4.744355727564296,4.876274585723877,476600,0.0,0.0
2023-08-24 00:00:00-04:00,4.84800653546256,4.932811458602744,4.824449562444522,4.857429504394531,552400,0.0,0.0
2023-08-25 00:00:00-04:00,4.876274988693594,4.942233973912308,4.805604069701115,4.890408992767334,432400,0.0,0.0
2023-08-28 00:00:00-04:00,4.913966647995359,5.064730577211601,4.913966647995359,5.04588508605957,578000,0.0,0.0
2023-08-29 00:00:00-04:00,5.045883684455463,5.196647571793751,5.022326714730899,5.177802085876465,680500,0.0,0.0
2023-08-30 00:00:00-04:00,5.163668299626137,5.196647789032091,5.135399844912572,5.168379783630371,596300,0.0,0.0
2023-08-31 00:00:00-04:00,5.173090122264661,5.206070056544889,5.140110637296217,5.144822120666504,737700,0.0,0.0
2023-09-01 00:00:00-04:00,5.182513714412156,5.215493203360445,5.125977255081445,5.149534225463867,543400,0.0,0.0
2023-09-05 00:00:00-04:00,5.102420449674935,5.116554452636646,5.017615533280961,5.041172504425049,660900,0.0,0.0
2023-09-06 00:00:00-04:00,5.022327983392131,5.069441934742442,4.946946020681185,4.97521448135376,545600,0.0,0.0
2023-09-07 00:00:00-04:00,4.951656957539746,5.008193423314477,4.932811468948168,4.9893479347229,698000,0.0,0.0
2023-09-08 00:00:00-04:00,4.984635428947216,5.069440334889618,4.975212911237948,5.0364603996276855,461400,0.0,0.0
2023-09-11 00:00:00-04:00,5.045883727636042,5.083574699793157,5.003481271631329,5.0647292137146,731700,0.0,0.0
2023-09-12 00:00:00-04:00,5.017615273799184,5.08828618357676,5.0034812715684005,5.031749725341797,611200,0.0,0.0
2023-09-13 00:00:00-04:00,5.041172288898953,5.060017775146148,4.932810855305539,4.951656341552734,1136700,0.0,0.0
2023-09-14 00:00:00-04:00,5.0411717723022615,5.130688159787075,5.022326287986267,5.097708225250244,986400,0.0,0.0
2023-09-15 00:00:00-04:00,5.05530741315296,5.19664881602996,5.04117340765884,5.187226295471191,2261700,0.0,0.0
2023-09-18 00:00:00-04:00,5.182514653083393,5.187226137875602,5.102421208863515,5.116555213928223,836200,0.0,0.0
2023-09-19 00:00:00-04:00,5.144823673369558,5.196648658148101,5.097709724071305,5.116555213928223,675300,0.0,0.0
2023-09-20 00:00:00-04:00,5.140112541819722,5.158958032971752,5.04588508605957,5.04588508605957,723000,0.0,0.0
2023-09-21 00:00:00-04:00,4.994059039945302,5.0081930429876635,4.815026687265256,4.829160690307617,844700,0.0,0.0
2023-09-22 00:00:00-04:00,4.862140535307965,4.9328114543004435,4.843295046772348,4.890408992767334,779200,0.0,0.0
2023-09-25 00:00:00-04:00,4.85742829678202,4.932810232249418,4.852716813487364,4.913964748382568,622900,0.0,0.0
2023-09-26 00:00:00-04:00,4.85271692276001,4.904541892232887,4.83858292186955,4.85271692276001,962600,0.0,0.0
2023-09-27 00:00:00-04:00,4.899831516652735,4.932811458602744,4.829161046910507,4.857429504394531,1409600,0.0,0.0
2023-09-28 00:00:00-04:00,4.87206058726838,5.003738126703156,4.847675806065531,4.96959924697876,1122000,0.35,0.0
2023-09-29 00:00:00-04:00,4.998860368619126,5.02812219493351,4.911075354776925,4.940337181091309,885100,0.0,0.0
2023-10-02 00:00:00-04:00,4.930582900212124,4.930582900212124,4.74525924739641,4.798905849456787,1050600,0.0,0.0
2023-10-03 00:00:00-04:00,4.755013266888122,4.794028723151951,4.633089849788426,4.730628490447998,1259200,0.0,0.0
2023-10-04 00:00:00-04:00,4.711121333286551,4.73550611268202,4.574567219813298,4.681859970092773,871700,0.0,0.0
2023-10-05 00:00:00-04:00,4.647720796519423,4.867182866881862,4.647720796519423,4.823290824890137,1136400,0.0,0.0
2023-10-06 00:00:00-04:00,4.76476842860003,4.88669187295396,4.755014329803222,4.803783893585205,715300,0.0,0.0
2023-10-09 00:00:00-04:00,4.794028475863816,4.940336661856689,4.779397796794799,4.935459613800049,938500,0.0,0.0
2023-10-10 00:00:00-04:00,4.950091122904223,4.984229999924231,4.920829759859622,4.979352951049805,755300,0.0,0.0
2023-10-11 00:00:00-04:00,5.013490950731033,5.1256607401147125,4.9988602704117495,5.1061530113220215,781600,0.0,0.0
2023-10-12 00:00:00-04:00,5.086645248532769,5.096398880313456,4.998860237001899,5.042752742767334,620100,0.0,0.0
2023-10-13 00:00:00-04:00,5.086645221407954,5.111029533280108,4.901321567553776,4.9208292961120605,758000,0.0,0.0
2023-10-16 00:00:00-04:00,4.9647222280293555,4.993983590829373,4.881814258261013,4.974475860595703,1084100,0.0,0.0
2023-10-17 00:00:00-04:00,4.9257059827876715,5.003736891290297,4.911074838617753,4.935459613800049,967700,0.0,0.0
2023-10-18 00:00:00-04:00,4.9013224720990545,4.906199521413925,4.789152663362131,4.794029712677002,801600,0.0,0.0
2023-10-19 00:00:00-04:00,4.8037829437867465,4.83304430418959,4.6818595235393765,4.686736106872559,968400,0.0,0.0
2023-10-20 00:00:00-04:00,4.6964902542486495,4.73062866345275,4.633090019226074,4.633090019226074,1239000,0.0,0.0
2023-10-23 00:00:00-04:00,4.608705208075764,4.633089985228734,4.520920661466384,4.569689750671387,917400,0.0,0.0
2023-10-24 00:00:00-04:00,4.589197429733542,4.681859488892343,4.579443798038419,4.623335838317871,753200,0.0,0.0
2023-10-25 00:00:00-04:00,4.584320597151051,4.6330901532253845,4.501412630885257,4.530674457550049,650800,0.0,0.0
2023-10-26 00:00:00-04:00,4.540428073015045,4.647720340832139,4.540428073015045,4.589197158813477,664400,0.0,0.0
2023-10-27 00:00:00-04:00,4.608705049788712,4.628212777820903,4.496535729878844,4.550181865692139,743200,0.0,0.0
2023-10-30 00:00:00-04:00,4.628212886715899,4.652597663605107,4.535551292658032,4.623335838317871,854000,0.0,0.0
2023-10-31 00:00:00-04:00,4.725751047986712,4.94521355254255,4.725751047986712,4.857428550720215,1123400,0.0,0.0
2023-11-01 00:00:00-04:00,4.833044166327965,4.9647216796875,4.789151661874787,4.9647216796875,993000,0.0,0.0
2023-11-02 00:00:00-04:00,5.042752461006487,5.135414050699819,5.032998364669867,5.125660419464111,851700,0.0,0.0
2023-11-03 00:00:00-04:00,5.267091466222376,5.3012298725867675,5.218321915615327,5.23295259475708,884400,0.0,0.0
2023-11-06 00:00:00-05:00,5.203691243730659,5.218321922892816,5.106152607481438,5.115906238555908,583000,0.0,0.0
2023-11-07 00:00:00-05:00,5.111029594694488,5.1451684689074035,5.072014137109106,5.1061530113220215,530600,0.0,0.0
2023-11-08 00:00:00-05:00,5.096399420005284,5.120784199690675,5.032999178863661,5.111030101776123,554200,0.0,0.0
2023-11-09 00:00:00-05:00,5.154922309465545,5.169553455478155,5.008614570147131,5.013491153717041,442200,0.0,0.0
2023-11-10 00:00:00-05:00,5.062261145947191,5.091522510289098,5.018368634333327,5.067138195037842,504400,0.0,0.0
2023-11-13 00:00:00-05:00,5.023245178948476,5.0476299568518135,4.989106303843421,5.003737449645996,449300,0.0,0.0
2023-11-14 00:00:00-05:00,5.208568607868459,5.281722473219043,5.198814511101217,5.271968841552734,835800,0.0,0.0
2023-11-15 00:00:00-05:00,5.237830624351546,5.315861547864263,5.213445844478574,5.296353816986084,732700,0.0,0.0
2023-11-16 00:00:00-05:00,5.281722721148169,5.306107499109987,5.179307025789301,5.1841840744018555,566400,0.0,0.0
2023-11-17 00:00:00-05:00,5.242706890491734,5.276845298155664,5.189060754862569,5.25733757019043,701400,0.0,0.0
2023-11-20 00:00:00-05:00,5.2427077293396,5.257338411379245,5.193938169072786,5.2427077293396,491300,0.0,0.0
2023-11-21 00:00:00-05:00,5.1988153870129405,5.242707899658805,5.189061753703311,5.203692436218262,424800,0.0,0.0
2023-11-22 00:00:00-05:00,5.242706690918851,5.2622144181414905,5.203691236473574,5.23295259475708,371400,0.0,0.0
2023-11-24 00:00:00-05:00,5.237830089870604,5.247584186864858,5.198814632095478,5.228076457977295,209900,0.0,0.0
2023-11-27 00:00:00-05:00,5.218323118733212,5.218323118733212,5.174430606087348,5.203692436218262,465900,0.0,0.0
2023-11-28 00:00:00-05:00,5.193938225692159,5.208569372992296,5.135415031794617,5.189061641693115,461200,0.0,0.0
2023-11-29 00:00:00-05:00,5.2427068179203555,5.310984097404019,5.203691362529951,5.247583866119385,898200,0.0,0.0
2023-11-30 00:00:00-05:00,5.2622146184569685,5.271968714990047,5.2134450659934215,5.25733757019043,866000,0.0,0.0
2023-12-01 00:00:00-05:00,5.242707223950119,5.42315383538094,5.213445397590631,5.418276786804199,929900,0.0,0.0
2023-12-04 00:00:00-05:00,5.36950746242969,5.46216905584641,5.36950746242969,5.447538375854492,758400,0.0,0.0
2023-12-05 00:00:00-05:00,5.4475385406256525,5.457292172548304,5.389015353786905,5.408523082733154,623100,0.0,0.0
2023-12-06 00:00:00-05:00,5.442661915048868,5.501185106435298,5.257338243108013,5.2817230224609375,863800,0.0,0.0
2023-12-07 00:00:00-05:00,5.306108174860018,5.398769784794533,5.262215661959085,5.389016151428223,723800,0.0,0.0
2023-12-08 00:00:00-05:00,5.379261094057325,5.457292007482127,5.354876317336841,5.447538375854492,623500,0.0,0.0
2023-12-11 00:00:00-05:00,5.423153704798778,5.540200077216514,5.423153704798778,5.520692348480225,815600,0.0,0.0
2023-12-12 00:00:00-05:00,5.5109387086534944,5.598723255288749,5.467046202785397,5.5792155265808105,694100,0.0,0.0
2023-12-13 00:00:00-05:00,5.6036000512402,5.803554377761773,5.525569139924553,5.784046649932861,1117600,0.0,0.0
2023-12-14 00:00:00-05:00,5.891339334567282,6.042524572758899,5.8572009274373,6.013262748718262,1431400,0.0,0.0
2023-12-15 00:00:00-05:00,6.018139881027371,6.018139881027371,5.852323961048191,5.905970096588135,5055400,0.0,0.0
2023-12-18 00:00:00-05:00,5.944985917736314,5.974247743983917,5.8913397789001465,5.8913397789001465,708800,0.0,0.0
2023-12-19 00:00:00-05:00,5.935232503023899,6.057155930834413,5.905970675704951,6.0376482009887695,990200,0.0,0.0
2023-12-20 00:00:00-05:00,6.008386101953071,6.149817253213299,5.944985866546631,5.944985866546631,967100,0.0,0.0
2023-12-21 00:00:00-05:00,6.023016995829452,6.096170860110407,5.998632219368825,6.091293811798096,855400,0.0,0.0
2023-12-22 00:00:00-05:00,6.120555594192868,6.174201729954065,6.052278313596044,6.086416721343994,653700,0.0,0.0
2023-12-26 00:00:00-05:00,6.105924717533842,6.213216985595916,6.105924717533842,6.179078578948975,640200,0.0,0.0
2023-12-27 00:00:00-05:00,6.179078899202039,6.203463675971215,6.135186394037708,6.159571170806885,780000,0.0,0.0
2023-12-28 00:00:00-05:00,6.114427548338651,6.144523383551525,6.054236356269974,6.079316139221191,735000,0.35,0.0
2023-12-29 00:00:00-05:00,6.029157092955389,6.049220823782317,5.878678872574889,5.8887104988098145,1172000,0.0,0.0
2024-01-02 00:00:00-05:00,5.82852036855527,5.888711572005678,5.788392899588331,5.838552474975586,666700,0.0,0.0
2024-01-03 00:00:00-05:00,5.768327618809768,5.793407399780348,5.657976869553438,5.723184108734131,828000,0.0,0.0
2024-01-04 00:00:00-05:00,5.7432478378391885,5.803439025154359,5.703120379629074,5.723184108734131,655700,0.0,0.0
2024-01-05 00:00:00-05:00,5.703120744379555,5.8385512832681,5.683057013991295,5.773344039916992,729700,0.0,0.0
2024-01-08 00:00:00-05:00,5.798424020415668,5.9037587281388,5.763312132269903,5.89874267578125,676400,0.0,0.0
2024-01-09 00:00:00-05:00,5.8335358886777104,5.878679406729445,5.818488208779506,5.863631248474121,447400,0.0,0.0
2024-01-10 00:00:00-05:00,5.868647471209706,5.968966137365307,5.868647471209706,5.95391845703125,810400,0.0,0.0
2024-01-11 00:00:00-05:00,5.9087741737341215,5.938870008868316,5.798423894408573,5.913790225982666,800600,0.0,0.0
2024-01-12 00:00:00-05:00,5.989029283794525,6.019125119870997,5.843567112531926,5.873662948608398,587400,0.0,0.0
2024-01-16 00:00:00-05:00,5.818487944477814,5.818487944477814,5.708137180736991,5.728200912475586,748600,0.0,0.0
2024-01-17 00:00:00-05:00,5.668009773997992,5.7783605388434545,5.597786473031408,5.703121185302734,1109700,0.0,0.0
2024-01-18 00:00:00-05:00,5.7332179387861615,5.808456825995939,5.698106043512044,5.798425197601318,1089800,0.0,0.0
2024-01-19 00:00:00-05:00,5.8235031808272755,5.883694372551412,5.733216632419605,5.878678798675537,602100,0.0,0.0
2024-01-22 00:00:00-05:00,5.908774358733379,5.9639499784807315,5.838551538483419,5.873662948608398,650900,0.0,0.0
2024-01-23 00:00:00-05:00,5.913790411138972,5.9388701948098515,5.848583164937519,5.873662948608398,580300,0.0,0.0
2024-01-24 00:00:00-05:00,5.958933816507033,5.968965442776679,5.76331208149961,5.793407917022705,758200,0.0,0.0
2024-01-25 00:00:00-05:00,5.893727625215837,5.918807412909464,5.773345218315019,5.838552474975586,568700,0.0,0.0
2024-01-26 00:00:00-05:00,5.888711249615726,5.93887082225689,5.873663569166232,5.8937273025512695,554500,0.0,0.0
2024-01-29 00:00:00-05:00,5.8786792493530005,6.004077694647647,5.8786792493530005,5.973981857299805,593500,0.0,0.0
2024-01-30 00:00:00-05:00,5.948901599333649,5.953917651552113,5.838551320669854,5.84356689453125,474100,0.0,0.0
2024-01-31 00:00:00-05:00,5.828519084618402,5.828519084618402,5.587754323853697,5.597785949707031,861700,0.0,0.0
2024-02-01 00:00:00-05:00,5.607817221991529,5.683056078979467,5.502482535194224,5.678040027618408,1077100,0.0,0.0
2024-02-02 00:00:00-05:00,5.5927701542670105,5.617849937586901,5.507499177993631,5.567690849304199,908700,0.0,0.0
2024-02-05 00:00:00-05:00,5.512514866117354,5.5676904814470785,5.397148540168018,5.517530918121338,897100,0.0,0.0
2024-02-06 00:00:00-05:00,5.512515760419169,5.567691384700098,5.472388294591471,5.542611598968506,938700,0.0,0.0
2024-02-07 00:00:00-05:00,5.56769033684756,5.602801743249465,5.196510630262564,5.271749973297119,2028300,0.0,0.0
2024-02-08 00:00:00-05:00,5.251685816485139,5.372068181508576,5.221589986050782,5.341972351074219,1135800,0.0,0.0
2024-02-09 00:00:00-05:00,5.357021076902314,5.3921324841902285,5.311877565613827,5.387116432189941,979600,0.0,0.0
2024-02-12 00:00:00-05:00,5.387116615104483,5.507498997056556,5.37206893694974,5.47740364074707,796000,0.0,0.0
2024-02-13 00:00:00-05:00,5.281782424514861,5.377085511588236,5.23663890730717,5.286798477172852,1137000,0.0,0.0
2024-02-14 00:00:00-05:00,5.37708555618972,5.412196968372671,5.341973665649655,5.3921332359313965,738500,0.0,0.0
2024-02-15 00:00:00-05:00,5.442292592808901,5.587754766893525,5.417212808651462,5.527563571929932,985900,0.0,0.0
2024-02-16 00:00:00-05:00,5.457339910421725,5.527563205738966,5.40216477161629,5.47740364074707,718200,0.0,0.0
2024-02-20 00:00:00-05:00,5.4272450801113665,5.492452335325144,5.402165771331351,5.452324867248535,787300,0.0,0.0
2024-02-21 00:00:00-05:00,5.447308526158566,5.477404364803475,5.387117327225872,5.412197113037109,779600,0.0,0.0
2024-02-22 00:00:00-05:00,5.392132576493398,5.4372760885546585,5.367052794419692,5.432260036468506,878600,0.0,0.0
2024-02-23 00:00:00-05:00,5.442291705927982,5.532578244481646,5.4071798224865955,5.502482891082764,775500,0.0,0.0
2024-02-26 00:00:00-05:00,5.487436282226279,5.54261190959948,5.437277186309095,5.452324867248535,662100,0.0,0.0
2024-02-27 00:00:00-05:00,5.487436425687087,5.507500160249928,5.437277328458569,5.472388744354248,457100,0.0,0.0
2024-02-28 00:00:00-05:00,5.442293036936059,5.512515864279019,5.417213250731945,5.457340717315674,526700,0.0,0.0
2024-02-29 00:00:00-05:00,5.532579122478195,5.642929885285996,5.502483764303308,5.622866153717041,760000,0.0,0.0
2024-03-01 00:00:00-05:00,5.612833592239295,5.662993156260548,5.562674506575098,5.657977104187012,606500,0.0,0.0
2024-03-04 00:00:00-05:00,5.462355777123103,5.517530914055117,5.367052702545841,5.387116432189941,1323300,0.0,0.0
2024-03-05 00:00:00-05:00,5.39213346452783,5.487436078074904,5.346989945031851,5.457340717315674,858600,0.0,0.0
2024-03-06 00:00:00-05:00,5.52254659855586,5.547626378531306,5.462355413629,5.467370986938477,958800,0.0,0.0
2024-03-07 00:00:00-05:00,5.522547375102517,5.547627158604528,5.437276398209931,5.5074992179870605,810200,0.0,0.0
2024-03-08 00:00:00-05:00,5.562674577557709,5.597785985806392,5.487435230565737,5.537594795227051,589500,0.0,0.0
2024-03-11 00:00:00-04:00,5.502483459083153,5.567690702654516,5.502483459083153,5.547626972198486,529300,0.0,0.0
2024-03-12 00:00:00-04:00,5.532578595776241,5.562674429443095,5.457339729144678,5.517530918121338,671600,0.0,0.0
2024-03-13 00:00:00-04:00,5.522547081557325,5.642929461939678,5.522547081557325,5.597785949707031,758500,0.0,0.0
2024-03-14 00:00:00-04:00,5.572706463749455,5.602802299623285,5.462356181711941,5.5074992179870605,704700,0.0,0.0
2024-03-15 00:00:00-04:00,5.477403767195142,5.597786151926292,5.467371662622343,5.592770099639893,1613900,0.0,0.0
2024-03-18 00:00:00-04:00,5.592770300519385,5.6379138160042865,5.54261121092501,5.587754726409912,717500,0.0,0.0
2024-03-19 00:00:00-04:00,5.5877545802886965,5.627882042257689,5.5426110659843095,5.567690849304199,685200,0.0,0.0
2024-03-20 00:00:00-04:00,5.532579533859504,5.698105451200529,5.532579533859504,5.647946357727051,690400,0.0,0.0
2024-03-21 00:00:00-04:00,5.67302553164448,5.838551431128808,5.65296180074811,5.793407917022705,1288600,0.0,0.0
2024-03-22 00:00:00-04:00,5.793408070223717,5.8285194806315825,5.6780412557510145,5.6830573081970215,634300,0.0,0.0
2024-03-25 00:00:00-04:00,5.723184771050894,5.793408070223717,5.683057308197021,5.6830573081970215,689100,0.0,0.0
2024-03-26 00:00:00-04:00,5.728201323170294,5.733217376053854,5.5426116716927964,5.552643299102783,1079500,0.0,0.0
2024-03-27 00:00:00-04:00,5.604439664861284,5.687314851229092,5.599260336194603,5.676955699920654,861500,0.35,0.0
2024-03-28 00:00:00-04:00,5.676955881161879,5.780549867428957,5.676955881161879,5.770190715789795,735100,0.0,0.0
2024-04-01 00:00:00-04:00,5.770191381693243,5.770191381693243,5.63551893701675,5.66659688949585,690100,0.0,0.0
2024-04-02 00:00:00-04:00,5.588900820390211,5.661416857129573,5.568182023318262,5.609619617462158,808100,0.0,0.0
2024-04-03 00:00:00-04:00,5.578541539602651,5.687314851229092,5.557822249035624,5.676955699920654,602800,0.0,0.0
2024-04-04 00:00:00-04:00,5.73393258294381,5.801268799071053,5.702854633331299,5.702854633331299,945100,0.0,0.0
2024-04-05 00:00:00-04:00,5.666596366816567,5.718393608137554,5.6355184172040556,5.702854633331299,422100,0.0,0.0
2024-04-08 00:00:00-04:00,5.723574295348093,5.759832073362798,5.702855494486093,5.733933448791504,527300,0.0,0.0
2024-04-09 00:00:00-04:00,5.744291478112076,5.801268040939165,5.708033710310749,5.796088218688965,559900,0.0,0.0
2024-04-10 00:00:00-04:00,5.625158754279823,5.6406982230140255,5.46976801873861,5.506025791168213,1497200,0.0,0.0
2024-04-11 00:00:00-04:00,5.563001845927113,5.6406977004752905,5.52674407685633,5.619978904724121,788400,0.0,0.0
2024-04-12 00:00:00-04:00,5.583721502949791,5.635518747304805,5.542283905055832,5.573362350463867,550600,0.0,0.0
2024-04-15 00:00:00-04:00,5.58890017651042,5.619978615525436,5.412790174700402,5.48012638092041,922700,0.0,0.0
2024-04-16 00:00:00-04:00,5.412790802876476,5.443869245498269,5.355814234374123,5.376533031463623,711400,0.0,0.0
2024-04-17 00:00:00-04:00,5.4283296131349275,5.459408054817412,5.381712691573811,5.402431488037109,473600,0.0,0.0
2024-04-18 00:00:00-04:00,5.433509527879402,5.490486589600925,5.402431579645008,5.44904899597168,559600,0.0,0.0
2024-04-19 00:00:00-04:00,5.428329550935188,5.56818179594128,5.428329550935188,5.552642822265625,548200,0.0,0.0
2024-04-22 00:00:00-04:00,5.568181235103814,5.609618823381934,5.531923468854213,5.5837202072143555,422000,0.0,0.0
2024-04-23 00:00:00-04:00,5.568182201076812,5.708034456258418,5.552643226270557,5.702854633331299,544900,0.0,0.0
2024-04-24 00:00:00-04:00,5.6821357142003395,5.687315043041701,5.578541727746728,5.614799499511719,588600,0.0,0.0
2024-04-25 00:00:00-04:00,5.537103906026014,5.599260794868645,5.537103906026014,5.5578227043151855,559200,0.0,0.0
2024-04-26 00:00:00-04:00,5.563002006638517,5.640697863431276,5.557822184057319,5.594080448150635,420400,0.0,0.0
2024-04-29 00:00:00-04:00,5.6199797431517515,5.6562375176317214,5.521565078170221,5.531924724578857,600600,0.0,0.0
2024-04-30 00:00:00-04:00,5.335095451865944,5.366173400597589,4.977695583626405,4.988055229187012,2436700,0.0,0.0
2024-05-01 00:00:00-04:00,4.998414345084984,5.257399554550011,4.998414345084984,5.179704189300537,1297800,0.0,0.0
2024-05-02 00:00:00-04:00,5.278119658475547,5.293659130553275,5.195244449961831,5.247041702270508,1257800,0.0,0.0
2024-05-03 00:00:00-04:00,5.360994847619589,5.381713647764079,5.190064622933763,5.20560359954834,1448900,0.0,0.0
2024-05-06 00:00:00-04:00,5.252220121094043,5.288477891624426,5.200422882643431,5.210782527923584,1103400,0.0,0.0
2024-05-07 00:00:00-04:00,5.205602809042056,5.262579377293332,5.143446418047461,5.179704189300537,952900,0.0,0.0
2024-05-08 00:00:00-04:00,5.133086578678042,5.184883816204638,5.127906756130369,5.164165019989014,929300,0.0,0.0
2024-05-09 00:00:00-04:00,5.1589853923023385,5.195243163555415,5.148625746815696,5.179704189300537,1063400,0.0,0.0
2024-05-10 00:00:00-04:00,5.184883764623674,5.25739930366942,5.184883764623674,5.236680507659912,975200,0.0,0.0
2024-05-13 00:00:00-04:00,5.278118383784812,5.28329820655977,5.215961992410589,5.221141815185547,1309400,0.0,0.0
2024-05-14 00:00:00-04:00,5.288478210268922,5.335095628888278,5.272939235387505,5.3143768310546875,1056400,0.0,0.0
2024-05-15 00:00:00-04:00,5.3920720190252025,5.40243166458293,5.288478033323367,5.298837184906006,1143400,0.0,0.0
2024-05-16 00:00:00-04:00,5.2729391766937095,5.324735923713577,5.2677593537991925,5.309196949005127,1084600,0.0,0.0
2024-05-17 00:00:00-04:00,5.324736423705458,5.433510244828654,5.298837800776098,5.428330421447754,861100,0.0,0.0
2024-05-20 00:00:00-04:00,5.443868798239334,5.459407771286032,5.392071562783613,5.417970180511475,833600,0.0,0.0
2024-05-21 00:00:00-04:00,5.40243152074465,5.454228265228949,5.366173256233058,5.443869113922119,752700,0.0,0.0
2024-05-22 00:00:00-04:00,5.4386898455203925,5.464588467389325,5.371353626251221,5.371353626251221,750100,0.0,0.0
2024-05-23 00:00:00-04:00,5.386891309907452,5.386891309907452,5.257398725592609,5.267758369445801,1166200,0.0,0.0
2024-05-24 00:00:00-04:00,5.304016134981954,5.314375778835145,5.247039575714426,5.267758369445801,921000,0.0,0.0
2024-05-28 00:00:00-04:00,5.293658734737352,5.3143775353166,5.174525260925293,5.174525260925293,701100,0.0,0.0
2024-05-29 00:00:00-04:00,5.096828964687638,5.1589853552356475,5.060571193695068,5.060571193695068,749800,0.0,0.0
2024-05-30 00:00:00-04:00,5.11754830002167,5.1693450506076895,5.070930878711659,5.143446922302246,658300,0.0,0.0
2024-05-31 00:00:00-04:00,5.1589855407172704,5.247040553986574,5.117547945528786,5.231501579284668,979800,0.0,0.0
2024-06-03 00:00:00-04:00,5.27811866937641,5.288478315486871,5.179704501202611,5.283298492431641,590500,0.0,0.0
2024-06-04 00:00:00-04:00,5.231501594411439,5.247040569158276,5.1434465808875265,5.153805732727051,1064300,0.0,0.0
2024-06-05 00:00:00-04:00,5.179704635596013,5.221142233162771,5.138267038029255,5.2159624099731445,789900,0.0,0.0
2024-06-06 00:00:00-04:00,5.195242907404847,5.215961703381509,5.158985137939453,5.158985137939453,648800,0.0,0.0
2024-06-07 00:00:00-04:00,5.086469516857288,5.184884176195826,5.081290187925076,5.153805732727051,687900,0.0,0.0
2024-06-10 00:00:00-04:00,5.122728095333672,5.153806046720759,5.086469826748562,5.102009296417236,803000,0.0,0.0
2024-06-11 00:00:00-04:00,5.065750343664593,5.0864691397828,5.029492573951497,5.045031547546387,767400,0.0,0.0
2024-06-12 00:00:00-04:00,5.179704189300537,5.2729390227799735,5.169344543813895,5.179704189300537,983300,0.0,0.0
2024-06-13 00:00:00-04:00,5.179704353288513,5.190063999103139,5.112368137418751,5.153805732727051,673500,0.0,0.0
2024-06-14 00:00:00-04:00,5.107188977840321,5.184884849615959,5.096829824655336,5.169345378875732,584100,0.0,0.0
2024-06-17 00:00:00-04:00,5.1434460143382745,5.267758786570155,5.1434460143382745,5.262578964233398,691700,0.0,0.0
2024-06-18 00:00:00-04:00,5.267758330718904,5.2781174805209305,5.190062978291193,5.226320743560791,620200,0.0,0.0
2024-06-20 00:00:00-04:00,5.200422442900747,5.30401641706709,5.184883470269554,5.2522196769714355,920600,0.0,0.0
2024-06-21 00:00:00-04:00,5.257398686941874,5.272938152607419,5.174523512625648,5.226320743560791,2357000,0.0,0.0
2024-06-24 00:00:00-04:00,5.257399812367851,5.329915852405206,5.236681014353622,5.27811861038208,921800,0.0,0.0
2024-06-25 00:00:00-04:00,5.26257927239912,5.278118246344274,5.205602705283507,5.210782527923584,538700,0.0,0.0
2024-06-26 00:00:00-04:00,5.195242306204705,5.236679893362817,5.179703334514163,5.226320743560791,610500,0.0,0.0
2024-06-27 00:00:00-04:00,5.231501941671127,5.24704091744942,5.091649677741094,5.143446922302246,1108300,0.0,0.0
2024-06-28 00:00:00-04:00,5.213242620323721,5.261563179485776,5.170291125962385,5.256194114685059,1857800,0.35,0.0
2024-07-01 00:00:00-04:00,5.245456114959328,5.261562796165861,5.127339258059703,5.181028366088867,873600,0.0,0.0
2024-07-02 00:00:00-04:00,5.170291475750495,5.283039284082333,5.1649224105865414,5.25082540512085,721200,0.0,0.0
2024-07-03 00:00:00-04:00,5.25082477121308,5.293776263294899,5.22934902517217,5.245456218719482,450300,0.0,0.0
2024-07-05 00:00:00-04:00,5.26693219926062,5.27766981674806,5.218611640511648,5.234718322753906,633000,0.0,0.0
2024-07-08 00:00:00-04:00,5.27230010627732,5.331358787302817,5.27230010627732,5.325989723205566,773400,0.0,0.0
2024-07-09 00:00:00-04:00,5.3152524695287715,5.37968022525181,5.29914578660912,5.342097282409668,483800,0.0,0.0
2024-07-10 00:00:00-04:00,5.34209624147862,5.417261600494384,5.34209624147862,5.417261600494385,537300,0.0,0.0
2024-07-11 00:00:00-04:00,5.497795890847593,5.605174616836384,5.481689209954813,5.5890679359436035,1021100,0.0,0.0
2024-07-12 00:00:00-04:00,5.637389150019019,5.782350831075885,5.637389150019019,5.674971580505371,1790500,0.0,0.0
2024-07-15 00:00:00-04:00,5.669602839164804,5.7447676976393955,5.637388962659838,5.7071852684021,1110700,0.0,0.0
2024-07-16 00:00:00-04:00,5.771611981695453,5.819932536023889,5.734029555894291,5.803825855255127,1203300,0.0,0.0
2024-07-17 00:00:00-04:00,5.669602193923756,5.911204448137255,5.6534950014932885,5.895097255706787,1256600,0.0,0.0
2024-07-18 00:00:00-04:00,5.884360625112162,6.0132151140070755,5.846778193856702,5.857515811920166,1418500,0.0,0.0
2024-07-19 00:00:00-04:00,5.86288487696301,5.943418804516774,5.819933380664706,5.857515811920166,758600,0.0,0.0
2024-07-22 00:00:00-04:00,5.846778271504529,5.884360703259101,5.814564392841874,5.841409206390381,715700,0.0,0.0
2024-07-23 00:00:00-04:00,5.814563207184117,5.986369159625742,5.814563207184117,5.948786735534668,689200,0.0,0.0
2024-07-24 00:00:00-04:00,5.900466770817359,5.900466770817359,5.6427578164990795,5.658864498138428,947900,0.0,0.0
2024-07-25 00:00:00-04:00,5.685709875593152,5.819933430684502,5.658865062170436,5.701816558837891,843000,0.0,0.0
2024-07-26 00:00:00-04:00,5.7447674328145695,5.798457053840439,5.68034019479683,5.755505561828613,569100,0.0,0.0
2024-07-29 00:00:00-04:00,5.787719448560447,5.83604000945185,5.744767952661915,5.776981830596924,632500,0.0,0.0
2024-07-30 00:00:00-04:00,5.8145638873125085,5.900466873581377,5.798457205392642,5.87899112701416,608800,0.0,0.0
2024-07-31 00:00:00-04:00,5.921942933561702,5.964894428969303,5.846778072609508,5.852146625518799,767400,0.0,0.0
2024-08-01 00:00:00-04:00,5.884359614274713,5.900466294614154,5.669602169675033,5.717922210693359,891600,0.0,0.0
2024-08-02 00:00:00-04:00,5.599806308746338,5.658864482610006,5.551485751938712,5.599806308746338,868400,0.0,0.0
2024-08-05 00:00:00-04:00,5.3689424245475195,5.4816902359439075,5.2454569945536065,5.395787239074707,1177700,0.0,0.0
2024-08-06 00:00:00-04:00,5.406524545570225,5.503165667480405,5.347466366637458,5.422631740570068,962300,0.0,0.0
2024-08-07 00:00:00-04:00,5.299146181653701,5.465583624305184,5.299146181653701,5.358204364776611,1608300,0.0,0.0
2024-08-08 00:00:00-04:00,5.411892632137619,5.465582248385948,5.3582030158892895,5.4602131843566895,1058200,0.0,0.0
2024-08-09 00:00:00-04:00,5.460214104994677,5.519272283207841,5.422631674497409,5.497796535491943,1059100,0.0,0.0
2024-08-12 00:00:00-04:00,5.497796217284175,5.497796217284175,5.320621180877206,5.347465991973877,943600,0.0,0.0
2024-08-13 00:00:00-04:00,5.347466675330219,5.43336967219942,5.331359991422807,5.395787239074707,815800,0.0,0.0
2024-08-14 00:00:00-04:00,5.401155992592496,5.428000293547796,5.374311179614978,5.422631740570068,628400,0.0,0.0
2024-08-15 00:00:00-04:00,5.4763198644223365,5.503164672546501,5.395785952071971,5.4602131843566895,701000,0.0,0.0
2024-08-16 00:00:00-04:00,5.4494759311271075,5.503165555994474,5.43873831336696,5.476320743560791,700500,0.0,0.0
2024-08-19 00:00:00-04:00,5.487058917645102,5.513903730295527,5.454845040060149,5.497796535491943,775600,0.0,0.0
2024-08-20 00:00:00-04:00,5.460213849373975,5.492427213428641,5.411893291269786,5.427999973297119,668000,0.0,0.0
2024-08-21 00:00:00-04:00,5.449475056298172,5.470950800393078,5.401155016101229,5.4602131843566895,655000,0.0,0.0
2024-08-22 00:00:00-04:00,5.470951109142822,5.470951109142822,5.4172620018867095,5.433368682861328,524200,0.0,0.0
2024-08-23 00:00:00-04:00,5.470951579478899,5.59980657441994,5.444107279554124,5.551486015319824,675800,0.0,0.0
2024-08-26 00:00:00-04:00,5.60517486126327,5.680340228744264,5.57833056261208,5.599806308746338,741100,0.0,0.0
2024-08-27 00:00:00-04:00,5.589068611538086,5.605175294377807,5.556855245858644,5.578330993652344,523100,0.0,0.0
2024-08-28 00:00:00-04:00,5.556854574158043,5.626650362034142,5.546116445548088,5.5890679359436035,598900,0.0,0.0
2024-08-29 00:00:00-04:00,5.626650622837554,5.68570930888546,5.589068195005016,5.658864498138428,761200,0.0,0.0
2024-08-30 00:00:00-04:00,5.6910790184704805,5.696447571610621,5.621282707426302,5.6857099533081055,719600,0.0,0.0
2024-09-03 00:00:00-04:00,5.648126865553964,5.685709293283373,5.556854816477821,5.599806308746338,888000,0.0,0.0
2024-09-04 00:00:00-04:00,5.583699380038435,5.61054419198541,5.540747885732154,5.551486015319824,1123100,0.0,0.0
2024-09-05 00:00:00-04:00,5.578330993652344,5.637389172079464,5.513903750271244,5.578330993652344,1643200,0.0,0.0
2024-09-06 00:00:00-04:00,5.578330301093819,5.578330301093819,5.481689192009209,5.530009746551514,1199700,0.0,0.0
2024-09-09 00:00:00-04:00,5.540747986188305,5.540747986188305,5.390417753390772,5.476320743560791,887100,0.0,0.0
2024-09-10 00:00:00-04:00,5.497796535491944,5.524641348142369,5.454845040060149,5.497796535491943,705600,0.0,0.0
2024-09-11 00:00:00-04:00,5.46021393963776,5.487058751475218,5.368941886603721,5.470951557159424,679600,0.0,0.0
2024-09-12 00:00:00-04:00,5.223980405270987,5.283039095926623,4.96627143084638,5.10586404800415,4786200,0.0,0.0
2024-09-13 00:00:00-04:00,5.143447122440828,5.17566100428639,5.079019870771987,5.132709503173828,1331600,0.0,0.0
2024-09-16 00:00:00-04:00,5.1541840680853666,5.202504111704966,5.121970193650137,5.181028366088867,1041200,0.0,0.0
2024-09-17 00:00:00-04:00,5.218612038181602,5.283039284082333,5.1863981592201185,5.25082540512085,956300,0.0,0.0
2024-09-18 00:00:00-04:00,5.261563325256882,5.320621503634371,5.191767016980459,5.202504634857178,1105400,0.0,0.0
2024-09-19 00:00:00-04:00,5.309883503106687,5.347465931000187,5.234718135297507,5.266932010650635,1161100,0.0,0.0
2024-09-20 00:00:00-04:00,5.223979857321066,5.2400870505497625,5.175659813701466,5.181028366088867,3958700,0.0,0.0
2024-09-23 00:00:00-04:00,5.186397628782767,5.2454563155015705,5.170290946960449,5.170290946960449,789700,0.0,0.0
2024-09-24 00:00:00-04:00,5.170291113376928,5.213242607633712,5.1541844310361835,5.197135925292969,723200,0.0,0.0
2024-09-25 00:00:00-04:00,5.202504682582236,5.2078737475809564,5.046805381774902,5.046805381774902,1074800,0.0,0.0
2024-09-26 00:00:00-04:00,5.10049513028144,5.111233260536915,5.046805503048533,5.0521745681762695,889500,0.0,0.0
2024-09-27 00:00:00-04:00,5.1219696769485035,5.1219696769485035,5.030697639282018,5.062911510467529,1402800,0.0,0.0
2024-09-30 00:00:00-04:00,5.046365537947527,5.079456692312486,5.024304943692906,5.068426132202148,961100,0.25,0.0
2024-10-01 00:00:00-04:00,5.046366204407695,5.062912046758368,4.864366146279295,4.891942024230957,1546200,0.0,0.0
2024-10-02 00:00:00-04:00,4.880911988629967,4.936063218567168,4.864366146279295,4.891942024230957,1009400,0.0,0.0
2024-10-03 00:00:00-04:00,4.886426834574663,4.936063310620105,4.831275603608943,4.919517993927002,1119100,0.0,0.0
2024-10-04 00:00:00-04:00,4.9746702559534235,5.0022456112530325,4.880912575229428,4.902973175048828,916500,0.0,0.0
2024-10-07 00:00:00-04:00,4.880911455969968,4.897456770548905,4.792668550961481,4.83127498626709,1236000,0.0,0.0
2024-10-08 00:00:00-04:00,4.836791587863191,4.847821625273872,4.781639822911149,4.820245742797852,828200,0.0,0.0
2024-10-09 00:00:00-04:00,4.79266902206949,4.8202448997224066,4.765093670382693,4.770608425140381,910700,0.0,0.0
2024-10-10 00:00:00-04:00,4.74854843595388,4.770609035706413,4.698912480985319,4.76509428024292,1103100,0.0,0.0
2024-10-11 00:00:00-04:00,4.765093395232128,4.803699306137321,4.7209722039215976,4.748547554016113,794400,0.0,0.0
2024-10-14 00:00:00-04:00,4.770609322140079,4.897458172807959,4.732003401746742,4.8643670082092285,998000,0.0,0.0
2024-10-15 00:00:00-04:00,4.858852046791619,4.958124484454239,4.8533367652641966,4.886427402496338,1503700,0.0,0.0
2024-10-16 00:00:00-04:00,4.936063562063319,4.991215321804606,4.925033525694759,4.958124160766602,1138100,0.0,0.0
2024-10-17 00:00:00-04:00,4.941577998490351,4.974669153871573,4.8919415284015555,4.908486843109131,1141000,0.0,0.0
2024-10-18 00:00:00-04:00,4.925032683782777,4.925032683782777,4.880911493918529,4.908486843109131,675200,0.0,0.0
2024-10-21 00:00:00-04:00,4.908487381597904,4.91400266242751,4.770608516654524,4.798184394836426,1814000,0.0,0.0
2024-10-22 00:00:00-04:00,4.798184710949792,4.836791153334371,4.781639393337066,4.787154674530029,915000,0.0,0.0
2024-10-23 00:00:00-04:00,4.770609259534256,4.831276306174744,4.732003339647553,4.820245742797852,1355300,0.0,0.0
2024-10-24 00:00:00-04:00,4.8533367652641966,4.8919426840237605,4.803700283449789,4.886427402496338,834600,0.0,0.0
2024-10-25 00:00:00-04:00,4.908488210363391,4.930548811440472,4.853336970653797,4.8643670082092285,1243500,0.0,0.0
2024-10-28 00:00:00-04:00,4.886427536474151,4.9195187005797925,4.85885218001336,4.880912780761719,1425200,0.0,0.0
2024-10-29 00:00:00-04:00,4.842306043240799,4.891942523425686,4.809215407094993,4.875397205352783,1859900,0.0,0.0
2024-10-30 00:00:00-04:00,4.891942115461076,4.9801845057791345,4.880912079654385,4.919517993927002,1364300,0.0,0.0
2024-10-31 00:00:00-04:00,4.864366730890237,4.9746702559534235,4.803700212878435,4.902973175048828,2342600,0.0,0.0
2024-11-01 00:00:00-04:00,4.952609624017998,4.980185508033528,4.836791857892005,4.842306613922119,2425100,0.0,0.0
2024-11-04 00:00:00-05:00,4.853336160073893,4.985699744429677,4.847820879234203,4.952608585357666,2192000,0.0,0.0
2024-11-05 00:00:00-05:00,4.9470943746876275,4.958124411614233,4.853336693963631,4.902973175048828,1613000,0.0,0.0
2024-11-06 00:00:00-05:00,5.051882179041315,5.13460982425852,4.858852058800228,5.024306297302246,1894500,0.0,0.0
2024-11-07 00:00:00-05:00,5.013274909548623,5.1070325666222764,5.0022443494382856,5.068426132202148,1234700,0.0,0.0
2024-11-08 00:00:00-05:00,5.084973312421769,5.15667039413529,5.073942749404523,5.101518630981445,877800,0.0,0.0
2024-11-11 00:00:00-05:00,5.1290943288312985,5.178730808698513,5.062912530997071,5.107033729553223,860700,0.0,0.0
2024-11-12 00:00:00-05:00,5.062911319051647,5.129093101043466,5.002244291084609,5.0077595710754395,888900,0.0,0.0
2024-11-13 00:00:00-05:00,5.046366530760112,5.090487727949674,5.024305932165331,5.035336494445801,803300,0.0,0.0
2024-11-14 00:00:00-05:00,5.046366897500262,5.107033942519452,5.013276260186337,5.024306297302246,653000,0.0,0.0
2024-11-15 00:00:00-05:00,5.018791269905,5.073942504429898,4.969154790656273,5.0022454261779785,1236700,0.0,0.0
2024-11-18 00:00:00-05:00,4.97467047399498,5.046367032075874,4.947094591520522,5.018791675567627,824800,0.0,0.0
2024-11-19 00:00:00-05:00,4.991215275778083,5.068427107544482,4.969154677278233,5.051881790161133,582300,0.0,0.0
2024-11-20 00:00:00-05:00,5.018791359159353,5.068427313324638,4.963639597687465,5.029821395874023,618400,0.0,0.0
2024-11-21 00:00:00-05:00,5.013275672506859,5.090487501165685,5.007760391612333,5.073942184448242,822100,0.0,0.0
2024-11-22 00:00:00-05:00,5.073941412257317,5.129093160876897,5.062911378113034,5.068426132202148,682100,0.0,0.0
2024-11-25 00:00:00-05:00,5.096002578735352,5.1787302109540985,5.0904872980608795,5.096002578735352,1051000,0.0,0.0
2024-11-26 00:00:00-05:00,5.0739419130572445,5.118063105921264,5.0022448431616855,5.112548351287842,685500,0.0,0.0
2024-11-27 00:00:00-05:00,5.129093647003174,5.173214839694143,5.101517770079791,5.129093647003174,827300,0.0,0.0
2024-11-29 00:00:00-05:00,5.129094512558368,5.173215712694965,5.096003349472822,5.101518630981445,511600,0.0,0.0
2024-12-02 00:00:00-05:00,5.129093647003174,5.151154243348659,5.068426612578512,5.129093647003174,963600,0.0,0.0
2024-12-03 00:00:00-05:00,5.12909416996516,5.140124206279472,5.018791176991254,5.035336494445801,803400,0.0,0.0
2024-12-04 00:00:00-05:00,5.040852141925406,5.046366897500262,4.963639778249253,5.024306297302246,4229800,0.0,0.0
2024-12-05 00:00:00-05:00,5.018791108392523,5.06291230497902,4.985699947969573,4.991215229034424,929800,0.0,0.0
2024-12-06 00:00:00-05:00,5.0187901310571,5.051880759069986,4.991214257068997,5.0077595710754395,685700,0.0,0.0
2024-12-09 00:00:00-05:00,5.062911946620744,5.173214930279626,5.0353360692144955,5.096002578735352,1252500,0.0,0.0
2024-12-10 00:00:00-05:00,5.101518608210951,5.134609771148796,5.0243062453334435,5.118063926696777,805200,0.0,0.0
2024-12-11 00:00:00-05:00,5.14012454960942,5.178730994203589,5.090488067964198,5.101518630981445,725300,0.0,0.0
2024-12-12 00:00:00-05:00,5.101518630981445,5.151155112626666,5.046366867827601,5.101518630981445,1255300,0.0,0.0
2024-12-13 00:00:00-05:00,5.101518268277335,5.1346094290101885,4.996730556894585,5.051881790161133,1196300,0.0,0.0
2024-12-16 00:00:00-05:00,5.00224551513808,5.112549038081855,4.9967307597638335,5.029821395874023,1617800,0.0,0.0
2024-12-17 00:00:00-05:00,5.013275165814249,5.062911636915947,4.958123414375454,4.996729850769043,2213100,0.0,0.0
2024-12-18 00:00:00-05:00,5.018790894325512,5.040851491677808,4.787154359143342,4.798184394836426,1629700,0.0,0.0
2024-12-19 00:00:00-05:00,4.836791857892005,4.947094867987884,4.836791857892005,4.842306613922119,1934400,0.0,0.0
2024-12-20 00:00:00-05:00,4.798185234026285,4.985700607299805,4.798185234026285,4.985700607299805,6818800,0.0,0.0
2024-12-23 00:00:00-05:00,4.980184463589987,4.980184463589987,4.908487390572406,4.952608585357666,1243200,0.0,0.0
2024-12-24 00:00:00-05:00,4.963638675574062,5.013275146484375,4.93606279996099,5.013275146484375,460700,0.0,0.0
2024-12-26 00:00:00-05:00,5.002244605140056,5.002244605140056,4.936062818993152,4.996729850769043,777000,0.0,0.0
2024-12-27 00:00:00-05:00,4.958123313197927,5.01879034373582,4.8919415284015555,4.908486843109131,898300,0.0,0.0
2024-12-30 00:00:00-05:00,4.897456770548905,4.902972050730573,4.759577921803607,4.83127498626709,1308200,0.0,0.0
2024-12-31 00:00:00-05:00,4.871015978855888,4.9561733850540515,4.871015978855888,4.916433334350586,1085100,0.25,0.0
2025-01-02 00:00:00-05:00,4.967527999823137,5.035654033136315,4.944819322052077,4.995913982391357,981500,0.0,0.0
2025-01-03 00:00:00-05:00,5.0129451830364555,5.103779890998091,5.007267878434462,5.09242582321167,843300,0.0,0.0
2025-01-06 00:00:00-05:00,5.1037796184897495,5.115134227087475,5.035653591156006,5.035653591156006,756200,0.0,0.0
2025-01-07 00:00:00-05:00,5.041331471845489,5.086748828594022,4.990236810148991,5.0243000984191895,996400,0.0,0.0
2025-01-08 00:00:00-05:00,4.995914623869644,5.00726869350425,4.916433970756782,4.984560012817383,815700,0.0,0.0
2025-01-10 00:00:00-05:00,4.910755677741381,4.910755677741381,4.814243668875096,4.865338325500488,951200,0.0,0.0
2025-01-13 00:00:00-05:00,4.825598491577371,4.905079132231324,4.791535205177801,4.888047218322754,725500,0.0,0.0
2025-01-14 00:00:00-05:00,4.888047181210838,5.02429978435707,4.888047181210838,5.012945175170898,906100,0.0,0.0
2025-01-15 00:00:00-05:00,5.109457724069742,5.160552387937258,5.001591632563135,5.047008991241455,921500,0.0,0.0
2025-01-16 00:00:00-05:00,5.035653860026864,5.132165872590494,5.035653860026864,5.09242582321167,632700,0.0,0.0
2025-01-17 00:00:00-05:00,5.115134158179962,5.183260184595959,5.0753935700408155,5.120811462402344,577600,0.0,0.0
2025-01-21 00:00:00-05:00,5.115135011559602,5.137843690820186,5.075394416790364,5.132166385650635,986400,0.0,0.0
2025-01-22 00:00:00-05:00,5.09810213388509,5.115134046179307,5.04133071715692,5.052684783935547,701300,0.0,0.0
2025-01-23 00:00:00-05:00,5.029977157472845,5.069717753025866,5.0243003936089545,5.041331768035889,638700,0.0,0.0
2025-01-24 00:00:00-05:00,5.024300050907514,5.103780153757052,5.024300050907514,5.0697174072265625,495500,0.0,0.0
2025-01-27 00:00:00-05:00,5.08674931907104,5.154875360762721,5.075394708080267,5.149198055267334,1262400,0.0,0.0
2025-01-28 00:00:00-05:00,5.132165872590494,5.194614598959726,5.086748518609676,5.09242582321167,725600,0.0,0.0
2025-01-29 00:00:00-05:00,5.081070986238419,5.126488338183313,4.973204910723683,4.990236282348633,681900,0.0,0.0
2025-01-30 00:00:00-05:00,5.04700907331741,5.092426432734322,5.001591713900499,5.041331768035889,534100,0.0,0.0
2025-01-31 00:00:00-05:00,5.052685523084383,5.098102879677954,5.001591402979813,5.029976844787598,688700,0.0,0.0
2025-02-03 00:00:00-05:00,4.950496448899651,5.02429978435707,4.916433162758701,5.012945175170898,1089900,0.0,0.0
2025-02-04 00:00:00-05:00,4.995914101271259,5.109457492828369,4.956173508163071,5.109457492828369,1062900,0.0,0.0
2025-02-05 00:00:00-05:00,5.120812008523538,5.2059694152709675,5.09810278921213,5.200292110443115,926200,0.0,0.0
2025-02-06 00:00:00-05:00,5.166228971255918,5.217323086566497,5.143520295089811,5.194614410400391,1061200,0.0,0.0
2025-02-07 00:00:00-05:00,5.177583776457394,5.188938386867299,5.103780433045878,5.171906471252441,1086400,0.0,0.0
2025-02-10 00:00:00-05:00,5.194614290760017,5.194614290760017,5.115134196717972,5.16055154800415,1425900,0.0,0.0
2025-02-11 00:00:00-05:00,5.370607240140916,5.716914698853782,5.325189886257837,5.671497344970703,3498600,0.0,0.0
2025-02-12 00:00:00-05:00,5.592016736859407,5.6998828071489545,5.563630757914521,5.631756782531738,1138500,0.0,0.0
2025-02-13 00:00:00-05:00,5.6487886234906055,5.716914653778076,5.597693965420613,5.716914653778076,1083800,0.0,0.0
2025-02-14 00:00:00-05:00,5.733946323394776,5.768009066380129,5.688528971802612,5.733946323394775,1059000,0.0,0.0
2025-02-18 00:00:00-05:00,5.694206110537808,5.7566553791621855,5.694206110537808,5.745300769805908,867600,0.0,0.0
2025-02-19 00:00:00-05:00,5.688528917081326,5.733946268236594,5.6714970043349515,5.699882984161377,1098600,0.0,0.0
2025-02-20 00:00:00-05:00,5.67717474804394,5.728269407403147,5.643111461331943,5.6601433753967285,733500,0.0,0.0
2025-02-21 00:00:00-05:00,5.694206030848728,5.711237944644787,5.5409225966071665,5.586339950561523,909400,0.0,0.0
2025-02-24 00:00:00-05:00,5.580662348118655,5.626079699649053,5.546599605179625,5.569308280944824,619000,0.0,0.0
2025-02-25 00:00:00-05:00,5.6204026421831035,5.7396233305405655,5.614725879055651,5.716914653778076,768500,0.0,0.0
2025-02-26 00:00:00-05:00,5.699883855924159,5.745301214025737,5.67717517687337,5.70556116104126,634900,0.0,0.0
2025-02-27 00:00:00-05:00,5.711237890650624,5.7566552441756045,5.688529213888134,5.716914653778076,630500,0.0,0.0
2025-02-28 00:00:00-05:00,5.705561112136348,5.773687148704775,5.705561112136348,5.750978469848633,957100,0.0,0.0
2025-03-03 00:00:00-05:00,5.762331970131891,5.779363883657061,5.648788587051877,5.6771745681762695,1324000,0.0,0.0
2025-03-04 00:00:00-05:00,5.6204030274608625,5.682852298901769,5.57498567082253,5.643111705780029,1666900,0.0,0.0
2025-03-05 00:00:00-05:00,5.637435155691888,5.688529819198812,5.609049171363861,5.665820598602295,953500,0.0,0.0
2025-03-06 00:00:00-05:00,5.6204032402445,5.671497903751424,5.597694561065603,5.665820598602295,668000,0.0,0.0
2025-03-07 00:00:00-05:00,5.660143508732141,5.745300915391814,5.648788899088138,5.6885294914245605,1634700,0.0,0.0
2025-03-10 00:00:00-04:00,5.6658202203137265,5.77936415004487,5.626080169758375,5.654466152191162,1104800,0.0,0.0
2025-03-11 00:00:00-04:00,5.64878854024503,5.6998831975620465,5.512536481678022,5.557953834533691,1208100,0.0,0.0
2025-03-12 00:00:00-04:00,5.574985001402336,5.631756961092119,5.523890345965039,5.614725589752197,1085700,0.0,0.0
2025-03-13 00:00:00-04:00,5.614726060494482,5.688529397711906,5.523890809091637,5.535245418548584,949100,0.0,0.0
2025-03-14 00:00:00-04:00,5.592017797334092,5.671497903751424,5.540923133827168,5.665820598602295,685300,0.0,0.0
2025-03-17 00:00:00-04:00,5.671497443355678,5.739623475362096,5.631757393372994,5.6601433753967285,959600,0.0,0.0
2025-03-18 00:00:00-04:00,5.626080088684732,5.665820138667415,5.62040278399647,5.6601433753967285,931500,0.0,0.0
2025-03-19 00:00:00-04:00,5.6658202203137265,5.699883507516586,5.614726101635811,5.654466152191162,1241600,0.0,0.0
2025-03-20 00:00:00-04:00,5.631757850542758,5.711238498377709,5.631757850542758,5.665820598602295,1032900,0.0,0.0
2025-03-21 00:00:00-04:00,5.660142721060699,5.688528699802896,5.574984784834106,5.592016696929932,2748900,0.0,0.0
2025-03-24 00:00:00-04:00,5.614726311920764,5.64311175399907,5.586340328424855,5.597694396972656,1245900,0.0,0.0
2025-03-25 00:00:00-04:00,5.6090488906613185,5.643111637016199,5.523890941938934,5.563631534576416,857300,0.0,0.0
2025-03-26 00:00:00-04:00,5.586339815422873,5.586339815422873,5.48415050078884,5.557953834533691,928300,0.0,0.0
2025-03-27 00:00:00-04:00,5.5579536558941545,5.592016940149846,5.529567675917333,5.574985027313232,796200,0.0,0.0
2025-03-28 00:00:00-04:00,5.580662418268132,5.586339722635181,5.427378990280635,5.484150409698486,1017200,0.0,0.0
2025-03-31 00:00:00-04:00,5.44918264338193,5.606538424278078,5.43169823543664,5.577398300170898,827500,0.25,0.0
2025-04-01 00:00:00-04:00,5.589054816992712,5.647334511958684,5.548258974936364,5.583226680755615,628700,0.0,0.0
2025-04-02 00:00:00-04:00,5.54825875680038,5.5657426090226085,5.489978508324098,5.524946212768555,911500,0.0,0.0
2025-04-03 00:00:00-04:00,5.443355349546625,5.4841511961272555,5.373419374350519,5.385075092315674,1069700,0.0,0.0
2025-04-04 00:00:00-04:00,5.227718929544936,5.251030919682637,4.965458901545384,5.082018852233887,2266500,0.0,0.0
2025-04-07 00:00:00-04:00,4.982942174061598,5.210233912445811,4.767306151486041,4.825585842132568,2128100,0.0,0.0
2025-04-08 00:00:00-04:00,4.977114475989743,5.012082738094388,4.604122366581607,4.6507463455200195,2251600,0.0,0.0
2025-04-09 00:00:00-04:00,4.5808101349758665,5.035394461398238,4.487561904127205,4.988770484924316,2537900,0.0,0.0
2025-04-10 00:00:00-04:00,4.924662455403749,4.924662455403749,4.668230566312915,4.784790515899658,1749100,0.0,0.0
2025-04-11 00:00:00-04:00,4.749822425498836,4.784790689544734,4.592466626796546,4.714854717254639,1627500,0.0,0.0
2025-04-14 00:00:00-04:00,4.808102719555384,4.918834537634818,4.796446446177703,4.843070983886719,1668700,0.0,0.0
2025-04-15 00:00:00-04:00,4.819758851111345,4.9304906659324885,4.819758851111345,4.8605546951293945,1328200,0.0,0.0
2025-04-16 00:00:00-04:00,4.8255862560224525,4.843070664937506,4.738166434653865,4.761478424072266,995600,0.0,0.0
2025-04-17 00:00:00-04:00,4.755650233550694,4.895522168466499,4.755650233550694,4.866382598876953,1013200,0.0,0.0
2025-04-21 00:00:00-04:00,4.813930539214087,4.843070664937506,4.714854445235463,4.761478424072266,881000,0.0,0.0
2025-04-22 00:00:00-04:00,4.819758852367576,5.035394901350409,4.819758852367576,5.029566764831543,1877000,0.0,0.0
2025-04-23 00:00:00-04:00,5.274343114548246,5.379246796338976,5.256859260216742,5.29765510559082,3059000,0.0,0.0
2025-04-24 00:00:00-04:00,5.274343114548246,5.350107224387039,5.2685149778371745,5.29765510559082,2193000,0.0,0.0
2025-04-25 00:00:00-04:00,5.501634709422892,5.501634709422892,5.256859089333565,5.36759090423584,2018800,0.0,0.0
2025-04-28 00:00:00-04:00,5.38507469956987,5.548259185594424,5.379246563111489,5.472495079040527,1306200,0.0,0.0
2025-04-29 00:00:00-04:00,5.455010272296728,5.554086361665294,5.420042567697025,5.5482587814331055,939900,0.0,0.0
2025-04-30 00:00:00-04:00,5.466666453808382,5.507462293766129,5.373418502018312,5.460838317871094,1063300,0.0,0.0
2025-05-01 00:00:00-04:00,5.472494937163025,5.542430905445411,5.431698538813714,5.489978790283203,1204800,0.0,0.0
2025-05-02 00:00:00-04:00,5.501634467826523,5.55991471888002,5.4724948981014405,5.5307745933532715,789300,0.0,0.0
2025-05-05 00:00:00-04:00,5.5016346092795345,5.542431008386568,5.4666669023897105,5.513290882110596,799200,0.0,0.0
2025-05-06 00:00:00-04:00,5.466666595178794,5.501634300103533,5.4200426180780426,5.443354606628418,725400,0.0,0.0
2025-05-07 00:00:00-04:00,5.466666569529106,5.530774398791432,5.466666569529106,5.495806694030762,957600,0.0,0.0
2025-05-08 00:00:00-04:00,5.536602600212028,5.577398441514956,5.519118747625294,5.559914588928223,775300,0.0,0.0
2025-05-09 00:00:00-04:00,5.571571207666331,5.606538915014333,5.536602944516641,5.589055061340332,1006900,0.0,0.0
2025-05-12 00:00:00-04:00,5.705615287451764,5.7289272787424075,5.653163168097387,5.7114434242248535,1569800,0.0,0.0
2025-05-13 00:00:00-04:00,5.746410716335652,5.82800295783393,5.74058313578709,5.775550842285156,1637800,0.0,0.0
2025-05-14 00:00:00-04:00,5.76972324837965,5.775551385277822,5.653163289424836,5.670647144317627,1097000,0.0,0.0
2025-05-15 00:00:00-04:00,5.653163136759196,5.775551229307049,5.653163136759196,5.763895511627197,968100,0.0,0.0
2025-05-16 00:00:00-04:00,5.7813797886702565,5.810519918702614,5.752239658637899,5.793035507202148,870400,0.0,0.0
2025-05-19 00:00:00-04:00,5.705615014200125,5.7638952675364505,5.693959297013873,5.7580671310424805,830100,0.0,0.0
2025-05-20 00:00:00-04:00,5.746410511255434,5.810518897216752,5.723098522488132,5.728926658630371,1035100,0.0,0.0
2025-05-21 00:00:00-04:00,5.693958940897583,5.717270929613779,5.5424307363414895,5.559914588928223,988300,0.0,0.0
2025-05-22 00:00:00-04:00,5.536602714196733,5.641506943480151,5.472494882857791,5.594882965087891,1039500,0.0,0.0
2025-05-23 00:00:00-04:00,5.519118721900419,5.635678664938103,5.519118721900419,5.612366676330566,742300,0.0,0.0
2025-05-27 00:00:00-04:00,5.664819441643566,5.7172715609979425,5.577399057452366,5.7114434242248535,826500,0.0,0.0
2025-05-28 00:00:00-04:00,5.70561586189185,5.787208117524649,5.699787724531985,5.734755992889404,834700,0.0,0.0
2025-05-29 00:00:00-04:00,5.7697224617004395,5.781378733907497,5.728926620579041,5.7697224617004395,610700,0.0,0.0
2025-05-30 00:00:00-04:00,5.758066783539911,5.76389491968215,5.693958953380246,5.728926658630371,1327600,0.0,0.0
2025-06-02 00:00:00-04:00,5.711443546803106,5.711443546803106,5.647335152526664,5.670647144317627,906800,0.0,0.0
2025-06-03 00:00:00-04:00,5.6823030128081555,5.7813791098033045,5.641507169034278,5.746410846710205,865800,0.0,0.0
2025-06-04 00:00:00-04:00,5.73475502764061,5.758067017354528,5.682302911833875,5.7230987548828125,876200,0.0,0.0
2025-06-05 00:00:00-04:00,5.740584130249269,5.775551842804919,5.69396014297389,5.734755992889404,963400,0.0,0.0
2025-06-06 00:00:00-04:00,5.781379080555293,5.79886293411255,5.740583236987802,5.798862934112549,626800,0.0,0.0
2025-06-09 00:00:00-04:00,5.798863136122662,5.903767372724025,5.787207418612346,5.845487117767334,1098600,0.0,0.0
2025-06-10 00:00:00-04:00,5.857143067219364,5.880455056752706,5.816346668684761,5.839659214019775,2111700,0.0,0.0
2025-06-11 00:00:00-04:00,5.886283295787245,5.897939012856443,5.822174906600771,5.862971305847168,2228100,0.0,0.0
2025-06-12 00:00:00-04:00,5.833831054286355,5.868798760545276,5.804690928536141,5.816346645355225,1404600,0.0,0.0
2025-06-13 00:00:00-04:00,5.7697227343106485,5.775550870689548,5.699786765168895,5.7230987548828125,1993400,0.0,0.0
2025-06-16 00:00:00-04:00,5.7405833069827,5.775551014523573,5.699786907116095,5.705615043640137,1084000,0.0,0.0
2025-06-17 00:00:00-04:00,5.670647054632785,5.728927311089317,5.653163200016513,5.65899133682251,1031900,0.0,0.0
2025-06-18 00:00:00-04:00,5.641507450352922,5.769723124550605,5.629851176806743,5.7114434242248535,1021200,0.0,0.0
2025-06-20 00:00:00-04:00,5.752239227294921,5.7697230816825735,5.705615245060042,5.752239227294922,3469900,0.0,0.0
2025-06-23 00:00:00-04:00,5.740582942962647,5.758066795624403,5.664818840359498,5.7405829429626465,1374000,0.0,0.0
2025-06-24 00:00:00-04:00,5.775550636164973,5.810518897216752,5.711442806005309,5.728926658630371,1072700,0.0,0.0
2025-06-25 00:00:00-04:00,5.705614708303158,5.787206947439246,5.676474583197295,5.688130855560303,1269500,0.0,0.0
2025-06-26 00:00:00-04:00,5.70561468183748,5.752238659469932,5.658990704205028,5.7405829429626465,1254200,0.0,0.0
2025-06-27 00:00:00-04:00,5.758067652357497,5.758067652357497,5.6589915461967575,5.71727180480957,3717600,0.0,0.0
2025-06-30 00:00:00-04:00,5.7531535678960575,5.789036273956299,5.699329793973828,5.789036273956299,1426900,0.25,0.0
2025-07-01 00:00:00-04:00,5.765114816225348,5.926585572030582,5.759134269997229,5.854820728302002,976900,0.0,0.0
2025-07-02 00:00:00-04:00,5.8548203047544485,5.950506756137102,5.848839758958973,5.932565689086914,999300,0.0,0.0
2025-07-03 00:00:00-04:00,5.920604829879557,5.956487535724566,5.890703240401019,5.896683216094971,447600,0.0,0.0
2025-07-07 00:00:00-04:00,5.884722779592564,5.920604915620953,5.842860097447354,5.866781711578369,1093400,0.0,0.0
2025-07-08 00:00:00-04:00,5.866781572555053,5.950506934861459,5.8548204806048485,5.902663707733154,831100,0.0,0.0
2025-07-09 00:00:00-04:00,5.914625043013956,5.950507179668266,5.902663950571666,5.938546657562256,769400,0.0,0.0
2025-07-10 00:00:00-04:00,5.938546234025915,6.028252139600156,5.920604596642076,6.016291618347168,2203700,0.0,0.0
2025-07-11 00:00:00-04:00,5.980409324692181,5.9983503929721,5.938546641926944,5.950507164001465,794500,0.0,0.0
2025-07-14 00:00:00-04:00,5.950507039731302,5.9923702919585455,5.938546517906565,5.974428653717041,699800,0.0,0.0
2025-07-15 00:00:00-04:00,5.962468081754778,5.9983502172635275,5.890703240401019,5.896683216094971,1094300,0.0,0.0
2025-07-16 00:00:00-04:00,5.908644535474067,5.974428833328481,5.860801306064259,5.944526672363281,1330500,0.0,0.0
2025-07-17 00:00:00-04:00,5.920604775322205,6.004330707964867,5.902663707733153,5.902663707733154,1715700,0.0,0.0
2025-07-18 00:00:00-04:00,5.93854637669472,5.944526352296759,5.747172899023181,5.812957763671875,1305900,0.0,0.0
2025-07-21 00:00:00-04:00,5.818938326521901,5.884723197809612,5.795016710690818,5.800997257232666,860200,0.0,0.0
2025-07-22 00:00:00-04:00,5.795016585222724,5.914625232124799,5.789036609146658,5.824918746948242,892700,0.0,0.0
2025-07-23 00:00:00-04:00,5.824918861862065,5.908644802278001,5.818938315331717,5.88472318649292,911500,0.0,0.0
2025-07-24 00:00:00-04:00,5.884722340884175,5.956487177927125,5.866781274207494,5.872761249542236,617200,0.0,0.0
2025-07-25 00:00:00-04:00,5.890703240401019,5.908644308155394,5.8428600128318475,5.896683216094971,456700,0.0,0.0
2025-07-28 00:00:00-04:00,5.8966830004941775,5.920604613404116,5.818937615952817,5.836879253387451,1551400,0.0,0.0
2025-07-29 00:00:00-04:00,5.87874228812115,5.884722834293562,5.836879605586808,5.8608012199401855,921600,0.0,0.0
2025-07-30 00:00:00-04:00,5.93256601335977,5.9744286955438275,5.753153622042531,5.783055782318115,1570400,0.0,0.0
2025-07-31 00:00:00-04:00,5.777074937041679,5.848839775785125,5.729231711212715,5.753153324127197,2285200,0.0,0.0
2025-08-01 00:00:00-04:00,5.824918146977448,5.854820305623023,5.741192787173325,5.84883975982666,1756000,0.0,0.0
2025-08-04 00:00:00-04:00,5.8608009041060765,5.95050681051299,5.848839812405825,5.9265851974487305,1012800,0.0,0.0
2025-08-05 00:00:00-04:00,5.920605057658377,5.950507218623578,5.89070346702946,5.944526672363281,740300,0.0,0.0
2025-08-06 00:00:00-04:00,5.9325658825549885,5.9325658825549885,5.87276156332242,5.890703201293945,718400,0.0,0.0
2025-08-07 00:00:00-04:00,5.920605003310748,5.968448232281383,5.914625027441627,5.950507164001465,723200,0.0,0.0
2025-08-08 00:00:00-04:00,5.968448419895179,6.03423328954991,5.938546828600805,5.99237060546875,697000,0.0,0.0
2025-08-11 00:00:00-04:00,5.992370115996689,6.0162917292799865,5.902663638432136,5.920604705810547,676000,0.0,0.0
2025-08-12 00:00:00-04:00,5.962467954425821,6.022271702442043,5.950506862620828,6.004330635070801,561500,0.0,0.0
2025-08-13 00:00:00-04:00,6.022271876859326,6.070115104792441,5.998350262892769,6.058154582977295,868000,0.0,0.0
2025-08-14 00:00:00-04:00,6.022271510353045,6.058154214287247,5.9983498978423215,6.0461931228637695,683800,0.0,0.0
2025-08-15 00:00:00-04:00,6.058154298236982,6.0701148194899694,6.0043305267579425,6.016291618347168,831000,0.0,0.0
2025-08-18 00:00:00-04:00,6.034232369146319,6.052173435253645,5.986389145969311,5.998349666595459,495900,0.0,0.0
2025-08-19 00:00:00-04:00,5.998349550341237,6.123938151330899,5.998349550341237,6.105997085571289,780200,0.0,0.0
2025-08-20 00:00:00-04:00,6.129919420095468,6.177762647991263,6.10599780614757,6.141880512237549,715400,0.0,0.0
2025-08-21 00:00:00-04:00,6.100017017977346,6.1119781096447126,6.016291657650753,6.022271633148193,497500,0.0,0.0
2025-08-22 00:00:00-04:00,6.058153749976465,6.219624479464308,6.058153749976465,6.213644504547119,1211000,0.0,0.0
2025-08-25 00:00:00-04:00,6.189723299381477,6.207664365980804,6.147860050201416,6.147860050201416,537500,0.0,0.0
2025-08-26 00:00:00-04:00,6.129919212920409,6.207664598207554,6.111978145649913,6.195703506469727,737200,0.0,0.0
2025-08-27 00:00:00-04:00,6.171781893330316,6.213645144076468,6.153840826059819,6.195703506469727,527300,0.0,0.0
2025-08-28 00:00:00-04:00,6.213644844726734,6.2495269775390625,6.165801620752817,6.2495269775390625,612900,0.0,0.0
2025-08-29 00:00:00-04:00,6.267468046060812,6.345213427628724,6.243546434065779,6.333252906799316,1073500,0.0,0.0
2025-09-02 00:00:00-04:00,6.255507822597792,6.303351048862169,6.231586209465604,6.2794294357299805,819400,0.0,0.0
2025-09-03 00:00:00-04:00,6.255507738431504,6.4050179610801194,6.255507738431504,6.393056869506836,676900,0.0,0.0
2025-09-04 00:00:00-04:00,6.4109992171417,6.5126662254333505,6.4109992171417,6.51266622543335,795100,0.0,0.0
2025-09-05 00:00:00-04:00,6.5306066085740975,6.602371447418882,6.524626062752972,6.566488742828369,926600,0.0,0.0
2025-09-08 00:00:00-04:00,6.524626482330544,6.5784502575094255,6.512665960255391,6.572469711303711,744000,0.0,0.0
2025-09-09 00:00:00-04:00,6.512665327271922,6.608351775918231,6.512665327271922,6.5904107093811035,629900,0.0,0.0
2025-09-10 00:00:00-04:00,6.608351775918231,6.632273388079808,6.554528005970626,6.5904107093811035,563100,0.0,0.0
2025-09-11 00:00:00-04:00,6.584430749098002,6.644234499650255,6.5545285886537386,6.5784502029418945,905100,0.0,0.0
2025-09-12 00:00:00-04:00,6.560509156520287,6.590411317063504,6.446881060523316,6.482763767242432,587800,0.0,0.0
2025-09-15 00:00:00-04:00,6.50668509665742,6.50668509665742,6.416978618956354,6.440900802612305,1008300,0.0,0.0
2025-09-16 00:00:00-04:00,6.434920095325156,6.458841708044957,6.261488260522537,6.291390419006348,839900,0.0,0.0
2025-09-17 00:00:00-04:00,6.267468289921634,6.405017991997156,6.267468289921634,6.285409927368164,969600,0.0,0.0
2025-09-18 00:00:00-04:00,6.2973704328691955,6.399037430132919,6.2734488200033915,6.381096363067627,896900,0.0,0.0
2025-09-19 00:00:00-04:00,6.393056292356078,6.416977903006817,6.297369849753119,6.309330940246582,1770700,0.0,0.0
2025-09-22 00:00:00-04:00,6.303350624239589,6.30933116970382,6.207664178156714,6.273448467254639,800200,0.0,0.0
2025-09-23 00:00:00-04:00,6.267468343995764,6.351194275126545,6.243546730863576,6.2794294357299805,1088700,0.0,0.0
2025-09-24 00:00:00-04:00,6.2555075231198565,6.285409680687608,6.231585911132898,6.2495269775390625,816600,0.0,0.0
2025-09-25 00:00:00-04:00,6.231585978225314,6.237566523870498,6.141880074892456,6.147860050201416,891900,0.0,0.0
2025-09-26 00:00:00-04:00,6.183742877461804,6.195703398655255,6.082075880804406,6.12393856048584,587500,0.0,0.0
2025-09-29 00:00:00-04:00,6.1239387384892225,6.1239387384892225,6.052173898233832,6.09403657913208,879400,0.0,0.0
2025-09-30 00:00:00-04:00,6.106298632651427,6.216653613892592,6.075644406231021,6.210522651672363,1071100,0.25,0.0
2025-10-01 00:00:00-04:00,6.210522918813294,6.265700411807294,6.087906592538161,6.204391956329346,1068100,0.0,0.0
2025-10-02 00:00:00-04:00,6.210522690236097,6.29635440781005,6.204391727977798,6.2718305587768555,823000,0.0,0.0
2025-10-03 00:00:00-04:00,6.290223331675937,6.3821854251626,6.284092369528631,6.296354293823242,936300,0.0,0.0
2025-10-06 00:00:00-04:00,6.3024845488901065,6.3024845488901065,6.087906140028281,6.130821704864502,934300,0.0,0.0
2025-10-07 00:00:00-04:00,6.118559780808027,6.167606892353206,6.075644215971806,6.130821704864502,642800,0.0,0.0
2025-10-08 00:00:00-04:00,6.118560321568844,6.155345512308638,6.075644752939728,6.094037055969238,860700,0.0,0.0
2025-10-09 00:00:00-04:00,6.081775753144595,6.081775753144595,5.953028461779771,5.971420764923096,1031900,0.0,0.0
2025-10-10 00:00:00-04:00,5.977551204329051,6.044990033072318,5.90398141351438,5.934635639190674,807700,0.0,0.0
2025-10-13 00:00:00-04:00,5.965289304015547,6.094036584625703,5.959158926600379,6.069513320922852,697500,0.0,0.0
2025-10-14 00:00:00-04:00,6.057251635190924,6.247306771854662,6.044989711700003,6.235045433044434,791100,0.0,0.0
2025-10-15 00:00:00-04:00,6.265700187360609,6.333139018225982,6.228914998455387,6.247307300567627,876500,0.0,0.0
2025-10-16 00:00:00-04:00,6.222784302530494,6.271830833382852,6.020467216594322,6.057252407073975,1466300,0.0,0.0
2025-10-17 00:00:00-04:00,6.06338340515658,6.118560314178467,6.044990517468514,6.118560314178467,600600,0.0,0.0
2025-10-20 00:00:00-04:00,6.284092495700948,6.30861576010182,6.167607135966994,6.222784042358398,787300,0.0,0.0
2025-10-21 00:00:00-04:00,6.241176394789894,6.259568695345583,6.204391208997823,6.235045433044434,480200,0.0,0.0
2025-10-22 00:00:00-04:00,6.2657001126571785,6.363793168993922,6.2657001126571785,6.333138942718506,1045200,0.0,0.0
2025-10-23 00:00:00-04:00,6.320877135207056,6.320877135207056,6.222783501449512,6.284091949462891,630500,0.0,0.0
2025-10-24 00:00:00-04:00,6.32700777561907,6.345400661597084,6.265699909734507,6.302484512329102,731000,0.0,0.0
2025-10-27 00:00:00-04:00,6.290222911200367,6.290222911200367,6.228914463186988,6.284091949462891,810200,0.0,0.0
2025-10-28 00:00:00-04:00,6.253438269029673,6.284092495700948,6.198260777957526,6.222784042358398,647600,0.0,0.0
2025-10-29 00:00:00-04:00,6.179868164882313,6.277961217550173,6.161475863677268,6.192130088806152,1114000,0.0,0.0
2025-10-30 00:00:00-04:00,6.173737538521558,6.192130425407145,6.05725217831657,6.124691009521484,1102600,0.0,0.0
2025-10-31 00:00:00-04:00,6.1921304578571785,6.2043917978310805,5.818149941420829,6.002074718475342,1477600,0.0,0.0
2025-11-03 00:00:00-05:00,6.020467033760658,6.020467033760658,5.903981672694005,5.953028202056885,1517400,0.0,0.0
2025-11-04 00:00:00-05:00,5.946897420315784,6.087906635026891,5.946897420315784,6.057252407073975,798300,0.0,0.0
2025-11-05 00:00:00-05:00,6.087906360626221,6.136952889267901,6.081775398375825,6.087906360626221,669700,0.0,0.0
2025-11-06 00:00:00-05:00,6.069513550033672,6.087906437015647,5.995943756148017,6.002074718475342,666200,0.0,0.0
2025-11-07 00:00:00-05:00,6.008205199021014,6.04498980067381,5.959158673696818,6.026597499847412,882700,0.0,0.0
2025-11-10 00:00:00-05:00,6.026597989575888,6.032728951909797,5.965289535598295,5.977551460266113,1116500,0.0,0.0
2025-11-11 00:00:00-05:00,6.008205605413304,6.10016770044627,6.008205605413304,6.087906360626221,626900,0.0,0.0
2025-11-12 00:00:00-05:00,6.075644442249401,6.106298668851535,6.051121177903842,6.063383102416992,716000,0.0,0.0
2025-11-13 00:00:00-05:00,6.057251981411788,6.106298508817493,6.038859679804831,6.069513320922852,673000,0.0,0.0
2025-11-14 00:00:00-05:00,6.057252407073975,6.069513747446681,5.989813573322174,6.057252407073975,841600,0.0,0.0
2025-11-17 00:00:00-05:00,6.03272900970046,6.044990349804986,5.946897290245752,5.96528959274292,920200,0.0,0.0
2025-11-18 00:00:00-05:00,5.946897499171737,6.002074993282487,5.9285051960284125,5.971420764923096,655800,0.0,0.0
2025-11-19 00:00:00-05:00,5.971420510916841,5.995943775625053,5.916243019153175,5.928504943847656,939000,0.0,0.0
2025-11-20 00:00:00-05:00,5.9468972332773165,6.0204670272419785,5.9468972332773165,5.977551460266113,683800,0.0,0.0
2025-11-21 00:00:00-05:00,6.0143368812811,6.130822246709032,5.9836826531114005,6.094037055969238,1081400,0.0,0.0
2025-11-24 00:00:00-05:00,6.094037055969238,6.094037055969238,6.020467259170423,6.094037055969238,763100,0.0,0.0
2025-11-25 00:00:00-05:00,6.112429327632408,6.290223131480618,6.112429327632408,6.241176605224609,890300,0.0,0.0
2025-11-26 00:00:00-05:00,6.265699914805324,6.357662006046952,6.253437990810057,6.277961254119873,1588500,0.0,0.0
2025-11-28 00:00:00-05:00,6.265700142292945,6.271830519832436,6.185999387472187,6.210522651672363,592100,0.0,0.0
2025-12-01 00:00:00-05:00,6.179868164882313,6.198260466087358,6.1430835624722215,6.192130088806152,778000,0.0,0.0
2025-12-02 00:00:00-05:00,6.210522230921748,6.210522230921748,6.161475705844199,6.198260307312012,816300,0.0,0.0
2025-12-03 00:00:00-05:00,6.210522702498334,6.241176929169609,6.198260777957526,6.222784042358398,720800,0.0,0.0
2025-12-04 00:00:00-05:00,6.235045453914463,6.241176415680445,6.100167218466326,6.112429141998291,704300,0.0,0.0
2025-12-05 00:00:00-05:00,6.112429644894847,6.228915004628802,6.10016772035404,6.222784042358398,664700,0.0,0.0
2025-12-08 00:00:00-05:00,6.179867967382012,6.210522191531228,6.112429141998291,6.112429141998291,878400,0.0,0.0
2025-12-09 00:00:00-05:00,6.1553449630737305,6.192130150531221,6.1308216996623095,6.1553449630737305,776300,0.0,0.0
2025-12-10 00:00:00-05:00,6.136952443305425,6.253437794194428,6.136952443305425,6.198260307312012,842400,0.0,0.0
2025-12-11 00:00:00-05:00,6.228914531655654,6.24117645526539,6.173737044773238,6.198260307312012,753000,0.0,0.0
2025-12-12 00:00:00-05:00,6.204391956329346,6.253438486839399,6.1798686910743195,6.204391956329346,914700,0.0,0.0
2025-12-15 00:00:00-05:00,6.216653658607475,6.265700187360609,6.179868469702254,6.247307300567627,1124300,0.0,0.0
2025-12-16 00:00:00-05:00,6.210522467856563,6.241176693369681,6.06951326436851,6.081775188446045,1081500,0.0,0.0
2025-12-17 00:00:00-05:00,6.143083821292061,6.23504591587254,6.118559972411147,6.210522651672363,1579700,0.0,0.0
2025-12-18 00:00:00-05:00,6.216653881297241,6.23504618406832,6.136953123048214,6.204391956329346,1090500,0.0,0.0
2025-12-19 00:00:00-05:00,6.179868015280363,6.20439127785367,6.149213790893554,6.149213790893555,2669300,0.0,0.0
2025-12-22 00:00:00-05:00,6.143083405110294,6.24117645526539,6.143083405110294,6.198260307312012,1146500,0.0,0.0
2025-12-23 00:00:00-05:00,6.173737544888236,6.198260809413562,6.0756444867869295,6.100167751312256,930500,0.0,0.0
2025-12-24 00:00:00-05:00,6.087906670726564,6.124691276741156,6.057252442593891,6.118560314178467,477300,0.0,0.0
2025-12-26 00:00:00-05:00,6.124690748074997,6.130821710108478,6.081775183202068,6.106298446655273,508300,0.0,0.0
2025-12-29 00:00:00-05:00,6.136952677433513,6.143083639472281,6.06951326436851,6.081775188446045,915300,0.0,0.0
2025-12-30 00:00:00-05:00,6.112429413959163,6.112429413959163,6.063382887010462,6.081775188446045,986800,0.0,0.0
2025-12-31 00:00:00-05:00,6.094353537525856,6.150957538769805,6.056617936560932,6.088064670562744,1065900,0.25,0.0
2026-01-02 00:00:00-05:00,6.100642942848076,6.245297677881017,6.037750075274388,6.201272010803223,867600,0.0,0.0
2026-01-05 00:00:00-05:00,6.201272349604206,6.220140750724072,6.106932743191234,6.19498348236084,1421500,0.0,0.0
2026-01-06 00:00:00-05:00,6.201272165403734,6.213851099110004,6.1006430949398585,6.169826030731201,1467600,0.0,0.0
2026-01-07 00:00:00-05:00,6.18240416393443,6.207561430733689,6.062907296587085,6.138379096984863,1401200,0.0,0.0
2026-01-08 00:00:00-05:00,6.100643317884261,6.295612598880485,6.100643317884261,6.257876396179199,1205400,0.0,0.0
2026-01-09 00:00:00-05:00,6.301901616953168,6.358505017277215,6.257875950305729,6.2704548835754395,1143500,0.0,0.0
2026-01-12 00:00:00-05:00,6.245297754580221,6.283033355628558,6.19498321998473,6.2767438888549805,654800,0.0,0.0
2026-01-13 00:00:00-05:00,6.270454944869804,6.301901678554927,6.169825876914657,6.201272010803223,697700,0.0,0.0
2026-01-14 00:00:00-05:00,6.2201405176311715,6.295612319892644,6.182404316602152,6.289322853088379,741000,0.0,0.0
2026-01-15 00:00:00-05:00,6.283033294100449,6.396241295729972,6.251586560337075,6.345926761627197,1200900,0.0,0.0
2026-01-16 00:00:00-05:00,6.3207698295894374,6.396241634743758,6.308190895498755,6.383662700653076,833200,0.0,0.0
2026-01-20 00:00:00-05:00,6.301901817321777,6.320769618029694,6.245297815401457,6.301901817321777,744100,0.0,0.0
2026-01-21 00:00:00-05:00,6.314480195700023,6.383662531981035,6.283033461100808,6.364794731140137,1048000,0.0,0.0
2026-01-22 00:00:00-05:00,6.364794639838156,6.402530840775208,6.276743904182743,6.28303337097168,721300,0.0,0.0
2026-01-23 00:00:00-05:00,6.333348031183352,6.333348031183352,6.226429492839139,6.23900842666626,687100,0.0,0.0
2026-01-26 00:00:00-05:00,6.245297815401457,6.339637418737611,6.201272147354225,6.301901817321777,898900,0.0,0.0
2026-01-27 00:00:00-05:00,6.283033461100808,6.377373664898452,6.2704551271390665,6.364794731140137,637500,0.0,0.0
2026-01-28 00:00:00-05:00,7.037752163315584,7.050331097200474,6.5974996738863165,6.716997146606445,5338700,0.0,0.0
2026-01-29 00:00:00-05:00,6.7987577886840125,6.930833583277394,6.685549793376392,6.886807918548584,4524100,0.0,0.0
2026-01-30 00:00:00-05:00,6.886808162926772,6.886808162926772,6.616367697579198,6.798758029937744,3272800,0.0,0.0
2026-02-02 00:00:00-05:00,6.7484433253060825,6.830204596696127,6.685550454865222,6.779890060424805,1761300,0.0,0.0
2026-02-03 00:00:00-05:00,6.786179433389378,6.8616512367507445,6.710707630028012,6.836493968963623,1376600,0.0,0.0
2026-02-04 00:00:00-05:00,6.823915634968349,6.849072902755472,6.767311632498181,6.836493968963623,1003900,0.0,0.0
2026-02-05 00:00:00-05:00,6.855361522457237,6.867940455795135,6.735864654729976,6.742154121398926,1208100,0.0,0.0
2026-02-06 00:00:00-05:00,6.767311281339344,6.817625814302745,6.748442881630661,6.792468547821045,1027100,0.0,0.0
2026-02-09 00:00:00-05:00,6.792468608337285,6.805046941791926,6.660392808182517,6.723285675048828,973500,0.0,0.0
2026-02-10 00:00:00-05:00,6.748443450522312,6.823915856126257,6.704418380417173,6.735865116119385,1267800,0.0,0.0
2026-02-11 00:00:00-05:00,6.792468950526042,6.867940754445638,6.716997146606445,6.716997146606445,1286200,0.0,0.0
2026-02-12 00:00:00-05:00,6.761021654727826,6.77360058756919,6.628945858876166,6.641524791717529,1862500,0.0,0.0
2026-02-13 00:00:00-05:00,6.685550197484337,6.716996931392421,6.559763861648565,6.679260730743408,1089700,0.0,0.0
2026-02-17 00:00:00-05:00,6.679260944748357,6.754732748667954,6.622656941859515,6.716997146606445,1067000,0.0,0.0
2026-02-18 00:00:00-05:00,6.704418122483986,6.735864856976375,6.635235786437988,6.635235786437988,1158600,0.0,0.0
2026-02-19 00:00:00-05:00,6.635235771164604,6.67297137263135,6.572342302324598,6.628946304321289,1209800,0.0,0.0
2026-02-20 00:00:00-05:00,6.635235678410082,6.698128546574332,6.597499477674282,6.685550212860107,840200,0.0,0.0
2026-02-23 00:00:00-05:00,6.6918398683184055,6.729575470321747,6.57234239578247,6.572342395782471,1135800,0.0,0.0
2026-02-24 00:00:00-05:00,6.603789430151829,6.716997440889346,6.597499962933831,6.691840171813965,1026800,0.0,0.0
2026-02-25 00:00:00-05:00,6.698128700256348,6.742154368757667,6.654103631551605,6.698128700256348,612900,0.0,0.0
2026-02-26 00:00:00-05:00,6.74844298827132,6.78617918848846,6.704417921181785,6.742154121398926,1129800,0.0,0.0
2026-02-27 00:00:00-05:00,6.74215404310851,6.786179109686822,6.666682243347168,6.666682243347168,951000,0.0,0.0
2026-03-02 00:00:00-05:00,6.603788656656334,6.82391518513016,6.5471846579175486,6.710707187652588,1570500,0.0,0.0
2026-03-03 00:00:00-05:00,6.572342317453211,6.72328592326079,6.572342317453211,6.635235786437988,986000,0.0,0.0
2026-03-04 00:00:00-05:00,6.679260944748357,6.754732748667954,6.62894640880196,6.716997146606445,1259100,0.0,0.0
2026-03-05 00:00:00-05:00,6.6478142738342285,6.723286078480426,6.616368138412419,6.6478142738342285,650600,0.0,0.0
2026-03-06 00:00:00-05:00,6.622656637391577,6.647813904208204,6.547184836941698,6.597499370574951,1124900,0.0,0.0
2026-03-09 00:00:00-04:00,6.5597640919654285,6.616368095028064,6.364794814727084,6.584921360015869,1795100,0.0,0.0
2026-03-10 00:00:00-04:00,6.553474516676407,6.6729713879915975,6.540895582960823,6.635235786437988,1099600,0.0,0.0
2026-03-11 00:00:00-04:00,6.60378854603607,6.654103077450719,6.572341813952784,6.622656345367432,1661500,0.0,0.0
2026-03-12 00:00:00-04:00,6.559764002134902,6.641525272128325,6.478002732141481,6.503159999847412,1938200,0.0,0.0
2026-03-13 00:00:00-04:00,6.55347466130456,6.5786319294943505,6.427688320355608,6.459135055541992,1923900,0.0,0.0
2026-03-16 00:00:00-04:00,6.534606719099371,6.57863178753233,6.478002716944669,6.496870517730713,1027500,0.0,0.0
2026-03-17 00:00:00-04:00,6.547185450737529,6.641525659991647,6.547185450737529,6.559764385223389,1296700,0.0,0.0
2026-03-18 00:00:00-04:00,6.522028137069825,6.647814482087273,6.50316033526636,6.540895938873291,1128000,0.0,0.0
2026-03-19 00:00:00-04:00,6.50316033526636,6.628946680283807,6.50316033526636,6.540895938873291,1063400,0.0,0.0
2026-03-20 00:00:00-04:00,6.559764150441546,6.572342484680602,6.327059268951417,6.327059268951416,3919100,0.0,0.0
2026-03-23 00:00:00-04:00,6.452845190237418,6.603788790059023,6.396241190355179,6.534606456756592,1780000,0.0,0.0
2026-03-24 00:00:00-04:00,6.528317356953234,6.660393164167188,6.496870621941039,6.584921360015869,1597100,0.0,0.0
2026-03-25 00:00:00-04:00,6.647814012124307,6.729575280554738,6.635235678410082,6.685550212860107,1559900,0.0,0.0
2026-03-26 00:00:00-04:00,6.679261237377971,6.73586524274673,6.660393435520587,6.691840171813965,1431400,0.0,0.0
2026-03-27 00:00:00-04:00,6.666682929166757,6.704418533031117,6.540895983494599,6.559764385223389,1503700,0.0,0.0
2026-03-30 00:00:00-04:00,6.616367970431231,6.716997040737983,6.572342302324598,6.628946304321289,1895100,0.0,0.0
2026-03-31 00:00:00-04:00,6.73846260771533,6.828652576654834,6.699809588350143,6.802884101867676,1662400,0.25,0.0
2026-04-01 00:00:00-04:00,6.822210435114523,6.841536637983056,6.7513466673150475,6.783557415008545,1470600,0.0,0.0
2026-04-02 00:00:00-04:00,6.706251677280152,6.867304793888681,6.706251677280152,6.847978591918945,1328300,0.0,0.0
2026-04-06 00:00:00-04:00,6.822210507414454,6.899515934076761,6.7706735563062495,6.796442031860352,1538100,0.0,0.0
2026-04-07 00:00:00-04:00,6.796441880124345,6.822210355103145,6.7449049301667445,6.751346588134766,1953900,0.0,0.0
2026-04-08 00:00:00-04:00,6.880189506263714,6.951052658130538,6.873747233993394,6.931726455688477,2219300,0.0,0.0
2026-04-09 00:00:00-04:00,6.912399453501988,7.0219156216848475,6.912399453501988,6.976820945739746,1774700,0.0,0.0
2026-04-10 00:00:00-04:00,7.002589427866728,7.041242446127902,6.963937023974438,6.996147155761719,1279300,0.0,0.0
2026-04-13 00:00:00-04:00,6.963937078811595,7.144316398590064,6.963937078811595,7.137874126434326,1802900,0.0,0.0
2026-04-14 00:00:00-04:00,7.131432056427001,7.150758873442058,7.086337378796347,7.131432056427002,1539700,0.0,0.0
2026-04-15 00:00:00-04:00,7.099221689534373,7.24094799009442,7.086337145282249,7.228064060211182,1275200,0.0,0.0
2026-04-16 00:00:00-04:00,7.208737481380511,7.221622026057215,7.11210585378085,7.131432056427002,1324000,0.0,0.0
2026-04-17 00:00:00-04:00,7.176527233229092,7.20229570779996,7.112105739617474,7.189411163330078,1583100,0.0,0.0
2026-04-20 00:00:00-04:00,7.182968786752487,7.182968786752487,7.067010960052477,7.099221706390381,1609300,0.0,0.0
2026-04-21 00:00:00-04:00,7.118547835546616,7.13787403740389,7.054126343530532,7.086337089538574,1446600,0.0,0.0
2026-04-22 00:00:00-04:00,7.124990391068372,7.182968998946697,7.092779643778921,7.112105846405029,847400,0.0,0.0
2026-04-23 00:00:00-04:00,7.0734528267839085,7.118548118736701,7.0734528267839085,7.112105846405029,732600,0.0,0.0
2026-04-24 00:00:00-04:00,7.079895185078916,7.182969086161546,7.079895185078916,7.163642883300781,1069300,0.0,0.0
2026-04-27 00:00:00-04:00,7.099221995192587,7.170085148523636,7.0863374503857175,7.144316673278809,829400,0.0,0.0
2026-04-28 00:00:00-04:00,7.182969071722585,7.208737546941443,7.105663646066009,7.124990463256836,1233600,0.0,0.0
2026-04-29 00:00:00-04:00,6.886631092190614,7.0154740787748375,6.841536415507471,6.91884183883667,2784900,0.0,0.0
2026-04-30 00:00:00-04:00,6.94461029515423,7.079894939219457,6.94461029515423,7.047684192657471,1975000,0.0,0.0
2026-05-01 00:00:00-04:00,7.041242693863363,7.118548118736701,7.002589674242242,7.112105846405029,1862200,0.0,0.0
2026-05-04 00:00:00-04:00,7.06701108938164,7.1121057664586225,7.060568817122386,7.07989501953125,1374900,0.0,0.0
2026-05-05 00:00:00-04:00,7.073452617824949,7.124990180586925,7.060568687911119,7.099221706390381,930000,0.0,0.0
2026-05-06 00:00:00-04:00,7.157200641018463,7.157200641018463,7.041242808996847,7.054126739501953,905800,0.0,0.0
2026-05-07 00:00:00-04:00,7.054126456982592,7.1121056778557765,7.002589508288404,7.028357982635498,1030900,0.0,0.0
2026-05-08 00:00:00-04:00,7.047684071455148,7.112105563471232,7.028357869597874,7.086337089538574,760100,0.0,0.0
2026-05-11 00:00:00-04:00,7.079895011897303,7.118548031042252,7.041242607121251,7.060568809509277,1351200,0.0,0.0
2026-05-12 00:00:00-04:00,7.054126564672374,7.060568836949718,6.8995157162294865,6.951052665710449,1009300,0.0,0.0
2026-05-13 00:00:00-04:00,6.912399817732295,7.0798952148810805,6.893073614790178,7.054126739501953,1207000,0.0,0.0
2026-05-14 00:00:00-04:00,7.086337559492716,7.1056637626316705,7.034800608209554,7.06701135635376,972400,0.0,0.0
2026-05-15 00:00:00-04:00,7.028358170303519,7.028358170303519,6.918841997811895,6.9832634925842285,1589700,0.0,0.0
2026-05-18 00:00:00-04:00,6.931726557001101,7.079895135170669,6.931726557001101,7.021915912628174,1600500,0.0,0.0
2026-05-19 00:00:00-04:00,7.021915825269272,7.054126572322028,6.944610400963997,6.970378875732422,1358500,0.0,0.0
2026-05-20 00:00:00-04:00,6.996147523309169,7.105663697372304,6.976821320347708,7.073452949523926,1500800,0.0,0.0
2026-05-21 00:00:00-04:00,7.067011284375974,7.1121059626972185,6.97037904092756,7.054126739501953,1365200,0.0,0.0
2026-05-22 00:00:00-04:00,7.099221755777982,7.105663413595267,6.996147243905851,7.047684192657471,1396600,0.0,0.0
2026-05-26 00:00:00-04:00,7.0541266241578,7.118548118736701,7.015474218905584,7.112105846405029,1486600,0.0,0.0
2026-05-27 00:00:00-04:00,7.118548023324492,7.137874225691565,7.028358054996658,7.041242599487305,1615400,0.0,0.0
2026-05-28 00:00:00-04:00,7.009031867786148,7.1121057664586225,7.009031867786148,7.07989501953125,1060800,0.0,0.0
2026-05-29 00:00:00-04:00,7.0927795564019185,7.12499030329456,7.060568809509277,7.060568809509277,1114100,0.0,0.0
2026-06-01 00:00:00-04:00,7.002589781696259,7.099222025047421,6.963937375850925,7.0348005294799805,1374300,0.0,0.0
2026-06-02 00:00:00-04:00,6.996147123589832,7.1314317653285055,6.996147123589832,7.086337089538574,1801700,0.0,0.0
2026-06-03 00:00:00-04:00,7.041242794785126,7.079895200591346,7.0025897746099925,7.015474319458008,903900,0.0,0.0
2026-06-04 00:00:00-04:00,7.015474326557313,7.079895207755841,7.015474326557313,7.0348005294799805,738900,0.0,0.0
2026-06-05 00:00:00-04:00,7.028358271157546,7.086337494410843,7.028358271157546,7.073452949523926,758400,0.0,0.0
2026-06-08 00:00:00-04:00,7.105663315846381,7.124990132139037,6.963937015913523,6.976820945739746,656100,0.0,0.0
2026-06-09 00:00:00-04:00,7.0025893956652165,7.086337089538574,7.0025893956652165,7.086337089538574,993400,0.0,0.0
2026-06-10 00:00:00-04:00,7.099222017863369,7.112105948342471,7.009032047034001,7.015474319458008,649200,0.0,0.0
2026-06-11 00:00:00-04:00,7.079895245623201,7.079895245623201,6.938168937607058,6.944610595703125,779600,0.0,0.0
2026-06-12 00:00:00-04:00,6.970378787722803,7.002589534368858,6.899515636596593,6.91884183883667,1039800,0.0,0.0
2026-06-15 00:00:00-04:00,6.976820970512642,6.996147172505039,6.847978599948521,6.867304801940918,1112400,0.0,0.0
2026-06-16 00:00:00-04:00,7.054126367803727,7.112105587943933,6.854420847730664,6.976820945739746,3622200,0.0,0.0
2026-06-17 00:00:00-04:00,6.970379057071747,7.0412428253051615,6.893073630755317,6.90595817565918,3531900,0.0,0.0
2026-06-18 00:00:00-04:00,6.912399453501988,6.989705489934851,6.880189321751991,6.976820945739746,5047000,0.0,0.0
2026-06-22 00:00:00-04:00,6.9703790641526515,7.021916015082626,6.912399840764201,6.925284385681152,2786500,0.0,0.0
2026-06-23 00:00:00-04:00,6.91239954088913,7.028357982635498,6.905957883079023,7.028357982635498,2648400,0.0,0.0
2026-06-24 00:00:00-04:00,7.028358287541102,7.028358287541102,6.8866313652992135,6.925284385681152,3754700,0.0,0.0
2026-06-25 00:00:00-04:00,6.8608624894434,6.944610183409433,6.828652357768594,6.938168525695801,4223500,0.0,0.0
2026-06-26 00:00:00-04:00,6.912399847747122,6.9574951406330925,6.886631372256104,6.944610595703125,6640300,0.0,0.0
2026-06-29 00:00:00-04:00,6.9446106055838515,6.9446106055838515,6.77711582183838,6.777115821838379,27782800,0.0,0.0
2026-06-30 00:00:00-04:00,6.828652470023174,6.918841823185442,6.789999451261567,6.880189418792725,3711400,0.0,0.0
2026-07-01 00:00:00-04:00,6.860862636334051,6.9123995853598,6.783557212795427,6.789999485015869,3375000,0.0,0.0
2026-07-02 00:00:00-04:00,6.8673050100081765,6.8673050100081765,6.661157210859668,6.693367958068848,5270300,0.0,0.0
2026-07-06 00:00:00-04:00,6.706251727143915,6.751346403531558,6.6031778300470805,6.628946304321289,3664300,0.0,0.0
2026-07-07 00:00:00-04:00,6.622504154470062,6.654714901499938,6.564524932690065,6.5902934074401855,4761900,0.0,0.0
2026-07-08 00:00:00-04:00,6.570967182180948,6.628946403759866,6.525872505116856,6.532314777374268,3548700,0.0,0.0
2026-07-09 00:00:00-04:00,6.570967269583813,6.603178016930425,6.525872591919898,6.5838518142700195,4029100,0.0,0.0
2026-07-10 00:00:00-04:00,6.622503999273073,6.744904712244387,6.596735525126831,6.7191362380981445,2945500,0.0,0.0
2026-07-13 00:00:00-04:00,6.719136344839914,6.74490481939552,6.62250410447972,6.641830921173096,2207100,0.0,0.0
2026-07-14 00:00:00-04:00,6.661157395152684,6.854421269385858,6.65471512265883,6.835094451904297,4355800,0.0,0.0
2026-07-15 00:00:00-04:00,6.860862636334051,6.931726402021127,6.744904808210562,6.789999485015869,14166000,0.0,0.0
2026-07-16 00:00:00-04:00,6.860000133514404,7.099999904632568,6.809999942779541,7.019999980926514,13006300,3.75,0.0
2026-07-17 00:00:00-04:00,6.96999979019165,7.059999942779541,6.889999866485596,6.980000019073486,26667700,0.0,0.0
2026-07-20 00:00:00-04:00,6.96999979019165,7.0,6.75,6.829999923706055,10099900,0.0,0.0
2026-07-21 00:00:00-04:00,6.840000152587891,6.949999809265137,6.840000152587891,6.880000114440918,3398700,0.0,0.0
2026-07-22 00:00:00-04:00,6.900000095367432,6.920000076293945,6.78000020980835,6.78000020980835,3602600,0.0,0.0
2026-07-23 00:00:00-04:00,6.760000228881836,6.789999961853027,6.650000095367432,6.760000228881836,4550400,0.0,0.0
2026-07-24 00:00:00-04:00,6.760000228881836,6.809999942779541,6.75,6.769999980926514,3019800,0.0,0.0
2026-07-27 00:00:00-04:00,6.78000020980835,6.829999923706055,6.679999828338623,6.690000057220459,4003800,0.0,0.0
2026-07-28 00:00:00-04:00,6.71999979019165,6.760000228881836,6.659999847412109,6.730000019073486,2532000,0.0,0.0
2026-07-29 00:00:00-04:00,6.800000190734863,6.800000190734863,6.53000020980835,6.599999904632568,4965300,0.0,0.0
2026-07-30 00:00:00-04:00,6.670000076293945,6.710000038146973,6.429999828338623,6.5,3643800,0.0,0.0
2026-07-31 00:00:00-04:00,6.539999961853027,6.699999809265137,6.510000228881836,6.619999885559082,3187600,0.0,0.0
2026-08-03 00:00:00-04:00,6.610000133514404,6.849999904632568,6.610000133514404,6.809999942779541,4460400,0.0,0.0
2026-08-04 00:00:00-04:00,6.78000020980835,6.849999904632568,6.760000228881836,6.789999961853027,2482700,0.0,0.0
2026-08-05 00:00:00-04:00,6.760000228881836,6.769999980926514,6.639999866485596,6.659999847412109,1930200,0.0,0.0
2026-08-06 00:00:00-04:00,6.670000076293945,6.730000019073486,6.630000114440918,6.690000057220459,2774300,0.0,0.0
2026-08-07 00:00:00-04:00,6.699999809265137,6.789999961853027,6.699999809265137,6.760000228881836,1868900,0.0,0.0
2026-08-10 00:00:00-04:00,6.730000019073486,6.760000228881836,6.650000095367432,6.650000095367432,2284800,0.0,0.0
2026-08-11 00:00:00-04:00,6.75,6.809999942779541,6.650000095367432,6.71999979019165,2838600,0.0,0.0
2026-08-12 00:00:00-04:00,6.769999980926514,6.96999979019165,6.769999980926514,6.900000095367432,9359000,0.0,0.0
2026-08-13 00:00:00-04:00,6.869999885559082,7.0,6.869999885559082,6.909999847412109,3420600,0.0,0.0
2026-08-14 00:00:00-04:00,6.89300012588501,6.949999809265137,6.811100006103516,6.829999923706055,3285180,0.0,0.0
