Date,Open,High,Low,Close,Volume,Dividends,Stock Splits
2022-01-03 00:00:00-05:00,218.70651926431643,223.49663553343154,218.70651926431643,223.11846923828125,6923,0.0,0.0
2022-01-04 00:00:00-05:00,224.88323147458212,230.05151383486336,223.7487326339082,229.29518127441406,13677,0.0,0.0
2022-01-05 00:00:00-05:00,230.0515212370485,236.22824227806666,228.9170223598707,230.9339141845703,17823,0.0,0.0
2022-01-06 00:00:00-05:00,232.4465720406669,232.95079867993158,227.40435003547012,228.53884887695312,9038,0.0,0.0
2022-01-07 00:00:00-05:00,227.02617674216742,228.79094773135523,224.63111877441406,224.63111877441406,6408,0.0,0.0
2022-01-10 00:00:00-05:00,224.75717213006268,225.89168577167254,220.84944895150318,222.48817443847656,6500,0.0,0.0
2022-01-11 00:00:00-05:00,223.49663567611088,223.49663567611088,218.32835310854608,221.3536834716797,11854,0.0,0.0
2022-01-12 00:00:00-05:00,223.11846131624154,225.6395649291234,220.21917662581978,223.7487335205078,8085,0.0,0.0
2022-01-13 00:00:00-05:00,224.25295915869745,232.57263211522263,224.25295915869745,230.5557403564453,7731,0.0,0.0
2022-01-14 00:00:00-05:00,227.90856116877995,233.70713051271443,227.90856116877995,233.32896423339844,10423,0.0,0.0
2022-01-18 00:00:00-05:00,228.79095435825266,232.32051123467767,227.65645551895358,231.31207275390625,17415,0.0,0.0
2022-01-19 00:00:00-05:00,229.92545409364214,233.2029050616017,225.13533800072182,225.765625,10038,0.0,0.0
2022-01-20 00:00:00-05:00,224.75716441324994,228.66490225345797,222.23606088554163,223.3705596923828,12000,0.0,0.0
2022-01-21 00:00:00-05:00,222.99240100048334,230.55574143223524,222.99240100048334,224.25296020507812,17985,0.0,0.0
2022-01-24 00:00:00-05:00,222.48816714132968,224.88322511361218,219.33677662999125,222.36212158203125,13023,0.0,0.0
2022-01-25 00:00:00-05:00,219.33678444706817,222.36212950693027,214.04245648498897,218.9586181640625,14915,0.0,0.0
2022-01-26 00:00:00-05:00,219.84100381615698,223.74872687653252,213.2861168623243,215.30299377441406,18477,0.0,0.0
2022-01-27 00:00:00-05:00,214.16849510620628,220.47127614919825,211.8994974817251,214.54666137695312,13962,0.0,0.0
2022-01-28 00:00:00-05:00,213.53823059898022,214.29456316767133,208.62205410667093,214.1685028076172,7992,0.0,0.0
2022-01-31 00:00:00-05:00,211.8994968408326,218.83255004882812,211.8994968408326,218.83255004882812,11738,0.0,0.0
2022-02-01 00:00:00-05:00,218.07622461873675,223.37056736158786,216.68961985026195,222.48817443847656,11992,0.0,0.0
2022-02-02 00:00:00-05:00,221.73184974152747,222.9924089912937,220.0931241964131,220.84945678710938,9177,0.0,0.0
2022-02-03 00:00:00-05:00,218.7065119485513,222.61423513299604,217.95017938355016,220.9755096435547,9300,0.0,0.0
2022-02-04 00:00:00-05:00,219.9670642908551,221.22760866264056,215.55511460215686,216.3114471435547,10254,0.0,0.0
2022-02-07 00:00:00-05:00,215.5551221604882,218.83255835619494,214.0424570246517,217.19384765625,14938,0.0,0.0
2022-02-08 00:00:00-05:00,217.69804367088412,222.8663257063082,217.19383185948848,222.7402801513672,18138,0.0,0.0
2022-02-09 00:00:00-05:00,222.6142281255402,223.8747872928011,215.30299383291674,215.80722045898438,16615,0.0,0.0
2022-02-10 00:00:00-05:00,206.73121840631234,208.11783795075908,191.98271882626193,194.1256561279297,38062,0.0,0.0
2022-02-11 00:00:00-05:00,193.99961259990266,193.99961259990266,182.78065495254737,183.28488159179688,26400,0.0,0.0
2022-02-14 00:00:00-05:00,183.78909426692036,185.30177419151414,176.47787454589277,176.72998046875,43008,0.0,0.0
2022-02-15 00:00:00-05:00,177.9905324618324,179.8813637961801,173.0743709925284,175.84759521484375,22331,0.0,0.0
2022-02-16 00:00:00-05:00,174.58704371883113,176.60393549588488,168.53636838766988,175.4694366455078,23215,0.0,0.0
2022-02-17 00:00:00-05:00,174.96520332540757,175.46942994938334,167.90608977301213,168.78848266601562,23069,0.0,0.0
2022-02-18 00:00:00-05:00,168.7884811921243,178.11659227723146,166.89763506768048,177.10813903808594,31000,0.0,0.0
2022-02-22 00:00:00-05:00,177.23420000200318,179.6292579584478,174.0828095115041,174.5870361328125,19285,0.0,0.0
2022-02-23 00:00:00-05:00,176.22576968898946,177.7384348269162,171.81381983949177,172.6962127685547,15331,0.0,0.0
2022-02-24 00:00:00-05:00,171.30960143803924,171.30960143803924,165.76315246821073,168.536376953125,14738,0.0,0.0
2022-02-25 00:00:00-05:00,170.3011614899329,174.71309671947765,170.1751011248085,174.33493041992188,10962,0.0,0.0
2022-02-28 00:00:00-05:00,171.68775906010336,174.58704376459374,171.05748685277874,173.20042419433594,13715,0.0,0.0
2022-03-01 00:00:00-05:00,172.94832011530343,175.21731784085435,162.98992148096286,163.3680877685547,16992,0.0,0.0
2022-03-02 00:00:00-05:00,164.37653343699083,167.14975768255934,161.72935475089156,164.75469970703125,13054,0.0,0.0
2022-03-03 00:00:00-05:00,169.7969276423126,173.5785904778941,169.0405950751963,173.20042419433594,15700,0.0,0.0
2022-03-04 00:00:00-05:00,170.67932857562036,174.3349312228909,169.67087524161514,170.8053741455078,17531,0.0,0.0
2022-03-07 00:00:00-05:00,169.54481577078954,171.93987374790973,161.22514302855362,161.72935485839844,27223,0.0,0.0
2022-03-08 00:00:00-05:00,162.73780810972082,166.39342525308578,160.09064421767823,161.72935485839844,19038,0.0,0.0
2022-03-09 00:00:00-05:00,165.1328582763672,167.7800220432039,164.502571325148,165.1328582763672,15677,0.0,0.0
2022-03-10 00:00:00-05:00,161.98148319140324,166.01526679487534,161.099090253928,163.11598205566406,21954,0.0,0.0
2022-03-11 00:00:00-05:00,164.88075405946722,165.8892073638993,158.9561389823345,159.33432006835938,15785,0.0,0.0
2022-03-14 00:00:00-04:00,159.46036477456647,164.3765413165709,156.56109483054885,163.62020874023438,22531,0.0,0.0
2022-03-15 00:00:00-04:00,165.76313084421705,166.26735744728387,158.0737454275727,159.08218383789062,18831,0.0,0.0
2022-03-16 00:00:00-04:00,159.9645842632132,162.73780851757544,159.3343120764194,161.2251434326172,24631,0.0,0.0
2022-03-17 00:00:00-04:00,163.87231427605414,166.14131199964956,159.58642475510152,164.62864685058594,23054,0.0,0.0
2022-03-18 00:00:00-04:00,163.99837510326577,168.2842646364015,157.06530675592677,161.3511962890625,117454,0.0,0.0
2022-03-21 00:00:00-04:00,164.88075313479746,173.074380703043,162.48570984079151,163.11598205566406,24031,0.0,0.0
2022-03-22 00:00:00-04:00,163.1159743800126,165.5110323571328,161.47724894347604,161.72935485839844,17954,0.0,0.0
2022-03-23 00:00:00-04:00,160.46881748302218,166.5194780714474,159.20825826182792,164.88075256347656,15100,0.0,0.0
2022-03-24 00:00:00-04:00,167.4018630281204,168.66242218924114,165.25891097463352,167.780029296875,15477,0.0,0.0
2022-03-25 00:00:00-04:00,168.1581880333002,172.8222434042947,167.2757951804592,169.16664123535156,13946,0.0,0.0
2022-03-28 00:00:00-04:00,169.2926944941751,170.1750873871786,165.51103180389765,168.78848266601562,17754,0.0,0.0
2022-03-29 00:00:00-04:00,170.1750874892298,173.70464426754415,165.63709225817553,165.7631378173828,16485,0.0,0.0
2022-03-30 00:00:00-04:00,166.64553937832594,166.64553937832594,161.47725689916206,161.6033172607422,15231,0.0,0.0
2022-03-31 00:00:00-04:00,161.60330818703383,162.62289581828838,157.14264595844492,157.77989196777344,20431,1.82,0.0
2022-04-01 00:00:00-04:00,159.4367087694008,162.1131000913281,157.39754849011132,160.838623046875,18785,0.0,0.0
2022-04-04 00:00:00-04:00,157.2700934831097,159.43670591581994,155.2309332403169,156.7602996826172,22569,0.0,0.0
2022-04-05 00:00:00-04:00,157.01521441912905,158.4171287639818,150.13305001565493,150.387939453125,17708,0.0,0.0
2022-04-06 00:00:00-04:00,149.3683556877853,149.3683556877853,145.03514581647,147.8389892578125,36454,0.0,0.0
2022-04-07 00:00:00-04:00,147.45666059790366,148.73113772118015,141.97642542291103,145.54495239257812,19669,0.0,0.0
2022-04-08 00:00:00-04:00,147.20175095054998,147.20175095054998,140.064697265625,140.064697265625,15792,0.0,0.0
2022-04-11 00:00:00-04:00,140.19215207971263,146.43707043087193,140.19215207971263,142.3587646484375,25508,0.0,0.0
2022-04-12 00:00:00-04:00,144.0155708691393,149.36836880322917,142.74110870504123,145.54495239257812,23715,0.0,0.0
2022-04-13 00:00:00-04:00,145.54494390784683,150.26049552581006,145.54494390784683,148.8585662841797,17062,0.0,0.0
2022-04-14 00:00:00-04:00,149.24091484036478,152.42710013133265,148.9860254023915,152.17221069335938,24738,0.0,0.0
2022-04-18 00:00:00-04:00,152.68199383165185,157.27009314879984,150.89772301330953,154.0839080810547,35192,0.0,0.0
2022-04-19 00:00:00-04:00,154.33880434592567,159.30926045244738,153.57412109248813,156.5054168701172,26269,0.0,0.0
2022-04-20 00:00:00-04:00,158.41711873259803,161.34841439418858,157.9073398899384,158.54457092285156,18138,0.0,0.0
2022-04-21 00:00:00-04:00,159.05437354600318,163.13267930935345,158.79946915135884,159.6916046142578,19246,0.0,0.0
2022-04-22 00:00:00-04:00,159.6915972123402,159.6915972123402,153.19177479703467,153.70156860351562,16654,0.0,0.0
2022-04-25 00:00:00-04:00,153.19177628336692,154.33880113969494,147.9664308539765,148.8585662841797,14962,0.0,0.0
2022-04-26 00:00:00-04:00,147.2017581357947,147.9664414279927,142.99600002870568,143.3783416748047,13238,0.0,0.0
2022-04-27 00:00:00-04:00,144.27046396186378,145.41748879515913,141.3391683039909,142.99598693847656,18477,0.0,0.0
2022-04-28 00:00:00-04:00,145.03514963718226,146.4370639151961,141.97641669665936,145.2900390625,13185,0.0,0.0
2022-04-29 00:00:00-04:00,144.27047472612256,144.52536416614683,139.42747065141288,140.19215393066406,15246,0.0,0.0
2022-05-02 00:00:00-04:00,141.33918099068472,142.61365812846984,138.66278947276103,141.5940704345703,20938,0.0,0.0
2022-05-03 00:00:00-04:00,141.97641906358092,142.10385629877558,113.93798344409419,119.8005599975586,72931,0.0,0.0
2022-05-04 00:00:00-04:00,118.39863721397,120.94759132476675,110.87924203405048,119.54566955566406,50162,0.0,0.0
2022-05-05 00:00:00-04:00,119.03587937802686,119.03587937802686,111.13414233602003,112.53606414794922,48469,0.0,0.0
2022-05-06 00:00:00-04:00,111.77137875023212,117.63395532126732,110.62434639538706,112.91840362548828,32200,0.0,0.0
2022-05-09 00:00:00-04:00,111.38903605097072,112.02626710024198,101.57558364937401,103.99708557128906,55854,0.0,0.0
2022-05-10 00:00:00-04:00,104.25197994618108,104.37943214575432,96.73258439574867,97.24237823486328,55354,0.0,0.0
2022-05-11 00:00:00-04:00,98.26195643769147,102.72261130160281,97.4972656945513,100.30110931396484,39646,0.0,0.0
2022-05-12 00:00:00-04:00,99.53642719559231,103.74219267310048,97.24237737854557,100.5560073852539,30838,0.0,0.0
2022-05-13 00:00:00-04:00,101.57558593872665,107.69305949856627,96.8600341821408,106.2911376953125,47231,0.0,0.0
2022-05-16 00:00:00-04:00,105.52645016152499,105.52645016152499,98.64429362037714,99.28152465820312,20131,0.0,0.0
2022-05-17 00:00:00-04:00,100.93834490544457,103.23240210853518,99.66387533002872,102.21282196044922,18954,0.0,0.0
2022-05-18 00:00:00-04:00,101.70303331637663,102.97751043616546,98.13450635647493,99.91876983642578,32885,0.0,0.0
2022-05-19 00:00:00-04:00,98.26195450810671,102.21282294526317,94.94831712500344,101.5755844116211,43385,0.0,0.0
2022-05-20 00:00:00-04:00,103.35984639927268,105.52645140024424,98.38939787243469,99.53642272949219,26915,0.0,0.0
2022-05-23 00:00:00-04:00,100.93834818254582,104.76177199210366,95.96789947399736,102.97750854492188,51992,0.0,0.0
2022-05-24 00:00:00-04:00,102.72260985200559,107.18327213255814,100.93834643570234,106.03624725341797,32046,0.0,0.0
2022-05-25 00:00:00-04:00,105.90879752072323,110.62434934211143,105.01666953162315,110.11456298828125,24938,0.0,0.0
2022-05-26 00:00:00-04:00,110.11456385749676,112.79096280510197,107.565617109047,107.69306182861328,35800,0.0,0.0
2022-05-27 00:00:00-04:00,109.22243286633757,111.26158572142775,108.71263904287332,110.49690246582031,13646,0.0,0.0
2022-05-31 00:00:00-04:00,110.87924509352627,111.64392835602956,106.5460349529482,109.85966491699219,56215,0.0,0.0
2022-06-01 00:00:00-04:00,109.34988058092074,113.17330444338998,106.03625055589497,107.69306182861328,20392,0.0,0.0
2022-06-02 00:00:00-04:00,108.71263579024902,110.62434387207031,106.03624447569919,110.62434387207031,17823,0.0,0.0
2022-06-03 00:00:00-04:00,109.98711778766744,109.98711778766744,104.50687524016925,104.76177215576172,14962,0.0,0.0
2022-06-06 00:00:00-04:00,107.31071399232412,109.85966059355304,105.0166642950947,109.73221588134766,24192,0.0,0.0
2022-06-07 00:00:00-04:00,108.33029624745832,110.62434598955478,106.16369122005982,109.3498764038086,22662,0.0,0.0
2022-06-08 00:00:00-04:00,108.71263644291513,109.22243025418722,105.90879291968494,106.41858673095703,16192,0.0,0.0
2022-06-09 00:00:00-04:00,105.14411582210414,106.54603766558243,102.97751069665391,103.48729705810547,17885,0.0,0.0
2022-06-10 00:00:00-04:00,101.5755844116211,101.95792603588856,98.64429613237418,101.5755844116211,17069,0.0,0.0
2022-06-13 00:00:00-04:00,98.89918451056161,98.89918451056161,91.63468624713443,93.54639434814453,37531,0.0,0.0
2022-06-14 00:00:00-04:00,92.90915981889638,94.18363692746613,89.08574345236539,89.21318817138672,25185,0.0,0.0
2022-06-15 00:00:00-04:00,90.74255156510809,92.78171187613249,87.4289216693851,91.12489318847656,43700,0.0,0.0
2022-06-16 00:00:00-04:00,88.70340255894578,89.08574419880247,83.73295376121968,85.0074234008789,43523,0.0,0.0
2022-06-17 00:00:00-04:00,86.15444416115062,88.83084299052747,85.13486401089224,86.66423797607422,45054,0.0,0.0
2022-06-21 00:00:00-04:00,89.08573936421777,92.1444723170772,86.40934055087699,90.87000274658203,47408,0.0,0.0
2022-06-22 00:00:00-04:00,90.10532051255322,93.03660878490776,89.85042360377795,91.12489318847656,35131,0.0,0.0
2022-06-23 00:00:00-04:00,91.76213519890655,93.80129558722626,90.23276864746134,92.7817153930664,16608,0.0,0.0
2022-06-24 00:00:00-04:00,94.18363185048727,96.09533993070194,93.03660700235848,93.29150390625,43731,0.0,0.0
2022-06-27 00:00:00-04:00,94.18363287501083,95.71299935581891,93.1640527279425,93.54639434814453,23777,0.0,0.0
2022-06-28 00:00:00-04:00,94.9483212785641,95.45811511961449,88.4485059020906,88.5759506225586,20923,0.0,0.0
2022-06-29 00:00:00-04:00,88.19360393324125,90.87000274658203,85.89955421859668,90.87000274658203,28154,0.0,0.0
2022-06-30 00:00:00-04:00,88.79000091552734,90.61000061035156,86.31999969482422,89.44000244140625,21254,1.82,0.0
2022-07-01 00:00:00-04:00,89.44000244140625,94.37999725341797,89.44000244140625,93.98999786376953,28938,0.0,0.0
2022-07-05 00:00:00-04:00,91.38999938964844,92.69000244140625,88.2699966430664,91.6500015258789,21662,0.0,0.0
2022-07-06 00:00:00-04:00,92.16999816894531,92.16999816894531,85.0199966430664,86.70999908447266,22785,0.0,0.0
2022-07-07 00:00:00-04:00,87.62000274658203,88.4000015258789,85.27999877929688,85.80000305175781,28523,0.0,0.0
2022-07-08 00:00:00-04:00,85.93000030517578,86.97000122070312,83.19999694824219,84.5,18923,0.0,0.0
2022-07-11 00:00:00-04:00,84.5,85.93000030517578,82.94000244140625,84.5,25738,0.0,0.0
2022-07-12 00:00:00-04:00,84.76000213623047,88.13999938964844,84.76000213623047,85.1500015258789,21692,0.0,0.0
2022-07-13 00:00:00-04:00,84.5,84.5,81.25,83.19999694824219,16031,0.0,0.0
2022-07-14 00:00:00-04:00,82.02999877929688,85.54000091552734,80.47000122070312,85.0199966430664,23100,0.0,0.0
2022-07-15 00:00:00-04:00,86.97000122070312,88.13999938964844,83.58999633789062,85.0199966430664,26385,0.0,0.0
2022-07-18 00:00:00-04:00,85.80000305175781,88.01000213623047,85.27999877929688,86.97000122070312,21262,0.0,0.0
2022-07-19 00:00:00-04:00,88.52999877929688,91.38999938964844,87.62000274658203,89.05000305175781,40646,0.0,0.0
2022-07-20 00:00:00-04:00,88.4000015258789,90.4800033569336,86.97000122070312,87.2300033569336,29838,0.0,0.0
2022-07-21 00:00:00-04:00,85.80000305175781,86.31999969482422,81.25,82.80999755859375,25392,0.0,0.0
2022-07-22 00:00:00-04:00,82.68000030517578,82.94000244140625,79.43000030517578,81.9000015258789,24031,0.0,0.0
2022-07-25 00:00:00-04:00,82.80999755859375,83.19999694824219,79.16999816894531,83.19999694824219,28377,0.0,0.0
2022-07-26 00:00:00-04:00,83.19999694824219,83.19999694824219,78.26000213623047,78.38999938964844,24631,0.0,0.0
2022-07-27 00:00:00-04:00,79.16999816894531,82.55000305175781,78.5199966430664,82.02999877929688,32262,0.0,0.0
2022-07-28 00:00:00-04:00,83.06999969482422,85.0199966430664,80.33999633789062,80.5999984741211,26377,0.0,0.0
2022-07-29 00:00:00-04:00,80.5999984741211,80.86000061035156,77.73999786376953,79.81999969482422,29792,0.0,0.0
2022-08-01 00:00:00-04:00,80.5999984741211,82.80999755859375,78.6500015258789,82.41999816894531,34815,0.0,0.0
2022-08-02 00:00:00-04:00,89.30999755859375,92.69000244140625,76.30999755859375,76.83000183105469,58785,0.0,0.0
2022-08-03 00:00:00-04:00,77.3499984741211,78.12999725341797,73.05999755859375,74.48999786376953,43569,0.0,0.0
2022-08-04 00:00:00-04:00,74.62000274658203,75.52999877929688,69.80999755859375,70.8499984741211,40223,0.0,0.0
2022-08-05 00:00:00-04:00,69.94000244140625,69.94000244140625,63.56999969482422,65.38999938964844,51200,0.0,0.0
2022-08-08 00:00:00-04:00,66.30000305175781,71.37000274658203,65.6500015258789,68.7699966430664,31200,0.0,0.0
2022-08-09 00:00:00-04:00,68.37999725341797,69.16000366210938,66.69000244140625,68.9000015258789,26515,0.0,0.0
2022-08-10 00:00:00-04:00,70.06999969482422,70.8499984741211,68.37999725341797,69.02999877929688,31254,0.0,0.0
2022-08-11 00:00:00-04:00,70.33000183105469,70.8499984741211,68.25,70.58999633789062,26315,0.0,0.0
2022-08-12 00:00:00-04:00,71.23999786376953,73.97000122070312,70.06999969482422,73.70999908447266,25515,0.0,0.0
2022-08-15 00:00:00-04:00,73.05999755859375,73.97000122070312,70.8499984741211,73.31999969482422,31962,0.0,0.0
2022-08-16 00:00:00-04:00,73.44999694824219,76.69999694824219,72.1500015258789,76.44000244140625,45362,0.0,0.0
2022-08-17 00:00:00-04:00,75.91999816894531,75.91999816894531,73.44999694824219,73.58000183105469,22662,0.0,0.0
2022-08-18 00:00:00-04:00,73.58000183105469,74.0999984741211,72.1500015258789,72.66999816894531,10646,0.0,0.0
2022-08-19 00:00:00-04:00,72.1500015258789,72.27999877929688,67.5999984741211,68.37999725341797,31854,0.0,0.0
2022-08-22 00:00:00-04:00,67.98999786376953,70.8499984741211,66.94999694824219,68.7699966430664,23908,0.0,0.0
2022-08-23 00:00:00-04:00,68.25,69.29000091552734,67.5999984741211,67.7300033569336,24385,0.0,0.0
2022-08-24 00:00:00-04:00,68.37999725341797,68.37999725341797,63.439998626708984,63.83000183105469,32362,0.0,0.0
2022-08-25 00:00:00-04:00,64.61000061035156,69.41999816894531,64.08999633789062,69.02999877929688,37638,0.0,0.0
2022-08-26 00:00:00-04:00,69.02999877929688,70.06999969482422,64.61000061035156,65.12999725341797,23462,0.0,0.0
2022-08-29 00:00:00-04:00,64.73999786376953,64.73999786376953,59.02000045776367,62.13999938964844,50269,0.0,0.0
2022-08-30 00:00:00-04:00,62.91999816894531,65.12999725341797,60.709999084472656,64.3499984741211,44477,0.0,0.0
2022-08-31 00:00:00-04:00,64.4800033569336,65.5199966430664,62.91999816894531,63.310001373291016,41415,0.0,0.0
2022-09-01 00:00:00-04:00,62.0099983215332,62.790000915527344,60.060001373291016,62.400001525878906,29962,0.0,0.0
2022-09-02 00:00:00-04:00,63.70000076293945,66.81999969482422,63.04999923706055,64.22000122070312,34623,0.0,0.0
2022-09-06 00:00:00-04:00,58.630001068115234,59.279998779296875,49.529998779296875,56.68000030517578,224862,0.0,0.0
2022-09-07 00:00:00-04:00,56.68000030517578,56.68000030517578,51.349998474121094,55.63999938964844,128915,0.0,0.0
2022-09-08 00:00:00-04:00,56.290000915527344,58.5,52.130001068115234,58.5,125323,0.0,0.0
2022-09-09 00:00:00-04:00,59.02000045776367,59.02000045776367,55.77000045776367,56.290000915527344,96715,0.0,0.0
2022-09-12 00:00:00-04:00,57.33000183105469,58.88999938964844,53.95000076293945,58.7599983215332,102946,0.0,0.0
2022-09-13 00:00:00-04:00,56.68000030517578,58.2400016784668,53.16999816894531,54.08000183105469,103385,0.0,0.0
2022-09-14 00:00:00-04:00,53.689998626708984,55.119998931884766,52.0,53.689998626708984,130446,0.0,0.0
2022-09-15 00:00:00-04:00,53.040000915527344,58.11000061035156,52.130001068115234,57.459999084472656,178323,0.0,0.0
2022-09-16 00:00:00-04:00,56.290000915527344,56.939998626708984,52.650001525878906,54.599998474121094,822492,0.0,0.0
2022-09-19 00:00:00-04:00,53.95000076293945,62.27000045776367,53.95000076293945,59.279998779296875,170908,0.0,0.0
2022-09-20 00:00:00-04:00,58.630001068115234,63.439998626708984,57.459999084472656,60.709999084472656,107962,0.0,0.0
2022-09-21 00:00:00-04:00,54.08000183105469,60.189998626708984,53.43000030517578,57.33000183105469,113815,0.0,0.0
2022-09-22 00:00:00-04:00,56.290000915527344,57.459999084472656,54.9900016784668,57.06999969482422,95677,0.0,0.0
2022-09-23 00:00:00-04:00,55.77000045776367,59.279998779296875,52.52000045776367,52.650001525878906,79246,0.0,0.0
2022-09-26 00:00:00-04:00,52.2599983215332,52.52000045776367,47.060001373291016,48.4900016784668,62300,0.0,0.0
2022-09-27 00:00:00-04:00,49.27000045776367,49.27000045776367,45.7599983215332,46.150001525878906,59315,0.0,0.0
2022-09-28 00:00:00-04:00,46.540000915527344,47.060001373291016,44.97999954223633,45.11000061035156,60192,0.0,0.0
2022-09-29 00:00:00-04:00,44.20000076293945,44.459999084472656,41.72999954223633,42.63999938964844,58377,0.0,0.0
2022-09-30 00:00:00-04:00,42.900001525878906,43.810001373291016,40.29999923706055,40.43000030517578,83562,0.0,0.0
2022-10-03 00:00:00-04:00,41.209999084472656,41.9900016784668,39.90999984741211,40.81999969482422,103608,0.0,0.0
2022-10-04 00:00:00-04:00,41.599998474121094,44.33000183105469,41.599998474121094,43.68000030517578,112731,0.0,0.0
2022-10-05 00:00:00-04:00,42.77000045776367,43.290000915527344,40.81999969482422,41.209999084472656,58108,0.0,0.0
2022-10-06 00:00:00-04:00,40.560001373291016,41.209999084472656,36.65999984741211,37.70000076293945,86292,0.0,0.0
2022-10-07 00:00:00-04:00,37.18000030517578,37.18000030517578,34.060001373291016,35.22999954223633,71169,0.0,0.0
2022-10-10 00:00:00-04:00,34.970001220703125,37.04999923706055,34.970001220703125,36.0099983215332,67746,0.0,0.0
2022-10-11 00:00:00-04:00,35.22999954223633,36.0099983215332,34.189998626708984,35.22999954223633,63062,0.0,0.0
2022-10-12 00:00:00-04:00,34.84000015258789,36.0099983215332,29.639999389648438,30.290000915527344,199685,0.0,0.0
2022-10-13 00:00:00-04:00,30.15999984741211,30.15999984741211,27.299999237060547,28.469999313354492,365154,0.0,0.0
2022-10-14 00:00:00-04:00,28.989999771118164,29.639999389648438,27.040000915527344,27.040000915527344,155300,0.0,0.0
2022-10-17 00:00:00-04:00,28.469999313354492,32.5,28.079999923706055,30.940000534057617,194838,0.0,0.0
2022-10-18 00:00:00-04:00,31.850000381469727,37.56999969482422,31.850000381469727,36.91999816894531,159631,0.0,0.0
2022-10-19 00:00:00-04:00,35.880001068115234,36.529998779296875,32.630001068115234,33.40999984741211,105192,0.0,0.0
2022-10-20 00:00:00-04:00,33.279998779296875,35.619998931884766,32.88999938964844,33.279998779296875,66331,0.0,0.0
2022-10-21 00:00:00-04:00,33.40999984741211,35.619998931884766,33.150001525878906,34.970001220703125,60369,0.0,0.0
2022-10-24 00:00:00-04:00,34.84000015258789,35.75,32.5,32.5,67892,0.0,0.0
2022-10-25 00:00:00-04:00,32.5,34.709999084472656,31.979999542236328,33.93000030517578,60285,0.0,0.0
2022-10-26 00:00:00-04:00,34.189998626708984,37.18000030517578,33.93000030517578,34.58000183105469,56515,0.0,0.0
2022-10-27 00:00:00-04:00,34.84000015258789,39.2599983215332,34.189998626708984,36.27000045776367,71723,0.0,0.0
2022-10-28 00:00:00-04:00,36.91999816894531,39.650001525878906,36.65999984741211,39.0,64308,0.0,0.0
2022-10-31 00:00:00-04:00,38.869998931884766,38.869998931884766,36.13999938964844,36.790000915527344,63077,0.0,0.0
2022-11-01 00:00:00-04:00,37.18000030517578,39.52000045776367,37.04999923706055,38.7400016784668,65508,0.0,0.0
2022-11-02 00:00:00-04:00,39.130001068115234,39.130001068115234,36.400001525878906,36.790000915527344,58200,0.0,0.0
2022-11-03 00:00:00-04:00,34.060001373291016,36.27000045776367,32.7599983215332,35.22999954223633,40438,0.0,0.0
2022-11-04 00:00:00-04:00,36.400001525878906,40.689998626708984,36.0099983215332,40.29999923706055,64646,0.0,0.0
2022-11-07 00:00:00-05:00,40.95000076293945,48.4900016784668,40.560001373291016,47.709999084472656,111392,0.0,0.0
2022-11-08 00:00:00-05:00,47.58000183105469,48.619998931884766,43.810001373291016,46.150001525878906,75646,0.0,0.0
2022-11-09 00:00:00-05:00,44.97999954223633,46.02000045776367,42.25,42.77000045776367,47008,0.0,0.0
2022-11-10 00:00:00-05:00,44.20000076293945,45.5,42.63999938964844,45.2400016784668,64015,0.0,0.0
2022-11-11 00:00:00-05:00,44.59000015258789,46.66999816894531,43.41999816894531,46.02000045776367,53638,0.0,0.0
2022-11-14 00:00:00-05:00,46.02000045776367,46.279998779296875,41.9900016784668,42.25,64323,0.0,0.0
2022-11-15 00:00:00-05:00,42.63999938964844,46.02000045776367,42.63999938964844,45.2400016784668,39062,0.0,0.0
2022-11-16 00:00:00-05:00,44.97999954223633,48.4900016784668,44.06999969482422,48.099998474121094,66531,0.0,0.0
2022-11-17 00:00:00-05:00,47.060001373291016,48.22999954223633,45.88999938964844,47.970001220703125,37738,0.0,0.0
2022-11-18 00:00:00-05:00,49.529998779296875,52.0,48.4900016784668,51.61000061035156,50931,0.0,0.0
2022-11-21 00:00:00-05:00,50.310001373291016,50.56999969482422,47.970001220703125,49.400001525878906,54585,0.0,0.0
2022-11-22 00:00:00-05:00,49.65999984741211,51.7400016784668,48.75,51.47999954223633,25315,0.0,0.0
2022-11-23 00:00:00-05:00,51.61000061035156,53.16999816894531,50.56999969482422,52.779998779296875,24662,0.0,0.0
2022-11-25 00:00:00-05:00,52.52000045776367,53.43000030517578,50.18000030517578,51.7400016784668,20492,0.0,0.0
2022-11-28 00:00:00-05:00,51.349998474121094,51.47999954223633,47.970001220703125,48.36000061035156,28769,0.0,0.0
2022-11-29 00:00:00-05:00,48.75,49.91999816894531,46.79999923706055,48.4900016784668,28554,0.0,0.0
2022-11-30 00:00:00-05:00,48.880001068115234,48.880001068115234,43.939998626708984,45.11000061035156,173769,0.0,0.0
2022-12-01 00:00:00-05:00,45.5,48.22999954223633,44.59000015258789,46.79999923706055,51700,0.0,0.0
2022-12-02 00:00:00-05:00,46.02000045776367,47.060001373291016,45.11000061035156,46.150001525878906,33669,0.0,0.0
2022-12-05 00:00:00-05:00,46.02000045776367,47.060001373291016,44.59000015258789,47.060001373291016,29946,0.0,0.0
2022-12-06 00:00:00-05:00,47.189998626708984,48.36000061035156,46.40999984741211,48.099998474121094,42777,0.0,0.0
2022-12-07 00:00:00-05:00,47.84000015258789,48.75,46.02000045776367,46.279998779296875,17492,0.0,0.0
2022-12-08 00:00:00-05:00,46.40999984741211,46.79999923706055,43.54999923706055,44.20000076293945,25823,0.0,0.0
2022-12-09 00:00:00-05:00,44.20000076293945,47.45000076293945,43.54999923706055,46.02000045776367,24438,0.0,0.0
2022-12-12 00:00:00-05:00,45.88999938964844,47.060001373291016,43.54999923706055,47.060001373291016,29831,0.0,0.0
2022-12-13 00:00:00-05:00,48.4900016784668,50.439998626708984,43.15999984741211,43.15999984741211,46246,0.0,0.0
2022-12-14 00:00:00-05:00,43.54999923706055,45.630001068115234,42.77000045776367,44.59000015258789,43546,0.0,0.0
2022-12-15 00:00:00-05:00,43.54999923706055,44.20000076293945,42.5099983215332,43.290000915527344,30131,0.0,0.0
2022-12-16 00:00:00-05:00,42.63999938964844,42.63999938964844,39.130001068115234,40.16999816894531,93785,0.0,0.0
2022-12-19 00:00:00-05:00,39.90999984741211,40.29999923706055,36.27000045776367,37.70000076293945,56846,0.0,0.0
2022-12-20 00:00:00-05:00,37.70000076293945,37.959999084472656,35.619998931884766,36.400001525878906,64615,0.0,0.0
2022-12-21 00:00:00-05:00,37.04999923706055,38.349998474121094,36.65999984741211,37.18000030517578,36408,0.0,0.0
2022-12-22 00:00:00-05:00,36.529998779296875,38.869998931884766,36.13999938964844,38.61000061035156,27915,0.0,0.0
2022-12-23 00:00:00-05:00,38.220001220703125,39.38999938964844,36.27000045776367,37.18000030517578,26715,0.0,0.0
2022-12-27 00:00:00-05:00,37.18000030517578,37.18000030517578,34.58000183105469,35.75,32115,0.0,0.0
2022-12-28 00:00:00-05:00,35.75,36.65999984741211,33.40999984741211,34.45000076293945,35800,0.0,0.0
2022-12-29 00:00:00-05:00,34.84000015258789,36.91999816894531,34.709999084472656,36.400001525878906,43162,0.0,0.0
2022-12-30 00:00:00-05:00,35.36000061035156,36.91999816894531,35.36000061035156,36.13999938964844,34454,0.0,0.0
2023-01-03 00:00:00-05:00,36.790000915527344,38.7400016784668,36.13999938964844,36.790000915527344,43331,0.0,0.0
2023-01-04 00:00:00-05:00,37.18000030517578,38.47999954223633,36.91999816894531,37.439998626708984,26054,0.0,0.0
2023-01-05 00:00:00-05:00,37.310001373291016,37.439998626708984,34.58000183105469,34.709999084472656,31677,0.0,0.0
2023-01-06 00:00:00-05:00,35.099998474121094,38.09000015258789,34.709999084472656,37.18000030517578,35708,0.0,0.0
2023-01-09 00:00:00-05:00,37.56999969482422,42.900001525878906,37.439998626708984,41.599998474121094,58869,0.0,0.0
2023-01-10 00:00:00-05:00,41.599998474121094,43.810001373291016,40.16999816894531,43.54999923706055,36600,0.0,0.0
2023-01-11 00:00:00-05:00,44.06999969482422,44.20000076293945,43.029998779296875,43.54999923706055,38554,0.0,0.0
2023-01-12 00:00:00-05:00,43.939998626708984,44.97999954223633,43.029998779296875,44.849998474121094,22377,0.0,0.0
2023-01-13 00:00:00-05:00,44.97999954223633,45.88999938964844,44.20000076293945,45.5,33377,0.0,0.0
2023-01-17 00:00:00-05:00,45.88999938964844,47.45000076293945,45.5,45.88999938964844,35923,0.0,0.0
2023-01-18 00:00:00-05:00,45.5,46.279998779296875,43.029998779296875,43.41999816894531,28408,0.0,0.0
2023-01-19 00:00:00-05:00,42.63999938964844,42.900001525878906,40.95000076293945,41.9900016784668,26362,0.0,0.0
2023-01-20 00:00:00-05:00,42.380001068115234,43.15999984741211,41.209999084472656,43.029998779296875,26523,0.0,0.0
2023-01-23 00:00:00-05:00,43.029998779296875,44.459999084472656,42.63999938964844,43.54999923706055,26754,0.0,0.0
2023-01-24 00:00:00-05:00,43.810001373291016,46.150001525878906,43.029998779296875,46.02000045776367,28031,0.0,0.0
2023-01-25 00:00:00-05:00,44.33000183105469,50.83000183105469,44.20000076293945,50.56999969482422,84392,0.0,0.0
2023-01-26 00:00:00-05:00,50.56999969482422,52.90999984741211,50.439998626708984,52.650001525878906,32854,0.0,0.0
2023-01-27 00:00:00-05:00,53.560001373291016,57.720001220703125,52.90999984741211,56.54999923706055,49915,0.0,0.0
2023-01-30 00:00:00-05:00,56.029998779296875,56.41999816894531,53.81999969482422,54.9900016784668,41877,0.0,0.0
2023-01-31 00:00:00-05:00,54.9900016784668,58.369998931884766,54.9900016784668,56.939998626708984,42423,0.0,0.0
2023-02-01 00:00:00-05:00,56.54999923706055,63.310001373291016,56.15999984741211,60.58000183105469,87654,0.0,0.0
2023-02-02 00:00:00-05:00,61.22999954223633,62.65999984741211,60.31999969482422,61.36000061035156,31131,0.0,0.0
2023-02-03 00:00:00-05:00,60.45000076293945,61.36000061035156,59.93000030517578,60.31999969482422,24723,0.0,0.0
2023-02-06 00:00:00-05:00,59.79999923706055,61.880001068115234,58.5,59.540000915527344,30415,0.0,0.0
2023-02-07 00:00:00-05:00,59.02000045776367,59.02000045776367,56.810001373291016,57.849998474121094,21523,0.0,0.0
2023-02-08 00:00:00-05:00,56.939998626708984,57.20000076293945,54.599998474121094,56.15999984741211,18354,0.0,0.0
2023-02-09 00:00:00-05:00,56.810001373291016,56.810001373291016,51.869998931884766,52.779998779296875,21569,0.0,0.0
2023-02-10 00:00:00-05:00,52.38999938964844,54.209999084472656,51.61000061035156,54.209999084472656,15362,0.0,0.0
2023-02-13 00:00:00-05:00,54.209999084472656,54.9900016784668,52.2599983215332,54.470001220703125,18746,0.0,0.0
2023-02-14 00:00:00-05:00,53.81999969482422,54.72999954223633,52.650001525878906,54.209999084472656,14415,0.0,0.0
2023-02-15 00:00:00-05:00,53.43000030517578,54.599998474121094,52.52000045776367,54.08000183105469,22931,0.0,0.0
2023-02-16 00:00:00-05:00,52.52000045776367,53.43000030517578,51.61000061035156,51.7400016784668,24885,0.0,0.0
2023-02-17 00:00:00-05:00,52.130001068115234,52.90999984741211,50.56999969482422,52.52000045776367,21769,0.0,0.0
2023-02-21 00:00:00-05:00,52.0,53.81999969482422,45.11000061035156,47.189998626708984,97246,0.0,0.0
2023-02-22 00:00:00-05:00,47.45000076293945,49.13999938964844,44.849998474121094,45.369998931884766,42377,0.0,0.0
2023-02-23 00:00:00-05:00,48.36000061035156,49.13999938964844,46.93000030517578,47.189998626708984,81854,0.0,0.0
2023-02-24 00:00:00-05:00,45.7599983215332,46.540000915527344,44.33000183105469,45.369998931884766,32085,0.0,0.0
2023-02-27 00:00:00-05:00,46.150001525878906,50.83000183105469,45.630001068115234,49.65999984741211,65569,0.0,0.0
2023-02-28 00:00:00-05:00,50.959999084472656,51.869998931884766,49.790000915527344,49.91999816894531,52346,0.0,0.0
2023-03-01 00:00:00-05:00,49.91999816894531,49.91999816894531,47.84000015258789,48.22999954223633,31738,0.0,0.0
2023-03-02 00:00:00-05:00,47.189998626708984,48.36000061035156,46.02000045776367,47.970001220703125,26169,0.0,0.0
2023-03-03 00:00:00-05:00,48.36000061035156,49.91999816894531,47.970001220703125,48.75,25885,0.0,0.0
2023-03-06 00:00:00-05:00,49.0099983215332,49.65999984741211,47.060001373291016,47.58000183105469,51554,0.0,0.0
2023-03-07 00:00:00-05:00,47.58000183105469,47.84000015258789,45.88999938964844,46.79999923706055,26346,0.0,0.0
2023-03-08 00:00:00-05:00,46.93000030517578,47.45000076293945,45.7599983215332,46.540000915527344,29608,0.0,0.0
2023-03-09 00:00:00-05:00,46.66999816894531,48.099998474121094,45.630001068115234,45.88999938964844,42431,0.0,0.0
2023-03-10 00:00:00-05:00,45.5,45.7599983215332,41.34000015258789,41.72999954223633,47777,0.0,0.0
2023-03-13 00:00:00-04:00,40.43000030517578,41.470001220703125,38.61000061035156,41.08000183105469,61046,0.0,0.0
2023-03-14 00:00:00-04:00,42.63999938964844,43.68000030517578,38.869998931884766,39.779998779296875,48985,0.0,0.0
2023-03-15 00:00:00-04:00,38.349998474121094,39.38999938964844,37.56999969482422,38.7400016784668,41523,0.0,0.0
2023-03-16 00:00:00-04:00,37.56999969482422,37.83000183105469,35.619998931884766,36.400001525878906,72123,0.0,0.0
2023-03-17 00:00:00-04:00,36.0099983215332,36.400001525878906,34.45000076293945,35.22999954223633,122038,0.0,0.0
2023-03-20 00:00:00-04:00,35.36000061035156,36.27000045776367,34.709999084472656,34.970001220703125,42300,0.0,0.0
2023-03-21 00:00:00-04:00,36.13999938964844,37.310001373291016,35.36000061035156,35.619998931884766,51462,0.0,0.0
2023-03-22 00:00:00-04:00,35.4900016784668,37.83000183105469,35.099998474121094,35.75,44231,0.0,0.0
2023-03-23 00:00:00-04:00,36.13999938964844,36.400001525878906,35.22999954223633,35.880001068115234,41715,0.0,0.0
2023-03-24 00:00:00-04:00,35.36000061035156,36.13999938964844,34.45000076293945,36.13999938964844,47392,0.0,0.0
2023-03-27 00:00:00-04:00,37.04999923706055,39.52000045776367,36.13999938964844,39.130001068115234,28815,0.0,0.0
2023-03-28 00:00:00-04:00,38.7400016784668,39.779998779296875,38.220001220703125,38.869998931884766,23208,0.0,0.0
2023-03-29 00:00:00-04:00,39.38999938964844,40.560001373291016,38.47999954223633,40.560001373291016,58515,0.0,0.0
2023-03-30 00:00:00-04:00,40.95000076293945,41.72999954223633,39.52000045776367,39.52000045776367,17108,0.0,0.0
2023-03-31 00:00:00-04:00,39.90999984741211,41.599998474121094,39.90999984741211,41.470001220703125,30308,0.0,0.0
2023-04-03 00:00:00-04:00,43.15999984741211,46.279998779296875,43.15999984741211,43.68000030517578,63115,0.0,0.0
2023-04-04 00:00:00-04:00,43.54999923706055,43.54999923706055,41.209999084472656,41.9900016784668,26254,0.0,0.0
2023-04-05 00:00:00-04:00,40.81999969482422,41.9900016784668,40.689998626708984,41.599998474121094,15200,0.0,0.0
2023-04-06 00:00:00-04:00,41.72999954223633,41.72999954223633,40.95000076293945,41.209999084472656,14562,0.0,0.0
2023-04-10 00:00:00-04:00,41.08000183105469,43.41999816894531,41.08000183105469,43.41999816894531,30515,0.0,0.0
2023-04-11 00:00:00-04:00,43.68000030517578,46.66999816894531,43.54999923706055,46.150001525878906,27654,0.0,0.0
2023-04-12 00:00:00-04:00,46.540000915527344,47.45000076293945,45.630001068115234,45.88999938964844,27923,0.0,0.0
2023-04-13 00:00:00-04:00,46.150001525878906,47.970001220703125,45.630001068115234,47.970001220703125,18577,0.0,0.0
2023-04-14 00:00:00-04:00,47.970001220703125,49.0099983215332,46.40999984741211,46.93000030517578,26015,0.0,0.0
2023-04-17 00:00:00-04:00,47.060001373291016,47.84000015258789,46.40999984741211,47.58000183105469,17423,0.0,0.0
2023-04-18 00:00:00-04:00,47.58000183105469,48.75,46.93000030517578,48.75,29262,0.0,0.0
2023-04-19 00:00:00-04:00,48.36000061035156,49.790000915527344,47.970001220703125,49.0099983215332,25408,0.0,0.0
2023-04-20 00:00:00-04:00,48.22999954223633,50.83000183105469,47.31999969482422,50.439998626708984,23415,0.0,0.0
2023-04-21 00:00:00-04:00,50.56999969482422,53.689998626708984,50.18000030517578,53.16999816894531,34046,0.0,0.0
2023-04-24 00:00:00-04:00,53.95000076293945,56.54999923706055,52.90999984741211,56.41999816894531,57131,0.0,0.0
2023-04-25 00:00:00-04:00,54.86000061035156,57.459999084472656,53.81999969482422,55.77000045776367,55585,0.0,0.0
2023-04-26 00:00:00-04:00,55.63999938964844,56.68000030517578,54.470001220703125,55.25,24254,0.0,0.0
2023-04-27 00:00:00-04:00,54.72999954223633,58.2400016784668,54.599998474121094,57.33000183105469,23062,0.0,0.0
2023-04-28 00:00:00-04:00,57.33000183105469,59.40999984741211,56.41999816894531,58.7599983215332,26546,0.0,0.0
2023-05-01 00:00:00-04:00,59.02000045776367,59.66999816894531,56.68000030517578,57.06999969482422,31192,0.0,0.0
2023-05-02 00:00:00-04:00,56.54999923706055,57.06999969482422,52.2599983215332,56.029998779296875,46085,0.0,0.0
2023-05-03 00:00:00-04:00,56.15999984741211,59.540000915527344,56.15999984741211,56.68000030517578,40238,0.0,0.0
2023-05-04 00:00:00-04:00,53.560001373291016,54.470001220703125,45.11000061035156,47.45000076293945,49554,0.0,0.0
2023-05-05 00:00:00-04:00,48.36000061035156,48.36000061035156,41.9900016784668,44.849998474121094,42769,0.0,0.0
2023-05-08 00:00:00-04:00,45.2400016784668,47.189998626708984,44.459999084472656,46.150001525878906,40723,0.0,0.0
2023-05-09 00:00:00-04:00,46.02000045776367,46.02000045776367,45.2400016784668,45.2400016784668,26854,0.0,0.0
2023-05-10 00:00:00-04:00,46.150001525878906,49.400001525878906,45.630001068115234,48.36000061035156,38277,0.0,0.0
2023-05-11 00:00:00-04:00,48.099998474121094,50.439998626708984,47.060001373291016,49.27000045776367,37838,0.0,0.0
2023-05-12 00:00:00-04:00,49.529998779296875,49.65999984741211,47.189998626708984,47.31999969482422,18938,0.0,0.0
2023-05-15 00:00:00-04:00,47.709999084472656,48.4900016784668,45.7599983215332,46.02000045776367,31246,0.0,0.0
2023-05-16 00:00:00-04:00,45.7599983215332,45.88999938964844,43.810001373291016,43.810001373291016,18346,0.0,0.0
2023-05-17 00:00:00-04:00,43.68000030517578,46.279998779296875,43.68000030517578,46.02000045776367,20308,0.0,0.0
2023-05-18 00:00:00-04:00,45.7599983215332,47.58000183105469,45.369998931884766,47.060001373291016,27200,0.0,0.0
2023-05-19 00:00:00-04:00,47.709999084472656,47.970001220703125,45.5,45.630001068115234,14785,0.0,0.0
2023-05-22 00:00:00-04:00,45.88999938964844,48.36000061035156,45.7599983215332,48.099998474121094,17046,0.0,0.0
2023-05-23 00:00:00-04:00,47.189998626708984,49.65999984741211,47.189998626708984,49.0099983215332,17754,0.0,0.0
2023-05-24 00:00:00-04:00,48.880001068115234,48.880001068115234,45.630001068115234,45.88999938964844,24538,0.0,0.0
2023-05-25 00:00:00-04:00,45.369998931884766,45.7599983215332,41.08000183105469,41.86000061035156,25269,0.0,0.0
2023-05-26 00:00:00-04:00,41.72999954223633,41.72999954223633,39.779998779296875,40.560001373291016,21831,0.0,0.0
2023-05-30 00:00:00-04:00,40.560001373291016,41.470001220703125,39.650001525878906,40.040000915527344,29738,0.0,0.0
2023-05-31 00:00:00-04:00,40.43000030517578,40.689998626708984,36.91999816894531,37.310001373291016,35762,0.0,0.0
2023-06-01 00:00:00-04:00,37.310001373291016,37.83000183105469,35.880001068115234,36.400001525878906,51169,0.0,0.0
2023-06-02 00:00:00-04:00,37.83000183105469,42.119998931884766,37.83000183105469,41.86000061035156,34723,0.0,0.0
2023-06-05 00:00:00-04:00,41.9900016784668,43.68000030517578,41.72999954223633,43.15999984741211,15308,0.0,0.0
2023-06-06 00:00:00-04:00,43.029998779296875,46.02000045776367,43.029998779296875,44.59000015258789,19846,0.0,0.0
2023-06-07 00:00:00-04:00,45.11000061035156,47.060001373291016,44.720001220703125,46.540000915527344,24077,0.0,0.0
2023-06-08 00:00:00-04:00,46.540000915527344,46.540000915527344,42.900001525878906,43.15999984741211,17946,0.0,0.0
2023-06-09 00:00:00-04:00,42.77000045776367,42.900001525878906,41.08000183105469,41.08000183105469,19338,0.0,0.0
2023-06-12 00:00:00-04:00,41.72999954223633,44.20000076293945,41.08000183105469,41.34000015258789,24415,0.0,0.0
2023-06-13 00:00:00-04:00,41.470001220703125,42.380001068115234,40.689998626708984,40.95000076293945,19838,0.0,0.0
2023-06-14 00:00:00-04:00,41.9900016784668,42.900001525878906,39.130001068115234,39.52000045776367,20792,0.0,0.0
2023-06-15 00:00:00-04:00,39.130001068115234,39.2599983215332,38.09000015258789,39.130001068115234,29569,0.0,0.0
2023-06-16 00:00:00-04:00,39.90999984741211,39.90999984741211,37.959999084472656,39.130001068115234,37200,0.0,0.0
2023-06-20 00:00:00-04:00,38.61000061035156,39.130001068115234,37.439998626708984,38.47999954223633,20954,0.0,0.0
2023-06-21 00:00:00-04:00,37.959999084472656,40.040000915527344,37.83000183105469,39.0,19723,0.0,0.0
2023-06-22 00:00:00-04:00,38.7400016784668,38.7400016784668,36.91999816894531,37.959999084472656,27623,0.0,0.0
2023-06-23 00:00:00-04:00,37.310001373291016,39.2599983215332,37.310001373291016,39.130001068115234,63946,0.0,0.0
2023-06-26 00:00:00-04:00,38.349998474121094,40.560001373291016,38.349998474121094,40.29999923706055,18415,0.0,0.0
2023-06-27 00:00:00-04:00,40.43000030517578,40.43000030517578,38.869998931884766,40.040000915527344,18385,0.0,0.0
2023-06-28 00:00:00-04:00,40.040000915527344,40.040000915527344,38.61000061035156,39.650001525878906,12292,0.0,0.0
2023-06-29 00:00:00-04:00,39.779998779296875,40.689998626708984,39.38999938964844,39.38999938964844,19723,0.0,0.0
2023-06-30 00:00:00-04:00,39.90999984741211,39.90999984741211,38.349998474121094,39.2599983215332,17000,0.0,0.0
2023-07-03 00:00:00-04:00,39.38999938964844,42.119998931884766,39.2599983215332,42.119998931884766,20331,0.0,0.0
2023-07-05 00:00:00-04:00,41.34000015258789,41.470001220703125,39.52000045776367,39.650001525878906,23346,0.0,0.0
2023-07-06 00:00:00-04:00,39.52000045776367,39.90999984741211,38.09000015258789,39.0,26177,0.0,0.0
2023-07-07 00:00:00-04:00,39.779998779296875,42.25,39.779998779296875,42.119998931884766,30138,0.0,0.0
2023-07-10 00:00:00-04:00,41.9900016784668,44.459999084472656,41.599998474121094,41.72999954223633,14777,0.0,0.0
2023-07-11 00:00:00-04:00,41.86000061035156,42.380001068115234,39.779998779296875,40.040000915527344,23269,0.0,0.0
2023-07-12 00:00:00-04:00,40.95000076293945,43.15999984741211,40.689998626708984,42.5099983215332,17600,0.0,0.0
2023-07-13 00:00:00-04:00,42.63999938964844,43.810001373291016,41.9900016784668,42.380001068115234,17038,0.0,0.0
2023-07-14 00:00:00-04:00,42.900001525878906,43.290000915527344,40.29999923706055,43.029998779296875,21777,0.0,0.0
2023-07-17 00:00:00-04:00,42.63999938964844,45.2400016784668,42.25,43.41999816894531,18754,0.0,0.0
2023-07-18 00:00:00-04:00,43.54999923706055,45.2400016784668,42.5099983215332,43.68000030517578,12569,0.0,0.0
2023-07-19 00:00:00-04:00,43.939998626708984,48.22999954223633,43.810001373291016,45.7599983215332,29815,0.0,0.0
2023-07-20 00:00:00-04:00,45.7599983215332,45.7599983215332,43.939998626708984,44.59000015258789,29062,0.0,0.0
2023-07-21 00:00:00-04:00,44.849998474121094,45.369998931884766,43.68000030517578,45.11000061035156,18331,0.0,0.0
2023-07-24 00:00:00-04:00,45.369998931884766,47.189998626708984,44.849998474121094,45.630001068115234,14362,0.0,0.0
2023-07-25 00:00:00-04:00,45.369998931884766,45.369998931884766,43.68000030517578,44.20000076293945,9946,0.0,0.0
2023-07-26 00:00:00-04:00,44.20000076293945,45.369998931884766,43.68000030517578,44.33000183105469,11408,0.0,0.0
2023-07-27 00:00:00-04:00,44.459999084472656,44.459999084472656,40.95000076293945,41.209999084472656,22923,0.0,0.0
2023-07-28 00:00:00-04:00,41.599998474121094,43.029998779296875,41.470001220703125,42.119998931884766,19946,0.0,0.0
2023-07-31 00:00:00-04:00,42.380001068115234,44.849998474121094,42.25,44.20000076293945,18915,0.0,0.0
2023-08-01 00:00:00-04:00,43.810001373291016,45.7599983215332,43.15999984741211,45.2400016784668,13508,0.0,0.0
2023-08-02 00:00:00-04:00,44.97999954223633,44.97999954223633,43.15999984741211,43.54999923706055,23246,0.0,0.0
2023-08-03 00:00:00-04:00,40.560001373291016,40.560001373291016,29.770000457763672,34.45000076293945,126262,0.0,0.0
2023-08-04 00:00:00-04:00,33.66999816894531,35.36000061035156,30.420000076293945,30.549999237060547,48377,0.0,0.0
2023-08-07 00:00:00-04:00,30.420000076293945,30.68000030517578,27.299999237060547,27.299999237060547,52123,0.0,0.0
2023-08-08 00:00:00-04:00,27.170000076293945,27.690000534057617,26.260000228881836,26.90999984741211,42423,0.0,0.0
2023-08-09 00:00:00-04:00,26.90999984741211,27.690000534057617,24.18000030517578,27.299999237060547,38177,0.0,0.0
2023-08-10 00:00:00-04:00,27.299999237060547,27.43000030517578,25.219999313354492,25.479999542236328,43008,0.0,0.0
2023-08-11 00:00:00-04:00,25.479999542236328,26.260000228881836,24.049999237060547,24.56999969482422,34200,0.0,0.0
2023-08-14 00:00:00-04:00,26.0,27.690000534057617,24.049999237060547,27.299999237060547,55377,0.0,0.0
2023-08-15 00:00:00-04:00,27.040000915527344,27.43000030517578,26.0,26.389999389648438,53454,0.0,0.0
2023-08-16 00:00:00-04:00,26.520000457763672,27.040000915527344,25.739999771118164,26.0,38731,0.0,0.0
2023-08-17 00:00:00-04:00,26.1299991607666,27.170000076293945,25.8700008392334,26.649999618530273,20854,0.0,0.0
2023-08-18 00:00:00-04:00,26.520000457763672,28.860000610351562,26.520000457763672,27.559999465942383,28692,0.0,0.0
2023-08-21 00:00:00-04:00,27.559999465942383,28.729999542236328,26.90999984741211,27.040000915527344,18992,0.0,0.0
2023-08-22 00:00:00-04:00,28.34000015258789,28.860000610351562,26.260000228881836,27.690000534057617,28223,0.0,0.0
2023-08-23 00:00:00-04:00,27.690000534057617,29.770000457763672,27.170000076293945,29.510000228881836,23908,0.0,0.0
2023-08-24 00:00:00-04:00,29.899999618530273,29.899999618530273,28.209999084472656,28.469999313354492,16377,0.0,0.0
2023-08-25 00:00:00-04:00,28.860000610351562,28.989999771118164,27.43000030517578,27.950000762939453,13392,0.0,0.0
2023-08-28 00:00:00-04:00,28.34000015258789,29.510000228881836,27.559999465942383,28.34000015258789,16246,0.0,0.0
2023-08-29 00:00:00-04:00,28.209999084472656,28.469999313354492,26.780000686645508,26.780000686645508,21754,0.0,0.0
2023-08-30 00:00:00-04:00,26.780000686645508,27.170000076293945,25.8700008392334,25.8700008392334,32938,0.0,0.0
2023-08-31 00:00:00-04:00,26.1299991607666,27.040000915527344,26.0,26.0,18431,0.0,0.0
2023-09-01 00:00:00-04:00,26.260000228881836,26.780000686645508,25.610000610351562,25.739999771118164,18377,0.0,0.0
2023-09-05 00:00:00-04:00,25.739999771118164,26.90999984741211,23.790000915527344,26.520000457763672,84469,0.0,0.0
2023-09-06 00:00:00-04:00,26.520000457763672,27.170000076293945,25.739999771118164,26.1299991607666,33777,0.0,0.0
2023-09-07 00:00:00-04:00,26.1299991607666,26.90999984741211,25.479999542236328,25.739999771118164,21385,0.0,0.0
2023-09-08 00:00:00-04:00,26.649999618530273,29.510000228881836,26.649999618530273,28.600000381469727,52285,0.0,0.0
2023-09-11 00:00:00-04:00,29.770000457763672,31.719999313354492,29.639999389648438,31.459999084472656,38569,0.0,0.0
2023-09-12 00:00:00-04:00,31.459999084472656,32.88999938964844,31.329999923706055,31.59000015258789,30708,0.0,0.0
2023-09-13 00:00:00-04:00,31.719999313354492,31.979999542236328,30.290000915527344,30.68000030517578,19562,0.0,0.0
2023-09-14 00:00:00-04:00,30.68000030517578,31.850000381469727,30.549999237060547,31.329999923706055,19738,0.0,0.0
2023-09-15 00:00:00-04:00,31.329999923706055,34.45000076293945,30.809999465942383,34.060001373291016,90623,0.0,0.0
2023-09-18 00:00:00-04:00,33.540000915527344,33.540000915527344,30.549999237060547,31.06999969482422,24408,0.0,0.0
2023-09-19 00:00:00-04:00,30.809999465942383,31.850000381469727,30.68000030517578,31.329999923706055,16923,0.0,0.0
2023-09-20 00:00:00-04:00,31.719999313354492,32.2400016784668,30.549999237060547,30.940000534057617,17208,0.0,0.0
2023-09-21 00:00:00-04:00,30.549999237060547,30.549999237060547,27.559999465942383,28.600000381469727,27854,0.0,0.0
2023-09-22 00:00:00-04:00,28.600000381469727,28.989999771118164,28.079999923706055,28.600000381469727,10615,0.0,0.0
2023-09-25 00:00:00-04:00,28.34000015258789,28.469999313354492,26.0,26.1299991607666,18269,0.0,0.0
2023-09-26 00:00:00-04:00,26.0,26.520000457763672,24.959999084472656,26.0,26031,0.0,0.0
2023-09-27 00:00:00-04:00,26.1299991607666,26.90999984741211,25.739999771118164,26.780000686645508,21131,0.0,0.0
2023-09-28 00:00:00-04:00,26.649999618530273,27.690000534057617,26.0,26.0,14585,0.0,0.0
2023-09-29 00:00:00-04:00,26.780000686645508,27.43000030517578,25.8700008392334,26.0,24138,0.0,0.0
2023-10-02 00:00:00-04:00,25.739999771118164,26.1299991607666,24.959999084472656,26.0,50138,0.0,0.0
2023-10-03 00:00:00-04:00,25.739999771118164,25.739999771118164,23.920000076293945,24.700000762939453,30846,0.0,0.0
2023-10-04 00:00:00-04:00,24.959999084472656,24.959999084472656,24.049999237060547,24.18000030517578,19069,0.0,0.0
2023-10-05 00:00:00-04:00,24.959999084472656,25.219999313354492,24.049999237060547,24.309999465942383,27062,0.0,0.0
2023-10-06 00:00:00-04:00,24.049999237060547,24.56999969482422,23.790000915527344,24.440000534057617,27315,0.0,0.0
2023-10-09 00:00:00-04:00,24.309999465942383,24.56999969482422,23.139999389648438,23.530000686645508,17823,0.0,0.0
2023-10-10 00:00:00-04:00,23.010000228881836,24.049999237060547,23.010000228881836,23.530000686645508,41962,0.0,0.0
2023-10-11 00:00:00-04:00,23.530000686645508,23.920000076293945,23.139999389648438,23.399999618530273,18108,0.0,0.0
2023-10-12 00:00:00-04:00,23.270000457763672,23.270000457763672,21.31999969482422,21.450000762939453,26469,0.0,0.0
2023-10-13 00:00:00-04:00,22.75,24.049999237060547,22.489999771118164,22.8799991607666,22100,0.0,0.0
2023-10-16 00:00:00-04:00,23.139999389648438,23.270000457763672,21.969999313354492,22.75,24923,0.0,0.0
2023-10-17 00:00:00-04:00,22.100000381469727,24.829999923706055,22.100000381469727,23.010000228881836,26877,0.0,0.0
2023-10-18 00:00:00-04:00,23.139999389648438,23.139999389648438,21.579999923706055,21.84000015258789,26869,0.0,0.0
2023-10-19 00:00:00-04:00,21.84000015258789,22.489999771118164,20.93000030517578,21.190000534057617,22000,0.0,0.0
2023-10-20 00:00:00-04:00,21.450000762939453,21.579999923706055,20.40999984741211,20.40999984741211,20154,0.0,0.0
2023-10-23 00:00:00-04:00,20.40999984741211,20.40999984741211,18.719999313354492,18.850000381469727,23285,0.0,0.0
2023-10-24 00:00:00-04:00,19.110000610351562,20.280000686645508,18.979999542236328,20.020000457763672,23769,0.0,0.0
2023-10-25 00:00:00-04:00,19.5,20.540000915527344,19.5,20.280000686645508,10200,0.0,0.0
2023-10-26 00:00:00-04:00,20.670000076293945,21.190000534057617,20.020000457763672,20.799999237060547,14277,0.0,0.0
2023-10-27 00:00:00-04:00,21.190000534057617,21.31999969482422,20.149999618530273,21.190000534057617,20908,0.0,0.0
2023-10-30 00:00:00-04:00,21.190000534057617,22.8799991607666,21.190000534057617,21.84000015258789,27708,0.0,0.0
2023-10-31 00:00:00-04:00,22.360000610351562,23.010000228881836,21.84000015258789,22.489999771118164,21838,0.0,0.0
2023-11-01 00:00:00-04:00,22.489999771118164,22.75,20.93000030517578,21.190000534057617,22977,0.0,0.0
2023-11-02 00:00:00-04:00,19.3700008392334,21.579999923706055,18.719999313354492,20.40999984741211,33600,0.0,0.0
2023-11-03 00:00:00-04:00,20.799999237060547,22.489999771118164,20.799999237060547,21.709999084472656,25369,0.0,0.0
2023-11-06 00:00:00-05:00,21.969999313354492,22.360000610351562,20.93000030517578,20.93000030517578,14808,0.0,0.0
2023-11-07 00:00:00-05:00,20.670000076293945,20.799999237060547,19.760000228881836,19.760000228881836,15608,0.0,0.0
2023-11-08 00:00:00-05:00,19.5,19.5,18.459999084472656,19.110000610351562,19108,0.0,0.0
2023-11-09 00:00:00-05:00,18.850000381469727,19.110000610351562,18.06999969482422,18.329999923706055,14323,0.0,0.0
2023-11-10 00:00:00-05:00,17.940000534057617,18.850000381469727,17.809999465942383,18.459999084472656,18200,0.0,0.0
2023-11-13 00:00:00-05:00,18.459999084472656,18.459999084472656,17.809999465942383,17.809999465942383,7377,0.0,0.0
2023-11-14 00:00:00-05:00,18.719999313354492,20.149999618530273,18.59000015258789,19.3700008392334,32746,0.0,0.0
2023-11-15 00:00:00-05:00,18.850000381469727,20.540000915527344,18.850000381469727,19.889999389648438,16508,0.0,0.0
2023-11-16 00:00:00-05:00,20.280000686645508,20.280000686645508,19.239999771118164,19.6299991607666,7423,0.0,0.0
2023-11-17 00:00:00-05:00,19.889999389648438,19.889999389648438,18.850000381469727,19.3700008392334,15908,0.0,0.0
2023-11-20 00:00:00-05:00,19.239999771118164,20.40999984741211,19.239999771118164,19.6299991607666,9531,0.0,0.0
2023-11-21 00:00:00-05:00,19.239999771118164,19.6299991607666,18.719999313354492,18.719999313354492,13592,0.0,0.0
2023-11-22 00:00:00-05:00,18.850000381469727,19.5,18.06999969482422,19.3700008392334,28231,0.0,0.0
2023-11-24 00:00:00-05:00,19.239999771118164,19.6299991607666,18.979999542236328,19.110000610351562,4054,0.0,0.0
2023-11-27 00:00:00-05:00,18.850000381469727,19.110000610351562,17.68000030517578,17.809999465942383,37977,0.0,0.0
2023-11-28 00:00:00-05:00,17.809999465942383,17.940000534057617,17.15999984741211,17.15999984741211,16777,0.0,0.0
2023-11-29 00:00:00-05:00,17.15999984741211,19.239999771118164,17.15999984741211,18.459999084472656,28792,0.0,0.0
2023-11-30 00:00:00-05:00,18.59000015258789,19.5,18.200000762939453,19.110000610351562,13169,0.0,0.0
2023-12-01 00:00:00-05:00,19.110000610351562,21.450000762939453,18.979999542236328,20.540000915527344,25438,0.0,0.0
2023-12-04 00:00:00-05:00,20.020000457763672,21.709999084472656,20.020000457763672,20.280000686645508,22277,0.0,0.0
2023-12-05 00:00:00-05:00,20.670000076293945,20.93000030517578,18.979999542236328,18.979999542236328,10900,0.0,0.0
2023-12-06 00:00:00-05:00,19.6299991607666,19.889999389648438,18.719999313354492,19.110000610351562,14454,0.0,0.0
2023-12-07 00:00:00-05:00,19.5,19.760000228881836,18.850000381469727,19.239999771118164,12023,0.0,0.0
2023-12-08 00:00:00-05:00,19.239999771118164,20.020000457763672,18.850000381469727,18.979999542236328,11623,0.0,0.0
2023-12-11 00:00:00-05:00,19.239999771118164,19.5,18.59000015258789,18.719999313354492,11577,0.0,0.0
2023-12-12 00:00:00-05:00,18.719999313354492,18.719999313354492,17.68000030517578,17.809999465942383,12031,0.0,0.0
2023-12-13 00:00:00-05:00,17.549999237060547,19.5,16.899999618530273,19.239999771118164,25031,0.0,0.0
2023-12-14 00:00:00-05:00,19.5,21.84000015258789,19.5,21.059999465942383,25485,0.0,0.0
2023-12-15 00:00:00-05:00,21.450000762939453,21.450000762939453,20.020000457763672,20.93000030517578,104069,0.0,0.0
2023-12-18 00:00:00-05:00,20.93000030517578,21.190000534057617,20.280000686645508,20.540000915527344,13523,0.0,0.0
2023-12-19 00:00:00-05:00,20.540000915527344,21.709999084472656,20.40999984741211,21.190000534057617,15146,0.0,0.0
2023-12-20 00:00:00-05:00,21.450000762939453,24.049999237060547,20.799999237060547,21.969999313354492,44177,0.0,0.0
2023-12-21 00:00:00-05:00,21.709999084472656,23.010000228881836,21.579999923706055,22.8799991607666,20115,0.0,0.0
2023-12-22 00:00:00-05:00,23.270000457763672,24.700000762939453,23.010000228881836,24.309999465942383,25262,0.0,0.0
2023-12-26 00:00:00-05:00,24.440000534057617,26.780000686645508,24.18000030517578,25.479999542236328,30600,0.0,0.0
2023-12-27 00:00:00-05:00,25.219999313354492,26.389999389648438,25.09000015258789,25.610000610351562,21615,0.0,0.0
2023-12-28 00:00:00-05:00,25.479999542236328,28.34000015258789,25.350000381469727,25.739999771118164,49008,0.0,0.0
2023-12-29 00:00:00-05:00,25.219999313354492,26.649999618530273,24.440000534057617,25.219999313354492,21192,0.0,0.0
2024-01-02 00:00:00-05:00,25.219999313354492,25.610000610351562,23.270000457763672,23.270000457763672,22154,0.0,0.0
2024-01-03 00:00:00-05:00,22.6200008392334,23.270000457763672,21.579999923706055,21.709999084472656,15962,0.0,0.0
2024-01-04 00:00:00-05:00,21.84000015258789,22.489999771118164,21.709999084472656,22.100000381469727,10131,0.0,0.0
2024-01-05 00:00:00-05:00,21.579999923706055,23.010000228881836,21.450000762939453,21.709999084472656,14423,0.0,0.0
2024-01-08 00:00:00-05:00,21.450000762939453,22.6200008392334,21.450000762939453,22.229999542236328,8731,0.0,0.0
2024-01-09 00:00:00-05:00,22.100000381469727,22.100000381469727,20.670000076293945,20.93000030517578,20446,0.0,0.0
2024-01-10 00:00:00-05:00,20.93000030517578,21.31999969482422,19.5,19.760000228881836,14262,0.0,0.0
2024-01-11 00:00:00-05:00,19.5,19.889999389648438,17.809999465942383,18.59000015258789,18446,0.0,0.0
2024-01-12 00:00:00-05:00,19.239999771118164,19.6299991607666,17.549999237060547,17.549999237060547,16954,0.0,0.0
2024-01-16 00:00:00-05:00,17.549999237060547,18.200000762939453,17.290000915527344,17.420000076293945,14231,0.0,0.0
2024-01-17 00:00:00-05:00,17.68000030517578,18.200000762939453,17.549999237060547,18.06999969482422,12600,0.0,0.0
2024-01-18 00:00:00-05:00,17.940000534057617,18.329999923706055,17.420000076293945,17.809999465942383,9808,0.0,0.0
2024-01-19 00:00:00-05:00,18.06999969482422,18.06999969482422,17.15999984741211,17.68000030517578,10115,0.0,0.0
2024-01-22 00:00:00-05:00,17.549999237060547,20.020000457763672,17.420000076293945,19.6299991607666,15962,0.0,0.0
2024-01-23 00:00:00-05:00,20.020000457763672,20.40999984741211,19.3700008392334,19.760000228881836,12077,0.0,0.0
2024-01-24 00:00:00-05:00,20.540000915527344,21.190000534057617,19.5,20.280000686645508,58746,0.0,0.0
2024-01-25 00:00:00-05:00,20.799999237060547,21.190000534057617,19.6299991607666,20.540000915527344,8085,0.0,0.0
2024-01-26 00:00:00-05:00,20.799999237060547,21.579999923706055,20.40999984741211,20.93000030517578,14908,0.0,0.0
2024-01-29 00:00:00-05:00,21.31999969482422,21.709999084472656,20.40999984741211,21.31999969482422,20131,0.0,0.0
2024-01-30 00:00:00-05:00,20.799999237060547,21.450000762939453,20.670000076293945,20.93000030517578,7908,0.0,0.0
2024-01-31 00:00:00-05:00,21.190000534057617,21.450000762939453,18.59000015258789,18.850000381469727,12969,0.0,0.0
2024-02-01 00:00:00-05:00,18.850000381469727,19.3700008392334,17.940000534057617,19.110000610351562,12785,0.0,0.0
2024-02-02 00:00:00-05:00,18.850000381469727,18.850000381469727,17.68000030517578,17.68000030517578,15600,0.0,0.0
2024-02-05 00:00:00-05:00,17.549999237060547,17.68000030517578,16.639999389648438,16.639999389648438,32038,0.0,0.0
2024-02-06 00:00:00-05:00,16.639999389648438,17.549999237060547,16.25,16.639999389648438,22031,0.0,0.0
2024-02-07 00:00:00-05:00,32.88999938964844,35.22999954223633,25.479999542236328,34.31999969482422,5131169,0.0,0.0
2024-02-08 00:00:00-05:00,32.88999938964844,32.88999938964844,28.729999542236328,28.860000610351562,244954,0.0,0.0
2024-02-09 00:00:00-05:00,27.81999969482422,30.549999237060547,27.040000915527344,29.3799991607666,131492,0.0,0.0
2024-02-12 00:00:00-05:00,28.860000610351562,30.68000030517578,28.209999084472656,28.860000610351562,92708,0.0,0.0
2024-02-13 00:00:00-05:00,27.950000762939453,29.1200008392334,27.170000076293945,28.34000015258789,62669,0.0,0.0
2024-02-14 00:00:00-05:00,27.950000762939453,30.290000915527344,27.950000762939453,30.15999984741211,92069,0.0,0.0
2024-02-15 00:00:00-05:00,29.899999618530273,31.06999969482422,28.989999771118164,30.290000915527344,40938,0.0,0.0
2024-02-16 00:00:00-05:00,29.510000228881836,29.770000457763672,27.81999969482422,28.469999313354492,47069,0.0,0.0
2024-02-20 00:00:00-05:00,27.81999969482422,28.209999084472656,26.1299991607666,26.260000228881836,49154,0.0,0.0
2024-02-21 00:00:00-05:00,26.520000457763672,27.690000534057617,26.260000228881836,26.780000686645508,48308,0.0,0.0
2024-02-22 00:00:00-05:00,27.43000030517578,28.469999313354492,25.739999771118164,26.780000686645508,55862,0.0,0.0
2024-02-23 00:00:00-05:00,26.649999618530273,27.559999465942383,26.1299991607666,26.1299991607666,41900,0.0,0.0
2024-02-26 00:00:00-05:00,26.1299991607666,27.170000076293945,25.350000381469727,26.649999618530273,31915,0.0,0.0
2024-02-27 00:00:00-05:00,26.649999618530273,29.770000457763672,26.649999618530273,28.729999542236328,38523,0.0,0.0
2024-02-28 00:00:00-05:00,28.469999313354492,28.860000610351562,27.43000030517578,27.559999465942383,14662,0.0,0.0
2024-02-29 00:00:00-05:00,28.729999542236328,29.3799991607666,27.950000762939453,28.989999771118164,18985,0.0,0.0
2024-03-01 00:00:00-05:00,28.989999771118164,29.770000457763672,28.34000015258789,29.25,37285,0.0,0.0
2024-03-04 00:00:00-05:00,28.989999771118164,29.3799991607666,26.649999618530273,27.43000030517578,40154,0.0,0.0
2024-03-05 00:00:00-05:00,27.43000030517578,28.079999923706055,26.389999389648438,26.780000686645508,24354,0.0,0.0
2024-03-06 00:00:00-05:00,27.170000076293945,27.43000030517578,26.1299991607666,26.260000228881836,29823,0.0,0.0
2024-03-07 00:00:00-05:00,26.780000686645508,27.950000762939453,26.780000686645508,27.43000030517578,51908,0.0,0.0
2024-03-08 00:00:00-05:00,28.469999313354492,29.770000457763672,27.299999237060547,27.559999465942383,31915,0.0,0.0
2024-03-11 00:00:00-04:00,27.299999237060547,27.299999237060547,25.479999542236328,26.0,85277,0.0,0.0
2024-03-12 00:00:00-04:00,26.1299991607666,26.1299991607666,24.700000762939453,25.219999313354492,51077,0.0,0.0
2024-03-13 00:00:00-04:00,25.610000610351562,25.739999771118164,24.56999969482422,24.829999923706055,33108,0.0,0.0
2024-03-14 00:00:00-04:00,24.56999969482422,24.829999923706055,22.360000610351562,24.18000030517578,45485,0.0,0.0
2024-03-15 00:00:00-04:00,23.530000686645508,24.56999969482422,21.969999313354492,23.010000228881836,247662,0.0,0.0
2024-03-18 00:00:00-04:00,23.270000457763672,23.65999984741211,21.84000015258789,22.75,52231,0.0,0.0
2024-03-19 00:00:00-04:00,22.8799991607666,23.65999984741211,21.450000762939453,21.969999313354492,46169,0.0,0.0
2024-03-20 00:00:00-04:00,21.969999313354492,24.56999969482422,21.84000015258789,23.920000076293945,42015,0.0,0.0
2024-03-21 00:00:00-04:00,23.920000076293945,24.440000534057617,22.360000610351562,23.530000686645508,47662,0.0,0.0
2024-03-22 00:00:00-04:00,23.399999618530273,24.18000030517578,22.489999771118164,22.8799991607666,23585,0.0,0.0
2024-03-25 00:00:00-04:00,23.65999984741211,25.8700008392334,22.75,23.399999618530273,29962,0.0,0.0
2024-03-26 00:00:00-04:00,23.399999618530273,23.399999618530273,22.6200008392334,22.8799991607666,21600,0.0,0.0
2024-03-27 00:00:00-04:00,22.75,24.829999923706055,22.75,24.700000762939453,26346,0.0,0.0
2024-03-28 00:00:00-04:00,24.959999084472656,26.780000686645508,24.829999923706055,26.0,30708,0.0,0.0
2024-04-01 00:00:00-04:00,26.1299991607666,26.1299991607666,24.959999084472656,25.09000015258789,33915,0.0,0.0
2024-04-02 00:00:00-04:00,24.829999923706055,24.829999923706055,23.530000686645508,23.65999984741211,41823,0.0,0.0
2024-04-03 00:00:00-04:00,23.270000457763672,24.700000762939453,23.270000457763672,24.049999237060547,24692,0.0,0.0
2024-04-04 00:00:00-04:00,24.18000030517578,26.260000228881836,23.920000076293945,23.920000076293945,39377,0.0,0.0
2024-04-05 00:00:00-04:00,24.18000030517578,24.18000030517578,22.8799991607666,23.270000457763672,18462,0.0,0.0
2024-04-08 00:00:00-04:00,23.139999389648438,23.790000915527344,22.6200008392334,23.139999389648438,45269,0.0,0.0
2024-04-09 00:00:00-04:00,23.530000686645508,24.56999969482422,23.530000686645508,23.920000076293945,20238,0.0,0.0
2024-04-10 00:00:00-04:00,23.010000228881836,23.65999984741211,22.6200008392334,23.010000228881836,24823,0.0,0.0
2024-04-11 00:00:00-04:00,23.399999618530273,23.399999618530273,22.6200008392334,23.010000228881836,21262,0.0,0.0
2024-04-12 00:00:00-04:00,22.8799991607666,23.399999618530273,21.709999084472656,21.84000015258789,31869,0.0,0.0
2024-04-15 00:00:00-04:00,22.229999542236328,22.75,21.31999969482422,21.579999923706055,40962,0.0,0.0
2024-04-16 00:00:00-04:00,21.450000762939453,21.579999923706055,20.799999237060547,20.799999237060547,48523,0.0,0.0
2024-04-17 00:00:00-04:00,20.799999237060547,21.190000534057617,19.239999771118164,19.239999771118164,23862,0.0,0.0
2024-04-18 00:00:00-04:00,20.280000686645508,20.280000686645508,18.59000015258789,19.110000610351562,27777,0.0,0.0
2024-04-19 00:00:00-04:00,18.719999313354492,20.149999618530273,18.719999313354492,20.149999618530273,22408,0.0,0.0
2024-04-22 00:00:00-04:00,19.889999389648438,20.540000915527344,19.5,20.020000457763672,11138,0.0,0.0
2024-04-23 00:00:00-04:00,19.889999389648438,21.709999084472656,19.889999389648438,21.059999465942383,15092,0.0,0.0
2024-04-24 00:00:00-04:00,20.93000030517578,20.93000030517578,20.149999618530273,20.149999618530273,17377,0.0,0.0
2024-04-25 00:00:00-04:00,20.020000457763672,20.149999618530273,19.239999771118164,19.239999771118164,19346,0.0,0.0
2024-04-26 00:00:00-04:00,19.110000610351562,19.760000228881836,18.979999542236328,19.3700008392334,11662,0.0,0.0
2024-04-29 00:00:00-04:00,19.889999389648438,20.149999618530273,19.3700008392334,19.5,12069,0.0,0.0
2024-04-30 00:00:00-04:00,19.3700008392334,19.5,18.59000015258789,18.59000015258789,19854,0.0,0.0
2024-05-01 00:00:00-04:00,18.979999542236328,20.670000076293945,18.59000015258789,19.3700008392334,24285,0.0,0.0
2024-05-02 00:00:00-04:00,20.280000686645508,22.360000610351562,19.760000228881836,21.969999313354492,28823,0.0,0.0
2024-05-03 00:00:00-04:00,21.969999313354492,22.6200008392334,21.31999969482422,21.450000762939453,18777,0.0,0.0
2024-05-06 00:00:00-04:00,21.969999313354492,22.100000381469727,20.670000076293945,21.190000534057617,9685,0.0,0.0
2024-05-07 00:00:00-04:00,20.799999237060547,22.229999542236328,20.799999237060547,21.709999084472656,14369,0.0,0.0
2024-05-08 00:00:00-04:00,21.709999084472656,22.360000610351562,21.450000762939453,22.100000381469727,15715,0.0,0.0
2024-05-09 00:00:00-04:00,20.93000030517578,22.489999771118164,20.799999237060547,22.489999771118164,25300,0.0,0.0
2024-05-10 00:00:00-04:00,22.489999771118164,22.489999771118164,20.93000030517578,21.190000534057617,15315,0.0,0.0
2024-05-13 00:00:00-04:00,21.450000762939453,22.229999542236328,20.40999984741211,20.670000076293945,12138,0.0,0.0
2024-05-14 00:00:00-04:00,21.31999969482422,24.049999237060547,21.31999969482422,22.6200008392334,27431,0.0,0.0
2024-05-15 00:00:00-04:00,22.6200008392334,23.010000228881836,21.969999313354492,22.100000381469727,13731,0.0,0.0
2024-05-16 00:00:00-04:00,22.229999542236328,22.229999542236328,21.450000762939453,21.84000015258789,9438,0.0,0.0
2024-05-17 00:00:00-04:00,21.969999313354492,22.360000610351562,21.579999923706055,22.100000381469727,10831,0.0,0.0
2024-05-20 00:00:00-04:00,22.229999542236328,22.489999771118164,21.969999313354492,22.360000610351562,7838,0.0,0.0
2024-05-21 00:00:00-04:00,22.229999542236328,22.6200008392334,21.579999923706055,22.489999771118164,8077,0.0,0.0
2024-05-22 00:00:00-04:00,22.360000610351562,23.270000457763672,21.969999313354492,22.489999771118164,20408,0.0,0.0
2024-05-23 00:00:00-04:00,22.100000381469727,23.139999389648438,21.579999923706055,22.489999771118164,24723,0.0,0.0
2024-05-24 00:00:00-04:00,22.75,24.049999237060547,22.489999771118164,23.530000686645508,17246,0.0,0.0
2024-05-28 00:00:00-04:00,23.399999618530273,24.049999237060547,21.709999084472656,21.969999313354492,34285,0.0,0.0
2024-05-29 00:00:00-04:00,21.450000762939453,22.229999542236328,20.149999618530273,20.280000686645508,26708,0.0,0.0
2024-05-30 00:00:00-04:00,20.540000915527344,21.450000762939453,20.40999984741211,20.799999237060547,11946,0.0,0.0
2024-05-31 00:00:00-04:00,21.450000762939453,21.450000762939453,20.149999618530273,21.059999465942383,17677,0.0,0.0
2024-06-03 00:00:00-04:00,21.579999923706055,21.579999923706055,20.40999984741211,21.31999969482422,10438,0.0,0.0
2024-06-04 00:00:00-04:00,20.799999237060547,20.93000030517578,20.40999984741211,20.540000915527344,12046,0.0,0.0
2024-06-05 00:00:00-04:00,21.059999465942383,21.709999084472656,20.40999984741211,21.579999923706055,15100,0.0,0.0
2024-06-06 00:00:00-04:00,21.190000534057617,21.709999084472656,20.799999237060547,21.709999084472656,8377,0.0,0.0
2024-06-07 00:00:00-04:00,21.059999465942383,21.579999923706055,20.540000915527344,21.059999465942383,10954,0.0,0.0
2024-06-10 00:00:00-04:00,20.670000076293945,21.059999465942383,20.540000915527344,20.93000030517578,7438,0.0,0.0
2024-06-11 00:00:00-04:00,20.540000915527344,21.190000534057617,19.6299991607666,21.190000534057617,14754,0.0,0.0
2024-06-12 00:00:00-04:00,22.229999542236328,22.6200008392334,20.93000030517578,21.579999923706055,16823,0.0,0.0
2024-06-13 00:00:00-04:00,21.31999969482422,21.450000762939453,20.40999984741211,21.31999969482422,12285,0.0,0.0
2024-06-14 00:00:00-04:00,20.799999237060547,20.93000030517578,20.149999618530273,20.93000030517578,11962,0.0,0.0
2024-06-17 00:00:00-04:00,20.540000915527344,21.059999465942383,20.020000457763672,21.059999465942383,13962,0.0,0.0
2024-06-18 00:00:00-04:00,21.059999465942383,21.059999465942383,20.149999618530273,21.059999465942383,12869,0.0,0.0
2024-06-20 00:00:00-04:00,20.40999984741211,22.100000381469727,20.40999984741211,21.450000762939453,12238,0.0,0.0
2024-06-21 00:00:00-04:00,20.93000030517578,21.969999313354492,19.239999771118164,21.579999923706055,28600,0.0,0.0
2024-06-24 00:00:00-04:00,21.969999313354492,22.229999542236328,21.190000534057617,22.100000381469727,57123,0.0,0.0
2024-06-25 00:00:00-04:00,22.100000381469727,22.360000610351562,21.579999923706055,22.229999542236328,28715,0.0,0.0
2024-06-26 00:00:00-04:00,22.229999542236328,24.440000534057617,22.229999542236328,23.270000457763672,31146,0.0,0.0
2024-06-27 00:00:00-04:00,23.139999389648438,23.270000457763672,20.93000030517578,21.579999923706055,60031,0.0,0.0
2024-06-28 00:00:00-04:00,21.579999923706055,21.969999313354492,18.06999969482422,18.06999969482422,568823,0.0,0.0
2024-07-01 00:00:00-04:00,18.850000381469727,19.239999771118164,17.290000915527344,17.549999237060547,100800,0.0,0.0
2024-07-02 00:00:00-04:00,18.06999969482422,18.329999923706055,15.859999656677246,18.06999969482422,73008,0.0,0.0
2024-07-03 00:00:00-04:00,17.68000030517578,18.979999542236328,17.68000030517578,18.59000015258789,15777,0.0,0.0
2024-07-05 00:00:00-04:00,18.459999084472656,19.3700008392334,18.200000762939453,19.239999771118164,24831,0.0,0.0
2024-07-08 00:00:00-04:00,18.979999542236328,20.020000457763672,18.979999542236328,19.239999771118164,7062,0.0,0.0
2024-07-09 00:00:00-04:00,20.40999984741211,20.540000915527344,18.200000762939453,18.59000015258789,19438,0.0,0.0
2024-07-10 00:00:00-04:00,18.850000381469727,19.239999771118164,18.329999923706055,19.110000610351562,9946,0.0,0.0
2024-07-11 00:00:00-04:00,19.3700008392334,20.020000457763672,18.850000381469727,19.5,10285,0.0,0.0
2024-07-12 00:00:00-04:00,19.6299991607666,21.31999969482422,19.6299991607666,21.190000534057617,19154,0.0,0.0
2024-07-15 00:00:00-04:00,21.190000534057617,22.229999542236328,20.799999237060547,21.190000534057617,17792,0.0,0.0
2024-07-16 00:00:00-04:00,21.059999465942383,21.969999313354492,20.540000915527344,20.540000915527344,11538,0.0,0.0
2024-07-17 00:00:00-04:00,20.149999618530273,20.93000030517578,19.239999771118164,19.760000228881836,22315,0.0,0.0
2024-07-18 00:00:00-04:00,19.6299991607666,20.93000030517578,19.110000610351562,19.760000228881836,40738,0.0,0.0
2024-07-19 00:00:00-04:00,19.3700008392334,20.280000686645508,18.979999542236328,20.149999618530273,11931,0.0,0.0
2024-07-22 00:00:00-04:00,19.760000228881836,20.799999237060547,19.3700008392334,20.149999618530273,8500,0.0,0.0
2024-07-23 00:00:00-04:00,20.149999618530273,20.799999237060547,19.3700008392334,19.5,14200,0.0,0.0
2024-07-24 00:00:00-04:00,19.5,20.020000457763672,18.979999542236328,19.3700008392334,11800,0.0,0.0
2024-07-25 00:00:00-04:00,19.3700008392334,20.020000457763672,18.59000015258789,19.3700008392334,14431,0.0,0.0
2024-07-26 00:00:00-04:00,20.149999618530273,20.149999618530273,19.110000610351562,19.3700008392334,10023,0.0,0.0
2024-07-29 00:00:00-04:00,19.110000610351562,19.889999389648438,19.110000610351562,19.5,8785,0.0,0.0
2024-07-30 00:00:00-04:00,19.6299991607666,19.889999389648438,19.3700008392334,19.6299991607666,8015,0.0,0.0
2024-07-31 00:00:00-04:00,19.889999389648438,21.059999465942383,19.760000228881836,19.760000228881836,5000,0.0,0.0
2024-08-01 00:00:00-04:00,19.6299991607666,20.670000076293945,18.200000762939453,20.40999984741211,23915,0.0,0.0
2024-08-02 00:00:00-04:00,19.6299991607666,19.6299991607666,18.59000015258789,19.5,26569,0.0,0.0
2024-08-05 00:00:00-04:00,18.459999084472656,19.760000228881836,18.200000762939453,18.850000381469727,9746,0.0,0.0
2024-08-06 00:00:00-04:00,18.59000015258789,19.760000228881836,18.59000015258789,19.5,13554,0.0,0.0
2024-08-07 00:00:00-04:00,19.889999389648438,20.020000457763672,18.59000015258789,18.59000015258789,10162,0.0,0.0
2024-08-08 00:00:00-04:00,19.5,22.6200008392334,19.5,21.84000015258789,32869,0.0,0.0
2024-08-09 00:00:00-04:00,21.31999969482422,22.229999542236328,20.280000686645508,22.100000381469727,10854,0.0,0.0
2024-08-12 00:00:00-04:00,22.100000381469727,22.360000610351562,21.059999465942383,22.229999542236328,7062,0.0,0.0
2024-08-13 00:00:00-04:00,22.360000610351562,22.6200008392334,21.709999084472656,22.360000610351562,6000,0.0,0.0
2024-08-14 00:00:00-04:00,22.360000610351562,22.360000610351562,21.450000762939453,22.229999542236328,6646,0.0,0.0
2024-08-15 00:00:00-04:00,22.229999542236328,23.399999618530273,22.229999542236328,23.399999618530273,9323,0.0,0.0
2024-08-16 00:00:00-04:00,23.399999618530273,24.700000762939453,22.8799991607666,23.530000686645508,10169,0.0,0.0
2024-08-19 00:00:00-04:00,23.139999389648438,23.270000457763672,22.360000610351562,23.270000457763672,7223,0.0,0.0
2024-08-20 00:00:00-04:00,23.399999618530273,23.399999618530273,22.229999542236328,23.010000228881836,7954,0.0,0.0
2024-08-21 00:00:00-04:00,23.399999618530273,23.399999618530273,22.360000610351562,23.139999389648438,4892,0.0,0.0
2024-08-22 00:00:00-04:00,22.75,23.530000686645508,21.450000762939453,23.399999618530273,19423,0.0,0.0
2024-08-23 00:00:00-04:00,23.399999618530273,24.959999084472656,23.139999389648438,24.700000762939453,9015,0.0,0.0
2024-08-26 00:00:00-04:00,24.959999084472656,25.09000015258789,23.010000228881836,23.270000457763672,5262,0.0,0.0
2024-08-27 00:00:00-04:00,23.399999618530273,23.399999618530273,20.93000030517578,21.709999084472656,26954,0.0,0.0
2024-08-28 00:00:00-04:00,21.31999969482422,21.969999313354492,20.540000915527344,21.450000762939453,26777,0.0,0.0
2024-08-29 00:00:00-04:00,21.969999313354492,22.229999542236328,20.799999237060547,21.190000534057617,8454,0.0,0.0
2024-08-30 00:00:00-04:00,21.059999465942383,21.450000762939453,20.540000915527344,20.93000030517578,6423,0.0,0.0
2024-09-03 00:00:00-04:00,21.190000534057617,21.190000534057617,20.149999618530273,20.799999237060547,5715,0.0,0.0
2024-09-04 00:00:00-04:00,20.280000686645508,20.93000030517578,19.760000228881836,20.149999618530273,40646,0.0,0.0
2024-09-05 00:00:00-04:00,19.889999389648438,21.579999923706055,19.5,20.020000457763672,35908,0.0,0.0
2024-09-06 00:00:00-04:00,20.280000686645508,21.059999465942383,19.760000228881836,20.40999984741211,39454,0.0,0.0
2024-09-09 00:00:00-04:00,20.799999237060547,20.93000030517578,20.280000686645508,20.40999984741211,13500,0.0,0.0
2024-09-10 00:00:00-04:00,20.40999984741211,20.670000076293945,19.5,19.6299991607666,4585,0.0,0.0
2024-09-11 00:00:00-04:00,19.5,19.889999389648438,19.3700008392334,19.5,5362,0.0,0.0
2024-09-12 00:00:00-04:00,19.5,20.149999618530273,19.239999771118164,19.5,12385,0.0,0.0
2024-09-13 00:00:00-04:00,19.3700008392334,21.579999923706055,19.3700008392334,20.540000915527344,40485,0.0,0.0
2024-09-16 00:00:00-04:00,20.799999237060547,21.190000534057617,20.799999237060547,20.93000030517578,2200,0.0,0.0
2024-09-17 00:00:00-04:00,21.450000762939453,22.100000381469727,20.799999237060547,21.84000015258789,17200,0.0,0.0
2024-09-18 00:00:00-04:00,21.969999313354492,23.790000915527344,21.969999313354492,23.270000457763672,23008,0.0,0.0
2024-09-19 00:00:00-04:00,23.530000686645508,24.309999465942383,22.360000610351562,22.489999771118164,31469,0.0,0.0
2024-09-20 00:00:00-04:00,22.75,23.139999389648438,21.709999084472656,21.84000015258789,23392,0.0,0.0
2024-09-23 00:00:00-04:00,21.84000015258789,23.790000915527344,21.450000762939453,23.139999389648438,15923,0.0,0.0
2024-09-24 00:00:00-04:00,23.270000457763672,23.790000915527344,22.75,22.75,3246,0.0,0.0
2024-09-25 00:00:00-04:00,22.360000610351562,23.010000228881836,21.969999313354492,22.229999542236328,37900,0.0,0.0
2024-09-26 00:00:00-04:00,22.8799991607666,24.440000534057617,22.229999542236328,24.18000030517578,47354,0.0,0.0
2024-09-27 00:00:00-04:00,24.049999237060547,25.219999313354492,22.6200008392334,23.010000228881836,41408,0.0,0.0
2024-09-30 00:00:00-04:00,23.399999618530273,23.790000915527344,22.8799991607666,23.399999618530273,8138,0.0,0.0
2024-10-01 00:00:00-04:00,23.790000915527344,23.790000915527344,22.6200008392334,22.8799991607666,42562,0.0,0.0
2024-10-02 00:00:00-04:00,22.6200008392334,23.790000915527344,22.6200008392334,23.010000228881836,8838,0.0,0.0
2024-10-03 00:00:00-04:00,22.489999771118164,22.8799991607666,21.84000015258789,22.100000381469727,7777,0.0,0.0
2024-10-04 00:00:00-04:00,22.6200008392334,22.75,22.229999542236328,22.489999771118164,4654,0.0,0.0
2024-10-07 00:00:00-04:00,22.8799991607666,24.049999237060547,22.229999542236328,22.8799991607666,15915,0.0,0.0
2024-10-08 00:00:00-04:00,22.489999771118164,23.010000228881836,21.84000015258789,21.84000015258789,16131,0.0,0.0
2024-10-09 00:00:00-04:00,21.969999313354492,23.270000457763672,21.84000015258789,23.139999389648438,9354,0.0,0.0
2024-10-10 00:00:00-04:00,23.010000228881836,23.139999389648438,22.100000381469727,22.8799991607666,60315,0.0,0.0
2024-10-11 00:00:00-04:00,22.75,23.920000076293945,21.84000015258789,22.75,13523,0.0,0.0
2024-10-14 00:00:00-04:00,23.139999389648438,23.139999389648438,21.84000015258789,21.969999313354492,8377,0.0,0.0
2024-10-15 00:00:00-04:00,21.709999084472656,23.530000686645508,21.709999084472656,22.8799991607666,9592,0.0,0.0
2024-10-16 00:00:00-04:00,23.270000457763672,23.399999618530273,22.6200008392334,22.8799991607666,12769,0.0,0.0
2024-10-17 00:00:00-04:00,22.6200008392334,23.010000228881836,21.969999313354492,22.489999771118164,13646,0.0,0.0
2024-10-18 00:00:00-04:00,23.010000228881836,23.010000228881836,21.579999923706055,21.579999923706055,16385,0.0,0.0
2024-10-21 00:00:00-04:00,21.579999923706055,22.6200008392334,21.579999923706055,22.229999542236328,11008,0.0,0.0
2024-10-22 00:00:00-04:00,22.100000381469727,22.229999542236328,21.84000015258789,22.100000381469727,3600,0.0,0.0
2024-10-23 00:00:00-04:00,22.489999771118164,23.270000457763672,21.709999084472656,22.6200008392334,62377,0.0,0.0
2024-10-24 00:00:00-04:00,23.139999389648438,23.139999389648438,21.969999313354492,23.010000228881836,36869,0.0,0.0
2024-10-25 00:00:00-04:00,23.010000228881836,23.010000228881836,21.84000015258789,22.6200008392334,25769,0.0,0.0
2024-10-28 00:00:00-04:00,22.489999771118164,23.790000915527344,22.489999771118164,23.399999618530273,19600,0.0,0.0
2024-10-29 00:00:00-04:00,23.530000686645508,24.309999465942383,22.75,23.399999618530273,140477,0.0,0.0
2024-10-30 00:00:00-04:00,25.350000381469727,26.780000686645508,24.440000534057617,24.56999969482422,332862,0.0,0.0
2024-10-31 00:00:00-04:00,25.219999313354492,25.350000381469727,23.139999389648438,23.530000686645508,107515,0.0,0.0
2024-11-01 00:00:00-04:00,23.530000686645508,23.920000076293945,22.100000381469727,22.6200008392334,130162,0.0,0.0
2024-11-04 00:00:00-05:00,21.030000686645508,22.799999237060547,20.06999969482422,21.049999237060547,339300,0.0,0.07692307692307693
2024-11-05 00:00:00-05:00,20.989999771118164,22.719999313354492,20.200000762939453,21.5,4722800,0.0,0.0
2024-11-06 00:00:00-05:00,21.90999984741211,22.6299991607666,19.739999771118164,20.0,4597700,0.0,0.0
2024-11-07 00:00:00-05:00,20.0,20.25,18.25,18.5,6991500,0.0,0.0
2024-11-08 00:00:00-05:00,18.280000686645508,19.389999389648438,18.280000686645508,19.25,2207400,0.0,0.0
2024-11-11 00:00:00-05:00,19.290000915527344,19.809999465942383,19.049999237060547,19.290000915527344,1088500,0.0,0.0
2024-11-12 00:00:00-05:00,19.399999618530273,19.690000534057617,18.309999465942383,18.90999984741211,1203700,0.0,0.0
2024-11-13 00:00:00-05:00,18.920000076293945,19.139999389648438,18.31999969482422,18.399999618530273,985700,0.0,0.0
2024-11-14 00:00:00-05:00,18.25,18.399999618530273,17.1299991607666,17.200000762939453,1450100,0.0,0.0
2024-11-15 00:00:00-05:00,17.15999984741211,19.010000228881836,17.09000015258789,18.459999084472656,1218500,0.0,0.0
2024-11-18 00:00:00-05:00,18.469999313354492,18.549999237060547,18.030000686645508,18.3799991607666,2709500,0.0,0.0
2024-11-19 00:00:00-05:00,18.43000030517578,18.559999465942383,17.950000762939453,18.079999923706055,1512100,0.0,0.0
2024-11-20 00:00:00-05:00,17.93000030517578,18.68000030517578,17.40999984741211,18.450000762939453,573500,0.0,0.0
2024-11-21 00:00:00-05:00,18.399999618530273,19.209999084472656,18.200000762939453,19.139999389648438,1379700,0.0,0.0
2024-11-22 00:00:00-05:00,19.5,20.389999389648438,19.190000534057617,19.729999542236328,1545500,0.0,0.0
2024-11-25 00:00:00-05:00,19.809999465942383,20.68000030517578,19.579999923706055,20.450000762939453,1151700,0.0,0.0
2024-11-26 00:00:00-05:00,20.3799991607666,20.3799991607666,19.190000534057617,19.559999465942383,1017800,0.0,0.0
2024-11-27 00:00:00-05:00,19.649999618530273,20.530000686645508,19.610000610351562,20.420000076293945,414100,0.0,0.0
2024-11-29 00:00:00-05:00,20.489999771118164,21.1299991607666,20.459999084472656,20.479999542236328,624300,0.0,0.0
2024-12-02 00:00:00-05:00,20.329999923706055,20.459999084472656,19.760000228881836,20.049999237060547,631500,0.0,0.0
2024-12-03 00:00:00-05:00,20.0,20.010000228881836,19.5,20.0,529100,0.0,0.0
2024-12-04 00:00:00-05:00,20.0,20.290000915527344,19.09000015258789,19.59000015258789,753800,0.0,0.0
2024-12-05 00:00:00-05:00,19.510000228881836,19.549999237060547,18.25,19.0,794600,0.0,0.0
2024-12-06 00:00:00-05:00,19.200000762939453,19.760000228881836,18.84000015258789,19.760000228881836,516100,0.0,0.0
2024-12-09 00:00:00-05:00,19.899999618530273,20.020000457763672,19.299999237060547,19.510000228881836,649300,0.0,0.0
2024-12-10 00:00:00-05:00,19.600000381469727,19.6299991607666,19.010000228881836,19.420000076293945,490800,0.0,0.0
2024-12-11 00:00:00-05:00,19.469999313354492,20.6200008392334,19.049999237060547,19.760000228881836,555100,0.0,0.0
2024-12-12 00:00:00-05:00,19.469999313354492,19.6299991607666,19.0,19.209999084472656,381200,0.0,0.0
2024-12-13 00:00:00-05:00,19.040000915527344,19.15999984741211,18.770000457763672,19.010000228881836,351000,0.0,0.0
2024-12-16 00:00:00-05:00,18.950000762939453,19.59000015258789,18.809999465942383,18.860000610351562,457800,0.0,0.0
2024-12-17 00:00:00-05:00,18.559999465942383,18.950000762939453,18.559999465942383,18.780000686645508,584400,0.0,0.0
2024-12-18 00:00:00-05:00,18.690000534057617,19.389999389648438,17.510000228881836,17.959999084472656,835700,0.0,0.0
2024-12-19 00:00:00-05:00,17.989999771118164,18.559999465942383,17.770000457763672,17.950000762939453,754200,0.0,0.0
2024-12-20 00:00:00-05:00,17.719999313354492,18.299999237060547,17.709999084472656,17.799999237060547,743000,0.0,0.0
2024-12-23 00:00:00-05:00,18.0,18.6299991607666,17.700000762939453,18.610000610351562,543300,0.0,0.0
2024-12-24 00:00:00-05:00,18.700000762939453,18.860000610351562,18.5,18.700000762939453,128300,0.0,0.0
2024-12-26 00:00:00-05:00,18.43000030517578,18.84000015258789,18.1200008392334,18.190000534057617,174800,0.0,0.0
2024-12-27 00:00:00-05:00,18.010000228881836,18.40999984741211,17.829999923706055,18.309999465942383,313900,0.0,0.0
2024-12-30 00:00:00-05:00,18.15999984741211,18.15999984741211,17.540000915527344,17.8799991607666,402500,0.0,0.0
2024-12-31 00:00:00-05:00,17.979999542236328,18.170000076293945,17.5,18.170000076293945,625300,0.0,0.0
2025-01-02 00:00:00-05:00,18.139999389648438,18.510000228881836,17.90999984741211,18.030000686645508,237400,0.0,0.0
2025-01-03 00:00:00-05:00,18.139999389648438,18.790000915527344,18.09000015258789,18.719999313354492,360900,0.0,0.0
2025-01-06 00:00:00-05:00,18.940000534057617,19.440000534057617,18.75,18.809999465942383,287700,0.0,0.0
2025-01-07 00:00:00-05:00,18.899999618530273,19.229999542236328,18.510000228881836,18.6299991607666,250800,0.0,0.0
2025-01-08 00:00:00-05:00,18.350000381469727,18.780000686645508,17.780000686645508,18.690000534057617,742700,0.0,0.0
2025-01-10 00:00:00-05:00,18.299999237060547,18.6299991607666,17.920000076293945,18.399999618530273,353300,0.0,0.0
2025-01-13 00:00:00-05:00,18.3700008392334,18.3700008392334,17.950000762939453,18.1200008392334,267700,0.0,0.0
2025-01-14 00:00:00-05:00,18.34000015258789,18.520000457763672,17.959999084472656,17.979999542236328,219500,0.0,0.0
2025-01-15 00:00:00-05:00,18.43000030517578,18.579999923706055,17.530000686645508,17.829999923706055,314200,0.0,0.0
2025-01-16 00:00:00-05:00,17.8700008392334,18.059999465942383,17.610000610351562,17.90999984741211,216500,0.0,0.0
2025-01-17 00:00:00-05:00,18.0,18.3700008392334,17.690000534057617,18.06999969482422,367500,0.0,0.0
2025-01-21 00:00:00-05:00,18.18000030517578,18.520000457763672,17.790000915527344,17.860000610351562,356200,0.0,0.0
2025-01-22 00:00:00-05:00,17.850000381469727,17.950000762939453,17.520000457763672,17.559999465942383,308700,0.0,0.0
2025-01-23 00:00:00-05:00,18.020000457763672,18.530000686645508,16.75,17.200000762939453,753900,0.0,0.0
2025-01-24 00:00:00-05:00,17.510000228881836,17.979999542236328,16.920000076293945,17.899999618530273,619600,0.0,0.0
2025-01-27 00:00:00-05:00,17.889999389648438,18.239999771118164,17.549999237060547,17.68000030517578,719900,0.0,0.0
2025-01-28 00:00:00-05:00,17.600000381469727,18.469999313354492,17.520000457763672,18.450000762939453,343300,0.0,0.0
2025-01-29 00:00:00-05:00,18.389999389648438,18.959999084472656,18.049999237060547,18.790000915527344,334000,0.0,0.0
2025-01-30 00:00:00-05:00,18.790000915527344,19.389999389648438,18.56999969482422,18.68000030517578,527700,0.0,0.0
2025-01-31 00:00:00-05:00,18.68000030517578,19.059999465942383,18.329999923706055,18.65999984741211,413100,0.0,0.0
2025-02-03 00:00:00-05:00,18.3700008392334,18.700000762939453,18.049999237060547,18.510000228881836,379800,0.0,0.0
2025-02-04 00:00:00-05:00,18.610000610351562,19.31999969482422,18.610000610351562,19.25,672700,0.0,0.0
2025-02-05 00:00:00-05:00,19.489999771118164,20.139999389648438,19.200000762939453,19.59000015258789,672200,0.0,0.0
2025-02-06 00:00:00-05:00,17.979999542236328,21.299999237060547,17.979999542236328,20.25,1166400,0.0,0.0
2025-02-07 00:00:00-05:00,20.469999313354492,20.5,19.829999923706055,20.1299991607666,748700,0.0,0.0
2025-02-10 00:00:00-05:00,20.1299991607666,20.719999313354492,19.700000762939453,20.559999465942383,458000,0.0,0.0
2025-02-11 00:00:00-05:00,20.31999969482422,21.969999313354492,20.31999969482422,21.56999969482422,957900,0.0,0.0
2025-02-12 00:00:00-05:00,21.309999465942383,23.190000534057617,20.93000030517578,22.809999465942383,1304000,0.0,0.0
2025-02-13 00:00:00-05:00,23.09000015258789,23.09000015258789,22.459999084472656,22.989999771118164,765000,0.0,0.0
2025-02-14 00:00:00-05:00,23.09000015258789,23.15999984741211,21.979999542236328,22.510000228881836,497200,0.0,0.0
2025-02-18 00:00:00-05:00,22.979999542236328,23.18000030517578,22.329999923706055,22.489999771118164,581000,0.0,0.0
2025-02-19 00:00:00-05:00,22.600000381469727,22.889999389648438,22.25,22.489999771118164,583300,0.0,0.0
2025-02-20 00:00:00-05:00,22.5,22.510000228881836,21.649999618530273,21.760000228881836,478500,0.0,0.0
2025-02-21 00:00:00-05:00,21.84000015258789,22.0,21.079999923706055,21.440000534057617,377900,0.0,0.0
2025-02-24 00:00:00-05:00,21.600000381469727,21.770000457763672,20.90999984741211,20.979999542236328,375300,0.0,0.0
2025-02-25 00:00:00-05:00,20.81999969482422,21.149999618530273,19.700000762939453,20.3700008392334,590900,0.0,0.0
2025-02-26 00:00:00-05:00,20.459999084472656,21.170000076293945,20.290000915527344,20.530000686645508,591700,0.0,0.0
2025-02-27 00:00:00-05:00,20.469999313354492,20.850000381469727,20.1299991607666,20.280000686645508,562900,0.0,0.0
2025-02-28 00:00:00-05:00,20.200000762939453,21.549999237060547,20.020000457763672,20.610000610351562,624300,0.0,0.0
2025-03-03 00:00:00-05:00,20.559999465942383,20.889999389648438,19.549999237060547,19.719999313354492,584700,0.0,0.0
2025-03-04 00:00:00-05:00,19.219999313354492,19.799999237060547,18.860000610351562,19.459999084472656,537100,0.0,0.0
2025-03-05 00:00:00-05:00,19.5,20.100000381469727,19.290000915527344,20.049999237060547,384700,0.0,0.0
2025-03-06 00:00:00-05:00,19.90999984741211,20.3799991607666,19.65999984741211,19.81999969482422,347300,0.0,0.0
2025-03-07 00:00:00-05:00,19.809999465942383,20.399999618530273,19.559999465942383,20.110000610351562,385100,0.0,0.0
2025-03-10 00:00:00-04:00,19.84000015258789,20.139999389648438,19.1200008392334,19.25,607100,0.0,0.0
2025-03-11 00:00:00-04:00,19.020000457763672,19.889999389648438,18.700000762939453,19.84000015258789,398600,0.0,0.0
2025-03-12 00:00:00-04:00,20.030000686645508,20.030000686645508,19.309999465942383,19.690000534057617,278900,0.0,0.0
2025-03-13 00:00:00-04:00,19.68000030517578,19.920000076293945,18.600000381469727,18.6200008392334,559500,0.0,0.0
2025-03-14 00:00:00-04:00,18.6200008392334,19.34000015258789,18.549999237060547,19.170000076293945,474000,0.0,0.0
2025-03-17 00:00:00-04:00,19.25,19.770000457763672,19.25,19.350000381469727,291400,0.0,0.0
2025-03-18 00:00:00-04:00,19.290000915527344,19.40999984741211,19.020000457763672,19.309999465942383,205900,0.0,0.0
2025-03-19 00:00:00-04:00,18.940000534057617,19.670000076293945,18.940000534057617,19.190000534057617,334600,0.0,0.0
2025-03-20 00:00:00-04:00,19.1200008392334,19.299999237060547,18.90999984741211,19.040000915527344,270200,0.0,0.0
2025-03-21 00:00:00-04:00,18.799999237060547,18.979999542236328,18.510000228881836,18.600000381469727,494000,0.0,0.0
2025-03-24 00:00:00-04:00,18.799999237060547,19.149999618530273,18.649999618530273,19.059999465942383,306200,0.0,0.0
2025-03-25 00:00:00-04:00,19.040000915527344,19.09000015258789,18.600000381469727,18.700000762939453,354300,0.0,0.0
2025-03-26 00:00:00-04:00,18.760000228881836,18.829999923706055,18.479999542236328,18.670000076293945,384800,0.0,0.0
2025-03-27 00:00:00-04:00,18.729999542236328,19.209999084472656,18.559999465942383,19.020000457763672,265200,0.0,0.0
2025-03-28 00:00:00-04:00,18.940000534057617,19.079999923706055,18.229999542236328,18.280000686645508,304400,0.0,0.0
2025-03-31 00:00:00-04:00,18.0,18.399999618530273,17.81999969482422,18.15999984741211,540000,0.0,0.0
2025-04-01 00:00:00-04:00,18.15999984741211,18.3799991607666,17.799999237060547,18.170000076293945,293700,0.0,0.0
2025-04-02 00:00:00-04:00,17.93000030517578,18.610000610351562,17.93000030517578,18.530000686645508,266700,0.0,0.0
2025-04-03 00:00:00-04:00,17.81999969482422,18.010000228881836,16.850000381469727,17.06999969482422,1048800,0.0,0.0
2025-04-04 00:00:00-04:00,16.43000030517578,16.43000030517578,14.899999618530273,14.960000038146973,932600,0.0,0.0
2025-04-07 00:00:00-04:00,14.119999885559082,15.470000267028809,13.710000038146973,14.630000114440918,934000,0.0,0.0
2025-04-08 00:00:00-04:00,15.0600004196167,15.140000343322754,13.319999694824219,13.5,870500,0.0,0.0
2025-04-09 00:00:00-04:00,13.3100004196167,16.440000534057617,13.109999656677246,16.209999084472656,932700,0.0,0.0
2025-04-10 00:00:00-04:00,15.819999694824219,15.819999694824219,14.6899995803833,15.100000381469727,488700,0.0,0.0
2025-04-11 00:00:00-04:00,15.010000228881836,15.229999542236328,14.300000190734863,15.039999961853027,466200,0.0,0.0
2025-04-14 00:00:00-04:00,15.380000114440918,15.600000381469727,14.970000267028809,15.260000228881836,234900,0.0,0.0
2025-04-15 00:00:00-04:00,15.300000190734863,15.5,15.0,15.15999984741211,176200,0.0,0.0
2025-04-16 00:00:00-04:00,14.859999656677246,15.390000343322754,14.779999732971191,15.079999923706055,208900,0.0,0.0
2025-04-17 00:00:00-04:00,15.050000190734863,15.3100004196167,14.489999771118164,14.539999961853027,488100,0.0,0.0
2025-04-21 00:00:00-04:00,14.460000038146973,14.460000038146973,13.069999694824219,13.260000228881836,822400,0.0,0.0
2025-04-22 00:00:00-04:00,13.550000190734863,13.779999732971191,13.119999885559082,13.59000015258789,493900,0.0,0.0
2025-04-23 00:00:00-04:00,14.359999656677246,14.770000457763672,13.449999809265137,13.529999732971191,866400,0.0,0.0
2025-04-24 00:00:00-04:00,13.729999542236328,14.609999656677246,13.510000228881836,14.470000267028809,297800,0.0,0.0
2025-04-25 00:00:00-04:00,14.260000228881836,14.739999771118164,14.210000038146973,14.380000114440918,272900,0.0,0.0
2025-04-28 00:00:00-04:00,14.3100004196167,14.789999961853027,14.3100004196167,14.649999618530273,280600,0.0,0.0
2025-04-29 00:00:00-04:00,14.5600004196167,15.09000015258789,14.399999618530273,14.75,521200,0.0,0.0
2025-04-30 00:00:00-04:00,14.460000038146973,14.75,14.0,14.670000076293945,333300,0.0,0.0
2025-05-01 00:00:00-04:00,14.670000076293945,14.979999542236328,14.460000038146973,14.579999923706055,210100,0.0,0.0
2025-05-02 00:00:00-04:00,14.789999961853027,15.350000381469727,14.649999618530273,15.279999732971191,324400,0.0,0.0
2025-05-05 00:00:00-04:00,15.100000381469727,15.40999984741211,15.029999732971191,15.130000114440918,282400,0.0,0.0
2025-05-06 00:00:00-04:00,14.949999809265137,15.270000457763672,14.8100004196167,15.170000076293945,399300,0.0,0.0
2025-05-07 00:00:00-04:00,12.399999618530273,13.869999885559082,12.199999809265137,12.430000305175781,2343300,0.0,0.0
2025-05-08 00:00:00-04:00,12.399999618530273,13.880000114440918,12.399999618530273,13.760000228881836,2348100,0.0,0.0
2025-05-09 00:00:00-04:00,13.729999542236328,14.489999771118164,13.390000343322754,14.119999885559082,1075800,0.0,0.0
2025-05-12 00:00:00-04:00,15.220000267028809,15.390000343322754,14.59000015258789,14.75,842400,0.0,0.0
2025-05-13 00:00:00-04:00,15.0,15.640000343322754,14.770000457763672,15.050000190734863,907800,0.0,0.0
2025-05-14 00:00:00-04:00,14.390000343322754,14.529999732971191,13.9399995803833,14.09000015258789,756700,0.0,0.0
2025-05-15 00:00:00-04:00,13.829999923706055,13.890000343322754,12.899999618530273,13.550000190734863,885000,0.0,0.0
2025-05-16 00:00:00-04:00,13.40999984741211,13.479999542236328,12.850000381469727,13.09000015258789,718000,0.0,0.0
2025-05-19 00:00:00-04:00,12.399999618530273,12.84000015258789,12.319999694824219,12.369999885559082,618000,0.0,0.0
2025-05-20 00:00:00-04:00,12.270000457763672,12.949999809265137,12.25,12.779999732971191,564800,0.0,0.0
2025-05-21 00:00:00-04:00,12.569999694824219,12.729999542236328,12.039999961853027,12.039999961853027,651400,0.0,0.0
2025-05-22 00:00:00-04:00,11.9399995803833,12.069999694824219,11.770000457763672,11.869999885559082,475200,0.0,0.0
2025-05-23 00:00:00-04:00,11.619999885559082,12.029999732971191,11.579999923706055,11.9399995803833,1095100,0.0,0.0
2025-05-27 00:00:00-04:00,12.199999809265137,12.390000343322754,12.010000228881836,12.109999656677246,492400,0.0,0.0
2025-05-28 00:00:00-04:00,12.0600004196167,12.09000015258789,11.550000190734863,11.5600004196167,440500,0.0,0.0
2025-05-29 00:00:00-04:00,11.760000228881836,11.920000076293945,11.430000305175781,11.8100004196167,448100,0.0,0.0
2025-05-30 00:00:00-04:00,11.680000305175781,12.399999618530273,11.59000015258789,12.020000457763672,713400,0.0,0.0
2025-06-02 00:00:00-04:00,12.279999732971191,12.670000076293945,11.890000343322754,12.170000076293945,531200,0.0,0.0
2025-06-03 00:00:00-04:00,12.149999618530273,12.710000038146973,12.0,12.40999984741211,519000,0.0,0.0
2025-06-04 00:00:00-04:00,12.359999656677246,12.529999732971191,12.220000267028809,12.25,252200,0.0,0.0
2025-06-05 00:00:00-04:00,12.329999923706055,13.140000343322754,12.3100004196167,13.039999961853027,535100,0.0,0.0
2025-06-06 00:00:00-04:00,13.229999542236328,13.369999885559082,12.970000267028809,13.239999771118164,310100,0.0,0.0
2025-06-09 00:00:00-04:00,13.4399995803833,13.619999885559082,13.119999885559082,13.40999984741211,401500,0.0,0.0
2025-06-10 00:00:00-04:00,13.449999809265137,14.510000228881836,13.449999809265137,14.220000267028809,2088600,0.0,0.0
2025-06-11 00:00:00-04:00,14.369999885559082,14.630000114440918,14.069999694824219,14.119999885559082,1388200,0.0,0.0
2025-06-12 00:00:00-04:00,13.899999618530273,14.180000305175781,13.859999656677246,13.890000343322754,944000,0.0,0.0
2025-06-13 00:00:00-04:00,13.75,13.760000228881836,12.779999732971191,12.850000381469727,822800,0.0,0.0
2025-06-16 00:00:00-04:00,13.020000457763672,13.289999961853027,12.920000076293945,13.210000038146973,609300,0.0,0.0
2025-06-17 00:00:00-04:00,13.020000457763672,13.199999809265137,12.75,12.75,1186100,0.0,0.0
2025-06-18 00:00:00-04:00,12.710000038146973,13.0,12.520000457763672,12.5600004196167,869500,0.0,0.0
2025-06-20 00:00:00-04:00,13.010000228881836,13.069999694824219,12.4399995803833,12.4399995803833,783600,0.0,0.0
2025-06-23 00:00:00-04:00,12.25,12.279999732971191,11.890000343322754,12.220000267028809,840900,0.0,0.0
2025-06-24 00:00:00-04:00,12.34000015258789,12.720000267028809,12.270000457763672,12.5,1147500,0.0,0.0
2025-06-25 00:00:00-04:00,12.600000381469727,12.600000381469727,12.09000015258789,12.220000267028809,742000,0.0,0.0
2025-06-26 00:00:00-04:00,12.270000457763672,12.930000305175781,12.199999809265137,12.6899995803833,636400,0.0,0.0
2025-06-27 00:00:00-04:00,12.75,12.8100004196167,12.300000190734863,12.609999656677246,5697300,0.0,0.0
2025-06-30 00:00:00-04:00,12.649999618530273,12.649999618530273,11.930000305175781,12.079999923706055,592500,0.0,0.0
2025-07-01 00:00:00-04:00,11.90999984741211,13.100000381469727,11.90999984741211,12.760000228881836,835800,0.0,0.0
2025-07-02 00:00:00-04:00,12.84000015258789,13.3100004196167,12.770000457763672,13.069999694824219,510700,0.0,0.0
2025-07-03 00:00:00-04:00,13.140000343322754,13.239999771118164,12.880000114440918,13.180000305175781,397100,0.0,0.0
2025-07-07 00:00:00-04:00,13.09000015258789,13.350000381469727,12.890000343322754,13.180000305175781,691200,0.0,0.0
2025-07-08 00:00:00-04:00,13.180000305175781,13.819999694824219,13.010000228881836,13.619999885559082,559400,0.0,0.0
2025-07-09 00:00:00-04:00,13.619999885559082,13.829999923706055,13.420000076293945,13.5600004196167,368800,0.0,0.0
2025-07-10 00:00:00-04:00,13.640000343322754,14.15999984741211,13.520000457763672,13.720000267028809,494400,0.0,0.0
2025-07-11 00:00:00-04:00,13.710000038146973,13.710000038146973,13.069999694824219,13.199999809265137,291000,0.0,0.0
2025-07-14 00:00:00-04:00,13.079999923706055,13.1899995803833,12.869999885559082,12.899999618530273,369000,0.0,0.0
2025-07-15 00:00:00-04:00,12.850000381469727,13.010000228881836,12.579999923706055,12.600000381469727,358900,0.0,0.0
2025-07-16 00:00:00-04:00,12.739999771118164,13.149999618530273,12.470000267028809,13.0,2133200,0.0,0.0
2025-07-17 00:00:00-04:00,13.140000343322754,13.649999618530273,13.020000457763672,13.5600004196167,816300,0.0,0.0
2025-07-18 00:00:00-04:00,13.770000457763672,13.770000457763672,12.90999984741211,12.960000038146973,548100,0.0,0.0
2025-07-21 00:00:00-04:00,13.079999923706055,13.229999542236328,12.930000305175781,12.979999542236328,427000,0.0,0.0
2025-07-22 00:00:00-04:00,13.0,13.65999984741211,13.0,13.550000190734863,1158300,0.0,0.0
2025-07-23 00:00:00-04:00,13.869999885559082,14.010000228881836,13.680000305175781,13.729999542236328,554300,0.0,0.0
2025-07-24 00:00:00-04:00,13.550000190734863,13.640000343322754,13.300000190734863,13.449999809265137,428700,0.0,0.0
2025-07-25 00:00:00-04:00,13.529999732971191,13.529999732971191,13.180000305175781,13.4399995803833,1857100,0.0,0.0
2025-07-28 00:00:00-04:00,13.449999809265137,13.520000457763672,13.210000038146973,13.399999618530273,291200,0.0,0.0
2025-07-29 00:00:00-04:00,13.460000038146973,13.600000381469727,13.170000076293945,13.300000190734863,751000,0.0,0.0
2025-07-30 00:00:00-04:00,13.3100004196167,13.399999618530273,12.529999732971191,12.569999694824219,367500,0.0,0.0
2025-07-31 00:00:00-04:00,12.289999961853027,12.5600004196167,12.140000343322754,12.449999809265137,554600,0.0,0.0
2025-08-01 00:00:00-04:00,12.25,12.270000457763672,11.649999618530273,11.859999656677246,560400,0.0,0.0
2025-08-04 00:00:00-04:00,11.880000114440918,12.0600004196167,11.800000190734863,11.880000114440918,392700,0.0,0.0
2025-08-05 00:00:00-04:00,12.010000228881836,12.460000038146973,12.010000228881836,12.15999984741211,1065100,0.0,0.0
2025-08-06 00:00:00-04:00,11.520000457763672,11.65999984741211,10.390000343322754,11.489999771118164,1822700,0.0,0.0
2025-08-07 00:00:00-04:00,11.930000305175781,12.5,11.789999961853027,12.470000267028809,743100,0.0,0.0
2025-08-08 00:00:00-04:00,12.390000343322754,12.890000343322754,12.210000038146973,12.710000038146973,879300,0.0,0.0
2025-08-11 00:00:00-04:00,12.789999961853027,12.90999984741211,12.319999694824219,12.850000381469727,438600,0.0,0.0
2025-08-12 00:00:00-04:00,12.890000343322754,13.5600004196167,12.779999732971191,13.479999542236328,625400,0.0,0.0
2025-08-13 00:00:00-04:00,13.5,13.880000114440918,13.420000076293945,13.680000305175781,521500,0.0,0.0
2025-08-14 00:00:00-04:00,13.199999809265137,13.479999542236328,13.029999732971191,13.399999618530273,322400,0.0,0.0
2025-08-15 00:00:00-04:00,13.510000228881836,13.510000228881836,13.039999961853027,13.069999694824219,335000,0.0,0.0
2025-08-18 00:00:00-04:00,13.119999885559082,13.229999542236328,12.819999694824219,12.9399995803833,319800,0.0,0.0
2025-08-19 00:00:00-04:00,12.989999771118164,13.260000228881836,12.880000114440918,12.979999542236328,226900,0.0,0.0
2025-08-20 00:00:00-04:00,13.130000114440918,13.180000305175781,12.649999618530273,12.65999984741211,281000,0.0,0.0
2025-08-21 00:00:00-04:00,12.460000038146973,12.619999885559082,12.350000381469727,12.479999542236328,333800,0.0,0.0
2025-08-22 00:00:00-04:00,12.5600004196167,13.380000114440918,12.5600004196167,13.300000190734863,607000,0.0,0.0
2025-08-25 00:00:00-04:00,13.199999809265137,13.199999809265137,12.789999961853027,12.819999694824219,240500,0.0,0.0
2025-08-26 00:00:00-04:00,12.779999732971191,12.899999618530273,12.670000076293945,12.75,230700,0.0,0.0
2025-08-27 00:00:00-04:00,12.59000015258789,12.899999618530273,12.390000343322754,12.460000038146973,486700,0.0,0.0
2025-08-28 00:00:00-04:00,12.59000015258789,12.649999618530273,12.199999809265137,12.319999694824219,519100,0.0,0.0
2025-08-29 00:00:00-04:00,12.359999656677246,12.479999542236328,12.279999732971191,12.399999618530273,856200,0.0,0.0
2025-09-02 00:00:00-04:00,12.210000038146973,12.319999694824219,12.050000190734863,12.140000343322754,544200,0.0,0.0
2025-09-03 00:00:00-04:00,12.0,12.069999694824219,11.550000190734863,11.609999656677246,1518700,0.0,0.0
2025-09-04 00:00:00-04:00,11.550000190734863,11.979999542236328,11.460000038146973,11.9399995803833,975200,0.0,0.0
2025-09-05 00:00:00-04:00,12.0600004196167,12.449999809265137,11.9399995803833,12.010000228881836,756000,0.0,0.0
2025-09-08 00:00:00-04:00,12.039999961853027,12.039999961853027,11.619999885559082,11.789999961853027,481700,0.0,0.0
2025-09-09 00:00:00-04:00,11.680000305175781,11.729999542236328,11.539999961853027,11.699999809265137,438600,0.0,0.0
2025-09-10 00:00:00-04:00,11.739999771118164,11.800000190734863,11.289999961853027,11.350000381469727,642700,0.0,0.0
2025-09-11 00:00:00-04:00,11.300000190734863,11.670000076293945,11.260000228881836,11.619999885559082,585200,0.0,0.0
2025-09-12 00:00:00-04:00,11.609999656677246,11.609999656677246,10.90999984741211,11.039999961853027,813700,0.0,0.0
2025-09-15 00:00:00-04:00,10.949999809265137,11.109999656677246,10.859999656677246,10.970000267028809,681200,0.0,0.0
2025-09-16 00:00:00-04:00,10.9399995803833,11.109999656677246,10.84000015258789,11.020000457763672,458600,0.0,0.0
2025-09-17 00:00:00-04:00,11.100000381469727,12.029999732971191,11.010000228881836,11.380000114440918,661500,0.0,0.0
2025-09-18 00:00:00-04:00,11.4399995803833,11.640000343322754,11.25,11.449999809265137,518000,0.0,0.0
2025-09-19 00:00:00-04:00,11.479999542236328,11.479999542236328,11.149999618530273,11.15999984741211,851400,0.0,0.0
2025-09-22 00:00:00-04:00,11.149999618530273,11.300000190734863,10.949999809265137,11.1899995803833,482300,0.0,0.0
2025-09-23 00:00:00-04:00,11.34000015258789,11.529999732971191,10.970000267028809,11.010000228881836,510200,0.0,0.0
2025-09-24 00:00:00-04:00,11.09000015258789,11.380000114440918,10.649999618530273,10.65999984741211,630200,0.0,0.0
2025-09-25 00:00:00-04:00,10.569999694824219,10.619999885559082,10.329999923706055,10.449999809265137,603600,0.0,0.0
2025-09-26 00:00:00-04:00,10.529999732971191,11.140000343322754,10.470000267028809,11.029999732971191,639600,0.0,0.0
2025-09-29 00:00:00-04:00,11.15999984741211,11.359999656677246,10.970000267028809,11.210000038146973,603800,0.0,0.0
2025-09-30 00:00:00-04:00,11.079999923706055,11.729999542236328,11.020000457763672,11.720000267028809,775200,0.0,0.0
2025-10-01 00:00:00-04:00,11.720000267028809,11.930000305175781,11.449999809265137,11.529999732971191,525100,0.0,0.0
2025-10-02 00:00:00-04:00,11.380000114440918,11.539999961853027,11.100000381469727,11.40999984741211,851700,0.0,0.0
2025-10-03 00:00:00-04:00,11.539999961853027,11.920000076293945,11.449999809265137,11.720000267028809,788700,0.0,0.0
2025-10-06 00:00:00-04:00,11.949999809265137,11.949999809265137,11.579999923706055,11.850000381469727,916800,0.0,0.0
2025-10-07 00:00:00-04:00,11.960000038146973,12.149999618530273,11.6899995803833,11.6899995803833,968000,0.0,0.0
2025-10-08 00:00:00-04:00,11.729999542236328,11.779999732971191,10.960000038146973,11.0,1121400,0.0,0.0
2025-10-09 00:00:00-04:00,10.979999542236328,10.979999542236328,10.329999923706055,10.399999618530273,1158400,0.0,0.0
2025-10-10 00:00:00-04:00,10.380000114440918,10.600000381469727,9.90999984741211,9.9399995803833,1083500,0.0,0.0
2025-10-13 00:00:00-04:00,9.989999771118164,10.279999732971191,9.9399995803833,10.210000038146973,779900,0.0,0.0
2025-10-14 00:00:00-04:00,10.109999656677246,10.729999542236328,10.0,10.520000457763672,660900,0.0,0.0
2025-10-15 00:00:00-04:00,10.619999885559082,10.619999885559082,9.319999694824219,9.4399995803833,1770400,0.0,0.0
2025-10-16 00:00:00-04:00,9.489999771118164,9.6899995803833,9.270000457763672,9.300000190734863,1406500,0.0,0.0
2025-10-17 00:00:00-04:00,9.229999542236328,9.359999656677246,8.930000305175781,9.100000381469727,777100,0.0,0.0
2025-10-20 00:00:00-04:00,9.130000114440918,9.800000190734863,9.119999885559082,9.649999618530273,669800,0.0,0.0
2025-10-21 00:00:00-04:00,9.640000343322754,9.970000267028809,9.630000114440918,9.90999984741211,505000,0.0,0.0
2025-10-22 00:00:00-04:00,9.75,10.0,9.4399995803833,9.4399995803833,607600,0.0,0.0
2025-10-23 00:00:00-04:00,9.489999771118164,9.640000343322754,9.229999542236328,9.369999885559082,497800,0.0,0.0
2025-10-24 00:00:00-04:00,9.470000267028809,9.600000381469727,9.369999885559082,9.529999732971191,394500,0.0,0.0
2025-10-27 00:00:00-04:00,9.5,9.550000190734863,9.09000015258789,9.229999542236328,442100,0.0,0.0
2025-10-28 00:00:00-04:00,9.109999656677246,9.25,9.050000190734863,9.119999885559082,502800,0.0,0.0
2025-10-29 00:00:00-04:00,9.050000190734863,9.130000114440918,8.520000457763672,8.600000381469727,510200,0.0,0.0
2025-10-30 00:00:00-04:00,8.520000457763672,8.699999809265137,8.399999618530273,8.5600004196167,494100,0.0,0.0
2025-10-31 00:00:00-04:00,8.5,9.109999656677246,8.399999618530273,9.09000015258789,556800,0.0,0.0
2025-11-03 00:00:00-05:00,9.079999923706055,9.079999923706055,8.65999984741211,8.819999694824219,530000,0.0,0.0
2025-11-04 00:00:00-05:00,8.609999656677246,8.710000038146973,8.430000305175781,8.529999732971191,574400,0.0,0.0
2025-11-05 00:00:00-05:00,8.529999732971191,8.65999984741211,8.4399995803833,8.569999694824219,448000,0.0,0.0
2025-11-06 00:00:00-05:00,8.550000190734863,8.770000457763672,8.420000076293945,8.699999809265137,662700,0.0,0.0
2025-11-07 00:00:00-05:00,8.680000305175781,8.930000305175781,8.520000457763672,8.890000343322754,483300,0.0,0.0
2025-11-10 00:00:00-05:00,9.079999923706055,9.100000381469727,8.789999961853027,9.0,846300,0.0,0.0
2025-11-11 00:00:00-05:00,9.119999885559082,9.119999885559082,8.859999656677246,8.899999618530273,784300,0.0,0.0
2025-11-12 00:00:00-05:00,8.84000015258789,9.470000267028809,8.800000190734863,9.4399995803833,697700,0.0,0.0
2025-11-13 00:00:00-05:00,9.369999885559082,9.539999961853027,8.979999542236328,9.079999923706055,748400,0.0,0.0
2025-11-14 00:00:00-05:00,8.869999885559082,8.979999542236328,8.640000343322754,8.75,570000,0.0,0.0
2025-11-17 00:00:00-05:00,8.619999885559082,8.649999618530273,8.010000228881836,8.15999984741211,641800,0.0,0.0
2025-11-18 00:00:00-05:00,8.0600004196167,8.220000267028809,7.989999771118164,8.050000190734863,1442700,0.0,0.0
2025-11-19 00:00:00-05:00,8.050000190734863,8.239999771118164,7.820000171661377,7.960000038146973,1409200,0.0,0.0
2025-11-20 00:00:00-05:00,11.0,12.5,10.0,10.180000305175781,9417900,0.0,0.0
2025-11-21 00:00:00-05:00,10.390000343322754,11.649999618530273,10.329999923706055,11.539999961853027,3349100,0.0,0.0
2025-11-24 00:00:00-05:00,12.140000343322754,13.649999618530273,12.020000457763672,13.470000267028809,3719600,0.0,0.0
2025-11-25 00:00:00-05:00,13.390000343322754,13.84000015258789,13.25,13.5,2814000,0.0,0.0
2025-11-26 00:00:00-05:00,13.380000114440918,14.25,13.380000114440918,13.779999732971191,1247500,0.0,0.0
2025-11-28 00:00:00-05:00,13.8100004196167,14.399999618530273,13.600000381469727,14.15999984741211,592900,0.0,0.0
2025-12-01 00:00:00-05:00,13.970000267028809,14.850000381469727,13.949999809265137,14.539999961853027,1170100,0.0,0.0
2025-12-02 00:00:00-05:00,14.449999809265137,14.510000228881836,14.170000076293945,14.199999809265137,1026900,0.0,0.0
2025-12-03 00:00:00-05:00,14.279999732971191,14.510000228881836,13.850000381469727,13.979999542236328,849800,0.0,0.0
2025-12-04 00:00:00-05:00,13.960000038146973,14.180000305175781,13.739999771118164,13.9399995803833,641900,0.0,0.0
2025-12-05 00:00:00-05:00,13.960000038146973,14.239999771118164,13.84000015258789,14.130000114440918,923400,0.0,0.0
2025-12-08 00:00:00-05:00,14.15999984741211,14.34000015258789,13.890000343322754,14.0600004196167,518300,0.0,0.0
2025-12-09 00:00:00-05:00,14.0600004196167,14.229999542236328,13.630000114440918,13.65999984741211,638500,0.0,0.0
2025-12-10 00:00:00-05:00,13.579999923706055,14.890000343322754,13.579999923706055,14.800000190734863,1337600,0.0,0.0
2025-12-11 00:00:00-05:00,14.899999618530273,15.25,14.850000381469727,14.949999809265137,885200,0.0,0.0
2025-12-12 00:00:00-05:00,14.989999771118164,15.09000015258789,14.699999809265137,14.84000015258789,829400,0.0,0.0
2025-12-15 00:00:00-05:00,15.079999923706055,15.079999923706055,14.600000381469727,14.619999885559082,830000,0.0,0.0
2025-12-16 00:00:00-05:00,14.710000038146973,14.899999618530273,14.5600004196167,14.640000343322754,1021600,0.0,0.0
2025-12-17 00:00:00-05:00,14.630000114440918,14.949999809265137,14.579999923706055,14.720000267028809,932200,0.0,0.0
2025-12-18 00:00:00-05:00,14.880000114440918,15.130000114440918,14.789999961853027,14.890000343322754,694100,0.0,0.0
2025-12-19 00:00:00-05:00,14.949999809265137,15.199999809265137,14.869999885559082,14.930000305175781,875100,0.0,0.0
2025-12-22 00:00:00-05:00,14.90999984741211,15.09000015258789,14.510000228881836,14.550000190734863,463800,0.0,0.0
2025-12-23 00:00:00-05:00,14.470000267028809,14.619999885559082,14.289999961853027,14.579999923706055,396200,0.0,0.0
2025-12-24 00:00:00-05:00,14.760000228881836,15.520000457763672,14.680000305175781,15.029999732971191,324900,0.0,0.0
2025-12-26 00:00:00-05:00,15.010000228881836,15.109999656677246,14.869999885559082,15.079999923706055,551700,0.0,0.0
2025-12-29 00:00:00-05:00,15.010000228881836,15.170000076293945,14.520000457763672,15.029999732971191,465600,0.0,0.0
2025-12-30 00:00:00-05:00,15.09000015258789,15.1899995803833,14.84000015258789,15.170000076293945,403800,0.0,0.0
2025-12-31 00:00:00-05:00,15.220000267028809,15.359999656677246,15.010000228881836,15.140000343322754,558700,0.0,0.0
2026-01-02 00:00:00-05:00,15.25,15.25,14.25,14.270000457763672,465100,0.0,0.0
2026-01-05 00:00:00-05:00,14.149999618530273,14.59000015258789,13.960000038146973,14.5600004196167,548400,0.0,0.0
2026-01-06 00:00:00-05:00,14.399999618530273,15.350000381469727,14.399999618530273,15.260000228881836,784300,0.0,0.0
2026-01-07 00:00:00-05:00,14.920000076293945,14.989999771118164,14.039999961853027,14.34000015258789,684900,0.0,0.0
2026-01-08 00:00:00-05:00,14.239999771118164,14.739999771118164,14.029999732971191,14.539999961853027,655600,0.0,0.0
2026-01-09 00:00:00-05:00,14.680000305175781,14.75,14.239999771118164,14.680000305175781,381500,0.0,0.0
2026-01-12 00:00:00-05:00,14.65999984741211,14.770000457763672,14.380000114440918,14.729999542236328,332500,0.0,0.0
2026-01-13 00:00:00-05:00,14.720000267028809,14.75,14.430000305175781,14.600000381469727,295700,0.0,0.0
2026-01-14 00:00:00-05:00,14.59000015258789,15.149999618530273,14.59000015258789,15.020000457763672,256000,0.0,0.0
2026-01-15 00:00:00-05:00,15.010000228881836,15.1899995803833,14.84000015258789,15.09000015258789,620300,0.0,0.0
2026-01-16 00:00:00-05:00,14.989999771118164,15.0,14.0600004196167,14.100000381469727,758900,0.0,0.0
2026-01-20 00:00:00-05:00,13.739999771118164,13.739999771118164,13.220000267028809,13.460000038146973,423500,0.0,0.0
2026-01-21 00:00:00-05:00,13.600000381469727,13.90999984741211,13.460000038146973,13.729999542236328,393400,0.0,0.0
2026-01-22 00:00:00-05:00,13.850000381469727,14.40999984741211,13.850000381469727,14.0600004196167,409500,0.0,0.0
2026-01-23 00:00:00-05:00,14.069999694824219,14.25,13.84000015258789,14.0600004196167,538400,0.0,0.0
2026-01-26 00:00:00-05:00,14.15999984741211,14.260000228881836,13.760000228881836,13.779999732971191,465700,0.0,0.0
2026-01-27 00:00:00-05:00,13.619999885559082,13.75,13.319999694824219,13.699999809265137,402900,0.0,0.0
2026-01-28 00:00:00-05:00,13.65999984741211,13.979999542236328,13.180000305175781,13.210000038146973,283700,0.0,0.0
2026-01-29 00:00:00-05:00,13.199999809265137,13.319999694824219,12.779999732971191,13.25,473700,0.0,0.0
2026-01-30 00:00:00-05:00,12.880000114440918,13.210000038146973,12.649999618530273,13.069999694824219,535700,0.0,0.0
2026-02-02 00:00:00-05:00,13.069999694824219,13.649999618530273,13.069999694824219,13.369999885559082,604300,0.0,0.0
2026-02-03 00:00:00-05:00,13.039999961853027,13.850000381469727,13.020000457763672,13.5,312600,0.0,0.0
2026-02-04 00:00:00-05:00,13.729999542236328,14.520000457763672,13.680000305175781,14.199999809265137,709100,0.0,0.0
2026-02-05 00:00:00-05:00,14.1899995803833,15.289999961853027,13.5600004196167,14.960000038146973,917800,0.0,0.0
2026-02-06 00:00:00-05:00,15.109999656677246,15.40999984741211,14.569999694824219,14.859999656677246,727900,0.0,0.0
2026-02-09 00:00:00-05:00,14.75,14.75,14.09000015258789,14.579999923706055,605500,0.0,0.0
2026-02-10 00:00:00-05:00,14.779999732971191,15.109999656677246,14.600000381469727,14.600000381469727,411400,0.0,0.0
2026-02-11 00:00:00-05:00,14.699999809265137,14.8100004196167,14.460000038146973,14.619999885559082,394600,0.0,0.0
2026-02-12 00:00:00-05:00,14.640000343322754,14.680000305175781,13.470000267028809,13.59000015258789,321500,0.0,0.0
2026-02-13 00:00:00-05:00,13.5,14.0,13.180000305175781,13.819999694824219,429800,0.0,0.0
2026-02-17 00:00:00-05:00,13.609999656677246,13.949999809265137,13.449999809265137,13.770000457763672,580800,0.0,0.0
2026-02-18 00:00:00-05:00,13.649999618530273,14.279999732971191,13.649999618530273,14.0600004196167,393600,0.0,0.0
2026-02-19 00:00:00-05:00,13.800000190734863,13.989999771118164,13.680000305175781,13.880000114440918,441900,0.0,0.0
2026-02-20 00:00:00-05:00,13.899999618530273,13.949999809265137,13.489999771118164,13.760000228881836,397400,0.0,0.0
2026-02-23 00:00:00-05:00,13.510000228881836,13.59000015258789,12.920000076293945,13.119999885559082,344100,0.0,0.0
2026-02-24 00:00:00-05:00,13.15999984741211,13.25,12.84000015258789,13.029999732971191,486700,0.0,0.0
2026-02-25 00:00:00-05:00,13.109999656677246,13.180000305175781,12.619999885559082,13.170000076293945,296600,0.0,0.0
2026-02-26 00:00:00-05:00,13.260000228881836,13.260000228881836,12.829999923706055,13.210000038146973,311900,0.0,0.0
2026-02-27 00:00:00-05:00,12.960000038146973,13.15999984741211,12.800000190734863,12.949999809265137,283600,0.0,0.0
2026-03-02 00:00:00-05:00,12.760000228881836,12.920000076293945,12.539999961853027,12.609999656677246,269700,0.0,0.0
2026-03-03 00:00:00-05:00,12.149999618530273,12.149999618530273,11.5600004196167,12.029999732971191,361700,0.0,0.0
2026-03-04 00:00:00-05:00,12.210000038146973,12.380000114440918,11.829999923706055,12.25,367800,0.0,0.0
2026-03-05 00:00:00-05:00,12.0,12.539999961853027,12.0,12.390000343322754,464700,0.0,0.0
2026-03-06 00:00:00-05:00,11.930000305175781,11.960000038146973,11.619999885559082,11.850000381469727,331600,0.0,0.0
2026-03-09 00:00:00-04:00,11.569999694824219,11.710000038146973,10.899999618530273,11.539999961853027,898300,0.0,0.0
2026-03-10 00:00:00-04:00,11.5,11.729999542236328,11.260000228881836,11.460000038146973,486800,0.0,0.0
2026-03-11 00:00:00-04:00,11.289999961853027,11.390000343322754,11.029999732971191,11.350000381469727,349100,0.0,0.0
2026-03-12 00:00:00-04:00,11.15999984741211,11.3100004196167,10.949999809265137,11.069999694824219,463800,0.0,0.0
2026-03-13 00:00:00-04:00,11.1899995803833,11.34000015258789,10.859999656677246,10.920000076293945,270900,0.0,0.0
2026-03-16 00:00:00-04:00,10.880000114440918,11.039999961853027,10.720000267028809,10.84000015258789,540300,0.0,0.0
2026-03-17 00:00:00-04:00,11.0,11.25,10.75,10.850000381469727,866200,0.0,0.0
2026-03-18 00:00:00-04:00,10.739999771118164,10.890000343322754,10.460000038146973,10.6899995803833,516800,0.0,0.0
2026-03-19 00:00:00-04:00,10.539999961853027,10.539999961853027,10.119999885559082,10.25,478200,0.0,0.0
2026-03-20 00:00:00-04:00,9.65999984741211,9.899999618530273,9.220000267028809,9.369999885559082,1625900,0.0,0.0
2026-03-23 00:00:00-04:00,9.520000457763672,9.670000076293945,8.949999809265137,9.050000190734863,973500,0.0,0.0
2026-03-24 00:00:00-04:00,8.859999656677246,9.170000076293945,8.819999694824219,9.039999961853027,527500,0.0,0.0
2026-03-25 00:00:00-04:00,9.15999984741211,9.479999542236328,9.100000381469727,9.350000381469727,468800,0.0,0.0
2026-03-26 00:00:00-04:00,9.180000305175781,9.479999542236328,9.0,9.069999694824219,663700,0.0,0.0
2026-03-27 00:00:00-04:00,8.989999771118164,9.039999961853027,8.710000038146973,8.890000343322754,443300,0.0,0.0
2026-03-30 00:00:00-04:00,9.010000228881836,9.229999542236328,8.770000457763672,8.960000038146973,557500,0.0,0.0
2026-03-31 00:00:00-04:00,9.130000114440918,9.520000457763672,9.109999656677246,9.510000228881836,485100,0.0,0.0
2026-04-01 00:00:00-04:00,9.710000038146973,9.710000038146973,9.430000305175781,9.479999542236328,520400,0.0,0.0
2026-04-02 00:00:00-04:00,9.229999542236328,9.4399995803833,8.859999656677246,9.0,366600,0.0,0.0
2026-04-06 00:00:00-04:00,8.949999809265137,9.399999618530273,8.8100004196167,9.25,343000,0.0,0.0
2026-04-07 00:00:00-04:00,9.069999694824219,9.34000015258789,8.9399995803833,9.319999694824219,386400,0.0,0.0
2026-04-08 00:00:00-04:00,10.069999694824219,10.25,9.869999885559082,9.90999984741211,424300,0.0,0.0
2026-04-09 00:00:00-04:00,9.779999732971191,10.199999809265137,9.729999542236328,9.989999771118164,367300,0.0,0.0
2026-04-10 00:00:00-04:00,10.020000457763672,10.270000457763672,9.869999885559082,9.960000038146973,261600,0.0,0.0
2026-04-13 00:00:00-04:00,9.850000381469727,10.220000267028809,9.760000228881836,10.170000076293945,318600,0.0,0.0
2026-04-14 00:00:00-04:00,10.25,10.75,10.140000343322754,10.699999809265137,505300,0.0,0.0
2026-04-15 00:00:00-04:00,10.6899995803833,10.729999542236328,10.489999771118164,10.600000381469727,272000,0.0,0.0
2026-04-16 00:00:00-04:00,10.600000381469727,10.600000381469727,10.260000228881836,10.369999885559082,472900,0.0,0.0
2026-04-17 00:00:00-04:00,10.649999618530273,11.170000076293945,10.529999732971191,10.8100004196167,433100,0.0,0.0
2026-04-20 00:00:00-04:00,10.760000228881836,11.4399995803833,10.699999809265137,11.079999923706055,322300,0.0,0.0
2026-04-21 00:00:00-04:00,11.1899995803833,11.319999694824219,10.619999885559082,10.619999885559082,243300,0.0,0.0
2026-04-22 00:00:00-04:00,10.779999732971191,10.890000343322754,10.329999923706055,10.329999923706055,383900,0.0,0.0
2026-04-23 00:00:00-04:00,10.329999923706055,10.460000038146973,10.210000038146973,10.369999885559082,268900,0.0,0.0
2026-04-24 00:00:00-04:00,10.369999885559082,10.550000190734863,10.210000038146973,10.449999809265137,305500,0.0,0.0
2026-04-27 00:00:00-04:00,10.390000343322754,10.529999732971191,10.25,10.350000381469727,304100,0.0,0.0
2026-04-28 00:00:00-04:00,10.329999923706055,10.520000457763672,10.199999809265137,10.470000267028809,210400,0.0,0.0
2026-04-29 00:00:00-04:00,10.329999923706055,10.329999923706055,9.739999771118164,9.869999885559082,409900,0.0,0.0
2026-04-30 00:00:00-04:00,9.770000457763672,10.010000228881836,9.770000457763672,9.979999542236328,355500,0.0,0.0
2026-05-01 00:00:00-04:00,10.079999923706055,10.460000038146973,10.079999923706055,10.220000267028809,312600,0.0,0.0
2026-05-04 00:00:00-04:00,10.109999656677246,10.34000015258789,9.819999694824219,10.0,291600,0.0,0.0
2026-05-05 00:00:00-04:00,10.029999732971191,10.25,9.880000114440918,10.119999885559082,250400,0.0,0.0
2026-05-06 00:00:00-04:00,10.239999771118164,11.210000038146973,10.239999771118164,11.069999694824219,379700,0.0,0.0
2026-05-07 00:00:00-04:00,11.15999984741211,12.920000076293945,10.630000114440918,11.75,1225600,0.0,0.0
2026-05-08 00:00:00-04:00,12.199999809265137,12.880000114440918,11.800000190734863,12.079999923706055,695700,0.0,0.0
2026-05-11 00:00:00-04:00,12.180000305175781,12.180000305175781,11.380000114440918,11.40999984741211,478500,0.0,0.0
2026-05-12 00:00:00-04:00,11.40999984741211,11.40999984741211,10.829999923706055,10.949999809265137,556500,0.0,0.0
2026-05-13 00:00:00-04:00,10.920000076293945,11.170000076293945,10.199999809265137,10.470000267028809,507600,0.0,0.0
2026-05-14 00:00:00-04:00,10.670000076293945,10.779999732971191,10.470000267028809,10.569999694824219,346600,0.0,0.0
2026-05-15 00:00:00-04:00,10.359999656677246,10.5600004196167,9.710000038146973,9.9399995803833,522700,0.0,0.0
2026-05-18 00:00:00-04:00,9.90999984741211,10.449999809265137,9.84000015258789,10.300000190734863,486800,0.0,0.0
2026-05-19 00:00:00-04:00,10.279999732971191,10.430000305175781,10.0600004196167,10.359999656677246,399400,0.0,0.0
2026-05-20 00:00:00-04:00,10.289999961853027,10.529999732971191,10.199999809265137,10.449999809265137,371200,0.0,0.0
2026-05-21 00:00:00-04:00,10.329999923706055,10.739999771118164,10.15999984741211,10.5600004196167,309700,0.0,0.0
2026-05-22 00:00:00-04:00,10.6899995803833,10.779999732971191,10.40999984741211,10.460000038146973,199900,0.0,0.0
2026-05-26 00:00:00-04:00,10.609999656677246,10.869999885559082,10.449999809265137,10.75,248500,0.0,0.0
2026-05-27 00:00:00-04:00,10.90999984741211,11.199999809265137,10.800000190734863,11.15999984741211,313500,0.0,0.0
2026-05-28 00:00:00-04:00,11.199999809265137,11.489999771118164,11.0,11.380000114440918,248900,0.0,0.0
2026-05-29 00:00:00-04:00,11.279999732971191,11.449999809265137,11.1899995803833,11.369999885559082,218900,0.0,0.0
2026-06-01 00:00:00-04:00,11.0600004196167,11.5600004196167,10.699999809265137,11.5600004196167,632100,0.0,0.0
2026-06-02 00:00:00-04:00,11.699999809265137,11.90999984741211,11.470000267028809,11.569999694824219,401500,0.0,0.0
2026-06-03 00:00:00-04:00,11.5,11.600000381469727,11.279999732971191,11.34000015258789,297300,0.0,0.0
2026-06-04 00:00:00-04:00,11.470000267028809,11.670000076293945,11.270000457763672,11.460000038146973,266400,0.0,0.0
2026-06-05 00:00:00-04:00,11.399999618530273,11.449999809265137,11.079999923706055,11.220000267028809,319500,0.0,0.0
2026-06-08 00:00:00-04:00,11.140000343322754,11.399999618530273,11.0600004196167,11.180000305175781,324700,0.0,0.0
2026-06-09 00:00:00-04:00,11.260000228881836,11.850000381469727,11.260000228881836,11.699999809265137,283100,0.0,0.0
2026-06-10 00:00:00-04:00,11.729999542236328,12.109999656677246,11.680000305175781,12.0,323400,0.0,0.0
2026-06-11 00:00:00-04:00,12.069999694824219,12.520000457763672,12.0,12.279999732971191,300800,0.0,0.0
2026-06-12 00:00:00-04:00,12.449999809265137,12.84000015258789,12.3100004196167,12.630000114440918,381400,0.0,0.0
2026-06-15 00:00:00-04:00,12.880000114440918,13.0,12.609999656677246,12.630000114440918,642000,0.0,0.0
2026-06-16 00:00:00-04:00,12.84000015258789,12.859999656677246,11.989999771118164,12.239999771118164,290700,0.0,0.0
2026-06-17 00:00:00-04:00,12.270000457763672,12.649999618530273,11.699999809265137,12.029999732971191,301200,0.0,0.0
2026-06-18 00:00:00-04:00,11.880000114440918,12.270000457763672,11.880000114440918,12.1899995803833,372400,0.0,0.0
2026-06-22 00:00:00-04:00,12.180000305175781,12.270000457763672,12.020000457763672,12.020000457763672,237300,0.0,0.0
2026-06-23 00:00:00-04:00,11.989999771118164,12.239999771118164,11.979999542236328,12.050000190734863,548500,0.0,0.0
2026-06-24 00:00:00-04:00,12.09000015258789,12.6899995803833,12.039999961853027,12.5,356800,0.0,0.0
2026-06-25 00:00:00-04:00,12.539999961853027,12.890000343322754,12.399999618530273,12.420000076293945,282700,0.0,0.0
2026-06-26 00:00:00-04:00,12.40999984741211,12.619999885559082,12.289999961853027,12.520000457763672,816800,0.0,0.0
2026-06-29 00:00:00-04:00,12.649999618530273,12.649999618530273,11.65999984741211,11.850000381469727,330400,0.0,0.0
2026-06-30 00:00:00-04:00,11.850000381469727,11.9399995803833,11.399999618530273,11.75,317300,0.0,0.0
2026-07-01 00:00:00-04:00,11.729999542236328,12.029999732971191,11.510000228881836,11.9399995803833,286800,0.0,0.0
2026-07-02 00:00:00-04:00,12.020000457763672,12.930000305175781,12.020000457763672,12.579999923706055,322000,0.0,0.0
2026-07-06 00:00:00-04:00,12.59000015258789,13.050000190734863,12.329999923706055,12.6899995803833,339800,0.0,0.0
2026-07-07 00:00:00-04:00,12.850000381469727,12.979999542236328,12.550000190734863,12.59000015258789,264700,0.0,0.0
2026-07-08 00:00:00-04:00,12.4399995803833,12.569999694824219,12.100000381469727,12.40999984741211,337000,0.0,0.0
2026-07-09 00:00:00-04:00,12.510000228881836,12.720000267028809,12.3100004196167,12.600000381469727,318600,0.0,0.0
2026-07-10 00:00:00-04:00,12.520000457763672,12.989999771118164,12.520000457763672,12.899999618530273,250100,0.0,0.0
2026-07-13 00:00:00-04:00,12.920000076293945,13.270000457763672,12.869999885559082,12.989999771118164,388700,0.0,0.0
2026-07-14 00:00:00-04:00,13.020000457763672,13.020000457763672,12.5600004196167,12.5600004196167,571700,0.0,0.0
2026-07-15 00:00:00-04:00,12.9399995803833,13.899999618530273,12.789999961853027,13.5,1196000,0.0,0.0
2026-07-16 00:00:00-04:00,13.600000381469727,14.329999923706055,13.569999694824219,14.020000457763672,583500,0.0,0.0
2026-07-17 00:00:00-04:00,13.930000305175781,14.6899995803833,13.5,13.609999656677246,321200,0.0,0.0
2026-07-20 00:00:00-04:00,13.579999923706055,13.600000381469727,13.180000305175781,13.5,323900,0.0,0.0
2026-07-21 00:00:00-04:00,13.380000114440918,13.579999923706055,13.050000190734863,13.369999885559082,370000,0.0,0.0
2026-07-22 00:00:00-04:00,13.390000343322754,13.770000457763672,13.270000457763672,13.600000381469727,287700,0.0,0.0
2026-07-23 00:00:00-04:00,13.350000381469727,13.59000015258789,13.029999732971191,13.260000228881836,325000,0.0,0.0
2026-07-24 00:00:00-04:00,13.270000457763672,13.829999923706055,13.0600004196167,13.710000038146973,269700,0.0,0.0
2026-07-27 00:00:00-04:00,13.84000015258789,14.0,13.65999984741211,13.75,380500,0.0,0.0
2026-07-28 00:00:00-04:00,13.819999694824219,14.319999694824219,13.819999694824219,14.0,499100,0.0,0.0
2026-07-29 00:00:00-04:00,13.8100004196167,14.050000190734863,13.579999923706055,13.84000015258789,284100,0.0,0.0
2026-07-30 00:00:00-04:00,13.829999923706055,13.829999923706055,13.260000228881836,13.329999923706055,241500,0.0,0.0
2026-07-31 00:00:00-04:00,13.239999771118164,13.279999732971191,12.8100004196167,13.25,386900,0.0,0.0
2026-08-03 00:00:00-04:00,13.420000076293945,13.760000228881836,13.420000076293945,13.729999542236328,408600,0.0,0.0
2026-08-04 00:00:00-04:00,13.699999809265137,13.84000015258789,13.630000114440918,13.6899995803833,246100,0.0,0.0
2026-08-05 00:00:00-04:00,13.600000381469727,13.779999732971191,13.289999961853027,13.539999961853027,324600,0.0,0.0
2026-08-06 00:00:00-04:00,12.550000190734863,13.180000305175781,12.0600004196167,12.529999732971191,1692100,0.0,0.0
2026-08-07 00:00:00-04:00,12.069999694824219,13.069999694824219,11.6899995803833,12.90999984741211,1202000,0.0,0.0
2026-08-10 00:00:00-04:00,12.760000228881836,13.100000381469727,12.649999618530273,13.100000381469727,619800,0.0,0.0
2026-08-11 00:00:00-04:00,12.949999809265137,13.260000228881836,12.380000114440918,12.460000038146973,672200,0.0,0.0
2026-08-12 00:00:00-04:00,12.539999961853027,12.779999732971191,12.34000015258789,12.4399995803833,279800,0.0,0.0
2026-08-13 00:00:00-04:00,12.550000190734863,12.569999694824219,12.09000015258789,12.170000076293945,389600,0.0,0.0
2026-08-14 00:00:00-04:00,12.220000267028809,12.484999656677246,11.979999542236328,12.479999542236328,259992,0.0,0.0
