Date,Open,High,Low,Close,Volume,Dividends,Stock Splits
2022-01-03 00:00:00-05:00,6.858683241375045,6.866346750168728,6.79737663269043,6.79737663269043,5700,0.0,0.0
2022-01-04 00:00:00-05:00,6.82803201675415,6.858685330433021,6.82803201675415,6.82803201675415,6300,0.0,0.0
2022-01-05 00:00:00-05:00,6.8203686677516675,6.8893388078767615,6.8203686677516675,6.858685493469238,5700,0.0,0.0
2022-01-06 00:00:00-05:00,6.8356942222457535,6.881673818565508,6.8356942222457535,6.874011039733887,7000,0.0,0.0
2022-01-07 00:00:00-05:00,6.851022352362378,6.881675668426291,6.805042743682861,6.805042743682861,7100,0.0,0.0
2022-01-10 00:00:00-05:00,6.805042375964237,6.904665830496855,6.805042375964237,6.858685493469238,14100,0.0,0.0
2022-01-11 00:00:00-05:00,6.851020812988281,6.851020812988281,6.805041214640043,6.851020812988281,6800,0.0,0.0
2022-01-12 00:00:00-05:00,6.858685493469238,6.858685493469238,6.828032179061714,6.858685493469238,5900,0.0,0.0
2022-01-13 00:00:00-05:00,6.843357731909881,6.874011039733887,6.843357731909881,6.874011039733887,5300,0.0,0.0
2022-01-14 00:00:00-05:00,6.8356942222457535,6.874011039733887,6.8356942222457535,6.874011039733887,11400,0.0,0.0
2022-01-18 00:00:00-05:00,6.866347530069759,6.874011039733887,6.858684020405631,6.874011039733887,2100,0.0,0.0
2022-01-19 00:00:00-05:00,6.8510214891706624,6.8510214891706624,6.736071751122214,6.766725063323975,30400,0.0,0.0
2022-01-20 00:00:00-05:00,6.797377846557486,6.8280311563738225,6.789714336395264,6.789714336395264,9200,0.0,0.0
2022-01-21 00:00:00-05:00,6.8203676462116,6.8203676462116,6.789714336395264,6.789714336395264,1400,0.0,0.0
2022-01-24 00:00:00-05:00,6.705417818517865,6.720744838616954,6.406547504078495,6.6287841796875,31400,0.0,0.0
2022-01-25 00:00:00-05:00,6.6211212384556575,6.651774547071226,6.498507273160856,6.590467929840088,66800,0.0,0.0
2022-01-26 00:00:00-05:00,6.575141071005771,6.659437489053137,6.567477560956226,6.6287841796875,9000,0.0,0.0
2022-01-27 00:00:00-05:00,6.682427757319757,6.682427757319757,6.628783919907768,6.636447429656982,3900,0.0,0.0
2022-01-28 00:00:00-05:00,6.6287841796875,6.6287841796875,6.605794380371408,6.6287841796875,3400,0.0,0.0
2022-01-31 00:00:00-05:00,6.674765391264188,6.751399040222168,6.628785055722872,6.751399040222168,4800,0.0,0.0
2022-02-01 00:00:00-05:00,6.720744575233317,6.736070863899232,6.598130611743423,6.636447429656982,31900,0.0,0.0
2022-02-02 00:00:00-05:00,6.674764442474887,6.759060859680177,6.667100932501896,6.759060859680176,11800,0.0,0.0
2022-02-03 00:00:00-05:00,6.720744471047475,6.797377374854106,6.720744471047475,6.782051086425781,4300,0.0,0.0
2022-02-04 00:00:00-05:00,6.751397840035503,6.759060618902987,6.6517744064331055,6.6517744064331055,15100,0.0,0.0
2022-02-07 00:00:00-05:00,6.575141399953846,6.697754643550619,6.575141399953846,6.690091133117676,3800,0.0,0.0
2022-02-08 00:00:00-05:00,6.605794288493491,6.6977542153113605,6.582804489497157,6.66710090637207,14300,0.0,0.0
2022-02-09 00:00:00-05:00,6.67476460729214,6.789714336395264,6.667101097129917,6.789714336395264,6500,0.0,0.0
2022-02-10 00:00:00-05:00,6.782050614365036,6.782050614365036,6.659436661310394,6.6747636795043945,32600,0.0,0.0
2022-02-11 00:00:00-05:00,6.621121140991068,6.667100737821327,6.621121140991068,6.636447429656982,2900,0.0,0.0
2022-02-14 00:00:00-05:00,6.651774547071226,6.651774547071226,6.590467929840088,6.590467929840088,1300,0.0,0.0
2022-02-15 00:00:00-05:00,6.628783532508157,6.628783532508157,6.575140429063695,6.598130226135254,8000,0.0,0.0
2022-02-16 00:00:00-05:00,6.628783968526862,6.628783968526862,6.613457679748535,6.613457679748535,700,0.0,0.0
2022-02-17 00:00:00-05:00,6.590469046420531,6.705418790495974,6.575142024099726,6.621122360229492,19500,0.0,0.0
2022-02-18 00:00:00-05:00,6.651774296605557,6.697753892381334,6.490844249725342,6.490844249725342,34200,0.0,0.0
2022-02-22 00:00:00-05:00,6.490844249725342,6.552150864648043,6.490844249725342,6.490844249725342,16200,0.0,0.0
2022-02-23 00:00:00-05:00,6.513834838547356,6.598131261593532,6.39888510431779,6.46019172668457,32100,0.0,0.0
2022-02-24 00:00:00-05:00,6.414211229356096,6.460191560363687,6.383557918961891,6.429538249969482,26800,0.0,0.0
2022-02-25 00:00:00-05:00,6.45252799987793,6.498507599695386,6.414211179475008,6.45252799987793,96600,0.0,0.0
2022-02-28 00:00:00-05:00,6.452527432690529,6.498507028466306,6.452527432690529,6.490844249725342,15800,0.0,0.0
2022-03-01 00:00:00-05:00,6.483181210269038,6.498507499694824,6.483181210269038,6.498507499694824,4400,0.0,0.0
2022-03-02 00:00:00-05:00,6.521498297980336,6.544488098479694,6.467854455705058,6.483181476593018,7700,0.0,0.0
2022-03-03 00:00:00-05:00,6.498508355196168,6.690091748651234,6.498508355196168,6.536825180053711,8500,0.0,0.0
2022-03-04 00:00:00-05:00,6.475516878762711,6.552150508668821,6.475516878762711,6.544486999511719,9500,0.0,0.0
2022-03-07 00:00:00-05:00,6.559814849895624,6.590468159579749,6.490844720398206,6.498507499694824,16700,0.0,0.0
2022-03-08 00:00:00-05:00,6.506171089235771,6.559814929962158,6.506171089235771,6.559814929962158,6600,0.0,0.0
2022-03-09 00:00:00-05:00,6.521498030082331,6.552151339766455,6.483181210269038,6.498507499694824,12300,0.0,0.0
2022-03-10 00:00:00-05:00,6.483180908411173,6.52149772644043,6.437200580609561,6.52149772644043,10600,0.0,0.0
2022-03-11 00:00:00-05:00,6.544487693186131,6.559814713124904,6.544487693186131,6.552151203155518,6300,0.0,0.0
2022-03-14 00:00:00-04:00,6.57514061410492,6.57514061410492,6.513833999633789,6.513833999633789,1300,0.0,0.0
2022-03-15 00:00:00-04:00,6.521497372397565,6.575140476226807,6.513833863041252,6.575140476226807,3000,0.0,0.0
2022-03-16 00:00:00-04:00,6.582913189703217,6.660633087158203,6.582913189703217,6.660633087158203,7200,0.12,0.0
2022-03-17 00:00:00-04:00,6.590683702307569,6.72280832408863,6.590683702307569,6.6373162269592285,19600,0.0,0.0
2022-03-18 00:00:00-04:00,6.691721196095951,6.730581515432879,6.683949725187719,6.699493408203125,12900,0.0,0.0
2022-03-21 00:00:00-04:00,6.707265618590348,6.707265618590348,6.637317192041602,6.660633087158203,13900,0.0,0.0
2022-03-22 00:00:00-04:00,6.683949482767741,6.7383534831468985,6.65286137666552,6.707265377044678,9300,0.0,0.0
2022-03-23 00:00:00-04:00,6.730581983657276,6.730581983657276,6.699493874264824,6.715038299560547,4400,0.0,0.0
2022-03-24 00:00:00-04:00,6.738353507585967,6.761669401947467,6.6917209776640485,6.753897190093994,10700,0.0,0.0
2022-03-25 00:00:00-04:00,6.753897177888701,6.862705920043933,6.722809071729909,6.730581283569336,14400,0.0,0.0
2022-03-28 00:00:00-04:00,6.691720706719981,6.691720706719981,6.676177024841309,6.676177024841309,8500,0.0,0.0
2022-03-29 00:00:00-04:00,6.683949001694365,6.753896679490731,6.614000582699136,6.668404579162598,11800,0.0,0.0
2022-03-30 00:00:00-04:00,6.652860648909392,6.738352746038795,6.629544015984146,6.6373162269592285,8200,0.0,0.0
2022-03-31 00:00:00-04:00,6.660633310260628,6.715038055620278,6.660633310260628,6.683949947357178,3400,0.0,0.0
2022-04-01 00:00:00-04:00,6.753897422010264,6.753897422010264,6.715037843806371,6.722809314727783,11300,0.0,0.0
2022-04-04 00:00:00-04:00,6.699493406485167,6.707265618590348,6.637317192041602,6.660633087158203,14000,0.0,0.0
2022-04-05 00:00:00-04:00,6.645089626728561,6.730581739152345,6.645089626728561,6.683949947357178,11100,0.0,0.0
2022-04-06 00:00:00-04:00,6.738353467566109,6.738353467566109,6.645089149475098,6.645089149475098,8400,0.0,0.0
2022-04-07 00:00:00-04:00,6.660632831890809,6.699493149728459,6.629544725860472,6.645089149475098,17600,0.0,0.0
2022-04-08 00:00:00-04:00,6.62177279396502,6.683949001694365,6.62177279396502,6.668404579162598,8400,0.0,0.0
2022-04-11 00:00:00-04:00,6.6684043296607225,6.676176540635805,6.629544015984146,6.6373162269592285,7000,0.0,0.0
2022-04-12 00:00:00-04:00,6.614001043444761,6.676177255505435,6.614001043444761,6.645089149475098,7700,0.0,0.0
2022-04-13 00:00:00-04:00,6.652861839094078,6.683949947357178,6.652861839094078,6.683949947357178,8300,0.0,0.0
2022-04-14 00:00:00-04:00,6.7072646433373,6.7072646433373,6.629544015984146,6.6373162269592285,14200,0.0,0.0
2022-04-18 00:00:00-04:00,6.660632601763748,6.676177024841309,6.660632601763748,6.676177024841309,6000,0.0,0.0
2022-04-19 00:00:00-04:00,6.676178204612366,6.676178204612366,6.606229770800285,6.621774196624756,12700,0.0,0.0
2022-04-20 00:00:00-04:00,6.629544722641881,6.668405040460665,6.5984566166266365,6.606228828430176,10500,0.0,0.0
2022-04-21 00:00:00-04:00,6.590685124792182,6.64508987216124,6.559597015380859,6.559597015380859,19500,0.0,0.0
2022-04-22 00:00:00-04:00,6.582912446901586,6.59068391693091,6.52073623947385,6.528507709503174,7900,0.0,0.0
2022-04-25 00:00:00-04:00,6.52850889718075,6.52850889718075,6.489649316368157,6.497420787811279,9000,0.0,0.0
2022-04-26 00:00:00-04:00,6.489649548847928,6.512965446410531,6.489649548847928,6.50519323348999,1400,0.0,0.0
2022-04-27 00:00:00-04:00,6.481877335927386,6.50519323348999,6.481877335927386,6.50519323348999,4500,0.0,0.0
2022-04-28 00:00:00-04:00,6.497419605789306,6.528507709503174,6.497419605789306,6.528507709503174,7200,0.0,0.0
2022-04-29 00:00:00-04:00,6.505192513434145,6.5207369375546245,6.505192513434145,6.512964725494385,2000,0.0,0.0
2022-05-02 00:00:00-04:00,6.4663321923915555,6.52073693559797,6.4663321923915555,6.474104404449463,11500,0.0,0.0
2022-05-03 00:00:00-04:00,6.50519226394554,6.5207366874698565,6.443016052246094,6.443016052246094,25400,0.0,0.0
2022-05-04 00:00:00-04:00,6.466331958770752,6.481876382324965,6.427472382283039,6.466331958770752,15700,0.0,0.0
2022-05-05 00:00:00-04:00,6.435243852861235,6.497420064680268,6.427472382283039,6.466331958770752,11200,0.0,0.0
2022-05-06 00:00:00-04:00,6.42747260096296,6.505192497781536,6.388612281954203,6.411928176879883,11300,0.0,0.0
2022-05-09 00:00:00-04:00,6.41192769006964,6.419699901521092,6.334207057952881,6.334207057952881,25500,0.0,0.0
2022-05-10 00:00:00-04:00,6.380840312227221,6.40415620803833,6.357524416416113,6.40415620803833,13600,0.0,0.0
2022-05-11 00:00:00-04:00,6.326435569185363,6.396383248447083,6.240942725867355,6.272030830383301,33900,0.0,0.0
2022-05-12 00:00:00-04:00,6.256487857171779,6.310891860935346,6.256487857171779,6.27980375289917,16200,0.0,0.0
2022-05-13 00:00:00-04:00,6.264260785157343,6.334208480330874,6.264260785157343,6.310892581939697,9400,0.0,0.0
2022-05-16 00:00:00-04:00,6.357525119921097,6.357525119921097,6.295348896745261,6.310892581939697,11300,0.0,0.0
2022-05-17 00:00:00-04:00,6.349752182678518,6.380840290721539,6.349752182678518,6.357524394989014,7500,0.0,0.0
2022-05-18 00:00:00-04:00,6.404157159677875,6.404157159677875,6.341980934143066,6.341980934143066,7700,0.0,0.0
2022-05-19 00:00:00-04:00,6.341980934143066,6.349753147634686,6.326437248358901,6.341980934143066,8500,0.0,0.0
2022-05-20 00:00:00-04:00,6.326436519622803,6.326436519622803,6.326436519622803,6.326436519622803,3300,0.0,0.0
2022-05-23 00:00:00-04:00,6.310892581939697,6.380841018312274,6.310892581939697,6.310892581939697,13200,0.0,0.0
2022-05-24 00:00:00-04:00,6.318663376248857,6.357523692307236,6.303118953345953,6.334207057952881,19500,0.0,0.0
2022-05-25 00:00:00-04:00,6.357524646936847,6.505192980693534,6.357524646936847,6.450788974761963,16400,0.0,0.0
2022-05-26 00:00:00-04:00,6.52073693559797,6.575140937605448,6.474104404449463,6.474104404449463,23900,0.0,0.0
2022-05-27 00:00:00-04:00,6.497420768075026,6.551825515205587,6.435244549524948,6.450788974761963,42000,0.0,0.0
2022-05-31 00:00:00-04:00,6.435244549524948,6.551825515205587,6.435244549524948,6.450788974761963,21400,0.0,0.0
2022-06-01 00:00:00-04:00,6.466332657954411,6.551825514348831,6.466332657954411,6.489649295806885,14200,0.0,0.0
2022-06-02 00:00:00-04:00,6.50519323348999,6.536281343973135,6.474105123006845,6.50519323348999,20500,0.0,0.0
2022-06-03 00:00:00-04:00,6.544053331274696,6.559597015380859,6.528508905969538,6.559597015380859,4300,0.0,0.0
2022-06-06 00:00:00-04:00,6.489648135759982,6.551824343187718,6.489648135759982,6.528507709503174,10500,0.0,0.0
2022-06-07 00:00:00-04:00,6.466332678441809,6.512965213095511,6.4197008849871,6.497420787811279,6100,0.0,0.0
2022-06-08 00:00:00-04:00,6.497421027102408,6.598457571573974,6.497421027102408,6.56736946105957,8300,0.0,0.0
2022-06-09 00:00:00-04:00,6.559596750468641,6.5751411751460305,6.520737171173095,6.520737171173096,16100,0.0,0.0
2022-06-10 00:00:00-04:00,6.544052844093008,6.544052844093008,6.497420312848155,6.536280632019043,1300,0.0,0.0
2022-06-13 00:00:00-04:00,6.450789928610488,6.458562142378237,6.380841487098951,6.388613700866699,17300,0.0,0.0
2022-06-14 00:00:00-04:00,6.420161710701403,6.428048315260916,6.380725679184885,6.4043869972229,20100,0.12,0.0
2022-06-15 00:00:00-04:00,6.68043712819087,6.68043712819087,6.428047028323179,6.475370407104492,16400,0.0,0.0
2022-06-16 00:00:00-04:00,6.412274193621205,6.577904920105137,6.3964994805371544,6.451710224151611,15500,0.0,0.0
2022-06-17 00:00:00-04:00,6.4517099197533,6.459596523743508,6.420161247253418,6.420161247253418,5000,0.0,0.0
2022-06-21 00:00:00-04:00,6.428048017643546,6.483258760082318,6.270304651060703,6.380725383758545,65800,0.0,0.0
2022-06-22 00:00:00-04:00,6.50691971196928,6.50691971196928,6.412273697329468,6.4280476570129395,14300,0.0,0.0
2022-06-23 00:00:00-04:00,6.483257458624394,6.49114406123559,6.246642080158771,6.333400726318359,44200,0.0,0.0
2022-06-24 00:00:00-04:00,6.333401474237701,6.467483512796153,6.333401474237701,6.459596157073975,10300,0.0,0.0
2022-06-27 00:00:00-04:00,7.0353601699081825,7.0353601699081825,6.459596002978177,6.5069193840026855,57500,0.0,0.0
2022-06-28 00:00:00-04:00,6.538468581083056,6.609453282252713,6.412273891083526,6.420161247253418,18900,0.0,0.0
2022-06-29 00:00:00-04:00,6.420161850125018,6.506920519601661,6.420161850125018,6.483259201049805,4900,0.0,0.0
2022-06-30 00:00:00-04:00,6.4438217386434795,6.4990317204053545,6.435934383483329,6.475370407104492,6200,0.0,0.0
2022-07-01 00:00:00-04:00,6.428048617011588,6.514808040856605,6.428048617011588,6.435935974121094,4300,0.0,0.0
2022-07-05 00:00:00-04:00,6.451709857860391,6.530581162263623,6.451709857860391,6.491145133972168,8700,0.0,0.0
2022-07-06 00:00:00-04:00,6.483259201049805,6.483259201049805,6.443823168676874,6.483259201049805,1300,0.0,0.0
2022-07-07 00:00:00-04:00,6.52269395634699,6.546355270266208,6.435934551677183,6.443821907043457,14100,0.0,0.0
2022-07-08 00:00:00-04:00,6.396499940753339,6.467484650379343,6.396499940753339,6.435935974121094,5800,0.0,0.0
2022-07-11 00:00:00-04:00,6.443822563583409,6.459596523743508,6.420161247253418,6.420161247253418,7500,0.0,0.0
2022-07-12 00:00:00-04:00,6.4043869972229,6.4043869972229,6.4043869972229,6.4043869972229,1900,0.0,0.0
2022-07-13 00:00:00-04:00,6.443822563583409,6.443822563583409,6.388612574753536,6.420161247253418,9200,0.0,0.0
2022-07-14 00:00:00-04:00,6.38861363279723,6.467484951019287,6.38861363279723,6.467484951019287,7600,0.0,0.0
2022-07-15 00:00:00-04:00,6.459595696784191,6.617339791268844,6.435934383483329,6.475370407104492,22100,0.0,0.0
2022-07-18 00:00:00-04:00,6.546355099186668,6.546355099186668,6.467483051944342,6.475370407104492,5200,0.0,0.0
2022-07-19 00:00:00-04:00,6.530582427978516,6.530582427978516,6.530582427978516,6.530582427978516,400,0.0,0.0
2022-07-20 00:00:00-04:00,6.530582427978516,6.530582427978516,6.530582427978516,6.530582427978516,0,0.0,0.0
2022-07-21 00:00:00-04:00,6.514807224273682,6.522694580394566,6.4990325120319135,6.514807224273682,25500,0.0,0.0
2022-07-22 00:00:00-04:00,6.522693925585171,6.538467884063721,6.49903185959794,6.538467884063721,1700,0.0,0.0
2022-07-25 00:00:00-04:00,6.5779039395517,6.5779039395517,6.435934551677183,6.443821907043457,9700,0.0,0.0
2022-07-26 00:00:00-04:00,6.435934705710347,6.435934705710347,6.388612076739326,6.396498680114746,1100,0.0,0.0
2022-07-27 00:00:00-04:00,6.404386473474711,6.514807202254847,6.404386473474711,6.491145133972168,17300,0.0,0.0
2022-07-28 00:00:00-04:00,6.475370576328949,6.506919245614441,6.435934551677183,6.443821907043457,11500,0.0,0.0
2022-07-29 00:00:00-04:00,6.459596791010355,6.554243564605713,6.459596791010355,6.554243564605713,8000,0.0,0.0
2022-08-01 00:00:00-04:00,6.680437271268693,6.680437271268693,6.467483190461235,6.538467884063721,13200,0.0,0.0
2022-08-02 00:00:00-04:00,6.483259201049805,6.538469195064055,6.483259201049805,6.483259201049805,13600,0.0,0.0
2022-08-03 00:00:00-04:00,6.491144672934642,6.5226940950707295,6.467483358512199,6.5069193840026855,4400,0.0,0.0
2022-08-04 00:00:00-04:00,6.491145930752077,6.562130639954042,6.491145930752077,6.546356678009033,9200,0.0,0.0
2022-08-05 00:00:00-04:00,6.5069192149270165,6.562129197871348,6.5069192149270165,6.538467884063721,5700,0.0,0.0
2022-08-08 00:00:00-04:00,6.522695233422736,6.530581838153518,6.483259201049805,6.483259201049805,22500,0.0,0.0
2022-08-09 00:00:00-04:00,6.499032028468664,6.554242765027194,6.467483358512199,6.5069193840026855,11600,0.0,0.0
2022-08-10 00:00:00-04:00,6.483258537379417,6.577904554077988,6.483258537379417,6.499032497406006,7600,0.0,0.0
2022-08-11 00:00:00-04:00,6.53058118433577,6.546355896577539,6.5069198681527975,6.514807224273682,9800,0.0,0.0
2022-08-12 00:00:00-04:00,6.5148072096122736,6.546355881845131,6.491145141302872,6.499032497406006,8700,0.0,0.0
2022-08-15 00:00:00-04:00,6.546356496285657,6.585792528323111,6.546356496285657,6.5700178146362305,11500,0.0,0.0
2022-08-16 00:00:00-04:00,6.5857927111412105,6.60156667308622,6.546356678009033,6.546356678009033,4500,0.0,0.0
2022-08-17 00:00:00-04:00,6.570016853217326,6.577904208906576,6.562129497528076,6.562129497528076,1600,0.0,0.0
2022-08-18 00:00:00-04:00,6.617340557367226,6.617340557367226,6.585791885253781,6.609453201293945,7400,0.0,0.0
2022-08-19 00:00:00-04:00,6.593678842727444,6.63311487302889,6.554243564605713,6.554243564605713,5900,0.0,0.0
2022-08-22 00:00:00-04:00,6.5463559039170205,6.554243260046747,6.483258559238565,6.5226945877075195,14200,0.0,0.0
2022-08-23 00:00:00-04:00,6.522695233422736,6.522695233422736,6.451710525587411,6.483259201049805,13900,0.0,0.0
2022-08-24 00:00:00-04:00,6.491145141302872,6.499032497406006,6.491145141302872,6.499032497406006,2000,0.0,0.0
2022-08-25 00:00:00-04:00,6.5148072096122736,6.585791910181122,6.499032497406006,6.499032497406006,4200,0.0,0.0
2022-08-26 00:00:00-04:00,6.538469139442217,6.5700178146362305,6.514807821091644,6.5700178146362305,9600,0.0,0.0
2022-08-29 00:00:00-04:00,6.522694580394566,6.5384685404566545,6.514807224273682,6.514807224273682,5700,0.0,0.0
2022-08-30 00:00:00-04:00,6.499033326637592,6.570018036263598,6.435935974121094,6.435935974121094,50400,0.0,0.0
2022-08-31 00:00:00-04:00,6.435934705710347,6.491144690236412,6.388612076739326,6.396498680114746,69000,0.0,0.0
2022-09-01 00:00:00-04:00,6.325515686369605,6.420161710701403,6.325515686369605,6.4043869972229,13000,0.0,0.0
2022-09-02 00:00:00-04:00,6.428048154525536,6.451710224151611,6.428048154525536,6.451710224151611,3400,0.0,0.0
2022-09-06 00:00:00-04:00,6.404386229763741,6.420160941351907,6.372837558767059,6.388612270355225,37300,0.0,0.0
2022-09-07 00:00:00-04:00,6.380724914561141,6.412273585557824,6.380724914561141,6.388612270355225,3300,0.0,0.0
2022-09-08 00:00:00-04:00,6.412273697329468,6.443822368876072,6.404386341397902,6.4280476570129395,26700,0.0,0.0
2022-09-09 00:00:00-04:00,6.451710988246799,6.4753723084954355,6.451710988246799,6.467484951019287,3000,0.0,0.0
2022-09-12 00:00:00-04:00,6.4911445042688625,6.562129197871348,6.4911445042688625,6.538467884063721,4200,0.0,0.0
2022-09-13 00:00:00-04:00,6.593679045886496,6.593679045886496,6.4043869972229,6.4043869972229,15800,0.0,0.0
2022-09-14 00:00:00-04:00,6.451710262819201,6.451710262819201,6.2860791592527185,6.34917688369751,61600,0.0,0.0
2022-09-15 00:00:00-04:00,6.405221971292727,6.405221971292727,6.381202220916748,6.381202220916748,10600,0.12,0.0
2022-09-16 00:00:00-04:00,6.38120248751233,6.38120248751233,6.325157037261865,6.349176406860352,29800,0.0,0.0
2022-09-19 00:00:00-04:00,6.349177117980501,6.381203202219464,6.341170787811279,6.341170787811279,19200,0.0,0.0
2022-09-20 00:00:00-04:00,6.333162859691709,6.373195648193359,6.333162859691709,6.373195648193359,8300,0.0,0.0
2022-09-21 00:00:00-04:00,6.389208687237827,6.421235147107727,6.373195648193359,6.373195648193359,12500,0.0,0.0
2022-09-22 00:00:00-04:00,6.381203070934321,6.405222824509886,6.341170657349752,6.365190029144287,6200,0.0,0.0
2022-09-23 00:00:00-04:00,6.41322803433563,6.41322803433563,6.285123348236084,6.285123348236084,21800,0.0,0.0
2022-09-26 00:00:00-04:00,6.285124639915075,6.317150722576524,6.245092227478775,6.293131351470947,18100,0.0,0.0
2022-09-27 00:00:00-04:00,6.277118043575208,6.325157165527344,6.245091962273784,6.325157165527344,15200,0.0,0.0
2022-09-28 00:00:00-04:00,6.301137076173738,6.325156826753817,6.301137076173738,6.317150115966797,12700,0.0,0.0
2022-09-29 00:00:00-04:00,6.333163494962198,6.34917653561291,6.285124373010062,6.325157165527344,7900,0.0,0.0
2022-09-30 00:00:00-04:00,6.3171510337415375,6.357183829930761,6.309144703572317,6.341170787811279,3500,0.0,0.0
2022-10-03 00:00:00-04:00,6.405222956289205,6.405222956289205,6.341170787811279,6.341170787811279,8700,0.0,0.0
2022-10-04 00:00:00-04:00,6.405222132574959,6.421235554416147,6.333163261413574,6.333163261413574,14800,0.0,0.0
2022-10-05 00:00:00-04:00,6.365190160099982,6.421236380189725,6.3171510337415375,6.341170787811279,20000,0.0,0.0
2022-10-06 00:00:00-04:00,6.365189846568697,6.397215929230145,6.293131351470947,6.293131351470947,65100,0.0,0.0
2022-10-07 00:00:00-04:00,6.317149333065917,6.349175408682958,6.2290778160095215,6.2290778160095215,20400,0.0,0.0
2022-10-10 00:00:00-04:00,6.29313108422592,6.3892093281301925,6.29313108422592,6.325157165527344,31600,0.0,0.0
2022-10-11 00:00:00-04:00,6.341169921532853,6.341169921532853,6.253098011016846,6.253098011016846,10300,0.0,0.0
2022-10-12 00:00:00-04:00,6.277117623318865,6.341169781633387,6.25309787306043,6.261104583740234,18900,0.0,0.0
2022-10-13 00:00:00-04:00,6.245091962273784,6.325157165527344,6.221072210407214,6.325157165527344,303900,0.0,0.0
2022-10-14 00:00:00-04:00,6.317150326208372,6.373196158239834,6.317150326208372,6.349176406860352,9200,0.0,0.0
2022-10-17 00:00:00-04:00,6.349176987354253,6.413229536295419,6.333163945564221,6.365190029144287,25100,0.0,0.0
2022-10-18 00:00:00-04:00,6.365190160099982,6.405222956289205,6.325157745691798,6.341170787811279,32900,0.0,0.0
2022-10-19 00:00:00-04:00,6.333163494962198,6.3892093281301925,6.325157165527344,6.325157165527344,16300,0.0,0.0
2022-10-20 00:00:00-04:00,6.341170787811279,6.413229668239466,6.341170787811279,6.341170787811279,16300,0.0,0.0
2022-10-21 00:00:00-04:00,6.341169812664757,6.4212353927307,6.341169812664757,6.381202220916748,19300,0.0,0.0
2022-10-24 00:00:00-04:00,6.3892093281301925,6.397215657565047,6.325157165527344,6.325157165527344,19400,0.0,0.0
2022-10-25 00:00:00-04:00,6.373197283292882,6.421236794532206,6.373197283292882,6.405223369598389,23200,0.0,0.0
2022-10-26 00:00:00-04:00,6.3812019768251105,6.397215015869578,6.301136781602775,6.373195648193359,58900,0.0,0.0
2022-10-27 00:00:00-04:00,6.3812019768251105,6.41322843669501,6.373195648193359,6.373195648193359,6900,0.0,0.0
2022-10-28 00:00:00-04:00,6.373194788540185,6.445253645411056,6.373194788540185,6.4292402267456055,15100,0.0,0.0
2022-10-31 00:00:00-04:00,6.4372494559038955,6.453262880837713,6.405223369598389,6.405223369598389,34100,0.0,0.0
2022-11-01 00:00:00-04:00,6.453262880837713,6.453262880837713,6.34917752767322,6.405223369598389,30400,0.0,0.0
2022-11-02 00:00:00-04:00,6.405222368780905,6.405222368780905,6.325157165527344,6.325157165527344,27600,0.0,0.0
2022-11-03 00:00:00-04:00,6.285124373010062,6.333163494962198,6.285124373010062,6.325157165527344,25700,0.0,0.0
2022-11-04 00:00:00-04:00,6.349176987354253,6.397216112724354,6.349176987354253,6.365190029144287,8700,0.0,0.0
2022-11-07 00:00:00-05:00,6.38920903729312,6.405222077214917,6.3651892865199295,6.397215366363525,24600,0.0,0.0
2022-11-08 00:00:00-05:00,6.373195839271034,6.413228628972926,6.2931306416482276,6.3011369705200195,40600,0.0,0.0
2022-11-09 00:00:00-05:00,6.285123257448875,6.285123257448875,6.205058068406272,6.2290778160095215,30500,0.0,0.0
2022-11-10 00:00:00-05:00,6.2851240582208705,6.317150137918275,6.269111018372168,6.277117729187012,36700,0.0,0.0
2022-11-11 00:00:00-05:00,6.277117707374642,6.333163155759855,6.261104667581584,6.317150115966797,11200,0.0,0.0
2022-11-14 00:00:00-05:00,6.317151238050059,6.341170992896645,6.237086024863193,6.2691121101379395,51900,0.0,0.0
2022-11-15 00:00:00-05:00,6.285123930995458,6.309143681172789,6.245091523074544,6.3011369705200195,35300,0.0,0.0
2022-11-16 00:00:00-05:00,6.301138195412686,6.301138195412686,6.2450927370724045,6.2691121101379395,71500,0.0,0.0
2022-11-17 00:00:00-05:00,6.245091544161603,6.26911091263906,6.245091544161603,6.261104583740234,17000,0.0,0.0
2022-11-18 00:00:00-05:00,6.285125152775312,6.309144907621898,6.2691121101379395,6.2691121101379395,8600,0.0,0.0
2022-11-21 00:00:00-05:00,6.285123348236084,6.317149424315735,6.285123348236084,6.285123348236084,8200,0.0,0.0
2022-11-22 00:00:00-05:00,6.317150454311486,6.325157165527344,6.301137413660774,6.325157165527344,10100,0.0,0.0
2022-11-23 00:00:00-05:00,6.357183829930761,6.373196872050243,6.33316407586102,6.341170787811279,15100,0.0,0.0
2022-11-25 00:00:00-05:00,6.341170077587854,6.349176406860352,6.341170077587854,6.349176406860352,800,0.0,0.0
2022-11-28 00:00:00-05:00,6.437248908089953,6.437248908089953,6.365190029144287,6.365190029144287,15300,0.0,0.0
2022-11-29 00:00:00-05:00,6.37319674092982,6.381203070934321,6.349176987354253,6.365190029144287,13200,0.0,0.0
2022-11-30 00:00:00-05:00,6.349176987354253,6.37319674092982,6.349176987354253,6.365190029144287,40400,0.0,0.0
2022-12-01 00:00:00-05:00,6.389208793640137,6.405221832951276,6.389208793640137,6.389208793640137,20100,0.0,0.0
2022-12-02 00:00:00-05:00,6.365189043782942,6.405221832951276,6.365189043782942,6.389208793640137,19100,0.0,0.0
2022-12-05 00:00:00-05:00,6.38920903729312,6.421235498917702,6.38920903729312,6.397215366363525,14400,0.0,0.0
2022-12-06 00:00:00-05:00,6.397215366363525,6.421235498917702,6.3651892865199295,6.397215366363525,13400,0.0,0.0
2022-12-07 00:00:00-05:00,6.365190570825973,6.421236794532206,6.365190570825973,6.405223369598389,22700,0.0,0.0
2022-12-08 00:00:00-05:00,6.437734362637494,6.437734362637494,6.380835056304932,6.380835056304932,14800,0.12,0.0
2022-12-09 00:00:00-05:00,6.364579430691654,6.478377678356521,6.364579430691654,6.421478748321533,20100,0.0,0.0
2022-12-12 00:00:00-05:00,6.462121404018759,6.486506938934326,6.421479362619384,6.486506938934326,28500,0.0,0.0
2022-12-13 00:00:00-05:00,6.478377675349674,6.486506315405123,6.397093212769637,6.4133501052856445,49200,0.0,0.0
2022-12-14 00:00:00-05:00,6.405223023096629,6.470250605041576,6.405223023096629,6.462121963500977,14700,0.0,0.0
2022-12-15 00:00:00-05:00,6.453992841038765,6.4702497343373055,6.421479054441686,6.445864200592041,13100,0.0,0.0
2022-12-16 00:00:00-05:00,6.4621209261846415,6.5434057781627315,6.437735780667134,6.478377819061279,16100,0.0,0.0
2022-12-19 00:00:00-05:00,6.462121036506855,6.462121036506855,6.364579677581787,6.364579677581787,31000,0.0,0.0
2022-12-20 00:00:00-05:00,6.372708093823897,6.429607024064894,6.315808775988008,6.32393741607666,43100,0.0,0.0
2022-12-21 00:00:00-05:00,6.33206566857042,6.380836346317657,6.32393741607666,6.32393741607666,44400,0.0,0.0
2022-12-22 00:00:00-05:00,6.364579370066886,6.364579370066886,6.332065585329485,6.340194225311279,11800,0.0,0.0
2022-12-23 00:00:00-05:00,6.340194225311279,6.356451117679979,6.332065585329485,6.340194225311279,92700,0.0,0.0
2022-12-27 00:00:00-05:00,6.315809336894829,6.340194871731573,6.2995524428686425,6.307681083679199,129200,0.0,0.0
2022-12-28 00:00:00-05:00,6.340194389578345,6.340194389578345,6.299551963806152,6.299551963806152,22100,0.0,0.0
2022-12-29 00:00:00-05:00,6.332066230921016,6.332066230921016,6.307681083679199,6.307681083679199,40600,0.0,0.0
2022-12-30 00:00:00-05:00,6.307679804030851,6.372707366943359,6.307679804030851,6.372707366943359,45300,0.0,0.0
2023-01-03 00:00:00-05:00,6.372708070750876,6.437735640845085,6.372708070750876,6.421478748321533,27000,0.0,0.0
2023-01-04 00:00:00-05:00,6.4539937095553395,6.49463575447345,6.437736814069103,6.462121963500977,16100,0.0,0.0
2023-01-05 00:00:00-05:00,6.445864200592041,6.4702497343373055,6.429607307293502,6.445864200592041,20300,0.0,0.0
2023-01-06 00:00:00-05:00,6.462120371991091,6.502762794494629,6.462120371991091,6.502762794494629,3400,0.0,0.0
2023-01-09 00:00:00-05:00,6.502763833013062,6.519021114686725,6.470250044855591,6.486506938934326,48300,0.0,0.0
2023-01-10 00:00:00-05:00,6.486506459297048,6.510891992409455,6.429607140431365,6.478377819061279,29100,0.0,0.0
2023-01-11 00:00:00-05:00,6.5027633521736865,6.5190206326452245,6.4621209261846415,6.478377819061279,46000,0.0,0.0
2023-01-12 00:00:00-05:00,6.494634628295898,6.519020548689149,6.48650637575971,6.494634628295898,29200,0.0,0.0
2023-01-13 00:00:00-05:00,6.49463510973753,6.510892391204834,6.49463510973753,6.510892391204834,11000,0.0,0.0
2023-01-17 00:00:00-05:00,6.510891434033283,6.519020073571937,6.478377263473533,6.502762794494629,23000,0.0,0.0
2023-01-18 00:00:00-05:00,6.502762794494629,6.535276577459513,6.502762794494629,6.502762794494629,5700,0.0,0.0
2023-01-19 00:00:00-05:00,6.5108930375546485,6.519021679095248,6.44586506801474,6.462121963500977,45300,0.0,0.0
2023-01-20 00:00:00-05:00,6.48650637575971,6.494634628295898,6.453992590425167,6.494634628295898,24200,0.0,0.0
2023-01-23 00:00:00-05:00,6.494634462261802,6.527148246765137,6.494634462261802,6.527148246765137,18000,0.0,0.0
2023-01-24 00:00:00-05:00,6.486506055558585,6.6003042986119285,6.486506055558585,6.584047794342041,70900,0.0,0.0
2023-01-25 00:00:00-05:00,6.68159011117056,6.68159011117056,6.559662823171288,6.575920104980469,30600,0.0,0.0
2023-01-26 00:00:00-05:00,6.657203394266922,6.657203394266922,6.551534175872803,6.551534175872803,19800,0.0,0.0
2023-01-27 00:00:00-05:00,6.575919455526985,6.6328183858599195,6.575919455526985,6.5921759605407715,14600,0.0,0.0
2023-01-30 00:00:00-05:00,6.567790815425197,6.608433240744345,6.567790815425197,6.5921759605407715,22200,0.0,0.0
2023-01-31 00:00:00-05:00,6.600305252504378,6.624690400028287,6.5515349574565604,6.575920104980469,21800,0.0,0.0
2023-02-01 00:00:00-05:00,6.592176607316063,6.624690395723435,6.543406312299936,6.559662818908691,32500,0.0,0.0
2023-02-02 00:00:00-05:00,6.584047936127254,6.66533200960662,6.584047936127254,6.640946865081787,12500,0.0,0.0
2023-02-03 00:00:00-05:00,6.624690058397654,6.632818698883057,6.624690058397654,6.632818698883057,10900,0.0,0.0
2023-02-06 00:00:00-05:00,6.632819040932878,6.657204188456787,6.54340631655197,6.575920104980469,40300,0.0,0.0
2023-02-07 00:00:00-05:00,6.600305252504378,6.600305252504378,6.567791464075879,6.575920104980469,6600,0.0,0.0
2023-02-08 00:00:00-05:00,6.5921769159710735,6.600305557250977,6.5921769159710735,6.600305557250977,1300,0.0,0.0
2023-02-09 00:00:00-05:00,6.640946722071274,6.640946722071274,6.567790514882402,6.584047794342041,17400,0.0,0.0
2023-02-10 00:00:00-05:00,6.600303484344337,6.624688625335693,6.584046982079984,6.624688625335693,13400,0.0,0.0
2023-02-13 00:00:00-05:00,6.608433240744345,6.6328183858599195,6.584048095628772,6.5921759605407715,19700,0.0,0.0
2023-02-14 00:00:00-05:00,6.592175658882109,6.608432938341748,6.551534010612514,6.584047794342041,14800,0.0,0.0
2023-02-15 00:00:00-05:00,6.559662823171288,6.58404874588506,6.527149034742788,6.575920104980469,30700,0.0,0.0
2023-02-16 00:00:00-05:00,6.575919320487617,6.575919320487617,6.543405535937941,6.551534175872803,9900,0.0,0.0
2023-02-17 00:00:00-05:00,6.567791632738806,6.567791632738806,6.519021336438551,6.535277843475342,30600,0.0,0.0
2023-02-21 00:00:00-05:00,6.535277395497473,6.535277395497473,6.429607393837173,6.4377360343933105,98400,0.0,0.0
2023-02-22 00:00:00-05:00,6.46212109389058,6.502763520934384,6.445864200592041,6.445864200592041,22400,0.0,0.0
2023-02-23 00:00:00-05:00,6.462121404018759,6.502763833013062,6.462121404018759,6.486506938934326,33100,0.0,0.0
2023-02-24 00:00:00-05:00,6.478378858987213,6.5108930375546485,6.4539937095553395,6.462121963500977,26700,0.0,0.0
2023-02-27 00:00:00-05:00,6.437736814069103,6.470250605041576,6.437736814069103,6.462121963500977,56400,0.0,0.0
2023-02-28 00:00:00-05:00,6.453992841038765,6.46212109389058,6.445864200592041,6.445864200592041,18300,0.0,0.0
2023-03-01 00:00:00-05:00,6.46212109389058,6.46212109389058,6.405222161143147,6.445864200592041,18300,0.0,0.0
2023-03-02 00:00:00-05:00,6.453992841038765,6.4702497343373055,6.437735947740226,6.445864200592041,10600,0.0,0.0
2023-03-03 00:00:00-05:00,6.429607140431365,6.494634711937918,6.429607140431365,6.478377819061279,17200,0.0,0.0
2023-03-06 00:00:00-05:00,6.470249491741659,6.5190205574035645,6.470249491741659,6.5190205574035645,24700,0.0,0.0
2023-03-07 00:00:00-05:00,6.510891908558065,6.510891908558065,6.4621208429613555,6.494634628295898,27100,0.0,0.0
2023-03-08 00:00:00-05:00,6.5190205574035645,6.5190205574035645,6.510891917261615,6.5190205574035645,4000,0.0,0.0
2023-03-09 00:00:00-05:00,6.543406262007365,6.543406262007365,6.486506938934326,6.486506938934326,17100,0.0,0.0
2023-03-10 00:00:00-05:00,6.52714835592718,6.52714835592718,6.421478748321533,6.421478748321533,33500,0.0,0.0
2023-03-13 00:00:00-04:00,6.445864454706482,6.445864454706482,6.372708625776497,6.397093772888184,20300,0.0,0.0
2023-03-14 00:00:00-04:00,6.388965211110507,6.413350357044321,6.356451424802151,6.364579677581787,23900,0.0,0.0
2023-03-15 00:00:00-04:00,6.340195093625071,6.397094030910603,6.340195093625071,6.356451988220215,25900,0.0,0.0
2023-03-16 00:00:00-04:00,6.323430778014343,6.389471768860129,6.323430778014343,6.372961521148682,16500,0.12,0.0
2023-03-17 00:00:00-04:00,6.364706043232218,6.397726535797119,6.364706043232218,6.397726535797119,14100,0.0,0.0
2023-03-20 00:00:00-04:00,6.364705882098108,6.430746865555964,6.364705882098108,6.389471054077148,15800,0.0,0.0
2023-03-21 00:00:00-04:00,6.422491860163652,6.422491860163652,6.3647058035336705,6.381216049194336,30800,0.0,0.0
2023-03-22 00:00:00-04:00,6.3894718527905665,6.447257917357369,6.3894718527905665,6.405982494354248,29900,0.0,0.0
2023-03-23 00:00:00-04:00,6.43900299021089,6.43900299021089,6.3894718527905665,6.405982494354248,48700,0.0,0.0
2023-03-24 00:00:00-04:00,6.397727173572407,6.43900299021089,6.397727173572407,6.405982494354248,12600,0.0,0.0
2023-03-27 00:00:00-04:00,6.405982256803795,6.472023246068107,6.405982256803795,6.422492504119873,21700,0.0,0.0
2023-03-28 00:00:00-04:00,6.414237337244976,6.430747584956422,6.356451273437235,6.372961521148682,57000,0.0,0.0
2023-03-29 00:00:00-04:00,6.3977272511086465,6.430747747365475,6.3977272511086465,6.4142374992370605,18200,0.0,0.0
2023-03-30 00:00:00-04:00,6.430747032165527,6.439002352129296,6.42249210583708,6.430747032165527,48600,0.0,0.0
2023-03-31 00:00:00-04:00,6.463766816978032,6.480277061462402,6.455511891553486,6.480277061462402,20300,0.0,0.0
2023-04-03 00:00:00-04:00,6.46376721385005,6.496787704846234,6.46376721385005,6.472022533416748,14400,0.0,0.0
2023-04-04 00:00:00-04:00,6.463767287617667,6.472022607278578,6.447257041931152,6.447257041931152,14400,0.0,0.0
2023-04-05 00:00:00-04:00,6.455512760592472,6.48027793383527,6.430747193714344,6.439002513885498,49000,0.0,0.0
2023-04-06 00:00:00-04:00,6.422492505847244,6.455513000488281,6.422492505847244,6.455513000488281,15200,0.0,0.0
2023-04-10 00:00:00-04:00,6.472023325948697,6.5132987479306585,6.463768005371094,6.463768005371094,20200,0.0,0.0
2023-04-11 00:00:00-04:00,6.447257757851239,6.472023325948697,6.422492583389133,6.463768005371094,46100,0.0,0.0
2023-04-12 00:00:00-04:00,6.455512287918656,6.472022533416748,6.455512287918656,6.472022533416748,5400,0.0,0.0
2023-04-13 00:00:00-04:00,6.46376721385005,6.4885327789148395,6.455512287918656,6.472022533416748,17300,0.0,0.0
2023-04-14 00:00:00-04:00,6.505042625006598,6.521552869490969,6.4720221360378565,6.480277061462402,22400,0.0,0.0
2023-04-17 00:00:00-04:00,6.480277533304181,6.51329802467721,6.439002115905549,6.447257041931152,36300,0.0,0.0
2023-04-18 00:00:00-04:00,6.4555123615920635,6.505043098651607,6.414236550558123,6.447257041931152,32000,0.0,0.0
2023-04-19 00:00:00-04:00,6.422492583389133,6.463768005371094,6.422492583389133,6.463768005371094,7700,0.0,0.0
2023-04-20 00:00:00-04:00,6.4307470283620205,6.455512594603357,6.389471215838233,6.397726535797119,45900,0.0,0.0
2023-04-21 00:00:00-04:00,6.405982331857331,6.422492579366846,6.356451195693436,6.364706516265869,44300,0.0,0.0
2023-04-24 00:00:00-04:00,6.389470975207015,6.422491860163652,6.381216049194336,6.381216049194336,32200,0.0,0.0
2023-04-25 00:00:00-04:00,6.397727173572407,6.414237421500728,6.3894718527905665,6.405982494354248,16700,0.0,0.0
2023-04-26 00:00:00-04:00,6.397727173572407,6.414237421500728,6.397727173572407,6.405982494354248,11500,0.0,0.0
2023-04-27 00:00:00-04:00,6.405981859544864,6.430747032165527,6.405981859544864,6.430747032165527,14300,0.0,0.0
2023-04-28 00:00:00-04:00,6.430746796244638,6.4555123615920635,6.430746796244638,6.447257041931152,17600,0.0,0.0
2023-05-01 00:00:00-04:00,6.455513078428842,6.480278252890949,6.455513078428842,6.463768005371094,19600,0.0,0.0
2023-05-02 00:00:00-04:00,6.447257678276317,6.4802781729084735,6.414237183644161,6.422492504119873,11800,0.0,0.0
2023-05-03 00:00:00-04:00,6.422491870219035,6.447257041931152,6.422491870219035,6.447257041931152,4200,0.0,0.0
2023-05-04 00:00:00-04:00,6.422491870219035,6.472022607278578,6.422491870219035,6.447257041931152,28400,0.0,0.0
2023-05-05 00:00:00-04:00,6.455514186075663,6.513299865492433,6.455514186075663,6.505044937133789,14900,0.0,0.0
2023-05-08 00:00:00-04:00,6.4720221360378565,6.505042625006598,6.4720221360378565,6.480277061462402,25700,0.0,0.0
2023-05-09 00:00:00-04:00,6.472023325948697,6.505043820988407,6.463768005371094,6.463768005371094,8100,0.0,0.0
2023-05-10 00:00:00-04:00,6.430746796244638,6.472022607278578,6.430746796244638,6.447257041931152,15300,0.0,0.0
2023-05-11 00:00:00-04:00,6.439002513885498,6.447257440421319,6.439002513885498,6.439002513885498,4300,0.0,0.0
2023-05-12 00:00:00-04:00,6.439002115905549,6.463767287617667,6.439002115905549,6.447257041931152,17900,0.0,0.0
2023-05-15 00:00:00-04:00,6.4555123615920635,6.480277533304181,6.447257041931152,6.447257041931152,12600,0.0,0.0
2023-05-16 00:00:00-04:00,6.4307470283620205,6.472022840885808,6.397726535797119,6.397726535797119,6000,0.0,0.0
2023-05-17 00:00:00-04:00,6.3812162895146685,6.463767520926922,6.364706043232218,6.397726535797119,28100,0.0,0.0
2023-05-18 00:00:00-04:00,6.38121629328888,6.430747032165527,6.38121629328888,6.430747032165527,2800,0.0,0.0
2023-05-19 00:00:00-04:00,6.4142374992370605,6.4142374992370605,6.4142374992370605,6.4142374992370605,300,0.0,0.0
2023-05-22 00:00:00-04:00,6.430747669429048,6.430747669429048,6.397727173572407,6.405982494354248,8700,0.0,0.0
2023-05-23 00:00:00-04:00,6.389471930226757,6.4142374992370605,6.389471930226757,6.4142374992370605,2400,0.0,0.0
2023-05-24 00:00:00-04:00,6.439002352129296,6.463767524749959,6.430747032165527,6.430747032165527,7700,0.0,0.0
2023-05-25 00:00:00-04:00,6.472022533416748,6.4885327789148395,6.46376721385005,6.472022533416748,10400,0.0,0.0
2023-05-26 00:00:00-04:00,6.455513476617369,6.513299149683518,6.455513476617369,6.488533973693848,12800,0.0,0.0
2023-05-30 00:00:00-04:00,6.480278651903453,6.538064718598703,6.480278651903453,6.521554470062256,13100,0.0,0.0
2023-05-31 00:00:00-04:00,6.496787305946773,6.513297550431144,6.439001647069114,6.480277061462402,8600,0.0,0.0
2023-06-01 00:00:00-04:00,6.463769114434308,6.529810115845142,6.463769114434308,6.505044937133789,9100,0.0,0.0
2023-06-02 00:00:00-04:00,6.505044458389793,6.554575205802662,6.505044458389793,6.538064956665039,7900,0.0,0.0
2023-06-05 00:00:00-04:00,6.5298077949155156,6.5298077949155156,6.480277061462402,6.480277061462402,11800,0.0,0.0
2023-06-06 00:00:00-04:00,6.4637682439544974,6.5215543092246,6.4637682439544974,6.513298988342285,5800,0.0,0.0
2023-06-07 00:00:00-04:00,6.505044061095337,6.546319484600811,6.505044061095337,6.513298988342285,9000,0.0,0.0
2023-06-08 00:00:00-04:00,6.513299148976345,6.5545749671351485,6.513299148976345,6.521554470062256,4100,0.0,0.0
2023-06-09 00:00:00-04:00,6.521554547396643,6.562829972409527,6.521554547396643,6.529809474945068,7100,0.0,0.0
2023-06-12 00:00:00-04:00,6.538064717895992,6.554574966430664,6.538064717895992,6.554574966430664,2700,0.0,0.0
2023-06-13 00:00:00-04:00,6.5545752830316255,6.562830210880006,6.546319961547852,6.546319961547852,14900,0.0,0.0
2023-06-14 00:00:00-04:00,6.571465254156682,6.59661094280684,6.512791314500456,6.521173477172852,8300,0.12,0.0
2023-06-15 00:00:00-04:00,6.537938353852122,6.554702281951904,6.537938353852122,6.554702281951904,900,0.0,0.0
2023-06-16 00:00:00-04:00,6.554701647791405,6.571465574269294,6.546319484710693,6.546319484710693,14400,0.0,0.0
2023-06-20 00:00:00-04:00,6.529554843902588,6.537937006066295,6.529554843902588,6.529554843902588,4000,0.0,0.0
2023-06-21 00:00:00-04:00,6.529555478165871,6.563083330710524,6.512791551893544,6.537937641143799,15000,0.0,0.0
2023-06-22 00:00:00-04:00,6.512791314500456,6.554701328495406,6.504409551511575,6.521173477172852,15500,0.0,0.0
2023-06-23 00:00:00-04:00,6.529555560088611,6.55470164965436,6.512791633605957,6.512791633605957,11000,0.0,0.0
2023-06-26 00:00:00-04:00,6.5295552401617325,6.554701328495406,6.504409551511575,6.521173477172852,18500,0.0,0.0
2023-06-27 00:00:00-04:00,6.521173714871472,6.546319404438197,6.521173714871472,6.537937641143799,9400,0.0,0.0
2023-06-28 00:00:00-04:00,6.546320118060226,6.563084046160008,6.546320118060226,6.554702281951904,6400,0.0,0.0
2023-06-29 00:00:00-04:00,6.5630834111885825,6.571465574269294,6.537937721313515,6.546319484710693,18400,0.0,0.0
2023-06-30 00:00:00-04:00,6.5547006959177025,6.579846382141113,6.5547006959177025,6.579846382141113,5100,0.0,0.0
2023-07-03 00:00:00-04:00,6.56308340751465,6.613375186920166,6.56308340751465,6.613375186920166,4800,0.0,0.0
2023-07-05 00:00:00-04:00,6.596611499786377,6.613375426863103,6.596611499786377,6.596611499786377,10500,0.0,0.0
2023-07-06 00:00:00-04:00,6.596611982123771,6.596611982123771,6.554702361209344,6.563084125518799,5300,0.0,0.0
2023-07-07 00:00:00-04:00,6.563084125518799,6.588230217814317,6.563084125518799,6.563084125518799,6300,0.0,0.0
2023-07-10 00:00:00-04:00,6.57146572934599,6.61337534668795,6.563083566067471,6.588229656219482,16900,0.0,0.0
2023-07-11 00:00:00-04:00,6.588228544004568,6.6049924680480006,6.5547006959177025,6.579846382141113,41300,0.0,0.0
2023-07-12 00:00:00-04:00,6.5630836456329265,6.604993663166514,6.5630836456329265,6.596611499786377,12100,0.0,0.0
2023-07-13 00:00:00-04:00,6.59661149675308,6.638521514267396,6.59661149675308,6.630139350891113,16800,0.0,0.0
2023-07-14 00:00:00-04:00,6.613375423822096,6.638521514267396,6.613375423822096,6.630139350891113,4500,0.0,0.0
2023-07-17 00:00:00-04:00,6.613375341436728,6.663667122017274,6.613375341436728,6.655285358428955,26300,0.0,0.0
2023-07-18 00:00:00-04:00,6.646903195157092,6.688813212149319,6.63013926829691,6.655285358428955,34300,0.0,0.0
2023-07-19 00:00:00-04:00,6.655285119304889,6.688812971820599,6.655285119304889,6.672049045562744,18700,0.0,0.0
2023-07-20 00:00:00-04:00,6.655285598760717,6.663667362651713,6.6217577438296145,6.638521671295166,19500,0.0,0.0
2023-07-21 00:00:00-04:00,6.638521514267396,6.655285441336413,6.621757587198379,6.630139350891113,28100,0.0,0.0
2023-07-24 00:00:00-04:00,6.638521671295166,6.655285598760717,6.6217577438296145,6.638521671295166,17900,0.0,0.0
2023-07-25 00:00:00-04:00,6.638521514267396,6.663667205029147,6.630139350891113,6.630139350891113,25400,0.0,0.0
2023-07-26 00:00:00-04:00,6.621757823204094,6.6552856785370915,6.621757823204094,6.6469035148620605,5100,0.0,0.0
2023-07-27 00:00:00-04:00,6.655285202933197,6.655285202933197,6.613375186920166,6.613375186920166,7800,0.0,0.0
2023-07-28 00:00:00-04:00,6.630139350891113,6.655285441336413,6.630139350891113,6.630139350891113,13300,0.0,0.0
2023-07-31 00:00:00-04:00,6.655285598760717,6.680431290117265,6.6217577438296145,6.638521671295166,24300,0.0,0.0
2023-08-01 00:00:00-04:00,6.621757587198379,6.663667205029147,6.621757587198379,6.630139350891113,7400,0.0,0.0
2023-08-02 00:00:00-04:00,6.613375344049045,6.638521434191023,6.613375344049045,6.621757507324219,3900,0.0,0.0
2023-08-03 00:00:00-04:00,6.613376061528548,6.613376061528548,6.604994297027588,6.604994297027588,1900,0.0,0.0
2023-08-04 00:00:00-04:00,6.64690327796013,6.680431132098163,6.613375423822096,6.630139350891113,12900,0.0,0.0
2023-08-07 00:00:00-04:00,6.64690351065502,6.705577457292411,6.64690351065502,6.680431365966797,19400,0.0,0.0
2023-08-08 00:00:00-04:00,6.680431522504711,6.68881368637085,6.680431522504711,6.68881368637085,2500,0.0,0.0
2023-08-09 00:00:00-04:00,6.672049601980634,6.697195293622685,6.672049601980634,6.680431365966797,8900,0.0,0.0
2023-08-10 00:00:00-04:00,6.697195293622685,6.713959620962137,6.680431365966797,6.680431365966797,15100,0.0,0.0
2023-08-11 00:00:00-04:00,6.663667198992923,6.705577216469275,6.663667198992923,6.697195053100586,4100,0.0,0.0
2023-08-14 00:00:00-04:00,6.621757504708591,6.697194975737638,6.621757504708591,6.655285358428955,16900,0.0,0.0
2023-08-15 00:00:00-04:00,6.6469031977826525,6.663667124649456,6.621757507324219,6.621757507324219,4300,0.0,0.0
2023-08-16 00:00:00-04:00,6.604994297027588,6.655286083084112,6.604994297027588,6.604994297027588,11100,0.0,0.0
2023-08-17 00:00:00-04:00,6.596611260451661,6.646903039857177,6.596611260451661,6.613375186920166,11800,0.0,0.0
2023-08-18 00:00:00-04:00,6.579848204157533,6.638522154398604,6.579848204157533,6.604994297027588,59400,0.0,0.0
2023-08-21 00:00:00-04:00,6.596611417182241,6.6469031977826525,6.596611417182241,6.621757507324219,6400,0.0,0.0
2023-08-22 00:00:00-04:00,6.604993660129362,6.638521514267396,6.604993660129362,6.630139350891113,9400,0.0,0.0
2023-08-23 00:00:00-04:00,6.613375423822096,6.630139350891113,6.604993660129362,6.630139350891113,23400,0.0,0.0
2023-08-24 00:00:00-04:00,6.6133759104262575,6.6133759104262575,6.554702361209344,6.563084125518799,33700,0.0,0.0
2023-08-25 00:00:00-04:00,6.554701565979881,6.588229418517188,6.554701565979881,6.571465492248535,17700,0.0,0.0
2023-08-28 00:00:00-04:00,6.563083642615046,6.638521514267396,6.563083642615046,6.630139350891113,14900,0.0,0.0
2023-08-29 00:00:00-04:00,6.621757587198379,6.655285441336413,6.621757587198379,6.630139350891113,23200,0.0,0.0
2023-08-30 00:00:00-04:00,6.604993816364064,6.655285598760717,6.604993816364064,6.638521671295166,9100,0.0,0.0
2023-08-31 00:00:00-04:00,6.6133755802550604,6.638521671295166,6.6133755802550604,6.638521671295166,12500,0.0,0.0
2023-09-01 00:00:00-04:00,6.6217577438296145,6.646903435186163,6.6217577438296145,6.638521671295166,9600,0.0,0.0
2023-09-05 00:00:00-04:00,6.663667124649456,6.663667124649456,6.621757507324219,6.621757507324219,5100,0.0,0.0
2023-09-06 00:00:00-04:00,6.621757349996186,6.630139113388672,6.57146557059067,6.613375186920166,34700,0.0,0.0
2023-09-07 00:00:00-04:00,6.579847572709652,6.604993663166514,6.579847572709652,6.596611499786377,2800,0.0,0.0
2023-09-08 00:00:00-04:00,6.604993580457415,6.621757507324219,6.604993580457415,6.621757507324219,3800,0.0,0.0
2023-09-11 00:00:00-04:00,6.604993580457415,6.621757507324219,6.604993580457415,6.621757507324219,2900,0.0,0.0
2023-09-12 00:00:00-04:00,6.604993580457415,6.630139270915849,6.604993580457415,6.621757507324219,9700,0.0,0.0
2023-09-13 00:00:00-04:00,6.6469031977826525,6.6469031977826525,6.596611417182241,6.621757507324219,9900,0.0,0.0
2023-09-14 00:00:00-04:00,6.65580213544551,6.664313180145238,6.638779640197754,6.638779640197754,14600,0.12,0.0
2023-09-15 00:00:00-04:00,6.604734535533553,6.647290569993175,6.604734535533553,6.6217570304870605,5400,0.0,0.0
2023-09-18 00:00:00-04:00,6.638779661906962,6.6472907066345215,6.621757166603541,6.6472907066345215,5800,0.0,0.0
2023-09-19 00:00:00-04:00,6.664313064946683,6.664313064946683,6.6132455800861605,6.6217570304870605,15400,0.0,0.0
2023-09-20 00:00:00-04:00,6.6472907066345215,6.664313201937943,6.638779661906962,6.6472907066345215,8300,0.0,0.0
2023-09-21 00:00:00-04:00,6.579200590179146,6.638779525440568,6.579200590179146,6.6217570304870605,7600,0.0,0.0
2023-09-22 00:00:00-04:00,6.655803346321712,6.6728258446663355,6.604735851287842,6.604735851287842,18600,0.0,0.0
2023-09-25 00:00:00-04:00,6.61324569440197,6.672824630693266,6.61324569440197,6.638779640197754,16300,0.0,0.0
2023-09-26 00:00:00-04:00,6.613246100635576,6.638780047999841,6.562178611755371,6.562178611755371,38900,0.0,0.0
2023-09-27 00:00:00-04:00,6.570689294028196,6.596223239982025,6.570689294028196,6.579200744628906,14800,0.0,0.0
2023-09-28 00:00:00-04:00,6.553667386055636,6.6132463280555385,6.553667386055636,6.596223831176758,16700,0.0,0.0
2023-09-29 00:00:00-04:00,6.587712379813198,6.655802773176659,6.587712379813198,6.596223831176758,9900,0.0,0.0
2023-10-02 00:00:00-04:00,6.621757573085547,6.621757573085547,6.562178632942121,6.570689678192139,14300,0.0,0.0
2023-10-03 00:00:00-04:00,6.579201108048773,6.587712153271311,6.553667160684507,6.562178611755371,20600,0.0,0.0
2023-10-04 00:00:00-04:00,6.579201242506356,6.587712287902832,6.570689791261546,6.587712287902832,4200,0.0,0.0
2023-10-05 00:00:00-04:00,6.562178519432561,6.579201015486475,6.536644572427532,6.553667068481445,9100,0.0,0.0
2023-10-06 00:00:00-04:00,6.579200744628906,6.587711789381315,6.579200744628906,6.579200744628906,1000,0.0,0.0
2023-10-09 00:00:00-04:00,6.553667160684507,6.613246100635576,6.5366446643911065,6.562178611755371,19500,0.0,0.0
2023-10-10 00:00:00-04:00,6.570689882934417,6.6132463280555385,6.570689882934417,6.596223831176758,7700,0.0,0.0
2023-10-11 00:00:00-04:00,6.570689791261546,6.596223739147642,6.570689791261546,6.587712287902832,3600,0.0,0.0
2023-10-12 00:00:00-04:00,6.587712174540499,6.604735076737186,6.570689678192139,6.570689678192139,4900,0.0,0.0
2023-10-13 00:00:00-04:00,6.545155909573874,6.621757343408727,6.536644458770752,6.536644458770752,4100,0.0,0.0
2023-10-16 00:00:00-04:00,6.613246897535967,6.613246897535967,6.596224399191343,6.604735851287842,6500,0.0,0.0
2023-10-17 00:00:00-04:00,6.5621787458650696,6.587712287902832,6.5621787458650696,6.587712287902832,1700,0.0,0.0
2023-10-18 00:00:00-04:00,6.596223239982025,6.613245735335143,6.579200744628906,6.579200744628906,4600,0.0,0.0
2023-10-19 00:00:00-04:00,6.579200744628906,6.621757185935853,6.579200744628906,6.579200744628906,6300,0.0,0.0
2023-10-20 00:00:00-04:00,6.587712287902832,6.596223739147642,6.587712287902832,6.587712287902832,5400,0.0,0.0
2023-10-23 00:00:00-04:00,6.579201129290482,6.579201129290482,6.570689678192139,6.570689678192139,5000,0.0,0.0
2023-10-24 00:00:00-04:00,6.587712287902832,6.613246235788929,6.570689791261546,6.587712287902832,3900,0.0,0.0
2023-10-25 00:00:00-04:00,6.579201015486475,6.579201015486475,6.545156023378648,6.553667068481445,11900,0.0,0.0
2023-10-26 00:00:00-04:00,6.545156136593761,6.604735076737186,6.545156136593761,6.570689678192139,4800,0.0,0.0
2023-10-27 00:00:00-04:00,6.587712060589272,6.587712060589272,6.536644572427532,6.553667068481445,10000,0.0,0.0
2023-10-30 00:00:00-04:00,6.587711789381315,6.587711789381315,6.579200744628906,6.579200744628906,4500,0.0,0.0
2023-10-31 00:00:00-04:00,6.596224399191343,6.604735851287842,6.596224399191343,6.604735851287842,3000,0.0,0.0
2023-11-01 00:00:00-04:00,6.63026939588059,6.638780847977088,6.604735851287842,6.604735851287842,6000,0.0,0.0
2023-11-02 00:00:00-04:00,6.638780229985574,6.672825223505637,6.638780229985574,6.6558027267456055,4100,0.0,0.0
2023-11-03 00:00:00-04:00,6.689847695357915,6.73240373417538,6.689847695357915,6.723892688751221,5600,0.0,0.0
2023-11-06 00:00:00-05:00,6.698359266082723,6.7238932160543,6.664314270019531,6.664314270019531,6600,0.0,0.0
2023-11-07 00:00:00-05:00,6.664314270019531,6.664314270019531,6.664314270019531,6.664314270019531,2100,0.0,0.0
2023-11-08 00:00:00-05:00,6.647291229071501,6.655802680316311,6.579201242506356,6.587712287902832,16700,0.0,0.0
2023-11-09 00:00:00-05:00,6.587712379813198,6.604735282540317,6.587712379813198,6.596223831176758,8900,0.0,0.0
2023-11-10 00:00:00-05:00,6.587711789381315,6.587711789381315,6.511110763216434,6.579200744628906,15300,0.0,0.0
2023-11-13 00:00:00-05:00,6.553666798675078,6.604734690582735,6.511110763216434,6.579200744628906,18800,0.0,0.0
2023-11-14 00:00:00-05:00,6.621757733225543,6.664313772201453,6.621757733225543,6.6558027267456055,5600,0.0,0.0
2023-11-15 00:00:00-05:00,6.655803223927916,6.672825721959512,6.655803223927916,6.664314270019531,11800,0.0,0.0
2023-11-16 00:00:00-05:00,6.664313201937943,6.664313201937943,6.6472907066345215,6.6472907066345215,1700,0.0,0.0
2023-11-17 00:00:00-05:00,6.638780342359959,6.715381376152554,6.638780342359959,6.672825336456299,30300,0.0,0.0
2023-11-20 00:00:00-05:00,6.681336018344915,6.689847469329834,6.681336018344915,6.689847469329834,2400,0.0,0.0
2023-11-21 00:00:00-05:00,6.655802999709542,6.655802999709542,6.6302690505981445,6.6302690505981445,1500,0.0,0.0
2023-11-22 00:00:00-05:00,6.6387807258963205,6.672825721959512,6.6387807258963205,6.664314270019531,5800,0.0,0.0
2023-11-24 00:00:00-05:00,6.664313885008043,6.681336382056213,6.655802839408129,6.672825336456299,5900,0.0,0.0
2023-11-27 00:00:00-05:00,6.6472907066345215,6.706869643120646,6.6472907066345215,6.6472907066345215,19500,0.0,0.0
2023-11-28 00:00:00-05:00,6.647291771987935,6.6898482199911085,6.647291771987935,6.664314270019531,16300,0.0,0.0
2023-11-29 00:00:00-05:00,6.672824404807135,6.698357943890267,6.672824404807135,6.68133544921875,8300,0.0,0.0
2023-11-30 00:00:00-05:00,6.706869965451353,6.706869965451353,6.681336018344915,6.689847469329834,5300,0.0,0.0
2023-12-01 00:00:00-05:00,6.681336515216328,6.706870464221651,6.681336515216328,6.69835901260376,29400,0.0,0.0
2023-12-04 00:00:00-05:00,6.71538148265496,6.809005420828895,6.71538148265496,6.766448974609375,42800,0.0,0.0
2023-12-05 00:00:00-05:00,6.774959834733774,6.774959834733774,6.74091484306965,6.749425888061523,10500,0.0,0.0
2023-12-06 00:00:00-05:00,6.740914935270556,6.8515613626165175,6.740914935270556,6.757937431335449,24600,0.0,0.0
2023-12-07 00:00:00-05:00,6.766448227836326,6.809004669359143,6.766448227836326,6.791982173919678,12600,0.0,0.0
2023-12-08 00:00:00-05:00,6.757937183040746,6.826027570646914,6.757937183040746,6.791982173919678,6200,0.0,0.0
2023-12-11 00:00:00-05:00,6.817516619729158,6.851561613103598,6.766448723819163,6.8004937171936035,34800,0.0,0.0
2023-12-12 00:00:00-05:00,6.809004669359143,6.817516120003028,6.766448227836326,6.791982173919678,24000,0.0,0.0
2023-12-13 00:00:00-05:00,6.783471220506383,6.826028070996935,6.774960175086941,6.8004937171936035,11600,0.0,0.0
2023-12-14 00:00:00-05:00,6.843698852315537,6.89554500579834,6.843698852315537,6.89554500579834,22900,0.12,0.0
2023-12-15 00:00:00-05:00,6.886903743698664,6.973313999120639,6.886903743698664,6.921468257904053,13800,0.0,0.0
2023-12-18 00:00:00-05:00,6.904186814641402,6.938750921915861,6.869622707366943,6.869622707366943,14200,0.0,0.0
2023-12-19 00:00:00-05:00,6.886903901104242,6.8955451328622415,6.843698978424072,6.843698978424072,13200,0.0,0.0
2023-12-20 00:00:00-05:00,6.869621849624852,6.912827184341631,6.843698978424072,6.843698978424072,10900,0.0,0.0
2023-12-21 00:00:00-05:00,6.869621723038638,6.89554500579834,6.869621723038638,6.89554500579834,10600,0.0,0.0
2023-12-22 00:00:00-05:00,6.921468648869548,6.981955625063293,6.921468648869548,6.956032752990723,18800,0.0,0.0
2023-12-26 00:00:00-05:00,6.930109784832973,7.0251608638300205,6.930109784832973,6.981955528259277,16700,0.0,0.0
2023-12-27 00:00:00-05:00,6.981955625063293,6.981955625063293,6.921468648869548,6.956032752990723,16900,0.0,0.0
2023-12-28 00:00:00-05:00,6.938750299785172,6.973314403960602,6.938750299785172,6.96467399597168,9200,0.0,0.0
2023-12-29 00:00:00-05:00,6.981955614076551,6.981955614076551,6.947391510009766,6.947391510009766,15700,0.0,0.0
2024-01-02 00:00:00-05:00,6.947390637813442,6.947390637813442,6.9128265380859375,6.9128265380859375,11800,0.0,0.0
2024-01-03 00:00:00-05:00,6.912827056959274,6.921468288558041,6.886903774199572,6.89554500579834,13100,0.0,0.0
2024-01-04 00:00:00-05:00,6.869621669887697,6.930109466537868,6.869621669887697,6.904185771942139,9600,0.0,0.0
2024-01-05 00:00:00-05:00,6.912827056959274,6.930109520156809,6.89554500579834,6.89554500579834,4200,0.0,0.0
2024-01-08 00:00:00-05:00,6.904185794783059,6.921468257904053,6.904185794783059,6.921468257904053,1700,0.0,0.0
2024-01-09 00:00:00-05:00,6.912827003474049,6.930109466537868,6.904185771942139,6.904185771942139,1400,0.0,0.0
2024-01-10 00:00:00-05:00,6.8955444882221855,6.93010899998626,6.8955444882221855,6.9128265380859375,17100,0.0,0.0
2024-01-11 00:00:00-05:00,6.878263081382851,6.886903901104242,6.835057746666073,6.843698978424072,18800,0.0,0.0
2024-01-12 00:00:00-05:00,6.826416884803423,6.860980987548828,6.826416884803423,6.860980987548828,17300,0.0,0.0
2024-01-16 00:00:00-05:00,6.852339840660935,6.895545175645783,6.826416969299316,6.826416969299316,8600,0.0,0.0
2024-01-17 00:00:00-05:00,6.817775726318359,6.869621880993272,6.817775726318359,6.817775726318359,15400,0.0,0.0
2024-01-18 00:00:00-05:00,6.835058212280273,6.835058212280273,6.835058212280273,6.835058212280273,4900,0.0,0.0
2024-01-19 00:00:00-05:00,6.800493685901086,6.835057789074319,6.800493685901086,6.826416969299316,19700,0.0,0.0
2024-01-22 00:00:00-05:00,6.817776159623604,6.8609814972835945,6.817776159623604,6.835058212280273,16600,0.0,0.0
2024-01-23 00:00:00-05:00,6.835057789074319,6.843699020885933,6.826416969299316,6.826416969299316,4300,0.0,0.0
2024-01-24 00:00:00-05:00,6.835057789074319,6.8609810724725495,6.826416969299316,6.826416969299316,16900,0.0,0.0
2024-01-25 00:00:00-05:00,6.817775780003448,6.852339883392223,6.80049372830906,6.8091349601745605,11100,0.0,0.0
2024-01-26 00:00:00-05:00,6.7572887518826015,6.826416958115817,6.7572887518826015,6.817775726318359,7200,0.0,0.0
2024-01-29 00:00:00-05:00,6.826416969299316,6.843699020885933,6.826416969299316,6.826416969299316,19100,0.0,0.0
2024-01-30 00:00:00-05:00,6.835058212280273,6.8609814972835945,6.835058212280273,6.835058212280273,10200,0.0,0.0
2024-01-31 00:00:00-05:00,6.852339872192023,6.8609811040434,6.8004937171936035,6.8004937171936035,15600,0.0,0.0
2024-02-01 00:00:00-05:00,6.8091348754652925,6.843698978424072,6.8091348754652925,6.843698978424072,4700,0.0,0.0
2024-02-02 00:00:00-05:00,6.835058212280273,6.835058212280273,6.835058212280273,6.835058212280273,14500,0.0,0.0
2024-02-05 00:00:00-05:00,6.817775737487702,6.843699020885933,6.817775737487702,6.826416969299316,10300,0.0,0.0
2024-02-06 00:00:00-05:00,6.843699020885933,6.843699020885933,6.8091349177127,6.826416969299316,7500,0.0,0.0
2024-02-07 00:00:00-05:00,6.826416884803423,6.869621807216877,6.826416884803423,6.860980987548828,2900,0.0,0.0
2024-02-08 00:00:00-05:00,6.83505770447147,6.88690385858958,6.83505770447147,6.860980987548828,6300,0.0,0.0
2024-02-09 00:00:00-05:00,6.852340653729714,6.869622707366943,6.852340653729714,6.869622707366943,1700,0.0,0.0
2024-02-12 00:00:00-05:00,6.8955451328622415,6.9041859525836315,6.826416926944682,6.843698978424072,25000,0.0,0.0
2024-02-13 00:00:00-05:00,6.696800075514442,6.800492364891705,6.696800075514442,6.765928268432617,28500,0.0,0.0
2024-02-14 00:00:00-05:00,6.774570423623264,6.800493293489043,6.774570423623264,6.7918524742126465,17000,0.0,0.0
2024-02-15 00:00:00-05:00,6.75728879404656,6.80913494904498,6.75728879404656,6.8004937171936035,3600,0.0,0.0
2024-02-16 00:00:00-05:00,6.8177749059293,6.8177749059293,6.774569988250732,6.774569988250732,20000,0.0,0.0
2024-02-20 00:00:00-05:00,6.765929613861323,6.8004937171936035,6.765929613861323,6.8004937171936035,6000,0.0,0.0
2024-02-21 00:00:00-05:00,6.791851985085202,6.800492803739315,6.783210754394531,6.783210754394531,6500,0.0,0.0
2024-02-22 00:00:00-05:00,6.835057820525884,6.835057820525884,6.79185289737884,6.8004937171936035,15500,0.0,0.0
2024-02-23 00:00:00-05:00,6.809134524802029,6.809134524802029,6.783211242899661,6.7918524742126465,7900,0.0,0.0
2024-02-26 00:00:00-05:00,6.809135088863318,6.8350579608765205,6.757288932800293,6.757288932800293,18400,0.0,0.0
2024-02-27 00:00:00-05:00,6.731365648750469,6.774570984821302,6.731365648750469,6.757288932800293,7100,0.0,0.0
2024-02-28 00:00:00-05:00,6.7572884443864085,6.765929263754047,6.748647212982178,6.748647212982178,13800,0.0,0.0
2024-02-29 00:00:00-05:00,6.783210754394531,6.783210754394531,6.783210754394531,6.783210754394531,3500,0.0,0.0
2024-03-01 00:00:00-05:00,6.80913494904498,6.817775768859743,6.783211665527463,6.8004937171936035,13300,0.0,0.0
2024-03-04 00:00:00-05:00,6.809135339313588,6.835058212280273,6.809135339313588,6.835058212280273,9200,0.0,0.0
2024-03-05 00:00:00-05:00,6.8436994446269255,6.852340264936942,6.826417391970257,6.835058212280273,9400,0.0,0.0
2024-03-06 00:00:00-05:00,6.8091349177127,6.852339840660935,6.800493685901086,6.826416969299316,8500,0.0,0.0
2024-03-07 00:00:00-05:00,6.8177756418793445,6.860980976258306,6.8177756418793445,6.852339744567871,9500,0.0,0.0
2024-03-08 00:00:00-05:00,6.85233966055264,6.8955449944018685,6.85233966055264,6.886903762817383,5400,0.0,0.0
2024-03-11 00:00:00-04:00,6.860980945407031,6.895545047940137,6.860980945407031,6.878262996673584,3200,0.0,0.0
2024-03-12 00:00:00-04:00,6.878262438358433,6.93010899998626,6.878262438358433,6.9128265380859375,8800,0.0,0.0
2024-03-13 00:00:00-04:00,6.956690344285429,6.956690344285429,6.93037270781512,6.947917938232422,10800,0.12,0.0
2024-03-14 00:00:00-04:00,6.947917441020767,6.947917441020767,6.921599388122559,6.921599388122559,6800,0.0,0.0
2024-03-15 00:00:00-04:00,6.895281753535611,6.947917441020767,6.772464731092319,6.921599388122559,9600,0.0,0.0
2024-03-18 00:00:00-04:00,6.904054197160779,6.912827020945808,6.895281791687012,6.895281791687012,6000,0.0,0.0
2024-03-19 00:00:00-04:00,6.90405419114571,6.947917473410116,6.90405419114571,6.912827014923096,5500,0.0,0.0
2024-03-20 00:00:00-04:00,6.912826970920784,6.965462658316271,6.912826970920784,6.956689834594727,6800,0.0,0.0
2024-03-21 00:00:00-04:00,7.000553131103516,7.035644007751233,6.965462672767058,7.000553131103516,10500,0.0,0.0
2024-03-22 00:00:00-04:00,6.974235063726556,7.018098345711758,6.939144605462898,6.956689834594727,29100,0.0,0.0
2024-03-25 00:00:00-04:00,6.991780319272888,7.000553143027575,6.9566898608766605,6.965462684631348,25800,0.0,0.0
2024-03-26 00:00:00-04:00,6.956689834594727,7.000553116579929,6.956689834594727,6.956689834594727,7600,0.0,0.0
2024-03-27 00:00:00-04:00,6.947917429184442,6.9830078874481,6.947917429184442,6.956689834594727,3500,0.0,0.0
2024-03-28 00:00:00-04:00,7.009326499755036,7.009326499755036,6.983008861541748,6.983008861541748,8800,0.0,0.0
2024-04-01 00:00:00-04:00,6.965463168649724,6.974235574702731,6.947917938232422,6.947917938232422,8600,0.0,0.0
2024-04-02 00:00:00-04:00,6.921599438572822,6.921599438572822,6.842646115925241,6.860191345214844,34300,0.0,0.0
2024-04-03 00:00:00-04:00,6.8601913331694195,6.904054197160779,6.8601913331694195,6.895281791687012,24800,0.0,0.0
2024-04-04 00:00:00-04:00,6.886508973932377,6.904054203206536,6.877736568450928,6.877736568450928,7000,0.0,0.0
2024-04-05 00:00:00-04:00,6.886508935709697,6.904054164886475,6.851418477356142,6.904054164886475,4600,0.0,0.0
2024-04-08 00:00:00-04:00,6.886508935709697,6.904054164886475,6.886508935709697,6.904054164886475,11300,0.0,0.0
2024-04-09 00:00:00-04:00,6.921599388122559,6.930372211859048,6.921599388122559,6.921599388122559,4900,0.0,0.0
2024-04-10 00:00:00-04:00,6.904054648894332,6.904054648894332,6.886509418487549,6.886509418487549,8000,0.0,0.0
2024-04-11 00:00:00-04:00,6.860191782033018,6.912827473253369,6.860191782033018,6.886509418487549,13800,0.0,0.0
2024-04-12 00:00:00-04:00,6.851418495178223,6.877736548167477,6.842646089722645,6.851418495178223,29100,0.0,0.0
2024-04-15 00:00:00-04:00,6.851418507212523,6.886508965718992,6.816328048706055,6.816328048706055,7000,0.0,0.0
2024-04-16 00:00:00-04:00,6.860191318945061,6.860191318945061,6.851418495178223,6.851418495178223,4600,0.0,0.0
2024-04-17 00:00:00-04:00,6.851418495178223,6.868963724400639,6.8338732659558055,6.851418495178223,5400,0.0,0.0
2024-04-18 00:00:00-04:00,6.8514185274756905,6.868963756780815,6.84264612197876,6.84264612197876,5700,0.0,0.0
2024-04-19 00:00:00-04:00,6.886508953623055,6.886508953623055,6.825100860500228,6.851418495178223,16300,0.0,0.0
2024-04-22 00:00:00-04:00,6.833873292124808,6.860191345214844,6.833873292124808,6.860191345214844,6500,0.0,0.0
2024-04-23 00:00:00-04:00,6.8777365421734995,6.886508947621432,6.860191312966374,6.868963718414307,9900,0.0,0.0
2024-04-24 00:00:00-04:00,6.868963718414307,6.886508947621432,6.868963718414307,6.868963718414307,3900,0.0,0.0
2024-04-25 00:00:00-04:00,6.868963756780815,6.868963756780815,6.816328068865441,6.84264612197876,7500,0.0,0.0
2024-04-26 00:00:00-04:00,6.868963718414307,6.868963718414307,6.85141848920718,6.868963718414307,2900,0.0,0.0
2024-04-29 00:00:00-04:00,6.842646089722645,6.860191318945061,6.842646089722645,6.851418495178223,8100,0.0,0.0
2024-04-30 00:00:00-04:00,6.833873298170565,6.868963756780815,6.833873298170565,6.84264612197876,1100,0.0,0.0
2024-05-01 00:00:00-04:00,6.842646115925241,6.860191345214844,6.842646115925241,6.860191345214844,3800,0.0,0.0
2024-05-02 00:00:00-04:00,6.851418521414411,6.860191345214844,6.851418521414411,6.860191345214844,1400,0.0,0.0
2024-05-03 00:00:00-04:00,6.8952817977250875,6.904054203206536,6.877736568450928,6.877736568450928,7600,0.0,0.0
2024-05-06 00:00:00-04:00,6.895281771380626,6.895281771380626,6.860191312966374,6.868963718414307,4600,0.0,0.0
2024-05-07 00:00:00-04:00,6.886508973932377,6.886508973932377,6.868963744658217,6.877736568450928,1700,0.0,0.0
2024-05-08 00:00:00-04:00,6.886508973932377,6.886508973932377,6.868963744658217,6.877736568450928,11400,0.0,0.0
2024-05-09 00:00:00-04:00,6.868964188080765,6.886509418487549,6.868964188080765,6.886509418487549,12200,0.0,0.0
2024-05-10 00:00:00-04:00,6.886508973932377,6.886508973932377,6.868963744658217,6.877736568450928,9700,0.0,0.0
2024-05-13 00:00:00-04:00,6.851418957673982,6.895282242846585,6.851418957673982,6.886509418487549,16800,0.0,0.0
2024-05-14 00:00:00-04:00,6.877736568450928,6.8952817977250875,6.868963744658217,6.877736568450928,6000,0.0,0.0
2024-05-15 00:00:00-04:00,6.886508935709697,6.904054164886475,6.877736530276938,6.904054164886475,10800,0.0,0.0
2024-05-16 00:00:00-04:00,6.895281779702577,6.93037223815918,6.895281779702577,6.93037223815918,4000,0.0,0.0
2024-05-17 00:00:00-04:00,6.895281767838892,6.983007913829461,6.895281767838892,6.965462684631348,27500,0.0,0.0
2024-05-20 00:00:00-04:00,6.96546312866532,6.991780764984555,6.96546312866532,6.974235534667969,5600,0.0,0.0
2024-05-21 00:00:00-04:00,6.991780307363771,7.009325536532,6.991780307363771,7.000553131103516,7200,0.0,0.0
2024-05-22 00:00:00-04:00,7.000553104773643,7.009325510169134,6.983007875671404,6.9917802810668945,5000,0.0,0.0
2024-05-23 00:00:00-04:00,6.965462658316271,6.9830078874481,6.956689834594727,6.956689834594727,5900,0.0,0.0
2024-05-24 00:00:00-04:00,6.9654626966157815,6.9917803313026035,6.93037223815918,6.93037223815918,7800,0.0,0.0
2024-05-28 00:00:00-04:00,6.956690318548192,6.956690318548192,6.930372682175249,6.939145088195801,4000,0.0,0.0
2024-05-29 00:00:00-04:00,6.93037223815918,6.93037223815918,6.93037223815918,6.93037223815918,3000,0.0,0.0
2024-05-30 00:00:00-04:00,6.921599394063252,6.939144623240029,6.904054164886475,6.904054164886475,12500,0.0,0.0
2024-05-31 00:00:00-04:00,6.912826982697329,6.930372211859048,6.912826982697329,6.921599388122559,3200,0.0,0.0
2024-06-03 00:00:00-04:00,6.904054627491018,6.9479179125276405,6.904054627491018,6.939145088195801,14100,0.0,0.0
2024-06-04 00:00:00-04:00,6.947917441020767,6.947917441020767,6.90405415896084,6.921599388122559,25000,0.0,0.0
2024-06-05 00:00:00-04:00,6.930372200052613,6.956689834594727,6.930372200052613,6.956689834594727,10900,0.0,0.0
2024-06-06 00:00:00-04:00,6.965463142880032,6.965463142880032,6.930372682175249,6.939145088195801,8100,0.0,0.0
2024-06-07 00:00:00-04:00,6.904054185161097,6.93037223815918,6.895281779702577,6.93037223815918,5000,0.0,0.0
2024-06-10 00:00:00-04:00,6.912826982697329,6.921599388122559,6.912826982697329,6.921599388122559,3900,0.0,0.0
2024-06-11 00:00:00-04:00,6.904054627491018,6.9479179125276405,6.904054627491018,6.939145088195801,1700,0.0,0.0
2024-06-12 00:00:00-04:00,6.939145088195801,6.9479179125276405,6.939145088195801,6.939145088195801,3900,0.0,0.0
2024-06-13 00:00:00-04:00,7.028222604299674,7.028222604299674,6.930237548962964,6.939145088195801,9800,0.12,0.0
2024-06-14 00:00:00-04:00,7.001499169195126,7.001499169195126,6.939144699041764,6.956960201263428,4300,0.0,0.0
2024-06-17 00:00:00-04:00,6.930237548962964,6.956960591416575,6.930237548962964,6.939145088195801,24600,0.0,0.0
2024-06-18 00:00:00-04:00,6.921328941586466,6.9747754462805425,6.91242140318165,6.948052406311035,14000,0.0,0.0
2024-06-20 00:00:00-04:00,6.9836832773224105,6.992590815558712,6.948052274867096,6.974775314331055,11100,0.0,0.0
2024-06-21 00:00:00-04:00,7.001499303497003,7.054945811187198,6.9124217906800105,6.930237293243408,22800,0.0,0.0
2024-06-24 00:00:00-04:00,6.96586799621582,6.9747755347336,6.939144531152348,6.96586799621582,13600,0.0,0.0
2024-06-25 00:00:00-04:00,6.96586799621582,6.992591036524225,6.939144531152348,6.96586799621582,7900,0.0,0.0
2024-06-26 00:00:00-04:00,6.921329589268819,6.983684062957764,6.921329589268819,6.983684062957764,8200,0.0,0.0
2024-06-27 00:00:00-04:00,6.96586799621582,6.983683498006446,6.96586799621582,6.96586799621582,4200,0.0,0.0
2024-06-28 00:00:00-04:00,6.965868559725937,7.010407105427953,6.965868559725937,6.983684062957764,5600,0.0,0.0
2024-07-01 00:00:00-04:00,6.992591212528329,7.001499176025391,6.956960208050242,7.001499176025391,5800,0.0,0.0
2024-07-02 00:00:00-04:00,6.983683929020105,7.010406970977783,6.983683929020105,7.010406970977783,6000,0.0,0.0
2024-07-03 00:00:00-04:00,7.010407361793483,7.0193153261127055,6.992591857910156,6.992591857910156,181700,0.0,0.0
2024-07-05 00:00:00-04:00,6.965868426129957,7.010406970977783,6.965868426129957,7.010406970977783,5800,0.0,0.0
2024-07-08 00:00:00-04:00,7.010407364459408,7.054946336562222,7.010407364459408,7.037130832672119,14600,0.0,0.0
2024-07-09 00:00:00-04:00,7.054946114829992,7.054946114829992,7.0460381507873535,7.0460381507873535,2200,0.0,0.0
2024-07-10 00:00:00-04:00,7.054946336562222,7.054946336562222,7.019315328782017,7.037130832672119,5500,0.0,0.0
2024-07-11 00:00:00-04:00,7.063853740692139,7.072761704843954,7.028222733595101,7.063853740692139,15800,0.0,0.0
2024-07-12 00:00:00-04:00,7.072762267328975,7.081669807434082,7.054946762363618,7.081669807434082,9100,0.0,0.0
2024-07-15 00:00:00-04:00,7.072761535644531,7.090577038766856,7.0638535717058195,7.072761535644531,10900,0.0,0.0
2024-07-16 00:00:00-04:00,7.054946593309568,7.090577602386475,7.054946593309568,7.090577602386475,4700,0.0,0.0
2024-07-17 00:00:00-04:00,7.099484443664551,7.117299946449897,7.099484443664551,7.099484443664551,12300,0.0,0.0
2024-07-18 00:00:00-04:00,7.090576516394961,7.117299556732178,7.090576516394961,7.117299556732178,2800,0.0,0.0
2024-07-19 00:00:00-04:00,7.10839240743477,7.117299946449897,7.099484443664551,7.099484443664551,800,0.0,0.0
2024-07-22 00:00:00-04:00,7.135116183167643,7.135116183167643,7.108392715454102,7.108392715454102,1700,0.0,0.0
2024-07-23 00:00:00-04:00,7.126208136258506,7.144024064364053,7.126208136258506,7.135116100311279,5500,0.0,0.0
2024-07-24 00:00:00-04:00,7.117300341094733,7.152931348641118,7.081669333548348,7.126208305358887,9700,0.0,0.0
2024-07-25 00:00:00-04:00,7.10839240743477,7.144023837760554,7.099484443664551,7.099484443664551,8800,0.0,0.0
2024-07-26 00:00:00-04:00,7.135116183167643,7.152931261969858,7.108392715454102,7.108392715454102,3700,0.0,0.0
2024-07-29 00:00:00-04:00,7.099484668855291,7.152931178906616,7.099484668855291,7.135116100311279,13500,0.0,0.0
2024-07-30 00:00:00-04:00,7.144023454419823,7.161838531494141,7.144023454419823,7.161838531494141,13800,0.0,0.0
2024-07-31 00:00:00-04:00,7.144023146306652,7.1618382226126265,7.144023146306652,7.15293025970459,9900,0.0,0.0
2024-08-01 00:00:00-04:00,7.16183914295939,7.16183914295939,7.1173001722057325,7.135116100311279,8700,0.0,0.0
2024-08-02 00:00:00-04:00,7.1173001722057325,7.144024064364053,7.099484668855291,7.135116100311279,8500,0.0,0.0
2024-08-05 00:00:00-04:00,7.046038068583495,7.108392541889181,7.046038068583495,7.072761535644531,12700,0.0,0.0
2024-08-06 00:00:00-04:00,7.126208219011426,7.126208219011426,7.099484751297885,7.108392715454102,4800,0.0,0.0
2024-08-07 00:00:00-04:00,7.108392018204794,7.1440234465795305,7.108392018204794,7.117299556732178,4800,0.0,0.0
2024-08-08 00:00:00-04:00,7.126208136258506,7.135116100311279,7.126208136258506,7.135116100311279,3800,0.0,0.0
2024-08-09 00:00:00-04:00,7.126208136258506,7.144024064364053,7.126208136258506,7.135116100311279,2600,0.0,0.0
2024-08-12 00:00:00-04:00,7.13511626962304,7.144024233887194,7.126208305358887,7.126208305358887,7700,0.0,0.0
2024-08-13 00:00:00-04:00,7.135115873990335,7.144023837760554,7.099484443664551,7.099484443664551,8100,0.0,0.0
2024-08-14 00:00:00-04:00,7.117299528684474,7.144023418426514,7.117299528684474,7.144023418426514,5500,0.0,0.0
2024-08-15 00:00:00-04:00,7.16183914295939,7.170747107012163,7.108392632908064,7.135116100311279,18000,0.0,0.0
2024-08-16 00:00:00-04:00,7.126207491931821,7.152930532163728,7.126207491931821,7.144023418426514,2300,0.0,0.0
2024-08-19 00:00:00-04:00,7.144024236827619,7.17965524438867,7.144024236827619,7.17074728012085,5200,0.0,0.0
2024-08-20 00:00:00-04:00,7.179655241433579,7.188562356187504,7.0905772978125015,7.126208305358887,25600,0.0,0.0
2024-08-21 00:00:00-04:00,7.099484026944847,7.161838495411074,7.099484026944847,7.144023418426514,8700,0.0,0.0
2024-08-22 00:00:00-04:00,7.126207220490578,7.15293025970459,7.126207220490578,7.15293025970459,5900,0.0,0.0
2024-08-23 00:00:00-04:00,7.179655075073242,7.197470153678525,7.170747111015495,7.179655075073242,8800,0.0,0.0
2024-08-26 00:00:00-04:00,7.197469850680174,7.224192892218221,7.197469850680174,7.215285778045654,12600,0.0,0.0
2024-08-27 00:00:00-04:00,7.179654940929521,7.206377983093262,7.179654940929521,7.206377983093262,3500,0.0,0.0
2024-08-28 00:00:00-04:00,7.188562055310639,7.242008989148313,7.188562055310639,7.206377983093262,13700,0.0,0.0
2024-08-29 00:00:00-04:00,7.206376887751673,7.215284850289008,7.188560962677002,7.188560962677002,7900,0.0,0.0
2024-08-30 00:00:00-04:00,7.197470188140869,7.197470188140869,7.197470188140869,7.197470188140869,4600,0.0,0.0
2024-09-03 00:00:00-04:00,7.179654772824868,7.215285778045654,7.179654772824868,7.215285778045654,11800,0.0,0.0
2024-09-04 00:00:00-04:00,7.2063781522412675,7.24200915913265,7.197470188140869,7.197470188140869,6300,0.0,0.0
2024-09-05 00:00:00-04:00,7.215284850289008,7.2330999258536135,7.188560962677002,7.188560962677002,3200,0.0,0.0
2024-09-06 00:00:00-04:00,7.215286116341667,7.215286116341667,7.18856222404047,7.197470188140869,5100,0.0,0.0
2024-09-09 00:00:00-04:00,7.2063781522412675,7.224193230931852,7.197470188140869,7.197470188140869,1100,0.0,0.0
2024-09-10 00:00:00-04:00,7.206376887751673,7.206376887751673,7.179653849649731,7.188560962677002,6300,0.0,0.0
2024-09-11 00:00:00-04:00,7.197468925214337,7.215284850289008,7.188560962677002,7.188560962677002,3300,0.0,0.0
2024-09-12 00:00:00-04:00,7.197470153678525,7.206378117736272,7.179655075073242,7.179655075073242,10800,0.0,0.0
2024-09-13 00:00:00-04:00,7.2331013679504395,7.2598244113802775,7.215286288833959,7.2331013679504395,6500,0.0,0.0
2024-09-16 00:00:00-04:00,7.287349568500828,7.287349568500828,7.142687256692494,7.26022481918335,17500,0.12,0.0
2024-09-17 00:00:00-04:00,7.2331007013938065,7.314473222244934,7.2150179668853776,7.296390056610107,11100,0.0,0.0
2024-09-18 00:00:00-04:00,7.29639028935383,7.314473455565483,7.26022481918335,7.26022481918335,3700,0.0,0.0
2024-09-19 00:00:00-04:00,7.287349975181448,7.296390696538981,7.278308391571045,7.278308391571045,600,0.0,0.0
2024-09-20 00:00:00-04:00,7.30543152719481,7.332555412977552,7.287349224090576,7.287349224090576,8300,0.0,0.0
2024-09-23 00:00:00-04:00,7.332556411401338,7.350639579220616,7.305432521925323,7.314474105834961,6100,0.0,0.0
2024-09-24 00:00:00-04:00,7.323515728243595,7.359681201819368,7.323515728243595,7.341598033905029,8600,0.0,0.0
2024-09-25 00:00:00-04:00,7.3325551816578525,7.3325551816578525,7.323514461517334,7.323514461517334,5000,0.0,0.0
2024-09-26 00:00:00-04:00,7.33255570035882,7.359680449457431,7.33255570035882,7.3506388664245605,10800,0.0,0.0
2024-09-27 00:00:00-04:00,7.368721928035084,7.413928985595703,7.368721928035084,7.413928985595703,8400,0.0,0.0
2024-09-30 00:00:00-04:00,7.395845756803293,7.395845756803293,7.359680287719408,7.368721008300781,17100,0.0,0.0
2024-10-01 00:00:00-04:00,7.404886407095219,7.404886407095219,7.386804103851318,7.386804103851318,6000,0.0,0.0
2024-10-02 00:00:00-04:00,7.368721923523632,7.368721923523632,7.341598033905028,7.341598033905029,4400,0.0,0.0
2024-10-03 00:00:00-04:00,7.368721373648028,7.377762956930488,7.359680652618408,7.359680652618408,1000,0.0,0.0
2024-10-04 00:00:00-04:00,7.350639069335949,7.368721373648028,7.350639069335949,7.359680652618408,3300,0.0,0.0
2024-10-07 00:00:00-04:00,7.341596764051126,7.368720648978193,7.323514461517334,7.323514461517334,3500,0.0,0.0
2024-10-08 00:00:00-04:00,7.350639069335949,7.368721373648028,7.350639069335949,7.359680652618408,5100,0.0,0.0
2024-10-09 00:00:00-04:00,7.359680287719408,7.368721008300781,7.359680287719408,7.368721008300781,1100,0.0,0.0
2024-10-10 00:00:00-04:00,7.368721923523632,7.368721923523632,7.341598033905028,7.341598033905029,3600,0.0,0.0
2024-10-11 00:00:00-04:00,7.341598033905028,7.341598033905028,7.341598033905028,7.341598033905029,600,0.0,0.0
2024-10-14 00:00:00-04:00,7.341597486053489,7.368721373648028,7.341597486053489,7.359680652618408,2100,0.0,0.0
2024-10-15 00:00:00-04:00,7.368722163916809,7.39584691667322,7.368722163916809,7.377763748168945,6300,0.0,0.0
2024-10-16 00:00:00-04:00,7.368721373648028,7.368721373648028,7.32351518174141,7.359680652618408,5600,0.0,0.0
2024-10-17 00:00:00-04:00,7.350638704885237,7.404886477384666,7.350638704885237,7.368721008300781,10100,0.0,0.0
2024-10-18 00:00:00-04:00,7.395845756803293,7.395845756803293,7.368721008300781,7.368721008300781,3000,0.0,0.0
2024-10-21 00:00:00-04:00,7.341597122051066,7.377762591134951,7.341597122051066,7.368721008300781,3700,0.0,0.0
2024-10-22 00:00:00-04:00,7.323515728243595,7.359681201819368,7.323515728243595,7.341598033905029,9100,0.0,0.0
2024-10-23 00:00:00-04:00,7.33255644994786,7.386805091437971,7.33255644994786,7.341598033905029,10200,0.0,0.0
2024-10-24 00:00:00-04:00,7.368721008300781,7.377762591134951,7.359680287719408,7.368721008300781,5100,0.0,0.0
2024-10-25 00:00:00-04:00,7.3687209383546275,7.386804103851318,7.3687209383546275,7.386804103851318,3100,0.0,0.0
2024-10-28 00:00:00-04:00,7.350639069335949,7.359680652618408,7.341597486053489,7.359680652618408,16300,0.0,0.0
2024-10-29 00:00:00-04:00,7.386804783302319,7.395846366882324,7.386804783302319,7.395846366882324,1400,0.0,0.0
2024-10-30 00:00:00-04:00,7.395845686599663,7.395845686599663,7.377762521102973,7.386804103851318,1800,0.0,0.0
2024-10-31 00:00:00-04:00,7.386805052606269,7.386805052606269,7.314474105834961,7.314474105834961,5300,0.0,0.0
2024-11-01 00:00:00-04:00,7.33255590277103,7.359680652618408,7.33255590277103,7.359680652618408,2300,0.0,0.0
2024-11-04 00:00:00-05:00,7.350638704885237,7.395845756803293,7.332555539216896,7.368721008300781,28800,0.0,0.0
2024-11-05 00:00:00-05:00,7.341597122051066,7.377762591134951,7.341597122051066,7.368721008300781,5200,0.0,0.0
2024-11-06 00:00:00-05:00,7.377762535157451,7.486258941585909,7.377762535157451,7.459135055541992,30800,0.0,0.0
2024-11-07 00:00:00-05:00,7.486259695473915,7.495301279149998,7.450094223022461,7.450094223022461,6700,0.0,0.0
2024-11-08 00:00:00-05:00,7.459134398452137,7.468175980421215,7.404885768890381,7.404885768890381,8700,0.0,0.0
2024-11-11 00:00:00-05:00,7.4048870882094615,7.4048870882094615,7.368721616142308,7.395846366882324,8300,0.0,0.0
2024-11-12 00:00:00-05:00,7.386804173969122,7.422969643053007,7.368721008300781,7.368721008300781,1800,0.0,0.0
2024-11-13 00:00:00-05:00,7.368721373648028,7.377762956930488,7.350639069335949,7.359680652618408,6800,0.0,0.0
2024-11-14 00:00:00-05:00,7.3506388664245605,7.377762753270356,7.341597283391691,7.3506388664245605,5100,0.0,0.0
2024-11-15 00:00:00-05:00,7.323515486959675,7.350639375684642,7.305432319641113,7.305432319641113,3300,0.0,0.0
2024-11-18 00:00:00-05:00,7.305432521925323,7.359681163130254,7.305432521925323,7.314474105834961,2200,0.0,0.0
2024-11-19 00:00:00-05:00,7.305431296730786,7.3325551816578525,7.305431296730786,7.323514461517334,1700,0.0,0.0
2024-11-20 00:00:00-05:00,7.305432319641113,7.359680959343923,7.305432319641113,7.305432319641113,800,0.0,0.0
2024-11-21 00:00:00-05:00,7.332555525626965,7.332555525626965,7.251183867028633,7.296390056610107,19500,0.0,0.0
2024-11-22 00:00:00-05:00,7.323514692551827,7.350638578334569,7.287349224090576,7.287349224090576,2300,0.0,0.0
2024-11-25 00:00:00-05:00,7.359680041632402,7.359680041632402,7.314472991225943,7.332555294036865,5100,0.0,0.0
2024-11-26 00:00:00-05:00,7.269266128540039,7.296390014583251,7.2602245457747046,7.269266128540039,15700,0.0,0.0
2024-11-27 00:00:00-05:00,7.33255570035882,7.3506388664245605,7.323514979578766,7.3506388664245605,8000,0.0,0.0
2024-11-29 00:00:00-05:00,7.341597486053489,7.359680652618408,7.341597486053489,7.359680652618408,3000,0.0,0.0
2024-12-02 00:00:00-05:00,7.341598033905028,7.350639617862198,7.341598033905028,7.341598033905029,1400,0.0,0.0
2024-12-03 00:00:00-05:00,7.341598033905028,7.341598033905028,7.341598033905028,7.341598033905029,0,0.0,0.0
2024-12-04 00:00:00-05:00,7.323514573757788,7.359680041632402,7.305431408694098,7.332555294036865,7700,0.0,0.0
2024-12-05 00:00:00-05:00,7.359680274079205,7.368720994643822,7.296390056610107,7.296390056610107,3800,0.0,0.0
2024-12-06 00:00:00-05:00,7.305431408694098,7.359680041632402,7.305431408694098,7.332555294036865,1300,0.0,0.0
2024-12-09 00:00:00-05:00,7.314473180113919,7.332555483391796,7.269266128540039,7.269266128540039,10800,0.0,0.0
2024-12-10 00:00:00-05:00,7.2059772545515495,7.350639579220616,7.2059772545515495,7.314474105834961,9000,0.0,0.0
2024-12-11 00:00:00-05:00,7.251184542191179,7.38680484806889,7.251184542191179,7.305432319641113,3900,0.0,0.0
2024-12-12 00:00:00-05:00,7.24214194448338,7.341596764051126,7.24214194448338,7.323514461517334,9300,0.0,0.0
2024-12-13 00:00:00-05:00,7.323514084260628,7.378578047287011,7.323514084260628,7.332691192626953,39900,0.12,0.0
2024-12-16 00:00:00-05:00,7.341869116804967,7.3877559738287975,7.323514461517334,7.323514461517334,36800,0.0,0.0
2024-12-17 00:00:00-05:00,7.341868738602756,7.369400501311208,7.3051594299185005,7.332691192626953,11300,0.0,0.0
2024-12-18 00:00:00-05:00,7.332691909707628,7.3602245503275165,7.3051601443067815,7.314337253570557,12600,0.0,0.0
2024-12-19 00:00:00-05:00,7.351046765074954,7.424465387242425,7.250095940789927,7.295982360839844,101200,0.0,0.0
2024-12-20 00:00:00-05:00,7.378578429355801,7.497883907562104,7.277627606442043,7.286805152893066,19300,0.0,0.0
2024-12-23 00:00:00-05:00,7.295981883883307,7.415287355910905,7.295981883883307,7.369400501251221,14800,0.0,0.0
2024-12-24 00:00:00-05:00,7.295983106010064,7.396934378215187,7.295983106010064,7.351047515869141,6900,0.0,0.0
2024-12-26 00:00:00-05:00,7.36022424697876,7.36022424697876,7.332691607493618,7.36022424697876,7100,0.0,0.0
2024-12-27 00:00:00-05:00,7.3235153109396025,7.4061110505091134,7.3235153109396025,7.351047515869141,14400,0.0,0.0
2024-12-30 00:00:00-05:00,7.332691607493618,7.451997086272215,7.323514498608074,7.36022424697876,14800,0.0,0.0
2024-12-31 00:00:00-05:00,7.332691607493618,7.369400918254801,7.332691607493618,7.36022424697876,1100,0.0,0.0
2025-01-02 00:00:00-05:00,7.396933756355263,7.406110427877707,7.351046897866922,7.3785786628723145,21300,0.0,0.0
2025-01-03 00:00:00-05:00,7.3418694883105005,7.39693389456921,7.3418694883105005,7.38775634765625,9900,0.0,0.0
2025-01-06 00:00:00-05:00,7.3694012463069765,7.461174964904785,7.3694012463069765,7.461174964904785,48400,0.0,0.0
2025-01-07 00:00:00-05:00,7.46117373243781,7.46117373243781,7.442818641662598,7.442818641662598,3700,0.0,0.0
2025-01-08 00:00:00-05:00,7.442820008469781,7.470352649688721,7.442820008469781,7.470352649688721,2000,0.0,0.0
2025-01-10 00:00:00-05:00,7.497884141697007,7.497884141697007,7.406110424758974,7.415287971496582,15300,0.0,0.0
2025-01-13 00:00:00-05:00,7.387756476470024,7.470352649688721,7.378578929397044,7.470352649688721,23100,0.0,0.0
2025-01-14 00:00:00-05:00,7.479529523702025,7.479529523702025,7.406110895571923,7.451997756958008,21300,0.0,0.0
2025-01-15 00:00:00-05:00,7.461174964904785,7.461174964904785,7.461174964904785,7.461174964904785,300,0.0,0.0
2025-01-16 00:00:00-05:00,7.47952918349292,7.497884277300099,7.451997418001195,7.461174964904785,17400,0.0,0.0
2025-01-17 00:00:00-05:00,7.479528427124023,7.479528427124023,7.461174210391962,7.479528427124023,700,0.0,0.0
2025-01-21 00:00:00-05:00,7.479528427124023,7.488705973099532,7.461174210391962,7.479528427124023,3100,0.0,0.0
2025-01-22 00:00:00-05:00,7.52541617722901,7.52541617722901,7.479529317110364,7.507061958312988,12100,0.0,0.0
2025-01-23 00:00:00-05:00,7.488706250376578,7.525415560418856,7.470352032964933,7.4978837966918945,20300,0.0,0.0
2025-01-24 00:00:00-05:00,7.497883320766834,7.552946844725622,7.488705775034059,7.534592628479004,40000,0.0,0.0
2025-01-27 00:00:00-05:00,7.5162386257507885,7.552947938780352,7.470352640878129,7.543771266937256,13200,0.0,0.0
2025-01-28 00:00:00-05:00,7.488706864177905,7.52541617722901,7.488706864177905,7.507061958312988,19200,0.0,0.0
2025-01-29 00:00:00-05:00,7.497883519075041,7.516237735807101,7.461174210391962,7.479528427124023,29600,0.0,0.0
2025-01-30 00:00:00-05:00,7.497883320766834,7.552946844725622,7.479528229301283,7.534592628479004,9700,0.0,0.0
2025-01-31 00:00:00-05:00,7.562124590406519,7.562124590406519,7.516237735748291,7.516237735748291,4100,0.0,0.0
2025-02-03 00:00:00-05:00,7.5437712713640925,7.5437712713640925,7.479529317110364,7.507061958312988,22600,0.0,0.0
2025-02-04 00:00:00-05:00,7.534592628479004,7.534592628479004,7.525415082746228,7.534592628479004,10300,0.0,0.0
2025-02-05 00:00:00-05:00,7.516237537013453,7.562124390458398,7.516237537013453,7.534592628479004,4300,0.0,0.0
2025-02-06 00:00:00-05:00,7.525416172812944,7.543771266937256,7.5162386257507885,7.543771266937256,10800,0.0,0.0
2025-02-07 00:00:00-05:00,7.525416172812944,7.543771266937256,7.497884406845537,7.543771266937256,7200,0.0,0.0
2025-02-10 00:00:00-05:00,7.525415695066223,7.58965764520389,7.525415695066223,7.580480098724365,14000,0.0,0.0
2025-02-11 00:00:00-05:00,7.571302550182514,7.617189407348633,7.571302550182514,7.617189407348633,8000,0.0,0.0
2025-02-12 00:00:00-05:00,7.55294826076747,7.6630770797700825,7.55294826076747,7.644721984863281,3400,0.0,0.0
2025-02-13 00:00:00-05:00,7.635544240967939,7.644721788185226,7.61719002175244,7.626367568969727,54800,0.0,0.0
2025-02-14 00:00:00-05:00,7.6171894052937095,7.66307626244745,7.6171894052937095,7.6538987159729,300100,0.0,0.0
2025-02-18 00:00:00-05:00,7.6814311018353,7.6814311018353,7.61719002175244,7.626367568969727,13000,0.0,0.0
2025-02-19 00:00:00-05:00,7.635544437409881,7.644721984863281,7.608012670268776,7.644721984863281,7100,0.0,0.0
2025-02-20 00:00:00-05:00,7.653899330382726,7.663076877593994,7.626367563967996,7.663076877593994,20600,0.0,0.0
2025-02-21 00:00:00-05:00,7.644721169498352,7.690608026652092,7.644721169498352,7.6538987159729,8300,0.0,0.0
2025-02-24 00:00:00-05:00,7.663076877593994,7.663076877593994,7.626367563967996,7.663076877593994,11400,0.0,0.0
2025-02-25 00:00:00-05:00,7.626366951768258,7.66307626244745,7.626366951768258,7.6538987159729,1900,0.0,0.0
2025-02-26 00:00:00-05:00,7.65389891667259,7.6630764633877915,7.6355438232421875,7.6355438232421875,6300,0.0,0.0
2025-02-27 00:00:00-05:00,7.653899335402513,7.653899335402513,7.626367568969727,7.626367568969727,1000,0.0,0.0
2025-02-28 00:00:00-05:00,7.690608363526947,7.690608363526947,7.63554395748665,7.681430816650391,9800,0.0,0.0
2025-03-03 00:00:00-05:00,7.708962863212186,7.708962863212186,7.653899330382726,7.663076877593994,3700,0.0,0.0
2025-03-04 00:00:00-05:00,7.681431096797455,7.708962863212186,7.6355442359601895,7.663076877593994,2500,0.0,0.0
2025-03-05 00:00:00-05:00,7.690608026652092,7.690608026652092,7.644721169498352,7.6538987159729,4500,0.0,0.0
2025-03-06 00:00:00-05:00,7.690608644008724,7.690608644008724,7.6355442359601895,7.663076877593994,7500,0.0,0.0
2025-03-07 00:00:00-05:00,7.699785573126641,7.699785573126641,7.626366951768258,7.6538987159729,2100,0.0,0.0
2025-03-10 00:00:00-04:00,7.644721366950706,7.672253131866455,7.6263671487465485,7.672253131866455,12500,0.0,0.0
2025-03-11 00:00:00-04:00,7.653899335402513,7.653899335402513,7.61719002175244,7.626367568969727,5100,0.0,0.0
2025-03-12 00:00:00-04:00,7.6171900167567275,7.663076877593994,7.6171900167567275,7.663076877593994,900,0.0,0.0
2025-03-13 00:00:00-04:00,7.690608649052587,7.690608649052587,7.626367568969727,7.626367568969727,5300,0.0,0.0
2025-03-14 00:00:00-04:00,7.580480903127672,7.6630770797700825,7.580480903127672,7.644721984863281,22000,0.0,0.0
2025-03-17 00:00:00-04:00,7.69127893447876,7.775082355606851,7.69127893447876,7.69127893447876,13000,0.12,0.0
2025-03-18 00:00:00-04:00,7.672656375658955,7.737837314605713,7.672656375658955,7.737837314605713,2400,0.0,0.0
2025-03-19 00:00:00-04:00,7.737836045863407,7.737836045863407,7.654032629538199,7.66334342956543,10000,0.0,0.0
2025-03-20 00:00:00-04:00,7.6633443700836406,7.672656059265137,7.6540335689137,7.672656059265137,5300,0.0,0.0
2025-03-21 00:00:00-04:00,7.691278947040921,7.691278947040921,7.654033080702213,7.681967258453369,6900,0.0,0.0
2025-03-24 00:00:00-04:00,7.719213617161064,7.719213617161064,7.6633443700836406,7.672656059265137,11300,0.0,0.0
2025-03-25 00:00:00-04:00,7.700591352280502,7.775083091890457,7.663344594463942,7.756459712982178,19400,0.0,0.0
2025-03-26 00:00:00-04:00,7.737837355373156,7.737837355373156,7.672656416082987,7.709902286529541,4200,0.0,0.0
2025-03-27 00:00:00-04:00,7.6819666685648125,7.719212532043457,7.6819666685648125,7.719212532043457,2800,0.0,0.0
2025-03-28 00:00:00-04:00,7.691278445686422,7.728524309597264,7.68196675770585,7.700590133666992,8400,0.0,0.0
2025-03-31 00:00:00-04:00,7.691279437628131,7.737836995524058,7.6540335689137,7.672656059265137,13000,0.0,0.0
2025-04-01 00:00:00-04:00,7.7005906356284735,7.7005906356284735,7.672655569865817,7.681967258453369,6000,0.0,0.0
2025-04-02 00:00:00-04:00,7.672655557334073,7.728524800756634,7.66334386876173,7.69127893447876,14000,0.0,0.0
2025-04-03 00:00:00-04:00,7.681967840757277,7.737837088506057,7.654033660888672,7.654033660888672,7000,0.0,0.0
2025-04-04 00:00:00-04:00,7.654033698497723,7.700591257181878,7.179148198340179,7.328131675720215,21200,0.0,0.0
2025-04-07 00:00:00-04:00,7.365377426147461,7.74714780277282,7.328131557403806,7.365377426147461,5400,0.0,0.0
2025-04-08 00:00:00-04:00,7.374689174719407,7.700591194859319,7.346754550933838,7.346754550933838,5000,0.0,0.0
2025-04-09 00:00:00-04:00,7.3467548340959,7.52367294087461,7.33744358847902,7.411935329437256,5900,0.0,0.0
2025-04-10 00:00:00-04:00,7.47711537743984,7.570230497601927,7.449181196595853,7.560918807983398,2700,0.0,0.0
2025-04-11 00:00:00-04:00,7.523672650893687,7.560918519937258,7.318820371154051,7.346754550933838,10700,0.0,0.0
2025-04-14 00:00:00-04:00,7.421245984763768,7.458492296286091,7.272262514697531,7.2908854484558105,43000,0.0,0.0
2025-04-15 00:00:00-04:00,7.328131557403806,7.402623294891117,7.328131557403806,7.365377426147461,15700,0.0,0.0
2025-04-16 00:00:00-04:00,7.346754374352177,7.458492422803008,7.346754374352177,7.402623176574707,6500,0.0,0.0
2025-04-17 00:00:00-04:00,7.374689102172852,7.393312036511438,7.356066167834265,7.374689102172852,6000,0.0,0.0
2025-04-21 00:00:00-04:00,7.365376879063607,7.402622745040722,7.365376879063607,7.393311500549316,7200,0.0,0.0
2025-04-22 00:00:00-04:00,7.421246575054135,7.421246575054135,7.402623639814577,7.411935329437256,5700,0.0,0.0
2025-04-23 00:00:00-04:00,7.467804326406161,7.64472198319111,7.4584926370986455,7.495738506317139,7000,0.0,0.0
2025-04-24 00:00:00-04:00,7.430557091844574,7.542295129651099,7.430557091844574,7.477114200592041,500,0.0,0.0
2025-04-25 00:00:00-04:00,7.46780420864277,7.5609184362148545,7.46780420864277,7.532984256744385,2600,0.0,0.0
2025-04-28 00:00:00-04:00,7.542294901586602,7.551605701446533,7.523671525843875,7.551605701446533,2100,0.0,0.0
2025-04-29 00:00:00-04:00,7.523672194892686,7.523672194892686,7.467803838719229,7.505049705505371,8600,0.0,0.0
2025-04-30 00:00:00-04:00,7.523671639030737,7.523671639030737,7.505049151019283,7.514359951019287,5200,0.0,0.0
2025-05-01 00:00:00-04:00,7.505050090376686,7.532984269895926,7.477115022845892,7.523672580718994,5200,0.0,0.0
2025-05-02 00:00:00-04:00,7.560918807983398,7.560918807983398,7.5236729375208835,7.560918807983398,6100,0.0,0.0
2025-05-05 00:00:00-04:00,7.532984375535631,7.5888527353575865,7.495738506317139,7.495738506317139,1100,0.0,0.0
2025-05-06 00:00:00-04:00,7.514361116601662,7.579542054780836,7.458492755889893,7.458492755889893,18100,0.0,0.0
2025-05-07 00:00:00-04:00,7.4678045758329095,7.560918807983398,7.4678045758329095,7.560918807983398,2800,0.0,0.0
2025-05-08 00:00:00-04:00,7.5981645584106445,7.5981645584106445,7.532984508133852,7.5981645584106445,8700,0.0,0.0
2025-05-09 00:00:00-04:00,7.598164531584333,7.626098711888392,7.598164531584333,7.616787910461426,3800,0.0,0.0
2025-05-12 00:00:00-04:00,7.700591126809627,7.700591126809627,7.61678770019927,7.672656059265137,5100,0.0,0.0
2025-05-13 00:00:00-04:00,7.719213976144079,7.719213976144079,7.691279795312063,7.709902286529541,10900,0.0,0.0
2025-05-14 00:00:00-04:00,7.681967748446634,7.681967748446634,7.6540335689137,7.672656059265137,1000,0.0,0.0
2025-05-15 00:00:00-04:00,7.663344488803578,7.663344488803578,7.635410308837891,7.635410308837891,1700,0.0,0.0
2025-05-16 00:00:00-04:00,7.654033660888672,7.654033660888672,7.654033660888672,7.654033660888672,500,0.0,0.0
2025-05-19 00:00:00-04:00,7.681967130753687,7.728524684906006,7.672655442320926,7.728524684906006,7600,0.0,0.0
2025-05-20 00:00:00-04:00,7.6354092534608435,7.66334342956543,7.6354092534608435,7.66334342956543,400,0.0,0.0
2025-05-21 00:00:00-04:00,7.6540340391423385,7.8216400146484375,7.626098969881646,7.8216400146484375,49300,0.0,0.0
2025-05-22 00:00:00-04:00,7.793705090757718,7.821639269345025,7.76577091217041,7.76577091217041,2400,0.0,0.0
2025-05-23 00:00:00-04:00,7.793705463409424,7.803017152720934,7.7750829727979704,7.793705463409424,9200,0.0,0.0
2025-05-27 00:00:00-04:00,7.709901576513815,7.821639177563405,7.6354098424807555,7.784393310546875,9900,0.0,0.0
2025-05-28 00:00:00-04:00,7.793705463409424,7.8588855125668635,7.7750829727979704,7.793705463409424,17500,0.0,0.0
2025-05-29 00:00:00-04:00,7.765770795702669,7.803016662597656,7.765770795702669,7.803016662597656,7000,0.0,0.0
2025-05-30 00:00:00-04:00,7.803016662597656,7.803016662597656,7.793704973871031,7.803016662597656,4300,0.0,0.0
2025-06-02 00:00:00-04:00,7.784392661457809,7.803016037418952,7.68196675770585,7.700590133666992,8900,0.0,0.0
2025-06-03 00:00:00-04:00,7.737837314605713,7.803017365540877,7.700591444355391,7.737837314605713,7200,0.0,0.0
2025-06-04 00:00:00-04:00,7.78439340189144,7.78439340189144,7.747147534437855,7.76577091217041,3700,0.0,0.0
2025-06-05 00:00:00-04:00,7.7843937740979126,7.793705463409424,7.756459594174948,7.793705463409424,1100,0.0,0.0
2025-06-06 00:00:00-04:00,7.793705463409424,7.803017152720934,7.793705463409424,7.793705463409424,2300,0.0,0.0
2025-06-09 00:00:00-04:00,7.7750829727979704,7.793705463409424,7.719213724940473,7.793705463409424,3400,0.0,0.0
2025-06-10 00:00:00-04:00,7.76577091217041,7.76577091217041,7.756459223304133,7.76577091217041,10100,0.0,0.0
2025-06-11 00:00:00-04:00,7.756459594174948,7.803017152720934,7.756459594174948,7.793705463409424,4900,0.0,0.0
2025-06-12 00:00:00-04:00,7.747147560119629,7.79370511659383,7.747147560119629,7.747147560119629,7100,0.0,0.0
2025-06-13 00:00:00-04:00,7.803833579711204,7.917206353384146,7.747146742371378,7.813281536102295,18400,0.12,0.0
2025-06-16 00:00:00-04:00,7.832176645172925,7.879415526708486,7.7093559135831535,7.775489807128906,26300,0.0,0.0
2025-06-17 00:00:00-04:00,7.784938371155322,7.898311155083976,7.747147443179103,7.841625213623047,6800,0.0,0.0
2025-06-18 00:00:00-04:00,7.813281673226175,7.832176685333252,7.775489846998565,7.832176685333252,10800,0.0,0.0
2025-06-20 00:00:00-04:00,7.869968891143799,7.9172077806082255,7.860520933049539,7.869968891143799,17200,0.0,0.0
2025-06-23 00:00:00-04:00,7.917207395290218,7.917207395290218,7.841625536228336,7.879416465759277,13400,0.0,0.0
2025-06-24 00:00:00-04:00,7.9077598859083436,7.917207844078345,7.81328300722897,7.82273006439209,31500,0.0,0.0
2025-06-25 00:00:00-04:00,7.8510731708687995,7.8605202271077586,7.841625213623047,7.841625213623047,4600,0.0,0.0
2025-06-26 00:00:00-04:00,7.8321775785938925,7.879416465759277,7.8321775785938925,7.879416465759277,3400,0.0,0.0
2025-06-27 00:00:00-04:00,7.822729713991137,7.888864517211914,7.813282657251176,7.888864517211914,8100,0.0,0.0
2025-06-30 00:00:00-04:00,7.907759437655775,7.917207395290218,7.813282564331838,7.879416465759277,26300,0.0,0.0
2025-07-01 00:00:00-04:00,7.898311138153076,7.917207052604077,7.8888640819343685,7.898311138153076,6400,0.0,0.0
2025-07-02 00:00:00-04:00,7.917207645429742,7.917207645429742,7.822729868114004,7.851073741912842,16900,0.0,0.0
2025-07-03 00:00:00-04:00,7.879416141599265,7.888864098845018,7.832177256377293,7.841625213623047,14100,0.0,0.0
2025-07-07 00:00:00-04:00,7.841624641890155,7.888863523667939,7.7943857601123705,7.832176685333252,7100,0.0,0.0
2025-07-08 00:00:00-04:00,7.860520996065215,7.860520996065215,7.803835049058968,7.82273006439209,6600,0.0,0.0
2025-07-09 00:00:00-04:00,7.860520362854003,7.869968320262917,7.8510733064519,7.860520362854004,4300,0.0,0.0
2025-07-10 00:00:00-04:00,7.860520798838928,7.907759687496797,7.83217782604695,7.851073741912842,11600,0.0,0.0
2025-07-11 00:00:00-04:00,7.813281536102295,7.869967472435409,7.784937666929025,7.813281536102295,9800,0.0,0.0
2025-07-14 00:00:00-04:00,7.794386328401075,7.841625213623047,7.699908557957132,7.841625213623047,5700,0.0,0.0
2025-07-15 00:00:00-04:00,7.813282811187918,7.888864672637765,7.766043922530049,7.851073741912842,14800,0.0,0.0
2025-07-16 00:00:00-04:00,7.879416312263598,7.91720724105835,7.860520397362815,7.91720724105835,11400,0.0,0.0
2025-07-17 00:00:00-04:00,7.879416693726355,7.917207624350662,7.879416693726355,7.907759666442871,8100,0.0,0.0
2025-07-18 00:00:00-04:00,7.917207052604077,7.917207052604077,7.8888640819343685,7.898311138153076,8900,0.0,0.0
2025-07-21 00:00:00-04:00,7.917207624350662,7.917207624350662,7.888864651634146,7.907759666442871,10200,0.0,0.0
2025-07-22 00:00:00-04:00,7.917207624350662,7.945550597067178,7.89831170853508,7.907759666442871,9100,0.0,0.0
2025-07-23 00:00:00-04:00,7.936102254952318,7.936102254952318,7.907759283607958,7.91720724105835,6600,0.0,0.0
2025-07-24 00:00:00-04:00,7.936102867126465,7.936102867126465,7.907759893595788,7.936102867126465,4800,0.0,0.0
2025-07-25 00:00:00-04:00,7.888864269713989,7.936102254952318,7.888864269713989,7.91720724105835,5700,0.0,0.0
2025-07-28 00:00:00-04:00,7.93610219567061,7.983341081562885,7.93610219567061,7.964446067810059,20600,0.0,0.0
2025-07-29 00:00:00-04:00,7.983342196366279,7.983342196366279,7.898312370087881,7.926656246185303,13800,0.0,0.0
2025-07-30 00:00:00-04:00,7.9361022201116915,7.9361022201116915,7.860520362854003,7.860520362854004,19100,0.0,0.0
2025-07-31 00:00:00-04:00,7.888864235080744,7.9361022201116915,7.8510733064519,7.860520362854004,10500,0.0,0.0
2025-08-01 00:00:00-04:00,7.756595134735107,7.8132819752611145,7.756595134735107,7.756595134735107,17500,0.0,0.0
2025-08-04 00:00:00-04:00,7.813282242892582,7.879416141599265,7.803834285646828,7.841625213623047,16800,0.0,0.0
2025-08-05 00:00:00-04:00,7.860520550490391,7.88886442339372,7.860520550490391,7.879416465759277,4900,0.0,0.0
2025-08-06 00:00:00-04:00,7.90775911232973,7.936102083060195,7.82272929913154,7.841625213623047,15500,0.0,0.0
2025-08-07 00:00:00-04:00,7.8794165594651115,7.926655447192283,7.8794165594651115,7.888864517211914,5500,0.0,0.0
2025-08-08 00:00:00-04:00,7.926655009829577,7.926655009829577,7.879416124708868,7.898311138153076,1100,0.0,0.0
2025-08-11 00:00:00-04:00,7.879416693726355,7.917207624350662,7.879416693726355,7.907759666442871,5800,0.0,0.0
2025-08-12 00:00:00-04:00,7.7849389373890805,7.879416714704819,7.7849389373890805,7.851073741912842,34700,0.0,0.0
2025-08-13 00:00:00-04:00,7.879416124708868,7.936102066048285,7.860520210257866,7.898311138153076,8500,0.0,0.0
2025-08-14 00:00:00-04:00,7.926655738702486,7.93610279578987,7.860520933049539,7.869968891143799,13500,0.0,0.0
2025-08-15 00:00:00-04:00,7.879416693726355,7.926655582258453,7.879416693726355,7.907759666442871,8200,0.0,0.0
2025-08-18 00:00:00-04:00,7.898312370087881,7.93610330387751,7.898312370087881,7.926656246185303,7800,0.0,0.0
2025-08-19 00:00:00-04:00,7.917207624350662,7.936102639159387,7.888864651634146,7.907759666442871,5000,0.0,0.0
2025-08-20 00:00:00-04:00,7.917207316273617,7.983341217041016,7.917207316273617,7.983341217041016,20300,0.0,0.0
2025-08-21 00:00:00-04:00,7.96444597362551,8.030579872488536,7.936102101821246,7.954998016357422,21100,0.0,0.0
2025-08-22 00:00:00-04:00,7.96444620296754,7.992789174581165,7.954998245427391,7.983341217041016,11400,0.0,0.0
2025-08-25 00:00:00-04:00,8.030579967455159,8.030579967455159,7.964446067810059,7.964446067810059,10900,0.0,0.0
2025-08-26 00:00:00-04:00,7.983341217041016,7.983341217041016,7.9738932595008665,7.983341217041016,4700,0.0,0.0
2025-08-27 00:00:00-04:00,8.011683653138308,8.040027523864197,8.00223659723644,8.030579566955566,8200,0.0,0.0
2025-08-28 00:00:00-04:00,8.00223659723644,8.040027523864197,7.992788640327811,8.030579566955566,20200,0.0,0.0
2025-08-29 00:00:00-04:00,8.040027754287141,8.068370724818562,8.03057979710774,8.05892276763916,13300,0.0,0.0
2025-09-02 00:00:00-04:00,8.068369727202262,8.087265639224675,8.049474716186523,8.049474716186523,7400,0.0,0.0
2025-09-03 00:00:00-04:00,8.08726692199707,8.115609893519672,8.04947599296466,8.08726692199707,11900,0.0,0.0
2025-09-04 00:00:00-04:00,8.087266827944363,8.115609799137346,8.077818870544434,8.077818870544434,10200,0.0,0.0
2025-09-05 00:00:00-04:00,8.125058308288096,8.162849239447288,8.106162392205066,8.143953323364258,28900,0.0,0.0
2025-09-08 00:00:00-04:00,8.143952275062665,8.153400231888027,8.134504318237305,8.134504318237305,16400,0.0,0.0
2025-09-09 00:00:00-04:00,8.143952275062665,8.143952275062665,8.125057262418698,8.134504318237305,26000,0.0,0.0
2025-09-10 00:00:00-04:00,8.08726633612401,8.143952275062665,8.08726633612401,8.134504318237305,23900,0.0,0.0
2025-09-11 00:00:00-04:00,8.143953095003589,8.143953095003589,8.106162164904074,8.115610122680664,21900,0.0,0.0
2025-09-12 00:00:00-04:00,8.143953323364258,8.143953323364258,8.125058308288096,8.143953323364258,16100,0.0,0.0
2025-09-15 00:00:00-04:00,8.143953095003589,8.143953095003589,8.106162164904074,8.115610122680664,21900,0.0,0.0
2025-09-16 00:00:00-04:00,8.240170950478188,8.240170950478188,8.106028309671936,8.115610122680664,17400,0.12,0.0
2025-09-17 00:00:00-04:00,8.1156104465797,8.163518599763405,8.067702293395996,8.067702293395996,25800,0.0,0.0
2025-09-18 00:00:00-04:00,8.086865006406265,8.163518599763405,8.067702293395996,8.067702293395996,15100,0.0,0.0
2025-09-19 00:00:00-04:00,8.067701268227012,8.125190313724664,8.067701268227012,8.106027603149414,13200,0.0,0.0
2025-09-22 00:00:00-04:00,8.106027071869665,8.134771592734536,8.106027071869665,8.125189781188965,11600,0.0,0.0
2025-09-23 00:00:00-04:00,8.144355278139324,8.192263433118082,8.144355278139324,8.163518905639648,24800,0.0,0.0
2025-09-24 00:00:00-04:00,8.173098777757644,8.221006926711409,8.077283393622052,8.201844215393066,11000,0.0,0.0
2025-09-25 00:00:00-04:00,8.230589639962714,8.230589639962714,8.096446990966797,8.096446990966797,21700,0.0,0.0
2025-09-26 00:00:00-04:00,8.153937091889485,8.192263433118082,8.144355278139324,8.163518905639648,7000,0.0,0.0
2025-09-29 00:00:00-04:00,8.048538684772414,8.173099517822266,8.048538684772414,8.173099517822266,4000,0.0,0.0
2025-09-30 00:00:00-04:00,8.182680836702461,8.201844462369804,8.17309902386879,8.192262649536133,19500,0.0,0.0
2025-10-01 00:00:00-04:00,8.201844709924956,8.201844709924956,8.153936558082558,8.1826810836792,5000,0.0,0.0
2025-10-02 00:00:00-04:00,8.192263144647791,8.201844958060553,8.163518618181524,8.173099517822266,11400,0.0,0.0
2025-10-03 00:00:00-04:00,8.153936311973412,8.192262649536133,8.153936311973412,8.192262649536133,5300,0.0,0.0
2025-10-06 00:00:00-04:00,8.1826810836792,8.201844709924956,8.153936558082558,8.1826810836792,17000,0.0,0.0
2025-10-07 00:00:00-04:00,8.201844958060553,8.201844958060553,8.163518618181524,8.173099517822266,15800,0.0,0.0
2025-10-08 00:00:00-04:00,8.201844462369804,8.201844462369804,8.17309902386879,8.192262649536133,9600,0.0,0.0
2025-10-09 00:00:00-04:00,8.201845246868245,8.201845246868245,8.163518905639648,8.163518905639648,8000,0.0,0.0
2025-10-10 00:00:00-04:00,8.201843897341373,8.201843897341373,8.106027603149414,8.106027603149414,21700,0.0,0.0
2025-10-13 00:00:00-04:00,8.240171026822518,8.240171026822518,8.07728385925293,8.07728385925293,2600,0.0,0.0
2025-10-14 00:00:00-04:00,8.173097925144981,8.211424257555425,8.125189781188965,8.125189781188965,14300,0.0,0.0
2025-10-15 00:00:00-04:00,8.23058913746946,8.240170950478188,8.115610122680664,8.115610122680664,16700,0.0,0.0
2025-10-16 00:00:00-04:00,8.163518618181524,8.18268133123503,8.144354991355998,8.173099517822266,8700,0.0,0.0
2025-10-17 00:00:00-04:00,8.153935925479207,8.173098636466278,8.086864152594655,8.134772300720215,10200,0.0,0.0
2025-10-20 00:00:00-04:00,8.134772834926139,8.17309917318907,8.096446496663207,8.115610122680664,9500,0.0,0.0
2025-10-21 00:00:00-04:00,8.144353866577148,8.153935678666612,8.134772054487685,8.144353866577148,4200,0.0,0.0
2025-10-22 00:00:00-04:00,8.173099672172453,8.18268148576617,8.096446990966797,8.096446990966797,8900,0.0,0.0
2025-10-23 00:00:00-04:00,8.096446990966797,8.144355145163342,8.096446990966797,8.096446990966797,5300,0.0,0.0
2025-10-24 00:00:00-04:00,8.144353866577148,8.173098389073644,8.134772054487685,8.144353866577148,5000,0.0,0.0
2025-10-27 00:00:00-04:00,8.173099805617758,8.182681619367921,8.163518905639648,8.163518905639648,10200,0.0,0.0
2025-10-28 00:00:00-04:00,8.125190808692702,8.182680771464415,8.019793609678514,8.086864471435547,27400,0.0,0.0
2025-10-29 00:00:00-04:00,8.106027071869665,8.173097925144981,8.06770073945922,8.125189781188965,16100,0.0,0.0
2025-10-30 00:00:00-04:00,8.14435362063397,8.163517244234194,8.125189997033747,8.153935432434082,11900,0.0,0.0
2025-10-31 00:00:00-04:00,8.173098142262438,8.173098142262438,8.125189997033747,8.153935432434082,6200,0.0,0.0
2025-11-03 00:00:00-05:00,8.17309917318907,8.17309917318907,8.106028309671936,8.115610122680664,16500,0.0,0.0
2025-11-04 00:00:00-05:00,8.106028309671936,8.153936460943596,8.106028309671936,8.115610122680664,5200,0.0,0.0
2025-11-05 00:00:00-05:00,8.125190242398222,8.144353866577148,8.125190242398222,8.144353866577148,2700,0.0,0.0
2025-11-06 00:00:00-05:00,8.134771592734536,8.15393521582568,8.096445260324092,8.125189781188965,4800,0.0,0.0
2025-11-07 00:00:00-05:00,8.125189997033747,8.163517244234194,8.125189997033747,8.153935432434082,5200,0.0,0.0
2025-11-10 00:00:00-05:00,8.163518273952326,8.163518273952326,8.096446496663207,8.115610122680664,15900,0.0,0.0
2025-11-11 00:00:00-05:00,8.134772054487685,8.153935678666612,8.134772054487685,8.144353866577148,29000,0.0,0.0
2025-11-12 00:00:00-05:00,8.153937091889485,8.163518905639648,8.153937091889485,8.163518905639648,6800,0.0,0.0
2025-11-13 00:00:00-05:00,8.134773177943236,8.173099517822266,8.106028651476969,8.173099517822266,3900,0.0,0.0
2025-11-14 00:00:00-05:00,8.14435411309971,8.153935925479207,8.05811962922809,8.134772300720215,3700,0.0,0.0
2025-11-17 00:00:00-05:00,8.086863663605168,8.163517244234194,8.086863663605168,8.153935432434082,5900,0.0,0.0
2025-11-18 00:00:00-05:00,8.144353866577148,8.144353866577148,8.125190242398222,8.144353866577148,2300,0.0,0.0
2025-11-19 00:00:00-05:00,8.163517244234194,8.163517244234194,8.14435362063397,8.153935432434082,6200,0.0,0.0
2025-11-20 00:00:00-05:00,8.173099805617758,8.173099805617758,8.134773464389161,8.163518905639648,3200,0.0,0.0
2025-11-21 00:00:00-05:00,8.173098636466278,8.173098636466278,8.134772300720215,8.134772300720215,6400,0.0,0.0
2025-11-24 00:00:00-05:00,8.125191364530473,8.173099517822266,8.125191364530473,8.173099517822266,7200,0.0,0.0
2025-11-25 00:00:00-05:00,8.173099805617758,8.182681619367921,8.125191650638998,8.163518905639648,9900,0.0,0.0
2025-11-26 00:00:00-05:00,8.134772300720215,8.19226226122527,8.134772300720215,8.134772300720215,19900,0.0,0.0
2025-11-28 00:00:00-05:00,8.153936311973412,8.221007174265182,8.153936311973412,8.192262649536133,3300,0.0,0.0
2025-12-01 00:00:00-05:00,8.221007347106934,8.221007347106934,8.182681008738426,8.221007347106934,10300,0.0,0.0
2025-12-02 00:00:00-05:00,8.201844612215256,8.22100732446073,8.115610122680664,8.115610122680664,17800,0.0,0.0
2025-12-03 00:00:00-05:00,8.163518772350775,8.163518772350775,8.077284277551401,8.096446990966797,14700,0.0,0.0
2025-12-04 00:00:00-05:00,8.125191021917411,8.134772834926139,8.058120158400275,8.115610122680664,5100,0.0,0.0
2025-12-05 00:00:00-05:00,8.106028309671936,8.134772834926139,8.106028309671936,8.115610122680664,5600,0.0,0.0
2025-12-08 00:00:00-05:00,8.096446593117284,8.1826810836792,8.096446593117284,8.1826810836792,6200,0.0,0.0
2025-12-09 00:00:00-05:00,8.173097925144981,8.211424257555425,8.125189781188965,8.125189781188965,12400,0.0,0.0
2025-12-10 00:00:00-05:00,8.173099270556321,8.201844709924956,8.163518371205436,8.1826810836792,3500,0.0,0.0
2025-12-11 00:00:00-05:00,8.106027917485536,8.23058873925655,8.106027917485536,8.201844215393066,9300,0.0,0.0
2025-12-12 00:00:00-05:00,8.153255224135982,8.328175437832803,8.153255224135982,8.172690391540527,5500,0.12,0.0
2025-12-15 00:00:00-05:00,8.162972634006808,8.299022517720392,8.162972634006808,8.230998039245605,5600,0.0,0.0
2025-12-16 00:00:00-05:00,8.21156194438766,8.230998039245605,8.201843896958687,8.230998039245605,6500,0.0,0.0
2025-12-17 00:00:00-05:00,8.201844289280007,8.279587745666504,8.201844289280007,8.279587745666504,5300,0.0,0.0
2025-12-18 00:00:00-05:00,8.230997695119775,8.289304123727883,8.230997695119775,8.260150909423828,10000,0.0,0.0
2025-12-19 00:00:00-05:00,8.279587163250973,8.289304283697199,8.104666020523025,8.162972450256348,47300,0.0,0.0
2025-12-22 00:00:00-05:00,8.192126988080865,8.279587563674673,8.182408940400656,8.211562156677246,16100,0.0,0.0
2025-12-23 00:00:00-05:00,8.230997190714252,8.26015040323176,8.1921259317696,8.22127914428711,4600,0.0,0.0
2025-12-24 00:00:00-05:00,8.221279991816633,8.230998039245605,8.201843896958687,8.230998039245605,5400,0.0,0.0
2025-12-26 00:00:00-05:00,8.240714521660017,8.240714521660017,8.182408095130087,8.20184326171875,16000,0.0,0.0
2025-12-29 00:00:00-05:00,8.230997800609186,8.250432968139648,8.230997800609186,8.250432968139648,8100,0.0,0.0
2025-12-30 00:00:00-05:00,8.21156194438766,8.240715159910566,8.192126776293726,8.230998039245605,10000,0.0,0.0
2025-12-31 00:00:00-05:00,8.201843896958687,8.240715159910566,8.201843896958687,8.230998039245605,12000,0.0,0.0
2026-01-02 00:00:00-05:00,8.250433263516825,8.250433263516825,8.133819473867161,8.143537521362305,8500,0.0,0.0
2026-01-05 00:00:00-05:00,8.162973083889524,8.192127227783203,8.11438469759485,8.192127227783203,10400,0.0,0.0
2026-01-06 00:00:00-05:00,8.221279700197858,8.230997747282121,8.153255224135982,8.172690391540527,12300,0.0,0.0
2026-01-07 00:00:00-05:00,8.211561546936558,8.211561546936558,8.182408332824707,8.182408332824707,4600,0.0,0.0
2026-01-08 00:00:00-05:00,8.162972583251026,8.230997988066855,8.1143841999363,8.153255462646484,6600,0.0,0.0
2026-01-09 00:00:00-05:00,8.153254881865122,8.20184326171875,8.153254881865122,8.20184326171875,5900,0.0,0.0
2026-01-12 00:00:00-05:00,8.221280047795414,8.221280047795414,8.133819473867161,8.143537521362305,21300,0.0,0.0
2026-01-13 00:00:00-05:00,8.182407932052982,8.25043240390347,8.114383460202493,8.133818626403809,14900,0.0,0.0
2026-01-14 00:00:00-05:00,8.124101426372018,8.162972689588573,8.114384305640893,8.143537521362305,14300,0.0,0.0
2026-01-15 00:00:00-05:00,8.162972344456266,8.18240843862479,8.133819129967458,8.172690391540527,6500,0.0,0.0
2026-01-16 00:00:00-05:00,8.162972001777483,8.250432568336318,8.162972001777483,8.20184326171875,12800,0.0,0.0
2026-01-20 00:00:00-05:00,8.162972903026871,8.250433479241966,8.104666470059504,8.124101638793945,15000,0.0,0.0
2026-01-21 00:00:00-05:00,8.162973083889524,8.2018443489837,8.143537914724467,8.192127227783203,6200,0.0,0.0
2026-01-22 00:00:00-05:00,8.172689838915316,8.250432356804618,8.172689838915316,8.22127914428711,17800,0.0,0.0
2026-01-23 00:00:00-05:00,8.250433662042436,8.250433662042436,8.182409179818643,8.192127227783203,2900,0.0,0.0
2026-01-26 00:00:00-05:00,8.230997906347401,8.250433074127534,8.201843764531207,8.240715026855469,12400,0.0,0.0
2026-01-27 00:00:00-05:00,8.250432756911167,8.269868850708008,8.221279542979865,8.269868850708008,17500,0.0,0.0
2026-01-28 00:00:00-05:00,8.269869115012696,8.405918068882862,8.269869115012696,8.32817554473877,34300,0.0,0.0
2026-01-29 00:00:00-05:00,8.357329819821677,8.357329819821677,8.279587294436135,8.318458557128906,16800,0.0,0.0
2026-01-30 00:00:00-05:00,8.308740377084742,8.396200948437844,8.299022329875733,8.32817554473877,17000,0.0,0.0
2026-02-02 00:00:00-05:00,8.396201133728027,8.425354349234427,8.328175728527746,8.396201133728027,24500,0.0,0.0
2026-02-03 00:00:00-05:00,8.357329131122555,8.376764297485352,8.30873982506967,8.376764297485352,21000,0.0,0.0
2026-02-04 00:00:00-05:00,8.357329819821677,8.376764987786059,8.289304415036325,8.318458557128906,11000,0.0,0.0
2026-02-05 00:00:00-05:00,8.328175890634409,8.33789393824704,8.269869458486685,8.299022674560547,6200,0.0,0.0
2026-02-06 00:00:00-05:00,8.29902206463931,8.318458158436151,8.269868850708008,8.269868850708008,4300,0.0,0.0
2026-02-09 00:00:00-05:00,8.367046940421865,8.41563625047883,8.289304415036325,8.318458557128906,6500,0.0,0.0
2026-02-10 00:00:00-05:00,8.299022224444725,8.3476115331085,8.299022224444725,8.33789348602295,1600,0.0,0.0
2026-02-11 00:00:00-05:00,8.32817554473877,8.357329686365798,8.308740377084742,8.32817554473877,6600,0.0,0.0
2026-02-12 00:00:00-05:00,8.28930401774089,8.347611372367451,8.269868850708008,8.269868850708008,19900,0.0,0.0
2026-02-13 00:00:00-05:00,8.29902238372386,8.29902238372386,8.240715026855469,8.240715026855469,7600,0.0,0.0
2026-02-17 00:00:00-05:00,8.240715026855469,8.347611693320186,8.240715026855469,8.240715026855469,9400,0.0,0.0
2026-02-18 00:00:00-05:00,8.308740217773234,8.328175385054612,8.260150909423828,8.260150909423828,4100,0.0,0.0
2026-02-19 00:00:00-05:00,8.289304866796268,8.289304866796268,8.269869697772686,8.279587745666504,3300,0.0,0.0
2026-02-20 00:00:00-05:00,8.308739872840524,8.308739872840524,8.260150566508276,8.28930377960205,3700,0.0,0.0
2026-02-23 00:00:00-05:00,8.299022170750558,8.328175385054612,8.260150909423828,8.260150909423828,9600,0.0,0.0
2026-02-24 00:00:00-05:00,8.250433363261424,8.357330033472302,8.250433363261424,8.299022674560547,4100,0.0,0.0
2026-02-25 00:00:00-05:00,8.289304177359174,8.3476115331085,8.289304177359174,8.33789348602295,4400,0.0,0.0
2026-02-26 00:00:00-05:00,8.308739872840524,8.337893085934299,8.28930377960205,8.28930377960205,17100,0.0,0.0
2026-02-27 00:00:00-05:00,8.318458318615827,8.33789348602295,8.289304177359174,8.33789348602295,14200,0.0,0.0
2026-03-02 00:00:00-05:00,8.376764987786059,8.376764987786059,8.299022462400519,8.318458557128906,17000,0.0,0.0
2026-03-03 00:00:00-05:00,8.318458769785808,8.33789393824704,8.289304626947915,8.299022674560547,6800,0.0,0.0
2026-03-04 00:00:00-05:00,8.299022462400519,8.386483035150253,8.299022462400519,8.318458557128906,3000,0.0,0.0
2026-03-05 00:00:00-05:00,8.318457708543244,8.328174828152164,8.299021615797578,8.30873966217041,5500,0.0,0.0
2026-03-06 00:00:00-05:00,8.279586897606428,8.279586897606428,8.269868850708008,8.269868850708008,3700,0.0,0.0
2026-03-09 00:00:00-04:00,8.289304336451796,8.289304336451796,8.182408596751074,8.240715026855469,25900,0.0,0.0
2026-03-10 00:00:00-04:00,8.230997353414502,8.28930377960205,8.230997353414502,8.28930377960205,8800,0.0,0.0
2026-03-11 00:00:00-04:00,8.260150909423828,8.27958700346918,8.260150909423828,8.260150909423828,11600,0.0,0.0
2026-03-12 00:00:00-04:00,8.250432756911167,8.279586897606428,8.250432756911167,8.269868850708008,5400,0.0,0.0
2026-03-13 00:00:00-04:00,8.269869697772686,8.279587745666504,8.260151649878866,8.279587745666504,5000,0.0,0.0
2026-03-16 00:00:00-04:00,8.27958694888283,8.27958694888283,8.182408332824707,8.182408332824707,23300,0.0,0.0
2026-03-17 00:00:00-04:00,8.340141685626534,8.359857843663812,8.241558074951172,8.241558074951172,8500,0.12,0.0
2026-03-18 00:00:00-04:00,8.261274948471204,8.300708203636292,8.20212459564209,8.20212459564209,22700,0.0,0.0
2026-03-19 00:00:00-04:00,8.202124490072002,8.23170013618737,8.152833626872289,8.182408332824707,12000,0.0,0.0
2026-03-20 00:00:00-04:00,8.16269184831666,8.18240894720738,8.123258590698242,8.123258590698242,12400,0.0,0.0
2026-03-23 00:00:00-04:00,8.133116339124287,8.310566451011864,8.133116339124287,8.23169994354248,13000,0.0,0.0
2026-03-24 00:00:00-04:00,8.251416518894299,8.428866639783308,8.221841812133789,8.221841812133789,12100,0.0,0.0
2026-03-25 00:00:00-04:00,8.320424904469673,8.36971671168558,8.19226752193655,8.211983680725098,13600,0.0,0.0
2026-03-26 00:00:00-04:00,8.251416065791405,8.320424024497544,8.133116305082483,8.142974853515625,10600,0.0,0.0
2026-03-27 00:00:00-04:00,8.172550201416016,8.251416714758077,8.172550201416016,8.172550201416016,17700,0.0,0.0
2026-03-30 00:00:00-04:00,8.221841693306116,8.231700242138128,8.172549889309014,8.20212459564209,15800,0.0,0.0
2026-03-31 00:00:00-04:00,8.23170077967667,8.23170077967667,8.19226752193655,8.211983680725098,6000,0.0,0.0
2026-04-01 00:00:00-04:00,8.26127517315144,8.26127517315144,8.21198336781376,8.241558074951172,2900,0.0,0.0
2026-04-02 00:00:00-04:00,8.192266881529829,8.192266881529829,8.152833626872289,8.182408332824707,1300,0.0,0.0
2026-04-06 00:00:00-04:00,8.152833849638276,8.261275067868795,8.152833849638276,8.221841812133789,4500,0.0,0.0
2026-04-07 00:00:00-04:00,8.211983485399392,8.271133840684167,8.211983485399392,8.261275291442871,7200,0.0,0.0
2026-04-08 00:00:00-04:00,8.251416846326164,8.330283360925746,8.251416846326164,8.280991554260254,1900,0.0,0.0
2026-04-09 00:00:00-04:00,8.300708009202365,8.320424166241601,8.251416206359863,8.251416206359863,9200,0.0,0.0
2026-04-10 00:00:00-04:00,8.290849774629303,8.3500001283133,8.17255000742429,8.221841812133789,17900,0.0,0.0
2026-04-13 00:00:00-04:00,8.290849999003758,8.290849999003758,8.231700583881985,8.261275291442871,2700,0.0,0.0
2026-04-14 00:00:00-04:00,8.280991136800232,8.310566783406372,8.251416430357057,8.290849685668945,7500,0.0,0.0
2026-04-15 00:00:00-04:00,8.290849374561612,8.3302826283938,8.290849374561612,8.32042407989502,2200,0.0,0.0
2026-04-16 00:00:00-04:00,8.28099125513188,8.330283060016841,8.28099125513188,8.310566902160645,2800,0.0,0.0
2026-04-17 00:00:00-04:00,8.359857647424008,8.359857647424008,8.290849685668945,8.290849685668945,7700,0.0,0.0
2026-04-20 00:00:00-04:00,8.34014117689258,8.369715882225988,8.300707923060392,8.32042407989502,16200,0.0,0.0
2026-04-21 00:00:00-04:00,8.310567320257515,8.369716736964834,8.300708770751953,8.300708770751953,4900,0.0,0.0
2026-04-22 00:00:00-04:00,8.310566590629577,8.349999845026748,8.300708041989548,8.340141296386719,3300,0.0,0.0
2026-04-23 00:00:00-04:00,8.359857559204102,8.36971610796878,8.340141401837702,8.359857559204102,2400,0.0,0.0
2026-04-24 00:00:00-04:00,8.330283164978027,8.340141714111832,8.31056700687341,8.330283164978027,4200,0.0,0.0
2026-04-27 00:00:00-04:00,8.36971610796878,8.36971610796878,8.320424304308345,8.359857559204102,900,0.0,0.0
2026-04-28 00:00:00-04:00,8.34999972539136,8.34999972539136,8.290849374561612,8.32042407989502,14700,0.0,0.0
2026-04-29 00:00:00-04:00,8.300708041989548,8.340141296386719,8.300708041989548,8.340141296386719,9400,0.0,0.0
2026-04-30 00:00:00-04:00,8.300708457739605,8.350000263245638,8.300708457739605,8.330283164978027,8600,0.0,0.0
2026-05-01 00:00:00-04:00,8.359857559204102,8.359857559204102,8.330282853073022,8.359857559204102,5600,0.0,0.0
2026-05-04 00:00:00-04:00,8.36971600214386,8.36971600214386,8.310566590629577,8.340141296386719,6700,0.0,0.0
2026-05-05 00:00:00-04:00,8.320424615844223,8.350000263245638,8.320424615844223,8.330283164978027,17300,0.0,0.0
2026-05-06 00:00:00-04:00,8.379574656733459,8.379574656733459,8.320424304308345,8.359857559204102,6500,0.0,0.0
2026-05-07 00:00:00-04:00,8.35985799058011,8.369716539853497,8.340141832196338,8.350000381469727,6100,0.0,0.0
2026-05-08 00:00:00-04:00,8.399291873505074,8.41900803115138,8.340141520240222,8.3795747756958,3300,0.0,0.0
2026-05-11 00:00:00-04:00,8.369716226791164,8.389433324600438,8.359857677886525,8.3795747756958,4900,0.0,0.0
2026-05-12 00:00:00-04:00,8.379574656733459,8.389433205498136,8.340141401837702,8.359857559204102,4500,0.0,0.0
2026-05-13 00:00:00-04:00,8.389433099423918,8.389433099423918,8.340141296386719,8.340141296386719,4600,0.0,0.0
2026-05-14 00:00:00-04:00,8.359857796011744,8.3992919921875,8.359857796011744,8.3992919921875,4000,0.0,0.0
2026-05-15 00:00:00-04:00,8.320424615844223,8.359857872216452,8.300708457739605,8.330283164978027,13700,0.0,0.0
2026-05-18 00:00:00-04:00,8.300708041989548,8.359857453503832,8.300708041989548,8.340141296386719,4900,0.0,0.0
2026-05-19 00:00:00-04:00,8.35985809489071,8.389433743079907,8.34014193626093,8.36971664428711,8300,0.0,0.0
2026-05-20 00:00:00-04:00,8.389433099423918,8.409149256541031,8.340141296386719,8.340141296386719,7800,0.0,0.0
2026-05-21 00:00:00-04:00,8.310566695706623,8.359857559204102,8.310566695706623,8.359857559204102,5100,0.0,0.0
2026-05-22 00:00:00-04:00,8.36971600214386,8.399291648063947,8.340141296386719,8.340141296386719,11600,0.0,0.0
2026-05-26 00:00:00-04:00,8.379575089126886,8.419008346057433,8.350000381469727,8.350000381469727,6300,0.0,0.0
2026-05-27 00:00:00-04:00,8.350000381469727,8.389433638400273,8.350000381469727,8.350000381469727,3100,0.0,0.0
2026-05-28 00:00:00-04:00,8.389433205498136,8.399291754262816,8.340141401837702,8.359857559204102,12600,0.0,0.0
2026-05-29 00:00:00-04:00,8.369716761709391,8.399292410313517,8.359858212174684,8.389433860778809,4400,0.0,0.0
2026-06-01 00:00:00-04:00,8.349999845026748,8.389433099423918,8.340141296386719,8.340141296386719,15300,0.0,0.0
2026-06-02 00:00:00-04:00,8.340141296386719,8.349999845026748,8.320424199106661,8.340141296386719,31200,0.0,0.0
2026-06-03 00:00:00-04:00,8.379574970484061,8.379574970484061,8.320424615844223,8.330283164978027,8000,0.0,0.0
2026-06-04 00:00:00-04:00,8.350000381469727,8.409149796784044,8.290850025992402,8.350000381469727,15100,0.0,0.0
2026-06-05 00:00:00-04:00,8.379574970484061,8.379574970484061,8.320424615844223,8.330283164978027,12300,0.0,0.0
2026-06-08 00:00:00-04:00,8.300708457739605,8.350000263245638,8.300708457739605,8.330283164978027,8200,0.0,0.0
2026-06-09 00:00:00-04:00,8.310567320257515,8.379575286470397,8.300708770751953,8.300708770751953,10600,0.0,0.0
2026-06-10 00:00:00-04:00,8.340142028611174,8.369716736964834,8.29085022124639,8.300708770751953,16900,0.0,0.0
2026-06-11 00:00:00-04:00,8.350000158036016,8.350000158036016,8.29084980414147,8.310566902160645,16700,0.0,0.0
2026-06-12 00:00:00-04:00,8.290850025992402,8.389433638400273,8.290850025992402,8.350000381469727,17100,0.0,0.0
2026-06-15 00:00:00-04:00,8.4399995803833,8.4399995803833,8.399999618530273,8.40999984741211,7100,0.12,0.0
2026-06-16 00:00:00-04:00,8.380000114440918,8.460000038146973,8.380000114440918,8.380000114440918,22600,0.0,0.0
2026-06-17 00:00:00-04:00,8.350000381469727,8.430000305175781,8.319999694824219,8.380000114440918,8800,0.0,0.0
2026-06-18 00:00:00-04:00,8.380000114440918,8.420000076293945,8.380000114440918,8.40999984741211,2900,0.0,0.0
2026-06-22 00:00:00-04:00,8.4399995803833,8.479999542236328,8.4399995803833,8.449999809265137,10000,0.0,0.0
2026-06-23 00:00:00-04:00,8.399999618530273,8.479999542236328,8.399999618530273,8.449999809265137,11900,0.0,0.0
2026-06-24 00:00:00-04:00,8.460000038146973,8.470000267028809,8.430000305175781,8.460000038146973,9000,0.0,0.0
2026-06-25 00:00:00-04:00,8.479999542236328,8.479999542236328,8.449999809265137,8.460000038146973,2500,0.0,0.0
2026-06-26 00:00:00-04:00,8.479999542236328,8.479999542236328,8.460000038146973,8.470000267028809,5700,0.0,0.0
2026-06-29 00:00:00-04:00,8.460000038146973,8.460000038146973,8.449999809265137,8.460000038146973,800,0.0,0.0
2026-06-30 00:00:00-04:00,8.380000114440918,8.489999771118164,8.380000114440918,8.470000267028809,11700,0.0,0.0
2026-07-01 00:00:00-04:00,8.449999809265137,8.5,8.449999809265137,8.460000038146973,9900,0.0,0.0
2026-07-02 00:00:00-04:00,8.479999542236328,8.489999771118164,8.449999809265137,8.460000038146973,8000,0.0,0.0
2026-07-06 00:00:00-04:00,8.489999771118164,8.489999771118164,8.460000038146973,8.470000267028809,8000,0.0,0.0
2026-07-07 00:00:00-04:00,8.470000267028809,8.470000267028809,8.430000305175781,8.449999809265137,8000,0.0,0.0
2026-07-08 00:00:00-04:00,8.479999542236328,8.5,8.449999809265137,8.470000267028809,2900,0.0,0.0
2026-07-09 00:00:00-04:00,8.470000267028809,8.5,8.470000267028809,8.489999771118164,4200,0.0,0.0
2026-07-10 00:00:00-04:00,8.489999771118164,8.489999771118164,8.430000305175781,8.4399995803833,14900,0.0,0.0
2026-07-13 00:00:00-04:00,8.470000267028809,8.5,8.420000076293945,8.430000305175781,9200,0.0,0.0
2026-07-14 00:00:00-04:00,8.460000038146973,8.489999771118164,8.430000305175781,8.430000305175781,11700,0.0,0.0
2026-07-15 00:00:00-04:00,8.470000267028809,8.470000267028809,8.420000076293945,8.420000076293945,16000,0.0,0.0
2026-07-16 00:00:00-04:00,8.470000267028809,8.5,8.420000076293945,8.449999809265137,7500,0.0,0.0
2026-07-17 00:00:00-04:00,8.449999809265137,8.489999771118164,8.430000305175781,8.4399995803833,6800,0.0,0.0
2026-07-20 00:00:00-04:00,8.460000038146973,8.460000038146973,8.399999618530273,8.399999618530273,6900,0.0,0.0
2026-07-21 00:00:00-04:00,8.399999618530273,8.430000305175781,8.329999923706055,8.430000305175781,9900,0.0,0.0
2026-07-22 00:00:00-04:00,8.430000305175781,8.430000305175781,8.420000076293945,8.420000076293945,5800,0.0,0.0
2026-07-23 00:00:00-04:00,8.449999809265137,8.460000038146973,8.359999656677246,8.40999984741211,6700,0.0,0.0
2026-07-24 00:00:00-04:00,8.430000305175781,8.479999542236328,8.420000076293945,8.420000076293945,4000,0.0,0.0
2026-07-27 00:00:00-04:00,8.390000343322754,8.40999984741211,8.390000343322754,8.399999618530273,4000,0.0,0.0
2026-07-28 00:00:00-04:00,8.399999618530273,8.399999618530273,8.329999923706055,8.390000343322754,8600,0.0,0.0
2026-07-29 00:00:00-04:00,8.40999984741211,8.40999984741211,8.380000114440918,8.390000343322754,1900,0.0,0.0
2026-07-30 00:00:00-04:00,8.390000343322754,8.40999984741211,8.380000114440918,8.399999618530273,9800,0.0,0.0
2026-07-31 00:00:00-04:00,8.369999885559082,8.470000267028809,8.369999885559082,8.380000114440918,2900,0.0,0.0
2026-08-03 00:00:00-04:00,8.420000076293945,8.470000267028809,8.420000076293945,8.430000305175781,4800,0.0,0.0
2026-08-04 00:00:00-04:00,8.420000076293945,8.4399995803833,8.420000076293945,8.430000305175781,3600,0.0,0.0
2026-08-05 00:00:00-04:00,8.430000305175781,8.449999809265137,8.430000305175781,8.4399995803833,8000,0.0,0.0
2026-08-06 00:00:00-04:00,8.40999984741211,8.4399995803833,8.40999984741211,8.430000305175781,2200,0.0,0.0
2026-08-07 00:00:00-04:00,8.449999809265137,8.449999809265137,8.40999984741211,8.430000305175781,9900,0.0,0.0
2026-08-10 00:00:00-04:00,8.449999809265137,8.449999809265137,8.40999984741211,8.40999984741211,6700,0.0,0.0
2026-08-11 00:00:00-04:00,8.4399995803833,8.449999809265137,8.399999618530273,8.420000076293945,6600,0.0,0.0
2026-08-12 00:00:00-04:00,8.449999809265137,8.449999809265137,8.369999885559082,8.399999618530273,6200,0.0,0.0
2026-08-13 00:00:00-04:00,8.420000076293945,8.449999809265137,8.399999618530273,8.420000076293945,23000,0.0,0.0
2026-08-14 00:00:00-04:00,8.40999984741211,8.420000076293945,8.359999656677246,8.399999618530273,30700,0.0,0.0
2026-08-17 00:00:00-04:00,8.380000114440918,8.430000305175781,8.380000114440918,8.420000076293945,8200,0.0,0.0
2026-08-18 00:00:00-04:00,8.430000305175781,8.4399995803833,8.420000076293945,8.420000076293945,7600,0.0,0.0
2026-08-19 00:00:00-04:00,8.399999618530273,8.430000305175781,8.399999618530273,8.40999984741211,5000,0.0,0.0
2026-08-20 00:00:00-04:00,8.430000305175781,8.449999809265137,8.430000305175781,8.430000305175781,2500,0.0,0.0
2026-08-21 00:00:00-04:00,8.399999618530273,8.4399995803833,8.399999618530273,8.420000076293945,16800,0.0,0.0
2026-08-24 00:00:00-04:00,8.380000114440918,8.430000305175781,8.380000114440918,8.420000076293945,19200,0.0,0.0
2026-08-25 00:00:00-04:00,8.010000228881836,8.420000076293945,8.010000228881836,8.399999618530273,16000,0.0,0.0
2026-08-26 00:00:00-04:00,8.430000305175781,8.430000305175781,8.399999618530273,8.399999618530273,5200,0.0,0.0
2026-08-27 00:00:00-04:00,8.430000305175781,8.4399995803833,8.329999923706055,8.380000114440918,29700,0.0,0.0
2026-08-28 00:00:00-04:00,8.390000343322754,8.4399995803833,8.380000114440918,8.40999984741211,18300,0.0,0.0
2026-08-31 00:00:00-04:00,8.40999984741211,8.4399995803833,8.420499801635742,8.423999786376953,6808,0.0,0.0
