Date,Open,High,Low,Close,Volume,Dividends,Stock Splits
2022-01-03 00:00:00-05:00,2.0,2.0299999713897705,1.8819999694824219,1.9199999570846558,5293600,0.0,0.0
2022-01-04 00:00:00-05:00,1.8799999952316284,1.8899999856948853,1.7400000095367432,1.7599999904632568,4947200,0.0,0.0
2022-01-05 00:00:00-05:00,1.7300000190734863,1.8450000286102295,1.6100000143051147,1.6200000047683716,4386700,0.0,0.0
2022-01-06 00:00:00-05:00,1.6799999475479126,1.7599999904632568,1.5800000429153442,1.649999976158142,3594400,0.0,0.0
2022-01-07 00:00:00-05:00,1.6799999475479126,1.7799999713897705,1.6399999856948853,1.649999976158142,3168600,0.0,0.0
2022-01-10 00:00:00-05:00,1.690000057220459,1.690000057220459,1.5700000524520874,1.649999976158142,4251000,0.0,0.0
2022-01-11 00:00:00-05:00,1.6299999952316284,1.7999999523162842,1.6299999952316284,1.7599999904632568,3210500,0.0,0.0
2022-01-12 00:00:00-05:00,1.840000033378601,1.850000023841858,1.7699999809265137,1.8300000429153442,3519000,0.0,0.0
2022-01-13 00:00:00-05:00,1.7899999618530273,1.809999942779541,1.6399999856948853,1.649999976158142,2811100,0.0,0.0
2022-01-14 00:00:00-05:00,1.690000057220459,1.8200000524520874,1.6699999570846558,1.809999942779541,4987800,0.0,0.0
2022-01-18 00:00:00-05:00,1.75,1.9900000095367432,1.75,1.9900000095367432,10134800,0.0,0.0
2022-01-19 00:00:00-05:00,1.940000057220459,2.0299999713897705,1.9199999570846558,2.0299999713897705,5512100,0.0,0.0
2022-01-20 00:00:00-05:00,2.0899999141693115,2.240000009536743,2.055000066757202,2.1500000953674316,8255600,0.0,0.0
2022-01-21 00:00:00-05:00,2.119999885559082,2.25,2.059999942779541,2.25,9183700,0.0,0.0
2022-01-24 00:00:00-05:00,2.075000047683716,2.200000047683716,1.9800000190734863,2.190000057220459,6629800,0.0,0.0
2022-01-25 00:00:00-05:00,2.1600000858306885,2.200000047683716,2.0,2.069999933242798,2442200,0.0,0.0
2022-01-26 00:00:00-05:00,2.109999895095825,2.109999895095825,1.7999999523162842,1.809999942779541,4999500,0.0,0.0
2022-01-27 00:00:00-05:00,1.7699999809265137,1.7799999713897705,1.600000023841858,1.659999966621399,6835200,0.0,0.0
2022-01-28 00:00:00-05:00,1.6299999952316284,1.7799999713897705,1.6299999952316284,1.7200000286102295,3389000,0.0,0.0
2022-01-31 00:00:00-05:00,1.7300000190734863,1.8799999952316284,1.7100000381469727,1.8700000047683716,3806600,0.0,0.0
2022-02-01 00:00:00-05:00,1.850000023841858,1.9299999475479126,1.7899999618530273,1.8700000047683716,1689700,0.0,0.0
2022-02-02 00:00:00-05:00,1.8899999856948853,1.8899999856948853,1.7619999647140503,1.8300000429153442,2274000,0.0,0.0
2022-02-03 00:00:00-05:00,1.7999999523162842,1.899999976158142,1.75,1.7999999523162842,1951600,0.0,0.0
2022-02-04 00:00:00-05:00,1.809999942779541,2.0399999618530273,1.7799999713897705,2.0199999809265137,3521200,0.0,0.0
2022-02-07 00:00:00-05:00,1.9199999570846558,2.0999999046325684,1.8899999856948853,2.069999933242798,3609500,0.0,0.0
2022-02-08 00:00:00-05:00,2.0,2.119999885559082,1.9620000123977661,2.119999885559082,5691900,0.0,0.0
2022-02-09 00:00:00-05:00,2.130000114440918,2.390000104904175,2.0999999046325684,2.380000114440918,4927600,0.0,0.0
2022-02-10 00:00:00-05:00,2.259999990463257,2.390000104904175,2.2200000286102295,2.259999990463257,3305100,0.0,0.0
2022-02-11 00:00:00-05:00,2.240000009536743,2.380000114440918,2.180000066757202,2.2200000286102295,3151300,0.0,0.0
2022-02-14 00:00:00-05:00,2.1600000858306885,2.1700000762939453,1.9500000476837158,2.049999952316284,7778700,0.0,0.0
2022-02-15 00:00:00-05:00,2.049999952316284,2.4800000190734863,2.049999952316284,2.4600000381469727,9068000,0.0,0.0
2022-02-16 00:00:00-05:00,2.359999895095825,2.569999933242798,2.309999942779541,2.4700000286102295,9412100,0.0,0.0
2022-02-17 00:00:00-05:00,2.4000000953674316,2.4000000953674316,2.1700000762939453,2.190000057220459,3525300,0.0,0.0
2022-02-18 00:00:00-05:00,2.1500000953674316,2.2109999656677246,2.0799999237060547,2.180000066757202,2363200,0.0,0.0
2022-02-22 00:00:00-05:00,2.0799999237060547,2.140000104904175,1.9900000095367432,2.0199999809265137,3596400,0.0,0.0
2022-02-23 00:00:00-05:00,2.0899999141693115,2.1700000762939453,1.8600000143051147,1.909999966621399,5708500,0.0,0.0
2022-02-24 00:00:00-05:00,1.7999999523162842,1.909999966621399,1.7400000095367432,1.8899999856948853,8538800,0.0,0.0
2022-02-25 00:00:00-05:00,1.899999976158142,1.899999976158142,1.7699999809265137,1.8200000524520874,3630500,0.0,0.0
2022-02-28 00:00:00-05:00,1.7799999713897705,1.8559999465942383,1.7200000286102295,1.75,2914400,0.0,0.0
2022-03-01 00:00:00-05:00,1.7999999523162842,1.8600000143051147,1.659999966621399,1.659999966621399,3755000,0.0,0.0
2022-03-02 00:00:00-05:00,1.7000000476837158,1.7000000476837158,1.600000023841858,1.6100000143051147,2866700,0.0,0.0
2022-03-03 00:00:00-05:00,1.6399999856948853,1.6399999856948853,1.5199999809265137,1.5299999713897705,4386700,0.0,0.0
2022-03-04 00:00:00-05:00,1.5099999904632568,1.5299999713897705,1.3899999856948853,1.3899999856948853,4845000,0.0,0.0
2022-03-07 00:00:00-05:00,1.4149999618530273,1.5499999523162842,1.3899999856948853,1.440000057220459,6512100,0.0,0.0
2022-03-08 00:00:00-05:00,1.5449999570846558,1.6100000143051147,1.4299999475479126,1.5700000524520874,6475800,0.0,0.0
2022-03-09 00:00:00-05:00,1.6200000047683716,1.940000057220459,1.6200000047683716,1.940000057220459,11424000,0.0,0.0
2022-03-10 00:00:00-05:00,1.7899999618530273,1.8600000143051147,1.690000057220459,1.7000000476837158,6059400,0.0,0.0
2022-03-11 00:00:00-05:00,1.7300000190734863,1.7699999809265137,1.5,1.5399999618530273,7929700,0.0,0.0
2022-03-14 00:00:00-04:00,1.4500000476837158,1.4600000381469727,1.3899999856948853,1.399999976158142,6601300,0.0,0.0
2022-03-15 00:00:00-04:00,1.3200000524520874,1.5199999809265137,1.2619999647140503,1.440000057220459,7205000,0.0,0.0
2022-03-16 00:00:00-04:00,1.6649999618530273,1.9299999475479126,1.649999976158142,1.8899999856948853,12022700,0.0,0.0
2022-03-17 00:00:00-04:00,1.809999942779541,1.8700000047683716,1.7000000476837158,1.840000033378601,6735500,0.0,0.0
2022-03-18 00:00:00-04:00,1.8300000429153442,2.2899999618530273,1.809999942779541,2.240000009536743,14665300,0.0,0.0
2022-03-21 00:00:00-04:00,2.0799999237060547,2.25,2.015000104904175,2.1500000953674316,5681500,0.0,0.0
2022-03-22 00:00:00-04:00,2.2200000286102295,2.3499999046325684,2.2200000286102295,2.299999952316284,6375500,0.0,0.0
2022-03-23 00:00:00-04:00,2.2300000190734863,2.2750000953674316,2.1600000858306885,2.2300000190734863,8795700,0.0,0.0
2022-03-24 00:00:00-04:00,2.2300000190734863,2.2300000190734863,2.0299999713897705,2.180000066757202,4191600,0.0,0.0
2022-03-25 00:00:00-04:00,2.059999942779541,2.069999933242798,1.9700000286102295,2.0199999809265137,4537900,0.0,0.0
2022-03-28 00:00:00-04:00,2.0299999713897705,2.1600000858306885,1.940000057220459,1.9700000286102295,6671900,0.0,0.0
2022-03-29 00:00:00-04:00,2.059999942779541,2.119999885559082,1.9500000476837158,1.9800000190734863,4237400,0.0,0.0
2022-03-30 00:00:00-04:00,1.9500000476837158,1.9889999628067017,1.7999999523162842,1.7999999523162842,6107300,0.0,0.0
2022-03-31 00:00:00-04:00,1.8200000524520874,1.840000033378601,1.7050000429153442,1.7200000286102295,2956600,0.0,0.0
2022-04-01 00:00:00-04:00,1.850000023841858,1.8799999952316284,1.7200000286102295,1.75,3333800,0.0,0.0
2022-04-04 00:00:00-04:00,1.8700000047683716,1.9700000286102295,1.8200000524520874,1.9500000476837158,5918100,0.0,0.0
2022-04-05 00:00:00-04:00,1.899999976158142,1.9700000286102295,1.8250000476837158,1.899999976158142,2059200,0.0,0.0
2022-04-06 00:00:00-04:00,1.8300000429153442,1.878000020980835,1.7300000190734863,1.8200000524520874,2873800,0.0,0.0
2022-04-07 00:00:00-04:00,1.7999999523162842,1.8200000524520874,1.659999966621399,1.7400000095367432,6792200,0.0,0.0
2022-04-08 00:00:00-04:00,1.7200000286102295,1.7999999523162842,1.7100000381469727,1.7300000190734863,1865800,0.0,0.0
2022-04-11 00:00:00-04:00,1.6699999570846558,1.690000057220459,1.600000023841858,1.649999976158142,2399500,0.0,0.0
2022-04-12 00:00:00-04:00,1.690000057220459,1.7400000095367432,1.6449999809265137,1.6699999570846558,1733100,0.0,0.0
2022-04-13 00:00:00-04:00,1.7000000476837158,1.7000000476837158,1.6139999628067017,1.6200000047683716,2142700,0.0,0.0
2022-04-14 00:00:00-04:00,1.649999976158142,1.649999976158142,1.559999942779541,1.559999942779541,2960900,0.0,0.0
2022-04-18 00:00:00-04:00,1.5700000524520874,1.5750000476837158,1.4800000190734863,1.5499999523162842,5154700,0.0,0.0
2022-04-19 00:00:00-04:00,1.5199999809265137,1.6399999856948853,1.5,1.6100000143051147,4142200,0.0,0.0
2022-04-20 00:00:00-04:00,1.600000023841858,1.600000023841858,1.5,1.5399999618530273,4860200,0.0,0.0
2022-04-21 00:00:00-04:00,1.5499999523162842,1.5700000524520874,1.4299999475479126,1.4500000476837158,8921200,0.0,0.0
2022-04-22 00:00:00-04:00,1.4900000095367432,1.600000023841858,1.4900000095367432,1.5199999809265137,4327600,0.0,0.0
2022-04-25 00:00:00-04:00,1.4299999475479126,1.524999976158142,1.4299999475479126,1.5,1676800,0.0,0.0
2022-04-26 00:00:00-04:00,1.5,1.5099999904632568,1.4199999570846558,1.4500000476837158,1370200,0.0,0.0
2022-04-27 00:00:00-04:00,1.4900000095367432,1.559000015258789,1.4500000476837158,1.5,1434800,0.0,0.0
2022-04-28 00:00:00-04:00,1.5099999904632568,1.5399999618530273,1.4199999570846558,1.4900000095367432,2521100,0.0,0.0
2022-04-29 00:00:00-04:00,1.5800000429153442,1.6799999475479126,1.559999942779541,1.590000033378601,2948200,0.0,0.0
2022-05-02 00:00:00-04:00,1.559999942779541,1.7100000381469727,1.5299999713897705,1.7000000476837158,2161100,0.0,0.0
2022-05-03 00:00:00-04:00,1.690000057220459,1.774999976158142,1.659999966621399,1.6799999475479126,1567300,0.0,0.0
2022-05-04 00:00:00-04:00,1.649999976158142,1.7599999904632568,1.600000023841858,1.7599999904632568,1623400,0.0,0.0
2022-05-05 00:00:00-04:00,1.6299999952316284,1.6799999475479126,1.5800000429153442,1.5800000429153442,1833400,0.0,0.0
2022-05-06 00:00:00-04:00,1.590000033378601,1.590000033378601,1.4500000476837158,1.4800000190734863,1777900,0.0,0.0
2022-05-09 00:00:00-04:00,1.4199999570846558,1.440000057220459,1.3200000524520874,1.3200000524520874,6253700,0.0,0.0
2022-05-10 00:00:00-04:00,1.350000023841858,1.399999976158142,1.2999999523162842,1.340000033378601,2038400,0.0,0.0
2022-05-11 00:00:00-04:00,1.3799999952316284,1.3949999809265137,1.2799999713897705,1.2899999618530273,4215500,0.0,0.0
2022-05-12 00:00:00-04:00,1.25,1.3600000143051147,1.2100000381469727,1.309999942779541,4183100,0.0,0.0
2022-05-13 00:00:00-04:00,1.340000033378601,1.4299999475479126,1.3350000381469727,1.3799999952316284,3137100,0.0,0.0
2022-05-16 00:00:00-04:00,1.409999966621399,1.4700000286102295,1.350000023841858,1.350000023841858,974300,0.0,0.0
2022-05-17 00:00:00-04:00,1.440000057220459,1.4850000143051147,1.3600000143051147,1.3799999952316284,1598900,0.0,0.0
2022-05-18 00:00:00-04:00,1.340000033378601,1.4500000476837158,1.3389999866485596,1.3799999952316284,2211500,0.0,0.0
2022-05-19 00:00:00-04:00,1.3899999856948853,1.5199999809265137,1.3799999952316284,1.5199999809265137,2206600,0.0,0.0
2022-05-20 00:00:00-04:00,1.5499999523162842,1.5570000410079956,1.3700000047683716,1.399999976158142,4298800,0.0,0.0
2022-05-23 00:00:00-04:00,1.3799999952316284,1.409999966621399,1.2999999523162842,1.309999942779541,3500700,0.0,0.0
2022-05-24 00:00:00-04:00,1.2599999904632568,1.2699999809265137,1.2000000476837158,1.2100000381469727,4115900,0.0,0.0
2022-05-25 00:00:00-04:00,1.2100000381469727,1.2300000190734863,1.149999976158142,1.159999966621399,3045100,0.0,0.0
2022-05-26 00:00:00-04:00,1.159999966621399,1.2899999618530273,1.159999966621399,1.2799999713897705,2583000,0.0,0.0
2022-05-27 00:00:00-04:00,1.2699999809265137,1.309999942779541,1.2170000076293945,1.2899999618530273,1813400,0.0,0.0
2022-05-31 00:00:00-04:00,1.350000023841858,1.3600000143051147,1.2400000095367432,1.2999999523162842,3938300,0.0,0.0
2022-06-01 00:00:00-04:00,1.2699999809265137,1.315000057220459,1.2100000381469727,1.2100000381469727,2652300,0.0,0.0
2022-06-02 00:00:00-04:00,1.2300000190734863,1.3300000429153442,1.2100000381469727,1.3200000524520874,6126100,0.0,0.0
2022-06-03 00:00:00-04:00,1.309999942779541,1.340000033378601,1.2400000095367432,1.3200000524520874,3496600,0.0,0.0
2022-06-06 00:00:00-04:00,1.5099999904632568,1.600000023841858,1.3300000429153442,1.3700000047683716,10070600,0.0,0.0
2022-06-07 00:00:00-04:00,1.3300000429153442,1.600000023841858,1.309999942779541,1.600000023841858,10098800,0.0,0.0
2022-06-08 00:00:00-04:00,1.6699999570846558,2.0799999237060547,1.649999976158142,1.840000033378601,21453400,0.0,0.0
2022-06-09 00:00:00-04:00,1.7699999809265137,1.7999999523162842,1.6699999570846558,1.7400000095367432,5272200,0.0,0.0
2022-06-10 00:00:00-04:00,1.7699999809265137,1.899999976158142,1.7100000381469727,1.7899999618530273,13152000,0.0,0.0
2022-06-13 00:00:00-04:00,1.7200000286102295,1.7599999904632568,1.590000033378601,1.649999976158142,5453000,0.0,0.0
2022-06-14 00:00:00-04:00,1.7200000286102295,1.9900000095367432,1.6699999570846558,1.899999976158142,8656100,0.0,0.0
2022-06-15 00:00:00-04:00,1.9199999570846558,2.0350000858306885,1.7899999618530273,1.8700000047683716,9531200,0.0,0.0
2022-06-16 00:00:00-04:00,1.8300000429153442,2.0,1.7899999618530273,2.0,7909900,0.0,0.0
2022-06-17 00:00:00-04:00,2.009999990463257,2.1500000953674316,2.009999990463257,2.059999942779541,8086100,0.0,0.0
2022-06-21 00:00:00-04:00,2.0899999141693115,2.109999895095825,1.8650000095367432,1.899999976158142,7632000,0.0,0.0
2022-06-22 00:00:00-04:00,1.8600000143051147,2.0399999618530273,1.840000033378601,1.9800000190734863,4711600,0.0,0.0
2022-06-23 00:00:00-04:00,2.0,2.0899999141693115,1.9199999570846558,1.9600000381469727,6123800,0.0,0.0
2022-06-24 00:00:00-04:00,2.0,2.069999933242798,1.8799999952316284,1.9800000190734863,5370700,0.0,0.0
2022-06-27 00:00:00-04:00,1.9800000190734863,2.0899999141693115,1.8899999856948853,2.069999933242798,9791200,0.0,0.0
2022-06-28 00:00:00-04:00,2.0799999237060547,2.200000047683716,1.9700000286102295,1.9700000286102295,5955000,0.0,0.0
2022-06-29 00:00:00-04:00,1.9500000476837158,1.9900000095367432,1.8600000143051147,1.9500000476837158,3487700,0.0,0.0
2022-06-30 00:00:00-04:00,1.909999966621399,2.0,1.8350000381469727,1.9600000381469727,3256300,0.0,0.0
2022-07-01 00:00:00-04:00,1.9600000381469727,1.9950000047683716,1.8799999952316284,1.9600000381469727,1842500,0.0,0.0
2022-07-05 00:00:00-04:00,1.899999976158142,1.9800000190734863,1.8600000143051147,1.9800000190734863,3823500,0.0,0.0
2022-07-06 00:00:00-04:00,1.9299999475479126,1.940000057220459,1.809999942779541,1.8600000143051147,4060000,0.0,0.0
2022-07-07 00:00:00-04:00,1.8899999856948853,1.934999942779541,1.8300000429153442,1.8700000047683716,4296200,0.0,0.0
2022-07-08 00:00:00-04:00,1.850000023841858,1.9800000190734863,1.850000023841858,1.909999966621399,3171200,0.0,0.0
2022-07-11 00:00:00-04:00,1.840000033378601,1.8799999952316284,1.7899999618530273,1.7999999523162842,3163000,0.0,0.0
2022-07-12 00:00:00-04:00,1.8300000429153442,1.8550000190734863,1.7100000381469727,1.7899999618530273,3597800,0.0,0.0
2022-07-13 00:00:00-04:00,1.7200000286102295,1.8450000286102295,1.690000057220459,1.7799999713897705,4799000,0.0,0.0
2022-07-14 00:00:00-04:00,1.75,2.009999990463257,1.75,1.8899999856948853,10143800,0.0,0.0
2022-07-15 00:00:00-04:00,1.8899999856948853,1.899999976158142,1.809999942779541,1.8899999856948853,3695000,0.0,0.0
2022-07-18 00:00:00-04:00,1.940000057220459,1.9800000190734863,1.840000033378601,1.8600000143051147,2625500,0.0,0.0
2022-07-19 00:00:00-04:00,1.899999976158142,1.9600000381469727,1.809999942779541,1.940000057220459,2490600,0.0,0.0
2022-07-20 00:00:00-04:00,1.9199999570846558,2.009999990463257,1.909999966621399,2.0,1679600,0.0,0.0
2022-07-21 00:00:00-04:00,1.9700000286102295,2.010999917984009,1.9249999523162842,1.9299999475479126,1356700,0.0,0.0
2022-07-22 00:00:00-04:00,1.9299999475479126,1.940000057220459,1.8300000429153442,1.8300000429153442,1182100,0.0,0.0
2022-07-25 00:00:00-04:00,1.8300000429153442,1.8899999856948853,1.7999999523162842,1.8600000143051147,1484100,0.0,0.0
2022-07-26 00:00:00-04:00,1.850000023841858,1.8799999952316284,1.7300000190734863,1.7400000095367432,2076700,0.0,0.0
2022-07-27 00:00:00-04:00,1.7599999904632568,1.8300000429153442,1.7400000095367432,1.809999942779541,2174800,0.0,0.0
2022-07-28 00:00:00-04:00,1.7899999618530273,1.8700000047683716,1.7050000429153442,1.8700000047683716,2597300,0.0,0.0
2022-07-29 00:00:00-04:00,1.7999999523162842,1.8200000524520874,1.7100000381469727,1.7100000381469727,2702300,0.0,0.0
2022-08-01 00:00:00-04:00,1.7000000476837158,1.7100000381469727,1.6100000143051147,1.6200000047683716,2186900,0.0,0.0
2022-08-02 00:00:00-04:00,1.5499999523162842,1.659999966621399,1.5399999618530273,1.6299999952316284,3270400,0.0,0.0
2022-08-03 00:00:00-04:00,1.6200000047683716,1.6649999618530273,1.590000033378601,1.6200000047683716,1584800,0.0,0.0
2022-08-04 00:00:00-04:00,1.6699999570846558,1.690000057220459,1.6200000047683716,1.6699999570846558,1670400,0.0,0.0
2022-08-05 00:00:00-04:00,1.600000023841858,1.7000000476837158,1.565000057220459,1.6799999475479126,3539400,0.0,0.0
2022-08-08 00:00:00-04:00,1.6699999570846558,1.690000057220459,1.5700000524520874,1.6100000143051147,1780300,0.0,0.0
2022-08-09 00:00:00-04:00,1.6200000047683716,1.628999948501587,1.5199999809265137,1.5199999809265137,1732000,0.0,0.0
2022-08-10 00:00:00-04:00,1.5199999809265137,1.6100000143051147,1.4900000095367432,1.590000033378601,3270200,0.0,0.0
2022-08-11 00:00:00-04:00,1.590000033378601,1.6699999570846558,1.5700000524520874,1.590000033378601,3457600,0.0,0.0
2022-08-12 00:00:00-04:00,1.5800000429153442,1.6299999952316284,1.5449999570846558,1.600000023841858,689700,0.0,0.0
2022-08-15 00:00:00-04:00,1.5800000429153442,1.6200000047683716,1.559999942779541,1.590000033378601,1078600,0.0,0.0
2022-08-16 00:00:00-04:00,1.5800000429153442,1.600000023841858,1.5299999713897705,1.5499999523162842,1446300,0.0,0.0
2022-08-17 00:00:00-04:00,1.559999942779541,1.5700000524520874,1.5099999904632568,1.5399999618530273,1140600,0.0,0.0
2022-08-18 00:00:00-04:00,1.5199999809265137,1.5800000429153442,1.4800000190734863,1.5099999904632568,1698100,0.0,0.0
2022-08-19 00:00:00-04:00,1.5199999809265137,1.5199999809265137,1.4199999570846558,1.4199999570846558,1326700,0.0,0.0
2022-08-22 00:00:00-04:00,1.4199999570846558,1.5399999618530273,1.4199999570846558,1.4500000476837158,1666200,0.0,0.0
2022-08-23 00:00:00-04:00,1.4500000476837158,1.5089999437332153,1.409999966621399,1.4800000190734863,1453800,0.0,0.0
2022-08-24 00:00:00-04:00,1.4600000381469727,1.5750000476837158,1.440000057220459,1.5299999713897705,952200,0.0,0.0
2022-08-25 00:00:00-04:00,1.5800000429153442,1.6390000581741333,1.5399999618530273,1.600000023841858,1744000,0.0,0.0
2022-08-26 00:00:00-04:00,1.7000000476837158,1.715000033378601,1.590000033378601,1.6200000047683716,2468200,0.0,0.0
2022-08-29 00:00:00-04:00,1.5800000429153442,1.909999966621399,1.5800000429153442,1.809999942779541,5733400,0.0,0.0
2022-08-30 00:00:00-04:00,1.899999976158142,1.9900000095367432,1.690000057220459,1.75,4820200,0.0,0.0
2022-08-31 00:00:00-04:00,1.7799999713897705,1.809999942779541,1.7000000476837158,1.7599999904632568,1870200,0.0,0.0
2022-09-01 00:00:00-04:00,1.7200000286102295,1.7200000286102295,1.6299999952316284,1.6799999475479126,1613700,0.0,0.0
2022-09-02 00:00:00-04:00,1.7000000476837158,1.7000000476837158,1.5299999713897705,1.5700000524520874,2281000,0.0,0.0
2022-09-06 00:00:00-04:00,1.5800000429153442,1.590000033378601,1.4900000095367432,1.4900000095367432,1542200,0.0,0.0
2022-09-07 00:00:00-04:00,1.5,1.6399999856948853,1.4800000190734863,1.6299999952316284,3682500,0.0,0.0
2022-09-08 00:00:00-04:00,1.6100000143051147,1.715000033378601,1.5700000524520874,1.600000023841858,3586100,0.0,0.0
2022-09-09 00:00:00-04:00,1.6100000143051147,1.7200000286102295,1.6100000143051147,1.6299999952316284,1658200,0.0,0.0
2022-09-12 00:00:00-04:00,1.6200000047683716,1.659999966621399,1.590000033378601,1.6100000143051147,1184300,0.0,0.0
2022-09-13 00:00:00-04:00,1.5299999713897705,1.559999942779541,1.5099999904632568,1.5299999713897705,1488000,0.0,0.0
2022-09-14 00:00:00-04:00,1.5299999713897705,1.5499999523162842,1.465000033378601,1.5299999713897705,1270400,0.0,0.0
2022-09-15 00:00:00-04:00,1.5199999809265137,1.5449999570846558,1.4900000095367432,1.5099999904632568,984100,0.0,0.0
2022-09-16 00:00:00-04:00,1.5,1.5,1.399999976158142,1.399999976158142,1332600,0.0,0.0
2022-09-19 00:00:00-04:00,1.3700000047683716,1.4299999475479126,1.350000023841858,1.3600000143051147,1154300,0.0,0.0
2022-09-20 00:00:00-04:00,1.3899999856948853,1.3899999856948853,1.2899999618530273,1.2999999523162842,1396500,0.0,0.0
2022-09-21 00:00:00-04:00,1.2799999713897705,1.315000057220459,1.2400000095367432,1.2400000095367432,2460800,0.0,0.0
2022-09-22 00:00:00-04:00,1.2599999904632568,1.2599999904632568,1.159999966621399,1.159999966621399,2416900,0.0,0.0
2022-09-23 00:00:00-04:00,1.149999976158142,1.159999966621399,1.1299999952316284,1.159999966621399,1231900,0.0,0.0
2022-09-26 00:00:00-04:00,1.2200000286102295,1.281999945640564,1.2000000476837158,1.2200000286102295,1720900,0.0,0.0
2022-09-27 00:00:00-04:00,1.2599999904632568,1.2599999904632568,1.2000000476837158,1.2200000286102295,1239900,0.0,0.0
2022-09-28 00:00:00-04:00,1.2000000476837158,1.2599999904632568,1.190000057220459,1.2400000095367432,817100,0.0,0.0
2022-09-29 00:00:00-04:00,1.2000000476837158,1.2200000286102295,1.1549999713897705,1.1799999475479126,1077800,0.0,0.0
2022-09-30 00:00:00-04:00,1.1799999475479126,1.2300000190734863,1.159999966621399,1.2100000381469727,959100,0.0,0.0
2022-10-03 00:00:00-04:00,1.190000057220459,1.2300000190734863,1.159999966621399,1.2300000190734863,672200,0.0,0.0
2022-10-04 00:00:00-04:00,1.25,1.3200000524520874,1.2430000305175781,1.309999942779541,1404900,0.0,0.0
2022-10-05 00:00:00-04:00,1.3200000524520874,1.3300000429153442,1.25,1.2799999713897705,710800,0.0,0.0
2022-10-06 00:00:00-04:00,1.2699999809265137,1.2910000085830688,1.2300000190734863,1.2699999809265137,731900,0.0,0.0
2022-10-07 00:00:00-04:00,1.25,1.25,1.1799999475479126,1.1799999475479126,831100,0.0,0.0
2022-10-10 00:00:00-04:00,1.1799999475479126,1.1799999475479126,1.0800000429153442,1.1299999952316284,1584500,0.0,0.0
2022-10-11 00:00:00-04:00,1.1100000143051147,1.1299999952316284,1.0399999618530273,1.1100000143051147,1216900,0.0,0.0
2022-10-12 00:00:00-04:00,1.1200000047683716,1.1349999904632568,1.059999942779541,1.1200000047683716,956400,0.0,0.0
2022-10-13 00:00:00-04:00,1.0800000429153442,1.1200000047683716,1.059999942779541,1.090000033378601,947800,0.0,0.0
2022-10-14 00:00:00-04:00,1.090000033378601,1.1100000143051147,1.0499999523162842,1.0499999523162842,770200,0.0,0.0
2022-10-17 00:00:00-04:00,1.059999942779541,1.1200000047683716,1.0499999523162842,1.100000023841858,1359700,0.0,0.0
2022-10-18 00:00:00-04:00,1.1200000047683716,1.1200000047683716,1.059999942779541,1.059999942779541,649300,0.0,0.0
2022-10-19 00:00:00-04:00,1.0399999618530273,1.059999942779541,0.9100000262260437,0.9100000262260437,3962600,0.0,0.0
2022-10-20 00:00:00-04:00,0.9290000200271606,0.9589999914169312,0.8610000014305115,0.8999999761581421,3548300,0.0,0.0
2022-10-21 00:00:00-04:00,0.9330000281333923,0.9330000281333923,0.824999988079071,0.8550000190734863,1451800,0.0,0.0
2022-10-24 00:00:00-04:00,0.7990000247955322,0.800000011920929,0.6520000100135803,0.7400000095367432,3783600,0.0,0.0
2022-10-25 00:00:00-04:00,0.7400000095367432,0.7990000247955322,0.7200000286102295,0.7509999871253967,1755500,0.0,0.0
2022-10-26 00:00:00-04:00,0.7799999713897705,0.8270000219345093,0.7540000081062317,0.7799999713897705,3340800,0.0,0.0
2022-10-27 00:00:00-04:00,0.800000011920929,0.8100000023841858,0.6800000071525574,0.6850000023841858,3767300,0.0,0.0
2022-10-28 00:00:00-04:00,0.6800000071525574,0.7009999752044678,0.6700000166893005,0.6809999942779541,1729900,0.0,0.0
2022-10-31 00:00:00-04:00,0.7099999785423279,0.7139999866485596,0.6510000228881836,0.6610000133514404,1784000,0.0,0.0
2022-11-01 00:00:00-04:00,0.703000009059906,0.7300000190734863,0.6399999856948853,0.6499999761581421,2289800,0.0,0.0
2022-11-02 00:00:00-04:00,0.6499999761581421,0.7889999747276306,0.6499999761581421,0.7070000171661377,3529700,0.0,0.0
2022-11-03 00:00:00-04:00,0.6800000071525574,0.859000027179718,0.6800000071525574,0.7599999904632568,7006300,0.0,0.0
2022-11-04 00:00:00-04:00,0.8100000023841858,0.8299999833106995,0.75,0.7900000214576721,2732200,0.0,0.0
2022-11-07 00:00:00-05:00,0.8199999928474426,0.8199999928474426,0.7310000061988831,0.7319999933242798,1247700,0.0,0.0
2022-11-08 00:00:00-05:00,0.7300000190734863,0.7570000290870667,0.7239999771118164,0.7409999966621399,580300,0.0,0.0
2022-11-09 00:00:00-05:00,0.7099999785423279,0.7160000205039978,0.6600000262260437,0.6819999814033508,1416300,0.0,0.0
2022-11-10 00:00:00-05:00,0.7080000042915344,0.7300000190734863,0.7049999833106995,0.7300000190734863,1121800,0.0,0.0
2022-11-11 00:00:00-05:00,0.7799999713897705,0.8050000071525574,0.7400000095367432,0.7459999918937683,2448300,0.0,0.0
2022-11-14 00:00:00-05:00,0.7549999952316284,0.9100000262260437,0.7549999952316284,0.8889999985694885,4018800,0.0,0.0
2022-11-15 00:00:00-05:00,0.9269999861717224,1.190000057220459,0.9269999861717224,1.1200000047683716,5499000,0.0,0.0
2022-11-16 00:00:00-05:00,1.0800000429153442,1.100000023841858,0.9120000004768372,0.9129999876022339,6767300,0.0,0.0
2022-11-17 00:00:00-05:00,0.906000018119812,1.1299999952316284,0.9010000228881836,1.100000023841858,6525900,0.0,0.0
2022-11-18 00:00:00-05:00,1.1100000143051147,1.1799999475479126,1.0199999809265137,1.090000033378601,5360800,0.0,0.0
2022-11-21 00:00:00-05:00,1.0499999523162842,1.1200000047683716,1.0,1.059999942779541,3501200,0.0,0.0
2022-11-22 00:00:00-05:00,1.1200000047683716,1.1399999856948853,0.9520000219345093,1.0800000429153442,6088000,0.0,0.0
2022-11-23 00:00:00-05:00,1.059999942779541,1.0800000429153442,1.0099999904632568,1.059999942779541,1773200,0.0,0.0
2022-11-25 00:00:00-05:00,1.0,1.0700000524520874,0.9599999785423279,1.0499999523162842,1812300,0.0,0.0
2022-11-28 00:00:00-05:00,1.0299999713897705,1.0700000524520874,1.0,1.059999942779541,1395100,0.0,0.0
2022-11-29 00:00:00-05:00,1.100000023841858,1.1699999570846558,1.0700000524520874,1.1299999952316284,2992700,0.0,0.0
2022-11-30 00:00:00-05:00,1.1799999475479126,1.3700000047683716,1.1799999475479126,1.2899999618530273,10780900,0.0,0.0
2022-12-01 00:00:00-05:00,1.284999966621399,1.2899999618530273,1.2200000286102295,1.2599999904632568,1377900,0.0,0.0
2022-12-02 00:00:00-05:00,1.2300000190734863,1.409999966621399,1.2200000286102295,1.399999976158142,3079100,0.0,0.0
2022-12-05 00:00:00-05:00,1.4500000476837158,1.5499999523162842,1.399999976158142,1.409999966621399,4719300,0.0,0.0
2022-12-06 00:00:00-05:00,1.440000057220459,1.5,1.3799999952316284,1.4900000095367432,2071600,0.0,0.0
2022-12-07 00:00:00-05:00,1.4299999475479126,1.5,1.3799999952316284,1.4800000190734863,1867600,0.0,0.0
2022-12-08 00:00:00-05:00,1.5199999809265137,1.7100000381469727,1.5,1.6699999570846558,5515200,0.0,0.0
2022-12-09 00:00:00-05:00,1.690000057220459,1.9500000476837158,1.6699999570846558,1.7300000190734863,12087100,0.0,0.0
2022-12-12 00:00:00-05:00,1.6699999570846558,1.7300000190734863,1.6299999952316284,1.6699999570846558,4590100,0.0,0.0
2022-12-13 00:00:00-05:00,1.75,1.8799999952316284,1.7350000143051147,1.850000023841858,4162600,0.0,0.0
2022-12-14 00:00:00-05:00,1.850000023841858,2.2890000343322754,1.850000023841858,2.180000066757202,9891600,0.0,0.0
2022-12-15 00:00:00-05:00,2.140000104904175,2.5899999141693115,2.130000114440918,2.5799999237060547,17052800,0.0,0.0
2022-12-16 00:00:00-05:00,2.6600000858306885,3.1449999809265137,2.5199999809265137,3.119999885559082,25214000,0.0,0.0
2022-12-19 00:00:00-05:00,3.0299999713897705,3.2699999809265137,2.859999895095825,3.240000009536743,22021700,0.0,0.0
2022-12-20 00:00:00-05:00,2.9200000762939453,3.450000047683716,2.8499999046325684,3.0799999237060547,13451000,0.0,0.0
2022-12-21 00:00:00-05:00,3.0999999046325684,3.930000066757202,2.992000102996826,3.8399999141693115,21149500,0.0,0.0
2022-12-22 00:00:00-05:00,3.9800000190734863,4.230000019073486,3.7200000286102295,3.930000066757202,19182500,0.0,0.0
2022-12-23 00:00:00-05:00,3.700000047683716,3.940000057220459,3.509999990463257,3.6700000762939453,10054800,0.0,0.0
2022-12-27 00:00:00-05:00,3.4100000858306885,3.6500000953674316,3.2799999713897705,3.299999952316284,9263100,0.0,0.0
2022-12-28 00:00:00-05:00,3.240000009536743,3.430000066757202,2.799999952316284,2.8299999237060547,10492400,0.0,0.0
2022-12-29 00:00:00-05:00,2.4700000286102295,2.680000066757202,2.2100000381469727,2.5899999141693115,15485400,0.0,0.0
2022-12-30 00:00:00-05:00,2.5199999809265137,2.619999885559082,2.319999933242798,2.359999895095825,5922300,0.0,0.0
2023-01-03 00:00:00-05:00,2.5299999713897705,3.0899999141693115,2.490000009536743,2.9000000953674316,9112600,0.0,0.0
2023-01-04 00:00:00-05:00,3.109999895095825,3.240000009536743,2.759999990463257,3.200000047683716,7292200,0.0,0.0
2023-01-05 00:00:00-05:00,3.009999990463257,3.380000114440918,2.9800000190734863,3.309999942779541,4613300,0.0,0.0
2023-01-06 00:00:00-05:00,3.190000057220459,3.6500000953674316,3.0799999237060547,3.5299999713897705,5335200,0.0,0.0
2023-01-09 00:00:00-05:00,3.7100000381469727,3.9800000190734863,3.2200000286102295,3.2899999618530273,12781100,0.0,0.0
2023-01-10 00:00:00-05:00,3.319999933242798,3.7899999618530273,3.0999999046325684,3.6700000762939453,7885200,0.0,0.0
2023-01-11 00:00:00-05:00,3.619999885559082,3.619999885559082,3.2699999809265137,3.359999895095825,5223900,0.0,0.0
2023-01-12 00:00:00-05:00,3.3299999237060547,3.450000047683716,3.1600000858306885,3.369999885559082,3172700,0.0,0.0
2023-01-13 00:00:00-05:00,3.440000057220459,3.931999921798706,3.440000057220459,3.809999942779541,9686900,0.0,0.0
2023-01-17 00:00:00-05:00,3.809999942779541,3.8389999866485596,3.559999942779541,3.640000104904175,5252000,0.0,0.0
2023-01-18 00:00:00-05:00,3.799999952316284,3.9800000190734863,3.390000104904175,3.4600000381469727,5858600,0.0,0.0
2023-01-19 00:00:00-05:00,3.5199999809265137,3.819999933242798,3.5,3.7799999713897705,4095800,0.0,0.0
2023-01-20 00:00:00-05:00,3.9600000381469727,3.9769999980926514,3.7200000286102295,3.7899999618530273,3805100,0.0,0.0
2023-01-23 00:00:00-05:00,3.7899999618530273,4.380000114440918,3.7699999809265137,4.150000095367432,9244500,0.0,0.0
2023-01-24 00:00:00-05:00,4.150000095367432,4.505000114440918,3.9700000286102295,4.380000114440918,5156400,0.0,0.0
2023-01-25 00:00:00-05:00,4.289999961853027,4.4730000495910645,3.890000104904175,4.070000171661377,5619000,0.0,0.0
2023-01-26 00:00:00-05:00,4.230000019073486,4.260000228881836,3.634999990463257,3.75,8124300,0.0,0.0
2023-01-27 00:00:00-05:00,3.7699999809265137,4.099999904632568,3.5899999141693115,4.070000171661377,5335200,0.0,0.0
2023-01-30 00:00:00-05:00,3.8399999141693115,3.9000000953674316,3.6600000858306885,3.7300000190734863,3784600,0.0,0.0
2023-01-31 00:00:00-05:00,3.8299999237060547,4.119999885559082,3.680000066757202,3.9700000286102295,3845300,0.0,0.0
2023-02-01 00:00:00-05:00,4.03000020980835,4.25600004196167,3.880000114440918,4.210000038146973,5124100,0.0,0.0
2023-02-02 00:00:00-05:00,4.099999904632568,4.28000020980835,4.050000190734863,4.150000095367432,3321000,0.0,0.0
2023-02-03 00:00:00-05:00,4.0,4.150000095367432,3.6649999618530273,3.700000047683716,4540000,0.0,0.0
2023-02-06 00:00:00-05:00,3.569999933242798,3.569999933242798,3.2100000381469727,3.3299999237060547,7488000,0.0,0.0
2023-02-07 00:00:00-05:00,3.4200000762939453,3.572000026702881,3.2300000190734863,3.4000000953674316,4075800,0.0,0.0
2023-02-08 00:00:00-05:00,3.440000057220459,3.569999933242798,3.299999952316284,3.299999952316284,2583900,0.0,0.0
2023-02-09 00:00:00-05:00,3.450000047683716,3.5399999618530273,3.2100000381469727,3.2200000286102295,3168400,0.0,0.0
2023-02-10 00:00:00-05:00,3.140000104904175,3.1600000858306885,2.9149999618530273,3.0299999713897705,6274900,0.0,0.0
2023-02-13 00:00:00-05:00,3.200000047683716,3.5250000953674316,3.1500000953674316,3.4800000190734863,5311000,0.0,0.0
2023-02-14 00:00:00-05:00,3.4200000762939453,3.869999885559082,3.359999895095825,3.859999895095825,5686800,0.0,0.0
2023-02-15 00:00:00-05:00,3.740000009536743,4.039999961853027,3.740000009536743,4.010000228881836,3491800,0.0,0.0
2023-02-16 00:00:00-05:00,3.9600000381469727,4.190000057220459,3.869999885559082,4.010000228881836,3252900,0.0,0.0
2023-02-17 00:00:00-05:00,3.890000104904175,3.9140000343322754,3.6600000858306885,3.759999990463257,3087900,0.0,0.0
2023-02-21 00:00:00-05:00,3.609999895095825,3.7799999713897705,3.390000104904175,3.4200000762939453,2541700,0.0,0.0
2023-02-22 00:00:00-05:00,3.5999999046325684,3.7799999713897705,3.390000104904175,3.430000066757202,3978700,0.0,0.0
2023-02-23 00:00:00-05:00,3.5399999618530273,3.609999895095825,3.2950000762939453,3.359999895095825,2789500,0.0,0.0
2023-02-24 00:00:00-05:00,3.25,3.371999979019165,3.2200000286102295,3.2899999618530273,2711600,0.0,0.0
2023-02-27 00:00:00-05:00,3.369999885559082,3.569999933242798,3.309999942779541,3.509999990463257,2820400,0.0,0.0
2023-02-28 00:00:00-05:00,3.5299999713897705,3.609999895095825,3.1500000953674316,3.3499999046325684,5150600,0.0,0.0
2023-03-01 00:00:00-05:00,3.490000009536743,3.625,3.3949999809265137,3.4800000190734863,2942100,0.0,0.0
2023-03-02 00:00:00-05:00,3.440000057220459,4.420000076293945,3.440000057220459,4.389999866485596,16545500,0.0,0.0
2023-03-03 00:00:00-05:00,4.360000133514404,5.300000190734863,4.230000019073486,5.159999847412109,19795400,0.0,0.0
2023-03-06 00:00:00-05:00,5.039999961853027,5.159999847412109,4.78000020980835,4.989999771118164,5315800,0.0,0.0
2023-03-07 00:00:00-05:00,4.869999885559082,5.489999771118164,4.809999942779541,5.260000228881836,10057800,0.0,0.0
2023-03-08 00:00:00-05:00,5.070000171661377,5.079999923706055,4.75,4.96999979019165,4581300,0.0,0.0
2023-03-09 00:00:00-05:00,4.860000133514404,4.860000133514404,4.485000133514404,4.570000171661377,4413700,0.0,0.0
2023-03-10 00:00:00-05:00,4.440000057220459,4.690000057220459,4.369999885559082,4.610000133514404,3235500,0.0,0.0
2023-03-13 00:00:00-04:00,4.539999961853027,4.940000057220459,4.420000076293945,4.730000019073486,3450100,0.0,0.0
2023-03-14 00:00:00-04:00,4.539999961853027,4.550000190734863,3.700000047683716,4.340000152587891,12703000,0.0,0.0
2023-03-15 00:00:00-04:00,4.269999980926514,4.420000076293945,4.039999961853027,4.300000190734863,4125000,0.0,0.0
2023-03-16 00:00:00-04:00,4.239999771118164,4.360000133514404,4.090000152587891,4.210000038146973,2087900,0.0,0.0
2023-03-17 00:00:00-04:00,4.25,4.25,3.8499999046325684,3.869999885559082,3329400,0.0,0.0
2023-03-20 00:00:00-04:00,3.8499999046325684,3.940000057220459,3.6500000953674316,3.7699999809265137,3087900,0.0,0.0
2023-03-21 00:00:00-04:00,3.8949999809265137,4.007999897003174,3.819999933242798,3.9100000858306885,2510300,0.0,0.0
2023-03-22 00:00:00-04:00,3.8499999046325684,4.110000133514404,3.799999952316284,3.890000104904175,2083400,0.0,0.0
2023-03-23 00:00:00-04:00,4.050000190734863,4.369999885559082,4.047999858856201,4.159999847412109,3366800,0.0,0.0
2023-03-24 00:00:00-04:00,4.039999961853027,4.09499979019165,3.9200000762939453,3.950000047683716,1713200,0.0,0.0
2023-03-27 00:00:00-04:00,3.9000000953674316,4.135000228881836,3.8499999046325684,4.110000133514404,3171700,0.0,0.0
2023-03-28 00:00:00-04:00,4.190000057220459,4.480000019073486,4.139999866485596,4.480000019073486,4382800,0.0,0.0
2023-03-29 00:00:00-04:00,4.400000095367432,4.75,4.199999809265137,4.75,3969000,0.0,0.0
2023-03-30 00:00:00-04:00,4.769999980926514,4.869999885559082,4.355000019073486,4.389999866485596,4309100,0.0,0.0
2023-03-31 00:00:00-04:00,4.380000114440918,4.389999866485596,4.090000152587891,4.21999979019165,3769700,0.0,0.0
2023-04-03 00:00:00-04:00,4.21999979019165,4.284999847412109,4.159999847412109,4.210000038146973,2104500,0.0,0.0
2023-04-04 00:00:00-04:00,4.170000076293945,4.175000190734863,3.9200000762939453,4.019999980926514,2444500,0.0,0.0
2023-04-05 00:00:00-04:00,4.010000228881836,4.050000190734863,3.880000114440918,3.9200000762939453,1994300,0.0,0.0
2023-04-06 00:00:00-04:00,3.990000009536743,4.079999923706055,3.634999990463257,3.6600000858306885,4031800,0.0,0.0
2023-04-10 00:00:00-04:00,3.700000047683716,3.7200000286102295,3.4700000286102295,3.5799999237060547,2567500,0.0,0.0
2023-04-11 00:00:00-04:00,3.640000104904175,3.8299999237060547,3.638000011444092,3.7200000286102295,1919800,0.0,0.0
2023-04-12 00:00:00-04:00,3.690000057220459,3.7200000286102295,3.5,3.5199999809265137,2425000,0.0,0.0
2023-04-13 00:00:00-04:00,3.5799999237060547,3.759999990463257,3.549999952316284,3.5799999237060547,1914600,0.0,0.0
2023-04-14 00:00:00-04:00,3.5799999237060547,3.680000066757202,3.490000009536743,3.490000009536743,1243500,0.0,0.0
2023-04-17 00:00:00-04:00,3.630000114440918,3.700000047683716,3.5399999618530273,3.619999885559082,1756000,0.0,0.0
2023-04-18 00:00:00-04:00,3.6700000762939453,3.7100000381469727,3.5399999618530273,3.609999895095825,1275900,0.0,0.0
2023-04-19 00:00:00-04:00,3.6700000762939453,3.8380000591278076,3.505000114440918,3.7699999809265137,2181600,0.0,0.0
2023-04-20 00:00:00-04:00,3.8299999237060547,3.9700000286102295,3.6480000019073486,3.6500000953674316,4649000,0.0,0.0
2023-04-21 00:00:00-04:00,3.619999885559082,3.6600000858306885,3.309999942779541,3.4100000858306885,2884400,0.0,0.0
2023-04-24 00:00:00-04:00,3.4000000953674316,3.450000047683716,3.25,3.2799999713897705,1469100,0.0,0.0
2023-04-25 00:00:00-04:00,3.2799999713897705,3.2799999713897705,2.9800000190734863,3.0899999141693115,4138600,0.0,0.0
2023-04-26 00:00:00-04:00,3.190000057220459,3.2799999713897705,3.0799999237060547,3.109999895095825,2889600,0.0,0.0
2023-04-27 00:00:00-04:00,3.109999895095825,3.1500000953674316,2.990000009536743,3.069999933242798,1868800,0.0,0.0
2023-04-28 00:00:00-04:00,3.049999952316284,3.359999895095825,3.049999952316284,3.2799999713897705,2885400,0.0,0.0
2023-05-01 00:00:00-04:00,3.25,3.4100000858306885,3.25,3.369999885559082,1643300,0.0,0.0
2023-05-02 00:00:00-04:00,3.299999952316284,3.325000047683716,3.125,3.1500000953674316,1922600,0.0,0.0
2023-05-03 00:00:00-04:00,3.140000104904175,3.140000104904175,2.9700000286102295,2.9800000190734863,1798800,0.0,0.0
2023-05-04 00:00:00-04:00,3.0299999713897705,3.055000066757202,2.9200000762939453,2.940000057220459,2163300,0.0,0.0
2023-05-05 00:00:00-04:00,3.009999990463257,3.0999999046325684,2.928999900817871,3.009999990463257,2134300,0.0,0.0
2023-05-08 00:00:00-04:00,3.049999952316284,3.049999952316284,2.809999942779541,2.9100000858306885,1913600,0.0,0.0
2023-05-09 00:00:00-04:00,2.799999952316284,2.940000057220459,2.7699999809265137,2.9200000762939453,1241700,0.0,0.0
2023-05-10 00:00:00-04:00,2.9200000762939453,3.009999990463257,2.7950000762939453,2.819999933242798,2465500,0.0,0.0
2023-05-11 00:00:00-04:00,2.809999942779541,3.0850000381469727,2.809999942779541,3.0,2294700,0.0,0.0
2023-05-12 00:00:00-04:00,2.930000066757202,2.9700000286102295,2.859999895095825,2.859999895095825,1476600,0.0,0.0
2023-05-15 00:00:00-04:00,2.940000057220459,3.180000066757202,2.890000104904175,3.119999885559082,2761200,0.0,0.0
2023-05-16 00:00:00-04:00,3.0,3.109999895095825,2.9800000190734863,3.069999933242798,1613300,0.0,0.0
2023-05-17 00:00:00-04:00,2.9600000381469727,3.109999895095825,2.9200000762939453,3.0799999237060547,1404300,0.0,0.0
2023-05-18 00:00:00-04:00,3.0999999046325684,3.130000114440918,2.9000000953674316,2.950000047683716,1428900,0.0,0.0
2023-05-19 00:00:00-04:00,2.9100000858306885,2.9800000190734863,2.8550000190734863,2.880000114440918,1688500,0.0,0.0
2023-05-22 00:00:00-04:00,2.930000066757202,3.0,2.9200000762939453,2.940000057220459,982300,0.0,0.0
2023-05-23 00:00:00-04:00,2.940000057220459,2.9700000286102295,2.8299999237060547,2.880000114440918,1557800,0.0,0.0
2023-05-24 00:00:00-04:00,2.890000104904175,2.9200000762939453,2.609999895095825,2.7100000381469727,3880900,0.0,0.0
2023-05-25 00:00:00-04:00,2.6600000858306885,2.690000057220459,2.305000066757202,2.319999933242798,6670200,0.0,0.0
2023-05-26 00:00:00-04:00,2.450000047683716,2.5799999237060547,2.4100000858306885,2.490000009536743,2954200,0.0,0.0
2023-05-30 00:00:00-04:00,2.799999952316284,2.940000057220459,2.4100000858306885,2.4800000190734863,7995400,0.0,0.0
2023-05-31 00:00:00-04:00,2.4600000381469727,2.515000104904175,2.25,2.359999895095825,4294300,0.0,0.0
2023-06-01 00:00:00-04:00,2.359999895095825,2.700000047683716,2.3499999046325684,2.549999952316284,4778100,0.0,0.0
2023-06-02 00:00:00-04:00,2.6700000762939453,2.819999933242798,2.609999895095825,2.7899999618530273,4204700,0.0,0.0
2023-06-05 00:00:00-04:00,2.7799999713897705,2.7799999713897705,2.509999990463257,2.609999895095825,1877400,0.0,0.0
2023-06-06 00:00:00-04:00,2.6500000953674316,3.174999952316284,2.6500000953674316,3.119999885559082,5597500,0.0,0.0
2023-06-07 00:00:00-04:00,3.059999942779541,3.0999999046325684,2.880000114440918,2.990000009536743,3204800,0.0,0.0
2023-06-08 00:00:00-04:00,3.0399999618530273,3.0799999237060547,2.9600000381469727,2.9600000381469727,1284800,0.0,0.0
2023-06-09 00:00:00-04:00,3.0199999809265137,3.3350000381469727,3.0199999809265137,3.130000114440918,4589200,0.0,0.0
2023-06-12 00:00:00-04:00,3.1500000953674316,3.359999895095825,3.0999999046325684,3.319999933242798,3590500,0.0,0.0
2023-06-13 00:00:00-04:00,3.369999885559082,3.5999999046325684,3.359999895095825,3.5,3309500,0.0,0.0
2023-06-14 00:00:00-04:00,3.5199999809265137,3.690000057220459,3.5,3.6500000953674316,2507500,0.0,0.0
2023-06-15 00:00:00-04:00,3.7100000381469727,3.9100000858306885,3.6500000953674316,3.680000066757202,3873100,0.0,0.0
2023-06-16 00:00:00-04:00,3.8499999046325684,3.869999885559082,3.509999990463257,3.619999885559082,2802300,0.0,0.0
2023-06-20 00:00:00-04:00,3.4100000858306885,3.5,3.049999952316284,3.0799999237060547,4023000,0.0,0.0
2023-06-21 00:00:00-04:00,3.0999999046325684,3.0999999046325684,2.9100000858306885,3.0199999809265137,1589400,0.0,0.0
2023-06-22 00:00:00-04:00,3.009999990463257,3.1700000762939453,3.009999990463257,3.0799999237060547,1275600,0.0,0.0
2023-06-23 00:00:00-04:00,2.930000066757202,2.9700000286102295,2.8399999141693115,2.9100000858306885,1817900,0.0,0.0
2023-06-26 00:00:00-04:00,2.9200000762939453,3.049999952316284,2.9000000953674316,2.940000057220459,1856200,0.0,0.0
2023-06-27 00:00:00-04:00,3.049999952316284,3.069999933242798,2.990000009536743,3.009999990463257,1061700,0.0,0.0
2023-06-28 00:00:00-04:00,2.990000009536743,2.990000009536743,2.880000114440918,2.9700000286102295,883000,0.0,0.0
2023-06-29 00:00:00-04:00,2.9100000858306885,2.9600000381469727,2.859999895095825,2.9100000858306885,884800,0.0,0.0
2023-06-30 00:00:00-04:00,2.9600000381469727,3.009999990463257,2.880000114440918,2.890000104904175,1087500,0.0,0.0
2023-07-03 00:00:00-04:00,2.9600000381469727,3.075000047683716,2.950000047683716,2.950000047683716,925300,0.0,0.0
2023-07-05 00:00:00-04:00,2.950000047683716,2.950000047683716,2.812000036239624,2.880000114440918,1266100,0.0,0.0
2023-07-06 00:00:00-04:00,2.809999942779541,2.869999885559082,2.7300000190734863,2.7799999713897705,1202800,0.0,0.0
2023-07-07 00:00:00-04:00,2.7899999618530273,2.9800000190734863,2.7699999809265137,2.930000066757202,1254900,0.0,0.0
2023-07-10 00:00:00-04:00,2.890000104904175,3.130000114440918,2.869999885559082,3.109999895095825,1650800,0.0,0.0
2023-07-11 00:00:00-04:00,3.1600000858306885,3.2699999809265137,3.1549999713897705,3.25,1618000,0.0,0.0
2023-07-12 00:00:00-04:00,3.3399999141693115,3.444999933242798,3.180000066757202,3.390000104904175,2779600,0.0,0.0
2023-07-13 00:00:00-04:00,3.4800000190734863,3.680000066757202,3.4700000286102295,3.5799999237060547,3680600,0.0,0.0
2023-07-14 00:00:00-04:00,3.509999990463257,3.75,3.4600000381469727,3.549999952316284,2643700,0.0,0.0
2023-07-17 00:00:00-04:00,3.490000009536743,3.505000114440918,3.3499999046325684,3.4700000286102295,2138100,0.0,0.0
2023-07-18 00:00:00-04:00,3.369999885559082,3.430000066757202,3.1500000953674316,3.1600000858306885,1848800,0.0,0.0
2023-07-19 00:00:00-04:00,3.2899999618530273,3.390000104904175,3.2300000190734863,3.2300000190734863,1164000,0.0,0.0
2023-07-20 00:00:00-04:00,3.25,3.3550000190734863,3.130000114440918,3.2200000286102295,1062800,0.0,0.0
2023-07-21 00:00:00-04:00,3.259999990463257,3.359999895095825,3.259999990463257,3.2699999809265137,715100,0.0,0.0
2023-07-24 00:00:00-04:00,3.2699999809265137,3.507999897003174,3.200000047683716,3.450000047683716,1817100,0.0,0.0
2023-07-25 00:00:00-04:00,3.630000114440918,3.7249999046325684,3.505000114440918,3.509999990463257,1779600,0.0,0.0
2023-07-26 00:00:00-04:00,3.5199999809265137,3.9800000190734863,3.4600000381469727,3.890000104904175,4660100,0.0,0.0
2023-07-27 00:00:00-04:00,3.950000047683716,4.139999866485596,3.859999895095825,3.880000114440918,3288800,0.0,0.0
2023-07-28 00:00:00-04:00,4.070000171661377,4.460000038146973,4.050000190734863,4.420000076293945,4223900,0.0,0.0
2023-07-31 00:00:00-04:00,4.309999942779541,4.309999942779541,3.994999885559082,4.190000057220459,3486700,0.0,0.0
2023-08-01 00:00:00-04:00,4.079999923706055,4.13100004196167,3.9000000953674316,3.940000057220459,2425900,0.0,0.0
2023-08-02 00:00:00-04:00,3.7899999618530273,3.8550000190734863,3.5899999141693115,3.690000057220459,2315400,0.0,0.0
2023-08-03 00:00:00-04:00,3.7899999618530273,3.9600000381469727,3.7899999618530273,3.890000104904175,2788000,0.0,0.0
2023-08-04 00:00:00-04:00,3.9200000762939453,3.930000066757202,3.7300000190734863,3.7699999809265137,1643000,0.0,0.0
2023-08-07 00:00:00-04:00,3.75,3.7799999713897705,3.2699999809265137,3.5399999618530273,3941500,0.0,0.0
2023-08-08 00:00:00-04:00,3.4000000953674316,3.490000009536743,3.319999933242798,3.4800000190734863,2916700,0.0,0.0
2023-08-09 00:00:00-04:00,3.559999942779541,3.559999942779541,3.359999895095825,3.4100000858306885,983300,0.0,0.0
2023-08-10 00:00:00-04:00,3.4700000286102295,3.640000104904175,3.369999885559082,3.380000114440918,1953800,0.0,0.0
2023-08-11 00:00:00-04:00,3.359999895095825,3.369999885559082,3.2699999809265137,3.299999952316284,1262800,0.0,0.0
2023-08-14 00:00:00-04:00,3.2899999618530273,3.3399999141693115,3.194999933242798,3.2200000286102295,1994200,0.0,0.0
2023-08-15 00:00:00-04:00,3.2100000381469727,3.2100000381469727,3.0399999618530273,3.059999942779541,1481100,0.0,0.0
2023-08-16 00:00:00-04:00,3.0299999713897705,3.0299999713897705,2.930000066757202,2.950000047683716,1732500,0.0,0.0
2023-08-17 00:00:00-04:00,3.119999885559082,3.134999990463257,2.990000009536743,3.0999999046325684,3089100,0.0,0.0
2023-08-18 00:00:00-04:00,2.9700000286102295,3.0,2.809999942779541,2.9700000286102295,3074700,0.0,0.0
2023-08-21 00:00:00-04:00,2.9600000381469727,3.059999942779541,2.9100000858306885,2.9600000381469727,1810800,0.0,0.0
2023-08-22 00:00:00-04:00,3.0,3.009999990463257,2.869999885559082,2.9700000286102295,1747000,0.0,0.0
2023-08-23 00:00:00-04:00,2.9700000286102295,3.1649999618530273,2.9149999618530273,3.140000104904175,2558000,0.0,0.0
2023-08-24 00:00:00-04:00,3.190000057220459,3.259999990463257,3.075000047683716,3.0899999141693115,2487200,0.0,0.0
2023-08-25 00:00:00-04:00,3.0899999141693115,3.140000104904175,3.0,3.119999885559082,1780000,0.0,0.0
2023-08-28 00:00:00-04:00,3.2200000286102295,3.4100000858306885,3.180999994277954,3.359999895095825,2224500,0.0,0.0
2023-08-29 00:00:00-04:00,3.450000047683716,3.6649999618530273,3.3350000381469727,3.509999990463257,3313200,0.0,0.0
2023-08-30 00:00:00-04:00,3.4100000858306885,3.5,3.1500000953674316,3.240000009536743,6897900,0.0,0.0
2023-08-31 00:00:00-04:00,3.1600000858306885,3.180000066757202,2.8399999141693115,2.880000114440918,6473800,0.0,0.0
2023-09-01 00:00:00-04:00,2.990000009536743,3.0899999141693115,2.9200000762939453,2.940000057220459,4949100,0.0,0.0
2023-09-05 00:00:00-04:00,2.869999885559082,2.890000104904175,2.799999952316284,2.799999952316284,3423300,0.0,0.0
2023-09-06 00:00:00-04:00,2.799999952316284,2.9119999408721924,2.799999952316284,2.809999942779541,1420900,0.0,0.0
2023-09-07 00:00:00-04:00,2.740000009536743,2.759999990463257,2.634999990463257,2.6500000953674316,4028700,0.0,0.0
2023-09-08 00:00:00-04:00,2.690000057220459,2.7279999256134033,2.5999999046325684,2.700000047683716,2377300,0.0,0.0
2023-09-11 00:00:00-04:00,2.759999990463257,2.7950000762939453,2.609999895095825,2.630000114440918,3712400,0.0,0.0
2023-09-12 00:00:00-04:00,2.619999885559082,2.674999952316284,2.549999952316284,2.569999933242798,4317700,0.0,0.0
2023-09-13 00:00:00-04:00,2.5399999618530273,2.549999952316284,2.4749999046325684,2.509999990463257,4368700,0.0,0.0
2023-09-14 00:00:00-04:00,2.549999952316284,2.690000057220459,2.549999952316284,2.609999895095825,1445800,0.0,0.0
2023-09-15 00:00:00-04:00,2.609999895095825,2.619999885559082,2.559999942779541,2.5999999046325684,1004500,0.0,0.0
2023-09-18 00:00:00-04:00,2.5199999809265137,2.625,2.5199999809265137,2.5799999237060547,1273300,0.0,0.0
2023-09-19 00:00:00-04:00,2.5899999141693115,2.618000030517578,2.559999942779541,2.559999942779541,1044800,0.0,0.0
2023-09-20 00:00:00-04:00,2.5399999618530273,2.5889999866485596,2.4600000381469727,2.4800000190734863,1311600,0.0,0.0
2023-09-21 00:00:00-04:00,2.430000066757202,2.4800000190734863,2.384000062942505,2.430000066757202,1792600,0.0,0.0
2023-09-22 00:00:00-04:00,2.569999933242798,2.619999885559082,2.5450000762939453,2.5899999141693115,1299800,0.0,0.0
2023-09-25 00:00:00-04:00,2.5,2.6449999809265137,2.5,2.5899999141693115,859500,0.0,0.0
2023-09-26 00:00:00-04:00,2.5299999713897705,2.690000057220459,2.5299999713897705,2.640000104904175,1049600,0.0,0.0
2023-09-27 00:00:00-04:00,2.700000047683716,2.7699999809265137,2.619999885559082,2.6600000858306885,1409500,0.0,0.0
2023-09-28 00:00:00-04:00,2.5999999046325684,2.680000066757202,2.5999999046325684,2.6500000953674316,1161300,0.0,0.0
2023-09-29 00:00:00-04:00,2.7200000286102295,2.859999895095825,2.7200000286102295,2.759999990463257,1611600,0.0,0.0
2023-10-02 00:00:00-04:00,2.759999990463257,2.799999952316284,2.6549999713897705,2.6700000762939453,603000,0.0,0.0
2023-10-03 00:00:00-04:00,2.569999933242798,2.630000114440918,2.549999952316284,2.569999933242798,1044100,0.0,0.0
2023-10-04 00:00:00-04:00,2.5799999237060547,2.619999885559082,2.5350000858306885,2.569999933242798,931300,0.0,0.0
2023-10-05 00:00:00-04:00,2.5799999237060547,2.630000114440918,2.559999942779541,2.609999895095825,479000,0.0,0.0
2023-10-06 00:00:00-04:00,2.640000104904175,2.7149999141693115,2.634999990463257,2.7100000381469727,831500,0.0,0.0
2023-10-09 00:00:00-04:00,2.630000114440918,2.640000104904175,2.565000057220459,2.609999895095825,853900,0.0,0.0
2023-10-10 00:00:00-04:00,2.6700000762939453,2.8299999237060547,2.6700000762939453,2.799999952316284,2098000,0.0,0.0
2023-10-11 00:00:00-04:00,2.859999895095825,2.8889999389648438,2.7049999237060547,2.7200000286102295,1458900,0.0,0.0
2023-10-12 00:00:00-04:00,2.75,2.7699999809265137,2.559999942779541,2.5799999237060547,1457000,0.0,0.0
2023-10-13 00:00:00-04:00,2.5899999141693115,2.5899999141693115,2.5199999809265137,2.5399999618530273,1055400,0.0,0.0
2023-10-16 00:00:00-04:00,2.5399999618530273,2.6600000858306885,2.5199999809265137,2.609999895095825,849500,0.0,0.0
2023-10-17 00:00:00-04:00,2.549999952316284,2.6700000762939453,2.549999952316284,2.619999885559082,566000,0.0,0.0
2023-10-18 00:00:00-04:00,2.5899999141693115,2.609999895095825,2.5199999809265137,2.5299999713897705,626500,0.0,0.0
2023-10-19 00:00:00-04:00,2.5,2.5199999809265137,2.450000047683716,2.4600000381469727,929700,0.0,0.0
2023-10-20 00:00:00-04:00,2.4100000858306885,2.450000047683716,2.4100000858306885,2.440000057220459,724000,0.0,0.0
2023-10-23 00:00:00-04:00,2.4100000858306885,2.4800000190734863,2.3499999046325684,2.4200000762939453,1283000,0.0,0.0
2023-10-24 00:00:00-04:00,2.4800000190734863,2.75,2.4800000190734863,2.6700000762939453,2624800,0.0,0.0
2023-10-25 00:00:00-04:00,2.569999933242798,2.684999942779541,2.569999933242798,2.6500000953674316,2177900,0.0,0.0
2023-10-26 00:00:00-04:00,2.640000104904175,2.7309999465942383,2.509999990463257,2.5299999713897705,1611500,0.0,0.0
2023-10-27 00:00:00-04:00,2.5999999046325684,2.640000104904175,2.4100000858306885,2.4200000762939453,1899900,0.0,0.0
2023-10-30 00:00:00-04:00,2.5,2.510999917984009,2.3350000381469727,2.3499999046325684,1627000,0.0,0.0
2023-10-31 00:00:00-04:00,2.3499999046325684,2.390000104904175,2.2200000286102295,2.240000009536743,2588900,0.0,0.0
2023-11-01 00:00:00-04:00,2.25,2.325000047683716,2.240000009536743,2.309999942779541,1213600,0.0,0.0
2023-11-02 00:00:00-04:00,2.369999885559082,2.430000066757202,2.369999885559082,2.390000104904175,1097900,0.0,0.0
2023-11-03 00:00:00-04:00,2.390000104904175,2.5199999809265137,2.380000114440918,2.4200000762939453,1040100,0.0,0.0
2023-11-06 00:00:00-05:00,2.549999952316284,2.5789999961853027,2.430000066757202,2.450000047683716,1050900,0.0,0.0
2023-11-07 00:00:00-05:00,2.430000066757202,2.490000009536743,2.375,2.4700000286102295,669500,0.0,0.0
2023-11-08 00:00:00-05:00,2.4600000381469727,2.492000102996826,2.4200000762939453,2.430000066757202,463300,0.0,0.0
2023-11-09 00:00:00-05:00,2.4000000953674316,2.450000047683716,2.369999885559082,2.380000114440918,826800,0.0,0.0
2023-11-10 00:00:00-05:00,2.4000000953674316,2.4549999237060547,2.3299999237060547,2.4200000762939453,769300,0.0,0.0
2023-11-13 00:00:00-05:00,2.430000066757202,2.509999990463257,2.4119999408721924,2.450000047683716,1258900,0.0,0.0
2023-11-14 00:00:00-05:00,2.5199999809265137,2.555000066757202,2.4800000190734863,2.549999952316284,981800,0.0,0.0
2023-11-15 00:00:00-05:00,2.5999999046325684,2.7699999809265137,2.5899999141693115,2.7200000286102295,2701500,0.0,0.0
2023-11-16 00:00:00-05:00,2.640000104904175,2.680000066757202,2.5850000381469727,2.609999895095825,1637500,0.0,0.0
2023-11-17 00:00:00-05:00,2.640000104904175,2.759999990463257,2.640000104904175,2.6600000858306885,1604000,0.0,0.0
2023-11-20 00:00:00-05:00,2.740000009536743,2.809999942779541,2.680000066757202,2.7699999809265137,2182600,0.0,0.0
2023-11-21 00:00:00-05:00,2.7300000190734863,2.799999952316284,2.630000114440918,2.7200000286102295,2962100,0.0,0.0
2023-11-22 00:00:00-05:00,2.569999933242798,2.7300000190734863,2.4800000190734863,2.609999895095825,4085300,0.0,0.0
2023-11-24 00:00:00-05:00,2.5199999809265137,2.5999999046325684,2.440000057220459,2.5199999809265137,2694700,0.0,0.0
2023-11-27 00:00:00-05:00,2.5999999046325684,2.615000009536743,2.4200000762939453,2.440000057220459,2382800,0.0,0.0
2023-11-28 00:00:00-05:00,2.4600000381469727,2.509999990463257,2.390000104904175,2.390000104904175,1846400,0.0,0.0
2023-11-29 00:00:00-05:00,2.4100000858306885,2.450000047683716,2.3499999046325684,2.3499999046325684,1641600,0.0,0.0
2023-11-30 00:00:00-05:00,2.380000114440918,2.7300000190734863,2.299999952316284,2.5899999141693115,6472800,0.0,0.0
2023-12-01 00:00:00-05:00,2.549999952316284,2.890000104904175,2.5399999618530273,2.859999895095825,5269000,0.0,0.0
2023-12-04 00:00:00-05:00,2.809999942779541,2.819999933242798,2.630000114440918,2.7100000381469727,2851800,0.0,0.0
2023-12-05 00:00:00-05:00,2.630000114440918,2.690000057220459,2.549999952316284,2.559999942779541,1386000,0.0,0.0
2023-12-06 00:00:00-05:00,2.640000104904175,2.690000057220459,2.549999952316284,2.569999933242798,1943600,0.0,0.0
2023-12-07 00:00:00-05:00,2.5899999141693115,2.7899999618530273,2.5799999237060547,2.740000009536743,3755200,0.0,0.0
2023-12-08 00:00:00-05:00,2.700000047683716,2.890000104904175,2.700000047683716,2.759999990463257,2860100,0.0,0.0
2023-12-11 00:00:00-05:00,2.9100000858306885,3.109999895095825,2.869999885559082,2.930000066757202,7815200,0.0,0.0
2023-12-12 00:00:00-05:00,3.059999942779541,3.5450000762939453,3.0299999713897705,3.440000057220459,17750100,0.0,0.0
2023-12-13 00:00:00-05:00,3.700000047683716,3.890000104904175,3.380000114440918,3.690000057220459,21126800,0.0,0.0
2023-12-14 00:00:00-05:00,4.329999923706055,4.769999980926514,4.050000190734863,4.769999980926514,27865800,0.0,0.0
2023-12-15 00:00:00-05:00,5.210000038146973,5.260000228881836,4.135000228881836,4.630000114440918,34288900,0.0,0.0
2023-12-18 00:00:00-05:00,3.690000057220459,3.9000000953674316,3.6050000190734863,3.7300000190734863,21283900,0.0,0.0
2023-12-19 00:00:00-05:00,3.609999895095825,4.034999847412109,3.6050000190734863,3.950000047683716,12053600,0.0,0.0
2023-12-20 00:00:00-05:00,3.859999895095825,3.880000114440918,3.450000047683716,3.4600000381469727,10635200,0.0,0.0
2023-12-21 00:00:00-05:00,3.559999942779541,3.6730000972747803,3.4600000381469727,3.6600000858306885,4416000,0.0,0.0
2023-12-22 00:00:00-05:00,3.430000066757202,3.5,3.319999933242798,3.369999885559082,7493200,0.0,0.0
2023-12-26 00:00:00-05:00,3.440000057220459,3.690000057220459,3.440000057220459,3.5999999046325684,4010600,0.0,0.0
2023-12-27 00:00:00-05:00,3.5799999237060547,3.680000066757202,3.490000009536743,3.549999952316284,3825700,0.0,0.0
2023-12-28 00:00:00-05:00,3.619999885559082,3.7699999809265137,3.559999942779541,3.569999933242798,2918600,0.0,0.0
2023-12-29 00:00:00-05:00,3.549999952316284,3.765000104904175,3.5250000953674316,3.619999885559082,4024600,0.0,0.0
2024-01-02 00:00:00-05:00,3.5,3.5399999618530273,3.25,3.2699999809265137,5655600,0.0,0.0
2024-01-03 00:00:00-05:00,3.259999990463257,3.819999933242798,3.2149999141693115,3.6600000858306885,9824100,0.0,0.0
2024-01-04 00:00:00-05:00,3.680000066757202,4.0,3.630000114440918,3.7899999618530273,7977600,0.0,0.0
2024-01-05 00:00:00-05:00,3.7799999713897705,3.9100000858306885,3.7109999656677246,3.759999990463257,3169000,0.0,0.0
2024-01-08 00:00:00-05:00,3.6500000953674316,3.6700000762939453,3.549999952316284,3.5799999237060547,2757500,0.0,0.0
2024-01-09 00:00:00-05:00,3.5,3.694999933242798,3.5,3.680000066757202,3650200,0.0,0.0
2024-01-10 00:00:00-05:00,3.6500000953674316,3.7300000190734863,3.5,3.5399999618530273,2184400,0.0,0.0
2024-01-11 00:00:00-05:00,3.619999885559082,3.690000057220459,3.5299999713897705,3.630000114440918,1401200,0.0,0.0
2024-01-12 00:00:00-05:00,3.5899999141693115,3.609999895095825,3.4700000286102295,3.4800000190734863,2411400,0.0,0.0
2024-01-16 00:00:00-05:00,3.4200000762939453,3.450000047683716,3.305000066757202,3.3499999046325684,2766500,0.0,0.0
2024-01-17 00:00:00-05:00,3.119999885559082,3.3299999237060547,2.994999885559082,3.3299999237060547,4546000,0.0,0.0
2024-01-18 00:00:00-05:00,3.3499999046325684,3.4519999027252197,3.309999942779541,3.380000114440918,1881300,0.0,0.0
2024-01-19 00:00:00-05:00,3.309999942779541,3.3399999141693115,3.180000066757202,3.2799999713897705,3569300,0.0,0.0
2024-01-22 00:00:00-05:00,3.0999999046325684,3.259999990463257,3.0299999713897705,3.1700000762939453,4570100,0.0,0.0
2024-01-23 00:00:00-05:00,3.3299999237060547,3.4700000286102295,3.2300000190734863,3.309999942779541,4756000,0.0,0.0
2024-01-24 00:00:00-05:00,3.549999952316284,3.619999885559082,3.299999952316284,3.359999895095825,6529200,0.0,0.0
2024-01-25 00:00:00-05:00,3.390000104904175,3.6500000953674316,3.359999895095825,3.5999999046325684,5756200,0.0,0.0
2024-01-26 00:00:00-05:00,3.5299999713897705,3.5899999141693115,3.3499999046325684,3.380000114440918,3286500,0.0,0.0
2024-01-29 00:00:00-05:00,3.4600000381469727,3.4700000286102295,3.0999999046325684,3.200000047683716,5661100,0.0,0.0
2024-01-30 00:00:00-05:00,3.140000104904175,3.2100000381469727,3.0799999237060547,3.1500000953674316,4647800,0.0,0.0
2024-01-31 00:00:00-05:00,3.109999895095825,3.440000057220459,3.109999895095825,3.3299999237060547,6862500,0.0,0.0
2024-02-01 00:00:00-05:00,3.359999895095825,3.700000047683716,3.359999895095825,3.6500000953674316,6844800,0.0,0.0
2024-02-02 00:00:00-05:00,3.700000047683716,4.190000057220459,3.674999952316284,4.03000020980835,15297900,0.0,0.0
2024-02-05 00:00:00-05:00,4.150000095367432,4.159999847412109,3.819999933242798,3.930000066757202,6817400,0.0,0.0
2024-02-06 00:00:00-05:00,4.199999809265137,4.71999979019165,4.123000144958496,4.210000038146973,18488700,0.0,0.0
2024-02-07 00:00:00-05:00,4.150000095367432,4.710000038146973,4.090000152587891,4.710000038146973,9871800,0.0,0.0
2024-02-08 00:00:00-05:00,4.75,4.880000114440918,4.28000020980835,4.559999942779541,17756200,0.0,0.0
2024-02-09 00:00:00-05:00,4.539999961853027,4.675000190734863,4.355000019073486,4.670000076293945,4874000,0.0,0.0
2024-02-12 00:00:00-05:00,4.699999809265137,5.150000095367432,4.690000057220459,5.090000152587891,6114700,0.0,0.0
2024-02-13 00:00:00-05:00,4.849999904632568,5.054999828338623,4.769999980926514,4.960000038146973,5390500,0.0,0.0
2024-02-14 00:00:00-05:00,5.079999923706055,5.300000190734863,5.039999961853027,5.28000020980835,5417600,0.0,0.0
2024-02-15 00:00:00-05:00,5.25,5.349999904632568,4.914999961853027,5.0,7673400,0.0,0.0
2024-02-16 00:00:00-05:00,5.099999904632568,5.28000020980835,4.920000076293945,4.929999828338623,5531700,0.0,0.0
2024-02-20 00:00:00-05:00,4.960000038146973,4.989999771118164,4.675000190734863,4.889999866485596,8156800,0.0,0.0
2024-02-21 00:00:00-05:00,4.980000019073486,5.195000171661377,4.934999942779541,5.03000020980835,6005900,0.0,0.0
2024-02-22 00:00:00-05:00,5.150000095367432,5.46999979019165,5.150000095367432,5.400000095367432,8000200,0.0,0.0
2024-02-23 00:00:00-05:00,5.429999828338623,5.53000020980835,5.295000076293945,5.5,6159200,0.0,0.0
2024-02-26 00:00:00-05:00,5.699999809265137,6.5,5.639999866485596,5.940000057220459,20742200,0.0,0.0
2024-02-27 00:00:00-05:00,5.869999885559082,8.130000114440918,5.679999828338623,7.760000228881836,32689400,0.0,0.0
2024-02-28 00:00:00-05:00,7.510000228881836,7.747000217437744,7.25,7.639999866485596,14886600,0.0,0.0
2024-02-29 00:00:00-05:00,7.909999847412109,8.220000267028809,7.550000190734863,7.820000171661377,7608300,0.0,0.0
2024-03-01 00:00:00-05:00,7.909999847412109,8.420000076293945,7.679999828338623,8.09000015258789,6993400,0.0,0.0
2024-03-04 00:00:00-05:00,8.15999984741211,8.199999809265137,7.295000076293945,7.440000057220459,7250300,0.0,0.0
2024-03-05 00:00:00-05:00,7.150000095367432,7.639999866485596,7.03000020980835,7.400000095367432,6126100,0.0,0.0
2024-03-06 00:00:00-05:00,7.78000020980835,7.820000171661377,7.195000171661377,7.28000020980835,5440200,0.0,0.0
2024-03-07 00:00:00-05:00,7.21999979019165,7.255000114440918,6.960000038146973,7.050000190734863,5467100,0.0,0.0
2024-03-08 00:00:00-05:00,7.070000171661377,7.34499979019165,7.050000190734863,7.150000095367432,2851100,0.0,0.0
2024-03-11 00:00:00-04:00,7.269999980926514,7.269999980926514,6.789999961853027,6.800000190734863,4304200,0.0,0.0
2024-03-12 00:00:00-04:00,6.929999828338623,7.53000020980835,6.929999828338623,7.460000038146973,4682300,0.0,0.0
2024-03-13 00:00:00-04:00,7.449999809265137,7.980000019073486,7.340000152587891,7.840000152587891,5637900,0.0,0.0
2024-03-14 00:00:00-04:00,7.650000095367432,8.015000343322754,7.489999771118164,7.789999961853027,3412600,0.0,0.0
2024-03-15 00:00:00-04:00,7.71999979019165,7.900000095367432,7.570000171661377,7.71999979019165,2067600,0.0,0.0
2024-03-18 00:00:00-04:00,7.829999923706055,7.989999771118164,7.590000152587891,7.650000095367432,3215600,0.0,0.0
2024-03-19 00:00:00-04:00,7.539999961853027,7.559999942779541,7.099999904632568,7.349999904632568,3005400,0.0,0.0
2024-03-20 00:00:00-04:00,7.400000095367432,7.679999828338623,7.21999979019165,7.460000038146973,2783000,0.0,0.0
2024-03-21 00:00:00-04:00,7.380000114440918,7.385000228881836,7.135000228881836,7.210000038146973,2534100,0.0,0.0
2024-03-22 00:00:00-04:00,7.119999885559082,7.170000076293945,6.960000038146973,6.980000019073486,2547200,0.0,0.0
2024-03-25 00:00:00-04:00,6.980000019073486,7.150000095367432,6.769999980926514,6.820000171661377,1954900,0.0,0.0
2024-03-26 00:00:00-04:00,6.929999828338623,7.03000020980835,6.769999980926514,6.929999828338623,2025800,0.0,0.0
2024-03-27 00:00:00-04:00,6.869999885559082,6.889999866485596,6.699999809265137,6.739999771118164,2297600,0.0,0.0
2024-03-28 00:00:00-04:00,6.820000171661377,6.96999979019165,6.539999961853027,6.550000190734863,2803000,0.0,0.0
2024-04-01 00:00:00-04:00,6.690000057220459,7.1570000648498535,6.690000057220459,7.090000152587891,3133000,0.0,0.0
2024-04-02 00:00:00-04:00,6.929999828338623,7.099999904632568,6.760000228881836,7.079999923706055,1586200,0.0,0.0
2024-04-03 00:00:00-04:00,6.980000019073486,7.249000072479248,6.900000095367432,7.090000152587891,1312500,0.0,0.0
2024-04-04 00:00:00-04:00,7.050000190734863,7.059999942779541,6.590000152587891,6.650000095367432,1402300,0.0,0.0
2024-04-05 00:00:00-04:00,6.659999847412109,6.71999979019165,6.46999979019165,6.5,1451600,0.0,0.0
2024-04-08 00:00:00-04:00,6.650000095367432,6.650000095367432,6.400000095367432,6.46999979019165,956900,0.0,0.0
2024-04-09 00:00:00-04:00,6.480000019073486,6.539999961853027,6.364999771118164,6.429999828338623,1199200,0.0,0.0
2024-04-10 00:00:00-04:00,6.380000114440918,6.53000020980835,6.269999980926514,6.320000171661377,1526300,0.0,0.0
2024-04-11 00:00:00-04:00,6.369999885559082,6.610000133514404,6.369999885559082,6.519999980926514,1982200,0.0,0.0
2024-04-12 00:00:00-04:00,6.369999885559082,6.489999771118164,6.269999980926514,6.300000190734863,1418700,0.0,0.0
2024-04-15 00:00:00-04:00,6.349999904632568,6.650000095367432,6.21999979019165,6.329999923706055,2691300,0.0,0.0
2024-04-16 00:00:00-04:00,6.25,6.255000114440918,5.804999828338623,5.880000114440918,4271700,0.0,0.0
2024-04-17 00:00:00-04:00,5.960000038146973,6.09499979019165,5.849999904632568,5.869999885559082,2176200,0.0,0.0
2024-04-18 00:00:00-04:00,5.909999847412109,6.59499979019165,5.885000228881836,6.380000114440918,5879500,0.0,0.0
2024-04-19 00:00:00-04:00,6.179999828338623,6.364999771118164,6.159999847412109,6.289999961853027,1510200,0.0,0.0
2024-04-22 00:00:00-04:00,6.440000057220459,6.579999923706055,6.210000038146973,6.489999771118164,1609200,0.0,0.0
2024-04-23 00:00:00-04:00,6.550000190734863,7.039999961853027,6.510000228881836,6.980000019073486,3895200,0.0,0.0
2024-04-24 00:00:00-04:00,6.949999809265137,7.070000171661377,6.340000152587891,6.449999809265137,4768700,0.0,0.0
2024-04-25 00:00:00-04:00,6.389999866485596,6.900000095367432,6.340000152587891,6.880000114440918,3313100,0.0,0.0
2024-04-26 00:00:00-04:00,7.039999961853027,7.199999809265137,6.59499979019165,6.699999809265137,5324700,0.0,0.0
2024-04-29 00:00:00-04:00,6.699999809265137,6.784999847412109,6.525000095367432,6.75,1622600,0.0,0.0
2024-04-30 00:00:00-04:00,6.570000171661377,6.751999855041504,6.485000133514404,6.53000020980835,1925600,0.0,0.0
2024-05-01 00:00:00-04:00,6.550000190734863,6.730999946594238,6.489999771118164,6.489999771118164,1222000,0.0,0.0
2024-05-02 00:00:00-04:00,6.769999980926514,7.239999771118164,6.650000095367432,7.199999809265137,3738600,0.0,0.0
2024-05-03 00:00:00-04:00,7.159999847412109,7.195000171661377,6.920000076293945,6.980000019073486,2349100,0.0,0.0
2024-05-06 00:00:00-04:00,7.119999885559082,7.400000095367432,7.070000171661377,7.269999980926514,2885500,0.0,0.0
2024-05-07 00:00:00-04:00,7.139999866485596,7.170000076293945,6.909999847412109,7.079999923706055,2903300,0.0,0.0
2024-05-08 00:00:00-04:00,6.920000076293945,7.135000228881836,6.820000171661377,7.130000114440918,2243300,0.0,0.0
2024-05-09 00:00:00-04:00,7.230000019073486,7.380000114440918,7.150000095367432,7.300000190734863,1449600,0.0,0.0
2024-05-10 00:00:00-04:00,7.380000114440918,7.539999961853027,7.269999980926514,7.349999904632568,1726400,0.0,0.0
2024-05-13 00:00:00-04:00,7.429999828338623,7.800000190734863,7.400000095367432,7.75,2841200,0.0,0.0
2024-05-14 00:00:00-04:00,7.739999771118164,8.039999961853027,7.570000171661377,8.0,1913200,0.0,0.0
2024-05-15 00:00:00-04:00,7.929999828338623,7.960000038146973,7.570000171661377,7.769999980926514,1965300,0.0,0.0
2024-05-16 00:00:00-04:00,7.760000228881836,8.010000228881836,7.534999847412109,7.989999771118164,2431400,0.0,0.0
2024-05-17 00:00:00-04:00,7.929999828338623,8.4350004196167,7.820000171661377,8.350000381469727,2452900,0.0,0.0
2024-05-20 00:00:00-04:00,8.210000038146973,8.359999656677246,8.149999618530273,8.180000305175781,3219300,0.0,0.0
2024-05-21 00:00:00-04:00,6.914999961853027,7.449999809265137,6.610000133514404,7.110000133514404,6455600,0.0,0.0
2024-05-22 00:00:00-04:00,7.059999942779541,7.300000190734863,6.510000228881836,6.550000190734863,3203000,0.0,0.0
2024-05-23 00:00:00-04:00,6.550000190734863,6.570000171661377,6.235000133514404,6.340000152587891,3803000,0.0,0.0
2024-05-24 00:00:00-04:00,6.360000133514404,6.380000114440918,6.070000171661377,6.230000019073486,2326800,0.0,0.0
2024-05-28 00:00:00-04:00,6.309999942779541,6.480000019073486,6.119999885559082,6.170000076293945,2214500,0.0,0.0
2024-05-29 00:00:00-04:00,6.090000152587891,6.139999866485596,5.90500020980835,6.059999942779541,2657900,0.0,0.0
2024-05-30 00:00:00-04:00,6.139999866485596,6.139999866485596,5.880000114440918,5.929999828338623,4462800,0.0,0.0
2024-05-31 00:00:00-04:00,5.840000152587891,5.920000076293945,5.644999980926514,5.699999809265137,3662800,0.0,0.0
2024-06-03 00:00:00-04:00,5.869999885559082,5.960000038146973,5.630000114440918,5.659999847412109,1918800,0.0,0.0
2024-06-04 00:00:00-04:00,5.730000019073486,5.730000019073486,5.445000171661377,5.46999979019165,1587600,0.0,0.0
2024-06-05 00:00:00-04:00,5.489999771118164,5.53000020980835,5.289999961853027,5.489999771118164,1739700,0.0,0.0
2024-06-06 00:00:00-04:00,5.460000038146973,5.510000228881836,5.349999904632568,5.440000057220459,924200,0.0,0.0
2024-06-07 00:00:00-04:00,5.300000190734863,5.349999904632568,5.150000095367432,5.21999979019165,1636400,0.0,0.0
2024-06-10 00:00:00-04:00,5.230000019073486,5.320000171661377,5.150000095367432,5.190000057220459,682700,0.0,0.0
2024-06-11 00:00:00-04:00,5.179999828338623,5.230000019073486,4.869999885559082,4.880000114440918,3661300,0.0,0.0
2024-06-12 00:00:00-04:00,4.880000114440918,5.005000114440918,4.800000190734863,4.820000171661377,2854500,0.0,0.0
2024-06-13 00:00:00-04:00,4.849999904632568,5.2270002365112305,4.849999904632568,5.130000114440918,2161900,0.0,0.0
2024-06-14 00:00:00-04:00,5.199999809265137,5.210000038146973,4.920000076293945,4.980000019073486,2320100,0.0,0.0
2024-06-17 00:00:00-04:00,5.019999980926514,5.079999923706055,4.869999885559082,5.03000020980835,1553000,0.0,0.0
2024-06-18 00:00:00-04:00,4.989999771118164,5.170000076293945,4.894999980926514,4.989999771118164,1570500,0.0,0.0
2024-06-20 00:00:00-04:00,5.019999980926514,5.079999923706055,4.800000190734863,4.849999904632568,1407900,0.0,0.0
2024-06-21 00:00:00-04:00,4.840000152587891,4.849999904632568,4.659999847412109,4.710000038146973,1327300,0.0,0.0
2024-06-24 00:00:00-04:00,4.769999980926514,5.230000019073486,4.739999771118164,5.090000152587891,2168300,0.0,0.0
2024-06-25 00:00:00-04:00,5.059999942779541,5.190000057220459,4.960000038146973,5.050000190734863,1408600,0.0,0.0
2024-06-26 00:00:00-04:00,5.119999885559082,5.139999866485596,4.96999979019165,5.0,808900,0.0,0.0
2024-06-27 00:00:00-04:00,4.96999979019165,5.039999961853027,4.889999866485596,4.980000019073486,935100,0.0,0.0
2024-06-28 00:00:00-04:00,5.039999961853027,5.050000190734863,4.849999904632568,4.900000095367432,771400,0.0,0.0
2024-07-01 00:00:00-04:00,4.949999809265137,5.079999923706055,4.860000133514404,4.920000076293945,1726900,0.0,0.0
2024-07-02 00:00:00-04:00,4.920000076293945,5.360000133514404,4.869999885559082,5.360000133514404,1305500,0.0,0.0
2024-07-03 00:00:00-04:00,5.389999866485596,5.78000020980835,5.389999866485596,5.699999809265137,2059400,0.0,0.0
2024-07-05 00:00:00-04:00,5.570000171661377,5.800000190734863,5.170000076293945,5.190000057220459,1988900,0.0,0.0
2024-07-08 00:00:00-04:00,5.179999828338623,5.474999904632568,5.0,5.360000133514404,1866800,0.0,0.0
2024-07-09 00:00:00-04:00,5.329999923706055,5.465000152587891,5.269999980926514,5.409999847412109,972000,0.0,0.0
2024-07-10 00:00:00-04:00,5.460000038146973,5.460000038146973,5.21999979019165,5.260000228881836,1224100,0.0,0.0
2024-07-11 00:00:00-04:00,5.329999923706055,5.539999961853027,5.25,5.389999866485596,988800,0.0,0.0
2024-07-12 00:00:00-04:00,5.480000019073486,5.724999904632568,5.394999980926514,5.429999828338623,1296300,0.0,0.0
2024-07-15 00:00:00-04:00,5.389999866485596,5.394999980926514,5.059999942779541,5.079999923706055,1225100,0.0,0.0
2024-07-16 00:00:00-04:00,5.090000152587891,5.107999801635742,4.940000057220459,4.980000019073486,1172500,0.0,0.0
2024-07-17 00:00:00-04:00,4.980000019073486,4.980000019073486,4.809999942779541,4.840000152587891,978800,0.0,0.0
2024-07-18 00:00:00-04:00,4.900000095367432,5.114999771118164,4.800000190734863,4.809999942779541,1340400,0.0,0.0
2024-07-19 00:00:00-04:00,4.849999904632568,5.0,4.769999980926514,4.860000133514404,858200,0.0,0.0
2024-07-22 00:00:00-04:00,5.099999904632568,5.320000171661377,4.994999885559082,5.179999828338623,1370000,0.0,0.0
2024-07-23 00:00:00-04:00,5.110000133514404,5.110000133514404,4.894999980926514,4.900000095367432,1324400,0.0,0.0
2024-07-24 00:00:00-04:00,4.869999885559082,4.960000038146973,4.764999866485596,4.840000152587891,904500,0.0,0.0
2024-07-25 00:00:00-04:00,4.829999923706055,4.889999866485596,4.71999979019165,4.71999979019165,1271100,0.0,0.0
2024-07-26 00:00:00-04:00,4.769999980926514,5.019999980926514,4.769999980926514,5.0,1254700,0.0,0.0
2024-07-29 00:00:00-04:00,5.019999980926514,5.019999980926514,4.894999980926514,4.96999979019165,610300,0.0,0.0
2024-07-30 00:00:00-04:00,4.929999828338623,4.96999979019165,4.769999980926514,4.800000190734863,645700,0.0,0.0
2024-07-31 00:00:00-04:00,5.0,5.119999885559082,4.800000190734863,4.800000190734863,906000,0.0,0.0
2024-08-01 00:00:00-04:00,4.71999979019165,4.71999979019165,4.110000133514404,4.230000019073486,3285100,0.0,0.0
2024-08-02 00:00:00-04:00,4.079999923706055,4.110000133514404,3.8450000286102295,4.0,2567500,0.0,0.0
2024-08-05 00:00:00-04:00,3.700000047683716,4.40500020980835,3.5999999046325684,4.360000133514404,3881200,0.0,0.0
2024-08-06 00:00:00-04:00,4.539999961853027,4.875,4.489999771118164,4.75,2035500,0.0,0.0
2024-08-07 00:00:00-04:00,5.099999904632568,5.110000133514404,4.510000228881836,4.559999942779541,2430800,0.0,0.0
2024-08-08 00:00:00-04:00,4.599999904632568,4.690000057220459,4.550000190734863,4.610000133514404,1046100,0.0,0.0
2024-08-09 00:00:00-04:00,4.579999923706055,4.639999866485596,4.34499979019165,4.409999847412109,1455700,0.0,0.0
2024-08-12 00:00:00-04:00,4.46999979019165,4.610000133514404,4.420000076293945,4.519999980926514,675000,0.0,0.0
2024-08-13 00:00:00-04:00,4.53000020980835,4.619999885559082,4.5,4.619999885559082,847100,0.0,0.0
2024-08-14 00:00:00-04:00,4.559999942779541,4.579999923706055,4.300000190734863,4.349999904632568,861000,0.0,0.0
2024-08-15 00:00:00-04:00,4.400000095367432,4.460000038146973,4.289999961853027,4.309999942779541,1032300,0.0,0.0
2024-08-16 00:00:00-04:00,4.329999923706055,4.400000095367432,4.190000057220459,4.269999980926514,1146500,0.0,0.0
2024-08-19 00:00:00-04:00,4.28000020980835,4.440000057220459,4.179999828338623,4.389999866485596,1125400,0.0,0.0
2024-08-20 00:00:00-04:00,4.349999904632568,4.349999904632568,4.210000038146973,4.21999979019165,640000,0.0,0.0
2024-08-21 00:00:00-04:00,4.239999771118164,4.364999771118164,4.199999809265137,4.230000019073486,885200,0.0,0.0
2024-08-22 00:00:00-04:00,4.199999809265137,4.289999961853027,4.059999942779541,4.119999885559082,854600,0.0,0.0
2024-08-23 00:00:00-04:00,4.159999847412109,4.179999828338623,4.039999961853027,4.059999942779541,970000,0.0,0.0
2024-08-26 00:00:00-04:00,4.0,4.09499979019165,3.930000066757202,4.079999923706055,1491500,0.0,0.0
2024-08-27 00:00:00-04:00,3.4800000190734863,3.859999895095825,3.140000104904175,3.309999942779541,10428500,0.0,0.0
2024-08-28 00:00:00-04:00,3.130000114440918,3.130000114440918,2.640000104904175,2.700000047683716,11413600,0.0,0.0
2024-08-29 00:00:00-04:00,2.819999933242798,3.2799999713897705,2.809999942779541,3.180000066757202,5415500,0.0,0.0
2024-08-30 00:00:00-04:00,3.259999990463257,3.319999933242798,3.055000066757202,3.180000066757202,3054900,0.0,0.0
2024-09-03 00:00:00-04:00,3.109999895095825,3.130000114440918,2.9700000286102295,3.0199999809265137,2783000,0.0,0.0
2024-09-04 00:00:00-04:00,3.0199999809265137,3.109999895095825,3.000999927520752,3.0399999618530273,940100,0.0,0.0
2024-09-05 00:00:00-04:00,3.049999952316284,3.119999885559082,3.0,3.049999952316284,1490600,0.0,0.0
2024-09-06 00:00:00-04:00,3.059999942779541,3.059999942779541,2.869999885559082,2.940000057220459,2306300,0.0,0.0
2024-09-09 00:00:00-04:00,2.930000066757202,2.940000057220459,2.8399999141693115,2.890000104904175,1635100,0.0,0.0
2024-09-10 00:00:00-04:00,2.869999885559082,2.890000104904175,2.759999990463257,2.7699999809265137,1554500,0.0,0.0
2024-09-11 00:00:00-04:00,2.799999952316284,2.8399999141693115,2.740000009536743,2.799999952316284,1726000,0.0,0.0
2024-09-12 00:00:00-04:00,2.799999952316284,2.805000066757202,2.690000057220459,2.7200000286102295,1578100,0.0,0.0
2024-09-13 00:00:00-04:00,2.7300000190734863,2.734999895095825,2.6600000858306885,2.690000057220459,1894900,0.0,0.0
2024-09-16 00:00:00-04:00,2.700000047683716,2.7100000381469727,2.549999952316284,2.6700000762939453,2068000,0.0,0.0
2024-09-17 00:00:00-04:00,2.680000066757202,2.759999990463257,2.640000104904175,2.6600000858306885,1331000,0.0,0.0
2024-09-18 00:00:00-04:00,2.6600000858306885,2.6600000858306885,2.569999933242798,2.630000114440918,1650800,0.0,0.0
2024-09-19 00:00:00-04:00,2.759999990463257,2.9700000286102295,2.680000066757202,2.880000114440918,2436600,0.0,0.0
2024-09-20 00:00:00-04:00,2.9000000953674316,2.9159998893737793,2.75,2.7899999618530273,690600,0.0,0.0
2024-09-23 00:00:00-04:00,2.809999942779541,2.8389999866485596,2.759999990463257,2.7899999618530273,915500,0.0,0.0
2024-09-24 00:00:00-04:00,3.0,3.125,2.890000104904175,3.049999952316284,3679300,0.0,0.0
2024-09-25 00:00:00-04:00,2.940000057220459,2.990000009536743,2.8949999809265137,2.9100000858306885,1018000,0.0,0.0
2024-09-26 00:00:00-04:00,3.4200000762939453,3.799999952316284,3.4100000858306885,3.7100000381469727,12564800,0.0,0.0
2024-09-27 00:00:00-04:00,3.940000057220459,4.054999828338623,3.630000114440918,3.700000047683716,7453000,0.0,0.0
2024-09-30 00:00:00-04:00,4.070000171661377,4.590000152587891,3.859999895095825,3.9200000762939453,11883300,0.0,0.0
2024-10-01 00:00:00-04:00,3.9700000286102295,4.054999828338623,3.7799999713897705,3.940000057220459,5039000,0.0,0.0
2024-10-02 00:00:00-04:00,4.369999885559082,4.480000019073486,3.9600000381469727,4.03000020980835,6593700,0.0,0.0
2024-10-03 00:00:00-04:00,3.8299999237060547,3.950000047683716,3.75,3.799999952316284,3075400,0.0,0.0
2024-10-04 00:00:00-04:00,3.9600000381469727,4.03000020980835,3.7899999618530273,3.9200000762939453,2840600,0.0,0.0
2024-10-07 00:00:00-04:00,4.070000171661377,4.380000114440918,3.9600000381469727,4.369999885559082,6278300,0.0,0.0
2024-10-08 00:00:00-04:00,3.9700000286102295,4.052000045776367,3.7200000286102295,3.740000009536743,4278700,0.0,0.0
2024-10-09 00:00:00-04:00,3.5999999046325684,3.765000104904175,3.549999952316284,3.640000104904175,2153300,0.0,0.0
2024-10-10 00:00:00-04:00,3.640000104904175,3.809999942779541,3.630000114440918,3.7100000381469727,2634200,0.0,0.0
2024-10-11 00:00:00-04:00,3.5799999237060547,3.819999933242798,3.4649999141693115,3.7300000190734863,2977400,0.0,0.0
2024-10-14 00:00:00-04:00,3.6549999713897705,3.6649999618530273,3.4600000381469727,3.5299999713897705,1466600,0.0,0.0
2024-10-15 00:00:00-04:00,3.4000000953674316,3.509999990463257,3.2100000381469727,3.240000009536743,3242800,0.0,0.0
2024-10-16 00:00:00-04:00,3.2799999713897705,3.3299999237060547,3.190000057220459,3.240000009536743,1271000,0.0,0.0
2024-10-17 00:00:00-04:00,3.1700000762939453,3.180000066757202,2.990000009536743,3.1500000953674316,2783400,0.0,0.0
2024-10-18 00:00:00-04:00,3.3399999141693115,3.369999885559082,3.1700000762939453,3.200000047683716,1598900,0.0,0.0
2024-10-21 00:00:00-04:00,3.119999885559082,3.200000047683716,2.9800000190734863,3.1600000858306885,2716300,0.0,0.0
2024-10-22 00:00:00-04:00,3.1500000953674316,3.2200000286102295,3.0850000381469727,3.1600000858306885,1421900,0.0,0.0
2024-10-23 00:00:00-04:00,3.0899999141693115,3.109999895095825,2.9800000190734863,2.990000009536743,2005400,0.0,0.0
2024-10-24 00:00:00-04:00,3.0199999809265137,3.0350000858306885,2.8499999046325684,2.9800000190734863,2402300,0.0,0.0
2024-10-25 00:00:00-04:00,3.009999990463257,3.0399999618530273,2.950000047683716,3.0199999809265137,1212600,0.0,0.0
2024-10-28 00:00:00-04:00,3.140000104904175,3.2799999713897705,3.109999895095825,3.190000057220459,2215600,0.0,0.0
2024-10-29 00:00:00-04:00,3.2249999046325684,3.2249999046325684,3.055000066757202,3.059999942779541,1567600,0.0,0.0
2024-10-30 00:00:00-04:00,3.0199999809265137,3.200000047683716,2.984999895095825,3.140000104904175,1461200,0.0,0.0
2024-10-31 00:00:00-04:00,3.109999895095825,3.1600000858306885,3.0399999618530273,3.0799999237060547,771400,0.0,0.0
2024-11-01 00:00:00-04:00,3.0899999141693115,3.0999999046325684,3.0299999713897705,3.0799999237060547,751900,0.0,0.0
2024-11-04 00:00:00-05:00,3.119999885559082,3.190000057220459,3.075000047683716,3.0799999237060547,782700,0.0,0.0
2024-11-05 00:00:00-05:00,3.1700000762939453,3.194999933242798,3.0199999809265137,3.130000114440918,1053400,0.0,0.0
2024-11-06 00:00:00-05:00,3.0,3.109999895095825,2.9800000190734863,3.069999933242798,1029500,0.0,0.0
2024-11-07 00:00:00-05:00,3.200000047683716,3.3399999141693115,3.125,3.2200000286102295,1703700,0.0,0.0
2024-11-08 00:00:00-05:00,3.0999999046325684,3.1449999809265137,2.9700000286102295,3.0,1663700,0.0,0.0
2024-11-11 00:00:00-05:00,3.0,3.0250000953674316,2.809999942779541,2.8299999237060547,2499400,0.0,0.0
2024-11-12 00:00:00-05:00,2.799999952316284,2.799999952316284,2.680000066757202,2.7200000286102295,1722400,0.0,0.0
2024-11-13 00:00:00-05:00,2.75,2.759999990463257,2.5799999237060547,2.6500000953674316,2726600,0.0,0.0
2024-11-14 00:00:00-05:00,2.640000104904175,2.6649999618530273,2.5899999141693115,2.619999885559082,1007700,0.0,0.0
2024-11-15 00:00:00-05:00,2.640000104904175,2.6649999618530273,2.569999933242798,2.5899999141693115,1443700,0.0,0.0
2024-11-18 00:00:00-05:00,2.5999999046325684,2.640000104904175,2.549999952316284,2.5899999141693115,806700,0.0,0.0
2024-11-19 00:00:00-05:00,2.5999999046325684,2.609999895095825,2.549999952316284,2.5999999046325684,670600,0.0,0.0
2024-11-20 00:00:00-05:00,2.630000114440918,2.6549999713897705,2.5799999237060547,2.5999999046325684,1452700,0.0,0.0
2024-11-21 00:00:00-05:00,2.5999999046325684,2.609999895095825,2.5299999713897705,2.609999895095825,1763400,0.0,0.0
2024-11-22 00:00:00-05:00,2.559999942779541,2.5999999046325684,2.549999952316284,2.549999952316284,765100,0.0,0.0
2024-11-25 00:00:00-05:00,2.549999952316284,2.5880000591278076,2.5299999713897705,2.549999952316284,3242000,0.0,0.0
2024-11-26 00:00:00-05:00,2.549999952316284,2.555000066757202,2.4700000286102295,2.5,1468600,0.0,0.0
2024-11-27 00:00:00-05:00,2.569999933242798,2.880000114440918,2.5450000762939453,2.869999885559082,3536000,0.0,0.0
2024-11-29 00:00:00-05:00,2.950000047683716,2.9700000286102295,2.700000047683716,2.809999942779541,1479100,0.0,0.0
2024-12-02 00:00:00-05:00,2.930000066757202,2.930000066757202,2.799999952316284,2.9000000953674316,1502800,0.0,0.0
2024-12-03 00:00:00-05:00,2.9000000953674316,3.009999990463257,2.819999933242798,2.9800000190734863,1606800,0.0,0.0
2024-12-04 00:00:00-05:00,2.5950000286102295,2.690000057220459,2.490000009536743,2.6500000953674316,5043400,0.0,0.0
2024-12-05 00:00:00-05:00,2.6600000858306885,2.674999952316284,2.549999952316284,2.549999952316284,2888500,0.0,0.0
2024-12-06 00:00:00-05:00,2.5999999046325684,2.609999895095825,2.4000000953674316,2.430000066757202,4775500,0.0,0.0
2024-12-09 00:00:00-05:00,2.680000066757202,2.75,2.5999999046325684,2.630000114440918,4594100,0.0,0.0
2024-12-10 00:00:00-05:00,2.5299999713897705,2.555000066757202,2.4700000286102295,2.5,1780400,0.0,0.0
2024-12-11 00:00:00-05:00,2.5299999713897705,2.5399999618530273,2.4800000190734863,2.5199999809265137,1343400,0.0,0.0
2024-12-12 00:00:00-05:00,2.5299999713897705,2.5999999046325684,2.5,2.5,1215600,0.0,0.0
2024-12-13 00:00:00-05:00,2.5,2.509999990463257,2.4000000953674316,2.4600000381469727,1516000,0.0,0.0
2024-12-16 00:00:00-05:00,2.4800000190734863,2.4800000190734863,2.4000000953674316,2.4000000953674316,1521000,0.0,0.0
2024-12-17 00:00:00-05:00,2.4000000953674316,2.4800000190734863,2.4000000953674316,2.440000057220459,926900,0.0,0.0
2024-12-18 00:00:00-05:00,2.450000047683716,2.4600000381469727,2.359999895095825,2.369999885559082,1260400,0.0,0.0
2024-12-19 00:00:00-05:00,2.4000000953674316,2.4000000953674316,2.2699999809265137,2.309999942779541,2445900,0.0,0.0
2024-12-20 00:00:00-05:00,2.299999952316284,2.380000114440918,2.2809998989105225,2.299999952316284,1126100,0.0,0.0
2024-12-23 00:00:00-05:00,2.299999952316284,2.3499999046325684,2.2799999713897705,2.3499999046325684,1170900,0.0,0.0
2024-12-24 00:00:00-05:00,2.359999895095825,2.390000104904175,2.3350000381469727,2.380000114440918,669400,0.0,0.0
2024-12-26 00:00:00-05:00,2.3499999046325684,2.369999885559082,2.309999942779541,2.319999933242798,954000,0.0,0.0
2024-12-27 00:00:00-05:00,2.319999933242798,2.321000099182129,2.2300000190734863,2.240000009536743,1413400,0.0,0.0
2024-12-30 00:00:00-05:00,2.25,2.259999990463257,2.140000104904175,2.1600000858306885,2389900,0.0,0.0
2024-12-31 00:00:00-05:00,2.1700000762939453,2.2200000286102295,2.1600000858306885,2.190000057220459,1138500,0.0,0.0
2025-01-02 00:00:00-05:00,2.180000066757202,2.25,2.1500000953674316,2.1700000762939453,1264600,0.0,0.0
2025-01-03 00:00:00-05:00,2.2200000286102295,2.2200000286102295,2.140000104904175,2.140000104904175,1051700,0.0,0.0
2025-01-06 00:00:00-05:00,2.2100000381469727,2.2100000381469727,2.0999999046325684,2.109999895095825,1636500,0.0,0.0
2025-01-07 00:00:00-05:00,2.109999895095825,2.134999990463257,2.049999952316284,2.0799999237060547,2357100,0.0,0.0
2025-01-08 00:00:00-05:00,2.0399999618530273,2.049999952316284,1.9800000190734863,1.9800000190734863,1865700,0.0,0.0
2025-01-10 00:00:00-05:00,1.9800000190734863,2.009999990463257,1.9199999570846558,1.9900000095367432,1862600,0.0,0.0
2025-01-13 00:00:00-05:00,2.0,2.0,1.8799999952316284,1.899999976158142,1989300,0.0,0.0
2025-01-14 00:00:00-05:00,1.940000057220459,1.9900000095367432,1.909999966621399,1.9800000190734863,1569400,0.0,0.0
2025-01-15 00:00:00-05:00,2.009999990463257,2.049999952316284,1.9850000143051147,2.009999990463257,697500,0.0,0.0
2025-01-16 00:00:00-05:00,1.9900000095367432,2.015000104904175,1.9700000286102295,1.9900000095367432,1457300,0.0,0.0
2025-01-17 00:00:00-05:00,2.0199999809265137,2.119999885559082,1.9900000095367432,2.0899999141693115,3408000,0.0,0.0
2025-01-21 00:00:00-05:00,2.069999933242798,2.0799999237060547,1.9299999475479126,1.940000057220459,2194500,0.0,0.0
2025-01-22 00:00:00-05:00,1.9299999475479126,1.940000057220459,1.8700000047683716,1.8799999952316284,3233300,0.0,0.0
2025-01-23 00:00:00-05:00,1.940000057220459,1.9950000047683716,1.8849999904632568,1.909999966621399,2362900,0.0,0.0
2025-01-24 00:00:00-05:00,1.9600000381469727,2.240000009536743,1.899999976158142,2.200000047683716,2771300,0.0,0.0
2025-01-27 00:00:00-05:00,2.1600000858306885,2.299999952316284,2.1500000953674316,2.200000047683716,2037800,0.0,0.0
2025-01-28 00:00:00-05:00,2.180000066757202,2.3420000076293945,2.180000066757202,2.3399999141693115,1626600,0.0,0.0
2025-01-29 00:00:00-05:00,2.3399999141693115,2.359999895095825,2.190000057220459,2.2300000190734863,1333100,0.0,0.0
2025-01-30 00:00:00-05:00,2.240000009536743,2.3499999046325684,2.2100000381469727,2.3499999046325684,1197200,0.0,0.0
2025-01-31 00:00:00-05:00,2.359999895095825,2.359999895095825,2.180000066757202,2.190000057220459,1735600,0.0,0.0
2025-02-03 00:00:00-05:00,2.0999999046325684,2.190000057220459,2.059999942779541,2.140000104904175,2511800,0.0,0.0
2025-02-04 00:00:00-05:00,2.190000057220459,2.359999895095825,2.190000057220459,2.2899999618530273,1821300,0.0,0.0
2025-02-05 00:00:00-05:00,2.25,2.2769999504089355,2.2200000286102295,2.240000009536743,872100,0.0,0.0
2025-02-06 00:00:00-05:00,2.2699999809265137,2.390000104904175,2.2699999809265137,2.3499999046325684,2113500,0.0,0.0
2025-02-07 00:00:00-05:00,2.390000104904175,2.484999895095825,2.3399999141693115,2.390000104904175,829700,0.0,0.0
2025-02-10 00:00:00-05:00,2.4800000190734863,2.5299999713897705,2.390000104904175,2.4700000286102295,1561600,0.0,0.0
2025-02-11 00:00:00-05:00,2.390000104904175,2.559999942779541,2.359999895095825,2.5299999713897705,1588400,0.0,0.0
2025-02-12 00:00:00-05:00,2.619999885559082,2.7300000190734863,2.569999933242798,2.6500000953674316,3200800,0.0,0.0
2025-02-13 00:00:00-05:00,2.559999942779541,2.8499999046325684,2.5399999618530273,2.819999933242798,2736700,0.0,0.0
2025-02-14 00:00:00-05:00,2.984999895095825,3.069999933242798,2.634999990463257,2.7100000381469727,7102800,0.0,0.0
2025-02-18 00:00:00-05:00,2.799999952316284,2.8299999237060547,2.630000114440918,2.740000009536743,3277100,0.0,0.0
2025-02-19 00:00:00-05:00,2.740000009536743,2.75,2.609999895095825,2.7100000381469727,2106300,0.0,0.0
2025-02-20 00:00:00-05:00,2.759999990463257,2.8550000190734863,2.5199999809265137,2.569999933242798,4009500,0.0,0.0
2025-02-21 00:00:00-05:00,2.609999895095825,2.7799999713897705,2.559999942779541,2.6700000762939453,3185200,0.0,0.0
2025-02-24 00:00:00-05:00,2.640000104904175,2.640000104904175,2.440000057220459,2.450000047683716,2637200,0.0,0.0
2025-02-25 00:00:00-05:00,2.4200000762939453,2.5999999046325684,2.4100000858306885,2.5299999713897705,3522800,0.0,0.0
2025-02-26 00:00:00-05:00,2.799999952316284,3.4000000953674316,2.700000047683716,3.319999933242798,15083200,0.0,0.0
2025-02-27 00:00:00-05:00,3.240000009536743,3.7699999809265137,3.2100000381469727,3.440000057220459,6335200,0.0,0.0
2025-02-28 00:00:00-05:00,3.200000047683716,3.7200000286102295,3.200000047683716,3.509999990463257,5751500,0.0,0.0
2025-03-03 00:00:00-05:00,3.5299999713897705,3.6500000953674316,3.299999952316284,3.4100000858306885,4976500,0.0,0.0
2025-03-04 00:00:00-05:00,3.4100000858306885,3.6500000953674316,3.3399999141693115,3.4100000858306885,2553400,0.0,0.0
2025-03-05 00:00:00-05:00,3.549999952316284,3.690000057220459,3.315000057220459,3.6700000762939453,3303600,0.0,0.0
2025-03-06 00:00:00-05:00,3.75,3.880000114440918,3.4700000286102295,3.5299999713897705,4324500,0.0,0.0
2025-03-07 00:00:00-05:00,3.565000057220459,3.799999952316284,3.5,3.609999895095825,2523600,0.0,0.0
2025-03-10 00:00:00-04:00,3.5399999618530273,3.7300000190734863,3.3299999237060547,3.4800000190734863,4482400,0.0,0.0
2025-03-11 00:00:00-04:00,3.559999942779541,3.7200000286102295,3.490000009536743,3.5799999237060547,2620900,0.0,0.0
2025-03-12 00:00:00-04:00,3.569999933242798,3.569999933242798,3.380000114440918,3.4700000286102295,2132100,0.0,0.0
2025-03-13 00:00:00-04:00,3.369999885559082,3.5899999141693115,3.3499999046325684,3.4600000381469727,1932700,0.0,0.0
2025-03-14 00:00:00-04:00,3.5999999046325684,3.9000000953674316,3.5799999237060547,3.680000066757202,3699600,0.0,0.0
2025-03-17 00:00:00-04:00,3.680000066757202,4.070000171661377,3.630000114440918,3.990000009536743,5098300,0.0,0.0
2025-03-18 00:00:00-04:00,4.079999923706055,4.079999923706055,3.8949999809265137,3.9200000762939453,2573900,0.0,0.0
2025-03-19 00:00:00-04:00,3.9200000762939453,3.9600000381469727,3.8499999046325684,3.890000104904175,1152600,0.0,0.0
2025-03-20 00:00:00-04:00,3.759999990463257,3.7699999809265137,3.509999990463257,3.5999999046325684,3254800,0.0,0.0
2025-03-21 00:00:00-04:00,3.5,3.549999952316284,3.369999885559082,3.369999885559082,3006800,0.0,0.0
2025-03-24 00:00:00-04:00,3.440000057220459,3.440000057220459,3.2100000381469727,3.2300000190734863,3091000,0.0,0.0
2025-03-25 00:00:00-04:00,3.125,3.25,3.059999942779541,3.1500000953674316,2747300,0.0,0.0
2025-03-26 00:00:00-04:00,3.190000057220459,3.2249999046325684,3.1500000953674316,3.1600000858306885,1565700,0.0,0.0
2025-03-27 00:00:00-04:00,3.180000066757202,3.369999885559082,3.1500000953674316,3.3499999046325684,1735200,0.0,0.0
2025-03-28 00:00:00-04:00,3.299999952316284,3.369999885559082,3.240000009536743,3.2699999809265137,2064700,0.0,0.0
2025-03-31 00:00:00-04:00,3.140000104904175,3.2960000038146973,3.109999895095825,3.25,1139100,0.0,0.0
2025-04-01 00:00:00-04:00,3.259999990463257,3.259999990463257,2.930000066757202,2.9700000286102295,4311400,0.0,0.0
2025-04-02 00:00:00-04:00,3.0,3.0950000286102295,2.8550000190734863,3.049999952316284,1379200,0.0,0.0
2025-04-03 00:00:00-04:00,2.880000114440918,3.0889999866485596,2.880000114440918,2.990000009536743,1171900,0.0,0.0
2025-04-04 00:00:00-04:00,2.755000114440918,2.9600000381469727,2.755000114440918,2.9200000762939453,2642800,0.0,0.0
2025-04-07 00:00:00-04:00,2.630000114440918,2.9149999618530273,2.5999999046325684,2.75,1920200,0.0,0.0
2025-04-08 00:00:00-04:00,2.8299999237060547,2.8340001106262207,2.5899999141693115,2.5999999046325684,1509100,0.0,0.0
2025-04-09 00:00:00-04:00,2.549999952316284,2.700000047683716,2.4600000381469727,2.619999885559082,2928600,0.0,0.0
2025-04-10 00:00:00-04:00,2.6700000762939453,2.7100000381469727,2.5999999046325684,2.640000104904175,1224000,0.0,0.0
2025-04-11 00:00:00-04:00,2.609999895095825,2.694999933242798,2.609999895095825,2.6700000762939453,1075700,0.0,0.0
2025-04-14 00:00:00-04:00,2.759999990463257,2.8499999046325684,2.690000057220459,2.759999990463257,1492800,0.0,0.0
2025-04-15 00:00:00-04:00,2.7799999713897705,2.799999952316284,2.75,2.759999990463257,463700,0.0,0.0
2025-04-16 00:00:00-04:00,2.690000057220459,2.734999895095825,2.622999906539917,2.690000057220459,1718000,0.0,0.0
2025-04-17 00:00:00-04:00,2.759999990463257,2.799999952316284,2.680000066757202,2.690000057220459,620000,0.0,0.0
2025-04-21 00:00:00-04:00,2.6700000762939453,2.674999952316284,2.619999885559082,2.630000114440918,747600,0.0,0.0
2025-04-22 00:00:00-04:00,2.8399999141693115,2.990000009536743,2.680000066757202,2.690000057220459,2209800,0.0,0.0
2025-04-23 00:00:00-04:00,2.8299999237060547,2.9700000286102295,2.7850000858306885,2.869999885559082,1996700,0.0,0.0
2025-04-24 00:00:00-04:00,2.8299999237060547,2.884999990463257,2.809999942779541,2.869999885559082,1271300,0.0,0.0
2025-04-25 00:00:00-04:00,2.869999885559082,3.0,2.8499999046325684,2.990000009536743,734900,0.0,0.0
2025-04-28 00:00:00-04:00,3.0,3.0850000381469727,2.9800000190734863,3.069999933242798,816400,0.0,0.0
2025-04-29 00:00:00-04:00,3.059999942779541,3.0899999141693115,3.0199999809265137,3.069999933242798,501000,0.0,0.0
2025-04-30 00:00:00-04:00,3.059999942779541,3.119999885559082,3.0299999713897705,3.109999895095825,485000,0.0,0.0
2025-05-01 00:00:00-04:00,3.130000114440918,3.2699999809265137,3.109999895095825,3.25,585100,0.0,0.0
2025-05-02 00:00:00-04:00,3.259999990463257,3.390000104904175,3.259999990463257,3.3299999237060547,873900,0.0,0.0
2025-05-05 00:00:00-04:00,3.319999933242798,3.444999933242798,3.2950000762939453,3.4100000858306885,1576700,0.0,0.0
2025-05-06 00:00:00-04:00,3.4100000858306885,3.4700000286102295,3.4000000953674316,3.430000066757202,1504200,0.0,0.0
2025-05-07 00:00:00-04:00,3.380000114440918,3.4100000858306885,3.200000047683716,3.25,1378700,0.0,0.0
2025-05-08 00:00:00-04:00,3.2899999618530273,3.3350000381469727,3.0950000286102295,3.299999952316284,1152800,0.0,0.0
2025-05-09 00:00:00-04:00,3.2899999618530273,3.3550000190734863,3.25,3.309999942779541,892400,0.0,0.0
2025-05-12 00:00:00-04:00,3.4100000858306885,3.6600000858306885,3.380000114440918,3.5999999046325684,1597200,0.0,0.0
2025-05-13 00:00:00-04:00,3.5799999237060547,3.8299999237060547,3.5799999237060547,3.7200000286102295,1544100,0.0,0.0
2025-05-14 00:00:00-04:00,3.8399999141693115,3.869999885559082,3.7200000286102295,3.799999952316284,1553800,0.0,0.0
2025-05-15 00:00:00-04:00,4.340000152587891,4.559999942779541,3.9000000953674316,3.9100000858306885,9153900,0.0,0.0
2025-05-16 00:00:00-04:00,3.9800000190734863,4.008999824523926,3.7300000190734863,3.809999942779541,3234700,0.0,0.0
2025-05-19 00:00:00-04:00,3.759999990463257,3.890000104904175,3.6600000858306885,3.869999885559082,1818000,0.0,0.0
2025-05-20 00:00:00-04:00,3.9000000953674316,3.9100000858306885,3.809999942779541,3.809999942779541,1326800,0.0,0.0
2025-05-21 00:00:00-04:00,3.799999952316284,3.9100000858306885,3.7899999618530273,3.799999952316284,1243800,0.0,0.0
2025-05-22 00:00:00-04:00,3.759999990463257,3.799999952316284,3.7019999027252197,3.7300000190734863,1151600,0.0,0.0
2025-05-23 00:00:00-04:00,3.680000066757202,3.759999990463257,3.619999885559082,3.7200000286102295,1232400,0.0,0.0
2025-05-27 00:00:00-04:00,3.680000066757202,3.7300000190734863,3.5999999046325684,3.6500000953674316,1421300,0.0,0.0
2025-05-28 00:00:00-04:00,3.6500000953674316,3.7300000190734863,3.569999933242798,3.5899999141693115,895200,0.0,0.0
2025-05-29 00:00:00-04:00,3.6600000858306885,3.9000000953674316,3.640000104904175,3.8399999141693115,1377500,0.0,0.0
2025-05-30 00:00:00-04:00,3.7699999809265137,3.819999933242798,3.640000104904175,3.809999942779541,907100,0.0,0.0
2025-06-02 00:00:00-04:00,3.7699999809265137,3.869999885559082,3.750999927520752,3.7799999713897705,648400,0.0,0.0
2025-06-03 00:00:00-04:00,3.7899999618530273,3.8399999141693115,3.7699999809265137,3.819999933242798,318600,0.0,0.0
2025-06-04 00:00:00-04:00,3.8299999237060547,4.085000038146973,3.8299999237060547,4.039999961853027,1503100,0.0,0.0
2025-06-05 00:00:00-04:00,4.070000171661377,4.130000114440918,4.010000228881836,4.010000228881836,969600,0.0,0.0
2025-06-06 00:00:00-04:00,4.010000228881836,4.019999980926514,3.9800000190734863,3.990000009536743,567600,0.0,0.0
2025-06-09 00:00:00-04:00,4.039999961853027,4.070000171661377,4.002999782562256,4.03000020980835,856400,0.0,0.0
2025-06-10 00:00:00-04:00,4.03000020980835,4.039999961853027,3.990000009536743,4.03000020980835,602100,0.0,0.0
2025-06-11 00:00:00-04:00,4.050000190734863,4.090000152587891,3.9800000190734863,3.990000009536743,668600,0.0,0.0
2025-06-12 00:00:00-04:00,3.9800000190734863,4.050000190734863,3.9700000286102295,3.990000009536743,615600,0.0,0.0
2025-06-13 00:00:00-04:00,3.9800000190734863,3.990000009536743,3.880000114440918,3.880000114440918,909400,0.0,0.0
2025-06-16 00:00:00-04:00,3.9700000286102295,3.9700000286102295,3.890000104904175,3.890000104904175,692900,0.0,0.0
2025-06-17 00:00:00-04:00,3.9000000953674316,3.930000066757202,3.869999885559082,3.9100000858306885,539100,0.0,0.0
2025-06-18 00:00:00-04:00,3.890000104904175,3.9800000190734863,3.890000104904175,3.930000066757202,889200,0.0,0.0
2025-06-20 00:00:00-04:00,3.9000000953674316,3.924999952316284,3.734999895095825,3.759999990463257,1228300,0.0,0.0
2025-06-23 00:00:00-04:00,3.75,3.7899999618530273,3.615000009536743,3.7300000190734863,1722000,0.0,0.0
2025-06-24 00:00:00-04:00,3.809999942779541,3.819999933242798,3.740000009536743,3.75,697100,0.0,0.0
2025-06-25 00:00:00-04:00,3.7799999713897705,3.8399999141693115,3.7200000286102295,3.75,923600,0.0,0.0
2025-06-26 00:00:00-04:00,3.7699999809265137,3.7699999809265137,3.609999895095825,3.740000009536743,1085300,0.0,0.0
2025-06-27 00:00:00-04:00,3.7100000381469727,3.7100000381469727,3.621999979019165,3.6700000762939453,621500,0.0,0.0
2025-06-30 00:00:00-04:00,3.6600000858306885,3.674999952316284,3.569999933242798,3.609999895095825,843800,0.0,0.0
2025-07-01 00:00:00-04:00,3.5899999141693115,3.621000051498413,3.549999952316284,3.5799999237060547,701000,0.0,0.0
2025-07-02 00:00:00-04:00,3.559999942779541,3.6600000858306885,3.5399999618530273,3.5799999237060547,707900,0.0,0.0
2025-07-03 00:00:00-04:00,3.549999952316284,3.5799999237060547,3.509999990463257,3.5299999713897705,506900,0.0,0.0
2025-07-07 00:00:00-04:00,3.5299999713897705,3.5799999237060547,3.440000057220459,3.450000047683716,557400,0.0,0.0
2025-07-08 00:00:00-04:00,3.5,3.6500000953674316,3.4600000381469727,3.5999999046325684,905000,0.0,0.0
2025-07-09 00:00:00-04:00,3.5999999046325684,3.700000047683716,3.5799999237060547,3.6500000953674316,616400,0.0,0.0
2025-07-10 00:00:00-04:00,3.640000104904175,3.6500000953674316,3.565000057220459,3.5799999237060547,273600,0.0,0.0
2025-07-11 00:00:00-04:00,3.5799999237060547,3.619999885559082,3.5350000858306885,3.559999942779541,359100,0.0,0.0
2025-07-14 00:00:00-04:00,3.5999999046325684,3.619999885559082,3.549999952316284,3.5899999141693115,274300,0.0,0.0
2025-07-15 00:00:00-04:00,3.6500000953674316,4.034999847412109,3.619999885559082,3.990000009536743,2305900,0.0,0.0
2025-07-16 00:00:00-04:00,3.9800000190734863,3.9800000190734863,3.809999942779541,3.8399999141693115,810000,0.0,0.0
2025-07-17 00:00:00-04:00,3.809999942779541,3.8299999237060547,3.694999933242798,3.759999990463257,948600,0.0,0.0
2025-07-18 00:00:00-04:00,3.819999933242798,3.9149999618530273,3.799999952316284,3.819999933242798,652900,0.0,0.0
2025-07-21 00:00:00-04:00,3.869999885559082,3.9100000858306885,3.759999990463257,3.7699999809265137,1051600,0.0,0.0
2025-07-22 00:00:00-04:00,3.7300000190734863,3.7950000762939453,3.640000104904175,3.700000047683716,641000,0.0,0.0
2025-07-23 00:00:00-04:00,3.7200000286102295,3.740000009536743,3.6700000762939453,3.740000009536743,560600,0.0,0.0
2025-07-24 00:00:00-04:00,3.759999990463257,3.7899999618530273,3.5999999046325684,3.5999999046325684,715300,0.0,0.0
2025-07-25 00:00:00-04:00,3.559999942779541,3.5999999046325684,3.509999990463257,3.5799999237060547,536500,0.0,0.0
2025-07-28 00:00:00-04:00,3.569999933242798,3.6600000858306885,3.549999952316284,3.630000114440918,547800,0.0,0.0
2025-07-29 00:00:00-04:00,3.630000114440918,3.6500000953674316,3.5399999618530273,3.630000114440918,789900,0.0,0.0
2025-07-30 00:00:00-04:00,3.609999895095825,3.6500000953674316,3.450000047683716,3.4700000286102295,653500,0.0,0.0
2025-07-31 00:00:00-04:00,3.5,3.630000114440918,3.4600000381469727,3.5199999809265137,555400,0.0,0.0
2025-08-01 00:00:00-04:00,3.490000009536743,3.5199999809265137,3.450000047683716,3.5199999809265137,508500,0.0,0.0
2025-08-04 00:00:00-04:00,3.5199999809265137,3.575000047683716,3.5199999809265137,3.5299999713897705,353400,0.0,0.0
2025-08-05 00:00:00-04:00,3.5399999618530273,3.6050000190734863,3.5399999618530273,3.549999952316284,476900,0.0,0.0
2025-08-06 00:00:00-04:00,3.5399999618530273,3.619999885559082,3.5299999713897705,3.609999895095825,447100,0.0,0.0
2025-08-07 00:00:00-04:00,3.559999942779541,3.7100000381469727,3.559999942779541,3.640000104904175,397500,0.0,0.0
2025-08-08 00:00:00-04:00,3.5999999046325684,3.7100000381469727,3.5799999237060547,3.6600000858306885,291300,0.0,0.0
2025-08-11 00:00:00-04:00,3.6500000953674316,3.799999952316284,3.630000114440918,3.7300000190734863,536400,0.0,0.0
2025-08-12 00:00:00-04:00,3.7300000190734863,3.8299999237060547,3.690000057220459,3.7899999618530273,610300,0.0,0.0
2025-08-13 00:00:00-04:00,3.799999952316284,3.930000066757202,3.7899999618530273,3.9200000762939453,960700,0.0,0.0
2025-08-14 00:00:00-04:00,3.880000114440918,3.9200000762939453,3.7300000190734863,3.740000009536743,539400,0.0,0.0
2025-08-15 00:00:00-04:00,3.7799999713897705,3.8399999141693115,3.76200008392334,3.819999933242798,403100,0.0,0.0
2025-08-18 00:00:00-04:00,3.8299999237060547,3.859999895095825,3.75,3.799999952316284,489500,0.0,0.0
2025-08-19 00:00:00-04:00,3.7799999713897705,3.8389999866485596,3.6700000762939453,3.690000057220459,707300,0.0,0.0
2025-08-20 00:00:00-04:00,3.690000057220459,3.7709999084472656,3.609999895095825,3.630000114440918,522600,0.0,0.0
2025-08-21 00:00:00-04:00,3.619999885559082,3.7300000190734863,3.5999999046325684,3.700000047683716,306500,0.0,0.0
2025-08-22 00:00:00-04:00,3.759999990463257,3.7850000858306885,3.6500000953674316,3.690000057220459,814800,0.0,0.0
2025-08-25 00:00:00-04:00,3.799999952316284,3.9800000190734863,3.7100000381469727,3.7799999713897705,1668200,0.0,0.0
2025-08-26 00:00:00-04:00,3.7799999713897705,3.8399999141693115,3.4000000953674316,3.640000104904175,2497100,0.0,0.0
2025-08-27 00:00:00-04:00,3.559999942779541,3.9200000762939453,3.549999952316284,3.7799999713897705,1086800,0.0,0.0
2025-08-28 00:00:00-04:00,3.7899999618530273,4.039999961853027,3.740000009536743,3.9800000190734863,1777400,0.0,0.0
2025-08-29 00:00:00-04:00,3.9800000190734863,4.119999885559082,3.884999990463257,3.9000000953674316,1556900,0.0,0.0
2025-09-02 00:00:00-04:00,3.890000104904175,3.934000015258789,3.765000104904175,3.7799999713897705,999900,0.0,0.0
2025-09-03 00:00:00-04:00,3.75,3.819999933242798,3.75,3.7699999809265137,535800,0.0,0.0
2025-09-04 00:00:00-04:00,3.75,3.765000104904175,3.6500000953674316,3.6700000762939453,493800,0.0,0.0
2025-09-05 00:00:00-04:00,3.6600000858306885,3.734999895095825,3.5999999046325684,3.5999999046325684,648300,0.0,0.0
2025-09-08 00:00:00-04:00,3.6500000953674316,3.694999933242798,3.5950000286102295,3.5999999046325684,538400,0.0,0.0
2025-09-09 00:00:00-04:00,3.6500000953674316,3.690000057220459,3.5899999141693115,3.640000104904175,558500,0.0,0.0
2025-09-10 00:00:00-04:00,3.6600000858306885,3.680000066757202,3.5,3.549999952316284,913500,0.0,0.0
2025-09-11 00:00:00-04:00,3.569999933242798,3.674999952316284,3.552000045776367,3.6500000953674316,420700,0.0,0.0
2025-09-12 00:00:00-04:00,3.640000104904175,3.7200000286102295,3.6050000190734863,3.700000047683716,604100,0.0,0.0
2025-09-15 00:00:00-04:00,3.7100000381469727,3.7100000381469727,3.5299999713897705,3.5999999046325684,1038800,0.0,0.0
2025-09-16 00:00:00-04:00,3.630000114440918,3.6600000858306885,3.5999999046325684,3.609999895095825,450800,0.0,0.0
2025-09-17 00:00:00-04:00,3.6600000858306885,3.6700000762939453,3.5450000762939453,3.569999933242798,886500,0.0,0.0
2025-09-18 00:00:00-04:00,3.559999942779541,3.6700000762939453,3.5399999618530273,3.549999952316284,472500,0.0,0.0
2025-09-19 00:00:00-04:00,3.549999952316284,3.569999933242798,3.4600000381469727,3.490000009536743,705200,0.0,0.0
2025-09-22 00:00:00-04:00,3.490000009536743,3.5799999237060547,3.440000057220459,3.5,446800,0.0,0.0
2025-09-23 00:00:00-04:00,3.490000009536743,3.5290000438690186,3.4000000953674316,3.4000000953674316,867800,0.0,0.0
2025-09-24 00:00:00-04:00,3.450000047683716,3.4800000190734863,3.365000009536743,3.4000000953674316,943400,0.0,0.0
2025-09-25 00:00:00-04:00,3.380000114440918,3.384999990463257,3.259999990463257,3.2799999713897705,1151200,0.0,0.0
2025-09-26 00:00:00-04:00,3.2699999809265137,3.2950000762939453,3.200000047683716,3.2100000381469727,631600,0.0,0.0
2025-09-29 00:00:00-04:00,3.2699999809265137,3.359999895095825,3.259999990463257,3.319999933242798,468900,0.0,0.0
2025-09-30 00:00:00-04:00,3.3499999046325684,3.3499999046325684,3.2300000190734863,3.259999990463257,431200,0.0,0.0
2025-10-01 00:00:00-04:00,3.25,3.3450000286102295,3.25,3.319999933242798,523100,0.0,0.0
2025-10-02 00:00:00-04:00,3.3399999141693115,3.380000114440918,3.299999952316284,3.309999942779541,307100,0.0,0.0
2025-10-03 00:00:00-04:00,3.309999942779541,3.3489999771118164,3.200000047683716,3.2300000190734863,453400,0.0,0.0
2025-10-06 00:00:00-04:00,3.2100000381469727,3.2899999618530273,3.180000066757202,3.259999990463257,475800,0.0,0.0
2025-10-07 00:00:00-04:00,3.24399995803833,3.2699999809265137,3.134999990463257,3.140000104904175,774400,0.0,0.0
2025-10-08 00:00:00-04:00,3.140000104904175,3.2200000286102295,3.109999895095825,3.2200000286102295,460100,0.0,0.0
2025-10-09 00:00:00-04:00,3.2100000381469727,3.255000114440918,3.180000066757202,3.2100000381469727,331500,0.0,0.0
2025-10-10 00:00:00-04:00,3.190000057220459,3.2300000190734863,2.9800000190734863,3.0,923700,0.0,0.0
2025-10-13 00:00:00-04:00,3.119999885559082,3.1500000953674316,3.009999990463257,3.009999990463257,448700,0.0,0.0
2025-10-14 00:00:00-04:00,2.990000009536743,3.0350000858306885,2.9240000247955322,3.0299999713897705,478600,0.0,0.0
2025-10-15 00:00:00-04:00,3.0299999713897705,3.2100000381469727,3.0299999713897705,3.109999895095825,490800,0.0,0.0
2025-10-16 00:00:00-04:00,3.0999999046325684,3.140000104904175,3.0350000858306885,3.0399999618530273,266200,0.0,0.0
2025-10-17 00:00:00-04:00,2.990000009536743,3.059000015258789,2.9800000190734863,3.0,472500,0.0,0.0
2025-10-20 00:00:00-04:00,3.0299999713897705,3.2100000381469727,3.0299999713897705,3.180000066757202,334600,0.0,0.0
2025-10-21 00:00:00-04:00,3.1700000762939453,3.2699999809265137,3.1500000953674316,3.2300000190734863,464000,0.0,0.0
2025-10-22 00:00:00-04:00,3.2799999713897705,3.299999952316284,3.119999885559082,3.1700000762939453,435500,0.0,0.0
2025-10-23 00:00:00-04:00,3.180000066757202,3.2200000286102295,3.1700000762939453,3.1700000762939453,210600,0.0,0.0
2025-10-24 00:00:00-04:00,3.180000066757202,3.200000047683716,3.115000009536743,3.119999885559082,280800,0.0,0.0
2025-10-27 00:00:00-04:00,3.1500000953674316,3.1600000858306885,3.069999933242798,3.0899999141693115,568300,0.0,0.0
2025-10-28 00:00:00-04:00,3.069999933242798,3.109999895095825,2.9700000286102295,3.0299999713897705,624000,0.0,0.0
2025-10-29 00:00:00-04:00,3.0399999618530273,3.049999952316284,2.8499999046325684,2.890000104904175,833500,0.0,0.0
2025-10-30 00:00:00-04:00,2.9600000381469727,2.9800000190734863,2.884999990463257,2.930000066757202,547500,0.0,0.0
2025-10-31 00:00:00-04:00,2.930000066757202,2.950000047683716,2.8399999141693115,2.859999895095825,408100,0.0,0.0
2025-11-03 00:00:00-05:00,2.869999885559082,2.931999921798706,2.809999942779541,2.809999942779541,293700,0.0,0.0
2025-11-04 00:00:00-05:00,2.799999952316284,2.8550000190734863,2.759999990463257,2.7799999713897705,358400,0.0,0.0
2025-11-05 00:00:00-05:00,2.8499999046325684,2.8499999046325684,2.7799999713897705,2.8299999237060547,248300,0.0,0.0
2025-11-06 00:00:00-05:00,2.819999933242798,2.8499999046325684,2.75,2.75,341000,0.0,0.0
2025-11-07 00:00:00-05:00,2.7899999618530273,2.7899999618530273,2.630000114440918,2.7100000381469727,732400,0.0,0.0
2025-11-10 00:00:00-05:00,2.75,2.7899999618530273,2.690000057220459,2.700000047683716,382200,0.0,0.0
2025-11-11 00:00:00-05:00,2.690000057220459,2.734999895095825,2.6600000858306885,2.6600000858306885,232600,0.0,0.0
2025-11-12 00:00:00-05:00,2.6500000953674316,2.6700000762939453,2.630000114440918,2.6700000762939453,288300,0.0,0.0
2025-11-13 00:00:00-05:00,2.690000057220459,2.7300000190734863,2.6050000190734863,2.619999885559082,419000,0.0,0.0
2025-11-14 00:00:00-05:00,2.5999999046325684,2.6500000953674316,2.4700000286102295,2.4800000190734863,1003900,0.0,0.0
2025-11-17 00:00:00-05:00,2.490000009536743,2.5199999809265137,2.424999952316284,2.430000066757202,491400,0.0,0.0
2025-11-18 00:00:00-05:00,2.380000114440918,2.5,2.359999895095825,2.440000057220459,1176200,0.0,0.0
2025-11-19 00:00:00-05:00,2.4700000286102295,2.4809999465942383,2.4100000858306885,2.440000057220459,743000,0.0,0.0
2025-11-20 00:00:00-05:00,2.4200000762939453,2.5899999141693115,2.4000000953674316,2.4200000762939453,1192800,0.0,0.0
2025-11-21 00:00:00-05:00,2.4000000953674316,2.549999952316284,2.4000000953674316,2.5399999618530273,453200,0.0,0.0
2025-11-24 00:00:00-05:00,2.5299999713897705,2.6649999618530273,2.5299999713897705,2.6500000953674316,560100,0.0,0.0
2025-11-25 00:00:00-05:00,2.680000066757202,2.700000047683716,2.6050000190734863,2.609999895095825,659000,0.0,0.0
2025-11-26 00:00:00-05:00,2.5,2.5899999141693115,2.4000000953674316,2.4000000953674316,1415400,0.0,0.0
2025-11-28 00:00:00-05:00,2.450000047683716,2.4600000381469727,2.299999952316284,2.359999895095825,902100,0.0,0.0
2025-12-01 00:00:00-05:00,2.390000104904175,2.5,2.359999895095825,2.4200000762939453,690000,0.0,0.0
2025-12-02 00:00:00-05:00,2.4100000858306885,2.440000057220459,2.380000114440918,2.4100000858306885,497800,0.0,0.0
2025-12-03 00:00:00-05:00,2.4100000858306885,2.440000057220459,2.369999885559082,2.369999885559082,504000,0.0,0.0
2025-12-04 00:00:00-05:00,2.369999885559082,2.4100000858306885,2.369999885559082,2.390000104904175,445500,0.0,0.0
2025-12-05 00:00:00-05:00,2.4200000762939453,2.450000047683716,2.390000104904175,2.4000000953674316,261500,0.0,0.0
2025-12-08 00:00:00-05:00,2.4200000762939453,2.509999990463257,2.4000000953674316,2.509999990463257,456100,0.0,0.0
2025-12-09 00:00:00-05:00,2.490000009536743,2.559999942779541,2.490000009536743,2.5399999618530273,486900,0.0,0.0
2025-12-10 00:00:00-05:00,2.559999942779541,2.559999942779541,2.4649999141693115,2.4800000190734863,460400,0.0,0.0
2025-12-11 00:00:00-05:00,2.4600000381469727,2.490000009536743,2.390000104904175,2.390000104904175,796300,0.0,0.0
2025-12-12 00:00:00-05:00,2.430000066757202,2.440000057220459,2.380000114440918,2.380000114440918,343200,0.0,0.0
2025-12-15 00:00:00-05:00,2.359999895095825,2.4000000953674316,2.3399999141693115,2.380000114440918,661200,0.0,0.0
2025-12-16 00:00:00-05:00,2.3480000495910645,2.4100000858306885,2.3480000495910645,2.390000104904175,325300,0.0,0.0
2025-12-17 00:00:00-05:00,2.4200000762939453,2.430000066757202,2.309999942779541,2.319999933242798,519000,0.0,0.0
2025-12-18 00:00:00-05:00,2.3399999141693115,2.380000114440918,2.3299999237060547,2.369999885559082,253200,0.0,0.0
2025-12-19 00:00:00-05:00,2.369999885559082,2.390000104904175,2.359999895095825,2.359999895095825,195000,0.0,0.0
2025-12-22 00:00:00-05:00,2.3499999046325684,2.4000000953674316,2.3499999046325684,2.390000104904175,339100,0.0,0.0
2025-12-23 00:00:00-05:00,2.359999895095825,2.4200000762939453,2.3550000190734863,2.390000104904175,477900,0.0,0.0
2025-12-24 00:00:00-05:00,2.3499999046325684,2.4100000858306885,2.3499999046325684,2.3499999046325684,250800,0.0,0.0
2025-12-26 00:00:00-05:00,2.3499999046325684,2.380000114440918,2.3299999237060547,2.3399999141693115,207400,0.0,0.0
2025-12-29 00:00:00-05:00,2.299999952316284,2.380000114440918,2.2699999809265137,2.359999895095825,500500,0.0,0.0
2025-12-30 00:00:00-05:00,2.369999885559082,2.384999990463257,2.3299999237060547,2.3299999237060547,351800,0.0,0.0
2025-12-31 00:00:00-05:00,2.299999952316284,2.359999895095825,2.299999952316284,2.319999933242798,380800,0.0,0.0
2026-01-02 00:00:00-05:00,2.3499999046325684,2.4600000381469727,2.3499999046325684,2.440000057220459,262300,0.0,0.0
2026-01-05 00:00:00-05:00,2.4600000381469727,2.619999885559082,2.4600000381469727,2.5799999237060547,772800,0.0,0.0
2026-01-06 00:00:00-05:00,2.619999885559082,2.634999990463257,2.555000066757202,2.559999942779541,462600,0.0,0.0
2026-01-07 00:00:00-05:00,2.559999942779541,2.569999933242798,2.5250000953674316,2.5299999713897705,351400,0.0,0.0
2026-01-08 00:00:00-05:00,2.5299999713897705,2.569999933242798,2.5199999809265137,2.5399999618530273,293700,0.0,0.0
2026-01-09 00:00:00-05:00,2.549999952316284,2.569999933242798,2.430000066757202,2.430000066757202,537700,0.0,0.0
2026-01-12 00:00:00-05:00,2.4600000381469727,2.6500000953674316,2.440000057220459,2.6500000953674316,620800,0.0,0.0
2026-01-13 00:00:00-05:00,2.630000114440918,2.630000114440918,2.505000114440918,2.509999990463257,398500,0.0,0.0
2026-01-14 00:00:00-05:00,2.5199999809265137,2.5450000762939453,2.4549999237060547,2.4600000381469727,356600,0.0,0.0
2026-01-15 00:00:00-05:00,2.450000047683716,2.490000009536743,2.4000000953674316,2.4100000858306885,236300,0.0,0.0
2026-01-16 00:00:00-05:00,2.4200000762939453,2.440000057220459,2.359999895095825,2.390000104904175,402200,0.0,0.0
2026-01-20 00:00:00-05:00,2.369999885559082,2.4140000343322754,2.299999952316284,2.319999933242798,481100,0.0,0.0
2026-01-21 00:00:00-05:00,2.319999933242798,2.390000104904175,2.2249999046325684,2.259999990463257,934700,0.0,0.0
2026-01-22 00:00:00-05:00,2.2799999713897705,2.319999933242798,2.240000009536743,2.25,370100,0.0,0.0
2026-01-23 00:00:00-05:00,2.25,2.2799999713897705,2.234999895095825,2.2699999809265137,343800,0.0,0.0
2026-01-26 00:00:00-05:00,2.299999952316284,2.299999952316284,2.2100000381469727,2.240000009536743,574100,0.0,0.0
2026-01-27 00:00:00-05:00,2.259999990463257,2.2679998874664307,2.2300000190734863,2.240000009536743,241400,0.0,0.0
2026-01-28 00:00:00-05:00,2.259999990463257,2.299999952316284,2.2300000190734863,2.2300000190734863,358100,0.0,0.0
2026-01-29 00:00:00-05:00,2.259999990463257,2.3399999141693115,2.2249999046325684,2.259999990463257,393100,0.0,0.0
2026-01-30 00:00:00-05:00,2.259999990463257,2.2899999618530273,2.244999885559082,2.259999990463257,491400,0.0,0.0
2026-02-02 00:00:00-05:00,2.259999990463257,2.2799999713897705,2.240000009536743,2.25,278000,0.0,0.0
2026-02-03 00:00:00-05:00,2.25,2.2699999809265137,2.1700000762939453,2.240000009536743,685400,0.0,0.0
2026-02-04 00:00:00-05:00,2.240000009536743,2.25,2.194999933242798,2.2100000381469727,480100,0.0,0.0
2026-02-05 00:00:00-05:00,2.190000057220459,2.2300000190734863,2.059999942779541,2.069999933242798,1009700,0.0,0.0
2026-02-06 00:00:00-05:00,2.0999999046325684,2.2200000286102295,2.0999999046325684,2.1600000858306885,920000,0.0,0.0
2026-02-09 00:00:00-05:00,2.1500000953674316,2.200000047683716,2.119999885559082,2.180000066757202,404100,0.0,0.0
2026-02-10 00:00:00-05:00,2.1600000858306885,2.200000047683716,2.1600000858306885,2.1600000858306885,303400,0.0,0.0
2026-02-11 00:00:00-05:00,2.1600000858306885,2.200000047683716,2.1449999809265137,2.1500000953674316,392700,0.0,0.0
2026-02-12 00:00:00-05:00,2.1549999713897705,2.1549999713897705,2.059999942779541,2.0899999141693115,360400,0.0,0.0
2026-02-13 00:00:00-05:00,2.0799999237060547,2.1500000953674316,2.0799999237060547,2.119999885559082,149900,0.0,0.0
2026-02-17 00:00:00-05:00,2.0999999046325684,2.140000104904175,2.0999999046325684,2.109999895095825,234100,0.0,0.0
2026-02-18 00:00:00-05:00,2.140000104904175,2.140000104904175,2.119999885559082,2.130000114440918,121500,0.0,0.0
2026-02-19 00:00:00-05:00,2.140000104904175,2.140000104904175,2.119999885559082,2.130000114440918,136200,0.0,0.0
2026-02-20 00:00:00-05:00,2.130000114440918,2.1600000858306885,2.119999885559082,2.119999885559082,209400,0.0,0.0
2026-02-23 00:00:00-05:00,2.1700000762939453,2.174999952316284,2.0899999141693115,2.0999999046325684,371900,0.0,0.0
2026-02-24 00:00:00-05:00,2.140000104904175,2.2699999809265137,2.0999999046325684,2.2200000286102295,636000,0.0,0.0
2026-02-25 00:00:00-05:00,2.2300000190734863,2.259999990463257,2.2149999141693115,2.2300000190734863,325400,0.0,0.0
2026-02-26 00:00:00-05:00,2.2100000381469727,2.240000009536743,2.190000057220459,2.2100000381469727,463800,0.0,0.0
2026-02-27 00:00:00-05:00,2.2100000381469727,2.2300000190734863,2.190000057220459,2.190000057220459,278500,0.0,0.0
2026-03-02 00:00:00-05:00,2.180000066757202,2.200000047683716,2.1500000953674316,2.1700000762939453,253900,0.0,0.0
2026-03-03 00:00:00-05:00,2.119999885559082,2.134999990463257,2.0799999237060547,2.0899999141693115,563500,0.0,0.0
2026-03-04 00:00:00-05:00,2.109999895095825,2.200000047683716,2.109999895095825,2.180000066757202,582900,0.0,0.0
2026-03-05 00:00:00-05:00,2.234999895095825,2.299999952316284,1.9700000286102295,1.9900000095367432,1381100,0.0,0.0
2026-03-06 00:00:00-05:00,2.109999895095825,2.109999895095825,1.9800000190734863,2.059999942779541,543200,0.0,0.0
2026-03-09 00:00:00-04:00,2.0399999618530273,2.140000104904175,2.0399999618530273,2.140000104904175,331100,0.0,0.0
2026-03-10 00:00:00-04:00,2.140000104904175,2.2149999141693115,2.130000114440918,2.130000114440918,500200,0.0,0.0
2026-03-11 00:00:00-04:00,2.130000114440918,2.1500000953674316,2.119999885559082,2.130000114440918,153600,0.0,0.0
2026-03-12 00:00:00-04:00,2.0999999046325684,2.1449999809265137,2.0399999618530273,2.0399999618530273,403400,0.0,0.0
2026-03-13 00:00:00-04:00,2.0899999141693115,2.140000104904175,2.0450000762939453,2.059999942779541,134200,0.0,0.0
2026-03-16 00:00:00-04:00,2.0999999046325684,2.119999885559082,2.059999942779541,2.069999933242798,160800,0.0,0.0
2026-03-17 00:00:00-04:00,2.049999952316284,2.0999999046325684,2.049999952316284,2.049999952316284,213400,0.0,0.0
2026-03-18 00:00:00-04:00,2.0399999618530273,2.065000057220459,1.9800000190734863,1.9900000095367432,702100,0.0,0.0
2026-03-19 00:00:00-04:00,1.9700000286102295,2.0,1.9299999475479126,1.9500000476837158,711000,0.0,0.0
2026-03-20 00:00:00-04:00,1.9500000476837158,1.965000033378601,1.934999942779541,1.9600000381469727,534700,0.0,0.0
2026-03-23 00:00:00-04:00,1.9500000476837158,2.009999990463257,1.9500000476837158,2.009999990463257,347100,0.0,0.0
2026-03-24 00:00:00-04:00,1.9800000190734863,1.9950000047683716,1.9550000429153442,1.9900000095367432,479600,0.0,0.0
2026-03-25 00:00:00-04:00,2.0199999809265137,2.0199999809265137,1.9299999475479126,1.9500000476837158,878300,0.0,0.0
2026-03-26 00:00:00-04:00,1.940000057220459,1.9600000381469727,1.8799999952316284,1.8799999952316284,555000,0.0,0.0
2026-03-27 00:00:00-04:00,1.909999966621399,1.9199999570846558,1.850000023841858,1.8799999952316284,472600,0.0,0.0
2026-03-30 00:00:00-04:00,1.840000033378601,1.975000023841858,1.840000033378601,1.9500000476837158,1011600,0.0,0.0
2026-03-31 00:00:00-04:00,1.9600000381469727,1.9950000047683716,1.9450000524520874,1.9600000381469727,480600,0.0,0.0
2026-04-01 00:00:00-04:00,1.9800000190734863,1.9900000095367432,1.9550000429153442,1.9600000381469727,174700,0.0,0.0
2026-04-02 00:00:00-04:00,1.9299999475479126,1.9789999723434448,1.899999976158142,1.9299999475479126,136700,0.0,0.0
2026-04-06 00:00:00-04:00,1.940000057220459,2.009999990463257,1.940000057220459,1.9700000286102295,468600,0.0,0.0
2026-04-07 00:00:00-04:00,1.9800000190734863,1.9900000095367432,1.9600000381469727,1.9600000381469727,274600,0.0,0.0
2026-04-08 00:00:00-04:00,2.0,2.0450000762939453,1.9700000286102295,1.9700000286102295,277200,0.0,0.0
2026-04-09 00:00:00-04:00,1.9800000190734863,2.009999990463257,1.965000033378601,1.9800000190734863,256900,0.0,0.0
2026-04-10 00:00:00-04:00,1.9800000190734863,2.0,1.9199999570846558,1.9199999570846558,235100,0.0,0.0
2026-04-13 00:00:00-04:00,1.909999966621399,1.940000057220459,1.8700000047683716,1.909999966621399,638400,0.0,0.0
2026-04-14 00:00:00-04:00,1.940000057220459,1.972000002861023,1.9299999475479126,1.9299999475479126,256500,0.0,0.0
2026-04-15 00:00:00-04:00,1.940000057220459,1.9500000476837158,1.9210000038146973,1.9299999475479126,100400,0.0,0.0
2026-04-16 00:00:00-04:00,1.9500000476837158,2.009999990463257,1.940000057220459,1.9700000286102295,350300,0.0,0.0
2026-04-17 00:00:00-04:00,1.9700000286102295,2.069000005722046,1.9600000381469727,2.0,493800,0.0,0.0
2026-04-20 00:00:00-04:00,2.009999990463257,2.0199999809265137,1.9700000286102295,1.9800000190734863,380300,0.0,0.0
2026-04-21 00:00:00-04:00,1.9700000286102295,2.0,1.9500000476837158,1.9700000286102295,297200,0.0,0.0
2026-04-22 00:00:00-04:00,1.9700000286102295,1.9900000095367432,1.9700000286102295,1.9700000286102295,133600,0.0,0.0
2026-04-23 00:00:00-04:00,1.9600000381469727,1.9600000381469727,1.8700000047683716,1.8899999856948853,361800,0.0,0.0
2026-04-24 00:00:00-04:00,1.8899999856948853,1.9299999475479126,1.8799999952316284,1.9199999570846558,195500,0.0,0.0
2026-04-27 00:00:00-04:00,1.899999976158142,1.9199999570846558,1.8849999904632568,1.8899999856948853,277300,0.0,0.0
2026-04-28 00:00:00-04:00,1.8899999856948853,1.9299999475479126,1.8799999952316284,1.9199999570846558,487500,0.0,0.0
2026-04-29 00:00:00-04:00,1.909999966621399,1.9220000505447388,1.8600000143051147,1.8600000143051147,349800,0.0,0.0
2026-04-30 00:00:00-04:00,1.8700000047683716,1.8899999856948853,1.8600000143051147,1.8700000047683716,182800,0.0,0.0
2026-05-01 00:00:00-04:00,1.8799999952316284,1.9800000190734863,1.8799999952316284,1.940000057220459,682900,0.0,0.0
2026-05-04 00:00:00-04:00,1.9500000476837158,2.005000114440918,1.9199999570846558,1.9199999570846558,451000,0.0,0.0
2026-05-05 00:00:00-04:00,1.909999966621399,1.9299999475479126,1.899999976158142,1.9199999570846558,208200,0.0,0.0
2026-05-06 00:00:00-04:00,1.909999966621399,1.9800000190734863,1.909999966621399,1.9700000286102295,253700,0.0,0.0
2026-05-07 00:00:00-04:00,1.9500000476837158,1.9900000095367432,1.9500000476837158,1.9700000286102295,182100,0.0,0.0
2026-05-08 00:00:00-04:00,1.9500000476837158,1.9900000095367432,1.9500000476837158,1.9700000286102295,284800,0.0,0.0
2026-05-11 00:00:00-04:00,1.9600000381469727,1.975000023841858,1.9199999570846558,1.9500000476837158,417100,0.0,0.0
2026-05-12 00:00:00-04:00,1.940000057220459,1.9800000190734863,1.9299999475479126,1.9600000381469727,306800,0.0,0.0
2026-05-13 00:00:00-04:00,1.9800000190734863,2.009999990463257,1.9500000476837158,1.9700000286102295,361800,0.0,0.0
2026-05-14 00:00:00-04:00,1.9500000476837158,1.9550000429153442,1.9199999570846558,1.940000057220459,379400,0.0,0.0
2026-05-15 00:00:00-04:00,1.899999976158142,1.9299999475479126,1.850000023841858,1.8700000047683716,317900,0.0,0.0
2026-05-18 00:00:00-04:00,1.899999976158142,1.899999976158142,1.8650000095367432,1.8899999856948853,222600,0.0,0.0
2026-05-19 00:00:00-04:00,1.899999976158142,1.934999942779541,1.8899999856948853,1.899999976158142,232800,0.0,0.0
2026-05-20 00:00:00-04:00,1.909999966621399,1.909999966621399,1.8700000047683716,1.8899999856948853,235400,0.0,0.0
2026-05-21 00:00:00-04:00,1.8799999952316284,1.8799999952316284,1.809999942779541,1.809999942779541,434100,0.0,0.0
2026-05-22 00:00:00-04:00,1.7699999809265137,1.7699999809265137,1.649999976158142,1.7300000190734863,2227500,0.0,0.0
2026-05-26 00:00:00-04:00,1.7599999904632568,1.850000023841858,1.7300000190734863,1.7400000095367432,651000,0.0,0.0
2026-05-27 00:00:00-04:00,1.7300000190734863,1.8300000429153442,1.7000000476837158,1.7599999904632568,576800,0.0,0.0
2026-05-28 00:00:00-04:00,1.75,1.8200000524520874,1.7400000095367432,1.809999942779541,347500,0.0,0.0
2026-05-29 00:00:00-04:00,1.7599999904632568,1.815000057220459,1.7599999904632568,1.7799999713897705,325200,0.0,0.0
2026-06-01 00:00:00-04:00,1.7899999618530273,1.940000057220459,1.7610000371932983,1.9299999475479126,800700,0.0,0.0
2026-06-02 00:00:00-04:00,1.8200000524520874,1.875,1.7300000190734863,1.7300000190734863,798600,0.0,0.0
2026-06-03 00:00:00-04:00,1.7100000381469727,1.7100000381469727,1.625,1.6699999570846558,707800,0.0,0.0
2026-06-04 00:00:00-04:00,1.6699999570846558,1.7200000286102295,1.6549999713897705,1.6799999475479126,437800,0.0,0.0
2026-06-05 00:00:00-04:00,1.690000057220459,1.7050000429153442,1.559999942779541,1.5800000429153442,773000,0.0,0.0
2026-06-08 00:00:00-04:00,1.6100000143051147,1.6100000143051147,1.5099999904632568,1.5099999904632568,634400,0.0,0.0
2026-06-09 00:00:00-04:00,1.5399999618530273,1.5399999618530273,1.399999976158142,1.4199999570846558,945900,0.0,0.0
2026-06-10 00:00:00-04:00,1.4299999475479126,1.5,1.4249999523162842,1.4500000476837158,621400,0.0,0.0
2026-06-11 00:00:00-04:00,1.4600000381469727,1.5,1.4299999475479126,1.4700000286102295,1027900,0.0,0.0
2026-06-12 00:00:00-04:00,1.5850000381469727,1.6399999856948853,1.5149999856948853,1.5199999809265137,1072000,0.0,0.0
2026-06-15 00:00:00-04:00,1.5,1.559999942779541,1.4900000095367432,1.4900000095367432,553700,0.0,0.0
2026-06-16 00:00:00-04:00,1.4900000095367432,1.600000023841858,1.4600000381469727,1.559999942779541,836500,0.0,0.0
2026-06-17 00:00:00-04:00,1.5199999809265137,1.6799999475479126,1.5199999809265137,1.6299999952316284,959800,0.0,0.0
2026-06-18 00:00:00-04:00,1.6399999856948853,1.715000033378601,1.6299999952316284,1.649999976158142,1204900,0.0,0.0
2026-06-22 00:00:00-04:00,1.690000057220459,1.7050000429153442,1.6699999570846558,1.690000057220459,506300,0.0,0.0
2026-06-23 00:00:00-04:00,1.649999976158142,1.725000023841858,1.6440000534057617,1.7100000381469727,467200,0.0,0.0
2026-06-24 00:00:00-04:00,1.690000057220459,1.7699999809265137,1.6699999570846558,1.7599999904632568,544100,0.0,0.0
2026-06-25 00:00:00-04:00,1.7699999809265137,1.7799999713897705,1.7100000381469727,1.7400000095367432,561500,0.0,0.0
2026-06-26 00:00:00-04:00,1.7100000381469727,1.774999976158142,1.6699999570846558,1.7400000095367432,332100,0.0,0.0
2026-06-29 00:00:00-04:00,1.7300000190734863,1.7649999856948853,1.7100000381469727,1.7300000190734863,357100,0.0,0.0
2026-06-30 00:00:00-04:00,1.690000057220459,1.75,1.659999966621399,1.659999966621399,351800,0.0,0.0
2026-07-01 00:00:00-04:00,1.6699999570846558,1.815000057220459,1.659999966621399,1.7699999809265137,591700,0.0,0.0
2026-07-02 00:00:00-04:00,1.7599999904632568,1.7999999523162842,1.7350000143051147,1.75,299400,0.0,0.0
2026-07-06 00:00:00-04:00,1.7400000095367432,1.7899999618530273,1.7400000095367432,1.7400000095367432,312300,0.0,0.0
2026-07-07 00:00:00-04:00,1.7400000095367432,1.7799999713897705,1.7400000095367432,1.7599999904632568,161500,0.0,0.0
2026-07-08 00:00:00-04:00,1.7799999713897705,1.840000033378601,1.7599999904632568,1.8300000429153442,365100,0.0,0.0
2026-07-09 00:00:00-04:00,1.840000033378601,1.8600000143051147,1.8200000524520874,1.840000033378601,344300,0.0,0.0
2026-07-10 00:00:00-04:00,1.850000023841858,1.8700000047683716,1.8250000476837158,1.850000023841858,236300,0.0,0.0
2026-07-13 00:00:00-04:00,1.7999999523162842,1.8700000047683716,1.7899999618530273,1.8300000429153442,327800,0.0,0.0
2026-07-14 00:00:00-04:00,1.840000033378601,1.8600000143051147,1.809999942779541,1.809999942779541,110400,0.0,0.0
2026-07-15 00:00:00-04:00,1.8300000429153442,1.850000023841858,1.7999999523162842,1.7999999523162842,144900,0.0,0.0
2026-07-16 00:00:00-04:00,1.7999999523162842,1.8049999475479126,1.75,1.75,298400,0.0,0.0
2026-07-17 00:00:00-04:00,1.7300000190734863,1.75,1.7000000476837158,1.7100000381469727,234700,0.0,0.0
2026-07-20 00:00:00-04:00,1.7200000286102295,1.7350000143051147,1.684999942779541,1.7000000476837158,304900,0.0,0.0
2026-07-21 00:00:00-04:00,1.684999942779541,1.7200000286102295,1.6799999475479126,1.6799999475479126,370200,0.0,0.0
2026-07-22 00:00:00-04:00,1.6799999475479126,1.6950000524520874,1.649999976158142,1.659999966621399,267900,0.0,0.0
2026-07-23 00:00:00-04:00,1.6399999856948853,1.6699999570846558,1.590000033378601,1.600000023841858,500700,0.0,0.0
2026-07-24 00:00:00-04:00,1.5499999523162842,1.628999948501587,1.4600000381469727,1.559999942779541,271600,0.0,0.0
2026-07-27 00:00:00-04:00,1.559999942779541,1.5950000286102295,1.559999942779541,1.5700000524520874,199300,0.0,0.0
2026-07-28 00:00:00-04:00,1.5499999523162842,1.628999948501587,1.5449999570846558,1.6100000143051147,345000,0.0,0.0
2026-07-29 00:00:00-04:00,1.600000023841858,1.7400000095367432,1.600000023841858,1.7000000476837158,254700,0.0,0.0
2026-07-30 00:00:00-04:00,1.7300000190734863,1.8580000400543213,1.6799999475479126,1.840000033378601,378100,0.0,0.0
2026-07-31 00:00:00-04:00,1.840000033378601,1.8799999952316284,1.7999999523162842,1.8200000524520874,342900,0.0,0.0
2026-08-03 00:00:00-04:00,1.8200000524520874,1.9199999570846558,1.809999942779541,1.9199999570846558,425900,0.0,0.0
2026-08-04 00:00:00-04:00,1.9199999570846558,1.965000033378601,1.8799999952316284,1.8799999952316284,344500,0.0,0.0
2026-08-05 00:00:00-04:00,1.8600000143051147,1.9049999713897705,1.850000023841858,1.8799999952316284,334700,0.0,0.0
2026-08-06 00:00:00-04:00,1.8899999856948853,1.899999976158142,1.840000033378601,1.899999976158142,257300,0.0,0.0
2026-08-07 00:00:00-04:00,1.8899999856948853,1.9049999713897705,1.8200000524520874,1.8300000429153442,393400,0.0,0.0
2026-08-10 00:00:00-04:00,1.8200000524520874,1.8899999856948853,1.7999999523162842,1.8600000143051147,245100,0.0,0.0
2026-08-11 00:00:00-04:00,1.809999942779541,1.8650000095367432,1.7899999618530273,1.7999999523162842,326500,0.0,0.0
2026-08-12 00:00:00-04:00,1.7999999523162842,1.8200000524520874,1.7200000286102295,1.7200000286102295,271900,0.0,0.0
2026-08-13 00:00:00-04:00,1.7400000095367432,1.75,1.659999966621399,1.6799999475479126,291100,0.0,0.0
2026-08-14 00:00:00-04:00,1.7000000476837158,1.7100000381469727,1.6679999828338623,1.6799999475479126,125300,0.0,0.0
2026-08-17 00:00:00-04:00,1.7000000476837158,1.7000000476837158,1.6349999904632568,1.6399999856948853,166700,0.0,0.0
2026-08-18 00:00:00-04:00,1.649999976158142,1.6649999618530273,1.6299999952316284,1.649999976158142,158500,0.0,0.0
2026-08-19 00:00:00-04:00,1.649999976158142,1.7050000429153442,1.649999976158142,1.659999966621399,160300,0.0,0.0
2026-08-20 00:00:00-04:00,1.659999966621399,1.7000000476837158,1.659999966621399,1.6799999475479126,177900,0.0,0.0
2026-08-21 00:00:00-04:00,1.6699999570846558,1.7089999914169312,1.6699999570846558,1.6799999475479126,126700,0.0,0.0
2026-08-24 00:00:00-04:00,1.7100000381469727,1.7100000381469727,1.6699999570846558,1.690000057220459,232800,0.0,0.0
2026-08-25 00:00:00-04:00,1.6699999570846558,1.7450000047683716,1.6699999570846558,1.7200000286102295,84500,0.0,0.0
2026-08-26 00:00:00-04:00,1.7300000190734863,1.7400000095367432,1.7100000381469727,1.7300000190734863,144300,0.0,0.0
2026-08-27 00:00:00-04:00,1.850000023841858,1.8700000047683716,1.7400000095367432,1.8200000524520874,337400,0.0,0.0
2026-08-28 00:00:00-04:00,1.8300000429153442,1.9199999570846558,1.809999942779541,1.8799999952316284,572100,0.0,0.0
2026-08-31 00:00:00-04:00,1.8700000047683716,1.909999966621399,1.8300000429153442,1.909999966621399,318417,0.0,0.0
