Date,Open,High,Low,Close,Volume,Dividends,Stock Splits
2022-01-03 00:00:00-05:00,27.353159402732242,28.488538590740827,26.520549321591954,26.965238571166992,246800,0.0,0.0
2022-01-04 00:00:00-05:00,26.927386484466567,27.230155532061445,26.55838913268875,26.662466049194336,235700,0.0,0.0
2022-01-05 00:00:00-05:00,26.558394782046026,27.206506162159183,26.558394782046026,26.63408660888672,212200,0.0,0.0
2022-01-06 00:00:00-05:00,26.482699928857226,27.050389467606653,26.32185458962214,26.813852310180664,186000,0.0,0.0
2022-01-07 00:00:00-05:00,27.107156931621365,27.47615611144676,26.96523500305863,27.305849075317383,268400,0.0,0.0
2022-01-10 00:00:00-05:00,27.324771315183163,28.110074596552284,26.974697336844972,27.87826919555664,423300,0.0,0.0
2022-01-11 00:00:00-05:00,27.79784686498539,27.81677027131709,27.003083650042942,27.3342342376709,241000,0.0,0.0
2022-01-12 00:00:00-05:00,27.64646562056198,27.655927324548163,26.842240632727055,26.88954734802246,198900,0.0,0.0
2022-01-13 00:00:00-05:00,26.889545764433926,27.54238886394899,26.75708552569928,27.51400375366211,137000,0.0,0.0
2022-01-14 00:00:00-05:00,27.27746717798085,27.629434251907412,27.23016046443758,27.438312530517578,211300,0.0,0.0
2022-01-18 00:00:00-05:00,27.315313343816126,27.774194229121328,27.05039106221328,27.485618591308594,337900,0.0,0.0
2022-01-19 00:00:00-05:00,27.438307351431483,27.589690971758227,26.274545093431467,26.407005310058594,459100,0.0,0.0
2022-01-20 00:00:00-05:00,27.074043566582546,27.074043566582546,25.810935977434795,25.867704391479492,178600,0.0,0.0
2022-01-21 00:00:00-05:00,26.11370235923017,26.11370235923017,25.205398742617977,25.517627716064453,246300,0.0,0.0
2022-01-24 00:00:00-05:00,25.25270777291274,26.492161989254996,24.902631981158045,26.340778350830078,227500,0.0,0.0
2022-01-25 00:00:00-05:00,26.86589139421816,26.86589139421816,25.337861538501617,25.697397232055664,216100,0.0,0.0
2022-01-26 00:00:00-05:00,25.763627949024105,26.284010802285504,25.323668671429125,25.621706008911133,214900,0.0,0.0
2022-01-27 00:00:00-05:00,25.820395320241857,26.235753762527093,24.921553457628676,25.214859008789062,257300,0.0,0.0
2022-01-28 00:00:00-05:00,25.12024978681267,25.924476623535156,25.03509625088702,25.924476623535156,158700,0.0,0.0
2022-01-31 00:00:00-05:00,25.687935510670652,26.82331461358988,25.16755447453662,26.79492950439453,212000,0.0,0.0
2022-02-01 00:00:00-05:00,26.68139069925631,26.68139069925631,25.974616150224563,26.596237182617188,205100,0.0,0.0
2022-02-02 00:00:00-05:00,26.49216205090338,26.534738812099175,25.962319315183205,26.48270034790039,154200,0.0,0.0
2022-02-03 00:00:00-05:00,25.640629998417857,27.372082038284404,25.640629998417857,26.671932220458984,190600,0.0,0.0
2022-02-04 00:00:00-05:00,26.974700731987593,26.974700731987593,26.07585870919829,26.63408660888672,140300,0.0,0.0
2022-02-07 00:00:00-05:00,26.917928827084022,27.854615739672873,26.66246826784108,27.201772689819336,173800,0.0,0.0
2022-02-08 00:00:00-05:00,27.173390191620804,27.935040188831767,27.050391653857904,27.409927368164062,339000,0.0,0.0
2022-02-09 00:00:00-05:00,27.447775730840906,27.447775730840906,26.265089781414645,26.44485855102539,459100,0.0,0.0
2022-02-10 00:00:00-05:00,26.0758553093778,26.82331358103066,25.933933378134995,26.10424041748047,224700,0.0,0.0
2022-02-11 00:00:00-05:00,26.17993459146199,26.4070100628214,25.56493829761749,25.71632194519043,168100,0.0,0.0
2022-02-14 00:00:00-05:00,25.725781497200412,26.071125527133493,25.025631734572833,25.318937301635742,191600,0.0,0.0
2022-02-15 00:00:00-05:00,25.498710796521067,26.170475576047863,25.498710796521067,25.952861785888672,183700,0.0,0.0
2022-02-16 00:00:00-05:00,25.858244495609675,26.1231667873927,25.470323664027497,25.5838623046875,184300,0.0,0.0
2022-02-17 00:00:00-05:00,25.158095058769966,25.432477254062995,24.647173874614293,25.167556762695312,177600,0.0,0.0
2022-02-18 00:00:00-05:00,25.404092140339085,25.564937486360627,24.90263269576948,25.508167266845703,185900,0.0,0.0
2022-02-22 00:00:00-05:00,25.39463238801058,25.82985994324881,25.356785572093077,25.479785919189453,295900,0.0,0.0
2022-02-23 00:00:00-05:00,25.73524486247916,25.820398388197646,24.808017782948447,24.836402893066406,179600,0.0,0.0
2022-02-24 00:00:00-05:00,24.24978980628204,24.618789017598186,23.71994705226742,24.55255889892578,206200,0.0,0.0
2022-02-25 00:00:00-05:00,24.713404518029837,25.10132533563588,24.618789288327907,25.09186363220215,189400,0.0,0.0
2022-02-28 00:00:00-05:00,24.80801923207417,25.32367036587477,24.69448239424102,25.167556762695312,348600,0.0,0.0
2022-03-01 00:00:00-05:00,21.118041012973418,23.19956910327629,19.216281700698172,20.25704574584961,1502200,0.0,0.0
2022-03-02 00:00:00-05:00,20.323274847351456,20.589142777741937,19.102743890426808,19.39604949951172,835800,0.0,0.0
2022-03-03 00:00:00-05:00,19.65150898428484,19.888046159912818,18.83782052264126,19.66097068786621,833600,0.0,0.0
2022-03-04 00:00:00-05:00,20.455733019577856,20.69794574140648,18.695896089666224,19.62312126159668,776000,0.0,0.0
2022-03-07 00:00:00-05:00,20.60712046378517,20.93827108320534,19.87858549178974,20.5787353515625,628900,0.0,0.0
2022-03-08 00:00:00-05:00,21.004501344827116,21.94118831821426,20.853117700924265,21.061269760131836,451300,0.0,0.0
2022-03-09 00:00:00-05:00,21.288343849371493,21.827648271480594,20.86257625052996,21.013959884643555,287700,0.0,0.0
2022-03-10 00:00:00-05:00,20.80580557239717,21.089651208915637,19.97319567547348,20.417884826660156,249300,0.0,0.0
2022-03-11 00:00:00-05:00,20.683422878509706,21.26570754545433,19.95319793471989,19.991130828857422,142900,0.05,0.0
2022-03-14 00:00:00-04:00,20.247183057523277,20.77351526244578,19.915261667958752,19.981645584106445,203000,0.0,0.0
2022-03-15 00:00:00-04:00,19.97216983732967,20.152356116133657,19.716117746091847,20.076488494873047,318700,0.0,0.0
2022-03-16 00:00:00-04:00,20.161836773026053,20.844645262031776,20.0006178759075,20.569625854492188,350600,0.0,0.0
2022-03-17 00:00:00-04:00,20.37047034748817,21.13863186088136,20.31357009758634,20.82567596435547,471000,0.0,0.0
2022-03-18 00:00:00-04:00,20.598074392564037,20.78774431539242,19.166071720806443,19.867849349975586,1269900,0.0,0.0
2022-03-21 00:00:00-04:00,19.97216520065574,20.436854499099535,19.431608298564516,19.583343505859375,348600,0.0,0.0
2022-03-22 00:00:00-04:00,19.70662690931457,20.25666741587007,19.583340939030375,20.171316146850586,250800,0.0,0.0
2022-03-23 00:00:00-04:00,20.010098067795585,20.247184533506847,19.78249527777192,19.83939552307129,167200,0.0,0.0
2022-03-24 00:00:00-04:00,19.9152656377748,20.59807409417814,19.782497779014086,20.38943862915039,250900,0.0,0.0
2022-03-25 00:00:00-04:00,20.323055754498466,20.920512958754994,20.266155499051774,20.72136116027832,360400,0.0,0.0
2022-03-28 00:00:00-04:00,21.08173077779092,21.167082061006788,20.711876423073104,21.11018180847168,226100,0.0,0.0
2022-03-29 00:00:00-04:00,21.205013134692575,23.25343996318306,21.205013134692575,23.22498893737793,650900,0.0,0.0
2022-03-30 00:00:00-04:00,23.234475665213417,23.495270438465848,22.769786368968308,22.987905502319336,477100,0.0,0.0
2022-03-31 00:00:00-04:00,22.978421453054377,23.48104544720344,22.954713166566265,23.462078094482422,384900,0.0,0.0
2022-04-01 00:00:00-04:00,23.54742669934885,24.173334797466897,23.528459348781368,24.154367446899414,381300,0.0,0.0
2022-04-04 00:00:00-04:00,24.050054243197664,24.050054243197664,23.670714410263166,23.850900650024414,272200,0.0,0.0
2022-04-05 00:00:00-04:00,23.737098380452185,23.926766473976052,23.348276708578076,23.433626174926758,312800,0.0,0.0
2022-04-06 00:00:00-04:00,23.528459546158704,23.746580461862322,22.807716497983133,23.737096786499023,368800,0.0,0.0
2022-04-07 00:00:00-04:00,23.80348264083382,23.80348264083382,22.959453553127933,23.272409439086914,368300,0.0,0.0
2022-04-08 00:00:00-04:00,23.29137544801167,23.38621040242548,22.959454011976497,23.206024169921875,151100,0.0,0.0
2022-04-11 00:00:00-04:00,23.376724330027486,23.756062299974925,22.565889080109944,22.59908103942871,275800,0.0,0.0
2022-04-12 00:00:00-04:00,22.769782676727917,23.737095818420606,22.38096104682075,22.570629119873047,239000,0.0,0.0
2022-04-13 00:00:00-04:00,22.46631320215364,23.111188655477342,21.977913870071827,22.59908103942871,162300,0.0,0.0
2022-04-14 00:00:00-04:00,22.62753638192128,23.34827956672369,22.314582270912144,22.997390747070312,204900,0.0,0.0
2022-04-18 00:00:00-04:00,22.94997092863663,22.99738749891835,22.627533186007554,22.826684951782227,170700,0.0,0.0
2022-04-19 00:00:00-04:00,22.807721216382006,23.19180200833562,21.366236630646604,22.62753677368164,189300,0.0,0.0
2022-04-20 00:00:00-04:00,22.665468070630276,22.99738951822561,22.371481329652177,22.978422164916992,967500,0.0,0.0
2022-04-21 00:00:00-04:00,23.139640345779792,23.737099295023896,23.139640345779792,23.357759475708008,204200,0.0,0.0
2022-04-22 00:00:00-04:00,23.338793057534343,23.56639585530211,22.57537432255686,22.608566284179688,146600,0.0,0.0
2022-04-25 00:00:00-04:00,22.637021392428533,22.684437972200257,21.954211067225597,22.447351455688477,207900,0.0,0.0
2022-04-26 00:00:00-04:00,22.181810615505256,22.45019340956191,21.897307561425734,22.020591735839844,209900,0.0,0.0
2022-04-27 00:00:00-04:00,22.13439709699926,22.693921414878176,22.105946064134947,22.50425148010254,185700,0.0,0.0
2022-04-28 00:00:00-04:00,22.532699538118226,23.16809138425535,22.162845203844455,23.101707458496094,199800,0.0,0.0
2022-04-29 00:00:00-04:00,23.054292818017235,23.253446436440992,22.433127290041416,22.48528480529785,203600,0.0,0.0
2022-05-02 00:00:00-04:00,22.55166750396295,22.561151180590148,22.030076142425248,22.46631622314453,282000,0.0,0.0
2022-05-03 00:00:00-04:00,22.504246539518654,22.5990814860864,21.9257568022251,22.276643753051758,171400,0.0,0.0
2022-05-04 00:00:00-04:00,22.418896731317954,22.57063193219657,21.755055679680567,22.238712310791016,178200,0.0,0.0
2022-05-05 00:00:00-04:00,21.97317578678836,21.97317578678836,21.138632144661464,21.38520050048828,200900,0.0,0.0
2022-05-06 00:00:00-04:00,21.34727005226055,21.69815708192205,21.024832246782836,21.423137664794922,140100,0.0,0.0
2022-05-09 00:00:00-04:00,21.252436498233674,21.39468805509578,20.892065766927896,21.129152297973633,275300,0.0,0.0
2022-05-10 00:00:00-04:00,22.43786636907707,23.79400144778389,21.7550578955748,22.84565544128418,774300,0.0,0.0
2022-05-11 00:00:00-04:00,23.101706559053426,24.069017996325513,23.044804503052646,23.433626174926758,520400,0.0,0.0
2022-05-12 00:00:00-04:00,23.281893960668192,23.97798103592153,23.158609774517387,23.509498596191406,485800,0.0,0.0
2022-05-13 00:00:00-04:00,23.45259751144596,24.239724664924616,23.016359194281993,24.201791763305664,384400,0.0,0.0
2022-05-16 00:00:00-04:00,24.135408322938265,24.325076452568894,23.68020083240626,23.983673095703125,314500,0.0,0.0
2022-05-17 00:00:00-04:00,24.021601400442663,24.291879835276507,23.66123075693962,24.002634048461914,210600,0.0,0.0
2022-05-18 00:00:00-04:00,23.88883635596626,25.159620146497033,23.88883635596626,24.647512435913086,522400,0.0,0.0
2022-05-19 00:00:00-04:00,24.675961162924366,24.685444839141404,23.70864789470221,23.831932067871094,295400,0.0,0.0
2022-05-20 00:00:00-04:00,24.0026350756242,24.0690190015714,23.537945785167484,23.71813201904297,306900,0.0,0.0
2022-05-23 00:00:00-04:00,23.869865865666963,24.290931667805832,23.670712290329778,24.012117385864258,187300,0.0,0.0
2022-05-24 00:00:00-04:00,23.955217139550584,24.040568413434205,23.585362825272373,24.012117385864258,215400,0.0,0.0
2022-05-25 00:00:00-04:00,24.11643487758268,24.400937904600838,23.613810933769393,23.784513473510742,186700,0.0,0.0
2022-05-26 00:00:00-04:00,23.850900569103445,24.571643716876736,23.647006042682154,24.524227142333984,175500,0.0,0.0
2022-05-27 00:00:00-04:00,24.44835950486968,24.927273418881907,24.07850335039374,24.884597778320312,131000,0.0,0.0
2022-05-31 00:00:00-04:00,24.704408984523496,24.8276949595409,24.069017184554472,24.230236053466797,183100,0.0,0.0
2022-06-01 00:00:00-04:00,24.220755889522884,24.593455506713152,23.70864821973987,23.926767349243164,165000,0.0,0.0
2022-06-02 00:00:00-04:00,23.879354448668998,24.144890191917195,23.58536767200424,23.983673095703125,133000,0.0,0.0
2022-06-03 00:00:00-04:00,23.803484302406826,23.945735836701157,23.689681989675524,23.79400062561035,120100,0.0,0.0
2022-06-06 00:00:00-04:00,24.069018416346964,24.325072246340063,23.765548014352007,24.144886016845703,188200,0.0,0.0
2022-06-07 00:00:00-04:00,24.144888811959508,24.239723775767995,23.936253338642025,24.17333984375,155300,0.0,0.0
2022-06-08 00:00:00-04:00,23.97418504304914,24.429390641687895,23.888833767201092,24.050052642822266,114000,0.0,0.0
2022-06-09 00:00:00-04:00,24.04056625684578,24.30610192170687,23.56639335950691,23.70864486694336,147500,0.0,0.0
2022-06-10 00:00:00-04:00,23.423570361997115,23.851181911562453,23.361803846515247,23.75615692138672,453100,0.05,0.0
2022-06-13 00:00:00-04:00,23.47108468475223,23.689640902020972,23.052975799035195,23.081483840942383,400500,0.0,0.0
2022-06-14 00:00:00-04:00,23.224022095895005,23.78941804100274,22.549346221842256,22.701385498046875,195500,0.0,0.0
2022-06-15 00:00:00-04:00,22.88193529515454,23.29054157385484,22.539845980437768,22.7489013671875,148600,0.0,0.0
2022-06-16 00:00:00-04:00,22.463826571299563,22.52084266598861,22.017211370943496,22.036216735839844,271900,0.0,0.0
2022-06-17 00:00:00-04:00,22.283277616028773,22.511336522366268,21.789149079405327,21.8936767578125,287700,0.0,0.0
2022-06-21 00:00:00-04:00,22.131237629947123,22.43531616190389,21.84616264689939,22.368799209594727,215000,0.0,0.0
2022-06-22 00:00:00-04:00,22.102731111570115,22.577854303618178,22.06472038622972,22.3783016204834,141300,0.0,0.0
2022-06-23 00:00:00-04:00,22.473329103408187,22.701388043284663,22.359300539695617,22.682384490966797,122900,0.0,0.0
2022-06-24 00:00:00-04:00,22.900939181182416,23.756160600303083,22.40681060570782,23.376062393188477,467800,0.0,0.0
2022-06-27 00:00:00-04:00,23.47108652954953,23.727651677075876,23.281036526799284,23.661134719848633,193000,0.0,0.0
2022-06-28 00:00:00-04:00,23.718150535168935,24.15526484488586,23.48058892253727,23.547107696533203,100300,0.0,0.0
2022-06-29 00:00:00-04:00,23.547107585601637,23.65163346220028,23.209768719790926,23.357057571411133,204000,0.0,0.0
2022-06-30 00:00:00-04:00,23.06248178927045,23.76566394516603,23.06248178927045,23.547107696533203,166700,0.0,0.0
2022-07-01 00:00:00-04:00,23.366556021105904,23.917698787491304,23.109989092154702,23.822673797607422,196400,0.0,0.0
2022-07-05 00:00:00-04:00,23.80367167044349,23.84168239654049,22.986460996320886,23.585115432739258,207800,0.0,0.0
2022-07-06 00:00:00-04:00,23.39507111583556,23.727655962032983,22.976962121749754,23.51860237121582,186200,0.0,0.0
2022-07-07 00:00:00-04:00,23.661137884970156,23.813177182528005,22.976961045959825,23.04347801208496,105600,0.0,0.0
2022-07-08 00:00:00-04:00,22.97696029054661,23.052979936826237,22.387806672540986,22.492334365844727,106300,0.0,0.0
2022-07-11 00:00:00-04:00,22.29278100239925,22.373552893686867,21.86517118438966,22.131240844726562,91200,0.0,0.0
2022-07-12 00:00:00-04:00,21.950691286268377,22.235764469388954,21.6941243339892,21.817655563354492,102800,0.0,0.0
2022-07-13 00:00:00-04:00,21.67512014188432,21.931687108013776,21.31402730294194,21.779647827148438,104000,0.0,0.0
2022-07-14 00:00:00-04:00,21.466067711609536,21.466067711609536,20.18323462601489,20.202239990234375,154700,0.0,0.0
2022-07-15 00:00:00-04:00,20.715371599603362,20.715371599603362,20.078706414377276,20.411293029785156,130500,0.0,0.0
2022-07-18 00:00:00-04:00,20.648855086973786,20.962436345458134,20.240248820246943,20.268756866455078,110600,0.0,0.0
2022-07-19 00:00:00-04:00,20.43979979590073,20.976689506632034,20.41129175209558,20.905420303344727,178500,0.0,0.0
2022-07-20 00:00:00-04:00,20.971938294748227,21.314027587487786,20.90542133503803,21.190494537353516,308200,0.0,0.0
2022-07-21 00:00:00-04:00,21.047956749748735,21.618104934692383,20.97193711258632,21.618104934692383,131800,0.0,0.0
2022-07-22 00:00:00-04:00,21.59909802118686,21.73213373600569,21.076463279783788,21.2189998626709,123400,0.0,0.0
2022-07-25 00:00:00-04:00,21.342533477165627,21.665617401236894,21.19049419671458,21.333032608032227,125000,0.0,0.0
2022-07-26 00:00:00-04:00,21.37104085567765,21.61810513182117,21.095470348120234,21.1619873046875,69400,0.0,0.0
2022-07-27 00:00:00-04:00,21.34253418878411,21.34253418878411,20.8008940075611,21.180994033813477,102700,0.0,0.0
2022-07-28 00:00:00-04:00,21.26651164739671,21.3881434217249,20.420793010404317,21.27601432800293,405200,0.0,0.0
2022-07-29 00:00:00-04:00,21.40904973805078,22.649119633997053,21.342530974757967,22.577852249145508,253700,0.0,0.0
2022-08-01 00:00:00-04:00,22.321287383407977,22.397307021768686,21.394796794826664,22.055217742919922,285500,0.0,0.0
2022-08-02 00:00:00-04:00,21.62761222341688,23.490094636902747,21.62761222341688,22.292783737182617,428000,0.0,0.0
2022-08-03 00:00:00-04:00,22.644368389882377,23.186008470161187,22.33078719538144,22.606359481811523,230000,0.0,0.0
2022-08-04 00:00:00-04:00,22.672879657011396,23.10999213051482,22.15024305016245,22.881933212280273,198500,0.0,0.0
2022-08-05 00:00:00-04:00,22.834424879641308,23.309548146956306,22.73939986368802,23.09099006652832,115900,0.0,0.0
2022-08-08 00:00:00-04:00,23.376059462582873,23.613621038803327,23.04347289338404,23.281034469604492,151500,0.0,0.0
2022-08-09 00:00:00-04:00,23.14800525799154,23.58511777684425,22.78691057398583,23.18601417541504,170500,0.0,0.0
2022-08-10 00:00:00-04:00,23.41407020974337,23.775164848908236,23.167005933591394,23.347553253173828,130900,0.0,0.0
2022-08-11 00:00:00-04:00,23.42357169076152,24.107750208877903,23.404566329158055,24.098247528076172,146300,0.0,0.0
2022-08-12 00:00:00-04:00,24.373819581152684,24.915459734352563,24.164766027490792,24.687400817871094,179900,0.0,0.0
2022-08-15 00:00:00-04:00,24.43083506871843,25.143519897735203,24.36907035516854,25.09600830078125,136600,0.0,0.0
2022-08-16 00:00:00-04:00,25.134019636068192,25.200536598392667,24.744418731780897,24.75391960144043,224000,0.0,0.0
2022-08-17 00:00:00-04:00,24.487848629492373,24.725410214615618,24.2122763207729,24.411828994750977,185700,0.0,0.0
2022-08-18 00:00:00-04:00,24.231285910219817,24.37382252367201,24.03173501387702,24.202777862548828,93000,0.0,0.0
2022-08-19 00:00:00-04:00,24.041234054642786,24.041234054642786,23.718150122094436,23.946210861206055,89700,0.0,0.0
2022-08-22 00:00:00-04:00,23.69914623796723,23.90819979802312,23.27818631964899,23.44257926940918,133600,0.0,0.0
2022-08-23 00:00:00-04:00,23.537604790940875,23.822677998410345,23.138501213012866,23.167007446289062,115600,0.0,0.0
2022-08-24 00:00:00-04:00,23.014965269425375,23.19551257811573,22.7869063696091,23.138498306274414,81500,0.0,0.0
2022-08-25 00:00:00-04:00,23.25253151848836,24.01272981628926,23.21452260044658,23.62312889099121,128800,0.0,0.0
2022-08-26 00:00:00-04:00,23.689642448466845,23.889193317490694,23.1480023040294,23.41407012939453,85800,0.0,0.0
2022-08-29 00:00:00-04:00,23.20501752627019,23.338051444382778,22.88193360018144,23.062480926513672,56900,0.0,0.0
2022-08-30 00:00:00-04:00,23.052982794881434,23.22402747332915,22.710893437985995,22.910446166992188,77700,0.0,0.0
2022-08-31 00:00:00-04:00,23.05297539795972,23.40456551310969,22.415360581738888,22.577852249145508,121700,0.0,0.0
2022-09-01 00:00:00-04:00,22.397306069397633,22.900937284904057,22.33078911521682,22.796409606933594,144800,0.0,0.0
2022-09-02 00:00:00-04:00,22.824922107826993,23.376065023265923,22.620618958681824,22.967458724975586,120300,0.0,0.0
2022-09-06 00:00:00-04:00,22.967458533244223,23.148005880099326,21.836664663395894,22.397310256958008,169900,0.0,0.0
2022-09-07 00:00:00-04:00,22.245270786803367,22.96745835620559,22.116987289693956,22.786911010742188,117900,0.0,0.0
2022-09-08 00:00:00-04:00,22.56835339525583,23.033973942548005,22.359299826813814,22.76790428161621,72400,0.0,0.0
2022-09-09 00:00:00-04:00,22.86312580738362,23.244018831714467,22.825035596829935,23.00596046447754,74000,0.05,0.0
2022-09-12 00:00:00-04:00,23.186888094703487,23.54778434636463,23.053574158123233,23.520170211791992,76500,0.0,0.0
2022-09-13 00:00:00-04:00,23.301155464658233,23.65348269469319,23.120232388922734,23.34876823425293,127100,0.0,0.0
2022-09-14 00:00:00-04:00,23.44399266421568,23.653483408025735,23.110710531967612,23.510648727416992,122300,0.0,0.0
2022-09-15 00:00:00-04:00,23.348765205134136,23.88201544172413,22.834558257670018,22.85360336303711,178300,0.0,0.0
2022-09-16 00:00:00-04:00,22.55841237941657,22.97739381647516,21.9299384075874,22.92978286743164,588100,0.0,0.0
2022-09-19 00:00:00-04:00,22.805998283440676,23.39638217178606,22.425103343066223,23.339248657226562,146200,0.0,0.0
2022-09-20 00:00:00-04:00,23.177363514121605,23.624912604865816,23.177363514121605,23.453510284423828,123300,0.0,0.0
2022-09-21 00:00:00-04:00,23.49160145547744,23.897253509339087,23.291631468048813,23.31067657470703,94100,0.0,0.0
2022-09-22 00:00:00-04:00,23.20593740420456,23.20593740420456,22.558418160325633,22.77743148803711,100100,0.0,0.0
2022-09-23 00:00:00-04:00,22.415577682388072,22.548889792502795,22.091818143902646,22.425098419189453,106000,0.0,0.0
2022-09-26 00:00:00-04:00,22.177525588653445,22.377493810482974,21.477633179766496,21.815675735473633,122800,0.0,0.0
2022-09-27 00:00:00-04:00,21.825194657317383,22.191804819206027,21.56809114385135,21.729970932006836,122700,0.0,0.0
2022-09-28 00:00:00-04:00,21.720450779396106,22.23465786318202,21.587138638966437,21.977554321289062,133400,0.0,0.0
2022-09-29 00:00:00-04:00,21.72996701223277,21.88232421875,21.434775151635787,21.88232421875,122500,0.0,0.0
2022-09-30 00:00:00-04:00,21.9299381653915,22.51079936552079,21.68235723736866,21.72044563293457,159000,0.0,0.0
2022-10-03 00:00:00-04:00,21.88232947409538,22.267984767348246,21.42525774477157,21.920419692993164,105700,0.0,0.0
2022-10-04 00:00:00-04:00,22.063256705438388,22.891700891314436,22.063256705438388,22.453672409057617,220200,0.0,0.0
2022-10-05 00:00:00-04:00,22.01563745722107,22.425096301949313,21.59665424410812,21.787099838256836,181100,0.0,0.0
2022-10-06 00:00:00-04:00,21.834715302905757,22.316545966841733,21.215763866851816,21.444299697875977,178700,0.0,0.0
2022-10-07 00:00:00-04:00,21.39668701574373,21.549044237028067,19.97309888882295,20.282573699951172,182900,0.0,0.0
2022-10-10 00:00:00-04:00,20.33970915867119,21.615702257800795,20.268290916102057,21.425254821777344,104300,0.0,0.0
2022-10-11 00:00:00-04:00,21.42525358783528,22.077533021850716,21.301464032918382,21.8061466217041,161900,0.0,0.0
2022-10-12 00:00:00-04:00,21.73949241607432,21.73949241607432,21.20624212332163,21.23480796813965,99200,0.0,0.0
2022-10-13 00:00:00-04:00,20.730123250522404,21.453820911701236,20.325422932655695,21.25385093688965,204400,0.0,0.0
2022-10-14 00:00:00-04:00,21.29194049892529,21.539521413592,20.41588565327431,20.65394401550293,125200,0.0,0.0
2022-10-17 00:00:00-04:00,21.0348405019046,21.863282722031947,20.834870500198416,21.615703582763672,137300,0.0,0.0
2022-10-18 00:00:00-04:00,21.920415374373842,22.20608469486009,21.27765667891792,21.453821182250977,104100,0.0,0.0
2022-10-19 00:00:00-04:00,21.282420933101825,21.944222982371127,21.087213121330006,21.368122100830078,138600,0.0,0.0
2022-10-20 00:00:00-04:00,21.215765191568483,21.234808483161896,20.320665101985945,20.62537956237793,97000,0.0,0.0
2022-10-21 00:00:00-04:00,20.796781939219812,21.31098713803053,20.796781939219812,21.196720123291016,86000,0.0,0.0
2022-10-24 00:00:00-04:00,21.358598994280296,21.78710300559016,21.358598994280296,21.40620994567871,80400,0.0,0.0
2022-10-25 00:00:00-04:00,21.42525395992989,21.939460926764024,21.153867555070082,21.853759765625,109400,0.0,0.0
2022-10-26 00:00:00-04:00,21.93945836580981,22.277500786265033,21.558563553545877,22.04420280456543,145800,0.0,0.0
2022-10-27 00:00:00-04:00,22.31083350564522,23.139275719326385,22.001356859605742,22.558414459228516,117700,0.0,0.0
2022-10-28 00:00:00-04:00,22.74885888079001,23.834406360566884,22.74885888079001,23.796316146850586,194200,0.0,0.0
2022-10-31 00:00:00-04:00,23.691572059230342,24.405747286070472,23.234500349950622,24.062944412231445,174900,0.0,0.0
2022-11-01 00:00:00-04:00,24.348609586311866,24.7199800591622,22.2441744851717,24.52001190185547,1174800,0.0,0.0
2022-11-02 00:00:00-04:00,23.99628821151599,25.32941493076876,22.34892265065325,22.786951065063477,494400,0.0,0.0
2022-11-03 00:00:00-04:00,22.0442039777047,22.799326221449892,21.768057221982662,21.88232421875,333200,0.0,0.0
2022-11-04 00:00:00-04:00,21.996594428776277,22.139429091927553,21.49667219962617,21.853759765625,392200,0.0,0.0
2022-11-07 00:00:00-05:00,21.663310735122018,22.053726299774375,21.06340446775705,21.901369094848633,648200,0.0,0.0
2022-11-08 00:00:00-05:00,22.13942891798699,22.625068221878884,21.72044566862592,21.93946075439453,317300,0.0,0.0
2022-11-09 00:00:00-05:00,22.015636965014384,22.586975550928145,21.93945836580981,22.04420280456543,209300,0.0,0.0
2022-11-10 00:00:00-05:00,22.796474827042,23.46779949936053,22.36796894418268,22.977397918701172,298700,0.0,0.0
2022-11-11 00:00:00-05:00,23.091667255480566,23.14404039964836,22.091822595657447,22.234657287597656,123800,0.0,0.0
2022-11-14 00:00:00-05:00,22.13942870742979,22.13942870742979,21.310984769554008,21.8061466217041,204000,0.0,0.0
2022-11-15 00:00:00-05:00,22.072774806381858,22.796472549438477,21.83471640996487,22.796472549438477,178500,0.0,0.0
2022-11-16 00:00:00-05:00,22.682201487984468,23.653480085685676,22.66315638224729,23.253541946411133,149400,0.0,0.0
2022-11-17 00:00:00-05:00,23.101185189974373,23.463033124932483,22.78694820405979,22.92978286743164,161500,0.0,0.0
2022-11-18 00:00:00-05:00,23.38685987472342,23.548739681296382,22.758385758908794,22.967878341674805,146400,0.0,0.0
2022-11-21 00:00:00-05:00,22.825041829337362,23.2630702891049,22.825041829337362,22.967878341674805,123500,0.0,0.0
2022-11-22 00:00:00-05:00,22.939307790091316,23.148798530260752,21.777583440756583,22.034685134887695,237100,0.0,0.0
2022-11-23 00:00:00-05:00,22.053729370563374,22.615547323045718,21.768060025610936,22.177520751953125,138300,0.0,0.0
2022-11-25 00:00:00-05:00,22.310833186579824,22.84408348561863,22.09181989793335,22.577457427978516,52800,0.0,0.0
2022-11-28 00:00:00-05:00,22.558416376630824,22.720296174800716,21.853763671727073,21.987075805664062,108000,0.0,0.0
2022-11-29 00:00:00-05:00,22.006119238291532,22.320356255942226,21.853762006475527,21.968029022216797,65100,0.0,0.0
2022-11-30 00:00:00-05:00,22.120384775464412,22.92026109715392,21.672835663950114,22.872650146484375,287300,0.0,0.0
2022-12-01 00:00:00-05:00,23.167844302552215,23.38685760304128,22.567937910725316,22.986919403076172,99100,0.0,0.0
2022-12-02 00:00:00-05:00,22.644114672436224,23.21545335447902,22.644114672436224,23.2059326171875,116800,0.0,0.0
2022-12-05 00:00:00-05:00,23.158312287172777,23.22973050722718,22.644107277999705,22.68219566345215,115300,0.0,0.0
2022-12-06 00:00:00-05:00,22.672678998762244,22.78694781726485,22.196562251443684,22.31083106994629,94100,0.0,0.0
2022-12-07 00:00:00-05:00,22.348920709135967,22.634591863171146,21.09197271685698,21.425254821777344,223000,0.0,0.0
2022-12-08 00:00:00-05:00,21.587131529828337,22.115621364261678,21.44429688122932,21.872800827026367,110800,0.0,0.0
2022-12-09 00:00:00-05:00,21.758285019500523,21.877573866800862,21.35747441976325,21.36701774597168,119100,0.05,0.0
2022-12-12 00:00:00-05:00,21.386102948270697,21.55787916796817,20.746714697287455,21.52924919128418,177800,0.0,0.0
2022-12-13 00:00:00-05:00,22.101840892517448,22.11138422019842,21.128443311502064,21.18570327758789,198900,0.0,0.0
2022-12-14 00:00:00-05:00,21.17615822728629,22.240214604407463,21.147528246572346,21.996864318847656,321000,0.0,0.0
2022-12-15 00:00:00-05:00,21.853722972760615,21.901439618020078,20.660834144332593,21.21433448791504,280900,0.0,0.0
2022-12-16 00:00:00-05:00,20.937579480028944,21.099812388979434,20.52722554443633,20.75625991821289,572700,0.0,0.0
2022-12-19 00:00:00-05:00,20.81351938600229,20.985295632357214,20.546313509631094,20.80397605895996,166800,0.0,0.0
2022-12-20 00:00:00-05:00,20.861237092838795,21.219103684393698,20.813520455175976,21.04255485534668,151200,0.0,0.0
2022-12-21 00:00:00-05:00,21.233418313974443,21.71057378170421,21.023470563446665,21.662858963012695,182000,0.0,0.0
2022-12-22 00:00:00-05:00,21.529252251383213,21.529252251383213,20.751490219720164,21.09981346130371,110800,0.0,0.0
2022-12-23 00:00:00-05:00,21.10935833119198,21.242961277399623,20.870780601419124,21.061641693115234,86600,0.0,0.0
2022-12-27 00:00:00-05:00,21.099810809359543,21.099810809359543,20.221844865509215,20.250473022460938,84500,0.0,0.0
2022-12-28 00:00:00-05:00,20.29819431014683,20.469970572098443,19.782865524291992,19.782865524291992,90600,0.0,0.0
2022-12-29 00:00:00-05:00,19.916469654667345,20.434659784056127,19.754236725838968,20.269563674926758,138900,0.0,0.0
2022-12-30 00:00:00-05:00,20.059614209237832,20.245704531022206,19.639716931747788,19.954639434814453,145600,0.0,0.0
2023-01-03 00:00:00-05:00,20.250477034681825,20.250477034681825,19.763778247837166,19.93555450439453,145300,0.0,0.0
2023-01-04 00:00:00-05:00,20.116877396248853,20.55586143743071,20.10733406707056,20.441343307495117,125400,0.0,0.0
2023-01-05 00:00:00-05:00,20.260018597365182,20.536769613310707,20.097785682549677,20.39362335205078,105400,0.0,0.0
2023-01-06 00:00:00-05:00,20.546314026638804,20.722861030855594,20.135960054510406,20.298192977905273,236100,0.0,0.0
2023-01-09 00:00:00-05:00,20.269561794555123,20.699002395792853,20.021440760529266,20.164587020874023,117900,0.0,0.0
2023-01-10 00:00:00-05:00,20.030983239653352,20.755305871037685,20.030983239653352,20.613113403320312,117900,0.0,0.0
2023-01-11 00:00:00-05:00,20.746719340646237,20.89940894339477,20.112103520510825,20.517684936523438,108000,0.0,0.0
2023-01-12 00:00:00-05:00,20.517682660191518,20.622657433011085,20.08347130926072,20.479509353637695,139300,0.0,0.0
2023-01-13 00:00:00-05:00,20.279107204703397,20.646517130130697,20.150275011096138,20.517684936523438,119000,0.0,0.0
2023-01-17 00:00:00-05:00,20.574944129793327,20.708548904151673,20.24570749839643,20.52722930908203,184200,0.0,0.0
2023-01-18 00:00:00-05:00,20.60357288880022,21.319306078118792,20.46042661497723,21.061641693115234,183400,0.0,0.0
2023-01-19 00:00:00-05:00,20.85169143614064,21.204785414386322,20.6512852207497,20.880319595336914,123700,0.0,0.0
2023-01-20 00:00:00-05:00,21.118900270114747,21.118900270114747,20.0071289731629,20.097787857055664,405100,0.0,0.0
2023-01-23 00:00:00-05:00,20.08824012565588,20.431792570702655,19.916465723335758,20.250473022460938,155000,0.0,0.0
2023-01-24 00:00:00-05:00,20.240929268382274,20.708543117667908,20.202757786520053,20.632198333740234,92600,0.0,0.0
2023-01-25 00:00:00-05:00,20.53676696970438,20.90894756511173,20.312503369803423,20.86123275756836,103200,0.0,0.0
2023-01-26 00:00:00-05:00,20.994836371523775,21.17615592257113,20.703771303322394,20.727628707885742,112600,0.0,0.0
2023-01-27 00:00:00-05:00,20.641741562055817,20.751488904553177,20.26001761055428,20.613113403320312,106000,0.0,0.0
2023-01-30 00:00:00-05:00,20.517683709494193,21.1666153924689,20.508140382367678,20.823062896728516,118000,0.0,0.0
2023-01-31 00:00:00-05:00,20.7180855312162,21.634224798713042,20.7180855312162,21.62468147277832,182300,0.0,0.0
2023-02-01 00:00:00-05:00,21.691483712141235,21.71534111773209,20.994837275749273,21.052095413208008,265400,0.0,0.0
2023-02-02 00:00:00-05:00,21.052096732501653,21.88234796859871,20.880320489157192,21.872804641723633,439800,0.0,0.0
2023-02-03 00:00:00-05:00,21.729661328021496,22.397677918104826,21.586515045875334,22.34041976928711,218400,0.0,0.0
2023-02-06 00:00:00-05:00,22.187727187377238,22.426304899069468,21.834631373183207,22.101839065551758,102200,0.0,0.0
2023-02-07 00:00:00-05:00,21.96823740126525,22.7030572326667,21.60559823918502,22.588539123535156,166600,0.0,0.0
2023-02-08 00:00:00-05:00,22.397673405233068,22.55990631103166,21.882346529298538,21.93006134033203,157300,0.0,0.0
2023-02-09 00:00:00-05:00,22.16863978648313,22.63625186721639,21.481536655238973,21.567424774169922,106000,0.0,0.0
2023-02-10 00:00:00-05:00,21.47199247149859,21.748743470384408,21.42427766075438,21.576967239379883,86700,0.0,0.0
2023-02-13 00:00:00-05:00,21.662856475849235,22.04458044216569,21.42427876937602,21.7105712890625,256100,0.0,0.0
2023-02-14 00:00:00-05:00,21.576973711071343,22.063672571494443,21.16661966285948,21.21433448791504,123800,0.0,0.0
2023-02-15 00:00:00-05:00,21.00437984864791,21.662854776517204,20.78488881275925,21.62468147277832,108500,0.0,0.0
2023-02-16 00:00:00-05:00,21.29067452959224,21.67717107867527,20.65128618801239,20.765804290771484,361900,0.0,0.0
2023-02-17 00:00:00-05:00,20.889864225601833,21.8775758239942,20.584485040425925,21.70102882385254,236800,0.0,0.0
2023-02-21 00:00:00-05:00,21.548341734417594,21.863264283238518,20.90895330860496,21.090272903442383,149800,0.0,0.0
2023-02-22 00:00:00-05:00,21.118898391723633,21.624683799463455,20.95666547378471,21.118898391723633,198200,0.0,0.0
2023-02-23 00:00:00-05:00,21.12844208773482,21.61991342371861,21.04255396378439,21.49108123779297,136800,0.0,0.0
2023-02-24 00:00:00-05:00,21.204790705994526,21.56742992140598,21.080731071377258,21.157075881958008,110500,0.0,0.0
2023-02-27 00:00:00-05:00,21.319302261896983,21.624681410109837,20.81351691004238,21.395647048950195,148500,0.0,0.0
2023-02-28 00:00:00-05:00,22.464476401504886,23.67644969615864,21.72011334556517,22.998889923095703,376200,0.0,0.0
2023-03-01 00:00:00-05:00,22.989345928874013,23.762337120522147,22.321327681146354,23.69553565979004,191500,0.0,0.0
2023-03-02 00:00:00-05:00,23.542853039886975,23.78143079593763,23.299504529604988,23.39016342163086,107700,0.0,0.0
2023-03-03 00:00:00-05:00,23.332902725808562,23.342444233230893,22.674427681246364,23.31381607055664,116500,0.0,0.0
2023-03-06 00:00:00-05:00,23.342445589917258,23.595339236194555,22.798488625047625,23.027523040771484,190500,0.0,0.0
2023-03-07 00:00:00-05:00,22.98934714592032,23.03229120440773,22.283157377618906,22.61716651916504,190100,0.0,0.0
2023-03-08 00:00:00-05:00,22.750770990232986,22.893917254828718,22.101839315848608,22.244985580444336,134400,0.0,0.0
2023-03-09 00:00:00-05:00,22.26407216748553,22.383361024323793,22.00640779986604,22.120925903320312,278900,0.0,0.0
2023-03-10 00:00:00-05:00,21.996599072830808,22.092236824931664,21.11673503695204,21.40364646911621,208400,0.05,0.0
2023-03-13 00:00:00-04:00,20.93502191271545,21.241061237064415,20.342071177823893,20.418581008911133,120400,0.0,0.0
2023-03-14 00:00:00-04:00,21.040223009309784,21.288880409225488,20.6959278672514,20.848947525024414,163000,0.0,0.0
2023-03-15 00:00:00-04:00,20.33250941548568,20.571602891456862,19.72043070072377,20.552474975585938,239700,0.0,0.0
2023-03-16 00:00:00-04:00,20.26556082320509,21.09282392050794,19.988211552592343,20.74374771118164,176900,0.0,0.0
2023-03-17 00:00:00-04:00,20.447270762292437,20.447270762292437,19.270931442141585,19.548280715942383,687200,0.0,0.0
2023-03-20 00:00:00-04:00,19.749118159102025,20.255996918343005,19.65348041643453,19.796937942504883,239200,0.0,0.0
2023-03-21 00:00:00-04:00,20.17948716662201,20.77243788999145,20.17948716662201,20.284687042236328,135500,0.0,0.0
2023-03-22 00:00:00-04:00,20.16992041616834,20.447267826002978,19.72042545754215,19.739551544189453,165000,0.0,0.0
2023-03-23 00:00:00-04:00,19.7395561529662,20.15079721017606,19.48133659362793,19.48133659362793,194600,0.0,0.0
2023-03-24 00:00:00-04:00,19.328310745039435,19.97386405841992,19.098781286105705,19.80649757385254,210700,0.0,0.0
2023-03-27 00:00:00-04:00,20.064721433008014,20.083849346369156,19.787373985824313,19.796937942504883,127100,0.0,0.0
2023-03-28 00:00:00-04:00,19.68217659113097,19.835196283210347,19.548284816596166,19.576974868774414,153200,0.0,0.0
2023-03-29 00:00:00-04:00,19.701297711927488,19.90213530444276,19.44785745224271,19.80649757385254,148300,0.0,0.0
2023-03-30 00:00:00-04:00,19.902137439730158,20.036031006577012,19.490896430967027,19.768245697021484,143100,0.0,0.0
2023-03-31 00:00:00-04:00,19.87344650235039,20.07906699750266,19.624789116953732,19.749116897583008,222800,0.0,0.0
2023-04-03 00:00:00-04:00,19.74912011059182,19.988213578817238,19.251805258889735,19.48133659362793,331300,0.0,0.0
2023-04-04 00:00:00-04:00,19.596093965392075,19.67260377699187,18.400627019059193,18.64928436279297,234800,0.0,0.0
2023-04-05 00:00:00-04:00,18.601471257468035,18.888382669629888,18.534523558767884,18.735363006591797,163500,0.0,0.0
2023-04-06 00:00:00-04:00,18.888384015686835,18.974457810296986,18.68754637768875,18.95532989501953,609300,0.0,0.0
2023-04-10 00:00:00-04:00,18.945766235782116,19.309189335224197,18.945766235782116,19.089221954345703,201700,0.0,0.0
2023-04-11 00:00:00-04:00,19.079656223427293,19.94995615265076,18.859688884021313,19.05096435546875,214100,0.0,0.0
2023-04-12 00:00:00-04:00,19.11791108814125,19.270930742566673,18.936199564459237,18.96489143371582,145800,0.0,0.0
2023-04-13 00:00:00-04:00,18.99358489023889,19.031838894972996,18.591907807770028,18.725799560546875,177000,0.0,0.0
2023-04-14 00:00:00-04:00,18.764052409342963,18.85012436235947,18.31455561217192,18.324119567871094,126600,0.0,0.0
2023-04-17 00:00:00-04:00,18.391066296109198,18.55364990234375,18.065899083640094,18.55364990234375,123500,0.0,0.0
2023-04-18 00:00:00-04:00,18.419762023077354,18.620599671835524,18.30499634940233,18.343252182006836,257100,0.0,0.0
2023-04-19 00:00:00-04:00,18.371939938772627,18.888382669629888,18.238048189648865,18.735363006591797,148700,0.0,0.0
2023-04-20 00:00:00-04:00,18.725799525715285,19.060530731173095,18.725799525715285,19.04140281677246,158800,0.0,0.0
2023-04-21 00:00:00-04:00,18.94575965472494,18.94575965472494,18.46279181102709,18.64928436279297,112000,0.0,0.0
2023-04-24 00:00:00-04:00,18.57277762732496,19.08921848512506,18.57277762732496,18.697105407714844,108100,0.0,0.0
2023-04-25 00:00:00-04:00,18.55365042164348,18.682761097043855,18.180665242134513,18.228483200073242,91000,0.0,0.0
2023-04-26 00:00:00-04:00,18.113720075806512,18.247611822552532,17.960700415485846,18.075464248657227,113000,0.0,0.0
2023-04-27 00:00:00-04:00,18.085027050347673,18.50104911126437,18.003736159054878,18.448450088500977,116300,0.0,0.0
2023-04-28 00:00:00-04:00,18.362380172139435,18.78318338764997,18.209360489383148,18.6205997467041,145400,0.0,0.0
2023-05-01 00:00:00-04:00,18.477141333034105,18.934288617616417,18.375766674427595,18.601470947265625,109800,0.0,0.0
2023-05-02 00:00:00-04:00,18.591906084646144,18.591906084646144,17.97504458228728,18.161537170410156,141500,0.0,0.0
2023-05-03 00:00:00-04:00,19.02227315058184,20.246432197412936,18.974455193122203,19.4239501953125,215900,0.0,0.0
2023-05-04 00:00:00-04:00,19.23267921681401,19.395262848587365,18.62059869618222,19.165733337402344,223100,0.0,0.0
2023-05-05 00:00:00-04:00,19.395263034444238,20.217743334704117,19.35700720347761,19.82563018798828,186100,0.0,0.0
2023-05-08 00:00:00-04:00,19.92126567500236,20.3325066904183,19.739554146859412,20.32294273376465,202500,0.0,0.0
2023-05-09 00:00:00-04:00,20.208177233883614,20.514218376745692,20.12210527161348,20.389888763427734,114900,0.0,0.0
2023-05-10 00:00:00-04:00,20.533344329983805,20.648109985813786,20.222523947025238,20.428144454956055,136300,0.0,0.0
2023-05-11 00:00:00-04:00,20.20817792848194,20.801130496994116,20.15079601028344,20.65767478942871,148600,0.0,0.0
2023-05-12 00:00:00-04:00,20.75330904883261,20.81069095738967,20.294248307962157,20.581161499023438,342700,0.0,0.0
2023-05-15 00:00:00-04:00,20.72461894204032,20.801128767991543,20.351633768545362,20.514217376708984,111300,0.0,0.0
2023-05-16 00:00:00-04:00,20.380327290931962,20.475965045725353,20.06472397701069,20.169925689697266,131800,0.0,0.0
2023-05-17 00:00:00-04:00,20.32294595097921,20.380327875846724,19.720431179524063,19.844758987426758,143700,0.0,0.0
2023-05-18 00:00:00-04:00,19.720427890872703,20.70549170406923,19.682172064581707,20.57159996032715,168000,0.0,0.0
2023-05-19 00:00:00-04:00,20.877638593942766,21.011530333322877,20.389887769451907,20.514217376708984,145100,0.0,0.0
2023-05-22 00:00:00-04:00,20.552473085949547,20.71983959822443,19.615227184108058,20.65767478942871,132100,0.0,0.0
2023-05-23 00:00:00-04:00,20.59072545447261,20.982838507198842,20.571597543574264,20.581161499023438,104500,0.0,0.0
2023-05-24 00:00:00-04:00,20.437710128682507,20.552473970016095,19.768247699062577,20.045595169067383,92100,0.0,0.0
2023-05-25 00:00:00-04:00,19.873448338251887,20.001601348320133,19.12269504674184,19.15616798400879,81900,0.0,0.0
2023-05-26 00:00:00-04:00,19.09878266103588,19.49089574295999,19.09878266103588,19.290058135986328,96300,0.0,0.0
2023-05-30 00:00:00-04:00,19.27093283474205,19.30918866457079,18.888383657146505,19.03183937072754,90200,0.0,0.0
2023-05-31 00:00:00-04:00,18.955331056659276,19.09878678175479,18.27630643994252,18.304996490478516,165400,0.0,0.0
2023-06-01 00:00:00-04:00,18.36237747986215,18.572779056768507,18.018082332071536,18.075464248657227,138500,0.0,0.0
2023-06-02 00:00:00-04:00,18.352811651772754,19.156165698613222,18.16727492212067,19.127473831176758,249900,0.0,0.0
2023-06-05 00:00:00-04:00,18.917076306991564,19.11791394943157,18.304995773544405,18.563217163085938,163900,0.0,0.0
2023-06-06 00:00:00-04:00,18.56321459799849,19.05096543613279,18.405413875620496,18.926637649536133,223800,0.0,0.0
2023-06-07 00:00:00-04:00,19.07966035258161,19.72043094922437,18.979239705063065,19.395263671875,331700,0.0,0.0
2023-06-08 00:00:00-04:00,19.404826179112227,21.183680289341723,18.706671886331705,19.596099853515625,204300,0.0,0.0
2023-06-09 00:00:00-04:00,19.567336768086758,19.67279580794643,19.241374125429918,19.356420516967773,154200,0.05,0.0
2023-06-12 00:00:00-04:00,19.346834477833355,19.615273028632714,19.116743507747984,19.43311882019043,143200,0.0,0.0
2023-06-13 00:00:00-04:00,19.423530872679493,19.807015811070904,19.23178748918357,19.260549545288086,173400,0.0,0.0
2023-06-14 00:00:00-04:00,19.260548022488273,19.687175097005763,18.79077878152518,18.829126358032227,290000,0.0,0.0
2023-06-15 00:00:00-04:00,18.87706270560218,19.020869314439732,18.512750679373465,18.63738441467285,192500,0.0,0.0
2023-06-16 00:00:00-04:00,18.675733332588347,19.279723693155635,18.54151406517356,19.212614059448242,902300,0.0,0.0
2023-06-20 00:00:00-04:00,19.222202378488802,19.500230134116332,18.704498108445343,18.848304748535156,169100,0.0,0.0
2023-06-21 00:00:00-04:00,18.838718032217553,18.838718032217553,18.43605832919394,18.522342681884766,117700,0.0,0.0
2023-06-22 00:00:00-04:00,18.570282111723635,18.603836939403028,18.10051086701022,18.42647361755371,167900,0.0,0.0
2023-06-23 00:00:00-04:00,18.225145283606224,18.388126664530887,17.860833101021203,17.995054244995117,273700,0.0,0.0
2023-06-26 00:00:00-04:00,17.985459083972863,18.239517485979814,17.87041270029788,17.88958740234375,151700,0.0,0.0
2023-06-27 00:00:00-04:00,17.92793624440512,18.158027175941633,17.803302513614398,17.841651916503906,123300,0.0,0.0
2023-06-28 00:00:00-04:00,17.860828338939932,17.95670003661669,17.199317465031424,17.256839752197266,189900,0.0,0.0
2023-06-29 00:00:00-04:00,17.352708072418306,17.42940504991164,17.160964714384882,17.19931411743164,165300,0.0,0.0
2023-06-30 00:00:00-04:00,17.314360141291186,17.611562554368632,17.141791470110817,17.506103515625,266100,0.0,0.0
2023-07-03 00:00:00-04:00,17.429406830675997,17.712227306940996,17.391057423711075,17.592388153076172,109800,0.0,0.0
2023-07-05 00:00:00-04:00,17.41982066795398,17.52527971570543,16.652850762308436,16.94046401977539,269300,0.0,0.0
2023-07-06 00:00:00-04:00,16.825417799523432,16.930876848402434,16.470694900094905,16.547391891479492,159700,0.0,0.0
2023-07-07 00:00:00-04:00,16.643261660769234,16.997984519125087,16.47069299298517,16.921287536621094,220200,0.0,0.0
2023-07-10 00:00:00-04:00,16.835004983714008,17.065095955567443,16.374823040007133,16.441932678222656,288500,0.0,0.0
2023-07-11 00:00:00-04:00,16.393997774596905,16.844592366720146,16.048860401889446,16.815832138061523,329100,0.0,0.0
2023-07-12 00:00:00-04:00,17.084271119767326,17.103445825087512,16.710373509026464,16.88294219970703,174800,0.0,0.0
2023-07-13 00:00:00-04:00,16.80624444845446,17.697846262392837,16.758307687317693,17.103445053100586,237000,0.0,0.0
2023-07-14 00:00:00-04:00,17.07468038612986,17.333533370894926,16.87814426701568,17.19931411743164,162900,0.0,0.0
2023-07-17 00:00:00-04:00,17.21848890883951,17.558833498700054,17.21848890883951,17.44858169555664,168000,0.0,0.0
2023-07-18 00:00:00-04:00,17.410231653848736,17.68825936098436,17.160966001154826,17.400644302368164,96600,0.0,0.0
2023-07-19 00:00:00-04:00,17.391057876932518,17.534866328198337,17.22807655028495,17.285600662231445,114200,0.0,0.0
2023-07-20 00:00:00-04:00,17.391057559329074,17.947111164454025,17.304773221585513,17.822479248046875,121200,0.0,0.0
2023-07-21 00:00:00-04:00,18.023808415255026,18.100505402309714,17.669085535852258,18.033395767211914,105700,0.0,0.0
2023-07-24 00:00:00-04:00,17.975874533943955,18.27307514756368,17.841655255909338,18.1484432220459,85700,0.0,0.0
2023-07-25 00:00:00-04:00,18.07174341457904,18.263484949237032,17.860825349274947,17.88958740234375,123300,0.0,0.0
2023-07-26 00:00:00-04:00,17.889587884624373,18.282660144160257,17.889587884624373,18.081331253051758,85800,0.0,0.0
2023-07-27 00:00:00-04:00,18.12926792594364,18.12926792594364,17.558834184293858,17.726608276367188,115100,0.0,0.0
2023-07-28 00:00:00-04:00,17.76495477446739,17.889586675501363,17.59238612026639,17.611560821533203,68000,0.0,0.0
2023-07-31 00:00:00-04:00,17.563626946095756,17.899176958842876,17.5540395938915,17.726608276367188,128100,0.0,0.0
2023-08-01 00:00:00-04:00,17.70743314598938,17.726607849936624,17.25683857483159,17.65949821472168,151500,0.0,0.0
2023-08-02 00:00:00-04:00,17.448582248224476,17.793717782031248,17.18014187428548,17.247251510620117,182600,0.0,0.0
2023-08-03 00:00:00-04:00,17.24725386706254,17.31436351256617,16.98840080989078,17.06509780883789,129600,0.0,0.0
2023-08-04 00:00:00-04:00,17.170552722058606,17.28559910700015,16.940461780775774,16.978809356689453,97900,0.0,0.0
2023-08-07 00:00:00-04:00,16.978810879524822,17.199316318056635,16.88773377853588,17.036334991455078,150600,0.0,0.0
2023-08-08 00:00:00-04:00,16.748719473293335,16.77748152849546,15.579089990745784,15.598264694213867,304500,0.0,0.0
2023-08-09 00:00:00-04:00,15.425696972976413,15.425696972976413,14.821707490928894,14.975101470947266,312700,0.0,0.0
2023-08-10 00:00:00-04:00,15.061385579708418,15.272302756112865,14.246478930623214,15.253128051757812,547400,0.0,0.0
2023-08-11 00:00:00-04:00,15.262716054578686,15.531156441191568,15.080560012641355,15.416110038757324,181000,0.0,0.0
2023-08-14 00:00:00-04:00,15.35858696783449,15.579090580260223,15.238747809524797,15.272302627563477,165000,0.0,0.0
2023-08-15 00:00:00-04:00,15.0997340741565,15.2195732334752,14.960720210482695,15.003862380981445,188500,0.0,0.0
2023-08-16 00:00:00-04:00,14.975100466311655,15.70851641265954,14.936751973879751,15.233953475952148,268200,0.0,0.0
2023-08-17 00:00:00-04:00,15.301062721676049,15.329823861696637,14.888815752746945,14.907990455627441,167400,0.0,0.0
2023-08-18 00:00:00-04:00,14.792944293945824,14.936750901667482,14.572439792565822,14.620375633239746,138200,0.0,0.0
2023-08-21 00:00:00-04:00,14.629965065990833,14.773771694175311,14.284827695467698,14.351938247680664,222400,0.0,0.0
2023-08-22 00:00:00-04:00,14.428635237952419,14.620377713631804,14.054736724652436,14.351938247680664,243200,0.0,0.0
2023-08-23 00:00:00-04:00,14.380699392861631,14.438222592725186,14.198544269510824,14.22730541229248,193000,0.0,0.0
2023-08-24 00:00:00-04:00,14.217717700474788,14.438222227693258,14.045149019547308,14.399873733520508,193800,0.0,0.0
2023-08-25 00:00:00-04:00,14.438221553531152,14.577234495553869,14.083496856121068,14.112258911132812,110100,0.0,0.0
2023-08-28 00:00:00-04:00,14.141020174303131,14.505331312238487,13.94927771073194,13.968451499938965,116400,0.0,0.0
2023-08-29 00:00:00-04:00,14.006800523886445,14.265653545250164,13.978039381834995,14.15060806274414,171200,0.0,0.0
2023-08-30 00:00:00-04:00,14.064321872084282,14.275239019415293,13.910927915589037,14.016386032104492,151400,0.0,0.0
2023-08-31 00:00:00-04:00,14.045149548799635,14.275241436806718,13.910930271287446,13.958866119384766,190600,0.0,0.0
2023-09-01 00:00:00-04:00,14.1026715532238,14.773770626764598,14.1026715532238,14.735422134399414,197700,0.0,0.0
2023-09-05 00:00:00-04:00,14.582028476464803,14.582028476464803,14.054736009453478,14.0739107131958,146900,0.0,0.0
2023-09-06 00:00:00-04:00,14.025975823072605,14.102672814663274,13.776710143252796,13.949278831481934,115900,0.0,0.0
2023-09-07 00:00:00-04:00,13.987627211849857,13.987627211849857,13.364463017442757,13.469922065734863,282700,0.0,0.0
2023-09-08 00:00:00-04:00,13.469919164715925,13.92212385073542,13.344841233792854,13.902880668640137,175000,0.05,0.0
2023-09-11 00:00:00-04:00,14.056824618110191,14.191524160807562,13.931746667940969,14.008718490600586,112900,0.0,0.0
2023-09-12 00:00:00-04:00,13.95098984457923,14.172280967199704,13.83553348700782,14.018339157104492,212900,0.0,0.0
2023-09-13 00:00:00-04:00,14.008718712248466,14.201145978028203,13.97023325909252,14.124175071716309,142700,0.0,0.0
2023-09-14 00:00:00-04:00,14.26849357382773,14.383949919395393,14.181901085260614,14.230008125305176,164700,0.0,0.0
2023-09-15 00:00:00-04:00,14.27811645134547,14.451301444078057,14.085689191401237,14.393572807312012,656600,0.0,0.0
2023-09-18 00:00:00-04:00,14.403193152803864,14.403193152803864,14.124173420648313,14.258872032165527,172300,0.0,0.0
2023-09-19 00:00:00-04:00,14.287738936418979,14.432059161002762,14.210768027632213,14.374330520629883,170000,0.0,0.0
2023-09-20 00:00:00-04:00,14.422436459434214,14.499407362304622,14.2684946536934,14.297358512878418,182300,0.0,0.0
2023-09-21 00:00:00-04:00,14.268496350316115,14.788050465252702,14.220389300910465,14.682215690612793,118000,0.0,0.0
2023-09-22 00:00:00-04:00,14.643729910796964,15.086313103924303,14.643729910796964,15.009342193603516,155200,0.0,0.0
2023-09-25 00:00:00-04:00,14.845777119274807,15.269117078688405,14.768806217563244,15.124796867370605,145900,0.0,0.0
2023-09-26 00:00:00-04:00,15.018961605972313,15.278739094629268,14.836155938727664,14.865019798278809,212600,0.0,0.0
2023-09-27 00:00:00-04:00,14.874639619756952,15.163280933600976,14.802479520687305,14.922746658325195,176900,0.0,0.0
2023-09-28 00:00:00-04:00,14.999719262800802,15.14403947739091,14.807292004158807,14.826534271240234,172900,0.0,0.0
2023-09-29 00:00:00-04:00,14.836154810196724,14.913125708188588,14.614862790296005,14.768805503845215,242600,0.0,0.0
2023-10-02 00:00:00-04:00,14.701456903511037,14.701456903511037,14.39357327754188,14.63410758972168,274200,0.0,0.0
2023-10-03 00:00:00-04:00,14.585999363270155,14.777465005273864,14.470543012876057,14.51865005493164,172100,0.0,0.0
2023-10-04 00:00:00-04:00,14.470543503119604,14.470543503119604,14.027960352831995,14.297358512878418,191600,0.0,0.0
2023-10-05 00:00:00-04:00,14.306978544909308,14.566756001941568,14.14341516475539,14.460920333862305,178100,0.0,0.0
2023-10-06 00:00:00-04:00,14.460923022406398,14.470544615396145,14.201146434642466,14.374330520629883,192600,0.0,0.0
2023-10-09 00:00:00-04:00,14.326223088859201,14.470543300327305,14.12417424226454,14.191523551940918,137400,0.0,0.0
2023-10-10 00:00:00-04:00,14.133794321942657,14.234819199770756,13.874017768720599,14.138605117797852,185700,0.0,0.0
2023-10-11 00:00:00-04:00,14.133794764321328,14.306979750266938,13.777804117984088,14.11455249786377,160900,0.0,0.0
2023-10-12 00:00:00-04:00,14.191523904113899,14.191523904113899,13.763373137576862,13.88364028930664,162900,0.0,0.0
2023-10-13 00:00:00-04:00,13.912504017148118,14.4753543186198,13.739319026675126,13.825911521911621,174400,0.0,0.0
2023-10-16 00:00:00-04:00,13.989476126077951,14.460923176822483,13.970233857458593,14.441680908203125,270100,0.0,0.0
2023-10-17 00:00:00-04:00,14.432058134501522,14.884262879634255,14.432058134501522,14.816912651062012,270400,0.0,0.0
2023-10-18 00:00:00-04:00,14.691836600981054,14.691836600981054,14.316602734140453,14.326224327087402,134400,0.0,0.0
2023-10-19 00:00:00-04:00,14.326221499082132,14.326221499082132,13.720075026562066,13.902880668640137,248800,0.0,0.0
2023-10-20 00:00:00-04:00,13.941368745570141,14.085689885817429,13.758563069002296,13.768184661865234,245400,0.0,0.0
2023-10-23 00:00:00-04:00,13.633485183131542,13.633485183131542,13.301547568213484,13.315979957580566,245700,0.0,0.0
2023-10-24 00:00:00-04:00,13.4025725064299,13.864397957035616,13.325601597995615,13.83553409576416,205000,0.0,0.0
2023-10-25 00:00:00-04:00,13.69121085419818,13.9365559312864,13.667157793089038,13.739317893981934,169900,0.0,0.0
2023-10-26 00:00:00-04:00,13.816291261330278,13.950990813299555,13.402572847363263,13.51802921295166,144700,0.0,0.0
2023-10-27 00:00:00-04:00,13.498785078034228,13.797048023020047,13.008095788154847,13.036959648132324,199400,0.0,0.0
2023-10-30 00:00:00-04:00,13.210143089294434,13.407382056076257,13.171657638656265,13.210143089294434,110400,0.0,0.0
2023-10-31 00:00:00-04:00,13.239007921742715,13.402571317041822,13.147604632001325,13.229386329650879,138000,0.0,0.0
2023-11-01 00:00:00-04:00,13.21976289041634,13.344840817437008,13.085064290213616,13.248627662658691,136600,0.0,0.0
2023-11-02 00:00:00-04:00,13.27749215681075,13.566133470178134,13.27749215681075,13.556511878967285,163500,0.0,0.0
2023-11-03 00:00:00-04:00,13.874019595601837,14.446491531834145,13.797048686914456,13.864398002624512,145400,0.0,0.0
2023-11-06 00:00:00-05:00,13.777804862311209,13.865359886241414,13.498785101861573,13.527649879455566,115200,0.0,0.0
2023-11-07 00:00:00-05:00,13.52764907929173,13.758561780991734,13.412191810876218,13.604619979858398,184700,0.0,0.0
2023-11-08 00:00:00-05:00,13.652726044612415,14.008717605127584,12.199899614619335,12.652103424072266,427000,0.0,0.0
2023-11-09 00:00:00-05:00,11.026090979687996,11.208896621261761,7.841416839372683,8.505291938781738,1946400,0.0,0.0
2023-11-10 00:00:00-05:00,9.005604497603771,9.45780927045439,8.187788370393315,8.880526542663574,1724500,0.0,0.0
2023-11-13 00:00:00-05:00,9.053712112058243,9.106629958733215,8.332109115867853,8.659235954284668,1281300,0.0,0.0
2023-11-14 00:00:00-05:00,8.85166253469852,9.121060708334422,8.716963906663361,8.803555488586426,569600,0.0,0.0
2023-11-15 00:00:00-05:00,8.57264294288421,8.957498402051844,8.341730217922994,8.389837265014648,753200,0.0,0.0
2023-11-16 00:00:00-05:00,8.389836835287497,8.649613408171717,8.149302529714987,8.178166389465332,508800,0.0,0.0
2023-11-17 00:00:00-05:00,8.207030006597888,8.558210779701904,8.158922963392424,8.534156799316406,636900,0.0,0.0
2023-11-20 00:00:00-05:00,8.524534597840175,9.044088608678011,8.486049149539797,8.69771957397461,510700,0.0,0.0
2023-11-21 00:00:00-05:00,8.697720108583322,9.178788700689845,8.697720108583322,8.967118263244629,490600,0.0,0.0
2023-11-22 00:00:00-05:00,8.967118263244629,9.236517335471458,8.909390546028538,8.967118263244629,350100,0.0,0.0
2023-11-24 00:00:00-05:00,8.967117959429467,9.361594044781079,8.957497285263091,9.284623146057129,181900,0.0,0.0
2023-11-27 00:00:00-05:00,9.246139067522721,9.313489302065603,8.95749861329698,9.00560474395752,662600,0.0,0.0
2023-11-28 00:00:00-05:00,9.06333152412991,9.106627766885742,8.938253591453671,9.024846076965332,430100,0.0,0.0
2023-11-29 00:00:00-05:00,9.12106015723958,9.159546525856376,8.534156799316406,8.534156799316406,452400,0.0,0.0
2023-11-30 00:00:00-05:00,8.543779532236437,8.659235900805971,8.2455165585909,8.639992713928223,566900,0.0,0.0
2023-12-01 00:00:00-05:00,8.659235411468641,8.947876775364051,8.514915188303739,8.880526542663574,675600,0.0,0.0
2023-12-04 00:00:00-05:00,8.572641384607456,9.299055002708634,8.514913672643306,9.024846076965332,1441100,0.0,0.0
2023-12-05 00:00:00-05:00,9.034468518385303,9.24613803892807,8.870905123151468,8.976739883422852,833900,0.0,0.0
2023-12-06 00:00:00-05:00,9.178789327562209,9.255760234150797,8.774691609189327,8.784313201904297,749900,0.0,0.0
2023-12-07 00:00:00-05:00,8.784314567149517,8.899770944976458,8.399459056827315,8.476430892944336,553500,0.0,0.0
2023-12-08 00:00:00-05:00,8.505457778981693,8.757041508091726,8.32160869866455,8.74736499786377,605500,0.05,0.0
2023-12-11 00:00:00-05:00,8.747365627609598,8.940891232087115,8.49578188038739,8.873157501220703,530800,0.0,0.0
2023-12-12 00:00:00-05:00,8.863479695465177,8.863479695465177,8.602220398287592,8.621572494506836,577900,0.0,0.0
2023-12-13 00:00:00-05:00,8.669955385818593,8.873157501220703,8.340961396805378,8.873157501220703,606500,0.0,0.0
2023-12-14 00:00:00-05:00,8.940891891902554,9.02797865104494,8.108731269836426,8.108731269836426,921300,0.0,0.0
2023-12-15 00:00:00-05:00,8.340958881266976,8.399017006501998,8.050670100697063,8.215167045593262,8883500,0.0,0.0
2023-12-18 00:00:00-05:00,8.340959974279222,9.763374539505381,8.273226254964596,9.192473411560059,2384700,0.0,0.0
2023-12-19 00:00:00-05:00,9.250532230883167,9.618230382565981,9.105387349405733,9.38599967956543,1710500,0.0,0.0
2023-12-20 00:00:00-05:00,9.46341015367532,9.56984992068288,9.095711069873254,9.124740600585938,1768100,0.0,0.0
2023-12-21 00:00:00-05:00,9.115062769989299,9.376322048939189,8.795745360826837,9.027976036071777,1433900,0.0,0.0
2023-12-22 00:00:00-05:00,9.134417475790466,9.298914481808561,8.94089185777004,8.998950004577637,1554500,0.0,0.0
2023-12-26 00:00:00-05:00,9.115062966161112,9.129577729727306,8.848965427066409,8.921537399291992,1410200,0.0,0.0
2023-12-27 00:00:00-05:00,8.931214087045939,9.337618288995444,8.863480360988623,9.124740600585938,1525300,0.0,0.0
2023-12-28 00:00:00-05:00,9.124739112720876,9.298911654582655,9.0957095867417,9.289236068725586,1409900,0.0,0.0
2023-12-29 00:00:00-05:00,9.385998616947425,9.385998616947425,8.93121284962363,8.940889358520508,1519300,0.0,0.0
2024-01-02 00:00:00-05:00,8.950569129542627,9.32794480883513,8.882835388183594,8.882835388183594,1540300,0.0,0.0
2024-01-03 00:00:00-05:00,8.873158875760012,9.047332408172402,8.602222987520864,8.882835388183594,1814100,0.0,0.0
2024-01-04 00:00:00-05:00,8.882831859209771,9.07635741678242,8.718334904572357,9.066680908203125,1909000,0.0,0.0
2024-01-05 00:00:00-05:00,8.979594836421084,9.192473426794775,8.948631114055285,9.037652969360352,1816400,0.0,0.0
2024-01-08 00:00:00-05:00,9.066682156955066,9.086035176779141,8.611896341919813,8.71833610534668,1785000,0.0,0.0
2024-01-09 00:00:00-05:00,8.7086604288881,8.7086604288881,8.040996868706605,8.1377592086792,1796300,0.0,0.0
2024-01-10 00:00:00-05:00,8.09905408812959,8.186140840066928,7.910366740800597,8.1377592086792,1596700,0.0,0.0
2024-01-11 00:00:00-05:00,8.118407001548546,8.195817241615517,7.818441629186894,8.157112121582031,1620700,0.0,0.0
2024-01-12 00:00:00-05:00,8.234523152730656,8.307095144414998,8.040997533971433,8.108731269836426,1671700,0.0,0.0
2024-01-16 00:00:00-05:00,8.128083398924005,8.302256917821916,8.002292438389897,8.176465034484863,1672600,0.0,0.0
2024-01-17 00:00:00-05:00,8.031318668264827,8.166786100287817,7.750706372613773,7.953908443450928,1732100,0.0,0.0
2024-01-18 00:00:00-05:00,7.9539083848831025,8.147433945492846,7.779734918933001,8.11840534210205,1708500,0.0,0.0
2024-01-19 00:00:00-05:00,8.20549090914951,8.428045989358507,8.137757195643685,8.311930656433105,1863900,0.0,0.0
2024-01-22 00:00:00-05:00,8.331284183878669,8.766717910766602,8.321608596572222,8.766717910766602,1815300,0.0,0.0
2024-01-23 00:00:00-05:00,8.902185559693303,9.04733044616174,8.747365085702555,8.848966598510742,2082300,0.0,0.0
2024-01-24 00:00:00-05:00,8.96991882866188,9.105386261153425,8.892507680777559,9.027976036071777,1031500,0.0,0.0
2024-01-25 00:00:00-05:00,9.095709879050757,9.221501727261796,8.882832218511478,9.163444519042969,1047400,0.0,0.0
2024-01-26 00:00:00-05:00,9.221504009333156,9.33761937730889,9.076360030064217,9.105388641357422,927800,0.0,0.0
2024-01-29 00:00:00-05:00,9.086034505440834,9.453733549705179,9.008624277469679,9.434380531311035,930300,0.0,0.0
2024-01-30 00:00:00-05:00,9.32794164014614,9.521467208862305,9.231178394386706,9.521467208862305,715400,0.0,0.0
2024-01-31 00:00:00-05:00,9.473086742869434,9.569850000445937,9.231179521730986,9.260208129882812,292600,0.0,0.0
2024-02-01 00:00:00-05:00,9.202149503906819,9.376322048939189,8.786068851990963,9.027976036071777,1781000,0.0,0.0
2024-02-02 00:00:00-05:00,9.027976230369335,9.187634938386694,8.87315577687404,8.921537399291992,691900,0.0,0.0
2024-02-05 00:00:00-05:00,8.757041289206212,8.911861757772495,8.418370822115376,8.63124942779541,958400,0.0,0.0
2024-02-06 00:00:00-05:00,8.573190985498064,8.93121353701361,8.553838889017555,8.757040977478027,1053000,0.0,0.0
2024-02-07 00:00:00-05:00,8.805424690224946,8.844129815163834,8.563517428656162,8.582869529724121,997000,0.0,0.0
2024-02-08 00:00:00-05:00,8.67963151703144,8.7957468746382,8.42804778081538,8.708660125732422,974700,0.0,0.0
2024-02-09 00:00:00-05:00,8.563515567514512,9.202150451610663,8.457075804963308,9.1827974319458,1068600,0.0,0.0
2024-02-12 00:00:00-05:00,9.231178997316135,9.860137367424418,9.221502487547635,9.802080154418945,1044400,0.0,0.0
2024-02-13 00:00:00-05:00,9.608556167107245,9.860139003206102,9.540821510293437,9.773053169250488,1266700,0.0,0.0
2024-02-14 00:00:00-05:00,9.773051462635483,10.082692390103412,9.690802975926468,10.043987274169922,1049200,0.0,0.0
2024-02-15 00:00:00-05:00,10.053662067806112,10.324597833094842,10.039147305757528,10.247187614440918,922300,0.0,0.0
2024-02-16 00:00:00-05:00,10.227836365005663,10.377819497006136,10.048825549499334,10.266541481018066,1066800,0.0,0.0
2024-02-20 00:00:00-05:00,10.073015266289042,10.547153138267822,10.068177011741989,10.450390815734863,944100,0.0,0.0
2024-02-21 00:00:00-05:00,10.489097859966048,10.489097859966048,10.073017120361328,10.073017120361328,878700,0.0,0.0
2024-02-22 00:00:00-05:00,10.053663330277452,10.372980753023263,9.908518459973084,10.343951225280762,918600,0.0,0.0
2024-02-23 00:00:00-05:00,10.16010348156998,10.67294654177872,10.16010348156998,10.50844955444336,890400,0.0,0.0
2024-02-26 00:00:00-05:00,10.421363508473753,10.566507471741604,10.043987912053405,10.169779777526855,970400,0.0,0.0
2024-02-27 00:00:00-05:00,10.227837984613517,10.392334984415495,10.092370518519818,10.23751449584961,1268400,0.0,0.0
2024-02-28 00:00:00-05:00,10.237511448667652,10.295569576000384,9.981089514052245,10.034309387207031,1541400,0.0,0.0
2024-02-29 00:00:00-05:00,9.89884334290692,11.118055995481642,9.415028886120394,9.66661262512207,1752800,0.0,0.0
2024-03-01 00:00:00-05:00,9.73434702284934,9.78272772902466,9.35697142418324,9.482763290405273,998100,0.0,0.0
2024-03-04 00:00:00-05:00,9.521468446673182,9.705317530153629,9.463410307109301,9.550497055053711,736300,0.0,0.0
2024-03-05 00:00:00-05:00,9.395674945415587,9.57952399691235,9.1731198590746,9.356969833374023,681100,0.0,0.0
2024-03-06 00:00:00-05:00,9.415028107001216,9.739183803135536,9.211826937857055,9.337617874145508,700100,0.0,0.0
2024-03-07 00:00:00-05:00,9.027977012286778,9.560173059372632,9.008624915325118,9.405352592468262,894500,0.0,0.0
2024-03-08 00:00:00-05:00,9.492890315958334,9.570700816287966,9.15246868133545,9.15246868133545,934600,0.05,0.0
2024-03-11 00:00:00-04:00,9.230278679181987,9.230278679181987,7.255835717548346,7.547625541687012,2111100,0.0,0.0
2024-03-12 00:00:00-04:00,7.460088900277611,7.674067775968203,7.012678060046481,7.04185676574707,1700100,0.0,0.0
2024-03-13 00:00:00-04:00,7.041856055844942,7.249026978854812,6.555540014514642,6.584719181060791,880300,0.0,0.0
2024-03-14 00:00:00-04:00,6.584720188945438,6.638214794716515,6.176214577494479,6.565267562866211,1958800,0.0,0.0
2024-03-15 00:00:00-04:00,6.536088128064864,8.598068728179747,6.438825001594155,7.712973117828369,10394300,0.0,0.0
2024-03-18 00:00:00-04:00,7.683794003237921,8.23819449032457,7.450362048332489,7.5087199211120605,2453200,0.0,0.0
2024-03-19 00:00:00-04:00,7.460088521038415,7.605983433486179,7.333646232664544,7.537899017333984,1464300,0.0,0.0
2024-03-20 00:00:00-04:00,7.508721098634065,8.131205636355027,7.421184507630741,7.936679363250732,2413400,0.0,0.0
2024-03-21 00:00:00-04:00,7.926952508541937,8.238195460944425,7.897773800607904,8.218742370605469,1568600,0.0,0.0
2024-03-22 00:00:00-04:00,8.743963120252236,9.142742167677575,8.403542412057734,8.442447662353516,1805800,0.0,0.0
2024-03-25 00:00:00-04:00,8.46190043439601,8.714785043356033,8.199290207840914,8.218742370605469,1024600,0.0,0.0
2024-03-26 00:00:00-04:00,8.277098774487033,8.481351537311804,8.218740444719591,8.228466987609863,740900,0.0,0.0
2024-03-27 00:00:00-04:00,8.3062774437353,9.094109790917003,8.238193498912823,8.987119674682617,797200,0.0,0.0
2024-03-28 00:00:00-04:00,8.938489637302169,9.17192207358669,8.76341646955673,9.045479774475098,922800,0.0,0.0
2024-04-01 00:00:00-04:00,9.02602652114941,9.02602652114941,8.685605809018954,8.753689765930176,422600,0.0,0.0
2024-04-02 00:00:00-04:00,8.549436054941136,8.977393767456865,8.53970951139949,8.743962287902832,635600,0.0,0.0
2024-04-03 00:00:00-04:00,8.617520696217746,8.91903707718846,8.461899697358405,8.841226577758789,473200,0.0,0.0
2024-04-04 00:00:00-04:00,9.006573919045314,9.006573919045314,8.3646368493533,8.559163093566895,568400,0.0,0.0
2024-04-05 00:00:00-04:00,8.65642620582873,8.65642620582873,8.247920607771034,8.393815994262695,621200,0.0,0.0
2024-04-08 00:00:00-04:00,8.529983375329767,8.724509596430533,8.41326671509512,8.578614234924316,510200,0.0,0.0
2024-04-09 00:00:00-04:00,8.578615109695674,8.802320982453741,8.218741332068964,8.247920036315918,414200,0.0,0.0
2024-04-10 00:00:00-04:00,8.033941377693921,8.42299384710374,8.014488290436303,8.354909896850586,455800,0.0,0.0
2024-04-11 00:00:00-04:00,8.335458532998997,8.617521863532964,8.218742768044367,8.41326904296875,369300,0.0,0.0
2024-04-12 00:00:00-04:00,8.41326666465409,8.442446293324904,7.9755824379079225,8.228466987609863,609800,0.0,0.0
2024-04-15 00:00:00-04:00,8.160383699887525,8.364636479165913,7.965856536708671,8.335456848144531,486300,0.0,0.0
2024-04-16 00:00:00-04:00,8.286826332566788,8.617520483180503,8.189562746897032,8.568889617919922,706100,0.0,0.0
2024-04-17 00:00:00-04:00,8.617521685614124,9.006575155004871,8.354911451781714,8.481353759765625,979900,0.0,0.0
2024-04-18 00:00:00-04:00,8.753689223324947,9.220552203333288,8.549436437677727,8.957942008972168,690400,0.0,0.0
2024-04-19 00:00:00-04:00,8.880132118619745,9.201100671184067,8.880132118619745,9.08438491821289,696300,0.0,0.0
2024-04-22 00:00:00-04:00,9.084384107157247,9.084384107157247,8.919036573316754,9.026025772094727,488900,0.0,0.0
2024-04-23 00:00:00-04:00,9.006573677062988,9.298363499330927,8.977394045534203,9.006573677062988,368000,0.0,0.0
2024-04-24 00:00:00-04:00,8.919036573316754,9.162194602191095,8.850952622055704,9.026025772094727,358100,0.0,0.0
2024-04-25 00:00:00-04:00,8.977393333559414,9.006572962774037,8.831498897783108,8.909309387207031,346500,0.0,0.0
2024-04-26 00:00:00-04:00,8.831499324629156,8.841225868170802,8.481352105298106,8.743962287902832,390100,0.0,0.0
2024-04-29 00:00:00-04:00,8.58834171295166,8.812047587254758,8.549436464495594,8.58834171295166,345600,0.0,0.0
2024-04-30 00:00:00-04:00,8.66615110969262,8.685604195238223,8.432719648590437,8.646698951721191,356100,0.0,0.0
2024-05-01 00:00:00-04:00,8.636974819536652,8.919038145652824,8.45217416557208,8.46190071105957,420400,0.0,0.0
2024-05-02 00:00:00-04:00,8.471625883959877,8.719647188259435,8.471625883959877,8.617520332336426,335600,0.0,0.0
2024-05-03 00:00:00-04:00,8.63697256504164,8.70505651053336,8.422993258043705,8.578614234924316,214900,0.0,0.0
2024-05-06 00:00:00-04:00,8.607794906399917,8.695331020817541,8.529984408534718,8.549436569213867,310000,0.0,0.0
2024-05-07 00:00:00-04:00,8.588343154187918,8.8752697575418,8.374363787983873,8.41326904296875,412800,0.0,0.0
2024-05-08 00:00:00-04:00,8.413267493460788,8.539709780767824,7.7518778167416675,8.286826133728027,1411500,0.0,0.0
2024-05-09 00:00:00-04:00,8.393815814998831,8.841226654384233,7.567078555712646,7.751878261566162,1415100,0.0,0.0
2024-05-10 00:00:00-04:00,7.761604060396733,7.956130755757858,7.479540792720865,7.489266872406006,631100,0.0,0.0
2024-05-13 00:00:00-04:00,7.596256586491582,8.131203959074663,7.567077883438443,7.839415073394775,733900,0.0,0.0
2024-05-14 00:00:00-04:00,7.858867931102801,8.092299431414926,7.742152180946739,7.751878261566162,345800,0.0,0.0
2024-05-15 00:00:00-04:00,7.790782710002811,7.9561302277612365,7.712971758749896,7.87831974029541,449400,0.0,0.0
2024-05-16 00:00:00-04:00,7.936678142537625,8.00962536778517,7.849141101210853,7.858867645263672,309100,0.0,0.0
2024-05-17 00:00:00-04:00,7.926952233565358,8.092299785413168,7.839416112799784,7.975584030151367,498200,0.0,0.0
2024-05-20 00:00:00-04:00,7.985309615866361,8.024214862947376,7.6059832249328805,7.61570930480957,558700,0.0,0.0
2024-05-21 00:00:00-04:00,7.5768042851857285,7.71297265405709,7.460088540438848,7.528172492980957,427500,0.0,0.0
2024-05-22 00:00:00-04:00,7.508719726613767,7.649751364791377,7.440635775361418,7.586530685424805,418300,0.0,0.0
2024-05-23 00:00:00-04:00,7.625435783602487,7.6448884069775085,7.372551215940081,7.46008825302124,309000,0.0,0.0
2024-05-24 00:00:00-04:00,7.489267015490674,7.489267015490674,7.25583553314209,7.25583553314209,306000,0.0,0.0
2024-05-28 00:00:00-04:00,7.285014552837347,7.392004218785876,7.072980808028657,7.139120101928711,330200,0.0,0.0
2024-05-29 00:00:00-04:00,7.071035915107507,7.080762459504795,6.944593620665759,7.051583290100098,498900,0.0,0.0
2024-05-30 00:00:00-04:00,7.100214762242394,7.683793949763941,7.0515829700376225,7.528172492980957,672100,0.0,0.0
2024-05-31 00:00:00-04:00,7.615709356613504,7.644888524016315,7.396867224347383,7.596256732940674,1362100,0.0,0.0
2024-06-03 00:00:00-04:00,7.664342001004279,7.7226998785200855,7.528173156346878,7.635162830352783,393400,0.0,0.0
2024-06-04 00:00:00-04:00,7.567078224257748,7.849141042886336,7.523309703919592,7.703246593475342,515800,0.0,0.0
2024-06-05 00:00:00-04:00,7.674067024294871,7.693519647452272,7.4017303000912635,7.489266872406006,395900,0.0,0.0
2024-06-06 00:00:00-04:00,7.469814447173713,7.625435900343485,7.372551328809562,7.596256732940674,291900,0.0,0.0
2024-06-07 00:00:00-04:00,7.547626042902142,7.596257374296619,7.362825870513916,7.362825870513916,274400,0.0,0.0
2024-06-10 00:00:00-04:00,7.35303454681189,7.568436145782471,7.294288189312712,7.568436145782471,253300,0.05,0.0
2024-06-11 00:00:00-04:00,7.49989944142214,7.49989944142214,7.284497830920961,7.411780834197998,272300,0.0,0.0
2024-06-12 00:00:00-04:00,7.529272513475828,7.725092156570173,7.431362691928656,7.617391586303711,386200,0.0,0.0
2024-06-13 00:00:00-04:00,7.558645335195188,7.636973660430115,7.264915866329945,7.411780834197998,598500,0.0,0.0
2024-06-14 00:00:00-04:00,7.333452275994622,7.353034706834408,7.225751707600886,7.245333671569824,376300,0.0,0.0
2024-06-17 00:00:00-04:00,7.353034091303171,7.548853714600259,7.22575110272466,7.5390625,245900,0.0,0.0
2024-06-18 00:00:00-04:00,7.490108097296563,7.744673616748547,7.421570993239462,7.646763801574707,282700,0.0,0.0
2024-06-20 00:00:00-04:00,7.617391278245295,7.832792876937919,7.539062957304412,7.597809314727783,172400,0.0,0.0
2024-06-21 00:00:00-04:00,7.58801845217627,7.627182381031382,7.215960661181847,7.225751876831055,494500,0.0,0.0
2024-06-24 00:00:00-04:00,7.206169956180509,7.313870527750912,7.088677702030557,7.137632846832275,479000,0.0,0.0
2024-06-25 00:00:00-04:00,7.078887044128685,7.313870621705485,7.069095828294218,7.264915943145752,250000,0.0,0.0
2024-06-26 00:00:00-04:00,7.245333978347685,7.284497907943819,7.118050973724818,7.264915943145752,240600,0.0,0.0
2024-06-27 00:00:00-04:00,7.304079483385467,7.304079483385467,7.09846863053077,7.240437984466553,186800,0.0,0.0
2024-06-28 00:00:00-04:00,7.294288189312712,7.77404699641708,7.137632480970471,7.568436145782471,1409500,0.0,0.0
2024-07-01 00:00:00-04:00,7.43136270265677,7.744674132060027,7.42157148705249,7.588018417358398,348200,0.0,0.0
2024-07-02 00:00:00-04:00,7.597809426205498,7.597809426205498,7.2551243593148,7.362825393676758,216200,0.0,0.0
2024-07-03 00:00:00-04:00,7.392198709908026,7.460735351060506,7.088677564998165,7.098468780517578,123500,0.0,0.0
2024-07-05 00:00:00-04:00,7.039722361457789,7.2159600257873535,6.9613945106446495,7.2159600257873535,361900,0.0,0.0
2024-07-08 00:00:00-04:00,7.225751333045177,7.313869932902239,6.980976562686228,7.010349273681641,349000,0.0,0.0
2024-07-09 00:00:00-04:00,7.010349042012956,7.010349042012956,6.745992317436233,6.8145294189453125,330600,0.0,0.0
2024-07-10 00:00:00-04:00,6.902648714254563,7.744673588555139,6.892857499337411,7.705509662628174,657400,0.0,0.0
2024-07-11 00:00:00-04:00,7.627182206966353,7.78285889064325,7.441153315714631,7.548854351043701,521700,0.0,0.0
2024-07-12 00:00:00-04:00,7.6075996402883845,7.91112029137825,7.509689828141784,7.842583656311035,463900,0.0,0.0
2024-07-15 00:00:00-04:00,7.871956249251602,8.234222782232766,7.7446732619217435,8.136313438415527,371300,0.0,0.0
2024-07-16 00:00:00-04:00,7.940492514167045,8.390878089265714,7.6761362710338945,8.29296875,501700,0.0,0.0
2024-07-17 00:00:00-04:00,8.224431357807328,8.430042188439591,8.224431357807328,8.244013786315918,319500,0.0,0.0
2024-07-18 00:00:00-04:00,8.21464164483441,8.332133422778558,7.979657155204466,8.038403511047363,235600,0.0,0.0
2024-07-19 00:00:00-04:00,8.057985370911782,8.057985370911782,7.627182165669738,7.6369733810424805,195900,0.0,0.0
2024-07-22 00:00:00-04:00,7.676137563381109,7.78383813482823,7.450944737918524,7.744674205780029,240100,0.0,0.0
2024-07-23 00:00:00-04:00,7.725092061786584,7.823001882132444,7.617391492841562,7.793629169464111,201800,0.0,0.0
2024-07-24 00:00:00-04:00,7.744672878079178,7.940492489750027,7.725090916912093,7.930702209472656,253200,0.0,0.0
2024-07-25 00:00:00-04:00,7.881747598989652,8.390878623303074,7.81321049689667,8.146103858947754,369200,0.0,0.0
2024-07-26 00:00:00-04:00,8.253805000570212,8.292968923845805,8.07756687895925,8.244013786315918,188600,0.0,0.0
2024-07-29 00:00:00-04:00,8.27338784209023,8.418294288423832,8.214642414484974,8.39087963104248,206000,0.0,0.0
2024-07-30 00:00:00-04:00,8.449625810363758,8.64544545439907,8.42025309719389,8.439834594726562,247500,0.0,0.0
2024-07-31 00:00:00-04:00,8.459415435791016,8.802099514999265,8.42025151434603,8.459415435791016,397500,0.0,0.0
2024-08-01 00:00:00-04:00,8.4692059081321,8.518161044485202,7.842583150785384,7.930702209472656,224200,0.0,0.0
2024-08-02 00:00:00-04:00,7.685928377746328,7.832793346364842,7.539063409127815,7.627182483673096,209000,0.0,0.0
2024-08-05 00:00:00-04:00,7.333451590461001,7.382406729242427,7.069094868157071,7.353034019470215,247000,0.0,0.0
2024-08-06 00:00:00-04:00,7.215960291766632,7.343243287465026,6.628500922143597,6.990767478942871,928200,0.0,0.0
2024-08-07 00:00:00-04:00,7.137632499244507,7.490108310787807,7.127841750883469,7.206169605255127,381700,0.0,0.0
2024-08-08 00:00:00-04:00,7.19637839002325,7.362825313998443,7.118050535651593,7.206169605255127,178600,0.0,0.0
2024-08-09 00:00:00-04:00,7.235542669564851,7.343243708006115,6.979998102263457,7.137632846832275,311900,0.0,0.0
2024-08-12 00:00:00-04:00,7.167006060079194,7.284497847899132,6.912440052931798,7.078886985778809,276000,0.0,0.0
2024-08-13 00:00:00-04:00,7.118050159747578,7.3530341773238925,7.049513057356401,7.333451747894287,287100,0.0,0.0
2024-08-14 00:00:00-04:00,7.353034195741137,7.4019888688253275,7.1963780280076115,7.304079055786133,289900,0.0,0.0
2024-08-15 00:00:00-04:00,7.382407621542407,7.568436517777718,7.382407621542407,7.470526695251465,180400,0.0,0.0
2024-08-16 00:00:00-04:00,7.4803174440686595,7.636973626981526,7.423529606942175,7.470526695251465,311800,0.0,0.0
2024-08-19 00:00:00-04:00,7.470526199150591,7.5586448001370306,7.411780309536022,7.499898910522461,157500,0.0,0.0
2024-08-20 00:00:00-04:00,7.490108077917012,7.5145856483648465,7.26491527016442,7.34324312210083,475000,0.0,0.0
2024-08-21 00:00:00-04:00,7.421571661530286,7.499899520722552,7.264915943145752,7.264915943145752,169700,0.0,0.0
2024-08-22 00:00:00-04:00,7.225751409224494,7.279601691197697,7.137632341567591,7.196378231048584,162000,0.0,0.0
2024-08-23 00:00:00-04:00,7.21595999061545,7.450944008780332,7.1963780280076115,7.304079055786133,216700,0.0,0.0
2024-08-26 00:00:00-04:00,7.382407277591358,7.426466812393126,7.176796426430336,7.206169605255127,133800,0.0,0.0
2024-08-27 00:00:00-04:00,7.2061703139105555,7.2061703139105555,6.97118626081639,7.069096088409424,220000,0.0,0.0
2024-08-28 00:00:00-04:00,7.049513273910688,7.206169446064163,6.9427917380916755,7.196378231048584,190800,0.0,0.0
2024-08-29 00:00:00-04:00,7.245333483202572,7.529272186805639,7.059304596898693,7.294288158416748,578600,0.0,0.0
2024-08-30 00:00:00-04:00,7.313870312025684,7.3432434914145155,7.118050672336302,7.245333671569824,176400,0.0,0.0
2024-09-03 00:00:00-04:00,7.137632003580625,7.215959852512904,6.85369331776571,6.873275279998779,243900,0.0,0.0
2024-09-04 00:00:00-04:00,6.87327630244223,6.941813413888707,6.75088890356194,6.755784511566162,296000,0.0,0.0
2024-09-05 00:00:00-04:00,6.951603814354405,6.951603814354405,6.7459929571986805,6.794948101043701,312000,0.0,0.0
2024-09-06 00:00:00-04:00,6.814529780469737,6.824320528707133,6.324980229958237,6.383726119995117,517000,0.0,0.0
2024-09-09 00:00:00-04:00,6.432680950244888,6.442471698008096,6.217278897004585,6.3641438484191895,253400,0.0,0.0
2024-09-10 00:00:00-04:00,6.373936139609456,6.373936139609456,6.129161334866314,6.158534049987793,201400,0.0,0.0
2024-09-11 00:00:00-04:00,6.129161334866314,6.21727994710164,6.016564681911606,6.158534049987793,146300,0.0,0.0
2024-09-12 00:00:00-04:00,6.1781145523076,6.344561454806681,6.080204746976018,6.246651649475098,253400,0.0,0.0
2024-09-13 00:00:00-04:00,6.305397988539786,6.667664527893066,6.285816026057739,6.667664527893066,356300,0.0,0.0
2024-09-16 00:00:00-04:00,6.716982274270839,6.786026314828272,6.519714258855386,6.559167861938477,256700,0.05,0.0
2024-09-17 00:00:00-04:00,6.647937718830617,6.707118589195742,6.450669718693571,6.470396518707275,193100,0.0,0.0
2024-09-18 00:00:00-04:00,6.450669859893703,6.6972551006245755,6.391489458557176,6.4112162590026855,169100,0.0,0.0
2024-09-19 00:00:00-04:00,6.559167740114071,6.559167740114071,6.430943297313534,6.50985050201416,159200,0.0,0.0
2024-09-20 00:00:00-04:00,6.4802605576810635,6.608484530598167,6.253402108225208,6.401352882385254,592900,0.0,0.0
2024-09-23 00:00:00-04:00,6.391489960347054,6.41910738907418,6.28792413229627,6.3027191162109375,154100,0.0,0.0
2024-09-24 00:00:00-04:00,6.352035828302126,6.420093124911111,6.2435381911913765,6.322445392608643,202600,0.0,0.0
2024-09-25 00:00:00-04:00,6.312582348471588,6.361899115139724,6.164631107819123,6.174494743347168,130600,0.0,0.0
2024-09-26 00:00:00-04:00,6.223812270087154,6.371763528807899,6.184358663804834,6.2534027099609375,211500,0.0,0.0
2024-09-27 00:00:00-04:00,6.3323083891852985,6.401351948298727,6.154766733581692,6.184357166290283,144800,0.0,0.0
2024-09-30 00:00:00-04:00,6.154766733581692,6.3323083891852985,6.056132741759672,6.184357166290283,199900,0.0,0.0
2024-10-01 00:00:00-04:00,6.263265250747688,6.263265250747688,6.036406802122621,6.11531400680542,273900,0.0,0.0
2024-10-02 00:00:00-04:00,6.075860269362839,6.194221544079228,6.056133468630779,6.174494743347168,214600,0.0,0.0
2024-10-03 00:00:00-04:00,6.164631366729736,6.204084969850883,6.061065540955715,6.164631366729736,218700,0.0,0.0
2024-10-04 00:00:00-04:00,6.263265048662177,6.5493038915702435,6.263265048662177,6.4999871253967285,347900,0.0,0.0
2024-10-07 00:00:00-04:00,6.539441590669806,6.539441590669806,6.15476822393105,6.2534027099609375,275800,0.0,0.0
2024-10-08 00:00:00-04:00,6.213947782724957,6.278059526561865,6.090655171721081,6.10545015335083,425300,0.0,0.0
2024-10-09 00:00:00-04:00,6.144904443723489,6.172521871297661,6.05613360329332,6.11531400680542,492700,0.0,0.0
2024-10-10 00:00:00-04:00,6.115313136852883,6.273127994092087,6.115313136852883,6.184357166290283,207600,0.0,0.0
2024-10-11 00:00:00-04:00,6.184358162049529,6.366831193881706,6.184358162049529,6.361899375915527,151600,0.0,0.0
2024-10-14 00:00:00-04:00,6.401352718477697,6.470396756222132,6.312582350319455,6.371762752532959,261400,0.0,0.0
2024-10-15 00:00:00-04:00,6.361899258038466,6.519714137763758,6.3520360926129085,6.50985050201416,237000,0.0,0.0
2024-10-16 00:00:00-04:00,6.50985004303289,6.741640293241485,6.50985004303289,6.707118511199951,231700,0.0,0.0
2024-10-17 00:00:00-04:00,6.707119149636654,6.9339776039123535,6.628211472664368,6.9339776039123535,237800,0.0,0.0
2024-10-18 00:00:00-04:00,6.973430872973998,7.091791677272877,6.896496209082518,7.0720648765563965,196600,0.0,0.0
2024-10-21 00:00:00-04:00,7.052338389413209,7.052338389413209,6.776162696778662,6.8452067375183105,256100,0.0,0.0
2024-10-22 00:00:00-04:00,6.795888378810747,6.8452056098322185,6.687391223081864,6.815615177154541,407400,0.0,0.0
2024-10-23 00:00:00-04:00,6.795889234812908,6.874796438127143,6.707118866246409,6.855069637298584,116700,0.0,0.0
2024-10-24 00:00:00-04:00,6.8846604385443735,6.968499464089663,6.712050569404293,6.805753231048584,255100,0.0,0.0
2024-10-25 00:00:00-04:00,6.855069910578589,6.864933546548101,6.312582631004743,6.45067024230957,198600,0.0,0.0
2024-10-28 00:00:00-04:00,6.490123528128025,6.6084843320292235,6.27806006839536,6.282991886138916,155100,0.0,0.0
2024-10-29 00:00:00-04:00,6.28299256111434,6.371763408738812,6.194222183813945,6.204085350036621,147700,0.0,0.0
2024-10-30 00:00:00-04:00,6.204085350036621,6.352036605969383,6.164631744497761,6.204085350036621,173800,0.0,0.0
2024-10-31 00:00:00-04:00,6.213948434430581,6.2534020364637115,6.075860356990587,6.135040760040283,216100,0.0,0.0
2024-11-01 00:00:00-04:00,6.154767301588175,6.25340177283687,6.125177336472779,6.144904136657715,157600,0.0,0.0
2024-11-04 00:00:00-05:00,6.125177009129233,6.233674639510026,5.967362616083711,5.9772257804870605,204000,0.0,0.0
2024-11-05 00:00:00-05:00,6.016679145030864,6.263264359747899,5.977225548302056,6.184357166290283,133500,0.0,0.0
2024-11-06 00:00:00-05:00,6.490123933727493,6.677528786778246,6.430943528078423,6.608484745025635,274000,0.0,0.0
2024-11-07 00:00:00-05:00,6.618347597838866,6.643006214855279,6.317513787145827,6.332308769226074,158400,0.0,0.0
2024-11-08 00:00:00-05:00,6.381625474297562,6.470396306611381,6.322445076196347,6.460533142089844,154500,0.0,0.0
2024-11-11 00:00:00-05:00,6.578894012548186,6.638074411317368,6.401352345916635,6.529576778411865,193000,0.0,0.0
2024-11-12 00:00:00-05:00,6.056133134295774,6.056133134295774,4.734436617565297,4.892251014709473,1822500,0.0,0.0
2024-11-13 00:00:00-05:00,5.040202638216403,5.040202638216403,4.527305337382917,4.537168502807617,1362900,0.0,0.0
2024-11-14 00:00:00-05:00,4.537168177148921,4.68511941049243,4.408943743562945,4.67525577545166,595300,0.0,0.0
2024-11-15 00:00:00-05:00,4.714710358959915,4.74430032665805,4.448398298056417,4.56675910949707,435500,0.0,0.0
2024-11-18 00:00:00-05:00,4.487851977392185,4.5667591863471495,4.349763891396934,4.438534736633301,836800,0.0,0.0
2024-11-19 00:00:00-05:00,4.5174413321743465,4.5174413321743465,4.310309701631506,4.389216899871826,713100,0.0,0.0
2024-11-20 00:00:00-05:00,4.359627273196138,4.497714880806811,4.359627273196138,4.448398113250732,348400,0.0,0.0
2024-11-21 00:00:00-05:00,4.49771519322847,4.554923061452464,4.339900773568405,4.4188079833984375,333700,0.0,0.0
2024-11-22 00:00:00-05:00,4.408943699431906,4.527304967116387,4.359626935693706,4.389216899871826,418400,0.0,0.0
2024-11-25 00:00:00-05:00,4.448397989838318,4.527305191998142,4.354695334530509,4.399080753326416,449700,0.0,0.0
2024-11-26 00:00:00-05:00,4.379354256220675,4.616075879101981,4.290583412478156,4.56675910949707,354100,0.0,0.0
2024-11-27 00:00:00-05:00,4.5864857191962916,4.773890564619044,4.556895282414158,4.645666122436523,499000,0.0,0.0
2024-11-29 00:00:00-05:00,4.675255655329227,4.7196410712242765,4.591417111256795,4.625938892364502,145500,0.0,0.0
2024-12-02 00:00:00-05:00,4.635802488417483,4.680187908444781,4.413875858605036,4.448398113250732,313600,0.0,0.0
2024-12-03 00:00:00-05:00,4.428671100351898,4.492783325208822,4.3990811321558185,4.438534736633301,409200,0.0,0.0
2024-12-04 00:00:00-05:00,4.438534614839152,4.694983507229847,4.423739631147089,4.586485862731934,481300,0.0,0.0
2024-12-05 00:00:00-05:00,4.547032259337065,4.70977849092191,4.547032259337065,4.586485862731934,222000,0.0,0.0
2024-12-06 00:00:00-05:00,4.635801882694442,4.6851191141306705,4.5075779275434025,4.596348285675049,246000,0.0,0.0
2024-12-09 00:00:00-05:00,4.635802222262133,4.862660656902774,4.606212257492142,4.655529022216797,356300,0.0,0.0
2024-12-10 00:00:00-05:00,4.635802116018684,4.670324367891173,4.4188073214904735,4.497714519500732,344000,0.0,0.0
2024-12-11 00:00:00-05:00,4.4779877199981675,4.527304953916579,4.3842855399419856,4.497714519500732,274800,0.0,0.0
2024-12-12 00:00:00-05:00,4.487851977392185,4.547032384108408,4.418807934394559,4.438534736633301,284400,0.0,0.0
2024-12-13 00:00:00-05:00,4.448398250849895,4.625939466126802,4.4040128294496546,4.586485862731934,302000,0.0,0.0
2024-12-16 00:00:00-05:00,4.5469468783428155,4.7149862983967905,4.4728120618896705,4.566716194152832,416700,0.01,0.0
2024-12-17 00:00:00-05:00,4.556831061757026,4.616138999944226,4.487638231536495,4.527176856994629,369500,0.0,0.0
2024-12-18 00:00:00-05:00,4.527177365830362,4.64579325553669,4.369022846221924,4.369022846221924,344500,0.0,0.0
2024-12-19 00:00:00-05:00,4.349254142824445,4.655678803321337,4.349254142824445,4.497524261474609,426300,0.0,0.0
2024-12-20 00:00:00-05:00,4.448100827989947,4.705102435404807,4.448100827989947,4.556832313537598,1271000,0.0,0.0
2024-12-23 00:00:00-05:00,4.537062211697846,4.64579320712683,4.507408003911441,4.606254577636719,210500,0.0,0.0
2024-12-24 00:00:00-05:00,4.616139866067198,4.98187245584587,4.616139866067198,4.922564506530762,194000,0.0,0.0
2024-12-26 00:00:00-05:00,4.892910167578319,4.932448799415656,4.635909060635629,4.714986324310303,538700,0.0,0.0
2024-12-27 00:00:00-05:00,4.685332625787841,4.853372065093246,4.616140248194595,4.7841796875,484400,0.0,0.0
2024-12-30 00:00:00-05:00,4.705101902019804,4.754524956147639,4.675447692472966,4.714986324310303,376600,0.0,0.0
2024-12-31 00:00:00-05:00,4.76440970720825,4.853371390511382,4.695216867894563,4.813832759857178,487000,0.0,0.0
2025-01-02 00:00:00-05:00,4.843487033590202,4.902794980368327,4.736732352319446,4.803948402404785,248600,0.0,0.0
2025-01-03 00:00:00-05:00,4.843487388023259,4.863256705062632,4.784179436905141,4.823718070983887,271500,0.0,0.0
2025-01-06 00:00:00-05:00,4.843486860450079,4.892909911996293,4.72981294635226,4.7545247077941895,314400,0.0,0.0
2025-01-07 00:00:00-05:00,4.794063654049009,4.8039485478133965,4.635909124520231,4.70510196685791,501300,0.0,0.0
2025-01-08 00:00:00-05:00,4.714986044403346,4.729812912627726,4.601312602453687,4.606254577636719,312000,0.0,0.0
2025-01-10 00:00:00-05:00,4.596370343996312,4.655678290658099,4.546946819442658,4.576601028442383,384800,0.0,0.0
2025-01-13 00:00:00-05:00,4.576601087726674,4.585497114872998,4.487638930912766,4.566716194152832,188100,0.0,0.0
2025-01-14 00:00:00-05:00,4.586485154126209,4.606254468402448,4.509384687047587,4.5469465255737305,164500,0.0,0.0
2025-01-15 00:00:00-05:00,4.665562878730151,4.665562878730151,4.581543638140457,4.62602424621582,195300,0.0,0.0
2025-01-16 00:00:00-05:00,4.635909060635629,4.779236718880393,4.596370428798292,4.714986324310303,240400,0.0,0.0
2025-01-17 00:00:00-05:00,4.754524352624307,4.7693512198468175,4.707078094709704,4.734755039215088,153700,0.0,0.0
2025-01-21 00:00:00-05:00,4.75452506002271,4.823717902918584,4.734755743672129,4.774294376373291,155400,0.0,0.0
2025-01-22 00:00:00-05:00,4.7446404556266595,4.843487033590202,4.734755562161474,4.803948402404785,221300,0.0,0.0
2025-01-23 00:00:00-05:00,4.78417867001169,4.892909660630049,4.78417867001169,4.794063091278076,209200,0.0,0.0
2025-01-24 00:00:00-05:00,4.784179784140306,4.900818904539567,4.744641147191852,4.843487739562988,182200,0.0,0.0
2025-01-27 00:00:00-05:00,4.853370953011044,5.026352800033226,4.823717218362313,4.96210241317749,180800,0.0,0.0
2025-01-28 00:00:00-05:00,4.932449079031588,4.942333973220122,4.803948753944514,4.823718070983887,293300,0.0,0.0
2025-01-29 00:00:00-05:00,4.83360264692853,4.873141282259575,4.695217423269872,4.724871635437012,162900,0.0,0.0
2025-01-30 00:00:00-05:00,4.72487097113399,4.828659992119979,4.6853318700243145,4.7545247077941895,207800,0.0,0.0
2025-01-31 00:00:00-05:00,4.734756058600917,4.7545253762664395,4.655678787938827,4.724871635437012,229300,0.0,0.0
2025-02-03 00:00:00-05:00,4.655678026863633,4.724870863050694,4.5172928258271465,4.695216655731201,192000,0.0,0.0
2025-02-04 00:00:00-05:00,4.685331762845491,4.732778494556681,4.645793133977924,4.695216655731201,115400,0.0,0.0
2025-02-05 00:00:00-05:00,4.705101761226943,4.813832759857178,4.665562659235081,4.813832759857178,165600,0.0,0.0
2025-02-06 00:00:00-05:00,4.833602844657009,4.9522192268401035,4.803949102614534,4.843487739562988,110900,0.0,0.0
2025-02-07 00:00:00-05:00,4.8434864986345945,4.883025125453031,4.71498572580587,4.734755039215088,138800,0.0,0.0
2025-02-10 00:00:00-05:00,4.754524238897468,4.803947756907123,4.660620120284243,4.6754469871521,155000,0.0,0.0
2025-02-11 00:00:00-05:00,4.655677674215758,4.7001587461569265,4.616139048343073,4.6754469871521,130900,0.0,0.0
2025-02-12 00:00:00-05:00,4.724871003492283,4.724871003492283,4.591427773594563,4.596370220184326,170100,0.0,0.0
2025-02-13 00:00:00-05:00,4.645792782078787,4.6902738540199564,4.576600422470389,4.6754469871521,182800,0.0,0.0
2025-02-14 00:00:00-05:00,4.714986324310303,4.764409849775809,4.665562798844796,4.714986324310303,85000,0.0,0.0
2025-02-18 00:00:00-05:00,4.744640042270901,4.922563867104452,4.714985835796498,4.794063091278076,203200,0.0,0.0
2025-02-19 00:00:00-05:00,4.794063091278076,4.824705692745355,4.67544720805571,4.794063091278076,179100,0.0,0.0
2025-02-20 00:00:00-05:00,4.774294112123822,4.9225642122155095,4.734755481611058,4.892910003662109,123600,0.0,0.0
2025-02-21 00:00:00-05:00,4.912678859898053,4.922563752271468,4.724870618179284,4.734755039215088,116700,0.0,0.0
2025-02-24 00:00:00-05:00,4.774294087404003,4.813832717712048,4.705101720033753,4.744640350341797,85600,0.0,0.0
2025-02-25 00:00:00-05:00,4.784178915792035,4.868198621892009,4.730801341395914,4.7545247077941895,186300,0.0,0.0
2025-02-26 00:00:00-05:00,4.7545253762664395,4.7545253762664395,4.635909470273305,4.724871635437012,142900,0.0,0.0
2025-02-27 00:00:00-05:00,4.724871076554045,4.823717653189557,4.6962052629602695,4.813832759857178,136400,0.0,0.0
2025-02-28 00:00:00-05:00,4.843486951189984,4.892910003662109,4.670505089193406,4.892910003662109,433100,0.0,0.0
2025-03-03 00:00:00-05:00,4.892910800079691,4.991757863788559,4.769352441781337,4.843487739562988,197000,0.0,0.0
2025-03-04 00:00:00-05:00,4.6359089825649695,4.6359089825649695,2.965400165887708,3.4695181846618652,4480800,0.0,0.0
2025-03-05 00:00:00-05:00,3.4299796875477235,3.716635010413494,3.420095029368519,3.6375577449798584,656400,0.0,0.0
2025-03-06 00:00:00-05:00,3.588133674849529,4.032943431983321,3.528825502985406,4.003289699554443,512300,0.0,0.0
2025-03-07 00:00:00-05:00,3.973636318901368,4.042829161130902,3.691923210115278,4.023059844970703,497600,0.0,0.0
2025-03-10 00:00:00-04:00,3.9536963096850837,4.082513359524819,3.810015635969966,3.894242286682129,712500,0.01,0.0
2025-03-11 00:00:00-04:00,3.9140606829028304,3.923969687720334,3.7753343792084717,3.904151678085327,468000,0.0,0.0
2025-03-12 00:00:00-04:00,3.904151352136405,4.1122406721803735,3.8149700799751103,4.072604656219482,450100,0.0,0.0
2025-03-13 00:00:00-04:00,3.993333189931066,4.062695991438188,3.9140609105315174,3.983423948287964,279000,0.0,0.0
2025-03-14 00:00:00-04:00,4.042877590110045,4.082513607856331,3.9150513620034806,3.9735147953033447,229600,0.0,0.0
2025-03-17 00:00:00-04:00,3.9437875457443283,4.037922969767108,3.938832925401392,3.9735147953033447,188300,0.0,0.0
2025-03-18 00:00:00-04:00,3.9536963096850837,4.012159266930155,3.879378662806747,3.894242286682129,337100,0.0,0.0
2025-03-19 00:00:00-04:00,3.8248789644788244,3.894242226492815,3.8248789644788244,3.8744242191314697,176500,0.0,0.0
2025-03-20 00:00:00-04:00,3.864515542984009,3.9041515610660102,3.8347882931732045,3.864515542984009,130400,0.0,0.0
2025-03-21 00:00:00-04:00,3.8645155386921024,3.9536965792775622,3.8298339047842167,3.9437875747680664,586600,0.0,0.0
2025-03-24 00:00:00-04:00,4.003240822567658,4.191512107849121,3.963604812245088,4.191512107849121,319100,0.0,0.0
2025-03-25 00:00:00-04:00,4.2014218959744465,4.231149147195356,4.097377697947835,4.132059097290039,188500,0.0,0.0
2025-03-26 00:00:00-04:00,4.1716945437343975,4.2707845800169775,4.097377134647104,4.141967296600342,197400,0.0,0.0
2025-03-27 00:00:00-04:00,4.161786060439081,4.335194009831813,4.087468637841424,4.320330619812012,148800,0.0,0.0
2025-03-28 00:00:00-04:00,4.310420934759457,4.340148184239939,4.161785632354247,4.211330890655518,136400,0.0,0.0
2025-03-31 00:00:00-04:00,4.16178560256958,4.260876118462958,4.102331576532712,4.16178560256958,183700,0.0,0.0
2025-04-01 00:00:00-04:00,4.231148748338408,4.231148748338408,4.082513451242496,4.122149467468262,167000,0.0,0.0
2025-04-02 00:00:00-04:00,4.052786071720127,4.226193498756741,3.98936826620461,4.191512107849121,187000,0.0,0.0
2025-04-03 00:00:00-04:00,4.003241539001465,4.077558953531754,3.953696517231506,4.003241539001465,225000,0.0,0.0
2025-04-04 00:00:00-04:00,3.8744246838006733,4.042877766575095,3.81497041833686,4.032968997955322,360500,0.0,0.0
2025-04-07 00:00:00-04:00,3.9239694764818855,4.1320588026967275,3.824879197391853,3.9536964893341064,335500,0.0,0.0
2025-04-08 00:00:00-04:00,4.141967854838596,4.14692247544513,3.8565883701328647,3.9239697456359863,396000,0.0,0.0
2025-04-09 00:00:00-04:00,3.9041514359862335,4.201421562077414,3.828842956793275,4.062695503234863,327100,0.0,0.0
2025-04-10 00:00:00-04:00,3.9636057762016867,4.151877107271102,3.948742150591232,4.132059097290039,213900,0.0,0.0
2025-04-11 00:00:00-04:00,4.112241035802038,4.429329191527435,4.028014376312823,4.39960241317749,231300,0.0,0.0
2025-04-14 00:00:00-04:00,4.459056230023658,4.459056230023658,4.2113308839112324,4.369874954223633,201500,0.0,0.0
2025-04-15 00:00:00-04:00,4.359965789213251,4.419419810168609,4.176649106476259,4.20142126083374,352400,0.0,0.0
2025-04-16 00:00:00-04:00,4.21133092009385,4.350056982809098,4.161785661446246,4.260876178741455,268200,0.0,0.0
2025-04-17 00:00:00-04:00,4.250967502593994,4.310421537368194,4.191513467819794,4.250967502593994,132500,0.0,0.0
2025-04-21 00:00:00-04:00,4.141967656291229,4.201421683223799,4.057741000012103,4.102331638336182,495100,0.0,0.0
2025-04-22 00:00:00-04:00,4.1419682025919595,4.295558146799311,4.132059433045593,4.250967502593994,282000,0.0,0.0
2025-04-23 00:00:00-04:00,4.310420989990234,4.367893358056511,4.280694212627455,4.310420989990234,175600,0.0,0.0
2025-04-24 00:00:00-04:00,4.330238731931573,4.350056739783717,4.2509667005229925,4.340147972106934,90800,0.0,0.0
2025-04-25 00:00:00-04:00,4.3005119564026435,4.350056739783717,4.246012080435312,4.340147972106934,104600,0.0,0.0
2025-04-28 00:00:00-04:00,4.270784735487963,4.4095107913336715,4.270784735487963,4.389692783355713,116700,0.0,0.0
2025-04-29 00:00:00-04:00,4.379784077850698,4.513555515478101,4.310420812692934,4.488783359527588,195500,0.0,0.0
2025-04-30 00:00:00-04:00,4.459055968658577,4.786053330760434,4.41941995340372,4.716690540313721,275100,0.0,0.0
2025-05-01 00:00:00-04:00,4.686963674811451,4.820735119080049,4.657236424696978,4.72659969329834,202000,0.0,0.0
2025-05-02 00:00:00-04:00,4.786054020232342,4.86532606216187,4.746417999267578,4.746417999267578,146000,0.0,0.0
2025-05-05 00:00:00-04:00,4.637418122734085,5.103142019305893,4.637418122734085,4.865325450897217,334500,0.0,0.0
2025-05-06 00:00:00-04:00,4.5878736561898155,4.92477981535483,4.498692377808593,4.776144981384277,325400,0.0,0.0
2025-05-07 00:00:00-04:00,4.815781182593021,4.833617060946225,4.667145870491646,4.756327152252197,193900,0.0,0.0
2025-05-08 00:00:00-04:00,4.756326643563577,4.796953489076642,4.691917999458191,4.706781387329102,182600,0.0,0.0
2025-05-09 00:00:00-04:00,4.706781719495314,4.726599728887981,4.607691672531978,4.617600440979004,197800,0.0,0.0
2025-05-12 00:00:00-04:00,4.677053939108353,4.8950524902206185,4.622554537579567,4.835598468780518,240700,0.0,0.0
2025-05-13 00:00:00-04:00,4.855417319118397,4.914871350883278,4.711736624228607,4.795963287353516,145100,0.0,0.0
2025-05-14 00:00:00-04:00,4.805871427299471,4.805871427299471,4.597782107112404,4.706781387329102,253600,0.0,0.0
2025-05-15 00:00:00-04:00,4.726599483137177,4.756326731929872,4.518510159084083,4.696872234344482,323900,0.0,0.0
2025-05-16 00:00:00-04:00,4.667145693640407,4.776144981384277,4.627509674915111,4.776144981384277,162100,0.0,0.0
2025-05-19 00:00:00-04:00,5.01396100545491,5.350867631186602,4.924779728643909,5.31123161315918,446300,0.0,0.0
2025-05-20 00:00:00-04:00,5.350866880968396,5.618410201391889,5.28150362289618,5.3409576416015625,305100,0.0,0.0
2025-05-21 00:00:00-04:00,5.3013231919560715,5.39050448255397,5.172505877203257,5.22205114364624,240200,0.0,0.0
2025-05-22 00:00:00-04:00,5.222050416276686,5.539139037848012,5.2022324069596415,5.459867000579834,325500,0.0,0.0
2025-05-23 00:00:00-04:00,5.350867390281715,5.425184802612588,5.331049382160244,5.390503406524658,159900,0.0,0.0
2025-05-27 00:00:00-04:00,5.449957371093895,5.618410674527479,5.420230122988554,5.608501434326172,215900,0.0,0.0
2025-05-28 00:00:00-04:00,5.717500830418045,6.212951510601579,5.6184107888810555,6.123770236968994,779700,0.0,0.0
2025-05-29 00:00:00-04:00,6.14358867258633,6.209979453907503,5.8700998554229,6.0246806144714355,429600,0.0,0.0
2025-05-30 00:00:00-04:00,6.014771807301813,6.0920617138317565,5.7670464515686035,5.7670464515686035,224800,0.0,0.0
2025-06-02 00:00:00-04:00,5.747228171532363,5.861181603007397,5.663001516747079,5.7967729568481445,189600,0.0,0.0
2025-06-03 00:00:00-04:00,5.786863923529593,5.965225992988223,5.722455280322666,5.826499938964844,190200,0.0,0.0
2025-06-04 00:00:00-04:00,5.826499903322196,5.826499903322196,5.61345596728705,5.618410587310791,204600,0.0,0.0
2025-06-05 00:00:00-04:00,5.67786435319826,5.816590400096182,5.598592326399448,5.8066816329956055,328100,0.0,0.0
2025-06-06 00:00:00-04:00,5.876045227050781,5.994953756075199,5.826500439747671,5.876045227050781,677300,0.0,0.0
2025-06-09 00:00:00-04:00,5.876045724612798,5.93560018452886,5.756936804780673,5.806565284729004,179900,0.01,0.0
2025-06-10 00:00:00-04:00,5.80656463724127,5.80656463724127,5.64775276184082,5.64775276184082,181800,0.0,0.0
2025-06-11 00:00:00-04:00,5.6576788982904604,5.8264167713676915,5.6328648949646825,5.806565284729004,197800,0.0,0.0
2025-06-12 00:00:00-04:00,5.776788054601181,5.935599941200222,5.748995595808944,5.925673961639404,116100,0.0,0.0
2025-06-13 00:00:00-04:00,5.846268258006379,5.910785707906307,5.73212232815812,5.806565284729004,160500,0.0,0.0
2025-06-16 00:00:00-04:00,5.856194193659987,5.995154599079279,5.796639734194576,5.945525646209717,396400,0.0,0.0
2025-06-17 00:00:00-04:00,5.885971111498046,5.935600063733151,5.727159221620536,5.747010707855225,214900,0.0,0.0
2025-06-18 00:00:00-04:00,5.727158733092553,5.846267640340668,5.713262741243279,5.816490650177002,209100,0.0,0.0
2025-06-20 00:00:00-04:00,5.885970907662654,5.895896887084637,5.7073075377376945,5.727159023284912,626200,0.0,0.0
2025-06-23 00:00:00-04:00,5.697380829588301,5.732121279824993,5.4988659995073,5.608049392700195,171800,0.0,0.0
2025-06-24 00:00:00-04:00,5.667604878258191,5.806565284729004,5.617975925013085,5.806565284729004,545000,0.0,0.0
2025-06-25 00:00:00-04:00,5.806565330822187,5.806565330822187,5.657678943201766,5.667604923248291,236200,0.0,0.0
2025-06-26 00:00:00-04:00,5.667604979425436,5.7370854205494615,5.613013508518777,5.697381973266602,172400,0.0,0.0
2025-06-27 00:00:00-04:00,5.697381598839091,5.826416492462158,5.677530113150677,5.826416492462158,477600,0.0,0.0
2025-06-30 00:00:00-04:00,5.826416155799316,5.920711062343284,5.806564671257963,5.816490650177002,164700,0.0,0.0
2025-07-01 00:00:00-04:00,5.8164914524970746,5.8164914524970746,5.657679080963135,5.657679080963135,145700,0.0,0.0
2025-07-02 00:00:00-04:00,5.68745584096621,5.727158810586132,5.434349054666661,5.469089508056641,211400,0.0,0.0
2025-07-03 00:00:00-04:00,5.4690891443790495,5.608049528808338,5.4690891443790495,5.598123550415039,104600,0.0,0.0
2025-07-07 00:00:00-04:00,5.6080501651343395,5.68745610810385,5.516733236060052,5.518718242645264,143000,0.0,0.0
2025-07-08 00:00:00-04:00,5.528644302063342,5.5534583046273545,5.45916386431253,5.479015350341797,157100,0.0,0.0
2025-07-09 00:00:00-04:00,5.508792816034076,5.528644302063342,5.449237884649517,5.479015350341797,109500,0.0,0.0
2025-07-10 00:00:00-04:00,5.379757662865114,5.483978077857767,5.359906177785405,5.429386138916016,142600,0.0,0.0
2025-07-11 00:00:00-04:00,5.3896830198753225,5.603086833559807,5.3896830198753225,5.508792400360107,113500,0.0,0.0
2025-07-14 00:00:00-04:00,5.498866836371063,5.568347274121874,5.479015350341797,5.479015350341797,146800,0.0,0.0
2025-07-15 00:00:00-04:00,5.51871837950792,5.836342632559707,5.479015407038542,5.747010707855225,271000,0.0,0.0
2025-07-16 00:00:00-04:00,5.727159281952777,5.826416714171839,5.637827356307235,5.776788234710693,249800,0.0,0.0
2025-07-17 00:00:00-04:00,5.806564571537788,5.81649055028636,5.598123750784922,5.617975234985352,140600,0.0,0.0
2025-07-18 00:00:00-04:00,5.6279009502093995,5.652715422622186,5.558420522112936,5.5683465003967285,133400,0.0,0.0
2025-07-21 00:00:00-04:00,5.588199112132777,5.771825487793678,5.558421644564916,5.657679080963135,150500,0.0,0.0
2025-07-22 00:00:00-04:00,5.667604822621339,5.806565227728027,5.627901849733714,5.776788234710693,172600,0.0,0.0
2025-07-23 00:00:00-04:00,5.816491264696735,5.8363427513354225,5.687456364896879,5.806565284729004,177500,0.0,0.0
2025-07-24 00:00:00-04:00,5.786713152816215,5.786713152816215,5.637826782979931,5.64775276184082,137400,0.0,0.0
2025-07-25 00:00:00-04:00,5.677530429998037,5.727159383637104,5.6527164264752825,5.667604923248291,85200,0.0,0.0
2025-07-28 00:00:00-04:00,5.657678783150741,5.756936687620952,5.608050304212402,5.747010707855225,121800,0.0,0.0
2025-07-29 00:00:00-04:00,5.756936804780673,5.8264167713676915,5.6576788982904604,5.806565284729004,174600,0.0,0.0
2025-07-30 00:00:00-04:00,5.836342276789682,5.836342276789682,5.474052083470032,5.498866558074951,165000,0.0,0.0
2025-07-31 00:00:00-04:00,5.4591642081666985,5.737085503378499,5.4591642081666985,5.657679080963135,234400,0.0,0.0
2025-08-01 00:00:00-04:00,5.62790090446869,5.637826409375117,5.379757128950999,5.399608612060547,189700,0.0,0.0
2025-08-04 00:00:00-04:00,5.784728613829902,5.784728613829902,5.4293863986202515,5.479015350341797,147700,0.0,0.0
2025-08-05 00:00:00-04:00,5.836342051034274,5.836342051034274,5.220945565779449,5.548495292663574,342000,0.0,0.0
2025-08-06 00:00:00-04:00,5.568347390402277,6.094412017811694,5.568347390402277,5.776788234710693,243300,0.0,0.0
2025-08-07 00:00:00-04:00,5.80656476298942,5.895896681485125,5.578272450508967,5.7073073387146,268800,0.0,0.0
2025-08-08 00:00:00-04:00,5.737084977381765,5.767854472201241,5.538569649489143,5.5584211349487305,149000,0.0,0.0
2025-08-11 00:00:00-04:00,5.588197909692095,5.71723278589309,5.4790145164992,5.608049392700195,173500,0.0,0.0
2025-08-12 00:00:00-04:00,5.647752884149708,5.727158823569564,5.642789894611783,5.7073073387146,158100,0.0,0.0
2025-08-13 00:00:00-04:00,5.707307676474254,5.985228954187923,5.707307676474254,5.955451488494873,165500,0.0,0.0
2025-08-14 00:00:00-04:00,5.945525063047431,5.995154011049175,5.781750197257091,5.816490650177002,192200,0.0,0.0
2025-08-15 00:00:00-04:00,5.8462681589134515,5.894904607996763,5.672567772093312,5.677530288696289,443900,0.0,0.0
2025-08-18 00:00:00-04:00,5.677529751830043,5.856193584952273,5.637826782979931,5.64775276184082,170800,0.0,0.0
2025-08-19 00:00:00-04:00,5.647752358716396,5.7370842689011905,5.586212430083603,5.608049392700195,178600,0.0,0.0
2025-08-20 00:00:00-04:00,5.608050340667664,5.866119663396205,5.608050340667664,5.846268177032471,227100,0.0,0.0
2025-08-21 00:00:00-04:00,5.806565227728027,5.856194180485944,5.7370852618230685,5.776788234710693,116600,0.0,0.0
2025-08-22 00:00:00-04:00,5.8164908917299725,6.034857230753383,5.771824931332816,5.9355998039245605,280800,0.0,0.0
2025-08-25 00:00:00-04:00,5.915748722911078,5.927659709604024,5.737085342407227,5.737085342407227,91600,0.0,0.0
2025-08-26 00:00:00-04:00,5.7569361628269915,5.7569361628269915,5.563383834710151,5.64775276184082,151300,0.0,0.0
2025-08-27 00:00:00-04:00,5.637826517394836,5.747009913237626,5.538569099945343,5.598123550415039,434600,0.0,0.0
2025-08-28 00:00:00-04:00,5.637826796095599,5.771824671248999,5.419460466911979,5.578272342681885,2102800,0.0,0.0
2025-08-29 00:00:00-04:00,5.548495352623389,5.677529765038075,5.503829394238922,5.578272342681885,303200,0.0,0.0
2025-09-02 00:00:00-04:00,5.528643912379307,5.528643912379307,5.30035160248545,5.369831562042236,468400,0.0,0.0
2025-09-03 00:00:00-04:00,5.409534562881509,5.548495429399748,5.290425654405931,5.538569450378418,308900,0.0,0.0
2025-09-04 00:00:00-04:00,5.558420845279706,5.677529751830043,5.543532350285094,5.64775276184082,247600,0.0,0.0
2025-09-05 00:00:00-04:00,5.677529518771146,5.68745549722458,5.369831286165224,5.389682769775391,186700,0.0,0.0
2025-09-08 00:00:00-04:00,5.389682845248224,5.429385813024525,5.290425425807474,5.349979877471924,148000,0.0,0.0
2025-09-09 00:00:00-04:00,5.330128485230982,5.336083977829498,5.230871064083581,5.24079704284668,135900,0.0,0.0
2025-09-10 00:00:00-04:00,5.2904255009981656,5.404571889949878,5.161390617242914,5.310276985168457,214800,0.0,0.0
2025-09-11 00:00:00-04:00,5.320203087115493,5.379757541005621,5.2437746583063,5.369831562042236,207000,0.0,0.0
2025-09-12 00:00:00-04:00,5.359906494487584,5.379757980740262,5.260649063224192,5.270574569702148,168300,0.0,0.0
2025-09-15 00:00:00-04:00,5.2904638455339725,5.396869662679888,5.230797018886081,5.24074125289917,138800,0.01,0.0
2025-09-16 00:00:00-04:00,5.250685802701427,5.250685802701427,5.056768266303469,5.14129638671875,251700,0.0,0.0
2025-09-17 00:00:00-04:00,5.171129610281512,5.255657731485229,5.03190701767118,5.051795959472656,272400,0.0,0.0
2025-09-18 00:00:00-04:00,5.061740467994761,5.340185642242432,5.061740467994761,5.340185642242432,193100,0.0,0.0
2025-09-19 00:00:00-04:00,5.340185250918582,5.419741009159572,5.2079237791334485,5.3899078369140625,475000,0.0,0.0
2025-09-22 00:00:00-04:00,5.499297556037132,5.529130729988487,5.350130263711109,5.519186496734619,308300,0.0,0.0
2025-09-23 00:00:00-04:00,5.5689085040695385,5.737964733835303,5.539075330693075,5.628575325012207,283200,0.0,0.0
2025-09-24 00:00:00-04:00,5.618631457318737,5.747909814862778,5.578853574103612,5.737965106964111,172700,0.0,0.0
2025-09-25 00:00:00-04:00,5.718076182396928,5.7230485363610795,5.4396305248714905,5.509242057800293,150600,0.0,0.0
2025-09-26 00:00:00-04:00,5.5291306672724545,5.628575369631902,5.479408553187603,5.5390753746032715,128800,0.0,0.0
2025-09-29 00:00:00-04:00,5.549019360433864,5.648464058361228,5.459518895204375,5.618630886077881,181100,0.0,0.0
2025-09-30 00:00:00-04:00,5.618631200222051,5.618631200222051,5.404824732081759,5.519186496734619,163400,0.0,0.0
2025-10-01 00:00:00-04:00,5.519186576042924,5.608686573372814,5.4893529274731225,5.56890869140625,239800,0.0,0.0
2025-10-02 00:00:00-04:00,5.558964378129592,5.603714613246374,5.360074496964977,5.519186496734619,137300,0.0,0.0
2025-10-03 00:00:00-04:00,5.539075312224017,5.628575306244728,5.504269311147876,5.558964252471924,130500,0.0,0.0
2025-10-06 00:00:00-04:00,5.568908441492408,5.66437563844177,5.335213039783991,5.419741153717041,334600,0.0,0.0
2025-10-07 00:00:00-04:00,5.42968584125244,5.452557908888819,5.350130081176758,5.350130081176758,138000,0.0,0.0
2025-10-08 00:00:00-04:00,5.389908597098278,5.459519658282117,5.335213649951215,5.449575424194336,100600,0.0,0.0
2025-10-09 00:00:00-04:00,5.449575184787044,5.449575184787044,5.241735437976429,5.300407886505127,158900,0.0,0.0
2025-10-10 00:00:00-04:00,5.30040757589912,5.379963337203538,5.072678900941892,5.17112922668457,204400,0.0,0.0
2025-10-13 00:00:00-04:00,5.200963083582595,5.200963083582595,5.036879200741202,5.181074142456055,179300,0.0,0.0
2025-10-14 00:00:00-04:00,5.151240814524255,5.449575424194336,5.061740810975063,5.449575424194336,195300,0.0,0.0
2025-10-15 00:00:00-04:00,5.459519288348576,5.464491642150438,5.2606298781716685,5.340185642242432,104400,0.0,0.0
2025-10-16 00:00:00-04:00,5.340185802878369,5.355102864732669,5.121407445102788,5.14129638671875,161100,0.0,0.0
2025-10-17 00:00:00-04:00,5.131351960588605,5.200963497161865,5.096546429396874,5.200963497161865,208800,0.0,0.0
2025-10-20 00:00:00-04:00,5.22085205810497,5.330241472095542,5.1611852343436855,5.320296764373779,160800,0.0,0.0
2025-10-21 00:00:00-04:00,5.310352263057281,5.340185436338648,5.260629675335349,5.3302412033081055,159600,0.0,0.0
2025-10-22 00:00:00-04:00,5.340185898658562,5.3501306067397945,5.200963304849768,5.260630130767822,149800,0.0,0.0
2025-10-23 00:00:00-04:00,5.250685961102045,5.260630195115134,5.210907602480331,5.24074125289917,83900,0.0,0.0
2025-10-24 00:00:00-04:00,5.300407823120017,5.340185705627541,5.245713353219614,5.320296764373779,67500,0.0,0.0
2025-10-27 00:00:00-04:00,5.330241283697647,5.429685986451573,5.290463402596076,5.379963397979736,274200,0.0,0.0
2025-10-28 00:00:00-04:00,5.350130510781236,5.350130510781236,5.131351678815883,5.14129638671875,137100,0.0,0.0
2025-10-29 00:00:00-04:00,5.13135174268697,5.270574809921417,5.076657271109724,5.121407508850098,179600,0.0,0.0
2025-10-30 00:00:00-04:00,5.08162962512305,5.230796926194369,5.08162962512305,5.121407508850098,123300,0.0,0.0
2025-10-31 00:00:00-04:00,5.101518486762333,5.1462687237989835,5.0517958957905496,5.071684837341309,88100,0.0,0.0
2025-11-03 00:00:00-05:00,5.061740620254903,5.250685802701427,4.982184853791055,5.14129638671875,265800,0.0,0.0
2025-11-04 00:00:00-05:00,5.5390760466421884,5.916965961456299,5.459519800912574,5.916965961456299,603300,0.0,0.0
2025-11-05 00:00:00-05:00,5.916965310684348,5.956743192079321,5.469463907896028,5.519186496734619,366700,0.0,0.0
2025-11-06 00:00:00-05:00,5.519186783601112,5.529131017371844,5.240741125173997,5.280519008636475,280000,0.0,0.0
2025-11-07 00:00:00-05:00,5.30040779642521,5.4794087409973145,5.230796739482512,5.4794087409973145,438900,0.0,0.0
2025-11-10 00:00:00-05:00,5.509241877987682,5.558964467626788,5.340185642242432,5.340185642242432,270500,0.0,0.0
2025-11-11 00:00:00-05:00,5.320296495307304,5.583825072139502,5.270574381782407,5.558964252471924,206200,0.0,0.0
2025-11-12 00:00:00-05:00,5.57885333599044,5.678298039783815,5.568908628516228,5.588797569274902,133600,0.0,0.0
2025-11-13 00:00:00-05:00,5.549019545253101,5.698186834207271,5.514214018366699,5.558964252471924,213900,0.0,0.0
2025-11-14 00:00:00-05:00,5.5390753746032715,5.57885325554705,5.449574905384896,5.5390753746032715,204600,0.0,0.0
2025-11-17 00:00:00-05:00,5.5589644416401125,5.618631264414259,5.433664066395431,5.499297618865967,233800,0.0,0.0
2025-11-18 00:00:00-05:00,5.489352541677445,5.638519825663353,5.479408308979571,5.618630886077881,188500,0.0,0.0
2025-11-19 00:00:00-05:00,5.618630886077881,5.777742402761663,5.588797239604809,5.618630886077881,250800,0.0,0.0
2025-11-20 00:00:00-05:00,5.688242273068276,5.747909569534053,5.549019687757553,5.588797569274902,183200,0.0,0.0
2025-11-21 00:00:00-05:00,5.588798009931049,5.8374100261115025,5.519186948881987,5.747910022735596,201300,0.0,0.0
2025-11-24 00:00:00-05:00,5.747909943452975,5.767798885505486,5.618631583016764,5.698187351226807,127600,0.0,0.0
2025-11-25 00:00:00-05:00,5.737965506871689,5.80757704444462,5.638520791903077,5.6882429122924805,123200,0.0,0.0
2025-11-26 00:00:00-05:00,5.698187315588241,5.89707673486942,5.698187315588241,5.857298851013184,277200,0.0,0.0
2025-11-28 00:00:00-05:00,5.847354617144015,5.911993796957843,5.832437555055591,5.857298851013184,99000,0.0,0.0
2025-12-01 00:00:00-05:00,5.777743199130968,5.902049207221195,5.718076372150434,5.747910022735596,175000,0.0,0.0
2025-12-02 00:00:00-05:00,5.767798900604248,5.83740996087537,5.658409481934192,5.767798900604248,261600,0.0,0.0
2025-12-03 00:00:00-05:00,5.787687651316465,5.892104712459975,5.737965060604405,5.827465534210205,149900,0.0,0.0
2025-12-04 00:00:00-05:00,5.8274656904893956,5.936854634285857,5.757854156463645,5.926910400390625,141200,0.0,0.0
2025-12-05 00:00:00-05:00,5.926910669993677,5.9318830242623655,5.837410189916486,5.916965961456299,161300,0.0,0.0
2025-12-08 00:00:00-05:00,5.91696577097558,6.006466248171544,5.788682259463803,5.976633071899414,186400,0.0,0.0
2025-12-09 00:00:00-05:00,5.966688079833984,6.299828202226562,5.857298665597227,6.2153000831604,384200,0.0,0.0
2025-12-10 00:00:00-05:00,6.205355268353157,6.478828562131841,6.205355268353157,6.3246893882751465,339400,0.0,0.0
2025-12-11 00:00:00-05:00,6.444023243439074,6.6628016010584945,6.421150699792669,6.632968425750732,278200,0.0,0.0
2025-12-12 00:00:00-05:00,6.652857587284719,6.762247006805544,6.613079702766198,6.7125244140625,306400,0.0,0.0
2025-12-15 00:00:00-05:00,6.752361054315814,6.861912289529793,6.732442604741154,6.762320041656494,350000,0.01,0.0
2025-12-16 00:00:00-05:00,6.612931502938381,6.64280941506572,6.483461816768721,6.583054065704346,284100,0.0,0.0
2025-12-17 00:00:00-05:00,6.583054255905138,6.752361321434052,6.524294756101416,6.692605495452881,402400,0.0,0.0
2025-12-18 00:00:00-05:00,6.792198302780677,6.792198302780677,6.513339519500732,6.513339519500732,236800,0.0,0.0
2025-12-19 00:00:00-05:00,6.4535842956185565,6.538237831065723,6.124929616773476,6.234481334686279,656900,0.0,0.0
2025-12-22 00:00:00-05:00,6.24443980719263,6.403787401987564,6.234480819964593,6.334073066711426,219300,0.0,0.0
2025-12-23 00:00:00-05:00,6.324113627501215,6.3838689757657985,6.229501111472282,6.274317741394043,153100,0.0,0.0
2025-12-24 00:00:00-05:00,6.274317941560381,6.403787629484069,6.249419760265834,6.363950729370117,712400,0.0,0.0
2025-12-26 00:00:00-05:00,6.353991741788284,6.453583992073163,6.224521578971287,6.363950729370117,137800,0.0,0.0
2025-12-29 00:00:00-05:00,6.37391022545597,6.413747125779988,6.204603161632237,6.284276962280273,208400,0.0,0.0
2025-12-30 00:00:00-05:00,6.2842766909506524,6.393828399558359,6.214561880946968,6.373909950256348,139200,0.0,0.0
2025-12-31 00:00:00-05:00,6.373909965410159,6.403787401987564,6.294236168012692,6.334073066711426,145600,0.0,0.0
2026-01-02 00:00:00-05:00,6.353991592522601,6.353991592522601,6.049238791427376,6.134888172149658,206400,0.0,0.0
2026-01-05 00:00:00-05:00,6.114969730377197,6.214561978449797,6.015377482304598,6.114969730377197,229200,0.0,0.0
2026-01-06 00:00:00-05:00,6.0751325917428245,6.164765848922598,6.030315963152939,6.124928951263428,278700,0.0,0.0
2026-01-07 00:00:00-05:00,6.124929402526649,6.214562191416971,6.025337151041118,6.184684753417969,241100,0.0,0.0
2026-01-08 00:00:00-05:00,6.184684466566072,6.334073074312234,6.184684466566072,6.314154624938965,180700,0.0,0.0
2026-01-09 00:00:00-05:00,6.304195446539129,6.383869247618089,6.184684744920689,6.20460319519043,212500,0.0,0.0
2026-01-12 00:00:00-05:00,6.204603052432508,6.573094611390958,6.204603052432508,6.563135623931885,575500,0.0,0.0
2026-01-13 00:00:00-05:00,6.563135757077159,6.578074476015479,6.184684728088759,6.244440078735352,346300,0.0,0.0
2026-01-14 00:00:00-05:00,6.254399644864842,6.573094853591042,6.254399644864842,6.553176403045654,303000,0.0,0.0
2026-01-15 00:00:00-05:00,6.5432176029305165,6.739414560133048,6.5432176029305165,6.662728309631348,356100,0.0,0.0
2026-01-16 00:00:00-05:00,6.662727864852845,6.742401664001344,6.573094603364131,6.583054065704346,316100,0.0,0.0
2026-01-20 00:00:00-05:00,6.433665893391566,6.673683633346031,6.330089757481145,6.642809867858887,196400,0.0,0.0
2026-01-21 00:00:00-05:00,6.662727778498654,6.812116387412548,6.58305398038279,6.802156925201416,311300,0.0,0.0
2026-01-22 00:00:00-05:00,6.782238506974257,6.841993855836942,6.677666527741234,6.722483158111572,255000,0.0,0.0
2026-01-23 00:00:00-05:00,6.682646053265144,6.752360862240014,6.55317589726608,6.63284969329834,184800,0.0,0.0
2026-01-26 00:00:00-05:00,6.632850144365026,6.822075660256559,6.632850144365026,6.692605495452881,275000,0.0,0.0
2026-01-27 00:00:00-05:00,6.6926055568633664,6.7523613833928495,6.553176403045654,6.553176403045654,202800,0.0,0.0
2026-01-28 00:00:00-05:00,6.5531759116498485,6.682646067933091,6.51333901354628,6.593012809753418,287100,0.0,0.0
2026-01-29 00:00:00-05:00,6.593012998129106,6.732442620368669,6.483461762660833,6.722483158111572,342900,0.0,0.0
2026-01-30 00:00:00-05:00,6.6926057395016185,6.802157457937528,6.602972947047996,6.682646751403809,326900,0.0,0.0
2026-02-02 00:00:00-05:00,6.682646467372687,6.817095887785313,6.64280956688796,6.792198181152344,347200,0.0,0.0
2026-02-03 00:00:00-05:00,6.772279519610459,6.906728935828175,6.652768346991791,6.722483158111572,312600,0.0,0.0
2026-02-04 00:00:00-05:00,6.73244300783129,7.001342330635597,6.73244300783129,6.92166805267334,316500,0.0,0.0
2026-02-05 00:00:00-05:00,6.92166781938841,6.966484450827535,6.791201805047541,6.911708831787109,273400,0.0,0.0
2026-02-06 00:00:00-05:00,6.841993978392487,7.071056390582452,6.841993978392487,7.011301040649414,262200,0.0,0.0
2026-02-09 00:00:00-05:00,7.0212606387760585,7.071056527235946,6.687626239032213,6.692605495452881,185200,0.0,0.0
2026-02-10 00:00:00-05:00,6.692605285888824,6.7523611099988745,6.5531761377164095,6.622890949249268,193900,0.0,0.0
2026-02-11 00:00:00-05:00,6.652768410636751,6.652768410636751,6.383869100735545,6.563135623931885,159300,0.0,0.0
2026-02-12 00:00:00-05:00,6.612931447750001,6.772279519610459,6.602972460386202,6.722483158111572,206800,0.0,0.0
2026-02-13 00:00:00-05:00,6.722483111843511,6.901749157197751,6.6129314022359384,6.841993808746338,211100,0.0,0.0
2026-02-17 00:00:00-05:00,6.822075544473591,7.08101586968626,6.822075544473591,6.971464157104492,223500,0.0,0.0
2026-02-18 00:00:00-05:00,6.961504744949811,7.0113011078177125,6.827055325035777,6.851953506469727,152200,0.0,0.0
2026-02-19 00:00:00-05:00,6.772279480654727,6.8818307154928355,6.752361031148407,6.822075366973877,143300,0.0,0.0
2026-02-20 00:00:00-05:00,6.832034821451083,6.882826558954143,6.742401561327315,6.841993808746338,109900,0.0,0.0
2026-02-23 00:00:00-05:00,6.822075196321599,6.8917900052964685,6.627870437216286,6.63284969329834,248100,0.0,0.0
2026-02-24 00:00:00-05:00,6.612931953694983,6.707544952802899,6.593013502550159,6.642809867858887,201500,0.0,0.0
2026-02-25 00:00:00-05:00,6.593013045148681,6.7125237437263685,6.5531761456227855,6.602972507476807,368000,0.0,0.0
2026-02-26 00:00:00-05:00,6.65276850564697,6.92166781938841,6.65276850564697,6.911708831787109,269700,0.0,0.0
2026-02-27 00:00:00-05:00,6.861912444522724,7.026239775948722,6.7473814756047945,6.971464157104492,190300,0.0,0.0
2026-03-02 00:00:00-05:00,6.8917900744942315,7.170648363407048,6.7822383664032655,7.100934028625488,187700,0.0,0.0
2026-03-03 00:00:00-05:00,6.373910539957093,6.767300306237371,6.174725553615516,6.642809867858887,463300,0.0,0.0
2026-03-04 00:00:00-05:00,6.68264641823749,7.041178994857179,6.57309470526333,6.911708831787109,394500,0.0,0.0
2026-03-05 00:00:00-05:00,6.722483534494689,6.851953701726021,6.373910409166222,6.413747310638428,504500,0.0,0.0
2026-03-06 00:00:00-05:00,6.314154809202106,6.483461871262348,6.134888284717941,6.443624496459961,391400,0.0,0.0
2026-03-09 00:00:00-04:00,6.304195387431683,6.3689304689247175,6.174725224445614,6.344032287597656,390000,0.0,0.0
2026-03-10 00:00:00-04:00,6.314154841674332,6.463542979654997,6.254399491503405,6.363950729370117,250500,0.0,0.0
2026-03-11 00:00:00-04:00,6.294236383449161,6.413747083635923,6.294236383449161,6.383869171142578,222100,0.0,0.0
2026-03-12 00:00:00-04:00,6.254399941034357,6.423706541240799,6.239460746247898,6.403788089752197,222200,0.0,0.0
2026-03-13 00:00:00-04:00,6.453661120368864,6.513510021117381,6.323989770435083,6.373863220214844,223300,0.01,0.0
2026-03-16 00:00:00-04:00,6.433711867824973,6.563383697876148,6.395808196884108,6.503535270690918,266100,0.0,0.0
2026-03-17 00:00:00-04:00,6.513510206891425,6.623232084916116,6.503535231271171,6.523484706878662,349700,0.0,0.0
2026-03-18 00:00:00-04:00,6.443686581512302,6.463636056429588,6.314014756733445,6.393812656402588,286100,0.0,0.0
2026-03-19 00:00:00-04:00,6.383838368327702,6.423737319484567,6.029734820085758,6.044696807861328,354000,0.0,0.0
2026-03-20 00:00:00-04:00,6.054671627700608,6.124494552612305,5.905050326895109,6.124494552612305,492600,0.0,0.0
2026-03-23 00:00:00-04:00,6.224242171932832,6.433711906145285,6.144444268543901,6.244192123413086,261500,0.0,0.0
2026-03-24 00:00:00-04:00,6.194318254676614,6.269128670904394,6.164393802805686,6.214267730712891,262900,0.0,0.0
2026-03-25 00:00:00-04:00,6.294065249092469,6.363888648756448,6.124494475360661,6.164393424987793,139000,0.0,0.0
2026-03-26 00:00:00-04:00,6.114520234026815,6.338951954066909,6.114520234026815,6.274116039276123,193000,0.0,0.0
2026-03-27 00:00:00-04:00,6.224241908825995,6.224241908825995,6.109532546461577,6.134469509124756,185000,0.0,0.0
2026-03-30 00:00:00-04:00,6.164393724252601,6.294065554652497,6.144444248470542,6.254166603088379,347100,0.0,0.0
2026-03-31 00:00:00-04:00,6.323989946979427,6.373863398151485,6.2342170689835,6.284090995788574,351300,0.0,0.0
2026-04-01 00:00:00-04:00,6.323989921649841,6.323989921649841,6.044696788799511,6.054671764373779,237800,0.0,0.0
2026-04-02 00:00:00-04:00,5.994823240683689,6.12449459161681,5.9549238146661825,6.1045451164245605,200400,0.0,0.0
2026-04-06 00:00:00-04:00,6.094570500956811,6.169380912599434,6.05467155132968,6.164393424987793,165400,0.0,0.0
2026-04-07 00:00:00-04:00,6.1643938823739965,6.284091215769702,6.134469905749845,6.174368858337402,169300,0.0,0.0
2026-04-08 00:00:00-04:00,6.274115960838095,6.333964387058369,6.244191985544464,6.314014911651611,258600,0.0,0.0
2026-04-09 00:00:00-04:00,6.284090878680837,6.373863279370787,6.2441919282335245,6.343939304351807,206100,0.0,0.0
2026-04-10 00:00:00-04:00,6.343939623462922,6.343939623462922,6.179356325680681,6.184343338012695,190600,0.0,0.0
2026-04-13 00:00:00-04:00,6.144444114409872,6.3239898681640625,6.144444114409872,6.3239898681640625,293700,0.0,0.0
2026-04-14 00:00:00-04:00,6.284090956505599,6.319002419671104,6.224242054460429,6.304040431976318,189400,0.0,0.0
2026-04-15 00:00:00-04:00,6.294065320060824,6.383838195550598,6.239204382613186,6.373863220214844,168600,0.0,0.0
2026-04-16 00:00:00-04:00,6.343939600731251,6.4386994935624084,6.284091172264253,6.433712005615234,264000,0.0,0.0
2026-04-17 00:00:00-04:00,6.473610877990723,6.5733587331704015,6.418749938148318,6.473610877990723,274200,0.0,0.0
2026-04-20 00:00:00-04:00,6.433711764092161,6.50353516583232,6.304040411764738,6.314014911651611,144800,0.0,0.0
2026-04-21 00:00:00-04:00,6.294065320060824,6.393812695253349,6.264141345319568,6.373863220214844,211600,0.0,0.0
2026-04-22 00:00:00-04:00,6.373863498261962,6.373863498261962,6.194318215083112,6.234217166900635,148200,0.0,0.0
2026-04-23 00:00:00-04:00,6.224242171932832,6.323990026802017,6.174368720131261,6.244192123413086,164100,0.0,0.0
2026-04-24 00:00:00-04:00,6.194318020856719,6.413762248972291,6.164393570115363,6.3339643478393555,310400,0.0,0.0
2026-04-27 00:00:00-04:00,6.3040403152356905,6.393812715374979,6.299052827552118,6.363888740539551,183000,0.0,0.0
2026-04-28 00:00:00-04:00,6.403787730022776,6.403787730022776,6.304040353904494,6.343939304351807,129500,0.0,0.0
2026-04-29 00:00:00-04:00,6.3239901064239,6.3539140827549945,6.164393822003628,6.2042927742004395,201800,0.0,0.0
2026-04-30 00:00:00-04:00,6.144444385558397,6.18933082597774,6.104545433104097,6.184343338012695,182400,0.0,0.0
2026-05-01 00:00:00-04:00,6.21426781092496,6.2441922631821445,6.069633988886807,6.174368858337402,205700,0.0,0.0
2026-05-04 00:00:00-04:00,6.144444047816387,6.279103361672593,6.074621122675841,6.114520072937012,206500,0.0,0.0
2026-05-05 00:00:00-04:00,5.136995045945202,5.256691901521088,4.558459768362061,4.673169136047363,1827700,0.0,0.0
2026-05-06 00:00:00-04:00,4.698105975281726,4.777903876882882,4.408838344161025,4.493623733520508,995900,0.0,0.0
2026-05-07 00:00:00-04:00,4.518560868617876,4.648232225837461,4.279166679072047,4.289141654968262,723000,0.0,0.0
2026-05-08 00:00:00-04:00,4.299115970730424,4.299115970730424,4.019823316484958,4.139520168304443,723300,0.0,0.0
2026-05-11 00:00:00-04:00,4.1395202864476035,4.209343214185234,3.7505050312986548,3.959974765777588,1483200,0.0,0.0
2026-05-12 00:00:00-04:00,3.9599745597559424,4.199368495589083,3.8901513978344218,4.189393520355225,898500,0.0,0.0
2026-05-13 00:00:00-04:00,4.149494766748489,4.169444242525818,4.00984843630719,4.089646339416504,419000,0.0,0.0
2026-05-14 00:00:00-04:00,4.079671742394701,4.274179007693112,4.079671742394701,4.139520168304443,479000,0.0,0.0
2026-05-15 00:00:00-04:00,4.119570693001196,4.259217020123929,4.08964624222982,4.139520168304443,614000,0.0,0.0
2026-05-18 00:00:00-04:00,4.149494712468428,4.4088383698142115,4.059722310461284,4.358964443206787,1308800,0.0,0.0
2026-05-19 00:00:00-04:00,4.179419321249153,4.243257835563362,4.024810523439152,4.039772987365723,664100,0.0,0.0
2026-05-20 00:00:00-04:00,4.019823412012364,4.154482254601077,4.014835924159778,4.089646339416504,408900,0.0,0.0
2026-05-21 00:00:00-04:00,4.1794191986646885,4.1794191986646885,4.009848417534746,4.099621295928955,231600,0.0,0.0
2026-05-22 00:00:00-04:00,4.189393675808958,4.189393675808958,3.9849114322572063,3.989898920059204,300100,0.0,0.0
2026-05-26 00:00:00-04:00,4.079671858829769,4.079671858829769,3.935037802028568,3.959974765777588,328000,0.0,0.0
2026-05-27 00:00:00-04:00,4.029797891149557,4.049747366823247,3.9499999884547967,3.979924201965332,333000,0.0,0.0
2026-05-28 00:00:00-04:00,4.039772968273779,4.064709456767481,3.920075873408581,3.9300506114959717,277800,0.0,0.0
2026-05-29 00:00:00-04:00,3.9101009564268034,3.93503768159612,3.8751892558099557,3.9001262187957764,393300,0.0,0.0
2026-06-01 00:00:00-04:00,3.8901516591464107,3.9400253495833617,3.8502524689803352,3.9300506114959717,360000,0.0,0.0
2026-06-02 00:00:00-04:00,3.9101009990962474,4.084658790635857,3.900126261356369,3.9998738765716553,381700,0.0,0.0
2026-06-03 00:00:00-04:00,4.059722424160252,4.059722424160252,3.790404021513595,3.8203282356262207,344100,0.0,0.0
2026-06-04 00:00:00-04:00,3.920075833724477,3.9799242616429544,3.860227167989487,3.950000047683716,373900,0.0,0.0
2026-06-05 00:00:00-04:00,3.950000047683716,3.99488648753083,3.925063083809427,3.950000047683716,384300,0.0,0.0
2026-06-08 00:00:00-04:00,3.940000057220459,4.0,3.924999952316284,3.9700000286102295,236400,0.01,0.0
2026-06-09 00:00:00-04:00,3.9600000381469727,4.110000133514404,3.950000047683716,3.9700000286102295,350100,0.0,0.0
2026-06-10 00:00:00-04:00,4.0,4.224999904632568,4.0,4.179999828338623,454500,0.0,0.0
2026-06-11 00:00:00-04:00,4.179999828338623,4.289999961853027,4.150000095367432,4.25,417200,0.0,0.0
2026-06-12 00:00:00-04:00,4.239999771118164,4.300000190734863,4.170000076293945,4.190000057220459,361600,0.0,0.0
2026-06-15 00:00:00-04:00,4.210000038146973,4.25,4.150000095367432,4.170000076293945,188100,0.0,0.0
2026-06-16 00:00:00-04:00,4.199999809265137,4.239999771118164,4.15500020980835,4.159999847412109,395400,0.0,0.0
2026-06-17 00:00:00-04:00,4.159999847412109,4.21999979019165,4.010000228881836,4.03000020980835,364800,0.0,0.0
2026-06-18 00:00:00-04:00,4.070000171661377,4.079999923706055,3.819999933242798,3.950000047683716,694200,0.0,0.0
2026-06-22 00:00:00-04:00,3.930000066757202,4.019999980926514,3.859999895095825,3.9100000858306885,353300,0.0,0.0
2026-06-23 00:00:00-04:00,3.9200000762939453,4.025000095367432,3.869999885559082,4.019999980926514,425100,0.0,0.0
2026-06-24 00:00:00-04:00,4.039999961853027,4.244999885559082,4.03000020980835,4.159999847412109,357300,0.0,0.0
2026-06-25 00:00:00-04:00,4.130000114440918,4.135000228881836,4.005000114440918,4.03000020980835,263700,0.0,0.0
2026-06-26 00:00:00-04:00,4.059999942779541,4.460000038146973,4.059999942779541,4.440000057220459,1988600,0.0,0.0
2026-06-29 00:00:00-04:00,4.409999847412109,4.489999771118164,4.340000152587891,4.449999809265137,457300,0.0,0.0
2026-06-30 00:00:00-04:00,4.429999828338623,4.480000019073486,4.380000114440918,4.400000095367432,227600,0.0,0.0
2026-07-01 00:00:00-04:00,4.429999828338623,4.525000095367432,4.385000228881836,4.389999866485596,428100,0.0,0.0
2026-07-02 00:00:00-04:00,4.420000076293945,4.525000095367432,4.40500020980835,4.460000038146973,374800,0.0,0.0
2026-07-06 00:00:00-04:00,4.460000038146973,4.514999866485596,4.400000095367432,4.489999771118164,500000,0.0,0.0
2026-07-07 00:00:00-04:00,4.53000020980835,4.639999866485596,4.460000038146973,4.559999942779541,394300,0.0,0.0
2026-07-08 00:00:00-04:00,4.559999942779541,4.664999961853027,4.485000133514404,4.590000152587891,235700,0.0,0.0
2026-07-09 00:00:00-04:00,4.570000171661377,4.570000171661377,4.460000038146973,4.519999980926514,237500,0.0,0.0
2026-07-10 00:00:00-04:00,4.519999980926514,4.570000171661377,4.460000038146973,4.559999942779541,182700,0.0,0.0
2026-07-13 00:00:00-04:00,4.590000152587891,4.679999828338623,4.53000020980835,4.579999923706055,199100,0.0,0.0
2026-07-14 00:00:00-04:00,4.590000152587891,4.590000152587891,4.5,4.550000190734863,169100,0.0,0.0
2026-07-15 00:00:00-04:00,4.550000190734863,4.579999923706055,4.380000114440918,4.400000095367432,215700,0.0,0.0
2026-07-16 00:00:00-04:00,4.420000076293945,4.554999828338623,4.420000076293945,4.539999961853027,244300,0.0,0.0
2026-07-17 00:00:00-04:00,4.539999961853027,4.690000057220459,4.53000020980835,4.590000152587891,200600,0.0,0.0
2026-07-20 00:00:00-04:00,4.610000133514404,4.670000076293945,4.539999961853027,4.579999923706055,303700,0.0,0.0
2026-07-23 00:00:00-04:00,4.480000019073486,4.539999961853027,4.394999980926514,4.519999980926514,208900,0.0,0.0
2026-07-24 00:00:00-04:00,4.539999961853027,4.71999979019165,4.539999961853027,4.710000038146973,270700,0.0,0.0
2026-07-27 00:00:00-04:00,4.730000019073486,4.860000133514404,4.679999828338623,4.699999809265137,314800,0.0,0.0
2026-07-28 00:00:00-04:00,4.760000228881836,4.840000152587891,4.75,4.795000076293945,190800,0.0,0.0
2026-07-29 00:00:00-04:00,4.800000190734863,4.820000171661377,4.71999979019165,4.730000019073486,176800,0.0,0.0
2026-07-30 00:00:00-04:00,4.699999809265137,4.699999809265137,4.449999809265137,4.46999979019165,167400,0.0,0.0
2026-08-03 00:00:00-04:00,4.570000171661377,4.670000076293945,4.539999961853027,4.599999904632568,251000,0.0,0.0
2026-08-04 00:00:00-04:00,4.559999942779541,4.670000076293945,4.53000020980835,4.610000133514404,207800,0.0,0.0
2026-08-05 00:00:00-04:00,4.630000114440918,4.710000038146973,4.605000019073486,4.699999809265137,119100,0.0,0.0
2026-08-06 00:00:00-04:00,4.710000038146973,4.800000190734863,4.679999828338623,4.789999961853027,140500,0.0,0.0
2026-08-07 00:00:00-04:00,4.760000228881836,4.800000190734863,4.699999809265137,4.699999809265137,157200,0.0,0.0
2026-08-10 00:00:00-04:00,4.699999809265137,4.699999809265137,4.510000228881836,4.539999961853027,201300,0.0,0.0
2026-08-11 00:00:00-04:00,4.199999809265137,4.255000114440918,3.884999990463257,4.195000171661377,680700,0.0,0.0
2026-08-12 00:00:00-04:00,4.25,4.349999904632568,4.199999809265137,4.309999942779541,468200,0.0,0.0
2026-08-13 00:00:00-04:00,4.320000171661377,4.460000038146973,4.260000228881836,4.329999923706055,235800,0.0,0.0
2026-08-14 00:00:00-04:00,4.329999923706055,4.372000217437744,4.15500020980835,4.170000076293945,297300,0.0,0.0
2026-08-17 00:00:00-04:00,4.230000019073486,4.230000019073486,3.990000009536743,4.019999980926514,374100,0.0,0.0
2026-08-18 00:00:00-04:00,4.019999980926514,4.110000133514404,4.0,4.050000190734863,318100,0.0,0.0
2026-08-19 00:00:00-04:00,4.099999904632568,4.150000095367432,4.0,4.019999980926514,283633,0.0,0.0
