Date,Open,High,Low,Close,Volume,Dividends,Stock Splits
2022-01-03 00:00:00-05:00,10.380000114440918,11.390000343322754,10.380000114440918,10.5600004196167,18100,0.0,0.0
2022-01-04 00:00:00-05:00,10.670000076293945,10.8100004196167,10.510000228881836,10.8100004196167,5600,0.0,0.0
2022-01-05 00:00:00-05:00,11.050000190734863,11.050000190734863,10.5,10.5,6400,0.0,0.0
2022-01-06 00:00:00-05:00,10.9399995803833,10.9399995803833,10.350000381469727,10.350000381469727,700,0.0,0.0
2022-01-07 00:00:00-05:00,10.220000267028809,10.5600004196167,10.220000267028809,10.5600004196167,1100,0.0,0.0
2022-01-10 00:00:00-05:00,10.989999771118164,10.989999771118164,10.079999923706055,10.539999961853027,4800,0.0,0.0
2022-01-11 00:00:00-05:00,10.800000190734863,10.800000190734863,10.5,10.5,7000,0.0,0.0
2022-01-12 00:00:00-05:00,10.649999618530273,10.649999618530273,10.449999809265137,10.449999809265137,700,0.0,0.0
2022-01-13 00:00:00-05:00,10.239999771118164,10.550000190734863,10.239999771118164,10.550000190734863,5000,0.0,0.0
2022-01-14 00:00:00-05:00,10.609999656677246,10.699999809265137,10.470000267028809,10.470000267028809,2500,0.0,0.0
2022-01-18 00:00:00-05:00,10.050000190734863,10.25,10.050000190734863,10.210000038146973,1000,0.0,0.0
2022-01-19 00:00:00-05:00,10.15999984741211,10.170000076293945,9.899999618530273,10.119999885559082,7400,0.0,0.0
2022-01-20 00:00:00-05:00,10.119999885559082,10.289999961853027,10.119999885559082,10.289999961853027,1000,0.0,0.0
2022-01-21 00:00:00-05:00,10.229999542236328,10.5,10.050000190734863,10.350000381469727,3000,0.0,0.0
2022-01-24 00:00:00-05:00,10.100000381469727,10.40999984741211,9.609999656677246,10.100000381469727,1400,0.0,0.0
2022-01-25 00:00:00-05:00,9.90999984741211,10.40999984741211,9.899999618530273,10.100000381469727,3600,0.0,0.0
2022-01-26 00:00:00-05:00,9.630000114440918,10.180000305175781,9.630000114440918,9.859999656677246,1700,0.0,0.0
2022-01-27 00:00:00-05:00,10.0,10.149999618530273,9.989999771118164,9.989999771118164,2100,0.0,0.0
2022-01-28 00:00:00-05:00,10.0,10.25,9.8100004196167,9.8100004196167,2600,0.0,0.0
2022-01-31 00:00:00-05:00,9.930000305175781,10.390000343322754,9.930000305175781,10.100000381469727,2900,0.0,0.0
2022-02-01 00:00:00-05:00,10.260000228881836,10.390000343322754,10.09000015258789,10.130000114440918,4200,0.0,0.0
2022-02-02 00:00:00-05:00,10.079999923706055,10.1899995803833,9.720000267028809,9.720000267028809,2900,0.0,0.0
2022-02-03 00:00:00-05:00,9.829999923706055,10.40999984741211,9.829999923706055,10.40999984741211,3600,0.0,0.0
2022-02-04 00:00:00-05:00,9.800000190734863,10.199999809265137,9.75,10.199999809265137,900,0.0,0.0
2022-02-07 00:00:00-05:00,10.119999885559082,10.229999542236328,9.920000076293945,9.920000076293945,2800,0.0,0.0
2022-02-08 00:00:00-05:00,10.0,10.699999809265137,10.0,10.699999809265137,14900,0.0,0.0
2022-02-09 00:00:00-05:00,10.279999732971191,10.329999923706055,10.180000305175781,10.180000305175781,4700,0.0,0.0
2022-02-10 00:00:00-05:00,10.15999984741211,10.25,10.15999984741211,10.239999771118164,500,0.0,0.0
2022-02-11 00:00:00-05:00,10.199999809265137,10.199999809265137,9.649999618530273,10.149999618530273,2400,0.0,0.0
2022-02-14 00:00:00-05:00,9.890000343322754,10.0600004196167,9.890000343322754,10.0600004196167,2200,0.0,0.0
2022-02-15 00:00:00-05:00,9.979999542236328,10.210000038146973,9.579999923706055,10.210000038146973,3200,0.0,0.0
2022-02-16 00:00:00-05:00,10.25,10.25,10.25,10.25,3500,0.0,0.0
2022-02-17 00:00:00-05:00,10.380000114440918,10.399999618530273,10.050000190734863,10.199999809265137,7300,0.0,0.0
2022-02-18 00:00:00-05:00,10.220000267028809,10.220000267028809,10.220000267028809,10.220000267028809,200,0.0,0.0
2022-02-22 00:00:00-05:00,9.949999809265137,9.949999809265137,9.949999809265137,9.949999809265137,1500,0.0,0.0
2022-02-23 00:00:00-05:00,10.0,10.140000343322754,10.0,10.140000343322754,2900,0.0,0.0
2022-02-24 00:00:00-05:00,9.920000076293945,10.140000343322754,9.920000076293945,10.140000343322754,2500,0.0,0.0
2022-02-25 00:00:00-05:00,10.0,10.199999809265137,10.0,10.149999618530273,4300,0.0,0.0
2022-02-28 00:00:00-05:00,10.199999809265137,10.4399995803833,10.199999809265137,10.4399995803833,2700,0.0,0.0
2022-03-01 00:00:00-05:00,10.609999656677246,10.630000114440918,10.239999771118164,10.239999771118164,500,0.0,0.0
2022-03-02 00:00:00-05:00,10.369999885559082,10.460000038146973,10.369999885559082,10.460000038146973,500,0.0,0.0
2022-03-03 00:00:00-05:00,10.600000381469727,10.720000267028809,10.600000381469727,10.720000267028809,1000,0.0,0.0
2022-03-04 00:00:00-05:00,10.75,10.75,10.649999618530273,10.649999618530273,1000,0.0,0.0
2022-03-07 00:00:00-05:00,10.670000076293945,12.199999809265137,10.670000076293945,12.199999809265137,29700,0.0,0.0
2022-03-08 00:00:00-05:00,12.130000114440918,12.300000190734863,10.670000076293945,11.59000015258789,2400,0.0,0.0
2022-03-09 00:00:00-05:00,11.109999656677246,12.170000076293945,11.109999656677246,12.170000076293945,400,0.0,0.0
2022-03-10 00:00:00-05:00,11.140000343322754,11.199999809265137,10.630000114440918,11.0,2400,0.0,0.0
2022-03-11 00:00:00-05:00,11.329999923706055,11.329999923706055,11.329999923706055,11.329999923706055,300,0.0,0.0
2022-03-14 00:00:00-04:00,10.819999694824219,10.899999618530273,10.819999694824219,10.899999618530273,400,0.0,0.0
2022-03-15 00:00:00-04:00,11.279999732971191,11.279999732971191,11.109999656677246,11.109999656677246,600,0.0,0.0
2022-03-16 00:00:00-04:00,11.109999656677246,11.109999656677246,11.109999656677246,11.109999656677246,300,0.0,0.0
2022-03-17 00:00:00-04:00,12.239999771118164,12.380000114440918,11.75,11.800000190734863,4600,0.0,0.0
2022-03-18 00:00:00-04:00,11.699999809265137,11.930000305175781,11.510000228881836,11.75,1800,0.0,0.0
2022-03-21 00:00:00-04:00,11.760000228881836,11.930000305175781,11.470000267028809,11.649999618530273,4900,0.0,0.0
2022-03-22 00:00:00-04:00,12.010000228881836,12.180000305175781,10.829999923706055,11.0,27500,0.0,0.0
2022-03-23 00:00:00-04:00,11.0,11.0,9.550000190734863,9.949999809265137,11600,0.0,0.0
2022-03-24 00:00:00-04:00,9.930000305175781,10.0,9.5,9.979999542236328,14600,0.0,0.0
2022-03-25 00:00:00-04:00,9.890000343322754,10.170000076293945,9.760000228881836,9.979999542236328,20100,0.0,0.0
2022-03-28 00:00:00-04:00,9.9399995803833,10.0,9.84000015258789,10.0,3800,0.0,0.0
2022-03-29 00:00:00-04:00,10.470000267028809,10.470000267028809,9.800000190734863,9.800000190734863,9600,0.0,0.0
2022-03-30 00:00:00-04:00,10.130000114440918,10.149999618530273,10.0,10.0,3100,0.0,0.0
2022-03-31 00:00:00-04:00,10.149999618530273,10.479999542236328,10.100000381469727,10.479999542236328,1700,0.0,0.0
2022-04-01 00:00:00-04:00,10.210000038146973,10.630000114440918,10.199999809265137,10.630000114440918,2500,0.0,0.0
2022-04-04 00:00:00-04:00,10.460000038146973,10.609999656677246,10.460000038146973,10.609999656677246,3100,0.0,0.0
2022-04-05 00:00:00-04:00,10.609999656677246,10.649999618530273,10.609999656677246,10.649999618530273,1000,0.0,0.0
2022-04-06 00:00:00-04:00,10.430000305175781,10.5,10.149999618530273,10.149999618530273,1600,0.0,0.0
2022-04-07 00:00:00-04:00,10.020000457763672,10.210000038146973,10.010000228881836,10.010000228881836,3700,0.0,0.0
2022-04-08 00:00:00-04:00,10.0,10.0,10.0,10.0,800,0.0,0.0
2022-04-11 00:00:00-04:00,10.09000015258789,10.170000076293945,9.9399995803833,10.170000076293945,7700,0.0,0.0
2022-04-12 00:00:00-04:00,10.09000015258789,10.09000015258789,10.0,10.0,400,0.0,0.0
2022-04-13 00:00:00-04:00,10.5,10.5,10.020000457763672,10.020000457763672,800,0.0,0.0
2022-04-14 00:00:00-04:00,10.180000305175781,10.579999923706055,10.180000305175781,10.289999961853027,6700,0.0,0.0
2022-04-18 00:00:00-04:00,10.380000114440918,11.100000381469727,10.380000114440918,10.649999618530273,5200,0.0,0.0
2022-04-19 00:00:00-04:00,10.770000457763672,11.600000381469727,10.770000457763672,11.600000381469727,2500,0.0,0.0
2022-04-20 00:00:00-04:00,11.579999923706055,11.800000190734863,11.020000457763672,11.180000305175781,3700,0.0,0.0
2022-04-21 00:00:00-04:00,11.390000343322754,13.0,11.229999542236328,12.75,32400,0.0,0.0
2022-04-22 00:00:00-04:00,12.449999809265137,12.899999618530273,11.760000228881836,12.369999885559082,9800,0.0,0.0
2022-04-25 00:00:00-04:00,12.279999732971191,13.470000267028809,12.010000228881836,12.649999618530273,16100,0.0,0.0
2022-04-26 00:00:00-04:00,12.300000190734863,13.59000015258789,12.25,13.210000038146973,5700,0.0,0.0
2022-04-27 00:00:00-04:00,13.0600004196167,13.260000228881836,12.390000343322754,12.699999809265137,15500,0.0,0.0
2022-04-28 00:00:00-04:00,12.649999618530273,13.720000267028809,12.130000114440918,12.899999618530273,19800,0.0,0.0
2022-04-29 00:00:00-04:00,12.829999923706055,12.829999923706055,12.619999885559082,12.619999885559082,1500,0.0,0.0
2022-05-02 00:00:00-04:00,13.4399995803833,13.4399995803833,12.699999809265137,13.050000190734863,8900,0.0,0.0
2022-05-03 00:00:00-04:00,12.65999984741211,13.350000381469727,12.65999984741211,12.899999618530273,4900,0.0,0.0
2022-05-04 00:00:00-04:00,12.789999961853027,13.25,12.779999732971191,13.0,6300,0.0,0.0
2022-05-05 00:00:00-04:00,12.75,13.149999618530273,12.170000076293945,13.149999618530273,6400,0.0,0.0
2022-05-06 00:00:00-04:00,12.920000076293945,13.180000305175781,12.289999961853027,12.59000015258789,7700,0.0,0.0
2022-05-09 00:00:00-04:00,12.670000076293945,12.850000381469727,12.319999694824219,12.319999694824219,5400,0.0,0.0
2022-05-10 00:00:00-04:00,12.800000190734863,13.25,11.420000076293945,12.34000015258789,17600,0.0,0.0
2022-05-11 00:00:00-04:00,12.5,13.5,11.569999694824219,13.1899995803833,5200,0.0,0.0
2022-05-12 00:00:00-04:00,13.229999542236328,13.229999542236328,12.25,12.289999961853027,6300,0.0,0.0
2022-05-13 00:00:00-04:00,12.430000305175781,12.550000190734863,11.779999732971191,11.949999809265137,7600,0.0,0.0
2022-05-16 00:00:00-04:00,11.869999885559082,12.529999732971191,11.680000305175781,11.9399995803833,4400,0.0,0.0
2022-05-17 00:00:00-04:00,11.779999732971191,12.100000381469727,11.779999732971191,12.0,2700,0.0,0.0
2022-05-18 00:00:00-04:00,11.899999618530273,12.0,11.699999809265137,11.699999809265137,3500,0.0,0.0
2022-05-19 00:00:00-04:00,11.15999984741211,11.899999618530273,10.9399995803833,11.5,4000,0.0,0.0
2022-05-20 00:00:00-04:00,11.100000381469727,11.100000381469727,10.600000381469727,10.869999885559082,2200,0.0,0.0
2022-05-23 00:00:00-04:00,10.930000305175781,11.15999984741211,10.930000305175781,11.100000381469727,2600,0.0,0.0
2022-05-24 00:00:00-04:00,11.529999732971191,11.899999618530273,11.15999984741211,11.699999809265137,5600,0.0,0.0
2022-05-25 00:00:00-04:00,12.1899995803833,12.1899995803833,11.279999732971191,11.550000190734863,7500,0.0,0.0
2022-05-26 00:00:00-04:00,11.649999618530273,11.649999618530273,11.300000190734863,11.579999923706055,1600,0.0,0.0
2022-05-27 00:00:00-04:00,11.220000267028809,11.75,11.220000267028809,11.75,1900,0.0,0.0
2022-05-31 00:00:00-04:00,11.4399995803833,11.520000457763672,11.4399995803833,11.520000457763672,700,0.0,0.0
2022-06-01 00:00:00-04:00,11.520000457763672,11.90999984741211,11.479999542236328,11.90999984741211,2300,0.0,0.0
2022-06-02 00:00:00-04:00,11.739999771118164,12.130000114440918,10.84000015258789,11.739999771118164,2800,0.0,0.0
2022-06-03 00:00:00-04:00,11.5,11.5,11.350000381469727,11.350000381469727,500,0.0,0.0
2022-06-06 00:00:00-04:00,11.130000114440918,11.640000343322754,11.039999961853027,11.640000343322754,3400,0.0,0.0
2022-06-07 00:00:00-04:00,11.210000038146973,11.729999542236328,11.210000038146973,11.3100004196167,2500,0.0,0.0
2022-06-08 00:00:00-04:00,11.300000190734863,12.140000343322754,11.0,11.40999984741211,3000,0.0,0.0
2022-06-09 00:00:00-04:00,11.40999984741211,11.40999984741211,11.40999984741211,11.40999984741211,0,0.0,0.0
2022-06-10 00:00:00-04:00,11.40999984741211,11.40999984741211,11.40999984741211,11.40999984741211,0,0.0,0.0
2022-06-13 00:00:00-04:00,10.5600004196167,10.899999618530273,10.5600004196167,10.899999618530273,400,0.0,0.0
2022-06-14 00:00:00-04:00,10.40999984741211,10.649999618530273,10.390000343322754,10.649999618530273,2300,0.0,0.0
2022-06-15 00:00:00-04:00,10.270000457763672,10.979999542236328,10.270000457763672,10.979999542236328,1600,0.0,0.0
2022-06-16 00:00:00-04:00,10.979999542236328,12.149999618530273,10.5,12.149999618530273,4400,0.0,0.0
2022-06-17 00:00:00-04:00,11.670000076293945,12.1899995803833,11.670000076293945,12.140000343322754,800,0.0,0.0
2022-06-21 00:00:00-04:00,12.1899995803833,12.1899995803833,11.890000343322754,11.949999809265137,900,0.0,0.0
2022-06-22 00:00:00-04:00,11.75,11.899999618530273,11.550000190734863,11.899999618530273,500,0.0,0.0
2022-06-23 00:00:00-04:00,11.850000381469727,11.850000381469727,11.8100004196167,11.8100004196167,400,0.0,0.0
2022-06-24 00:00:00-04:00,11.529999732971191,12.279999732971191,11.529999732971191,12.279999732971191,3500,0.0,0.0
2022-06-27 00:00:00-04:00,12.020000457763672,13.399999618530273,11.729999542236328,13.020000457763672,9100,0.0,0.0
2022-06-28 00:00:00-04:00,13.239999771118164,14.199999809265137,12.829999923706055,13.239999771118164,18700,0.0,0.0
2022-06-29 00:00:00-04:00,12.5,14.369999885559082,12.5,13.079999923706055,11900,0.0,0.0
2022-06-30 00:00:00-04:00,12.789999961853027,14.0,12.789999961853027,14.0,6300,0.0,0.0
2022-07-01 00:00:00-04:00,13.550000190734863,14.25,13.100000381469727,13.4399995803833,9100,0.0,0.0
2022-07-05 00:00:00-04:00,13.899999618530273,14.0,13.100000381469727,13.75,9200,0.0,0.0
2022-07-06 00:00:00-04:00,14.0,14.0,13.479999542236328,13.899999618530273,4600,0.0,0.0
2022-07-07 00:00:00-04:00,13.789999961853027,14.0,13.25,13.520000457763672,5100,0.0,0.0
2022-07-08 00:00:00-04:00,13.600000381469727,15.0600004196167,13.5,14.710000038146973,22600,0.0,0.0
2022-07-11 00:00:00-04:00,15.15999984741211,17.389999389648438,14.510000228881836,15.859999656677246,63000,0.0,0.0
2022-07-12 00:00:00-04:00,16.0,19.559999465942383,15.670000076293945,18.3799991607666,48800,0.0,0.0
2022-07-13 00:00:00-04:00,18.3799991607666,18.5,15.90999984741211,16.969999313354492,38900,0.0,0.0
2022-07-14 00:00:00-04:00,17.360000610351562,17.360000610351562,15.84000015258789,16.219999313354492,12600,0.0,0.0
2022-07-15 00:00:00-04:00,16.149999618530273,16.360000610351562,15.199999809265137,15.40999984741211,11600,0.0,0.0
2022-07-18 00:00:00-04:00,15.520000457763672,15.520000457763672,14.020000457763672,14.350000381469727,22500,0.0,0.0
2022-07-19 00:00:00-04:00,13.920000076293945,14.34000015258789,12.699999809265137,12.75,10400,0.0,0.0
2022-07-20 00:00:00-04:00,13.020000457763672,13.020000457763672,11.84000015258789,12.40999984741211,9400,0.0,0.0
2022-07-21 00:00:00-04:00,12.369999885559082,13.369999885559082,12.25,12.319999694824219,13500,0.0,0.0
2022-07-22 00:00:00-04:00,12.3100004196167,12.359999656677246,11.510000228881836,11.890000343322754,8500,0.0,0.0
2022-07-25 00:00:00-04:00,11.880000114440918,12.109999656677246,11.710000038146973,11.920000076293945,3400,0.0,0.0
2022-07-26 00:00:00-04:00,11.920000076293945,11.920000076293945,10.729999542236328,11.109999656677246,8200,0.0,0.0
2022-07-27 00:00:00-04:00,11.4399995803833,11.699999809265137,10.859999656677246,11.010000228881836,6500,0.0,0.0
2022-07-28 00:00:00-04:00,10.989999771118164,11.010000228881836,10.460000038146973,10.59000015258789,11500,0.0,0.0
2022-07-29 00:00:00-04:00,10.859999656677246,10.899999618530273,10.680000305175781,10.680000305175781,3300,0.0,0.0
2022-08-01 00:00:00-04:00,10.680000305175781,10.680000305175781,10.399999618530273,10.420000076293945,5100,0.0,0.0
2022-08-02 00:00:00-04:00,10.65999984741211,10.770000457763672,10.619999885559082,10.619999885559082,1700,0.0,0.0
2022-08-03 00:00:00-04:00,10.539999961853027,10.600000381469727,10.399999618530273,10.449999809265137,3900,0.0,0.0
2022-08-04 00:00:00-04:00,10.800000190734863,11.050000190734863,10.399999618530273,10.8100004196167,5500,0.0,0.0
2022-08-05 00:00:00-04:00,10.6899995803833,10.800000190734863,10.569999694824219,10.569999694824219,3100,0.0,0.0
2022-08-08 00:00:00-04:00,10.600000381469727,10.930000305175781,10.600000381469727,10.859999656677246,2400,0.0,0.0
2022-08-09 00:00:00-04:00,10.640000343322754,10.640000343322754,10.069999694824219,10.25,7500,0.0,0.0
2022-08-10 00:00:00-04:00,11.75,12.979999542236328,11.75,12.029999732971191,34000,0.0,0.0
2022-08-11 00:00:00-04:00,12.0,12.40999984741211,11.670000076293945,11.90999984741211,9600,0.0,0.0
2022-08-12 00:00:00-04:00,12.0600004196167,12.989999771118164,12.039999961853027,12.359999656677246,17800,0.0,0.0
2022-08-15 00:00:00-04:00,12.399999618530273,13.949999809265137,12.399999618530273,12.869999885559082,38100,0.0,0.0
2022-08-16 00:00:00-04:00,13.390000343322754,13.859999656677246,13.220000267028809,13.220000267028809,9000,0.0,0.0
2022-08-17 00:00:00-04:00,13.359999656677246,13.600000381469727,13.100000381469727,13.119999885559082,3600,0.0,0.0
2022-08-18 00:00:00-04:00,13.920000076293945,14.710000038146973,13.600000381469727,14.5,10300,0.0,0.0
2022-08-19 00:00:00-04:00,14.550000190734863,15.600000381469727,14.550000190734863,15.350000381469727,9900,0.0,0.0
2022-08-22 00:00:00-04:00,15.550000190734863,16.790000915527344,15.329999923706055,15.579999923706055,13500,0.0,0.0
2022-08-23 00:00:00-04:00,15.579999923706055,15.579999923706055,13.84000015258789,14.149999618530273,7600,0.0,0.0
2022-08-24 00:00:00-04:00,14.25,14.300000190734863,12.949999809265137,14.199999809265137,6100,0.0,0.0
2022-08-25 00:00:00-04:00,14.300000190734863,14.300000190734863,13.729999542236328,13.9399995803833,2200,0.0,0.0
2022-08-26 00:00:00-04:00,13.350000381469727,13.760000228881836,12.920000076293945,12.960000038146973,9100,0.0,0.0
2022-08-29 00:00:00-04:00,12.899999618530273,12.899999618530273,12.899999618530273,12.899999618530273,1500,0.0,0.0
2022-08-30 00:00:00-04:00,12.420000076293945,13.199999809265137,12.149999618530273,12.75,20000,0.0,0.0
2022-08-31 00:00:00-04:00,13.0,13.029999732971191,12.010000228881836,12.34000015258789,7900,0.0,0.0
2022-09-01 00:00:00-04:00,11.949999809265137,12.020000457763672,11.949999809265137,12.020000457763672,2500,0.0,0.0
2022-09-02 00:00:00-04:00,11.960000038146973,11.960000038146973,11.960000038146973,11.960000038146973,700,0.0,0.0
2022-09-06 00:00:00-04:00,11.920000076293945,12.050000190734863,11.920000076293945,12.050000190734863,3300,0.0,0.0
2022-09-07 00:00:00-04:00,12.210000038146973,12.84000015258789,11.75,12.029999732971191,21300,0.0,0.0
2022-09-08 00:00:00-04:00,12.050000190734863,12.100000381469727,12.0,12.100000381469727,1700,0.0,0.0
2022-09-09 00:00:00-04:00,12.130000114440918,12.130000114440918,12.0,12.0,1900,0.0,0.0
2022-09-12 00:00:00-04:00,12.25,12.25,11.75,11.979999542236328,7700,0.0,0.0
2022-09-13 00:00:00-04:00,11.4399995803833,12.069999694824219,11.4399995803833,11.479999542236328,11200,0.0,0.0
2022-09-14 00:00:00-04:00,11.5,11.970000267028809,11.5,11.5,4500,0.0,0.0
2022-09-15 00:00:00-04:00,11.84000015258789,11.84000015258789,11.25,11.300000190734863,3700,0.0,0.0
2022-09-16 00:00:00-04:00,11.399999618530273,11.9399995803833,10.899999618530273,11.9399995803833,6200,0.0,0.0
2022-09-19 00:00:00-04:00,11.640000343322754,11.6899995803833,10.90999984741211,11.289999961853027,1500,0.0,0.0
2022-09-20 00:00:00-04:00,11.289999961853027,11.289999961853027,11.289999961853027,11.289999961853027,0,0.0,0.0
2022-09-21 00:00:00-04:00,11.359999656677246,11.359999656677246,11.140000343322754,11.140000343322754,1000,0.0,0.0
2022-09-22 00:00:00-04:00,11.25,11.25,10.930000305175781,11.149999618530273,2000,0.0,0.0
2022-09-23 00:00:00-04:00,11.029999732971191,11.109999656677246,10.470000267028809,10.670000076293945,5200,0.0,0.0
2022-09-26 00:00:00-04:00,11.0,11.0,10.510000228881836,10.649999618530273,4700,0.0,0.0
2022-09-27 00:00:00-04:00,11.050000190734863,11.069999694824219,10.619999885559082,10.75,9000,0.0,0.0
2022-09-28 00:00:00-04:00,10.899999618530273,10.979999542236328,10.899999618530273,10.949999809265137,1600,0.0,0.0
2022-09-29 00:00:00-04:00,10.479999542236328,10.930000305175781,10.479999542236328,10.720000267028809,2300,0.0,0.0
2022-09-30 00:00:00-04:00,10.710000038146973,10.850000381469727,10.539999961853027,10.539999961853027,3100,0.0,0.0
2022-10-03 00:00:00-04:00,10.59000015258789,10.649999618530273,10.350000381469727,10.630000114440918,7800,0.0,0.0
2022-10-04 00:00:00-04:00,10.90999984741211,10.90999984741211,10.59000015258789,10.609999656677246,1400,0.0,0.0
2022-10-05 00:00:00-04:00,10.699999809265137,10.720000267028809,10.520000457763672,10.529999732971191,2300,0.0,0.0
2022-10-06 00:00:00-04:00,10.729999542236328,10.899999618530273,10.600000381469727,10.75,7400,0.0,0.0
2022-10-07 00:00:00-04:00,10.510000228881836,10.550000190734863,10.5,10.5,4100,0.0,0.0
2022-10-10 00:00:00-04:00,10.5,10.609999656677246,10.5,10.609999656677246,2600,0.0,0.0
2022-10-11 00:00:00-04:00,10.5,10.5,9.3100004196167,10.100000381469727,20900,0.0,0.0
2022-10-12 00:00:00-04:00,10.279999732971191,10.279999732971191,9.84000015258789,9.850000381469727,2700,0.0,0.0
2022-10-13 00:00:00-04:00,9.75,10.1899995803833,9.75,10.170000076293945,13900,0.0,0.0
2022-10-14 00:00:00-04:00,10.170000076293945,10.170000076293945,9.960000038146973,10.0,1800,0.0,0.0
2022-10-17 00:00:00-04:00,10.039999961853027,10.170000076293945,9.850000381469727,10.130000114440918,7900,0.0,0.0
2022-10-18 00:00:00-04:00,10.130000114440918,10.170000076293945,10.010000228881836,10.010000228881836,1700,0.0,0.0
2022-10-19 00:00:00-04:00,9.729999542236328,10.069999694824219,9.6899995803833,10.0600004196167,4500,0.0,0.0
2022-10-20 00:00:00-04:00,9.770000457763672,10.079999923706055,9.75,10.079999923706055,2700,0.0,0.0
2022-10-21 00:00:00-04:00,10.149999618530273,10.3100004196167,10.09000015258789,10.300000190734863,6600,0.0,0.0
2022-10-24 00:00:00-04:00,9.850000381469727,10.300000190734863,9.850000381469727,10.300000190734863,2500,0.0,0.0
2022-10-25 00:00:00-04:00,10.289999961853027,10.300000190734863,10.260000228881836,10.260000228881836,5700,0.0,0.0
2022-10-26 00:00:00-04:00,10.0,10.199999809265137,10.0,10.1899995803833,1700,0.0,0.0
2022-10-27 00:00:00-04:00,10.029999732971191,10.270000457763672,10.020000457763672,10.020000457763672,3500,0.0,0.0
2022-10-28 00:00:00-04:00,10.069999694824219,10.180000305175781,10.069999694824219,10.180000305175781,1700,0.0,0.0
2022-10-31 00:00:00-04:00,10.130000114440918,10.130000114440918,9.880000114440918,10.100000381469727,3100,0.0,0.0
2022-11-01 00:00:00-04:00,10.300000190734863,10.300000190734863,10.25,10.25,9200,0.0,0.0
2022-11-02 00:00:00-04:00,10.300000190734863,10.350000381469727,10.300000190734863,10.34000015258789,7600,0.0,0.0
2022-11-03 00:00:00-04:00,10.34000015258789,10.779999732971191,10.34000015258789,10.75,2700,0.0,0.0
2022-11-04 00:00:00-04:00,10.670000076293945,10.75,10.670000076293945,10.75,2000,0.0,0.0
2022-11-07 00:00:00-05:00,10.75,11.850000381469727,10.75,11.65999984741211,32000,0.0,0.0
2022-11-08 00:00:00-05:00,11.380000114440918,11.630000114440918,11.3100004196167,11.630000114440918,5000,0.0,0.0
2022-11-09 00:00:00-05:00,11.649999618530273,12.800000190734863,11.399999618530273,12.25,37200,0.0,0.0
2022-11-10 00:00:00-05:00,12.5,13.899999618530273,12.5,13.350000381469727,32800,0.0,0.0
2022-11-11 00:00:00-05:00,13.420000076293945,13.449999809265137,12.949999809265137,13.149999618530273,8800,0.0,0.0
2022-11-14 00:00:00-05:00,13.25,13.850000381469727,12.859999656677246,13.510000228881836,17500,0.0,0.0
2022-11-15 00:00:00-05:00,13.319999694824219,13.739999771118164,13.319999694824219,13.470000267028809,2100,0.0,0.0
2022-11-16 00:00:00-05:00,13.5,13.5,12.869999885559082,13.449999809265137,1600,0.0,0.0
2022-11-17 00:00:00-05:00,13.449999809265137,13.869999885559082,13.369999885559082,13.619999885559082,16800,0.0,0.0
2022-11-18 00:00:00-05:00,13.380000114440918,13.729999542236328,13.380000114440918,13.729999542236328,3800,0.0,0.0
2022-11-21 00:00:00-05:00,13.8100004196167,14.850000381469727,13.760000228881836,14.0,16600,0.0,0.0
2022-11-22 00:00:00-05:00,13.949999809265137,14.699999809265137,13.949999809265137,14.34000015258789,10300,0.0,0.0
2022-11-23 00:00:00-05:00,14.34000015258789,14.819999694824219,14.34000015258789,14.670000076293945,5400,0.0,0.0
2022-11-25 00:00:00-05:00,15.0,15.199999809265137,14.5,15.170000076293945,9800,0.0,0.0
2022-11-28 00:00:00-05:00,15.34000015258789,15.75,15.199999809265137,15.359999656677246,9900,0.0,0.0
2022-11-29 00:00:00-05:00,15.84000015258789,15.850000381469727,15.569999694824219,15.779999732971191,2300,0.0,0.0
2022-11-30 00:00:00-05:00,15.850000381469727,16.010000228881836,15.350000381469727,15.680000305175781,25700,0.0,0.0
2022-12-01 00:00:00-05:00,15.989999771118164,16.0,15.539999961853027,15.539999961853027,2800,0.0,0.0
2022-12-02 00:00:00-05:00,15.399999618530273,16.0,15.399999618530273,15.59000015258789,1700,0.0,0.0
2022-12-05 00:00:00-05:00,15.569999694824219,15.90999984741211,15.569999694824219,15.90999984741211,2100,0.0,0.0
2022-12-06 00:00:00-05:00,15.729999542236328,15.850000381469727,15.699999809265137,15.710000038146973,3500,0.0,0.0
2022-12-07 00:00:00-05:00,15.5600004196167,15.720000267028809,15.5600004196167,15.720000267028809,1600,0.0,0.0
2022-12-08 00:00:00-05:00,15.680000305175781,15.960000038146973,15.640000343322754,15.640000343322754,600,0.0,0.0
2022-12-09 00:00:00-05:00,15.609999656677246,15.609999656677246,13.850000381469727,14.199999809265137,6300,0.0,0.0
2022-12-12 00:00:00-05:00,14.029999732971191,14.029999732971191,12.6899995803833,13.0,4200,0.0,0.0
2022-12-13 00:00:00-05:00,13.109999656677246,13.930000305175781,13.109999656677246,13.930000305175781,1900,0.0,0.0
2022-12-14 00:00:00-05:00,13.65999984741211,13.989999771118164,13.5,13.5,5600,0.0,0.0
2022-12-15 00:00:00-05:00,13.25,13.630000114440918,12.300000190734863,13.279999732971191,3900,0.0,0.0
2022-12-16 00:00:00-05:00,12.859999656677246,12.859999656677246,12.859999656677246,12.859999656677246,900,0.0,0.0
2022-12-19 00:00:00-05:00,13.149999618530273,13.149999618530273,12.880000114440918,12.880000114440918,800,0.0,0.0
2022-12-20 00:00:00-05:00,13.09000015258789,13.229999542236328,12.880000114440918,13.229999542236328,1900,0.0,0.0
2022-12-21 00:00:00-05:00,13.229999542236328,13.229999542236328,13.229999542236328,13.229999542236328,300,0.0,0.0
2022-12-22 00:00:00-05:00,12.859999656677246,12.859999656677246,11.899999618530273,12.609999656677246,11100,0.0,0.0
2022-12-23 00:00:00-05:00,12.119999885559082,12.130000114440918,11.800000190734863,12.130000114440918,7600,0.0,0.0
2022-12-27 00:00:00-05:00,11.880000114440918,11.880000114440918,11.289999961853027,11.4399995803833,3500,0.0,0.0
2022-12-28 00:00:00-05:00,11.329999923706055,12.289999961853027,11.3100004196167,12.09000015258789,18400,0.0,0.0
2022-12-29 00:00:00-05:00,12.479999542236328,12.479999542236328,11.6899995803833,11.800000190734863,14500,0.0,0.0
2022-12-30 00:00:00-05:00,12.270000457763672,12.819999694824219,11.9399995803833,12.25,5500,0.0,0.0
2023-01-03 00:00:00-05:00,12.3100004196167,12.949999809265137,11.869999885559082,11.869999885559082,2400,0.0,0.0
2023-01-04 00:00:00-05:00,12.260000228881836,12.680000305175781,11.789999961853027,11.789999961853027,2800,0.0,0.0
2023-01-05 00:00:00-05:00,11.84000015258789,12.520000457763672,11.75,12.520000457763672,2600,0.0,0.0
2023-01-06 00:00:00-05:00,12.539999961853027,12.680000305175781,12.489999771118164,12.670000076293945,7000,0.0,0.0
2023-01-09 00:00:00-05:00,12.979999542236328,13.0,12.170000076293945,12.199999809265137,10800,0.0,0.0
2023-01-10 00:00:00-05:00,12.270000457763672,12.829999923706055,12.270000457763672,12.8100004196167,3000,0.0,0.0
2023-01-11 00:00:00-05:00,12.609999656677246,13.039999961853027,12.319999694824219,12.319999694824219,1600,0.0,0.0
2023-01-12 00:00:00-05:00,12.130000114440918,13.119999885559082,12.130000114440918,12.970000267028809,7000,0.0,0.0
2023-01-13 00:00:00-05:00,13.430000305175781,13.430000305175781,12.460000038146973,12.720000267028809,2400,0.0,0.0
2023-01-17 00:00:00-05:00,12.829999923706055,13.140000343322754,12.760000228881836,12.979999542236328,4000,0.0,0.0
2023-01-18 00:00:00-05:00,12.640000343322754,13.300000190734863,12.630000114440918,13.100000381469727,4900,0.0,0.0
2023-01-19 00:00:00-05:00,13.0,13.109999656677246,12.729999542236328,12.899999618530273,3300,0.0,0.0
2023-01-20 00:00:00-05:00,12.800000190734863,13.699999809265137,12.800000190734863,13.430000305175781,11700,0.0,0.0
2023-01-23 00:00:00-05:00,13.460000038146973,13.729999542236328,13.25,13.5,9100,0.0,0.0
2023-01-24 00:00:00-05:00,13.180000305175781,13.75,13.180000305175781,13.489999771118164,1000,0.0,0.0
2023-01-25 00:00:00-05:00,13.520000457763672,13.520000457763672,13.5,13.5,800,0.0,0.0
2023-01-26 00:00:00-05:00,13.300000190734863,13.920000076293945,13.300000190734863,13.84000015258789,3100,0.0,0.0
2023-01-27 00:00:00-05:00,13.850000381469727,13.949999809265137,13.390000343322754,13.649999618530273,5900,0.0,0.0
2023-01-30 00:00:00-05:00,13.800000190734863,13.800000190734863,13.550000190734863,13.550000190734863,1200,0.0,0.0
2023-01-31 00:00:00-05:00,13.5,13.800000190734863,13.34000015258789,13.789999961853027,8200,0.0,0.0
2023-02-01 00:00:00-05:00,13.5,14.680000305175781,13.5,14.680000305175781,15900,0.0,0.0
2023-02-02 00:00:00-05:00,14.880000114440918,15.720000267028809,14.520000457763672,15.40999984741211,19200,0.0,0.0
2023-02-03 00:00:00-05:00,15.149999618530273,15.25,15.0,15.0,3300,0.0,0.0
2023-02-06 00:00:00-05:00,15.0600004196167,15.5,15.0600004196167,15.5,1300,0.0,0.0
2023-02-07 00:00:00-05:00,15.720000267028809,15.850000381469727,15.430000305175781,15.850000381469727,2700,0.0,0.0
2023-02-08 00:00:00-05:00,15.789999961853027,15.989999771118164,15.15999984741211,15.890000343322754,4200,0.0,0.0
2023-02-09 00:00:00-05:00,15.800000190734863,16.520000457763672,15.420000076293945,15.539999961853027,42800,0.0,0.0
2023-02-10 00:00:00-05:00,15.65999984741211,15.65999984741211,14.890000343322754,14.979999542236328,7800,0.0,0.0
2023-02-13 00:00:00-05:00,14.989999771118164,15.460000038146973,14.9399995803833,15.460000038146973,18500,0.0,0.0
2023-02-14 00:00:00-05:00,15.140000343322754,15.140000343322754,14.680000305175781,14.720000267028809,9400,0.0,0.0
2023-02-15 00:00:00-05:00,14.890000343322754,14.9399995803833,14.600000381469727,14.600000381469727,11500,0.0,0.0
2023-02-16 00:00:00-05:00,14.579999923706055,14.579999923706055,14.460000038146973,14.460000038146973,1400,0.0,0.0
2023-02-17 00:00:00-05:00,14.300000190734863,14.430000305175781,14.25,14.25,9600,0.0,0.0
2023-02-21 00:00:00-05:00,14.6899995803833,14.6899995803833,14.260000228881836,14.260000228881836,11700,0.0,0.0
2023-02-22 00:00:00-05:00,14.550000190734863,14.550000190734863,14.470000267028809,14.470000267028809,3900,0.0,0.0
2023-02-23 00:00:00-05:00,14.960000038146973,14.960000038146973,14.319999694824219,14.390000343322754,3400,0.0,0.0
2023-02-24 00:00:00-05:00,14.279999732971191,14.279999732971191,13.100000381469727,14.069999694824219,2600,0.0,0.0
2023-02-27 00:00:00-05:00,14.569999694824219,14.569999694824219,14.050000190734863,14.050000190734863,1800,0.0,0.0
2023-02-28 00:00:00-05:00,14.399999618530273,14.8100004196167,14.029999732971191,14.5600004196167,7400,0.0,0.0
2023-03-01 00:00:00-05:00,14.34000015258789,14.770000457763672,14.34000015258789,14.770000457763672,1500,0.0,0.0
2023-03-02 00:00:00-05:00,14.25,15.180000305175781,14.25,14.470000267028809,7600,0.0,0.0
2023-03-03 00:00:00-05:00,14.510000228881836,14.9399995803833,14.270000457763672,14.760000228881836,3800,0.0,0.0
2023-03-06 00:00:00-05:00,15.170000076293945,15.970000267028809,15.0600004196167,15.819999694824219,1000,0.0,0.0
2023-03-07 00:00:00-05:00,15.59000015258789,16.06999969482422,14.899999618530273,15.109999656677246,6400,0.0,0.0
2023-03-08 00:00:00-05:00,15.050000190734863,15.050000190734863,14.649999618530273,14.699999809265137,4700,0.0,0.0
2023-03-09 00:00:00-05:00,14.670000076293945,14.960000038146973,13.579999923706055,13.619999885559082,9700,0.0,0.0
2023-03-10 00:00:00-05:00,13.899999618530273,14.399999618530273,12.180000305175781,12.800000190734863,15700,0.0,0.0
2023-03-13 00:00:00-04:00,12.25,14.350000381469727,12.25,13.180000305175781,14100,0.0,0.0
2023-03-14 00:00:00-04:00,13.489999771118164,14.260000228881836,13.180000305175781,13.199999809265137,6500,0.0,0.0
2023-03-15 00:00:00-04:00,13.25,13.350000381469727,12.0,13.029999732971191,19600,0.0,0.0
2023-03-16 00:00:00-04:00,12.760000228881836,13.949999809265137,12.760000228881836,13.149999618530273,14500,0.0,0.0
2023-03-17 00:00:00-04:00,13.0,13.0,11.020000457763672,11.779999732971191,18600,0.0,0.0
2023-03-20 00:00:00-04:00,11.039999961853027,12.170000076293945,11.039999961853027,11.819999694824219,6900,0.0,0.0
2023-03-21 00:00:00-04:00,12.0,12.600000381469727,11.300000190734863,11.529999732971191,9500,0.0,0.0
2023-03-22 00:00:00-04:00,11.600000381469727,11.9399995803833,11.100000381469727,11.180000305175781,2500,0.0,0.0
2023-03-23 00:00:00-04:00,11.210000038146973,12.15999984741211,10.5,10.710000038146973,9800,0.0,0.0
2023-03-24 00:00:00-04:00,10.5,10.800000190734863,10.369999885559082,10.59000015258789,19200,0.0,0.0
2023-03-27 00:00:00-04:00,11.0600004196167,11.0600004196167,10.380000114440918,10.670000076293945,10100,0.0,0.0
2023-03-28 00:00:00-04:00,10.649999618530273,11.029999732971191,10.5,10.729999542236328,9600,0.0,0.0
2023-03-29 00:00:00-04:00,10.859999656677246,11.0,10.529999732971191,10.600000381469727,5800,0.0,0.0
2023-03-30 00:00:00-04:00,10.510000228881836,10.699999809265137,10.479999542236328,10.539999961853027,3700,0.0,0.0
2023-03-31 00:00:00-04:00,10.569999694824219,10.75,10.399999618530273,10.649999618530273,9800,0.0,0.0
2023-04-03 00:00:00-04:00,10.390000343322754,10.789999961853027,9.970000267028809,10.579999923706055,12600,0.0,0.0
2023-04-04 00:00:00-04:00,10.369999885559082,10.369999885559082,9.970000267028809,10.0,4600,0.0,0.0
2023-04-05 00:00:00-04:00,10.0,10.1899995803833,9.59000015258789,9.699999809265137,3500,0.0,0.0
2023-04-06 00:00:00-04:00,9.710000038146973,10.09000015258789,9.699999809265137,9.739999771118164,7800,0.0,0.0
2023-04-10 00:00:00-04:00,9.720000267028809,10.579999923706055,9.720000267028809,10.579999923706055,5200,0.0,0.0
2023-04-11 00:00:00-04:00,10.569999694824219,10.569999694824219,10.529999732971191,10.529999732971191,1000,0.0,0.0
2023-04-12 00:00:00-04:00,10.529999732971191,10.5600004196167,10.119999885559082,10.470000267028809,7000,0.0,0.0
2023-04-13 00:00:00-04:00,10.420000076293945,10.779999732971191,10.300000190734863,10.710000038146973,3700,0.0,0.0
2023-04-14 00:00:00-04:00,10.539999961853027,10.539999961853027,10.539999961853027,10.539999961853027,400,0.0,0.0
2023-04-17 00:00:00-04:00,10.539999961853027,10.539999961853027,10.539999961853027,10.539999961853027,400,0.0,0.0
2023-04-18 00:00:00-04:00,10.529999732971191,10.5600004196167,10.25,10.279999732971191,1000,0.0,0.0
2023-04-19 00:00:00-04:00,10.199999809265137,10.399999618530273,10.010000228881836,10.390000343322754,3000,0.0,0.0
2023-04-20 00:00:00-04:00,10.399999618530273,10.399999618530273,10.380000114440918,10.380000114440918,400,0.0,0.0
2023-04-21 00:00:00-04:00,10.399999618530273,10.399999618530273,10.149999618530273,10.149999618530273,3300,0.0,0.0
2023-04-24 00:00:00-04:00,10.319999694824219,10.319999694824219,10.069999694824219,10.100000381469727,7400,0.0,0.0
2023-04-25 00:00:00-04:00,10.25,10.25,9.899999618530273,10.050000190734863,7200,0.0,0.0
2023-04-26 00:00:00-04:00,10.100000381469727,10.100000381469727,9.949999809265137,9.970000267028809,6500,0.0,0.0
2023-04-27 00:00:00-04:00,9.890000343322754,10.140000343322754,9.800000190734863,10.0,3400,0.0,0.0
2023-04-28 00:00:00-04:00,9.899999618530273,10.0600004196167,9.899999618530273,10.0,1300,0.0,0.0
2023-05-01 00:00:00-04:00,9.9399995803833,9.9399995803833,9.9399995803833,9.9399995803833,900,0.0,0.0
2023-05-02 00:00:00-04:00,9.989999771118164,9.989999771118164,9.4399995803833,9.4399995803833,3400,0.0,0.0
2023-05-03 00:00:00-04:00,9.5,9.930000305175781,9.5,9.75,5600,0.0,0.0
2023-05-04 00:00:00-04:00,9.479999542236328,9.5600004196167,9.149999618530273,9.5600004196167,4100,0.0,0.0
2023-05-05 00:00:00-04:00,9.5,10.1899995803833,9.5,10.170000076293945,6000,0.0,0.0
2023-05-08 00:00:00-04:00,9.880000114440918,9.979999542236328,9.880000114440918,9.979999542236328,1000,0.0,0.0
2023-05-09 00:00:00-04:00,10.199999809265137,10.649999618530273,9.850000381469727,10.520000457763672,5400,0.0,0.0
2023-05-10 00:00:00-04:00,10.539999961853027,10.699999809265137,9.90999984741211,10.0,11100,0.0,0.0
2023-05-11 00:00:00-04:00,9.5,9.90999984741211,9.0,9.670000076293945,8800,0.0,0.0
2023-05-12 00:00:00-04:00,9.34000015258789,9.600000381469727,9.300000190734863,9.369999885559082,3800,0.0,0.0
2023-05-15 00:00:00-04:00,9.5600004196167,9.710000038146973,9.010000228881836,9.390000343322754,11000,0.0,0.0
2023-05-16 00:00:00-04:00,9.390000343322754,9.600000381469727,9.25,9.25,6000,0.0,0.0
2023-05-17 00:00:00-04:00,9.109999656677246,9.510000228881836,9.0,9.5,14400,0.0,0.0
2023-05-18 00:00:00-04:00,9.149999618530273,9.460000038146973,9.0,9.289999961853027,4900,0.0,0.0
2023-05-19 00:00:00-04:00,9.149999618530273,9.420000076293945,9.039999961853027,9.229999542236328,7100,0.0,0.0
2023-05-22 00:00:00-04:00,9.479999542236328,10.010000228881836,9.229999542236328,9.479999542236328,17400,0.0,0.0
2023-05-23 00:00:00-04:00,9.539999961853027,9.8100004196167,9.300000190734863,9.449999809265137,9700,0.0,0.0
2023-05-24 00:00:00-04:00,9.300000190734863,9.550000190734863,9.300000190734863,9.329999923706055,900,0.0,0.0
2023-05-25 00:00:00-04:00,9.800000190734863,9.800000190734863,9.40999984741211,9.40999984741211,1800,0.0,0.0
2023-05-26 00:00:00-04:00,9.40999984741211,9.40999984741211,9.40999984741211,9.40999984741211,400,0.0,0.0
2023-05-30 00:00:00-04:00,9.5,10.050000190734863,9.380000114440918,9.449999809265137,17200,0.0,0.0
2023-05-31 00:00:00-04:00,9.569999694824219,9.65999984741211,9.40999984741211,9.65999984741211,5500,0.0,0.0
2023-06-01 00:00:00-04:00,9.579999923706055,9.619999885559082,9.5,9.619999885559082,5500,0.0,0.0
2023-06-02 00:00:00-04:00,9.539999961853027,9.8100004196167,9.350000381469727,9.8100004196167,13100,0.0,0.0
2023-06-05 00:00:00-04:00,9.640000343322754,9.770000457763672,9.5,9.630000114440918,3800,0.0,0.0
2023-06-06 00:00:00-04:00,9.550000190734863,10.170000076293945,9.510000228881836,10.140000343322754,3800,0.0,0.0
2023-06-07 00:00:00-04:00,10.270000457763672,10.65999984741211,9.890000343322754,10.279999732971191,7800,0.0,0.0
2023-06-08 00:00:00-04:00,10.300000190734863,11.260000228881836,10.100000381469727,10.390000343322754,20200,0.0,0.0
2023-06-09 00:00:00-04:00,10.300000190734863,10.850000381469727,9.9399995803833,10.40999984741211,13500,0.0,0.0
2023-06-12 00:00:00-04:00,10.869999885559082,11.25,10.649999618530273,10.770000457763672,14000,0.0,0.0
2023-06-13 00:00:00-04:00,10.579999923706055,11.020000457763672,10.4399995803833,10.979999542236328,7300,0.0,0.0
2023-06-14 00:00:00-04:00,10.670000076293945,11.0,10.609999656677246,11.0,4200,0.0,0.0
2023-06-15 00:00:00-04:00,10.220000267028809,10.989999771118164,10.220000267028809,10.3100004196167,13200,0.0,0.0
2023-06-16 00:00:00-04:00,10.5,10.949999809265137,9.40999984741211,10.949999809265137,19700,0.0,0.0
2023-06-20 00:00:00-04:00,10.619999885559082,10.619999885559082,9.890000343322754,10.010000228881836,10900,0.0,0.0
2023-06-21 00:00:00-04:00,10.100000381469727,10.489999771118164,9.899999618530273,10.25,4300,0.0,0.0
2023-06-22 00:00:00-04:00,9.770000457763672,10.039999961853027,9.039999961853027,9.460000038146973,25300,0.0,0.0
2023-06-23 00:00:00-04:00,9.460000038146973,9.460000038146973,9.220000267028809,9.220000267028809,6100,0.0,0.0
2023-06-26 00:00:00-04:00,9.34000015258789,9.779999732971191,9.149999618530273,9.279999732971191,9700,0.0,0.0
2023-06-27 00:00:00-04:00,9.670000076293945,10.029999732971191,9.449999809265137,9.520000457763672,8300,0.0,0.0
2023-06-28 00:00:00-04:00,9.460000038146973,10.149999618530273,9.460000038146973,9.5,8700,0.0,0.0
2023-06-29 00:00:00-04:00,10.029999732971191,10.029999732971191,9.399999618530273,9.479999542236328,7100,0.0,0.0
2023-06-30 00:00:00-04:00,9.699999809265137,10.300000190734863,9.510000228881836,9.699999809265137,10900,0.0,0.0
2023-07-03 00:00:00-04:00,9.710000038146973,10.0,9.59000015258789,9.600000381469727,5400,0.0,0.0
2023-07-05 00:00:00-04:00,9.970000267028809,10.399999618530273,9.550000190734863,9.619999885559082,5000,0.0,0.0
2023-07-06 00:00:00-04:00,9.710000038146973,9.75,9.239999771118164,9.399999618530273,3000,0.0,0.0
2023-07-07 00:00:00-04:00,9.680000305175781,9.829999923706055,9.40999984741211,9.40999984741211,4400,0.0,0.0
2023-07-10 00:00:00-04:00,9.6899995803833,10.100000381469727,9.520000457763672,9.859999656677246,5700,0.0,0.0
2023-07-11 00:00:00-04:00,9.819999694824219,10.0,9.350000381469727,9.579999923706055,15000,0.0,0.0
2023-07-12 00:00:00-04:00,9.5,9.619999885559082,9.399999618530273,9.40999984741211,15900,0.0,0.0
2023-07-13 00:00:00-04:00,9.470000267028809,9.880000114440918,9.449999809265137,9.6899995803833,8200,0.0,0.0
2023-07-14 00:00:00-04:00,9.789999961853027,9.789999961853027,9.6899995803833,9.699999809265137,1400,0.0,0.0
2023-07-17 00:00:00-04:00,9.699999809265137,9.8100004196167,9.510000228881836,9.699999809265137,6200,0.0,0.0
2023-07-18 00:00:00-04:00,9.670000076293945,9.84000015258789,9.59000015258789,9.59000015258789,5800,0.0,0.0
2023-07-19 00:00:00-04:00,9.739999771118164,10.020000457763672,9.699999809265137,9.729999542236328,7200,0.0,0.0
2023-07-20 00:00:00-04:00,9.710000038146973,9.800000190734863,9.699999809265137,9.800000190734863,1000,0.0,0.0
2023-07-21 00:00:00-04:00,9.989999771118164,10.25,9.930000305175781,10.25,3100,0.0,0.0
2023-07-24 00:00:00-04:00,9.710000038146973,10.0,9.65999984741211,10.0,7500,0.0,0.0
2023-07-25 00:00:00-04:00,10.0,10.0,9.960000038146973,9.960000038146973,1100,0.0,0.0
2023-07-26 00:00:00-04:00,9.649999618530273,9.970000267028809,9.649999618530273,9.970000267028809,600,0.0,0.0
2023-07-27 00:00:00-04:00,9.899999618530273,9.899999618530273,9.75,9.850000381469727,1500,0.0,0.0
2023-07-28 00:00:00-04:00,9.75,10.09000015258789,9.699999809265137,9.890000343322754,6800,0.0,0.0
2023-07-31 00:00:00-04:00,9.300000190734863,9.859999656677246,9.300000190734863,9.479999542236328,6200,0.0,0.0
2023-08-01 00:00:00-04:00,9.680000305175781,9.869999885559082,9.430000305175781,9.609999656677246,11600,0.0,0.0
2023-08-02 00:00:00-04:00,9.649999618530273,9.869999885559082,9.649999618530273,9.869999885559082,1200,0.0,0.0
2023-08-03 00:00:00-04:00,9.869999885559082,10.149999618530273,9.670000076293945,9.899999618530273,8400,0.0,0.0
2023-08-04 00:00:00-04:00,10.010000228881836,10.010000228881836,9.59000015258789,9.720000267028809,3300,0.0,0.0
2023-08-07 00:00:00-04:00,9.84000015258789,9.84000015258789,9.100000381469727,9.609999656677246,12500,0.0,0.0
2023-08-08 00:00:00-04:00,9.279999732971191,9.850000381469727,9.079999923706055,9.1899995803833,6800,0.0,0.0
2023-08-09 00:00:00-04:00,9.25,10.069999694824219,8.760000228881836,9.609999656677246,15100,0.0,0.0
2023-08-10 00:00:00-04:00,9.59000015258789,10.09000015258789,9.420000076293945,9.529999732971191,7600,0.0,0.0
2023-08-11 00:00:00-04:00,9.5,9.9399995803833,9.239999771118164,9.9399995803833,3700,0.0,0.0
2023-08-14 00:00:00-04:00,9.680000305175781,9.899999618530273,9.529999732971191,9.899999618530273,8500,0.0,0.0
2023-08-15 00:00:00-04:00,9.850000381469727,9.850000381469727,9.699999809265137,9.710000038146973,2700,0.0,0.0
2023-08-16 00:00:00-04:00,9.699999809265137,9.890000343322754,9.369999885559082,9.59000015258789,9500,0.0,0.0
2023-08-17 00:00:00-04:00,9.5,9.8100004196167,9.5,9.649999618530273,5500,0.0,0.0
2023-08-18 00:00:00-04:00,9.319999694824219,9.899999618530273,9.319999694824219,9.760000228881836,3200,0.0,0.0
2023-08-21 00:00:00-04:00,9.6899995803833,9.770000457763672,9.550000190734863,9.699999809265137,2800,0.0,0.0
2023-08-22 00:00:00-04:00,9.569999694824219,10.149999618530273,9.5,9.680000305175781,6500,0.0,0.0
2023-08-23 00:00:00-04:00,9.899999618530273,9.989999771118164,9.789999961853027,9.989999771118164,1600,0.0,0.0
2023-08-24 00:00:00-04:00,9.649999618530273,9.970000267028809,9.609999656677246,9.859999656677246,1300,0.0,0.0
2023-08-25 00:00:00-04:00,9.880000114440918,9.880000114440918,9.880000114440918,9.880000114440918,400,0.0,0.0
2023-08-28 00:00:00-04:00,9.880000114440918,9.880000114440918,9.880000114440918,9.880000114440918,0,0.0,0.0
2023-08-29 00:00:00-04:00,9.960000038146973,10.289999961853027,9.850000381469727,10.020000457763672,10500,0.0,0.0
2023-08-30 00:00:00-04:00,10.0,10.890000343322754,10.0,10.199999809265137,4400,0.0,0.0
2023-08-31 00:00:00-04:00,10.180000305175781,10.869999885559082,10.0,10.4399995803833,1200,0.0,0.0
2023-09-01 00:00:00-04:00,10.0,10.3100004196167,9.90999984741211,9.90999984741211,2100,0.0,0.0
2023-09-05 00:00:00-04:00,9.90999984741211,10.229999542236328,9.859999656677246,9.859999656677246,3700,0.0,0.0
2023-09-06 00:00:00-04:00,9.800000190734863,10.710000038146973,9.569999694824219,9.800000190734863,3800,0.0,0.0
2023-09-07 00:00:00-04:00,9.600000381469727,9.8100004196167,9.600000381469727,9.729999542236328,3800,0.0,0.0
2023-09-08 00:00:00-04:00,9.899999618530273,10.25,9.609999656677246,9.609999656677246,1900,0.0,0.0
2023-09-11 00:00:00-04:00,9.710000038146973,10.279999732971191,9.649999618530273,9.649999618530273,5300,0.0,0.0
2023-09-12 00:00:00-04:00,9.630000114440918,9.75,9.5600004196167,9.640000343322754,2900,0.0,0.0
2023-09-13 00:00:00-04:00,9.970000267028809,9.970000267028809,9.970000267028809,9.970000267028809,200,0.0,0.0
2023-09-14 00:00:00-04:00,9.739999771118164,10.300000190734863,9.569999694824219,10.300000190734863,8100,0.0,0.0
2023-09-15 00:00:00-04:00,9.649999618530273,9.649999618530273,9.569999694824219,9.569999694824219,2600,0.0,0.0
2023-09-18 00:00:00-04:00,9.65999984741211,9.6899995803833,9.65999984741211,9.6899995803833,600,0.0,0.0
2023-09-19 00:00:00-04:00,9.6899995803833,9.6899995803833,9.6899995803833,9.6899995803833,100,0.0,0.0
2023-09-20 00:00:00-04:00,9.569999694824219,9.710000038146973,9.489999771118164,9.710000038146973,4400,0.0,0.0
2023-09-21 00:00:00-04:00,9.960000038146973,9.960000038146973,9.699999809265137,9.9399995803833,2300,0.0,0.0
2023-09-22 00:00:00-04:00,9.75,10.319999694824219,9.699999809265137,10.029999732971191,6000,0.0,0.0
2023-09-25 00:00:00-04:00,9.25,9.970000267028809,9.25,9.850000381469727,2900,0.0,0.0
2023-09-26 00:00:00-04:00,9.880000114440918,9.880000114440918,9.399999618530273,9.5,2200,0.0,0.0
2023-09-27 00:00:00-04:00,9.5,9.630000114440918,9.369999885559082,9.5,5800,0.0,0.0
2023-09-28 00:00:00-04:00,9.210000038146973,9.520000457763672,9.109999656677246,9.109999656677246,8100,0.0,0.0
2023-09-29 00:00:00-04:00,9.149999618530273,9.479999542236328,8.770000457763672,9.25,8400,0.0,0.0
2023-10-02 00:00:00-04:00,9.0,9.100000381469727,8.8100004196167,8.979999542236328,5200,0.0,0.0
2023-10-03 00:00:00-04:00,8.920000076293945,8.949999809265137,8.760000228881836,8.949999809265137,2100,0.0,0.0
2023-10-04 00:00:00-04:00,8.479999542236328,9.25,8.210000038146973,8.850000381469727,7800,0.0,0.0
2023-10-05 00:00:00-04:00,8.5,9.34000015258789,8.359999656677246,8.670000076293945,7900,0.0,0.0
2023-10-06 00:00:00-04:00,8.510000228881836,9.010000228881836,8.399999618530273,8.399999618530273,9800,0.0,0.0
2023-10-09 00:00:00-04:00,8.399999618530273,8.960000038146973,8.319999694824219,8.59000015258789,6900,0.0,0.0
2023-10-10 00:00:00-04:00,8.75,8.75,8.220000267028809,8.3100004196167,11300,0.0,0.0
2023-10-11 00:00:00-04:00,8.300000190734863,8.470000267028809,7.760000228881836,8.010000228881836,23600,0.0,0.0
2023-10-12 00:00:00-04:00,8.010000228881836,8.390000343322754,8.010000228881836,8.140000343322754,4200,0.0,0.0
2023-10-13 00:00:00-04:00,8.380000114440918,8.380000114440918,7.760000228881836,8.119999885559082,6200,0.0,0.0
2023-10-16 00:00:00-04:00,8.09000015258789,8.100000381469727,7.949999809265137,7.960000038146973,7200,0.0,0.0
2023-10-17 00:00:00-04:00,8.180000305175781,8.180000305175781,7.960000038146973,7.960000038146973,3600,0.0,0.0
2023-10-18 00:00:00-04:00,7.949999809265137,8.039999961853027,7.949999809265137,8.020000457763672,3100,0.0,0.0
2023-10-19 00:00:00-04:00,8.020000457763672,8.170000076293945,7.829999923706055,8.039999961853027,11300,0.0,0.0
2023-10-20 00:00:00-04:00,8.170000076293945,8.170000076293945,8.020000457763672,8.029999732971191,15200,0.0,0.0
2023-10-23 00:00:00-04:00,8.09000015258789,8.09000015258789,8.020000457763672,8.020000457763672,1500,0.0,0.0
2023-10-24 00:00:00-04:00,8.15999984741211,8.170000076293945,8.020000457763672,8.020000457763672,1000,0.0,0.0
2023-10-25 00:00:00-04:00,8.029999732971191,8.100000381469727,8.029999732971191,8.029999732971191,1100,0.0,0.0
2023-10-26 00:00:00-04:00,8.029999732971191,8.170000076293945,7.769999980926514,8.010000228881836,4300,0.0,0.0
2023-10-27 00:00:00-04:00,8.09000015258789,8.09000015258789,7.78000020980835,8.09000015258789,1200,0.0,0.0
2023-10-30 00:00:00-04:00,8.029999732971191,8.050000190734863,7.840000152587891,7.980000019073486,800,0.0,0.0
2023-10-31 00:00:00-04:00,7.840000152587891,7.840000152587891,7.5,7.5,700,0.0,0.0
2023-11-01 00:00:00-04:00,7.5,8.0,7.449999809265137,8.0,5400,0.0,0.0
2023-11-02 00:00:00-04:00,8.149999618530273,8.180000305175781,8.149999618530273,8.180000305175781,1400,0.0,0.0
2023-11-03 00:00:00-04:00,8.180000305175781,8.319999694824219,8.100000381469727,8.319999694824219,1700,0.0,0.0
2023-11-06 00:00:00-05:00,8.100000381469727,8.470000267028809,8.100000381469727,8.4399995803833,1300,0.0,0.0
2023-11-07 00:00:00-05:00,7.989999771118164,8.460000038146973,7.980000019073486,8.069999694824219,1500,0.0,0.0
2023-11-08 00:00:00-05:00,8.239999771118164,8.239999771118164,8.239999771118164,8.239999771118164,4900,0.0,0.0
2023-11-09 00:00:00-05:00,9.279999732971191,9.279999732971191,8.789999961853027,9.0600004196167,8700,0.0,0.0
2023-11-10 00:00:00-05:00,9.350000381469727,9.449999809265137,8.800000190734863,9.390000343322754,3800,0.0,0.0
2023-11-13 00:00:00-05:00,9.1899995803833,9.34000015258789,8.90999984741211,8.90999984741211,2200,0.0,0.0
2023-11-14 00:00:00-05:00,9.289999961853027,9.289999961853027,9.25,9.25,500,0.0,0.0
2023-11-15 00:00:00-05:00,9.25,9.25,9.25,9.25,0,0.0,0.0
2023-11-16 00:00:00-05:00,8.800000190734863,8.800000190734863,8.25,8.59000015258789,6500,0.0,0.0
2023-11-17 00:00:00-05:00,8.760000228881836,8.979999542236328,8.350000381469727,8.979999542236328,700,0.0,0.0
2023-11-20 00:00:00-05:00,9.65999984741211,9.65999984741211,8.989999771118164,9.59000015258789,1200,0.0,0.0
2023-11-21 00:00:00-05:00,8.960000038146973,9.800000190734863,8.960000038146973,9.489999771118164,1600,0.0,0.0
2023-11-22 00:00:00-05:00,9.199999809265137,9.199999809265137,9.199999809265137,9.199999809265137,400,0.0,0.0
2023-11-24 00:00:00-05:00,9.649999618530273,9.649999618530273,9.649999618530273,9.649999618530273,400,0.0,0.0
2023-11-27 00:00:00-05:00,9.399999618530273,9.449999809265137,9.010000228881836,9.15999984741211,1600,0.0,0.0
2023-11-28 00:00:00-05:00,9.569999694824219,9.569999694824219,9.199999809265137,9.199999809265137,700,0.0,0.0
2023-11-29 00:00:00-05:00,9.199999809265137,9.199999809265137,9.199999809265137,9.199999809265137,3400,0.0,0.0
2023-11-30 00:00:00-05:00,9.5,9.699999809265137,8.699999809265137,8.699999809265137,7100,0.0,0.0
2023-12-01 00:00:00-05:00,9.699999809265137,9.699999809265137,9.0,9.0,5200,0.0,0.0
2023-12-04 00:00:00-05:00,9.600000381469727,9.600000381469727,8.899999618530273,9.039999961853027,3500,0.0,0.0
2023-12-05 00:00:00-05:00,9.039999961853027,9.039999961853027,8.600000381469727,8.600000381469727,500,0.0,0.0
2023-12-06 00:00:00-05:00,9.109999656677246,9.460000038146973,9.100000381469727,9.25,4400,0.0,0.0
2023-12-07 00:00:00-05:00,9.800000190734863,9.800000190734863,8.600000381469727,9.609999656677246,2500,0.0,0.0
2023-12-08 00:00:00-05:00,8.930000305175781,8.930000305175781,8.600000381469727,8.899999618530273,3000,0.0,0.0
2023-12-11 00:00:00-05:00,9.460000038146973,9.460000038146973,8.970000267028809,9.199999809265137,3300,0.0,0.0
2023-12-12 00:00:00-05:00,9.0,9.0,9.0,9.0,400,0.0,0.0
2023-12-13 00:00:00-05:00,8.800000190734863,9.220000267028809,8.800000190734863,9.149999618530273,2200,0.0,0.0
2023-12-14 00:00:00-05:00,9.270000457763672,9.270000457763672,9.0,9.109999656677246,1300,0.0,0.0
2023-12-15 00:00:00-05:00,9.109999656677246,9.4399995803833,8.920000076293945,8.920000076293945,1400,0.0,0.0
2023-12-18 00:00:00-05:00,9.25,9.4399995803833,9.25,9.4399995803833,2400,0.0,0.0
2023-12-19 00:00:00-05:00,9.0,9.600000381469727,9.0,9.600000381469727,1700,0.0,0.0
2023-12-20 00:00:00-05:00,9.789999961853027,10.270000457763672,9.75,9.75,5900,0.0,0.0
2023-12-21 00:00:00-05:00,9.800000190734863,10.140000343322754,9.300000190734863,9.75,1900,0.0,0.0
2023-12-22 00:00:00-05:00,10.140000343322754,10.140000343322754,9.729999542236328,9.8100004196167,1300,0.0,0.0
2023-12-26 00:00:00-05:00,9.8100004196167,9.8100004196167,9.3100004196167,9.680000305175781,2100,0.0,0.0
2023-12-27 00:00:00-05:00,9.75,10.029999732971191,9.75,9.899999618530273,1000,0.0,0.0
2023-12-28 00:00:00-05:00,9.640000343322754,10.069999694824219,9.640000343322754,10.069999694824219,1300,0.0,0.0
2023-12-29 00:00:00-05:00,9.619999885559082,10.0,9.359999656677246,9.420000076293945,2900,0.0,0.0
2024-01-02 00:00:00-05:00,9.930000305175781,10.140000343322754,9.899999618530273,10.140000343322754,1500,0.0,0.0
2024-01-03 00:00:00-05:00,10.289999961853027,10.34000015258789,9.899999618530273,9.899999618530273,3500,0.0,0.0
2024-01-04 00:00:00-05:00,9.930000305175781,9.989999771118164,9.930000305175781,9.9399995803833,2400,0.0,0.0
2024-01-05 00:00:00-05:00,9.9399995803833,10.0,9.5,9.5,4200,0.0,0.0
2024-01-08 00:00:00-05:00,9.699999809265137,10.399999618530273,9.5,9.5,4300,0.0,0.0
2024-01-09 00:00:00-05:00,9.3100004196167,9.869999885559082,9.3100004196167,9.869999885559082,500,0.0,0.0
2024-01-10 00:00:00-05:00,9.9399995803833,9.979999542236328,9.75,9.979999542236328,2500,0.0,0.0
2024-01-11 00:00:00-05:00,9.699999809265137,10.069999694824219,9.600000381469727,9.75,2800,0.0,0.0
2024-01-12 00:00:00-05:00,9.75,9.75,9.699999809265137,9.699999809265137,1400,0.0,0.0
2024-01-16 00:00:00-05:00,10.039999961853027,10.039999961853027,9.699999809265137,9.699999809265137,1100,0.0,0.0
2024-01-17 00:00:00-05:00,10.029999732971191,10.029999732971191,10.029999732971191,10.029999732971191,100,0.0,0.0
2024-01-18 00:00:00-05:00,9.789999961853027,9.789999961853027,9.699999809265137,9.699999809265137,2400,0.0,0.0
2024-01-19 00:00:00-05:00,9.550000190734863,9.550000190734863,9.350000381469727,9.350000381469727,6200,0.0,0.0
2024-01-22 00:00:00-05:00,9.350000381469727,9.350000381469727,9.130000114440918,9.300000190734863,3300,0.0,0.0
2024-01-23 00:00:00-05:00,9.300000190734863,9.300000190734863,9.25,9.25,1600,0.0,0.0
2024-01-24 00:00:00-05:00,9.529999732971191,9.529999732971191,9.149999618530273,9.5,2200,0.0,0.0
2024-01-25 00:00:00-05:00,9.699999809265137,9.699999809265137,9.699999809265137,9.699999809265137,300,0.0,0.0
2024-01-26 00:00:00-05:00,9.5,9.880000114440918,9.5,9.720000267028809,4800,0.0,0.0
2024-01-29 00:00:00-05:00,10.09000015258789,10.1899995803833,10.09000015258789,10.1899995803833,1600,0.0,0.0
2024-01-30 00:00:00-05:00,10.25,10.390000343322754,10.199999809265137,10.25,2100,0.0,0.0
2024-01-31 00:00:00-05:00,10.300000190734863,10.59000015258789,10.289999961853027,10.5,6300,0.0,0.0
2024-02-01 00:00:00-05:00,10.5,10.6899995803833,10.5,10.6899995803833,6500,0.0,0.0
2024-02-02 00:00:00-05:00,10.6899995803833,10.6899995803833,10.600000381469727,10.670000076293945,700,0.0,0.0
2024-02-05 00:00:00-05:00,10.59000015258789,10.59000015258789,10.079999923706055,10.100000381469727,1500,0.0,0.0
2024-02-06 00:00:00-05:00,10.670000076293945,10.989999771118164,10.670000076293945,10.970000267028809,6300,0.0,0.0
2024-02-07 00:00:00-05:00,10.880000114440918,11.5,10.510000228881836,11.5,3900,0.0,0.0
2024-02-08 00:00:00-05:00,10.850000381469727,11.5,10.850000381469727,11.180000305175781,2400,0.0,0.0
2024-02-09 00:00:00-05:00,11.5,11.5,11.119999885559082,11.119999885559082,400,0.0,0.0
2024-02-12 00:00:00-05:00,11.279999732971191,11.279999732971191,11.1899995803833,11.279999732971191,2600,0.0,0.0
2024-02-13 00:00:00-05:00,10.9399995803833,11.300000190734863,10.9399995803833,11.300000190734863,3500,0.0,0.0
2024-02-14 00:00:00-05:00,11.489999771118164,11.949999809265137,11.489999771118164,11.949999809265137,2100,0.0,0.0
2024-02-15 00:00:00-05:00,11.949999809265137,12.1899995803833,11.899999618530273,11.899999618530273,5500,0.0,0.0
2024-02-16 00:00:00-05:00,11.75,11.75,11.75,11.75,600,0.0,0.0
2024-02-20 00:00:00-05:00,12.25,12.25,11.9399995803833,12.239999771118164,1300,0.0,0.0
2024-02-21 00:00:00-05:00,12.199999809265137,12.25,11.84000015258789,12.100000381469727,4900,0.0,0.0
2024-02-22 00:00:00-05:00,12.100000381469727,12.149999618530273,11.710000038146973,12.140000343322754,6700,0.0,0.0
2024-02-23 00:00:00-05:00,12.140000343322754,12.270000457763672,11.529999732971191,11.630000114440918,1800,0.0,0.0
2024-02-26 00:00:00-05:00,11.800000190734863,12.260000228881836,11.800000190734863,12.100000381469727,2300,0.0,0.0
2024-02-27 00:00:00-05:00,12.09000015258789,12.100000381469727,11.5,12.100000381469727,2300,0.0,0.0
2024-02-28 00:00:00-05:00,12.180000305175781,12.470000267028809,12.079999923706055,12.350000381469727,10000,0.0,0.0
2024-02-29 00:00:00-05:00,12.399999618530273,12.470000267028809,12.15999984741211,12.15999984741211,3400,0.0,0.0
2024-03-01 00:00:00-05:00,12.229999542236328,12.279999732971191,11.680000305175781,11.680000305175781,1800,0.0,0.0
2024-03-04 00:00:00-05:00,11.619999885559082,11.899999618530273,11.199999809265137,11.899999618530273,4600,0.0,0.0
2024-03-05 00:00:00-05:00,11.770000457763672,11.90999984741211,11.550000190734863,11.550000190734863,1500,0.0,0.0
2024-03-06 00:00:00-05:00,11.5,11.65999984741211,10.75,10.75,6900,0.0,0.0
2024-03-07 00:00:00-05:00,10.779999732971191,11.229999542236328,10.739999771118164,10.930000305175781,1800,0.0,0.0
2024-03-08 00:00:00-05:00,11.1899995803833,11.1899995803833,11.0,11.1899995803833,1600,0.0,0.0
2024-03-11 00:00:00-04:00,11.1899995803833,11.1899995803833,11.1899995803833,11.1899995803833,300,0.0,0.0
2024-03-12 00:00:00-04:00,11.25,11.350000381469727,11.199999809265137,11.199999809265137,2400,0.0,0.0
2024-03-13 00:00:00-04:00,11.390000343322754,11.390000343322754,11.199999809265137,11.34000015258789,1100,0.0,0.0
2024-03-14 00:00:00-04:00,10.329999923706055,10.5,10.140000343322754,10.5,700,0.0,0.0
2024-03-15 00:00:00-04:00,10.760000228881836,11.100000381469727,10.569999694824219,10.850000381469727,1600,0.0,0.0
2024-03-18 00:00:00-04:00,11.079999923706055,11.079999923706055,10.789999961853027,11.069999694824219,5800,0.0,0.0
2024-03-19 00:00:00-04:00,10.449999809265137,10.619999885559082,10.449999809265137,10.619999885559082,500,0.0,0.0
2024-03-20 00:00:00-04:00,11.4399995803833,11.4399995803833,10.680000305175781,10.6899995803833,8000,0.0,0.0
2024-03-21 00:00:00-04:00,13.270000457763672,13.649999618530273,12.800000190734863,13.399999618530273,74000,0.0,0.0
2024-03-22 00:00:00-04:00,13.600000381469727,14.25,13.119999885559082,14.239999771118164,25300,0.0,0.0
2024-03-25 00:00:00-04:00,14.350000381469727,14.350000381469727,13.699999809265137,13.699999809265137,11300,0.0,0.0
2024-03-26 00:00:00-04:00,13.699999809265137,13.710000038146973,13.260000228881836,13.619999885559082,2700,0.0,0.0
2024-03-27 00:00:00-04:00,13.380000114440918,13.800000190734863,13.199999809265137,13.210000038146973,12800,0.0,0.0
2024-03-28 00:00:00-04:00,13.520000457763672,14.0,13.300000190734863,13.350000381469727,5200,0.0,0.0
2024-04-01 00:00:00-04:00,13.890000343322754,14.199999809265137,13.5,14.170000076293945,15600,0.0,0.0
2024-04-02 00:00:00-04:00,14.180000305175781,14.180000305175781,13.75,13.949999809265137,3500,0.0,0.0
2024-04-03 00:00:00-04:00,13.75,14.170000076293945,13.75,13.949999809265137,5000,0.0,0.0
2024-04-04 00:00:00-04:00,14.239999771118164,14.760000228881836,14.220000267028809,14.3100004196167,10500,0.0,0.0
2024-04-05 00:00:00-04:00,14.75,15.0,14.550000190734863,14.859999656677246,13300,0.0,0.0
2024-04-08 00:00:00-04:00,15.050000190734863,16.739999771118164,15.029999732971191,15.819999694824219,23200,0.0,0.0
2024-04-09 00:00:00-04:00,16.079999923706055,17.719999313354492,16.079999923706055,17.510000228881836,21500,0.0,0.0
2024-04-10 00:00:00-04:00,16.969999313354492,17.639999389648438,16.15999984741211,16.270000457763672,14300,0.0,0.0
2024-04-11 00:00:00-04:00,16.530000686645508,16.850000381469727,16.270000457763672,16.270000457763672,4500,0.0,0.0
2024-04-12 00:00:00-04:00,16.5,16.940000534057617,15.720000267028809,16.0,6500,0.0,0.0
2024-04-15 00:00:00-04:00,16.059999465942383,16.860000610351562,16.0,16.549999237060547,7500,0.0,0.0
2024-04-16 00:00:00-04:00,16.030000686645508,16.610000610351562,16.030000686645508,16.5,6500,0.0,0.0
2024-04-17 00:00:00-04:00,17.0,17.0,16.510000228881836,16.510000228881836,2000,0.0,0.0
2024-04-18 00:00:00-04:00,16.399999618530273,16.510000228881836,16.079999923706055,16.510000228881836,4100,0.0,0.0
2024-04-19 00:00:00-04:00,16.290000915527344,16.440000534057617,15.989999771118164,16.440000534057617,3700,0.0,0.0
2024-04-22 00:00:00-04:00,16.260000228881836,17.6200008392334,16.260000228881836,16.93000030517578,14900,0.0,0.0
2024-04-23 00:00:00-04:00,16.8700008392334,17.639999389648438,16.8700008392334,17.1200008392334,17400,0.0,0.0
2024-04-24 00:00:00-04:00,17.40999984741211,17.639999389648438,17.260000228881836,17.389999389648438,5300,0.0,0.0
2024-04-25 00:00:00-04:00,17.25,17.600000381469727,17.100000381469727,17.299999237060547,7800,0.0,0.0
2024-04-26 00:00:00-04:00,17.34000015258789,17.639999389648438,17.270000457763672,17.309999465942383,11400,0.0,0.0
2024-04-29 00:00:00-04:00,17.350000381469727,19.149999618530273,16.770000457763672,17.90999984741211,18400,0.0,0.0
2024-04-30 00:00:00-04:00,17.3700008392334,18.739999771118164,17.0,17.040000915527344,28700,0.0,0.0
2024-05-01 00:00:00-04:00,17.1200008392334,17.1200008392334,15.859999656677246,16.59000015258789,12800,0.0,0.0
2024-05-02 00:00:00-04:00,16.399999618530273,16.399999618530273,15.710000038146973,16.020000457763672,6500,0.0,0.0
2024-05-03 00:00:00-04:00,15.359999656677246,15.710000038146973,15.350000381469727,15.59000015258789,12600,0.0,0.0
2024-05-06 00:00:00-04:00,15.829999923706055,15.890000343322754,14.779999732971191,15.180000305175781,18800,0.0,0.0
2024-05-07 00:00:00-04:00,15.079999923706055,15.5,15.079999923706055,15.210000038146973,4000,0.0,0.0
2024-05-08 00:00:00-04:00,15.59000015258789,15.90999984741211,15.539999961853027,15.59000015258789,4000,0.0,0.0
2024-05-09 00:00:00-04:00,16.100000381469727,16.479999542236328,15.829999923706055,16.260000228881836,6300,0.0,0.0
2024-05-10 00:00:00-04:00,16.280000686645508,17.889999389648438,16.0,16.0,12600,0.0,0.0
2024-05-13 00:00:00-04:00,16.110000610351562,16.110000610351562,14.970000267028809,15.859999656677246,7900,0.0,0.0
2024-05-14 00:00:00-04:00,16.280000686645508,16.43000030517578,15.369999885559082,15.369999885559082,5100,0.0,0.0
2024-05-15 00:00:00-04:00,14.5,14.960000038146973,10.899999618530273,12.069999694824219,107600,0.0,0.0
2024-05-16 00:00:00-04:00,12.260000228881836,12.640000343322754,11.260000228881836,11.359999656677246,24600,0.0,0.0
2024-05-17 00:00:00-04:00,11.199999809265137,12.069999694824219,10.949999809265137,11.960000038146973,14800,0.0,0.0
2024-05-20 00:00:00-04:00,11.609999656677246,11.989999771118164,10.760000228881836,11.0600004196167,23700,0.0,0.0
2024-05-21 00:00:00-04:00,10.880000114440918,11.640000343322754,10.880000114440918,11.640000343322754,6200,0.0,0.0
2024-05-22 00:00:00-04:00,11.869999885559082,11.869999885559082,11.40999984741211,11.779999732971191,8800,0.0,0.0
2024-05-23 00:00:00-04:00,11.539999961853027,11.90999984741211,11.229999542236328,11.899999618530273,4100,0.0,0.0
2024-05-24 00:00:00-04:00,11.619999885559082,12.329999923706055,11.489999771118164,12.329999923706055,2000,0.0,0.0
2024-05-28 00:00:00-04:00,12.300000190734863,12.449999809265137,11.369999885559082,11.680000305175781,14900,0.0,0.0
2024-05-29 00:00:00-04:00,12.020000457763672,12.020000457763672,11.329999923706055,11.640000343322754,5800,0.0,0.0
2024-05-30 00:00:00-04:00,11.640000343322754,11.960000038146973,11.59000015258789,11.890000343322754,6300,0.0,0.0
2024-05-31 00:00:00-04:00,11.8100004196167,12.020000457763672,11.8100004196167,11.859999656677246,2900,0.0,0.0
2024-06-03 00:00:00-04:00,11.75,11.75,10.84000015258789,11.390000343322754,22700,0.0,0.0
2024-06-04 00:00:00-04:00,11.380000114440918,11.380000114440918,11.0,11.029999732971191,6400,0.0,0.0
2024-06-05 00:00:00-04:00,10.960000038146973,11.479999542236328,10.960000038146973,11.329999923706055,7400,0.0,0.0
2024-06-06 00:00:00-04:00,11.180000305175781,11.25,11.0,11.100000381469727,7200,0.0,0.0
2024-06-07 00:00:00-04:00,11.0,11.34000015258789,10.699999809265137,11.09000015258789,9500,0.0,0.0
2024-06-10 00:00:00-04:00,10.789999961853027,10.9399995803833,10.789999961853027,10.819999694824219,4100,0.0,0.0
2024-06-11 00:00:00-04:00,10.75,10.770000457763672,10.1899995803833,10.720000267028809,9100,0.0,0.0
2024-06-12 00:00:00-04:00,10.800000190734863,11.380000114440918,10.800000190734863,11.119999885559082,8800,0.0,0.0
2024-06-13 00:00:00-04:00,10.789999961853027,11.170000076293945,10.789999961853027,11.020000457763672,4800,0.0,0.0
2024-06-14 00:00:00-04:00,10.800000190734863,11.020000457763672,10.5600004196167,10.960000038146973,4300,0.0,0.0
2024-06-17 00:00:00-04:00,12.020000457763672,12.880000114440918,11.800000190734863,12.880000114440918,51200,0.0,0.0
2024-06-18 00:00:00-04:00,13.1899995803833,13.789999961853027,12.800000190734863,12.869999885559082,38600,0.0,0.0
2024-06-20 00:00:00-04:00,13.5600004196167,13.960000038146973,13.100000381469727,13.550000190734863,20500,0.0,0.0
2024-06-21 00:00:00-04:00,13.680000305175781,13.899999618530273,13.100000381469727,13.109999656677246,16000,0.0,0.0
2024-06-24 00:00:00-04:00,13.359999656677246,13.899999618530273,13.109999656677246,13.420000076293945,11700,0.0,0.0
2024-06-25 00:00:00-04:00,13.550000190734863,14.600000381469727,13.550000190734863,14.220000267028809,15000,0.0,0.0
2024-06-26 00:00:00-04:00,14.199999809265137,14.569999694824219,13.550000190734863,13.84000015258789,13500,0.0,0.0
2024-06-27 00:00:00-04:00,14.029999732971191,14.029999732971191,13.329999923706055,13.34000015258789,9300,0.0,0.0
2024-06-28 00:00:00-04:00,13.699999809265137,13.699999809265137,13.149999618530273,13.649999618530273,7600,0.0,0.0
2024-07-01 00:00:00-04:00,13.649999618530273,13.670000076293945,13.40999984741211,13.5,7800,0.0,0.0
2024-07-02 00:00:00-04:00,13.6899995803833,13.770000457763672,13.180000305175781,13.180000305175781,14300,0.0,0.0
2024-07-03 00:00:00-04:00,13.239999771118164,13.539999961853027,13.100000381469727,13.100000381469727,6300,0.0,0.0
2024-07-05 00:00:00-04:00,13.260000228881836,13.550000190734863,13.100000381469727,13.199999809265137,11300,0.0,0.0
2024-07-08 00:00:00-04:00,13.319999694824219,14.960000038146973,13.319999694824219,13.390000343322754,21600,0.0,0.0
2024-07-09 00:00:00-04:00,13.65999984741211,14.720000267028809,13.15999984741211,13.239999771118164,6600,0.0,0.0
2024-07-10 00:00:00-04:00,13.15999984741211,13.550000190734863,13.149999618530273,13.1899995803833,7200,0.0,0.0
2024-07-11 00:00:00-04:00,13.1899995803833,13.369999885559082,13.1899995803833,13.350000381469727,4400,0.0,0.0
2024-07-12 00:00:00-04:00,13.350000381469727,13.449999809265137,13.1899995803833,13.1899995803833,4000,0.0,0.0
2024-07-15 00:00:00-04:00,13.399999618530273,13.550000190734863,13.260000228881836,13.430000305175781,7000,0.0,0.0
2024-07-16 00:00:00-04:00,13.399999618530273,14.699999809265137,13.399999618530273,14.460000038146973,14800,0.0,0.0
2024-07-17 00:00:00-04:00,14.510000228881836,14.979999542236328,14.510000228881836,14.739999771118164,6200,0.0,0.0
2024-07-18 00:00:00-04:00,14.75,15.0,14.050000190734863,14.130000114440918,5100,0.0,0.0
2024-07-19 00:00:00-04:00,14.5,14.859999656677246,14.069999694824219,14.399999618530273,2900,0.0,0.0
2024-07-22 00:00:00-04:00,14.989999771118164,14.989999771118164,14.15999984741211,14.529999732971191,10600,0.0,0.0
2024-07-23 00:00:00-04:00,14.770000457763672,15.100000381469727,14.520000457763672,15.020000457763672,11500,0.0,0.0
2024-07-24 00:00:00-04:00,15.149999618530273,15.15999984741211,14.609999656677246,15.079999923706055,8600,0.0,0.0
2024-07-25 00:00:00-04:00,15.109999656677246,15.229999542236328,14.720000267028809,14.720000267028809,9800,0.0,0.0
2024-07-26 00:00:00-04:00,15.550000190734863,15.550000190734863,14.569999694824219,14.8100004196167,4200,0.0,0.0
2024-07-29 00:00:00-04:00,14.699999809265137,15.100000381469727,14.649999618530273,14.890000343322754,7400,0.0,0.0
2024-07-30 00:00:00-04:00,15.229999542236328,15.229999542236328,14.59000015258789,14.979999542236328,4200,0.0,0.0
2024-07-31 00:00:00-04:00,15.039999961853027,15.100000381469727,14.239999771118164,14.460000038146973,10600,0.0,0.0
2024-08-01 00:00:00-04:00,14.460000038146973,15.420000076293945,14.199999809265137,14.350000381469727,7600,0.0,0.0
2024-08-02 00:00:00-04:00,14.149999618530273,14.880000114440918,14.079999923706055,14.470000267028809,6500,0.0,0.0
2024-08-05 00:00:00-04:00,14.100000381469727,14.100000381469727,13.5,13.670000076293945,10100,0.0,0.0
2024-08-06 00:00:00-04:00,13.579999923706055,14.359999656677246,13.579999923706055,14.09000015258789,7400,0.0,0.0
2024-08-07 00:00:00-04:00,14.220000267028809,14.220000267028809,13.770000457763672,13.770000457763672,3100,0.0,0.0
2024-08-08 00:00:00-04:00,13.5,14.489999771118164,13.069999694824219,13.100000381469727,27400,0.0,0.0
2024-08-09 00:00:00-04:00,13.039999961853027,13.630000114440918,12.0,12.420000076293945,20900,0.0,0.0
2024-08-12 00:00:00-04:00,12.079999923706055,12.079999923706055,11.5,11.5,17900,0.0,0.0
2024-08-13 00:00:00-04:00,11.520000457763672,12.229999542236328,11.520000457763672,11.979999542236328,7300,0.0,0.0
2024-08-14 00:00:00-04:00,11.789999961853027,12.390000343322754,11.739999771118164,11.739999771118164,5300,0.0,0.0
2024-08-15 00:00:00-04:00,11.710000038146973,12.010000228881836,11.510000228881836,11.569999694824219,6200,0.0,0.0
2024-08-16 00:00:00-04:00,11.59000015258789,11.880000114440918,11.239999771118164,11.270000457763672,8700,0.0,0.0
2024-08-19 00:00:00-04:00,11.0,11.640000343322754,11.0,11.470000267028809,17300,0.0,0.0
2024-08-20 00:00:00-04:00,11.220000267028809,11.470000267028809,11.09000015258789,11.449999809265137,11300,0.0,0.0
2024-08-21 00:00:00-04:00,11.449999809265137,12.180000305175781,11.0600004196167,12.180000305175781,15600,0.0,0.0
2024-08-22 00:00:00-04:00,12.319999694824219,13.119999885559082,12.279999732971191,12.770000457763672,9000,0.0,0.0
2024-08-23 00:00:00-04:00,12.670000076293945,13.039999961853027,12.59000015258789,12.710000038146973,5300,0.0,0.0
2024-08-26 00:00:00-04:00,12.75,12.850000381469727,12.529999732971191,12.600000381469727,2900,0.0,0.0
2024-08-27 00:00:00-04:00,12.529999732971191,12.6899995803833,12.350000381469727,12.350000381469727,5200,0.0,0.0
2024-08-28 00:00:00-04:00,12.40999984741211,12.529999732971191,12.34000015258789,12.510000228881836,4700,0.0,0.0
2024-08-29 00:00:00-04:00,12.819999694824219,13.5,12.420000076293945,12.520000457763672,6500,0.0,0.0
2024-08-30 00:00:00-04:00,12.399999618530273,13.020000457763672,12.210000038146973,12.319999694824219,2500,0.0,0.0
2024-09-03 00:00:00-04:00,12.279999732971191,12.979999542236328,11.199999809265137,11.829999923706055,16200,0.0,0.0
2024-09-04 00:00:00-04:00,11.5,12.0,11.5,11.699999809265137,4300,0.0,0.0
2024-09-05 00:00:00-04:00,11.59000015258789,11.859999656677246,11.5,11.5600004196167,11300,0.0,0.0
2024-09-06 00:00:00-04:00,11.449999809265137,11.739999771118164,11.199999809265137,11.739999771118164,1700,0.0,0.0
2024-09-09 00:00:00-04:00,11.979999542236328,11.979999542236328,11.779999732971191,11.90999984741211,1200,0.0,0.0
2024-09-10 00:00:00-04:00,11.949999809265137,11.970000267028809,11.600000381469727,11.960000038146973,1800,0.0,0.0
2024-09-11 00:00:00-04:00,11.600000381469727,11.989999771118164,11.510000228881836,11.600000381469727,1800,0.0,0.0
2024-09-12 00:00:00-04:00,11.539999961853027,11.739999771118164,11.5,11.5,2100,0.0,0.0
2024-09-13 00:00:00-04:00,11.729999542236328,11.779999732971191,11.5600004196167,11.65999984741211,1400,0.0,0.0
2024-09-16 00:00:00-04:00,11.319999694824219,11.979999542236328,11.319999694824219,11.699999809265137,3200,0.0,0.0
2024-09-17 00:00:00-04:00,11.949999809265137,12.5600004196167,11.720000267028809,11.75,6300,0.0,0.0
2024-09-18 00:00:00-04:00,11.760000228881836,11.829999923706055,11.760000228881836,11.829999923706055,900,0.0,0.0
2024-09-19 00:00:00-04:00,11.970000267028809,12.390000343322754,11.260000228881836,11.260000228881836,4600,0.0,0.0
2024-09-20 00:00:00-04:00,11.550000190734863,12.130000114440918,11.550000190734863,11.989999771118164,4400,0.0,0.0
2024-09-23 00:00:00-04:00,11.989999771118164,12.109999656677246,11.600000381469727,11.649999618530273,3200,0.0,0.0
2024-09-24 00:00:00-04:00,11.789999961853027,12.039999961853027,11.609999656677246,11.649999618530273,3100,0.0,0.0
2024-09-25 00:00:00-04:00,11.739999771118164,12.4399995803833,11.739999771118164,12.130000114440918,11300,0.0,0.0
2024-09-26 00:00:00-04:00,12.149999618530273,12.890000343322754,12.039999961853027,12.039999961853027,10000,0.0,0.0
2024-09-27 00:00:00-04:00,12.09000015258789,12.84000015258789,12.050000190734863,12.050000190734863,5500,0.0,0.0
2024-09-30 00:00:00-04:00,12.0600004196167,12.5,11.710000038146973,11.710000038146973,12800,0.0,0.0
2024-10-01 00:00:00-04:00,11.619999885559082,12.149999618530273,11.619999885559082,11.800000190734863,2200,0.0,0.0
2024-10-02 00:00:00-04:00,12.59000015258789,13.479999542236328,12.5,12.600000381469727,9900,0.0,0.0
2024-10-03 00:00:00-04:00,13.510000228881836,13.510000228881836,12.4399995803833,12.4399995803833,3700,0.0,0.0
2024-10-04 00:00:00-04:00,13.899999618530273,13.899999618530273,12.010000228881836,12.300000190734863,17800,0.0,0.0
2024-10-07 00:00:00-04:00,12.170000076293945,12.75,12.010000228881836,12.050000190734863,15600,0.0,0.0
2024-10-08 00:00:00-04:00,12.289999961853027,12.289999961853027,12.050000190734863,12.130000114440918,2100,0.0,0.0
2024-10-09 00:00:00-04:00,12.15999984741211,12.680000305175781,12.15999984741211,12.430000305175781,1600,0.0,0.0
2024-10-10 00:00:00-04:00,12.899999618530273,12.899999618530273,12.15999984741211,12.180000305175781,1900,0.0,0.0
2024-10-11 00:00:00-04:00,12.420000076293945,12.989999771118164,12.329999923706055,12.989999771118164,2600,0.0,0.0
2024-10-14 00:00:00-04:00,12.5,12.989999771118164,12.489999771118164,12.489999771118164,2300,0.0,0.0
2024-10-15 00:00:00-04:00,12.489999771118164,12.489999771118164,12.489999771118164,12.489999771118164,800,0.0,0.0
2024-10-16 00:00:00-04:00,12.489999771118164,12.489999771118164,12.279999732971191,12.279999732971191,4300,0.0,0.0
2024-10-17 00:00:00-04:00,12.5,12.989999771118164,12.449999809265137,12.529999732971191,2700,0.0,0.0
2024-10-18 00:00:00-04:00,12.399999618530273,12.399999618530273,12.279999732971191,12.279999732971191,700,0.0,0.0
2024-10-21 00:00:00-04:00,12.140000343322754,12.550000190734863,12.010000228881836,12.289999961853027,7600,0.0,0.0
2024-10-22 00:00:00-04:00,11.979999542236328,12.6899995803833,11.979999542236328,12.5,6400,0.0,0.0
2024-10-23 00:00:00-04:00,12.369999885559082,12.40999984741211,12.069999694824219,12.40999984741211,1600,0.0,0.0
2024-10-24 00:00:00-04:00,12.270000457763672,12.270000457763672,12.270000457763672,12.270000457763672,800,0.0,0.0
2024-10-25 00:00:00-04:00,12.029999732971191,12.3100004196167,11.90999984741211,12.170000076293945,6500,0.0,0.0
2024-10-28 00:00:00-04:00,12.260000228881836,12.260000228881836,12.010000228881836,12.100000381469727,2200,0.0,0.0
2024-10-29 00:00:00-04:00,12.130000114440918,12.75,11.8100004196167,11.8100004196167,2400,0.0,0.0
2024-10-30 00:00:00-04:00,12.050000190734863,12.050000190734863,12.050000190734863,12.050000190734863,1100,0.0,0.0
2024-10-31 00:00:00-04:00,11.5,11.710000038146973,11.5,11.710000038146973,1500,0.0,0.0
2024-11-01 00:00:00-04:00,11.260000228881836,11.960000038146973,11.010000228881836,11.960000038146973,3500,0.0,0.0
2024-11-04 00:00:00-05:00,11.010000228881836,11.34000015258789,11.010000228881836,11.34000015258789,2200,0.0,0.0
2024-11-05 00:00:00-05:00,11.140000343322754,11.579999923706055,11.140000343322754,11.579999923706055,1100,0.0,0.0
2024-11-06 00:00:00-05:00,11.5600004196167,11.800000190734863,11.5600004196167,11.800000190734863,2000,0.0,0.0
2024-11-07 00:00:00-05:00,11.109999656677246,11.5,10.0,10.239999771118164,19300,0.0,0.0
2024-11-08 00:00:00-05:00,9.770000457763672,10.369999885559082,9.770000457763672,9.949999809265137,12800,0.0,0.0
2024-11-11 00:00:00-05:00,10.34000015258789,10.460000038146973,10.100000381469727,10.100000381469727,8300,0.0,0.0
2024-11-12 00:00:00-05:00,10.149999618530273,10.399999618530273,9.989999771118164,10.369999885559082,7800,0.0,0.0
2024-11-13 00:00:00-05:00,10.34000015258789,10.34000015258789,9.880000114440918,9.890000343322754,2700,0.0,0.0
2024-11-14 00:00:00-05:00,10.069999694824219,10.069999694824219,9.670000076293945,9.729999542236328,7800,0.0,0.0
2024-11-15 00:00:00-05:00,9.800000190734863,10.380000114440918,9.529999732971191,9.75,5000,0.0,0.0
2024-11-18 00:00:00-05:00,10.510000228881836,10.510000228881836,9.649999618530273,10.25,10300,0.0,0.0
2024-11-19 00:00:00-05:00,9.850000381469727,10.489999771118164,9.850000381469727,10.199999809265137,1400,0.0,0.0
2024-11-20 00:00:00-05:00,9.920000076293945,10.479999542236328,9.920000076293945,10.109999656677246,5900,0.0,0.0
2024-11-21 00:00:00-05:00,10.359999656677246,10.390000343322754,10.25,10.390000343322754,1400,0.0,0.0
2024-11-22 00:00:00-05:00,9.899999618530273,10.420000076293945,9.819999694824219,10.420000076293945,4800,0.0,0.0
2024-11-25 00:00:00-05:00,9.880000114440918,10.699999809265137,9.880000114440918,10.109999656677246,9000,0.0,0.0
2024-11-26 00:00:00-05:00,11.470000267028809,11.5,10.0,10.609999656677246,32700,0.0,0.0
2024-11-27 00:00:00-05:00,10.8100004196167,10.979999542236328,10.390000343322754,10.390000343322754,1600,0.0,0.0
2024-11-29 00:00:00-05:00,10.890000343322754,11.600000381469727,10.710000038146973,11.600000381469727,4900,0.0,0.0
2024-12-02 00:00:00-05:00,11.100000381469727,11.630000114440918,11.100000381469727,11.4399995803833,5800,0.0,0.0
2024-12-03 00:00:00-05:00,11.449999809265137,11.449999809265137,11.010000228881836,11.279999732971191,5000,0.0,0.0
2024-12-04 00:00:00-05:00,10.9399995803833,11.229999542236328,10.9399995803833,11.199999809265137,1500,0.0,0.0
2024-12-05 00:00:00-05:00,10.979999542236328,11.029999732971191,10.819999694824219,10.979999542236328,1700,0.0,0.0
2024-12-06 00:00:00-05:00,10.970000267028809,11.4399995803833,10.90999984741211,11.25,3500,0.0,0.0
2024-12-09 00:00:00-05:00,11.050000190734863,11.649999618530273,10.760000228881836,11.649999618530273,10900,0.0,0.0
2024-12-10 00:00:00-05:00,11.65999984741211,12.010000228881836,10.770000457763672,12.010000228881836,4300,0.0,0.0
2024-12-11 00:00:00-05:00,11.720000267028809,11.890000343322754,10.850000381469727,11.779999732971191,1600,0.0,0.0
2024-12-12 00:00:00-05:00,11.899999618530273,11.899999618530273,11.4399995803833,11.4399995803833,800,0.0,0.0
2024-12-13 00:00:00-05:00,11.020000457763672,11.520000457763672,11.020000457763672,11.5,1000,0.0,0.0
2024-12-16 00:00:00-05:00,11.239999771118164,11.380000114440918,11.069999694824219,11.380000114440918,1100,0.0,0.0
2024-12-17 00:00:00-05:00,10.949999809265137,11.300000190734863,10.949999809265137,11.300000190734863,2200,0.0,0.0
2024-12-18 00:00:00-05:00,11.149999618530273,11.149999618530273,11.010000228881836,11.010000228881836,1700,0.0,0.0
2024-12-19 00:00:00-05:00,10.899999618530273,11.170000076293945,10.899999618530273,11.050000190734863,4200,0.0,0.0
2024-12-20 00:00:00-05:00,10.949999809265137,11.09000015258789,10.869999885559082,11.069999694824219,3500,0.0,0.0
2024-12-23 00:00:00-05:00,11.0,11.0,10.789999961853027,10.829999923706055,3400,0.0,0.0
2024-12-24 00:00:00-05:00,10.829999923706055,10.829999923706055,10.829999923706055,10.829999923706055,0,0.0,0.0
2024-12-26 00:00:00-05:00,10.920000076293945,10.920000076293945,10.75,10.75,1500,0.0,0.0
2024-12-27 00:00:00-05:00,10.75,10.960000038146973,10.239999771118164,10.5,2100,0.0,0.0
2024-12-30 00:00:00-05:00,9.859999656677246,11.0,9.630000114440918,10.140000343322754,5200,0.0,0.0
2024-12-31 00:00:00-05:00,10.020000457763672,10.899999618530273,10.020000457763672,10.289999961853027,2600,0.0,0.0
2025-01-02 00:00:00-05:00,10.520000457763672,10.90999984741211,9.640000343322754,10.319999694824219,3400,0.0,0.0
2025-01-03 00:00:00-05:00,10.9399995803833,11.970000267028809,9.850000381469727,10.529999732971191,67300,0.0,0.0
2025-01-06 00:00:00-05:00,10.34000015258789,11.670000076293945,10.300000190734863,10.890000343322754,29400,0.0,0.0
2025-01-07 00:00:00-05:00,11.170000076293945,11.770000457763672,10.539999961853027,10.720000267028809,13400,0.0,0.0
2025-01-08 00:00:00-05:00,10.5,10.890000343322754,9.800000190734863,10.1899995803833,10200,0.0,0.0
2025-01-10 00:00:00-05:00,9.890000343322754,10.75,9.699999809265137,9.979999542236328,5900,0.0,0.0
2025-01-13 00:00:00-05:00,9.930000305175781,10.130000114440918,9.75,10.100000381469727,5800,0.0,0.0
2025-01-14 00:00:00-05:00,9.789999961853027,10.149999618530273,9.789999961853027,10.149999618530273,3600,0.0,0.0
2025-01-15 00:00:00-05:00,10.09000015258789,10.40999984741211,9.899999618530273,10.289999961853027,1800,0.0,0.0
2025-01-16 00:00:00-05:00,10.079999923706055,10.199999809265137,9.800000190734863,10.199999809265137,22200,0.0,0.0
2025-01-17 00:00:00-05:00,9.880000114440918,10.289999961853027,9.880000114440918,10.289999961853027,3700,0.0,0.0
2025-01-21 00:00:00-05:00,10.0,10.140000343322754,9.899999618530273,10.140000343322754,11800,0.0,0.0
2025-01-22 00:00:00-05:00,10.390000343322754,10.390000343322754,10.079999923706055,10.359999656677246,1000,0.0,0.0
2025-01-23 00:00:00-05:00,10.100000381469727,10.199999809265137,9.899999618530273,10.029999732971191,3200,0.0,0.0
2025-01-24 00:00:00-05:00,9.90999984741211,10.319999694824219,9.90999984741211,10.319999694824219,6500,0.0,0.0
2025-01-27 00:00:00-05:00,10.09000015258789,10.390000343322754,10.09000015258789,10.380000114440918,1500,0.0,0.0
2025-01-28 00:00:00-05:00,10.109999656677246,10.15999984741211,9.890000343322754,10.0,4500,0.0,0.0
2025-01-29 00:00:00-05:00,9.819999694824219,10.199999809265137,9.770000457763672,10.199999809265137,3600,0.0,0.0
2025-01-30 00:00:00-05:00,10.100000381469727,10.380000114440918,10.09000015258789,10.380000114440918,900,0.0,0.0
2025-01-31 00:00:00-05:00,10.0,10.199999809265137,10.0,10.199999809265137,1200,0.0,0.0
2025-02-03 00:00:00-05:00,10.119999885559082,10.119999885559082,10.0,10.0,900,0.0,0.0
2025-02-04 00:00:00-05:00,9.949999809265137,10.199999809265137,9.84000015258789,10.020000457763672,2200,0.0,0.0
2025-02-05 00:00:00-05:00,9.989999771118164,10.470000267028809,9.989999771118164,10.470000267028809,7200,0.0,0.0
2025-02-06 00:00:00-05:00,10.479999542236328,11.0,10.34000015258789,10.800000190734863,4800,0.0,0.0
2025-02-07 00:00:00-05:00,10.850000381469727,11.140000343322754,10.300000190734863,10.550000190734863,4700,0.0,0.0
2025-02-10 00:00:00-05:00,10.34000015258789,10.449999809265137,9.859999656677246,10.449999809265137,1700,0.0,0.0
2025-02-11 00:00:00-05:00,10.0,10.369999885559082,10.0,10.350000381469727,2100,0.0,0.0
2025-02-12 00:00:00-05:00,10.600000381469727,11.050000190734863,10.010000228881836,10.010000228881836,3100,0.0,0.0
2025-02-13 00:00:00-05:00,10.4399995803833,10.539999961853027,10.399999618530273,10.539999961853027,1300,0.0,0.0
2025-02-14 00:00:00-05:00,10.670000076293945,10.670000076293945,10.010000228881836,10.210000038146973,1900,0.0,0.0
2025-02-18 00:00:00-05:00,10.0,10.760000228881836,9.970000267028809,10.479999542236328,21400,0.0,0.0
2025-02-19 00:00:00-05:00,10.300000190734863,11.0,10.300000190734863,10.5,3800,0.0,0.0
2025-02-20 00:00:00-05:00,10.489999771118164,10.970000267028809,10.369999885559082,10.729999542236328,28200,0.0,0.0
2025-02-21 00:00:00-05:00,10.5,10.729999542236328,10.5,10.5,2300,0.0,0.0
2025-02-24 00:00:00-05:00,10.510000228881836,10.869999885559082,10.039999961853027,10.489999771118164,5400,0.0,0.0
2025-02-25 00:00:00-05:00,10.170000076293945,10.260000228881836,10.0,10.0,4400,0.0,0.0
2025-02-26 00:00:00-05:00,10.050000190734863,10.510000228881836,9.699999809265137,10.510000228881836,6400,0.0,0.0
2025-02-27 00:00:00-05:00,10.229999542236328,10.229999542236328,10.010000228881836,10.100000381469727,1500,0.0,0.0
2025-02-28 00:00:00-05:00,10.029999732971191,10.180000305175781,10.020000457763672,10.069999694824219,2100,0.0,0.0
2025-03-03 00:00:00-05:00,9.760000228881836,10.25,9.760000228881836,10.25,1700,0.0,0.0
2025-03-04 00:00:00-05:00,9.899999618530273,10.1899995803833,9.899999618530273,10.0,6100,0.0,0.0
2025-03-05 00:00:00-05:00,10.170000076293945,10.180000305175781,10.0,10.0,1500,0.0,0.0
2025-03-06 00:00:00-05:00,10.010000228881836,10.039999961853027,9.979999542236328,10.039999961853027,3700,0.0,0.0
2025-03-07 00:00:00-05:00,9.890000343322754,9.890000343322754,9.8100004196167,9.8100004196167,1800,0.0,0.0
2025-03-10 00:00:00-04:00,10.0600004196167,10.180000305175781,9.800000190734863,9.850000381469727,2500,0.0,0.0
2025-03-11 00:00:00-04:00,9.899999618530273,10.1899995803833,9.65999984741211,9.65999984741211,10800,0.0,0.0
2025-03-12 00:00:00-04:00,9.8100004196167,10.0600004196167,9.5,9.5,27500,0.0,0.0
2025-03-13 00:00:00-04:00,9.600000381469727,9.609999656677246,9.579999923706055,9.579999923706055,1600,0.0,0.0
2025-03-14 00:00:00-04:00,9.550000190734863,10.0600004196167,9.550000190734863,10.0600004196167,8400,0.0,0.0
2025-03-17 00:00:00-04:00,9.869999885559082,10.0,9.699999809265137,9.899999618530273,3500,0.0,0.0
2025-03-18 00:00:00-04:00,10.100000381469727,10.100000381469727,9.609999656677246,9.699999809265137,2700,0.0,0.0
2025-03-19 00:00:00-04:00,9.6899995803833,9.9399995803833,9.670000076293945,9.899999618530273,9300,0.0,0.0
2025-03-20 00:00:00-04:00,9.899999618530273,9.899999618530273,9.899999618530273,9.899999618530273,0,0.0,0.0
2025-03-21 00:00:00-04:00,10.239999771118164,10.239999771118164,9.770000457763672,9.9399995803833,1900,0.0,0.0
2025-03-24 00:00:00-04:00,9.699999809265137,10.050000190734863,9.699999809265137,10.050000190734863,500,0.0,0.0
2025-03-25 00:00:00-04:00,10.050000190734863,10.050000190734863,10.050000190734863,10.050000190734863,0,0.0,0.0
2025-03-26 00:00:00-04:00,10.100000381469727,10.109999656677246,9.699999809265137,9.699999809265137,1100,0.0,0.0
2025-03-27 00:00:00-04:00,10.0,10.0,9.880000114440918,9.979999542236328,800,0.0,0.0
2025-03-28 00:00:00-04:00,9.729999542236328,10.050000190734863,9.729999542236328,10.0,2400,0.0,0.0
2025-03-31 00:00:00-04:00,9.5,9.800000190734863,8.5,9.5,13300,0.0,0.0
2025-04-01 00:00:00-04:00,9.210000038146973,9.34000015258789,8.75,9.1899995803833,3500,0.0,0.0
2025-04-02 00:00:00-04:00,9.0,9.550000190734863,8.119999885559082,9.270000457763672,4300,0.0,0.0
2025-04-03 00:00:00-04:00,9.5,9.5,8.5,9.199999809265137,9500,0.0,0.0
2025-04-04 00:00:00-04:00,8.279999732971191,9.0,8.010000228881836,9.0,5600,0.0,0.0
2025-04-07 00:00:00-04:00,8.100000381469727,8.899999618530273,8.0,8.3100004196167,15000,0.0,0.0
2025-04-08 00:00:00-04:00,8.300000190734863,8.800000190734863,8.270000457763672,8.600000381469727,6200,0.0,0.0
2025-04-09 00:00:00-04:00,8.40999984741211,8.789999961853027,7.800000190734863,8.0,12200,0.0,0.0
2025-04-10 00:00:00-04:00,7.900000095367432,8.489999771118164,7.25,7.829999923706055,77700,0.0,0.0
2025-04-11 00:00:00-04:00,7.699999809265137,8.199999809265137,7.599999904632568,7.960000038146973,13300,0.0,0.0
2025-04-14 00:00:00-04:00,8.0,8.0,7.5,8.0,38900,0.0,0.0
2025-04-15 00:00:00-04:00,8.0,8.0,7.519999980926514,7.949999809265137,6700,0.0,0.0
2025-04-16 00:00:00-04:00,7.480000019073486,7.760000228881836,7.480000019073486,7.760000228881836,1200,0.0,0.0
2025-04-17 00:00:00-04:00,7.940000057220459,7.940000057220459,7.670000076293945,7.670000076293945,1400,0.0,0.0
2025-04-21 00:00:00-04:00,7.710000038146973,7.960000038146973,7.710000038146973,7.949999809265137,1100,0.0,0.0
2025-04-22 00:00:00-04:00,7.78000020980835,7.800000190734863,7.559999942779541,7.559999942779541,3600,0.0,0.0
2025-04-23 00:00:00-04:00,7.880000114440918,8.199999809265137,7.769999980926514,8.199999809265137,18000,0.0,0.0
2025-04-24 00:00:00-04:00,8.329999923706055,8.489999771118164,7.639999866485596,7.739999771118164,1800,0.0,0.0
2025-04-25 00:00:00-04:00,8.039999961853027,8.460000038146973,8.039999961853027,8.449999809265137,2000,0.0,0.0
2025-04-28 00:00:00-04:00,8.489999771118164,8.489999771118164,8.0,8.25,1000,0.0,0.0
2025-04-29 00:00:00-04:00,8.479999542236328,9.520000457763672,8.40999984741211,9.25,5100,0.0,0.0
2025-04-30 00:00:00-04:00,10.0,10.0,8.989999771118164,9.399999618530273,2300,0.0,0.0
2025-05-01 00:00:00-04:00,9.270000457763672,9.270000457763672,8.079999923706055,8.529999732971191,1300,0.0,0.0
2025-05-02 00:00:00-04:00,8.710000038146973,9.569999694824219,8.710000038146973,8.75,3500,0.0,0.0
2025-05-05 00:00:00-04:00,8.890000343322754,9.1899995803833,8.890000343322754,9.1899995803833,1600,0.0,0.0
2025-05-06 00:00:00-04:00,9.1899995803833,9.1899995803833,9.1899995803833,9.1899995803833,0,0.0,0.0
2025-05-07 00:00:00-04:00,9.800000190734863,12.399999618530273,9.029999732971191,9.649999618530273,522200,0.0,0.0
2025-05-08 00:00:00-04:00,8.75,9.489999771118164,8.449999809265137,8.579999923706055,76300,0.0,0.0
2025-05-09 00:00:00-04:00,8.5,9.3100004196167,8.5,8.649999618530273,20400,0.0,0.0
2025-05-12 00:00:00-04:00,8.989999771118164,9.029999732971191,8.510000228881836,8.6899995803833,4800,0.0,0.0
2025-05-13 00:00:00-04:00,9.050000190734863,9.050000190734863,8.729999542236328,9.0,3300,0.0,0.0
2025-05-14 00:00:00-04:00,9.069999694824219,9.760000228881836,8.199999809265137,8.75,13100,0.0,0.0
2025-05-15 00:00:00-04:00,8.550000190734863,8.960000038146973,8.550000190734863,8.600000381469727,3900,0.0,0.0
2025-05-16 00:00:00-04:00,8.90999984741211,9.069999694824219,8.65999984741211,8.760000228881836,9400,0.0,0.0
2025-05-19 00:00:00-04:00,8.899999618530273,8.899999618530273,8.579999923706055,8.729999542236328,8300,0.0,0.0
2025-05-20 00:00:00-04:00,9.25,9.34000015258789,8.890000343322754,9.039999961853027,4000,0.0,0.0
2025-05-21 00:00:00-04:00,9.770000457763672,9.770000457763672,9.170000076293945,9.399999618530273,6700,0.0,0.0
2025-05-22 00:00:00-04:00,9.300000190734863,9.300000190734863,9.0,9.1899995803833,5300,0.0,0.0
2025-05-23 00:00:00-04:00,9.399999618530273,9.399999618530273,9.010000228881836,9.029999732971191,4000,0.0,0.0
2025-05-27 00:00:00-04:00,8.75,9.25,8.75,8.949999809265137,8100,0.0,0.0
2025-05-28 00:00:00-04:00,8.800000190734863,8.880000114440918,8.75,8.859999656677246,6200,0.0,0.0
2025-05-29 00:00:00-04:00,8.800000190734863,9.199999809265137,8.800000190734863,9.199999809265137,5300,0.0,0.0
2025-05-30 00:00:00-04:00,9.350000381469727,9.619999885559082,9.069999694824219,9.069999694824219,4700,0.0,0.0
2025-06-02 00:00:00-04:00,9.069999694824219,9.25,9.069999694824219,9.199999809265137,6500,0.0,0.0
2025-06-03 00:00:00-04:00,9.850000381469727,10.789999961853027,9.079999923706055,9.119999885559082,5700,0.0,0.0
2025-06-04 00:00:00-04:00,9.119999885559082,9.239999771118164,9.069999694824219,9.069999694824219,5500,0.0,0.0
2025-06-05 00:00:00-04:00,9.069999694824219,9.069999694824219,8.220000267028809,8.920000076293945,6300,0.0,0.0
2025-06-06 00:00:00-04:00,8.699999809265137,9.069999694824219,8.579999923706055,8.930000305175781,11200,0.0,0.0
2025-06-09 00:00:00-04:00,8.899999618530273,9.319999694824219,8.899999618530273,9.170000076293945,4800,0.0,0.0
2025-06-10 00:00:00-04:00,9.210000038146973,9.210000038146973,8.90999984741211,9.210000038146973,9500,0.0,0.0
2025-06-11 00:00:00-04:00,9.199999809265137,9.199999809265137,8.930000305175781,9.079999923706055,6600,0.0,0.0
2025-06-12 00:00:00-04:00,8.949999809265137,10.399999618530273,8.949999809265137,9.15999984741211,63100,0.0,0.0
2025-06-13 00:00:00-04:00,9.449999809265137,9.449999809265137,9.0,9.149999618530273,2400,0.0,0.0
2025-06-16 00:00:00-04:00,8.649999618530273,8.6899995803833,8.25,8.640000343322754,44500,0.0,0.0
2025-06-17 00:00:00-04:00,8.5,8.800000190734863,8.5,8.65999984741211,8600,0.0,0.0
2025-06-18 00:00:00-04:00,8.569999694824219,8.649999618530273,8.220000267028809,8.220000267028809,11200,0.0,0.0
2025-06-20 00:00:00-04:00,8.25,8.5,8.25,8.279999732971191,10700,0.0,0.0
2025-06-23 00:00:00-04:00,8.010000228881836,10.930000305175781,7.550000190734863,8.369999885559082,155900,0.0,0.0
2025-06-24 00:00:00-04:00,8.260000228881836,10.399999618530273,7.619999885559082,8.819999694824219,170300,0.0,0.0
2025-06-25 00:00:00-04:00,8.789999961853027,9.449999809265137,8.630000114440918,8.760000228881836,6500,0.0,0.0
2025-06-26 00:00:00-04:00,8.65999984741211,8.850000381469727,8.430000305175781,8.569999694824219,10400,0.0,0.0
2025-06-27 00:00:00-04:00,8.979999542236328,8.979999542236328,8.539999961853027,8.539999961853027,9500,0.0,0.0
2025-06-30 00:00:00-04:00,8.539999961853027,8.989999771118164,8.350000381469727,8.930000305175781,39700,0.0,0.0
2025-07-01 00:00:00-04:00,8.760000228881836,9.5,8.449999809265137,9.180000305175781,128500,0.0,0.0
2025-07-02 00:00:00-04:00,9.079999923706055,9.489999771118164,9.050000190734863,9.489999771118164,6200,0.0,0.0
2025-07-03 00:00:00-04:00,9.149999618530273,9.199999809265137,8.65999984741211,8.789999961853027,51500,0.0,0.0
2025-07-07 00:00:00-04:00,8.59000015258789,8.789999961853027,8.5,8.739999771118164,7400,0.0,0.0
2025-07-08 00:00:00-04:00,9.289999961853027,9.449999809265137,9.010000228881836,9.010000228881836,5400,0.0,0.0
2025-07-09 00:00:00-04:00,9.010000228881836,9.149999618530273,9.0,9.010000228881836,1600,0.0,0.0
2025-07-10 00:00:00-04:00,9.0600004196167,9.0600004196167,9.0600004196167,9.0600004196167,300,0.0,0.0
2025-07-11 00:00:00-04:00,9.050000190734863,9.1899995803833,9.0,9.0,3900,0.0,0.0
2025-07-14 00:00:00-04:00,8.949999809265137,9.489999771118164,8.8100004196167,8.850000381469727,1900,0.0,0.0
2025-07-15 00:00:00-04:00,9.25,9.25,8.779999732971191,8.789999961853027,3900,0.0,0.0
2025-07-16 00:00:00-04:00,8.800000190734863,9.0,8.789999961853027,8.949999809265137,2800,0.0,0.0
2025-07-17 00:00:00-04:00,8.850000381469727,9.0,8.550000190734863,8.65999984741211,14300,0.0,0.0
2025-07-18 00:00:00-04:00,8.619999885559082,9.0,8.619999885559082,8.699999809265137,3100,0.0,0.0
2025-07-21 00:00:00-04:00,8.65999984741211,8.819999694824219,8.579999923706055,8.710000038146973,9200,0.0,0.0
2025-07-22 00:00:00-04:00,8.550000190734863,8.850000381469727,8.520000457763672,8.520000457763672,26900,0.0,0.0
2025-07-23 00:00:00-04:00,8.479999542236328,8.829999923706055,8.479999542236328,8.710000038146973,9300,0.0,0.0
2025-07-24 00:00:00-04:00,8.680000305175781,8.680000305175781,8.59000015258789,8.59000015258789,500,0.0,0.0
2025-07-25 00:00:00-04:00,8.569999694824219,8.59000015258789,8.430000305175781,8.510000228881836,10500,0.0,0.0
2025-07-28 00:00:00-04:00,8.359999656677246,8.59000015258789,8.359999656677246,8.59000015258789,5200,0.0,0.0
2025-07-29 00:00:00-04:00,8.59000015258789,8.59000015258789,8.430000305175781,8.460000038146973,5200,0.0,0.0
2025-07-30 00:00:00-04:00,8.449999809265137,8.449999809265137,8.149999618530273,8.149999618530273,35400,0.0,0.0
2025-07-31 00:00:00-04:00,8.170000076293945,8.170000076293945,8.170000076293945,8.170000076293945,1600,0.0,0.0
2025-08-01 00:00:00-04:00,8.109999656677246,8.199999809265137,8.109999656677246,8.199999809265137,2500,0.0,0.0
2025-08-04 00:00:00-04:00,8.050000190734863,8.220000267028809,7.96999979019165,8.0600004196167,1600,0.0,0.0
2025-08-05 00:00:00-04:00,7.96999979019165,8.149999618530273,7.949999809265137,7.960000038146973,1700,0.0,0.0
2025-08-06 00:00:00-04:00,8.1899995803833,8.1899995803833,7.659999847412109,7.869999885559082,5900,0.0,0.0
2025-08-07 00:00:00-04:00,8.449999809265137,8.449999809265137,8.0,8.130000114440918,14200,0.0,0.0
2025-08-08 00:00:00-04:00,8.09000015258789,8.430000305175781,8.09000015258789,8.420000076293945,10500,0.0,0.0
2025-08-11 00:00:00-04:00,8.350000381469727,8.5,8.050000190734863,8.5,4500,0.0,0.0
2025-08-12 00:00:00-04:00,8.550000190734863,8.850000381469727,8.550000190734863,8.729999542236328,9000,0.0,0.0
2025-08-13 00:00:00-04:00,8.649999618530273,8.850000381469727,8.649999618530273,8.720000267028809,1400,0.0,0.0
2025-08-14 00:00:00-04:00,8.649999618530273,8.850000381469727,8.649999618530273,8.75,5000,0.0,0.0
2025-08-15 00:00:00-04:00,8.720000267028809,8.850000381469727,8.65999984741211,8.699999809265137,3300,0.0,0.0
2025-08-18 00:00:00-04:00,8.75,8.850000381469727,8.65999984741211,8.739999771118164,7700,0.0,0.0
2025-08-19 00:00:00-04:00,8.739999771118164,8.760000228881836,8.649999618530273,8.649999618530273,1200,0.0,0.0
2025-08-20 00:00:00-04:00,8.65999984741211,8.739999771118164,8.649999618530273,8.649999618530273,3600,0.0,0.0
2025-08-21 00:00:00-04:00,8.649999618530273,8.710000038146973,8.649999618530273,8.710000038146973,3000,0.0,0.0
2025-08-22 00:00:00-04:00,8.75,8.859999656677246,8.710000038146973,8.859999656677246,3500,0.0,0.0
2025-08-25 00:00:00-04:00,8.779999732971191,8.899999618530273,8.550000190734863,8.550000190734863,5100,0.0,0.0
2025-08-26 00:00:00-04:00,8.550000190734863,8.979999542236328,8.550000190734863,8.899999618530273,9600,0.0,0.0
2025-08-27 00:00:00-04:00,8.949999809265137,9.15999984741211,8.8100004196167,9.010000228881836,8500,0.0,0.0
2025-08-28 00:00:00-04:00,9.010000228881836,9.739999771118164,9.010000228881836,9.5,4800,0.0,0.0
2025-08-29 00:00:00-04:00,9.0600004196167,9.399999618530273,9.0600004196167,9.399999618530273,400,0.0,0.0
2025-09-02 00:00:00-04:00,9.050000190734863,9.149999618530273,8.800000190734863,9.0600004196167,2500,0.0,0.0
2025-09-03 00:00:00-04:00,9.34000015258789,9.34000015258789,9.34000015258789,9.34000015258789,300,0.0,0.0
2025-09-04 00:00:00-04:00,9.5,9.5,8.829999923706055,9.180000305175781,5100,0.0,0.0
2025-09-05 00:00:00-04:00,9.100000381469727,9.40999984741211,9.010000228881836,9.300000190734863,9300,0.0,0.0
2025-09-08 00:00:00-04:00,9.3100004196167,9.489999771118164,9.149999618530273,9.359999656677246,5900,0.0,0.0
2025-09-09 00:00:00-04:00,9.369999885559082,9.5,9.25,9.300000190734863,14200,0.0,0.0
2025-09-10 00:00:00-04:00,9.3100004196167,9.489999771118164,9.289999961853027,9.289999961853027,3800,0.0,0.0
2025-09-11 00:00:00-04:00,9.399999618530273,9.489999771118164,9.319999694824219,9.399999618530273,4100,0.0,0.0
2025-09-12 00:00:00-04:00,9.760000228881836,9.970000267028809,9.5,9.600000381469727,12800,0.0,0.0
2025-09-15 00:00:00-04:00,9.600000381469727,9.600000381469727,9.600000381469727,9.600000381469727,500,0.0,0.0
2025-09-16 00:00:00-04:00,9.539999961853027,9.970000267028809,9.3100004196167,9.670000076293945,4200,0.0,0.0
2025-09-17 00:00:00-04:00,8.8100004196167,9.5,8.8100004196167,9.3100004196167,6100,0.0,0.0
2025-09-18 00:00:00-04:00,9.460000038146973,9.960000038146973,9.1899995803833,9.25,6400,0.0,0.0
2025-09-19 00:00:00-04:00,9.319999694824219,9.930000305175781,9.199999809265137,9.880000114440918,5900,0.0,0.0
2025-09-22 00:00:00-04:00,9.220000267028809,9.850000381469727,9.220000267028809,9.609999656677246,5600,0.0,0.0
2025-09-23 00:00:00-04:00,9.40999984741211,9.489999771118164,9.300000190734863,9.489999771118164,4700,0.0,0.0
2025-09-24 00:00:00-04:00,9.270000457763672,9.270000457763672,9.199999809265137,9.199999809265137,2000,0.0,0.0
2025-09-25 00:00:00-04:00,9.199999809265137,9.199999809265137,9.199999809265137,9.199999809265137,0,0.0,0.0
2025-09-26 00:00:00-04:00,9.300000190734863,9.300000190734863,9.25,9.25,1000,0.0,0.0
2025-09-29 00:00:00-04:00,9.0600004196167,9.1899995803833,9.0,9.029999732971191,3700,0.0,0.0
2025-09-30 00:00:00-04:00,9.029999732971191,9.029999732971191,9.029999732971191,9.029999732971191,0,0.0,0.0
2025-10-01 00:00:00-04:00,9.029999732971191,9.199999809265137,9.029999732971191,9.199999809265137,1500,0.0,0.0
2025-10-02 00:00:00-04:00,9.180000305175781,9.180000305175781,9.069999694824219,9.069999694824219,600,0.0,0.0
2025-10-03 00:00:00-04:00,9.079999923706055,9.079999923706055,9.0,9.0,3800,0.0,0.0
2025-10-06 00:00:00-04:00,9.029999732971191,9.039999961853027,8.970000267028809,9.029999732971191,700,0.0,0.0
2025-10-07 00:00:00-04:00,8.920000076293945,8.949999809265137,8.920000076293945,8.949999809265137,1100,0.0,0.0
2025-10-08 00:00:00-04:00,9.079999923706055,9.34000015258789,9.079999923706055,9.3100004196167,3900,0.0,0.0
2025-10-09 00:00:00-04:00,9.239999771118164,9.600000381469727,9.239999771118164,9.300000190734863,3800,0.0,0.0
2025-10-10 00:00:00-04:00,9.380000114440918,9.380000114440918,9.170000076293945,9.300000190734863,1100,0.0,0.0
2025-10-13 00:00:00-04:00,9.430000305175781,9.970000267028809,9.300000190734863,9.6899995803833,11300,0.0,0.0
2025-10-14 00:00:00-04:00,9.949999809265137,9.949999809265137,9.369999885559082,9.890000343322754,2500,0.0,0.0
2025-10-15 00:00:00-04:00,9.90999984741211,10.039999961853027,9.630000114440918,9.899999618530273,13100,0.0,0.0
2025-10-16 00:00:00-04:00,9.630000114440918,10.0,9.40999984741211,9.40999984741211,1900,0.0,0.0
2025-10-17 00:00:00-04:00,9.600000381469727,9.600000381469727,9.600000381469727,9.600000381469727,300,0.0,0.0
2025-10-20 00:00:00-04:00,9.630000114440918,9.770000457763672,9.300000190734863,9.770000457763672,1000,0.0,0.0
2025-10-21 00:00:00-04:00,9.880000114440918,9.90999984741211,9.75,9.75,4700,0.0,0.0
2025-10-22 00:00:00-04:00,9.75,9.75,9.25,9.630000114440918,1400,0.0,0.0
2025-10-23 00:00:00-04:00,9.880000114440918,9.880000114440918,9.880000114440918,9.880000114440918,400,0.0,0.0
2025-10-24 00:00:00-04:00,9.989999771118164,10.0,9.710000038146973,9.710000038146973,900,0.0,0.0
2025-10-27 00:00:00-04:00,9.930000305175781,9.9399995803833,9.850000381469727,9.9399995803833,400,0.0,0.0
2025-10-28 00:00:00-04:00,9.59000015258789,9.630000114440918,9.59000015258789,9.630000114440918,400,0.0,0.0
2025-10-29 00:00:00-04:00,9.350000381469727,9.630000114440918,9.260000228881836,9.59000015258789,2300,0.0,0.0
2025-10-30 00:00:00-04:00,9.59000015258789,9.59000015258789,9.3100004196167,9.3100004196167,900,0.0,0.0
2025-10-31 00:00:00-04:00,9.3100004196167,9.3100004196167,9.3100004196167,9.3100004196167,0,0.0,0.0
2025-11-03 00:00:00-05:00,9.369999885559082,9.369999885559082,9.369999885559082,9.369999885559082,700,0.0,0.0
2025-11-04 00:00:00-05:00,9.680000305175781,9.680000305175781,9.680000305175781,9.680000305175781,500,0.0,0.0
2025-11-05 00:00:00-05:00,9.680000305175781,9.680000305175781,9.680000305175781,9.680000305175781,0,0.0,0.0
2025-11-06 00:00:00-05:00,9.680000305175781,9.680000305175781,9.680000305175781,9.680000305175781,0,0.0,0.0
2025-11-07 00:00:00-05:00,9.680000305175781,9.680000305175781,9.680000305175781,9.680000305175781,0,0.0,0.0
2025-11-10 00:00:00-05:00,9.5,9.5,9.109999656677246,9.359999656677246,1200,0.0,0.0
2025-11-11 00:00:00-05:00,8.899999618530273,9.1899995803833,8.899999618530273,9.029999732971191,5100,0.0,0.0
2025-11-12 00:00:00-05:00,9.220000267028809,9.220000267028809,9.220000267028809,9.220000267028809,300,0.0,0.0
2025-11-13 00:00:00-05:00,9.180000305175781,9.180000305175781,6.5,7.269999980926514,216700,0.0,0.0
2025-11-14 00:00:00-05:00,7.099999904632568,7.389999866485596,7.099999904632568,7.340000152587891,7900,0.0,0.0
2025-11-17 00:00:00-05:00,7.300000190734863,7.300000190734863,6.900000095367432,7.039999961853027,6200,0.0,0.0
2025-11-18 00:00:00-05:00,6.949999809265137,7.050000190734863,6.920000076293945,7.0,5200,0.0,0.0
2025-11-19 00:00:00-05:00,7.050000190734863,7.050000190734863,6.949999809265137,6.949999809265137,2300,0.0,0.0
2025-11-20 00:00:00-05:00,6.96999979019165,7.099999904632568,6.809999942779541,6.809999942779541,8800,0.0,0.0
2025-11-21 00:00:00-05:00,6.900000095367432,7.0,6.900000095367432,6.949999809265137,3700,0.0,0.0
2025-11-24 00:00:00-05:00,7.239999771118164,7.440000057220459,7.039999961853027,7.170000076293945,6900,0.0,0.0
2025-11-25 00:00:00-05:00,7.119999885559082,7.139999866485596,6.949999809265137,6.949999809265137,2100,0.0,0.0
2025-11-26 00:00:00-05:00,6.829999923706055,7.039999961853027,6.809999942779541,6.809999942779541,4100,0.0,0.0
2025-11-28 00:00:00-05:00,6.980000019073486,7.0,6.849999904632568,6.860000133514404,1300,0.0,0.0
2025-12-01 00:00:00-05:00,6.760000228881836,6.949999809265137,6.760000228881836,6.800000190734863,11300,0.0,0.0
2025-12-02 00:00:00-05:00,7.0,7.0,6.800000190734863,6.869999885559082,2400,0.0,0.0
2025-12-03 00:00:00-05:00,6.940000057220459,7.0,6.880000114440918,6.920000076293945,4500,0.0,0.0
2025-12-04 00:00:00-05:00,7.0,7.050000190734863,6.989999771118164,7.050000190734863,4300,0.0,0.0
2025-12-05 00:00:00-05:00,6.940000057220459,6.940000057220459,6.940000057220459,6.940000057220459,500,0.0,0.0
2025-12-08 00:00:00-05:00,7.0,7.25,7.0,7.25,1500,0.0,0.0
2025-12-09 00:00:00-05:00,7.329999923706055,7.329999923706055,7.110000133514404,7.170000076293945,1600,0.0,0.0
2025-12-10 00:00:00-05:00,7.289999961853027,7.460000038146973,7.25,7.300000190734863,2000,0.0,0.0
2025-12-11 00:00:00-05:00,7.400000095367432,7.5,7.400000095367432,7.400000095367432,800,0.0,0.0
2025-12-12 00:00:00-05:00,7.260000228881836,7.369999885559082,7.260000228881836,7.349999904632568,1600,0.0,0.0
2025-12-15 00:00:00-05:00,7.150000095367432,7.190000057220459,7.0,7.0,9400,0.0,0.0
2025-12-16 00:00:00-05:00,6.900000095367432,7.190000057220459,6.900000095367432,7.179999828338623,4600,0.0,0.0
2025-12-17 00:00:00-05:00,7.130000114440918,7.25,6.900000095367432,6.980000019073486,10500,0.0,0.0
2025-12-18 00:00:00-05:00,7.050000190734863,7.119999885559082,6.960000038146973,7.090000152587891,11100,0.0,0.0
2025-12-19 00:00:00-05:00,7.039999961853027,7.110000133514404,7.039999961853027,7.099999904632568,5200,0.0,0.0
2025-12-22 00:00:00-05:00,7.179999828338623,7.25,7.099999904632568,7.150000095367432,8800,0.0,0.0
2025-12-23 00:00:00-05:00,7.170000076293945,7.5,7.130000114440918,7.449999809265137,19500,0.0,0.0
2025-12-24 00:00:00-05:00,7.349999904632568,7.349999904632568,7.349999904632568,7.349999904632568,300,0.0,0.0
2025-12-26 00:00:00-05:00,7.440000057220459,7.440000057220459,7.260000228881836,7.389999866485596,34000,0.0,0.0
2025-12-29 00:00:00-05:00,7.269999980926514,7.5,7.260000228881836,7.329999923706055,8700,0.0,0.0
2025-12-30 00:00:00-05:00,7.28000020980835,7.5,7.28000020980835,7.329999923706055,5400,0.0,0.0
2025-12-31 00:00:00-05:00,7.329999923706055,7.5,7.329999923706055,7.429999828338623,5300,0.0,0.0
2026-01-02 00:00:00-05:00,7.46999979019165,7.5,7.429999828338623,7.429999828338623,4400,0.0,0.0
2026-01-05 00:00:00-05:00,7.360000133514404,7.429999828338623,7.349999904632568,7.349999904632568,2800,0.0,0.0
2026-01-06 00:00:00-05:00,7.320000171661377,7.5,7.320000171661377,7.460000038146973,4200,0.0,0.0
2026-01-07 00:00:00-05:00,7.46999979019165,7.929999828338623,7.46999979019165,7.789999961853027,12500,0.0,0.0
2026-01-08 00:00:00-05:00,7.699999809265137,7.960000038146973,7.699999809265137,7.760000228881836,4100,0.0,0.0
2026-01-09 00:00:00-05:00,7.449999809265137,7.980000019073486,7.409999847412109,7.739999771118164,9300,0.0,0.0
2026-01-12 00:00:00-05:00,7.809999942779541,7.809999942779541,7.619999885559082,7.619999885559082,1100,0.0,0.0
2026-01-13 00:00:00-05:00,7.659999847412109,8.0,7.659999847412109,7.909999847412109,1700,0.0,0.0
2026-01-14 00:00:00-05:00,7.96999979019165,8.109999656677246,7.929999828338623,8.079999923706055,700,0.0,0.0
2026-01-15 00:00:00-05:00,8.0,8.520000457763672,8.0,8.380000114440918,15900,0.0,0.0
2026-01-16 00:00:00-05:00,8.760000228881836,8.760000228881836,8.260000228881836,8.399999618530273,2900,0.0,0.0
2026-01-20 00:00:00-05:00,8.199999809265137,8.399999618530273,8.199999809265137,8.380000114440918,800,0.0,0.0
2026-01-21 00:00:00-05:00,8.199999809265137,8.350000381469727,8.199999809265137,8.350000381469727,1300,0.0,0.0
2026-01-22 00:00:00-05:00,8.760000228881836,8.760000228881836,8.399999618530273,8.760000228881836,800,0.0,0.0
2026-01-23 00:00:00-05:00,8.760000228881836,8.760000228881836,8.760000228881836,8.760000228881836,0,0.0,0.0
2026-01-26 00:00:00-05:00,8.399999618530273,8.729999542236328,8.270000457763672,8.5,3300,0.0,0.0
2026-01-27 00:00:00-05:00,8.649999618530273,9.4399995803833,8.600000381469727,8.979999542236328,27500,0.0,0.0
2026-01-28 00:00:00-05:00,8.510000228881836,9.100000381469727,8.510000228881836,8.829999923706055,8500,0.0,0.0
2026-01-29 00:00:00-05:00,8.520000457763672,9.020000457763672,8.520000457763672,8.920000076293945,2200,0.0,0.0
2026-01-30 00:00:00-05:00,8.649999618530273,8.930000305175781,8.550000190734863,8.869999885559082,1600,0.0,0.0
2026-02-02 00:00:00-05:00,8.869999885559082,9.720000267028809,8.5,9.609999656677246,15000,0.0,0.0
2026-02-03 00:00:00-05:00,9.420000076293945,9.420000076293945,9.199999809265137,9.399999618530273,800,0.0,0.0
2026-02-04 00:00:00-05:00,9.199999809265137,9.199999809265137,9.0,9.0,3100,0.0,0.0
2026-02-05 00:00:00-05:00,8.5,8.989999771118164,8.25,8.989999771118164,3000,0.0,0.0
2026-02-06 00:00:00-05:00,8.5,9.100000381469727,8.5,8.699999809265137,7400,0.0,0.0
2026-02-09 00:00:00-05:00,8.649999618530273,9.050000190734863,8.5,9.010000228881836,4800,0.0,0.0
2026-02-10 00:00:00-05:00,9.210000038146973,9.220000267028809,8.859999656677246,9.039999961853027,8300,0.0,0.0
2026-02-11 00:00:00-05:00,9.350000381469727,9.5,9.260000228881836,9.390000343322754,11800,0.0,0.0
2026-02-12 00:00:00-05:00,9.050000190734863,9.399999618530273,9.0,9.399999618530273,1300,0.0,0.0
2026-02-13 00:00:00-05:00,9.399999618530273,9.399999618530273,9.399999618530273,9.399999618530273,0,0.0,0.0
2026-02-17 00:00:00-05:00,9.34000015258789,9.75,9.0,9.699999809265137,2100,0.0,0.0
2026-02-18 00:00:00-05:00,9.510000228881836,9.609999656677246,9.460000038146973,9.569999694824219,5800,0.0,0.0
2026-02-19 00:00:00-05:00,9.5,9.550000190734863,9.5,9.550000190734863,4300,0.0,0.0
2026-02-20 00:00:00-05:00,9.390000343322754,9.40999984741211,9.300000190734863,9.40999984741211,1000,0.0,0.0
2026-02-23 00:00:00-05:00,9.300000190734863,9.420000076293945,8.630000114440918,8.75,12800,0.0,0.0
2026-02-24 00:00:00-05:00,8.5600004196167,9.020000457763672,8.5,9.020000457763672,3700,0.0,0.0
2026-02-25 00:00:00-05:00,8.640000343322754,9.149999618530273,8.600000381469727,9.149999618530273,6300,0.0,0.0
2026-02-26 00:00:00-05:00,9.050000190734863,9.520000457763672,9.050000190734863,9.050000190734863,5000,0.0,0.0
2026-02-27 00:00:00-05:00,9.479999542236328,9.479999542236328,9.479999542236328,9.479999542236328,1200,0.0,0.0
2026-03-02 00:00:00-05:00,9.050000190734863,9.5,9.050000190734863,9.5,1800,0.0,0.0
2026-03-03 00:00:00-05:00,9.0,9.0,9.0,9.0,500,0.0,0.0
2026-03-04 00:00:00-05:00,9.0,9.40999984741211,9.0,9.40999984741211,5600,0.0,0.0
2026-03-05 00:00:00-05:00,9.40999984741211,9.40999984741211,9.40999984741211,9.40999984741211,0,0.0,0.0
2026-03-06 00:00:00-05:00,9.199999809265137,9.199999809265137,9.199999809265137,9.199999809265137,300,0.0,0.0
2026-03-09 00:00:00-04:00,9.239999771118164,9.239999771118164,9.239999771118164,9.239999771118164,200,0.0,0.0
2026-03-10 00:00:00-04:00,8.640000343322754,9.789999961853027,8.640000343322754,9.399999618530273,6100,0.0,0.0
2026-03-11 00:00:00-04:00,9.399999618530273,9.399999618530273,9.399999618530273,9.399999618530273,0,0.0,0.0
2026-03-12 00:00:00-04:00,9.470000267028809,9.789999961853027,9.3100004196167,9.510000228881836,7900,0.0,0.0
2026-03-13 00:00:00-04:00,9.329999923706055,9.329999923706055,9.149999618530273,9.199999809265137,2200,0.0,0.0
2026-03-16 00:00:00-04:00,9.510000228881836,9.640000343322754,9.34000015258789,9.640000343322754,2300,0.0,0.0
2026-03-17 00:00:00-04:00,9.0600004196167,9.670000076293945,9.0600004196167,9.579999923706055,2300,0.0,0.0
2026-03-18 00:00:00-04:00,9.0,9.649999618530273,9.0,9.649999618530273,2900,0.0,0.0
2026-03-19 00:00:00-04:00,9.279999732971191,9.84000015258789,9.279999732971191,9.84000015258789,5100,0.0,0.0
2026-03-20 00:00:00-04:00,9.75,9.899999618530273,9.720000267028809,9.899999618530273,3900,0.0,0.0
2026-03-23 00:00:00-04:00,9.899999618530273,10.430000305175781,9.850000381469727,10.079999923706055,9400,0.0,0.0
2026-03-24 00:00:00-04:00,9.890000343322754,10.40999984741211,9.890000343322754,10.329999923706055,7200,0.0,0.0
2026-03-25 00:00:00-04:00,10.329999923706055,10.329999923706055,10.0,10.0,3800,0.0,0.0
2026-03-26 00:00:00-04:00,10.149999618530273,10.149999618530273,9.869999885559082,9.869999885559082,16000,0.0,0.0
2026-03-27 00:00:00-04:00,11.0,11.899999618530273,11.0,11.829999923706055,118800,0.0,0.0
2026-03-30 00:00:00-04:00,12.25,12.25,11.420000076293945,11.850000381469727,62900,0.0,0.0
2026-03-31 00:00:00-04:00,11.9399995803833,12.25,11.520000457763672,12.1899995803833,20200,0.0,0.0
2026-04-01 00:00:00-04:00,12.25,13.289999961853027,12.1899995803833,12.760000228881836,74500,0.0,0.0
2026-04-02 00:00:00-04:00,12.569999694824219,13.0,12.220000267028809,12.920000076293945,13200,0.0,0.0
2026-04-06 00:00:00-04:00,13.34000015258789,13.34000015258789,12.920000076293945,13.149999618530273,47000,0.0,0.0
2026-04-07 00:00:00-04:00,13.359999656677246,13.359999656677246,12.800000190734863,13.100000381469727,12500,0.0,0.0
2026-04-08 00:00:00-04:00,13.350000381469727,13.630000114440918,13.180000305175781,13.460000038146973,42200,0.0,0.0
2026-04-09 00:00:00-04:00,13.550000190734863,14.289999961853027,12.0,14.25,70000,0.0,0.0
2026-04-10 00:00:00-04:00,14.079999923706055,14.319999694824219,13.489999771118164,13.779999732971191,37300,0.0,0.0
2026-04-13 00:00:00-04:00,13.829999923706055,14.399999618530273,12.300000190734863,14.399999618530273,36700,0.0,0.0
2026-04-14 00:00:00-04:00,14.09000015258789,14.449999809265137,13.710000038146973,14.130000114440918,38800,0.0,0.0
2026-04-15 00:00:00-04:00,14.34000015258789,14.5600004196167,13.859999656677246,14.479999542236328,34700,0.0,0.0
2026-04-16 00:00:00-04:00,14.300000190734863,14.489999771118164,13.970000267028809,14.359999656677246,28900,0.0,0.0
2026-04-17 00:00:00-04:00,14.5,14.609999656677246,14.260000228881836,14.470000267028809,19700,0.0,0.0
2026-04-20 00:00:00-04:00,14.4399995803833,14.800000190734863,14.210000038146973,14.289999961853027,31000,0.0,0.0
2026-04-21 00:00:00-04:00,14.6899995803833,15.0,14.449999809265137,14.539999961853027,30200,0.0,0.0
2026-04-22 00:00:00-04:00,14.380000114440918,14.8100004196167,14.210000038146973,14.5,17600,0.0,0.0
2026-04-23 00:00:00-04:00,14.569999694824219,15.390000343322754,14.529999732971191,15.380000114440918,39500,0.0,0.0
2026-04-24 00:00:00-04:00,15.1899995803833,15.25,14.09000015258789,14.25,19200,0.0,0.0
2026-04-27 00:00:00-04:00,14.40999984741211,14.529999732971191,13.779999732971191,14.25,11400,0.0,0.0
2026-04-28 00:00:00-04:00,14.039999961853027,14.4399995803833,13.720000267028809,13.75,9100,0.0,0.0
2026-04-29 00:00:00-04:00,13.600000381469727,13.600000381469727,12.600000381469727,13.069999694824219,42500,0.0,0.0
2026-04-30 00:00:00-04:00,13.40999984741211,13.680000305175781,13.130000114440918,13.640000343322754,11900,0.0,0.0
2026-05-01 00:00:00-04:00,13.640000343322754,14.039999961853027,12.899999618530273,13.180000305175781,12700,0.0,0.0
2026-05-04 00:00:00-04:00,13.420000076293945,14.84000015258789,13.420000076293945,14.430000305175781,18100,0.0,0.0
2026-05-05 00:00:00-04:00,14.180000305175781,14.720000267028809,13.430000305175781,13.8100004196167,27300,0.0,0.0
2026-05-06 00:00:00-04:00,14.09000015258789,14.09000015258789,13.199999809265137,13.199999809265137,14900,0.0,0.0
2026-05-07 00:00:00-04:00,13.319999694824219,13.489999771118164,12.3100004196167,12.520000457763672,10400,0.0,0.0
2026-05-08 00:00:00-04:00,12.199999809265137,13.069999694824219,12.199999809265137,12.859999656677246,7800,0.0,0.0
2026-05-11 00:00:00-04:00,13.050000190734863,14.220000267028809,13.050000190734863,13.739999771118164,28200,0.0,0.0
2026-05-12 00:00:00-04:00,13.829999923706055,13.829999923706055,13.40999984741211,13.510000228881836,7100,0.0,0.0
2026-05-13 00:00:00-04:00,13.979999542236328,14.199999809265137,13.850000381469727,13.960000038146973,16700,0.0,0.0
2026-05-14 00:00:00-04:00,13.520000457763672,13.520000457763672,11.779999732971191,12.109999656677246,33600,0.0,0.0
2026-05-15 00:00:00-04:00,11.90999984741211,12.720000267028809,11.229999542236328,12.40999984741211,38200,0.0,0.0
2026-05-18 00:00:00-04:00,12.40999984741211,12.979999542236328,12.15999984741211,12.390000343322754,12700,0.0,0.0
2026-05-19 00:00:00-04:00,12.210000038146973,12.300000190734863,12.210000038146973,12.25,1300,0.0,0.0
2026-05-20 00:00:00-04:00,11.960000038146973,12.3100004196167,11.960000038146973,12.3100004196167,2600,0.0,0.0
2026-05-21 00:00:00-04:00,12.010000228881836,12.229999542236328,12.010000228881836,12.229999542236328,1600,0.0,0.0
2026-05-22 00:00:00-04:00,12.0,12.800000190734863,11.789999961853027,12.229999542236328,8000,0.0,0.0
2026-05-26 00:00:00-04:00,12.279999732971191,13.140000343322754,12.279999732971191,12.920000076293945,20100,0.0,0.0
2026-05-27 00:00:00-04:00,13.270000457763672,14.300000190734863,12.649999618530273,13.920000076293945,33000,0.0,0.0
2026-05-28 00:00:00-04:00,13.850000381469727,16.75,13.8100004196167,16.360000610351562,111400,0.0,0.0
2026-05-29 00:00:00-04:00,16.700000762939453,16.950000762939453,14.510000228881836,14.930000305175781,114100,0.0,0.0
2026-06-01 00:00:00-04:00,15.5600004196167,17.75,15.260000228881836,17.65999984741211,91100,0.0,0.0
2026-06-02 00:00:00-04:00,17.75,18.010000228881836,16.559999465942383,17.3799991607666,61700,0.0,0.0
2026-06-03 00:00:00-04:00,17.690000534057617,17.690000534057617,16.530000686645508,16.549999237060547,26000,0.0,0.0
2026-06-04 00:00:00-04:00,16.5,16.790000915527344,16.0,16.68000030517578,12500,0.0,0.0
2026-06-05 00:00:00-04:00,16.260000228881836,16.510000228881836,15.420000076293945,15.829999923706055,21400,0.0,0.0
2026-06-08 00:00:00-04:00,16.299999237060547,17.450000762939453,16.059999465942383,16.299999237060547,46100,0.0,0.0
2026-06-09 00:00:00-04:00,16.860000610351562,17.200000762939453,15.850000381469727,16.969999313354492,29300,0.0,0.0
2026-06-10 00:00:00-04:00,16.770000457763672,17.75,16.770000457763672,17.020000457763672,18700,0.0,0.0
2026-06-11 00:00:00-04:00,16.989999771118164,17.489999771118164,16.520000457763672,16.600000381469727,24300,0.0,0.0
2026-06-12 00:00:00-04:00,16.540000915527344,16.700000762939453,16.25,16.459999084472656,12100,0.0,0.0
2026-06-15 00:00:00-04:00,16.149999618530273,16.899999618530273,16.149999618530273,16.229999542236328,9000,0.0,0.0
2026-06-16 00:00:00-04:00,16.0,16.579999923706055,16.0,16.059999465942383,4700,0.0,0.0
2026-06-17 00:00:00-04:00,16.299999237060547,16.389999389648438,15.5,15.5,28400,0.0,0.0
2026-06-18 00:00:00-04:00,16.299999237060547,17.489999771118164,16.0,17.489999771118164,44200,0.0,0.0
2026-06-22 00:00:00-04:00,17.56999969482422,17.600000381469727,17.0,17.579999923706055,14300,0.0,0.0
2026-06-23 00:00:00-04:00,17.350000381469727,17.450000762939453,16.799999237060547,16.799999237060547,9700,0.0,0.0
2026-06-24 00:00:00-04:00,16.899999618530273,17.110000610351562,15.699999809265137,16.139999389648438,29900,0.0,0.0
2026-06-25 00:00:00-04:00,16.020000457763672,16.920000076293945,16.020000457763672,16.670000076293945,17200,0.0,0.0
2026-06-26 00:00:00-04:00,16.809999465942383,16.809999465942383,16.0,16.420000076293945,23900,0.0,0.0
2026-06-29 00:00:00-04:00,16.5,16.690000534057617,15.75,16.25,13100,0.0,0.0
2026-06-30 00:00:00-04:00,16.520000457763672,16.520000457763672,15.510000228881836,15.819999694824219,16200,0.0,0.0
2026-07-01 00:00:00-04:00,15.819999694824219,16.440000534057617,15.5,15.960000038146973,9900,0.0,0.0
2026-07-02 00:00:00-04:00,16.09000015258789,16.1200008392334,14.109999656677246,14.550000190734863,27900,0.0,0.0
2026-07-06 00:00:00-04:00,14.859999656677246,15.670000076293945,14.050000190734863,14.529999732971191,11300,0.0,0.0
2026-07-07 00:00:00-04:00,14.220000267028809,14.699999809265137,13.5600004196167,13.5600004196167,8400,0.0,0.0
2026-07-08 00:00:00-04:00,14.010000228881836,14.779999732971191,13.390000343322754,14.369999885559082,14700,0.0,0.0
2026-07-09 00:00:00-04:00,14.3100004196167,15.260000228881836,14.3100004196167,14.520000457763672,8500,0.0,0.0
2026-07-10 00:00:00-04:00,14.800000190734863,14.970000267028809,13.880000114440918,13.880000114440918,20500,0.0,0.0
2026-07-13 00:00:00-04:00,13.8100004196167,14.40999984741211,13.229999542236328,13.649999618530273,107800,0.0,0.0
2026-07-14 00:00:00-04:00,13.149999618530273,14.390000343322754,13.130000114440918,14.079999923706055,92600,0.0,0.0
2026-07-15 00:00:00-04:00,14.489999771118164,14.510000228881836,13.460000038146973,14.050000190734863,42300,0.0,0.0
2026-07-16 00:00:00-04:00,13.5,14.609999656677246,13.5,14.270000457763672,27700,0.0,0.0
2026-07-17 00:00:00-04:00,13.899999618530273,14.34000015258789,13.550000190734863,13.869999885559082,33900,0.0,0.0
2026-07-20 00:00:00-04:00,13.84000015258789,14.09000015258789,13.180000305175781,13.5,8700,0.0,0.0
2026-07-23 00:00:00-04:00,13.890000343322754,14.529999732971191,13.890000343322754,14.34000015258789,6300,0.0,0.0
2026-07-24 00:00:00-04:00,14.15999984741211,14.489999771118164,13.869999885559082,14.25,5400,0.0,0.0
2026-07-27 00:00:00-04:00,14.210000038146973,15.460000038146973,14.210000038146973,15.029999732971191,23200,0.0,0.0
2026-07-28 00:00:00-04:00,15.149999618530273,15.149999618530273,14.319999694824219,14.460000038146973,11000,0.0,0.0
2026-07-29 00:00:00-04:00,14.329999923706055,14.649999618530273,13.800000190734863,14.329999923706055,17700,0.0,0.0
2026-07-30 00:00:00-04:00,14.59000015258789,15.0,13.5,13.5,23400,0.0,0.0
2026-08-03 00:00:00-04:00,13.609999656677246,14.65999984741211,13.609999656677246,14.09000015258789,23000,0.0,0.0
2026-08-04 00:00:00-04:00,14.3100004196167,15.300000190734863,14.050000190734863,14.6899995803833,19900,0.0,0.0
2026-08-05 00:00:00-04:00,14.5600004196167,14.699999809265137,13.9399995803833,14.100000381469727,6100,0.0,0.0
2026-08-06 00:00:00-04:00,14.109999656677246,14.970000267028809,14.010000228881836,14.319999694824219,19100,0.0,0.0
2026-08-07 00:00:00-04:00,14.1899995803833,15.699999809265137,14.170000076293945,15.430000305175781,35800,0.0,0.0
2026-08-10 00:00:00-04:00,15.279999732971191,15.289999961853027,14.5,14.640000343322754,11400,0.0,0.0
2026-08-11 00:00:00-04:00,14.890000343322754,15.09000015258789,14.619999885559082,14.880000114440918,8200,0.0,0.0
2026-08-12 00:00:00-04:00,14.920000076293945,15.5600004196167,14.699999809265137,15.210000038146973,7200,0.0,0.0
2026-08-13 00:00:00-04:00,15.4399995803833,15.4399995803833,12.619999885559082,12.75,48800,0.0,0.0
2026-08-14 00:00:00-04:00,12.670000076293945,12.739999771118164,12.109999656677246,12.109999656677246,24900,0.0,0.0
2026-08-17 00:00:00-04:00,11.960000038146973,12.800000190734863,11.789999961853027,12.359999656677246,23000,0.0,0.0
2026-08-18 00:00:00-04:00,12.140000343322754,12.199999809265137,12.140000343322754,12.199999809265137,1200,0.0,0.0
2026-08-19 00:00:00-04:00,12.338700294494629,12.338700294494629,12.010000228881836,12.050000190734863,3011,0.0,0.0
