Date,Open,High,Low,Close,Volume,Dividends,Stock Splits
2023-11-30 00:00:00-05:00,10.100000381469727,10.100000381469727,10.079999923706055,10.079999923706055,424800,0.0,0.0
2023-12-01 00:00:00-05:00,10.079999923706055,10.09000015258789,10.079999923706055,10.079999923706055,127900,0.0,0.0
2023-12-04 00:00:00-05:00,10.079999923706055,10.09000015258789,10.069999694824219,10.079999923706055,249400,0.0,0.0
2023-12-05 00:00:00-05:00,10.079999923706055,10.09000015258789,10.069999694824219,10.079999923706055,368100,0.0,0.0
2023-12-06 00:00:00-05:00,10.079999923706055,10.079999923706055,10.069999694824219,10.079999923706055,79900,0.0,0.0
2023-12-07 00:00:00-05:00,10.09000015258789,10.100000381469727,10.079999923706055,10.079999923706055,282100,0.0,0.0
2023-12-08 00:00:00-05:00,10.09000015258789,10.09000015258789,10.09000015258789,10.09000015258789,50000,0.0,0.0
2023-12-11 00:00:00-05:00,10.09000015258789,10.100000381469727,10.079999923706055,10.079999923706055,578000,0.0,0.0
2023-12-12 00:00:00-05:00,10.09000015258789,10.100000381469727,10.085000038146973,10.093999862670898,377800,0.0,0.0
2023-12-13 00:00:00-05:00,10.09000015258789,10.100000381469727,10.09000015258789,10.100000381469727,1600,0.0,0.0
2023-12-14 00:00:00-05:00,10.100000381469727,10.100000381469727,10.09000015258789,10.100000381469727,101500,0.0,0.0
2023-12-15 00:00:00-05:00,10.100000381469727,10.100000381469727,10.09000015258789,10.09000015258789,166400,0.0,0.0
2023-12-18 00:00:00-05:00,10.09000015258789,10.09000015258789,10.09000015258789,10.09000015258789,0,0.0,0.0
2023-12-19 00:00:00-05:00,10.100000381469727,10.100000381469727,10.09000015258789,10.100000381469727,282700,0.0,0.0
2023-12-20 00:00:00-05:00,10.100000381469727,10.100000381469727,10.100000381469727,10.100000381469727,0,0.0,0.0
2023-12-21 00:00:00-05:00,10.100000381469727,10.100000381469727,10.100000381469727,10.100000381469727,0,0.0,0.0
2023-12-22 00:00:00-05:00,10.085000038146973,10.09000015258789,10.079999923706055,10.09000015258789,11300,0.0,0.0
2023-12-26 00:00:00-05:00,10.09000015258789,10.09000015258789,10.09000015258789,10.09000015258789,0,0.0,0.0
2023-12-27 00:00:00-05:00,10.09000015258789,10.09000015258789,10.09000015258789,10.09000015258789,0,0.0,0.0
2023-12-28 00:00:00-05:00,10.09000015258789,10.09000015258789,10.09000015258789,10.09000015258789,0,0.0,0.0
2023-12-29 00:00:00-05:00,10.109000205993652,10.109999656677246,10.109000205993652,10.109999656677246,3000,0.0,0.0
2024-01-02 00:00:00-05:00,10.09000015258789,10.109999656677246,10.09000015258789,10.109999656677246,13900,0.0,0.0
2024-01-03 00:00:00-05:00,10.119999885559082,10.119999885559082,10.119999885559082,10.119999885559082,600,0.0,0.0
2024-01-04 00:00:00-05:00,10.130000114440918,10.140000343322754,10.130000114440918,10.140000343322754,35300,0.0,0.0
2024-01-05 00:00:00-05:00,10.140000343322754,10.140000343322754,10.140000343322754,10.140000343322754,100,0.0,0.0
2024-01-08 00:00:00-05:00,10.109000205993652,10.149999618530273,10.109000205993652,10.130000114440918,43700,0.0,0.0
2024-01-09 00:00:00-05:00,10.109999656677246,10.109999656677246,10.109999656677246,10.109999656677246,2300,0.0,0.0
2024-01-10 00:00:00-05:00,10.140000343322754,10.140000343322754,10.140000343322754,10.140000343322754,200,0.0,0.0
2024-01-11 00:00:00-05:00,10.140000343322754,10.140000343322754,10.130000114440918,10.130000114440918,2700,0.0,0.0
2024-01-12 00:00:00-05:00,10.130000114440918,10.130000114440918,10.130000114440918,10.130000114440918,0,0.0,0.0
2024-01-16 00:00:00-05:00,10.140000343322754,10.140000343322754,10.140000343322754,10.140000343322754,500,0.0,0.0
2024-01-17 00:00:00-05:00,10.140000343322754,10.140000343322754,10.140000343322754,10.140000343322754,0,0.0,0.0
2024-01-18 00:00:00-05:00,10.140000343322754,10.140000343322754,10.140000343322754,10.140000343322754,29300,0.0,0.0
2024-01-19 00:00:00-05:00,10.140000343322754,10.140000343322754,10.140000343322754,10.140000343322754,300,0.0,0.0
2024-01-22 00:00:00-05:00,10.149999618530273,10.1899995803833,10.140000343322754,10.140000343322754,30800,0.0,0.0
2024-01-23 00:00:00-05:00,10.140000343322754,10.140000343322754,10.140000343322754,10.140000343322754,0,0.0,0.0
2024-01-24 00:00:00-05:00,10.140000343322754,10.140000343322754,10.140000343322754,10.140000343322754,0,0.0,0.0
2024-01-25 00:00:00-05:00,10.220000267028809,10.220000267028809,10.220000267028809,10.220000267028809,200,0.0,0.0
2024-01-26 00:00:00-05:00,10.220000267028809,10.220000267028809,10.220000267028809,10.220000267028809,500,0.0,0.0
2024-01-29 00:00:00-05:00,10.168000221252441,10.210000038146973,10.149999618530273,10.199999809265137,97100,0.0,0.0
2024-01-30 00:00:00-05:00,10.220000267028809,10.220000267028809,10.211000442504883,10.211000442504883,8500,0.0,0.0
2024-01-31 00:00:00-05:00,10.1899995803833,10.34000015258789,10.180000305175781,10.180000305175781,19100,0.0,0.0
2024-02-01 00:00:00-05:00,10.199999809265137,10.25,10.1899995803833,10.25,17800,0.0,0.0
2024-02-02 00:00:00-05:00,10.25,10.25,10.25,10.25,0,0.0,0.0
2024-02-05 00:00:00-05:00,10.199999809265137,10.210000038146973,10.199999809265137,10.199999809265137,30200,0.0,0.0
2024-02-06 00:00:00-05:00,10.199999809265137,10.199999809265137,10.199999809265137,10.199999809265137,3700,0.0,0.0
2024-02-07 00:00:00-05:00,10.20300006866455,10.206999778747559,10.199999809265137,10.199999809265137,35200,0.0,0.0
2024-02-08 00:00:00-05:00,10.199999809265137,10.199999809265137,10.199999809265137,10.199999809265137,21700,0.0,0.0
2024-02-09 00:00:00-05:00,10.199999809265137,10.199999809265137,10.199999809265137,10.199999809265137,17800,0.0,0.0
2024-02-12 00:00:00-05:00,10.199999809265137,10.199999809265137,10.199999809265137,10.199999809265137,0,0.0,0.0
2024-02-13 00:00:00-05:00,10.199999809265137,10.199999809265137,10.199999809265137,10.199999809265137,0,0.0,0.0
2024-02-14 00:00:00-05:00,10.199999809265137,10.199999809265137,10.199999809265137,10.199999809265137,0,0.0,0.0
2024-02-15 00:00:00-05:00,10.180000305175781,10.180000305175781,10.180000305175781,10.180000305175781,16600,0.0,0.0
2024-02-16 00:00:00-05:00,10.210000038146973,10.25,10.164999961853027,10.164999961853027,3000,0.0,0.0
2024-02-20 00:00:00-05:00,10.164999961853027,10.164999961853027,10.164999961853027,10.164999961853027,0,0.0,0.0
2024-02-21 00:00:00-05:00,10.180000305175781,10.180000305175781,10.180000305175781,10.180000305175781,1800,0.0,0.0
2024-02-22 00:00:00-05:00,10.180000305175781,10.180000305175781,10.180000305175781,10.180000305175781,0,0.0,0.0
2024-02-23 00:00:00-05:00,10.180000305175781,10.180000305175781,10.180000305175781,10.180000305175781,100,0.0,0.0
2024-02-26 00:00:00-05:00,10.180000305175781,10.180000305175781,10.180000305175781,10.180000305175781,2900,0.0,0.0
2024-02-27 00:00:00-05:00,10.180000305175781,10.1899995803833,10.180000305175781,10.180000305175781,226400,0.0,0.0
2024-02-28 00:00:00-05:00,10.220000267028809,10.255000114440918,10.180000305175781,10.180000305175781,15800,0.0,0.0
2024-02-29 00:00:00-05:00,10.180000305175781,10.180000305175781,10.180000305175781,10.180000305175781,0,0.0,0.0
2024-03-01 00:00:00-05:00,10.180000305175781,10.180000305175781,10.180000305175781,10.180000305175781,100,0.0,0.0
2024-03-04 00:00:00-05:00,10.180000305175781,10.199999809265137,10.180000305175781,10.180000305175781,66700,0.0,0.0
2024-03-05 00:00:00-05:00,10.180000305175781,10.1850004196167,10.180000305175781,10.1850004196167,15500,0.0,0.0
2024-03-06 00:00:00-05:00,10.1850004196167,10.1850004196167,10.1850004196167,10.1850004196167,0,0.0,0.0
2024-03-07 00:00:00-05:00,10.1850004196167,10.1850004196167,10.1850004196167,10.1850004196167,0,0.0,0.0
2024-03-08 00:00:00-05:00,10.1850004196167,10.1850004196167,10.1850004196167,10.1850004196167,0,0.0,0.0
2024-03-11 00:00:00-04:00,10.1850004196167,10.1850004196167,10.1850004196167,10.1850004196167,0,0.0,0.0
2024-03-12 00:00:00-04:00,10.180000305175781,10.180000305175781,10.180000305175781,10.180000305175781,3800,0.0,0.0
2024-03-13 00:00:00-04:00,10.180000305175781,10.180000305175781,10.180000305175781,10.180000305175781,100,0.0,0.0
2024-03-14 00:00:00-04:00,10.1899995803833,10.1899995803833,10.180000305175781,10.180000305175781,7100,0.0,0.0
2024-03-15 00:00:00-04:00,10.180000305175781,10.180000305175781,10.180000305175781,10.180000305175781,0,0.0,0.0
2024-03-18 00:00:00-04:00,10.180000305175781,10.180000305175781,10.180000305175781,10.180000305175781,0,0.0,0.0
2024-03-19 00:00:00-04:00,10.170000076293945,10.177000045776367,10.170000076293945,10.177000045776367,7600,0.0,0.0
2024-03-20 00:00:00-04:00,10.170000076293945,10.170000076293945,10.170000076293945,10.170000076293945,2100,0.0,0.0
2024-03-21 00:00:00-04:00,10.170000076293945,10.170000076293945,10.170000076293945,10.170000076293945,23100,0.0,0.0
2024-03-22 00:00:00-04:00,10.170000076293945,10.170000076293945,10.170000076293945,10.170000076293945,0,0.0,0.0
2024-03-25 00:00:00-04:00,10.170000076293945,10.170000076293945,10.170000076293945,10.170000076293945,0,0.0,0.0
2024-03-26 00:00:00-04:00,10.170000076293945,10.170000076293945,10.170000076293945,10.170000076293945,4500,0.0,0.0
2024-03-27 00:00:00-04:00,10.180000305175781,10.180000305175781,10.180000305175781,10.180000305175781,3300,0.0,0.0
2024-03-28 00:00:00-04:00,10.180000305175781,10.180000305175781,10.180000305175781,10.180000305175781,0,0.0,0.0
2024-04-01 00:00:00-04:00,10.180000305175781,10.180000305175781,10.180000305175781,10.180000305175781,0,0.0,0.0
2024-04-02 00:00:00-04:00,10.1899995803833,10.199999809265137,10.1899995803833,10.1899995803833,15000,0.0,0.0
2024-04-03 00:00:00-04:00,10.199999809265137,10.210000038146973,10.1899995803833,10.210000038146973,26700,0.0,0.0
2024-04-04 00:00:00-04:00,10.210000038146973,10.210000038146973,10.210000038146973,10.210000038146973,0,0.0,0.0
2024-04-05 00:00:00-04:00,10.210000038146973,10.210000038146973,10.210000038146973,10.210000038146973,0,0.0,0.0
2024-04-08 00:00:00-04:00,10.210000038146973,10.220000267028809,10.210000038146973,10.220000267028809,5700,0.0,0.0
2024-04-09 00:00:00-04:00,10.220000267028809,10.220000267028809,10.21500015258789,10.220000267028809,10900,0.0,0.0
2024-04-10 00:00:00-04:00,10.229999542236328,10.229999542236328,10.225000381469727,10.229999542236328,11500,0.0,0.0
2024-04-11 00:00:00-04:00,10.210000038146973,10.210000038146973,10.210000038146973,10.210000038146973,1200,0.0,0.0
2024-04-12 00:00:00-04:00,10.220999717712402,10.229999542236328,10.220000267028809,10.229999542236328,1300,0.0,0.0
2024-04-15 00:00:00-04:00,10.229999542236328,10.229999542236328,10.229999542236328,10.229999542236328,0,0.0,0.0
2024-04-16 00:00:00-04:00,10.229999542236328,10.229999542236328,10.229999542236328,10.229999542236328,0,0.0,0.0
2024-04-17 00:00:00-04:00,10.229999542236328,10.229999542236328,10.229999542236328,10.229999542236328,1400,0.0,0.0
2024-04-18 00:00:00-04:00,10.229999542236328,10.229999542236328,10.229999542236328,10.229999542236328,0,0.0,0.0
2024-04-19 00:00:00-04:00,10.210000038146973,10.229999542236328,10.210000038146973,10.210000038146973,800,0.0,0.0
2024-04-22 00:00:00-04:00,10.210000038146973,10.210000038146973,10.210000038146973,10.210000038146973,0,0.0,0.0
2024-04-23 00:00:00-04:00,10.210000038146973,10.210000038146973,10.210000038146973,10.210000038146973,0,0.0,0.0
2024-04-24 00:00:00-04:00,10.210000038146973,10.210000038146973,10.210000038146973,10.210000038146973,0,0.0,0.0
2024-04-25 00:00:00-04:00,10.210000038146973,10.210000038146973,10.210000038146973,10.210000038146973,1100,0.0,0.0
2024-04-26 00:00:00-04:00,10.210000038146973,10.210000038146973,10.210000038146973,10.210000038146973,0,0.0,0.0
2024-04-29 00:00:00-04:00,10.23799991607666,10.23799991607666,10.220000267028809,10.220000267028809,2100,0.0,0.0
2024-04-30 00:00:00-04:00,10.239999771118164,10.239999771118164,10.239999771118164,10.239999771118164,100,0.0,0.0
2024-05-01 00:00:00-04:00,10.25,10.25,10.239999771118164,10.25,6500,0.0,0.0
2024-05-02 00:00:00-04:00,10.25,10.25,10.25,10.25,0,0.0,0.0
2024-05-03 00:00:00-04:00,10.25,10.25,10.25,10.25,0,0.0,0.0
2024-05-06 00:00:00-04:00,10.25,10.25,10.25,10.25,0,0.0,0.0
2024-05-07 00:00:00-04:00,10.25,10.25,10.25,10.25,0,0.0,0.0
2024-05-08 00:00:00-04:00,10.229999542236328,10.229999542236328,10.229999542236328,10.229999542236328,1400,0.0,0.0
2024-05-09 00:00:00-04:00,10.239999771118164,10.25,10.239999771118164,10.25,800,0.0,0.0
2024-05-10 00:00:00-04:00,10.25,10.25,10.25,10.25,0,0.0,0.0
2024-05-13 00:00:00-04:00,10.260000228881836,10.260000228881836,10.260000228881836,10.260000228881836,37100,0.0,0.0
2024-05-14 00:00:00-04:00,10.270000457763672,10.270000457763672,10.239999771118164,10.239999771118164,3400,0.0,0.0
2024-05-15 00:00:00-04:00,10.239999771118164,10.239999771118164,10.239999771118164,10.239999771118164,0,0.0,0.0
2024-05-16 00:00:00-04:00,10.25,10.25,10.25,10.25,3300,0.0,0.0
2024-05-17 00:00:00-04:00,10.25,10.25,10.25,10.25,0,0.0,0.0
2024-05-20 00:00:00-04:00,10.279999732971191,10.319999694824219,10.279999732971191,10.319999694824219,13300,0.0,0.0
2024-05-21 00:00:00-04:00,10.3100004196167,10.3100004196167,10.3100004196167,10.3100004196167,200,0.0,0.0
2024-05-22 00:00:00-04:00,10.289999961853027,10.289999961853027,10.289999961853027,10.289999961853027,200,0.0,0.0
2024-05-23 00:00:00-04:00,10.289999961853027,10.289999961853027,10.289999961853027,10.289999961853027,100,0.0,0.0
2024-05-24 00:00:00-04:00,10.289999961853027,10.289999961853027,10.289999961853027,10.289999961853027,3200,0.0,0.0
2024-05-28 00:00:00-04:00,10.289999961853027,10.300000190734863,10.289999961853027,10.300000190734863,4500,0.0,0.0
2024-05-29 00:00:00-04:00,10.289999961853027,10.300000190734863,10.289999961853027,10.300000190734863,4200,0.0,0.0
2024-05-30 00:00:00-04:00,10.300000190734863,10.300000190734863,10.300000190734863,10.300000190734863,0,0.0,0.0
2024-05-31 00:00:00-04:00,10.3100004196167,10.3100004196167,10.3100004196167,10.3100004196167,5000,0.0,0.0
2024-06-03 00:00:00-04:00,10.300000190734863,10.329999923706055,10.300000190734863,10.329999923706055,8800,0.0,0.0
2024-06-04 00:00:00-04:00,10.3100004196167,10.3100004196167,10.3100004196167,10.3100004196167,4000,0.0,0.0
2024-06-05 00:00:00-04:00,10.319999694824219,10.32699966430664,10.319999694824219,10.319999694824219,8100,0.0,0.0
2024-06-06 00:00:00-04:00,10.329999923706055,10.350000381469727,10.329999923706055,10.350000381469727,10000,0.0,0.0
2024-06-07 00:00:00-04:00,10.335000038146973,10.335000038146973,10.335000038146973,10.335000038146973,1300,0.0,0.0
2024-06-10 00:00:00-04:00,10.319999694824219,10.34000015258789,10.319999694824219,10.335000038146973,3400,0.0,0.0
2024-06-11 00:00:00-04:00,10.34000015258789,10.34000015258789,10.329999923706055,10.34000015258789,8000,0.0,0.0
2024-06-12 00:00:00-04:00,10.34000015258789,10.34000015258789,10.329999923706055,10.329999923706055,200,0.0,0.0
2024-06-13 00:00:00-04:00,10.329999923706055,10.329999923706055,10.329999923706055,10.329999923706055,0,0.0,0.0
2024-06-14 00:00:00-04:00,10.34000015258789,10.34000015258789,10.34000015258789,10.34000015258789,6700,0.0,0.0
2024-06-17 00:00:00-04:00,10.345000267028809,10.345000267028809,10.34000015258789,10.34000015258789,1000,0.0,0.0
2024-06-18 00:00:00-04:00,10.34000015258789,10.34000015258789,10.34000015258789,10.34000015258789,100000,0.0,0.0
2024-06-20 00:00:00-04:00,10.340999603271484,10.350000381469727,10.34000015258789,10.34000015258789,1500,0.0,0.0
2024-06-21 00:00:00-04:00,10.428000450134277,10.428000450134277,10.34000015258789,10.350000381469727,112100,0.0,0.0
2024-06-24 00:00:00-04:00,10.350000381469727,10.350000381469727,10.350000381469727,10.350000381469727,0,0.0,0.0
2024-06-25 00:00:00-04:00,10.34000015258789,10.359999656677246,10.34000015258789,10.34000015258789,28800,0.0,0.0
2024-06-26 00:00:00-04:00,10.34000015258789,10.34000015258789,10.34000015258789,10.34000015258789,0,0.0,0.0
2024-06-27 00:00:00-04:00,10.40999984741211,10.40999984741211,10.34000015258789,10.350000381469727,25000,0.0,0.0
2024-06-28 00:00:00-04:00,10.350000381469727,10.350000381469727,10.350000381469727,10.350000381469727,1600,0.0,0.0
2024-07-01 00:00:00-04:00,10.375,10.375,10.350000381469727,10.366999626159668,7400,0.0,0.0
2024-07-02 00:00:00-04:00,10.375,10.375,10.350000381469727,10.350000381469727,6000,0.0,0.0
2024-07-03 00:00:00-04:00,10.350000381469727,10.350000381469727,10.350000381469727,10.350000381469727,1800,0.0,0.0
2024-07-05 00:00:00-04:00,10.359999656677246,10.395000457763672,10.350000381469727,10.390000343322754,33200,0.0,0.0
2024-07-08 00:00:00-04:00,10.399999618530273,10.399999618530273,10.359999656677246,10.373000144958496,5500,0.0,0.0
2024-07-09 00:00:00-04:00,10.373000144958496,10.373000144958496,10.373000144958496,10.373000144958496,0,0.0,0.0
2024-07-10 00:00:00-04:00,10.380000114440918,10.380000114440918,10.350000381469727,10.350000381469727,13000,0.0,0.0
2024-07-11 00:00:00-04:00,10.350000381469727,10.350000381469727,10.350000381469727,10.350000381469727,0,0.0,0.0
2024-07-12 00:00:00-04:00,10.350000381469727,10.380000114440918,10.350000381469727,10.380000114440918,4300,0.0,0.0
2024-07-15 00:00:00-04:00,10.350000381469727,10.350000381469727,10.350000381469727,10.350000381469727,200,0.0,0.0
2024-07-16 00:00:00-04:00,10.350000381469727,10.355999946594238,10.350000381469727,10.350000381469727,206900,0.0,0.0
2024-07-17 00:00:00-04:00,10.350000381469727,10.35099983215332,10.300000190734863,10.329999923706055,25800,0.0,0.0
2024-07-18 00:00:00-04:00,10.3100004196167,10.3100004196167,10.3100004196167,10.3100004196167,1800,0.0,0.0
2024-07-19 00:00:00-04:00,10.3100004196167,10.3100004196167,10.3100004196167,10.3100004196167,0,0.0,0.0
2024-07-22 00:00:00-04:00,10.319999694824219,10.350000381469727,10.300000190734863,10.300000190734863,36000,0.0,0.0
2024-07-23 00:00:00-04:00,10.34000015258789,10.34000015258789,10.300000190734863,10.3100004196167,4200,0.0,0.0
2024-07-24 00:00:00-04:00,10.25,10.329999923706055,10.25,10.329999923706055,18200,0.0,0.0
2024-07-25 00:00:00-04:00,10.329999923706055,10.329999923706055,10.329999923706055,10.329999923706055,0,0.0,0.0
2024-07-26 00:00:00-04:00,10.300000190734863,10.335000038146973,10.300000190734863,10.329999923706055,6900,0.0,0.0
2024-07-29 00:00:00-04:00,10.3149995803833,10.3149995803833,10.3149995803833,10.3149995803833,200,0.0,0.0
2024-07-30 00:00:00-04:00,10.335000038146973,10.335000038146973,10.335000038146973,10.335000038146973,600,0.0,0.0
2024-07-31 00:00:00-04:00,10.335000038146973,10.335000038146973,10.335000038146973,10.335000038146973,0,0.0,0.0
2024-08-01 00:00:00-04:00,10.335000038146973,10.335000038146973,10.335000038146973,10.335000038146973,11600,0.0,0.0
2024-08-02 00:00:00-04:00,10.333999633789062,10.333999633789062,10.329999923706055,10.329999923706055,7700,0.0,0.0
2024-08-05 00:00:00-04:00,10.319999694824219,10.350000381469727,10.319999694824219,10.350000381469727,238800,0.0,0.0
2024-08-06 00:00:00-04:00,10.359999656677246,10.359999656677246,10.350000381469727,10.359999656677246,174800,0.0,0.0
2024-08-07 00:00:00-04:00,10.359999656677246,10.359999656677246,10.359999656677246,10.359999656677246,0,0.0,0.0
2024-08-08 00:00:00-04:00,10.399999618530273,10.399999618530273,10.399999618530273,10.399999618530273,1600,0.0,0.0
2024-08-09 00:00:00-04:00,10.399999618530273,10.399999618530273,10.399999618530273,10.399999618530273,0,0.0,0.0
2024-08-12 00:00:00-04:00,10.359999656677246,10.364999771118164,10.359999656677246,10.364999771118164,29000,0.0,0.0
2024-08-13 00:00:00-04:00,10.364999771118164,10.364999771118164,10.364999771118164,10.364999771118164,0,0.0,0.0
2024-08-14 00:00:00-04:00,10.364999771118164,10.364999771118164,10.364999771118164,10.364999771118164,0,0.0,0.0
2024-08-15 00:00:00-04:00,10.359999656677246,10.369999885559082,10.359999656677246,10.369999885559082,1900,0.0,0.0
2024-08-16 00:00:00-04:00,10.369999885559082,10.369999885559082,10.369999885559082,10.369999885559082,0,0.0,0.0
2024-08-19 00:00:00-04:00,10.369999885559082,10.369999885559082,10.369999885559082,10.369999885559082,0,0.0,0.0
2024-08-20 00:00:00-04:00,10.369999885559082,10.369999885559082,10.369999885559082,10.369999885559082,0,0.0,0.0
2024-08-21 00:00:00-04:00,10.369999885559082,10.369999885559082,10.369999885559082,10.369999885559082,25200,0.0,0.0
2024-08-22 00:00:00-04:00,10.369999885559082,10.380000114440918,10.369999885559082,10.380000114440918,153000,0.0,0.0
2024-08-23 00:00:00-04:00,10.390000343322754,10.390000343322754,10.369999885559082,10.369999885559082,183100,0.0,0.0
2024-08-26 00:00:00-04:00,10.369999885559082,10.369999885559082,10.369999885559082,10.369999885559082,0,0.0,0.0
2024-08-27 00:00:00-04:00,10.369999885559082,10.369999885559082,10.369999885559082,10.369999885559082,0,0.0,0.0
2024-08-28 00:00:00-04:00,10.369999885559082,10.369999885559082,10.369999885559082,10.369999885559082,1100,0.0,0.0
2024-08-29 00:00:00-04:00,10.380000114440918,10.380000114440918,10.359999656677246,10.369999885559082,338300,0.0,0.0
2024-08-30 00:00:00-04:00,10.369999885559082,10.369999885559082,10.369999885559082,10.369999885559082,0,0.0,0.0
2024-09-03 00:00:00-04:00,10.359999656677246,10.359999656677246,10.359999656677246,10.359999656677246,1600,0.0,0.0
2024-09-04 00:00:00-04:00,10.359999656677246,10.359999656677246,10.359999656677246,10.359999656677246,0,0.0,0.0
2024-09-05 00:00:00-04:00,10.378000259399414,10.380000114440918,10.378000259399414,10.380000114440918,600,0.0,0.0
2024-09-06 00:00:00-04:00,10.380000114440918,10.380000114440918,10.380000114440918,10.380000114440918,0,0.0,0.0
2024-09-09 00:00:00-04:00,10.361000061035156,10.361000061035156,10.359999656677246,10.359999656677246,2400,0.0,0.0
2024-09-10 00:00:00-04:00,10.390000343322754,10.390000343322754,10.380000114440918,10.380000114440918,93400,0.0,0.0
2024-09-11 00:00:00-04:00,10.390000343322754,10.390000343322754,10.375,10.380000114440918,92400,0.0,0.0
2024-09-12 00:00:00-04:00,10.380000114440918,10.380000114440918,10.380000114440918,10.380000114440918,25800,0.0,0.0
2024-09-13 00:00:00-04:00,10.380000114440918,10.380000114440918,10.380000114440918,10.380000114440918,0,0.0,0.0
2024-09-16 00:00:00-04:00,10.369999885559082,10.369999885559082,10.369999885559082,10.369999885559082,30100,0.0,0.0
2024-09-17 00:00:00-04:00,10.380000114440918,10.380000114440918,10.364999771118164,10.369999885559082,435400,0.0,0.0
2024-09-18 00:00:00-04:00,10.380000114440918,10.399999618530273,10.369999885559082,10.369999885559082,2000,0.0,0.0
2024-09-19 00:00:00-04:00,10.371000289916992,10.371000289916992,10.369999885559082,10.369999885559082,3000,0.0,0.0
2024-09-20 00:00:00-04:00,10.369999885559082,10.369999885559082,10.369999885559082,10.369999885559082,0,0.0,0.0
2024-09-23 00:00:00-04:00,10.369999885559082,10.369999885559082,10.369999885559082,10.369999885559082,0,0.0,0.0
2024-09-24 00:00:00-04:00,10.369999885559082,10.369999885559082,10.369999885559082,10.369999885559082,0,0.0,0.0
2024-09-25 00:00:00-04:00,10.369999885559082,10.369999885559082,10.369999885559082,10.369999885559082,0,0.0,0.0
2024-09-26 00:00:00-04:00,10.390000343322754,10.390000343322754,10.390000343322754,10.390000343322754,3100,0.0,0.0
2024-09-27 00:00:00-04:00,10.390000343322754,10.390000343322754,10.390000343322754,10.390000343322754,0,0.0,0.0
2024-09-30 00:00:00-04:00,10.399999618530273,10.399999618530273,10.395000457763672,10.399999618530273,16200,0.0,0.0
2024-10-01 00:00:00-04:00,10.399999618530273,10.399999618530273,10.399999618530273,10.399999618530273,100,0.0,0.0
2024-10-02 00:00:00-04:00,10.399999618530273,10.40999984741211,10.399999618530273,10.40999984741211,7800,0.0,0.0
2024-10-03 00:00:00-04:00,10.40999984741211,10.40999984741211,10.40999984741211,10.40999984741211,0,0.0,0.0
2024-10-04 00:00:00-04:00,10.40999984741211,10.40999984741211,10.40999984741211,10.40999984741211,0,0.0,0.0
2024-10-07 00:00:00-04:00,10.40999984741211,10.40999984741211,10.40999984741211,10.40999984741211,0,0.0,0.0
2024-10-08 00:00:00-04:00,10.420000076293945,10.420000076293945,10.420000076293945,10.420000076293945,8000,0.0,0.0
2024-10-09 00:00:00-04:00,10.430000305175781,10.430000305175781,10.430000305175781,10.430000305175781,9000,0.0,0.0
2024-10-10 00:00:00-04:00,10.420000076293945,10.420000076293945,10.399999618530273,10.399999618530273,7500,0.0,0.0
2024-10-11 00:00:00-04:00,10.420000076293945,10.4399995803833,10.399999618530273,10.399999618530273,60800,0.0,0.0
2024-10-14 00:00:00-04:00,10.449999809265137,10.449999809265137,10.444999694824219,10.444999694824219,4100,0.0,0.0
2024-10-15 00:00:00-04:00,10.4399995803833,10.4399995803833,10.430000305175781,10.4350004196167,22400,0.0,0.0
2024-10-16 00:00:00-04:00,10.449999809265137,10.449999809265137,10.444999694824219,10.449999809265137,20200,0.0,0.0
2024-10-17 00:00:00-04:00,10.454999923706055,10.454999923706055,10.454999923706055,10.454999923706055,1000,0.0,0.0
2024-10-18 00:00:00-04:00,10.460000038146973,10.489999771118164,10.460000038146973,10.489999771118164,74500,0.0,0.0
2024-10-21 00:00:00-04:00,10.489999771118164,10.489999771118164,10.489999771118164,10.489999771118164,0,0.0,0.0
2024-10-22 00:00:00-04:00,10.449999809265137,10.449999809265137,10.4399995803833,10.4399995803833,5900,0.0,0.0
2024-10-23 00:00:00-04:00,10.449999809265137,10.449999809265137,10.449999809265137,10.449999809265137,100,0.0,0.0
2024-10-24 00:00:00-04:00,10.46500015258789,10.46500015258789,10.46500015258789,10.46500015258789,400,0.0,0.0
2024-10-25 00:00:00-04:00,10.46500015258789,10.46500015258789,10.46500015258789,10.46500015258789,0,0.0,0.0
2024-10-28 00:00:00-04:00,10.446999549865723,10.470000267028809,10.446999549865723,10.470000267028809,7800,0.0,0.0
2024-10-29 00:00:00-04:00,10.470000267028809,10.470000267028809,10.470000267028809,10.470000267028809,4400,0.0,0.0
2024-10-30 00:00:00-04:00,10.479999542236328,10.486000061035156,10.479999542236328,10.486000061035156,1300,0.0,0.0
2024-10-31 00:00:00-04:00,10.489999771118164,10.5,10.479999542236328,10.5,81800,0.0,0.0
2024-11-01 00:00:00-04:00,10.479000091552734,10.479999542236328,10.479000091552734,10.479999542236328,1000,0.0,0.0
2024-11-04 00:00:00-05:00,10.470000267028809,10.479999542236328,10.470000267028809,10.479999542236328,8700,0.0,0.0
2024-11-05 00:00:00-05:00,10.479999542236328,10.479999542236328,10.479999542236328,10.479999542236328,11400,0.0,0.0
2024-11-06 00:00:00-05:00,10.5,10.5,10.489999771118164,10.489999771118164,600,0.0,0.0
2024-11-07 00:00:00-05:00,10.489999771118164,10.494999885559082,10.489999771118164,10.494999885559082,1700,0.0,0.0
2024-11-08 00:00:00-05:00,10.494999885559082,10.5,10.494999885559082,10.5,3100,0.0,0.0
2024-11-11 00:00:00-05:00,10.494999885559082,10.494999885559082,10.489999771118164,10.489999771118164,81500,0.0,0.0
2024-11-12 00:00:00-05:00,10.494999885559082,10.5,10.494999885559082,10.494999885559082,51300,0.0,0.0
2024-11-13 00:00:00-05:00,10.494999885559082,10.494999885559082,10.494999885559082,10.494999885559082,0,0.0,0.0
2024-11-14 00:00:00-05:00,10.5,10.5,10.5,10.5,3500,0.0,0.0
2024-11-15 00:00:00-05:00,10.489999771118164,10.5,10.489999771118164,10.5,57700,0.0,0.0
2024-11-18 00:00:00-05:00,10.489999771118164,10.5,10.489999771118164,10.5,1300,0.0,0.0
2024-11-19 00:00:00-05:00,10.50100040435791,10.50100040435791,10.5,10.5,7900,0.0,0.0
2024-11-20 00:00:00-05:00,10.505000114440918,10.505000114440918,10.5,10.5,6200,0.0,0.0
2024-11-21 00:00:00-05:00,10.510000228881836,10.510000228881836,10.5,10.5,101700,0.0,0.0
2024-11-22 00:00:00-05:00,10.5,10.510000228881836,10.5,10.5,23200,0.0,0.0
2024-11-25 00:00:00-05:00,10.505000114440918,10.510000228881836,10.505000114440918,10.505000114440918,6800,0.0,0.0
2024-11-26 00:00:00-05:00,10.529999732971191,10.53600025177002,10.520000457763672,10.52299976348877,2000,0.0,0.0
2024-11-27 00:00:00-05:00,10.520000457763672,10.52400016784668,10.520000457763672,10.52400016784668,1500,0.0,0.0
2024-11-29 00:00:00-05:00,10.52400016784668,10.52400016784668,10.52400016784668,10.52400016784668,0,0.0,0.0
2024-12-02 00:00:00-05:00,10.52299976348877,10.52299976348877,10.52299976348877,10.52299976348877,1800,0.0,0.0
2024-12-03 00:00:00-05:00,10.529999732971191,10.529999732971191,10.527000427246094,10.527000427246094,800,0.0,0.0
2024-12-04 00:00:00-05:00,10.524999618530273,10.529999732971191,10.524999618530273,10.529999732971191,19100,0.0,0.0
2024-12-05 00:00:00-05:00,10.529999732971191,10.529999732971191,10.529999732971191,10.529999732971191,0,0.0,0.0
2024-12-06 00:00:00-05:00,10.539999961853027,10.539999961853027,10.539999961853027,10.539999961853027,2900,0.0,0.0
2024-12-09 00:00:00-05:00,10.539999961853027,10.539999961853027,10.539999961853027,10.539999961853027,0,0.0,0.0
2024-12-10 00:00:00-05:00,10.539999961853027,10.539999961853027,10.539999961853027,10.539999961853027,1800,0.0,0.0
2024-12-11 00:00:00-05:00,10.539999961853027,10.539999961853027,10.539999961853027,10.539999961853027,2000,0.0,0.0
2024-12-12 00:00:00-05:00,10.550000190734863,10.550000190734863,10.545000076293945,10.545000076293945,1200,0.0,0.0
2024-12-13 00:00:00-05:00,10.569999694824219,10.600000381469727,10.569999694824219,10.57699966430664,5000,0.0,0.0
2024-12-16 00:00:00-05:00,10.545000076293945,10.59000015258789,10.545000076293945,10.59000015258789,73300,0.0,0.0
2024-12-17 00:00:00-05:00,10.579999923706055,10.579999923706055,10.529999732971191,10.529999732971191,125400,0.0,0.0
2024-12-18 00:00:00-05:00,10.529999732971191,10.529999732971191,10.529999732971191,10.529999732971191,0,0.0,0.0
2024-12-19 00:00:00-05:00,10.564000129699707,10.564000129699707,10.564000129699707,10.564000129699707,1300,0.0,0.0
2024-12-20 00:00:00-05:00,10.569999694824219,10.569999694824219,10.529999732971191,10.539999961853027,23400,0.0,0.0
2024-12-23 00:00:00-05:00,10.557000160217285,10.5600004196167,10.550000190734863,10.550000190734863,6100,0.0,0.0
2024-12-24 00:00:00-05:00,10.550000190734863,10.550000190734863,10.539999961853027,10.550000190734863,19900,0.0,0.0
2024-12-26 00:00:00-05:00,10.5600004196167,10.5600004196167,10.529999732971191,10.550000190734863,554600,0.0,0.0
2024-12-27 00:00:00-05:00,10.557000160217285,10.586999893188477,10.539999961853027,10.550000190734863,1300,0.0,0.0
2024-12-30 00:00:00-05:00,10.579999923706055,10.579999923706055,10.550000190734863,10.579999923706055,3800,0.0,0.0
2024-12-31 00:00:00-05:00,10.550000190734863,10.550000190734863,10.550000190734863,10.550000190734863,600,0.0,0.0
2025-01-02 00:00:00-05:00,10.5,11.550000190734863,10.5,10.579999923706055,14400,0.0,0.0
2025-01-03 00:00:00-05:00,10.600000381469727,10.600000381469727,10.550000190734863,10.550000190734863,1200,0.0,0.0
2025-01-06 00:00:00-05:00,10.630000114440918,10.630000114440918,10.550000190734863,10.550000190734863,1500,0.0,0.0
2025-01-07 00:00:00-05:00,10.550000190734863,10.550000190734863,10.550000190734863,10.550000190734863,400,0.0,0.0
2025-01-08 00:00:00-05:00,10.550000190734863,10.585000038146973,10.550000190734863,10.550000190734863,3900,0.0,0.0
2025-01-10 00:00:00-05:00,10.550000190734863,10.550000190734863,10.550000190734863,10.550000190734863,300,0.0,0.0
2025-01-13 00:00:00-05:00,10.550000190734863,10.550000190734863,10.550000190734863,10.550000190734863,200,0.0,0.0
2025-01-14 00:00:00-05:00,10.550000190734863,10.550000190734863,10.550000190734863,10.550000190734863,600,0.0,0.0
2025-01-15 00:00:00-05:00,10.572999954223633,10.630000114440918,10.572999954223633,10.630000114440918,9300,0.0,0.0
2025-01-16 00:00:00-05:00,10.640000343322754,10.640000343322754,10.569999694824219,10.569999694824219,47600,0.0,0.0
2025-01-17 00:00:00-05:00,10.569999694824219,10.569999694824219,10.569999694824219,10.569999694824219,0,0.0,0.0
2025-01-21 00:00:00-05:00,10.609999656677246,10.609999656677246,10.569999694824219,10.609999656677246,2600,0.0,0.0
2025-01-22 00:00:00-05:00,10.609999656677246,10.609999656677246,10.609999656677246,10.609999656677246,0,0.0,0.0
2025-01-23 00:00:00-05:00,10.569999694824219,10.619999885559082,10.569999694824219,10.569999694824219,1700,0.0,0.0
2025-01-24 00:00:00-05:00,10.5600004196167,10.609999656677246,10.5600004196167,10.5600004196167,400,0.0,0.0
2025-01-27 00:00:00-05:00,10.5600004196167,10.739999771118164,10.5600004196167,10.609999656677246,21400,0.0,0.0
2025-01-28 00:00:00-05:00,10.75,10.75,10.75,10.75,300,0.0,0.0
2025-01-29 00:00:00-05:00,10.630000114440918,10.630000114440918,10.630000114440918,10.630000114440918,1300,0.0,0.0
2025-01-30 00:00:00-05:00,10.59000015258789,10.609999656677246,10.59000015258789,10.609999656677246,300,0.0,0.0
2025-01-31 00:00:00-05:00,10.579999923706055,10.59000015258789,10.579999923706055,10.59000015258789,200,0.0,0.0
2025-02-03 00:00:00-05:00,10.590999603271484,10.590999603271484,10.510000228881836,10.510000228881836,800,0.0,0.0
2025-02-04 00:00:00-05:00,10.5,10.550000190734863,10.5,10.529999732971191,3100,0.0,0.0
2025-02-05 00:00:00-05:00,10.6899995803833,10.6899995803833,10.6899995803833,10.6899995803833,200,0.0,0.0
2025-02-06 00:00:00-05:00,10.579999923706055,10.579999923706055,10.529999732971191,10.529999732971191,200,0.0,0.0
2025-02-07 00:00:00-05:00,10.630000114440918,10.630000114440918,10.630000114440918,10.630000114440918,100,0.0,0.0
2025-02-10 00:00:00-05:00,10.630000114440918,10.630000114440918,10.630000114440918,10.630000114440918,4500,0.0,0.0
2025-02-11 00:00:00-05:00,10.699999809265137,10.710000038146973,10.619999885559082,10.619999885559082,50000,0.0,0.0
2025-02-12 00:00:00-05:00,10.699999809265137,10.699999809265137,10.699999809265137,10.699999809265137,100,0.0,0.0
2025-02-13 00:00:00-05:00,10.699999809265137,10.699999809265137,10.699999809265137,10.699999809265137,0,0.0,0.0
2025-02-14 00:00:00-05:00,10.699999809265137,10.699999809265137,10.699999809265137,10.699999809265137,0,0.0,0.0
2025-02-18 00:00:00-05:00,10.699999809265137,10.699999809265137,10.699999809265137,10.699999809265137,0,0.0,0.0
2025-02-19 00:00:00-05:00,10.699999809265137,10.699999809265137,10.699999809265137,10.699999809265137,0,0.0,0.0
2025-02-20 00:00:00-05:00,10.699999809265137,10.699999809265137,10.699999809265137,10.699999809265137,0,0.0,0.0
2025-02-21 00:00:00-05:00,10.699999809265137,10.699999809265137,10.699999809265137,10.699999809265137,0,0.0,0.0
2025-02-24 00:00:00-05:00,10.699999809265137,10.699999809265137,10.699999809265137,10.699999809265137,1200,0.0,0.0
2025-02-25 00:00:00-05:00,10.699999809265137,10.699999809265137,10.699999809265137,10.699999809265137,0,0.0,0.0
2025-02-26 00:00:00-05:00,10.699999809265137,10.699999809265137,10.630000114440918,10.699999809265137,800,0.0,0.0
2025-02-27 00:00:00-05:00,10.640000343322754,10.670000076293945,10.640000343322754,10.670000076293945,1000,0.0,0.0
2025-02-28 00:00:00-05:00,10.699999809265137,10.699999809265137,10.699999809265137,10.699999809265137,700,0.0,0.0
2025-03-03 00:00:00-05:00,10.699999809265137,10.699999809265137,10.699999809265137,10.699999809265137,0,0.0,0.0
2025-03-04 00:00:00-05:00,10.699999809265137,10.699999809265137,10.699999809265137,10.699999809265137,0,0.0,0.0
2025-03-05 00:00:00-05:00,10.699999809265137,10.699999809265137,10.699999809265137,10.699999809265137,0,0.0,0.0
2025-03-06 00:00:00-05:00,10.619999885559082,10.619999885559082,10.619999885559082,10.619999885559082,323300,0.0,0.0
2025-03-07 00:00:00-05:00,10.649999618530273,10.670000076293945,10.649999618530273,10.670000076293945,500,0.0,0.0
2025-03-10 00:00:00-04:00,10.630000114440918,10.630000114440918,10.59000015258789,10.59000015258789,6000,0.0,0.0
2025-03-11 00:00:00-04:00,10.670000076293945,10.670000076293945,10.670000076293945,10.670000076293945,100,0.0,0.0
2025-03-12 00:00:00-04:00,10.670000076293945,10.670000076293945,10.670000076293945,10.670000076293945,0,0.0,0.0
2025-03-13 00:00:00-04:00,10.670000076293945,10.670000076293945,10.670000076293945,10.670000076293945,0,0.0,0.0
2025-03-14 00:00:00-04:00,10.670000076293945,10.670000076293945,10.670000076293945,10.670000076293945,0,0.0,0.0
2025-03-17 00:00:00-04:00,10.670000076293945,10.670000076293945,10.670000076293945,10.670000076293945,0,0.0,0.0
2025-03-18 00:00:00-04:00,10.670000076293945,10.670000076293945,10.670000076293945,10.670000076293945,0,0.0,0.0
2025-03-19 00:00:00-04:00,10.670000076293945,10.670000076293945,10.670000076293945,10.670000076293945,5100,0.0,0.0
2025-03-20 00:00:00-04:00,10.75,10.75,10.75,10.75,700,0.0,0.0
2025-03-21 00:00:00-04:00,10.819999694824219,10.819999694824219,10.65999984741211,10.770000457763672,700,0.0,0.0
2025-03-24 00:00:00-04:00,10.770000457763672,10.770000457763672,10.770000457763672,10.770000457763672,0,0.0,0.0
2025-03-25 00:00:00-04:00,10.770000457763672,10.770000457763672,10.770000457763672,10.770000457763672,0,0.0,0.0
2025-03-26 00:00:00-04:00,10.670000076293945,10.760000228881836,10.670000076293945,10.760000228881836,600,0.0,0.0
2025-03-27 00:00:00-04:00,10.760000228881836,10.760000228881836,10.760000228881836,10.760000228881836,0,0.0,0.0
2025-03-28 00:00:00-04:00,10.699999809265137,10.770000457763672,10.670000076293945,10.770000457763672,165500,0.0,0.0
2025-03-31 00:00:00-04:00,10.770000457763672,10.770000457763672,10.770000457763672,10.770000457763672,0,0.0,0.0
2025-04-01 00:00:00-04:00,10.770000457763672,10.770000457763672,10.770000457763672,10.770000457763672,0,0.0,0.0
2025-04-02 00:00:00-04:00,10.770000457763672,10.770000457763672,10.770000457763672,10.770000457763672,0,0.0,0.0
2025-04-03 00:00:00-04:00,10.770000457763672,10.770000457763672,10.770000457763672,10.770000457763672,0,0.0,0.0
2025-04-04 00:00:00-04:00,10.770000457763672,10.770000457763672,10.770000457763672,10.770000457763672,0,0.0,0.0
2025-04-07 00:00:00-04:00,10.680000305175781,10.680000305175781,10.680000305175781,10.680000305175781,200,0.0,0.0
2025-04-08 00:00:00-04:00,10.770000457763672,10.770000457763672,10.760000228881836,10.770000457763672,700,0.0,0.0
2025-04-09 00:00:00-04:00,10.670000076293945,10.670000076293945,10.670000076293945,10.670000076293945,100,0.0,0.0
2025-04-10 00:00:00-04:00,10.710000038146973,10.710000038146973,10.710000038146973,10.710000038146973,3400,0.0,0.0
2025-04-11 00:00:00-04:00,10.710000038146973,10.710000038146973,10.710000038146973,10.710000038146973,0,0.0,0.0
2025-04-14 00:00:00-04:00,10.710000038146973,10.710000038146973,10.710000038146973,10.710000038146973,0,0.0,0.0
2025-04-15 00:00:00-04:00,10.710000038146973,10.710000038146973,10.710000038146973,10.710000038146973,0,0.0,0.0
2025-04-16 00:00:00-04:00,10.710000038146973,10.710000038146973,10.710000038146973,10.710000038146973,0,0.0,0.0
2025-04-17 00:00:00-04:00,10.710000038146973,10.710000038146973,10.710000038146973,10.710000038146973,0,0.0,0.0
2025-04-21 00:00:00-04:00,10.710000038146973,10.720000267028809,10.710000038146973,10.720000267028809,4200,0.0,0.0
2025-04-22 00:00:00-04:00,10.720000267028809,10.720000267028809,10.720000267028809,10.720000267028809,0,0.0,0.0
2025-04-23 00:00:00-04:00,10.720000267028809,10.720000267028809,10.720000267028809,10.720000267028809,0,0.0,0.0
2025-04-24 00:00:00-04:00,10.720000267028809,10.720000267028809,10.720000267028809,10.720000267028809,0,0.0,0.0
2025-04-25 00:00:00-04:00,10.720000267028809,10.720000267028809,10.720000267028809,10.720000267028809,0,0.0,0.0
2025-04-28 00:00:00-04:00,10.720000267028809,10.720000267028809,10.720000267028809,10.720000267028809,0,0.0,0.0
2025-04-29 00:00:00-04:00,10.720000267028809,10.720000267028809,10.720000267028809,10.720000267028809,0,0.0,0.0
2025-04-30 00:00:00-04:00,10.720000267028809,10.720000267028809,10.720000267028809,10.720000267028809,0,0.0,0.0
2025-05-01 00:00:00-04:00,10.720000267028809,10.720000267028809,10.720000267028809,10.720000267028809,0,0.0,0.0
2025-05-02 00:00:00-04:00,10.720000267028809,10.720000267028809,10.720000267028809,10.720000267028809,0,0.0,0.0
2025-05-05 00:00:00-04:00,10.720000267028809,10.720000267028809,10.720000267028809,10.720000267028809,0,0.0,0.0
2025-05-06 00:00:00-04:00,10.720000267028809,10.720000267028809,10.720000267028809,10.720000267028809,0,0.0,0.0
2025-05-07 00:00:00-04:00,10.720000267028809,10.720000267028809,10.720000267028809,10.720000267028809,0,0.0,0.0
2025-05-08 00:00:00-04:00,10.720000267028809,10.720000267028809,10.720000267028809,10.720000267028809,0,0.0,0.0
2025-05-09 00:00:00-04:00,10.720000267028809,10.720000267028809,10.720000267028809,10.720000267028809,0,0.0,0.0
2025-05-12 00:00:00-04:00,10.720000267028809,10.720000267028809,10.720000267028809,10.720000267028809,0,0.0,0.0
2025-05-13 00:00:00-04:00,10.720000267028809,10.720000267028809,10.720000267028809,10.720000267028809,0,0.0,0.0
2025-05-14 00:00:00-04:00,10.720000267028809,10.720000267028809,10.720000267028809,10.720000267028809,0,0.0,0.0
2025-05-15 00:00:00-04:00,10.720000267028809,10.720000267028809,10.720000267028809,10.720000267028809,0,0.0,0.0
2025-05-16 00:00:00-04:00,10.720000267028809,10.720000267028809,10.720000267028809,10.720000267028809,0,0.0,0.0
2025-05-19 00:00:00-04:00,10.720000267028809,10.720000267028809,10.720000267028809,10.720000267028809,0,0.0,0.0
2025-05-20 00:00:00-04:00,10.699999809265137,10.699999809265137,10.699999809265137,10.699999809265137,1000,0.0,0.0
2025-05-21 00:00:00-04:00,10.699999809265137,10.699999809265137,10.699999809265137,10.699999809265137,0,0.0,0.0
2025-05-22 00:00:00-04:00,10.699999809265137,10.699999809265137,10.699999809265137,10.699999809265137,0,0.0,0.0
2025-05-23 00:00:00-04:00,10.699999809265137,10.699999809265137,10.699999809265137,10.699999809265137,0,0.0,0.0
2025-05-27 00:00:00-04:00,10.699999809265137,10.699999809265137,10.699999809265137,10.699999809265137,0,0.0,0.0
2025-05-28 00:00:00-04:00,10.699999809265137,10.699999809265137,10.699999809265137,10.699999809265137,0,0.0,0.0
2025-05-29 00:00:00-04:00,10.699999809265137,10.699999809265137,10.699999809265137,10.699999809265137,0,0.0,0.0
2025-05-30 00:00:00-04:00,10.699999809265137,10.699999809265137,10.699999809265137,10.699999809265137,0,0.0,0.0
2025-06-02 00:00:00-04:00,10.699999809265137,10.699999809265137,10.699999809265137,10.699999809265137,0,0.0,0.0
2025-06-03 00:00:00-04:00,10.699999809265137,10.699999809265137,10.699999809265137,10.699999809265137,0,0.0,0.0
2025-06-04 00:00:00-04:00,10.699999809265137,10.699999809265137,10.699999809265137,10.699999809265137,0,0.0,0.0
2025-06-05 00:00:00-04:00,10.84000015258789,10.859999656677246,10.84000015258789,10.859999656677246,300,0.0,0.0
2025-06-06 00:00:00-04:00,10.859999656677246,10.859999656677246,10.859999656677246,10.859999656677246,0,0.0,0.0
2025-06-09 00:00:00-04:00,10.859999656677246,10.859999656677246,10.859999656677246,10.859999656677246,0,0.0,0.0
2025-06-10 00:00:00-04:00,10.859999656677246,10.859999656677246,10.859999656677246,10.859999656677246,0,0.0,0.0
2025-06-11 00:00:00-04:00,10.859999656677246,10.859999656677246,10.859999656677246,10.859999656677246,0,0.0,0.0
2025-06-12 00:00:00-04:00,10.859999656677246,10.859999656677246,10.859999656677246,10.859999656677246,0,0.0,0.0
2025-06-13 00:00:00-04:00,10.859999656677246,10.859999656677246,10.859999656677246,10.859999656677246,0,0.0,0.0
2025-06-16 00:00:00-04:00,10.859999656677246,10.859999656677246,10.859999656677246,10.859999656677246,0,0.0,0.0
2025-06-17 00:00:00-04:00,10.859999656677246,10.859999656677246,10.859999656677246,10.859999656677246,0,0.0,0.0
2025-06-18 00:00:00-04:00,10.859999656677246,10.859999656677246,10.859999656677246,10.859999656677246,0,0.0,0.0
2025-06-20 00:00:00-04:00,10.859999656677246,10.859999656677246,10.859999656677246,10.859999656677246,0,0.0,0.0
2025-06-23 00:00:00-04:00,10.859999656677246,10.859999656677246,10.859999656677246,10.859999656677246,0,0.0,0.0
2025-06-24 00:00:00-04:00,10.859999656677246,10.859999656677246,10.859999656677246,10.859999656677246,0,0.0,0.0
2025-06-25 00:00:00-04:00,10.859999656677246,10.859999656677246,10.859999656677246,10.859999656677246,0,0.0,0.0
2025-06-26 00:00:00-04:00,10.859999656677246,10.859999656677246,10.859999656677246,10.859999656677246,0,0.0,0.0
2025-06-27 00:00:00-04:00,10.859999656677246,10.859999656677246,10.859999656677246,10.859999656677246,0,0.0,0.0
2025-06-30 00:00:00-04:00,10.859999656677246,10.880000114440918,10.795000076293945,10.859999656677246,12400,0.0,0.0
2025-07-01 00:00:00-04:00,10.859999656677246,10.859999656677246,10.859999656677246,10.859999656677246,0,0.0,0.0
2025-07-02 00:00:00-04:00,10.890000343322754,10.930000305175781,10.890000343322754,10.930000305175781,300,0.0,0.0
2025-07-03 00:00:00-04:00,10.930000305175781,10.930000305175781,10.930000305175781,10.930000305175781,0,0.0,0.0
2025-07-07 00:00:00-04:00,10.930000305175781,10.930000305175781,10.930000305175781,10.930000305175781,0,0.0,0.0
2025-07-08 00:00:00-04:00,10.989999771118164,11.0,10.979999542236328,11.0,4400,0.0,0.0
2025-07-09 00:00:00-04:00,11.0,11.0,11.0,11.0,0,0.0,0.0
2025-07-10 00:00:00-04:00,11.0,11.0,11.0,11.0,0,0.0,0.0
2025-07-11 00:00:00-04:00,12.09000015258789,12.09000015258789,11.029999732971191,11.029999732971191,400,0.0,0.0
2025-07-14 00:00:00-04:00,10.819999694824219,11.029999732971191,10.819999694824219,11.029999732971191,3100,0.0,0.0
2025-07-15 00:00:00-04:00,11.029999732971191,11.029999732971191,11.029999732971191,11.029999732971191,0,0.0,0.0
2025-07-16 00:00:00-04:00,11.029999732971191,11.029999732971191,11.029999732971191,11.029999732971191,0,0.0,0.0
2025-07-17 00:00:00-04:00,10.869999885559082,10.869999885559082,10.869999885559082,10.869999885559082,3700,0.0,0.0
2025-07-18 00:00:00-04:00,10.899999618530273,11.119999885559082,10.899999618530273,11.119999885559082,300,0.0,0.0
2025-07-21 00:00:00-04:00,11.119999885559082,11.119999885559082,11.119999885559082,11.119999885559082,0,0.0,0.0
2025-07-22 00:00:00-04:00,11.119999885559082,11.119999885559082,11.119999885559082,11.119999885559082,0,0.0,0.0
2025-07-23 00:00:00-04:00,11.119999885559082,11.119999885559082,11.119999885559082,11.119999885559082,0,0.0,0.0
2025-07-24 00:00:00-04:00,11.119999885559082,11.119999885559082,11.119999885559082,11.119999885559082,0,0.0,0.0
2025-07-25 00:00:00-04:00,11.119999885559082,11.119999885559082,11.119999885559082,11.119999885559082,0,0.0,0.0
2025-07-28 00:00:00-04:00,11.119999885559082,11.119999885559082,11.119999885559082,11.119999885559082,0,0.0,0.0
2025-07-29 00:00:00-04:00,11.119999885559082,11.119999885559082,11.119999885559082,11.119999885559082,0,0.0,0.0
2025-07-30 00:00:00-04:00,11.119999885559082,11.119999885559082,11.119999885559082,11.119999885559082,0,0.0,0.0
2025-07-31 00:00:00-04:00,11.119999885559082,11.119999885559082,11.119999885559082,11.119999885559082,0,0.0,0.0
2025-08-01 00:00:00-04:00,11.119999885559082,11.119999885559082,11.119999885559082,11.119999885559082,0,0.0,0.0
2025-08-04 00:00:00-04:00,11.119999885559082,11.119999885559082,11.119999885559082,11.119999885559082,0,0.0,0.0
2025-08-05 00:00:00-04:00,11.119999885559082,11.119999885559082,11.119999885559082,11.119999885559082,0,0.0,0.0
2025-08-06 00:00:00-04:00,11.119999885559082,11.119999885559082,11.119999885559082,11.119999885559082,0,0.0,0.0
2025-08-07 00:00:00-04:00,11.119999885559082,11.119999885559082,11.119999885559082,11.119999885559082,0,0.0,0.0
2025-08-08 00:00:00-04:00,11.119999885559082,11.119999885559082,11.119999885559082,11.119999885559082,0,0.0,0.0
2025-08-11 00:00:00-04:00,11.119999885559082,11.119999885559082,11.119999885559082,11.119999885559082,0,0.0,0.0
2025-08-12 00:00:00-04:00,11.119999885559082,11.119999885559082,11.119999885559082,11.119999885559082,0,0.0,0.0
2025-08-13 00:00:00-04:00,11.119999885559082,11.119999885559082,11.119999885559082,11.119999885559082,0,0.0,0.0
2025-08-14 00:00:00-04:00,11.119999885559082,11.119999885559082,11.119999885559082,11.119999885559082,0,0.0,0.0
2025-08-15 00:00:00-04:00,11.119999885559082,11.119999885559082,11.119999885559082,11.119999885559082,0,0.0,0.0
2025-08-18 00:00:00-04:00,11.119999885559082,11.119999885559082,11.119999885559082,11.119999885559082,0,0.0,0.0
2025-08-19 00:00:00-04:00,11.119999885559082,11.119999885559082,11.119999885559082,11.119999885559082,0,0.0,0.0
2025-08-20 00:00:00-04:00,11.119999885559082,11.119999885559082,11.119999885559082,11.119999885559082,0,0.0,0.0
2025-08-21 00:00:00-04:00,11.119999885559082,11.119999885559082,11.119999885559082,11.119999885559082,0,0.0,0.0
2025-08-22 00:00:00-04:00,10.930000305175781,11.010000228881836,10.930000305175781,11.010000228881836,400,0.0,0.0
2025-08-25 00:00:00-04:00,11.1899995803833,11.1899995803833,11.1899995803833,11.1899995803833,100,0.0,0.0
2025-08-26 00:00:00-04:00,11.1899995803833,11.1899995803833,11.1899995803833,11.1899995803833,0,0.0,0.0
2025-08-27 00:00:00-04:00,11.1899995803833,11.1899995803833,11.1899995803833,11.1899995803833,0,0.0,0.0
2025-08-28 00:00:00-04:00,11.1899995803833,11.1899995803833,11.1899995803833,11.1899995803833,0,0.0,0.0
2025-08-29 00:00:00-04:00,11.1899995803833,11.1899995803833,11.1899995803833,11.1899995803833,0,0.0,0.0
2025-09-02 00:00:00-04:00,11.1899995803833,11.1899995803833,11.1899995803833,11.1899995803833,0,0.0,0.0
2025-09-03 00:00:00-04:00,11.1899995803833,11.1899995803833,11.1899995803833,11.1899995803833,0,0.0,0.0
2025-09-04 00:00:00-04:00,11.1899995803833,11.1899995803833,11.1899995803833,11.1899995803833,0,0.0,0.0
2025-09-05 00:00:00-04:00,11.1899995803833,11.1899995803833,11.1899995803833,11.1899995803833,0,0.0,0.0
2025-09-08 00:00:00-04:00,11.010000228881836,11.069999694824219,10.869999885559082,11.069999694824219,1300,0.0,0.0
2025-09-09 00:00:00-04:00,11.069999694824219,11.069999694824219,11.069999694824219,11.069999694824219,0,0.0,0.0
2025-09-10 00:00:00-04:00,11.069999694824219,11.069999694824219,11.069999694824219,11.069999694824219,0,0.0,0.0
2025-09-11 00:00:00-04:00,11.069999694824219,11.069999694824219,11.069999694824219,11.069999694824219,0,0.0,0.0
2025-09-12 00:00:00-04:00,11.069999694824219,11.069999694824219,11.069999694824219,11.069999694824219,0,0.0,0.0
2025-09-15 00:00:00-04:00,11.069999694824219,11.069999694824219,11.069999694824219,11.069999694824219,0,0.0,0.0
2025-09-16 00:00:00-04:00,11.069999694824219,11.069999694824219,11.069999694824219,11.069999694824219,0,0.0,0.0
2025-09-17 00:00:00-04:00,11.069999694824219,11.069999694824219,11.069999694824219,11.069999694824219,0,0.0,0.0
2025-09-18 00:00:00-04:00,10.869999885559082,11.180000305175781,10.869999885559082,11.180000305175781,1500,0.0,0.0
2025-09-19 00:00:00-04:00,11.180000305175781,11.180000305175781,11.180000305175781,11.180000305175781,0,0.0,0.0
2025-09-22 00:00:00-04:00,11.180000305175781,11.180000305175781,11.180000305175781,11.180000305175781,0,0.0,0.0
2025-09-23 00:00:00-04:00,11.180000305175781,11.180000305175781,11.180000305175781,11.180000305175781,0,0.0,0.0
2025-09-24 00:00:00-04:00,11.180000305175781,11.180000305175781,11.180000305175781,11.180000305175781,0,0.0,0.0
2025-09-25 00:00:00-04:00,11.180000305175781,11.180000305175781,11.180000305175781,11.180000305175781,0,0.0,0.0
2025-09-26 00:00:00-04:00,11.180000305175781,11.180000305175781,11.180000305175781,11.180000305175781,0,0.0,0.0
2025-09-29 00:00:00-04:00,11.180000305175781,11.180000305175781,11.180000305175781,11.180000305175781,0,0.0,0.0
2025-09-30 00:00:00-04:00,11.180000305175781,11.180000305175781,11.180000305175781,11.180000305175781,0,0.0,0.0
2025-10-01 00:00:00-04:00,11.180000305175781,11.180000305175781,11.180000305175781,11.180000305175781,0,0.0,0.0
2025-10-02 00:00:00-04:00,11.180000305175781,11.180000305175781,11.180000305175781,11.180000305175781,0,0.0,0.0
2025-10-03 00:00:00-04:00,11.180000305175781,11.180000305175781,11.180000305175781,11.180000305175781,0,0.0,0.0
2025-10-06 00:00:00-04:00,11.180000305175781,11.180000305175781,11.180000305175781,11.180000305175781,0,0.0,0.0
2025-10-07 00:00:00-04:00,11.180000305175781,11.180000305175781,11.180000305175781,11.180000305175781,0,0.0,0.0
2025-10-08 00:00:00-04:00,11.180000305175781,11.180000305175781,11.180000305175781,11.180000305175781,0,0.0,0.0
2025-10-09 00:00:00-04:00,11.180000305175781,11.180000305175781,11.180000305175781,11.180000305175781,0,0.0,0.0
2025-10-10 00:00:00-04:00,11.180000305175781,11.180000305175781,11.180000305175781,11.180000305175781,0,0.0,0.0
2025-10-13 00:00:00-04:00,11.180000305175781,11.180000305175781,11.180000305175781,11.180000305175781,0,0.0,0.0
2025-10-14 00:00:00-04:00,11.180000305175781,11.180000305175781,11.180000305175781,11.180000305175781,0,0.0,0.0
2025-10-15 00:00:00-04:00,11.180000305175781,11.180000305175781,11.180000305175781,11.180000305175781,0,0.0,0.0
2025-10-16 00:00:00-04:00,11.390000343322754,11.390000343322754,11.390000343322754,11.390000343322754,200,0.0,0.0
2025-10-17 00:00:00-04:00,11.390000343322754,11.390000343322754,11.390000343322754,11.390000343322754,0,0.0,0.0
2025-10-20 00:00:00-04:00,11.390000343322754,11.390000343322754,11.390000343322754,11.390000343322754,0,0.0,0.0
2025-10-21 00:00:00-04:00,11.390000343322754,11.390000343322754,11.390000343322754,11.390000343322754,0,0.0,0.0
2025-10-22 00:00:00-04:00,11.390000343322754,11.390000343322754,11.390000343322754,11.390000343322754,0,0.0,0.0
2025-10-23 00:00:00-04:00,11.210000038146973,11.4399995803833,11.079999923706055,11.430000305175781,4500,0.0,0.0
2025-10-24 00:00:00-04:00,11.430000305175781,11.430000305175781,11.430000305175781,11.430000305175781,0,0.0,0.0
2025-10-27 00:00:00-04:00,11.199999809265137,11.390000343322754,11.199999809265137,11.300000190734863,1500,0.0,0.0
2025-10-28 00:00:00-04:00,11.359999656677246,11.449999809265137,11.300000190734863,11.329999923706055,3300,0.0,0.0
2025-10-29 00:00:00-04:00,11.390000343322754,11.390000343322754,11.109999656677246,11.289999961853027,2800,0.0,0.0
2025-10-30 00:00:00-04:00,11.329999923706055,11.449999809265137,11.0600004196167,11.319999694824219,9900,0.0,0.0
2025-10-31 00:00:00-04:00,11.300000190734863,11.359999656677246,11.25,11.279999732971191,1800,0.0,0.0
2025-11-03 00:00:00-05:00,11.279999732971191,11.279999732971191,11.279999732971191,11.279999732971191,0,0.0,0.0
2025-11-04 00:00:00-05:00,11.390000343322754,11.390000343322754,11.390000343322754,11.390000343322754,100,0.0,0.0
2025-11-05 00:00:00-05:00,11.180000305175781,11.180000305175781,11.0600004196167,11.0600004196167,1500,0.0,0.0
2025-11-06 00:00:00-05:00,11.449999809265137,11.449999809265137,11.0600004196167,11.0600004196167,1600,0.0,0.0
2025-11-07 00:00:00-05:00,11.449999809265137,11.449999809265137,11.449999809265137,11.449999809265137,300,0.0,0.0
2025-11-10 00:00:00-05:00,11.449999809265137,11.449999809265137,11.449999809265137,11.449999809265137,0,0.0,0.0
2025-11-11 00:00:00-05:00,11.449999809265137,11.449999809265137,11.449999809265137,11.449999809265137,0,0.0,0.0
2025-11-12 00:00:00-05:00,11.449999809265137,11.449999809265137,11.449999809265137,11.449999809265137,0,0.0,0.0
2025-11-13 00:00:00-05:00,11.449999809265137,11.449999809265137,11.449999809265137,11.449999809265137,0,0.0,0.0
2025-11-14 00:00:00-05:00,11.449999809265137,11.449999809265137,11.449999809265137,11.449999809265137,0,0.0,0.0
2025-11-17 00:00:00-05:00,11.449999809265137,11.449999809265137,11.449999809265137,11.449999809265137,0,0.0,0.0
2025-11-18 00:00:00-05:00,11.25,11.479999542236328,11.020000457763672,11.460000038146973,4800,0.0,0.0
2025-11-19 00:00:00-05:00,11.460000038146973,11.460000038146973,11.460000038146973,11.460000038146973,0,0.0,0.0
2025-11-20 00:00:00-05:00,11.460000038146973,11.460000038146973,11.460000038146973,11.460000038146973,0,0.0,0.0
2025-11-21 00:00:00-05:00,11.460000038146973,11.460000038146973,11.460000038146973,11.460000038146973,0,0.0,0.0
2025-11-24 00:00:00-05:00,11.460000038146973,11.460000038146973,11.460000038146973,11.460000038146973,0,0.0,0.0
2025-11-25 00:00:00-05:00,11.460000038146973,11.460000038146973,11.460000038146973,11.460000038146973,0,0.0,0.0
2025-11-26 00:00:00-05:00,11.460000038146973,11.460000038146973,11.460000038146973,11.460000038146973,0,0.0,0.0
2025-11-28 00:00:00-05:00,11.460000038146973,11.460000038146973,11.460000038146973,11.460000038146973,0,0.0,0.0
2025-12-01 00:00:00-05:00,11.170000076293945,11.380000114440918,11.050000190734863,11.050000190734863,1700,0.0,0.0
2025-12-02 00:00:00-05:00,11.100000381469727,11.670000076293945,11.029999732971191,11.369999885559082,5100,0.0,0.0
2025-12-03 00:00:00-05:00,11.369999885559082,11.369999885559082,11.369999885559082,11.369999885559082,0,0.0,0.0
2025-12-04 00:00:00-05:00,11.020000457763672,11.350000381469727,11.020000457763672,11.350000381469727,400,0.0,0.0
2025-12-05 00:00:00-05:00,11.350000381469727,11.350000381469727,11.350000381469727,11.350000381469727,0,0.0,0.0
2025-12-08 00:00:00-05:00,11.350000381469727,11.350000381469727,11.350000381469727,11.350000381469727,0,0.0,0.0
2025-12-09 00:00:00-05:00,11.109999656677246,11.460000038146973,11.039999961853027,11.281000137329102,1400,0.0,0.0
2025-12-10 00:00:00-05:00,11.4399995803833,11.4399995803833,11.199999809265137,11.350000381469727,8000,0.0,0.0
2025-12-11 00:00:00-05:00,11.350000381469727,11.350000381469727,11.350000381469727,11.350000381469727,0,0.0,0.0
2025-12-12 00:00:00-05:00,11.229999542236328,11.350000381469727,11.199999809265137,11.350000381469727,4300,0.0,0.0
2025-12-15 00:00:00-05:00,11.350000381469727,11.350000381469727,11.234999656677246,11.25,900,0.0,0.0
2025-12-16 00:00:00-05:00,11.270000457763672,11.329999923706055,11.100000381469727,11.199999809265137,2200,0.0,0.0
2025-12-17 00:00:00-05:00,11.270000457763672,11.270000457763672,11.199999809265137,11.25,800,0.0,0.0
2025-12-18 00:00:00-05:00,11.25,11.34000015258789,11.199999809265137,11.34000015258789,2200,0.0,0.0
2025-12-19 00:00:00-05:00,11.34000015258789,11.34000015258789,11.34000015258789,11.34000015258789,0,0.0,0.0
2025-12-22 00:00:00-05:00,11.34000015258789,11.34000015258789,11.34000015258789,11.34000015258789,0,0.0,0.0
2025-12-23 00:00:00-05:00,11.34000015258789,11.34000015258789,11.34000015258789,11.34000015258789,0,0.0,0.0
2025-12-24 00:00:00-05:00,11.34000015258789,11.34000015258789,11.34000015258789,11.34000015258789,0,0.0,0.0
2025-12-26 00:00:00-05:00,11.270000457763672,11.270000457763672,11.225000381469727,11.225000381469727,700,0.0,0.0
2025-12-29 00:00:00-05:00,11.220000267028809,11.220000267028809,11.21500015258789,11.21500015258789,1100,0.0,0.0
2025-12-30 00:00:00-05:00,11.489999771118164,11.489999771118164,11.15999984741211,11.15999984741211,2600,0.0,0.0
2025-12-31 00:00:00-05:00,11.670000076293945,11.670000076293945,11.149999618530273,11.350000381469727,1400,0.0,0.0
2026-01-02 00:00:00-05:00,11.350000381469727,11.350000381469727,11.350000381469727,11.350000381469727,0,0.0,0.0
2026-01-05 00:00:00-05:00,11.359999656677246,11.359999656677246,11.359999656677246,11.359999656677246,300,0.0,0.0
2026-01-06 00:00:00-05:00,11.359999656677246,11.359999656677246,11.359999656677246,11.359999656677246,0,0.0,0.0
2026-01-07 00:00:00-05:00,11.359999656677246,11.359999656677246,11.359999656677246,11.359999656677246,0,0.0,0.0
2026-01-08 00:00:00-05:00,11.359999656677246,11.645000457763672,11.300000190734863,11.319999694824219,2300,0.0,0.0
2026-01-09 00:00:00-05:00,11.319999694824219,11.319999694824219,11.319999694824219,11.319999694824219,0,0.0,0.0
2026-01-12 00:00:00-05:00,11.319999694824219,11.319999694824219,11.319999694824219,11.319999694824219,0,0.0,0.0
2026-01-13 00:00:00-05:00,11.989999771118164,13.069999694824219,11.0600004196167,11.324999809265137,122100,0.0,0.0
2026-01-14 00:00:00-05:00,11.5,11.5,11.5,11.5,800,0.0,0.0
2026-01-15 00:00:00-05:00,11.470000267028809,11.729999542236328,11.404999732971191,11.6899995803833,28000,0.0,0.0
2026-01-16 00:00:00-05:00,11.510000228881836,11.510000228881836,11.510000228881836,11.510000228881836,100,0.0,0.0
2026-01-20 00:00:00-05:00,11.510000228881836,11.510000228881836,11.510000228881836,11.510000228881836,200,0.0,0.0
2026-01-21 00:00:00-05:00,11.510000228881836,11.529999732971191,11.510000228881836,11.529999732971191,700,0.0,0.0
2026-01-22 00:00:00-05:00,11.529999732971191,11.979999542236328,11.229999542236328,11.5,10500,0.0,0.0
2026-01-23 00:00:00-05:00,11.5,11.5,11.5,11.5,100,0.0,0.0
2026-01-26 00:00:00-05:00,11.5,11.5,11.5,11.5,200,0.0,0.0
2026-01-27 00:00:00-05:00,11.5,11.5,11.5,11.5,0,0.0,0.0
2026-01-28 00:00:00-05:00,11.5,11.640000343322754,11.5,11.640000343322754,1700,0.0,0.0
2026-01-29 00:00:00-05:00,11.640000343322754,11.640000343322754,11.640000343322754,11.640000343322754,0,0.0,0.0
2026-01-30 00:00:00-05:00,11.640000343322754,11.640000343322754,11.640000343322754,11.640000343322754,0,0.0,0.0
2026-02-02 00:00:00-05:00,11.510000228881836,11.890000343322754,11.510000228881836,11.890000343322754,3400,0.0,0.0
2026-02-03 00:00:00-05:00,11.539999961853027,11.539999961853027,11.539999961853027,11.539999961853027,300,0.0,0.0
2026-02-04 00:00:00-05:00,11.539999961853027,11.539999961853027,11.539999961853027,11.539999961853027,0,0.0,0.0
2026-02-05 00:00:00-05:00,11.90999984741211,11.9399995803833,11.8100004196167,11.920000076293945,8400,0.0,0.0
2026-02-06 00:00:00-05:00,11.8100004196167,11.8100004196167,11.609999656677246,11.609999656677246,1600,0.0,0.0
2026-02-09 00:00:00-05:00,11.5600004196167,11.569999694824219,11.5600004196167,11.5600004196167,600,0.0,0.0
2026-02-10 00:00:00-05:00,11.510000228881836,11.510000228881836,11.489999771118164,11.489999771118164,500,0.0,0.0
2026-02-11 00:00:00-05:00,11.489999771118164,11.489999771118164,11.489999771118164,11.489999771118164,0,0.0,0.0
2026-02-12 00:00:00-05:00,11.5600004196167,11.5600004196167,11.5600004196167,11.5600004196167,200,0.0,0.0
2026-02-13 00:00:00-05:00,11.40999984741211,11.569999694824219,11.40999984741211,11.569999694824219,300,0.0,0.0
2026-02-17 00:00:00-05:00,11.569999694824219,11.569999694824219,11.569999694824219,11.569999694824219,0,0.0,0.0
2026-02-18 00:00:00-05:00,11.569999694824219,11.569999694824219,11.569999694824219,11.569999694824219,0,0.0,0.0
2026-02-19 00:00:00-05:00,11.569999694824219,11.569999694824219,11.569999694824219,11.569999694824219,0,0.0,0.0
2026-02-20 00:00:00-05:00,11.569999694824219,11.569999694824219,11.569999694824219,11.569999694824219,0,0.0,0.0
2026-02-23 00:00:00-05:00,11.569999694824219,11.569999694824219,11.569999694824219,11.569999694824219,0,0.0,0.0
2026-02-24 00:00:00-05:00,11.569999694824219,11.569999694824219,11.569999694824219,11.569999694824219,0,0.0,0.0
2026-02-25 00:00:00-05:00,11.569999694824219,11.569999694824219,11.569999694824219,11.569999694824219,0,0.0,0.0
2026-02-26 00:00:00-05:00,11.569999694824219,11.569999694824219,11.569999694824219,11.569999694824219,0,0.0,0.0
2026-02-27 00:00:00-05:00,11.6899995803833,11.6899995803833,11.6899995803833,11.6899995803833,200,0.0,0.0
2026-03-02 00:00:00-05:00,11.510000228881836,11.510000228881836,11.5,11.5,1400,0.0,0.0
2026-03-03 00:00:00-05:00,11.5,11.5,11.5,11.5,400,0.0,0.0
2026-03-04 00:00:00-05:00,11.3100004196167,11.3100004196167,11.3100004196167,11.3100004196167,1200,0.0,0.0
2026-03-05 00:00:00-05:00,11.579999923706055,11.579999923706055,11.289999961853027,11.5,900,0.0,0.0
2026-03-06 00:00:00-05:00,11.5,11.5,11.5,11.5,0,0.0,0.0
2026-03-09 00:00:00-04:00,11.399999618530273,11.789999961853027,11.399999618530273,11.789999961853027,7200,0.0,0.0
2026-03-10 00:00:00-04:00,11.510000228881836,11.545000076293945,11.5,11.545000076293945,26200,0.0,0.0
2026-03-11 00:00:00-04:00,11.545000076293945,11.545000076293945,11.545000076293945,11.545000076293945,0,0.0,0.0
2026-03-12 00:00:00-04:00,11.5,11.5,11.40999984741211,11.5,800,0.0,0.0
2026-03-13 00:00:00-04:00,11.5,11.5,11.5,11.5,0,0.0,0.0
2026-03-16 00:00:00-04:00,11.5,11.5,11.5,11.5,300,0.0,0.0
2026-03-17 00:00:00-04:00,11.3100004196167,11.3100004196167,11.3100004196167,11.3100004196167,2400,0.0,0.0
2026-03-18 00:00:00-04:00,11.5,11.5,11.5,11.5,200,0.0,0.0
2026-03-19 00:00:00-04:00,11.404999732971191,11.5,11.404999732971191,11.5,300,0.0,0.0
2026-03-20 00:00:00-04:00,11.5,11.5,11.5,11.5,0,0.0,0.0
2026-03-23 00:00:00-04:00,11.5,11.5,11.5,11.5,0,0.0,0.0
2026-03-24 00:00:00-04:00,11.539999961853027,11.550000190734863,11.5,11.5,700,0.0,0.0
2026-03-25 00:00:00-04:00,11.5,11.5,11.5,11.5,0,0.0,0.0
2026-03-26 00:00:00-04:00,11.3100004196167,11.5,11.3100004196167,11.5,1200,0.0,0.0
2026-03-27 00:00:00-04:00,11.645000457763672,11.645000457763672,11.645000457763672,11.645000457763672,900,0.0,0.0
2026-03-30 00:00:00-04:00,11.3100004196167,11.5,11.3100004196167,11.5,17900,0.0,0.0
2026-03-31 00:00:00-04:00,11.5,11.5,11.5,11.5,0,0.0,0.0
2026-04-01 00:00:00-04:00,11.5,11.5,11.5,11.5,0,0.0,0.0
2026-04-02 00:00:00-04:00,11.5,11.5,11.5,11.5,0,0.0,0.0
2026-04-06 00:00:00-04:00,11.5,11.5,11.5,11.5,0,0.0,0.0
2026-04-07 00:00:00-04:00,11.5,11.5,11.5,11.5,0,0.0,0.0
2026-04-08 00:00:00-04:00,11.319999694824219,11.5,11.3100004196167,11.5,1700,0.0,0.0
2026-04-09 00:00:00-04:00,11.5,11.5,11.5,11.5,100,0.0,0.0
2026-04-10 00:00:00-04:00,11.5,11.5,11.5,11.5,0,0.0,0.0
2026-04-13 00:00:00-04:00,11.5,11.5,11.5,11.5,0,0.0,0.0
2026-04-14 00:00:00-04:00,11.5,11.5,11.5,11.5,0,0.0,0.0
2026-04-15 00:00:00-04:00,11.529999732971191,11.550000190734863,11.529999732971191,11.529999732971191,1400,0.0,0.0
2026-04-16 00:00:00-04:00,11.510000228881836,11.510000228881836,11.510000228881836,11.510000228881836,200,0.0,0.0
2026-04-17 00:00:00-04:00,11.510000228881836,11.510000228881836,11.510000228881836,11.510000228881836,0,0.0,0.0
2026-04-20 00:00:00-04:00,11.510000228881836,11.510000228881836,11.510000228881836,11.510000228881836,0,0.0,0.0
2026-04-21 00:00:00-04:00,11.510000228881836,11.510000228881836,11.510000228881836,11.510000228881836,0,0.0,0.0
2026-04-22 00:00:00-04:00,11.510000228881836,11.510000228881836,11.510000228881836,11.510000228881836,0,0.0,0.0
2026-04-23 00:00:00-04:00,11.350000381469727,11.5,11.350000381469727,11.5,900,0.0,0.0
2026-04-24 00:00:00-04:00,11.5,11.5,11.5,11.5,0,0.0,0.0
2026-04-27 00:00:00-04:00,11.5,11.5,11.5,11.5,0,0.0,0.0
2026-04-28 00:00:00-04:00,11.5,11.5,11.5,11.5,0,0.0,0.0
2026-04-29 00:00:00-04:00,11.5,11.5,11.5,11.5,0,0.0,0.0
2026-04-30 00:00:00-04:00,11.5,11.5,11.5,11.5,0,0.0,0.0
2026-05-01 00:00:00-04:00,11.5,11.5,11.5,11.5,0,0.0,0.0
2026-05-04 00:00:00-04:00,11.5,11.5,11.5,11.5,0,0.0,0.0
2026-05-05 00:00:00-04:00,11.5,11.5,11.5,11.5,0,0.0,0.0
2026-05-06 00:00:00-04:00,11.5,11.5,11.5,11.5,0,0.0,0.0
2026-05-07 00:00:00-04:00,11.5,11.5,11.5,11.5,0,0.0,0.0
2026-05-08 00:00:00-04:00,11.5,11.5,11.5,11.5,0,0.0,0.0
2026-05-11 00:00:00-04:00,11.5,11.5,11.5,11.5,0,0.0,0.0
2026-05-12 00:00:00-04:00,11.5,11.5,11.5,11.5,0,0.0,0.0
2026-05-13 00:00:00-04:00,11.5,11.5,11.5,11.5,0,0.0,0.0
2026-05-14 00:00:00-04:00,11.5,11.5,11.5,11.5,0,0.0,0.0
2026-05-15 00:00:00-04:00,11.470000267028809,11.9399995803833,11.470000267028809,11.9399995803833,3500,0.0,0.0
2026-05-18 00:00:00-04:00,11.9399995803833,11.9399995803833,11.9399995803833,11.9399995803833,0,0.0,0.0
2026-05-19 00:00:00-04:00,11.9399995803833,11.9399995803833,11.9399995803833,11.9399995803833,0,0.0,0.0
2026-05-20 00:00:00-04:00,11.9399995803833,11.9399995803833,11.9399995803833,11.9399995803833,0,0.0,0.0
2026-05-21 00:00:00-04:00,11.9399995803833,11.9399995803833,11.9399995803833,11.9399995803833,0,0.0,0.0
2026-05-22 00:00:00-04:00,11.9399995803833,11.9399995803833,11.9399995803833,11.9399995803833,0,0.0,0.0
2026-05-26 00:00:00-04:00,11.9399995803833,11.9399995803833,11.9399995803833,11.9399995803833,0,0.0,0.0
2026-05-27 00:00:00-04:00,11.880000114440918,11.90999984741211,11.880000114440918,11.90999984741211,300,0.0,0.0
2026-05-28 00:00:00-04:00,11.694999694824219,11.8100004196167,11.694999694824219,11.710000038146973,500,0.0,0.0
2026-05-29 00:00:00-04:00,11.710000038146973,11.710000038146973,11.710000038146973,11.710000038146973,0,0.0,0.0
2026-06-01 00:00:00-04:00,11.710000038146973,11.710000038146973,11.710000038146973,11.710000038146973,0,0.0,0.0
2026-06-02 00:00:00-04:00,11.710000038146973,11.710000038146973,11.710000038146973,11.710000038146973,0,0.0,0.0
2026-06-03 00:00:00-04:00,11.710000038146973,11.710000038146973,11.710000038146973,11.710000038146973,0,0.0,0.0
2026-06-04 00:00:00-04:00,11.710000038146973,11.710000038146973,11.710000038146973,11.710000038146973,0,0.0,0.0
2026-06-05 00:00:00-04:00,11.970000267028809,11.970000267028809,11.970000267028809,11.970000267028809,200,0.0,0.0
2026-06-08 00:00:00-04:00,11.970000267028809,11.970000267028809,11.970000267028809,11.970000267028809,0,0.0,0.0
2026-06-09 00:00:00-04:00,11.970000267028809,11.970000267028809,11.970000267028809,11.970000267028809,0,0.0,0.0
2026-06-10 00:00:00-04:00,11.970000267028809,11.970000267028809,11.970000267028809,11.970000267028809,0,0.0,0.0
2026-06-11 00:00:00-04:00,11.970000267028809,11.970000267028809,11.970000267028809,11.970000267028809,0,0.0,0.0
2026-06-12 00:00:00-04:00,11.970000267028809,11.970000267028809,11.970000267028809,11.970000267028809,0,0.0,0.0
2026-06-15 00:00:00-04:00,11.970000267028809,11.970000267028809,11.970000267028809,11.970000267028809,0,0.0,0.0
2026-06-16 00:00:00-04:00,11.970000267028809,11.970000267028809,11.970000267028809,11.970000267028809,0,0.0,0.0
2026-06-17 00:00:00-04:00,11.970000267028809,11.970000267028809,11.970000267028809,11.970000267028809,0,0.0,0.0
2026-06-18 00:00:00-04:00,12.760000228881836,12.760000228881836,11.420000076293945,11.699999809265137,6100,0.0,0.0
2026-06-22 00:00:00-04:00,11.5,11.710000038146973,11.5,11.710000038146973,300,0.0,0.0
2026-06-23 00:00:00-04:00,11.979999542236328,11.979999542236328,11.979999542236328,11.979999542236328,400,0.0,0.0
2026-06-24 00:00:00-04:00,11.699999809265137,11.699999809265137,11.40999984741211,11.699999809265137,2100,0.0,0.0
2026-06-25 00:00:00-04:00,11.970000267028809,11.970000267028809,11.970000267028809,11.970000267028809,300,0.0,0.0
2026-06-26 00:00:00-04:00,11.970000267028809,11.970000267028809,11.970000267028809,11.970000267028809,0,0.0,0.0
2026-06-29 00:00:00-04:00,11.970000267028809,11.970000267028809,11.970000267028809,11.970000267028809,0,0.0,0.0
2026-06-30 00:00:00-04:00,11.970000267028809,11.970000267028809,11.970000267028809,11.970000267028809,0,0.0,0.0
2026-07-01 00:00:00-04:00,11.970000267028809,11.970000267028809,11.970000267028809,11.970000267028809,0,0.0,0.0
2026-07-02 00:00:00-04:00,11.970000267028809,11.970000267028809,11.970000267028809,11.970000267028809,0,0.0,0.0
2026-07-06 00:00:00-04:00,11.4399995803833,11.970000267028809,11.4399995803833,11.970000267028809,300,0.0,0.0
2026-07-07 00:00:00-04:00,11.970000267028809,11.970000267028809,11.970000267028809,11.970000267028809,0,0.0,0.0
2026-07-08 00:00:00-04:00,11.609999656677246,11.970000267028809,11.555000305175781,11.739999771118164,93800,0.0,0.0
2026-07-09 00:00:00-04:00,11.789999961853027,11.789999961853027,11.789999961853027,11.789999961853027,100,0.0,0.0
2026-07-10 00:00:00-04:00,11.819999694824219,11.84000015258789,11.819999694824219,11.84000015258789,1000,0.0,0.0
2026-07-13 00:00:00-04:00,11.739999771118164,11.739999771118164,11.720000267028809,11.739999771118164,1000,0.0,0.0
2026-07-14 00:00:00-04:00,11.739999771118164,11.739999771118164,11.739999771118164,11.739999771118164,0,0.0,0.0
2026-07-15 00:00:00-04:00,11.739999771118164,11.739999771118164,11.739999771118164,11.739999771118164,0,0.0,0.0
2026-07-16 00:00:00-04:00,11.739999771118164,11.739999771118164,11.739999771118164,11.739999771118164,0,0.0,0.0
2026-07-17 00:00:00-04:00,11.739999771118164,11.739999771118164,11.739999771118164,11.739999771118164,0,0.0,0.0
2026-07-20 00:00:00-04:00,11.739999771118164,11.739999771118164,11.739999771118164,11.739999771118164,0,0.0,0.0
2026-07-23 00:00:00-04:00,11.739999771118164,11.739999771118164,11.739999771118164,11.739999771118164,0,0.0,0.0
2026-07-24 00:00:00-04:00,11.739999771118164,11.739999771118164,11.739999771118164,11.739999771118164,0,0.0,0.0
2026-07-27 00:00:00-04:00,11.739999771118164,11.739999771118164,11.739999771118164,11.739999771118164,0,0.0,0.0
2026-07-28 00:00:00-04:00,11.739999771118164,11.739999771118164,11.739999771118164,11.739999771118164,0,0.0,0.0
2026-07-29 00:00:00-04:00,11.739999771118164,11.739999771118164,11.739999771118164,11.739999771118164,0,0.0,0.0
2026-07-30 00:00:00-04:00,11.739999771118164,11.739999771118164,11.739999771118164,11.739999771118164,0,0.0,0.0
2026-08-03 00:00:00-04:00,11.739999771118164,11.739999771118164,11.739999771118164,11.739999771118164,0,0.0,0.0
2026-08-04 00:00:00-04:00,11.739999771118164,11.739999771118164,11.739999771118164,11.739999771118164,0,0.0,0.0
2026-08-05 00:00:00-04:00,11.739999771118164,11.739999771118164,11.739999771118164,11.739999771118164,0,0.0,0.0
2026-08-06 00:00:00-04:00,11.739999771118164,11.739999771118164,11.739999771118164,11.739999771118164,0,0.0,0.0
2026-08-07 00:00:00-04:00,11.739999771118164,11.739999771118164,11.739999771118164,11.739999771118164,0,0.0,0.0
2026-08-10 00:00:00-04:00,11.739999771118164,11.739999771118164,11.739999771118164,11.739999771118164,0,0.0,0.0
2026-08-11 00:00:00-04:00,11.739999771118164,11.739999771118164,11.739999771118164,11.739999771118164,0,0.0,0.0
2026-08-12 00:00:00-04:00,11.739999771118164,11.739999771118164,11.739999771118164,11.739999771118164,0,0.0,0.0
2026-08-13 00:00:00-04:00,11.739999771118164,11.739999771118164,11.739999771118164,11.739999771118164,0,0.0,0.0
2026-08-14 00:00:00-04:00,11.739999771118164,11.739999771118164,11.739999771118164,11.739999771118164,0,0.0,0.0
2026-08-17 00:00:00-04:00,11.739999771118164,11.739999771118164,11.739999771118164,11.739999771118164,0,0.0,0.0
2026-08-18 00:00:00-04:00,11.739999771118164,11.739999771118164,11.739999771118164,11.739999771118164,0,0.0,0.0
